[{"r":"68","t":"05:21:00","h":"Est","s":"25N-H60N000S-80-S"},{"r":"68","t":"05:21:00","h":"Est","s":"25N-H60N000S-98-S"},{"r":"68","t":"05:21:00","h":"Est","s":"25N-H60NV10S-98-S"},{"r":"68","t":"05:21:00","h":"Est","s":"25N-H60NV20S-98-S"},{"r":"68","t":"05:21:00","h":"Est","s":"25S-H60S000S-80-S"},{"r":"68","t":"05:51:00","h":"Est","s":"25N-H60N000S-80-S"},{"r":"68","t":"05:51:00","h":"Est","s":"25N-H60N000S-98-S"},{"r":"68","t":"05:51:00","h":"Est","s":"25N-H60NV10S-98-S"},{"r":"68","t":"05:51:00","h":"Est","s":"25N-H60NV20S-98-S"},{"r":"68","t":"05:51:00","h":"Est","s":"25S-H60S000S-80-S"},{"r":"468","t":"06:01:00","h":"Est","s":"25N-H60N000S-80-S"},{"r":"468","t":"06:01:00","h":"Est","s":"25N-H60N000S-98-S"},{"r":"468","t":"06:01:00","h":"Est","s":"25N-H60NV10S-98-S"},{"r":"468","t":"06:01:00","h":"Est","s":"25N-H60NV20S-98-S"},{"r":"468","t":"06:01:00","h":"Est","s":"25S-H60S000S-80-S"},{"r":"468","t":"06:23:00","h":"Est","s":"25N-H60N000S-80-S"},{"r":"468","t":"06:23:00","h":"Est","s":"25N-H60N000S-98-S"},{"r":"468","t":"06:23:00","h":"Est","s":"25N-H60NV10S-98-S"},{"r":"468","t":"06:23:00","h":"Est","s":"25N-H60NV20S-98-S"},{"r":"468","t":"06:23:00","h":"Est","s":"25S-H60S000S-80-S"},{"r":"68","t":"06:24:00","h":"Est","s":"25N-H60N000S-80-S"},{"r":"68","t":"06:24:00","h":"Est","s":"25N-H60N000S-98-S"},{"r":"68","t":"06:24:00","h":"Est","s":"25N-H60NV10S-98-S"},{"r":"68","t":"06:24:00","h":"Est","s":"25N-H60NV20S-98-S"},{"r":"68","t":"06:24:00","h":"Est","s":"25S-H60S000S-80-S"},{"r":"68","t":"06:38:00","h":"Est","s":"25N-H60N000I-80-I"},{"r":"68","t":"06:38:00","h":"Est","s":"25N-H60N100F-81-F1"},{"r":"68","t":"06:38:00","h":"Est","s":"25N-H60N200F-81-F2"},{"r":"68","t":"06:38:00","h":"Est","s":"25N-H60N300F-82-F3"},{"r":"68","t":"06:38:00","h":"Est","s":"25N-H60N400F-81-F4"},{"r":"68","t":"06:38:00","h":"Est","s":"25N-H60NV10I-80-I"},{"r":"68","t":"06:38:00","h":"Est","s":"25N-H60NV20I-80-I"},{"r":"68","t":"06:38:00","h":"Est","s":"25S-H60S000I-80-I"},{"r":"68","t":"06:38:00","h":"Est","s":"25S-H60S100F-82-F1"},{"r":"68","t":"06:38:00","h":"Est","s":"25S-H60S200F-81-F2"},{"r":"68","t":"06:41:00","h":"Est","s":"25N-H60N000A-80-A"},{"r":"68","t":"06:41:00","h":"Est","s":"25N-H60NV10A-80-A"},{"r":"68","t":"06:41:00","h":"Est","s":"25N-H60NV20A-80-A"},{"r":"68","t":"06:41:00","h":"Est","s":"25S-H60S000A-80-A"},{"r":"468","t":"06:45:00","h":"Est","s":"25N-H60N000S-80-S"},{"r":"468","t":"06:45:00","h":"Est","s":"25N-H60N000S-98-S"},{"r":"468","t":"06:45:00","h":"Est","s":"25N-H60NV10S-98-S"},{"r":"468","t":"06:45:00","h":"Est","s":"25N-H60NV20S-98-S"},{"r":"468","t":"06:45:00","h":"Est","s":"25S-H60S000S-80-S"},{"r":"68","t":"07:01:00","h":"Est","s":"25N-H60N000S-80-S"},{"r":"68","t":"07:01:00","h":"Est","s":"25N-H60N000S-98-S"},{"r":"68","t":"07:01:00","h":"Est","s":"25N-H60NV10S-98-S"},{"r":"68","t":"07:01:00","h":"Est","s":"25N-H60NV20S-98-S"},{"r":"68","t":"07:01:00","h":"Est","s":"25S-H60S000S-80-S"},{"r":"468","t":"07:06:00","h":"Est","s":"25N-H60N000S-80-S"},{"r":"468","t":"07:06:00","h":"Est","s":"25N-H60N000S-98-S"},{"r":"468","t":"07:06:00","h":"Est","s":"25N-H60NV10S-98-S"},{"r":"468","t":"07:06:00","h":"Est","s":"25N-H60NV20S-98-S"},{"r":"468","t":"07:06:00","h":"Est","s":"25S-H60S000S-80-S"},{"r":"68","t":"07:13:00","h":"Est","s":"25N-H60N000I-80-I"},{"r":"68","t":"07:13:00","h":"Est","s":"25N-H60N100F-81-F1"},{"r":"68","t":"07:13:00","h":"Est","s":"25N-H60N200F-81-F2"},{"r":"68","t":"07:13:00","h":"Est","s":"25N-H60N300F-82-F3"},{"r":"68","t":"07:13:00","h":"Est","s":"25N-H60N400F-81-F4"},{"r":"68","t":"07:13:00","h":"Est","s":"25N-H60NV10I-80-I"},{"r":"68","t":"07:13:00","h":"Est","s":"25N-H60NV20I-80-I"},{"r":"68","t":"07:13:00","h":"Est","s":"25S-H60S000I-80-I"},{"r":"68","t":"07:13:00","h":"Est","s":"25S-H60S100F-82-F1"},{"r":"68","t":"07:13:00","h":"Est","s":"25S-H60S200F-81-F2"},{"r":"68","t":"07:14:00","h":"Est","s":"25N-H60N000A-80-A"},{"r":"68","t":"07:14:00","h":"Est","s":"25N-H60NV10A-80-A"},{"r":"68","t":"07:14:00","h":"Est","s":"25N-H60NV20A-80-A"},{"r":"68","t":"07:14:00","h":"Est","s":"25S-H60S000A-80-A"},{"r":"468","t":"07:20:00","h":"Est","s":"25N-H60N000S-98-S"},{"r":"468","t":"07:20:00","h":"Est","s":"25N-H60NV10S-98-S"},{"r":"468","t":"07:20:00","h":"Est","s":"25N-H60NV20S-98-S"},{"r":"468","t":"07:30:00","h":"Est","s":"25N-H60N000S-80-S"},{"r":"468","t":"07:30:00","h":"Est","s":"25N-H60N000S-98-S"},{"r":"468","t":"07:30:00","h":"Est","s":"25N-H60NV10S-98-S"},{"r":"468","t":"07:30:00","h":"Est","s":"25N-H60NV20S-98-S"},{"r":"468","t":"07:30:00","h":"Est","s":"25S-H60S000S-80-S"},{"r":"68","t":"07:38:00","h":"Est","s":"25N-H60N000S-80-S"},{"r":"68","t":"07:38:00","h":"Est","s":"25N-H60N000S-98-S"},{"r":"68","t":"07:38:00","h":"Est","s":"25N-H60NV10S-98-S"},{"r":"68","t":"07:38:00","h":"Est","s":"25N-H60NV20S-98-S"},{"r":"68","t":"07:38:00","h":"Est","s":"25S-H60S000S-80-S"},{"r":"68","t":"07:47:00","h":"Est","s":"25N-H60N000A-80-A"},{"r":"68","t":"07:47:00","h":"Est","s":"25N-H60NV10A-80-A"},{"r":"68","t":"07:47:00","h":"Est","s":"25N-H60NV20A-80-A"},{"r":"68","t":"07:47:00","h":"Est","s":"25S-H60S000A-80-A"},{"r":"68","t":"07:48:00","h":"Est","s":"25N-H60N000I-80-I"},{"r":"68","t":"07:48:00","h":"Est","s":"25N-H60N100F-81-F1"},{"r":"68","t":"07:48:00","h":"Est","s":"25N-H60N200F-81-F2"},{"r":"68","t":"07:48:00","h":"Est","s":"25N-H60N300F-82-F3"},{"r":"68","t":"07:48:00","h":"Est","s":"25N-H60N400F-81-F4"},{"r":"68","t":"07:48:00","h":"Est","s":"25N-H60NV10I-80-I"},{"r":"68","t":"07:48:00","h":"Est","s":"25N-H60NV20I-80-I"},{"r":"68","t":"07:48:00","h":"Est","s":"25S-H60S000I-80-I"},{"r":"68","t":"07:48:00","h":"Est","s":"25S-H60S100F-82-F1"},{"r":"68","t":"07:48:00","h":"Est","s":"25S-H60S200F-81-F2"},{"r":"468","t":"07:53:00","h":"Est","s":"25N-H60N000S-80-S"},{"r":"468","t":"07:53:00","h":"Est","s":"25N-H60N000S-98-S"},{"r":"468","t":"07:53:00","h":"Est","s":"25N-H60NV10S-98-S"},{"r":"468","t":"07:53:00","h":"Est","s":"25N-H60NV20S-98-S"},{"r":"468","t":"07:53:00","h":"Est","s":"25S-H60S000S-80-S"},{"r":"68","t":"08:12:00","h":"Est","s":"25N-H60N000S-80-S"},{"r":"68","t":"08:12:00","h":"Est","s":"25N-H60N000S-98-S"},{"r":"68","t":"08:12:00","h":"Est","s":"25N-H60NV10S-98-S"},{"r":"68","t":"08:12:00","h":"Est","s":"25N-H60NV20S-98-S"},{"r":"68","t":"08:12:00","h":"Est","s":"25S-H60S000S-80-S"},{"r":"468","t":"08:13:00","h":"Est","s":"25N-H60N000S-80-S"},{"r":"468","t":"08:13:00","h":"Est","s":"25N-H60N000S-98-S"},{"r":"468","t":"08:13:00","h":"Est","s":"25N-H60NV10S-98-S"},{"r":"468","t":"08:13:00","h":"Est","s":"25N-H60NV20S-98-S"},{"r":"468","t":"08:13:00","h":"Est","s":"25S-H60S000S-80-S"},{"r":"68","t":"08:21:00","h":"Est","s":"25N-H60N000A-80-A"},{"r":"68","t":"08:21:00","h":"Est","s":"25N-H60NV10A-80-A"},{"r":"68","t":"08:21:00","h":"Est","s":"25N-H60NV20A-80-A"},{"r":"68","t":"08:21:00","h":"Est","s":"25S-H60S000A-80-A"},{"r":"68","t":"08:23:00","h":"Est","s":"25N-H60N000I-80-I"},{"r":"68","t":"08:23:00","h":"Est","s":"25N-H60N100F-81-F1"},{"r":"68","t":"08:23:00","h":"Est","s":"25N-H60N200F-81-F2"},{"r":"68","t":"08:23:00","h":"Est","s":"25N-H60N300F-82-F3"},{"r":"68","t":"08:23:00","h":"Est","s":"25N-H60N400F-81-F4"},{"r":"68","t":"08:23:00","h":"Est","s":"25N-H60NV10I-80-I"},{"r":"68","t":"08:23:00","h":"Est","s":"25N-H60NV20I-80-I"},{"r":"68","t":"08:23:00","h":"Est","s":"25S-H60S000I-80-I"},{"r":"68","t":"08:23:00","h":"Est","s":"25S-H60S100F-82-F1"},{"r":"68","t":"08:23:00","h":"Est","s":"25S-H60S200F-81-F2"},{"r":"468","t":"08:31:00","h":"Est","s":"25N-H60N000S-80-S"},{"r":"468","t":"08:31:00","h":"Est","s":"25N-H60N000S-98-S"},{"r":"468","t":"08:31:00","h":"Est","s":"25N-H60NV10S-98-S"},{"r":"468","t":"08:31:00","h":"Est","s":"25N-H60NV20S-98-S"},{"r":"468","t":"08:31:00","h":"Est","s":"25S-H60S000S-80-S"},{"r":"468","t":"08:38:00","h":"Est","s":"25N-H60N000S-98-S"},{"r":"468","t":"08:38:00","h":"Est","s":"25N-H60NV10S-98-S"},{"r":"468","t":"08:38:00","h":"Est","s":"25N-H60NV20S-98-S"},{"r":"468","t":"08:45:00","h":"Est","s":"25N-H60N000S-80-S"},{"r":"468","t":"08:45:00","h":"Est","s":"25N-H60N000S-98-S"},{"r":"468","t":"08:45:00","h":"Est","s":"25N-H60NV10S-98-S"},{"r":"468","t":"08:45:00","h":"Est","s":"25N-H60NV20S-98-S"},{"r":"468","t":"08:45:00","h":"Est","s":"25S-H60S000S-80-S"},{"r":"68","t":"08:47:00","h":"Est","s":"25N-H60N000S-80-S"},{"r":"68","t":"08:47:00","h":"Est","s":"25N-H60N000S-98-S"},{"r":"68","t":"08:47:00","h":"Est","s":"25N-H60NV10S-98-S"},{"r":"68","t":"08:47:00","h":"Est","s":"25N-H60NV20S-98-S"},{"r":"68","t":"08:47:00","h":"Est","s":"25S-H60S000S-80-S"},{"r":"68","t":"08:54:00","h":"Est","s":"25N-H60N000A-80-A"},{"r":"68","t":"08:54:00","h":"Est","s":"25N-H60NV10A-80-A"},{"r":"68","t":"08:54:00","h":"Est","s":"25N-H60NV20A-80-A"},{"r":"68","t":"08:54:00","h":"Est","s":"25S-H60S000A-80-A"},{"r":"68","t":"08:56:00","h":"Est","s":"25N-H60N000I-80-I"},{"r":"68","t":"08:56:00","h":"Est","s":"25N-H60N100F-81-F1"},{"r":"68","t":"08:56:00","h":"Est","s":"25N-H60N200F-81-F2"},{"r":"68","t":"08:56:00","h":"Est","s":"25N-H60N300F-82-F3"},{"r":"68","t":"08:56:00","h":"Est","s":"25N-H60N400F-81-F4"},{"r":"68","t":"08:56:00","h":"Est","s":"25N-H60NV10I-80-I"},{"r":"68","t":"08:56:00","h":"Est","s":"25N-H60NV20I-80-I"},{"r":"68","t":"08:56:00","h":"Est","s":"25S-H60S000I-80-I"},{"r":"68","t":"08:56:00","h":"Est","s":"25S-H60S100F-82-F1"},{"r":"68","t":"08:56:00","h":"Est","s":"25S-H60S200F-81-F2"},{"r":"468","t":"09:12:00","h":"Est","s":"25N-H60N000S-80-S"},{"r":"468","t":"09:12:00","h":"Est","s":"25N-H60N000S-98-S"},{"r":"468","t":"09:12:00","h":"Est","s":"25N-H60NV10S-98-S"},{"r":"468","t":"09:12:00","h":"Est","s":"25N-H60NV20S-98-S"},{"r":"468","t":"09:12:00","h":"Est","s":"25S-H60S000S-80-S"},{"r":"68","t":"09:17:00","h":"Est","s":"25N-H60N000S-80-S"},{"r":"68","t":"09:17:00","h":"Est","s":"25N-H60N000S-98-S"},{"r":"68","t":"09:17:00","h":"Est","s":"25N-H60NV10S-98-S"},{"r":"68","t":"09:17:00","h":"Est","s":"25N-H60NV20S-98-S"},{"r":"68","t":"09:17:00","h":"Est","s":"25S-H60S000S-80-S"},{"r":"68","t":"09:24:00","h":"Est","s":"25N-H60N000I-80-I"},{"r":"68","t":"09:24:00","h":"Est","s":"25N-H60N100F-81-F1"},{"r":"68","t":"09:24:00","h":"Est","s":"25N-H60N300F-82-F3"},{"r":"68","t":"09:24:00","h":"Est","s":"25N-H60NV10I-80-I"},{"r":"68","t":"09:24:00","h":"Est","s":"25N-H60NV20I-80-I"},{"r":"68","t":"09:24:00","h":"Est","s":"25S-H60S000I-80-I"},{"r":"68","t":"09:25:00","h":"Est","s":"25N-H60N200F-81-F2"},{"r":"68","t":"09:25:00","h":"Est","s":"25N-H60N400F-81-F4"},{"r":"68","t":"09:25:00","h":"Est","s":"25S-H60S100F-82-F1"},{"r":"68","t":"09:25:00","h":"Est","s":"25S-H60S200F-81-F2"},{"r":"68","t":"09:27:00","h":"Est","s":"25N-H60N000A-80-A"},{"r":"68","t":"09:27:00","h":"Est","s":"25N-H60NV10A-80-A"},{"r":"68","t":"09:27:00","h":"Est","s":"25N-H60NV20A-80-A"},{"r":"68","t":"09:27:00","h":"Est","s":"25S-H60S000A-80-A"},{"r":"468","t":"09:40:00","h":"Est","s":"25N-H60N000S-80-S"},{"r":"468","t":"09:40:00","h":"Est","s":"25N-H60N000S-98-S"},{"r":"468","t":"09:40:00","h":"Est","s":"25N-H60NV10S-98-S"},{"r":"468","t":"09:40:00","h":"Est","s":"25N-H60NV20S-98-S"},{"r":"468","t":"09:40:00","h":"Est","s":"25S-H60S000S-80-S"},{"r":"68","t":"09:49:00","h":"Est","s":"25N-H60N000S-80-S"},{"r":"68","t":"09:49:00","h":"Est","s":"25N-H60N000S-98-S"},{"r":"68","t":"09:49:00","h":"Est","s":"25N-H60NV10S-98-S"},{"r":"68","t":"09:49:00","h":"Est","s":"25N-H60NV20S-98-S"},{"r":"68","t":"09:49:00","h":"Est","s":"25S-H60S000S-80-S"},{"r":"68","t":"09:57:00","h":"Est","s":"25N-H60N000I-80-I"},{"r":"68","t":"09:57:00","h":"Est","s":"25N-H60N100F-81-F1"},{"r":"68","t":"09:57:00","h":"Est","s":"25N-H60N200F-81-F2"},{"r":"68","t":"09:57:00","h":"Est","s":"25N-H60N300F-82-F3"},{"r":"68","t":"09:57:00","h":"Est","s":"25N-H60N400F-81-F4"},{"r":"68","t":"09:57:00","h":"Est","s":"25N-H60NV10I-80-I"},{"r":"68","t":"09:57:00","h":"Est","s":"25N-H60NV20I-80-I"},{"r":"68","t":"09:57:00","h":"Est","s":"25S-H60S000I-80-I"},{"r":"68","t":"09:57:00","h":"Est","s":"25S-H60S100F-82-F1"},{"r":"68","t":"09:57:00","h":"Est","s":"25S-H60S200F-81-F2"},{"r":"68","t":"10:01:00","h":"Est","s":"25N-H60N000S-80-S"},{"r":"68","t":"10:01:00","h":"Est","s":"25N-H60N000S-98-S"},{"r":"68","t":"10:01:00","h":"Est","s":"25N-H60NV10S-98-S"},{"r":"68","t":"10:01:00","h":"Est","s":"25N-H60NV20S-98-S"},{"r":"68","t":"10:01:00","h":"Est","s":"25S-H60S000S-80-S"},{"r":"68","t":"10:02:00","h":"Est","s":"25N-H60N000A-80-A"},{"r":"68","t":"10:02:00","h":"Est","s":"25N-H60NV10A-80-A"},{"r":"68","t":"10:02:00","h":"Est","s":"25N-H60NV20A-80-A"},{"r":"68","t":"10:02:00","h":"Est","s":"25S-H60S000A-80-A"},{"r":"468","t":"10:10:00","h":"Est","s":"25N-H60N000S-80-S"},{"r":"468","t":"10:10:00","h":"Est","s":"25N-H60N000S-98-S"},{"r":"468","t":"10:10:00","h":"Est","s":"25N-H60NV10S-98-S"},{"r":"468","t":"10:10:00","h":"Est","s":"25N-H60NV20S-98-S"},{"r":"468","t":"10:10:00","h":"Est","s":"25S-H60S000S-80-S"},{"r":"68","t":"10:25:00","h":"Est","s":"25N-H60N000I-80-I"},{"r":"68","t":"10:25:00","h":"Est","s":"25N-H60N100F-81-F1"},{"r":"68","t":"10:25:00","h":"Est","s":"25N-H60N200F-81-F2"},{"r":"68","t":"10:25:00","h":"Est","s":"25N-H60N300F-82-F3"},{"r":"68","t":"10:25:00","h":"Est","s":"25N-H60N400F-81-F4"},{"r":"68","t":"10:25:00","h":"Est","s":"25N-H60NV10I-80-I"},{"r":"68","t":"10:25:00","h":"Est","s":"25N-H60NV20I-80-I"},{"r":"68","t":"10:25:00","h":"Est","s":"25S-H60S000I-80-I"},{"r":"68","t":"10:25:00","h":"Est","s":"25S-H60S100F-82-F1"},{"r":"68","t":"10:25:00","h":"Est","s":"25S-H60S200F-81-F2"},{"r":"68","t":"10:29:00","h":"Est","s":"25N-H60N000S-80-S"},{"r":"68","t":"10:29:00","h":"Est","s":"25N-H60N000S-98-S"},{"r":"68","t":"10:29:00","h":"Est","s":"25N-H60NV10S-98-S"},{"r":"68","t":"10:29:00","h":"Est","s":"25N-H60NV20S-98-S"},{"r":"68","t":"10:29:00","h":"Est","s":"25S-H60S000S-80-S"},{"r":"68","t":"10:31:00","h":"Est","s":"25N-H60N000A-80-A"},{"r":"68","t":"10:31:00","h":"Est","s":"25N-H60NV10A-80-A"},{"r":"68","t":"10:31:00","h":"Est","s":"25N-H60NV20A-80-A"},{"r":"68","t":"10:31:00","h":"Est","s":"25S-H60S000A-80-A"},{"r":"468","t":"10:39:00","h":"Est","s":"25N-H60N000S-80-S"},{"r":"468","t":"10:39:00","h":"Est","s":"25N-H60N000S-98-S"},{"r":"468","t":"10:39:00","h":"Est","s":"25N-H60NV10S-98-S"},{"r":"468","t":"10:39:00","h":"Est","s":"25N-H60NV20S-98-S"},{"r":"468","t":"10:39:00","h":"Est","s":"25S-H60S000S-80-S"},{"r":"68","t":"10:54:00","h":"Est","s":"25N-H60N000I-80-I"},{"r":"68","t":"10:54:00","h":"Est","s":"25N-H60N100F-81-F1"},{"r":"68","t":"10:54:00","h":"Est","s":"25N-H60N200F-81-F2"},{"r":"68","t":"10:54:00","h":"Est","s":"25N-H60N300F-82-F3"},{"r":"68","t":"10:54:00","h":"Est","s":"25N-H60N400F-81-F4"},{"r":"68","t":"10:54:00","h":"Est","s":"25N-H60NV10I-80-I"},{"r":"68","t":"10:54:00","h":"Est","s":"25N-H60NV20I-80-I"},{"r":"68","t":"10:54:00","h":"Est","s":"25S-H60S000I-80-I"},{"r":"68","t":"10:54:00","h":"Est","s":"25S-H60S100F-82-F1"},{"r":"68","t":"10:54:00","h":"Est","s":"25S-H60S200F-81-F2"},{"r":"68","t":"10:58:00","h":"Est","s":"25N-H60N000S-80-S"},{"r":"68","t":"10:58:00","h":"Est","s":"25N-H60N000S-98-S"},{"r":"68","t":"10:58:00","h":"Est","s":"25N-H60NV10S-98-S"},{"r":"68","t":"10:58:00","h":"Est","s":"25N-H60NV20S-98-S"},{"r":"68","t":"10:58:00","h":"Est","s":"25S-H60S000S-80-S"},{"r":"68","t":"10:59:00","h":"Est","s":"25N-H60N000A-80-A"},{"r":"68","t":"10:59:00","h":"Est","s":"25N-H60NV10A-80-A"},{"r":"68","t":"10:59:00","h":"Est","s":"25N-H60NV20A-80-A"},{"r":"68","t":"10:59:00","h":"Est","s":"25S-H60S000A-80-A"},{"r":"468","t":"11:08:00","h":"Est","s":"25N-H60N000S-80-S"},{"r":"468","t":"11:08:00","h":"Est","s":"25N-H60N000S-98-S"},{"r":"468","t":"11:08:00","h":"Est","s":"25N-H60NV10S-98-S"},{"r":"468","t":"11:08:00","h":"Est","s":"25N-H60NV20S-98-S"},{"r":"468","t":"11:08:00","h":"Est","s":"25S-H60S000S-80-S"},{"r":"68","t":"11:22:00","h":"Est","s":"25N-H60N000I-80-I"},{"r":"68","t":"11:22:00","h":"Est","s":"25N-H60N100F-81-F1"},{"r":"68","t":"11:22:00","h":"Est","s":"25N-H60N200F-81-F2"},{"r":"68","t":"11:22:00","h":"Est","s":"25N-H60N300F-82-F3"},{"r":"68","t":"11:22:00","h":"Est","s":"25N-H60N400F-81-F4"},{"r":"68","t":"11:22:00","h":"Est","s":"25N-H60NV10I-80-I"},{"r":"68","t":"11:22:00","h":"Est","s":"25N-H60NV20I-80-I"},{"r":"68","t":"11:22:00","h":"Est","s":"25S-H60S000I-80-I"},{"r":"68","t":"11:22:00","h":"Est","s":"25S-H60S100F-82-F1"},{"r":"68","t":"11:22:00","h":"Est","s":"25S-H60S200F-81-F2"},{"r":"68","t":"11:27:00","h":"Est","s":"25N-H50N000S-80-S"},{"r":"68","t":"11:27:00","h":"Est","s":"25N-H50N000S-90-S"},{"r":"68","t":"11:27:00","h":"Est","s":"25N-H50NV10S-90-S"},{"r":"68","t":"11:27:00","h":"Est","s":"25N-H50NV20S-90-S"},{"r":"68","t":"11:27:00","h":"Est","s":"25S-H50S000S-81-S"},{"r":"68","t":"11:28:00","h":"Est","s":"25N-H60N000A-80-A"},{"r":"68","t":"11:28:00","h":"Est","s":"25N-H60NV10A-80-A"},{"r":"68","t":"11:28:00","h":"Est","s":"25N-H60NV20A-80-A"},{"r":"68","t":"11:28:00","h":"Est","s":"25S-H60S000A-80-A"},{"r":"468","t":"11:37:00","h":"Est","s":"25N-H60N000S-80-S"},{"r":"468","t":"11:37:00","h":"Est","s":"25N-H60N000S-98-S"},{"r":"468","t":"11:37:00","h":"Est","s":"25N-H60NV10S-98-S"},{"r":"468","t":"11:37:00","h":"Est","s":"25N-H60NV20S-98-S"},{"r":"468","t":"11:37:00","h":"Est","s":"25S-H60S000S-80-S"},{"r":"68","t":"11:51:00","h":"Est","s":"25N-H60N000I-80-I"},{"r":"68","t":"11:51:00","h":"Est","s":"25N-H60N100F-81-F1"},{"r":"68","t":"11:51:00","h":"Est","s":"25N-H60N200F-81-F2"},{"r":"68","t":"11:51:00","h":"Est","s":"25N-H60N300F-82-F3"},{"r":"68","t":"11:51:00","h":"Est","s":"25N-H60N400F-81-F4"},{"r":"68","t":"11:51:00","h":"Est","s":"25N-H60NV10I-80-I"},{"r":"68","t":"11:51:00","h":"Est","s":"25N-H60NV20I-80-I"},{"r":"68","t":"11:51:00","h":"Est","s":"25S-H60S000I-80-I"},{"r":"68","t":"11:51:00","h":"Est","s":"25S-H60S100F-82-F1"},{"r":"68","t":"11:51:00","h":"Est","s":"25S-H60S200F-81-F2"},{"r":"68","t":"11:56:00","h":"Est","s":"25N-H60N000S-80-S"},{"r":"68","t":"11:56:00","h":"Est","s":"25N-H60N000S-98-S"},{"r":"68","t":"11:56:00","h":"Est","s":"25N-H60NV10S-98-S"},{"r":"68","t":"11:56:00","h":"Est","s":"25N-H60NV20S-98-S"},{"r":"68","t":"11:56:00","h":"Est","s":"25S-H60S000S-80-S"},{"r":"68","t":"11:58:00","h":"Est","s":"25N-H60N000A-80-A"},{"r":"68","t":"11:58:00","h":"Est","s":"25N-H60NV10A-80-A"},{"r":"68","t":"11:58:00","h":"Est","s":"25N-H60NV20A-80-A"},{"r":"68","t":"11:58:00","h":"Est","s":"25S-H60S000A-80-A"},{"r":"468","t":"12:06:00","h":"Est","s":"25N-H60N000S-80-S"},{"r":"468","t":"12:06:00","h":"Est","s":"25N-H60N000S-98-S"},{"r":"468","t":"12:06:00","h":"Est","s":"25N-H60NV10S-98-S"},{"r":"468","t":"12:06:00","h":"Est","s":"25N-H60NV20S-98-S"},{"r":"468","t":"12:06:00","h":"Est","s":"25S-H60S000S-80-S"},{"r":"68","t":"12:21:00","h":"Est","s":"25N-H60N000I-80-I"},{"r":"68","t":"12:21:00","h":"Est","s":"25N-H60N100F-81-F1"},{"r":"68","t":"12:21:00","h":"Est","s":"25N-H60N200F-81-F2"},{"r":"68","t":"12:21:00","h":"Est","s":"25N-H60N300F-82-F3"},{"r":"68","t":"12:21:00","h":"Est","s":"25N-H60N400F-81-F4"},{"r":"68","t":"12:21:00","h":"Est","s":"25N-H60NV10I-80-I"},{"r":"68","t":"12:21:00","h":"Est","s":"25N-H60NV20I-80-I"},{"r":"68","t":"12:21:00","h":"Est","s":"25S-H60S000I-80-I"},{"r":"68","t":"12:21:00","h":"Est","s":"25S-H60S100F-82-F1"},{"r":"68","t":"12:21:00","h":"Est","s":"25S-H60S200F-81-F2"},{"r":"68","t":"12:25:00","h":"Est","s":"25N-H60N000S-80-S"},{"r":"68","t":"12:25:00","h":"Est","s":"25N-H60N000S-98-S"},{"r":"68","t":"12:25:00","h":"Est","s":"25N-H60NV10S-98-S"},{"r":"68","t":"12:25:00","h":"Est","s":"25N-H60NV20S-98-S"},{"r":"68","t":"12:25:00","h":"Est","s":"25S-H60S000S-80-S"},{"r":"68","t":"12:30:00","h":"Est","s":"25N-H60N000A-80-A"},{"r":"68","t":"12:30:00","h":"Est","s":"25N-H60NV10A-80-A"},{"r":"68","t":"12:30:00","h":"Est","s":"25N-H60NV20A-80-A"},{"r":"68","t":"12:30:00","h":"Est","s":"25S-H60S000A-80-A"},{"r":"468","t":"12:34:00","h":"Est","s":"25N-H60N000S-80-S"},{"r":"468","t":"12:34:00","h":"Est","s":"25N-H60N000S-98-S"},{"r":"468","t":"12:34:00","h":"Est","s":"25N-H60NV10S-98-S"},{"r":"468","t":"12:34:00","h":"Est","s":"25N-H60NV20S-98-S"},{"r":"468","t":"12:34:00","h":"Est","s":"25S-H60S000S-80-S"},{"r":"68","t":"12:52:00","h":"Est","s":"25N-H60N000I-80-I"},{"r":"68","t":"12:52:00","h":"Est","s":"25N-H60N100F-81-F1"},{"r":"68","t":"12:52:00","h":"Est","s":"25N-H60N200F-81-F2"},{"r":"68","t":"12:52:00","h":"Est","s":"25N-H60N300F-82-F3"},{"r":"68","t":"12:52:00","h":"Est","s":"25N-H60N400F-81-F4"},{"r":"68","t":"12:52:00","h":"Est","s":"25N-H60NV10I-80-I"},{"r":"68","t":"12:52:00","h":"Est","s":"25N-H60NV20I-80-I"},{"r":"68","t":"12:52:00","h":"Est","s":"25S-H60S000I-80-I"},{"r":"68","t":"12:52:00","h":"Est","s":"25S-H60S100F-82-F1"},{"r":"68","t":"12:52:00","h":"Est","s":"25S-H60S200F-81-F2"},{"r":"68","t":"12:54:00","h":"Est","s":"25N-H60N000S-80-S"},{"r":"68","t":"12:54:00","h":"Est","s":"25N-H60N000S-98-S"},{"r":"68","t":"12:54:00","h":"Est","s":"25N-H60NV10S-98-S"},{"r":"68","t":"12:54:00","h":"Est","s":"25N-H60NV20S-98-S"},{"r":"68","t":"12:54:00","h":"Est","s":"25S-H60S000S-80-S"},{"r":"68","t":"13:00:00","h":"Est","s":"25N-H60N000A-80-A"},{"r":"68","t":"13:00:00","h":"Est","s":"25N-H60NV10A-80-A"},{"r":"68","t":"13:00:00","h":"Est","s":"25N-H60NV20A-80-A"},{"r":"68","t":"13:00:00","h":"Est","s":"25S-H60S000A-80-A"},{"r":"468","t":"13:02:00","h":"Est","s":"25N-H60N000S-80-S"},{"r":"468","t":"13:02:00","h":"Est","s":"25N-H60N000S-98-S"},{"r":"468","t":"13:02:00","h":"Est","s":"25N-H60NV10S-98-S"},{"r":"468","t":"13:02:00","h":"Est","s":"25N-H60NV20S-98-S"},{"r":"468","t":"13:02:00","h":"Est","s":"25S-H60S000S-80-S"},{"r":"68","t":"13:22:00","h":"Est","s":"25N-H60N000I-80-I"},{"r":"68","t":"13:22:00","h":"Est","s":"25N-H60N100F-81-F1"},{"r":"68","t":"13:22:00","h":"Est","s":"25N-H60N200F-81-F2"},{"r":"68","t":"13:22:00","h":"Est","s":"25N-H60N300F-82-F3"},{"r":"68","t":"13:22:00","h":"Est","s":"25N-H60N400F-81-F4"},{"r":"68","t":"13:22:00","h":"Est","s":"25N-H60NV10I-80-I"},{"r":"68","t":"13:22:00","h":"Est","s":"25N-H60NV20I-80-I"},{"r":"68","t":"13:22:00","h":"Est","s":"25S-H60S000I-80-I"},{"r":"68","t":"13:22:00","h":"Est","s":"25S-H60S100F-82-F1"},{"r":"68","t":"13:22:00","h":"Est","s":"25S-H60S200F-81-F2"},{"r":"68","t":"13:23:00","h":"Est","s":"25N-H60N000S-80-S"},{"r":"68","t":"13:23:00","h":"Est","s":"25N-H60N000S-98-S"},{"r":"68","t":"13:23:00","h":"Est","s":"25N-H60NV10S-98-S"},{"r":"68","t":"13:23:00","h":"Est","s":"25N-H60NV20S-98-S"},{"r":"68","t":"13:23:00","h":"Est","s":"25S-H60S000S-80-S"},{"r":"68","t":"13:30:00","h":"Est","s":"25N-H60N000A-80-A"},{"r":"468","t":"13:30:00","h":"Est","s":"25N-H60N000S-80-S"},{"r":"468","t":"13:30:00","h":"Est","s":"25N-H60N000S-98-S"},{"r":"68","t":"13:30:00","h":"Est","s":"25N-H60NV10A-80-A"},{"r":"468","t":"13:30:00","h":"Est","s":"25N-H60NV10S-98-S"},{"r":"68","t":"13:30:00","h":"Est","s":"25N-H60NV20A-80-A"},{"r":"468","t":"13:30:00","h":"Est","s":"25N-H60NV20S-98-S"},{"r":"68","t":"13:30:00","h":"Est","s":"25S-H60S000A-80-A"},{"r":"468","t":"13:30:00","h":"Est","s":"25S-H60S000S-80-S"},{"r":"68","t":"13:51:00","h":"Est","s":"25N-H60N000S-80-S"},{"r":"68","t":"13:51:00","h":"Est","s":"25N-H60N000S-98-S"},{"r":"68","t":"13:51:00","h":"Est","s":"25N-H60NV10S-98-S"},{"r":"68","t":"13:51:00","h":"Est","s":"25N-H60NV20S-98-S"},{"r":"68","t":"13:51:00","h":"Est","s":"25S-H60S000S-80-S"},{"r":"68","t":"13:52:00","h":"Est","s":"25N-H60N000I-80-I"},{"r":"68","t":"13:52:00","h":"Est","s":"25N-H60N100F-81-F1"},{"r":"68","t":"13:52:00","h":"Est","s":"25N-H60N200F-81-F2"},{"r":"68","t":"13:52:00","h":"Est","s":"25N-H60N300F-82-F3"},{"r":"68","t":"13:52:00","h":"Est","s":"25N-H60N400F-81-F4"},{"r":"68","t":"13:52:00","h":"Est","s":"25N-H60NV10I-80-I"},{"r":"68","t":"13:52:00","h":"Est","s":"25N-H60NV20I-80-I"},{"r":"68","t":"13:52:00","h":"Est","s":"25S-H60S000I-80-I"},{"r":"68","t":"13:52:00","h":"Est","s":"25S-H60S100F-82-F1"},{"r":"68","t":"13:52:00","h":"Est","s":"25S-H60S200F-81-F2"},{"r":"468","t":"13:58:00","h":"Est","s":"25N-H60N000S-80-S"},{"r":"468","t":"13:58:00","h":"Est","s":"25N-H60N000S-98-S"},{"r":"468","t":"13:58:00","h":"Est","s":"25N-H60NV10S-98-S"},{"r":"468","t":"13:58:00","h":"Est","s":"25N-H60NV20S-98-S"},{"r":"468","t":"13:58:00","h":"Est","s":"25S-H60S000S-80-S"},{"r":"68","t":"14:00:00","h":"Est","s":"25N-H60N000A-80-A"},{"r":"68","t":"14:00:00","h":"Est","s":"25N-H60NV10A-80-A"},{"r":"68","t":"14:00:00","h":"Est","s":"25N-H60NV20A-80-A"},{"r":"68","t":"14:00:00","h":"Est","s":"25S-H60S000A-80-A"},{"r":"68","t":"14:20:00","h":"Est","s":"25N-H60N000S-80-S"},{"r":"68","t":"14:20:00","h":"Est","s":"25N-H60N000S-98-S"},{"r":"68","t":"14:20:00","h":"Est","s":"25N-H60NV10S-98-S"},{"r":"68","t":"14:20:00","h":"Est","s":"25N-H60NV20S-98-S"},{"r":"68","t":"14:20:00","h":"Est","s":"25S-H60S000S-80-S"},{"r":"68","t":"14:22:00","h":"Est","s":"25N-H60N000I-80-I"},{"r":"68","t":"14:22:00","h":"Est","s":"25N-H60N100F-81-F1"},{"r":"68","t":"14:22:00","h":"Est","s":"25N-H60N200F-81-F2"},{"r":"68","t":"14:22:00","h":"Est","s":"25N-H60N300F-82-F3"},{"r":"68","t":"14:22:00","h":"Est","s":"25N-H60N400F-81-F4"},{"r":"68","t":"14:22:00","h":"Est","s":"25N-H60NV10I-80-I"},{"r":"68","t":"14:22:00","h":"Est","s":"25N-H60NV20I-80-I"},{"r":"68","t":"14:22:00","h":"Est","s":"25S-H60S000I-80-I"},{"r":"68","t":"14:22:00","h":"Est","s":"25S-H60S100F-82-F1"},{"r":"68","t":"14:22:00","h":"Est","s":"25S-H60S200F-81-F2"},{"r":"468","t":"14:28:00","h":"Est","s":"25N-H60N000S-80-S"},{"r":"468","t":"14:28:00","h":"Est","s":"25N-H60N000S-98-S"},{"r":"468","t":"14:28:00","h":"Est","s":"25N-H60NV10S-98-S"},{"r":"468","t":"14:28:00","h":"Est","s":"25N-H60NV20S-98-S"},{"r":"468","t":"14:28:00","h":"Est","s":"25S-H60S000S-80-S"},{"r":"68","t":"14:30:00","h":"Est","s":"25N-H60N000A-80-A"},{"r":"68","t":"14:30:00","h":"Est","s":"25N-H60NV10A-80-A"},{"r":"68","t":"14:30:00","h":"Est","s":"25N-H60NV20A-80-A"},{"r":"68","t":"14:30:00","h":"Est","s":"25S-H60S000A-80-A"},{"r":"68","t":"14:52:00","h":"Est","s":"25N-H60N000I-80-I"},{"r":"68","t":"14:52:00","h":"Est","s":"25N-H60N100F-81-F1"},{"r":"68","t":"14:52:00","h":"Est","s":"25N-H60N200F-81-F2"},{"r":"68","t":"14:52:00","h":"Est","s":"25N-H60N300F-82-F3"},{"r":"68","t":"14:52:00","h":"Est","s":"25N-H60N400F-81-F4"},{"r":"68","t":"14:52:00","h":"Est","s":"25N-H60NV10I-80-I"},{"r":"68","t":"14:52:00","h":"Est","s":"25N-H60NV20I-80-I"},{"r":"68","t":"14:52:00","h":"Est","s":"25S-H60S000I-80-I"},{"r":"68","t":"14:52:00","h":"Est","s":"25S-H60S100F-82-F1"},{"r":"68","t":"14:52:00","h":"Est","s":"25S-H60S200F-81-F2"},{"r":"68","t":"14:53:00","h":"Est","s":"25N-H60N000S-80-S"},{"r":"68","t":"14:53:00","h":"Est","s":"25N-H60N000S-98-S"},{"r":"68","t":"14:53:00","h":"Est","s":"25N-H60NV10S-98-S"},{"r":"68","t":"14:53:00","h":"Est","s":"25N-H60NV20S-98-S"},{"r":"68","t":"14:53:00","h":"Est","s":"25S-H60S000S-80-S"},{"r":"68","t":"14:59:00","h":"Est","s":"25N-H60N000A-80-A"},{"r":"468","t":"14:59:00","h":"Est","s":"25N-H60N000S-80-S"},{"r":"468","t":"14:59:00","h":"Est","s":"25N-H60N000S-98-S"},{"r":"68","t":"14:59:00","h":"Est","s":"25N-H60NV10A-80-A"},{"r":"468","t":"14:59:00","h":"Est","s":"25N-H60NV10S-98-S"},{"r":"68","t":"14:59:00","h":"Est","s":"25N-H60NV20A-80-A"},{"r":"468","t":"14:59:00","h":"Est","s":"25N-H60NV20S-98-S"},{"r":"68","t":"14:59:00","h":"Est","s":"25S-H60S000A-80-A"},{"r":"468","t":"14:59:00","h":"Est","s":"25S-H60S000S-80-S"},{"r":"68","t":"15:22:00","h":"Est","s":"25N-H60N000I-80-I"},{"r":"68","t":"15:22:00","h":"Est","s":"25N-H60N100F-81-F1"},{"r":"68","t":"15:22:00","h":"Est","s":"25N-H60N200F-81-F2"},{"r":"68","t":"15:22:00","h":"Est","s":"25N-H60N300F-82-F3"},{"r":"68","t":"15:22:00","h":"Est","s":"25N-H60N400F-81-F4"},{"r":"68","t":"15:22:00","h":"Est","s":"25N-H60NV10I-80-I"},{"r":"68","t":"15:22:00","h":"Est","s":"25N-H60NV20I-80-I"},{"r":"68","t":"15:22:00","h":"Est","s":"25S-H60S000I-80-I"},{"r":"68","t":"15:22:00","h":"Est","s":"25S-H60S100F-82-F1"},{"r":"68","t":"15:22:00","h":"Est","s":"25S-H60S200F-81-F2"},{"r":"68","t":"15:24:00","h":"Est","s":"25N-H60N000S-80-S"},{"r":"68","t":"15:24:00","h":"Est","s":"25N-H60N000S-98-S"},{"r":"68","t":"15:24:00","h":"Est","s":"25N-H60NV10S-98-S"},{"r":"68","t":"15:24:00","h":"Est","s":"25N-H60NV20S-98-S"},{"r":"68","t":"15:24:00","h":"Est","s":"25S-H60S000S-80-S"},{"r":"68","t":"15:29:00","h":"Est","s":"25N-H60N000A-80-A"},{"r":"68","t":"15:29:00","h":"Est","s":"25N-H60NV10A-80-A"},{"r":"68","t":"15:29:00","h":"Est","s":"25N-H60NV20A-80-A"},{"r":"68","t":"15:29:00","h":"Est","s":"25S-H60S000A-80-A"},{"r":"468","t":"15:32:00","h":"Est","s":"25N-H60N000S-80-S"},{"r":"468","t":"15:32:00","h":"Est","s":"25N-H60N000S-98-S"},{"r":"468","t":"15:32:00","h":"Est","s":"25N-H60NV10S-98-S"},{"r":"468","t":"15:32:00","h":"Est","s":"25N-H60NV20S-98-S"},{"r":"468","t":"15:32:00","h":"Est","s":"25S-H60S000S-80-S"},{"r":"68","t":"15:53:00","h":"Est","s":"25N-H60N000I-80-I"},{"r":"68","t":"15:53:00","h":"Est","s":"25N-H60N100F-81-F1"},{"r":"68","t":"15:53:00","h":"Est","s":"25N-H60N200F-81-F2"},{"r":"68","t":"15:53:00","h":"Est","s":"25N-H60N300F-82-F3"},{"r":"68","t":"15:53:00","h":"Est","s":"25N-H60N400F-81-F4"},{"r":"68","t":"15:53:00","h":"Est","s":"25N-H60NV10I-80-I"},{"r":"68","t":"15:53:00","h":"Est","s":"25N-H60NV20I-80-I"},{"r":"68","t":"15:53:00","h":"Est","s":"25S-H60S000I-80-I"},{"r":"68","t":"15:53:00","h":"Est","s":"25S-H60S100F-82-F1"},{"r":"68","t":"15:53:00","h":"Est","s":"25S-H60S200F-81-F2"},{"r":"68","t":"15:59:00","h":"Est","s":"25N-H60N000A-80-A"},{"r":"68","t":"15:59:00","h":"Est","s":"25N-H60NV10A-80-A"},{"r":"68","t":"15:59:00","h":"Est","s":"25N-H60NV20A-80-A"},{"r":"68","t":"15:59:00","h":"Est","s":"25S-H60S000A-80-A"},{"r":"68","t":"16:01:00","h":"Est","s":"25N-H60N000S-80-S"},{"r":"68","t":"16:01:00","h":"Est","s":"25N-H60N000S-98-S"},{"r":"68","t":"16:01:00","h":"Est","s":"25N-H60NV10S-98-S"},{"r":"68","t":"16:01:00","h":"Est","s":"25N-H60NV20S-98-S"},{"r":"68","t":"16:01:00","h":"Est","s":"25S-H60S000S-80-S"},{"r":"468","t":"16:03:00","h":"Est","s":"25N-H60N000S-80-S"},{"r":"468","t":"16:03:00","h":"Est","s":"25N-H60N000S-98-S"},{"r":"468","t":"16:03:00","h":"Est","s":"25N-H60NV10S-98-S"},{"r":"468","t":"16:03:00","h":"Est","s":"25N-H60NV20S-98-S"},{"r":"468","t":"16:03:00","h":"Est","s":"25S-H60S000S-80-S"},{"r":"68","t":"16:23:00","h":"Est","s":"25N-H60N000I-80-I"},{"r":"68","t":"16:23:00","h":"Est","s":"25N-H60N100F-81-F1"},{"r":"68","t":"16:23:00","h":"Est","s":"25N-H60N200F-81-F2"},{"r":"68","t":"16:23:00","h":"Est","s":"25N-H60N300F-82-F3"},{"r":"68","t":"16:23:00","h":"Est","s":"25N-H60N400F-81-F4"},{"r":"68","t":"16:23:00","h":"Est","s":"25N-H60NV10I-80-I"},{"r":"68","t":"16:23:00","h":"Est","s":"25N-H60NV20I-80-I"},{"r":"68","t":"16:23:00","h":"Est","s":"25S-H60S000I-80-I"},{"r":"68","t":"16:23:00","h":"Est","s":"25S-H60S100F-82-F1"},{"r":"68","t":"16:23:00","h":"Est","s":"25S-H60S200F-81-F2"},{"r":"68","t":"16:27:00","h":"Est","s":"25N-H60N000S-80-S"},{"r":"468","t":"16:27:00","h":"Est","s":"25N-H60N000S-80-S"},{"r":"68","t":"16:27:00","h":"Est","s":"25N-H60N000S-98-S"},{"r":"468","t":"16:27:00","h":"Est","s":"25N-H60N000S-98-S"},{"r":"68","t":"16:27:00","h":"Est","s":"25N-H60NV10S-98-S"},{"r":"468","t":"16:27:00","h":"Est","s":"25N-H60NV10S-98-S"},{"r":"68","t":"16:27:00","h":"Est","s":"25N-H60NV20S-98-S"},{"r":"468","t":"16:27:00","h":"Est","s":"25N-H60NV20S-98-S"},{"r":"68","t":"16:27:00","h":"Est","s":"25S-H60S000S-80-S"},{"r":"468","t":"16:27:00","h":"Est","s":"25S-H60S000S-80-S"},{"r":"68","t":"16:29:00","h":"Est","s":"25N-H60N000A-80-A"},{"r":"68","t":"16:29:00","h":"Est","s":"25N-H60NV10A-80-A"},{"r":"68","t":"16:29:00","h":"Est","s":"25N-H60NV20A-80-A"},{"r":"68","t":"16:29:00","h":"Est","s":"25S-H60S000A-80-A"},{"r":"468","t":"16:51:00","h":"Est","s":"25N-H60N000S-80-S"},{"r":"468","t":"16:51:00","h":"Est","s":"25N-H60N000S-98-S"},{"r":"468","t":"16:51:00","h":"Est","s":"25N-H60NV10S-98-S"},{"r":"468","t":"16:51:00","h":"Est","s":"25N-H60NV20S-98-S"},{"r":"468","t":"16:51:00","h":"Est","s":"25S-H60S000S-80-S"},{"r":"68","t":"16:54:00","h":"Est","s":"25N-H60N000I-80-I"},{"r":"68","t":"16:54:00","h":"Est","s":"25N-H60N100F-81-F1"},{"r":"68","t":"16:54:00","h":"Est","s":"25N-H60N200F-81-F2"},{"r":"68","t":"16:54:00","h":"Est","s":"25N-H60N300F-82-F3"},{"r":"68","t":"16:54:00","h":"Est","s":"25N-H60N400F-81-F4"},{"r":"68","t":"16:54:00","h":"Est","s":"25N-H60NV10I-80-I"},{"r":"68","t":"16:54:00","h":"Est","s":"25N-H60NV20I-80-I"},{"r":"68","t":"16:54:00","h":"Est","s":"25S-H60S000I-80-I"},{"r":"68","t":"16:54:00","h":"Est","s":"25S-H60S100F-82-F1"},{"r":"68","t":"16:54:00","h":"Est","s":"25S-H60S200F-81-F2"},{"r":"68","t":"16:58:00","h":"Est","s":"25N-H60N000A-80-A"},{"r":"68","t":"16:58:00","h":"Est","s":"25N-H60NV10A-80-A"},{"r":"68","t":"16:58:00","h":"Est","s":"25N-H60NV20A-80-A"},{"r":"68","t":"16:58:00","h":"Est","s":"25S-H60S000A-80-A"},{"r":"68","t":"17:00:00","h":"Est","s":"25N-H60N000S-80-S"},{"r":"68","t":"17:00:00","h":"Est","s":"25N-H60N000S-98-S"},{"r":"68","t":"17:00:00","h":"Est","s":"25N-H60NV10S-98-S"},{"r":"68","t":"17:00:00","h":"Est","s":"25N-H60NV20S-98-S"},{"r":"68","t":"17:00:00","h":"Est","s":"25S-H60S000S-80-S"},{"r":"468","t":"17:15:00","h":"Est","s":"25N-H60N000S-80-S"},{"r":"468","t":"17:15:00","h":"Est","s":"25N-H60N000S-98-S"},{"r":"468","t":"17:15:00","h":"Est","s":"25N-H60NV10S-98-S"},{"r":"468","t":"17:15:00","h":"Est","s":"25N-H60NV20S-98-S"},{"r":"468","t":"17:15:00","h":"Est","s":"25S-H60S000S-80-S"},{"r":"68","t":"17:23:00","h":"Est","s":"25N-H60N000I-80-I"},{"r":"68","t":"17:23:00","h":"Est","s":"25N-H60N100F-81-F1"},{"r":"68","t":"17:23:00","h":"Est","s":"25N-H60N200F-81-F2"},{"r":"68","t":"17:23:00","h":"Est","s":"25N-H60N300F-82-F3"},{"r":"68","t":"17:23:00","h":"Est","s":"25N-H60N400F-81-F4"},{"r":"68","t":"17:23:00","h":"Est","s":"25N-H60NV10I-80-I"},{"r":"68","t":"17:23:00","h":"Est","s":"25N-H60NV20I-80-I"},{"r":"68","t":"17:23:00","h":"Est","s":"25S-H60S000I-80-I"},{"r":"68","t":"17:23:00","h":"Est","s":"25S-H60S100F-82-F1"},{"r":"68","t":"17:23:00","h":"Est","s":"25S-H60S200F-81-F2"},{"r":"68","t":"17:26:00","h":"Est","s":"25N-H60N000A-80-A"},{"r":"68","t":"17:26:00","h":"Est","s":"25N-H60NV10A-80-A"},{"r":"68","t":"17:26:00","h":"Est","s":"25N-H60NV20A-80-A"},{"r":"68","t":"17:26:00","h":"Est","s":"25S-H60S000A-80-A"},{"r":"68","t":"17:27:00","h":"Est","s":"25N-H60N000S-80-S"},{"r":"68","t":"17:27:00","h":"Est","s":"25N-H60N000S-98-S"},{"r":"68","t":"17:27:00","h":"Est","s":"25N-H60NV10S-98-S"},{"r":"68","t":"17:27:00","h":"Est","s":"25N-H60NV20S-98-S"},{"r":"68","t":"17:27:00","h":"Est","s":"25S-H60S000S-80-S"},{"r":"468","t":"17:38:00","h":"Est","s":"25N-H60N000S-80-S"},{"r":"468","t":"17:38:00","h":"Est","s":"25N-H60N000S-98-S"},{"r":"468","t":"17:38:00","h":"Est","s":"25N-H60NV10S-98-S"},{"r":"468","t":"17:38:00","h":"Est","s":"25N-H60NV20S-98-S"},{"r":"468","t":"17:38:00","h":"Est","s":"25S-H60S000S-80-S"},{"r":"68","t":"17:50:00","h":"Est","s":"25N-H60N000I-80-I"},{"r":"68","t":"17:50:00","h":"Est","s":"25N-H60N100F-81-F1"},{"r":"68","t":"17:50:00","h":"Est","s":"25N-H60N200F-81-F2"},{"r":"68","t":"17:50:00","h":"Est","s":"25N-H60N300F-82-F3"},{"r":"68","t":"17:50:00","h":"Est","s":"25N-H60N400F-81-F4"},{"r":"68","t":"17:50:00","h":"Est","s":"25N-H60NV10I-80-I"},{"r":"68","t":"17:50:00","h":"Est","s":"25N-H60NV20I-80-I"},{"r":"68","t":"17:50:00","h":"Est","s":"25S-H60S000I-80-I"},{"r":"68","t":"17:50:00","h":"Est","s":"25S-H60S100F-82-F1"},{"r":"68","t":"17:50:00","h":"Est","s":"25S-H60S200F-81-F2"},{"r":"68","t":"17:54:00","h":"Est","s":"25N-H60N000S-80-S"},{"r":"68","t":"17:54:00","h":"Est","s":"25N-H60N000S-98-S"},{"r":"68","t":"17:54:00","h":"Est","s":"25N-H60NV10S-98-S"},{"r":"68","t":"17:54:00","h":"Est","s":"25N-H60NV20S-98-S"},{"r":"68","t":"17:54:00","h":"Est","s":"25S-H60S000S-80-S"},{"r":"68","t":"17:55:00","h":"Est","s":"25N-H60N000A-80-A"},{"r":"68","t":"17:55:00","h":"Est","s":"25N-H60NV10A-80-A"},{"r":"68","t":"17:55:00","h":"Est","s":"25N-H60NV20A-80-A"},{"r":"68","t":"17:55:00","h":"Est","s":"25S-H60S000A-80-A"},{"r":"468","t":"18:03:00","h":"Est","s":"25N-H60N000S-80-S"},{"r":"468","t":"18:03:00","h":"Est","s":"25N-H60N000S-98-S"},{"r":"468","t":"18:03:00","h":"Est","s":"25N-H60NV10S-98-S"},{"r":"468","t":"18:03:00","h":"Est","s":"25N-H60NV20S-98-S"},{"r":"468","t":"18:03:00","h":"Est","s":"25S-H60S000S-80-S"},{"r":"68","t":"18:20:00","h":"Est","s":"25N-H60N000I-80-I"},{"r":"68","t":"18:20:00","h":"Est","s":"25N-H60N100F-81-F1"},{"r":"68","t":"18:20:00","h":"Est","s":"25N-H60N200F-81-F2"},{"r":"68","t":"18:20:00","h":"Est","s":"25N-H60N300F-82-F3"},{"r":"68","t":"18:20:00","h":"Est","s":"25N-H60N400F-81-F4"},{"r":"68","t":"18:20:00","h":"Est","s":"25N-H60NV10I-80-I"},{"r":"68","t":"18:20:00","h":"Est","s":"25N-H60NV20I-80-I"},{"r":"68","t":"18:20:00","h":"Est","s":"25S-H60S000I-80-I"},{"r":"68","t":"18:20:00","h":"Est","s":"25S-H60S100F-82-F1"},{"r":"68","t":"18:20:00","h":"Est","s":"25S-H60S200F-81-F2"},{"r":"68","t":"18:22:00","h":"Est","s":"25N-H60N000S-80-S"},{"r":"68","t":"18:22:00","h":"Est","s":"25N-H60N000S-98-S"},{"r":"68","t":"18:22:00","h":"Est","s":"25N-H60NV10S-98-S"},{"r":"68","t":"18:22:00","h":"Est","s":"25N-H60NV20S-98-S"},{"r":"68","t":"18:22:00","h":"Est","s":"25S-H60S000S-80-S"},{"r":"68","t":"18:25:00","h":"Est","s":"25N-H60N000A-80-A"},{"r":"68","t":"18:25:00","h":"Est","s":"25N-H60NV10A-80-A"},{"r":"68","t":"18:25:00","h":"Est","s":"25N-H60NV20A-80-A"},{"r":"68","t":"18:25:00","h":"Est","s":"25S-H60S000A-80-A"},{"r":"468","t":"18:31:00","h":"Est","s":"25N-H60N000S-80-S"},{"r":"468","t":"18:31:00","h":"Est","s":"25N-H60N000S-98-S"},{"r":"468","t":"18:31:00","h":"Est","s":"25N-H60NV10S-98-S"},{"r":"468","t":"18:31:00","h":"Est","s":"25N-H60NV20S-98-S"},{"r":"468","t":"18:31:00","h":"Est","s":"25S-H60S000S-80-S"},{"r":"68","t":"18:50:00","h":"Est","s":"25N-H60N000I-80-I"},{"r":"68","t":"18:50:00","h":"Est","s":"25N-H60N100F-81-F1"},{"r":"68","t":"18:50:00","h":"Est","s":"25N-H60N200F-81-F2"},{"r":"68","t":"18:50:00","h":"Est","s":"25N-H60N300F-82-F3"},{"r":"68","t":"18:50:00","h":"Est","s":"25N-H60N400F-81-F4"},{"r":"68","t":"18:50:00","h":"Est","s":"25N-H60NV10I-80-I"},{"r":"68","t":"18:50:00","h":"Est","s":"25N-H60NV20I-80-I"},{"r":"68","t":"18:50:00","h":"Est","s":"25S-H60S000I-80-I"},{"r":"68","t":"18:50:00","h":"Est","s":"25S-H60S100F-82-F1"},{"r":"68","t":"18:50:00","h":"Est","s":"25S-H60S200F-81-F2"},{"r":"68","t":"18:51:00","h":"Est","s":"25N-H60N000S-80-S"},{"r":"68","t":"18:51:00","h":"Est","s":"25N-H60N000S-98-S"},{"r":"68","t":"18:51:00","h":"Est","s":"25N-H60NV10S-98-S"},{"r":"68","t":"18:51:00","h":"Est","s":"25N-H60NV20S-98-S"},{"r":"68","t":"18:51:00","h":"Est","s":"25S-H60S000S-80-S"},{"r":"68","t":"18:53:00","h":"Est","s":"25N-H60N000A-80-A"},{"r":"68","t":"18:53:00","h":"Est","s":"25N-H60NV10A-80-A"},{"r":"68","t":"18:53:00","h":"Est","s":"25N-H60NV20A-80-A"},{"r":"68","t":"18:53:00","h":"Est","s":"25S-H60S000A-80-A"},{"r":"468","t":"19:04:00","h":"Est","s":"25N-H60N000S-80-S"},{"r":"468","t":"19:04:00","h":"Est","s":"25N-H60N000S-98-S"},{"r":"468","t":"19:04:00","h":"Est","s":"25N-H60NV10S-98-S"},{"r":"468","t":"19:04:00","h":"Est","s":"25N-H60NV20S-98-S"},{"r":"468","t":"19:04:00","h":"Est","s":"25S-H60S000S-80-S"},{"r":"68","t":"19:17:00","h":"Est","s":"25N-H60N000S-80-S"},{"r":"68","t":"19:17:00","h":"Est","s":"25N-H60N000S-98-S"},{"r":"68","t":"19:17:00","h":"Est","s":"25N-H60NV10S-98-S"},{"r":"68","t":"19:17:00","h":"Est","s":"25N-H60NV20S-98-S"},{"r":"68","t":"19:17:00","h":"Est","s":"25S-H60S000S-80-S"},{"r":"68","t":"19:20:00","h":"Est","s":"25N-H60N000A-80-A"},{"r":"68","t":"19:20:00","h":"Est","s":"25N-H60N000I-80-I"},{"r":"68","t":"19:20:00","h":"Est","s":"25N-H60N100F-81-F1"},{"r":"68","t":"19:20:00","h":"Est","s":"25N-H60N200F-81-F2"},{"r":"68","t":"19:20:00","h":"Est","s":"25N-H60N300F-82-F3"},{"r":"68","t":"19:20:00","h":"Est","s":"25N-H60N400F-81-F4"},{"r":"68","t":"19:20:00","h":"Est","s":"25N-H60NV10A-80-A"},{"r":"68","t":"19:20:00","h":"Est","s":"25N-H60NV10I-80-I"},{"r":"68","t":"19:20:00","h":"Est","s":"25N-H60NV20A-80-A"},{"r":"68","t":"19:20:00","h":"Est","s":"25N-H60NV20I-80-I"},{"r":"68","t":"19:20:00","h":"Est","s":"25S-H60S000A-80-A"},{"r":"68","t":"19:20:00","h":"Est","s":"25S-H60S000I-80-I"},{"r":"68","t":"19:20:00","h":"Est","s":"25S-H60S100F-82-F1"},{"r":"68","t":"19:20:00","h":"Est","s":"25S-H60S200F-81-F2"},{"r":"68","t":"19:40:00","h":"Est","s":"25N-H60N000S-80-S"},{"r":"68","t":"19:40:00","h":"Est","s":"25N-H60N000S-98-S"},{"r":"68","t":"19:40:00","h":"Est","s":"25N-H60NV10S-98-S"},{"r":"68","t":"19:40:00","h":"Est","s":"25N-H60NV20S-98-S"},{"r":"68","t":"19:40:00","h":"Est","s":"25S-H60S000S-80-S"},{"r":"68","t":"19:47:00","h":"Est","s":"25N-H60N000A-80-A"},{"r":"68","t":"19:47:00","h":"Est","s":"25N-H60NV10A-80-A"},{"r":"68","t":"19:47:00","h":"Est","s":"25N-H60NV20A-80-A"},{"r":"68","t":"19:47:00","h":"Est","s":"25S-H60S000A-80-A"},{"r":"68","t":"19:49:00","h":"Est","s":"25N-H60N000I-80-I"},{"r":"68","t":"19:49:00","h":"Est","s":"25N-H60N100F-81-F1"},{"r":"68","t":"19:49:00","h":"Est","s":"25N-H60N200F-81-F2"},{"r":"68","t":"19:49:00","h":"Est","s":"25N-H60N300F-82-F3"},{"r":"68","t":"19:49:00","h":"Est","s":"25N-H60N400F-81-F4"},{"r":"68","t":"19:49:00","h":"Est","s":"25N-H60NV10I-80-I"},{"r":"68","t":"19:49:00","h":"Est","s":"25N-H60NV20I-80-I"},{"r":"68","t":"19:49:00","h":"Est","s":"25S-H60S000I-80-I"},{"r":"68","t":"19:49:00","h":"Est","s":"25S-H60S100F-82-F1"},{"r":"68","t":"19:49:00","h":"Est","s":"25S-H60S200F-81-F2"},{"r":"68","t":"20:05:00","h":"Est","s":"25N-H60N000S-80-S"},{"r":"68","t":"20:05:00","h":"Est","s":"25N-H60N000S-98-S"},{"r":"68","t":"20:05:00","h":"Est","s":"25N-H60NV10S-98-S"},{"r":"68","t":"20:05:00","h":"Est","s":"25N-H60NV20S-98-S"},{"r":"68","t":"20:05:00","h":"Est","s":"25S-H60S000S-80-S"},{"r":"68","t":"20:16:00","h":"Est","s":"25N-H60N000A-80-A"},{"r":"68","t":"20:16:00","h":"Est","s":"25N-H60NV10A-80-A"},{"r":"68","t":"20:16:00","h":"Est","s":"25N-H60NV20A-80-A"},{"r":"68","t":"20:16:00","h":"Est","s":"25S-H60S000A-80-A"},{"r":"68","t":"20:22:00","h":"Est","s":"25N-H60N000I-80-I"},{"r":"68","t":"20:22:00","h":"Est","s":"25N-H60N100F-81-F1"},{"r":"68","t":"20:22:00","h":"Est","s":"25N-H60N200F-81-F2"},{"r":"68","t":"20:22:00","h":"Est","s":"25N-H60N300F-82-F3"},{"r":"68","t":"20:22:00","h":"Est","s":"25N-H60N400F-81-F4"},{"r":"68","t":"20:22:00","h":"Est","s":"25N-H60NV10I-80-I"},{"r":"68","t":"20:22:00","h":"Est","s":"25N-H60NV20I-80-I"},{"r":"68","t":"20:22:00","h":"Est","s":"25S-H60S000I-80-I"},{"r":"68","t":"20:22:00","h":"Est","s":"25S-H60S100F-82-F1"},{"r":"68","t":"20:22:00","h":"Est","s":"25S-H60S200F-81-F2"},{"r":"68","t":"20:32:00","h":"Est","s":"25N-H60N000S-80-S"},{"r":"68","t":"20:32:00","h":"Est","s":"25N-H60N000S-98-S"},{"r":"68","t":"20:32:00","h":"Est","s":"25N-H60NV10S-98-S"},{"r":"68","t":"20:32:00","h":"Est","s":"25N-H60NV20S-98-S"},{"r":"68","t":"20:32:00","h":"Est","s":"25S-H60S000S-80-S"},{"r":"68","t":"20:48:00","h":"Est","s":"25N-H60N000A-80-A"},{"r":"68","t":"20:48:00","h":"Est","s":"25N-H60NV10A-80-A"},{"r":"68","t":"20:48:00","h":"Est","s":"25N-H60NV20A-80-A"},{"r":"68","t":"20:48:00","h":"Est","s":"25S-H60S000A-80-A"},{"r":"68","t":"20:53:00","h":"Est","s":"25N-H60N000I-80-I"},{"r":"68","t":"20:53:00","h":"Est","s":"25N-H60N100F-81-F1"},{"r":"68","t":"20:53:00","h":"Est","s":"25N-H60N200F-81-F2"},{"r":"68","t":"20:53:00","h":"Est","s":"25N-H60N300F-82-F3"},{"r":"68","t":"20:53:00","h":"Est","s":"25N-H60N400F-81-F4"},{"r":"68","t":"20:53:00","h":"Est","s":"25N-H60NV10I-80-I"},{"r":"68","t":"20:53:00","h":"Est","s":"25N-H60NV20I-80-I"},{"r":"68","t":"20:53:00","h":"Est","s":"25S-H60S000I-80-I"},{"r":"68","t":"20:53:00","h":"Est","s":"25S-H60S100F-82-F1"},{"r":"68","t":"20:53:00","h":"Est","s":"25S-H60S200F-81-F2"},{"r":"68","t":"21:03:00","h":"Est","s":"25N-H60N000S-80-S"},{"r":"68","t":"21:03:00","h":"Est","s":"25N-H60N000S-98-S"},{"r":"68","t":"21:03:00","h":"Est","s":"25N-H60NV10S-98-S"},{"r":"68","t":"21:03:00","h":"Est","s":"25N-H60NV20S-98-S"},{"r":"68","t":"21:03:00","h":"Est","s":"25S-H60S000S-80-S"},{"r":"68","t":"21:19:00","h":"Est","s":"25N-H60N000A-80-A"},{"r":"68","t":"21:19:00","h":"Est","s":"25N-H60NV10A-80-A"},{"r":"68","t":"21:19:00","h":"Est","s":"25N-H60NV20A-80-A"},{"r":"68","t":"21:19:00","h":"Est","s":"25S-H60S000A-80-A"},{"r":"68","t":"21:26:00","h":"Est","s":"25N-H60N000I-80-I"},{"r":"68","t":"21:26:00","h":"Est","s":"25N-H60N100F-81-F1"},{"r":"68","t":"21:26:00","h":"Est","s":"25N-H60N200F-81-F2"},{"r":"68","t":"21:26:00","h":"Est","s":"25N-H60N300F-82-F3"},{"r":"68","t":"21:26:00","h":"Est","s":"25N-H60N400F-81-F4"},{"r":"68","t":"21:26:00","h":"Est","s":"25N-H60NV10I-80-I"},{"r":"68","t":"21:26:00","h":"Est","s":"25N-H60NV20I-80-I"},{"r":"68","t":"21:26:00","h":"Est","s":"25S-H60S000I-80-I"},{"r":"68","t":"21:26:00","h":"Est","s":"25S-H60S100F-82-F1"},{"r":"68","t":"21:26:00","h":"Est","s":"25S-H60S200F-81-F2"},{"r":"68","t":"21:34:00","h":"Est","s":"25N-H60N000S-80-S"},{"r":"68","t":"21:34:00","h":"Est","s":"25N-H60N000S-98-S"},{"r":"68","t":"21:34:00","h":"Est","s":"25N-H60NV10S-98-S"},{"r":"68","t":"21:34:00","h":"Est","s":"25N-H60NV20S-98-S"},{"r":"68","t":"21:34:00","h":"Est","s":"25S-H60S000S-80-S"},{"r":"68","t":"21:52:00","h":"Est","s":"25N-H60N000A-80-A"},{"r":"68","t":"21:52:00","h":"Est","s":"25N-H60NV10A-80-A"},{"r":"68","t":"21:52:00","h":"Est","s":"25N-H60NV20A-80-A"},{"r":"68","t":"21:52:00","h":"Est","s":"25S-H60S000A-80-A"},{"r":"68","t":"21:59:00","h":"Est","s":"25N-H60N000I-80-I"},{"r":"68","t":"21:59:00","h":"Est","s":"25N-H60N100F-81-F1"},{"r":"68","t":"21:59:00","h":"Est","s":"25N-H60N200F-81-F2"},{"r":"68","t":"21:59:00","h":"Est","s":"25N-H60N300F-82-F3"},{"r":"68","t":"21:59:00","h":"Est","s":"25N-H60N400F-81-F4"},{"r":"68","t":"21:59:00","h":"Est","s":"25N-H60NV10I-80-I"},{"r":"68","t":"21:59:00","h":"Est","s":"25N-H60NV20I-80-I"},{"r":"68","t":"21:59:00","h":"Est","s":"25S-H60S000I-80-I"},{"r":"68","t":"21:59:00","h":"Est","s":"25S-H60S100F-82-F1"},{"r":"68","t":"21:59:00","h":"Est","s":"25S-H60S200F-81-F2"},{"r":"68","t":"22:01:00","h":"Est","s":"25N-H60N000S-80-S"},{"r":"68","t":"22:01:00","h":"Est","s":"25N-H60N000S-98-S"},{"r":"68","t":"22:01:00","h":"Est","s":"25N-H60NV10S-98-S"},{"r":"68","t":"22:01:00","h":"Est","s":"25N-H60NV20S-98-S"},{"r":"68","t":"22:01:00","h":"Est","s":"25S-H60S000S-80-S"},{"r":"68","t":"22:25:00","h":"Est","s":"25N-H60N000A-80-A"},{"r":"68","t":"22:25:00","h":"Est","s":"25N-H60NV10A-80-A"},{"r":"68","t":"22:25:00","h":"Est","s":"25N-H60NV20A-80-A"},{"r":"68","t":"22:25:00","h":"Est","s":"25S-H60S000A-80-A"},{"r":"68","t":"22:28:00","h":"Est","s":"25N-H60N000S-80-S"},{"r":"68","t":"22:28:00","h":"Est","s":"25N-H60N000S-98-S"},{"r":"68","t":"22:28:00","h":"Est","s":"25N-H60NV10S-98-S"},{"r":"68","t":"22:28:00","h":"Est","s":"25N-H60NV20S-98-S"},{"r":"68","t":"22:28:00","h":"Est","s":"25S-H60S000S-80-S"},{"r":"68","t":"22:31:00","h":"Est","s":"25N-H60N000I-80-I"},{"r":"68","t":"22:31:00","h":"Est","s":"25N-H60N100F-81-F1"},{"r":"68","t":"22:31:00","h":"Est","s":"25N-H60N200F-81-F2"},{"r":"68","t":"22:31:00","h":"Est","s":"25N-H60N300F-82-F3"},{"r":"68","t":"22:31:00","h":"Est","s":"25N-H60N400F-81-F4"},{"r":"68","t":"22:31:00","h":"Est","s":"25N-H60NV10I-80-I"},{"r":"68","t":"22:31:00","h":"Est","s":"25N-H60NV20I-80-I"},{"r":"68","t":"22:31:00","h":"Est","s":"25S-H60S000I-80-I"},{"r":"68","t":"22:31:00","h":"Est","s":"25S-H60S100F-82-F1"},{"r":"68","t":"22:31:00","h":"Est","s":"25S-H60S200F-81-F2"},{"r":"68","t":"22:55:00","h":"Est","s":"25N-H60N000S-80-S"},{"r":"68","t":"22:55:00","h":"Est","s":"25N-H60N000S-98-S"},{"r":"68","t":"22:55:00","h":"Est","s":"25N-H60NV10S-98-S"},{"r":"68","t":"22:55:00","h":"Est","s":"25N-H60NV20S-98-S"},{"r":"68","t":"22:55:00","h":"Est","s":"25S-H60S000S-80-S"},{"r":"68","t":"22:58:00","h":"Est","s":"25N-H60N000A-80-A"},{"r":"68","t":"22:58:00","h":"Est","s":"25N-H60NV10A-80-A"},{"r":"68","t":"22:58:00","h":"Est","s":"25N-H60NV20A-80-A"},{"r":"68","t":"22:58:00","h":"Est","s":"25S-H60S000A-80-A"},{"r":"68","t":"23:00:00","h":"Est","s":"25N-H60N000I-80-I"},{"r":"68","t":"23:00:00","h":"Est","s":"25N-H60N100F-81-F1"},{"r":"68","t":"23:00:00","h":"Est","s":"25N-H60N200F-81-F2"},{"r":"68","t":"23:00:00","h":"Est","s":"25N-H60N300F-82-F3"},{"r":"68","t":"23:00:00","h":"Est","s":"25N-H60N400F-81-F4"},{"r":"68","t":"23:00:00","h":"Est","s":"25N-H60NV10I-80-I"},{"r":"68","t":"23:00:00","h":"Est","s":"25N-H60NV20I-80-I"},{"r":"68","t":"23:00:00","h":"Est","s":"25S-H60S000I-80-I"},{"r":"68","t":"23:00:00","h":"Est","s":"25S-H60S100F-82-F1"},{"r":"68","t":"23:00:00","h":"Est","s":"25S-H60S200F-81-F2"},{"r":"68","t":"23:22:00","h":"Est","s":"25N-H60N000S-80-S"},{"r":"68","t":"23:22:00","h":"Est","s":"25N-H60N000S-98-S"},{"r":"68","t":"23:22:00","h":"Est","s":"25N-H60NV10S-98-S"},{"r":"68","t":"23:22:00","h":"Est","s":"25N-H60NV20S-98-S"},{"r":"68","t":"23:22:00","h":"Est","s":"25S-H60S000S-80-S"},{"r":"68","t":"23:29:00","h":"Est","s":"25N-H60N000I-80-I"},{"r":"68","t":"23:29:00","h":"Est","s":"25N-H60N100F-81-F1"},{"r":"68","t":"23:29:00","h":"Est","s":"25N-H60N200F-81-F2"},{"r":"68","t":"23:29:00","h":"Est","s":"25N-H60N300F-82-F3"},{"r":"68","t":"23:29:00","h":"Est","s":"25N-H60N400F-81-F4"},{"r":"68","t":"23:29:00","h":"Est","s":"25N-H60NV10I-80-I"},{"r":"68","t":"23:29:00","h":"Est","s":"25N-H60NV20I-80-I"},{"r":"68","t":"23:29:00","h":"Est","s":"25S-H60S000I-80-I"},{"r":"68","t":"23:29:00","h":"Est","s":"25S-H60S100F-82-F1"},{"r":"68","t":"23:29:00","h":"Est","s":"25S-H60S200F-81-F2"},{"r":"68","t":"23:30:00","h":"Est","s":"25N-H60N000A-80-A"},{"r":"68","t":"23:30:00","h":"Est","s":"25N-H60NV10A-80-A"},{"r":"68","t":"23:30:00","h":"Est","s":"25N-H60NV20A-80-A"},{"r":"68","t":"23:30:00","h":"Est","s":"25S-H60S000A-80-A"},{"r":"68","t":"23:49:00","h":"Est","s":"25N-H60N000S-80-S"},{"r":"68","t":"23:49:00","h":"Est","s":"25N-H60N000S-98-S"},{"r":"68","t":"23:49:00","h":"Est","s":"25N-H60NV10S-98-S"},{"r":"68","t":"23:49:00","h":"Est","s":"25N-H60NV20S-98-S"},{"r":"68","t":"23:49:00","h":"Est","s":"25S-H60S000S-80-S"},{"r":"68","t":"23:58:00","h":"Est","s":"25N-H60N000I-80-I"},{"r":"68","t":"23:58:00","h":"Est","s":"25N-H60N100F-81-F1"},{"r":"68","t":"23:58:00","h":"Est","s":"25N-H60N200F-81-F2"},{"r":"68","t":"23:58:00","h":"Est","s":"25N-H60N300F-82-F3"},{"r":"68","t":"23:58:00","h":"Est","s":"25N-H60N400F-81-F4"},{"r":"68","t":"23:58:00","h":"Est","s":"25N-H60NV10I-80-I"},{"r":"68","t":"23:58:00","h":"Est","s":"25N-H60NV20I-80-I"},{"r":"68","t":"23:58:00","h":"Est","s":"25S-H60S000I-80-I"},{"r":"68","t":"23:58:00","h":"Est","s":"25S-H60S100F-82-F1"},{"r":"68","t":"23:58:00","h":"Est","s":"25S-H60S200F-81-F2"},{"r":"68","t":"24:02:00","h":"Est","s":"25N-H60N000A-80-A"},{"r":"68","t":"24:02:00","h":"Est","s":"25N-H60NV10A-80-A"},{"r":"68","t":"24:02:00","h":"Est","s":"25N-H60NV20A-80-A"},{"r":"68","t":"24:02:00","h":"Est","s":"25S-H60S000A-80-A"},{"r":"68","t":"24:23:00","h":"Est","s":"25N-H60N000S-80-S"},{"r":"68","t":"24:23:00","h":"Est","s":"25N-H60N000S-98-S"},{"r":"68","t":"24:23:00","h":"Est","s":"25N-H60NV10S-98-S"},{"r":"68","t":"24:23:00","h":"Est","s":"25N-H60NV20S-98-S"},{"r":"68","t":"24:23:00","h":"Est","s":"25S-H60S000S-80-S"},{"r":"68","t":"24:26:00","h":"Est","s":"25N-H60N000I-80-I"},{"r":"68","t":"24:26:00","h":"Est","s":"25N-H60N100F-81-F1"},{"r":"68","t":"24:26:00","h":"Est","s":"25N-H60N200F-81-F2"},{"r":"68","t":"24:26:00","h":"Est","s":"25N-H60N300F-82-F3"},{"r":"68","t":"24:26:00","h":"Est","s":"25N-H60N400F-81-F4"},{"r":"68","t":"24:26:00","h":"Est","s":"25N-H60NV10I-80-I"},{"r":"68","t":"24:26:00","h":"Est","s":"25N-H60NV20I-80-I"},{"r":"68","t":"24:26:00","h":"Est","s":"25S-H60S000I-80-I"},{"r":"68","t":"24:26:00","h":"Est","s":"25S-H60S100F-82-F1"},{"r":"68","t":"24:26:00","h":"Est","s":"25S-H60S200F-81-F2"},{"r":"68","t":"24:33:00","h":"Est","s":"25N-H60N000A-80-A"},{"r":"68","t":"24:33:00","h":"Est","s":"25N-H60NV10A-80-A"},{"r":"68","t":"24:33:00","h":"Est","s":"25N-H60NV20A-80-A"},{"r":"68","t":"24:33:00","h":"Est","s":"25S-H60S000A-80-A"},{"r":"68","t":"24:54:00","h":"Est","s":"25N-H60N000I-80-I"},{"r":"68","t":"24:54:00","h":"Est","s":"25N-H60N100F-81-F1"},{"r":"68","t":"24:54:00","h":"Est","s":"25N-H60N200F-81-F2"},{"r":"68","t":"24:54:00","h":"Est","s":"25N-H60N300F-82-F3"},{"r":"68","t":"24:54:00","h":"Est","s":"25N-H60N400F-81-F4"},{"r":"68","t":"24:54:00","h":"Est","s":"25N-H60NV10I-80-I"},{"r":"68","t":"24:54:00","h":"Est","s":"25N-H60NV20I-80-I"},{"r":"68","t":"24:54:00","h":"Est","s":"25S-H60S000I-80-I"},{"r":"68","t":"24:54:00","h":"Est","s":"25S-H60S100F-82-F1"},{"r":"68","t":"24:54:00","h":"Est","s":"25S-H60S200F-81-F2"},{"r":"68","t":"24:55:00","h":"Est","s":"25N-H60N000A-80-A"},{"r":"68","t":"24:55:00","h":"Est","s":"25N-H60NV10A-80-A"},{"r":"68","t":"24:55:00","h":"Est","s":"25N-H60NV20A-80-A"},{"r":"68","t":"24:55:00","h":"Est","s":"25S-H60S000A-80-A"},{"r":"68","t":"24:58:00","h":"Est","s":"25N-H60N000S-80-S"},{"r":"68","t":"24:58:00","h":"Est","s":"25N-H60N000S-98-S"},{"r":"68","t":"24:58:00","h":"Est","s":"25N-H60NV10S-98-S"},{"r":"68","t":"24:58:00","h":"Est","s":"25N-H60NV20S-98-S"},{"r":"68","t":"24:58:00","h":"Est","s":"25S-H60S000S-80-S"},{"r":"68","t":"25:17:00","h":"Est","s":"25N-H60N000A-80-A"},{"r":"68","t":"25:17:00","h":"Est","s":"25N-H60NV10A-80-A"},{"r":"68","t":"25:17:00","h":"Est","s":"25N-H60NV20A-80-A"},{"r":"68","t":"25:17:00","h":"Est","s":"25S-H60S000A-80-A"},{"r":"68","t":"25:18:00","h":"Est","s":"25N-H60N000I-80-I"},{"r":"68","t":"25:18:00","h":"Est","s":"25N-H60N100F-81-F1"},{"r":"68","t":"25:18:00","h":"Est","s":"25N-H60N200F-81-F2"},{"r":"68","t":"25:18:00","h":"Est","s":"25N-H60N300F-82-F3"},{"r":"68","t":"25:18:00","h":"Est","s":"25N-H60N400F-81-F4"},{"r":"68","t":"25:18:00","h":"Est","s":"25N-H60NV10I-80-I"},{"r":"68","t":"25:18:00","h":"Est","s":"25N-H60NV20I-80-I"},{"r":"68","t":"25:18:00","h":"Est","s":"25S-H60S000I-80-I"},{"r":"68","t":"25:18:00","h":"Est","s":"25S-H60S100F-82-F1"},{"r":"68","t":"25:18:00","h":"Est","s":"25S-H60S200F-81-F2"},{"r":"68","t":"25:30:00","h":"Est","s":"25N-H60N000S-80-S"},{"r":"68","t":"25:30:00","h":"Est","s":"25N-H60N000S-98-S"},{"r":"68","t":"25:30:00","h":"Est","s":"25N-H60NV10S-98-S"},{"r":"68","t":"25:30:00","h":"Est","s":"25N-H60NV20S-98-S"},{"r":"68","t":"25:30:00","h":"Est","s":"25S-H60S000S-80-S"},{"r":"382","t":"26:24:48","h":"Est","s":"25N-H60N000S-80-S"},{"r":"382","t":"26:24:48","h":"Est","s":"25N-H60N000S-98-S"},{"r":"382","t":"26:24:48","h":"Est","s":"25N-H60NV10S-98-S"},{"r":"382","t":"26:24:48","h":"Est","s":"25N-H60NV20S-98-S"},{"r":"382","t":"26:24:48","h":"Est","s":"25S-H60S000S-80-S"},{"r":"382","t":"26:30:48","h":"Est","s":"25N-H60N000A-80-A"},{"r":"382","t":"26:30:48","h":"Est","s":"25N-H60N000I-80-I"},{"r":"382","t":"26:30:48","h":"Est","s":"25N-H60N100F-81-F1"},{"r":"382","t":"26:30:48","h":"Est","s":"25N-H60N200F-81-F2"},{"r":"382","t":"26:30:48","h":"Est","s":"25N-H60N300F-82-F3"},{"r":"382","t":"26:30:48","h":"Est","s":"25N-H60N400F-81-F4"},{"r":"382","t":"26:30:48","h":"Est","s":"25N-H60NV10A-80-A"},{"r":"382","t":"26:30:48","h":"Est","s":"25N-H60NV10I-80-I"},{"r":"382","t":"26:30:48","h":"Est","s":"25N-H60NV20A-80-A"},{"r":"382","t":"26:30:48","h":"Est","s":"25N-H60NV20I-80-I"},{"r":"382","t":"26:30:48","h":"Est","s":"25S-H60S000A-80-A"},{"r":"382","t":"26:30:48","h":"Est","s":"25S-H60S000I-80-I"},{"r":"382","t":"26:30:48","h":"Est","s":"25S-H60S100F-82-F1"},{"r":"382","t":"26:30:48","h":"Est","s":"25S-H60S200F-81-F2"},{"r":"382","t":"27:13:48","h":"Est","s":"25N-H60N000S-80-S"},{"r":"382","t":"27:13:48","h":"Est","s":"25N-H60N000S-98-S"},{"r":"382","t":"27:13:48","h":"Est","s":"25N-H60NV10S-98-S"},{"r":"382","t":"27:13:48","h":"Est","s":"25N-H60NV20S-98-S"},{"r":"382","t":"27:13:48","h":"Est","s":"25S-H60S000S-80-S"},{"r":"382","t":"27:15:48","h":"Est","s":"25N-H60N000A-80-A"},{"r":"382","t":"27:15:48","h":"Est","s":"25N-H60N000I-80-I"},{"r":"382","t":"27:15:48","h":"Est","s":"25N-H60N100F-81-F1"},{"r":"382","t":"27:15:48","h":"Est","s":"25N-H60N200F-81-F2"},{"r":"382","t":"27:15:48","h":"Est","s":"25N-H60N300F-82-F3"},{"r":"382","t":"27:15:48","h":"Est","s":"25N-H60N400F-81-F4"},{"r":"382","t":"27:15:48","h":"Est","s":"25N-H60NV10A-80-A"},{"r":"382","t":"27:15:48","h":"Est","s":"25N-H60NV10I-80-I"},{"r":"382","t":"27:15:48","h":"Est","s":"25N-H60NV20A-80-A"},{"r":"382","t":"27:15:48","h":"Est","s":"25N-H60NV20I-80-I"},{"r":"382","t":"27:15:48","h":"Est","s":"25S-H60S000A-80-A"},{"r":"382","t":"27:15:48","h":"Est","s":"25S-H60S000I-80-I"},{"r":"382","t":"27:15:48","h":"Est","s":"25S-H60S100F-82-F1"},{"r":"382","t":"27:15:48","h":"Est","s":"25S-H60S200F-81-F2"},{"r":"382","t":"27:58:48","h":"Est","s":"25N-H60N000S-80-S"},{"r":"382","t":"27:58:48","h":"Est","s":"25N-H60N000S-98-S"},{"r":"382","t":"27:58:48","h":"Est","s":"25N-H60NV10S-98-S"},{"r":"382","t":"27:58:48","h":"Est","s":"25N-H60NV20S-98-S"},{"r":"382","t":"27:58:48","h":"Est","s":"25S-H60S000S-80-S"},{"r":"382","t":"28:00:48","h":"Est","s":"25N-H60N000A-80-A"},{"r":"382","t":"28:00:48","h":"Est","s":"25N-H60N000I-80-I"},{"r":"382","t":"28:00:48","h":"Est","s":"25N-H60N100F-81-F1"},{"r":"382","t":"28:00:48","h":"Est","s":"25N-H60N200F-81-F2"},{"r":"382","t":"28:00:48","h":"Est","s":"25N-H60N300F-82-F3"},{"r":"382","t":"28:00:48","h":"Est","s":"25N-H60N400F-81-F4"},{"r":"382","t":"28:00:48","h":"Est","s":"25N-H60NV10A-80-A"},{"r":"382","t":"28:00:48","h":"Est","s":"25N-H60NV10I-80-I"},{"r":"382","t":"28:00:48","h":"Est","s":"25N-H60NV20A-80-A"},{"r":"382","t":"28:00:48","h":"Est","s":"25N-H60NV20I-80-I"},{"r":"382","t":"28:00:48","h":"Est","s":"25S-H60S000A-80-A"},{"r":"382","t":"28:00:48","h":"Est","s":"25S-H60S000I-80-I"},{"r":"382","t":"28:00:48","h":"Est","s":"25S-H60S100F-82-F1"},{"r":"382","t":"28:00:48","h":"Est","s":"25S-H60S200F-81-F2"},{"r":"382","t":"28:45:48","h":"Est","s":"25N-H60N000A-80-A"},{"r":"382","t":"28:45:48","h":"Est","s":"25N-H60N000I-80-I"},{"r":"382","t":"28:45:48","h":"Est","s":"25N-H60N100F-81-F1"},{"r":"382","t":"28:45:48","h":"Est","s":"25N-H60N200F-81-F2"},{"r":"382","t":"28:45:48","h":"Est","s":"25N-H60N300F-82-F3"},{"r":"382","t":"28:45:48","h":"Est","s":"25N-H60N400F-81-F4"},{"r":"382","t":"28:45:48","h":"Est","s":"25N-H60NV10A-80-A"},{"r":"382","t":"28:45:48","h":"Est","s":"25N-H60NV10I-80-I"},{"r":"382","t":"28:45:48","h":"Est","s":"25N-H60NV20A-80-A"},{"r":"382","t":"28:45:48","h":"Est","s":"25N-H60NV20I-80-I"},{"r":"382","t":"28:45:48","h":"Est","s":"25S-H60S000A-80-A"},{"r":"382","t":"28:45:48","h":"Est","s":"25S-H60S000I-80-I"},{"r":"382","t":"28:45:48","h":"Est","s":"25S-H60S100F-82-F1"},{"r":"382","t":"28:45:48","h":"Est","s":"25S-H60S200F-81-F2"},{"r":"382","t":"28:47:35","h":"Est","s":"25N-H60N000S-80-S"},{"r":"382","t":"28:47:35","h":"Est","s":"25N-H60N000S-98-S"},{"r":"382","t":"28:47:35","h":"Est","s":"25N-H60NV10S-98-S"},{"r":"382","t":"28:47:35","h":"Est","s":"25N-H60NV20S-98-S"},{"r":"382","t":"28:47:35","h":"Est","s":"25S-H60S000S-80-S"}]