[{"r":"164","t":"05:44:20","h":"Est","s":"25N-H60N000S-80-S"},{"r":"164","t":"05:44:20","h":"Est","s":"25N-H60N000S-98-S"},{"r":"164","t":"05:44:20","h":"Est","s":"25N-H60NV10S-98-S"},{"r":"164","t":"05:44:20","h":"Est","s":"25N-H60NV20S-98-S"},{"r":"164","t":"05:44:20","h":"Est","s":"25S-H60S000S-80-S"},{"r":"164","t":"05:47:20","h":"Est","s":"25N-H60N000I-80-I"},{"r":"164","t":"05:47:20","h":"Est","s":"25N-H60N100F-81-F1"},{"r":"164","t":"05:47:20","h":"Est","s":"25N-H60N200F-81-F2"},{"r":"164","t":"05:47:20","h":"Est","s":"25N-H60N300F-82-F3"},{"r":"164","t":"05:47:20","h":"Est","s":"25N-H60N400F-81-F4"},{"r":"164","t":"05:47:20","h":"Est","s":"25N-H60NV10I-80-I"},{"r":"164","t":"05:47:20","h":"Est","s":"25N-H60NV20I-80-I"},{"r":"164","t":"05:47:20","h":"Est","s":"25S-H60S000I-80-I"},{"r":"164","t":"05:47:20","h":"Est","s":"25S-H60S100F-82-F1"},{"r":"164","t":"05:47:20","h":"Est","s":"25S-H60S200F-81-F2"},{"r":"164","t":"05:53:20","h":"Est","s":"25N-H60N000A-80-A"},{"r":"164","t":"05:53:20","h":"Est","s":"25N-H60NV10A-80-A"},{"r":"164","t":"05:53:20","h":"Est","s":"25N-H60NV20A-80-A"},{"r":"164","t":"05:53:20","h":"Est","s":"25S-H60S000A-80-A"},{"r":"164","t":"06:13:20","h":"Est","s":"25N-H60N000S-80-S"},{"r":"164","t":"06:13:20","h":"Est","s":"25N-H60N000S-98-S"},{"r":"164","t":"06:13:20","h":"Est","s":"25N-H60NV10S-98-S"},{"r":"164","t":"06:13:20","h":"Est","s":"25N-H60NV20S-98-S"},{"r":"164","t":"06:13:20","h":"Est","s":"25S-H60S000S-80-S"},{"r":"164","t":"06:24:20","h":"Est","s":"25N-H60N000I-80-I"},{"r":"164","t":"06:24:20","h":"Est","s":"25N-H60N100F-81-F1"},{"r":"164","t":"06:24:20","h":"Est","s":"25N-H60N200F-81-F2"},{"r":"164","t":"06:24:20","h":"Est","s":"25N-H60N300F-82-F3"},{"r":"164","t":"06:24:20","h":"Est","s":"25N-H60N400F-81-F4"},{"r":"164","t":"06:24:20","h":"Est","s":"25N-H60NV10I-80-I"},{"r":"164","t":"06:24:20","h":"Est","s":"25N-H60NV20I-80-I"},{"r":"164","t":"06:24:20","h":"Est","s":"25S-H60S000I-80-I"},{"r":"164","t":"06:24:20","h":"Est","s":"25S-H60S100F-82-F1"},{"r":"164","t":"06:24:20","h":"Est","s":"25S-H60S200F-81-F2"},{"r":"164","t":"06:30:20","h":"Est","s":"25N-H60N000A-80-A"},{"r":"164","t":"06:30:20","h":"Est","s":"25N-H60NV10A-80-A"},{"r":"164","t":"06:30:20","h":"Est","s":"25N-H60NV20A-80-A"},{"r":"164","t":"06:30:20","h":"Est","s":"25S-H60S000A-80-A"},{"r":"164","t":"06:40:40","h":"Est","s":"25N-H60N000S-80-S"},{"r":"164","t":"06:40:40","h":"Est","s":"25N-H60N000S-98-S"},{"r":"164","t":"06:40:40","h":"Est","s":"25N-H60NV10S-98-S"},{"r":"164","t":"06:40:40","h":"Est","s":"25N-H60NV20S-98-S"},{"r":"164","t":"06:40:40","h":"Est","s":"25S-H60S000S-80-S"},{"r":"164","t":"06:52:40","h":"Est","s":"25N-H60N000S-80-S"},{"r":"164","t":"06:52:40","h":"Est","s":"25N-H60N000S-98-S"},{"r":"164","t":"06:52:40","h":"Est","s":"25N-H60NV10S-98-S"},{"r":"164","t":"06:52:40","h":"Est","s":"25N-H60NV20S-98-S"},{"r":"164","t":"06:52:40","h":"Est","s":"25S-H60S000S-80-S"},{"r":"164","t":"07:02:20","h":"Est","s":"25N-H60N000I-80-I"},{"r":"164","t":"07:02:20","h":"Est","s":"25N-H60N100F-81-F1"},{"r":"164","t":"07:02:20","h":"Est","s":"25N-H60N200F-81-F2"},{"r":"164","t":"07:02:20","h":"Est","s":"25N-H60N300F-82-F3"},{"r":"164","t":"07:02:20","h":"Est","s":"25N-H60N400F-81-F4"},{"r":"164","t":"07:02:20","h":"Est","s":"25N-H60NV10I-80-I"},{"r":"164","t":"07:02:20","h":"Est","s":"25N-H60NV20I-80-I"},{"r":"164","t":"07:02:20","h":"Est","s":"25S-H60S000I-80-I"},{"r":"164","t":"07:02:20","h":"Est","s":"25S-H60S100F-82-F1"},{"r":"164","t":"07:02:20","h":"Est","s":"25S-H60S200F-81-F2"},{"r":"164","t":"07:03:40","h":"Est","s":"25N-H60N000S-80-S"},{"r":"164","t":"07:03:40","h":"Est","s":"25N-H60N000S-98-S"},{"r":"164","t":"07:03:40","h":"Est","s":"25N-H60NV10S-98-S"},{"r":"164","t":"07:03:40","h":"Est","s":"25N-H60NV20S-98-S"},{"r":"164","t":"07:03:40","h":"Est","s":"25S-H60S000S-80-S"},{"r":"164","t":"07:06:20","h":"Est","s":"25N-H60N000A-80-A"},{"r":"164","t":"07:06:20","h":"Est","s":"25N-H60NV10A-80-A"},{"r":"164","t":"07:06:20","h":"Est","s":"25N-H60NV20A-80-A"},{"r":"164","t":"07:06:20","h":"Est","s":"25S-H60S000A-80-A"},{"r":"164","t":"07:15:00","h":"Est","s":"25N-H60N000S-80-S"},{"r":"164","t":"07:15:00","h":"Est","s":"25N-H60N000S-98-S"},{"r":"164","t":"07:15:00","h":"Est","s":"25N-H60NV10S-98-S"},{"r":"164","t":"07:15:00","h":"Est","s":"25N-H60NV20S-98-S"},{"r":"164","t":"07:15:00","h":"Est","s":"25S-H60S000S-80-S"},{"r":"164","t":"07:28:00","h":"Est","s":"25N-H60N000S-80-S"},{"r":"164","t":"07:28:00","h":"Est","s":"25N-H60N000S-98-S"},{"r":"164","t":"07:28:00","h":"Est","s":"25N-H60NV10S-98-S"},{"r":"164","t":"07:28:00","h":"Est","s":"25N-H60NV20S-98-S"},{"r":"164","t":"07:28:00","h":"Est","s":"25S-H60S000S-80-S"},{"r":"164","t":"07:39:20","h":"Est","s":"25N-H60N000I-80-I"},{"r":"164","t":"07:39:20","h":"Est","s":"25N-H60N100F-81-F1"},{"r":"164","t":"07:39:20","h":"Est","s":"25N-H60N200F-81-F2"},{"r":"164","t":"07:39:20","h":"Est","s":"25N-H60N300F-82-F3"},{"r":"164","t":"07:39:20","h":"Est","s":"25N-H60N400F-81-F4"},{"r":"164","t":"07:39:20","h":"Est","s":"25N-H60NV10I-80-I"},{"r":"164","t":"07:39:20","h":"Est","s":"25N-H60NV20I-80-I"},{"r":"164","t":"07:39:20","h":"Est","s":"25S-H60S000I-80-I"},{"r":"164","t":"07:39:20","h":"Est","s":"25S-H60S100F-82-F1"},{"r":"164","t":"07:39:20","h":"Est","s":"25S-H60S200F-81-F2"},{"r":"164","t":"07:41:00","h":"Est","s":"25N-H60N000S-80-S"},{"r":"164","t":"07:41:00","h":"Est","s":"25N-H60N000S-98-S"},{"r":"164","t":"07:41:00","h":"Est","s":"25N-H60NV10S-98-S"},{"r":"164","t":"07:41:00","h":"Est","s":"25N-H60NV20S-98-S"},{"r":"164","t":"07:41:00","h":"Est","s":"25S-H60S000S-80-S"},{"r":"164","t":"07:42:20","h":"Est","s":"25N-H60N000A-80-A"},{"r":"164","t":"07:42:20","h":"Est","s":"25N-H60NV10A-80-A"},{"r":"164","t":"07:42:20","h":"Est","s":"25N-H60NV20A-80-A"},{"r":"164","t":"07:42:20","h":"Est","s":"25S-H60S000A-80-A"},{"r":"164","t":"07:52:00","h":"Est","s":"25N-H60N000S-80-S"},{"r":"164","t":"07:52:00","h":"Est","s":"25N-H60N000S-98-S"},{"r":"164","t":"07:52:00","h":"Est","s":"25N-H60NV10S-98-S"},{"r":"164","t":"07:52:00","h":"Est","s":"25N-H60NV20S-98-S"},{"r":"164","t":"07:52:00","h":"Est","s":"25S-H60S000S-80-S"},{"r":"164","t":"08:03:00","h":"Est","s":"25N-H60N000S-80-S"},{"r":"164","t":"08:03:00","h":"Est","s":"25N-H60N000S-98-S"},{"r":"164","t":"08:03:00","h":"Est","s":"25N-H60NV10S-98-S"},{"r":"164","t":"08:03:00","h":"Est","s":"25N-H60NV20S-98-S"},{"r":"164","t":"08:03:00","h":"Est","s":"25S-H60S000S-80-S"},{"r":"164","t":"08:12:00","h":"Est","s":"25N-H60N000S-80-S"},{"r":"164","t":"08:12:00","h":"Est","s":"25N-H60N000S-98-S"},{"r":"164","t":"08:12:00","h":"Est","s":"25N-H60NV10S-98-S"},{"r":"164","t":"08:12:00","h":"Est","s":"25N-H60NV20S-98-S"},{"r":"164","t":"08:12:00","h":"Est","s":"25S-H60S000S-80-S"},{"r":"164","t":"08:13:20","h":"Est","s":"25N-H60N000A-80-A"},{"r":"164","t":"08:13:20","h":"Est","s":"25N-H60NV10A-80-A"},{"r":"164","t":"08:13:20","h":"Est","s":"25N-H60NV20A-80-A"},{"r":"164","t":"08:13:20","h":"Est","s":"25S-H60S000A-80-A"},{"r":"164","t":"08:17:20","h":"Est","s":"25N-H60N000I-80-I"},{"r":"164","t":"08:17:20","h":"Est","s":"25N-H60N100F-81-F1"},{"r":"164","t":"08:17:20","h":"Est","s":"25N-H60N200F-81-F2"},{"r":"164","t":"08:17:20","h":"Est","s":"25N-H60N300F-82-F3"},{"r":"164","t":"08:17:20","h":"Est","s":"25N-H60N400F-81-F4"},{"r":"164","t":"08:17:20","h":"Est","s":"25N-H60NV10I-80-I"},{"r":"164","t":"08:17:20","h":"Est","s":"25N-H60NV20I-80-I"},{"r":"164","t":"08:17:20","h":"Est","s":"25S-H60S000I-80-I"},{"r":"164","t":"08:17:20","h":"Est","s":"25S-H60S100F-82-F1"},{"r":"164","t":"08:17:20","h":"Est","s":"25S-H60S200F-81-F2"},{"r":"164","t":"08:22:00","h":"Est","s":"25N-H60N000S-80-S"},{"r":"164","t":"08:22:00","h":"Est","s":"25N-H60N000S-98-S"},{"r":"164","t":"08:22:00","h":"Est","s":"25N-H60NV10S-98-S"},{"r":"164","t":"08:22:00","h":"Est","s":"25N-H60NV20S-98-S"},{"r":"164","t":"08:22:00","h":"Est","s":"25S-H60S000S-80-S"},{"r":"164","t":"08:32:00","h":"Est","s":"25N-H60N000S-80-S"},{"r":"164","t":"08:32:00","h":"Est","s":"25N-H60N000S-98-S"},{"r":"164","t":"08:32:00","h":"Est","s":"25N-H60NV10S-98-S"},{"r":"164","t":"08:32:00","h":"Est","s":"25N-H60NV20S-98-S"},{"r":"164","t":"08:32:00","h":"Est","s":"25S-H60S000S-80-S"},{"r":"164","t":"08:41:00","h":"Est","s":"25N-H50N000S-80-S"},{"r":"164","t":"08:41:00","h":"Est","s":"25N-H50N000S-90-S"},{"r":"164","t":"08:41:00","h":"Est","s":"25N-H50NV10S-90-S"},{"r":"164","t":"08:41:00","h":"Est","s":"25N-H50NV20S-90-S"},{"r":"164","t":"08:41:00","h":"Est","s":"25S-H50S000S-81-S"},{"r":"164","t":"08:44:20","h":"Est","s":"25N-H60N000A-80-A"},{"r":"164","t":"08:44:20","h":"Est","s":"25N-H60NV10A-80-A"},{"r":"164","t":"08:44:20","h":"Est","s":"25N-H60NV20A-80-A"},{"r":"164","t":"08:44:20","h":"Est","s":"25S-H60S000A-80-A"},{"r":"164","t":"08:55:20","h":"Est","s":"25N-H60N000I-80-I"},{"r":"164","t":"08:55:20","h":"Est","s":"25N-H60N100F-81-F1"},{"r":"164","t":"08:55:20","h":"Est","s":"25N-H60N200F-81-F2"},{"r":"164","t":"08:55:20","h":"Est","s":"25N-H60N300F-82-F3"},{"r":"164","t":"08:55:20","h":"Est","s":"25N-H60N400F-81-F4"},{"r":"164","t":"08:55:20","h":"Est","s":"25N-H60NV10I-80-I"},{"r":"164","t":"08:55:20","h":"Est","s":"25N-H60NV20I-80-I"},{"r":"164","t":"08:55:20","h":"Est","s":"25S-H60S000I-80-I"},{"r":"164","t":"08:55:20","h":"Est","s":"25S-H60S100F-82-F1"},{"r":"164","t":"08:55:20","h":"Est","s":"25S-H60S200F-81-F2"},{"r":"164","t":"08:59:00","h":"Est","s":"25N-H60N000S-80-S"},{"r":"164","t":"08:59:00","h":"Est","s":"25N-H60N000S-98-S"},{"r":"164","t":"08:59:00","h":"Est","s":"25N-H60NV10S-98-S"},{"r":"164","t":"08:59:00","h":"Est","s":"25N-H60NV20S-98-S"},{"r":"164","t":"08:59:00","h":"Est","s":"25S-H60S000S-80-S"},{"r":"164","t":"09:15:20","h":"Est","s":"25N-H60N000A-80-A"},{"r":"164","t":"09:15:20","h":"Est","s":"25N-H60NV10A-80-A"},{"r":"164","t":"09:15:20","h":"Est","s":"25N-H60NV20A-80-A"},{"r":"164","t":"09:15:20","h":"Est","s":"25S-H60S000A-80-A"},{"r":"164","t":"09:20:00","h":"Est","s":"25N-H60N000S-80-S"},{"r":"164","t":"09:20:00","h":"Est","s":"25N-H60N000S-98-S"},{"r":"164","t":"09:20:00","h":"Est","s":"25N-H60NV10S-98-S"},{"r":"164","t":"09:20:00","h":"Est","s":"25N-H60NV20S-98-S"},{"r":"164","t":"09:20:00","h":"Est","s":"25S-H60S000S-80-S"},{"r":"164","t":"09:34:20","h":"Est","s":"25N-H60N000I-80-I"},{"r":"164","t":"09:34:20","h":"Est","s":"25N-H60N100F-81-F1"},{"r":"164","t":"09:34:20","h":"Est","s":"25N-H60N200F-81-F2"},{"r":"164","t":"09:34:20","h":"Est","s":"25N-H60N300F-82-F3"},{"r":"164","t":"09:34:20","h":"Est","s":"25N-H60N400F-81-F4"},{"r":"164","t":"09:34:20","h":"Est","s":"25N-H60NV10I-80-I"},{"r":"164","t":"09:34:20","h":"Est","s":"25N-H60NV20I-80-I"},{"r":"164","t":"09:34:20","h":"Est","s":"25S-H60S000I-80-I"},{"r":"164","t":"09:34:20","h":"Est","s":"25S-H60S100F-82-F1"},{"r":"164","t":"09:34:20","h":"Est","s":"25S-H60S200F-81-F2"},{"r":"164","t":"09:45:00","h":"Est","s":"25N-H58N000S-80-S"},{"r":"164","t":"09:45:00","h":"Est","s":"25N-H58NV10S-80-S"},{"r":"164","t":"09:45:00","h":"Est","s":"25N-H58NV20S-80-S"},{"r":"164","t":"09:45:00","h":"Est","s":"25S-H58S000S-80-S"},{"r":"164","t":"09:45:20","h":"Est","s":"25N-H60N000A-80-A"},{"r":"164","t":"09:45:20","h":"Est","s":"25N-H60NV10A-80-A"},{"r":"164","t":"09:45:20","h":"Est","s":"25N-H60NV20A-80-A"},{"r":"164","t":"09:45:20","h":"Est","s":"25S-H60S000A-80-A"},{"r":"164","t":"10:11:00","h":"Est","s":"25N-H60N000S-80-S"},{"r":"164","t":"10:11:00","h":"Est","s":"25N-H60N000S-98-S"},{"r":"164","t":"10:11:00","h":"Est","s":"25N-H60NV10S-98-S"},{"r":"164","t":"10:11:00","h":"Est","s":"25N-H60NV20S-98-S"},{"r":"164","t":"10:11:00","h":"Est","s":"25S-H60S000S-80-S"},{"r":"164","t":"10:13:20","h":"Est","s":"25N-H60N000I-80-I"},{"r":"164","t":"10:13:20","h":"Est","s":"25N-H60N100F-81-F1"},{"r":"164","t":"10:13:20","h":"Est","s":"25N-H60N200F-81-F2"},{"r":"164","t":"10:13:20","h":"Est","s":"25N-H60N300F-82-F3"},{"r":"164","t":"10:13:20","h":"Est","s":"25N-H60N400F-81-F4"},{"r":"164","t":"10:13:20","h":"Est","s":"25N-H60NV10I-80-I"},{"r":"164","t":"10:13:20","h":"Est","s":"25N-H60NV20I-80-I"},{"r":"164","t":"10:13:20","h":"Est","s":"25S-H60S000I-80-I"},{"r":"164","t":"10:13:20","h":"Est","s":"25S-H60S100F-82-F1"},{"r":"164","t":"10:13:20","h":"Est","s":"25S-H60S200F-81-F2"},{"r":"164","t":"10:15:20","h":"Est","s":"25N-H60N000A-80-A"},{"r":"164","t":"10:15:20","h":"Est","s":"25N-H60NV10A-80-A"},{"r":"164","t":"10:15:20","h":"Est","s":"25N-H60NV20A-80-A"},{"r":"164","t":"10:15:20","h":"Est","s":"25S-H60S000A-80-A"},{"r":"164","t":"10:39:00","h":"Est","s":"25N-H60N000S-80-S"},{"r":"164","t":"10:39:00","h":"Est","s":"25N-H60N000S-98-S"},{"r":"164","t":"10:39:00","h":"Est","s":"25N-H60NV10S-98-S"},{"r":"164","t":"10:39:00","h":"Est","s":"25N-H60NV20S-98-S"},{"r":"164","t":"10:39:00","h":"Est","s":"25S-H60S000S-80-S"},{"r":"164","t":"10:44:20","h":"Est","s":"25N-H60N000I-80-I"},{"r":"164","t":"10:44:20","h":"Est","s":"25N-H60N100F-81-F1"},{"r":"164","t":"10:44:20","h":"Est","s":"25N-H60N200F-81-F2"},{"r":"164","t":"10:44:20","h":"Est","s":"25N-H60N300F-82-F3"},{"r":"164","t":"10:44:20","h":"Est","s":"25N-H60N400F-81-F4"},{"r":"164","t":"10:44:20","h":"Est","s":"25N-H60NV10I-80-I"},{"r":"164","t":"10:44:20","h":"Est","s":"25N-H60NV20I-80-I"},{"r":"164","t":"10:44:20","h":"Est","s":"25S-H60S000I-80-I"},{"r":"164","t":"10:44:20","h":"Est","s":"25S-H60S100F-82-F1"},{"r":"164","t":"10:44:20","h":"Est","s":"25S-H60S200F-81-F2"},{"r":"164","t":"10:45:20","h":"Est","s":"25N-H60N000A-80-A"},{"r":"164","t":"10:45:20","h":"Est","s":"25N-H60NV10A-80-A"},{"r":"164","t":"10:45:20","h":"Est","s":"25N-H60NV20A-80-A"},{"r":"164","t":"10:45:20","h":"Est","s":"25S-H60S000A-80-A"},{"r":"164","t":"11:07:00","h":"Est","s":"25N-H60N000S-80-S"},{"r":"164","t":"11:07:00","h":"Est","s":"25N-H60N000S-98-S"},{"r":"164","t":"11:07:00","h":"Est","s":"25N-H60NV10S-98-S"},{"r":"164","t":"11:07:00","h":"Est","s":"25N-H60NV20S-98-S"},{"r":"164","t":"11:07:00","h":"Est","s":"25S-H60S000S-80-S"},{"r":"164","t":"11:14:20","h":"Est","s":"25N-H60N000A-80-A"},{"r":"164","t":"11:14:20","h":"Est","s":"25N-H60N000I-80-I"},{"r":"164","t":"11:14:20","h":"Est","s":"25N-H60N100F-81-F1"},{"r":"164","t":"11:14:20","h":"Est","s":"25N-H60N200F-81-F2"},{"r":"164","t":"11:14:20","h":"Est","s":"25N-H60N300F-82-F3"},{"r":"164","t":"11:14:20","h":"Est","s":"25N-H60N400F-81-F4"},{"r":"164","t":"11:14:20","h":"Est","s":"25N-H60NV10A-80-A"},{"r":"164","t":"11:14:20","h":"Est","s":"25N-H60NV10I-80-I"},{"r":"164","t":"11:14:20","h":"Est","s":"25N-H60NV20A-80-A"},{"r":"164","t":"11:14:20","h":"Est","s":"25N-H60NV20I-80-I"},{"r":"164","t":"11:14:20","h":"Est","s":"25S-H60S000A-80-A"},{"r":"164","t":"11:14:20","h":"Est","s":"25S-H60S000I-80-I"},{"r":"164","t":"11:14:20","h":"Est","s":"25S-H60S100F-82-F1"},{"r":"164","t":"11:14:20","h":"Est","s":"25S-H60S200F-81-F2"},{"r":"164","t":"11:35:00","h":"Est","s":"25N-H60N000S-80-S"},{"r":"164","t":"11:35:00","h":"Est","s":"25N-H60N000S-98-S"},{"r":"164","t":"11:35:00","h":"Est","s":"25N-H60NV10S-98-S"},{"r":"164","t":"11:35:00","h":"Est","s":"25N-H60NV20S-98-S"},{"r":"164","t":"11:35:00","h":"Est","s":"25S-H60S000S-80-S"},{"r":"164","t":"11:43:20","h":"Est","s":"25N-H60N000A-80-A"},{"r":"164","t":"11:43:20","h":"Est","s":"25N-H60N000I-80-I"},{"r":"164","t":"11:43:20","h":"Est","s":"25N-H60N100F-81-F1"},{"r":"164","t":"11:43:20","h":"Est","s":"25N-H60N200F-81-F2"},{"r":"164","t":"11:43:20","h":"Est","s":"25N-H60N300F-82-F3"},{"r":"164","t":"11:43:20","h":"Est","s":"25N-H60N400F-81-F4"},{"r":"164","t":"11:43:20","h":"Est","s":"25N-H60NV10A-80-A"},{"r":"164","t":"11:43:20","h":"Est","s":"25N-H60NV10I-80-I"},{"r":"164","t":"11:43:20","h":"Est","s":"25N-H60NV20A-80-A"},{"r":"164","t":"11:43:20","h":"Est","s":"25N-H60NV20I-80-I"},{"r":"164","t":"11:43:20","h":"Est","s":"25S-H60S000A-80-A"},{"r":"164","t":"11:43:20","h":"Est","s":"25S-H60S000I-80-I"},{"r":"164","t":"11:43:20","h":"Est","s":"25S-H60S100F-82-F1"},{"r":"164","t":"11:43:20","h":"Est","s":"25S-H60S200F-81-F2"},{"r":"164","t":"11:55:00","h":"Est","s":"25N-H60N000S-80-S"},{"r":"164","t":"11:55:00","h":"Est","s":"25N-H60N000S-98-S"},{"r":"164","t":"11:55:00","h":"Est","s":"25N-H60NV10S-98-S"},{"r":"164","t":"11:55:00","h":"Est","s":"25N-H60NV20S-98-S"},{"r":"164","t":"11:55:00","h":"Est","s":"25S-H60S000S-80-S"},{"r":"164","t":"12:12:20","h":"Est","s":"25N-H60N000A-80-A"},{"r":"164","t":"12:12:20","h":"Est","s":"25N-H60N000I-80-I"},{"r":"164","t":"12:12:20","h":"Est","s":"25N-H60N100F-81-F1"},{"r":"164","t":"12:12:20","h":"Est","s":"25N-H60N200F-81-F2"},{"r":"164","t":"12:12:20","h":"Est","s":"25N-H60N300F-82-F3"},{"r":"164","t":"12:12:20","h":"Est","s":"25N-H60N400F-81-F4"},{"r":"164","t":"12:12:20","h":"Est","s":"25N-H60NV10A-80-A"},{"r":"164","t":"12:12:20","h":"Est","s":"25N-H60NV10I-80-I"},{"r":"164","t":"12:12:20","h":"Est","s":"25N-H60NV20A-80-A"},{"r":"164","t":"12:12:20","h":"Est","s":"25N-H60NV20I-80-I"},{"r":"164","t":"12:12:20","h":"Est","s":"25S-H60S000A-80-A"},{"r":"164","t":"12:12:20","h":"Est","s":"25S-H60S000I-80-I"},{"r":"164","t":"12:12:20","h":"Est","s":"25S-H60S100F-82-F1"},{"r":"164","t":"12:12:20","h":"Est","s":"25S-H60S200F-81-F2"},{"r":"164","t":"12:15:00","h":"Est","s":"25N-H60N000S-80-S"},{"r":"164","t":"12:15:00","h":"Est","s":"25N-H60N000S-98-S"},{"r":"164","t":"12:15:00","h":"Est","s":"25N-H60NV10S-98-S"},{"r":"164","t":"12:15:00","h":"Est","s":"25N-H60NV20S-98-S"},{"r":"164","t":"12:15:00","h":"Est","s":"25S-H60S000S-80-S"},{"r":"164","t":"12:41:20","h":"Est","s":"25N-H60N000A-80-A"},{"r":"164","t":"12:41:20","h":"Est","s":"25N-H60N000I-80-I"},{"r":"164","t":"12:41:20","h":"Est","s":"25N-H60N100F-81-F1"},{"r":"164","t":"12:41:20","h":"Est","s":"25N-H60N200F-81-F2"},{"r":"164","t":"12:41:20","h":"Est","s":"25N-H60N300F-82-F3"},{"r":"164","t":"12:41:20","h":"Est","s":"25N-H60N400F-81-F4"},{"r":"164","t":"12:41:20","h":"Est","s":"25N-H60NV10A-80-A"},{"r":"164","t":"12:41:20","h":"Est","s":"25N-H60NV10I-80-I"},{"r":"164","t":"12:41:20","h":"Est","s":"25N-H60NV20A-80-A"},{"r":"164","t":"12:41:20","h":"Est","s":"25N-H60NV20I-80-I"},{"r":"164","t":"12:41:20","h":"Est","s":"25S-H60S000A-80-A"},{"r":"164","t":"12:41:20","h":"Est","s":"25S-H60S000I-80-I"},{"r":"164","t":"12:41:20","h":"Est","s":"25S-H60S100F-82-F1"},{"r":"164","t":"12:41:20","h":"Est","s":"25S-H60S200F-81-F2"},{"r":"164","t":"12:42:00","h":"Est","s":"25N-H60N000S-80-S"},{"r":"164","t":"12:42:00","h":"Est","s":"25N-H60N000S-98-S"},{"r":"164","t":"12:42:00","h":"Est","s":"25N-H60NV10S-98-S"},{"r":"164","t":"12:42:00","h":"Est","s":"25N-H60NV20S-98-S"},{"r":"164","t":"12:42:00","h":"Est","s":"25S-H60S000S-80-S"},{"r":"164","t":"13:08:00","h":"Est","s":"25N-H60N000S-80-S"},{"r":"164","t":"13:08:00","h":"Est","s":"25N-H60N000S-98-S"},{"r":"164","t":"13:08:00","h":"Est","s":"25N-H60NV10S-98-S"},{"r":"164","t":"13:08:00","h":"Est","s":"25N-H60NV20S-98-S"},{"r":"164","t":"13:08:00","h":"Est","s":"25S-H60S000S-80-S"},{"r":"164","t":"13:10:20","h":"Est","s":"25N-H60N000A-80-A"},{"r":"164","t":"13:10:20","h":"Est","s":"25N-H60N000I-80-I"},{"r":"164","t":"13:10:20","h":"Est","s":"25N-H60N100F-81-F1"},{"r":"164","t":"13:10:20","h":"Est","s":"25N-H60N200F-81-F2"},{"r":"164","t":"13:10:20","h":"Est","s":"25N-H60N300F-82-F3"},{"r":"164","t":"13:10:20","h":"Est","s":"25N-H60N400F-81-F4"},{"r":"164","t":"13:10:20","h":"Est","s":"25N-H60NV10A-80-A"},{"r":"164","t":"13:10:20","h":"Est","s":"25N-H60NV10I-80-I"},{"r":"164","t":"13:10:20","h":"Est","s":"25N-H60NV20A-80-A"},{"r":"164","t":"13:10:20","h":"Est","s":"25N-H60NV20I-80-I"},{"r":"164","t":"13:10:20","h":"Est","s":"25S-H60S000A-80-A"},{"r":"164","t":"13:10:20","h":"Est","s":"25S-H60S000I-80-I"},{"r":"164","t":"13:10:20","h":"Est","s":"25S-H60S100F-82-F1"},{"r":"164","t":"13:10:20","h":"Est","s":"25S-H60S200F-81-F2"},{"r":"164","t":"13:32:00","h":"Est","s":"25N-H60N000S-80-S"},{"r":"164","t":"13:32:00","h":"Est","s":"25N-H60N000S-98-S"},{"r":"164","t":"13:32:00","h":"Est","s":"25N-H60NV10S-98-S"},{"r":"164","t":"13:32:00","h":"Est","s":"25N-H60NV20S-98-S"},{"r":"164","t":"13:32:00","h":"Est","s":"25S-H60S000S-80-S"},{"r":"164","t":"13:39:20","h":"Est","s":"25N-H60N000I-80-I"},{"r":"164","t":"13:39:20","h":"Est","s":"25N-H60N100F-81-F1"},{"r":"164","t":"13:39:20","h":"Est","s":"25N-H60N200F-81-F2"},{"r":"164","t":"13:39:20","h":"Est","s":"25N-H60N300F-82-F3"},{"r":"164","t":"13:39:20","h":"Est","s":"25N-H60N400F-81-F4"},{"r":"164","t":"13:39:20","h":"Est","s":"25N-H60NV10I-80-I"},{"r":"164","t":"13:39:20","h":"Est","s":"25N-H60NV20I-80-I"},{"r":"164","t":"13:39:20","h":"Est","s":"25S-H60S000I-80-I"},{"r":"164","t":"13:39:20","h":"Est","s":"25S-H60S100F-82-F1"},{"r":"164","t":"13:39:20","h":"Est","s":"25S-H60S200F-81-F2"},{"r":"164","t":"13:40:20","h":"Est","s":"25N-H60N000A-80-A"},{"r":"164","t":"13:40:20","h":"Est","s":"25N-H60NV10A-80-A"},{"r":"164","t":"13:40:20","h":"Est","s":"25N-H60NV20A-80-A"},{"r":"164","t":"13:40:20","h":"Est","s":"25S-H60S000A-80-A"},{"r":"164","t":"13:56:00","h":"Est","s":"25N-H60N000S-80-S"},{"r":"164","t":"13:56:00","h":"Est","s":"25N-H60N000S-98-S"},{"r":"164","t":"13:56:00","h":"Est","s":"25N-H60NV10S-98-S"},{"r":"164","t":"13:56:00","h":"Est","s":"25N-H60NV20S-98-S"},{"r":"164","t":"13:56:00","h":"Est","s":"25S-H60S000S-80-S"},{"r":"164","t":"14:08:20","h":"Est","s":"25N-H60N000I-80-I"},{"r":"164","t":"14:08:20","h":"Est","s":"25N-H60N100F-81-F1"},{"r":"164","t":"14:08:20","h":"Est","s":"25N-H60N200F-81-F2"},{"r":"164","t":"14:08:20","h":"Est","s":"25N-H60N300F-82-F3"},{"r":"164","t":"14:08:20","h":"Est","s":"25N-H60N400F-81-F4"},{"r":"164","t":"14:08:20","h":"Est","s":"25N-H60NV10I-80-I"},{"r":"164","t":"14:08:20","h":"Est","s":"25N-H60NV20I-80-I"},{"r":"164","t":"14:08:20","h":"Est","s":"25S-H60S000I-80-I"},{"r":"164","t":"14:08:20","h":"Est","s":"25S-H60S100F-82-F1"},{"r":"164","t":"14:08:20","h":"Est","s":"25S-H60S200F-81-F2"},{"r":"164","t":"14:10:20","h":"Est","s":"25N-H60N000A-80-A"},{"r":"164","t":"14:10:20","h":"Est","s":"25N-H60NV10A-80-A"},{"r":"164","t":"14:10:20","h":"Est","s":"25N-H60NV20A-80-A"},{"r":"164","t":"14:10:20","h":"Est","s":"25S-H60S000A-80-A"},{"r":"164","t":"14:20:00","h":"Est","s":"25N-H60N000S-80-S"},{"r":"164","t":"14:20:00","h":"Est","s":"25N-H60N000S-98-S"},{"r":"164","t":"14:20:00","h":"Est","s":"25N-H60NV10S-98-S"},{"r":"164","t":"14:20:00","h":"Est","s":"25N-H60NV20S-98-S"},{"r":"164","t":"14:20:00","h":"Est","s":"25S-H60S000S-80-S"},{"r":"164","t":"14:32:20","h":"Est","s":"25N-H60N000A-80-A"},{"r":"164","t":"14:32:20","h":"Est","s":"25N-H60NV10A-80-A"},{"r":"164","t":"14:32:20","h":"Est","s":"25N-H60NV20A-80-A"},{"r":"164","t":"14:32:20","h":"Est","s":"25S-H60S000A-80-A"},{"r":"164","t":"14:37:20","h":"Est","s":"25N-H60N000I-80-I"},{"r":"164","t":"14:37:20","h":"Est","s":"25N-H60N100F-81-F1"},{"r":"164","t":"14:37:20","h":"Est","s":"25N-H60N200F-81-F2"},{"r":"164","t":"14:37:20","h":"Est","s":"25N-H60N300F-82-F3"},{"r":"164","t":"14:37:20","h":"Est","s":"25N-H60N400F-81-F4"},{"r":"164","t":"14:37:20","h":"Est","s":"25N-H60NV10I-80-I"},{"r":"164","t":"14:37:20","h":"Est","s":"25N-H60NV20I-80-I"},{"r":"164","t":"14:37:20","h":"Est","s":"25S-H60S000I-80-I"},{"r":"164","t":"14:37:20","h":"Est","s":"25S-H60S100F-82-F1"},{"r":"164","t":"14:37:20","h":"Est","s":"25S-H60S200F-81-F2"},{"r":"164","t":"14:42:00","h":"Est","s":"25N-H60N000S-80-S"},{"r":"164","t":"14:42:00","h":"Est","s":"25N-H60N000S-98-S"},{"r":"164","t":"14:42:00","h":"Est","s":"25N-H60NV10S-98-S"},{"r":"164","t":"14:42:00","h":"Est","s":"25N-H60NV20S-98-S"},{"r":"164","t":"14:42:00","h":"Est","s":"25S-H60S000S-80-S"},{"r":"164","t":"14:54:20","h":"Est","s":"25N-H60N000A-80-A"},{"r":"164","t":"14:54:20","h":"Est","s":"25N-H60NV10A-80-A"},{"r":"164","t":"14:54:20","h":"Est","s":"25N-H60NV20A-80-A"},{"r":"164","t":"14:54:20","h":"Est","s":"25S-H60S000A-80-A"},{"r":"164","t":"15:01:00","h":"Est","s":"25N-H60N000S-80-S"},{"r":"164","t":"15:01:00","h":"Est","s":"25N-H60N000S-98-S"},{"r":"164","t":"15:01:00","h":"Est","s":"25N-H60NV10S-98-S"},{"r":"164","t":"15:01:00","h":"Est","s":"25N-H60NV20S-98-S"},{"r":"164","t":"15:01:00","h":"Est","s":"25S-H60S000S-80-S"},{"r":"164","t":"15:07:20","h":"Est","s":"25N-H60N000I-80-I"},{"r":"164","t":"15:07:20","h":"Est","s":"25N-H60N100F-81-F1"},{"r":"164","t":"15:07:20","h":"Est","s":"25N-H60N200F-81-F2"},{"r":"164","t":"15:07:20","h":"Est","s":"25N-H60N300F-82-F3"},{"r":"164","t":"15:07:20","h":"Est","s":"25N-H60N400F-81-F4"},{"r":"164","t":"15:07:20","h":"Est","s":"25N-H60NV10I-80-I"},{"r":"164","t":"15:07:20","h":"Est","s":"25N-H60NV20I-80-I"},{"r":"164","t":"15:07:20","h":"Est","s":"25S-H60S000I-80-I"},{"r":"164","t":"15:07:20","h":"Est","s":"25S-H60S100F-82-F1"},{"r":"164","t":"15:07:20","h":"Est","s":"25S-H60S200F-81-F2"},{"r":"164","t":"15:18:00","h":"Est","s":"25N-H58N000S-80-S"},{"r":"164","t":"15:18:00","h":"Est","s":"25N-H58NV10S-80-S"},{"r":"164","t":"15:18:00","h":"Est","s":"25N-H58NV20S-80-S"},{"r":"164","t":"15:18:00","h":"Est","s":"25S-H58S000S-80-S"},{"r":"164","t":"15:24:20","h":"Est","s":"25N-H60N000A-80-A"},{"r":"164","t":"15:24:20","h":"Est","s":"25N-H60NV10A-80-A"},{"r":"164","t":"15:24:20","h":"Est","s":"25N-H60NV20A-80-A"},{"r":"164","t":"15:24:20","h":"Est","s":"25S-H60S000A-80-A"},{"r":"164","t":"15:34:00","h":"Est","s":"25N-H58N000S-80-S"},{"r":"164","t":"15:34:00","h":"Est","s":"25N-H58NV10S-80-S"},{"r":"164","t":"15:34:00","h":"Est","s":"25N-H58NV20S-80-S"},{"r":"164","t":"15:34:00","h":"Est","s":"25S-H58S000S-80-S"},{"r":"164","t":"15:36:20","h":"Est","s":"25N-H60N000I-80-I"},{"r":"164","t":"15:36:20","h":"Est","s":"25N-H60N100F-81-F1"},{"r":"164","t":"15:36:20","h":"Est","s":"25N-H60N200F-81-F2"},{"r":"164","t":"15:36:20","h":"Est","s":"25N-H60N300F-82-F3"},{"r":"164","t":"15:36:20","h":"Est","s":"25N-H60N400F-81-F4"},{"r":"164","t":"15:36:20","h":"Est","s":"25N-H60NV10I-80-I"},{"r":"164","t":"15:36:20","h":"Est","s":"25N-H60NV20I-80-I"},{"r":"164","t":"15:36:20","h":"Est","s":"25S-H60S000I-80-I"},{"r":"164","t":"15:36:20","h":"Est","s":"25S-H60S100F-82-F1"},{"r":"164","t":"15:36:20","h":"Est","s":"25S-H60S200F-81-F2"},{"r":"164","t":"15:54:00","h":"Est","s":"25N-H60N000S-80-S"},{"r":"164","t":"15:54:00","h":"Est","s":"25N-H60N000S-98-S"},{"r":"164","t":"15:54:00","h":"Est","s":"25N-H60NV10S-98-S"},{"r":"164","t":"15:54:00","h":"Est","s":"25N-H60NV20S-98-S"},{"r":"164","t":"15:54:00","h":"Est","s":"25S-H60S000S-80-S"},{"r":"164","t":"15:54:20","h":"Est","s":"25N-H60N000A-80-A"},{"r":"164","t":"15:54:20","h":"Est","s":"25N-H60NV10A-80-A"},{"r":"164","t":"15:54:20","h":"Est","s":"25N-H60NV20A-80-A"},{"r":"164","t":"15:54:20","h":"Est","s":"25S-H60S000A-80-A"},{"r":"164","t":"16:05:20","h":"Est","s":"25N-H60N000I-80-I"},{"r":"164","t":"16:05:20","h":"Est","s":"25N-H60N100F-81-F1"},{"r":"164","t":"16:05:20","h":"Est","s":"25N-H60N200F-81-F2"},{"r":"164","t":"16:05:20","h":"Est","s":"25N-H60N300F-82-F3"},{"r":"164","t":"16:05:20","h":"Est","s":"25N-H60N400F-81-F4"},{"r":"164","t":"16:05:20","h":"Est","s":"25N-H60NV10I-80-I"},{"r":"164","t":"16:05:20","h":"Est","s":"25N-H60NV20I-80-I"},{"r":"164","t":"16:05:20","h":"Est","s":"25S-H60S000I-80-I"},{"r":"164","t":"16:05:20","h":"Est","s":"25S-H60S100F-82-F1"},{"r":"164","t":"16:05:20","h":"Est","s":"25S-H60S200F-81-F2"},{"r":"164","t":"16:14:00","h":"Est","s":"25N-H60N000S-80-S"},{"r":"164","t":"16:14:00","h":"Est","s":"25N-H60N000S-98-S"},{"r":"164","t":"16:14:00","h":"Est","s":"25N-H60NV10S-98-S"},{"r":"164","t":"16:14:00","h":"Est","s":"25N-H60NV20S-98-S"},{"r":"164","t":"16:14:00","h":"Est","s":"25S-H60S000S-80-S"},{"r":"164","t":"16:24:20","h":"Est","s":"25N-H60N000A-80-A"},{"r":"164","t":"16:24:20","h":"Est","s":"25N-H60NV10A-80-A"},{"r":"164","t":"16:24:20","h":"Est","s":"25N-H60NV20A-80-A"},{"r":"164","t":"16:24:20","h":"Est","s":"25S-H60S000A-80-A"},{"r":"164","t":"16:34:00","h":"Est","s":"25N-H60N000S-80-S"},{"r":"164","t":"16:34:00","h":"Est","s":"25N-H60N000S-98-S"},{"r":"164","t":"16:34:00","h":"Est","s":"25N-H60NV10S-98-S"},{"r":"164","t":"16:34:00","h":"Est","s":"25N-H60NV20S-98-S"},{"r":"164","t":"16:34:00","h":"Est","s":"25S-H60S000S-80-S"},{"r":"164","t":"16:34:20","h":"Est","s":"25N-H60N000I-80-I"},{"r":"164","t":"16:34:20","h":"Est","s":"25N-H60N100F-81-F1"},{"r":"164","t":"16:34:20","h":"Est","s":"25N-H60N200F-81-F2"},{"r":"164","t":"16:34:20","h":"Est","s":"25N-H60N300F-82-F3"},{"r":"164","t":"16:34:20","h":"Est","s":"25N-H60N400F-81-F4"},{"r":"164","t":"16:34:20","h":"Est","s":"25N-H60NV10I-80-I"},{"r":"164","t":"16:34:20","h":"Est","s":"25N-H60NV20I-80-I"},{"r":"164","t":"16:34:20","h":"Est","s":"25S-H60S000I-80-I"},{"r":"164","t":"16:34:20","h":"Est","s":"25S-H60S100F-82-F1"},{"r":"164","t":"16:34:20","h":"Est","s":"25S-H60S200F-81-F2"},{"r":"164","t":"16:52:00","h":"Est","s":"25N-H60N000S-80-S"},{"r":"164","t":"16:52:00","h":"Est","s":"25N-H60N000S-98-S"},{"r":"164","t":"16:52:00","h":"Est","s":"25N-H60NV10S-98-S"},{"r":"164","t":"16:52:00","h":"Est","s":"25N-H60NV20S-98-S"},{"r":"164","t":"16:52:00","h":"Est","s":"25S-H60S000S-80-S"},{"r":"164","t":"16:55:20","h":"Est","s":"25N-H60N000A-80-A"},{"r":"164","t":"16:55:20","h":"Est","s":"25N-H60NV10A-80-A"},{"r":"164","t":"16:55:20","h":"Est","s":"25N-H60NV20A-80-A"},{"r":"164","t":"16:55:20","h":"Est","s":"25S-H60S000A-80-A"},{"r":"164","t":"17:03:20","h":"Est","s":"25N-H60N000I-80-I"},{"r":"164","t":"17:03:20","h":"Est","s":"25N-H60N100F-81-F1"},{"r":"164","t":"17:03:20","h":"Est","s":"25N-H60N200F-81-F2"},{"r":"164","t":"17:03:20","h":"Est","s":"25N-H60N300F-82-F3"},{"r":"164","t":"17:03:20","h":"Est","s":"25N-H60N400F-81-F4"},{"r":"164","t":"17:03:20","h":"Est","s":"25N-H60NV10I-80-I"},{"r":"164","t":"17:03:20","h":"Est","s":"25N-H60NV20I-80-I"},{"r":"164","t":"17:03:20","h":"Est","s":"25S-H60S000I-80-I"},{"r":"164","t":"17:03:20","h":"Est","s":"25S-H60S100F-82-F1"},{"r":"164","t":"17:03:20","h":"Est","s":"25S-H60S200F-81-F2"},{"r":"164","t":"17:12:00","h":"Est","s":"25N-H60N000S-80-S"},{"r":"164","t":"17:12:00","h":"Est","s":"25N-H60N000S-98-S"},{"r":"164","t":"17:12:00","h":"Est","s":"25N-H60NV10S-98-S"},{"r":"164","t":"17:12:00","h":"Est","s":"25N-H60NV20S-98-S"},{"r":"164","t":"17:12:00","h":"Est","s":"25S-H60S000S-80-S"},{"r":"164","t":"17:26:20","h":"Est","s":"25N-H60N000A-80-A"},{"r":"164","t":"17:26:20","h":"Est","s":"25N-H60NV10A-80-A"},{"r":"164","t":"17:26:20","h":"Est","s":"25N-H60NV20A-80-A"},{"r":"164","t":"17:26:20","h":"Est","s":"25S-H60S000A-80-A"},{"r":"164","t":"17:31:40","h":"Est","s":"25N-H60N000S-80-S"},{"r":"164","t":"17:31:40","h":"Est","s":"25N-H60N000S-98-S"},{"r":"164","t":"17:31:40","h":"Est","s":"25N-H60NV10S-98-S"},{"r":"164","t":"17:31:40","h":"Est","s":"25N-H60NV20S-98-S"},{"r":"164","t":"17:31:40","h":"Est","s":"25S-H60S000S-80-S"},{"r":"164","t":"17:32:20","h":"Est","s":"25N-H60N000I-80-I"},{"r":"164","t":"17:32:20","h":"Est","s":"25N-H60N100F-81-F1"},{"r":"164","t":"17:32:20","h":"Est","s":"25N-H60N200F-81-F2"},{"r":"164","t":"17:32:20","h":"Est","s":"25N-H60N300F-82-F3"},{"r":"164","t":"17:32:20","h":"Est","s":"25N-H60N400F-81-F4"},{"r":"164","t":"17:32:20","h":"Est","s":"25N-H60NV10I-80-I"},{"r":"164","t":"17:32:20","h":"Est","s":"25N-H60NV20I-80-I"},{"r":"164","t":"17:32:20","h":"Est","s":"25S-H60S000I-80-I"},{"r":"164","t":"17:32:20","h":"Est","s":"25S-H60S100F-82-F1"},{"r":"164","t":"17:32:20","h":"Est","s":"25S-H60S200F-81-F2"},{"r":"164","t":"17:51:40","h":"Est","s":"25N-H60N000S-80-S"},{"r":"164","t":"17:51:40","h":"Est","s":"25N-H60N000S-98-S"},{"r":"164","t":"17:51:40","h":"Est","s":"25N-H60NV10S-98-S"},{"r":"164","t":"17:51:40","h":"Est","s":"25N-H60NV20S-98-S"},{"r":"164","t":"17:51:40","h":"Est","s":"25S-H60S000S-80-S"},{"r":"164","t":"17:58:20","h":"Est","s":"25N-H60N000A-80-A"},{"r":"164","t":"17:58:20","h":"Est","s":"25N-H60NV10A-80-A"},{"r":"164","t":"17:58:20","h":"Est","s":"25N-H60NV20A-80-A"},{"r":"164","t":"17:58:20","h":"Est","s":"25S-H60S000A-80-A"},{"r":"164","t":"18:00:20","h":"Est","s":"25N-H60N000I-80-I"},{"r":"164","t":"18:00:20","h":"Est","s":"25N-H60N100F-81-F1"},{"r":"164","t":"18:00:20","h":"Est","s":"25N-H60N200F-81-F2"},{"r":"164","t":"18:00:20","h":"Est","s":"25N-H60N300F-82-F3"},{"r":"164","t":"18:00:20","h":"Est","s":"25N-H60N400F-81-F4"},{"r":"164","t":"18:00:20","h":"Est","s":"25N-H60NV10I-80-I"},{"r":"164","t":"18:00:20","h":"Est","s":"25N-H60NV20I-80-I"},{"r":"164","t":"18:00:20","h":"Est","s":"25S-H60S000I-80-I"},{"r":"164","t":"18:00:20","h":"Est","s":"25S-H60S100F-82-F1"},{"r":"164","t":"18:00:20","h":"Est","s":"25S-H60S200F-81-F2"},{"r":"164","t":"18:11:20","h":"Est","s":"25N-H60N000S-80-S"},{"r":"164","t":"18:11:20","h":"Est","s":"25N-H60N000S-98-S"},{"r":"164","t":"18:11:20","h":"Est","s":"25N-H60NV10S-98-S"},{"r":"164","t":"18:11:20","h":"Est","s":"25N-H60NV20S-98-S"},{"r":"164","t":"18:11:20","h":"Est","s":"25S-H60S000S-80-S"},{"r":"164","t":"18:29:20","h":"Est","s":"25N-H60N000I-80-I"},{"r":"164","t":"18:29:20","h":"Est","s":"25N-H60N100F-81-F1"},{"r":"164","t":"18:29:20","h":"Est","s":"25N-H60N200F-81-F2"},{"r":"164","t":"18:29:20","h":"Est","s":"25N-H60N300F-82-F3"},{"r":"164","t":"18:29:20","h":"Est","s":"25N-H60N400F-81-F4"},{"r":"164","t":"18:29:20","h":"Est","s":"25N-H60NV10I-80-I"},{"r":"164","t":"18:29:20","h":"Est","s":"25N-H60NV20I-80-I"},{"r":"164","t":"18:29:20","h":"Est","s":"25S-H60S000I-80-I"},{"r":"164","t":"18:29:20","h":"Est","s":"25S-H60S100F-82-F1"},{"r":"164","t":"18:29:20","h":"Est","s":"25S-H60S200F-81-F2"},{"r":"164","t":"18:30:00","h":"Est","s":"25N-H60N000A-80-A"},{"r":"164","t":"18:30:00","h":"Est","s":"25N-H60NV10A-80-A"},{"r":"164","t":"18:30:00","h":"Est","s":"25N-H60NV20A-80-A"},{"r":"164","t":"18:30:00","h":"Est","s":"25S-H60S000A-80-A"},{"r":"164","t":"18:33:20","h":"Est","s":"25N-H60N000S-80-S"},{"r":"164","t":"18:33:20","h":"Est","s":"25N-H60N000S-98-S"},{"r":"164","t":"18:33:20","h":"Est","s":"25N-H60NV10S-98-S"},{"r":"164","t":"18:33:20","h":"Est","s":"25N-H60NV20S-98-S"},{"r":"164","t":"18:33:20","h":"Est","s":"25S-H60S000S-80-S"},{"r":"164","t":"18:58:20","h":"Est","s":"25N-H60N000I-80-I"},{"r":"164","t":"18:58:20","h":"Est","s":"25N-H60N100F-81-F1"},{"r":"164","t":"18:58:20","h":"Est","s":"25N-H60N200F-81-F2"},{"r":"164","t":"18:58:20","h":"Est","s":"25N-H60N300F-82-F3"},{"r":"164","t":"18:58:20","h":"Est","s":"25N-H60N400F-81-F4"},{"r":"164","t":"18:58:20","h":"Est","s":"25N-H60NV10I-80-I"},{"r":"164","t":"18:58:20","h":"Est","s":"25N-H60NV20I-80-I"},{"r":"164","t":"18:58:20","h":"Est","s":"25S-H60S000I-80-I"},{"r":"164","t":"18:58:20","h":"Est","s":"25S-H60S100F-82-F1"},{"r":"164","t":"18:58:20","h":"Est","s":"25S-H60S200F-81-F2"},{"r":"164","t":"19:01:00","h":"Est","s":"25N-H60N000A-80-A"},{"r":"164","t":"19:01:00","h":"Est","s":"25N-H60NV10A-80-A"},{"r":"164","t":"19:01:00","h":"Est","s":"25N-H60NV20A-80-A"},{"r":"164","t":"19:01:00","h":"Est","s":"25S-H60S000A-80-A"},{"r":"164","t":"19:02:00","h":"Est","s":"25N-H60N000S-80-S"},{"r":"164","t":"19:02:00","h":"Est","s":"25N-H60N000S-98-S"},{"r":"164","t":"19:02:00","h":"Est","s":"25N-H60NV10S-98-S"},{"r":"164","t":"19:02:00","h":"Est","s":"25N-H60NV20S-98-S"},{"r":"164","t":"19:02:00","h":"Est","s":"25S-H60S000S-80-S"},{"r":"164","t":"19:26:20","h":"Est","s":"25N-H60N000I-80-I"},{"r":"164","t":"19:26:20","h":"Est","s":"25N-H60N100F-81-F1"},{"r":"164","t":"19:26:20","h":"Est","s":"25N-H60N200F-81-F2"},{"r":"164","t":"19:26:20","h":"Est","s":"25N-H60N300F-82-F3"},{"r":"164","t":"19:26:20","h":"Est","s":"25N-H60N400F-81-F4"},{"r":"164","t":"19:26:20","h":"Est","s":"25N-H60NV10I-80-I"},{"r":"164","t":"19:26:20","h":"Est","s":"25N-H60NV20I-80-I"},{"r":"164","t":"19:26:20","h":"Est","s":"25S-H60S000I-80-I"},{"r":"164","t":"19:26:20","h":"Est","s":"25S-H60S100F-82-F1"},{"r":"164","t":"19:26:20","h":"Est","s":"25S-H60S200F-81-F2"},{"r":"164","t":"19:31:00","h":"Est","s":"25N-H60N000A-80-A"},{"r":"164","t":"19:31:00","h":"Est","s":"25N-H60N000S-80-S"},{"r":"164","t":"19:31:00","h":"Est","s":"25N-H60N000S-98-S"},{"r":"164","t":"19:31:00","h":"Est","s":"25N-H60NV10A-80-A"},{"r":"164","t":"19:31:00","h":"Est","s":"25N-H60NV10S-98-S"},{"r":"164","t":"19:31:00","h":"Est","s":"25N-H60NV20A-80-A"},{"r":"164","t":"19:31:00","h":"Est","s":"25N-H60NV20S-98-S"},{"r":"164","t":"19:31:00","h":"Est","s":"25S-H60S000A-80-A"},{"r":"164","t":"19:31:00","h":"Est","s":"25S-H60S000S-80-S"},{"r":"164","t":"19:55:20","h":"Est","s":"25N-H60N000I-80-I"},{"r":"164","t":"19:55:20","h":"Est","s":"25N-H60N100F-81-F1"},{"r":"164","t":"19:55:20","h":"Est","s":"25N-H60N200F-81-F2"},{"r":"164","t":"19:55:20","h":"Est","s":"25N-H60N300F-82-F3"},{"r":"164","t":"19:55:20","h":"Est","s":"25N-H60N400F-81-F4"},{"r":"164","t":"19:55:20","h":"Est","s":"25N-H60NV10I-80-I"},{"r":"164","t":"19:55:20","h":"Est","s":"25N-H60NV20I-80-I"},{"r":"164","t":"19:55:20","h":"Est","s":"25S-H60S000I-80-I"},{"r":"164","t":"19:55:20","h":"Est","s":"25S-H60S100F-82-F1"},{"r":"164","t":"19:55:20","h":"Est","s":"25S-H60S200F-81-F2"},{"r":"164","t":"20:01:00","h":"Est","s":"25N-H60N000A-80-A"},{"r":"164","t":"20:01:00","h":"Est","s":"25N-H60NV10A-80-A"},{"r":"164","t":"20:01:00","h":"Est","s":"25N-H60NV20A-80-A"},{"r":"164","t":"20:01:00","h":"Est","s":"25S-H60S000A-80-A"},{"r":"164","t":"20:02:00","h":"Est","s":"25N-H60N000S-80-S"},{"r":"164","t":"20:02:00","h":"Est","s":"25N-H60N000S-98-S"},{"r":"164","t":"20:02:00","h":"Est","s":"25N-H60NV10S-98-S"},{"r":"164","t":"20:02:00","h":"Est","s":"25N-H60NV20S-98-S"},{"r":"164","t":"20:02:00","h":"Est","s":"25S-H60S000S-80-S"},{"r":"164","t":"20:23:20","h":"Est","s":"25N-H60N000I-80-I"},{"r":"164","t":"20:23:20","h":"Est","s":"25N-H60N100F-81-F1"},{"r":"164","t":"20:23:20","h":"Est","s":"25N-H60N200F-81-F2"},{"r":"164","t":"20:23:20","h":"Est","s":"25N-H60N300F-82-F3"},{"r":"164","t":"20:23:20","h":"Est","s":"25N-H60N400F-81-F4"},{"r":"164","t":"20:23:20","h":"Est","s":"25N-H60NV10I-80-I"},{"r":"164","t":"20:23:20","h":"Est","s":"25N-H60NV20I-80-I"},{"r":"164","t":"20:23:20","h":"Est","s":"25S-H60S000I-80-I"},{"r":"164","t":"20:23:20","h":"Est","s":"25S-H60S100F-82-F1"},{"r":"164","t":"20:23:20","h":"Est","s":"25S-H60S200F-81-F2"},{"r":"164","t":"20:31:00","h":"Est","s":"25N-H60N000A-80-A"},{"r":"164","t":"20:31:00","h":"Est","s":"25N-H60NV10A-80-A"},{"r":"164","t":"20:31:00","h":"Est","s":"25N-H60NV20A-80-A"},{"r":"164","t":"20:31:00","h":"Est","s":"25S-H60S000A-80-A"},{"r":"164","t":"20:34:00","h":"Est","s":"25N-H60N000S-80-S"},{"r":"164","t":"20:34:00","h":"Est","s":"25N-H60N000S-98-S"},{"r":"164","t":"20:34:00","h":"Est","s":"25N-H60NV10S-98-S"},{"r":"164","t":"20:34:00","h":"Est","s":"25N-H60NV20S-98-S"},{"r":"164","t":"20:34:00","h":"Est","s":"25S-H60S000S-80-S"},{"r":"164","t":"20:52:20","h":"Est","s":"25N-H60N000I-80-I"},{"r":"164","t":"20:52:20","h":"Est","s":"25N-H60N100F-81-F1"},{"r":"164","t":"20:52:20","h":"Est","s":"25N-H60N200F-81-F2"},{"r":"164","t":"20:52:20","h":"Est","s":"25N-H60N300F-82-F3"},{"r":"164","t":"20:52:20","h":"Est","s":"25N-H60N400F-81-F4"},{"r":"164","t":"20:52:20","h":"Est","s":"25N-H60NV10I-80-I"},{"r":"164","t":"20:52:20","h":"Est","s":"25N-H60NV20I-80-I"},{"r":"164","t":"20:52:20","h":"Est","s":"25S-H60S000I-80-I"},{"r":"164","t":"20:52:20","h":"Est","s":"25S-H60S100F-82-F1"},{"r":"164","t":"20:52:20","h":"Est","s":"25S-H60S200F-81-F2"},{"r":"164","t":"21:01:00","h":"Est","s":"25N-H60N000A-80-A"},{"r":"164","t":"21:01:00","h":"Est","s":"25N-H60NV10A-80-A"},{"r":"164","t":"21:01:00","h":"Est","s":"25N-H60NV20A-80-A"},{"r":"164","t":"21:01:00","h":"Est","s":"25S-H60S000A-80-A"},{"r":"164","t":"21:06:00","h":"Est","s":"25N-H60N000S-80-S"},{"r":"164","t":"21:06:00","h":"Est","s":"25N-H60N000S-98-S"},{"r":"164","t":"21:06:00","h":"Est","s":"25N-H60NV10S-98-S"},{"r":"164","t":"21:06:00","h":"Est","s":"25N-H60NV20S-98-S"},{"r":"164","t":"21:06:00","h":"Est","s":"25S-H60S000S-80-S"},{"r":"164","t":"21:22:20","h":"Est","s":"25N-H60N000I-80-I"},{"r":"164","t":"21:22:20","h":"Est","s":"25N-H60N100F-81-F1"},{"r":"164","t":"21:22:20","h":"Est","s":"25N-H60N200F-81-F2"},{"r":"164","t":"21:22:20","h":"Est","s":"25N-H60N300F-82-F3"},{"r":"164","t":"21:22:20","h":"Est","s":"25N-H60N400F-81-F4"},{"r":"164","t":"21:22:20","h":"Est","s":"25N-H60NV10I-80-I"},{"r":"164","t":"21:22:20","h":"Est","s":"25N-H60NV20I-80-I"},{"r":"164","t":"21:22:20","h":"Est","s":"25S-H60S000I-80-I"},{"r":"164","t":"21:22:20","h":"Est","s":"25S-H60S100F-82-F1"},{"r":"164","t":"21:22:20","h":"Est","s":"25S-H60S200F-81-F2"},{"r":"164","t":"21:31:00","h":"Est","s":"25N-H60N000A-80-A"},{"r":"164","t":"21:31:00","h":"Est","s":"25N-H60NV10A-80-A"},{"r":"164","t":"21:31:00","h":"Est","s":"25N-H60NV20A-80-A"},{"r":"164","t":"21:31:00","h":"Est","s":"25S-H60S000A-80-A"},{"r":"164","t":"21:38:00","h":"Est","s":"25N-H60N000S-80-S"},{"r":"164","t":"21:38:00","h":"Est","s":"25N-H60N000S-98-S"},{"r":"164","t":"21:38:00","h":"Est","s":"25N-H60NV10S-98-S"},{"r":"164","t":"21:38:00","h":"Est","s":"25N-H60NV20S-98-S"},{"r":"164","t":"21:38:00","h":"Est","s":"25S-H60S000S-80-S"},{"r":"164","t":"21:52:00","h":"Est","s":"25N-H60N000I-80-I"},{"r":"164","t":"21:52:00","h":"Est","s":"25N-H60N100F-81-F1"},{"r":"164","t":"21:52:00","h":"Est","s":"25N-H60N200F-81-F2"},{"r":"164","t":"21:52:00","h":"Est","s":"25N-H60N300F-82-F3"},{"r":"164","t":"21:52:00","h":"Est","s":"25N-H60N400F-81-F4"},{"r":"164","t":"21:52:00","h":"Est","s":"25N-H60NV10I-80-I"},{"r":"164","t":"21:52:00","h":"Est","s":"25N-H60NV20I-80-I"},{"r":"164","t":"21:52:00","h":"Est","s":"25S-H60S000I-80-I"},{"r":"164","t":"21:52:00","h":"Est","s":"25S-H60S100F-82-F1"},{"r":"164","t":"21:52:00","h":"Est","s":"25S-H60S200F-81-F2"},{"r":"164","t":"22:01:00","h":"Est","s":"25N-H60N000A-80-A"},{"r":"164","t":"22:01:00","h":"Est","s":"25N-H60NV10A-80-A"},{"r":"164","t":"22:01:00","h":"Est","s":"25N-H60NV20A-80-A"},{"r":"164","t":"22:01:00","h":"Est","s":"25S-H60S000A-80-A"},{"r":"164","t":"22:11:00","h":"Est","s":"25N-H60N000S-80-S"},{"r":"164","t":"22:11:00","h":"Est","s":"25N-H60N000S-98-S"},{"r":"164","t":"22:11:00","h":"Est","s":"25N-H60NV10S-98-S"},{"r":"164","t":"22:11:00","h":"Est","s":"25N-H60NV20S-98-S"},{"r":"164","t":"22:11:00","h":"Est","s":"25S-H60S000S-80-S"},{"r":"164","t":"22:22:00","h":"Est","s":"25N-H60N000I-80-I"},{"r":"164","t":"22:22:00","h":"Est","s":"25N-H60N100F-81-F1"},{"r":"164","t":"22:22:00","h":"Est","s":"25N-H60N200F-81-F2"},{"r":"164","t":"22:22:00","h":"Est","s":"25N-H60N300F-82-F3"},{"r":"164","t":"22:22:00","h":"Est","s":"25N-H60N400F-81-F4"},{"r":"164","t":"22:22:00","h":"Est","s":"25N-H60NV10I-80-I"},{"r":"164","t":"22:22:00","h":"Est","s":"25N-H60NV20I-80-I"},{"r":"164","t":"22:22:00","h":"Est","s":"25S-H60S000I-80-I"},{"r":"164","t":"22:22:00","h":"Est","s":"25S-H60S100F-82-F1"},{"r":"164","t":"22:22:00","h":"Est","s":"25S-H60S200F-81-F2"},{"r":"164","t":"22:31:00","h":"Est","s":"25N-H60N000A-80-A"},{"r":"164","t":"22:31:00","h":"Est","s":"25N-H60NV10A-80-A"},{"r":"164","t":"22:31:00","h":"Est","s":"25N-H60NV20A-80-A"},{"r":"164","t":"22:31:00","h":"Est","s":"25S-H60S000A-80-A"},{"r":"164","t":"22:43:00","h":"Est","s":"25N-H60N000S-80-S"},{"r":"164","t":"22:43:00","h":"Est","s":"25N-H60N000S-98-S"},{"r":"164","t":"22:43:00","h":"Est","s":"25N-H60NV10S-98-S"},{"r":"164","t":"22:43:00","h":"Est","s":"25N-H60NV20S-98-S"},{"r":"164","t":"22:43:00","h":"Est","s":"25S-H60S000S-80-S"},{"r":"164","t":"22:53:00","h":"Est","s":"25N-H60N000I-80-I"},{"r":"164","t":"22:53:00","h":"Est","s":"25N-H60N100F-81-F1"},{"r":"164","t":"22:53:00","h":"Est","s":"25N-H60N200F-81-F2"},{"r":"164","t":"22:53:00","h":"Est","s":"25N-H60N300F-82-F3"},{"r":"164","t":"22:53:00","h":"Est","s":"25N-H60N400F-81-F4"},{"r":"164","t":"22:53:00","h":"Est","s":"25N-H60NV10I-80-I"},{"r":"164","t":"22:53:00","h":"Est","s":"25N-H60NV20I-80-I"},{"r":"164","t":"22:53:00","h":"Est","s":"25S-H60S000I-80-I"},{"r":"164","t":"22:53:00","h":"Est","s":"25S-H60S100F-82-F1"},{"r":"164","t":"22:53:00","h":"Est","s":"25S-H60S200F-81-F2"},{"r":"164","t":"23:02:00","h":"Est","s":"25N-H60N000A-80-A"},{"r":"164","t":"23:02:00","h":"Est","s":"25N-H60NV10A-80-A"},{"r":"164","t":"23:02:00","h":"Est","s":"25N-H60NV20A-80-A"},{"r":"164","t":"23:02:00","h":"Est","s":"25S-H60S000A-80-A"},{"r":"164","t":"23:16:00","h":"Est","s":"25N-H60N000S-80-S"},{"r":"164","t":"23:16:00","h":"Est","s":"25N-H60N000S-98-S"},{"r":"164","t":"23:16:00","h":"Est","s":"25N-H60NV10S-98-S"},{"r":"164","t":"23:16:00","h":"Est","s":"25N-H60NV20S-98-S"},{"r":"164","t":"23:16:00","h":"Est","s":"25S-H60S000S-80-S"},{"r":"164","t":"23:23:40","h":"Est","s":"25N-H60N000I-80-I"},{"r":"164","t":"23:23:40","h":"Est","s":"25N-H60N100F-81-F1"},{"r":"164","t":"23:23:40","h":"Est","s":"25N-H60N200F-81-F2"},{"r":"164","t":"23:23:40","h":"Est","s":"25N-H60N300F-82-F3"},{"r":"164","t":"23:23:40","h":"Est","s":"25N-H60N400F-81-F4"},{"r":"164","t":"23:23:40","h":"Est","s":"25N-H60NV10I-80-I"},{"r":"164","t":"23:23:40","h":"Est","s":"25N-H60NV20I-80-I"},{"r":"164","t":"23:23:40","h":"Est","s":"25S-H60S000I-80-I"},{"r":"164","t":"23:23:40","h":"Est","s":"25S-H60S100F-82-F1"},{"r":"164","t":"23:23:40","h":"Est","s":"25S-H60S200F-81-F2"},{"r":"164","t":"23:33:00","h":"Est","s":"25N-H60N000A-80-A"},{"r":"164","t":"23:33:00","h":"Est","s":"25N-H60NV10A-80-A"},{"r":"164","t":"23:33:00","h":"Est","s":"25N-H60NV20A-80-A"},{"r":"164","t":"23:33:00","h":"Est","s":"25S-H60S000A-80-A"},{"r":"164","t":"23:50:00","h":"Est","s":"25N-H60N000S-80-S"},{"r":"164","t":"23:50:00","h":"Est","s":"25N-H60N000S-98-S"},{"r":"164","t":"23:50:00","h":"Est","s":"25N-H60NV10S-98-S"},{"r":"164","t":"23:50:00","h":"Est","s":"25N-H60NV20S-98-S"},{"r":"164","t":"23:50:00","h":"Est","s":"25S-H60S000S-80-S"},{"r":"164","t":"23:55:40","h":"Est","s":"25N-H60N000I-80-I"},{"r":"164","t":"23:55:40","h":"Est","s":"25N-H60N100F-81-F1"},{"r":"164","t":"23:55:40","h":"Est","s":"25N-H60N200F-81-F2"},{"r":"164","t":"23:55:40","h":"Est","s":"25N-H60N300F-82-F3"},{"r":"164","t":"23:55:40","h":"Est","s":"25N-H60N400F-81-F4"},{"r":"164","t":"23:55:40","h":"Est","s":"25N-H60NV10I-80-I"},{"r":"164","t":"23:55:40","h":"Est","s":"25N-H60NV20I-80-I"},{"r":"164","t":"23:55:40","h":"Est","s":"25S-H60S000I-80-I"},{"r":"164","t":"23:55:40","h":"Est","s":"25S-H60S100F-82-F1"},{"r":"164","t":"23:55:40","h":"Est","s":"25S-H60S200F-81-F2"},{"r":"164","t":"24:03:00","h":"Est","s":"25N-H60N000A-80-A"},{"r":"164","t":"24:03:00","h":"Est","s":"25N-H60NV10A-80-A"},{"r":"164","t":"24:03:00","h":"Est","s":"25N-H60NV20A-80-A"},{"r":"164","t":"24:03:00","h":"Est","s":"25S-H60S000A-80-A"},{"r":"164","t":"24:26:40","h":"Est","s":"25N-H60N000I-80-I"},{"r":"164","t":"24:26:40","h":"Est","s":"25N-H60N100F-81-F1"},{"r":"164","t":"24:26:40","h":"Est","s":"25N-H60N200F-81-F2"},{"r":"164","t":"24:26:40","h":"Est","s":"25N-H60N300F-82-F3"},{"r":"164","t":"24:26:40","h":"Est","s":"25N-H60N400F-81-F4"},{"r":"164","t":"24:26:40","h":"Est","s":"25N-H60NV10I-80-I"},{"r":"164","t":"24:26:40","h":"Est","s":"25N-H60NV20I-80-I"},{"r":"164","t":"24:26:40","h":"Est","s":"25S-H60S000I-80-I"},{"r":"164","t":"24:26:40","h":"Est","s":"25S-H60S100F-82-F1"},{"r":"164","t":"24:26:40","h":"Est","s":"25S-H60S200F-81-F2"},{"r":"164","t":"24:29:00","h":"Est","s":"25N-H60N000S-80-S"},{"r":"164","t":"24:29:00","h":"Est","s":"25N-H60N000S-98-S"},{"r":"164","t":"24:29:00","h":"Est","s":"25N-H60NV10S-98-S"},{"r":"164","t":"24:29:00","h":"Est","s":"25N-H60NV20S-98-S"},{"r":"164","t":"24:29:00","h":"Est","s":"25S-H60S000S-80-S"},{"r":"164","t":"24:35:00","h":"Est","s":"25N-H60N000A-80-A"},{"r":"164","t":"24:35:00","h":"Est","s":"25N-H60NV10A-80-A"},{"r":"164","t":"24:35:00","h":"Est","s":"25N-H60NV20A-80-A"},{"r":"164","t":"24:35:00","h":"Est","s":"25S-H60S000A-80-A"},{"r":"164","t":"24:56:40","h":"Est","s":"25N-H60N000I-80-I"},{"r":"164","t":"24:56:40","h":"Est","s":"25N-H60N100F-81-F1"},{"r":"164","t":"24:56:40","h":"Est","s":"25N-H60N200F-81-F2"},{"r":"164","t":"24:56:40","h":"Est","s":"25N-H60N300F-82-F3"},{"r":"164","t":"24:56:40","h":"Est","s":"25N-H60N400F-81-F4"},{"r":"164","t":"24:56:40","h":"Est","s":"25N-H60NV10I-80-I"},{"r":"164","t":"24:56:40","h":"Est","s":"25N-H60NV20I-80-I"},{"r":"164","t":"24:56:40","h":"Est","s":"25S-H60S000I-80-I"},{"r":"164","t":"24:56:40","h":"Est","s":"25S-H60S100F-82-F1"},{"r":"164","t":"24:56:40","h":"Est","s":"25S-H60S200F-81-F2"},{"r":"164","t":"25:07:00","h":"Est","s":"25N-H60N000A-80-A"},{"r":"164","t":"25:07:00","h":"Est","s":"25N-H60NV10A-80-A"},{"r":"164","t":"25:07:00","h":"Est","s":"25N-H60NV20A-80-A"},{"r":"164","t":"25:07:00","h":"Est","s":"25S-H60S000A-80-A"},{"r":"164","t":"25:08:00","h":"Est","s":"25N-H60N000S-80-S"},{"r":"164","t":"25:08:00","h":"Est","s":"25N-H60N000S-98-S"},{"r":"164","t":"25:08:00","h":"Est","s":"25N-H60NV10S-98-S"},{"r":"164","t":"25:08:00","h":"Est","s":"25N-H60NV20S-98-S"},{"r":"164","t":"25:08:00","h":"Est","s":"25S-H60S000S-80-S"},{"r":"164","t":"25:38:00","h":"Est","s":"25N-H60N000A-80-A"},{"r":"164","t":"25:38:00","h":"Est","s":"25N-H60NV10A-80-A"},{"r":"164","t":"25:38:00","h":"Est","s":"25N-H60NV20A-80-A"},{"r":"164","t":"25:38:00","h":"Est","s":"25S-H60S000A-80-A"}]