[{"r":"121","t":"05:19:00","h":"Est","s":"25N-H58N000A-80-A"},{"r":"121","t":"05:19:00","h":"Est","s":"25N-H58NV10A-80-A"},{"r":"121","t":"05:19:00","h":"Est","s":"25N-H58NV20A-80-A"},{"r":"121","t":"05:19:00","h":"Est","s":"25S-H58S000A-80-A"},{"r":"121","t":"05:20:00","h":"Est","s":"25N-H58N000I-80-I"},{"r":"121","t":"05:20:00","h":"Est","s":"25N-H58N000S-80-S"},{"r":"121","t":"05:20:00","h":"Est","s":"25N-H58N100F-80-F1"},{"r":"121","t":"05:20:00","h":"Est","s":"25N-H58N200F-80-F2"},{"r":"121","t":"05:20:00","h":"Est","s":"25N-H58N300F-80-F3"},{"r":"121","t":"05:20:00","h":"Est","s":"25N-H58N400F-80-F4"},{"r":"121","t":"05:20:00","h":"Est","s":"25N-H58NV10I-80-I"},{"r":"121","t":"05:20:00","h":"Est","s":"25N-H58NV10S-80-S"},{"r":"121","t":"05:20:00","h":"Est","s":"25N-H58NV20I-80-I"},{"r":"121","t":"05:20:00","h":"Est","s":"25N-H58NV20S-80-S"},{"r":"121","t":"05:20:00","h":"Est","s":"25S-H58S000I-80-I"},{"r":"121","t":"05:20:00","h":"Est","s":"25S-H58S000S-80-S"},{"r":"121","t":"05:20:00","h":"Est","s":"25S-H58S100F-80-F1"},{"r":"121","t":"05:20:00","h":"Est","s":"25S-H58S200F-80-F2"},{"r":"121","t":"05:42:00","h":"Est","s":"25N-H58N000S-80-S"},{"r":"121","t":"05:42:00","h":"Est","s":"25N-H58NV10S-80-S"},{"r":"121","t":"05:42:00","h":"Est","s":"25N-H58NV20S-80-S"},{"r":"121","t":"05:42:00","h":"Est","s":"25S-H58S000S-80-S"},{"r":"121","t":"05:51:00","h":"Est","s":"25N-H58N000A-80-A"},{"r":"121","t":"05:51:00","h":"Est","s":"25N-H58NV10A-80-A"},{"r":"121","t":"05:51:00","h":"Est","s":"25N-H58NV20A-80-A"},{"r":"121","t":"05:51:00","h":"Est","s":"25S-H58S000A-80-A"},{"r":"121","t":"05:52:00","h":"Est","s":"25N-H58N000I-80-I"},{"r":"121","t":"05:52:00","h":"Est","s":"25N-H58N100F-80-F1"},{"r":"121","t":"05:52:00","h":"Est","s":"25N-H58N200F-80-F2"},{"r":"121","t":"05:52:00","h":"Est","s":"25N-H58N300F-80-F3"},{"r":"121","t":"05:52:00","h":"Est","s":"25N-H58N400F-80-F4"},{"r":"121","t":"05:52:00","h":"Est","s":"25N-H58NV10I-80-I"},{"r":"121","t":"05:52:00","h":"Est","s":"25N-H58NV20I-80-I"},{"r":"121","t":"05:52:00","h":"Est","s":"25S-H58S000I-80-I"},{"r":"121","t":"05:52:00","h":"Est","s":"25S-H58S100F-80-F1"},{"r":"121","t":"05:52:00","h":"Est","s":"25S-H58S200F-80-F2"},{"r":"121","t":"06:14:00","h":"Est","s":"25N-H58N000S-80-S"},{"r":"121","t":"06:14:00","h":"Est","s":"25N-H58NV10S-80-S"},{"r":"121","t":"06:14:00","h":"Est","s":"25N-H58NV20S-80-S"},{"r":"121","t":"06:14:00","h":"Est","s":"25S-H58S000S-80-S"},{"r":"121","t":"06:19:00","h":"Est","s":"25N-H58N000A-80-A"},{"r":"121","t":"06:19:00","h":"Est","s":"25N-H58NV10A-80-A"},{"r":"121","t":"06:19:00","h":"Est","s":"25N-H58NV20A-80-A"},{"r":"121","t":"06:19:00","h":"Est","s":"25S-H58S000A-80-A"},{"r":"121","t":"06:22:00","h":"Est","s":"25N-H58N000I-80-I"},{"r":"121","t":"06:22:00","h":"Est","s":"25N-H58N100F-80-F1"},{"r":"121","t":"06:22:00","h":"Est","s":"25N-H58N200F-80-F2"},{"r":"121","t":"06:22:00","h":"Est","s":"25N-H58N300F-80-F3"},{"r":"121","t":"06:22:00","h":"Est","s":"25N-H58N400F-80-F4"},{"r":"121","t":"06:22:00","h":"Est","s":"25N-H58NV10I-80-I"},{"r":"121","t":"06:22:00","h":"Est","s":"25N-H58NV20I-80-I"},{"r":"121","t":"06:22:00","h":"Est","s":"25S-H58S000I-80-I"},{"r":"121","t":"06:22:00","h":"Est","s":"25S-H58S100F-80-F1"},{"r":"121","t":"06:22:00","h":"Est","s":"25S-H58S200F-80-F2"},{"r":"121","t":"06:26:00","h":"Est","s":"25N-H58N000S-80-S"},{"r":"121","t":"06:26:00","h":"Est","s":"25N-H58NV10S-80-S"},{"r":"121","t":"06:26:00","h":"Est","s":"25N-H58NV20S-80-S"},{"r":"121","t":"06:26:00","h":"Est","s":"25S-H58S000S-80-S"},{"r":"121","t":"06:37:00","h":"Est","s":"25N-H58N000S-80-S"},{"r":"121","t":"06:37:00","h":"Est","s":"25N-H58NV10S-80-S"},{"r":"121","t":"06:37:00","h":"Est","s":"25N-H58NV20S-80-S"},{"r":"121","t":"06:37:00","h":"Est","s":"25S-H58S000S-80-S"},{"r":"121","t":"06:48:00","h":"Est","s":"25N-H58N000S-80-S"},{"r":"121","t":"06:48:00","h":"Est","s":"25N-H58NV10S-80-S"},{"r":"121","t":"06:48:00","h":"Est","s":"25N-H58NV20S-80-S"},{"r":"121","t":"06:48:00","h":"Est","s":"25S-H58S000S-80-S"},{"r":"121","t":"06:53:00","h":"Est","s":"25N-H58N000I-80-I"},{"r":"121","t":"06:53:00","h":"Est","s":"25N-H58N100F-80-F1"},{"r":"121","t":"06:53:00","h":"Est","s":"25N-H58N200F-80-F2"},{"r":"121","t":"06:53:00","h":"Est","s":"25N-H58N300F-80-F3"},{"r":"121","t":"06:53:00","h":"Est","s":"25N-H58N400F-80-F4"},{"r":"121","t":"06:53:00","h":"Est","s":"25N-H58NV10I-80-I"},{"r":"121","t":"06:53:00","h":"Est","s":"25N-H58NV20I-80-I"},{"r":"121","t":"06:53:00","h":"Est","s":"25S-H58S000I-80-I"},{"r":"121","t":"06:53:00","h":"Est","s":"25S-H58S100F-80-F1"},{"r":"121","t":"06:53:00","h":"Est","s":"25S-H58S200F-80-F2"},{"r":"121","t":"06:54:00","h":"Est","s":"25N-H58N000A-80-A"},{"r":"121","t":"06:54:00","h":"Est","s":"25N-H58NV10A-80-A"},{"r":"121","t":"06:54:00","h":"Est","s":"25N-H58NV20A-80-A"},{"r":"121","t":"06:54:00","h":"Est","s":"25S-H58S000A-80-A"},{"r":"121","t":"07:02:00","h":"Est","s":"25N-H58N000S-80-S"},{"r":"121","t":"07:02:00","h":"Est","s":"25N-H58NV10S-80-S"},{"r":"121","t":"07:02:00","h":"Est","s":"25N-H58NV20S-80-S"},{"r":"121","t":"07:02:00","h":"Est","s":"25S-H58S000S-80-S"},{"r":"121","t":"07:16:00","h":"Est","s":"25N-H58N000S-80-S"},{"r":"121","t":"07:16:00","h":"Est","s":"25N-H58NV10S-80-S"},{"r":"121","t":"07:16:00","h":"Est","s":"25N-H58NV20S-80-S"},{"r":"121","t":"07:16:00","h":"Est","s":"25S-H58S000S-80-S"},{"r":"121","t":"07:22:00","h":"Est","s":"25N-H58N000S-80-S"},{"r":"121","t":"07:22:00","h":"Est","s":"25N-H58NV10S-80-S"},{"r":"121","t":"07:22:00","h":"Est","s":"25N-H58NV20S-80-S"},{"r":"121","t":"07:22:00","h":"Est","s":"25S-H58S000S-80-S"},{"r":"121","t":"07:23:00","h":"Est","s":"25N-H58N000I-80-I"},{"r":"121","t":"07:23:00","h":"Est","s":"25N-H58N100F-80-F1"},{"r":"121","t":"07:23:00","h":"Est","s":"25N-H58N200F-80-F2"},{"r":"121","t":"07:23:00","h":"Est","s":"25N-H58N300F-80-F3"},{"r":"121","t":"07:23:00","h":"Est","s":"25N-H58N400F-80-F4"},{"r":"121","t":"07:23:00","h":"Est","s":"25N-H58NV10I-80-I"},{"r":"121","t":"07:23:00","h":"Est","s":"25N-H58NV20I-80-I"},{"r":"121","t":"07:23:00","h":"Est","s":"25S-H58S000I-80-I"},{"r":"121","t":"07:23:00","h":"Est","s":"25S-H58S100F-80-F1"},{"r":"121","t":"07:23:00","h":"Est","s":"25S-H58S200F-80-F2"},{"r":"121","t":"07:26:00","h":"Est","s":"25N-H58N000A-80-A"},{"r":"121","t":"07:26:00","h":"Est","s":"25N-H58NV10A-80-A"},{"r":"121","t":"07:26:00","h":"Est","s":"25N-H58NV20A-80-A"},{"r":"121","t":"07:26:00","h":"Est","s":"25S-H58S000A-80-A"},{"r":"121","t":"07:28:00","h":"Est","s":"25N-H58N000S-80-S"},{"r":"121","t":"07:28:00","h":"Est","s":"25N-H58NV10S-80-S"},{"r":"121","t":"07:28:00","h":"Est","s":"25N-H58NV20S-80-S"},{"r":"121","t":"07:28:00","h":"Est","s":"25S-H58S000S-80-S"},{"r":"121","t":"07:35:00","h":"Est","s":"25N-H58N000S-80-S"},{"r":"121","t":"07:35:00","h":"Est","s":"25N-H58NV10S-80-S"},{"r":"121","t":"07:35:00","h":"Est","s":"25N-H58NV20S-80-S"},{"r":"121","t":"07:35:00","h":"Est","s":"25S-H58S000S-80-S"},{"r":"121","t":"07:40:00","h":"Est","s":"25N-H58N000S-80-S"},{"r":"121","t":"07:40:00","h":"Est","s":"25N-H58NV10S-80-S"},{"r":"121","t":"07:40:00","h":"Est","s":"25N-H58NV20S-80-S"},{"r":"121","t":"07:40:00","h":"Est","s":"25S-H58S000S-80-S"},{"r":"121","t":"07:45:00","h":"Est","s":"25N-H58N000S-80-S"},{"r":"121","t":"07:45:00","h":"Est","s":"25N-H58NV10S-80-S"},{"r":"121","t":"07:45:00","h":"Est","s":"25N-H58NV20S-80-S"},{"r":"121","t":"07:45:00","h":"Est","s":"25S-H58S000S-80-S"},{"r":"121","t":"07:51:00","h":"Est","s":"25N-H58N000S-80-S"},{"r":"121","t":"07:51:00","h":"Est","s":"25N-H58NV10S-80-S"},{"r":"121","t":"07:51:00","h":"Est","s":"25N-H58NV20S-80-S"},{"r":"121","t":"07:51:00","h":"Est","s":"25S-H58S000S-80-S"},{"r":"121","t":"07:56:00","h":"Est","s":"25N-H58N000A-80-A"},{"r":"121","t":"07:56:00","h":"Est","s":"25N-H58N000I-80-I"},{"r":"121","t":"07:56:00","h":"Est","s":"25N-H58N100F-80-F1"},{"r":"121","t":"07:56:00","h":"Est","s":"25N-H58N200F-80-F2"},{"r":"121","t":"07:56:00","h":"Est","s":"25N-H58N300F-80-F3"},{"r":"121","t":"07:56:00","h":"Est","s":"25N-H58N400F-80-F4"},{"r":"121","t":"07:56:00","h":"Est","s":"25N-H58NV10A-80-A"},{"r":"121","t":"07:56:00","h":"Est","s":"25N-H58NV10I-80-I"},{"r":"121","t":"07:56:00","h":"Est","s":"25N-H58NV20A-80-A"},{"r":"121","t":"07:56:00","h":"Est","s":"25N-H58NV20I-80-I"},{"r":"121","t":"07:56:00","h":"Est","s":"25S-H58S000A-80-A"},{"r":"121","t":"07:56:00","h":"Est","s":"25S-H58S000I-80-I"},{"r":"121","t":"07:56:00","h":"Est","s":"25S-H58S100F-80-F1"},{"r":"121","t":"07:56:00","h":"Est","s":"25S-H58S200F-80-F2"},{"r":"121","t":"07:57:00","h":"Est","s":"25N-H58N000S-80-S"},{"r":"121","t":"07:57:00","h":"Est","s":"25N-H58NV10S-80-S"},{"r":"121","t":"07:57:00","h":"Est","s":"25N-H58NV20S-80-S"},{"r":"121","t":"07:57:00","h":"Est","s":"25S-H58S000S-80-S"},{"r":"121","t":"08:07:00","h":"Est","s":"25N-H58N000S-80-S"},{"r":"121","t":"08:07:00","h":"Est","s":"25N-H58NV10S-80-S"},{"r":"121","t":"08:07:00","h":"Est","s":"25N-H58NV20S-80-S"},{"r":"121","t":"08:07:00","h":"Est","s":"25S-H58S000S-80-S"},{"r":"121","t":"08:17:00","h":"Est","s":"25N-H58N000S-80-S"},{"r":"121","t":"08:17:00","h":"Est","s":"25N-H58NV10S-80-S"},{"r":"121","t":"08:17:00","h":"Est","s":"25N-H58NV20S-80-S"},{"r":"121","t":"08:17:00","h":"Est","s":"25S-H58S000S-80-S"},{"r":"121","t":"08:26:00","h":"Est","s":"25N-H58N000A-80-A"},{"r":"121","t":"08:26:00","h":"Est","s":"25N-H58NV10A-80-A"},{"r":"121","t":"08:26:00","h":"Est","s":"25N-H58NV20A-80-A"},{"r":"121","t":"08:26:00","h":"Est","s":"25S-H58S000A-80-A"},{"r":"121","t":"08:27:00","h":"Est","s":"25N-H58N000I-80-I"},{"r":"121","t":"08:27:00","h":"Est","s":"25N-H58N100F-80-F1"},{"r":"121","t":"08:27:00","h":"Est","s":"25N-H58N200F-80-F2"},{"r":"121","t":"08:27:00","h":"Est","s":"25N-H58N300F-80-F3"},{"r":"121","t":"08:27:00","h":"Est","s":"25N-H58N400F-80-F4"},{"r":"121","t":"08:27:00","h":"Est","s":"25N-H58NV10I-80-I"},{"r":"121","t":"08:27:00","h":"Est","s":"25N-H58NV20I-80-I"},{"r":"121","t":"08:27:00","h":"Est","s":"25S-H58S000I-80-I"},{"r":"121","t":"08:27:00","h":"Est","s":"25S-H58S100F-80-F1"},{"r":"121","t":"08:27:00","h":"Est","s":"25S-H58S200F-80-F2"},{"r":"121","t":"08:28:00","h":"Est","s":"25N-H58N000S-80-S"},{"r":"121","t":"08:28:00","h":"Est","s":"25N-H58NV10S-80-S"},{"r":"121","t":"08:28:00","h":"Est","s":"25N-H58NV20S-80-S"},{"r":"121","t":"08:28:00","h":"Est","s":"25S-H58S000S-80-S"},{"r":"121","t":"08:38:00","h":"Est","s":"25N-H58N000S-80-S"},{"r":"121","t":"08:38:00","h":"Est","s":"25N-H58NV10S-80-S"},{"r":"121","t":"08:38:00","h":"Est","s":"25N-H58NV20S-80-S"},{"r":"121","t":"08:38:00","h":"Est","s":"25S-H58S000S-80-S"},{"r":"121","t":"08:48:00","h":"Est","s":"25N-H58N000S-80-S"},{"r":"121","t":"08:48:00","h":"Est","s":"25N-H58NV10S-80-S"},{"r":"121","t":"08:48:00","h":"Est","s":"25N-H58NV20S-80-S"},{"r":"121","t":"08:48:00","h":"Est","s":"25S-H58S000S-80-S"},{"r":"121","t":"08:55:00","h":"Est","s":"25N-H58N000A-80-A"},{"r":"121","t":"08:55:00","h":"Est","s":"25N-H58NV10A-80-A"},{"r":"121","t":"08:55:00","h":"Est","s":"25N-H58NV20A-80-A"},{"r":"121","t":"08:55:00","h":"Est","s":"25S-H58S000A-80-A"},{"r":"121","t":"08:56:00","h":"Est","s":"25N-H58N000I-80-I"},{"r":"121","t":"08:56:00","h":"Est","s":"25N-H58N100F-80-F1"},{"r":"121","t":"08:56:00","h":"Est","s":"25N-H58N200F-80-F2"},{"r":"121","t":"08:56:00","h":"Est","s":"25N-H58N300F-80-F3"},{"r":"121","t":"08:56:00","h":"Est","s":"25N-H58N400F-80-F4"},{"r":"121","t":"08:56:00","h":"Est","s":"25N-H58NV10I-80-I"},{"r":"121","t":"08:56:00","h":"Est","s":"25N-H58NV20I-80-I"},{"r":"121","t":"08:56:00","h":"Est","s":"25S-H58S000I-80-I"},{"r":"121","t":"08:56:00","h":"Est","s":"25S-H58S100F-80-F1"},{"r":"121","t":"08:56:00","h":"Est","s":"25S-H58S200F-80-F2"},{"r":"121","t":"08:57:00","h":"Est","s":"25N-H58N000S-80-S"},{"r":"121","t":"08:57:00","h":"Est","s":"25N-H58NV10S-80-S"},{"r":"121","t":"08:57:00","h":"Est","s":"25N-H58NV20S-80-S"},{"r":"121","t":"08:57:00","h":"Est","s":"25S-H58S000S-80-S"},{"r":"121","t":"09:06:00","h":"Est","s":"25N-H58N000S-80-S"},{"r":"121","t":"09:06:00","h":"Est","s":"25N-H58NV10S-80-S"},{"r":"121","t":"09:06:00","h":"Est","s":"25N-H58NV20S-80-S"},{"r":"121","t":"09:06:00","h":"Est","s":"25S-H58S000S-80-S"},{"r":"121","t":"09:17:00","h":"Est","s":"25N-H58N000S-80-S"},{"r":"121","t":"09:17:00","h":"Est","s":"25N-H58NV10S-80-S"},{"r":"121","t":"09:17:00","h":"Est","s":"25N-H58NV20S-80-S"},{"r":"121","t":"09:17:00","h":"Est","s":"25S-H58S000S-80-S"},{"r":"121","t":"09:18:00","h":"Est","s":"25N-H58N000A-80-A"},{"r":"121","t":"09:18:00","h":"Est","s":"25N-H58NV10A-80-A"},{"r":"121","t":"09:18:00","h":"Est","s":"25N-H58NV20A-80-A"},{"r":"121","t":"09:18:00","h":"Est","s":"25S-H58S000A-80-A"},{"r":"121","t":"09:25:00","h":"Est","s":"25N-H58N000I-80-I"},{"r":"121","t":"09:25:00","h":"Est","s":"25N-H58N100F-80-F1"},{"r":"121","t":"09:25:00","h":"Est","s":"25N-H58N200F-80-F2"},{"r":"121","t":"09:25:00","h":"Est","s":"25N-H58N300F-80-F3"},{"r":"121","t":"09:25:00","h":"Est","s":"25N-H58N400F-80-F4"},{"r":"121","t":"09:25:00","h":"Est","s":"25N-H58NV10I-80-I"},{"r":"121","t":"09:25:00","h":"Est","s":"25N-H58NV20I-80-I"},{"r":"121","t":"09:25:00","h":"Est","s":"25S-H58S000I-80-I"},{"r":"121","t":"09:25:00","h":"Est","s":"25S-H58S100F-80-F1"},{"r":"121","t":"09:25:00","h":"Est","s":"25S-H58S200F-80-F2"},{"r":"121","t":"09:29:00","h":"Est","s":"25N-H58N000S-80-S"},{"r":"121","t":"09:29:00","h":"Est","s":"25N-H58NV10S-80-S"},{"r":"121","t":"09:29:00","h":"Est","s":"25N-H58NV20S-80-S"},{"r":"121","t":"09:29:00","h":"Est","s":"25S-H58S000S-80-S"},{"r":"121","t":"09:40:00","h":"Est","s":"25N-H58N000S-80-S"},{"r":"121","t":"09:40:00","h":"Est","s":"25N-H58NV10S-80-S"},{"r":"121","t":"09:40:00","h":"Est","s":"25N-H58NV20S-80-S"},{"r":"121","t":"09:40:00","h":"Est","s":"25S-H58S000S-80-S"},{"r":"121","t":"09:42:00","h":"Est","s":"25N-H58N000A-80-A"},{"r":"121","t":"09:42:00","h":"Est","s":"25N-H58NV10A-80-A"},{"r":"121","t":"09:42:00","h":"Est","s":"25N-H58NV20A-80-A"},{"r":"121","t":"09:42:00","h":"Est","s":"25S-H58S000A-80-A"},{"r":"121","t":"09:45:00","h":"Est","s":"25N-H58N000I-80-I"},{"r":"121","t":"09:45:00","h":"Est","s":"25N-H58N100F-80-F1"},{"r":"121","t":"09:45:00","h":"Est","s":"25N-H58N200F-80-F2"},{"r":"121","t":"09:45:00","h":"Est","s":"25N-H58N300F-80-F3"},{"r":"121","t":"09:45:00","h":"Est","s":"25N-H58N400F-80-F4"},{"r":"121","t":"09:45:00","h":"Est","s":"25N-H58NV10I-80-I"},{"r":"121","t":"09:45:00","h":"Est","s":"25N-H58NV20I-80-I"},{"r":"121","t":"09:45:00","h":"Est","s":"25S-H58S000I-80-I"},{"r":"121","t":"09:45:00","h":"Est","s":"25S-H58S100F-80-F1"},{"r":"121","t":"09:45:00","h":"Est","s":"25S-H58S200F-80-F2"},{"r":"121","t":"09:48:00","h":"Est","s":"25N-H58N000S-80-S"},{"r":"121","t":"09:48:00","h":"Est","s":"25N-H58NV10S-80-S"},{"r":"121","t":"09:48:00","h":"Est","s":"25N-H58NV20S-80-S"},{"r":"121","t":"09:48:00","h":"Est","s":"25S-H58S000S-80-S"},{"r":"121","t":"09:55:00","h":"Est","s":"25N-H58N000S-80-S"},{"r":"121","t":"09:55:00","h":"Est","s":"25N-H58NV10S-80-S"},{"r":"121","t":"09:55:00","h":"Est","s":"25N-H58NV20S-80-S"},{"r":"121","t":"09:55:00","h":"Est","s":"25S-H58S000S-80-S"},{"r":"121","t":"10:04:00","h":"Est","s":"25N-H58N000S-80-S"},{"r":"121","t":"10:04:00","h":"Est","s":"25N-H58NV10S-80-S"},{"r":"121","t":"10:04:00","h":"Est","s":"25N-H58NV20S-80-S"},{"r":"121","t":"10:04:00","h":"Est","s":"25S-H58S000S-80-S"},{"r":"121","t":"10:07:00","h":"Est","s":"25N-H58N000A-80-A"},{"r":"121","t":"10:07:00","h":"Est","s":"25N-H58NV10A-80-A"},{"r":"121","t":"10:07:00","h":"Est","s":"25N-H58NV20A-80-A"},{"r":"121","t":"10:07:00","h":"Est","s":"25S-H58S000A-80-A"},{"r":"121","t":"10:09:00","h":"Est","s":"25N-H58N000I-80-I"},{"r":"121","t":"10:09:00","h":"Est","s":"25N-H58N100F-80-F1"},{"r":"121","t":"10:09:00","h":"Est","s":"25N-H58N200F-80-F2"},{"r":"121","t":"10:09:00","h":"Est","s":"25N-H58N300F-80-F3"},{"r":"121","t":"10:09:00","h":"Est","s":"25N-H58N400F-80-F4"},{"r":"121","t":"10:09:00","h":"Est","s":"25N-H58NV10I-80-I"},{"r":"121","t":"10:09:00","h":"Est","s":"25N-H58NV20I-80-I"},{"r":"121","t":"10:09:00","h":"Est","s":"25S-H58S000I-80-I"},{"r":"121","t":"10:09:00","h":"Est","s":"25S-H58S100F-80-F1"},{"r":"121","t":"10:09:00","h":"Est","s":"25S-H58S200F-80-F2"},{"r":"121","t":"10:12:00","h":"Est","s":"25N-H58N000S-80-S"},{"r":"121","t":"10:12:00","h":"Est","s":"25N-H58NV10S-80-S"},{"r":"121","t":"10:12:00","h":"Est","s":"25N-H58NV20S-80-S"},{"r":"121","t":"10:12:00","h":"Est","s":"25S-H58S000S-80-S"},{"r":"121","t":"10:22:00","h":"Est","s":"25N-H58N000S-80-S"},{"r":"121","t":"10:22:00","h":"Est","s":"25N-H58NV10S-80-S"},{"r":"121","t":"10:22:00","h":"Est","s":"25N-H58NV20S-80-S"},{"r":"121","t":"10:22:00","h":"Est","s":"25S-H58S000S-80-S"},{"r":"121","t":"10:28:00","h":"Est","s":"25N-H58N000I-80-I"},{"r":"121","t":"10:28:00","h":"Est","s":"25N-H58N100F-80-F1"},{"r":"121","t":"10:28:00","h":"Est","s":"25N-H58N200F-80-F2"},{"r":"121","t":"10:28:00","h":"Est","s":"25N-H58N300F-80-F3"},{"r":"121","t":"10:28:00","h":"Est","s":"25N-H58N400F-80-F4"},{"r":"121","t":"10:28:00","h":"Est","s":"25N-H58NV10I-80-I"},{"r":"121","t":"10:28:00","h":"Est","s":"25N-H58NV20I-80-I"},{"r":"121","t":"10:28:00","h":"Est","s":"25S-H58S000I-80-I"},{"r":"121","t":"10:28:00","h":"Est","s":"25S-H58S100F-80-F1"},{"r":"121","t":"10:28:00","h":"Est","s":"25S-H58S200F-80-F2"},{"r":"121","t":"10:31:00","h":"Est","s":"25N-H58N000A-80-A"},{"r":"121","t":"10:31:00","h":"Est","s":"25N-H58NV10A-80-A"},{"r":"121","t":"10:31:00","h":"Est","s":"25N-H58NV20A-80-A"},{"r":"121","t":"10:31:00","h":"Est","s":"25S-H58S000A-80-A"},{"r":"121","t":"10:33:00","h":"Est","s":"25N-H58N000S-80-S"},{"r":"121","t":"10:33:00","h":"Est","s":"25N-H58NV10S-80-S"},{"r":"121","t":"10:33:00","h":"Est","s":"25N-H58NV20S-80-S"},{"r":"121","t":"10:33:00","h":"Est","s":"25S-H58S000S-80-S"},{"r":"121","t":"10:45:00","h":"Est","s":"25N-H58N000S-80-S"},{"r":"121","t":"10:45:00","h":"Est","s":"25N-H58NV10S-80-S"},{"r":"121","t":"10:45:00","h":"Est","s":"25N-H58NV20S-80-S"},{"r":"121","t":"10:45:00","h":"Est","s":"25S-H58S000S-80-S"},{"r":"121","t":"10:48:00","h":"Est","s":"25N-H58N000I-80-I"},{"r":"121","t":"10:48:00","h":"Est","s":"25N-H58N100F-80-F1"},{"r":"121","t":"10:48:00","h":"Est","s":"25N-H58N200F-80-F2"},{"r":"121","t":"10:48:00","h":"Est","s":"25N-H58N300F-80-F3"},{"r":"121","t":"10:48:00","h":"Est","s":"25N-H58N400F-80-F4"},{"r":"121","t":"10:48:00","h":"Est","s":"25N-H58NV10I-80-I"},{"r":"121","t":"10:48:00","h":"Est","s":"25N-H58NV20I-80-I"},{"r":"121","t":"10:48:00","h":"Est","s":"25S-H58S000I-80-I"},{"r":"121","t":"10:48:00","h":"Est","s":"25S-H58S100F-80-F1"},{"r":"121","t":"10:48:00","h":"Est","s":"25S-H58S200F-80-F2"},{"r":"121","t":"10:51:00","h":"Est","s":"25N-H58N000A-80-A"},{"r":"121","t":"10:51:00","h":"Est","s":"25N-H58NV10A-80-A"},{"r":"121","t":"10:51:00","h":"Est","s":"25N-H58NV20A-80-A"},{"r":"121","t":"10:51:00","h":"Est","s":"25S-H58S000A-80-A"},{"r":"121","t":"10:56:00","h":"Est","s":"25N-H58N000S-80-S"},{"r":"121","t":"10:56:00","h":"Est","s":"25N-H58NV10S-80-S"},{"r":"121","t":"10:56:00","h":"Est","s":"25N-H58NV20S-80-S"},{"r":"121","t":"10:56:00","h":"Est","s":"25S-H58S000S-80-S"},{"r":"121","t":"11:08:00","h":"Est","s":"25N-H58N000S-80-S"},{"r":"121","t":"11:08:00","h":"Est","s":"25N-H58NV10S-80-S"},{"r":"121","t":"11:08:00","h":"Est","s":"25N-H58NV20S-80-S"},{"r":"121","t":"11:08:00","h":"Est","s":"25S-H58S000S-80-S"},{"r":"121","t":"11:11:00","h":"Est","s":"25N-H58N000A-80-A"},{"r":"121","t":"11:11:00","h":"Est","s":"25N-H58N000I-80-I"},{"r":"121","t":"11:11:00","h":"Est","s":"25N-H58N100F-80-F1"},{"r":"121","t":"11:11:00","h":"Est","s":"25N-H58N200F-80-F2"},{"r":"121","t":"11:11:00","h":"Est","s":"25N-H58N300F-80-F3"},{"r":"121","t":"11:11:00","h":"Est","s":"25N-H58N400F-80-F4"},{"r":"121","t":"11:11:00","h":"Est","s":"25N-H58NV10A-80-A"},{"r":"121","t":"11:11:00","h":"Est","s":"25N-H58NV10I-80-I"},{"r":"121","t":"11:11:00","h":"Est","s":"25N-H58NV20A-80-A"},{"r":"121","t":"11:11:00","h":"Est","s":"25N-H58NV20I-80-I"},{"r":"121","t":"11:11:00","h":"Est","s":"25S-H58S000A-80-A"},{"r":"121","t":"11:11:00","h":"Est","s":"25S-H58S000I-80-I"},{"r":"121","t":"11:11:00","h":"Est","s":"25S-H58S100F-80-F1"},{"r":"121","t":"11:11:00","h":"Est","s":"25S-H58S200F-80-F2"},{"r":"121","t":"11:18:00","h":"Est","s":"25N-H58N000S-80-S"},{"r":"121","t":"11:18:00","h":"Est","s":"25N-H58NV10S-80-S"},{"r":"121","t":"11:18:00","h":"Est","s":"25N-H58NV20S-80-S"},{"r":"121","t":"11:18:00","h":"Est","s":"25S-H58S000S-80-S"},{"r":"121","t":"11:30:00","h":"Est","s":"25N-H58N000S-80-S"},{"r":"121","t":"11:30:00","h":"Est","s":"25N-H58NV10S-80-S"},{"r":"121","t":"11:30:00","h":"Est","s":"25N-H58NV20S-80-S"},{"r":"121","t":"11:30:00","h":"Est","s":"25S-H58S000S-80-S"},{"r":"121","t":"11:31:00","h":"Est","s":"25N-H58N000A-80-A"},{"r":"121","t":"11:31:00","h":"Est","s":"25N-H58NV10A-80-A"},{"r":"121","t":"11:31:00","h":"Est","s":"25N-H58NV20A-80-A"},{"r":"121","t":"11:31:00","h":"Est","s":"25S-H58S000A-80-A"},{"r":"121","t":"11:32:00","h":"Est","s":"25N-H58N000I-80-I"},{"r":"121","t":"11:32:00","h":"Est","s":"25N-H58N100F-80-F1"},{"r":"121","t":"11:32:00","h":"Est","s":"25N-H58N200F-80-F2"},{"r":"121","t":"11:32:00","h":"Est","s":"25N-H58N300F-80-F3"},{"r":"121","t":"11:32:00","h":"Est","s":"25N-H58N400F-80-F4"},{"r":"121","t":"11:32:00","h":"Est","s":"25N-H58NV10I-80-I"},{"r":"121","t":"11:32:00","h":"Est","s":"25N-H58NV20I-80-I"},{"r":"121","t":"11:32:00","h":"Est","s":"25S-H58S000I-80-I"},{"r":"121","t":"11:32:00","h":"Est","s":"25S-H58S100F-80-F1"},{"r":"121","t":"11:32:00","h":"Est","s":"25S-H58S200F-80-F2"},{"r":"121","t":"11:43:00","h":"Est","s":"25N-H58N000S-80-S"},{"r":"121","t":"11:43:00","h":"Est","s":"25N-H58NV10S-80-S"},{"r":"121","t":"11:43:00","h":"Est","s":"25N-H58NV20S-80-S"},{"r":"121","t":"11:43:00","h":"Est","s":"25S-H58S000S-80-S"},{"r":"121","t":"11:46:00","h":"Est","s":"25N-H58N000A-80-A"},{"r":"121","t":"11:46:00","h":"Est","s":"25N-H58NV10A-80-A"},{"r":"121","t":"11:46:00","h":"Est","s":"25N-H58NV20A-80-A"},{"r":"121","t":"11:46:00","h":"Est","s":"25S-H58S000A-80-A"},{"r":"121","t":"11:52:00","h":"Est","s":"25N-H58N000I-80-I"},{"r":"121","t":"11:52:00","h":"Est","s":"25N-H58N100F-80-F1"},{"r":"121","t":"11:52:00","h":"Est","s":"25N-H58N200F-80-F2"},{"r":"121","t":"11:52:00","h":"Est","s":"25N-H58N300F-80-F3"},{"r":"121","t":"11:52:00","h":"Est","s":"25N-H58N400F-80-F4"},{"r":"121","t":"11:52:00","h":"Est","s":"25N-H58NV10I-80-I"},{"r":"121","t":"11:52:00","h":"Est","s":"25N-H58NV20I-80-I"},{"r":"121","t":"11:52:00","h":"Est","s":"25S-H58S000I-80-I"},{"r":"121","t":"11:52:00","h":"Est","s":"25S-H58S100F-80-F1"},{"r":"121","t":"11:52:00","h":"Est","s":"25S-H58S200F-80-F2"},{"r":"121","t":"11:56:00","h":"Est","s":"25N-H58N000S-80-S"},{"r":"121","t":"11:56:00","h":"Est","s":"25N-H58NV10S-80-S"},{"r":"121","t":"11:56:00","h":"Est","s":"25N-H58NV20S-80-S"},{"r":"121","t":"11:56:00","h":"Est","s":"25S-H58S000S-80-S"},{"r":"121","t":"12:01:00","h":"Est","s":"25N-H58N000A-80-A"},{"r":"121","t":"12:01:00","h":"Est","s":"25N-H58NV10A-80-A"},{"r":"121","t":"12:01:00","h":"Est","s":"25N-H58NV20A-80-A"},{"r":"121","t":"12:01:00","h":"Est","s":"25S-H58S000A-80-A"},{"r":"121","t":"12:08:00","h":"Est","s":"25N-H58N000S-80-S"},{"r":"121","t":"12:08:00","h":"Est","s":"25N-H58NV10S-80-S"},{"r":"121","t":"12:08:00","h":"Est","s":"25N-H58NV20S-80-S"},{"r":"121","t":"12:08:00","h":"Est","s":"25S-H58S000S-80-S"},{"r":"121","t":"12:11:00","h":"Est","s":"25N-H58N000I-80-I"},{"r":"121","t":"12:11:00","h":"Est","s":"25N-H58N100F-80-F1"},{"r":"121","t":"12:11:00","h":"Est","s":"25N-H58N200F-80-F2"},{"r":"121","t":"12:11:00","h":"Est","s":"25N-H58N300F-80-F3"},{"r":"121","t":"12:11:00","h":"Est","s":"25N-H58N400F-80-F4"},{"r":"121","t":"12:11:00","h":"Est","s":"25N-H58NV10I-80-I"},{"r":"121","t":"12:11:00","h":"Est","s":"25N-H58NV20I-80-I"},{"r":"121","t":"12:11:00","h":"Est","s":"25S-H58S000I-80-I"},{"r":"121","t":"12:11:00","h":"Est","s":"25S-H58S100F-80-F1"},{"r":"121","t":"12:11:00","h":"Est","s":"25S-H58S200F-80-F2"},{"r":"121","t":"12:16:00","h":"Est","s":"25N-H58N000A-80-A"},{"r":"121","t":"12:16:00","h":"Est","s":"25N-H58NV10A-80-A"},{"r":"121","t":"12:16:00","h":"Est","s":"25N-H58NV20A-80-A"},{"r":"121","t":"12:16:00","h":"Est","s":"25S-H58S000A-80-A"},{"r":"121","t":"12:20:00","h":"Est","s":"25N-H58N000S-80-S"},{"r":"121","t":"12:20:00","h":"Est","s":"25N-H58NV10S-80-S"},{"r":"121","t":"12:20:00","h":"Est","s":"25N-H58NV20S-80-S"},{"r":"121","t":"12:20:00","h":"Est","s":"25S-H58S000S-80-S"},{"r":"121","t":"12:28:00","h":"Est","s":"25N-H58N000I-80-I"},{"r":"121","t":"12:28:00","h":"Est","s":"25N-H58N100F-80-F1"},{"r":"121","t":"12:28:00","h":"Est","s":"25N-H58N200F-80-F2"},{"r":"121","t":"12:28:00","h":"Est","s":"25N-H58N300F-80-F3"},{"r":"121","t":"12:28:00","h":"Est","s":"25N-H58N400F-80-F4"},{"r":"121","t":"12:28:00","h":"Est","s":"25N-H58NV10I-80-I"},{"r":"121","t":"12:28:00","h":"Est","s":"25N-H58NV20I-80-I"},{"r":"121","t":"12:28:00","h":"Est","s":"25S-H58S000I-80-I"},{"r":"121","t":"12:28:00","h":"Est","s":"25S-H58S100F-80-F1"},{"r":"121","t":"12:28:00","h":"Est","s":"25S-H58S200F-80-F2"},{"r":"121","t":"12:30:00","h":"Est","s":"25N-H58N000A-80-A"},{"r":"121","t":"12:30:00","h":"Est","s":"25N-H58NV10A-80-A"},{"r":"121","t":"12:30:00","h":"Est","s":"25N-H58NV20A-80-A"},{"r":"121","t":"12:30:00","h":"Est","s":"25S-H58S000A-80-A"},{"r":"121","t":"12:32:00","h":"Est","s":"25N-H58N000S-80-S"},{"r":"121","t":"12:32:00","h":"Est","s":"25N-H58NV10S-80-S"},{"r":"121","t":"12:32:00","h":"Est","s":"25N-H58NV20S-80-S"},{"r":"121","t":"12:32:00","h":"Est","s":"25S-H58S000S-80-S"},{"r":"121","t":"12:43:00","h":"Est","s":"25N-H58N000I-80-I"},{"r":"121","t":"12:43:00","h":"Est","s":"25N-H58N100F-80-F1"},{"r":"121","t":"12:43:00","h":"Est","s":"25N-H58N200F-80-F2"},{"r":"121","t":"12:43:00","h":"Est","s":"25N-H58N300F-80-F3"},{"r":"121","t":"12:43:00","h":"Est","s":"25N-H58N400F-80-F4"},{"r":"121","t":"12:43:00","h":"Est","s":"25N-H58NV10I-80-I"},{"r":"121","t":"12:43:00","h":"Est","s":"25N-H58NV20I-80-I"},{"r":"121","t":"12:43:00","h":"Est","s":"25S-H58S000I-80-I"},{"r":"121","t":"12:43:00","h":"Est","s":"25S-H58S100F-80-F1"},{"r":"121","t":"12:43:00","h":"Est","s":"25S-H58S200F-80-F2"},{"r":"121","t":"12:45:00","h":"Est","s":"25N-H58N000A-80-A"},{"r":"121","t":"12:45:00","h":"Est","s":"25N-H58N000S-80-S"},{"r":"121","t":"12:45:00","h":"Est","s":"25N-H58NV10A-80-A"},{"r":"121","t":"12:45:00","h":"Est","s":"25N-H58NV10S-80-S"},{"r":"121","t":"12:45:00","h":"Est","s":"25N-H58NV20A-80-A"},{"r":"121","t":"12:45:00","h":"Est","s":"25N-H58NV20S-80-S"},{"r":"121","t":"12:45:00","h":"Est","s":"25S-H58S000A-80-A"},{"r":"121","t":"12:45:00","h":"Est","s":"25S-H58S000S-80-S"},{"r":"121","t":"12:57:00","h":"Est","s":"25N-H58N000S-80-S"},{"r":"121","t":"12:57:00","h":"Est","s":"25N-H58NV10S-80-S"},{"r":"121","t":"12:57:00","h":"Est","s":"25N-H58NV20S-80-S"},{"r":"121","t":"12:57:00","h":"Est","s":"25S-H58S000S-80-S"},{"r":"121","t":"12:58:00","h":"Est","s":"25N-H58N000I-80-I"},{"r":"121","t":"12:58:00","h":"Est","s":"25N-H58N100F-80-F1"},{"r":"121","t":"12:58:00","h":"Est","s":"25N-H58N200F-80-F2"},{"r":"121","t":"12:58:00","h":"Est","s":"25N-H58N300F-80-F3"},{"r":"121","t":"12:58:00","h":"Est","s":"25N-H58N400F-80-F4"},{"r":"121","t":"12:58:00","h":"Est","s":"25N-H58NV10I-80-I"},{"r":"121","t":"12:58:00","h":"Est","s":"25N-H58NV20I-80-I"},{"r":"121","t":"12:58:00","h":"Est","s":"25S-H58S000I-80-I"},{"r":"121","t":"12:58:00","h":"Est","s":"25S-H58S100F-80-F1"},{"r":"121","t":"12:58:00","h":"Est","s":"25S-H58S200F-80-F2"},{"r":"121","t":"13:00:00","h":"Est","s":"25N-H58N000A-80-A"},{"r":"121","t":"13:00:00","h":"Est","s":"25N-H58NV10A-80-A"},{"r":"121","t":"13:00:00","h":"Est","s":"25N-H58NV20A-80-A"},{"r":"121","t":"13:00:00","h":"Est","s":"25S-H58S000A-80-A"},{"r":"121","t":"13:09:00","h":"Est","s":"25N-H58N000S-80-S"},{"r":"121","t":"13:09:00","h":"Est","s":"25N-H58NV10S-80-S"},{"r":"121","t":"13:09:00","h":"Est","s":"25N-H58NV20S-80-S"},{"r":"121","t":"13:09:00","h":"Est","s":"25S-H58S000S-80-S"},{"r":"121","t":"13:14:00","h":"Est","s":"25N-H58N000I-80-I"},{"r":"121","t":"13:14:00","h":"Est","s":"25N-H58N100F-80-F1"},{"r":"121","t":"13:14:00","h":"Est","s":"25N-H58N200F-80-F2"},{"r":"121","t":"13:14:00","h":"Est","s":"25N-H58N300F-80-F3"},{"r":"121","t":"13:14:00","h":"Est","s":"25N-H58N400F-80-F4"},{"r":"121","t":"13:14:00","h":"Est","s":"25N-H58NV10I-80-I"},{"r":"121","t":"13:14:00","h":"Est","s":"25N-H58NV20I-80-I"},{"r":"121","t":"13:14:00","h":"Est","s":"25S-H58S000I-80-I"},{"r":"121","t":"13:14:00","h":"Est","s":"25S-H58S100F-80-F1"},{"r":"121","t":"13:14:00","h":"Est","s":"25S-H58S200F-80-F2"},{"r":"121","t":"13:15:00","h":"Est","s":"25N-H58N000A-80-A"},{"r":"121","t":"13:15:00","h":"Est","s":"25N-H58NV10A-80-A"},{"r":"121","t":"13:15:00","h":"Est","s":"25N-H58NV20A-80-A"},{"r":"121","t":"13:15:00","h":"Est","s":"25S-H58S000A-80-A"},{"r":"121","t":"13:21:00","h":"Est","s":"25N-H58N000S-80-S"},{"r":"121","t":"13:21:00","h":"Est","s":"25N-H58NV10S-80-S"},{"r":"121","t":"13:21:00","h":"Est","s":"25N-H58NV20S-80-S"},{"r":"121","t":"13:21:00","h":"Est","s":"25S-H58S000S-80-S"},{"r":"121","t":"13:30:00","h":"Est","s":"25N-H58N000A-80-A"},{"r":"121","t":"13:30:00","h":"Est","s":"25N-H58NV10A-80-A"},{"r":"121","t":"13:30:00","h":"Est","s":"25N-H58NV20A-80-A"},{"r":"121","t":"13:30:00","h":"Est","s":"25S-H58S000A-80-A"},{"r":"121","t":"13:31:00","h":"Est","s":"25N-H58N000I-80-I"},{"r":"121","t":"13:31:00","h":"Est","s":"25N-H58N100F-80-F1"},{"r":"121","t":"13:31:00","h":"Est","s":"25N-H58N200F-80-F2"},{"r":"121","t":"13:31:00","h":"Est","s":"25N-H58N300F-80-F3"},{"r":"121","t":"13:31:00","h":"Est","s":"25N-H58N400F-80-F4"},{"r":"121","t":"13:31:00","h":"Est","s":"25N-H58NV10I-80-I"},{"r":"121","t":"13:31:00","h":"Est","s":"25N-H58NV20I-80-I"},{"r":"121","t":"13:31:00","h":"Est","s":"25S-H58S000I-80-I"},{"r":"121","t":"13:31:00","h":"Est","s":"25S-H58S100F-80-F1"},{"r":"121","t":"13:31:00","h":"Est","s":"25S-H58S200F-80-F2"},{"r":"121","t":"13:33:00","h":"Est","s":"25N-H58N000S-80-S"},{"r":"121","t":"13:33:00","h":"Est","s":"25N-H58NV10S-80-S"},{"r":"121","t":"13:33:00","h":"Est","s":"25N-H58NV20S-80-S"},{"r":"121","t":"13:33:00","h":"Est","s":"25S-H58S000S-80-S"},{"r":"121","t":"13:45:00","h":"Est","s":"25N-H58N000A-80-A"},{"r":"121","t":"13:45:00","h":"Est","s":"25N-H58N000S-80-S"},{"r":"121","t":"13:45:00","h":"Est","s":"25N-H58NV10A-80-A"},{"r":"121","t":"13:45:00","h":"Est","s":"25N-H58NV10S-80-S"},{"r":"121","t":"13:45:00","h":"Est","s":"25N-H58NV20A-80-A"},{"r":"121","t":"13:45:00","h":"Est","s":"25N-H58NV20S-80-S"},{"r":"121","t":"13:45:00","h":"Est","s":"25S-H58S000A-80-A"},{"r":"121","t":"13:45:00","h":"Est","s":"25S-H58S000S-80-S"},{"r":"121","t":"13:51:00","h":"Est","s":"25N-H58N000I-80-I"},{"r":"121","t":"13:51:00","h":"Est","s":"25N-H58N100F-80-F1"},{"r":"121","t":"13:51:00","h":"Est","s":"25N-H58N200F-80-F2"},{"r":"121","t":"13:51:00","h":"Est","s":"25N-H58N300F-80-F3"},{"r":"121","t":"13:51:00","h":"Est","s":"25N-H58N400F-80-F4"},{"r":"121","t":"13:51:00","h":"Est","s":"25N-H58NV10I-80-I"},{"r":"121","t":"13:51:00","h":"Est","s":"25N-H58NV20I-80-I"},{"r":"121","t":"13:51:00","h":"Est","s":"25S-H58S000I-80-I"},{"r":"121","t":"13:51:00","h":"Est","s":"25S-H58S100F-80-F1"},{"r":"121","t":"13:51:00","h":"Est","s":"25S-H58S200F-80-F2"},{"r":"121","t":"13:57:00","h":"Est","s":"25N-H58N000S-80-S"},{"r":"121","t":"13:57:00","h":"Est","s":"25N-H58NV10S-80-S"},{"r":"121","t":"13:57:00","h":"Est","s":"25N-H58NV20S-80-S"},{"r":"121","t":"13:57:00","h":"Est","s":"25S-H58S000S-80-S"},{"r":"121","t":"14:00:00","h":"Est","s":"25N-H58N000A-80-A"},{"r":"121","t":"14:00:00","h":"Est","s":"25N-H58NV10A-80-A"},{"r":"121","t":"14:00:00","h":"Est","s":"25N-H58NV20A-80-A"},{"r":"121","t":"14:00:00","h":"Est","s":"25S-H58S000A-80-A"},{"r":"121","t":"14:09:00","h":"Est","s":"25N-H58N000S-80-S"},{"r":"121","t":"14:09:00","h":"Est","s":"25N-H58NV10S-80-S"},{"r":"121","t":"14:09:00","h":"Est","s":"25N-H58NV20S-80-S"},{"r":"121","t":"14:09:00","h":"Est","s":"25S-H58S000S-80-S"},{"r":"121","t":"14:11:00","h":"Est","s":"25N-H58N000I-80-I"},{"r":"121","t":"14:11:00","h":"Est","s":"25N-H58N100F-80-F1"},{"r":"121","t":"14:11:00","h":"Est","s":"25N-H58N200F-80-F2"},{"r":"121","t":"14:11:00","h":"Est","s":"25N-H58N300F-80-F3"},{"r":"121","t":"14:11:00","h":"Est","s":"25N-H58N400F-80-F4"},{"r":"121","t":"14:11:00","h":"Est","s":"25N-H58NV10I-80-I"},{"r":"121","t":"14:11:00","h":"Est","s":"25N-H58NV20I-80-I"},{"r":"121","t":"14:11:00","h":"Est","s":"25S-H58S000I-80-I"},{"r":"121","t":"14:11:00","h":"Est","s":"25S-H58S100F-80-F1"},{"r":"121","t":"14:11:00","h":"Est","s":"25S-H58S200F-80-F2"},{"r":"121","t":"14:16:00","h":"Est","s":"25N-H58N000A-80-A"},{"r":"121","t":"14:16:00","h":"Est","s":"25N-H58NV10A-80-A"},{"r":"121","t":"14:16:00","h":"Est","s":"25N-H58NV20A-80-A"},{"r":"121","t":"14:16:00","h":"Est","s":"25S-H58S000A-80-A"},{"r":"121","t":"14:21:00","h":"Est","s":"25N-H58N000S-80-S"},{"r":"121","t":"14:21:00","h":"Est","s":"25N-H58NV10S-80-S"},{"r":"121","t":"14:21:00","h":"Est","s":"25N-H58NV20S-80-S"},{"r":"121","t":"14:21:00","h":"Est","s":"25S-H58S000S-80-S"},{"r":"121","t":"14:31:00","h":"Est","s":"25N-H58N000A-80-A"},{"r":"121","t":"14:31:00","h":"Est","s":"25N-H58N000I-80-I"},{"r":"121","t":"14:31:00","h":"Est","s":"25N-H58N100F-80-F1"},{"r":"121","t":"14:31:00","h":"Est","s":"25N-H58N200F-80-F2"},{"r":"121","t":"14:31:00","h":"Est","s":"25N-H58N300F-80-F3"},{"r":"121","t":"14:31:00","h":"Est","s":"25N-H58N400F-80-F4"},{"r":"121","t":"14:31:00","h":"Est","s":"25N-H58NV10A-80-A"},{"r":"121","t":"14:31:00","h":"Est","s":"25N-H58NV10I-80-I"},{"r":"121","t":"14:31:00","h":"Est","s":"25N-H58NV20A-80-A"},{"r":"121","t":"14:31:00","h":"Est","s":"25N-H58NV20I-80-I"},{"r":"121","t":"14:31:00","h":"Est","s":"25S-H58S000A-80-A"},{"r":"121","t":"14:31:00","h":"Est","s":"25S-H58S000I-80-I"},{"r":"121","t":"14:31:00","h":"Est","s":"25S-H58S100F-80-F1"},{"r":"121","t":"14:31:00","h":"Est","s":"25S-H58S200F-80-F2"},{"r":"121","t":"14:33:00","h":"Est","s":"25N-H58N000S-80-S"},{"r":"121","t":"14:33:00","h":"Est","s":"25N-H58NV10S-80-S"},{"r":"121","t":"14:33:00","h":"Est","s":"25N-H58NV20S-80-S"},{"r":"121","t":"14:33:00","h":"Est","s":"25S-H58S000S-80-S"},{"r":"121","t":"14:43:00","h":"Est","s":"25N-H58N000A-80-A"},{"r":"121","t":"14:43:00","h":"Est","s":"25N-H58NV10A-80-A"},{"r":"121","t":"14:43:00","h":"Est","s":"25N-H58NV20A-80-A"},{"r":"121","t":"14:43:00","h":"Est","s":"25S-H58S000A-80-A"},{"r":"121","t":"14:45:00","h":"Est","s":"25N-H58N000S-80-S"},{"r":"121","t":"14:45:00","h":"Est","s":"25N-H58NV10S-80-S"},{"r":"121","t":"14:45:00","h":"Est","s":"25N-H58NV20S-80-S"},{"r":"121","t":"14:45:00","h":"Est","s":"25S-H58S000S-80-S"},{"r":"121","t":"14:51:00","h":"Est","s":"25N-H58N000I-80-I"},{"r":"121","t":"14:51:00","h":"Est","s":"25N-H58N100F-80-F1"},{"r":"121","t":"14:51:00","h":"Est","s":"25N-H58N200F-80-F2"},{"r":"121","t":"14:51:00","h":"Est","s":"25N-H58N300F-80-F3"},{"r":"121","t":"14:51:00","h":"Est","s":"25N-H58N400F-80-F4"},{"r":"121","t":"14:51:00","h":"Est","s":"25N-H58NV10I-80-I"},{"r":"121","t":"14:51:00","h":"Est","s":"25N-H58NV20I-80-I"},{"r":"121","t":"14:51:00","h":"Est","s":"25S-H58S000I-80-I"},{"r":"121","t":"14:51:00","h":"Est","s":"25S-H58S100F-80-F1"},{"r":"121","t":"14:51:00","h":"Est","s":"25S-H58S200F-80-F2"},{"r":"121","t":"14:55:00","h":"Est","s":"25N-H58N000A-80-A"},{"r":"121","t":"14:55:00","h":"Est","s":"25N-H58NV10A-80-A"},{"r":"121","t":"14:55:00","h":"Est","s":"25N-H58NV20A-80-A"},{"r":"121","t":"14:55:00","h":"Est","s":"25S-H58S000A-80-A"},{"r":"121","t":"14:56:00","h":"Est","s":"25N-H58N000S-80-S"},{"r":"121","t":"14:56:00","h":"Est","s":"25N-H58NV10S-80-S"},{"r":"121","t":"14:56:00","h":"Est","s":"25N-H58NV20S-80-S"},{"r":"121","t":"14:56:00","h":"Est","s":"25S-H58S000S-80-S"},{"r":"121","t":"15:06:00","h":"Est","s":"25N-H58N000S-80-S"},{"r":"121","t":"15:06:00","h":"Est","s":"25N-H58NV10S-80-S"},{"r":"121","t":"15:06:00","h":"Est","s":"25N-H58NV20S-80-S"},{"r":"121","t":"15:06:00","h":"Est","s":"25S-H58S000S-80-S"},{"r":"121","t":"15:07:00","h":"Est","s":"25N-H58N000A-80-A"},{"r":"121","t":"15:07:00","h":"Est","s":"25N-H58NV10A-80-A"},{"r":"121","t":"15:07:00","h":"Est","s":"25N-H58NV20A-80-A"},{"r":"121","t":"15:07:00","h":"Est","s":"25S-H58S000A-80-A"},{"r":"121","t":"15:11:00","h":"Est","s":"25N-H58N000I-80-I"},{"r":"121","t":"15:11:00","h":"Est","s":"25N-H58N100F-80-F1"},{"r":"121","t":"15:11:00","h":"Est","s":"25N-H58N200F-80-F2"},{"r":"121","t":"15:11:00","h":"Est","s":"25N-H58N300F-80-F3"},{"r":"121","t":"15:11:00","h":"Est","s":"25N-H58N400F-80-F4"},{"r":"121","t":"15:11:00","h":"Est","s":"25N-H58NV10I-80-I"},{"r":"121","t":"15:11:00","h":"Est","s":"25N-H58NV20I-80-I"},{"r":"121","t":"15:11:00","h":"Est","s":"25S-H58S000I-80-I"},{"r":"121","t":"15:11:00","h":"Est","s":"25S-H58S100F-80-F1"},{"r":"121","t":"15:11:00","h":"Est","s":"25S-H58S200F-80-F2"},{"r":"121","t":"15:17:00","h":"Est","s":"25N-H58N000S-80-S"},{"r":"121","t":"15:17:00","h":"Est","s":"25N-H58NV10S-80-S"},{"r":"121","t":"15:17:00","h":"Est","s":"25N-H58NV20S-80-S"},{"r":"121","t":"15:17:00","h":"Est","s":"25S-H58S000S-80-S"},{"r":"121","t":"15:19:00","h":"Est","s":"25N-H58N000A-80-A"},{"r":"121","t":"15:19:00","h":"Est","s":"25N-H58NV10A-80-A"},{"r":"121","t":"15:19:00","h":"Est","s":"25N-H58NV20A-80-A"},{"r":"121","t":"15:19:00","h":"Est","s":"25S-H58S000A-80-A"},{"r":"121","t":"15:26:00","h":"Est","s":"25N-H58N000S-80-S"},{"r":"121","t":"15:26:00","h":"Est","s":"25N-H58NV10S-80-S"},{"r":"121","t":"15:26:00","h":"Est","s":"25N-H58NV20S-80-S"},{"r":"121","t":"15:26:00","h":"Est","s":"25S-H58S000S-80-S"},{"r":"121","t":"15:31:00","h":"Est","s":"25N-H58N000A-80-A"},{"r":"121","t":"15:31:00","h":"Est","s":"25N-H58N000I-80-I"},{"r":"121","t":"15:31:00","h":"Est","s":"25N-H58N100F-80-F1"},{"r":"121","t":"15:31:00","h":"Est","s":"25N-H58N200F-80-F2"},{"r":"121","t":"15:31:00","h":"Est","s":"25N-H58N300F-80-F3"},{"r":"121","t":"15:31:00","h":"Est","s":"25N-H58N400F-80-F4"},{"r":"121","t":"15:31:00","h":"Est","s":"25N-H58NV10A-80-A"},{"r":"121","t":"15:31:00","h":"Est","s":"25N-H58NV10I-80-I"},{"r":"121","t":"15:31:00","h":"Est","s":"25N-H58NV20A-80-A"},{"r":"121","t":"15:31:00","h":"Est","s":"25N-H58NV20I-80-I"},{"r":"121","t":"15:31:00","h":"Est","s":"25S-H58S000A-80-A"},{"r":"121","t":"15:31:00","h":"Est","s":"25S-H58S000I-80-I"},{"r":"121","t":"15:31:00","h":"Est","s":"25S-H58S100F-80-F1"},{"r":"121","t":"15:31:00","h":"Est","s":"25S-H58S200F-80-F2"},{"r":"121","t":"15:39:00","h":"Est","s":"25N-H58N000S-80-S"},{"r":"121","t":"15:39:00","h":"Est","s":"25N-H58NV10S-80-S"},{"r":"121","t":"15:39:00","h":"Est","s":"25N-H58NV20S-80-S"},{"r":"121","t":"15:39:00","h":"Est","s":"25S-H58S000S-80-S"},{"r":"121","t":"15:41:00","h":"Est","s":"25N-H58N000A-80-A"},{"r":"121","t":"15:41:00","h":"Est","s":"25N-H58NV10A-80-A"},{"r":"121","t":"15:41:00","h":"Est","s":"25N-H58NV20A-80-A"},{"r":"121","t":"15:41:00","h":"Est","s":"25S-H58S000A-80-A"},{"r":"121","t":"15:43:00","h":"Est","s":"25N-H58N000I-80-I"},{"r":"121","t":"15:43:00","h":"Est","s":"25N-H58N100F-80-F1"},{"r":"121","t":"15:43:00","h":"Est","s":"25N-H58N200F-80-F2"},{"r":"121","t":"15:43:00","h":"Est","s":"25N-H58N300F-80-F3"},{"r":"121","t":"15:43:00","h":"Est","s":"25N-H58N400F-80-F4"},{"r":"121","t":"15:43:00","h":"Est","s":"25N-H58NV10I-80-I"},{"r":"121","t":"15:43:00","h":"Est","s":"25N-H58NV20I-80-I"},{"r":"121","t":"15:43:00","h":"Est","s":"25S-H58S000I-80-I"},{"r":"121","t":"15:43:00","h":"Est","s":"25S-H58S100F-80-F1"},{"r":"121","t":"15:43:00","h":"Est","s":"25S-H58S200F-80-F2"},{"r":"121","t":"15:45:00","h":"Est","s":"25N-H58N000S-80-S"},{"r":"121","t":"15:45:00","h":"Est","s":"25N-H58NV10S-80-S"},{"r":"121","t":"15:45:00","h":"Est","s":"25N-H58NV20S-80-S"},{"r":"121","t":"15:45:00","h":"Est","s":"25S-H58S000S-80-S"},{"r":"121","t":"15:51:00","h":"Est","s":"25N-H58N000A-80-A"},{"r":"121","t":"15:51:00","h":"Est","s":"25N-H58NV10A-80-A"},{"r":"121","t":"15:51:00","h":"Est","s":"25N-H58NV20A-80-A"},{"r":"121","t":"15:51:00","h":"Est","s":"25S-H58S000A-80-A"},{"r":"121","t":"15:53:00","h":"Est","s":"25N-H58N000S-80-S"},{"r":"121","t":"15:53:00","h":"Est","s":"25N-H58NV10S-80-S"},{"r":"121","t":"15:53:00","h":"Est","s":"25N-H58NV20S-80-S"},{"r":"121","t":"15:53:00","h":"Est","s":"25S-H58S000S-80-S"},{"r":"121","t":"15:54:00","h":"Est","s":"25N-H58N000I-80-I"},{"r":"121","t":"15:54:00","h":"Est","s":"25N-H58N100F-80-F1"},{"r":"121","t":"15:54:00","h":"Est","s":"25N-H58N200F-80-F2"},{"r":"121","t":"15:54:00","h":"Est","s":"25N-H58N300F-80-F3"},{"r":"121","t":"15:54:00","h":"Est","s":"25N-H58N400F-80-F4"},{"r":"121","t":"15:54:00","h":"Est","s":"25N-H58NV10I-80-I"},{"r":"121","t":"15:54:00","h":"Est","s":"25N-H58NV20I-80-I"},{"r":"121","t":"15:54:00","h":"Est","s":"25S-H58S000I-80-I"},{"r":"121","t":"15:54:00","h":"Est","s":"25S-H58S100F-80-F1"},{"r":"121","t":"15:54:00","h":"Est","s":"25S-H58S200F-80-F2"},{"r":"121","t":"16:00:00","h":"Est","s":"25N-H58N000A-80-A"},{"r":"121","t":"16:00:00","h":"Est","s":"25N-H58NV10A-80-A"},{"r":"121","t":"16:00:00","h":"Est","s":"25N-H58NV20A-80-A"},{"r":"121","t":"16:00:00","h":"Est","s":"25S-H58S000A-80-A"},{"r":"121","t":"16:03:00","h":"Est","s":"25N-H58N000S-80-S"},{"r":"121","t":"16:03:00","h":"Est","s":"25N-H58NV10S-80-S"},{"r":"121","t":"16:03:00","h":"Est","s":"25N-H58NV20S-80-S"},{"r":"121","t":"16:03:00","h":"Est","s":"25S-H58S000S-80-S"},{"r":"121","t":"16:06:00","h":"Est","s":"25N-H58N000I-80-I"},{"r":"121","t":"16:06:00","h":"Est","s":"25N-H58N100F-80-F1"},{"r":"121","t":"16:06:00","h":"Est","s":"25N-H58N200F-80-F2"},{"r":"121","t":"16:06:00","h":"Est","s":"25N-H58N300F-80-F3"},{"r":"121","t":"16:06:00","h":"Est","s":"25N-H58N400F-80-F4"},{"r":"121","t":"16:06:00","h":"Est","s":"25N-H58NV10I-80-I"},{"r":"121","t":"16:06:00","h":"Est","s":"25N-H58NV20I-80-I"},{"r":"121","t":"16:06:00","h":"Est","s":"25S-H58S000I-80-I"},{"r":"121","t":"16:06:00","h":"Est","s":"25S-H58S100F-80-F1"},{"r":"121","t":"16:06:00","h":"Est","s":"25S-H58S200F-80-F2"},{"r":"121","t":"16:09:00","h":"Est","s":"25N-H58N000A-80-A"},{"r":"121","t":"16:09:00","h":"Est","s":"25N-H58NV10A-80-A"},{"r":"121","t":"16:09:00","h":"Est","s":"25N-H58NV20A-80-A"},{"r":"121","t":"16:09:00","h":"Est","s":"25S-H58S000A-80-A"},{"r":"121","t":"16:13:00","h":"Est","s":"25N-H58N000S-80-S"},{"r":"121","t":"16:13:00","h":"Est","s":"25N-H58NV10S-80-S"},{"r":"121","t":"16:13:00","h":"Est","s":"25N-H58NV20S-80-S"},{"r":"121","t":"16:13:00","h":"Est","s":"25S-H58S000S-80-S"},{"r":"121","t":"16:18:00","h":"Est","s":"25N-H58N000A-80-A"},{"r":"121","t":"16:18:00","h":"Est","s":"25N-H58N000I-80-I"},{"r":"121","t":"16:18:00","h":"Est","s":"25N-H58N100F-80-F1"},{"r":"121","t":"16:18:00","h":"Est","s":"25N-H58N200F-80-F2"},{"r":"121","t":"16:18:00","h":"Est","s":"25N-H58N300F-80-F3"},{"r":"121","t":"16:18:00","h":"Est","s":"25N-H58N400F-80-F4"},{"r":"121","t":"16:18:00","h":"Est","s":"25N-H58NV10A-80-A"},{"r":"121","t":"16:18:00","h":"Est","s":"25N-H58NV10I-80-I"},{"r":"121","t":"16:18:00","h":"Est","s":"25N-H58NV20A-80-A"},{"r":"121","t":"16:18:00","h":"Est","s":"25N-H58NV20I-80-I"},{"r":"121","t":"16:18:00","h":"Est","s":"25S-H58S000A-80-A"},{"r":"121","t":"16:18:00","h":"Est","s":"25S-H58S000I-80-I"},{"r":"121","t":"16:18:00","h":"Est","s":"25S-H58S100F-80-F1"},{"r":"121","t":"16:18:00","h":"Est","s":"25S-H58S200F-80-F2"},{"r":"121","t":"16:22:00","h":"Est","s":"25N-H58N000S-80-S"},{"r":"121","t":"16:22:00","h":"Est","s":"25N-H58NV10S-80-S"},{"r":"121","t":"16:22:00","h":"Est","s":"25N-H58NV20S-80-S"},{"r":"121","t":"16:22:00","h":"Est","s":"25S-H58S000S-80-S"},{"r":"121","t":"16:28:00","h":"Est","s":"25N-H58N000S-80-S"},{"r":"121","t":"16:28:00","h":"Est","s":"25N-H58NV10S-80-S"},{"r":"121","t":"16:28:00","h":"Est","s":"25N-H58NV20S-80-S"},{"r":"121","t":"16:28:00","h":"Est","s":"25S-H58S000S-80-S"},{"r":"121","t":"16:29:00","h":"Est","s":"25N-H58N000A-80-A"},{"r":"121","t":"16:29:00","h":"Est","s":"25N-H58NV10A-80-A"},{"r":"121","t":"16:29:00","h":"Est","s":"25N-H58NV20A-80-A"},{"r":"121","t":"16:29:00","h":"Est","s":"25S-H58S000A-80-A"},{"r":"121","t":"16:31:00","h":"Est","s":"25N-H58N000I-80-I"},{"r":"121","t":"16:31:00","h":"Est","s":"25N-H58N100F-80-F1"},{"r":"121","t":"16:31:00","h":"Est","s":"25N-H58N200F-80-F2"},{"r":"121","t":"16:31:00","h":"Est","s":"25N-H58N300F-80-F3"},{"r":"121","t":"16:31:00","h":"Est","s":"25N-H58N400F-80-F4"},{"r":"121","t":"16:31:00","h":"Est","s":"25N-H58NV10I-80-I"},{"r":"121","t":"16:31:00","h":"Est","s":"25N-H58NV20I-80-I"},{"r":"121","t":"16:31:00","h":"Est","s":"25S-H58S000I-80-I"},{"r":"121","t":"16:31:00","h":"Est","s":"25S-H58S100F-80-F1"},{"r":"121","t":"16:31:00","h":"Est","s":"25S-H58S200F-80-F2"},{"r":"121","t":"16:33:00","h":"Est","s":"25N-H58N000S-80-S"},{"r":"121","t":"16:33:00","h":"Est","s":"25N-H58NV10S-80-S"},{"r":"121","t":"16:33:00","h":"Est","s":"25N-H58NV20S-80-S"},{"r":"121","t":"16:33:00","h":"Est","s":"25S-H58S000S-80-S"},{"r":"121","t":"16:38:00","h":"Est","s":"25N-H58N000S-80-S"},{"r":"121","t":"16:38:00","h":"Est","s":"25N-H58NV10S-80-S"},{"r":"121","t":"16:38:00","h":"Est","s":"25N-H58NV20S-80-S"},{"r":"121","t":"16:38:00","h":"Est","s":"25S-H58S000S-80-S"},{"r":"121","t":"16:41:00","h":"Est","s":"25N-H58N000A-80-A"},{"r":"121","t":"16:41:00","h":"Est","s":"25N-H58NV10A-80-A"},{"r":"121","t":"16:41:00","h":"Est","s":"25N-H58NV20A-80-A"},{"r":"121","t":"16:41:00","h":"Est","s":"25S-H58S000A-80-A"},{"r":"121","t":"16:43:00","h":"Est","s":"25N-H58N000S-80-S"},{"r":"121","t":"16:43:00","h":"Est","s":"25N-H58NV10S-80-S"},{"r":"121","t":"16:43:00","h":"Est","s":"25N-H58NV20S-80-S"},{"r":"121","t":"16:43:00","h":"Est","s":"25S-H58S000S-80-S"},{"r":"121","t":"16:46:00","h":"Est","s":"25N-H58N000I-80-I"},{"r":"121","t":"16:46:00","h":"Est","s":"25N-H58N100F-80-F1"},{"r":"121","t":"16:46:00","h":"Est","s":"25N-H58N200F-80-F2"},{"r":"121","t":"16:46:00","h":"Est","s":"25N-H58N300F-80-F3"},{"r":"121","t":"16:46:00","h":"Est","s":"25N-H58N400F-80-F4"},{"r":"121","t":"16:46:00","h":"Est","s":"25N-H58NV10I-80-I"},{"r":"121","t":"16:46:00","h":"Est","s":"25N-H58NV20I-80-I"},{"r":"121","t":"16:46:00","h":"Est","s":"25S-H58S000I-80-I"},{"r":"121","t":"16:46:00","h":"Est","s":"25S-H58S100F-80-F1"},{"r":"121","t":"16:46:00","h":"Est","s":"25S-H58S200F-80-F2"},{"r":"121","t":"16:49:00","h":"Est","s":"25N-H58N000S-80-S"},{"r":"121","t":"16:49:00","h":"Est","s":"25N-H58NV10S-80-S"},{"r":"121","t":"16:49:00","h":"Est","s":"25N-H58NV20S-80-S"},{"r":"121","t":"16:49:00","h":"Est","s":"25S-H58S000S-80-S"},{"r":"121","t":"16:53:00","h":"Est","s":"25N-H58N000A-80-A"},{"r":"121","t":"16:53:00","h":"Est","s":"25N-H58NV10A-80-A"},{"r":"121","t":"16:53:00","h":"Est","s":"25N-H58NV20A-80-A"},{"r":"121","t":"16:53:00","h":"Est","s":"25S-H58S000A-80-A"},{"r":"121","t":"16:54:00","h":"Est","s":"25N-H58N000S-80-S"},{"r":"121","t":"16:54:00","h":"Est","s":"25N-H58NV10S-80-S"},{"r":"121","t":"16:54:00","h":"Est","s":"25N-H58NV20S-80-S"},{"r":"121","t":"16:54:00","h":"Est","s":"25S-H58S000S-80-S"},{"r":"121","t":"17:00:00","h":"Est","s":"25N-H58N000S-80-S"},{"r":"121","t":"17:00:00","h":"Est","s":"25N-H58NV10S-80-S"},{"r":"121","t":"17:00:00","h":"Est","s":"25N-H58NV20S-80-S"},{"r":"121","t":"17:00:00","h":"Est","s":"25S-H58S000S-80-S"},{"r":"121","t":"17:01:00","h":"Est","s":"25N-H58N000I-80-I"},{"r":"121","t":"17:01:00","h":"Est","s":"25N-H58N100F-80-F1"},{"r":"121","t":"17:01:00","h":"Est","s":"25N-H58N200F-80-F2"},{"r":"121","t":"17:01:00","h":"Est","s":"25N-H58N300F-80-F3"},{"r":"121","t":"17:01:00","h":"Est","s":"25N-H58N400F-80-F4"},{"r":"121","t":"17:01:00","h":"Est","s":"25N-H58NV10I-80-I"},{"r":"121","t":"17:01:00","h":"Est","s":"25N-H58NV20I-80-I"},{"r":"121","t":"17:01:00","h":"Est","s":"25S-H58S000I-80-I"},{"r":"121","t":"17:01:00","h":"Est","s":"25S-H58S100F-80-F1"},{"r":"121","t":"17:01:00","h":"Est","s":"25S-H58S200F-80-F2"},{"r":"121","t":"17:05:00","h":"Est","s":"25N-H58N000A-80-A"},{"r":"121","t":"17:05:00","h":"Est","s":"25N-H58NV10A-80-A"},{"r":"121","t":"17:05:00","h":"Est","s":"25N-H58NV20A-80-A"},{"r":"121","t":"17:05:00","h":"Est","s":"25S-H58S000A-80-A"},{"r":"121","t":"17:06:00","h":"Est","s":"25N-H58N000S-80-S"},{"r":"121","t":"17:06:00","h":"Est","s":"25N-H58NV10S-80-S"},{"r":"121","t":"17:06:00","h":"Est","s":"25N-H58NV20S-80-S"},{"r":"121","t":"17:06:00","h":"Est","s":"25S-H58S000S-80-S"},{"r":"121","t":"17:12:00","h":"Est","s":"25N-H58N000S-80-S"},{"r":"121","t":"17:12:00","h":"Est","s":"25N-H58NV10S-80-S"},{"r":"121","t":"17:12:00","h":"Est","s":"25N-H58NV20S-80-S"},{"r":"121","t":"17:12:00","h":"Est","s":"25S-H58S000S-80-S"},{"r":"121","t":"17:17:00","h":"Est","s":"25N-H58N000I-80-I"},{"r":"121","t":"17:17:00","h":"Est","s":"25N-H58N100F-80-F1"},{"r":"121","t":"17:17:00","h":"Est","s":"25N-H58N200F-80-F2"},{"r":"121","t":"17:17:00","h":"Est","s":"25N-H58N300F-80-F3"},{"r":"121","t":"17:17:00","h":"Est","s":"25N-H58N400F-80-F4"},{"r":"121","t":"17:17:00","h":"Est","s":"25N-H58NV10I-80-I"},{"r":"121","t":"17:17:00","h":"Est","s":"25N-H58NV20I-80-I"},{"r":"121","t":"17:17:00","h":"Est","s":"25S-H58S000I-80-I"},{"r":"121","t":"17:17:00","h":"Est","s":"25S-H58S100F-80-F1"},{"r":"121","t":"17:17:00","h":"Est","s":"25S-H58S200F-80-F2"},{"r":"121","t":"17:18:00","h":"Est","s":"25N-H58N000A-80-A"},{"r":"121","t":"17:18:00","h":"Est","s":"25N-H58N000S-80-S"},{"r":"121","t":"17:18:00","h":"Est","s":"25N-H58NV10A-80-A"},{"r":"121","t":"17:18:00","h":"Est","s":"25N-H58NV10S-80-S"},{"r":"121","t":"17:18:00","h":"Est","s":"25N-H58NV20A-80-A"},{"r":"121","t":"17:18:00","h":"Est","s":"25N-H58NV20S-80-S"},{"r":"121","t":"17:18:00","h":"Est","s":"25S-H58S000A-80-A"},{"r":"121","t":"17:18:00","h":"Est","s":"25S-H58S000S-80-S"},{"r":"121","t":"17:25:00","h":"Est","s":"25N-H58N000S-80-S"},{"r":"121","t":"17:25:00","h":"Est","s":"25N-H58NV10S-80-S"},{"r":"121","t":"17:25:00","h":"Est","s":"25N-H58NV20S-80-S"},{"r":"121","t":"17:25:00","h":"Est","s":"25S-H58S000S-80-S"},{"r":"121","t":"17:31:00","h":"Est","s":"25N-H58N000A-80-A"},{"r":"121","t":"17:31:00","h":"Est","s":"25N-H58N000S-80-S"},{"r":"121","t":"17:31:00","h":"Est","s":"25N-H58NV10A-80-A"},{"r":"121","t":"17:31:00","h":"Est","s":"25N-H58NV10S-80-S"},{"r":"121","t":"17:31:00","h":"Est","s":"25N-H58NV20A-80-A"},{"r":"121","t":"17:31:00","h":"Est","s":"25N-H58NV20S-80-S"},{"r":"121","t":"17:31:00","h":"Est","s":"25S-H58S000A-80-A"},{"r":"121","t":"17:31:00","h":"Est","s":"25S-H58S000S-80-S"},{"r":"121","t":"17:35:00","h":"Est","s":"25N-H58N000I-80-I"},{"r":"121","t":"17:35:00","h":"Est","s":"25N-H58N100F-80-F1"},{"r":"121","t":"17:35:00","h":"Est","s":"25N-H58N200F-80-F2"},{"r":"121","t":"17:35:00","h":"Est","s":"25N-H58N300F-80-F3"},{"r":"121","t":"17:35:00","h":"Est","s":"25N-H58N400F-80-F4"},{"r":"121","t":"17:35:00","h":"Est","s":"25N-H58NV10I-80-I"},{"r":"121","t":"17:35:00","h":"Est","s":"25N-H58NV20I-80-I"},{"r":"121","t":"17:35:00","h":"Est","s":"25S-H58S000I-80-I"},{"r":"121","t":"17:35:00","h":"Est","s":"25S-H58S100F-80-F1"},{"r":"121","t":"17:35:00","h":"Est","s":"25S-H58S200F-80-F2"},{"r":"121","t":"17:37:00","h":"Est","s":"25N-H58N000S-80-S"},{"r":"121","t":"17:37:00","h":"Est","s":"25N-H58NV10S-80-S"},{"r":"121","t":"17:37:00","h":"Est","s":"25N-H58NV20S-80-S"},{"r":"121","t":"17:37:00","h":"Est","s":"25S-H58S000S-80-S"},{"r":"121","t":"17:43:00","h":"Est","s":"25N-H58N000S-80-S"},{"r":"121","t":"17:43:00","h":"Est","s":"25N-H58NV10S-80-S"},{"r":"121","t":"17:43:00","h":"Est","s":"25N-H58NV20S-80-S"},{"r":"121","t":"17:43:00","h":"Est","s":"25S-H58S000S-80-S"},{"r":"121","t":"17:44:00","h":"Est","s":"25N-H58N000A-80-A"},{"r":"121","t":"17:44:00","h":"Est","s":"25N-H58NV10A-80-A"},{"r":"121","t":"17:44:00","h":"Est","s":"25N-H58NV20A-80-A"},{"r":"121","t":"17:44:00","h":"Est","s":"25S-H58S000A-80-A"},{"r":"121","t":"17:49:00","h":"Est","s":"25N-H58N000S-80-S"},{"r":"121","t":"17:49:00","h":"Est","s":"25N-H58NV10S-80-S"},{"r":"121","t":"17:49:00","h":"Est","s":"25N-H58NV20S-80-S"},{"r":"121","t":"17:49:00","h":"Est","s":"25S-H58S000S-80-S"},{"r":"121","t":"17:54:00","h":"Est","s":"25N-H58N000I-80-I"},{"r":"121","t":"17:54:00","h":"Est","s":"25N-H58N100F-80-F1"},{"r":"121","t":"17:54:00","h":"Est","s":"25N-H58N200F-80-F2"},{"r":"121","t":"17:54:00","h":"Est","s":"25N-H58N300F-80-F3"},{"r":"121","t":"17:54:00","h":"Est","s":"25N-H58N400F-80-F4"},{"r":"121","t":"17:54:00","h":"Est","s":"25N-H58NV10I-80-I"},{"r":"121","t":"17:54:00","h":"Est","s":"25N-H58NV20I-80-I"},{"r":"121","t":"17:54:00","h":"Est","s":"25S-H58S000I-80-I"},{"r":"121","t":"17:54:00","h":"Est","s":"25S-H58S100F-80-F1"},{"r":"121","t":"17:54:00","h":"Est","s":"25S-H58S200F-80-F2"},{"r":"121","t":"17:56:00","h":"Est","s":"25N-H58N000S-80-S"},{"r":"121","t":"17:56:00","h":"Est","s":"25N-H58NV10S-80-S"},{"r":"121","t":"17:56:00","h":"Est","s":"25N-H58NV20S-80-S"},{"r":"121","t":"17:56:00","h":"Est","s":"25S-H58S000S-80-S"},{"r":"121","t":"17:57:00","h":"Est","s":"25N-H58N000A-80-A"},{"r":"121","t":"17:57:00","h":"Est","s":"25N-H58NV10A-80-A"},{"r":"121","t":"17:57:00","h":"Est","s":"25N-H58NV20A-80-A"},{"r":"121","t":"17:57:00","h":"Est","s":"25S-H58S000A-80-A"},{"r":"121","t":"18:02:00","h":"Est","s":"25N-H58N000S-80-S"},{"r":"121","t":"18:02:00","h":"Est","s":"25N-H58NV10S-80-S"},{"r":"121","t":"18:02:00","h":"Est","s":"25N-H58NV20S-80-S"},{"r":"121","t":"18:02:00","h":"Est","s":"25S-H58S000S-80-S"},{"r":"121","t":"18:08:00","h":"Est","s":"25N-H58N000S-80-S"},{"r":"121","t":"18:08:00","h":"Est","s":"25N-H58NV10S-80-S"},{"r":"121","t":"18:08:00","h":"Est","s":"25N-H58NV20S-80-S"},{"r":"121","t":"18:08:00","h":"Est","s":"25S-H58S000S-80-S"},{"r":"121","t":"18:10:00","h":"Est","s":"25N-H58N000A-80-A"},{"r":"121","t":"18:10:00","h":"Est","s":"25N-H58NV10A-80-A"},{"r":"121","t":"18:10:00","h":"Est","s":"25N-H58NV20A-80-A"},{"r":"121","t":"18:10:00","h":"Est","s":"25S-H58S000A-80-A"},{"r":"121","t":"18:11:00","h":"Est","s":"25N-H58N000I-80-I"},{"r":"121","t":"18:11:00","h":"Est","s":"25N-H58N100F-80-F1"},{"r":"121","t":"18:11:00","h":"Est","s":"25N-H58N200F-80-F2"},{"r":"121","t":"18:11:00","h":"Est","s":"25N-H58N300F-80-F3"},{"r":"121","t":"18:11:00","h":"Est","s":"25N-H58N400F-80-F4"},{"r":"121","t":"18:11:00","h":"Est","s":"25N-H58NV10I-80-I"},{"r":"121","t":"18:11:00","h":"Est","s":"25N-H58NV20I-80-I"},{"r":"121","t":"18:11:00","h":"Est","s":"25S-H58S000I-80-I"},{"r":"121","t":"18:11:00","h":"Est","s":"25S-H58S100F-80-F1"},{"r":"121","t":"18:11:00","h":"Est","s":"25S-H58S200F-80-F2"},{"r":"121","t":"18:15:00","h":"Est","s":"25N-H58N000S-80-S"},{"r":"121","t":"18:15:00","h":"Est","s":"25N-H58NV10S-80-S"},{"r":"121","t":"18:15:00","h":"Est","s":"25N-H58NV20S-80-S"},{"r":"121","t":"18:15:00","h":"Est","s":"25S-H58S000S-80-S"},{"r":"121","t":"18:23:00","h":"Est","s":"25N-H58N000S-80-S"},{"r":"121","t":"18:23:00","h":"Est","s":"25N-H58NV10S-80-S"},{"r":"121","t":"18:23:00","h":"Est","s":"25N-H58NV20S-80-S"},{"r":"121","t":"18:23:00","h":"Est","s":"25S-H58S000S-80-S"},{"r":"121","t":"18:25:00","h":"Est","s":"25N-H58N000A-80-A"},{"r":"121","t":"18:25:00","h":"Est","s":"25N-H58NV10A-80-A"},{"r":"121","t":"18:25:00","h":"Est","s":"25N-H58NV20A-80-A"},{"r":"121","t":"18:25:00","h":"Est","s":"25S-H58S000A-80-A"},{"r":"121","t":"18:29:00","h":"Est","s":"25N-H58N000I-80-I"},{"r":"121","t":"18:29:00","h":"Est","s":"25N-H58N100F-80-F1"},{"r":"121","t":"18:29:00","h":"Est","s":"25N-H58N200F-80-F2"},{"r":"121","t":"18:29:00","h":"Est","s":"25N-H58N300F-80-F3"},{"r":"121","t":"18:29:00","h":"Est","s":"25N-H58N400F-80-F4"},{"r":"121","t":"18:29:00","h":"Est","s":"25N-H58NV10I-80-I"},{"r":"121","t":"18:29:00","h":"Est","s":"25N-H58NV20I-80-I"},{"r":"121","t":"18:29:00","h":"Est","s":"25S-H58S000I-80-I"},{"r":"121","t":"18:29:00","h":"Est","s":"25S-H58S100F-80-F1"},{"r":"121","t":"18:29:00","h":"Est","s":"25S-H58S200F-80-F2"},{"r":"121","t":"18:31:00","h":"Est","s":"25N-H58N000S-80-S"},{"r":"121","t":"18:31:00","h":"Est","s":"25N-H58NV10S-80-S"},{"r":"121","t":"18:31:00","h":"Est","s":"25N-H58NV20S-80-S"},{"r":"121","t":"18:31:00","h":"Est","s":"25S-H58S000S-80-S"},{"r":"121","t":"18:37:00","h":"Est","s":"25N-H58N000S-80-S"},{"r":"121","t":"18:37:00","h":"Est","s":"25N-H58NV10S-80-S"},{"r":"121","t":"18:37:00","h":"Est","s":"25N-H58NV20S-80-S"},{"r":"121","t":"18:37:00","h":"Est","s":"25S-H58S000S-80-S"},{"r":"121","t":"18:38:00","h":"Est","s":"25N-H58N000A-80-A"},{"r":"121","t":"18:38:00","h":"Est","s":"25N-H58NV10A-80-A"},{"r":"121","t":"18:38:00","h":"Est","s":"25N-H58NV20A-80-A"},{"r":"121","t":"18:38:00","h":"Est","s":"25S-H58S000A-80-A"},{"r":"121","t":"18:47:00","h":"Est","s":"25N-H58N000S-80-S"},{"r":"121","t":"18:47:00","h":"Est","s":"25N-H58NV10S-80-S"},{"r":"121","t":"18:47:00","h":"Est","s":"25N-H58NV20S-80-S"},{"r":"121","t":"18:47:00","h":"Est","s":"25S-H58S000S-80-S"},{"r":"121","t":"18:49:00","h":"Est","s":"25N-H58N000I-80-I"},{"r":"121","t":"18:49:00","h":"Est","s":"25N-H58N100F-80-F1"},{"r":"121","t":"18:49:00","h":"Est","s":"25N-H58N200F-80-F2"},{"r":"121","t":"18:49:00","h":"Est","s":"25N-H58N300F-80-F3"},{"r":"121","t":"18:49:00","h":"Est","s":"25N-H58N400F-80-F4"},{"r":"121","t":"18:49:00","h":"Est","s":"25N-H58NV10I-80-I"},{"r":"121","t":"18:49:00","h":"Est","s":"25N-H58NV20I-80-I"},{"r":"121","t":"18:49:00","h":"Est","s":"25S-H58S000I-80-I"},{"r":"121","t":"18:49:00","h":"Est","s":"25S-H58S100F-80-F1"},{"r":"121","t":"18:49:00","h":"Est","s":"25S-H58S200F-80-F2"},{"r":"121","t":"18:50:00","h":"Est","s":"25N-H58N000A-80-A"},{"r":"121","t":"18:50:00","h":"Est","s":"25N-H58NV10A-80-A"},{"r":"121","t":"18:50:00","h":"Est","s":"25N-H58NV20A-80-A"},{"r":"121","t":"18:50:00","h":"Est","s":"25S-H58S000A-80-A"},{"r":"121","t":"18:58:00","h":"Est","s":"25N-H58N000S-80-S"},{"r":"121","t":"18:58:00","h":"Est","s":"25N-H58NV10S-80-S"},{"r":"121","t":"18:58:00","h":"Est","s":"25N-H58NV20S-80-S"},{"r":"121","t":"18:58:00","h":"Est","s":"25S-H58S000S-80-S"},{"r":"121","t":"19:07:00","h":"Est","s":"25N-H58N000A-80-A"},{"r":"121","t":"19:07:00","h":"Est","s":"25N-H58NV10A-80-A"},{"r":"121","t":"19:07:00","h":"Est","s":"25N-H58NV20A-80-A"},{"r":"121","t":"19:07:00","h":"Est","s":"25S-H58S000A-80-A"},{"r":"121","t":"19:10:00","h":"Est","s":"25N-H58N000I-80-I"},{"r":"121","t":"19:10:00","h":"Est","s":"25N-H58N000S-80-S"},{"r":"121","t":"19:10:00","h":"Est","s":"25N-H58N100F-80-F1"},{"r":"121","t":"19:10:00","h":"Est","s":"25N-H58N200F-80-F2"},{"r":"121","t":"19:10:00","h":"Est","s":"25N-H58N300F-80-F3"},{"r":"121","t":"19:10:00","h":"Est","s":"25N-H58N400F-80-F4"},{"r":"121","t":"19:10:00","h":"Est","s":"25N-H58NV10I-80-I"},{"r":"121","t":"19:10:00","h":"Est","s":"25N-H58NV10S-80-S"},{"r":"121","t":"19:10:00","h":"Est","s":"25N-H58NV20I-80-I"},{"r":"121","t":"19:10:00","h":"Est","s":"25N-H58NV20S-80-S"},{"r":"121","t":"19:10:00","h":"Est","s":"25S-H58S000I-80-I"},{"r":"121","t":"19:10:00","h":"Est","s":"25S-H58S000S-80-S"},{"r":"121","t":"19:10:00","h":"Est","s":"25S-H58S100F-80-F1"},{"r":"121","t":"19:10:00","h":"Est","s":"25S-H58S200F-80-F2"},{"r":"121","t":"19:22:00","h":"Est","s":"25N-H58N000S-80-S"},{"r":"121","t":"19:22:00","h":"Est","s":"25N-H58NV10S-80-S"},{"r":"121","t":"19:22:00","h":"Est","s":"25N-H58NV20S-80-S"},{"r":"121","t":"19:22:00","h":"Est","s":"25S-H58S000S-80-S"},{"r":"121","t":"19:26:00","h":"Est","s":"25N-H58N000A-80-A"},{"r":"121","t":"19:26:00","h":"Est","s":"25N-H58NV10A-80-A"},{"r":"121","t":"19:26:00","h":"Est","s":"25N-H58NV20A-80-A"},{"r":"121","t":"19:26:00","h":"Est","s":"25S-H58S000A-80-A"},{"r":"121","t":"19:34:00","h":"Est","s":"25N-H58N000S-80-S"},{"r":"121","t":"19:34:00","h":"Est","s":"25N-H58NV10S-80-S"},{"r":"121","t":"19:34:00","h":"Est","s":"25N-H58NV20S-80-S"},{"r":"121","t":"19:34:00","h":"Est","s":"25S-H58S000S-80-S"},{"r":"121","t":"19:38:00","h":"Est","s":"25N-H58N000I-80-I"},{"r":"121","t":"19:38:00","h":"Est","s":"25N-H58N100F-80-F1"},{"r":"121","t":"19:38:00","h":"Est","s":"25N-H58N200F-80-F2"},{"r":"121","t":"19:38:00","h":"Est","s":"25N-H58N300F-80-F3"},{"r":"121","t":"19:38:00","h":"Est","s":"25N-H58N400F-80-F4"},{"r":"121","t":"19:38:00","h":"Est","s":"25N-H58NV10I-80-I"},{"r":"121","t":"19:38:00","h":"Est","s":"25N-H58NV20I-80-I"},{"r":"121","t":"19:38:00","h":"Est","s":"25S-H58S000I-80-I"},{"r":"121","t":"19:38:00","h":"Est","s":"25S-H58S100F-80-F1"},{"r":"121","t":"19:38:00","h":"Est","s":"25S-H58S200F-80-F2"},{"r":"121","t":"19:45:00","h":"Est","s":"25N-H58N000A-80-A"},{"r":"121","t":"19:45:00","h":"Est","s":"25N-H58NV10A-80-A"},{"r":"121","t":"19:45:00","h":"Est","s":"25N-H58NV20A-80-A"},{"r":"121","t":"19:45:00","h":"Est","s":"25S-H58S000A-80-A"},{"r":"121","t":"19:46:00","h":"Est","s":"25N-H58N000S-80-S"},{"r":"121","t":"19:46:00","h":"Est","s":"25N-H58NV10S-80-S"},{"r":"121","t":"19:46:00","h":"Est","s":"25N-H58NV20S-80-S"},{"r":"121","t":"19:46:00","h":"Est","s":"25S-H58S000S-80-S"},{"r":"121","t":"19:58:00","h":"Est","s":"25N-H58N000S-80-S"},{"r":"121","t":"19:58:00","h":"Est","s":"25N-H58NV10S-80-S"},{"r":"121","t":"19:58:00","h":"Est","s":"25N-H58NV20S-80-S"},{"r":"121","t":"19:58:00","h":"Est","s":"25S-H58S000S-80-S"},{"r":"121","t":"20:08:00","h":"Est","s":"25N-H58N000I-80-I"},{"r":"121","t":"20:08:00","h":"Est","s":"25N-H58N100F-80-F1"},{"r":"121","t":"20:08:00","h":"Est","s":"25N-H58N200F-80-F2"},{"r":"121","t":"20:08:00","h":"Est","s":"25N-H58N300F-80-F3"},{"r":"121","t":"20:08:00","h":"Est","s":"25N-H58N400F-80-F4"},{"r":"121","t":"20:08:00","h":"Est","s":"25N-H58NV10I-80-I"},{"r":"121","t":"20:08:00","h":"Est","s":"25N-H58NV20I-80-I"},{"r":"121","t":"20:08:00","h":"Est","s":"25S-H58S000I-80-I"},{"r":"121","t":"20:08:00","h":"Est","s":"25S-H58S100F-80-F1"},{"r":"121","t":"20:08:00","h":"Est","s":"25S-H58S200F-80-F2"},{"r":"121","t":"20:10:00","h":"Est","s":"25N-H58N000S-80-S"},{"r":"121","t":"20:10:00","h":"Est","s":"25N-H58NV10S-80-S"},{"r":"121","t":"20:10:00","h":"Est","s":"25N-H58NV20S-80-S"},{"r":"121","t":"20:10:00","h":"Est","s":"25S-H58S000S-80-S"},{"r":"121","t":"20:15:00","h":"Est","s":"25N-H58N000A-80-A"},{"r":"121","t":"20:15:00","h":"Est","s":"25N-H58NV10A-80-A"},{"r":"121","t":"20:15:00","h":"Est","s":"25N-H58NV20A-80-A"},{"r":"121","t":"20:15:00","h":"Est","s":"25S-H58S000A-80-A"},{"r":"121","t":"20:22:00","h":"Est","s":"25N-H58N000S-80-S"},{"r":"121","t":"20:22:00","h":"Est","s":"25N-H58NV10S-80-S"},{"r":"121","t":"20:22:00","h":"Est","s":"25N-H58NV20S-80-S"},{"r":"121","t":"20:22:00","h":"Est","s":"25S-H58S000S-80-S"},{"r":"121","t":"20:33:00","h":"Est","s":"25N-H58N000S-80-S"},{"r":"121","t":"20:33:00","h":"Est","s":"25N-H58NV10S-80-S"},{"r":"121","t":"20:33:00","h":"Est","s":"25N-H58NV20S-80-S"},{"r":"121","t":"20:33:00","h":"Est","s":"25S-H58S000S-80-S"},{"r":"121","t":"20:36:00","h":"Est","s":"25N-H58N000I-80-I"},{"r":"121","t":"20:36:00","h":"Est","s":"25N-H58N100F-80-F1"},{"r":"121","t":"20:36:00","h":"Est","s":"25N-H58N200F-80-F2"},{"r":"121","t":"20:36:00","h":"Est","s":"25N-H58N300F-80-F3"},{"r":"121","t":"20:36:00","h":"Est","s":"25N-H58N400F-80-F4"},{"r":"121","t":"20:36:00","h":"Est","s":"25N-H58NV10I-80-I"},{"r":"121","t":"20:36:00","h":"Est","s":"25N-H58NV20I-80-I"},{"r":"121","t":"20:36:00","h":"Est","s":"25S-H58S000I-80-I"},{"r":"121","t":"20:36:00","h":"Est","s":"25S-H58S100F-80-F1"},{"r":"121","t":"20:36:00","h":"Est","s":"25S-H58S200F-80-F2"},{"r":"121","t":"20:45:00","h":"Est","s":"25N-H58N000A-80-A"},{"r":"121","t":"20:45:00","h":"Est","s":"25N-H58N000S-80-S"},{"r":"121","t":"20:45:00","h":"Est","s":"25N-H58NV10A-80-A"},{"r":"121","t":"20:45:00","h":"Est","s":"25N-H58NV10S-80-S"},{"r":"121","t":"20:45:00","h":"Est","s":"25N-H58NV20A-80-A"},{"r":"121","t":"20:45:00","h":"Est","s":"25N-H58NV20S-80-S"},{"r":"121","t":"20:45:00","h":"Est","s":"25S-H58S000A-80-A"},{"r":"121","t":"20:45:00","h":"Est","s":"25S-H58S000S-80-S"},{"r":"121","t":"21:00:00","h":"Est","s":"25N-H58N000S-80-S"},{"r":"121","t":"21:00:00","h":"Est","s":"25N-H58NV10S-80-S"},{"r":"121","t":"21:00:00","h":"Est","s":"25N-H58NV20S-80-S"},{"r":"121","t":"21:00:00","h":"Est","s":"25S-H58S000S-80-S"},{"r":"121","t":"21:06:00","h":"Est","s":"25N-H58N000I-80-I"},{"r":"121","t":"21:06:00","h":"Est","s":"25N-H58N100F-80-F1"},{"r":"121","t":"21:06:00","h":"Est","s":"25N-H58N200F-80-F2"},{"r":"121","t":"21:06:00","h":"Est","s":"25N-H58N300F-80-F3"},{"r":"121","t":"21:06:00","h":"Est","s":"25N-H58N400F-80-F4"},{"r":"121","t":"21:06:00","h":"Est","s":"25N-H58NV10I-80-I"},{"r":"121","t":"21:06:00","h":"Est","s":"25N-H58NV20I-80-I"},{"r":"121","t":"21:06:00","h":"Est","s":"25S-H58S000I-80-I"},{"r":"121","t":"21:06:00","h":"Est","s":"25S-H58S100F-80-F1"},{"r":"121","t":"21:06:00","h":"Est","s":"25S-H58S200F-80-F2"},{"r":"121","t":"21:15:00","h":"Est","s":"25N-H58N000A-80-A"},{"r":"121","t":"21:15:00","h":"Est","s":"25N-H58NV10A-80-A"},{"r":"121","t":"21:15:00","h":"Est","s":"25N-H58NV20A-80-A"},{"r":"121","t":"21:15:00","h":"Est","s":"25S-H58S000A-80-A"},{"r":"121","t":"21:18:00","h":"Est","s":"25N-H58N000S-80-S"},{"r":"121","t":"21:18:00","h":"Est","s":"25N-H58NV10S-80-S"},{"r":"121","t":"21:18:00","h":"Est","s":"25N-H58NV20S-80-S"},{"r":"121","t":"21:18:00","h":"Est","s":"25S-H58S000S-80-S"},{"r":"121","t":"21:37:00","h":"Est","s":"25N-H58N000I-80-I"},{"r":"121","t":"21:37:00","h":"Est","s":"25N-H58N000S-80-S"},{"r":"121","t":"21:37:00","h":"Est","s":"25N-H58N100F-80-F1"},{"r":"121","t":"21:37:00","h":"Est","s":"25N-H58N200F-80-F2"},{"r":"121","t":"21:37:00","h":"Est","s":"25N-H58N300F-80-F3"},{"r":"121","t":"21:37:00","h":"Est","s":"25N-H58N400F-80-F4"},{"r":"121","t":"21:37:00","h":"Est","s":"25N-H58NV10I-80-I"},{"r":"121","t":"21:37:00","h":"Est","s":"25N-H58NV10S-80-S"},{"r":"121","t":"21:37:00","h":"Est","s":"25N-H58NV20I-80-I"},{"r":"121","t":"21:37:00","h":"Est","s":"25N-H58NV20S-80-S"},{"r":"121","t":"21:37:00","h":"Est","s":"25S-H58S000I-80-I"},{"r":"121","t":"21:37:00","h":"Est","s":"25S-H58S000S-80-S"},{"r":"121","t":"21:37:00","h":"Est","s":"25S-H58S100F-80-F1"},{"r":"121","t":"21:37:00","h":"Est","s":"25S-H58S200F-80-F2"},{"r":"121","t":"21:45:00","h":"Est","s":"25N-H58N000A-80-A"},{"r":"121","t":"21:45:00","h":"Est","s":"25N-H58NV10A-80-A"},{"r":"121","t":"21:45:00","h":"Est","s":"25N-H58NV20A-80-A"},{"r":"121","t":"21:45:00","h":"Est","s":"25S-H58S000A-80-A"},{"r":"121","t":"21:54:00","h":"Est","s":"25N-H58N000S-80-S"},{"r":"121","t":"21:54:00","h":"Est","s":"25N-H58NV10S-80-S"},{"r":"121","t":"21:54:00","h":"Est","s":"25N-H58NV20S-80-S"},{"r":"121","t":"21:54:00","h":"Est","s":"25S-H58S000S-80-S"},{"r":"121","t":"22:01:00","h":"Est","s":"25N-H58N000S-80-S"},{"r":"121","t":"22:01:00","h":"Est","s":"25N-H58NV10S-80-S"},{"r":"121","t":"22:01:00","h":"Est","s":"25N-H58NV20S-80-S"},{"r":"121","t":"22:01:00","h":"Est","s":"25S-H58S000S-80-S"},{"r":"121","t":"22:07:00","h":"Est","s":"25N-H58N000I-80-I"},{"r":"121","t":"22:07:00","h":"Est","s":"25N-H58N100F-80-F1"},{"r":"121","t":"22:07:00","h":"Est","s":"25N-H58N200F-80-F2"},{"r":"121","t":"22:07:00","h":"Est","s":"25N-H58N300F-80-F3"},{"r":"121","t":"22:07:00","h":"Est","s":"25N-H58N400F-80-F4"},{"r":"121","t":"22:07:00","h":"Est","s":"25N-H58NV10I-80-I"},{"r":"121","t":"22:07:00","h":"Est","s":"25N-H58NV20I-80-I"},{"r":"121","t":"22:07:00","h":"Est","s":"25S-H58S000I-80-I"},{"r":"121","t":"22:07:00","h":"Est","s":"25S-H58S100F-80-F1"},{"r":"121","t":"22:07:00","h":"Est","s":"25S-H58S200F-80-F2"},{"r":"121","t":"22:15:00","h":"Est","s":"25N-H58N000A-80-A"},{"r":"121","t":"22:15:00","h":"Est","s":"25N-H58NV10A-80-A"},{"r":"121","t":"22:15:00","h":"Est","s":"25N-H58NV20A-80-A"},{"r":"121","t":"22:15:00","h":"Est","s":"25S-H58S000A-80-A"},{"r":"121","t":"22:31:00","h":"Est","s":"25N-H58N000S-80-S"},{"r":"121","t":"22:31:00","h":"Est","s":"25N-H58NV10S-80-S"},{"r":"121","t":"22:31:00","h":"Est","s":"25N-H58NV20S-80-S"},{"r":"121","t":"22:31:00","h":"Est","s":"25S-H58S000S-80-S"},{"r":"121","t":"22:36:00","h":"Est","s":"25N-H58N000I-80-I"},{"r":"121","t":"22:36:00","h":"Est","s":"25N-H58N100F-80-F1"},{"r":"121","t":"22:36:00","h":"Est","s":"25N-H58N200F-80-F2"},{"r":"121","t":"22:36:00","h":"Est","s":"25N-H58N300F-80-F3"},{"r":"121","t":"22:36:00","h":"Est","s":"25N-H58N400F-80-F4"},{"r":"121","t":"22:36:00","h":"Est","s":"25N-H58NV10I-80-I"},{"r":"121","t":"22:36:00","h":"Est","s":"25N-H58NV20I-80-I"},{"r":"121","t":"22:36:00","h":"Est","s":"25S-H58S000I-80-I"},{"r":"121","t":"22:36:00","h":"Est","s":"25S-H58S100F-80-F1"},{"r":"121","t":"22:36:00","h":"Est","s":"25S-H58S200F-80-F2"},{"r":"121","t":"22:44:00","h":"Est","s":"25N-H58N000A-80-A"},{"r":"121","t":"22:44:00","h":"Est","s":"25N-H58NV10A-80-A"},{"r":"121","t":"22:44:00","h":"Est","s":"25N-H58NV20A-80-A"},{"r":"121","t":"22:44:00","h":"Est","s":"25S-H58S000A-80-A"},{"r":"121","t":"23:00:00","h":"Est","s":"25N-H58N000S-80-S"},{"r":"121","t":"23:00:00","h":"Est","s":"25N-H58NV10S-80-S"},{"r":"121","t":"23:00:00","h":"Est","s":"25N-H58NV20S-80-S"},{"r":"121","t":"23:00:00","h":"Est","s":"25S-H58S000S-80-S"},{"r":"121","t":"23:08:00","h":"Est","s":"25N-H58N000I-80-I"},{"r":"121","t":"23:08:00","h":"Est","s":"25N-H58N100F-80-F1"},{"r":"121","t":"23:08:00","h":"Est","s":"25N-H58N200F-80-F2"},{"r":"121","t":"23:08:00","h":"Est","s":"25N-H58N300F-80-F3"},{"r":"121","t":"23:08:00","h":"Est","s":"25N-H58N400F-80-F4"},{"r":"121","t":"23:08:00","h":"Est","s":"25N-H58NV10I-80-I"},{"r":"121","t":"23:08:00","h":"Est","s":"25N-H58NV20I-80-I"},{"r":"121","t":"23:08:00","h":"Est","s":"25S-H58S000I-80-I"},{"r":"121","t":"23:08:00","h":"Est","s":"25S-H58S100F-80-F1"},{"r":"121","t":"23:08:00","h":"Est","s":"25S-H58S200F-80-F2"},{"r":"121","t":"23:13:00","h":"Est","s":"25N-H58N000A-80-A"},{"r":"121","t":"23:13:00","h":"Est","s":"25N-H58NV10A-80-A"},{"r":"121","t":"23:13:00","h":"Est","s":"25N-H58NV20A-80-A"},{"r":"121","t":"23:13:00","h":"Est","s":"25S-H58S000A-80-A"},{"r":"121","t":"23:31:00","h":"Est","s":"25N-H58N000S-80-S"},{"r":"121","t":"23:31:00","h":"Est","s":"25N-H58NV10S-80-S"},{"r":"121","t":"23:31:00","h":"Est","s":"25N-H58NV20S-80-S"},{"r":"121","t":"23:31:00","h":"Est","s":"25S-H58S000S-80-S"},{"r":"121","t":"23:39:00","h":"Est","s":"25N-H58N000I-80-I"},{"r":"121","t":"23:39:00","h":"Est","s":"25N-H58N100F-80-F1"},{"r":"121","t":"23:39:00","h":"Est","s":"25N-H58N200F-80-F2"},{"r":"121","t":"23:39:00","h":"Est","s":"25N-H58N300F-80-F3"},{"r":"121","t":"23:39:00","h":"Est","s":"25N-H58N400F-80-F4"},{"r":"121","t":"23:39:00","h":"Est","s":"25N-H58NV10I-80-I"},{"r":"121","t":"23:39:00","h":"Est","s":"25N-H58NV20I-80-I"},{"r":"121","t":"23:39:00","h":"Est","s":"25S-H58S000I-80-I"},{"r":"121","t":"23:39:00","h":"Est","s":"25S-H58S100F-80-F1"},{"r":"121","t":"23:39:00","h":"Est","s":"25S-H58S200F-80-F2"},{"r":"121","t":"23:43:00","h":"Est","s":"25N-H58N000A-80-A"},{"r":"121","t":"23:43:00","h":"Est","s":"25N-H58NV10A-80-A"},{"r":"121","t":"23:43:00","h":"Est","s":"25N-H58NV20A-80-A"},{"r":"121","t":"23:43:00","h":"Est","s":"25S-H58S000A-80-A"},{"r":"121","t":"24:03:00","h":"Est","s":"25N-H58N000S-80-S"},{"r":"121","t":"24:03:00","h":"Est","s":"25N-H58NV10S-80-S"},{"r":"121","t":"24:03:00","h":"Est","s":"25N-H58NV20S-80-S"},{"r":"121","t":"24:03:00","h":"Est","s":"25S-H58S000S-80-S"},{"r":"121","t":"24:08:00","h":"Est","s":"25N-H58N000I-80-I"},{"r":"121","t":"24:08:00","h":"Est","s":"25N-H58N100F-80-F1"},{"r":"121","t":"24:08:00","h":"Est","s":"25N-H58N200F-80-F2"},{"r":"121","t":"24:08:00","h":"Est","s":"25N-H58N300F-80-F3"},{"r":"121","t":"24:08:00","h":"Est","s":"25N-H58N400F-80-F4"},{"r":"121","t":"24:08:00","h":"Est","s":"25N-H58NV10I-80-I"},{"r":"121","t":"24:08:00","h":"Est","s":"25N-H58NV20I-80-I"},{"r":"121","t":"24:08:00","h":"Est","s":"25S-H58S000I-80-I"},{"r":"121","t":"24:08:00","h":"Est","s":"25S-H58S100F-80-F1"},{"r":"121","t":"24:08:00","h":"Est","s":"25S-H58S200F-80-F2"},{"r":"121","t":"24:13:00","h":"Est","s":"25N-H58N000A-80-A"},{"r":"121","t":"24:13:00","h":"Est","s":"25N-H58NV10A-80-A"},{"r":"121","t":"24:13:00","h":"Est","s":"25N-H58NV20A-80-A"},{"r":"121","t":"24:13:00","h":"Est","s":"25S-H58S000A-80-A"},{"r":"121","t":"24:34:00","h":"Est","s":"25N-H58N000S-80-S"},{"r":"121","t":"24:34:00","h":"Est","s":"25N-H58NV10S-80-S"},{"r":"121","t":"24:34:00","h":"Est","s":"25N-H58NV20S-80-S"},{"r":"121","t":"24:34:00","h":"Est","s":"25S-H58S000S-80-S"},{"r":"121","t":"24:38:00","h":"Est","s":"25N-H58N000I-80-I"},{"r":"121","t":"24:38:00","h":"Est","s":"25N-H58N100F-80-F1"},{"r":"121","t":"24:38:00","h":"Est","s":"25N-H58N200F-80-F2"},{"r":"121","t":"24:38:00","h":"Est","s":"25N-H58N300F-80-F3"},{"r":"121","t":"24:38:00","h":"Est","s":"25N-H58N400F-80-F4"},{"r":"121","t":"24:38:00","h":"Est","s":"25N-H58NV10I-80-I"},{"r":"121","t":"24:38:00","h":"Est","s":"25N-H58NV20I-80-I"},{"r":"121","t":"24:38:00","h":"Est","s":"25S-H58S000I-80-I"},{"r":"121","t":"24:38:00","h":"Est","s":"25S-H58S100F-80-F1"},{"r":"121","t":"24:38:00","h":"Est","s":"25S-H58S200F-80-F2"},{"r":"121","t":"24:40:00","h":"Est","s":"25N-H58N000A-80-A"},{"r":"121","t":"24:40:00","h":"Est","s":"25N-H58NV10A-80-A"},{"r":"121","t":"24:40:00","h":"Est","s":"25N-H58NV20A-80-A"},{"r":"121","t":"24:40:00","h":"Est","s":"25S-H58S000A-80-A"},{"r":"121","t":"25:05:00","h":"Est","s":"25N-H58N000S-80-S"},{"r":"121","t":"25:05:00","h":"Est","s":"25N-H58NV10S-80-S"},{"r":"121","t":"25:05:00","h":"Est","s":"25N-H58NV20S-80-S"},{"r":"121","t":"25:05:00","h":"Est","s":"25S-H58S000S-80-S"},{"r":"121","t":"25:07:00","h":"Est","s":"25N-H58N000I-80-I"},{"r":"121","t":"25:07:00","h":"Est","s":"25N-H58N100F-80-F1"},{"r":"121","t":"25:07:00","h":"Est","s":"25N-H58N200F-80-F2"},{"r":"121","t":"25:07:00","h":"Est","s":"25N-H58N300F-80-F3"},{"r":"121","t":"25:07:00","h":"Est","s":"25N-H58N400F-80-F4"},{"r":"121","t":"25:07:00","h":"Est","s":"25N-H58NV10I-80-I"},{"r":"121","t":"25:07:00","h":"Est","s":"25N-H58NV20I-80-I"},{"r":"121","t":"25:07:00","h":"Est","s":"25S-H58S000I-80-I"},{"r":"121","t":"25:07:00","h":"Est","s":"25S-H58S100F-80-F1"},{"r":"121","t":"25:07:00","h":"Est","s":"25S-H58S200F-80-F2"},{"r":"121","t":"25:11:00","h":"Est","s":"25N-H58N000A-80-A"},{"r":"121","t":"25:11:00","h":"Est","s":"25N-H58NV10A-80-A"},{"r":"121","t":"25:11:00","h":"Est","s":"25N-H58NV20A-80-A"},{"r":"121","t":"25:11:00","h":"Est","s":"25S-H58S000A-80-A"},{"r":"121","t":"25:36:00","h":"Est","s":"25N-H58N000S-80-S"},{"r":"121","t":"25:36:00","h":"Est","s":"25N-H58NV10S-80-S"},{"r":"121","t":"25:36:00","h":"Est","s":"25N-H58NV20S-80-S"},{"r":"121","t":"25:36:00","h":"Est","s":"25S-H58S000S-80-S"},{"r":"121","t":"25:39:00","h":"Est","s":"25N-H58N000I-80-I"},{"r":"121","t":"25:39:00","h":"Est","s":"25N-H58N100F-80-F1"},{"r":"121","t":"25:39:00","h":"Est","s":"25N-H58N200F-80-F2"},{"r":"121","t":"25:39:00","h":"Est","s":"25N-H58N300F-80-F3"},{"r":"121","t":"25:39:00","h":"Est","s":"25N-H58N400F-80-F4"},{"r":"121","t":"25:39:00","h":"Est","s":"25N-H58NV10I-80-I"},{"r":"121","t":"25:39:00","h":"Est","s":"25N-H58NV20I-80-I"},{"r":"121","t":"25:39:00","h":"Est","s":"25S-H58S000I-80-I"},{"r":"121","t":"25:39:00","h":"Est","s":"25S-H58S100F-80-F1"},{"r":"121","t":"25:39:00","h":"Est","s":"25S-H58S200F-80-F2"},{"r":"121","t":"25:44:00","h":"Est","s":"25N-H58N000A-80-A"},{"r":"121","t":"25:44:00","h":"Est","s":"25N-H58NV10A-80-A"},{"r":"121","t":"25:44:00","h":"Est","s":"25N-H58NV20A-80-A"},{"r":"121","t":"25:44:00","h":"Est","s":"25S-H58S000A-80-A"},{"r":"378","t":"25:56:53","h":"Est","s":"25N-H60N000S-80-S"},{"r":"378","t":"25:56:53","h":"Est","s":"25N-H60N000S-98-S"},{"r":"378","t":"25:56:53","h":"Est","s":"25N-H60NV10S-98-S"},{"r":"378","t":"25:56:53","h":"Est","s":"25N-H60NV20S-98-S"},{"r":"378","t":"25:56:53","h":"Est","s":"25S-H60S000S-80-S"},{"r":"378","t":"25:58:18","h":"Est","s":"25N-H60N000A-80-A"},{"r":"378","t":"25:58:18","h":"Est","s":"25N-H60NV10A-80-A"},{"r":"378","t":"25:58:18","h":"Est","s":"25N-H60NV20A-80-A"},{"r":"378","t":"25:58:18","h":"Est","s":"25S-H60S000A-80-A"},{"r":"378","t":"25:58:53","h":"Est","s":"25N-H60N000I-80-I"},{"r":"378","t":"25:58:53","h":"Est","s":"25N-H60N100F-81-F1"},{"r":"378","t":"25:58:53","h":"Est","s":"25N-H60N200F-81-F2"},{"r":"378","t":"25:58:53","h":"Est","s":"25N-H60N300F-82-F3"},{"r":"378","t":"25:58:53","h":"Est","s":"25N-H60N400F-81-F4"},{"r":"378","t":"25:58:53","h":"Est","s":"25N-H60NV10I-80-I"},{"r":"378","t":"25:58:53","h":"Est","s":"25N-H60NV20I-80-I"},{"r":"378","t":"25:58:53","h":"Est","s":"25S-H60S000I-80-I"},{"r":"378","t":"25:58:53","h":"Est","s":"25S-H60S100F-82-F1"},{"r":"378","t":"25:58:53","h":"Est","s":"25S-H60S200F-81-F2"},{"r":"378","t":"26:47:53","h":"Est","s":"25N-H60N000S-80-S"},{"r":"378","t":"26:47:53","h":"Est","s":"25N-H60N000S-98-S"},{"r":"378","t":"26:47:53","h":"Est","s":"25N-H60NV10S-98-S"},{"r":"378","t":"26:47:53","h":"Est","s":"25N-H60NV20S-98-S"},{"r":"378","t":"26:47:53","h":"Est","s":"25S-H60S000S-80-S"},{"r":"378","t":"26:49:18","h":"Est","s":"25N-H60N000A-80-A"},{"r":"378","t":"26:49:18","h":"Est","s":"25N-H60NV10A-80-A"},{"r":"378","t":"26:49:18","h":"Est","s":"25N-H60NV20A-80-A"},{"r":"378","t":"26:49:18","h":"Est","s":"25S-H60S000A-80-A"},{"r":"378","t":"26:50:18","h":"Est","s":"25N-H60N000I-80-I"},{"r":"378","t":"26:50:18","h":"Est","s":"25N-H60N100F-81-F1"},{"r":"378","t":"26:50:18","h":"Est","s":"25N-H60N200F-81-F2"},{"r":"378","t":"26:50:18","h":"Est","s":"25N-H60N300F-82-F3"},{"r":"378","t":"26:50:18","h":"Est","s":"25N-H60N400F-81-F4"},{"r":"378","t":"26:50:18","h":"Est","s":"25N-H60NV10I-80-I"},{"r":"378","t":"26:50:18","h":"Est","s":"25N-H60NV20I-80-I"},{"r":"378","t":"26:50:18","h":"Est","s":"25S-H60S000I-80-I"},{"r":"378","t":"26:50:18","h":"Est","s":"25S-H60S100F-82-F1"},{"r":"378","t":"26:50:18","h":"Est","s":"25S-H60S200F-81-F2"},{"r":"378","t":"27:40:18","h":"Est","s":"25N-H60N000A-80-A"},{"r":"378","t":"27:40:18","h":"Est","s":"25N-H60N000I-80-I"},{"r":"378","t":"27:40:18","h":"Est","s":"25N-H60N100F-81-F1"},{"r":"378","t":"27:40:18","h":"Est","s":"25N-H60N200F-81-F2"},{"r":"378","t":"27:40:18","h":"Est","s":"25N-H60N300F-82-F3"},{"r":"378","t":"27:40:18","h":"Est","s":"25N-H60N400F-81-F4"},{"r":"378","t":"27:40:18","h":"Est","s":"25N-H60NV10A-80-A"},{"r":"378","t":"27:40:18","h":"Est","s":"25N-H60NV10I-80-I"},{"r":"378","t":"27:40:18","h":"Est","s":"25N-H60NV20A-80-A"},{"r":"378","t":"27:40:18","h":"Est","s":"25N-H60NV20I-80-I"},{"r":"378","t":"27:40:18","h":"Est","s":"25S-H60S000A-80-A"},{"r":"378","t":"27:40:18","h":"Est","s":"25S-H60S000I-80-I"},{"r":"378","t":"27:40:18","h":"Est","s":"25S-H60S100F-82-F1"},{"r":"378","t":"27:40:18","h":"Est","s":"25S-H60S200F-81-F2"},{"r":"378","t":"27:44:53","h":"Est","s":"25N-H60N000S-80-S"},{"r":"378","t":"27:44:53","h":"Est","s":"25N-H60N000S-98-S"},{"r":"378","t":"27:44:53","h":"Est","s":"25N-H60NV10S-98-S"},{"r":"378","t":"27:44:53","h":"Est","s":"25N-H60NV20S-98-S"},{"r":"378","t":"27:44:53","h":"Est","s":"25S-H60S000S-80-S"},{"r":"378","t":"28:31:18","h":"Est","s":"25N-H60N000A-80-A"},{"r":"378","t":"28:31:18","h":"Est","s":"25N-H60NV10A-80-A"},{"r":"378","t":"28:31:18","h":"Est","s":"25N-H60NV20A-80-A"},{"r":"378","t":"28:31:18","h":"Est","s":"25S-H60S000A-80-A"},{"r":"378","t":"28:33:18","h":"Est","s":"25N-H60N000I-80-I"},{"r":"378","t":"28:33:18","h":"Est","s":"25N-H60N100F-81-F1"},{"r":"378","t":"28:33:18","h":"Est","s":"25N-H60N200F-81-F2"},{"r":"378","t":"28:33:18","h":"Est","s":"25N-H60N300F-82-F3"},{"r":"378","t":"28:33:18","h":"Est","s":"25N-H60N400F-81-F4"},{"r":"378","t":"28:33:18","h":"Est","s":"25N-H60NV10I-80-I"},{"r":"378","t":"28:33:18","h":"Est","s":"25N-H60NV20I-80-I"},{"r":"378","t":"28:33:18","h":"Est","s":"25S-H60S000I-80-I"},{"r":"378","t":"28:33:18","h":"Est","s":"25S-H60S100F-82-F1"},{"r":"378","t":"28:33:18","h":"Est","s":"25S-H60S200F-81-F2"},{"r":"378","t":"28:34:18","h":"Est","s":"25N-H60N000S-80-S"},{"r":"378","t":"28:34:18","h":"Est","s":"25N-H60N000S-98-S"},{"r":"378","t":"28:34:18","h":"Est","s":"25N-H60NV10S-98-S"},{"r":"378","t":"28:34:18","h":"Est","s":"25N-H60NV20S-98-S"},{"r":"378","t":"28:34:18","h":"Est","s":"25S-H60S000S-80-S"}]