[{"r":"30","t":"04:51:13","h":"Sud","s":"25N-H55N000A-80-A"},{"r":"30","t":"04:51:13","h":"Sud","s":"25N-H55N000I-80-I"},{"r":"30","t":"04:51:13","h":"Sud","s":"25N-H55N100F-80-F1"},{"r":"30","t":"04:51:13","h":"Sud","s":"25N-H55N200F-80-F2"},{"r":"30","t":"04:51:13","h":"Sud","s":"25N-H55N300F-80-F3"},{"r":"30","t":"04:51:13","h":"Sud","s":"25N-H55N400F-80-F4"},{"r":"30","t":"04:51:13","h":"Sud","s":"25N-H55NV10A-80-A"},{"r":"30","t":"04:51:13","h":"Sud","s":"25N-H55NV10I-80-I"},{"r":"30","t":"04:51:13","h":"Sud","s":"25N-H55NV20A-80-A"},{"r":"30","t":"04:51:13","h":"Sud","s":"25N-H55NV20I-80-I"},{"r":"30","t":"04:51:13","h":"Sud","s":"25S-H55S000A-80-A"},{"r":"30","t":"04:51:13","h":"Sud","s":"25S-H55S000I-80-I"},{"r":"30","t":"04:51:13","h":"Sud","s":"25S-H55S100F-80-F1"},{"r":"30","t":"04:51:13","h":"Sud","s":"25S-H55S200F-80-F2"},{"r":"30","t":"04:51:28","h":"Sud","s":"25N-H55N000S-80-S"},{"r":"30","t":"04:51:28","h":"Sud","s":"25N-H55N000S-82-S"},{"r":"30","t":"04:51:28","h":"Sud","s":"25N-H55NV10S-85-S"},{"r":"30","t":"04:51:28","h":"Sud","s":"25N-H55NV20S-81-S"},{"r":"30","t":"04:51:28","h":"Sud","s":"25S-H55S000S-82-S"},{"r":"30","t":"05:26:28","h":"Sud","s":"25N-H55N000S-80-S"},{"r":"30","t":"05:26:28","h":"Sud","s":"25N-H55N000S-82-S"},{"r":"30","t":"05:26:28","h":"Sud","s":"25N-H55NV10S-85-S"},{"r":"30","t":"05:26:28","h":"Sud","s":"25N-H55NV20S-81-S"},{"r":"30","t":"05:26:28","h":"Sud","s":"25S-H55S000S-82-S"},{"r":"30","t":"05:29:13","h":"Sud","s":"25N-H55N000A-80-A"},{"r":"30","t":"05:29:13","h":"Sud","s":"25N-H55NV10A-80-A"},{"r":"30","t":"05:29:13","h":"Sud","s":"25N-H55NV20A-80-A"},{"r":"30","t":"05:29:13","h":"Sud","s":"25S-H55S000A-80-A"},{"r":"30","t":"05:32:13","h":"Sud","s":"25N-H55N000I-80-I"},{"r":"30","t":"05:32:13","h":"Sud","s":"25N-H55N100F-80-F1"},{"r":"30","t":"05:32:13","h":"Sud","s":"25N-H55N200F-80-F2"},{"r":"30","t":"05:32:13","h":"Sud","s":"25N-H55N300F-80-F3"},{"r":"30","t":"05:32:13","h":"Sud","s":"25N-H55N400F-80-F4"},{"r":"30","t":"05:32:13","h":"Sud","s":"25N-H55NV10I-80-I"},{"r":"30","t":"05:32:13","h":"Sud","s":"25N-H55NV20I-80-I"},{"r":"30","t":"05:32:13","h":"Sud","s":"25S-H55S000I-80-I"},{"r":"30","t":"05:32:13","h":"Sud","s":"25S-H55S100F-80-F1"},{"r":"30","t":"05:32:13","h":"Sud","s":"25S-H55S200F-80-F2"},{"r":"30","t":"06:01:28","h":"Sud","s":"25N-H55N000S-80-S"},{"r":"30","t":"06:01:28","h":"Sud","s":"25N-H55N000S-82-S"},{"r":"30","t":"06:01:28","h":"Sud","s":"25N-H55NV10S-85-S"},{"r":"30","t":"06:01:28","h":"Sud","s":"25N-H55NV20S-81-S"},{"r":"30","t":"06:01:28","h":"Sud","s":"25S-H55S000S-82-S"},{"r":"30","t":"06:08:13","h":"Sud","s":"25N-H55N000A-80-A"},{"r":"30","t":"06:08:13","h":"Sud","s":"25N-H55NV10A-80-A"},{"r":"30","t":"06:08:13","h":"Sud","s":"25N-H55NV20A-80-A"},{"r":"30","t":"06:08:13","h":"Sud","s":"25S-H55S000A-80-A"},{"r":"30","t":"06:13:13","h":"Sud","s":"25N-H55N000I-80-I"},{"r":"30","t":"06:13:13","h":"Sud","s":"25N-H55N100F-80-F1"},{"r":"30","t":"06:13:13","h":"Sud","s":"25N-H55N200F-80-F2"},{"r":"30","t":"06:13:13","h":"Sud","s":"25N-H55N300F-80-F3"},{"r":"30","t":"06:13:13","h":"Sud","s":"25N-H55N400F-80-F4"},{"r":"30","t":"06:13:13","h":"Sud","s":"25N-H55NV10I-80-I"},{"r":"30","t":"06:13:13","h":"Sud","s":"25N-H55NV20I-80-I"},{"r":"30","t":"06:13:13","h":"Sud","s":"25S-H55S000I-80-I"},{"r":"30","t":"06:13:13","h":"Sud","s":"25S-H55S100F-80-F1"},{"r":"30","t":"06:13:13","h":"Sud","s":"25S-H55S200F-80-F2"},{"r":"30","t":"06:30:43","h":"Sud","s":"25N-H55N000S-80-S"},{"r":"30","t":"06:30:43","h":"Sud","s":"25N-H55N000S-82-S"},{"r":"30","t":"06:30:43","h":"Sud","s":"25N-H55NV10S-85-S"},{"r":"30","t":"06:30:43","h":"Sud","s":"25N-H55NV20S-81-S"},{"r":"30","t":"06:30:43","h":"Sud","s":"25S-H55S000S-82-S"},{"r":"30","t":"06:47:13","h":"Sud","s":"25N-H55N000A-80-A"},{"r":"30","t":"06:47:13","h":"Sud","s":"25N-H55NV10A-80-A"},{"r":"30","t":"06:47:13","h":"Sud","s":"25N-H55NV20A-80-A"},{"r":"30","t":"06:47:13","h":"Sud","s":"25S-H55S000A-80-A"},{"r":"30","t":"06:54:13","h":"Sud","s":"25N-H55N000I-80-I"},{"r":"30","t":"06:54:13","h":"Sud","s":"25N-H55N100F-80-F1"},{"r":"30","t":"06:54:13","h":"Sud","s":"25N-H55N200F-80-F2"},{"r":"30","t":"06:54:13","h":"Sud","s":"25N-H55N300F-80-F3"},{"r":"30","t":"06:54:13","h":"Sud","s":"25N-H55N400F-80-F4"},{"r":"30","t":"06:54:13","h":"Sud","s":"25N-H55NV10I-80-I"},{"r":"30","t":"06:54:13","h":"Sud","s":"25N-H55NV20I-80-I"},{"r":"30","t":"06:54:13","h":"Sud","s":"25S-H55S000I-80-I"},{"r":"30","t":"06:54:13","h":"Sud","s":"25S-H55S100F-80-F1"},{"r":"30","t":"06:54:13","h":"Sud","s":"25S-H55S200F-80-F2"},{"r":"30","t":"06:59:58","h":"Sud","s":"25N-H55N000S-80-S"},{"r":"30","t":"06:59:58","h":"Sud","s":"25N-H55N000S-82-S"},{"r":"30","t":"06:59:58","h":"Sud","s":"25N-H55NV10S-85-S"},{"r":"30","t":"06:59:58","h":"Sud","s":"25N-H55NV20S-81-S"},{"r":"30","t":"06:59:58","h":"Sud","s":"25S-H55S000S-82-S"},{"r":"56","t":"07:11:43","h":"Sud","s":"25N-H58N000S-80-S"},{"r":"56","t":"07:11:43","h":"Sud","s":"25S-H58S000S-80-S"},{"r":"30","t":"07:25:13","h":"Sud","s":"25N-H55N000A-80-A"},{"r":"30","t":"07:25:13","h":"Sud","s":"25N-H55NV10A-80-A"},{"r":"30","t":"07:25:13","h":"Sud","s":"25N-H55NV20A-80-A"},{"r":"30","t":"07:25:13","h":"Sud","s":"25S-H55S000A-80-A"},{"r":"30","t":"07:26:58","h":"Sud","s":"25N-H55N000S-80-S"},{"r":"30","t":"07:26:58","h":"Sud","s":"25N-H55N000S-82-S"},{"r":"30","t":"07:26:58","h":"Sud","s":"25N-H55NV10S-85-S"},{"r":"30","t":"07:26:58","h":"Sud","s":"25N-H55NV20S-81-S"},{"r":"30","t":"07:26:58","h":"Sud","s":"25S-H55S000S-82-S"},{"r":"56","t":"07:33:58","h":"Sud","s":"25N-H58N000S-80-S"},{"r":"56","t":"07:33:58","h":"Sud","s":"25S-H58S000S-80-S"},{"r":"30","t":"07:35:28","h":"Sud","s":"25N-H55N000I-80-I"},{"r":"30","t":"07:35:28","h":"Sud","s":"25N-H55N100F-80-F1"},{"r":"30","t":"07:35:28","h":"Sud","s":"25N-H55N200F-80-F2"},{"r":"30","t":"07:35:28","h":"Sud","s":"25N-H55N300F-80-F3"},{"r":"30","t":"07:35:28","h":"Sud","s":"25N-H55N400F-80-F4"},{"r":"30","t":"07:35:28","h":"Sud","s":"25N-H55NV10I-80-I"},{"r":"30","t":"07:35:28","h":"Sud","s":"25N-H55NV20I-80-I"},{"r":"30","t":"07:35:28","h":"Sud","s":"25S-H55S000I-80-I"},{"r":"30","t":"07:35:28","h":"Sud","s":"25S-H55S100F-80-F1"},{"r":"30","t":"07:35:28","h":"Sud","s":"25S-H55S200F-80-F2"},{"r":"56","t":"07:43:58","h":"Sud","s":"25N-H58N000S-80-S"},{"r":"56","t":"07:43:58","h":"Sud","s":"25S-H58S000S-80-S"},{"r":"30","t":"07:53:28","h":"Sud","s":"25N-H55N000A-80-A"},{"r":"30","t":"07:53:28","h":"Sud","s":"25N-H55NV10A-80-A"},{"r":"30","t":"07:53:28","h":"Sud","s":"25N-H55NV20A-80-A"},{"r":"30","t":"07:53:28","h":"Sud","s":"25S-H55S000A-80-A"},{"r":"30","t":"07:54:13","h":"Sud","s":"25N-H58N000S-80-S"},{"r":"30","t":"07:54:13","h":"Sud","s":"25N-H58NV10S-80-S"},{"r":"30","t":"07:54:13","h":"Sud","s":"25N-H58NV20S-80-S"},{"r":"30","t":"07:54:13","h":"Sud","s":"25S-H58S000S-80-S"},{"r":"56","t":"08:05:43","h":"Sud","s":"25N-H58N000S-80-S"},{"r":"56","t":"08:05:43","h":"Sud","s":"25S-H58S000S-80-S"},{"r":"30","t":"08:08:28","h":"Sud","s":"25N-H55N000I-80-I"},{"r":"30","t":"08:08:28","h":"Sud","s":"25N-H55N100F-80-F1"},{"r":"30","t":"08:08:28","h":"Sud","s":"25N-H55N200F-80-F2"},{"r":"30","t":"08:08:28","h":"Sud","s":"25N-H55N300F-80-F3"},{"r":"30","t":"08:08:28","h":"Sud","s":"25N-H55N400F-80-F4"},{"r":"30","t":"08:08:28","h":"Sud","s":"25N-H55NV10I-80-I"},{"r":"30","t":"08:08:28","h":"Sud","s":"25N-H55NV20I-80-I"},{"r":"30","t":"08:08:28","h":"Sud","s":"25S-H55S000I-80-I"},{"r":"30","t":"08:08:28","h":"Sud","s":"25S-H55S100F-80-F1"},{"r":"30","t":"08:08:28","h":"Sud","s":"25S-H55S200F-80-F2"},{"r":"56","t":"08:17:43","h":"Sud","s":"25N-H58N000S-80-S"},{"r":"56","t":"08:17:43","h":"Sud","s":"25S-H58S000S-80-S"},{"r":"30","t":"08:22:43","h":"Sud","s":"25N-H55N000A-80-A"},{"r":"30","t":"08:22:43","h":"Sud","s":"25N-H55NV10A-80-A"},{"r":"30","t":"08:22:43","h":"Sud","s":"25N-H55NV20A-80-A"},{"r":"30","t":"08:22:43","h":"Sud","s":"25S-H55S000A-80-A"},{"r":"30","t":"08:23:13","h":"Sud","s":"25N-H55N000S-80-S"},{"r":"30","t":"08:23:13","h":"Sud","s":"25N-H55N000S-82-S"},{"r":"30","t":"08:23:13","h":"Sud","s":"25N-H55NV10S-85-S"},{"r":"30","t":"08:23:13","h":"Sud","s":"25N-H55NV20S-81-S"},{"r":"30","t":"08:23:13","h":"Sud","s":"25S-H55S000S-82-S"},{"r":"56","t":"08:39:43","h":"Sud","s":"25N-H58N000S-80-S"},{"r":"56","t":"08:39:43","h":"Sud","s":"25S-H58S000S-80-S"},{"r":"30","t":"08:41:28","h":"Sud","s":"25N-H55N000I-80-I"},{"r":"30","t":"08:41:28","h":"Sud","s":"25N-H55N100F-80-F1"},{"r":"30","t":"08:41:28","h":"Sud","s":"25N-H55N200F-80-F2"},{"r":"30","t":"08:41:28","h":"Sud","s":"25N-H55N300F-80-F3"},{"r":"30","t":"08:41:28","h":"Sud","s":"25N-H55N400F-80-F4"},{"r":"30","t":"08:41:28","h":"Sud","s":"25N-H55NV10I-80-I"},{"r":"30","t":"08:41:28","h":"Sud","s":"25N-H55NV20I-80-I"},{"r":"30","t":"08:41:28","h":"Sud","s":"25S-H55S000I-80-I"},{"r":"30","t":"08:41:28","h":"Sud","s":"25S-H55S100F-80-F1"},{"r":"30","t":"08:41:28","h":"Sud","s":"25S-H55S200F-80-F2"},{"r":"30","t":"08:52:43","h":"Sud","s":"25N-H55N000A-80-A"},{"r":"30","t":"08:52:43","h":"Sud","s":"25N-H55NV10A-80-A"},{"r":"30","t":"08:52:43","h":"Sud","s":"25N-H55NV20A-80-A"},{"r":"30","t":"08:52:43","h":"Sud","s":"25S-H55S000A-80-A"},{"r":"30","t":"08:53:13","h":"Sud","s":"25N-H55N000S-80-S"},{"r":"30","t":"08:53:13","h":"Sud","s":"25N-H55N000S-82-S"},{"r":"30","t":"08:53:13","h":"Sud","s":"25N-H55NV10S-85-S"},{"r":"30","t":"08:53:13","h":"Sud","s":"25N-H55NV20S-81-S"},{"r":"30","t":"08:53:13","h":"Sud","s":"25S-H55S000S-82-S"},{"r":"56","t":"09:04:43","h":"Sud","s":"25N-H58N000S-80-S"},{"r":"56","t":"09:04:43","h":"Sud","s":"25S-H58S000S-80-S"},{"r":"30","t":"09:13:28","h":"Sud","s":"25N-H55N000I-80-I"},{"r":"30","t":"09:13:28","h":"Sud","s":"25N-H55N100F-80-F1"},{"r":"30","t":"09:13:28","h":"Sud","s":"25N-H55N200F-80-F2"},{"r":"30","t":"09:13:28","h":"Sud","s":"25N-H55N300F-80-F3"},{"r":"30","t":"09:13:28","h":"Sud","s":"25N-H55N400F-80-F4"},{"r":"30","t":"09:13:28","h":"Sud","s":"25N-H55NV10I-80-I"},{"r":"30","t":"09:13:28","h":"Sud","s":"25N-H55NV20I-80-I"},{"r":"30","t":"09:13:28","h":"Sud","s":"25S-H55S000I-80-I"},{"r":"30","t":"09:13:28","h":"Sud","s":"25S-H55S100F-80-F1"},{"r":"30","t":"09:13:28","h":"Sud","s":"25S-H55S200F-80-F2"},{"r":"56","t":"09:16:43","h":"Sud","s":"25N-H58N000S-80-S"},{"r":"56","t":"09:16:43","h":"Sud","s":"25S-H58S000S-80-S"},{"r":"30","t":"09:22:43","h":"Sud","s":"25N-H55N000S-80-S"},{"r":"30","t":"09:22:43","h":"Sud","s":"25N-H55N000S-82-S"},{"r":"30","t":"09:22:43","h":"Sud","s":"25N-H55NV10S-85-S"},{"r":"30","t":"09:22:43","h":"Sud","s":"25N-H55NV20S-81-S"},{"r":"30","t":"09:22:43","h":"Sud","s":"25S-H55S000S-82-S"},{"r":"30","t":"09:24:43","h":"Sud","s":"25N-H55N000A-80-A"},{"r":"30","t":"09:24:43","h":"Sud","s":"25N-H55NV10A-80-A"},{"r":"30","t":"09:24:43","h":"Sud","s":"25N-H55NV20A-80-A"},{"r":"30","t":"09:24:43","h":"Sud","s":"25S-H55S000A-80-A"},{"r":"56","t":"09:42:43","h":"Sud","s":"25N-H58N000S-80-S"},{"r":"56","t":"09:42:43","h":"Sud","s":"25S-H58S000S-80-S"},{"r":"30","t":"09:45:28","h":"Sud","s":"25N-H55N000I-80-I"},{"r":"30","t":"09:45:28","h":"Sud","s":"25N-H55N100F-80-F1"},{"r":"30","t":"09:45:28","h":"Sud","s":"25N-H55N200F-80-F2"},{"r":"30","t":"09:45:28","h":"Sud","s":"25N-H55N300F-80-F3"},{"r":"30","t":"09:45:28","h":"Sud","s":"25N-H55N400F-80-F4"},{"r":"30","t":"09:45:28","h":"Sud","s":"25N-H55NV10I-80-I"},{"r":"30","t":"09:45:28","h":"Sud","s":"25N-H55NV20I-80-I"},{"r":"30","t":"09:45:28","h":"Sud","s":"25S-H55S000I-80-I"},{"r":"30","t":"09:45:28","h":"Sud","s":"25S-H55S100F-80-F1"},{"r":"30","t":"09:45:28","h":"Sud","s":"25S-H55S200F-80-F2"},{"r":"30","t":"09:52:43","h":"Sud","s":"25N-H55N000S-80-S"},{"r":"30","t":"09:52:43","h":"Sud","s":"25N-H55N000S-82-S"},{"r":"30","t":"09:52:43","h":"Sud","s":"25N-H55NV10S-85-S"},{"r":"30","t":"09:52:43","h":"Sud","s":"25N-H55NV20S-81-S"},{"r":"30","t":"09:52:43","h":"Sud","s":"25S-H55S000S-82-S"},{"r":"30","t":"09:56:43","h":"Sud","s":"25N-H55N000A-80-A"},{"r":"30","t":"09:56:43","h":"Sud","s":"25N-H55NV10A-80-A"},{"r":"30","t":"09:56:43","h":"Sud","s":"25N-H55NV20A-80-A"},{"r":"30","t":"09:56:43","h":"Sud","s":"25S-H55S000A-80-A"},{"r":"56","t":"10:03:43","h":"Sud","s":"25N-H58N000S-80-S"},{"r":"56","t":"10:03:43","h":"Sud","s":"25S-H58S000S-80-S"},{"r":"56","t":"10:17:43","h":"Sud","s":"25N-H58N000S-80-S"},{"r":"56","t":"10:17:43","h":"Sud","s":"25S-H58S000S-80-S"},{"r":"30","t":"10:18:43","h":"Sud","s":"25N-H55N000I-80-I"},{"r":"30","t":"10:18:43","h":"Sud","s":"25N-H55N100F-80-F1"},{"r":"30","t":"10:18:43","h":"Sud","s":"25N-H55N200F-80-F2"},{"r":"30","t":"10:18:43","h":"Sud","s":"25N-H55N300F-80-F3"},{"r":"30","t":"10:18:43","h":"Sud","s":"25N-H55N400F-80-F4"},{"r":"30","t":"10:18:43","h":"Sud","s":"25N-H55NV10I-80-I"},{"r":"30","t":"10:18:43","h":"Sud","s":"25N-H55NV20I-80-I"},{"r":"30","t":"10:18:43","h":"Sud","s":"25S-H55S000I-80-I"},{"r":"30","t":"10:18:43","h":"Sud","s":"25S-H55S100F-80-F1"},{"r":"30","t":"10:18:43","h":"Sud","s":"25S-H55S200F-80-F2"},{"r":"30","t":"10:22:43","h":"Sud","s":"25N-H55N000S-80-S"},{"r":"30","t":"10:22:43","h":"Sud","s":"25N-H55N000S-82-S"},{"r":"30","t":"10:22:43","h":"Sud","s":"25N-H55NV10S-85-S"},{"r":"30","t":"10:22:43","h":"Sud","s":"25N-H55NV20S-81-S"},{"r":"30","t":"10:22:43","h":"Sud","s":"25S-H55S000S-82-S"},{"r":"30","t":"10:30:43","h":"Sud","s":"25N-H55N000A-80-A"},{"r":"30","t":"10:30:43","h":"Sud","s":"25N-H55NV10A-80-A"},{"r":"30","t":"10:30:43","h":"Sud","s":"25N-H55NV20A-80-A"},{"r":"30","t":"10:30:43","h":"Sud","s":"25S-H55S000A-80-A"},{"r":"56","t":"10:34:43","h":"Sud","s":"25N-H58N000S-80-S"},{"r":"56","t":"10:34:43","h":"Sud","s":"25S-H58S000S-80-S"},{"r":"56","t":"10:48:43","h":"Sud","s":"25N-H58N000S-80-S"},{"r":"56","t":"10:48:43","h":"Sud","s":"25S-H58S000S-80-S"},{"r":"30","t":"10:51:43","h":"Sud","s":"25N-H55N000I-80-I"},{"r":"30","t":"10:51:43","h":"Sud","s":"25N-H55N100F-80-F1"},{"r":"30","t":"10:51:43","h":"Sud","s":"25N-H55N200F-80-F2"},{"r":"30","t":"10:51:43","h":"Sud","s":"25N-H55N300F-80-F3"},{"r":"30","t":"10:51:43","h":"Sud","s":"25N-H55N400F-80-F4"},{"r":"30","t":"10:51:43","h":"Sud","s":"25N-H55NV10I-80-I"},{"r":"30","t":"10:51:43","h":"Sud","s":"25N-H55NV20I-80-I"},{"r":"30","t":"10:51:43","h":"Sud","s":"25S-H55S000I-80-I"},{"r":"30","t":"10:51:43","h":"Sud","s":"25S-H55S100F-80-F1"},{"r":"30","t":"10:51:43","h":"Sud","s":"25S-H55S200F-80-F2"},{"r":"30","t":"10:52:43","h":"Sud","s":"25N-H55N000S-80-S"},{"r":"30","t":"10:52:43","h":"Sud","s":"25N-H55N000S-82-S"},{"r":"30","t":"10:52:43","h":"Sud","s":"25N-H55NV10S-85-S"},{"r":"30","t":"10:52:43","h":"Sud","s":"25N-H55NV20S-81-S"},{"r":"30","t":"10:52:43","h":"Sud","s":"25S-H55S000S-82-S"},{"r":"30","t":"11:05:43","h":"Sud","s":"25N-H55N000A-80-A"},{"r":"30","t":"11:05:43","h":"Sud","s":"25N-H55NV10A-80-A"},{"r":"30","t":"11:05:43","h":"Sud","s":"25N-H55NV20A-80-A"},{"r":"30","t":"11:05:43","h":"Sud","s":"25S-H55S000A-80-A"},{"r":"56","t":"11:09:43","h":"Sud","s":"25N-H58N000S-80-S"},{"r":"56","t":"11:09:43","h":"Sud","s":"25S-H58S000S-80-S"},{"r":"30","t":"11:22:43","h":"Sud","s":"25N-H55N000S-80-S"},{"r":"30","t":"11:22:43","h":"Sud","s":"25N-H55N000S-82-S"},{"r":"30","t":"11:22:43","h":"Sud","s":"25N-H55NV10S-85-S"},{"r":"30","t":"11:22:43","h":"Sud","s":"25N-H55NV20S-81-S"},{"r":"30","t":"11:22:43","h":"Sud","s":"25S-H55S000S-82-S"},{"r":"30","t":"11:25:43","h":"Sud","s":"25N-H55N000I-80-I"},{"r":"30","t":"11:25:43","h":"Sud","s":"25N-H55N100F-80-F1"},{"r":"30","t":"11:25:43","h":"Sud","s":"25N-H55N200F-80-F2"},{"r":"30","t":"11:25:43","h":"Sud","s":"25N-H55N300F-80-F3"},{"r":"30","t":"11:25:43","h":"Sud","s":"25N-H55N400F-80-F4"},{"r":"30","t":"11:25:43","h":"Sud","s":"25N-H55NV10I-80-I"},{"r":"30","t":"11:25:43","h":"Sud","s":"25N-H55NV20I-80-I"},{"r":"30","t":"11:25:43","h":"Sud","s":"25S-H55S000I-80-I"},{"r":"30","t":"11:25:43","h":"Sud","s":"25S-H55S100F-80-F1"},{"r":"30","t":"11:25:43","h":"Sud","s":"25S-H55S200F-80-F2"},{"r":"56","t":"11:31:43","h":"Sud","s":"25N-H58N000S-80-S"},{"r":"56","t":"11:31:43","h":"Sud","s":"25S-H58S000S-80-S"},{"r":"30","t":"11:39:43","h":"Sud","s":"25N-H55N000A-80-A"},{"r":"30","t":"11:39:43","h":"Sud","s":"25N-H55NV10A-80-A"},{"r":"30","t":"11:39:43","h":"Sud","s":"25N-H55NV20A-80-A"},{"r":"30","t":"11:39:43","h":"Sud","s":"25S-H55S000A-80-A"},{"r":"56","t":"11:43:43","h":"Sud","s":"25N-H58N000S-80-S"},{"r":"56","t":"11:43:43","h":"Sud","s":"25S-H58S000S-80-S"},{"r":"30","t":"11:52:43","h":"Sud","s":"25N-H55N000S-80-S"},{"r":"30","t":"11:52:43","h":"Sud","s":"25N-H55N000S-82-S"},{"r":"30","t":"11:52:43","h":"Sud","s":"25N-H55NV10S-85-S"},{"r":"30","t":"11:52:43","h":"Sud","s":"25N-H55NV20S-81-S"},{"r":"30","t":"11:52:43","h":"Sud","s":"25S-H55S000S-82-S"},{"r":"30","t":"11:59:43","h":"Sud","s":"25N-H55N000I-80-I"},{"r":"30","t":"11:59:43","h":"Sud","s":"25N-H55N100F-80-F1"},{"r":"30","t":"11:59:43","h":"Sud","s":"25N-H55N200F-80-F2"},{"r":"30","t":"11:59:43","h":"Sud","s":"25N-H55N300F-80-F3"},{"r":"30","t":"11:59:43","h":"Sud","s":"25N-H55N400F-80-F4"},{"r":"30","t":"11:59:43","h":"Sud","s":"25N-H55NV10I-80-I"},{"r":"30","t":"11:59:43","h":"Sud","s":"25N-H55NV20I-80-I"},{"r":"30","t":"11:59:43","h":"Sud","s":"25S-H55S000I-80-I"},{"r":"30","t":"11:59:43","h":"Sud","s":"25S-H55S100F-80-F1"},{"r":"30","t":"11:59:43","h":"Sud","s":"25S-H55S200F-80-F2"},{"r":"56","t":"12:05:43","h":"Sud","s":"25N-H58N000S-80-S"},{"r":"56","t":"12:05:43","h":"Sud","s":"25S-H58S000S-80-S"},{"r":"30","t":"12:13:43","h":"Sud","s":"25N-H55N000A-80-A"},{"r":"30","t":"12:13:43","h":"Sud","s":"25N-H55NV10A-80-A"},{"r":"30","t":"12:13:43","h":"Sud","s":"25N-H55NV20A-80-A"},{"r":"30","t":"12:13:43","h":"Sud","s":"25S-H55S000A-80-A"},{"r":"56","t":"12:16:43","h":"Sud","s":"25N-H58N000S-80-S"},{"r":"56","t":"12:16:43","h":"Sud","s":"25S-H58S000S-80-S"},{"r":"30","t":"12:22:43","h":"Sud","s":"25N-H55N000S-80-S"},{"r":"30","t":"12:22:43","h":"Sud","s":"25N-H55N000S-82-S"},{"r":"30","t":"12:22:43","h":"Sud","s":"25N-H55NV10S-85-S"},{"r":"30","t":"12:22:43","h":"Sud","s":"25N-H55NV20S-81-S"},{"r":"30","t":"12:22:43","h":"Sud","s":"25S-H55S000S-82-S"},{"r":"56","t":"12:28:43","h":"Sud","s":"25N-H58N000S-80-S"},{"r":"56","t":"12:28:43","h":"Sud","s":"25S-H58S000S-80-S"},{"r":"30","t":"12:34:43","h":"Sud","s":"25N-H55N000I-80-I"},{"r":"30","t":"12:34:43","h":"Sud","s":"25N-H55N100F-80-F1"},{"r":"30","t":"12:34:43","h":"Sud","s":"25N-H55N200F-80-F2"},{"r":"30","t":"12:34:43","h":"Sud","s":"25N-H55N300F-80-F3"},{"r":"30","t":"12:34:43","h":"Sud","s":"25N-H55N400F-80-F4"},{"r":"30","t":"12:34:43","h":"Sud","s":"25N-H55NV10I-80-I"},{"r":"30","t":"12:34:43","h":"Sud","s":"25N-H55NV20I-80-I"},{"r":"30","t":"12:34:43","h":"Sud","s":"25S-H55S000I-80-I"},{"r":"30","t":"12:34:43","h":"Sud","s":"25S-H55S100F-80-F1"},{"r":"30","t":"12:34:43","h":"Sud","s":"25S-H55S200F-80-F2"},{"r":"56","t":"12:39:43","h":"Sud","s":"25N-H58N000S-80-S"},{"r":"56","t":"12:39:43","h":"Sud","s":"25S-H58S000S-80-S"},{"r":"30","t":"12:46:43","h":"Sud","s":"25N-H55N000A-80-A"},{"r":"30","t":"12:46:43","h":"Sud","s":"25N-H55NV10A-80-A"},{"r":"30","t":"12:46:43","h":"Sud","s":"25N-H55NV20A-80-A"},{"r":"56","t":"12:46:43","h":"Sud","s":"25N-H58N000S-80-S"},{"r":"30","t":"12:46:43","h":"Sud","s":"25S-H55S000A-80-A"},{"r":"56","t":"12:46:43","h":"Sud","s":"25S-H58S000S-80-S"},{"r":"30","t":"12:52:43","h":"Sud","s":"25N-H55N000S-80-S"},{"r":"30","t":"12:52:43","h":"Sud","s":"25N-H55N000S-82-S"},{"r":"30","t":"12:52:43","h":"Sud","s":"25N-H55NV10S-85-S"},{"r":"30","t":"12:52:43","h":"Sud","s":"25N-H55NV20S-81-S"},{"r":"30","t":"12:52:43","h":"Sud","s":"25S-H55S000S-82-S"},{"r":"56","t":"13:02:43","h":"Sud","s":"25N-H58N000S-80-S"},{"r":"56","t":"13:02:43","h":"Sud","s":"25S-H58S000S-80-S"},{"r":"56","t":"13:07:43","h":"Sud","s":"25N-H58N000S-80-S"},{"r":"56","t":"13:07:43","h":"Sud","s":"25S-H58S000S-80-S"},{"r":"30","t":"13:09:43","h":"Sud","s":"25N-H55N000I-80-I"},{"r":"30","t":"13:09:43","h":"Sud","s":"25N-H55N100F-80-F1"},{"r":"30","t":"13:09:43","h":"Sud","s":"25N-H55N200F-80-F2"},{"r":"30","t":"13:09:43","h":"Sud","s":"25N-H55N300F-80-F3"},{"r":"30","t":"13:09:43","h":"Sud","s":"25N-H55N400F-80-F4"},{"r":"30","t":"13:09:43","h":"Sud","s":"25N-H55NV10I-80-I"},{"r":"30","t":"13:09:43","h":"Sud","s":"25N-H55NV20I-80-I"},{"r":"30","t":"13:09:43","h":"Sud","s":"25S-H55S000I-80-I"},{"r":"30","t":"13:09:43","h":"Sud","s":"25S-H55S100F-80-F1"},{"r":"30","t":"13:09:43","h":"Sud","s":"25S-H55S200F-80-F2"},{"r":"56","t":"13:12:43","h":"Sud","s":"25N-H58N000S-80-S"},{"r":"56","t":"13:12:43","h":"Sud","s":"25S-H58S000S-80-S"},{"r":"30","t":"13:19:43","h":"Sud","s":"25N-H55N000A-80-A"},{"r":"30","t":"13:19:43","h":"Sud","s":"25N-H55NV10A-80-A"},{"r":"30","t":"13:19:43","h":"Sud","s":"25N-H55NV20A-80-A"},{"r":"30","t":"13:19:43","h":"Sud","s":"25S-H55S000A-80-A"},{"r":"30","t":"13:22:43","h":"Sud","s":"25N-H54N000S-80-S"},{"r":"30","t":"13:22:43","h":"Sud","s":"25N-H54NV10S-82-S"},{"r":"30","t":"13:22:43","h":"Sud","s":"25N-H54NV20S-80-S"},{"r":"30","t":"13:22:43","h":"Sud","s":"25S-H54S000S-82-S"},{"r":"56","t":"13:32:43","h":"Sud","s":"25N-H58N000S-80-S"},{"r":"56","t":"13:32:43","h":"Sud","s":"25S-H58S000S-80-S"},{"r":"56","t":"13:42:43","h":"Sud","s":"25N-H58N000S-80-S"},{"r":"56","t":"13:42:43","h":"Sud","s":"25S-H58S000S-80-S"},{"r":"30","t":"13:44:43","h":"Sud","s":"25N-H55N000I-80-I"},{"r":"30","t":"13:44:43","h":"Sud","s":"25N-H55N100F-80-F1"},{"r":"30","t":"13:44:43","h":"Sud","s":"25N-H55N200F-80-F2"},{"r":"30","t":"13:44:43","h":"Sud","s":"25N-H55N300F-80-F3"},{"r":"30","t":"13:44:43","h":"Sud","s":"25N-H55N400F-80-F4"},{"r":"30","t":"13:44:43","h":"Sud","s":"25N-H55NV10I-80-I"},{"r":"30","t":"13:44:43","h":"Sud","s":"25N-H55NV20I-80-I"},{"r":"30","t":"13:44:43","h":"Sud","s":"25S-H55S000I-80-I"},{"r":"30","t":"13:44:43","h":"Sud","s":"25S-H55S100F-80-F1"},{"r":"30","t":"13:44:43","h":"Sud","s":"25S-H55S200F-80-F2"},{"r":"30","t":"13:52:58","h":"Sud","s":"25N-H58N000S-80-S"},{"r":"30","t":"13:52:58","h":"Sud","s":"25N-H58NV10S-80-S"},{"r":"30","t":"13:52:58","h":"Sud","s":"25N-H58NV20S-80-S"},{"r":"30","t":"13:52:58","h":"Sud","s":"25S-H58S000S-80-S"},{"r":"30","t":"13:53:43","h":"Sud","s":"25N-H55N000A-80-A"},{"r":"30","t":"13:53:43","h":"Sud","s":"25N-H55NV10A-80-A"},{"r":"30","t":"13:53:43","h":"Sud","s":"25N-H55NV20A-80-A"},{"r":"30","t":"13:53:43","h":"Sud","s":"25S-H55S000A-80-A"},{"r":"56","t":"14:02:43","h":"Sud","s":"25N-H58N000S-80-S"},{"r":"56","t":"14:02:43","h":"Sud","s":"25S-H58S000S-80-S"},{"r":"56","t":"14:16:43","h":"Sud","s":"25N-H58N000S-80-S"},{"r":"56","t":"14:16:43","h":"Sud","s":"25S-H58S000S-80-S"},{"r":"30","t":"14:19:43","h":"Sud","s":"25N-H55N000I-80-I"},{"r":"30","t":"14:19:43","h":"Sud","s":"25N-H55N100F-80-F1"},{"r":"30","t":"14:19:43","h":"Sud","s":"25N-H55N200F-80-F2"},{"r":"30","t":"14:19:43","h":"Sud","s":"25N-H55N300F-80-F3"},{"r":"30","t":"14:19:43","h":"Sud","s":"25N-H55N400F-80-F4"},{"r":"30","t":"14:19:43","h":"Sud","s":"25N-H55NV10I-80-I"},{"r":"30","t":"14:19:43","h":"Sud","s":"25N-H55NV20I-80-I"},{"r":"30","t":"14:19:43","h":"Sud","s":"25S-H55S000I-80-I"},{"r":"30","t":"14:19:43","h":"Sud","s":"25S-H55S100F-80-F1"},{"r":"30","t":"14:19:43","h":"Sud","s":"25S-H55S200F-80-F2"},{"r":"30","t":"14:24:58","h":"Sud","s":"25N-H55N000S-80-S"},{"r":"30","t":"14:24:58","h":"Sud","s":"25N-H55N000S-82-S"},{"r":"30","t":"14:24:58","h":"Sud","s":"25N-H55NV10S-85-S"},{"r":"30","t":"14:24:58","h":"Sud","s":"25N-H55NV20S-81-S"},{"r":"30","t":"14:24:58","h":"Sud","s":"25S-H55S000S-82-S"},{"r":"30","t":"14:27:43","h":"Sud","s":"25N-H55N000A-80-A"},{"r":"30","t":"14:27:43","h":"Sud","s":"25N-H55NV10A-80-A"},{"r":"30","t":"14:27:43","h":"Sud","s":"25N-H55NV20A-80-A"},{"r":"30","t":"14:27:43","h":"Sud","s":"25S-H55S000A-80-A"},{"r":"56","t":"14:37:43","h":"Sud","s":"25N-H58N000S-80-S"},{"r":"56","t":"14:37:43","h":"Sud","s":"25S-H58S000S-80-S"},{"r":"30","t":"14:54:43","h":"Sud","s":"25N-H55N000I-80-I"},{"r":"30","t":"14:54:43","h":"Sud","s":"25N-H55N100F-80-F1"},{"r":"30","t":"14:54:43","h":"Sud","s":"25N-H55N200F-80-F2"},{"r":"30","t":"14:54:43","h":"Sud","s":"25N-H55N300F-80-F3"},{"r":"30","t":"14:54:43","h":"Sud","s":"25N-H55N400F-80-F4"},{"r":"30","t":"14:54:43","h":"Sud","s":"25N-H55NV10I-80-I"},{"r":"30","t":"14:54:43","h":"Sud","s":"25N-H55NV20I-80-I"},{"r":"30","t":"14:54:43","h":"Sud","s":"25S-H55S000I-80-I"},{"r":"30","t":"14:54:43","h":"Sud","s":"25S-H55S100F-80-F1"},{"r":"30","t":"14:54:43","h":"Sud","s":"25S-H55S200F-80-F2"},{"r":"30","t":"14:56:58","h":"Sud","s":"25N-H55N000S-80-S"},{"r":"30","t":"14:56:58","h":"Sud","s":"25N-H55N000S-82-S"},{"r":"30","t":"14:56:58","h":"Sud","s":"25N-H55NV10S-85-S"},{"r":"30","t":"14:56:58","h":"Sud","s":"25N-H55NV20S-81-S"},{"r":"30","t":"14:56:58","h":"Sud","s":"25S-H55S000S-82-S"},{"r":"30","t":"15:01:43","h":"Sud","s":"25N-H55N000A-80-A"},{"r":"30","t":"15:01:43","h":"Sud","s":"25N-H55NV10A-80-A"},{"r":"30","t":"15:01:43","h":"Sud","s":"25N-H55NV20A-80-A"},{"r":"30","t":"15:01:43","h":"Sud","s":"25S-H55S000A-80-A"},{"r":"56","t":"15:02:43","h":"Sud","s":"25N-H58N000S-80-S"},{"r":"56","t":"15:02:43","h":"Sud","s":"25S-H58S000S-80-S"},{"r":"56","t":"15:12:43","h":"Sud","s":"25N-H58N000S-80-S"},{"r":"56","t":"15:12:43","h":"Sud","s":"25S-H58S000S-80-S"},{"r":"30","t":"15:27:13","h":"Sud","s":"25N-H58N000S-80-S"},{"r":"30","t":"15:27:13","h":"Sud","s":"25N-H58NV10S-80-S"},{"r":"30","t":"15:27:13","h":"Sud","s":"25N-H58NV20S-80-S"},{"r":"30","t":"15:27:13","h":"Sud","s":"25S-H58S000S-80-S"},{"r":"30","t":"15:30:43","h":"Sud","s":"25N-H55N000I-80-I"},{"r":"30","t":"15:30:43","h":"Sud","s":"25N-H55N100F-80-F1"},{"r":"30","t":"15:30:43","h":"Sud","s":"25N-H55N200F-80-F2"},{"r":"30","t":"15:30:43","h":"Sud","s":"25N-H55N300F-80-F3"},{"r":"30","t":"15:30:43","h":"Sud","s":"25N-H55N400F-80-F4"},{"r":"30","t":"15:30:43","h":"Sud","s":"25N-H55NV10I-80-I"},{"r":"30","t":"15:30:43","h":"Sud","s":"25N-H55NV20I-80-I"},{"r":"30","t":"15:30:43","h":"Sud","s":"25S-H55S000I-80-I"},{"r":"30","t":"15:30:43","h":"Sud","s":"25S-H55S100F-80-F1"},{"r":"30","t":"15:30:43","h":"Sud","s":"25S-H55S200F-80-F2"},{"r":"30","t":"15:36:43","h":"Sud","s":"25N-H55N000A-80-A"},{"r":"30","t":"15:36:43","h":"Sud","s":"25N-H55NV10A-80-A"},{"r":"30","t":"15:36:43","h":"Sud","s":"25N-H55NV20A-80-A"},{"r":"30","t":"15:36:43","h":"Sud","s":"25S-H55S000A-80-A"},{"r":"56","t":"15:37:58","h":"Sud","s":"25N-H58N000S-80-S"},{"r":"56","t":"15:37:58","h":"Sud","s":"25S-H58S000S-80-S"},{"r":"30","t":"15:56:13","h":"Sud","s":"25N-H55N000S-80-S"},{"r":"30","t":"15:56:13","h":"Sud","s":"25N-H55N000S-82-S"},{"r":"30","t":"15:56:13","h":"Sud","s":"25N-H55NV10S-85-S"},{"r":"30","t":"15:56:13","h":"Sud","s":"25N-H55NV20S-81-S"},{"r":"30","t":"15:56:13","h":"Sud","s":"25S-H55S000S-82-S"},{"r":"56","t":"16:02:58","h":"Sud","s":"25N-H58N000S-80-S"},{"r":"56","t":"16:02:58","h":"Sud","s":"25S-H58S000S-80-S"},{"r":"30","t":"16:06:43","h":"Sud","s":"25N-H55N000I-80-I"},{"r":"30","t":"16:06:43","h":"Sud","s":"25N-H55N100F-80-F1"},{"r":"30","t":"16:06:43","h":"Sud","s":"25N-H55N200F-80-F2"},{"r":"30","t":"16:06:43","h":"Sud","s":"25N-H55N300F-80-F3"},{"r":"30","t":"16:06:43","h":"Sud","s":"25N-H55N400F-80-F4"},{"r":"30","t":"16:06:43","h":"Sud","s":"25N-H55NV10I-80-I"},{"r":"30","t":"16:06:43","h":"Sud","s":"25N-H55NV20I-80-I"},{"r":"30","t":"16:06:43","h":"Sud","s":"25S-H55S000I-80-I"},{"r":"30","t":"16:06:43","h":"Sud","s":"25S-H55S100F-80-F1"},{"r":"30","t":"16:06:43","h":"Sud","s":"25S-H55S200F-80-F2"},{"r":"30","t":"16:12:43","h":"Sud","s":"25N-H55N000A-80-A"},{"r":"30","t":"16:12:43","h":"Sud","s":"25N-H55NV10A-80-A"},{"r":"30","t":"16:12:43","h":"Sud","s":"25N-H55NV20A-80-A"},{"r":"30","t":"16:12:43","h":"Sud","s":"25S-H55S000A-80-A"},{"r":"56","t":"16:12:58","h":"Sud","s":"25N-H58N000S-80-S"},{"r":"56","t":"16:12:58","h":"Sud","s":"25S-H58S000S-80-S"},{"r":"30","t":"16:24:13","h":"Sud","s":"25N-H55N000S-80-S"},{"r":"30","t":"16:24:13","h":"Sud","s":"25N-H55N000S-82-S"},{"r":"30","t":"16:24:13","h":"Sud","s":"25N-H55NV10S-85-S"},{"r":"30","t":"16:24:13","h":"Sud","s":"25N-H55NV20S-81-S"},{"r":"30","t":"16:24:13","h":"Sud","s":"25S-H55S000S-82-S"},{"r":"56","t":"16:38:58","h":"Sud","s":"25N-H58N000S-80-S"},{"r":"56","t":"16:38:58","h":"Sud","s":"25S-H58S000S-80-S"},{"r":"30","t":"16:45:43","h":"Sud","s":"25N-H55N000I-80-I"},{"r":"30","t":"16:45:43","h":"Sud","s":"25N-H55N100F-80-F1"},{"r":"30","t":"16:45:43","h":"Sud","s":"25N-H55N200F-80-F2"},{"r":"30","t":"16:45:43","h":"Sud","s":"25N-H55N300F-80-F3"},{"r":"30","t":"16:45:43","h":"Sud","s":"25N-H55N400F-80-F4"},{"r":"30","t":"16:45:43","h":"Sud","s":"25N-H55NV10I-80-I"},{"r":"30","t":"16:45:43","h":"Sud","s":"25N-H55NV20I-80-I"},{"r":"30","t":"16:45:43","h":"Sud","s":"25S-H55S000I-80-I"},{"r":"30","t":"16:45:43","h":"Sud","s":"25S-H55S100F-80-F1"},{"r":"30","t":"16:45:43","h":"Sud","s":"25S-H55S200F-80-F2"},{"r":"56","t":"16:46:58","h":"Sud","s":"25N-H58N000S-80-S"},{"r":"56","t":"16:46:58","h":"Sud","s":"25S-H58S000S-80-S"},{"r":"30","t":"16:48:43","h":"Sud","s":"25N-H55N000A-80-A"},{"r":"30","t":"16:48:43","h":"Sud","s":"25N-H55NV10A-80-A"},{"r":"30","t":"16:48:43","h":"Sud","s":"25N-H55NV20A-80-A"},{"r":"30","t":"16:48:43","h":"Sud","s":"25S-H55S000A-80-A"},{"r":"30","t":"16:52:13","h":"Sud","s":"25N-H55N000S-80-S"},{"r":"30","t":"16:52:13","h":"Sud","s":"25N-H55N000S-82-S"},{"r":"30","t":"16:52:13","h":"Sud","s":"25N-H55NV10S-85-S"},{"r":"30","t":"16:52:13","h":"Sud","s":"25N-H55NV20S-81-S"},{"r":"30","t":"16:52:13","h":"Sud","s":"25S-H55S000S-82-S"},{"r":"30","t":"17:21:13","h":"Sud","s":"25N-H55N000S-80-S"},{"r":"30","t":"17:21:13","h":"Sud","s":"25N-H55N000S-82-S"},{"r":"30","t":"17:21:13","h":"Sud","s":"25N-H55NV10S-85-S"},{"r":"30","t":"17:21:13","h":"Sud","s":"25N-H55NV20S-81-S"},{"r":"30","t":"17:21:13","h":"Sud","s":"25S-H55S000S-82-S"},{"r":"30","t":"17:21:43","h":"Sud","s":"25N-H55N000I-80-I"},{"r":"30","t":"17:21:43","h":"Sud","s":"25N-H55N100F-80-F1"},{"r":"30","t":"17:21:43","h":"Sud","s":"25N-H55N200F-80-F2"},{"r":"30","t":"17:21:43","h":"Sud","s":"25N-H55N300F-80-F3"},{"r":"30","t":"17:21:43","h":"Sud","s":"25N-H55N400F-80-F4"},{"r":"30","t":"17:21:43","h":"Sud","s":"25N-H55NV10I-80-I"},{"r":"30","t":"17:21:43","h":"Sud","s":"25N-H55NV20I-80-I"},{"r":"30","t":"17:21:43","h":"Sud","s":"25S-H55S000I-80-I"},{"r":"30","t":"17:21:43","h":"Sud","s":"25S-H55S100F-80-F1"},{"r":"30","t":"17:21:43","h":"Sud","s":"25S-H55S200F-80-F2"},{"r":"30","t":"17:25:43","h":"Sud","s":"25N-H55N000A-80-A"},{"r":"30","t":"17:25:43","h":"Sud","s":"25N-H55NV10A-80-A"},{"r":"30","t":"17:25:43","h":"Sud","s":"25N-H55NV20A-80-A"},{"r":"30","t":"17:25:43","h":"Sud","s":"25S-H55S000A-80-A"},{"r":"30","t":"17:51:13","h":"Sud","s":"25N-H55N000S-80-S"},{"r":"30","t":"17:51:13","h":"Sud","s":"25N-H55N000S-82-S"},{"r":"30","t":"17:51:13","h":"Sud","s":"25N-H55NV10S-85-S"},{"r":"30","t":"17:51:13","h":"Sud","s":"25N-H55NV20S-81-S"},{"r":"30","t":"17:51:13","h":"Sud","s":"25S-H55S000S-82-S"},{"r":"30","t":"17:56:43","h":"Sud","s":"25N-H55N000I-80-I"},{"r":"30","t":"17:56:43","h":"Sud","s":"25N-H55N100F-80-F1"},{"r":"30","t":"17:56:43","h":"Sud","s":"25N-H55N200F-80-F2"},{"r":"30","t":"17:56:43","h":"Sud","s":"25N-H55N300F-80-F3"},{"r":"30","t":"17:56:43","h":"Sud","s":"25N-H55N400F-80-F4"},{"r":"30","t":"17:56:43","h":"Sud","s":"25N-H55NV10I-80-I"},{"r":"30","t":"17:56:43","h":"Sud","s":"25N-H55NV20I-80-I"},{"r":"30","t":"17:56:43","h":"Sud","s":"25S-H55S000I-80-I"},{"r":"30","t":"17:56:43","h":"Sud","s":"25S-H55S100F-80-F1"},{"r":"30","t":"17:56:43","h":"Sud","s":"25S-H55S200F-80-F2"},{"r":"30","t":"18:02:43","h":"Sud","s":"25N-H55N000A-80-A"},{"r":"30","t":"18:02:43","h":"Sud","s":"25N-H55NV10A-80-A"},{"r":"30","t":"18:02:43","h":"Sud","s":"25N-H55NV20A-80-A"},{"r":"30","t":"18:02:43","h":"Sud","s":"25S-H55S000A-80-A"},{"r":"30","t":"18:23:58","h":"Sud","s":"25N-H55N000S-80-S"},{"r":"30","t":"18:23:58","h":"Sud","s":"25N-H55N000S-82-S"},{"r":"30","t":"18:23:58","h":"Sud","s":"25N-H55NV10S-85-S"},{"r":"30","t":"18:23:58","h":"Sud","s":"25N-H55NV20S-81-S"},{"r":"30","t":"18:23:58","h":"Sud","s":"25S-H55S000S-82-S"},{"r":"30","t":"18:31:28","h":"Sud","s":"25N-H55N000I-80-I"},{"r":"30","t":"18:31:28","h":"Sud","s":"25N-H55N100F-80-F1"},{"r":"30","t":"18:31:28","h":"Sud","s":"25N-H55N200F-80-F2"},{"r":"30","t":"18:31:28","h":"Sud","s":"25N-H55N300F-80-F3"},{"r":"30","t":"18:31:28","h":"Sud","s":"25N-H55N400F-80-F4"},{"r":"30","t":"18:31:28","h":"Sud","s":"25N-H55NV10I-80-I"},{"r":"30","t":"18:31:28","h":"Sud","s":"25N-H55NV20I-80-I"},{"r":"30","t":"18:31:28","h":"Sud","s":"25S-H55S000I-80-I"},{"r":"30","t":"18:31:28","h":"Sud","s":"25S-H55S100F-80-F1"},{"r":"30","t":"18:31:28","h":"Sud","s":"25S-H55S200F-80-F2"},{"r":"30","t":"18:39:43","h":"Sud","s":"25N-H55N000A-80-A"},{"r":"30","t":"18:39:43","h":"Sud","s":"25N-H55NV10A-80-A"},{"r":"30","t":"18:39:43","h":"Sud","s":"25N-H55NV20A-80-A"},{"r":"30","t":"18:39:43","h":"Sud","s":"25S-H55S000A-80-A"},{"r":"30","t":"18:55:58","h":"Sud","s":"25N-H55N000S-80-S"},{"r":"30","t":"18:55:58","h":"Sud","s":"25N-H55N000S-82-S"},{"r":"30","t":"18:55:58","h":"Sud","s":"25N-H55NV10S-85-S"},{"r":"30","t":"18:55:58","h":"Sud","s":"25N-H55NV20S-81-S"},{"r":"30","t":"18:55:58","h":"Sud","s":"25S-H55S000S-82-S"},{"r":"30","t":"19:04:28","h":"Sud","s":"25N-H55N000I-80-I"},{"r":"30","t":"19:04:28","h":"Sud","s":"25N-H55N100F-80-F1"},{"r":"30","t":"19:04:28","h":"Sud","s":"25N-H55N200F-80-F2"},{"r":"30","t":"19:04:28","h":"Sud","s":"25N-H55N300F-80-F3"},{"r":"30","t":"19:04:28","h":"Sud","s":"25N-H55N400F-80-F4"},{"r":"30","t":"19:04:28","h":"Sud","s":"25N-H55NV10I-80-I"},{"r":"30","t":"19:04:28","h":"Sud","s":"25N-H55NV20I-80-I"},{"r":"30","t":"19:04:28","h":"Sud","s":"25S-H55S000I-80-I"},{"r":"30","t":"19:04:28","h":"Sud","s":"25S-H55S100F-80-F1"},{"r":"30","t":"19:04:28","h":"Sud","s":"25S-H55S200F-80-F2"},{"r":"30","t":"19:16:28","h":"Sud","s":"25N-H55N000A-80-A"},{"r":"30","t":"19:16:28","h":"Sud","s":"25N-H55NV10A-80-A"},{"r":"30","t":"19:16:28","h":"Sud","s":"25N-H55NV20A-80-A"},{"r":"30","t":"19:16:28","h":"Sud","s":"25S-H55S000A-80-A"},{"r":"30","t":"19:25:43","h":"Sud","s":"25N-H55N000S-80-S"},{"r":"30","t":"19:25:43","h":"Sud","s":"25N-H55N000S-82-S"},{"r":"30","t":"19:25:43","h":"Sud","s":"25N-H55NV10S-85-S"},{"r":"30","t":"19:25:43","h":"Sud","s":"25N-H55NV20S-81-S"},{"r":"30","t":"19:25:43","h":"Sud","s":"25S-H55S000S-82-S"},{"r":"30","t":"19:37:28","h":"Sud","s":"25N-H55N000I-80-I"},{"r":"30","t":"19:37:28","h":"Sud","s":"25N-H55N100F-80-F1"},{"r":"30","t":"19:37:28","h":"Sud","s":"25N-H55N200F-80-F2"},{"r":"30","t":"19:37:28","h":"Sud","s":"25N-H55N300F-80-F3"},{"r":"30","t":"19:37:28","h":"Sud","s":"25N-H55N400F-80-F4"},{"r":"30","t":"19:37:28","h":"Sud","s":"25N-H55NV10I-80-I"},{"r":"30","t":"19:37:28","h":"Sud","s":"25N-H55NV20I-80-I"},{"r":"30","t":"19:37:28","h":"Sud","s":"25S-H55S000I-80-I"},{"r":"30","t":"19:37:28","h":"Sud","s":"25S-H55S100F-80-F1"},{"r":"30","t":"19:37:28","h":"Sud","s":"25S-H55S200F-80-F2"},{"r":"30","t":"19:51:28","h":"Sud","s":"25N-H55N000A-80-A"},{"r":"30","t":"19:51:28","h":"Sud","s":"25N-H55NV10A-80-A"},{"r":"30","t":"19:51:28","h":"Sud","s":"25N-H55NV20A-80-A"},{"r":"30","t":"19:51:28","h":"Sud","s":"25S-H55S000A-80-A"},{"r":"30","t":"19:52:43","h":"Sud","s":"25N-H55N000S-80-S"},{"r":"30","t":"19:52:43","h":"Sud","s":"25N-H55N000S-82-S"},{"r":"30","t":"19:52:43","h":"Sud","s":"25N-H55NV10S-85-S"},{"r":"30","t":"19:52:43","h":"Sud","s":"25N-H55NV20S-81-S"},{"r":"30","t":"19:52:43","h":"Sud","s":"25S-H55S000S-82-S"},{"r":"30","t":"20:07:28","h":"Sud","s":"25N-H55N000I-80-I"},{"r":"30","t":"20:07:28","h":"Sud","s":"25N-H55N100F-80-F1"},{"r":"30","t":"20:07:28","h":"Sud","s":"25N-H55N200F-80-F2"},{"r":"30","t":"20:07:28","h":"Sud","s":"25N-H55N300F-80-F3"},{"r":"30","t":"20:07:28","h":"Sud","s":"25N-H55N400F-80-F4"},{"r":"30","t":"20:07:28","h":"Sud","s":"25N-H55NV10I-80-I"},{"r":"30","t":"20:07:28","h":"Sud","s":"25N-H55NV20I-80-I"},{"r":"30","t":"20:07:28","h":"Sud","s":"25S-H55S000I-80-I"},{"r":"30","t":"20:07:28","h":"Sud","s":"25S-H55S100F-80-F1"},{"r":"30","t":"20:07:28","h":"Sud","s":"25S-H55S200F-80-F2"},{"r":"30","t":"20:22:43","h":"Sud","s":"25N-H55N000S-80-S"},{"r":"30","t":"20:22:43","h":"Sud","s":"25N-H55N000S-82-S"},{"r":"30","t":"20:22:43","h":"Sud","s":"25N-H55NV10S-85-S"},{"r":"30","t":"20:22:43","h":"Sud","s":"25N-H55NV20S-81-S"},{"r":"30","t":"20:22:43","h":"Sud","s":"25S-H55S000S-82-S"},{"r":"30","t":"20:24:28","h":"Sud","s":"25N-H55N000A-80-A"},{"r":"30","t":"20:24:28","h":"Sud","s":"25N-H55NV10A-80-A"},{"r":"30","t":"20:24:28","h":"Sud","s":"25N-H55NV20A-80-A"},{"r":"30","t":"20:24:28","h":"Sud","s":"25S-H55S000A-80-A"},{"r":"30","t":"20:37:28","h":"Sud","s":"25N-H55N000I-80-I"},{"r":"30","t":"20:37:28","h":"Sud","s":"25N-H55N100F-80-F1"},{"r":"30","t":"20:37:28","h":"Sud","s":"25N-H55N200F-80-F2"},{"r":"30","t":"20:37:28","h":"Sud","s":"25N-H55N300F-80-F3"},{"r":"30","t":"20:37:28","h":"Sud","s":"25N-H55N400F-80-F4"},{"r":"30","t":"20:37:28","h":"Sud","s":"25N-H55NV10I-80-I"},{"r":"30","t":"20:37:28","h":"Sud","s":"25N-H55NV20I-80-I"},{"r":"30","t":"20:37:28","h":"Sud","s":"25S-H55S000I-80-I"},{"r":"30","t":"20:37:28","h":"Sud","s":"25S-H55S100F-80-F1"},{"r":"30","t":"20:37:28","h":"Sud","s":"25S-H55S200F-80-F2"},{"r":"30","t":"20:52:43","h":"Sud","s":"25N-H55N000S-80-S"},{"r":"30","t":"20:52:43","h":"Sud","s":"25N-H55N000S-82-S"},{"r":"30","t":"20:52:43","h":"Sud","s":"25N-H55NV10S-85-S"},{"r":"30","t":"20:52:43","h":"Sud","s":"25N-H55NV20S-81-S"},{"r":"30","t":"20:52:43","h":"Sud","s":"25S-H55S000S-82-S"},{"r":"30","t":"20:56:28","h":"Sud","s":"25N-H55N000A-80-A"},{"r":"30","t":"20:56:28","h":"Sud","s":"25N-H55NV10A-80-A"},{"r":"30","t":"20:56:28","h":"Sud","s":"25N-H55NV20A-80-A"},{"r":"30","t":"20:56:28","h":"Sud","s":"25S-H55S000A-80-A"},{"r":"30","t":"21:08:28","h":"Sud","s":"25N-H55N000I-80-I"},{"r":"30","t":"21:08:28","h":"Sud","s":"25N-H55N100F-80-F1"},{"r":"30","t":"21:08:28","h":"Sud","s":"25N-H55N200F-80-F2"},{"r":"30","t":"21:08:28","h":"Sud","s":"25N-H55N300F-80-F3"},{"r":"30","t":"21:08:28","h":"Sud","s":"25N-H55N400F-80-F4"},{"r":"30","t":"21:08:28","h":"Sud","s":"25N-H55NV10I-80-I"},{"r":"30","t":"21:08:28","h":"Sud","s":"25N-H55NV20I-80-I"},{"r":"30","t":"21:08:28","h":"Sud","s":"25S-H55S000I-80-I"},{"r":"30","t":"21:08:28","h":"Sud","s":"25S-H55S100F-80-F1"},{"r":"30","t":"21:08:28","h":"Sud","s":"25S-H55S200F-80-F2"},{"r":"30","t":"21:24:43","h":"Sud","s":"25N-H55N000S-80-S"},{"r":"30","t":"21:24:43","h":"Sud","s":"25N-H55N000S-82-S"},{"r":"30","t":"21:24:43","h":"Sud","s":"25N-H55NV10S-85-S"},{"r":"30","t":"21:24:43","h":"Sud","s":"25N-H55NV20S-81-S"},{"r":"30","t":"21:24:43","h":"Sud","s":"25S-H55S000S-82-S"},{"r":"30","t":"21:28:28","h":"Sud","s":"25N-H55N000A-80-A"},{"r":"30","t":"21:28:28","h":"Sud","s":"25N-H55NV10A-80-A"},{"r":"30","t":"21:28:28","h":"Sud","s":"25N-H55NV20A-80-A"},{"r":"30","t":"21:28:28","h":"Sud","s":"25S-H55S000A-80-A"},{"r":"30","t":"21:38:28","h":"Sud","s":"25N-H55N000I-80-I"},{"r":"30","t":"21:38:28","h":"Sud","s":"25N-H55N100F-80-F1"},{"r":"30","t":"21:38:28","h":"Sud","s":"25N-H55N200F-80-F2"},{"r":"30","t":"21:38:28","h":"Sud","s":"25N-H55N300F-80-F3"},{"r":"30","t":"21:38:28","h":"Sud","s":"25N-H55N400F-80-F4"},{"r":"30","t":"21:38:28","h":"Sud","s":"25N-H55NV10I-80-I"},{"r":"30","t":"21:38:28","h":"Sud","s":"25N-H55NV20I-80-I"},{"r":"30","t":"21:38:28","h":"Sud","s":"25S-H55S000I-80-I"},{"r":"30","t":"21:38:28","h":"Sud","s":"25S-H55S100F-80-F1"},{"r":"30","t":"21:38:28","h":"Sud","s":"25S-H55S200F-80-F2"},{"r":"30","t":"21:57:43","h":"Sud","s":"25N-H55N000S-80-S"},{"r":"30","t":"21:57:43","h":"Sud","s":"25N-H55N000S-82-S"},{"r":"30","t":"21:57:43","h":"Sud","s":"25N-H55NV10S-85-S"},{"r":"30","t":"21:57:43","h":"Sud","s":"25N-H55NV20S-81-S"},{"r":"30","t":"21:57:43","h":"Sud","s":"25S-H55S000S-82-S"},{"r":"30","t":"22:00:28","h":"Sud","s":"25N-H55N000A-80-A"},{"r":"30","t":"22:00:28","h":"Sud","s":"25N-H55NV10A-80-A"},{"r":"30","t":"22:00:28","h":"Sud","s":"25N-H55NV20A-80-A"},{"r":"30","t":"22:00:28","h":"Sud","s":"25S-H55S000A-80-A"},{"r":"30","t":"22:07:28","h":"Sud","s":"25N-H55N000I-80-I"},{"r":"30","t":"22:07:28","h":"Sud","s":"25N-H55N100F-80-F1"},{"r":"30","t":"22:07:28","h":"Sud","s":"25N-H55N200F-80-F2"},{"r":"30","t":"22:07:28","h":"Sud","s":"25N-H55N300F-80-F3"},{"r":"30","t":"22:07:28","h":"Sud","s":"25N-H55N400F-80-F4"},{"r":"30","t":"22:07:28","h":"Sud","s":"25N-H55NV10I-80-I"},{"r":"30","t":"22:07:28","h":"Sud","s":"25N-H55NV20I-80-I"},{"r":"30","t":"22:07:28","h":"Sud","s":"25S-H55S000I-80-I"},{"r":"30","t":"22:07:28","h":"Sud","s":"25S-H55S100F-80-F1"},{"r":"30","t":"22:07:28","h":"Sud","s":"25S-H55S200F-80-F2"},{"r":"30","t":"22:29:28","h":"Sud","s":"25N-H55N000A-80-A"},{"r":"30","t":"22:29:28","h":"Sud","s":"25N-H55NV10A-80-A"},{"r":"30","t":"22:29:28","h":"Sud","s":"25N-H55NV20A-80-A"},{"r":"30","t":"22:29:28","h":"Sud","s":"25S-H55S000A-80-A"},{"r":"30","t":"22:30:28","h":"Sud","s":"25N-H55N000S-80-S"},{"r":"30","t":"22:30:28","h":"Sud","s":"25N-H55N000S-82-S"},{"r":"30","t":"22:30:28","h":"Sud","s":"25N-H55NV10S-85-S"},{"r":"30","t":"22:30:28","h":"Sud","s":"25N-H55NV20S-81-S"},{"r":"30","t":"22:30:28","h":"Sud","s":"25S-H55S000S-82-S"},{"r":"30","t":"22:37:28","h":"Sud","s":"25N-H55N000I-80-I"},{"r":"30","t":"22:37:28","h":"Sud","s":"25N-H55N100F-80-F1"},{"r":"30","t":"22:37:28","h":"Sud","s":"25N-H55N200F-80-F2"},{"r":"30","t":"22:37:28","h":"Sud","s":"25N-H55N300F-80-F3"},{"r":"30","t":"22:37:28","h":"Sud","s":"25N-H55N400F-80-F4"},{"r":"30","t":"22:37:28","h":"Sud","s":"25N-H55NV10I-80-I"},{"r":"30","t":"22:37:28","h":"Sud","s":"25N-H55NV20I-80-I"},{"r":"30","t":"22:37:28","h":"Sud","s":"25S-H55S000I-80-I"},{"r":"30","t":"22:37:28","h":"Sud","s":"25S-H55S100F-80-F1"},{"r":"30","t":"22:37:28","h":"Sud","s":"25S-H55S200F-80-F2"},{"r":"30","t":"23:00:28","h":"Sud","s":"25N-H55N000S-80-S"},{"r":"30","t":"23:00:28","h":"Sud","s":"25N-H55N000S-82-S"},{"r":"30","t":"23:00:28","h":"Sud","s":"25N-H55NV10S-85-S"},{"r":"30","t":"23:00:28","h":"Sud","s":"25N-H55NV20S-81-S"},{"r":"30","t":"23:00:28","h":"Sud","s":"25S-H55S000S-82-S"},{"r":"30","t":"23:01:28","h":"Sud","s":"25N-H55N000A-80-A"},{"r":"30","t":"23:01:28","h":"Sud","s":"25N-H55NV10A-80-A"},{"r":"30","t":"23:01:28","h":"Sud","s":"25N-H55NV20A-80-A"},{"r":"30","t":"23:01:28","h":"Sud","s":"25S-H55S000A-80-A"},{"r":"30","t":"23:04:28","h":"Sud","s":"25N-H55N000I-80-I"},{"r":"30","t":"23:04:28","h":"Sud","s":"25N-H55N100F-80-F1"},{"r":"30","t":"23:04:28","h":"Sud","s":"25N-H55N200F-80-F2"},{"r":"30","t":"23:04:28","h":"Sud","s":"25N-H55N300F-80-F3"},{"r":"30","t":"23:04:28","h":"Sud","s":"25N-H55N400F-80-F4"},{"r":"30","t":"23:04:28","h":"Sud","s":"25N-H55NV10I-80-I"},{"r":"30","t":"23:04:28","h":"Sud","s":"25N-H55NV20I-80-I"},{"r":"30","t":"23:04:28","h":"Sud","s":"25S-H55S000I-80-I"},{"r":"30","t":"23:04:28","h":"Sud","s":"25S-H55S100F-80-F1"},{"r":"30","t":"23:04:28","h":"Sud","s":"25S-H55S200F-80-F2"},{"r":"30","t":"23:30:28","h":"Sud","s":"25N-H55N000S-80-S"},{"r":"30","t":"23:30:28","h":"Sud","s":"25N-H55N000S-82-S"},{"r":"30","t":"23:30:28","h":"Sud","s":"25N-H55NV10S-85-S"},{"r":"30","t":"23:30:28","h":"Sud","s":"25N-H55NV20S-81-S"},{"r":"30","t":"23:30:28","h":"Sud","s":"25S-H55S000S-82-S"},{"r":"30","t":"23:31:28","h":"Sud","s":"25N-H55N000I-80-I"},{"r":"30","t":"23:31:28","h":"Sud","s":"25N-H55N100F-80-F1"},{"r":"30","t":"23:31:28","h":"Sud","s":"25N-H55N200F-80-F2"},{"r":"30","t":"23:31:28","h":"Sud","s":"25N-H55N300F-80-F3"},{"r":"30","t":"23:31:28","h":"Sud","s":"25N-H55N400F-80-F4"},{"r":"30","t":"23:31:28","h":"Sud","s":"25N-H55NV10I-80-I"},{"r":"30","t":"23:31:28","h":"Sud","s":"25N-H55NV20I-80-I"},{"r":"30","t":"23:31:28","h":"Sud","s":"25S-H55S000I-80-I"},{"r":"30","t":"23:31:28","h":"Sud","s":"25S-H55S100F-80-F1"},{"r":"30","t":"23:31:28","h":"Sud","s":"25S-H55S200F-80-F2"},{"r":"30","t":"23:33:13","h":"Sud","s":"25N-H55N000A-80-A"},{"r":"30","t":"23:33:13","h":"Sud","s":"25N-H55NV10A-80-A"},{"r":"30","t":"23:33:13","h":"Sud","s":"25N-H55NV20A-80-A"},{"r":"30","t":"23:33:13","h":"Sud","s":"25S-H55S000A-80-A"},{"r":"30","t":"24:01:13","h":"Sud","s":"25N-H55N000A-80-A"},{"r":"30","t":"24:01:13","h":"Sud","s":"25N-H55NV10A-80-A"},{"r":"30","t":"24:01:13","h":"Sud","s":"25N-H55NV20A-80-A"},{"r":"30","t":"24:01:13","h":"Sud","s":"25S-H55S000A-80-A"},{"r":"30","t":"24:01:28","h":"Sud","s":"25N-H55N000I-80-I"},{"r":"30","t":"24:01:28","h":"Sud","s":"25N-H55N000S-80-S"},{"r":"30","t":"24:01:28","h":"Sud","s":"25N-H55N000S-82-S"},{"r":"30","t":"24:01:28","h":"Sud","s":"25N-H55N100F-80-F1"},{"r":"30","t":"24:01:28","h":"Sud","s":"25N-H55N200F-80-F2"},{"r":"30","t":"24:01:28","h":"Sud","s":"25N-H55N300F-80-F3"},{"r":"30","t":"24:01:28","h":"Sud","s":"25N-H55N400F-80-F4"},{"r":"30","t":"24:01:28","h":"Sud","s":"25N-H55NV10I-80-I"},{"r":"30","t":"24:01:28","h":"Sud","s":"25N-H55NV10S-85-S"},{"r":"30","t":"24:01:28","h":"Sud","s":"25N-H55NV20I-80-I"},{"r":"30","t":"24:01:28","h":"Sud","s":"25N-H55NV20S-81-S"},{"r":"30","t":"24:01:28","h":"Sud","s":"25S-H55S000I-80-I"},{"r":"30","t":"24:01:28","h":"Sud","s":"25S-H55S000S-82-S"},{"r":"30","t":"24:01:28","h":"Sud","s":"25S-H55S100F-80-F1"},{"r":"30","t":"24:01:28","h":"Sud","s":"25S-H55S200F-80-F2"}]