[{"r":"146","t":"05:49:04","h":"Est","s":"25N-H58N000A-80-A"},{"r":"146","t":"05:49:04","h":"Est","s":"25N-H58NV10A-80-A"},{"r":"146","t":"05:49:04","h":"Est","s":"25N-H58NV20A-80-A"},{"r":"146","t":"05:49:04","h":"Est","s":"25S-H58S000A-80-A"},{"r":"146","t":"05:49:36","h":"Est destination Georges-Baril / Henri-Bourassa","s":"25N-H58N000S-80-S"},{"r":"146","t":"05:49:36","h":"Est destination Georges-Baril / Henri-Bourassa","s":"25N-H58NV10S-80-S"},{"r":"146","t":"05:49:36","h":"Est destination Georges-Baril / Henri-Bourassa","s":"25N-H58NV20S-80-S"},{"r":"146","t":"05:49:36","h":"Est destination Georges-Baril / Henri-Bourassa","s":"25S-H58S000S-80-S"},{"r":"146","t":"06:19:04","h":"Est","s":"25N-H58N000A-80-A"},{"r":"146","t":"06:19:04","h":"Est","s":"25N-H58NV10A-80-A"},{"r":"146","t":"06:19:04","h":"Est","s":"25N-H58NV20A-80-A"},{"r":"146","t":"06:19:04","h":"Est","s":"25S-H58S000A-80-A"},{"r":"146","t":"06:20:36","h":"Est destination Georges-Baril / Henri-Bourassa","s":"25N-H58N000S-80-S"},{"r":"146","t":"06:20:36","h":"Est destination Georges-Baril / Henri-Bourassa","s":"25N-H58NV10S-80-S"},{"r":"146","t":"06:20:36","h":"Est destination Georges-Baril / Henri-Bourassa","s":"25N-H58NV20S-80-S"},{"r":"146","t":"06:20:36","h":"Est destination Georges-Baril / Henri-Bourassa","s":"25S-H58S000S-80-S"},{"r":"135","t":"06:30:01","h":"Sud","s":"25N-H58N000S-80-S"},{"r":"135","t":"06:30:01","h":"Sud","s":"25N-H58NV10S-80-S"},{"r":"135","t":"06:30:01","h":"Sud","s":"25N-H58NV20S-80-S"},{"r":"135","t":"06:30:01","h":"Sud","s":"25S-H58S000S-80-S"},{"r":"146","t":"06:48:04","h":"Est","s":"25N-H58N000A-80-A"},{"r":"146","t":"06:48:04","h":"Est","s":"25N-H58NV10A-80-A"},{"r":"146","t":"06:48:04","h":"Est","s":"25N-H58NV20A-80-A"},{"r":"146","t":"06:48:04","h":"Est","s":"25S-H58S000A-80-A"},{"r":"146","t":"06:49:04","h":"Est","s":"25N-H58N000I-80-I"},{"r":"146","t":"06:49:04","h":"Est","s":"25N-H58N100F-80-F1"},{"r":"146","t":"06:49:04","h":"Est","s":"25N-H58N200F-80-F2"},{"r":"146","t":"06:49:04","h":"Est","s":"25N-H58N300F-80-F3"},{"r":"146","t":"06:49:04","h":"Est","s":"25N-H58N400F-80-F4"},{"r":"146","t":"06:49:04","h":"Est","s":"25N-H58NV10I-80-I"},{"r":"146","t":"06:49:04","h":"Est","s":"25N-H58NV20I-80-I"},{"r":"146","t":"06:49:04","h":"Est","s":"25S-H58S000I-80-I"},{"r":"146","t":"06:49:04","h":"Est","s":"25S-H58S100F-80-F1"},{"r":"146","t":"06:49:04","h":"Est","s":"25S-H58S200F-80-F2"},{"r":"146","t":"06:51:36","h":"Est destination Georges-Baril / Henri-Bourassa","s":"25N-H58N000S-80-S"},{"r":"146","t":"06:51:36","h":"Est destination Georges-Baril / Henri-Bourassa","s":"25N-H58NV10S-80-S"},{"r":"146","t":"06:51:36","h":"Est destination Georges-Baril / Henri-Bourassa","s":"25N-H58NV20S-80-S"},{"r":"146","t":"06:51:36","h":"Est destination Georges-Baril / Henri-Bourassa","s":"25S-H58S000S-80-S"},{"r":"135","t":"07:00:01","h":"Sud","s":"25N-H58N000S-80-S"},{"r":"135","t":"07:00:01","h":"Sud","s":"25N-H58NV10S-80-S"},{"r":"135","t":"07:00:01","h":"Sud","s":"25N-H58NV20S-80-S"},{"r":"135","t":"07:00:01","h":"Sud","s":"25S-H58S000S-80-S"},{"r":"146","t":"07:17:04","h":"Est","s":"25N-H58N000A-80-A"},{"r":"146","t":"07:17:04","h":"Est","s":"25N-H58NV10A-80-A"},{"r":"146","t":"07:17:04","h":"Est","s":"25N-H58NV20A-80-A"},{"r":"146","t":"07:17:04","h":"Est","s":"25S-H58S000A-80-A"},{"r":"146","t":"07:19:04","h":"Est","s":"25N-H58N000I-80-I"},{"r":"146","t":"07:19:04","h":"Est","s":"25N-H58N100F-80-F1"},{"r":"146","t":"07:19:04","h":"Est","s":"25N-H58N200F-80-F2"},{"r":"146","t":"07:19:04","h":"Est","s":"25N-H58N300F-80-F3"},{"r":"146","t":"07:19:04","h":"Est","s":"25N-H58N400F-80-F4"},{"r":"146","t":"07:19:04","h":"Est","s":"25N-H58NV10I-80-I"},{"r":"146","t":"07:19:04","h":"Est","s":"25N-H58NV20I-80-I"},{"r":"146","t":"07:19:04","h":"Est","s":"25S-H58S000I-80-I"},{"r":"146","t":"07:19:04","h":"Est","s":"25S-H58S100F-80-F1"},{"r":"146","t":"07:19:04","h":"Est","s":"25S-H58S200F-80-F2"},{"r":"146","t":"07:20:36","h":"Est destination Georges-Baril / Henri-Bourassa","s":"25N-H58N000S-80-S"},{"r":"146","t":"07:20:36","h":"Est destination Georges-Baril / Henri-Bourassa","s":"25N-H58NV10S-80-S"},{"r":"146","t":"07:20:36","h":"Est destination Georges-Baril / Henri-Bourassa","s":"25N-H58NV20S-80-S"},{"r":"146","t":"07:20:36","h":"Est destination Georges-Baril / Henri-Bourassa","s":"25S-H58S000S-80-S"},{"r":"135","t":"07:30:01","h":"Sud","s":"25N-H50N000S-80-S"},{"r":"135","t":"07:30:01","h":"Sud","s":"25N-H50N000S-90-S"},{"r":"135","t":"07:30:01","h":"Sud","s":"25N-H50NV10S-90-S"},{"r":"135","t":"07:30:01","h":"Sud","s":"25N-H50NV20S-90-S"},{"r":"135","t":"07:30:01","h":"Sud","s":"25S-H50S000S-81-S"},{"r":"146","t":"07:45:36","h":"Est destination Georges-Baril / Henri-Bourassa","s":"25N-H58N000S-80-S"},{"r":"146","t":"07:45:36","h":"Est destination Georges-Baril / Henri-Bourassa","s":"25N-H58NV10S-80-S"},{"r":"146","t":"07:45:36","h":"Est destination Georges-Baril / Henri-Bourassa","s":"25N-H58NV20S-80-S"},{"r":"146","t":"07:45:36","h":"Est destination Georges-Baril / Henri-Bourassa","s":"25S-H58S000S-80-S"},{"r":"146","t":"07:47:04","h":"Est","s":"25N-H58N000A-80-A"},{"r":"146","t":"07:47:04","h":"Est","s":"25N-H58NV10A-80-A"},{"r":"146","t":"07:47:04","h":"Est","s":"25N-H58NV20A-80-A"},{"r":"146","t":"07:47:04","h":"Est","s":"25S-H58S000A-80-A"},{"r":"146","t":"07:49:04","h":"Est","s":"25N-H58N000I-80-I"},{"r":"146","t":"07:49:04","h":"Est","s":"25N-H58N100F-80-F1"},{"r":"146","t":"07:49:04","h":"Est","s":"25N-H58N200F-80-F2"},{"r":"146","t":"07:49:04","h":"Est","s":"25N-H58N300F-80-F3"},{"r":"146","t":"07:49:04","h":"Est","s":"25N-H58N400F-80-F4"},{"r":"146","t":"07:49:04","h":"Est","s":"25N-H58NV10I-80-I"},{"r":"146","t":"07:49:04","h":"Est","s":"25N-H58NV20I-80-I"},{"r":"146","t":"07:49:04","h":"Est","s":"25S-H58S000I-80-I"},{"r":"146","t":"07:49:04","h":"Est","s":"25S-H58S100F-80-F1"},{"r":"146","t":"07:49:04","h":"Est","s":"25S-H58S200F-80-F2"},{"r":"135","t":"08:01:01","h":"Sud","s":"25N-H58N000S-80-S"},{"r":"135","t":"08:01:01","h":"Sud","s":"25N-H58NV10S-80-S"},{"r":"135","t":"08:01:01","h":"Sud","s":"25N-H58NV20S-80-S"},{"r":"135","t":"08:01:01","h":"Sud","s":"25S-H58S000S-80-S"},{"r":"146","t":"08:06:36","h":"Est destination Georges-Baril / Henri-Bourassa","s":"25N-H58N000S-80-S"},{"r":"146","t":"08:06:36","h":"Est destination Georges-Baril / Henri-Bourassa","s":"25N-H58NV10S-80-S"},{"r":"146","t":"08:06:36","h":"Est destination Georges-Baril / Henri-Bourassa","s":"25N-H58NV20S-80-S"},{"r":"146","t":"08:06:36","h":"Est destination Georges-Baril / Henri-Bourassa","s":"25S-H58S000S-80-S"},{"r":"146","t":"08:17:04","h":"Est","s":"25N-H58N000A-80-A"},{"r":"146","t":"08:17:04","h":"Est","s":"25N-H58NV10A-80-A"},{"r":"146","t":"08:17:04","h":"Est","s":"25N-H58NV20A-80-A"},{"r":"146","t":"08:17:04","h":"Est","s":"25S-H58S000A-80-A"},{"r":"146","t":"08:18:04","h":"Est","s":"25N-H58N000I-80-I"},{"r":"146","t":"08:18:04","h":"Est","s":"25N-H58N100F-80-F1"},{"r":"146","t":"08:18:04","h":"Est","s":"25N-H58N200F-80-F2"},{"r":"146","t":"08:18:04","h":"Est","s":"25N-H58N300F-80-F3"},{"r":"146","t":"08:18:04","h":"Est","s":"25N-H58N400F-80-F4"},{"r":"146","t":"08:18:04","h":"Est","s":"25N-H58NV10I-80-I"},{"r":"146","t":"08:18:04","h":"Est","s":"25N-H58NV20I-80-I"},{"r":"146","t":"08:18:04","h":"Est","s":"25S-H58S000I-80-I"},{"r":"146","t":"08:18:04","h":"Est","s":"25S-H58S100F-80-F1"},{"r":"146","t":"08:18:04","h":"Est","s":"25S-H58S200F-80-F2"},{"r":"146","t":"08:29:20","h":"Est destination Georges-Baril / Henri-Bourassa","s":"25N-H58N000S-80-S"},{"r":"146","t":"08:29:20","h":"Est destination Georges-Baril / Henri-Bourassa","s":"25N-H58NV10S-80-S"},{"r":"146","t":"08:29:20","h":"Est destination Georges-Baril / Henri-Bourassa","s":"25N-H58NV20S-80-S"},{"r":"146","t":"08:29:20","h":"Est destination Georges-Baril / Henri-Bourassa","s":"25S-H58S000S-80-S"},{"r":"135","t":"08:30:01","h":"Sud","s":"25N-H58N000S-80-S"},{"r":"135","t":"08:30:01","h":"Sud","s":"25N-H58NV10S-80-S"},{"r":"135","t":"08:30:01","h":"Sud","s":"25N-H58NV20S-80-S"},{"r":"135","t":"08:30:01","h":"Sud","s":"25S-H58S000S-80-S"},{"r":"146","t":"08:47:04","h":"Est","s":"25N-H58N000A-80-A"},{"r":"146","t":"08:47:04","h":"Est","s":"25N-H58NV10A-80-A"},{"r":"146","t":"08:47:04","h":"Est","s":"25N-H58NV20A-80-A"},{"r":"146","t":"08:47:04","h":"Est","s":"25S-H58S000A-80-A"},{"r":"146","t":"08:48:04","h":"Est","s":"25N-H58N000I-80-I"},{"r":"146","t":"08:48:04","h":"Est","s":"25N-H58N100F-80-F1"},{"r":"146","t":"08:48:04","h":"Est","s":"25N-H58N200F-80-F2"},{"r":"146","t":"08:48:04","h":"Est","s":"25N-H58N300F-80-F3"},{"r":"146","t":"08:48:04","h":"Est","s":"25N-H58N400F-80-F4"},{"r":"146","t":"08:48:04","h":"Est","s":"25N-H58NV10I-80-I"},{"r":"146","t":"08:48:04","h":"Est","s":"25N-H58NV20I-80-I"},{"r":"146","t":"08:48:04","h":"Est","s":"25S-H58S000I-80-I"},{"r":"146","t":"08:48:04","h":"Est","s":"25S-H58S100F-80-F1"},{"r":"146","t":"08:48:04","h":"Est","s":"25S-H58S200F-80-F2"},{"r":"146","t":"08:51:20","h":"Est destination Georges-Baril / Henri-Bourassa","s":"25N-H58N000S-80-S"},{"r":"146","t":"08:51:20","h":"Est destination Georges-Baril / Henri-Bourassa","s":"25N-H58NV10S-80-S"},{"r":"146","t":"08:51:20","h":"Est destination Georges-Baril / Henri-Bourassa","s":"25N-H58NV20S-80-S"},{"r":"146","t":"08:51:20","h":"Est destination Georges-Baril / Henri-Bourassa","s":"25S-H58S000S-80-S"},{"r":"135","t":"09:01:01","h":"Sud","s":"25N-H58N000S-80-S"},{"r":"135","t":"09:01:01","h":"Sud","s":"25N-H58NV10S-80-S"},{"r":"135","t":"09:01:01","h":"Sud","s":"25N-H58NV20S-80-S"},{"r":"135","t":"09:01:01","h":"Sud","s":"25S-H58S000S-80-S"},{"r":"146","t":"09:17:20","h":"Est","s":"25N-H58N000A-80-A"},{"r":"146","t":"09:17:20","h":"Est","s":"25N-H58NV10A-80-A"},{"r":"146","t":"09:17:20","h":"Est","s":"25N-H58NV20A-80-A"},{"r":"146","t":"09:17:20","h":"Est","s":"25S-H58S000A-80-A"},{"r":"146","t":"09:18:04","h":"Est","s":"25N-H58N000I-80-I"},{"r":"146","t":"09:18:04","h":"Est","s":"25N-H58N100F-80-F1"},{"r":"146","t":"09:18:04","h":"Est","s":"25N-H58N200F-80-F2"},{"r":"146","t":"09:18:04","h":"Est","s":"25N-H58N300F-80-F3"},{"r":"146","t":"09:18:04","h":"Est","s":"25N-H58N400F-80-F4"},{"r":"146","t":"09:18:04","h":"Est","s":"25N-H58NV10I-80-I"},{"r":"146","t":"09:18:04","h":"Est","s":"25N-H58NV20I-80-I"},{"r":"146","t":"09:18:04","h":"Est","s":"25S-H58S000I-80-I"},{"r":"146","t":"09:18:04","h":"Est","s":"25S-H58S100F-80-F1"},{"r":"146","t":"09:18:04","h":"Est","s":"25S-H58S200F-80-F2"},{"r":"146","t":"09:24:20","h":"Est destination Georges-Baril / Henri-Bourassa","s":"25N-H58N000S-80-S"},{"r":"146","t":"09:24:20","h":"Est destination Georges-Baril / Henri-Bourassa","s":"25N-H58NV10S-80-S"},{"r":"146","t":"09:24:20","h":"Est destination Georges-Baril / Henri-Bourassa","s":"25N-H58NV20S-80-S"},{"r":"146","t":"09:24:20","h":"Est destination Georges-Baril / Henri-Bourassa","s":"25S-H58S000S-80-S"},{"r":"135","t":"09:39:01","h":"Sud","s":"25N-H58N000S-80-S"},{"r":"135","t":"09:39:01","h":"Sud","s":"25N-H58NV10S-80-S"},{"r":"135","t":"09:39:01","h":"Sud","s":"25N-H58NV20S-80-S"},{"r":"135","t":"09:39:01","h":"Sud","s":"25S-H58S000S-80-S"},{"r":"146","t":"09:47:20","h":"Est","s":"25N-H58N000A-80-A"},{"r":"146","t":"09:47:20","h":"Est","s":"25N-H58NV10A-80-A"},{"r":"146","t":"09:47:20","h":"Est","s":"25N-H58NV20A-80-A"},{"r":"146","t":"09:47:20","h":"Est","s":"25S-H58S000A-80-A"},{"r":"146","t":"09:48:04","h":"Est","s":"25N-H58N000I-80-I"},{"r":"146","t":"09:48:04","h":"Est","s":"25N-H58N100F-80-F1"},{"r":"146","t":"09:48:04","h":"Est","s":"25N-H58N200F-80-F2"},{"r":"146","t":"09:48:04","h":"Est","s":"25N-H58N300F-80-F3"},{"r":"146","t":"09:48:04","h":"Est","s":"25N-H58N400F-80-F4"},{"r":"146","t":"09:48:04","h":"Est","s":"25N-H58NV10I-80-I"},{"r":"146","t":"09:48:04","h":"Est","s":"25N-H58NV20I-80-I"},{"r":"146","t":"09:48:04","h":"Est","s":"25S-H58S000I-80-I"},{"r":"146","t":"09:48:04","h":"Est","s":"25S-H58S100F-80-F1"},{"r":"146","t":"09:48:04","h":"Est","s":"25S-H58S200F-80-F2"},{"r":"146","t":"09:57:20","h":"Est destination Georges-Baril / Henri-Bourassa","s":"25N-H58N000S-80-S"},{"r":"146","t":"09:57:20","h":"Est destination Georges-Baril / Henri-Bourassa","s":"25N-H58NV10S-80-S"},{"r":"146","t":"09:57:20","h":"Est destination Georges-Baril / Henri-Bourassa","s":"25N-H58NV20S-80-S"},{"r":"146","t":"09:57:20","h":"Est destination Georges-Baril / Henri-Bourassa","s":"25S-H58S000S-80-S"},{"r":"146","t":"10:18:04","h":"Est","s":"25N-H58N000I-80-I"},{"r":"146","t":"10:18:04","h":"Est","s":"25N-H58N100F-80-F1"},{"r":"146","t":"10:18:04","h":"Est","s":"25N-H58N200F-80-F2"},{"r":"146","t":"10:18:04","h":"Est","s":"25N-H58N300F-80-F3"},{"r":"146","t":"10:18:04","h":"Est","s":"25N-H58N400F-80-F4"},{"r":"146","t":"10:18:04","h":"Est","s":"25N-H58NV10I-80-I"},{"r":"146","t":"10:18:04","h":"Est","s":"25N-H58NV20I-80-I"},{"r":"146","t":"10:18:04","h":"Est","s":"25S-H58S000I-80-I"},{"r":"146","t":"10:18:04","h":"Est","s":"25S-H58S100F-80-F1"},{"r":"146","t":"10:18:04","h":"Est","s":"25S-H58S200F-80-F2"},{"r":"146","t":"10:19:20","h":"Est","s":"25N-H58N000A-80-A"},{"r":"146","t":"10:19:20","h":"Est","s":"25N-H58NV10A-80-A"},{"r":"146","t":"10:19:20","h":"Est","s":"25N-H58NV20A-80-A"},{"r":"146","t":"10:19:20","h":"Est","s":"25S-H58S000A-80-A"},{"r":"146","t":"10:28:20","h":"Est destination Georges-Baril / Henri-Bourassa","s":"25N-H58N000S-80-S"},{"r":"146","t":"10:28:20","h":"Est destination Georges-Baril / Henri-Bourassa","s":"25N-H58NV10S-80-S"},{"r":"146","t":"10:28:20","h":"Est destination Georges-Baril / Henri-Bourassa","s":"25N-H58NV20S-80-S"},{"r":"146","t":"10:28:20","h":"Est destination Georges-Baril / Henri-Bourassa","s":"25S-H58S000S-80-S"},{"r":"146","t":"10:48:04","h":"Est","s":"25N-H58N000I-80-I"},{"r":"146","t":"10:48:04","h":"Est","s":"25N-H58N100F-80-F1"},{"r":"146","t":"10:48:04","h":"Est","s":"25N-H58N200F-80-F2"},{"r":"146","t":"10:48:04","h":"Est","s":"25N-H58N300F-80-F3"},{"r":"146","t":"10:48:04","h":"Est","s":"25N-H58N400F-80-F4"},{"r":"146","t":"10:48:04","h":"Est","s":"25N-H58NV10I-80-I"},{"r":"146","t":"10:48:04","h":"Est","s":"25N-H58NV20I-80-I"},{"r":"146","t":"10:48:04","h":"Est","s":"25S-H58S000I-80-I"},{"r":"146","t":"10:48:04","h":"Est","s":"25S-H58S100F-80-F1"},{"r":"146","t":"10:48:04","h":"Est","s":"25S-H58S200F-80-F2"},{"r":"146","t":"10:50:20","h":"Est","s":"25N-H58N000A-80-A"},{"r":"146","t":"10:50:20","h":"Est","s":"25N-H58NV10A-80-A"},{"r":"146","t":"10:50:20","h":"Est","s":"25N-H58NV20A-80-A"},{"r":"146","t":"10:50:20","h":"Est","s":"25S-H58S000A-80-A"},{"r":"146","t":"10:59:20","h":"Est destination Georges-Baril / Henri-Bourassa","s":"25N-H58N000S-80-S"},{"r":"146","t":"10:59:20","h":"Est destination Georges-Baril / Henri-Bourassa","s":"25N-H58NV10S-80-S"},{"r":"146","t":"10:59:20","h":"Est destination Georges-Baril / Henri-Bourassa","s":"25N-H58NV20S-80-S"},{"r":"146","t":"10:59:20","h":"Est destination Georges-Baril / Henri-Bourassa","s":"25S-H58S000S-80-S"},{"r":"146","t":"11:19:04","h":"Est","s":"25N-H58N000I-80-I"},{"r":"146","t":"11:19:04","h":"Est","s":"25N-H58N100F-80-F1"},{"r":"146","t":"11:19:04","h":"Est","s":"25N-H58N200F-80-F2"},{"r":"146","t":"11:19:04","h":"Est","s":"25N-H58N300F-80-F3"},{"r":"146","t":"11:19:04","h":"Est","s":"25N-H58N400F-80-F4"},{"r":"146","t":"11:19:04","h":"Est","s":"25N-H58NV10I-80-I"},{"r":"146","t":"11:19:04","h":"Est","s":"25N-H58NV20I-80-I"},{"r":"146","t":"11:19:04","h":"Est","s":"25S-H58S000I-80-I"},{"r":"146","t":"11:19:04","h":"Est","s":"25S-H58S100F-80-F1"},{"r":"146","t":"11:19:04","h":"Est","s":"25S-H58S200F-80-F2"},{"r":"146","t":"11:19:20","h":"Est","s":"25N-H58N000A-80-A"},{"r":"146","t":"11:19:20","h":"Est","s":"25N-H58NV10A-80-A"},{"r":"146","t":"11:19:20","h":"Est","s":"25N-H58NV20A-80-A"},{"r":"146","t":"11:19:20","h":"Est","s":"25S-H58S000A-80-A"},{"r":"146","t":"11:31:20","h":"Est destination Georges-Baril / Henri-Bourassa","s":"25N-H58N000S-80-S"},{"r":"146","t":"11:31:20","h":"Est destination Georges-Baril / Henri-Bourassa","s":"25N-H58NV10S-80-S"},{"r":"146","t":"11:31:20","h":"Est destination Georges-Baril / Henri-Bourassa","s":"25N-H58NV20S-80-S"},{"r":"146","t":"11:31:20","h":"Est destination Georges-Baril / Henri-Bourassa","s":"25S-H58S000S-80-S"},{"r":"146","t":"11:47:20","h":"Est","s":"25N-H58N000A-80-A"},{"r":"146","t":"11:47:20","h":"Est","s":"25N-H58NV10A-80-A"},{"r":"146","t":"11:47:20","h":"Est","s":"25N-H58NV20A-80-A"},{"r":"146","t":"11:47:20","h":"Est","s":"25S-H58S000A-80-A"},{"r":"146","t":"11:49:04","h":"Est","s":"25N-H58N000I-80-I"},{"r":"146","t":"11:49:04","h":"Est","s":"25N-H58N100F-80-F1"},{"r":"146","t":"11:49:04","h":"Est","s":"25N-H58N200F-80-F2"},{"r":"146","t":"11:49:04","h":"Est","s":"25N-H58N300F-80-F3"},{"r":"146","t":"11:49:04","h":"Est","s":"25N-H58N400F-80-F4"},{"r":"146","t":"11:49:04","h":"Est","s":"25N-H58NV10I-80-I"},{"r":"146","t":"11:49:04","h":"Est","s":"25N-H58NV20I-80-I"},{"r":"146","t":"11:49:04","h":"Est","s":"25S-H58S000I-80-I"},{"r":"146","t":"11:49:04","h":"Est","s":"25S-H58S100F-80-F1"},{"r":"146","t":"11:49:04","h":"Est","s":"25S-H58S200F-80-F2"},{"r":"146","t":"12:03:20","h":"Est destination Georges-Baril / Henri-Bourassa","s":"25N-H58N000S-80-S"},{"r":"146","t":"12:03:20","h":"Est destination Georges-Baril / Henri-Bourassa","s":"25N-H58NV10S-80-S"},{"r":"146","t":"12:03:20","h":"Est destination Georges-Baril / Henri-Bourassa","s":"25N-H58NV20S-80-S"},{"r":"146","t":"12:03:20","h":"Est destination Georges-Baril / Henri-Bourassa","s":"25S-H58S000S-80-S"},{"r":"146","t":"12:20:20","h":"Est","s":"25N-H58N000A-80-A"},{"r":"146","t":"12:20:20","h":"Est","s":"25N-H58NV10A-80-A"},{"r":"146","t":"12:20:20","h":"Est","s":"25N-H58NV20A-80-A"},{"r":"146","t":"12:20:20","h":"Est","s":"25S-H58S000A-80-A"},{"r":"146","t":"12:21:04","h":"Est","s":"25N-H58N000I-80-I"},{"r":"146","t":"12:21:04","h":"Est","s":"25N-H58N100F-80-F1"},{"r":"146","t":"12:21:04","h":"Est","s":"25N-H58N200F-80-F2"},{"r":"146","t":"12:21:04","h":"Est","s":"25N-H58N300F-80-F3"},{"r":"146","t":"12:21:04","h":"Est","s":"25N-H58N400F-80-F4"},{"r":"146","t":"12:21:04","h":"Est","s":"25N-H58NV10I-80-I"},{"r":"146","t":"12:21:04","h":"Est","s":"25N-H58NV20I-80-I"},{"r":"146","t":"12:21:04","h":"Est","s":"25S-H58S000I-80-I"},{"r":"146","t":"12:21:04","h":"Est","s":"25S-H58S100F-80-F1"},{"r":"146","t":"12:21:04","h":"Est","s":"25S-H58S200F-80-F2"},{"r":"146","t":"12:35:20","h":"Est destination Georges-Baril / Henri-Bourassa","s":"25N-H58N000S-80-S"},{"r":"146","t":"12:35:20","h":"Est destination Georges-Baril / Henri-Bourassa","s":"25N-H58NV10S-80-S"},{"r":"146","t":"12:35:20","h":"Est destination Georges-Baril / Henri-Bourassa","s":"25N-H58NV20S-80-S"},{"r":"146","t":"12:35:20","h":"Est destination Georges-Baril / Henri-Bourassa","s":"25S-H58S000S-80-S"},{"r":"146","t":"12:51:04","h":"Est","s":"25N-H58N000I-80-I"},{"r":"146","t":"12:51:04","h":"Est","s":"25N-H58N100F-80-F1"},{"r":"146","t":"12:51:04","h":"Est","s":"25N-H58N200F-80-F2"},{"r":"146","t":"12:51:04","h":"Est","s":"25N-H58N300F-80-F3"},{"r":"146","t":"12:51:04","h":"Est","s":"25N-H58N400F-80-F4"},{"r":"146","t":"12:51:04","h":"Est","s":"25N-H58NV10I-80-I"},{"r":"146","t":"12:51:04","h":"Est","s":"25N-H58NV20I-80-I"},{"r":"146","t":"12:51:04","h":"Est","s":"25S-H58S000I-80-I"},{"r":"146","t":"12:51:04","h":"Est","s":"25S-H58S100F-80-F1"},{"r":"146","t":"12:51:04","h":"Est","s":"25S-H58S200F-80-F2"},{"r":"146","t":"12:52:20","h":"Est","s":"25N-H58N000A-80-A"},{"r":"146","t":"12:52:20","h":"Est","s":"25N-H58NV10A-80-A"},{"r":"146","t":"12:52:20","h":"Est","s":"25N-H58NV20A-80-A"},{"r":"146","t":"12:52:20","h":"Est","s":"25S-H58S000A-80-A"},{"r":"146","t":"13:07:20","h":"Est destination Georges-Baril / Henri-Bourassa","s":"25N-H58N000S-80-S"},{"r":"146","t":"13:07:20","h":"Est destination Georges-Baril / Henri-Bourassa","s":"25N-H58NV10S-80-S"},{"r":"146","t":"13:07:20","h":"Est destination Georges-Baril / Henri-Bourassa","s":"25N-H58NV20S-80-S"},{"r":"146","t":"13:07:20","h":"Est destination Georges-Baril / Henri-Bourassa","s":"25S-H58S000S-80-S"},{"r":"146","t":"13:22:04","h":"Est","s":"25N-H58N000I-80-I"},{"r":"146","t":"13:22:04","h":"Est","s":"25N-H58N100F-80-F1"},{"r":"146","t":"13:22:04","h":"Est","s":"25N-H58N200F-80-F2"},{"r":"146","t":"13:22:04","h":"Est","s":"25N-H58N300F-80-F3"},{"r":"146","t":"13:22:04","h":"Est","s":"25N-H58N400F-80-F4"},{"r":"146","t":"13:22:04","h":"Est","s":"25N-H58NV10I-80-I"},{"r":"146","t":"13:22:04","h":"Est","s":"25N-H58NV20I-80-I"},{"r":"146","t":"13:22:04","h":"Est","s":"25S-H58S000I-80-I"},{"r":"146","t":"13:22:04","h":"Est","s":"25S-H58S100F-80-F1"},{"r":"146","t":"13:22:04","h":"Est","s":"25S-H58S200F-80-F2"},{"r":"146","t":"13:24:20","h":"Est","s":"25N-H58N000A-80-A"},{"r":"146","t":"13:24:20","h":"Est","s":"25N-H58NV10A-80-A"},{"r":"146","t":"13:24:20","h":"Est","s":"25N-H58NV20A-80-A"},{"r":"146","t":"13:24:20","h":"Est","s":"25S-H58S000A-80-A"},{"r":"146","t":"13:39:20","h":"Est destination Georges-Baril / Henri-Bourassa","s":"25N-H58N000S-80-S"},{"r":"146","t":"13:39:20","h":"Est destination Georges-Baril / Henri-Bourassa","s":"25N-H58NV10S-80-S"},{"r":"146","t":"13:39:20","h":"Est destination Georges-Baril / Henri-Bourassa","s":"25N-H58NV20S-80-S"},{"r":"146","t":"13:39:20","h":"Est destination Georges-Baril / Henri-Bourassa","s":"25S-H58S000S-80-S"},{"r":"146","t":"13:53:04","h":"Est","s":"25N-H58N000I-80-I"},{"r":"146","t":"13:53:04","h":"Est","s":"25N-H58N100F-80-F1"},{"r":"146","t":"13:53:04","h":"Est","s":"25N-H58N200F-80-F2"},{"r":"146","t":"13:53:04","h":"Est","s":"25N-H58N300F-80-F3"},{"r":"146","t":"13:53:04","h":"Est","s":"25N-H58N400F-80-F4"},{"r":"146","t":"13:53:04","h":"Est","s":"25N-H58NV10I-80-I"},{"r":"146","t":"13:53:04","h":"Est","s":"25N-H58NV20I-80-I"},{"r":"146","t":"13:53:04","h":"Est","s":"25S-H58S000I-80-I"},{"r":"146","t":"13:53:04","h":"Est","s":"25S-H58S100F-80-F1"},{"r":"146","t":"13:53:04","h":"Est","s":"25S-H58S200F-80-F2"},{"r":"146","t":"13:56:20","h":"Est","s":"25N-H58N000A-80-A"},{"r":"146","t":"13:56:20","h":"Est","s":"25N-H58NV10A-80-A"},{"r":"146","t":"13:56:20","h":"Est","s":"25N-H58NV20A-80-A"},{"r":"146","t":"13:56:20","h":"Est","s":"25S-H58S000A-80-A"},{"r":"146","t":"14:11:36","h":"Est destination Georges-Baril / Henri-Bourassa","s":"25N-H58N000S-80-S"},{"r":"146","t":"14:11:36","h":"Est destination Georges-Baril / Henri-Bourassa","s":"25N-H58NV10S-80-S"},{"r":"146","t":"14:11:36","h":"Est destination Georges-Baril / Henri-Bourassa","s":"25N-H58NV20S-80-S"},{"r":"146","t":"14:11:36","h":"Est destination Georges-Baril / Henri-Bourassa","s":"25S-H58S000S-80-S"},{"r":"146","t":"14:24:04","h":"Est","s":"25N-H58N000I-80-I"},{"r":"146","t":"14:24:04","h":"Est","s":"25N-H58N100F-80-F1"},{"r":"146","t":"14:24:04","h":"Est","s":"25N-H58N200F-80-F2"},{"r":"146","t":"14:24:04","h":"Est","s":"25N-H58N300F-80-F3"},{"r":"146","t":"14:24:04","h":"Est","s":"25N-H58N400F-80-F4"},{"r":"146","t":"14:24:04","h":"Est","s":"25N-H58NV10I-80-I"},{"r":"146","t":"14:24:04","h":"Est","s":"25N-H58NV20I-80-I"},{"r":"146","t":"14:24:04","h":"Est","s":"25S-H58S000I-80-I"},{"r":"146","t":"14:24:04","h":"Est","s":"25S-H58S100F-80-F1"},{"r":"146","t":"14:24:04","h":"Est","s":"25S-H58S200F-80-F2"},{"r":"146","t":"14:29:20","h":"Est","s":"25N-H58N000A-80-A"},{"r":"146","t":"14:29:20","h":"Est","s":"25N-H58NV10A-80-A"},{"r":"146","t":"14:29:20","h":"Est","s":"25N-H58NV20A-80-A"},{"r":"146","t":"14:29:20","h":"Est","s":"25S-H58S000A-80-A"},{"r":"146","t":"14:42:36","h":"Est destination Georges-Baril / Henri-Bourassa","s":"25N-H58N000S-80-S"},{"r":"146","t":"14:42:36","h":"Est destination Georges-Baril / Henri-Bourassa","s":"25N-H58NV10S-80-S"},{"r":"146","t":"14:42:36","h":"Est destination Georges-Baril / Henri-Bourassa","s":"25N-H58NV20S-80-S"},{"r":"146","t":"14:42:36","h":"Est destination Georges-Baril / Henri-Bourassa","s":"25S-H58S000S-80-S"},{"r":"146","t":"14:55:04","h":"Est","s":"25N-H58N000I-80-I"},{"r":"146","t":"14:55:04","h":"Est","s":"25N-H58N100F-80-F1"},{"r":"146","t":"14:55:04","h":"Est","s":"25N-H58N200F-80-F2"},{"r":"146","t":"14:55:04","h":"Est","s":"25N-H58N300F-80-F3"},{"r":"146","t":"14:55:04","h":"Est","s":"25N-H58N400F-80-F4"},{"r":"146","t":"14:55:04","h":"Est","s":"25N-H58NV10I-80-I"},{"r":"146","t":"14:55:04","h":"Est","s":"25N-H58NV20I-80-I"},{"r":"146","t":"14:55:04","h":"Est","s":"25S-H58S000I-80-I"},{"r":"146","t":"14:55:04","h":"Est","s":"25S-H58S100F-80-F1"},{"r":"146","t":"14:55:04","h":"Est","s":"25S-H58S200F-80-F2"},{"r":"146","t":"15:01:20","h":"Est","s":"25N-H58N000A-80-A"},{"r":"146","t":"15:01:20","h":"Est","s":"25N-H58NV10A-80-A"},{"r":"146","t":"15:01:20","h":"Est","s":"25N-H58NV20A-80-A"},{"r":"146","t":"15:01:20","h":"Est","s":"25S-H58S000A-80-A"},{"r":"146","t":"15:13:36","h":"Est destination Georges-Baril / Henri-Bourassa","s":"25N-H58N000S-80-S"},{"r":"146","t":"15:13:36","h":"Est destination Georges-Baril / Henri-Bourassa","s":"25N-H58NV10S-80-S"},{"r":"146","t":"15:13:36","h":"Est destination Georges-Baril / Henri-Bourassa","s":"25N-H58NV20S-80-S"},{"r":"146","t":"15:13:36","h":"Est destination Georges-Baril / Henri-Bourassa","s":"25S-H58S000S-80-S"},{"r":"146","t":"15:26:04","h":"Est","s":"25N-H58N000I-80-I"},{"r":"146","t":"15:26:04","h":"Est","s":"25N-H58N100F-80-F1"},{"r":"146","t":"15:26:04","h":"Est","s":"25N-H58N200F-80-F2"},{"r":"146","t":"15:26:04","h":"Est","s":"25N-H58N300F-80-F3"},{"r":"146","t":"15:26:04","h":"Est","s":"25N-H58N400F-80-F4"},{"r":"146","t":"15:26:04","h":"Est","s":"25N-H58NV10I-80-I"},{"r":"146","t":"15:26:04","h":"Est","s":"25N-H58NV20I-80-I"},{"r":"146","t":"15:26:04","h":"Est","s":"25S-H58S000I-80-I"},{"r":"146","t":"15:26:04","h":"Est","s":"25S-H58S100F-80-F1"},{"r":"146","t":"15:26:04","h":"Est","s":"25S-H58S200F-80-F2"},{"r":"146","t":"15:34:20","h":"Est","s":"25N-H58N000A-80-A"},{"r":"146","t":"15:34:20","h":"Est","s":"25N-H58NV10A-80-A"},{"r":"146","t":"15:34:20","h":"Est","s":"25N-H58NV20A-80-A"},{"r":"146","t":"15:34:20","h":"Est","s":"25S-H58S000A-80-A"},{"r":"146","t":"15:40:36","h":"Est destination Georges-Baril / Henri-Bourassa","s":"25N-H58N000S-80-S"},{"r":"146","t":"15:40:36","h":"Est destination Georges-Baril / Henri-Bourassa","s":"25N-H58NV10S-80-S"},{"r":"146","t":"15:40:36","h":"Est destination Georges-Baril / Henri-Bourassa","s":"25N-H58NV20S-80-S"},{"r":"146","t":"15:40:36","h":"Est destination Georges-Baril / Henri-Bourassa","s":"25S-H58S000S-80-S"},{"r":"146","t":"15:57:04","h":"Est","s":"25N-H58N000I-80-I"},{"r":"146","t":"15:57:04","h":"Est","s":"25N-H58N100F-80-F1"},{"r":"146","t":"15:57:04","h":"Est","s":"25N-H58N200F-80-F2"},{"r":"146","t":"15:57:04","h":"Est","s":"25N-H58N300F-80-F3"},{"r":"146","t":"15:57:04","h":"Est","s":"25N-H58N400F-80-F4"},{"r":"146","t":"15:57:04","h":"Est","s":"25N-H58NV10I-80-I"},{"r":"146","t":"15:57:04","h":"Est","s":"25N-H58NV20I-80-I"},{"r":"146","t":"15:57:04","h":"Est","s":"25S-H58S000I-80-I"},{"r":"146","t":"15:57:04","h":"Est","s":"25S-H58S100F-80-F1"},{"r":"146","t":"15:57:04","h":"Est","s":"25S-H58S200F-80-F2"},{"r":"146","t":"15:59:36","h":"Est destination Georges-Baril / Henri-Bourassa","s":"25N-H58N000S-80-S"},{"r":"146","t":"15:59:36","h":"Est destination Georges-Baril / Henri-Bourassa","s":"25N-H58NV10S-80-S"},{"r":"146","t":"15:59:36","h":"Est destination Georges-Baril / Henri-Bourassa","s":"25N-H58NV20S-80-S"},{"r":"146","t":"15:59:36","h":"Est destination Georges-Baril / Henri-Bourassa","s":"25S-H58S000S-80-S"},{"r":"146","t":"16:05:20","h":"Est","s":"25N-H58N000A-80-A"},{"r":"146","t":"16:05:20","h":"Est","s":"25N-H58NV10A-80-A"},{"r":"146","t":"16:05:20","h":"Est","s":"25N-H58NV20A-80-A"},{"r":"146","t":"16:05:20","h":"Est","s":"25S-H58S000A-80-A"},{"r":"146","t":"16:19:36","h":"Est destination Georges-Baril / Henri-Bourassa","s":"25N-H58N000S-80-S"},{"r":"146","t":"16:19:36","h":"Est destination Georges-Baril / Henri-Bourassa","s":"25N-H58NV10S-80-S"},{"r":"146","t":"16:19:36","h":"Est destination Georges-Baril / Henri-Bourassa","s":"25N-H58NV20S-80-S"},{"r":"146","t":"16:19:36","h":"Est destination Georges-Baril / Henri-Bourassa","s":"25S-H58S000S-80-S"},{"r":"146","t":"16:28:04","h":"Est","s":"25N-H58N000I-80-I"},{"r":"146","t":"16:28:04","h":"Est","s":"25N-H58N100F-80-F1"},{"r":"146","t":"16:28:04","h":"Est","s":"25N-H58N200F-80-F2"},{"r":"146","t":"16:28:04","h":"Est","s":"25N-H58N300F-80-F3"},{"r":"146","t":"16:28:04","h":"Est","s":"25N-H58N400F-80-F4"},{"r":"146","t":"16:28:04","h":"Est","s":"25N-H58NV10I-80-I"},{"r":"146","t":"16:28:04","h":"Est","s":"25N-H58NV20I-80-I"},{"r":"146","t":"16:28:04","h":"Est","s":"25S-H58S000I-80-I"},{"r":"146","t":"16:28:04","h":"Est","s":"25S-H58S100F-80-F1"},{"r":"146","t":"16:28:04","h":"Est","s":"25S-H58S200F-80-F2"},{"r":"146","t":"16:38:20","h":"Est","s":"25N-H58N000A-80-A"},{"r":"146","t":"16:38:20","h":"Est","s":"25N-H58NV10A-80-A"},{"r":"146","t":"16:38:20","h":"Est","s":"25N-H58NV20A-80-A"},{"r":"146","t":"16:38:20","h":"Est","s":"25S-H58S000A-80-A"},{"r":"146","t":"16:40:36","h":"Est destination Georges-Baril / Henri-Bourassa","s":"25N-H58N000S-80-S"},{"r":"146","t":"16:40:36","h":"Est destination Georges-Baril / Henri-Bourassa","s":"25N-H58NV10S-80-S"},{"r":"146","t":"16:40:36","h":"Est destination Georges-Baril / Henri-Bourassa","s":"25N-H58NV20S-80-S"},{"r":"146","t":"16:40:36","h":"Est destination Georges-Baril / Henri-Bourassa","s":"25S-H58S000S-80-S"},{"r":"146","t":"16:59:04","h":"Est","s":"25N-H58N000I-80-I"},{"r":"146","t":"16:59:04","h":"Est","s":"25N-H58N100F-80-F1"},{"r":"146","t":"16:59:04","h":"Est","s":"25N-H58N200F-80-F2"},{"r":"146","t":"16:59:04","h":"Est","s":"25N-H58N300F-80-F3"},{"r":"146","t":"16:59:04","h":"Est","s":"25N-H58N400F-80-F4"},{"r":"146","t":"16:59:04","h":"Est","s":"25N-H58NV10I-80-I"},{"r":"146","t":"16:59:04","h":"Est","s":"25N-H58NV20I-80-I"},{"r":"146","t":"16:59:04","h":"Est","s":"25S-H58S000I-80-I"},{"r":"146","t":"16:59:04","h":"Est","s":"25S-H58S100F-80-F1"},{"r":"146","t":"16:59:04","h":"Est","s":"25S-H58S200F-80-F2"},{"r":"146","t":"17:09:20","h":"Est","s":"25N-H58N000A-80-A"},{"r":"146","t":"17:09:20","h":"Est","s":"25N-H58NV10A-80-A"},{"r":"146","t":"17:09:20","h":"Est","s":"25N-H58NV20A-80-A"},{"r":"146","t":"17:09:20","h":"Est","s":"25S-H58S000A-80-A"},{"r":"146","t":"17:10:36","h":"Est destination Georges-Baril / Henri-Bourassa","s":"25N-H58N000S-80-S"},{"r":"146","t":"17:10:36","h":"Est destination Georges-Baril / Henri-Bourassa","s":"25N-H58NV10S-80-S"},{"r":"146","t":"17:10:36","h":"Est destination Georges-Baril / Henri-Bourassa","s":"25N-H58NV20S-80-S"},{"r":"146","t":"17:10:36","h":"Est destination Georges-Baril / Henri-Bourassa","s":"25S-H58S000S-80-S"},{"r":"146","t":"17:29:04","h":"Est","s":"25N-H58N000I-80-I"},{"r":"146","t":"17:29:04","h":"Est","s":"25N-H58N100F-80-F1"},{"r":"146","t":"17:29:04","h":"Est","s":"25N-H58N200F-80-F2"},{"r":"146","t":"17:29:04","h":"Est","s":"25N-H58N300F-80-F3"},{"r":"146","t":"17:29:04","h":"Est","s":"25N-H58N400F-80-F4"},{"r":"146","t":"17:29:04","h":"Est","s":"25N-H58NV10I-80-I"},{"r":"146","t":"17:29:04","h":"Est","s":"25N-H58NV20I-80-I"},{"r":"146","t":"17:29:04","h":"Est","s":"25S-H58S000I-80-I"},{"r":"146","t":"17:29:04","h":"Est","s":"25S-H58S100F-80-F1"},{"r":"146","t":"17:29:04","h":"Est","s":"25S-H58S200F-80-F2"},{"r":"146","t":"17:41:36","h":"Est destination Georges-Baril / Henri-Bourassa","s":"25N-H58N000S-80-S"},{"r":"146","t":"17:41:36","h":"Est destination Georges-Baril / Henri-Bourassa","s":"25N-H58NV10S-80-S"},{"r":"146","t":"17:41:36","h":"Est destination Georges-Baril / Henri-Bourassa","s":"25N-H58NV20S-80-S"},{"r":"146","t":"17:41:36","h":"Est destination Georges-Baril / Henri-Bourassa","s":"25S-H58S000S-80-S"},{"r":"146","t":"17:42:20","h":"Est","s":"25N-H58N000A-80-A"},{"r":"146","t":"17:42:20","h":"Est","s":"25N-H58NV10A-80-A"},{"r":"146","t":"17:42:20","h":"Est","s":"25N-H58NV20A-80-A"},{"r":"146","t":"17:42:20","h":"Est","s":"25S-H58S000A-80-A"},{"r":"146","t":"17:59:04","h":"Est","s":"25N-H58N000I-80-I"},{"r":"146","t":"17:59:04","h":"Est","s":"25N-H58N100F-80-F1"},{"r":"146","t":"17:59:04","h":"Est","s":"25N-H58N200F-80-F2"},{"r":"146","t":"17:59:04","h":"Est","s":"25N-H58N300F-80-F3"},{"r":"146","t":"17:59:04","h":"Est","s":"25N-H58N400F-80-F4"},{"r":"146","t":"17:59:04","h":"Est","s":"25N-H58NV10I-80-I"},{"r":"146","t":"17:59:04","h":"Est","s":"25N-H58NV20I-80-I"},{"r":"146","t":"17:59:04","h":"Est","s":"25S-H58S000I-80-I"},{"r":"146","t":"17:59:04","h":"Est","s":"25S-H58S100F-80-F1"},{"r":"146","t":"17:59:04","h":"Est","s":"25S-H58S200F-80-F2"},{"r":"146","t":"18:12:04","h":"Est","s":"25N-H58N000A-80-A"},{"r":"146","t":"18:12:04","h":"Est","s":"25N-H58NV10A-80-A"},{"r":"146","t":"18:12:04","h":"Est","s":"25N-H58NV20A-80-A"},{"r":"146","t":"18:12:04","h":"Est","s":"25S-H58S000A-80-A"},{"r":"146","t":"18:13:36","h":"Est destination Georges-Baril / Henri-Bourassa","s":"25N-H58N000S-80-S"},{"r":"146","t":"18:13:36","h":"Est destination Georges-Baril / Henri-Bourassa","s":"25N-H58NV10S-80-S"},{"r":"146","t":"18:13:36","h":"Est destination Georges-Baril / Henri-Bourassa","s":"25N-H58NV20S-80-S"},{"r":"146","t":"18:13:36","h":"Est destination Georges-Baril / Henri-Bourassa","s":"25S-H58S000S-80-S"},{"r":"146","t":"18:30:04","h":"Est","s":"25N-H58N000I-80-I"},{"r":"146","t":"18:30:04","h":"Est","s":"25N-H58N100F-80-F1"},{"r":"146","t":"18:30:04","h":"Est","s":"25N-H58N200F-80-F2"},{"r":"146","t":"18:30:04","h":"Est","s":"25N-H58N300F-80-F3"},{"r":"146","t":"18:30:04","h":"Est","s":"25N-H58N400F-80-F4"},{"r":"146","t":"18:30:04","h":"Est","s":"25N-H58NV10I-80-I"},{"r":"146","t":"18:30:04","h":"Est","s":"25N-H58NV20I-80-I"},{"r":"146","t":"18:30:04","h":"Est","s":"25S-H58S000I-80-I"},{"r":"146","t":"18:30:04","h":"Est","s":"25S-H58S100F-80-F1"},{"r":"146","t":"18:30:04","h":"Est","s":"25S-H58S200F-80-F2"},{"r":"146","t":"18:40:04","h":"Est","s":"25N-H58N000A-80-A"},{"r":"146","t":"18:40:04","h":"Est","s":"25N-H58NV10A-80-A"},{"r":"146","t":"18:40:04","h":"Est","s":"25N-H58NV20A-80-A"},{"r":"146","t":"18:40:04","h":"Est","s":"25S-H58S000A-80-A"},{"r":"146","t":"18:41:20","h":"Est destination Georges-Baril / Henri-Bourassa","s":"25N-H58N000S-80-S"},{"r":"146","t":"18:41:20","h":"Est destination Georges-Baril / Henri-Bourassa","s":"25N-H58NV10S-80-S"},{"r":"146","t":"18:41:20","h":"Est destination Georges-Baril / Henri-Bourassa","s":"25N-H58NV20S-80-S"},{"r":"146","t":"18:41:20","h":"Est destination Georges-Baril / Henri-Bourassa","s":"25S-H58S000S-80-S"},{"r":"146","t":"18:59:04","h":"Est","s":"25N-H58N000I-80-I"},{"r":"146","t":"18:59:04","h":"Est","s":"25N-H58N100F-80-F1"},{"r":"146","t":"18:59:04","h":"Est","s":"25N-H58N200F-80-F2"},{"r":"146","t":"18:59:04","h":"Est","s":"25N-H58N300F-80-F3"},{"r":"146","t":"18:59:04","h":"Est","s":"25N-H58N400F-80-F4"},{"r":"146","t":"18:59:04","h":"Est","s":"25N-H58NV10I-80-I"},{"r":"146","t":"18:59:04","h":"Est","s":"25N-H58NV20I-80-I"},{"r":"146","t":"18:59:04","h":"Est","s":"25S-H58S000I-80-I"},{"r":"146","t":"18:59:04","h":"Est","s":"25S-H58S100F-80-F1"},{"r":"146","t":"18:59:04","h":"Est","s":"25S-H58S200F-80-F2"},{"r":"146","t":"19:09:04","h":"Est","s":"25N-H58N000A-80-A"},{"r":"146","t":"19:09:04","h":"Est","s":"25N-H58NV10A-80-A"},{"r":"146","t":"19:09:04","h":"Est","s":"25N-H58NV20A-80-A"},{"r":"146","t":"19:09:04","h":"Est","s":"25S-H58S000A-80-A"},{"r":"146","t":"19:09:20","h":"Est destination Georges-Baril / Henri-Bourassa","s":"25N-H58N000S-80-S"},{"r":"146","t":"19:09:20","h":"Est destination Georges-Baril / Henri-Bourassa","s":"25N-H58NV10S-80-S"},{"r":"146","t":"19:09:20","h":"Est destination Georges-Baril / Henri-Bourassa","s":"25N-H58NV20S-80-S"},{"r":"146","t":"19:09:20","h":"Est destination Georges-Baril / Henri-Bourassa","s":"25S-H58S000S-80-S"},{"r":"146","t":"19:30:04","h":"Est","s":"25N-H58N000I-80-I"},{"r":"146","t":"19:30:04","h":"Est","s":"25N-H58N100F-80-F1"},{"r":"146","t":"19:30:04","h":"Est","s":"25N-H58N200F-80-F2"},{"r":"146","t":"19:30:04","h":"Est","s":"25N-H58N300F-80-F3"},{"r":"146","t":"19:30:04","h":"Est","s":"25N-H58N400F-80-F4"},{"r":"146","t":"19:30:04","h":"Est","s":"25N-H58NV10I-80-I"},{"r":"146","t":"19:30:04","h":"Est","s":"25N-H58NV20I-80-I"},{"r":"146","t":"19:30:04","h":"Est","s":"25S-H58S000I-80-I"},{"r":"146","t":"19:30:04","h":"Est","s":"25S-H58S100F-80-F1"},{"r":"146","t":"19:30:04","h":"Est","s":"25S-H58S200F-80-F2"},{"r":"146","t":"19:38:04","h":"Est","s":"25N-H58N000A-80-A"},{"r":"146","t":"19:38:04","h":"Est","s":"25N-H58NV10A-80-A"},{"r":"146","t":"19:38:04","h":"Est","s":"25N-H58NV20A-80-A"},{"r":"146","t":"19:38:04","h":"Est","s":"25S-H58S000A-80-A"},{"r":"146","t":"19:41:20","h":"Est","s":"25N-H58N000S-80-S"},{"r":"146","t":"19:41:20","h":"Est","s":"25N-H58NV10S-80-S"},{"r":"146","t":"19:41:20","h":"Est","s":"25N-H58NV20S-80-S"},{"r":"146","t":"19:41:20","h":"Est","s":"25S-H58S000S-80-S"},{"r":"146","t":"20:00:04","h":"Est","s":"25N-H58N000I-80-I"},{"r":"146","t":"20:00:04","h":"Est","s":"25N-H58N100F-80-F1"},{"r":"146","t":"20:00:04","h":"Est","s":"25N-H58N200F-80-F2"},{"r":"146","t":"20:00:04","h":"Est","s":"25N-H58N300F-80-F3"},{"r":"146","t":"20:00:04","h":"Est","s":"25N-H58N400F-80-F4"},{"r":"146","t":"20:00:04","h":"Est","s":"25N-H58NV10I-80-I"},{"r":"146","t":"20:00:04","h":"Est","s":"25N-H58NV20I-80-I"},{"r":"146","t":"20:00:04","h":"Est","s":"25S-H58S000I-80-I"},{"r":"146","t":"20:00:04","h":"Est","s":"25S-H58S100F-80-F1"},{"r":"146","t":"20:00:04","h":"Est","s":"25S-H58S200F-80-F2"},{"r":"146","t":"20:07:04","h":"Est","s":"25N-H58N000A-80-A"},{"r":"146","t":"20:07:04","h":"Est","s":"25N-H58NV10A-80-A"},{"r":"146","t":"20:07:04","h":"Est","s":"25N-H58NV20A-80-A"},{"r":"146","t":"20:07:04","h":"Est","s":"25S-H58S000A-80-A"},{"r":"146","t":"20:13:20","h":"Est","s":"25N-H58N000S-80-S"},{"r":"146","t":"20:13:20","h":"Est","s":"25N-H58NV10S-80-S"},{"r":"146","t":"20:13:20","h":"Est","s":"25N-H58NV20S-80-S"},{"r":"146","t":"20:13:20","h":"Est","s":"25S-H58S000S-80-S"},{"r":"146","t":"20:31:04","h":"Est","s":"25N-H58N000I-80-I"},{"r":"146","t":"20:31:04","h":"Est","s":"25N-H58N100F-80-F1"},{"r":"146","t":"20:31:04","h":"Est","s":"25N-H58N200F-80-F2"},{"r":"146","t":"20:31:04","h":"Est","s":"25N-H58N300F-80-F3"},{"r":"146","t":"20:31:04","h":"Est","s":"25N-H58N400F-80-F4"},{"r":"146","t":"20:31:04","h":"Est","s":"25N-H58NV10I-80-I"},{"r":"146","t":"20:31:04","h":"Est","s":"25N-H58NV20I-80-I"},{"r":"146","t":"20:31:04","h":"Est","s":"25S-H58S000I-80-I"},{"r":"146","t":"20:31:04","h":"Est","s":"25S-H58S100F-80-F1"},{"r":"146","t":"20:31:04","h":"Est","s":"25S-H58S200F-80-F2"},{"r":"146","t":"20:36:04","h":"Est","s":"25N-H58N000A-80-A"},{"r":"146","t":"20:36:04","h":"Est","s":"25N-H58NV10A-80-A"},{"r":"146","t":"20:36:04","h":"Est","s":"25N-H58NV20A-80-A"},{"r":"146","t":"20:36:04","h":"Est","s":"25S-H58S000A-80-A"},{"r":"146","t":"20:44:20","h":"Est","s":"25N-H58N000S-80-S"},{"r":"146","t":"20:44:20","h":"Est","s":"25N-H58NV10S-80-S"},{"r":"146","t":"20:44:20","h":"Est","s":"25N-H58NV20S-80-S"},{"r":"146","t":"20:44:20","h":"Est","s":"25S-H58S000S-80-S"},{"r":"146","t":"21:01:04","h":"Est","s":"25N-H58N000A-80-A"},{"r":"146","t":"21:01:04","h":"Est","s":"25N-H58N000I-80-I"},{"r":"146","t":"21:01:04","h":"Est","s":"25N-H58N100F-80-F1"},{"r":"146","t":"21:01:04","h":"Est","s":"25N-H58N200F-80-F2"},{"r":"146","t":"21:01:04","h":"Est","s":"25N-H58N300F-80-F3"},{"r":"146","t":"21:01:04","h":"Est","s":"25N-H58N400F-80-F4"},{"r":"146","t":"21:01:04","h":"Est","s":"25N-H58NV10A-80-A"},{"r":"146","t":"21:01:04","h":"Est","s":"25N-H58NV10I-80-I"},{"r":"146","t":"21:01:04","h":"Est","s":"25N-H58NV20A-80-A"},{"r":"146","t":"21:01:04","h":"Est","s":"25N-H58NV20I-80-I"},{"r":"146","t":"21:01:04","h":"Est","s":"25S-H58S000A-80-A"},{"r":"146","t":"21:01:04","h":"Est","s":"25S-H58S000I-80-I"},{"r":"146","t":"21:01:04","h":"Est","s":"25S-H58S100F-80-F1"},{"r":"146","t":"21:01:04","h":"Est","s":"25S-H58S200F-80-F2"},{"r":"146","t":"21:15:20","h":"Est","s":"25N-H58N000S-80-S"},{"r":"146","t":"21:15:20","h":"Est","s":"25N-H58NV10S-80-S"},{"r":"146","t":"21:15:20","h":"Est","s":"25N-H58NV20S-80-S"},{"r":"146","t":"21:15:20","h":"Est","s":"25S-H58S000S-80-S"},{"r":"146","t":"21:26:04","h":"Est","s":"25N-H58N000A-80-A"},{"r":"146","t":"21:26:04","h":"Est","s":"25N-H58NV10A-80-A"},{"r":"146","t":"21:26:04","h":"Est","s":"25N-H58NV20A-80-A"},{"r":"146","t":"21:26:04","h":"Est","s":"25S-H58S000A-80-A"},{"r":"146","t":"21:30:04","h":"Est","s":"25N-H58N000I-80-I"},{"r":"146","t":"21:30:04","h":"Est","s":"25N-H58N100F-80-F1"},{"r":"146","t":"21:30:04","h":"Est","s":"25N-H58N200F-80-F2"},{"r":"146","t":"21:30:04","h":"Est","s":"25N-H58N300F-80-F3"},{"r":"146","t":"21:30:04","h":"Est","s":"25N-H58N400F-80-F4"},{"r":"146","t":"21:30:04","h":"Est","s":"25N-H58NV10I-80-I"},{"r":"146","t":"21:30:04","h":"Est","s":"25N-H58NV20I-80-I"},{"r":"146","t":"21:30:04","h":"Est","s":"25S-H58S000I-80-I"},{"r":"146","t":"21:30:04","h":"Est","s":"25S-H58S100F-80-F1"},{"r":"146","t":"21:30:04","h":"Est","s":"25S-H58S200F-80-F2"},{"r":"146","t":"21:46:04","h":"Est","s":"25N-H58N000S-80-S"},{"r":"146","t":"21:46:04","h":"Est","s":"25N-H58NV10S-80-S"},{"r":"146","t":"21:46:04","h":"Est","s":"25N-H58NV20S-80-S"},{"r":"146","t":"21:46:04","h":"Est","s":"25S-H58S000S-80-S"},{"r":"146","t":"21:51:04","h":"Est","s":"25N-H58N000A-80-A"},{"r":"146","t":"21:51:04","h":"Est","s":"25N-H58NV10A-80-A"},{"r":"146","t":"21:51:04","h":"Est","s":"25N-H58NV20A-80-A"},{"r":"146","t":"21:51:04","h":"Est","s":"25S-H58S000A-80-A"},{"r":"146","t":"21:57:04","h":"Est","s":"25N-H58N000I-80-I"},{"r":"146","t":"21:57:04","h":"Est","s":"25N-H58N100F-80-F1"},{"r":"146","t":"21:57:04","h":"Est","s":"25N-H58N200F-80-F2"},{"r":"146","t":"21:57:04","h":"Est","s":"25N-H58N300F-80-F3"},{"r":"146","t":"21:57:04","h":"Est","s":"25N-H58N400F-80-F4"},{"r":"146","t":"21:57:04","h":"Est","s":"25N-H58NV10I-80-I"},{"r":"146","t":"21:57:04","h":"Est","s":"25N-H58NV20I-80-I"},{"r":"146","t":"21:57:04","h":"Est","s":"25S-H58S000I-80-I"},{"r":"146","t":"21:57:04","h":"Est","s":"25S-H58S100F-80-F1"},{"r":"146","t":"21:57:04","h":"Est","s":"25S-H58S200F-80-F2"},{"r":"146","t":"22:15:04","h":"Est","s":"25N-H58N000S-80-S"},{"r":"146","t":"22:15:04","h":"Est","s":"25N-H58NV10S-80-S"},{"r":"146","t":"22:15:04","h":"Est","s":"25N-H58NV20S-80-S"},{"r":"146","t":"22:15:04","h":"Est","s":"25S-H58S000S-80-S"},{"r":"146","t":"22:19:04","h":"Est","s":"25N-H58N000A-80-A"},{"r":"146","t":"22:19:04","h":"Est","s":"25N-H58NV10A-80-A"},{"r":"146","t":"22:19:04","h":"Est","s":"25N-H58NV20A-80-A"},{"r":"146","t":"22:19:04","h":"Est","s":"25S-H58S000A-80-A"},{"r":"146","t":"22:24:04","h":"Est","s":"25N-H58N000I-80-I"},{"r":"146","t":"22:24:04","h":"Est","s":"25N-H58N100F-80-F1"},{"r":"146","t":"22:24:04","h":"Est","s":"25N-H58N200F-80-F2"},{"r":"146","t":"22:24:04","h":"Est","s":"25N-H58N300F-80-F3"},{"r":"146","t":"22:24:04","h":"Est","s":"25N-H58N400F-80-F4"},{"r":"146","t":"22:24:04","h":"Est","s":"25N-H58NV10I-80-I"},{"r":"146","t":"22:24:04","h":"Est","s":"25N-H58NV20I-80-I"},{"r":"146","t":"22:24:04","h":"Est","s":"25S-H58S000I-80-I"},{"r":"146","t":"22:24:04","h":"Est","s":"25S-H58S100F-80-F1"},{"r":"146","t":"22:24:04","h":"Est","s":"25S-H58S200F-80-F2"},{"r":"146","t":"22:45:04","h":"Est","s":"25N-H58N000S-80-S"},{"r":"146","t":"22:45:04","h":"Est","s":"25N-H58NV10S-80-S"},{"r":"146","t":"22:45:04","h":"Est","s":"25N-H58NV20S-80-S"},{"r":"146","t":"22:45:04","h":"Est","s":"25S-H58S000S-80-S"},{"r":"146","t":"22:48:04","h":"Est","s":"25N-H58N000A-80-A"},{"r":"146","t":"22:48:04","h":"Est","s":"25N-H58NV10A-80-A"},{"r":"146","t":"22:48:04","h":"Est","s":"25N-H58NV20A-80-A"},{"r":"146","t":"22:48:04","h":"Est","s":"25S-H58S000A-80-A"},{"r":"146","t":"22:51:04","h":"Est","s":"25N-H58N000I-80-I"},{"r":"146","t":"22:51:04","h":"Est","s":"25N-H58N100F-80-F1"},{"r":"146","t":"22:51:04","h":"Est","s":"25N-H58N200F-80-F2"},{"r":"146","t":"22:51:04","h":"Est","s":"25N-H58N300F-80-F3"},{"r":"146","t":"22:51:04","h":"Est","s":"25N-H58N400F-80-F4"},{"r":"146","t":"22:51:04","h":"Est","s":"25N-H58NV10I-80-I"},{"r":"146","t":"22:51:04","h":"Est","s":"25N-H58NV20I-80-I"},{"r":"146","t":"22:51:04","h":"Est","s":"25S-H58S000I-80-I"},{"r":"146","t":"22:51:04","h":"Est","s":"25S-H58S100F-80-F1"},{"r":"146","t":"22:51:04","h":"Est","s":"25S-H58S200F-80-F2"},{"r":"146","t":"23:14:04","h":"Est","s":"25N-H58N000S-80-S"},{"r":"146","t":"23:14:04","h":"Est","s":"25N-H58NV10S-80-S"},{"r":"146","t":"23:14:04","h":"Est","s":"25N-H58NV20S-80-S"},{"r":"146","t":"23:14:04","h":"Est","s":"25S-H58S000S-80-S"},{"r":"146","t":"23:18:04","h":"Est","s":"25N-H58N000A-80-A"},{"r":"146","t":"23:18:04","h":"Est","s":"25N-H58NV10A-80-A"},{"r":"146","t":"23:18:04","h":"Est","s":"25N-H58NV20A-80-A"},{"r":"146","t":"23:18:04","h":"Est","s":"25S-H58S000A-80-A"},{"r":"146","t":"23:19:04","h":"Est","s":"25N-H58N000I-80-I"},{"r":"146","t":"23:19:04","h":"Est","s":"25N-H58N100F-80-F1"},{"r":"146","t":"23:19:04","h":"Est","s":"25N-H58N200F-80-F2"},{"r":"146","t":"23:19:04","h":"Est","s":"25N-H58N300F-80-F3"},{"r":"146","t":"23:19:04","h":"Est","s":"25N-H58N400F-80-F4"},{"r":"146","t":"23:19:04","h":"Est","s":"25N-H58NV10I-80-I"},{"r":"146","t":"23:19:04","h":"Est","s":"25N-H58NV20I-80-I"},{"r":"146","t":"23:19:04","h":"Est","s":"25S-H58S000I-80-I"},{"r":"146","t":"23:19:04","h":"Est","s":"25S-H58S100F-80-F1"},{"r":"146","t":"23:19:04","h":"Est","s":"25S-H58S200F-80-F2"},{"r":"146","t":"23:44:04","h":"Est","s":"25N-H58N000S-80-S"},{"r":"146","t":"23:44:04","h":"Est","s":"25N-H58NV10S-80-S"},{"r":"146","t":"23:44:04","h":"Est","s":"25N-H58NV20S-80-S"},{"r":"146","t":"23:44:04","h":"Est","s":"25S-H58S000S-80-S"},{"r":"146","t":"23:48:04","h":"Est","s":"25N-H58N000A-80-A"},{"r":"146","t":"23:48:04","h":"Est","s":"25N-H58N000I-80-I"},{"r":"146","t":"23:48:04","h":"Est","s":"25N-H58N100F-80-F1"},{"r":"146","t":"23:48:04","h":"Est","s":"25N-H58N200F-80-F2"},{"r":"146","t":"23:48:04","h":"Est","s":"25N-H58N300F-80-F3"},{"r":"146","t":"23:48:04","h":"Est","s":"25N-H58N400F-80-F4"},{"r":"146","t":"23:48:04","h":"Est","s":"25N-H58NV10A-80-A"},{"r":"146","t":"23:48:04","h":"Est","s":"25N-H58NV10I-80-I"},{"r":"146","t":"23:48:04","h":"Est","s":"25N-H58NV20A-80-A"},{"r":"146","t":"23:48:04","h":"Est","s":"25N-H58NV20I-80-I"},{"r":"146","t":"23:48:04","h":"Est","s":"25S-H58S000A-80-A"},{"r":"146","t":"23:48:04","h":"Est","s":"25S-H58S000I-80-I"},{"r":"146","t":"23:48:04","h":"Est","s":"25S-H58S100F-80-F1"},{"r":"146","t":"23:48:04","h":"Est","s":"25S-H58S200F-80-F2"},{"r":"146","t":"24:14:04","h":"Est","s":"25N-H58N000S-80-S"},{"r":"146","t":"24:14:04","h":"Est","s":"25N-H58NV10S-80-S"},{"r":"146","t":"24:14:04","h":"Est","s":"25N-H58NV20S-80-S"},{"r":"146","t":"24:14:04","h":"Est","s":"25S-H58S000S-80-S"},{"r":"146","t":"24:17:48","h":"Est","s":"25N-H58N000A-80-A"},{"r":"146","t":"24:17:48","h":"Est","s":"25N-H58N000I-80-I"},{"r":"146","t":"24:17:48","h":"Est","s":"25N-H58N100F-80-F1"},{"r":"146","t":"24:17:48","h":"Est","s":"25N-H58N200F-80-F2"},{"r":"146","t":"24:17:48","h":"Est","s":"25N-H58N300F-80-F3"},{"r":"146","t":"24:17:48","h":"Est","s":"25N-H58N400F-80-F4"},{"r":"146","t":"24:17:48","h":"Est","s":"25N-H58NV10A-80-A"},{"r":"146","t":"24:17:48","h":"Est","s":"25N-H58NV10I-80-I"},{"r":"146","t":"24:17:48","h":"Est","s":"25N-H58NV20A-80-A"},{"r":"146","t":"24:17:48","h":"Est","s":"25N-H58NV20I-80-I"},{"r":"146","t":"24:17:48","h":"Est","s":"25S-H58S000A-80-A"},{"r":"146","t":"24:17:48","h":"Est","s":"25S-H58S000I-80-I"},{"r":"146","t":"24:17:48","h":"Est","s":"25S-H58S100F-80-F1"},{"r":"146","t":"24:17:48","h":"Est","s":"25S-H58S200F-80-F2"},{"r":"146","t":"24:44:04","h":"Est","s":"25N-H58N000S-80-S"},{"r":"146","t":"24:44:04","h":"Est","s":"25N-H58NV10S-80-S"},{"r":"146","t":"24:44:04","h":"Est","s":"25N-H58NV20S-80-S"},{"r":"146","t":"24:44:04","h":"Est","s":"25S-H58S000S-80-S"},{"r":"146","t":"24:47:48","h":"Est","s":"25N-H58N000A-80-A"},{"r":"146","t":"24:47:48","h":"Est","s":"25N-H58N000I-80-I"},{"r":"146","t":"24:47:48","h":"Est","s":"25N-H58N100F-80-F1"},{"r":"146","t":"24:47:48","h":"Est","s":"25N-H58N200F-80-F2"},{"r":"146","t":"24:47:48","h":"Est","s":"25N-H58N300F-80-F3"},{"r":"146","t":"24:47:48","h":"Est","s":"25N-H58N400F-80-F4"},{"r":"146","t":"24:47:48","h":"Est","s":"25N-H58NV10A-80-A"},{"r":"146","t":"24:47:48","h":"Est","s":"25N-H58NV10I-80-I"},{"r":"146","t":"24:47:48","h":"Est","s":"25N-H58NV20A-80-A"},{"r":"146","t":"24:47:48","h":"Est","s":"25N-H58NV20I-80-I"},{"r":"146","t":"24:47:48","h":"Est","s":"25S-H58S000A-80-A"},{"r":"146","t":"24:47:48","h":"Est","s":"25S-H58S000I-80-I"},{"r":"146","t":"24:47:48","h":"Est","s":"25S-H58S100F-80-F1"},{"r":"146","t":"24:47:48","h":"Est","s":"25S-H58S200F-80-F2"},{"r":"146","t":"25:09:04","h":"Est","s":"25N-H58N000S-80-S"},{"r":"146","t":"25:09:04","h":"Est","s":"25N-H58NV10S-80-S"},{"r":"146","t":"25:09:04","h":"Est","s":"25N-H58NV20S-80-S"},{"r":"146","t":"25:09:04","h":"Est","s":"25S-H58S000S-80-S"},{"r":"146","t":"25:17:48","h":"Est","s":"25N-H58N000A-80-A"},{"r":"146","t":"25:17:48","h":"Est","s":"25N-H58N000I-80-I"},{"r":"146","t":"25:17:48","h":"Est","s":"25N-H58N100F-80-F1"},{"r":"146","t":"25:17:48","h":"Est","s":"25N-H58N200F-80-F2"},{"r":"146","t":"25:17:48","h":"Est","s":"25N-H58N300F-80-F3"},{"r":"146","t":"25:17:48","h":"Est","s":"25N-H58N400F-80-F4"},{"r":"146","t":"25:17:48","h":"Est","s":"25N-H58NV10A-80-A"},{"r":"146","t":"25:17:48","h":"Est","s":"25N-H58NV10I-80-I"},{"r":"146","t":"25:17:48","h":"Est","s":"25N-H58NV20A-80-A"},{"r":"146","t":"25:17:48","h":"Est","s":"25N-H58NV20I-80-I"},{"r":"146","t":"25:17:48","h":"Est","s":"25S-H58S000A-80-A"},{"r":"146","t":"25:17:48","h":"Est","s":"25S-H58S000I-80-I"},{"r":"146","t":"25:17:48","h":"Est","s":"25S-H58S100F-80-F1"},{"r":"146","t":"25:17:48","h":"Est","s":"25S-H58S200F-80-F2"},{"r":"146","t":"25:47:48","h":"Est","s":"25N-H58N000A-80-A"},{"r":"146","t":"25:47:48","h":"Est","s":"25N-H58NV10A-80-A"},{"r":"146","t":"25:47:48","h":"Est","s":"25N-H58NV20A-80-A"},{"r":"146","t":"25:47:48","h":"Est","s":"25S-H58S000A-80-A"}]