[{"r":"440","t":"05:43:55","h":"Est via Industriel","s":"25N-H58N000S-80-S"},{"r":"440","t":"05:43:55","h":"Est via Industriel","s":"25N-H58NV10S-80-S"},{"r":"440","t":"05:43:55","h":"Est via Industriel","s":"25N-H58NV20S-80-S"},{"r":"440","t":"05:43:55","h":"Est via Industriel","s":"25S-H58S000S-80-S"},{"r":"440","t":"06:16:55","h":"Est via Industriel","s":"25N-H58N000S-80-S"},{"r":"440","t":"06:16:55","h":"Est via Industriel","s":"25N-H58NV10S-80-S"},{"r":"440","t":"06:16:55","h":"Est via Industriel","s":"25N-H58NV20S-80-S"},{"r":"440","t":"06:16:55","h":"Est via Industriel","s":"25S-H58S000S-80-S"},{"r":"440","t":"06:44:55","h":"Est via Industriel","s":"25N-H58N000S-80-S"},{"r":"440","t":"06:44:55","h":"Est via Industriel","s":"25N-H58NV10S-80-S"},{"r":"440","t":"06:44:55","h":"Est via Industriel","s":"25N-H58NV20S-80-S"},{"r":"440","t":"06:44:55","h":"Est via Industriel","s":"25S-H58S000S-80-S"},{"r":"440","t":"07:18:14","h":"Est via Industriel","s":"25N-H58N000S-80-S"},{"r":"440","t":"07:18:14","h":"Est via Industriel","s":"25N-H58NV10S-80-S"},{"r":"440","t":"07:18:14","h":"Est via Industriel","s":"25N-H58NV20S-80-S"},{"r":"440","t":"07:18:14","h":"Est via Industriel","s":"25S-H58S000S-80-S"},{"r":"440","t":"07:51:14","h":"Est via Industriel","s":"25N-H58N000S-80-S"},{"r":"440","t":"07:51:14","h":"Est via Industriel","s":"25N-H58NV10S-80-S"},{"r":"440","t":"07:51:14","h":"Est via Industriel","s":"25N-H58NV20S-80-S"},{"r":"440","t":"07:51:14","h":"Est via Industriel","s":"25S-H58S000S-80-S"},{"r":"440","t":"08:22:14","h":"Est via Industriel","s":"25N-H58N000S-80-S"},{"r":"440","t":"08:22:14","h":"Est via Industriel","s":"25N-H58NV10S-80-S"},{"r":"440","t":"08:22:14","h":"Est via Industriel","s":"25N-H58NV20S-80-S"},{"r":"440","t":"08:22:14","h":"Est via Industriel","s":"25S-H58S000S-80-S"},{"r":"440","t":"08:53:14","h":"Est via Industriel","s":"25N-H58N000S-80-S"},{"r":"440","t":"08:53:14","h":"Est via Industriel","s":"25N-H58NV10S-80-S"},{"r":"440","t":"08:53:14","h":"Est via Industriel","s":"25N-H58NV20S-80-S"},{"r":"440","t":"08:53:14","h":"Est via Industriel","s":"25S-H58S000S-80-S"},{"r":"440","t":"09:24:14","h":"Est via Industriel","s":"25N-H60N000S-80-S"},{"r":"440","t":"09:24:14","h":"Est via Industriel","s":"25N-H60N000S-98-S"},{"r":"440","t":"09:24:14","h":"Est via Industriel","s":"25N-H60NV10S-98-S"},{"r":"440","t":"09:24:14","h":"Est via Industriel","s":"25N-H60NV20S-98-S"},{"r":"440","t":"09:24:14","h":"Est via Industriel","s":"25S-H60S000S-80-S"},{"r":"440","t":"15:02:19","h":"Est via Fleury / Charleroi","s":"25N-H58N000S-80-S"},{"r":"440","t":"15:02:19","h":"Est via Fleury / Charleroi","s":"25N-H58NV10S-80-S"},{"r":"440","t":"15:02:19","h":"Est via Fleury / Charleroi","s":"25N-H58NV20S-80-S"},{"r":"440","t":"15:02:19","h":"Est via Fleury / Charleroi","s":"25S-H58S000S-80-S"},{"r":"440","t":"15:35:37","h":"Est via Fleury / Charleroi","s":"25N-H58N000S-80-S"},{"r":"440","t":"15:35:37","h":"Est via Fleury / Charleroi","s":"25N-H58NV10S-80-S"},{"r":"440","t":"15:35:37","h":"Est via Fleury / Charleroi","s":"25N-H58NV20S-80-S"},{"r":"440","t":"15:35:37","h":"Est via Fleury / Charleroi","s":"25S-H58S000S-80-S"},{"r":"440","t":"16:08:37","h":"Est via Fleury / Charleroi","s":"25N-H58N000S-80-S"},{"r":"440","t":"16:08:37","h":"Est via Fleury / Charleroi","s":"25N-H58NV10S-80-S"},{"r":"440","t":"16:08:37","h":"Est via Fleury / Charleroi","s":"25N-H58NV20S-80-S"},{"r":"440","t":"16:08:37","h":"Est via Fleury / Charleroi","s":"25S-H58S000S-80-S"},{"r":"440","t":"16:40:28","h":"Est via Fleury / Charleroi","s":"25N-H58N000S-80-S"},{"r":"440","t":"16:40:28","h":"Est via Fleury / Charleroi","s":"25N-H58NV10S-80-S"},{"r":"440","t":"16:40:28","h":"Est via Fleury / Charleroi","s":"25N-H58NV20S-80-S"},{"r":"440","t":"16:40:28","h":"Est via Fleury / Charleroi","s":"25S-H58S000S-80-S"},{"r":"440","t":"17:13:28","h":"Est via Fleury / Charleroi","s":"25N-H58N000S-80-S"},{"r":"440","t":"17:13:28","h":"Est via Fleury / Charleroi","s":"25N-H58NV10S-80-S"},{"r":"440","t":"17:13:28","h":"Est via Fleury / Charleroi","s":"25N-H58NV20S-80-S"},{"r":"440","t":"17:13:28","h":"Est via Fleury / Charleroi","s":"25S-H58S000S-80-S"},{"r":"440","t":"17:42:28","h":"Est via Fleury / Charleroi","s":"25N-H54N000S-80-S"},{"r":"440","t":"17:42:28","h":"Est via Fleury / Charleroi","s":"25N-H54NV10S-82-S"},{"r":"440","t":"17:42:28","h":"Est via Fleury / Charleroi","s":"25N-H54NV20S-80-S"},{"r":"440","t":"17:42:28","h":"Est via Fleury / Charleroi","s":"25S-H54S000S-82-S"},{"r":"440","t":"18:12:19","h":"Est via Fleury / Charleroi","s":"25N-H58N000S-80-S"},{"r":"440","t":"18:12:19","h":"Est via Fleury / Charleroi","s":"25N-H58NV10S-80-S"},{"r":"440","t":"18:12:19","h":"Est via Fleury / Charleroi","s":"25N-H58NV20S-80-S"},{"r":"440","t":"18:12:19","h":"Est via Fleury / Charleroi","s":"25S-H58S000S-80-S"},{"r":"440","t":"18:45:10","h":"Est via Fleury / Charleroi","s":"25N-H58N000S-80-S"},{"r":"440","t":"18:45:10","h":"Est via Fleury / Charleroi","s":"25N-H58NV10S-80-S"},{"r":"440","t":"18:45:10","h":"Est via Fleury / Charleroi","s":"25N-H58NV20S-80-S"},{"r":"440","t":"18:45:10","h":"Est via Fleury / Charleroi","s":"25S-H58S000S-80-S"},{"r":"440","t":"19:17:10","h":"Est via Fleury / Charleroi","s":"25N-H58N000S-80-S"},{"r":"440","t":"19:17:10","h":"Est via Fleury / Charleroi","s":"25N-H58NV10S-80-S"},{"r":"440","t":"19:17:10","h":"Est via Fleury / Charleroi","s":"25N-H58NV20S-80-S"},{"r":"440","t":"19:17:10","h":"Est via Fleury / Charleroi","s":"25S-H58S000S-80-S"}]