[{"r":"54","t":"05:28:40","h":"Ouest","s":"25N-H55N000S-80-S"},{"r":"54","t":"05:28:40","h":"Ouest","s":"25N-H55N000S-82-S"},{"r":"54","t":"05:28:40","h":"Ouest","s":"25N-H55NV10S-85-S"},{"r":"54","t":"05:28:40","h":"Ouest","s":"25N-H55NV20S-81-S"},{"r":"54","t":"05:28:40","h":"Ouest","s":"25N-H58N200F-80-F2"},{"r":"54","t":"05:28:40","h":"Ouest","s":"25N-H58N400F-80-F4"},{"r":"54","t":"05:28:40","h":"Ouest","s":"25S-H55S000S-82-S"},{"r":"54","t":"05:28:40","h":"Ouest","s":"25S-H58S100F-80-F1"},{"r":"54","t":"05:28:40","h":"Ouest","s":"25S-H58S200F-80-F2"},{"r":"54","t":"05:51:40","h":"Ouest","s":"25N-H58N000S-80-S"},{"r":"54","t":"05:51:40","h":"Ouest","s":"25N-H58NV10S-80-S"},{"r":"54","t":"05:51:40","h":"Ouest","s":"25N-H58NV20S-80-S"},{"r":"54","t":"05:51:40","h":"Ouest","s":"25S-H58S000S-80-S"},{"r":"54","t":"05:58:48","h":"Ouest","s":"25N-H58N200F-80-F2"},{"r":"54","t":"05:58:48","h":"Ouest","s":"25N-H58N400F-80-F4"},{"r":"54","t":"05:58:48","h":"Ouest","s":"25S-H58S100F-80-F1"},{"r":"54","t":"05:58:48","h":"Ouest","s":"25S-H58S200F-80-F2"},{"r":"54","t":"06:05:48","h":"Ouest","s":"25N-H58N000S-80-S"},{"r":"54","t":"06:05:48","h":"Ouest","s":"25N-H58NV10S-80-S"},{"r":"54","t":"06:05:48","h":"Ouest","s":"25N-H58NV20S-80-S"},{"r":"54","t":"06:05:48","h":"Ouest","s":"25S-H58S000S-80-S"},{"r":"54","t":"06:27:48","h":"Ouest","s":"25N-H58N000S-80-S"},{"r":"54","t":"06:27:48","h":"Ouest","s":"25N-H58NV10S-80-S"},{"r":"54","t":"06:27:48","h":"Ouest","s":"25N-H58NV20S-80-S"},{"r":"54","t":"06:27:48","h":"Ouest","s":"25S-H58S000S-80-S"},{"r":"54","t":"06:28:48","h":"Ouest","s":"25N-H58N200F-80-F2"},{"r":"54","t":"06:28:48","h":"Ouest","s":"25N-H58N400F-80-F4"},{"r":"54","t":"06:28:48","h":"Ouest","s":"25S-H58S100F-80-F1"},{"r":"54","t":"06:28:48","h":"Ouest","s":"25S-H58S200F-80-F2"},{"r":"54","t":"06:47:48","h":"Ouest","s":"25N-H58N000S-80-S"},{"r":"54","t":"06:47:48","h":"Ouest","s":"25N-H58NV10S-80-S"},{"r":"54","t":"06:47:48","h":"Ouest","s":"25N-H58NV20S-80-S"},{"r":"54","t":"06:47:48","h":"Ouest","s":"25S-H58S000S-80-S"},{"r":"54","t":"06:58:48","h":"Ouest","s":"25N-H58N200F-80-F2"},{"r":"54","t":"06:58:48","h":"Ouest","s":"25N-H58N400F-80-F4"},{"r":"54","t":"06:58:48","h":"Ouest","s":"25S-H58S100F-80-F1"},{"r":"54","t":"06:58:48","h":"Ouest","s":"25S-H58S200F-80-F2"},{"r":"54","t":"07:04:48","h":"Ouest","s":"25N-H55N000S-80-S"},{"r":"54","t":"07:04:48","h":"Ouest","s":"25N-H55N000S-82-S"},{"r":"54","t":"07:04:48","h":"Ouest","s":"25N-H55NV10S-85-S"},{"r":"54","t":"07:04:48","h":"Ouest","s":"25N-H55NV20S-81-S"},{"r":"54","t":"07:04:48","h":"Ouest","s":"25S-H55S000S-82-S"},{"r":"54","t":"07:16:56","h":"Ouest","s":"25N-H58N000S-80-S"},{"r":"54","t":"07:16:56","h":"Ouest","s":"25N-H58NV10S-80-S"},{"r":"54","t":"07:16:56","h":"Ouest","s":"25N-H58NV20S-80-S"},{"r":"54","t":"07:16:56","h":"Ouest","s":"25S-H58S000S-80-S"},{"r":"54","t":"07:27:56","h":"Ouest","s":"25N-H58N000S-80-S"},{"r":"54","t":"07:27:56","h":"Ouest","s":"25N-H58NV10S-80-S"},{"r":"54","t":"07:27:56","h":"Ouest","s":"25N-H58NV20S-80-S"},{"r":"54","t":"07:27:56","h":"Ouest","s":"25S-H58S000S-80-S"},{"r":"54","t":"07:29:56","h":"Ouest","s":"25N-H58N200F-80-F2"},{"r":"54","t":"07:29:56","h":"Ouest","s":"25N-H58N400F-80-F4"},{"r":"54","t":"07:29:56","h":"Ouest","s":"25S-H58S100F-80-F1"},{"r":"54","t":"07:29:56","h":"Ouest","s":"25S-H58S200F-80-F2"},{"r":"54","t":"07:39:56","h":"Ouest","s":"25N-H58N000S-80-S"},{"r":"54","t":"07:39:56","h":"Ouest","s":"25N-H58NV10S-80-S"},{"r":"54","t":"07:39:56","h":"Ouest","s":"25N-H58NV20S-80-S"},{"r":"54","t":"07:39:56","h":"Ouest","s":"25S-H58S000S-80-S"},{"r":"54","t":"07:50:56","h":"Ouest","s":"25N-H58N000S-80-S"},{"r":"54","t":"07:50:56","h":"Ouest","s":"25N-H58NV10S-80-S"},{"r":"54","t":"07:50:56","h":"Ouest","s":"25N-H58NV20S-80-S"},{"r":"54","t":"07:50:56","h":"Ouest","s":"25S-H58S000S-80-S"},{"r":"54","t":"07:59:56","h":"Ouest","s":"25N-H58N200F-80-F2"},{"r":"54","t":"07:59:56","h":"Ouest","s":"25N-H58N400F-80-F4"},{"r":"54","t":"07:59:56","h":"Ouest","s":"25S-H58S100F-80-F1"},{"r":"54","t":"07:59:56","h":"Ouest","s":"25S-H58S200F-80-F2"},{"r":"54","t":"08:03:56","h":"Ouest","s":"25N-H58N000S-80-S"},{"r":"54","t":"08:03:56","h":"Ouest","s":"25N-H58NV10S-80-S"},{"r":"54","t":"08:03:56","h":"Ouest","s":"25N-H58NV20S-80-S"},{"r":"54","t":"08:03:56","h":"Ouest","s":"25S-H58S000S-80-S"},{"r":"54","t":"08:14:48","h":"Ouest","s":"25N-H58N000S-80-S"},{"r":"54","t":"08:14:48","h":"Ouest","s":"25N-H58NV10S-80-S"},{"r":"54","t":"08:14:48","h":"Ouest","s":"25N-H58NV20S-80-S"},{"r":"54","t":"08:14:48","h":"Ouest","s":"25S-H58S000S-80-S"},{"r":"54","t":"08:27:48","h":"Ouest","s":"25N-H58N200F-80-F2"},{"r":"54","t":"08:27:48","h":"Ouest","s":"25N-H58N400F-80-F4"},{"r":"54","t":"08:27:48","h":"Ouest","s":"25S-H58S100F-80-F1"},{"r":"54","t":"08:27:48","h":"Ouest","s":"25S-H58S200F-80-F2"},{"r":"54","t":"08:32:48","h":"Ouest","s":"25N-H58N000S-80-S"},{"r":"54","t":"08:32:48","h":"Ouest","s":"25N-H58NV10S-80-S"},{"r":"54","t":"08:32:48","h":"Ouest","s":"25N-H58NV20S-80-S"},{"r":"54","t":"08:32:48","h":"Ouest","s":"25S-H58S000S-80-S"},{"r":"54","t":"08:52:48","h":"Ouest","s":"25N-H58N000S-80-S"},{"r":"54","t":"08:52:48","h":"Ouest","s":"25N-H58N200F-80-F2"},{"r":"54","t":"08:52:48","h":"Ouest","s":"25N-H58N400F-80-F4"},{"r":"54","t":"08:52:48","h":"Ouest","s":"25N-H58NV10S-80-S"},{"r":"54","t":"08:52:48","h":"Ouest","s":"25N-H58NV20S-80-S"},{"r":"54","t":"08:52:48","h":"Ouest","s":"25S-H58S000S-80-S"},{"r":"54","t":"08:52:48","h":"Ouest","s":"25S-H58S100F-80-F1"},{"r":"54","t":"08:52:48","h":"Ouest","s":"25S-H58S200F-80-F2"},{"r":"54","t":"09:14:48","h":"Ouest","s":"25N-H58N000S-80-S"},{"r":"54","t":"09:14:48","h":"Ouest","s":"25N-H58N200F-80-F2"},{"r":"54","t":"09:14:48","h":"Ouest","s":"25N-H58N400F-80-F4"},{"r":"54","t":"09:14:48","h":"Ouest","s":"25N-H58NV10S-80-S"},{"r":"54","t":"09:14:48","h":"Ouest","s":"25N-H58NV20S-80-S"},{"r":"54","t":"09:14:48","h":"Ouest","s":"25S-H58S000S-80-S"},{"r":"54","t":"09:14:48","h":"Ouest","s":"25S-H58S100F-80-F1"},{"r":"54","t":"09:14:48","h":"Ouest","s":"25S-H58S200F-80-F2"},{"r":"54","t":"09:45:48","h":"Ouest","s":"25N-H58N000S-80-S"},{"r":"54","t":"09:45:48","h":"Ouest","s":"25N-H58N200F-80-F2"},{"r":"54","t":"09:45:48","h":"Ouest","s":"25N-H58N400F-80-F4"},{"r":"54","t":"09:45:48","h":"Ouest","s":"25N-H58NV10S-80-S"},{"r":"54","t":"09:45:48","h":"Ouest","s":"25N-H58NV20S-80-S"},{"r":"54","t":"09:45:48","h":"Ouest","s":"25S-H58S000S-80-S"},{"r":"54","t":"09:45:48","h":"Ouest","s":"25S-H58S100F-80-F1"},{"r":"54","t":"09:45:48","h":"Ouest","s":"25S-H58S200F-80-F2"},{"r":"54","t":"10:15:48","h":"Ouest","s":"25N-H58N200F-80-F2"},{"r":"54","t":"10:15:48","h":"Ouest","s":"25N-H58N400F-80-F4"},{"r":"54","t":"10:15:48","h":"Ouest","s":"25S-H58S100F-80-F1"},{"r":"54","t":"10:15:48","h":"Ouest","s":"25S-H58S200F-80-F2"},{"r":"54","t":"10:17:48","h":"Ouest","s":"25N-H58N000S-80-S"},{"r":"54","t":"10:17:48","h":"Ouest","s":"25N-H58NV10S-80-S"},{"r":"54","t":"10:17:48","h":"Ouest","s":"25N-H58NV20S-80-S"},{"r":"54","t":"10:17:48","h":"Ouest","s":"25S-H58S000S-80-S"},{"r":"54","t":"10:44:48","h":"Ouest","s":"25N-H55N000S-80-S"},{"r":"54","t":"10:44:48","h":"Ouest","s":"25N-H55N000S-82-S"},{"r":"54","t":"10:44:48","h":"Ouest","s":"25N-H55NV10S-85-S"},{"r":"54","t":"10:44:48","h":"Ouest","s":"25N-H55NV20S-81-S"},{"r":"54","t":"10:44:48","h":"Ouest","s":"25N-H58N200F-80-F2"},{"r":"54","t":"10:44:48","h":"Ouest","s":"25N-H58N400F-80-F4"},{"r":"54","t":"10:44:48","h":"Ouest","s":"25S-H55S000S-82-S"},{"r":"54","t":"10:44:48","h":"Ouest","s":"25S-H58S100F-80-F1"},{"r":"54","t":"10:44:48","h":"Ouest","s":"25S-H58S200F-80-F2"},{"r":"54","t":"11:09:48","h":"Ouest","s":"25N-H58N000S-80-S"},{"r":"54","t":"11:09:48","h":"Ouest","s":"25N-H58N200F-80-F2"},{"r":"54","t":"11:09:48","h":"Ouest","s":"25N-H58N400F-80-F4"},{"r":"54","t":"11:09:48","h":"Ouest","s":"25N-H58NV10S-80-S"},{"r":"54","t":"11:09:48","h":"Ouest","s":"25N-H58NV20S-80-S"},{"r":"54","t":"11:09:48","h":"Ouest","s":"25S-H58S000S-80-S"},{"r":"54","t":"11:09:48","h":"Ouest","s":"25S-H58S100F-80-F1"},{"r":"54","t":"11:09:48","h":"Ouest","s":"25S-H58S200F-80-F2"},{"r":"54","t":"11:31:48","h":"Ouest","s":"25N-H58N000S-80-S"},{"r":"54","t":"11:31:48","h":"Ouest","s":"25N-H58NV10S-80-S"},{"r":"54","t":"11:31:48","h":"Ouest","s":"25N-H58NV20S-80-S"},{"r":"54","t":"11:31:48","h":"Ouest","s":"25S-H58S000S-80-S"},{"r":"54","t":"11:34:48","h":"Ouest","s":"25N-H58N200F-80-F2"},{"r":"54","t":"11:34:48","h":"Ouest","s":"25N-H58N400F-80-F4"},{"r":"54","t":"11:34:48","h":"Ouest","s":"25S-H58S100F-80-F1"},{"r":"54","t":"11:34:48","h":"Ouest","s":"25S-H58S200F-80-F2"},{"r":"54","t":"12:01:48","h":"Ouest","s":"25N-H58N000S-80-S"},{"r":"54","t":"12:01:48","h":"Ouest","s":"25N-H58NV10S-80-S"},{"r":"54","t":"12:01:48","h":"Ouest","s":"25N-H58NV20S-80-S"},{"r":"54","t":"12:01:48","h":"Ouest","s":"25S-H58S000S-80-S"},{"r":"54","t":"12:04:48","h":"Ouest","s":"25N-H58N200F-80-F2"},{"r":"54","t":"12:04:48","h":"Ouest","s":"25N-H58N400F-80-F4"},{"r":"54","t":"12:04:48","h":"Ouest","s":"25S-H58S100F-80-F1"},{"r":"54","t":"12:04:48","h":"Ouest","s":"25S-H58S200F-80-F2"},{"r":"54","t":"12:31:48","h":"Ouest","s":"25N-H58N000S-80-S"},{"r":"54","t":"12:31:48","h":"Ouest","s":"25N-H58NV10S-80-S"},{"r":"54","t":"12:31:48","h":"Ouest","s":"25N-H58NV20S-80-S"},{"r":"54","t":"12:31:48","h":"Ouest","s":"25S-H58S000S-80-S"},{"r":"54","t":"12:33:48","h":"Ouest","s":"25N-H58N200F-80-F2"},{"r":"54","t":"12:33:48","h":"Ouest","s":"25N-H58N400F-80-F4"},{"r":"54","t":"12:33:48","h":"Ouest","s":"25S-H58S100F-80-F1"},{"r":"54","t":"12:33:48","h":"Ouest","s":"25S-H58S200F-80-F2"},{"r":"54","t":"12:57:48","h":"Ouest","s":"25N-H58N000S-80-S"},{"r":"54","t":"12:57:48","h":"Ouest","s":"25N-H58NV10S-80-S"},{"r":"54","t":"12:57:48","h":"Ouest","s":"25N-H58NV20S-80-S"},{"r":"54","t":"12:57:48","h":"Ouest","s":"25S-H58S000S-80-S"},{"r":"54","t":"12:59:48","h":"Ouest","s":"25N-H58N200F-80-F2"},{"r":"54","t":"12:59:48","h":"Ouest","s":"25N-H58N400F-80-F4"},{"r":"54","t":"12:59:48","h":"Ouest","s":"25S-H58S100F-80-F1"},{"r":"54","t":"12:59:48","h":"Ouest","s":"25S-H58S200F-80-F2"},{"r":"54","t":"13:23:48","h":"Ouest","s":"25N-H58N000S-80-S"},{"r":"54","t":"13:23:48","h":"Ouest","s":"25N-H58NV10S-80-S"},{"r":"54","t":"13:23:48","h":"Ouest","s":"25N-H58NV20S-80-S"},{"r":"54","t":"13:23:48","h":"Ouest","s":"25S-H58S000S-80-S"},{"r":"54","t":"13:25:48","h":"Ouest","s":"25N-H58N200F-80-F2"},{"r":"54","t":"13:25:48","h":"Ouest","s":"25N-H58N400F-80-F4"},{"r":"54","t":"13:25:48","h":"Ouest","s":"25S-H58S100F-80-F1"},{"r":"54","t":"13:25:48","h":"Ouest","s":"25S-H58S200F-80-F2"},{"r":"54","t":"13:49:48","h":"Ouest","s":"25N-H58N000S-80-S"},{"r":"54","t":"13:49:48","h":"Ouest","s":"25N-H58NV10S-80-S"},{"r":"54","t":"13:49:48","h":"Ouest","s":"25N-H58NV20S-80-S"},{"r":"54","t":"13:49:48","h":"Ouest","s":"25S-H58S000S-80-S"},{"r":"54","t":"13:56:48","h":"Ouest","s":"25N-H58N200F-80-F2"},{"r":"54","t":"13:56:48","h":"Ouest","s":"25N-H58N400F-80-F4"},{"r":"54","t":"13:56:48","h":"Ouest","s":"25S-H58S100F-80-F1"},{"r":"54","t":"13:56:48","h":"Ouest","s":"25S-H58S200F-80-F2"},{"r":"54","t":"14:15:48","h":"Ouest","s":"25N-H58N000S-80-S"},{"r":"54","t":"14:15:48","h":"Ouest","s":"25N-H58NV10S-80-S"},{"r":"54","t":"14:15:48","h":"Ouest","s":"25N-H58NV20S-80-S"},{"r":"54","t":"14:15:48","h":"Ouest","s":"25S-H58S000S-80-S"},{"r":"54","t":"14:27:48","h":"Ouest","s":"25N-H58N200F-80-F2"},{"r":"54","t":"14:27:48","h":"Ouest","s":"25N-H58N400F-80-F4"},{"r":"54","t":"14:27:48","h":"Ouest","s":"25S-H58S100F-80-F1"},{"r":"54","t":"14:27:48","h":"Ouest","s":"25S-H58S200F-80-F2"},{"r":"54","t":"14:41:48","h":"Ouest","s":"25N-H58N000S-80-S"},{"r":"54","t":"14:41:48","h":"Ouest","s":"25N-H58NV10S-80-S"},{"r":"54","t":"14:41:48","h":"Ouest","s":"25N-H58NV20S-80-S"},{"r":"54","t":"14:41:48","h":"Ouest","s":"25S-H58S000S-80-S"},{"r":"54","t":"14:58:48","h":"Ouest","s":"25N-H58N200F-80-F2"},{"r":"54","t":"14:58:48","h":"Ouest","s":"25N-H58N400F-80-F4"},{"r":"54","t":"14:58:48","h":"Ouest","s":"25S-H58S100F-80-F1"},{"r":"54","t":"14:58:48","h":"Ouest","s":"25S-H58S200F-80-F2"},{"r":"54","t":"15:09:48","h":"Ouest","s":"25N-H58N000S-80-S"},{"r":"54","t":"15:09:48","h":"Ouest","s":"25N-H58NV10S-80-S"},{"r":"54","t":"15:09:48","h":"Ouest","s":"25N-H58NV20S-80-S"},{"r":"54","t":"15:09:48","h":"Ouest","s":"25S-H58S000S-80-S"},{"r":"54","t":"15:29:48","h":"Ouest","s":"25N-H58N200F-80-F2"},{"r":"54","t":"15:29:48","h":"Ouest","s":"25N-H58N400F-80-F4"},{"r":"54","t":"15:29:48","h":"Ouest","s":"25S-H58S100F-80-F1"},{"r":"54","t":"15:29:48","h":"Ouest","s":"25S-H58S200F-80-F2"},{"r":"54","t":"15:38:48","h":"Ouest","s":"25N-H58N000S-80-S"},{"r":"54","t":"15:38:48","h":"Ouest","s":"25N-H58NV10S-80-S"},{"r":"54","t":"15:38:48","h":"Ouest","s":"25N-H58NV20S-80-S"},{"r":"54","t":"15:38:48","h":"Ouest","s":"25S-H58S000S-80-S"},{"r":"54","t":"15:54:48","h":"Ouest","s":"25N-H58N000S-80-S"},{"r":"54","t":"15:54:48","h":"Ouest","s":"25N-H58NV10S-80-S"},{"r":"54","t":"15:54:48","h":"Ouest","s":"25N-H58NV20S-80-S"},{"r":"54","t":"15:54:48","h":"Ouest","s":"25S-H58S000S-80-S"},{"r":"54","t":"16:00:48","h":"Ouest","s":"25N-H58N200F-80-F2"},{"r":"54","t":"16:00:48","h":"Ouest","s":"25N-H58N400F-80-F4"},{"r":"54","t":"16:00:48","h":"Ouest","s":"25S-H58S100F-80-F1"},{"r":"54","t":"16:00:48","h":"Ouest","s":"25S-H58S200F-80-F2"},{"r":"54","t":"16:13:48","h":"Ouest","s":"25N-H58N000S-80-S"},{"r":"54","t":"16:13:48","h":"Ouest","s":"25N-H58NV10S-80-S"},{"r":"54","t":"16:13:48","h":"Ouest","s":"25N-H58NV20S-80-S"},{"r":"54","t":"16:13:48","h":"Ouest","s":"25S-H58S000S-80-S"},{"r":"54","t":"16:31:48","h":"Ouest","s":"25N-H58N200F-80-F2"},{"r":"54","t":"16:31:48","h":"Ouest","s":"25N-H58N400F-80-F4"},{"r":"54","t":"16:31:48","h":"Ouest","s":"25S-H58S100F-80-F1"},{"r":"54","t":"16:31:48","h":"Ouest","s":"25S-H58S200F-80-F2"},{"r":"54","t":"16:38:48","h":"Ouest","s":"25N-H58N000S-80-S"},{"r":"54","t":"16:38:48","h":"Ouest","s":"25N-H58NV10S-80-S"},{"r":"54","t":"16:38:48","h":"Ouest","s":"25N-H58NV20S-80-S"},{"r":"54","t":"16:38:48","h":"Ouest","s":"25S-H58S000S-80-S"},{"r":"54","t":"17:04:48","h":"Ouest","s":"25N-H58N200F-80-F2"},{"r":"54","t":"17:04:48","h":"Ouest","s":"25N-H58N400F-80-F4"},{"r":"54","t":"17:04:48","h":"Ouest","s":"25S-H58S100F-80-F1"},{"r":"54","t":"17:04:48","h":"Ouest","s":"25S-H58S200F-80-F2"},{"r":"54","t":"17:05:48","h":"Ouest","s":"25N-H58N000S-80-S"},{"r":"54","t":"17:05:48","h":"Ouest","s":"25N-H58NV10S-80-S"},{"r":"54","t":"17:05:48","h":"Ouest","s":"25N-H58NV20S-80-S"},{"r":"54","t":"17:05:48","h":"Ouest","s":"25S-H58S000S-80-S"},{"r":"54","t":"17:37:48","h":"Ouest","s":"25N-H58N200F-80-F2"},{"r":"54","t":"17:37:48","h":"Ouest","s":"25N-H58N400F-80-F4"},{"r":"54","t":"17:37:48","h":"Ouest","s":"25S-H58S100F-80-F1"},{"r":"54","t":"17:37:48","h":"Ouest","s":"25S-H58S200F-80-F2"},{"r":"54","t":"17:38:48","h":"Ouest","s":"25N-H58N000S-80-S"},{"r":"54","t":"17:38:48","h":"Ouest","s":"25N-H58NV10S-80-S"},{"r":"54","t":"17:38:48","h":"Ouest","s":"25N-H58NV20S-80-S"},{"r":"54","t":"17:38:48","h":"Ouest","s":"25S-H58S000S-80-S"},{"r":"54","t":"18:10:40","h":"Ouest","s":"25N-H58N200F-80-F2"},{"r":"54","t":"18:10:40","h":"Ouest","s":"25N-H58N400F-80-F4"},{"r":"54","t":"18:10:40","h":"Ouest","s":"25S-H58S100F-80-F1"},{"r":"54","t":"18:10:40","h":"Ouest","s":"25S-H58S200F-80-F2"},{"r":"54","t":"18:11:40","h":"Ouest","s":"25N-H58N000S-80-S"},{"r":"54","t":"18:11:40","h":"Ouest","s":"25N-H58NV10S-80-S"},{"r":"54","t":"18:11:40","h":"Ouest","s":"25N-H58NV20S-80-S"},{"r":"54","t":"18:11:40","h":"Ouest","s":"25S-H58S000S-80-S"},{"r":"54","t":"18:43:40","h":"Ouest","s":"25N-H58N200F-80-F2"},{"r":"54","t":"18:43:40","h":"Ouest","s":"25N-H58N400F-80-F4"},{"r":"54","t":"18:43:40","h":"Ouest","s":"25S-H58S100F-80-F1"},{"r":"54","t":"18:43:40","h":"Ouest","s":"25S-H58S200F-80-F2"},{"r":"54","t":"18:44:40","h":"Ouest","s":"25N-H58N000S-80-S"},{"r":"54","t":"18:44:40","h":"Ouest","s":"25N-H58NV10S-80-S"},{"r":"54","t":"18:44:40","h":"Ouest","s":"25N-H58NV20S-80-S"},{"r":"54","t":"18:44:40","h":"Ouest","s":"25S-H58S000S-80-S"},{"r":"54","t":"19:17:40","h":"Ouest","s":"25N-H58N000S-80-S"},{"r":"54","t":"19:17:40","h":"Ouest","s":"25N-H58N200F-80-F2"},{"r":"54","t":"19:17:40","h":"Ouest","s":"25N-H58N400F-80-F4"},{"r":"54","t":"19:17:40","h":"Ouest","s":"25N-H58NV10S-80-S"},{"r":"54","t":"19:17:40","h":"Ouest","s":"25N-H58NV20S-80-S"},{"r":"54","t":"19:17:40","h":"Ouest","s":"25S-H58S000S-80-S"},{"r":"54","t":"19:17:40","h":"Ouest","s":"25S-H58S100F-80-F1"},{"r":"54","t":"19:17:40","h":"Ouest","s":"25S-H58S200F-80-F2"}]