[{"r":"92","t":"05:19:00","h":"Ouest","s":"25N-H55N000S-80-S"},{"r":"92","t":"05:19:00","h":"Ouest","s":"25N-H55N000S-82-S"},{"r":"92","t":"05:19:00","h":"Ouest","s":"25N-H55NV10S-85-S"},{"r":"92","t":"05:19:00","h":"Ouest","s":"25N-H55NV20S-81-S"},{"r":"92","t":"05:19:00","h":"Ouest","s":"25S-H55S000S-82-S"},{"r":"92","t":"05:24:00","h":"Ouest","s":"25N-H55N000I-80-I"},{"r":"92","t":"05:24:00","h":"Ouest","s":"25N-H55N100F-80-F1"},{"r":"92","t":"05:24:00","h":"Ouest","s":"25N-H55N200F-80-F2"},{"r":"92","t":"05:24:00","h":"Ouest","s":"25N-H55N300F-80-F3"},{"r":"92","t":"05:24:00","h":"Ouest","s":"25N-H55N400F-80-F4"},{"r":"92","t":"05:24:00","h":"Ouest","s":"25N-H55NV10I-80-I"},{"r":"92","t":"05:24:00","h":"Ouest","s":"25N-H55NV20I-80-I"},{"r":"92","t":"05:24:00","h":"Ouest","s":"25S-H55S000I-80-I"},{"r":"92","t":"05:24:00","h":"Ouest","s":"25S-H55S100F-80-F1"},{"r":"92","t":"05:24:00","h":"Ouest","s":"25S-H55S200F-80-F2"},{"r":"92","t":"05:50:00","h":"Ouest","s":"25N-H55N000S-80-S"},{"r":"92","t":"05:50:00","h":"Ouest","s":"25N-H55N000S-82-S"},{"r":"92","t":"05:50:00","h":"Ouest","s":"25N-H55NV10S-85-S"},{"r":"92","t":"05:50:00","h":"Ouest","s":"25N-H55NV20S-81-S"},{"r":"92","t":"05:50:00","h":"Ouest","s":"25S-H55S000S-82-S"},{"r":"92","t":"05:57:00","h":"Ouest","s":"25N-H55N000I-80-I"},{"r":"92","t":"05:57:00","h":"Ouest","s":"25N-H55N100F-80-F1"},{"r":"92","t":"05:57:00","h":"Ouest","s":"25N-H55N200F-80-F2"},{"r":"92","t":"05:57:00","h":"Ouest","s":"25N-H55N300F-80-F3"},{"r":"92","t":"05:57:00","h":"Ouest","s":"25N-H55N400F-80-F4"},{"r":"92","t":"05:57:00","h":"Ouest","s":"25N-H55NV10I-80-I"},{"r":"92","t":"05:57:00","h":"Ouest","s":"25N-H55NV20I-80-I"},{"r":"92","t":"05:57:00","h":"Ouest","s":"25S-H55S000I-80-I"},{"r":"92","t":"05:57:00","h":"Ouest","s":"25S-H55S100F-80-F1"},{"r":"92","t":"05:57:00","h":"Ouest","s":"25S-H55S200F-80-F2"},{"r":"92","t":"05:58:00","h":"Ouest","s":"25N-H55N000A-80-A"},{"r":"92","t":"05:58:00","h":"Ouest","s":"25N-H55NV10A-80-A"},{"r":"92","t":"05:58:00","h":"Ouest","s":"25N-H55NV20A-80-A"},{"r":"92","t":"05:58:00","h":"Ouest","s":"25S-H55S000A-80-A"},{"r":"92","t":"06:17:00","h":"Ouest","s":"25N-H55N000S-80-S"},{"r":"92","t":"06:17:00","h":"Ouest","s":"25N-H55N000S-82-S"},{"r":"92","t":"06:17:00","h":"Ouest","s":"25N-H55NV10S-85-S"},{"r":"92","t":"06:17:00","h":"Ouest","s":"25N-H55NV20S-81-S"},{"r":"92","t":"06:17:00","h":"Ouest","s":"25S-H55S000S-82-S"},{"r":"92","t":"06:27:00","h":"Ouest","s":"25N-H55N000I-80-I"},{"r":"92","t":"06:27:00","h":"Ouest","s":"25N-H55N100F-80-F1"},{"r":"92","t":"06:27:00","h":"Ouest","s":"25N-H55N200F-80-F2"},{"r":"92","t":"06:27:00","h":"Ouest","s":"25N-H55N300F-80-F3"},{"r":"92","t":"06:27:00","h":"Ouest","s":"25N-H55N400F-80-F4"},{"r":"92","t":"06:27:00","h":"Ouest","s":"25N-H55NV10I-80-I"},{"r":"92","t":"06:27:00","h":"Ouest","s":"25N-H55NV20I-80-I"},{"r":"92","t":"06:27:00","h":"Ouest","s":"25S-H55S000I-80-I"},{"r":"92","t":"06:27:00","h":"Ouest","s":"25S-H55S100F-80-F1"},{"r":"92","t":"06:27:00","h":"Ouest","s":"25S-H55S200F-80-F2"},{"r":"92","t":"06:28:00","h":"Ouest","s":"25N-H55N000A-80-A"},{"r":"92","t":"06:28:00","h":"Ouest","s":"25N-H55NV10A-80-A"},{"r":"92","t":"06:28:00","h":"Ouest","s":"25N-H55NV20A-80-A"},{"r":"92","t":"06:28:00","h":"Ouest","s":"25S-H55S000A-80-A"},{"r":"92","t":"06:37:00","h":"Ouest","s":"25N-H55N000S-80-S"},{"r":"92","t":"06:37:00","h":"Ouest","s":"25N-H55N000S-82-S"},{"r":"92","t":"06:37:00","h":"Ouest","s":"25N-H55NV10S-85-S"},{"r":"92","t":"06:37:00","h":"Ouest","s":"25N-H55NV20S-81-S"},{"r":"92","t":"06:37:00","h":"Ouest","s":"25S-H55S000S-82-S"},{"r":"92","t":"06:57:00","h":"Ouest","s":"25N-H55N000I-80-I"},{"r":"92","t":"06:57:00","h":"Ouest","s":"25N-H55N100F-80-F1"},{"r":"92","t":"06:57:00","h":"Ouest","s":"25N-H55N200F-80-F2"},{"r":"92","t":"06:57:00","h":"Ouest","s":"25N-H55N300F-80-F3"},{"r":"92","t":"06:57:00","h":"Ouest","s":"25N-H55N400F-80-F4"},{"r":"92","t":"06:57:00","h":"Ouest","s":"25N-H55NV10I-80-I"},{"r":"92","t":"06:57:00","h":"Ouest","s":"25N-H55NV20I-80-I"},{"r":"92","t":"06:57:00","h":"Ouest","s":"25S-H55S000I-80-I"},{"r":"92","t":"06:57:00","h":"Ouest","s":"25S-H55S100F-80-F1"},{"r":"92","t":"06:57:00","h":"Ouest","s":"25S-H55S200F-80-F2"},{"r":"92","t":"06:58:00","h":"Ouest","s":"25N-H55N000A-80-A"},{"r":"92","t":"06:58:00","h":"Ouest","s":"25N-H55NV10A-80-A"},{"r":"92","t":"06:58:00","h":"Ouest","s":"25N-H55NV20A-80-A"},{"r":"92","t":"06:58:00","h":"Ouest","s":"25S-H55S000A-80-A"},{"r":"92","t":"06:59:00","h":"Ouest","s":"25N-H55N000S-80-S"},{"r":"92","t":"06:59:00","h":"Ouest","s":"25N-H55N000S-82-S"},{"r":"92","t":"06:59:00","h":"Ouest","s":"25N-H55NV10S-85-S"},{"r":"92","t":"06:59:00","h":"Ouest","s":"25N-H55NV20S-81-S"},{"r":"92","t":"06:59:00","h":"Ouest","s":"25S-H55S000S-82-S"},{"r":"92","t":"07:19:00","h":"Ouest","s":"25N-H55N000S-80-S"},{"r":"92","t":"07:19:00","h":"Ouest","s":"25N-H55N000S-82-S"},{"r":"92","t":"07:19:00","h":"Ouest","s":"25N-H55NV10S-85-S"},{"r":"92","t":"07:19:00","h":"Ouest","s":"25N-H55NV20S-81-S"},{"r":"92","t":"07:19:00","h":"Ouest","s":"25S-H55S000S-82-S"},{"r":"92","t":"07:27:00","h":"Ouest","s":"25N-H55N000I-80-I"},{"r":"92","t":"07:27:00","h":"Ouest","s":"25N-H55N100F-80-F1"},{"r":"92","t":"07:27:00","h":"Ouest","s":"25N-H55N200F-80-F2"},{"r":"92","t":"07:27:00","h":"Ouest","s":"25N-H55N300F-80-F3"},{"r":"92","t":"07:27:00","h":"Ouest","s":"25N-H55N400F-80-F4"},{"r":"92","t":"07:27:00","h":"Ouest","s":"25N-H55NV10I-80-I"},{"r":"92","t":"07:27:00","h":"Ouest","s":"25N-H55NV20I-80-I"},{"r":"92","t":"07:27:00","h":"Ouest","s":"25S-H55S000I-80-I"},{"r":"92","t":"07:27:00","h":"Ouest","s":"25S-H55S100F-80-F1"},{"r":"92","t":"07:27:00","h":"Ouest","s":"25S-H55S200F-80-F2"},{"r":"92","t":"07:28:00","h":"Ouest","s":"25N-H55N000A-80-A"},{"r":"92","t":"07:28:00","h":"Ouest","s":"25N-H55NV10A-80-A"},{"r":"92","t":"07:28:00","h":"Ouest","s":"25N-H55NV20A-80-A"},{"r":"92","t":"07:28:00","h":"Ouest","s":"25S-H55S000A-80-A"},{"r":"92","t":"07:40:00","h":"Ouest","s":"25N-H55N000S-80-S"},{"r":"92","t":"07:40:00","h":"Ouest","s":"25N-H55N000S-82-S"},{"r":"92","t":"07:40:00","h":"Ouest","s":"25N-H55NV10S-85-S"},{"r":"92","t":"07:40:00","h":"Ouest","s":"25N-H55NV20S-81-S"},{"r":"92","t":"07:40:00","h":"Ouest","s":"25S-H55S000S-82-S"},{"r":"92","t":"07:56:00","h":"Ouest","s":"25N-H55N000I-80-I"},{"r":"92","t":"07:56:00","h":"Ouest","s":"25N-H55N100F-80-F1"},{"r":"92","t":"07:56:00","h":"Ouest","s":"25N-H55N200F-80-F2"},{"r":"92","t":"07:56:00","h":"Ouest","s":"25N-H55N300F-80-F3"},{"r":"92","t":"07:56:00","h":"Ouest","s":"25N-H55N400F-80-F4"},{"r":"92","t":"07:56:00","h":"Ouest","s":"25N-H55NV10I-80-I"},{"r":"92","t":"07:56:00","h":"Ouest","s":"25N-H55NV20I-80-I"},{"r":"92","t":"07:56:00","h":"Ouest","s":"25S-H55S000I-80-I"},{"r":"92","t":"07:56:00","h":"Ouest","s":"25S-H55S100F-80-F1"},{"r":"92","t":"07:56:00","h":"Ouest","s":"25S-H55S200F-80-F2"},{"r":"92","t":"07:58:00","h":"Ouest","s":"25N-H55N000A-80-A"},{"r":"92","t":"07:58:00","h":"Ouest","s":"25N-H55NV10A-80-A"},{"r":"92","t":"07:58:00","h":"Ouest","s":"25N-H55NV20A-80-A"},{"r":"92","t":"07:58:00","h":"Ouest","s":"25S-H55S000A-80-A"},{"r":"92","t":"08:01:00","h":"Ouest","s":"25N-H55N000S-80-S"},{"r":"92","t":"08:01:00","h":"Ouest","s":"25N-H55N000S-82-S"},{"r":"92","t":"08:01:00","h":"Ouest","s":"25N-H55NV10S-85-S"},{"r":"92","t":"08:01:00","h":"Ouest","s":"25N-H55NV20S-81-S"},{"r":"92","t":"08:01:00","h":"Ouest","s":"25S-H55S000S-82-S"},{"r":"92","t":"08:22:00","h":"Ouest","s":"25N-H55N000S-80-S"},{"r":"92","t":"08:22:00","h":"Ouest","s":"25N-H55N000S-82-S"},{"r":"92","t":"08:22:00","h":"Ouest","s":"25N-H55NV10S-85-S"},{"r":"92","t":"08:22:00","h":"Ouest","s":"25N-H55NV20S-81-S"},{"r":"92","t":"08:22:00","h":"Ouest","s":"25S-H55S000S-82-S"},{"r":"92","t":"08:27:00","h":"Ouest","s":"25N-H55N000I-80-I"},{"r":"92","t":"08:27:00","h":"Ouest","s":"25N-H55N100F-80-F1"},{"r":"92","t":"08:27:00","h":"Ouest","s":"25N-H55N200F-80-F2"},{"r":"92","t":"08:27:00","h":"Ouest","s":"25N-H55N300F-80-F3"},{"r":"92","t":"08:27:00","h":"Ouest","s":"25N-H55N400F-80-F4"},{"r":"92","t":"08:27:00","h":"Ouest","s":"25N-H55NV10I-80-I"},{"r":"92","t":"08:27:00","h":"Ouest","s":"25N-H55NV20I-80-I"},{"r":"92","t":"08:27:00","h":"Ouest","s":"25S-H55S000I-80-I"},{"r":"92","t":"08:27:00","h":"Ouest","s":"25S-H55S100F-80-F1"},{"r":"92","t":"08:27:00","h":"Ouest","s":"25S-H55S200F-80-F2"},{"r":"92","t":"08:28:00","h":"Ouest","s":"25N-H55N000A-80-A"},{"r":"92","t":"08:28:00","h":"Ouest","s":"25N-H55NV10A-80-A"},{"r":"92","t":"08:28:00","h":"Ouest","s":"25N-H55NV20A-80-A"},{"r":"92","t":"08:28:00","h":"Ouest","s":"25S-H55S000A-80-A"},{"r":"92","t":"08:43:00","h":"Ouest","s":"25N-H55N000S-80-S"},{"r":"92","t":"08:43:00","h":"Ouest","s":"25N-H55N000S-82-S"},{"r":"92","t":"08:43:00","h":"Ouest","s":"25N-H55NV10S-85-S"},{"r":"92","t":"08:43:00","h":"Ouest","s":"25N-H55NV20S-81-S"},{"r":"92","t":"08:43:00","h":"Ouest","s":"25S-H55S000S-82-S"},{"r":"92","t":"08:56:00","h":"Ouest","s":"25N-H55N000I-80-I"},{"r":"92","t":"08:56:00","h":"Ouest","s":"25N-H55N100F-80-F1"},{"r":"92","t":"08:56:00","h":"Ouest","s":"25N-H55N200F-80-F2"},{"r":"92","t":"08:56:00","h":"Ouest","s":"25N-H55N300F-80-F3"},{"r":"92","t":"08:56:00","h":"Ouest","s":"25N-H55N400F-80-F4"},{"r":"92","t":"08:56:00","h":"Ouest","s":"25N-H55NV10I-80-I"},{"r":"92","t":"08:56:00","h":"Ouest","s":"25N-H55NV20I-80-I"},{"r":"92","t":"08:56:00","h":"Ouest","s":"25S-H55S000I-80-I"},{"r":"92","t":"08:56:00","h":"Ouest","s":"25S-H55S100F-80-F1"},{"r":"92","t":"08:56:00","h":"Ouest","s":"25S-H55S200F-80-F2"},{"r":"92","t":"08:58:00","h":"Ouest","s":"25N-H55N000A-80-A"},{"r":"92","t":"08:58:00","h":"Ouest","s":"25N-H55NV10A-80-A"},{"r":"92","t":"08:58:00","h":"Ouest","s":"25N-H55NV20A-80-A"},{"r":"92","t":"08:58:00","h":"Ouest","s":"25S-H55S000A-80-A"},{"r":"92","t":"09:01:00","h":"Ouest","s":"25N-H55N000S-80-S"},{"r":"92","t":"09:01:00","h":"Ouest","s":"25N-H55N000S-82-S"},{"r":"92","t":"09:01:00","h":"Ouest","s":"25N-H55NV10S-85-S"},{"r":"92","t":"09:01:00","h":"Ouest","s":"25N-H55NV20S-81-S"},{"r":"92","t":"09:01:00","h":"Ouest","s":"25S-H55S000S-82-S"},{"r":"92","t":"09:21:00","h":"Ouest","s":"25N-H55N000S-80-S"},{"r":"92","t":"09:21:00","h":"Ouest","s":"25N-H55N000S-82-S"},{"r":"92","t":"09:21:00","h":"Ouest","s":"25N-H55NV10S-85-S"},{"r":"92","t":"09:21:00","h":"Ouest","s":"25N-H55NV20S-81-S"},{"r":"92","t":"09:21:00","h":"Ouest","s":"25S-H55S000S-82-S"},{"r":"92","t":"09:25:00","h":"Ouest","s":"25N-H55N000I-80-I"},{"r":"92","t":"09:25:00","h":"Ouest","s":"25N-H55N100F-80-F1"},{"r":"92","t":"09:25:00","h":"Ouest","s":"25N-H55N200F-80-F2"},{"r":"92","t":"09:25:00","h":"Ouest","s":"25N-H55N300F-80-F3"},{"r":"92","t":"09:25:00","h":"Ouest","s":"25N-H55N400F-80-F4"},{"r":"92","t":"09:25:00","h":"Ouest","s":"25N-H55NV10I-80-I"},{"r":"92","t":"09:25:00","h":"Ouest","s":"25N-H55NV20I-80-I"},{"r":"92","t":"09:25:00","h":"Ouest","s":"25S-H55S000I-80-I"},{"r":"92","t":"09:25:00","h":"Ouest","s":"25S-H55S100F-80-F1"},{"r":"92","t":"09:25:00","h":"Ouest","s":"25S-H55S200F-80-F2"},{"r":"92","t":"09:30:00","h":"Ouest","s":"25N-H55N000A-80-A"},{"r":"92","t":"09:30:00","h":"Ouest","s":"25N-H55NV10A-80-A"},{"r":"92","t":"09:30:00","h":"Ouest","s":"25N-H55NV20A-80-A"},{"r":"92","t":"09:30:00","h":"Ouest","s":"25S-H55S000A-80-A"},{"r":"92","t":"09:39:00","h":"Ouest","s":"25N-H55N000S-80-S"},{"r":"92","t":"09:39:00","h":"Ouest","s":"25N-H55N000S-82-S"},{"r":"92","t":"09:39:00","h":"Ouest","s":"25N-H55NV10S-85-S"},{"r":"92","t":"09:39:00","h":"Ouest","s":"25N-H55NV20S-81-S"},{"r":"92","t":"09:39:00","h":"Ouest","s":"25S-H55S000S-82-S"},{"r":"92","t":"09:55:00","h":"Ouest","s":"25N-H55N000I-80-I"},{"r":"92","t":"09:55:00","h":"Ouest","s":"25N-H55N100F-80-F1"},{"r":"92","t":"09:55:00","h":"Ouest","s":"25N-H55N200F-80-F2"},{"r":"92","t":"09:55:00","h":"Ouest","s":"25N-H55N300F-80-F3"},{"r":"92","t":"09:55:00","h":"Ouest","s":"25N-H55N400F-80-F4"},{"r":"92","t":"09:55:00","h":"Ouest","s":"25N-H55NV10I-80-I"},{"r":"92","t":"09:55:00","h":"Ouest","s":"25N-H55NV20I-80-I"},{"r":"92","t":"09:55:00","h":"Ouest","s":"25S-H55S000I-80-I"},{"r":"92","t":"09:55:00","h":"Ouest","s":"25S-H55S100F-80-F1"},{"r":"92","t":"09:55:00","h":"Ouest","s":"25S-H55S200F-80-F2"},{"r":"92","t":"10:01:00","h":"Ouest","s":"25N-H55N000A-80-A"},{"r":"92","t":"10:01:00","h":"Ouest","s":"25N-H55NV10A-80-A"},{"r":"92","t":"10:01:00","h":"Ouest","s":"25N-H55NV20A-80-A"},{"r":"92","t":"10:01:00","h":"Ouest","s":"25S-H55S000A-80-A"},{"r":"92","t":"10:09:00","h":"Ouest","s":"25N-H55N000S-80-S"},{"r":"92","t":"10:09:00","h":"Ouest","s":"25N-H55N000S-82-S"},{"r":"92","t":"10:09:00","h":"Ouest","s":"25N-H55NV10S-85-S"},{"r":"92","t":"10:09:00","h":"Ouest","s":"25N-H55NV20S-81-S"},{"r":"92","t":"10:09:00","h":"Ouest","s":"25S-H55S000S-82-S"},{"r":"92","t":"10:27:00","h":"Ouest","s":"25N-H55N000I-80-I"},{"r":"92","t":"10:27:00","h":"Ouest","s":"25N-H55N100F-80-F1"},{"r":"92","t":"10:27:00","h":"Ouest","s":"25N-H55N200F-80-F2"},{"r":"92","t":"10:27:00","h":"Ouest","s":"25N-H55N300F-80-F3"},{"r":"92","t":"10:27:00","h":"Ouest","s":"25N-H55N400F-80-F4"},{"r":"92","t":"10:27:00","h":"Ouest","s":"25N-H55NV10I-80-I"},{"r":"92","t":"10:27:00","h":"Ouest","s":"25N-H55NV20I-80-I"},{"r":"92","t":"10:27:00","h":"Ouest","s":"25S-H55S000I-80-I"},{"r":"92","t":"10:27:00","h":"Ouest","s":"25S-H55S100F-80-F1"},{"r":"92","t":"10:27:00","h":"Ouest","s":"25S-H55S200F-80-F2"},{"r":"92","t":"10:35:00","h":"Ouest","s":"25N-H55N000A-80-A"},{"r":"92","t":"10:35:00","h":"Ouest","s":"25N-H55NV10A-80-A"},{"r":"92","t":"10:35:00","h":"Ouest","s":"25N-H55NV20A-80-A"},{"r":"92","t":"10:35:00","h":"Ouest","s":"25S-H55S000A-80-A"},{"r":"92","t":"10:39:00","h":"Ouest","s":"25N-H55N000S-80-S"},{"r":"92","t":"10:39:00","h":"Ouest","s":"25N-H55N000S-82-S"},{"r":"92","t":"10:39:00","h":"Ouest","s":"25N-H55NV10S-85-S"},{"r":"92","t":"10:39:00","h":"Ouest","s":"25N-H55NV20S-81-S"},{"r":"92","t":"10:39:00","h":"Ouest","s":"25S-H55S000S-82-S"},{"r":"92","t":"10:59:00","h":"Ouest","s":"25N-H55N000I-80-I"},{"r":"92","t":"10:59:00","h":"Ouest","s":"25N-H55N100F-80-F1"},{"r":"92","t":"10:59:00","h":"Ouest","s":"25N-H55N200F-80-F2"},{"r":"92","t":"10:59:00","h":"Ouest","s":"25N-H55N300F-80-F3"},{"r":"92","t":"10:59:00","h":"Ouest","s":"25N-H55N400F-80-F4"},{"r":"92","t":"10:59:00","h":"Ouest","s":"25N-H55NV10I-80-I"},{"r":"92","t":"10:59:00","h":"Ouest","s":"25N-H55NV20I-80-I"},{"r":"92","t":"10:59:00","h":"Ouest","s":"25S-H55S000I-80-I"},{"r":"92","t":"10:59:00","h":"Ouest","s":"25S-H55S100F-80-F1"},{"r":"92","t":"10:59:00","h":"Ouest","s":"25S-H55S200F-80-F2"},{"r":"92","t":"11:07:00","h":"Ouest","s":"25N-H55N000A-80-A"},{"r":"92","t":"11:07:00","h":"Ouest","s":"25N-H55NV10A-80-A"},{"r":"92","t":"11:07:00","h":"Ouest","s":"25N-H55NV20A-80-A"},{"r":"92","t":"11:07:00","h":"Ouest","s":"25S-H55S000A-80-A"},{"r":"92","t":"11:09:00","h":"Ouest","s":"25N-H55N000S-80-S"},{"r":"92","t":"11:09:00","h":"Ouest","s":"25N-H55N000S-82-S"},{"r":"92","t":"11:09:00","h":"Ouest","s":"25N-H55NV10S-85-S"},{"r":"92","t":"11:09:00","h":"Ouest","s":"25N-H55NV20S-81-S"},{"r":"92","t":"11:09:00","h":"Ouest","s":"25S-H55S000S-82-S"},{"r":"92","t":"11:31:00","h":"Ouest","s":"25N-H55N000I-80-I"},{"r":"92","t":"11:31:00","h":"Ouest","s":"25N-H55N100F-80-F1"},{"r":"92","t":"11:31:00","h":"Ouest","s":"25N-H55N200F-80-F2"},{"r":"92","t":"11:31:00","h":"Ouest","s":"25N-H55N300F-80-F3"},{"r":"92","t":"11:31:00","h":"Ouest","s":"25N-H55N400F-80-F4"},{"r":"92","t":"11:31:00","h":"Ouest","s":"25N-H55NV10I-80-I"},{"r":"92","t":"11:31:00","h":"Ouest","s":"25N-H55NV20I-80-I"},{"r":"92","t":"11:31:00","h":"Ouest","s":"25S-H55S000I-80-I"},{"r":"92","t":"11:31:00","h":"Ouest","s":"25S-H55S100F-80-F1"},{"r":"92","t":"11:31:00","h":"Ouest","s":"25S-H55S200F-80-F2"},{"r":"92","t":"11:38:00","h":"Ouest","s":"25N-H55N000A-80-A"},{"r":"92","t":"11:38:00","h":"Ouest","s":"25N-H55NV10A-80-A"},{"r":"92","t":"11:38:00","h":"Ouest","s":"25N-H55NV20A-80-A"},{"r":"92","t":"11:38:00","h":"Ouest","s":"25S-H55S000A-80-A"},{"r":"92","t":"11:39:00","h":"Ouest","s":"25N-H55N000S-80-S"},{"r":"92","t":"11:39:00","h":"Ouest","s":"25N-H55N000S-82-S"},{"r":"92","t":"11:39:00","h":"Ouest","s":"25N-H55NV10S-85-S"},{"r":"92","t":"11:39:00","h":"Ouest","s":"25N-H55NV20S-81-S"},{"r":"92","t":"11:39:00","h":"Ouest","s":"25S-H55S000S-82-S"},{"r":"92","t":"12:04:00","h":"Ouest","s":"25N-H55N000I-80-I"},{"r":"92","t":"12:04:00","h":"Ouest","s":"25N-H55N100F-80-F1"},{"r":"92","t":"12:04:00","h":"Ouest","s":"25N-H55N200F-80-F2"},{"r":"92","t":"12:04:00","h":"Ouest","s":"25N-H55N300F-80-F3"},{"r":"92","t":"12:04:00","h":"Ouest","s":"25N-H55N400F-80-F4"},{"r":"92","t":"12:04:00","h":"Ouest","s":"25N-H55NV10I-80-I"},{"r":"92","t":"12:04:00","h":"Ouest","s":"25N-H55NV20I-80-I"},{"r":"92","t":"12:04:00","h":"Ouest","s":"25S-H55S000I-80-I"},{"r":"92","t":"12:04:00","h":"Ouest","s":"25S-H55S100F-80-F1"},{"r":"92","t":"12:04:00","h":"Ouest","s":"25S-H55S200F-80-F2"},{"r":"92","t":"12:09:00","h":"Ouest","s":"25N-H55N000S-80-S"},{"r":"92","t":"12:09:00","h":"Ouest","s":"25N-H55N000S-82-S"},{"r":"92","t":"12:09:00","h":"Ouest","s":"25N-H55NV10S-85-S"},{"r":"92","t":"12:09:00","h":"Ouest","s":"25N-H55NV20S-81-S"},{"r":"92","t":"12:09:00","h":"Ouest","s":"25S-H55S000S-82-S"},{"r":"92","t":"12:10:00","h":"Ouest","s":"25N-H55N000A-80-A"},{"r":"92","t":"12:10:00","h":"Ouest","s":"25N-H55NV10A-80-A"},{"r":"92","t":"12:10:00","h":"Ouest","s":"25N-H55NV20A-80-A"},{"r":"92","t":"12:10:00","h":"Ouest","s":"25S-H55S000A-80-A"},{"r":"92","t":"12:39:00","h":"Ouest","s":"25N-H55N000I-80-I"},{"r":"92","t":"12:39:00","h":"Ouest","s":"25N-H55N100F-80-F1"},{"r":"92","t":"12:39:00","h":"Ouest","s":"25N-H55N200F-80-F2"},{"r":"92","t":"12:39:00","h":"Ouest","s":"25N-H55N300F-80-F3"},{"r":"92","t":"12:39:00","h":"Ouest","s":"25N-H55N400F-80-F4"},{"r":"92","t":"12:39:00","h":"Ouest","s":"25N-H55NV10I-80-I"},{"r":"92","t":"12:39:00","h":"Ouest","s":"25N-H55NV20I-80-I"},{"r":"92","t":"12:39:00","h":"Ouest","s":"25S-H55S000I-80-I"},{"r":"92","t":"12:39:00","h":"Ouest","s":"25S-H55S100F-80-F1"},{"r":"92","t":"12:39:00","h":"Ouest","s":"25S-H55S200F-80-F2"},{"r":"92","t":"12:41:00","h":"Ouest","s":"25N-H55N000S-80-S"},{"r":"92","t":"12:41:00","h":"Ouest","s":"25N-H55N000S-82-S"},{"r":"92","t":"12:41:00","h":"Ouest","s":"25N-H55NV10S-85-S"},{"r":"92","t":"12:41:00","h":"Ouest","s":"25N-H55NV20S-81-S"},{"r":"92","t":"12:41:00","h":"Ouest","s":"25S-H55S000S-82-S"},{"r":"92","t":"12:43:00","h":"Ouest","s":"25N-H55N000A-80-A"},{"r":"92","t":"12:43:00","h":"Ouest","s":"25N-H55NV10A-80-A"},{"r":"92","t":"12:43:00","h":"Ouest","s":"25N-H55NV20A-80-A"},{"r":"92","t":"12:43:00","h":"Ouest","s":"25S-H55S000A-80-A"},{"r":"92","t":"13:11:00","h":"Ouest","s":"25N-H55N000S-80-S"},{"r":"92","t":"13:11:00","h":"Ouest","s":"25N-H55N000S-82-S"},{"r":"92","t":"13:11:00","h":"Ouest","s":"25N-H55NV10S-85-S"},{"r":"92","t":"13:11:00","h":"Ouest","s":"25N-H55NV20S-81-S"},{"r":"92","t":"13:11:00","h":"Ouest","s":"25S-H55S000S-82-S"},{"r":"92","t":"13:12:00","h":"Ouest","s":"25N-H55N000I-80-I"},{"r":"92","t":"13:12:00","h":"Ouest","s":"25N-H55N100F-80-F1"},{"r":"92","t":"13:12:00","h":"Ouest","s":"25N-H55N200F-80-F2"},{"r":"92","t":"13:12:00","h":"Ouest","s":"25N-H55N300F-80-F3"},{"r":"92","t":"13:12:00","h":"Ouest","s":"25N-H55N400F-80-F4"},{"r":"92","t":"13:12:00","h":"Ouest","s":"25N-H55NV10I-80-I"},{"r":"92","t":"13:12:00","h":"Ouest","s":"25N-H55NV20I-80-I"},{"r":"92","t":"13:12:00","h":"Ouest","s":"25S-H55S000I-80-I"},{"r":"92","t":"13:12:00","h":"Ouest","s":"25S-H55S100F-80-F1"},{"r":"92","t":"13:12:00","h":"Ouest","s":"25S-H55S200F-80-F2"},{"r":"92","t":"13:17:00","h":"Ouest","s":"25N-H55N000A-80-A"},{"r":"92","t":"13:17:00","h":"Ouest","s":"25N-H55NV10A-80-A"},{"r":"92","t":"13:17:00","h":"Ouest","s":"25N-H55NV20A-80-A"},{"r":"92","t":"13:17:00","h":"Ouest","s":"25S-H55S000A-80-A"},{"r":"92","t":"13:41:00","h":"Ouest","s":"25N-H55N000S-80-S"},{"r":"92","t":"13:41:00","h":"Ouest","s":"25N-H55N000S-82-S"},{"r":"92","t":"13:41:00","h":"Ouest","s":"25N-H55NV10S-85-S"},{"r":"92","t":"13:41:00","h":"Ouest","s":"25N-H55NV20S-81-S"},{"r":"92","t":"13:41:00","h":"Ouest","s":"25S-H55S000S-82-S"},{"r":"92","t":"13:45:00","h":"Ouest","s":"25N-H55N000I-80-I"},{"r":"92","t":"13:45:00","h":"Ouest","s":"25N-H55N100F-80-F1"},{"r":"92","t":"13:45:00","h":"Ouest","s":"25N-H55N200F-80-F2"},{"r":"92","t":"13:45:00","h":"Ouest","s":"25N-H55N300F-80-F3"},{"r":"92","t":"13:45:00","h":"Ouest","s":"25N-H55N400F-80-F4"},{"r":"92","t":"13:45:00","h":"Ouest","s":"25N-H55NV10I-80-I"},{"r":"92","t":"13:45:00","h":"Ouest","s":"25N-H55NV20I-80-I"},{"r":"92","t":"13:45:00","h":"Ouest","s":"25S-H55S000I-80-I"},{"r":"92","t":"13:45:00","h":"Ouest","s":"25S-H55S100F-80-F1"},{"r":"92","t":"13:45:00","h":"Ouest","s":"25S-H55S200F-80-F2"},{"r":"92","t":"13:51:00","h":"Ouest","s":"25N-H55N000A-80-A"},{"r":"92","t":"13:51:00","h":"Ouest","s":"25N-H55NV10A-80-A"},{"r":"92","t":"13:51:00","h":"Ouest","s":"25N-H55NV20A-80-A"},{"r":"92","t":"13:51:00","h":"Ouest","s":"25S-H55S000A-80-A"},{"r":"92","t":"14:12:00","h":"Ouest","s":"25N-H55N000S-80-S"},{"r":"92","t":"14:12:00","h":"Ouest","s":"25N-H55N000S-82-S"},{"r":"92","t":"14:12:00","h":"Ouest","s":"25N-H55NV10S-85-S"},{"r":"92","t":"14:12:00","h":"Ouest","s":"25N-H55NV20S-81-S"},{"r":"92","t":"14:12:00","h":"Ouest","s":"25S-H55S000S-82-S"},{"r":"92","t":"14:18:00","h":"Ouest","s":"25N-H55N000I-80-I"},{"r":"92","t":"14:18:00","h":"Ouest","s":"25N-H55N100F-80-F1"},{"r":"92","t":"14:18:00","h":"Ouest","s":"25N-H55N200F-80-F2"},{"r":"92","t":"14:18:00","h":"Ouest","s":"25N-H55N300F-80-F3"},{"r":"92","t":"14:18:00","h":"Ouest","s":"25N-H55N400F-80-F4"},{"r":"92","t":"14:18:00","h":"Ouest","s":"25N-H55NV10I-80-I"},{"r":"92","t":"14:18:00","h":"Ouest","s":"25N-H55NV20I-80-I"},{"r":"92","t":"14:18:00","h":"Ouest","s":"25S-H55S000I-80-I"},{"r":"92","t":"14:18:00","h":"Ouest","s":"25S-H55S100F-80-F1"},{"r":"92","t":"14:18:00","h":"Ouest","s":"25S-H55S200F-80-F2"},{"r":"92","t":"14:25:00","h":"Ouest","s":"25N-H55N000A-80-A"},{"r":"92","t":"14:25:00","h":"Ouest","s":"25N-H55NV10A-80-A"},{"r":"92","t":"14:25:00","h":"Ouest","s":"25N-H55NV20A-80-A"},{"r":"92","t":"14:25:00","h":"Ouest","s":"25S-H55S000A-80-A"},{"r":"92","t":"14:42:00","h":"Ouest","s":"25N-H55N000S-80-S"},{"r":"92","t":"14:42:00","h":"Ouest","s":"25N-H55N000S-82-S"},{"r":"92","t":"14:42:00","h":"Ouest","s":"25N-H55NV10S-85-S"},{"r":"92","t":"14:42:00","h":"Ouest","s":"25N-H55NV20S-81-S"},{"r":"92","t":"14:42:00","h":"Ouest","s":"25S-H55S000S-82-S"},{"r":"92","t":"14:51:00","h":"Ouest","s":"25N-H55N000I-80-I"},{"r":"92","t":"14:51:00","h":"Ouest","s":"25N-H55N100F-80-F1"},{"r":"92","t":"14:51:00","h":"Ouest","s":"25N-H55N200F-80-F2"},{"r":"92","t":"14:51:00","h":"Ouest","s":"25N-H55N300F-80-F3"},{"r":"92","t":"14:51:00","h":"Ouest","s":"25N-H55N400F-80-F4"},{"r":"92","t":"14:51:00","h":"Ouest","s":"25N-H55NV10I-80-I"},{"r":"92","t":"14:51:00","h":"Ouest","s":"25N-H55NV20I-80-I"},{"r":"92","t":"14:51:00","h":"Ouest","s":"25S-H55S000I-80-I"},{"r":"92","t":"14:51:00","h":"Ouest","s":"25S-H55S100F-80-F1"},{"r":"92","t":"14:51:00","h":"Ouest","s":"25S-H55S200F-80-F2"},{"r":"92","t":"15:00:00","h":"Ouest","s":"25N-H55N000A-80-A"},{"r":"92","t":"15:00:00","h":"Ouest","s":"25N-H55NV10A-80-A"},{"r":"92","t":"15:00:00","h":"Ouest","s":"25N-H55NV20A-80-A"},{"r":"92","t":"15:00:00","h":"Ouest","s":"25S-H55S000A-80-A"},{"r":"92","t":"15:10:00","h":"Ouest","s":"25N-H55N000S-80-S"},{"r":"92","t":"15:10:00","h":"Ouest","s":"25N-H55N000S-82-S"},{"r":"92","t":"15:10:00","h":"Ouest","s":"25N-H55NV10S-85-S"},{"r":"92","t":"15:10:00","h":"Ouest","s":"25N-H55NV20S-81-S"},{"r":"92","t":"15:10:00","h":"Ouest","s":"25S-H55S000S-82-S"},{"r":"92","t":"15:24:00","h":"Ouest","s":"25N-H55N000I-80-I"},{"r":"92","t":"15:24:00","h":"Ouest","s":"25N-H55N100F-80-F1"},{"r":"92","t":"15:24:00","h":"Ouest","s":"25N-H55N200F-80-F2"},{"r":"92","t":"15:24:00","h":"Ouest","s":"25N-H55N300F-80-F3"},{"r":"92","t":"15:24:00","h":"Ouest","s":"25N-H55N400F-80-F4"},{"r":"92","t":"15:24:00","h":"Ouest","s":"25N-H55NV10I-80-I"},{"r":"92","t":"15:24:00","h":"Ouest","s":"25N-H55NV20I-80-I"},{"r":"92","t":"15:24:00","h":"Ouest","s":"25S-H55S000I-80-I"},{"r":"92","t":"15:24:00","h":"Ouest","s":"25S-H55S100F-80-F1"},{"r":"92","t":"15:24:00","h":"Ouest","s":"25S-H55S200F-80-F2"},{"r":"92","t":"15:33:00","h":"Ouest","s":"25N-H55N000A-80-A"},{"r":"92","t":"15:33:00","h":"Ouest","s":"25N-H55NV10A-80-A"},{"r":"92","t":"15:33:00","h":"Ouest","s":"25N-H55NV20A-80-A"},{"r":"92","t":"15:33:00","h":"Ouest","s":"25S-H55S000A-80-A"},{"r":"92","t":"15:38:00","h":"Ouest","s":"25N-H55N000S-80-S"},{"r":"92","t":"15:38:00","h":"Ouest","s":"25N-H55N000S-82-S"},{"r":"92","t":"15:38:00","h":"Ouest","s":"25N-H55NV10S-85-S"},{"r":"92","t":"15:38:00","h":"Ouest","s":"25N-H55NV20S-81-S"},{"r":"92","t":"15:38:00","h":"Ouest","s":"25S-H55S000S-82-S"},{"r":"92","t":"15:57:00","h":"Ouest","s":"25N-H55N000I-80-I"},{"r":"92","t":"15:57:00","h":"Ouest","s":"25N-H55N100F-80-F1"},{"r":"92","t":"15:57:00","h":"Ouest","s":"25N-H55N200F-80-F2"},{"r":"92","t":"15:57:00","h":"Ouest","s":"25N-H55N300F-80-F3"},{"r":"92","t":"15:57:00","h":"Ouest","s":"25N-H55N400F-80-F4"},{"r":"92","t":"15:57:00","h":"Ouest","s":"25N-H55NV10I-80-I"},{"r":"92","t":"15:57:00","h":"Ouest","s":"25N-H55NV20I-80-I"},{"r":"92","t":"15:57:00","h":"Ouest","s":"25S-H55S000I-80-I"},{"r":"92","t":"15:57:00","h":"Ouest","s":"25S-H55S100F-80-F1"},{"r":"92","t":"15:57:00","h":"Ouest","s":"25S-H55S200F-80-F2"},{"r":"92","t":"16:06:00","h":"Ouest","s":"25N-H55N000S-80-S"},{"r":"92","t":"16:06:00","h":"Ouest","s":"25N-H55N000S-82-S"},{"r":"92","t":"16:06:00","h":"Ouest","s":"25N-H55NV10S-85-S"},{"r":"92","t":"16:06:00","h":"Ouest","s":"25N-H55NV20S-81-S"},{"r":"92","t":"16:06:00","h":"Ouest","s":"25S-H55S000S-82-S"},{"r":"92","t":"16:07:00","h":"Ouest","s":"25N-H55N000A-80-A"},{"r":"92","t":"16:07:00","h":"Ouest","s":"25N-H55NV10A-80-A"},{"r":"92","t":"16:07:00","h":"Ouest","s":"25N-H55NV20A-80-A"},{"r":"92","t":"16:07:00","h":"Ouest","s":"25S-H55S000A-80-A"},{"r":"92","t":"16:29:00","h":"Ouest","s":"25N-H55N000I-80-I"},{"r":"92","t":"16:29:00","h":"Ouest","s":"25N-H55N100F-80-F1"},{"r":"92","t":"16:29:00","h":"Ouest","s":"25N-H55N200F-80-F2"},{"r":"92","t":"16:29:00","h":"Ouest","s":"25N-H55N300F-80-F3"},{"r":"92","t":"16:29:00","h":"Ouest","s":"25N-H55N400F-80-F4"},{"r":"92","t":"16:29:00","h":"Ouest","s":"25N-H55NV10I-80-I"},{"r":"92","t":"16:29:00","h":"Ouest","s":"25N-H55NV20I-80-I"},{"r":"92","t":"16:29:00","h":"Ouest","s":"25S-H55S000I-80-I"},{"r":"92","t":"16:29:00","h":"Ouest","s":"25S-H55S100F-80-F1"},{"r":"92","t":"16:29:00","h":"Ouest","s":"25S-H55S200F-80-F2"},{"r":"92","t":"16:35:00","h":"Ouest","s":"25N-H55N000S-80-S"},{"r":"92","t":"16:35:00","h":"Ouest","s":"25N-H55N000S-82-S"},{"r":"92","t":"16:35:00","h":"Ouest","s":"25N-H55NV10S-85-S"},{"r":"92","t":"16:35:00","h":"Ouest","s":"25N-H55NV20S-81-S"},{"r":"92","t":"16:35:00","h":"Ouest","s":"25S-H55S000S-82-S"},{"r":"92","t":"16:41:00","h":"Ouest","s":"25N-H55N000A-80-A"},{"r":"92","t":"16:41:00","h":"Ouest","s":"25N-H55NV10A-80-A"},{"r":"92","t":"16:41:00","h":"Ouest","s":"25N-H55NV20A-80-A"},{"r":"92","t":"16:41:00","h":"Ouest","s":"25S-H55S000A-80-A"},{"r":"92","t":"17:01:00","h":"Ouest","s":"25N-H55N000I-80-I"},{"r":"92","t":"17:01:00","h":"Ouest","s":"25N-H55N100F-80-F1"},{"r":"92","t":"17:01:00","h":"Ouest","s":"25N-H55N200F-80-F2"},{"r":"92","t":"17:01:00","h":"Ouest","s":"25N-H55N300F-80-F3"},{"r":"92","t":"17:01:00","h":"Ouest","s":"25N-H55N400F-80-F4"},{"r":"92","t":"17:01:00","h":"Ouest","s":"25N-H55NV10I-80-I"},{"r":"92","t":"17:01:00","h":"Ouest","s":"25N-H55NV20I-80-I"},{"r":"92","t":"17:01:00","h":"Ouest","s":"25S-H55S000I-80-I"},{"r":"92","t":"17:01:00","h":"Ouest","s":"25S-H55S100F-80-F1"},{"r":"92","t":"17:01:00","h":"Ouest","s":"25S-H55S200F-80-F2"},{"r":"92","t":"17:03:00","h":"Ouest","s":"25N-H55N000S-80-S"},{"r":"92","t":"17:03:00","h":"Ouest","s":"25N-H55N000S-82-S"},{"r":"92","t":"17:03:00","h":"Ouest","s":"25N-H55NV10S-85-S"},{"r":"92","t":"17:03:00","h":"Ouest","s":"25N-H55NV20S-81-S"},{"r":"92","t":"17:03:00","h":"Ouest","s":"25S-H55S000S-82-S"},{"r":"92","t":"17:16:00","h":"Ouest","s":"25N-H55N000A-80-A"},{"r":"92","t":"17:16:00","h":"Ouest","s":"25N-H55NV10A-80-A"},{"r":"92","t":"17:16:00","h":"Ouest","s":"25N-H55NV20A-80-A"},{"r":"92","t":"17:16:00","h":"Ouest","s":"25S-H55S000A-80-A"},{"r":"92","t":"17:31:00","h":"Ouest","s":"25N-H55N000S-80-S"},{"r":"92","t":"17:31:00","h":"Ouest","s":"25N-H55N000S-82-S"},{"r":"92","t":"17:31:00","h":"Ouest","s":"25N-H55NV10S-85-S"},{"r":"92","t":"17:31:00","h":"Ouest","s":"25N-H55NV20S-81-S"},{"r":"92","t":"17:31:00","h":"Ouest","s":"25S-H55S000S-82-S"},{"r":"92","t":"17:34:00","h":"Ouest","s":"25N-H55N000I-80-I"},{"r":"92","t":"17:34:00","h":"Ouest","s":"25N-H55N100F-80-F1"},{"r":"92","t":"17:34:00","h":"Ouest","s":"25N-H55N200F-80-F2"},{"r":"92","t":"17:34:00","h":"Ouest","s":"25N-H55N300F-80-F3"},{"r":"92","t":"17:34:00","h":"Ouest","s":"25N-H55N400F-80-F4"},{"r":"92","t":"17:34:00","h":"Ouest","s":"25N-H55NV10I-80-I"},{"r":"92","t":"17:34:00","h":"Ouest","s":"25N-H55NV20I-80-I"},{"r":"92","t":"17:34:00","h":"Ouest","s":"25S-H55S000I-80-I"},{"r":"92","t":"17:34:00","h":"Ouest","s":"25S-H55S100F-80-F1"},{"r":"92","t":"17:34:00","h":"Ouest","s":"25S-H55S200F-80-F2"},{"r":"92","t":"17:49:00","h":"Ouest","s":"25N-H55N000A-80-A"},{"r":"92","t":"17:49:00","h":"Ouest","s":"25N-H55NV10A-80-A"},{"r":"92","t":"17:49:00","h":"Ouest","s":"25N-H55NV20A-80-A"},{"r":"92","t":"17:49:00","h":"Ouest","s":"25S-H55S000A-80-A"},{"r":"92","t":"18:00:00","h":"Ouest","s":"25N-H55N000S-80-S"},{"r":"92","t":"18:00:00","h":"Ouest","s":"25N-H55N000S-82-S"},{"r":"92","t":"18:00:00","h":"Ouest","s":"25N-H55NV10S-85-S"},{"r":"92","t":"18:00:00","h":"Ouest","s":"25N-H55NV20S-81-S"},{"r":"92","t":"18:00:00","h":"Ouest","s":"25S-H55S000S-82-S"},{"r":"92","t":"18:07:00","h":"Ouest","s":"25N-H55N000I-80-I"},{"r":"92","t":"18:07:00","h":"Ouest","s":"25N-H55N100F-80-F1"},{"r":"92","t":"18:07:00","h":"Ouest","s":"25N-H55N200F-80-F2"},{"r":"92","t":"18:07:00","h":"Ouest","s":"25N-H55N300F-80-F3"},{"r":"92","t":"18:07:00","h":"Ouest","s":"25N-H55N400F-80-F4"},{"r":"92","t":"18:07:00","h":"Ouest","s":"25N-H55NV10I-80-I"},{"r":"92","t":"18:07:00","h":"Ouest","s":"25N-H55NV20I-80-I"},{"r":"92","t":"18:07:00","h":"Ouest","s":"25S-H55S000I-80-I"},{"r":"92","t":"18:07:00","h":"Ouest","s":"25S-H55S100F-80-F1"},{"r":"92","t":"18:07:00","h":"Ouest","s":"25S-H55S200F-80-F2"},{"r":"92","t":"18:21:00","h":"Ouest","s":"25N-H55N000A-80-A"},{"r":"92","t":"18:21:00","h":"Ouest","s":"25N-H55NV10A-80-A"},{"r":"92","t":"18:21:00","h":"Ouest","s":"25N-H55NV20A-80-A"},{"r":"92","t":"18:21:00","h":"Ouest","s":"25S-H55S000A-80-A"},{"r":"92","t":"18:28:00","h":"Ouest","s":"25N-H55N000S-80-S"},{"r":"92","t":"18:28:00","h":"Ouest","s":"25N-H55N000S-82-S"},{"r":"92","t":"18:28:00","h":"Ouest","s":"25N-H55NV10S-85-S"},{"r":"92","t":"18:28:00","h":"Ouest","s":"25N-H55NV20S-81-S"},{"r":"92","t":"18:28:00","h":"Ouest","s":"25S-H55S000S-82-S"},{"r":"92","t":"18:40:00","h":"Ouest","s":"25N-H55N000I-80-I"},{"r":"92","t":"18:40:00","h":"Ouest","s":"25N-H55N100F-80-F1"},{"r":"92","t":"18:40:00","h":"Ouest","s":"25N-H55N200F-80-F2"},{"r":"92","t":"18:40:00","h":"Ouest","s":"25N-H55N300F-80-F3"},{"r":"92","t":"18:40:00","h":"Ouest","s":"25N-H55N400F-80-F4"},{"r":"92","t":"18:40:00","h":"Ouest","s":"25N-H55NV10I-80-I"},{"r":"92","t":"18:40:00","h":"Ouest","s":"25N-H55NV20I-80-I"},{"r":"92","t":"18:40:00","h":"Ouest","s":"25S-H55S000I-80-I"},{"r":"92","t":"18:40:00","h":"Ouest","s":"25S-H55S100F-80-F1"},{"r":"92","t":"18:40:00","h":"Ouest","s":"25S-H55S200F-80-F2"},{"r":"92","t":"18:51:00","h":"Ouest","s":"25N-H55N000A-80-A"},{"r":"92","t":"18:51:00","h":"Ouest","s":"25N-H55N000S-80-S"},{"r":"92","t":"18:51:00","h":"Ouest","s":"25N-H55N000S-82-S"},{"r":"92","t":"18:51:00","h":"Ouest","s":"25N-H55NV10A-80-A"},{"r":"92","t":"18:51:00","h":"Ouest","s":"25N-H55NV10S-85-S"},{"r":"92","t":"18:51:00","h":"Ouest","s":"25N-H55NV20A-80-A"},{"r":"92","t":"18:51:00","h":"Ouest","s":"25N-H55NV20S-81-S"},{"r":"92","t":"18:51:00","h":"Ouest","s":"25S-H55S000A-80-A"},{"r":"92","t":"18:51:00","h":"Ouest","s":"25S-H55S000S-82-S"},{"r":"92","t":"19:12:00","h":"Ouest","s":"25N-H55N000I-80-I"},{"r":"92","t":"19:12:00","h":"Ouest","s":"25N-H55N100F-80-F1"},{"r":"92","t":"19:12:00","h":"Ouest","s":"25N-H55N200F-80-F2"},{"r":"92","t":"19:12:00","h":"Ouest","s":"25N-H55N300F-80-F3"},{"r":"92","t":"19:12:00","h":"Ouest","s":"25N-H55N400F-80-F4"},{"r":"92","t":"19:12:00","h":"Ouest","s":"25N-H55NV10I-80-I"},{"r":"92","t":"19:12:00","h":"Ouest","s":"25N-H55NV20I-80-I"},{"r":"92","t":"19:12:00","h":"Ouest","s":"25S-H55S000I-80-I"},{"r":"92","t":"19:12:00","h":"Ouest","s":"25S-H55S100F-80-F1"},{"r":"92","t":"19:12:00","h":"Ouest","s":"25S-H55S200F-80-F2"},{"r":"92","t":"19:21:00","h":"Ouest","s":"25N-H55N000A-80-A"},{"r":"92","t":"19:21:00","h":"Ouest","s":"25N-H55NV10A-80-A"},{"r":"92","t":"19:21:00","h":"Ouest","s":"25N-H55NV20A-80-A"},{"r":"92","t":"19:21:00","h":"Ouest","s":"25S-H55S000A-80-A"},{"r":"92","t":"19:23:00","h":"Ouest","s":"25N-H55N000S-80-S"},{"r":"92","t":"19:23:00","h":"Ouest","s":"25N-H55N000S-82-S"},{"r":"92","t":"19:23:00","h":"Ouest","s":"25N-H55NV10S-85-S"},{"r":"92","t":"19:23:00","h":"Ouest","s":"25N-H55NV20S-81-S"},{"r":"92","t":"19:23:00","h":"Ouest","s":"25S-H55S000S-82-S"},{"r":"92","t":"19:45:00","h":"Ouest","s":"25N-H55N000I-80-I"},{"r":"92","t":"19:45:00","h":"Ouest","s":"25N-H55N100F-80-F1"},{"r":"92","t":"19:45:00","h":"Ouest","s":"25N-H55N200F-80-F2"},{"r":"92","t":"19:45:00","h":"Ouest","s":"25N-H55N300F-80-F3"},{"r":"92","t":"19:45:00","h":"Ouest","s":"25N-H55N400F-80-F4"},{"r":"92","t":"19:45:00","h":"Ouest","s":"25N-H55NV10I-80-I"},{"r":"92","t":"19:45:00","h":"Ouest","s":"25N-H55NV20I-80-I"},{"r":"92","t":"19:45:00","h":"Ouest","s":"25S-H55S000I-80-I"},{"r":"92","t":"19:45:00","h":"Ouest","s":"25S-H55S100F-80-F1"},{"r":"92","t":"19:45:00","h":"Ouest","s":"25S-H55S200F-80-F2"},{"r":"92","t":"19:51:00","h":"Ouest","s":"25N-H55N000A-80-A"},{"r":"92","t":"19:51:00","h":"Ouest","s":"25N-H55NV10A-80-A"},{"r":"92","t":"19:51:00","h":"Ouest","s":"25N-H55NV20A-80-A"},{"r":"92","t":"19:51:00","h":"Ouest","s":"25S-H55S000A-80-A"},{"r":"92","t":"19:54:00","h":"Ouest","s":"25N-H55N000S-80-S"},{"r":"92","t":"19:54:00","h":"Ouest","s":"25N-H55N000S-82-S"},{"r":"92","t":"19:54:00","h":"Ouest","s":"25N-H55NV10S-85-S"},{"r":"92","t":"19:54:00","h":"Ouest","s":"25N-H55NV20S-81-S"},{"r":"92","t":"19:54:00","h":"Ouest","s":"25S-H55S000S-82-S"},{"r":"92","t":"20:16:00","h":"Ouest","s":"25N-H55N000I-80-I"},{"r":"92","t":"20:16:00","h":"Ouest","s":"25N-H55N100F-80-F1"},{"r":"92","t":"20:16:00","h":"Ouest","s":"25N-H55N200F-80-F2"},{"r":"92","t":"20:16:00","h":"Ouest","s":"25N-H55N300F-80-F3"},{"r":"92","t":"20:16:00","h":"Ouest","s":"25N-H55N400F-80-F4"},{"r":"92","t":"20:16:00","h":"Ouest","s":"25N-H55NV10I-80-I"},{"r":"92","t":"20:16:00","h":"Ouest","s":"25N-H55NV20I-80-I"},{"r":"92","t":"20:16:00","h":"Ouest","s":"25S-H55S000I-80-I"},{"r":"92","t":"20:16:00","h":"Ouest","s":"25S-H55S100F-80-F1"},{"r":"92","t":"20:16:00","h":"Ouest","s":"25S-H55S200F-80-F2"},{"r":"92","t":"20:21:00","h":"Ouest","s":"25N-H55N000A-80-A"},{"r":"92","t":"20:21:00","h":"Ouest","s":"25N-H55NV10A-80-A"},{"r":"92","t":"20:21:00","h":"Ouest","s":"25N-H55NV20A-80-A"},{"r":"92","t":"20:21:00","h":"Ouest","s":"25S-H55S000A-80-A"},{"r":"92","t":"20:23:00","h":"Ouest","s":"25N-H55N000S-80-S"},{"r":"92","t":"20:23:00","h":"Ouest","s":"25N-H55N000S-82-S"},{"r":"92","t":"20:23:00","h":"Ouest","s":"25N-H55NV10S-85-S"},{"r":"92","t":"20:23:00","h":"Ouest","s":"25N-H55NV20S-81-S"},{"r":"92","t":"20:23:00","h":"Ouest","s":"25S-H55S000S-82-S"},{"r":"92","t":"20:46:00","h":"Ouest","s":"25N-H55N000I-80-I"},{"r":"92","t":"20:46:00","h":"Ouest","s":"25N-H55N100F-80-F1"},{"r":"92","t":"20:46:00","h":"Ouest","s":"25N-H55N200F-80-F2"},{"r":"92","t":"20:46:00","h":"Ouest","s":"25N-H55N300F-80-F3"},{"r":"92","t":"20:46:00","h":"Ouest","s":"25N-H55N400F-80-F4"},{"r":"92","t":"20:46:00","h":"Ouest","s":"25N-H55NV10I-80-I"},{"r":"92","t":"20:46:00","h":"Ouest","s":"25N-H55NV20I-80-I"},{"r":"92","t":"20:46:00","h":"Ouest","s":"25S-H55S000I-80-I"},{"r":"92","t":"20:46:00","h":"Ouest","s":"25S-H55S100F-80-F1"},{"r":"92","t":"20:46:00","h":"Ouest","s":"25S-H55S200F-80-F2"},{"r":"92","t":"20:50:00","h":"Ouest","s":"25N-H55N000A-80-A"},{"r":"92","t":"20:50:00","h":"Ouest","s":"25N-H55NV10A-80-A"},{"r":"92","t":"20:50:00","h":"Ouest","s":"25N-H55NV20A-80-A"},{"r":"92","t":"20:50:00","h":"Ouest","s":"25S-H55S000A-80-A"},{"r":"92","t":"20:51:00","h":"Ouest","s":"25N-H55N000S-80-S"},{"r":"92","t":"20:51:00","h":"Ouest","s":"25N-H55N000S-82-S"},{"r":"92","t":"20:51:00","h":"Ouest","s":"25N-H55NV10S-85-S"},{"r":"92","t":"20:51:00","h":"Ouest","s":"25N-H55NV20S-81-S"},{"r":"92","t":"20:51:00","h":"Ouest","s":"25S-H55S000S-82-S"},{"r":"92","t":"21:18:00","h":"Ouest","s":"25N-H55N000I-80-I"},{"r":"92","t":"21:18:00","h":"Ouest","s":"25N-H55N100F-80-F1"},{"r":"92","t":"21:18:00","h":"Ouest","s":"25N-H55N200F-80-F2"},{"r":"92","t":"21:18:00","h":"Ouest","s":"25N-H55N300F-80-F3"},{"r":"92","t":"21:18:00","h":"Ouest","s":"25N-H55N400F-80-F4"},{"r":"92","t":"21:18:00","h":"Ouest","s":"25N-H55NV10I-80-I"},{"r":"92","t":"21:18:00","h":"Ouest","s":"25N-H55NV20I-80-I"},{"r":"92","t":"21:18:00","h":"Ouest","s":"25S-H55S000I-80-I"},{"r":"92","t":"21:18:00","h":"Ouest","s":"25S-H55S100F-80-F1"},{"r":"92","t":"21:18:00","h":"Ouest","s":"25S-H55S200F-80-F2"},{"r":"92","t":"21:20:00","h":"Ouest","s":"25N-H55N000A-80-A"},{"r":"92","t":"21:20:00","h":"Ouest","s":"25N-H55NV10A-80-A"},{"r":"92","t":"21:20:00","h":"Ouest","s":"25N-H55NV20A-80-A"},{"r":"92","t":"21:20:00","h":"Ouest","s":"25S-H55S000A-80-A"},{"r":"92","t":"21:21:00","h":"Ouest","s":"25N-H55N000S-80-S"},{"r":"92","t":"21:21:00","h":"Ouest","s":"25N-H55N000S-82-S"},{"r":"92","t":"21:21:00","h":"Ouest","s":"25N-H55NV10S-85-S"},{"r":"92","t":"21:21:00","h":"Ouest","s":"25N-H55NV20S-81-S"},{"r":"92","t":"21:21:00","h":"Ouest","s":"25S-H55S000S-82-S"},{"r":"92","t":"21:50:00","h":"Ouest","s":"25N-H55N000A-80-A"},{"r":"92","t":"21:50:00","h":"Ouest","s":"25N-H55N000I-80-I"},{"r":"92","t":"21:50:00","h":"Ouest","s":"25N-H55N100F-80-F1"},{"r":"92","t":"21:50:00","h":"Ouest","s":"25N-H55N200F-80-F2"},{"r":"92","t":"21:50:00","h":"Ouest","s":"25N-H55N300F-80-F3"},{"r":"92","t":"21:50:00","h":"Ouest","s":"25N-H55N400F-80-F4"},{"r":"92","t":"21:50:00","h":"Ouest","s":"25N-H55NV10A-80-A"},{"r":"92","t":"21:50:00","h":"Ouest","s":"25N-H55NV10I-80-I"},{"r":"92","t":"21:50:00","h":"Ouest","s":"25N-H55NV20A-80-A"},{"r":"92","t":"21:50:00","h":"Ouest","s":"25N-H55NV20I-80-I"},{"r":"92","t":"21:50:00","h":"Ouest","s":"25S-H55S000A-80-A"},{"r":"92","t":"21:50:00","h":"Ouest","s":"25S-H55S000I-80-I"},{"r":"92","t":"21:50:00","h":"Ouest","s":"25S-H55S100F-80-F1"},{"r":"92","t":"21:50:00","h":"Ouest","s":"25S-H55S200F-80-F2"},{"r":"92","t":"21:51:00","h":"Ouest","s":"25N-H55N000S-80-S"},{"r":"92","t":"21:51:00","h":"Ouest","s":"25N-H55N000S-82-S"},{"r":"92","t":"21:51:00","h":"Ouest","s":"25N-H55NV10S-85-S"},{"r":"92","t":"21:51:00","h":"Ouest","s":"25N-H55NV20S-81-S"},{"r":"92","t":"21:51:00","h":"Ouest","s":"25S-H55S000S-82-S"},{"r":"92","t":"22:20:00","h":"Ouest","s":"25N-H55N000A-80-A"},{"r":"92","t":"22:20:00","h":"Ouest","s":"25N-H55NV10A-80-A"},{"r":"92","t":"22:20:00","h":"Ouest","s":"25N-H55NV20A-80-A"},{"r":"92","t":"22:20:00","h":"Ouest","s":"25S-H55S000A-80-A"},{"r":"92","t":"22:21:00","h":"Ouest","s":"25N-H55N000S-80-S"},{"r":"92","t":"22:21:00","h":"Ouest","s":"25N-H55N000S-82-S"},{"r":"92","t":"22:21:00","h":"Ouest","s":"25N-H55NV10S-85-S"},{"r":"92","t":"22:21:00","h":"Ouest","s":"25N-H55NV20S-81-S"},{"r":"92","t":"22:21:00","h":"Ouest","s":"25S-H55S000S-82-S"},{"r":"92","t":"22:22:00","h":"Ouest","s":"25N-H55N000I-80-I"},{"r":"92","t":"22:22:00","h":"Ouest","s":"25N-H55N100F-80-F1"},{"r":"92","t":"22:22:00","h":"Ouest","s":"25N-H55N200F-80-F2"},{"r":"92","t":"22:22:00","h":"Ouest","s":"25N-H55N300F-80-F3"},{"r":"92","t":"22:22:00","h":"Ouest","s":"25N-H55N400F-80-F4"},{"r":"92","t":"22:22:00","h":"Ouest","s":"25N-H55NV10I-80-I"},{"r":"92","t":"22:22:00","h":"Ouest","s":"25N-H55NV20I-80-I"},{"r":"92","t":"22:22:00","h":"Ouest","s":"25S-H55S000I-80-I"},{"r":"92","t":"22:22:00","h":"Ouest","s":"25S-H55S100F-80-F1"},{"r":"92","t":"22:22:00","h":"Ouest","s":"25S-H55S200F-80-F2"},{"r":"92","t":"22:50:00","h":"Ouest","s":"25N-H55N000A-80-A"},{"r":"92","t":"22:50:00","h":"Ouest","s":"25N-H55NV10A-80-A"},{"r":"92","t":"22:50:00","h":"Ouest","s":"25N-H55NV20A-80-A"},{"r":"92","t":"22:50:00","h":"Ouest","s":"25S-H55S000A-80-A"},{"r":"92","t":"22:51:00","h":"Ouest","s":"25N-H55N000S-80-S"},{"r":"92","t":"22:51:00","h":"Ouest","s":"25N-H55N000S-82-S"},{"r":"92","t":"22:51:00","h":"Ouest","s":"25N-H55NV10S-85-S"},{"r":"92","t":"22:51:00","h":"Ouest","s":"25N-H55NV20S-81-S"},{"r":"92","t":"22:51:00","h":"Ouest","s":"25S-H55S000S-82-S"},{"r":"92","t":"22:53:00","h":"Ouest","s":"25N-H55N000I-80-I"},{"r":"92","t":"22:53:00","h":"Ouest","s":"25N-H55N100F-80-F1"},{"r":"92","t":"22:53:00","h":"Ouest","s":"25N-H55N200F-80-F2"},{"r":"92","t":"22:53:00","h":"Ouest","s":"25N-H55N300F-80-F3"},{"r":"92","t":"22:53:00","h":"Ouest","s":"25N-H55N400F-80-F4"},{"r":"92","t":"22:53:00","h":"Ouest","s":"25N-H55NV10I-80-I"},{"r":"92","t":"22:53:00","h":"Ouest","s":"25N-H55NV20I-80-I"},{"r":"92","t":"22:53:00","h":"Ouest","s":"25S-H55S000I-80-I"},{"r":"92","t":"22:53:00","h":"Ouest","s":"25S-H55S100F-80-F1"},{"r":"92","t":"22:53:00","h":"Ouest","s":"25S-H55S200F-80-F2"},{"r":"92","t":"23:20:00","h":"Ouest","s":"25N-H55N000A-80-A"},{"r":"92","t":"23:20:00","h":"Ouest","s":"25N-H55NV10A-80-A"},{"r":"92","t":"23:20:00","h":"Ouest","s":"25N-H55NV20A-80-A"},{"r":"92","t":"23:20:00","h":"Ouest","s":"25S-H55S000A-80-A"},{"r":"92","t":"23:21:00","h":"Ouest","s":"25N-H55N000S-80-S"},{"r":"92","t":"23:21:00","h":"Ouest","s":"25N-H55N000S-82-S"},{"r":"92","t":"23:21:00","h":"Ouest","s":"25N-H55NV10S-85-S"},{"r":"92","t":"23:21:00","h":"Ouest","s":"25N-H55NV20S-81-S"},{"r":"92","t":"23:21:00","h":"Ouest","s":"25S-H55S000S-82-S"},{"r":"92","t":"23:25:00","h":"Ouest","s":"25N-H55N000I-80-I"},{"r":"92","t":"23:25:00","h":"Ouest","s":"25N-H55N100F-80-F1"},{"r":"92","t":"23:25:00","h":"Ouest","s":"25N-H55N200F-80-F2"},{"r":"92","t":"23:25:00","h":"Ouest","s":"25N-H55N300F-80-F3"},{"r":"92","t":"23:25:00","h":"Ouest","s":"25N-H55N400F-80-F4"},{"r":"92","t":"23:25:00","h":"Ouest","s":"25N-H55NV10I-80-I"},{"r":"92","t":"23:25:00","h":"Ouest","s":"25N-H55NV20I-80-I"},{"r":"92","t":"23:25:00","h":"Ouest","s":"25S-H55S000I-80-I"},{"r":"92","t":"23:25:00","h":"Ouest","s":"25S-H55S100F-80-F1"},{"r":"92","t":"23:25:00","h":"Ouest","s":"25S-H55S200F-80-F2"},{"r":"92","t":"23:50:00","h":"Ouest","s":"25N-H55N000S-80-S"},{"r":"92","t":"23:50:00","h":"Ouest","s":"25N-H55N000S-82-S"},{"r":"92","t":"23:50:00","h":"Ouest","s":"25N-H55NV10S-85-S"},{"r":"92","t":"23:50:00","h":"Ouest","s":"25N-H55NV20S-81-S"},{"r":"92","t":"23:50:00","h":"Ouest","s":"25S-H55S000S-82-S"},{"r":"92","t":"23:52:00","h":"Ouest","s":"25N-H55N000A-80-A"},{"r":"92","t":"23:52:00","h":"Ouest","s":"25N-H55NV10A-80-A"},{"r":"92","t":"23:52:00","h":"Ouest","s":"25N-H55NV20A-80-A"},{"r":"92","t":"23:52:00","h":"Ouest","s":"25S-H55S000A-80-A"},{"r":"92","t":"23:56:00","h":"Ouest","s":"25N-H55N000I-80-I"},{"r":"92","t":"23:56:00","h":"Ouest","s":"25N-H55N100F-80-F1"},{"r":"92","t":"23:56:00","h":"Ouest","s":"25N-H55N200F-80-F2"},{"r":"92","t":"23:56:00","h":"Ouest","s":"25N-H55N300F-80-F3"},{"r":"92","t":"23:56:00","h":"Ouest","s":"25N-H55N400F-80-F4"},{"r":"92","t":"23:56:00","h":"Ouest","s":"25N-H55NV10I-80-I"},{"r":"92","t":"23:56:00","h":"Ouest","s":"25N-H55NV20I-80-I"},{"r":"92","t":"23:56:00","h":"Ouest","s":"25S-H55S000I-80-I"},{"r":"92","t":"23:56:00","h":"Ouest","s":"25S-H55S100F-80-F1"},{"r":"92","t":"23:56:00","h":"Ouest","s":"25S-H55S200F-80-F2"},{"r":"92","t":"24:18:00","h":"Ouest","s":"25N-H55N000S-80-S"},{"r":"92","t":"24:18:00","h":"Ouest","s":"25N-H55N000S-82-S"},{"r":"92","t":"24:18:00","h":"Ouest","s":"25N-H55NV10S-85-S"},{"r":"92","t":"24:18:00","h":"Ouest","s":"25N-H55NV20S-81-S"},{"r":"92","t":"24:18:00","h":"Ouest","s":"25S-H55S000S-82-S"},{"r":"92","t":"24:24:00","h":"Ouest","s":"25N-H55N000A-80-A"},{"r":"92","t":"24:24:00","h":"Ouest","s":"25N-H55NV10A-80-A"},{"r":"92","t":"24:24:00","h":"Ouest","s":"25N-H55NV20A-80-A"},{"r":"92","t":"24:24:00","h":"Ouest","s":"25S-H55S000A-80-A"},{"r":"92","t":"24:29:00","h":"Ouest","s":"25N-H55N000I-80-I"},{"r":"92","t":"24:29:00","h":"Ouest","s":"25N-H55N100F-80-F1"},{"r":"92","t":"24:29:00","h":"Ouest","s":"25N-H55N200F-80-F2"},{"r":"92","t":"24:29:00","h":"Ouest","s":"25N-H55N300F-80-F3"},{"r":"92","t":"24:29:00","h":"Ouest","s":"25N-H55N400F-80-F4"},{"r":"92","t":"24:29:00","h":"Ouest","s":"25N-H55NV10I-80-I"},{"r":"92","t":"24:29:00","h":"Ouest","s":"25N-H55NV20I-80-I"},{"r":"92","t":"24:29:00","h":"Ouest","s":"25S-H55S000I-80-I"},{"r":"92","t":"24:29:00","h":"Ouest","s":"25S-H55S100F-80-F1"},{"r":"92","t":"24:29:00","h":"Ouest","s":"25S-H55S200F-80-F2"},{"r":"92","t":"24:48:00","h":"Ouest","s":"25N-H55N000S-80-S"},{"r":"92","t":"24:48:00","h":"Ouest","s":"25N-H55N000S-82-S"},{"r":"92","t":"24:48:00","h":"Ouest","s":"25N-H55NV10S-85-S"},{"r":"92","t":"24:48:00","h":"Ouest","s":"25N-H55NV20S-81-S"},{"r":"92","t":"24:48:00","h":"Ouest","s":"25S-H55S000S-82-S"},{"r":"92","t":"24:56:00","h":"Ouest","s":"25N-H55N000A-80-A"},{"r":"92","t":"24:56:00","h":"Ouest","s":"25N-H55NV10A-80-A"},{"r":"92","t":"24:56:00","h":"Ouest","s":"25N-H55NV20A-80-A"},{"r":"92","t":"24:56:00","h":"Ouest","s":"25S-H55S000A-80-A"},{"r":"92","t":"25:02:00","h":"Ouest","s":"25N-H55N000I-80-I"},{"r":"92","t":"25:02:00","h":"Ouest","s":"25N-H55N100F-80-F1"},{"r":"92","t":"25:02:00","h":"Ouest","s":"25N-H55N200F-80-F2"},{"r":"92","t":"25:02:00","h":"Ouest","s":"25N-H55N300F-80-F3"},{"r":"92","t":"25:02:00","h":"Ouest","s":"25N-H55N400F-80-F4"},{"r":"92","t":"25:02:00","h":"Ouest","s":"25N-H55NV10I-80-I"},{"r":"92","t":"25:02:00","h":"Ouest","s":"25N-H55NV20I-80-I"},{"r":"92","t":"25:02:00","h":"Ouest","s":"25S-H55S000I-80-I"},{"r":"92","t":"25:02:00","h":"Ouest","s":"25S-H55S100F-80-F1"},{"r":"92","t":"25:02:00","h":"Ouest","s":"25S-H55S200F-80-F2"},{"r":"92","t":"25:22:00","h":"Ouest","s":"25N-H55N000S-80-S"},{"r":"92","t":"25:22:00","h":"Ouest","s":"25N-H55N000S-82-S"},{"r":"92","t":"25:22:00","h":"Ouest","s":"25N-H55NV10S-85-S"},{"r":"92","t":"25:22:00","h":"Ouest","s":"25N-H55NV20S-81-S"},{"r":"92","t":"25:22:00","h":"Ouest","s":"25S-H55S000S-82-S"},{"r":"92","t":"25:29:00","h":"Ouest","s":"25N-H55N000A-80-A"},{"r":"92","t":"25:29:00","h":"Ouest","s":"25N-H55NV10A-80-A"},{"r":"92","t":"25:29:00","h":"Ouest","s":"25N-H55NV20A-80-A"},{"r":"92","t":"25:29:00","h":"Ouest","s":"25S-H55S000A-80-A"},{"r":"92","t":"25:35:00","h":"Ouest","s":"25N-H55N000I-80-I"},{"r":"92","t":"25:35:00","h":"Ouest","s":"25N-H55N100F-80-F1"},{"r":"92","t":"25:35:00","h":"Ouest","s":"25N-H55N200F-80-F2"},{"r":"92","t":"25:35:00","h":"Ouest","s":"25N-H55N300F-80-F3"},{"r":"92","t":"25:35:00","h":"Ouest","s":"25N-H55N400F-80-F4"},{"r":"92","t":"25:35:00","h":"Ouest","s":"25N-H55NV10I-80-I"},{"r":"92","t":"25:35:00","h":"Ouest","s":"25N-H55NV20I-80-I"},{"r":"92","t":"25:35:00","h":"Ouest","s":"25S-H55S000I-80-I"},{"r":"92","t":"25:35:00","h":"Ouest","s":"25S-H55S100F-80-F1"},{"r":"92","t":"25:35:00","h":"Ouest","s":"25S-H55S200F-80-F2"},{"r":"92","t":"26:03:00","h":"Ouest","s":"25N-H55N000A-80-A"},{"r":"92","t":"26:03:00","h":"Ouest","s":"25N-H55N000S-80-S"},{"r":"92","t":"26:03:00","h":"Ouest","s":"25N-H55N000S-82-S"},{"r":"92","t":"26:03:00","h":"Ouest","s":"25N-H55NV10A-80-A"},{"r":"92","t":"26:03:00","h":"Ouest","s":"25N-H55NV10S-85-S"},{"r":"92","t":"26:03:00","h":"Ouest","s":"25N-H55NV20A-80-A"},{"r":"92","t":"26:03:00","h":"Ouest","s":"25N-H55NV20S-81-S"},{"r":"92","t":"26:03:00","h":"Ouest","s":"25S-H55S000A-80-A"},{"r":"92","t":"26:03:00","h":"Ouest","s":"25S-H55S000S-82-S"},{"r":"92","t":"26:04:00","h":"Ouest","s":"25N-H55N000I-80-I"},{"r":"92","t":"26:04:00","h":"Ouest","s":"25N-H55N100F-80-F1"},{"r":"92","t":"26:04:00","h":"Ouest","s":"25N-H55N200F-80-F2"},{"r":"92","t":"26:04:00","h":"Ouest","s":"25N-H55N300F-80-F3"},{"r":"92","t":"26:04:00","h":"Ouest","s":"25N-H55N400F-80-F4"},{"r":"92","t":"26:04:00","h":"Ouest","s":"25N-H55NV10I-80-I"},{"r":"92","t":"26:04:00","h":"Ouest","s":"25N-H55NV20I-80-I"},{"r":"92","t":"26:04:00","h":"Ouest","s":"25S-H55S000I-80-I"},{"r":"92","t":"26:04:00","h":"Ouest","s":"25S-H55S100F-80-F1"},{"r":"92","t":"26:04:00","h":"Ouest","s":"25S-H55S200F-80-F2"},{"r":"372","t":"26:14:00","h":"Ouest","s":"25N-H54N000S-80-S"},{"r":"372","t":"26:14:00","h":"Ouest","s":"25N-H54NV10S-82-S"},{"r":"372","t":"26:14:00","h":"Ouest","s":"25N-H54NV20S-80-S"},{"r":"372","t":"26:14:00","h":"Ouest","s":"25S-H54S000S-82-S"},{"r":"372","t":"26:31:00","h":"Ouest","s":"25N-H54N000A-80-A"},{"r":"372","t":"26:31:00","h":"Ouest","s":"25N-H54NV10A-80-A"},{"r":"372","t":"26:31:00","h":"Ouest","s":"25N-H54NV20A-80-A"},{"r":"372","t":"26:31:00","h":"Ouest","s":"25S-H54S000A-83-A"},{"r":"372","t":"26:36:00","h":"Ouest","s":"25N-H54N000I-80-I"},{"r":"372","t":"26:36:00","h":"Ouest","s":"25N-H54N100F-80-F1"},{"r":"372","t":"26:36:00","h":"Ouest","s":"25N-H54N200F-80-F2"},{"r":"372","t":"26:36:00","h":"Ouest","s":"25N-H54N300F-80-F3"},{"r":"372","t":"26:36:00","h":"Ouest","s":"25N-H54N400F-80-F4"},{"r":"372","t":"26:36:00","h":"Ouest","s":"25N-H54NV10I-80-I"},{"r":"372","t":"26:36:00","h":"Ouest","s":"25N-H54NV20I-80-I"},{"r":"372","t":"26:36:00","h":"Ouest","s":"25S-H54S000I-82-I"},{"r":"372","t":"26:36:00","h":"Ouest","s":"25S-H54S100F-80-F1"},{"r":"372","t":"26:36:00","h":"Ouest","s":"25S-H54S200F-80-F2"},{"r":"372","t":"26:54:00","h":"Ouest","s":"25N-H54N000S-80-S"},{"r":"372","t":"26:54:00","h":"Ouest","s":"25N-H54NV10S-82-S"},{"r":"372","t":"26:54:00","h":"Ouest","s":"25N-H54NV20S-80-S"},{"r":"372","t":"26:54:00","h":"Ouest","s":"25S-H54S000S-82-S"},{"r":"372","t":"27:21:00","h":"Ouest","s":"25N-H54N000A-80-A"},{"r":"372","t":"27:21:00","h":"Ouest","s":"25N-H54N000I-80-I"},{"r":"372","t":"27:21:00","h":"Ouest","s":"25N-H54N100F-80-F1"},{"r":"372","t":"27:21:00","h":"Ouest","s":"25N-H54N200F-80-F2"},{"r":"372","t":"27:21:00","h":"Ouest","s":"25N-H54N300F-80-F3"},{"r":"372","t":"27:21:00","h":"Ouest","s":"25N-H54N400F-80-F4"},{"r":"372","t":"27:21:00","h":"Ouest","s":"25N-H54NV10A-80-A"},{"r":"372","t":"27:21:00","h":"Ouest","s":"25N-H54NV10I-80-I"},{"r":"372","t":"27:21:00","h":"Ouest","s":"25N-H54NV20A-80-A"},{"r":"372","t":"27:21:00","h":"Ouest","s":"25N-H54NV20I-80-I"},{"r":"372","t":"27:21:00","h":"Ouest","s":"25S-H54S000A-83-A"},{"r":"372","t":"27:21:00","h":"Ouest","s":"25S-H54S000I-82-I"},{"r":"372","t":"27:21:00","h":"Ouest","s":"25S-H54S100F-80-F1"},{"r":"372","t":"27:21:00","h":"Ouest","s":"25S-H54S200F-80-F2"},{"r":"372","t":"27:34:00","h":"Ouest","s":"25N-H54N000S-80-S"},{"r":"372","t":"27:34:00","h":"Ouest","s":"25N-H54NV10S-82-S"},{"r":"372","t":"27:34:00","h":"Ouest","s":"25N-H54NV20S-80-S"},{"r":"372","t":"27:34:00","h":"Ouest","s":"25S-H54S000S-82-S"},{"r":"372","t":"28:06:00","h":"Ouest","s":"25N-H54N000A-80-A"},{"r":"372","t":"28:06:00","h":"Ouest","s":"25N-H54NV10A-80-A"},{"r":"372","t":"28:06:00","h":"Ouest","s":"25N-H54NV20A-80-A"},{"r":"372","t":"28:06:00","h":"Ouest","s":"25S-H54S000A-83-A"},{"r":"372","t":"28:07:00","h":"Ouest","s":"25N-H54N000I-80-I"},{"r":"372","t":"28:07:00","h":"Ouest","s":"25N-H54N100F-80-F1"},{"r":"372","t":"28:07:00","h":"Ouest","s":"25N-H54N200F-80-F2"},{"r":"372","t":"28:07:00","h":"Ouest","s":"25N-H54N300F-80-F3"},{"r":"372","t":"28:07:00","h":"Ouest","s":"25N-H54N400F-80-F4"},{"r":"372","t":"28:07:00","h":"Ouest","s":"25N-H54NV10I-80-I"},{"r":"372","t":"28:07:00","h":"Ouest","s":"25N-H54NV20I-80-I"},{"r":"372","t":"28:07:00","h":"Ouest","s":"25S-H54S000I-82-I"},{"r":"372","t":"28:07:00","h":"Ouest","s":"25S-H54S100F-80-F1"},{"r":"372","t":"28:07:00","h":"Ouest","s":"25S-H54S200F-80-F2"},{"r":"372","t":"28:16:00","h":"Ouest","s":"25N-H54N000S-80-S"},{"r":"372","t":"28:16:00","h":"Ouest","s":"25N-H54NV10S-82-S"},{"r":"372","t":"28:16:00","h":"Ouest","s":"25N-H54NV20S-80-S"},{"r":"372","t":"28:16:00","h":"Ouest","s":"25S-H54S000S-82-S"},{"r":"372","t":"28:50:00","h":"Ouest","s":"25N-H54N000A-80-A"},{"r":"372","t":"28:50:00","h":"Ouest","s":"25N-H54NV10A-80-A"},{"r":"372","t":"28:50:00","h":"Ouest","s":"25N-H54NV20A-80-A"},{"r":"372","t":"28:50:00","h":"Ouest","s":"25S-H54S000A-83-A"},{"r":"372","t":"28:53:00","h":"Ouest","s":"25N-H54N000I-80-I"},{"r":"372","t":"28:53:00","h":"Ouest","s":"25N-H54N100F-80-F1"},{"r":"372","t":"28:53:00","h":"Ouest","s":"25N-H54N200F-80-F2"},{"r":"372","t":"28:53:00","h":"Ouest","s":"25N-H54N300F-80-F3"},{"r":"372","t":"28:53:00","h":"Ouest","s":"25N-H54N400F-80-F4"},{"r":"372","t":"28:53:00","h":"Ouest","s":"25N-H54NV10I-80-I"},{"r":"372","t":"28:53:00","h":"Ouest","s":"25N-H54NV20I-80-I"},{"r":"372","t":"28:53:00","h":"Ouest","s":"25S-H54S000I-82-I"},{"r":"372","t":"28:53:00","h":"Ouest","s":"25S-H54S100F-80-F1"},{"r":"372","t":"28:53:00","h":"Ouest","s":"25S-H54S200F-80-F2"},{"r":"372","t":"29:02:00","h":"Ouest","s":"25N-H54N000S-80-S"},{"r":"372","t":"29:02:00","h":"Ouest","s":"25N-H54NV10S-82-S"},{"r":"372","t":"29:02:00","h":"Ouest","s":"25N-H54NV20S-80-S"},{"r":"372","t":"29:02:00","h":"Ouest","s":"25S-H54S000S-82-S"},{"r":"372","t":"29:40:00","h":"Ouest","s":"25N-H54N000A-80-A"},{"r":"372","t":"29:40:00","h":"Ouest","s":"25N-H54NV10A-80-A"},{"r":"372","t":"29:40:00","h":"Ouest","s":"25N-H54NV20A-80-A"},{"r":"372","t":"29:40:00","h":"Ouest","s":"25S-H54S000A-83-A"},{"r":"372","t":"29:42:00","h":"Ouest","s":"25N-H54N000I-80-I"},{"r":"372","t":"29:42:00","h":"Ouest","s":"25N-H54N100F-80-F1"},{"r":"372","t":"29:42:00","h":"Ouest","s":"25N-H54N200F-80-F2"},{"r":"372","t":"29:42:00","h":"Ouest","s":"25N-H54N300F-80-F3"},{"r":"372","t":"29:42:00","h":"Ouest","s":"25N-H54N400F-80-F4"},{"r":"372","t":"29:42:00","h":"Ouest","s":"25N-H54NV10I-80-I"},{"r":"372","t":"29:42:00","h":"Ouest","s":"25N-H54NV20I-80-I"},{"r":"372","t":"29:42:00","h":"Ouest","s":"25S-H54S000I-82-I"},{"r":"372","t":"29:42:00","h":"Ouest","s":"25S-H54S100F-80-F1"},{"r":"372","t":"29:42:00","h":"Ouest","s":"25S-H54S200F-80-F2"},{"r":"372","t":"29:51:00","h":"Ouest","s":"25N-H54N000S-80-S"},{"r":"372","t":"29:51:00","h":"Ouest","s":"25N-H54NV10S-82-S"},{"r":"372","t":"29:51:00","h":"Ouest","s":"25N-H54NV20S-80-S"},{"r":"372","t":"29:51:00","h":"Ouest","s":"25S-H54S000S-82-S"}]