[{"r":"52","t":"15:30:00","h":"Est","s":"25N-H58N000S-80-S"},{"r":"52","t":"15:30:00","h":"Est","s":"25N-H58NV10S-80-S"},{"r":"52","t":"15:30:00","h":"Est","s":"25N-H58NV20S-80-S"},{"r":"52","t":"15:30:00","h":"Est","s":"25S-H58S000S-80-S"},{"r":"52","t":"16:00:00","h":"Est","s":"25N-H58N000S-80-S"},{"r":"52","t":"16:00:00","h":"Est","s":"25N-H58NV10S-80-S"},{"r":"52","t":"16:00:00","h":"Est","s":"25N-H58NV20S-80-S"},{"r":"52","t":"16:00:00","h":"Est","s":"25S-H58S000S-80-S"},{"r":"52","t":"16:27:00","h":"Est","s":"25N-H58N000S-80-S"},{"r":"52","t":"16:27:00","h":"Est","s":"25N-H58NV10S-80-S"},{"r":"52","t":"16:27:00","h":"Est","s":"25N-H58NV20S-80-S"},{"r":"52","t":"16:27:00","h":"Est","s":"25S-H58S000S-80-S"},{"r":"52","t":"16:58:00","h":"Est","s":"25N-H58N000S-80-S"},{"r":"52","t":"16:58:00","h":"Est","s":"25N-H58NV10S-80-S"},{"r":"52","t":"16:58:00","h":"Est","s":"25N-H58NV20S-80-S"},{"r":"52","t":"16:58:00","h":"Est","s":"25S-H58S000S-80-S"},{"r":"52","t":"17:29:00","h":"Est","s":"25N-H58N000S-80-S"},{"r":"52","t":"17:29:00","h":"Est","s":"25N-H58NV10S-80-S"},{"r":"52","t":"17:29:00","h":"Est","s":"25N-H58NV20S-80-S"},{"r":"52","t":"17:29:00","h":"Est","s":"25S-H58S000S-80-S"},{"r":"52","t":"17:58:00","h":"Est","s":"25N-H58N000S-80-S"},{"r":"52","t":"17:58:00","h":"Est","s":"25N-H58NV10S-80-S"},{"r":"52","t":"17:58:00","h":"Est","s":"25N-H58NV20S-80-S"},{"r":"52","t":"17:58:00","h":"Est","s":"25S-H58S000S-80-S"}]