[{"r":"365","t":"26:03:48","h":"Nord","s":"25N-H58N000I-80-I"},{"r":"365","t":"26:03:48","h":"Nord","s":"25N-H58N100F-80-F1"},{"r":"365","t":"26:03:48","h":"Nord","s":"25N-H58N200F-80-F2"},{"r":"365","t":"26:03:48","h":"Nord","s":"25N-H58N300F-80-F3"},{"r":"365","t":"26:03:48","h":"Nord","s":"25N-H58N400F-80-F4"},{"r":"365","t":"26:03:48","h":"Nord","s":"25N-H58NV10I-80-I"},{"r":"365","t":"26:03:48","h":"Nord","s":"25N-H58NV20I-80-I"},{"r":"365","t":"26:03:48","h":"Nord","s":"25S-H58S000I-80-I"},{"r":"365","t":"26:03:48","h":"Nord","s":"25S-H58S100F-80-F1"},{"r":"365","t":"26:03:48","h":"Nord","s":"25S-H58S200F-80-F2"},{"r":"365","t":"26:06:31","h":"Nord","s":"25N-H58N000S-80-S"},{"r":"365","t":"26:06:31","h":"Nord","s":"25N-H58NV10S-80-S"},{"r":"365","t":"26:06:31","h":"Nord","s":"25N-H58NV20S-80-S"},{"r":"365","t":"26:06:31","h":"Nord","s":"25S-H58S000S-80-S"},{"r":"365","t":"26:38:48","h":"Nord","s":"25N-H58N000A-80-A"},{"r":"365","t":"26:38:48","h":"Nord","s":"25N-H58NV10A-80-A"},{"r":"365","t":"26:38:48","h":"Nord","s":"25N-H58NV20A-80-A"},{"r":"365","t":"26:38:48","h":"Nord","s":"25S-H58S000A-80-A"},{"r":"365","t":"26:43:48","h":"Nord","s":"25N-H58N000I-80-I"},{"r":"365","t":"26:43:48","h":"Nord","s":"25N-H58N100F-80-F1"},{"r":"365","t":"26:43:48","h":"Nord","s":"25N-H58N200F-80-F2"},{"r":"365","t":"26:43:48","h":"Nord","s":"25N-H58N300F-80-F3"},{"r":"365","t":"26:43:48","h":"Nord","s":"25N-H58N400F-80-F4"},{"r":"365","t":"26:43:48","h":"Nord","s":"25N-H58NV10I-80-I"},{"r":"365","t":"26:43:48","h":"Nord","s":"25N-H58NV20I-80-I"},{"r":"365","t":"26:43:48","h":"Nord","s":"25S-H58S000I-80-I"},{"r":"365","t":"26:43:48","h":"Nord","s":"25S-H58S100F-80-F1"},{"r":"365","t":"26:43:48","h":"Nord","s":"25S-H58S200F-80-F2"},{"r":"365","t":"26:44:31","h":"Nord","s":"25N-H58N000S-80-S"},{"r":"365","t":"26:44:31","h":"Nord","s":"25N-H58NV10S-80-S"},{"r":"365","t":"26:44:31","h":"Nord","s":"25N-H58NV20S-80-S"},{"r":"365","t":"26:44:31","h":"Nord","s":"25S-H58S000S-80-S"},{"r":"365","t":"27:09:48","h":"Nord","s":"25N-H58N000A-80-A"},{"r":"365","t":"27:09:48","h":"Nord","s":"25N-H58NV10A-80-A"},{"r":"365","t":"27:09:48","h":"Nord","s":"25N-H58NV20A-80-A"},{"r":"365","t":"27:09:48","h":"Nord","s":"25S-H58S000A-80-A"},{"r":"365","t":"27:22:31","h":"Nord","s":"25N-H58N000S-80-S"},{"r":"365","t":"27:22:31","h":"Nord","s":"25N-H58NV10S-80-S"},{"r":"365","t":"27:22:31","h":"Nord","s":"25N-H58NV20S-80-S"},{"r":"365","t":"27:22:31","h":"Nord","s":"25S-H58S000S-80-S"},{"r":"365","t":"27:23:48","h":"Nord","s":"25N-H58N000I-80-I"},{"r":"365","t":"27:23:48","h":"Nord","s":"25N-H58N100F-80-F1"},{"r":"365","t":"27:23:48","h":"Nord","s":"25N-H58N200F-80-F2"},{"r":"365","t":"27:23:48","h":"Nord","s":"25N-H58N300F-80-F3"},{"r":"365","t":"27:23:48","h":"Nord","s":"25N-H58N400F-80-F4"},{"r":"365","t":"27:23:48","h":"Nord","s":"25N-H58NV10I-80-I"},{"r":"365","t":"27:23:48","h":"Nord","s":"25N-H58NV20I-80-I"},{"r":"365","t":"27:23:48","h":"Nord","s":"25S-H58S000I-80-I"},{"r":"365","t":"27:23:48","h":"Nord","s":"25S-H58S100F-80-F1"},{"r":"365","t":"27:23:48","h":"Nord","s":"25S-H58S200F-80-F2"},{"r":"365","t":"27:42:48","h":"Nord","s":"25N-H58N000A-80-A"},{"r":"365","t":"27:42:48","h":"Nord","s":"25N-H58NV10A-80-A"},{"r":"365","t":"27:42:48","h":"Nord","s":"25N-H58NV20A-80-A"},{"r":"365","t":"27:42:48","h":"Nord","s":"25S-H58S000A-80-A"},{"r":"365","t":"28:02:31","h":"Nord","s":"25N-H58N000S-80-S"},{"r":"365","t":"28:02:31","h":"Nord","s":"25N-H58NV10S-80-S"},{"r":"365","t":"28:02:31","h":"Nord","s":"25N-H58NV20S-80-S"},{"r":"365","t":"28:02:31","h":"Nord","s":"25S-H58S000S-80-S"},{"r":"365","t":"28:02:48","h":"Nord","s":"25N-H58N000I-80-I"},{"r":"365","t":"28:02:48","h":"Nord","s":"25N-H58N100F-80-F1"},{"r":"365","t":"28:02:48","h":"Nord","s":"25N-H58N200F-80-F2"},{"r":"365","t":"28:02:48","h":"Nord","s":"25N-H58N300F-80-F3"},{"r":"365","t":"28:02:48","h":"Nord","s":"25N-H58N400F-80-F4"},{"r":"365","t":"28:02:48","h":"Nord","s":"25N-H58NV10I-80-I"},{"r":"365","t":"28:02:48","h":"Nord","s":"25N-H58NV20I-80-I"},{"r":"365","t":"28:02:48","h":"Nord","s":"25S-H58S000I-80-I"},{"r":"365","t":"28:02:48","h":"Nord","s":"25S-H58S100F-80-F1"},{"r":"365","t":"28:02:48","h":"Nord","s":"25S-H58S200F-80-F2"},{"r":"365","t":"28:13:31","h":"Nord","s":"25N-H58N000A-80-A"},{"r":"365","t":"28:13:31","h":"Nord","s":"25N-H58NV10A-80-A"},{"r":"365","t":"28:13:31","h":"Nord","s":"25N-H58NV20A-80-A"},{"r":"365","t":"28:13:31","h":"Nord","s":"25S-H58S000A-80-A"},{"r":"365","t":"28:41:31","h":"Nord","s":"25N-H58N000S-80-S"},{"r":"365","t":"28:41:31","h":"Nord","s":"25N-H58NV10S-80-S"},{"r":"365","t":"28:41:31","h":"Nord","s":"25N-H58NV20S-80-S"},{"r":"365","t":"28:41:31","h":"Nord","s":"25S-H58S000S-80-S"},{"r":"365","t":"28:41:48","h":"Nord","s":"25N-H58N000I-80-I"},{"r":"365","t":"28:41:48","h":"Nord","s":"25N-H58N100F-80-F1"},{"r":"365","t":"28:41:48","h":"Nord","s":"25N-H58N200F-80-F2"},{"r":"365","t":"28:41:48","h":"Nord","s":"25N-H58N300F-80-F3"},{"r":"365","t":"28:41:48","h":"Nord","s":"25N-H58N400F-80-F4"},{"r":"365","t":"28:41:48","h":"Nord","s":"25N-H58NV10I-80-I"},{"r":"365","t":"28:41:48","h":"Nord","s":"25N-H58NV20I-80-I"},{"r":"365","t":"28:41:48","h":"Nord","s":"25S-H58S000I-80-I"},{"r":"365","t":"28:41:48","h":"Nord","s":"25S-H58S100F-80-F1"},{"r":"365","t":"28:41:48","h":"Nord","s":"25S-H58S200F-80-F2"},{"r":"365","t":"28:49:31","h":"Nord","s":"25N-H58N000A-80-A"},{"r":"365","t":"28:49:31","h":"Nord","s":"25N-H58NV10A-80-A"},{"r":"365","t":"28:49:31","h":"Nord","s":"25N-H58NV20A-80-A"},{"r":"365","t":"28:49:31","h":"Nord","s":"25S-H58S000A-80-A"},{"r":"365","t":"29:21:31","h":"Nord","s":"25N-H58N000S-80-S"},{"r":"365","t":"29:21:31","h":"Nord","s":"25N-H58NV10S-80-S"},{"r":"365","t":"29:21:31","h":"Nord","s":"25N-H58NV20S-80-S"},{"r":"365","t":"29:21:31","h":"Nord","s":"25S-H58S000S-80-S"},{"r":"365","t":"29:21:48","h":"Nord","s":"25N-H58N000I-80-I"},{"r":"365","t":"29:21:48","h":"Nord","s":"25N-H58N100F-80-F1"},{"r":"365","t":"29:21:48","h":"Nord","s":"25N-H58N200F-80-F2"},{"r":"365","t":"29:21:48","h":"Nord","s":"25N-H58N300F-80-F3"},{"r":"365","t":"29:21:48","h":"Nord","s":"25N-H58N400F-80-F4"},{"r":"365","t":"29:21:48","h":"Nord","s":"25N-H58NV10I-80-I"},{"r":"365","t":"29:21:48","h":"Nord","s":"25N-H58NV20I-80-I"},{"r":"365","t":"29:21:48","h":"Nord","s":"25S-H58S000I-80-I"},{"r":"365","t":"29:21:48","h":"Nord","s":"25S-H58S100F-80-F1"},{"r":"365","t":"29:21:48","h":"Nord","s":"25S-H58S200F-80-F2"},{"r":"365","t":"29:26:31","h":"Nord","s":"25N-H58N000A-80-A"},{"r":"365","t":"29:26:31","h":"Nord","s":"25N-H58NV10A-80-A"},{"r":"365","t":"29:26:31","h":"Nord","s":"25N-H58NV20A-80-A"},{"r":"365","t":"29:26:31","h":"Nord","s":"25S-H58S000A-80-A"}]