[{"r":"138","t":"06:02:00","h":"Est","s":"25N-H56N000S-80-S"},{"r":"138","t":"06:02:00","h":"Est","s":"25N-H56NV10S-80-S"},{"r":"138","t":"06:02:00","h":"Est","s":"25N-H56NV20S-80-S"},{"r":"138","t":"06:02:00","h":"Est","s":"25S-H56S000S-80-S"},{"r":"138","t":"06:14:00","h":"Est","s":"25N-H56N000A-80-A"},{"r":"138","t":"06:14:00","h":"Est","s":"25N-H56NV10A-80-A"},{"r":"138","t":"06:14:00","h":"Est","s":"25N-H56NV20A-80-A"},{"r":"138","t":"06:14:00","h":"Est","s":"25S-H56S000A-80-A"},{"r":"138","t":"06:22:00","h":"Est","s":"25N-H56N000I-80-I"},{"r":"138","t":"06:22:00","h":"Est","s":"25N-H56N100F-80-F1"},{"r":"138","t":"06:22:00","h":"Est","s":"25N-H56N200F-80-F2"},{"r":"138","t":"06:22:00","h":"Est","s":"25N-H56N300F-80-F3"},{"r":"138","t":"06:22:00","h":"Est","s":"25N-H56N400F-80-F4"},{"r":"138","t":"06:22:00","h":"Est","s":"25N-H56NV10I-80-I"},{"r":"138","t":"06:22:00","h":"Est","s":"25N-H56NV20I-80-I"},{"r":"138","t":"06:22:00","h":"Est","s":"25S-H56S000I-80-I"},{"r":"138","t":"06:22:00","h":"Est","s":"25S-H56S100F-80-F1"},{"r":"138","t":"06:22:00","h":"Est","s":"25S-H56S200F-81-F2"},{"r":"420","t":"06:25:31","h":"Est","s":"25N-H56N000S-80-S"},{"r":"420","t":"06:25:31","h":"Est","s":"25N-H56NV10S-80-S"},{"r":"420","t":"06:25:31","h":"Est","s":"25N-H56NV20S-80-S"},{"r":"420","t":"06:25:31","h":"Est","s":"25S-H56S000S-80-S"},{"r":"104","t":"06:30:00","h":"Est","s":"25N-H56N000S-80-S"},{"r":"104","t":"06:30:00","h":"Est","s":"25N-H56NV10S-80-S"},{"r":"104","t":"06:30:00","h":"Est","s":"25N-H56NV20S-80-S"},{"r":"104","t":"06:30:00","h":"Est","s":"25S-H56S000S-80-S"},{"r":"104","t":"06:36:00","h":"Est","s":"25N-H56N000A-80-A"},{"r":"104","t":"06:36:00","h":"Est","s":"25N-H56NV10A-80-A"},{"r":"104","t":"06:36:00","h":"Est","s":"25N-H56NV20A-80-A"},{"r":"104","t":"06:36:00","h":"Est","s":"25S-H56S000A-80-A"},{"r":"138","t":"06:43:00","h":"Est","s":"25N-H56N000S-80-S"},{"r":"138","t":"06:43:00","h":"Est","s":"25N-H56NV10S-80-S"},{"r":"138","t":"06:43:00","h":"Est","s":"25N-H56NV20S-80-S"},{"r":"138","t":"06:43:00","h":"Est","s":"25S-H56S000S-80-S"},{"r":"104","t":"06:50:00","h":"Est","s":"25N-H56N000I-80-I"},{"r":"104","t":"06:50:00","h":"Est","s":"25N-H56N100F-80-F1"},{"r":"104","t":"06:50:00","h":"Est","s":"25N-H56N200F-80-F2"},{"r":"104","t":"06:50:00","h":"Est","s":"25N-H56N300F-80-F3"},{"r":"104","t":"06:50:00","h":"Est","s":"25N-H56N400F-80-F4"},{"r":"104","t":"06:50:00","h":"Est","s":"25N-H56NV10I-80-I"},{"r":"104","t":"06:50:00","h":"Est","s":"25N-H56NV20I-80-I"},{"r":"104","t":"06:50:00","h":"Est","s":"25S-H56S000I-80-I"},{"r":"104","t":"06:50:00","h":"Est","s":"25S-H56S100F-80-F1"},{"r":"104","t":"06:50:00","h":"Est","s":"25S-H56S200F-81-F2"},{"r":"420","t":"06:51:08","h":"Est","s":"25N-H56N000S-80-S"},{"r":"420","t":"06:51:08","h":"Est","s":"25N-H56NV10S-80-S"},{"r":"420","t":"06:51:08","h":"Est","s":"25N-H56NV20S-80-S"},{"r":"420","t":"06:51:08","h":"Est","s":"25S-H56S000S-80-S"},{"r":"138","t":"06:54:00","h":"Est","s":"25N-H56N000A-80-A"},{"r":"138","t":"06:54:00","h":"Est","s":"25N-H56NV10A-80-A"},{"r":"138","t":"06:54:00","h":"Est","s":"25N-H56NV20A-80-A"},{"r":"138","t":"06:54:00","h":"Est","s":"25S-H56S000A-80-A"},{"r":"104","t":"06:56:00","h":"Est","s":"25N-H50N000S-80-S"},{"r":"104","t":"06:56:00","h":"Est","s":"25N-H50N000S-90-S"},{"r":"104","t":"06:56:00","h":"Est","s":"25N-H50NV10S-90-S"},{"r":"104","t":"06:56:00","h":"Est","s":"25N-H50NV20S-90-S"},{"r":"104","t":"06:56:00","h":"Est","s":"25S-H50S000S-81-S"},{"r":"138","t":"07:00:00","h":"Est","s":"25N-H56N000I-80-I"},{"r":"138","t":"07:00:00","h":"Est","s":"25N-H56N100F-80-F1"},{"r":"138","t":"07:00:00","h":"Est","s":"25N-H56N200F-80-F2"},{"r":"138","t":"07:00:00","h":"Est","s":"25N-H56N300F-80-F3"},{"r":"138","t":"07:00:00","h":"Est","s":"25N-H56N400F-80-F4"},{"r":"138","t":"07:00:00","h":"Est","s":"25N-H56NV10I-80-I"},{"r":"138","t":"07:00:00","h":"Est","s":"25N-H56NV20I-80-I"},{"r":"138","t":"07:00:00","h":"Est","s":"25S-H56S000I-80-I"},{"r":"138","t":"07:00:00","h":"Est","s":"25S-H56S100F-80-F1"},{"r":"138","t":"07:00:00","h":"Est","s":"25S-H56S200F-81-F2"},{"r":"104","t":"07:06:00","h":"Est","s":"25N-H56N000S-80-S"},{"r":"104","t":"07:06:00","h":"Est","s":"25N-H56NV10S-80-S"},{"r":"104","t":"07:06:00","h":"Est","s":"25N-H56NV20S-80-S"},{"r":"104","t":"07:06:00","h":"Est","s":"25S-H56S000S-80-S"},{"r":"104","t":"07:10:00","h":"Est","s":"25N-H56N000A-80-A"},{"r":"104","t":"07:10:00","h":"Est","s":"25N-H56NV10A-80-A"},{"r":"104","t":"07:10:00","h":"Est","s":"25N-H56NV20A-80-A"},{"r":"104","t":"07:10:00","h":"Est","s":"25S-H56S000A-80-A"},{"r":"138","t":"07:12:00","h":"Est","s":"25N-H56N000S-80-S"},{"r":"138","t":"07:12:00","h":"Est","s":"25N-H56NV10S-80-S"},{"r":"138","t":"07:12:00","h":"Est","s":"25N-H56NV20S-80-S"},{"r":"138","t":"07:12:00","h":"Est","s":"25S-H56S000S-80-S"},{"r":"420","t":"07:14:08","h":"Est","s":"25N-H56N000S-80-S"},{"r":"420","t":"07:14:08","h":"Est","s":"25N-H56NV10S-80-S"},{"r":"420","t":"07:14:08","h":"Est","s":"25N-H56NV20S-80-S"},{"r":"420","t":"07:14:08","h":"Est","s":"25S-H56S000S-80-S"},{"r":"104","t":"07:17:00","h":"Est","s":"25N-H56N000S-80-S"},{"r":"104","t":"07:17:00","h":"Est","s":"25N-H56NV10S-80-S"},{"r":"104","t":"07:17:00","h":"Est","s":"25N-H56NV20S-80-S"},{"r":"104","t":"07:17:00","h":"Est","s":"25S-H56S000S-80-S"},{"r":"104","t":"07:20:00","h":"Est","s":"25N-H56N000I-80-I"},{"r":"104","t":"07:20:00","h":"Est","s":"25N-H56N100F-80-F1"},{"r":"104","t":"07:20:00","h":"Est","s":"25N-H56N200F-80-F2"},{"r":"104","t":"07:20:00","h":"Est","s":"25N-H56N300F-80-F3"},{"r":"104","t":"07:20:00","h":"Est","s":"25N-H56N400F-80-F4"},{"r":"104","t":"07:20:00","h":"Est","s":"25N-H56NV10I-80-I"},{"r":"104","t":"07:20:00","h":"Est","s":"25N-H56NV20I-80-I"},{"r":"104","t":"07:20:00","h":"Est","s":"25S-H56S000I-80-I"},{"r":"104","t":"07:20:00","h":"Est","s":"25S-H56S100F-80-F1"},{"r":"104","t":"07:20:00","h":"Est","s":"25S-H56S200F-81-F2"},{"r":"104","t":"07:23:00","h":"Est","s":"25N-H56N000S-80-S"},{"r":"104","t":"07:23:00","h":"Est","s":"25N-H56NV10S-80-S"},{"r":"104","t":"07:23:00","h":"Est","s":"25N-H56NV20S-80-S"},{"r":"104","t":"07:23:00","h":"Est","s":"25S-H56S000S-80-S"},{"r":"104","t":"07:28:00","h":"Est","s":"25N-H56N000A-80-A"},{"r":"104","t":"07:28:00","h":"Est","s":"25N-H56NV10A-80-A"},{"r":"104","t":"07:28:00","h":"Est","s":"25N-H56NV20A-80-A"},{"r":"104","t":"07:28:00","h":"Est","s":"25S-H56S000A-80-A"},{"r":"104","t":"07:29:00","h":"Est","s":"25N-H56N000S-80-S"},{"r":"104","t":"07:29:00","h":"Est","s":"25N-H56NV10S-80-S"},{"r":"104","t":"07:29:00","h":"Est","s":"25N-H56NV20S-80-S"},{"r":"104","t":"07:29:00","h":"Est","s":"25S-H56S000S-80-S"},{"r":"138","t":"07:35:00","h":"Est","s":"25N-H56N000A-80-A"},{"r":"104","t":"07:35:00","h":"Est","s":"25N-H56N000S-80-S"},{"r":"138","t":"07:35:00","h":"Est","s":"25N-H56NV10A-80-A"},{"r":"104","t":"07:35:00","h":"Est","s":"25N-H56NV10S-80-S"},{"r":"138","t":"07:35:00","h":"Est","s":"25N-H56NV20A-80-A"},{"r":"104","t":"07:35:00","h":"Est","s":"25N-H56NV20S-80-S"},{"r":"138","t":"07:35:00","h":"Est","s":"25S-H56S000A-80-A"},{"r":"104","t":"07:35:00","h":"Est","s":"25S-H56S000S-80-S"},{"r":"420","t":"07:36:46","h":"Est","s":"25N-H56N000S-80-S"},{"r":"420","t":"07:36:46","h":"Est","s":"25N-H56NV10S-80-S"},{"r":"420","t":"07:36:46","h":"Est","s":"25N-H56NV20S-80-S"},{"r":"420","t":"07:36:46","h":"Est","s":"25S-H56S000S-80-S"},{"r":"138","t":"07:39:00","h":"Est","s":"25N-H56N000I-80-I"},{"r":"138","t":"07:39:00","h":"Est","s":"25N-H56N100F-80-F1"},{"r":"138","t":"07:39:00","h":"Est","s":"25N-H56N200F-80-F2"},{"r":"138","t":"07:39:00","h":"Est","s":"25N-H56N300F-80-F3"},{"r":"138","t":"07:39:00","h":"Est","s":"25N-H56N400F-80-F4"},{"r":"138","t":"07:39:00","h":"Est","s":"25N-H56NV10I-80-I"},{"r":"138","t":"07:39:00","h":"Est","s":"25N-H56NV20I-80-I"},{"r":"138","t":"07:39:00","h":"Est","s":"25S-H56S000I-80-I"},{"r":"138","t":"07:39:00","h":"Est","s":"25S-H56S100F-80-F1"},{"r":"138","t":"07:39:00","h":"Est","s":"25S-H56S200F-81-F2"},{"r":"104","t":"07:41:00","h":"Est","s":"25N-H56N000S-80-S"},{"r":"104","t":"07:41:00","h":"Est","s":"25N-H56NV10S-80-S"},{"r":"104","t":"07:41:00","h":"Est","s":"25N-H56NV20S-80-S"},{"r":"104","t":"07:41:00","h":"Est","s":"25S-H56S000S-80-S"},{"r":"138","t":"07:43:00","h":"Est","s":"25N-H56N000S-80-S"},{"r":"138","t":"07:43:00","h":"Est","s":"25N-H56NV10S-80-S"},{"r":"138","t":"07:43:00","h":"Est","s":"25N-H56NV20S-80-S"},{"r":"138","t":"07:43:00","h":"Est","s":"25S-H56S000S-80-S"},{"r":"104","t":"07:48:00","h":"Est","s":"25N-H56N000S-80-S"},{"r":"104","t":"07:48:00","h":"Est","s":"25N-H56NV10S-80-S"},{"r":"104","t":"07:48:00","h":"Est","s":"25N-H56NV20S-80-S"},{"r":"104","t":"07:48:00","h":"Est","s":"25S-H56S000S-80-S"},{"r":"104","t":"07:54:00","h":"Est","s":"25N-H56N000S-80-S"},{"r":"104","t":"07:54:00","h":"Est","s":"25N-H56NV10S-80-S"},{"r":"104","t":"07:54:00","h":"Est","s":"25N-H56NV20S-80-S"},{"r":"104","t":"07:54:00","h":"Est","s":"25S-H56S000S-80-S"},{"r":"104","t":"08:00:00","h":"Est","s":"25N-H50N000S-80-S"},{"r":"104","t":"08:00:00","h":"Est","s":"25N-H50N000S-90-S"},{"r":"104","t":"08:00:00","h":"Est","s":"25N-H50NV10S-90-S"},{"r":"104","t":"08:00:00","h":"Est","s":"25N-H50NV20S-90-S"},{"r":"104","t":"08:00:00","h":"Est","s":"25S-H50S000S-81-S"},{"r":"420","t":"08:00:24","h":"Est","s":"25N-H56N000S-80-S"},{"r":"420","t":"08:00:24","h":"Est","s":"25N-H56NV10S-80-S"},{"r":"420","t":"08:00:24","h":"Est","s":"25N-H56NV20S-80-S"},{"r":"420","t":"08:00:24","h":"Est","s":"25S-H56S000S-80-S"},{"r":"104","t":"08:01:00","h":"Est","s":"25N-H56N000I-80-I"},{"r":"104","t":"08:01:00","h":"Est","s":"25N-H56N100F-80-F1"},{"r":"104","t":"08:01:00","h":"Est","s":"25N-H56N200F-80-F2"},{"r":"104","t":"08:01:00","h":"Est","s":"25N-H56N300F-80-F3"},{"r":"104","t":"08:01:00","h":"Est","s":"25N-H56N400F-80-F4"},{"r":"104","t":"08:01:00","h":"Est","s":"25N-H56NV10I-80-I"},{"r":"104","t":"08:01:00","h":"Est","s":"25N-H56NV20I-80-I"},{"r":"104","t":"08:01:00","h":"Est","s":"25S-H56S000I-80-I"},{"r":"104","t":"08:01:00","h":"Est","s":"25S-H56S100F-80-F1"},{"r":"104","t":"08:01:00","h":"Est","s":"25S-H56S200F-81-F2"},{"r":"104","t":"08:03:00","h":"Est","s":"25N-H56N000A-80-A"},{"r":"104","t":"08:03:00","h":"Est","s":"25N-H56NV10A-80-A"},{"r":"104","t":"08:03:00","h":"Est","s":"25N-H56NV20A-80-A"},{"r":"104","t":"08:03:00","h":"Est","s":"25S-H56S000A-80-A"},{"r":"138","t":"08:10:00","h":"Est","s":"25N-H56N000S-80-S"},{"r":"138","t":"08:10:00","h":"Est","s":"25N-H56NV10S-80-S"},{"r":"138","t":"08:10:00","h":"Est","s":"25N-H56NV20S-80-S"},{"r":"138","t":"08:10:00","h":"Est","s":"25S-H56S000S-80-S"},{"r":"138","t":"08:21:00","h":"Est","s":"25N-H56N000A-80-A"},{"r":"138","t":"08:21:00","h":"Est","s":"25N-H56N000I-80-I"},{"r":"138","t":"08:21:00","h":"Est","s":"25N-H56N100F-80-F1"},{"r":"138","t":"08:21:00","h":"Est","s":"25N-H56N200F-80-F2"},{"r":"138","t":"08:21:00","h":"Est","s":"25N-H56N300F-80-F3"},{"r":"138","t":"08:21:00","h":"Est","s":"25N-H56N400F-80-F4"},{"r":"138","t":"08:21:00","h":"Est","s":"25N-H56NV10A-80-A"},{"r":"138","t":"08:21:00","h":"Est","s":"25N-H56NV10I-80-I"},{"r":"138","t":"08:21:00","h":"Est","s":"25N-H56NV20A-80-A"},{"r":"138","t":"08:21:00","h":"Est","s":"25N-H56NV20I-80-I"},{"r":"138","t":"08:21:00","h":"Est","s":"25S-H56S000A-80-A"},{"r":"138","t":"08:21:00","h":"Est","s":"25S-H56S000I-80-I"},{"r":"138","t":"08:21:00","h":"Est","s":"25S-H56S100F-80-F1"},{"r":"138","t":"08:21:00","h":"Est","s":"25S-H56S200F-81-F2"},{"r":"104","t":"08:24:00","h":"Est","s":"25N-H56N000S-80-S"},{"r":"104","t":"08:24:00","h":"Est","s":"25N-H56NV10S-80-S"},{"r":"104","t":"08:24:00","h":"Est","s":"25N-H56NV20S-80-S"},{"r":"104","t":"08:24:00","h":"Est","s":"25S-H56S000S-80-S"},{"r":"420","t":"08:25:02","h":"Est","s":"25N-H56N000S-80-S"},{"r":"420","t":"08:25:02","h":"Est","s":"25N-H56NV10S-80-S"},{"r":"420","t":"08:25:02","h":"Est","s":"25N-H56NV20S-80-S"},{"r":"420","t":"08:25:02","h":"Est","s":"25S-H56S000S-80-S"},{"r":"104","t":"08:37:00","h":"Est","s":"25N-H56N000I-80-I"},{"r":"104","t":"08:37:00","h":"Est","s":"25N-H56N000S-80-S"},{"r":"104","t":"08:37:00","h":"Est","s":"25N-H56N100F-80-F1"},{"r":"104","t":"08:37:00","h":"Est","s":"25N-H56N200F-80-F2"},{"r":"104","t":"08:37:00","h":"Est","s":"25N-H56N300F-80-F3"},{"r":"104","t":"08:37:00","h":"Est","s":"25N-H56N400F-80-F4"},{"r":"104","t":"08:37:00","h":"Est","s":"25N-H56NV10I-80-I"},{"r":"104","t":"08:37:00","h":"Est","s":"25N-H56NV10S-80-S"},{"r":"104","t":"08:37:00","h":"Est","s":"25N-H56NV20I-80-I"},{"r":"104","t":"08:37:00","h":"Est","s":"25N-H56NV20S-80-S"},{"r":"104","t":"08:37:00","h":"Est","s":"25S-H56S000I-80-I"},{"r":"104","t":"08:37:00","h":"Est","s":"25S-H56S000S-80-S"},{"r":"104","t":"08:37:00","h":"Est","s":"25S-H56S100F-80-F1"},{"r":"104","t":"08:37:00","h":"Est","s":"25S-H56S200F-81-F2"},{"r":"104","t":"08:38:00","h":"Est","s":"25N-H56N000A-80-A"},{"r":"104","t":"08:38:00","h":"Est","s":"25N-H56NV10A-80-A"},{"r":"104","t":"08:38:00","h":"Est","s":"25N-H56NV20A-80-A"},{"r":"104","t":"08:38:00","h":"Est","s":"25S-H56S000A-80-A"},{"r":"420","t":"08:45:46","h":"Est","s":"25N-H56N000S-80-S"},{"r":"420","t":"08:45:46","h":"Est","s":"25N-H56NV10S-80-S"},{"r":"420","t":"08:45:46","h":"Est","s":"25N-H56NV20S-80-S"},{"r":"420","t":"08:45:46","h":"Est","s":"25S-H56S000S-80-S"},{"r":"138","t":"08:49:00","h":"Est","s":"25N-H56N000S-80-S"},{"r":"138","t":"08:49:00","h":"Est","s":"25N-H56NV10S-80-S"},{"r":"138","t":"08:49:00","h":"Est","s":"25N-H56NV20S-80-S"},{"r":"138","t":"08:49:00","h":"Est","s":"25S-H56S000S-80-S"},{"r":"104","t":"08:52:00","h":"Est","s":"25N-H56N000I-80-I"},{"r":"104","t":"08:52:00","h":"Est","s":"25N-H56N100F-80-F1"},{"r":"104","t":"08:52:00","h":"Est","s":"25N-H56N200F-80-F2"},{"r":"104","t":"08:52:00","h":"Est","s":"25N-H56N300F-80-F3"},{"r":"104","t":"08:52:00","h":"Est","s":"25N-H56N400F-80-F4"},{"r":"104","t":"08:52:00","h":"Est","s":"25N-H56NV10I-80-I"},{"r":"104","t":"08:52:00","h":"Est","s":"25N-H56NV20I-80-I"},{"r":"104","t":"08:52:00","h":"Est","s":"25S-H56S000I-80-I"},{"r":"104","t":"08:52:00","h":"Est","s":"25S-H56S100F-80-F1"},{"r":"104","t":"08:52:00","h":"Est","s":"25S-H56S200F-81-F2"},{"r":"104","t":"08:59:00","h":"Est","s":"25N-H56N000A-80-A"},{"r":"104","t":"08:59:00","h":"Est","s":"25N-H56NV10A-80-A"},{"r":"104","t":"08:59:00","h":"Est","s":"25N-H56NV20A-80-A"},{"r":"104","t":"08:59:00","h":"Est","s":"25S-H56S000A-80-A"},{"r":"138","t":"09:04:00","h":"Est","s":"25N-H56N000A-80-A"},{"r":"138","t":"09:04:00","h":"Est","s":"25N-H56NV10A-80-A"},{"r":"138","t":"09:04:00","h":"Est","s":"25N-H56NV20A-80-A"},{"r":"138","t":"09:04:00","h":"Est","s":"25S-H56S000A-80-A"},{"r":"138","t":"09:05:00","h":"Est","s":"25N-H56N000I-80-I"},{"r":"138","t":"09:05:00","h":"Est","s":"25N-H56N100F-80-F1"},{"r":"138","t":"09:05:00","h":"Est","s":"25N-H56N200F-80-F2"},{"r":"138","t":"09:05:00","h":"Est","s":"25N-H56N300F-80-F3"},{"r":"138","t":"09:05:00","h":"Est","s":"25N-H56N400F-80-F4"},{"r":"138","t":"09:05:00","h":"Est","s":"25N-H56NV10I-80-I"},{"r":"138","t":"09:05:00","h":"Est","s":"25N-H56NV20I-80-I"},{"r":"138","t":"09:05:00","h":"Est","s":"25S-H56S000I-80-I"},{"r":"138","t":"09:05:00","h":"Est","s":"25S-H56S100F-80-F1"},{"r":"138","t":"09:05:00","h":"Est","s":"25S-H56S200F-81-F2"},{"r":"104","t":"09:06:00","h":"Est","s":"25N-H50N000S-80-S"},{"r":"104","t":"09:06:00","h":"Est","s":"25N-H50N000S-90-S"},{"r":"104","t":"09:06:00","h":"Est","s":"25N-H50NV10S-90-S"},{"r":"104","t":"09:06:00","h":"Est","s":"25N-H50NV20S-90-S"},{"r":"104","t":"09:06:00","h":"Est","s":"25S-H50S000S-81-S"},{"r":"420","t":"09:16:46","h":"Est","s":"25N-H56N000S-80-S"},{"r":"420","t":"09:16:46","h":"Est","s":"25N-H56NV10S-80-S"},{"r":"420","t":"09:16:46","h":"Est","s":"25N-H56NV20S-80-S"},{"r":"420","t":"09:16:46","h":"Est","s":"25S-H56S000S-80-S"},{"r":"138","t":"09:24:00","h":"Est","s":"25N-H56N000S-80-S"},{"r":"138","t":"09:24:00","h":"Est","s":"25N-H56NV10S-80-S"},{"r":"138","t":"09:24:00","h":"Est","s":"25N-H56NV20S-80-S"},{"r":"138","t":"09:24:00","h":"Est","s":"25S-H56S000S-80-S"},{"r":"104","t":"09:32:00","h":"Est","s":"25N-H56N000I-80-I"},{"r":"104","t":"09:32:00","h":"Est","s":"25N-H56N100F-80-F1"},{"r":"104","t":"09:32:00","h":"Est","s":"25N-H56N200F-80-F2"},{"r":"104","t":"09:32:00","h":"Est","s":"25N-H56N300F-80-F3"},{"r":"104","t":"09:32:00","h":"Est","s":"25N-H56N400F-80-F4"},{"r":"104","t":"09:32:00","h":"Est","s":"25N-H56NV10I-80-I"},{"r":"104","t":"09:32:00","h":"Est","s":"25N-H56NV20I-80-I"},{"r":"104","t":"09:32:00","h":"Est","s":"25S-H56S000I-80-I"},{"r":"104","t":"09:32:00","h":"Est","s":"25S-H56S100F-80-F1"},{"r":"104","t":"09:32:00","h":"Est","s":"25S-H56S200F-81-F2"},{"r":"104","t":"09:36:00","h":"Est","s":"25N-H56N000A-80-A"},{"r":"104","t":"09:36:00","h":"Est","s":"25N-H56NV10A-80-A"},{"r":"104","t":"09:36:00","h":"Est","s":"25N-H56NV20A-80-A"},{"r":"104","t":"09:36:00","h":"Est","s":"25S-H56S000A-80-A"},{"r":"104","t":"09:42:00","h":"Est","s":"25N-H56N000S-80-S"},{"r":"104","t":"09:42:00","h":"Est","s":"25N-H56NV10S-80-S"},{"r":"104","t":"09:42:00","h":"Est","s":"25N-H56NV20S-80-S"},{"r":"104","t":"09:42:00","h":"Est","s":"25S-H56S000S-80-S"},{"r":"420","t":"09:47:08","h":"Est","s":"25N-H56N000S-80-S"},{"r":"420","t":"09:47:08","h":"Est","s":"25N-H56NV10S-80-S"},{"r":"420","t":"09:47:08","h":"Est","s":"25N-H56NV20S-80-S"},{"r":"420","t":"09:47:08","h":"Est","s":"25S-H56S000S-80-S"},{"r":"138","t":"09:49:00","h":"Est","s":"25N-H56N000A-80-A"},{"r":"138","t":"09:49:00","h":"Est","s":"25N-H56NV10A-80-A"},{"r":"138","t":"09:49:00","h":"Est","s":"25N-H56NV20A-80-A"},{"r":"138","t":"09:49:00","h":"Est","s":"25S-H56S000A-80-A"},{"r":"138","t":"09:53:00","h":"Est","s":"25N-H56N000I-80-I"},{"r":"138","t":"09:53:00","h":"Est","s":"25N-H56N100F-80-F1"},{"r":"138","t":"09:53:00","h":"Est","s":"25N-H56N200F-80-F2"},{"r":"138","t":"09:53:00","h":"Est","s":"25N-H56N300F-80-F3"},{"r":"138","t":"09:53:00","h":"Est","s":"25N-H56N400F-80-F4"},{"r":"138","t":"09:53:00","h":"Est","s":"25N-H56NV10I-80-I"},{"r":"138","t":"09:53:00","h":"Est","s":"25N-H56NV20I-80-I"},{"r":"138","t":"09:53:00","h":"Est","s":"25S-H56S000I-80-I"},{"r":"138","t":"09:53:00","h":"Est","s":"25S-H56S100F-80-F1"},{"r":"138","t":"09:53:00","h":"Est","s":"25S-H56S200F-81-F2"},{"r":"138","t":"09:58:00","h":"Est","s":"25N-H56N000S-80-S"},{"r":"138","t":"09:58:00","h":"Est","s":"25N-H56NV10S-80-S"},{"r":"138","t":"09:58:00","h":"Est","s":"25N-H56NV20S-80-S"},{"r":"138","t":"09:58:00","h":"Est","s":"25S-H56S000S-80-S"},{"r":"104","t":"10:16:00","h":"Est","s":"25N-H56N000I-80-I"},{"r":"104","t":"10:16:00","h":"Est","s":"25N-H56N100F-80-F1"},{"r":"104","t":"10:16:00","h":"Est","s":"25N-H56N200F-80-F2"},{"r":"104","t":"10:16:00","h":"Est","s":"25N-H56N300F-80-F3"},{"r":"104","t":"10:16:00","h":"Est","s":"25N-H56N400F-80-F4"},{"r":"104","t":"10:16:00","h":"Est","s":"25N-H56NV10I-80-I"},{"r":"104","t":"10:16:00","h":"Est","s":"25N-H56NV20I-80-I"},{"r":"104","t":"10:16:00","h":"Est","s":"25S-H56S000I-80-I"},{"r":"104","t":"10:16:00","h":"Est","s":"25S-H56S100F-80-F1"},{"r":"104","t":"10:16:00","h":"Est","s":"25S-H56S200F-81-F2"},{"r":"104","t":"10:17:00","h":"Est","s":"25N-H56N000A-80-A"},{"r":"104","t":"10:17:00","h":"Est","s":"25N-H56NV10A-80-A"},{"r":"104","t":"10:17:00","h":"Est","s":"25N-H56NV20A-80-A"},{"r":"104","t":"10:17:00","h":"Est","s":"25S-H56S000A-80-A"},{"r":"104","t":"10:18:00","h":"Est","s":"25N-H56N000S-80-S"},{"r":"104","t":"10:18:00","h":"Est","s":"25N-H56NV10S-80-S"},{"r":"104","t":"10:18:00","h":"Est","s":"25N-H56NV20S-80-S"},{"r":"104","t":"10:18:00","h":"Est","s":"25S-H56S000S-80-S"},{"r":"420","t":"10:19:08","h":"Est","s":"25N-H56N000S-80-S"},{"r":"420","t":"10:19:08","h":"Est","s":"25N-H56NV10S-80-S"},{"r":"420","t":"10:19:08","h":"Est","s":"25N-H56NV20S-80-S"},{"r":"420","t":"10:19:08","h":"Est","s":"25S-H56S000S-80-S"},{"r":"138","t":"10:33:00","h":"Est","s":"25N-H56N000S-80-S"},{"r":"138","t":"10:33:00","h":"Est","s":"25N-H56NV10S-80-S"},{"r":"138","t":"10:33:00","h":"Est","s":"25N-H56NV20S-80-S"},{"r":"138","t":"10:33:00","h":"Est","s":"25S-H56S000S-80-S"},{"r":"138","t":"10:35:00","h":"Est","s":"25N-H56N000I-80-I"},{"r":"138","t":"10:35:00","h":"Est","s":"25N-H56N100F-80-F1"},{"r":"138","t":"10:35:00","h":"Est","s":"25N-H56N200F-80-F2"},{"r":"138","t":"10:35:00","h":"Est","s":"25N-H56N300F-80-F3"},{"r":"138","t":"10:35:00","h":"Est","s":"25N-H56N400F-80-F4"},{"r":"138","t":"10:35:00","h":"Est","s":"25N-H56NV10I-80-I"},{"r":"138","t":"10:35:00","h":"Est","s":"25N-H56NV20I-80-I"},{"r":"138","t":"10:35:00","h":"Est","s":"25S-H56S000I-80-I"},{"r":"138","t":"10:35:00","h":"Est","s":"25S-H56S100F-80-F1"},{"r":"138","t":"10:35:00","h":"Est","s":"25S-H56S200F-81-F2"},{"r":"138","t":"10:36:00","h":"Est","s":"25N-H56N000A-80-A"},{"r":"138","t":"10:36:00","h":"Est","s":"25N-H56NV10A-80-A"},{"r":"138","t":"10:36:00","h":"Est","s":"25N-H56NV20A-80-A"},{"r":"138","t":"10:36:00","h":"Est","s":"25S-H56S000A-80-A"},{"r":"104","t":"10:45:00","h":"Est","s":"25N-H56N000A-80-A"},{"r":"104","t":"10:45:00","h":"Est","s":"25N-H56NV10A-80-A"},{"r":"104","t":"10:45:00","h":"Est","s":"25N-H56NV20A-80-A"},{"r":"104","t":"10:45:00","h":"Est","s":"25S-H56S000A-80-A"},{"r":"420","t":"10:52:08","h":"Est","s":"25N-H56N000S-80-S"},{"r":"420","t":"10:52:08","h":"Est","s":"25N-H56NV10S-80-S"},{"r":"420","t":"10:52:08","h":"Est","s":"25N-H56NV20S-80-S"},{"r":"420","t":"10:52:08","h":"Est","s":"25S-H56S000S-80-S"},{"r":"104","t":"10:53:00","h":"Est","s":"25N-H57N000S-80-S"},{"r":"104","t":"10:53:00","h":"Est","s":"25N-H57NV10S-84-S"},{"r":"104","t":"10:53:00","h":"Est","s":"25N-H57NV20S-80-S"},{"r":"104","t":"10:53:00","h":"Est","s":"25S-H57S000S-82-S"},{"r":"104","t":"10:54:00","h":"Est","s":"25N-H56N000I-80-I"},{"r":"104","t":"10:54:00","h":"Est","s":"25N-H56N100F-80-F1"},{"r":"104","t":"10:54:00","h":"Est","s":"25N-H56N200F-80-F2"},{"r":"104","t":"10:54:00","h":"Est","s":"25N-H56N300F-80-F3"},{"r":"104","t":"10:54:00","h":"Est","s":"25N-H56N400F-80-F4"},{"r":"104","t":"10:54:00","h":"Est","s":"25N-H56NV10I-80-I"},{"r":"104","t":"10:54:00","h":"Est","s":"25N-H56NV20I-80-I"},{"r":"104","t":"10:54:00","h":"Est","s":"25S-H56S000I-80-I"},{"r":"104","t":"10:54:00","h":"Est","s":"25S-H56S100F-80-F1"},{"r":"104","t":"10:54:00","h":"Est","s":"25S-H56S200F-81-F2"},{"r":"104","t":"11:09:00","h":"Est","s":"25N-H56N000I-80-I"},{"r":"138","t":"11:09:00","h":"Est","s":"25N-H56N000S-80-S"},{"r":"104","t":"11:09:00","h":"Est","s":"25N-H56N100F-80-F1"},{"r":"104","t":"11:09:00","h":"Est","s":"25N-H56N200F-80-F2"},{"r":"104","t":"11:09:00","h":"Est","s":"25N-H56N300F-80-F3"},{"r":"104","t":"11:09:00","h":"Est","s":"25N-H56N400F-80-F4"},{"r":"104","t":"11:09:00","h":"Est","s":"25N-H56NV10I-80-I"},{"r":"138","t":"11:09:00","h":"Est","s":"25N-H56NV10S-80-S"},{"r":"104","t":"11:09:00","h":"Est","s":"25N-H56NV20I-80-I"},{"r":"138","t":"11:09:00","h":"Est","s":"25N-H56NV20S-80-S"},{"r":"104","t":"11:09:00","h":"Est","s":"25S-H56S000I-80-I"},{"r":"138","t":"11:09:00","h":"Est","s":"25S-H56S000S-80-S"},{"r":"104","t":"11:09:00","h":"Est","s":"25S-H56S100F-80-F1"},{"r":"104","t":"11:09:00","h":"Est","s":"25S-H56S200F-81-F2"},{"r":"104","t":"11:17:00","h":"Est","s":"25N-H56N000A-80-A"},{"r":"104","t":"11:17:00","h":"Est","s":"25N-H56NV10A-80-A"},{"r":"104","t":"11:17:00","h":"Est","s":"25N-H56NV20A-80-A"},{"r":"104","t":"11:17:00","h":"Est","s":"25S-H56S000A-80-A"},{"r":"138","t":"11:23:00","h":"Est","s":"25N-H56N000I-80-I"},{"r":"138","t":"11:23:00","h":"Est","s":"25N-H56N100F-80-F1"},{"r":"138","t":"11:23:00","h":"Est","s":"25N-H56N200F-80-F2"},{"r":"138","t":"11:23:00","h":"Est","s":"25N-H56N300F-80-F3"},{"r":"138","t":"11:23:00","h":"Est","s":"25N-H56N400F-80-F4"},{"r":"138","t":"11:23:00","h":"Est","s":"25N-H56NV10I-80-I"},{"r":"138","t":"11:23:00","h":"Est","s":"25N-H56NV20I-80-I"},{"r":"138","t":"11:23:00","h":"Est","s":"25S-H56S000I-80-I"},{"r":"138","t":"11:23:00","h":"Est","s":"25S-H56S100F-80-F1"},{"r":"138","t":"11:23:00","h":"Est","s":"25S-H56S200F-81-F2"},{"r":"420","t":"11:24:08","h":"Est","s":"25N-H56N000S-80-S"},{"r":"420","t":"11:24:08","h":"Est","s":"25N-H56NV10S-80-S"},{"r":"420","t":"11:24:08","h":"Est","s":"25N-H56NV20S-80-S"},{"r":"420","t":"11:24:08","h":"Est","s":"25S-H56S000S-80-S"},{"r":"138","t":"11:25:00","h":"Est","s":"25N-H56N000A-80-A"},{"r":"138","t":"11:25:00","h":"Est","s":"25N-H56NV10A-80-A"},{"r":"138","t":"11:25:00","h":"Est","s":"25N-H56NV20A-80-A"},{"r":"138","t":"11:25:00","h":"Est","s":"25S-H56S000A-80-A"},{"r":"104","t":"11:28:00","h":"Est","s":"25N-H56N000S-80-S"},{"r":"104","t":"11:28:00","h":"Est","s":"25N-H56NV10S-80-S"},{"r":"104","t":"11:28:00","h":"Est","s":"25N-H56NV20S-80-S"},{"r":"104","t":"11:28:00","h":"Est","s":"25S-H56S000S-80-S"},{"r":"138","t":"11:45:00","h":"Est","s":"25N-H56N000S-80-S"},{"r":"138","t":"11:45:00","h":"Est","s":"25N-H56NV10S-80-S"},{"r":"138","t":"11:45:00","h":"Est","s":"25N-H56NV20S-80-S"},{"r":"138","t":"11:45:00","h":"Est","s":"25S-H56S000S-80-S"},{"r":"104","t":"11:52:00","h":"Est","s":"25N-H56N000I-80-I"},{"r":"104","t":"11:52:00","h":"Est","s":"25N-H56N100F-80-F1"},{"r":"104","t":"11:52:00","h":"Est","s":"25N-H56N200F-80-F2"},{"r":"104","t":"11:52:00","h":"Est","s":"25N-H56N300F-80-F3"},{"r":"104","t":"11:52:00","h":"Est","s":"25N-H56N400F-80-F4"},{"r":"104","t":"11:52:00","h":"Est","s":"25N-H56NV10I-80-I"},{"r":"104","t":"11:52:00","h":"Est","s":"25N-H56NV20I-80-I"},{"r":"104","t":"11:52:00","h":"Est","s":"25S-H56S000I-80-I"},{"r":"104","t":"11:52:00","h":"Est","s":"25S-H56S100F-80-F1"},{"r":"104","t":"11:52:00","h":"Est","s":"25S-H56S200F-81-F2"},{"r":"420","t":"11:53:08","h":"Est","s":"25N-H56N000S-80-S"},{"r":"420","t":"11:53:08","h":"Est","s":"25N-H56NV10S-80-S"},{"r":"420","t":"11:53:08","h":"Est","s":"25N-H56NV20S-80-S"},{"r":"420","t":"11:53:08","h":"Est","s":"25S-H56S000S-80-S"},{"r":"104","t":"11:58:00","h":"Est","s":"25N-H56N000A-80-A"},{"r":"104","t":"11:58:00","h":"Est","s":"25N-H56NV10A-80-A"},{"r":"104","t":"11:58:00","h":"Est","s":"25N-H56NV20A-80-A"},{"r":"104","t":"11:58:00","h":"Est","s":"25S-H56S000A-80-A"},{"r":"104","t":"12:04:00","h":"Est","s":"25N-H56N000S-80-S"},{"r":"104","t":"12:04:00","h":"Est","s":"25N-H56NV10S-80-S"},{"r":"104","t":"12:04:00","h":"Est","s":"25N-H56NV20S-80-S"},{"r":"104","t":"12:04:00","h":"Est","s":"25S-H56S000S-80-S"},{"r":"138","t":"12:12:00","h":"Est","s":"25N-H56N000I-80-I"},{"r":"138","t":"12:12:00","h":"Est","s":"25N-H56N100F-80-F1"},{"r":"138","t":"12:12:00","h":"Est","s":"25N-H56N200F-80-F2"},{"r":"138","t":"12:12:00","h":"Est","s":"25N-H56N300F-80-F3"},{"r":"138","t":"12:12:00","h":"Est","s":"25N-H56N400F-80-F4"},{"r":"138","t":"12:12:00","h":"Est","s":"25N-H56NV10I-80-I"},{"r":"138","t":"12:12:00","h":"Est","s":"25N-H56NV20I-80-I"},{"r":"138","t":"12:12:00","h":"Est","s":"25S-H56S000I-80-I"},{"r":"138","t":"12:12:00","h":"Est","s":"25S-H56S100F-80-F1"},{"r":"138","t":"12:12:00","h":"Est","s":"25S-H56S200F-81-F2"},{"r":"138","t":"12:14:00","h":"Est","s":"25N-H56N000A-80-A"},{"r":"138","t":"12:14:00","h":"Est","s":"25N-H56NV10A-80-A"},{"r":"138","t":"12:14:00","h":"Est","s":"25N-H56NV20A-80-A"},{"r":"138","t":"12:14:00","h":"Est","s":"25S-H56S000A-80-A"},{"r":"138","t":"12:21:00","h":"Est","s":"25N-H56N000S-80-S"},{"r":"138","t":"12:21:00","h":"Est","s":"25N-H56NV10S-80-S"},{"r":"138","t":"12:21:00","h":"Est","s":"25N-H56NV20S-80-S"},{"r":"138","t":"12:21:00","h":"Est","s":"25S-H56S000S-80-S"},{"r":"420","t":"12:21:08","h":"Est","s":"25N-H56N000S-80-S"},{"r":"420","t":"12:21:08","h":"Est","s":"25N-H56NV10S-80-S"},{"r":"420","t":"12:21:08","h":"Est","s":"25N-H56NV20S-80-S"},{"r":"420","t":"12:21:08","h":"Est","s":"25S-H56S000S-80-S"},{"r":"104","t":"12:27:00","h":"Est","s":"25N-H56N000A-80-A"},{"r":"104","t":"12:27:00","h":"Est","s":"25N-H56NV10A-80-A"},{"r":"104","t":"12:27:00","h":"Est","s":"25N-H56NV20A-80-A"},{"r":"104","t":"12:27:00","h":"Est","s":"25S-H56S000A-80-A"},{"r":"104","t":"12:35:00","h":"Est","s":"25N-H56N000I-80-I"},{"r":"104","t":"12:35:00","h":"Est","s":"25N-H56N100F-80-F1"},{"r":"104","t":"12:35:00","h":"Est","s":"25N-H56N200F-80-F2"},{"r":"104","t":"12:35:00","h":"Est","s":"25N-H56N300F-80-F3"},{"r":"104","t":"12:35:00","h":"Est","s":"25N-H56N400F-80-F4"},{"r":"104","t":"12:35:00","h":"Est","s":"25N-H56NV10I-80-I"},{"r":"104","t":"12:35:00","h":"Est","s":"25N-H56NV20I-80-I"},{"r":"104","t":"12:35:00","h":"Est","s":"25S-H56S000I-80-I"},{"r":"104","t":"12:35:00","h":"Est","s":"25S-H56S100F-80-F1"},{"r":"104","t":"12:35:00","h":"Est","s":"25S-H56S200F-81-F2"},{"r":"104","t":"12:40:00","h":"Est","s":"25N-H56N000S-80-S"},{"r":"104","t":"12:40:00","h":"Est","s":"25N-H56NV10S-80-S"},{"r":"104","t":"12:40:00","h":"Est","s":"25N-H56NV20S-80-S"},{"r":"104","t":"12:40:00","h":"Est","s":"25S-H56S000S-80-S"},{"r":"138","t":"12:55:00","h":"Est","s":"25N-H56N000I-80-I"},{"r":"138","t":"12:55:00","h":"Est","s":"25N-H56N100F-80-F1"},{"r":"138","t":"12:55:00","h":"Est","s":"25N-H56N200F-80-F2"},{"r":"138","t":"12:55:00","h":"Est","s":"25N-H56N300F-80-F3"},{"r":"138","t":"12:55:00","h":"Est","s":"25N-H56N400F-80-F4"},{"r":"138","t":"12:55:00","h":"Est","s":"25N-H56NV10I-80-I"},{"r":"138","t":"12:55:00","h":"Est","s":"25N-H56NV20I-80-I"},{"r":"138","t":"12:55:00","h":"Est","s":"25S-H56S000I-80-I"},{"r":"138","t":"12:55:00","h":"Est","s":"25S-H56S100F-80-F1"},{"r":"138","t":"12:55:00","h":"Est","s":"25S-H56S200F-81-F2"},{"r":"138","t":"12:58:00","h":"Est","s":"25N-H56N000S-80-S"},{"r":"138","t":"12:58:00","h":"Est","s":"25N-H56NV10S-80-S"},{"r":"138","t":"12:58:00","h":"Est","s":"25N-H56NV20S-80-S"},{"r":"138","t":"12:58:00","h":"Est","s":"25S-H56S000S-80-S"},{"r":"138","t":"13:02:00","h":"Est","s":"25N-H56N000A-80-A"},{"r":"138","t":"13:02:00","h":"Est","s":"25N-H56NV10A-80-A"},{"r":"138","t":"13:02:00","h":"Est","s":"25N-H56NV20A-80-A"},{"r":"138","t":"13:02:00","h":"Est","s":"25S-H56S000A-80-A"},{"r":"104","t":"13:04:00","h":"Est","s":"25N-H56N000A-80-A"},{"r":"104","t":"13:04:00","h":"Est","s":"25N-H56NV10A-80-A"},{"r":"104","t":"13:04:00","h":"Est","s":"25N-H56NV20A-80-A"},{"r":"104","t":"13:04:00","h":"Est","s":"25S-H56S000A-80-A"},{"r":"104","t":"13:15:00","h":"Est","s":"25N-H56N000I-80-I"},{"r":"104","t":"13:15:00","h":"Est","s":"25N-H56N100F-80-F1"},{"r":"104","t":"13:15:00","h":"Est","s":"25N-H56N200F-80-F2"},{"r":"104","t":"13:15:00","h":"Est","s":"25N-H56N300F-80-F3"},{"r":"104","t":"13:15:00","h":"Est","s":"25N-H56N400F-80-F4"},{"r":"104","t":"13:15:00","h":"Est","s":"25N-H56NV10I-80-I"},{"r":"104","t":"13:15:00","h":"Est","s":"25N-H56NV20I-80-I"},{"r":"104","t":"13:15:00","h":"Est","s":"25S-H56S000I-80-I"},{"r":"104","t":"13:15:00","h":"Est","s":"25S-H56S100F-80-F1"},{"r":"104","t":"13:15:00","h":"Est","s":"25S-H56S200F-81-F2"},{"r":"104","t":"13:16:00","h":"Est","s":"25N-H56N000S-80-S"},{"r":"104","t":"13:16:00","h":"Est","s":"25N-H56NV10S-80-S"},{"r":"104","t":"13:16:00","h":"Est","s":"25N-H56NV20S-80-S"},{"r":"104","t":"13:16:00","h":"Est","s":"25S-H56S000S-80-S"},{"r":"104","t":"13:31:00","h":"Est","s":"25N-H56N000I-80-I"},{"r":"104","t":"13:31:00","h":"Est","s":"25N-H56N100F-80-F1"},{"r":"104","t":"13:31:00","h":"Est","s":"25N-H56N200F-80-F2"},{"r":"104","t":"13:31:00","h":"Est","s":"25N-H56N300F-80-F3"},{"r":"104","t":"13:31:00","h":"Est","s":"25N-H56N400F-80-F4"},{"r":"104","t":"13:31:00","h":"Est","s":"25N-H56NV10I-80-I"},{"r":"104","t":"13:31:00","h":"Est","s":"25N-H56NV20I-80-I"},{"r":"104","t":"13:31:00","h":"Est","s":"25S-H56S000I-80-I"},{"r":"104","t":"13:31:00","h":"Est","s":"25S-H56S100F-80-F1"},{"r":"104","t":"13:31:00","h":"Est","s":"25S-H56S200F-81-F2"},{"r":"138","t":"13:35:00","h":"Est","s":"25N-H56N000S-80-S"},{"r":"138","t":"13:35:00","h":"Est","s":"25N-H56NV10S-80-S"},{"r":"138","t":"13:35:00","h":"Est","s":"25N-H56NV20S-80-S"},{"r":"138","t":"13:35:00","h":"Est","s":"25S-H56S000S-80-S"},{"r":"104","t":"13:42:00","h":"Est","s":"25N-H56N000A-80-A"},{"r":"104","t":"13:42:00","h":"Est","s":"25N-H56NV10A-80-A"},{"r":"104","t":"13:42:00","h":"Est","s":"25N-H56NV20A-80-A"},{"r":"104","t":"13:42:00","h":"Est","s":"25S-H56S000A-80-A"},{"r":"138","t":"13:46:00","h":"Est","s":"25N-H56N000I-80-I"},{"r":"138","t":"13:46:00","h":"Est","s":"25N-H56N100F-80-F1"},{"r":"138","t":"13:46:00","h":"Est","s":"25N-H56N200F-80-F2"},{"r":"138","t":"13:46:00","h":"Est","s":"25N-H56N300F-80-F3"},{"r":"138","t":"13:46:00","h":"Est","s":"25N-H56N400F-80-F4"},{"r":"138","t":"13:46:00","h":"Est","s":"25N-H56NV10I-80-I"},{"r":"138","t":"13:46:00","h":"Est","s":"25N-H56NV20I-80-I"},{"r":"138","t":"13:46:00","h":"Est","s":"25S-H56S000I-80-I"},{"r":"138","t":"13:46:00","h":"Est","s":"25S-H56S100F-80-F1"},{"r":"138","t":"13:46:00","h":"Est","s":"25S-H56S200F-81-F2"},{"r":"138","t":"13:53:00","h":"Est","s":"25N-H56N000A-80-A"},{"r":"138","t":"13:53:00","h":"Est","s":"25N-H56NV10A-80-A"},{"r":"138","t":"13:53:00","h":"Est","s":"25N-H56NV20A-80-A"},{"r":"138","t":"13:53:00","h":"Est","s":"25S-H56S000A-80-A"},{"r":"104","t":"13:55:00","h":"Est","s":"25N-H56N000S-80-S"},{"r":"104","t":"13:55:00","h":"Est","s":"25N-H56NV10S-80-S"},{"r":"104","t":"13:55:00","h":"Est","s":"25N-H56NV20S-80-S"},{"r":"104","t":"13:55:00","h":"Est","s":"25S-H56S000S-80-S"},{"r":"104","t":"14:11:00","h":"Est","s":"25N-H56N000A-80-A"},{"r":"104","t":"14:11:00","h":"Est","s":"25N-H56NV10A-80-A"},{"r":"104","t":"14:11:00","h":"Est","s":"25N-H56NV20A-80-A"},{"r":"104","t":"14:11:00","h":"Est","s":"25S-H56S000A-80-A"},{"r":"138","t":"14:13:00","h":"Est","s":"25N-H56N000S-80-S"},{"r":"138","t":"14:13:00","h":"Est","s":"25N-H56NV10S-80-S"},{"r":"138","t":"14:13:00","h":"Est","s":"25N-H56NV20S-80-S"},{"r":"138","t":"14:13:00","h":"Est","s":"25S-H56S000S-80-S"},{"r":"104","t":"14:16:00","h":"Est","s":"25N-H56N000I-80-I"},{"r":"104","t":"14:16:00","h":"Est","s":"25N-H56N100F-80-F1"},{"r":"104","t":"14:16:00","h":"Est","s":"25N-H56N200F-80-F2"},{"r":"104","t":"14:16:00","h":"Est","s":"25N-H56N300F-80-F3"},{"r":"104","t":"14:16:00","h":"Est","s":"25N-H56N400F-80-F4"},{"r":"104","t":"14:16:00","h":"Est","s":"25N-H56NV10I-80-I"},{"r":"104","t":"14:16:00","h":"Est","s":"25N-H56NV20I-80-I"},{"r":"104","t":"14:16:00","h":"Est","s":"25S-H56S000I-80-I"},{"r":"104","t":"14:16:00","h":"Est","s":"25S-H56S100F-80-F1"},{"r":"104","t":"14:16:00","h":"Est","s":"25S-H56S200F-81-F2"},{"r":"104","t":"14:33:00","h":"Est","s":"25N-H56N000S-80-S"},{"r":"104","t":"14:33:00","h":"Est","s":"25N-H56NV10S-80-S"},{"r":"104","t":"14:33:00","h":"Est","s":"25N-H56NV20S-80-S"},{"r":"104","t":"14:33:00","h":"Est","s":"25S-H56S000S-80-S"},{"r":"138","t":"14:34:00","h":"Est","s":"25N-H56N000I-80-I"},{"r":"138","t":"14:34:00","h":"Est","s":"25N-H56N100F-80-F1"},{"r":"138","t":"14:34:00","h":"Est","s":"25N-H56N200F-80-F2"},{"r":"138","t":"14:34:00","h":"Est","s":"25N-H56N300F-80-F3"},{"r":"138","t":"14:34:00","h":"Est","s":"25N-H56N400F-80-F4"},{"r":"138","t":"14:34:00","h":"Est","s":"25N-H56NV10I-80-I"},{"r":"138","t":"14:34:00","h":"Est","s":"25N-H56NV20I-80-I"},{"r":"138","t":"14:34:00","h":"Est","s":"25S-H56S000I-80-I"},{"r":"138","t":"14:34:00","h":"Est","s":"25S-H56S100F-80-F1"},{"r":"138","t":"14:34:00","h":"Est","s":"25S-H56S200F-81-F2"},{"r":"138","t":"14:41:00","h":"Est","s":"25N-H56N000A-80-A"},{"r":"138","t":"14:41:00","h":"Est","s":"25N-H56NV10A-80-A"},{"r":"138","t":"14:41:00","h":"Est","s":"25N-H56NV20A-80-A"},{"r":"138","t":"14:41:00","h":"Est","s":"25S-H56S000A-80-A"},{"r":"104","t":"14:48:00","h":"Est","s":"25N-H56N000A-80-A"},{"r":"104","t":"14:48:00","h":"Est","s":"25N-H56NV10A-80-A"},{"r":"104","t":"14:48:00","h":"Est","s":"25N-H56NV20A-80-A"},{"r":"104","t":"14:48:00","h":"Est","s":"25S-H56S000A-80-A"},{"r":"138","t":"14:49:00","h":"Est","s":"25N-H56N000S-80-S"},{"r":"138","t":"14:49:00","h":"Est","s":"25N-H56NV10S-80-S"},{"r":"138","t":"14:49:00","h":"Est","s":"25N-H56NV20S-80-S"},{"r":"138","t":"14:49:00","h":"Est","s":"25S-H56S000S-80-S"},{"r":"104","t":"14:57:00","h":"Est","s":"25N-H56N000I-80-I"},{"r":"104","t":"14:57:00","h":"Est","s":"25N-H56N100F-80-F1"},{"r":"104","t":"14:57:00","h":"Est","s":"25N-H56N200F-80-F2"},{"r":"104","t":"14:57:00","h":"Est","s":"25N-H56N300F-80-F3"},{"r":"104","t":"14:57:00","h":"Est","s":"25N-H56N400F-80-F4"},{"r":"104","t":"14:57:00","h":"Est","s":"25N-H56NV10I-80-I"},{"r":"104","t":"14:57:00","h":"Est","s":"25N-H56NV20I-80-I"},{"r":"104","t":"14:57:00","h":"Est","s":"25S-H56S000I-80-I"},{"r":"104","t":"14:57:00","h":"Est","s":"25S-H56S100F-80-F1"},{"r":"104","t":"14:57:00","h":"Est","s":"25S-H56S200F-81-F2"},{"r":"104","t":"15:12:00","h":"Est","s":"25N-H56N000S-80-S"},{"r":"104","t":"15:12:00","h":"Est","s":"25N-H56NV10S-80-S"},{"r":"104","t":"15:12:00","h":"Est","s":"25N-H56NV20S-80-S"},{"r":"104","t":"15:12:00","h":"Est","s":"25S-H56S000S-80-S"},{"r":"138","t":"15:23:00","h":"Est","s":"25N-H56N000I-80-I"},{"r":"138","t":"15:23:00","h":"Est","s":"25N-H56N100F-80-F1"},{"r":"138","t":"15:23:00","h":"Est","s":"25N-H56N200F-80-F2"},{"r":"138","t":"15:23:00","h":"Est","s":"25N-H56N300F-80-F3"},{"r":"138","t":"15:23:00","h":"Est","s":"25N-H56N400F-80-F4"},{"r":"138","t":"15:23:00","h":"Est","s":"25N-H56NV10I-80-I"},{"r":"138","t":"15:23:00","h":"Est","s":"25N-H56NV20I-80-I"},{"r":"138","t":"15:23:00","h":"Est","s":"25S-H56S000I-80-I"},{"r":"138","t":"15:23:00","h":"Est","s":"25S-H56S100F-80-F1"},{"r":"138","t":"15:23:00","h":"Est","s":"25S-H56S200F-81-F2"},{"r":"104","t":"15:26:00","h":"Est","s":"25N-H56N000A-80-A"},{"r":"138","t":"15:26:00","h":"Est","s":"25N-H56N000S-80-S"},{"r":"104","t":"15:26:00","h":"Est","s":"25N-H56NV10A-80-A"},{"r":"138","t":"15:26:00","h":"Est","s":"25N-H56NV10S-80-S"},{"r":"104","t":"15:26:00","h":"Est","s":"25N-H56NV20A-80-A"},{"r":"138","t":"15:26:00","h":"Est","s":"25N-H56NV20S-80-S"},{"r":"104","t":"15:26:00","h":"Est","s":"25S-H56S000A-80-A"},{"r":"138","t":"15:26:00","h":"Est","s":"25S-H56S000S-80-S"},{"r":"138","t":"15:31:00","h":"Est","s":"25N-H56N000A-80-A"},{"r":"138","t":"15:31:00","h":"Est","s":"25N-H56NV10A-80-A"},{"r":"138","t":"15:31:00","h":"Est","s":"25N-H56NV20A-80-A"},{"r":"138","t":"15:31:00","h":"Est","s":"25S-H56S000A-80-A"},{"r":"104","t":"15:39:00","h":"Est","s":"25N-H56N000I-80-I"},{"r":"104","t":"15:39:00","h":"Est","s":"25N-H56N100F-80-F1"},{"r":"104","t":"15:39:00","h":"Est","s":"25N-H56N200F-80-F2"},{"r":"104","t":"15:39:00","h":"Est","s":"25N-H56N300F-80-F3"},{"r":"104","t":"15:39:00","h":"Est","s":"25N-H56N400F-80-F4"},{"r":"104","t":"15:39:00","h":"Est","s":"25N-H56NV10I-80-I"},{"r":"104","t":"15:39:00","h":"Est","s":"25N-H56NV20I-80-I"},{"r":"104","t":"15:39:00","h":"Est","s":"25S-H56S000I-80-I"},{"r":"104","t":"15:39:00","h":"Est","s":"25S-H56S100F-80-F1"},{"r":"104","t":"15:39:00","h":"Est","s":"25S-H56S200F-81-F2"},{"r":"104","t":"15:54:00","h":"Est","s":"25N-H56N000S-80-S"},{"r":"104","t":"15:54:00","h":"Est","s":"25N-H56NV10S-80-S"},{"r":"104","t":"15:54:00","h":"Est","s":"25N-H56NV20S-80-S"},{"r":"104","t":"15:54:00","h":"Est","s":"25S-H56S000S-80-S"},{"r":"104","t":"15:55:00","h":"Est","s":"25N-H56N000A-80-A"},{"r":"104","t":"15:55:00","h":"Est","s":"25N-H56NV10A-80-A"},{"r":"104","t":"15:55:00","h":"Est","s":"25N-H56NV20A-80-A"},{"r":"104","t":"15:55:00","h":"Est","s":"25S-H56S000A-80-A"},{"r":"104","t":"15:58:00","h":"Est","s":"25N-H56N000I-80-I"},{"r":"104","t":"15:58:00","h":"Est","s":"25N-H56N100F-80-F1"},{"r":"104","t":"15:58:00","h":"Est","s":"25N-H56N200F-80-F2"},{"r":"104","t":"15:58:00","h":"Est","s":"25N-H56N300F-80-F3"},{"r":"104","t":"15:58:00","h":"Est","s":"25N-H56N400F-80-F4"},{"r":"104","t":"15:58:00","h":"Est","s":"25N-H56NV10I-80-I"},{"r":"104","t":"15:58:00","h":"Est","s":"25N-H56NV20I-80-I"},{"r":"104","t":"15:58:00","h":"Est","s":"25S-H56S000I-80-I"},{"r":"104","t":"15:58:00","h":"Est","s":"25S-H56S100F-80-F1"},{"r":"104","t":"15:58:00","h":"Est","s":"25S-H56S200F-81-F2"},{"r":"138","t":"16:07:00","h":"Est","s":"25N-H59N000S-80-S"},{"r":"138","t":"16:07:00","h":"Est","s":"25N-H59NV10S-84-S"},{"r":"138","t":"16:07:00","h":"Est","s":"25N-H59NV20S-80-S"},{"r":"138","t":"16:07:00","h":"Est","s":"25S-H59S000S-81-S"},{"r":"138","t":"16:10:00","h":"Est","s":"25N-H56N000I-80-I"},{"r":"138","t":"16:10:00","h":"Est","s":"25N-H56N100F-80-F1"},{"r":"138","t":"16:10:00","h":"Est","s":"25N-H56N200F-80-F2"},{"r":"138","t":"16:10:00","h":"Est","s":"25N-H56N300F-80-F3"},{"r":"138","t":"16:10:00","h":"Est","s":"25N-H56N400F-80-F4"},{"r":"138","t":"16:10:00","h":"Est","s":"25N-H56NV10I-80-I"},{"r":"138","t":"16:10:00","h":"Est","s":"25N-H56NV20I-80-I"},{"r":"138","t":"16:10:00","h":"Est","s":"25S-H56S000I-80-I"},{"r":"138","t":"16:10:00","h":"Est","s":"25S-H56S100F-80-F1"},{"r":"138","t":"16:10:00","h":"Est","s":"25S-H56S200F-81-F2"},{"r":"138","t":"16:21:00","h":"Est","s":"25N-H56N000A-80-A"},{"r":"138","t":"16:21:00","h":"Est","s":"25N-H56NV10A-80-A"},{"r":"138","t":"16:21:00","h":"Est","s":"25N-H56NV20A-80-A"},{"r":"138","t":"16:21:00","h":"Est","s":"25S-H56S000A-80-A"},{"r":"104","t":"16:31:00","h":"Est","s":"25N-H56N000S-80-S"},{"r":"104","t":"16:31:00","h":"Est","s":"25N-H56NV10S-80-S"},{"r":"104","t":"16:31:00","h":"Est","s":"25N-H56NV20S-80-S"},{"r":"104","t":"16:31:00","h":"Est","s":"25S-H56S000S-80-S"},{"r":"104","t":"16:32:00","h":"Est","s":"25N-H56N000A-80-A"},{"r":"104","t":"16:32:00","h":"Est","s":"25N-H56NV10A-80-A"},{"r":"104","t":"16:32:00","h":"Est","s":"25N-H56NV20A-80-A"},{"r":"104","t":"16:32:00","h":"Est","s":"25S-H56S000A-80-A"},{"r":"104","t":"16:39:00","h":"Est","s":"25N-H56N000I-80-I"},{"r":"104","t":"16:39:00","h":"Est","s":"25N-H56N100F-80-F1"},{"r":"104","t":"16:39:00","h":"Est","s":"25N-H56N200F-80-F2"},{"r":"104","t":"16:39:00","h":"Est","s":"25N-H56N300F-80-F3"},{"r":"104","t":"16:39:00","h":"Est","s":"25N-H56N400F-80-F4"},{"r":"104","t":"16:39:00","h":"Est","s":"25N-H56NV10I-80-I"},{"r":"104","t":"16:39:00","h":"Est","s":"25N-H56NV20I-80-I"},{"r":"104","t":"16:39:00","h":"Est","s":"25S-H56S000I-80-I"},{"r":"104","t":"16:39:00","h":"Est","s":"25S-H56S100F-80-F1"},{"r":"104","t":"16:39:00","h":"Est","s":"25S-H56S200F-81-F2"},{"r":"138","t":"16:49:00","h":"Est","s":"25N-H56N000S-80-S"},{"r":"138","t":"16:49:00","h":"Est","s":"25N-H56NV10S-80-S"},{"r":"138","t":"16:49:00","h":"Est","s":"25N-H56NV20S-80-S"},{"r":"138","t":"16:49:00","h":"Est","s":"25S-H56S000S-80-S"},{"r":"138","t":"16:57:00","h":"Est","s":"25N-H56N000I-80-I"},{"r":"138","t":"16:57:00","h":"Est","s":"25N-H56N100F-80-F1"},{"r":"138","t":"16:57:00","h":"Est","s":"25N-H56N200F-80-F2"},{"r":"138","t":"16:57:00","h":"Est","s":"25N-H56N300F-80-F3"},{"r":"138","t":"16:57:00","h":"Est","s":"25N-H56N400F-80-F4"},{"r":"138","t":"16:57:00","h":"Est","s":"25N-H56NV10I-80-I"},{"r":"138","t":"16:57:00","h":"Est","s":"25N-H56NV20I-80-I"},{"r":"138","t":"16:57:00","h":"Est","s":"25S-H56S000I-80-I"},{"r":"138","t":"16:57:00","h":"Est","s":"25S-H56S100F-80-F1"},{"r":"138","t":"16:57:00","h":"Est","s":"25S-H56S200F-81-F2"},{"r":"104","t":"17:06:00","h":"Est","s":"25N-H56N000S-80-S"},{"r":"104","t":"17:06:00","h":"Est","s":"25N-H56NV10S-80-S"},{"r":"104","t":"17:06:00","h":"Est","s":"25N-H56NV20S-80-S"},{"r":"104","t":"17:06:00","h":"Est","s":"25S-H56S000S-80-S"},{"r":"104","t":"17:10:00","h":"Est","s":"25N-H56N000A-80-A"},{"r":"104","t":"17:10:00","h":"Est","s":"25N-H56NV10A-80-A"},{"r":"104","t":"17:10:00","h":"Est","s":"25N-H56NV20A-80-A"},{"r":"104","t":"17:10:00","h":"Est","s":"25S-H56S000A-80-A"},{"r":"138","t":"17:11:00","h":"Est","s":"25N-H56N000A-80-A"},{"r":"138","t":"17:11:00","h":"Est","s":"25N-H56NV10A-80-A"},{"r":"138","t":"17:11:00","h":"Est","s":"25N-H56NV20A-80-A"},{"r":"138","t":"17:11:00","h":"Est","s":"25S-H56S000A-80-A"},{"r":"104","t":"17:21:00","h":"Est","s":"25N-H56N000I-80-I"},{"r":"104","t":"17:21:00","h":"Est","s":"25N-H56N100F-80-F1"},{"r":"104","t":"17:21:00","h":"Est","s":"25N-H56N200F-80-F2"},{"r":"104","t":"17:21:00","h":"Est","s":"25N-H56N300F-80-F3"},{"r":"104","t":"17:21:00","h":"Est","s":"25N-H56N400F-80-F4"},{"r":"104","t":"17:21:00","h":"Est","s":"25N-H56NV10I-80-I"},{"r":"104","t":"17:21:00","h":"Est","s":"25N-H56NV20I-80-I"},{"r":"104","t":"17:21:00","h":"Est","s":"25S-H56S000I-80-I"},{"r":"104","t":"17:21:00","h":"Est","s":"25S-H56S100F-80-F1"},{"r":"104","t":"17:21:00","h":"Est","s":"25S-H56S200F-81-F2"},{"r":"138","t":"17:27:00","h":"Est","s":"25N-H56N000S-80-S"},{"r":"138","t":"17:27:00","h":"Est","s":"25N-H56NV10S-80-S"},{"r":"138","t":"17:27:00","h":"Est","s":"25N-H56NV20S-80-S"},{"r":"138","t":"17:27:00","h":"Est","s":"25S-H56S000S-80-S"},{"r":"104","t":"17:41:00","h":"Est","s":"25N-H56N000A-80-A"},{"r":"104","t":"17:41:00","h":"Est","s":"25N-H56NV10A-80-A"},{"r":"104","t":"17:41:00","h":"Est","s":"25N-H56NV20A-80-A"},{"r":"104","t":"17:41:00","h":"Est","s":"25S-H56S000A-80-A"},{"r":"138","t":"17:43:00","h":"Est","s":"25N-H56N000I-80-I"},{"r":"138","t":"17:43:00","h":"Est","s":"25N-H56N100F-80-F1"},{"r":"138","t":"17:43:00","h":"Est","s":"25N-H56N200F-80-F2"},{"r":"138","t":"17:43:00","h":"Est","s":"25N-H56N300F-80-F3"},{"r":"138","t":"17:43:00","h":"Est","s":"25N-H56N400F-80-F4"},{"r":"138","t":"17:43:00","h":"Est","s":"25N-H56NV10I-80-I"},{"r":"138","t":"17:43:00","h":"Est","s":"25N-H56NV20I-80-I"},{"r":"138","t":"17:43:00","h":"Est","s":"25S-H56S000I-80-I"},{"r":"138","t":"17:43:00","h":"Est","s":"25S-H56S100F-80-F1"},{"r":"138","t":"17:43:00","h":"Est","s":"25S-H56S200F-81-F2"},{"r":"104","t":"17:47:00","h":"Est","s":"25N-H56N000S-80-S"},{"r":"104","t":"17:47:00","h":"Est","s":"25N-H56NV10S-80-S"},{"r":"104","t":"17:47:00","h":"Est","s":"25N-H56NV20S-80-S"},{"r":"104","t":"17:47:00","h":"Est","s":"25S-H56S000S-80-S"},{"r":"138","t":"17:58:00","h":"Est","s":"25N-H56N000A-80-A"},{"r":"138","t":"17:58:00","h":"Est","s":"25N-H56NV10A-80-A"},{"r":"138","t":"17:58:00","h":"Est","s":"25N-H56NV20A-80-A"},{"r":"138","t":"17:58:00","h":"Est","s":"25S-H56S000A-80-A"},{"r":"104","t":"18:01:00","h":"Est","s":"25N-H56N000I-80-I"},{"r":"104","t":"18:01:00","h":"Est","s":"25N-H56N100F-80-F1"},{"r":"104","t":"18:01:00","h":"Est","s":"25N-H56N200F-80-F2"},{"r":"104","t":"18:01:00","h":"Est","s":"25N-H56N300F-80-F3"},{"r":"104","t":"18:01:00","h":"Est","s":"25N-H56N400F-80-F4"},{"r":"104","t":"18:01:00","h":"Est","s":"25N-H56NV10I-80-I"},{"r":"104","t":"18:01:00","h":"Est","s":"25N-H56NV20I-80-I"},{"r":"104","t":"18:01:00","h":"Est","s":"25S-H56S000I-80-I"},{"r":"104","t":"18:01:00","h":"Est","s":"25S-H56S100F-80-F1"},{"r":"104","t":"18:01:00","h":"Est","s":"25S-H56S200F-81-F2"},{"r":"138","t":"18:06:00","h":"Est","s":"25N-H59N000S-80-S"},{"r":"138","t":"18:06:00","h":"Est","s":"25N-H59NV10S-84-S"},{"r":"138","t":"18:06:00","h":"Est","s":"25N-H59NV20S-80-S"},{"r":"138","t":"18:06:00","h":"Est","s":"25S-H59S000S-81-S"},{"r":"104","t":"18:13:00","h":"Est","s":"25N-H56N000A-80-A"},{"r":"104","t":"18:13:00","h":"Est","s":"25N-H56NV10A-80-A"},{"r":"104","t":"18:13:00","h":"Est","s":"25N-H56NV20A-80-A"},{"r":"104","t":"18:13:00","h":"Est","s":"25S-H56S000A-80-A"},{"r":"104","t":"18:17:00","h":"Est","s":"25N-H56N000I-80-I"},{"r":"104","t":"18:17:00","h":"Est","s":"25N-H56N100F-80-F1"},{"r":"104","t":"18:17:00","h":"Est","s":"25N-H56N200F-80-F2"},{"r":"104","t":"18:17:00","h":"Est","s":"25N-H56N300F-80-F3"},{"r":"104","t":"18:17:00","h":"Est","s":"25N-H56N400F-80-F4"},{"r":"104","t":"18:17:00","h":"Est","s":"25N-H56NV10I-80-I"},{"r":"104","t":"18:17:00","h":"Est","s":"25N-H56NV20I-80-I"},{"r":"104","t":"18:17:00","h":"Est","s":"25S-H56S000I-80-I"},{"r":"104","t":"18:17:00","h":"Est","s":"25S-H56S100F-80-F1"},{"r":"104","t":"18:17:00","h":"Est","s":"25S-H56S200F-81-F2"},{"r":"104","t":"18:26:00","h":"Est","s":"25N-H56N000S-80-S"},{"r":"104","t":"18:26:00","h":"Est","s":"25N-H56NV10S-80-S"},{"r":"104","t":"18:26:00","h":"Est","s":"25N-H56NV20S-80-S"},{"r":"104","t":"18:26:00","h":"Est","s":"25S-H56S000S-80-S"},{"r":"138","t":"18:32:00","h":"Est","s":"25N-H56N000I-80-I"},{"r":"138","t":"18:32:00","h":"Est","s":"25N-H56N100F-80-F1"},{"r":"138","t":"18:32:00","h":"Est","s":"25N-H56N200F-80-F2"},{"r":"138","t":"18:32:00","h":"Est","s":"25N-H56N300F-80-F3"},{"r":"138","t":"18:32:00","h":"Est","s":"25N-H56N400F-80-F4"},{"r":"138","t":"18:32:00","h":"Est","s":"25N-H56NV10I-80-I"},{"r":"138","t":"18:32:00","h":"Est","s":"25N-H56NV20I-80-I"},{"r":"138","t":"18:32:00","h":"Est","s":"25S-H56S000I-80-I"},{"r":"138","t":"18:32:00","h":"Est","s":"25S-H56S100F-80-F1"},{"r":"138","t":"18:32:00","h":"Est","s":"25S-H56S200F-81-F2"},{"r":"138","t":"18:44:00","h":"Est","s":"25N-H56N000A-80-A"},{"r":"138","t":"18:44:00","h":"Est","s":"25N-H56NV10A-80-A"},{"r":"138","t":"18:44:00","h":"Est","s":"25N-H56NV20A-80-A"},{"r":"138","t":"18:44:00","h":"Est","s":"25S-H56S000A-80-A"},{"r":"138","t":"18:45:00","h":"Est","s":"25N-H56N000S-80-S"},{"r":"138","t":"18:45:00","h":"Est","s":"25N-H56NV10S-80-S"},{"r":"138","t":"18:45:00","h":"Est","s":"25N-H56NV20S-80-S"},{"r":"138","t":"18:45:00","h":"Est","s":"25S-H56S000S-80-S"},{"r":"104","t":"18:52:00","h":"Est","s":"25N-H56N000A-80-A"},{"r":"104","t":"18:52:00","h":"Est","s":"25N-H56NV10A-80-A"},{"r":"104","t":"18:52:00","h":"Est","s":"25N-H56NV20A-80-A"},{"r":"104","t":"18:52:00","h":"Est","s":"25S-H56S000A-80-A"},{"r":"104","t":"18:54:00","h":"Est","s":"25N-H56N000I-80-I"},{"r":"104","t":"18:54:00","h":"Est","s":"25N-H56N100F-80-F1"},{"r":"104","t":"18:54:00","h":"Est","s":"25N-H56N200F-80-F2"},{"r":"104","t":"18:54:00","h":"Est","s":"25N-H56N300F-80-F3"},{"r":"104","t":"18:54:00","h":"Est","s":"25N-H56N400F-80-F4"},{"r":"104","t":"18:54:00","h":"Est","s":"25N-H56NV10I-80-I"},{"r":"104","t":"18:54:00","h":"Est","s":"25N-H56NV20I-80-I"},{"r":"104","t":"18:54:00","h":"Est","s":"25S-H56S000I-80-I"},{"r":"104","t":"18:54:00","h":"Est","s":"25S-H56S100F-80-F1"},{"r":"104","t":"18:54:00","h":"Est","s":"25S-H56S200F-81-F2"},{"r":"104","t":"19:05:00","h":"Est","s":"25N-H56N000S-80-S"},{"r":"104","t":"19:05:00","h":"Est","s":"25N-H56NV10S-80-S"},{"r":"104","t":"19:05:00","h":"Est","s":"25N-H56NV20S-80-S"},{"r":"104","t":"19:05:00","h":"Est","s":"25S-H56S000S-80-S"},{"r":"138","t":"19:17:00","h":"Est","s":"25N-H56N000I-80-I"},{"r":"138","t":"19:17:00","h":"Est","s":"25N-H56N100F-80-F1"},{"r":"138","t":"19:17:00","h":"Est","s":"25N-H56N200F-80-F2"},{"r":"138","t":"19:17:00","h":"Est","s":"25N-H56N300F-80-F3"},{"r":"138","t":"19:17:00","h":"Est","s":"25N-H56N400F-80-F4"},{"r":"138","t":"19:17:00","h":"Est","s":"25N-H56NV10I-80-I"},{"r":"138","t":"19:17:00","h":"Est","s":"25N-H56NV20I-80-I"},{"r":"138","t":"19:17:00","h":"Est","s":"25S-H56S000I-80-I"},{"r":"138","t":"19:17:00","h":"Est","s":"25S-H56S100F-80-F1"},{"r":"138","t":"19:17:00","h":"Est","s":"25S-H56S200F-81-F2"},{"r":"138","t":"19:20:00","h":"Est","s":"25N-H56N000S-80-S"},{"r":"138","t":"19:20:00","h":"Est","s":"25N-H56NV10S-80-S"},{"r":"138","t":"19:20:00","h":"Est","s":"25N-H56NV20S-80-S"},{"r":"138","t":"19:20:00","h":"Est","s":"25S-H56S000S-80-S"},{"r":"104","t":"19:21:00","h":"Est","s":"25N-H56N000A-80-A"},{"r":"104","t":"19:21:00","h":"Est","s":"25N-H56NV10A-80-A"},{"r":"104","t":"19:21:00","h":"Est","s":"25N-H56NV20A-80-A"},{"r":"104","t":"19:21:00","h":"Est","s":"25S-H56S000A-80-A"},{"r":"138","t":"19:30:00","h":"Est","s":"25N-H56N000A-80-A"},{"r":"138","t":"19:30:00","h":"Est","s":"25N-H56NV10A-80-A"},{"r":"138","t":"19:30:00","h":"Est","s":"25N-H56NV20A-80-A"},{"r":"138","t":"19:30:00","h":"Est","s":"25S-H56S000A-80-A"},{"r":"104","t":"19:37:00","h":"Est","s":"25N-H56N000I-80-I"},{"r":"104","t":"19:37:00","h":"Est","s":"25N-H56N100F-80-F1"},{"r":"104","t":"19:37:00","h":"Est","s":"25N-H56N200F-80-F2"},{"r":"104","t":"19:37:00","h":"Est","s":"25N-H56N300F-80-F3"},{"r":"104","t":"19:37:00","h":"Est","s":"25N-H56N400F-80-F4"},{"r":"104","t":"19:37:00","h":"Est","s":"25N-H56NV10I-80-I"},{"r":"104","t":"19:37:00","h":"Est","s":"25N-H56NV20I-80-I"},{"r":"104","t":"19:37:00","h":"Est","s":"25S-H56S000I-80-I"},{"r":"104","t":"19:37:00","h":"Est","s":"25S-H56S100F-80-F1"},{"r":"104","t":"19:37:00","h":"Est","s":"25S-H56S200F-81-F2"},{"r":"104","t":"19:38:00","h":"Est","s":"25N-H56N000S-80-S"},{"r":"104","t":"19:38:00","h":"Est","s":"25N-H56NV10S-80-S"},{"r":"104","t":"19:38:00","h":"Est","s":"25N-H56NV20S-80-S"},{"r":"104","t":"19:38:00","h":"Est","s":"25S-H56S000S-80-S"},{"r":"104","t":"19:52:00","h":"Est","s":"25N-H56N000A-80-A"},{"r":"104","t":"19:52:00","h":"Est","s":"25N-H56NV10A-80-A"},{"r":"104","t":"19:52:00","h":"Est","s":"25N-H56NV20A-80-A"},{"r":"104","t":"19:52:00","h":"Est","s":"25S-H56S000A-80-A"},{"r":"138","t":"19:54:00","h":"Est","s":"25N-H56N000S-80-S"},{"r":"138","t":"19:54:00","h":"Est","s":"25N-H56NV10S-80-S"},{"r":"138","t":"19:54:00","h":"Est","s":"25N-H56NV20S-80-S"},{"r":"138","t":"19:54:00","h":"Est","s":"25S-H56S000S-80-S"},{"r":"138","t":"20:02:00","h":"Est","s":"25N-H56N000I-80-I"},{"r":"138","t":"20:02:00","h":"Est","s":"25N-H56N100F-80-F1"},{"r":"138","t":"20:02:00","h":"Est","s":"25N-H56N200F-80-F2"},{"r":"138","t":"20:02:00","h":"Est","s":"25N-H56N300F-80-F3"},{"r":"138","t":"20:02:00","h":"Est","s":"25N-H56N400F-80-F4"},{"r":"138","t":"20:02:00","h":"Est","s":"25N-H56NV10I-80-I"},{"r":"138","t":"20:02:00","h":"Est","s":"25N-H56NV20I-80-I"},{"r":"138","t":"20:02:00","h":"Est","s":"25S-H56S000I-80-I"},{"r":"138","t":"20:02:00","h":"Est","s":"25S-H56S100F-80-F1"},{"r":"138","t":"20:02:00","h":"Est","s":"25S-H56S200F-81-F2"},{"r":"104","t":"20:10:00","h":"Est","s":"25N-H56N000I-80-I"},{"r":"104","t":"20:10:00","h":"Est","s":"25N-H56N100F-80-F1"},{"r":"104","t":"20:10:00","h":"Est","s":"25N-H56N200F-80-F2"},{"r":"104","t":"20:10:00","h":"Est","s":"25N-H56N300F-80-F3"},{"r":"104","t":"20:10:00","h":"Est","s":"25N-H56N400F-80-F4"},{"r":"104","t":"20:10:00","h":"Est","s":"25N-H56NV10I-80-I"},{"r":"104","t":"20:10:00","h":"Est","s":"25N-H56NV20I-80-I"},{"r":"104","t":"20:10:00","h":"Est","s":"25S-H56S000I-80-I"},{"r":"104","t":"20:10:00","h":"Est","s":"25S-H56S100F-80-F1"},{"r":"104","t":"20:10:00","h":"Est","s":"25S-H56S200F-81-F2"},{"r":"104","t":"20:13:00","h":"Est","s":"25N-H56N000S-80-S"},{"r":"104","t":"20:13:00","h":"Est","s":"25N-H56NV10S-80-S"},{"r":"104","t":"20:13:00","h":"Est","s":"25N-H56NV20S-80-S"},{"r":"104","t":"20:13:00","h":"Est","s":"25S-H56S000S-80-S"},{"r":"138","t":"20:16:00","h":"Est","s":"25N-H56N000A-80-A"},{"r":"138","t":"20:16:00","h":"Est","s":"25N-H56NV10A-80-A"},{"r":"138","t":"20:16:00","h":"Est","s":"25N-H56NV20A-80-A"},{"r":"138","t":"20:16:00","h":"Est","s":"25S-H56S000A-80-A"},{"r":"104","t":"20:25:00","h":"Est","s":"25N-H56N000A-80-A"},{"r":"104","t":"20:25:00","h":"Est","s":"25N-H56NV10A-80-A"},{"r":"104","t":"20:25:00","h":"Est","s":"25N-H56NV20A-80-A"},{"r":"104","t":"20:25:00","h":"Est","s":"25S-H56S000A-80-A"},{"r":"138","t":"20:27:00","h":"Est","s":"25N-H56N000S-80-S"},{"r":"138","t":"20:27:00","h":"Est","s":"25N-H56NV10S-80-S"},{"r":"138","t":"20:27:00","h":"Est","s":"25N-H56NV20S-80-S"},{"r":"138","t":"20:27:00","h":"Est","s":"25S-H56S000S-80-S"},{"r":"104","t":"20:28:00","h":"Est","s":"25N-H56N000I-80-I"},{"r":"104","t":"20:28:00","h":"Est","s":"25N-H56N100F-80-F1"},{"r":"104","t":"20:28:00","h":"Est","s":"25N-H56N200F-80-F2"},{"r":"104","t":"20:28:00","h":"Est","s":"25N-H56N300F-80-F3"},{"r":"104","t":"20:28:00","h":"Est","s":"25N-H56N400F-80-F4"},{"r":"104","t":"20:28:00","h":"Est","s":"25N-H56NV10I-80-I"},{"r":"104","t":"20:28:00","h":"Est","s":"25N-H56NV20I-80-I"},{"r":"104","t":"20:28:00","h":"Est","s":"25S-H56S000I-80-I"},{"r":"104","t":"20:28:00","h":"Est","s":"25S-H56S100F-80-F1"},{"r":"104","t":"20:28:00","h":"Est","s":"25S-H56S200F-81-F2"},{"r":"104","t":"20:44:00","h":"Est","s":"25N-H56N000S-80-S"},{"r":"104","t":"20:44:00","h":"Est","s":"25N-H56NV10S-80-S"},{"r":"104","t":"20:44:00","h":"Est","s":"25N-H56NV20S-80-S"},{"r":"104","t":"20:44:00","h":"Est","s":"25S-H56S000S-80-S"},{"r":"138","t":"20:46:00","h":"Est","s":"25N-H56N000I-80-I"},{"r":"138","t":"20:46:00","h":"Est","s":"25N-H56N100F-80-F1"},{"r":"138","t":"20:46:00","h":"Est","s":"25N-H56N200F-80-F2"},{"r":"138","t":"20:46:00","h":"Est","s":"25N-H56N300F-80-F3"},{"r":"138","t":"20:46:00","h":"Est","s":"25N-H56N400F-80-F4"},{"r":"138","t":"20:46:00","h":"Est","s":"25N-H56NV10I-80-I"},{"r":"138","t":"20:46:00","h":"Est","s":"25N-H56NV20I-80-I"},{"r":"138","t":"20:46:00","h":"Est","s":"25S-H56S000I-80-I"},{"r":"138","t":"20:46:00","h":"Est","s":"25S-H56S100F-80-F1"},{"r":"138","t":"20:46:00","h":"Est","s":"25S-H56S200F-81-F2"},{"r":"104","t":"20:54:00","h":"Est","s":"25N-H56N000A-80-A"},{"r":"104","t":"20:54:00","h":"Est","s":"25N-H56NV10A-80-A"},{"r":"104","t":"20:54:00","h":"Est","s":"25N-H56NV20A-80-A"},{"r":"104","t":"20:54:00","h":"Est","s":"25S-H56S000A-80-A"},{"r":"138","t":"20:57:00","h":"Est","s":"25N-H56N000S-80-S"},{"r":"138","t":"20:57:00","h":"Est","s":"25N-H56NV10S-80-S"},{"r":"138","t":"20:57:00","h":"Est","s":"25N-H56NV20S-80-S"},{"r":"138","t":"20:57:00","h":"Est","s":"25S-H56S000S-80-S"},{"r":"104","t":"21:05:00","h":"Est","s":"25N-H56N000I-80-I"},{"r":"104","t":"21:05:00","h":"Est","s":"25N-H56N100F-80-F1"},{"r":"104","t":"21:05:00","h":"Est","s":"25N-H56N200F-80-F2"},{"r":"104","t":"21:05:00","h":"Est","s":"25N-H56N300F-80-F3"},{"r":"104","t":"21:05:00","h":"Est","s":"25N-H56N400F-80-F4"},{"r":"104","t":"21:05:00","h":"Est","s":"25N-H56NV10I-80-I"},{"r":"104","t":"21:05:00","h":"Est","s":"25N-H56NV20I-80-I"},{"r":"104","t":"21:05:00","h":"Est","s":"25S-H56S000I-80-I"},{"r":"104","t":"21:05:00","h":"Est","s":"25S-H56S100F-80-F1"},{"r":"104","t":"21:05:00","h":"Est","s":"25S-H56S200F-81-F2"},{"r":"104","t":"21:15:00","h":"Est","s":"25N-H56N000S-80-S"},{"r":"104","t":"21:15:00","h":"Est","s":"25N-H56NV10S-80-S"},{"r":"104","t":"21:15:00","h":"Est","s":"25N-H56NV20S-80-S"},{"r":"104","t":"21:15:00","h":"Est","s":"25S-H56S000S-80-S"},{"r":"104","t":"21:24:00","h":"Est","s":"25N-H56N000A-80-A"},{"r":"104","t":"21:24:00","h":"Est","s":"25N-H56NV10A-80-A"},{"r":"104","t":"21:24:00","h":"Est","s":"25N-H56NV20A-80-A"},{"r":"104","t":"21:24:00","h":"Est","s":"25S-H56S000A-80-A"},{"r":"138","t":"21:29:00","h":"Est","s":"25N-H56N000S-80-S"},{"r":"138","t":"21:29:00","h":"Est","s":"25N-H56NV10S-80-S"},{"r":"138","t":"21:29:00","h":"Est","s":"25N-H56NV20S-80-S"},{"r":"138","t":"21:29:00","h":"Est","s":"25S-H56S000S-80-S"},{"r":"104","t":"21:36:00","h":"Est","s":"25N-H56N000I-80-I"},{"r":"104","t":"21:36:00","h":"Est","s":"25N-H56N100F-80-F1"},{"r":"104","t":"21:36:00","h":"Est","s":"25N-H56N200F-80-F2"},{"r":"104","t":"21:36:00","h":"Est","s":"25N-H56N300F-80-F3"},{"r":"104","t":"21:36:00","h":"Est","s":"25N-H56N400F-80-F4"},{"r":"104","t":"21:36:00","h":"Est","s":"25N-H56NV10I-80-I"},{"r":"104","t":"21:36:00","h":"Est","s":"25N-H56NV20I-80-I"},{"r":"104","t":"21:36:00","h":"Est","s":"25S-H56S000I-80-I"},{"r":"104","t":"21:36:00","h":"Est","s":"25S-H56S100F-80-F1"},{"r":"104","t":"21:36:00","h":"Est","s":"25S-H56S200F-81-F2"},{"r":"104","t":"21:46:00","h":"Est","s":"25N-H56N000S-80-S"},{"r":"104","t":"21:46:00","h":"Est","s":"25N-H56NV10S-80-S"},{"r":"104","t":"21:46:00","h":"Est","s":"25N-H56NV20S-80-S"},{"r":"104","t":"21:46:00","h":"Est","s":"25S-H56S000S-80-S"},{"r":"104","t":"21:57:00","h":"Est","s":"25N-H56N000A-80-A"},{"r":"104","t":"21:57:00","h":"Est","s":"25N-H56NV10A-80-A"},{"r":"104","t":"21:57:00","h":"Est","s":"25N-H56NV20A-80-A"},{"r":"104","t":"21:57:00","h":"Est","s":"25S-H56S000A-80-A"},{"r":"138","t":"22:01:00","h":"Est","s":"25N-H56N000S-80-S"},{"r":"138","t":"22:01:00","h":"Est","s":"25N-H56NV10S-80-S"},{"r":"138","t":"22:01:00","h":"Est","s":"25N-H56NV20S-80-S"},{"r":"138","t":"22:01:00","h":"Est","s":"25S-H56S000S-80-S"},{"r":"104","t":"22:08:00","h":"Est","s":"25N-H56N000I-80-I"},{"r":"104","t":"22:08:00","h":"Est","s":"25N-H56N100F-80-F1"},{"r":"104","t":"22:08:00","h":"Est","s":"25N-H56N200F-80-F2"},{"r":"104","t":"22:08:00","h":"Est","s":"25N-H56N300F-80-F3"},{"r":"104","t":"22:08:00","h":"Est","s":"25N-H56N400F-80-F4"},{"r":"104","t":"22:08:00","h":"Est","s":"25N-H56NV10I-80-I"},{"r":"104","t":"22:08:00","h":"Est","s":"25N-H56NV20I-80-I"},{"r":"104","t":"22:08:00","h":"Est","s":"25S-H56S000I-80-I"},{"r":"104","t":"22:08:00","h":"Est","s":"25S-H56S100F-80-F1"},{"r":"104","t":"22:08:00","h":"Est","s":"25S-H56S200F-81-F2"},{"r":"104","t":"22:16:00","h":"Est","s":"25N-H56N000S-80-S"},{"r":"104","t":"22:16:00","h":"Est","s":"25N-H56NV10S-80-S"},{"r":"104","t":"22:16:00","h":"Est","s":"25N-H56NV20S-80-S"},{"r":"104","t":"22:16:00","h":"Est","s":"25S-H56S000S-80-S"},{"r":"104","t":"22:25:00","h":"Est","s":"25N-H56N000A-80-A"},{"r":"104","t":"22:25:00","h":"Est","s":"25N-H56NV10A-80-A"},{"r":"104","t":"22:25:00","h":"Est","s":"25N-H56NV20A-80-A"},{"r":"104","t":"22:25:00","h":"Est","s":"25S-H56S000A-80-A"},{"r":"138","t":"22:31:00","h":"Est","s":"25N-H56N000S-80-S"},{"r":"138","t":"22:31:00","h":"Est","s":"25N-H56NV10S-80-S"},{"r":"138","t":"22:31:00","h":"Est","s":"25N-H56NV20S-80-S"},{"r":"138","t":"22:31:00","h":"Est","s":"25S-H56S000S-80-S"},{"r":"104","t":"22:41:00","h":"Est","s":"25N-H56N000I-80-I"},{"r":"104","t":"22:41:00","h":"Est","s":"25N-H56N100F-80-F1"},{"r":"104","t":"22:41:00","h":"Est","s":"25N-H56N200F-80-F2"},{"r":"104","t":"22:41:00","h":"Est","s":"25N-H56N300F-80-F3"},{"r":"104","t":"22:41:00","h":"Est","s":"25N-H56N400F-80-F4"},{"r":"104","t":"22:41:00","h":"Est","s":"25N-H56NV10I-80-I"},{"r":"104","t":"22:41:00","h":"Est","s":"25N-H56NV20I-80-I"},{"r":"104","t":"22:41:00","h":"Est","s":"25S-H56S000I-80-I"},{"r":"104","t":"22:41:00","h":"Est","s":"25S-H56S100F-80-F1"},{"r":"104","t":"22:41:00","h":"Est","s":"25S-H56S200F-81-F2"},{"r":"104","t":"22:47:00","h":"Est","s":"25N-H56N000S-80-S"},{"r":"104","t":"22:47:00","h":"Est","s":"25N-H56NV10S-80-S"},{"r":"104","t":"22:47:00","h":"Est","s":"25N-H56NV20S-80-S"},{"r":"104","t":"22:47:00","h":"Est","s":"25S-H56S000S-80-S"},{"r":"104","t":"22:54:00","h":"Est","s":"25N-H56N000A-80-A"},{"r":"104","t":"22:54:00","h":"Est","s":"25N-H56NV10A-80-A"},{"r":"104","t":"22:54:00","h":"Est","s":"25N-H56NV20A-80-A"},{"r":"104","t":"22:54:00","h":"Est","s":"25S-H56S000A-80-A"},{"r":"138","t":"23:02:00","h":"Est","s":"25N-H56N000S-80-S"},{"r":"138","t":"23:02:00","h":"Est","s":"25N-H56NV10S-80-S"},{"r":"138","t":"23:02:00","h":"Est","s":"25N-H56NV20S-80-S"},{"r":"138","t":"23:02:00","h":"Est","s":"25S-H56S000S-80-S"},{"r":"104","t":"23:13:00","h":"Est","s":"25N-H56N000I-80-I"},{"r":"104","t":"23:13:00","h":"Est","s":"25N-H56N100F-80-F1"},{"r":"104","t":"23:13:00","h":"Est","s":"25N-H56N200F-80-F2"},{"r":"104","t":"23:13:00","h":"Est","s":"25N-H56N300F-80-F3"},{"r":"104","t":"23:13:00","h":"Est","s":"25N-H56N400F-80-F4"},{"r":"104","t":"23:13:00","h":"Est","s":"25N-H56NV10I-80-I"},{"r":"104","t":"23:13:00","h":"Est","s":"25N-H56NV20I-80-I"},{"r":"104","t":"23:13:00","h":"Est","s":"25S-H56S000I-80-I"},{"r":"104","t":"23:13:00","h":"Est","s":"25S-H56S100F-80-F1"},{"r":"104","t":"23:13:00","h":"Est","s":"25S-H56S200F-81-F2"},{"r":"104","t":"23:16:00","h":"Est","s":"25N-H56N000S-80-S"},{"r":"104","t":"23:16:00","h":"Est","s":"25N-H56NV10S-80-S"},{"r":"104","t":"23:16:00","h":"Est","s":"25N-H56NV20S-80-S"},{"r":"104","t":"23:16:00","h":"Est","s":"25S-H56S000S-80-S"},{"r":"104","t":"23:25:00","h":"Est","s":"25N-H56N000A-80-A"},{"r":"104","t":"23:25:00","h":"Est","s":"25N-H56NV10A-80-A"},{"r":"104","t":"23:25:00","h":"Est","s":"25N-H56NV20A-80-A"},{"r":"104","t":"23:25:00","h":"Est","s":"25S-H56S000A-80-A"},{"r":"138","t":"23:32:00","h":"Est","s":"25N-H56N000S-80-S"},{"r":"138","t":"23:32:00","h":"Est","s":"25N-H56NV10S-80-S"},{"r":"138","t":"23:32:00","h":"Est","s":"25N-H56NV20S-80-S"},{"r":"138","t":"23:32:00","h":"Est","s":"25S-H56S000S-80-S"},{"r":"104","t":"23:45:00","h":"Est","s":"25N-H56N000S-80-S"},{"r":"104","t":"23:45:00","h":"Est","s":"25N-H56NV10S-80-S"},{"r":"104","t":"23:45:00","h":"Est","s":"25N-H56NV20S-80-S"},{"r":"104","t":"23:45:00","h":"Est","s":"25S-H56S000S-80-S"},{"r":"104","t":"23:46:00","h":"Est","s":"25N-H56N000I-80-I"},{"r":"104","t":"23:46:00","h":"Est","s":"25N-H56N100F-80-F1"},{"r":"104","t":"23:46:00","h":"Est","s":"25N-H56N200F-80-F2"},{"r":"104","t":"23:46:00","h":"Est","s":"25N-H56N300F-80-F3"},{"r":"104","t":"23:46:00","h":"Est","s":"25N-H56N400F-80-F4"},{"r":"104","t":"23:46:00","h":"Est","s":"25N-H56NV10I-80-I"},{"r":"104","t":"23:46:00","h":"Est","s":"25N-H56NV20I-80-I"},{"r":"104","t":"23:46:00","h":"Est","s":"25S-H56S000I-80-I"},{"r":"104","t":"23:46:00","h":"Est","s":"25S-H56S100F-80-F1"},{"r":"104","t":"23:46:00","h":"Est","s":"25S-H56S200F-81-F2"},{"r":"104","t":"23:55:00","h":"Est","s":"25N-H56N000A-80-A"},{"r":"104","t":"23:55:00","h":"Est","s":"25N-H56NV10A-80-A"},{"r":"104","t":"23:55:00","h":"Est","s":"25N-H56NV20A-80-A"},{"r":"104","t":"23:55:00","h":"Est","s":"25S-H56S000A-80-A"},{"r":"138","t":"23:59:00","h":"Est","s":"25N-H56N000S-80-S"},{"r":"138","t":"23:59:00","h":"Est","s":"25N-H56NV10S-80-S"},{"r":"138","t":"23:59:00","h":"Est","s":"25N-H56NV20S-80-S"},{"r":"138","t":"23:59:00","h":"Est","s":"25S-H56S000S-80-S"},{"r":"104","t":"24:14:00","h":"Est","s":"25N-H56N000S-80-S"},{"r":"104","t":"24:14:00","h":"Est","s":"25N-H56NV10S-80-S"},{"r":"104","t":"24:14:00","h":"Est","s":"25N-H56NV20S-80-S"},{"r":"104","t":"24:14:00","h":"Est","s":"25S-H56S000S-80-S"},{"r":"104","t":"24:19:00","h":"Est","s":"25N-H56N000I-80-I"},{"r":"104","t":"24:19:00","h":"Est","s":"25N-H56N100F-80-F1"},{"r":"104","t":"24:19:00","h":"Est","s":"25N-H56N200F-80-F2"},{"r":"104","t":"24:19:00","h":"Est","s":"25N-H56N300F-80-F3"},{"r":"104","t":"24:19:00","h":"Est","s":"25N-H56N400F-80-F4"},{"r":"104","t":"24:19:00","h":"Est","s":"25N-H56NV10I-80-I"},{"r":"104","t":"24:19:00","h":"Est","s":"25N-H56NV20I-80-I"},{"r":"104","t":"24:19:00","h":"Est","s":"25S-H56S000I-80-I"},{"r":"104","t":"24:19:00","h":"Est","s":"25S-H56S100F-80-F1"},{"r":"104","t":"24:19:00","h":"Est","s":"25S-H56S200F-81-F2"},{"r":"104","t":"24:23:00","h":"Est","s":"25N-H56N000A-80-A"},{"r":"104","t":"24:23:00","h":"Est","s":"25N-H56NV10A-80-A"},{"r":"104","t":"24:23:00","h":"Est","s":"25N-H56NV20A-80-A"},{"r":"104","t":"24:23:00","h":"Est","s":"25S-H56S000A-80-A"},{"r":"138","t":"24:27:00","h":"Est","s":"25N-H56N000S-80-S"},{"r":"138","t":"24:27:00","h":"Est","s":"25N-H56NV10S-80-S"},{"r":"138","t":"24:27:00","h":"Est","s":"25N-H56NV20S-80-S"},{"r":"138","t":"24:27:00","h":"Est","s":"25S-H56S000S-80-S"},{"r":"104","t":"24:41:00","h":"Est","s":"25N-H56N000S-80-S"},{"r":"104","t":"24:41:00","h":"Est","s":"25N-H56NV10S-80-S"},{"r":"104","t":"24:41:00","h":"Est","s":"25N-H56NV20S-80-S"},{"r":"104","t":"24:41:00","h":"Est","s":"25S-H56S000S-80-S"},{"r":"104","t":"24:51:00","h":"Est","s":"25N-H56N000A-80-A"},{"r":"104","t":"24:51:00","h":"Est","s":"25N-H56N000I-80-I"},{"r":"104","t":"24:51:00","h":"Est","s":"25N-H56N100F-80-F1"},{"r":"104","t":"24:51:00","h":"Est","s":"25N-H56N200F-80-F2"},{"r":"104","t":"24:51:00","h":"Est","s":"25N-H56N300F-80-F3"},{"r":"104","t":"24:51:00","h":"Est","s":"25N-H56N400F-80-F4"},{"r":"104","t":"24:51:00","h":"Est","s":"25N-H56NV10A-80-A"},{"r":"104","t":"24:51:00","h":"Est","s":"25N-H56NV10I-80-I"},{"r":"104","t":"24:51:00","h":"Est","s":"25N-H56NV20A-80-A"},{"r":"104","t":"24:51:00","h":"Est","s":"25N-H56NV20I-80-I"},{"r":"104","t":"24:51:00","h":"Est","s":"25S-H56S000A-80-A"},{"r":"104","t":"24:51:00","h":"Est","s":"25S-H56S000I-80-I"},{"r":"104","t":"24:51:00","h":"Est","s":"25S-H56S100F-80-F1"},{"r":"104","t":"24:51:00","h":"Est","s":"25S-H56S200F-81-F2"},{"r":"138","t":"24:54:00","h":"Est","s":"25N-H56N000S-80-S"},{"r":"138","t":"24:54:00","h":"Est","s":"25N-H56NV10S-80-S"},{"r":"138","t":"24:54:00","h":"Est","s":"25N-H56NV20S-80-S"},{"r":"138","t":"24:54:00","h":"Est","s":"25S-H56S000S-80-S"},{"r":"104","t":"25:07:00","h":"Est","s":"25N-H56N000S-80-S"},{"r":"104","t":"25:07:00","h":"Est","s":"25N-H56NV10S-80-S"},{"r":"104","t":"25:07:00","h":"Est","s":"25N-H56NV20S-80-S"},{"r":"104","t":"25:07:00","h":"Est","s":"25S-H56S000S-80-S"},{"r":"138","t":"25:19:00","h":"Est","s":"25N-H56N000S-80-S"},{"r":"138","t":"25:19:00","h":"Est","s":"25N-H56NV10S-80-S"},{"r":"138","t":"25:19:00","h":"Est","s":"25N-H56NV20S-80-S"},{"r":"138","t":"25:19:00","h":"Est","s":"25S-H56S000S-80-S"},{"r":"104","t":"25:20:00","h":"Est","s":"25N-H56N000A-80-A"},{"r":"104","t":"25:20:00","h":"Est","s":"25N-H56NV10A-80-A"},{"r":"104","t":"25:20:00","h":"Est","s":"25N-H56NV20A-80-A"},{"r":"104","t":"25:20:00","h":"Est","s":"25S-H56S000A-80-A"}]