[{"r":"104","t":"05:50:26","h":"Ouest","s":"25N-H56N000S-80-S"},{"r":"104","t":"05:50:26","h":"Ouest","s":"25N-H56NV10S-80-S"},{"r":"104","t":"05:50:26","h":"Ouest","s":"25N-H56NV20S-80-S"},{"r":"104","t":"05:50:26","h":"Ouest","s":"25S-H56S000S-80-S"},{"r":"104","t":"05:59:33","h":"Ouest","s":"25N-H56N000A-80-A"},{"r":"104","t":"05:59:33","h":"Ouest","s":"25N-H56NV10A-80-A"},{"r":"104","t":"05:59:33","h":"Ouest","s":"25N-H56NV20A-80-A"},{"r":"104","t":"05:59:33","h":"Ouest","s":"25S-H56S000A-80-A"},{"r":"138","t":"06:07:29","h":"Ouest","s":"25N-H56N000S-80-S"},{"r":"138","t":"06:07:29","h":"Ouest","s":"25N-H56NV10S-80-S"},{"r":"138","t":"06:07:29","h":"Ouest","s":"25N-H56NV20S-80-S"},{"r":"138","t":"06:07:29","h":"Ouest","s":"25S-H56S000S-80-S"},{"r":"104","t":"06:15:33","h":"Ouest","s":"25N-H56N000I-80-I"},{"r":"104","t":"06:15:33","h":"Ouest","s":"25N-H56N100F-80-F1"},{"r":"104","t":"06:15:33","h":"Ouest","s":"25N-H56N200F-80-F2"},{"r":"104","t":"06:15:33","h":"Ouest","s":"25N-H56N300F-80-F3"},{"r":"104","t":"06:15:33","h":"Ouest","s":"25N-H56N400F-80-F4"},{"r":"104","t":"06:15:33","h":"Ouest","s":"25N-H56NV10I-80-I"},{"r":"104","t":"06:15:33","h":"Ouest","s":"25N-H56NV20I-80-I"},{"r":"104","t":"06:15:33","h":"Ouest","s":"25S-H56S000I-80-I"},{"r":"104","t":"06:15:33","h":"Ouest","s":"25S-H56S100F-80-F1"},{"r":"104","t":"06:15:33","h":"Ouest","s":"25S-H56S200F-81-F2"},{"r":"104","t":"06:20:26","h":"Ouest","s":"25N-H56N000S-80-S"},{"r":"104","t":"06:20:26","h":"Ouest","s":"25N-H56NV10S-80-S"},{"r":"104","t":"06:20:26","h":"Ouest","s":"25N-H56NV20S-80-S"},{"r":"104","t":"06:20:26","h":"Ouest","s":"25S-H56S000S-80-S"},{"r":"138","t":"06:21:29","h":"Ouest","s":"25N-H56N000A-80-A"},{"r":"138","t":"06:21:29","h":"Ouest","s":"25N-H56NV10A-80-A"},{"r":"138","t":"06:21:29","h":"Ouest","s":"25N-H56NV20A-80-A"},{"r":"138","t":"06:21:29","h":"Ouest","s":"25S-H56S000A-80-A"},{"r":"138","t":"06:33:29","h":"Ouest","s":"25N-H56N000S-80-S"},{"r":"138","t":"06:33:29","h":"Ouest","s":"25N-H56NV10S-80-S"},{"r":"138","t":"06:33:29","h":"Ouest","s":"25N-H56NV20S-80-S"},{"r":"138","t":"06:33:29","h":"Ouest","s":"25S-H56S000S-80-S"},{"r":"104","t":"06:35:33","h":"Ouest","s":"25N-H56N000A-80-A"},{"r":"104","t":"06:35:33","h":"Ouest","s":"25N-H56NV10A-80-A"},{"r":"104","t":"06:35:33","h":"Ouest","s":"25N-H56NV20A-80-A"},{"r":"104","t":"06:35:33","h":"Ouest","s":"25S-H56S000A-80-A"},{"r":"104","t":"06:45:33","h":"Ouest","s":"25N-H56N000I-80-I"},{"r":"104","t":"06:45:33","h":"Ouest","s":"25N-H56N100F-80-F1"},{"r":"104","t":"06:45:33","h":"Ouest","s":"25N-H56N200F-80-F2"},{"r":"104","t":"06:45:33","h":"Ouest","s":"25N-H56N300F-80-F3"},{"r":"104","t":"06:45:33","h":"Ouest","s":"25N-H56N400F-80-F4"},{"r":"104","t":"06:45:33","h":"Ouest","s":"25N-H56NV10I-80-I"},{"r":"104","t":"06:45:33","h":"Ouest","s":"25N-H56NV20I-80-I"},{"r":"104","t":"06:45:33","h":"Ouest","s":"25S-H56S000I-80-I"},{"r":"104","t":"06:45:33","h":"Ouest","s":"25S-H56S100F-80-F1"},{"r":"104","t":"06:45:33","h":"Ouest","s":"25S-H56S200F-81-F2"},{"r":"104","t":"06:52:26","h":"Ouest","s":"25N-H56N000S-80-S"},{"r":"104","t":"06:52:26","h":"Ouest","s":"25N-H56NV10S-80-S"},{"r":"104","t":"06:52:26","h":"Ouest","s":"25N-H56NV20S-80-S"},{"r":"104","t":"06:52:26","h":"Ouest","s":"25S-H56S000S-80-S"},{"r":"104","t":"06:52:33","h":"Ouest","s":"25N-H56N000A-80-A"},{"r":"104","t":"06:52:33","h":"Ouest","s":"25N-H56NV10A-80-A"},{"r":"104","t":"06:52:33","h":"Ouest","s":"25N-H56NV20A-80-A"},{"r":"104","t":"06:52:33","h":"Ouest","s":"25S-H56S000A-80-A"},{"r":"138","t":"07:00:29","h":"Ouest","s":"25N-H56N000A-80-A"},{"r":"138","t":"07:00:29","h":"Ouest","s":"25N-H56NV10A-80-A"},{"r":"138","t":"07:00:29","h":"Ouest","s":"25N-H56NV20A-80-A"},{"r":"138","t":"07:00:29","h":"Ouest","s":"25S-H56S000A-80-A"},{"r":"138","t":"07:04:29","h":"Ouest","s":"25N-H56N000I-80-I"},{"r":"138","t":"07:04:29","h":"Ouest","s":"25N-H56N100F-80-F1"},{"r":"138","t":"07:04:29","h":"Ouest","s":"25N-H56N200F-80-F2"},{"r":"138","t":"07:04:29","h":"Ouest","s":"25N-H56N300F-80-F3"},{"r":"138","t":"07:04:29","h":"Ouest","s":"25N-H56N400F-80-F4"},{"r":"138","t":"07:04:29","h":"Ouest","s":"25N-H56NV10I-80-I"},{"r":"138","t":"07:04:29","h":"Ouest","s":"25N-H56NV20I-80-I"},{"r":"138","t":"07:04:29","h":"Ouest","s":"25S-H56S000I-80-I"},{"r":"138","t":"07:04:29","h":"Ouest","s":"25S-H56S100F-80-F1"},{"r":"138","t":"07:04:29","h":"Ouest","s":"25S-H56S200F-81-F2"},{"r":"138","t":"07:12:29","h":"Ouest","s":"25N-H56N000S-80-S"},{"r":"138","t":"07:12:29","h":"Ouest","s":"25N-H56NV10S-80-S"},{"r":"138","t":"07:12:29","h":"Ouest","s":"25N-H56NV20S-80-S"},{"r":"138","t":"07:12:29","h":"Ouest","s":"25S-H56S000S-80-S"},{"r":"104","t":"07:23:33","h":"Ouest","s":"25N-H56N000I-80-I"},{"r":"104","t":"07:23:33","h":"Ouest","s":"25N-H56N100F-80-F1"},{"r":"104","t":"07:23:33","h":"Ouest","s":"25N-H56N200F-80-F2"},{"r":"104","t":"07:23:33","h":"Ouest","s":"25N-H56N300F-80-F3"},{"r":"104","t":"07:23:33","h":"Ouest","s":"25N-H56N400F-80-F4"},{"r":"104","t":"07:23:33","h":"Ouest","s":"25N-H56NV10I-80-I"},{"r":"104","t":"07:23:33","h":"Ouest","s":"25N-H56NV20I-80-I"},{"r":"104","t":"07:23:33","h":"Ouest","s":"25S-H56S000I-80-I"},{"r":"104","t":"07:23:33","h":"Ouest","s":"25S-H56S100F-80-F1"},{"r":"104","t":"07:23:33","h":"Ouest","s":"25S-H56S200F-81-F2"},{"r":"104","t":"07:26:26","h":"Ouest","s":"25N-H56N000A-80-A"},{"r":"104","t":"07:26:26","h":"Ouest","s":"25N-H56NV10A-80-A"},{"r":"104","t":"07:26:26","h":"Ouest","s":"25N-H56NV20A-80-A"},{"r":"104","t":"07:26:26","h":"Ouest","s":"25S-H56S000A-80-A"},{"r":"104","t":"07:39:06","h":"Ouest","s":"25N-H56N000S-80-S"},{"r":"104","t":"07:39:06","h":"Ouest","s":"25N-H56NV10S-80-S"},{"r":"104","t":"07:39:06","h":"Ouest","s":"25N-H56NV20S-80-S"},{"r":"104","t":"07:39:06","h":"Ouest","s":"25S-H56S000S-80-S"},{"r":"138","t":"07:41:29","h":"Ouest","s":"25N-H56N000A-80-A"},{"r":"138","t":"07:41:29","h":"Ouest","s":"25N-H56NV10A-80-A"},{"r":"138","t":"07:41:29","h":"Ouest","s":"25N-H56NV20A-80-A"},{"r":"138","t":"07:41:29","h":"Ouest","s":"25S-H56S000A-80-A"},{"r":"138","t":"07:42:29","h":"Ouest","s":"25N-H56N000I-80-I"},{"r":"138","t":"07:42:29","h":"Ouest","s":"25N-H56N100F-80-F1"},{"r":"138","t":"07:42:29","h":"Ouest","s":"25N-H56N200F-80-F2"},{"r":"138","t":"07:42:29","h":"Ouest","s":"25N-H56N300F-80-F3"},{"r":"138","t":"07:42:29","h":"Ouest","s":"25N-H56N400F-80-F4"},{"r":"138","t":"07:42:29","h":"Ouest","s":"25N-H56NV10I-80-I"},{"r":"138","t":"07:42:29","h":"Ouest","s":"25N-H56NV20I-80-I"},{"r":"138","t":"07:42:29","h":"Ouest","s":"25S-H56S000I-80-I"},{"r":"138","t":"07:42:29","h":"Ouest","s":"25S-H56S100F-80-F1"},{"r":"138","t":"07:42:29","h":"Ouest","s":"25S-H56S200F-81-F2"},{"r":"104","t":"07:58:33","h":"Ouest","s":"25N-H56N000I-80-I"},{"r":"104","t":"07:58:33","h":"Ouest","s":"25N-H56N100F-80-F1"},{"r":"104","t":"07:58:33","h":"Ouest","s":"25N-H56N200F-80-F2"},{"r":"104","t":"07:58:33","h":"Ouest","s":"25N-H56N300F-80-F3"},{"r":"104","t":"07:58:33","h":"Ouest","s":"25N-H56N400F-80-F4"},{"r":"104","t":"07:58:33","h":"Ouest","s":"25N-H56NV10I-80-I"},{"r":"104","t":"07:58:33","h":"Ouest","s":"25N-H56NV20I-80-I"},{"r":"104","t":"07:58:33","h":"Ouest","s":"25S-H56S000I-80-I"},{"r":"104","t":"07:58:33","h":"Ouest","s":"25S-H56S100F-80-F1"},{"r":"104","t":"07:58:33","h":"Ouest","s":"25S-H56S200F-81-F2"},{"r":"138","t":"07:59:09","h":"Ouest","s":"25N-H56N000S-80-S"},{"r":"138","t":"07:59:09","h":"Ouest","s":"25N-H56NV10S-80-S"},{"r":"138","t":"07:59:09","h":"Ouest","s":"25N-H56NV20S-80-S"},{"r":"138","t":"07:59:09","h":"Ouest","s":"25S-H56S000S-80-S"},{"r":"104","t":"08:00:26","h":"Ouest","s":"25N-H56N000A-80-A"},{"r":"104","t":"08:00:26","h":"Ouest","s":"25N-H56NV10A-80-A"},{"r":"104","t":"08:00:26","h":"Ouest","s":"25N-H56NV20A-80-A"},{"r":"104","t":"08:00:26","h":"Ouest","s":"25S-H56S000A-80-A"},{"r":"104","t":"08:13:33","h":"Ouest","s":"25N-H56N000I-80-I"},{"r":"104","t":"08:13:33","h":"Ouest","s":"25N-H56N100F-80-F1"},{"r":"104","t":"08:13:33","h":"Ouest","s":"25N-H56N200F-80-F2"},{"r":"104","t":"08:13:33","h":"Ouest","s":"25N-H56N300F-80-F3"},{"r":"104","t":"08:13:33","h":"Ouest","s":"25N-H56N400F-80-F4"},{"r":"104","t":"08:13:33","h":"Ouest","s":"25N-H56NV10I-80-I"},{"r":"104","t":"08:13:33","h":"Ouest","s":"25N-H56NV20I-80-I"},{"r":"104","t":"08:13:33","h":"Ouest","s":"25S-H56S000I-80-I"},{"r":"104","t":"08:13:33","h":"Ouest","s":"25S-H56S100F-80-F1"},{"r":"104","t":"08:13:33","h":"Ouest","s":"25S-H56S200F-81-F2"},{"r":"104","t":"08:20:26","h":"Ouest","s":"25N-H56N000A-80-A"},{"r":"104","t":"08:20:26","h":"Ouest","s":"25N-H56NV10A-80-A"},{"r":"104","t":"08:20:26","h":"Ouest","s":"25N-H56NV20A-80-A"},{"r":"104","t":"08:20:26","h":"Ouest","s":"25S-H56S000A-80-A"},{"r":"104","t":"08:22:47","h":"Ouest","s":"25N-H56N000S-80-S"},{"r":"104","t":"08:22:47","h":"Ouest","s":"25N-H56NV10S-80-S"},{"r":"104","t":"08:22:47","h":"Ouest","s":"25N-H56NV20S-80-S"},{"r":"104","t":"08:22:47","h":"Ouest","s":"25S-H56S000S-80-S"},{"r":"138","t":"08:24:29","h":"Ouest","s":"25N-H56N000A-80-A"},{"r":"138","t":"08:24:29","h":"Ouest","s":"25N-H56NV10A-80-A"},{"r":"138","t":"08:24:29","h":"Ouest","s":"25N-H56NV20A-80-A"},{"r":"138","t":"08:24:29","h":"Ouest","s":"25S-H56S000A-80-A"},{"r":"138","t":"08:28:29","h":"Ouest","s":"25N-H56N000I-80-I"},{"r":"138","t":"08:28:29","h":"Ouest","s":"25N-H56N100F-80-F1"},{"r":"138","t":"08:28:29","h":"Ouest","s":"25N-H56N200F-80-F2"},{"r":"138","t":"08:28:29","h":"Ouest","s":"25N-H56N300F-80-F3"},{"r":"138","t":"08:28:29","h":"Ouest","s":"25N-H56N400F-80-F4"},{"r":"138","t":"08:28:29","h":"Ouest","s":"25N-H56NV10I-80-I"},{"r":"138","t":"08:28:29","h":"Ouest","s":"25N-H56NV20I-80-I"},{"r":"138","t":"08:28:29","h":"Ouest","s":"25S-H56S000I-80-I"},{"r":"138","t":"08:28:29","h":"Ouest","s":"25S-H56S100F-80-F1"},{"r":"138","t":"08:28:29","h":"Ouest","s":"25S-H56S200F-81-F2"},{"r":"138","t":"08:40:09","h":"Ouest","s":"25N-H56N000S-80-S"},{"r":"138","t":"08:40:09","h":"Ouest","s":"25N-H56NV10S-80-S"},{"r":"138","t":"08:40:09","h":"Ouest","s":"25N-H56NV20S-80-S"},{"r":"138","t":"08:40:09","h":"Ouest","s":"25S-H56S000S-80-S"},{"r":"104","t":"08:51:26","h":"Ouest","s":"25N-H56N000I-80-I"},{"r":"104","t":"08:51:26","h":"Ouest","s":"25N-H56N100F-80-F1"},{"r":"104","t":"08:51:26","h":"Ouest","s":"25N-H56N200F-80-F2"},{"r":"104","t":"08:51:26","h":"Ouest","s":"25N-H56N300F-80-F3"},{"r":"104","t":"08:51:26","h":"Ouest","s":"25N-H56N400F-80-F4"},{"r":"104","t":"08:51:26","h":"Ouest","s":"25N-H56NV10I-80-I"},{"r":"104","t":"08:51:26","h":"Ouest","s":"25N-H56NV20I-80-I"},{"r":"104","t":"08:51:26","h":"Ouest","s":"25S-H56S000I-80-I"},{"r":"104","t":"08:51:26","h":"Ouest","s":"25S-H56S100F-80-F1"},{"r":"104","t":"08:51:26","h":"Ouest","s":"25S-H56S200F-81-F2"},{"r":"104","t":"08:57:26","h":"Ouest","s":"25N-H56N000A-80-A"},{"r":"104","t":"08:57:26","h":"Ouest","s":"25N-H56NV10A-80-A"},{"r":"104","t":"08:57:26","h":"Ouest","s":"25N-H56NV20A-80-A"},{"r":"104","t":"08:57:26","h":"Ouest","s":"25S-H56S000A-80-A"},{"r":"104","t":"08:58:13","h":"Ouest","s":"25N-H56N000S-80-S"},{"r":"104","t":"08:58:13","h":"Ouest","s":"25N-H56NV10S-80-S"},{"r":"104","t":"08:58:13","h":"Ouest","s":"25N-H56NV20S-80-S"},{"r":"104","t":"08:58:13","h":"Ouest","s":"25S-H56S000S-80-S"},{"r":"138","t":"09:09:29","h":"Ouest","s":"25N-H56N000A-80-A"},{"r":"138","t":"09:09:29","h":"Ouest","s":"25N-H56NV10A-80-A"},{"r":"138","t":"09:09:29","h":"Ouest","s":"25N-H56NV20A-80-A"},{"r":"138","t":"09:09:29","h":"Ouest","s":"25S-H56S000A-80-A"},{"r":"138","t":"09:11:29","h":"Ouest","s":"25N-H56N000I-80-I"},{"r":"138","t":"09:11:29","h":"Ouest","s":"25N-H56N100F-80-F1"},{"r":"138","t":"09:11:29","h":"Ouest","s":"25N-H56N200F-80-F2"},{"r":"138","t":"09:11:29","h":"Ouest","s":"25N-H56N300F-80-F3"},{"r":"138","t":"09:11:29","h":"Ouest","s":"25N-H56N400F-80-F4"},{"r":"138","t":"09:11:29","h":"Ouest","s":"25N-H56NV10I-80-I"},{"r":"138","t":"09:11:29","h":"Ouest","s":"25N-H56NV20I-80-I"},{"r":"138","t":"09:11:29","h":"Ouest","s":"25S-H56S000I-80-I"},{"r":"138","t":"09:11:29","h":"Ouest","s":"25S-H56S100F-80-F1"},{"r":"138","t":"09:11:29","h":"Ouest","s":"25S-H56S200F-81-F2"},{"r":"138","t":"09:13:19","h":"Ouest","s":"25N-H56N000S-80-S"},{"r":"138","t":"09:13:19","h":"Ouest","s":"25N-H56NV10S-80-S"},{"r":"138","t":"09:13:19","h":"Ouest","s":"25N-H56NV20S-80-S"},{"r":"138","t":"09:13:19","h":"Ouest","s":"25S-H56S000S-80-S"},{"r":"104","t":"09:34:13","h":"Ouest","s":"25N-H56N000S-80-S"},{"r":"104","t":"09:34:13","h":"Ouest","s":"25N-H56NV10S-80-S"},{"r":"104","t":"09:34:13","h":"Ouest","s":"25N-H56NV20S-80-S"},{"r":"104","t":"09:34:13","h":"Ouest","s":"25S-H56S000S-80-S"},{"r":"104","t":"09:34:26","h":"Ouest","s":"25N-H56N000A-80-A"},{"r":"104","t":"09:34:26","h":"Ouest","s":"25N-H56NV10A-80-A"},{"r":"104","t":"09:34:26","h":"Ouest","s":"25N-H56NV20A-80-A"},{"r":"104","t":"09:34:26","h":"Ouest","s":"25S-H56S000A-80-A"},{"r":"104","t":"09:35:26","h":"Ouest","s":"25N-H56N000I-80-I"},{"r":"104","t":"09:35:26","h":"Ouest","s":"25N-H56N100F-80-F1"},{"r":"104","t":"09:35:26","h":"Ouest","s":"25N-H56N200F-80-F2"},{"r":"104","t":"09:35:26","h":"Ouest","s":"25N-H56N300F-80-F3"},{"r":"104","t":"09:35:26","h":"Ouest","s":"25N-H56N400F-80-F4"},{"r":"104","t":"09:35:26","h":"Ouest","s":"25N-H56NV10I-80-I"},{"r":"104","t":"09:35:26","h":"Ouest","s":"25N-H56NV20I-80-I"},{"r":"104","t":"09:35:26","h":"Ouest","s":"25S-H56S000I-80-I"},{"r":"104","t":"09:35:26","h":"Ouest","s":"25S-H56S100F-80-F1"},{"r":"104","t":"09:35:26","h":"Ouest","s":"25S-H56S200F-81-F2"},{"r":"138","t":"09:52:19","h":"Ouest","s":"25N-H56N000S-80-S"},{"r":"138","t":"09:52:19","h":"Ouest","s":"25N-H56NV10S-80-S"},{"r":"138","t":"09:52:19","h":"Ouest","s":"25N-H56NV20S-80-S"},{"r":"138","t":"09:52:19","h":"Ouest","s":"25S-H56S000S-80-S"},{"r":"138","t":"09:55:29","h":"Ouest","s":"25N-H56N000I-80-I"},{"r":"138","t":"09:55:29","h":"Ouest","s":"25N-H56N100F-80-F1"},{"r":"138","t":"09:55:29","h":"Ouest","s":"25N-H56N200F-80-F2"},{"r":"138","t":"09:55:29","h":"Ouest","s":"25N-H56N300F-80-F3"},{"r":"138","t":"09:55:29","h":"Ouest","s":"25N-H56N400F-80-F4"},{"r":"138","t":"09:55:29","h":"Ouest","s":"25N-H56NV10I-80-I"},{"r":"138","t":"09:55:29","h":"Ouest","s":"25N-H56NV20I-80-I"},{"r":"138","t":"09:55:29","h":"Ouest","s":"25S-H56S000I-80-I"},{"r":"138","t":"09:55:29","h":"Ouest","s":"25S-H56S100F-80-F1"},{"r":"138","t":"09:55:29","h":"Ouest","s":"25S-H56S200F-81-F2"},{"r":"138","t":"09:56:29","h":"Ouest","s":"25N-H56N000A-80-A"},{"r":"138","t":"09:56:29","h":"Ouest","s":"25N-H56NV10A-80-A"},{"r":"138","t":"09:56:29","h":"Ouest","s":"25N-H56NV20A-80-A"},{"r":"138","t":"09:56:29","h":"Ouest","s":"25S-H56S000A-80-A"},{"r":"104","t":"10:03:26","h":"Ouest","s":"25N-H56N000A-80-A"},{"r":"104","t":"10:03:26","h":"Ouest","s":"25N-H56NV10A-80-A"},{"r":"104","t":"10:03:26","h":"Ouest","s":"25N-H56NV20A-80-A"},{"r":"104","t":"10:03:26","h":"Ouest","s":"25S-H56S000A-80-A"},{"r":"104","t":"10:09:13","h":"Ouest","s":"25N-H57N000S-80-S"},{"r":"104","t":"10:09:13","h":"Ouest","s":"25N-H57NV10S-84-S"},{"r":"104","t":"10:09:13","h":"Ouest","s":"25N-H57NV20S-80-S"},{"r":"104","t":"10:09:13","h":"Ouest","s":"25S-H57S000S-82-S"},{"r":"104","t":"10:12:26","h":"Ouest","s":"25N-H56N000I-80-I"},{"r":"104","t":"10:12:26","h":"Ouest","s":"25N-H56N100F-80-F1"},{"r":"104","t":"10:12:26","h":"Ouest","s":"25N-H56N200F-80-F2"},{"r":"104","t":"10:12:26","h":"Ouest","s":"25N-H56N300F-80-F3"},{"r":"104","t":"10:12:26","h":"Ouest","s":"25N-H56N400F-80-F4"},{"r":"104","t":"10:12:26","h":"Ouest","s":"25N-H56NV10I-80-I"},{"r":"104","t":"10:12:26","h":"Ouest","s":"25N-H56NV20I-80-I"},{"r":"104","t":"10:12:26","h":"Ouest","s":"25S-H56S000I-80-I"},{"r":"104","t":"10:12:26","h":"Ouest","s":"25S-H56S100F-80-F1"},{"r":"104","t":"10:12:26","h":"Ouest","s":"25S-H56S200F-81-F2"},{"r":"138","t":"10:25:19","h":"Ouest","s":"25N-H56N000S-80-S"},{"r":"138","t":"10:25:19","h":"Ouest","s":"25N-H56NV10S-80-S"},{"r":"138","t":"10:25:19","h":"Ouest","s":"25N-H56NV20S-80-S"},{"r":"138","t":"10:25:19","h":"Ouest","s":"25S-H56S000S-80-S"},{"r":"104","t":"10:28:26","h":"Ouest","s":"25N-H56N000I-80-I"},{"r":"104","t":"10:28:26","h":"Ouest","s":"25N-H56N100F-80-F1"},{"r":"104","t":"10:28:26","h":"Ouest","s":"25N-H56N200F-80-F2"},{"r":"104","t":"10:28:26","h":"Ouest","s":"25N-H56N300F-80-F3"},{"r":"104","t":"10:28:26","h":"Ouest","s":"25N-H56N400F-80-F4"},{"r":"104","t":"10:28:26","h":"Ouest","s":"25N-H56NV10I-80-I"},{"r":"104","t":"10:28:26","h":"Ouest","s":"25N-H56NV20I-80-I"},{"r":"104","t":"10:28:26","h":"Ouest","s":"25S-H56S000I-80-I"},{"r":"104","t":"10:28:26","h":"Ouest","s":"25S-H56S100F-80-F1"},{"r":"104","t":"10:28:26","h":"Ouest","s":"25S-H56S200F-81-F2"},{"r":"104","t":"10:35:26","h":"Ouest","s":"25N-H56N000A-80-A"},{"r":"104","t":"10:35:26","h":"Ouest","s":"25N-H56NV10A-80-A"},{"r":"104","t":"10:35:26","h":"Ouest","s":"25N-H56NV20A-80-A"},{"r":"104","t":"10:35:26","h":"Ouest","s":"25S-H56S000A-80-A"},{"r":"138","t":"10:43:29","h":"Ouest","s":"25N-H56N000A-80-A"},{"r":"138","t":"10:43:29","h":"Ouest","s":"25N-H56N000I-80-I"},{"r":"138","t":"10:43:29","h":"Ouest","s":"25N-H56N100F-80-F1"},{"r":"138","t":"10:43:29","h":"Ouest","s":"25N-H56N200F-80-F2"},{"r":"138","t":"10:43:29","h":"Ouest","s":"25N-H56N300F-80-F3"},{"r":"138","t":"10:43:29","h":"Ouest","s":"25N-H56N400F-80-F4"},{"r":"138","t":"10:43:29","h":"Ouest","s":"25N-H56NV10A-80-A"},{"r":"138","t":"10:43:29","h":"Ouest","s":"25N-H56NV10I-80-I"},{"r":"138","t":"10:43:29","h":"Ouest","s":"25N-H56NV20A-80-A"},{"r":"138","t":"10:43:29","h":"Ouest","s":"25N-H56NV20I-80-I"},{"r":"138","t":"10:43:29","h":"Ouest","s":"25S-H56S000A-80-A"},{"r":"138","t":"10:43:29","h":"Ouest","s":"25S-H56S000I-80-I"},{"r":"138","t":"10:43:29","h":"Ouest","s":"25S-H56S100F-80-F1"},{"r":"138","t":"10:43:29","h":"Ouest","s":"25S-H56S200F-81-F2"},{"r":"104","t":"10:45:13","h":"Ouest","s":"25N-H56N000S-80-S"},{"r":"104","t":"10:45:13","h":"Ouest","s":"25N-H56NV10S-80-S"},{"r":"104","t":"10:45:13","h":"Ouest","s":"25N-H56NV20S-80-S"},{"r":"104","t":"10:45:13","h":"Ouest","s":"25S-H56S000S-80-S"},{"r":"138","t":"11:01:19","h":"Ouest","s":"25N-H56N000S-80-S"},{"r":"138","t":"11:01:19","h":"Ouest","s":"25N-H56NV10S-80-S"},{"r":"138","t":"11:01:19","h":"Ouest","s":"25N-H56NV20S-80-S"},{"r":"138","t":"11:01:19","h":"Ouest","s":"25S-H56S000S-80-S"},{"r":"104","t":"11:10:26","h":"Ouest","s":"25N-H56N000I-80-I"},{"r":"104","t":"11:10:26","h":"Ouest","s":"25N-H56N100F-80-F1"},{"r":"104","t":"11:10:26","h":"Ouest","s":"25N-H56N200F-80-F2"},{"r":"104","t":"11:10:26","h":"Ouest","s":"25N-H56N300F-80-F3"},{"r":"104","t":"11:10:26","h":"Ouest","s":"25N-H56N400F-80-F4"},{"r":"104","t":"11:10:26","h":"Ouest","s":"25N-H56NV10I-80-I"},{"r":"104","t":"11:10:26","h":"Ouest","s":"25N-H56NV20I-80-I"},{"r":"104","t":"11:10:26","h":"Ouest","s":"25S-H56S000I-80-I"},{"r":"104","t":"11:10:26","h":"Ouest","s":"25S-H56S100F-80-F1"},{"r":"104","t":"11:10:26","h":"Ouest","s":"25S-H56S200F-81-F2"},{"r":"104","t":"11:16:26","h":"Ouest","s":"25N-H56N000A-80-A"},{"r":"104","t":"11:16:26","h":"Ouest","s":"25N-H56NV10A-80-A"},{"r":"104","t":"11:16:26","h":"Ouest","s":"25N-H56NV20A-80-A"},{"r":"104","t":"11:16:26","h":"Ouest","s":"25S-H56S000A-80-A"},{"r":"104","t":"11:21:13","h":"Ouest","s":"25N-H56N000S-80-S"},{"r":"104","t":"11:21:13","h":"Ouest","s":"25N-H56NV10S-80-S"},{"r":"104","t":"11:21:13","h":"Ouest","s":"25N-H56NV20S-80-S"},{"r":"104","t":"11:21:13","h":"Ouest","s":"25S-H56S000S-80-S"},{"r":"138","t":"11:30:29","h":"Ouest","s":"25N-H56N000I-80-I"},{"r":"138","t":"11:30:29","h":"Ouest","s":"25N-H56N100F-80-F1"},{"r":"138","t":"11:30:29","h":"Ouest","s":"25N-H56N200F-80-F2"},{"r":"138","t":"11:30:29","h":"Ouest","s":"25N-H56N300F-80-F3"},{"r":"138","t":"11:30:29","h":"Ouest","s":"25N-H56N400F-80-F4"},{"r":"138","t":"11:30:29","h":"Ouest","s":"25N-H56NV10I-80-I"},{"r":"138","t":"11:30:29","h":"Ouest","s":"25N-H56NV20I-80-I"},{"r":"138","t":"11:30:29","h":"Ouest","s":"25S-H56S000I-80-I"},{"r":"138","t":"11:30:29","h":"Ouest","s":"25S-H56S100F-80-F1"},{"r":"138","t":"11:30:29","h":"Ouest","s":"25S-H56S200F-81-F2"},{"r":"138","t":"11:32:19","h":"Ouest","s":"25N-H56N000A-80-A"},{"r":"138","t":"11:32:19","h":"Ouest","s":"25N-H56NV10A-80-A"},{"r":"138","t":"11:32:19","h":"Ouest","s":"25N-H56NV20A-80-A"},{"r":"138","t":"11:32:19","h":"Ouest","s":"25S-H56S000A-80-A"},{"r":"138","t":"11:37:19","h":"Ouest","s":"25N-H56N000S-80-S"},{"r":"138","t":"11:37:19","h":"Ouest","s":"25N-H56NV10S-80-S"},{"r":"138","t":"11:37:19","h":"Ouest","s":"25N-H56NV20S-80-S"},{"r":"138","t":"11:37:19","h":"Ouest","s":"25S-H56S000S-80-S"},{"r":"104","t":"11:44:26","h":"Ouest","s":"25N-H56N000A-80-A"},{"r":"104","t":"11:44:26","h":"Ouest","s":"25N-H56NV10A-80-A"},{"r":"104","t":"11:44:26","h":"Ouest","s":"25N-H56NV20A-80-A"},{"r":"104","t":"11:44:26","h":"Ouest","s":"25S-H56S000A-80-A"},{"r":"104","t":"11:53:26","h":"Ouest","s":"25N-H56N000I-80-I"},{"r":"104","t":"11:53:26","h":"Ouest","s":"25N-H56N100F-80-F1"},{"r":"104","t":"11:53:26","h":"Ouest","s":"25N-H56N200F-80-F2"},{"r":"104","t":"11:53:26","h":"Ouest","s":"25N-H56N300F-80-F3"},{"r":"104","t":"11:53:26","h":"Ouest","s":"25N-H56N400F-80-F4"},{"r":"104","t":"11:53:26","h":"Ouest","s":"25N-H56NV10I-80-I"},{"r":"104","t":"11:53:26","h":"Ouest","s":"25N-H56NV20I-80-I"},{"r":"104","t":"11:53:26","h":"Ouest","s":"25S-H56S000I-80-I"},{"r":"104","t":"11:53:26","h":"Ouest","s":"25S-H56S100F-80-F1"},{"r":"104","t":"11:53:26","h":"Ouest","s":"25S-H56S200F-81-F2"},{"r":"104","t":"11:56:13","h":"Ouest","s":"25N-H56N000S-80-S"},{"r":"104","t":"11:56:13","h":"Ouest","s":"25N-H56NV10S-80-S"},{"r":"104","t":"11:56:13","h":"Ouest","s":"25N-H56NV20S-80-S"},{"r":"104","t":"11:56:13","h":"Ouest","s":"25S-H56S000S-80-S"},{"r":"138","t":"12:13:29","h":"Ouest","s":"25N-H56N000I-80-I"},{"r":"138","t":"12:13:29","h":"Ouest","s":"25N-H56N100F-80-F1"},{"r":"138","t":"12:13:29","h":"Ouest","s":"25N-H56N200F-80-F2"},{"r":"138","t":"12:13:29","h":"Ouest","s":"25N-H56N300F-80-F3"},{"r":"138","t":"12:13:29","h":"Ouest","s":"25N-H56N400F-80-F4"},{"r":"138","t":"12:13:29","h":"Ouest","s":"25N-H56NV10I-80-I"},{"r":"138","t":"12:13:29","h":"Ouest","s":"25N-H56NV20I-80-I"},{"r":"138","t":"12:13:29","h":"Ouest","s":"25S-H56S000I-80-I"},{"r":"138","t":"12:13:29","h":"Ouest","s":"25S-H56S100F-80-F1"},{"r":"138","t":"12:13:29","h":"Ouest","s":"25S-H56S200F-81-F2"},{"r":"138","t":"12:15:19","h":"Ouest","s":"25N-H56N000S-80-S"},{"r":"138","t":"12:15:19","h":"Ouest","s":"25N-H56NV10S-80-S"},{"r":"138","t":"12:15:19","h":"Ouest","s":"25N-H56NV20S-80-S"},{"r":"138","t":"12:15:19","h":"Ouest","s":"25S-H56S000S-80-S"},{"r":"104","t":"12:18:26","h":"Ouest","s":"25N-H56N000A-80-A"},{"r":"104","t":"12:18:26","h":"Ouest","s":"25N-H56NV10A-80-A"},{"r":"104","t":"12:18:26","h":"Ouest","s":"25N-H56NV20A-80-A"},{"r":"104","t":"12:18:26","h":"Ouest","s":"25S-H56S000A-80-A"},{"r":"138","t":"12:20:19","h":"Ouest","s":"25N-H56N000A-80-A"},{"r":"138","t":"12:20:19","h":"Ouest","s":"25N-H56NV10A-80-A"},{"r":"138","t":"12:20:19","h":"Ouest","s":"25N-H56NV20A-80-A"},{"r":"138","t":"12:20:19","h":"Ouest","s":"25S-H56S000A-80-A"},{"r":"104","t":"12:33:06","h":"Ouest","s":"25N-H56N000S-80-S"},{"r":"104","t":"12:33:06","h":"Ouest","s":"25N-H56NV10S-80-S"},{"r":"104","t":"12:33:06","h":"Ouest","s":"25N-H56NV20S-80-S"},{"r":"104","t":"12:33:06","h":"Ouest","s":"25S-H56S000S-80-S"},{"r":"104","t":"12:33:26","h":"Ouest","s":"25N-H56N000I-80-I"},{"r":"104","t":"12:33:26","h":"Ouest","s":"25N-H56N100F-80-F1"},{"r":"104","t":"12:33:26","h":"Ouest","s":"25N-H56N200F-80-F2"},{"r":"104","t":"12:33:26","h":"Ouest","s":"25N-H56N300F-80-F3"},{"r":"104","t":"12:33:26","h":"Ouest","s":"25N-H56N400F-80-F4"},{"r":"104","t":"12:33:26","h":"Ouest","s":"25N-H56NV10I-80-I"},{"r":"104","t":"12:33:26","h":"Ouest","s":"25N-H56NV20I-80-I"},{"r":"104","t":"12:33:26","h":"Ouest","s":"25S-H56S000I-80-I"},{"r":"104","t":"12:33:26","h":"Ouest","s":"25S-H56S100F-80-F1"},{"r":"104","t":"12:33:26","h":"Ouest","s":"25S-H56S200F-81-F2"},{"r":"104","t":"12:49:26","h":"Ouest","s":"25N-H56N000I-80-I"},{"r":"104","t":"12:49:26","h":"Ouest","s":"25N-H56N100F-80-F1"},{"r":"104","t":"12:49:26","h":"Ouest","s":"25N-H56N200F-80-F2"},{"r":"104","t":"12:49:26","h":"Ouest","s":"25N-H56N300F-80-F3"},{"r":"104","t":"12:49:26","h":"Ouest","s":"25N-H56N400F-80-F4"},{"r":"104","t":"12:49:26","h":"Ouest","s":"25N-H56NV10I-80-I"},{"r":"104","t":"12:49:26","h":"Ouest","s":"25N-H56NV20I-80-I"},{"r":"104","t":"12:49:26","h":"Ouest","s":"25S-H56S000I-80-I"},{"r":"104","t":"12:49:26","h":"Ouest","s":"25S-H56S100F-80-F1"},{"r":"104","t":"12:49:26","h":"Ouest","s":"25S-H56S200F-81-F2"},{"r":"138","t":"12:50:19","h":"Ouest","s":"25N-H56N000S-80-S"},{"r":"138","t":"12:50:19","h":"Ouest","s":"25N-H56NV10S-80-S"},{"r":"138","t":"12:50:19","h":"Ouest","s":"25N-H56NV20S-80-S"},{"r":"138","t":"12:50:19","h":"Ouest","s":"25S-H56S000S-80-S"},{"r":"104","t":"12:58:26","h":"Ouest","s":"25N-H56N000A-80-A"},{"r":"104","t":"12:58:26","h":"Ouest","s":"25N-H56NV10A-80-A"},{"r":"104","t":"12:58:26","h":"Ouest","s":"25N-H56NV20A-80-A"},{"r":"104","t":"12:58:26","h":"Ouest","s":"25S-H56S000A-80-A"},{"r":"138","t":"13:03:29","h":"Ouest","s":"25N-H56N000I-80-I"},{"r":"138","t":"13:03:29","h":"Ouest","s":"25N-H56N100F-80-F1"},{"r":"138","t":"13:03:29","h":"Ouest","s":"25N-H56N200F-80-F2"},{"r":"138","t":"13:03:29","h":"Ouest","s":"25N-H56N300F-80-F3"},{"r":"138","t":"13:03:29","h":"Ouest","s":"25N-H56N400F-80-F4"},{"r":"138","t":"13:03:29","h":"Ouest","s":"25N-H56NV10I-80-I"},{"r":"138","t":"13:03:29","h":"Ouest","s":"25N-H56NV20I-80-I"},{"r":"138","t":"13:03:29","h":"Ouest","s":"25S-H56S000I-80-I"},{"r":"138","t":"13:03:29","h":"Ouest","s":"25S-H56S100F-80-F1"},{"r":"138","t":"13:03:29","h":"Ouest","s":"25S-H56S200F-81-F2"},{"r":"104","t":"13:10:53","h":"Ouest","s":"25N-H56N000S-80-S"},{"r":"104","t":"13:10:53","h":"Ouest","s":"25N-H56NV10S-80-S"},{"r":"104","t":"13:10:53","h":"Ouest","s":"25N-H56NV20S-80-S"},{"r":"104","t":"13:10:53","h":"Ouest","s":"25S-H56S000S-80-S"},{"r":"138","t":"13:12:19","h":"Ouest","s":"25N-H56N000A-80-A"},{"r":"138","t":"13:12:19","h":"Ouest","s":"25N-H56NV10A-80-A"},{"r":"138","t":"13:12:19","h":"Ouest","s":"25N-H56NV20A-80-A"},{"r":"138","t":"13:12:19","h":"Ouest","s":"25S-H56S000A-80-A"},{"r":"138","t":"13:26:19","h":"Ouest","s":"25N-H56N000S-80-S"},{"r":"138","t":"13:26:19","h":"Ouest","s":"25N-H56NV10S-80-S"},{"r":"138","t":"13:26:19","h":"Ouest","s":"25N-H56NV20S-80-S"},{"r":"138","t":"13:26:19","h":"Ouest","s":"25S-H56S000S-80-S"},{"r":"104","t":"13:27:26","h":"Ouest","s":"25N-H56N000A-80-A"},{"r":"104","t":"13:27:26","h":"Ouest","s":"25N-H56NV10A-80-A"},{"r":"104","t":"13:27:26","h":"Ouest","s":"25N-H56NV20A-80-A"},{"r":"104","t":"13:27:26","h":"Ouest","s":"25S-H56S000A-80-A"},{"r":"104","t":"13:33:20","h":"Ouest","s":"25N-H56N000I-80-I"},{"r":"104","t":"13:33:20","h":"Ouest","s":"25N-H56N100F-80-F1"},{"r":"104","t":"13:33:20","h":"Ouest","s":"25N-H56N200F-80-F2"},{"r":"104","t":"13:33:20","h":"Ouest","s":"25N-H56N300F-80-F3"},{"r":"104","t":"13:33:20","h":"Ouest","s":"25N-H56N400F-80-F4"},{"r":"104","t":"13:33:20","h":"Ouest","s":"25N-H56NV10I-80-I"},{"r":"104","t":"13:33:20","h":"Ouest","s":"25N-H56NV20I-80-I"},{"r":"104","t":"13:33:20","h":"Ouest","s":"25S-H56S000I-80-I"},{"r":"104","t":"13:33:20","h":"Ouest","s":"25S-H56S100F-80-F1"},{"r":"104","t":"13:33:20","h":"Ouest","s":"25S-H56S200F-81-F2"},{"r":"104","t":"13:46:53","h":"Ouest","s":"25N-H56N000S-80-S"},{"r":"104","t":"13:46:53","h":"Ouest","s":"25N-H56NV10S-80-S"},{"r":"104","t":"13:46:53","h":"Ouest","s":"25N-H56NV20S-80-S"},{"r":"104","t":"13:46:53","h":"Ouest","s":"25S-H56S000S-80-S"},{"r":"138","t":"13:51:29","h":"Ouest","s":"25N-H56N000I-80-I"},{"r":"138","t":"13:51:29","h":"Ouest","s":"25N-H56N100F-80-F1"},{"r":"138","t":"13:51:29","h":"Ouest","s":"25N-H56N200F-80-F2"},{"r":"138","t":"13:51:29","h":"Ouest","s":"25N-H56N300F-80-F3"},{"r":"138","t":"13:51:29","h":"Ouest","s":"25N-H56N400F-80-F4"},{"r":"138","t":"13:51:29","h":"Ouest","s":"25N-H56NV10I-80-I"},{"r":"138","t":"13:51:29","h":"Ouest","s":"25N-H56NV20I-80-I"},{"r":"138","t":"13:51:29","h":"Ouest","s":"25S-H56S000I-80-I"},{"r":"138","t":"13:51:29","h":"Ouest","s":"25S-H56S100F-80-F1"},{"r":"138","t":"13:51:29","h":"Ouest","s":"25S-H56S200F-81-F2"},{"r":"138","t":"14:00:19","h":"Ouest","s":"25N-H56N000A-80-A"},{"r":"138","t":"14:00:19","h":"Ouest","s":"25N-H56NV10A-80-A"},{"r":"138","t":"14:00:19","h":"Ouest","s":"25N-H56NV20A-80-A"},{"r":"138","t":"14:00:19","h":"Ouest","s":"25S-H56S000A-80-A"},{"r":"138","t":"14:03:19","h":"Ouest","s":"25N-H56N000S-80-S"},{"r":"138","t":"14:03:19","h":"Ouest","s":"25N-H56NV10S-80-S"},{"r":"138","t":"14:03:19","h":"Ouest","s":"25N-H56NV20S-80-S"},{"r":"138","t":"14:03:19","h":"Ouest","s":"25S-H56S000S-80-S"},{"r":"104","t":"14:04:26","h":"Ouest","s":"25N-H56N000A-80-A"},{"r":"104","t":"14:04:26","h":"Ouest","s":"25N-H56NV10A-80-A"},{"r":"104","t":"14:04:26","h":"Ouest","s":"25N-H56NV20A-80-A"},{"r":"104","t":"14:04:26","h":"Ouest","s":"25S-H56S000A-80-A"},{"r":"104","t":"14:14:20","h":"Ouest","s":"25N-H56N000I-80-I"},{"r":"104","t":"14:14:20","h":"Ouest","s":"25N-H56N100F-80-F1"},{"r":"104","t":"14:14:20","h":"Ouest","s":"25N-H56N200F-80-F2"},{"r":"104","t":"14:14:20","h":"Ouest","s":"25N-H56N300F-80-F3"},{"r":"104","t":"14:14:20","h":"Ouest","s":"25N-H56N400F-80-F4"},{"r":"104","t":"14:14:20","h":"Ouest","s":"25N-H56NV10I-80-I"},{"r":"104","t":"14:14:20","h":"Ouest","s":"25N-H56NV20I-80-I"},{"r":"104","t":"14:14:20","h":"Ouest","s":"25S-H56S000I-80-I"},{"r":"104","t":"14:14:20","h":"Ouest","s":"25S-H56S100F-80-F1"},{"r":"104","t":"14:14:20","h":"Ouest","s":"25S-H56S200F-81-F2"},{"r":"104","t":"14:24:53","h":"Ouest","s":"25N-H56N000S-80-S"},{"r":"104","t":"14:24:53","h":"Ouest","s":"25N-H56NV10S-80-S"},{"r":"104","t":"14:24:53","h":"Ouest","s":"25N-H56NV20S-80-S"},{"r":"104","t":"14:24:53","h":"Ouest","s":"25S-H56S000S-80-S"},{"r":"138","t":"14:39:29","h":"Ouest","s":"25N-H56N000I-80-I"},{"r":"138","t":"14:39:29","h":"Ouest","s":"25N-H56N100F-80-F1"},{"r":"138","t":"14:39:29","h":"Ouest","s":"25N-H56N200F-80-F2"},{"r":"138","t":"14:39:29","h":"Ouest","s":"25N-H56N300F-80-F3"},{"r":"138","t":"14:39:29","h":"Ouest","s":"25N-H56N400F-80-F4"},{"r":"138","t":"14:39:29","h":"Ouest","s":"25N-H56NV10I-80-I"},{"r":"138","t":"14:39:29","h":"Ouest","s":"25N-H56NV20I-80-I"},{"r":"138","t":"14:39:29","h":"Ouest","s":"25S-H56S000I-80-I"},{"r":"138","t":"14:39:29","h":"Ouest","s":"25S-H56S100F-80-F1"},{"r":"138","t":"14:39:29","h":"Ouest","s":"25S-H56S200F-81-F2"},{"r":"138","t":"14:41:09","h":"Ouest","s":"25N-H56N000S-80-S"},{"r":"138","t":"14:41:09","h":"Ouest","s":"25N-H56NV10S-80-S"},{"r":"138","t":"14:41:09","h":"Ouest","s":"25N-H56NV20S-80-S"},{"r":"138","t":"14:41:09","h":"Ouest","s":"25S-H56S000S-80-S"},{"r":"104","t":"14:42:26","h":"Ouest","s":"25N-H56N000A-80-A"},{"r":"104","t":"14:42:26","h":"Ouest","s":"25N-H56NV10A-80-A"},{"r":"104","t":"14:42:26","h":"Ouest","s":"25N-H56NV20A-80-A"},{"r":"104","t":"14:42:26","h":"Ouest","s":"25S-H56S000A-80-A"},{"r":"138","t":"14:50:19","h":"Ouest","s":"25N-H56N000A-80-A"},{"r":"138","t":"14:50:19","h":"Ouest","s":"25N-H56NV10A-80-A"},{"r":"138","t":"14:50:19","h":"Ouest","s":"25N-H56NV20A-80-A"},{"r":"138","t":"14:50:19","h":"Ouest","s":"25S-H56S000A-80-A"},{"r":"104","t":"14:56:20","h":"Ouest","s":"25N-H56N000I-80-I"},{"r":"104","t":"14:56:20","h":"Ouest","s":"25N-H56N100F-80-F1"},{"r":"104","t":"14:56:20","h":"Ouest","s":"25N-H56N200F-80-F2"},{"r":"104","t":"14:56:20","h":"Ouest","s":"25N-H56N300F-80-F3"},{"r":"104","t":"14:56:20","h":"Ouest","s":"25N-H56N400F-80-F4"},{"r":"104","t":"14:56:20","h":"Ouest","s":"25N-H56NV10I-80-I"},{"r":"104","t":"14:56:20","h":"Ouest","s":"25N-H56NV20I-80-I"},{"r":"104","t":"14:56:20","h":"Ouest","s":"25S-H56S000I-80-I"},{"r":"104","t":"14:56:20","h":"Ouest","s":"25S-H56S100F-80-F1"},{"r":"104","t":"14:56:20","h":"Ouest","s":"25S-H56S200F-81-F2"},{"r":"104","t":"15:02:53","h":"Ouest","s":"25N-H56N000S-80-S"},{"r":"104","t":"15:02:53","h":"Ouest","s":"25N-H56NV10S-80-S"},{"r":"104","t":"15:02:53","h":"Ouest","s":"25N-H56NV20S-80-S"},{"r":"104","t":"15:02:53","h":"Ouest","s":"25S-H56S000S-80-S"},{"r":"104","t":"15:11:26","h":"Ouest","s":"25N-H56N000A-80-A"},{"r":"104","t":"15:11:26","h":"Ouest","s":"25N-H56NV10A-80-A"},{"r":"104","t":"15:11:26","h":"Ouest","s":"25N-H56NV20A-80-A"},{"r":"104","t":"15:11:26","h":"Ouest","s":"25S-H56S000A-80-A"},{"r":"104","t":"15:16:20","h":"Ouest","s":"25N-H56N000I-80-I"},{"r":"104","t":"15:16:20","h":"Ouest","s":"25N-H56N100F-80-F1"},{"r":"104","t":"15:16:20","h":"Ouest","s":"25N-H56N200F-80-F2"},{"r":"104","t":"15:16:20","h":"Ouest","s":"25N-H56N300F-80-F3"},{"r":"104","t":"15:16:20","h":"Ouest","s":"25N-H56N400F-80-F4"},{"r":"104","t":"15:16:20","h":"Ouest","s":"25N-H56NV10I-80-I"},{"r":"104","t":"15:16:20","h":"Ouest","s":"25N-H56NV20I-80-I"},{"r":"104","t":"15:16:20","h":"Ouest","s":"25S-H56S000I-80-I"},{"r":"104","t":"15:16:20","h":"Ouest","s":"25S-H56S100F-80-F1"},{"r":"104","t":"15:16:20","h":"Ouest","s":"25S-H56S200F-81-F2"},{"r":"138","t":"15:19:09","h":"Ouest","s":"25N-H59N000S-80-S"},{"r":"138","t":"15:19:09","h":"Ouest","s":"25N-H59NV10S-84-S"},{"r":"138","t":"15:19:09","h":"Ouest","s":"25N-H59NV20S-80-S"},{"r":"138","t":"15:19:09","h":"Ouest","s":"25S-H59S000S-81-S"},{"r":"138","t":"15:28:29","h":"Ouest","s":"25N-H56N000I-80-I"},{"r":"138","t":"15:28:29","h":"Ouest","s":"25N-H56N100F-80-F1"},{"r":"138","t":"15:28:29","h":"Ouest","s":"25N-H56N200F-80-F2"},{"r":"138","t":"15:28:29","h":"Ouest","s":"25N-H56N300F-80-F3"},{"r":"138","t":"15:28:29","h":"Ouest","s":"25N-H56N400F-80-F4"},{"r":"138","t":"15:28:29","h":"Ouest","s":"25N-H56NV10I-80-I"},{"r":"138","t":"15:28:29","h":"Ouest","s":"25N-H56NV20I-80-I"},{"r":"138","t":"15:28:29","h":"Ouest","s":"25S-H56S000I-80-I"},{"r":"138","t":"15:28:29","h":"Ouest","s":"25S-H56S100F-80-F1"},{"r":"138","t":"15:28:29","h":"Ouest","s":"25S-H56S200F-81-F2"},{"r":"138","t":"15:38:19","h":"Ouest","s":"25N-H56N000A-80-A"},{"r":"138","t":"15:38:19","h":"Ouest","s":"25N-H56NV10A-80-A"},{"r":"138","t":"15:38:19","h":"Ouest","s":"25N-H56NV20A-80-A"},{"r":"138","t":"15:38:19","h":"Ouest","s":"25S-H56S000A-80-A"},{"r":"104","t":"15:39:47","h":"Ouest","s":"25N-H56N000S-80-S"},{"r":"104","t":"15:39:47","h":"Ouest","s":"25N-H56NV10S-80-S"},{"r":"104","t":"15:39:47","h":"Ouest","s":"25N-H56NV20S-80-S"},{"r":"104","t":"15:39:47","h":"Ouest","s":"25S-H56S000S-80-S"},{"r":"104","t":"15:48:26","h":"Ouest","s":"25N-H56N000A-80-A"},{"r":"104","t":"15:48:26","h":"Ouest","s":"25N-H56NV10A-80-A"},{"r":"104","t":"15:48:26","h":"Ouest","s":"25N-H56NV20A-80-A"},{"r":"104","t":"15:48:26","h":"Ouest","s":"25S-H56S000A-80-A"},{"r":"104","t":"15:57:20","h":"Ouest","s":"25N-H56N000I-80-I"},{"r":"104","t":"15:57:20","h":"Ouest","s":"25N-H56N100F-80-F1"},{"r":"104","t":"15:57:20","h":"Ouest","s":"25N-H56N200F-80-F2"},{"r":"104","t":"15:57:20","h":"Ouest","s":"25N-H56N300F-80-F3"},{"r":"104","t":"15:57:20","h":"Ouest","s":"25N-H56N400F-80-F4"},{"r":"104","t":"15:57:20","h":"Ouest","s":"25N-H56NV10I-80-I"},{"r":"104","t":"15:57:20","h":"Ouest","s":"25N-H56NV20I-80-I"},{"r":"104","t":"15:57:20","h":"Ouest","s":"25S-H56S000I-80-I"},{"r":"104","t":"15:57:20","h":"Ouest","s":"25S-H56S100F-80-F1"},{"r":"104","t":"15:57:20","h":"Ouest","s":"25S-H56S200F-81-F2"},{"r":"138","t":"16:00:09","h":"Ouest","s":"25N-H56N000S-80-S"},{"r":"138","t":"16:00:09","h":"Ouest","s":"25N-H56NV10S-80-S"},{"r":"138","t":"16:00:09","h":"Ouest","s":"25N-H56NV20S-80-S"},{"r":"138","t":"16:00:09","h":"Ouest","s":"25S-H56S000S-80-S"},{"r":"138","t":"16:16:29","h":"Ouest","s":"25N-H56N000I-80-I"},{"r":"138","t":"16:16:29","h":"Ouest","s":"25N-H56N100F-80-F1"},{"r":"138","t":"16:16:29","h":"Ouest","s":"25N-H56N200F-80-F2"},{"r":"138","t":"16:16:29","h":"Ouest","s":"25N-H56N300F-80-F3"},{"r":"138","t":"16:16:29","h":"Ouest","s":"25N-H56N400F-80-F4"},{"r":"138","t":"16:16:29","h":"Ouest","s":"25N-H56NV10I-80-I"},{"r":"138","t":"16:16:29","h":"Ouest","s":"25N-H56NV20I-80-I"},{"r":"138","t":"16:16:29","h":"Ouest","s":"25S-H56S000I-80-I"},{"r":"138","t":"16:16:29","h":"Ouest","s":"25S-H56S100F-80-F1"},{"r":"138","t":"16:16:29","h":"Ouest","s":"25S-H56S200F-81-F2"},{"r":"104","t":"16:16:47","h":"Ouest","s":"25N-H56N000S-80-S"},{"r":"104","t":"16:16:47","h":"Ouest","s":"25N-H56NV10S-80-S"},{"r":"104","t":"16:16:47","h":"Ouest","s":"25N-H56NV20S-80-S"},{"r":"104","t":"16:16:47","h":"Ouest","s":"25S-H56S000S-80-S"},{"r":"104","t":"16:26:26","h":"Ouest","s":"25N-H56N000A-80-A"},{"r":"104","t":"16:26:26","h":"Ouest","s":"25N-H56NV10A-80-A"},{"r":"104","t":"16:26:26","h":"Ouest","s":"25N-H56NV20A-80-A"},{"r":"104","t":"16:26:26","h":"Ouest","s":"25S-H56S000A-80-A"},{"r":"138","t":"16:28:19","h":"Ouest","s":"25N-H56N000A-80-A"},{"r":"138","t":"16:28:19","h":"Ouest","s":"25N-H56NV10A-80-A"},{"r":"138","t":"16:28:19","h":"Ouest","s":"25N-H56NV20A-80-A"},{"r":"138","t":"16:28:19","h":"Ouest","s":"25S-H56S000A-80-A"},{"r":"138","t":"16:39:09","h":"Ouest","s":"25N-H56N000S-80-S"},{"r":"138","t":"16:39:09","h":"Ouest","s":"25N-H56NV10S-80-S"},{"r":"138","t":"16:39:09","h":"Ouest","s":"25N-H56NV20S-80-S"},{"r":"138","t":"16:39:09","h":"Ouest","s":"25S-H56S000S-80-S"},{"r":"104","t":"16:39:20","h":"Ouest","s":"25N-H56N000I-80-I"},{"r":"104","t":"16:39:20","h":"Ouest","s":"25N-H56N100F-80-F1"},{"r":"104","t":"16:39:20","h":"Ouest","s":"25N-H56N200F-80-F2"},{"r":"104","t":"16:39:20","h":"Ouest","s":"25N-H56N300F-80-F3"},{"r":"104","t":"16:39:20","h":"Ouest","s":"25N-H56N400F-80-F4"},{"r":"104","t":"16:39:20","h":"Ouest","s":"25N-H56NV10I-80-I"},{"r":"104","t":"16:39:20","h":"Ouest","s":"25N-H56NV20I-80-I"},{"r":"104","t":"16:39:20","h":"Ouest","s":"25S-H56S000I-80-I"},{"r":"104","t":"16:39:20","h":"Ouest","s":"25S-H56S100F-80-F1"},{"r":"104","t":"16:39:20","h":"Ouest","s":"25S-H56S200F-81-F2"},{"r":"104","t":"16:57:26","h":"Ouest","s":"25N-H56N000A-80-A"},{"r":"104","t":"16:57:26","h":"Ouest","s":"25N-H56NV10A-80-A"},{"r":"104","t":"16:57:26","h":"Ouest","s":"25N-H56NV20A-80-A"},{"r":"104","t":"16:57:26","h":"Ouest","s":"25S-H56S000A-80-A"},{"r":"104","t":"16:57:47","h":"Ouest","s":"25N-H56N000S-80-S"},{"r":"104","t":"16:57:47","h":"Ouest","s":"25N-H56NV10S-80-S"},{"r":"104","t":"16:57:47","h":"Ouest","s":"25N-H56NV20S-80-S"},{"r":"104","t":"16:57:47","h":"Ouest","s":"25S-H56S000S-80-S"},{"r":"138","t":"17:03:29","h":"Ouest","s":"25N-H56N000I-80-I"},{"r":"138","t":"17:03:29","h":"Ouest","s":"25N-H56N100F-80-F1"},{"r":"138","t":"17:03:29","h":"Ouest","s":"25N-H56N200F-80-F2"},{"r":"138","t":"17:03:29","h":"Ouest","s":"25N-H56N300F-80-F3"},{"r":"138","t":"17:03:29","h":"Ouest","s":"25N-H56N400F-80-F4"},{"r":"138","t":"17:03:29","h":"Ouest","s":"25N-H56NV10I-80-I"},{"r":"138","t":"17:03:29","h":"Ouest","s":"25N-H56NV20I-80-I"},{"r":"138","t":"17:03:29","h":"Ouest","s":"25S-H56S000I-80-I"},{"r":"138","t":"17:03:29","h":"Ouest","s":"25S-H56S100F-80-F1"},{"r":"138","t":"17:03:29","h":"Ouest","s":"25S-H56S200F-81-F2"},{"r":"138","t":"17:18:19","h":"Ouest","s":"25N-H56N000A-80-A"},{"r":"138","t":"17:18:19","h":"Ouest","s":"25N-H56NV10A-80-A"},{"r":"138","t":"17:18:19","h":"Ouest","s":"25N-H56NV20A-80-A"},{"r":"138","t":"17:18:19","h":"Ouest","s":"25S-H56S000A-80-A"},{"r":"138","t":"17:20:09","h":"Ouest","s":"25N-H59N000S-80-S"},{"r":"138","t":"17:20:09","h":"Ouest","s":"25N-H59NV10S-84-S"},{"r":"138","t":"17:20:09","h":"Ouest","s":"25N-H59NV20S-80-S"},{"r":"138","t":"17:20:09","h":"Ouest","s":"25S-H59S000S-81-S"},{"r":"104","t":"17:21:26","h":"Ouest","s":"25N-H56N000I-80-I"},{"r":"104","t":"17:21:26","h":"Ouest","s":"25N-H56N100F-80-F1"},{"r":"104","t":"17:21:26","h":"Ouest","s":"25N-H56N200F-80-F2"},{"r":"104","t":"17:21:26","h":"Ouest","s":"25N-H56N300F-80-F3"},{"r":"104","t":"17:21:26","h":"Ouest","s":"25N-H56N400F-80-F4"},{"r":"104","t":"17:21:26","h":"Ouest","s":"25N-H56NV10I-80-I"},{"r":"104","t":"17:21:26","h":"Ouest","s":"25N-H56NV20I-80-I"},{"r":"104","t":"17:21:26","h":"Ouest","s":"25S-H56S000I-80-I"},{"r":"104","t":"17:21:26","h":"Ouest","s":"25S-H56S100F-80-F1"},{"r":"104","t":"17:21:26","h":"Ouest","s":"25S-H56S200F-81-F2"},{"r":"104","t":"17:29:26","h":"Ouest","s":"25N-H56N000A-80-A"},{"r":"104","t":"17:29:26","h":"Ouest","s":"25N-H56NV10A-80-A"},{"r":"104","t":"17:29:26","h":"Ouest","s":"25N-H56NV20A-80-A"},{"r":"104","t":"17:29:26","h":"Ouest","s":"25S-H56S000A-80-A"},{"r":"104","t":"17:36:26","h":"Ouest","s":"25N-H56N000I-80-I"},{"r":"104","t":"17:36:26","h":"Ouest","s":"25N-H56N100F-80-F1"},{"r":"104","t":"17:36:26","h":"Ouest","s":"25N-H56N200F-80-F2"},{"r":"104","t":"17:36:26","h":"Ouest","s":"25N-H56N300F-80-F3"},{"r":"104","t":"17:36:26","h":"Ouest","s":"25N-H56N400F-80-F4"},{"r":"104","t":"17:36:26","h":"Ouest","s":"25N-H56NV10I-80-I"},{"r":"104","t":"17:36:26","h":"Ouest","s":"25N-H56NV20I-80-I"},{"r":"104","t":"17:36:26","h":"Ouest","s":"25S-H56S000I-80-I"},{"r":"104","t":"17:36:26","h":"Ouest","s":"25S-H56S100F-80-F1"},{"r":"104","t":"17:36:26","h":"Ouest","s":"25S-H56S200F-81-F2"},{"r":"104","t":"17:37:53","h":"Ouest","s":"25N-H56N000S-80-S"},{"r":"104","t":"17:37:53","h":"Ouest","s":"25N-H56NV10S-80-S"},{"r":"104","t":"17:37:53","h":"Ouest","s":"25N-H56NV20S-80-S"},{"r":"104","t":"17:37:53","h":"Ouest","s":"25S-H56S000S-80-S"},{"r":"138","t":"17:50:29","h":"Ouest","s":"25N-H56N000I-80-I"},{"r":"138","t":"17:50:29","h":"Ouest","s":"25N-H56N100F-80-F1"},{"r":"138","t":"17:50:29","h":"Ouest","s":"25N-H56N200F-80-F2"},{"r":"138","t":"17:50:29","h":"Ouest","s":"25N-H56N300F-80-F3"},{"r":"138","t":"17:50:29","h":"Ouest","s":"25N-H56N400F-80-F4"},{"r":"138","t":"17:50:29","h":"Ouest","s":"25N-H56NV10I-80-I"},{"r":"138","t":"17:50:29","h":"Ouest","s":"25N-H56NV20I-80-I"},{"r":"138","t":"17:50:29","h":"Ouest","s":"25S-H56S000I-80-I"},{"r":"138","t":"17:50:29","h":"Ouest","s":"25S-H56S100F-80-F1"},{"r":"138","t":"17:50:29","h":"Ouest","s":"25S-H56S200F-81-F2"},{"r":"138","t":"18:01:09","h":"Ouest","s":"25N-H56N000S-80-S"},{"r":"138","t":"18:01:09","h":"Ouest","s":"25N-H56NV10S-80-S"},{"r":"138","t":"18:01:09","h":"Ouest","s":"25N-H56NV20S-80-S"},{"r":"138","t":"18:01:09","h":"Ouest","s":"25S-H56S000S-80-S"},{"r":"138","t":"18:04:29","h":"Ouest","s":"25N-H56N000A-80-A"},{"r":"138","t":"18:04:29","h":"Ouest","s":"25N-H56NV10A-80-A"},{"r":"138","t":"18:04:29","h":"Ouest","s":"25N-H56NV20A-80-A"},{"r":"138","t":"18:04:29","h":"Ouest","s":"25S-H56S000A-80-A"},{"r":"104","t":"18:07:26","h":"Ouest","s":"25N-H56N000A-80-A"},{"r":"104","t":"18:07:26","h":"Ouest","s":"25N-H56NV10A-80-A"},{"r":"104","t":"18:07:26","h":"Ouest","s":"25N-H56NV20A-80-A"},{"r":"104","t":"18:07:26","h":"Ouest","s":"25S-H56S000A-80-A"},{"r":"104","t":"18:15:26","h":"Ouest","s":"25N-H56N000I-80-I"},{"r":"104","t":"18:15:26","h":"Ouest","s":"25N-H56N100F-80-F1"},{"r":"104","t":"18:15:26","h":"Ouest","s":"25N-H56N200F-80-F2"},{"r":"104","t":"18:15:26","h":"Ouest","s":"25N-H56N300F-80-F3"},{"r":"104","t":"18:15:26","h":"Ouest","s":"25N-H56N400F-80-F4"},{"r":"104","t":"18:15:26","h":"Ouest","s":"25N-H56NV10I-80-I"},{"r":"104","t":"18:15:26","h":"Ouest","s":"25N-H56NV20I-80-I"},{"r":"104","t":"18:15:26","h":"Ouest","s":"25S-H56S000I-80-I"},{"r":"104","t":"18:15:26","h":"Ouest","s":"25S-H56S100F-80-F1"},{"r":"104","t":"18:15:26","h":"Ouest","s":"25S-H56S200F-81-F2"},{"r":"104","t":"18:20:00","h":"Ouest","s":"25N-H56N000S-80-S"},{"r":"104","t":"18:20:00","h":"Ouest","s":"25N-H56NV10S-80-S"},{"r":"104","t":"18:20:00","h":"Ouest","s":"25N-H56NV20S-80-S"},{"r":"104","t":"18:20:00","h":"Ouest","s":"25S-H56S000S-80-S"},{"r":"138","t":"18:37:09","h":"Ouest","s":"25N-H56N000S-80-S"},{"r":"138","t":"18:37:09","h":"Ouest","s":"25N-H56NV10S-80-S"},{"r":"138","t":"18:37:09","h":"Ouest","s":"25N-H56NV20S-80-S"},{"r":"138","t":"18:37:09","h":"Ouest","s":"25S-H56S000S-80-S"},{"r":"104","t":"18:37:26","h":"Ouest","s":"25N-H56N000A-80-A"},{"r":"104","t":"18:37:26","h":"Ouest","s":"25N-H56NV10A-80-A"},{"r":"104","t":"18:37:26","h":"Ouest","s":"25N-H56NV20A-80-A"},{"r":"104","t":"18:37:26","h":"Ouest","s":"25S-H56S000A-80-A"},{"r":"138","t":"18:37:29","h":"Ouest","s":"25N-H56N000I-80-I"},{"r":"138","t":"18:37:29","h":"Ouest","s":"25N-H56N100F-80-F1"},{"r":"138","t":"18:37:29","h":"Ouest","s":"25N-H56N200F-80-F2"},{"r":"138","t":"18:37:29","h":"Ouest","s":"25N-H56N300F-80-F3"},{"r":"138","t":"18:37:29","h":"Ouest","s":"25N-H56N400F-80-F4"},{"r":"138","t":"18:37:29","h":"Ouest","s":"25N-H56NV10I-80-I"},{"r":"138","t":"18:37:29","h":"Ouest","s":"25N-H56NV20I-80-I"},{"r":"138","t":"18:37:29","h":"Ouest","s":"25S-H56S000I-80-I"},{"r":"138","t":"18:37:29","h":"Ouest","s":"25S-H56S100F-80-F1"},{"r":"138","t":"18:37:29","h":"Ouest","s":"25S-H56S200F-81-F2"},{"r":"138","t":"18:50:29","h":"Ouest","s":"25N-H56N000A-80-A"},{"r":"138","t":"18:50:29","h":"Ouest","s":"25N-H56NV10A-80-A"},{"r":"138","t":"18:50:29","h":"Ouest","s":"25N-H56NV20A-80-A"},{"r":"138","t":"18:50:29","h":"Ouest","s":"25S-H56S000A-80-A"},{"r":"104","t":"18:53:26","h":"Ouest","s":"25N-H56N000I-80-I"},{"r":"104","t":"18:53:26","h":"Ouest","s":"25N-H56N100F-80-F1"},{"r":"104","t":"18:53:26","h":"Ouest","s":"25N-H56N200F-80-F2"},{"r":"104","t":"18:53:26","h":"Ouest","s":"25N-H56N300F-80-F3"},{"r":"104","t":"18:53:26","h":"Ouest","s":"25N-H56N400F-80-F4"},{"r":"104","t":"18:53:26","h":"Ouest","s":"25N-H56NV10I-80-I"},{"r":"104","t":"18:53:26","h":"Ouest","s":"25N-H56NV20I-80-I"},{"r":"104","t":"18:53:26","h":"Ouest","s":"25S-H56S000I-80-I"},{"r":"104","t":"18:53:26","h":"Ouest","s":"25S-H56S100F-80-F1"},{"r":"104","t":"18:53:26","h":"Ouest","s":"25S-H56S200F-81-F2"},{"r":"104","t":"18:54:06","h":"Ouest","s":"25N-H56N000S-80-S"},{"r":"104","t":"18:54:06","h":"Ouest","s":"25N-H56NV10S-80-S"},{"r":"104","t":"18:54:06","h":"Ouest","s":"25N-H56NV20S-80-S"},{"r":"104","t":"18:54:06","h":"Ouest","s":"25S-H56S000S-80-S"},{"r":"104","t":"19:08:26","h":"Ouest","s":"25N-H56N000A-80-A"},{"r":"104","t":"19:08:26","h":"Ouest","s":"25N-H56NV10A-80-A"},{"r":"104","t":"19:08:26","h":"Ouest","s":"25N-H56NV20A-80-A"},{"r":"104","t":"19:08:26","h":"Ouest","s":"25S-H56S000A-80-A"},{"r":"104","t":"19:09:26","h":"Ouest","s":"25N-H56N000I-80-I"},{"r":"104","t":"19:09:26","h":"Ouest","s":"25N-H56N100F-80-F1"},{"r":"104","t":"19:09:26","h":"Ouest","s":"25N-H56N200F-80-F2"},{"r":"104","t":"19:09:26","h":"Ouest","s":"25N-H56N300F-80-F3"},{"r":"104","t":"19:09:26","h":"Ouest","s":"25N-H56N400F-80-F4"},{"r":"104","t":"19:09:26","h":"Ouest","s":"25N-H56NV10I-80-I"},{"r":"104","t":"19:09:26","h":"Ouest","s":"25N-H56NV20I-80-I"},{"r":"104","t":"19:09:26","h":"Ouest","s":"25S-H56S000I-80-I"},{"r":"104","t":"19:09:26","h":"Ouest","s":"25S-H56S100F-80-F1"},{"r":"104","t":"19:09:26","h":"Ouest","s":"25S-H56S200F-81-F2"},{"r":"138","t":"19:12:09","h":"Ouest","s":"25N-H56N000S-80-S"},{"r":"138","t":"19:12:09","h":"Ouest","s":"25N-H56NV10S-80-S"},{"r":"138","t":"19:12:09","h":"Ouest","s":"25N-H56NV20S-80-S"},{"r":"138","t":"19:12:09","h":"Ouest","s":"25S-H56S000S-80-S"},{"r":"138","t":"19:23:29","h":"Ouest","s":"25N-H56N000I-80-I"},{"r":"138","t":"19:23:29","h":"Ouest","s":"25N-H56N100F-80-F1"},{"r":"138","t":"19:23:29","h":"Ouest","s":"25N-H56N200F-80-F2"},{"r":"138","t":"19:23:29","h":"Ouest","s":"25N-H56N300F-80-F3"},{"r":"138","t":"19:23:29","h":"Ouest","s":"25N-H56N400F-80-F4"},{"r":"138","t":"19:23:29","h":"Ouest","s":"25N-H56NV10I-80-I"},{"r":"138","t":"19:23:29","h":"Ouest","s":"25N-H56NV20I-80-I"},{"r":"138","t":"19:23:29","h":"Ouest","s":"25S-H56S000I-80-I"},{"r":"138","t":"19:23:29","h":"Ouest","s":"25S-H56S100F-80-F1"},{"r":"138","t":"19:23:29","h":"Ouest","s":"25S-H56S200F-81-F2"},{"r":"104","t":"19:31:06","h":"Ouest","s":"25N-H56N000S-80-S"},{"r":"104","t":"19:31:06","h":"Ouest","s":"25N-H56NV10S-80-S"},{"r":"104","t":"19:31:06","h":"Ouest","s":"25N-H56NV20S-80-S"},{"r":"104","t":"19:31:06","h":"Ouest","s":"25S-H56S000S-80-S"},{"r":"138","t":"19:37:29","h":"Ouest","s":"25N-H56N000A-80-A"},{"r":"138","t":"19:37:29","h":"Ouest","s":"25N-H56NV10A-80-A"},{"r":"138","t":"19:37:29","h":"Ouest","s":"25N-H56NV20A-80-A"},{"r":"138","t":"19:37:29","h":"Ouest","s":"25S-H56S000A-80-A"},{"r":"138","t":"19:46:19","h":"Ouest","s":"25N-H56N000S-80-S"},{"r":"138","t":"19:46:19","h":"Ouest","s":"25N-H56NV10S-80-S"},{"r":"138","t":"19:46:19","h":"Ouest","s":"25N-H56NV20S-80-S"},{"r":"138","t":"19:46:19","h":"Ouest","s":"25S-H56S000S-80-S"},{"r":"104","t":"19:46:26","h":"Ouest","s":"25N-H56N000A-80-A"},{"r":"104","t":"19:46:26","h":"Ouest","s":"25N-H56NV10A-80-A"},{"r":"104","t":"19:46:26","h":"Ouest","s":"25N-H56NV20A-80-A"},{"r":"104","t":"19:46:26","h":"Ouest","s":"25S-H56S000A-80-A"},{"r":"104","t":"19:47:26","h":"Ouest","s":"25N-H56N000I-80-I"},{"r":"104","t":"19:47:26","h":"Ouest","s":"25N-H56N100F-80-F1"},{"r":"104","t":"19:47:26","h":"Ouest","s":"25N-H56N200F-80-F2"},{"r":"104","t":"19:47:26","h":"Ouest","s":"25N-H56N300F-80-F3"},{"r":"104","t":"19:47:26","h":"Ouest","s":"25N-H56N400F-80-F4"},{"r":"104","t":"19:47:26","h":"Ouest","s":"25N-H56NV10I-80-I"},{"r":"104","t":"19:47:26","h":"Ouest","s":"25N-H56NV20I-80-I"},{"r":"104","t":"19:47:26","h":"Ouest","s":"25S-H56S000I-80-I"},{"r":"104","t":"19:47:26","h":"Ouest","s":"25S-H56S100F-80-F1"},{"r":"104","t":"19:47:26","h":"Ouest","s":"25S-H56S200F-81-F2"},{"r":"104","t":"20:02:06","h":"Ouest","s":"25N-H56N000S-80-S"},{"r":"104","t":"20:02:06","h":"Ouest","s":"25N-H56NV10S-80-S"},{"r":"104","t":"20:02:06","h":"Ouest","s":"25N-H56NV20S-80-S"},{"r":"104","t":"20:02:06","h":"Ouest","s":"25S-H56S000S-80-S"},{"r":"138","t":"20:05:29","h":"Ouest","s":"25N-H56N000I-80-I"},{"r":"138","t":"20:05:29","h":"Ouest","s":"25N-H56N100F-80-F1"},{"r":"138","t":"20:05:29","h":"Ouest","s":"25N-H56N200F-80-F2"},{"r":"138","t":"20:05:29","h":"Ouest","s":"25N-H56N300F-80-F3"},{"r":"138","t":"20:05:29","h":"Ouest","s":"25N-H56N400F-80-F4"},{"r":"138","t":"20:05:29","h":"Ouest","s":"25N-H56NV10I-80-I"},{"r":"138","t":"20:05:29","h":"Ouest","s":"25N-H56NV20I-80-I"},{"r":"138","t":"20:05:29","h":"Ouest","s":"25S-H56S000I-80-I"},{"r":"138","t":"20:05:29","h":"Ouest","s":"25S-H56S100F-80-F1"},{"r":"138","t":"20:05:29","h":"Ouest","s":"25S-H56S200F-81-F2"},{"r":"138","t":"20:16:19","h":"Ouest","s":"25N-H56N000S-80-S"},{"r":"138","t":"20:16:19","h":"Ouest","s":"25N-H56NV10S-80-S"},{"r":"138","t":"20:16:19","h":"Ouest","s":"25N-H56NV20S-80-S"},{"r":"138","t":"20:16:19","h":"Ouest","s":"25S-H56S000S-80-S"},{"r":"104","t":"20:16:26","h":"Ouest","s":"25N-H56N000A-80-A"},{"r":"104","t":"20:16:26","h":"Ouest","s":"25N-H56NV10A-80-A"},{"r":"104","t":"20:16:26","h":"Ouest","s":"25N-H56NV20A-80-A"},{"r":"104","t":"20:16:26","h":"Ouest","s":"25S-H56S000A-80-A"},{"r":"138","t":"20:24:29","h":"Ouest","s":"25N-H56N000A-80-A"},{"r":"138","t":"20:24:29","h":"Ouest","s":"25N-H56NV10A-80-A"},{"r":"138","t":"20:24:29","h":"Ouest","s":"25N-H56NV20A-80-A"},{"r":"138","t":"20:24:29","h":"Ouest","s":"25S-H56S000A-80-A"},{"r":"104","t":"20:27:26","h":"Ouest","s":"25N-H56N000I-80-I"},{"r":"104","t":"20:27:26","h":"Ouest","s":"25N-H56N100F-80-F1"},{"r":"104","t":"20:27:26","h":"Ouest","s":"25N-H56N200F-80-F2"},{"r":"104","t":"20:27:26","h":"Ouest","s":"25N-H56N300F-80-F3"},{"r":"104","t":"20:27:26","h":"Ouest","s":"25N-H56N400F-80-F4"},{"r":"104","t":"20:27:26","h":"Ouest","s":"25N-H56NV10I-80-I"},{"r":"104","t":"20:27:26","h":"Ouest","s":"25N-H56NV20I-80-I"},{"r":"104","t":"20:27:26","h":"Ouest","s":"25S-H56S000I-80-I"},{"r":"104","t":"20:27:26","h":"Ouest","s":"25S-H56S100F-80-F1"},{"r":"104","t":"20:27:26","h":"Ouest","s":"25S-H56S200F-81-F2"},{"r":"104","t":"20:33:06","h":"Ouest","s":"25N-H56N000S-80-S"},{"r":"104","t":"20:33:06","h":"Ouest","s":"25N-H56NV10S-80-S"},{"r":"104","t":"20:33:06","h":"Ouest","s":"25N-H56NV20S-80-S"},{"r":"104","t":"20:33:06","h":"Ouest","s":"25S-H56S000S-80-S"},{"r":"104","t":"20:46:26","h":"Ouest","s":"25N-H56N000A-80-A"},{"r":"104","t":"20:46:26","h":"Ouest","s":"25N-H56NV10A-80-A"},{"r":"104","t":"20:46:26","h":"Ouest","s":"25N-H56NV20A-80-A"},{"r":"104","t":"20:46:26","h":"Ouest","s":"25S-H56S000A-80-A"},{"r":"138","t":"20:48:19","h":"Ouest","s":"25N-H56N000S-80-S"},{"r":"138","t":"20:48:19","h":"Ouest","s":"25N-H56NV10S-80-S"},{"r":"138","t":"20:48:19","h":"Ouest","s":"25N-H56NV20S-80-S"},{"r":"138","t":"20:48:19","h":"Ouest","s":"25S-H56S000S-80-S"},{"r":"138","t":"20:49:29","h":"Ouest","s":"25N-H56N000I-80-I"},{"r":"138","t":"20:49:29","h":"Ouest","s":"25N-H56N100F-80-F1"},{"r":"138","t":"20:49:29","h":"Ouest","s":"25N-H56N200F-80-F2"},{"r":"138","t":"20:49:29","h":"Ouest","s":"25N-H56N300F-80-F3"},{"r":"138","t":"20:49:29","h":"Ouest","s":"25N-H56N400F-80-F4"},{"r":"138","t":"20:49:29","h":"Ouest","s":"25N-H56NV10I-80-I"},{"r":"138","t":"20:49:29","h":"Ouest","s":"25N-H56NV20I-80-I"},{"r":"138","t":"20:49:29","h":"Ouest","s":"25S-H56S000I-80-I"},{"r":"138","t":"20:49:29","h":"Ouest","s":"25S-H56S100F-80-F1"},{"r":"138","t":"20:49:29","h":"Ouest","s":"25S-H56S200F-81-F2"},{"r":"104","t":"21:00:26","h":"Ouest","s":"25N-H56N000I-80-I"},{"r":"104","t":"21:00:26","h":"Ouest","s":"25N-H56N100F-80-F1"},{"r":"104","t":"21:00:26","h":"Ouest","s":"25N-H56N200F-80-F2"},{"r":"104","t":"21:00:26","h":"Ouest","s":"25N-H56N300F-80-F3"},{"r":"104","t":"21:00:26","h":"Ouest","s":"25N-H56N400F-80-F4"},{"r":"104","t":"21:00:26","h":"Ouest","s":"25N-H56NV10I-80-I"},{"r":"104","t":"21:00:26","h":"Ouest","s":"25N-H56NV20I-80-I"},{"r":"104","t":"21:00:26","h":"Ouest","s":"25S-H56S000I-80-I"},{"r":"104","t":"21:00:26","h":"Ouest","s":"25S-H56S100F-80-F1"},{"r":"104","t":"21:00:26","h":"Ouest","s":"25S-H56S200F-81-F2"},{"r":"104","t":"21:06:06","h":"Ouest","s":"25N-H56N000S-80-S"},{"r":"104","t":"21:06:06","h":"Ouest","s":"25N-H56NV10S-80-S"},{"r":"104","t":"21:06:06","h":"Ouest","s":"25N-H56NV20S-80-S"},{"r":"104","t":"21:06:06","h":"Ouest","s":"25S-H56S000S-80-S"},{"r":"104","t":"21:19:26","h":"Ouest","s":"25N-H56N000A-80-A"},{"r":"104","t":"21:19:26","h":"Ouest","s":"25N-H56NV10A-80-A"},{"r":"104","t":"21:19:26","h":"Ouest","s":"25N-H56NV20A-80-A"},{"r":"104","t":"21:19:26","h":"Ouest","s":"25S-H56S000A-80-A"},{"r":"138","t":"21:21:19","h":"Ouest","s":"25N-H56N000S-80-S"},{"r":"138","t":"21:21:19","h":"Ouest","s":"25N-H56NV10S-80-S"},{"r":"138","t":"21:21:19","h":"Ouest","s":"25N-H56NV20S-80-S"},{"r":"138","t":"21:21:19","h":"Ouest","s":"25S-H56S000S-80-S"},{"r":"104","t":"21:25:26","h":"Ouest","s":"25N-H56N000I-80-I"},{"r":"104","t":"21:25:26","h":"Ouest","s":"25N-H56N100F-80-F1"},{"r":"104","t":"21:25:26","h":"Ouest","s":"25N-H56N200F-80-F2"},{"r":"104","t":"21:25:26","h":"Ouest","s":"25N-H56N300F-80-F3"},{"r":"104","t":"21:25:26","h":"Ouest","s":"25N-H56N400F-80-F4"},{"r":"104","t":"21:25:26","h":"Ouest","s":"25N-H56NV10I-80-I"},{"r":"104","t":"21:25:26","h":"Ouest","s":"25N-H56NV20I-80-I"},{"r":"104","t":"21:25:26","h":"Ouest","s":"25S-H56S000I-80-I"},{"r":"104","t":"21:25:26","h":"Ouest","s":"25S-H56S100F-80-F1"},{"r":"104","t":"21:25:26","h":"Ouest","s":"25S-H56S200F-81-F2"},{"r":"104","t":"21:37:26","h":"Ouest","s":"25N-H56N000S-80-S"},{"r":"104","t":"21:37:26","h":"Ouest","s":"25N-H56NV10S-80-S"},{"r":"104","t":"21:37:26","h":"Ouest","s":"25N-H56NV20S-80-S"},{"r":"104","t":"21:37:26","h":"Ouest","s":"25S-H56S000S-80-S"},{"r":"104","t":"21:47:26","h":"Ouest","s":"25N-H56N000A-80-A"},{"r":"104","t":"21:47:26","h":"Ouest","s":"25N-H56NV10A-80-A"},{"r":"104","t":"21:47:26","h":"Ouest","s":"25N-H56NV20A-80-A"},{"r":"104","t":"21:47:26","h":"Ouest","s":"25S-H56S000A-80-A"},{"r":"138","t":"21:51:29","h":"Ouest","s":"25N-H56N000S-80-S"},{"r":"138","t":"21:51:29","h":"Ouest","s":"25N-H56NV10S-80-S"},{"r":"138","t":"21:51:29","h":"Ouest","s":"25N-H56NV20S-80-S"},{"r":"138","t":"21:51:29","h":"Ouest","s":"25S-H56S000S-80-S"},{"r":"104","t":"21:56:26","h":"Ouest","s":"25N-H56N000I-80-I"},{"r":"104","t":"21:56:26","h":"Ouest","s":"25N-H56N100F-80-F1"},{"r":"104","t":"21:56:26","h":"Ouest","s":"25N-H56N200F-80-F2"},{"r":"104","t":"21:56:26","h":"Ouest","s":"25N-H56N300F-80-F3"},{"r":"104","t":"21:56:26","h":"Ouest","s":"25N-H56N400F-80-F4"},{"r":"104","t":"21:56:26","h":"Ouest","s":"25N-H56NV10I-80-I"},{"r":"104","t":"21:56:26","h":"Ouest","s":"25N-H56NV20I-80-I"},{"r":"104","t":"21:56:26","h":"Ouest","s":"25S-H56S000I-80-I"},{"r":"104","t":"21:56:26","h":"Ouest","s":"25S-H56S100F-80-F1"},{"r":"104","t":"21:56:26","h":"Ouest","s":"25S-H56S200F-81-F2"},{"r":"104","t":"22:09:26","h":"Ouest","s":"25N-H56N000S-80-S"},{"r":"104","t":"22:09:26","h":"Ouest","s":"25N-H56NV10S-80-S"},{"r":"104","t":"22:09:26","h":"Ouest","s":"25N-H56NV20S-80-S"},{"r":"104","t":"22:09:26","h":"Ouest","s":"25S-H56S000S-80-S"},{"r":"104","t":"22:16:26","h":"Ouest","s":"25N-H56N000A-80-A"},{"r":"104","t":"22:16:26","h":"Ouest","s":"25N-H56NV10A-80-A"},{"r":"104","t":"22:16:26","h":"Ouest","s":"25N-H56NV20A-80-A"},{"r":"104","t":"22:16:26","h":"Ouest","s":"25S-H56S000A-80-A"},{"r":"138","t":"22:23:29","h":"Ouest","s":"25N-H56N000S-80-S"},{"r":"138","t":"22:23:29","h":"Ouest","s":"25N-H56NV10S-80-S"},{"r":"138","t":"22:23:29","h":"Ouest","s":"25N-H56NV20S-80-S"},{"r":"138","t":"22:23:29","h":"Ouest","s":"25S-H56S000S-80-S"},{"r":"104","t":"22:28:26","h":"Ouest","s":"25N-H56N000I-80-I"},{"r":"104","t":"22:28:26","h":"Ouest","s":"25N-H56N100F-80-F1"},{"r":"104","t":"22:28:26","h":"Ouest","s":"25N-H56N200F-80-F2"},{"r":"104","t":"22:28:26","h":"Ouest","s":"25N-H56N300F-80-F3"},{"r":"104","t":"22:28:26","h":"Ouest","s":"25N-H56N400F-80-F4"},{"r":"104","t":"22:28:26","h":"Ouest","s":"25N-H56NV10I-80-I"},{"r":"104","t":"22:28:26","h":"Ouest","s":"25N-H56NV20I-80-I"},{"r":"104","t":"22:28:26","h":"Ouest","s":"25S-H56S000I-80-I"},{"r":"104","t":"22:28:26","h":"Ouest","s":"25S-H56S100F-80-F1"},{"r":"104","t":"22:28:26","h":"Ouest","s":"25S-H56S200F-81-F2"},{"r":"104","t":"22:40:26","h":"Ouest","s":"25N-H56N000S-80-S"},{"r":"104","t":"22:40:26","h":"Ouest","s":"25N-H56NV10S-80-S"},{"r":"104","t":"22:40:26","h":"Ouest","s":"25N-H56NV20S-80-S"},{"r":"104","t":"22:40:26","h":"Ouest","s":"25S-H56S000S-80-S"},{"r":"104","t":"22:49:26","h":"Ouest","s":"25N-H56N000A-80-A"},{"r":"104","t":"22:49:26","h":"Ouest","s":"25N-H56NV10A-80-A"},{"r":"104","t":"22:49:26","h":"Ouest","s":"25N-H56NV20A-80-A"},{"r":"104","t":"22:49:26","h":"Ouest","s":"25S-H56S000A-80-A"},{"r":"138","t":"22:52:29","h":"Ouest","s":"25N-H56N000S-80-S"},{"r":"138","t":"22:52:29","h":"Ouest","s":"25N-H56NV10S-80-S"},{"r":"138","t":"22:52:29","h":"Ouest","s":"25N-H56NV20S-80-S"},{"r":"138","t":"22:52:29","h":"Ouest","s":"25S-H56S000S-80-S"},{"r":"104","t":"22:59:33","h":"Ouest","s":"25N-H56N000I-80-I"},{"r":"104","t":"22:59:33","h":"Ouest","s":"25N-H56N100F-80-F1"},{"r":"104","t":"22:59:33","h":"Ouest","s":"25N-H56N200F-80-F2"},{"r":"104","t":"22:59:33","h":"Ouest","s":"25N-H56N300F-80-F3"},{"r":"104","t":"22:59:33","h":"Ouest","s":"25N-H56N400F-80-F4"},{"r":"104","t":"22:59:33","h":"Ouest","s":"25N-H56NV10I-80-I"},{"r":"104","t":"22:59:33","h":"Ouest","s":"25N-H56NV20I-80-I"},{"r":"104","t":"22:59:33","h":"Ouest","s":"25S-H56S000I-80-I"},{"r":"104","t":"22:59:33","h":"Ouest","s":"25S-H56S100F-80-F1"},{"r":"104","t":"22:59:33","h":"Ouest","s":"25S-H56S200F-81-F2"},{"r":"104","t":"23:09:26","h":"Ouest","s":"25N-H56N000S-80-S"},{"r":"104","t":"23:09:26","h":"Ouest","s":"25N-H56NV10S-80-S"},{"r":"104","t":"23:09:26","h":"Ouest","s":"25N-H56NV20S-80-S"},{"r":"104","t":"23:09:26","h":"Ouest","s":"25S-H56S000S-80-S"},{"r":"104","t":"23:17:26","h":"Ouest","s":"25N-H56N000A-80-A"},{"r":"104","t":"23:17:26","h":"Ouest","s":"25N-H56NV10A-80-A"},{"r":"104","t":"23:17:26","h":"Ouest","s":"25N-H56NV20A-80-A"},{"r":"104","t":"23:17:26","h":"Ouest","s":"25S-H56S000A-80-A"},{"r":"138","t":"23:21:29","h":"Ouest","s":"25N-H56N000S-80-S"},{"r":"138","t":"23:21:29","h":"Ouest","s":"25N-H56NV10S-80-S"},{"r":"138","t":"23:21:29","h":"Ouest","s":"25N-H56NV20S-80-S"},{"r":"138","t":"23:21:29","h":"Ouest","s":"25S-H56S000S-80-S"},{"r":"104","t":"23:30:33","h":"Ouest","s":"25N-H56N000I-80-I"},{"r":"104","t":"23:30:33","h":"Ouest","s":"25N-H56N100F-80-F1"},{"r":"104","t":"23:30:33","h":"Ouest","s":"25N-H56N200F-80-F2"},{"r":"104","t":"23:30:33","h":"Ouest","s":"25N-H56N300F-80-F3"},{"r":"104","t":"23:30:33","h":"Ouest","s":"25N-H56N400F-80-F4"},{"r":"104","t":"23:30:33","h":"Ouest","s":"25N-H56NV10I-80-I"},{"r":"104","t":"23:30:33","h":"Ouest","s":"25N-H56NV20I-80-I"},{"r":"104","t":"23:30:33","h":"Ouest","s":"25S-H56S000I-80-I"},{"r":"104","t":"23:30:33","h":"Ouest","s":"25S-H56S100F-80-F1"},{"r":"104","t":"23:30:33","h":"Ouest","s":"25S-H56S200F-81-F2"},{"r":"104","t":"23:38:26","h":"Ouest","s":"25N-H56N000S-80-S"},{"r":"104","t":"23:38:26","h":"Ouest","s":"25N-H56NV10S-80-S"},{"r":"104","t":"23:38:26","h":"Ouest","s":"25N-H56NV20S-80-S"},{"r":"104","t":"23:38:26","h":"Ouest","s":"25S-H56S000S-80-S"},{"r":"104","t":"23:44:26","h":"Ouest","s":"25N-H56N000A-80-A"},{"r":"104","t":"23:44:26","h":"Ouest","s":"25N-H56NV10A-80-A"},{"r":"104","t":"23:44:26","h":"Ouest","s":"25N-H56NV20A-80-A"},{"r":"104","t":"23:44:26","h":"Ouest","s":"25S-H56S000A-80-A"},{"r":"138","t":"23:50:29","h":"Ouest","s":"25N-H56N000S-80-S"},{"r":"138","t":"23:50:29","h":"Ouest","s":"25N-H56NV10S-80-S"},{"r":"138","t":"23:50:29","h":"Ouest","s":"25N-H56NV20S-80-S"},{"r":"138","t":"23:50:29","h":"Ouest","s":"25S-H56S000S-80-S"},{"r":"104","t":"24:02:33","h":"Ouest","s":"25N-H56N000I-80-I"},{"r":"104","t":"24:02:33","h":"Ouest","s":"25N-H56N100F-80-F1"},{"r":"104","t":"24:02:33","h":"Ouest","s":"25N-H56N200F-80-F2"},{"r":"104","t":"24:02:33","h":"Ouest","s":"25N-H56N300F-80-F3"},{"r":"104","t":"24:02:33","h":"Ouest","s":"25N-H56N400F-80-F4"},{"r":"104","t":"24:02:33","h":"Ouest","s":"25N-H56NV10I-80-I"},{"r":"104","t":"24:02:33","h":"Ouest","s":"25N-H56NV20I-80-I"},{"r":"104","t":"24:02:33","h":"Ouest","s":"25S-H56S000I-80-I"},{"r":"104","t":"24:02:33","h":"Ouest","s":"25S-H56S100F-80-F1"},{"r":"104","t":"24:02:33","h":"Ouest","s":"25S-H56S200F-81-F2"},{"r":"104","t":"24:07:26","h":"Ouest","s":"25N-H56N000S-80-S"},{"r":"104","t":"24:07:26","h":"Ouest","s":"25N-H56NV10S-80-S"},{"r":"104","t":"24:07:26","h":"Ouest","s":"25N-H56NV20S-80-S"},{"r":"104","t":"24:07:26","h":"Ouest","s":"25S-H56S000S-80-S"},{"r":"104","t":"24:15:26","h":"Ouest","s":"25N-H56N000A-80-A"},{"r":"104","t":"24:15:26","h":"Ouest","s":"25N-H56NV10A-80-A"},{"r":"104","t":"24:15:26","h":"Ouest","s":"25N-H56NV20A-80-A"},{"r":"104","t":"24:15:26","h":"Ouest","s":"25S-H56S000A-80-A"},{"r":"138","t":"24:18:29","h":"Ouest","s":"25N-H56N000S-80-S"},{"r":"138","t":"24:18:29","h":"Ouest","s":"25N-H56NV10S-80-S"},{"r":"138","t":"24:18:29","h":"Ouest","s":"25N-H56NV20S-80-S"},{"r":"138","t":"24:18:29","h":"Ouest","s":"25S-H56S000S-80-S"},{"r":"104","t":"24:33:33","h":"Ouest","s":"25N-H56N000I-80-I"},{"r":"104","t":"24:33:33","h":"Ouest","s":"25N-H56N000S-80-S"},{"r":"104","t":"24:33:33","h":"Ouest","s":"25N-H56N100F-80-F1"},{"r":"104","t":"24:33:33","h":"Ouest","s":"25N-H56N200F-80-F2"},{"r":"104","t":"24:33:33","h":"Ouest","s":"25N-H56N300F-80-F3"},{"r":"104","t":"24:33:33","h":"Ouest","s":"25N-H56N400F-80-F4"},{"r":"104","t":"24:33:33","h":"Ouest","s":"25N-H56NV10I-80-I"},{"r":"104","t":"24:33:33","h":"Ouest","s":"25N-H56NV10S-80-S"},{"r":"104","t":"24:33:33","h":"Ouest","s":"25N-H56NV20I-80-I"},{"r":"104","t":"24:33:33","h":"Ouest","s":"25N-H56NV20S-80-S"},{"r":"104","t":"24:33:33","h":"Ouest","s":"25S-H56S000I-80-I"},{"r":"104","t":"24:33:33","h":"Ouest","s":"25S-H56S000S-80-S"},{"r":"104","t":"24:33:33","h":"Ouest","s":"25S-H56S100F-80-F1"},{"r":"104","t":"24:33:33","h":"Ouest","s":"25S-H56S200F-81-F2"},{"r":"104","t":"24:43:26","h":"Ouest","s":"25N-H56N000A-80-A"},{"r":"104","t":"24:43:26","h":"Ouest","s":"25N-H56NV10A-80-A"},{"r":"104","t":"24:43:26","h":"Ouest","s":"25N-H56NV20A-80-A"},{"r":"104","t":"24:43:26","h":"Ouest","s":"25S-H56S000A-80-A"},{"r":"138","t":"24:46:29","h":"Ouest","s":"25N-H56N000S-80-S"},{"r":"138","t":"24:46:29","h":"Ouest","s":"25N-H56NV10S-80-S"},{"r":"138","t":"24:46:29","h":"Ouest","s":"25N-H56NV20S-80-S"},{"r":"138","t":"24:46:29","h":"Ouest","s":"25S-H56S000S-80-S"},{"r":"104","t":"25:01:33","h":"Ouest","s":"25N-H56N000S-80-S"},{"r":"104","t":"25:01:33","h":"Ouest","s":"25N-H56NV10S-80-S"},{"r":"104","t":"25:01:33","h":"Ouest","s":"25N-H56NV20S-80-S"},{"r":"104","t":"25:01:33","h":"Ouest","s":"25S-H56S000S-80-S"},{"r":"104","t":"25:05:33","h":"Ouest","s":"25N-H56N000I-80-I"},{"r":"104","t":"25:05:33","h":"Ouest","s":"25N-H56N100F-80-F1"},{"r":"104","t":"25:05:33","h":"Ouest","s":"25N-H56N200F-80-F2"},{"r":"104","t":"25:05:33","h":"Ouest","s":"25N-H56N300F-80-F3"},{"r":"104","t":"25:05:33","h":"Ouest","s":"25N-H56N400F-80-F4"},{"r":"104","t":"25:05:33","h":"Ouest","s":"25N-H56NV10I-80-I"},{"r":"104","t":"25:05:33","h":"Ouest","s":"25N-H56NV20I-80-I"},{"r":"104","t":"25:05:33","h":"Ouest","s":"25S-H56S000I-80-I"},{"r":"104","t":"25:05:33","h":"Ouest","s":"25S-H56S100F-80-F1"},{"r":"104","t":"25:05:33","h":"Ouest","s":"25S-H56S200F-81-F2"},{"r":"104","t":"25:12:26","h":"Ouest","s":"25N-H56N000A-80-A"},{"r":"104","t":"25:12:26","h":"Ouest","s":"25N-H56NV10A-80-A"},{"r":"104","t":"25:12:26","h":"Ouest","s":"25N-H56NV20A-80-A"},{"r":"104","t":"25:12:26","h":"Ouest","s":"25S-H56S000A-80-A"},{"r":"138","t":"25:14:29","h":"Ouest","s":"25N-H56N000S-80-S"},{"r":"138","t":"25:14:29","h":"Ouest","s":"25N-H56NV10S-80-S"},{"r":"138","t":"25:14:29","h":"Ouest","s":"25N-H56NV20S-80-S"},{"r":"138","t":"25:14:29","h":"Ouest","s":"25S-H56S000S-80-S"},{"r":"104","t":"25:27:33","h":"Ouest","s":"25N-H56N000S-80-S"},{"r":"104","t":"25:27:33","h":"Ouest","s":"25N-H56NV10S-80-S"},{"r":"104","t":"25:27:33","h":"Ouest","s":"25N-H56NV20S-80-S"},{"r":"104","t":"25:27:33","h":"Ouest","s":"25S-H56S000S-80-S"},{"r":"104","t":"25:37:33","h":"Ouest","s":"25N-H56N000A-80-A"},{"r":"104","t":"25:37:33","h":"Ouest","s":"25N-H56NV10A-80-A"},{"r":"104","t":"25:37:33","h":"Ouest","s":"25N-H56NV20A-80-A"},{"r":"104","t":"25:37:33","h":"Ouest","s":"25S-H56S000A-80-A"},{"r":"104","t":"25:41:33","h":"Ouest","s":"25N-H56N000I-80-I"},{"r":"104","t":"25:41:33","h":"Ouest","s":"25N-H56N100F-80-F1"},{"r":"104","t":"25:41:33","h":"Ouest","s":"25N-H56N200F-80-F2"},{"r":"104","t":"25:41:33","h":"Ouest","s":"25N-H56N300F-80-F3"},{"r":"104","t":"25:41:33","h":"Ouest","s":"25N-H56N400F-80-F4"},{"r":"104","t":"25:41:33","h":"Ouest","s":"25N-H56NV10I-80-I"},{"r":"104","t":"25:41:33","h":"Ouest","s":"25N-H56NV20I-80-I"},{"r":"104","t":"25:41:33","h":"Ouest","s":"25S-H56S000I-80-I"},{"r":"104","t":"25:41:33","h":"Ouest","s":"25S-H56S100F-80-F1"},{"r":"104","t":"25:41:33","h":"Ouest","s":"25S-H56S200F-81-F2"},{"r":"138","t":"25:43:29","h":"Ouest","s":"25N-H56N000S-80-S"},{"r":"138","t":"25:43:29","h":"Ouest","s":"25N-H56NV10S-80-S"},{"r":"138","t":"25:43:29","h":"Ouest","s":"25N-H56NV20S-80-S"},{"r":"138","t":"25:43:29","h":"Ouest","s":"25S-H56S000S-80-S"},{"r":"104","t":"25:54:33","h":"Ouest","s":"25N-H56N000S-80-S"},{"r":"104","t":"25:54:33","h":"Ouest","s":"25N-H56NV10S-80-S"},{"r":"104","t":"25:54:33","h":"Ouest","s":"25N-H56NV20S-80-S"},{"r":"104","t":"25:54:33","h":"Ouest","s":"25S-H56S000S-80-S"},{"r":"104","t":"26:06:33","h":"Ouest","s":"25N-H56N000A-80-A"},{"r":"104","t":"26:06:33","h":"Ouest","s":"25N-H56NV10A-80-A"},{"r":"104","t":"26:06:33","h":"Ouest","s":"25N-H56NV20A-80-A"},{"r":"104","t":"26:06:33","h":"Ouest","s":"25S-H56S000A-80-A"}]