[{"r":"17","t":"05:02:56","h":"Nord","s":"25N-H60N000S-80-S"},{"r":"17","t":"05:02:56","h":"Nord","s":"25N-H60N000S-98-S"},{"r":"17","t":"05:02:56","h":"Nord","s":"25N-H60NV10S-98-S"},{"r":"17","t":"05:02:56","h":"Nord","s":"25N-H60NV20S-98-S"},{"r":"17","t":"05:02:56","h":"Nord","s":"25S-H60S000S-80-S"},{"r":"17","t":"05:03:56","h":"Nord","s":"25N-H60N000A-80-A"},{"r":"17","t":"05:03:56","h":"Nord","s":"25N-H60NV10A-80-A"},{"r":"17","t":"05:03:56","h":"Nord","s":"25N-H60NV20A-80-A"},{"r":"17","t":"05:03:56","h":"Nord","s":"25S-H60S000A-80-A"},{"r":"17","t":"05:09:56","h":"Nord","s":"25N-H60N000I-80-I"},{"r":"17","t":"05:09:56","h":"Nord","s":"25N-H60N100F-81-F1"},{"r":"17","t":"05:09:56","h":"Nord","s":"25N-H60N200F-81-F2"},{"r":"17","t":"05:09:56","h":"Nord","s":"25N-H60N300F-82-F3"},{"r":"17","t":"05:09:56","h":"Nord","s":"25N-H60N400F-81-F4"},{"r":"17","t":"05:09:56","h":"Nord","s":"25N-H60NV10I-80-I"},{"r":"17","t":"05:09:56","h":"Nord","s":"25N-H60NV20I-80-I"},{"r":"17","t":"05:09:56","h":"Nord","s":"25S-H60S000I-80-I"},{"r":"17","t":"05:09:56","h":"Nord","s":"25S-H60S100F-82-F1"},{"r":"17","t":"05:09:56","h":"Nord","s":"25S-H60S200F-81-F2"},{"r":"17","t":"05:23:56","h":"Nord","s":"25N-H56N000S-80-S"},{"r":"17","t":"05:23:56","h":"Nord","s":"25N-H56NV10S-80-S"},{"r":"17","t":"05:23:56","h":"Nord","s":"25N-H56NV20S-80-S"},{"r":"17","t":"05:23:56","h":"Nord","s":"25S-H56S000S-80-S"},{"r":"17","t":"05:33:56","h":"Nord","s":"25N-H60N000S-80-S"},{"r":"17","t":"05:33:56","h":"Nord","s":"25N-H60N000S-98-S"},{"r":"17","t":"05:33:56","h":"Nord","s":"25N-H60NV10S-98-S"},{"r":"17","t":"05:33:56","h":"Nord","s":"25N-H60NV20S-98-S"},{"r":"17","t":"05:33:56","h":"Nord","s":"25S-H60S000S-80-S"},{"r":"17","t":"05:39:56","h":"Nord","s":"25N-H60N000I-80-I"},{"r":"17","t":"05:39:56","h":"Nord","s":"25N-H60N100F-81-F1"},{"r":"17","t":"05:39:56","h":"Nord","s":"25N-H60N200F-81-F2"},{"r":"17","t":"05:39:56","h":"Nord","s":"25N-H60N300F-82-F3"},{"r":"17","t":"05:39:56","h":"Nord","s":"25N-H60N400F-81-F4"},{"r":"17","t":"05:39:56","h":"Nord","s":"25N-H60NV10I-80-I"},{"r":"17","t":"05:39:56","h":"Nord","s":"25N-H60NV20I-80-I"},{"r":"17","t":"05:39:56","h":"Nord","s":"25S-H60S000I-80-I"},{"r":"17","t":"05:39:56","h":"Nord","s":"25S-H60S100F-82-F1"},{"r":"17","t":"05:39:56","h":"Nord","s":"25S-H60S200F-81-F2"},{"r":"17","t":"05:48:56","h":"Nord","s":"25N-H60N000A-80-A"},{"r":"17","t":"05:48:56","h":"Nord","s":"25N-H60N000S-80-S"},{"r":"17","t":"05:48:56","h":"Nord","s":"25N-H60N000S-98-S"},{"r":"17","t":"05:48:56","h":"Nord","s":"25N-H60NV10A-80-A"},{"r":"17","t":"05:48:56","h":"Nord","s":"25N-H60NV10S-98-S"},{"r":"17","t":"05:48:56","h":"Nord","s":"25N-H60NV20A-80-A"},{"r":"17","t":"05:48:56","h":"Nord","s":"25N-H60NV20S-98-S"},{"r":"17","t":"05:48:56","h":"Nord","s":"25S-H60S000A-80-A"},{"r":"17","t":"05:48:56","h":"Nord","s":"25S-H60S000S-80-S"},{"r":"17","t":"06:05:56","h":"Nord","s":"25N-H60N000S-80-S"},{"r":"17","t":"06:05:56","h":"Nord","s":"25N-H60N000S-98-S"},{"r":"17","t":"06:05:56","h":"Nord","s":"25N-H60NV10S-98-S"},{"r":"17","t":"06:05:56","h":"Nord","s":"25N-H60NV20S-98-S"},{"r":"17","t":"06:05:56","h":"Nord","s":"25S-H60S000S-80-S"},{"r":"17","t":"06:13:56","h":"Nord","s":"25N-H60N000I-80-I"},{"r":"17","t":"06:13:56","h":"Nord","s":"25N-H60N100F-81-F1"},{"r":"17","t":"06:13:56","h":"Nord","s":"25N-H60N200F-81-F2"},{"r":"17","t":"06:13:56","h":"Nord","s":"25N-H60N300F-82-F3"},{"r":"17","t":"06:13:56","h":"Nord","s":"25N-H60N400F-81-F4"},{"r":"17","t":"06:13:56","h":"Nord","s":"25N-H60NV10I-80-I"},{"r":"17","t":"06:13:56","h":"Nord","s":"25N-H60NV20I-80-I"},{"r":"17","t":"06:13:56","h":"Nord","s":"25S-H60S000I-80-I"},{"r":"17","t":"06:13:56","h":"Nord","s":"25S-H60S100F-82-F1"},{"r":"17","t":"06:13:56","h":"Nord","s":"25S-H60S200F-81-F2"},{"r":"17","t":"06:23:56","h":"Nord","s":"25N-H60N000A-80-A"},{"r":"17","t":"06:23:56","h":"Nord","s":"25N-H60NV10A-80-A"},{"r":"17","t":"06:23:56","h":"Nord","s":"25N-H60NV20A-80-A"},{"r":"17","t":"06:23:56","h":"Nord","s":"25S-H60S000A-80-A"},{"r":"63","t":"06:33:17","h":"Nord","s":"25N-H56N000S-80-S"},{"r":"63","t":"06:33:17","h":"Nord","s":"25N-H56NV10S-80-S"},{"r":"63","t":"06:33:17","h":"Nord","s":"25N-H56NV20S-80-S"},{"r":"63","t":"06:33:17","h":"Nord","s":"25S-H56S000S-80-S"},{"r":"17","t":"06:39:56","h":"Nord","s":"25N-H60N000S-80-S"},{"r":"17","t":"06:39:56","h":"Nord","s":"25N-H60N000S-98-S"},{"r":"17","t":"06:39:56","h":"Nord","s":"25N-H60NV10S-98-S"},{"r":"17","t":"06:39:56","h":"Nord","s":"25N-H60NV20S-98-S"},{"r":"17","t":"06:39:56","h":"Nord","s":"25S-H60S000S-80-S"},{"r":"17","t":"06:57:56","h":"Nord","s":"25N-H60N000I-80-I"},{"r":"17","t":"06:57:56","h":"Nord","s":"25N-H60N100F-81-F1"},{"r":"17","t":"06:57:56","h":"Nord","s":"25N-H60N200F-81-F2"},{"r":"17","t":"06:57:56","h":"Nord","s":"25N-H60N300F-82-F3"},{"r":"17","t":"06:57:56","h":"Nord","s":"25N-H60N400F-81-F4"},{"r":"17","t":"06:57:56","h":"Nord","s":"25N-H60NV10I-80-I"},{"r":"17","t":"06:57:56","h":"Nord","s":"25N-H60NV20I-80-I"},{"r":"17","t":"06:57:56","h":"Nord","s":"25S-H60S000I-80-I"},{"r":"17","t":"06:57:56","h":"Nord","s":"25S-H60S100F-82-F1"},{"r":"17","t":"06:57:56","h":"Nord","s":"25S-H60S200F-81-F2"},{"r":"63","t":"07:01:17","h":"Nord","s":"25N-H56N000S-80-S"},{"r":"63","t":"07:01:17","h":"Nord","s":"25N-H56NV10S-80-S"},{"r":"63","t":"07:01:17","h":"Nord","s":"25N-H56NV20S-80-S"},{"r":"63","t":"07:01:17","h":"Nord","s":"25S-H56S000S-80-S"},{"r":"17","t":"07:07:56","h":"Nord","s":"25N-H60N000A-80-A"},{"r":"17","t":"07:07:56","h":"Nord","s":"25N-H60NV10A-80-A"},{"r":"17","t":"07:07:56","h":"Nord","s":"25N-H60NV20A-80-A"},{"r":"17","t":"07:07:56","h":"Nord","s":"25S-H60S000A-80-A"},{"r":"17","t":"07:15:38","h":"Nord","s":"25N-H60N000S-80-S"},{"r":"17","t":"07:15:38","h":"Nord","s":"25N-H60N000S-98-S"},{"r":"17","t":"07:15:38","h":"Nord","s":"25N-H60NV10S-98-S"},{"r":"17","t":"07:15:38","h":"Nord","s":"25N-H60NV20S-98-S"},{"r":"17","t":"07:15:38","h":"Nord","s":"25S-H60S000S-80-S"},{"r":"63","t":"07:32:17","h":"Nord","s":"25N-H59N000S-80-S"},{"r":"63","t":"07:32:17","h":"Nord","s":"25N-H59NV10S-84-S"},{"r":"63","t":"07:32:17","h":"Nord","s":"25N-H59NV20S-80-S"},{"r":"63","t":"07:32:17","h":"Nord","s":"25S-H59S000S-81-S"},{"r":"17","t":"07:32:56","h":"Nord","s":"25N-H60N000I-80-I"},{"r":"17","t":"07:32:56","h":"Nord","s":"25N-H60N100F-81-F1"},{"r":"17","t":"07:32:56","h":"Nord","s":"25N-H60N200F-81-F2"},{"r":"17","t":"07:32:56","h":"Nord","s":"25N-H60N300F-82-F3"},{"r":"17","t":"07:32:56","h":"Nord","s":"25N-H60N400F-81-F4"},{"r":"17","t":"07:32:56","h":"Nord","s":"25N-H60NV10I-80-I"},{"r":"17","t":"07:32:56","h":"Nord","s":"25N-H60NV20I-80-I"},{"r":"17","t":"07:32:56","h":"Nord","s":"25S-H60S000I-80-I"},{"r":"17","t":"07:32:56","h":"Nord","s":"25S-H60S100F-82-F1"},{"r":"17","t":"07:32:56","h":"Nord","s":"25S-H60S200F-81-F2"},{"r":"17","t":"07:44:10","h":"Nord","s":"25N-H60N000A-80-A"},{"r":"17","t":"07:44:10","h":"Nord","s":"25N-H60NV10A-80-A"},{"r":"17","t":"07:44:10","h":"Nord","s":"25N-H60NV20A-80-A"},{"r":"17","t":"07:44:10","h":"Nord","s":"25S-H60S000A-80-A"},{"r":"17","t":"07:50:38","h":"Nord","s":"25N-H60N000S-80-S"},{"r":"17","t":"07:50:38","h":"Nord","s":"25N-H60N000S-98-S"},{"r":"17","t":"07:50:38","h":"Nord","s":"25N-H60NV10S-98-S"},{"r":"17","t":"07:50:38","h":"Nord","s":"25N-H60NV20S-98-S"},{"r":"17","t":"07:50:38","h":"Nord","s":"25S-H60S000S-80-S"},{"r":"63","t":"08:07:36","h":"Nord","s":"25N-H56N000S-80-S"},{"r":"63","t":"08:07:36","h":"Nord","s":"25N-H56NV10S-80-S"},{"r":"63","t":"08:07:36","h":"Nord","s":"25N-H56NV20S-80-S"},{"r":"63","t":"08:07:36","h":"Nord","s":"25S-H56S000S-80-S"},{"r":"17","t":"08:16:56","h":"Nord","s":"25N-H60N000I-80-I"},{"r":"17","t":"08:16:56","h":"Nord","s":"25N-H60N100F-81-F1"},{"r":"17","t":"08:16:56","h":"Nord","s":"25N-H60N200F-81-F2"},{"r":"17","t":"08:16:56","h":"Nord","s":"25N-H60N300F-82-F3"},{"r":"17","t":"08:16:56","h":"Nord","s":"25N-H60N400F-81-F4"},{"r":"17","t":"08:16:56","h":"Nord","s":"25N-H60NV10I-80-I"},{"r":"17","t":"08:16:56","h":"Nord","s":"25N-H60NV20I-80-I"},{"r":"17","t":"08:16:56","h":"Nord","s":"25S-H60S000I-80-I"},{"r":"17","t":"08:16:56","h":"Nord","s":"25S-H60S100F-82-F1"},{"r":"17","t":"08:16:56","h":"Nord","s":"25S-H60S200F-81-F2"},{"r":"17","t":"08:23:38","h":"Nord","s":"25N-H60N000S-80-S"},{"r":"17","t":"08:23:38","h":"Nord","s":"25N-H60N000S-98-S"},{"r":"17","t":"08:23:38","h":"Nord","s":"25N-H60NV10S-98-S"},{"r":"17","t":"08:23:38","h":"Nord","s":"25N-H60NV20S-98-S"},{"r":"17","t":"08:23:38","h":"Nord","s":"25S-H60S000S-80-S"},{"r":"17","t":"08:29:10","h":"Nord","s":"25N-H60N000A-80-A"},{"r":"17","t":"08:29:10","h":"Nord","s":"25N-H60NV10A-80-A"},{"r":"17","t":"08:29:10","h":"Nord","s":"25N-H60NV20A-80-A"},{"r":"17","t":"08:29:10","h":"Nord","s":"25S-H60S000A-80-A"},{"r":"63","t":"08:42:36","h":"Nord","s":"25N-H59N000S-80-S"},{"r":"63","t":"08:42:36","h":"Nord","s":"25N-H59NV10S-84-S"},{"r":"63","t":"08:42:36","h":"Nord","s":"25N-H59NV20S-80-S"},{"r":"63","t":"08:42:36","h":"Nord","s":"25S-H59S000S-81-S"},{"r":"17","t":"08:54:10","h":"Nord","s":"25N-H60N000I-80-I"},{"r":"17","t":"08:54:10","h":"Nord","s":"25N-H60N100F-81-F1"},{"r":"17","t":"08:54:10","h":"Nord","s":"25N-H60N200F-81-F2"},{"r":"17","t":"08:54:10","h":"Nord","s":"25N-H60N300F-82-F3"},{"r":"17","t":"08:54:10","h":"Nord","s":"25N-H60N400F-81-F4"},{"r":"17","t":"08:54:10","h":"Nord","s":"25N-H60NV10I-80-I"},{"r":"17","t":"08:54:10","h":"Nord","s":"25N-H60NV20I-80-I"},{"r":"17","t":"08:54:10","h":"Nord","s":"25S-H60S000I-80-I"},{"r":"17","t":"08:54:10","h":"Nord","s":"25S-H60S100F-82-F1"},{"r":"17","t":"08:54:10","h":"Nord","s":"25S-H60S200F-81-F2"},{"r":"17","t":"08:56:38","h":"Nord","s":"25N-H60N000S-80-S"},{"r":"17","t":"08:56:38","h":"Nord","s":"25N-H60N000S-98-S"},{"r":"17","t":"08:56:38","h":"Nord","s":"25N-H60NV10S-98-S"},{"r":"17","t":"08:56:38","h":"Nord","s":"25N-H60NV20S-98-S"},{"r":"17","t":"08:56:38","h":"Nord","s":"25S-H60S000S-80-S"},{"r":"63","t":"09:01:58","h":"Nord","s":"25N-H56N000A-80-A"},{"r":"63","t":"09:01:58","h":"Nord","s":"25N-H56N100F-80-F1"},{"r":"63","t":"09:01:58","h":"Nord","s":"25N-H56N200F-80-F2"},{"r":"63","t":"09:01:58","h":"Nord","s":"25N-H56N300F-80-F3"},{"r":"63","t":"09:01:58","h":"Nord","s":"25N-H56N400F-80-F4"},{"r":"63","t":"09:01:58","h":"Nord","s":"25N-H56NV10A-80-A"},{"r":"63","t":"09:01:58","h":"Nord","s":"25N-H56NV20A-80-A"},{"r":"63","t":"09:01:58","h":"Nord","s":"25S-H56S000A-80-A"},{"r":"63","t":"09:01:58","h":"Nord","s":"25S-H56S100F-80-F1"},{"r":"63","t":"09:01:58","h":"Nord","s":"25S-H56S200F-81-F2"},{"r":"17","t":"09:13:38","h":"Nord","s":"25N-H60N000A-80-A"},{"r":"17","t":"09:13:38","h":"Nord","s":"25N-H60NV10A-80-A"},{"r":"17","t":"09:13:38","h":"Nord","s":"25N-H60NV20A-80-A"},{"r":"17","t":"09:13:38","h":"Nord","s":"25S-H60S000A-80-A"},{"r":"63","t":"09:14:17","h":"Nord","s":"25N-H56N000S-80-S"},{"r":"63","t":"09:14:17","h":"Nord","s":"25N-H56NV10S-80-S"},{"r":"63","t":"09:14:17","h":"Nord","s":"25N-H56NV20S-80-S"},{"r":"63","t":"09:14:17","h":"Nord","s":"25S-H56S000S-80-S"},{"r":"17","t":"09:29:38","h":"Nord","s":"25N-H60N000S-80-S"},{"r":"17","t":"09:29:38","h":"Nord","s":"25N-H60N000S-98-S"},{"r":"17","t":"09:29:38","h":"Nord","s":"25N-H60NV10S-98-S"},{"r":"17","t":"09:29:38","h":"Nord","s":"25N-H60NV20S-98-S"},{"r":"17","t":"09:29:38","h":"Nord","s":"25S-H60S000S-80-S"},{"r":"63","t":"09:31:58","h":"Nord","s":"25N-H56N000A-80-A"},{"r":"63","t":"09:31:58","h":"Nord","s":"25N-H56N100F-80-F1"},{"r":"63","t":"09:31:58","h":"Nord","s":"25N-H56N200F-80-F2"},{"r":"63","t":"09:31:58","h":"Nord","s":"25N-H56N300F-80-F3"},{"r":"63","t":"09:31:58","h":"Nord","s":"25N-H56N400F-80-F4"},{"r":"63","t":"09:31:58","h":"Nord","s":"25N-H56NV10A-80-A"},{"r":"63","t":"09:31:58","h":"Nord","s":"25N-H56NV20A-80-A"},{"r":"63","t":"09:31:58","h":"Nord","s":"25S-H56S000A-80-A"},{"r":"63","t":"09:31:58","h":"Nord","s":"25S-H56S100F-80-F1"},{"r":"63","t":"09:31:58","h":"Nord","s":"25S-H56S200F-81-F2"},{"r":"17","t":"09:39:10","h":"Nord","s":"25N-H60N000I-80-I"},{"r":"17","t":"09:39:10","h":"Nord","s":"25N-H60N100F-81-F1"},{"r":"17","t":"09:39:10","h":"Nord","s":"25N-H60N200F-81-F2"},{"r":"17","t":"09:39:10","h":"Nord","s":"25N-H60N300F-82-F3"},{"r":"17","t":"09:39:10","h":"Nord","s":"25N-H60N400F-81-F4"},{"r":"17","t":"09:39:10","h":"Nord","s":"25N-H60NV10I-80-I"},{"r":"17","t":"09:39:10","h":"Nord","s":"25N-H60NV20I-80-I"},{"r":"17","t":"09:39:10","h":"Nord","s":"25S-H60S000I-80-I"},{"r":"17","t":"09:39:10","h":"Nord","s":"25S-H60S100F-82-F1"},{"r":"17","t":"09:39:10","h":"Nord","s":"25S-H60S200F-81-F2"},{"r":"63","t":"09:44:58","h":"Nord","s":"25N-H56N000S-80-S"},{"r":"63","t":"09:44:58","h":"Nord","s":"25N-H56NV10S-80-S"},{"r":"63","t":"09:44:58","h":"Nord","s":"25N-H56NV20S-80-S"},{"r":"63","t":"09:44:58","h":"Nord","s":"25S-H56S000S-80-S"},{"r":"17","t":"09:58:38","h":"Nord","s":"25N-H60N000A-80-A"},{"r":"17","t":"09:58:38","h":"Nord","s":"25N-H60NV10A-80-A"},{"r":"17","t":"09:58:38","h":"Nord","s":"25N-H60NV20A-80-A"},{"r":"17","t":"09:58:38","h":"Nord","s":"25S-H60S000A-80-A"},{"r":"17","t":"09:59:38","h":"Nord","s":"25N-H60N000S-80-S"},{"r":"17","t":"09:59:38","h":"Nord","s":"25N-H60N000S-98-S"},{"r":"17","t":"09:59:38","h":"Nord","s":"25N-H60NV10S-98-S"},{"r":"17","t":"09:59:38","h":"Nord","s":"25N-H60NV20S-98-S"},{"r":"17","t":"09:59:38","h":"Nord","s":"25S-H60S000S-80-S"},{"r":"63","t":"10:01:58","h":"Nord","s":"25N-H56N000A-80-A"},{"r":"63","t":"10:01:58","h":"Nord","s":"25N-H56N100F-80-F1"},{"r":"63","t":"10:01:58","h":"Nord","s":"25N-H56N200F-80-F2"},{"r":"63","t":"10:01:58","h":"Nord","s":"25N-H56N300F-80-F3"},{"r":"63","t":"10:01:58","h":"Nord","s":"25N-H56N400F-80-F4"},{"r":"63","t":"10:01:58","h":"Nord","s":"25N-H56NV10A-80-A"},{"r":"63","t":"10:01:58","h":"Nord","s":"25N-H56NV20A-80-A"},{"r":"63","t":"10:01:58","h":"Nord","s":"25S-H56S000A-80-A"},{"r":"63","t":"10:01:58","h":"Nord","s":"25S-H56S100F-80-F1"},{"r":"63","t":"10:01:58","h":"Nord","s":"25S-H56S200F-81-F2"},{"r":"63","t":"10:17:58","h":"Nord","s":"25N-H56N000S-80-S"},{"r":"63","t":"10:17:58","h":"Nord","s":"25N-H56NV10S-80-S"},{"r":"63","t":"10:17:58","h":"Nord","s":"25N-H56NV20S-80-S"},{"r":"63","t":"10:17:58","h":"Nord","s":"25S-H56S000S-80-S"},{"r":"17","t":"10:22:10","h":"Nord","s":"25N-H60N000I-80-I"},{"r":"17","t":"10:22:10","h":"Nord","s":"25N-H60N100F-81-F1"},{"r":"17","t":"10:22:10","h":"Nord","s":"25N-H60N200F-81-F2"},{"r":"17","t":"10:22:10","h":"Nord","s":"25N-H60N300F-82-F3"},{"r":"17","t":"10:22:10","h":"Nord","s":"25N-H60N400F-81-F4"},{"r":"17","t":"10:22:10","h":"Nord","s":"25N-H60NV10I-80-I"},{"r":"17","t":"10:22:10","h":"Nord","s":"25N-H60NV20I-80-I"},{"r":"17","t":"10:22:10","h":"Nord","s":"25S-H60S000I-80-I"},{"r":"17","t":"10:22:10","h":"Nord","s":"25S-H60S100F-82-F1"},{"r":"17","t":"10:22:10","h":"Nord","s":"25S-H60S200F-81-F2"},{"r":"63","t":"10:33:17","h":"Nord","s":"25N-H56N000A-80-A"},{"r":"63","t":"10:33:17","h":"Nord","s":"25N-H56N100F-80-F1"},{"r":"63","t":"10:33:17","h":"Nord","s":"25N-H56N200F-80-F2"},{"r":"63","t":"10:33:17","h":"Nord","s":"25N-H56N300F-80-F3"},{"r":"63","t":"10:33:17","h":"Nord","s":"25N-H56N400F-80-F4"},{"r":"63","t":"10:33:17","h":"Nord","s":"25N-H56NV10A-80-A"},{"r":"63","t":"10:33:17","h":"Nord","s":"25N-H56NV20A-80-A"},{"r":"63","t":"10:33:17","h":"Nord","s":"25S-H56S000A-80-A"},{"r":"63","t":"10:33:17","h":"Nord","s":"25S-H56S100F-80-F1"},{"r":"63","t":"10:33:17","h":"Nord","s":"25S-H56S200F-81-F2"},{"r":"17","t":"10:34:38","h":"Nord","s":"25N-H60N000S-80-S"},{"r":"17","t":"10:34:38","h":"Nord","s":"25N-H60N000S-98-S"},{"r":"17","t":"10:34:38","h":"Nord","s":"25N-H60NV10S-98-S"},{"r":"17","t":"10:34:38","h":"Nord","s":"25N-H60NV20S-98-S"},{"r":"17","t":"10:34:38","h":"Nord","s":"25S-H60S000S-80-S"},{"r":"17","t":"10:37:38","h":"Nord","s":"25N-H60N000A-80-A"},{"r":"17","t":"10:37:38","h":"Nord","s":"25N-H60NV10A-80-A"},{"r":"17","t":"10:37:38","h":"Nord","s":"25N-H60NV20A-80-A"},{"r":"17","t":"10:37:38","h":"Nord","s":"25S-H60S000A-80-A"},{"r":"63","t":"10:47:58","h":"Nord","s":"25N-H56N000S-80-S"},{"r":"63","t":"10:47:58","h":"Nord","s":"25N-H56NV10S-80-S"},{"r":"63","t":"10:47:58","h":"Nord","s":"25N-H56NV20S-80-S"},{"r":"63","t":"10:47:58","h":"Nord","s":"25S-H56S000S-80-S"},{"r":"63","t":"11:05:17","h":"Nord","s":"25N-H56N000A-80-A"},{"r":"63","t":"11:05:17","h":"Nord","s":"25N-H56N100F-80-F1"},{"r":"63","t":"11:05:17","h":"Nord","s":"25N-H56N200F-80-F2"},{"r":"63","t":"11:05:17","h":"Nord","s":"25N-H56N300F-80-F3"},{"r":"63","t":"11:05:17","h":"Nord","s":"25N-H56N400F-80-F4"},{"r":"63","t":"11:05:17","h":"Nord","s":"25N-H56NV10A-80-A"},{"r":"63","t":"11:05:17","h":"Nord","s":"25N-H56NV20A-80-A"},{"r":"63","t":"11:05:17","h":"Nord","s":"25S-H56S000A-80-A"},{"r":"63","t":"11:05:17","h":"Nord","s":"25S-H56S100F-80-F1"},{"r":"63","t":"11:05:17","h":"Nord","s":"25S-H56S200F-81-F2"},{"r":"17","t":"11:07:10","h":"Nord","s":"25N-H60N000I-80-I"},{"r":"17","t":"11:07:10","h":"Nord","s":"25N-H60N100F-81-F1"},{"r":"17","t":"11:07:10","h":"Nord","s":"25N-H60N200F-81-F2"},{"r":"17","t":"11:07:10","h":"Nord","s":"25N-H60N300F-82-F3"},{"r":"17","t":"11:07:10","h":"Nord","s":"25N-H60N400F-81-F4"},{"r":"17","t":"11:07:10","h":"Nord","s":"25N-H60NV10I-80-I"},{"r":"17","t":"11:07:10","h":"Nord","s":"25N-H60NV20I-80-I"},{"r":"17","t":"11:07:10","h":"Nord","s":"25S-H60S000I-80-I"},{"r":"17","t":"11:07:10","h":"Nord","s":"25S-H60S100F-82-F1"},{"r":"17","t":"11:07:10","h":"Nord","s":"25S-H60S200F-81-F2"},{"r":"17","t":"11:09:38","h":"Nord","s":"25N-H60N000S-80-S"},{"r":"17","t":"11:09:38","h":"Nord","s":"25N-H60N000S-98-S"},{"r":"17","t":"11:09:38","h":"Nord","s":"25N-H60NV10S-98-S"},{"r":"17","t":"11:09:38","h":"Nord","s":"25N-H60NV20S-98-S"},{"r":"17","t":"11:09:38","h":"Nord","s":"25S-H60S000S-80-S"},{"r":"63","t":"11:18:58","h":"Nord","s":"25N-H56N000S-80-S"},{"r":"63","t":"11:18:58","h":"Nord","s":"25N-H56NV10S-80-S"},{"r":"63","t":"11:18:58","h":"Nord","s":"25N-H56NV20S-80-S"},{"r":"63","t":"11:18:58","h":"Nord","s":"25S-H56S000S-80-S"},{"r":"17","t":"11:22:38","h":"Nord","s":"25N-H60N000A-80-A"},{"r":"17","t":"11:22:38","h":"Nord","s":"25N-H60NV10A-80-A"},{"r":"17","t":"11:22:38","h":"Nord","s":"25N-H60NV20A-80-A"},{"r":"17","t":"11:22:38","h":"Nord","s":"25S-H60S000A-80-A"},{"r":"63","t":"11:35:17","h":"Nord","s":"25N-H56N000A-80-A"},{"r":"63","t":"11:35:17","h":"Nord","s":"25N-H56N100F-80-F1"},{"r":"63","t":"11:35:17","h":"Nord","s":"25N-H56N200F-80-F2"},{"r":"63","t":"11:35:17","h":"Nord","s":"25N-H56N300F-80-F3"},{"r":"63","t":"11:35:17","h":"Nord","s":"25N-H56N400F-80-F4"},{"r":"63","t":"11:35:17","h":"Nord","s":"25N-H56NV10A-80-A"},{"r":"63","t":"11:35:17","h":"Nord","s":"25N-H56NV20A-80-A"},{"r":"63","t":"11:35:17","h":"Nord","s":"25S-H56S000A-80-A"},{"r":"63","t":"11:35:17","h":"Nord","s":"25S-H56S100F-80-F1"},{"r":"63","t":"11:35:17","h":"Nord","s":"25S-H56S200F-81-F2"},{"r":"17","t":"11:44:38","h":"Nord","s":"25N-H60N000S-80-S"},{"r":"17","t":"11:44:38","h":"Nord","s":"25N-H60N000S-98-S"},{"r":"17","t":"11:44:38","h":"Nord","s":"25N-H60NV10S-98-S"},{"r":"17","t":"11:44:38","h":"Nord","s":"25N-H60NV20S-98-S"},{"r":"17","t":"11:44:38","h":"Nord","s":"25S-H60S000S-80-S"},{"r":"63","t":"11:50:17","h":"Nord","s":"25N-H56N000S-80-S"},{"r":"63","t":"11:50:17","h":"Nord","s":"25N-H56NV10S-80-S"},{"r":"63","t":"11:50:17","h":"Nord","s":"25N-H56NV20S-80-S"},{"r":"63","t":"11:50:17","h":"Nord","s":"25S-H56S000S-80-S"},{"r":"17","t":"11:50:24","h":"Nord","s":"25N-H60N000I-80-I"},{"r":"17","t":"11:50:24","h":"Nord","s":"25N-H60N100F-81-F1"},{"r":"17","t":"11:50:24","h":"Nord","s":"25N-H60N200F-81-F2"},{"r":"17","t":"11:50:24","h":"Nord","s":"25N-H60N300F-82-F3"},{"r":"17","t":"11:50:24","h":"Nord","s":"25N-H60N400F-81-F4"},{"r":"17","t":"11:50:24","h":"Nord","s":"25N-H60NV10I-80-I"},{"r":"17","t":"11:50:24","h":"Nord","s":"25N-H60NV20I-80-I"},{"r":"17","t":"11:50:24","h":"Nord","s":"25S-H60S000I-80-I"},{"r":"17","t":"11:50:24","h":"Nord","s":"25S-H60S100F-82-F1"},{"r":"17","t":"11:50:24","h":"Nord","s":"25S-H60S200F-81-F2"},{"r":"17","t":"12:05:38","h":"Nord","s":"25N-H60N000A-80-A"},{"r":"17","t":"12:05:38","h":"Nord","s":"25N-H60NV10A-80-A"},{"r":"17","t":"12:05:38","h":"Nord","s":"25N-H60NV20A-80-A"},{"r":"17","t":"12:05:38","h":"Nord","s":"25S-H60S000A-80-A"},{"r":"63","t":"12:06:17","h":"Nord","s":"25N-H56N000A-80-A"},{"r":"63","t":"12:06:17","h":"Nord","s":"25N-H56N100F-80-F1"},{"r":"63","t":"12:06:17","h":"Nord","s":"25N-H56N200F-80-F2"},{"r":"63","t":"12:06:17","h":"Nord","s":"25N-H56N300F-80-F3"},{"r":"63","t":"12:06:17","h":"Nord","s":"25N-H56N400F-80-F4"},{"r":"63","t":"12:06:17","h":"Nord","s":"25N-H56NV10A-80-A"},{"r":"63","t":"12:06:17","h":"Nord","s":"25N-H56NV20A-80-A"},{"r":"63","t":"12:06:17","h":"Nord","s":"25S-H56S000A-80-A"},{"r":"63","t":"12:06:17","h":"Nord","s":"25S-H56S100F-80-F1"},{"r":"63","t":"12:06:17","h":"Nord","s":"25S-H56S200F-81-F2"},{"r":"63","t":"12:22:17","h":"Nord","s":"25N-H56N000S-80-S"},{"r":"63","t":"12:22:17","h":"Nord","s":"25N-H56NV10S-80-S"},{"r":"63","t":"12:22:17","h":"Nord","s":"25N-H56NV20S-80-S"},{"r":"63","t":"12:22:17","h":"Nord","s":"25S-H56S000S-80-S"},{"r":"17","t":"12:22:38","h":"Nord","s":"25N-H60N000S-80-S"},{"r":"17","t":"12:22:38","h":"Nord","s":"25N-H60N000S-98-S"},{"r":"17","t":"12:22:38","h":"Nord","s":"25N-H60NV10S-98-S"},{"r":"17","t":"12:22:38","h":"Nord","s":"25N-H60NV20S-98-S"},{"r":"17","t":"12:22:38","h":"Nord","s":"25S-H60S000S-80-S"},{"r":"17","t":"12:26:24","h":"Nord","s":"25N-H60N000I-80-I"},{"r":"17","t":"12:26:24","h":"Nord","s":"25N-H60N100F-81-F1"},{"r":"17","t":"12:26:24","h":"Nord","s":"25N-H60N200F-81-F2"},{"r":"17","t":"12:26:24","h":"Nord","s":"25N-H60N300F-82-F3"},{"r":"17","t":"12:26:24","h":"Nord","s":"25N-H60N400F-81-F4"},{"r":"17","t":"12:26:24","h":"Nord","s":"25N-H60NV10I-80-I"},{"r":"17","t":"12:26:24","h":"Nord","s":"25N-H60NV20I-80-I"},{"r":"17","t":"12:26:24","h":"Nord","s":"25S-H60S000I-80-I"},{"r":"17","t":"12:26:24","h":"Nord","s":"25S-H60S100F-82-F1"},{"r":"17","t":"12:26:24","h":"Nord","s":"25S-H60S200F-81-F2"},{"r":"63","t":"12:37:17","h":"Nord","s":"25N-H56N000A-80-A"},{"r":"63","t":"12:37:17","h":"Nord","s":"25N-H56N100F-80-F1"},{"r":"63","t":"12:37:17","h":"Nord","s":"25N-H56N200F-80-F2"},{"r":"63","t":"12:37:17","h":"Nord","s":"25N-H56N300F-80-F3"},{"r":"63","t":"12:37:17","h":"Nord","s":"25N-H56N400F-80-F4"},{"r":"63","t":"12:37:17","h":"Nord","s":"25N-H56NV10A-80-A"},{"r":"63","t":"12:37:17","h":"Nord","s":"25N-H56NV20A-80-A"},{"r":"63","t":"12:37:17","h":"Nord","s":"25S-H56S000A-80-A"},{"r":"63","t":"12:37:17","h":"Nord","s":"25S-H56S100F-80-F1"},{"r":"63","t":"12:37:17","h":"Nord","s":"25S-H56S200F-81-F2"},{"r":"17","t":"12:48:38","h":"Nord","s":"25N-H60N000A-80-A"},{"r":"17","t":"12:48:38","h":"Nord","s":"25N-H60NV10A-80-A"},{"r":"17","t":"12:48:38","h":"Nord","s":"25N-H60NV20A-80-A"},{"r":"17","t":"12:48:38","h":"Nord","s":"25S-H60S000A-80-A"},{"r":"63","t":"12:54:17","h":"Nord","s":"25N-H56N000S-80-S"},{"r":"63","t":"12:54:17","h":"Nord","s":"25N-H56NV10S-80-S"},{"r":"63","t":"12:54:17","h":"Nord","s":"25N-H56NV20S-80-S"},{"r":"63","t":"12:54:17","h":"Nord","s":"25S-H56S000S-80-S"},{"r":"17","t":"12:59:38","h":"Nord","s":"25N-H60N000S-80-S"},{"r":"17","t":"12:59:38","h":"Nord","s":"25N-H60N000S-98-S"},{"r":"17","t":"12:59:38","h":"Nord","s":"25N-H60NV10S-98-S"},{"r":"17","t":"12:59:38","h":"Nord","s":"25N-H60NV20S-98-S"},{"r":"17","t":"12:59:38","h":"Nord","s":"25S-H60S000S-80-S"},{"r":"17","t":"13:06:24","h":"Nord","s":"25N-H60N000I-80-I"},{"r":"17","t":"13:06:24","h":"Nord","s":"25N-H60N100F-81-F1"},{"r":"17","t":"13:06:24","h":"Nord","s":"25N-H60N200F-81-F2"},{"r":"17","t":"13:06:24","h":"Nord","s":"25N-H60N300F-82-F3"},{"r":"17","t":"13:06:24","h":"Nord","s":"25N-H60N400F-81-F4"},{"r":"17","t":"13:06:24","h":"Nord","s":"25N-H60NV10I-80-I"},{"r":"17","t":"13:06:24","h":"Nord","s":"25N-H60NV20I-80-I"},{"r":"17","t":"13:06:24","h":"Nord","s":"25S-H60S000I-80-I"},{"r":"17","t":"13:06:24","h":"Nord","s":"25S-H60S100F-82-F1"},{"r":"17","t":"13:06:24","h":"Nord","s":"25S-H60S200F-81-F2"},{"r":"63","t":"13:07:17","h":"Nord","s":"25N-H56N000A-80-A"},{"r":"63","t":"13:07:17","h":"Nord","s":"25N-H56N100F-80-F1"},{"r":"63","t":"13:07:17","h":"Nord","s":"25N-H56N200F-80-F2"},{"r":"63","t":"13:07:17","h":"Nord","s":"25N-H56N300F-80-F3"},{"r":"63","t":"13:07:17","h":"Nord","s":"25N-H56N400F-80-F4"},{"r":"63","t":"13:07:17","h":"Nord","s":"25N-H56NV10A-80-A"},{"r":"63","t":"13:07:17","h":"Nord","s":"25N-H56NV20A-80-A"},{"r":"63","t":"13:07:17","h":"Nord","s":"25S-H56S000A-80-A"},{"r":"63","t":"13:07:17","h":"Nord","s":"25S-H56S100F-80-F1"},{"r":"63","t":"13:07:17","h":"Nord","s":"25S-H56S200F-81-F2"},{"r":"63","t":"13:26:17","h":"Nord","s":"25N-H56N000S-80-S"},{"r":"63","t":"13:26:17","h":"Nord","s":"25N-H56NV10S-80-S"},{"r":"63","t":"13:26:17","h":"Nord","s":"25N-H56NV20S-80-S"},{"r":"63","t":"13:26:17","h":"Nord","s":"25S-H56S000S-80-S"},{"r":"17","t":"13:29:38","h":"Nord","s":"25N-H60N000A-80-A"},{"r":"17","t":"13:29:38","h":"Nord","s":"25N-H60NV10A-80-A"},{"r":"17","t":"13:29:38","h":"Nord","s":"25N-H60NV20A-80-A"},{"r":"17","t":"13:29:38","h":"Nord","s":"25S-H60S000A-80-A"},{"r":"17","t":"13:36:38","h":"Nord","s":"25N-H60N000S-80-S"},{"r":"17","t":"13:36:38","h":"Nord","s":"25N-H60N000S-98-S"},{"r":"17","t":"13:36:38","h":"Nord","s":"25N-H60NV10S-98-S"},{"r":"17","t":"13:36:38","h":"Nord","s":"25N-H60NV20S-98-S"},{"r":"17","t":"13:36:38","h":"Nord","s":"25S-H60S000S-80-S"},{"r":"63","t":"13:38:17","h":"Nord","s":"25N-H56N000A-80-A"},{"r":"63","t":"13:38:17","h":"Nord","s":"25N-H56N100F-80-F1"},{"r":"63","t":"13:38:17","h":"Nord","s":"25N-H56N200F-80-F2"},{"r":"63","t":"13:38:17","h":"Nord","s":"25N-H56N300F-80-F3"},{"r":"63","t":"13:38:17","h":"Nord","s":"25N-H56N400F-80-F4"},{"r":"63","t":"13:38:17","h":"Nord","s":"25N-H56NV10A-80-A"},{"r":"63","t":"13:38:17","h":"Nord","s":"25N-H56NV20A-80-A"},{"r":"63","t":"13:38:17","h":"Nord","s":"25S-H56S000A-80-A"},{"r":"63","t":"13:38:17","h":"Nord","s":"25S-H56S100F-80-F1"},{"r":"63","t":"13:38:17","h":"Nord","s":"25S-H56S200F-81-F2"},{"r":"17","t":"13:46:24","h":"Nord","s":"25N-H60N000I-80-I"},{"r":"17","t":"13:46:24","h":"Nord","s":"25N-H60N100F-81-F1"},{"r":"17","t":"13:46:24","h":"Nord","s":"25N-H60N200F-81-F2"},{"r":"17","t":"13:46:24","h":"Nord","s":"25N-H60N300F-82-F3"},{"r":"17","t":"13:46:24","h":"Nord","s":"25N-H60N400F-81-F4"},{"r":"17","t":"13:46:24","h":"Nord","s":"25N-H60NV10I-80-I"},{"r":"17","t":"13:46:24","h":"Nord","s":"25N-H60NV20I-80-I"},{"r":"17","t":"13:46:24","h":"Nord","s":"25S-H60S000I-80-I"},{"r":"17","t":"13:46:24","h":"Nord","s":"25S-H60S100F-82-F1"},{"r":"17","t":"13:46:24","h":"Nord","s":"25S-H60S200F-81-F2"},{"r":"63","t":"13:59:17","h":"Nord","s":"25N-H56N000S-80-S"},{"r":"63","t":"13:59:17","h":"Nord","s":"25N-H56NV10S-80-S"},{"r":"63","t":"13:59:17","h":"Nord","s":"25N-H56NV20S-80-S"},{"r":"63","t":"13:59:17","h":"Nord","s":"25S-H56S000S-80-S"},{"r":"63","t":"14:09:17","h":"Nord","s":"25N-H56N000A-80-A"},{"r":"63","t":"14:09:17","h":"Nord","s":"25N-H56N100F-80-F1"},{"r":"63","t":"14:09:17","h":"Nord","s":"25N-H56N200F-80-F2"},{"r":"63","t":"14:09:17","h":"Nord","s":"25N-H56N300F-80-F3"},{"r":"63","t":"14:09:17","h":"Nord","s":"25N-H56N400F-80-F4"},{"r":"63","t":"14:09:17","h":"Nord","s":"25N-H56NV10A-80-A"},{"r":"63","t":"14:09:17","h":"Nord","s":"25N-H56NV20A-80-A"},{"r":"63","t":"14:09:17","h":"Nord","s":"25S-H56S000A-80-A"},{"r":"63","t":"14:09:17","h":"Nord","s":"25S-H56S100F-80-F1"},{"r":"63","t":"14:09:17","h":"Nord","s":"25S-H56S200F-81-F2"},{"r":"17","t":"14:10:38","h":"Nord","s":"25N-H60N000S-80-S"},{"r":"17","t":"14:10:38","h":"Nord","s":"25N-H60N000S-98-S"},{"r":"17","t":"14:10:38","h":"Nord","s":"25N-H60NV10S-98-S"},{"r":"17","t":"14:10:38","h":"Nord","s":"25N-H60NV20S-98-S"},{"r":"17","t":"14:10:38","h":"Nord","s":"25S-H60S000S-80-S"},{"r":"17","t":"14:11:38","h":"Nord","s":"25N-H60N000A-80-A"},{"r":"17","t":"14:11:38","h":"Nord","s":"25N-H60NV10A-80-A"},{"r":"17","t":"14:11:38","h":"Nord","s":"25N-H60NV20A-80-A"},{"r":"17","t":"14:11:38","h":"Nord","s":"25S-H60S000A-80-A"},{"r":"17","t":"14:26:24","h":"Nord","s":"25N-H60N000I-80-I"},{"r":"17","t":"14:26:24","h":"Nord","s":"25N-H60N100F-81-F1"},{"r":"17","t":"14:26:24","h":"Nord","s":"25N-H60N200F-81-F2"},{"r":"17","t":"14:26:24","h":"Nord","s":"25N-H60N300F-82-F3"},{"r":"17","t":"14:26:24","h":"Nord","s":"25N-H60N400F-81-F4"},{"r":"17","t":"14:26:24","h":"Nord","s":"25N-H60NV10I-80-I"},{"r":"17","t":"14:26:24","h":"Nord","s":"25N-H60NV20I-80-I"},{"r":"17","t":"14:26:24","h":"Nord","s":"25S-H60S000I-80-I"},{"r":"17","t":"14:26:24","h":"Nord","s":"25S-H60S100F-82-F1"},{"r":"17","t":"14:26:24","h":"Nord","s":"25S-H60S200F-81-F2"},{"r":"63","t":"14:30:36","h":"Nord","s":"25N-H56N000S-80-S"},{"r":"63","t":"14:30:36","h":"Nord","s":"25N-H56NV10S-80-S"},{"r":"63","t":"14:30:36","h":"Nord","s":"25N-H56NV20S-80-S"},{"r":"63","t":"14:30:36","h":"Nord","s":"25S-H56S000S-80-S"},{"r":"63","t":"14:40:17","h":"Nord","s":"25N-H56N000A-80-A"},{"r":"63","t":"14:40:17","h":"Nord","s":"25N-H56N100F-80-F1"},{"r":"63","t":"14:40:17","h":"Nord","s":"25N-H56N200F-80-F2"},{"r":"63","t":"14:40:17","h":"Nord","s":"25N-H56N300F-80-F3"},{"r":"63","t":"14:40:17","h":"Nord","s":"25N-H56N400F-80-F4"},{"r":"63","t":"14:40:17","h":"Nord","s":"25N-H56NV10A-80-A"},{"r":"63","t":"14:40:17","h":"Nord","s":"25N-H56NV20A-80-A"},{"r":"63","t":"14:40:17","h":"Nord","s":"25S-H56S000A-80-A"},{"r":"63","t":"14:40:17","h":"Nord","s":"25S-H56S100F-80-F1"},{"r":"63","t":"14:40:17","h":"Nord","s":"25S-H56S200F-81-F2"},{"r":"17","t":"14:42:38","h":"Nord","s":"25N-H60N000S-80-S"},{"r":"17","t":"14:42:38","h":"Nord","s":"25N-H60N000S-98-S"},{"r":"17","t":"14:42:38","h":"Nord","s":"25N-H60NV10S-98-S"},{"r":"17","t":"14:42:38","h":"Nord","s":"25N-H60NV20S-98-S"},{"r":"17","t":"14:42:38","h":"Nord","s":"25S-H60S000S-80-S"},{"r":"17","t":"14:52:38","h":"Nord","s":"25N-H60N000A-80-A"},{"r":"17","t":"14:52:38","h":"Nord","s":"25N-H60NV10A-80-A"},{"r":"17","t":"14:52:38","h":"Nord","s":"25N-H60NV20A-80-A"},{"r":"17","t":"14:52:38","h":"Nord","s":"25S-H60S000A-80-A"},{"r":"63","t":"15:05:36","h":"Nord","s":"25N-H56N000S-80-S"},{"r":"63","t":"15:05:36","h":"Nord","s":"25N-H56NV10S-80-S"},{"r":"63","t":"15:05:36","h":"Nord","s":"25N-H56NV20S-80-S"},{"r":"63","t":"15:05:36","h":"Nord","s":"25S-H56S000S-80-S"},{"r":"17","t":"15:06:24","h":"Nord","s":"25N-H60N000I-80-I"},{"r":"17","t":"15:06:24","h":"Nord","s":"25N-H60N100F-81-F1"},{"r":"17","t":"15:06:24","h":"Nord","s":"25N-H60N200F-81-F2"},{"r":"17","t":"15:06:24","h":"Nord","s":"25N-H60N300F-82-F3"},{"r":"17","t":"15:06:24","h":"Nord","s":"25N-H60N400F-81-F4"},{"r":"17","t":"15:06:24","h":"Nord","s":"25N-H60NV10I-80-I"},{"r":"17","t":"15:06:24","h":"Nord","s":"25N-H60NV20I-80-I"},{"r":"17","t":"15:06:24","h":"Nord","s":"25S-H60S000I-80-I"},{"r":"17","t":"15:06:24","h":"Nord","s":"25S-H60S100F-82-F1"},{"r":"17","t":"15:06:24","h":"Nord","s":"25S-H60S200F-81-F2"},{"r":"17","t":"15:09:38","h":"Nord","s":"25N-H60N000S-80-S"},{"r":"17","t":"15:09:38","h":"Nord","s":"25N-H60N000S-98-S"},{"r":"17","t":"15:09:38","h":"Nord","s":"25N-H60NV10S-98-S"},{"r":"17","t":"15:09:38","h":"Nord","s":"25N-H60NV20S-98-S"},{"r":"17","t":"15:09:38","h":"Nord","s":"25S-H60S000S-80-S"},{"r":"63","t":"15:11:17","h":"Nord","s":"25N-H56N000A-80-A"},{"r":"63","t":"15:11:17","h":"Nord","s":"25N-H56N100F-80-F1"},{"r":"63","t":"15:11:17","h":"Nord","s":"25N-H56N200F-80-F2"},{"r":"63","t":"15:11:17","h":"Nord","s":"25N-H56N300F-80-F3"},{"r":"63","t":"15:11:17","h":"Nord","s":"25N-H56N400F-80-F4"},{"r":"63","t":"15:11:17","h":"Nord","s":"25N-H56NV10A-80-A"},{"r":"63","t":"15:11:17","h":"Nord","s":"25N-H56NV20A-80-A"},{"r":"63","t":"15:11:17","h":"Nord","s":"25S-H56S000A-80-A"},{"r":"63","t":"15:11:17","h":"Nord","s":"25S-H56S100F-80-F1"},{"r":"63","t":"15:11:17","h":"Nord","s":"25S-H56S200F-81-F2"},{"r":"17","t":"15:33:38","h":"Nord","s":"25N-H60N000A-80-A"},{"r":"17","t":"15:33:38","h":"Nord","s":"25N-H60NV10A-80-A"},{"r":"17","t":"15:33:38","h":"Nord","s":"25N-H60NV20A-80-A"},{"r":"17","t":"15:33:38","h":"Nord","s":"25S-H60S000A-80-A"},{"r":"63","t":"15:39:36","h":"Nord","s":"25N-H56N000S-80-S"},{"r":"63","t":"15:39:36","h":"Nord","s":"25N-H56NV10S-80-S"},{"r":"63","t":"15:39:36","h":"Nord","s":"25N-H56NV20S-80-S"},{"r":"63","t":"15:39:36","h":"Nord","s":"25S-H56S000S-80-S"},{"r":"17","t":"15:40:52","h":"Nord","s":"25N-H60N000S-80-S"},{"r":"17","t":"15:40:52","h":"Nord","s":"25N-H60N000S-98-S"},{"r":"17","t":"15:40:52","h":"Nord","s":"25N-H60NV10S-98-S"},{"r":"17","t":"15:40:52","h":"Nord","s":"25N-H60NV20S-98-S"},{"r":"17","t":"15:40:52","h":"Nord","s":"25S-H60S000S-80-S"},{"r":"63","t":"15:42:17","h":"Nord","s":"25N-H56N000A-80-A"},{"r":"63","t":"15:42:17","h":"Nord","s":"25N-H56N100F-80-F1"},{"r":"63","t":"15:42:17","h":"Nord","s":"25N-H56N200F-80-F2"},{"r":"63","t":"15:42:17","h":"Nord","s":"25N-H56N300F-80-F3"},{"r":"63","t":"15:42:17","h":"Nord","s":"25N-H56N400F-80-F4"},{"r":"63","t":"15:42:17","h":"Nord","s":"25N-H56NV10A-80-A"},{"r":"63","t":"15:42:17","h":"Nord","s":"25N-H56NV20A-80-A"},{"r":"63","t":"15:42:17","h":"Nord","s":"25S-H56S000A-80-A"},{"r":"63","t":"15:42:17","h":"Nord","s":"25S-H56S100F-80-F1"},{"r":"63","t":"15:42:17","h":"Nord","s":"25S-H56S200F-81-F2"},{"r":"17","t":"15:46:24","h":"Nord","s":"25N-H60N000I-80-I"},{"r":"17","t":"15:46:24","h":"Nord","s":"25N-H60N100F-81-F1"},{"r":"17","t":"15:46:24","h":"Nord","s":"25N-H60N200F-81-F2"},{"r":"17","t":"15:46:24","h":"Nord","s":"25N-H60N300F-82-F3"},{"r":"17","t":"15:46:24","h":"Nord","s":"25N-H60N400F-81-F4"},{"r":"17","t":"15:46:24","h":"Nord","s":"25N-H60NV10I-80-I"},{"r":"17","t":"15:46:24","h":"Nord","s":"25N-H60NV20I-80-I"},{"r":"17","t":"15:46:24","h":"Nord","s":"25S-H60S000I-80-I"},{"r":"17","t":"15:46:24","h":"Nord","s":"25S-H60S100F-82-F1"},{"r":"17","t":"15:46:24","h":"Nord","s":"25S-H60S200F-81-F2"},{"r":"63","t":"16:12:17","h":"Nord","s":"25N-H56N000A-80-A"},{"r":"63","t":"16:12:17","h":"Nord","s":"25N-H56N100F-80-F1"},{"r":"63","t":"16:12:17","h":"Nord","s":"25N-H56N200F-80-F2"},{"r":"63","t":"16:12:17","h":"Nord","s":"25N-H56N300F-80-F3"},{"r":"63","t":"16:12:17","h":"Nord","s":"25N-H56N400F-80-F4"},{"r":"63","t":"16:12:17","h":"Nord","s":"25N-H56NV10A-80-A"},{"r":"63","t":"16:12:17","h":"Nord","s":"25N-H56NV20A-80-A"},{"r":"63","t":"16:12:17","h":"Nord","s":"25S-H56S000A-80-A"},{"r":"63","t":"16:12:17","h":"Nord","s":"25S-H56S100F-80-F1"},{"r":"63","t":"16:12:17","h":"Nord","s":"25S-H56S200F-81-F2"},{"r":"63","t":"16:13:36","h":"Nord","s":"25N-H56N000S-80-S"},{"r":"63","t":"16:13:36","h":"Nord","s":"25N-H56NV10S-80-S"},{"r":"63","t":"16:13:36","h":"Nord","s":"25N-H56NV20S-80-S"},{"r":"63","t":"16:13:36","h":"Nord","s":"25S-H56S000S-80-S"},{"r":"17","t":"16:13:52","h":"Nord","s":"25N-H60N000S-80-S"},{"r":"17","t":"16:13:52","h":"Nord","s":"25N-H60N000S-98-S"},{"r":"17","t":"16:13:52","h":"Nord","s":"25N-H60NV10S-98-S"},{"r":"17","t":"16:13:52","h":"Nord","s":"25N-H60NV20S-98-S"},{"r":"17","t":"16:13:52","h":"Nord","s":"25S-H60S000S-80-S"},{"r":"17","t":"16:14:24","h":"Nord","s":"25N-H60N000A-80-A"},{"r":"17","t":"16:14:24","h":"Nord","s":"25N-H60NV10A-80-A"},{"r":"17","t":"16:14:24","h":"Nord","s":"25N-H60NV20A-80-A"},{"r":"17","t":"16:14:24","h":"Nord","s":"25S-H60S000A-80-A"},{"r":"17","t":"16:27:24","h":"Nord","s":"25N-H60N000I-80-I"},{"r":"17","t":"16:27:24","h":"Nord","s":"25N-H60N100F-81-F1"},{"r":"17","t":"16:27:24","h":"Nord","s":"25N-H60N200F-81-F2"},{"r":"17","t":"16:27:24","h":"Nord","s":"25N-H60N300F-82-F3"},{"r":"17","t":"16:27:24","h":"Nord","s":"25N-H60N400F-81-F4"},{"r":"17","t":"16:27:24","h":"Nord","s":"25N-H60NV10I-80-I"},{"r":"17","t":"16:27:24","h":"Nord","s":"25N-H60NV20I-80-I"},{"r":"17","t":"16:27:24","h":"Nord","s":"25S-H60S000I-80-I"},{"r":"17","t":"16:27:24","h":"Nord","s":"25S-H60S100F-82-F1"},{"r":"17","t":"16:27:24","h":"Nord","s":"25S-H60S200F-81-F2"},{"r":"63","t":"16:41:17","h":"Nord","s":"25N-H56N000A-80-A"},{"r":"63","t":"16:41:17","h":"Nord","s":"25N-H56N100F-80-F1"},{"r":"63","t":"16:41:17","h":"Nord","s":"25N-H56N200F-80-F2"},{"r":"63","t":"16:41:17","h":"Nord","s":"25N-H56N300F-80-F3"},{"r":"63","t":"16:41:17","h":"Nord","s":"25N-H56N400F-80-F4"},{"r":"63","t":"16:41:17","h":"Nord","s":"25N-H56NV10A-80-A"},{"r":"63","t":"16:41:17","h":"Nord","s":"25N-H56NV20A-80-A"},{"r":"63","t":"16:41:17","h":"Nord","s":"25S-H56S000A-80-A"},{"r":"63","t":"16:41:17","h":"Nord","s":"25S-H56S100F-80-F1"},{"r":"63","t":"16:41:17","h":"Nord","s":"25S-H56S200F-81-F2"},{"r":"17","t":"16:46:52","h":"Nord","s":"25N-H60N000S-80-S"},{"r":"17","t":"16:46:52","h":"Nord","s":"25N-H60N000S-98-S"},{"r":"17","t":"16:46:52","h":"Nord","s":"25N-H60NV10S-98-S"},{"r":"17","t":"16:46:52","h":"Nord","s":"25N-H60NV20S-98-S"},{"r":"17","t":"16:46:52","h":"Nord","s":"25S-H60S000S-80-S"},{"r":"63","t":"16:47:36","h":"Nord","s":"25N-H56N000S-80-S"},{"r":"63","t":"16:47:36","h":"Nord","s":"25N-H56NV10S-80-S"},{"r":"63","t":"16:47:36","h":"Nord","s":"25N-H56NV20S-80-S"},{"r":"63","t":"16:47:36","h":"Nord","s":"25S-H56S000S-80-S"},{"r":"17","t":"16:54:24","h":"Nord","s":"25N-H60N000A-80-A"},{"r":"17","t":"16:54:24","h":"Nord","s":"25N-H60NV10A-80-A"},{"r":"17","t":"16:54:24","h":"Nord","s":"25N-H60NV20A-80-A"},{"r":"17","t":"16:54:24","h":"Nord","s":"25S-H60S000A-80-A"},{"r":"17","t":"17:09:24","h":"Nord","s":"25N-H60N000I-80-I"},{"r":"17","t":"17:09:24","h":"Nord","s":"25N-H60N100F-81-F1"},{"r":"17","t":"17:09:24","h":"Nord","s":"25N-H60N200F-81-F2"},{"r":"17","t":"17:09:24","h":"Nord","s":"25N-H60N300F-82-F3"},{"r":"17","t":"17:09:24","h":"Nord","s":"25N-H60N400F-81-F4"},{"r":"17","t":"17:09:24","h":"Nord","s":"25N-H60NV10I-80-I"},{"r":"17","t":"17:09:24","h":"Nord","s":"25N-H60NV20I-80-I"},{"r":"17","t":"17:09:24","h":"Nord","s":"25S-H60S000I-80-I"},{"r":"17","t":"17:09:24","h":"Nord","s":"25S-H60S100F-82-F1"},{"r":"17","t":"17:09:24","h":"Nord","s":"25S-H60S200F-81-F2"},{"r":"63","t":"17:10:17","h":"Nord","s":"25N-H56N000A-80-A"},{"r":"63","t":"17:10:17","h":"Nord","s":"25N-H56N100F-80-F1"},{"r":"63","t":"17:10:17","h":"Nord","s":"25N-H56N200F-80-F2"},{"r":"63","t":"17:10:17","h":"Nord","s":"25N-H56N300F-80-F3"},{"r":"63","t":"17:10:17","h":"Nord","s":"25N-H56N400F-80-F4"},{"r":"63","t":"17:10:17","h":"Nord","s":"25N-H56NV10A-80-A"},{"r":"63","t":"17:10:17","h":"Nord","s":"25N-H56NV20A-80-A"},{"r":"63","t":"17:10:17","h":"Nord","s":"25S-H56S000A-80-A"},{"r":"63","t":"17:10:17","h":"Nord","s":"25S-H56S100F-80-F1"},{"r":"63","t":"17:10:17","h":"Nord","s":"25S-H56S200F-81-F2"},{"r":"17","t":"17:15:52","h":"Nord","s":"25N-H60N000S-80-S"},{"r":"17","t":"17:15:52","h":"Nord","s":"25N-H60N000S-98-S"},{"r":"17","t":"17:15:52","h":"Nord","s":"25N-H60NV10S-98-S"},{"r":"17","t":"17:15:52","h":"Nord","s":"25N-H60NV20S-98-S"},{"r":"17","t":"17:15:52","h":"Nord","s":"25S-H60S000S-80-S"},{"r":"63","t":"17:20:36","h":"Nord","s":"25N-H56N000S-80-S"},{"r":"63","t":"17:20:36","h":"Nord","s":"25N-H56NV10S-80-S"},{"r":"63","t":"17:20:36","h":"Nord","s":"25N-H56NV20S-80-S"},{"r":"63","t":"17:20:36","h":"Nord","s":"25S-H56S000S-80-S"},{"r":"17","t":"17:33:24","h":"Nord","s":"25N-H60N000A-80-A"},{"r":"17","t":"17:33:24","h":"Nord","s":"25N-H60NV10A-80-A"},{"r":"17","t":"17:33:24","h":"Nord","s":"25N-H60NV20A-80-A"},{"r":"17","t":"17:33:24","h":"Nord","s":"25S-H60S000A-80-A"},{"r":"63","t":"17:38:17","h":"Nord","s":"25N-H56N000A-80-A"},{"r":"63","t":"17:38:17","h":"Nord","s":"25N-H56N100F-80-F1"},{"r":"63","t":"17:38:17","h":"Nord","s":"25N-H56N200F-80-F2"},{"r":"63","t":"17:38:17","h":"Nord","s":"25N-H56N300F-80-F3"},{"r":"63","t":"17:38:17","h":"Nord","s":"25N-H56N400F-80-F4"},{"r":"63","t":"17:38:17","h":"Nord","s":"25N-H56NV10A-80-A"},{"r":"63","t":"17:38:17","h":"Nord","s":"25N-H56NV20A-80-A"},{"r":"63","t":"17:38:17","h":"Nord","s":"25S-H56S000A-80-A"},{"r":"63","t":"17:38:17","h":"Nord","s":"25S-H56S100F-80-F1"},{"r":"63","t":"17:38:17","h":"Nord","s":"25S-H56S200F-81-F2"},{"r":"17","t":"17:48:24","h":"Nord","s":"25N-H60N000S-80-S"},{"r":"17","t":"17:48:24","h":"Nord","s":"25N-H60N000S-98-S"},{"r":"17","t":"17:48:24","h":"Nord","s":"25N-H60NV10S-98-S"},{"r":"17","t":"17:48:24","h":"Nord","s":"25N-H60NV20S-98-S"},{"r":"17","t":"17:48:24","h":"Nord","s":"25S-H60S000S-80-S"},{"r":"17","t":"17:51:24","h":"Nord","s":"25N-H60N000I-80-I"},{"r":"17","t":"17:51:24","h":"Nord","s":"25N-H60N100F-81-F1"},{"r":"17","t":"17:51:24","h":"Nord","s":"25N-H60N200F-81-F2"},{"r":"17","t":"17:51:24","h":"Nord","s":"25N-H60N300F-82-F3"},{"r":"17","t":"17:51:24","h":"Nord","s":"25N-H60N400F-81-F4"},{"r":"17","t":"17:51:24","h":"Nord","s":"25N-H60NV10I-80-I"},{"r":"17","t":"17:51:24","h":"Nord","s":"25N-H60NV20I-80-I"},{"r":"17","t":"17:51:24","h":"Nord","s":"25S-H60S000I-80-I"},{"r":"17","t":"17:51:24","h":"Nord","s":"25S-H60S100F-82-F1"},{"r":"17","t":"17:51:24","h":"Nord","s":"25S-H60S200F-81-F2"},{"r":"63","t":"17:53:36","h":"Nord","s":"25N-H56N000S-80-S"},{"r":"63","t":"17:53:36","h":"Nord","s":"25N-H56NV10S-80-S"},{"r":"63","t":"17:53:36","h":"Nord","s":"25N-H56NV20S-80-S"},{"r":"63","t":"17:53:36","h":"Nord","s":"25S-H56S000S-80-S"},{"r":"63","t":"18:04:17","h":"Nord","s":"25N-H56N000A-80-A"},{"r":"63","t":"18:04:17","h":"Nord","s":"25N-H56N100F-80-F1"},{"r":"63","t":"18:04:17","h":"Nord","s":"25N-H56N200F-80-F2"},{"r":"63","t":"18:04:17","h":"Nord","s":"25N-H56N300F-80-F3"},{"r":"63","t":"18:04:17","h":"Nord","s":"25N-H56N400F-80-F4"},{"r":"63","t":"18:04:17","h":"Nord","s":"25N-H56NV10A-80-A"},{"r":"63","t":"18:04:17","h":"Nord","s":"25N-H56NV20A-80-A"},{"r":"63","t":"18:04:17","h":"Nord","s":"25S-H56S000A-80-A"},{"r":"63","t":"18:04:17","h":"Nord","s":"25S-H56S100F-80-F1"},{"r":"63","t":"18:04:17","h":"Nord","s":"25S-H56S200F-81-F2"},{"r":"17","t":"18:11:24","h":"Nord","s":"25N-H60N000A-80-A"},{"r":"17","t":"18:11:24","h":"Nord","s":"25N-H60NV10A-80-A"},{"r":"17","t":"18:11:24","h":"Nord","s":"25N-H60NV20A-80-A"},{"r":"17","t":"18:11:24","h":"Nord","s":"25S-H60S000A-80-A"},{"r":"17","t":"18:20:24","h":"Nord","s":"25N-H60N000S-80-S"},{"r":"17","t":"18:20:24","h":"Nord","s":"25N-H60N000S-98-S"},{"r":"17","t":"18:20:24","h":"Nord","s":"25N-H60NV10S-98-S"},{"r":"17","t":"18:20:24","h":"Nord","s":"25N-H60NV20S-98-S"},{"r":"17","t":"18:20:24","h":"Nord","s":"25S-H60S000S-80-S"},{"r":"63","t":"18:26:36","h":"Nord","s":"25N-H56N000S-80-S"},{"r":"63","t":"18:26:36","h":"Nord","s":"25N-H56NV10S-80-S"},{"r":"63","t":"18:26:36","h":"Nord","s":"25N-H56NV20S-80-S"},{"r":"63","t":"18:26:36","h":"Nord","s":"25S-H56S000S-80-S"},{"r":"17","t":"18:31:10","h":"Nord","s":"25N-H60N000I-80-I"},{"r":"17","t":"18:31:10","h":"Nord","s":"25N-H60N100F-81-F1"},{"r":"17","t":"18:31:10","h":"Nord","s":"25N-H60N200F-81-F2"},{"r":"17","t":"18:31:10","h":"Nord","s":"25N-H60N300F-82-F3"},{"r":"17","t":"18:31:10","h":"Nord","s":"25N-H60N400F-81-F4"},{"r":"17","t":"18:31:10","h":"Nord","s":"25N-H60NV10I-80-I"},{"r":"17","t":"18:31:10","h":"Nord","s":"25N-H60NV20I-80-I"},{"r":"17","t":"18:31:10","h":"Nord","s":"25S-H60S000I-80-I"},{"r":"17","t":"18:31:10","h":"Nord","s":"25S-H60S100F-82-F1"},{"r":"17","t":"18:31:10","h":"Nord","s":"25S-H60S200F-81-F2"},{"r":"63","t":"18:32:17","h":"Nord","s":"25N-H56N000A-80-A"},{"r":"63","t":"18:32:17","h":"Nord","s":"25N-H56N100F-80-F1"},{"r":"63","t":"18:32:17","h":"Nord","s":"25N-H56N200F-80-F2"},{"r":"63","t":"18:32:17","h":"Nord","s":"25N-H56N300F-80-F3"},{"r":"63","t":"18:32:17","h":"Nord","s":"25N-H56N400F-80-F4"},{"r":"63","t":"18:32:17","h":"Nord","s":"25N-H56NV10A-80-A"},{"r":"63","t":"18:32:17","h":"Nord","s":"25N-H56NV20A-80-A"},{"r":"63","t":"18:32:17","h":"Nord","s":"25S-H56S000A-80-A"},{"r":"63","t":"18:32:17","h":"Nord","s":"25S-H56S100F-80-F1"},{"r":"63","t":"18:32:17","h":"Nord","s":"25S-H56S200F-81-F2"},{"r":"17","t":"18:49:24","h":"Nord","s":"25N-H60N000A-80-A"},{"r":"17","t":"18:49:24","h":"Nord","s":"25N-H60NV10A-80-A"},{"r":"17","t":"18:49:24","h":"Nord","s":"25N-H60NV20A-80-A"},{"r":"17","t":"18:49:24","h":"Nord","s":"25S-H60S000A-80-A"},{"r":"17","t":"18:50:24","h":"Nord","s":"25N-H60N000S-80-S"},{"r":"17","t":"18:50:24","h":"Nord","s":"25N-H60N000S-98-S"},{"r":"17","t":"18:50:24","h":"Nord","s":"25N-H60NV10S-98-S"},{"r":"17","t":"18:50:24","h":"Nord","s":"25N-H60NV20S-98-S"},{"r":"17","t":"18:50:24","h":"Nord","s":"25S-H60S000S-80-S"},{"r":"63","t":"18:57:17","h":"Nord","s":"25N-H56N000S-80-S"},{"r":"63","t":"18:57:17","h":"Nord","s":"25N-H56NV10S-80-S"},{"r":"63","t":"18:57:17","h":"Nord","s":"25N-H56NV20S-80-S"},{"r":"63","t":"18:57:17","h":"Nord","s":"25S-H56S000S-80-S"},{"r":"17","t":"19:15:10","h":"Nord","s":"25N-H60N000I-80-I"},{"r":"17","t":"19:15:10","h":"Nord","s":"25N-H60N100F-81-F1"},{"r":"17","t":"19:15:10","h":"Nord","s":"25N-H60N200F-81-F2"},{"r":"17","t":"19:15:10","h":"Nord","s":"25N-H60N300F-82-F3"},{"r":"17","t":"19:15:10","h":"Nord","s":"25N-H60N400F-81-F4"},{"r":"17","t":"19:15:10","h":"Nord","s":"25N-H60NV10I-80-I"},{"r":"17","t":"19:15:10","h":"Nord","s":"25N-H60NV20I-80-I"},{"r":"17","t":"19:15:10","h":"Nord","s":"25S-H60S000I-80-I"},{"r":"17","t":"19:15:10","h":"Nord","s":"25S-H60S100F-82-F1"},{"r":"17","t":"19:15:10","h":"Nord","s":"25S-H60S200F-81-F2"},{"r":"17","t":"19:16:24","h":"Nord","s":"25N-H60N000S-80-S"},{"r":"17","t":"19:16:24","h":"Nord","s":"25N-H60N000S-98-S"},{"r":"17","t":"19:16:24","h":"Nord","s":"25N-H60NV10S-98-S"},{"r":"17","t":"19:16:24","h":"Nord","s":"25N-H60NV20S-98-S"},{"r":"17","t":"19:16:24","h":"Nord","s":"25S-H60S000S-80-S"},{"r":"63","t":"19:26:17","h":"Nord","s":"25N-H56N000S-80-S"},{"r":"63","t":"19:26:17","h":"Nord","s":"25N-H56NV10S-80-S"},{"r":"63","t":"19:26:17","h":"Nord","s":"25N-H56NV20S-80-S"},{"r":"63","t":"19:26:17","h":"Nord","s":"25S-H56S000S-80-S"},{"r":"17","t":"19:27:24","h":"Nord","s":"25N-H60N000A-80-A"},{"r":"17","t":"19:27:24","h":"Nord","s":"25N-H60NV10A-80-A"},{"r":"17","t":"19:27:24","h":"Nord","s":"25N-H60NV20A-80-A"},{"r":"17","t":"19:27:24","h":"Nord","s":"25S-H60S000A-80-A"},{"r":"17","t":"19:46:10","h":"Nord","s":"25N-H60N000S-80-S"},{"r":"17","t":"19:46:10","h":"Nord","s":"25N-H60N000S-98-S"},{"r":"17","t":"19:46:10","h":"Nord","s":"25N-H60NV10S-98-S"},{"r":"17","t":"19:46:10","h":"Nord","s":"25N-H60NV20S-98-S"},{"r":"17","t":"19:46:10","h":"Nord","s":"25S-H60S000S-80-S"},{"r":"63","t":"19:54:17","h":"Nord","s":"25N-H56N000S-80-S"},{"r":"63","t":"19:54:17","h":"Nord","s":"25N-H56NV10S-80-S"},{"r":"63","t":"19:54:17","h":"Nord","s":"25N-H56NV20S-80-S"},{"r":"63","t":"19:54:17","h":"Nord","s":"25S-H56S000S-80-S"},{"r":"17","t":"19:58:56","h":"Nord","s":"25N-H60N000I-80-I"},{"r":"17","t":"19:58:56","h":"Nord","s":"25N-H60N100F-81-F1"},{"r":"17","t":"19:58:56","h":"Nord","s":"25N-H60N200F-81-F2"},{"r":"17","t":"19:58:56","h":"Nord","s":"25N-H60N300F-82-F3"},{"r":"17","t":"19:58:56","h":"Nord","s":"25N-H60N400F-81-F4"},{"r":"17","t":"19:58:56","h":"Nord","s":"25N-H60NV10I-80-I"},{"r":"17","t":"19:58:56","h":"Nord","s":"25N-H60NV20I-80-I"},{"r":"17","t":"19:58:56","h":"Nord","s":"25S-H60S000I-80-I"},{"r":"17","t":"19:58:56","h":"Nord","s":"25S-H60S100F-82-F1"},{"r":"17","t":"19:58:56","h":"Nord","s":"25S-H60S200F-81-F2"},{"r":"17","t":"20:03:10","h":"Nord","s":"25N-H60N000A-80-A"},{"r":"17","t":"20:03:10","h":"Nord","s":"25N-H60NV10A-80-A"},{"r":"17","t":"20:03:10","h":"Nord","s":"25N-H60NV20A-80-A"},{"r":"17","t":"20:03:10","h":"Nord","s":"25S-H60S000A-80-A"},{"r":"17","t":"20:17:10","h":"Nord","s":"25N-H60N000S-80-S"},{"r":"17","t":"20:17:10","h":"Nord","s":"25N-H60N000S-98-S"},{"r":"17","t":"20:17:10","h":"Nord","s":"25N-H60NV10S-98-S"},{"r":"17","t":"20:17:10","h":"Nord","s":"25N-H60NV20S-98-S"},{"r":"17","t":"20:17:10","h":"Nord","s":"25S-H60S000S-80-S"},{"r":"17","t":"20:36:10","h":"Nord","s":"25N-H60N000A-80-A"},{"r":"17","t":"20:36:10","h":"Nord","s":"25N-H60NV10A-80-A"},{"r":"17","t":"20:36:10","h":"Nord","s":"25N-H60NV20A-80-A"},{"r":"17","t":"20:36:10","h":"Nord","s":"25S-H60S000A-80-A"},{"r":"17","t":"20:42:56","h":"Nord","s":"25N-H60N000I-80-I"},{"r":"17","t":"20:42:56","h":"Nord","s":"25N-H60N100F-81-F1"},{"r":"17","t":"20:42:56","h":"Nord","s":"25N-H60N200F-81-F2"},{"r":"17","t":"20:42:56","h":"Nord","s":"25N-H60N300F-82-F3"},{"r":"17","t":"20:42:56","h":"Nord","s":"25N-H60N400F-81-F4"},{"r":"17","t":"20:42:56","h":"Nord","s":"25N-H60NV10I-80-I"},{"r":"17","t":"20:42:56","h":"Nord","s":"25N-H60NV20I-80-I"},{"r":"17","t":"20:42:56","h":"Nord","s":"25S-H60S000I-80-I"},{"r":"17","t":"20:42:56","h":"Nord","s":"25S-H60S100F-82-F1"},{"r":"17","t":"20:42:56","h":"Nord","s":"25S-H60S200F-81-F2"},{"r":"17","t":"20:47:10","h":"Nord","s":"25N-H60N000S-80-S"},{"r":"17","t":"20:47:10","h":"Nord","s":"25N-H60N000S-98-S"},{"r":"17","t":"20:47:10","h":"Nord","s":"25N-H60NV10S-98-S"},{"r":"17","t":"20:47:10","h":"Nord","s":"25N-H60NV20S-98-S"},{"r":"17","t":"20:47:10","h":"Nord","s":"25S-H60S000S-80-S"},{"r":"17","t":"21:18:10","h":"Nord","s":"25N-H60N000S-80-S"},{"r":"17","t":"21:18:10","h":"Nord","s":"25N-H60N000S-98-S"},{"r":"17","t":"21:18:10","h":"Nord","s":"25N-H60NV10S-98-S"},{"r":"17","t":"21:18:10","h":"Nord","s":"25N-H60NV20S-98-S"},{"r":"17","t":"21:18:10","h":"Nord","s":"25S-H60S000S-80-S"},{"r":"17","t":"21:21:10","h":"Nord","s":"25N-H60N000A-80-A"},{"r":"17","t":"21:21:10","h":"Nord","s":"25N-H60NV10A-80-A"},{"r":"17","t":"21:21:10","h":"Nord","s":"25N-H60NV20A-80-A"},{"r":"17","t":"21:21:10","h":"Nord","s":"25S-H60S000A-80-A"},{"r":"17","t":"21:24:56","h":"Nord","s":"25N-H60N000I-80-I"},{"r":"17","t":"21:24:56","h":"Nord","s":"25N-H60N100F-81-F1"},{"r":"17","t":"21:24:56","h":"Nord","s":"25N-H60N200F-81-F2"},{"r":"17","t":"21:24:56","h":"Nord","s":"25N-H60N300F-82-F3"},{"r":"17","t":"21:24:56","h":"Nord","s":"25N-H60N400F-81-F4"},{"r":"17","t":"21:24:56","h":"Nord","s":"25N-H60NV10I-80-I"},{"r":"17","t":"21:24:56","h":"Nord","s":"25N-H60NV20I-80-I"},{"r":"17","t":"21:24:56","h":"Nord","s":"25S-H60S000I-80-I"},{"r":"17","t":"21:24:56","h":"Nord","s":"25S-H60S100F-82-F1"},{"r":"17","t":"21:24:56","h":"Nord","s":"25S-H60S200F-81-F2"},{"r":"17","t":"21:48:10","h":"Nord","s":"25N-H60N000S-80-S"},{"r":"17","t":"21:48:10","h":"Nord","s":"25N-H60N000S-98-S"},{"r":"17","t":"21:48:10","h":"Nord","s":"25N-H60NV10S-98-S"},{"r":"17","t":"21:48:10","h":"Nord","s":"25N-H60NV20S-98-S"},{"r":"17","t":"21:48:10","h":"Nord","s":"25S-H60S000S-80-S"},{"r":"17","t":"22:02:10","h":"Nord","s":"25N-H60N000A-80-A"},{"r":"17","t":"22:02:10","h":"Nord","s":"25N-H60NV10A-80-A"},{"r":"17","t":"22:02:10","h":"Nord","s":"25N-H60NV20A-80-A"},{"r":"17","t":"22:02:10","h":"Nord","s":"25S-H60S000A-80-A"},{"r":"17","t":"22:07:56","h":"Nord","s":"25N-H60N000I-80-I"},{"r":"17","t":"22:07:56","h":"Nord","s":"25N-H60N100F-81-F1"},{"r":"17","t":"22:07:56","h":"Nord","s":"25N-H60N200F-81-F2"},{"r":"17","t":"22:07:56","h":"Nord","s":"25N-H60N300F-82-F3"},{"r":"17","t":"22:07:56","h":"Nord","s":"25N-H60N400F-81-F4"},{"r":"17","t":"22:07:56","h":"Nord","s":"25N-H60NV10I-80-I"},{"r":"17","t":"22:07:56","h":"Nord","s":"25N-H60NV20I-80-I"},{"r":"17","t":"22:07:56","h":"Nord","s":"25S-H60S000I-80-I"},{"r":"17","t":"22:07:56","h":"Nord","s":"25S-H60S100F-82-F1"},{"r":"17","t":"22:07:56","h":"Nord","s":"25S-H60S200F-81-F2"},{"r":"17","t":"22:18:10","h":"Nord","s":"25N-H60N000S-80-S"},{"r":"17","t":"22:18:10","h":"Nord","s":"25N-H60N000S-98-S"},{"r":"17","t":"22:18:10","h":"Nord","s":"25N-H60NV10S-98-S"},{"r":"17","t":"22:18:10","h":"Nord","s":"25N-H60NV20S-98-S"},{"r":"17","t":"22:18:10","h":"Nord","s":"25S-H60S000S-80-S"},{"r":"17","t":"22:46:56","h":"Nord","s":"25N-H60N000A-80-A"},{"r":"17","t":"22:46:56","h":"Nord","s":"25N-H60NV10A-80-A"},{"r":"17","t":"22:46:56","h":"Nord","s":"25N-H60NV20A-80-A"},{"r":"17","t":"22:46:56","h":"Nord","s":"25S-H60S000A-80-A"},{"r":"17","t":"22:49:56","h":"Nord","s":"25N-H60N000I-80-I"},{"r":"17","t":"22:49:56","h":"Nord","s":"25N-H60N100F-81-F1"},{"r":"17","t":"22:49:56","h":"Nord","s":"25N-H60N200F-81-F2"},{"r":"17","t":"22:49:56","h":"Nord","s":"25N-H60N300F-82-F3"},{"r":"17","t":"22:49:56","h":"Nord","s":"25N-H60N400F-81-F4"},{"r":"17","t":"22:49:56","h":"Nord","s":"25N-H60NV10I-80-I"},{"r":"17","t":"22:49:56","h":"Nord","s":"25N-H60NV20I-80-I"},{"r":"17","t":"22:49:56","h":"Nord","s":"25S-H60S000I-80-I"},{"r":"17","t":"22:49:56","h":"Nord","s":"25S-H60S100F-82-F1"},{"r":"17","t":"22:49:56","h":"Nord","s":"25S-H60S200F-81-F2"},{"r":"17","t":"22:50:10","h":"Nord","s":"25N-H60N000S-80-S"},{"r":"17","t":"22:50:10","h":"Nord","s":"25N-H60N000S-98-S"},{"r":"17","t":"22:50:10","h":"Nord","s":"25N-H60NV10S-98-S"},{"r":"17","t":"22:50:10","h":"Nord","s":"25N-H60NV20S-98-S"},{"r":"17","t":"22:50:10","h":"Nord","s":"25S-H60S000S-80-S"},{"r":"17","t":"23:27:56","h":"Nord","s":"25N-H60N000A-80-A"},{"r":"17","t":"23:27:56","h":"Nord","s":"25N-H60NV10A-80-A"},{"r":"17","t":"23:27:56","h":"Nord","s":"25N-H60NV20A-80-A"},{"r":"17","t":"23:27:56","h":"Nord","s":"25S-H60S000A-80-A"},{"r":"17","t":"23:28:56","h":"Nord","s":"25N-H60N000S-80-S"},{"r":"17","t":"23:28:56","h":"Nord","s":"25N-H60N000S-98-S"},{"r":"17","t":"23:28:56","h":"Nord","s":"25N-H60NV10S-98-S"},{"r":"17","t":"23:28:56","h":"Nord","s":"25N-H60NV20S-98-S"},{"r":"17","t":"23:28:56","h":"Nord","s":"25S-H60S000S-80-S"},{"r":"17","t":"23:31:56","h":"Nord","s":"25N-H60N000I-80-I"},{"r":"17","t":"23:31:56","h":"Nord","s":"25N-H60N100F-81-F1"},{"r":"17","t":"23:31:56","h":"Nord","s":"25N-H60N200F-81-F2"},{"r":"17","t":"23:31:56","h":"Nord","s":"25N-H60N300F-82-F3"},{"r":"17","t":"23:31:56","h":"Nord","s":"25N-H60N400F-81-F4"},{"r":"17","t":"23:31:56","h":"Nord","s":"25N-H60NV10I-80-I"},{"r":"17","t":"23:31:56","h":"Nord","s":"25N-H60NV20I-80-I"},{"r":"17","t":"23:31:56","h":"Nord","s":"25S-H60S000I-80-I"},{"r":"17","t":"23:31:56","h":"Nord","s":"25S-H60S100F-82-F1"},{"r":"17","t":"23:31:56","h":"Nord","s":"25S-H60S200F-81-F2"},{"r":"17","t":"24:09:56","h":"Nord","s":"25N-H60N000A-80-A"},{"r":"17","t":"24:09:56","h":"Nord","s":"25N-H60NV10A-80-A"},{"r":"17","t":"24:09:56","h":"Nord","s":"25N-H60NV20A-80-A"},{"r":"17","t":"24:09:56","h":"Nord","s":"25S-H60S000A-80-A"},{"r":"17","t":"24:12:56","h":"Nord","s":"25N-H60N000S-80-S"},{"r":"17","t":"24:12:56","h":"Nord","s":"25N-H60N000S-98-S"},{"r":"17","t":"24:12:56","h":"Nord","s":"25N-H60NV10S-98-S"},{"r":"17","t":"24:12:56","h":"Nord","s":"25N-H60NV20S-98-S"},{"r":"17","t":"24:12:56","h":"Nord","s":"25S-H60S000S-80-S"},{"r":"17","t":"24:13:56","h":"Nord","s":"25N-H60N000I-80-I"},{"r":"17","t":"24:13:56","h":"Nord","s":"25N-H60N100F-81-F1"},{"r":"17","t":"24:13:56","h":"Nord","s":"25N-H60N200F-81-F2"},{"r":"17","t":"24:13:56","h":"Nord","s":"25N-H60N300F-82-F3"},{"r":"17","t":"24:13:56","h":"Nord","s":"25N-H60N400F-81-F4"},{"r":"17","t":"24:13:56","h":"Nord","s":"25N-H60NV10I-80-I"},{"r":"17","t":"24:13:56","h":"Nord","s":"25N-H60NV20I-80-I"},{"r":"17","t":"24:13:56","h":"Nord","s":"25S-H60S000I-80-I"},{"r":"17","t":"24:13:56","h":"Nord","s":"25S-H60S100F-82-F1"},{"r":"17","t":"24:13:56","h":"Nord","s":"25S-H60S200F-81-F2"},{"r":"17","t":"24:48:56","h":"Nord","s":"25N-H60N000S-80-S"},{"r":"17","t":"24:48:56","h":"Nord","s":"25N-H60N000S-98-S"},{"r":"17","t":"24:48:56","h":"Nord","s":"25N-H60NV10S-98-S"},{"r":"17","t":"24:48:56","h":"Nord","s":"25N-H60NV20S-98-S"},{"r":"17","t":"24:48:56","h":"Nord","s":"25S-H60S000S-80-S"},{"r":"17","t":"24:50:56","h":"Nord","s":"25N-H60N000A-80-A"},{"r":"17","t":"24:50:56","h":"Nord","s":"25N-H60NV10A-80-A"},{"r":"17","t":"24:50:56","h":"Nord","s":"25N-H60NV20A-80-A"},{"r":"17","t":"24:50:56","h":"Nord","s":"25S-H60S000A-80-A"},{"r":"17","t":"24:55:56","h":"Nord","s":"25N-H60N000I-80-I"},{"r":"17","t":"24:55:56","h":"Nord","s":"25N-H60N100F-81-F1"},{"r":"17","t":"24:55:56","h":"Nord","s":"25N-H60N200F-81-F2"},{"r":"17","t":"24:55:56","h":"Nord","s":"25N-H60N300F-82-F3"},{"r":"17","t":"24:55:56","h":"Nord","s":"25N-H60N400F-81-F4"},{"r":"17","t":"24:55:56","h":"Nord","s":"25N-H60NV10I-80-I"},{"r":"17","t":"24:55:56","h":"Nord","s":"25N-H60NV20I-80-I"},{"r":"17","t":"24:55:56","h":"Nord","s":"25S-H60S000I-80-I"},{"r":"17","t":"24:55:56","h":"Nord","s":"25S-H60S100F-82-F1"},{"r":"17","t":"24:55:56","h":"Nord","s":"25S-H60S200F-81-F2"},{"r":"371","t":"25:45:56","h":"Nord","s":"25N-H50N000S-80-S"},{"r":"371","t":"25:45:56","h":"Nord","s":"25N-H50N000S-90-S"},{"r":"371","t":"25:45:56","h":"Nord","s":"25N-H50NV10S-90-S"},{"r":"371","t":"25:45:56","h":"Nord","s":"25N-H50NV20S-90-S"},{"r":"371","t":"25:45:56","h":"Nord","s":"25S-H50S000S-81-S"},{"r":"371","t":"25:46:56","h":"Nord","s":"25N-H50N000I-80-I"},{"r":"371","t":"25:46:56","h":"Nord","s":"25N-H50N000I-90-I"},{"r":"371","t":"25:46:56","h":"Nord","s":"25N-H50N100F-90-F1"},{"r":"371","t":"25:46:56","h":"Nord","s":"25N-H50N200F-90-F2"},{"r":"371","t":"25:46:56","h":"Nord","s":"25N-H50N300F-90-F3"},{"r":"371","t":"25:46:56","h":"Nord","s":"25N-H50N400F-90-F4"},{"r":"371","t":"25:46:56","h":"Nord","s":"25N-H50NV10I-90-I"},{"r":"371","t":"25:46:56","h":"Nord","s":"25N-H50NV20I-90-I"},{"r":"371","t":"25:46:56","h":"Nord","s":"25S-H50S000I-81-I"},{"r":"371","t":"25:46:56","h":"Nord","s":"25S-H50S100F-80-F1"},{"r":"371","t":"25:46:56","h":"Nord","s":"25S-H50S200F-80-F2"},{"r":"371","t":"25:47:10","h":"Nord","s":"25N-H50N000A-80-A"},{"r":"371","t":"25:47:10","h":"Nord","s":"25N-H50N000A-90-A"},{"r":"371","t":"25:47:10","h":"Nord","s":"25N-H50NV10A-90-A"},{"r":"371","t":"25:47:10","h":"Nord","s":"25N-H50NV20A-90-A"},{"r":"371","t":"25:47:10","h":"Nord","s":"25S-H50S000A-81-A"},{"r":"371","t":"26:15:56","h":"Nord","s":"25N-H50N000I-80-I"},{"r":"371","t":"26:15:56","h":"Nord","s":"25N-H50N000I-90-I"},{"r":"371","t":"26:15:56","h":"Nord","s":"25N-H50N000S-80-S"},{"r":"371","t":"26:15:56","h":"Nord","s":"25N-H50N000S-90-S"},{"r":"371","t":"26:15:56","h":"Nord","s":"25N-H50N100F-90-F1"},{"r":"371","t":"26:15:56","h":"Nord","s":"25N-H50N200F-90-F2"},{"r":"371","t":"26:15:56","h":"Nord","s":"25N-H50N300F-90-F3"},{"r":"371","t":"26:15:56","h":"Nord","s":"25N-H50N400F-90-F4"},{"r":"371","t":"26:15:56","h":"Nord","s":"25N-H50NV10I-90-I"},{"r":"371","t":"26:15:56","h":"Nord","s":"25N-H50NV10S-90-S"},{"r":"371","t":"26:15:56","h":"Nord","s":"25N-H50NV20I-90-I"},{"r":"371","t":"26:15:56","h":"Nord","s":"25N-H50NV20S-90-S"},{"r":"371","t":"26:15:56","h":"Nord","s":"25S-H50S000I-81-I"},{"r":"371","t":"26:15:56","h":"Nord","s":"25S-H50S000S-81-S"},{"r":"371","t":"26:15:56","h":"Nord","s":"25S-H50S100F-80-F1"},{"r":"371","t":"26:15:56","h":"Nord","s":"25S-H50S200F-80-F2"},{"r":"371","t":"26:18:10","h":"Nord","s":"25N-H50N000A-80-A"},{"r":"371","t":"26:18:10","h":"Nord","s":"25N-H50N000A-90-A"},{"r":"371","t":"26:18:10","h":"Nord","s":"25N-H50NV10A-90-A"},{"r":"371","t":"26:18:10","h":"Nord","s":"25N-H50NV20A-90-A"},{"r":"371","t":"26:18:10","h":"Nord","s":"25S-H50S000A-81-A"},{"r":"371","t":"26:45:10","h":"Nord","s":"25N-H50N000A-80-A"},{"r":"371","t":"26:45:10","h":"Nord","s":"25N-H50N000A-90-A"},{"r":"371","t":"26:45:10","h":"Nord","s":"25N-H50NV10A-90-A"},{"r":"371","t":"26:45:10","h":"Nord","s":"25N-H50NV20A-90-A"},{"r":"371","t":"26:45:10","h":"Nord","s":"25S-H50S000A-81-A"},{"r":"371","t":"26:45:56","h":"Nord","s":"25N-H50N000S-80-S"},{"r":"371","t":"26:45:56","h":"Nord","s":"25N-H50N000S-90-S"},{"r":"371","t":"26:45:56","h":"Nord","s":"25N-H50NV10S-90-S"},{"r":"371","t":"26:45:56","h":"Nord","s":"25N-H50NV20S-90-S"},{"r":"371","t":"26:45:56","h":"Nord","s":"25S-H50S000S-81-S"},{"r":"371","t":"26:46:10","h":"Nord","s":"25N-H50N000I-80-I"},{"r":"371","t":"26:46:10","h":"Nord","s":"25N-H50N000I-90-I"},{"r":"371","t":"26:46:10","h":"Nord","s":"25N-H50N100F-90-F1"},{"r":"371","t":"26:46:10","h":"Nord","s":"25N-H50N200F-90-F2"},{"r":"371","t":"26:46:10","h":"Nord","s":"25N-H50N300F-90-F3"},{"r":"371","t":"26:46:10","h":"Nord","s":"25N-H50N400F-90-F4"},{"r":"371","t":"26:46:10","h":"Nord","s":"25N-H50NV10I-90-I"},{"r":"371","t":"26:46:10","h":"Nord","s":"25N-H50NV20I-90-I"},{"r":"371","t":"26:46:10","h":"Nord","s":"25S-H50S000I-81-I"},{"r":"371","t":"26:46:10","h":"Nord","s":"25S-H50S100F-80-F1"},{"r":"371","t":"26:46:10","h":"Nord","s":"25S-H50S200F-80-F2"},{"r":"371","t":"27:13:56","h":"Nord","s":"25N-H50N000S-80-S"},{"r":"371","t":"27:13:56","h":"Nord","s":"25N-H50N000S-90-S"},{"r":"371","t":"27:13:56","h":"Nord","s":"25N-H50NV10S-90-S"},{"r":"371","t":"27:13:56","h":"Nord","s":"25N-H50NV20S-90-S"},{"r":"371","t":"27:13:56","h":"Nord","s":"25S-H50S000S-81-S"},{"r":"371","t":"27:16:10","h":"Nord","s":"25N-H50N000A-80-A"},{"r":"371","t":"27:16:10","h":"Nord","s":"25N-H50N000A-90-A"},{"r":"371","t":"27:16:10","h":"Nord","s":"25N-H50N000I-80-I"},{"r":"371","t":"27:16:10","h":"Nord","s":"25N-H50N000I-90-I"},{"r":"371","t":"27:16:10","h":"Nord","s":"25N-H50N100F-90-F1"},{"r":"371","t":"27:16:10","h":"Nord","s":"25N-H50N200F-90-F2"},{"r":"371","t":"27:16:10","h":"Nord","s":"25N-H50N300F-90-F3"},{"r":"371","t":"27:16:10","h":"Nord","s":"25N-H50N400F-90-F4"},{"r":"371","t":"27:16:10","h":"Nord","s":"25N-H50NV10A-90-A"},{"r":"371","t":"27:16:10","h":"Nord","s":"25N-H50NV10I-90-I"},{"r":"371","t":"27:16:10","h":"Nord","s":"25N-H50NV20A-90-A"},{"r":"371","t":"27:16:10","h":"Nord","s":"25N-H50NV20I-90-I"},{"r":"371","t":"27:16:10","h":"Nord","s":"25S-H50S000A-81-A"},{"r":"371","t":"27:16:10","h":"Nord","s":"25S-H50S000I-81-I"},{"r":"371","t":"27:16:10","h":"Nord","s":"25S-H50S100F-80-F1"},{"r":"371","t":"27:16:10","h":"Nord","s":"25S-H50S200F-80-F2"},{"r":"371","t":"27:44:56","h":"Nord","s":"25N-H50N000S-80-S"},{"r":"371","t":"27:44:56","h":"Nord","s":"25N-H50N000S-90-S"},{"r":"371","t":"27:44:56","h":"Nord","s":"25N-H50NV10S-90-S"},{"r":"371","t":"27:44:56","h":"Nord","s":"25N-H50NV20S-90-S"},{"r":"371","t":"27:44:56","h":"Nord","s":"25S-H50S000S-81-S"},{"r":"371","t":"27:46:10","h":"Nord","s":"25N-H50N000A-80-A"},{"r":"371","t":"27:46:10","h":"Nord","s":"25N-H50N000A-90-A"},{"r":"371","t":"27:46:10","h":"Nord","s":"25N-H50N000I-80-I"},{"r":"371","t":"27:46:10","h":"Nord","s":"25N-H50N000I-90-I"},{"r":"371","t":"27:46:10","h":"Nord","s":"25N-H50N100F-90-F1"},{"r":"371","t":"27:46:10","h":"Nord","s":"25N-H50N200F-90-F2"},{"r":"371","t":"27:46:10","h":"Nord","s":"25N-H50N300F-90-F3"},{"r":"371","t":"27:46:10","h":"Nord","s":"25N-H50N400F-90-F4"},{"r":"371","t":"27:46:10","h":"Nord","s":"25N-H50NV10A-90-A"},{"r":"371","t":"27:46:10","h":"Nord","s":"25N-H50NV10I-90-I"},{"r":"371","t":"27:46:10","h":"Nord","s":"25N-H50NV20A-90-A"},{"r":"371","t":"27:46:10","h":"Nord","s":"25N-H50NV20I-90-I"},{"r":"371","t":"27:46:10","h":"Nord","s":"25S-H50S000A-81-A"},{"r":"371","t":"27:46:10","h":"Nord","s":"25S-H50S000I-81-I"},{"r":"371","t":"27:46:10","h":"Nord","s":"25S-H50S100F-80-F1"},{"r":"371","t":"27:46:10","h":"Nord","s":"25S-H50S200F-80-F2"},{"r":"371","t":"28:16:10","h":"Nord","s":"25N-H50N000A-80-A"},{"r":"371","t":"28:16:10","h":"Nord","s":"25N-H50N000A-90-A"},{"r":"371","t":"28:16:10","h":"Nord","s":"25N-H50N000I-80-I"},{"r":"371","t":"28:16:10","h":"Nord","s":"25N-H50N000I-90-I"},{"r":"371","t":"28:16:10","h":"Nord","s":"25N-H50N000S-80-S"},{"r":"371","t":"28:16:10","h":"Nord","s":"25N-H50N000S-90-S"},{"r":"371","t":"28:16:10","h":"Nord","s":"25N-H50N100F-90-F1"},{"r":"371","t":"28:16:10","h":"Nord","s":"25N-H50N200F-90-F2"},{"r":"371","t":"28:16:10","h":"Nord","s":"25N-H50N300F-90-F3"},{"r":"371","t":"28:16:10","h":"Nord","s":"25N-H50N400F-90-F4"},{"r":"371","t":"28:16:10","h":"Nord","s":"25N-H50NV10A-90-A"},{"r":"371","t":"28:16:10","h":"Nord","s":"25N-H50NV10I-90-I"},{"r":"371","t":"28:16:10","h":"Nord","s":"25N-H50NV10S-90-S"},{"r":"371","t":"28:16:10","h":"Nord","s":"25N-H50NV20A-90-A"},{"r":"371","t":"28:16:10","h":"Nord","s":"25N-H50NV20I-90-I"},{"r":"371","t":"28:16:10","h":"Nord","s":"25N-H50NV20S-90-S"},{"r":"371","t":"28:16:10","h":"Nord","s":"25S-H50S000A-81-A"},{"r":"371","t":"28:16:10","h":"Nord","s":"25S-H50S000I-81-I"},{"r":"371","t":"28:16:10","h":"Nord","s":"25S-H50S000S-81-S"},{"r":"371","t":"28:16:10","h":"Nord","s":"25S-H50S100F-80-F1"},{"r":"371","t":"28:16:10","h":"Nord","s":"25S-H50S200F-80-F2"},{"r":"371","t":"28:45:10","h":"Nord","s":"25N-H50N000A-80-A"},{"r":"371","t":"28:45:10","h":"Nord","s":"25N-H50N000A-90-A"},{"r":"371","t":"28:45:10","h":"Nord","s":"25N-H50NV10A-90-A"},{"r":"371","t":"28:45:10","h":"Nord","s":"25N-H50NV20A-90-A"},{"r":"371","t":"28:45:10","h":"Nord","s":"25S-H50S000A-81-A"},{"r":"371","t":"28:46:10","h":"Nord","s":"25N-H50N000S-80-S"},{"r":"371","t":"28:46:10","h":"Nord","s":"25N-H50N000S-90-S"},{"r":"371","t":"28:46:10","h":"Nord","s":"25N-H50NV10S-90-S"},{"r":"371","t":"28:46:10","h":"Nord","s":"25N-H50NV20S-90-S"},{"r":"371","t":"28:46:10","h":"Nord","s":"25S-H50S000S-81-S"},{"r":"371","t":"28:47:10","h":"Nord","s":"25N-H50N000I-80-I"},{"r":"371","t":"28:47:10","h":"Nord","s":"25N-H50N000I-90-I"},{"r":"371","t":"28:47:10","h":"Nord","s":"25N-H50N100F-90-F1"},{"r":"371","t":"28:47:10","h":"Nord","s":"25N-H50N200F-90-F2"},{"r":"371","t":"28:47:10","h":"Nord","s":"25N-H50N300F-90-F3"},{"r":"371","t":"28:47:10","h":"Nord","s":"25N-H50N400F-90-F4"},{"r":"371","t":"28:47:10","h":"Nord","s":"25N-H50NV10I-90-I"},{"r":"371","t":"28:47:10","h":"Nord","s":"25N-H50NV20I-90-I"},{"r":"371","t":"28:47:10","h":"Nord","s":"25S-H50S000I-81-I"},{"r":"371","t":"28:47:10","h":"Nord","s":"25S-H50S100F-80-F1"},{"r":"371","t":"28:47:10","h":"Nord","s":"25S-H50S200F-80-F2"}]