[{"r":"95","t":"05:36:29","h":"Est","s":"25N-H55N000I-80-I"},{"r":"95","t":"05:36:29","h":"Est","s":"25N-H55N100F-80-F1"},{"r":"95","t":"05:36:29","h":"Est","s":"25N-H55N200F-80-F2"},{"r":"95","t":"05:36:29","h":"Est","s":"25N-H55N300F-80-F3"},{"r":"95","t":"05:36:29","h":"Est","s":"25N-H55N400F-80-F4"},{"r":"95","t":"05:36:29","h":"Est","s":"25N-H55NV10I-80-I"},{"r":"95","t":"05:36:29","h":"Est","s":"25N-H55NV20I-80-I"},{"r":"95","t":"05:36:29","h":"Est","s":"25S-H55S000I-80-I"},{"r":"95","t":"05:36:29","h":"Est","s":"25S-H55S100F-80-F1"},{"r":"95","t":"05:36:29","h":"Est","s":"25S-H55S200F-80-F2"},{"r":"95","t":"05:37:29","h":"Est","s":"25N-H55N000A-80-A"},{"r":"95","t":"05:37:29","h":"Est","s":"25N-H55NV10A-80-A"},{"r":"95","t":"05:37:29","h":"Est","s":"25N-H55NV20A-80-A"},{"r":"95","t":"05:37:29","h":"Est","s":"25S-H55S000A-80-A"},{"r":"95","t":"05:45:21","h":"Est","s":"25N-H55N000S-80-S"},{"r":"95","t":"05:45:21","h":"Est","s":"25N-H55N000S-82-S"},{"r":"95","t":"05:45:21","h":"Est","s":"25N-H55NV10S-85-S"},{"r":"95","t":"05:45:21","h":"Est","s":"25N-H55NV20S-81-S"},{"r":"95","t":"05:45:21","h":"Est","s":"25S-H55S000S-82-S"},{"r":"95","t":"06:04:29","h":"Est","s":"25N-H55N000I-80-I"},{"r":"95","t":"06:04:29","h":"Est","s":"25N-H55N100F-80-F1"},{"r":"95","t":"06:04:29","h":"Est","s":"25N-H55N200F-80-F2"},{"r":"95","t":"06:04:29","h":"Est","s":"25N-H55N300F-80-F3"},{"r":"95","t":"06:04:29","h":"Est","s":"25N-H55N400F-80-F4"},{"r":"95","t":"06:04:29","h":"Est","s":"25N-H55NV10I-80-I"},{"r":"95","t":"06:04:29","h":"Est","s":"25N-H55NV20I-80-I"},{"r":"95","t":"06:04:29","h":"Est","s":"25S-H55S000I-80-I"},{"r":"95","t":"06:04:29","h":"Est","s":"25S-H55S100F-80-F1"},{"r":"95","t":"06:04:29","h":"Est","s":"25S-H55S200F-80-F2"},{"r":"95","t":"06:09:21","h":"Est","s":"25N-H55N000S-80-S"},{"r":"95","t":"06:09:21","h":"Est","s":"25N-H55N000S-82-S"},{"r":"95","t":"06:09:21","h":"Est","s":"25N-H55NV10S-85-S"},{"r":"95","t":"06:09:21","h":"Est","s":"25N-H55NV20S-81-S"},{"r":"95","t":"06:09:21","h":"Est","s":"25S-H55S000S-82-S"},{"r":"95","t":"06:11:29","h":"Est","s":"25N-H55N000A-80-A"},{"r":"95","t":"06:11:29","h":"Est","s":"25N-H55NV10A-80-A"},{"r":"95","t":"06:11:29","h":"Est","s":"25N-H55NV20A-80-A"},{"r":"95","t":"06:11:29","h":"Est","s":"25S-H55S000A-80-A"},{"r":"95","t":"06:37:21","h":"Est","s":"25N-H55N000S-80-S"},{"r":"95","t":"06:37:21","h":"Est","s":"25N-H55N000S-82-S"},{"r":"95","t":"06:37:21","h":"Est","s":"25N-H55NV10S-85-S"},{"r":"95","t":"06:37:21","h":"Est","s":"25N-H55NV20S-81-S"},{"r":"95","t":"06:37:21","h":"Est","s":"25S-H55S000S-82-S"},{"r":"95","t":"06:39:29","h":"Est","s":"25N-H55N000A-80-A"},{"r":"95","t":"06:39:29","h":"Est","s":"25N-H55N000I-80-I"},{"r":"95","t":"06:39:29","h":"Est","s":"25N-H55N100F-80-F1"},{"r":"95","t":"06:39:29","h":"Est","s":"25N-H55N200F-80-F2"},{"r":"95","t":"06:39:29","h":"Est","s":"25N-H55N300F-80-F3"},{"r":"95","t":"06:39:29","h":"Est","s":"25N-H55N400F-80-F4"},{"r":"95","t":"06:39:29","h":"Est","s":"25N-H55NV10A-80-A"},{"r":"95","t":"06:39:29","h":"Est","s":"25N-H55NV10I-80-I"},{"r":"95","t":"06:39:29","h":"Est","s":"25N-H55NV20A-80-A"},{"r":"95","t":"06:39:29","h":"Est","s":"25N-H55NV20I-80-I"},{"r":"95","t":"06:39:29","h":"Est","s":"25S-H55S000A-80-A"},{"r":"95","t":"06:39:29","h":"Est","s":"25S-H55S000I-80-I"},{"r":"95","t":"06:39:29","h":"Est","s":"25S-H55S100F-80-F1"},{"r":"95","t":"06:39:29","h":"Est","s":"25S-H55S200F-80-F2"},{"r":"95","t":"07:07:29","h":"Est","s":"25N-H55N000A-80-A"},{"r":"95","t":"07:07:29","h":"Est","s":"25N-H55NV10A-80-A"},{"r":"95","t":"07:07:29","h":"Est","s":"25N-H55NV20A-80-A"},{"r":"95","t":"07:07:29","h":"Est","s":"25S-H55S000A-80-A"},{"r":"95","t":"07:09:29","h":"Est","s":"25N-H55N000I-80-I"},{"r":"95","t":"07:09:29","h":"Est","s":"25N-H55N100F-80-F1"},{"r":"95","t":"07:09:29","h":"Est","s":"25N-H55N200F-80-F2"},{"r":"95","t":"07:09:29","h":"Est","s":"25N-H55N300F-80-F3"},{"r":"95","t":"07:09:29","h":"Est","s":"25N-H55N400F-80-F4"},{"r":"95","t":"07:09:29","h":"Est","s":"25N-H55NV10I-80-I"},{"r":"95","t":"07:09:29","h":"Est","s":"25N-H55NV20I-80-I"},{"r":"95","t":"07:09:29","h":"Est","s":"25S-H55S000I-80-I"},{"r":"95","t":"07:09:29","h":"Est","s":"25S-H55S100F-80-F1"},{"r":"95","t":"07:09:29","h":"Est","s":"25S-H55S200F-80-F2"},{"r":"95","t":"07:10:14","h":"Est","s":"25N-H55N000S-80-S"},{"r":"95","t":"07:10:14","h":"Est","s":"25N-H55N000S-82-S"},{"r":"95","t":"07:10:14","h":"Est","s":"25N-H55NV10S-85-S"},{"r":"95","t":"07:10:14","h":"Est","s":"25N-H55NV20S-81-S"},{"r":"95","t":"07:10:14","h":"Est","s":"25S-H55S000S-82-S"},{"r":"95","t":"07:35:29","h":"Est","s":"25N-H55N000A-80-A"},{"r":"95","t":"07:35:29","h":"Est","s":"25N-H55NV10A-80-A"},{"r":"95","t":"07:35:29","h":"Est","s":"25N-H55NV20A-80-A"},{"r":"95","t":"07:35:29","h":"Est","s":"25S-H55S000A-80-A"},{"r":"95","t":"07:39:29","h":"Est","s":"25N-H55N000I-80-I"},{"r":"95","t":"07:39:29","h":"Est","s":"25N-H55N100F-80-F1"},{"r":"95","t":"07:39:29","h":"Est","s":"25N-H55N200F-80-F2"},{"r":"95","t":"07:39:29","h":"Est","s":"25N-H55N300F-80-F3"},{"r":"95","t":"07:39:29","h":"Est","s":"25N-H55N400F-80-F4"},{"r":"95","t":"07:39:29","h":"Est","s":"25N-H55NV10I-80-I"},{"r":"95","t":"07:39:29","h":"Est","s":"25N-H55NV20I-80-I"},{"r":"95","t":"07:39:29","h":"Est","s":"25S-H55S000I-80-I"},{"r":"95","t":"07:39:29","h":"Est","s":"25S-H55S100F-80-F1"},{"r":"95","t":"07:39:29","h":"Est","s":"25S-H55S200F-80-F2"},{"r":"95","t":"07:42:14","h":"Est","s":"25N-H55N000S-80-S"},{"r":"95","t":"07:42:14","h":"Est","s":"25N-H55N000S-82-S"},{"r":"95","t":"07:42:14","h":"Est","s":"25N-H55NV10S-85-S"},{"r":"95","t":"07:42:14","h":"Est","s":"25N-H55NV20S-81-S"},{"r":"95","t":"07:42:14","h":"Est","s":"25S-H55S000S-82-S"},{"r":"95","t":"08:04:29","h":"Est","s":"25N-H55N000A-80-A"},{"r":"95","t":"08:04:29","h":"Est","s":"25N-H55NV10A-80-A"},{"r":"95","t":"08:04:29","h":"Est","s":"25N-H55NV20A-80-A"},{"r":"95","t":"08:04:29","h":"Est","s":"25S-H55S000A-80-A"},{"r":"95","t":"08:09:29","h":"Est","s":"25N-H55N000I-80-I"},{"r":"95","t":"08:09:29","h":"Est","s":"25N-H55N100F-80-F1"},{"r":"95","t":"08:09:29","h":"Est","s":"25N-H55N200F-80-F2"},{"r":"95","t":"08:09:29","h":"Est","s":"25N-H55N300F-80-F3"},{"r":"95","t":"08:09:29","h":"Est","s":"25N-H55N400F-80-F4"},{"r":"95","t":"08:09:29","h":"Est","s":"25N-H55NV10I-80-I"},{"r":"95","t":"08:09:29","h":"Est","s":"25N-H55NV20I-80-I"},{"r":"95","t":"08:09:29","h":"Est","s":"25S-H55S000I-80-I"},{"r":"95","t":"08:09:29","h":"Est","s":"25S-H55S100F-80-F1"},{"r":"95","t":"08:09:29","h":"Est","s":"25S-H55S200F-80-F2"},{"r":"95","t":"08:15:14","h":"Est","s":"25N-H55N000S-80-S"},{"r":"95","t":"08:15:14","h":"Est","s":"25N-H55N000S-82-S"},{"r":"95","t":"08:15:14","h":"Est","s":"25N-H55NV10S-85-S"},{"r":"95","t":"08:15:14","h":"Est","s":"25N-H55NV20S-81-S"},{"r":"95","t":"08:15:14","h":"Est","s":"25S-H55S000S-82-S"},{"r":"95","t":"08:35:21","h":"Est","s":"25N-H55N000A-80-A"},{"r":"95","t":"08:35:21","h":"Est","s":"25N-H55NV10A-80-A"},{"r":"95","t":"08:35:21","h":"Est","s":"25N-H55NV20A-80-A"},{"r":"95","t":"08:35:21","h":"Est","s":"25S-H55S000A-80-A"},{"r":"95","t":"08:39:29","h":"Est","s":"25N-H55N000I-80-I"},{"r":"95","t":"08:39:29","h":"Est","s":"25N-H55N100F-80-F1"},{"r":"95","t":"08:39:29","h":"Est","s":"25N-H55N200F-80-F2"},{"r":"95","t":"08:39:29","h":"Est","s":"25N-H55N300F-80-F3"},{"r":"95","t":"08:39:29","h":"Est","s":"25N-H55N400F-80-F4"},{"r":"95","t":"08:39:29","h":"Est","s":"25N-H55NV10I-80-I"},{"r":"95","t":"08:39:29","h":"Est","s":"25N-H55NV20I-80-I"},{"r":"95","t":"08:39:29","h":"Est","s":"25S-H55S000I-80-I"},{"r":"95","t":"08:39:29","h":"Est","s":"25S-H55S100F-80-F1"},{"r":"95","t":"08:39:29","h":"Est","s":"25S-H55S200F-80-F2"},{"r":"95","t":"08:46:14","h":"Est","s":"25N-H55N000S-80-S"},{"r":"95","t":"08:46:14","h":"Est","s":"25N-H55N000S-82-S"},{"r":"95","t":"08:46:14","h":"Est","s":"25N-H55NV10S-85-S"},{"r":"95","t":"08:46:14","h":"Est","s":"25N-H55NV20S-81-S"},{"r":"95","t":"08:46:14","h":"Est","s":"25S-H55S000S-82-S"},{"r":"95","t":"09:05:21","h":"Est","s":"25N-H55N000A-80-A"},{"r":"95","t":"09:05:21","h":"Est","s":"25N-H55NV10A-80-A"},{"r":"95","t":"09:05:21","h":"Est","s":"25N-H55NV20A-80-A"},{"r":"95","t":"09:05:21","h":"Est","s":"25S-H55S000A-80-A"},{"r":"95","t":"09:09:29","h":"Est","s":"25N-H55N000I-80-I"},{"r":"95","t":"09:09:29","h":"Est","s":"25N-H55N100F-80-F1"},{"r":"95","t":"09:09:29","h":"Est","s":"25N-H55N200F-80-F2"},{"r":"95","t":"09:09:29","h":"Est","s":"25N-H55N300F-80-F3"},{"r":"95","t":"09:09:29","h":"Est","s":"25N-H55N400F-80-F4"},{"r":"95","t":"09:09:29","h":"Est","s":"25N-H55NV10I-80-I"},{"r":"95","t":"09:09:29","h":"Est","s":"25N-H55NV20I-80-I"},{"r":"95","t":"09:09:29","h":"Est","s":"25S-H55S000I-80-I"},{"r":"95","t":"09:09:29","h":"Est","s":"25S-H55S100F-80-F1"},{"r":"95","t":"09:09:29","h":"Est","s":"25S-H55S200F-80-F2"},{"r":"95","t":"09:18:14","h":"Est","s":"25N-H55N000S-80-S"},{"r":"95","t":"09:18:14","h":"Est","s":"25N-H55N000S-82-S"},{"r":"95","t":"09:18:14","h":"Est","s":"25N-H55NV10S-85-S"},{"r":"95","t":"09:18:14","h":"Est","s":"25N-H55NV20S-81-S"},{"r":"95","t":"09:18:14","h":"Est","s":"25S-H55S000S-82-S"},{"r":"95","t":"09:36:14","h":"Est","s":"25N-H55N000A-80-A"},{"r":"95","t":"09:36:14","h":"Est","s":"25N-H55NV10A-80-A"},{"r":"95","t":"09:36:14","h":"Est","s":"25N-H55NV20A-80-A"},{"r":"95","t":"09:36:14","h":"Est","s":"25S-H55S000A-80-A"},{"r":"95","t":"09:40:21","h":"Est","s":"25N-H55N000I-80-I"},{"r":"95","t":"09:40:21","h":"Est","s":"25N-H55N100F-80-F1"},{"r":"95","t":"09:40:21","h":"Est","s":"25N-H55N200F-80-F2"},{"r":"95","t":"09:40:21","h":"Est","s":"25N-H55N300F-80-F3"},{"r":"95","t":"09:40:21","h":"Est","s":"25N-H55N400F-80-F4"},{"r":"95","t":"09:40:21","h":"Est","s":"25N-H55NV10I-80-I"},{"r":"95","t":"09:40:21","h":"Est","s":"25N-H55NV20I-80-I"},{"r":"95","t":"09:40:21","h":"Est","s":"25S-H55S000I-80-I"},{"r":"95","t":"09:40:21","h":"Est","s":"25S-H55S100F-80-F1"},{"r":"95","t":"09:40:21","h":"Est","s":"25S-H55S200F-80-F2"},{"r":"95","t":"09:50:14","h":"Est","s":"25N-H55N000S-80-S"},{"r":"95","t":"09:50:14","h":"Est","s":"25N-H55N000S-82-S"},{"r":"95","t":"09:50:14","h":"Est","s":"25N-H55NV10S-85-S"},{"r":"95","t":"09:50:14","h":"Est","s":"25N-H55NV20S-81-S"},{"r":"95","t":"09:50:14","h":"Est","s":"25S-H55S000S-82-S"},{"r":"95","t":"10:06:14","h":"Est","s":"25N-H55N000A-80-A"},{"r":"95","t":"10:06:14","h":"Est","s":"25N-H55NV10A-80-A"},{"r":"95","t":"10:06:14","h":"Est","s":"25N-H55NV20A-80-A"},{"r":"95","t":"10:06:14","h":"Est","s":"25S-H55S000A-80-A"},{"r":"95","t":"10:10:21","h":"Est","s":"25N-H55N000I-80-I"},{"r":"95","t":"10:10:21","h":"Est","s":"25N-H55N100F-80-F1"},{"r":"95","t":"10:10:21","h":"Est","s":"25N-H55N200F-80-F2"},{"r":"95","t":"10:10:21","h":"Est","s":"25N-H55N300F-80-F3"},{"r":"95","t":"10:10:21","h":"Est","s":"25N-H55N400F-80-F4"},{"r":"95","t":"10:10:21","h":"Est","s":"25N-H55NV10I-80-I"},{"r":"95","t":"10:10:21","h":"Est","s":"25N-H55NV20I-80-I"},{"r":"95","t":"10:10:21","h":"Est","s":"25S-H55S000I-80-I"},{"r":"95","t":"10:10:21","h":"Est","s":"25S-H55S100F-80-F1"},{"r":"95","t":"10:10:21","h":"Est","s":"25S-H55S200F-80-F2"},{"r":"95","t":"10:22:14","h":"Est","s":"25N-H55N000S-80-S"},{"r":"95","t":"10:22:14","h":"Est","s":"25N-H55N000S-82-S"},{"r":"95","t":"10:22:14","h":"Est","s":"25N-H55NV10S-85-S"},{"r":"95","t":"10:22:14","h":"Est","s":"25N-H55NV20S-81-S"},{"r":"95","t":"10:22:14","h":"Est","s":"25S-H55S000S-82-S"},{"r":"95","t":"10:36:14","h":"Est","s":"25N-H55N000A-80-A"},{"r":"95","t":"10:36:14","h":"Est","s":"25N-H55NV10A-80-A"},{"r":"95","t":"10:36:14","h":"Est","s":"25N-H55NV20A-80-A"},{"r":"95","t":"10:36:14","h":"Est","s":"25S-H55S000A-80-A"},{"r":"95","t":"10:40:21","h":"Est","s":"25N-H55N000I-80-I"},{"r":"95","t":"10:40:21","h":"Est","s":"25N-H55N100F-80-F1"},{"r":"95","t":"10:40:21","h":"Est","s":"25N-H55N200F-80-F2"},{"r":"95","t":"10:40:21","h":"Est","s":"25N-H55N300F-80-F3"},{"r":"95","t":"10:40:21","h":"Est","s":"25N-H55N400F-80-F4"},{"r":"95","t":"10:40:21","h":"Est","s":"25N-H55NV10I-80-I"},{"r":"95","t":"10:40:21","h":"Est","s":"25N-H55NV20I-80-I"},{"r":"95","t":"10:40:21","h":"Est","s":"25S-H55S000I-80-I"},{"r":"95","t":"10:40:21","h":"Est","s":"25S-H55S100F-80-F1"},{"r":"95","t":"10:40:21","h":"Est","s":"25S-H55S200F-80-F2"},{"r":"95","t":"10:54:14","h":"Est","s":"25N-H55N000S-80-S"},{"r":"95","t":"10:54:14","h":"Est","s":"25N-H55N000S-82-S"},{"r":"95","t":"10:54:14","h":"Est","s":"25N-H55NV10S-85-S"},{"r":"95","t":"10:54:14","h":"Est","s":"25N-H55NV20S-81-S"},{"r":"95","t":"10:54:14","h":"Est","s":"25S-H55S000S-82-S"},{"r":"95","t":"11:10:06","h":"Est","s":"25N-H55N000A-80-A"},{"r":"95","t":"11:10:06","h":"Est","s":"25N-H55NV10A-80-A"},{"r":"95","t":"11:10:06","h":"Est","s":"25N-H55NV20A-80-A"},{"r":"95","t":"11:10:06","h":"Est","s":"25S-H55S000A-80-A"},{"r":"95","t":"11:10:21","h":"Est","s":"25N-H55N000I-80-I"},{"r":"95","t":"11:10:21","h":"Est","s":"25N-H55N100F-80-F1"},{"r":"95","t":"11:10:21","h":"Est","s":"25N-H55N200F-80-F2"},{"r":"95","t":"11:10:21","h":"Est","s":"25N-H55N300F-80-F3"},{"r":"95","t":"11:10:21","h":"Est","s":"25N-H55N400F-80-F4"},{"r":"95","t":"11:10:21","h":"Est","s":"25N-H55NV10I-80-I"},{"r":"95","t":"11:10:21","h":"Est","s":"25N-H55NV20I-80-I"},{"r":"95","t":"11:10:21","h":"Est","s":"25S-H55S000I-80-I"},{"r":"95","t":"11:10:21","h":"Est","s":"25S-H55S100F-80-F1"},{"r":"95","t":"11:10:21","h":"Est","s":"25S-H55S200F-80-F2"},{"r":"95","t":"11:26:14","h":"Est","s":"25N-H55N000S-80-S"},{"r":"95","t":"11:26:14","h":"Est","s":"25N-H55N000S-82-S"},{"r":"95","t":"11:26:14","h":"Est","s":"25N-H55NV10S-85-S"},{"r":"95","t":"11:26:14","h":"Est","s":"25N-H55NV20S-81-S"},{"r":"95","t":"11:26:14","h":"Est","s":"25S-H55S000S-82-S"},{"r":"95","t":"11:40:21","h":"Est","s":"25N-H55N000I-80-I"},{"r":"95","t":"11:40:21","h":"Est","s":"25N-H55N100F-80-F1"},{"r":"95","t":"11:40:21","h":"Est","s":"25N-H55N200F-80-F2"},{"r":"95","t":"11:40:21","h":"Est","s":"25N-H55N300F-80-F3"},{"r":"95","t":"11:40:21","h":"Est","s":"25N-H55N400F-80-F4"},{"r":"95","t":"11:40:21","h":"Est","s":"25N-H55NV10I-80-I"},{"r":"95","t":"11:40:21","h":"Est","s":"25N-H55NV20I-80-I"},{"r":"95","t":"11:40:21","h":"Est","s":"25S-H55S000I-80-I"},{"r":"95","t":"11:40:21","h":"Est","s":"25S-H55S100F-80-F1"},{"r":"95","t":"11:40:21","h":"Est","s":"25S-H55S200F-80-F2"},{"r":"95","t":"11:41:06","h":"Est","s":"25N-H55N000A-80-A"},{"r":"95","t":"11:41:06","h":"Est","s":"25N-H55NV10A-80-A"},{"r":"95","t":"11:41:06","h":"Est","s":"25N-H55NV20A-80-A"},{"r":"95","t":"11:41:06","h":"Est","s":"25S-H55S000A-80-A"},{"r":"95","t":"11:58:14","h":"Est","s":"25N-H55N000S-80-S"},{"r":"95","t":"11:58:14","h":"Est","s":"25N-H55N000S-82-S"},{"r":"95","t":"11:58:14","h":"Est","s":"25N-H55NV10S-85-S"},{"r":"95","t":"11:58:14","h":"Est","s":"25N-H55NV20S-81-S"},{"r":"95","t":"11:58:14","h":"Est","s":"25S-H55S000S-82-S"},{"r":"95","t":"12:11:06","h":"Est","s":"25N-H55N000A-80-A"},{"r":"95","t":"12:11:06","h":"Est","s":"25N-H55NV10A-80-A"},{"r":"95","t":"12:11:06","h":"Est","s":"25N-H55NV20A-80-A"},{"r":"95","t":"12:11:06","h":"Est","s":"25S-H55S000A-80-A"},{"r":"95","t":"12:11:14","h":"Est","s":"25N-H55N000I-80-I"},{"r":"95","t":"12:11:14","h":"Est","s":"25N-H55N100F-80-F1"},{"r":"95","t":"12:11:14","h":"Est","s":"25N-H55N200F-80-F2"},{"r":"95","t":"12:11:14","h":"Est","s":"25N-H55N300F-80-F3"},{"r":"95","t":"12:11:14","h":"Est","s":"25N-H55N400F-80-F4"},{"r":"95","t":"12:11:14","h":"Est","s":"25N-H55NV10I-80-I"},{"r":"95","t":"12:11:14","h":"Est","s":"25N-H55NV20I-80-I"},{"r":"95","t":"12:11:14","h":"Est","s":"25S-H55S000I-80-I"},{"r":"95","t":"12:11:14","h":"Est","s":"25S-H55S100F-80-F1"},{"r":"95","t":"12:11:14","h":"Est","s":"25S-H55S200F-80-F2"},{"r":"95","t":"12:30:14","h":"Est","s":"25N-H55N000S-80-S"},{"r":"95","t":"12:30:14","h":"Est","s":"25N-H55N000S-82-S"},{"r":"95","t":"12:30:14","h":"Est","s":"25N-H55NV10S-85-S"},{"r":"95","t":"12:30:14","h":"Est","s":"25N-H55NV20S-81-S"},{"r":"95","t":"12:30:14","h":"Est","s":"25S-H55S000S-82-S"},{"r":"95","t":"12:35:06","h":"Est","s":"25N-H55N000A-80-A"},{"r":"95","t":"12:35:06","h":"Est","s":"25N-H55NV10A-80-A"},{"r":"95","t":"12:35:06","h":"Est","s":"25N-H55NV20A-80-A"},{"r":"95","t":"12:35:06","h":"Est","s":"25S-H55S000A-80-A"},{"r":"95","t":"12:41:14","h":"Est","s":"25N-H55N000I-80-I"},{"r":"95","t":"12:41:14","h":"Est","s":"25N-H55N100F-80-F1"},{"r":"95","t":"12:41:14","h":"Est","s":"25N-H55N200F-80-F2"},{"r":"95","t":"12:41:14","h":"Est","s":"25N-H55N300F-80-F3"},{"r":"95","t":"12:41:14","h":"Est","s":"25N-H55N400F-80-F4"},{"r":"95","t":"12:41:14","h":"Est","s":"25N-H55NV10I-80-I"},{"r":"95","t":"12:41:14","h":"Est","s":"25N-H55NV20I-80-I"},{"r":"95","t":"12:41:14","h":"Est","s":"25S-H55S000I-80-I"},{"r":"95","t":"12:41:14","h":"Est","s":"25S-H55S100F-80-F1"},{"r":"95","t":"12:41:14","h":"Est","s":"25S-H55S200F-80-F2"},{"r":"95","t":"12:59:06","h":"Est","s":"25N-H55N000A-80-A"},{"r":"95","t":"12:59:06","h":"Est","s":"25N-H55NV10A-80-A"},{"r":"95","t":"12:59:06","h":"Est","s":"25N-H55NV20A-80-A"},{"r":"95","t":"12:59:06","h":"Est","s":"25S-H55S000A-80-A"},{"r":"95","t":"13:03:14","h":"Est","s":"25N-H55N000S-80-S"},{"r":"95","t":"13:03:14","h":"Est","s":"25N-H55N000S-82-S"},{"r":"95","t":"13:03:14","h":"Est","s":"25N-H55NV10S-85-S"},{"r":"95","t":"13:03:14","h":"Est","s":"25N-H55NV20S-81-S"},{"r":"95","t":"13:03:14","h":"Est","s":"25S-H55S000S-82-S"},{"r":"95","t":"13:07:14","h":"Est","s":"25N-H55N000I-80-I"},{"r":"95","t":"13:07:14","h":"Est","s":"25N-H55N100F-80-F1"},{"r":"95","t":"13:07:14","h":"Est","s":"25N-H55N200F-80-F2"},{"r":"95","t":"13:07:14","h":"Est","s":"25N-H55N300F-80-F3"},{"r":"95","t":"13:07:14","h":"Est","s":"25N-H55N400F-80-F4"},{"r":"95","t":"13:07:14","h":"Est","s":"25N-H55NV10I-80-I"},{"r":"95","t":"13:07:14","h":"Est","s":"25N-H55NV20I-80-I"},{"r":"95","t":"13:07:14","h":"Est","s":"25S-H55S000I-80-I"},{"r":"95","t":"13:07:14","h":"Est","s":"25S-H55S100F-80-F1"},{"r":"95","t":"13:07:14","h":"Est","s":"25S-H55S200F-80-F2"},{"r":"95","t":"13:18:06","h":"Est","s":"25N-H55N000A-80-A"},{"r":"95","t":"13:18:06","h":"Est","s":"25N-H55NV10A-80-A"},{"r":"95","t":"13:18:06","h":"Est","s":"25N-H55NV20A-80-A"},{"r":"95","t":"13:18:06","h":"Est","s":"25S-H55S000A-80-A"},{"r":"95","t":"13:33:14","h":"Est","s":"25N-H55N000I-80-I"},{"r":"95","t":"13:33:14","h":"Est","s":"25N-H55N100F-80-F1"},{"r":"95","t":"13:33:14","h":"Est","s":"25N-H55N200F-80-F2"},{"r":"95","t":"13:33:14","h":"Est","s":"25N-H55N300F-80-F3"},{"r":"95","t":"13:33:14","h":"Est","s":"25N-H55N400F-80-F4"},{"r":"95","t":"13:33:14","h":"Est","s":"25N-H55NV10I-80-I"},{"r":"95","t":"13:33:14","h":"Est","s":"25N-H55NV20I-80-I"},{"r":"95","t":"13:33:14","h":"Est","s":"25S-H55S000I-80-I"},{"r":"95","t":"13:33:14","h":"Est","s":"25S-H55S100F-80-F1"},{"r":"95","t":"13:33:14","h":"Est","s":"25S-H55S200F-80-F2"},{"r":"95","t":"13:36:14","h":"Est","s":"25N-H55N000S-80-S"},{"r":"95","t":"13:36:14","h":"Est","s":"25N-H55N000S-82-S"},{"r":"95","t":"13:36:14","h":"Est","s":"25N-H55NV10S-85-S"},{"r":"95","t":"13:36:14","h":"Est","s":"25N-H55NV20S-81-S"},{"r":"95","t":"13:36:14","h":"Est","s":"25S-H55S000S-82-S"},{"r":"95","t":"13:37:06","h":"Est","s":"25N-H55N000A-80-A"},{"r":"95","t":"13:37:06","h":"Est","s":"25N-H55NV10A-80-A"},{"r":"95","t":"13:37:06","h":"Est","s":"25N-H55NV20A-80-A"},{"r":"95","t":"13:37:06","h":"Est","s":"25S-H55S000A-80-A"},{"r":"95","t":"13:57:06","h":"Est","s":"25N-H55N000A-80-A"},{"r":"95","t":"13:57:06","h":"Est","s":"25N-H55NV10A-80-A"},{"r":"95","t":"13:57:06","h":"Est","s":"25N-H55NV20A-80-A"},{"r":"95","t":"13:57:06","h":"Est","s":"25S-H55S000A-80-A"},{"r":"95","t":"13:58:14","h":"Est","s":"25N-H55N000I-80-I"},{"r":"95","t":"13:58:14","h":"Est","s":"25N-H55N100F-80-F1"},{"r":"95","t":"13:58:14","h":"Est","s":"25N-H55N200F-80-F2"},{"r":"95","t":"13:58:14","h":"Est","s":"25N-H55N300F-80-F3"},{"r":"95","t":"13:58:14","h":"Est","s":"25N-H55N400F-80-F4"},{"r":"95","t":"13:58:14","h":"Est","s":"25N-H55NV10I-80-I"},{"r":"95","t":"13:58:14","h":"Est","s":"25N-H55NV20I-80-I"},{"r":"95","t":"13:58:14","h":"Est","s":"25S-H55S000I-80-I"},{"r":"95","t":"13:58:14","h":"Est","s":"25S-H55S100F-80-F1"},{"r":"95","t":"13:58:14","h":"Est","s":"25S-H55S200F-80-F2"},{"r":"95","t":"13:59:06","h":"Est","s":"25N-H55N000S-80-S"},{"r":"95","t":"13:59:06","h":"Est","s":"25N-H55N000S-82-S"},{"r":"95","t":"13:59:06","h":"Est","s":"25N-H55NV10S-85-S"},{"r":"95","t":"13:59:06","h":"Est","s":"25N-H55NV20S-81-S"},{"r":"95","t":"13:59:06","h":"Est","s":"25S-H55S000S-82-S"},{"r":"95","t":"14:17:06","h":"Est","s":"25N-H55N000A-80-A"},{"r":"95","t":"14:17:06","h":"Est","s":"25N-H55NV10A-80-A"},{"r":"95","t":"14:17:06","h":"Est","s":"25N-H55NV20A-80-A"},{"r":"95","t":"14:17:06","h":"Est","s":"25S-H55S000A-80-A"},{"r":"95","t":"14:19:06","h":"Est","s":"25N-H55N000S-80-S"},{"r":"95","t":"14:19:06","h":"Est","s":"25N-H55N000S-82-S"},{"r":"95","t":"14:19:06","h":"Est","s":"25N-H55NV10S-85-S"},{"r":"95","t":"14:19:06","h":"Est","s":"25N-H55NV20S-81-S"},{"r":"95","t":"14:19:06","h":"Est","s":"25S-H55S000S-82-S"},{"r":"95","t":"14:23:14","h":"Est","s":"25N-H55N000I-80-I"},{"r":"95","t":"14:23:14","h":"Est","s":"25N-H55N100F-80-F1"},{"r":"95","t":"14:23:14","h":"Est","s":"25N-H55N200F-80-F2"},{"r":"95","t":"14:23:14","h":"Est","s":"25N-H55N300F-80-F3"},{"r":"95","t":"14:23:14","h":"Est","s":"25N-H55N400F-80-F4"},{"r":"95","t":"14:23:14","h":"Est","s":"25N-H55NV10I-80-I"},{"r":"95","t":"14:23:14","h":"Est","s":"25N-H55NV20I-80-I"},{"r":"95","t":"14:23:14","h":"Est","s":"25S-H55S000I-80-I"},{"r":"95","t":"14:23:14","h":"Est","s":"25S-H55S100F-80-F1"},{"r":"95","t":"14:23:14","h":"Est","s":"25S-H55S200F-80-F2"},{"r":"95","t":"14:36:06","h":"Est","s":"25N-H55N000A-80-A"},{"r":"95","t":"14:36:06","h":"Est","s":"25N-H55NV10A-80-A"},{"r":"95","t":"14:36:06","h":"Est","s":"25N-H55NV20A-80-A"},{"r":"95","t":"14:36:06","h":"Est","s":"25S-H55S000A-80-A"},{"r":"95","t":"14:38:06","h":"Est","s":"25N-H55N000S-80-S"},{"r":"95","t":"14:38:06","h":"Est","s":"25N-H55N000S-82-S"},{"r":"95","t":"14:38:06","h":"Est","s":"25N-H55NV10S-85-S"},{"r":"95","t":"14:38:06","h":"Est","s":"25N-H55NV20S-81-S"},{"r":"95","t":"14:38:06","h":"Est","s":"25S-H55S000S-82-S"},{"r":"95","t":"14:47:14","h":"Est","s":"25N-H55N000I-80-I"},{"r":"95","t":"14:47:14","h":"Est","s":"25N-H55N100F-80-F1"},{"r":"95","t":"14:47:14","h":"Est","s":"25N-H55N200F-80-F2"},{"r":"95","t":"14:47:14","h":"Est","s":"25N-H55N300F-80-F3"},{"r":"95","t":"14:47:14","h":"Est","s":"25N-H55N400F-80-F4"},{"r":"95","t":"14:47:14","h":"Est","s":"25N-H55NV10I-80-I"},{"r":"95","t":"14:47:14","h":"Est","s":"25N-H55NV20I-80-I"},{"r":"95","t":"14:47:14","h":"Est","s":"25S-H55S000I-80-I"},{"r":"95","t":"14:47:14","h":"Est","s":"25S-H55S100F-80-F1"},{"r":"95","t":"14:47:14","h":"Est","s":"25S-H55S200F-80-F2"},{"r":"95","t":"14:54:06","h":"Est","s":"25N-H55N000A-80-A"},{"r":"95","t":"14:54:06","h":"Est","s":"25N-H55NV10A-80-A"},{"r":"95","t":"14:54:06","h":"Est","s":"25N-H55NV20A-80-A"},{"r":"95","t":"14:54:06","h":"Est","s":"25S-H55S000A-80-A"},{"r":"95","t":"14:58:06","h":"Est","s":"25N-H55N000S-80-S"},{"r":"95","t":"14:58:06","h":"Est","s":"25N-H55N000S-82-S"},{"r":"95","t":"14:58:06","h":"Est","s":"25N-H55NV10S-85-S"},{"r":"95","t":"14:58:06","h":"Est","s":"25N-H55NV20S-81-S"},{"r":"95","t":"14:58:06","h":"Est","s":"25S-H55S000S-82-S"},{"r":"95","t":"15:11:14","h":"Est","s":"25N-H55N000I-80-I"},{"r":"95","t":"15:11:14","h":"Est","s":"25N-H55N100F-80-F1"},{"r":"95","t":"15:11:14","h":"Est","s":"25N-H55N200F-80-F2"},{"r":"95","t":"15:11:14","h":"Est","s":"25N-H55N300F-80-F3"},{"r":"95","t":"15:11:14","h":"Est","s":"25N-H55N400F-80-F4"},{"r":"95","t":"15:11:14","h":"Est","s":"25N-H55NV10I-80-I"},{"r":"95","t":"15:11:14","h":"Est","s":"25N-H55NV20I-80-I"},{"r":"95","t":"15:11:14","h":"Est","s":"25S-H55S000I-80-I"},{"r":"95","t":"15:11:14","h":"Est","s":"25S-H55S100F-80-F1"},{"r":"95","t":"15:11:14","h":"Est","s":"25S-H55S200F-80-F2"},{"r":"95","t":"15:12:06","h":"Est","s":"25N-H55N000A-80-A"},{"r":"95","t":"15:12:06","h":"Est","s":"25N-H55NV10A-80-A"},{"r":"95","t":"15:12:06","h":"Est","s":"25N-H55NV20A-80-A"},{"r":"95","t":"15:12:06","h":"Est","s":"25S-H55S000A-80-A"},{"r":"95","t":"15:21:58","h":"Est","s":"25N-H55N000S-80-S"},{"r":"95","t":"15:21:58","h":"Est","s":"25N-H55N000S-82-S"},{"r":"95","t":"15:21:58","h":"Est","s":"25N-H55NV10S-85-S"},{"r":"95","t":"15:21:58","h":"Est","s":"25N-H55NV20S-81-S"},{"r":"95","t":"15:21:58","h":"Est","s":"25S-H55S000S-82-S"},{"r":"95","t":"15:30:06","h":"Est","s":"25N-H55N000A-80-A"},{"r":"95","t":"15:30:06","h":"Est","s":"25N-H55NV10A-80-A"},{"r":"95","t":"15:30:06","h":"Est","s":"25N-H55NV20A-80-A"},{"r":"95","t":"15:30:06","h":"Est","s":"25S-H55S000A-80-A"},{"r":"95","t":"15:35:14","h":"Est","s":"25N-H55N000I-80-I"},{"r":"95","t":"15:35:14","h":"Est","s":"25N-H55N100F-80-F1"},{"r":"95","t":"15:35:14","h":"Est","s":"25N-H55N200F-80-F2"},{"r":"95","t":"15:35:14","h":"Est","s":"25N-H55N300F-80-F3"},{"r":"95","t":"15:35:14","h":"Est","s":"25N-H55N400F-80-F4"},{"r":"95","t":"15:35:14","h":"Est","s":"25N-H55NV10I-80-I"},{"r":"95","t":"15:35:14","h":"Est","s":"25N-H55NV20I-80-I"},{"r":"95","t":"15:35:14","h":"Est","s":"25S-H55S000I-80-I"},{"r":"95","t":"15:35:14","h":"Est","s":"25S-H55S100F-80-F1"},{"r":"95","t":"15:35:14","h":"Est","s":"25S-H55S200F-80-F2"},{"r":"95","t":"15:48:06","h":"Est","s":"25N-H55N000A-80-A"},{"r":"95","t":"15:48:06","h":"Est","s":"25N-H55NV10A-80-A"},{"r":"95","t":"15:48:06","h":"Est","s":"25N-H55NV20A-80-A"},{"r":"95","t":"15:48:06","h":"Est","s":"25S-H55S000A-80-A"},{"r":"95","t":"15:49:58","h":"Est","s":"25N-H55N000S-80-S"},{"r":"95","t":"15:49:58","h":"Est","s":"25N-H55N000S-82-S"},{"r":"95","t":"15:49:58","h":"Est","s":"25N-H55NV10S-85-S"},{"r":"95","t":"15:49:58","h":"Est","s":"25N-H55NV20S-81-S"},{"r":"95","t":"15:49:58","h":"Est","s":"25S-H55S000S-82-S"},{"r":"95","t":"15:53:14","h":"Est","s":"25N-H55N000I-80-I"},{"r":"95","t":"15:53:14","h":"Est","s":"25N-H55N100F-80-F1"},{"r":"95","t":"15:53:14","h":"Est","s":"25N-H55N200F-80-F2"},{"r":"95","t":"15:53:14","h":"Est","s":"25N-H55N300F-80-F3"},{"r":"95","t":"15:53:14","h":"Est","s":"25N-H55N400F-80-F4"},{"r":"95","t":"15:53:14","h":"Est","s":"25N-H55NV10I-80-I"},{"r":"95","t":"15:53:14","h":"Est","s":"25N-H55NV20I-80-I"},{"r":"95","t":"15:53:14","h":"Est","s":"25S-H55S000I-80-I"},{"r":"95","t":"15:53:14","h":"Est","s":"25S-H55S100F-80-F1"},{"r":"95","t":"15:53:14","h":"Est","s":"25S-H55S200F-80-F2"},{"r":"95","t":"16:05:06","h":"Est","s":"25N-H55N000A-80-A"},{"r":"95","t":"16:05:06","h":"Est","s":"25N-H55NV10A-80-A"},{"r":"95","t":"16:05:06","h":"Est","s":"25N-H55NV20A-80-A"},{"r":"95","t":"16:05:06","h":"Est","s":"25S-H55S000A-80-A"},{"r":"95","t":"16:10:14","h":"Est","s":"25N-H55N000I-80-I"},{"r":"95","t":"16:10:14","h":"Est","s":"25N-H55N100F-80-F1"},{"r":"95","t":"16:10:14","h":"Est","s":"25N-H55N200F-80-F2"},{"r":"95","t":"16:10:14","h":"Est","s":"25N-H55N300F-80-F3"},{"r":"95","t":"16:10:14","h":"Est","s":"25N-H55N400F-80-F4"},{"r":"95","t":"16:10:14","h":"Est","s":"25N-H55NV10I-80-I"},{"r":"95","t":"16:10:14","h":"Est","s":"25N-H55NV20I-80-I"},{"r":"95","t":"16:10:14","h":"Est","s":"25S-H55S000I-80-I"},{"r":"95","t":"16:10:14","h":"Est","s":"25S-H55S100F-80-F1"},{"r":"95","t":"16:10:14","h":"Est","s":"25S-H55S200F-80-F2"},{"r":"95","t":"16:17:58","h":"Est","s":"25N-H55N000S-80-S"},{"r":"95","t":"16:17:58","h":"Est","s":"25N-H55N000S-82-S"},{"r":"95","t":"16:17:58","h":"Est","s":"25N-H55NV10S-85-S"},{"r":"95","t":"16:17:58","h":"Est","s":"25N-H55NV20S-81-S"},{"r":"95","t":"16:17:58","h":"Est","s":"25S-H55S000S-82-S"},{"r":"95","t":"16:23:06","h":"Est","s":"25N-H55N000A-80-A"},{"r":"95","t":"16:23:06","h":"Est","s":"25N-H55NV10A-80-A"},{"r":"95","t":"16:23:06","h":"Est","s":"25N-H55NV20A-80-A"},{"r":"95","t":"16:23:06","h":"Est","s":"25S-H55S000A-80-A"},{"r":"95","t":"16:28:14","h":"Est","s":"25N-H55N000I-80-I"},{"r":"95","t":"16:28:14","h":"Est","s":"25N-H55N100F-80-F1"},{"r":"95","t":"16:28:14","h":"Est","s":"25N-H55N200F-80-F2"},{"r":"95","t":"16:28:14","h":"Est","s":"25N-H55N300F-80-F3"},{"r":"95","t":"16:28:14","h":"Est","s":"25N-H55N400F-80-F4"},{"r":"95","t":"16:28:14","h":"Est","s":"25N-H55NV10I-80-I"},{"r":"95","t":"16:28:14","h":"Est","s":"25N-H55NV20I-80-I"},{"r":"95","t":"16:28:14","h":"Est","s":"25S-H55S000I-80-I"},{"r":"95","t":"16:28:14","h":"Est","s":"25S-H55S100F-80-F1"},{"r":"95","t":"16:28:14","h":"Est","s":"25S-H55S200F-80-F2"},{"r":"95","t":"16:42:06","h":"Est","s":"25N-H55N000A-80-A"},{"r":"95","t":"16:42:06","h":"Est","s":"25N-H55NV10A-80-A"},{"r":"95","t":"16:42:06","h":"Est","s":"25N-H55NV20A-80-A"},{"r":"95","t":"16:42:06","h":"Est","s":"25S-H55S000A-80-A"},{"r":"95","t":"16:45:58","h":"Est","s":"25N-H55N000S-80-S"},{"r":"95","t":"16:45:58","h":"Est","s":"25N-H55N000S-82-S"},{"r":"95","t":"16:45:58","h":"Est","s":"25N-H55NV10S-85-S"},{"r":"95","t":"16:45:58","h":"Est","s":"25N-H55NV20S-81-S"},{"r":"95","t":"16:45:58","h":"Est","s":"25S-H55S000S-82-S"},{"r":"95","t":"16:46:14","h":"Est","s":"25N-H55N000I-80-I"},{"r":"95","t":"16:46:14","h":"Est","s":"25N-H55N100F-80-F1"},{"r":"95","t":"16:46:14","h":"Est","s":"25N-H55N200F-80-F2"},{"r":"95","t":"16:46:14","h":"Est","s":"25N-H55N300F-80-F3"},{"r":"95","t":"16:46:14","h":"Est","s":"25N-H55N400F-80-F4"},{"r":"95","t":"16:46:14","h":"Est","s":"25N-H55NV10I-80-I"},{"r":"95","t":"16:46:14","h":"Est","s":"25N-H55NV20I-80-I"},{"r":"95","t":"16:46:14","h":"Est","s":"25S-H55S000I-80-I"},{"r":"95","t":"16:46:14","h":"Est","s":"25S-H55S100F-80-F1"},{"r":"95","t":"16:46:14","h":"Est","s":"25S-H55S200F-80-F2"},{"r":"95","t":"17:02:06","h":"Est","s":"25N-H55N000A-80-A"},{"r":"95","t":"17:02:06","h":"Est","s":"25N-H55NV10A-80-A"},{"r":"95","t":"17:02:06","h":"Est","s":"25N-H55NV20A-80-A"},{"r":"95","t":"17:02:06","h":"Est","s":"25S-H55S000A-80-A"},{"r":"95","t":"17:08:14","h":"Est","s":"25N-H55N000I-80-I"},{"r":"95","t":"17:08:14","h":"Est","s":"25N-H55N100F-80-F1"},{"r":"95","t":"17:08:14","h":"Est","s":"25N-H55N200F-80-F2"},{"r":"95","t":"17:08:14","h":"Est","s":"25N-H55N300F-80-F3"},{"r":"95","t":"17:08:14","h":"Est","s":"25N-H55N400F-80-F4"},{"r":"95","t":"17:08:14","h":"Est","s":"25N-H55NV10I-80-I"},{"r":"95","t":"17:08:14","h":"Est","s":"25N-H55NV20I-80-I"},{"r":"95","t":"17:08:14","h":"Est","s":"25S-H55S000I-80-I"},{"r":"95","t":"17:08:14","h":"Est","s":"25S-H55S100F-80-F1"},{"r":"95","t":"17:08:14","h":"Est","s":"25S-H55S200F-80-F2"},{"r":"95","t":"17:12:58","h":"Est","s":"25N-H55N000S-80-S"},{"r":"95","t":"17:12:58","h":"Est","s":"25N-H55N000S-82-S"},{"r":"95","t":"17:12:58","h":"Est","s":"25N-H55NV10S-85-S"},{"r":"95","t":"17:12:58","h":"Est","s":"25N-H55NV20S-81-S"},{"r":"95","t":"17:12:58","h":"Est","s":"25S-H55S000S-82-S"},{"r":"95","t":"17:22:06","h":"Est","s":"25N-H55N000A-80-A"},{"r":"95","t":"17:22:06","h":"Est","s":"25N-H55NV10A-80-A"},{"r":"95","t":"17:22:06","h":"Est","s":"25N-H55NV20A-80-A"},{"r":"95","t":"17:22:06","h":"Est","s":"25S-H55S000A-80-A"},{"r":"95","t":"17:30:21","h":"Est","s":"25N-H55N000I-80-I"},{"r":"95","t":"17:30:21","h":"Est","s":"25N-H55N100F-80-F1"},{"r":"95","t":"17:30:21","h":"Est","s":"25N-H55N200F-80-F2"},{"r":"95","t":"17:30:21","h":"Est","s":"25N-H55N300F-80-F3"},{"r":"95","t":"17:30:21","h":"Est","s":"25N-H55N400F-80-F4"},{"r":"95","t":"17:30:21","h":"Est","s":"25N-H55NV10I-80-I"},{"r":"95","t":"17:30:21","h":"Est","s":"25N-H55NV20I-80-I"},{"r":"95","t":"17:30:21","h":"Est","s":"25S-H55S000I-80-I"},{"r":"95","t":"17:30:21","h":"Est","s":"25S-H55S100F-80-F1"},{"r":"95","t":"17:30:21","h":"Est","s":"25S-H55S200F-80-F2"},{"r":"95","t":"17:40:58","h":"Est","s":"25N-H55N000S-80-S"},{"r":"95","t":"17:40:58","h":"Est","s":"25N-H55N000S-82-S"},{"r":"95","t":"17:40:58","h":"Est","s":"25N-H55NV10S-85-S"},{"r":"95","t":"17:40:58","h":"Est","s":"25N-H55NV20S-81-S"},{"r":"95","t":"17:40:58","h":"Est","s":"25S-H55S000S-82-S"},{"r":"95","t":"17:53:06","h":"Est","s":"25N-H55N000A-80-A"},{"r":"95","t":"17:53:06","h":"Est","s":"25N-H55NV10A-80-A"},{"r":"95","t":"17:53:06","h":"Est","s":"25N-H55NV20A-80-A"},{"r":"95","t":"17:53:06","h":"Est","s":"25S-H55S000A-80-A"},{"r":"95","t":"17:53:21","h":"Est","s":"25N-H55N000I-80-I"},{"r":"95","t":"17:53:21","h":"Est","s":"25N-H55N100F-80-F1"},{"r":"95","t":"17:53:21","h":"Est","s":"25N-H55N200F-80-F2"},{"r":"95","t":"17:53:21","h":"Est","s":"25N-H55N300F-80-F3"},{"r":"95","t":"17:53:21","h":"Est","s":"25N-H55N400F-80-F4"},{"r":"95","t":"17:53:21","h":"Est","s":"25N-H55NV10I-80-I"},{"r":"95","t":"17:53:21","h":"Est","s":"25N-H55NV20I-80-I"},{"r":"95","t":"17:53:21","h":"Est","s":"25S-H55S000I-80-I"},{"r":"95","t":"17:53:21","h":"Est","s":"25S-H55S100F-80-F1"},{"r":"95","t":"17:53:21","h":"Est","s":"25S-H55S200F-80-F2"},{"r":"95","t":"18:08:06","h":"Est","s":"25N-H55N000S-80-S"},{"r":"95","t":"18:08:06","h":"Est","s":"25N-H55N000S-82-S"},{"r":"95","t":"18:08:06","h":"Est","s":"25N-H55NV10S-85-S"},{"r":"95","t":"18:08:06","h":"Est","s":"25N-H55NV20S-81-S"},{"r":"95","t":"18:08:06","h":"Est","s":"25S-H55S000S-82-S"},{"r":"95","t":"18:16:21","h":"Est","s":"25N-H55N000I-80-I"},{"r":"95","t":"18:16:21","h":"Est","s":"25N-H55N100F-80-F1"},{"r":"95","t":"18:16:21","h":"Est","s":"25N-H55N200F-80-F2"},{"r":"95","t":"18:16:21","h":"Est","s":"25N-H55N300F-80-F3"},{"r":"95","t":"18:16:21","h":"Est","s":"25N-H55N400F-80-F4"},{"r":"95","t":"18:16:21","h":"Est","s":"25N-H55NV10I-80-I"},{"r":"95","t":"18:16:21","h":"Est","s":"25N-H55NV20I-80-I"},{"r":"95","t":"18:16:21","h":"Est","s":"25S-H55S000I-80-I"},{"r":"95","t":"18:16:21","h":"Est","s":"25S-H55S100F-80-F1"},{"r":"95","t":"18:16:21","h":"Est","s":"25S-H55S200F-80-F2"},{"r":"95","t":"18:26:06","h":"Est","s":"25N-H55N000A-80-A"},{"r":"95","t":"18:26:06","h":"Est","s":"25N-H55NV10A-80-A"},{"r":"95","t":"18:26:06","h":"Est","s":"25N-H55NV20A-80-A"},{"r":"95","t":"18:26:06","h":"Est","s":"25S-H55S000A-80-A"},{"r":"95","t":"18:34:29","h":"Est","s":"25N-H55N000I-80-I"},{"r":"95","t":"18:34:29","h":"Est","s":"25N-H55N100F-80-F1"},{"r":"95","t":"18:34:29","h":"Est","s":"25N-H55N200F-80-F2"},{"r":"95","t":"18:34:29","h":"Est","s":"25N-H55N300F-80-F3"},{"r":"95","t":"18:34:29","h":"Est","s":"25N-H55N400F-80-F4"},{"r":"95","t":"18:34:29","h":"Est","s":"25N-H55NV10I-80-I"},{"r":"95","t":"18:34:29","h":"Est","s":"25N-H55NV20I-80-I"},{"r":"95","t":"18:34:29","h":"Est","s":"25S-H55S000I-80-I"},{"r":"95","t":"18:34:29","h":"Est","s":"25S-H55S100F-80-F1"},{"r":"95","t":"18:34:29","h":"Est","s":"25S-H55S200F-80-F2"},{"r":"95","t":"18:35:14","h":"Est","s":"25N-H55N000S-80-S"},{"r":"95","t":"18:35:14","h":"Est","s":"25N-H55N000S-82-S"},{"r":"95","t":"18:35:14","h":"Est","s":"25N-H55NV10S-85-S"},{"r":"95","t":"18:35:14","h":"Est","s":"25N-H55NV20S-81-S"},{"r":"95","t":"18:35:14","h":"Est","s":"25S-H55S000S-82-S"},{"r":"95","t":"18:54:29","h":"Est","s":"25N-H55N000I-80-I"},{"r":"95","t":"18:54:29","h":"Est","s":"25N-H55N100F-80-F1"},{"r":"95","t":"18:54:29","h":"Est","s":"25N-H55N200F-80-F2"},{"r":"95","t":"18:54:29","h":"Est","s":"25N-H55N300F-80-F3"},{"r":"95","t":"18:54:29","h":"Est","s":"25N-H55N400F-80-F4"},{"r":"95","t":"18:54:29","h":"Est","s":"25N-H55NV10I-80-I"},{"r":"95","t":"18:54:29","h":"Est","s":"25N-H55NV20I-80-I"},{"r":"95","t":"18:54:29","h":"Est","s":"25S-H55S000I-80-I"},{"r":"95","t":"18:54:29","h":"Est","s":"25S-H55S100F-80-F1"},{"r":"95","t":"18:54:29","h":"Est","s":"25S-H55S200F-80-F2"},{"r":"95","t":"18:56:06","h":"Est","s":"25N-H55N000A-80-A"},{"r":"95","t":"18:56:06","h":"Est","s":"25N-H55NV10A-80-A"},{"r":"95","t":"18:56:06","h":"Est","s":"25N-H55NV20A-80-A"},{"r":"95","t":"18:56:06","h":"Est","s":"25S-H55S000A-80-A"},{"r":"95","t":"19:05:14","h":"Est","s":"25N-H55N000S-80-S"},{"r":"95","t":"19:05:14","h":"Est","s":"25N-H55N000S-82-S"},{"r":"95","t":"19:05:14","h":"Est","s":"25N-H55NV10S-85-S"},{"r":"95","t":"19:05:14","h":"Est","s":"25N-H55NV20S-81-S"},{"r":"95","t":"19:05:14","h":"Est","s":"25S-H55S000S-82-S"},{"r":"95","t":"19:24:21","h":"Est","s":"25N-H55N000A-80-A"},{"r":"95","t":"19:24:21","h":"Est","s":"25N-H55NV10A-80-A"},{"r":"95","t":"19:24:21","h":"Est","s":"25N-H55NV20A-80-A"},{"r":"95","t":"19:24:21","h":"Est","s":"25S-H55S000A-80-A"},{"r":"95","t":"19:24:29","h":"Est","s":"25N-H55N000I-80-I"},{"r":"95","t":"19:24:29","h":"Est","s":"25N-H55N100F-80-F1"},{"r":"95","t":"19:24:29","h":"Est","s":"25N-H55N200F-80-F2"},{"r":"95","t":"19:24:29","h":"Est","s":"25N-H55N300F-80-F3"},{"r":"95","t":"19:24:29","h":"Est","s":"25N-H55N400F-80-F4"},{"r":"95","t":"19:24:29","h":"Est","s":"25N-H55NV10I-80-I"},{"r":"95","t":"19:24:29","h":"Est","s":"25N-H55NV20I-80-I"},{"r":"95","t":"19:24:29","h":"Est","s":"25S-H55S000I-80-I"},{"r":"95","t":"19:24:29","h":"Est","s":"25S-H55S100F-80-F1"},{"r":"95","t":"19:24:29","h":"Est","s":"25S-H55S200F-80-F2"},{"r":"95","t":"19:35:14","h":"Est","s":"25N-H55N000S-80-S"},{"r":"95","t":"19:35:14","h":"Est","s":"25N-H55N000S-82-S"},{"r":"95","t":"19:35:14","h":"Est","s":"25N-H55NV10S-85-S"},{"r":"95","t":"19:35:14","h":"Est","s":"25N-H55NV20S-81-S"},{"r":"95","t":"19:35:14","h":"Est","s":"25S-H55S000S-82-S"},{"r":"95","t":"19:54:21","h":"Est","s":"25N-H55N000A-80-A"},{"r":"95","t":"19:54:21","h":"Est","s":"25N-H55NV10A-80-A"},{"r":"95","t":"19:54:21","h":"Est","s":"25N-H55NV20A-80-A"},{"r":"95","t":"19:54:21","h":"Est","s":"25S-H55S000A-80-A"},{"r":"95","t":"19:54:29","h":"Est","s":"25N-H55N000I-80-I"},{"r":"95","t":"19:54:29","h":"Est","s":"25N-H55N100F-80-F1"},{"r":"95","t":"19:54:29","h":"Est","s":"25N-H55N200F-80-F2"},{"r":"95","t":"19:54:29","h":"Est","s":"25N-H55N300F-80-F3"},{"r":"95","t":"19:54:29","h":"Est","s":"25N-H55N400F-80-F4"},{"r":"95","t":"19:54:29","h":"Est","s":"25N-H55NV10I-80-I"},{"r":"95","t":"19:54:29","h":"Est","s":"25N-H55NV20I-80-I"},{"r":"95","t":"19:54:29","h":"Est","s":"25S-H55S000I-80-I"},{"r":"95","t":"19:54:29","h":"Est","s":"25S-H55S100F-80-F1"},{"r":"95","t":"19:54:29","h":"Est","s":"25S-H55S200F-80-F2"},{"r":"95","t":"20:04:21","h":"Est","s":"25N-H55N000S-80-S"},{"r":"95","t":"20:04:21","h":"Est","s":"25N-H55N000S-82-S"},{"r":"95","t":"20:04:21","h":"Est","s":"25N-H55NV10S-85-S"},{"r":"95","t":"20:04:21","h":"Est","s":"25N-H55NV20S-81-S"},{"r":"95","t":"20:04:21","h":"Est","s":"25S-H55S000S-82-S"},{"r":"95","t":"20:22:21","h":"Est","s":"25N-H55N000A-80-A"},{"r":"95","t":"20:22:21","h":"Est","s":"25N-H55NV10A-80-A"},{"r":"95","t":"20:22:21","h":"Est","s":"25N-H55NV20A-80-A"},{"r":"95","t":"20:22:21","h":"Est","s":"25S-H55S000A-80-A"},{"r":"95","t":"20:24:29","h":"Est","s":"25N-H55N000I-80-I"},{"r":"95","t":"20:24:29","h":"Est","s":"25N-H55N100F-80-F1"},{"r":"95","t":"20:24:29","h":"Est","s":"25N-H55N200F-80-F2"},{"r":"95","t":"20:24:29","h":"Est","s":"25N-H55N300F-80-F3"},{"r":"95","t":"20:24:29","h":"Est","s":"25N-H55N400F-80-F4"},{"r":"95","t":"20:24:29","h":"Est","s":"25N-H55NV10I-80-I"},{"r":"95","t":"20:24:29","h":"Est","s":"25N-H55NV20I-80-I"},{"r":"95","t":"20:24:29","h":"Est","s":"25S-H55S000I-80-I"},{"r":"95","t":"20:24:29","h":"Est","s":"25S-H55S100F-80-F1"},{"r":"95","t":"20:24:29","h":"Est","s":"25S-H55S200F-80-F2"},{"r":"95","t":"20:34:21","h":"Est","s":"25N-H55N000S-80-S"},{"r":"95","t":"20:34:21","h":"Est","s":"25N-H55N000S-82-S"},{"r":"95","t":"20:34:21","h":"Est","s":"25N-H55NV10S-85-S"},{"r":"95","t":"20:34:21","h":"Est","s":"25N-H55NV20S-81-S"},{"r":"95","t":"20:34:21","h":"Est","s":"25S-H55S000S-82-S"},{"r":"95","t":"20:51:21","h":"Est","s":"25N-H55N000A-80-A"},{"r":"95","t":"20:51:21","h":"Est","s":"25N-H55NV10A-80-A"},{"r":"95","t":"20:51:21","h":"Est","s":"25N-H55NV20A-80-A"},{"r":"95","t":"20:51:21","h":"Est","s":"25S-H55S000A-80-A"},{"r":"95","t":"20:56:29","h":"Est","s":"25N-H55N000I-80-I"},{"r":"95","t":"20:56:29","h":"Est","s":"25N-H55N100F-80-F1"},{"r":"95","t":"20:56:29","h":"Est","s":"25N-H55N200F-80-F2"},{"r":"95","t":"20:56:29","h":"Est","s":"25N-H55N300F-80-F3"},{"r":"95","t":"20:56:29","h":"Est","s":"25N-H55N400F-80-F4"},{"r":"95","t":"20:56:29","h":"Est","s":"25N-H55NV10I-80-I"},{"r":"95","t":"20:56:29","h":"Est","s":"25N-H55NV20I-80-I"},{"r":"95","t":"20:56:29","h":"Est","s":"25S-H55S000I-80-I"},{"r":"95","t":"20:56:29","h":"Est","s":"25S-H55S100F-80-F1"},{"r":"95","t":"20:56:29","h":"Est","s":"25S-H55S200F-80-F2"},{"r":"95","t":"21:04:21","h":"Est","s":"25N-H55N000S-80-S"},{"r":"95","t":"21:04:21","h":"Est","s":"25N-H55N000S-82-S"},{"r":"95","t":"21:04:21","h":"Est","s":"25N-H55NV10S-85-S"},{"r":"95","t":"21:04:21","h":"Est","s":"25N-H55NV20S-81-S"},{"r":"95","t":"21:04:21","h":"Est","s":"25S-H55S000S-82-S"},{"r":"95","t":"21:21:21","h":"Est","s":"25N-H55N000A-80-A"},{"r":"95","t":"21:21:21","h":"Est","s":"25N-H55NV10A-80-A"},{"r":"95","t":"21:21:21","h":"Est","s":"25N-H55NV20A-80-A"},{"r":"95","t":"21:21:21","h":"Est","s":"25S-H55S000A-80-A"},{"r":"95","t":"21:28:29","h":"Est","s":"25N-H55N000I-80-I"},{"r":"95","t":"21:28:29","h":"Est","s":"25N-H55N100F-80-F1"},{"r":"95","t":"21:28:29","h":"Est","s":"25N-H55N200F-80-F2"},{"r":"95","t":"21:28:29","h":"Est","s":"25N-H55N300F-80-F3"},{"r":"95","t":"21:28:29","h":"Est","s":"25N-H55N400F-80-F4"},{"r":"95","t":"21:28:29","h":"Est","s":"25N-H55NV10I-80-I"},{"r":"95","t":"21:28:29","h":"Est","s":"25N-H55NV20I-80-I"},{"r":"95","t":"21:28:29","h":"Est","s":"25S-H55S000I-80-I"},{"r":"95","t":"21:28:29","h":"Est","s":"25S-H55S100F-80-F1"},{"r":"95","t":"21:28:29","h":"Est","s":"25S-H55S200F-80-F2"},{"r":"95","t":"21:35:21","h":"Est","s":"25N-H55N000S-80-S"},{"r":"95","t":"21:35:21","h":"Est","s":"25N-H55N000S-82-S"},{"r":"95","t":"21:35:21","h":"Est","s":"25N-H55NV10S-85-S"},{"r":"95","t":"21:35:21","h":"Est","s":"25N-H55NV20S-81-S"},{"r":"95","t":"21:35:21","h":"Est","s":"25S-H55S000S-82-S"},{"r":"95","t":"21:51:21","h":"Est","s":"25N-H55N000A-80-A"},{"r":"95","t":"21:51:21","h":"Est","s":"25N-H55NV10A-80-A"},{"r":"95","t":"21:51:21","h":"Est","s":"25N-H55NV20A-80-A"},{"r":"95","t":"21:51:21","h":"Est","s":"25S-H55S000A-80-A"},{"r":"95","t":"22:00:29","h":"Est","s":"25N-H55N000I-80-I"},{"r":"95","t":"22:00:29","h":"Est","s":"25N-H55N100F-80-F1"},{"r":"95","t":"22:00:29","h":"Est","s":"25N-H55N200F-80-F2"},{"r":"95","t":"22:00:29","h":"Est","s":"25N-H55N300F-80-F3"},{"r":"95","t":"22:00:29","h":"Est","s":"25N-H55N400F-80-F4"},{"r":"95","t":"22:00:29","h":"Est","s":"25N-H55NV10I-80-I"},{"r":"95","t":"22:00:29","h":"Est","s":"25N-H55NV20I-80-I"},{"r":"95","t":"22:00:29","h":"Est","s":"25S-H55S000I-80-I"},{"r":"95","t":"22:00:29","h":"Est","s":"25S-H55S100F-80-F1"},{"r":"95","t":"22:00:29","h":"Est","s":"25S-H55S200F-80-F2"},{"r":"95","t":"22:07:21","h":"Est","s":"25N-H55N000S-80-S"},{"r":"95","t":"22:07:21","h":"Est","s":"25N-H55N000S-82-S"},{"r":"95","t":"22:07:21","h":"Est","s":"25N-H55NV10S-85-S"},{"r":"95","t":"22:07:21","h":"Est","s":"25N-H55NV20S-81-S"},{"r":"95","t":"22:07:21","h":"Est","s":"25S-H55S000S-82-S"},{"r":"95","t":"22:21:21","h":"Est","s":"25N-H55N000A-80-A"},{"r":"95","t":"22:21:21","h":"Est","s":"25N-H55NV10A-80-A"},{"r":"95","t":"22:21:21","h":"Est","s":"25N-H55NV20A-80-A"},{"r":"95","t":"22:21:21","h":"Est","s":"25S-H55S000A-80-A"},{"r":"95","t":"22:35:29","h":"Est","s":"25N-H55N000I-80-I"},{"r":"95","t":"22:35:29","h":"Est","s":"25N-H55N100F-80-F1"},{"r":"95","t":"22:35:29","h":"Est","s":"25N-H55N200F-80-F2"},{"r":"95","t":"22:35:29","h":"Est","s":"25N-H55N300F-80-F3"},{"r":"95","t":"22:35:29","h":"Est","s":"25N-H55N400F-80-F4"},{"r":"95","t":"22:35:29","h":"Est","s":"25N-H55NV10I-80-I"},{"r":"95","t":"22:35:29","h":"Est","s":"25N-H55NV20I-80-I"},{"r":"95","t":"22:35:29","h":"Est","s":"25S-H55S000I-80-I"},{"r":"95","t":"22:35:29","h":"Est","s":"25S-H55S100F-80-F1"},{"r":"95","t":"22:35:29","h":"Est","s":"25S-H55S200F-80-F2"},{"r":"95","t":"22:39:21","h":"Est","s":"25N-H55N000S-80-S"},{"r":"95","t":"22:39:21","h":"Est","s":"25N-H55N000S-82-S"},{"r":"95","t":"22:39:21","h":"Est","s":"25N-H55NV10S-85-S"},{"r":"95","t":"22:39:21","h":"Est","s":"25N-H55NV20S-81-S"},{"r":"95","t":"22:39:21","h":"Est","s":"25S-H55S000S-82-S"},{"r":"95","t":"22:51:21","h":"Est","s":"25N-H55N000A-80-A"},{"r":"95","t":"22:51:21","h":"Est","s":"25N-H55NV10A-80-A"},{"r":"95","t":"22:51:21","h":"Est","s":"25N-H55NV20A-80-A"},{"r":"95","t":"22:51:21","h":"Est","s":"25S-H55S000A-80-A"},{"r":"95","t":"23:10:29","h":"Est","s":"25N-H55N000I-80-I"},{"r":"95","t":"23:10:29","h":"Est","s":"25N-H55N100F-80-F1"},{"r":"95","t":"23:10:29","h":"Est","s":"25N-H55N200F-80-F2"},{"r":"95","t":"23:10:29","h":"Est","s":"25N-H55N300F-80-F3"},{"r":"95","t":"23:10:29","h":"Est","s":"25N-H55N400F-80-F4"},{"r":"95","t":"23:10:29","h":"Est","s":"25N-H55NV10I-80-I"},{"r":"95","t":"23:10:29","h":"Est","s":"25N-H55NV20I-80-I"},{"r":"95","t":"23:10:29","h":"Est","s":"25S-H55S000I-80-I"},{"r":"95","t":"23:10:29","h":"Est","s":"25S-H55S100F-80-F1"},{"r":"95","t":"23:10:29","h":"Est","s":"25S-H55S200F-80-F2"},{"r":"95","t":"23:11:21","h":"Est","s":"25N-H55N000S-80-S"},{"r":"95","t":"23:11:21","h":"Est","s":"25N-H55N000S-82-S"},{"r":"95","t":"23:11:21","h":"Est","s":"25N-H55NV10S-85-S"},{"r":"95","t":"23:11:21","h":"Est","s":"25N-H55NV20S-81-S"},{"r":"95","t":"23:11:21","h":"Est","s":"25S-H55S000S-82-S"},{"r":"95","t":"23:21:21","h":"Est","s":"25N-H55N000A-80-A"},{"r":"95","t":"23:21:21","h":"Est","s":"25N-H55NV10A-80-A"},{"r":"95","t":"23:21:21","h":"Est","s":"25N-H55NV20A-80-A"},{"r":"95","t":"23:21:21","h":"Est","s":"25S-H55S000A-80-A"},{"r":"95","t":"23:43:21","h":"Est","s":"25N-H55N000S-80-S"},{"r":"95","t":"23:43:21","h":"Est","s":"25N-H55N000S-82-S"},{"r":"95","t":"23:43:21","h":"Est","s":"25N-H55NV10S-85-S"},{"r":"95","t":"23:43:21","h":"Est","s":"25N-H55NV20S-81-S"},{"r":"95","t":"23:43:21","h":"Est","s":"25S-H55S000S-82-S"},{"r":"95","t":"23:44:29","h":"Est","s":"25N-H55N000I-80-I"},{"r":"95","t":"23:44:29","h":"Est","s":"25N-H55N100F-80-F1"},{"r":"95","t":"23:44:29","h":"Est","s":"25N-H55N200F-80-F2"},{"r":"95","t":"23:44:29","h":"Est","s":"25N-H55N300F-80-F3"},{"r":"95","t":"23:44:29","h":"Est","s":"25N-H55N400F-80-F4"},{"r":"95","t":"23:44:29","h":"Est","s":"25N-H55NV10I-80-I"},{"r":"95","t":"23:44:29","h":"Est","s":"25N-H55NV20I-80-I"},{"r":"95","t":"23:44:29","h":"Est","s":"25S-H55S000I-80-I"},{"r":"95","t":"23:44:29","h":"Est","s":"25S-H55S100F-80-F1"},{"r":"95","t":"23:44:29","h":"Est","s":"25S-H55S200F-80-F2"},{"r":"95","t":"23:49:21","h":"Est","s":"25N-H55N000A-80-A"},{"r":"95","t":"23:49:21","h":"Est","s":"25N-H55NV10A-80-A"},{"r":"95","t":"23:49:21","h":"Est","s":"25N-H55NV20A-80-A"},{"r":"95","t":"23:49:21","h":"Est","s":"25S-H55S000A-80-A"},{"r":"95","t":"24:16:29","h":"Est","s":"25N-H55N000S-80-S"},{"r":"95","t":"24:16:29","h":"Est","s":"25N-H55N000S-82-S"},{"r":"95","t":"24:16:29","h":"Est","s":"25N-H55NV10S-85-S"},{"r":"95","t":"24:16:29","h":"Est","s":"25N-H55NV20S-81-S"},{"r":"95","t":"24:16:29","h":"Est","s":"25S-H55S000S-82-S"},{"r":"95","t":"24:17:21","h":"Est","s":"25N-H55N000A-80-A"},{"r":"95","t":"24:17:21","h":"Est","s":"25N-H55NV10A-80-A"},{"r":"95","t":"24:17:21","h":"Est","s":"25N-H55NV20A-80-A"},{"r":"95","t":"24:17:21","h":"Est","s":"25S-H55S000A-80-A"},{"r":"95","t":"24:18:29","h":"Est","s":"25N-H55N000I-80-I"},{"r":"95","t":"24:18:29","h":"Est","s":"25N-H55N100F-80-F1"},{"r":"95","t":"24:18:29","h":"Est","s":"25N-H55N200F-80-F2"},{"r":"95","t":"24:18:29","h":"Est","s":"25N-H55N300F-80-F3"},{"r":"95","t":"24:18:29","h":"Est","s":"25N-H55N400F-80-F4"},{"r":"95","t":"24:18:29","h":"Est","s":"25N-H55NV10I-80-I"},{"r":"95","t":"24:18:29","h":"Est","s":"25N-H55NV20I-80-I"},{"r":"95","t":"24:18:29","h":"Est","s":"25S-H55S000I-80-I"},{"r":"95","t":"24:18:29","h":"Est","s":"25S-H55S100F-80-F1"},{"r":"95","t":"24:18:29","h":"Est","s":"25S-H55S200F-80-F2"},{"r":"95","t":"24:49:29","h":"Est","s":"25N-H55N000I-80-I"},{"r":"95","t":"24:49:29","h":"Est","s":"25N-H55N100F-80-F1"},{"r":"95","t":"24:49:29","h":"Est","s":"25N-H55N200F-80-F2"},{"r":"95","t":"24:49:29","h":"Est","s":"25N-H55N300F-80-F3"},{"r":"95","t":"24:49:29","h":"Est","s":"25N-H55N400F-80-F4"},{"r":"95","t":"24:49:29","h":"Est","s":"25N-H55NV10I-80-I"},{"r":"95","t":"24:49:29","h":"Est","s":"25N-H55NV20I-80-I"},{"r":"95","t":"24:49:29","h":"Est","s":"25S-H55S000I-80-I"},{"r":"95","t":"24:49:29","h":"Est","s":"25S-H55S100F-80-F1"},{"r":"95","t":"24:49:29","h":"Est","s":"25S-H55S200F-80-F2"},{"r":"95","t":"24:50:29","h":"Est","s":"25N-H55N000S-80-S"},{"r":"95","t":"24:50:29","h":"Est","s":"25N-H55N000S-82-S"},{"r":"95","t":"24:50:29","h":"Est","s":"25N-H55NV10S-85-S"},{"r":"95","t":"24:50:29","h":"Est","s":"25N-H55NV20S-81-S"},{"r":"95","t":"24:50:29","h":"Est","s":"25S-H55S000S-82-S"},{"r":"95","t":"24:51:21","h":"Est","s":"25N-H55N000A-80-A"},{"r":"95","t":"24:51:21","h":"Est","s":"25N-H55NV10A-80-A"},{"r":"95","t":"24:51:21","h":"Est","s":"25N-H55NV20A-80-A"},{"r":"95","t":"24:51:21","h":"Est","s":"25S-H55S000A-80-A"},{"r":"95","t":"25:20:29","h":"Est","s":"25N-H55N000I-80-I"},{"r":"95","t":"25:20:29","h":"Est","s":"25N-H55N100F-80-F1"},{"r":"95","t":"25:20:29","h":"Est","s":"25N-H55N200F-80-F2"},{"r":"95","t":"25:20:29","h":"Est","s":"25N-H55N300F-80-F3"},{"r":"95","t":"25:20:29","h":"Est","s":"25N-H55N400F-80-F4"},{"r":"95","t":"25:20:29","h":"Est","s":"25N-H55NV10I-80-I"},{"r":"95","t":"25:20:29","h":"Est","s":"25N-H55NV20I-80-I"},{"r":"95","t":"25:20:29","h":"Est","s":"25S-H55S000I-80-I"},{"r":"95","t":"25:20:29","h":"Est","s":"25S-H55S100F-80-F1"},{"r":"95","t":"25:20:29","h":"Est","s":"25S-H55S200F-80-F2"},{"r":"95","t":"25:22:29","h":"Est","s":"25N-H55N000S-80-S"},{"r":"95","t":"25:22:29","h":"Est","s":"25N-H55N000S-82-S"},{"r":"95","t":"25:22:29","h":"Est","s":"25N-H55NV10S-85-S"},{"r":"95","t":"25:22:29","h":"Est","s":"25N-H55NV20S-81-S"},{"r":"95","t":"25:22:29","h":"Est","s":"25S-H55S000S-82-S"},{"r":"95","t":"25:23:29","h":"Est","s":"25N-H55N000A-80-A"},{"r":"95","t":"25:23:29","h":"Est","s":"25N-H55NV10A-80-A"},{"r":"95","t":"25:23:29","h":"Est","s":"25N-H55NV20A-80-A"},{"r":"95","t":"25:23:29","h":"Est","s":"25S-H55S000A-80-A"},{"r":"95","t":"25:55:29","h":"Est","s":"25N-H55N000A-80-A"},{"r":"95","t":"25:55:29","h":"Est","s":"25N-H55NV10A-80-A"},{"r":"95","t":"25:55:29","h":"Est","s":"25N-H55NV20A-80-A"},{"r":"95","t":"25:55:29","h":"Est","s":"25S-H55S000A-80-A"}]