[{"r":"80","t":"05:30:13","h":"Sud","s":"25N-H50N000A-80-A"},{"r":"80","t":"05:30:13","h":"Sud","s":"25N-H50N000A-90-A"},{"r":"80","t":"05:30:13","h":"Sud","s":"25N-H50N000I-80-I"},{"r":"80","t":"05:30:13","h":"Sud","s":"25N-H50N000I-90-I"},{"r":"80","t":"05:30:13","h":"Sud","s":"25N-H50N100F-90-F1"},{"r":"80","t":"05:30:13","h":"Sud","s":"25N-H50N200F-90-F2"},{"r":"80","t":"05:30:13","h":"Sud","s":"25N-H50N300F-90-F3"},{"r":"80","t":"05:30:13","h":"Sud","s":"25N-H50N400F-90-F4"},{"r":"80","t":"05:30:13","h":"Sud","s":"25N-H50NV10A-90-A"},{"r":"80","t":"05:30:13","h":"Sud","s":"25N-H50NV10I-90-I"},{"r":"80","t":"05:30:13","h":"Sud","s":"25N-H50NV20A-90-A"},{"r":"80","t":"05:30:13","h":"Sud","s":"25N-H50NV20I-90-I"},{"r":"80","t":"05:30:13","h":"Sud","s":"25S-H50S000A-81-A"},{"r":"80","t":"05:30:13","h":"Sud","s":"25S-H50S000I-81-I"},{"r":"80","t":"05:30:13","h":"Sud","s":"25S-H50S100F-80-F1"},{"r":"80","t":"05:30:13","h":"Sud","s":"25S-H50S200F-80-F2"},{"r":"80","t":"05:31:35","h":"Sud","s":"25N-H50N000S-80-S"},{"r":"80","t":"05:31:35","h":"Sud","s":"25N-H50N000S-90-S"},{"r":"80","t":"05:31:35","h":"Sud","s":"25N-H50NV10S-90-S"},{"r":"80","t":"05:31:35","h":"Sud","s":"25N-H50NV20S-90-S"},{"r":"80","t":"05:31:35","h":"Sud","s":"25S-H50S000S-81-S"},{"r":"80","t":"05:57:35","h":"Sud","s":"25N-H50N000S-80-S"},{"r":"80","t":"05:57:35","h":"Sud","s":"25N-H50N000S-90-S"},{"r":"80","t":"05:57:35","h":"Sud","s":"25N-H50NV10S-90-S"},{"r":"80","t":"05:57:35","h":"Sud","s":"25N-H50NV20S-90-S"},{"r":"80","t":"05:57:35","h":"Sud","s":"25S-H50S000S-81-S"},{"r":"80","t":"05:59:13","h":"Sud","s":"25N-H50N000I-80-I"},{"r":"80","t":"05:59:13","h":"Sud","s":"25N-H50N000I-90-I"},{"r":"80","t":"05:59:13","h":"Sud","s":"25N-H50N100F-90-F1"},{"r":"80","t":"05:59:13","h":"Sud","s":"25N-H50N200F-90-F2"},{"r":"80","t":"05:59:13","h":"Sud","s":"25N-H50N300F-90-F3"},{"r":"80","t":"05:59:13","h":"Sud","s":"25N-H50N400F-90-F4"},{"r":"80","t":"05:59:13","h":"Sud","s":"25N-H50NV10I-90-I"},{"r":"80","t":"05:59:13","h":"Sud","s":"25N-H50NV20I-90-I"},{"r":"80","t":"05:59:13","h":"Sud","s":"25S-H50S000I-81-I"},{"r":"80","t":"05:59:13","h":"Sud","s":"25S-H50S100F-80-F1"},{"r":"80","t":"05:59:13","h":"Sud","s":"25S-H50S200F-80-F2"},{"r":"80","t":"06:02:13","h":"Sud","s":"25N-H50N000A-80-A"},{"r":"80","t":"06:02:13","h":"Sud","s":"25N-H50N000A-90-A"},{"r":"80","t":"06:02:13","h":"Sud","s":"25N-H50NV10A-90-A"},{"r":"80","t":"06:02:13","h":"Sud","s":"25N-H50NV20A-90-A"},{"r":"80","t":"06:02:13","h":"Sud","s":"25S-H50S000A-81-A"},{"r":"480","t":"06:20:58","h":"Sud","s":"25N-H50N000S-80-S"},{"r":"480","t":"06:20:58","h":"Sud","s":"25N-H50N000S-90-S"},{"r":"480","t":"06:20:58","h":"Sud","s":"25N-H50NV10S-90-S"},{"r":"480","t":"06:20:58","h":"Sud","s":"25N-H50NV20S-90-S"},{"r":"480","t":"06:20:58","h":"Sud","s":"25S-H50S000S-81-S"},{"r":"80","t":"06:23:35","h":"Sud","s":"25N-H50N000S-80-S"},{"r":"80","t":"06:23:35","h":"Sud","s":"25N-H50N000S-90-S"},{"r":"80","t":"06:23:35","h":"Sud","s":"25N-H50NV10S-90-S"},{"r":"80","t":"06:23:35","h":"Sud","s":"25N-H50NV20S-90-S"},{"r":"80","t":"06:23:35","h":"Sud","s":"25S-H50S000S-81-S"},{"r":"80","t":"06:33:13","h":"Sud","s":"25N-H50N000I-80-I"},{"r":"80","t":"06:33:13","h":"Sud","s":"25N-H50N000I-90-I"},{"r":"80","t":"06:33:13","h":"Sud","s":"25N-H50N100F-90-F1"},{"r":"80","t":"06:33:13","h":"Sud","s":"25N-H50N200F-90-F2"},{"r":"80","t":"06:33:13","h":"Sud","s":"25N-H50N300F-90-F3"},{"r":"80","t":"06:33:13","h":"Sud","s":"25N-H50N400F-90-F4"},{"r":"80","t":"06:33:13","h":"Sud","s":"25N-H50NV10I-90-I"},{"r":"80","t":"06:33:13","h":"Sud","s":"25N-H50NV20I-90-I"},{"r":"80","t":"06:33:13","h":"Sud","s":"25S-H50S000I-81-I"},{"r":"80","t":"06:33:13","h":"Sud","s":"25S-H50S100F-80-F1"},{"r":"80","t":"06:33:13","h":"Sud","s":"25S-H50S200F-80-F2"},{"r":"80","t":"06:35:35","h":"Sud","s":"25N-H50N000A-80-A"},{"r":"80","t":"06:35:35","h":"Sud","s":"25N-H50N000A-90-A"},{"r":"80","t":"06:35:35","h":"Sud","s":"25N-H50NV10A-90-A"},{"r":"80","t":"06:35:35","h":"Sud","s":"25N-H50NV20A-90-A"},{"r":"80","t":"06:35:35","h":"Sud","s":"25S-H50S000A-81-A"},{"r":"480","t":"06:39:58","h":"Sud","s":"25N-H50N000S-80-S"},{"r":"480","t":"06:39:58","h":"Sud","s":"25N-H50N000S-90-S"},{"r":"480","t":"06:39:58","h":"Sud","s":"25N-H50NV10S-90-S"},{"r":"480","t":"06:39:58","h":"Sud","s":"25N-H50NV20S-90-S"},{"r":"480","t":"06:39:58","h":"Sud","s":"25S-H50S000S-81-S"},{"r":"80","t":"06:50:35","h":"Sud","s":"25N-H50N000S-80-S"},{"r":"80","t":"06:50:35","h":"Sud","s":"25N-H50N000S-90-S"},{"r":"80","t":"06:50:35","h":"Sud","s":"25N-H50NV10S-90-S"},{"r":"80","t":"06:50:35","h":"Sud","s":"25N-H50NV20S-90-S"},{"r":"80","t":"06:50:35","h":"Sud","s":"25S-H50S000S-81-S"},{"r":"80","t":"07:01:58","h":"Sud","s":"25N-H50N000S-80-S"},{"r":"80","t":"07:01:58","h":"Sud","s":"25N-H50N000S-90-S"},{"r":"80","t":"07:01:58","h":"Sud","s":"25N-H50NV10S-90-S"},{"r":"80","t":"07:01:58","h":"Sud","s":"25N-H50NV20S-90-S"},{"r":"80","t":"07:01:58","h":"Sud","s":"25S-H50S000S-81-S"},{"r":"80","t":"07:02:13","h":"Sud","s":"25N-H50N000I-80-I"},{"r":"80","t":"07:02:13","h":"Sud","s":"25N-H50N000I-90-I"},{"r":"80","t":"07:02:13","h":"Sud","s":"25N-H50N100F-90-F1"},{"r":"80","t":"07:02:13","h":"Sud","s":"25N-H50N200F-90-F2"},{"r":"80","t":"07:02:13","h":"Sud","s":"25N-H50N300F-90-F3"},{"r":"80","t":"07:02:13","h":"Sud","s":"25N-H50N400F-90-F4"},{"r":"80","t":"07:02:13","h":"Sud","s":"25N-H50NV10I-90-I"},{"r":"80","t":"07:02:13","h":"Sud","s":"25N-H50NV20I-90-I"},{"r":"80","t":"07:02:13","h":"Sud","s":"25S-H50S000I-81-I"},{"r":"80","t":"07:02:13","h":"Sud","s":"25S-H50S100F-80-F1"},{"r":"80","t":"07:02:13","h":"Sud","s":"25S-H50S200F-80-F2"},{"r":"80","t":"07:07:35","h":"Sud","s":"25N-H50N000A-80-A"},{"r":"80","t":"07:07:35","h":"Sud","s":"25N-H50N000A-90-A"},{"r":"80","t":"07:07:35","h":"Sud","s":"25N-H50NV10A-90-A"},{"r":"80","t":"07:07:35","h":"Sud","s":"25N-H50NV20A-90-A"},{"r":"80","t":"07:07:35","h":"Sud","s":"25S-H50S000A-81-A"},{"r":"480","t":"07:10:58","h":"Sud","s":"25N-H50N000S-80-S"},{"r":"480","t":"07:10:58","h":"Sud","s":"25N-H50N000S-90-S"},{"r":"480","t":"07:10:58","h":"Sud","s":"25N-H50NV10S-90-S"},{"r":"480","t":"07:10:58","h":"Sud","s":"25N-H50NV20S-90-S"},{"r":"480","t":"07:10:58","h":"Sud","s":"25S-H50S000S-81-S"},{"r":"80","t":"07:14:58","h":"Sud","s":"25N-H50N000S-80-S"},{"r":"80","t":"07:14:58","h":"Sud","s":"25N-H50N000S-90-S"},{"r":"80","t":"07:14:58","h":"Sud","s":"25N-H50NV10S-90-S"},{"r":"80","t":"07:14:58","h":"Sud","s":"25N-H50NV20S-90-S"},{"r":"80","t":"07:14:58","h":"Sud","s":"25S-H50S000S-81-S"},{"r":"480","t":"07:21:58","h":"Sud","s":"25N-H50N000S-80-S"},{"r":"480","t":"07:21:58","h":"Sud","s":"25N-H50N000S-90-S"},{"r":"480","t":"07:21:58","h":"Sud","s":"25N-H50NV10S-90-S"},{"r":"480","t":"07:21:58","h":"Sud","s":"25N-H50NV20S-90-S"},{"r":"480","t":"07:21:58","h":"Sud","s":"25S-H50S000S-81-S"},{"r":"80","t":"07:27:58","h":"Sud","s":"25N-H50N000S-80-S"},{"r":"80","t":"07:27:58","h":"Sud","s":"25N-H50N000S-90-S"},{"r":"80","t":"07:27:58","h":"Sud","s":"25N-H50NV10S-90-S"},{"r":"80","t":"07:27:58","h":"Sud","s":"25N-H50NV20S-90-S"},{"r":"80","t":"07:27:58","h":"Sud","s":"25S-H50S000S-81-S"},{"r":"80","t":"07:33:13","h":"Sud","s":"25N-H50N000I-80-I"},{"r":"80","t":"07:33:13","h":"Sud","s":"25N-H50N000I-90-I"},{"r":"80","t":"07:33:13","h":"Sud","s":"25N-H50N100F-90-F1"},{"r":"80","t":"07:33:13","h":"Sud","s":"25N-H50N200F-90-F2"},{"r":"80","t":"07:33:13","h":"Sud","s":"25N-H50N300F-90-F3"},{"r":"80","t":"07:33:13","h":"Sud","s":"25N-H50N400F-90-F4"},{"r":"80","t":"07:33:13","h":"Sud","s":"25N-H50NV10I-90-I"},{"r":"80","t":"07:33:13","h":"Sud","s":"25N-H50NV20I-90-I"},{"r":"80","t":"07:33:13","h":"Sud","s":"25S-H50S000I-81-I"},{"r":"80","t":"07:33:13","h":"Sud","s":"25S-H50S100F-80-F1"},{"r":"80","t":"07:33:13","h":"Sud","s":"25S-H50S200F-80-F2"},{"r":"480","t":"07:35:20","h":"Sud","s":"25N-H50N000S-80-S"},{"r":"480","t":"07:35:20","h":"Sud","s":"25N-H50N000S-90-S"},{"r":"480","t":"07:35:20","h":"Sud","s":"25N-H50NV10S-90-S"},{"r":"480","t":"07:35:20","h":"Sud","s":"25N-H50NV20S-90-S"},{"r":"480","t":"07:35:20","h":"Sud","s":"25S-H50S000S-81-S"},{"r":"80","t":"07:39:35","h":"Sud","s":"25N-H50N000A-80-A"},{"r":"80","t":"07:39:35","h":"Sud","s":"25N-H50N000A-90-A"},{"r":"80","t":"07:39:35","h":"Sud","s":"25N-H50NV10A-90-A"},{"r":"80","t":"07:39:35","h":"Sud","s":"25N-H50NV20A-90-A"},{"r":"80","t":"07:39:35","h":"Sud","s":"25S-H50S000A-81-A"},{"r":"80","t":"07:42:20","h":"Sud","s":"25N-H50N000S-80-S"},{"r":"80","t":"07:42:20","h":"Sud","s":"25N-H50N000S-90-S"},{"r":"80","t":"07:42:20","h":"Sud","s":"25N-H50NV10S-90-S"},{"r":"80","t":"07:42:20","h":"Sud","s":"25N-H50NV20S-90-S"},{"r":"80","t":"07:42:20","h":"Sud","s":"25S-H50S000S-81-S"},{"r":"480","t":"07:49:20","h":"Sud","s":"25N-H50N000S-80-S"},{"r":"480","t":"07:49:20","h":"Sud","s":"25N-H50N000S-90-S"},{"r":"480","t":"07:49:20","h":"Sud","s":"25N-H50NV10S-90-S"},{"r":"480","t":"07:49:20","h":"Sud","s":"25N-H50NV20S-90-S"},{"r":"480","t":"07:49:20","h":"Sud","s":"25S-H50S000S-81-S"},{"r":"80","t":"07:52:20","h":"Sud","s":"25N-H50N000S-80-S"},{"r":"80","t":"07:52:20","h":"Sud","s":"25N-H50N000S-90-S"},{"r":"80","t":"07:52:20","h":"Sud","s":"25N-H50NV10S-90-S"},{"r":"80","t":"07:52:20","h":"Sud","s":"25N-H50NV20S-90-S"},{"r":"80","t":"07:52:20","h":"Sud","s":"25S-H50S000S-81-S"},{"r":"480","t":"07:59:20","h":"Sud","s":"25N-H50N000S-80-S"},{"r":"480","t":"07:59:20","h":"Sud","s":"25N-H50N000S-90-S"},{"r":"480","t":"07:59:20","h":"Sud","s":"25N-H50NV10S-90-S"},{"r":"480","t":"07:59:20","h":"Sud","s":"25N-H50NV20S-90-S"},{"r":"480","t":"07:59:20","h":"Sud","s":"25S-H50S000S-81-S"},{"r":"80","t":"08:04:13","h":"Sud","s":"25N-H50N000I-80-I"},{"r":"80","t":"08:04:13","h":"Sud","s":"25N-H50N000I-90-I"},{"r":"80","t":"08:04:13","h":"Sud","s":"25N-H50N100F-90-F1"},{"r":"80","t":"08:04:13","h":"Sud","s":"25N-H50N200F-90-F2"},{"r":"80","t":"08:04:13","h":"Sud","s":"25N-H50N300F-90-F3"},{"r":"80","t":"08:04:13","h":"Sud","s":"25N-H50N400F-90-F4"},{"r":"80","t":"08:04:13","h":"Sud","s":"25N-H50NV10I-90-I"},{"r":"80","t":"08:04:13","h":"Sud","s":"25N-H50NV20I-90-I"},{"r":"80","t":"08:04:13","h":"Sud","s":"25S-H50S000I-81-I"},{"r":"80","t":"08:04:13","h":"Sud","s":"25S-H50S100F-80-F1"},{"r":"80","t":"08:04:13","h":"Sud","s":"25S-H50S200F-80-F2"},{"r":"80","t":"08:04:20","h":"Sud","s":"25N-H50N000S-80-S"},{"r":"80","t":"08:04:20","h":"Sud","s":"25N-H50N000S-90-S"},{"r":"80","t":"08:04:20","h":"Sud","s":"25N-H50NV10S-90-S"},{"r":"80","t":"08:04:20","h":"Sud","s":"25N-H50NV20S-90-S"},{"r":"80","t":"08:04:20","h":"Sud","s":"25S-H50S000S-81-S"},{"r":"80","t":"08:13:35","h":"Sud","s":"25N-H50N000A-80-A"},{"r":"80","t":"08:13:35","h":"Sud","s":"25N-H50N000A-90-A"},{"r":"80","t":"08:13:35","h":"Sud","s":"25N-H50NV10A-90-A"},{"r":"80","t":"08:13:35","h":"Sud","s":"25N-H50NV20A-90-A"},{"r":"80","t":"08:13:35","h":"Sud","s":"25S-H50S000A-81-A"},{"r":"80","t":"08:15:20","h":"Sud","s":"25N-H50N000S-80-S"},{"r":"80","t":"08:15:20","h":"Sud","s":"25N-H50N000S-90-S"},{"r":"80","t":"08:15:20","h":"Sud","s":"25N-H50NV10S-90-S"},{"r":"80","t":"08:15:20","h":"Sud","s":"25N-H50NV20S-90-S"},{"r":"80","t":"08:15:20","h":"Sud","s":"25S-H50S000S-81-S"},{"r":"480","t":"08:23:20","h":"Sud","s":"25N-H50N000S-80-S"},{"r":"480","t":"08:23:20","h":"Sud","s":"25N-H50N000S-90-S"},{"r":"480","t":"08:23:20","h":"Sud","s":"25N-H50NV10S-90-S"},{"r":"480","t":"08:23:20","h":"Sud","s":"25N-H50NV20S-90-S"},{"r":"480","t":"08:23:20","h":"Sud","s":"25S-H50S000S-81-S"},{"r":"80","t":"08:25:20","h":"Sud","s":"25N-H50N000S-80-S"},{"r":"80","t":"08:25:20","h":"Sud","s":"25N-H50N000S-90-S"},{"r":"80","t":"08:25:20","h":"Sud","s":"25N-H50NV10S-90-S"},{"r":"80","t":"08:25:20","h":"Sud","s":"25N-H50NV20S-90-S"},{"r":"80","t":"08:25:20","h":"Sud","s":"25S-H50S000S-81-S"},{"r":"480","t":"08:32:20","h":"Sud","s":"25N-H50N000S-80-S"},{"r":"480","t":"08:32:20","h":"Sud","s":"25N-H50N000S-90-S"},{"r":"480","t":"08:32:20","h":"Sud","s":"25N-H50NV10S-90-S"},{"r":"480","t":"08:32:20","h":"Sud","s":"25N-H50NV20S-90-S"},{"r":"480","t":"08:32:20","h":"Sud","s":"25S-H50S000S-81-S"},{"r":"80","t":"08:35:58","h":"Sud","s":"25N-H50N000I-80-I"},{"r":"80","t":"08:35:58","h":"Sud","s":"25N-H50N000I-90-I"},{"r":"80","t":"08:35:58","h":"Sud","s":"25N-H50N100F-90-F1"},{"r":"80","t":"08:35:58","h":"Sud","s":"25N-H50N200F-90-F2"},{"r":"80","t":"08:35:58","h":"Sud","s":"25N-H50N300F-90-F3"},{"r":"80","t":"08:35:58","h":"Sud","s":"25N-H50N400F-90-F4"},{"r":"80","t":"08:35:58","h":"Sud","s":"25N-H50NV10I-90-I"},{"r":"80","t":"08:35:58","h":"Sud","s":"25N-H50NV20I-90-I"},{"r":"80","t":"08:35:58","h":"Sud","s":"25S-H50S000I-81-I"},{"r":"80","t":"08:35:58","h":"Sud","s":"25S-H50S100F-80-F1"},{"r":"80","t":"08:35:58","h":"Sud","s":"25S-H50S200F-80-F2"},{"r":"80","t":"08:38:42","h":"Sud","s":"25N-H50N000S-80-S"},{"r":"80","t":"08:38:42","h":"Sud","s":"25N-H50N000S-90-S"},{"r":"80","t":"08:38:42","h":"Sud","s":"25N-H50NV10S-90-S"},{"r":"80","t":"08:38:42","h":"Sud","s":"25N-H50NV20S-90-S"},{"r":"80","t":"08:38:42","h":"Sud","s":"25S-H50S000S-81-S"},{"r":"480","t":"08:43:20","h":"Sud","s":"25N-H50N000S-80-S"},{"r":"480","t":"08:43:20","h":"Sud","s":"25N-H50N000S-90-S"},{"r":"480","t":"08:43:20","h":"Sud","s":"25N-H50NV10S-90-S"},{"r":"480","t":"08:43:20","h":"Sud","s":"25N-H50NV20S-90-S"},{"r":"480","t":"08:43:20","h":"Sud","s":"25S-H50S000S-81-S"},{"r":"80","t":"08:44:35","h":"Sud","s":"25N-H50N000A-80-A"},{"r":"80","t":"08:44:35","h":"Sud","s":"25N-H50N000A-90-A"},{"r":"80","t":"08:44:35","h":"Sud","s":"25N-H50NV10A-90-A"},{"r":"80","t":"08:44:35","h":"Sud","s":"25N-H50NV20A-90-A"},{"r":"80","t":"08:44:35","h":"Sud","s":"25S-H50S000A-81-A"},{"r":"80","t":"08:48:42","h":"Sud","s":"25N-H50N000S-80-S"},{"r":"80","t":"08:48:42","h":"Sud","s":"25N-H50N000S-90-S"},{"r":"80","t":"08:48:42","h":"Sud","s":"25N-H50NV10S-90-S"},{"r":"80","t":"08:48:42","h":"Sud","s":"25N-H50NV20S-90-S"},{"r":"80","t":"08:48:42","h":"Sud","s":"25S-H50S000S-81-S"},{"r":"480","t":"08:52:20","h":"Sud","s":"25N-H50N000S-80-S"},{"r":"480","t":"08:52:20","h":"Sud","s":"25N-H50N000S-90-S"},{"r":"480","t":"08:52:20","h":"Sud","s":"25N-H50NV10S-90-S"},{"r":"480","t":"08:52:20","h":"Sud","s":"25N-H50NV20S-90-S"},{"r":"480","t":"08:52:20","h":"Sud","s":"25S-H50S000S-81-S"},{"r":"80","t":"09:00:42","h":"Sud","s":"25N-H50N000S-80-S"},{"r":"80","t":"09:00:42","h":"Sud","s":"25N-H50N000S-90-S"},{"r":"80","t":"09:00:42","h":"Sud","s":"25N-H50NV10S-90-S"},{"r":"80","t":"09:00:42","h":"Sud","s":"25N-H50NV20S-90-S"},{"r":"80","t":"09:00:42","h":"Sud","s":"25S-H50S000S-81-S"},{"r":"80","t":"09:06:58","h":"Sud","s":"25N-H50N000I-80-I"},{"r":"80","t":"09:06:58","h":"Sud","s":"25N-H50N000I-90-I"},{"r":"80","t":"09:06:58","h":"Sud","s":"25N-H50N100F-90-F1"},{"r":"80","t":"09:06:58","h":"Sud","s":"25N-H50N200F-90-F2"},{"r":"80","t":"09:06:58","h":"Sud","s":"25N-H50N300F-90-F3"},{"r":"80","t":"09:06:58","h":"Sud","s":"25N-H50N400F-90-F4"},{"r":"80","t":"09:06:58","h":"Sud","s":"25N-H50NV10I-90-I"},{"r":"80","t":"09:06:58","h":"Sud","s":"25N-H50NV20I-90-I"},{"r":"80","t":"09:06:58","h":"Sud","s":"25S-H50S000I-81-I"},{"r":"80","t":"09:06:58","h":"Sud","s":"25S-H50S100F-80-F1"},{"r":"80","t":"09:06:58","h":"Sud","s":"25S-H50S200F-80-F2"},{"r":"80","t":"09:09:42","h":"Sud","s":"25N-H50N000S-80-S"},{"r":"80","t":"09:09:42","h":"Sud","s":"25N-H50N000S-90-S"},{"r":"80","t":"09:09:42","h":"Sud","s":"25N-H50NV10S-90-S"},{"r":"80","t":"09:09:42","h":"Sud","s":"25N-H50NV20S-90-S"},{"r":"80","t":"09:09:42","h":"Sud","s":"25S-H50S000S-81-S"},{"r":"80","t":"09:10:35","h":"Sud","s":"25N-H50N000A-80-A"},{"r":"80","t":"09:10:35","h":"Sud","s":"25N-H50N000A-90-A"},{"r":"80","t":"09:10:35","h":"Sud","s":"25N-H50NV10A-90-A"},{"r":"80","t":"09:10:35","h":"Sud","s":"25N-H50NV20A-90-A"},{"r":"80","t":"09:10:35","h":"Sud","s":"25S-H50S000A-81-A"},{"r":"480","t":"09:13:58","h":"Sud","s":"25N-H50N000S-80-S"},{"r":"480","t":"09:13:58","h":"Sud","s":"25N-H50N000S-90-S"},{"r":"480","t":"09:13:58","h":"Sud","s":"25N-H50NV10S-90-S"},{"r":"480","t":"09:13:58","h":"Sud","s":"25N-H50NV20S-90-S"},{"r":"480","t":"09:13:58","h":"Sud","s":"25S-H50S000S-81-S"},{"r":"80","t":"09:21:42","h":"Sud","s":"25N-H50N000S-80-S"},{"r":"80","t":"09:21:42","h":"Sud","s":"25N-H50N000S-90-S"},{"r":"80","t":"09:21:42","h":"Sud","s":"25N-H50NV10S-90-S"},{"r":"80","t":"09:21:42","h":"Sud","s":"25N-H50NV20S-90-S"},{"r":"80","t":"09:21:42","h":"Sud","s":"25S-H50S000S-81-S"},{"r":"80","t":"09:29:35","h":"Sud","s":"25N-H50N000A-80-A"},{"r":"80","t":"09:29:35","h":"Sud","s":"25N-H50N000A-90-A"},{"r":"80","t":"09:29:35","h":"Sud","s":"25N-H50NV10A-90-A"},{"r":"80","t":"09:29:35","h":"Sud","s":"25N-H50NV20A-90-A"},{"r":"80","t":"09:29:35","h":"Sud","s":"25S-H50S000A-81-A"},{"r":"80","t":"09:31:42","h":"Sud","s":"25N-H50N000S-80-S"},{"r":"80","t":"09:31:42","h":"Sud","s":"25N-H50N000S-90-S"},{"r":"80","t":"09:31:42","h":"Sud","s":"25N-H50NV10S-90-S"},{"r":"80","t":"09:31:42","h":"Sud","s":"25N-H50NV20S-90-S"},{"r":"80","t":"09:31:42","h":"Sud","s":"25S-H50S000S-81-S"},{"r":"80","t":"09:34:58","h":"Sud","s":"25N-H50N000I-80-I"},{"r":"80","t":"09:34:58","h":"Sud","s":"25N-H50N000I-90-I"},{"r":"80","t":"09:34:58","h":"Sud","s":"25N-H50N100F-90-F1"},{"r":"80","t":"09:34:58","h":"Sud","s":"25N-H50N200F-90-F2"},{"r":"80","t":"09:34:58","h":"Sud","s":"25N-H50N300F-90-F3"},{"r":"80","t":"09:34:58","h":"Sud","s":"25N-H50N400F-90-F4"},{"r":"80","t":"09:34:58","h":"Sud","s":"25N-H50NV10I-90-I"},{"r":"80","t":"09:34:58","h":"Sud","s":"25N-H50NV20I-90-I"},{"r":"80","t":"09:34:58","h":"Sud","s":"25S-H50S000I-81-I"},{"r":"80","t":"09:34:58","h":"Sud","s":"25S-H50S100F-80-F1"},{"r":"80","t":"09:34:58","h":"Sud","s":"25S-H50S200F-80-F2"},{"r":"80","t":"09:42:42","h":"Sud","s":"25N-H50N000S-80-S"},{"r":"80","t":"09:42:42","h":"Sud","s":"25N-H50N000S-90-S"},{"r":"80","t":"09:42:42","h":"Sud","s":"25N-H50NV10S-90-S"},{"r":"80","t":"09:42:42","h":"Sud","s":"25N-H50NV20S-90-S"},{"r":"80","t":"09:42:42","h":"Sud","s":"25S-H50S000S-81-S"},{"r":"80","t":"09:47:35","h":"Sud","s":"25N-H50N000A-80-A"},{"r":"80","t":"09:47:35","h":"Sud","s":"25N-H50N000A-90-A"},{"r":"80","t":"09:47:35","h":"Sud","s":"25N-H50NV10A-90-A"},{"r":"80","t":"09:47:35","h":"Sud","s":"25N-H50NV20A-90-A"},{"r":"80","t":"09:47:35","h":"Sud","s":"25S-H50S000A-81-A"},{"r":"480","t":"09:47:58","h":"Sud","s":"25N-H50N000S-80-S"},{"r":"480","t":"09:47:58","h":"Sud","s":"25N-H50N000S-90-S"},{"r":"480","t":"09:47:58","h":"Sud","s":"25N-H50NV10S-90-S"},{"r":"480","t":"09:47:58","h":"Sud","s":"25N-H50NV20S-90-S"},{"r":"480","t":"09:47:58","h":"Sud","s":"25S-H50S000S-81-S"},{"r":"80","t":"09:54:42","h":"Sud","s":"25N-H50N000S-80-S"},{"r":"80","t":"09:54:42","h":"Sud","s":"25N-H50N000S-90-S"},{"r":"80","t":"09:54:42","h":"Sud","s":"25N-H50NV10S-90-S"},{"r":"80","t":"09:54:42","h":"Sud","s":"25N-H50NV20S-90-S"},{"r":"80","t":"09:54:42","h":"Sud","s":"25S-H50S000S-81-S"},{"r":"80","t":"09:59:58","h":"Sud","s":"25N-H50N000I-80-I"},{"r":"80","t":"09:59:58","h":"Sud","s":"25N-H50N000I-90-I"},{"r":"80","t":"09:59:58","h":"Sud","s":"25N-H50N100F-90-F1"},{"r":"80","t":"09:59:58","h":"Sud","s":"25N-H50N200F-90-F2"},{"r":"80","t":"09:59:58","h":"Sud","s":"25N-H50N300F-90-F3"},{"r":"80","t":"09:59:58","h":"Sud","s":"25N-H50N400F-90-F4"},{"r":"80","t":"09:59:58","h":"Sud","s":"25N-H50NV10I-90-I"},{"r":"80","t":"09:59:58","h":"Sud","s":"25N-H50NV20I-90-I"},{"r":"80","t":"09:59:58","h":"Sud","s":"25S-H50S000I-81-I"},{"r":"80","t":"09:59:58","h":"Sud","s":"25S-H50S100F-80-F1"},{"r":"80","t":"09:59:58","h":"Sud","s":"25S-H50S200F-80-F2"},{"r":"80","t":"10:03:35","h":"Sud","s":"25N-H50N000A-80-A"},{"r":"80","t":"10:03:35","h":"Sud","s":"25N-H50N000A-90-A"},{"r":"80","t":"10:03:35","h":"Sud","s":"25N-H50NV10A-90-A"},{"r":"80","t":"10:03:35","h":"Sud","s":"25N-H50NV20A-90-A"},{"r":"80","t":"10:03:35","h":"Sud","s":"25S-H50S000A-81-A"},{"r":"80","t":"10:15:42","h":"Sud","s":"25N-H50N000S-80-S"},{"r":"80","t":"10:15:42","h":"Sud","s":"25N-H50N000S-90-S"},{"r":"80","t":"10:15:42","h":"Sud","s":"25N-H50NV10S-90-S"},{"r":"80","t":"10:15:42","h":"Sud","s":"25N-H50NV20S-90-S"},{"r":"80","t":"10:15:42","h":"Sud","s":"25S-H50S000S-81-S"},{"r":"80","t":"10:18:35","h":"Sud","s":"25N-H50N000A-80-A"},{"r":"80","t":"10:18:35","h":"Sud","s":"25N-H50N000A-90-A"},{"r":"80","t":"10:18:35","h":"Sud","s":"25N-H50NV10A-90-A"},{"r":"80","t":"10:18:35","h":"Sud","s":"25N-H50NV20A-90-A"},{"r":"80","t":"10:18:35","h":"Sud","s":"25S-H50S000A-81-A"},{"r":"80","t":"10:25:20","h":"Sud","s":"25N-H50N000I-80-I"},{"r":"80","t":"10:25:20","h":"Sud","s":"25N-H50N000I-90-I"},{"r":"80","t":"10:25:20","h":"Sud","s":"25N-H50N100F-90-F1"},{"r":"80","t":"10:25:20","h":"Sud","s":"25N-H50N200F-90-F2"},{"r":"80","t":"10:25:20","h":"Sud","s":"25N-H50N300F-90-F3"},{"r":"80","t":"10:25:20","h":"Sud","s":"25N-H50N400F-90-F4"},{"r":"80","t":"10:25:20","h":"Sud","s":"25N-H50NV10I-90-I"},{"r":"80","t":"10:25:20","h":"Sud","s":"25N-H50NV20I-90-I"},{"r":"80","t":"10:25:20","h":"Sud","s":"25S-H50S000I-81-I"},{"r":"80","t":"10:25:20","h":"Sud","s":"25S-H50S100F-80-F1"},{"r":"80","t":"10:25:20","h":"Sud","s":"25S-H50S200F-80-F2"},{"r":"80","t":"10:33:58","h":"Sud","s":"25N-H50N000A-80-A"},{"r":"80","t":"10:33:58","h":"Sud","s":"25N-H50N000A-90-A"},{"r":"80","t":"10:33:58","h":"Sud","s":"25N-H50NV10A-90-A"},{"r":"80","t":"10:33:58","h":"Sud","s":"25N-H50NV20A-90-A"},{"r":"80","t":"10:33:58","h":"Sud","s":"25S-H50S000A-81-A"},{"r":"80","t":"10:35:42","h":"Sud","s":"25N-H50N000S-80-S"},{"r":"80","t":"10:35:42","h":"Sud","s":"25N-H50N000S-90-S"},{"r":"80","t":"10:35:42","h":"Sud","s":"25N-H50NV10S-90-S"},{"r":"80","t":"10:35:42","h":"Sud","s":"25N-H50NV20S-90-S"},{"r":"80","t":"10:35:42","h":"Sud","s":"25S-H50S000S-81-S"},{"r":"80","t":"10:45:20","h":"Sud","s":"25N-H50N000I-80-I"},{"r":"80","t":"10:45:20","h":"Sud","s":"25N-H50N000I-90-I"},{"r":"80","t":"10:45:20","h":"Sud","s":"25N-H50N100F-90-F1"},{"r":"80","t":"10:45:20","h":"Sud","s":"25N-H50N200F-90-F2"},{"r":"80","t":"10:45:20","h":"Sud","s":"25N-H50N300F-90-F3"},{"r":"80","t":"10:45:20","h":"Sud","s":"25N-H50N400F-90-F4"},{"r":"80","t":"10:45:20","h":"Sud","s":"25N-H50NV10I-90-I"},{"r":"80","t":"10:45:20","h":"Sud","s":"25N-H50NV20I-90-I"},{"r":"80","t":"10:45:20","h":"Sud","s":"25S-H50S000I-81-I"},{"r":"80","t":"10:45:20","h":"Sud","s":"25S-H50S100F-80-F1"},{"r":"80","t":"10:45:20","h":"Sud","s":"25S-H50S200F-80-F2"},{"r":"80","t":"10:49:58","h":"Sud","s":"25N-H50N000A-80-A"},{"r":"80","t":"10:49:58","h":"Sud","s":"25N-H50N000A-90-A"},{"r":"80","t":"10:49:58","h":"Sud","s":"25N-H50NV10A-90-A"},{"r":"80","t":"10:49:58","h":"Sud","s":"25N-H50NV20A-90-A"},{"r":"80","t":"10:49:58","h":"Sud","s":"25S-H50S000A-81-A"},{"r":"80","t":"10:50:42","h":"Sud","s":"25N-H50N000S-80-S"},{"r":"80","t":"10:50:42","h":"Sud","s":"25N-H50N000S-90-S"},{"r":"80","t":"10:50:42","h":"Sud","s":"25N-H50NV10S-90-S"},{"r":"80","t":"10:50:42","h":"Sud","s":"25N-H50NV20S-90-S"},{"r":"80","t":"10:50:42","h":"Sud","s":"25S-H50S000S-81-S"},{"r":"80","t":"11:03:20","h":"Sud","s":"25N-H50N000I-80-I"},{"r":"80","t":"11:03:20","h":"Sud","s":"25N-H50N000I-90-I"},{"r":"80","t":"11:03:20","h":"Sud","s":"25N-H50N100F-90-F1"},{"r":"80","t":"11:03:20","h":"Sud","s":"25N-H50N200F-90-F2"},{"r":"80","t":"11:03:20","h":"Sud","s":"25N-H50N300F-90-F3"},{"r":"80","t":"11:03:20","h":"Sud","s":"25N-H50N400F-90-F4"},{"r":"80","t":"11:03:20","h":"Sud","s":"25N-H50NV10I-90-I"},{"r":"80","t":"11:03:20","h":"Sud","s":"25N-H50NV20I-90-I"},{"r":"80","t":"11:03:20","h":"Sud","s":"25S-H50S000I-81-I"},{"r":"80","t":"11:03:20","h":"Sud","s":"25S-H50S100F-80-F1"},{"r":"80","t":"11:03:20","h":"Sud","s":"25S-H50S200F-80-F2"},{"r":"80","t":"11:05:42","h":"Sud","s":"25N-H50N000S-80-S"},{"r":"80","t":"11:05:42","h":"Sud","s":"25N-H50N000S-90-S"},{"r":"80","t":"11:05:42","h":"Sud","s":"25N-H50NV10S-90-S"},{"r":"80","t":"11:05:42","h":"Sud","s":"25N-H50NV20S-90-S"},{"r":"80","t":"11:05:42","h":"Sud","s":"25S-H50S000S-81-S"},{"r":"80","t":"11:05:58","h":"Sud","s":"25N-H50N000A-80-A"},{"r":"80","t":"11:05:58","h":"Sud","s":"25N-H50N000A-90-A"},{"r":"80","t":"11:05:58","h":"Sud","s":"25N-H50NV10A-90-A"},{"r":"80","t":"11:05:58","h":"Sud","s":"25N-H50NV20A-90-A"},{"r":"80","t":"11:05:58","h":"Sud","s":"25S-H50S000A-81-A"},{"r":"80","t":"11:19:20","h":"Sud","s":"25N-H50N000I-80-I"},{"r":"80","t":"11:19:20","h":"Sud","s":"25N-H50N000I-90-I"},{"r":"80","t":"11:19:20","h":"Sud","s":"25N-H50N100F-90-F1"},{"r":"80","t":"11:19:20","h":"Sud","s":"25N-H50N200F-90-F2"},{"r":"80","t":"11:19:20","h":"Sud","s":"25N-H50N300F-90-F3"},{"r":"80","t":"11:19:20","h":"Sud","s":"25N-H50N400F-90-F4"},{"r":"80","t":"11:19:20","h":"Sud","s":"25N-H50NV10I-90-I"},{"r":"80","t":"11:19:20","h":"Sud","s":"25N-H50NV20I-90-I"},{"r":"80","t":"11:19:20","h":"Sud","s":"25S-H50S000I-81-I"},{"r":"80","t":"11:19:20","h":"Sud","s":"25S-H50S100F-80-F1"},{"r":"80","t":"11:19:20","h":"Sud","s":"25S-H50S200F-80-F2"},{"r":"80","t":"11:20:58","h":"Sud","s":"25N-H50N000A-80-A"},{"r":"80","t":"11:20:58","h":"Sud","s":"25N-H50N000A-90-A"},{"r":"80","t":"11:20:58","h":"Sud","s":"25N-H50NV10A-90-A"},{"r":"80","t":"11:20:58","h":"Sud","s":"25N-H50NV20A-90-A"},{"r":"80","t":"11:20:58","h":"Sud","s":"25S-H50S000A-81-A"},{"r":"80","t":"11:24:42","h":"Sud","s":"25N-H50N000S-80-S"},{"r":"80","t":"11:24:42","h":"Sud","s":"25N-H50N000S-90-S"},{"r":"80","t":"11:24:42","h":"Sud","s":"25N-H50NV10S-90-S"},{"r":"80","t":"11:24:42","h":"Sud","s":"25N-H50NV20S-90-S"},{"r":"80","t":"11:24:42","h":"Sud","s":"25S-H50S000S-81-S"},{"r":"80","t":"11:35:20","h":"Sud","s":"25N-H50N000I-80-I"},{"r":"80","t":"11:35:20","h":"Sud","s":"25N-H50N000I-90-I"},{"r":"80","t":"11:35:20","h":"Sud","s":"25N-H50N100F-90-F1"},{"r":"80","t":"11:35:20","h":"Sud","s":"25N-H50N200F-90-F2"},{"r":"80","t":"11:35:20","h":"Sud","s":"25N-H50N300F-90-F3"},{"r":"80","t":"11:35:20","h":"Sud","s":"25N-H50N400F-90-F4"},{"r":"80","t":"11:35:20","h":"Sud","s":"25N-H50NV10I-90-I"},{"r":"80","t":"11:35:20","h":"Sud","s":"25N-H50NV20I-90-I"},{"r":"80","t":"11:35:20","h":"Sud","s":"25S-H50S000I-81-I"},{"r":"80","t":"11:35:20","h":"Sud","s":"25S-H50S100F-80-F1"},{"r":"80","t":"11:35:20","h":"Sud","s":"25S-H50S200F-80-F2"},{"r":"80","t":"11:35:58","h":"Sud","s":"25N-H50N000A-80-A"},{"r":"80","t":"11:35:58","h":"Sud","s":"25N-H50N000A-90-A"},{"r":"80","t":"11:35:58","h":"Sud","s":"25N-H50NV10A-90-A"},{"r":"80","t":"11:35:58","h":"Sud","s":"25N-H50NV20A-90-A"},{"r":"80","t":"11:35:58","h":"Sud","s":"25S-H50S000A-81-A"},{"r":"80","t":"11:44:42","h":"Sud","s":"25N-H50N000S-80-S"},{"r":"80","t":"11:44:42","h":"Sud","s":"25N-H50N000S-90-S"},{"r":"80","t":"11:44:42","h":"Sud","s":"25N-H50NV10S-90-S"},{"r":"80","t":"11:44:42","h":"Sud","s":"25N-H50NV20S-90-S"},{"r":"80","t":"11:44:42","h":"Sud","s":"25S-H50S000S-81-S"},{"r":"80","t":"11:50:20","h":"Sud","s":"25N-H50N000I-80-I"},{"r":"80","t":"11:50:20","h":"Sud","s":"25N-H50N000I-90-I"},{"r":"80","t":"11:50:20","h":"Sud","s":"25N-H50N100F-90-F1"},{"r":"80","t":"11:50:20","h":"Sud","s":"25N-H50N200F-90-F2"},{"r":"80","t":"11:50:20","h":"Sud","s":"25N-H50N300F-90-F3"},{"r":"80","t":"11:50:20","h":"Sud","s":"25N-H50N400F-90-F4"},{"r":"80","t":"11:50:20","h":"Sud","s":"25N-H50NV10I-90-I"},{"r":"80","t":"11:50:20","h":"Sud","s":"25N-H50NV20I-90-I"},{"r":"80","t":"11:50:20","h":"Sud","s":"25S-H50S000I-81-I"},{"r":"80","t":"11:50:20","h":"Sud","s":"25S-H50S100F-80-F1"},{"r":"80","t":"11:50:20","h":"Sud","s":"25S-H50S200F-80-F2"},{"r":"80","t":"11:51:58","h":"Sud","s":"25N-H50N000A-80-A"},{"r":"80","t":"11:51:58","h":"Sud","s":"25N-H50N000A-90-A"},{"r":"80","t":"11:51:58","h":"Sud","s":"25N-H50NV10A-90-A"},{"r":"80","t":"11:51:58","h":"Sud","s":"25N-H50NV20A-90-A"},{"r":"80","t":"11:51:58","h":"Sud","s":"25S-H50S000A-81-A"},{"r":"80","t":"12:04:42","h":"Sud","s":"25N-H50N000S-80-S"},{"r":"80","t":"12:04:42","h":"Sud","s":"25N-H50N000S-90-S"},{"r":"80","t":"12:04:42","h":"Sud","s":"25N-H50NV10S-90-S"},{"r":"80","t":"12:04:42","h":"Sud","s":"25N-H50NV20S-90-S"},{"r":"80","t":"12:04:42","h":"Sud","s":"25S-H50S000S-81-S"},{"r":"80","t":"12:05:42","h":"Sud","s":"25N-H50N000I-80-I"},{"r":"80","t":"12:05:42","h":"Sud","s":"25N-H50N000I-90-I"},{"r":"80","t":"12:05:42","h":"Sud","s":"25N-H50N100F-90-F1"},{"r":"80","t":"12:05:42","h":"Sud","s":"25N-H50N200F-90-F2"},{"r":"80","t":"12:05:42","h":"Sud","s":"25N-H50N300F-90-F3"},{"r":"80","t":"12:05:42","h":"Sud","s":"25N-H50N400F-90-F4"},{"r":"80","t":"12:05:42","h":"Sud","s":"25N-H50NV10I-90-I"},{"r":"80","t":"12:05:42","h":"Sud","s":"25N-H50NV20I-90-I"},{"r":"80","t":"12:05:42","h":"Sud","s":"25S-H50S000I-81-I"},{"r":"80","t":"12:05:42","h":"Sud","s":"25S-H50S100F-80-F1"},{"r":"80","t":"12:05:42","h":"Sud","s":"25S-H50S200F-80-F2"},{"r":"80","t":"12:08:42","h":"Sud","s":"25N-H50N000A-80-A"},{"r":"80","t":"12:08:42","h":"Sud","s":"25N-H50N000A-90-A"},{"r":"80","t":"12:08:42","h":"Sud","s":"25N-H50NV10A-90-A"},{"r":"80","t":"12:08:42","h":"Sud","s":"25N-H50NV20A-90-A"},{"r":"80","t":"12:08:42","h":"Sud","s":"25S-H50S000A-81-A"},{"r":"80","t":"12:21:42","h":"Sud","s":"25N-H50N000I-80-I"},{"r":"80","t":"12:21:42","h":"Sud","s":"25N-H50N000I-90-I"},{"r":"80","t":"12:21:42","h":"Sud","s":"25N-H50N100F-90-F1"},{"r":"80","t":"12:21:42","h":"Sud","s":"25N-H50N200F-90-F2"},{"r":"80","t":"12:21:42","h":"Sud","s":"25N-H50N300F-90-F3"},{"r":"80","t":"12:21:42","h":"Sud","s":"25N-H50N400F-90-F4"},{"r":"80","t":"12:21:42","h":"Sud","s":"25N-H50NV10I-90-I"},{"r":"80","t":"12:21:42","h":"Sud","s":"25N-H50NV20I-90-I"},{"r":"80","t":"12:21:42","h":"Sud","s":"25S-H50S000I-81-I"},{"r":"80","t":"12:21:42","h":"Sud","s":"25S-H50S100F-80-F1"},{"r":"80","t":"12:21:42","h":"Sud","s":"25S-H50S200F-80-F2"},{"r":"80","t":"12:24:42","h":"Sud","s":"25N-H50N000S-80-S"},{"r":"80","t":"12:24:42","h":"Sud","s":"25N-H50N000S-90-S"},{"r":"80","t":"12:24:42","h":"Sud","s":"25N-H50NV10S-90-S"},{"r":"80","t":"12:24:42","h":"Sud","s":"25N-H50NV20S-90-S"},{"r":"80","t":"12:24:42","h":"Sud","s":"25S-H50S000S-81-S"},{"r":"80","t":"12:25:42","h":"Sud","s":"25N-H50N000A-80-A"},{"r":"80","t":"12:25:42","h":"Sud","s":"25N-H50N000A-90-A"},{"r":"80","t":"12:25:42","h":"Sud","s":"25N-H50NV10A-90-A"},{"r":"80","t":"12:25:42","h":"Sud","s":"25N-H50NV20A-90-A"},{"r":"80","t":"12:25:42","h":"Sud","s":"25S-H50S000A-81-A"},{"r":"80","t":"12:37:42","h":"Sud","s":"25N-H50N000I-80-I"},{"r":"80","t":"12:37:42","h":"Sud","s":"25N-H50N000I-90-I"},{"r":"80","t":"12:37:42","h":"Sud","s":"25N-H50N100F-90-F1"},{"r":"80","t":"12:37:42","h":"Sud","s":"25N-H50N200F-90-F2"},{"r":"80","t":"12:37:42","h":"Sud","s":"25N-H50N300F-90-F3"},{"r":"80","t":"12:37:42","h":"Sud","s":"25N-H50N400F-90-F4"},{"r":"80","t":"12:37:42","h":"Sud","s":"25N-H50NV10I-90-I"},{"r":"80","t":"12:37:42","h":"Sud","s":"25N-H50NV20I-90-I"},{"r":"80","t":"12:37:42","h":"Sud","s":"25S-H50S000I-81-I"},{"r":"80","t":"12:37:42","h":"Sud","s":"25S-H50S100F-80-F1"},{"r":"80","t":"12:37:42","h":"Sud","s":"25S-H50S200F-80-F2"},{"r":"80","t":"12:41:42","h":"Sud","s":"25N-H50N000A-80-A"},{"r":"80","t":"12:41:42","h":"Sud","s":"25N-H50N000A-90-A"},{"r":"80","t":"12:41:42","h":"Sud","s":"25N-H50NV10A-90-A"},{"r":"80","t":"12:41:42","h":"Sud","s":"25N-H50NV20A-90-A"},{"r":"80","t":"12:41:42","h":"Sud","s":"25S-H50S000A-81-A"},{"r":"80","t":"12:44:42","h":"Sud","s":"25N-H50N000S-80-S"},{"r":"80","t":"12:44:42","h":"Sud","s":"25N-H50N000S-90-S"},{"r":"80","t":"12:44:42","h":"Sud","s":"25N-H50NV10S-90-S"},{"r":"80","t":"12:44:42","h":"Sud","s":"25N-H50NV20S-90-S"},{"r":"80","t":"12:44:42","h":"Sud","s":"25S-H50S000S-81-S"},{"r":"80","t":"12:53:42","h":"Sud","s":"25N-H50N000I-80-I"},{"r":"80","t":"12:53:42","h":"Sud","s":"25N-H50N000I-90-I"},{"r":"80","t":"12:53:42","h":"Sud","s":"25N-H50N100F-90-F1"},{"r":"80","t":"12:53:42","h":"Sud","s":"25N-H50N200F-90-F2"},{"r":"80","t":"12:53:42","h":"Sud","s":"25N-H50N300F-90-F3"},{"r":"80","t":"12:53:42","h":"Sud","s":"25N-H50N400F-90-F4"},{"r":"80","t":"12:53:42","h":"Sud","s":"25N-H50NV10I-90-I"},{"r":"80","t":"12:53:42","h":"Sud","s":"25N-H50NV20I-90-I"},{"r":"80","t":"12:53:42","h":"Sud","s":"25S-H50S000I-81-I"},{"r":"80","t":"12:53:42","h":"Sud","s":"25S-H50S100F-80-F1"},{"r":"80","t":"12:53:42","h":"Sud","s":"25S-H50S200F-80-F2"},{"r":"80","t":"12:56:42","h":"Sud","s":"25N-H50N000A-80-A"},{"r":"80","t":"12:56:42","h":"Sud","s":"25N-H50N000A-90-A"},{"r":"80","t":"12:56:42","h":"Sud","s":"25N-H50NV10A-90-A"},{"r":"80","t":"12:56:42","h":"Sud","s":"25N-H50NV20A-90-A"},{"r":"80","t":"12:56:42","h":"Sud","s":"25S-H50S000A-81-A"},{"r":"80","t":"13:04:42","h":"Sud","s":"25N-H50N000S-80-S"},{"r":"80","t":"13:04:42","h":"Sud","s":"25N-H50N000S-90-S"},{"r":"80","t":"13:04:42","h":"Sud","s":"25N-H50NV10S-90-S"},{"r":"80","t":"13:04:42","h":"Sud","s":"25N-H50NV20S-90-S"},{"r":"80","t":"13:04:42","h":"Sud","s":"25S-H50S000S-81-S"},{"r":"80","t":"13:08:42","h":"Sud","s":"25N-H50N000I-80-I"},{"r":"80","t":"13:08:42","h":"Sud","s":"25N-H50N000I-90-I"},{"r":"80","t":"13:08:42","h":"Sud","s":"25N-H50N100F-90-F1"},{"r":"80","t":"13:08:42","h":"Sud","s":"25N-H50N200F-90-F2"},{"r":"80","t":"13:08:42","h":"Sud","s":"25N-H50N300F-90-F3"},{"r":"80","t":"13:08:42","h":"Sud","s":"25N-H50N400F-90-F4"},{"r":"80","t":"13:08:42","h":"Sud","s":"25N-H50NV10I-90-I"},{"r":"80","t":"13:08:42","h":"Sud","s":"25N-H50NV20I-90-I"},{"r":"80","t":"13:08:42","h":"Sud","s":"25S-H50S000I-81-I"},{"r":"80","t":"13:08:42","h":"Sud","s":"25S-H50S100F-80-F1"},{"r":"80","t":"13:08:42","h":"Sud","s":"25S-H50S200F-80-F2"},{"r":"80","t":"13:10:42","h":"Sud","s":"25N-H50N000A-80-A"},{"r":"80","t":"13:10:42","h":"Sud","s":"25N-H50N000A-90-A"},{"r":"80","t":"13:10:42","h":"Sud","s":"25N-H50NV10A-90-A"},{"r":"80","t":"13:10:42","h":"Sud","s":"25N-H50NV20A-90-A"},{"r":"80","t":"13:10:42","h":"Sud","s":"25S-H50S000A-81-A"},{"r":"80","t":"13:23:42","h":"Sud","s":"25N-H50N000I-80-I"},{"r":"80","t":"13:23:42","h":"Sud","s":"25N-H50N000I-90-I"},{"r":"80","t":"13:23:42","h":"Sud","s":"25N-H50N100F-90-F1"},{"r":"80","t":"13:23:42","h":"Sud","s":"25N-H50N200F-90-F2"},{"r":"80","t":"13:23:42","h":"Sud","s":"25N-H50N300F-90-F3"},{"r":"80","t":"13:23:42","h":"Sud","s":"25N-H50N400F-90-F4"},{"r":"80","t":"13:23:42","h":"Sud","s":"25N-H50NV10I-90-I"},{"r":"80","t":"13:23:42","h":"Sud","s":"25N-H50NV20I-90-I"},{"r":"80","t":"13:23:42","h":"Sud","s":"25S-H50S000I-81-I"},{"r":"80","t":"13:23:42","h":"Sud","s":"25S-H50S100F-80-F1"},{"r":"80","t":"13:23:42","h":"Sud","s":"25S-H50S200F-80-F2"},{"r":"80","t":"13:24:42","h":"Sud","s":"25N-H50N000A-80-A"},{"r":"80","t":"13:24:42","h":"Sud","s":"25N-H50N000A-90-A"},{"r":"80","t":"13:24:42","h":"Sud","s":"25N-H50N000S-80-S"},{"r":"80","t":"13:24:42","h":"Sud","s":"25N-H50N000S-90-S"},{"r":"80","t":"13:24:42","h":"Sud","s":"25N-H50NV10A-90-A"},{"r":"80","t":"13:24:42","h":"Sud","s":"25N-H50NV10S-90-S"},{"r":"80","t":"13:24:42","h":"Sud","s":"25N-H50NV20A-90-A"},{"r":"80","t":"13:24:42","h":"Sud","s":"25N-H50NV20S-90-S"},{"r":"80","t":"13:24:42","h":"Sud","s":"25S-H50S000A-81-A"},{"r":"80","t":"13:24:42","h":"Sud","s":"25S-H50S000S-81-S"},{"r":"80","t":"13:36:42","h":"Sud","s":"25N-H50N000A-80-A"},{"r":"80","t":"13:36:42","h":"Sud","s":"25N-H50N000A-90-A"},{"r":"80","t":"13:36:42","h":"Sud","s":"25N-H50NV10A-90-A"},{"r":"80","t":"13:36:42","h":"Sud","s":"25N-H50NV20A-90-A"},{"r":"80","t":"13:36:42","h":"Sud","s":"25S-H50S000A-81-A"},{"r":"80","t":"13:40:42","h":"Sud","s":"25N-H50N000I-80-I"},{"r":"80","t":"13:40:42","h":"Sud","s":"25N-H50N000I-90-I"},{"r":"80","t":"13:40:42","h":"Sud","s":"25N-H50N100F-90-F1"},{"r":"80","t":"13:40:42","h":"Sud","s":"25N-H50N200F-90-F2"},{"r":"80","t":"13:40:42","h":"Sud","s":"25N-H50N300F-90-F3"},{"r":"80","t":"13:40:42","h":"Sud","s":"25N-H50N400F-90-F4"},{"r":"80","t":"13:40:42","h":"Sud","s":"25N-H50NV10I-90-I"},{"r":"80","t":"13:40:42","h":"Sud","s":"25N-H50NV20I-90-I"},{"r":"80","t":"13:40:42","h":"Sud","s":"25S-H50S000I-81-I"},{"r":"80","t":"13:40:42","h":"Sud","s":"25S-H50S100F-80-F1"},{"r":"80","t":"13:40:42","h":"Sud","s":"25S-H50S200F-80-F2"},{"r":"80","t":"13:42:42","h":"Sud","s":"25N-H50N000S-80-S"},{"r":"80","t":"13:42:42","h":"Sud","s":"25N-H50N000S-90-S"},{"r":"80","t":"13:42:42","h":"Sud","s":"25N-H50NV10S-90-S"},{"r":"80","t":"13:42:42","h":"Sud","s":"25N-H50NV20S-90-S"},{"r":"80","t":"13:42:42","h":"Sud","s":"25S-H50S000S-81-S"},{"r":"80","t":"13:46:42","h":"Sud","s":"25N-H50N000A-80-A"},{"r":"80","t":"13:46:42","h":"Sud","s":"25N-H50N000A-90-A"},{"r":"80","t":"13:46:42","h":"Sud","s":"25N-H50NV10A-90-A"},{"r":"80","t":"13:46:42","h":"Sud","s":"25N-H50NV20A-90-A"},{"r":"80","t":"13:46:42","h":"Sud","s":"25S-H50S000A-81-A"},{"r":"80","t":"13:57:42","h":"Sud","s":"25N-H50N000I-80-I"},{"r":"80","t":"13:57:42","h":"Sud","s":"25N-H50N000I-90-I"},{"r":"80","t":"13:57:42","h":"Sud","s":"25N-H50N100F-90-F1"},{"r":"80","t":"13:57:42","h":"Sud","s":"25N-H50N200F-90-F2"},{"r":"80","t":"13:57:42","h":"Sud","s":"25N-H50N300F-90-F3"},{"r":"80","t":"13:57:42","h":"Sud","s":"25N-H50N400F-90-F4"},{"r":"80","t":"13:57:42","h":"Sud","s":"25N-H50NV10I-90-I"},{"r":"80","t":"13:57:42","h":"Sud","s":"25N-H50NV20I-90-I"},{"r":"80","t":"13:57:42","h":"Sud","s":"25S-H50S000I-81-I"},{"r":"80","t":"13:57:42","h":"Sud","s":"25S-H50S100F-80-F1"},{"r":"80","t":"13:57:42","h":"Sud","s":"25S-H50S200F-80-F2"},{"r":"80","t":"13:59:42","h":"Sud","s":"25N-H50N000A-80-A"},{"r":"80","t":"13:59:42","h":"Sud","s":"25N-H50N000A-90-A"},{"r":"80","t":"13:59:42","h":"Sud","s":"25N-H50NV10A-90-A"},{"r":"80","t":"13:59:42","h":"Sud","s":"25N-H50NV20A-90-A"},{"r":"80","t":"13:59:42","h":"Sud","s":"25S-H50S000A-81-A"},{"r":"80","t":"14:00:42","h":"Sud","s":"25N-H50N000S-80-S"},{"r":"80","t":"14:00:42","h":"Sud","s":"25N-H50N000S-90-S"},{"r":"80","t":"14:00:42","h":"Sud","s":"25N-H50NV10S-90-S"},{"r":"80","t":"14:00:42","h":"Sud","s":"25N-H50NV20S-90-S"},{"r":"80","t":"14:00:42","h":"Sud","s":"25S-H50S000S-81-S"},{"r":"80","t":"14:13:42","h":"Sud","s":"25N-H50N000A-80-A"},{"r":"80","t":"14:13:42","h":"Sud","s":"25N-H50N000A-90-A"},{"r":"80","t":"14:13:42","h":"Sud","s":"25N-H50NV10A-90-A"},{"r":"80","t":"14:13:42","h":"Sud","s":"25N-H50NV20A-90-A"},{"r":"80","t":"14:13:42","h":"Sud","s":"25S-H50S000A-81-A"},{"r":"80","t":"14:14:42","h":"Sud","s":"25N-H50N000I-80-I"},{"r":"80","t":"14:14:42","h":"Sud","s":"25N-H50N000I-90-I"},{"r":"80","t":"14:14:42","h":"Sud","s":"25N-H50N100F-90-F1"},{"r":"80","t":"14:14:42","h":"Sud","s":"25N-H50N200F-90-F2"},{"r":"80","t":"14:14:42","h":"Sud","s":"25N-H50N300F-90-F3"},{"r":"80","t":"14:14:42","h":"Sud","s":"25N-H50N400F-90-F4"},{"r":"80","t":"14:14:42","h":"Sud","s":"25N-H50NV10I-90-I"},{"r":"80","t":"14:14:42","h":"Sud","s":"25N-H50NV20I-90-I"},{"r":"80","t":"14:14:42","h":"Sud","s":"25S-H50S000I-81-I"},{"r":"80","t":"14:14:42","h":"Sud","s":"25S-H50S100F-80-F1"},{"r":"80","t":"14:14:42","h":"Sud","s":"25S-H50S200F-80-F2"},{"r":"80","t":"14:18:42","h":"Sud","s":"25N-H50N000S-80-S"},{"r":"80","t":"14:18:42","h":"Sud","s":"25N-H50N000S-90-S"},{"r":"80","t":"14:18:42","h":"Sud","s":"25N-H50NV10S-90-S"},{"r":"80","t":"14:18:42","h":"Sud","s":"25N-H50NV20S-90-S"},{"r":"80","t":"14:18:42","h":"Sud","s":"25S-H50S000S-81-S"},{"r":"80","t":"14:27:42","h":"Sud","s":"25N-H50N000A-80-A"},{"r":"80","t":"14:27:42","h":"Sud","s":"25N-H50N000A-90-A"},{"r":"80","t":"14:27:42","h":"Sud","s":"25N-H50NV10A-90-A"},{"r":"80","t":"14:27:42","h":"Sud","s":"25N-H50NV20A-90-A"},{"r":"80","t":"14:27:42","h":"Sud","s":"25S-H50S000A-81-A"},{"r":"80","t":"14:31:42","h":"Sud","s":"25N-H50N000I-80-I"},{"r":"80","t":"14:31:42","h":"Sud","s":"25N-H50N000I-90-I"},{"r":"80","t":"14:31:42","h":"Sud","s":"25N-H50N100F-90-F1"},{"r":"80","t":"14:31:42","h":"Sud","s":"25N-H50N200F-90-F2"},{"r":"80","t":"14:31:42","h":"Sud","s":"25N-H50N300F-90-F3"},{"r":"80","t":"14:31:42","h":"Sud","s":"25N-H50N400F-90-F4"},{"r":"80","t":"14:31:42","h":"Sud","s":"25N-H50NV10I-90-I"},{"r":"80","t":"14:31:42","h":"Sud","s":"25N-H50NV20I-90-I"},{"r":"80","t":"14:31:42","h":"Sud","s":"25S-H50S000I-81-I"},{"r":"80","t":"14:31:42","h":"Sud","s":"25S-H50S100F-80-F1"},{"r":"80","t":"14:31:42","h":"Sud","s":"25S-H50S200F-80-F2"},{"r":"80","t":"14:36:05","h":"Sud","s":"25N-H50N000S-80-S"},{"r":"80","t":"14:36:05","h":"Sud","s":"25N-H50N000S-90-S"},{"r":"80","t":"14:36:05","h":"Sud","s":"25N-H50NV10S-90-S"},{"r":"80","t":"14:36:05","h":"Sud","s":"25N-H50NV20S-90-S"},{"r":"80","t":"14:36:05","h":"Sud","s":"25S-H50S000S-81-S"},{"r":"80","t":"14:41:42","h":"Sud","s":"25N-H50N000A-80-A"},{"r":"80","t":"14:41:42","h":"Sud","s":"25N-H50N000A-90-A"},{"r":"80","t":"14:41:42","h":"Sud","s":"25N-H50NV10A-90-A"},{"r":"80","t":"14:41:42","h":"Sud","s":"25N-H50NV20A-90-A"},{"r":"80","t":"14:41:42","h":"Sud","s":"25S-H50S000A-81-A"},{"r":"80","t":"14:48:42","h":"Sud","s":"25N-H50N000I-80-I"},{"r":"80","t":"14:48:42","h":"Sud","s":"25N-H50N000I-90-I"},{"r":"80","t":"14:48:42","h":"Sud","s":"25N-H50N100F-90-F1"},{"r":"80","t":"14:48:42","h":"Sud","s":"25N-H50N200F-90-F2"},{"r":"80","t":"14:48:42","h":"Sud","s":"25N-H50N300F-90-F3"},{"r":"80","t":"14:48:42","h":"Sud","s":"25N-H50N400F-90-F4"},{"r":"80","t":"14:48:42","h":"Sud","s":"25N-H50NV10I-90-I"},{"r":"80","t":"14:48:42","h":"Sud","s":"25N-H50NV20I-90-I"},{"r":"80","t":"14:48:42","h":"Sud","s":"25S-H50S000I-81-I"},{"r":"80","t":"14:48:42","h":"Sud","s":"25S-H50S100F-80-F1"},{"r":"80","t":"14:48:42","h":"Sud","s":"25S-H50S200F-80-F2"},{"r":"80","t":"14:53:05","h":"Sud","s":"25N-H50N000S-80-S"},{"r":"80","t":"14:53:05","h":"Sud","s":"25N-H50N000S-90-S"},{"r":"80","t":"14:53:05","h":"Sud","s":"25N-H50NV10S-90-S"},{"r":"80","t":"14:53:05","h":"Sud","s":"25N-H50NV20S-90-S"},{"r":"80","t":"14:53:05","h":"Sud","s":"25S-H50S000S-81-S"},{"r":"80","t":"14:56:42","h":"Sud","s":"25N-H50N000A-80-A"},{"r":"80","t":"14:56:42","h":"Sud","s":"25N-H50N000A-90-A"},{"r":"80","t":"14:56:42","h":"Sud","s":"25N-H50NV10A-90-A"},{"r":"80","t":"14:56:42","h":"Sud","s":"25N-H50NV20A-90-A"},{"r":"80","t":"14:56:42","h":"Sud","s":"25S-H50S000A-81-A"},{"r":"80","t":"15:05:42","h":"Sud","s":"25N-H50N000I-80-I"},{"r":"80","t":"15:05:42","h":"Sud","s":"25N-H50N000I-90-I"},{"r":"80","t":"15:05:42","h":"Sud","s":"25N-H50N100F-90-F1"},{"r":"80","t":"15:05:42","h":"Sud","s":"25N-H50N200F-90-F2"},{"r":"80","t":"15:05:42","h":"Sud","s":"25N-H50N300F-90-F3"},{"r":"80","t":"15:05:42","h":"Sud","s":"25N-H50N400F-90-F4"},{"r":"80","t":"15:05:42","h":"Sud","s":"25N-H50NV10I-90-I"},{"r":"80","t":"15:05:42","h":"Sud","s":"25N-H50NV20I-90-I"},{"r":"80","t":"15:05:42","h":"Sud","s":"25S-H50S000I-81-I"},{"r":"80","t":"15:05:42","h":"Sud","s":"25S-H50S100F-80-F1"},{"r":"80","t":"15:05:42","h":"Sud","s":"25S-H50S200F-80-F2"},{"r":"80","t":"15:08:05","h":"Sud","s":"25N-H50N000S-80-S"},{"r":"80","t":"15:08:05","h":"Sud","s":"25N-H50N000S-90-S"},{"r":"80","t":"15:08:05","h":"Sud","s":"25N-H50NV10S-90-S"},{"r":"80","t":"15:08:05","h":"Sud","s":"25N-H50NV20S-90-S"},{"r":"80","t":"15:08:05","h":"Sud","s":"25S-H50S000S-81-S"},{"r":"80","t":"15:10:42","h":"Sud","s":"25N-H50N000A-80-A"},{"r":"80","t":"15:10:42","h":"Sud","s":"25N-H50N000A-90-A"},{"r":"80","t":"15:10:42","h":"Sud","s":"25N-H50NV10A-90-A"},{"r":"80","t":"15:10:42","h":"Sud","s":"25N-H50NV20A-90-A"},{"r":"80","t":"15:10:42","h":"Sud","s":"25S-H50S000A-81-A"},{"r":"80","t":"15:22:05","h":"Sud","s":"25N-H50N000S-80-S"},{"r":"80","t":"15:22:05","h":"Sud","s":"25N-H50N000S-90-S"},{"r":"80","t":"15:22:05","h":"Sud","s":"25N-H50NV10S-90-S"},{"r":"80","t":"15:22:05","h":"Sud","s":"25N-H50NV20S-90-S"},{"r":"80","t":"15:22:05","h":"Sud","s":"25S-H50S000S-81-S"},{"r":"80","t":"15:23:42","h":"Sud","s":"25N-H50N000I-80-I"},{"r":"80","t":"15:23:42","h":"Sud","s":"25N-H50N000I-90-I"},{"r":"80","t":"15:23:42","h":"Sud","s":"25N-H50N100F-90-F1"},{"r":"80","t":"15:23:42","h":"Sud","s":"25N-H50N200F-90-F2"},{"r":"80","t":"15:23:42","h":"Sud","s":"25N-H50N300F-90-F3"},{"r":"80","t":"15:23:42","h":"Sud","s":"25N-H50N400F-90-F4"},{"r":"80","t":"15:23:42","h":"Sud","s":"25N-H50NV10I-90-I"},{"r":"80","t":"15:23:42","h":"Sud","s":"25N-H50NV20I-90-I"},{"r":"80","t":"15:23:42","h":"Sud","s":"25S-H50S000I-81-I"},{"r":"80","t":"15:23:42","h":"Sud","s":"25S-H50S100F-80-F1"},{"r":"80","t":"15:23:42","h":"Sud","s":"25S-H50S200F-80-F2"},{"r":"80","t":"15:24:42","h":"Sud","s":"25N-H50N000A-80-A"},{"r":"80","t":"15:24:42","h":"Sud","s":"25N-H50N000A-90-A"},{"r":"80","t":"15:24:42","h":"Sud","s":"25N-H50NV10A-90-A"},{"r":"80","t":"15:24:42","h":"Sud","s":"25N-H50NV20A-90-A"},{"r":"80","t":"15:24:42","h":"Sud","s":"25S-H50S000A-81-A"},{"r":"80","t":"15:37:05","h":"Sud","s":"25N-H50N000S-80-S"},{"r":"80","t":"15:37:05","h":"Sud","s":"25N-H50N000S-90-S"},{"r":"80","t":"15:37:05","h":"Sud","s":"25N-H50NV10S-90-S"},{"r":"80","t":"15:37:05","h":"Sud","s":"25N-H50NV20S-90-S"},{"r":"80","t":"15:37:05","h":"Sud","s":"25S-H50S000S-81-S"},{"r":"80","t":"15:38:42","h":"Sud","s":"25N-H50N000A-80-A"},{"r":"80","t":"15:38:42","h":"Sud","s":"25N-H50N000A-90-A"},{"r":"80","t":"15:38:42","h":"Sud","s":"25N-H50NV10A-90-A"},{"r":"80","t":"15:38:42","h":"Sud","s":"25N-H50NV20A-90-A"},{"r":"80","t":"15:38:42","h":"Sud","s":"25S-H50S000A-81-A"},{"r":"80","t":"15:40:42","h":"Sud","s":"25N-H50N000I-80-I"},{"r":"80","t":"15:40:42","h":"Sud","s":"25N-H50N000I-90-I"},{"r":"80","t":"15:40:42","h":"Sud","s":"25N-H50N100F-90-F1"},{"r":"80","t":"15:40:42","h":"Sud","s":"25N-H50N200F-90-F2"},{"r":"80","t":"15:40:42","h":"Sud","s":"25N-H50N300F-90-F3"},{"r":"80","t":"15:40:42","h":"Sud","s":"25N-H50N400F-90-F4"},{"r":"80","t":"15:40:42","h":"Sud","s":"25N-H50NV10I-90-I"},{"r":"80","t":"15:40:42","h":"Sud","s":"25N-H50NV20I-90-I"},{"r":"80","t":"15:40:42","h":"Sud","s":"25S-H50S000I-81-I"},{"r":"80","t":"15:40:42","h":"Sud","s":"25S-H50S100F-80-F1"},{"r":"80","t":"15:40:42","h":"Sud","s":"25S-H50S200F-80-F2"},{"r":"80","t":"15:52:05","h":"Sud","s":"25N-H50N000S-80-S"},{"r":"80","t":"15:52:05","h":"Sud","s":"25N-H50N000S-90-S"},{"r":"80","t":"15:52:05","h":"Sud","s":"25N-H50NV10S-90-S"},{"r":"80","t":"15:52:05","h":"Sud","s":"25N-H50NV20S-90-S"},{"r":"80","t":"15:52:05","h":"Sud","s":"25S-H50S000S-81-S"},{"r":"80","t":"15:52:42","h":"Sud","s":"25N-H50N000A-80-A"},{"r":"80","t":"15:52:42","h":"Sud","s":"25N-H50N000A-90-A"},{"r":"80","t":"15:52:42","h":"Sud","s":"25N-H50NV10A-90-A"},{"r":"80","t":"15:52:42","h":"Sud","s":"25N-H50NV20A-90-A"},{"r":"80","t":"15:52:42","h":"Sud","s":"25S-H50S000A-81-A"},{"r":"80","t":"15:56:42","h":"Sud","s":"25N-H50N000I-80-I"},{"r":"80","t":"15:56:42","h":"Sud","s":"25N-H50N000I-90-I"},{"r":"80","t":"15:56:42","h":"Sud","s":"25N-H50N100F-90-F1"},{"r":"80","t":"15:56:42","h":"Sud","s":"25N-H50N200F-90-F2"},{"r":"80","t":"15:56:42","h":"Sud","s":"25N-H50N300F-90-F3"},{"r":"80","t":"15:56:42","h":"Sud","s":"25N-H50N400F-90-F4"},{"r":"80","t":"15:56:42","h":"Sud","s":"25N-H50NV10I-90-I"},{"r":"80","t":"15:56:42","h":"Sud","s":"25N-H50NV20I-90-I"},{"r":"80","t":"15:56:42","h":"Sud","s":"25S-H50S000I-81-I"},{"r":"80","t":"15:56:42","h":"Sud","s":"25S-H50S100F-80-F1"},{"r":"80","t":"15:56:42","h":"Sud","s":"25S-H50S200F-80-F2"},{"r":"80","t":"16:05:42","h":"Sud","s":"25N-H50N000A-80-A"},{"r":"80","t":"16:05:42","h":"Sud","s":"25N-H50N000A-90-A"},{"r":"80","t":"16:05:42","h":"Sud","s":"25N-H50NV10A-90-A"},{"r":"80","t":"16:05:42","h":"Sud","s":"25N-H50NV20A-90-A"},{"r":"80","t":"16:05:42","h":"Sud","s":"25S-H50S000A-81-A"},{"r":"80","t":"16:07:05","h":"Sud","s":"25N-H50N000S-80-S"},{"r":"80","t":"16:07:05","h":"Sud","s":"25N-H50N000S-90-S"},{"r":"80","t":"16:07:05","h":"Sud","s":"25N-H50NV10S-90-S"},{"r":"80","t":"16:07:05","h":"Sud","s":"25N-H50NV20S-90-S"},{"r":"80","t":"16:07:05","h":"Sud","s":"25S-H50S000S-81-S"},{"r":"80","t":"16:11:42","h":"Sud","s":"25N-H50N000I-80-I"},{"r":"80","t":"16:11:42","h":"Sud","s":"25N-H50N000I-90-I"},{"r":"80","t":"16:11:42","h":"Sud","s":"25N-H50N100F-90-F1"},{"r":"80","t":"16:11:42","h":"Sud","s":"25N-H50N200F-90-F2"},{"r":"80","t":"16:11:42","h":"Sud","s":"25N-H50N300F-90-F3"},{"r":"80","t":"16:11:42","h":"Sud","s":"25N-H50N400F-90-F4"},{"r":"80","t":"16:11:42","h":"Sud","s":"25N-H50NV10I-90-I"},{"r":"80","t":"16:11:42","h":"Sud","s":"25N-H50NV20I-90-I"},{"r":"80","t":"16:11:42","h":"Sud","s":"25S-H50S000I-81-I"},{"r":"80","t":"16:11:42","h":"Sud","s":"25S-H50S100F-80-F1"},{"r":"80","t":"16:11:42","h":"Sud","s":"25S-H50S200F-80-F2"},{"r":"80","t":"16:17:42","h":"Sud","s":"25N-H50N000A-80-A"},{"r":"80","t":"16:17:42","h":"Sud","s":"25N-H50N000A-90-A"},{"r":"80","t":"16:17:42","h":"Sud","s":"25N-H50NV10A-90-A"},{"r":"80","t":"16:17:42","h":"Sud","s":"25N-H50NV20A-90-A"},{"r":"80","t":"16:17:42","h":"Sud","s":"25S-H50S000A-81-A"},{"r":"80","t":"16:22:05","h":"Sud","s":"25N-H50N000S-80-S"},{"r":"80","t":"16:22:05","h":"Sud","s":"25N-H50N000S-90-S"},{"r":"80","t":"16:22:05","h":"Sud","s":"25N-H50NV10S-90-S"},{"r":"80","t":"16:22:05","h":"Sud","s":"25N-H50NV20S-90-S"},{"r":"80","t":"16:22:05","h":"Sud","s":"25S-H50S000S-81-S"},{"r":"80","t":"16:26:42","h":"Sud","s":"25N-H50N000I-80-I"},{"r":"80","t":"16:26:42","h":"Sud","s":"25N-H50N000I-90-I"},{"r":"80","t":"16:26:42","h":"Sud","s":"25N-H50N100F-90-F1"},{"r":"80","t":"16:26:42","h":"Sud","s":"25N-H50N200F-90-F2"},{"r":"80","t":"16:26:42","h":"Sud","s":"25N-H50N300F-90-F3"},{"r":"80","t":"16:26:42","h":"Sud","s":"25N-H50N400F-90-F4"},{"r":"80","t":"16:26:42","h":"Sud","s":"25N-H50NV10I-90-I"},{"r":"80","t":"16:26:42","h":"Sud","s":"25N-H50NV20I-90-I"},{"r":"80","t":"16:26:42","h":"Sud","s":"25S-H50S000I-81-I"},{"r":"80","t":"16:26:42","h":"Sud","s":"25S-H50S100F-80-F1"},{"r":"80","t":"16:26:42","h":"Sud","s":"25S-H50S200F-80-F2"},{"r":"80","t":"16:28:42","h":"Sud","s":"25N-H50N000A-80-A"},{"r":"80","t":"16:28:42","h":"Sud","s":"25N-H50N000A-90-A"},{"r":"80","t":"16:28:42","h":"Sud","s":"25N-H50NV10A-90-A"},{"r":"80","t":"16:28:42","h":"Sud","s":"25N-H50NV20A-90-A"},{"r":"80","t":"16:28:42","h":"Sud","s":"25S-H50S000A-81-A"},{"r":"80","t":"16:36:05","h":"Sud","s":"25N-H50N000S-80-S"},{"r":"80","t":"16:36:05","h":"Sud","s":"25N-H50N000S-90-S"},{"r":"80","t":"16:36:05","h":"Sud","s":"25N-H50NV10S-90-S"},{"r":"80","t":"16:36:05","h":"Sud","s":"25N-H50NV20S-90-S"},{"r":"80","t":"16:36:05","h":"Sud","s":"25S-H50S000S-81-S"},{"r":"80","t":"16:40:42","h":"Sud","s":"25N-H50N000A-80-A"},{"r":"80","t":"16:40:42","h":"Sud","s":"25N-H50N000A-90-A"},{"r":"80","t":"16:40:42","h":"Sud","s":"25N-H50NV10A-90-A"},{"r":"80","t":"16:40:42","h":"Sud","s":"25N-H50NV20A-90-A"},{"r":"80","t":"16:40:42","h":"Sud","s":"25S-H50S000A-81-A"},{"r":"80","t":"16:43:42","h":"Sud","s":"25N-H50N000I-80-I"},{"r":"80","t":"16:43:42","h":"Sud","s":"25N-H50N000I-90-I"},{"r":"80","t":"16:43:42","h":"Sud","s":"25N-H50N100F-90-F1"},{"r":"80","t":"16:43:42","h":"Sud","s":"25N-H50N200F-90-F2"},{"r":"80","t":"16:43:42","h":"Sud","s":"25N-H50N300F-90-F3"},{"r":"80","t":"16:43:42","h":"Sud","s":"25N-H50N400F-90-F4"},{"r":"80","t":"16:43:42","h":"Sud","s":"25N-H50NV10I-90-I"},{"r":"80","t":"16:43:42","h":"Sud","s":"25N-H50NV20I-90-I"},{"r":"80","t":"16:43:42","h":"Sud","s":"25S-H50S000I-81-I"},{"r":"80","t":"16:43:42","h":"Sud","s":"25S-H50S100F-80-F1"},{"r":"80","t":"16:43:42","h":"Sud","s":"25S-H50S200F-80-F2"},{"r":"80","t":"16:50:05","h":"Sud","s":"25N-H50N000S-80-S"},{"r":"80","t":"16:50:05","h":"Sud","s":"25N-H50N000S-90-S"},{"r":"80","t":"16:50:05","h":"Sud","s":"25N-H50NV10S-90-S"},{"r":"80","t":"16:50:05","h":"Sud","s":"25N-H50NV20S-90-S"},{"r":"80","t":"16:50:05","h":"Sud","s":"25S-H50S000S-81-S"},{"r":"80","t":"16:57:42","h":"Sud","s":"25N-H50N000A-80-A"},{"r":"80","t":"16:57:42","h":"Sud","s":"25N-H50N000A-90-A"},{"r":"80","t":"16:57:42","h":"Sud","s":"25N-H50NV10A-90-A"},{"r":"80","t":"16:57:42","h":"Sud","s":"25N-H50NV20A-90-A"},{"r":"80","t":"16:57:42","h":"Sud","s":"25S-H50S000A-81-A"},{"r":"80","t":"17:00:42","h":"Sud","s":"25N-H50N000I-80-I"},{"r":"80","t":"17:00:42","h":"Sud","s":"25N-H50N000I-90-I"},{"r":"80","t":"17:00:42","h":"Sud","s":"25N-H50N100F-90-F1"},{"r":"80","t":"17:00:42","h":"Sud","s":"25N-H50N200F-90-F2"},{"r":"80","t":"17:00:42","h":"Sud","s":"25N-H50N300F-90-F3"},{"r":"80","t":"17:00:42","h":"Sud","s":"25N-H50N400F-90-F4"},{"r":"80","t":"17:00:42","h":"Sud","s":"25N-H50NV10I-90-I"},{"r":"80","t":"17:00:42","h":"Sud","s":"25N-H50NV20I-90-I"},{"r":"80","t":"17:00:42","h":"Sud","s":"25S-H50S000I-81-I"},{"r":"80","t":"17:00:42","h":"Sud","s":"25S-H50S100F-80-F1"},{"r":"80","t":"17:00:42","h":"Sud","s":"25S-H50S200F-80-F2"},{"r":"80","t":"17:04:05","h":"Sud","s":"25N-H50N000S-80-S"},{"r":"80","t":"17:04:05","h":"Sud","s":"25N-H50N000S-90-S"},{"r":"80","t":"17:04:05","h":"Sud","s":"25N-H50NV10S-90-S"},{"r":"80","t":"17:04:05","h":"Sud","s":"25N-H50NV20S-90-S"},{"r":"80","t":"17:04:05","h":"Sud","s":"25S-H50S000S-81-S"},{"r":"80","t":"17:14:42","h":"Sud","s":"25N-H50N000A-80-A"},{"r":"80","t":"17:14:42","h":"Sud","s":"25N-H50N000A-90-A"},{"r":"80","t":"17:14:42","h":"Sud","s":"25N-H50NV10A-90-A"},{"r":"80","t":"17:14:42","h":"Sud","s":"25N-H50NV20A-90-A"},{"r":"80","t":"17:14:42","h":"Sud","s":"25S-H50S000A-81-A"},{"r":"80","t":"17:18:42","h":"Sud","s":"25N-H50N000I-80-I"},{"r":"80","t":"17:18:42","h":"Sud","s":"25N-H50N000I-90-I"},{"r":"80","t":"17:18:42","h":"Sud","s":"25N-H50N100F-90-F1"},{"r":"80","t":"17:18:42","h":"Sud","s":"25N-H50N200F-90-F2"},{"r":"80","t":"17:18:42","h":"Sud","s":"25N-H50N300F-90-F3"},{"r":"80","t":"17:18:42","h":"Sud","s":"25N-H50N400F-90-F4"},{"r":"80","t":"17:18:42","h":"Sud","s":"25N-H50NV10I-90-I"},{"r":"80","t":"17:18:42","h":"Sud","s":"25N-H50NV20I-90-I"},{"r":"80","t":"17:18:42","h":"Sud","s":"25S-H50S000I-81-I"},{"r":"80","t":"17:18:42","h":"Sud","s":"25S-H50S100F-80-F1"},{"r":"80","t":"17:18:42","h":"Sud","s":"25S-H50S200F-80-F2"},{"r":"80","t":"17:21:05","h":"Sud","s":"25N-H50N000S-80-S"},{"r":"80","t":"17:21:05","h":"Sud","s":"25N-H50N000S-90-S"},{"r":"80","t":"17:21:05","h":"Sud","s":"25N-H50NV10S-90-S"},{"r":"80","t":"17:21:05","h":"Sud","s":"25N-H50NV20S-90-S"},{"r":"80","t":"17:21:05","h":"Sud","s":"25S-H50S000S-81-S"},{"r":"80","t":"17:30:42","h":"Sud","s":"25N-H50N000A-80-A"},{"r":"80","t":"17:30:42","h":"Sud","s":"25N-H50N000A-90-A"},{"r":"80","t":"17:30:42","h":"Sud","s":"25N-H50NV10A-90-A"},{"r":"80","t":"17:30:42","h":"Sud","s":"25N-H50NV20A-90-A"},{"r":"80","t":"17:30:42","h":"Sud","s":"25S-H50S000A-81-A"},{"r":"80","t":"17:38:05","h":"Sud","s":"25N-H50N000S-80-S"},{"r":"80","t":"17:38:05","h":"Sud","s":"25N-H50N000S-90-S"},{"r":"80","t":"17:38:05","h":"Sud","s":"25N-H50NV10S-90-S"},{"r":"80","t":"17:38:05","h":"Sud","s":"25N-H50NV20S-90-S"},{"r":"80","t":"17:38:05","h":"Sud","s":"25S-H50S000S-81-S"},{"r":"80","t":"17:39:42","h":"Sud","s":"25N-H50N000I-80-I"},{"r":"80","t":"17:39:42","h":"Sud","s":"25N-H50N000I-90-I"},{"r":"80","t":"17:39:42","h":"Sud","s":"25N-H50N100F-90-F1"},{"r":"80","t":"17:39:42","h":"Sud","s":"25N-H50N200F-90-F2"},{"r":"80","t":"17:39:42","h":"Sud","s":"25N-H50N300F-90-F3"},{"r":"80","t":"17:39:42","h":"Sud","s":"25N-H50N400F-90-F4"},{"r":"80","t":"17:39:42","h":"Sud","s":"25N-H50NV10I-90-I"},{"r":"80","t":"17:39:42","h":"Sud","s":"25N-H50NV20I-90-I"},{"r":"80","t":"17:39:42","h":"Sud","s":"25S-H50S000I-81-I"},{"r":"80","t":"17:39:42","h":"Sud","s":"25S-H50S100F-80-F1"},{"r":"80","t":"17:39:42","h":"Sud","s":"25S-H50S200F-80-F2"},{"r":"80","t":"17:48:42","h":"Sud","s":"25N-H50N000A-80-A"},{"r":"80","t":"17:48:42","h":"Sud","s":"25N-H50N000A-90-A"},{"r":"80","t":"17:48:42","h":"Sud","s":"25N-H50NV10A-90-A"},{"r":"80","t":"17:48:42","h":"Sud","s":"25N-H50NV20A-90-A"},{"r":"80","t":"17:48:42","h":"Sud","s":"25S-H50S000A-81-A"},{"r":"80","t":"17:56:05","h":"Sud","s":"25N-H50N000S-80-S"},{"r":"80","t":"17:56:05","h":"Sud","s":"25N-H50N000S-90-S"},{"r":"80","t":"17:56:05","h":"Sud","s":"25N-H50NV10S-90-S"},{"r":"80","t":"17:56:05","h":"Sud","s":"25N-H50NV20S-90-S"},{"r":"80","t":"17:56:05","h":"Sud","s":"25S-H50S000S-81-S"},{"r":"80","t":"18:00:20","h":"Sud","s":"25N-H50N000I-80-I"},{"r":"80","t":"18:00:20","h":"Sud","s":"25N-H50N000I-90-I"},{"r":"80","t":"18:00:20","h":"Sud","s":"25N-H50N100F-90-F1"},{"r":"80","t":"18:00:20","h":"Sud","s":"25N-H50N200F-90-F2"},{"r":"80","t":"18:00:20","h":"Sud","s":"25N-H50N300F-90-F3"},{"r":"80","t":"18:00:20","h":"Sud","s":"25N-H50N400F-90-F4"},{"r":"80","t":"18:00:20","h":"Sud","s":"25N-H50NV10I-90-I"},{"r":"80","t":"18:00:20","h":"Sud","s":"25N-H50NV20I-90-I"},{"r":"80","t":"18:00:20","h":"Sud","s":"25S-H50S000I-81-I"},{"r":"80","t":"18:00:20","h":"Sud","s":"25S-H50S100F-80-F1"},{"r":"80","t":"18:00:20","h":"Sud","s":"25S-H50S200F-80-F2"},{"r":"80","t":"18:05:42","h":"Sud","s":"25N-H50N000A-80-A"},{"r":"80","t":"18:05:42","h":"Sud","s":"25N-H50N000A-90-A"},{"r":"80","t":"18:05:42","h":"Sud","s":"25N-H50NV10A-90-A"},{"r":"80","t":"18:05:42","h":"Sud","s":"25N-H50NV20A-90-A"},{"r":"80","t":"18:05:42","h":"Sud","s":"25S-H50S000A-81-A"},{"r":"80","t":"18:13:05","h":"Sud","s":"25N-H50N000S-80-S"},{"r":"80","t":"18:13:05","h":"Sud","s":"25N-H50N000S-90-S"},{"r":"80","t":"18:13:05","h":"Sud","s":"25N-H50NV10S-90-S"},{"r":"80","t":"18:13:05","h":"Sud","s":"25N-H50NV20S-90-S"},{"r":"80","t":"18:13:05","h":"Sud","s":"25S-H50S000S-81-S"},{"r":"80","t":"18:20:20","h":"Sud","s":"25N-H50N000I-80-I"},{"r":"80","t":"18:20:20","h":"Sud","s":"25N-H50N000I-90-I"},{"r":"80","t":"18:20:20","h":"Sud","s":"25N-H50N100F-90-F1"},{"r":"80","t":"18:20:20","h":"Sud","s":"25N-H50N200F-90-F2"},{"r":"80","t":"18:20:20","h":"Sud","s":"25N-H50N300F-90-F3"},{"r":"80","t":"18:20:20","h":"Sud","s":"25N-H50N400F-90-F4"},{"r":"80","t":"18:20:20","h":"Sud","s":"25N-H50NV10I-90-I"},{"r":"80","t":"18:20:20","h":"Sud","s":"25N-H50NV20I-90-I"},{"r":"80","t":"18:20:20","h":"Sud","s":"25S-H50S000I-81-I"},{"r":"80","t":"18:20:20","h":"Sud","s":"25S-H50S100F-80-F1"},{"r":"80","t":"18:20:20","h":"Sud","s":"25S-H50S200F-80-F2"},{"r":"80","t":"18:24:42","h":"Sud","s":"25N-H50N000A-80-A"},{"r":"80","t":"18:24:42","h":"Sud","s":"25N-H50N000A-90-A"},{"r":"80","t":"18:24:42","h":"Sud","s":"25N-H50NV10A-90-A"},{"r":"80","t":"18:24:42","h":"Sud","s":"25N-H50NV20A-90-A"},{"r":"80","t":"18:24:42","h":"Sud","s":"25S-H50S000A-81-A"},{"r":"80","t":"18:29:42","h":"Sud","s":"25N-H50N000S-80-S"},{"r":"80","t":"18:29:42","h":"Sud","s":"25N-H50N000S-90-S"},{"r":"80","t":"18:29:42","h":"Sud","s":"25N-H50NV10S-90-S"},{"r":"80","t":"18:29:42","h":"Sud","s":"25N-H50NV20S-90-S"},{"r":"80","t":"18:29:42","h":"Sud","s":"25S-H50S000S-81-S"},{"r":"80","t":"18:42:20","h":"Sud","s":"25N-H50N000I-80-I"},{"r":"80","t":"18:42:20","h":"Sud","s":"25N-H50N000I-90-I"},{"r":"80","t":"18:42:20","h":"Sud","s":"25N-H50N100F-90-F1"},{"r":"80","t":"18:42:20","h":"Sud","s":"25N-H50N200F-90-F2"},{"r":"80","t":"18:42:20","h":"Sud","s":"25N-H50N300F-90-F3"},{"r":"80","t":"18:42:20","h":"Sud","s":"25N-H50N400F-90-F4"},{"r":"80","t":"18:42:20","h":"Sud","s":"25N-H50NV10I-90-I"},{"r":"80","t":"18:42:20","h":"Sud","s":"25N-H50NV20I-90-I"},{"r":"80","t":"18:42:20","h":"Sud","s":"25S-H50S000I-81-I"},{"r":"80","t":"18:42:20","h":"Sud","s":"25S-H50S100F-80-F1"},{"r":"80","t":"18:42:20","h":"Sud","s":"25S-H50S200F-80-F2"},{"r":"80","t":"18:42:42","h":"Sud","s":"25N-H50N000A-80-A"},{"r":"80","t":"18:42:42","h":"Sud","s":"25N-H50N000A-90-A"},{"r":"80","t":"18:42:42","h":"Sud","s":"25N-H50NV10A-90-A"},{"r":"80","t":"18:42:42","h":"Sud","s":"25N-H50NV20A-90-A"},{"r":"80","t":"18:42:42","h":"Sud","s":"25S-H50S000A-81-A"},{"r":"80","t":"18:45:20","h":"Sud","s":"25N-H50N000S-80-S"},{"r":"80","t":"18:45:20","h":"Sud","s":"25N-H50N000S-90-S"},{"r":"80","t":"18:45:20","h":"Sud","s":"25N-H50NV10S-90-S"},{"r":"80","t":"18:45:20","h":"Sud","s":"25N-H50NV20S-90-S"},{"r":"80","t":"18:45:20","h":"Sud","s":"25S-H50S000S-81-S"},{"r":"80","t":"19:03:20","h":"Sud","s":"25N-H50N000S-80-S"},{"r":"80","t":"19:03:20","h":"Sud","s":"25N-H50N000S-90-S"},{"r":"80","t":"19:03:20","h":"Sud","s":"25N-H50NV10S-90-S"},{"r":"80","t":"19:03:20","h":"Sud","s":"25N-H50NV20S-90-S"},{"r":"80","t":"19:03:20","h":"Sud","s":"25S-H50S000S-81-S"},{"r":"80","t":"19:04:42","h":"Sud","s":"25N-H50N000A-80-A"},{"r":"80","t":"19:04:42","h":"Sud","s":"25N-H50N000A-90-A"},{"r":"80","t":"19:04:42","h":"Sud","s":"25N-H50NV10A-90-A"},{"r":"80","t":"19:04:42","h":"Sud","s":"25N-H50NV20A-90-A"},{"r":"80","t":"19:04:42","h":"Sud","s":"25S-H50S000A-81-A"},{"r":"80","t":"19:10:20","h":"Sud","s":"25N-H50N000I-80-I"},{"r":"80","t":"19:10:20","h":"Sud","s":"25N-H50N000I-90-I"},{"r":"80","t":"19:10:20","h":"Sud","s":"25N-H50N100F-90-F1"},{"r":"80","t":"19:10:20","h":"Sud","s":"25N-H50N200F-90-F2"},{"r":"80","t":"19:10:20","h":"Sud","s":"25N-H50N300F-90-F3"},{"r":"80","t":"19:10:20","h":"Sud","s":"25N-H50N400F-90-F4"},{"r":"80","t":"19:10:20","h":"Sud","s":"25N-H50NV10I-90-I"},{"r":"80","t":"19:10:20","h":"Sud","s":"25N-H50NV20I-90-I"},{"r":"80","t":"19:10:20","h":"Sud","s":"25S-H50S000I-81-I"},{"r":"80","t":"19:10:20","h":"Sud","s":"25S-H50S100F-80-F1"},{"r":"80","t":"19:10:20","h":"Sud","s":"25S-H50S200F-80-F2"},{"r":"80","t":"19:25:20","h":"Sud","s":"25N-H50N000S-80-S"},{"r":"80","t":"19:25:20","h":"Sud","s":"25N-H50N000S-90-S"},{"r":"80","t":"19:25:20","h":"Sud","s":"25N-H50NV10S-90-S"},{"r":"80","t":"19:25:20","h":"Sud","s":"25N-H50NV20S-90-S"},{"r":"80","t":"19:25:20","h":"Sud","s":"25S-H50S000S-81-S"},{"r":"80","t":"19:25:42","h":"Sud","s":"25N-H50N000A-80-A"},{"r":"80","t":"19:25:42","h":"Sud","s":"25N-H50N000A-90-A"},{"r":"80","t":"19:25:42","h":"Sud","s":"25N-H50NV10A-90-A"},{"r":"80","t":"19:25:42","h":"Sud","s":"25N-H50NV20A-90-A"},{"r":"80","t":"19:25:42","h":"Sud","s":"25S-H50S000A-81-A"},{"r":"80","t":"19:40:20","h":"Sud","s":"25N-H50N000I-80-I"},{"r":"80","t":"19:40:20","h":"Sud","s":"25N-H50N000I-90-I"},{"r":"80","t":"19:40:20","h":"Sud","s":"25N-H50N100F-90-F1"},{"r":"80","t":"19:40:20","h":"Sud","s":"25N-H50N200F-90-F2"},{"r":"80","t":"19:40:20","h":"Sud","s":"25N-H50N300F-90-F3"},{"r":"80","t":"19:40:20","h":"Sud","s":"25N-H50N400F-90-F4"},{"r":"80","t":"19:40:20","h":"Sud","s":"25N-H50NV10I-90-I"},{"r":"80","t":"19:40:20","h":"Sud","s":"25N-H50NV20I-90-I"},{"r":"80","t":"19:40:20","h":"Sud","s":"25S-H50S000I-81-I"},{"r":"80","t":"19:40:20","h":"Sud","s":"25S-H50S100F-80-F1"},{"r":"80","t":"19:40:20","h":"Sud","s":"25S-H50S200F-80-F2"},{"r":"80","t":"19:55:20","h":"Sud","s":"25N-H50N000S-80-S"},{"r":"80","t":"19:55:20","h":"Sud","s":"25N-H50N000S-90-S"},{"r":"80","t":"19:55:20","h":"Sud","s":"25N-H50NV10S-90-S"},{"r":"80","t":"19:55:20","h":"Sud","s":"25N-H50NV20S-90-S"},{"r":"80","t":"19:55:20","h":"Sud","s":"25S-H50S000S-81-S"},{"r":"80","t":"19:58:20","h":"Sud","s":"25N-H50N000A-80-A"},{"r":"80","t":"19:58:20","h":"Sud","s":"25N-H50N000A-90-A"},{"r":"80","t":"19:58:20","h":"Sud","s":"25N-H50NV10A-90-A"},{"r":"80","t":"19:58:20","h":"Sud","s":"25N-H50NV20A-90-A"},{"r":"80","t":"19:58:20","h":"Sud","s":"25S-H50S000A-81-A"},{"r":"80","t":"20:11:20","h":"Sud","s":"25N-H50N000I-80-I"},{"r":"80","t":"20:11:20","h":"Sud","s":"25N-H50N000I-90-I"},{"r":"80","t":"20:11:20","h":"Sud","s":"25N-H50N100F-90-F1"},{"r":"80","t":"20:11:20","h":"Sud","s":"25N-H50N200F-90-F2"},{"r":"80","t":"20:11:20","h":"Sud","s":"25N-H50N300F-90-F3"},{"r":"80","t":"20:11:20","h":"Sud","s":"25N-H50N400F-90-F4"},{"r":"80","t":"20:11:20","h":"Sud","s":"25N-H50NV10I-90-I"},{"r":"80","t":"20:11:20","h":"Sud","s":"25N-H50NV20I-90-I"},{"r":"80","t":"20:11:20","h":"Sud","s":"25S-H50S000I-81-I"},{"r":"80","t":"20:11:20","h":"Sud","s":"25S-H50S100F-80-F1"},{"r":"80","t":"20:11:20","h":"Sud","s":"25S-H50S200F-80-F2"},{"r":"80","t":"20:25:20","h":"Sud","s":"25N-H50N000S-80-S"},{"r":"80","t":"20:25:20","h":"Sud","s":"25N-H50N000S-90-S"},{"r":"80","t":"20:25:20","h":"Sud","s":"25N-H50NV10S-90-S"},{"r":"80","t":"20:25:20","h":"Sud","s":"25N-H50NV20S-90-S"},{"r":"80","t":"20:25:20","h":"Sud","s":"25S-H50S000S-81-S"},{"r":"80","t":"20:26:20","h":"Sud","s":"25N-H50N000A-80-A"},{"r":"80","t":"20:26:20","h":"Sud","s":"25N-H50N000A-90-A"},{"r":"80","t":"20:26:20","h":"Sud","s":"25N-H50NV10A-90-A"},{"r":"80","t":"20:26:20","h":"Sud","s":"25N-H50NV20A-90-A"},{"r":"80","t":"20:26:20","h":"Sud","s":"25S-H50S000A-81-A"},{"r":"80","t":"20:38:35","h":"Sud","s":"25N-H50N000I-80-I"},{"r":"80","t":"20:38:35","h":"Sud","s":"25N-H50N000I-90-I"},{"r":"80","t":"20:38:35","h":"Sud","s":"25N-H50N100F-90-F1"},{"r":"80","t":"20:38:35","h":"Sud","s":"25N-H50N200F-90-F2"},{"r":"80","t":"20:38:35","h":"Sud","s":"25N-H50N300F-90-F3"},{"r":"80","t":"20:38:35","h":"Sud","s":"25N-H50N400F-90-F4"},{"r":"80","t":"20:38:35","h":"Sud","s":"25N-H50NV10I-90-I"},{"r":"80","t":"20:38:35","h":"Sud","s":"25N-H50NV20I-90-I"},{"r":"80","t":"20:38:35","h":"Sud","s":"25S-H50S000I-81-I"},{"r":"80","t":"20:38:35","h":"Sud","s":"25S-H50S100F-80-F1"},{"r":"80","t":"20:38:35","h":"Sud","s":"25S-H50S200F-80-F2"},{"r":"80","t":"20:54:20","h":"Sud","s":"25N-H50N000S-80-S"},{"r":"80","t":"20:54:20","h":"Sud","s":"25N-H50N000S-90-S"},{"r":"80","t":"20:54:20","h":"Sud","s":"25N-H50NV10S-90-S"},{"r":"80","t":"20:54:20","h":"Sud","s":"25N-H50NV20S-90-S"},{"r":"80","t":"20:54:20","h":"Sud","s":"25S-H50S000S-81-S"},{"r":"80","t":"20:56:20","h":"Sud","s":"25N-H50N000A-80-A"},{"r":"80","t":"20:56:20","h":"Sud","s":"25N-H50N000A-90-A"},{"r":"80","t":"20:56:20","h":"Sud","s":"25N-H50NV10A-90-A"},{"r":"80","t":"20:56:20","h":"Sud","s":"25N-H50NV20A-90-A"},{"r":"80","t":"20:56:20","h":"Sud","s":"25S-H50S000A-81-A"},{"r":"80","t":"21:07:35","h":"Sud","s":"25N-H50N000I-80-I"},{"r":"80","t":"21:07:35","h":"Sud","s":"25N-H50N000I-90-I"},{"r":"80","t":"21:07:35","h":"Sud","s":"25N-H50N100F-90-F1"},{"r":"80","t":"21:07:35","h":"Sud","s":"25N-H50N200F-90-F2"},{"r":"80","t":"21:07:35","h":"Sud","s":"25N-H50N300F-90-F3"},{"r":"80","t":"21:07:35","h":"Sud","s":"25N-H50N400F-90-F4"},{"r":"80","t":"21:07:35","h":"Sud","s":"25N-H50NV10I-90-I"},{"r":"80","t":"21:07:35","h":"Sud","s":"25N-H50NV20I-90-I"},{"r":"80","t":"21:07:35","h":"Sud","s":"25S-H50S000I-81-I"},{"r":"80","t":"21:07:35","h":"Sud","s":"25S-H50S100F-80-F1"},{"r":"80","t":"21:07:35","h":"Sud","s":"25S-H50S200F-80-F2"},{"r":"80","t":"21:23:20","h":"Sud","s":"25N-H50N000A-80-A"},{"r":"80","t":"21:23:20","h":"Sud","s":"25N-H50N000A-90-A"},{"r":"80","t":"21:23:20","h":"Sud","s":"25N-H50NV10A-90-A"},{"r":"80","t":"21:23:20","h":"Sud","s":"25N-H50NV20A-90-A"},{"r":"80","t":"21:23:20","h":"Sud","s":"25S-H50S000A-81-A"},{"r":"80","t":"21:24:20","h":"Sud","s":"25N-H50N000S-80-S"},{"r":"80","t":"21:24:20","h":"Sud","s":"25N-H50N000S-90-S"},{"r":"80","t":"21:24:20","h":"Sud","s":"25N-H50NV10S-90-S"},{"r":"80","t":"21:24:20","h":"Sud","s":"25N-H50NV20S-90-S"},{"r":"80","t":"21:24:20","h":"Sud","s":"25S-H50S000S-81-S"},{"r":"80","t":"21:36:35","h":"Sud","s":"25N-H50N000I-80-I"},{"r":"80","t":"21:36:35","h":"Sud","s":"25N-H50N000I-90-I"},{"r":"80","t":"21:36:35","h":"Sud","s":"25N-H50N100F-90-F1"},{"r":"80","t":"21:36:35","h":"Sud","s":"25N-H50N200F-90-F2"},{"r":"80","t":"21:36:35","h":"Sud","s":"25N-H50N300F-90-F3"},{"r":"80","t":"21:36:35","h":"Sud","s":"25N-H50N400F-90-F4"},{"r":"80","t":"21:36:35","h":"Sud","s":"25N-H50NV10I-90-I"},{"r":"80","t":"21:36:35","h":"Sud","s":"25N-H50NV20I-90-I"},{"r":"80","t":"21:36:35","h":"Sud","s":"25S-H50S000I-81-I"},{"r":"80","t":"21:36:35","h":"Sud","s":"25S-H50S100F-80-F1"},{"r":"80","t":"21:36:35","h":"Sud","s":"25S-H50S200F-80-F2"},{"r":"80","t":"21:52:20","h":"Sud","s":"25N-H50N000A-80-A"},{"r":"80","t":"21:52:20","h":"Sud","s":"25N-H50N000A-90-A"},{"r":"80","t":"21:52:20","h":"Sud","s":"25N-H50NV10A-90-A"},{"r":"80","t":"21:52:20","h":"Sud","s":"25N-H50NV20A-90-A"},{"r":"80","t":"21:52:20","h":"Sud","s":"25S-H50S000A-81-A"},{"r":"80","t":"21:54:20","h":"Sud","s":"25N-H50N000S-80-S"},{"r":"80","t":"21:54:20","h":"Sud","s":"25N-H50N000S-90-S"},{"r":"80","t":"21:54:20","h":"Sud","s":"25N-H50NV10S-90-S"},{"r":"80","t":"21:54:20","h":"Sud","s":"25N-H50NV20S-90-S"},{"r":"80","t":"21:54:20","h":"Sud","s":"25S-H50S000S-81-S"},{"r":"80","t":"22:04:35","h":"Sud","s":"25N-H50N000I-80-I"},{"r":"80","t":"22:04:35","h":"Sud","s":"25N-H50N000I-90-I"},{"r":"80","t":"22:04:35","h":"Sud","s":"25N-H50N100F-90-F1"},{"r":"80","t":"22:04:35","h":"Sud","s":"25N-H50N200F-90-F2"},{"r":"80","t":"22:04:35","h":"Sud","s":"25N-H50N300F-90-F3"},{"r":"80","t":"22:04:35","h":"Sud","s":"25N-H50N400F-90-F4"},{"r":"80","t":"22:04:35","h":"Sud","s":"25N-H50NV10I-90-I"},{"r":"80","t":"22:04:35","h":"Sud","s":"25N-H50NV20I-90-I"},{"r":"80","t":"22:04:35","h":"Sud","s":"25S-H50S000I-81-I"},{"r":"80","t":"22:04:35","h":"Sud","s":"25S-H50S100F-80-F1"},{"r":"80","t":"22:04:35","h":"Sud","s":"25S-H50S200F-80-F2"},{"r":"80","t":"22:22:20","h":"Sud","s":"25N-H50N000A-80-A"},{"r":"80","t":"22:22:20","h":"Sud","s":"25N-H50N000A-90-A"},{"r":"80","t":"22:22:20","h":"Sud","s":"25N-H50NV10A-90-A"},{"r":"80","t":"22:22:20","h":"Sud","s":"25N-H50NV20A-90-A"},{"r":"80","t":"22:22:20","h":"Sud","s":"25S-H50S000A-81-A"},{"r":"80","t":"22:25:20","h":"Sud","s":"25N-H50N000S-80-S"},{"r":"80","t":"22:25:20","h":"Sud","s":"25N-H50N000S-90-S"},{"r":"80","t":"22:25:20","h":"Sud","s":"25N-H50NV10S-90-S"},{"r":"80","t":"22:25:20","h":"Sud","s":"25N-H50NV20S-90-S"},{"r":"80","t":"22:25:20","h":"Sud","s":"25S-H50S000S-81-S"},{"r":"80","t":"22:32:35","h":"Sud","s":"25N-H50N000I-80-I"},{"r":"80","t":"22:32:35","h":"Sud","s":"25N-H50N000I-90-I"},{"r":"80","t":"22:32:35","h":"Sud","s":"25N-H50N100F-90-F1"},{"r":"80","t":"22:32:35","h":"Sud","s":"25N-H50N200F-90-F2"},{"r":"80","t":"22:32:35","h":"Sud","s":"25N-H50N300F-90-F3"},{"r":"80","t":"22:32:35","h":"Sud","s":"25N-H50N400F-90-F4"},{"r":"80","t":"22:32:35","h":"Sud","s":"25N-H50NV10I-90-I"},{"r":"80","t":"22:32:35","h":"Sud","s":"25N-H50NV20I-90-I"},{"r":"80","t":"22:32:35","h":"Sud","s":"25S-H50S000I-81-I"},{"r":"80","t":"22:32:35","h":"Sud","s":"25S-H50S100F-80-F1"},{"r":"80","t":"22:32:35","h":"Sud","s":"25S-H50S200F-80-F2"},{"r":"80","t":"22:51:58","h":"Sud","s":"25N-H50N000A-80-A"},{"r":"80","t":"22:51:58","h":"Sud","s":"25N-H50N000A-90-A"},{"r":"80","t":"22:51:58","h":"Sud","s":"25N-H50NV10A-90-A"},{"r":"80","t":"22:51:58","h":"Sud","s":"25N-H50NV20A-90-A"},{"r":"80","t":"22:51:58","h":"Sud","s":"25S-H50S000A-81-A"},{"r":"80","t":"22:55:35","h":"Sud","s":"25N-H50N000S-80-S"},{"r":"80","t":"22:55:35","h":"Sud","s":"25N-H50N000S-90-S"},{"r":"80","t":"22:55:35","h":"Sud","s":"25N-H50NV10S-90-S"},{"r":"80","t":"22:55:35","h":"Sud","s":"25N-H50NV20S-90-S"},{"r":"80","t":"22:55:35","h":"Sud","s":"25S-H50S000S-81-S"},{"r":"80","t":"23:01:35","h":"Sud","s":"25N-H50N000I-80-I"},{"r":"80","t":"23:01:35","h":"Sud","s":"25N-H50N000I-90-I"},{"r":"80","t":"23:01:35","h":"Sud","s":"25N-H50N100F-90-F1"},{"r":"80","t":"23:01:35","h":"Sud","s":"25N-H50N200F-90-F2"},{"r":"80","t":"23:01:35","h":"Sud","s":"25N-H50N300F-90-F3"},{"r":"80","t":"23:01:35","h":"Sud","s":"25N-H50N400F-90-F4"},{"r":"80","t":"23:01:35","h":"Sud","s":"25N-H50NV10I-90-I"},{"r":"80","t":"23:01:35","h":"Sud","s":"25N-H50NV20I-90-I"},{"r":"80","t":"23:01:35","h":"Sud","s":"25S-H50S000I-81-I"},{"r":"80","t":"23:01:35","h":"Sud","s":"25S-H50S100F-80-F1"},{"r":"80","t":"23:01:35","h":"Sud","s":"25S-H50S200F-80-F2"},{"r":"80","t":"23:19:58","h":"Sud","s":"25N-H50N000A-80-A"},{"r":"80","t":"23:19:58","h":"Sud","s":"25N-H50N000A-90-A"},{"r":"80","t":"23:19:58","h":"Sud","s":"25N-H50NV10A-90-A"},{"r":"80","t":"23:19:58","h":"Sud","s":"25N-H50NV20A-90-A"},{"r":"80","t":"23:19:58","h":"Sud","s":"25S-H50S000A-81-A"},{"r":"80","t":"23:22:35","h":"Sud","s":"25N-H50N000S-80-S"},{"r":"80","t":"23:22:35","h":"Sud","s":"25N-H50N000S-90-S"},{"r":"80","t":"23:22:35","h":"Sud","s":"25N-H50NV10S-90-S"},{"r":"80","t":"23:22:35","h":"Sud","s":"25N-H50NV20S-90-S"},{"r":"80","t":"23:22:35","h":"Sud","s":"25S-H50S000S-81-S"},{"r":"80","t":"23:30:35","h":"Sud","s":"25N-H50N000I-80-I"},{"r":"80","t":"23:30:35","h":"Sud","s":"25N-H50N000I-90-I"},{"r":"80","t":"23:30:35","h":"Sud","s":"25N-H50N100F-90-F1"},{"r":"80","t":"23:30:35","h":"Sud","s":"25N-H50N200F-90-F2"},{"r":"80","t":"23:30:35","h":"Sud","s":"25N-H50N300F-90-F3"},{"r":"80","t":"23:30:35","h":"Sud","s":"25N-H50N400F-90-F4"},{"r":"80","t":"23:30:35","h":"Sud","s":"25N-H50NV10I-90-I"},{"r":"80","t":"23:30:35","h":"Sud","s":"25N-H50NV20I-90-I"},{"r":"80","t":"23:30:35","h":"Sud","s":"25S-H50S000I-81-I"},{"r":"80","t":"23:30:35","h":"Sud","s":"25S-H50S100F-80-F1"},{"r":"80","t":"23:30:35","h":"Sud","s":"25S-H50S200F-80-F2"},{"r":"80","t":"23:49:58","h":"Sud","s":"25N-H50N000A-80-A"},{"r":"80","t":"23:49:58","h":"Sud","s":"25N-H50N000A-90-A"},{"r":"80","t":"23:49:58","h":"Sud","s":"25N-H50NV10A-90-A"},{"r":"80","t":"23:49:58","h":"Sud","s":"25N-H50NV20A-90-A"},{"r":"80","t":"23:49:58","h":"Sud","s":"25S-H50S000A-81-A"},{"r":"80","t":"23:50:35","h":"Sud","s":"25N-H50N000S-80-S"},{"r":"80","t":"23:50:35","h":"Sud","s":"25N-H50N000S-90-S"},{"r":"80","t":"23:50:35","h":"Sud","s":"25N-H50NV10S-90-S"},{"r":"80","t":"23:50:35","h":"Sud","s":"25N-H50NV20S-90-S"},{"r":"80","t":"23:50:35","h":"Sud","s":"25S-H50S000S-81-S"},{"r":"80","t":"23:59:35","h":"Sud","s":"25N-H50N000I-80-I"},{"r":"80","t":"23:59:35","h":"Sud","s":"25N-H50N000I-90-I"},{"r":"80","t":"23:59:35","h":"Sud","s":"25N-H50N100F-90-F1"},{"r":"80","t":"23:59:35","h":"Sud","s":"25N-H50N200F-90-F2"},{"r":"80","t":"23:59:35","h":"Sud","s":"25N-H50N300F-90-F3"},{"r":"80","t":"23:59:35","h":"Sud","s":"25N-H50N400F-90-F4"},{"r":"80","t":"23:59:35","h":"Sud","s":"25N-H50NV10I-90-I"},{"r":"80","t":"23:59:35","h":"Sud","s":"25N-H50NV20I-90-I"},{"r":"80","t":"23:59:35","h":"Sud","s":"25S-H50S000I-81-I"},{"r":"80","t":"23:59:35","h":"Sud","s":"25S-H50S100F-80-F1"},{"r":"80","t":"23:59:35","h":"Sud","s":"25S-H50S200F-80-F2"},{"r":"80","t":"24:19:35","h":"Sud","s":"25N-H50N000S-80-S"},{"r":"80","t":"24:19:35","h":"Sud","s":"25N-H50N000S-90-S"},{"r":"80","t":"24:19:35","h":"Sud","s":"25N-H50NV10S-90-S"},{"r":"80","t":"24:19:35","h":"Sud","s":"25N-H50NV20S-90-S"},{"r":"80","t":"24:19:35","h":"Sud","s":"25S-H50S000S-81-S"},{"r":"80","t":"24:20:35","h":"Sud","s":"25N-H50N000A-80-A"},{"r":"80","t":"24:20:35","h":"Sud","s":"25N-H50N000A-90-A"},{"r":"80","t":"24:20:35","h":"Sud","s":"25N-H50NV10A-90-A"},{"r":"80","t":"24:20:35","h":"Sud","s":"25N-H50NV20A-90-A"},{"r":"80","t":"24:20:35","h":"Sud","s":"25S-H50S000A-81-A"},{"r":"80","t":"24:32:13","h":"Sud","s":"25N-H50N000I-80-I"},{"r":"80","t":"24:32:13","h":"Sud","s":"25N-H50N000I-90-I"},{"r":"80","t":"24:32:13","h":"Sud","s":"25N-H50N100F-90-F1"},{"r":"80","t":"24:32:13","h":"Sud","s":"25N-H50N200F-90-F2"},{"r":"80","t":"24:32:13","h":"Sud","s":"25N-H50N300F-90-F3"},{"r":"80","t":"24:32:13","h":"Sud","s":"25N-H50N400F-90-F4"},{"r":"80","t":"24:32:13","h":"Sud","s":"25N-H50NV10I-90-I"},{"r":"80","t":"24:32:13","h":"Sud","s":"25N-H50NV20I-90-I"},{"r":"80","t":"24:32:13","h":"Sud","s":"25S-H50S000I-81-I"},{"r":"80","t":"24:32:13","h":"Sud","s":"25S-H50S100F-80-F1"},{"r":"80","t":"24:32:13","h":"Sud","s":"25S-H50S200F-80-F2"},{"r":"80","t":"24:46:13","h":"Sud","s":"25N-H50N000S-80-S"},{"r":"80","t":"24:46:13","h":"Sud","s":"25N-H50N000S-90-S"},{"r":"80","t":"24:46:13","h":"Sud","s":"25N-H50NV10S-90-S"},{"r":"80","t":"24:46:13","h":"Sud","s":"25N-H50NV20S-90-S"},{"r":"80","t":"24:46:13","h":"Sud","s":"25S-H50S000S-81-S"},{"r":"80","t":"24:51:35","h":"Sud","s":"25N-H50N000A-80-A"},{"r":"80","t":"24:51:35","h":"Sud","s":"25N-H50N000A-90-A"},{"r":"80","t":"24:51:35","h":"Sud","s":"25N-H50NV10A-90-A"},{"r":"80","t":"24:51:35","h":"Sud","s":"25N-H50NV20A-90-A"},{"r":"80","t":"24:51:35","h":"Sud","s":"25S-H50S000A-81-A"},{"r":"80","t":"25:03:13","h":"Sud","s":"25N-H50N000I-80-I"},{"r":"80","t":"25:03:13","h":"Sud","s":"25N-H50N000I-90-I"},{"r":"80","t":"25:03:13","h":"Sud","s":"25N-H50N100F-90-F1"},{"r":"80","t":"25:03:13","h":"Sud","s":"25N-H50N200F-90-F2"},{"r":"80","t":"25:03:13","h":"Sud","s":"25N-H50N300F-90-F3"},{"r":"80","t":"25:03:13","h":"Sud","s":"25N-H50N400F-90-F4"},{"r":"80","t":"25:03:13","h":"Sud","s":"25N-H50NV10I-90-I"},{"r":"80","t":"25:03:13","h":"Sud","s":"25N-H50NV20I-90-I"},{"r":"80","t":"25:03:13","h":"Sud","s":"25S-H50S000I-81-I"},{"r":"80","t":"25:03:13","h":"Sud","s":"25S-H50S100F-80-F1"},{"r":"80","t":"25:03:13","h":"Sud","s":"25S-H50S200F-80-F2"},{"r":"80","t":"25:14:13","h":"Sud","s":"25N-H50N000S-80-S"},{"r":"80","t":"25:14:13","h":"Sud","s":"25N-H50N000S-90-S"},{"r":"80","t":"25:14:13","h":"Sud","s":"25N-H50NV10S-90-S"},{"r":"80","t":"25:14:13","h":"Sud","s":"25N-H50NV20S-90-S"},{"r":"80","t":"25:14:13","h":"Sud","s":"25S-H50S000S-81-S"},{"r":"80","t":"25:23:35","h":"Sud","s":"25N-H50N000A-80-A"},{"r":"80","t":"25:23:35","h":"Sud","s":"25N-H50N000A-90-A"},{"r":"80","t":"25:23:35","h":"Sud","s":"25N-H50NV10A-90-A"},{"r":"80","t":"25:23:35","h":"Sud","s":"25N-H50NV20A-90-A"},{"r":"80","t":"25:23:35","h":"Sud","s":"25S-H50S000A-81-A"},{"r":"365","t":"25:46:25","h":"Sud","s":"25N-H58N000I-80-I"},{"r":"365","t":"25:46:25","h":"Sud","s":"25N-H58N100F-80-F1"},{"r":"365","t":"25:46:25","h":"Sud","s":"25N-H58N200F-80-F2"},{"r":"365","t":"25:46:25","h":"Sud","s":"25N-H58N300F-80-F3"},{"r":"365","t":"25:46:25","h":"Sud","s":"25N-H58N400F-80-F4"},{"r":"365","t":"25:46:25","h":"Sud","s":"25N-H58NV10I-80-I"},{"r":"365","t":"25:46:25","h":"Sud","s":"25N-H58NV20I-80-I"},{"r":"365","t":"25:46:25","h":"Sud","s":"25S-H58S000I-80-I"},{"r":"365","t":"25:46:25","h":"Sud","s":"25S-H58S100F-80-F1"},{"r":"365","t":"25:46:25","h":"Sud","s":"25S-H58S200F-80-F2"},{"r":"365","t":"25:47:37","h":"Sud","s":"25N-H58N000S-80-S"},{"r":"365","t":"25:47:37","h":"Sud","s":"25N-H58NV10S-80-S"},{"r":"365","t":"25:47:37","h":"Sud","s":"25N-H58NV20S-80-S"},{"r":"365","t":"25:47:37","h":"Sud","s":"25S-H58S000S-80-S"},{"r":"365","t":"25:49:37","h":"Sud","s":"25N-H58N000A-80-A"},{"r":"365","t":"25:49:37","h":"Sud","s":"25N-H58NV10A-80-A"},{"r":"365","t":"25:49:37","h":"Sud","s":"25N-H58NV20A-80-A"},{"r":"365","t":"25:49:37","h":"Sud","s":"25S-H58S000A-80-A"},{"r":"365","t":"26:23:37","h":"Sud","s":"25N-H58N000A-80-A"},{"r":"365","t":"26:23:37","h":"Sud","s":"25N-H58NV10A-80-A"},{"r":"365","t":"26:23:37","h":"Sud","s":"25N-H58NV20A-80-A"},{"r":"365","t":"26:23:37","h":"Sud","s":"25S-H58S000A-80-A"},{"r":"365","t":"26:26:25","h":"Sud","s":"25N-H58N000I-80-I"},{"r":"365","t":"26:26:25","h":"Sud","s":"25N-H58N100F-80-F1"},{"r":"365","t":"26:26:25","h":"Sud","s":"25N-H58N200F-80-F2"},{"r":"365","t":"26:26:25","h":"Sud","s":"25N-H58N300F-80-F3"},{"r":"365","t":"26:26:25","h":"Sud","s":"25N-H58N400F-80-F4"},{"r":"365","t":"26:26:25","h":"Sud","s":"25N-H58NV10I-80-I"},{"r":"365","t":"26:26:25","h":"Sud","s":"25N-H58NV20I-80-I"},{"r":"365","t":"26:26:25","h":"Sud","s":"25S-H58S000I-80-I"},{"r":"365","t":"26:26:25","h":"Sud","s":"25S-H58S100F-80-F1"},{"r":"365","t":"26:26:25","h":"Sud","s":"25S-H58S200F-80-F2"},{"r":"365","t":"26:27:37","h":"Sud","s":"25N-H58N000S-80-S"},{"r":"365","t":"26:27:37","h":"Sud","s":"25N-H58NV10S-80-S"},{"r":"365","t":"26:27:37","h":"Sud","s":"25N-H58NV20S-80-S"},{"r":"365","t":"26:27:37","h":"Sud","s":"25S-H58S000S-80-S"},{"r":"365","t":"26:56:37","h":"Sud","s":"25N-H58N000A-80-A"},{"r":"365","t":"26:56:37","h":"Sud","s":"25N-H58NV10A-80-A"},{"r":"365","t":"26:56:37","h":"Sud","s":"25N-H58NV20A-80-A"},{"r":"365","t":"26:56:37","h":"Sud","s":"25S-H58S000A-80-A"},{"r":"365","t":"27:06:25","h":"Sud","s":"25N-H58N000I-80-I"},{"r":"365","t":"27:06:25","h":"Sud","s":"25N-H58N100F-80-F1"},{"r":"365","t":"27:06:25","h":"Sud","s":"25N-H58N200F-80-F2"},{"r":"365","t":"27:06:25","h":"Sud","s":"25N-H58N300F-80-F3"},{"r":"365","t":"27:06:25","h":"Sud","s":"25N-H58N400F-80-F4"},{"r":"365","t":"27:06:25","h":"Sud","s":"25N-H58NV10I-80-I"},{"r":"365","t":"27:06:25","h":"Sud","s":"25N-H58NV20I-80-I"},{"r":"365","t":"27:06:25","h":"Sud","s":"25S-H58S000I-80-I"},{"r":"365","t":"27:06:25","h":"Sud","s":"25S-H58S100F-80-F1"},{"r":"365","t":"27:06:25","h":"Sud","s":"25S-H58S200F-80-F2"},{"r":"365","t":"27:08:37","h":"Sud","s":"25N-H58N000S-80-S"},{"r":"365","t":"27:08:37","h":"Sud","s":"25N-H58NV10S-80-S"},{"r":"365","t":"27:08:37","h":"Sud","s":"25N-H58NV20S-80-S"},{"r":"365","t":"27:08:37","h":"Sud","s":"25S-H58S000S-80-S"},{"r":"365","t":"27:32:37","h":"Sud","s":"25N-H58N000A-80-A"},{"r":"365","t":"27:32:37","h":"Sud","s":"25N-H58NV10A-80-A"},{"r":"365","t":"27:32:37","h":"Sud","s":"25N-H58NV20A-80-A"},{"r":"365","t":"27:32:37","h":"Sud","s":"25S-H58S000A-80-A"},{"r":"365","t":"27:48:37","h":"Sud","s":"25N-H58N000I-80-I"},{"r":"365","t":"27:48:37","h":"Sud","s":"25N-H58N000S-80-S"},{"r":"365","t":"27:48:37","h":"Sud","s":"25N-H58N100F-80-F1"},{"r":"365","t":"27:48:37","h":"Sud","s":"25N-H58N200F-80-F2"},{"r":"365","t":"27:48:37","h":"Sud","s":"25N-H58N300F-80-F3"},{"r":"365","t":"27:48:37","h":"Sud","s":"25N-H58N400F-80-F4"},{"r":"365","t":"27:48:37","h":"Sud","s":"25N-H58NV10I-80-I"},{"r":"365","t":"27:48:37","h":"Sud","s":"25N-H58NV10S-80-S"},{"r":"365","t":"27:48:37","h":"Sud","s":"25N-H58NV20I-80-I"},{"r":"365","t":"27:48:37","h":"Sud","s":"25N-H58NV20S-80-S"},{"r":"365","t":"27:48:37","h":"Sud","s":"25S-H58S000I-80-I"},{"r":"365","t":"27:48:37","h":"Sud","s":"25S-H58S000S-80-S"},{"r":"365","t":"27:48:37","h":"Sud","s":"25S-H58S100F-80-F1"},{"r":"365","t":"27:48:37","h":"Sud","s":"25S-H58S200F-80-F2"},{"r":"365","t":"28:05:37","h":"Sud","s":"25N-H58N000A-80-A"},{"r":"365","t":"28:05:37","h":"Sud","s":"25N-H58NV10A-80-A"},{"r":"365","t":"28:05:37","h":"Sud","s":"25N-H58NV20A-80-A"},{"r":"365","t":"28:05:37","h":"Sud","s":"25S-H58S000A-80-A"},{"r":"365","t":"28:28:37","h":"Sud","s":"25N-H58N000I-80-I"},{"r":"365","t":"28:28:37","h":"Sud","s":"25N-H58N000S-80-S"},{"r":"365","t":"28:28:37","h":"Sud","s":"25N-H58N100F-80-F1"},{"r":"365","t":"28:28:37","h":"Sud","s":"25N-H58N200F-80-F2"},{"r":"365","t":"28:28:37","h":"Sud","s":"25N-H58N300F-80-F3"},{"r":"365","t":"28:28:37","h":"Sud","s":"25N-H58N400F-80-F4"},{"r":"365","t":"28:28:37","h":"Sud","s":"25N-H58NV10I-80-I"},{"r":"365","t":"28:28:37","h":"Sud","s":"25N-H58NV10S-80-S"},{"r":"365","t":"28:28:37","h":"Sud","s":"25N-H58NV20I-80-I"},{"r":"365","t":"28:28:37","h":"Sud","s":"25N-H58NV20S-80-S"},{"r":"365","t":"28:28:37","h":"Sud","s":"25S-H58S000I-80-I"},{"r":"365","t":"28:28:37","h":"Sud","s":"25S-H58S000S-80-S"},{"r":"365","t":"28:28:37","h":"Sud","s":"25S-H58S100F-80-F1"},{"r":"365","t":"28:28:37","h":"Sud","s":"25S-H58S200F-80-F2"},{"r":"365","t":"28:35:37","h":"Sud","s":"25N-H58N000A-80-A"},{"r":"365","t":"28:35:37","h":"Sud","s":"25N-H58NV10A-80-A"},{"r":"365","t":"28:35:37","h":"Sud","s":"25N-H58NV20A-80-A"},{"r":"365","t":"28:35:37","h":"Sud","s":"25S-H58S000A-80-A"},{"r":"365","t":"29:07:37","h":"Sud","s":"25N-H58N000A-80-A"},{"r":"365","t":"29:07:37","h":"Sud","s":"25N-H58NV10A-80-A"},{"r":"365","t":"29:07:37","h":"Sud","s":"25N-H58NV20A-80-A"},{"r":"365","t":"29:07:37","h":"Sud","s":"25S-H58S000A-80-A"},{"r":"365","t":"29:08:37","h":"Sud","s":"25N-H58N000I-80-I"},{"r":"365","t":"29:08:37","h":"Sud","s":"25N-H58N100F-80-F1"},{"r":"365","t":"29:08:37","h":"Sud","s":"25N-H58N200F-80-F2"},{"r":"365","t":"29:08:37","h":"Sud","s":"25N-H58N300F-80-F3"},{"r":"365","t":"29:08:37","h":"Sud","s":"25N-H58N400F-80-F4"},{"r":"365","t":"29:08:37","h":"Sud","s":"25N-H58NV10I-80-I"},{"r":"365","t":"29:08:37","h":"Sud","s":"25N-H58NV20I-80-I"},{"r":"365","t":"29:08:37","h":"Sud","s":"25S-H58S000I-80-I"},{"r":"365","t":"29:08:37","h":"Sud","s":"25S-H58S100F-80-F1"},{"r":"365","t":"29:08:37","h":"Sud","s":"25S-H58S200F-80-F2"},{"r":"365","t":"29:09:37","h":"Sud","s":"25N-H58N000S-80-S"},{"r":"365","t":"29:09:37","h":"Sud","s":"25N-H58NV10S-80-S"},{"r":"365","t":"29:09:37","h":"Sud","s":"25N-H58NV20S-80-S"},{"r":"365","t":"29:09:37","h":"Sud","s":"25S-H58S000S-80-S"}]