[{"r":"10","t":"05:57:02","h":"Nord","s":"25N-H59N000I-80-I"},{"r":"10","t":"05:57:02","h":"Nord","s":"25N-H59N100F-80-F1"},{"r":"10","t":"05:57:02","h":"Nord","s":"25N-H59N200F-81-F2"},{"r":"10","t":"05:57:02","h":"Nord","s":"25N-H59N300F-80-F3"},{"r":"10","t":"05:57:02","h":"Nord","s":"25N-H59N400F-80-F4"},{"r":"10","t":"05:57:02","h":"Nord","s":"25N-H59NV10I-80-I"},{"r":"10","t":"05:57:02","h":"Nord","s":"25N-H59NV20I-80-I"},{"r":"10","t":"05:57:02","h":"Nord","s":"25S-H59S000I-81-I"},{"r":"10","t":"05:57:02","h":"Nord","s":"25S-H59S100F-81-F1"},{"r":"10","t":"05:57:02","h":"Nord","s":"25S-H59S200F-81-F2"},{"r":"10","t":"05:58:42","h":"Nord","s":"25N-H59N000A-80-A"},{"r":"10","t":"05:58:42","h":"Nord","s":"25N-H59N000S-80-S"},{"r":"10","t":"05:58:42","h":"Nord","s":"25N-H59NV10A-80-A"},{"r":"10","t":"05:58:42","h":"Nord","s":"25N-H59NV10S-84-S"},{"r":"10","t":"05:58:42","h":"Nord","s":"25N-H59NV20S-80-S"},{"r":"10","t":"05:58:42","h":"Nord","s":"25N-H59VN20A-80-A"},{"r":"10","t":"05:58:42","h":"Nord","s":"25S-H59S000A-81-A"},{"r":"10","t":"05:58:42","h":"Nord","s":"25S-H59S000S-81-S"},{"r":"10","t":"06:24:02","h":"Nord","s":"25N-H59N000I-80-I"},{"r":"10","t":"06:24:02","h":"Nord","s":"25N-H59N100F-80-F1"},{"r":"10","t":"06:24:02","h":"Nord","s":"25N-H59N200F-81-F2"},{"r":"10","t":"06:24:02","h":"Nord","s":"25N-H59N300F-80-F3"},{"r":"10","t":"06:24:02","h":"Nord","s":"25N-H59N400F-80-F4"},{"r":"10","t":"06:24:02","h":"Nord","s":"25N-H59NV10I-80-I"},{"r":"10","t":"06:24:02","h":"Nord","s":"25N-H59NV20I-80-I"},{"r":"10","t":"06:24:02","h":"Nord","s":"25S-H59S000I-81-I"},{"r":"10","t":"06:24:02","h":"Nord","s":"25S-H59S100F-81-F1"},{"r":"10","t":"06:24:02","h":"Nord","s":"25S-H59S200F-81-F2"},{"r":"10","t":"06:25:42","h":"Nord","s":"25N-H59N000A-80-A"},{"r":"10","t":"06:25:42","h":"Nord","s":"25N-H59NV10A-80-A"},{"r":"10","t":"06:25:42","h":"Nord","s":"25N-H59VN20A-80-A"},{"r":"10","t":"06:25:42","h":"Nord","s":"25S-H59S000A-81-A"},{"r":"10","t":"06:29:42","h":"Nord","s":"25N-H59N000S-80-S"},{"r":"10","t":"06:29:42","h":"Nord","s":"25N-H59NV10S-84-S"},{"r":"10","t":"06:29:42","h":"Nord","s":"25N-H59NV20S-80-S"},{"r":"10","t":"06:29:42","h":"Nord","s":"25S-H59S000S-81-S"},{"r":"10","t":"06:52:02","h":"Nord","s":"25N-H59N000I-80-I"},{"r":"10","t":"06:52:02","h":"Nord","s":"25N-H59N100F-80-F1"},{"r":"10","t":"06:52:02","h":"Nord","s":"25N-H59N200F-81-F2"},{"r":"10","t":"06:52:02","h":"Nord","s":"25N-H59N300F-80-F3"},{"r":"10","t":"06:52:02","h":"Nord","s":"25N-H59N400F-80-F4"},{"r":"10","t":"06:52:02","h":"Nord","s":"25N-H59NV10I-80-I"},{"r":"10","t":"06:52:02","h":"Nord","s":"25N-H59NV20I-80-I"},{"r":"10","t":"06:52:02","h":"Nord","s":"25S-H59S000I-81-I"},{"r":"10","t":"06:52:02","h":"Nord","s":"25S-H59S100F-81-F1"},{"r":"10","t":"06:52:02","h":"Nord","s":"25S-H59S200F-81-F2"},{"r":"10","t":"06:55:42","h":"Nord","s":"25N-H59N000A-80-A"},{"r":"10","t":"06:55:42","h":"Nord","s":"25N-H59NV10A-80-A"},{"r":"10","t":"06:55:42","h":"Nord","s":"25N-H59VN20A-80-A"},{"r":"10","t":"06:55:42","h":"Nord","s":"25S-H59S000A-81-A"},{"r":"10","t":"07:02:42","h":"Nord","s":"25N-H59N000S-80-S"},{"r":"10","t":"07:02:42","h":"Nord","s":"25N-H59NV10S-84-S"},{"r":"10","t":"07:02:42","h":"Nord","s":"25N-H59NV20S-80-S"},{"r":"10","t":"07:02:42","h":"Nord","s":"25S-H59S000S-81-S"},{"r":"10","t":"07:23:02","h":"Nord","s":"25N-H59N000I-80-I"},{"r":"10","t":"07:23:02","h":"Nord","s":"25N-H59N100F-80-F1"},{"r":"10","t":"07:23:02","h":"Nord","s":"25N-H59N200F-81-F2"},{"r":"10","t":"07:23:02","h":"Nord","s":"25N-H59N300F-80-F3"},{"r":"10","t":"07:23:02","h":"Nord","s":"25N-H59N400F-80-F4"},{"r":"10","t":"07:23:02","h":"Nord","s":"25N-H59NV10I-80-I"},{"r":"10","t":"07:23:02","h":"Nord","s":"25N-H59NV20I-80-I"},{"r":"10","t":"07:23:02","h":"Nord","s":"25S-H59S000I-81-I"},{"r":"10","t":"07:23:02","h":"Nord","s":"25S-H59S100F-81-F1"},{"r":"10","t":"07:23:02","h":"Nord","s":"25S-H59S200F-81-F2"},{"r":"10","t":"07:24:42","h":"Nord","s":"25N-H59N000A-80-A"},{"r":"10","t":"07:24:42","h":"Nord","s":"25N-H59NV10A-80-A"},{"r":"10","t":"07:24:42","h":"Nord","s":"25N-H59VN20A-80-A"},{"r":"10","t":"07:24:42","h":"Nord","s":"25S-H59S000A-81-A"},{"r":"10","t":"07:39:22","h":"Nord","s":"25N-H59N000S-80-S"},{"r":"10","t":"07:39:22","h":"Nord","s":"25N-H59NV10S-84-S"},{"r":"10","t":"07:39:22","h":"Nord","s":"25N-H59NV20S-80-S"},{"r":"10","t":"07:39:22","h":"Nord","s":"25S-H59S000S-81-S"},{"r":"10","t":"07:51:02","h":"Nord","s":"25N-H59N000I-80-I"},{"r":"10","t":"07:51:02","h":"Nord","s":"25N-H59N100F-80-F1"},{"r":"10","t":"07:51:02","h":"Nord","s":"25N-H59N200F-81-F2"},{"r":"10","t":"07:51:02","h":"Nord","s":"25N-H59N300F-80-F3"},{"r":"10","t":"07:51:02","h":"Nord","s":"25N-H59N400F-80-F4"},{"r":"10","t":"07:51:02","h":"Nord","s":"25N-H59NV10I-80-I"},{"r":"10","t":"07:51:02","h":"Nord","s":"25N-H59NV20I-80-I"},{"r":"10","t":"07:51:02","h":"Nord","s":"25S-H59S000I-81-I"},{"r":"10","t":"07:51:02","h":"Nord","s":"25S-H59S100F-81-F1"},{"r":"10","t":"07:51:02","h":"Nord","s":"25S-H59S200F-81-F2"},{"r":"10","t":"07:53:42","h":"Nord","s":"25N-H59N000A-80-A"},{"r":"10","t":"07:53:42","h":"Nord","s":"25N-H59NV10A-80-A"},{"r":"10","t":"07:53:42","h":"Nord","s":"25N-H59VN20A-80-A"},{"r":"10","t":"07:53:42","h":"Nord","s":"25S-H59S000A-81-A"},{"r":"10","t":"08:07:22","h":"Nord","s":"25N-H59N000S-80-S"},{"r":"10","t":"08:07:22","h":"Nord","s":"25N-H59NV10S-84-S"},{"r":"10","t":"08:07:22","h":"Nord","s":"25N-H59NV20S-80-S"},{"r":"10","t":"08:07:22","h":"Nord","s":"25S-H59S000S-81-S"},{"r":"10","t":"08:20:02","h":"Nord","s":"25N-H59N000I-80-I"},{"r":"10","t":"08:20:02","h":"Nord","s":"25N-H59N100F-80-F1"},{"r":"10","t":"08:20:02","h":"Nord","s":"25N-H59N200F-81-F2"},{"r":"10","t":"08:20:02","h":"Nord","s":"25N-H59N300F-80-F3"},{"r":"10","t":"08:20:02","h":"Nord","s":"25N-H59N400F-80-F4"},{"r":"10","t":"08:20:02","h":"Nord","s":"25N-H59NV10I-80-I"},{"r":"10","t":"08:20:02","h":"Nord","s":"25N-H59NV20I-80-I"},{"r":"10","t":"08:20:02","h":"Nord","s":"25S-H59S000I-81-I"},{"r":"10","t":"08:20:02","h":"Nord","s":"25S-H59S100F-81-F1"},{"r":"10","t":"08:20:02","h":"Nord","s":"25S-H59S200F-81-F2"},{"r":"10","t":"08:23:42","h":"Nord","s":"25N-H59N000A-80-A"},{"r":"10","t":"08:23:42","h":"Nord","s":"25N-H59NV10A-80-A"},{"r":"10","t":"08:23:42","h":"Nord","s":"25N-H59VN20A-80-A"},{"r":"10","t":"08:23:42","h":"Nord","s":"25S-H59S000A-81-A"},{"r":"10","t":"08:40:22","h":"Nord","s":"25N-H59N000S-80-S"},{"r":"10","t":"08:40:22","h":"Nord","s":"25N-H59NV10S-84-S"},{"r":"10","t":"08:40:22","h":"Nord","s":"25N-H59NV20S-80-S"},{"r":"10","t":"08:40:22","h":"Nord","s":"25S-H59S000S-81-S"},{"r":"10","t":"08:51:02","h":"Nord","s":"25N-H59N000I-80-I"},{"r":"10","t":"08:51:02","h":"Nord","s":"25N-H59N100F-80-F1"},{"r":"10","t":"08:51:02","h":"Nord","s":"25N-H59N200F-81-F2"},{"r":"10","t":"08:51:02","h":"Nord","s":"25N-H59N300F-80-F3"},{"r":"10","t":"08:51:02","h":"Nord","s":"25N-H59N400F-80-F4"},{"r":"10","t":"08:51:02","h":"Nord","s":"25N-H59NV10I-80-I"},{"r":"10","t":"08:51:02","h":"Nord","s":"25N-H59NV20I-80-I"},{"r":"10","t":"08:51:02","h":"Nord","s":"25S-H59S000I-81-I"},{"r":"10","t":"08:51:02","h":"Nord","s":"25S-H59S100F-81-F1"},{"r":"10","t":"08:51:02","h":"Nord","s":"25S-H59S200F-81-F2"},{"r":"10","t":"08:53:42","h":"Nord","s":"25N-H59N000A-80-A"},{"r":"10","t":"08:53:42","h":"Nord","s":"25N-H59NV10A-80-A"},{"r":"10","t":"08:53:42","h":"Nord","s":"25N-H59VN20A-80-A"},{"r":"10","t":"08:53:42","h":"Nord","s":"25S-H59S000A-81-A"},{"r":"10","t":"09:09:02","h":"Nord","s":"25N-H59N000S-80-S"},{"r":"10","t":"09:09:02","h":"Nord","s":"25N-H59NV10S-84-S"},{"r":"10","t":"09:09:02","h":"Nord","s":"25N-H59NV20S-80-S"},{"r":"10","t":"09:09:02","h":"Nord","s":"25S-H59S000S-81-S"},{"r":"10","t":"09:20:42","h":"Nord","s":"25N-H59N000A-80-A"},{"r":"10","t":"09:20:42","h":"Nord","s":"25N-H59NV10A-80-A"},{"r":"10","t":"09:20:42","h":"Nord","s":"25N-H59VN20A-80-A"},{"r":"10","t":"09:20:42","h":"Nord","s":"25S-H59S000A-81-A"},{"r":"10","t":"09:21:02","h":"Nord","s":"25N-H59N000I-80-I"},{"r":"10","t":"09:21:02","h":"Nord","s":"25N-H59N100F-80-F1"},{"r":"10","t":"09:21:02","h":"Nord","s":"25N-H59N200F-81-F2"},{"r":"10","t":"09:21:02","h":"Nord","s":"25N-H59N300F-80-F3"},{"r":"10","t":"09:21:02","h":"Nord","s":"25N-H59N400F-80-F4"},{"r":"10","t":"09:21:02","h":"Nord","s":"25N-H59NV10I-80-I"},{"r":"10","t":"09:21:02","h":"Nord","s":"25N-H59NV20I-80-I"},{"r":"10","t":"09:21:02","h":"Nord","s":"25S-H59S000I-81-I"},{"r":"10","t":"09:21:02","h":"Nord","s":"25S-H59S100F-81-F1"},{"r":"10","t":"09:21:02","h":"Nord","s":"25S-H59S200F-81-F2"},{"r":"10","t":"09:35:02","h":"Nord","s":"25N-H59N000S-80-S"},{"r":"10","t":"09:35:02","h":"Nord","s":"25N-H59NV10S-84-S"},{"r":"10","t":"09:35:02","h":"Nord","s":"25N-H59NV20S-80-S"},{"r":"10","t":"09:35:02","h":"Nord","s":"25S-H59S000S-81-S"},{"r":"10","t":"09:46:42","h":"Nord","s":"25N-H59N000A-80-A"},{"r":"10","t":"09:46:42","h":"Nord","s":"25N-H59NV10A-80-A"},{"r":"10","t":"09:46:42","h":"Nord","s":"25N-H59VN20A-80-A"},{"r":"10","t":"09:46:42","h":"Nord","s":"25S-H59S000A-81-A"},{"r":"10","t":"09:50:02","h":"Nord","s":"25N-H59N000I-80-I"},{"r":"10","t":"09:50:02","h":"Nord","s":"25N-H59N100F-80-F1"},{"r":"10","t":"09:50:02","h":"Nord","s":"25N-H59N200F-81-F2"},{"r":"10","t":"09:50:02","h":"Nord","s":"25N-H59N300F-80-F3"},{"r":"10","t":"09:50:02","h":"Nord","s":"25N-H59N400F-80-F4"},{"r":"10","t":"09:50:02","h":"Nord","s":"25N-H59NV10I-80-I"},{"r":"10","t":"09:50:02","h":"Nord","s":"25N-H59NV20I-80-I"},{"r":"10","t":"09:50:02","h":"Nord","s":"25S-H59S000I-81-I"},{"r":"10","t":"09:50:02","h":"Nord","s":"25S-H59S100F-81-F1"},{"r":"10","t":"09:50:02","h":"Nord","s":"25S-H59S200F-81-F2"},{"r":"10","t":"10:04:02","h":"Nord","s":"25N-H59N000S-80-S"},{"r":"10","t":"10:04:02","h":"Nord","s":"25N-H59NV10S-84-S"},{"r":"10","t":"10:04:02","h":"Nord","s":"25N-H59NV20S-80-S"},{"r":"10","t":"10:04:02","h":"Nord","s":"25S-H59S000S-81-S"},{"r":"10","t":"10:12:42","h":"Nord","s":"25N-H59N000A-80-A"},{"r":"10","t":"10:12:42","h":"Nord","s":"25N-H59NV10A-80-A"},{"r":"10","t":"10:12:42","h":"Nord","s":"25N-H59VN20A-80-A"},{"r":"10","t":"10:12:42","h":"Nord","s":"25S-H59S000A-81-A"},{"r":"10","t":"10:20:02","h":"Nord","s":"25N-H59N000I-80-I"},{"r":"10","t":"10:20:02","h":"Nord","s":"25N-H59N100F-80-F1"},{"r":"10","t":"10:20:02","h":"Nord","s":"25N-H59N200F-81-F2"},{"r":"10","t":"10:20:02","h":"Nord","s":"25N-H59N300F-80-F3"},{"r":"10","t":"10:20:02","h":"Nord","s":"25N-H59N400F-80-F4"},{"r":"10","t":"10:20:02","h":"Nord","s":"25N-H59NV10I-80-I"},{"r":"10","t":"10:20:02","h":"Nord","s":"25N-H59NV20I-80-I"},{"r":"10","t":"10:20:02","h":"Nord","s":"25S-H59S000I-81-I"},{"r":"10","t":"10:20:02","h":"Nord","s":"25S-H59S100F-81-F1"},{"r":"10","t":"10:20:02","h":"Nord","s":"25S-H59S200F-81-F2"},{"r":"10","t":"10:33:02","h":"Nord","s":"25N-H59N000S-80-S"},{"r":"10","t":"10:33:02","h":"Nord","s":"25N-H59NV10S-84-S"},{"r":"10","t":"10:33:02","h":"Nord","s":"25N-H59NV20S-80-S"},{"r":"10","t":"10:33:02","h":"Nord","s":"25S-H59S000S-81-S"},{"r":"10","t":"10:37:42","h":"Nord","s":"25N-H59N000A-80-A"},{"r":"10","t":"10:37:42","h":"Nord","s":"25N-H59NV10A-80-A"},{"r":"10","t":"10:37:42","h":"Nord","s":"25N-H59VN20A-80-A"},{"r":"10","t":"10:37:42","h":"Nord","s":"25S-H59S000A-81-A"},{"r":"10","t":"10:50:02","h":"Nord","s":"25N-H59N000I-80-I"},{"r":"10","t":"10:50:02","h":"Nord","s":"25N-H59N100F-80-F1"},{"r":"10","t":"10:50:02","h":"Nord","s":"25N-H59N200F-81-F2"},{"r":"10","t":"10:50:02","h":"Nord","s":"25N-H59N300F-80-F3"},{"r":"10","t":"10:50:02","h":"Nord","s":"25N-H59N400F-80-F4"},{"r":"10","t":"10:50:02","h":"Nord","s":"25N-H59NV10I-80-I"},{"r":"10","t":"10:50:02","h":"Nord","s":"25N-H59NV20I-80-I"},{"r":"10","t":"10:50:02","h":"Nord","s":"25S-H59S000I-81-I"},{"r":"10","t":"10:50:02","h":"Nord","s":"25S-H59S100F-81-F1"},{"r":"10","t":"10:50:02","h":"Nord","s":"25S-H59S200F-81-F2"},{"r":"10","t":"11:03:02","h":"Nord","s":"25N-H59N000S-80-S"},{"r":"10","t":"11:03:02","h":"Nord","s":"25N-H59NV10S-84-S"},{"r":"10","t":"11:03:02","h":"Nord","s":"25N-H59NV20S-80-S"},{"r":"10","t":"11:03:02","h":"Nord","s":"25S-H59S000S-81-S"},{"r":"10","t":"11:03:42","h":"Nord","s":"25N-H59N000A-80-A"},{"r":"10","t":"11:03:42","h":"Nord","s":"25N-H59NV10A-80-A"},{"r":"10","t":"11:03:42","h":"Nord","s":"25N-H59VN20A-80-A"},{"r":"10","t":"11:03:42","h":"Nord","s":"25S-H59S000A-81-A"},{"r":"10","t":"11:20:02","h":"Nord","s":"25N-H59N000I-80-I"},{"r":"10","t":"11:20:02","h":"Nord","s":"25N-H59N100F-80-F1"},{"r":"10","t":"11:20:02","h":"Nord","s":"25N-H59N200F-81-F2"},{"r":"10","t":"11:20:02","h":"Nord","s":"25N-H59N300F-80-F3"},{"r":"10","t":"11:20:02","h":"Nord","s":"25N-H59N400F-80-F4"},{"r":"10","t":"11:20:02","h":"Nord","s":"25N-H59NV10I-80-I"},{"r":"10","t":"11:20:02","h":"Nord","s":"25N-H59NV20I-80-I"},{"r":"10","t":"11:20:02","h":"Nord","s":"25S-H59S000I-81-I"},{"r":"10","t":"11:20:02","h":"Nord","s":"25S-H59S100F-81-F1"},{"r":"10","t":"11:20:02","h":"Nord","s":"25S-H59S200F-81-F2"},{"r":"10","t":"11:30:22","h":"Nord","s":"25N-H59N000A-80-A"},{"r":"10","t":"11:30:22","h":"Nord","s":"25N-H59NV10A-80-A"},{"r":"10","t":"11:30:22","h":"Nord","s":"25N-H59VN20A-80-A"},{"r":"10","t":"11:30:22","h":"Nord","s":"25S-H59S000A-81-A"},{"r":"10","t":"11:31:02","h":"Nord","s":"25N-H59N000S-80-S"},{"r":"10","t":"11:31:02","h":"Nord","s":"25N-H59NV10S-84-S"},{"r":"10","t":"11:31:02","h":"Nord","s":"25N-H59NV20S-80-S"},{"r":"10","t":"11:31:02","h":"Nord","s":"25S-H59S000S-81-S"},{"r":"10","t":"11:50:02","h":"Nord","s":"25N-H59N000I-80-I"},{"r":"10","t":"11:50:02","h":"Nord","s":"25N-H59N100F-80-F1"},{"r":"10","t":"11:50:02","h":"Nord","s":"25N-H59N200F-81-F2"},{"r":"10","t":"11:50:02","h":"Nord","s":"25N-H59N300F-80-F3"},{"r":"10","t":"11:50:02","h":"Nord","s":"25N-H59N400F-80-F4"},{"r":"10","t":"11:50:02","h":"Nord","s":"25N-H59NV10I-80-I"},{"r":"10","t":"11:50:02","h":"Nord","s":"25N-H59NV20I-80-I"},{"r":"10","t":"11:50:02","h":"Nord","s":"25S-H59S000I-81-I"},{"r":"10","t":"11:50:02","h":"Nord","s":"25S-H59S100F-81-F1"},{"r":"10","t":"11:50:02","h":"Nord","s":"25S-H59S200F-81-F2"},{"r":"10","t":"11:58:43","h":"Nord","s":"25N-H59N000A-80-A"},{"r":"10","t":"11:58:43","h":"Nord","s":"25N-H59NV10A-80-A"},{"r":"10","t":"11:58:43","h":"Nord","s":"25N-H59VN20A-80-A"},{"r":"10","t":"11:58:43","h":"Nord","s":"25S-H59S000A-81-A"},{"r":"10","t":"11:59:02","h":"Nord","s":"25N-H59N000S-80-S"},{"r":"10","t":"11:59:02","h":"Nord","s":"25N-H59NV10S-84-S"},{"r":"10","t":"11:59:02","h":"Nord","s":"25N-H59NV20S-80-S"},{"r":"10","t":"11:59:02","h":"Nord","s":"25S-H59S000S-81-S"},{"r":"10","t":"12:20:02","h":"Nord","s":"25N-H59N000I-80-I"},{"r":"10","t":"12:20:02","h":"Nord","s":"25N-H59N100F-80-F1"},{"r":"10","t":"12:20:02","h":"Nord","s":"25N-H59N200F-81-F2"},{"r":"10","t":"12:20:02","h":"Nord","s":"25N-H59N300F-80-F3"},{"r":"10","t":"12:20:02","h":"Nord","s":"25N-H59N400F-80-F4"},{"r":"10","t":"12:20:02","h":"Nord","s":"25N-H59NV10I-80-I"},{"r":"10","t":"12:20:02","h":"Nord","s":"25N-H59NV20I-80-I"},{"r":"10","t":"12:20:02","h":"Nord","s":"25S-H59S000I-81-I"},{"r":"10","t":"12:20:02","h":"Nord","s":"25S-H59S100F-81-F1"},{"r":"10","t":"12:20:02","h":"Nord","s":"25S-H59S200F-81-F2"},{"r":"10","t":"12:26:43","h":"Nord","s":"25N-H59N000A-80-A"},{"r":"10","t":"12:26:43","h":"Nord","s":"25N-H59NV10A-80-A"},{"r":"10","t":"12:26:43","h":"Nord","s":"25N-H59VN20A-80-A"},{"r":"10","t":"12:26:43","h":"Nord","s":"25S-H59S000A-81-A"},{"r":"10","t":"12:27:02","h":"Nord","s":"25N-H59N000S-80-S"},{"r":"10","t":"12:27:02","h":"Nord","s":"25N-H59NV10S-84-S"},{"r":"10","t":"12:27:02","h":"Nord","s":"25N-H59NV20S-80-S"},{"r":"10","t":"12:27:02","h":"Nord","s":"25S-H59S000S-81-S"},{"r":"10","t":"12:50:02","h":"Nord","s":"25N-H59N000I-80-I"},{"r":"10","t":"12:50:02","h":"Nord","s":"25N-H59N100F-80-F1"},{"r":"10","t":"12:50:02","h":"Nord","s":"25N-H59N200F-81-F2"},{"r":"10","t":"12:50:02","h":"Nord","s":"25N-H59N300F-80-F3"},{"r":"10","t":"12:50:02","h":"Nord","s":"25N-H59N400F-80-F4"},{"r":"10","t":"12:50:02","h":"Nord","s":"25N-H59NV10I-80-I"},{"r":"10","t":"12:50:02","h":"Nord","s":"25N-H59NV20I-80-I"},{"r":"10","t":"12:50:02","h":"Nord","s":"25S-H59S000I-81-I"},{"r":"10","t":"12:50:02","h":"Nord","s":"25S-H59S100F-81-F1"},{"r":"10","t":"12:50:02","h":"Nord","s":"25S-H59S200F-81-F2"},{"r":"10","t":"12:54:43","h":"Nord","s":"25N-H59N000A-80-A"},{"r":"10","t":"12:54:43","h":"Nord","s":"25N-H59NV10A-80-A"},{"r":"10","t":"12:54:43","h":"Nord","s":"25N-H59VN20A-80-A"},{"r":"10","t":"12:54:43","h":"Nord","s":"25S-H59S000A-81-A"},{"r":"10","t":"12:55:22","h":"Nord","s":"25N-H59N000S-80-S"},{"r":"10","t":"12:55:22","h":"Nord","s":"25N-H59NV10S-84-S"},{"r":"10","t":"12:55:22","h":"Nord","s":"25N-H59NV20S-80-S"},{"r":"10","t":"12:55:22","h":"Nord","s":"25S-H59S000S-81-S"},{"r":"10","t":"13:16:02","h":"Nord","s":"25N-H59N000I-80-I"},{"r":"10","t":"13:16:02","h":"Nord","s":"25N-H59N100F-80-F1"},{"r":"10","t":"13:16:02","h":"Nord","s":"25N-H59N200F-81-F2"},{"r":"10","t":"13:16:02","h":"Nord","s":"25N-H59N300F-80-F3"},{"r":"10","t":"13:16:02","h":"Nord","s":"25N-H59N400F-80-F4"},{"r":"10","t":"13:16:02","h":"Nord","s":"25N-H59NV10I-80-I"},{"r":"10","t":"13:16:02","h":"Nord","s":"25N-H59NV20I-80-I"},{"r":"10","t":"13:16:02","h":"Nord","s":"25S-H59S000I-81-I"},{"r":"10","t":"13:16:02","h":"Nord","s":"25S-H59S100F-81-F1"},{"r":"10","t":"13:16:02","h":"Nord","s":"25S-H59S200F-81-F2"},{"r":"10","t":"13:22:22","h":"Nord","s":"25N-H59N000S-80-S"},{"r":"10","t":"13:22:22","h":"Nord","s":"25N-H59NV10S-84-S"},{"r":"10","t":"13:22:22","h":"Nord","s":"25N-H59NV20S-80-S"},{"r":"10","t":"13:22:22","h":"Nord","s":"25S-H59S000S-81-S"},{"r":"10","t":"13:22:43","h":"Nord","s":"25N-H59N000A-80-A"},{"r":"10","t":"13:22:43","h":"Nord","s":"25N-H59NV10A-80-A"},{"r":"10","t":"13:22:43","h":"Nord","s":"25N-H59VN20A-80-A"},{"r":"10","t":"13:22:43","h":"Nord","s":"25S-H59S000A-81-A"},{"r":"10","t":"13:47:02","h":"Nord","s":"25N-H59N000I-80-I"},{"r":"10","t":"13:47:02","h":"Nord","s":"25N-H59N100F-80-F1"},{"r":"10","t":"13:47:02","h":"Nord","s":"25N-H59N200F-81-F2"},{"r":"10","t":"13:47:02","h":"Nord","s":"25N-H59N300F-80-F3"},{"r":"10","t":"13:47:02","h":"Nord","s":"25N-H59N400F-80-F4"},{"r":"10","t":"13:47:02","h":"Nord","s":"25N-H59NV10I-80-I"},{"r":"10","t":"13:47:02","h":"Nord","s":"25N-H59NV20I-80-I"},{"r":"10","t":"13:47:02","h":"Nord","s":"25S-H59S000I-81-I"},{"r":"10","t":"13:47:02","h":"Nord","s":"25S-H59S100F-81-F1"},{"r":"10","t":"13:47:02","h":"Nord","s":"25S-H59S200F-81-F2"},{"r":"10","t":"13:49:43","h":"Nord","s":"25N-H59N000A-80-A"},{"r":"10","t":"13:49:43","h":"Nord","s":"25N-H59NV10A-80-A"},{"r":"10","t":"13:49:43","h":"Nord","s":"25N-H59VN20A-80-A"},{"r":"10","t":"13:49:43","h":"Nord","s":"25S-H59S000A-81-A"},{"r":"10","t":"13:50:22","h":"Nord","s":"25N-H59N000S-80-S"},{"r":"10","t":"13:50:22","h":"Nord","s":"25N-H59NV10S-84-S"},{"r":"10","t":"13:50:22","h":"Nord","s":"25N-H59NV20S-80-S"},{"r":"10","t":"13:50:22","h":"Nord","s":"25S-H59S000S-81-S"},{"r":"10","t":"14:15:02","h":"Nord","s":"25N-H59N000I-80-I"},{"r":"10","t":"14:15:02","h":"Nord","s":"25N-H59N100F-80-F1"},{"r":"10","t":"14:15:02","h":"Nord","s":"25N-H59N200F-81-F2"},{"r":"10","t":"14:15:02","h":"Nord","s":"25N-H59N300F-80-F3"},{"r":"10","t":"14:15:02","h":"Nord","s":"25N-H59N400F-80-F4"},{"r":"10","t":"14:15:02","h":"Nord","s":"25N-H59NV10I-80-I"},{"r":"10","t":"14:15:02","h":"Nord","s":"25N-H59NV20I-80-I"},{"r":"10","t":"14:15:02","h":"Nord","s":"25S-H59S000I-81-I"},{"r":"10","t":"14:15:02","h":"Nord","s":"25S-H59S100F-81-F1"},{"r":"10","t":"14:15:02","h":"Nord","s":"25S-H59S200F-81-F2"},{"r":"10","t":"14:16:03","h":"Nord","s":"25N-H59N000A-80-A"},{"r":"10","t":"14:16:03","h":"Nord","s":"25N-H59NV10A-80-A"},{"r":"10","t":"14:16:03","h":"Nord","s":"25N-H59VN20A-80-A"},{"r":"10","t":"14:16:03","h":"Nord","s":"25S-H59S000A-81-A"},{"r":"10","t":"14:19:22","h":"Nord","s":"25N-H59N000S-80-S"},{"r":"10","t":"14:19:22","h":"Nord","s":"25N-H59NV10S-84-S"},{"r":"10","t":"14:19:22","h":"Nord","s":"25N-H59NV20S-80-S"},{"r":"10","t":"14:19:22","h":"Nord","s":"25S-H59S000S-81-S"},{"r":"10","t":"14:44:02","h":"Nord","s":"25N-H59N000I-80-I"},{"r":"10","t":"14:44:02","h":"Nord","s":"25N-H59N100F-80-F1"},{"r":"10","t":"14:44:02","h":"Nord","s":"25N-H59N200F-81-F2"},{"r":"10","t":"14:44:02","h":"Nord","s":"25N-H59N300F-80-F3"},{"r":"10","t":"14:44:02","h":"Nord","s":"25N-H59N400F-80-F4"},{"r":"10","t":"14:44:02","h":"Nord","s":"25N-H59NV10I-80-I"},{"r":"10","t":"14:44:02","h":"Nord","s":"25N-H59NV20I-80-I"},{"r":"10","t":"14:44:02","h":"Nord","s":"25S-H59S000I-81-I"},{"r":"10","t":"14:44:02","h":"Nord","s":"25S-H59S100F-81-F1"},{"r":"10","t":"14:44:02","h":"Nord","s":"25S-H59S200F-81-F2"},{"r":"10","t":"14:46:03","h":"Nord","s":"25N-H59N000A-80-A"},{"r":"10","t":"14:46:03","h":"Nord","s":"25N-H59NV10A-80-A"},{"r":"10","t":"14:46:03","h":"Nord","s":"25N-H59VN20A-80-A"},{"r":"10","t":"14:46:03","h":"Nord","s":"25S-H59S000A-81-A"},{"r":"10","t":"14:52:22","h":"Nord","s":"25N-H59N000S-80-S"},{"r":"10","t":"14:52:22","h":"Nord","s":"25N-H59NV10S-84-S"},{"r":"10","t":"14:52:22","h":"Nord","s":"25N-H59NV20S-80-S"},{"r":"10","t":"14:52:22","h":"Nord","s":"25S-H59S000S-81-S"},{"r":"10","t":"15:13:02","h":"Nord","s":"25N-H59N000I-80-I"},{"r":"10","t":"15:13:02","h":"Nord","s":"25N-H59N100F-80-F1"},{"r":"10","t":"15:13:02","h":"Nord","s":"25N-H59N200F-81-F2"},{"r":"10","t":"15:13:02","h":"Nord","s":"25N-H59N300F-80-F3"},{"r":"10","t":"15:13:02","h":"Nord","s":"25N-H59N400F-80-F4"},{"r":"10","t":"15:13:02","h":"Nord","s":"25N-H59NV10I-80-I"},{"r":"10","t":"15:13:02","h":"Nord","s":"25N-H59NV20I-80-I"},{"r":"10","t":"15:13:02","h":"Nord","s":"25S-H59S000I-81-I"},{"r":"10","t":"15:13:02","h":"Nord","s":"25S-H59S100F-81-F1"},{"r":"10","t":"15:13:02","h":"Nord","s":"25S-H59S200F-81-F2"},{"r":"10","t":"15:17:03","h":"Nord","s":"25N-H59N000A-80-A"},{"r":"10","t":"15:17:03","h":"Nord","s":"25N-H59NV10A-80-A"},{"r":"10","t":"15:17:03","h":"Nord","s":"25N-H59VN20A-80-A"},{"r":"10","t":"15:17:03","h":"Nord","s":"25S-H59S000A-81-A"},{"r":"10","t":"15:24:22","h":"Nord","s":"25N-H59N000S-80-S"},{"r":"10","t":"15:24:22","h":"Nord","s":"25N-H59NV10S-84-S"},{"r":"10","t":"15:24:22","h":"Nord","s":"25N-H59NV20S-80-S"},{"r":"10","t":"15:24:22","h":"Nord","s":"25S-H59S000S-81-S"},{"r":"10","t":"15:41:02","h":"Nord","s":"25N-H59N000I-80-I"},{"r":"10","t":"15:41:02","h":"Nord","s":"25N-H59N100F-80-F1"},{"r":"10","t":"15:41:02","h":"Nord","s":"25N-H59N200F-81-F2"},{"r":"10","t":"15:41:02","h":"Nord","s":"25N-H59N300F-80-F3"},{"r":"10","t":"15:41:02","h":"Nord","s":"25N-H59N400F-80-F4"},{"r":"10","t":"15:41:02","h":"Nord","s":"25N-H59NV10I-80-I"},{"r":"10","t":"15:41:02","h":"Nord","s":"25N-H59NV20I-80-I"},{"r":"10","t":"15:41:02","h":"Nord","s":"25S-H59S000I-81-I"},{"r":"10","t":"15:41:02","h":"Nord","s":"25S-H59S100F-81-F1"},{"r":"10","t":"15:41:02","h":"Nord","s":"25S-H59S200F-81-F2"},{"r":"10","t":"15:47:03","h":"Nord","s":"25N-H59N000A-80-A"},{"r":"10","t":"15:47:03","h":"Nord","s":"25N-H59NV10A-80-A"},{"r":"10","t":"15:47:03","h":"Nord","s":"25N-H59VN20A-80-A"},{"r":"10","t":"15:47:03","h":"Nord","s":"25S-H59S000A-81-A"},{"r":"10","t":"15:55:22","h":"Nord","s":"25N-H59N000S-80-S"},{"r":"10","t":"15:55:22","h":"Nord","s":"25N-H59NV10S-84-S"},{"r":"10","t":"15:55:22","h":"Nord","s":"25N-H59NV20S-80-S"},{"r":"10","t":"15:55:22","h":"Nord","s":"25S-H59S000S-81-S"},{"r":"10","t":"16:10:02","h":"Nord","s":"25N-H59N000I-80-I"},{"r":"10","t":"16:10:02","h":"Nord","s":"25N-H59N100F-80-F1"},{"r":"10","t":"16:10:02","h":"Nord","s":"25N-H59N200F-81-F2"},{"r":"10","t":"16:10:02","h":"Nord","s":"25N-H59N300F-80-F3"},{"r":"10","t":"16:10:02","h":"Nord","s":"25N-H59N400F-80-F4"},{"r":"10","t":"16:10:02","h":"Nord","s":"25N-H59NV10I-80-I"},{"r":"10","t":"16:10:02","h":"Nord","s":"25N-H59NV20I-80-I"},{"r":"10","t":"16:10:02","h":"Nord","s":"25S-H59S000I-81-I"},{"r":"10","t":"16:10:02","h":"Nord","s":"25S-H59S100F-81-F1"},{"r":"10","t":"16:10:02","h":"Nord","s":"25S-H59S200F-81-F2"},{"r":"10","t":"16:13:03","h":"Nord","s":"25N-H59N000A-80-A"},{"r":"10","t":"16:13:03","h":"Nord","s":"25N-H59NV10A-80-A"},{"r":"10","t":"16:13:03","h":"Nord","s":"25N-H59VN20A-80-A"},{"r":"10","t":"16:13:03","h":"Nord","s":"25S-H59S000A-81-A"},{"r":"10","t":"16:27:22","h":"Nord","s":"25N-H59N000S-80-S"},{"r":"10","t":"16:27:22","h":"Nord","s":"25N-H59NV10S-84-S"},{"r":"10","t":"16:27:22","h":"Nord","s":"25N-H59NV20S-80-S"},{"r":"10","t":"16:27:22","h":"Nord","s":"25S-H59S000S-81-S"},{"r":"10","t":"16:40:02","h":"Nord","s":"25N-H59N000I-80-I"},{"r":"10","t":"16:40:02","h":"Nord","s":"25N-H59N100F-80-F1"},{"r":"10","t":"16:40:02","h":"Nord","s":"25N-H59N200F-81-F2"},{"r":"10","t":"16:40:02","h":"Nord","s":"25N-H59N300F-80-F3"},{"r":"10","t":"16:40:02","h":"Nord","s":"25N-H59N400F-80-F4"},{"r":"10","t":"16:40:02","h":"Nord","s":"25N-H59NV10I-80-I"},{"r":"10","t":"16:40:02","h":"Nord","s":"25N-H59NV20I-80-I"},{"r":"10","t":"16:40:02","h":"Nord","s":"25S-H59S000I-81-I"},{"r":"10","t":"16:40:02","h":"Nord","s":"25S-H59S100F-81-F1"},{"r":"10","t":"16:40:02","h":"Nord","s":"25S-H59S200F-81-F2"},{"r":"10","t":"16:40:03","h":"Nord","s":"25N-H59N000A-80-A"},{"r":"10","t":"16:40:03","h":"Nord","s":"25N-H59NV10A-80-A"},{"r":"10","t":"16:40:03","h":"Nord","s":"25N-H59VN20A-80-A"},{"r":"10","t":"16:40:03","h":"Nord","s":"25S-H59S000A-81-A"},{"r":"10","t":"17:00:22","h":"Nord","s":"25N-H59N000S-80-S"},{"r":"10","t":"17:00:22","h":"Nord","s":"25N-H59NV10S-84-S"},{"r":"10","t":"17:00:22","h":"Nord","s":"25N-H59NV20S-80-S"},{"r":"10","t":"17:00:22","h":"Nord","s":"25S-H59S000S-81-S"},{"r":"10","t":"17:09:03","h":"Nord","s":"25N-H59N000A-80-A"},{"r":"10","t":"17:09:03","h":"Nord","s":"25N-H59NV10A-80-A"},{"r":"10","t":"17:09:03","h":"Nord","s":"25N-H59VN20A-80-A"},{"r":"10","t":"17:09:03","h":"Nord","s":"25S-H59S000A-81-A"},{"r":"10","t":"17:11:02","h":"Nord","s":"25N-H59N000I-80-I"},{"r":"10","t":"17:11:02","h":"Nord","s":"25N-H59N100F-80-F1"},{"r":"10","t":"17:11:02","h":"Nord","s":"25N-H59N200F-81-F2"},{"r":"10","t":"17:11:02","h":"Nord","s":"25N-H59N300F-80-F3"},{"r":"10","t":"17:11:02","h":"Nord","s":"25N-H59N400F-80-F4"},{"r":"10","t":"17:11:02","h":"Nord","s":"25N-H59NV10I-80-I"},{"r":"10","t":"17:11:02","h":"Nord","s":"25N-H59NV20I-80-I"},{"r":"10","t":"17:11:02","h":"Nord","s":"25S-H59S000I-81-I"},{"r":"10","t":"17:11:02","h":"Nord","s":"25S-H59S100F-81-F1"},{"r":"10","t":"17:11:02","h":"Nord","s":"25S-H59S200F-81-F2"},{"r":"10","t":"17:31:22","h":"Nord","s":"25N-H59N000S-80-S"},{"r":"10","t":"17:31:22","h":"Nord","s":"25N-H59NV10S-84-S"},{"r":"10","t":"17:31:22","h":"Nord","s":"25N-H59NV20S-80-S"},{"r":"10","t":"17:31:22","h":"Nord","s":"25S-H59S000S-81-S"},{"r":"10","t":"17:39:03","h":"Nord","s":"25N-H59N000A-80-A"},{"r":"10","t":"17:39:03","h":"Nord","s":"25N-H59NV10A-80-A"},{"r":"10","t":"17:39:03","h":"Nord","s":"25N-H59VN20A-80-A"},{"r":"10","t":"17:39:03","h":"Nord","s":"25S-H59S000A-81-A"},{"r":"10","t":"17:44:02","h":"Nord","s":"25N-H59N000I-80-I"},{"r":"10","t":"17:44:02","h":"Nord","s":"25N-H59N100F-80-F1"},{"r":"10","t":"17:44:02","h":"Nord","s":"25N-H59N200F-81-F2"},{"r":"10","t":"17:44:02","h":"Nord","s":"25N-H59N300F-80-F3"},{"r":"10","t":"17:44:02","h":"Nord","s":"25N-H59N400F-80-F4"},{"r":"10","t":"17:44:02","h":"Nord","s":"25N-H59NV10I-80-I"},{"r":"10","t":"17:44:02","h":"Nord","s":"25N-H59NV20I-80-I"},{"r":"10","t":"17:44:02","h":"Nord","s":"25S-H59S000I-81-I"},{"r":"10","t":"17:44:02","h":"Nord","s":"25S-H59S100F-81-F1"},{"r":"10","t":"17:44:02","h":"Nord","s":"25S-H59S200F-81-F2"},{"r":"10","t":"18:04:22","h":"Nord","s":"25N-H59N000S-80-S"},{"r":"10","t":"18:04:22","h":"Nord","s":"25N-H59NV10S-84-S"},{"r":"10","t":"18:04:22","h":"Nord","s":"25N-H59NV20S-80-S"},{"r":"10","t":"18:04:22","h":"Nord","s":"25S-H59S000S-81-S"},{"r":"10","t":"18:06:03","h":"Nord","s":"25N-H59N000A-80-A"},{"r":"10","t":"18:06:03","h":"Nord","s":"25N-H59NV10A-80-A"},{"r":"10","t":"18:06:03","h":"Nord","s":"25N-H59VN20A-80-A"},{"r":"10","t":"18:06:03","h":"Nord","s":"25S-H59S000A-81-A"},{"r":"10","t":"18:16:42","h":"Nord","s":"25N-H59N000I-80-I"},{"r":"10","t":"18:16:42","h":"Nord","s":"25N-H59N100F-80-F1"},{"r":"10","t":"18:16:42","h":"Nord","s":"25N-H59N200F-81-F2"},{"r":"10","t":"18:16:42","h":"Nord","s":"25N-H59N300F-80-F3"},{"r":"10","t":"18:16:42","h":"Nord","s":"25N-H59N400F-80-F4"},{"r":"10","t":"18:16:42","h":"Nord","s":"25N-H59NV10I-80-I"},{"r":"10","t":"18:16:42","h":"Nord","s":"25N-H59NV20I-80-I"},{"r":"10","t":"18:16:42","h":"Nord","s":"25S-H59S000I-81-I"},{"r":"10","t":"18:16:42","h":"Nord","s":"25S-H59S100F-81-F1"},{"r":"10","t":"18:16:42","h":"Nord","s":"25S-H59S200F-81-F2"},{"r":"10","t":"18:31:22","h":"Nord","s":"25N-H59N000S-80-S"},{"r":"10","t":"18:31:22","h":"Nord","s":"25N-H59NV10S-84-S"},{"r":"10","t":"18:31:22","h":"Nord","s":"25N-H59NV20S-80-S"},{"r":"10","t":"18:31:22","h":"Nord","s":"25S-H59S000S-81-S"},{"r":"10","t":"18:33:02","h":"Nord","s":"25N-H59N000A-80-A"},{"r":"10","t":"18:33:02","h":"Nord","s":"25N-H59NV10A-80-A"},{"r":"10","t":"18:33:02","h":"Nord","s":"25N-H59VN20A-80-A"},{"r":"10","t":"18:33:02","h":"Nord","s":"25S-H59S000A-81-A"},{"r":"10","t":"18:48:42","h":"Nord","s":"25N-H59N000I-80-I"},{"r":"10","t":"18:48:42","h":"Nord","s":"25N-H59N100F-80-F1"},{"r":"10","t":"18:48:42","h":"Nord","s":"25N-H59N200F-81-F2"},{"r":"10","t":"18:48:42","h":"Nord","s":"25N-H59N300F-80-F3"},{"r":"10","t":"18:48:42","h":"Nord","s":"25N-H59N400F-80-F4"},{"r":"10","t":"18:48:42","h":"Nord","s":"25N-H59NV10I-80-I"},{"r":"10","t":"18:48:42","h":"Nord","s":"25N-H59NV20I-80-I"},{"r":"10","t":"18:48:42","h":"Nord","s":"25S-H59S000I-81-I"},{"r":"10","t":"18:48:42","h":"Nord","s":"25S-H59S100F-81-F1"},{"r":"10","t":"18:48:42","h":"Nord","s":"25S-H59S200F-81-F2"},{"r":"10","t":"18:58:02","h":"Nord","s":"25N-H59N000S-80-S"},{"r":"10","t":"18:58:02","h":"Nord","s":"25N-H59NV10S-84-S"},{"r":"10","t":"18:58:02","h":"Nord","s":"25N-H59NV20S-80-S"},{"r":"10","t":"18:58:02","h":"Nord","s":"25S-H59S000S-81-S"},{"r":"10","t":"19:01:02","h":"Nord","s":"25N-H59N000A-80-A"},{"r":"10","t":"19:01:02","h":"Nord","s":"25N-H59NV10A-80-A"},{"r":"10","t":"19:01:02","h":"Nord","s":"25N-H59VN20A-80-A"},{"r":"10","t":"19:01:02","h":"Nord","s":"25S-H59S000A-81-A"},{"r":"10","t":"19:20:42","h":"Nord","s":"25N-H59N000I-80-I"},{"r":"10","t":"19:20:42","h":"Nord","s":"25N-H59N100F-80-F1"},{"r":"10","t":"19:20:42","h":"Nord","s":"25N-H59N200F-81-F2"},{"r":"10","t":"19:20:42","h":"Nord","s":"25N-H59N300F-80-F3"},{"r":"10","t":"19:20:42","h":"Nord","s":"25N-H59N400F-80-F4"},{"r":"10","t":"19:20:42","h":"Nord","s":"25N-H59NV10I-80-I"},{"r":"10","t":"19:20:42","h":"Nord","s":"25N-H59NV20I-80-I"},{"r":"10","t":"19:20:42","h":"Nord","s":"25S-H59S000I-81-I"},{"r":"10","t":"19:20:42","h":"Nord","s":"25S-H59S100F-81-F1"},{"r":"10","t":"19:20:42","h":"Nord","s":"25S-H59S200F-81-F2"},{"r":"10","t":"19:24:02","h":"Nord","s":"25N-H59N000S-80-S"},{"r":"10","t":"19:24:02","h":"Nord","s":"25N-H59NV10S-84-S"},{"r":"10","t":"19:24:02","h":"Nord","s":"25N-H59NV20S-80-S"},{"r":"10","t":"19:24:02","h":"Nord","s":"25S-H59S000S-81-S"},{"r":"10","t":"19:29:02","h":"Nord","s":"25N-H59N000A-80-A"},{"r":"10","t":"19:29:02","h":"Nord","s":"25N-H59NV10A-80-A"},{"r":"10","t":"19:29:02","h":"Nord","s":"25N-H59VN20A-80-A"},{"r":"10","t":"19:29:02","h":"Nord","s":"25S-H59S000A-81-A"},{"r":"10","t":"19:49:02","h":"Nord","s":"25N-H59N000S-80-S"},{"r":"10","t":"19:49:02","h":"Nord","s":"25N-H59NV10S-84-S"},{"r":"10","t":"19:49:02","h":"Nord","s":"25N-H59NV20S-80-S"},{"r":"10","t":"19:49:02","h":"Nord","s":"25S-H59S000S-81-S"},{"r":"10","t":"19:49:42","h":"Nord","s":"25N-H59N000I-80-I"},{"r":"10","t":"19:49:42","h":"Nord","s":"25N-H59N100F-80-F1"},{"r":"10","t":"19:49:42","h":"Nord","s":"25N-H59N200F-81-F2"},{"r":"10","t":"19:49:42","h":"Nord","s":"25N-H59N300F-80-F3"},{"r":"10","t":"19:49:42","h":"Nord","s":"25N-H59N400F-80-F4"},{"r":"10","t":"19:49:42","h":"Nord","s":"25N-H59NV10I-80-I"},{"r":"10","t":"19:49:42","h":"Nord","s":"25N-H59NV20I-80-I"},{"r":"10","t":"19:49:42","h":"Nord","s":"25S-H59S000I-81-I"},{"r":"10","t":"19:49:42","h":"Nord","s":"25S-H59S100F-81-F1"},{"r":"10","t":"19:49:42","h":"Nord","s":"25S-H59S200F-81-F2"},{"r":"10","t":"19:57:02","h":"Nord","s":"25N-H59N000A-80-A"},{"r":"10","t":"19:57:02","h":"Nord","s":"25N-H59NV10A-80-A"},{"r":"10","t":"19:57:02","h":"Nord","s":"25N-H59VN20A-80-A"},{"r":"10","t":"19:57:02","h":"Nord","s":"25S-H59S000A-81-A"},{"r":"10","t":"20:15:02","h":"Nord","s":"25N-H59N000S-80-S"},{"r":"10","t":"20:15:02","h":"Nord","s":"25N-H59NV10S-84-S"},{"r":"10","t":"20:15:02","h":"Nord","s":"25N-H59NV20S-80-S"},{"r":"10","t":"20:15:02","h":"Nord","s":"25S-H59S000S-81-S"},{"r":"10","t":"20:19:42","h":"Nord","s":"25N-H59N000I-80-I"},{"r":"10","t":"20:19:42","h":"Nord","s":"25N-H59N100F-80-F1"},{"r":"10","t":"20:19:42","h":"Nord","s":"25N-H59N200F-81-F2"},{"r":"10","t":"20:19:42","h":"Nord","s":"25N-H59N300F-80-F3"},{"r":"10","t":"20:19:42","h":"Nord","s":"25N-H59N400F-80-F4"},{"r":"10","t":"20:19:42","h":"Nord","s":"25N-H59NV10I-80-I"},{"r":"10","t":"20:19:42","h":"Nord","s":"25N-H59NV20I-80-I"},{"r":"10","t":"20:19:42","h":"Nord","s":"25S-H59S000I-81-I"},{"r":"10","t":"20:19:42","h":"Nord","s":"25S-H59S100F-81-F1"},{"r":"10","t":"20:19:42","h":"Nord","s":"25S-H59S200F-81-F2"},{"r":"10","t":"20:30:02","h":"Nord","s":"25N-H59N000A-80-A"},{"r":"10","t":"20:30:02","h":"Nord","s":"25N-H59NV10A-80-A"},{"r":"10","t":"20:30:02","h":"Nord","s":"25N-H59VN20A-80-A"},{"r":"10","t":"20:30:02","h":"Nord","s":"25S-H59S000A-81-A"},{"r":"10","t":"20:43:02","h":"Nord","s":"25N-H59N000S-80-S"},{"r":"10","t":"20:43:02","h":"Nord","s":"25N-H59NV10S-84-S"},{"r":"10","t":"20:43:02","h":"Nord","s":"25N-H59NV20S-80-S"},{"r":"10","t":"20:43:02","h":"Nord","s":"25S-H59S000S-81-S"},{"r":"10","t":"20:48:42","h":"Nord","s":"25N-H59N000I-80-I"},{"r":"10","t":"20:48:42","h":"Nord","s":"25N-H59N100F-80-F1"},{"r":"10","t":"20:48:42","h":"Nord","s":"25N-H59N200F-81-F2"},{"r":"10","t":"20:48:42","h":"Nord","s":"25N-H59N300F-80-F3"},{"r":"10","t":"20:48:42","h":"Nord","s":"25N-H59N400F-80-F4"},{"r":"10","t":"20:48:42","h":"Nord","s":"25N-H59NV10I-80-I"},{"r":"10","t":"20:48:42","h":"Nord","s":"25N-H59NV20I-80-I"},{"r":"10","t":"20:48:42","h":"Nord","s":"25S-H59S000I-81-I"},{"r":"10","t":"20:48:42","h":"Nord","s":"25S-H59S100F-81-F1"},{"r":"10","t":"20:48:42","h":"Nord","s":"25S-H59S200F-81-F2"},{"r":"10","t":"21:03:02","h":"Nord","s":"25N-H59N000A-80-A"},{"r":"10","t":"21:03:02","h":"Nord","s":"25N-H59NV10A-80-A"},{"r":"10","t":"21:03:02","h":"Nord","s":"25N-H59VN20A-80-A"},{"r":"10","t":"21:03:02","h":"Nord","s":"25S-H59S000A-81-A"},{"r":"10","t":"21:11:02","h":"Nord","s":"25N-H59N000S-80-S"},{"r":"10","t":"21:11:02","h":"Nord","s":"25N-H59NV10S-84-S"},{"r":"10","t":"21:11:02","h":"Nord","s":"25N-H59NV20S-80-S"},{"r":"10","t":"21:11:02","h":"Nord","s":"25S-H59S000S-81-S"},{"r":"10","t":"21:18:42","h":"Nord","s":"25N-H59N000I-80-I"},{"r":"10","t":"21:18:42","h":"Nord","s":"25N-H59N100F-80-F1"},{"r":"10","t":"21:18:42","h":"Nord","s":"25N-H59N200F-81-F2"},{"r":"10","t":"21:18:42","h":"Nord","s":"25N-H59N300F-80-F3"},{"r":"10","t":"21:18:42","h":"Nord","s":"25N-H59N400F-80-F4"},{"r":"10","t":"21:18:42","h":"Nord","s":"25N-H59NV10I-80-I"},{"r":"10","t":"21:18:42","h":"Nord","s":"25N-H59NV20I-80-I"},{"r":"10","t":"21:18:42","h":"Nord","s":"25S-H59S000I-81-I"},{"r":"10","t":"21:18:42","h":"Nord","s":"25S-H59S100F-81-F1"},{"r":"10","t":"21:18:42","h":"Nord","s":"25S-H59S200F-81-F2"},{"r":"10","t":"21:35:02","h":"Nord","s":"25N-H59N000A-80-A"},{"r":"10","t":"21:35:02","h":"Nord","s":"25N-H59NV10A-80-A"},{"r":"10","t":"21:35:02","h":"Nord","s":"25N-H59VN20A-80-A"},{"r":"10","t":"21:35:02","h":"Nord","s":"25S-H59S000A-81-A"},{"r":"10","t":"21:40:02","h":"Nord","s":"25N-H59N000S-80-S"},{"r":"10","t":"21:40:02","h":"Nord","s":"25N-H59NV10S-84-S"},{"r":"10","t":"21:40:02","h":"Nord","s":"25N-H59NV20S-80-S"},{"r":"10","t":"21:40:02","h":"Nord","s":"25S-H59S000S-81-S"},{"r":"10","t":"21:45:42","h":"Nord","s":"25N-H59N000I-80-I"},{"r":"10","t":"21:45:42","h":"Nord","s":"25N-H59N100F-80-F1"},{"r":"10","t":"21:45:42","h":"Nord","s":"25N-H59N200F-81-F2"},{"r":"10","t":"21:45:42","h":"Nord","s":"25N-H59N300F-80-F3"},{"r":"10","t":"21:45:42","h":"Nord","s":"25N-H59N400F-80-F4"},{"r":"10","t":"21:45:42","h":"Nord","s":"25N-H59NV10I-80-I"},{"r":"10","t":"21:45:42","h":"Nord","s":"25N-H59NV20I-80-I"},{"r":"10","t":"21:45:42","h":"Nord","s":"25S-H59S000I-81-I"},{"r":"10","t":"21:45:42","h":"Nord","s":"25S-H59S100F-81-F1"},{"r":"10","t":"21:45:42","h":"Nord","s":"25S-H59S200F-81-F2"},{"r":"10","t":"22:05:21","h":"Nord","s":"25N-H59N000A-80-A"},{"r":"10","t":"22:05:21","h":"Nord","s":"25N-H59NV10A-80-A"},{"r":"10","t":"22:05:21","h":"Nord","s":"25N-H59VN20A-80-A"},{"r":"10","t":"22:05:21","h":"Nord","s":"25S-H59S000A-81-A"},{"r":"10","t":"22:09:02","h":"Nord","s":"25N-H59N000S-80-S"},{"r":"10","t":"22:09:02","h":"Nord","s":"25N-H59NV10S-84-S"},{"r":"10","t":"22:09:02","h":"Nord","s":"25N-H59NV20S-80-S"},{"r":"10","t":"22:09:02","h":"Nord","s":"25S-H59S000S-81-S"},{"r":"10","t":"22:14:42","h":"Nord","s":"25N-H59N000I-80-I"},{"r":"10","t":"22:14:42","h":"Nord","s":"25N-H59N100F-80-F1"},{"r":"10","t":"22:14:42","h":"Nord","s":"25N-H59N200F-81-F2"},{"r":"10","t":"22:14:42","h":"Nord","s":"25N-H59N300F-80-F3"},{"r":"10","t":"22:14:42","h":"Nord","s":"25N-H59N400F-80-F4"},{"r":"10","t":"22:14:42","h":"Nord","s":"25N-H59NV10I-80-I"},{"r":"10","t":"22:14:42","h":"Nord","s":"25N-H59NV20I-80-I"},{"r":"10","t":"22:14:42","h":"Nord","s":"25S-H59S000I-81-I"},{"r":"10","t":"22:14:42","h":"Nord","s":"25S-H59S100F-81-F1"},{"r":"10","t":"22:14:42","h":"Nord","s":"25S-H59S200F-81-F2"},{"r":"10","t":"22:37:02","h":"Nord","s":"25N-H59N000S-80-S"},{"r":"10","t":"22:37:02","h":"Nord","s":"25N-H59NV10S-84-S"},{"r":"10","t":"22:37:02","h":"Nord","s":"25N-H59NV20S-80-S"},{"r":"10","t":"22:37:02","h":"Nord","s":"25S-H59S000S-81-S"},{"r":"10","t":"22:38:21","h":"Nord","s":"25N-H59N000A-80-A"},{"r":"10","t":"22:38:21","h":"Nord","s":"25N-H59NV10A-80-A"},{"r":"10","t":"22:38:21","h":"Nord","s":"25N-H59VN20A-80-A"},{"r":"10","t":"22:38:21","h":"Nord","s":"25S-H59S000A-81-A"},{"r":"10","t":"22:42:42","h":"Nord","s":"25N-H59N000I-80-I"},{"r":"10","t":"22:42:42","h":"Nord","s":"25N-H59N100F-80-F1"},{"r":"10","t":"22:42:42","h":"Nord","s":"25N-H59N200F-81-F2"},{"r":"10","t":"22:42:42","h":"Nord","s":"25N-H59N300F-80-F3"},{"r":"10","t":"22:42:42","h":"Nord","s":"25N-H59N400F-80-F4"},{"r":"10","t":"22:42:42","h":"Nord","s":"25N-H59NV10I-80-I"},{"r":"10","t":"22:42:42","h":"Nord","s":"25N-H59NV20I-80-I"},{"r":"10","t":"22:42:42","h":"Nord","s":"25S-H59S000I-81-I"},{"r":"10","t":"22:42:42","h":"Nord","s":"25S-H59S100F-81-F1"},{"r":"10","t":"22:42:42","h":"Nord","s":"25S-H59S200F-81-F2"},{"r":"10","t":"23:02:42","h":"Nord","s":"25N-H59N000S-80-S"},{"r":"10","t":"23:02:42","h":"Nord","s":"25N-H59NV10S-84-S"},{"r":"10","t":"23:02:42","h":"Nord","s":"25N-H59NV20S-80-S"},{"r":"10","t":"23:02:42","h":"Nord","s":"25S-H59S000S-81-S"},{"r":"10","t":"23:06:21","h":"Nord","s":"25N-H59N000A-80-A"},{"r":"10","t":"23:06:21","h":"Nord","s":"25N-H59NV10A-80-A"},{"r":"10","t":"23:06:21","h":"Nord","s":"25N-H59VN20A-80-A"},{"r":"10","t":"23:06:21","h":"Nord","s":"25S-H59S000A-81-A"},{"r":"10","t":"23:10:42","h":"Nord","s":"25N-H59N000I-80-I"},{"r":"10","t":"23:10:42","h":"Nord","s":"25N-H59N100F-80-F1"},{"r":"10","t":"23:10:42","h":"Nord","s":"25N-H59N200F-81-F2"},{"r":"10","t":"23:10:42","h":"Nord","s":"25N-H59N300F-80-F3"},{"r":"10","t":"23:10:42","h":"Nord","s":"25N-H59N400F-80-F4"},{"r":"10","t":"23:10:42","h":"Nord","s":"25N-H59NV10I-80-I"},{"r":"10","t":"23:10:42","h":"Nord","s":"25N-H59NV20I-80-I"},{"r":"10","t":"23:10:42","h":"Nord","s":"25S-H59S000I-81-I"},{"r":"10","t":"23:10:42","h":"Nord","s":"25S-H59S100F-81-F1"},{"r":"10","t":"23:10:42","h":"Nord","s":"25S-H59S200F-81-F2"},{"r":"10","t":"23:32:42","h":"Nord","s":"25N-H59N000S-80-S"},{"r":"10","t":"23:32:42","h":"Nord","s":"25N-H59NV10S-84-S"},{"r":"10","t":"23:32:42","h":"Nord","s":"25N-H59NV20S-80-S"},{"r":"10","t":"23:32:42","h":"Nord","s":"25S-H59S000S-81-S"},{"r":"10","t":"23:36:42","h":"Nord","s":"25N-H59N000I-80-I"},{"r":"10","t":"23:36:42","h":"Nord","s":"25N-H59N100F-80-F1"},{"r":"10","t":"23:36:42","h":"Nord","s":"25N-H59N200F-81-F2"},{"r":"10","t":"23:36:42","h":"Nord","s":"25N-H59N300F-80-F3"},{"r":"10","t":"23:36:42","h":"Nord","s":"25N-H59N400F-80-F4"},{"r":"10","t":"23:36:42","h":"Nord","s":"25N-H59NV10I-80-I"},{"r":"10","t":"23:36:42","h":"Nord","s":"25N-H59NV20I-80-I"},{"r":"10","t":"23:36:42","h":"Nord","s":"25S-H59S000I-81-I"},{"r":"10","t":"23:36:42","h":"Nord","s":"25S-H59S100F-81-F1"},{"r":"10","t":"23:36:42","h":"Nord","s":"25S-H59S200F-81-F2"},{"r":"10","t":"23:38:21","h":"Nord","s":"25N-H59N000A-80-A"},{"r":"10","t":"23:38:21","h":"Nord","s":"25N-H59NV10A-80-A"},{"r":"10","t":"23:38:21","h":"Nord","s":"25N-H59VN20A-80-A"},{"r":"10","t":"23:38:21","h":"Nord","s":"25S-H59S000A-81-A"},{"r":"10","t":"24:02:42","h":"Nord","s":"25N-H59N000S-80-S"},{"r":"10","t":"24:02:42","h":"Nord","s":"25N-H59NV10S-84-S"},{"r":"10","t":"24:02:42","h":"Nord","s":"25N-H59NV20S-80-S"},{"r":"10","t":"24:02:42","h":"Nord","s":"25S-H59S000S-81-S"},{"r":"10","t":"24:03:42","h":"Nord","s":"25N-H59N000I-80-I"},{"r":"10","t":"24:03:42","h":"Nord","s":"25N-H59N100F-80-F1"},{"r":"10","t":"24:03:42","h":"Nord","s":"25N-H59N200F-81-F2"},{"r":"10","t":"24:03:42","h":"Nord","s":"25N-H59N300F-80-F3"},{"r":"10","t":"24:03:42","h":"Nord","s":"25N-H59N400F-80-F4"},{"r":"10","t":"24:03:42","h":"Nord","s":"25N-H59NV10I-80-I"},{"r":"10","t":"24:03:42","h":"Nord","s":"25N-H59NV20I-80-I"},{"r":"10","t":"24:03:42","h":"Nord","s":"25S-H59S000I-81-I"},{"r":"10","t":"24:03:42","h":"Nord","s":"25S-H59S100F-81-F1"},{"r":"10","t":"24:03:42","h":"Nord","s":"25S-H59S200F-81-F2"},{"r":"10","t":"24:07:21","h":"Nord","s":"25N-H59N000A-80-A"},{"r":"10","t":"24:07:21","h":"Nord","s":"25N-H59NV10A-80-A"},{"r":"10","t":"24:07:21","h":"Nord","s":"25N-H59VN20A-80-A"},{"r":"10","t":"24:07:21","h":"Nord","s":"25S-H59S000A-81-A"},{"r":"10","t":"24:29:42","h":"Nord","s":"25N-H59N000I-80-I"},{"r":"10","t":"24:29:42","h":"Nord","s":"25N-H59N000S-80-S"},{"r":"10","t":"24:29:42","h":"Nord","s":"25N-H59N100F-80-F1"},{"r":"10","t":"24:29:42","h":"Nord","s":"25N-H59N200F-81-F2"},{"r":"10","t":"24:29:42","h":"Nord","s":"25N-H59N300F-80-F3"},{"r":"10","t":"24:29:42","h":"Nord","s":"25N-H59N400F-80-F4"},{"r":"10","t":"24:29:42","h":"Nord","s":"25N-H59NV10I-80-I"},{"r":"10","t":"24:29:42","h":"Nord","s":"25N-H59NV10S-84-S"},{"r":"10","t":"24:29:42","h":"Nord","s":"25N-H59NV20I-80-I"},{"r":"10","t":"24:29:42","h":"Nord","s":"25N-H59NV20S-80-S"},{"r":"10","t":"24:29:42","h":"Nord","s":"25S-H59S000I-81-I"},{"r":"10","t":"24:29:42","h":"Nord","s":"25S-H59S000S-81-S"},{"r":"10","t":"24:29:42","h":"Nord","s":"25S-H59S100F-81-F1"},{"r":"10","t":"24:29:42","h":"Nord","s":"25S-H59S200F-81-F2"},{"r":"10","t":"24:37:21","h":"Nord","s":"25N-H59N000A-80-A"},{"r":"10","t":"24:37:21","h":"Nord","s":"25N-H59NV10A-80-A"},{"r":"10","t":"24:37:21","h":"Nord","s":"25N-H59VN20A-80-A"},{"r":"10","t":"24:37:21","h":"Nord","s":"25S-H59S000A-81-A"},{"r":"10","t":"24:54:42","h":"Nord","s":"25N-H59N000I-80-I"},{"r":"10","t":"24:54:42","h":"Nord","s":"25N-H59N100F-80-F1"},{"r":"10","t":"24:54:42","h":"Nord","s":"25N-H59N200F-81-F2"},{"r":"10","t":"24:54:42","h":"Nord","s":"25N-H59N300F-80-F3"},{"r":"10","t":"24:54:42","h":"Nord","s":"25N-H59N400F-80-F4"},{"r":"10","t":"24:54:42","h":"Nord","s":"25N-H59NV10I-80-I"},{"r":"10","t":"24:54:42","h":"Nord","s":"25N-H59NV20I-80-I"},{"r":"10","t":"24:54:42","h":"Nord","s":"25S-H59S000I-81-I"},{"r":"10","t":"24:54:42","h":"Nord","s":"25S-H59S100F-81-F1"},{"r":"10","t":"24:54:42","h":"Nord","s":"25S-H59S200F-81-F2"},{"r":"10","t":"24:58:42","h":"Nord","s":"25N-H59N000S-80-S"},{"r":"10","t":"24:58:42","h":"Nord","s":"25N-H59NV10S-84-S"},{"r":"10","t":"24:58:42","h":"Nord","s":"25N-H59NV20S-80-S"},{"r":"10","t":"24:58:42","h":"Nord","s":"25S-H59S000S-81-S"},{"r":"10","t":"25:06:21","h":"Nord","s":"25N-H59N000A-80-A"},{"r":"10","t":"25:06:21","h":"Nord","s":"25N-H59NV10A-80-A"},{"r":"10","t":"25:06:21","h":"Nord","s":"25N-H59VN20A-80-A"},{"r":"10","t":"25:06:21","h":"Nord","s":"25S-H59S000A-81-A"},{"r":"10","t":"25:20:42","h":"Nord","s":"25N-H59N000I-80-I"},{"r":"10","t":"25:20:42","h":"Nord","s":"25N-H59N100F-80-F1"},{"r":"10","t":"25:20:42","h":"Nord","s":"25N-H59N200F-81-F2"},{"r":"10","t":"25:20:42","h":"Nord","s":"25N-H59N300F-80-F3"},{"r":"10","t":"25:20:42","h":"Nord","s":"25N-H59N400F-80-F4"},{"r":"10","t":"25:20:42","h":"Nord","s":"25N-H59NV10I-80-I"},{"r":"10","t":"25:20:42","h":"Nord","s":"25N-H59NV20I-80-I"},{"r":"10","t":"25:20:42","h":"Nord","s":"25S-H59S000I-81-I"},{"r":"10","t":"25:20:42","h":"Nord","s":"25S-H59S100F-81-F1"},{"r":"10","t":"25:20:42","h":"Nord","s":"25S-H59S200F-81-F2"},{"r":"10","t":"25:23:42","h":"Nord","s":"25N-H59N000S-80-S"},{"r":"10","t":"25:23:42","h":"Nord","s":"25N-H59NV10S-84-S"},{"r":"10","t":"25:23:42","h":"Nord","s":"25N-H59NV20S-80-S"},{"r":"10","t":"25:23:42","h":"Nord","s":"25S-H59S000S-81-S"},{"r":"10","t":"25:35:21","h":"Nord","s":"25N-H59N000A-80-A"},{"r":"10","t":"25:35:21","h":"Nord","s":"25N-H59NV10A-80-A"},{"r":"10","t":"25:35:21","h":"Nord","s":"25N-H59VN20A-80-A"},{"r":"10","t":"25:35:21","h":"Nord","s":"25S-H59S000A-81-A"},{"r":"10","t":"25:53:21","h":"Nord","s":"25N-H59N000A-80-A"},{"r":"10","t":"25:53:21","h":"Nord","s":"25N-H59NV10A-80-A"},{"r":"10","t":"25:53:21","h":"Nord","s":"25N-H59VN20A-80-A"},{"r":"10","t":"25:53:21","h":"Nord","s":"25S-H59S000A-81-A"}]