[{"r":"17","t":"04:51:55","h":"Nord","s":"25N-H60N000S-80-S"},{"r":"17","t":"04:51:55","h":"Nord","s":"25N-H60N000S-98-S"},{"r":"17","t":"04:51:55","h":"Nord","s":"25N-H60NV10S-98-S"},{"r":"17","t":"04:51:55","h":"Nord","s":"25N-H60NV20S-98-S"},{"r":"17","t":"04:51:55","h":"Nord","s":"25S-H60S000S-80-S"},{"r":"17","t":"04:52:55","h":"Nord","s":"25N-H60N000A-80-A"},{"r":"17","t":"04:52:55","h":"Nord","s":"25N-H60NV10A-80-A"},{"r":"17","t":"04:52:55","h":"Nord","s":"25N-H60NV20A-80-A"},{"r":"17","t":"04:52:55","h":"Nord","s":"25S-H60S000A-80-A"},{"r":"17","t":"04:59:06","h":"Nord","s":"25N-H60N000I-80-I"},{"r":"17","t":"04:59:06","h":"Nord","s":"25N-H60N100F-81-F1"},{"r":"17","t":"04:59:06","h":"Nord","s":"25N-H60N200F-81-F2"},{"r":"17","t":"04:59:06","h":"Nord","s":"25N-H60N300F-82-F3"},{"r":"17","t":"04:59:06","h":"Nord","s":"25N-H60N400F-81-F4"},{"r":"17","t":"04:59:06","h":"Nord","s":"25N-H60NV10I-80-I"},{"r":"17","t":"04:59:06","h":"Nord","s":"25N-H60NV20I-80-I"},{"r":"17","t":"04:59:06","h":"Nord","s":"25S-H60S000I-80-I"},{"r":"17","t":"04:59:06","h":"Nord","s":"25S-H60S100F-82-F1"},{"r":"17","t":"04:59:06","h":"Nord","s":"25S-H60S200F-81-F2"},{"r":"17","t":"05:12:55","h":"Nord","s":"25N-H56N000S-80-S"},{"r":"17","t":"05:12:55","h":"Nord","s":"25N-H56NV10S-80-S"},{"r":"17","t":"05:12:55","h":"Nord","s":"25N-H56NV20S-80-S"},{"r":"17","t":"05:12:55","h":"Nord","s":"25S-H56S000S-80-S"},{"r":"17","t":"05:22:55","h":"Nord","s":"25N-H60N000S-80-S"},{"r":"17","t":"05:22:55","h":"Nord","s":"25N-H60N000S-98-S"},{"r":"17","t":"05:22:55","h":"Nord","s":"25N-H60NV10S-98-S"},{"r":"17","t":"05:22:55","h":"Nord","s":"25N-H60NV20S-98-S"},{"r":"17","t":"05:22:55","h":"Nord","s":"25S-H60S000S-80-S"},{"r":"17","t":"05:29:06","h":"Nord","s":"25N-H60N000I-80-I"},{"r":"17","t":"05:29:06","h":"Nord","s":"25N-H60N100F-81-F1"},{"r":"17","t":"05:29:06","h":"Nord","s":"25N-H60N200F-81-F2"},{"r":"17","t":"05:29:06","h":"Nord","s":"25N-H60N300F-82-F3"},{"r":"17","t":"05:29:06","h":"Nord","s":"25N-H60N400F-81-F4"},{"r":"17","t":"05:29:06","h":"Nord","s":"25N-H60NV10I-80-I"},{"r":"17","t":"05:29:06","h":"Nord","s":"25N-H60NV20I-80-I"},{"r":"17","t":"05:29:06","h":"Nord","s":"25S-H60S000I-80-I"},{"r":"17","t":"05:29:06","h":"Nord","s":"25S-H60S100F-82-F1"},{"r":"17","t":"05:29:06","h":"Nord","s":"25S-H60S200F-81-F2"},{"r":"17","t":"05:37:55","h":"Nord","s":"25N-H60N000A-80-A"},{"r":"17","t":"05:37:55","h":"Nord","s":"25N-H60N000S-80-S"},{"r":"17","t":"05:37:55","h":"Nord","s":"25N-H60N000S-98-S"},{"r":"17","t":"05:37:55","h":"Nord","s":"25N-H60NV10A-80-A"},{"r":"17","t":"05:37:55","h":"Nord","s":"25N-H60NV10S-98-S"},{"r":"17","t":"05:37:55","h":"Nord","s":"25N-H60NV20A-80-A"},{"r":"17","t":"05:37:55","h":"Nord","s":"25N-H60NV20S-98-S"},{"r":"17","t":"05:37:55","h":"Nord","s":"25S-H60S000A-80-A"},{"r":"17","t":"05:37:55","h":"Nord","s":"25S-H60S000S-80-S"},{"r":"17","t":"05:54:55","h":"Nord","s":"25N-H60N000S-80-S"},{"r":"17","t":"05:54:55","h":"Nord","s":"25N-H60N000S-98-S"},{"r":"17","t":"05:54:55","h":"Nord","s":"25N-H60NV10S-98-S"},{"r":"17","t":"05:54:55","h":"Nord","s":"25N-H60NV20S-98-S"},{"r":"17","t":"05:54:55","h":"Nord","s":"25S-H60S000S-80-S"},{"r":"17","t":"06:03:06","h":"Nord","s":"25N-H60N000I-80-I"},{"r":"17","t":"06:03:06","h":"Nord","s":"25N-H60N100F-81-F1"},{"r":"17","t":"06:03:06","h":"Nord","s":"25N-H60N200F-81-F2"},{"r":"17","t":"06:03:06","h":"Nord","s":"25N-H60N300F-82-F3"},{"r":"17","t":"06:03:06","h":"Nord","s":"25N-H60N400F-81-F4"},{"r":"17","t":"06:03:06","h":"Nord","s":"25N-H60NV10I-80-I"},{"r":"17","t":"06:03:06","h":"Nord","s":"25N-H60NV20I-80-I"},{"r":"17","t":"06:03:06","h":"Nord","s":"25S-H60S000I-80-I"},{"r":"17","t":"06:03:06","h":"Nord","s":"25S-H60S100F-82-F1"},{"r":"17","t":"06:03:06","h":"Nord","s":"25S-H60S200F-81-F2"},{"r":"17","t":"06:12:55","h":"Nord","s":"25N-H60N000A-80-A"},{"r":"17","t":"06:12:55","h":"Nord","s":"25N-H60NV10A-80-A"},{"r":"17","t":"06:12:55","h":"Nord","s":"25N-H60NV20A-80-A"},{"r":"17","t":"06:12:55","h":"Nord","s":"25S-H60S000A-80-A"},{"r":"17","t":"06:28:06","h":"Nord","s":"25N-H60N000S-80-S"},{"r":"17","t":"06:28:06","h":"Nord","s":"25N-H60N000S-98-S"},{"r":"17","t":"06:28:06","h":"Nord","s":"25N-H60NV10S-98-S"},{"r":"17","t":"06:28:06","h":"Nord","s":"25N-H60NV20S-98-S"},{"r":"17","t":"06:28:06","h":"Nord","s":"25S-H60S000S-80-S"},{"r":"17","t":"06:47:06","h":"Nord","s":"25N-H60N000I-80-I"},{"r":"17","t":"06:47:06","h":"Nord","s":"25N-H60N100F-81-F1"},{"r":"17","t":"06:47:06","h":"Nord","s":"25N-H60N200F-81-F2"},{"r":"17","t":"06:47:06","h":"Nord","s":"25N-H60N300F-82-F3"},{"r":"17","t":"06:47:06","h":"Nord","s":"25N-H60N400F-81-F4"},{"r":"17","t":"06:47:06","h":"Nord","s":"25N-H60NV10I-80-I"},{"r":"17","t":"06:47:06","h":"Nord","s":"25N-H60NV20I-80-I"},{"r":"17","t":"06:47:06","h":"Nord","s":"25S-H60S000I-80-I"},{"r":"17","t":"06:47:06","h":"Nord","s":"25S-H60S100F-82-F1"},{"r":"17","t":"06:47:06","h":"Nord","s":"25S-H60S200F-81-F2"},{"r":"17","t":"06:56:55","h":"Nord","s":"25N-H60N000A-80-A"},{"r":"17","t":"06:56:55","h":"Nord","s":"25N-H60NV10A-80-A"},{"r":"17","t":"06:56:55","h":"Nord","s":"25N-H60NV20A-80-A"},{"r":"17","t":"06:56:55","h":"Nord","s":"25S-H60S000A-80-A"},{"r":"17","t":"07:01:28","h":"Nord","s":"25N-H60N000S-80-S"},{"r":"17","t":"07:01:28","h":"Nord","s":"25N-H60N000S-98-S"},{"r":"17","t":"07:01:28","h":"Nord","s":"25N-H60NV10S-98-S"},{"r":"17","t":"07:01:28","h":"Nord","s":"25N-H60NV20S-98-S"},{"r":"17","t":"07:01:28","h":"Nord","s":"25S-H60S000S-80-S"},{"r":"17","t":"07:22:06","h":"Nord","s":"25N-H60N000I-80-I"},{"r":"17","t":"07:22:06","h":"Nord","s":"25N-H60N100F-81-F1"},{"r":"17","t":"07:22:06","h":"Nord","s":"25N-H60N200F-81-F2"},{"r":"17","t":"07:22:06","h":"Nord","s":"25N-H60N300F-82-F3"},{"r":"17","t":"07:22:06","h":"Nord","s":"25N-H60N400F-81-F4"},{"r":"17","t":"07:22:06","h":"Nord","s":"25N-H60NV10I-80-I"},{"r":"17","t":"07:22:06","h":"Nord","s":"25N-H60NV20I-80-I"},{"r":"17","t":"07:22:06","h":"Nord","s":"25S-H60S000I-80-I"},{"r":"17","t":"07:22:06","h":"Nord","s":"25S-H60S100F-82-F1"},{"r":"17","t":"07:22:06","h":"Nord","s":"25S-H60S200F-81-F2"},{"r":"17","t":"07:32:55","h":"Nord","s":"25N-H60N000A-80-A"},{"r":"17","t":"07:32:55","h":"Nord","s":"25N-H60NV10A-80-A"},{"r":"17","t":"07:32:55","h":"Nord","s":"25N-H60NV20A-80-A"},{"r":"17","t":"07:32:55","h":"Nord","s":"25S-H60S000A-80-A"},{"r":"17","t":"07:34:28","h":"Nord","s":"25N-H60N000S-80-S"},{"r":"17","t":"07:34:28","h":"Nord","s":"25N-H60N000S-98-S"},{"r":"17","t":"07:34:28","h":"Nord","s":"25N-H60NV10S-98-S"},{"r":"17","t":"07:34:28","h":"Nord","s":"25N-H60NV20S-98-S"},{"r":"17","t":"07:34:28","h":"Nord","s":"25S-H60S000S-80-S"},{"r":"17","t":"08:06:06","h":"Nord","s":"25N-H60N000I-80-I"},{"r":"17","t":"08:06:06","h":"Nord","s":"25N-H60N100F-81-F1"},{"r":"17","t":"08:06:06","h":"Nord","s":"25N-H60N200F-81-F2"},{"r":"17","t":"08:06:06","h":"Nord","s":"25N-H60N300F-82-F3"},{"r":"17","t":"08:06:06","h":"Nord","s":"25N-H60N400F-81-F4"},{"r":"17","t":"08:06:06","h":"Nord","s":"25N-H60NV10I-80-I"},{"r":"17","t":"08:06:06","h":"Nord","s":"25N-H60NV20I-80-I"},{"r":"17","t":"08:06:06","h":"Nord","s":"25S-H60S000I-80-I"},{"r":"17","t":"08:06:06","h":"Nord","s":"25S-H60S100F-82-F1"},{"r":"17","t":"08:06:06","h":"Nord","s":"25S-H60S200F-81-F2"},{"r":"17","t":"08:07:28","h":"Nord","s":"25N-H60N000S-80-S"},{"r":"17","t":"08:07:28","h":"Nord","s":"25N-H60N000S-98-S"},{"r":"17","t":"08:07:28","h":"Nord","s":"25N-H60NV10S-98-S"},{"r":"17","t":"08:07:28","h":"Nord","s":"25N-H60NV20S-98-S"},{"r":"17","t":"08:07:28","h":"Nord","s":"25S-H60S000S-80-S"},{"r":"17","t":"08:17:06","h":"Nord","s":"25N-H60N000A-80-A"},{"r":"17","t":"08:17:06","h":"Nord","s":"25N-H60NV10A-80-A"},{"r":"17","t":"08:17:06","h":"Nord","s":"25N-H60NV20A-80-A"},{"r":"17","t":"08:17:06","h":"Nord","s":"25S-H60S000A-80-A"},{"r":"17","t":"08:40:28","h":"Nord","s":"25N-H60N000S-80-S"},{"r":"17","t":"08:40:28","h":"Nord","s":"25N-H60N000S-98-S"},{"r":"17","t":"08:40:28","h":"Nord","s":"25N-H60NV10S-98-S"},{"r":"17","t":"08:40:28","h":"Nord","s":"25N-H60NV20S-98-S"},{"r":"17","t":"08:40:28","h":"Nord","s":"25S-H60S000S-80-S"},{"r":"17","t":"08:42:06","h":"Nord","s":"25N-H60N000I-80-I"},{"r":"17","t":"08:42:06","h":"Nord","s":"25N-H60N100F-81-F1"},{"r":"17","t":"08:42:06","h":"Nord","s":"25N-H60N200F-81-F2"},{"r":"17","t":"08:42:06","h":"Nord","s":"25N-H60N300F-82-F3"},{"r":"17","t":"08:42:06","h":"Nord","s":"25N-H60N400F-81-F4"},{"r":"17","t":"08:42:06","h":"Nord","s":"25N-H60NV10I-80-I"},{"r":"17","t":"08:42:06","h":"Nord","s":"25N-H60NV20I-80-I"},{"r":"17","t":"08:42:06","h":"Nord","s":"25S-H60S000I-80-I"},{"r":"17","t":"08:42:06","h":"Nord","s":"25S-H60S100F-82-F1"},{"r":"17","t":"08:42:06","h":"Nord","s":"25S-H60S200F-81-F2"},{"r":"17","t":"09:01:06","h":"Nord","s":"25N-H60N000A-80-A"},{"r":"17","t":"09:01:06","h":"Nord","s":"25N-H60NV10A-80-A"},{"r":"17","t":"09:01:06","h":"Nord","s":"25N-H60NV20A-80-A"},{"r":"17","t":"09:01:06","h":"Nord","s":"25S-H60S000A-80-A"},{"r":"17","t":"09:13:28","h":"Nord","s":"25N-H60N000S-80-S"},{"r":"17","t":"09:13:28","h":"Nord","s":"25N-H60N000S-98-S"},{"r":"17","t":"09:13:28","h":"Nord","s":"25N-H60NV10S-98-S"},{"r":"17","t":"09:13:28","h":"Nord","s":"25N-H60NV20S-98-S"},{"r":"17","t":"09:13:28","h":"Nord","s":"25S-H60S000S-80-S"},{"r":"17","t":"09:27:06","h":"Nord","s":"25N-H60N000I-80-I"},{"r":"17","t":"09:27:06","h":"Nord","s":"25N-H60N100F-81-F1"},{"r":"17","t":"09:27:06","h":"Nord","s":"25N-H60N200F-81-F2"},{"r":"17","t":"09:27:06","h":"Nord","s":"25N-H60N300F-82-F3"},{"r":"17","t":"09:27:06","h":"Nord","s":"25N-H60N400F-81-F4"},{"r":"17","t":"09:27:06","h":"Nord","s":"25N-H60NV10I-80-I"},{"r":"17","t":"09:27:06","h":"Nord","s":"25N-H60NV20I-80-I"},{"r":"17","t":"09:27:06","h":"Nord","s":"25S-H60S000I-80-I"},{"r":"17","t":"09:27:06","h":"Nord","s":"25S-H60S100F-82-F1"},{"r":"17","t":"09:27:06","h":"Nord","s":"25S-H60S200F-81-F2"},{"r":"17","t":"09:46:06","h":"Nord","s":"25N-H60N000A-80-A"},{"r":"17","t":"09:46:06","h":"Nord","s":"25N-H60NV10A-80-A"},{"r":"17","t":"09:46:06","h":"Nord","s":"25N-H60NV20A-80-A"},{"r":"17","t":"09:46:06","h":"Nord","s":"25S-H60S000A-80-A"},{"r":"17","t":"09:46:28","h":"Nord","s":"25N-H60N000S-80-S"},{"r":"17","t":"09:46:28","h":"Nord","s":"25N-H60N000S-98-S"},{"r":"17","t":"09:46:28","h":"Nord","s":"25N-H60NV10S-98-S"},{"r":"17","t":"09:46:28","h":"Nord","s":"25N-H60NV20S-98-S"},{"r":"17","t":"09:46:28","h":"Nord","s":"25S-H60S000S-80-S"},{"r":"17","t":"10:10:06","h":"Nord","s":"25N-H60N000I-80-I"},{"r":"17","t":"10:10:06","h":"Nord","s":"25N-H60N100F-81-F1"},{"r":"17","t":"10:10:06","h":"Nord","s":"25N-H60N200F-81-F2"},{"r":"17","t":"10:10:06","h":"Nord","s":"25N-H60N300F-82-F3"},{"r":"17","t":"10:10:06","h":"Nord","s":"25N-H60N400F-81-F4"},{"r":"17","t":"10:10:06","h":"Nord","s":"25N-H60NV10I-80-I"},{"r":"17","t":"10:10:06","h":"Nord","s":"25N-H60NV20I-80-I"},{"r":"17","t":"10:10:06","h":"Nord","s":"25S-H60S000I-80-I"},{"r":"17","t":"10:10:06","h":"Nord","s":"25S-H60S100F-82-F1"},{"r":"17","t":"10:10:06","h":"Nord","s":"25S-H60S200F-81-F2"},{"r":"17","t":"10:21:28","h":"Nord","s":"25N-H60N000S-80-S"},{"r":"17","t":"10:21:28","h":"Nord","s":"25N-H60N000S-98-S"},{"r":"17","t":"10:21:28","h":"Nord","s":"25N-H60NV10S-98-S"},{"r":"17","t":"10:21:28","h":"Nord","s":"25N-H60NV20S-98-S"},{"r":"17","t":"10:21:28","h":"Nord","s":"25S-H60S000S-80-S"},{"r":"17","t":"10:25:06","h":"Nord","s":"25N-H60N000A-80-A"},{"r":"17","t":"10:25:06","h":"Nord","s":"25N-H60NV10A-80-A"},{"r":"17","t":"10:25:06","h":"Nord","s":"25N-H60NV20A-80-A"},{"r":"17","t":"10:25:06","h":"Nord","s":"25S-H60S000A-80-A"},{"r":"17","t":"10:55:06","h":"Nord","s":"25N-H60N000I-80-I"},{"r":"17","t":"10:55:06","h":"Nord","s":"25N-H60N100F-81-F1"},{"r":"17","t":"10:55:06","h":"Nord","s":"25N-H60N200F-81-F2"},{"r":"17","t":"10:55:06","h":"Nord","s":"25N-H60N300F-82-F3"},{"r":"17","t":"10:55:06","h":"Nord","s":"25N-H60N400F-81-F4"},{"r":"17","t":"10:55:06","h":"Nord","s":"25N-H60NV10I-80-I"},{"r":"17","t":"10:55:06","h":"Nord","s":"25N-H60NV20I-80-I"},{"r":"17","t":"10:55:06","h":"Nord","s":"25S-H60S000I-80-I"},{"r":"17","t":"10:55:06","h":"Nord","s":"25S-H60S100F-82-F1"},{"r":"17","t":"10:55:06","h":"Nord","s":"25S-H60S200F-81-F2"},{"r":"17","t":"10:56:28","h":"Nord","s":"25N-H60N000S-80-S"},{"r":"17","t":"10:56:28","h":"Nord","s":"25N-H60N000S-98-S"},{"r":"17","t":"10:56:28","h":"Nord","s":"25N-H60NV10S-98-S"},{"r":"17","t":"10:56:28","h":"Nord","s":"25N-H60NV20S-98-S"},{"r":"17","t":"10:56:28","h":"Nord","s":"25S-H60S000S-80-S"},{"r":"17","t":"11:10:06","h":"Nord","s":"25N-H60N000A-80-A"},{"r":"17","t":"11:10:06","h":"Nord","s":"25N-H60NV10A-80-A"},{"r":"17","t":"11:10:06","h":"Nord","s":"25N-H60NV20A-80-A"},{"r":"17","t":"11:10:06","h":"Nord","s":"25S-H60S000A-80-A"},{"r":"17","t":"11:31:28","h":"Nord","s":"25N-H60N000S-80-S"},{"r":"17","t":"11:31:28","h":"Nord","s":"25N-H60N000S-98-S"},{"r":"17","t":"11:31:28","h":"Nord","s":"25N-H60NV10S-98-S"},{"r":"17","t":"11:31:28","h":"Nord","s":"25N-H60NV20S-98-S"},{"r":"17","t":"11:31:28","h":"Nord","s":"25S-H60S000S-80-S"},{"r":"17","t":"11:38:06","h":"Nord","s":"25N-H60N000I-80-I"},{"r":"17","t":"11:38:06","h":"Nord","s":"25N-H60N100F-81-F1"},{"r":"17","t":"11:38:06","h":"Nord","s":"25N-H60N200F-81-F2"},{"r":"17","t":"11:38:06","h":"Nord","s":"25N-H60N300F-82-F3"},{"r":"17","t":"11:38:06","h":"Nord","s":"25N-H60N400F-81-F4"},{"r":"17","t":"11:38:06","h":"Nord","s":"25N-H60NV10I-80-I"},{"r":"17","t":"11:38:06","h":"Nord","s":"25N-H60NV20I-80-I"},{"r":"17","t":"11:38:06","h":"Nord","s":"25S-H60S000I-80-I"},{"r":"17","t":"11:38:06","h":"Nord","s":"25S-H60S100F-82-F1"},{"r":"17","t":"11:38:06","h":"Nord","s":"25S-H60S200F-81-F2"},{"r":"17","t":"11:53:06","h":"Nord","s":"25N-H60N000A-80-A"},{"r":"17","t":"11:53:06","h":"Nord","s":"25N-H60NV10A-80-A"},{"r":"17","t":"11:53:06","h":"Nord","s":"25N-H60NV20A-80-A"},{"r":"17","t":"11:53:06","h":"Nord","s":"25S-H60S000A-80-A"},{"r":"17","t":"12:08:28","h":"Nord","s":"25N-H60N000S-80-S"},{"r":"17","t":"12:08:28","h":"Nord","s":"25N-H60N000S-98-S"},{"r":"17","t":"12:08:28","h":"Nord","s":"25N-H60NV10S-98-S"},{"r":"17","t":"12:08:28","h":"Nord","s":"25N-H60NV20S-98-S"},{"r":"17","t":"12:08:28","h":"Nord","s":"25S-H60S000S-80-S"},{"r":"17","t":"12:13:17","h":"Nord","s":"25N-H60N000I-80-I"},{"r":"17","t":"12:13:17","h":"Nord","s":"25N-H60N100F-81-F1"},{"r":"17","t":"12:13:17","h":"Nord","s":"25N-H60N200F-81-F2"},{"r":"17","t":"12:13:17","h":"Nord","s":"25N-H60N300F-82-F3"},{"r":"17","t":"12:13:17","h":"Nord","s":"25N-H60N400F-81-F4"},{"r":"17","t":"12:13:17","h":"Nord","s":"25N-H60NV10I-80-I"},{"r":"17","t":"12:13:17","h":"Nord","s":"25N-H60NV20I-80-I"},{"r":"17","t":"12:13:17","h":"Nord","s":"25S-H60S000I-80-I"},{"r":"17","t":"12:13:17","h":"Nord","s":"25S-H60S100F-82-F1"},{"r":"17","t":"12:13:17","h":"Nord","s":"25S-H60S200F-81-F2"},{"r":"17","t":"12:35:06","h":"Nord","s":"25N-H60N000A-80-A"},{"r":"17","t":"12:35:06","h":"Nord","s":"25N-H60NV10A-80-A"},{"r":"17","t":"12:35:06","h":"Nord","s":"25N-H60NV20A-80-A"},{"r":"17","t":"12:35:06","h":"Nord","s":"25S-H60S000A-80-A"},{"r":"17","t":"12:45:28","h":"Nord","s":"25N-H60N000S-80-S"},{"r":"17","t":"12:45:28","h":"Nord","s":"25N-H60N000S-98-S"},{"r":"17","t":"12:45:28","h":"Nord","s":"25N-H60NV10S-98-S"},{"r":"17","t":"12:45:28","h":"Nord","s":"25N-H60NV20S-98-S"},{"r":"17","t":"12:45:28","h":"Nord","s":"25S-H60S000S-80-S"},{"r":"17","t":"12:53:17","h":"Nord","s":"25N-H60N000I-80-I"},{"r":"17","t":"12:53:17","h":"Nord","s":"25N-H60N100F-81-F1"},{"r":"17","t":"12:53:17","h":"Nord","s":"25N-H60N200F-81-F2"},{"r":"17","t":"12:53:17","h":"Nord","s":"25N-H60N300F-82-F3"},{"r":"17","t":"12:53:17","h":"Nord","s":"25N-H60N400F-81-F4"},{"r":"17","t":"12:53:17","h":"Nord","s":"25N-H60NV10I-80-I"},{"r":"17","t":"12:53:17","h":"Nord","s":"25N-H60NV20I-80-I"},{"r":"17","t":"12:53:17","h":"Nord","s":"25S-H60S000I-80-I"},{"r":"17","t":"12:53:17","h":"Nord","s":"25S-H60S100F-82-F1"},{"r":"17","t":"12:53:17","h":"Nord","s":"25S-H60S200F-81-F2"},{"r":"17","t":"13:16:06","h":"Nord","s":"25N-H60N000A-80-A"},{"r":"17","t":"13:16:06","h":"Nord","s":"25N-H60NV10A-80-A"},{"r":"17","t":"13:16:06","h":"Nord","s":"25N-H60NV20A-80-A"},{"r":"17","t":"13:16:06","h":"Nord","s":"25S-H60S000A-80-A"},{"r":"17","t":"13:22:28","h":"Nord","s":"25N-H60N000S-80-S"},{"r":"17","t":"13:22:28","h":"Nord","s":"25N-H60N000S-98-S"},{"r":"17","t":"13:22:28","h":"Nord","s":"25N-H60NV10S-98-S"},{"r":"17","t":"13:22:28","h":"Nord","s":"25N-H60NV20S-98-S"},{"r":"17","t":"13:22:28","h":"Nord","s":"25S-H60S000S-80-S"},{"r":"17","t":"13:33:17","h":"Nord","s":"25N-H60N000I-80-I"},{"r":"17","t":"13:33:17","h":"Nord","s":"25N-H60N100F-81-F1"},{"r":"17","t":"13:33:17","h":"Nord","s":"25N-H60N200F-81-F2"},{"r":"17","t":"13:33:17","h":"Nord","s":"25N-H60N300F-82-F3"},{"r":"17","t":"13:33:17","h":"Nord","s":"25N-H60N400F-81-F4"},{"r":"17","t":"13:33:17","h":"Nord","s":"25N-H60NV10I-80-I"},{"r":"17","t":"13:33:17","h":"Nord","s":"25N-H60NV20I-80-I"},{"r":"17","t":"13:33:17","h":"Nord","s":"25S-H60S000I-80-I"},{"r":"17","t":"13:33:17","h":"Nord","s":"25S-H60S100F-82-F1"},{"r":"17","t":"13:33:17","h":"Nord","s":"25S-H60S200F-81-F2"},{"r":"17","t":"13:56:28","h":"Nord","s":"25N-H60N000S-80-S"},{"r":"17","t":"13:56:28","h":"Nord","s":"25N-H60N000S-98-S"},{"r":"17","t":"13:56:28","h":"Nord","s":"25N-H60NV10S-98-S"},{"r":"17","t":"13:56:28","h":"Nord","s":"25N-H60NV20S-98-S"},{"r":"17","t":"13:56:28","h":"Nord","s":"25S-H60S000S-80-S"},{"r":"17","t":"13:57:17","h":"Nord","s":"25N-H60N000A-80-A"},{"r":"17","t":"13:57:17","h":"Nord","s":"25N-H60NV10A-80-A"},{"r":"17","t":"13:57:17","h":"Nord","s":"25N-H60NV20A-80-A"},{"r":"17","t":"13:57:17","h":"Nord","s":"25S-H60S000A-80-A"},{"r":"17","t":"14:13:17","h":"Nord","s":"25N-H60N000I-80-I"},{"r":"17","t":"14:13:17","h":"Nord","s":"25N-H60N100F-81-F1"},{"r":"17","t":"14:13:17","h":"Nord","s":"25N-H60N200F-81-F2"},{"r":"17","t":"14:13:17","h":"Nord","s":"25N-H60N300F-82-F3"},{"r":"17","t":"14:13:17","h":"Nord","s":"25N-H60N400F-81-F4"},{"r":"17","t":"14:13:17","h":"Nord","s":"25N-H60NV10I-80-I"},{"r":"17","t":"14:13:17","h":"Nord","s":"25N-H60NV20I-80-I"},{"r":"17","t":"14:13:17","h":"Nord","s":"25S-H60S000I-80-I"},{"r":"17","t":"14:13:17","h":"Nord","s":"25S-H60S100F-82-F1"},{"r":"17","t":"14:13:17","h":"Nord","s":"25S-H60S200F-81-F2"},{"r":"17","t":"14:27:28","h":"Nord","s":"25N-H60N000S-80-S"},{"r":"17","t":"14:27:28","h":"Nord","s":"25N-H60N000S-98-S"},{"r":"17","t":"14:27:28","h":"Nord","s":"25N-H60NV10S-98-S"},{"r":"17","t":"14:27:28","h":"Nord","s":"25N-H60NV20S-98-S"},{"r":"17","t":"14:27:28","h":"Nord","s":"25S-H60S000S-80-S"},{"r":"17","t":"14:38:17","h":"Nord","s":"25N-H60N000A-80-A"},{"r":"17","t":"14:38:17","h":"Nord","s":"25N-H60NV10A-80-A"},{"r":"17","t":"14:38:17","h":"Nord","s":"25N-H60NV20A-80-A"},{"r":"17","t":"14:38:17","h":"Nord","s":"25S-H60S000A-80-A"},{"r":"17","t":"14:53:17","h":"Nord","s":"25N-H60N000I-80-I"},{"r":"17","t":"14:53:17","h":"Nord","s":"25N-H60N100F-81-F1"},{"r":"17","t":"14:53:17","h":"Nord","s":"25N-H60N200F-81-F2"},{"r":"17","t":"14:53:17","h":"Nord","s":"25N-H60N300F-82-F3"},{"r":"17","t":"14:53:17","h":"Nord","s":"25N-H60N400F-81-F4"},{"r":"17","t":"14:53:17","h":"Nord","s":"25N-H60NV10I-80-I"},{"r":"17","t":"14:53:17","h":"Nord","s":"25N-H60NV20I-80-I"},{"r":"17","t":"14:53:17","h":"Nord","s":"25S-H60S000I-80-I"},{"r":"17","t":"14:53:17","h":"Nord","s":"25S-H60S100F-82-F1"},{"r":"17","t":"14:53:17","h":"Nord","s":"25S-H60S200F-81-F2"},{"r":"17","t":"14:54:28","h":"Nord","s":"25N-H60N000S-80-S"},{"r":"17","t":"14:54:28","h":"Nord","s":"25N-H60N000S-98-S"},{"r":"17","t":"14:54:28","h":"Nord","s":"25N-H60NV10S-98-S"},{"r":"17","t":"14:54:28","h":"Nord","s":"25N-H60NV20S-98-S"},{"r":"17","t":"14:54:28","h":"Nord","s":"25S-H60S000S-80-S"},{"r":"17","t":"15:19:17","h":"Nord","s":"25N-H60N000A-80-A"},{"r":"17","t":"15:19:17","h":"Nord","s":"25N-H60NV10A-80-A"},{"r":"17","t":"15:19:17","h":"Nord","s":"25N-H60NV20A-80-A"},{"r":"17","t":"15:19:17","h":"Nord","s":"25S-H60S000A-80-A"},{"r":"17","t":"15:23:28","h":"Nord","s":"25N-H60N000S-80-S"},{"r":"17","t":"15:23:28","h":"Nord","s":"25N-H60N000S-98-S"},{"r":"17","t":"15:23:28","h":"Nord","s":"25N-H60NV10S-98-S"},{"r":"17","t":"15:23:28","h":"Nord","s":"25N-H60NV20S-98-S"},{"r":"17","t":"15:23:28","h":"Nord","s":"25S-H60S000S-80-S"},{"r":"17","t":"15:33:17","h":"Nord","s":"25N-H60N000I-80-I"},{"r":"17","t":"15:33:17","h":"Nord","s":"25N-H60N100F-81-F1"},{"r":"17","t":"15:33:17","h":"Nord","s":"25N-H60N200F-81-F2"},{"r":"17","t":"15:33:17","h":"Nord","s":"25N-H60N300F-82-F3"},{"r":"17","t":"15:33:17","h":"Nord","s":"25N-H60N400F-81-F4"},{"r":"17","t":"15:33:17","h":"Nord","s":"25N-H60NV10I-80-I"},{"r":"17","t":"15:33:17","h":"Nord","s":"25N-H60NV20I-80-I"},{"r":"17","t":"15:33:17","h":"Nord","s":"25S-H60S000I-80-I"},{"r":"17","t":"15:33:17","h":"Nord","s":"25S-H60S100F-82-F1"},{"r":"17","t":"15:33:17","h":"Nord","s":"25S-H60S200F-81-F2"},{"r":"17","t":"15:55:39","h":"Nord","s":"25N-H60N000S-80-S"},{"r":"17","t":"15:55:39","h":"Nord","s":"25N-H60N000S-98-S"},{"r":"17","t":"15:55:39","h":"Nord","s":"25N-H60NV10S-98-S"},{"r":"17","t":"15:55:39","h":"Nord","s":"25N-H60NV20S-98-S"},{"r":"17","t":"15:55:39","h":"Nord","s":"25S-H60S000S-80-S"},{"r":"17","t":"16:00:17","h":"Nord","s":"25N-H60N000A-80-A"},{"r":"17","t":"16:00:17","h":"Nord","s":"25N-H60NV10A-80-A"},{"r":"17","t":"16:00:17","h":"Nord","s":"25N-H60NV20A-80-A"},{"r":"17","t":"16:00:17","h":"Nord","s":"25S-H60S000A-80-A"},{"r":"17","t":"16:14:17","h":"Nord","s":"25N-H60N000I-80-I"},{"r":"17","t":"16:14:17","h":"Nord","s":"25N-H60N100F-81-F1"},{"r":"17","t":"16:14:17","h":"Nord","s":"25N-H60N200F-81-F2"},{"r":"17","t":"16:14:17","h":"Nord","s":"25N-H60N300F-82-F3"},{"r":"17","t":"16:14:17","h":"Nord","s":"25N-H60N400F-81-F4"},{"r":"17","t":"16:14:17","h":"Nord","s":"25N-H60NV10I-80-I"},{"r":"17","t":"16:14:17","h":"Nord","s":"25N-H60NV20I-80-I"},{"r":"17","t":"16:14:17","h":"Nord","s":"25S-H60S000I-80-I"},{"r":"17","t":"16:14:17","h":"Nord","s":"25S-H60S100F-82-F1"},{"r":"17","t":"16:14:17","h":"Nord","s":"25S-H60S200F-81-F2"},{"r":"17","t":"16:28:39","h":"Nord","s":"25N-H60N000S-80-S"},{"r":"17","t":"16:28:39","h":"Nord","s":"25N-H60N000S-98-S"},{"r":"17","t":"16:28:39","h":"Nord","s":"25N-H60NV10S-98-S"},{"r":"17","t":"16:28:39","h":"Nord","s":"25N-H60NV20S-98-S"},{"r":"17","t":"16:28:39","h":"Nord","s":"25S-H60S000S-80-S"},{"r":"17","t":"16:40:17","h":"Nord","s":"25N-H60N000A-80-A"},{"r":"17","t":"16:40:17","h":"Nord","s":"25N-H60NV10A-80-A"},{"r":"17","t":"16:40:17","h":"Nord","s":"25N-H60NV20A-80-A"},{"r":"17","t":"16:40:17","h":"Nord","s":"25S-H60S000A-80-A"},{"r":"17","t":"16:56:17","h":"Nord","s":"25N-H60N000I-80-I"},{"r":"17","t":"16:56:17","h":"Nord","s":"25N-H60N100F-81-F1"},{"r":"17","t":"16:56:17","h":"Nord","s":"25N-H60N200F-81-F2"},{"r":"17","t":"16:56:17","h":"Nord","s":"25N-H60N300F-82-F3"},{"r":"17","t":"16:56:17","h":"Nord","s":"25N-H60N400F-81-F4"},{"r":"17","t":"16:56:17","h":"Nord","s":"25N-H60NV10I-80-I"},{"r":"17","t":"16:56:17","h":"Nord","s":"25N-H60NV20I-80-I"},{"r":"17","t":"16:56:17","h":"Nord","s":"25S-H60S000I-80-I"},{"r":"17","t":"16:56:17","h":"Nord","s":"25S-H60S100F-82-F1"},{"r":"17","t":"16:56:17","h":"Nord","s":"25S-H60S200F-81-F2"},{"r":"17","t":"17:01:17","h":"Nord","s":"25N-H60N000S-80-S"},{"r":"17","t":"17:01:17","h":"Nord","s":"25N-H60N000S-98-S"},{"r":"17","t":"17:01:17","h":"Nord","s":"25N-H60NV10S-98-S"},{"r":"17","t":"17:01:17","h":"Nord","s":"25N-H60NV20S-98-S"},{"r":"17","t":"17:01:17","h":"Nord","s":"25S-H60S000S-80-S"},{"r":"17","t":"17:19:17","h":"Nord","s":"25N-H60N000A-80-A"},{"r":"17","t":"17:19:17","h":"Nord","s":"25N-H60NV10A-80-A"},{"r":"17","t":"17:19:17","h":"Nord","s":"25N-H60NV20A-80-A"},{"r":"17","t":"17:19:17","h":"Nord","s":"25S-H60S000A-80-A"},{"r":"17","t":"17:34:17","h":"Nord","s":"25N-H60N000S-80-S"},{"r":"17","t":"17:34:17","h":"Nord","s":"25N-H60N000S-98-S"},{"r":"17","t":"17:34:17","h":"Nord","s":"25N-H60NV10S-98-S"},{"r":"17","t":"17:34:17","h":"Nord","s":"25N-H60NV20S-98-S"},{"r":"17","t":"17:34:17","h":"Nord","s":"25S-H60S000S-80-S"},{"r":"17","t":"17:38:17","h":"Nord","s":"25N-H60N000I-80-I"},{"r":"17","t":"17:38:17","h":"Nord","s":"25N-H60N100F-81-F1"},{"r":"17","t":"17:38:17","h":"Nord","s":"25N-H60N200F-81-F2"},{"r":"17","t":"17:38:17","h":"Nord","s":"25N-H60N300F-82-F3"},{"r":"17","t":"17:38:17","h":"Nord","s":"25N-H60N400F-81-F4"},{"r":"17","t":"17:38:17","h":"Nord","s":"25N-H60NV10I-80-I"},{"r":"17","t":"17:38:17","h":"Nord","s":"25N-H60NV20I-80-I"},{"r":"17","t":"17:38:17","h":"Nord","s":"25S-H60S000I-80-I"},{"r":"17","t":"17:38:17","h":"Nord","s":"25S-H60S100F-82-F1"},{"r":"17","t":"17:38:17","h":"Nord","s":"25S-H60S200F-81-F2"},{"r":"17","t":"17:58:17","h":"Nord","s":"25N-H60N000A-80-A"},{"r":"17","t":"17:58:17","h":"Nord","s":"25N-H60NV10A-80-A"},{"r":"17","t":"17:58:17","h":"Nord","s":"25N-H60NV20A-80-A"},{"r":"17","t":"17:58:17","h":"Nord","s":"25S-H60S000A-80-A"},{"r":"17","t":"18:07:06","h":"Nord","s":"25N-H60N000S-80-S"},{"r":"17","t":"18:07:06","h":"Nord","s":"25N-H60N000S-98-S"},{"r":"17","t":"18:07:06","h":"Nord","s":"25N-H60NV10S-98-S"},{"r":"17","t":"18:07:06","h":"Nord","s":"25N-H60NV20S-98-S"},{"r":"17","t":"18:07:06","h":"Nord","s":"25S-H60S000S-80-S"},{"r":"17","t":"18:18:17","h":"Nord","s":"25N-H60N000I-80-I"},{"r":"17","t":"18:18:17","h":"Nord","s":"25N-H60N100F-81-F1"},{"r":"17","t":"18:18:17","h":"Nord","s":"25N-H60N200F-81-F2"},{"r":"17","t":"18:18:17","h":"Nord","s":"25N-H60N300F-82-F3"},{"r":"17","t":"18:18:17","h":"Nord","s":"25N-H60N400F-81-F4"},{"r":"17","t":"18:18:17","h":"Nord","s":"25N-H60NV10I-80-I"},{"r":"17","t":"18:18:17","h":"Nord","s":"25N-H60NV20I-80-I"},{"r":"17","t":"18:18:17","h":"Nord","s":"25S-H60S000I-80-I"},{"r":"17","t":"18:18:17","h":"Nord","s":"25S-H60S100F-82-F1"},{"r":"17","t":"18:18:17","h":"Nord","s":"25S-H60S200F-81-F2"},{"r":"17","t":"18:36:17","h":"Nord","s":"25N-H60N000A-80-A"},{"r":"17","t":"18:36:17","h":"Nord","s":"25N-H60NV10A-80-A"},{"r":"17","t":"18:36:17","h":"Nord","s":"25N-H60NV20A-80-A"},{"r":"17","t":"18:36:17","h":"Nord","s":"25S-H60S000A-80-A"},{"r":"17","t":"18:37:06","h":"Nord","s":"25N-H60N000S-80-S"},{"r":"17","t":"18:37:06","h":"Nord","s":"25N-H60N000S-98-S"},{"r":"17","t":"18:37:06","h":"Nord","s":"25N-H60NV10S-98-S"},{"r":"17","t":"18:37:06","h":"Nord","s":"25N-H60NV20S-98-S"},{"r":"17","t":"18:37:06","h":"Nord","s":"25S-H60S000S-80-S"},{"r":"17","t":"19:02:17","h":"Nord","s":"25N-H60N000I-80-I"},{"r":"17","t":"19:02:17","h":"Nord","s":"25N-H60N100F-81-F1"},{"r":"17","t":"19:02:17","h":"Nord","s":"25N-H60N200F-81-F2"},{"r":"17","t":"19:02:17","h":"Nord","s":"25N-H60N300F-82-F3"},{"r":"17","t":"19:02:17","h":"Nord","s":"25N-H60N400F-81-F4"},{"r":"17","t":"19:02:17","h":"Nord","s":"25N-H60NV10I-80-I"},{"r":"17","t":"19:02:17","h":"Nord","s":"25N-H60NV20I-80-I"},{"r":"17","t":"19:02:17","h":"Nord","s":"25S-H60S000I-80-I"},{"r":"17","t":"19:02:17","h":"Nord","s":"25S-H60S100F-82-F1"},{"r":"17","t":"19:02:17","h":"Nord","s":"25S-H60S200F-81-F2"},{"r":"17","t":"19:05:06","h":"Nord","s":"25N-H60N000S-80-S"},{"r":"17","t":"19:05:06","h":"Nord","s":"25N-H60N000S-98-S"},{"r":"17","t":"19:05:06","h":"Nord","s":"25N-H60NV10S-98-S"},{"r":"17","t":"19:05:06","h":"Nord","s":"25N-H60NV20S-98-S"},{"r":"17","t":"19:05:06","h":"Nord","s":"25S-H60S000S-80-S"},{"r":"17","t":"19:14:17","h":"Nord","s":"25N-H60N000A-80-A"},{"r":"17","t":"19:14:17","h":"Nord","s":"25N-H60NV10A-80-A"},{"r":"17","t":"19:14:17","h":"Nord","s":"25N-H60NV20A-80-A"},{"r":"17","t":"19:14:17","h":"Nord","s":"25S-H60S000A-80-A"},{"r":"17","t":"19:36:06","h":"Nord","s":"25N-H60N000S-80-S"},{"r":"17","t":"19:36:06","h":"Nord","s":"25N-H60N000S-98-S"},{"r":"17","t":"19:36:06","h":"Nord","s":"25N-H60NV10S-98-S"},{"r":"17","t":"19:36:06","h":"Nord","s":"25N-H60NV20S-98-S"},{"r":"17","t":"19:36:06","h":"Nord","s":"25S-H60S000S-80-S"},{"r":"17","t":"19:47:06","h":"Nord","s":"25N-H60N000I-80-I"},{"r":"17","t":"19:47:06","h":"Nord","s":"25N-H60N100F-81-F1"},{"r":"17","t":"19:47:06","h":"Nord","s":"25N-H60N200F-81-F2"},{"r":"17","t":"19:47:06","h":"Nord","s":"25N-H60N300F-82-F3"},{"r":"17","t":"19:47:06","h":"Nord","s":"25N-H60N400F-81-F4"},{"r":"17","t":"19:47:06","h":"Nord","s":"25N-H60NV10I-80-I"},{"r":"17","t":"19:47:06","h":"Nord","s":"25N-H60NV20I-80-I"},{"r":"17","t":"19:47:06","h":"Nord","s":"25S-H60S000I-80-I"},{"r":"17","t":"19:47:06","h":"Nord","s":"25S-H60S100F-82-F1"},{"r":"17","t":"19:47:06","h":"Nord","s":"25S-H60S200F-81-F2"},{"r":"17","t":"19:50:17","h":"Nord","s":"25N-H60N000A-80-A"},{"r":"17","t":"19:50:17","h":"Nord","s":"25N-H60NV10A-80-A"},{"r":"17","t":"19:50:17","h":"Nord","s":"25N-H60NV20A-80-A"},{"r":"17","t":"19:50:17","h":"Nord","s":"25S-H60S000A-80-A"},{"r":"17","t":"20:07:06","h":"Nord","s":"25N-H60N000S-80-S"},{"r":"17","t":"20:07:06","h":"Nord","s":"25N-H60N000S-98-S"},{"r":"17","t":"20:07:06","h":"Nord","s":"25N-H60NV10S-98-S"},{"r":"17","t":"20:07:06","h":"Nord","s":"25N-H60NV20S-98-S"},{"r":"17","t":"20:07:06","h":"Nord","s":"25S-H60S000S-80-S"},{"r":"17","t":"20:24:06","h":"Nord","s":"25N-H60N000A-80-A"},{"r":"17","t":"20:24:06","h":"Nord","s":"25N-H60NV10A-80-A"},{"r":"17","t":"20:24:06","h":"Nord","s":"25N-H60NV20A-80-A"},{"r":"17","t":"20:24:06","h":"Nord","s":"25S-H60S000A-80-A"},{"r":"17","t":"20:31:06","h":"Nord","s":"25N-H60N000I-80-I"},{"r":"17","t":"20:31:06","h":"Nord","s":"25N-H60N100F-81-F1"},{"r":"17","t":"20:31:06","h":"Nord","s":"25N-H60N200F-81-F2"},{"r":"17","t":"20:31:06","h":"Nord","s":"25N-H60N300F-82-F3"},{"r":"17","t":"20:31:06","h":"Nord","s":"25N-H60N400F-81-F4"},{"r":"17","t":"20:31:06","h":"Nord","s":"25N-H60NV10I-80-I"},{"r":"17","t":"20:31:06","h":"Nord","s":"25N-H60NV20I-80-I"},{"r":"17","t":"20:31:06","h":"Nord","s":"25S-H60S000I-80-I"},{"r":"17","t":"20:31:06","h":"Nord","s":"25S-H60S100F-82-F1"},{"r":"17","t":"20:31:06","h":"Nord","s":"25S-H60S200F-81-F2"},{"r":"17","t":"20:38:06","h":"Nord","s":"25N-H60N000S-80-S"},{"r":"17","t":"20:38:06","h":"Nord","s":"25N-H60N000S-98-S"},{"r":"17","t":"20:38:06","h":"Nord","s":"25N-H60NV10S-98-S"},{"r":"17","t":"20:38:06","h":"Nord","s":"25N-H60NV20S-98-S"},{"r":"17","t":"20:38:06","h":"Nord","s":"25S-H60S000S-80-S"},{"r":"17","t":"21:09:06","h":"Nord","s":"25N-H60N000A-80-A"},{"r":"17","t":"21:09:06","h":"Nord","s":"25N-H60N000S-80-S"},{"r":"17","t":"21:09:06","h":"Nord","s":"25N-H60N000S-98-S"},{"r":"17","t":"21:09:06","h":"Nord","s":"25N-H60NV10A-80-A"},{"r":"17","t":"21:09:06","h":"Nord","s":"25N-H60NV10S-98-S"},{"r":"17","t":"21:09:06","h":"Nord","s":"25N-H60NV20A-80-A"},{"r":"17","t":"21:09:06","h":"Nord","s":"25N-H60NV20S-98-S"},{"r":"17","t":"21:09:06","h":"Nord","s":"25S-H60S000A-80-A"},{"r":"17","t":"21:09:06","h":"Nord","s":"25S-H60S000S-80-S"},{"r":"17","t":"21:13:06","h":"Nord","s":"25N-H60N000I-80-I"},{"r":"17","t":"21:13:06","h":"Nord","s":"25N-H60N100F-81-F1"},{"r":"17","t":"21:13:06","h":"Nord","s":"25N-H60N200F-81-F2"},{"r":"17","t":"21:13:06","h":"Nord","s":"25N-H60N300F-82-F3"},{"r":"17","t":"21:13:06","h":"Nord","s":"25N-H60N400F-81-F4"},{"r":"17","t":"21:13:06","h":"Nord","s":"25N-H60NV10I-80-I"},{"r":"17","t":"21:13:06","h":"Nord","s":"25N-H60NV20I-80-I"},{"r":"17","t":"21:13:06","h":"Nord","s":"25S-H60S000I-80-I"},{"r":"17","t":"21:13:06","h":"Nord","s":"25S-H60S100F-82-F1"},{"r":"17","t":"21:13:06","h":"Nord","s":"25S-H60S200F-81-F2"},{"r":"17","t":"21:39:06","h":"Nord","s":"25N-H60N000S-80-S"},{"r":"17","t":"21:39:06","h":"Nord","s":"25N-H60N000S-98-S"},{"r":"17","t":"21:39:06","h":"Nord","s":"25N-H60NV10S-98-S"},{"r":"17","t":"21:39:06","h":"Nord","s":"25N-H60NV20S-98-S"},{"r":"17","t":"21:39:06","h":"Nord","s":"25S-H60S000S-80-S"},{"r":"17","t":"21:50:06","h":"Nord","s":"25N-H60N000A-80-A"},{"r":"17","t":"21:50:06","h":"Nord","s":"25N-H60NV10A-80-A"},{"r":"17","t":"21:50:06","h":"Nord","s":"25N-H60NV20A-80-A"},{"r":"17","t":"21:50:06","h":"Nord","s":"25S-H60S000A-80-A"},{"r":"17","t":"21:56:06","h":"Nord","s":"25N-H60N000I-80-I"},{"r":"17","t":"21:56:06","h":"Nord","s":"25N-H60N100F-81-F1"},{"r":"17","t":"21:56:06","h":"Nord","s":"25N-H60N200F-81-F2"},{"r":"17","t":"21:56:06","h":"Nord","s":"25N-H60N300F-82-F3"},{"r":"17","t":"21:56:06","h":"Nord","s":"25N-H60N400F-81-F4"},{"r":"17","t":"21:56:06","h":"Nord","s":"25N-H60NV10I-80-I"},{"r":"17","t":"21:56:06","h":"Nord","s":"25N-H60NV20I-80-I"},{"r":"17","t":"21:56:06","h":"Nord","s":"25S-H60S000I-80-I"},{"r":"17","t":"21:56:06","h":"Nord","s":"25S-H60S100F-82-F1"},{"r":"17","t":"21:56:06","h":"Nord","s":"25S-H60S200F-81-F2"},{"r":"17","t":"22:09:06","h":"Nord","s":"25N-H60N000S-80-S"},{"r":"17","t":"22:09:06","h":"Nord","s":"25N-H60N000S-98-S"},{"r":"17","t":"22:09:06","h":"Nord","s":"25N-H60NV10S-98-S"},{"r":"17","t":"22:09:06","h":"Nord","s":"25N-H60NV20S-98-S"},{"r":"17","t":"22:09:06","h":"Nord","s":"25S-H60S000S-80-S"},{"r":"17","t":"22:35:06","h":"Nord","s":"25N-H60N000A-80-A"},{"r":"17","t":"22:35:06","h":"Nord","s":"25N-H60NV10A-80-A"},{"r":"17","t":"22:35:06","h":"Nord","s":"25N-H60NV20A-80-A"},{"r":"17","t":"22:35:06","h":"Nord","s":"25S-H60S000A-80-A"},{"r":"17","t":"22:38:06","h":"Nord","s":"25N-H60N000I-80-I"},{"r":"17","t":"22:38:06","h":"Nord","s":"25N-H60N100F-81-F1"},{"r":"17","t":"22:38:06","h":"Nord","s":"25N-H60N200F-81-F2"},{"r":"17","t":"22:38:06","h":"Nord","s":"25N-H60N300F-82-F3"},{"r":"17","t":"22:38:06","h":"Nord","s":"25N-H60N400F-81-F4"},{"r":"17","t":"22:38:06","h":"Nord","s":"25N-H60NV10I-80-I"},{"r":"17","t":"22:38:06","h":"Nord","s":"25N-H60NV20I-80-I"},{"r":"17","t":"22:38:06","h":"Nord","s":"25S-H60S000I-80-I"},{"r":"17","t":"22:38:06","h":"Nord","s":"25S-H60S100F-82-F1"},{"r":"17","t":"22:38:06","h":"Nord","s":"25S-H60S200F-81-F2"},{"r":"17","t":"22:41:06","h":"Nord","s":"25N-H60N000S-80-S"},{"r":"17","t":"22:41:06","h":"Nord","s":"25N-H60N000S-98-S"},{"r":"17","t":"22:41:06","h":"Nord","s":"25N-H60NV10S-98-S"},{"r":"17","t":"22:41:06","h":"Nord","s":"25N-H60NV20S-98-S"},{"r":"17","t":"22:41:06","h":"Nord","s":"25S-H60S000S-80-S"},{"r":"17","t":"23:16:06","h":"Nord","s":"25N-H60N000A-80-A"},{"r":"17","t":"23:16:06","h":"Nord","s":"25N-H60NV10A-80-A"},{"r":"17","t":"23:16:06","h":"Nord","s":"25N-H60NV20A-80-A"},{"r":"17","t":"23:16:06","h":"Nord","s":"25S-H60S000A-80-A"},{"r":"17","t":"23:20:06","h":"Nord","s":"25N-H60N000I-80-I"},{"r":"17","t":"23:20:06","h":"Nord","s":"25N-H60N000S-80-S"},{"r":"17","t":"23:20:06","h":"Nord","s":"25N-H60N000S-98-S"},{"r":"17","t":"23:20:06","h":"Nord","s":"25N-H60N100F-81-F1"},{"r":"17","t":"23:20:06","h":"Nord","s":"25N-H60N200F-81-F2"},{"r":"17","t":"23:20:06","h":"Nord","s":"25N-H60N300F-82-F3"},{"r":"17","t":"23:20:06","h":"Nord","s":"25N-H60N400F-81-F4"},{"r":"17","t":"23:20:06","h":"Nord","s":"25N-H60NV10I-80-I"},{"r":"17","t":"23:20:06","h":"Nord","s":"25N-H60NV10S-98-S"},{"r":"17","t":"23:20:06","h":"Nord","s":"25N-H60NV20I-80-I"},{"r":"17","t":"23:20:06","h":"Nord","s":"25N-H60NV20S-98-S"},{"r":"17","t":"23:20:06","h":"Nord","s":"25S-H60S000I-80-I"},{"r":"17","t":"23:20:06","h":"Nord","s":"25S-H60S000S-80-S"},{"r":"17","t":"23:20:06","h":"Nord","s":"25S-H60S100F-82-F1"},{"r":"17","t":"23:20:06","h":"Nord","s":"25S-H60S200F-81-F2"},{"r":"17","t":"23:58:06","h":"Nord","s":"25N-H60N000A-80-A"},{"r":"17","t":"23:58:06","h":"Nord","s":"25N-H60NV10A-80-A"},{"r":"17","t":"23:58:06","h":"Nord","s":"25N-H60NV20A-80-A"},{"r":"17","t":"23:58:06","h":"Nord","s":"25S-H60S000A-80-A"},{"r":"17","t":"24:02:06","h":"Nord","s":"25N-H60N000I-80-I"},{"r":"17","t":"24:02:06","h":"Nord","s":"25N-H60N100F-81-F1"},{"r":"17","t":"24:02:06","h":"Nord","s":"25N-H60N200F-81-F2"},{"r":"17","t":"24:02:06","h":"Nord","s":"25N-H60N300F-82-F3"},{"r":"17","t":"24:02:06","h":"Nord","s":"25N-H60N400F-81-F4"},{"r":"17","t":"24:02:06","h":"Nord","s":"25N-H60NV10I-80-I"},{"r":"17","t":"24:02:06","h":"Nord","s":"25N-H60NV20I-80-I"},{"r":"17","t":"24:02:06","h":"Nord","s":"25S-H60S000I-80-I"},{"r":"17","t":"24:02:06","h":"Nord","s":"25S-H60S100F-82-F1"},{"r":"17","t":"24:02:06","h":"Nord","s":"25S-H60S200F-81-F2"},{"r":"17","t":"24:04:06","h":"Nord","s":"25N-H60N000S-80-S"},{"r":"17","t":"24:04:06","h":"Nord","s":"25N-H60N000S-98-S"},{"r":"17","t":"24:04:06","h":"Nord","s":"25N-H60NV10S-98-S"},{"r":"17","t":"24:04:06","h":"Nord","s":"25N-H60NV20S-98-S"},{"r":"17","t":"24:04:06","h":"Nord","s":"25S-H60S000S-80-S"},{"r":"17","t":"24:39:06","h":"Nord","s":"25N-H60N000A-80-A"},{"r":"17","t":"24:39:06","h":"Nord","s":"25N-H60NV10A-80-A"},{"r":"17","t":"24:39:06","h":"Nord","s":"25N-H60NV20A-80-A"},{"r":"17","t":"24:39:06","h":"Nord","s":"25S-H60S000A-80-A"},{"r":"17","t":"24:40:06","h":"Nord","s":"25N-H60N000S-80-S"},{"r":"17","t":"24:40:06","h":"Nord","s":"25N-H60N000S-98-S"},{"r":"17","t":"24:40:06","h":"Nord","s":"25N-H60NV10S-98-S"},{"r":"17","t":"24:40:06","h":"Nord","s":"25N-H60NV20S-98-S"},{"r":"17","t":"24:40:06","h":"Nord","s":"25S-H60S000S-80-S"},{"r":"17","t":"24:44:06","h":"Nord","s":"25N-H60N000I-80-I"},{"r":"17","t":"24:44:06","h":"Nord","s":"25N-H60N100F-81-F1"},{"r":"17","t":"24:44:06","h":"Nord","s":"25N-H60N200F-81-F2"},{"r":"17","t":"24:44:06","h":"Nord","s":"25N-H60N300F-82-F3"},{"r":"17","t":"24:44:06","h":"Nord","s":"25N-H60N400F-81-F4"},{"r":"17","t":"24:44:06","h":"Nord","s":"25N-H60NV10I-80-I"},{"r":"17","t":"24:44:06","h":"Nord","s":"25N-H60NV20I-80-I"},{"r":"17","t":"24:44:06","h":"Nord","s":"25S-H60S000I-80-I"},{"r":"17","t":"24:44:06","h":"Nord","s":"25S-H60S100F-82-F1"},{"r":"17","t":"24:44:06","h":"Nord","s":"25S-H60S200F-81-F2"},{"r":"371","t":"25:35:54","h":"Nord","s":"25N-H50N000A-80-A"},{"r":"371","t":"25:35:54","h":"Nord","s":"25N-H50N000A-90-A"},{"r":"371","t":"25:35:54","h":"Nord","s":"25N-H50N000I-80-I"},{"r":"371","t":"25:35:54","h":"Nord","s":"25N-H50N000I-90-I"},{"r":"371","t":"25:35:54","h":"Nord","s":"25N-H50N000S-80-S"},{"r":"371","t":"25:35:54","h":"Nord","s":"25N-H50N000S-90-S"},{"r":"371","t":"25:35:54","h":"Nord","s":"25N-H50N100F-90-F1"},{"r":"371","t":"25:35:54","h":"Nord","s":"25N-H50N200F-90-F2"},{"r":"371","t":"25:35:54","h":"Nord","s":"25N-H50N300F-90-F3"},{"r":"371","t":"25:35:54","h":"Nord","s":"25N-H50N400F-90-F4"},{"r":"371","t":"25:35:54","h":"Nord","s":"25N-H50NV10A-90-A"},{"r":"371","t":"25:35:54","h":"Nord","s":"25N-H50NV10I-90-I"},{"r":"371","t":"25:35:54","h":"Nord","s":"25N-H50NV10S-90-S"},{"r":"371","t":"25:35:54","h":"Nord","s":"25N-H50NV20A-90-A"},{"r":"371","t":"25:35:54","h":"Nord","s":"25N-H50NV20I-90-I"},{"r":"371","t":"25:35:54","h":"Nord","s":"25N-H50NV20S-90-S"},{"r":"371","t":"25:35:54","h":"Nord","s":"25S-H50S000A-81-A"},{"r":"371","t":"25:35:54","h":"Nord","s":"25S-H50S000I-81-I"},{"r":"371","t":"25:35:54","h":"Nord","s":"25S-H50S000S-81-S"},{"r":"371","t":"25:35:54","h":"Nord","s":"25S-H50S100F-80-F1"},{"r":"371","t":"25:35:54","h":"Nord","s":"25S-H50S200F-80-F2"},{"r":"371","t":"26:05:54","h":"Nord","s":"25N-H50N000I-80-I"},{"r":"371","t":"26:05:54","h":"Nord","s":"25N-H50N000I-90-I"},{"r":"371","t":"26:05:54","h":"Nord","s":"25N-H50N000S-80-S"},{"r":"371","t":"26:05:54","h":"Nord","s":"25N-H50N000S-90-S"},{"r":"371","t":"26:05:54","h":"Nord","s":"25N-H50N100F-90-F1"},{"r":"371","t":"26:05:54","h":"Nord","s":"25N-H50N200F-90-F2"},{"r":"371","t":"26:05:54","h":"Nord","s":"25N-H50N300F-90-F3"},{"r":"371","t":"26:05:54","h":"Nord","s":"25N-H50N400F-90-F4"},{"r":"371","t":"26:05:54","h":"Nord","s":"25N-H50NV10I-90-I"},{"r":"371","t":"26:05:54","h":"Nord","s":"25N-H50NV10S-90-S"},{"r":"371","t":"26:05:54","h":"Nord","s":"25N-H50NV20I-90-I"},{"r":"371","t":"26:05:54","h":"Nord","s":"25N-H50NV20S-90-S"},{"r":"371","t":"26:05:54","h":"Nord","s":"25S-H50S000I-81-I"},{"r":"371","t":"26:05:54","h":"Nord","s":"25S-H50S000S-81-S"},{"r":"371","t":"26:05:54","h":"Nord","s":"25S-H50S100F-80-F1"},{"r":"371","t":"26:05:54","h":"Nord","s":"25S-H50S200F-80-F2"},{"r":"371","t":"26:06:45","h":"Nord","s":"25N-H50N000A-80-A"},{"r":"371","t":"26:06:45","h":"Nord","s":"25N-H50N000A-90-A"},{"r":"371","t":"26:06:45","h":"Nord","s":"25N-H50NV10A-90-A"},{"r":"371","t":"26:06:45","h":"Nord","s":"25N-H50NV20A-90-A"},{"r":"371","t":"26:06:45","h":"Nord","s":"25S-H50S000A-81-A"},{"r":"371","t":"26:35:04","h":"Nord","s":"25N-H50N000A-80-A"},{"r":"371","t":"26:35:04","h":"Nord","s":"25N-H50N000A-90-A"},{"r":"371","t":"26:35:04","h":"Nord","s":"25N-H50NV10A-90-A"},{"r":"371","t":"26:35:04","h":"Nord","s":"25N-H50NV20A-90-A"},{"r":"371","t":"26:35:04","h":"Nord","s":"25S-H50S000A-81-A"},{"r":"371","t":"26:35:54","h":"Nord","s":"25N-H50N000I-80-I"},{"r":"371","t":"26:35:54","h":"Nord","s":"25N-H50N000I-90-I"},{"r":"371","t":"26:35:54","h":"Nord","s":"25N-H50N000S-80-S"},{"r":"371","t":"26:35:54","h":"Nord","s":"25N-H50N000S-90-S"},{"r":"371","t":"26:35:54","h":"Nord","s":"25N-H50N100F-90-F1"},{"r":"371","t":"26:35:54","h":"Nord","s":"25N-H50N200F-90-F2"},{"r":"371","t":"26:35:54","h":"Nord","s":"25N-H50N300F-90-F3"},{"r":"371","t":"26:35:54","h":"Nord","s":"25N-H50N400F-90-F4"},{"r":"371","t":"26:35:54","h":"Nord","s":"25N-H50NV10I-90-I"},{"r":"371","t":"26:35:54","h":"Nord","s":"25N-H50NV10S-90-S"},{"r":"371","t":"26:35:54","h":"Nord","s":"25N-H50NV20I-90-I"},{"r":"371","t":"26:35:54","h":"Nord","s":"25N-H50NV20S-90-S"},{"r":"371","t":"26:35:54","h":"Nord","s":"25S-H50S000I-81-I"},{"r":"371","t":"26:35:54","h":"Nord","s":"25S-H50S000S-81-S"},{"r":"371","t":"26:35:54","h":"Nord","s":"25S-H50S100F-80-F1"},{"r":"371","t":"26:35:54","h":"Nord","s":"25S-H50S200F-80-F2"},{"r":"371","t":"27:03:54","h":"Nord","s":"25N-H50N000S-80-S"},{"r":"371","t":"27:03:54","h":"Nord","s":"25N-H50N000S-90-S"},{"r":"371","t":"27:03:54","h":"Nord","s":"25N-H50NV10S-90-S"},{"r":"371","t":"27:03:54","h":"Nord","s":"25N-H50NV20S-90-S"},{"r":"371","t":"27:03:54","h":"Nord","s":"25S-H50S000S-81-S"},{"r":"371","t":"27:05:54","h":"Nord","s":"25N-H50N000A-80-A"},{"r":"371","t":"27:05:54","h":"Nord","s":"25N-H50N000A-90-A"},{"r":"371","t":"27:05:54","h":"Nord","s":"25N-H50N000I-80-I"},{"r":"371","t":"27:05:54","h":"Nord","s":"25N-H50N000I-90-I"},{"r":"371","t":"27:05:54","h":"Nord","s":"25N-H50N100F-90-F1"},{"r":"371","t":"27:05:54","h":"Nord","s":"25N-H50N200F-90-F2"},{"r":"371","t":"27:05:54","h":"Nord","s":"25N-H50N300F-90-F3"},{"r":"371","t":"27:05:54","h":"Nord","s":"25N-H50N400F-90-F4"},{"r":"371","t":"27:05:54","h":"Nord","s":"25N-H50NV10A-90-A"},{"r":"371","t":"27:05:54","h":"Nord","s":"25N-H50NV10I-90-I"},{"r":"371","t":"27:05:54","h":"Nord","s":"25N-H50NV20A-90-A"},{"r":"371","t":"27:05:54","h":"Nord","s":"25N-H50NV20I-90-I"},{"r":"371","t":"27:05:54","h":"Nord","s":"25S-H50S000A-81-A"},{"r":"371","t":"27:05:54","h":"Nord","s":"25S-H50S000I-81-I"},{"r":"371","t":"27:05:54","h":"Nord","s":"25S-H50S100F-80-F1"},{"r":"371","t":"27:05:54","h":"Nord","s":"25S-H50S200F-80-F2"},{"r":"371","t":"27:35:54","h":"Nord","s":"25N-H50N000A-80-A"},{"r":"371","t":"27:35:54","h":"Nord","s":"25N-H50N000A-90-A"},{"r":"371","t":"27:35:54","h":"Nord","s":"25N-H50N000I-80-I"},{"r":"371","t":"27:35:54","h":"Nord","s":"25N-H50N000I-90-I"},{"r":"371","t":"27:35:54","h":"Nord","s":"25N-H50N000S-80-S"},{"r":"371","t":"27:35:54","h":"Nord","s":"25N-H50N000S-90-S"},{"r":"371","t":"27:35:54","h":"Nord","s":"25N-H50N100F-90-F1"},{"r":"371","t":"27:35:54","h":"Nord","s":"25N-H50N200F-90-F2"},{"r":"371","t":"27:35:54","h":"Nord","s":"25N-H50N300F-90-F3"},{"r":"371","t":"27:35:54","h":"Nord","s":"25N-H50N400F-90-F4"},{"r":"371","t":"27:35:54","h":"Nord","s":"25N-H50NV10A-90-A"},{"r":"371","t":"27:35:54","h":"Nord","s":"25N-H50NV10I-90-I"},{"r":"371","t":"27:35:54","h":"Nord","s":"25N-H50NV10S-90-S"},{"r":"371","t":"27:35:54","h":"Nord","s":"25N-H50NV20A-90-A"},{"r":"371","t":"27:35:54","h":"Nord","s":"25N-H50NV20I-90-I"},{"r":"371","t":"27:35:54","h":"Nord","s":"25N-H50NV20S-90-S"},{"r":"371","t":"27:35:54","h":"Nord","s":"25S-H50S000A-81-A"},{"r":"371","t":"27:35:54","h":"Nord","s":"25S-H50S000I-81-I"},{"r":"371","t":"27:35:54","h":"Nord","s":"25S-H50S000S-81-S"},{"r":"371","t":"27:35:54","h":"Nord","s":"25S-H50S100F-80-F1"},{"r":"371","t":"27:35:54","h":"Nord","s":"25S-H50S200F-80-F2"},{"r":"371","t":"28:05:54","h":"Nord","s":"25N-H50N000A-80-A"},{"r":"371","t":"28:05:54","h":"Nord","s":"25N-H50N000A-90-A"},{"r":"371","t":"28:05:54","h":"Nord","s":"25N-H50N000I-80-I"},{"r":"371","t":"28:05:54","h":"Nord","s":"25N-H50N000I-90-I"},{"r":"371","t":"28:05:54","h":"Nord","s":"25N-H50N000S-80-S"},{"r":"371","t":"28:05:54","h":"Nord","s":"25N-H50N000S-90-S"},{"r":"371","t":"28:05:54","h":"Nord","s":"25N-H50N100F-90-F1"},{"r":"371","t":"28:05:54","h":"Nord","s":"25N-H50N200F-90-F2"},{"r":"371","t":"28:05:54","h":"Nord","s":"25N-H50N300F-90-F3"},{"r":"371","t":"28:05:54","h":"Nord","s":"25N-H50N400F-90-F4"},{"r":"371","t":"28:05:54","h":"Nord","s":"25N-H50NV10A-90-A"},{"r":"371","t":"28:05:54","h":"Nord","s":"25N-H50NV10I-90-I"},{"r":"371","t":"28:05:54","h":"Nord","s":"25N-H50NV10S-90-S"},{"r":"371","t":"28:05:54","h":"Nord","s":"25N-H50NV20A-90-A"},{"r":"371","t":"28:05:54","h":"Nord","s":"25N-H50NV20I-90-I"},{"r":"371","t":"28:05:54","h":"Nord","s":"25N-H50NV20S-90-S"},{"r":"371","t":"28:05:54","h":"Nord","s":"25S-H50S000A-81-A"},{"r":"371","t":"28:05:54","h":"Nord","s":"25S-H50S000I-81-I"},{"r":"371","t":"28:05:54","h":"Nord","s":"25S-H50S000S-81-S"},{"r":"371","t":"28:05:54","h":"Nord","s":"25S-H50S100F-80-F1"},{"r":"371","t":"28:05:54","h":"Nord","s":"25S-H50S200F-80-F2"},{"r":"371","t":"28:35:04","h":"Nord","s":"25N-H50N000A-80-A"},{"r":"371","t":"28:35:04","h":"Nord","s":"25N-H50N000A-90-A"},{"r":"371","t":"28:35:04","h":"Nord","s":"25N-H50NV10A-90-A"},{"r":"371","t":"28:35:04","h":"Nord","s":"25N-H50NV20A-90-A"},{"r":"371","t":"28:35:04","h":"Nord","s":"25S-H50S000A-81-A"},{"r":"371","t":"28:35:54","h":"Nord","s":"25N-H50N000I-80-I"},{"r":"371","t":"28:35:54","h":"Nord","s":"25N-H50N000I-90-I"},{"r":"371","t":"28:35:54","h":"Nord","s":"25N-H50N000S-80-S"},{"r":"371","t":"28:35:54","h":"Nord","s":"25N-H50N000S-90-S"},{"r":"371","t":"28:35:54","h":"Nord","s":"25N-H50N100F-90-F1"},{"r":"371","t":"28:35:54","h":"Nord","s":"25N-H50N200F-90-F2"},{"r":"371","t":"28:35:54","h":"Nord","s":"25N-H50N300F-90-F3"},{"r":"371","t":"28:35:54","h":"Nord","s":"25N-H50N400F-90-F4"},{"r":"371","t":"28:35:54","h":"Nord","s":"25N-H50NV10I-90-I"},{"r":"371","t":"28:35:54","h":"Nord","s":"25N-H50NV10S-90-S"},{"r":"371","t":"28:35:54","h":"Nord","s":"25N-H50NV20I-90-I"},{"r":"371","t":"28:35:54","h":"Nord","s":"25N-H50NV20S-90-S"},{"r":"371","t":"28:35:54","h":"Nord","s":"25S-H50S000I-81-I"},{"r":"371","t":"28:35:54","h":"Nord","s":"25S-H50S000S-81-S"},{"r":"371","t":"28:35:54","h":"Nord","s":"25S-H50S100F-80-F1"},{"r":"371","t":"28:35:54","h":"Nord","s":"25S-H50S200F-80-F2"}]