[{"r":"139","t":"05:13:47","h":"Nord","s":"25N-H59N000S-80-S"},{"r":"139","t":"05:13:47","h":"Nord","s":"25N-H59NV10S-84-S"},{"r":"139","t":"05:13:47","h":"Nord","s":"25N-H59NV20S-80-S"},{"r":"139","t":"05:13:47","h":"Nord","s":"25S-H59S000S-81-S"},{"r":"139","t":"05:21:06","h":"Nord","s":"25N-H58N000I-80-I"},{"r":"139","t":"05:21:06","h":"Nord","s":"25N-H58N100F-80-F1"},{"r":"139","t":"05:21:06","h":"Nord","s":"25N-H58N200F-80-F2"},{"r":"139","t":"05:21:06","h":"Nord","s":"25N-H58N300F-80-F3"},{"r":"139","t":"05:21:06","h":"Nord","s":"25N-H58N400F-80-F4"},{"r":"139","t":"05:21:06","h":"Nord","s":"25N-H58NV10I-80-I"},{"r":"139","t":"05:21:06","h":"Nord","s":"25N-H58NV20I-80-I"},{"r":"139","t":"05:21:06","h":"Nord","s":"25S-H58S000I-80-I"},{"r":"139","t":"05:21:06","h":"Nord","s":"25S-H58S100F-80-F1"},{"r":"139","t":"05:21:06","h":"Nord","s":"25S-H58S200F-80-F2"},{"r":"139","t":"05:22:47","h":"Nord","s":"25N-H58N000A-80-A"},{"r":"139","t":"05:22:47","h":"Nord","s":"25N-H58NV10A-80-A"},{"r":"139","t":"05:22:47","h":"Nord","s":"25N-H58NV20A-80-A"},{"r":"139","t":"05:22:47","h":"Nord","s":"25S-H58S000A-80-A"},{"r":"139","t":"05:43:47","h":"Nord","s":"25N-H58N000S-80-S"},{"r":"139","t":"05:43:47","h":"Nord","s":"25N-H58NV10S-80-S"},{"r":"139","t":"05:43:47","h":"Nord","s":"25N-H58NV20S-80-S"},{"r":"139","t":"05:43:47","h":"Nord","s":"25S-H58S000S-80-S"},{"r":"139","t":"05:49:47","h":"Nord","s":"25N-H58N000A-80-A"},{"r":"139","t":"05:49:47","h":"Nord","s":"25N-H58NV10A-80-A"},{"r":"139","t":"05:49:47","h":"Nord","s":"25N-H58NV20A-80-A"},{"r":"139","t":"05:49:47","h":"Nord","s":"25S-H58S000A-80-A"},{"r":"139","t":"05:51:06","h":"Nord","s":"25N-H58N000I-80-I"},{"r":"139","t":"05:51:06","h":"Nord","s":"25N-H58N100F-80-F1"},{"r":"139","t":"05:51:06","h":"Nord","s":"25N-H58N200F-80-F2"},{"r":"139","t":"05:51:06","h":"Nord","s":"25N-H58N300F-80-F3"},{"r":"139","t":"05:51:06","h":"Nord","s":"25N-H58N400F-80-F4"},{"r":"139","t":"05:51:06","h":"Nord","s":"25N-H58NV10I-80-I"},{"r":"139","t":"05:51:06","h":"Nord","s":"25N-H58NV20I-80-I"},{"r":"139","t":"05:51:06","h":"Nord","s":"25S-H58S000I-80-I"},{"r":"139","t":"05:51:06","h":"Nord","s":"25S-H58S100F-80-F1"},{"r":"139","t":"05:51:06","h":"Nord","s":"25S-H58S200F-80-F2"},{"r":"139","t":"06:15:51","h":"Nord","s":"25N-H58N000S-80-S"},{"r":"139","t":"06:15:51","h":"Nord","s":"25N-H58NV10S-80-S"},{"r":"139","t":"06:15:51","h":"Nord","s":"25N-H58NV20S-80-S"},{"r":"139","t":"06:15:51","h":"Nord","s":"25S-H58S000S-80-S"},{"r":"139","t":"06:17:47","h":"Nord","s":"25N-H58N000A-80-A"},{"r":"139","t":"06:17:47","h":"Nord","s":"25N-H58NV10A-80-A"},{"r":"139","t":"06:17:47","h":"Nord","s":"25N-H58NV20A-80-A"},{"r":"139","t":"06:17:47","h":"Nord","s":"25S-H58S000A-80-A"},{"r":"139","t":"06:19:47","h":"Nord","s":"25N-H58N000I-80-I"},{"r":"139","t":"06:19:47","h":"Nord","s":"25N-H58N100F-80-F1"},{"r":"139","t":"06:19:47","h":"Nord","s":"25N-H58N200F-80-F2"},{"r":"139","t":"06:19:47","h":"Nord","s":"25N-H58N300F-80-F3"},{"r":"139","t":"06:19:47","h":"Nord","s":"25N-H58N400F-80-F4"},{"r":"139","t":"06:19:47","h":"Nord","s":"25N-H58NV10I-80-I"},{"r":"139","t":"06:19:47","h":"Nord","s":"25N-H58NV20I-80-I"},{"r":"139","t":"06:19:47","h":"Nord","s":"25S-H58S000I-80-I"},{"r":"139","t":"06:19:47","h":"Nord","s":"25S-H58S100F-80-F1"},{"r":"139","t":"06:19:47","h":"Nord","s":"25S-H58S200F-80-F2"},{"r":"139","t":"06:41:47","h":"Nord","s":"25N-H58N000I-80-I"},{"r":"139","t":"06:41:47","h":"Nord","s":"25N-H58N100F-80-F1"},{"r":"139","t":"06:41:47","h":"Nord","s":"25N-H58N200F-80-F2"},{"r":"139","t":"06:41:47","h":"Nord","s":"25N-H58N300F-80-F3"},{"r":"139","t":"06:41:47","h":"Nord","s":"25N-H58N400F-80-F4"},{"r":"139","t":"06:41:47","h":"Nord","s":"25N-H58NV10I-80-I"},{"r":"139","t":"06:41:47","h":"Nord","s":"25N-H58NV20I-80-I"},{"r":"139","t":"06:41:47","h":"Nord","s":"25S-H58S000I-80-I"},{"r":"139","t":"06:41:47","h":"Nord","s":"25S-H58S100F-80-F1"},{"r":"139","t":"06:41:47","h":"Nord","s":"25S-H58S200F-80-F2"},{"r":"139","t":"06:44:51","h":"Nord","s":"25N-H58N000S-80-S"},{"r":"139","t":"06:44:51","h":"Nord","s":"25N-H58NV10S-80-S"},{"r":"139","t":"06:44:51","h":"Nord","s":"25N-H58NV20S-80-S"},{"r":"139","t":"06:44:51","h":"Nord","s":"25S-H58S000S-80-S"},{"r":"139","t":"06:45:10","h":"Nord","s":"25N-H58N000A-80-A"},{"r":"139","t":"06:45:10","h":"Nord","s":"25N-H58NV10A-80-A"},{"r":"139","t":"06:45:10","h":"Nord","s":"25N-H58NV20A-80-A"},{"r":"139","t":"06:45:10","h":"Nord","s":"25S-H58S000A-80-A"},{"r":"139","t":"07:03:47","h":"Nord","s":"25N-H58N000I-80-I"},{"r":"139","t":"07:03:47","h":"Nord","s":"25N-H58N100F-80-F1"},{"r":"139","t":"07:03:47","h":"Nord","s":"25N-H58N200F-80-F2"},{"r":"139","t":"07:03:47","h":"Nord","s":"25N-H58N300F-80-F3"},{"r":"139","t":"07:03:47","h":"Nord","s":"25N-H58N400F-80-F4"},{"r":"139","t":"07:03:47","h":"Nord","s":"25N-H58NV10I-80-I"},{"r":"139","t":"07:03:47","h":"Nord","s":"25N-H58NV20I-80-I"},{"r":"139","t":"07:03:47","h":"Nord","s":"25S-H58S000I-80-I"},{"r":"139","t":"07:03:47","h":"Nord","s":"25S-H58S100F-80-F1"},{"r":"139","t":"07:03:47","h":"Nord","s":"25S-H58S200F-80-F2"},{"r":"139","t":"07:05:10","h":"Nord","s":"25N-H58N000A-80-A"},{"r":"139","t":"07:05:10","h":"Nord","s":"25N-H58NV10A-80-A"},{"r":"139","t":"07:05:10","h":"Nord","s":"25N-H58NV20A-80-A"},{"r":"139","t":"07:05:10","h":"Nord","s":"25S-H58S000A-80-A"},{"r":"139","t":"07:16:51","h":"Nord","s":"25N-H58N000S-80-S"},{"r":"139","t":"07:16:51","h":"Nord","s":"25N-H58NV10S-80-S"},{"r":"139","t":"07:16:51","h":"Nord","s":"25N-H58NV20S-80-S"},{"r":"139","t":"07:16:51","h":"Nord","s":"25S-H58S000S-80-S"},{"r":"139","t":"07:22:10","h":"Nord","s":"25N-H58N000A-80-A"},{"r":"139","t":"07:22:10","h":"Nord","s":"25N-H58NV10A-80-A"},{"r":"139","t":"07:22:10","h":"Nord","s":"25N-H58NV20A-80-A"},{"r":"139","t":"07:22:10","h":"Nord","s":"25S-H58S000A-80-A"},{"r":"139","t":"07:26:47","h":"Nord","s":"25N-H58N000I-80-I"},{"r":"139","t":"07:26:47","h":"Nord","s":"25N-H58N100F-80-F1"},{"r":"139","t":"07:26:47","h":"Nord","s":"25N-H58N200F-80-F2"},{"r":"139","t":"07:26:47","h":"Nord","s":"25N-H58N300F-80-F3"},{"r":"139","t":"07:26:47","h":"Nord","s":"25N-H58N400F-80-F4"},{"r":"139","t":"07:26:47","h":"Nord","s":"25N-H58NV10I-80-I"},{"r":"139","t":"07:26:47","h":"Nord","s":"25N-H58NV20I-80-I"},{"r":"139","t":"07:26:47","h":"Nord","s":"25S-H58S000I-80-I"},{"r":"139","t":"07:26:47","h":"Nord","s":"25S-H58S100F-80-F1"},{"r":"139","t":"07:26:47","h":"Nord","s":"25S-H58S200F-80-F2"},{"r":"139","t":"07:41:10","h":"Nord","s":"25N-H58N000A-80-A"},{"r":"139","t":"07:41:10","h":"Nord","s":"25N-H58NV10A-80-A"},{"r":"139","t":"07:41:10","h":"Nord","s":"25N-H58NV20A-80-A"},{"r":"139","t":"07:41:10","h":"Nord","s":"25S-H58S000A-80-A"},{"r":"139","t":"07:46:51","h":"Nord","s":"25N-H58N000S-80-S"},{"r":"139","t":"07:46:51","h":"Nord","s":"25N-H58NV10S-80-S"},{"r":"139","t":"07:46:51","h":"Nord","s":"25N-H58NV20S-80-S"},{"r":"139","t":"07:46:51","h":"Nord","s":"25S-H58S000S-80-S"},{"r":"139","t":"07:47:47","h":"Nord","s":"25N-H58N000I-80-I"},{"r":"139","t":"07:47:47","h":"Nord","s":"25N-H58N100F-80-F1"},{"r":"139","t":"07:47:47","h":"Nord","s":"25N-H58N200F-80-F2"},{"r":"139","t":"07:47:47","h":"Nord","s":"25N-H58N300F-80-F3"},{"r":"139","t":"07:47:47","h":"Nord","s":"25N-H58N400F-80-F4"},{"r":"139","t":"07:47:47","h":"Nord","s":"25N-H58NV10I-80-I"},{"r":"139","t":"07:47:47","h":"Nord","s":"25N-H58NV20I-80-I"},{"r":"139","t":"07:47:47","h":"Nord","s":"25S-H58S000I-80-I"},{"r":"139","t":"07:47:47","h":"Nord","s":"25S-H58S100F-80-F1"},{"r":"139","t":"07:47:47","h":"Nord","s":"25S-H58S200F-80-F2"},{"r":"139","t":"07:58:10","h":"Nord","s":"25N-H58N000A-80-A"},{"r":"139","t":"07:58:10","h":"Nord","s":"25N-H58NV10A-80-A"},{"r":"139","t":"07:58:10","h":"Nord","s":"25N-H58NV20A-80-A"},{"r":"139","t":"07:58:10","h":"Nord","s":"25S-H58S000A-80-A"},{"r":"139","t":"08:11:47","h":"Nord","s":"25N-H58N000I-80-I"},{"r":"139","t":"08:11:47","h":"Nord","s":"25N-H58N100F-80-F1"},{"r":"139","t":"08:11:47","h":"Nord","s":"25N-H58N200F-80-F2"},{"r":"139","t":"08:11:47","h":"Nord","s":"25N-H58N300F-80-F3"},{"r":"139","t":"08:11:47","h":"Nord","s":"25N-H58N400F-80-F4"},{"r":"139","t":"08:11:47","h":"Nord","s":"25N-H58NV10I-80-I"},{"r":"139","t":"08:11:47","h":"Nord","s":"25N-H58NV20I-80-I"},{"r":"139","t":"08:11:47","h":"Nord","s":"25S-H58S000I-80-I"},{"r":"139","t":"08:11:47","h":"Nord","s":"25S-H58S100F-80-F1"},{"r":"139","t":"08:11:47","h":"Nord","s":"25S-H58S200F-80-F2"},{"r":"139","t":"08:15:10","h":"Nord","s":"25N-H58N000A-80-A"},{"r":"139","t":"08:15:10","h":"Nord","s":"25N-H58NV10A-80-A"},{"r":"139","t":"08:15:10","h":"Nord","s":"25N-H58NV20A-80-A"},{"r":"139","t":"08:15:10","h":"Nord","s":"25S-H58S000A-80-A"},{"r":"139","t":"08:17:51","h":"Nord","s":"25N-H58N000S-80-S"},{"r":"139","t":"08:17:51","h":"Nord","s":"25N-H58NV10S-80-S"},{"r":"139","t":"08:17:51","h":"Nord","s":"25N-H58NV20S-80-S"},{"r":"139","t":"08:17:51","h":"Nord","s":"25S-H58S000S-80-S"},{"r":"139","t":"08:35:47","h":"Nord","s":"25N-H58N000I-80-I"},{"r":"139","t":"08:35:47","h":"Nord","s":"25N-H58N100F-80-F1"},{"r":"139","t":"08:35:47","h":"Nord","s":"25N-H58N200F-80-F2"},{"r":"139","t":"08:35:47","h":"Nord","s":"25N-H58N300F-80-F3"},{"r":"139","t":"08:35:47","h":"Nord","s":"25N-H58N400F-80-F4"},{"r":"139","t":"08:35:47","h":"Nord","s":"25N-H58NV10I-80-I"},{"r":"139","t":"08:35:47","h":"Nord","s":"25N-H58NV20I-80-I"},{"r":"139","t":"08:35:47","h":"Nord","s":"25S-H58S000I-80-I"},{"r":"139","t":"08:35:47","h":"Nord","s":"25S-H58S100F-80-F1"},{"r":"139","t":"08:35:47","h":"Nord","s":"25S-H58S200F-80-F2"},{"r":"139","t":"08:38:10","h":"Nord","s":"25N-H58N000A-80-A"},{"r":"139","t":"08:38:10","h":"Nord","s":"25N-H58NV10A-80-A"},{"r":"139","t":"08:38:10","h":"Nord","s":"25N-H58NV20A-80-A"},{"r":"139","t":"08:38:10","h":"Nord","s":"25S-H58S000A-80-A"},{"r":"139","t":"08:47:51","h":"Nord","s":"25N-H58N000S-80-S"},{"r":"139","t":"08:47:51","h":"Nord","s":"25N-H58NV10S-80-S"},{"r":"139","t":"08:47:51","h":"Nord","s":"25N-H58NV20S-80-S"},{"r":"139","t":"08:47:51","h":"Nord","s":"25S-H58S000S-80-S"},{"r":"139","t":"09:05:47","h":"Nord","s":"25N-H58N000I-80-I"},{"r":"139","t":"09:05:47","h":"Nord","s":"25N-H58N100F-80-F1"},{"r":"139","t":"09:05:47","h":"Nord","s":"25N-H58N200F-80-F2"},{"r":"139","t":"09:05:47","h":"Nord","s":"25N-H58N300F-80-F3"},{"r":"139","t":"09:05:47","h":"Nord","s":"25N-H58N400F-80-F4"},{"r":"139","t":"09:05:47","h":"Nord","s":"25N-H58NV10I-80-I"},{"r":"139","t":"09:05:47","h":"Nord","s":"25N-H58NV20I-80-I"},{"r":"139","t":"09:05:47","h":"Nord","s":"25S-H58S000I-80-I"},{"r":"139","t":"09:05:47","h":"Nord","s":"25S-H58S100F-80-F1"},{"r":"139","t":"09:05:47","h":"Nord","s":"25S-H58S200F-80-F2"},{"r":"139","t":"09:09:10","h":"Nord","s":"25N-H58N000A-80-A"},{"r":"139","t":"09:09:10","h":"Nord","s":"25N-H58NV10A-80-A"},{"r":"139","t":"09:09:10","h":"Nord","s":"25N-H58NV20A-80-A"},{"r":"139","t":"09:09:10","h":"Nord","s":"25S-H58S000A-80-A"},{"r":"139","t":"09:18:51","h":"Nord","s":"25N-H58N000S-80-S"},{"r":"139","t":"09:18:51","h":"Nord","s":"25N-H58NV10S-80-S"},{"r":"139","t":"09:18:51","h":"Nord","s":"25N-H58NV20S-80-S"},{"r":"139","t":"09:18:51","h":"Nord","s":"25S-H58S000S-80-S"},{"r":"139","t":"09:37:29","h":"Nord","s":"25N-H58N000I-80-I"},{"r":"139","t":"09:37:29","h":"Nord","s":"25N-H58N100F-80-F1"},{"r":"139","t":"09:37:29","h":"Nord","s":"25N-H58N200F-80-F2"},{"r":"139","t":"09:37:29","h":"Nord","s":"25N-H58N300F-80-F3"},{"r":"139","t":"09:37:29","h":"Nord","s":"25N-H58N400F-80-F4"},{"r":"139","t":"09:37:29","h":"Nord","s":"25N-H58NV10I-80-I"},{"r":"139","t":"09:37:29","h":"Nord","s":"25N-H58NV20I-80-I"},{"r":"139","t":"09:37:29","h":"Nord","s":"25S-H58S000I-80-I"},{"r":"139","t":"09:37:29","h":"Nord","s":"25S-H58S100F-80-F1"},{"r":"139","t":"09:37:29","h":"Nord","s":"25S-H58S200F-80-F2"},{"r":"139","t":"09:38:10","h":"Nord","s":"25N-H58N000A-80-A"},{"r":"139","t":"09:38:10","h":"Nord","s":"25N-H58NV10A-80-A"},{"r":"139","t":"09:38:10","h":"Nord","s":"25N-H58NV20A-80-A"},{"r":"139","t":"09:38:10","h":"Nord","s":"25S-H58S000A-80-A"},{"r":"139","t":"09:49:51","h":"Nord","s":"25N-H58N000S-80-S"},{"r":"139","t":"09:49:51","h":"Nord","s":"25N-H58NV10S-80-S"},{"r":"139","t":"09:49:51","h":"Nord","s":"25N-H58NV20S-80-S"},{"r":"139","t":"09:49:51","h":"Nord","s":"25S-H58S000S-80-S"},{"r":"139","t":"10:07:29","h":"Nord","s":"25N-H58N000I-80-I"},{"r":"139","t":"10:07:29","h":"Nord","s":"25N-H58N100F-80-F1"},{"r":"139","t":"10:07:29","h":"Nord","s":"25N-H58N200F-80-F2"},{"r":"139","t":"10:07:29","h":"Nord","s":"25N-H58N300F-80-F3"},{"r":"139","t":"10:07:29","h":"Nord","s":"25N-H58N400F-80-F4"},{"r":"139","t":"10:07:29","h":"Nord","s":"25N-H58NV10I-80-I"},{"r":"139","t":"10:07:29","h":"Nord","s":"25N-H58NV20I-80-I"},{"r":"139","t":"10:07:29","h":"Nord","s":"25S-H58S000I-80-I"},{"r":"139","t":"10:07:29","h":"Nord","s":"25S-H58S100F-80-F1"},{"r":"139","t":"10:07:29","h":"Nord","s":"25S-H58S200F-80-F2"},{"r":"139","t":"10:08:10","h":"Nord","s":"25N-H58N000A-80-A"},{"r":"139","t":"10:08:10","h":"Nord","s":"25N-H58NV10A-80-A"},{"r":"139","t":"10:08:10","h":"Nord","s":"25N-H58NV20A-80-A"},{"r":"139","t":"10:08:10","h":"Nord","s":"25S-H58S000A-80-A"},{"r":"139","t":"10:20:51","h":"Nord","s":"25N-H58N000S-80-S"},{"r":"139","t":"10:20:51","h":"Nord","s":"25N-H58NV10S-80-S"},{"r":"139","t":"10:20:51","h":"Nord","s":"25N-H58NV20S-80-S"},{"r":"139","t":"10:20:51","h":"Nord","s":"25S-H58S000S-80-S"},{"r":"139","t":"10:36:29","h":"Nord","s":"25N-H58N000I-80-I"},{"r":"139","t":"10:36:29","h":"Nord","s":"25N-H58N100F-80-F1"},{"r":"139","t":"10:36:29","h":"Nord","s":"25N-H58N200F-80-F2"},{"r":"139","t":"10:36:29","h":"Nord","s":"25N-H58N300F-80-F3"},{"r":"139","t":"10:36:29","h":"Nord","s":"25N-H58N400F-80-F4"},{"r":"139","t":"10:36:29","h":"Nord","s":"25N-H58NV10I-80-I"},{"r":"139","t":"10:36:29","h":"Nord","s":"25N-H58NV20I-80-I"},{"r":"139","t":"10:36:29","h":"Nord","s":"25S-H58S000I-80-I"},{"r":"139","t":"10:36:29","h":"Nord","s":"25S-H58S100F-80-F1"},{"r":"139","t":"10:36:29","h":"Nord","s":"25S-H58S200F-80-F2"},{"r":"139","t":"10:37:10","h":"Nord","s":"25N-H58N000A-80-A"},{"r":"139","t":"10:37:10","h":"Nord","s":"25N-H58NV10A-80-A"},{"r":"139","t":"10:37:10","h":"Nord","s":"25N-H58NV20A-80-A"},{"r":"139","t":"10:37:10","h":"Nord","s":"25S-H58S000A-80-A"},{"r":"139","t":"10:49:51","h":"Nord","s":"25N-H58N000S-80-S"},{"r":"139","t":"10:49:51","h":"Nord","s":"25N-H58NV10S-80-S"},{"r":"139","t":"10:49:51","h":"Nord","s":"25N-H58NV20S-80-S"},{"r":"139","t":"10:49:51","h":"Nord","s":"25S-H58S000S-80-S"},{"r":"139","t":"11:07:10","h":"Nord","s":"25N-H58N000A-80-A"},{"r":"139","t":"11:07:10","h":"Nord","s":"25N-H58N000I-80-I"},{"r":"139","t":"11:07:10","h":"Nord","s":"25N-H58N100F-80-F1"},{"r":"139","t":"11:07:10","h":"Nord","s":"25N-H58N200F-80-F2"},{"r":"139","t":"11:07:10","h":"Nord","s":"25N-H58N300F-80-F3"},{"r":"139","t":"11:07:10","h":"Nord","s":"25N-H58N400F-80-F4"},{"r":"139","t":"11:07:10","h":"Nord","s":"25N-H58NV10A-80-A"},{"r":"139","t":"11:07:10","h":"Nord","s":"25N-H58NV10I-80-I"},{"r":"139","t":"11:07:10","h":"Nord","s":"25N-H58NV20A-80-A"},{"r":"139","t":"11:07:10","h":"Nord","s":"25N-H58NV20I-80-I"},{"r":"139","t":"11:07:10","h":"Nord","s":"25S-H58S000A-80-A"},{"r":"139","t":"11:07:10","h":"Nord","s":"25S-H58S000I-80-I"},{"r":"139","t":"11:07:10","h":"Nord","s":"25S-H58S100F-80-F1"},{"r":"139","t":"11:07:10","h":"Nord","s":"25S-H58S200F-80-F2"},{"r":"139","t":"11:18:51","h":"Nord","s":"25N-H58N000S-80-S"},{"r":"139","t":"11:18:51","h":"Nord","s":"25N-H58NV10S-80-S"},{"r":"139","t":"11:18:51","h":"Nord","s":"25N-H58NV20S-80-S"},{"r":"139","t":"11:18:51","h":"Nord","s":"25S-H58S000S-80-S"},{"r":"139","t":"11:36:10","h":"Nord","s":"25N-H58N000I-80-I"},{"r":"139","t":"11:36:10","h":"Nord","s":"25N-H58N100F-80-F1"},{"r":"139","t":"11:36:10","h":"Nord","s":"25N-H58N200F-80-F2"},{"r":"139","t":"11:36:10","h":"Nord","s":"25N-H58N300F-80-F3"},{"r":"139","t":"11:36:10","h":"Nord","s":"25N-H58N400F-80-F4"},{"r":"139","t":"11:36:10","h":"Nord","s":"25N-H58NV10I-80-I"},{"r":"139","t":"11:36:10","h":"Nord","s":"25N-H58NV20I-80-I"},{"r":"139","t":"11:36:10","h":"Nord","s":"25S-H58S000I-80-I"},{"r":"139","t":"11:36:10","h":"Nord","s":"25S-H58S100F-80-F1"},{"r":"139","t":"11:36:10","h":"Nord","s":"25S-H58S200F-80-F2"},{"r":"139","t":"11:37:10","h":"Nord","s":"25N-H58N000A-80-A"},{"r":"139","t":"11:37:10","h":"Nord","s":"25N-H58NV10A-80-A"},{"r":"139","t":"11:37:10","h":"Nord","s":"25N-H58NV20A-80-A"},{"r":"139","t":"11:37:10","h":"Nord","s":"25S-H58S000A-80-A"},{"r":"139","t":"11:47:51","h":"Nord","s":"25N-H58N000S-80-S"},{"r":"139","t":"11:47:51","h":"Nord","s":"25N-H58NV10S-80-S"},{"r":"139","t":"11:47:51","h":"Nord","s":"25N-H58NV20S-80-S"},{"r":"139","t":"11:47:51","h":"Nord","s":"25S-H58S000S-80-S"},{"r":"139","t":"12:07:10","h":"Nord","s":"25N-H58N000I-80-I"},{"r":"139","t":"12:07:10","h":"Nord","s":"25N-H58N100F-80-F1"},{"r":"139","t":"12:07:10","h":"Nord","s":"25N-H58N200F-80-F2"},{"r":"139","t":"12:07:10","h":"Nord","s":"25N-H58N300F-80-F3"},{"r":"139","t":"12:07:10","h":"Nord","s":"25N-H58N400F-80-F4"},{"r":"139","t":"12:07:10","h":"Nord","s":"25N-H58NV10I-80-I"},{"r":"139","t":"12:07:10","h":"Nord","s":"25N-H58NV20I-80-I"},{"r":"139","t":"12:07:10","h":"Nord","s":"25S-H58S000I-80-I"},{"r":"139","t":"12:07:10","h":"Nord","s":"25S-H58S100F-80-F1"},{"r":"139","t":"12:07:10","h":"Nord","s":"25S-H58S200F-80-F2"},{"r":"139","t":"12:07:51","h":"Nord","s":"25N-H58N000A-80-A"},{"r":"139","t":"12:07:51","h":"Nord","s":"25N-H58NV10A-80-A"},{"r":"139","t":"12:07:51","h":"Nord","s":"25N-H58NV20A-80-A"},{"r":"139","t":"12:07:51","h":"Nord","s":"25S-H58S000A-80-A"},{"r":"139","t":"12:16:51","h":"Nord","s":"25N-H58N000S-80-S"},{"r":"139","t":"12:16:51","h":"Nord","s":"25N-H58NV10S-80-S"},{"r":"139","t":"12:16:51","h":"Nord","s":"25N-H58NV20S-80-S"},{"r":"139","t":"12:16:51","h":"Nord","s":"25S-H58S000S-80-S"},{"r":"139","t":"12:37:10","h":"Nord","s":"25N-H58N000I-80-I"},{"r":"139","t":"12:37:10","h":"Nord","s":"25N-H58N100F-80-F1"},{"r":"139","t":"12:37:10","h":"Nord","s":"25N-H58N200F-80-F2"},{"r":"139","t":"12:37:10","h":"Nord","s":"25N-H58N300F-80-F3"},{"r":"139","t":"12:37:10","h":"Nord","s":"25N-H58N400F-80-F4"},{"r":"139","t":"12:37:10","h":"Nord","s":"25N-H58NV10I-80-I"},{"r":"139","t":"12:37:10","h":"Nord","s":"25N-H58NV20I-80-I"},{"r":"139","t":"12:37:10","h":"Nord","s":"25S-H58S000I-80-I"},{"r":"139","t":"12:37:10","h":"Nord","s":"25S-H58S100F-80-F1"},{"r":"139","t":"12:37:10","h":"Nord","s":"25S-H58S200F-80-F2"},{"r":"139","t":"12:37:51","h":"Nord","s":"25N-H58N000A-80-A"},{"r":"139","t":"12:37:51","h":"Nord","s":"25N-H58NV10A-80-A"},{"r":"139","t":"12:37:51","h":"Nord","s":"25N-H58NV20A-80-A"},{"r":"139","t":"12:37:51","h":"Nord","s":"25S-H58S000A-80-A"},{"r":"139","t":"12:46:51","h":"Nord","s":"25N-H58N000S-80-S"},{"r":"139","t":"12:46:51","h":"Nord","s":"25N-H58NV10S-80-S"},{"r":"139","t":"12:46:51","h":"Nord","s":"25N-H58NV20S-80-S"},{"r":"139","t":"12:46:51","h":"Nord","s":"25S-H58S000S-80-S"},{"r":"139","t":"13:09:10","h":"Nord","s":"25N-H58N000I-80-I"},{"r":"139","t":"13:09:10","h":"Nord","s":"25N-H58N100F-80-F1"},{"r":"139","t":"13:09:10","h":"Nord","s":"25N-H58N200F-80-F2"},{"r":"139","t":"13:09:10","h":"Nord","s":"25N-H58N300F-80-F3"},{"r":"139","t":"13:09:10","h":"Nord","s":"25N-H58N400F-80-F4"},{"r":"139","t":"13:09:10","h":"Nord","s":"25N-H58NV10I-80-I"},{"r":"139","t":"13:09:10","h":"Nord","s":"25N-H58NV20I-80-I"},{"r":"139","t":"13:09:10","h":"Nord","s":"25S-H58S000I-80-I"},{"r":"139","t":"13:09:10","h":"Nord","s":"25S-H58S100F-80-F1"},{"r":"139","t":"13:09:10","h":"Nord","s":"25S-H58S200F-80-F2"},{"r":"139","t":"13:09:51","h":"Nord","s":"25N-H58N000A-80-A"},{"r":"139","t":"13:09:51","h":"Nord","s":"25N-H58NV10A-80-A"},{"r":"139","t":"13:09:51","h":"Nord","s":"25N-H58NV20A-80-A"},{"r":"139","t":"13:09:51","h":"Nord","s":"25S-H58S000A-80-A"},{"r":"139","t":"13:16:51","h":"Nord","s":"25N-H58N000S-80-S"},{"r":"139","t":"13:16:51","h":"Nord","s":"25N-H58NV10S-80-S"},{"r":"139","t":"13:16:51","h":"Nord","s":"25N-H58NV20S-80-S"},{"r":"139","t":"13:16:51","h":"Nord","s":"25S-H58S000S-80-S"},{"r":"139","t":"13:37:10","h":"Nord","s":"25N-H58N000I-80-I"},{"r":"139","t":"13:37:10","h":"Nord","s":"25N-H58N100F-80-F1"},{"r":"139","t":"13:37:10","h":"Nord","s":"25N-H58N200F-80-F2"},{"r":"139","t":"13:37:10","h":"Nord","s":"25N-H58N300F-80-F3"},{"r":"139","t":"13:37:10","h":"Nord","s":"25N-H58N400F-80-F4"},{"r":"139","t":"13:37:10","h":"Nord","s":"25N-H58NV10I-80-I"},{"r":"139","t":"13:37:10","h":"Nord","s":"25N-H58NV20I-80-I"},{"r":"139","t":"13:37:10","h":"Nord","s":"25S-H58S000I-80-I"},{"r":"139","t":"13:37:10","h":"Nord","s":"25S-H58S100F-80-F1"},{"r":"139","t":"13:37:10","h":"Nord","s":"25S-H58S200F-80-F2"},{"r":"139","t":"13:38:51","h":"Nord","s":"25N-H58N000A-80-A"},{"r":"139","t":"13:38:51","h":"Nord","s":"25N-H58NV10A-80-A"},{"r":"139","t":"13:38:51","h":"Nord","s":"25N-H58NV20A-80-A"},{"r":"139","t":"13:38:51","h":"Nord","s":"25S-H58S000A-80-A"},{"r":"139","t":"13:47:51","h":"Nord","s":"25N-H58N000S-80-S"},{"r":"139","t":"13:47:51","h":"Nord","s":"25N-H58NV10S-80-S"},{"r":"139","t":"13:47:51","h":"Nord","s":"25N-H58NV20S-80-S"},{"r":"139","t":"13:47:51","h":"Nord","s":"25S-H58S000S-80-S"},{"r":"139","t":"14:06:51","h":"Nord","s":"25N-H58N000I-80-I"},{"r":"139","t":"14:06:51","h":"Nord","s":"25N-H58N100F-80-F1"},{"r":"139","t":"14:06:51","h":"Nord","s":"25N-H58N200F-80-F2"},{"r":"139","t":"14:06:51","h":"Nord","s":"25N-H58N300F-80-F3"},{"r":"139","t":"14:06:51","h":"Nord","s":"25N-H58N400F-80-F4"},{"r":"139","t":"14:06:51","h":"Nord","s":"25N-H58NV10I-80-I"},{"r":"139","t":"14:06:51","h":"Nord","s":"25N-H58NV20I-80-I"},{"r":"139","t":"14:06:51","h":"Nord","s":"25S-H58S000I-80-I"},{"r":"139","t":"14:06:51","h":"Nord","s":"25S-H58S100F-80-F1"},{"r":"139","t":"14:06:51","h":"Nord","s":"25S-H58S200F-80-F2"},{"r":"139","t":"14:07:51","h":"Nord","s":"25N-H58N000A-80-A"},{"r":"139","t":"14:07:51","h":"Nord","s":"25N-H58NV10A-80-A"},{"r":"139","t":"14:07:51","h":"Nord","s":"25N-H58NV20A-80-A"},{"r":"139","t":"14:07:51","h":"Nord","s":"25S-H58S000A-80-A"},{"r":"139","t":"14:17:51","h":"Nord","s":"25N-H58N000S-80-S"},{"r":"139","t":"14:17:51","h":"Nord","s":"25N-H58NV10S-80-S"},{"r":"139","t":"14:17:51","h":"Nord","s":"25N-H58NV20S-80-S"},{"r":"139","t":"14:17:51","h":"Nord","s":"25S-H58S000S-80-S"},{"r":"139","t":"14:35:51","h":"Nord","s":"25N-H58N000A-80-A"},{"r":"139","t":"14:35:51","h":"Nord","s":"25N-H58NV10A-80-A"},{"r":"139","t":"14:35:51","h":"Nord","s":"25N-H58NV20A-80-A"},{"r":"139","t":"14:35:51","h":"Nord","s":"25S-H58S000A-80-A"},{"r":"139","t":"14:36:51","h":"Nord","s":"25N-H58N000I-80-I"},{"r":"139","t":"14:36:51","h":"Nord","s":"25N-H58N100F-80-F1"},{"r":"139","t":"14:36:51","h":"Nord","s":"25N-H58N200F-80-F2"},{"r":"139","t":"14:36:51","h":"Nord","s":"25N-H58N300F-80-F3"},{"r":"139","t":"14:36:51","h":"Nord","s":"25N-H58N400F-80-F4"},{"r":"139","t":"14:36:51","h":"Nord","s":"25N-H58NV10I-80-I"},{"r":"139","t":"14:36:51","h":"Nord","s":"25N-H58NV20I-80-I"},{"r":"139","t":"14:36:51","h":"Nord","s":"25S-H58S000I-80-I"},{"r":"139","t":"14:36:51","h":"Nord","s":"25S-H58S100F-80-F1"},{"r":"139","t":"14:36:51","h":"Nord","s":"25S-H58S200F-80-F2"},{"r":"139","t":"14:47:51","h":"Nord","s":"25N-H58N000S-80-S"},{"r":"139","t":"14:47:51","h":"Nord","s":"25N-H58NV10S-80-S"},{"r":"139","t":"14:47:51","h":"Nord","s":"25N-H58NV20S-80-S"},{"r":"139","t":"14:47:51","h":"Nord","s":"25S-H58S000S-80-S"},{"r":"139","t":"15:07:51","h":"Nord","s":"25N-H58N000A-80-A"},{"r":"139","t":"15:07:51","h":"Nord","s":"25N-H58N000I-80-I"},{"r":"139","t":"15:07:51","h":"Nord","s":"25N-H58N100F-80-F1"},{"r":"139","t":"15:07:51","h":"Nord","s":"25N-H58N200F-80-F2"},{"r":"139","t":"15:07:51","h":"Nord","s":"25N-H58N300F-80-F3"},{"r":"139","t":"15:07:51","h":"Nord","s":"25N-H58N400F-80-F4"},{"r":"139","t":"15:07:51","h":"Nord","s":"25N-H58NV10A-80-A"},{"r":"139","t":"15:07:51","h":"Nord","s":"25N-H58NV10I-80-I"},{"r":"139","t":"15:07:51","h":"Nord","s":"25N-H58NV20A-80-A"},{"r":"139","t":"15:07:51","h":"Nord","s":"25N-H58NV20I-80-I"},{"r":"139","t":"15:07:51","h":"Nord","s":"25S-H58S000A-80-A"},{"r":"139","t":"15:07:51","h":"Nord","s":"25S-H58S000I-80-I"},{"r":"139","t":"15:07:51","h":"Nord","s":"25S-H58S100F-80-F1"},{"r":"139","t":"15:07:51","h":"Nord","s":"25S-H58S200F-80-F2"},{"r":"139","t":"15:18:32","h":"Nord","s":"25N-H58N000S-80-S"},{"r":"139","t":"15:18:32","h":"Nord","s":"25N-H58NV10S-80-S"},{"r":"139","t":"15:18:32","h":"Nord","s":"25N-H58NV20S-80-S"},{"r":"139","t":"15:18:32","h":"Nord","s":"25S-H58S000S-80-S"},{"r":"139","t":"15:36:10","h":"Nord","s":"25N-H58N000I-80-I"},{"r":"139","t":"15:36:10","h":"Nord","s":"25N-H58N100F-80-F1"},{"r":"139","t":"15:36:10","h":"Nord","s":"25N-H58N200F-80-F2"},{"r":"139","t":"15:36:10","h":"Nord","s":"25N-H58N300F-80-F3"},{"r":"139","t":"15:36:10","h":"Nord","s":"25N-H58N400F-80-F4"},{"r":"139","t":"15:36:10","h":"Nord","s":"25N-H58NV10I-80-I"},{"r":"139","t":"15:36:10","h":"Nord","s":"25N-H58NV20I-80-I"},{"r":"139","t":"15:36:10","h":"Nord","s":"25S-H58S000I-80-I"},{"r":"139","t":"15:36:10","h":"Nord","s":"25S-H58S100F-80-F1"},{"r":"139","t":"15:36:10","h":"Nord","s":"25S-H58S200F-80-F2"},{"r":"139","t":"15:37:51","h":"Nord","s":"25N-H58N000A-80-A"},{"r":"139","t":"15:37:51","h":"Nord","s":"25N-H58NV10A-80-A"},{"r":"139","t":"15:37:51","h":"Nord","s":"25N-H58NV20A-80-A"},{"r":"139","t":"15:37:51","h":"Nord","s":"25S-H58S000A-80-A"},{"r":"139","t":"15:49:32","h":"Nord","s":"25N-H58N000S-80-S"},{"r":"139","t":"15:49:32","h":"Nord","s":"25N-H58NV10S-80-S"},{"r":"139","t":"15:49:32","h":"Nord","s":"25N-H58NV20S-80-S"},{"r":"139","t":"15:49:32","h":"Nord","s":"25S-H58S000S-80-S"},{"r":"139","t":"16:06:10","h":"Nord","s":"25N-H58N000I-80-I"},{"r":"139","t":"16:06:10","h":"Nord","s":"25N-H58N100F-80-F1"},{"r":"139","t":"16:06:10","h":"Nord","s":"25N-H58N200F-80-F2"},{"r":"139","t":"16:06:10","h":"Nord","s":"25N-H58N300F-80-F3"},{"r":"139","t":"16:06:10","h":"Nord","s":"25N-H58N400F-80-F4"},{"r":"139","t":"16:06:10","h":"Nord","s":"25N-H58NV10I-80-I"},{"r":"139","t":"16:06:10","h":"Nord","s":"25N-H58NV20I-80-I"},{"r":"139","t":"16:06:10","h":"Nord","s":"25S-H58S000I-80-I"},{"r":"139","t":"16:06:10","h":"Nord","s":"25S-H58S100F-80-F1"},{"r":"139","t":"16:06:10","h":"Nord","s":"25S-H58S200F-80-F2"},{"r":"139","t":"16:06:51","h":"Nord","s":"25N-H58N000A-80-A"},{"r":"139","t":"16:06:51","h":"Nord","s":"25N-H58NV10A-80-A"},{"r":"139","t":"16:06:51","h":"Nord","s":"25N-H58NV20A-80-A"},{"r":"139","t":"16:06:51","h":"Nord","s":"25S-H58S000A-80-A"},{"r":"139","t":"16:20:32","h":"Nord","s":"25N-H58N000S-80-S"},{"r":"139","t":"16:20:32","h":"Nord","s":"25N-H58NV10S-80-S"},{"r":"139","t":"16:20:32","h":"Nord","s":"25N-H58NV20S-80-S"},{"r":"139","t":"16:20:32","h":"Nord","s":"25S-H58S000S-80-S"},{"r":"139","t":"16:32:10","h":"Nord","s":"25N-H58N000I-80-I"},{"r":"139","t":"16:32:10","h":"Nord","s":"25N-H58N100F-80-F1"},{"r":"139","t":"16:32:10","h":"Nord","s":"25N-H58N200F-80-F2"},{"r":"139","t":"16:32:10","h":"Nord","s":"25N-H58N300F-80-F3"},{"r":"139","t":"16:32:10","h":"Nord","s":"25N-H58N400F-80-F4"},{"r":"139","t":"16:32:10","h":"Nord","s":"25N-H58NV10I-80-I"},{"r":"139","t":"16:32:10","h":"Nord","s":"25N-H58NV20I-80-I"},{"r":"139","t":"16:32:10","h":"Nord","s":"25S-H58S000I-80-I"},{"r":"139","t":"16:32:10","h":"Nord","s":"25S-H58S100F-80-F1"},{"r":"139","t":"16:32:10","h":"Nord","s":"25S-H58S200F-80-F2"},{"r":"139","t":"16:32:51","h":"Nord","s":"25N-H58N000A-80-A"},{"r":"139","t":"16:32:51","h":"Nord","s":"25N-H58NV10A-80-A"},{"r":"139","t":"16:32:51","h":"Nord","s":"25N-H58NV20A-80-A"},{"r":"139","t":"16:32:51","h":"Nord","s":"25S-H58S000A-80-A"},{"r":"139","t":"16:52:32","h":"Nord","s":"25N-H58N000S-80-S"},{"r":"139","t":"16:52:32","h":"Nord","s":"25N-H58NV10S-80-S"},{"r":"139","t":"16:52:32","h":"Nord","s":"25N-H58NV20S-80-S"},{"r":"139","t":"16:52:32","h":"Nord","s":"25S-H58S000S-80-S"},{"r":"139","t":"17:01:10","h":"Nord","s":"25N-H58N000I-80-I"},{"r":"139","t":"17:01:10","h":"Nord","s":"25N-H58N100F-80-F1"},{"r":"139","t":"17:01:10","h":"Nord","s":"25N-H58N200F-80-F2"},{"r":"139","t":"17:01:10","h":"Nord","s":"25N-H58N300F-80-F3"},{"r":"139","t":"17:01:10","h":"Nord","s":"25N-H58N400F-80-F4"},{"r":"139","t":"17:01:10","h":"Nord","s":"25N-H58NV10I-80-I"},{"r":"139","t":"17:01:10","h":"Nord","s":"25N-H58NV20I-80-I"},{"r":"139","t":"17:01:10","h":"Nord","s":"25S-H58S000I-80-I"},{"r":"139","t":"17:01:10","h":"Nord","s":"25S-H58S100F-80-F1"},{"r":"139","t":"17:01:10","h":"Nord","s":"25S-H58S200F-80-F2"},{"r":"139","t":"17:02:51","h":"Nord","s":"25N-H58N000A-80-A"},{"r":"139","t":"17:02:51","h":"Nord","s":"25N-H58NV10A-80-A"},{"r":"139","t":"17:02:51","h":"Nord","s":"25N-H58NV20A-80-A"},{"r":"139","t":"17:02:51","h":"Nord","s":"25S-H58S000A-80-A"},{"r":"139","t":"17:24:32","h":"Nord","s":"25N-H58N000S-80-S"},{"r":"139","t":"17:24:32","h":"Nord","s":"25N-H58NV10S-80-S"},{"r":"139","t":"17:24:32","h":"Nord","s":"25N-H58NV20S-80-S"},{"r":"139","t":"17:24:32","h":"Nord","s":"25S-H58S000S-80-S"},{"r":"139","t":"17:33:10","h":"Nord","s":"25N-H58N000I-80-I"},{"r":"139","t":"17:33:10","h":"Nord","s":"25N-H58N100F-80-F1"},{"r":"139","t":"17:33:10","h":"Nord","s":"25N-H58N200F-80-F2"},{"r":"139","t":"17:33:10","h":"Nord","s":"25N-H58N300F-80-F3"},{"r":"139","t":"17:33:10","h":"Nord","s":"25N-H58N400F-80-F4"},{"r":"139","t":"17:33:10","h":"Nord","s":"25N-H58NV10I-80-I"},{"r":"139","t":"17:33:10","h":"Nord","s":"25N-H58NV20I-80-I"},{"r":"139","t":"17:33:10","h":"Nord","s":"25S-H58S000I-80-I"},{"r":"139","t":"17:33:10","h":"Nord","s":"25S-H58S100F-80-F1"},{"r":"139","t":"17:33:10","h":"Nord","s":"25S-H58S200F-80-F2"},{"r":"139","t":"17:34:51","h":"Nord","s":"25N-H58N000A-80-A"},{"r":"139","t":"17:34:51","h":"Nord","s":"25N-H58NV10A-80-A"},{"r":"139","t":"17:34:51","h":"Nord","s":"25N-H58NV20A-80-A"},{"r":"139","t":"17:34:51","h":"Nord","s":"25S-H58S000A-80-A"},{"r":"139","t":"17:54:51","h":"Nord","s":"25N-H58N000S-80-S"},{"r":"139","t":"17:54:51","h":"Nord","s":"25N-H58NV10S-80-S"},{"r":"139","t":"17:54:51","h":"Nord","s":"25N-H58NV20S-80-S"},{"r":"139","t":"17:54:51","h":"Nord","s":"25S-H58S000S-80-S"},{"r":"139","t":"17:56:10","h":"Nord","s":"25N-H58N000I-80-I"},{"r":"139","t":"17:56:10","h":"Nord","s":"25N-H58N100F-80-F1"},{"r":"139","t":"17:56:10","h":"Nord","s":"25N-H58N200F-80-F2"},{"r":"139","t":"17:56:10","h":"Nord","s":"25N-H58N300F-80-F3"},{"r":"139","t":"17:56:10","h":"Nord","s":"25N-H58N400F-80-F4"},{"r":"139","t":"17:56:10","h":"Nord","s":"25N-H58NV10I-80-I"},{"r":"139","t":"17:56:10","h":"Nord","s":"25N-H58NV20I-80-I"},{"r":"139","t":"17:56:10","h":"Nord","s":"25S-H58S000I-80-I"},{"r":"139","t":"17:56:10","h":"Nord","s":"25S-H58S100F-80-F1"},{"r":"139","t":"17:56:10","h":"Nord","s":"25S-H58S200F-80-F2"},{"r":"139","t":"17:59:51","h":"Nord","s":"25N-H58N000A-80-A"},{"r":"139","t":"17:59:51","h":"Nord","s":"25N-H58NV10A-80-A"},{"r":"139","t":"17:59:51","h":"Nord","s":"25N-H58NV20A-80-A"},{"r":"139","t":"17:59:51","h":"Nord","s":"25S-H58S000A-80-A"},{"r":"139","t":"18:23:10","h":"Nord","s":"25N-H58N000I-80-I"},{"r":"139","t":"18:23:10","h":"Nord","s":"25N-H58N100F-80-F1"},{"r":"139","t":"18:23:10","h":"Nord","s":"25N-H58N200F-80-F2"},{"r":"139","t":"18:23:10","h":"Nord","s":"25N-H58N300F-80-F3"},{"r":"139","t":"18:23:10","h":"Nord","s":"25N-H58N400F-80-F4"},{"r":"139","t":"18:23:10","h":"Nord","s":"25N-H58NV10I-80-I"},{"r":"139","t":"18:23:10","h":"Nord","s":"25N-H58NV20I-80-I"},{"r":"139","t":"18:23:10","h":"Nord","s":"25S-H58S000I-80-I"},{"r":"139","t":"18:23:10","h":"Nord","s":"25S-H58S100F-80-F1"},{"r":"139","t":"18:23:10","h":"Nord","s":"25S-H58S200F-80-F2"},{"r":"139","t":"18:23:51","h":"Nord","s":"25N-H58N000S-80-S"},{"r":"139","t":"18:23:51","h":"Nord","s":"25N-H58NV10S-80-S"},{"r":"139","t":"18:23:51","h":"Nord","s":"25N-H58NV20S-80-S"},{"r":"139","t":"18:23:51","h":"Nord","s":"25S-H58S000S-80-S"},{"r":"139","t":"18:31:10","h":"Nord","s":"25N-H58N000A-80-A"},{"r":"139","t":"18:31:10","h":"Nord","s":"25N-H58NV10A-80-A"},{"r":"139","t":"18:31:10","h":"Nord","s":"25N-H58NV20A-80-A"},{"r":"139","t":"18:31:10","h":"Nord","s":"25S-H58S000A-80-A"},{"r":"139","t":"18:54:10","h":"Nord","s":"25N-H58N000S-80-S"},{"r":"139","t":"18:54:10","h":"Nord","s":"25N-H58NV10S-80-S"},{"r":"139","t":"18:54:10","h":"Nord","s":"25N-H58NV20S-80-S"},{"r":"139","t":"18:54:10","h":"Nord","s":"25S-H58S000S-80-S"},{"r":"139","t":"18:55:10","h":"Nord","s":"25N-H58N000I-80-I"},{"r":"139","t":"18:55:10","h":"Nord","s":"25N-H58N100F-80-F1"},{"r":"139","t":"18:55:10","h":"Nord","s":"25N-H58N200F-80-F2"},{"r":"139","t":"18:55:10","h":"Nord","s":"25N-H58N300F-80-F3"},{"r":"139","t":"18:55:10","h":"Nord","s":"25N-H58N400F-80-F4"},{"r":"139","t":"18:55:10","h":"Nord","s":"25N-H58NV10I-80-I"},{"r":"139","t":"18:55:10","h":"Nord","s":"25N-H58NV20I-80-I"},{"r":"139","t":"18:55:10","h":"Nord","s":"25S-H58S000I-80-I"},{"r":"139","t":"18:55:10","h":"Nord","s":"25S-H58S100F-80-F1"},{"r":"139","t":"18:55:10","h":"Nord","s":"25S-H58S200F-80-F2"},{"r":"139","t":"18:58:10","h":"Nord","s":"25N-H58N000A-80-A"},{"r":"139","t":"18:58:10","h":"Nord","s":"25N-H58NV10A-80-A"},{"r":"139","t":"18:58:10","h":"Nord","s":"25N-H58NV20A-80-A"},{"r":"139","t":"18:58:10","h":"Nord","s":"25S-H58S000A-80-A"},{"r":"139","t":"19:23:10","h":"Nord","s":"25N-H58N000S-80-S"},{"r":"139","t":"19:23:10","h":"Nord","s":"25N-H58NV10S-80-S"},{"r":"139","t":"19:23:10","h":"Nord","s":"25N-H58NV20S-80-S"},{"r":"139","t":"19:23:10","h":"Nord","s":"25S-H58S000S-80-S"},{"r":"139","t":"19:25:10","h":"Nord","s":"25N-H58N000I-80-I"},{"r":"139","t":"19:25:10","h":"Nord","s":"25N-H58N100F-80-F1"},{"r":"139","t":"19:25:10","h":"Nord","s":"25N-H58N200F-80-F2"},{"r":"139","t":"19:25:10","h":"Nord","s":"25N-H58N300F-80-F3"},{"r":"139","t":"19:25:10","h":"Nord","s":"25N-H58N400F-80-F4"},{"r":"139","t":"19:25:10","h":"Nord","s":"25N-H58NV10I-80-I"},{"r":"139","t":"19:25:10","h":"Nord","s":"25N-H58NV20I-80-I"},{"r":"139","t":"19:25:10","h":"Nord","s":"25S-H58S000I-80-I"},{"r":"139","t":"19:25:10","h":"Nord","s":"25S-H58S100F-80-F1"},{"r":"139","t":"19:25:10","h":"Nord","s":"25S-H58S200F-80-F2"},{"r":"139","t":"19:26:10","h":"Nord","s":"25N-H58N000A-80-A"},{"r":"139","t":"19:26:10","h":"Nord","s":"25N-H58NV10A-80-A"},{"r":"139","t":"19:26:10","h":"Nord","s":"25N-H58NV20A-80-A"},{"r":"139","t":"19:26:10","h":"Nord","s":"25S-H58S000A-80-A"},{"r":"139","t":"19:52:10","h":"Nord","s":"25N-H58N000S-80-S"},{"r":"139","t":"19:52:10","h":"Nord","s":"25N-H58NV10S-80-S"},{"r":"139","t":"19:52:10","h":"Nord","s":"25N-H58NV20S-80-S"},{"r":"139","t":"19:52:10","h":"Nord","s":"25S-H58S000S-80-S"},{"r":"139","t":"19:54:10","h":"Nord","s":"25N-H58N000I-80-I"},{"r":"139","t":"19:54:10","h":"Nord","s":"25N-H58N100F-80-F1"},{"r":"139","t":"19:54:10","h":"Nord","s":"25N-H58N200F-80-F2"},{"r":"139","t":"19:54:10","h":"Nord","s":"25N-H58N300F-80-F3"},{"r":"139","t":"19:54:10","h":"Nord","s":"25N-H58N400F-80-F4"},{"r":"139","t":"19:54:10","h":"Nord","s":"25N-H58NV10I-80-I"},{"r":"139","t":"19:54:10","h":"Nord","s":"25N-H58NV20I-80-I"},{"r":"139","t":"19:54:10","h":"Nord","s":"25S-H58S000I-80-I"},{"r":"139","t":"19:54:10","h":"Nord","s":"25S-H58S100F-80-F1"},{"r":"139","t":"19:54:10","h":"Nord","s":"25S-H58S200F-80-F2"},{"r":"139","t":"19:55:10","h":"Nord","s":"25N-H58N000A-80-A"},{"r":"139","t":"19:55:10","h":"Nord","s":"25N-H58NV10A-80-A"},{"r":"139","t":"19:55:10","h":"Nord","s":"25N-H58NV20A-80-A"},{"r":"139","t":"19:55:10","h":"Nord","s":"25S-H58S000A-80-A"},{"r":"139","t":"20:19:29","h":"Nord","s":"25N-H58N000S-80-S"},{"r":"139","t":"20:19:29","h":"Nord","s":"25N-H58NV10S-80-S"},{"r":"139","t":"20:19:29","h":"Nord","s":"25N-H58NV20S-80-S"},{"r":"139","t":"20:19:29","h":"Nord","s":"25S-H58S000S-80-S"},{"r":"139","t":"20:24:10","h":"Nord","s":"25N-H58N000I-80-I"},{"r":"139","t":"20:24:10","h":"Nord","s":"25N-H58N100F-80-F1"},{"r":"139","t":"20:24:10","h":"Nord","s":"25N-H58N200F-80-F2"},{"r":"139","t":"20:24:10","h":"Nord","s":"25N-H58N300F-80-F3"},{"r":"139","t":"20:24:10","h":"Nord","s":"25N-H58N400F-80-F4"},{"r":"139","t":"20:24:10","h":"Nord","s":"25N-H58NV10I-80-I"},{"r":"139","t":"20:24:10","h":"Nord","s":"25N-H58NV20I-80-I"},{"r":"139","t":"20:24:10","h":"Nord","s":"25S-H58S000I-80-I"},{"r":"139","t":"20:24:10","h":"Nord","s":"25S-H58S100F-80-F1"},{"r":"139","t":"20:24:10","h":"Nord","s":"25S-H58S200F-80-F2"},{"r":"139","t":"20:25:10","h":"Nord","s":"25N-H58N000A-80-A"},{"r":"139","t":"20:25:10","h":"Nord","s":"25N-H58NV10A-80-A"},{"r":"139","t":"20:25:10","h":"Nord","s":"25N-H58NV20A-80-A"},{"r":"139","t":"20:25:10","h":"Nord","s":"25S-H58S000A-80-A"},{"r":"139","t":"20:48:29","h":"Nord","s":"25N-H58N000S-80-S"},{"r":"139","t":"20:48:29","h":"Nord","s":"25N-H58NV10S-80-S"},{"r":"139","t":"20:48:29","h":"Nord","s":"25N-H58NV20S-80-S"},{"r":"139","t":"20:48:29","h":"Nord","s":"25S-H58S000S-80-S"},{"r":"139","t":"20:53:10","h":"Nord","s":"25N-H58N000I-80-I"},{"r":"139","t":"20:53:10","h":"Nord","s":"25N-H58N100F-80-F1"},{"r":"139","t":"20:53:10","h":"Nord","s":"25N-H58N200F-80-F2"},{"r":"139","t":"20:53:10","h":"Nord","s":"25N-H58N300F-80-F3"},{"r":"139","t":"20:53:10","h":"Nord","s":"25N-H58N400F-80-F4"},{"r":"139","t":"20:53:10","h":"Nord","s":"25N-H58NV10I-80-I"},{"r":"139","t":"20:53:10","h":"Nord","s":"25N-H58NV20I-80-I"},{"r":"139","t":"20:53:10","h":"Nord","s":"25S-H58S000I-80-I"},{"r":"139","t":"20:53:10","h":"Nord","s":"25S-H58S100F-80-F1"},{"r":"139","t":"20:53:10","h":"Nord","s":"25S-H58S200F-80-F2"},{"r":"139","t":"20:55:10","h":"Nord","s":"25N-H58N000A-80-A"},{"r":"139","t":"20:55:10","h":"Nord","s":"25N-H58NV10A-80-A"},{"r":"139","t":"20:55:10","h":"Nord","s":"25N-H58NV20A-80-A"},{"r":"139","t":"20:55:10","h":"Nord","s":"25S-H58S000A-80-A"},{"r":"139","t":"21:14:10","h":"Nord","s":"25N-H58N000A-80-A"},{"r":"139","t":"21:14:10","h":"Nord","s":"25N-H58NV10A-80-A"},{"r":"139","t":"21:14:10","h":"Nord","s":"25N-H58NV20A-80-A"},{"r":"139","t":"21:14:10","h":"Nord","s":"25S-H58S000A-80-A"},{"r":"139","t":"21:14:29","h":"Nord","s":"25N-H58N000I-80-I"},{"r":"139","t":"21:14:29","h":"Nord","s":"25N-H58N100F-80-F1"},{"r":"139","t":"21:14:29","h":"Nord","s":"25N-H58N200F-80-F2"},{"r":"139","t":"21:14:29","h":"Nord","s":"25N-H58N300F-80-F3"},{"r":"139","t":"21:14:29","h":"Nord","s":"25N-H58N400F-80-F4"},{"r":"139","t":"21:14:29","h":"Nord","s":"25N-H58NV10I-80-I"},{"r":"139","t":"21:14:29","h":"Nord","s":"25N-H58NV20I-80-I"},{"r":"139","t":"21:14:29","h":"Nord","s":"25S-H58S000I-80-I"},{"r":"139","t":"21:14:29","h":"Nord","s":"25S-H58S100F-80-F1"},{"r":"139","t":"21:14:29","h":"Nord","s":"25S-H58S200F-80-F2"},{"r":"139","t":"21:17:29","h":"Nord","s":"25N-H58N000S-80-S"},{"r":"139","t":"21:17:29","h":"Nord","s":"25N-H58NV10S-80-S"},{"r":"139","t":"21:17:29","h":"Nord","s":"25N-H58NV20S-80-S"},{"r":"139","t":"21:17:29","h":"Nord","s":"25S-H58S000S-80-S"},{"r":"139","t":"21:26:10","h":"Nord","s":"25N-H58N000A-80-A"},{"r":"139","t":"21:26:10","h":"Nord","s":"25N-H58NV10A-80-A"},{"r":"139","t":"21:26:10","h":"Nord","s":"25N-H58NV20A-80-A"},{"r":"139","t":"21:26:10","h":"Nord","s":"25S-H58S000A-80-A"},{"r":"139","t":"21:31:29","h":"Nord","s":"25N-H58N000I-80-I"},{"r":"139","t":"21:31:29","h":"Nord","s":"25N-H58N100F-80-F1"},{"r":"139","t":"21:31:29","h":"Nord","s":"25N-H58N200F-80-F2"},{"r":"139","t":"21:31:29","h":"Nord","s":"25N-H58N300F-80-F3"},{"r":"139","t":"21:31:29","h":"Nord","s":"25N-H58N400F-80-F4"},{"r":"139","t":"21:31:29","h":"Nord","s":"25N-H58NV10I-80-I"},{"r":"139","t":"21:31:29","h":"Nord","s":"25N-H58NV20I-80-I"},{"r":"139","t":"21:31:29","h":"Nord","s":"25S-H58S000I-80-I"},{"r":"139","t":"21:31:29","h":"Nord","s":"25S-H58S100F-80-F1"},{"r":"139","t":"21:31:29","h":"Nord","s":"25S-H58S200F-80-F2"},{"r":"139","t":"21:38:10","h":"Nord","s":"25N-H58N000A-80-A"},{"r":"139","t":"21:38:10","h":"Nord","s":"25N-H58NV10A-80-A"},{"r":"139","t":"21:38:10","h":"Nord","s":"25N-H58NV20A-80-A"},{"r":"139","t":"21:38:10","h":"Nord","s":"25S-H58S000A-80-A"},{"r":"139","t":"21:46:29","h":"Nord","s":"25N-H58N000I-80-I"},{"r":"139","t":"21:46:29","h":"Nord","s":"25N-H58N000S-80-S"},{"r":"139","t":"21:46:29","h":"Nord","s":"25N-H58N100F-80-F1"},{"r":"139","t":"21:46:29","h":"Nord","s":"25N-H58N200F-80-F2"},{"r":"139","t":"21:46:29","h":"Nord","s":"25N-H58N300F-80-F3"},{"r":"139","t":"21:46:29","h":"Nord","s":"25N-H58N400F-80-F4"},{"r":"139","t":"21:46:29","h":"Nord","s":"25N-H58NV10I-80-I"},{"r":"139","t":"21:46:29","h":"Nord","s":"25N-H58NV10S-80-S"},{"r":"139","t":"21:46:29","h":"Nord","s":"25N-H58NV20I-80-I"},{"r":"139","t":"21:46:29","h":"Nord","s":"25N-H58NV20S-80-S"},{"r":"139","t":"21:46:29","h":"Nord","s":"25S-H58S000I-80-I"},{"r":"139","t":"21:46:29","h":"Nord","s":"25S-H58S000S-80-S"},{"r":"139","t":"21:46:29","h":"Nord","s":"25S-H58S100F-80-F1"},{"r":"139","t":"21:46:29","h":"Nord","s":"25S-H58S200F-80-F2"},{"r":"139","t":"21:50:10","h":"Nord","s":"25N-H58N000A-80-A"},{"r":"139","t":"21:50:10","h":"Nord","s":"25N-H58NV10A-80-A"},{"r":"139","t":"21:50:10","h":"Nord","s":"25N-H58NV20A-80-A"},{"r":"139","t":"21:50:10","h":"Nord","s":"25S-H58S000A-80-A"},{"r":"139","t":"22:01:29","h":"Nord","s":"25N-H58N000I-80-I"},{"r":"139","t":"22:01:29","h":"Nord","s":"25N-H58N100F-80-F1"},{"r":"139","t":"22:01:29","h":"Nord","s":"25N-H58N200F-80-F2"},{"r":"139","t":"22:01:29","h":"Nord","s":"25N-H58N300F-80-F3"},{"r":"139","t":"22:01:29","h":"Nord","s":"25N-H58N400F-80-F4"},{"r":"139","t":"22:01:29","h":"Nord","s":"25N-H58NV10I-80-I"},{"r":"139","t":"22:01:29","h":"Nord","s":"25N-H58NV20I-80-I"},{"r":"139","t":"22:01:29","h":"Nord","s":"25S-H58S000I-80-I"},{"r":"139","t":"22:01:29","h":"Nord","s":"25S-H58S100F-80-F1"},{"r":"139","t":"22:01:29","h":"Nord","s":"25S-H58S200F-80-F2"},{"r":"139","t":"22:02:10","h":"Nord","s":"25N-H58N000A-80-A"},{"r":"139","t":"22:02:10","h":"Nord","s":"25N-H58NV10A-80-A"},{"r":"139","t":"22:02:10","h":"Nord","s":"25N-H58NV20A-80-A"},{"r":"139","t":"22:02:10","h":"Nord","s":"25S-H58S000A-80-A"},{"r":"139","t":"22:12:10","h":"Nord","s":"25N-H58N000A-80-A"},{"r":"139","t":"22:12:10","h":"Nord","s":"25N-H58NV10A-80-A"},{"r":"139","t":"22:12:10","h":"Nord","s":"25N-H58NV20A-80-A"},{"r":"139","t":"22:12:10","h":"Nord","s":"25S-H58S000A-80-A"},{"r":"139","t":"22:15:29","h":"Nord","s":"25N-H58N000I-80-I"},{"r":"139","t":"22:15:29","h":"Nord","s":"25N-H58N000S-80-S"},{"r":"139","t":"22:15:29","h":"Nord","s":"25N-H58N100F-80-F1"},{"r":"139","t":"22:15:29","h":"Nord","s":"25N-H58N200F-80-F2"},{"r":"139","t":"22:15:29","h":"Nord","s":"25N-H58N300F-80-F3"},{"r":"139","t":"22:15:29","h":"Nord","s":"25N-H58N400F-80-F4"},{"r":"139","t":"22:15:29","h":"Nord","s":"25N-H58NV10I-80-I"},{"r":"139","t":"22:15:29","h":"Nord","s":"25N-H58NV10S-80-S"},{"r":"139","t":"22:15:29","h":"Nord","s":"25N-H58NV20I-80-I"},{"r":"139","t":"22:15:29","h":"Nord","s":"25N-H58NV20S-80-S"},{"r":"139","t":"22:15:29","h":"Nord","s":"25S-H58S000I-80-I"},{"r":"139","t":"22:15:29","h":"Nord","s":"25S-H58S000S-80-S"},{"r":"139","t":"22:15:29","h":"Nord","s":"25S-H58S100F-80-F1"},{"r":"139","t":"22:15:29","h":"Nord","s":"25S-H58S200F-80-F2"},{"r":"139","t":"22:22:10","h":"Nord","s":"25N-H58N000A-80-A"},{"r":"139","t":"22:22:10","h":"Nord","s":"25N-H58NV10A-80-A"},{"r":"139","t":"22:22:10","h":"Nord","s":"25N-H58NV20A-80-A"},{"r":"139","t":"22:22:10","h":"Nord","s":"25S-H58S000A-80-A"},{"r":"139","t":"22:28:29","h":"Nord","s":"25N-H58N000I-80-I"},{"r":"139","t":"22:28:29","h":"Nord","s":"25N-H58N100F-80-F1"},{"r":"139","t":"22:28:29","h":"Nord","s":"25N-H58N200F-80-F2"},{"r":"139","t":"22:28:29","h":"Nord","s":"25N-H58N300F-80-F3"},{"r":"139","t":"22:28:29","h":"Nord","s":"25N-H58N400F-80-F4"},{"r":"139","t":"22:28:29","h":"Nord","s":"25N-H58NV10I-80-I"},{"r":"139","t":"22:28:29","h":"Nord","s":"25N-H58NV20I-80-I"},{"r":"139","t":"22:28:29","h":"Nord","s":"25S-H58S000I-80-I"},{"r":"139","t":"22:28:29","h":"Nord","s":"25S-H58S100F-80-F1"},{"r":"139","t":"22:28:29","h":"Nord","s":"25S-H58S200F-80-F2"},{"r":"139","t":"22:31:10","h":"Nord","s":"25N-H58N000A-80-A"},{"r":"139","t":"22:31:10","h":"Nord","s":"25N-H58NV10A-80-A"},{"r":"139","t":"22:31:10","h":"Nord","s":"25N-H58NV20A-80-A"},{"r":"139","t":"22:31:10","h":"Nord","s":"25S-H58S000A-80-A"},{"r":"139","t":"22:39:29","h":"Nord","s":"25N-H58N000A-80-A"},{"r":"139","t":"22:39:29","h":"Nord","s":"25N-H58NV10A-80-A"},{"r":"139","t":"22:39:29","h":"Nord","s":"25N-H58NV20A-80-A"},{"r":"139","t":"22:39:29","h":"Nord","s":"25S-H58S000A-80-A"},{"r":"139","t":"22:40:47","h":"Nord","s":"25N-H58N000I-80-I"},{"r":"139","t":"22:40:47","h":"Nord","s":"25N-H58N100F-80-F1"},{"r":"139","t":"22:40:47","h":"Nord","s":"25N-H58N200F-80-F2"},{"r":"139","t":"22:40:47","h":"Nord","s":"25N-H58N300F-80-F3"},{"r":"139","t":"22:40:47","h":"Nord","s":"25N-H58N400F-80-F4"},{"r":"139","t":"22:40:47","h":"Nord","s":"25N-H58NV10I-80-I"},{"r":"139","t":"22:40:47","h":"Nord","s":"25N-H58NV20I-80-I"},{"r":"139","t":"22:40:47","h":"Nord","s":"25S-H58S000I-80-I"},{"r":"139","t":"22:40:47","h":"Nord","s":"25S-H58S100F-80-F1"},{"r":"139","t":"22:40:47","h":"Nord","s":"25S-H58S200F-80-F2"},{"r":"139","t":"22:44:29","h":"Nord","s":"25N-H58N000S-80-S"},{"r":"139","t":"22:44:29","h":"Nord","s":"25N-H58NV10S-80-S"},{"r":"139","t":"22:44:29","h":"Nord","s":"25N-H58NV20S-80-S"},{"r":"139","t":"22:44:29","h":"Nord","s":"25S-H58S000S-80-S"},{"r":"139","t":"22:47:29","h":"Nord","s":"25N-H58N000A-80-A"},{"r":"139","t":"22:47:29","h":"Nord","s":"25N-H58NV10A-80-A"},{"r":"139","t":"22:47:29","h":"Nord","s":"25N-H58NV20A-80-A"},{"r":"139","t":"22:47:29","h":"Nord","s":"25S-H58S000A-80-A"},{"r":"139","t":"22:54:47","h":"Nord","s":"25N-H58N000I-80-I"},{"r":"139","t":"22:54:47","h":"Nord","s":"25N-H58N100F-80-F1"},{"r":"139","t":"22:54:47","h":"Nord","s":"25N-H58N200F-80-F2"},{"r":"139","t":"22:54:47","h":"Nord","s":"25N-H58N300F-80-F3"},{"r":"139","t":"22:54:47","h":"Nord","s":"25N-H58N400F-80-F4"},{"r":"139","t":"22:54:47","h":"Nord","s":"25N-H58NV10I-80-I"},{"r":"139","t":"22:54:47","h":"Nord","s":"25N-H58NV20I-80-I"},{"r":"139","t":"22:54:47","h":"Nord","s":"25S-H58S000I-80-I"},{"r":"139","t":"22:54:47","h":"Nord","s":"25S-H58S100F-80-F1"},{"r":"139","t":"22:54:47","h":"Nord","s":"25S-H58S200F-80-F2"},{"r":"139","t":"22:57:29","h":"Nord","s":"25N-H58N000A-80-A"},{"r":"139","t":"22:57:29","h":"Nord","s":"25N-H58NV10A-80-A"},{"r":"139","t":"22:57:29","h":"Nord","s":"25N-H58NV20A-80-A"},{"r":"139","t":"22:57:29","h":"Nord","s":"25S-H58S000A-80-A"},{"r":"139","t":"23:08:29","h":"Nord","s":"25N-H58N000A-80-A"},{"r":"139","t":"23:08:29","h":"Nord","s":"25N-H58NV10A-80-A"},{"r":"139","t":"23:08:29","h":"Nord","s":"25N-H58NV20A-80-A"},{"r":"139","t":"23:08:29","h":"Nord","s":"25S-H58S000A-80-A"},{"r":"139","t":"23:08:47","h":"Nord","s":"25N-H58N000I-80-I"},{"r":"139","t":"23:08:47","h":"Nord","s":"25N-H58N100F-80-F1"},{"r":"139","t":"23:08:47","h":"Nord","s":"25N-H58N200F-80-F2"},{"r":"139","t":"23:08:47","h":"Nord","s":"25N-H58N300F-80-F3"},{"r":"139","t":"23:08:47","h":"Nord","s":"25N-H58N400F-80-F4"},{"r":"139","t":"23:08:47","h":"Nord","s":"25N-H58NV10I-80-I"},{"r":"139","t":"23:08:47","h":"Nord","s":"25N-H58NV20I-80-I"},{"r":"139","t":"23:08:47","h":"Nord","s":"25S-H58S000I-80-I"},{"r":"139","t":"23:08:47","h":"Nord","s":"25S-H58S100F-80-F1"},{"r":"139","t":"23:08:47","h":"Nord","s":"25S-H58S200F-80-F2"},{"r":"139","t":"23:12:29","h":"Nord","s":"25N-H58N000S-80-S"},{"r":"139","t":"23:12:29","h":"Nord","s":"25N-H58NV10S-80-S"},{"r":"139","t":"23:12:29","h":"Nord","s":"25N-H58NV20S-80-S"},{"r":"139","t":"23:12:29","h":"Nord","s":"25S-H58S000S-80-S"},{"r":"139","t":"23:19:29","h":"Nord","s":"25N-H58N000A-80-A"},{"r":"139","t":"23:19:29","h":"Nord","s":"25N-H58NV10A-80-A"},{"r":"139","t":"23:19:29","h":"Nord","s":"25N-H58NV20A-80-A"},{"r":"139","t":"23:19:29","h":"Nord","s":"25S-H58S000A-80-A"},{"r":"139","t":"23:21:47","h":"Nord","s":"25N-H58N000I-80-I"},{"r":"139","t":"23:21:47","h":"Nord","s":"25N-H58N100F-80-F1"},{"r":"139","t":"23:21:47","h":"Nord","s":"25N-H58N200F-80-F2"},{"r":"139","t":"23:21:47","h":"Nord","s":"25N-H58N300F-80-F3"},{"r":"139","t":"23:21:47","h":"Nord","s":"25N-H58N400F-80-F4"},{"r":"139","t":"23:21:47","h":"Nord","s":"25N-H58NV10I-80-I"},{"r":"139","t":"23:21:47","h":"Nord","s":"25N-H58NV20I-80-I"},{"r":"139","t":"23:21:47","h":"Nord","s":"25S-H58S000I-80-I"},{"r":"139","t":"23:21:47","h":"Nord","s":"25S-H58S100F-80-F1"},{"r":"139","t":"23:21:47","h":"Nord","s":"25S-H58S200F-80-F2"},{"r":"139","t":"23:29:29","h":"Nord","s":"25N-H58N000A-80-A"},{"r":"139","t":"23:29:29","h":"Nord","s":"25N-H58NV10A-80-A"},{"r":"139","t":"23:29:29","h":"Nord","s":"25N-H58NV20A-80-A"},{"r":"139","t":"23:29:29","h":"Nord","s":"25S-H58S000A-80-A"},{"r":"139","t":"23:39:29","h":"Nord","s":"25N-H58N000A-80-A"},{"r":"139","t":"23:39:29","h":"Nord","s":"25N-H58NV10A-80-A"},{"r":"139","t":"23:39:29","h":"Nord","s":"25N-H58NV20A-80-A"},{"r":"139","t":"23:39:29","h":"Nord","s":"25S-H58S000A-80-A"},{"r":"139","t":"23:40:29","h":"Nord","s":"25N-H58N000S-80-S"},{"r":"139","t":"23:40:29","h":"Nord","s":"25N-H58NV10S-80-S"},{"r":"139","t":"23:40:29","h":"Nord","s":"25N-H58NV20S-80-S"},{"r":"139","t":"23:40:29","h":"Nord","s":"25S-H58S000S-80-S"},{"r":"139","t":"23:41:47","h":"Nord","s":"25N-H58N000I-80-I"},{"r":"139","t":"23:41:47","h":"Nord","s":"25N-H58N100F-80-F1"},{"r":"139","t":"23:41:47","h":"Nord","s":"25N-H58N200F-80-F2"},{"r":"139","t":"23:41:47","h":"Nord","s":"25N-H58N300F-80-F3"},{"r":"139","t":"23:41:47","h":"Nord","s":"25N-H58N400F-80-F4"},{"r":"139","t":"23:41:47","h":"Nord","s":"25N-H58NV10I-80-I"},{"r":"139","t":"23:41:47","h":"Nord","s":"25N-H58NV20I-80-I"},{"r":"139","t":"23:41:47","h":"Nord","s":"25S-H58S000I-80-I"},{"r":"139","t":"23:41:47","h":"Nord","s":"25S-H58S100F-80-F1"},{"r":"139","t":"23:41:47","h":"Nord","s":"25S-H58S200F-80-F2"},{"r":"139","t":"23:49:29","h":"Nord","s":"25N-H58N000A-80-A"},{"r":"139","t":"23:49:29","h":"Nord","s":"25N-H58NV10A-80-A"},{"r":"139","t":"23:49:29","h":"Nord","s":"25N-H58NV20A-80-A"},{"r":"139","t":"23:49:29","h":"Nord","s":"25S-H58S000A-80-A"},{"r":"139","t":"24:01:29","h":"Nord","s":"25N-H58N000A-80-A"},{"r":"139","t":"24:01:29","h":"Nord","s":"25N-H58NV10A-80-A"},{"r":"139","t":"24:01:29","h":"Nord","s":"25N-H58NV20A-80-A"},{"r":"139","t":"24:01:29","h":"Nord","s":"25S-H58S000A-80-A"},{"r":"139","t":"24:01:47","h":"Nord","s":"25N-H58N000I-80-I"},{"r":"139","t":"24:01:47","h":"Nord","s":"25N-H58N100F-80-F1"},{"r":"139","t":"24:01:47","h":"Nord","s":"25N-H58N200F-80-F2"},{"r":"139","t":"24:01:47","h":"Nord","s":"25N-H58N300F-80-F3"},{"r":"139","t":"24:01:47","h":"Nord","s":"25N-H58N400F-80-F4"},{"r":"139","t":"24:01:47","h":"Nord","s":"25N-H58NV10I-80-I"},{"r":"139","t":"24:01:47","h":"Nord","s":"25N-H58NV20I-80-I"},{"r":"139","t":"24:01:47","h":"Nord","s":"25S-H58S000I-80-I"},{"r":"139","t":"24:01:47","h":"Nord","s":"25S-H58S100F-80-F1"},{"r":"139","t":"24:01:47","h":"Nord","s":"25S-H58S200F-80-F2"},{"r":"139","t":"24:08:29","h":"Nord","s":"25N-H58N000S-80-S"},{"r":"139","t":"24:08:29","h":"Nord","s":"25N-H58NV10S-80-S"},{"r":"139","t":"24:08:29","h":"Nord","s":"25N-H58NV20S-80-S"},{"r":"139","t":"24:08:29","h":"Nord","s":"25S-H58S000S-80-S"},{"r":"139","t":"24:13:29","h":"Nord","s":"25N-H58N000A-80-A"},{"r":"139","t":"24:13:29","h":"Nord","s":"25N-H58NV10A-80-A"},{"r":"139","t":"24:13:29","h":"Nord","s":"25N-H58NV20A-80-A"},{"r":"139","t":"24:13:29","h":"Nord","s":"25S-H58S000A-80-A"},{"r":"139","t":"24:19:47","h":"Nord","s":"25N-H58N000I-80-I"},{"r":"139","t":"24:19:47","h":"Nord","s":"25N-H58N100F-80-F1"},{"r":"139","t":"24:19:47","h":"Nord","s":"25N-H58N200F-80-F2"},{"r":"139","t":"24:19:47","h":"Nord","s":"25N-H58N300F-80-F3"},{"r":"139","t":"24:19:47","h":"Nord","s":"25N-H58N400F-80-F4"},{"r":"139","t":"24:19:47","h":"Nord","s":"25N-H58NV10I-80-I"},{"r":"139","t":"24:19:47","h":"Nord","s":"25N-H58NV20I-80-I"},{"r":"139","t":"24:19:47","h":"Nord","s":"25S-H58S000I-80-I"},{"r":"139","t":"24:19:47","h":"Nord","s":"25S-H58S100F-80-F1"},{"r":"139","t":"24:19:47","h":"Nord","s":"25S-H58S200F-80-F2"},{"r":"139","t":"24:31:29","h":"Nord","s":"25N-H58N000A-80-A"},{"r":"139","t":"24:31:29","h":"Nord","s":"25N-H58NV10A-80-A"},{"r":"139","t":"24:31:29","h":"Nord","s":"25N-H58NV20A-80-A"},{"r":"139","t":"24:31:29","h":"Nord","s":"25S-H58S000A-80-A"},{"r":"139","t":"24:36:29","h":"Nord","s":"25N-H58N000S-80-S"},{"r":"139","t":"24:36:29","h":"Nord","s":"25N-H58NV10S-80-S"},{"r":"139","t":"24:36:29","h":"Nord","s":"25N-H58NV20S-80-S"},{"r":"139","t":"24:36:29","h":"Nord","s":"25S-H58S000S-80-S"},{"r":"139","t":"24:37:47","h":"Nord","s":"25N-H58N000I-80-I"},{"r":"139","t":"24:37:47","h":"Nord","s":"25N-H58N100F-80-F1"},{"r":"139","t":"24:37:47","h":"Nord","s":"25N-H58N200F-80-F2"},{"r":"139","t":"24:37:47","h":"Nord","s":"25N-H58N300F-80-F3"},{"r":"139","t":"24:37:47","h":"Nord","s":"25N-H58N400F-80-F4"},{"r":"139","t":"24:37:47","h":"Nord","s":"25N-H58NV10I-80-I"},{"r":"139","t":"24:37:47","h":"Nord","s":"25N-H58NV20I-80-I"},{"r":"139","t":"24:37:47","h":"Nord","s":"25S-H58S000I-80-I"},{"r":"139","t":"24:37:47","h":"Nord","s":"25S-H58S100F-80-F1"},{"r":"139","t":"24:37:47","h":"Nord","s":"25S-H58S200F-80-F2"},{"r":"139","t":"24:50:47","h":"Nord","s":"25N-H58N000A-80-A"},{"r":"139","t":"24:50:47","h":"Nord","s":"25N-H58NV10A-80-A"},{"r":"139","t":"24:50:47","h":"Nord","s":"25N-H58NV20A-80-A"},{"r":"139","t":"24:50:47","h":"Nord","s":"25S-H58S000A-80-A"},{"r":"139","t":"24:53:47","h":"Nord","s":"25N-H58N000I-80-I"},{"r":"139","t":"24:53:47","h":"Nord","s":"25N-H58N100F-80-F1"},{"r":"139","t":"24:53:47","h":"Nord","s":"25N-H58N200F-80-F2"},{"r":"139","t":"24:53:47","h":"Nord","s":"25N-H58N300F-80-F3"},{"r":"139","t":"24:53:47","h":"Nord","s":"25N-H58N400F-80-F4"},{"r":"139","t":"24:53:47","h":"Nord","s":"25N-H58NV10I-80-I"},{"r":"139","t":"24:53:47","h":"Nord","s":"25N-H58NV20I-80-I"},{"r":"139","t":"24:53:47","h":"Nord","s":"25S-H58S000I-80-I"},{"r":"139","t":"24:53:47","h":"Nord","s":"25S-H58S100F-80-F1"},{"r":"139","t":"24:53:47","h":"Nord","s":"25S-H58S200F-80-F2"},{"r":"139","t":"25:03:29","h":"Nord","s":"25N-H58N000S-80-S"},{"r":"139","t":"25:03:29","h":"Nord","s":"25N-H58NV10S-80-S"},{"r":"139","t":"25:03:29","h":"Nord","s":"25N-H58NV20S-80-S"},{"r":"139","t":"25:03:29","h":"Nord","s":"25S-H58S000S-80-S"},{"r":"139","t":"25:09:47","h":"Nord","s":"25N-H58N000A-80-A"},{"r":"139","t":"25:09:47","h":"Nord","s":"25N-H58NV10A-80-A"},{"r":"139","t":"25:09:47","h":"Nord","s":"25N-H58NV20A-80-A"},{"r":"139","t":"25:09:47","h":"Nord","s":"25S-H58S000A-80-A"},{"r":"139","t":"25:11:47","h":"Nord","s":"25N-H58N000I-80-I"},{"r":"139","t":"25:11:47","h":"Nord","s":"25N-H58N100F-80-F1"},{"r":"139","t":"25:11:47","h":"Nord","s":"25N-H58N200F-80-F2"},{"r":"139","t":"25:11:47","h":"Nord","s":"25N-H58N300F-80-F3"},{"r":"139","t":"25:11:47","h":"Nord","s":"25N-H58N400F-80-F4"},{"r":"139","t":"25:11:47","h":"Nord","s":"25N-H58NV10I-80-I"},{"r":"139","t":"25:11:47","h":"Nord","s":"25N-H58NV20I-80-I"},{"r":"139","t":"25:11:47","h":"Nord","s":"25S-H58S000I-80-I"},{"r":"139","t":"25:11:47","h":"Nord","s":"25S-H58S100F-80-F1"},{"r":"139","t":"25:11:47","h":"Nord","s":"25S-H58S200F-80-F2"},{"r":"139","t":"25:29:47","h":"Nord","s":"25N-H58N000A-80-A"},{"r":"139","t":"25:29:47","h":"Nord","s":"25N-H58N000I-80-I"},{"r":"139","t":"25:29:47","h":"Nord","s":"25N-H58N100F-80-F1"},{"r":"139","t":"25:29:47","h":"Nord","s":"25N-H58N200F-80-F2"},{"r":"139","t":"25:29:47","h":"Nord","s":"25N-H58N300F-80-F3"},{"r":"139","t":"25:29:47","h":"Nord","s":"25N-H58N400F-80-F4"},{"r":"139","t":"25:29:47","h":"Nord","s":"25N-H58NV10A-80-A"},{"r":"139","t":"25:29:47","h":"Nord","s":"25N-H58NV10I-80-I"},{"r":"139","t":"25:29:47","h":"Nord","s":"25N-H58NV20A-80-A"},{"r":"139","t":"25:29:47","h":"Nord","s":"25N-H58NV20I-80-I"},{"r":"139","t":"25:29:47","h":"Nord","s":"25S-H58S000A-80-A"},{"r":"139","t":"25:29:47","h":"Nord","s":"25S-H58S000I-80-I"},{"r":"139","t":"25:29:47","h":"Nord","s":"25S-H58S100F-80-F1"},{"r":"139","t":"25:29:47","h":"Nord","s":"25S-H58S200F-80-F2"},{"r":"139","t":"25:31:29","h":"Nord","s":"25N-H58N000S-80-S"},{"r":"139","t":"25:31:29","h":"Nord","s":"25N-H58NV10S-80-S"},{"r":"139","t":"25:31:29","h":"Nord","s":"25N-H58NV20S-80-S"},{"r":"139","t":"25:31:29","h":"Nord","s":"25S-H58S000S-80-S"},{"r":"139","t":"25:49:29","h":"Nord","s":"25N-H58N000S-80-S"},{"r":"139","t":"25:49:29","h":"Nord","s":"25N-H58NV10S-80-S"},{"r":"139","t":"25:49:29","h":"Nord","s":"25N-H58NV20S-80-S"},{"r":"139","t":"25:49:29","h":"Nord","s":"25S-H58S000S-80-S"},{"r":"139","t":"25:52:47","h":"Nord","s":"25N-H58N000A-80-A"},{"r":"139","t":"25:52:47","h":"Nord","s":"25N-H58N000I-80-I"},{"r":"139","t":"25:52:47","h":"Nord","s":"25N-H58N100F-80-F1"},{"r":"139","t":"25:52:47","h":"Nord","s":"25N-H58N200F-80-F2"},{"r":"139","t":"25:52:47","h":"Nord","s":"25N-H58N300F-80-F3"},{"r":"139","t":"25:52:47","h":"Nord","s":"25N-H58N400F-80-F4"},{"r":"139","t":"25:52:47","h":"Nord","s":"25N-H58NV10A-80-A"},{"r":"139","t":"25:52:47","h":"Nord","s":"25N-H58NV10I-80-I"},{"r":"139","t":"25:52:47","h":"Nord","s":"25N-H58NV20A-80-A"},{"r":"139","t":"25:52:47","h":"Nord","s":"25N-H58NV20I-80-I"},{"r":"139","t":"25:52:47","h":"Nord","s":"25S-H58S000A-80-A"},{"r":"139","t":"25:52:47","h":"Nord","s":"25S-H58S000I-80-I"},{"r":"139","t":"25:52:47","h":"Nord","s":"25S-H58S100F-80-F1"},{"r":"139","t":"25:52:47","h":"Nord","s":"25S-H58S200F-80-F2"},{"r":"355","t":"25:56:29","h":"Nord","s":"25N-H54N000I-80-I"},{"r":"355","t":"25:56:29","h":"Nord","s":"25N-H54N100F-80-F1"},{"r":"355","t":"25:56:29","h":"Nord","s":"25N-H54N200F-80-F2"},{"r":"355","t":"25:56:29","h":"Nord","s":"25N-H54N300F-80-F3"},{"r":"355","t":"25:56:29","h":"Nord","s":"25N-H54N400F-80-F4"},{"r":"355","t":"25:56:29","h":"Nord","s":"25N-H54NV10I-80-I"},{"r":"355","t":"25:56:29","h":"Nord","s":"25N-H54NV20I-80-I"},{"r":"355","t":"25:56:29","h":"Nord","s":"25S-H54S000I-82-I"},{"r":"355","t":"25:56:29","h":"Nord","s":"25S-H54S100F-80-F1"},{"r":"355","t":"25:56:29","h":"Nord","s":"25S-H54S200F-80-F2"},{"r":"355","t":"25:59:29","h":"Nord","s":"25N-H54N000A-80-A"},{"r":"355","t":"25:59:29","h":"Nord","s":"25N-H54NV10A-80-A"},{"r":"355","t":"25:59:29","h":"Nord","s":"25N-H54NV20A-80-A"},{"r":"355","t":"25:59:29","h":"Nord","s":"25S-H54S000A-83-A"},{"r":"355","t":"26:00:19","h":"Nord","s":"25N-H54N000S-80-S"},{"r":"355","t":"26:00:19","h":"Nord","s":"25N-H54NV10S-82-S"},{"r":"355","t":"26:00:19","h":"Nord","s":"25N-H54NV20S-80-S"},{"r":"355","t":"26:00:19","h":"Nord","s":"25S-H54S000S-82-S"},{"r":"355","t":"26:30:29","h":"Nord","s":"25N-H54N000A-80-A"},{"r":"355","t":"26:30:29","h":"Nord","s":"25N-H54NV10A-80-A"},{"r":"355","t":"26:30:29","h":"Nord","s":"25N-H54NV20A-80-A"},{"r":"355","t":"26:30:29","h":"Nord","s":"25S-H54S000A-83-A"},{"r":"355","t":"26:40:29","h":"Nord","s":"25N-H54N000I-80-I"},{"r":"355","t":"26:40:29","h":"Nord","s":"25N-H54N100F-80-F1"},{"r":"355","t":"26:40:29","h":"Nord","s":"25N-H54N200F-80-F2"},{"r":"355","t":"26:40:29","h":"Nord","s":"25N-H54N300F-80-F3"},{"r":"355","t":"26:40:29","h":"Nord","s":"25N-H54N400F-80-F4"},{"r":"355","t":"26:40:29","h":"Nord","s":"25N-H54NV10I-80-I"},{"r":"355","t":"26:40:29","h":"Nord","s":"25N-H54NV20I-80-I"},{"r":"355","t":"26:40:29","h":"Nord","s":"25S-H54S000I-82-I"},{"r":"355","t":"26:40:29","h":"Nord","s":"25S-H54S100F-80-F1"},{"r":"355","t":"26:40:29","h":"Nord","s":"25S-H54S200F-80-F2"},{"r":"355","t":"26:43:19","h":"Nord","s":"25N-H54N000S-80-S"},{"r":"355","t":"26:43:19","h":"Nord","s":"25N-H54NV10S-82-S"},{"r":"355","t":"26:43:19","h":"Nord","s":"25N-H54NV20S-80-S"},{"r":"355","t":"26:43:19","h":"Nord","s":"25S-H54S000S-82-S"},{"r":"355","t":"26:58:29","h":"Nord","s":"25N-H54N000A-80-A"},{"r":"355","t":"26:58:29","h":"Nord","s":"25N-H54NV10A-80-A"},{"r":"355","t":"26:58:29","h":"Nord","s":"25N-H54NV20A-80-A"},{"r":"355","t":"26:58:29","h":"Nord","s":"25S-H54S000A-83-A"},{"r":"355","t":"27:23:29","h":"Nord","s":"25N-H54N000A-80-A"},{"r":"355","t":"27:23:29","h":"Nord","s":"25N-H54NV10A-80-A"},{"r":"355","t":"27:23:29","h":"Nord","s":"25N-H54NV20A-80-A"},{"r":"355","t":"27:23:29","h":"Nord","s":"25S-H54S000A-83-A"},{"r":"355","t":"27:24:29","h":"Nord","s":"25N-H54N000I-80-I"},{"r":"355","t":"27:24:29","h":"Nord","s":"25N-H54N100F-80-F1"},{"r":"355","t":"27:24:29","h":"Nord","s":"25N-H54N200F-80-F2"},{"r":"355","t":"27:24:29","h":"Nord","s":"25N-H54N300F-80-F3"},{"r":"355","t":"27:24:29","h":"Nord","s":"25N-H54N400F-80-F4"},{"r":"355","t":"27:24:29","h":"Nord","s":"25N-H54NV10I-80-I"},{"r":"355","t":"27:24:29","h":"Nord","s":"25N-H54NV20I-80-I"},{"r":"355","t":"27:24:29","h":"Nord","s":"25S-H54S000I-82-I"},{"r":"355","t":"27:24:29","h":"Nord","s":"25S-H54S100F-80-F1"},{"r":"355","t":"27:24:29","h":"Nord","s":"25S-H54S200F-80-F2"},{"r":"355","t":"27:27:19","h":"Nord","s":"25N-H54N000S-80-S"},{"r":"355","t":"27:27:19","h":"Nord","s":"25N-H54NV10S-82-S"},{"r":"355","t":"27:27:19","h":"Nord","s":"25N-H54NV20S-80-S"},{"r":"355","t":"27:27:19","h":"Nord","s":"25S-H54S000S-82-S"},{"r":"355","t":"27:55:29","h":"Nord","s":"25N-H54N000A-80-A"},{"r":"355","t":"27:55:29","h":"Nord","s":"25N-H54NV10A-80-A"},{"r":"355","t":"27:55:29","h":"Nord","s":"25N-H54NV20A-80-A"},{"r":"355","t":"27:55:29","h":"Nord","s":"25S-H54S000A-83-A"},{"r":"355","t":"28:10:29","h":"Nord","s":"25N-H54N000I-80-I"},{"r":"355","t":"28:10:29","h":"Nord","s":"25N-H54N100F-80-F1"},{"r":"355","t":"28:10:29","h":"Nord","s":"25N-H54N200F-80-F2"},{"r":"355","t":"28:10:29","h":"Nord","s":"25N-H54N300F-80-F3"},{"r":"355","t":"28:10:29","h":"Nord","s":"25N-H54N400F-80-F4"},{"r":"355","t":"28:10:29","h":"Nord","s":"25N-H54NV10I-80-I"},{"r":"355","t":"28:10:29","h":"Nord","s":"25N-H54NV20I-80-I"},{"r":"355","t":"28:10:29","h":"Nord","s":"25S-H54S000I-82-I"},{"r":"355","t":"28:10:29","h":"Nord","s":"25S-H54S100F-80-F1"},{"r":"355","t":"28:10:29","h":"Nord","s":"25S-H54S200F-80-F2"},{"r":"355","t":"28:14:19","h":"Nord","s":"25N-H54N000S-80-S"},{"r":"355","t":"28:14:19","h":"Nord","s":"25N-H54NV10S-82-S"},{"r":"355","t":"28:14:19","h":"Nord","s":"25N-H54NV20S-80-S"},{"r":"355","t":"28:14:19","h":"Nord","s":"25S-H54S000S-82-S"},{"r":"355","t":"28:19:29","h":"Nord","s":"25N-H54N000A-80-A"},{"r":"355","t":"28:19:29","h":"Nord","s":"25N-H54NV10A-80-A"},{"r":"355","t":"28:19:29","h":"Nord","s":"25N-H54NV20A-80-A"},{"r":"355","t":"28:19:29","h":"Nord","s":"25S-H54S000A-83-A"},{"r":"355","t":"28:52:19","h":"Nord","s":"25N-H54N000S-80-S"},{"r":"355","t":"28:52:19","h":"Nord","s":"25N-H54NV10S-82-S"},{"r":"355","t":"28:52:19","h":"Nord","s":"25N-H54NV20S-80-S"},{"r":"355","t":"28:52:19","h":"Nord","s":"25S-H54S000S-82-S"},{"r":"355","t":"28:55:29","h":"Nord","s":"25N-H54N000I-80-I"},{"r":"355","t":"28:55:29","h":"Nord","s":"25N-H54N100F-80-F1"},{"r":"355","t":"28:55:29","h":"Nord","s":"25N-H54N200F-80-F2"},{"r":"355","t":"28:55:29","h":"Nord","s":"25N-H54N300F-80-F3"},{"r":"355","t":"28:55:29","h":"Nord","s":"25N-H54N400F-80-F4"},{"r":"355","t":"28:55:29","h":"Nord","s":"25N-H54NV10I-80-I"},{"r":"355","t":"28:55:29","h":"Nord","s":"25N-H54NV20I-80-I"},{"r":"355","t":"28:55:29","h":"Nord","s":"25S-H54S000I-82-I"},{"r":"355","t":"28:55:29","h":"Nord","s":"25S-H54S100F-80-F1"},{"r":"355","t":"28:55:29","h":"Nord","s":"25S-H54S200F-80-F2"},{"r":"355","t":"28:58:29","h":"Nord","s":"25N-H54N000A-80-A"},{"r":"355","t":"28:58:29","h":"Nord","s":"25N-H54NV10A-80-A"},{"r":"355","t":"28:58:29","h":"Nord","s":"25N-H54NV20A-80-A"},{"r":"355","t":"28:58:29","h":"Nord","s":"25S-H54S000A-83-A"},{"r":"355","t":"29:21:29","h":"Nord","s":"25N-H54N000I-80-I"},{"r":"355","t":"29:21:29","h":"Nord","s":"25N-H54N100F-80-F1"},{"r":"355","t":"29:21:29","h":"Nord","s":"25N-H54N200F-80-F2"},{"r":"355","t":"29:21:29","h":"Nord","s":"25N-H54N300F-80-F3"},{"r":"355","t":"29:21:29","h":"Nord","s":"25N-H54N400F-80-F4"},{"r":"355","t":"29:21:29","h":"Nord","s":"25N-H54NV10I-80-I"},{"r":"355","t":"29:21:29","h":"Nord","s":"25N-H54NV20I-80-I"},{"r":"355","t":"29:21:29","h":"Nord","s":"25S-H54S000I-82-I"},{"r":"355","t":"29:21:29","h":"Nord","s":"25S-H54S100F-80-F1"},{"r":"355","t":"29:21:29","h":"Nord","s":"25S-H54S200F-80-F2"},{"r":"355","t":"29:24:29","h":"Nord","s":"25N-H54N000A-80-A"},{"r":"355","t":"29:24:29","h":"Nord","s":"25N-H54NV10A-80-A"},{"r":"355","t":"29:24:29","h":"Nord","s":"25N-H54NV20A-80-A"},{"r":"355","t":"29:24:29","h":"Nord","s":"25S-H54S000A-83-A"},{"r":"355","t":"29:25:19","h":"Nord","s":"25N-H54N000S-80-S"},{"r":"355","t":"29:25:19","h":"Nord","s":"25N-H54NV10S-82-S"},{"r":"355","t":"29:25:19","h":"Nord","s":"25N-H54NV20S-80-S"},{"r":"355","t":"29:25:19","h":"Nord","s":"25S-H54S000S-82-S"}]