[{"r":"61","t":"05:41:44","h":"Est","s":"25N-H56N000S-80-S"},{"r":"61","t":"05:41:44","h":"Est","s":"25N-H56NV10S-80-S"},{"r":"61","t":"05:41:44","h":"Est","s":"25N-H56NV20S-80-S"},{"r":"61","t":"05:41:44","h":"Est","s":"25S-H56S000S-80-S"},{"r":"61","t":"05:57:44","h":"Est","s":"25N-H56N000S-80-S"},{"r":"61","t":"05:57:44","h":"Est","s":"25N-H56NV10S-80-S"},{"r":"61","t":"05:57:44","h":"Est","s":"25N-H56NV20S-80-S"},{"r":"61","t":"05:57:44","h":"Est","s":"25S-H56S000S-80-S"},{"r":"61","t":"06:07:44","h":"Est","s":"25N-H56N000A-80-A"},{"r":"61","t":"06:07:44","h":"Est","s":"25N-H56NV10A-80-A"},{"r":"61","t":"06:07:44","h":"Est","s":"25N-H56NV20A-80-A"},{"r":"61","t":"06:07:44","h":"Est","s":"25S-H56S000A-80-A"},{"r":"61","t":"06:08:44","h":"Est","s":"25N-H56N000I-80-I"},{"r":"61","t":"06:08:44","h":"Est","s":"25N-H56N100F-80-F1"},{"r":"61","t":"06:08:44","h":"Est","s":"25N-H56N200F-80-F2"},{"r":"61","t":"06:08:44","h":"Est","s":"25N-H56N300F-80-F3"},{"r":"61","t":"06:08:44","h":"Est","s":"25N-H56N400F-80-F4"},{"r":"61","t":"06:08:44","h":"Est","s":"25N-H56NV10I-80-I"},{"r":"61","t":"06:08:44","h":"Est","s":"25N-H56NV20I-80-I"},{"r":"61","t":"06:08:44","h":"Est","s":"25S-H56S000I-80-I"},{"r":"61","t":"06:08:44","h":"Est","s":"25S-H56S100F-80-F1"},{"r":"61","t":"06:08:44","h":"Est","s":"25S-H56S200F-81-F2"},{"r":"61","t":"06:29:44","h":"Est","s":"25N-H56N000S-80-S"},{"r":"61","t":"06:29:44","h":"Est","s":"25N-H56NV10S-80-S"},{"r":"61","t":"06:29:44","h":"Est","s":"25N-H56NV20S-80-S"},{"r":"61","t":"06:29:44","h":"Est","s":"25S-H56S000S-80-S"},{"r":"61","t":"06:40:44","h":"Est","s":"25N-H56N000A-80-A"},{"r":"61","t":"06:40:44","h":"Est","s":"25N-H56N000I-80-I"},{"r":"61","t":"06:40:44","h":"Est","s":"25N-H56N100F-80-F1"},{"r":"61","t":"06:40:44","h":"Est","s":"25N-H56N200F-80-F2"},{"r":"61","t":"06:40:44","h":"Est","s":"25N-H56N300F-80-F3"},{"r":"61","t":"06:40:44","h":"Est","s":"25N-H56N400F-80-F4"},{"r":"61","t":"06:40:44","h":"Est","s":"25N-H56NV10A-80-A"},{"r":"61","t":"06:40:44","h":"Est","s":"25N-H56NV10I-80-I"},{"r":"61","t":"06:40:44","h":"Est","s":"25N-H56NV20A-80-A"},{"r":"61","t":"06:40:44","h":"Est","s":"25N-H56NV20I-80-I"},{"r":"61","t":"06:40:44","h":"Est","s":"25S-H56S000A-80-A"},{"r":"61","t":"06:40:44","h":"Est","s":"25S-H56S000I-80-I"},{"r":"61","t":"06:40:44","h":"Est","s":"25S-H56S100F-80-F1"},{"r":"61","t":"06:40:44","h":"Est","s":"25S-H56S200F-81-F2"},{"r":"61","t":"06:58:18","h":"Est","s":"25N-H56N000S-80-S"},{"r":"61","t":"06:58:18","h":"Est","s":"25N-H56NV10S-80-S"},{"r":"61","t":"06:58:18","h":"Est","s":"25N-H56NV20S-80-S"},{"r":"61","t":"06:58:18","h":"Est","s":"25S-H56S000S-80-S"},{"r":"61","t":"07:12:44","h":"Est","s":"25N-H56N000I-80-I"},{"r":"61","t":"07:12:44","h":"Est","s":"25N-H56N100F-80-F1"},{"r":"61","t":"07:12:44","h":"Est","s":"25N-H56N200F-80-F2"},{"r":"61","t":"07:12:44","h":"Est","s":"25N-H56N300F-80-F3"},{"r":"61","t":"07:12:44","h":"Est","s":"25N-H56N400F-80-F4"},{"r":"61","t":"07:12:44","h":"Est","s":"25N-H56NV10I-80-I"},{"r":"61","t":"07:12:44","h":"Est","s":"25N-H56NV20I-80-I"},{"r":"61","t":"07:12:44","h":"Est","s":"25S-H56S000I-80-I"},{"r":"61","t":"07:12:44","h":"Est","s":"25S-H56S100F-80-F1"},{"r":"61","t":"07:12:44","h":"Est","s":"25S-H56S200F-81-F2"},{"r":"61","t":"07:13:44","h":"Est","s":"25N-H56N000A-80-A"},{"r":"61","t":"07:13:44","h":"Est","s":"25N-H56NV10A-80-A"},{"r":"61","t":"07:13:44","h":"Est","s":"25N-H56NV20A-80-A"},{"r":"61","t":"07:13:44","h":"Est","s":"25S-H56S000A-80-A"},{"r":"61","t":"07:23:18","h":"Est","s":"25N-H56N000S-80-S"},{"r":"61","t":"07:23:18","h":"Est","s":"25N-H56NV10S-80-S"},{"r":"61","t":"07:23:18","h":"Est","s":"25N-H56NV20S-80-S"},{"r":"61","t":"07:23:18","h":"Est","s":"25S-H56S000S-80-S"},{"r":"61","t":"07:44:44","h":"Est","s":"25N-H56N000I-80-I"},{"r":"61","t":"07:44:44","h":"Est","s":"25N-H56N100F-80-F1"},{"r":"61","t":"07:44:44","h":"Est","s":"25N-H56N200F-80-F2"},{"r":"61","t":"07:44:44","h":"Est","s":"25N-H56N300F-80-F3"},{"r":"61","t":"07:44:44","h":"Est","s":"25N-H56N400F-80-F4"},{"r":"61","t":"07:44:44","h":"Est","s":"25N-H56NV10I-80-I"},{"r":"61","t":"07:44:44","h":"Est","s":"25N-H56NV20I-80-I"},{"r":"61","t":"07:44:44","h":"Est","s":"25S-H56S000I-80-I"},{"r":"61","t":"07:44:44","h":"Est","s":"25S-H56S100F-80-F1"},{"r":"61","t":"07:44:44","h":"Est","s":"25S-H56S200F-81-F2"},{"r":"61","t":"07:46:44","h":"Est","s":"25N-H56N000A-80-A"},{"r":"61","t":"07:46:44","h":"Est","s":"25N-H56NV10A-80-A"},{"r":"61","t":"07:46:44","h":"Est","s":"25N-H56NV20A-80-A"},{"r":"61","t":"07:46:44","h":"Est","s":"25S-H56S000A-80-A"},{"r":"61","t":"07:56:53","h":"Est","s":"25N-H56N000S-80-S"},{"r":"61","t":"07:56:53","h":"Est","s":"25N-H56NV10S-80-S"},{"r":"61","t":"07:56:53","h":"Est","s":"25N-H56NV20S-80-S"},{"r":"61","t":"07:56:53","h":"Est","s":"25S-H56S000S-80-S"},{"r":"61","t":"08:16:44","h":"Est","s":"25N-H56N000I-80-I"},{"r":"61","t":"08:16:44","h":"Est","s":"25N-H56N100F-80-F1"},{"r":"61","t":"08:16:44","h":"Est","s":"25N-H56N200F-80-F2"},{"r":"61","t":"08:16:44","h":"Est","s":"25N-H56N300F-80-F3"},{"r":"61","t":"08:16:44","h":"Est","s":"25N-H56N400F-80-F4"},{"r":"61","t":"08:16:44","h":"Est","s":"25N-H56NV10I-80-I"},{"r":"61","t":"08:16:44","h":"Est","s":"25N-H56NV20I-80-I"},{"r":"61","t":"08:16:44","h":"Est","s":"25S-H56S000I-80-I"},{"r":"61","t":"08:16:44","h":"Est","s":"25S-H56S100F-80-F1"},{"r":"61","t":"08:16:44","h":"Est","s":"25S-H56S200F-81-F2"},{"r":"61","t":"08:17:44","h":"Est","s":"25N-H56N000A-80-A"},{"r":"61","t":"08:17:44","h":"Est","s":"25N-H56NV10A-80-A"},{"r":"61","t":"08:17:44","h":"Est","s":"25N-H56NV20A-80-A"},{"r":"61","t":"08:17:44","h":"Est","s":"25S-H56S000A-80-A"},{"r":"61","t":"08:30:53","h":"Est","s":"25N-H56N000S-80-S"},{"r":"61","t":"08:30:53","h":"Est","s":"25N-H56NV10S-80-S"},{"r":"61","t":"08:30:53","h":"Est","s":"25N-H56NV20S-80-S"},{"r":"61","t":"08:30:53","h":"Est","s":"25S-H56S000S-80-S"},{"r":"61","t":"08:47:44","h":"Est","s":"25N-H56N000A-80-A"},{"r":"61","t":"08:47:44","h":"Est","s":"25N-H56NV10A-80-A"},{"r":"61","t":"08:47:44","h":"Est","s":"25N-H56NV20A-80-A"},{"r":"61","t":"08:47:44","h":"Est","s":"25S-H56S000A-80-A"},{"r":"61","t":"08:48:44","h":"Est","s":"25N-H56N000I-80-I"},{"r":"61","t":"08:48:44","h":"Est","s":"25N-H56N100F-80-F1"},{"r":"61","t":"08:48:44","h":"Est","s":"25N-H56N200F-80-F2"},{"r":"61","t":"08:48:44","h":"Est","s":"25N-H56N300F-80-F3"},{"r":"61","t":"08:48:44","h":"Est","s":"25N-H56N400F-80-F4"},{"r":"61","t":"08:48:44","h":"Est","s":"25N-H56NV10I-80-I"},{"r":"61","t":"08:48:44","h":"Est","s":"25N-H56NV20I-80-I"},{"r":"61","t":"08:48:44","h":"Est","s":"25S-H56S000I-80-I"},{"r":"61","t":"08:48:44","h":"Est","s":"25S-H56S100F-80-F1"},{"r":"61","t":"08:48:44","h":"Est","s":"25S-H56S200F-81-F2"},{"r":"61","t":"09:02:53","h":"Est","s":"25N-H56N000S-80-S"},{"r":"61","t":"09:02:53","h":"Est","s":"25N-H56NV10S-80-S"},{"r":"61","t":"09:02:53","h":"Est","s":"25N-H56NV20S-80-S"},{"r":"61","t":"09:02:53","h":"Est","s":"25S-H56S000S-80-S"},{"r":"61","t":"09:18:44","h":"Est","s":"25N-H56N000A-80-A"},{"r":"61","t":"09:18:44","h":"Est","s":"25N-H56NV10A-80-A"},{"r":"61","t":"09:18:44","h":"Est","s":"25N-H56NV20A-80-A"},{"r":"61","t":"09:18:44","h":"Est","s":"25S-H56S000A-80-A"},{"r":"61","t":"09:19:18","h":"Est","s":"25N-H56N000I-80-I"},{"r":"61","t":"09:19:18","h":"Est","s":"25N-H56N100F-80-F1"},{"r":"61","t":"09:19:18","h":"Est","s":"25N-H56N200F-80-F2"},{"r":"61","t":"09:19:18","h":"Est","s":"25N-H56N300F-80-F3"},{"r":"61","t":"09:19:18","h":"Est","s":"25N-H56N400F-80-F4"},{"r":"61","t":"09:19:18","h":"Est","s":"25N-H56NV10I-80-I"},{"r":"61","t":"09:19:18","h":"Est","s":"25N-H56NV20I-80-I"},{"r":"61","t":"09:19:18","h":"Est","s":"25S-H56S000I-80-I"},{"r":"61","t":"09:19:18","h":"Est","s":"25S-H56S100F-80-F1"},{"r":"61","t":"09:19:18","h":"Est","s":"25S-H56S200F-81-F2"},{"r":"61","t":"09:32:18","h":"Est","s":"25N-H56N000S-80-S"},{"r":"61","t":"09:32:18","h":"Est","s":"25N-H56NV10S-80-S"},{"r":"61","t":"09:32:18","h":"Est","s":"25N-H56NV20S-80-S"},{"r":"61","t":"09:32:18","h":"Est","s":"25S-H56S000S-80-S"},{"r":"61","t":"09:48:18","h":"Est","s":"25N-H56N000I-80-I"},{"r":"61","t":"09:48:18","h":"Est","s":"25N-H56N100F-80-F1"},{"r":"61","t":"09:48:18","h":"Est","s":"25N-H56N200F-80-F2"},{"r":"61","t":"09:48:18","h":"Est","s":"25N-H56N300F-80-F3"},{"r":"61","t":"09:48:18","h":"Est","s":"25N-H56N400F-80-F4"},{"r":"61","t":"09:48:18","h":"Est","s":"25N-H56NV10I-80-I"},{"r":"61","t":"09:48:18","h":"Est","s":"25N-H56NV20I-80-I"},{"r":"61","t":"09:48:18","h":"Est","s":"25S-H56S000I-80-I"},{"r":"61","t":"09:48:18","h":"Est","s":"25S-H56S100F-80-F1"},{"r":"61","t":"09:48:18","h":"Est","s":"25S-H56S200F-81-F2"},{"r":"61","t":"09:48:44","h":"Est","s":"25N-H56N000A-80-A"},{"r":"61","t":"09:48:44","h":"Est","s":"25N-H56NV10A-80-A"},{"r":"61","t":"09:48:44","h":"Est","s":"25N-H56NV20A-80-A"},{"r":"61","t":"09:48:44","h":"Est","s":"25S-H56S000A-80-A"},{"r":"61","t":"10:00:18","h":"Est","s":"25N-H56N000S-80-S"},{"r":"61","t":"10:00:18","h":"Est","s":"25N-H56NV10S-80-S"},{"r":"61","t":"10:00:18","h":"Est","s":"25N-H56NV20S-80-S"},{"r":"61","t":"10:00:18","h":"Est","s":"25S-H56S000S-80-S"},{"r":"61","t":"10:15:44","h":"Est","s":"25N-H56N000A-80-A"},{"r":"61","t":"10:15:44","h":"Est","s":"25N-H56NV10A-80-A"},{"r":"61","t":"10:15:44","h":"Est","s":"25N-H56NV20A-80-A"},{"r":"61","t":"10:15:44","h":"Est","s":"25S-H56S000A-80-A"},{"r":"61","t":"10:19:18","h":"Est","s":"25N-H56N000I-80-I"},{"r":"61","t":"10:19:18","h":"Est","s":"25N-H56N100F-80-F1"},{"r":"61","t":"10:19:18","h":"Est","s":"25N-H56N200F-80-F2"},{"r":"61","t":"10:19:18","h":"Est","s":"25N-H56N300F-80-F3"},{"r":"61","t":"10:19:18","h":"Est","s":"25N-H56N400F-80-F4"},{"r":"61","t":"10:19:18","h":"Est","s":"25N-H56NV10I-80-I"},{"r":"61","t":"10:19:18","h":"Est","s":"25N-H56NV20I-80-I"},{"r":"61","t":"10:19:18","h":"Est","s":"25S-H56S000I-80-I"},{"r":"61","t":"10:19:18","h":"Est","s":"25S-H56S100F-80-F1"},{"r":"61","t":"10:19:18","h":"Est","s":"25S-H56S200F-81-F2"},{"r":"61","t":"10:29:18","h":"Est","s":"25N-H56N000S-80-S"},{"r":"61","t":"10:29:18","h":"Est","s":"25N-H56NV10S-80-S"},{"r":"61","t":"10:29:18","h":"Est","s":"25N-H56NV20S-80-S"},{"r":"61","t":"10:29:18","h":"Est","s":"25S-H56S000S-80-S"},{"r":"61","t":"10:43:44","h":"Est","s":"25N-H56N000A-80-A"},{"r":"61","t":"10:43:44","h":"Est","s":"25N-H56NV10A-80-A"},{"r":"61","t":"10:43:44","h":"Est","s":"25N-H56NV20A-80-A"},{"r":"61","t":"10:43:44","h":"Est","s":"25S-H56S000A-80-A"},{"r":"61","t":"10:47:18","h":"Est","s":"25N-H56N000I-80-I"},{"r":"61","t":"10:47:18","h":"Est","s":"25N-H56N100F-80-F1"},{"r":"61","t":"10:47:18","h":"Est","s":"25N-H56N200F-80-F2"},{"r":"61","t":"10:47:18","h":"Est","s":"25N-H56N300F-80-F3"},{"r":"61","t":"10:47:18","h":"Est","s":"25N-H56N400F-80-F4"},{"r":"61","t":"10:47:18","h":"Est","s":"25N-H56NV10I-80-I"},{"r":"61","t":"10:47:18","h":"Est","s":"25N-H56NV20I-80-I"},{"r":"61","t":"10:47:18","h":"Est","s":"25S-H56S000I-80-I"},{"r":"61","t":"10:47:18","h":"Est","s":"25S-H56S100F-80-F1"},{"r":"61","t":"10:47:18","h":"Est","s":"25S-H56S200F-81-F2"},{"r":"61","t":"10:59:18","h":"Est","s":"25N-H50N000S-80-S"},{"r":"61","t":"10:59:18","h":"Est","s":"25N-H50N000S-90-S"},{"r":"61","t":"10:59:18","h":"Est","s":"25N-H50NV10S-90-S"},{"r":"61","t":"10:59:18","h":"Est","s":"25N-H50NV20S-90-S"},{"r":"61","t":"10:59:18","h":"Est","s":"25S-H50S000S-81-S"},{"r":"61","t":"11:12:44","h":"Est","s":"25N-H56N000A-80-A"},{"r":"61","t":"11:12:44","h":"Est","s":"25N-H56NV10A-80-A"},{"r":"61","t":"11:12:44","h":"Est","s":"25N-H56NV20A-80-A"},{"r":"61","t":"11:12:44","h":"Est","s":"25S-H56S000A-80-A"},{"r":"61","t":"11:15:18","h":"Est","s":"25N-H56N000I-80-I"},{"r":"61","t":"11:15:18","h":"Est","s":"25N-H56N100F-80-F1"},{"r":"61","t":"11:15:18","h":"Est","s":"25N-H56N200F-80-F2"},{"r":"61","t":"11:15:18","h":"Est","s":"25N-H56N300F-80-F3"},{"r":"61","t":"11:15:18","h":"Est","s":"25N-H56N400F-80-F4"},{"r":"61","t":"11:15:18","h":"Est","s":"25N-H56NV10I-80-I"},{"r":"61","t":"11:15:18","h":"Est","s":"25N-H56NV20I-80-I"},{"r":"61","t":"11:15:18","h":"Est","s":"25S-H56S000I-80-I"},{"r":"61","t":"11:15:18","h":"Est","s":"25S-H56S100F-80-F1"},{"r":"61","t":"11:15:18","h":"Est","s":"25S-H56S200F-81-F2"},{"r":"61","t":"11:30:18","h":"Est","s":"25N-H56N000S-80-S"},{"r":"61","t":"11:30:18","h":"Est","s":"25N-H56NV10S-80-S"},{"r":"61","t":"11:30:18","h":"Est","s":"25N-H56NV20S-80-S"},{"r":"61","t":"11:30:18","h":"Est","s":"25S-H56S000S-80-S"},{"r":"61","t":"11:42:44","h":"Est","s":"25N-H56N000A-80-A"},{"r":"61","t":"11:42:44","h":"Est","s":"25N-H56NV10A-80-A"},{"r":"61","t":"11:42:44","h":"Est","s":"25N-H56NV20A-80-A"},{"r":"61","t":"11:42:44","h":"Est","s":"25S-H56S000A-80-A"},{"r":"61","t":"11:45:18","h":"Est","s":"25N-H56N000I-80-I"},{"r":"61","t":"11:45:18","h":"Est","s":"25N-H56N100F-80-F1"},{"r":"61","t":"11:45:18","h":"Est","s":"25N-H56N200F-80-F2"},{"r":"61","t":"11:45:18","h":"Est","s":"25N-H56N300F-80-F3"},{"r":"61","t":"11:45:18","h":"Est","s":"25N-H56N400F-80-F4"},{"r":"61","t":"11:45:18","h":"Est","s":"25N-H56NV10I-80-I"},{"r":"61","t":"11:45:18","h":"Est","s":"25N-H56NV20I-80-I"},{"r":"61","t":"11:45:18","h":"Est","s":"25S-H56S000I-80-I"},{"r":"61","t":"11:45:18","h":"Est","s":"25S-H56S100F-80-F1"},{"r":"61","t":"11:45:18","h":"Est","s":"25S-H56S200F-81-F2"},{"r":"61","t":"12:01:18","h":"Est","s":"25N-H56N000S-80-S"},{"r":"61","t":"12:01:18","h":"Est","s":"25N-H56NV10S-80-S"},{"r":"61","t":"12:01:18","h":"Est","s":"25N-H56NV20S-80-S"},{"r":"61","t":"12:01:18","h":"Est","s":"25S-H56S000S-80-S"},{"r":"61","t":"12:13:18","h":"Est","s":"25N-H56N000A-80-A"},{"r":"61","t":"12:13:18","h":"Est","s":"25N-H56NV10A-80-A"},{"r":"61","t":"12:13:18","h":"Est","s":"25N-H56NV20A-80-A"},{"r":"61","t":"12:13:18","h":"Est","s":"25S-H56S000A-80-A"},{"r":"61","t":"12:15:18","h":"Est","s":"25N-H56N000I-80-I"},{"r":"61","t":"12:15:18","h":"Est","s":"25N-H56N100F-80-F1"},{"r":"61","t":"12:15:18","h":"Est","s":"25N-H56N200F-80-F2"},{"r":"61","t":"12:15:18","h":"Est","s":"25N-H56N300F-80-F3"},{"r":"61","t":"12:15:18","h":"Est","s":"25N-H56N400F-80-F4"},{"r":"61","t":"12:15:18","h":"Est","s":"25N-H56NV10I-80-I"},{"r":"61","t":"12:15:18","h":"Est","s":"25N-H56NV20I-80-I"},{"r":"61","t":"12:15:18","h":"Est","s":"25S-H56S000I-80-I"},{"r":"61","t":"12:15:18","h":"Est","s":"25S-H56S100F-80-F1"},{"r":"61","t":"12:15:18","h":"Est","s":"25S-H56S200F-81-F2"},{"r":"61","t":"12:31:18","h":"Est","s":"25N-H56N000S-80-S"},{"r":"61","t":"12:31:18","h":"Est","s":"25N-H56NV10S-80-S"},{"r":"61","t":"12:31:18","h":"Est","s":"25N-H56NV20S-80-S"},{"r":"61","t":"12:31:18","h":"Est","s":"25S-H56S000S-80-S"},{"r":"61","t":"12:43:18","h":"Est","s":"25N-H56N000A-80-A"},{"r":"61","t":"12:43:18","h":"Est","s":"25N-H56NV10A-80-A"},{"r":"61","t":"12:43:18","h":"Est","s":"25N-H56NV20A-80-A"},{"r":"61","t":"12:43:18","h":"Est","s":"25S-H56S000A-80-A"},{"r":"61","t":"12:45:18","h":"Est","s":"25N-H56N000I-80-I"},{"r":"61","t":"12:45:18","h":"Est","s":"25N-H56N100F-80-F1"},{"r":"61","t":"12:45:18","h":"Est","s":"25N-H56N200F-80-F2"},{"r":"61","t":"12:45:18","h":"Est","s":"25N-H56N300F-80-F3"},{"r":"61","t":"12:45:18","h":"Est","s":"25N-H56N400F-80-F4"},{"r":"61","t":"12:45:18","h":"Est","s":"25N-H56NV10I-80-I"},{"r":"61","t":"12:45:18","h":"Est","s":"25N-H56NV20I-80-I"},{"r":"61","t":"12:45:18","h":"Est","s":"25S-H56S000I-80-I"},{"r":"61","t":"12:45:18","h":"Est","s":"25S-H56S100F-80-F1"},{"r":"61","t":"12:45:18","h":"Est","s":"25S-H56S200F-81-F2"},{"r":"61","t":"13:01:18","h":"Est","s":"25N-H56N000S-80-S"},{"r":"61","t":"13:01:18","h":"Est","s":"25N-H56NV10S-80-S"},{"r":"61","t":"13:01:18","h":"Est","s":"25N-H56NV20S-80-S"},{"r":"61","t":"13:01:18","h":"Est","s":"25S-H56S000S-80-S"},{"r":"61","t":"13:13:18","h":"Est","s":"25N-H56N000A-80-A"},{"r":"61","t":"13:13:18","h":"Est","s":"25N-H56N000I-80-I"},{"r":"61","t":"13:13:18","h":"Est","s":"25N-H56N100F-80-F1"},{"r":"61","t":"13:13:18","h":"Est","s":"25N-H56N200F-80-F2"},{"r":"61","t":"13:13:18","h":"Est","s":"25N-H56N300F-80-F3"},{"r":"61","t":"13:13:18","h":"Est","s":"25N-H56N400F-80-F4"},{"r":"61","t":"13:13:18","h":"Est","s":"25N-H56NV10A-80-A"},{"r":"61","t":"13:13:18","h":"Est","s":"25N-H56NV10I-80-I"},{"r":"61","t":"13:13:18","h":"Est","s":"25N-H56NV20A-80-A"},{"r":"61","t":"13:13:18","h":"Est","s":"25N-H56NV20I-80-I"},{"r":"61","t":"13:13:18","h":"Est","s":"25S-H56S000A-80-A"},{"r":"61","t":"13:13:18","h":"Est","s":"25S-H56S000I-80-I"},{"r":"61","t":"13:13:18","h":"Est","s":"25S-H56S100F-80-F1"},{"r":"61","t":"13:13:18","h":"Est","s":"25S-H56S200F-81-F2"},{"r":"61","t":"13:31:18","h":"Est","s":"25N-H56N000S-80-S"},{"r":"61","t":"13:31:18","h":"Est","s":"25N-H56NV10S-80-S"},{"r":"61","t":"13:31:18","h":"Est","s":"25N-H56NV20S-80-S"},{"r":"61","t":"13:31:18","h":"Est","s":"25S-H56S000S-80-S"},{"r":"61","t":"13:43:18","h":"Est","s":"25N-H56N000I-80-I"},{"r":"61","t":"13:43:18","h":"Est","s":"25N-H56N100F-80-F1"},{"r":"61","t":"13:43:18","h":"Est","s":"25N-H56N200F-80-F2"},{"r":"61","t":"13:43:18","h":"Est","s":"25N-H56N300F-80-F3"},{"r":"61","t":"13:43:18","h":"Est","s":"25N-H56N400F-80-F4"},{"r":"61","t":"13:43:18","h":"Est","s":"25N-H56NV10I-80-I"},{"r":"61","t":"13:43:18","h":"Est","s":"25N-H56NV20I-80-I"},{"r":"61","t":"13:43:18","h":"Est","s":"25S-H56S000I-80-I"},{"r":"61","t":"13:43:18","h":"Est","s":"25S-H56S100F-80-F1"},{"r":"61","t":"13:43:18","h":"Est","s":"25S-H56S200F-81-F2"},{"r":"61","t":"13:45:18","h":"Est","s":"25N-H56N000A-80-A"},{"r":"61","t":"13:45:18","h":"Est","s":"25N-H56NV10A-80-A"},{"r":"61","t":"13:45:18","h":"Est","s":"25N-H56NV20A-80-A"},{"r":"61","t":"13:45:18","h":"Est","s":"25S-H56S000A-80-A"},{"r":"61","t":"14:02:18","h":"Est","s":"25N-H56N000S-80-S"},{"r":"61","t":"14:02:18","h":"Est","s":"25N-H56NV10S-80-S"},{"r":"61","t":"14:02:18","h":"Est","s":"25N-H56NV20S-80-S"},{"r":"61","t":"14:02:18","h":"Est","s":"25S-H56S000S-80-S"},{"r":"61","t":"14:13:18","h":"Est","s":"25N-H56N000I-80-I"},{"r":"61","t":"14:13:18","h":"Est","s":"25N-H56N100F-80-F1"},{"r":"61","t":"14:13:18","h":"Est","s":"25N-H56N200F-80-F2"},{"r":"61","t":"14:13:18","h":"Est","s":"25N-H56N300F-80-F3"},{"r":"61","t":"14:13:18","h":"Est","s":"25N-H56N400F-80-F4"},{"r":"61","t":"14:13:18","h":"Est","s":"25N-H56NV10I-80-I"},{"r":"61","t":"14:13:18","h":"Est","s":"25N-H56NV20I-80-I"},{"r":"61","t":"14:13:18","h":"Est","s":"25S-H56S000I-80-I"},{"r":"61","t":"14:13:18","h":"Est","s":"25S-H56S100F-80-F1"},{"r":"61","t":"14:13:18","h":"Est","s":"25S-H56S200F-81-F2"},{"r":"61","t":"14:15:18","h":"Est","s":"25N-H56N000A-80-A"},{"r":"61","t":"14:15:18","h":"Est","s":"25N-H56NV10A-80-A"},{"r":"61","t":"14:15:18","h":"Est","s":"25N-H56NV20A-80-A"},{"r":"61","t":"14:15:18","h":"Est","s":"25S-H56S000A-80-A"},{"r":"61","t":"14:33:18","h":"Est","s":"25N-H56N000S-80-S"},{"r":"61","t":"14:33:18","h":"Est","s":"25N-H56NV10S-80-S"},{"r":"61","t":"14:33:18","h":"Est","s":"25N-H56NV20S-80-S"},{"r":"61","t":"14:33:18","h":"Est","s":"25S-H56S000S-80-S"},{"r":"61","t":"14:43:18","h":"Est","s":"25N-H56N000I-80-I"},{"r":"61","t":"14:43:18","h":"Est","s":"25N-H56N100F-80-F1"},{"r":"61","t":"14:43:18","h":"Est","s":"25N-H56N200F-80-F2"},{"r":"61","t":"14:43:18","h":"Est","s":"25N-H56N300F-80-F3"},{"r":"61","t":"14:43:18","h":"Est","s":"25N-H56N400F-80-F4"},{"r":"61","t":"14:43:18","h":"Est","s":"25N-H56NV10I-80-I"},{"r":"61","t":"14:43:18","h":"Est","s":"25N-H56NV20I-80-I"},{"r":"61","t":"14:43:18","h":"Est","s":"25S-H56S000I-80-I"},{"r":"61","t":"14:43:18","h":"Est","s":"25S-H56S100F-80-F1"},{"r":"61","t":"14:43:18","h":"Est","s":"25S-H56S200F-81-F2"},{"r":"61","t":"14:45:18","h":"Est","s":"25N-H56N000A-80-A"},{"r":"61","t":"14:45:18","h":"Est","s":"25N-H56NV10A-80-A"},{"r":"61","t":"14:45:18","h":"Est","s":"25N-H56NV20A-80-A"},{"r":"61","t":"14:45:18","h":"Est","s":"25S-H56S000A-80-A"},{"r":"61","t":"15:05:18","h":"Est","s":"25N-H56N000S-80-S"},{"r":"61","t":"15:05:18","h":"Est","s":"25N-H56NV10S-80-S"},{"r":"61","t":"15:05:18","h":"Est","s":"25N-H56NV20S-80-S"},{"r":"61","t":"15:05:18","h":"Est","s":"25S-H56S000S-80-S"},{"r":"61","t":"15:13:18","h":"Est","s":"25N-H56N000I-80-I"},{"r":"61","t":"15:13:18","h":"Est","s":"25N-H56N100F-80-F1"},{"r":"61","t":"15:13:18","h":"Est","s":"25N-H56N200F-80-F2"},{"r":"61","t":"15:13:18","h":"Est","s":"25N-H56N300F-80-F3"},{"r":"61","t":"15:13:18","h":"Est","s":"25N-H56N400F-80-F4"},{"r":"61","t":"15:13:18","h":"Est","s":"25N-H56NV10I-80-I"},{"r":"61","t":"15:13:18","h":"Est","s":"25N-H56NV20I-80-I"},{"r":"61","t":"15:13:18","h":"Est","s":"25S-H56S000I-80-I"},{"r":"61","t":"15:13:18","h":"Est","s":"25S-H56S100F-80-F1"},{"r":"61","t":"15:13:18","h":"Est","s":"25S-H56S200F-81-F2"},{"r":"61","t":"15:15:18","h":"Est","s":"25N-H56N000A-80-A"},{"r":"61","t":"15:15:18","h":"Est","s":"25N-H56NV10A-80-A"},{"r":"61","t":"15:15:18","h":"Est","s":"25N-H56NV20A-80-A"},{"r":"61","t":"15:15:18","h":"Est","s":"25S-H56S000A-80-A"},{"r":"61","t":"15:38:18","h":"Est","s":"25N-H56N000S-80-S"},{"r":"61","t":"15:38:18","h":"Est","s":"25N-H56NV10S-80-S"},{"r":"61","t":"15:38:18","h":"Est","s":"25N-H56NV20S-80-S"},{"r":"61","t":"15:38:18","h":"Est","s":"25S-H56S000S-80-S"},{"r":"61","t":"15:43:18","h":"Est","s":"25N-H56N000I-80-I"},{"r":"61","t":"15:43:18","h":"Est","s":"25N-H56N100F-80-F1"},{"r":"61","t":"15:43:18","h":"Est","s":"25N-H56N200F-80-F2"},{"r":"61","t":"15:43:18","h":"Est","s":"25N-H56N300F-80-F3"},{"r":"61","t":"15:43:18","h":"Est","s":"25N-H56N400F-80-F4"},{"r":"61","t":"15:43:18","h":"Est","s":"25N-H56NV10I-80-I"},{"r":"61","t":"15:43:18","h":"Est","s":"25N-H56NV20I-80-I"},{"r":"61","t":"15:43:18","h":"Est","s":"25S-H56S000I-80-I"},{"r":"61","t":"15:43:18","h":"Est","s":"25S-H56S100F-80-F1"},{"r":"61","t":"15:43:18","h":"Est","s":"25S-H56S200F-81-F2"},{"r":"61","t":"15:48:18","h":"Est","s":"25N-H56N000A-80-A"},{"r":"61","t":"15:48:18","h":"Est","s":"25N-H56NV10A-80-A"},{"r":"61","t":"15:48:18","h":"Est","s":"25N-H56NV20A-80-A"},{"r":"61","t":"15:48:18","h":"Est","s":"25S-H56S000A-80-A"},{"r":"61","t":"16:09:18","h":"Est","s":"25N-H56N000S-80-S"},{"r":"61","t":"16:09:18","h":"Est","s":"25N-H56NV10S-80-S"},{"r":"61","t":"16:09:18","h":"Est","s":"25N-H56NV20S-80-S"},{"r":"61","t":"16:09:18","h":"Est","s":"25S-H56S000S-80-S"},{"r":"61","t":"16:14:18","h":"Est","s":"25N-H56N000I-80-I"},{"r":"61","t":"16:14:18","h":"Est","s":"25N-H56N100F-80-F1"},{"r":"61","t":"16:14:18","h":"Est","s":"25N-H56N200F-80-F2"},{"r":"61","t":"16:14:18","h":"Est","s":"25N-H56N300F-80-F3"},{"r":"61","t":"16:14:18","h":"Est","s":"25N-H56N400F-80-F4"},{"r":"61","t":"16:14:18","h":"Est","s":"25N-H56NV10I-80-I"},{"r":"61","t":"16:14:18","h":"Est","s":"25N-H56NV20I-80-I"},{"r":"61","t":"16:14:18","h":"Est","s":"25S-H56S000I-80-I"},{"r":"61","t":"16:14:18","h":"Est","s":"25S-H56S100F-80-F1"},{"r":"61","t":"16:14:18","h":"Est","s":"25S-H56S200F-81-F2"},{"r":"61","t":"16:19:18","h":"Est","s":"25N-H56N000A-80-A"},{"r":"61","t":"16:19:18","h":"Est","s":"25N-H56NV10A-80-A"},{"r":"61","t":"16:19:18","h":"Est","s":"25N-H56NV20A-80-A"},{"r":"61","t":"16:19:18","h":"Est","s":"25S-H56S000A-80-A"},{"r":"61","t":"16:36:18","h":"Est","s":"25N-H56N000S-80-S"},{"r":"61","t":"16:36:18","h":"Est","s":"25N-H56NV10S-80-S"},{"r":"61","t":"16:36:18","h":"Est","s":"25N-H56NV20S-80-S"},{"r":"61","t":"16:36:18","h":"Est","s":"25S-H56S000S-80-S"},{"r":"61","t":"16:44:18","h":"Est","s":"25N-H56N000I-80-I"},{"r":"61","t":"16:44:18","h":"Est","s":"25N-H56N100F-80-F1"},{"r":"61","t":"16:44:18","h":"Est","s":"25N-H56N200F-80-F2"},{"r":"61","t":"16:44:18","h":"Est","s":"25N-H56N300F-80-F3"},{"r":"61","t":"16:44:18","h":"Est","s":"25N-H56N400F-80-F4"},{"r":"61","t":"16:44:18","h":"Est","s":"25N-H56NV10I-80-I"},{"r":"61","t":"16:44:18","h":"Est","s":"25N-H56NV20I-80-I"},{"r":"61","t":"16:44:18","h":"Est","s":"25S-H56S000I-80-I"},{"r":"61","t":"16:44:18","h":"Est","s":"25S-H56S100F-80-F1"},{"r":"61","t":"16:44:18","h":"Est","s":"25S-H56S200F-81-F2"},{"r":"61","t":"16:49:18","h":"Est","s":"25N-H56N000A-80-A"},{"r":"61","t":"16:49:18","h":"Est","s":"25N-H56NV10A-80-A"},{"r":"61","t":"16:49:18","h":"Est","s":"25N-H56NV20A-80-A"},{"r":"61","t":"16:49:18","h":"Est","s":"25S-H56S000A-80-A"},{"r":"61","t":"17:10:18","h":"Est","s":"25N-H56N000S-80-S"},{"r":"61","t":"17:10:18","h":"Est","s":"25N-H56NV10S-80-S"},{"r":"61","t":"17:10:18","h":"Est","s":"25N-H56NV20S-80-S"},{"r":"61","t":"17:10:18","h":"Est","s":"25S-H56S000S-80-S"},{"r":"61","t":"17:14:18","h":"Est","s":"25N-H56N000I-80-I"},{"r":"61","t":"17:14:18","h":"Est","s":"25N-H56N100F-80-F1"},{"r":"61","t":"17:14:18","h":"Est","s":"25N-H56N200F-80-F2"},{"r":"61","t":"17:14:18","h":"Est","s":"25N-H56N300F-80-F3"},{"r":"61","t":"17:14:18","h":"Est","s":"25N-H56N400F-80-F4"},{"r":"61","t":"17:14:18","h":"Est","s":"25N-H56NV10I-80-I"},{"r":"61","t":"17:14:18","h":"Est","s":"25N-H56NV20I-80-I"},{"r":"61","t":"17:14:18","h":"Est","s":"25S-H56S000I-80-I"},{"r":"61","t":"17:14:18","h":"Est","s":"25S-H56S100F-80-F1"},{"r":"61","t":"17:14:18","h":"Est","s":"25S-H56S200F-81-F2"},{"r":"61","t":"17:22:18","h":"Est","s":"25N-H56N000A-80-A"},{"r":"61","t":"17:22:18","h":"Est","s":"25N-H56NV10A-80-A"},{"r":"61","t":"17:22:18","h":"Est","s":"25N-H56NV20A-80-A"},{"r":"61","t":"17:22:18","h":"Est","s":"25S-H56S000A-80-A"},{"r":"61","t":"17:43:18","h":"Est","s":"25N-H56N000S-80-S"},{"r":"61","t":"17:43:18","h":"Est","s":"25N-H56NV10S-80-S"},{"r":"61","t":"17:43:18","h":"Est","s":"25N-H56NV20S-80-S"},{"r":"61","t":"17:43:18","h":"Est","s":"25S-H56S000S-80-S"},{"r":"61","t":"17:44:18","h":"Est","s":"25N-H56N000I-80-I"},{"r":"61","t":"17:44:18","h":"Est","s":"25N-H56N100F-80-F1"},{"r":"61","t":"17:44:18","h":"Est","s":"25N-H56N200F-80-F2"},{"r":"61","t":"17:44:18","h":"Est","s":"25N-H56N300F-80-F3"},{"r":"61","t":"17:44:18","h":"Est","s":"25N-H56N400F-80-F4"},{"r":"61","t":"17:44:18","h":"Est","s":"25N-H56NV10I-80-I"},{"r":"61","t":"17:44:18","h":"Est","s":"25N-H56NV20I-80-I"},{"r":"61","t":"17:44:18","h":"Est","s":"25S-H56S000I-80-I"},{"r":"61","t":"17:44:18","h":"Est","s":"25S-H56S100F-80-F1"},{"r":"61","t":"17:44:18","h":"Est","s":"25S-H56S200F-81-F2"},{"r":"61","t":"17:52:18","h":"Est","s":"25N-H56N000A-80-A"},{"r":"61","t":"17:52:18","h":"Est","s":"25N-H56NV10A-80-A"},{"r":"61","t":"17:52:18","h":"Est","s":"25N-H56NV20A-80-A"},{"r":"61","t":"17:52:18","h":"Est","s":"25S-H56S000A-80-A"},{"r":"61","t":"18:14:18","h":"Est","s":"25N-H56N000I-80-I"},{"r":"61","t":"18:14:18","h":"Est","s":"25N-H56N100F-80-F1"},{"r":"61","t":"18:14:18","h":"Est","s":"25N-H56N200F-80-F2"},{"r":"61","t":"18:14:18","h":"Est","s":"25N-H56N300F-80-F3"},{"r":"61","t":"18:14:18","h":"Est","s":"25N-H56N400F-80-F4"},{"r":"61","t":"18:14:18","h":"Est","s":"25N-H56NV10I-80-I"},{"r":"61","t":"18:14:18","h":"Est","s":"25N-H56NV20I-80-I"},{"r":"61","t":"18:14:18","h":"Est","s":"25S-H56S000I-80-I"},{"r":"61","t":"18:14:18","h":"Est","s":"25S-H56S100F-80-F1"},{"r":"61","t":"18:14:18","h":"Est","s":"25S-H56S200F-81-F2"},{"r":"61","t":"18:15:18","h":"Est","s":"25N-H56N000S-80-S"},{"r":"61","t":"18:15:18","h":"Est","s":"25N-H56NV10S-80-S"},{"r":"61","t":"18:15:18","h":"Est","s":"25N-H56NV20S-80-S"},{"r":"61","t":"18:15:18","h":"Est","s":"25S-H56S000S-80-S"},{"r":"61","t":"18:23:18","h":"Est","s":"25N-H56N000A-80-A"},{"r":"61","t":"18:23:18","h":"Est","s":"25N-H56NV10A-80-A"},{"r":"61","t":"18:23:18","h":"Est","s":"25N-H56NV20A-80-A"},{"r":"61","t":"18:23:18","h":"Est","s":"25S-H56S000A-80-A"},{"r":"61","t":"18:37:18","h":"Est","s":"25N-H56N000S-80-S"},{"r":"61","t":"18:37:18","h":"Est","s":"25N-H56NV10S-80-S"},{"r":"61","t":"18:37:18","h":"Est","s":"25N-H56NV20S-80-S"},{"r":"61","t":"18:37:18","h":"Est","s":"25S-H56S000S-80-S"},{"r":"61","t":"18:44:18","h":"Est","s":"25N-H56N000I-80-I"},{"r":"61","t":"18:44:18","h":"Est","s":"25N-H56N100F-80-F1"},{"r":"61","t":"18:44:18","h":"Est","s":"25N-H56N200F-80-F2"},{"r":"61","t":"18:44:18","h":"Est","s":"25N-H56N300F-80-F3"},{"r":"61","t":"18:44:18","h":"Est","s":"25N-H56N400F-80-F4"},{"r":"61","t":"18:44:18","h":"Est","s":"25N-H56NV10I-80-I"},{"r":"61","t":"18:44:18","h":"Est","s":"25N-H56NV20I-80-I"},{"r":"61","t":"18:44:18","h":"Est","s":"25S-H56S000I-80-I"},{"r":"61","t":"18:44:18","h":"Est","s":"25S-H56S100F-80-F1"},{"r":"61","t":"18:44:18","h":"Est","s":"25S-H56S200F-81-F2"},{"r":"61","t":"18:53:18","h":"Est","s":"25N-H56N000A-80-A"},{"r":"61","t":"18:53:18","h":"Est","s":"25N-H56NV10A-80-A"},{"r":"61","t":"18:53:18","h":"Est","s":"25N-H56NV20A-80-A"},{"r":"61","t":"18:53:18","h":"Est","s":"25S-H56S000A-80-A"},{"r":"61","t":"19:07:18","h":"Est","s":"25N-H56N000S-80-S"},{"r":"61","t":"19:07:18","h":"Est","s":"25N-H56NV10S-80-S"},{"r":"61","t":"19:07:18","h":"Est","s":"25N-H56NV20S-80-S"},{"r":"61","t":"19:07:18","h":"Est","s":"25S-H56S000S-80-S"},{"r":"61","t":"19:13:18","h":"Est","s":"25N-H56N000I-80-I"},{"r":"61","t":"19:13:18","h":"Est","s":"25N-H56N100F-80-F1"},{"r":"61","t":"19:13:18","h":"Est","s":"25N-H56N200F-80-F2"},{"r":"61","t":"19:13:18","h":"Est","s":"25N-H56N300F-80-F3"},{"r":"61","t":"19:13:18","h":"Est","s":"25N-H56N400F-80-F4"},{"r":"61","t":"19:13:18","h":"Est","s":"25N-H56NV10I-80-I"},{"r":"61","t":"19:13:18","h":"Est","s":"25N-H56NV20I-80-I"},{"r":"61","t":"19:13:18","h":"Est","s":"25S-H56S000I-80-I"},{"r":"61","t":"19:13:18","h":"Est","s":"25S-H56S100F-80-F1"},{"r":"61","t":"19:13:18","h":"Est","s":"25S-H56S200F-81-F2"},{"r":"61","t":"19:24:18","h":"Est","s":"25N-H56N000A-80-A"},{"r":"61","t":"19:24:18","h":"Est","s":"25N-H56NV10A-80-A"},{"r":"61","t":"19:24:18","h":"Est","s":"25N-H56NV20A-80-A"},{"r":"61","t":"19:24:18","h":"Est","s":"25S-H56S000A-80-A"},{"r":"61","t":"19:32:18","h":"Est","s":"25N-H56N000S-80-S"},{"r":"61","t":"19:32:18","h":"Est","s":"25N-H56NV10S-80-S"},{"r":"61","t":"19:32:18","h":"Est","s":"25N-H56NV20S-80-S"},{"r":"61","t":"19:32:18","h":"Est","s":"25S-H56S000S-80-S"},{"r":"61","t":"19:43:18","h":"Est","s":"25N-H56N000I-80-I"},{"r":"61","t":"19:43:18","h":"Est","s":"25N-H56N100F-80-F1"},{"r":"61","t":"19:43:18","h":"Est","s":"25N-H56N200F-80-F2"},{"r":"61","t":"19:43:18","h":"Est","s":"25N-H56N300F-80-F3"},{"r":"61","t":"19:43:18","h":"Est","s":"25N-H56N400F-80-F4"},{"r":"61","t":"19:43:18","h":"Est","s":"25N-H56NV10I-80-I"},{"r":"61","t":"19:43:18","h":"Est","s":"25N-H56NV20I-80-I"},{"r":"61","t":"19:43:18","h":"Est","s":"25S-H56S000I-80-I"},{"r":"61","t":"19:43:18","h":"Est","s":"25S-H56S100F-80-F1"},{"r":"61","t":"19:43:18","h":"Est","s":"25S-H56S200F-81-F2"},{"r":"61","t":"19:52:18","h":"Est","s":"25N-H56N000A-80-A"},{"r":"61","t":"19:52:18","h":"Est","s":"25N-H56NV10A-80-A"},{"r":"61","t":"19:52:18","h":"Est","s":"25N-H56NV20A-80-A"},{"r":"61","t":"19:52:18","h":"Est","s":"25S-H56S000A-80-A"},{"r":"61","t":"19:58:18","h":"Est","s":"25N-H56N000S-80-S"},{"r":"61","t":"19:58:18","h":"Est","s":"25N-H56NV10S-80-S"},{"r":"61","t":"19:58:18","h":"Est","s":"25N-H56NV20S-80-S"},{"r":"61","t":"19:58:18","h":"Est","s":"25S-H56S000S-80-S"},{"r":"61","t":"20:13:18","h":"Est","s":"25N-H56N000I-80-I"},{"r":"61","t":"20:13:18","h":"Est","s":"25N-H56N100F-80-F1"},{"r":"61","t":"20:13:18","h":"Est","s":"25N-H56N200F-80-F2"},{"r":"61","t":"20:13:18","h":"Est","s":"25N-H56N300F-80-F3"},{"r":"61","t":"20:13:18","h":"Est","s":"25N-H56N400F-80-F4"},{"r":"61","t":"20:13:18","h":"Est","s":"25N-H56NV10I-80-I"},{"r":"61","t":"20:13:18","h":"Est","s":"25N-H56NV20I-80-I"},{"r":"61","t":"20:13:18","h":"Est","s":"25S-H56S000I-80-I"},{"r":"61","t":"20:13:18","h":"Est","s":"25S-H56S100F-80-F1"},{"r":"61","t":"20:13:18","h":"Est","s":"25S-H56S200F-81-F2"},{"r":"61","t":"20:19:18","h":"Est","s":"25N-H56N000S-80-S"},{"r":"61","t":"20:19:18","h":"Est","s":"25N-H56NV10S-80-S"},{"r":"61","t":"20:19:18","h":"Est","s":"25N-H56NV20S-80-S"},{"r":"61","t":"20:19:18","h":"Est","s":"25S-H56S000S-80-S"},{"r":"61","t":"20:20:18","h":"Est","s":"25N-H56N000A-80-A"},{"r":"61","t":"20:20:18","h":"Est","s":"25N-H56NV10A-80-A"},{"r":"61","t":"20:20:18","h":"Est","s":"25N-H56NV20A-80-A"},{"r":"61","t":"20:20:18","h":"Est","s":"25S-H56S000A-80-A"},{"r":"61","t":"20:42:18","h":"Est","s":"25N-H56N000I-80-I"},{"r":"61","t":"20:42:18","h":"Est","s":"25N-H56N100F-80-F1"},{"r":"61","t":"20:42:18","h":"Est","s":"25N-H56N200F-80-F2"},{"r":"61","t":"20:42:18","h":"Est","s":"25N-H56N300F-80-F3"},{"r":"61","t":"20:42:18","h":"Est","s":"25N-H56N400F-80-F4"},{"r":"61","t":"20:42:18","h":"Est","s":"25N-H56NV10I-80-I"},{"r":"61","t":"20:42:18","h":"Est","s":"25N-H56NV20I-80-I"},{"r":"61","t":"20:42:18","h":"Est","s":"25S-H56S000I-80-I"},{"r":"61","t":"20:42:18","h":"Est","s":"25S-H56S100F-80-F1"},{"r":"61","t":"20:42:18","h":"Est","s":"25S-H56S200F-81-F2"},{"r":"61","t":"20:43:18","h":"Est","s":"25N-H56N000S-80-S"},{"r":"61","t":"20:43:18","h":"Est","s":"25N-H56NV10S-80-S"},{"r":"61","t":"20:43:18","h":"Est","s":"25N-H56NV20S-80-S"},{"r":"61","t":"20:43:18","h":"Est","s":"25S-H56S000S-80-S"},{"r":"61","t":"20:48:18","h":"Est","s":"25N-H56N000A-80-A"},{"r":"61","t":"20:48:18","h":"Est","s":"25N-H56NV10A-80-A"},{"r":"61","t":"20:48:18","h":"Est","s":"25N-H56NV20A-80-A"},{"r":"61","t":"20:48:18","h":"Est","s":"25S-H56S000A-80-A"},{"r":"61","t":"21:08:18","h":"Est","s":"25N-H56N000S-80-S"},{"r":"61","t":"21:08:18","h":"Est","s":"25N-H56NV10S-80-S"},{"r":"61","t":"21:08:18","h":"Est","s":"25N-H56NV20S-80-S"},{"r":"61","t":"21:08:18","h":"Est","s":"25S-H56S000S-80-S"},{"r":"61","t":"21:11:18","h":"Est","s":"25N-H56N000I-80-I"},{"r":"61","t":"21:11:18","h":"Est","s":"25N-H56N100F-80-F1"},{"r":"61","t":"21:11:18","h":"Est","s":"25N-H56N200F-80-F2"},{"r":"61","t":"21:11:18","h":"Est","s":"25N-H56N300F-80-F3"},{"r":"61","t":"21:11:18","h":"Est","s":"25N-H56N400F-80-F4"},{"r":"61","t":"21:11:18","h":"Est","s":"25N-H56NV10I-80-I"},{"r":"61","t":"21:11:18","h":"Est","s":"25N-H56NV20I-80-I"},{"r":"61","t":"21:11:18","h":"Est","s":"25S-H56S000I-80-I"},{"r":"61","t":"21:11:18","h":"Est","s":"25S-H56S100F-80-F1"},{"r":"61","t":"21:11:18","h":"Est","s":"25S-H56S200F-81-F2"},{"r":"61","t":"21:16:18","h":"Est","s":"25N-H56N000A-80-A"},{"r":"61","t":"21:16:18","h":"Est","s":"25N-H56NV10A-80-A"},{"r":"61","t":"21:16:18","h":"Est","s":"25N-H56NV20A-80-A"},{"r":"61","t":"21:16:18","h":"Est","s":"25S-H56S000A-80-A"},{"r":"61","t":"21:37:18","h":"Est","s":"25N-H56N000S-80-S"},{"r":"61","t":"21:37:18","h":"Est","s":"25N-H56NV10S-80-S"},{"r":"61","t":"21:37:18","h":"Est","s":"25N-H56NV20S-80-S"},{"r":"61","t":"21:37:18","h":"Est","s":"25S-H56S000S-80-S"},{"r":"61","t":"21:39:18","h":"Est","s":"25N-H56N000I-80-I"},{"r":"61","t":"21:39:18","h":"Est","s":"25N-H56N100F-80-F1"},{"r":"61","t":"21:39:18","h":"Est","s":"25N-H56N200F-80-F2"},{"r":"61","t":"21:39:18","h":"Est","s":"25N-H56N300F-80-F3"},{"r":"61","t":"21:39:18","h":"Est","s":"25N-H56N400F-80-F4"},{"r":"61","t":"21:39:18","h":"Est","s":"25N-H56NV10I-80-I"},{"r":"61","t":"21:39:18","h":"Est","s":"25N-H56NV20I-80-I"},{"r":"61","t":"21:39:18","h":"Est","s":"25S-H56S000I-80-I"},{"r":"61","t":"21:39:18","h":"Est","s":"25S-H56S100F-80-F1"},{"r":"61","t":"21:39:18","h":"Est","s":"25S-H56S200F-81-F2"},{"r":"61","t":"21:44:18","h":"Est","s":"25N-H56N000A-80-A"},{"r":"61","t":"21:44:18","h":"Est","s":"25N-H56NV10A-80-A"},{"r":"61","t":"21:44:18","h":"Est","s":"25N-H56NV20A-80-A"},{"r":"61","t":"21:44:18","h":"Est","s":"25S-H56S000A-80-A"},{"r":"61","t":"22:06:18","h":"Est","s":"25N-H56N000S-80-S"},{"r":"61","t":"22:06:18","h":"Est","s":"25N-H56NV10S-80-S"},{"r":"61","t":"22:06:18","h":"Est","s":"25N-H56NV20S-80-S"},{"r":"61","t":"22:06:18","h":"Est","s":"25S-H56S000S-80-S"},{"r":"61","t":"22:08:18","h":"Est","s":"25N-H56N000I-80-I"},{"r":"61","t":"22:08:18","h":"Est","s":"25N-H56N100F-80-F1"},{"r":"61","t":"22:08:18","h":"Est","s":"25N-H56N200F-80-F2"},{"r":"61","t":"22:08:18","h":"Est","s":"25N-H56N300F-80-F3"},{"r":"61","t":"22:08:18","h":"Est","s":"25N-H56N400F-80-F4"},{"r":"61","t":"22:08:18","h":"Est","s":"25N-H56NV10I-80-I"},{"r":"61","t":"22:08:18","h":"Est","s":"25N-H56NV20I-80-I"},{"r":"61","t":"22:08:18","h":"Est","s":"25S-H56S000I-80-I"},{"r":"61","t":"22:08:18","h":"Est","s":"25S-H56S100F-80-F1"},{"r":"61","t":"22:08:18","h":"Est","s":"25S-H56S200F-81-F2"},{"r":"61","t":"22:11:18","h":"Est","s":"25N-H56N000A-80-A"},{"r":"61","t":"22:11:18","h":"Est","s":"25N-H56NV10A-80-A"},{"r":"61","t":"22:11:18","h":"Est","s":"25N-H56NV20A-80-A"},{"r":"61","t":"22:11:18","h":"Est","s":"25S-H56S000A-80-A"},{"r":"61","t":"22:36:18","h":"Est","s":"25N-H56N000S-80-S"},{"r":"61","t":"22:36:18","h":"Est","s":"25N-H56NV10S-80-S"},{"r":"61","t":"22:36:18","h":"Est","s":"25N-H56NV20S-80-S"},{"r":"61","t":"22:36:18","h":"Est","s":"25S-H56S000S-80-S"},{"r":"61","t":"22:38:18","h":"Est","s":"25N-H56N000I-80-I"},{"r":"61","t":"22:38:18","h":"Est","s":"25N-H56N100F-80-F1"},{"r":"61","t":"22:38:18","h":"Est","s":"25N-H56N200F-80-F2"},{"r":"61","t":"22:38:18","h":"Est","s":"25N-H56N300F-80-F3"},{"r":"61","t":"22:38:18","h":"Est","s":"25N-H56N400F-80-F4"},{"r":"61","t":"22:38:18","h":"Est","s":"25N-H56NV10I-80-I"},{"r":"61","t":"22:38:18","h":"Est","s":"25N-H56NV20I-80-I"},{"r":"61","t":"22:38:18","h":"Est","s":"25S-H56S000I-80-I"},{"r":"61","t":"22:38:18","h":"Est","s":"25S-H56S100F-80-F1"},{"r":"61","t":"22:38:18","h":"Est","s":"25S-H56S200F-81-F2"},{"r":"61","t":"22:39:18","h":"Est","s":"25N-H56N000A-80-A"},{"r":"61","t":"22:39:18","h":"Est","s":"25N-H56NV10A-80-A"},{"r":"61","t":"22:39:18","h":"Est","s":"25N-H56NV20A-80-A"},{"r":"61","t":"22:39:18","h":"Est","s":"25S-H56S000A-80-A"},{"r":"61","t":"23:05:18","h":"Est","s":"25N-H56N000S-80-S"},{"r":"61","t":"23:05:18","h":"Est","s":"25N-H56NV10S-80-S"},{"r":"61","t":"23:05:18","h":"Est","s":"25N-H56NV20S-80-S"},{"r":"61","t":"23:05:18","h":"Est","s":"25S-H56S000S-80-S"},{"r":"61","t":"23:06:44","h":"Est","s":"25N-H56N000I-80-I"},{"r":"61","t":"23:06:44","h":"Est","s":"25N-H56N100F-80-F1"},{"r":"61","t":"23:06:44","h":"Est","s":"25N-H56N200F-80-F2"},{"r":"61","t":"23:06:44","h":"Est","s":"25N-H56N300F-80-F3"},{"r":"61","t":"23:06:44","h":"Est","s":"25N-H56N400F-80-F4"},{"r":"61","t":"23:06:44","h":"Est","s":"25N-H56NV10I-80-I"},{"r":"61","t":"23:06:44","h":"Est","s":"25N-H56NV20I-80-I"},{"r":"61","t":"23:06:44","h":"Est","s":"25S-H56S000I-80-I"},{"r":"61","t":"23:06:44","h":"Est","s":"25S-H56S100F-80-F1"},{"r":"61","t":"23:06:44","h":"Est","s":"25S-H56S200F-81-F2"},{"r":"61","t":"23:08:18","h":"Est","s":"25N-H56N000A-80-A"},{"r":"61","t":"23:08:18","h":"Est","s":"25N-H56NV10A-80-A"},{"r":"61","t":"23:08:18","h":"Est","s":"25N-H56NV20A-80-A"},{"r":"61","t":"23:08:18","h":"Est","s":"25S-H56S000A-80-A"},{"r":"61","t":"23:30:44","h":"Est","s":"25N-H56N000S-80-S"},{"r":"61","t":"23:30:44","h":"Est","s":"25N-H56NV10S-80-S"},{"r":"61","t":"23:30:44","h":"Est","s":"25N-H56NV20S-80-S"},{"r":"61","t":"23:30:44","h":"Est","s":"25S-H56S000S-80-S"},{"r":"61","t":"23:36:44","h":"Est","s":"25N-H56N000I-80-I"},{"r":"61","t":"23:36:44","h":"Est","s":"25N-H56N100F-80-F1"},{"r":"61","t":"23:36:44","h":"Est","s":"25N-H56N200F-80-F2"},{"r":"61","t":"23:36:44","h":"Est","s":"25N-H56N300F-80-F3"},{"r":"61","t":"23:36:44","h":"Est","s":"25N-H56N400F-80-F4"},{"r":"61","t":"23:36:44","h":"Est","s":"25N-H56NV10I-80-I"},{"r":"61","t":"23:36:44","h":"Est","s":"25N-H56NV20I-80-I"},{"r":"61","t":"23:36:44","h":"Est","s":"25S-H56S000I-80-I"},{"r":"61","t":"23:36:44","h":"Est","s":"25S-H56S100F-80-F1"},{"r":"61","t":"23:36:44","h":"Est","s":"25S-H56S200F-81-F2"},{"r":"61","t":"23:38:18","h":"Est","s":"25N-H56N000A-80-A"},{"r":"61","t":"23:38:18","h":"Est","s":"25N-H56NV10A-80-A"},{"r":"61","t":"23:38:18","h":"Est","s":"25N-H56NV20A-80-A"},{"r":"61","t":"23:38:18","h":"Est","s":"25S-H56S000A-80-A"},{"r":"61","t":"23:58:44","h":"Est","s":"25N-H56N000S-80-S"},{"r":"61","t":"23:58:44","h":"Est","s":"25N-H56NV10S-80-S"},{"r":"61","t":"23:58:44","h":"Est","s":"25N-H56NV20S-80-S"},{"r":"61","t":"23:58:44","h":"Est","s":"25S-H56S000S-80-S"},{"r":"61","t":"24:05:44","h":"Est","s":"25N-H56N000A-80-A"},{"r":"61","t":"24:05:44","h":"Est","s":"25N-H56NV10A-80-A"},{"r":"61","t":"24:05:44","h":"Est","s":"25N-H56NV20A-80-A"},{"r":"61","t":"24:05:44","h":"Est","s":"25S-H56S000A-80-A"},{"r":"61","t":"24:06:44","h":"Est","s":"25N-H56N000I-80-I"},{"r":"61","t":"24:06:44","h":"Est","s":"25N-H56N100F-80-F1"},{"r":"61","t":"24:06:44","h":"Est","s":"25N-H56N200F-80-F2"},{"r":"61","t":"24:06:44","h":"Est","s":"25N-H56N300F-80-F3"},{"r":"61","t":"24:06:44","h":"Est","s":"25N-H56N400F-80-F4"},{"r":"61","t":"24:06:44","h":"Est","s":"25N-H56NV10I-80-I"},{"r":"61","t":"24:06:44","h":"Est","s":"25N-H56NV20I-80-I"},{"r":"61","t":"24:06:44","h":"Est","s":"25S-H56S000I-80-I"},{"r":"61","t":"24:06:44","h":"Est","s":"25S-H56S100F-80-F1"},{"r":"61","t":"24:06:44","h":"Est","s":"25S-H56S200F-81-F2"},{"r":"61","t":"24:28:44","h":"Est","s":"25N-H56N000S-80-S"},{"r":"61","t":"24:28:44","h":"Est","s":"25N-H56NV10S-80-S"},{"r":"61","t":"24:28:44","h":"Est","s":"25N-H56NV20S-80-S"},{"r":"61","t":"24:28:44","h":"Est","s":"25S-H56S000S-80-S"},{"r":"61","t":"24:35:44","h":"Est","s":"25N-H56N000A-80-A"},{"r":"61","t":"24:35:44","h":"Est","s":"25N-H56NV10A-80-A"},{"r":"61","t":"24:35:44","h":"Est","s":"25N-H56NV20A-80-A"},{"r":"61","t":"24:35:44","h":"Est","s":"25S-H56S000A-80-A"},{"r":"61","t":"24:36:44","h":"Est","s":"25N-H56N000I-80-I"},{"r":"61","t":"24:36:44","h":"Est","s":"25N-H56N100F-80-F1"},{"r":"61","t":"24:36:44","h":"Est","s":"25N-H56N200F-80-F2"},{"r":"61","t":"24:36:44","h":"Est","s":"25N-H56N300F-80-F3"},{"r":"61","t":"24:36:44","h":"Est","s":"25N-H56N400F-80-F4"},{"r":"61","t":"24:36:44","h":"Est","s":"25N-H56NV10I-80-I"},{"r":"61","t":"24:36:44","h":"Est","s":"25N-H56NV20I-80-I"},{"r":"61","t":"24:36:44","h":"Est","s":"25S-H56S000I-80-I"},{"r":"61","t":"24:36:44","h":"Est","s":"25S-H56S100F-80-F1"},{"r":"61","t":"24:36:44","h":"Est","s":"25S-H56S200F-81-F2"},{"r":"61","t":"24:58:44","h":"Est","s":"25N-H56N000S-80-S"},{"r":"61","t":"24:58:44","h":"Est","s":"25N-H56NV10S-80-S"},{"r":"61","t":"24:58:44","h":"Est","s":"25N-H56NV20S-80-S"},{"r":"61","t":"24:58:44","h":"Est","s":"25S-H56S000S-80-S"},{"r":"61","t":"25:04:44","h":"Est","s":"25N-H56N000I-80-I"},{"r":"61","t":"25:04:44","h":"Est","s":"25N-H56N100F-80-F1"},{"r":"61","t":"25:04:44","h":"Est","s":"25N-H56N200F-80-F2"},{"r":"61","t":"25:04:44","h":"Est","s":"25N-H56N300F-80-F3"},{"r":"61","t":"25:04:44","h":"Est","s":"25N-H56N400F-80-F4"},{"r":"61","t":"25:04:44","h":"Est","s":"25N-H56NV10I-80-I"},{"r":"61","t":"25:04:44","h":"Est","s":"25N-H56NV20I-80-I"},{"r":"61","t":"25:04:44","h":"Est","s":"25S-H56S000I-80-I"},{"r":"61","t":"25:04:44","h":"Est","s":"25S-H56S100F-80-F1"},{"r":"61","t":"25:04:44","h":"Est","s":"25S-H56S200F-81-F2"},{"r":"61","t":"25:05:44","h":"Est","s":"25N-H56N000A-80-A"},{"r":"61","t":"25:05:44","h":"Est","s":"25N-H56NV10A-80-A"},{"r":"61","t":"25:05:44","h":"Est","s":"25N-H56NV20A-80-A"},{"r":"61","t":"25:05:44","h":"Est","s":"25S-H56S000A-80-A"},{"r":"61","t":"25:38:44","h":"Est","s":"25N-H56N000A-80-A"},{"r":"61","t":"25:38:44","h":"Est","s":"25N-H56NV10A-80-A"},{"r":"61","t":"25:38:44","h":"Est","s":"25N-H56NV20A-80-A"},{"r":"61","t":"25:38:44","h":"Est","s":"25S-H56S000A-80-A"}]