[{"r":"45","t":"05:21:54","h":"Sud","s":"25N-H58N000S-80-S"},{"r":"45","t":"05:21:54","h":"Sud","s":"25N-H58NV10S-80-S"},{"r":"45","t":"05:21:54","h":"Sud","s":"25N-H58NV20S-80-S"},{"r":"45","t":"05:21:54","h":"Sud","s":"25S-H58S000S-80-S"},{"r":"45","t":"05:30:25","h":"Sud","s":"25N-H58N000A-80-A"},{"r":"45","t":"05:30:25","h":"Sud","s":"25N-H58NV10A-80-A"},{"r":"45","t":"05:30:25","h":"Sud","s":"25N-H58NV20A-80-A"},{"r":"45","t":"05:30:25","h":"Sud","s":"25S-H58S000A-80-A"},{"r":"45","t":"05:35:54","h":"Sud","s":"25N-H58N000I-80-I"},{"r":"45","t":"05:35:54","h":"Sud","s":"25N-H58N100F-80-F1"},{"r":"45","t":"05:35:54","h":"Sud","s":"25N-H58N200F-80-F2"},{"r":"45","t":"05:35:54","h":"Sud","s":"25N-H58N300F-80-F3"},{"r":"45","t":"05:35:54","h":"Sud","s":"25N-H58N400F-80-F4"},{"r":"45","t":"05:35:54","h":"Sud","s":"25N-H58NV10I-80-I"},{"r":"45","t":"05:35:54","h":"Sud","s":"25N-H58NV20I-80-I"},{"r":"45","t":"05:35:54","h":"Sud","s":"25S-H58S000I-80-I"},{"r":"45","t":"05:35:54","h":"Sud","s":"25S-H58S100F-80-F1"},{"r":"45","t":"05:35:54","h":"Sud","s":"25S-H58S200F-80-F2"},{"r":"45","t":"05:47:23","h":"Sud","s":"25N-H58N000S-80-S"},{"r":"45","t":"05:47:23","h":"Sud","s":"25N-H58NV10S-80-S"},{"r":"45","t":"05:47:23","h":"Sud","s":"25N-H58NV20S-80-S"},{"r":"45","t":"05:47:23","h":"Sud","s":"25S-H58S000S-80-S"},{"r":"45","t":"05:59:25","h":"Sud","s":"25N-H58N000A-80-A"},{"r":"45","t":"05:59:25","h":"Sud","s":"25N-H58NV10A-80-A"},{"r":"45","t":"05:59:25","h":"Sud","s":"25N-H58NV20A-80-A"},{"r":"45","t":"05:59:25","h":"Sud","s":"25S-H58S000A-80-A"},{"r":"45","t":"06:03:54","h":"Sud","s":"25N-H58N000I-80-I"},{"r":"45","t":"06:03:54","h":"Sud","s":"25N-H58N100F-80-F1"},{"r":"45","t":"06:03:54","h":"Sud","s":"25N-H58N200F-80-F2"},{"r":"45","t":"06:03:54","h":"Sud","s":"25N-H58N300F-80-F3"},{"r":"45","t":"06:03:54","h":"Sud","s":"25N-H58N400F-80-F4"},{"r":"45","t":"06:03:54","h":"Sud","s":"25N-H58NV10I-80-I"},{"r":"45","t":"06:03:54","h":"Sud","s":"25N-H58NV20I-80-I"},{"r":"45","t":"06:03:54","h":"Sud","s":"25S-H58S000I-80-I"},{"r":"45","t":"06:03:54","h":"Sud","s":"25S-H58S100F-80-F1"},{"r":"45","t":"06:03:54","h":"Sud","s":"25S-H58S200F-80-F2"},{"r":"45","t":"06:17:23","h":"Sud","s":"25N-H58N000S-80-S"},{"r":"45","t":"06:17:23","h":"Sud","s":"25N-H58NV10S-80-S"},{"r":"45","t":"06:17:23","h":"Sud","s":"25N-H58NV20S-80-S"},{"r":"45","t":"06:17:23","h":"Sud","s":"25S-H58S000S-80-S"},{"r":"45","t":"06:29:25","h":"Sud","s":"25N-H58N000A-80-A"},{"r":"45","t":"06:29:25","h":"Sud","s":"25N-H58NV10A-80-A"},{"r":"45","t":"06:29:25","h":"Sud","s":"25N-H58NV20A-80-A"},{"r":"45","t":"06:29:25","h":"Sud","s":"25S-H58S000A-80-A"},{"r":"45","t":"06:32:54","h":"Sud","s":"25N-H58N000I-80-I"},{"r":"45","t":"06:32:54","h":"Sud","s":"25N-H58N100F-80-F1"},{"r":"45","t":"06:32:54","h":"Sud","s":"25N-H58N200F-80-F2"},{"r":"45","t":"06:32:54","h":"Sud","s":"25N-H58N300F-80-F3"},{"r":"45","t":"06:32:54","h":"Sud","s":"25N-H58N400F-80-F4"},{"r":"45","t":"06:32:54","h":"Sud","s":"25N-H58NV10I-80-I"},{"r":"45","t":"06:32:54","h":"Sud","s":"25N-H58NV20I-80-I"},{"r":"45","t":"06:32:54","h":"Sud","s":"25S-H58S000I-80-I"},{"r":"45","t":"06:32:54","h":"Sud","s":"25S-H58S100F-80-F1"},{"r":"45","t":"06:32:54","h":"Sud","s":"25S-H58S200F-80-F2"},{"r":"45","t":"06:45:23","h":"Sud","s":"25N-H58N000S-80-S"},{"r":"45","t":"06:45:23","h":"Sud","s":"25N-H58NV10S-80-S"},{"r":"45","t":"06:45:23","h":"Sud","s":"25N-H58NV20S-80-S"},{"r":"45","t":"06:45:23","h":"Sud","s":"25S-H58S000S-80-S"},{"r":"445","t":"06:55:49","h":"Ouest","s":"25N-H55N000S-80-S"},{"r":"445","t":"06:55:49","h":"Ouest","s":"25N-H55N000S-82-S"},{"r":"445","t":"06:55:49","h":"Ouest","s":"25N-H55NV10S-85-S"},{"r":"445","t":"06:55:49","h":"Ouest","s":"25N-H55NV20S-81-S"},{"r":"445","t":"06:55:49","h":"Ouest","s":"25S-H55S000S-82-S"},{"r":"45","t":"07:01:54","h":"Sud","s":"25N-H58N000I-80-I"},{"r":"45","t":"07:01:54","h":"Sud","s":"25N-H58N100F-80-F1"},{"r":"45","t":"07:01:54","h":"Sud","s":"25N-H58N200F-80-F2"},{"r":"45","t":"07:01:54","h":"Sud","s":"25N-H58N300F-80-F3"},{"r":"45","t":"07:01:54","h":"Sud","s":"25N-H58N400F-80-F4"},{"r":"45","t":"07:01:54","h":"Sud","s":"25N-H58NV10I-80-I"},{"r":"45","t":"07:01:54","h":"Sud","s":"25N-H58NV20I-80-I"},{"r":"45","t":"07:01:54","h":"Sud","s":"25S-H58S000I-80-I"},{"r":"45","t":"07:01:54","h":"Sud","s":"25S-H58S100F-80-F1"},{"r":"45","t":"07:01:54","h":"Sud","s":"25S-H58S200F-80-F2"},{"r":"45","t":"07:02:25","h":"Sud","s":"25N-H58N000A-80-A"},{"r":"45","t":"07:02:25","h":"Sud","s":"25N-H58NV10A-80-A"},{"r":"45","t":"07:02:25","h":"Sud","s":"25N-H58NV20A-80-A"},{"r":"45","t":"07:02:25","h":"Sud","s":"25S-H58S000A-80-A"},{"r":"445","t":"07:07:49","h":"Ouest","s":"25N-H55N000S-80-S"},{"r":"445","t":"07:07:49","h":"Ouest","s":"25N-H55N000S-82-S"},{"r":"445","t":"07:07:49","h":"Ouest","s":"25N-H55NV10S-85-S"},{"r":"445","t":"07:07:49","h":"Ouest","s":"25N-H55NV20S-81-S"},{"r":"445","t":"07:07:49","h":"Ouest","s":"25S-H55S000S-82-S"},{"r":"45","t":"07:14:21","h":"Sud","s":"25N-H58N000S-80-S"},{"r":"45","t":"07:14:21","h":"Sud","s":"25N-H58NV10S-80-S"},{"r":"45","t":"07:14:21","h":"Sud","s":"25N-H58NV20S-80-S"},{"r":"45","t":"07:14:21","h":"Sud","s":"25S-H58S000S-80-S"},{"r":"445","t":"07:20:17","h":"Ouest","s":"25N-H59N000S-80-S"},{"r":"445","t":"07:20:17","h":"Ouest","s":"25N-H59NV10S-84-S"},{"r":"445","t":"07:20:17","h":"Ouest","s":"25N-H59NV20S-80-S"},{"r":"445","t":"07:20:17","h":"Ouest","s":"25S-H59S000S-81-S"},{"r":"45","t":"07:27:21","h":"Sud","s":"25N-H59N000S-80-S"},{"r":"45","t":"07:27:21","h":"Sud","s":"25N-H59NV10S-84-S"},{"r":"45","t":"07:27:21","h":"Sud","s":"25N-H59NV20S-80-S"},{"r":"45","t":"07:27:21","h":"Sud","s":"25S-H59S000S-81-S"},{"r":"45","t":"07:32:54","h":"Sud","s":"25N-H58N000A-80-A"},{"r":"45","t":"07:32:54","h":"Sud","s":"25N-H58N000I-80-I"},{"r":"45","t":"07:32:54","h":"Sud","s":"25N-H58N100F-80-F1"},{"r":"45","t":"07:32:54","h":"Sud","s":"25N-H58N200F-80-F2"},{"r":"45","t":"07:32:54","h":"Sud","s":"25N-H58N300F-80-F3"},{"r":"45","t":"07:32:54","h":"Sud","s":"25N-H58N400F-80-F4"},{"r":"45","t":"07:32:54","h":"Sud","s":"25N-H58NV10A-80-A"},{"r":"45","t":"07:32:54","h":"Sud","s":"25N-H58NV10I-80-I"},{"r":"45","t":"07:32:54","h":"Sud","s":"25N-H58NV20A-80-A"},{"r":"45","t":"07:32:54","h":"Sud","s":"25N-H58NV20I-80-I"},{"r":"45","t":"07:32:54","h":"Sud","s":"25S-H58S000A-80-A"},{"r":"45","t":"07:32:54","h":"Sud","s":"25S-H58S000I-80-I"},{"r":"45","t":"07:32:54","h":"Sud","s":"25S-H58S100F-80-F1"},{"r":"45","t":"07:32:54","h":"Sud","s":"25S-H58S200F-80-F2"},{"r":"445","t":"07:33:17","h":"Ouest","s":"25N-H59N000S-80-S"},{"r":"445","t":"07:33:17","h":"Ouest","s":"25N-H59NV10S-84-S"},{"r":"445","t":"07:33:17","h":"Ouest","s":"25N-H59NV20S-80-S"},{"r":"445","t":"07:33:17","h":"Ouest","s":"25S-H59S000S-81-S"},{"r":"45","t":"07:42:21","h":"Sud","s":"25N-H58N000S-80-S"},{"r":"45","t":"07:42:21","h":"Sud","s":"25N-H58NV10S-80-S"},{"r":"45","t":"07:42:21","h":"Sud","s":"25N-H58NV20S-80-S"},{"r":"45","t":"07:42:21","h":"Sud","s":"25S-H58S000S-80-S"},{"r":"445","t":"07:45:46","h":"Ouest","s":"25N-H55N000S-80-S"},{"r":"445","t":"07:45:46","h":"Ouest","s":"25N-H55N000S-82-S"},{"r":"445","t":"07:45:46","h":"Ouest","s":"25N-H55NV10S-85-S"},{"r":"445","t":"07:45:46","h":"Ouest","s":"25N-H55NV20S-81-S"},{"r":"445","t":"07:45:46","h":"Ouest","s":"25S-H55S000S-82-S"},{"r":"45","t":"07:50:21","h":"Sud","s":"25N-H59N000S-80-S"},{"r":"45","t":"07:50:21","h":"Sud","s":"25N-H59NV10S-84-S"},{"r":"45","t":"07:50:21","h":"Sud","s":"25N-H59NV20S-80-S"},{"r":"45","t":"07:50:21","h":"Sud","s":"25S-H59S000S-81-S"},{"r":"445","t":"07:57:46","h":"Ouest","s":"25N-H55N000S-80-S"},{"r":"445","t":"07:57:46","h":"Ouest","s":"25N-H55N000S-82-S"},{"r":"445","t":"07:57:46","h":"Ouest","s":"25N-H55NV10S-85-S"},{"r":"445","t":"07:57:46","h":"Ouest","s":"25N-H55NV20S-81-S"},{"r":"445","t":"07:57:46","h":"Ouest","s":"25S-H55S000S-82-S"},{"r":"45","t":"07:58:50","h":"Sud","s":"25N-H57N000S-80-S"},{"r":"45","t":"07:58:50","h":"Sud","s":"25N-H57NV10S-84-S"},{"r":"45","t":"07:58:50","h":"Sud","s":"25N-H57NV20S-80-S"},{"r":"45","t":"07:58:50","h":"Sud","s":"25S-H57S000S-82-S"},{"r":"45","t":"08:01:54","h":"Sud","s":"25N-H58N000I-80-I"},{"r":"45","t":"08:01:54","h":"Sud","s":"25N-H58N100F-80-F1"},{"r":"45","t":"08:01:54","h":"Sud","s":"25N-H58N200F-80-F2"},{"r":"45","t":"08:01:54","h":"Sud","s":"25N-H58N300F-80-F3"},{"r":"45","t":"08:01:54","h":"Sud","s":"25N-H58N400F-80-F4"},{"r":"45","t":"08:01:54","h":"Sud","s":"25N-H58NV10I-80-I"},{"r":"45","t":"08:01:54","h":"Sud","s":"25N-H58NV20I-80-I"},{"r":"45","t":"08:01:54","h":"Sud","s":"25S-H58S000I-80-I"},{"r":"45","t":"08:01:54","h":"Sud","s":"25S-H58S100F-80-F1"},{"r":"45","t":"08:01:54","h":"Sud","s":"25S-H58S200F-80-F2"},{"r":"45","t":"08:05:54","h":"Sud","s":"25N-H58N000A-80-A"},{"r":"45","t":"08:05:54","h":"Sud","s":"25N-H58NV10A-80-A"},{"r":"45","t":"08:05:54","h":"Sud","s":"25N-H58NV20A-80-A"},{"r":"45","t":"08:05:54","h":"Sud","s":"25S-H58S000A-80-A"},{"r":"45","t":"08:07:20","h":"Sud","s":"25N-H58N000S-80-S"},{"r":"45","t":"08:07:20","h":"Sud","s":"25N-H58NV10S-80-S"},{"r":"45","t":"08:07:20","h":"Sud","s":"25N-H58NV20S-80-S"},{"r":"45","t":"08:07:20","h":"Sud","s":"25S-H58S000S-80-S"},{"r":"445","t":"08:12:46","h":"Ouest","s":"25N-H55N000S-80-S"},{"r":"445","t":"08:12:46","h":"Ouest","s":"25N-H55N000S-82-S"},{"r":"445","t":"08:12:46","h":"Ouest","s":"25N-H55NV10S-85-S"},{"r":"445","t":"08:12:46","h":"Ouest","s":"25N-H55NV20S-81-S"},{"r":"445","t":"08:12:46","h":"Ouest","s":"25S-H55S000S-82-S"},{"r":"45","t":"08:16:20","h":"Sud","s":"25N-H58N000S-80-S"},{"r":"45","t":"08:16:20","h":"Sud","s":"25N-H58NV10S-80-S"},{"r":"45","t":"08:16:20","h":"Sud","s":"25N-H58NV20S-80-S"},{"r":"45","t":"08:16:20","h":"Sud","s":"25S-H58S000S-80-S"},{"r":"45","t":"08:24:20","h":"Sud","s":"25N-H57N000S-80-S"},{"r":"45","t":"08:24:20","h":"Sud","s":"25N-H57NV10S-84-S"},{"r":"45","t":"08:24:20","h":"Sud","s":"25N-H57NV20S-80-S"},{"r":"45","t":"08:24:20","h":"Sud","s":"25S-H57S000S-82-S"},{"r":"445","t":"08:27:46","h":"Ouest","s":"25N-H55N000S-80-S"},{"r":"445","t":"08:27:46","h":"Ouest","s":"25N-H55N000S-82-S"},{"r":"445","t":"08:27:46","h":"Ouest","s":"25N-H55NV10S-85-S"},{"r":"445","t":"08:27:46","h":"Ouest","s":"25N-H55NV20S-81-S"},{"r":"445","t":"08:27:46","h":"Ouest","s":"25S-H55S000S-82-S"},{"r":"45","t":"08:31:54","h":"Sud","s":"25N-H58N000I-80-I"},{"r":"45","t":"08:31:54","h":"Sud","s":"25N-H58N100F-80-F1"},{"r":"45","t":"08:31:54","h":"Sud","s":"25N-H58N200F-80-F2"},{"r":"45","t":"08:31:54","h":"Sud","s":"25N-H58N300F-80-F3"},{"r":"45","t":"08:31:54","h":"Sud","s":"25N-H58N400F-80-F4"},{"r":"45","t":"08:31:54","h":"Sud","s":"25N-H58NV10I-80-I"},{"r":"45","t":"08:31:54","h":"Sud","s":"25N-H58NV20I-80-I"},{"r":"45","t":"08:31:54","h":"Sud","s":"25S-H58S000I-80-I"},{"r":"45","t":"08:31:54","h":"Sud","s":"25S-H58S100F-80-F1"},{"r":"45","t":"08:31:54","h":"Sud","s":"25S-H58S200F-80-F2"},{"r":"45","t":"08:35:20","h":"Sud","s":"25N-H59N000S-80-S"},{"r":"45","t":"08:35:20","h":"Sud","s":"25N-H59NV10S-84-S"},{"r":"45","t":"08:35:20","h":"Sud","s":"25N-H59NV20S-80-S"},{"r":"45","t":"08:35:20","h":"Sud","s":"25S-H59S000S-81-S"},{"r":"45","t":"08:35:54","h":"Sud","s":"25N-H58N000A-80-A"},{"r":"45","t":"08:35:54","h":"Sud","s":"25N-H58NV10A-80-A"},{"r":"45","t":"08:35:54","h":"Sud","s":"25N-H58NV20A-80-A"},{"r":"45","t":"08:35:54","h":"Sud","s":"25S-H58S000A-80-A"},{"r":"445","t":"08:42:46","h":"Ouest","s":"25N-H59N000S-80-S"},{"r":"445","t":"08:42:46","h":"Ouest","s":"25N-H59NV10S-84-S"},{"r":"445","t":"08:42:46","h":"Ouest","s":"25N-H59NV20S-80-S"},{"r":"445","t":"08:42:46","h":"Ouest","s":"25S-H59S000S-81-S"},{"r":"45","t":"08:46:20","h":"Sud","s":"25N-H59N000S-80-S"},{"r":"45","t":"08:46:20","h":"Sud","s":"25N-H59NV10S-84-S"},{"r":"45","t":"08:46:20","h":"Sud","s":"25N-H59NV20S-80-S"},{"r":"45","t":"08:46:20","h":"Sud","s":"25S-H59S000S-81-S"},{"r":"45","t":"08:55:20","h":"Sud","s":"25N-H58N000S-80-S"},{"r":"45","t":"08:55:20","h":"Sud","s":"25N-H58NV10S-80-S"},{"r":"45","t":"08:55:20","h":"Sud","s":"25N-H58NV20S-80-S"},{"r":"45","t":"08:55:20","h":"Sud","s":"25S-H58S000S-80-S"},{"r":"445","t":"08:57:17","h":"Ouest","s":"25N-H59N000S-80-S"},{"r":"445","t":"08:57:17","h":"Ouest","s":"25N-H59NV10S-84-S"},{"r":"445","t":"08:57:17","h":"Ouest","s":"25N-H59NV20S-80-S"},{"r":"445","t":"08:57:17","h":"Ouest","s":"25S-H59S000S-81-S"},{"r":"45","t":"09:03:21","h":"Sud","s":"25N-H59N000S-80-S"},{"r":"45","t":"09:03:21","h":"Sud","s":"25N-H59NV10S-84-S"},{"r":"45","t":"09:03:21","h":"Sud","s":"25N-H59NV20S-80-S"},{"r":"45","t":"09:03:21","h":"Sud","s":"25S-H59S000S-81-S"},{"r":"45","t":"09:07:23","h":"Sud","s":"25N-H58N000I-80-I"},{"r":"45","t":"09:07:23","h":"Sud","s":"25N-H58N100F-80-F1"},{"r":"45","t":"09:07:23","h":"Sud","s":"25N-H58N200F-80-F2"},{"r":"45","t":"09:07:23","h":"Sud","s":"25N-H58N300F-80-F3"},{"r":"45","t":"09:07:23","h":"Sud","s":"25N-H58N400F-80-F4"},{"r":"45","t":"09:07:23","h":"Sud","s":"25N-H58NV10I-80-I"},{"r":"45","t":"09:07:23","h":"Sud","s":"25N-H58NV20I-80-I"},{"r":"45","t":"09:07:23","h":"Sud","s":"25S-H58S000I-80-I"},{"r":"45","t":"09:07:23","h":"Sud","s":"25S-H58S100F-80-F1"},{"r":"45","t":"09:07:23","h":"Sud","s":"25S-H58S200F-80-F2"},{"r":"45","t":"09:08:54","h":"Sud","s":"25N-H58N000A-80-A"},{"r":"45","t":"09:08:54","h":"Sud","s":"25N-H58NV10A-80-A"},{"r":"45","t":"09:08:54","h":"Sud","s":"25N-H58NV20A-80-A"},{"r":"45","t":"09:08:54","h":"Sud","s":"25S-H58S000A-80-A"},{"r":"445","t":"09:10:17","h":"Ouest","s":"25N-H55N000S-80-S"},{"r":"445","t":"09:10:17","h":"Ouest","s":"25N-H55N000S-82-S"},{"r":"445","t":"09:10:17","h":"Ouest","s":"25N-H55NV10S-85-S"},{"r":"445","t":"09:10:17","h":"Ouest","s":"25N-H55NV20S-81-S"},{"r":"445","t":"09:10:17","h":"Ouest","s":"25S-H55S000S-82-S"},{"r":"45","t":"09:14:21","h":"Sud","s":"25N-H58N000S-80-S"},{"r":"45","t":"09:14:21","h":"Sud","s":"25N-H58NV10S-80-S"},{"r":"45","t":"09:14:21","h":"Sud","s":"25N-H58NV20S-80-S"},{"r":"45","t":"09:14:21","h":"Sud","s":"25S-H58S000S-80-S"},{"r":"445","t":"09:25:17","h":"Ouest","s":"25N-H59N000S-80-S"},{"r":"445","t":"09:25:17","h":"Ouest","s":"25N-H59NV10S-84-S"},{"r":"445","t":"09:25:17","h":"Ouest","s":"25N-H59NV20S-80-S"},{"r":"445","t":"09:25:17","h":"Ouest","s":"25S-H59S000S-81-S"},{"r":"45","t":"09:25:21","h":"Sud","s":"25N-H58N000S-80-S"},{"r":"45","t":"09:25:21","h":"Sud","s":"25N-H58NV10S-80-S"},{"r":"45","t":"09:25:21","h":"Sud","s":"25N-H58NV20S-80-S"},{"r":"45","t":"09:25:21","h":"Sud","s":"25S-H58S000S-80-S"},{"r":"45","t":"09:37:21","h":"Sud","s":"25N-H59N000S-80-S"},{"r":"45","t":"09:37:21","h":"Sud","s":"25N-H59NV10S-84-S"},{"r":"45","t":"09:37:21","h":"Sud","s":"25N-H59NV20S-80-S"},{"r":"45","t":"09:37:21","h":"Sud","s":"25S-H59S000S-81-S"},{"r":"45","t":"09:39:23","h":"Sud","s":"25N-H58N000I-80-I"},{"r":"45","t":"09:39:23","h":"Sud","s":"25N-H58N100F-80-F1"},{"r":"45","t":"09:39:23","h":"Sud","s":"25N-H58N200F-80-F2"},{"r":"45","t":"09:39:23","h":"Sud","s":"25N-H58N300F-80-F3"},{"r":"45","t":"09:39:23","h":"Sud","s":"25N-H58N400F-80-F4"},{"r":"45","t":"09:39:23","h":"Sud","s":"25N-H58NV10I-80-I"},{"r":"45","t":"09:39:23","h":"Sud","s":"25N-H58NV20I-80-I"},{"r":"45","t":"09:39:23","h":"Sud","s":"25S-H58S000I-80-I"},{"r":"45","t":"09:39:23","h":"Sud","s":"25S-H58S100F-80-F1"},{"r":"45","t":"09:39:23","h":"Sud","s":"25S-H58S200F-80-F2"},{"r":"45","t":"09:41:23","h":"Sud","s":"25N-H58N000A-80-A"},{"r":"45","t":"09:41:23","h":"Sud","s":"25N-H58NV10A-80-A"},{"r":"45","t":"09:41:23","h":"Sud","s":"25N-H58NV20A-80-A"},{"r":"45","t":"09:41:23","h":"Sud","s":"25S-H58S000A-80-A"},{"r":"45","t":"09:49:21","h":"Sud","s":"25N-H58N000S-80-S"},{"r":"45","t":"09:49:21","h":"Sud","s":"25N-H58NV10S-80-S"},{"r":"45","t":"09:49:21","h":"Sud","s":"25N-H58NV20S-80-S"},{"r":"45","t":"09:49:21","h":"Sud","s":"25S-H58S000S-80-S"},{"r":"45","t":"10:01:21","h":"Sud","s":"25N-H55N000S-80-S"},{"r":"45","t":"10:01:21","h":"Sud","s":"25N-H55N000S-82-S"},{"r":"45","t":"10:01:21","h":"Sud","s":"25N-H55NV10S-85-S"},{"r":"45","t":"10:01:21","h":"Sud","s":"25N-H55NV20S-81-S"},{"r":"45","t":"10:01:21","h":"Sud","s":"25S-H55S000S-82-S"},{"r":"45","t":"10:11:23","h":"Sud","s":"25N-H58N000I-80-I"},{"r":"45","t":"10:11:23","h":"Sud","s":"25N-H58N100F-80-F1"},{"r":"45","t":"10:11:23","h":"Sud","s":"25N-H58N200F-80-F2"},{"r":"45","t":"10:11:23","h":"Sud","s":"25N-H58N300F-80-F3"},{"r":"45","t":"10:11:23","h":"Sud","s":"25N-H58N400F-80-F4"},{"r":"45","t":"10:11:23","h":"Sud","s":"25N-H58NV10I-80-I"},{"r":"45","t":"10:11:23","h":"Sud","s":"25N-H58NV20I-80-I"},{"r":"45","t":"10:11:23","h":"Sud","s":"25S-H58S000I-80-I"},{"r":"45","t":"10:11:23","h":"Sud","s":"25S-H58S100F-80-F1"},{"r":"45","t":"10:11:23","h":"Sud","s":"25S-H58S200F-80-F2"},{"r":"45","t":"10:12:23","h":"Sud","s":"25N-H58N000A-80-A"},{"r":"45","t":"10:12:23","h":"Sud","s":"25N-H58NV10A-80-A"},{"r":"45","t":"10:12:23","h":"Sud","s":"25N-H58NV20A-80-A"},{"r":"45","t":"10:12:23","h":"Sud","s":"25S-H58S000A-80-A"},{"r":"45","t":"10:13:21","h":"Sud","s":"25N-H58N000S-80-S"},{"r":"45","t":"10:13:21","h":"Sud","s":"25N-H58NV10S-80-S"},{"r":"45","t":"10:13:21","h":"Sud","s":"25N-H58NV20S-80-S"},{"r":"45","t":"10:13:21","h":"Sud","s":"25S-H58S000S-80-S"},{"r":"45","t":"10:27:21","h":"Sud","s":"25N-H58N000S-80-S"},{"r":"45","t":"10:27:21","h":"Sud","s":"25N-H58NV10S-80-S"},{"r":"45","t":"10:27:21","h":"Sud","s":"25N-H58NV20S-80-S"},{"r":"45","t":"10:27:21","h":"Sud","s":"25S-H58S000S-80-S"},{"r":"45","t":"10:43:23","h":"Sud","s":"25N-H58N000A-80-A"},{"r":"45","t":"10:43:23","h":"Sud","s":"25N-H58NV10A-80-A"},{"r":"45","t":"10:43:23","h":"Sud","s":"25N-H58NV20A-80-A"},{"r":"45","t":"10:43:23","h":"Sud","s":"25S-H58S000A-80-A"},{"r":"45","t":"10:44:23","h":"Sud","s":"25N-H58N000I-80-I"},{"r":"45","t":"10:44:23","h":"Sud","s":"25N-H58N100F-80-F1"},{"r":"45","t":"10:44:23","h":"Sud","s":"25N-H58N200F-80-F2"},{"r":"45","t":"10:44:23","h":"Sud","s":"25N-H58N300F-80-F3"},{"r":"45","t":"10:44:23","h":"Sud","s":"25N-H58N400F-80-F4"},{"r":"45","t":"10:44:23","h":"Sud","s":"25N-H58NV10I-80-I"},{"r":"45","t":"10:44:23","h":"Sud","s":"25N-H58NV20I-80-I"},{"r":"45","t":"10:44:23","h":"Sud","s":"25S-H58S000I-80-I"},{"r":"45","t":"10:44:23","h":"Sud","s":"25S-H58S100F-80-F1"},{"r":"45","t":"10:44:23","h":"Sud","s":"25S-H58S200F-80-F2"},{"r":"45","t":"10:48:21","h":"Sud","s":"25N-H58N000S-80-S"},{"r":"45","t":"10:48:21","h":"Sud","s":"25N-H58NV10S-80-S"},{"r":"45","t":"10:48:21","h":"Sud","s":"25N-H58NV20S-80-S"},{"r":"45","t":"10:48:21","h":"Sud","s":"25S-H58S000S-80-S"},{"r":"45","t":"11:10:21","h":"Sud","s":"25N-H58N000S-80-S"},{"r":"45","t":"11:10:21","h":"Sud","s":"25N-H58NV10S-80-S"},{"r":"45","t":"11:10:21","h":"Sud","s":"25N-H58NV20S-80-S"},{"r":"45","t":"11:10:21","h":"Sud","s":"25S-H58S000S-80-S"},{"r":"45","t":"11:12:23","h":"Sud","s":"25N-H58N000A-80-A"},{"r":"45","t":"11:12:23","h":"Sud","s":"25N-H58NV10A-80-A"},{"r":"45","t":"11:12:23","h":"Sud","s":"25N-H58NV20A-80-A"},{"r":"45","t":"11:12:23","h":"Sud","s":"25S-H58S000A-80-A"},{"r":"45","t":"11:14:23","h":"Sud","s":"25N-H58N000I-80-I"},{"r":"45","t":"11:14:23","h":"Sud","s":"25N-H58N100F-80-F1"},{"r":"45","t":"11:14:23","h":"Sud","s":"25N-H58N200F-80-F2"},{"r":"45","t":"11:14:23","h":"Sud","s":"25N-H58N300F-80-F3"},{"r":"45","t":"11:14:23","h":"Sud","s":"25N-H58N400F-80-F4"},{"r":"45","t":"11:14:23","h":"Sud","s":"25N-H58NV10I-80-I"},{"r":"45","t":"11:14:23","h":"Sud","s":"25N-H58NV20I-80-I"},{"r":"45","t":"11:14:23","h":"Sud","s":"25S-H58S000I-80-I"},{"r":"45","t":"11:14:23","h":"Sud","s":"25S-H58S100F-80-F1"},{"r":"45","t":"11:14:23","h":"Sud","s":"25S-H58S200F-80-F2"},{"r":"45","t":"11:33:21","h":"Sud","s":"25N-H58N000S-80-S"},{"r":"45","t":"11:33:21","h":"Sud","s":"25N-H58NV10S-80-S"},{"r":"45","t":"11:33:21","h":"Sud","s":"25N-H58NV20S-80-S"},{"r":"45","t":"11:33:21","h":"Sud","s":"25S-H58S000S-80-S"},{"r":"45","t":"11:43:21","h":"Sud","s":"25N-H58N000A-80-A"},{"r":"45","t":"11:43:21","h":"Sud","s":"25N-H58NV10A-80-A"},{"r":"45","t":"11:43:21","h":"Sud","s":"25N-H58NV20A-80-A"},{"r":"45","t":"11:43:21","h":"Sud","s":"25S-H58S000A-80-A"},{"r":"45","t":"11:46:52","h":"Sud","s":"25N-H58N000I-80-I"},{"r":"45","t":"11:46:52","h":"Sud","s":"25N-H58N100F-80-F1"},{"r":"45","t":"11:46:52","h":"Sud","s":"25N-H58N200F-80-F2"},{"r":"45","t":"11:46:52","h":"Sud","s":"25N-H58N300F-80-F3"},{"r":"45","t":"11:46:52","h":"Sud","s":"25N-H58N400F-80-F4"},{"r":"45","t":"11:46:52","h":"Sud","s":"25N-H58NV10I-80-I"},{"r":"45","t":"11:46:52","h":"Sud","s":"25N-H58NV20I-80-I"},{"r":"45","t":"11:46:52","h":"Sud","s":"25S-H58S000I-80-I"},{"r":"45","t":"11:46:52","h":"Sud","s":"25S-H58S100F-80-F1"},{"r":"45","t":"11:46:52","h":"Sud","s":"25S-H58S200F-80-F2"},{"r":"45","t":"11:54:21","h":"Sud","s":"25N-H58N000S-80-S"},{"r":"45","t":"11:54:21","h":"Sud","s":"25N-H58NV10S-80-S"},{"r":"45","t":"11:54:21","h":"Sud","s":"25N-H58NV20S-80-S"},{"r":"45","t":"11:54:21","h":"Sud","s":"25S-H58S000S-80-S"},{"r":"45","t":"12:14:21","h":"Sud","s":"25N-H58N000A-80-A"},{"r":"45","t":"12:14:21","h":"Sud","s":"25N-H58N000S-80-S"},{"r":"45","t":"12:14:21","h":"Sud","s":"25N-H58NV10A-80-A"},{"r":"45","t":"12:14:21","h":"Sud","s":"25N-H58NV10S-80-S"},{"r":"45","t":"12:14:21","h":"Sud","s":"25N-H58NV20A-80-A"},{"r":"45","t":"12:14:21","h":"Sud","s":"25N-H58NV20S-80-S"},{"r":"45","t":"12:14:21","h":"Sud","s":"25S-H58S000A-80-A"},{"r":"45","t":"12:14:21","h":"Sud","s":"25S-H58S000S-80-S"},{"r":"45","t":"12:16:52","h":"Sud","s":"25N-H58N000I-80-I"},{"r":"45","t":"12:16:52","h":"Sud","s":"25N-H58N100F-80-F1"},{"r":"45","t":"12:16:52","h":"Sud","s":"25N-H58N200F-80-F2"},{"r":"45","t":"12:16:52","h":"Sud","s":"25N-H58N300F-80-F3"},{"r":"45","t":"12:16:52","h":"Sud","s":"25N-H58N400F-80-F4"},{"r":"45","t":"12:16:52","h":"Sud","s":"25N-H58NV10I-80-I"},{"r":"45","t":"12:16:52","h":"Sud","s":"25N-H58NV20I-80-I"},{"r":"45","t":"12:16:52","h":"Sud","s":"25S-H58S000I-80-I"},{"r":"45","t":"12:16:52","h":"Sud","s":"25S-H58S100F-80-F1"},{"r":"45","t":"12:16:52","h":"Sud","s":"25S-H58S200F-80-F2"},{"r":"45","t":"12:34:21","h":"Sud","s":"25N-H58N000S-80-S"},{"r":"45","t":"12:34:21","h":"Sud","s":"25N-H58NV10S-80-S"},{"r":"45","t":"12:34:21","h":"Sud","s":"25N-H58NV20S-80-S"},{"r":"45","t":"12:34:21","h":"Sud","s":"25S-H58S000S-80-S"},{"r":"45","t":"12:44:21","h":"Sud","s":"25N-H58N000A-80-A"},{"r":"45","t":"12:44:21","h":"Sud","s":"25N-H58NV10A-80-A"},{"r":"45","t":"12:44:21","h":"Sud","s":"25N-H58NV20A-80-A"},{"r":"45","t":"12:44:21","h":"Sud","s":"25S-H58S000A-80-A"},{"r":"45","t":"12:47:21","h":"Sud","s":"25N-H58N000I-80-I"},{"r":"45","t":"12:47:21","h":"Sud","s":"25N-H58N100F-80-F1"},{"r":"45","t":"12:47:21","h":"Sud","s":"25N-H58N200F-80-F2"},{"r":"45","t":"12:47:21","h":"Sud","s":"25N-H58N300F-80-F3"},{"r":"45","t":"12:47:21","h":"Sud","s":"25N-H58N400F-80-F4"},{"r":"45","t":"12:47:21","h":"Sud","s":"25N-H58NV10I-80-I"},{"r":"45","t":"12:47:21","h":"Sud","s":"25N-H58NV20I-80-I"},{"r":"45","t":"12:47:21","h":"Sud","s":"25S-H58S000I-80-I"},{"r":"45","t":"12:47:21","h":"Sud","s":"25S-H58S100F-80-F1"},{"r":"45","t":"12:47:21","h":"Sud","s":"25S-H58S200F-80-F2"},{"r":"45","t":"12:55:21","h":"Sud","s":"25N-H58N000S-80-S"},{"r":"45","t":"12:55:21","h":"Sud","s":"25N-H58NV10S-80-S"},{"r":"45","t":"12:55:21","h":"Sud","s":"25N-H58NV20S-80-S"},{"r":"45","t":"12:55:21","h":"Sud","s":"25S-H58S000S-80-S"},{"r":"45","t":"13:07:50","h":"Sud","s":"25N-H58N000A-80-A"},{"r":"45","t":"13:07:50","h":"Sud","s":"25N-H58NV10A-80-A"},{"r":"45","t":"13:07:50","h":"Sud","s":"25N-H58NV20A-80-A"},{"r":"45","t":"13:07:50","h":"Sud","s":"25S-H58S000A-80-A"},{"r":"45","t":"13:16:21","h":"Sud","s":"25N-H58N000S-80-S"},{"r":"45","t":"13:16:21","h":"Sud","s":"25N-H58NV10S-80-S"},{"r":"45","t":"13:16:21","h":"Sud","s":"25N-H58NV20S-80-S"},{"r":"45","t":"13:16:21","h":"Sud","s":"25S-H58S000S-80-S"},{"r":"45","t":"13:18:21","h":"Sud","s":"25N-H58N000I-80-I"},{"r":"45","t":"13:18:21","h":"Sud","s":"25N-H58N100F-80-F1"},{"r":"45","t":"13:18:21","h":"Sud","s":"25N-H58N200F-80-F2"},{"r":"45","t":"13:18:21","h":"Sud","s":"25N-H58N300F-80-F3"},{"r":"45","t":"13:18:21","h":"Sud","s":"25N-H58N400F-80-F4"},{"r":"45","t":"13:18:21","h":"Sud","s":"25N-H58NV10I-80-I"},{"r":"45","t":"13:18:21","h":"Sud","s":"25N-H58NV20I-80-I"},{"r":"45","t":"13:18:21","h":"Sud","s":"25S-H58S000I-80-I"},{"r":"45","t":"13:18:21","h":"Sud","s":"25S-H58S100F-80-F1"},{"r":"45","t":"13:18:21","h":"Sud","s":"25S-H58S200F-80-F2"},{"r":"45","t":"13:28:50","h":"Sud","s":"25N-H58N000A-80-A"},{"r":"45","t":"13:28:50","h":"Sud","s":"25N-H58NV10A-80-A"},{"r":"45","t":"13:28:50","h":"Sud","s":"25N-H58NV20A-80-A"},{"r":"45","t":"13:28:50","h":"Sud","s":"25S-H58S000A-80-A"},{"r":"45","t":"13:36:21","h":"Sud","s":"25N-H58N000S-80-S"},{"r":"45","t":"13:36:21","h":"Sud","s":"25N-H58NV10S-80-S"},{"r":"45","t":"13:36:21","h":"Sud","s":"25N-H58NV20S-80-S"},{"r":"45","t":"13:36:21","h":"Sud","s":"25S-H58S000S-80-S"},{"r":"45","t":"13:49:21","h":"Sud","s":"25N-H58N000I-80-I"},{"r":"45","t":"13:49:21","h":"Sud","s":"25N-H58N100F-80-F1"},{"r":"45","t":"13:49:21","h":"Sud","s":"25N-H58N200F-80-F2"},{"r":"45","t":"13:49:21","h":"Sud","s":"25N-H58N300F-80-F3"},{"r":"45","t":"13:49:21","h":"Sud","s":"25N-H58N400F-80-F4"},{"r":"45","t":"13:49:21","h":"Sud","s":"25N-H58NV10I-80-I"},{"r":"45","t":"13:49:21","h":"Sud","s":"25N-H58NV20I-80-I"},{"r":"45","t":"13:49:21","h":"Sud","s":"25S-H58S000I-80-I"},{"r":"45","t":"13:49:21","h":"Sud","s":"25S-H58S100F-80-F1"},{"r":"45","t":"13:49:21","h":"Sud","s":"25S-H58S200F-80-F2"},{"r":"45","t":"13:49:50","h":"Sud","s":"25N-H58N000A-80-A"},{"r":"45","t":"13:49:50","h":"Sud","s":"25N-H58NV10A-80-A"},{"r":"45","t":"13:49:50","h":"Sud","s":"25N-H58NV20A-80-A"},{"r":"45","t":"13:49:50","h":"Sud","s":"25S-H58S000A-80-A"},{"r":"45","t":"13:56:21","h":"Sud","s":"25N-H58N000S-80-S"},{"r":"45","t":"13:56:21","h":"Sud","s":"25N-H58NV10S-80-S"},{"r":"45","t":"13:56:21","h":"Sud","s":"25N-H58NV20S-80-S"},{"r":"45","t":"13:56:21","h":"Sud","s":"25S-H58S000S-80-S"},{"r":"45","t":"14:10:50","h":"Sud","s":"25N-H58N000A-80-A"},{"r":"45","t":"14:10:50","h":"Sud","s":"25N-H58NV10A-80-A"},{"r":"45","t":"14:10:50","h":"Sud","s":"25N-H58NV20A-80-A"},{"r":"45","t":"14:10:50","h":"Sud","s":"25S-H58S000A-80-A"},{"r":"45","t":"14:18:20","h":"Sud","s":"25N-H58N000S-80-S"},{"r":"45","t":"14:18:20","h":"Sud","s":"25N-H58NV10S-80-S"},{"r":"45","t":"14:18:20","h":"Sud","s":"25N-H58NV20S-80-S"},{"r":"45","t":"14:18:20","h":"Sud","s":"25S-H58S000S-80-S"},{"r":"45","t":"14:19:21","h":"Sud","s":"25N-H58N000I-80-I"},{"r":"45","t":"14:19:21","h":"Sud","s":"25N-H58N100F-80-F1"},{"r":"45","t":"14:19:21","h":"Sud","s":"25N-H58N200F-80-F2"},{"r":"45","t":"14:19:21","h":"Sud","s":"25N-H58N300F-80-F3"},{"r":"45","t":"14:19:21","h":"Sud","s":"25N-H58N400F-80-F4"},{"r":"45","t":"14:19:21","h":"Sud","s":"25N-H58NV10I-80-I"},{"r":"45","t":"14:19:21","h":"Sud","s":"25N-H58NV20I-80-I"},{"r":"45","t":"14:19:21","h":"Sud","s":"25S-H58S000I-80-I"},{"r":"45","t":"14:19:21","h":"Sud","s":"25S-H58S100F-80-F1"},{"r":"45","t":"14:19:21","h":"Sud","s":"25S-H58S200F-80-F2"},{"r":"45","t":"14:30:50","h":"Sud","s":"25N-H58N000A-80-A"},{"r":"45","t":"14:30:50","h":"Sud","s":"25N-H58NV10A-80-A"},{"r":"45","t":"14:30:50","h":"Sud","s":"25N-H58NV20A-80-A"},{"r":"45","t":"14:30:50","h":"Sud","s":"25S-H58S000A-80-A"},{"r":"45","t":"14:43:20","h":"Sud","s":"25N-H58N000S-80-S"},{"r":"45","t":"14:43:20","h":"Sud","s":"25N-H58NV10S-80-S"},{"r":"45","t":"14:43:20","h":"Sud","s":"25N-H58NV20S-80-S"},{"r":"45","t":"14:43:20","h":"Sud","s":"25S-H58S000S-80-S"},{"r":"45","t":"14:50:50","h":"Sud","s":"25N-H58N000A-80-A"},{"r":"45","t":"14:50:50","h":"Sud","s":"25N-H58NV10A-80-A"},{"r":"45","t":"14:50:50","h":"Sud","s":"25N-H58NV20A-80-A"},{"r":"45","t":"14:50:50","h":"Sud","s":"25S-H58S000A-80-A"},{"r":"45","t":"14:51:50","h":"Sud","s":"25N-H58N000I-80-I"},{"r":"45","t":"14:51:50","h":"Sud","s":"25N-H58N100F-80-F1"},{"r":"45","t":"14:51:50","h":"Sud","s":"25N-H58N200F-80-F2"},{"r":"45","t":"14:51:50","h":"Sud","s":"25N-H58N300F-80-F3"},{"r":"45","t":"14:51:50","h":"Sud","s":"25N-H58N400F-80-F4"},{"r":"45","t":"14:51:50","h":"Sud","s":"25N-H58NV10I-80-I"},{"r":"45","t":"14:51:50","h":"Sud","s":"25N-H58NV20I-80-I"},{"r":"45","t":"14:51:50","h":"Sud","s":"25S-H58S000I-80-I"},{"r":"45","t":"14:51:50","h":"Sud","s":"25S-H58S100F-80-F1"},{"r":"45","t":"14:51:50","h":"Sud","s":"25S-H58S200F-80-F2"},{"r":"45","t":"15:07:20","h":"Sud","s":"25N-H58N000S-80-S"},{"r":"45","t":"15:07:20","h":"Sud","s":"25N-H58NV10S-80-S"},{"r":"45","t":"15:07:20","h":"Sud","s":"25N-H58NV20S-80-S"},{"r":"45","t":"15:07:20","h":"Sud","s":"25S-H58S000S-80-S"},{"r":"45","t":"15:22:21","h":"Sud","s":"25N-H58N000I-80-I"},{"r":"45","t":"15:22:21","h":"Sud","s":"25N-H58N100F-80-F1"},{"r":"45","t":"15:22:21","h":"Sud","s":"25N-H58N200F-80-F2"},{"r":"45","t":"15:22:21","h":"Sud","s":"25N-H58N300F-80-F3"},{"r":"45","t":"15:22:21","h":"Sud","s":"25N-H58N400F-80-F4"},{"r":"45","t":"15:22:21","h":"Sud","s":"25N-H58NV10I-80-I"},{"r":"45","t":"15:22:21","h":"Sud","s":"25N-H58NV20I-80-I"},{"r":"45","t":"15:22:21","h":"Sud","s":"25S-H58S000I-80-I"},{"r":"45","t":"15:22:21","h":"Sud","s":"25S-H58S100F-80-F1"},{"r":"45","t":"15:22:21","h":"Sud","s":"25S-H58S200F-80-F2"},{"r":"45","t":"15:22:50","h":"Sud","s":"25N-H58N000A-80-A"},{"r":"45","t":"15:22:50","h":"Sud","s":"25N-H58NV10A-80-A"},{"r":"45","t":"15:22:50","h":"Sud","s":"25N-H58NV20A-80-A"},{"r":"45","t":"15:22:50","h":"Sud","s":"25S-H58S000A-80-A"},{"r":"45","t":"15:31:18","h":"Sud","s":"25N-H58N000S-80-S"},{"r":"45","t":"15:31:18","h":"Sud","s":"25N-H58NV10S-80-S"},{"r":"45","t":"15:31:18","h":"Sud","s":"25N-H58NV20S-80-S"},{"r":"45","t":"15:31:18","h":"Sud","s":"25S-H58S000S-80-S"},{"r":"45","t":"15:50:21","h":"Sud","s":"25N-H58N000I-80-I"},{"r":"45","t":"15:50:21","h":"Sud","s":"25N-H58N100F-80-F1"},{"r":"45","t":"15:50:21","h":"Sud","s":"25N-H58N200F-80-F2"},{"r":"45","t":"15:50:21","h":"Sud","s":"25N-H58N300F-80-F3"},{"r":"45","t":"15:50:21","h":"Sud","s":"25N-H58N400F-80-F4"},{"r":"45","t":"15:50:21","h":"Sud","s":"25N-H58NV10I-80-I"},{"r":"45","t":"15:50:21","h":"Sud","s":"25N-H58NV20I-80-I"},{"r":"45","t":"15:50:21","h":"Sud","s":"25S-H58S000I-80-I"},{"r":"45","t":"15:50:21","h":"Sud","s":"25S-H58S100F-80-F1"},{"r":"45","t":"15:50:21","h":"Sud","s":"25S-H58S200F-80-F2"},{"r":"45","t":"15:53:50","h":"Sud","s":"25N-H58N000A-80-A"},{"r":"45","t":"15:53:50","h":"Sud","s":"25N-H58NV10A-80-A"},{"r":"45","t":"15:53:50","h":"Sud","s":"25N-H58NV20A-80-A"},{"r":"45","t":"15:53:50","h":"Sud","s":"25S-H58S000A-80-A"},{"r":"45","t":"15:54:18","h":"Sud","s":"25N-H58N000S-80-S"},{"r":"45","t":"15:54:18","h":"Sud","s":"25N-H58NV10S-80-S"},{"r":"45","t":"15:54:18","h":"Sud","s":"25N-H58NV20S-80-S"},{"r":"45","t":"15:54:18","h":"Sud","s":"25S-H58S000S-80-S"},{"r":"45","t":"16:17:18","h":"Sud","s":"25N-H58N000S-80-S"},{"r":"45","t":"16:17:18","h":"Sud","s":"25N-H58NV10S-80-S"},{"r":"45","t":"16:17:18","h":"Sud","s":"25N-H58NV20S-80-S"},{"r":"45","t":"16:17:18","h":"Sud","s":"25S-H58S000S-80-S"},{"r":"45","t":"16:20:21","h":"Sud","s":"25N-H58N000I-80-I"},{"r":"45","t":"16:20:21","h":"Sud","s":"25N-H58N100F-80-F1"},{"r":"45","t":"16:20:21","h":"Sud","s":"25N-H58N200F-80-F2"},{"r":"45","t":"16:20:21","h":"Sud","s":"25N-H58N300F-80-F3"},{"r":"45","t":"16:20:21","h":"Sud","s":"25N-H58N400F-80-F4"},{"r":"45","t":"16:20:21","h":"Sud","s":"25N-H58NV10I-80-I"},{"r":"45","t":"16:20:21","h":"Sud","s":"25N-H58NV20I-80-I"},{"r":"45","t":"16:20:21","h":"Sud","s":"25S-H58S000I-80-I"},{"r":"45","t":"16:20:21","h":"Sud","s":"25S-H58S100F-80-F1"},{"r":"45","t":"16:20:21","h":"Sud","s":"25S-H58S200F-80-F2"},{"r":"45","t":"16:23:50","h":"Sud","s":"25N-H58N000A-80-A"},{"r":"45","t":"16:23:50","h":"Sud","s":"25N-H58NV10A-80-A"},{"r":"45","t":"16:23:50","h":"Sud","s":"25N-H58NV20A-80-A"},{"r":"45","t":"16:23:50","h":"Sud","s":"25S-H58S000A-80-A"},{"r":"45","t":"16:37:18","h":"Sud","s":"25N-H59N000S-80-S"},{"r":"45","t":"16:37:18","h":"Sud","s":"25N-H59NV10S-84-S"},{"r":"45","t":"16:37:18","h":"Sud","s":"25N-H59NV20S-80-S"},{"r":"45","t":"16:37:18","h":"Sud","s":"25S-H59S000S-81-S"},{"r":"45","t":"16:51:21","h":"Sud","s":"25N-H58N000I-80-I"},{"r":"45","t":"16:51:21","h":"Sud","s":"25N-H58N100F-80-F1"},{"r":"45","t":"16:51:21","h":"Sud","s":"25N-H58N200F-80-F2"},{"r":"45","t":"16:51:21","h":"Sud","s":"25N-H58N300F-80-F3"},{"r":"45","t":"16:51:21","h":"Sud","s":"25N-H58N400F-80-F4"},{"r":"45","t":"16:51:21","h":"Sud","s":"25N-H58NV10I-80-I"},{"r":"45","t":"16:51:21","h":"Sud","s":"25N-H58NV20I-80-I"},{"r":"45","t":"16:51:21","h":"Sud","s":"25S-H58S000I-80-I"},{"r":"45","t":"16:51:21","h":"Sud","s":"25S-H58S100F-80-F1"},{"r":"45","t":"16:51:21","h":"Sud","s":"25S-H58S200F-80-F2"},{"r":"45","t":"16:53:50","h":"Sud","s":"25N-H58N000A-80-A"},{"r":"45","t":"16:53:50","h":"Sud","s":"25N-H58NV10A-80-A"},{"r":"45","t":"16:53:50","h":"Sud","s":"25N-H58NV20A-80-A"},{"r":"45","t":"16:53:50","h":"Sud","s":"25S-H58S000A-80-A"},{"r":"45","t":"16:58:18","h":"Sud","s":"25N-H58N000S-80-S"},{"r":"45","t":"16:58:18","h":"Sud","s":"25N-H58NV10S-80-S"},{"r":"45","t":"16:58:18","h":"Sud","s":"25N-H58NV20S-80-S"},{"r":"45","t":"16:58:18","h":"Sud","s":"25S-H58S000S-80-S"},{"r":"45","t":"17:19:18","h":"Sud","s":"25N-H58N000S-80-S"},{"r":"45","t":"17:19:18","h":"Sud","s":"25N-H58NV10S-80-S"},{"r":"45","t":"17:19:18","h":"Sud","s":"25N-H58NV20S-80-S"},{"r":"45","t":"17:19:18","h":"Sud","s":"25S-H58S000S-80-S"},{"r":"45","t":"17:19:52","h":"Sud","s":"25N-H58N000I-80-I"},{"r":"45","t":"17:19:52","h":"Sud","s":"25N-H58N100F-80-F1"},{"r":"45","t":"17:19:52","h":"Sud","s":"25N-H58N200F-80-F2"},{"r":"45","t":"17:19:52","h":"Sud","s":"25N-H58N300F-80-F3"},{"r":"45","t":"17:19:52","h":"Sud","s":"25N-H58N400F-80-F4"},{"r":"45","t":"17:19:52","h":"Sud","s":"25N-H58NV10I-80-I"},{"r":"45","t":"17:19:52","h":"Sud","s":"25N-H58NV20I-80-I"},{"r":"45","t":"17:19:52","h":"Sud","s":"25S-H58S000I-80-I"},{"r":"45","t":"17:19:52","h":"Sud","s":"25S-H58S100F-80-F1"},{"r":"45","t":"17:19:52","h":"Sud","s":"25S-H58S200F-80-F2"},{"r":"45","t":"17:22:50","h":"Sud","s":"25N-H58N000A-80-A"},{"r":"45","t":"17:22:50","h":"Sud","s":"25N-H58NV10A-80-A"},{"r":"45","t":"17:22:50","h":"Sud","s":"25N-H58NV20A-80-A"},{"r":"45","t":"17:22:50","h":"Sud","s":"25S-H58S000A-80-A"},{"r":"45","t":"17:42:18","h":"Sud","s":"25N-H58N000S-80-S"},{"r":"45","t":"17:42:18","h":"Sud","s":"25N-H58NV10S-80-S"},{"r":"45","t":"17:42:18","h":"Sud","s":"25N-H58NV20S-80-S"},{"r":"45","t":"17:42:18","h":"Sud","s":"25S-H58S000S-80-S"},{"r":"45","t":"17:50:52","h":"Sud","s":"25N-H58N000A-80-A"},{"r":"45","t":"17:50:52","h":"Sud","s":"25N-H58N000I-80-I"},{"r":"45","t":"17:50:52","h":"Sud","s":"25N-H58N100F-80-F1"},{"r":"45","t":"17:50:52","h":"Sud","s":"25N-H58N200F-80-F2"},{"r":"45","t":"17:50:52","h":"Sud","s":"25N-H58N300F-80-F3"},{"r":"45","t":"17:50:52","h":"Sud","s":"25N-H58N400F-80-F4"},{"r":"45","t":"17:50:52","h":"Sud","s":"25N-H58NV10A-80-A"},{"r":"45","t":"17:50:52","h":"Sud","s":"25N-H58NV10I-80-I"},{"r":"45","t":"17:50:52","h":"Sud","s":"25N-H58NV20A-80-A"},{"r":"45","t":"17:50:52","h":"Sud","s":"25N-H58NV20I-80-I"},{"r":"45","t":"17:50:52","h":"Sud","s":"25S-H58S000A-80-A"},{"r":"45","t":"17:50:52","h":"Sud","s":"25S-H58S000I-80-I"},{"r":"45","t":"17:50:52","h":"Sud","s":"25S-H58S100F-80-F1"},{"r":"45","t":"17:50:52","h":"Sud","s":"25S-H58S200F-80-F2"},{"r":"45","t":"18:03:49","h":"Sud","s":"25N-H58N000S-80-S"},{"r":"45","t":"18:03:49","h":"Sud","s":"25N-H58NV10S-80-S"},{"r":"45","t":"18:03:49","h":"Sud","s":"25N-H58NV20S-80-S"},{"r":"45","t":"18:03:49","h":"Sud","s":"25S-H58S000S-80-S"},{"r":"45","t":"18:18:52","h":"Sud","s":"25N-H58N000A-80-A"},{"r":"45","t":"18:18:52","h":"Sud","s":"25N-H58NV10A-80-A"},{"r":"45","t":"18:18:52","h":"Sud","s":"25N-H58NV20A-80-A"},{"r":"45","t":"18:18:52","h":"Sud","s":"25S-H58S000A-80-A"},{"r":"45","t":"18:19:52","h":"Sud","s":"25N-H58N000I-80-I"},{"r":"45","t":"18:19:52","h":"Sud","s":"25N-H58N100F-80-F1"},{"r":"45","t":"18:19:52","h":"Sud","s":"25N-H58N200F-80-F2"},{"r":"45","t":"18:19:52","h":"Sud","s":"25N-H58N300F-80-F3"},{"r":"45","t":"18:19:52","h":"Sud","s":"25N-H58N400F-80-F4"},{"r":"45","t":"18:19:52","h":"Sud","s":"25N-H58NV10I-80-I"},{"r":"45","t":"18:19:52","h":"Sud","s":"25N-H58NV20I-80-I"},{"r":"45","t":"18:19:52","h":"Sud","s":"25S-H58S000I-80-I"},{"r":"45","t":"18:19:52","h":"Sud","s":"25S-H58S100F-80-F1"},{"r":"45","t":"18:19:52","h":"Sud","s":"25S-H58S200F-80-F2"},{"r":"45","t":"18:30:49","h":"Sud","s":"25N-H58N000S-80-S"},{"r":"45","t":"18:30:49","h":"Sud","s":"25N-H58NV10S-80-S"},{"r":"45","t":"18:30:49","h":"Sud","s":"25N-H58NV20S-80-S"},{"r":"45","t":"18:30:49","h":"Sud","s":"25S-H58S000S-80-S"},{"r":"45","t":"18:46:52","h":"Sud","s":"25N-H58N000A-80-A"},{"r":"45","t":"18:46:52","h":"Sud","s":"25N-H58NV10A-80-A"},{"r":"45","t":"18:46:52","h":"Sud","s":"25N-H58NV20A-80-A"},{"r":"45","t":"18:46:52","h":"Sud","s":"25S-H58S000A-80-A"},{"r":"45","t":"18:51:52","h":"Sud","s":"25N-H58N000I-80-I"},{"r":"45","t":"18:51:52","h":"Sud","s":"25N-H58N100F-80-F1"},{"r":"45","t":"18:51:52","h":"Sud","s":"25N-H58N200F-80-F2"},{"r":"45","t":"18:51:52","h":"Sud","s":"25N-H58N300F-80-F3"},{"r":"45","t":"18:51:52","h":"Sud","s":"25N-H58N400F-80-F4"},{"r":"45","t":"18:51:52","h":"Sud","s":"25N-H58NV10I-80-I"},{"r":"45","t":"18:51:52","h":"Sud","s":"25N-H58NV20I-80-I"},{"r":"45","t":"18:51:52","h":"Sud","s":"25S-H58S000I-80-I"},{"r":"45","t":"18:51:52","h":"Sud","s":"25S-H58S100F-80-F1"},{"r":"45","t":"18:51:52","h":"Sud","s":"25S-H58S200F-80-F2"},{"r":"45","t":"19:01:21","h":"Sud","s":"25N-H58N000S-80-S"},{"r":"45","t":"19:01:21","h":"Sud","s":"25N-H58NV10S-80-S"},{"r":"45","t":"19:01:21","h":"Sud","s":"25N-H58NV20S-80-S"},{"r":"45","t":"19:01:21","h":"Sud","s":"25S-H58S000S-80-S"},{"r":"45","t":"19:12:52","h":"Sud","s":"25N-H58N000A-80-A"},{"r":"45","t":"19:12:52","h":"Sud","s":"25N-H58NV10A-80-A"},{"r":"45","t":"19:12:52","h":"Sud","s":"25N-H58NV20A-80-A"},{"r":"45","t":"19:12:52","h":"Sud","s":"25S-H58S000A-80-A"},{"r":"45","t":"19:23:52","h":"Sud","s":"25N-H58N000I-80-I"},{"r":"45","t":"19:23:52","h":"Sud","s":"25N-H58N100F-80-F1"},{"r":"45","t":"19:23:52","h":"Sud","s":"25N-H58N200F-80-F2"},{"r":"45","t":"19:23:52","h":"Sud","s":"25N-H58N300F-80-F3"},{"r":"45","t":"19:23:52","h":"Sud","s":"25N-H58N400F-80-F4"},{"r":"45","t":"19:23:52","h":"Sud","s":"25N-H58NV10I-80-I"},{"r":"45","t":"19:23:52","h":"Sud","s":"25N-H58NV20I-80-I"},{"r":"45","t":"19:23:52","h":"Sud","s":"25S-H58S000I-80-I"},{"r":"45","t":"19:23:52","h":"Sud","s":"25S-H58S100F-80-F1"},{"r":"45","t":"19:23:52","h":"Sud","s":"25S-H58S200F-80-F2"},{"r":"45","t":"19:31:21","h":"Sud","s":"25N-H58N000S-80-S"},{"r":"45","t":"19:31:21","h":"Sud","s":"25N-H58NV10S-80-S"},{"r":"45","t":"19:31:21","h":"Sud","s":"25N-H58NV20S-80-S"},{"r":"45","t":"19:31:21","h":"Sud","s":"25S-H58S000S-80-S"},{"r":"45","t":"19:41:52","h":"Sud","s":"25N-H58N000A-80-A"},{"r":"45","t":"19:41:52","h":"Sud","s":"25N-H58NV10A-80-A"},{"r":"45","t":"19:41:52","h":"Sud","s":"25N-H58NV20A-80-A"},{"r":"45","t":"19:41:52","h":"Sud","s":"25S-H58S000A-80-A"},{"r":"45","t":"19:53:23","h":"Sud","s":"25N-H58N000I-80-I"},{"r":"45","t":"19:53:23","h":"Sud","s":"25N-H58N100F-80-F1"},{"r":"45","t":"19:53:23","h":"Sud","s":"25N-H58N200F-80-F2"},{"r":"45","t":"19:53:23","h":"Sud","s":"25N-H58N300F-80-F3"},{"r":"45","t":"19:53:23","h":"Sud","s":"25N-H58N400F-80-F4"},{"r":"45","t":"19:53:23","h":"Sud","s":"25N-H58NV10I-80-I"},{"r":"45","t":"19:53:23","h":"Sud","s":"25N-H58NV20I-80-I"},{"r":"45","t":"19:53:23","h":"Sud","s":"25S-H58S000I-80-I"},{"r":"45","t":"19:53:23","h":"Sud","s":"25S-H58S100F-80-F1"},{"r":"45","t":"19:53:23","h":"Sud","s":"25S-H58S200F-80-F2"},{"r":"45","t":"20:00:52","h":"Sud","s":"25N-H58N000S-80-S"},{"r":"45","t":"20:00:52","h":"Sud","s":"25N-H58NV10S-80-S"},{"r":"45","t":"20:00:52","h":"Sud","s":"25N-H58NV20S-80-S"},{"r":"45","t":"20:00:52","h":"Sud","s":"25S-H58S000S-80-S"},{"r":"45","t":"20:08:52","h":"Sud","s":"25N-H58N000A-80-A"},{"r":"45","t":"20:08:52","h":"Sud","s":"25N-H58NV10A-80-A"},{"r":"45","t":"20:08:52","h":"Sud","s":"25N-H58NV20A-80-A"},{"r":"45","t":"20:08:52","h":"Sud","s":"25S-H58S000A-80-A"},{"r":"45","t":"20:21:23","h":"Sud","s":"25N-H58N000I-80-I"},{"r":"45","t":"20:21:23","h":"Sud","s":"25N-H58N100F-80-F1"},{"r":"45","t":"20:21:23","h":"Sud","s":"25N-H58N200F-80-F2"},{"r":"45","t":"20:21:23","h":"Sud","s":"25N-H58N300F-80-F3"},{"r":"45","t":"20:21:23","h":"Sud","s":"25N-H58N400F-80-F4"},{"r":"45","t":"20:21:23","h":"Sud","s":"25N-H58NV10I-80-I"},{"r":"45","t":"20:21:23","h":"Sud","s":"25N-H58NV20I-80-I"},{"r":"45","t":"20:21:23","h":"Sud","s":"25S-H58S000I-80-I"},{"r":"45","t":"20:21:23","h":"Sud","s":"25S-H58S100F-80-F1"},{"r":"45","t":"20:21:23","h":"Sud","s":"25S-H58S200F-80-F2"},{"r":"45","t":"20:28:52","h":"Sud","s":"25N-H58N000S-80-S"},{"r":"45","t":"20:28:52","h":"Sud","s":"25N-H58NV10S-80-S"},{"r":"45","t":"20:28:52","h":"Sud","s":"25N-H58NV20S-80-S"},{"r":"45","t":"20:28:52","h":"Sud","s":"25S-H58S000S-80-S"},{"r":"45","t":"20:32:52","h":"Sud","s":"25N-H58N000A-80-A"},{"r":"45","t":"20:32:52","h":"Sud","s":"25N-H58NV10A-80-A"},{"r":"45","t":"20:32:52","h":"Sud","s":"25N-H58NV20A-80-A"},{"r":"45","t":"20:32:52","h":"Sud","s":"25S-H58S000A-80-A"},{"r":"45","t":"20:52:23","h":"Sud","s":"25N-H58N000I-80-I"},{"r":"45","t":"20:52:23","h":"Sud","s":"25N-H58N100F-80-F1"},{"r":"45","t":"20:52:23","h":"Sud","s":"25N-H58N200F-80-F2"},{"r":"45","t":"20:52:23","h":"Sud","s":"25N-H58N300F-80-F3"},{"r":"45","t":"20:52:23","h":"Sud","s":"25N-H58N400F-80-F4"},{"r":"45","t":"20:52:23","h":"Sud","s":"25N-H58NV10I-80-I"},{"r":"45","t":"20:52:23","h":"Sud","s":"25N-H58NV20I-80-I"},{"r":"45","t":"20:52:23","h":"Sud","s":"25S-H58S000I-80-I"},{"r":"45","t":"20:52:23","h":"Sud","s":"25S-H58S100F-80-F1"},{"r":"45","t":"20:52:23","h":"Sud","s":"25S-H58S200F-80-F2"},{"r":"45","t":"20:58:52","h":"Sud","s":"25N-H54N000S-80-S"},{"r":"45","t":"20:58:52","h":"Sud","s":"25N-H54NV10S-82-S"},{"r":"45","t":"20:58:52","h":"Sud","s":"25N-H54NV20S-80-S"},{"r":"45","t":"20:58:52","h":"Sud","s":"25S-H54S000S-82-S"},{"r":"45","t":"21:02:52","h":"Sud","s":"25N-H58N000A-80-A"},{"r":"45","t":"21:02:52","h":"Sud","s":"25N-H58NV10A-80-A"},{"r":"45","t":"21:02:52","h":"Sud","s":"25N-H58NV20A-80-A"},{"r":"45","t":"21:02:52","h":"Sud","s":"25S-H58S000A-80-A"},{"r":"45","t":"21:23:23","h":"Sud","s":"25N-H58N000I-80-I"},{"r":"45","t":"21:23:23","h":"Sud","s":"25N-H58N100F-80-F1"},{"r":"45","t":"21:23:23","h":"Sud","s":"25N-H58N200F-80-F2"},{"r":"45","t":"21:23:23","h":"Sud","s":"25N-H58N300F-80-F3"},{"r":"45","t":"21:23:23","h":"Sud","s":"25N-H58N400F-80-F4"},{"r":"45","t":"21:23:23","h":"Sud","s":"25N-H58NV10I-80-I"},{"r":"45","t":"21:23:23","h":"Sud","s":"25N-H58NV20I-80-I"},{"r":"45","t":"21:23:23","h":"Sud","s":"25S-H58S000I-80-I"},{"r":"45","t":"21:23:23","h":"Sud","s":"25S-H58S100F-80-F1"},{"r":"45","t":"21:23:23","h":"Sud","s":"25S-H58S200F-80-F2"},{"r":"45","t":"21:29:52","h":"Sud","s":"25N-H58N000S-80-S"},{"r":"45","t":"21:29:52","h":"Sud","s":"25N-H58NV10S-80-S"},{"r":"45","t":"21:29:52","h":"Sud","s":"25N-H58NV20S-80-S"},{"r":"45","t":"21:29:52","h":"Sud","s":"25S-H58S000S-80-S"},{"r":"45","t":"21:33:52","h":"Sud","s":"25N-H58N000A-80-A"},{"r":"45","t":"21:33:52","h":"Sud","s":"25N-H58NV10A-80-A"},{"r":"45","t":"21:33:52","h":"Sud","s":"25N-H58NV20A-80-A"},{"r":"45","t":"21:33:52","h":"Sud","s":"25S-H58S000A-80-A"},{"r":"45","t":"21:55:23","h":"Sud","s":"25N-H58N000I-80-I"},{"r":"45","t":"21:55:23","h":"Sud","s":"25N-H58N100F-80-F1"},{"r":"45","t":"21:55:23","h":"Sud","s":"25N-H58N200F-80-F2"},{"r":"45","t":"21:55:23","h":"Sud","s":"25N-H58N300F-80-F3"},{"r":"45","t":"21:55:23","h":"Sud","s":"25N-H58N400F-80-F4"},{"r":"45","t":"21:55:23","h":"Sud","s":"25N-H58NV10I-80-I"},{"r":"45","t":"21:55:23","h":"Sud","s":"25N-H58NV20I-80-I"},{"r":"45","t":"21:55:23","h":"Sud","s":"25S-H58S000I-80-I"},{"r":"45","t":"21:55:23","h":"Sud","s":"25S-H58S100F-80-F1"},{"r":"45","t":"21:55:23","h":"Sud","s":"25S-H58S200F-80-F2"},{"r":"45","t":"22:00:52","h":"Sud","s":"25N-H58N000S-80-S"},{"r":"45","t":"22:00:52","h":"Sud","s":"25N-H58NV10S-80-S"},{"r":"45","t":"22:00:52","h":"Sud","s":"25N-H58NV20S-80-S"},{"r":"45","t":"22:00:52","h":"Sud","s":"25S-H58S000S-80-S"},{"r":"45","t":"22:03:52","h":"Sud","s":"25N-H58N000A-80-A"},{"r":"45","t":"22:03:52","h":"Sud","s":"25N-H58NV10A-80-A"},{"r":"45","t":"22:03:52","h":"Sud","s":"25N-H58NV20A-80-A"},{"r":"45","t":"22:03:52","h":"Sud","s":"25S-H58S000A-80-A"},{"r":"45","t":"22:26:23","h":"Sud","s":"25N-H58N000I-80-I"},{"r":"45","t":"22:26:23","h":"Sud","s":"25N-H58N100F-80-F1"},{"r":"45","t":"22:26:23","h":"Sud","s":"25N-H58N200F-80-F2"},{"r":"45","t":"22:26:23","h":"Sud","s":"25N-H58N300F-80-F3"},{"r":"45","t":"22:26:23","h":"Sud","s":"25N-H58N400F-80-F4"},{"r":"45","t":"22:26:23","h":"Sud","s":"25N-H58NV10I-80-I"},{"r":"45","t":"22:26:23","h":"Sud","s":"25N-H58NV20I-80-I"},{"r":"45","t":"22:26:23","h":"Sud","s":"25S-H58S000I-80-I"},{"r":"45","t":"22:26:23","h":"Sud","s":"25S-H58S100F-80-F1"},{"r":"45","t":"22:26:23","h":"Sud","s":"25S-H58S200F-80-F2"},{"r":"45","t":"22:28:52","h":"Sud","s":"25N-H58N000S-80-S"},{"r":"45","t":"22:28:52","h":"Sud","s":"25N-H58NV10S-80-S"},{"r":"45","t":"22:28:52","h":"Sud","s":"25N-H58NV20S-80-S"},{"r":"45","t":"22:28:52","h":"Sud","s":"25S-H58S000S-80-S"},{"r":"45","t":"22:35:52","h":"Sud","s":"25N-H58N000A-80-A"},{"r":"45","t":"22:35:52","h":"Sud","s":"25N-H58NV10A-80-A"},{"r":"45","t":"22:35:52","h":"Sud","s":"25N-H58NV20A-80-A"},{"r":"45","t":"22:35:52","h":"Sud","s":"25S-H58S000A-80-A"},{"r":"45","t":"22:54:23","h":"Sud","s":"25N-H58N000I-80-I"},{"r":"45","t":"22:54:23","h":"Sud","s":"25N-H58N100F-80-F1"},{"r":"45","t":"22:54:23","h":"Sud","s":"25N-H58N200F-80-F2"},{"r":"45","t":"22:54:23","h":"Sud","s":"25N-H58N300F-80-F3"},{"r":"45","t":"22:54:23","h":"Sud","s":"25N-H58N400F-80-F4"},{"r":"45","t":"22:54:23","h":"Sud","s":"25N-H58NV10I-80-I"},{"r":"45","t":"22:54:23","h":"Sud","s":"25N-H58NV20I-80-I"},{"r":"45","t":"22:54:23","h":"Sud","s":"25S-H58S000I-80-I"},{"r":"45","t":"22:54:23","h":"Sud","s":"25S-H58S100F-80-F1"},{"r":"45","t":"22:54:23","h":"Sud","s":"25S-H58S200F-80-F2"},{"r":"45","t":"23:00:23","h":"Sud","s":"25N-H58N000S-80-S"},{"r":"45","t":"23:00:23","h":"Sud","s":"25N-H58NV10S-80-S"},{"r":"45","t":"23:00:23","h":"Sud","s":"25N-H58NV20S-80-S"},{"r":"45","t":"23:00:23","h":"Sud","s":"25S-H58S000S-80-S"},{"r":"45","t":"23:07:52","h":"Sud","s":"25N-H58N000A-80-A"},{"r":"45","t":"23:07:52","h":"Sud","s":"25N-H58NV10A-80-A"},{"r":"45","t":"23:07:52","h":"Sud","s":"25N-H58NV20A-80-A"},{"r":"45","t":"23:07:52","h":"Sud","s":"25S-H58S000A-80-A"},{"r":"45","t":"23:24:23","h":"Sud","s":"25N-H58N000I-80-I"},{"r":"45","t":"23:24:23","h":"Sud","s":"25N-H58N100F-80-F1"},{"r":"45","t":"23:24:23","h":"Sud","s":"25N-H58N200F-80-F2"},{"r":"45","t":"23:24:23","h":"Sud","s":"25N-H58N300F-80-F3"},{"r":"45","t":"23:24:23","h":"Sud","s":"25N-H58N400F-80-F4"},{"r":"45","t":"23:24:23","h":"Sud","s":"25N-H58NV10I-80-I"},{"r":"45","t":"23:24:23","h":"Sud","s":"25N-H58NV20I-80-I"},{"r":"45","t":"23:24:23","h":"Sud","s":"25S-H58S000I-80-I"},{"r":"45","t":"23:24:23","h":"Sud","s":"25S-H58S100F-80-F1"},{"r":"45","t":"23:24:23","h":"Sud","s":"25S-H58S200F-80-F2"},{"r":"45","t":"23:31:23","h":"Sud","s":"25N-H58N000S-80-S"},{"r":"45","t":"23:31:23","h":"Sud","s":"25N-H58NV10S-80-S"},{"r":"45","t":"23:31:23","h":"Sud","s":"25N-H58NV20S-80-S"},{"r":"45","t":"23:31:23","h":"Sud","s":"25S-H58S000S-80-S"},{"r":"45","t":"23:35:52","h":"Sud","s":"25N-H58N000A-80-A"},{"r":"45","t":"23:35:52","h":"Sud","s":"25N-H58NV10A-80-A"},{"r":"45","t":"23:35:52","h":"Sud","s":"25N-H58NV20A-80-A"},{"r":"45","t":"23:35:52","h":"Sud","s":"25S-H58S000A-80-A"},{"r":"45","t":"23:55:23","h":"Sud","s":"25N-H58N000I-80-I"},{"r":"45","t":"23:55:23","h":"Sud","s":"25N-H58N100F-80-F1"},{"r":"45","t":"23:55:23","h":"Sud","s":"25N-H58N200F-80-F2"},{"r":"45","t":"23:55:23","h":"Sud","s":"25N-H58N300F-80-F3"},{"r":"45","t":"23:55:23","h":"Sud","s":"25N-H58N400F-80-F4"},{"r":"45","t":"23:55:23","h":"Sud","s":"25N-H58NV10I-80-I"},{"r":"45","t":"23:55:23","h":"Sud","s":"25N-H58NV20I-80-I"},{"r":"45","t":"23:55:23","h":"Sud","s":"25S-H58S000I-80-I"},{"r":"45","t":"23:55:23","h":"Sud","s":"25S-H58S100F-80-F1"},{"r":"45","t":"23:55:23","h":"Sud","s":"25S-H58S200F-80-F2"},{"r":"45","t":"24:01:23","h":"Sud","s":"25N-H58N000S-80-S"},{"r":"45","t":"24:01:23","h":"Sud","s":"25N-H58NV10S-80-S"},{"r":"45","t":"24:01:23","h":"Sud","s":"25N-H58NV20S-80-S"},{"r":"45","t":"24:01:23","h":"Sud","s":"25S-H58S000S-80-S"},{"r":"45","t":"24:03:52","h":"Sud","s":"25N-H58N000A-80-A"},{"r":"45","t":"24:03:52","h":"Sud","s":"25N-H58NV10A-80-A"},{"r":"45","t":"24:03:52","h":"Sud","s":"25N-H58NV20A-80-A"},{"r":"45","t":"24:03:52","h":"Sud","s":"25S-H58S000A-80-A"},{"r":"45","t":"24:25:23","h":"Sud","s":"25N-H58N000I-80-I"},{"r":"45","t":"24:25:23","h":"Sud","s":"25N-H58N100F-80-F1"},{"r":"45","t":"24:25:23","h":"Sud","s":"25N-H58N200F-80-F2"},{"r":"45","t":"24:25:23","h":"Sud","s":"25N-H58N300F-80-F3"},{"r":"45","t":"24:25:23","h":"Sud","s":"25N-H58N400F-80-F4"},{"r":"45","t":"24:25:23","h":"Sud","s":"25N-H58NV10I-80-I"},{"r":"45","t":"24:25:23","h":"Sud","s":"25N-H58NV20I-80-I"},{"r":"45","t":"24:25:23","h":"Sud","s":"25S-H58S000I-80-I"},{"r":"45","t":"24:25:23","h":"Sud","s":"25S-H58S100F-80-F1"},{"r":"45","t":"24:25:23","h":"Sud","s":"25S-H58S200F-80-F2"},{"r":"45","t":"24:30:23","h":"Sud","s":"25N-H58N000S-80-S"},{"r":"45","t":"24:30:23","h":"Sud","s":"25N-H58NV10S-80-S"},{"r":"45","t":"24:30:23","h":"Sud","s":"25N-H58NV20S-80-S"},{"r":"45","t":"24:30:23","h":"Sud","s":"25S-H58S000S-80-S"},{"r":"45","t":"24:34:52","h":"Sud","s":"25N-H58N000A-80-A"},{"r":"45","t":"24:34:52","h":"Sud","s":"25N-H58NV10A-80-A"},{"r":"45","t":"24:34:52","h":"Sud","s":"25N-H58NV20A-80-A"},{"r":"45","t":"24:34:52","h":"Sud","s":"25S-H58S000A-80-A"},{"r":"45","t":"24:49:23","h":"Sud","s":"25N-H58N000I-80-I"},{"r":"45","t":"24:49:23","h":"Sud","s":"25N-H58N100F-80-F1"},{"r":"45","t":"24:49:23","h":"Sud","s":"25N-H58N200F-80-F2"},{"r":"45","t":"24:49:23","h":"Sud","s":"25N-H58N300F-80-F3"},{"r":"45","t":"24:49:23","h":"Sud","s":"25N-H58N400F-80-F4"},{"r":"45","t":"24:49:23","h":"Sud","s":"25N-H58NV10I-80-I"},{"r":"45","t":"24:49:23","h":"Sud","s":"25N-H58NV20I-80-I"},{"r":"45","t":"24:49:23","h":"Sud","s":"25S-H58S000I-80-I"},{"r":"45","t":"24:49:23","h":"Sud","s":"25S-H58S100F-80-F1"},{"r":"45","t":"24:49:23","h":"Sud","s":"25S-H58S200F-80-F2"},{"r":"45","t":"25:03:23","h":"Sud","s":"25N-H58N000S-80-S"},{"r":"45","t":"25:03:23","h":"Sud","s":"25N-H58NV10S-80-S"},{"r":"45","t":"25:03:23","h":"Sud","s":"25N-H58NV20S-80-S"},{"r":"45","t":"25:03:23","h":"Sud","s":"25S-H58S000S-80-S"},{"r":"45","t":"25:03:52","h":"Sud","s":"25N-H58N000A-80-A"},{"r":"45","t":"25:03:52","h":"Sud","s":"25N-H58NV10A-80-A"},{"r":"45","t":"25:03:52","h":"Sud","s":"25N-H58NV20A-80-A"},{"r":"45","t":"25:03:52","h":"Sud","s":"25S-H58S000A-80-A"},{"r":"359","t":"25:22:54","h":"Sud","s":"25N-H57N000I-80-I"},{"r":"359","t":"25:22:54","h":"Sud","s":"25N-H57N100F-80-F1"},{"r":"359","t":"25:22:54","h":"Sud","s":"25N-H57N200F-80-F2"},{"r":"359","t":"25:22:54","h":"Sud","s":"25N-H57N300F-80-F3"},{"r":"359","t":"25:22:54","h":"Sud","s":"25N-H57N400F-80-F4"},{"r":"359","t":"25:22:54","h":"Sud","s":"25N-H57NV10I-80-I"},{"r":"359","t":"25:22:54","h":"Sud","s":"25N-H57NV20I-80-I"},{"r":"359","t":"25:22:54","h":"Sud","s":"25S-H57S000I-80-I"},{"r":"359","t":"25:22:54","h":"Sud","s":"25S-H57S100F-80-F1"},{"r":"359","t":"25:22:54","h":"Sud","s":"25S-H57S200F-80-F2"},{"r":"359","t":"25:24:54","h":"Sud","s":"25N-H57N000S-80-S"},{"r":"359","t":"25:24:54","h":"Sud","s":"25N-H57NV10S-84-S"},{"r":"359","t":"25:24:54","h":"Sud","s":"25N-H57NV20S-80-S"},{"r":"359","t":"25:24:54","h":"Sud","s":"25S-H57S000S-82-S"},{"r":"45","t":"25:33:52","h":"Sud","s":"25N-H58N000A-80-A"},{"r":"45","t":"25:33:52","h":"Sud","s":"25N-H58NV10A-80-A"},{"r":"45","t":"25:33:52","h":"Sud","s":"25N-H58NV20A-80-A"},{"r":"45","t":"25:33:52","h":"Sud","s":"25S-H58S000A-80-A"},{"r":"359","t":"25:57:54","h":"Sud","s":"25N-H57N000I-80-I"},{"r":"359","t":"25:57:54","h":"Sud","s":"25N-H57N100F-80-F1"},{"r":"359","t":"25:57:54","h":"Sud","s":"25N-H57N200F-80-F2"},{"r":"359","t":"25:57:54","h":"Sud","s":"25N-H57N300F-80-F3"},{"r":"359","t":"25:57:54","h":"Sud","s":"25N-H57N400F-80-F4"},{"r":"359","t":"25:57:54","h":"Sud","s":"25N-H57NV10I-80-I"},{"r":"359","t":"25:57:54","h":"Sud","s":"25N-H57NV20I-80-I"},{"r":"359","t":"25:57:54","h":"Sud","s":"25S-H57S000I-80-I"},{"r":"359","t":"25:57:54","h":"Sud","s":"25S-H57S100F-80-F1"},{"r":"359","t":"25:57:54","h":"Sud","s":"25S-H57S200F-80-F2"},{"r":"359","t":"25:58:54","h":"Sud","s":"25N-H57N000S-80-S"},{"r":"359","t":"25:58:54","h":"Sud","s":"25N-H57NV10S-84-S"},{"r":"359","t":"25:58:54","h":"Sud","s":"25N-H57NV20S-80-S"},{"r":"359","t":"25:58:54","h":"Sud","s":"25S-H57S000S-82-S"},{"r":"359","t":"26:00:23","h":"Sud","s":"25N-H57N000A-80-A"},{"r":"359","t":"26:00:23","h":"Sud","s":"25N-H57NV10A-80-A"},{"r":"359","t":"26:00:23","h":"Sud","s":"25N-H57NV20A-80-A"},{"r":"359","t":"26:00:23","h":"Sud","s":"25S-H57S000A-80-A"},{"r":"359","t":"26:32:25","h":"Sud","s":"25N-H57N000I-80-I"},{"r":"359","t":"26:32:25","h":"Sud","s":"25N-H57N100F-80-F1"},{"r":"359","t":"26:32:25","h":"Sud","s":"25N-H57N200F-80-F2"},{"r":"359","t":"26:32:25","h":"Sud","s":"25N-H57N300F-80-F3"},{"r":"359","t":"26:32:25","h":"Sud","s":"25N-H57N400F-80-F4"},{"r":"359","t":"26:32:25","h":"Sud","s":"25N-H57NV10I-80-I"},{"r":"359","t":"26:32:25","h":"Sud","s":"25N-H57NV20I-80-I"},{"r":"359","t":"26:32:25","h":"Sud","s":"25S-H57S000I-80-I"},{"r":"359","t":"26:32:25","h":"Sud","s":"25S-H57S100F-80-F1"},{"r":"359","t":"26:32:25","h":"Sud","s":"25S-H57S200F-80-F2"},{"r":"359","t":"26:35:23","h":"Sud","s":"25N-H57N000A-80-A"},{"r":"359","t":"26:35:23","h":"Sud","s":"25N-H57NV10A-80-A"},{"r":"359","t":"26:35:23","h":"Sud","s":"25N-H57NV20A-80-A"},{"r":"359","t":"26:35:23","h":"Sud","s":"25S-H57S000A-80-A"},{"r":"359","t":"26:35:54","h":"Sud","s":"25N-H57N000S-80-S"},{"r":"359","t":"26:35:54","h":"Sud","s":"25N-H57NV10S-84-S"},{"r":"359","t":"26:35:54","h":"Sud","s":"25N-H57NV20S-80-S"},{"r":"359","t":"26:35:54","h":"Sud","s":"25S-H57S000S-82-S"},{"r":"359","t":"27:07:25","h":"Sud","s":"25N-H57N000I-80-I"},{"r":"359","t":"27:07:25","h":"Sud","s":"25N-H57N100F-80-F1"},{"r":"359","t":"27:07:25","h":"Sud","s":"25N-H57N200F-80-F2"},{"r":"359","t":"27:07:25","h":"Sud","s":"25N-H57N300F-80-F3"},{"r":"359","t":"27:07:25","h":"Sud","s":"25N-H57N400F-80-F4"},{"r":"359","t":"27:07:25","h":"Sud","s":"25N-H57NV10I-80-I"},{"r":"359","t":"27:07:25","h":"Sud","s":"25N-H57NV20I-80-I"},{"r":"359","t":"27:07:25","h":"Sud","s":"25S-H57S000I-80-I"},{"r":"359","t":"27:07:25","h":"Sud","s":"25S-H57S100F-80-F1"},{"r":"359","t":"27:07:25","h":"Sud","s":"25S-H57S200F-80-F2"},{"r":"359","t":"27:07:56","h":"Sud","s":"25N-H57N000A-80-A"},{"r":"359","t":"27:07:56","h":"Sud","s":"25N-H57NV10A-80-A"},{"r":"359","t":"27:07:56","h":"Sud","s":"25N-H57NV20A-80-A"},{"r":"359","t":"27:07:56","h":"Sud","s":"25S-H57S000A-80-A"},{"r":"359","t":"27:10:54","h":"Sud","s":"25N-H57N000S-80-S"},{"r":"359","t":"27:10:54","h":"Sud","s":"25N-H57NV10S-84-S"},{"r":"359","t":"27:10:54","h":"Sud","s":"25N-H57NV20S-80-S"},{"r":"359","t":"27:10:54","h":"Sud","s":"25S-H57S000S-82-S"},{"r":"359","t":"27:41:56","h":"Sud","s":"25N-H57N000A-80-A"},{"r":"359","t":"27:41:56","h":"Sud","s":"25N-H57NV10A-80-A"},{"r":"359","t":"27:41:56","h":"Sud","s":"25N-H57NV20A-80-A"},{"r":"359","t":"27:41:56","h":"Sud","s":"25S-H57S000A-80-A"},{"r":"359","t":"27:42:25","h":"Sud","s":"25N-H57N000I-80-I"},{"r":"359","t":"27:42:25","h":"Sud","s":"25N-H57N100F-80-F1"},{"r":"359","t":"27:42:25","h":"Sud","s":"25N-H57N200F-80-F2"},{"r":"359","t":"27:42:25","h":"Sud","s":"25N-H57N300F-80-F3"},{"r":"359","t":"27:42:25","h":"Sud","s":"25N-H57N400F-80-F4"},{"r":"359","t":"27:42:25","h":"Sud","s":"25N-H57NV10I-80-I"},{"r":"359","t":"27:42:25","h":"Sud","s":"25N-H57NV20I-80-I"},{"r":"359","t":"27:42:25","h":"Sud","s":"25S-H57S000I-80-I"},{"r":"359","t":"27:42:25","h":"Sud","s":"25S-H57S100F-80-F1"},{"r":"359","t":"27:42:25","h":"Sud","s":"25S-H57S200F-80-F2"},{"r":"359","t":"27:42:54","h":"Sud","s":"25N-H57N000S-80-S"},{"r":"359","t":"27:42:54","h":"Sud","s":"25N-H57NV10S-84-S"},{"r":"359","t":"27:42:54","h":"Sud","s":"25N-H57NV20S-80-S"},{"r":"359","t":"27:42:54","h":"Sud","s":"25S-H57S000S-82-S"},{"r":"359","t":"28:16:56","h":"Sud","s":"25N-H57N000A-80-A"},{"r":"359","t":"28:16:56","h":"Sud","s":"25N-H57NV10A-80-A"},{"r":"359","t":"28:16:56","h":"Sud","s":"25N-H57NV20A-80-A"},{"r":"359","t":"28:16:56","h":"Sud","s":"25S-H57S000A-80-A"},{"r":"359","t":"28:18:25","h":"Sud","s":"25N-H57N000I-80-I"},{"r":"359","t":"28:18:25","h":"Sud","s":"25N-H57N100F-80-F1"},{"r":"359","t":"28:18:25","h":"Sud","s":"25N-H57N200F-80-F2"},{"r":"359","t":"28:18:25","h":"Sud","s":"25N-H57N300F-80-F3"},{"r":"359","t":"28:18:25","h":"Sud","s":"25N-H57N400F-80-F4"},{"r":"359","t":"28:18:25","h":"Sud","s":"25N-H57NV10I-80-I"},{"r":"359","t":"28:18:25","h":"Sud","s":"25N-H57NV20I-80-I"},{"r":"359","t":"28:18:25","h":"Sud","s":"25S-H57S000I-80-I"},{"r":"359","t":"28:18:25","h":"Sud","s":"25S-H57S100F-80-F1"},{"r":"359","t":"28:18:25","h":"Sud","s":"25S-H57S200F-80-F2"},{"r":"359","t":"28:20:54","h":"Sud","s":"25N-H57N000S-80-S"},{"r":"359","t":"28:20:54","h":"Sud","s":"25N-H57NV10S-84-S"},{"r":"359","t":"28:20:54","h":"Sud","s":"25N-H57NV20S-80-S"},{"r":"359","t":"28:20:54","h":"Sud","s":"25S-H57S000S-82-S"},{"r":"359","t":"28:51:56","h":"Sud","s":"25N-H57N000A-80-A"},{"r":"359","t":"28:51:56","h":"Sud","s":"25N-H57NV10A-80-A"},{"r":"359","t":"28:51:56","h":"Sud","s":"25N-H57NV20A-80-A"},{"r":"359","t":"28:51:56","h":"Sud","s":"25S-H57S000A-80-A"},{"r":"359","t":"28:53:25","h":"Sud","s":"25N-H57N000I-80-I"},{"r":"359","t":"28:53:25","h":"Sud","s":"25N-H57N100F-80-F1"},{"r":"359","t":"28:53:25","h":"Sud","s":"25N-H57N200F-80-F2"},{"r":"359","t":"28:53:25","h":"Sud","s":"25N-H57N300F-80-F3"},{"r":"359","t":"28:53:25","h":"Sud","s":"25N-H57N400F-80-F4"},{"r":"359","t":"28:53:25","h":"Sud","s":"25N-H57NV10I-80-I"},{"r":"359","t":"28:53:25","h":"Sud","s":"25N-H57NV20I-80-I"},{"r":"359","t":"28:53:25","h":"Sud","s":"25S-H57S000I-80-I"},{"r":"359","t":"28:53:25","h":"Sud","s":"25S-H57S100F-80-F1"},{"r":"359","t":"28:53:25","h":"Sud","s":"25S-H57S200F-80-F2"},{"r":"359","t":"28:53:54","h":"Sud","s":"25N-H57N000S-80-S"},{"r":"359","t":"28:53:54","h":"Sud","s":"25N-H57NV10S-84-S"},{"r":"359","t":"28:53:54","h":"Sud","s":"25N-H57NV20S-80-S"},{"r":"359","t":"28:53:54","h":"Sud","s":"25S-H57S000S-82-S"}]