[{"r":"97","t":"05:16:28","h":"Est","s":"25N-H57N000A-80-A"},{"r":"97","t":"05:16:28","h":"Est","s":"25N-H57NV10A-80-A"},{"r":"97","t":"05:16:28","h":"Est","s":"25N-H57NV20A-80-A"},{"r":"97","t":"05:16:28","h":"Est","s":"25S-H57S000A-80-A"},{"r":"97","t":"05:19:21","h":"Est","s":"25N-H57N000I-80-I"},{"r":"97","t":"05:19:21","h":"Est","s":"25N-H57N100F-80-F1"},{"r":"97","t":"05:19:21","h":"Est","s":"25N-H57N200F-80-F2"},{"r":"97","t":"05:19:21","h":"Est","s":"25N-H57N300F-80-F3"},{"r":"97","t":"05:19:21","h":"Est","s":"25N-H57N400F-80-F4"},{"r":"97","t":"05:19:21","h":"Est","s":"25N-H57NV10I-80-I"},{"r":"97","t":"05:19:21","h":"Est","s":"25N-H57NV20I-80-I"},{"r":"97","t":"05:19:21","h":"Est","s":"25S-H57S000I-80-I"},{"r":"97","t":"05:19:21","h":"Est","s":"25S-H57S100F-80-F1"},{"r":"97","t":"05:19:21","h":"Est","s":"25S-H57S200F-80-F2"},{"r":"97","t":"05:24:21","h":"Est","s":"25N-H57N000S-80-S"},{"r":"97","t":"05:24:21","h":"Est","s":"25N-H57NV10S-84-S"},{"r":"97","t":"05:24:21","h":"Est","s":"25N-H57NV20S-80-S"},{"r":"97","t":"05:24:21","h":"Est","s":"25S-H57S000S-82-S"},{"r":"97","t":"05:47:21","h":"Est","s":"25N-H57N000S-80-S"},{"r":"97","t":"05:47:21","h":"Est","s":"25N-H57NV10S-84-S"},{"r":"97","t":"05:47:21","h":"Est","s":"25N-H57NV20S-80-S"},{"r":"97","t":"05:47:21","h":"Est","s":"25S-H57S000S-82-S"},{"r":"97","t":"05:48:21","h":"Est","s":"25N-H57N000I-80-I"},{"r":"97","t":"05:48:21","h":"Est","s":"25N-H57N100F-80-F1"},{"r":"97","t":"05:48:21","h":"Est","s":"25N-H57N200F-80-F2"},{"r":"97","t":"05:48:21","h":"Est","s":"25N-H57N300F-80-F3"},{"r":"97","t":"05:48:21","h":"Est","s":"25N-H57N400F-80-F4"},{"r":"97","t":"05:48:21","h":"Est","s":"25N-H57NV10I-80-I"},{"r":"97","t":"05:48:21","h":"Est","s":"25N-H57NV20I-80-I"},{"r":"97","t":"05:48:21","h":"Est","s":"25S-H57S000I-80-I"},{"r":"97","t":"05:48:21","h":"Est","s":"25S-H57S100F-80-F1"},{"r":"97","t":"05:48:21","h":"Est","s":"25S-H57S200F-80-F2"},{"r":"97","t":"05:49:28","h":"Est","s":"25N-H57N000A-80-A"},{"r":"97","t":"05:49:28","h":"Est","s":"25N-H57NV10A-80-A"},{"r":"97","t":"05:49:28","h":"Est","s":"25N-H57NV20A-80-A"},{"r":"97","t":"05:49:28","h":"Est","s":"25S-H57S000A-80-A"},{"r":"97","t":"06:15:21","h":"Est","s":"25N-H57N000S-80-S"},{"r":"97","t":"06:15:21","h":"Est","s":"25N-H57NV10S-84-S"},{"r":"97","t":"06:15:21","h":"Est","s":"25N-H57NV20S-80-S"},{"r":"97","t":"06:15:21","h":"Est","s":"25S-H57S000S-82-S"},{"r":"97","t":"06:20:21","h":"Est","s":"25N-H57N000I-80-I"},{"r":"97","t":"06:20:21","h":"Est","s":"25N-H57N100F-80-F1"},{"r":"97","t":"06:20:21","h":"Est","s":"25N-H57N200F-80-F2"},{"r":"97","t":"06:20:21","h":"Est","s":"25N-H57N300F-80-F3"},{"r":"97","t":"06:20:21","h":"Est","s":"25N-H57N400F-80-F4"},{"r":"97","t":"06:20:21","h":"Est","s":"25N-H57NV10I-80-I"},{"r":"97","t":"06:20:21","h":"Est","s":"25N-H57NV20I-80-I"},{"r":"97","t":"06:20:21","h":"Est","s":"25S-H57S000I-80-I"},{"r":"97","t":"06:20:21","h":"Est","s":"25S-H57S100F-80-F1"},{"r":"97","t":"06:20:21","h":"Est","s":"25S-H57S200F-80-F2"},{"r":"97","t":"06:24:28","h":"Est","s":"25N-H57N000A-80-A"},{"r":"97","t":"06:24:28","h":"Est","s":"25N-H57NV10A-80-A"},{"r":"97","t":"06:24:28","h":"Est","s":"25N-H57NV20A-80-A"},{"r":"97","t":"06:24:28","h":"Est","s":"25S-H57S000A-80-A"},{"r":"97","t":"06:47:21","h":"Est","s":"25N-H57N000S-80-S"},{"r":"97","t":"06:47:21","h":"Est","s":"25N-H57NV10S-84-S"},{"r":"97","t":"06:47:21","h":"Est","s":"25N-H57NV20S-80-S"},{"r":"97","t":"06:47:21","h":"Est","s":"25S-H57S000S-82-S"},{"r":"97","t":"06:53:21","h":"Est","s":"25N-H57N000I-80-I"},{"r":"97","t":"06:53:21","h":"Est","s":"25N-H57N100F-80-F1"},{"r":"97","t":"06:53:21","h":"Est","s":"25N-H57N200F-80-F2"},{"r":"97","t":"06:53:21","h":"Est","s":"25N-H57N300F-80-F3"},{"r":"97","t":"06:53:21","h":"Est","s":"25N-H57N400F-80-F4"},{"r":"97","t":"06:53:21","h":"Est","s":"25N-H57NV10I-80-I"},{"r":"97","t":"06:53:21","h":"Est","s":"25N-H57NV20I-80-I"},{"r":"97","t":"06:53:21","h":"Est","s":"25S-H57S000I-80-I"},{"r":"97","t":"06:53:21","h":"Est","s":"25S-H57S100F-80-F1"},{"r":"97","t":"06:53:21","h":"Est","s":"25S-H57S200F-80-F2"},{"r":"25","t":"06:56:14","h":"Sud","s":"25N-H57N000S-80-S"},{"r":"25","t":"06:56:14","h":"Sud","s":"25N-H57NV10S-84-S"},{"r":"25","t":"06:56:14","h":"Sud","s":"25N-H57NV20S-80-S"},{"r":"25","t":"06:56:14","h":"Sud","s":"25S-H57S000S-82-S"},{"r":"97","t":"06:57:28","h":"Est","s":"25N-H57N000A-80-A"},{"r":"97","t":"06:57:28","h":"Est","s":"25N-H57NV10A-80-A"},{"r":"97","t":"06:57:28","h":"Est","s":"25N-H57NV20A-80-A"},{"r":"97","t":"06:57:28","h":"Est","s":"25S-H57S000A-80-A"},{"r":"97","t":"07:18:15","h":"Est","s":"25N-H57N000S-80-S"},{"r":"97","t":"07:18:15","h":"Est","s":"25N-H57NV10S-84-S"},{"r":"97","t":"07:18:15","h":"Est","s":"25N-H57NV20S-80-S"},{"r":"97","t":"07:18:15","h":"Est","s":"25S-H57S000S-82-S"},{"r":"25","t":"07:20:14","h":"Sud","s":"25N-H57N000S-80-S"},{"r":"25","t":"07:20:14","h":"Sud","s":"25N-H57NV10S-84-S"},{"r":"25","t":"07:20:14","h":"Sud","s":"25N-H57NV20S-80-S"},{"r":"25","t":"07:20:14","h":"Sud","s":"25S-H57S000S-82-S"},{"r":"97","t":"07:26:21","h":"Est","s":"25N-H57N000I-80-I"},{"r":"97","t":"07:26:21","h":"Est","s":"25N-H57N100F-80-F1"},{"r":"97","t":"07:26:21","h":"Est","s":"25N-H57N200F-80-F2"},{"r":"97","t":"07:26:21","h":"Est","s":"25N-H57N300F-80-F3"},{"r":"97","t":"07:26:21","h":"Est","s":"25N-H57N400F-80-F4"},{"r":"97","t":"07:26:21","h":"Est","s":"25N-H57NV10I-80-I"},{"r":"97","t":"07:26:21","h":"Est","s":"25N-H57NV20I-80-I"},{"r":"97","t":"07:26:21","h":"Est","s":"25S-H57S000I-80-I"},{"r":"97","t":"07:26:21","h":"Est","s":"25S-H57S100F-80-F1"},{"r":"97","t":"07:26:21","h":"Est","s":"25S-H57S200F-80-F2"},{"r":"97","t":"07:30:28","h":"Est","s":"25N-H57N000A-80-A"},{"r":"97","t":"07:30:28","h":"Est","s":"25N-H57NV10A-80-A"},{"r":"97","t":"07:30:28","h":"Est","s":"25N-H57NV20A-80-A"},{"r":"97","t":"07:30:28","h":"Est","s":"25S-H57S000A-80-A"},{"r":"25","t":"07:45:14","h":"Sud","s":"25N-H57N000S-80-S"},{"r":"25","t":"07:45:14","h":"Sud","s":"25N-H57NV10S-84-S"},{"r":"25","t":"07:45:14","h":"Sud","s":"25N-H57NV20S-80-S"},{"r":"25","t":"07:45:14","h":"Sud","s":"25S-H57S000S-82-S"},{"r":"97","t":"07:51:02","h":"Est","s":"25N-H57N000S-80-S"},{"r":"97","t":"07:51:02","h":"Est","s":"25N-H57NV10S-84-S"},{"r":"97","t":"07:51:02","h":"Est","s":"25N-H57NV20S-80-S"},{"r":"97","t":"07:51:02","h":"Est","s":"25S-H57S000S-82-S"},{"r":"97","t":"08:01:21","h":"Est","s":"25N-H57N000I-80-I"},{"r":"97","t":"08:01:21","h":"Est","s":"25N-H57N100F-80-F1"},{"r":"97","t":"08:01:21","h":"Est","s":"25N-H57N200F-80-F2"},{"r":"97","t":"08:01:21","h":"Est","s":"25N-H57N300F-80-F3"},{"r":"97","t":"08:01:21","h":"Est","s":"25N-H57N400F-80-F4"},{"r":"97","t":"08:01:21","h":"Est","s":"25N-H57NV10I-80-I"},{"r":"97","t":"08:01:21","h":"Est","s":"25N-H57NV20I-80-I"},{"r":"97","t":"08:01:21","h":"Est","s":"25S-H57S000I-80-I"},{"r":"97","t":"08:01:21","h":"Est","s":"25S-H57S100F-80-F1"},{"r":"97","t":"08:01:21","h":"Est","s":"25S-H57S200F-80-F2"},{"r":"97","t":"08:07:15","h":"Est","s":"25N-H57N000A-80-A"},{"r":"97","t":"08:07:15","h":"Est","s":"25N-H57NV10A-80-A"},{"r":"97","t":"08:07:15","h":"Est","s":"25N-H57NV20A-80-A"},{"r":"97","t":"08:07:15","h":"Est","s":"25S-H57S000A-80-A"},{"r":"25","t":"08:10:14","h":"Sud","s":"25N-H57N000S-80-S"},{"r":"25","t":"08:10:14","h":"Sud","s":"25N-H57NV10S-84-S"},{"r":"25","t":"08:10:14","h":"Sud","s":"25N-H57NV20S-80-S"},{"r":"25","t":"08:10:14","h":"Sud","s":"25S-H57S000S-82-S"},{"r":"97","t":"08:19:02","h":"Est","s":"25N-H57N000S-80-S"},{"r":"97","t":"08:19:02","h":"Est","s":"25N-H57NV10S-84-S"},{"r":"97","t":"08:19:02","h":"Est","s":"25N-H57NV20S-80-S"},{"r":"97","t":"08:19:02","h":"Est","s":"25S-H57S000S-82-S"},{"r":"25","t":"08:31:14","h":"Sud","s":"25N-H57N000S-80-S"},{"r":"25","t":"08:31:14","h":"Sud","s":"25N-H57NV10S-84-S"},{"r":"25","t":"08:31:14","h":"Sud","s":"25N-H57NV20S-80-S"},{"r":"25","t":"08:31:14","h":"Sud","s":"25S-H57S000S-82-S"},{"r":"97","t":"08:32:21","h":"Est","s":"25N-H57N000I-80-I"},{"r":"97","t":"08:32:21","h":"Est","s":"25N-H57N100F-80-F1"},{"r":"97","t":"08:32:21","h":"Est","s":"25N-H57N200F-80-F2"},{"r":"97","t":"08:32:21","h":"Est","s":"25N-H57N300F-80-F3"},{"r":"97","t":"08:32:21","h":"Est","s":"25N-H57N400F-80-F4"},{"r":"97","t":"08:32:21","h":"Est","s":"25N-H57NV10I-80-I"},{"r":"97","t":"08:32:21","h":"Est","s":"25N-H57NV20I-80-I"},{"r":"97","t":"08:32:21","h":"Est","s":"25S-H57S000I-80-I"},{"r":"97","t":"08:32:21","h":"Est","s":"25S-H57S100F-80-F1"},{"r":"97","t":"08:32:21","h":"Est","s":"25S-H57S200F-80-F2"},{"r":"97","t":"08:34:02","h":"Est","s":"25N-H57N000S-80-S"},{"r":"97","t":"08:34:02","h":"Est","s":"25N-H57NV10S-84-S"},{"r":"97","t":"08:34:02","h":"Est","s":"25N-H57NV20S-80-S"},{"r":"97","t":"08:34:02","h":"Est","s":"25S-H57S000S-82-S"},{"r":"97","t":"08:38:15","h":"Est","s":"25N-H57N000A-80-A"},{"r":"97","t":"08:38:15","h":"Est","s":"25N-H57NV10A-80-A"},{"r":"97","t":"08:38:15","h":"Est","s":"25N-H57NV20A-80-A"},{"r":"97","t":"08:38:15","h":"Est","s":"25S-H57S000A-80-A"},{"r":"25","t":"08:51:14","h":"Sud","s":"25N-H57N000S-80-S"},{"r":"25","t":"08:51:14","h":"Sud","s":"25N-H57NV10S-84-S"},{"r":"25","t":"08:51:14","h":"Sud","s":"25N-H57NV20S-80-S"},{"r":"25","t":"08:51:14","h":"Sud","s":"25S-H57S000S-82-S"},{"r":"97","t":"09:00:02","h":"Est","s":"25N-H57N000S-80-S"},{"r":"97","t":"09:00:02","h":"Est","s":"25N-H57NV10S-84-S"},{"r":"97","t":"09:00:02","h":"Est","s":"25N-H57NV20S-80-S"},{"r":"97","t":"09:00:02","h":"Est","s":"25S-H57S000S-82-S"},{"r":"97","t":"09:02:21","h":"Est","s":"25N-H57N000I-80-I"},{"r":"97","t":"09:02:21","h":"Est","s":"25N-H57N100F-80-F1"},{"r":"97","t":"09:02:21","h":"Est","s":"25N-H57N200F-80-F2"},{"r":"97","t":"09:02:21","h":"Est","s":"25N-H57N300F-80-F3"},{"r":"97","t":"09:02:21","h":"Est","s":"25N-H57N400F-80-F4"},{"r":"97","t":"09:02:21","h":"Est","s":"25N-H57NV10I-80-I"},{"r":"97","t":"09:02:21","h":"Est","s":"25N-H57NV20I-80-I"},{"r":"97","t":"09:02:21","h":"Est","s":"25S-H57S000I-80-I"},{"r":"97","t":"09:02:21","h":"Est","s":"25S-H57S100F-80-F1"},{"r":"97","t":"09:02:21","h":"Est","s":"25S-H57S200F-80-F2"},{"r":"97","t":"09:08:15","h":"Est","s":"25N-H57N000A-80-A"},{"r":"97","t":"09:08:15","h":"Est","s":"25N-H57NV10A-80-A"},{"r":"97","t":"09:08:15","h":"Est","s":"25N-H57NV20A-80-A"},{"r":"97","t":"09:08:15","h":"Est","s":"25S-H57S000A-80-A"},{"r":"25","t":"09:18:14","h":"Sud","s":"25N-H57N000S-80-S"},{"r":"25","t":"09:18:14","h":"Sud","s":"25N-H57NV10S-84-S"},{"r":"25","t":"09:18:14","h":"Sud","s":"25N-H57NV20S-80-S"},{"r":"25","t":"09:18:14","h":"Sud","s":"25S-H57S000S-82-S"},{"r":"97","t":"09:32:21","h":"Est","s":"25N-H57N000I-80-I"},{"r":"97","t":"09:32:21","h":"Est","s":"25N-H57N100F-80-F1"},{"r":"97","t":"09:32:21","h":"Est","s":"25N-H57N200F-80-F2"},{"r":"97","t":"09:32:21","h":"Est","s":"25N-H57N300F-80-F3"},{"r":"97","t":"09:32:21","h":"Est","s":"25N-H57N400F-80-F4"},{"r":"97","t":"09:32:21","h":"Est","s":"25N-H57NV10I-80-I"},{"r":"97","t":"09:32:21","h":"Est","s":"25N-H57NV20I-80-I"},{"r":"97","t":"09:32:21","h":"Est","s":"25S-H57S000I-80-I"},{"r":"97","t":"09:32:21","h":"Est","s":"25S-H57S100F-80-F1"},{"r":"97","t":"09:32:21","h":"Est","s":"25S-H57S200F-80-F2"},{"r":"97","t":"09:33:02","h":"Est","s":"25N-H57N000S-80-S"},{"r":"97","t":"09:33:02","h":"Est","s":"25N-H57NV10S-84-S"},{"r":"97","t":"09:33:02","h":"Est","s":"25N-H57NV20S-80-S"},{"r":"97","t":"09:33:02","h":"Est","s":"25S-H57S000S-82-S"},{"r":"97","t":"09:41:09","h":"Est","s":"25N-H57N000A-80-A"},{"r":"97","t":"09:41:09","h":"Est","s":"25N-H57NV10A-80-A"},{"r":"97","t":"09:41:09","h":"Est","s":"25N-H57NV20A-80-A"},{"r":"97","t":"09:41:09","h":"Est","s":"25S-H57S000A-80-A"},{"r":"25","t":"09:48:14","h":"Sud","s":"25N-H57N000S-80-S"},{"r":"25","t":"09:48:14","h":"Sud","s":"25N-H57NV10S-84-S"},{"r":"25","t":"09:48:14","h":"Sud","s":"25N-H57NV20S-80-S"},{"r":"25","t":"09:48:14","h":"Sud","s":"25S-H57S000S-82-S"},{"r":"97","t":"10:06:02","h":"Est","s":"25N-H57N000S-80-S"},{"r":"97","t":"10:06:02","h":"Est","s":"25N-H57NV10S-84-S"},{"r":"97","t":"10:06:02","h":"Est","s":"25N-H57NV20S-80-S"},{"r":"97","t":"10:06:02","h":"Est","s":"25S-H57S000S-82-S"},{"r":"97","t":"10:08:50","h":"Est","s":"25N-H57N000I-80-I"},{"r":"97","t":"10:08:50","h":"Est","s":"25N-H57N100F-80-F1"},{"r":"97","t":"10:08:50","h":"Est","s":"25N-H57N200F-80-F2"},{"r":"97","t":"10:08:50","h":"Est","s":"25N-H57N300F-80-F3"},{"r":"97","t":"10:08:50","h":"Est","s":"25N-H57N400F-80-F4"},{"r":"97","t":"10:08:50","h":"Est","s":"25N-H57NV10I-80-I"},{"r":"97","t":"10:08:50","h":"Est","s":"25N-H57NV20I-80-I"},{"r":"97","t":"10:08:50","h":"Est","s":"25S-H57S000I-80-I"},{"r":"97","t":"10:08:50","h":"Est","s":"25S-H57S100F-80-F1"},{"r":"97","t":"10:08:50","h":"Est","s":"25S-H57S200F-80-F2"},{"r":"97","t":"10:12:09","h":"Est","s":"25N-H57N000A-80-A"},{"r":"97","t":"10:12:09","h":"Est","s":"25N-H57NV10A-80-A"},{"r":"97","t":"10:12:09","h":"Est","s":"25N-H57NV20A-80-A"},{"r":"97","t":"10:12:09","h":"Est","s":"25S-H57S000A-80-A"},{"r":"25","t":"10:17:14","h":"Sud","s":"25N-H57N000S-80-S"},{"r":"25","t":"10:17:14","h":"Sud","s":"25N-H57NV10S-84-S"},{"r":"25","t":"10:17:14","h":"Sud","s":"25N-H57NV20S-80-S"},{"r":"25","t":"10:17:14","h":"Sud","s":"25S-H57S000S-82-S"},{"r":"97","t":"10:37:02","h":"Est","s":"25N-H57N000S-80-S"},{"r":"97","t":"10:37:02","h":"Est","s":"25N-H57NV10S-84-S"},{"r":"97","t":"10:37:02","h":"Est","s":"25N-H57NV20S-80-S"},{"r":"97","t":"10:37:02","h":"Est","s":"25S-H57S000S-82-S"},{"r":"97","t":"10:40:50","h":"Est","s":"25N-H57N000I-80-I"},{"r":"97","t":"10:40:50","h":"Est","s":"25N-H57N100F-80-F1"},{"r":"97","t":"10:40:50","h":"Est","s":"25N-H57N200F-80-F2"},{"r":"97","t":"10:40:50","h":"Est","s":"25N-H57N300F-80-F3"},{"r":"97","t":"10:40:50","h":"Est","s":"25N-H57N400F-80-F4"},{"r":"97","t":"10:40:50","h":"Est","s":"25N-H57NV10I-80-I"},{"r":"97","t":"10:40:50","h":"Est","s":"25N-H57NV20I-80-I"},{"r":"97","t":"10:40:50","h":"Est","s":"25S-H57S000I-80-I"},{"r":"97","t":"10:40:50","h":"Est","s":"25S-H57S100F-80-F1"},{"r":"97","t":"10:40:50","h":"Est","s":"25S-H57S200F-80-F2"},{"r":"25","t":"10:45:14","h":"Sud","s":"25N-H57N000S-80-S"},{"r":"25","t":"10:45:14","h":"Sud","s":"25N-H57NV10S-84-S"},{"r":"25","t":"10:45:14","h":"Sud","s":"25N-H57NV20S-80-S"},{"r":"25","t":"10:45:14","h":"Sud","s":"25S-H57S000S-82-S"},{"r":"97","t":"10:47:02","h":"Est","s":"25N-H57N000A-80-A"},{"r":"97","t":"10:47:02","h":"Est","s":"25N-H57NV10A-80-A"},{"r":"97","t":"10:47:02","h":"Est","s":"25N-H57NV20A-80-A"},{"r":"97","t":"10:47:02","h":"Est","s":"25S-H57S000A-80-A"},{"r":"97","t":"11:07:02","h":"Est","s":"25N-H57N000S-80-S"},{"r":"97","t":"11:07:02","h":"Est","s":"25N-H57NV10S-84-S"},{"r":"97","t":"11:07:02","h":"Est","s":"25N-H57NV20S-80-S"},{"r":"97","t":"11:07:02","h":"Est","s":"25S-H57S000S-82-S"},{"r":"97","t":"11:13:50","h":"Est","s":"25N-H57N000I-80-I"},{"r":"97","t":"11:13:50","h":"Est","s":"25N-H57N100F-80-F1"},{"r":"97","t":"11:13:50","h":"Est","s":"25N-H57N200F-80-F2"},{"r":"97","t":"11:13:50","h":"Est","s":"25N-H57N300F-80-F3"},{"r":"97","t":"11:13:50","h":"Est","s":"25N-H57N400F-80-F4"},{"r":"97","t":"11:13:50","h":"Est","s":"25N-H57NV10I-80-I"},{"r":"97","t":"11:13:50","h":"Est","s":"25N-H57NV20I-80-I"},{"r":"97","t":"11:13:50","h":"Est","s":"25S-H57S000I-80-I"},{"r":"97","t":"11:13:50","h":"Est","s":"25S-H57S100F-80-F1"},{"r":"97","t":"11:13:50","h":"Est","s":"25S-H57S200F-80-F2"},{"r":"25","t":"11:14:14","h":"Sud","s":"25N-H57N000S-80-S"},{"r":"25","t":"11:14:14","h":"Sud","s":"25N-H57NV10S-84-S"},{"r":"25","t":"11:14:14","h":"Sud","s":"25N-H57NV20S-80-S"},{"r":"25","t":"11:14:14","h":"Sud","s":"25S-H57S000S-82-S"},{"r":"97","t":"11:18:02","h":"Est","s":"25N-H57N000A-80-A"},{"r":"97","t":"11:18:02","h":"Est","s":"25N-H57NV10A-80-A"},{"r":"97","t":"11:18:02","h":"Est","s":"25N-H57NV20A-80-A"},{"r":"97","t":"11:18:02","h":"Est","s":"25S-H57S000A-80-A"},{"r":"97","t":"11:37:02","h":"Est","s":"25N-H57N000S-80-S"},{"r":"97","t":"11:37:02","h":"Est","s":"25N-H57NV10S-84-S"},{"r":"97","t":"11:37:02","h":"Est","s":"25N-H57NV20S-80-S"},{"r":"97","t":"11:37:02","h":"Est","s":"25S-H57S000S-82-S"},{"r":"25","t":"11:43:14","h":"Sud","s":"25N-H57N000S-80-S"},{"r":"25","t":"11:43:14","h":"Sud","s":"25N-H57NV10S-84-S"},{"r":"25","t":"11:43:14","h":"Sud","s":"25N-H57NV20S-80-S"},{"r":"25","t":"11:43:14","h":"Sud","s":"25S-H57S000S-82-S"},{"r":"97","t":"11:47:50","h":"Est","s":"25N-H57N000I-80-I"},{"r":"97","t":"11:47:50","h":"Est","s":"25N-H57N100F-80-F1"},{"r":"97","t":"11:47:50","h":"Est","s":"25N-H57N200F-80-F2"},{"r":"97","t":"11:47:50","h":"Est","s":"25N-H57N300F-80-F3"},{"r":"97","t":"11:47:50","h":"Est","s":"25N-H57N400F-80-F4"},{"r":"97","t":"11:47:50","h":"Est","s":"25N-H57NV10I-80-I"},{"r":"97","t":"11:47:50","h":"Est","s":"25N-H57NV20I-80-I"},{"r":"97","t":"11:47:50","h":"Est","s":"25S-H57S000I-80-I"},{"r":"97","t":"11:47:50","h":"Est","s":"25S-H57S100F-80-F1"},{"r":"97","t":"11:47:50","h":"Est","s":"25S-H57S200F-80-F2"},{"r":"97","t":"11:49:56","h":"Est","s":"25N-H57N000A-80-A"},{"r":"97","t":"11:49:56","h":"Est","s":"25N-H57NV10A-80-A"},{"r":"97","t":"11:49:56","h":"Est","s":"25N-H57NV20A-80-A"},{"r":"97","t":"11:49:56","h":"Est","s":"25S-H57S000A-80-A"},{"r":"97","t":"12:06:02","h":"Est","s":"25N-H57N000S-80-S"},{"r":"97","t":"12:06:02","h":"Est","s":"25N-H57NV10S-84-S"},{"r":"97","t":"12:06:02","h":"Est","s":"25N-H57NV20S-80-S"},{"r":"97","t":"12:06:02","h":"Est","s":"25S-H57S000S-82-S"},{"r":"25","t":"12:13:14","h":"Sud","s":"25N-H57N000S-80-S"},{"r":"25","t":"12:13:14","h":"Sud","s":"25N-H57NV10S-84-S"},{"r":"25","t":"12:13:14","h":"Sud","s":"25N-H57NV20S-80-S"},{"r":"25","t":"12:13:14","h":"Sud","s":"25S-H57S000S-82-S"},{"r":"97","t":"12:17:50","h":"Est","s":"25N-H57N000I-80-I"},{"r":"97","t":"12:17:50","h":"Est","s":"25N-H57N100F-80-F1"},{"r":"97","t":"12:17:50","h":"Est","s":"25N-H57N200F-80-F2"},{"r":"97","t":"12:17:50","h":"Est","s":"25N-H57N300F-80-F3"},{"r":"97","t":"12:17:50","h":"Est","s":"25N-H57N400F-80-F4"},{"r":"97","t":"12:17:50","h":"Est","s":"25N-H57NV10I-80-I"},{"r":"97","t":"12:17:50","h":"Est","s":"25N-H57NV20I-80-I"},{"r":"97","t":"12:17:50","h":"Est","s":"25S-H57S000I-80-I"},{"r":"97","t":"12:17:50","h":"Est","s":"25S-H57S100F-80-F1"},{"r":"97","t":"12:17:50","h":"Est","s":"25S-H57S200F-80-F2"},{"r":"97","t":"12:17:56","h":"Est","s":"25N-H57N000A-80-A"},{"r":"97","t":"12:17:56","h":"Est","s":"25N-H57NV10A-80-A"},{"r":"97","t":"12:17:56","h":"Est","s":"25N-H57NV20A-80-A"},{"r":"97","t":"12:17:56","h":"Est","s":"25S-H57S000A-80-A"},{"r":"97","t":"12:30:02","h":"Est","s":"25N-H57N000S-80-S"},{"r":"97","t":"12:30:02","h":"Est","s":"25N-H57NV10S-84-S"},{"r":"97","t":"12:30:02","h":"Est","s":"25N-H57NV20S-80-S"},{"r":"97","t":"12:30:02","h":"Est","s":"25S-H57S000S-82-S"},{"r":"97","t":"12:41:50","h":"Est","s":"25N-H57N000I-80-I"},{"r":"97","t":"12:41:50","h":"Est","s":"25N-H57N100F-80-F1"},{"r":"97","t":"12:41:50","h":"Est","s":"25N-H57N200F-80-F2"},{"r":"97","t":"12:41:50","h":"Est","s":"25N-H57N300F-80-F3"},{"r":"97","t":"12:41:50","h":"Est","s":"25N-H57N400F-80-F4"},{"r":"97","t":"12:41:50","h":"Est","s":"25N-H57NV10I-80-I"},{"r":"97","t":"12:41:50","h":"Est","s":"25N-H57NV20I-80-I"},{"r":"97","t":"12:41:50","h":"Est","s":"25S-H57S000I-80-I"},{"r":"97","t":"12:41:50","h":"Est","s":"25S-H57S100F-80-F1"},{"r":"97","t":"12:41:50","h":"Est","s":"25S-H57S200F-80-F2"},{"r":"97","t":"12:42:56","h":"Est","s":"25N-H57N000A-80-A"},{"r":"97","t":"12:42:56","h":"Est","s":"25N-H57NV10A-80-A"},{"r":"97","t":"12:42:56","h":"Est","s":"25N-H57NV20A-80-A"},{"r":"97","t":"12:42:56","h":"Est","s":"25S-H57S000A-80-A"},{"r":"25","t":"12:43:14","h":"Sud","s":"25N-H57N000S-80-S"},{"r":"25","t":"12:43:14","h":"Sud","s":"25N-H57NV10S-84-S"},{"r":"25","t":"12:43:14","h":"Sud","s":"25N-H57NV20S-80-S"},{"r":"25","t":"12:43:14","h":"Sud","s":"25S-H57S000S-82-S"},{"r":"97","t":"12:49:02","h":"Est","s":"25N-H57N000S-80-S"},{"r":"97","t":"12:49:02","h":"Est","s":"25N-H57NV10S-84-S"},{"r":"97","t":"12:49:02","h":"Est","s":"25N-H57NV20S-80-S"},{"r":"97","t":"12:49:02","h":"Est","s":"25S-H57S000S-82-S"},{"r":"97","t":"13:03:56","h":"Est","s":"25N-H57N000A-80-A"},{"r":"97","t":"13:03:56","h":"Est","s":"25N-H57NV10A-80-A"},{"r":"97","t":"13:03:56","h":"Est","s":"25N-H57NV20A-80-A"},{"r":"97","t":"13:03:56","h":"Est","s":"25S-H57S000A-80-A"},{"r":"97","t":"13:06:50","h":"Est","s":"25N-H57N000I-80-I"},{"r":"97","t":"13:06:50","h":"Est","s":"25N-H57N100F-80-F1"},{"r":"97","t":"13:06:50","h":"Est","s":"25N-H57N200F-80-F2"},{"r":"97","t":"13:06:50","h":"Est","s":"25N-H57N300F-80-F3"},{"r":"97","t":"13:06:50","h":"Est","s":"25N-H57N400F-80-F4"},{"r":"97","t":"13:06:50","h":"Est","s":"25N-H57NV10I-80-I"},{"r":"97","t":"13:06:50","h":"Est","s":"25N-H57NV20I-80-I"},{"r":"97","t":"13:06:50","h":"Est","s":"25S-H57S000I-80-I"},{"r":"97","t":"13:06:50","h":"Est","s":"25S-H57S100F-80-F1"},{"r":"97","t":"13:06:50","h":"Est","s":"25S-H57S200F-80-F2"},{"r":"97","t":"13:11:02","h":"Est","s":"25N-H57N000S-80-S"},{"r":"97","t":"13:11:02","h":"Est","s":"25N-H57NV10S-84-S"},{"r":"97","t":"13:11:02","h":"Est","s":"25N-H57NV20S-80-S"},{"r":"97","t":"13:11:02","h":"Est","s":"25S-H57S000S-82-S"},{"r":"25","t":"13:13:14","h":"Sud","s":"25N-H57N000S-80-S"},{"r":"25","t":"13:13:14","h":"Sud","s":"25N-H57NV10S-84-S"},{"r":"25","t":"13:13:14","h":"Sud","s":"25N-H57NV20S-80-S"},{"r":"25","t":"13:13:14","h":"Sud","s":"25S-H57S000S-82-S"},{"r":"97","t":"13:24:56","h":"Est","s":"25N-H57N000A-80-A"},{"r":"97","t":"13:24:56","h":"Est","s":"25N-H57NV10A-80-A"},{"r":"97","t":"13:24:56","h":"Est","s":"25N-H57NV20A-80-A"},{"r":"97","t":"13:24:56","h":"Est","s":"25S-H57S000A-80-A"},{"r":"97","t":"13:31:50","h":"Est","s":"25N-H57N000I-80-I"},{"r":"97","t":"13:31:50","h":"Est","s":"25N-H57N100F-80-F1"},{"r":"97","t":"13:31:50","h":"Est","s":"25N-H57N200F-80-F2"},{"r":"97","t":"13:31:50","h":"Est","s":"25N-H57N300F-80-F3"},{"r":"97","t":"13:31:50","h":"Est","s":"25N-H57N400F-80-F4"},{"r":"97","t":"13:31:50","h":"Est","s":"25N-H57NV10I-80-I"},{"r":"97","t":"13:31:50","h":"Est","s":"25N-H57NV20I-80-I"},{"r":"97","t":"13:31:50","h":"Est","s":"25S-H57S000I-80-I"},{"r":"97","t":"13:31:50","h":"Est","s":"25S-H57S100F-80-F1"},{"r":"97","t":"13:31:50","h":"Est","s":"25S-H57S200F-80-F2"},{"r":"97","t":"13:34:02","h":"Est","s":"25N-H57N000S-80-S"},{"r":"97","t":"13:34:02","h":"Est","s":"25N-H57NV10S-84-S"},{"r":"97","t":"13:34:02","h":"Est","s":"25N-H57NV20S-80-S"},{"r":"97","t":"13:34:02","h":"Est","s":"25S-H57S000S-82-S"},{"r":"25","t":"13:43:14","h":"Sud","s":"25N-H57N000S-80-S"},{"r":"25","t":"13:43:14","h":"Sud","s":"25N-H57NV10S-84-S"},{"r":"25","t":"13:43:14","h":"Sud","s":"25N-H57NV20S-80-S"},{"r":"25","t":"13:43:14","h":"Sud","s":"25S-H57S000S-82-S"},{"r":"97","t":"13:44:56","h":"Est","s":"25N-H57N000A-80-A"},{"r":"97","t":"13:44:56","h":"Est","s":"25N-H57NV10A-80-A"},{"r":"97","t":"13:44:56","h":"Est","s":"25N-H57NV20A-80-A"},{"r":"97","t":"13:44:56","h":"Est","s":"25S-H57S000A-80-A"},{"r":"97","t":"13:49:50","h":"Est","s":"25N-H57N000I-80-I"},{"r":"97","t":"13:49:50","h":"Est","s":"25N-H57N100F-80-F1"},{"r":"97","t":"13:49:50","h":"Est","s":"25N-H57N200F-80-F2"},{"r":"97","t":"13:49:50","h":"Est","s":"25N-H57N300F-80-F3"},{"r":"97","t":"13:49:50","h":"Est","s":"25N-H57N400F-80-F4"},{"r":"97","t":"13:49:50","h":"Est","s":"25N-H57NV10I-80-I"},{"r":"97","t":"13:49:50","h":"Est","s":"25N-H57NV20I-80-I"},{"r":"97","t":"13:49:50","h":"Est","s":"25S-H57S000I-80-I"},{"r":"97","t":"13:49:50","h":"Est","s":"25S-H57S100F-80-F1"},{"r":"97","t":"13:49:50","h":"Est","s":"25S-H57S200F-80-F2"},{"r":"97","t":"13:57:02","h":"Est","s":"25N-H57N000S-80-S"},{"r":"97","t":"13:57:02","h":"Est","s":"25N-H57NV10S-84-S"},{"r":"97","t":"13:57:02","h":"Est","s":"25N-H57NV20S-80-S"},{"r":"97","t":"13:57:02","h":"Est","s":"25S-H57S000S-82-S"},{"r":"97","t":"14:01:56","h":"Est","s":"25N-H57N000A-80-A"},{"r":"97","t":"14:01:56","h":"Est","s":"25N-H57NV10A-80-A"},{"r":"97","t":"14:01:56","h":"Est","s":"25N-H57NV20A-80-A"},{"r":"97","t":"14:01:56","h":"Est","s":"25S-H57S000A-80-A"},{"r":"97","t":"14:07:50","h":"Est","s":"25N-H57N000I-80-I"},{"r":"97","t":"14:07:50","h":"Est","s":"25N-H57N100F-80-F1"},{"r":"97","t":"14:07:50","h":"Est","s":"25N-H57N200F-80-F2"},{"r":"97","t":"14:07:50","h":"Est","s":"25N-H57N300F-80-F3"},{"r":"97","t":"14:07:50","h":"Est","s":"25N-H57N400F-80-F4"},{"r":"97","t":"14:07:50","h":"Est","s":"25N-H57NV10I-80-I"},{"r":"97","t":"14:07:50","h":"Est","s":"25N-H57NV20I-80-I"},{"r":"97","t":"14:07:50","h":"Est","s":"25S-H57S000I-80-I"},{"r":"97","t":"14:07:50","h":"Est","s":"25S-H57S100F-80-F1"},{"r":"97","t":"14:07:50","h":"Est","s":"25S-H57S200F-80-F2"},{"r":"25","t":"14:13:14","h":"Sud","s":"25N-H57N000S-80-S"},{"r":"25","t":"14:13:14","h":"Sud","s":"25N-H57NV10S-84-S"},{"r":"25","t":"14:13:14","h":"Sud","s":"25N-H57NV20S-80-S"},{"r":"25","t":"14:13:14","h":"Sud","s":"25S-H57S000S-82-S"},{"r":"97","t":"14:18:56","h":"Est","s":"25N-H57N000A-80-A"},{"r":"97","t":"14:18:56","h":"Est","s":"25N-H57NV10A-80-A"},{"r":"97","t":"14:18:56","h":"Est","s":"25N-H57NV20A-80-A"},{"r":"97","t":"14:18:56","h":"Est","s":"25S-H57S000A-80-A"},{"r":"97","t":"14:20:02","h":"Est","s":"25N-H57N000S-80-S"},{"r":"97","t":"14:20:02","h":"Est","s":"25N-H57NV10S-84-S"},{"r":"97","t":"14:20:02","h":"Est","s":"25N-H57NV20S-80-S"},{"r":"97","t":"14:20:02","h":"Est","s":"25S-H57S000S-82-S"},{"r":"97","t":"14:24:50","h":"Est","s":"25N-H57N000I-80-I"},{"r":"97","t":"14:24:50","h":"Est","s":"25N-H57N100F-80-F1"},{"r":"97","t":"14:24:50","h":"Est","s":"25N-H57N200F-80-F2"},{"r":"97","t":"14:24:50","h":"Est","s":"25N-H57N300F-80-F3"},{"r":"97","t":"14:24:50","h":"Est","s":"25N-H57N400F-80-F4"},{"r":"97","t":"14:24:50","h":"Est","s":"25N-H57NV10I-80-I"},{"r":"97","t":"14:24:50","h":"Est","s":"25N-H57NV20I-80-I"},{"r":"97","t":"14:24:50","h":"Est","s":"25S-H57S000I-80-I"},{"r":"97","t":"14:24:50","h":"Est","s":"25S-H57S100F-80-F1"},{"r":"97","t":"14:24:50","h":"Est","s":"25S-H57S200F-80-F2"},{"r":"97","t":"14:34:56","h":"Est","s":"25N-H57N000A-80-A"},{"r":"97","t":"14:34:56","h":"Est","s":"25N-H57NV10A-80-A"},{"r":"97","t":"14:34:56","h":"Est","s":"25N-H57NV20A-80-A"},{"r":"97","t":"14:34:56","h":"Est","s":"25S-H57S000A-80-A"},{"r":"97","t":"14:39:02","h":"Est","s":"25N-H57N000S-80-S"},{"r":"97","t":"14:39:02","h":"Est","s":"25N-H57NV10S-84-S"},{"r":"97","t":"14:39:02","h":"Est","s":"25N-H57NV20S-80-S"},{"r":"97","t":"14:39:02","h":"Est","s":"25S-H57S000S-82-S"},{"r":"97","t":"14:41:50","h":"Est","s":"25N-H57N000I-80-I"},{"r":"97","t":"14:41:50","h":"Est","s":"25N-H57N100F-80-F1"},{"r":"97","t":"14:41:50","h":"Est","s":"25N-H57N200F-80-F2"},{"r":"97","t":"14:41:50","h":"Est","s":"25N-H57N300F-80-F3"},{"r":"97","t":"14:41:50","h":"Est","s":"25N-H57N400F-80-F4"},{"r":"97","t":"14:41:50","h":"Est","s":"25N-H57NV10I-80-I"},{"r":"97","t":"14:41:50","h":"Est","s":"25N-H57NV20I-80-I"},{"r":"97","t":"14:41:50","h":"Est","s":"25S-H57S000I-80-I"},{"r":"97","t":"14:41:50","h":"Est","s":"25S-H57S100F-80-F1"},{"r":"97","t":"14:41:50","h":"Est","s":"25S-H57S200F-80-F2"},{"r":"25","t":"14:44:14","h":"Sud","s":"25N-H57N000S-80-S"},{"r":"25","t":"14:44:14","h":"Sud","s":"25N-H57NV10S-84-S"},{"r":"25","t":"14:44:14","h":"Sud","s":"25N-H57NV20S-80-S"},{"r":"25","t":"14:44:14","h":"Sud","s":"25S-H57S000S-82-S"},{"r":"97","t":"14:50:56","h":"Est","s":"25N-H57N000A-80-A"},{"r":"97","t":"14:50:56","h":"Est","s":"25N-H57NV10A-80-A"},{"r":"97","t":"14:50:56","h":"Est","s":"25N-H57NV20A-80-A"},{"r":"97","t":"14:50:56","h":"Est","s":"25S-H57S000A-80-A"},{"r":"97","t":"14:58:02","h":"Est","s":"25N-H57N000S-80-S"},{"r":"97","t":"14:58:02","h":"Est","s":"25N-H57NV10S-84-S"},{"r":"97","t":"14:58:02","h":"Est","s":"25N-H57NV20S-80-S"},{"r":"97","t":"14:58:02","h":"Est","s":"25S-H57S000S-82-S"},{"r":"97","t":"14:58:50","h":"Est","s":"25N-H57N000I-80-I"},{"r":"97","t":"14:58:50","h":"Est","s":"25N-H57N100F-80-F1"},{"r":"97","t":"14:58:50","h":"Est","s":"25N-H57N200F-80-F2"},{"r":"97","t":"14:58:50","h":"Est","s":"25N-H57N300F-80-F3"},{"r":"97","t":"14:58:50","h":"Est","s":"25N-H57N400F-80-F4"},{"r":"97","t":"14:58:50","h":"Est","s":"25N-H57NV10I-80-I"},{"r":"97","t":"14:58:50","h":"Est","s":"25N-H57NV20I-80-I"},{"r":"97","t":"14:58:50","h":"Est","s":"25S-H57S000I-80-I"},{"r":"97","t":"14:58:50","h":"Est","s":"25S-H57S100F-80-F1"},{"r":"97","t":"14:58:50","h":"Est","s":"25S-H57S200F-80-F2"},{"r":"97","t":"15:07:56","h":"Est","s":"25N-H57N000A-80-A"},{"r":"97","t":"15:07:56","h":"Est","s":"25N-H57NV10A-80-A"},{"r":"97","t":"15:07:56","h":"Est","s":"25N-H57NV20A-80-A"},{"r":"97","t":"15:07:56","h":"Est","s":"25S-H57S000A-80-A"},{"r":"97","t":"15:16:02","h":"Est","s":"25N-H57N000S-80-S"},{"r":"97","t":"15:16:02","h":"Est","s":"25N-H57NV10S-84-S"},{"r":"97","t":"15:16:02","h":"Est","s":"25N-H57NV20S-80-S"},{"r":"97","t":"15:16:02","h":"Est","s":"25S-H57S000S-82-S"},{"r":"97","t":"15:16:50","h":"Est","s":"25N-H57N000I-80-I"},{"r":"97","t":"15:16:50","h":"Est","s":"25N-H57N100F-80-F1"},{"r":"97","t":"15:16:50","h":"Est","s":"25N-H57N200F-80-F2"},{"r":"97","t":"15:16:50","h":"Est","s":"25N-H57N300F-80-F3"},{"r":"97","t":"15:16:50","h":"Est","s":"25N-H57N400F-80-F4"},{"r":"97","t":"15:16:50","h":"Est","s":"25N-H57NV10I-80-I"},{"r":"97","t":"15:16:50","h":"Est","s":"25N-H57NV20I-80-I"},{"r":"97","t":"15:16:50","h":"Est","s":"25S-H57S000I-80-I"},{"r":"97","t":"15:16:50","h":"Est","s":"25S-H57S100F-80-F1"},{"r":"97","t":"15:16:50","h":"Est","s":"25S-H57S200F-80-F2"},{"r":"25","t":"15:17:14","h":"Sud","s":"25N-H57N000S-80-S"},{"r":"25","t":"15:17:14","h":"Sud","s":"25N-H57NV10S-84-S"},{"r":"25","t":"15:17:14","h":"Sud","s":"25N-H57NV20S-80-S"},{"r":"25","t":"15:17:14","h":"Sud","s":"25S-H57S000S-82-S"},{"r":"97","t":"15:25:56","h":"Est","s":"25N-H57N000A-80-A"},{"r":"97","t":"15:25:56","h":"Est","s":"25N-H57NV10A-80-A"},{"r":"97","t":"15:25:56","h":"Est","s":"25N-H57NV20A-80-A"},{"r":"97","t":"15:25:56","h":"Est","s":"25S-H57S000A-80-A"},{"r":"97","t":"15:34:02","h":"Est","s":"25N-H57N000S-80-S"},{"r":"97","t":"15:34:02","h":"Est","s":"25N-H57NV10S-84-S"},{"r":"97","t":"15:34:02","h":"Est","s":"25N-H57NV20S-80-S"},{"r":"97","t":"15:34:02","h":"Est","s":"25S-H57S000S-82-S"},{"r":"97","t":"15:34:50","h":"Est","s":"25N-H57N000I-80-I"},{"r":"97","t":"15:34:50","h":"Est","s":"25N-H57N100F-80-F1"},{"r":"97","t":"15:34:50","h":"Est","s":"25N-H57N200F-80-F2"},{"r":"97","t":"15:34:50","h":"Est","s":"25N-H57N300F-80-F3"},{"r":"97","t":"15:34:50","h":"Est","s":"25N-H57N400F-80-F4"},{"r":"97","t":"15:34:50","h":"Est","s":"25N-H57NV10I-80-I"},{"r":"97","t":"15:34:50","h":"Est","s":"25N-H57NV20I-80-I"},{"r":"97","t":"15:34:50","h":"Est","s":"25S-H57S000I-80-I"},{"r":"97","t":"15:34:50","h":"Est","s":"25S-H57S100F-80-F1"},{"r":"97","t":"15:34:50","h":"Est","s":"25S-H57S200F-80-F2"},{"r":"97","t":"15:41:56","h":"Est","s":"25N-H57N000A-80-A"},{"r":"97","t":"15:41:56","h":"Est","s":"25N-H57NV10A-80-A"},{"r":"97","t":"15:41:56","h":"Est","s":"25N-H57NV20A-80-A"},{"r":"97","t":"15:41:56","h":"Est","s":"25S-H57S000A-80-A"},{"r":"97","t":"15:44:02","h":"Est","s":"25N-H57N000S-80-S"},{"r":"97","t":"15:44:02","h":"Est","s":"25N-H57NV10S-84-S"},{"r":"97","t":"15:44:02","h":"Est","s":"25N-H57NV20S-80-S"},{"r":"97","t":"15:44:02","h":"Est","s":"25S-H57S000S-82-S"},{"r":"25","t":"15:49:14","h":"Sud","s":"25N-H57N000S-80-S"},{"r":"25","t":"15:49:14","h":"Sud","s":"25N-H57NV10S-84-S"},{"r":"25","t":"15:49:14","h":"Sud","s":"25N-H57NV20S-80-S"},{"r":"25","t":"15:49:14","h":"Sud","s":"25S-H57S000S-82-S"},{"r":"97","t":"15:52:50","h":"Est","s":"25N-H57N000I-80-I"},{"r":"97","t":"15:52:50","h":"Est","s":"25N-H57N100F-80-F1"},{"r":"97","t":"15:52:50","h":"Est","s":"25N-H57N200F-80-F2"},{"r":"97","t":"15:52:50","h":"Est","s":"25N-H57N300F-80-F3"},{"r":"97","t":"15:52:50","h":"Est","s":"25N-H57N400F-80-F4"},{"r":"97","t":"15:52:50","h":"Est","s":"25N-H57NV10I-80-I"},{"r":"97","t":"15:52:50","h":"Est","s":"25N-H57NV20I-80-I"},{"r":"97","t":"15:52:50","h":"Est","s":"25S-H57S000I-80-I"},{"r":"97","t":"15:52:50","h":"Est","s":"25S-H57S100F-80-F1"},{"r":"97","t":"15:52:50","h":"Est","s":"25S-H57S200F-80-F2"},{"r":"97","t":"15:54:02","h":"Est","s":"25N-H57N000S-80-S"},{"r":"97","t":"15:54:02","h":"Est","s":"25N-H57NV10S-84-S"},{"r":"97","t":"15:54:02","h":"Est","s":"25N-H57NV20S-80-S"},{"r":"97","t":"15:54:02","h":"Est","s":"25S-H57S000S-82-S"},{"r":"97","t":"15:57:56","h":"Est","s":"25N-H57N000A-80-A"},{"r":"97","t":"15:57:56","h":"Est","s":"25N-H57NV10A-80-A"},{"r":"97","t":"15:57:56","h":"Est","s":"25N-H57NV20A-80-A"},{"r":"97","t":"15:57:56","h":"Est","s":"25S-H57S000A-80-A"},{"r":"97","t":"16:05:02","h":"Est","s":"25N-H57N000S-80-S"},{"r":"97","t":"16:05:02","h":"Est","s":"25N-H57NV10S-84-S"},{"r":"97","t":"16:05:02","h":"Est","s":"25N-H57NV20S-80-S"},{"r":"97","t":"16:05:02","h":"Est","s":"25S-H57S000S-82-S"},{"r":"25","t":"16:11:14","h":"Sud","s":"25N-H57N000S-80-S"},{"r":"25","t":"16:11:14","h":"Sud","s":"25N-H57NV10S-84-S"},{"r":"25","t":"16:11:14","h":"Sud","s":"25N-H57NV20S-80-S"},{"r":"25","t":"16:11:14","h":"Sud","s":"25S-H57S000S-82-S"},{"r":"97","t":"16:12:50","h":"Est","s":"25N-H57N000I-80-I"},{"r":"97","t":"16:12:50","h":"Est","s":"25N-H57N100F-80-F1"},{"r":"97","t":"16:12:50","h":"Est","s":"25N-H57N200F-80-F2"},{"r":"97","t":"16:12:50","h":"Est","s":"25N-H57N300F-80-F3"},{"r":"97","t":"16:12:50","h":"Est","s":"25N-H57N400F-80-F4"},{"r":"97","t":"16:12:50","h":"Est","s":"25N-H57NV10I-80-I"},{"r":"97","t":"16:12:50","h":"Est","s":"25N-H57NV20I-80-I"},{"r":"97","t":"16:12:50","h":"Est","s":"25S-H57S000I-80-I"},{"r":"97","t":"16:12:50","h":"Est","s":"25S-H57S100F-80-F1"},{"r":"97","t":"16:12:50","h":"Est","s":"25S-H57S200F-80-F2"},{"r":"97","t":"16:13:56","h":"Est","s":"25N-H57N000A-80-A"},{"r":"97","t":"16:13:56","h":"Est","s":"25N-H57NV10A-80-A"},{"r":"97","t":"16:13:56","h":"Est","s":"25N-H57NV20A-80-A"},{"r":"97","t":"16:13:56","h":"Est","s":"25S-H57S000A-80-A"},{"r":"97","t":"16:16:02","h":"Est","s":"25N-H57N000S-80-S"},{"r":"97","t":"16:16:02","h":"Est","s":"25N-H57NV10S-84-S"},{"r":"97","t":"16:16:02","h":"Est","s":"25N-H57NV20S-80-S"},{"r":"97","t":"16:16:02","h":"Est","s":"25S-H57S000S-82-S"},{"r":"97","t":"16:27:02","h":"Est","s":"25N-H57N000S-80-S"},{"r":"97","t":"16:27:02","h":"Est","s":"25N-H57NV10S-84-S"},{"r":"97","t":"16:27:02","h":"Est","s":"25N-H57NV20S-80-S"},{"r":"97","t":"16:27:02","h":"Est","s":"25S-H57S000S-82-S"},{"r":"97","t":"16:28:56","h":"Est","s":"25N-H57N000A-80-A"},{"r":"97","t":"16:28:56","h":"Est","s":"25N-H57NV10A-80-A"},{"r":"97","t":"16:28:56","h":"Est","s":"25N-H57NV20A-80-A"},{"r":"97","t":"16:28:56","h":"Est","s":"25S-H57S000A-80-A"},{"r":"97","t":"16:30:50","h":"Est","s":"25N-H57N000I-80-I"},{"r":"97","t":"16:30:50","h":"Est","s":"25N-H57N100F-80-F1"},{"r":"97","t":"16:30:50","h":"Est","s":"25N-H57N200F-80-F2"},{"r":"97","t":"16:30:50","h":"Est","s":"25N-H57N300F-80-F3"},{"r":"97","t":"16:30:50","h":"Est","s":"25N-H57N400F-80-F4"},{"r":"97","t":"16:30:50","h":"Est","s":"25N-H57NV10I-80-I"},{"r":"97","t":"16:30:50","h":"Est","s":"25N-H57NV20I-80-I"},{"r":"97","t":"16:30:50","h":"Est","s":"25S-H57S000I-80-I"},{"r":"97","t":"16:30:50","h":"Est","s":"25S-H57S100F-80-F1"},{"r":"97","t":"16:30:50","h":"Est","s":"25S-H57S200F-80-F2"},{"r":"25","t":"16:32:14","h":"Sud","s":"25N-H59N000S-80-S"},{"r":"25","t":"16:32:14","h":"Sud","s":"25N-H59NV10S-84-S"},{"r":"25","t":"16:32:14","h":"Sud","s":"25N-H59NV20S-80-S"},{"r":"25","t":"16:32:14","h":"Sud","s":"25S-H59S000S-81-S"},{"r":"97","t":"16:36:02","h":"Est","s":"25N-H57N000S-80-S"},{"r":"97","t":"16:36:02","h":"Est","s":"25N-H57NV10S-84-S"},{"r":"97","t":"16:36:02","h":"Est","s":"25N-H57NV20S-80-S"},{"r":"97","t":"16:36:02","h":"Est","s":"25S-H57S000S-82-S"},{"r":"97","t":"16:43:56","h":"Est","s":"25N-H57N000A-80-A"},{"r":"97","t":"16:43:56","h":"Est","s":"25N-H57NV10A-80-A"},{"r":"97","t":"16:43:56","h":"Est","s":"25N-H57NV20A-80-A"},{"r":"97","t":"16:43:56","h":"Est","s":"25S-H57S000A-80-A"},{"r":"97","t":"16:45:02","h":"Est","s":"25N-H57N000S-80-S"},{"r":"97","t":"16:45:02","h":"Est","s":"25N-H57NV10S-84-S"},{"r":"97","t":"16:45:02","h":"Est","s":"25N-H57NV20S-80-S"},{"r":"97","t":"16:45:02","h":"Est","s":"25S-H57S000S-82-S"},{"r":"97","t":"16:47:50","h":"Est","s":"25N-H57N000I-80-I"},{"r":"97","t":"16:47:50","h":"Est","s":"25N-H57N100F-80-F1"},{"r":"97","t":"16:47:50","h":"Est","s":"25N-H57N200F-80-F2"},{"r":"97","t":"16:47:50","h":"Est","s":"25N-H57N300F-80-F3"},{"r":"97","t":"16:47:50","h":"Est","s":"25N-H57N400F-80-F4"},{"r":"97","t":"16:47:50","h":"Est","s":"25N-H57NV10I-80-I"},{"r":"97","t":"16:47:50","h":"Est","s":"25N-H57NV20I-80-I"},{"r":"97","t":"16:47:50","h":"Est","s":"25S-H57S000I-80-I"},{"r":"97","t":"16:47:50","h":"Est","s":"25S-H57S100F-80-F1"},{"r":"97","t":"16:47:50","h":"Est","s":"25S-H57S200F-80-F2"},{"r":"25","t":"16:51:14","h":"Sud","s":"25N-H57N000S-80-S"},{"r":"25","t":"16:51:14","h":"Sud","s":"25N-H57NV10S-84-S"},{"r":"25","t":"16:51:14","h":"Sud","s":"25N-H57NV20S-80-S"},{"r":"25","t":"16:51:14","h":"Sud","s":"25S-H57S000S-82-S"},{"r":"97","t":"16:55:02","h":"Est","s":"25N-H57N000S-80-S"},{"r":"97","t":"16:55:02","h":"Est","s":"25N-H57NV10S-84-S"},{"r":"97","t":"16:55:02","h":"Est","s":"25N-H57NV20S-80-S"},{"r":"97","t":"16:55:02","h":"Est","s":"25S-H57S000S-82-S"},{"r":"97","t":"16:57:56","h":"Est","s":"25N-H57N000A-80-A"},{"r":"97","t":"16:57:56","h":"Est","s":"25N-H57NV10A-80-A"},{"r":"97","t":"16:57:56","h":"Est","s":"25N-H57NV20A-80-A"},{"r":"97","t":"16:57:56","h":"Est","s":"25S-H57S000A-80-A"},{"r":"97","t":"17:01:56","h":"Est","s":"25N-H57N000I-80-I"},{"r":"97","t":"17:01:56","h":"Est","s":"25N-H57N100F-80-F1"},{"r":"97","t":"17:01:56","h":"Est","s":"25N-H57N200F-80-F2"},{"r":"97","t":"17:01:56","h":"Est","s":"25N-H57N300F-80-F3"},{"r":"97","t":"17:01:56","h":"Est","s":"25N-H57N400F-80-F4"},{"r":"97","t":"17:01:56","h":"Est","s":"25N-H57NV10I-80-I"},{"r":"97","t":"17:01:56","h":"Est","s":"25N-H57NV20I-80-I"},{"r":"97","t":"17:01:56","h":"Est","s":"25S-H57S000I-80-I"},{"r":"97","t":"17:01:56","h":"Est","s":"25S-H57S100F-80-F1"},{"r":"97","t":"17:01:56","h":"Est","s":"25S-H57S200F-80-F2"},{"r":"97","t":"17:05:02","h":"Est","s":"25N-H57N000S-80-S"},{"r":"97","t":"17:05:02","h":"Est","s":"25N-H57NV10S-84-S"},{"r":"97","t":"17:05:02","h":"Est","s":"25N-H57NV20S-80-S"},{"r":"97","t":"17:05:02","h":"Est","s":"25S-H57S000S-82-S"},{"r":"97","t":"17:10:56","h":"Est","s":"25N-H57N000A-80-A"},{"r":"97","t":"17:10:56","h":"Est","s":"25N-H57NV10A-80-A"},{"r":"97","t":"17:10:56","h":"Est","s":"25N-H57NV20A-80-A"},{"r":"97","t":"17:10:56","h":"Est","s":"25S-H57S000A-80-A"},{"r":"97","t":"17:14:02","h":"Est","s":"25N-H57N000S-80-S"},{"r":"97","t":"17:14:02","h":"Est","s":"25N-H57NV10S-84-S"},{"r":"97","t":"17:14:02","h":"Est","s":"25N-H57NV20S-80-S"},{"r":"97","t":"17:14:02","h":"Est","s":"25S-H57S000S-82-S"},{"r":"97","t":"17:15:02","h":"Est","s":"25N-H57N000I-80-I"},{"r":"97","t":"17:15:02","h":"Est","s":"25N-H57N100F-80-F1"},{"r":"97","t":"17:15:02","h":"Est","s":"25N-H57N200F-80-F2"},{"r":"97","t":"17:15:02","h":"Est","s":"25N-H57N300F-80-F3"},{"r":"97","t":"17:15:02","h":"Est","s":"25N-H57N400F-80-F4"},{"r":"97","t":"17:15:02","h":"Est","s":"25N-H57NV10I-80-I"},{"r":"97","t":"17:15:02","h":"Est","s":"25N-H57NV20I-80-I"},{"r":"97","t":"17:15:02","h":"Est","s":"25S-H57S000I-80-I"},{"r":"97","t":"17:15:02","h":"Est","s":"25S-H57S100F-80-F1"},{"r":"97","t":"17:15:02","h":"Est","s":"25S-H57S200F-80-F2"},{"r":"25","t":"17:18:14","h":"Sud","s":"25N-H57N000S-80-S"},{"r":"25","t":"17:18:14","h":"Sud","s":"25N-H57NV10S-84-S"},{"r":"25","t":"17:18:14","h":"Sud","s":"25N-H57NV20S-80-S"},{"r":"25","t":"17:18:14","h":"Sud","s":"25S-H57S000S-82-S"},{"r":"97","t":"17:20:02","h":"Est","s":"25N-H57N000S-80-S"},{"r":"97","t":"17:20:02","h":"Est","s":"25N-H57NV10S-84-S"},{"r":"97","t":"17:20:02","h":"Est","s":"25N-H57NV20S-80-S"},{"r":"97","t":"17:20:02","h":"Est","s":"25S-H57S000S-82-S"},{"r":"97","t":"17:21:56","h":"Est","s":"25N-H57N000A-80-A"},{"r":"97","t":"17:21:56","h":"Est","s":"25N-H57NV10A-80-A"},{"r":"97","t":"17:21:56","h":"Est","s":"25N-H57NV20A-80-A"},{"r":"97","t":"17:21:56","h":"Est","s":"25S-H57S000A-80-A"},{"r":"97","t":"17:25:02","h":"Est","s":"25N-H57N000I-80-I"},{"r":"97","t":"17:25:02","h":"Est","s":"25N-H57N100F-80-F1"},{"r":"97","t":"17:25:02","h":"Est","s":"25N-H57N200F-80-F2"},{"r":"97","t":"17:25:02","h":"Est","s":"25N-H57N300F-80-F3"},{"r":"97","t":"17:25:02","h":"Est","s":"25N-H57N400F-80-F4"},{"r":"97","t":"17:25:02","h":"Est","s":"25N-H57NV10I-80-I"},{"r":"97","t":"17:25:02","h":"Est","s":"25N-H57NV20I-80-I"},{"r":"97","t":"17:25:02","h":"Est","s":"25S-H57S000I-80-I"},{"r":"97","t":"17:25:02","h":"Est","s":"25S-H57S100F-80-F1"},{"r":"97","t":"17:25:02","h":"Est","s":"25S-H57S200F-80-F2"},{"r":"97","t":"17:27:02","h":"Est","s":"25N-H57N000S-80-S"},{"r":"97","t":"17:27:02","h":"Est","s":"25N-H57NV10S-84-S"},{"r":"97","t":"17:27:02","h":"Est","s":"25N-H57NV20S-80-S"},{"r":"97","t":"17:27:02","h":"Est","s":"25S-H57S000S-82-S"},{"r":"97","t":"17:31:02","h":"Est","s":"25N-H57N000S-80-S"},{"r":"97","t":"17:31:02","h":"Est","s":"25N-H57NV10S-84-S"},{"r":"97","t":"17:31:02","h":"Est","s":"25N-H57NV20S-80-S"},{"r":"97","t":"17:31:02","h":"Est","s":"25S-H57S000S-82-S"},{"r":"97","t":"17:31:56","h":"Est","s":"25N-H57N000A-80-A"},{"r":"97","t":"17:31:56","h":"Est","s":"25N-H57NV10A-80-A"},{"r":"97","t":"17:31:56","h":"Est","s":"25N-H57NV20A-80-A"},{"r":"97","t":"17:31:56","h":"Est","s":"25S-H57S000A-80-A"},{"r":"97","t":"17:35:02","h":"Est","s":"25N-H57N000I-80-I"},{"r":"97","t":"17:35:02","h":"Est","s":"25N-H57N100F-80-F1"},{"r":"97","t":"17:35:02","h":"Est","s":"25N-H57N200F-80-F2"},{"r":"97","t":"17:35:02","h":"Est","s":"25N-H57N300F-80-F3"},{"r":"97","t":"17:35:02","h":"Est","s":"25N-H57N400F-80-F4"},{"r":"97","t":"17:35:02","h":"Est","s":"25N-H57NV10I-80-I"},{"r":"97","t":"17:35:02","h":"Est","s":"25N-H57NV20I-80-I"},{"r":"97","t":"17:35:02","h":"Est","s":"25S-H57S000I-80-I"},{"r":"97","t":"17:35:02","h":"Est","s":"25S-H57S100F-80-F1"},{"r":"97","t":"17:35:02","h":"Est","s":"25S-H57S200F-80-F2"},{"r":"97","t":"17:37:02","h":"Est","s":"25N-H57N000S-80-S"},{"r":"97","t":"17:37:02","h":"Est","s":"25N-H57NV10S-84-S"},{"r":"97","t":"17:37:02","h":"Est","s":"25N-H57NV20S-80-S"},{"r":"97","t":"17:37:02","h":"Est","s":"25S-H57S000S-82-S"},{"r":"97","t":"17:41:56","h":"Est","s":"25N-H57N000A-80-A"},{"r":"97","t":"17:41:56","h":"Est","s":"25N-H57NV10A-80-A"},{"r":"97","t":"17:41:56","h":"Est","s":"25N-H57NV20A-80-A"},{"r":"97","t":"17:41:56","h":"Est","s":"25S-H57S000A-80-A"},{"r":"97","t":"17:44:02","h":"Est","s":"25N-H57N000I-80-I"},{"r":"97","t":"17:44:02","h":"Est","s":"25N-H57N100F-80-F1"},{"r":"97","t":"17:44:02","h":"Est","s":"25N-H57N200F-80-F2"},{"r":"97","t":"17:44:02","h":"Est","s":"25N-H57N300F-80-F3"},{"r":"97","t":"17:44:02","h":"Est","s":"25N-H57N400F-80-F4"},{"r":"97","t":"17:44:02","h":"Est","s":"25N-H57NV10I-80-I"},{"r":"97","t":"17:44:02","h":"Est","s":"25N-H57NV20I-80-I"},{"r":"97","t":"17:44:02","h":"Est","s":"25S-H57S000I-80-I"},{"r":"97","t":"17:44:02","h":"Est","s":"25S-H57S100F-80-F1"},{"r":"97","t":"17:44:02","h":"Est","s":"25S-H57S200F-80-F2"},{"r":"97","t":"17:45:02","h":"Est","s":"25N-H57N000S-80-S"},{"r":"97","t":"17:45:02","h":"Est","s":"25N-H57NV10S-84-S"},{"r":"97","t":"17:45:02","h":"Est","s":"25N-H57NV20S-80-S"},{"r":"97","t":"17:45:02","h":"Est","s":"25S-H57S000S-82-S"},{"r":"25","t":"17:49:14","h":"Sud","s":"25N-H57N000S-80-S"},{"r":"25","t":"17:49:14","h":"Sud","s":"25N-H57NV10S-84-S"},{"r":"25","t":"17:49:14","h":"Sud","s":"25N-H57NV20S-80-S"},{"r":"25","t":"17:49:14","h":"Sud","s":"25S-H57S000S-82-S"},{"r":"97","t":"17:51:02","h":"Est","s":"25N-H57N000S-80-S"},{"r":"97","t":"17:51:02","h":"Est","s":"25N-H57NV10S-84-S"},{"r":"97","t":"17:51:02","h":"Est","s":"25N-H57NV20S-80-S"},{"r":"97","t":"17:51:02","h":"Est","s":"25S-H57S000S-82-S"},{"r":"97","t":"17:51:56","h":"Est","s":"25N-H57N000A-80-A"},{"r":"97","t":"17:51:56","h":"Est","s":"25N-H57NV10A-80-A"},{"r":"97","t":"17:51:56","h":"Est","s":"25N-H57NV20A-80-A"},{"r":"97","t":"17:51:56","h":"Est","s":"25S-H57S000A-80-A"},{"r":"97","t":"17:53:02","h":"Est","s":"25N-H57N000I-80-I"},{"r":"97","t":"17:53:02","h":"Est","s":"25N-H57N100F-80-F1"},{"r":"97","t":"17:53:02","h":"Est","s":"25N-H57N200F-80-F2"},{"r":"97","t":"17:53:02","h":"Est","s":"25N-H57N300F-80-F3"},{"r":"97","t":"17:53:02","h":"Est","s":"25N-H57N400F-80-F4"},{"r":"97","t":"17:53:02","h":"Est","s":"25N-H57NV10I-80-I"},{"r":"97","t":"17:53:02","h":"Est","s":"25N-H57NV20I-80-I"},{"r":"97","t":"17:53:02","h":"Est","s":"25S-H57S000I-80-I"},{"r":"97","t":"17:53:02","h":"Est","s":"25S-H57S100F-80-F1"},{"r":"97","t":"17:53:02","h":"Est","s":"25S-H57S200F-80-F2"},{"r":"97","t":"17:58:02","h":"Est","s":"25N-H57N000S-80-S"},{"r":"97","t":"17:58:02","h":"Est","s":"25N-H57NV10S-84-S"},{"r":"97","t":"17:58:02","h":"Est","s":"25N-H57NV20S-80-S"},{"r":"97","t":"17:58:02","h":"Est","s":"25S-H57S000S-82-S"},{"r":"97","t":"18:01:56","h":"Est","s":"25N-H57N000A-80-A"},{"r":"97","t":"18:01:56","h":"Est","s":"25N-H57NV10A-80-A"},{"r":"97","t":"18:01:56","h":"Est","s":"25N-H57NV20A-80-A"},{"r":"97","t":"18:01:56","h":"Est","s":"25S-H57S000A-80-A"},{"r":"97","t":"18:03:02","h":"Est","s":"25N-H57N000I-80-I"},{"r":"97","t":"18:03:02","h":"Est","s":"25N-H57N100F-80-F1"},{"r":"97","t":"18:03:02","h":"Est","s":"25N-H57N200F-80-F2"},{"r":"97","t":"18:03:02","h":"Est","s":"25N-H57N300F-80-F3"},{"r":"97","t":"18:03:02","h":"Est","s":"25N-H57N400F-80-F4"},{"r":"97","t":"18:03:02","h":"Est","s":"25N-H57NV10I-80-I"},{"r":"97","t":"18:03:02","h":"Est","s":"25N-H57NV20I-80-I"},{"r":"97","t":"18:03:02","h":"Est","s":"25S-H57S000I-80-I"},{"r":"97","t":"18:03:02","h":"Est","s":"25S-H57S100F-80-F1"},{"r":"97","t":"18:03:02","h":"Est","s":"25S-H57S200F-80-F2"},{"r":"97","t":"18:04:02","h":"Est","s":"25N-H57N000S-80-S"},{"r":"97","t":"18:04:02","h":"Est","s":"25N-H57NV10S-84-S"},{"r":"97","t":"18:04:02","h":"Est","s":"25N-H57NV20S-80-S"},{"r":"97","t":"18:04:02","h":"Est","s":"25S-H57S000S-82-S"},{"r":"97","t":"18:10:56","h":"Est","s":"25N-H57N000A-80-A"},{"r":"97","t":"18:10:56","h":"Est","s":"25N-H57NV10A-80-A"},{"r":"97","t":"18:10:56","h":"Est","s":"25N-H57NV20A-80-A"},{"r":"97","t":"18:10:56","h":"Est","s":"25S-H57S000A-80-A"},{"r":"97","t":"18:11:02","h":"Est","s":"25N-H57N000S-80-S"},{"r":"97","t":"18:11:02","h":"Est","s":"25N-H57NV10S-84-S"},{"r":"97","t":"18:11:02","h":"Est","s":"25N-H57NV20S-80-S"},{"r":"97","t":"18:11:02","h":"Est","s":"25S-H57S000S-82-S"},{"r":"97","t":"18:17:02","h":"Est","s":"25N-H57N000I-80-I"},{"r":"97","t":"18:17:02","h":"Est","s":"25N-H57N100F-80-F1"},{"r":"97","t":"18:17:02","h":"Est","s":"25N-H57N200F-80-F2"},{"r":"97","t":"18:17:02","h":"Est","s":"25N-H57N300F-80-F3"},{"r":"97","t":"18:17:02","h":"Est","s":"25N-H57N400F-80-F4"},{"r":"97","t":"18:17:02","h":"Est","s":"25N-H57NV10I-80-I"},{"r":"97","t":"18:17:02","h":"Est","s":"25N-H57NV20I-80-I"},{"r":"97","t":"18:17:02","h":"Est","s":"25S-H57S000I-80-I"},{"r":"97","t":"18:17:02","h":"Est","s":"25S-H57S100F-80-F1"},{"r":"97","t":"18:17:02","h":"Est","s":"25S-H57S200F-80-F2"},{"r":"97","t":"18:19:02","h":"Est","s":"25N-H57N000S-80-S"},{"r":"97","t":"18:19:02","h":"Est","s":"25N-H57NV10S-84-S"},{"r":"97","t":"18:19:02","h":"Est","s":"25N-H57NV20S-80-S"},{"r":"97","t":"18:19:02","h":"Est","s":"25S-H57S000S-82-S"},{"r":"25","t":"18:20:14","h":"Sud","s":"25N-H57N000S-80-S"},{"r":"25","t":"18:20:14","h":"Sud","s":"25N-H57NV10S-84-S"},{"r":"25","t":"18:20:14","h":"Sud","s":"25N-H57NV20S-80-S"},{"r":"25","t":"18:20:14","h":"Sud","s":"25S-H57S000S-82-S"},{"r":"97","t":"18:21:56","h":"Est","s":"25N-H57N000A-80-A"},{"r":"97","t":"18:21:56","h":"Est","s":"25N-H57NV10A-80-A"},{"r":"97","t":"18:21:56","h":"Est","s":"25N-H57NV20A-80-A"},{"r":"97","t":"18:21:56","h":"Est","s":"25S-H57S000A-80-A"},{"r":"97","t":"18:27:02","h":"Est","s":"25N-H57N000S-80-S"},{"r":"97","t":"18:27:02","h":"Est","s":"25N-H57NV10S-84-S"},{"r":"97","t":"18:27:02","h":"Est","s":"25N-H57NV20S-80-S"},{"r":"97","t":"18:27:02","h":"Est","s":"25S-H57S000S-82-S"},{"r":"97","t":"18:32:02","h":"Est","s":"25N-H57N000I-80-I"},{"r":"97","t":"18:32:02","h":"Est","s":"25N-H57N100F-80-F1"},{"r":"97","t":"18:32:02","h":"Est","s":"25N-H57N200F-80-F2"},{"r":"97","t":"18:32:02","h":"Est","s":"25N-H57N300F-80-F3"},{"r":"97","t":"18:32:02","h":"Est","s":"25N-H57N400F-80-F4"},{"r":"97","t":"18:32:02","h":"Est","s":"25N-H57NV10I-80-I"},{"r":"97","t":"18:32:02","h":"Est","s":"25N-H57NV20I-80-I"},{"r":"97","t":"18:32:02","h":"Est","s":"25S-H57S000I-80-I"},{"r":"97","t":"18:32:02","h":"Est","s":"25S-H57S100F-80-F1"},{"r":"97","t":"18:32:02","h":"Est","s":"25S-H57S200F-80-F2"},{"r":"97","t":"18:33:02","h":"Est","s":"25N-H57N000S-80-S"},{"r":"97","t":"18:33:02","h":"Est","s":"25N-H57NV10S-84-S"},{"r":"97","t":"18:33:02","h":"Est","s":"25N-H57NV20S-80-S"},{"r":"97","t":"18:33:02","h":"Est","s":"25S-H57S000S-82-S"},{"r":"97","t":"18:33:56","h":"Est","s":"25N-H57N000A-80-A"},{"r":"97","t":"18:33:56","h":"Est","s":"25N-H57NV10A-80-A"},{"r":"97","t":"18:33:56","h":"Est","s":"25N-H57NV20A-80-A"},{"r":"97","t":"18:33:56","h":"Est","s":"25S-H57S000A-80-A"},{"r":"97","t":"18:41:02","h":"Est","s":"25N-H57N000S-80-S"},{"r":"97","t":"18:41:02","h":"Est","s":"25N-H57NV10S-84-S"},{"r":"97","t":"18:41:02","h":"Est","s":"25N-H57NV20S-80-S"},{"r":"97","t":"18:41:02","h":"Est","s":"25S-H57S000S-82-S"},{"r":"97","t":"18:43:56","h":"Est","s":"25N-H57N000A-80-A"},{"r":"97","t":"18:43:56","h":"Est","s":"25N-H57NV10A-80-A"},{"r":"97","t":"18:43:56","h":"Est","s":"25N-H57NV20A-80-A"},{"r":"97","t":"18:43:56","h":"Est","s":"25S-H57S000A-80-A"},{"r":"97","t":"18:48:02","h":"Est","s":"25N-H57N000I-80-I"},{"r":"97","t":"18:48:02","h":"Est","s":"25N-H57N100F-80-F1"},{"r":"97","t":"18:48:02","h":"Est","s":"25N-H57N200F-80-F2"},{"r":"97","t":"18:48:02","h":"Est","s":"25N-H57N300F-80-F3"},{"r":"97","t":"18:48:02","h":"Est","s":"25N-H57N400F-80-F4"},{"r":"97","t":"18:48:02","h":"Est","s":"25N-H57NV10I-80-I"},{"r":"97","t":"18:48:02","h":"Est","s":"25N-H57NV20I-80-I"},{"r":"97","t":"18:48:02","h":"Est","s":"25S-H57S000I-80-I"},{"r":"97","t":"18:48:02","h":"Est","s":"25S-H57S100F-80-F1"},{"r":"97","t":"18:48:02","h":"Est","s":"25S-H57S200F-80-F2"},{"r":"97","t":"18:49:09","h":"Est","s":"25N-H57N000S-80-S"},{"r":"97","t":"18:49:09","h":"Est","s":"25N-H57NV10S-84-S"},{"r":"97","t":"18:49:09","h":"Est","s":"25N-H57NV20S-80-S"},{"r":"97","t":"18:49:09","h":"Est","s":"25S-H57S000S-82-S"},{"r":"25","t":"18:49:14","h":"Sud","s":"25N-H57N000S-80-S"},{"r":"25","t":"18:49:14","h":"Sud","s":"25N-H57NV10S-84-S"},{"r":"25","t":"18:49:14","h":"Sud","s":"25N-H57NV20S-80-S"},{"r":"25","t":"18:49:14","h":"Sud","s":"25S-H57S000S-82-S"},{"r":"97","t":"18:54:56","h":"Est","s":"25N-H57N000A-80-A"},{"r":"97","t":"18:54:56","h":"Est","s":"25N-H57NV10A-80-A"},{"r":"97","t":"18:54:56","h":"Est","s":"25N-H57NV20A-80-A"},{"r":"97","t":"18:54:56","h":"Est","s":"25S-H57S000A-80-A"},{"r":"97","t":"18:59:09","h":"Est","s":"25N-H57N000S-80-S"},{"r":"97","t":"18:59:09","h":"Est","s":"25N-H57NV10S-84-S"},{"r":"97","t":"18:59:09","h":"Est","s":"25N-H57NV20S-80-S"},{"r":"97","t":"18:59:09","h":"Est","s":"25S-H57S000S-82-S"},{"r":"97","t":"19:06:56","h":"Est","s":"25N-H57N000A-80-A"},{"r":"97","t":"19:06:56","h":"Est","s":"25N-H57NV10A-80-A"},{"r":"97","t":"19:06:56","h":"Est","s":"25N-H57NV20A-80-A"},{"r":"97","t":"19:06:56","h":"Est","s":"25S-H57S000A-80-A"},{"r":"97","t":"19:07:02","h":"Est","s":"25N-H57N000I-80-I"},{"r":"97","t":"19:07:02","h":"Est","s":"25N-H57N100F-80-F1"},{"r":"97","t":"19:07:02","h":"Est","s":"25N-H57N200F-80-F2"},{"r":"97","t":"19:07:02","h":"Est","s":"25N-H57N300F-80-F3"},{"r":"97","t":"19:07:02","h":"Est","s":"25N-H57N400F-80-F4"},{"r":"97","t":"19:07:02","h":"Est","s":"25N-H57NV10I-80-I"},{"r":"97","t":"19:07:02","h":"Est","s":"25N-H57NV20I-80-I"},{"r":"97","t":"19:07:02","h":"Est","s":"25S-H57S000I-80-I"},{"r":"97","t":"19:07:02","h":"Est","s":"25S-H57S100F-80-F1"},{"r":"97","t":"19:07:02","h":"Est","s":"25S-H57S200F-80-F2"},{"r":"97","t":"19:07:09","h":"Est","s":"25N-H57N000S-80-S"},{"r":"97","t":"19:07:09","h":"Est","s":"25N-H57NV10S-84-S"},{"r":"97","t":"19:07:09","h":"Est","s":"25N-H57NV20S-80-S"},{"r":"97","t":"19:07:09","h":"Est","s":"25S-H57S000S-82-S"},{"r":"97","t":"19:17:09","h":"Est","s":"25N-H57N000S-80-S"},{"r":"97","t":"19:17:09","h":"Est","s":"25N-H57NV10S-84-S"},{"r":"97","t":"19:17:09","h":"Est","s":"25N-H57NV20S-80-S"},{"r":"97","t":"19:17:09","h":"Est","s":"25S-H57S000S-82-S"},{"r":"25","t":"19:18:14","h":"Sud","s":"25N-H57N000S-80-S"},{"r":"25","t":"19:18:14","h":"Sud","s":"25N-H57NV10S-84-S"},{"r":"25","t":"19:18:14","h":"Sud","s":"25N-H57NV20S-80-S"},{"r":"25","t":"19:18:14","h":"Sud","s":"25S-H57S000S-82-S"},{"r":"97","t":"19:21:56","h":"Est","s":"25N-H57N000A-80-A"},{"r":"97","t":"19:21:56","h":"Est","s":"25N-H57NV10A-80-A"},{"r":"97","t":"19:21:56","h":"Est","s":"25N-H57NV20A-80-A"},{"r":"97","t":"19:21:56","h":"Est","s":"25S-H57S000A-80-A"},{"r":"97","t":"19:29:09","h":"Est","s":"25N-H57N000S-80-S"},{"r":"97","t":"19:29:09","h":"Est","s":"25N-H57NV10S-84-S"},{"r":"97","t":"19:29:09","h":"Est","s":"25N-H57NV20S-80-S"},{"r":"97","t":"19:29:09","h":"Est","s":"25S-H57S000S-82-S"},{"r":"97","t":"19:38:02","h":"Est","s":"25N-H57N000I-80-I"},{"r":"97","t":"19:38:02","h":"Est","s":"25N-H57N100F-80-F1"},{"r":"97","t":"19:38:02","h":"Est","s":"25N-H57N200F-80-F2"},{"r":"97","t":"19:38:02","h":"Est","s":"25N-H57N300F-80-F3"},{"r":"97","t":"19:38:02","h":"Est","s":"25N-H57N400F-80-F4"},{"r":"97","t":"19:38:02","h":"Est","s":"25N-H57NV10I-80-I"},{"r":"97","t":"19:38:02","h":"Est","s":"25N-H57NV20I-80-I"},{"r":"97","t":"19:38:02","h":"Est","s":"25S-H57S000I-80-I"},{"r":"97","t":"19:38:02","h":"Est","s":"25S-H57S100F-80-F1"},{"r":"97","t":"19:38:02","h":"Est","s":"25S-H57S200F-80-F2"},{"r":"97","t":"19:41:56","h":"Est","s":"25N-H57N000A-80-A"},{"r":"97","t":"19:41:56","h":"Est","s":"25N-H57NV10A-80-A"},{"r":"97","t":"19:41:56","h":"Est","s":"25N-H57NV20A-80-A"},{"r":"97","t":"19:41:56","h":"Est","s":"25S-H57S000A-80-A"},{"r":"25","t":"19:46:14","h":"Sud","s":"25N-H57N000S-80-S"},{"r":"25","t":"19:46:14","h":"Sud","s":"25N-H57NV10S-84-S"},{"r":"25","t":"19:46:14","h":"Sud","s":"25N-H57NV20S-80-S"},{"r":"25","t":"19:46:14","h":"Sud","s":"25S-H57S000S-82-S"},{"r":"97","t":"19:47:09","h":"Est","s":"25N-H57N000S-80-S"},{"r":"97","t":"19:47:09","h":"Est","s":"25N-H57NV10S-84-S"},{"r":"97","t":"19:47:09","h":"Est","s":"25N-H57NV20S-80-S"},{"r":"97","t":"19:47:09","h":"Est","s":"25S-H57S000S-82-S"},{"r":"97","t":"20:06:02","h":"Est","s":"25N-H57N000I-80-I"},{"r":"97","t":"20:06:02","h":"Est","s":"25N-H57N100F-80-F1"},{"r":"97","t":"20:06:02","h":"Est","s":"25N-H57N200F-80-F2"},{"r":"97","t":"20:06:02","h":"Est","s":"25N-H57N300F-80-F3"},{"r":"97","t":"20:06:02","h":"Est","s":"25N-H57N400F-80-F4"},{"r":"97","t":"20:06:02","h":"Est","s":"25N-H57NV10I-80-I"},{"r":"97","t":"20:06:02","h":"Est","s":"25N-H57NV20I-80-I"},{"r":"97","t":"20:06:02","h":"Est","s":"25S-H57S000I-80-I"},{"r":"97","t":"20:06:02","h":"Est","s":"25S-H57S100F-80-F1"},{"r":"97","t":"20:06:02","h":"Est","s":"25S-H57S200F-80-F2"},{"r":"97","t":"20:08:09","h":"Est","s":"25N-H57N000S-80-S"},{"r":"97","t":"20:08:09","h":"Est","s":"25N-H57NV10S-84-S"},{"r":"97","t":"20:08:09","h":"Est","s":"25N-H57NV20S-80-S"},{"r":"97","t":"20:08:09","h":"Est","s":"25S-H57S000S-82-S"},{"r":"97","t":"20:10:56","h":"Est","s":"25N-H57N000A-80-A"},{"r":"97","t":"20:10:56","h":"Est","s":"25N-H57NV10A-80-A"},{"r":"97","t":"20:10:56","h":"Est","s":"25N-H57NV20A-80-A"},{"r":"97","t":"20:10:56","h":"Est","s":"25S-H57S000A-80-A"},{"r":"25","t":"20:14:14","h":"Sud","s":"25N-H57N000S-80-S"},{"r":"25","t":"20:14:14","h":"Sud","s":"25N-H57NV10S-84-S"},{"r":"25","t":"20:14:14","h":"Sud","s":"25N-H57NV20S-80-S"},{"r":"25","t":"20:14:14","h":"Sud","s":"25S-H57S000S-82-S"},{"r":"97","t":"20:29:09","h":"Est","s":"25N-H57N000S-80-S"},{"r":"97","t":"20:29:09","h":"Est","s":"25N-H57NV10S-84-S"},{"r":"97","t":"20:29:09","h":"Est","s":"25N-H57NV20S-80-S"},{"r":"97","t":"20:29:09","h":"Est","s":"25S-H57S000S-82-S"},{"r":"97","t":"20:38:02","h":"Est","s":"25N-H57N000I-80-I"},{"r":"97","t":"20:38:02","h":"Est","s":"25N-H57N100F-80-F1"},{"r":"97","t":"20:38:02","h":"Est","s":"25N-H57N200F-80-F2"},{"r":"97","t":"20:38:02","h":"Est","s":"25N-H57N300F-80-F3"},{"r":"97","t":"20:38:02","h":"Est","s":"25N-H57N400F-80-F4"},{"r":"97","t":"20:38:02","h":"Est","s":"25N-H57NV10I-80-I"},{"r":"97","t":"20:38:02","h":"Est","s":"25N-H57NV20I-80-I"},{"r":"97","t":"20:38:02","h":"Est","s":"25S-H57S000I-80-I"},{"r":"97","t":"20:38:02","h":"Est","s":"25S-H57S100F-80-F1"},{"r":"97","t":"20:38:02","h":"Est","s":"25S-H57S200F-80-F2"},{"r":"25","t":"20:42:14","h":"Sud","s":"25N-H57N000S-80-S"},{"r":"25","t":"20:42:14","h":"Sud","s":"25N-H57NV10S-84-S"},{"r":"25","t":"20:42:14","h":"Sud","s":"25N-H57NV20S-80-S"},{"r":"25","t":"20:42:14","h":"Sud","s":"25S-H57S000S-82-S"},{"r":"97","t":"20:42:56","h":"Est","s":"25N-H57N000A-80-A"},{"r":"97","t":"20:42:56","h":"Est","s":"25N-H57NV10A-80-A"},{"r":"97","t":"20:42:56","h":"Est","s":"25N-H57NV20A-80-A"},{"r":"97","t":"20:42:56","h":"Est","s":"25S-H57S000A-80-A"},{"r":"97","t":"20:51:09","h":"Est","s":"25N-H57N000S-80-S"},{"r":"97","t":"20:51:09","h":"Est","s":"25N-H57NV10S-84-S"},{"r":"97","t":"20:51:09","h":"Est","s":"25N-H57NV20S-80-S"},{"r":"97","t":"20:51:09","h":"Est","s":"25S-H57S000S-82-S"},{"r":"97","t":"21:09:02","h":"Est","s":"25N-H57N000I-80-I"},{"r":"97","t":"21:09:02","h":"Est","s":"25N-H57N100F-80-F1"},{"r":"97","t":"21:09:02","h":"Est","s":"25N-H57N200F-80-F2"},{"r":"97","t":"21:09:02","h":"Est","s":"25N-H57N300F-80-F3"},{"r":"97","t":"21:09:02","h":"Est","s":"25N-H57N400F-80-F4"},{"r":"97","t":"21:09:02","h":"Est","s":"25N-H57NV10I-80-I"},{"r":"97","t":"21:09:02","h":"Est","s":"25N-H57NV20I-80-I"},{"r":"97","t":"21:09:02","h":"Est","s":"25S-H57S000I-80-I"},{"r":"97","t":"21:09:02","h":"Est","s":"25S-H57S100F-80-F1"},{"r":"97","t":"21:09:02","h":"Est","s":"25S-H57S200F-80-F2"},{"r":"25","t":"21:09:14","h":"Sud","s":"25N-H57N000S-80-S"},{"r":"25","t":"21:09:14","h":"Sud","s":"25N-H57NV10S-84-S"},{"r":"25","t":"21:09:14","h":"Sud","s":"25N-H57NV20S-80-S"},{"r":"25","t":"21:09:14","h":"Sud","s":"25S-H57S000S-82-S"},{"r":"97","t":"21:15:56","h":"Est","s":"25N-H57N000A-80-A"},{"r":"97","t":"21:15:56","h":"Est","s":"25N-H57NV10A-80-A"},{"r":"97","t":"21:15:56","h":"Est","s":"25N-H57NV20A-80-A"},{"r":"97","t":"21:15:56","h":"Est","s":"25S-H57S000A-80-A"},{"r":"97","t":"21:24:09","h":"Est","s":"25N-H57N000S-80-S"},{"r":"97","t":"21:24:09","h":"Est","s":"25N-H57NV10S-84-S"},{"r":"97","t":"21:24:09","h":"Est","s":"25N-H57NV20S-80-S"},{"r":"97","t":"21:24:09","h":"Est","s":"25S-H57S000S-82-S"},{"r":"25","t":"21:36:14","h":"Sud","s":"25N-H57N000S-80-S"},{"r":"25","t":"21:36:14","h":"Sud","s":"25N-H57NV10S-84-S"},{"r":"25","t":"21:36:14","h":"Sud","s":"25N-H57NV20S-80-S"},{"r":"25","t":"21:36:14","h":"Sud","s":"25S-H57S000S-82-S"},{"r":"97","t":"21:39:02","h":"Est","s":"25N-H57N000I-80-I"},{"r":"97","t":"21:39:02","h":"Est","s":"25N-H57N100F-80-F1"},{"r":"97","t":"21:39:02","h":"Est","s":"25N-H57N200F-80-F2"},{"r":"97","t":"21:39:02","h":"Est","s":"25N-H57N300F-80-F3"},{"r":"97","t":"21:39:02","h":"Est","s":"25N-H57N400F-80-F4"},{"r":"97","t":"21:39:02","h":"Est","s":"25N-H57NV10I-80-I"},{"r":"97","t":"21:39:02","h":"Est","s":"25N-H57NV20I-80-I"},{"r":"97","t":"21:39:02","h":"Est","s":"25S-H57S000I-80-I"},{"r":"97","t":"21:39:02","h":"Est","s":"25S-H57S100F-80-F1"},{"r":"97","t":"21:39:02","h":"Est","s":"25S-H57S200F-80-F2"},{"r":"97","t":"21:48:56","h":"Est","s":"25N-H57N000A-80-A"},{"r":"97","t":"21:48:56","h":"Est","s":"25N-H57NV10A-80-A"},{"r":"97","t":"21:48:56","h":"Est","s":"25N-H57NV20A-80-A"},{"r":"97","t":"21:48:56","h":"Est","s":"25S-H57S000A-80-A"},{"r":"97","t":"21:55:09","h":"Est","s":"25N-H57N000S-80-S"},{"r":"97","t":"21:55:09","h":"Est","s":"25N-H57NV10S-84-S"},{"r":"97","t":"21:55:09","h":"Est","s":"25N-H57NV20S-80-S"},{"r":"97","t":"21:55:09","h":"Est","s":"25S-H57S000S-82-S"},{"r":"97","t":"22:09:02","h":"Est","s":"25N-H57N000I-80-I"},{"r":"97","t":"22:09:02","h":"Est","s":"25N-H57N100F-80-F1"},{"r":"97","t":"22:09:02","h":"Est","s":"25N-H57N200F-80-F2"},{"r":"97","t":"22:09:02","h":"Est","s":"25N-H57N300F-80-F3"},{"r":"97","t":"22:09:02","h":"Est","s":"25N-H57N400F-80-F4"},{"r":"97","t":"22:09:02","h":"Est","s":"25N-H57NV10I-80-I"},{"r":"97","t":"22:09:02","h":"Est","s":"25N-H57NV20I-80-I"},{"r":"97","t":"22:09:02","h":"Est","s":"25S-H57S000I-80-I"},{"r":"97","t":"22:09:02","h":"Est","s":"25S-H57S100F-80-F1"},{"r":"97","t":"22:09:02","h":"Est","s":"25S-H57S200F-80-F2"},{"r":"97","t":"22:21:56","h":"Est","s":"25N-H57N000A-80-A"},{"r":"97","t":"22:21:56","h":"Est","s":"25N-H57NV10A-80-A"},{"r":"97","t":"22:21:56","h":"Est","s":"25N-H57NV20A-80-A"},{"r":"97","t":"22:21:56","h":"Est","s":"25S-H57S000A-80-A"},{"r":"97","t":"22:27:09","h":"Est","s":"25N-H57N000S-80-S"},{"r":"97","t":"22:27:09","h":"Est","s":"25N-H57NV10S-84-S"},{"r":"97","t":"22:27:09","h":"Est","s":"25N-H57NV20S-80-S"},{"r":"97","t":"22:27:09","h":"Est","s":"25S-H57S000S-82-S"},{"r":"97","t":"22:41:02","h":"Est","s":"25N-H57N000I-80-I"},{"r":"97","t":"22:41:02","h":"Est","s":"25N-H57N100F-80-F1"},{"r":"97","t":"22:41:02","h":"Est","s":"25N-H57N200F-80-F2"},{"r":"97","t":"22:41:02","h":"Est","s":"25N-H57N300F-80-F3"},{"r":"97","t":"22:41:02","h":"Est","s":"25N-H57N400F-80-F4"},{"r":"97","t":"22:41:02","h":"Est","s":"25N-H57NV10I-80-I"},{"r":"97","t":"22:41:02","h":"Est","s":"25N-H57NV20I-80-I"},{"r":"97","t":"22:41:02","h":"Est","s":"25S-H57S000I-80-I"},{"r":"97","t":"22:41:02","h":"Est","s":"25S-H57S100F-80-F1"},{"r":"97","t":"22:41:02","h":"Est","s":"25S-H57S200F-80-F2"},{"r":"97","t":"22:53:56","h":"Est","s":"25N-H57N000A-80-A"},{"r":"97","t":"22:53:56","h":"Est","s":"25N-H57NV10A-80-A"},{"r":"97","t":"22:53:56","h":"Est","s":"25N-H57NV20A-80-A"},{"r":"97","t":"22:53:56","h":"Est","s":"25S-H57S000A-80-A"},{"r":"97","t":"22:56:09","h":"Est","s":"25N-H57N000S-80-S"},{"r":"97","t":"22:56:09","h":"Est","s":"25N-H57NV10S-84-S"},{"r":"97","t":"22:56:09","h":"Est","s":"25N-H57NV20S-80-S"},{"r":"97","t":"22:56:09","h":"Est","s":"25S-H57S000S-82-S"},{"r":"97","t":"23:11:02","h":"Est","s":"25N-H57N000I-80-I"},{"r":"97","t":"23:11:02","h":"Est","s":"25N-H57N100F-80-F1"},{"r":"97","t":"23:11:02","h":"Est","s":"25N-H57N200F-80-F2"},{"r":"97","t":"23:11:02","h":"Est","s":"25N-H57N300F-80-F3"},{"r":"97","t":"23:11:02","h":"Est","s":"25N-H57N400F-80-F4"},{"r":"97","t":"23:11:02","h":"Est","s":"25N-H57NV10I-80-I"},{"r":"97","t":"23:11:02","h":"Est","s":"25N-H57NV20I-80-I"},{"r":"97","t":"23:11:02","h":"Est","s":"25S-H57S000I-80-I"},{"r":"97","t":"23:11:02","h":"Est","s":"25S-H57S100F-80-F1"},{"r":"97","t":"23:11:02","h":"Est","s":"25S-H57S200F-80-F2"},{"r":"97","t":"23:24:09","h":"Est","s":"25N-H57N000A-80-A"},{"r":"97","t":"23:24:09","h":"Est","s":"25N-H57NV10A-80-A"},{"r":"97","t":"23:24:09","h":"Est","s":"25N-H57NV20A-80-A"},{"r":"97","t":"23:24:09","h":"Est","s":"25S-H57S000A-80-A"},{"r":"97","t":"23:26:09","h":"Est","s":"25N-H57N000S-80-S"},{"r":"97","t":"23:26:09","h":"Est","s":"25N-H57NV10S-84-S"},{"r":"97","t":"23:26:09","h":"Est","s":"25N-H57NV20S-80-S"},{"r":"97","t":"23:26:09","h":"Est","s":"25S-H57S000S-82-S"},{"r":"97","t":"23:41:15","h":"Est","s":"25N-H57N000I-80-I"},{"r":"97","t":"23:41:15","h":"Est","s":"25N-H57N100F-80-F1"},{"r":"97","t":"23:41:15","h":"Est","s":"25N-H57N200F-80-F2"},{"r":"97","t":"23:41:15","h":"Est","s":"25N-H57N300F-80-F3"},{"r":"97","t":"23:41:15","h":"Est","s":"25N-H57N400F-80-F4"},{"r":"97","t":"23:41:15","h":"Est","s":"25N-H57NV10I-80-I"},{"r":"97","t":"23:41:15","h":"Est","s":"25N-H57NV20I-80-I"},{"r":"97","t":"23:41:15","h":"Est","s":"25S-H57S000I-80-I"},{"r":"97","t":"23:41:15","h":"Est","s":"25S-H57S100F-80-F1"},{"r":"97","t":"23:41:15","h":"Est","s":"25S-H57S200F-80-F2"},{"r":"97","t":"23:52:09","h":"Est","s":"25N-H57N000A-80-A"},{"r":"97","t":"23:52:09","h":"Est","s":"25N-H57NV10A-80-A"},{"r":"97","t":"23:52:09","h":"Est","s":"25N-H57NV20A-80-A"},{"r":"97","t":"23:52:09","h":"Est","s":"25S-H57S000A-80-A"},{"r":"97","t":"23:57:09","h":"Est","s":"25N-H57N000S-80-S"},{"r":"97","t":"23:57:09","h":"Est","s":"25N-H57NV10S-84-S"},{"r":"97","t":"23:57:09","h":"Est","s":"25N-H57NV20S-80-S"},{"r":"97","t":"23:57:09","h":"Est","s":"25S-H57S000S-82-S"},{"r":"97","t":"24:07:15","h":"Est","s":"25N-H57N000I-80-I"},{"r":"97","t":"24:07:15","h":"Est","s":"25N-H57N100F-80-F1"},{"r":"97","t":"24:07:15","h":"Est","s":"25N-H57N200F-80-F2"},{"r":"97","t":"24:07:15","h":"Est","s":"25N-H57N300F-80-F3"},{"r":"97","t":"24:07:15","h":"Est","s":"25N-H57N400F-80-F4"},{"r":"97","t":"24:07:15","h":"Est","s":"25N-H57NV10I-80-I"},{"r":"97","t":"24:07:15","h":"Est","s":"25N-H57NV20I-80-I"},{"r":"97","t":"24:07:15","h":"Est","s":"25S-H57S000I-80-I"},{"r":"97","t":"24:07:15","h":"Est","s":"25S-H57S100F-80-F1"},{"r":"97","t":"24:07:15","h":"Est","s":"25S-H57S200F-80-F2"},{"r":"97","t":"24:22:09","h":"Est","s":"25N-H57N000A-80-A"},{"r":"97","t":"24:22:09","h":"Est","s":"25N-H57NV10A-80-A"},{"r":"97","t":"24:22:09","h":"Est","s":"25N-H57NV20A-80-A"},{"r":"97","t":"24:22:09","h":"Est","s":"25S-H57S000A-80-A"},{"r":"97","t":"24:24:15","h":"Est","s":"25N-H57N000S-80-S"},{"r":"97","t":"24:24:15","h":"Est","s":"25N-H57NV10S-84-S"},{"r":"97","t":"24:24:15","h":"Est","s":"25N-H57NV20S-80-S"},{"r":"97","t":"24:24:15","h":"Est","s":"25S-H57S000S-82-S"},{"r":"97","t":"24:38:15","h":"Est","s":"25N-H57N000I-80-I"},{"r":"97","t":"24:38:15","h":"Est","s":"25N-H57N100F-80-F1"},{"r":"97","t":"24:38:15","h":"Est","s":"25N-H57N200F-80-F2"},{"r":"97","t":"24:38:15","h":"Est","s":"25N-H57N300F-80-F3"},{"r":"97","t":"24:38:15","h":"Est","s":"25N-H57N400F-80-F4"},{"r":"97","t":"24:38:15","h":"Est","s":"25N-H57NV10I-80-I"},{"r":"97","t":"24:38:15","h":"Est","s":"25N-H57NV20I-80-I"},{"r":"97","t":"24:38:15","h":"Est","s":"25S-H57S000I-80-I"},{"r":"97","t":"24:38:15","h":"Est","s":"25S-H57S100F-80-F1"},{"r":"97","t":"24:38:15","h":"Est","s":"25S-H57S200F-80-F2"},{"r":"97","t":"24:50:09","h":"Est","s":"25N-H57N000A-80-A"},{"r":"97","t":"24:50:09","h":"Est","s":"25N-H57NV10A-80-A"},{"r":"97","t":"24:50:09","h":"Est","s":"25N-H57NV20A-80-A"},{"r":"97","t":"24:50:09","h":"Est","s":"25S-H57S000A-80-A"},{"r":"97","t":"24:52:15","h":"Est","s":"25N-H57N000S-80-S"},{"r":"97","t":"24:52:15","h":"Est","s":"25N-H57NV10S-84-S"},{"r":"97","t":"24:52:15","h":"Est","s":"25N-H57NV20S-80-S"},{"r":"97","t":"24:52:15","h":"Est","s":"25S-H57S000S-82-S"},{"r":"97","t":"25:11:15","h":"Est","s":"25N-H57N000I-80-I"},{"r":"97","t":"25:11:15","h":"Est","s":"25N-H57N100F-80-F1"},{"r":"97","t":"25:11:15","h":"Est","s":"25N-H57N200F-80-F2"},{"r":"97","t":"25:11:15","h":"Est","s":"25N-H57N300F-80-F3"},{"r":"97","t":"25:11:15","h":"Est","s":"25N-H57N400F-80-F4"},{"r":"97","t":"25:11:15","h":"Est","s":"25N-H57NV10I-80-I"},{"r":"97","t":"25:11:15","h":"Est","s":"25N-H57NV20I-80-I"},{"r":"97","t":"25:11:15","h":"Est","s":"25S-H57S000I-80-I"},{"r":"97","t":"25:11:15","h":"Est","s":"25S-H57S100F-80-F1"},{"r":"97","t":"25:11:15","h":"Est","s":"25S-H57S200F-80-F2"},{"r":"97","t":"25:19:15","h":"Est","s":"25N-H57N000S-80-S"},{"r":"97","t":"25:19:15","h":"Est","s":"25N-H57NV10S-84-S"},{"r":"97","t":"25:19:15","h":"Est","s":"25N-H57NV20S-80-S"},{"r":"97","t":"25:19:15","h":"Est","s":"25S-H57S000S-82-S"},{"r":"97","t":"25:22:09","h":"Est","s":"25N-H57N000A-80-A"},{"r":"97","t":"25:22:09","h":"Est","s":"25N-H57NV10A-80-A"},{"r":"97","t":"25:22:09","h":"Est","s":"25N-H57NV20A-80-A"},{"r":"97","t":"25:22:09","h":"Est","s":"25S-H57S000A-80-A"},{"r":"97","t":"25:44:15","h":"Est","s":"25N-H57N000I-80-I"},{"r":"97","t":"25:44:15","h":"Est","s":"25N-H57N100F-80-F1"},{"r":"97","t":"25:44:15","h":"Est","s":"25N-H57N200F-80-F2"},{"r":"97","t":"25:44:15","h":"Est","s":"25N-H57N300F-80-F3"},{"r":"97","t":"25:44:15","h":"Est","s":"25N-H57N400F-80-F4"},{"r":"97","t":"25:44:15","h":"Est","s":"25N-H57NV10I-80-I"},{"r":"97","t":"25:44:15","h":"Est","s":"25N-H57NV20I-80-I"},{"r":"97","t":"25:44:15","h":"Est","s":"25S-H57S000I-80-I"},{"r":"97","t":"25:44:15","h":"Est","s":"25S-H57S100F-80-F1"},{"r":"97","t":"25:44:15","h":"Est","s":"25S-H57S200F-80-F2"},{"r":"97","t":"25:45:15","h":"Est","s":"25N-H57N000S-80-S"},{"r":"97","t":"25:45:15","h":"Est","s":"25N-H57NV10S-84-S"},{"r":"97","t":"25:45:15","h":"Est","s":"25N-H57NV20S-80-S"},{"r":"97","t":"25:45:15","h":"Est","s":"25S-H57S000S-82-S"},{"r":"97","t":"25:51:09","h":"Est","s":"25N-H57N000A-80-A"},{"r":"97","t":"25:51:09","h":"Est","s":"25N-H57NV10A-80-A"},{"r":"97","t":"25:51:09","h":"Est","s":"25N-H57NV20A-80-A"},{"r":"97","t":"25:51:09","h":"Est","s":"25S-H57S000A-80-A"},{"r":"97","t":"26:14:09","h":"Est","s":"25N-H57N000A-80-A"},{"r":"97","t":"26:14:09","h":"Est","s":"25N-H57NV10A-80-A"},{"r":"97","t":"26:14:09","h":"Est","s":"25N-H57NV20A-80-A"},{"r":"97","t":"26:14:09","h":"Est","s":"25S-H57S000A-80-A"}]