[{"r":"150","t":"06:37:00","h":"Ouest","s":"25N-H59N000S-80-S"},{"r":"150","t":"06:37:00","h":"Ouest","s":"25N-H59NV10S-84-S"},{"r":"150","t":"06:37:00","h":"Ouest","s":"25N-H59NV20S-80-S"},{"r":"150","t":"06:37:00","h":"Ouest","s":"25S-H59S000S-81-S"},{"r":"445","t":"07:05:27","h":"Ouest","s":"25N-H55N000S-80-S"},{"r":"445","t":"07:05:27","h":"Ouest","s":"25N-H55N000S-82-S"},{"r":"445","t":"07:05:27","h":"Ouest","s":"25N-H55NV10S-85-S"},{"r":"445","t":"07:05:27","h":"Ouest","s":"25N-H55NV20S-81-S"},{"r":"445","t":"07:05:27","h":"Ouest","s":"25S-H55S000S-82-S"},{"r":"150","t":"07:07:00","h":"Ouest","s":"25N-H59N000S-80-S"},{"r":"150","t":"07:07:00","h":"Ouest","s":"25N-H59NV10S-84-S"},{"r":"150","t":"07:07:00","h":"Ouest","s":"25N-H59NV20S-80-S"},{"r":"150","t":"07:07:00","h":"Ouest","s":"25S-H59S000S-81-S"},{"r":"445","t":"07:17:27","h":"Ouest","s":"25N-H55N000S-80-S"},{"r":"445","t":"07:17:27","h":"Ouest","s":"25N-H55N000S-82-S"},{"r":"445","t":"07:17:27","h":"Ouest","s":"25N-H55NV10S-85-S"},{"r":"445","t":"07:17:27","h":"Ouest","s":"25N-H55NV20S-81-S"},{"r":"445","t":"07:17:27","h":"Ouest","s":"25S-H55S000S-82-S"},{"r":"150","t":"07:31:00","h":"Ouest","s":"25N-H59N000S-80-S"},{"r":"150","t":"07:31:00","h":"Ouest","s":"25N-H59NV10S-84-S"},{"r":"150","t":"07:31:00","h":"Ouest","s":"25N-H59NV20S-80-S"},{"r":"150","t":"07:31:00","h":"Ouest","s":"25S-H59S000S-81-S"},{"r":"445","t":"07:31:27","h":"Ouest","s":"25N-H59N000S-80-S"},{"r":"445","t":"07:31:27","h":"Ouest","s":"25N-H59NV10S-84-S"},{"r":"445","t":"07:31:27","h":"Ouest","s":"25N-H59NV20S-80-S"},{"r":"445","t":"07:31:27","h":"Ouest","s":"25S-H59S000S-81-S"},{"r":"445","t":"07:44:35","h":"Ouest","s":"25N-H59N000S-80-S"},{"r":"445","t":"07:44:35","h":"Ouest","s":"25N-H59NV10S-84-S"},{"r":"445","t":"07:44:35","h":"Ouest","s":"25N-H59NV20S-80-S"},{"r":"445","t":"07:44:35","h":"Ouest","s":"25S-H59S000S-81-S"},{"r":"150","t":"07:57:00","h":"Ouest","s":"25N-H59N000S-80-S"},{"r":"150","t":"07:57:00","h":"Ouest","s":"25N-H59NV10S-84-S"},{"r":"150","t":"07:57:00","h":"Ouest","s":"25N-H59NV20S-80-S"},{"r":"150","t":"07:57:00","h":"Ouest","s":"25S-H59S000S-81-S"},{"r":"445","t":"07:58:35","h":"Ouest","s":"25N-H55N000S-80-S"},{"r":"445","t":"07:58:35","h":"Ouest","s":"25N-H55N000S-82-S"},{"r":"445","t":"07:58:35","h":"Ouest","s":"25N-H55NV10S-85-S"},{"r":"445","t":"07:58:35","h":"Ouest","s":"25N-H55NV20S-81-S"},{"r":"445","t":"07:58:35","h":"Ouest","s":"25S-H55S000S-82-S"},{"r":"445","t":"08:10:35","h":"Ouest","s":"25N-H55N000S-80-S"},{"r":"445","t":"08:10:35","h":"Ouest","s":"25N-H55N000S-82-S"},{"r":"445","t":"08:10:35","h":"Ouest","s":"25N-H55NV10S-85-S"},{"r":"445","t":"08:10:35","h":"Ouest","s":"25N-H55NV20S-81-S"},{"r":"445","t":"08:10:35","h":"Ouest","s":"25S-H55S000S-82-S"},{"r":"150","t":"08:20:00","h":"Ouest","s":"25N-H59N000S-80-S"},{"r":"150","t":"08:20:00","h":"Ouest","s":"25N-H59NV10S-84-S"},{"r":"150","t":"08:20:00","h":"Ouest","s":"25N-H59NV20S-80-S"},{"r":"150","t":"08:20:00","h":"Ouest","s":"25S-H59S000S-81-S"},{"r":"445","t":"08:25:35","h":"Ouest","s":"25N-H55N000S-80-S"},{"r":"445","t":"08:25:35","h":"Ouest","s":"25N-H55N000S-82-S"},{"r":"445","t":"08:25:35","h":"Ouest","s":"25N-H55NV10S-85-S"},{"r":"445","t":"08:25:35","h":"Ouest","s":"25N-H55NV20S-81-S"},{"r":"445","t":"08:25:35","h":"Ouest","s":"25S-H55S000S-82-S"},{"r":"150","t":"08:40:00","h":"Ouest","s":"25N-H59N000S-80-S"},{"r":"150","t":"08:40:00","h":"Ouest","s":"25N-H59NV10S-84-S"},{"r":"150","t":"08:40:00","h":"Ouest","s":"25N-H59NV20S-80-S"},{"r":"150","t":"08:40:00","h":"Ouest","s":"25S-H59S000S-81-S"},{"r":"445","t":"08:40:35","h":"Ouest","s":"25N-H55N000S-80-S"},{"r":"445","t":"08:40:35","h":"Ouest","s":"25N-H55N000S-82-S"},{"r":"445","t":"08:40:35","h":"Ouest","s":"25N-H55NV10S-85-S"},{"r":"445","t":"08:40:35","h":"Ouest","s":"25N-H55NV20S-81-S"},{"r":"445","t":"08:40:35","h":"Ouest","s":"25S-H55S000S-82-S"},{"r":"445","t":"08:54:35","h":"Ouest","s":"25N-H59N000S-80-S"},{"r":"445","t":"08:54:35","h":"Ouest","s":"25N-H59NV10S-84-S"},{"r":"445","t":"08:54:35","h":"Ouest","s":"25N-H59NV20S-80-S"},{"r":"445","t":"08:54:35","h":"Ouest","s":"25S-H59S000S-81-S"},{"r":"150","t":"08:59:00","h":"Ouest","s":"25N-H56N000S-80-S"},{"r":"150","t":"08:59:00","h":"Ouest","s":"25N-H56NV10S-80-S"},{"r":"150","t":"08:59:00","h":"Ouest","s":"25N-H56NV20S-80-S"},{"r":"150","t":"08:59:00","h":"Ouest","s":"25S-H56S000S-80-S"},{"r":"150","t":"09:01:00","h":"Ouest","s":"25N-H59N000I-80-I"},{"r":"150","t":"09:01:00","h":"Ouest","s":"25N-H59N100F-80-F1"},{"r":"150","t":"09:01:00","h":"Ouest","s":"25N-H59N200F-81-F2"},{"r":"150","t":"09:01:00","h":"Ouest","s":"25N-H59N300F-80-F3"},{"r":"150","t":"09:01:00","h":"Ouest","s":"25N-H59N400F-80-F4"},{"r":"150","t":"09:01:00","h":"Ouest","s":"25N-H59NV10I-80-I"},{"r":"150","t":"09:01:00","h":"Ouest","s":"25N-H59NV20I-80-I"},{"r":"150","t":"09:01:00","h":"Ouest","s":"25S-H59S000I-81-I"},{"r":"150","t":"09:01:00","h":"Ouest","s":"25S-H59S100F-81-F1"},{"r":"150","t":"09:01:00","h":"Ouest","s":"25S-H59S200F-81-F2"},{"r":"150","t":"09:03:00","h":"Ouest","s":"25N-H59N000A-80-A"},{"r":"150","t":"09:03:00","h":"Ouest","s":"25N-H59NV10A-80-A"},{"r":"150","t":"09:03:00","h":"Ouest","s":"25N-H59VN20A-80-A"},{"r":"150","t":"09:03:00","h":"Ouest","s":"25S-H59S000A-81-A"},{"r":"445","t":"09:08:35","h":"Ouest","s":"25N-H59N000S-80-S"},{"r":"445","t":"09:08:35","h":"Ouest","s":"25N-H59NV10S-84-S"},{"r":"445","t":"09:08:35","h":"Ouest","s":"25N-H59NV20S-80-S"},{"r":"445","t":"09:08:35","h":"Ouest","s":"25S-H59S000S-81-S"},{"r":"150","t":"09:17:00","h":"Ouest","s":"25N-H59N000S-80-S"},{"r":"150","t":"09:17:00","h":"Ouest","s":"25N-H59NV10S-84-S"},{"r":"150","t":"09:17:00","h":"Ouest","s":"25N-H59NV20S-80-S"},{"r":"150","t":"09:17:00","h":"Ouest","s":"25S-H59S000S-81-S"},{"r":"445","t":"09:21:35","h":"Ouest","s":"25N-H55N000S-80-S"},{"r":"445","t":"09:21:35","h":"Ouest","s":"25N-H55N000S-82-S"},{"r":"445","t":"09:21:35","h":"Ouest","s":"25N-H55NV10S-85-S"},{"r":"445","t":"09:21:35","h":"Ouest","s":"25N-H55NV20S-81-S"},{"r":"445","t":"09:21:35","h":"Ouest","s":"25S-H55S000S-82-S"},{"r":"150","t":"09:27:00","h":"Ouest","s":"25N-H59N000I-80-I"},{"r":"150","t":"09:27:00","h":"Ouest","s":"25N-H59N100F-80-F1"},{"r":"150","t":"09:27:00","h":"Ouest","s":"25N-H59N200F-81-F2"},{"r":"150","t":"09:27:00","h":"Ouest","s":"25N-H59N300F-80-F3"},{"r":"150","t":"09:27:00","h":"Ouest","s":"25N-H59N400F-80-F4"},{"r":"150","t":"09:27:00","h":"Ouest","s":"25N-H59NV10I-80-I"},{"r":"150","t":"09:27:00","h":"Ouest","s":"25N-H59NV20I-80-I"},{"r":"150","t":"09:27:00","h":"Ouest","s":"25S-H59S000I-81-I"},{"r":"150","t":"09:27:00","h":"Ouest","s":"25S-H59S100F-81-F1"},{"r":"150","t":"09:27:00","h":"Ouest","s":"25S-H59S200F-81-F2"},{"r":"150","t":"09:30:00","h":"Ouest","s":"25N-H59N000A-80-A"},{"r":"150","t":"09:30:00","h":"Ouest","s":"25N-H59NV10A-80-A"},{"r":"150","t":"09:30:00","h":"Ouest","s":"25N-H59VN20A-80-A"},{"r":"150","t":"09:30:00","h":"Ouest","s":"25S-H59S000A-81-A"},{"r":"150","t":"09:35:00","h":"Ouest","s":"25N-H59N000S-80-S"},{"r":"150","t":"09:35:00","h":"Ouest","s":"25N-H59NV10S-84-S"},{"r":"150","t":"09:35:00","h":"Ouest","s":"25N-H59NV20S-80-S"},{"r":"150","t":"09:35:00","h":"Ouest","s":"25S-H59S000S-81-S"},{"r":"445","t":"09:36:35","h":"Ouest","s":"25N-H59N000S-80-S"},{"r":"445","t":"09:36:35","h":"Ouest","s":"25N-H59NV10S-84-S"},{"r":"445","t":"09:36:35","h":"Ouest","s":"25N-H59NV20S-80-S"},{"r":"445","t":"09:36:35","h":"Ouest","s":"25S-H59S000S-81-S"},{"r":"150","t":"09:52:00","h":"Ouest","s":"25N-H59N000I-80-I"},{"r":"150","t":"09:52:00","h":"Ouest","s":"25N-H59N000S-80-S"},{"r":"150","t":"09:52:00","h":"Ouest","s":"25N-H59N100F-80-F1"},{"r":"150","t":"09:52:00","h":"Ouest","s":"25N-H59N200F-81-F2"},{"r":"150","t":"09:52:00","h":"Ouest","s":"25N-H59N300F-80-F3"},{"r":"150","t":"09:52:00","h":"Ouest","s":"25N-H59N400F-80-F4"},{"r":"150","t":"09:52:00","h":"Ouest","s":"25N-H59NV10I-80-I"},{"r":"150","t":"09:52:00","h":"Ouest","s":"25N-H59NV10S-84-S"},{"r":"150","t":"09:52:00","h":"Ouest","s":"25N-H59NV20I-80-I"},{"r":"150","t":"09:52:00","h":"Ouest","s":"25N-H59NV20S-80-S"},{"r":"150","t":"09:52:00","h":"Ouest","s":"25S-H59S000I-81-I"},{"r":"150","t":"09:52:00","h":"Ouest","s":"25S-H59S000S-81-S"},{"r":"150","t":"09:52:00","h":"Ouest","s":"25S-H59S100F-81-F1"},{"r":"150","t":"09:52:00","h":"Ouest","s":"25S-H59S200F-81-F2"},{"r":"150","t":"09:56:00","h":"Ouest","s":"25N-H59N000A-80-A"},{"r":"150","t":"09:56:00","h":"Ouest","s":"25N-H59NV10A-80-A"},{"r":"150","t":"09:56:00","h":"Ouest","s":"25N-H59VN20A-80-A"},{"r":"150","t":"09:56:00","h":"Ouest","s":"25S-H59S000A-81-A"},{"r":"150","t":"10:10:00","h":"Ouest","s":"25N-H59N000I-80-I"},{"r":"150","t":"10:10:00","h":"Ouest","s":"25N-H59N100F-80-F1"},{"r":"150","t":"10:10:00","h":"Ouest","s":"25N-H59N200F-81-F2"},{"r":"150","t":"10:10:00","h":"Ouest","s":"25N-H59N300F-80-F3"},{"r":"150","t":"10:10:00","h":"Ouest","s":"25N-H59N400F-80-F4"},{"r":"150","t":"10:10:00","h":"Ouest","s":"25N-H59NV10I-80-I"},{"r":"150","t":"10:10:00","h":"Ouest","s":"25N-H59NV20I-80-I"},{"r":"150","t":"10:10:00","h":"Ouest","s":"25S-H59S000I-81-I"},{"r":"150","t":"10:10:00","h":"Ouest","s":"25S-H59S100F-81-F1"},{"r":"150","t":"10:10:00","h":"Ouest","s":"25S-H59S200F-81-F2"},{"r":"150","t":"10:11:00","h":"Ouest","s":"25N-H59N000S-80-S"},{"r":"150","t":"10:11:00","h":"Ouest","s":"25N-H59NV10S-84-S"},{"r":"150","t":"10:11:00","h":"Ouest","s":"25N-H59NV20S-80-S"},{"r":"150","t":"10:11:00","h":"Ouest","s":"25S-H59S000S-81-S"},{"r":"150","t":"10:13:00","h":"Ouest","s":"25N-H59N000A-80-A"},{"r":"150","t":"10:13:00","h":"Ouest","s":"25N-H59NV10A-80-A"},{"r":"150","t":"10:13:00","h":"Ouest","s":"25N-H59VN20A-80-A"},{"r":"150","t":"10:13:00","h":"Ouest","s":"25S-H59S000A-81-A"},{"r":"150","t":"10:28:00","h":"Ouest","s":"25N-H59N000I-80-I"},{"r":"150","t":"10:28:00","h":"Ouest","s":"25N-H59N100F-80-F1"},{"r":"150","t":"10:28:00","h":"Ouest","s":"25N-H59N200F-81-F2"},{"r":"150","t":"10:28:00","h":"Ouest","s":"25N-H59N300F-80-F3"},{"r":"150","t":"10:28:00","h":"Ouest","s":"25N-H59N400F-80-F4"},{"r":"150","t":"10:28:00","h":"Ouest","s":"25N-H59NV10I-80-I"},{"r":"150","t":"10:28:00","h":"Ouest","s":"25N-H59NV20I-80-I"},{"r":"150","t":"10:28:00","h":"Ouest","s":"25S-H59S000I-81-I"},{"r":"150","t":"10:28:00","h":"Ouest","s":"25S-H59S100F-81-F1"},{"r":"150","t":"10:28:00","h":"Ouest","s":"25S-H59S200F-81-F2"},{"r":"150","t":"10:30:00","h":"Ouest","s":"25N-H59N000A-80-A"},{"r":"150","t":"10:30:00","h":"Ouest","s":"25N-H59N000S-80-S"},{"r":"150","t":"10:30:00","h":"Ouest","s":"25N-H59NV10A-80-A"},{"r":"150","t":"10:30:00","h":"Ouest","s":"25N-H59NV10S-84-S"},{"r":"150","t":"10:30:00","h":"Ouest","s":"25N-H59NV20S-80-S"},{"r":"150","t":"10:30:00","h":"Ouest","s":"25N-H59VN20A-80-A"},{"r":"150","t":"10:30:00","h":"Ouest","s":"25S-H59S000A-81-A"},{"r":"150","t":"10:30:00","h":"Ouest","s":"25S-H59S000S-81-S"},{"r":"150","t":"10:47:00","h":"Ouest","s":"25N-H59N000I-80-I"},{"r":"150","t":"10:47:00","h":"Ouest","s":"25N-H59N100F-80-F1"},{"r":"150","t":"10:47:00","h":"Ouest","s":"25N-H59N200F-81-F2"},{"r":"150","t":"10:47:00","h":"Ouest","s":"25N-H59N300F-80-F3"},{"r":"150","t":"10:47:00","h":"Ouest","s":"25N-H59N400F-80-F4"},{"r":"150","t":"10:47:00","h":"Ouest","s":"25N-H59NV10I-80-I"},{"r":"150","t":"10:47:00","h":"Ouest","s":"25N-H59NV20I-80-I"},{"r":"150","t":"10:47:00","h":"Ouest","s":"25S-H59S000I-81-I"},{"r":"150","t":"10:47:00","h":"Ouest","s":"25S-H59S100F-81-F1"},{"r":"150","t":"10:47:00","h":"Ouest","s":"25S-H59S200F-81-F2"},{"r":"150","t":"10:50:00","h":"Ouest","s":"25N-H59N000A-80-A"},{"r":"150","t":"10:50:00","h":"Ouest","s":"25N-H59N000S-80-S"},{"r":"150","t":"10:50:00","h":"Ouest","s":"25N-H59NV10A-80-A"},{"r":"150","t":"10:50:00","h":"Ouest","s":"25N-H59NV10S-84-S"},{"r":"150","t":"10:50:00","h":"Ouest","s":"25N-H59NV20S-80-S"},{"r":"150","t":"10:50:00","h":"Ouest","s":"25N-H59VN20A-80-A"},{"r":"150","t":"10:50:00","h":"Ouest","s":"25S-H59S000A-81-A"},{"r":"150","t":"10:50:00","h":"Ouest","s":"25S-H59S000S-81-S"},{"r":"150","t":"11:06:00","h":"Ouest","s":"25N-H59N000I-80-I"},{"r":"150","t":"11:06:00","h":"Ouest","s":"25N-H59N100F-80-F1"},{"r":"150","t":"11:06:00","h":"Ouest","s":"25N-H59N200F-81-F2"},{"r":"150","t":"11:06:00","h":"Ouest","s":"25N-H59N300F-80-F3"},{"r":"150","t":"11:06:00","h":"Ouest","s":"25N-H59N400F-80-F4"},{"r":"150","t":"11:06:00","h":"Ouest","s":"25N-H59NV10I-80-I"},{"r":"150","t":"11:06:00","h":"Ouest","s":"25N-H59NV20I-80-I"},{"r":"150","t":"11:06:00","h":"Ouest","s":"25S-H59S000I-81-I"},{"r":"150","t":"11:06:00","h":"Ouest","s":"25S-H59S100F-81-F1"},{"r":"150","t":"11:06:00","h":"Ouest","s":"25S-H59S200F-81-F2"},{"r":"150","t":"11:09:00","h":"Ouest","s":"25N-H59N000A-80-A"},{"r":"150","t":"11:09:00","h":"Ouest","s":"25N-H59N000S-80-S"},{"r":"150","t":"11:09:00","h":"Ouest","s":"25N-H59NV10A-80-A"},{"r":"150","t":"11:09:00","h":"Ouest","s":"25N-H59NV10S-84-S"},{"r":"150","t":"11:09:00","h":"Ouest","s":"25N-H59NV20S-80-S"},{"r":"150","t":"11:09:00","h":"Ouest","s":"25N-H59VN20A-80-A"},{"r":"150","t":"11:09:00","h":"Ouest","s":"25S-H59S000A-81-A"},{"r":"150","t":"11:09:00","h":"Ouest","s":"25S-H59S000S-81-S"},{"r":"150","t":"11:25:00","h":"Ouest","s":"25N-H59N000I-80-I"},{"r":"150","t":"11:25:00","h":"Ouest","s":"25N-H59N100F-80-F1"},{"r":"150","t":"11:25:00","h":"Ouest","s":"25N-H59N200F-81-F2"},{"r":"150","t":"11:25:00","h":"Ouest","s":"25N-H59N300F-80-F3"},{"r":"150","t":"11:25:00","h":"Ouest","s":"25N-H59N400F-80-F4"},{"r":"150","t":"11:25:00","h":"Ouest","s":"25N-H59NV10I-80-I"},{"r":"150","t":"11:25:00","h":"Ouest","s":"25N-H59NV20I-80-I"},{"r":"150","t":"11:25:00","h":"Ouest","s":"25S-H59S000I-81-I"},{"r":"150","t":"11:25:00","h":"Ouest","s":"25S-H59S100F-81-F1"},{"r":"150","t":"11:25:00","h":"Ouest","s":"25S-H59S200F-81-F2"},{"r":"150","t":"11:29:00","h":"Ouest","s":"25N-H59N000A-80-A"},{"r":"150","t":"11:29:00","h":"Ouest","s":"25N-H59N000S-80-S"},{"r":"150","t":"11:29:00","h":"Ouest","s":"25N-H59NV10A-80-A"},{"r":"150","t":"11:29:00","h":"Ouest","s":"25N-H59NV10S-84-S"},{"r":"150","t":"11:29:00","h":"Ouest","s":"25N-H59NV20S-80-S"},{"r":"150","t":"11:29:00","h":"Ouest","s":"25N-H59VN20A-80-A"},{"r":"150","t":"11:29:00","h":"Ouest","s":"25S-H59S000A-81-A"},{"r":"150","t":"11:29:00","h":"Ouest","s":"25S-H59S000S-81-S"},{"r":"150","t":"11:45:00","h":"Ouest","s":"25N-H59N000I-80-I"},{"r":"150","t":"11:45:00","h":"Ouest","s":"25N-H59N100F-80-F1"},{"r":"150","t":"11:45:00","h":"Ouest","s":"25N-H59N200F-81-F2"},{"r":"150","t":"11:45:00","h":"Ouest","s":"25N-H59N300F-80-F3"},{"r":"150","t":"11:45:00","h":"Ouest","s":"25N-H59N400F-80-F4"},{"r":"150","t":"11:45:00","h":"Ouest","s":"25N-H59NV10I-80-I"},{"r":"150","t":"11:45:00","h":"Ouest","s":"25N-H59NV20I-80-I"},{"r":"150","t":"11:45:00","h":"Ouest","s":"25S-H59S000I-81-I"},{"r":"150","t":"11:45:00","h":"Ouest","s":"25S-H59S100F-81-F1"},{"r":"150","t":"11:45:00","h":"Ouest","s":"25S-H59S200F-81-F2"},{"r":"150","t":"11:48:00","h":"Ouest","s":"25N-H59N000A-80-A"},{"r":"150","t":"11:48:00","h":"Ouest","s":"25N-H59NV10A-80-A"},{"r":"150","t":"11:48:00","h":"Ouest","s":"25N-H59VN20A-80-A"},{"r":"150","t":"11:48:00","h":"Ouest","s":"25S-H59S000A-81-A"},{"r":"150","t":"11:50:00","h":"Ouest","s":"25N-H59N000S-80-S"},{"r":"150","t":"11:50:00","h":"Ouest","s":"25N-H59NV10S-84-S"},{"r":"150","t":"11:50:00","h":"Ouest","s":"25N-H59NV20S-80-S"},{"r":"150","t":"11:50:00","h":"Ouest","s":"25S-H59S000S-81-S"},{"r":"150","t":"12:04:00","h":"Ouest","s":"25N-H59N000I-80-I"},{"r":"150","t":"12:04:00","h":"Ouest","s":"25N-H59N100F-80-F1"},{"r":"150","t":"12:04:00","h":"Ouest","s":"25N-H59N200F-81-F2"},{"r":"150","t":"12:04:00","h":"Ouest","s":"25N-H59N300F-80-F3"},{"r":"150","t":"12:04:00","h":"Ouest","s":"25N-H59N400F-80-F4"},{"r":"150","t":"12:04:00","h":"Ouest","s":"25N-H59NV10I-80-I"},{"r":"150","t":"12:04:00","h":"Ouest","s":"25N-H59NV20I-80-I"},{"r":"150","t":"12:04:00","h":"Ouest","s":"25S-H59S000I-81-I"},{"r":"150","t":"12:04:00","h":"Ouest","s":"25S-H59S100F-81-F1"},{"r":"150","t":"12:04:00","h":"Ouest","s":"25S-H59S200F-81-F2"},{"r":"150","t":"12:07:00","h":"Ouest","s":"25N-H59N000A-80-A"},{"r":"150","t":"12:07:00","h":"Ouest","s":"25N-H59NV10A-80-A"},{"r":"150","t":"12:07:00","h":"Ouest","s":"25N-H59VN20A-80-A"},{"r":"150","t":"12:07:00","h":"Ouest","s":"25S-H59S000A-81-A"},{"r":"150","t":"12:11:00","h":"Ouest","s":"25N-H59N000S-80-S"},{"r":"150","t":"12:11:00","h":"Ouest","s":"25N-H59NV10S-84-S"},{"r":"150","t":"12:11:00","h":"Ouest","s":"25N-H59NV20S-80-S"},{"r":"150","t":"12:11:00","h":"Ouest","s":"25S-H59S000S-81-S"},{"r":"150","t":"12:24:00","h":"Ouest","s":"25N-H59N000I-80-I"},{"r":"150","t":"12:24:00","h":"Ouest","s":"25N-H59N100F-80-F1"},{"r":"150","t":"12:24:00","h":"Ouest","s":"25N-H59N200F-81-F2"},{"r":"150","t":"12:24:00","h":"Ouest","s":"25N-H59N300F-80-F3"},{"r":"150","t":"12:24:00","h":"Ouest","s":"25N-H59N400F-80-F4"},{"r":"150","t":"12:24:00","h":"Ouest","s":"25N-H59NV10I-80-I"},{"r":"150","t":"12:24:00","h":"Ouest","s":"25N-H59NV20I-80-I"},{"r":"150","t":"12:24:00","h":"Ouest","s":"25S-H59S000I-81-I"},{"r":"150","t":"12:24:00","h":"Ouest","s":"25S-H59S100F-81-F1"},{"r":"150","t":"12:24:00","h":"Ouest","s":"25S-H59S200F-81-F2"},{"r":"150","t":"12:27:00","h":"Ouest","s":"25N-H59N000A-80-A"},{"r":"150","t":"12:27:00","h":"Ouest","s":"25N-H59NV10A-80-A"},{"r":"150","t":"12:27:00","h":"Ouest","s":"25N-H59VN20A-80-A"},{"r":"150","t":"12:27:00","h":"Ouest","s":"25S-H59S000A-81-A"},{"r":"150","t":"12:32:00","h":"Ouest","s":"25N-H59N000S-80-S"},{"r":"150","t":"12:32:00","h":"Ouest","s":"25N-H59NV10S-84-S"},{"r":"150","t":"12:32:00","h":"Ouest","s":"25N-H59NV20S-80-S"},{"r":"150","t":"12:32:00","h":"Ouest","s":"25S-H59S000S-81-S"},{"r":"150","t":"12:44:00","h":"Ouest","s":"25N-H59N000I-80-I"},{"r":"150","t":"12:44:00","h":"Ouest","s":"25N-H59N100F-80-F1"},{"r":"150","t":"12:44:00","h":"Ouest","s":"25N-H59N200F-81-F2"},{"r":"150","t":"12:44:00","h":"Ouest","s":"25N-H59N300F-80-F3"},{"r":"150","t":"12:44:00","h":"Ouest","s":"25N-H59N400F-80-F4"},{"r":"150","t":"12:44:00","h":"Ouest","s":"25N-H59NV10I-80-I"},{"r":"150","t":"12:44:00","h":"Ouest","s":"25N-H59NV20I-80-I"},{"r":"150","t":"12:44:00","h":"Ouest","s":"25S-H59S000I-81-I"},{"r":"150","t":"12:44:00","h":"Ouest","s":"25S-H59S100F-81-F1"},{"r":"150","t":"12:44:00","h":"Ouest","s":"25S-H59S200F-81-F2"},{"r":"150","t":"12:46:00","h":"Ouest","s":"25N-H59N000A-80-A"},{"r":"150","t":"12:46:00","h":"Ouest","s":"25N-H59NV10A-80-A"},{"r":"150","t":"12:46:00","h":"Ouest","s":"25N-H59VN20A-80-A"},{"r":"150","t":"12:46:00","h":"Ouest","s":"25S-H59S000A-81-A"},{"r":"150","t":"12:52:00","h":"Ouest","s":"25N-H59N000S-80-S"},{"r":"150","t":"12:52:00","h":"Ouest","s":"25N-H59NV10S-84-S"},{"r":"150","t":"12:52:00","h":"Ouest","s":"25N-H59NV20S-80-S"},{"r":"150","t":"12:52:00","h":"Ouest","s":"25S-H59S000S-81-S"},{"r":"150","t":"13:05:00","h":"Ouest","s":"25N-H59N000I-80-I"},{"r":"150","t":"13:05:00","h":"Ouest","s":"25N-H59N100F-80-F1"},{"r":"150","t":"13:05:00","h":"Ouest","s":"25N-H59N200F-81-F2"},{"r":"150","t":"13:05:00","h":"Ouest","s":"25N-H59N300F-80-F3"},{"r":"150","t":"13:05:00","h":"Ouest","s":"25N-H59N400F-80-F4"},{"r":"150","t":"13:05:00","h":"Ouest","s":"25N-H59NV10I-80-I"},{"r":"150","t":"13:05:00","h":"Ouest","s":"25N-H59NV20I-80-I"},{"r":"150","t":"13:05:00","h":"Ouest","s":"25S-H59S000I-81-I"},{"r":"150","t":"13:05:00","h":"Ouest","s":"25S-H59S100F-81-F1"},{"r":"150","t":"13:05:00","h":"Ouest","s":"25S-H59S200F-81-F2"},{"r":"150","t":"13:06:00","h":"Ouest","s":"25N-H59N000A-80-A"},{"r":"150","t":"13:06:00","h":"Ouest","s":"25N-H59NV10A-80-A"},{"r":"150","t":"13:06:00","h":"Ouest","s":"25N-H59VN20A-80-A"},{"r":"150","t":"13:06:00","h":"Ouest","s":"25S-H59S000A-81-A"},{"r":"150","t":"13:12:00","h":"Ouest","s":"25N-H59N000S-80-S"},{"r":"150","t":"13:12:00","h":"Ouest","s":"25N-H59NV10S-84-S"},{"r":"150","t":"13:12:00","h":"Ouest","s":"25N-H59NV20S-80-S"},{"r":"150","t":"13:12:00","h":"Ouest","s":"25S-H59S000S-81-S"},{"r":"150","t":"13:25:00","h":"Ouest","s":"25N-H59N000I-80-I"},{"r":"150","t":"13:25:00","h":"Ouest","s":"25N-H59N100F-80-F1"},{"r":"150","t":"13:25:00","h":"Ouest","s":"25N-H59N200F-81-F2"},{"r":"150","t":"13:25:00","h":"Ouest","s":"25N-H59N300F-80-F3"},{"r":"150","t":"13:25:00","h":"Ouest","s":"25N-H59N400F-80-F4"},{"r":"150","t":"13:25:00","h":"Ouest","s":"25N-H59NV10I-80-I"},{"r":"150","t":"13:25:00","h":"Ouest","s":"25N-H59NV20I-80-I"},{"r":"150","t":"13:25:00","h":"Ouest","s":"25S-H59S000I-81-I"},{"r":"150","t":"13:25:00","h":"Ouest","s":"25S-H59S100F-81-F1"},{"r":"150","t":"13:25:00","h":"Ouest","s":"25S-H59S200F-81-F2"},{"r":"150","t":"13:26:00","h":"Ouest","s":"25N-H59N000A-80-A"},{"r":"150","t":"13:26:00","h":"Ouest","s":"25N-H59NV10A-80-A"},{"r":"150","t":"13:26:00","h":"Ouest","s":"25N-H59VN20A-80-A"},{"r":"150","t":"13:26:00","h":"Ouest","s":"25S-H59S000A-81-A"},{"r":"150","t":"13:32:00","h":"Ouest","s":"25N-H59N000S-80-S"},{"r":"150","t":"13:32:00","h":"Ouest","s":"25N-H59NV10S-84-S"},{"r":"150","t":"13:32:00","h":"Ouest","s":"25N-H59NV20S-80-S"},{"r":"150","t":"13:32:00","h":"Ouest","s":"25S-H59S000S-81-S"},{"r":"150","t":"13:45:00","h":"Ouest","s":"25N-H59N000I-80-I"},{"r":"150","t":"13:45:00","h":"Ouest","s":"25N-H59N100F-80-F1"},{"r":"150","t":"13:45:00","h":"Ouest","s":"25N-H59N200F-81-F2"},{"r":"150","t":"13:45:00","h":"Ouest","s":"25N-H59N300F-80-F3"},{"r":"150","t":"13:45:00","h":"Ouest","s":"25N-H59N400F-80-F4"},{"r":"150","t":"13:45:00","h":"Ouest","s":"25N-H59NV10I-80-I"},{"r":"150","t":"13:45:00","h":"Ouest","s":"25N-H59NV20I-80-I"},{"r":"150","t":"13:45:00","h":"Ouest","s":"25S-H59S000I-81-I"},{"r":"150","t":"13:45:00","h":"Ouest","s":"25S-H59S100F-81-F1"},{"r":"150","t":"13:45:00","h":"Ouest","s":"25S-H59S200F-81-F2"},{"r":"150","t":"13:46:00","h":"Ouest","s":"25N-H59N000A-80-A"},{"r":"150","t":"13:46:00","h":"Ouest","s":"25N-H59NV10A-80-A"},{"r":"150","t":"13:46:00","h":"Ouest","s":"25N-H59VN20A-80-A"},{"r":"150","t":"13:46:00","h":"Ouest","s":"25S-H59S000A-81-A"},{"r":"150","t":"13:52:00","h":"Ouest","s":"25N-H59N000S-80-S"},{"r":"150","t":"13:52:00","h":"Ouest","s":"25N-H59NV10S-84-S"},{"r":"150","t":"13:52:00","h":"Ouest","s":"25N-H59NV20S-80-S"},{"r":"150","t":"13:52:00","h":"Ouest","s":"25S-H59S000S-81-S"},{"r":"150","t":"14:06:00","h":"Ouest","s":"25N-H59N000I-80-I"},{"r":"150","t":"14:06:00","h":"Ouest","s":"25N-H59N100F-80-F1"},{"r":"150","t":"14:06:00","h":"Ouest","s":"25N-H59N200F-81-F2"},{"r":"150","t":"14:06:00","h":"Ouest","s":"25N-H59N300F-80-F3"},{"r":"150","t":"14:06:00","h":"Ouest","s":"25N-H59N400F-80-F4"},{"r":"150","t":"14:06:00","h":"Ouest","s":"25N-H59NV10I-80-I"},{"r":"150","t":"14:06:00","h":"Ouest","s":"25N-H59NV20I-80-I"},{"r":"150","t":"14:06:00","h":"Ouest","s":"25S-H59S000I-81-I"},{"r":"150","t":"14:06:00","h":"Ouest","s":"25S-H59S100F-81-F1"},{"r":"150","t":"14:06:00","h":"Ouest","s":"25S-H59S200F-81-F2"},{"r":"150","t":"14:08:00","h":"Ouest","s":"25N-H59N000A-80-A"},{"r":"150","t":"14:08:00","h":"Ouest","s":"25N-H59NV10A-80-A"},{"r":"150","t":"14:08:00","h":"Ouest","s":"25N-H59VN20A-80-A"},{"r":"150","t":"14:08:00","h":"Ouest","s":"25S-H59S000A-81-A"},{"r":"150","t":"14:12:00","h":"Ouest","s":"25N-H59N000S-80-S"},{"r":"150","t":"14:12:00","h":"Ouest","s":"25N-H59NV10S-84-S"},{"r":"150","t":"14:12:00","h":"Ouest","s":"25N-H59NV20S-80-S"},{"r":"150","t":"14:12:00","h":"Ouest","s":"25S-H59S000S-81-S"},{"r":"150","t":"14:26:00","h":"Ouest","s":"25N-H59N000I-80-I"},{"r":"150","t":"14:26:00","h":"Ouest","s":"25N-H59N100F-80-F1"},{"r":"150","t":"14:26:00","h":"Ouest","s":"25N-H59N200F-81-F2"},{"r":"150","t":"14:26:00","h":"Ouest","s":"25N-H59N300F-80-F3"},{"r":"150","t":"14:26:00","h":"Ouest","s":"25N-H59N400F-80-F4"},{"r":"150","t":"14:26:00","h":"Ouest","s":"25N-H59NV10I-80-I"},{"r":"150","t":"14:26:00","h":"Ouest","s":"25N-H59NV20I-80-I"},{"r":"150","t":"14:26:00","h":"Ouest","s":"25S-H59S000I-81-I"},{"r":"150","t":"14:26:00","h":"Ouest","s":"25S-H59S100F-81-F1"},{"r":"150","t":"14:26:00","h":"Ouest","s":"25S-H59S200F-81-F2"},{"r":"150","t":"14:28:00","h":"Ouest","s":"25N-H59N000A-80-A"},{"r":"150","t":"14:28:00","h":"Ouest","s":"25N-H59NV10A-80-A"},{"r":"150","t":"14:28:00","h":"Ouest","s":"25N-H59VN20A-80-A"},{"r":"150","t":"14:28:00","h":"Ouest","s":"25S-H59S000A-81-A"},{"r":"150","t":"14:33:00","h":"Ouest","s":"25N-H59N000S-80-S"},{"r":"150","t":"14:33:00","h":"Ouest","s":"25N-H59NV10S-84-S"},{"r":"150","t":"14:33:00","h":"Ouest","s":"25N-H59NV20S-80-S"},{"r":"150","t":"14:33:00","h":"Ouest","s":"25S-H59S000S-81-S"},{"r":"150","t":"14:47:00","h":"Ouest","s":"25N-H59N000I-80-I"},{"r":"150","t":"14:47:00","h":"Ouest","s":"25N-H59N100F-80-F1"},{"r":"150","t":"14:47:00","h":"Ouest","s":"25N-H59N200F-81-F2"},{"r":"150","t":"14:47:00","h":"Ouest","s":"25N-H59N300F-80-F3"},{"r":"150","t":"14:47:00","h":"Ouest","s":"25N-H59N400F-80-F4"},{"r":"150","t":"14:47:00","h":"Ouest","s":"25N-H59NV10I-80-I"},{"r":"150","t":"14:47:00","h":"Ouest","s":"25N-H59NV20I-80-I"},{"r":"150","t":"14:47:00","h":"Ouest","s":"25S-H59S000I-81-I"},{"r":"150","t":"14:47:00","h":"Ouest","s":"25S-H59S100F-81-F1"},{"r":"150","t":"14:47:00","h":"Ouest","s":"25S-H59S200F-81-F2"},{"r":"150","t":"14:49:00","h":"Ouest","s":"25N-H59N000A-80-A"},{"r":"150","t":"14:49:00","h":"Ouest","s":"25N-H59NV10A-80-A"},{"r":"150","t":"14:49:00","h":"Ouest","s":"25N-H59VN20A-80-A"},{"r":"150","t":"14:49:00","h":"Ouest","s":"25S-H59S000A-81-A"},{"r":"150","t":"14:53:00","h":"Ouest","s":"25N-H59N000S-80-S"},{"r":"150","t":"14:53:00","h":"Ouest","s":"25N-H59NV10S-84-S"},{"r":"150","t":"14:53:00","h":"Ouest","s":"25N-H59NV20S-80-S"},{"r":"150","t":"14:53:00","h":"Ouest","s":"25S-H59S000S-81-S"},{"r":"150","t":"15:08:00","h":"Ouest","s":"25N-H59N000I-80-I"},{"r":"150","t":"15:08:00","h":"Ouest","s":"25N-H59N100F-80-F1"},{"r":"150","t":"15:08:00","h":"Ouest","s":"25N-H59N200F-81-F2"},{"r":"150","t":"15:08:00","h":"Ouest","s":"25N-H59N300F-80-F3"},{"r":"150","t":"15:08:00","h":"Ouest","s":"25N-H59N400F-80-F4"},{"r":"150","t":"15:08:00","h":"Ouest","s":"25N-H59NV10I-80-I"},{"r":"150","t":"15:08:00","h":"Ouest","s":"25N-H59NV20I-80-I"},{"r":"150","t":"15:08:00","h":"Ouest","s":"25S-H59S000I-81-I"},{"r":"150","t":"15:08:00","h":"Ouest","s":"25S-H59S100F-81-F1"},{"r":"150","t":"15:08:00","h":"Ouest","s":"25S-H59S200F-81-F2"},{"r":"150","t":"15:13:00","h":"Ouest","s":"25N-H59N000A-80-A"},{"r":"150","t":"15:13:00","h":"Ouest","s":"25N-H59N000S-80-S"},{"r":"150","t":"15:13:00","h":"Ouest","s":"25N-H59NV10A-80-A"},{"r":"150","t":"15:13:00","h":"Ouest","s":"25N-H59NV10S-84-S"},{"r":"150","t":"15:13:00","h":"Ouest","s":"25N-H59NV20S-80-S"},{"r":"150","t":"15:13:00","h":"Ouest","s":"25N-H59VN20A-80-A"},{"r":"150","t":"15:13:00","h":"Ouest","s":"25S-H59S000A-81-A"},{"r":"150","t":"15:13:00","h":"Ouest","s":"25S-H59S000S-81-S"},{"r":"150","t":"15:29:00","h":"Ouest","s":"25N-H59N000I-80-I"},{"r":"150","t":"15:29:00","h":"Ouest","s":"25N-H59N100F-80-F1"},{"r":"150","t":"15:29:00","h":"Ouest","s":"25N-H59N200F-81-F2"},{"r":"150","t":"15:29:00","h":"Ouest","s":"25N-H59N300F-80-F3"},{"r":"150","t":"15:29:00","h":"Ouest","s":"25N-H59N400F-80-F4"},{"r":"150","t":"15:29:00","h":"Ouest","s":"25N-H59NV10I-80-I"},{"r":"150","t":"15:29:00","h":"Ouest","s":"25N-H59NV20I-80-I"},{"r":"150","t":"15:29:00","h":"Ouest","s":"25S-H59S000I-81-I"},{"r":"150","t":"15:29:00","h":"Ouest","s":"25S-H59S100F-81-F1"},{"r":"150","t":"15:29:00","h":"Ouest","s":"25S-H59S200F-81-F2"},{"r":"150","t":"15:33:00","h":"Ouest","s":"25N-H59N000S-80-S"},{"r":"150","t":"15:33:00","h":"Ouest","s":"25N-H59NV10S-84-S"},{"r":"150","t":"15:33:00","h":"Ouest","s":"25N-H59NV20S-80-S"},{"r":"150","t":"15:33:00","h":"Ouest","s":"25S-H59S000S-81-S"},{"r":"150","t":"15:34:00","h":"Ouest","s":"25N-H59N000A-80-A"},{"r":"150","t":"15:34:00","h":"Ouest","s":"25N-H59NV10A-80-A"},{"r":"150","t":"15:34:00","h":"Ouest","s":"25N-H59VN20A-80-A"},{"r":"150","t":"15:34:00","h":"Ouest","s":"25S-H59S000A-81-A"},{"r":"150","t":"15:50:00","h":"Ouest","s":"25N-H59N000I-80-I"},{"r":"150","t":"15:50:00","h":"Ouest","s":"25N-H59N100F-80-F1"},{"r":"150","t":"15:50:00","h":"Ouest","s":"25N-H59N200F-81-F2"},{"r":"150","t":"15:50:00","h":"Ouest","s":"25N-H59N300F-80-F3"},{"r":"150","t":"15:50:00","h":"Ouest","s":"25N-H59N400F-80-F4"},{"r":"150","t":"15:50:00","h":"Ouest","s":"25N-H59NV10I-80-I"},{"r":"150","t":"15:50:00","h":"Ouest","s":"25N-H59NV20I-80-I"},{"r":"150","t":"15:50:00","h":"Ouest","s":"25S-H59S000I-81-I"},{"r":"150","t":"15:50:00","h":"Ouest","s":"25S-H59S100F-81-F1"},{"r":"150","t":"15:50:00","h":"Ouest","s":"25S-H59S200F-81-F2"},{"r":"150","t":"15:53:00","h":"Ouest","s":"25N-H59N000S-80-S"},{"r":"150","t":"15:53:00","h":"Ouest","s":"25N-H59NV10S-84-S"},{"r":"150","t":"15:53:00","h":"Ouest","s":"25N-H59NV20S-80-S"},{"r":"150","t":"15:53:00","h":"Ouest","s":"25S-H59S000S-81-S"},{"r":"150","t":"15:55:00","h":"Ouest","s":"25N-H59N000A-80-A"},{"r":"150","t":"15:55:00","h":"Ouest","s":"25N-H59NV10A-80-A"},{"r":"150","t":"15:55:00","h":"Ouest","s":"25N-H59VN20A-80-A"},{"r":"150","t":"15:55:00","h":"Ouest","s":"25S-H59S000A-81-A"},{"r":"150","t":"16:10:00","h":"Ouest","s":"25N-H59N000I-80-I"},{"r":"150","t":"16:10:00","h":"Ouest","s":"25N-H59N100F-80-F1"},{"r":"150","t":"16:10:00","h":"Ouest","s":"25N-H59N200F-81-F2"},{"r":"150","t":"16:10:00","h":"Ouest","s":"25N-H59N300F-80-F3"},{"r":"150","t":"16:10:00","h":"Ouest","s":"25N-H59N400F-80-F4"},{"r":"150","t":"16:10:00","h":"Ouest","s":"25N-H59NV10I-80-I"},{"r":"150","t":"16:10:00","h":"Ouest","s":"25N-H59NV20I-80-I"},{"r":"150","t":"16:10:00","h":"Ouest","s":"25S-H59S000I-81-I"},{"r":"150","t":"16:10:00","h":"Ouest","s":"25S-H59S100F-81-F1"},{"r":"150","t":"16:10:00","h":"Ouest","s":"25S-H59S200F-81-F2"},{"r":"150","t":"16:13:00","h":"Ouest","s":"25N-H59N000S-80-S"},{"r":"150","t":"16:13:00","h":"Ouest","s":"25N-H59NV10S-84-S"},{"r":"150","t":"16:13:00","h":"Ouest","s":"25N-H59NV20S-80-S"},{"r":"150","t":"16:13:00","h":"Ouest","s":"25S-H59S000S-81-S"},{"r":"150","t":"16:19:00","h":"Ouest","s":"25N-H59N000A-80-A"},{"r":"150","t":"16:19:00","h":"Ouest","s":"25N-H59NV10A-80-A"},{"r":"150","t":"16:19:00","h":"Ouest","s":"25N-H59VN20A-80-A"},{"r":"150","t":"16:19:00","h":"Ouest","s":"25S-H59S000A-81-A"},{"r":"150","t":"16:31:00","h":"Ouest","s":"25N-H59N000I-80-I"},{"r":"150","t":"16:31:00","h":"Ouest","s":"25N-H59N100F-80-F1"},{"r":"150","t":"16:31:00","h":"Ouest","s":"25N-H59N200F-81-F2"},{"r":"150","t":"16:31:00","h":"Ouest","s":"25N-H59N300F-80-F3"},{"r":"150","t":"16:31:00","h":"Ouest","s":"25N-H59N400F-80-F4"},{"r":"150","t":"16:31:00","h":"Ouest","s":"25N-H59NV10I-80-I"},{"r":"150","t":"16:31:00","h":"Ouest","s":"25N-H59NV20I-80-I"},{"r":"150","t":"16:31:00","h":"Ouest","s":"25S-H59S000I-81-I"},{"r":"150","t":"16:31:00","h":"Ouest","s":"25S-H59S100F-81-F1"},{"r":"150","t":"16:31:00","h":"Ouest","s":"25S-H59S200F-81-F2"},{"r":"150","t":"16:34:00","h":"Ouest","s":"25N-H59N000S-80-S"},{"r":"150","t":"16:34:00","h":"Ouest","s":"25N-H59NV10S-84-S"},{"r":"150","t":"16:34:00","h":"Ouest","s":"25N-H59NV20S-80-S"},{"r":"150","t":"16:34:00","h":"Ouest","s":"25S-H59S000S-81-S"},{"r":"150","t":"16:39:00","h":"Ouest","s":"25N-H59N000A-80-A"},{"r":"150","t":"16:39:00","h":"Ouest","s":"25N-H59NV10A-80-A"},{"r":"150","t":"16:39:00","h":"Ouest","s":"25N-H59VN20A-80-A"},{"r":"150","t":"16:39:00","h":"Ouest","s":"25S-H59S000A-81-A"},{"r":"150","t":"16:52:00","h":"Ouest","s":"25N-H59N000I-80-I"},{"r":"150","t":"16:52:00","h":"Ouest","s":"25N-H59N100F-80-F1"},{"r":"150","t":"16:52:00","h":"Ouest","s":"25N-H59N200F-81-F2"},{"r":"150","t":"16:52:00","h":"Ouest","s":"25N-H59N300F-80-F3"},{"r":"150","t":"16:52:00","h":"Ouest","s":"25N-H59N400F-80-F4"},{"r":"150","t":"16:52:00","h":"Ouest","s":"25N-H59NV10I-80-I"},{"r":"150","t":"16:52:00","h":"Ouest","s":"25N-H59NV20I-80-I"},{"r":"150","t":"16:52:00","h":"Ouest","s":"25S-H59S000I-81-I"},{"r":"150","t":"16:52:00","h":"Ouest","s":"25S-H59S100F-81-F1"},{"r":"150","t":"16:52:00","h":"Ouest","s":"25S-H59S200F-81-F2"},{"r":"150","t":"16:53:00","h":"Ouest","s":"25N-H59N000S-80-S"},{"r":"150","t":"16:53:00","h":"Ouest","s":"25N-H59NV10S-84-S"},{"r":"150","t":"16:53:00","h":"Ouest","s":"25N-H59NV20S-80-S"},{"r":"150","t":"16:53:00","h":"Ouest","s":"25S-H59S000S-81-S"},{"r":"150","t":"17:00:00","h":"Ouest","s":"25N-H59N000A-80-A"},{"r":"150","t":"17:00:00","h":"Ouest","s":"25N-H59NV10A-80-A"},{"r":"150","t":"17:00:00","h":"Ouest","s":"25N-H59VN20A-80-A"},{"r":"150","t":"17:00:00","h":"Ouest","s":"25S-H59S000A-81-A"},{"r":"150","t":"17:12:00","h":"Ouest","s":"25N-H59N000S-80-S"},{"r":"150","t":"17:12:00","h":"Ouest","s":"25N-H59NV10S-84-S"},{"r":"150","t":"17:12:00","h":"Ouest","s":"25N-H59NV20S-80-S"},{"r":"150","t":"17:12:00","h":"Ouest","s":"25S-H59S000S-81-S"},{"r":"150","t":"17:13:00","h":"Ouest","s":"25N-H59N000I-80-I"},{"r":"150","t":"17:13:00","h":"Ouest","s":"25N-H59N100F-80-F1"},{"r":"150","t":"17:13:00","h":"Ouest","s":"25N-H59N200F-81-F2"},{"r":"150","t":"17:13:00","h":"Ouest","s":"25N-H59N300F-80-F3"},{"r":"150","t":"17:13:00","h":"Ouest","s":"25N-H59N400F-80-F4"},{"r":"150","t":"17:13:00","h":"Ouest","s":"25N-H59NV10I-80-I"},{"r":"150","t":"17:13:00","h":"Ouest","s":"25N-H59NV20I-80-I"},{"r":"150","t":"17:13:00","h":"Ouest","s":"25S-H59S000I-81-I"},{"r":"150","t":"17:13:00","h":"Ouest","s":"25S-H59S100F-81-F1"},{"r":"150","t":"17:13:00","h":"Ouest","s":"25S-H59S200F-81-F2"},{"r":"150","t":"17:23:00","h":"Ouest","s":"25N-H59N000A-80-A"},{"r":"150","t":"17:23:00","h":"Ouest","s":"25N-H59NV10A-80-A"},{"r":"150","t":"17:23:00","h":"Ouest","s":"25N-H59VN20A-80-A"},{"r":"150","t":"17:23:00","h":"Ouest","s":"25S-H59S000A-81-A"},{"r":"150","t":"17:32:00","h":"Ouest","s":"25N-H59N000S-80-S"},{"r":"150","t":"17:32:00","h":"Ouest","s":"25N-H59NV10S-84-S"},{"r":"150","t":"17:32:00","h":"Ouest","s":"25N-H59NV20S-80-S"},{"r":"150","t":"17:32:00","h":"Ouest","s":"25S-H59S000S-81-S"},{"r":"150","t":"17:34:00","h":"Ouest","s":"25N-H59N000I-80-I"},{"r":"150","t":"17:34:00","h":"Ouest","s":"25N-H59N100F-80-F1"},{"r":"150","t":"17:34:00","h":"Ouest","s":"25N-H59N200F-81-F2"},{"r":"150","t":"17:34:00","h":"Ouest","s":"25N-H59N300F-80-F3"},{"r":"150","t":"17:34:00","h":"Ouest","s":"25N-H59N400F-80-F4"},{"r":"150","t":"17:34:00","h":"Ouest","s":"25N-H59NV10I-80-I"},{"r":"150","t":"17:34:00","h":"Ouest","s":"25N-H59NV20I-80-I"},{"r":"150","t":"17:34:00","h":"Ouest","s":"25S-H59S000I-81-I"},{"r":"150","t":"17:34:00","h":"Ouest","s":"25S-H59S100F-81-F1"},{"r":"150","t":"17:34:00","h":"Ouest","s":"25S-H59S200F-81-F2"},{"r":"150","t":"17:43:00","h":"Ouest","s":"25N-H59N000A-80-A"},{"r":"150","t":"17:43:00","h":"Ouest","s":"25N-H59NV10A-80-A"},{"r":"150","t":"17:43:00","h":"Ouest","s":"25N-H59VN20A-80-A"},{"r":"150","t":"17:43:00","h":"Ouest","s":"25S-H59S000A-81-A"},{"r":"150","t":"17:51:00","h":"Ouest","s":"25N-H59N000S-80-S"},{"r":"150","t":"17:51:00","h":"Ouest","s":"25N-H59NV10S-84-S"},{"r":"150","t":"17:51:00","h":"Ouest","s":"25N-H59NV20S-80-S"},{"r":"150","t":"17:51:00","h":"Ouest","s":"25S-H59S000S-81-S"},{"r":"150","t":"17:54:00","h":"Ouest","s":"25N-H59N000I-80-I"},{"r":"150","t":"17:54:00","h":"Ouest","s":"25N-H59N100F-80-F1"},{"r":"150","t":"17:54:00","h":"Ouest","s":"25N-H59N200F-81-F2"},{"r":"150","t":"17:54:00","h":"Ouest","s":"25N-H59N300F-80-F3"},{"r":"150","t":"17:54:00","h":"Ouest","s":"25N-H59N400F-80-F4"},{"r":"150","t":"17:54:00","h":"Ouest","s":"25N-H59NV10I-80-I"},{"r":"150","t":"17:54:00","h":"Ouest","s":"25N-H59NV20I-80-I"},{"r":"150","t":"17:54:00","h":"Ouest","s":"25S-H59S000I-81-I"},{"r":"150","t":"17:54:00","h":"Ouest","s":"25S-H59S100F-81-F1"},{"r":"150","t":"17:54:00","h":"Ouest","s":"25S-H59S200F-81-F2"},{"r":"150","t":"18:05:00","h":"Ouest","s":"25N-H59N000A-80-A"},{"r":"150","t":"18:05:00","h":"Ouest","s":"25N-H59NV10A-80-A"},{"r":"150","t":"18:05:00","h":"Ouest","s":"25N-H59VN20A-80-A"},{"r":"150","t":"18:05:00","h":"Ouest","s":"25S-H59S000A-81-A"},{"r":"150","t":"18:11:00","h":"Ouest","s":"25N-H59N000S-80-S"},{"r":"150","t":"18:11:00","h":"Ouest","s":"25N-H59NV10S-84-S"},{"r":"150","t":"18:11:00","h":"Ouest","s":"25N-H59NV20S-80-S"},{"r":"150","t":"18:11:00","h":"Ouest","s":"25S-H59S000S-81-S"},{"r":"150","t":"18:13:00","h":"Ouest","s":"25N-H59N000I-80-I"},{"r":"150","t":"18:13:00","h":"Ouest","s":"25N-H59N100F-80-F1"},{"r":"150","t":"18:13:00","h":"Ouest","s":"25N-H59N200F-81-F2"},{"r":"150","t":"18:13:00","h":"Ouest","s":"25N-H59N300F-80-F3"},{"r":"150","t":"18:13:00","h":"Ouest","s":"25N-H59N400F-80-F4"},{"r":"150","t":"18:13:00","h":"Ouest","s":"25N-H59NV10I-80-I"},{"r":"150","t":"18:13:00","h":"Ouest","s":"25N-H59NV20I-80-I"},{"r":"150","t":"18:13:00","h":"Ouest","s":"25S-H59S000I-81-I"},{"r":"150","t":"18:13:00","h":"Ouest","s":"25S-H59S100F-81-F1"},{"r":"150","t":"18:13:00","h":"Ouest","s":"25S-H59S200F-81-F2"},{"r":"150","t":"18:27:00","h":"Ouest","s":"25N-H59N000A-80-A"},{"r":"150","t":"18:27:00","h":"Ouest","s":"25N-H59NV10A-80-A"},{"r":"150","t":"18:27:00","h":"Ouest","s":"25N-H59VN20A-80-A"},{"r":"150","t":"18:27:00","h":"Ouest","s":"25S-H59S000A-81-A"},{"r":"150","t":"18:30:00","h":"Ouest","s":"25N-H59N000S-80-S"},{"r":"150","t":"18:30:00","h":"Ouest","s":"25N-H59NV10S-84-S"},{"r":"150","t":"18:30:00","h":"Ouest","s":"25N-H59NV20S-80-S"},{"r":"150","t":"18:30:00","h":"Ouest","s":"25S-H59S000S-81-S"},{"r":"150","t":"18:32:00","h":"Ouest","s":"25N-H59N000I-80-I"},{"r":"150","t":"18:32:00","h":"Ouest","s":"25N-H59N100F-80-F1"},{"r":"150","t":"18:32:00","h":"Ouest","s":"25N-H59N200F-81-F2"},{"r":"150","t":"18:32:00","h":"Ouest","s":"25N-H59N300F-80-F3"},{"r":"150","t":"18:32:00","h":"Ouest","s":"25N-H59N400F-80-F4"},{"r":"150","t":"18:32:00","h":"Ouest","s":"25N-H59NV10I-80-I"},{"r":"150","t":"18:32:00","h":"Ouest","s":"25N-H59NV20I-80-I"},{"r":"150","t":"18:32:00","h":"Ouest","s":"25S-H59S000I-81-I"},{"r":"150","t":"18:32:00","h":"Ouest","s":"25S-H59S100F-81-F1"},{"r":"150","t":"18:32:00","h":"Ouest","s":"25S-H59S200F-81-F2"},{"r":"150","t":"18:49:00","h":"Ouest","s":"25N-H59N000A-80-A"},{"r":"150","t":"18:49:00","h":"Ouest","s":"25N-H59N000S-80-S"},{"r":"150","t":"18:49:00","h":"Ouest","s":"25N-H59NV10A-80-A"},{"r":"150","t":"18:49:00","h":"Ouest","s":"25N-H59NV10S-84-S"},{"r":"150","t":"18:49:00","h":"Ouest","s":"25N-H59NV20S-80-S"},{"r":"150","t":"18:49:00","h":"Ouest","s":"25N-H59VN20A-80-A"},{"r":"150","t":"18:49:00","h":"Ouest","s":"25S-H59S000A-81-A"},{"r":"150","t":"18:49:00","h":"Ouest","s":"25S-H59S000S-81-S"},{"r":"150","t":"18:51:00","h":"Ouest","s":"25N-H59N000I-80-I"},{"r":"150","t":"18:51:00","h":"Ouest","s":"25N-H59N100F-80-F1"},{"r":"150","t":"18:51:00","h":"Ouest","s":"25N-H59N200F-81-F2"},{"r":"150","t":"18:51:00","h":"Ouest","s":"25N-H59N300F-80-F3"},{"r":"150","t":"18:51:00","h":"Ouest","s":"25N-H59N400F-80-F4"},{"r":"150","t":"18:51:00","h":"Ouest","s":"25N-H59NV10I-80-I"},{"r":"150","t":"18:51:00","h":"Ouest","s":"25N-H59NV20I-80-I"},{"r":"150","t":"18:51:00","h":"Ouest","s":"25S-H59S000I-81-I"},{"r":"150","t":"18:51:00","h":"Ouest","s":"25S-H59S100F-81-F1"},{"r":"150","t":"18:51:00","h":"Ouest","s":"25S-H59S200F-81-F2"},{"r":"150","t":"19:09:00","h":"Ouest","s":"25N-H59N000S-80-S"},{"r":"150","t":"19:09:00","h":"Ouest","s":"25N-H59NV10S-84-S"},{"r":"150","t":"19:09:00","h":"Ouest","s":"25N-H59NV20S-80-S"},{"r":"150","t":"19:09:00","h":"Ouest","s":"25S-H59S000S-81-S"},{"r":"150","t":"19:10:00","h":"Ouest","s":"25N-H59N000A-80-A"},{"r":"150","t":"19:10:00","h":"Ouest","s":"25N-H59N000I-80-I"},{"r":"150","t":"19:10:00","h":"Ouest","s":"25N-H59N100F-80-F1"},{"r":"150","t":"19:10:00","h":"Ouest","s":"25N-H59N200F-81-F2"},{"r":"150","t":"19:10:00","h":"Ouest","s":"25N-H59N300F-80-F3"},{"r":"150","t":"19:10:00","h":"Ouest","s":"25N-H59N400F-80-F4"},{"r":"150","t":"19:10:00","h":"Ouest","s":"25N-H59NV10A-80-A"},{"r":"150","t":"19:10:00","h":"Ouest","s":"25N-H59NV10I-80-I"},{"r":"150","t":"19:10:00","h":"Ouest","s":"25N-H59NV20I-80-I"},{"r":"150","t":"19:10:00","h":"Ouest","s":"25N-H59VN20A-80-A"},{"r":"150","t":"19:10:00","h":"Ouest","s":"25S-H59S000A-81-A"},{"r":"150","t":"19:10:00","h":"Ouest","s":"25S-H59S000I-81-I"},{"r":"150","t":"19:10:00","h":"Ouest","s":"25S-H59S100F-81-F1"},{"r":"150","t":"19:10:00","h":"Ouest","s":"25S-H59S200F-81-F2"},{"r":"150","t":"19:29:00","h":"Ouest","s":"25N-H59N000I-80-I"},{"r":"150","t":"19:29:00","h":"Ouest","s":"25N-H59N100F-80-F1"},{"r":"150","t":"19:29:00","h":"Ouest","s":"25N-H59N200F-81-F2"},{"r":"150","t":"19:29:00","h":"Ouest","s":"25N-H59N300F-80-F3"},{"r":"150","t":"19:29:00","h":"Ouest","s":"25N-H59N400F-80-F4"},{"r":"150","t":"19:29:00","h":"Ouest","s":"25N-H59NV10I-80-I"},{"r":"150","t":"19:29:00","h":"Ouest","s":"25N-H59NV20I-80-I"},{"r":"150","t":"19:29:00","h":"Ouest","s":"25S-H59S000I-81-I"},{"r":"150","t":"19:29:00","h":"Ouest","s":"25S-H59S100F-81-F1"},{"r":"150","t":"19:29:00","h":"Ouest","s":"25S-H59S200F-81-F2"},{"r":"150","t":"19:30:00","h":"Ouest","s":"25N-H59N000S-80-S"},{"r":"150","t":"19:30:00","h":"Ouest","s":"25N-H59NV10S-84-S"},{"r":"150","t":"19:30:00","h":"Ouest","s":"25N-H59NV20S-80-S"},{"r":"150","t":"19:30:00","h":"Ouest","s":"25S-H59S000S-81-S"},{"r":"150","t":"19:31:00","h":"Ouest","s":"25N-H59N000A-80-A"},{"r":"150","t":"19:31:00","h":"Ouest","s":"25N-H59NV10A-80-A"},{"r":"150","t":"19:31:00","h":"Ouest","s":"25N-H59VN20A-80-A"},{"r":"150","t":"19:31:00","h":"Ouest","s":"25S-H59S000A-81-A"},{"r":"150","t":"19:49:00","h":"Ouest","s":"25N-H59N000I-80-I"},{"r":"150","t":"19:49:00","h":"Ouest","s":"25N-H59N100F-80-F1"},{"r":"150","t":"19:49:00","h":"Ouest","s":"25N-H59N200F-81-F2"},{"r":"150","t":"19:49:00","h":"Ouest","s":"25N-H59N300F-80-F3"},{"r":"150","t":"19:49:00","h":"Ouest","s":"25N-H59N400F-80-F4"},{"r":"150","t":"19:49:00","h":"Ouest","s":"25N-H59NV10I-80-I"},{"r":"150","t":"19:49:00","h":"Ouest","s":"25N-H59NV20I-80-I"},{"r":"150","t":"19:49:00","h":"Ouest","s":"25S-H59S000I-81-I"},{"r":"150","t":"19:49:00","h":"Ouest","s":"25S-H59S100F-81-F1"},{"r":"150","t":"19:49:00","h":"Ouest","s":"25S-H59S200F-81-F2"},{"r":"150","t":"19:51:00","h":"Ouest","s":"25N-H59N000S-80-S"},{"r":"150","t":"19:51:00","h":"Ouest","s":"25N-H59NV10S-84-S"},{"r":"150","t":"19:51:00","h":"Ouest","s":"25N-H59NV20S-80-S"},{"r":"150","t":"19:51:00","h":"Ouest","s":"25S-H59S000S-81-S"},{"r":"150","t":"19:53:00","h":"Ouest","s":"25N-H59N000A-80-A"},{"r":"150","t":"19:53:00","h":"Ouest","s":"25N-H59NV10A-80-A"},{"r":"150","t":"19:53:00","h":"Ouest","s":"25N-H59VN20A-80-A"},{"r":"150","t":"19:53:00","h":"Ouest","s":"25S-H59S000A-81-A"},{"r":"150","t":"20:08:00","h":"Ouest","s":"25N-H59N000I-80-I"},{"r":"150","t":"20:08:00","h":"Ouest","s":"25N-H59N100F-80-F1"},{"r":"150","t":"20:08:00","h":"Ouest","s":"25N-H59N200F-81-F2"},{"r":"150","t":"20:08:00","h":"Ouest","s":"25N-H59N300F-80-F3"},{"r":"150","t":"20:08:00","h":"Ouest","s":"25N-H59N400F-80-F4"},{"r":"150","t":"20:08:00","h":"Ouest","s":"25N-H59NV10I-80-I"},{"r":"150","t":"20:08:00","h":"Ouest","s":"25N-H59NV20I-80-I"},{"r":"150","t":"20:08:00","h":"Ouest","s":"25S-H59S000I-81-I"},{"r":"150","t":"20:08:00","h":"Ouest","s":"25S-H59S100F-81-F1"},{"r":"150","t":"20:08:00","h":"Ouest","s":"25S-H59S200F-81-F2"},{"r":"150","t":"20:12:00","h":"Ouest","s":"25N-H59N000S-80-S"},{"r":"150","t":"20:12:00","h":"Ouest","s":"25N-H59NV10S-84-S"},{"r":"150","t":"20:12:00","h":"Ouest","s":"25N-H59NV20S-80-S"},{"r":"150","t":"20:12:00","h":"Ouest","s":"25S-H59S000S-81-S"},{"r":"150","t":"20:15:00","h":"Ouest","s":"25N-H59N000A-80-A"},{"r":"150","t":"20:15:00","h":"Ouest","s":"25N-H59NV10A-80-A"},{"r":"150","t":"20:15:00","h":"Ouest","s":"25N-H59VN20A-80-A"},{"r":"150","t":"20:15:00","h":"Ouest","s":"25S-H59S000A-81-A"},{"r":"150","t":"20:28:00","h":"Ouest","s":"25N-H59N000I-80-I"},{"r":"150","t":"20:28:00","h":"Ouest","s":"25N-H59N100F-80-F1"},{"r":"150","t":"20:28:00","h":"Ouest","s":"25N-H59N200F-81-F2"},{"r":"150","t":"20:28:00","h":"Ouest","s":"25N-H59N300F-80-F3"},{"r":"150","t":"20:28:00","h":"Ouest","s":"25N-H59N400F-80-F4"},{"r":"150","t":"20:28:00","h":"Ouest","s":"25N-H59NV10I-80-I"},{"r":"150","t":"20:28:00","h":"Ouest","s":"25N-H59NV20I-80-I"},{"r":"150","t":"20:28:00","h":"Ouest","s":"25S-H59S000I-81-I"},{"r":"150","t":"20:28:00","h":"Ouest","s":"25S-H59S100F-81-F1"},{"r":"150","t":"20:28:00","h":"Ouest","s":"25S-H59S200F-81-F2"},{"r":"150","t":"20:33:00","h":"Ouest","s":"25N-H59N000S-80-S"},{"r":"150","t":"20:33:00","h":"Ouest","s":"25N-H59NV10S-84-S"},{"r":"150","t":"20:33:00","h":"Ouest","s":"25N-H59NV20S-80-S"},{"r":"150","t":"20:33:00","h":"Ouest","s":"25S-H59S000S-81-S"},{"r":"150","t":"20:36:00","h":"Ouest","s":"25N-H59N000A-80-A"},{"r":"150","t":"20:36:00","h":"Ouest","s":"25N-H59NV10A-80-A"},{"r":"150","t":"20:36:00","h":"Ouest","s":"25N-H59VN20A-80-A"},{"r":"150","t":"20:36:00","h":"Ouest","s":"25S-H59S000A-81-A"},{"r":"150","t":"20:48:00","h":"Ouest","s":"25N-H59N000I-80-I"},{"r":"150","t":"20:48:00","h":"Ouest","s":"25N-H59N100F-80-F1"},{"r":"150","t":"20:48:00","h":"Ouest","s":"25N-H59N200F-81-F2"},{"r":"150","t":"20:48:00","h":"Ouest","s":"25N-H59N300F-80-F3"},{"r":"150","t":"20:48:00","h":"Ouest","s":"25N-H59N400F-80-F4"},{"r":"150","t":"20:48:00","h":"Ouest","s":"25N-H59NV10I-80-I"},{"r":"150","t":"20:48:00","h":"Ouest","s":"25N-H59NV20I-80-I"},{"r":"150","t":"20:48:00","h":"Ouest","s":"25S-H59S000I-81-I"},{"r":"150","t":"20:48:00","h":"Ouest","s":"25S-H59S100F-81-F1"},{"r":"150","t":"20:48:00","h":"Ouest","s":"25S-H59S200F-81-F2"},{"r":"150","t":"20:57:00","h":"Ouest","s":"25N-H59N000A-80-A"},{"r":"150","t":"20:57:00","h":"Ouest","s":"25N-H59N000S-80-S"},{"r":"150","t":"20:57:00","h":"Ouest","s":"25N-H59NV10A-80-A"},{"r":"150","t":"20:57:00","h":"Ouest","s":"25N-H59NV10S-84-S"},{"r":"150","t":"20:57:00","h":"Ouest","s":"25N-H59NV20S-80-S"},{"r":"150","t":"20:57:00","h":"Ouest","s":"25N-H59VN20A-80-A"},{"r":"150","t":"20:57:00","h":"Ouest","s":"25S-H59S000A-81-A"},{"r":"150","t":"20:57:00","h":"Ouest","s":"25S-H59S000S-81-S"},{"r":"150","t":"21:07:00","h":"Ouest","s":"25N-H59N000I-80-I"},{"r":"150","t":"21:07:00","h":"Ouest","s":"25N-H59N100F-80-F1"},{"r":"150","t":"21:07:00","h":"Ouest","s":"25N-H59N200F-81-F2"},{"r":"150","t":"21:07:00","h":"Ouest","s":"25N-H59N300F-80-F3"},{"r":"150","t":"21:07:00","h":"Ouest","s":"25N-H59N400F-80-F4"},{"r":"150","t":"21:07:00","h":"Ouest","s":"25N-H59NV10I-80-I"},{"r":"150","t":"21:07:00","h":"Ouest","s":"25N-H59NV20I-80-I"},{"r":"150","t":"21:07:00","h":"Ouest","s":"25S-H59S000I-81-I"},{"r":"150","t":"21:07:00","h":"Ouest","s":"25S-H59S100F-81-F1"},{"r":"150","t":"21:07:00","h":"Ouest","s":"25S-H59S200F-81-F2"},{"r":"150","t":"21:19:00","h":"Ouest","s":"25N-H59N000A-80-A"},{"r":"150","t":"21:19:00","h":"Ouest","s":"25N-H59NV10A-80-A"},{"r":"150","t":"21:19:00","h":"Ouest","s":"25N-H59VN20A-80-A"},{"r":"150","t":"21:19:00","h":"Ouest","s":"25S-H59S000A-81-A"},{"r":"150","t":"21:24:00","h":"Ouest","s":"25N-H59N000S-80-S"},{"r":"150","t":"21:24:00","h":"Ouest","s":"25N-H59NV10S-84-S"},{"r":"150","t":"21:24:00","h":"Ouest","s":"25N-H59NV20S-80-S"},{"r":"150","t":"21:24:00","h":"Ouest","s":"25S-H59S000S-81-S"},{"r":"150","t":"21:26:00","h":"Ouest","s":"25N-H59N000I-80-I"},{"r":"150","t":"21:26:00","h":"Ouest","s":"25N-H59N100F-80-F1"},{"r":"150","t":"21:26:00","h":"Ouest","s":"25N-H59N200F-81-F2"},{"r":"150","t":"21:26:00","h":"Ouest","s":"25N-H59N300F-80-F3"},{"r":"150","t":"21:26:00","h":"Ouest","s":"25N-H59N400F-80-F4"},{"r":"150","t":"21:26:00","h":"Ouest","s":"25N-H59NV10I-80-I"},{"r":"150","t":"21:26:00","h":"Ouest","s":"25N-H59NV20I-80-I"},{"r":"150","t":"21:26:00","h":"Ouest","s":"25S-H59S000I-81-I"},{"r":"150","t":"21:26:00","h":"Ouest","s":"25S-H59S100F-81-F1"},{"r":"150","t":"21:26:00","h":"Ouest","s":"25S-H59S200F-81-F2"},{"r":"150","t":"21:40:00","h":"Ouest","s":"25N-H59N000A-80-A"},{"r":"150","t":"21:40:00","h":"Ouest","s":"25N-H59NV10A-80-A"},{"r":"150","t":"21:40:00","h":"Ouest","s":"25N-H59VN20A-80-A"},{"r":"150","t":"21:40:00","h":"Ouest","s":"25S-H59S000A-81-A"},{"r":"150","t":"21:45:00","h":"Ouest","s":"25N-H59N000I-80-I"},{"r":"150","t":"21:45:00","h":"Ouest","s":"25N-H59N100F-80-F1"},{"r":"150","t":"21:45:00","h":"Ouest","s":"25N-H59N200F-81-F2"},{"r":"150","t":"21:45:00","h":"Ouest","s":"25N-H59N300F-80-F3"},{"r":"150","t":"21:45:00","h":"Ouest","s":"25N-H59N400F-80-F4"},{"r":"150","t":"21:45:00","h":"Ouest","s":"25N-H59NV10I-80-I"},{"r":"150","t":"21:45:00","h":"Ouest","s":"25N-H59NV20I-80-I"},{"r":"150","t":"21:45:00","h":"Ouest","s":"25S-H59S000I-81-I"},{"r":"150","t":"21:45:00","h":"Ouest","s":"25S-H59S100F-81-F1"},{"r":"150","t":"21:45:00","h":"Ouest","s":"25S-H59S200F-81-F2"},{"r":"150","t":"21:52:00","h":"Ouest","s":"25N-H59N000S-80-S"},{"r":"150","t":"21:52:00","h":"Ouest","s":"25N-H59NV10S-84-S"},{"r":"150","t":"21:52:00","h":"Ouest","s":"25N-H59NV20S-80-S"},{"r":"150","t":"21:52:00","h":"Ouest","s":"25S-H59S000S-81-S"},{"r":"150","t":"22:01:00","h":"Ouest","s":"25N-H59N000A-80-A"},{"r":"150","t":"22:01:00","h":"Ouest","s":"25N-H59NV10A-80-A"},{"r":"150","t":"22:01:00","h":"Ouest","s":"25N-H59VN20A-80-A"},{"r":"150","t":"22:01:00","h":"Ouest","s":"25S-H59S000A-81-A"},{"r":"150","t":"22:12:00","h":"Ouest","s":"25N-H59N000I-80-I"},{"r":"150","t":"22:12:00","h":"Ouest","s":"25N-H59N100F-80-F1"},{"r":"150","t":"22:12:00","h":"Ouest","s":"25N-H59N200F-81-F2"},{"r":"150","t":"22:12:00","h":"Ouest","s":"25N-H59N300F-80-F3"},{"r":"150","t":"22:12:00","h":"Ouest","s":"25N-H59N400F-80-F4"},{"r":"150","t":"22:12:00","h":"Ouest","s":"25N-H59NV10I-80-I"},{"r":"150","t":"22:12:00","h":"Ouest","s":"25N-H59NV20I-80-I"},{"r":"150","t":"22:12:00","h":"Ouest","s":"25S-H59S000I-81-I"},{"r":"150","t":"22:12:00","h":"Ouest","s":"25S-H59S100F-81-F1"},{"r":"150","t":"22:12:00","h":"Ouest","s":"25S-H59S200F-81-F2"},{"r":"150","t":"22:23:00","h":"Ouest","s":"25N-H59N000A-80-A"},{"r":"150","t":"22:23:00","h":"Ouest","s":"25N-H59N000S-80-S"},{"r":"150","t":"22:23:00","h":"Ouest","s":"25N-H59NV10A-80-A"},{"r":"150","t":"22:23:00","h":"Ouest","s":"25N-H59NV10S-84-S"},{"r":"150","t":"22:23:00","h":"Ouest","s":"25N-H59NV20S-80-S"},{"r":"150","t":"22:23:00","h":"Ouest","s":"25N-H59VN20A-80-A"},{"r":"150","t":"22:23:00","h":"Ouest","s":"25S-H59S000A-81-A"},{"r":"150","t":"22:23:00","h":"Ouest","s":"25S-H59S000S-81-S"},{"r":"150","t":"22:42:00","h":"Ouest","s":"25N-H59N000I-80-I"},{"r":"150","t":"22:42:00","h":"Ouest","s":"25N-H59N100F-80-F1"},{"r":"150","t":"22:42:00","h":"Ouest","s":"25N-H59N200F-81-F2"},{"r":"150","t":"22:42:00","h":"Ouest","s":"25N-H59N300F-80-F3"},{"r":"150","t":"22:42:00","h":"Ouest","s":"25N-H59N400F-80-F4"},{"r":"150","t":"22:42:00","h":"Ouest","s":"25N-H59NV10I-80-I"},{"r":"150","t":"22:42:00","h":"Ouest","s":"25N-H59NV20I-80-I"},{"r":"150","t":"22:42:00","h":"Ouest","s":"25S-H59S000I-81-I"},{"r":"150","t":"22:42:00","h":"Ouest","s":"25S-H59S100F-81-F1"},{"r":"150","t":"22:42:00","h":"Ouest","s":"25S-H59S200F-81-F2"},{"r":"150","t":"22:46:00","h":"Ouest","s":"25N-H59N000A-80-A"},{"r":"150","t":"22:46:00","h":"Ouest","s":"25N-H59NV10A-80-A"},{"r":"150","t":"22:46:00","h":"Ouest","s":"25N-H59VN20A-80-A"},{"r":"150","t":"22:46:00","h":"Ouest","s":"25S-H59S000A-81-A"},{"r":"150","t":"22:50:00","h":"Ouest","s":"25N-H59N000S-80-S"},{"r":"150","t":"22:50:00","h":"Ouest","s":"25N-H59NV10S-84-S"},{"r":"150","t":"22:50:00","h":"Ouest","s":"25N-H59NV20S-80-S"},{"r":"150","t":"22:50:00","h":"Ouest","s":"25S-H59S000S-81-S"},{"r":"150","t":"23:11:00","h":"Ouest","s":"25N-H59N000A-80-A"},{"r":"150","t":"23:11:00","h":"Ouest","s":"25N-H59N000I-80-I"},{"r":"150","t":"23:11:00","h":"Ouest","s":"25N-H59N100F-80-F1"},{"r":"150","t":"23:11:00","h":"Ouest","s":"25N-H59N200F-81-F2"},{"r":"150","t":"23:11:00","h":"Ouest","s":"25N-H59N300F-80-F3"},{"r":"150","t":"23:11:00","h":"Ouest","s":"25N-H59N400F-80-F4"},{"r":"150","t":"23:11:00","h":"Ouest","s":"25N-H59NV10A-80-A"},{"r":"150","t":"23:11:00","h":"Ouest","s":"25N-H59NV10I-80-I"},{"r":"150","t":"23:11:00","h":"Ouest","s":"25N-H59NV20I-80-I"},{"r":"150","t":"23:11:00","h":"Ouest","s":"25N-H59VN20A-80-A"},{"r":"150","t":"23:11:00","h":"Ouest","s":"25S-H59S000A-81-A"},{"r":"150","t":"23:11:00","h":"Ouest","s":"25S-H59S000I-81-I"},{"r":"150","t":"23:11:00","h":"Ouest","s":"25S-H59S100F-81-F1"},{"r":"150","t":"23:11:00","h":"Ouest","s":"25S-H59S200F-81-F2"},{"r":"150","t":"23:17:00","h":"Ouest","s":"25N-H59N000S-80-S"},{"r":"150","t":"23:17:00","h":"Ouest","s":"25N-H59NV10S-84-S"},{"r":"150","t":"23:17:00","h":"Ouest","s":"25N-H59NV20S-80-S"},{"r":"150","t":"23:17:00","h":"Ouest","s":"25S-H59S000S-81-S"},{"r":"150","t":"23:39:00","h":"Ouest","s":"25N-H59N000I-80-I"},{"r":"150","t":"23:39:00","h":"Ouest","s":"25N-H59N100F-80-F1"},{"r":"150","t":"23:39:00","h":"Ouest","s":"25N-H59N200F-81-F2"},{"r":"150","t":"23:39:00","h":"Ouest","s":"25N-H59N300F-80-F3"},{"r":"150","t":"23:39:00","h":"Ouest","s":"25N-H59N400F-80-F4"},{"r":"150","t":"23:39:00","h":"Ouest","s":"25N-H59NV10I-80-I"},{"r":"150","t":"23:39:00","h":"Ouest","s":"25N-H59NV20I-80-I"},{"r":"150","t":"23:39:00","h":"Ouest","s":"25S-H59S000I-81-I"},{"r":"150","t":"23:39:00","h":"Ouest","s":"25S-H59S100F-81-F1"},{"r":"150","t":"23:39:00","h":"Ouest","s":"25S-H59S200F-81-F2"},{"r":"150","t":"23:43:00","h":"Ouest","s":"25N-H59N000A-80-A"},{"r":"150","t":"23:43:00","h":"Ouest","s":"25N-H59NV10A-80-A"},{"r":"150","t":"23:43:00","h":"Ouest","s":"25N-H59VN20A-80-A"},{"r":"150","t":"23:43:00","h":"Ouest","s":"25S-H59S000A-81-A"},{"r":"150","t":"23:45:00","h":"Ouest","s":"25N-H59N000S-80-S"},{"r":"150","t":"23:45:00","h":"Ouest","s":"25N-H59NV10S-84-S"},{"r":"150","t":"23:45:00","h":"Ouest","s":"25N-H59NV20S-80-S"},{"r":"150","t":"23:45:00","h":"Ouest","s":"25S-H59S000S-81-S"},{"r":"150","t":"24:08:00","h":"Ouest","s":"25N-H59N000I-80-I"},{"r":"150","t":"24:08:00","h":"Ouest","s":"25N-H59N100F-80-F1"},{"r":"150","t":"24:08:00","h":"Ouest","s":"25N-H59N200F-81-F2"},{"r":"150","t":"24:08:00","h":"Ouest","s":"25N-H59N300F-80-F3"},{"r":"150","t":"24:08:00","h":"Ouest","s":"25N-H59N400F-80-F4"},{"r":"150","t":"24:08:00","h":"Ouest","s":"25N-H59NV10I-80-I"},{"r":"150","t":"24:08:00","h":"Ouest","s":"25N-H59NV20I-80-I"},{"r":"150","t":"24:08:00","h":"Ouest","s":"25S-H59S000I-81-I"},{"r":"150","t":"24:08:00","h":"Ouest","s":"25S-H59S100F-81-F1"},{"r":"150","t":"24:08:00","h":"Ouest","s":"25S-H59S200F-81-F2"},{"r":"150","t":"24:15:00","h":"Ouest","s":"25N-H59N000A-80-A"},{"r":"150","t":"24:15:00","h":"Ouest","s":"25N-H59N000S-80-S"},{"r":"150","t":"24:15:00","h":"Ouest","s":"25N-H59NV10A-80-A"},{"r":"150","t":"24:15:00","h":"Ouest","s":"25N-H59NV10S-84-S"},{"r":"150","t":"24:15:00","h":"Ouest","s":"25N-H59NV20S-80-S"},{"r":"150","t":"24:15:00","h":"Ouest","s":"25N-H59VN20A-80-A"},{"r":"150","t":"24:15:00","h":"Ouest","s":"25S-H59S000A-81-A"},{"r":"150","t":"24:15:00","h":"Ouest","s":"25S-H59S000S-81-S"},{"r":"150","t":"24:37:00","h":"Ouest","s":"25N-H59N000I-80-I"},{"r":"150","t":"24:37:00","h":"Ouest","s":"25N-H59N100F-80-F1"},{"r":"150","t":"24:37:00","h":"Ouest","s":"25N-H59N200F-81-F2"},{"r":"150","t":"24:37:00","h":"Ouest","s":"25N-H59N300F-80-F3"},{"r":"150","t":"24:37:00","h":"Ouest","s":"25N-H59N400F-80-F4"},{"r":"150","t":"24:37:00","h":"Ouest","s":"25N-H59NV10I-80-I"},{"r":"150","t":"24:37:00","h":"Ouest","s":"25N-H59NV20I-80-I"},{"r":"150","t":"24:37:00","h":"Ouest","s":"25S-H59S000I-81-I"},{"r":"150","t":"24:37:00","h":"Ouest","s":"25S-H59S100F-81-F1"},{"r":"150","t":"24:37:00","h":"Ouest","s":"25S-H59S200F-81-F2"},{"r":"150","t":"24:47:00","h":"Ouest","s":"25N-H59N000A-80-A"},{"r":"150","t":"24:47:00","h":"Ouest","s":"25N-H59NV10A-80-A"},{"r":"150","t":"24:47:00","h":"Ouest","s":"25N-H59VN20A-80-A"},{"r":"150","t":"24:47:00","h":"Ouest","s":"25S-H59S000A-81-A"},{"r":"150","t":"24:48:00","h":"Ouest","s":"25N-H59N000S-80-S"},{"r":"150","t":"24:48:00","h":"Ouest","s":"25N-H59NV10S-84-S"},{"r":"150","t":"24:48:00","h":"Ouest","s":"25N-H59NV20S-80-S"},{"r":"150","t":"24:48:00","h":"Ouest","s":"25S-H59S000S-81-S"},{"r":"350","t":"25:03:31","h":"Ouest","s":"25N-H56N000I-80-I"},{"r":"350","t":"25:03:31","h":"Ouest","s":"25N-H56N100F-80-F1"},{"r":"350","t":"25:03:31","h":"Ouest","s":"25N-H56N200F-80-F2"},{"r":"350","t":"25:03:31","h":"Ouest","s":"25N-H56N300F-80-F3"},{"r":"350","t":"25:03:31","h":"Ouest","s":"25N-H56N400F-80-F4"},{"r":"350","t":"25:03:31","h":"Ouest","s":"25N-H56NV10I-80-I"},{"r":"350","t":"25:03:31","h":"Ouest","s":"25N-H56NV20I-80-I"},{"r":"350","t":"25:03:31","h":"Ouest","s":"25S-H56S000I-80-I"},{"r":"350","t":"25:03:31","h":"Ouest","s":"25S-H56S100F-80-F1"},{"r":"350","t":"25:03:31","h":"Ouest","s":"25S-H56S200F-81-F2"},{"r":"350","t":"25:06:42","h":"Ouest","s":"25N-H56N000S-80-S"},{"r":"350","t":"25:06:42","h":"Ouest","s":"25N-H56NV10S-80-S"},{"r":"350","t":"25:06:42","h":"Ouest","s":"25N-H56NV20S-80-S"},{"r":"350","t":"25:06:42","h":"Ouest","s":"25S-H56S000S-80-S"},{"r":"350","t":"25:07:20","h":"Ouest","s":"25N-H56N000A-80-A"},{"r":"350","t":"25:07:20","h":"Ouest","s":"25N-H56NV10A-80-A"},{"r":"350","t":"25:07:20","h":"Ouest","s":"25N-H56NV20A-80-A"},{"r":"350","t":"25:07:20","h":"Ouest","s":"25S-H56S000A-80-A"},{"r":"358","t":"25:10:00","h":"Ouest","s":"25N-H59N000A-80-A"},{"r":"358","t":"25:10:00","h":"Ouest","s":"25N-H59N000I-80-I"},{"r":"358","t":"25:10:00","h":"Ouest","s":"25N-H59N100F-80-F1"},{"r":"358","t":"25:10:00","h":"Ouest","s":"25N-H59N200F-81-F2"},{"r":"358","t":"25:10:00","h":"Ouest","s":"25N-H59N300F-80-F3"},{"r":"358","t":"25:10:00","h":"Ouest","s":"25N-H59N400F-80-F4"},{"r":"358","t":"25:10:00","h":"Ouest","s":"25N-H59NV10A-80-A"},{"r":"358","t":"25:10:00","h":"Ouest","s":"25N-H59NV10I-80-I"},{"r":"358","t":"25:10:00","h":"Ouest","s":"25N-H59NV20I-80-I"},{"r":"358","t":"25:10:00","h":"Ouest","s":"25N-H59VN20A-80-A"},{"r":"358","t":"25:10:00","h":"Ouest","s":"25S-H59S000A-81-A"},{"r":"358","t":"25:10:00","h":"Ouest","s":"25S-H59S000I-81-I"},{"r":"358","t":"25:10:00","h":"Ouest","s":"25S-H59S100F-81-F1"},{"r":"358","t":"25:10:00","h":"Ouest","s":"25S-H59S200F-81-F2"},{"r":"358","t":"25:11:00","h":"Ouest","s":"25N-H59N000S-80-S"},{"r":"358","t":"25:11:00","h":"Ouest","s":"25N-H59NV10S-84-S"},{"r":"358","t":"25:11:00","h":"Ouest","s":"25N-H59NV20S-80-S"},{"r":"358","t":"25:11:00","h":"Ouest","s":"25S-H59S000S-81-S"},{"r":"350","t":"25:31:31","h":"Ouest","s":"25N-H56N000I-80-I"},{"r":"350","t":"25:31:31","h":"Ouest","s":"25N-H56N100F-80-F1"},{"r":"350","t":"25:31:31","h":"Ouest","s":"25N-H56N200F-80-F2"},{"r":"350","t":"25:31:31","h":"Ouest","s":"25N-H56N300F-80-F3"},{"r":"350","t":"25:31:31","h":"Ouest","s":"25N-H56N400F-80-F4"},{"r":"350","t":"25:31:31","h":"Ouest","s":"25N-H56NV10I-80-I"},{"r":"350","t":"25:31:31","h":"Ouest","s":"25N-H56NV20I-80-I"},{"r":"350","t":"25:31:31","h":"Ouest","s":"25S-H56S000I-80-I"},{"r":"350","t":"25:31:31","h":"Ouest","s":"25S-H56S100F-80-F1"},{"r":"350","t":"25:31:31","h":"Ouest","s":"25S-H56S200F-81-F2"},{"r":"364","t":"25:34:42","h":"Ouest","s":"25N-H54N000A-80-A"},{"r":"364","t":"25:34:42","h":"Ouest","s":"25N-H54N000I-80-I"},{"r":"364","t":"25:34:42","h":"Ouest","s":"25N-H54N000S-80-S"},{"r":"364","t":"25:34:42","h":"Ouest","s":"25N-H54N100F-80-F1"},{"r":"364","t":"25:34:42","h":"Ouest","s":"25N-H54N200F-80-F2"},{"r":"364","t":"25:34:42","h":"Ouest","s":"25N-H54N300F-80-F3"},{"r":"364","t":"25:34:42","h":"Ouest","s":"25N-H54N400F-80-F4"},{"r":"364","t":"25:34:42","h":"Ouest","s":"25N-H54NV10A-80-A"},{"r":"364","t":"25:34:42","h":"Ouest","s":"25N-H54NV10I-80-I"},{"r":"364","t":"25:34:42","h":"Ouest","s":"25N-H54NV10S-82-S"},{"r":"364","t":"25:34:42","h":"Ouest","s":"25N-H54NV20A-80-A"},{"r":"364","t":"25:34:42","h":"Ouest","s":"25N-H54NV20I-80-I"},{"r":"364","t":"25:34:42","h":"Ouest","s":"25N-H54NV20S-80-S"},{"r":"364","t":"25:34:42","h":"Ouest","s":"25S-H54S000A-83-A"},{"r":"364","t":"25:34:42","h":"Ouest","s":"25S-H54S000I-82-I"},{"r":"364","t":"25:34:42","h":"Ouest","s":"25S-H54S000S-82-S"},{"r":"364","t":"25:34:42","h":"Ouest","s":"25S-H54S100F-80-F1"},{"r":"364","t":"25:34:42","h":"Ouest","s":"25S-H54S200F-80-F2"},{"r":"358","t":"25:38:00","h":"Ouest","s":"25N-H59N000A-80-A"},{"r":"358","t":"25:38:00","h":"Ouest","s":"25N-H59NV10A-80-A"},{"r":"358","t":"25:38:00","h":"Ouest","s":"25N-H59VN20A-80-A"},{"r":"358","t":"25:38:00","h":"Ouest","s":"25S-H59S000A-81-A"},{"r":"358","t":"25:40:00","h":"Ouest","s":"25N-H59N000I-80-I"},{"r":"358","t":"25:40:00","h":"Ouest","s":"25N-H59N100F-80-F1"},{"r":"358","t":"25:40:00","h":"Ouest","s":"25N-H59N200F-81-F2"},{"r":"358","t":"25:40:00","h":"Ouest","s":"25N-H59N300F-80-F3"},{"r":"358","t":"25:40:00","h":"Ouest","s":"25N-H59N400F-80-F4"},{"r":"358","t":"25:40:00","h":"Ouest","s":"25N-H59NV10I-80-I"},{"r":"358","t":"25:40:00","h":"Ouest","s":"25N-H59NV20I-80-I"},{"r":"358","t":"25:40:00","h":"Ouest","s":"25S-H59S000I-81-I"},{"r":"358","t":"25:40:00","h":"Ouest","s":"25S-H59S100F-81-F1"},{"r":"358","t":"25:40:00","h":"Ouest","s":"25S-H59S200F-81-F2"},{"r":"358","t":"25:41:00","h":"Ouest","s":"25N-H59N000S-80-S"},{"r":"358","t":"25:41:00","h":"Ouest","s":"25N-H59NV10S-84-S"},{"r":"358","t":"25:41:00","h":"Ouest","s":"25N-H59NV20S-80-S"},{"r":"358","t":"25:41:00","h":"Ouest","s":"25S-H59S000S-81-S"},{"r":"350","t":"25:47:20","h":"Ouest","s":"25N-H56N000A-80-A"},{"r":"350","t":"25:47:20","h":"Ouest","s":"25N-H56NV10A-80-A"},{"r":"350","t":"25:47:20","h":"Ouest","s":"25N-H56NV20A-80-A"},{"r":"350","t":"25:47:20","h":"Ouest","s":"25S-H56S000A-80-A"},{"r":"350","t":"25:51:42","h":"Ouest","s":"25N-H56N000S-80-S"},{"r":"350","t":"25:51:42","h":"Ouest","s":"25N-H56NV10S-80-S"},{"r":"350","t":"25:51:42","h":"Ouest","s":"25N-H56NV20S-80-S"},{"r":"350","t":"25:51:42","h":"Ouest","s":"25S-H56S000S-80-S"},{"r":"350","t":"25:57:31","h":"Ouest","s":"25N-H56N000I-80-I"},{"r":"350","t":"25:57:31","h":"Ouest","s":"25N-H56N100F-80-F1"},{"r":"350","t":"25:57:31","h":"Ouest","s":"25N-H56N200F-80-F2"},{"r":"350","t":"25:57:31","h":"Ouest","s":"25N-H56N300F-80-F3"},{"r":"350","t":"25:57:31","h":"Ouest","s":"25N-H56N400F-80-F4"},{"r":"350","t":"25:57:31","h":"Ouest","s":"25N-H56NV10I-80-I"},{"r":"350","t":"25:57:31","h":"Ouest","s":"25N-H56NV20I-80-I"},{"r":"350","t":"25:57:31","h":"Ouest","s":"25S-H56S000I-80-I"},{"r":"350","t":"25:57:31","h":"Ouest","s":"25S-H56S100F-80-F1"},{"r":"350","t":"25:57:31","h":"Ouest","s":"25S-H56S200F-81-F2"},{"r":"355","t":"25:59:03","h":"Sud","s":"25N-H54N000I-80-I"},{"r":"355","t":"25:59:03","h":"Sud","s":"25N-H54N100F-80-F1"},{"r":"355","t":"25:59:03","h":"Sud","s":"25N-H54N200F-80-F2"},{"r":"355","t":"25:59:03","h":"Sud","s":"25N-H54N300F-80-F3"},{"r":"355","t":"25:59:03","h":"Sud","s":"25N-H54N400F-80-F4"},{"r":"355","t":"25:59:03","h":"Sud","s":"25N-H54NV10I-80-I"},{"r":"355","t":"25:59:03","h":"Sud","s":"25N-H54NV20I-80-I"},{"r":"355","t":"25:59:03","h":"Sud","s":"25S-H54S000I-82-I"},{"r":"355","t":"25:59:03","h":"Sud","s":"25S-H54S100F-80-F1"},{"r":"355","t":"25:59:03","h":"Sud","s":"25S-H54S200F-80-F2"},{"r":"355","t":"26:03:32","h":"Sud","s":"25N-H54N000S-80-S"},{"r":"355","t":"26:03:32","h":"Sud","s":"25N-H54NV10S-82-S"},{"r":"355","t":"26:03:32","h":"Sud","s":"25N-H54NV20S-80-S"},{"r":"355","t":"26:03:32","h":"Sud","s":"25S-H54S000S-82-S"},{"r":"355","t":"26:04:03","h":"Sud","s":"25N-H54N000A-80-A"},{"r":"355","t":"26:04:03","h":"Sud","s":"25N-H54NV10A-80-A"},{"r":"355","t":"26:04:03","h":"Sud","s":"25N-H54NV20A-80-A"},{"r":"355","t":"26:04:03","h":"Sud","s":"25S-H54S000A-83-A"},{"r":"358","t":"26:09:00","h":"Ouest","s":"25N-H59N000A-80-A"},{"r":"358","t":"26:09:00","h":"Ouest","s":"25N-H59NV10A-80-A"},{"r":"358","t":"26:09:00","h":"Ouest","s":"25N-H59VN20A-80-A"},{"r":"358","t":"26:09:00","h":"Ouest","s":"25S-H59S000A-81-A"},{"r":"358","t":"26:10:00","h":"Ouest","s":"25N-H59N000I-80-I"},{"r":"358","t":"26:10:00","h":"Ouest","s":"25N-H59N100F-80-F1"},{"r":"358","t":"26:10:00","h":"Ouest","s":"25N-H59N200F-81-F2"},{"r":"358","t":"26:10:00","h":"Ouest","s":"25N-H59N300F-80-F3"},{"r":"358","t":"26:10:00","h":"Ouest","s":"25N-H59N400F-80-F4"},{"r":"358","t":"26:10:00","h":"Ouest","s":"25N-H59NV10I-80-I"},{"r":"358","t":"26:10:00","h":"Ouest","s":"25N-H59NV20I-80-I"},{"r":"358","t":"26:10:00","h":"Ouest","s":"25S-H59S000I-81-I"},{"r":"358","t":"26:10:00","h":"Ouest","s":"25S-H59S100F-81-F1"},{"r":"358","t":"26:10:00","h":"Ouest","s":"25S-H59S200F-81-F2"},{"r":"358","t":"26:11:00","h":"Ouest","s":"25N-H59N000S-80-S"},{"r":"358","t":"26:11:00","h":"Ouest","s":"25N-H59NV10S-84-S"},{"r":"358","t":"26:11:00","h":"Ouest","s":"25N-H59NV20S-80-S"},{"r":"358","t":"26:11:00","h":"Ouest","s":"25S-H59S000S-81-S"},{"r":"350","t":"26:16:20","h":"Ouest","s":"25N-H56N000A-80-A"},{"r":"350","t":"26:16:20","h":"Ouest","s":"25N-H56NV10A-80-A"},{"r":"350","t":"26:16:20","h":"Ouest","s":"25N-H56NV20A-80-A"},{"r":"350","t":"26:16:20","h":"Ouest","s":"25S-H56S000A-80-A"},{"r":"364","t":"26:19:42","h":"Ouest","s":"25N-H54N000A-80-A"},{"r":"364","t":"26:19:42","h":"Ouest","s":"25N-H54N000I-80-I"},{"r":"364","t":"26:19:42","h":"Ouest","s":"25N-H54N100F-80-F1"},{"r":"364","t":"26:19:42","h":"Ouest","s":"25N-H54N200F-80-F2"},{"r":"364","t":"26:19:42","h":"Ouest","s":"25N-H54N300F-80-F3"},{"r":"364","t":"26:19:42","h":"Ouest","s":"25N-H54N400F-80-F4"},{"r":"364","t":"26:19:42","h":"Ouest","s":"25N-H54NV10A-80-A"},{"r":"364","t":"26:19:42","h":"Ouest","s":"25N-H54NV10I-80-I"},{"r":"364","t":"26:19:42","h":"Ouest","s":"25N-H54NV20A-80-A"},{"r":"364","t":"26:19:42","h":"Ouest","s":"25N-H54NV20I-80-I"},{"r":"364","t":"26:19:42","h":"Ouest","s":"25S-H54S000A-83-A"},{"r":"364","t":"26:19:42","h":"Ouest","s":"25S-H54S000I-82-I"},{"r":"364","t":"26:19:42","h":"Ouest","s":"25S-H54S100F-80-F1"},{"r":"364","t":"26:19:42","h":"Ouest","s":"25S-H54S200F-80-F2"},{"r":"364","t":"26:20:42","h":"Ouest","s":"25N-H54N000S-80-S"},{"r":"364","t":"26:20:42","h":"Ouest","s":"25N-H54NV10S-82-S"},{"r":"364","t":"26:20:42","h":"Ouest","s":"25N-H54NV20S-80-S"},{"r":"364","t":"26:20:42","h":"Ouest","s":"25S-H54S000S-82-S"},{"r":"350","t":"26:24:31","h":"Ouest","s":"25N-H56N000I-80-I"},{"r":"350","t":"26:24:31","h":"Ouest","s":"25N-H56N100F-80-F1"},{"r":"350","t":"26:24:31","h":"Ouest","s":"25N-H56N200F-80-F2"},{"r":"350","t":"26:24:31","h":"Ouest","s":"25N-H56N300F-80-F3"},{"r":"350","t":"26:24:31","h":"Ouest","s":"25N-H56N400F-80-F4"},{"r":"350","t":"26:24:31","h":"Ouest","s":"25N-H56NV10I-80-I"},{"r":"350","t":"26:24:31","h":"Ouest","s":"25N-H56NV20I-80-I"},{"r":"350","t":"26:24:31","h":"Ouest","s":"25S-H56S000I-80-I"},{"r":"350","t":"26:24:31","h":"Ouest","s":"25S-H56S100F-80-F1"},{"r":"350","t":"26:24:31","h":"Ouest","s":"25S-H56S200F-81-F2"},{"r":"358","t":"26:26:00","h":"Ouest","s":"25N-H59N000S-80-SV"},{"r":"358","t":"26:26:00","h":"Ouest","s":"25N-H59NV10S-84-SV"},{"r":"358","t":"26:26:00","h":"Ouest","s":"25N-H59NV20S-80-SV"},{"r":"358","t":"26:26:00","h":"Ouest","s":"25S-H59S000S-81-SV"},{"r":"350","t":"26:26:20","h":"Ouest","s":"25N-H56N000A-80-A"},{"r":"350","t":"26:26:20","h":"Ouest","s":"25N-H56NV10A-80-A"},{"r":"350","t":"26:26:20","h":"Ouest","s":"25N-H56NV20A-80-A"},{"r":"350","t":"26:26:20","h":"Ouest","s":"25S-H56S000A-80-A"},{"r":"350","t":"26:36:20","h":"Ouest","s":"25N-H56N000A-80-A"},{"r":"350","t":"26:36:20","h":"Ouest","s":"25N-H56NV10A-80-A"},{"r":"350","t":"26:36:20","h":"Ouest","s":"25N-H56NV20A-80-A"},{"r":"350","t":"26:36:20","h":"Ouest","s":"25S-H56S000A-80-A"},{"r":"358","t":"26:40:00","h":"Ouest","s":"25N-H59N000A-80-A"},{"r":"358","t":"26:40:00","h":"Ouest","s":"25N-H59N000I-80-I"},{"r":"358","t":"26:40:00","h":"Ouest","s":"25N-H59N100F-80-F1"},{"r":"358","t":"26:40:00","h":"Ouest","s":"25N-H59N200F-81-F2"},{"r":"358","t":"26:40:00","h":"Ouest","s":"25N-H59N300F-80-F3"},{"r":"358","t":"26:40:00","h":"Ouest","s":"25N-H59N400F-80-F4"},{"r":"358","t":"26:40:00","h":"Ouest","s":"25N-H59NV10A-80-A"},{"r":"358","t":"26:40:00","h":"Ouest","s":"25N-H59NV10I-80-I"},{"r":"358","t":"26:40:00","h":"Ouest","s":"25N-H59NV20I-80-I"},{"r":"358","t":"26:40:00","h":"Ouest","s":"25N-H59VN20A-80-A"},{"r":"358","t":"26:40:00","h":"Ouest","s":"25S-H59S000A-81-A"},{"r":"358","t":"26:40:00","h":"Ouest","s":"25S-H59S000I-81-I"},{"r":"358","t":"26:40:00","h":"Ouest","s":"25S-H59S100F-81-F1"},{"r":"358","t":"26:40:00","h":"Ouest","s":"25S-H59S200F-81-F2"},{"r":"358","t":"26:41:00","h":"Ouest","s":"25N-H59N000S-80-S"},{"r":"358","t":"26:41:00","h":"Ouest","s":"25N-H59NV10S-84-S"},{"r":"358","t":"26:41:00","h":"Ouest","s":"25N-H59NV20S-80-S"},{"r":"358","t":"26:41:00","h":"Ouest","s":"25S-H59S000S-81-S"},{"r":"350","t":"26:43:42","h":"Ouest","s":"25N-H56N000S-80-S"},{"r":"350","t":"26:43:42","h":"Ouest","s":"25N-H56NV10S-80-S"},{"r":"350","t":"26:43:42","h":"Ouest","s":"25N-H56NV20S-80-S"},{"r":"350","t":"26:43:42","h":"Ouest","s":"25S-H56S000S-80-S"},{"r":"355","t":"26:44:03","h":"Sud","s":"25N-H54N000I-80-I"},{"r":"355","t":"26:44:03","h":"Sud","s":"25N-H54N100F-80-F1"},{"r":"355","t":"26:44:03","h":"Sud","s":"25N-H54N200F-80-F2"},{"r":"355","t":"26:44:03","h":"Sud","s":"25N-H54N300F-80-F3"},{"r":"355","t":"26:44:03","h":"Sud","s":"25N-H54N400F-80-F4"},{"r":"355","t":"26:44:03","h":"Sud","s":"25N-H54NV10I-80-I"},{"r":"355","t":"26:44:03","h":"Sud","s":"25N-H54NV20I-80-I"},{"r":"355","t":"26:44:03","h":"Sud","s":"25S-H54S000I-82-I"},{"r":"355","t":"26:44:03","h":"Sud","s":"25S-H54S100F-80-F1"},{"r":"355","t":"26:44:03","h":"Sud","s":"25S-H54S200F-80-F2"},{"r":"350","t":"26:46:20","h":"Ouest","s":"25N-H56N000A-80-A"},{"r":"350","t":"26:46:20","h":"Ouest","s":"25N-H56NV10A-80-A"},{"r":"350","t":"26:46:20","h":"Ouest","s":"25N-H56NV20A-80-A"},{"r":"350","t":"26:46:20","h":"Ouest","s":"25S-H56S000A-80-A"},{"r":"355","t":"26:46:32","h":"Sud","s":"25N-H54N000S-80-S"},{"r":"355","t":"26:46:32","h":"Sud","s":"25N-H54NV10S-82-S"},{"r":"355","t":"26:46:32","h":"Sud","s":"25N-H54NV20S-80-S"},{"r":"355","t":"26:46:32","h":"Sud","s":"25S-H54S000S-82-S"},{"r":"355","t":"26:48:03","h":"Sud","s":"25N-H54N000A-80-A"},{"r":"355","t":"26:48:03","h":"Sud","s":"25N-H54NV10A-80-A"},{"r":"355","t":"26:48:03","h":"Sud","s":"25N-H54NV20A-80-A"},{"r":"355","t":"26:48:03","h":"Sud","s":"25S-H54S000A-83-A"},{"r":"350","t":"26:51:31","h":"Ouest","s":"25N-H56N000I-80-I"},{"r":"350","t":"26:51:31","h":"Ouest","s":"25N-H56N100F-80-F1"},{"r":"350","t":"26:51:31","h":"Ouest","s":"25N-H56N200F-80-F2"},{"r":"350","t":"26:51:31","h":"Ouest","s":"25N-H56N300F-80-F3"},{"r":"350","t":"26:51:31","h":"Ouest","s":"25N-H56N400F-80-F4"},{"r":"350","t":"26:51:31","h":"Ouest","s":"25N-H56NV10I-80-I"},{"r":"350","t":"26:51:31","h":"Ouest","s":"25N-H56NV20I-80-I"},{"r":"350","t":"26:51:31","h":"Ouest","s":"25S-H56S000I-80-I"},{"r":"350","t":"26:51:31","h":"Ouest","s":"25S-H56S100F-80-F1"},{"r":"350","t":"26:51:31","h":"Ouest","s":"25S-H56S200F-81-F2"},{"r":"358","t":"26:56:00","h":"Ouest","s":"25N-H59N000S-80-SV"},{"r":"358","t":"26:56:00","h":"Ouest","s":"25N-H59NV10S-84-SV"},{"r":"358","t":"26:56:00","h":"Ouest","s":"25N-H59NV20S-80-SV"},{"r":"358","t":"26:56:00","h":"Ouest","s":"25S-H59S000S-81-SV"},{"r":"350","t":"26:56:20","h":"Ouest","s":"25N-H56N000A-80-A"},{"r":"350","t":"26:56:20","h":"Ouest","s":"25N-H56NV10A-80-A"},{"r":"350","t":"26:56:20","h":"Ouest","s":"25N-H56NV20A-80-A"},{"r":"350","t":"26:56:20","h":"Ouest","s":"25S-H56S000A-80-A"},{"r":"364","t":"27:04:42","h":"Ouest","s":"25N-H54N000I-80-I"},{"r":"364","t":"27:04:42","h":"Ouest","s":"25N-H54N000S-80-S"},{"r":"364","t":"27:04:42","h":"Ouest","s":"25N-H54N100F-80-F1"},{"r":"364","t":"27:04:42","h":"Ouest","s":"25N-H54N200F-80-F2"},{"r":"364","t":"27:04:42","h":"Ouest","s":"25N-H54N300F-80-F3"},{"r":"364","t":"27:04:42","h":"Ouest","s":"25N-H54N400F-80-F4"},{"r":"364","t":"27:04:42","h":"Ouest","s":"25N-H54NV10I-80-I"},{"r":"364","t":"27:04:42","h":"Ouest","s":"25N-H54NV10S-82-S"},{"r":"364","t":"27:04:42","h":"Ouest","s":"25N-H54NV20I-80-I"},{"r":"364","t":"27:04:42","h":"Ouest","s":"25N-H54NV20S-80-S"},{"r":"364","t":"27:04:42","h":"Ouest","s":"25S-H54S000I-82-I"},{"r":"364","t":"27:04:42","h":"Ouest","s":"25S-H54S000S-82-S"},{"r":"364","t":"27:04:42","h":"Ouest","s":"25S-H54S100F-80-F1"},{"r":"364","t":"27:04:42","h":"Ouest","s":"25S-H54S200F-80-F2"},{"r":"364","t":"27:05:42","h":"Ouest","s":"25N-H54N000A-80-A"},{"r":"364","t":"27:05:42","h":"Ouest","s":"25N-H54NV10A-80-A"},{"r":"364","t":"27:05:42","h":"Ouest","s":"25N-H54NV20A-80-A"},{"r":"364","t":"27:05:42","h":"Ouest","s":"25S-H54S000A-83-A"},{"r":"350","t":"27:06:20","h":"Ouest","s":"25N-H56N000A-80-A"},{"r":"350","t":"27:06:20","h":"Ouest","s":"25N-H56NV10A-80-A"},{"r":"350","t":"27:06:20","h":"Ouest","s":"25N-H56NV20A-80-A"},{"r":"350","t":"27:06:20","h":"Ouest","s":"25S-H56S000A-80-A"},{"r":"358","t":"27:09:00","h":"Ouest","s":"25N-H59N000A-80-A"},{"r":"358","t":"27:09:00","h":"Ouest","s":"25N-H59NV10A-80-A"},{"r":"358","t":"27:09:00","h":"Ouest","s":"25N-H59VN20A-80-A"},{"r":"358","t":"27:09:00","h":"Ouest","s":"25S-H59S000A-81-A"},{"r":"358","t":"27:10:00","h":"Ouest","s":"25N-H59N000I-80-I"},{"r":"358","t":"27:10:00","h":"Ouest","s":"25N-H59N100F-80-F1"},{"r":"358","t":"27:10:00","h":"Ouest","s":"25N-H59N200F-81-F2"},{"r":"358","t":"27:10:00","h":"Ouest","s":"25N-H59N300F-80-F3"},{"r":"358","t":"27:10:00","h":"Ouest","s":"25N-H59N400F-80-F4"},{"r":"358","t":"27:10:00","h":"Ouest","s":"25N-H59NV10I-80-I"},{"r":"358","t":"27:10:00","h":"Ouest","s":"25N-H59NV20I-80-I"},{"r":"358","t":"27:10:00","h":"Ouest","s":"25S-H59S000I-81-I"},{"r":"358","t":"27:10:00","h":"Ouest","s":"25S-H59S100F-81-F1"},{"r":"358","t":"27:10:00","h":"Ouest","s":"25S-H59S200F-81-F2"},{"r":"358","t":"27:11:00","h":"Ouest","s":"25N-H59N000S-80-S"},{"r":"358","t":"27:11:00","h":"Ouest","s":"25N-H59NV10S-84-S"},{"r":"358","t":"27:11:00","h":"Ouest","s":"25N-H59NV20S-80-S"},{"r":"358","t":"27:11:00","h":"Ouest","s":"25S-H59S000S-81-S"},{"r":"350","t":"27:16:20","h":"Ouest","s":"25N-H56N000A-80-A"},{"r":"350","t":"27:16:20","h":"Ouest","s":"25N-H56NV10A-80-A"},{"r":"350","t":"27:16:20","h":"Ouest","s":"25N-H56NV20A-80-A"},{"r":"350","t":"27:16:20","h":"Ouest","s":"25S-H56S000A-80-A"},{"r":"350","t":"27:17:31","h":"Ouest","s":"25N-H56N000I-80-I"},{"r":"350","t":"27:17:31","h":"Ouest","s":"25N-H56N100F-80-F1"},{"r":"350","t":"27:17:31","h":"Ouest","s":"25N-H56N200F-80-F2"},{"r":"350","t":"27:17:31","h":"Ouest","s":"25N-H56N300F-80-F3"},{"r":"350","t":"27:17:31","h":"Ouest","s":"25N-H56N400F-80-F4"},{"r":"350","t":"27:17:31","h":"Ouest","s":"25N-H56NV10I-80-I"},{"r":"350","t":"27:17:31","h":"Ouest","s":"25N-H56NV20I-80-I"},{"r":"350","t":"27:17:31","h":"Ouest","s":"25S-H56S000I-80-I"},{"r":"350","t":"27:17:31","h":"Ouest","s":"25S-H56S100F-80-F1"},{"r":"350","t":"27:17:31","h":"Ouest","s":"25S-H56S200F-81-F2"},{"r":"358","t":"27:26:00","h":"Ouest","s":"25N-H59N000S-80-SV"},{"r":"358","t":"27:26:00","h":"Ouest","s":"25N-H59NV10S-84-SV"},{"r":"358","t":"27:26:00","h":"Ouest","s":"25N-H59NV20S-80-SV"},{"r":"358","t":"27:26:00","h":"Ouest","s":"25S-H59S000S-81-SV"},{"r":"350","t":"27:26:20","h":"Ouest","s":"25N-H56N000A-80-A"},{"r":"350","t":"27:26:20","h":"Ouest","s":"25N-H56NV10A-80-A"},{"r":"350","t":"27:26:20","h":"Ouest","s":"25N-H56NV20A-80-A"},{"r":"350","t":"27:26:20","h":"Ouest","s":"25S-H56S000A-80-A"},{"r":"358","t":"27:29:00","h":"Ouest","s":"25N-H59N000A-80-A"},{"r":"358","t":"27:29:00","h":"Ouest","s":"25N-H59NV10A-80-A"},{"r":"358","t":"27:29:00","h":"Ouest","s":"25N-H59VN20A-80-A"},{"r":"358","t":"27:29:00","h":"Ouest","s":"25S-H59S000A-81-A"},{"r":"350","t":"27:29:42","h":"Ouest","s":"25N-H56N000S-80-S"},{"r":"350","t":"27:29:42","h":"Ouest","s":"25N-H56NV10S-80-S"},{"r":"350","t":"27:29:42","h":"Ouest","s":"25N-H56NV20S-80-S"},{"r":"350","t":"27:29:42","h":"Ouest","s":"25S-H56S000S-80-S"},{"r":"355","t":"27:30:03","h":"Sud","s":"25N-H54N000I-80-I"},{"r":"355","t":"27:30:03","h":"Sud","s":"25N-H54N100F-80-F1"},{"r":"355","t":"27:30:03","h":"Sud","s":"25N-H54N200F-80-F2"},{"r":"355","t":"27:30:03","h":"Sud","s":"25N-H54N300F-80-F3"},{"r":"355","t":"27:30:03","h":"Sud","s":"25N-H54N400F-80-F4"},{"r":"355","t":"27:30:03","h":"Sud","s":"25N-H54NV10I-80-I"},{"r":"355","t":"27:30:03","h":"Sud","s":"25N-H54NV20I-80-I"},{"r":"355","t":"27:30:03","h":"Sud","s":"25S-H54S000I-82-I"},{"r":"355","t":"27:30:03","h":"Sud","s":"25S-H54S100F-80-F1"},{"r":"355","t":"27:30:03","h":"Sud","s":"25S-H54S200F-80-F2"},{"r":"355","t":"27:31:32","h":"Sud","s":"25N-H54N000S-80-S"},{"r":"355","t":"27:31:32","h":"Sud","s":"25N-H54NV10S-82-S"},{"r":"355","t":"27:31:32","h":"Sud","s":"25N-H54NV20S-80-S"},{"r":"355","t":"27:31:32","h":"Sud","s":"25S-H54S000S-82-S"},{"r":"355","t":"27:32:03","h":"Sud","s":"25N-H54N000A-80-A"},{"r":"355","t":"27:32:03","h":"Sud","s":"25N-H54NV10A-80-A"},{"r":"355","t":"27:32:03","h":"Sud","s":"25N-H54NV20A-80-A"},{"r":"355","t":"27:32:03","h":"Sud","s":"25S-H54S000A-83-A"},{"r":"350","t":"27:36:20","h":"Ouest","s":"25N-H56N000A-80-A"},{"r":"350","t":"27:36:20","h":"Ouest","s":"25N-H56NV10A-80-A"},{"r":"350","t":"27:36:20","h":"Ouest","s":"25N-H56NV20A-80-A"},{"r":"350","t":"27:36:20","h":"Ouest","s":"25S-H56S000A-80-A"},{"r":"358","t":"27:40:00","h":"Ouest","s":"25N-H59N000I-80-I"},{"r":"358","t":"27:40:00","h":"Ouest","s":"25N-H59N100F-80-F1"},{"r":"358","t":"27:40:00","h":"Ouest","s":"25N-H59N200F-81-F2"},{"r":"358","t":"27:40:00","h":"Ouest","s":"25N-H59N300F-80-F3"},{"r":"358","t":"27:40:00","h":"Ouest","s":"25N-H59N400F-80-F4"},{"r":"358","t":"27:40:00","h":"Ouest","s":"25N-H59NV10I-80-I"},{"r":"358","t":"27:40:00","h":"Ouest","s":"25N-H59NV20I-80-I"},{"r":"358","t":"27:40:00","h":"Ouest","s":"25S-H59S000I-81-I"},{"r":"358","t":"27:40:00","h":"Ouest","s":"25S-H59S100F-81-F1"},{"r":"358","t":"27:40:00","h":"Ouest","s":"25S-H59S200F-81-F2"},{"r":"358","t":"27:41:00","h":"Ouest","s":"25N-H59N000S-80-S"},{"r":"358","t":"27:41:00","h":"Ouest","s":"25N-H59NV10S-84-S"},{"r":"358","t":"27:41:00","h":"Ouest","s":"25N-H59NV20S-80-S"},{"r":"358","t":"27:41:00","h":"Ouest","s":"25S-H59S000S-81-S"},{"r":"350","t":"27:43:31","h":"Ouest","s":"25N-H56N000I-80-I"},{"r":"350","t":"27:43:31","h":"Ouest","s":"25N-H56N100F-80-F1"},{"r":"350","t":"27:43:31","h":"Ouest","s":"25N-H56N200F-80-F2"},{"r":"350","t":"27:43:31","h":"Ouest","s":"25N-H56N300F-80-F3"},{"r":"350","t":"27:43:31","h":"Ouest","s":"25N-H56N400F-80-F4"},{"r":"350","t":"27:43:31","h":"Ouest","s":"25N-H56NV10I-80-I"},{"r":"350","t":"27:43:31","h":"Ouest","s":"25N-H56NV20I-80-I"},{"r":"350","t":"27:43:31","h":"Ouest","s":"25S-H56S000I-80-I"},{"r":"350","t":"27:43:31","h":"Ouest","s":"25S-H56S100F-80-F1"},{"r":"350","t":"27:43:31","h":"Ouest","s":"25S-H56S200F-81-F2"},{"r":"358","t":"27:46:00","h":"Ouest","s":"25N-H59N000A-80-A"},{"r":"358","t":"27:46:00","h":"Ouest","s":"25N-H59NV10A-80-A"},{"r":"358","t":"27:46:00","h":"Ouest","s":"25N-H59VN20A-80-A"},{"r":"358","t":"27:46:00","h":"Ouest","s":"25S-H59S000A-81-A"},{"r":"350","t":"27:46:20","h":"Ouest","s":"25N-H56N000A-80-A"},{"r":"350","t":"27:46:20","h":"Ouest","s":"25N-H56NV10A-80-A"},{"r":"350","t":"27:46:20","h":"Ouest","s":"25N-H56NV20A-80-A"},{"r":"350","t":"27:46:20","h":"Ouest","s":"25S-H56S000A-80-A"},{"r":"364","t":"27:50:42","h":"Ouest","s":"25N-H54N000A-80-A"},{"r":"364","t":"27:50:42","h":"Ouest","s":"25N-H54N000I-80-I"},{"r":"364","t":"27:50:42","h":"Ouest","s":"25N-H54N000S-80-S"},{"r":"364","t":"27:50:42","h":"Ouest","s":"25N-H54N100F-80-F1"},{"r":"364","t":"27:50:42","h":"Ouest","s":"25N-H54N200F-80-F2"},{"r":"364","t":"27:50:42","h":"Ouest","s":"25N-H54N300F-80-F3"},{"r":"364","t":"27:50:42","h":"Ouest","s":"25N-H54N400F-80-F4"},{"r":"364","t":"27:50:42","h":"Ouest","s":"25N-H54NV10A-80-A"},{"r":"364","t":"27:50:42","h":"Ouest","s":"25N-H54NV10I-80-I"},{"r":"364","t":"27:50:42","h":"Ouest","s":"25N-H54NV10S-82-S"},{"r":"364","t":"27:50:42","h":"Ouest","s":"25N-H54NV20A-80-A"},{"r":"364","t":"27:50:42","h":"Ouest","s":"25N-H54NV20I-80-I"},{"r":"364","t":"27:50:42","h":"Ouest","s":"25N-H54NV20S-80-S"},{"r":"364","t":"27:50:42","h":"Ouest","s":"25S-H54S000A-83-A"},{"r":"364","t":"27:50:42","h":"Ouest","s":"25S-H54S000I-82-I"},{"r":"364","t":"27:50:42","h":"Ouest","s":"25S-H54S000S-82-S"},{"r":"364","t":"27:50:42","h":"Ouest","s":"25S-H54S100F-80-F1"},{"r":"364","t":"27:50:42","h":"Ouest","s":"25S-H54S200F-80-F2"},{"r":"358","t":"27:56:00","h":"Ouest","s":"25N-H59N000S-80-SV"},{"r":"358","t":"27:56:00","h":"Ouest","s":"25N-H59NV10S-84-SV"},{"r":"358","t":"27:56:00","h":"Ouest","s":"25N-H59NV20S-80-SV"},{"r":"358","t":"27:56:00","h":"Ouest","s":"25S-H59S000S-81-SV"},{"r":"350","t":"27:56:20","h":"Ouest","s":"25N-H56N000A-80-A"},{"r":"350","t":"27:56:20","h":"Ouest","s":"25N-H56NV10A-80-A"},{"r":"350","t":"27:56:20","h":"Ouest","s":"25N-H56NV20A-80-A"},{"r":"350","t":"27:56:20","h":"Ouest","s":"25S-H56S000A-80-A"},{"r":"350","t":"27:58:42","h":"Ouest","s":"25N-H56N000S-80-S"},{"r":"350","t":"27:58:42","h":"Ouest","s":"25N-H56NV10S-80-S"},{"r":"350","t":"27:58:42","h":"Ouest","s":"25N-H56NV20S-80-S"},{"r":"350","t":"27:58:42","h":"Ouest","s":"25S-H56S000S-80-S"},{"r":"350","t":"28:07:20","h":"Ouest","s":"25N-H56N000A-80-A"},{"r":"350","t":"28:07:20","h":"Ouest","s":"25N-H56NV10A-80-A"},{"r":"350","t":"28:07:20","h":"Ouest","s":"25N-H56NV20A-80-A"},{"r":"350","t":"28:07:20","h":"Ouest","s":"25S-H56S000A-80-A"},{"r":"350","t":"28:09:31","h":"Ouest","s":"25N-H56N000I-80-I"},{"r":"350","t":"28:09:31","h":"Ouest","s":"25N-H56N100F-80-F1"},{"r":"350","t":"28:09:31","h":"Ouest","s":"25N-H56N200F-80-F2"},{"r":"350","t":"28:09:31","h":"Ouest","s":"25N-H56N300F-80-F3"},{"r":"350","t":"28:09:31","h":"Ouest","s":"25N-H56N400F-80-F4"},{"r":"350","t":"28:09:31","h":"Ouest","s":"25N-H56NV10I-80-I"},{"r":"350","t":"28:09:31","h":"Ouest","s":"25N-H56NV20I-80-I"},{"r":"350","t":"28:09:31","h":"Ouest","s":"25S-H56S000I-80-I"},{"r":"350","t":"28:09:31","h":"Ouest","s":"25S-H56S100F-80-F1"},{"r":"350","t":"28:09:31","h":"Ouest","s":"25S-H56S200F-81-F2"},{"r":"358","t":"28:10:00","h":"Ouest","s":"25N-H59N000I-80-I"},{"r":"358","t":"28:10:00","h":"Ouest","s":"25N-H59N100F-80-F1"},{"r":"358","t":"28:10:00","h":"Ouest","s":"25N-H59N200F-81-F2"},{"r":"358","t":"28:10:00","h":"Ouest","s":"25N-H59N300F-80-F3"},{"r":"358","t":"28:10:00","h":"Ouest","s":"25N-H59N400F-80-F4"},{"r":"358","t":"28:10:00","h":"Ouest","s":"25N-H59NV10I-80-I"},{"r":"358","t":"28:10:00","h":"Ouest","s":"25N-H59NV20I-80-I"},{"r":"358","t":"28:10:00","h":"Ouest","s":"25S-H59S000I-81-I"},{"r":"358","t":"28:10:00","h":"Ouest","s":"25S-H59S100F-81-F1"},{"r":"358","t":"28:10:00","h":"Ouest","s":"25S-H59S200F-81-F2"},{"r":"358","t":"28:11:00","h":"Ouest","s":"25N-H59N000S-80-S"},{"r":"358","t":"28:11:00","h":"Ouest","s":"25N-H59NV10S-84-S"},{"r":"358","t":"28:11:00","h":"Ouest","s":"25N-H59NV20S-80-S"},{"r":"358","t":"28:11:00","h":"Ouest","s":"25S-H59S000S-81-S"},{"r":"350","t":"28:13:42","h":"Ouest","s":"25N-H56N000S-80-S"},{"r":"350","t":"28:13:42","h":"Ouest","s":"25N-H56NV10S-80-S"},{"r":"350","t":"28:13:42","h":"Ouest","s":"25N-H56NV20S-80-S"},{"r":"350","t":"28:13:42","h":"Ouest","s":"25S-H56S000S-80-S"},{"r":"358","t":"28:14:00","h":"Ouest","s":"25N-H59N000A-80-A"},{"r":"358","t":"28:14:00","h":"Ouest","s":"25N-H59NV10A-80-A"},{"r":"358","t":"28:14:00","h":"Ouest","s":"25N-H59VN20A-80-A"},{"r":"358","t":"28:14:00","h":"Ouest","s":"25S-H59S000A-81-A"},{"r":"355","t":"28:16:03","h":"Sud","s":"25N-H54N000I-80-I"},{"r":"355","t":"28:16:03","h":"Sud","s":"25N-H54N100F-80-F1"},{"r":"355","t":"28:16:03","h":"Sud","s":"25N-H54N200F-80-F2"},{"r":"355","t":"28:16:03","h":"Sud","s":"25N-H54N300F-80-F3"},{"r":"355","t":"28:16:03","h":"Sud","s":"25N-H54N400F-80-F4"},{"r":"355","t":"28:16:03","h":"Sud","s":"25N-H54NV10I-80-I"},{"r":"355","t":"28:16:03","h":"Sud","s":"25N-H54NV20I-80-I"},{"r":"355","t":"28:16:03","h":"Sud","s":"25S-H54S000I-82-I"},{"r":"355","t":"28:16:03","h":"Sud","s":"25S-H54S100F-80-F1"},{"r":"355","t":"28:16:03","h":"Sud","s":"25S-H54S200F-80-F2"},{"r":"355","t":"28:17:03","h":"Sud","s":"25N-H54N000A-80-A"},{"r":"355","t":"28:17:03","h":"Sud","s":"25N-H54NV10A-80-A"},{"r":"355","t":"28:17:03","h":"Sud","s":"25N-H54NV20A-80-A"},{"r":"355","t":"28:17:03","h":"Sud","s":"25S-H54S000A-83-A"},{"r":"355","t":"28:18:32","h":"Sud","s":"25N-H54N000S-80-S"},{"r":"355","t":"28:18:32","h":"Sud","s":"25N-H54NV10S-82-S"},{"r":"355","t":"28:18:32","h":"Sud","s":"25N-H54NV20S-80-S"},{"r":"355","t":"28:18:32","h":"Sud","s":"25S-H54S000S-82-S"},{"r":"358","t":"28:26:00","h":"Ouest","s":"25N-H59N000S-80-SV"},{"r":"358","t":"28:26:00","h":"Ouest","s":"25N-H59NV10S-84-SV"},{"r":"358","t":"28:26:00","h":"Ouest","s":"25N-H59NV20S-80-SV"},{"r":"358","t":"28:26:00","h":"Ouest","s":"25S-H59S000S-81-SV"},{"r":"350","t":"28:28:20","h":"Ouest","s":"25N-H56N000A-80-A"},{"r":"350","t":"28:28:20","h":"Ouest","s":"25N-H56NV10A-80-A"},{"r":"350","t":"28:28:20","h":"Ouest","s":"25N-H56NV20A-80-A"},{"r":"350","t":"28:28:20","h":"Ouest","s":"25S-H56S000A-80-A"},{"r":"364","t":"28:34:42","h":"Ouest","s":"25N-H54N000I-80-I"},{"r":"364","t":"28:34:42","h":"Ouest","s":"25N-H54N000S-80-S"},{"r":"364","t":"28:34:42","h":"Ouest","s":"25N-H54N100F-80-F1"},{"r":"364","t":"28:34:42","h":"Ouest","s":"25N-H54N200F-80-F2"},{"r":"364","t":"28:34:42","h":"Ouest","s":"25N-H54N300F-80-F3"},{"r":"364","t":"28:34:42","h":"Ouest","s":"25N-H54N400F-80-F4"},{"r":"364","t":"28:34:42","h":"Ouest","s":"25N-H54NV10I-80-I"},{"r":"364","t":"28:34:42","h":"Ouest","s":"25N-H54NV10S-82-S"},{"r":"364","t":"28:34:42","h":"Ouest","s":"25N-H54NV20I-80-I"},{"r":"364","t":"28:34:42","h":"Ouest","s":"25N-H54NV20S-80-S"},{"r":"364","t":"28:34:42","h":"Ouest","s":"25S-H54S000I-82-I"},{"r":"364","t":"28:34:42","h":"Ouest","s":"25S-H54S000S-82-S"},{"r":"364","t":"28:34:42","h":"Ouest","s":"25S-H54S100F-80-F1"},{"r":"364","t":"28:34:42","h":"Ouest","s":"25S-H54S200F-80-F2"},{"r":"364","t":"28:35:42","h":"Ouest","s":"25N-H54N000A-80-A"},{"r":"364","t":"28:35:42","h":"Ouest","s":"25N-H54NV10A-80-A"},{"r":"364","t":"28:35:42","h":"Ouest","s":"25N-H54NV20A-80-A"},{"r":"364","t":"28:35:42","h":"Ouest","s":"25S-H54S000A-83-A"},{"r":"358","t":"28:40:00","h":"Ouest","s":"25N-H59N000I-80-I"},{"r":"358","t":"28:40:00","h":"Ouest","s":"25N-H59N100F-80-F1"},{"r":"358","t":"28:40:00","h":"Ouest","s":"25N-H59N200F-81-F2"},{"r":"358","t":"28:40:00","h":"Ouest","s":"25N-H59N300F-80-F3"},{"r":"358","t":"28:40:00","h":"Ouest","s":"25N-H59N400F-80-F4"},{"r":"358","t":"28:40:00","h":"Ouest","s":"25N-H59NV10I-80-I"},{"r":"358","t":"28:40:00","h":"Ouest","s":"25N-H59NV20I-80-I"},{"r":"358","t":"28:40:00","h":"Ouest","s":"25S-H59S000I-81-I"},{"r":"358","t":"28:40:00","h":"Ouest","s":"25S-H59S100F-81-F1"},{"r":"358","t":"28:40:00","h":"Ouest","s":"25S-H59S200F-81-F2"},{"r":"358","t":"28:41:00","h":"Ouest","s":"25N-H59N000S-80-S"},{"r":"358","t":"28:41:00","h":"Ouest","s":"25N-H59NV10S-84-S"},{"r":"358","t":"28:41:00","h":"Ouest","s":"25N-H59NV20S-80-S"},{"r":"358","t":"28:41:00","h":"Ouest","s":"25S-H59S000S-81-S"},{"r":"358","t":"28:44:00","h":"Ouest","s":"25N-H59N000A-80-A"},{"r":"358","t":"28:44:00","h":"Ouest","s":"25N-H59NV10A-80-A"},{"r":"358","t":"28:44:00","h":"Ouest","s":"25N-H59VN20A-80-A"},{"r":"358","t":"28:44:00","h":"Ouest","s":"25S-H59S000A-81-A"},{"r":"358","t":"28:56:00","h":"Ouest","s":"25N-H59N000S-80-SV"},{"r":"358","t":"28:56:00","h":"Ouest","s":"25N-H59NV10S-84-SV"},{"r":"358","t":"28:56:00","h":"Ouest","s":"25N-H59NV20S-80-SV"},{"r":"358","t":"28:56:00","h":"Ouest","s":"25S-H59S000S-81-SV"},{"r":"355","t":"29:02:03","h":"Sud","s":"25N-H54N000A-80-A"},{"r":"355","t":"29:02:03","h":"Sud","s":"25N-H54NV10A-80-A"},{"r":"355","t":"29:02:03","h":"Sud","s":"25N-H54NV20A-80-A"},{"r":"355","t":"29:02:03","h":"Sud","s":"25S-H54S000A-83-A"},{"r":"355","t":"29:02:32","h":"Sud","s":"25N-H54N000S-80-S"},{"r":"355","t":"29:02:32","h":"Sud","s":"25N-H54NV10S-82-S"},{"r":"355","t":"29:02:32","h":"Sud","s":"25N-H54NV20S-80-S"},{"r":"355","t":"29:02:32","h":"Sud","s":"25S-H54S000S-82-S"},{"r":"355","t":"29:04:03","h":"Sud","s":"25N-H54N000I-80-I"},{"r":"355","t":"29:04:03","h":"Sud","s":"25N-H54N100F-80-F1"},{"r":"355","t":"29:04:03","h":"Sud","s":"25N-H54N200F-80-F2"},{"r":"355","t":"29:04:03","h":"Sud","s":"25N-H54N300F-80-F3"},{"r":"355","t":"29:04:03","h":"Sud","s":"25N-H54N400F-80-F4"},{"r":"355","t":"29:04:03","h":"Sud","s":"25N-H54NV10I-80-I"},{"r":"355","t":"29:04:03","h":"Sud","s":"25N-H54NV20I-80-I"},{"r":"355","t":"29:04:03","h":"Sud","s":"25S-H54S000I-82-I"},{"r":"355","t":"29:04:03","h":"Sud","s":"25S-H54S100F-80-F1"},{"r":"355","t":"29:04:03","h":"Sud","s":"25S-H54S200F-80-F2"},{"r":"358","t":"29:10:00","h":"Ouest","s":"25N-H59N000I-80-I"},{"r":"358","t":"29:10:00","h":"Ouest","s":"25N-H59N100F-80-F1"},{"r":"358","t":"29:10:00","h":"Ouest","s":"25N-H59N200F-81-F2"},{"r":"358","t":"29:10:00","h":"Ouest","s":"25N-H59N300F-80-F3"},{"r":"358","t":"29:10:00","h":"Ouest","s":"25N-H59N400F-80-F4"},{"r":"358","t":"29:10:00","h":"Ouest","s":"25N-H59NV10I-80-I"},{"r":"358","t":"29:10:00","h":"Ouest","s":"25N-H59NV20I-80-I"},{"r":"358","t":"29:10:00","h":"Ouest","s":"25S-H59S000I-81-I"},{"r":"358","t":"29:10:00","h":"Ouest","s":"25S-H59S100F-81-F1"},{"r":"358","t":"29:10:00","h":"Ouest","s":"25S-H59S200F-81-F2"},{"r":"358","t":"29:11:00","h":"Ouest","s":"25N-H59N000S-80-S"},{"r":"358","t":"29:11:00","h":"Ouest","s":"25N-H59NV10S-84-S"},{"r":"358","t":"29:11:00","h":"Ouest","s":"25N-H59NV20S-80-S"},{"r":"358","t":"29:11:00","h":"Ouest","s":"25S-H59S000S-81-S"},{"r":"358","t":"29:13:00","h":"Ouest","s":"25N-H59N000A-80-A"},{"r":"358","t":"29:13:00","h":"Ouest","s":"25N-H59NV10A-80-A"},{"r":"358","t":"29:13:00","h":"Ouest","s":"25N-H59VN20A-80-A"},{"r":"358","t":"29:13:00","h":"Ouest","s":"25S-H59S000A-81-A"},{"r":"364","t":"29:14:42","h":"Ouest","s":"25N-H54N000A-80-A"},{"r":"364","t":"29:14:42","h":"Ouest","s":"25N-H54NV10A-80-A"},{"r":"364","t":"29:14:42","h":"Ouest","s":"25N-H54NV20A-80-A"},{"r":"364","t":"29:14:42","h":"Ouest","s":"25S-H54S000A-83-A"},{"r":"355","t":"29:27:03","h":"Sud","s":"25N-H54N000A-80-A"},{"r":"355","t":"29:27:03","h":"Sud","s":"25N-H54NV10A-80-A"},{"r":"355","t":"29:27:03","h":"Sud","s":"25N-H54NV20A-80-A"},{"r":"355","t":"29:27:03","h":"Sud","s":"25S-H54S000A-83-A"},{"r":"355","t":"29:33:03","h":"Sud","s":"25N-H54N000I-80-I"},{"r":"355","t":"29:33:03","h":"Sud","s":"25N-H54N100F-80-F1"},{"r":"355","t":"29:33:03","h":"Sud","s":"25N-H54N200F-80-F2"},{"r":"355","t":"29:33:03","h":"Sud","s":"25N-H54N300F-80-F3"},{"r":"355","t":"29:33:03","h":"Sud","s":"25N-H54N400F-80-F4"},{"r":"355","t":"29:33:03","h":"Sud","s":"25N-H54NV10I-80-I"},{"r":"355","t":"29:33:03","h":"Sud","s":"25N-H54NV20I-80-I"},{"r":"355","t":"29:33:03","h":"Sud","s":"25S-H54S000I-82-I"},{"r":"355","t":"29:33:03","h":"Sud","s":"25S-H54S100F-80-F1"},{"r":"355","t":"29:33:03","h":"Sud","s":"25S-H54S200F-80-F2"},{"r":"355","t":"29:34:32","h":"Sud","s":"25N-H54N000S-80-S"},{"r":"355","t":"29:34:32","h":"Sud","s":"25N-H54NV10S-82-S"},{"r":"355","t":"29:34:32","h":"Sud","s":"25N-H54NV20S-80-S"},{"r":"355","t":"29:34:32","h":"Sud","s":"25S-H54S000S-82-S"}]