[{"r":"185","t":"06:06:36","h":"Est","s":"25N-H59N000I-80-I"},{"r":"185","t":"06:06:36","h":"Est","s":"25N-H59N100F-80-F1"},{"r":"185","t":"06:06:36","h":"Est","s":"25N-H59N200F-81-F2"},{"r":"185","t":"06:06:36","h":"Est","s":"25N-H59N300F-80-F3"},{"r":"185","t":"06:06:36","h":"Est","s":"25N-H59N400F-80-F4"},{"r":"185","t":"06:06:36","h":"Est","s":"25N-H59NV10I-80-I"},{"r":"185","t":"06:06:36","h":"Est","s":"25N-H59NV20I-80-I"},{"r":"185","t":"06:06:36","h":"Est","s":"25S-H59S000I-81-I"},{"r":"185","t":"06:06:36","h":"Est","s":"25S-H59S100F-81-F1"},{"r":"185","t":"06:06:36","h":"Est","s":"25S-H59S200F-81-F2"},{"r":"185","t":"06:07:36","h":"Est","s":"25N-H59N000A-80-A"},{"r":"185","t":"06:07:36","h":"Est","s":"25N-H59NV10A-80-A"},{"r":"185","t":"06:07:36","h":"Est","s":"25N-H59VN20A-80-A"},{"r":"185","t":"06:07:36","h":"Est","s":"25S-H59S000A-81-A"},{"r":"185","t":"06:13:15","h":"Est","s":"25N-H59N000S-80-S"},{"r":"185","t":"06:13:15","h":"Est","s":"25N-H59NV10S-84-S"},{"r":"185","t":"06:13:15","h":"Est","s":"25N-H59NV20S-80-S"},{"r":"185","t":"06:13:15","h":"Est","s":"25S-H59S000S-81-S"},{"r":"185","t":"06:33:36","h":"Est","s":"25N-H59N000A-80-A"},{"r":"185","t":"06:33:36","h":"Est","s":"25N-H59NV10A-80-A"},{"r":"185","t":"06:33:36","h":"Est","s":"25N-H59VN20A-80-A"},{"r":"185","t":"06:33:36","h":"Est","s":"25S-H59S000A-81-A"},{"r":"185","t":"06:37:36","h":"Est","s":"25N-H59N000I-80-I"},{"r":"185","t":"06:37:36","h":"Est","s":"25N-H59N100F-80-F1"},{"r":"185","t":"06:37:36","h":"Est","s":"25N-H59N200F-81-F2"},{"r":"185","t":"06:37:36","h":"Est","s":"25N-H59N300F-80-F3"},{"r":"185","t":"06:37:36","h":"Est","s":"25N-H59N400F-80-F4"},{"r":"185","t":"06:37:36","h":"Est","s":"25N-H59NV10I-80-I"},{"r":"185","t":"06:37:36","h":"Est","s":"25N-H59NV20I-80-I"},{"r":"185","t":"06:37:36","h":"Est","s":"25S-H59S000I-81-I"},{"r":"185","t":"06:37:36","h":"Est","s":"25S-H59S100F-81-F1"},{"r":"185","t":"06:37:36","h":"Est","s":"25S-H59S200F-81-F2"},{"r":"185","t":"06:44:15","h":"Est","s":"25N-H59N000S-80-S"},{"r":"185","t":"06:44:15","h":"Est","s":"25N-H59NV10S-84-S"},{"r":"185","t":"06:44:15","h":"Est","s":"25N-H59NV20S-80-S"},{"r":"185","t":"06:44:15","h":"Est","s":"25S-H59S000S-81-S"},{"r":"185","t":"07:04:36","h":"Est","s":"25N-H59N000A-80-A"},{"r":"185","t":"07:04:36","h":"Est","s":"25N-H59NV10A-80-A"},{"r":"185","t":"07:04:36","h":"Est","s":"25N-H59VN20A-80-A"},{"r":"185","t":"07:04:36","h":"Est","s":"25S-H59S000A-81-A"},{"r":"185","t":"07:07:36","h":"Est","s":"25N-H59N000I-80-I"},{"r":"185","t":"07:07:36","h":"Est","s":"25N-H59N100F-80-F1"},{"r":"185","t":"07:07:36","h":"Est","s":"25N-H59N200F-81-F2"},{"r":"185","t":"07:07:36","h":"Est","s":"25N-H59N300F-80-F3"},{"r":"185","t":"07:07:36","h":"Est","s":"25N-H59N400F-80-F4"},{"r":"185","t":"07:07:36","h":"Est","s":"25N-H59NV10I-80-I"},{"r":"185","t":"07:07:36","h":"Est","s":"25N-H59NV20I-80-I"},{"r":"185","t":"07:07:36","h":"Est","s":"25S-H59S000I-81-I"},{"r":"185","t":"07:07:36","h":"Est","s":"25S-H59S100F-81-F1"},{"r":"185","t":"07:07:36","h":"Est","s":"25S-H59S200F-81-F2"},{"r":"185","t":"07:18:15","h":"Est","s":"25N-H59N000S-80-S"},{"r":"185","t":"07:18:15","h":"Est","s":"25N-H59NV10S-84-S"},{"r":"185","t":"07:18:15","h":"Est","s":"25N-H59NV20S-80-S"},{"r":"185","t":"07:18:15","h":"Est","s":"25S-H59S000S-81-S"},{"r":"185","t":"07:33:36","h":"Est","s":"25N-H59N000A-80-A"},{"r":"185","t":"07:33:36","h":"Est","s":"25N-H59NV10A-80-A"},{"r":"185","t":"07:33:36","h":"Est","s":"25N-H59VN20A-80-A"},{"r":"185","t":"07:33:36","h":"Est","s":"25S-H59S000A-81-A"},{"r":"185","t":"07:40:36","h":"Est","s":"25N-H59N000I-80-I"},{"r":"185","t":"07:40:36","h":"Est","s":"25N-H59N100F-80-F1"},{"r":"185","t":"07:40:36","h":"Est","s":"25N-H59N200F-81-F2"},{"r":"185","t":"07:40:36","h":"Est","s":"25N-H59N300F-80-F3"},{"r":"185","t":"07:40:36","h":"Est","s":"25N-H59N400F-80-F4"},{"r":"185","t":"07:40:36","h":"Est","s":"25N-H59NV10I-80-I"},{"r":"185","t":"07:40:36","h":"Est","s":"25N-H59NV20I-80-I"},{"r":"185","t":"07:40:36","h":"Est","s":"25S-H59S000I-81-I"},{"r":"185","t":"07:40:36","h":"Est","s":"25S-H59S100F-81-F1"},{"r":"185","t":"07:40:36","h":"Est","s":"25S-H59S200F-81-F2"},{"r":"185","t":"07:53:15","h":"Est","s":"25N-H59N000S-80-S"},{"r":"185","t":"07:53:15","h":"Est","s":"25N-H59NV10S-84-S"},{"r":"185","t":"07:53:15","h":"Est","s":"25N-H59NV20S-80-S"},{"r":"185","t":"07:53:15","h":"Est","s":"25S-H59S000S-81-S"},{"r":"185","t":"08:03:15","h":"Est","s":"25N-H59N000A-80-A"},{"r":"185","t":"08:03:15","h":"Est","s":"25N-H59NV10A-80-A"},{"r":"185","t":"08:03:15","h":"Est","s":"25N-H59VN20A-80-A"},{"r":"185","t":"08:03:15","h":"Est","s":"25S-H59S000A-81-A"},{"r":"185","t":"08:14:36","h":"Est","s":"25N-H59N000I-80-I"},{"r":"185","t":"08:14:36","h":"Est","s":"25N-H59N100F-80-F1"},{"r":"185","t":"08:14:36","h":"Est","s":"25N-H59N200F-81-F2"},{"r":"185","t":"08:14:36","h":"Est","s":"25N-H59N300F-80-F3"},{"r":"185","t":"08:14:36","h":"Est","s":"25N-H59N400F-80-F4"},{"r":"185","t":"08:14:36","h":"Est","s":"25N-H59NV10I-80-I"},{"r":"185","t":"08:14:36","h":"Est","s":"25N-H59NV20I-80-I"},{"r":"185","t":"08:14:36","h":"Est","s":"25S-H59S000I-81-I"},{"r":"185","t":"08:14:36","h":"Est","s":"25S-H59S100F-81-F1"},{"r":"185","t":"08:14:36","h":"Est","s":"25S-H59S200F-81-F2"},{"r":"185","t":"08:25:15","h":"Est","s":"25N-H59N000S-80-S"},{"r":"185","t":"08:25:15","h":"Est","s":"25N-H59NV10S-84-S"},{"r":"185","t":"08:25:15","h":"Est","s":"25N-H59NV20S-80-S"},{"r":"185","t":"08:25:15","h":"Est","s":"25S-H59S000S-81-S"},{"r":"185","t":"08:33:15","h":"Est","s":"25N-H59N000A-80-A"},{"r":"185","t":"08:33:15","h":"Est","s":"25N-H59NV10A-80-A"},{"r":"185","t":"08:33:15","h":"Est","s":"25N-H59VN20A-80-A"},{"r":"185","t":"08:33:15","h":"Est","s":"25S-H59S000A-81-A"},{"r":"185","t":"08:45:36","h":"Est","s":"25N-H59N000I-80-I"},{"r":"185","t":"08:45:36","h":"Est","s":"25N-H59N100F-80-F1"},{"r":"185","t":"08:45:36","h":"Est","s":"25N-H59N200F-81-F2"},{"r":"185","t":"08:45:36","h":"Est","s":"25N-H59N300F-80-F3"},{"r":"185","t":"08:45:36","h":"Est","s":"25N-H59N400F-80-F4"},{"r":"185","t":"08:45:36","h":"Est","s":"25N-H59NV10I-80-I"},{"r":"185","t":"08:45:36","h":"Est","s":"25N-H59NV20I-80-I"},{"r":"185","t":"08:45:36","h":"Est","s":"25S-H59S000I-81-I"},{"r":"185","t":"08:45:36","h":"Est","s":"25S-H59S100F-81-F1"},{"r":"185","t":"08:45:36","h":"Est","s":"25S-H59S200F-81-F2"},{"r":"185","t":"08:58:15","h":"Est","s":"25N-H59N000S-80-S"},{"r":"185","t":"08:58:15","h":"Est","s":"25N-H59NV10S-84-S"},{"r":"185","t":"08:58:15","h":"Est","s":"25N-H59NV20S-80-S"},{"r":"185","t":"08:58:15","h":"Est","s":"25S-H59S000S-81-S"},{"r":"185","t":"09:04:15","h":"Est","s":"25N-H59N000A-80-A"},{"r":"185","t":"09:04:15","h":"Est","s":"25N-H59NV10A-80-A"},{"r":"185","t":"09:04:15","h":"Est","s":"25N-H59VN20A-80-A"},{"r":"185","t":"09:04:15","h":"Est","s":"25S-H59S000A-81-A"},{"r":"185","t":"09:17:15","h":"Est","s":"25N-H59N000I-80-I"},{"r":"185","t":"09:17:15","h":"Est","s":"25N-H59N100F-80-F1"},{"r":"185","t":"09:17:15","h":"Est","s":"25N-H59N200F-81-F2"},{"r":"185","t":"09:17:15","h":"Est","s":"25N-H59N300F-80-F3"},{"r":"185","t":"09:17:15","h":"Est","s":"25N-H59N400F-80-F4"},{"r":"185","t":"09:17:15","h":"Est","s":"25N-H59NV10I-80-I"},{"r":"185","t":"09:17:15","h":"Est","s":"25N-H59NV20I-80-I"},{"r":"185","t":"09:17:15","h":"Est","s":"25S-H59S000I-81-I"},{"r":"185","t":"09:17:15","h":"Est","s":"25S-H59S100F-81-F1"},{"r":"185","t":"09:17:15","h":"Est","s":"25S-H59S200F-81-F2"},{"r":"185","t":"09:31:15","h":"Est","s":"25N-H59N000S-80-S"},{"r":"185","t":"09:31:15","h":"Est","s":"25N-H59NV10S-84-S"},{"r":"185","t":"09:31:15","h":"Est","s":"25N-H59NV20S-80-S"},{"r":"185","t":"09:31:15","h":"Est","s":"25S-H59S000S-81-S"},{"r":"185","t":"09:35:55","h":"Est","s":"25N-H59N000A-80-A"},{"r":"185","t":"09:35:55","h":"Est","s":"25N-H59NV10A-80-A"},{"r":"185","t":"09:35:55","h":"Est","s":"25N-H59VN20A-80-A"},{"r":"185","t":"09:35:55","h":"Est","s":"25S-H59S000A-81-A"},{"r":"185","t":"09:48:15","h":"Est","s":"25N-H59N000I-80-I"},{"r":"185","t":"09:48:15","h":"Est","s":"25N-H59N100F-80-F1"},{"r":"185","t":"09:48:15","h":"Est","s":"25N-H59N200F-81-F2"},{"r":"185","t":"09:48:15","h":"Est","s":"25N-H59N300F-80-F3"},{"r":"185","t":"09:48:15","h":"Est","s":"25N-H59N400F-80-F4"},{"r":"185","t":"09:48:15","h":"Est","s":"25N-H59NV10I-80-I"},{"r":"185","t":"09:48:15","h":"Est","s":"25N-H59NV20I-80-I"},{"r":"185","t":"09:48:15","h":"Est","s":"25S-H59S000I-81-I"},{"r":"185","t":"09:48:15","h":"Est","s":"25S-H59S100F-81-F1"},{"r":"185","t":"09:48:15","h":"Est","s":"25S-H59S200F-81-F2"},{"r":"185","t":"10:01:15","h":"Est","s":"25N-H59N000S-80-S"},{"r":"185","t":"10:01:15","h":"Est","s":"25N-H59NV10S-84-S"},{"r":"185","t":"10:01:15","h":"Est","s":"25N-H59NV20S-80-S"},{"r":"185","t":"10:01:15","h":"Est","s":"25S-H59S000S-81-S"},{"r":"185","t":"10:06:55","h":"Est","s":"25N-H59N000A-80-A"},{"r":"185","t":"10:06:55","h":"Est","s":"25N-H59NV10A-80-A"},{"r":"185","t":"10:06:55","h":"Est","s":"25N-H59VN20A-80-A"},{"r":"185","t":"10:06:55","h":"Est","s":"25S-H59S000A-81-A"},{"r":"185","t":"10:21:15","h":"Est","s":"25N-H59N000I-80-I"},{"r":"185","t":"10:21:15","h":"Est","s":"25N-H59N100F-80-F1"},{"r":"185","t":"10:21:15","h":"Est","s":"25N-H59N200F-81-F2"},{"r":"185","t":"10:21:15","h":"Est","s":"25N-H59N300F-80-F3"},{"r":"185","t":"10:21:15","h":"Est","s":"25N-H59N400F-80-F4"},{"r":"185","t":"10:21:15","h":"Est","s":"25N-H59NV10I-80-I"},{"r":"185","t":"10:21:15","h":"Est","s":"25N-H59NV20I-80-I"},{"r":"185","t":"10:21:15","h":"Est","s":"25S-H59S000I-81-I"},{"r":"185","t":"10:21:15","h":"Est","s":"25S-H59S100F-81-F1"},{"r":"185","t":"10:21:15","h":"Est","s":"25S-H59S200F-81-F2"},{"r":"185","t":"10:31:55","h":"Est","s":"25N-H59N000S-80-S"},{"r":"185","t":"10:31:55","h":"Est","s":"25N-H59NV10S-84-S"},{"r":"185","t":"10:31:55","h":"Est","s":"25N-H59NV20S-80-S"},{"r":"185","t":"10:31:55","h":"Est","s":"25S-H59S000S-81-S"},{"r":"185","t":"10:37:55","h":"Est","s":"25N-H59N000A-80-A"},{"r":"185","t":"10:37:55","h":"Est","s":"25N-H59NV10A-80-A"},{"r":"185","t":"10:37:55","h":"Est","s":"25N-H59VN20A-80-A"},{"r":"185","t":"10:37:55","h":"Est","s":"25S-H59S000A-81-A"},{"r":"185","t":"10:55:15","h":"Est","s":"25N-H59N000I-80-I"},{"r":"185","t":"10:55:15","h":"Est","s":"25N-H59N100F-80-F1"},{"r":"185","t":"10:55:15","h":"Est","s":"25N-H59N200F-81-F2"},{"r":"185","t":"10:55:15","h":"Est","s":"25N-H59N300F-80-F3"},{"r":"185","t":"10:55:15","h":"Est","s":"25N-H59N400F-80-F4"},{"r":"185","t":"10:55:15","h":"Est","s":"25N-H59NV10I-80-I"},{"r":"185","t":"10:55:15","h":"Est","s":"25N-H59NV20I-80-I"},{"r":"185","t":"10:55:15","h":"Est","s":"25S-H59S000I-81-I"},{"r":"185","t":"10:55:15","h":"Est","s":"25S-H59S100F-81-F1"},{"r":"185","t":"10:55:15","h":"Est","s":"25S-H59S200F-81-F2"},{"r":"185","t":"11:01:55","h":"Est","s":"25N-H59N000S-80-S"},{"r":"185","t":"11:01:55","h":"Est","s":"25N-H59NV10S-84-S"},{"r":"185","t":"11:01:55","h":"Est","s":"25N-H59NV20S-80-S"},{"r":"185","t":"11:01:55","h":"Est","s":"25S-H59S000S-81-S"},{"r":"185","t":"11:10:55","h":"Est","s":"25N-H59N000A-80-A"},{"r":"185","t":"11:10:55","h":"Est","s":"25N-H59NV10A-80-A"},{"r":"185","t":"11:10:55","h":"Est","s":"25N-H59VN20A-80-A"},{"r":"185","t":"11:10:55","h":"Est","s":"25S-H59S000A-81-A"},{"r":"185","t":"11:28:15","h":"Est","s":"25N-H59N000I-80-I"},{"r":"185","t":"11:28:15","h":"Est","s":"25N-H59N100F-80-F1"},{"r":"185","t":"11:28:15","h":"Est","s":"25N-H59N200F-81-F2"},{"r":"185","t":"11:28:15","h":"Est","s":"25N-H59N300F-80-F3"},{"r":"185","t":"11:28:15","h":"Est","s":"25N-H59N400F-80-F4"},{"r":"185","t":"11:28:15","h":"Est","s":"25N-H59NV10I-80-I"},{"r":"185","t":"11:28:15","h":"Est","s":"25N-H59NV20I-80-I"},{"r":"185","t":"11:28:15","h":"Est","s":"25S-H59S000I-81-I"},{"r":"185","t":"11:28:15","h":"Est","s":"25S-H59S100F-81-F1"},{"r":"185","t":"11:28:15","h":"Est","s":"25S-H59S200F-81-F2"},{"r":"185","t":"11:31:55","h":"Est","s":"25N-H59N000S-80-S"},{"r":"185","t":"11:31:55","h":"Est","s":"25N-H59NV10S-84-S"},{"r":"185","t":"11:31:55","h":"Est","s":"25N-H59NV20S-80-S"},{"r":"185","t":"11:31:55","h":"Est","s":"25S-H59S000S-81-S"},{"r":"185","t":"11:41:55","h":"Est","s":"25N-H59N000A-80-A"},{"r":"185","t":"11:41:55","h":"Est","s":"25N-H59NV10A-80-A"},{"r":"185","t":"11:41:55","h":"Est","s":"25N-H59VN20A-80-A"},{"r":"185","t":"11:41:55","h":"Est","s":"25S-H59S000A-81-A"},{"r":"185","t":"11:59:15","h":"Est","s":"25N-H59N000I-80-I"},{"r":"185","t":"11:59:15","h":"Est","s":"25N-H59N100F-80-F1"},{"r":"185","t":"11:59:15","h":"Est","s":"25N-H59N200F-81-F2"},{"r":"185","t":"11:59:15","h":"Est","s":"25N-H59N300F-80-F3"},{"r":"185","t":"11:59:15","h":"Est","s":"25N-H59N400F-80-F4"},{"r":"185","t":"11:59:15","h":"Est","s":"25N-H59NV10I-80-I"},{"r":"185","t":"11:59:15","h":"Est","s":"25N-H59NV20I-80-I"},{"r":"185","t":"11:59:15","h":"Est","s":"25S-H59S000I-81-I"},{"r":"185","t":"11:59:15","h":"Est","s":"25S-H59S100F-81-F1"},{"r":"185","t":"11:59:15","h":"Est","s":"25S-H59S200F-81-F2"},{"r":"185","t":"12:00:55","h":"Est","s":"25N-H59N000S-80-S"},{"r":"185","t":"12:00:55","h":"Est","s":"25N-H59NV10S-84-S"},{"r":"185","t":"12:00:55","h":"Est","s":"25N-H59NV20S-80-S"},{"r":"185","t":"12:00:55","h":"Est","s":"25S-H59S000S-81-S"},{"r":"185","t":"12:14:55","h":"Est","s":"25N-H59N000A-80-A"},{"r":"185","t":"12:14:55","h":"Est","s":"25N-H59NV10A-80-A"},{"r":"185","t":"12:14:55","h":"Est","s":"25N-H59VN20A-80-A"},{"r":"185","t":"12:14:55","h":"Est","s":"25S-H59S000A-81-A"},{"r":"185","t":"12:29:55","h":"Est","s":"25N-H59N000S-80-S"},{"r":"185","t":"12:29:55","h":"Est","s":"25N-H59NV10S-84-S"},{"r":"185","t":"12:29:55","h":"Est","s":"25N-H59NV20S-80-S"},{"r":"185","t":"12:29:55","h":"Est","s":"25S-H59S000S-81-S"},{"r":"185","t":"12:33:15","h":"Est","s":"25N-H59N000I-80-I"},{"r":"185","t":"12:33:15","h":"Est","s":"25N-H59N100F-80-F1"},{"r":"185","t":"12:33:15","h":"Est","s":"25N-H59N200F-81-F2"},{"r":"185","t":"12:33:15","h":"Est","s":"25N-H59N300F-80-F3"},{"r":"185","t":"12:33:15","h":"Est","s":"25N-H59N400F-80-F4"},{"r":"185","t":"12:33:15","h":"Est","s":"25N-H59NV10I-80-I"},{"r":"185","t":"12:33:15","h":"Est","s":"25N-H59NV20I-80-I"},{"r":"185","t":"12:33:15","h":"Est","s":"25S-H59S000I-81-I"},{"r":"185","t":"12:33:15","h":"Est","s":"25S-H59S100F-81-F1"},{"r":"185","t":"12:33:15","h":"Est","s":"25S-H59S200F-81-F2"},{"r":"185","t":"12:48:55","h":"Est","s":"25N-H59N000A-80-A"},{"r":"185","t":"12:48:55","h":"Est","s":"25N-H59NV10A-80-A"},{"r":"185","t":"12:48:55","h":"Est","s":"25N-H59VN20A-80-A"},{"r":"185","t":"12:48:55","h":"Est","s":"25S-H59S000A-81-A"},{"r":"185","t":"12:56:55","h":"Est","s":"25N-H59N000S-80-S"},{"r":"185","t":"12:56:55","h":"Est","s":"25N-H59NV10S-84-S"},{"r":"185","t":"12:56:55","h":"Est","s":"25N-H59NV20S-80-S"},{"r":"185","t":"12:56:55","h":"Est","s":"25S-H59S000S-81-S"},{"r":"185","t":"13:06:15","h":"Est","s":"25N-H59N000I-80-I"},{"r":"185","t":"13:06:15","h":"Est","s":"25N-H59N100F-80-F1"},{"r":"185","t":"13:06:15","h":"Est","s":"25N-H59N200F-81-F2"},{"r":"185","t":"13:06:15","h":"Est","s":"25N-H59N300F-80-F3"},{"r":"185","t":"13:06:15","h":"Est","s":"25N-H59N400F-80-F4"},{"r":"185","t":"13:06:15","h":"Est","s":"25N-H59NV10I-80-I"},{"r":"185","t":"13:06:15","h":"Est","s":"25N-H59NV20I-80-I"},{"r":"185","t":"13:06:15","h":"Est","s":"25S-H59S000I-81-I"},{"r":"185","t":"13:06:15","h":"Est","s":"25S-H59S100F-81-F1"},{"r":"185","t":"13:06:15","h":"Est","s":"25S-H59S200F-81-F2"},{"r":"185","t":"13:21:55","h":"Est","s":"25N-H59N000A-80-A"},{"r":"185","t":"13:21:55","h":"Est","s":"25N-H59NV10A-80-A"},{"r":"185","t":"13:21:55","h":"Est","s":"25N-H59VN20A-80-A"},{"r":"185","t":"13:21:55","h":"Est","s":"25S-H59S000A-81-A"},{"r":"185","t":"13:23:55","h":"Est","s":"25N-H59N000S-80-S"},{"r":"185","t":"13:23:55","h":"Est","s":"25N-H59NV10S-84-S"},{"r":"185","t":"13:23:55","h":"Est","s":"25N-H59NV20S-80-S"},{"r":"185","t":"13:23:55","h":"Est","s":"25S-H59S000S-81-S"},{"r":"185","t":"13:39:15","h":"Est","s":"25N-H59N000I-80-I"},{"r":"185","t":"13:39:15","h":"Est","s":"25N-H59N100F-80-F1"},{"r":"185","t":"13:39:15","h":"Est","s":"25N-H59N200F-81-F2"},{"r":"185","t":"13:39:15","h":"Est","s":"25N-H59N300F-80-F3"},{"r":"185","t":"13:39:15","h":"Est","s":"25N-H59N400F-80-F4"},{"r":"185","t":"13:39:15","h":"Est","s":"25N-H59NV10I-80-I"},{"r":"185","t":"13:39:15","h":"Est","s":"25N-H59NV20I-80-I"},{"r":"185","t":"13:39:15","h":"Est","s":"25S-H59S000I-81-I"},{"r":"185","t":"13:39:15","h":"Est","s":"25S-H59S100F-81-F1"},{"r":"185","t":"13:39:15","h":"Est","s":"25S-H59S200F-81-F2"},{"r":"185","t":"13:51:55","h":"Est","s":"25N-H59N000S-80-S"},{"r":"185","t":"13:51:55","h":"Est","s":"25N-H59NV10S-84-S"},{"r":"185","t":"13:51:55","h":"Est","s":"25N-H59NV20S-80-S"},{"r":"185","t":"13:51:55","h":"Est","s":"25S-H59S000S-81-S"},{"r":"185","t":"13:53:55","h":"Est","s":"25N-H59N000A-80-A"},{"r":"185","t":"13:53:55","h":"Est","s":"25N-H59NV10A-80-A"},{"r":"185","t":"13:53:55","h":"Est","s":"25N-H59VN20A-80-A"},{"r":"185","t":"13:53:55","h":"Est","s":"25S-H59S000A-81-A"},{"r":"185","t":"14:12:15","h":"Est","s":"25N-H59N000I-80-I"},{"r":"185","t":"14:12:15","h":"Est","s":"25N-H59N100F-80-F1"},{"r":"185","t":"14:12:15","h":"Est","s":"25N-H59N200F-81-F2"},{"r":"185","t":"14:12:15","h":"Est","s":"25N-H59N300F-80-F3"},{"r":"185","t":"14:12:15","h":"Est","s":"25N-H59N400F-80-F4"},{"r":"185","t":"14:12:15","h":"Est","s":"25N-H59NV10I-80-I"},{"r":"185","t":"14:12:15","h":"Est","s":"25N-H59NV20I-80-I"},{"r":"185","t":"14:12:15","h":"Est","s":"25S-H59S000I-81-I"},{"r":"185","t":"14:12:15","h":"Est","s":"25S-H59S100F-81-F1"},{"r":"185","t":"14:12:15","h":"Est","s":"25S-H59S200F-81-F2"},{"r":"185","t":"14:19:55","h":"Est","s":"25N-H59N000S-80-S"},{"r":"185","t":"14:19:55","h":"Est","s":"25N-H59NV10S-84-S"},{"r":"185","t":"14:19:55","h":"Est","s":"25N-H59NV20S-80-S"},{"r":"185","t":"14:19:55","h":"Est","s":"25S-H59S000S-81-S"},{"r":"185","t":"14:24:55","h":"Est","s":"25N-H59N000A-80-A"},{"r":"185","t":"14:24:55","h":"Est","s":"25N-H59NV10A-80-A"},{"r":"185","t":"14:24:55","h":"Est","s":"25N-H59VN20A-80-A"},{"r":"185","t":"14:24:55","h":"Est","s":"25S-H59S000A-81-A"},{"r":"185","t":"14:44:15","h":"Est","s":"25N-H59N000I-80-I"},{"r":"185","t":"14:44:15","h":"Est","s":"25N-H59N100F-80-F1"},{"r":"185","t":"14:44:15","h":"Est","s":"25N-H59N200F-81-F2"},{"r":"185","t":"14:44:15","h":"Est","s":"25N-H59N300F-80-F3"},{"r":"185","t":"14:44:15","h":"Est","s":"25N-H59N400F-80-F4"},{"r":"185","t":"14:44:15","h":"Est","s":"25N-H59NV10I-80-I"},{"r":"185","t":"14:44:15","h":"Est","s":"25N-H59NV20I-80-I"},{"r":"185","t":"14:44:15","h":"Est","s":"25S-H59S000I-81-I"},{"r":"185","t":"14:44:15","h":"Est","s":"25S-H59S100F-81-F1"},{"r":"185","t":"14:44:15","h":"Est","s":"25S-H59S200F-81-F2"},{"r":"185","t":"14:48:55","h":"Est","s":"25N-H59N000S-80-S"},{"r":"185","t":"14:48:55","h":"Est","s":"25N-H59NV10S-84-S"},{"r":"185","t":"14:48:55","h":"Est","s":"25N-H59NV20S-80-S"},{"r":"185","t":"14:48:55","h":"Est","s":"25S-H59S000S-81-S"},{"r":"185","t":"14:55:55","h":"Est","s":"25N-H59N000A-80-A"},{"r":"185","t":"14:55:55","h":"Est","s":"25N-H59NV10A-80-A"},{"r":"185","t":"14:55:55","h":"Est","s":"25N-H59VN20A-80-A"},{"r":"185","t":"14:55:55","h":"Est","s":"25S-H59S000A-81-A"},{"r":"185","t":"15:12:55","h":"Est","s":"25N-H59N000S-80-S"},{"r":"185","t":"15:12:55","h":"Est","s":"25N-H59NV10S-84-S"},{"r":"185","t":"15:12:55","h":"Est","s":"25N-H59NV20S-80-S"},{"r":"185","t":"15:12:55","h":"Est","s":"25S-H59S000S-81-S"},{"r":"185","t":"15:17:15","h":"Est","s":"25N-H59N000I-80-I"},{"r":"185","t":"15:17:15","h":"Est","s":"25N-H59N100F-80-F1"},{"r":"185","t":"15:17:15","h":"Est","s":"25N-H59N200F-81-F2"},{"r":"185","t":"15:17:15","h":"Est","s":"25N-H59N300F-80-F3"},{"r":"185","t":"15:17:15","h":"Est","s":"25N-H59N400F-80-F4"},{"r":"185","t":"15:17:15","h":"Est","s":"25N-H59NV10I-80-I"},{"r":"185","t":"15:17:15","h":"Est","s":"25N-H59NV20I-80-I"},{"r":"185","t":"15:17:15","h":"Est","s":"25S-H59S000I-81-I"},{"r":"185","t":"15:17:15","h":"Est","s":"25S-H59S100F-81-F1"},{"r":"185","t":"15:17:15","h":"Est","s":"25S-H59S200F-81-F2"},{"r":"185","t":"15:25:55","h":"Est","s":"25N-H59N000A-80-A"},{"r":"185","t":"15:25:55","h":"Est","s":"25N-H59NV10A-80-A"},{"r":"185","t":"15:25:55","h":"Est","s":"25N-H59VN20A-80-A"},{"r":"185","t":"15:25:55","h":"Est","s":"25S-H59S000A-81-A"},{"r":"185","t":"15:33:55","h":"Est","s":"25N-H59N000S-80-S"},{"r":"185","t":"15:33:55","h":"Est","s":"25N-H59NV10S-84-S"},{"r":"185","t":"15:33:55","h":"Est","s":"25N-H59NV20S-80-S"},{"r":"185","t":"15:33:55","h":"Est","s":"25S-H59S000S-81-S"},{"r":"185","t":"15:49:36","h":"Est","s":"25N-H59N000I-80-I"},{"r":"185","t":"15:49:36","h":"Est","s":"25N-H59N100F-80-F1"},{"r":"185","t":"15:49:36","h":"Est","s":"25N-H59N200F-81-F2"},{"r":"185","t":"15:49:36","h":"Est","s":"25N-H59N300F-80-F3"},{"r":"185","t":"15:49:36","h":"Est","s":"25N-H59N400F-80-F4"},{"r":"185","t":"15:49:36","h":"Est","s":"25N-H59NV10I-80-I"},{"r":"185","t":"15:49:36","h":"Est","s":"25N-H59NV20I-80-I"},{"r":"185","t":"15:49:36","h":"Est","s":"25S-H59S000I-81-I"},{"r":"185","t":"15:49:36","h":"Est","s":"25S-H59S100F-81-F1"},{"r":"185","t":"15:49:36","h":"Est","s":"25S-H59S200F-81-F2"},{"r":"185","t":"15:55:55","h":"Est","s":"25N-H59N000A-80-A"},{"r":"185","t":"15:55:55","h":"Est","s":"25N-H59NV10A-80-A"},{"r":"185","t":"15:55:55","h":"Est","s":"25N-H59VN20A-80-A"},{"r":"185","t":"15:55:55","h":"Est","s":"25S-H59S000A-81-A"},{"r":"185","t":"15:56:55","h":"Est","s":"25N-H59N000S-80-S"},{"r":"185","t":"15:56:55","h":"Est","s":"25N-H59NV10S-84-S"},{"r":"185","t":"15:56:55","h":"Est","s":"25N-H59NV20S-80-S"},{"r":"185","t":"15:56:55","h":"Est","s":"25S-H59S000S-81-S"},{"r":"185","t":"16:17:55","h":"Est","s":"25N-H59N000S-80-S"},{"r":"185","t":"16:17:55","h":"Est","s":"25N-H59NV10S-84-S"},{"r":"185","t":"16:17:55","h":"Est","s":"25N-H59NV20S-80-S"},{"r":"185","t":"16:17:55","h":"Est","s":"25S-H59S000S-81-S"},{"r":"185","t":"16:19:36","h":"Est","s":"25N-H59N000I-80-I"},{"r":"185","t":"16:19:36","h":"Est","s":"25N-H59N100F-80-F1"},{"r":"185","t":"16:19:36","h":"Est","s":"25N-H59N200F-81-F2"},{"r":"185","t":"16:19:36","h":"Est","s":"25N-H59N300F-80-F3"},{"r":"185","t":"16:19:36","h":"Est","s":"25N-H59N400F-80-F4"},{"r":"185","t":"16:19:36","h":"Est","s":"25N-H59NV10I-80-I"},{"r":"185","t":"16:19:36","h":"Est","s":"25N-H59NV20I-80-I"},{"r":"185","t":"16:19:36","h":"Est","s":"25S-H59S000I-81-I"},{"r":"185","t":"16:19:36","h":"Est","s":"25S-H59S100F-81-F1"},{"r":"185","t":"16:19:36","h":"Est","s":"25S-H59S200F-81-F2"},{"r":"185","t":"16:25:55","h":"Est","s":"25N-H59N000A-80-A"},{"r":"185","t":"16:25:55","h":"Est","s":"25N-H59NV10A-80-A"},{"r":"185","t":"16:25:55","h":"Est","s":"25N-H59VN20A-80-A"},{"r":"185","t":"16:25:55","h":"Est","s":"25S-H59S000A-81-A"},{"r":"185","t":"16:38:55","h":"Est","s":"25N-H59N000S-80-S"},{"r":"185","t":"16:38:55","h":"Est","s":"25N-H59NV10S-84-S"},{"r":"185","t":"16:38:55","h":"Est","s":"25N-H59NV20S-80-S"},{"r":"185","t":"16:38:55","h":"Est","s":"25S-H59S000S-81-S"},{"r":"185","t":"16:48:36","h":"Est","s":"25N-H59N000I-80-I"},{"r":"185","t":"16:48:36","h":"Est","s":"25N-H59N100F-80-F1"},{"r":"185","t":"16:48:36","h":"Est","s":"25N-H59N200F-81-F2"},{"r":"185","t":"16:48:36","h":"Est","s":"25N-H59N300F-80-F3"},{"r":"185","t":"16:48:36","h":"Est","s":"25N-H59N400F-80-F4"},{"r":"185","t":"16:48:36","h":"Est","s":"25N-H59NV10I-80-I"},{"r":"185","t":"16:48:36","h":"Est","s":"25N-H59NV20I-80-I"},{"r":"185","t":"16:48:36","h":"Est","s":"25S-H59S000I-81-I"},{"r":"185","t":"16:48:36","h":"Est","s":"25S-H59S100F-81-F1"},{"r":"185","t":"16:48:36","h":"Est","s":"25S-H59S200F-81-F2"},{"r":"185","t":"16:55:55","h":"Est","s":"25N-H59N000A-80-A"},{"r":"185","t":"16:55:55","h":"Est","s":"25N-H59NV10A-80-A"},{"r":"185","t":"16:55:55","h":"Est","s":"25N-H59VN20A-80-A"},{"r":"185","t":"16:55:55","h":"Est","s":"25S-H59S000A-81-A"},{"r":"185","t":"16:58:55","h":"Est","s":"25N-H59N000S-80-S"},{"r":"185","t":"16:58:55","h":"Est","s":"25N-H59NV10S-84-S"},{"r":"185","t":"16:58:55","h":"Est","s":"25N-H59NV20S-80-S"},{"r":"185","t":"16:58:55","h":"Est","s":"25S-H59S000S-81-S"},{"r":"185","t":"17:17:36","h":"Est","s":"25N-H59N000I-80-I"},{"r":"185","t":"17:17:36","h":"Est","s":"25N-H59N100F-80-F1"},{"r":"185","t":"17:17:36","h":"Est","s":"25N-H59N200F-81-F2"},{"r":"185","t":"17:17:36","h":"Est","s":"25N-H59N300F-80-F3"},{"r":"185","t":"17:17:36","h":"Est","s":"25N-H59N400F-80-F4"},{"r":"185","t":"17:17:36","h":"Est","s":"25N-H59NV10I-80-I"},{"r":"185","t":"17:17:36","h":"Est","s":"25N-H59NV20I-80-I"},{"r":"185","t":"17:17:36","h":"Est","s":"25S-H59S000I-81-I"},{"r":"185","t":"17:17:36","h":"Est","s":"25S-H59S100F-81-F1"},{"r":"185","t":"17:17:36","h":"Est","s":"25S-H59S200F-81-F2"},{"r":"185","t":"17:18:55","h":"Est","s":"25N-H59N000S-80-S"},{"r":"185","t":"17:18:55","h":"Est","s":"25N-H59NV10S-84-S"},{"r":"185","t":"17:18:55","h":"Est","s":"25N-H59NV20S-80-S"},{"r":"185","t":"17:18:55","h":"Est","s":"25S-H59S000S-81-S"},{"r":"185","t":"17:24:36","h":"Est","s":"25N-H59N000A-80-A"},{"r":"185","t":"17:24:36","h":"Est","s":"25N-H59NV10A-80-A"},{"r":"185","t":"17:24:36","h":"Est","s":"25N-H59VN20A-80-A"},{"r":"185","t":"17:24:36","h":"Est","s":"25S-H59S000A-81-A"},{"r":"185","t":"17:46:36","h":"Est","s":"25N-H59N000I-80-I"},{"r":"185","t":"17:46:36","h":"Est","s":"25N-H59N100F-80-F1"},{"r":"185","t":"17:46:36","h":"Est","s":"25N-H59N200F-81-F2"},{"r":"185","t":"17:46:36","h":"Est","s":"25N-H59N300F-80-F3"},{"r":"185","t":"17:46:36","h":"Est","s":"25N-H59N400F-80-F4"},{"r":"185","t":"17:46:36","h":"Est","s":"25N-H59NV10I-80-I"},{"r":"185","t":"17:46:36","h":"Est","s":"25N-H59NV20I-80-I"},{"r":"185","t":"17:46:36","h":"Est","s":"25S-H59S000I-81-I"},{"r":"185","t":"17:46:36","h":"Est","s":"25S-H59S100F-81-F1"},{"r":"185","t":"17:46:36","h":"Est","s":"25S-H59S200F-81-F2"},{"r":"185","t":"17:48:55","h":"Est","s":"25N-H59N000S-80-S"},{"r":"185","t":"17:48:55","h":"Est","s":"25N-H59NV10S-84-S"},{"r":"185","t":"17:48:55","h":"Est","s":"25N-H59NV20S-80-S"},{"r":"185","t":"17:48:55","h":"Est","s":"25S-H59S000S-81-S"},{"r":"185","t":"17:54:36","h":"Est","s":"25N-H59N000A-80-A"},{"r":"185","t":"17:54:36","h":"Est","s":"25N-H59NV10A-80-A"},{"r":"185","t":"17:54:36","h":"Est","s":"25N-H59VN20A-80-A"},{"r":"185","t":"17:54:36","h":"Est","s":"25S-H59S000A-81-A"},{"r":"185","t":"18:15:36","h":"Est","s":"25N-H59N000I-80-I"},{"r":"185","t":"18:15:36","h":"Est","s":"25N-H59N100F-80-F1"},{"r":"185","t":"18:15:36","h":"Est","s":"25N-H59N200F-81-F2"},{"r":"185","t":"18:15:36","h":"Est","s":"25N-H59N300F-80-F3"},{"r":"185","t":"18:15:36","h":"Est","s":"25N-H59N400F-80-F4"},{"r":"185","t":"18:15:36","h":"Est","s":"25N-H59NV10I-80-I"},{"r":"185","t":"18:15:36","h":"Est","s":"25N-H59NV20I-80-I"},{"r":"185","t":"18:15:36","h":"Est","s":"25S-H59S000I-81-I"},{"r":"185","t":"18:15:36","h":"Est","s":"25S-H59S100F-81-F1"},{"r":"185","t":"18:15:36","h":"Est","s":"25S-H59S200F-81-F2"},{"r":"185","t":"18:15:55","h":"Est","s":"25N-H59N000S-80-S"},{"r":"185","t":"18:15:55","h":"Est","s":"25N-H59NV10S-84-S"},{"r":"185","t":"18:15:55","h":"Est","s":"25N-H59NV20S-80-S"},{"r":"185","t":"18:15:55","h":"Est","s":"25S-H59S000S-81-S"},{"r":"185","t":"18:24:36","h":"Est","s":"25N-H59N000A-80-A"},{"r":"185","t":"18:24:36","h":"Est","s":"25N-H59NV10A-80-A"},{"r":"185","t":"18:24:36","h":"Est","s":"25N-H59VN20A-80-A"},{"r":"185","t":"18:24:36","h":"Est","s":"25S-H59S000A-81-A"},{"r":"185","t":"18:42:15","h":"Est","s":"25N-H59N000S-80-S"},{"r":"185","t":"18:42:15","h":"Est","s":"25N-H59NV10S-84-S"},{"r":"185","t":"18:42:15","h":"Est","s":"25N-H59NV20S-80-S"},{"r":"185","t":"18:42:15","h":"Est","s":"25S-H59S000S-81-S"},{"r":"185","t":"18:44:36","h":"Est","s":"25N-H59N000I-80-I"},{"r":"185","t":"18:44:36","h":"Est","s":"25N-H59N100F-80-F1"},{"r":"185","t":"18:44:36","h":"Est","s":"25N-H59N200F-81-F2"},{"r":"185","t":"18:44:36","h":"Est","s":"25N-H59N300F-80-F3"},{"r":"185","t":"18:44:36","h":"Est","s":"25N-H59N400F-80-F4"},{"r":"185","t":"18:44:36","h":"Est","s":"25N-H59NV10I-80-I"},{"r":"185","t":"18:44:36","h":"Est","s":"25N-H59NV20I-80-I"},{"r":"185","t":"18:44:36","h":"Est","s":"25S-H59S000I-81-I"},{"r":"185","t":"18:44:36","h":"Est","s":"25S-H59S100F-81-F1"},{"r":"185","t":"18:44:36","h":"Est","s":"25S-H59S200F-81-F2"},{"r":"185","t":"18:55:36","h":"Est","s":"25N-H59N000A-80-A"},{"r":"185","t":"18:55:36","h":"Est","s":"25N-H59NV10A-80-A"},{"r":"185","t":"18:55:36","h":"Est","s":"25N-H59VN20A-80-A"},{"r":"185","t":"18:55:36","h":"Est","s":"25S-H59S000A-81-A"},{"r":"185","t":"19:09:15","h":"Est","s":"25N-H59N000S-80-S"},{"r":"185","t":"19:09:15","h":"Est","s":"25N-H59NV10S-84-S"},{"r":"185","t":"19:09:15","h":"Est","s":"25N-H59NV20S-80-S"},{"r":"185","t":"19:09:15","h":"Est","s":"25S-H59S000S-81-S"},{"r":"185","t":"19:14:36","h":"Est","s":"25N-H59N000I-80-I"},{"r":"185","t":"19:14:36","h":"Est","s":"25N-H59N100F-80-F1"},{"r":"185","t":"19:14:36","h":"Est","s":"25N-H59N200F-81-F2"},{"r":"185","t":"19:14:36","h":"Est","s":"25N-H59N300F-80-F3"},{"r":"185","t":"19:14:36","h":"Est","s":"25N-H59N400F-80-F4"},{"r":"185","t":"19:14:36","h":"Est","s":"25N-H59NV10I-80-I"},{"r":"185","t":"19:14:36","h":"Est","s":"25N-H59NV20I-80-I"},{"r":"185","t":"19:14:36","h":"Est","s":"25S-H59S000I-81-I"},{"r":"185","t":"19:14:36","h":"Est","s":"25S-H59S100F-81-F1"},{"r":"185","t":"19:14:36","h":"Est","s":"25S-H59S200F-81-F2"},{"r":"185","t":"19:27:36","h":"Est","s":"25N-H59N000A-80-A"},{"r":"185","t":"19:27:36","h":"Est","s":"25N-H59NV10A-80-A"},{"r":"185","t":"19:27:36","h":"Est","s":"25N-H59VN20A-80-A"},{"r":"185","t":"19:27:36","h":"Est","s":"25S-H59S000A-81-A"},{"r":"185","t":"19:35:15","h":"Est","s":"25N-H59N000S-80-S"},{"r":"185","t":"19:35:15","h":"Est","s":"25N-H59NV10S-84-S"},{"r":"185","t":"19:35:15","h":"Est","s":"25N-H59NV20S-80-S"},{"r":"185","t":"19:35:15","h":"Est","s":"25S-H59S000S-81-S"},{"r":"185","t":"19:44:36","h":"Est","s":"25N-H59N000I-80-I"},{"r":"185","t":"19:44:36","h":"Est","s":"25N-H59N100F-80-F1"},{"r":"185","t":"19:44:36","h":"Est","s":"25N-H59N200F-81-F2"},{"r":"185","t":"19:44:36","h":"Est","s":"25N-H59N300F-80-F3"},{"r":"185","t":"19:44:36","h":"Est","s":"25N-H59N400F-80-F4"},{"r":"185","t":"19:44:36","h":"Est","s":"25N-H59NV10I-80-I"},{"r":"185","t":"19:44:36","h":"Est","s":"25N-H59NV20I-80-I"},{"r":"185","t":"19:44:36","h":"Est","s":"25S-H59S000I-81-I"},{"r":"185","t":"19:44:36","h":"Est","s":"25S-H59S100F-81-F1"},{"r":"185","t":"19:44:36","h":"Est","s":"25S-H59S200F-81-F2"},{"r":"185","t":"19:57:36","h":"Est","s":"25N-H59N000A-80-A"},{"r":"185","t":"19:57:36","h":"Est","s":"25N-H59NV10A-80-A"},{"r":"185","t":"19:57:36","h":"Est","s":"25N-H59VN20A-80-A"},{"r":"185","t":"19:57:36","h":"Est","s":"25S-H59S000A-81-A"},{"r":"185","t":"20:00:15","h":"Est","s":"25N-H59N000S-80-S"},{"r":"185","t":"20:00:15","h":"Est","s":"25N-H59NV10S-84-S"},{"r":"185","t":"20:00:15","h":"Est","s":"25N-H59NV20S-80-S"},{"r":"185","t":"20:00:15","h":"Est","s":"25S-H59S000S-81-S"},{"r":"185","t":"20:13:36","h":"Est","s":"25N-H59N000I-80-I"},{"r":"185","t":"20:13:36","h":"Est","s":"25N-H59N100F-80-F1"},{"r":"185","t":"20:13:36","h":"Est","s":"25N-H59N200F-81-F2"},{"r":"185","t":"20:13:36","h":"Est","s":"25N-H59N300F-80-F3"},{"r":"185","t":"20:13:36","h":"Est","s":"25N-H59N400F-80-F4"},{"r":"185","t":"20:13:36","h":"Est","s":"25N-H59NV10I-80-I"},{"r":"185","t":"20:13:36","h":"Est","s":"25N-H59NV20I-80-I"},{"r":"185","t":"20:13:36","h":"Est","s":"25S-H59S000I-81-I"},{"r":"185","t":"20:13:36","h":"Est","s":"25S-H59S100F-81-F1"},{"r":"185","t":"20:13:36","h":"Est","s":"25S-H59S200F-81-F2"},{"r":"185","t":"20:28:36","h":"Est","s":"25N-H59N000A-80-A"},{"r":"185","t":"20:28:36","h":"Est","s":"25N-H59NV10A-80-A"},{"r":"185","t":"20:28:36","h":"Est","s":"25N-H59VN20A-80-A"},{"r":"185","t":"20:28:36","h":"Est","s":"25S-H59S000A-81-A"},{"r":"185","t":"20:30:15","h":"Est","s":"25N-H59N000S-80-S"},{"r":"185","t":"20:30:15","h":"Est","s":"25N-H59NV10S-84-S"},{"r":"185","t":"20:30:15","h":"Est","s":"25N-H59NV20S-80-S"},{"r":"185","t":"20:30:15","h":"Est","s":"25S-H59S000S-81-S"},{"r":"185","t":"20:43:36","h":"Est","s":"25N-H59N000I-80-I"},{"r":"185","t":"20:43:36","h":"Est","s":"25N-H59N100F-80-F1"},{"r":"185","t":"20:43:36","h":"Est","s":"25N-H59N200F-81-F2"},{"r":"185","t":"20:43:36","h":"Est","s":"25N-H59N300F-80-F3"},{"r":"185","t":"20:43:36","h":"Est","s":"25N-H59N400F-80-F4"},{"r":"185","t":"20:43:36","h":"Est","s":"25N-H59NV10I-80-I"},{"r":"185","t":"20:43:36","h":"Est","s":"25N-H59NV20I-80-I"},{"r":"185","t":"20:43:36","h":"Est","s":"25S-H59S000I-81-I"},{"r":"185","t":"20:43:36","h":"Est","s":"25S-H59S100F-81-F1"},{"r":"185","t":"20:43:36","h":"Est","s":"25S-H59S200F-81-F2"},{"r":"185","t":"20:59:36","h":"Est","s":"25N-H59N000A-80-A"},{"r":"185","t":"20:59:36","h":"Est","s":"25N-H59NV10A-80-A"},{"r":"185","t":"20:59:36","h":"Est","s":"25N-H59VN20A-80-A"},{"r":"185","t":"20:59:36","h":"Est","s":"25S-H59S000A-81-A"},{"r":"185","t":"21:00:15","h":"Est","s":"25N-H59N000S-80-S"},{"r":"185","t":"21:00:15","h":"Est","s":"25N-H59NV10S-84-S"},{"r":"185","t":"21:00:15","h":"Est","s":"25N-H59NV20S-80-S"},{"r":"185","t":"21:00:15","h":"Est","s":"25S-H59S000S-81-S"},{"r":"185","t":"21:12:36","h":"Est","s":"25N-H59N000I-80-I"},{"r":"185","t":"21:12:36","h":"Est","s":"25N-H59N100F-80-F1"},{"r":"185","t":"21:12:36","h":"Est","s":"25N-H59N200F-81-F2"},{"r":"185","t":"21:12:36","h":"Est","s":"25N-H59N300F-80-F3"},{"r":"185","t":"21:12:36","h":"Est","s":"25N-H59N400F-80-F4"},{"r":"185","t":"21:12:36","h":"Est","s":"25N-H59NV10I-80-I"},{"r":"185","t":"21:12:36","h":"Est","s":"25N-H59NV20I-80-I"},{"r":"185","t":"21:12:36","h":"Est","s":"25S-H59S000I-81-I"},{"r":"185","t":"21:12:36","h":"Est","s":"25S-H59S100F-81-F1"},{"r":"185","t":"21:12:36","h":"Est","s":"25S-H59S200F-81-F2"},{"r":"185","t":"21:29:36","h":"Est","s":"25N-H59N000A-80-A"},{"r":"185","t":"21:29:36","h":"Est","s":"25N-H59NV10A-80-A"},{"r":"185","t":"21:29:36","h":"Est","s":"25N-H59VN20A-80-A"},{"r":"185","t":"21:29:36","h":"Est","s":"25S-H59S000A-81-A"},{"r":"185","t":"21:31:15","h":"Est","s":"25N-H59N000S-80-S"},{"r":"185","t":"21:31:15","h":"Est","s":"25N-H59NV10S-84-S"},{"r":"185","t":"21:31:15","h":"Est","s":"25N-H59NV20S-80-S"},{"r":"185","t":"21:31:15","h":"Est","s":"25S-H59S000S-81-S"},{"r":"185","t":"21:42:36","h":"Est","s":"25N-H59N000I-80-I"},{"r":"185","t":"21:42:36","h":"Est","s":"25N-H59N100F-80-F1"},{"r":"185","t":"21:42:36","h":"Est","s":"25N-H59N200F-81-F2"},{"r":"185","t":"21:42:36","h":"Est","s":"25N-H59N300F-80-F3"},{"r":"185","t":"21:42:36","h":"Est","s":"25N-H59N400F-80-F4"},{"r":"185","t":"21:42:36","h":"Est","s":"25N-H59NV10I-80-I"},{"r":"185","t":"21:42:36","h":"Est","s":"25N-H59NV20I-80-I"},{"r":"185","t":"21:42:36","h":"Est","s":"25S-H59S000I-81-I"},{"r":"185","t":"21:42:36","h":"Est","s":"25S-H59S100F-81-F1"},{"r":"185","t":"21:42:36","h":"Est","s":"25S-H59S200F-81-F2"},{"r":"185","t":"22:00:36","h":"Est","s":"25N-H59N000A-80-A"},{"r":"185","t":"22:00:36","h":"Est","s":"25N-H59NV10A-80-A"},{"r":"185","t":"22:00:36","h":"Est","s":"25N-H59VN20A-80-A"},{"r":"185","t":"22:00:36","h":"Est","s":"25S-H59S000A-81-A"},{"r":"185","t":"22:01:15","h":"Est","s":"25N-H59N000S-80-S"},{"r":"185","t":"22:01:15","h":"Est","s":"25N-H59NV10S-84-S"},{"r":"185","t":"22:01:15","h":"Est","s":"25N-H59NV20S-80-S"},{"r":"185","t":"22:01:15","h":"Est","s":"25S-H59S000S-81-S"},{"r":"185","t":"22:11:36","h":"Est","s":"25N-H59N000I-80-I"},{"r":"185","t":"22:11:36","h":"Est","s":"25N-H59N100F-80-F1"},{"r":"185","t":"22:11:36","h":"Est","s":"25N-H59N200F-81-F2"},{"r":"185","t":"22:11:36","h":"Est","s":"25N-H59N300F-80-F3"},{"r":"185","t":"22:11:36","h":"Est","s":"25N-H59N400F-80-F4"},{"r":"185","t":"22:11:36","h":"Est","s":"25N-H59NV10I-80-I"},{"r":"185","t":"22:11:36","h":"Est","s":"25N-H59NV20I-80-I"},{"r":"185","t":"22:11:36","h":"Est","s":"25S-H59S000I-81-I"},{"r":"185","t":"22:11:36","h":"Est","s":"25S-H59S100F-81-F1"},{"r":"185","t":"22:11:36","h":"Est","s":"25S-H59S200F-81-F2"},{"r":"185","t":"22:30:36","h":"Est","s":"25N-H59N000A-80-A"},{"r":"185","t":"22:30:36","h":"Est","s":"25N-H59NV10A-80-A"},{"r":"185","t":"22:30:36","h":"Est","s":"25N-H59VN20A-80-A"},{"r":"185","t":"22:30:36","h":"Est","s":"25S-H59S000A-81-A"},{"r":"185","t":"22:31:15","h":"Est","s":"25N-H59N000S-80-S"},{"r":"185","t":"22:31:15","h":"Est","s":"25N-H59NV10S-84-S"},{"r":"185","t":"22:31:15","h":"Est","s":"25N-H59NV20S-80-S"},{"r":"185","t":"22:31:15","h":"Est","s":"25S-H59S000S-81-S"},{"r":"185","t":"22:39:36","h":"Est","s":"25N-H59N000I-80-I"},{"r":"185","t":"22:39:36","h":"Est","s":"25N-H59N100F-80-F1"},{"r":"185","t":"22:39:36","h":"Est","s":"25N-H59N200F-81-F2"},{"r":"185","t":"22:39:36","h":"Est","s":"25N-H59N300F-80-F3"},{"r":"185","t":"22:39:36","h":"Est","s":"25N-H59N400F-80-F4"},{"r":"185","t":"22:39:36","h":"Est","s":"25N-H59NV10I-80-I"},{"r":"185","t":"22:39:36","h":"Est","s":"25N-H59NV20I-80-I"},{"r":"185","t":"22:39:36","h":"Est","s":"25S-H59S000I-81-I"},{"r":"185","t":"22:39:36","h":"Est","s":"25S-H59S100F-81-F1"},{"r":"185","t":"22:39:36","h":"Est","s":"25S-H59S200F-81-F2"},{"r":"185","t":"22:58:36","h":"Est","s":"25N-H59N000S-80-S"},{"r":"185","t":"22:58:36","h":"Est","s":"25N-H59NV10S-84-S"},{"r":"185","t":"22:58:36","h":"Est","s":"25N-H59NV20S-80-S"},{"r":"185","t":"22:58:36","h":"Est","s":"25S-H59S000S-81-S"},{"r":"185","t":"23:00:36","h":"Est","s":"25N-H59N000A-80-A"},{"r":"185","t":"23:00:36","h":"Est","s":"25N-H59NV10A-80-A"},{"r":"185","t":"23:00:36","h":"Est","s":"25N-H59VN20A-80-A"},{"r":"185","t":"23:00:36","h":"Est","s":"25S-H59S000A-81-A"},{"r":"185","t":"23:06:36","h":"Est","s":"25N-H59N000I-80-I"},{"r":"185","t":"23:06:36","h":"Est","s":"25N-H59N100F-80-F1"},{"r":"185","t":"23:06:36","h":"Est","s":"25N-H59N200F-81-F2"},{"r":"185","t":"23:06:36","h":"Est","s":"25N-H59N300F-80-F3"},{"r":"185","t":"23:06:36","h":"Est","s":"25N-H59N400F-80-F4"},{"r":"185","t":"23:06:36","h":"Est","s":"25N-H59NV10I-80-I"},{"r":"185","t":"23:06:36","h":"Est","s":"25N-H59NV20I-80-I"},{"r":"185","t":"23:06:36","h":"Est","s":"25S-H59S000I-81-I"},{"r":"185","t":"23:06:36","h":"Est","s":"25S-H59S100F-81-F1"},{"r":"185","t":"23:06:36","h":"Est","s":"25S-H59S200F-81-F2"},{"r":"185","t":"23:26:36","h":"Est","s":"25N-H59N000S-80-S"},{"r":"185","t":"23:26:36","h":"Est","s":"25N-H59NV10S-84-S"},{"r":"185","t":"23:26:36","h":"Est","s":"25N-H59NV20S-80-S"},{"r":"185","t":"23:26:36","h":"Est","s":"25S-H59S000S-81-S"},{"r":"185","t":"23:29:36","h":"Est","s":"25N-H59N000A-80-A"},{"r":"185","t":"23:29:36","h":"Est","s":"25N-H59NV10A-80-A"},{"r":"185","t":"23:29:36","h":"Est","s":"25N-H59VN20A-80-A"},{"r":"185","t":"23:29:36","h":"Est","s":"25S-H59S000A-81-A"},{"r":"185","t":"23:34:36","h":"Est","s":"25N-H59N000I-80-I"},{"r":"185","t":"23:34:36","h":"Est","s":"25N-H59N100F-80-F1"},{"r":"185","t":"23:34:36","h":"Est","s":"25N-H59N200F-81-F2"},{"r":"185","t":"23:34:36","h":"Est","s":"25N-H59N300F-80-F3"},{"r":"185","t":"23:34:36","h":"Est","s":"25N-H59N400F-80-F4"},{"r":"185","t":"23:34:36","h":"Est","s":"25N-H59NV10I-80-I"},{"r":"185","t":"23:34:36","h":"Est","s":"25N-H59NV20I-80-I"},{"r":"185","t":"23:34:36","h":"Est","s":"25S-H59S000I-81-I"},{"r":"185","t":"23:34:36","h":"Est","s":"25S-H59S100F-81-F1"},{"r":"185","t":"23:34:36","h":"Est","s":"25S-H59S200F-81-F2"},{"r":"185","t":"23:55:36","h":"Est","s":"25N-H59N000S-80-S"},{"r":"185","t":"23:55:36","h":"Est","s":"25N-H59NV10S-84-S"},{"r":"185","t":"23:55:36","h":"Est","s":"25N-H59NV20S-80-S"},{"r":"185","t":"23:55:36","h":"Est","s":"25S-H59S000S-81-S"},{"r":"185","t":"23:58:36","h":"Est","s":"25N-H59N000A-80-A"},{"r":"185","t":"23:58:36","h":"Est","s":"25N-H59NV10A-80-A"},{"r":"185","t":"23:58:36","h":"Est","s":"25N-H59VN20A-80-A"},{"r":"185","t":"23:58:36","h":"Est","s":"25S-H59S000A-81-A"},{"r":"185","t":"24:02:36","h":"Est","s":"25N-H59N000I-80-I"},{"r":"185","t":"24:02:36","h":"Est","s":"25N-H59N100F-80-F1"},{"r":"185","t":"24:02:36","h":"Est","s":"25N-H59N200F-81-F2"},{"r":"185","t":"24:02:36","h":"Est","s":"25N-H59N300F-80-F3"},{"r":"185","t":"24:02:36","h":"Est","s":"25N-H59N400F-80-F4"},{"r":"185","t":"24:02:36","h":"Est","s":"25N-H59NV10I-80-I"},{"r":"185","t":"24:02:36","h":"Est","s":"25N-H59NV20I-80-I"},{"r":"185","t":"24:02:36","h":"Est","s":"25S-H59S000I-81-I"},{"r":"185","t":"24:02:36","h":"Est","s":"25S-H59S100F-81-F1"},{"r":"185","t":"24:02:36","h":"Est","s":"25S-H59S200F-81-F2"},{"r":"185","t":"24:23:36","h":"Est","s":"25N-H59N000S-80-S"},{"r":"185","t":"24:23:36","h":"Est","s":"25N-H59NV10S-84-S"},{"r":"185","t":"24:23:36","h":"Est","s":"25N-H59NV20S-80-S"},{"r":"185","t":"24:23:36","h":"Est","s":"25S-H59S000S-81-S"},{"r":"185","t":"24:27:36","h":"Est","s":"25N-H59N000A-80-A"},{"r":"185","t":"24:27:36","h":"Est","s":"25N-H59NV10A-80-A"},{"r":"185","t":"24:27:36","h":"Est","s":"25N-H59VN20A-80-A"},{"r":"185","t":"24:27:36","h":"Est","s":"25S-H59S000A-81-A"},{"r":"185","t":"24:28:36","h":"Est","s":"25N-H59N000I-80-I"},{"r":"185","t":"24:28:36","h":"Est","s":"25N-H59N100F-80-F1"},{"r":"185","t":"24:28:36","h":"Est","s":"25N-H59N200F-81-F2"},{"r":"185","t":"24:28:36","h":"Est","s":"25N-H59N300F-80-F3"},{"r":"185","t":"24:28:36","h":"Est","s":"25N-H59N400F-80-F4"},{"r":"185","t":"24:28:36","h":"Est","s":"25N-H59NV10I-80-I"},{"r":"185","t":"24:28:36","h":"Est","s":"25N-H59NV20I-80-I"},{"r":"185","t":"24:28:36","h":"Est","s":"25S-H59S000I-81-I"},{"r":"185","t":"24:28:36","h":"Est","s":"25S-H59S100F-81-F1"},{"r":"185","t":"24:28:36","h":"Est","s":"25S-H59S200F-81-F2"},{"r":"185","t":"24:52:36","h":"Est","s":"25N-H59N000S-80-S"},{"r":"185","t":"24:52:36","h":"Est","s":"25N-H59NV10S-84-S"},{"r":"185","t":"24:52:36","h":"Est","s":"25N-H59NV20S-80-S"},{"r":"185","t":"24:52:36","h":"Est","s":"25S-H59S000S-81-S"},{"r":"185","t":"24:56:36","h":"Est","s":"25N-H59N000A-80-A"},{"r":"185","t":"24:56:36","h":"Est","s":"25N-H59N000I-80-I"},{"r":"185","t":"24:56:36","h":"Est","s":"25N-H59N100F-80-F1"},{"r":"185","t":"24:56:36","h":"Est","s":"25N-H59N200F-81-F2"},{"r":"185","t":"24:56:36","h":"Est","s":"25N-H59N300F-80-F3"},{"r":"185","t":"24:56:36","h":"Est","s":"25N-H59N400F-80-F4"},{"r":"185","t":"24:56:36","h":"Est","s":"25N-H59NV10A-80-A"},{"r":"185","t":"24:56:36","h":"Est","s":"25N-H59NV10I-80-I"},{"r":"185","t":"24:56:36","h":"Est","s":"25N-H59NV20I-80-I"},{"r":"185","t":"24:56:36","h":"Est","s":"25N-H59VN20A-80-A"},{"r":"185","t":"24:56:36","h":"Est","s":"25S-H59S000A-81-A"},{"r":"185","t":"24:56:36","h":"Est","s":"25S-H59S000I-81-I"},{"r":"185","t":"24:56:36","h":"Est","s":"25S-H59S100F-81-F1"},{"r":"185","t":"24:56:36","h":"Est","s":"25S-H59S200F-81-F2"},{"r":"185","t":"25:21:36","h":"Est","s":"25N-H59N000A-80-A"},{"r":"185","t":"25:21:36","h":"Est","s":"25N-H59NV10A-80-A"},{"r":"185","t":"25:21:36","h":"Est","s":"25N-H59VN20A-80-A"},{"r":"185","t":"25:21:36","h":"Est","s":"25S-H59S000A-81-A"},{"r":"185","t":"25:22:36","h":"Est","s":"25N-H59N000S-80-S"},{"r":"185","t":"25:22:36","h":"Est","s":"25N-H59NV10S-84-S"},{"r":"185","t":"25:22:36","h":"Est","s":"25N-H59NV20S-80-S"},{"r":"185","t":"25:22:36","h":"Est","s":"25S-H59S000S-81-S"},{"r":"185","t":"25:23:36","h":"Est","s":"25N-H59N000I-80-I"},{"r":"185","t":"25:23:36","h":"Est","s":"25N-H59N100F-80-F1"},{"r":"185","t":"25:23:36","h":"Est","s":"25N-H59N200F-81-F2"},{"r":"185","t":"25:23:36","h":"Est","s":"25N-H59N300F-80-F3"},{"r":"185","t":"25:23:36","h":"Est","s":"25N-H59N400F-80-F4"},{"r":"185","t":"25:23:36","h":"Est","s":"25N-H59NV10I-80-I"},{"r":"185","t":"25:23:36","h":"Est","s":"25N-H59NV20I-80-I"},{"r":"185","t":"25:23:36","h":"Est","s":"25S-H59S000I-81-I"},{"r":"185","t":"25:23:36","h":"Est","s":"25S-H59S100F-81-F1"},{"r":"185","t":"25:23:36","h":"Est","s":"25S-H59S200F-81-F2"},{"r":"364","t":"26:07:24","h":"Est","s":"25N-H54N000I-80-I"},{"r":"364","t":"26:07:24","h":"Est","s":"25N-H54N100F-80-F1"},{"r":"364","t":"26:07:24","h":"Est","s":"25N-H54N200F-80-F2"},{"r":"364","t":"26:07:24","h":"Est","s":"25N-H54N300F-80-F3"},{"r":"364","t":"26:07:24","h":"Est","s":"25N-H54N400F-80-F4"},{"r":"364","t":"26:07:24","h":"Est","s":"25N-H54NV10I-80-I"},{"r":"364","t":"26:07:24","h":"Est","s":"25N-H54NV20I-80-I"},{"r":"364","t":"26:07:24","h":"Est","s":"25S-H54S000I-82-I"},{"r":"364","t":"26:07:24","h":"Est","s":"25S-H54S100F-80-F1"},{"r":"364","t":"26:07:24","h":"Est","s":"25S-H54S200F-80-F2"},{"r":"364","t":"26:10:24","h":"Est","s":"25N-H54N000S-80-S"},{"r":"364","t":"26:10:24","h":"Est","s":"25N-H54NV10S-82-S"},{"r":"364","t":"26:10:24","h":"Est","s":"25N-H54NV20S-80-S"},{"r":"364","t":"26:10:24","h":"Est","s":"25S-H54S000S-82-S"},{"r":"364","t":"26:13:24","h":"Est","s":"25N-H54N000A-80-A"},{"r":"364","t":"26:13:24","h":"Est","s":"25N-H54NV10A-80-A"},{"r":"364","t":"26:13:24","h":"Est","s":"25N-H54NV20A-80-A"},{"r":"364","t":"26:13:24","h":"Est","s":"25S-H54S000A-83-A"},{"r":"364","t":"26:53:24","h":"Est","s":"25N-H54N000I-80-I"},{"r":"364","t":"26:53:24","h":"Est","s":"25N-H54N100F-80-F1"},{"r":"364","t":"26:53:24","h":"Est","s":"25N-H54N200F-80-F2"},{"r":"364","t":"26:53:24","h":"Est","s":"25N-H54N300F-80-F3"},{"r":"364","t":"26:53:24","h":"Est","s":"25N-H54N400F-80-F4"},{"r":"364","t":"26:53:24","h":"Est","s":"25N-H54NV10I-80-I"},{"r":"364","t":"26:53:24","h":"Est","s":"25N-H54NV20I-80-I"},{"r":"364","t":"26:53:24","h":"Est","s":"25S-H54S000I-82-I"},{"r":"364","t":"26:53:24","h":"Est","s":"25S-H54S100F-80-F1"},{"r":"364","t":"26:53:24","h":"Est","s":"25S-H54S200F-80-F2"},{"r":"364","t":"26:54:24","h":"Est","s":"25N-H54N000S-80-S"},{"r":"364","t":"26:54:24","h":"Est","s":"25N-H54NV10S-82-S"},{"r":"364","t":"26:54:24","h":"Est","s":"25N-H54NV20S-80-S"},{"r":"364","t":"26:54:24","h":"Est","s":"25S-H54S000S-82-S"},{"r":"364","t":"27:00:24","h":"Est","s":"25N-H54N000A-80-A"},{"r":"364","t":"27:00:24","h":"Est","s":"25N-H54NV10A-80-A"},{"r":"364","t":"27:00:24","h":"Est","s":"25N-H54NV20A-80-A"},{"r":"364","t":"27:00:24","h":"Est","s":"25S-H54S000A-83-A"},{"r":"364","t":"27:24:24","h":"Est","s":"25N-H54N000I-80-I"},{"r":"364","t":"27:24:24","h":"Est","s":"25N-H54N100F-80-F1"},{"r":"364","t":"27:24:24","h":"Est","s":"25N-H54N200F-80-F2"},{"r":"364","t":"27:24:24","h":"Est","s":"25N-H54N300F-80-F3"},{"r":"364","t":"27:24:24","h":"Est","s":"25N-H54N400F-80-F4"},{"r":"364","t":"27:24:24","h":"Est","s":"25N-H54NV10I-80-I"},{"r":"364","t":"27:24:24","h":"Est","s":"25N-H54NV20I-80-I"},{"r":"364","t":"27:24:24","h":"Est","s":"25S-H54S000I-82-I"},{"r":"364","t":"27:24:24","h":"Est","s":"25S-H54S100F-80-F1"},{"r":"364","t":"27:24:24","h":"Est","s":"25S-H54S200F-80-F2"},{"r":"364","t":"27:31:24","h":"Est","s":"25N-H54N000A-80-A"},{"r":"364","t":"27:31:24","h":"Est","s":"25N-H54NV10A-80-A"},{"r":"364","t":"27:31:24","h":"Est","s":"25N-H54NV20A-80-A"},{"r":"364","t":"27:31:24","h":"Est","s":"25S-H54S000A-83-A"},{"r":"364","t":"27:38:24","h":"Est","s":"25N-H54N000S-80-S"},{"r":"364","t":"27:38:24","h":"Est","s":"25N-H54NV10S-82-S"},{"r":"364","t":"27:38:24","h":"Est","s":"25N-H54NV20S-80-S"},{"r":"364","t":"27:38:24","h":"Est","s":"25S-H54S000S-82-S"},{"r":"364","t":"27:41:24","h":"Est","s":"25N-H54N000A-80-A"},{"r":"364","t":"27:41:24","h":"Est","s":"25N-H54NV10A-80-A"},{"r":"364","t":"27:41:24","h":"Est","s":"25N-H54NV20A-80-A"},{"r":"364","t":"27:41:24","h":"Est","s":"25S-H54S000A-83-A"},{"r":"364","t":"27:55:24","h":"Est","s":"25N-H54N000I-80-I"},{"r":"364","t":"27:55:24","h":"Est","s":"25N-H54N100F-80-F1"},{"r":"364","t":"27:55:24","h":"Est","s":"25N-H54N200F-80-F2"},{"r":"364","t":"27:55:24","h":"Est","s":"25N-H54N300F-80-F3"},{"r":"364","t":"27:55:24","h":"Est","s":"25N-H54N400F-80-F4"},{"r":"364","t":"27:55:24","h":"Est","s":"25N-H54NV10I-80-I"},{"r":"364","t":"27:55:24","h":"Est","s":"25N-H54NV20I-80-I"},{"r":"364","t":"27:55:24","h":"Est","s":"25S-H54S000I-82-I"},{"r":"364","t":"27:55:24","h":"Est","s":"25S-H54S100F-80-F1"},{"r":"364","t":"27:55:24","h":"Est","s":"25S-H54S200F-80-F2"},{"r":"364","t":"28:22:24","h":"Est","s":"25N-H54N000S-80-S"},{"r":"364","t":"28:22:24","h":"Est","s":"25N-H54NV10S-82-S"},{"r":"364","t":"28:22:24","h":"Est","s":"25N-H54NV20S-80-S"},{"r":"364","t":"28:22:24","h":"Est","s":"25S-H54S000S-82-S"},{"r":"364","t":"28:26:24","h":"Est","s":"25N-H54N000A-80-A"},{"r":"364","t":"28:26:24","h":"Est","s":"25N-H54NV10A-80-A"},{"r":"364","t":"28:26:24","h":"Est","s":"25N-H54NV20A-80-A"},{"r":"364","t":"28:26:24","h":"Est","s":"25S-H54S000A-83-A"},{"r":"364","t":"28:27:10","h":"Est","s":"25N-H54N000I-80-I"},{"r":"364","t":"28:27:10","h":"Est","s":"25N-H54N100F-80-F1"},{"r":"364","t":"28:27:10","h":"Est","s":"25N-H54N200F-80-F2"},{"r":"364","t":"28:27:10","h":"Est","s":"25N-H54N300F-80-F3"},{"r":"364","t":"28:27:10","h":"Est","s":"25N-H54N400F-80-F4"},{"r":"364","t":"28:27:10","h":"Est","s":"25N-H54NV10I-80-I"},{"r":"364","t":"28:27:10","h":"Est","s":"25N-H54NV20I-80-I"},{"r":"364","t":"28:27:10","h":"Est","s":"25S-H54S000I-82-I"},{"r":"364","t":"28:27:10","h":"Est","s":"25S-H54S100F-80-F1"},{"r":"364","t":"28:27:10","h":"Est","s":"25S-H54S200F-80-F2"},{"r":"364","t":"29:07:24","h":"Est","s":"25N-H54N000S-80-S"},{"r":"364","t":"29:07:24","h":"Est","s":"25N-H54NV10S-82-S"},{"r":"364","t":"29:07:24","h":"Est","s":"25N-H54NV20S-80-S"},{"r":"364","t":"29:07:24","h":"Est","s":"25S-H54S000S-82-S"},{"r":"364","t":"29:08:10","h":"Est","s":"25N-H54N000I-80-I"},{"r":"364","t":"29:08:10","h":"Est","s":"25N-H54N100F-80-F1"},{"r":"364","t":"29:08:10","h":"Est","s":"25N-H54N200F-80-F2"},{"r":"364","t":"29:08:10","h":"Est","s":"25N-H54N300F-80-F3"},{"r":"364","t":"29:08:10","h":"Est","s":"25N-H54N400F-80-F4"},{"r":"364","t":"29:08:10","h":"Est","s":"25N-H54NV10I-80-I"},{"r":"364","t":"29:08:10","h":"Est","s":"25N-H54NV20I-80-I"},{"r":"364","t":"29:08:10","h":"Est","s":"25S-H54S000I-82-I"},{"r":"364","t":"29:08:10","h":"Est","s":"25S-H54S100F-80-F1"},{"r":"364","t":"29:08:10","h":"Est","s":"25S-H54S200F-80-F2"},{"r":"364","t":"29:10:24","h":"Est","s":"25N-H54N000A-80-A"},{"r":"364","t":"29:10:24","h":"Est","s":"25N-H54NV10A-80-A"},{"r":"364","t":"29:10:24","h":"Est","s":"25N-H54NV20A-80-A"},{"r":"364","t":"29:10:24","h":"Est","s":"25S-H54S000A-83-A"}]