[{"r":"125","t":"05:39:57","h":"Est","s":"25N-H59N000I-80-I"},{"r":"125","t":"05:39:57","h":"Est","s":"25N-H59N100F-80-F1"},{"r":"125","t":"05:39:57","h":"Est","s":"25N-H59N200F-81-F2"},{"r":"125","t":"05:39:57","h":"Est","s":"25N-H59N300F-80-F3"},{"r":"125","t":"05:39:57","h":"Est","s":"25N-H59N400F-80-F4"},{"r":"125","t":"05:39:57","h":"Est","s":"25N-H59NV10I-80-I"},{"r":"125","t":"05:39:57","h":"Est","s":"25N-H59NV20I-80-I"},{"r":"125","t":"05:39:57","h":"Est","s":"25S-H59S000I-81-I"},{"r":"125","t":"05:39:57","h":"Est","s":"25S-H59S100F-81-F1"},{"r":"125","t":"05:39:57","h":"Est","s":"25S-H59S200F-81-F2"},{"r":"125","t":"05:41:57","h":"Est","s":"25N-H59N000A-80-A"},{"r":"125","t":"05:41:57","h":"Est","s":"25N-H59NV10A-80-A"},{"r":"125","t":"05:41:57","h":"Est","s":"25N-H59VN20A-80-A"},{"r":"125","t":"05:41:57","h":"Est","s":"25S-H59S000A-81-A"},{"r":"125","t":"05:43:57","h":"Est","s":"25N-H59N000S-80-S"},{"r":"125","t":"05:43:57","h":"Est","s":"25N-H59NV10S-84-S"},{"r":"125","t":"05:43:57","h":"Est","s":"25N-H59NV20S-80-S"},{"r":"125","t":"05:43:57","h":"Est","s":"25S-H59S000S-81-S"},{"r":"125","t":"06:10:57","h":"Est","s":"25N-H59N000I-80-I"},{"r":"125","t":"06:10:57","h":"Est","s":"25N-H59N100F-80-F1"},{"r":"125","t":"06:10:57","h":"Est","s":"25N-H59N200F-81-F2"},{"r":"125","t":"06:10:57","h":"Est","s":"25N-H59N300F-80-F3"},{"r":"125","t":"06:10:57","h":"Est","s":"25N-H59N400F-80-F4"},{"r":"125","t":"06:10:57","h":"Est","s":"25N-H59NV10I-80-I"},{"r":"125","t":"06:10:57","h":"Est","s":"25N-H59NV20I-80-I"},{"r":"125","t":"06:10:57","h":"Est","s":"25S-H59S000I-81-I"},{"r":"125","t":"06:10:57","h":"Est","s":"25S-H59S100F-81-F1"},{"r":"125","t":"06:10:57","h":"Est","s":"25S-H59S200F-81-F2"},{"r":"125","t":"06:11:57","h":"Est","s":"25N-H59N000A-80-A"},{"r":"125","t":"06:11:57","h":"Est","s":"25N-H59N000S-80-S"},{"r":"125","t":"06:11:57","h":"Est","s":"25N-H59NV10A-80-A"},{"r":"125","t":"06:11:57","h":"Est","s":"25N-H59NV10S-84-S"},{"r":"125","t":"06:11:57","h":"Est","s":"25N-H59NV20S-80-S"},{"r":"125","t":"06:11:57","h":"Est","s":"25N-H59VN20A-80-A"},{"r":"125","t":"06:11:57","h":"Est","s":"25S-H59S000A-81-A"},{"r":"125","t":"06:11:57","h":"Est","s":"25S-H59S000S-81-S"},{"r":"125","t":"06:39:57","h":"Est","s":"25N-H59N000S-80-S"},{"r":"125","t":"06:39:57","h":"Est","s":"25N-H59NV10S-84-S"},{"r":"125","t":"06:39:57","h":"Est","s":"25N-H59NV20S-80-S"},{"r":"125","t":"06:39:57","h":"Est","s":"25S-H59S000S-81-S"},{"r":"125","t":"06:41:57","h":"Est","s":"25N-H59N000I-80-I"},{"r":"125","t":"06:41:57","h":"Est","s":"25N-H59N100F-80-F1"},{"r":"125","t":"06:41:57","h":"Est","s":"25N-H59N200F-81-F2"},{"r":"125","t":"06:41:57","h":"Est","s":"25N-H59N300F-80-F3"},{"r":"125","t":"06:41:57","h":"Est","s":"25N-H59N400F-80-F4"},{"r":"125","t":"06:41:57","h":"Est","s":"25N-H59NV10I-80-I"},{"r":"125","t":"06:41:57","h":"Est","s":"25N-H59NV20I-80-I"},{"r":"125","t":"06:41:57","h":"Est","s":"25S-H59S000I-81-I"},{"r":"125","t":"06:41:57","h":"Est","s":"25S-H59S100F-81-F1"},{"r":"125","t":"06:41:57","h":"Est","s":"25S-H59S200F-81-F2"},{"r":"125","t":"06:42:57","h":"Est","s":"25N-H59N000A-80-A"},{"r":"125","t":"06:42:57","h":"Est","s":"25N-H59NV10A-80-A"},{"r":"125","t":"06:42:57","h":"Est","s":"25N-H59VN20A-80-A"},{"r":"125","t":"06:42:57","h":"Est","s":"25S-H59S000A-81-A"},{"r":"125","t":"07:10:57","h":"Est","s":"25N-H59N000S-80-S"},{"r":"125","t":"07:10:57","h":"Est","s":"25N-H59NV10S-84-S"},{"r":"125","t":"07:10:57","h":"Est","s":"25N-H59NV20S-80-S"},{"r":"125","t":"07:10:57","h":"Est","s":"25S-H59S000S-81-S"},{"r":"125","t":"07:13:57","h":"Est","s":"25N-H59N000I-80-I"},{"r":"125","t":"07:13:57","h":"Est","s":"25N-H59N100F-80-F1"},{"r":"125","t":"07:13:57","h":"Est","s":"25N-H59N200F-81-F2"},{"r":"125","t":"07:13:57","h":"Est","s":"25N-H59N300F-80-F3"},{"r":"125","t":"07:13:57","h":"Est","s":"25N-H59N400F-80-F4"},{"r":"125","t":"07:13:57","h":"Est","s":"25N-H59NV10I-80-I"},{"r":"125","t":"07:13:57","h":"Est","s":"25N-H59NV20I-80-I"},{"r":"125","t":"07:13:57","h":"Est","s":"25S-H59S000I-81-I"},{"r":"125","t":"07:13:57","h":"Est","s":"25S-H59S100F-81-F1"},{"r":"125","t":"07:13:57","h":"Est","s":"25S-H59S200F-81-F2"},{"r":"125","t":"07:14:57","h":"Est","s":"25N-H59N000A-80-A"},{"r":"125","t":"07:14:57","h":"Est","s":"25N-H59NV10A-80-A"},{"r":"125","t":"07:14:57","h":"Est","s":"25N-H59VN20A-80-A"},{"r":"125","t":"07:14:57","h":"Est","s":"25S-H59S000A-81-A"},{"r":"125","t":"07:44:39","h":"Est","s":"25N-H59N000S-80-S"},{"r":"125","t":"07:44:39","h":"Est","s":"25N-H59NV10S-84-S"},{"r":"125","t":"07:44:39","h":"Est","s":"25N-H59NV20S-80-S"},{"r":"125","t":"07:44:39","h":"Est","s":"25S-H59S000S-81-S"},{"r":"125","t":"07:45:57","h":"Est","s":"25N-H59N000I-80-I"},{"r":"125","t":"07:45:57","h":"Est","s":"25N-H59N100F-80-F1"},{"r":"125","t":"07:45:57","h":"Est","s":"25N-H59N200F-81-F2"},{"r":"125","t":"07:45:57","h":"Est","s":"25N-H59N300F-80-F3"},{"r":"125","t":"07:45:57","h":"Est","s":"25N-H59N400F-80-F4"},{"r":"125","t":"07:45:57","h":"Est","s":"25N-H59NV10I-80-I"},{"r":"125","t":"07:45:57","h":"Est","s":"25N-H59NV20I-80-I"},{"r":"125","t":"07:45:57","h":"Est","s":"25S-H59S000I-81-I"},{"r":"125","t":"07:45:57","h":"Est","s":"25S-H59S100F-81-F1"},{"r":"125","t":"07:45:57","h":"Est","s":"25S-H59S200F-81-F2"},{"r":"125","t":"07:46:57","h":"Est","s":"25N-H59N000A-80-A"},{"r":"125","t":"07:46:57","h":"Est","s":"25N-H59NV10A-80-A"},{"r":"125","t":"07:46:57","h":"Est","s":"25N-H59VN20A-80-A"},{"r":"125","t":"07:46:57","h":"Est","s":"25S-H59S000A-81-A"},{"r":"125","t":"08:15:31","h":"Est","s":"25N-H59N000A-80-A"},{"r":"125","t":"08:15:31","h":"Est","s":"25N-H59NV10A-80-A"},{"r":"125","t":"08:15:31","h":"Est","s":"25N-H59VN20A-80-A"},{"r":"125","t":"08:15:31","h":"Est","s":"25S-H59S000A-81-A"},{"r":"125","t":"08:16:39","h":"Est","s":"25N-H59N000S-80-S"},{"r":"125","t":"08:16:39","h":"Est","s":"25N-H59NV10S-84-S"},{"r":"125","t":"08:16:39","h":"Est","s":"25N-H59NV20S-80-S"},{"r":"125","t":"08:16:39","h":"Est","s":"25S-H59S000S-81-S"},{"r":"125","t":"08:20:57","h":"Est","s":"25N-H59N000I-80-I"},{"r":"125","t":"08:20:57","h":"Est","s":"25N-H59N100F-80-F1"},{"r":"125","t":"08:20:57","h":"Est","s":"25N-H59N200F-81-F2"},{"r":"125","t":"08:20:57","h":"Est","s":"25N-H59N300F-80-F3"},{"r":"125","t":"08:20:57","h":"Est","s":"25N-H59N400F-80-F4"},{"r":"125","t":"08:20:57","h":"Est","s":"25N-H59NV10I-80-I"},{"r":"125","t":"08:20:57","h":"Est","s":"25N-H59NV20I-80-I"},{"r":"125","t":"08:20:57","h":"Est","s":"25S-H59S000I-81-I"},{"r":"125","t":"08:20:57","h":"Est","s":"25S-H59S100F-81-F1"},{"r":"125","t":"08:20:57","h":"Est","s":"25S-H59S200F-81-F2"},{"r":"125","t":"08:46:39","h":"Est","s":"25N-H59N000S-80-S"},{"r":"125","t":"08:46:39","h":"Est","s":"25N-H59NV10S-84-S"},{"r":"125","t":"08:46:39","h":"Est","s":"25N-H59NV20S-80-S"},{"r":"125","t":"08:46:39","h":"Est","s":"25S-H59S000S-81-S"},{"r":"125","t":"08:47:39","h":"Est","s":"25N-H59N000A-80-A"},{"r":"125","t":"08:47:39","h":"Est","s":"25N-H59NV10A-80-A"},{"r":"125","t":"08:47:39","h":"Est","s":"25N-H59VN20A-80-A"},{"r":"125","t":"08:47:39","h":"Est","s":"25S-H59S000A-81-A"},{"r":"125","t":"08:48:57","h":"Est","s":"25N-H59N000I-80-I"},{"r":"125","t":"08:48:57","h":"Est","s":"25N-H59N100F-80-F1"},{"r":"125","t":"08:48:57","h":"Est","s":"25N-H59N200F-81-F2"},{"r":"125","t":"08:48:57","h":"Est","s":"25N-H59N300F-80-F3"},{"r":"125","t":"08:48:57","h":"Est","s":"25N-H59N400F-80-F4"},{"r":"125","t":"08:48:57","h":"Est","s":"25N-H59NV10I-80-I"},{"r":"125","t":"08:48:57","h":"Est","s":"25N-H59NV20I-80-I"},{"r":"125","t":"08:48:57","h":"Est","s":"25S-H59S000I-81-I"},{"r":"125","t":"08:48:57","h":"Est","s":"25S-H59S100F-81-F1"},{"r":"125","t":"08:48:57","h":"Est","s":"25S-H59S200F-81-F2"},{"r":"125","t":"09:15:39","h":"Est","s":"25N-H59N000S-80-S"},{"r":"125","t":"09:15:39","h":"Est","s":"25N-H59NV10S-84-S"},{"r":"125","t":"09:15:39","h":"Est","s":"25N-H59NV20S-80-S"},{"r":"125","t":"09:15:39","h":"Est","s":"25S-H59S000S-81-S"},{"r":"125","t":"09:17:39","h":"Est","s":"25N-H59N000A-80-A"},{"r":"125","t":"09:17:39","h":"Est","s":"25N-H59NV10A-80-A"},{"r":"125","t":"09:17:39","h":"Est","s":"25N-H59VN20A-80-A"},{"r":"125","t":"09:17:39","h":"Est","s":"25S-H59S000A-81-A"},{"r":"125","t":"09:17:57","h":"Est","s":"25N-H59N000I-80-I"},{"r":"125","t":"09:17:57","h":"Est","s":"25N-H59N100F-80-F1"},{"r":"125","t":"09:17:57","h":"Est","s":"25N-H59N200F-81-F2"},{"r":"125","t":"09:17:57","h":"Est","s":"25N-H59N300F-80-F3"},{"r":"125","t":"09:17:57","h":"Est","s":"25N-H59N400F-80-F4"},{"r":"125","t":"09:17:57","h":"Est","s":"25N-H59NV10I-80-I"},{"r":"125","t":"09:17:57","h":"Est","s":"25N-H59NV20I-80-I"},{"r":"125","t":"09:17:57","h":"Est","s":"25S-H59S000I-81-I"},{"r":"125","t":"09:17:57","h":"Est","s":"25S-H59S100F-81-F1"},{"r":"125","t":"09:17:57","h":"Est","s":"25S-H59S200F-81-F2"},{"r":"125","t":"09:43:39","h":"Est","s":"25N-H56N000S-80-S"},{"r":"125","t":"09:43:39","h":"Est","s":"25N-H56NV10S-80-S"},{"r":"125","t":"09:43:39","h":"Est","s":"25N-H56NV20S-80-S"},{"r":"125","t":"09:43:39","h":"Est","s":"25S-H56S000S-80-S"},{"r":"125","t":"09:47:31","h":"Est","s":"25N-H59N000I-80-I"},{"r":"125","t":"09:47:31","h":"Est","s":"25N-H59N100F-80-F1"},{"r":"125","t":"09:47:31","h":"Est","s":"25N-H59N200F-81-F2"},{"r":"125","t":"09:47:31","h":"Est","s":"25N-H59N300F-80-F3"},{"r":"125","t":"09:47:31","h":"Est","s":"25N-H59N400F-80-F4"},{"r":"125","t":"09:47:31","h":"Est","s":"25N-H59NV10I-80-I"},{"r":"125","t":"09:47:31","h":"Est","s":"25N-H59NV20I-80-I"},{"r":"125","t":"09:47:31","h":"Est","s":"25S-H59S000I-81-I"},{"r":"125","t":"09:47:31","h":"Est","s":"25S-H59S100F-81-F1"},{"r":"125","t":"09:47:31","h":"Est","s":"25S-H59S200F-81-F2"},{"r":"125","t":"09:48:39","h":"Est","s":"25N-H59N000A-80-A"},{"r":"125","t":"09:48:39","h":"Est","s":"25N-H59NV10A-80-A"},{"r":"125","t":"09:48:39","h":"Est","s":"25N-H59VN20A-80-A"},{"r":"125","t":"09:48:39","h":"Est","s":"25S-H59S000A-81-A"},{"r":"125","t":"10:13:39","h":"Est","s":"25N-H59N000S-80-S"},{"r":"125","t":"10:13:39","h":"Est","s":"25N-H59NV10S-84-S"},{"r":"125","t":"10:13:39","h":"Est","s":"25N-H59NV20S-80-S"},{"r":"125","t":"10:13:39","h":"Est","s":"25S-H59S000S-81-S"},{"r":"125","t":"10:19:05","h":"Est","s":"25N-H59N000I-80-I"},{"r":"125","t":"10:19:05","h":"Est","s":"25N-H59N100F-80-F1"},{"r":"125","t":"10:19:05","h":"Est","s":"25N-H59N200F-81-F2"},{"r":"125","t":"10:19:05","h":"Est","s":"25N-H59N300F-80-F3"},{"r":"125","t":"10:19:05","h":"Est","s":"25N-H59N400F-80-F4"},{"r":"125","t":"10:19:05","h":"Est","s":"25N-H59NV10I-80-I"},{"r":"125","t":"10:19:05","h":"Est","s":"25N-H59NV20I-80-I"},{"r":"125","t":"10:19:05","h":"Est","s":"25S-H59S000I-81-I"},{"r":"125","t":"10:19:05","h":"Est","s":"25S-H59S100F-81-F1"},{"r":"125","t":"10:19:05","h":"Est","s":"25S-H59S200F-81-F2"},{"r":"125","t":"10:23:39","h":"Est","s":"25N-H59N000A-80-A"},{"r":"125","t":"10:23:39","h":"Est","s":"25N-H59NV10A-80-A"},{"r":"125","t":"10:23:39","h":"Est","s":"25N-H59VN20A-80-A"},{"r":"125","t":"10:23:39","h":"Est","s":"25S-H59S000A-81-A"},{"r":"125","t":"10:45:39","h":"Est","s":"25N-H59N000S-80-S"},{"r":"125","t":"10:45:39","h":"Est","s":"25N-H59NV10S-84-S"},{"r":"125","t":"10:45:39","h":"Est","s":"25N-H59NV20S-80-S"},{"r":"125","t":"10:45:39","h":"Est","s":"25S-H59S000S-81-S"},{"r":"125","t":"10:49:05","h":"Est","s":"25N-H59N000I-80-I"},{"r":"125","t":"10:49:05","h":"Est","s":"25N-H59N100F-80-F1"},{"r":"125","t":"10:49:05","h":"Est","s":"25N-H59N200F-81-F2"},{"r":"125","t":"10:49:05","h":"Est","s":"25N-H59N300F-80-F3"},{"r":"125","t":"10:49:05","h":"Est","s":"25N-H59N400F-80-F4"},{"r":"125","t":"10:49:05","h":"Est","s":"25N-H59NV10I-80-I"},{"r":"125","t":"10:49:05","h":"Est","s":"25N-H59NV20I-80-I"},{"r":"125","t":"10:49:05","h":"Est","s":"25S-H59S000I-81-I"},{"r":"125","t":"10:49:05","h":"Est","s":"25S-H59S100F-81-F1"},{"r":"125","t":"10:49:05","h":"Est","s":"25S-H59S200F-81-F2"},{"r":"125","t":"10:55:39","h":"Est","s":"25N-H59N000A-80-A"},{"r":"125","t":"10:55:39","h":"Est","s":"25N-H59NV10A-80-A"},{"r":"125","t":"10:55:39","h":"Est","s":"25N-H59VN20A-80-A"},{"r":"125","t":"10:55:39","h":"Est","s":"25S-H59S000A-81-A"},{"r":"125","t":"11:17:39","h":"Est","s":"25N-H59N000I-80-I"},{"r":"125","t":"11:17:39","h":"Est","s":"25N-H59N000S-80-S"},{"r":"125","t":"11:17:39","h":"Est","s":"25N-H59N100F-80-F1"},{"r":"125","t":"11:17:39","h":"Est","s":"25N-H59N200F-81-F2"},{"r":"125","t":"11:17:39","h":"Est","s":"25N-H59N300F-80-F3"},{"r":"125","t":"11:17:39","h":"Est","s":"25N-H59N400F-80-F4"},{"r":"125","t":"11:17:39","h":"Est","s":"25N-H59NV10I-80-I"},{"r":"125","t":"11:17:39","h":"Est","s":"25N-H59NV10S-84-S"},{"r":"125","t":"11:17:39","h":"Est","s":"25N-H59NV20I-80-I"},{"r":"125","t":"11:17:39","h":"Est","s":"25N-H59NV20S-80-S"},{"r":"125","t":"11:17:39","h":"Est","s":"25S-H59S000I-81-I"},{"r":"125","t":"11:17:39","h":"Est","s":"25S-H59S000S-81-S"},{"r":"125","t":"11:17:39","h":"Est","s":"25S-H59S100F-81-F1"},{"r":"125","t":"11:17:39","h":"Est","s":"25S-H59S200F-81-F2"},{"r":"125","t":"11:28:13","h":"Est","s":"25N-H59N000A-80-A"},{"r":"125","t":"11:28:13","h":"Est","s":"25N-H59NV10A-80-A"},{"r":"125","t":"11:28:13","h":"Est","s":"25N-H59VN20A-80-A"},{"r":"125","t":"11:28:13","h":"Est","s":"25S-H59S000A-81-A"},{"r":"125","t":"11:48:13","h":"Est","s":"25N-H59N000I-80-I"},{"r":"125","t":"11:48:13","h":"Est","s":"25N-H59N100F-80-F1"},{"r":"125","t":"11:48:13","h":"Est","s":"25N-H59N200F-81-F2"},{"r":"125","t":"11:48:13","h":"Est","s":"25N-H59N300F-80-F3"},{"r":"125","t":"11:48:13","h":"Est","s":"25N-H59N400F-80-F4"},{"r":"125","t":"11:48:13","h":"Est","s":"25N-H59NV10I-80-I"},{"r":"125","t":"11:48:13","h":"Est","s":"25N-H59NV20I-80-I"},{"r":"125","t":"11:48:13","h":"Est","s":"25S-H59S000I-81-I"},{"r":"125","t":"11:48:13","h":"Est","s":"25S-H59S100F-81-F1"},{"r":"125","t":"11:48:13","h":"Est","s":"25S-H59S200F-81-F2"},{"r":"125","t":"11:49:13","h":"Est","s":"25N-H59N000S-80-S"},{"r":"125","t":"11:49:13","h":"Est","s":"25N-H59NV10S-84-S"},{"r":"125","t":"11:49:13","h":"Est","s":"25N-H59NV20S-80-S"},{"r":"125","t":"11:49:13","h":"Est","s":"25S-H59S000S-81-S"},{"r":"125","t":"11:59:13","h":"Est","s":"25N-H59N000A-80-A"},{"r":"125","t":"11:59:13","h":"Est","s":"25N-H59NV10A-80-A"},{"r":"125","t":"11:59:13","h":"Est","s":"25N-H59VN20A-80-A"},{"r":"125","t":"11:59:13","h":"Est","s":"25S-H59S000A-81-A"},{"r":"125","t":"12:17:13","h":"Est","s":"25N-H59N000I-80-I"},{"r":"125","t":"12:17:13","h":"Est","s":"25N-H59N100F-80-F1"},{"r":"125","t":"12:17:13","h":"Est","s":"25N-H59N200F-81-F2"},{"r":"125","t":"12:17:13","h":"Est","s":"25N-H59N300F-80-F3"},{"r":"125","t":"12:17:13","h":"Est","s":"25N-H59N400F-80-F4"},{"r":"125","t":"12:17:13","h":"Est","s":"25N-H59NV10I-80-I"},{"r":"125","t":"12:17:13","h":"Est","s":"25N-H59NV20I-80-I"},{"r":"125","t":"12:17:13","h":"Est","s":"25S-H59S000I-81-I"},{"r":"125","t":"12:17:13","h":"Est","s":"25S-H59S100F-81-F1"},{"r":"125","t":"12:17:13","h":"Est","s":"25S-H59S200F-81-F2"},{"r":"125","t":"12:21:13","h":"Est","s":"25N-H59N000S-80-S"},{"r":"125","t":"12:21:13","h":"Est","s":"25N-H59NV10S-84-S"},{"r":"125","t":"12:21:13","h":"Est","s":"25N-H59NV20S-80-S"},{"r":"125","t":"12:21:13","h":"Est","s":"25S-H59S000S-81-S"},{"r":"125","t":"12:31:13","h":"Est","s":"25N-H59N000A-80-A"},{"r":"125","t":"12:31:13","h":"Est","s":"25N-H59NV10A-80-A"},{"r":"125","t":"12:31:13","h":"Est","s":"25N-H59VN20A-80-A"},{"r":"125","t":"12:31:13","h":"Est","s":"25S-H59S000A-81-A"},{"r":"125","t":"12:46:47","h":"Est","s":"25N-H59N000I-80-I"},{"r":"125","t":"12:46:47","h":"Est","s":"25N-H59N100F-80-F1"},{"r":"125","t":"12:46:47","h":"Est","s":"25N-H59N200F-81-F2"},{"r":"125","t":"12:46:47","h":"Est","s":"25N-H59N300F-80-F3"},{"r":"125","t":"12:46:47","h":"Est","s":"25N-H59N400F-80-F4"},{"r":"125","t":"12:46:47","h":"Est","s":"25N-H59NV10I-80-I"},{"r":"125","t":"12:46:47","h":"Est","s":"25N-H59NV20I-80-I"},{"r":"125","t":"12:46:47","h":"Est","s":"25S-H59S000I-81-I"},{"r":"125","t":"12:46:47","h":"Est","s":"25S-H59S100F-81-F1"},{"r":"125","t":"12:46:47","h":"Est","s":"25S-H59S200F-81-F2"},{"r":"125","t":"12:51:13","h":"Est","s":"25N-H59N000S-80-S"},{"r":"125","t":"12:51:13","h":"Est","s":"25N-H59NV10S-84-S"},{"r":"125","t":"12:51:13","h":"Est","s":"25N-H59NV20S-80-S"},{"r":"125","t":"12:51:13","h":"Est","s":"25S-H59S000S-81-S"},{"r":"125","t":"13:04:13","h":"Est","s":"25N-H59N000A-80-A"},{"r":"125","t":"13:04:13","h":"Est","s":"25N-H59NV10A-80-A"},{"r":"125","t":"13:04:13","h":"Est","s":"25N-H59VN20A-80-A"},{"r":"125","t":"13:04:13","h":"Est","s":"25S-H59S000A-81-A"},{"r":"125","t":"13:19:47","h":"Est","s":"25N-H59N000I-80-I"},{"r":"125","t":"13:19:47","h":"Est","s":"25N-H59N100F-80-F1"},{"r":"125","t":"13:19:47","h":"Est","s":"25N-H59N200F-81-F2"},{"r":"125","t":"13:19:47","h":"Est","s":"25N-H59N300F-80-F3"},{"r":"125","t":"13:19:47","h":"Est","s":"25N-H59N400F-80-F4"},{"r":"125","t":"13:19:47","h":"Est","s":"25N-H59NV10I-80-I"},{"r":"125","t":"13:19:47","h":"Est","s":"25N-H59NV20I-80-I"},{"r":"125","t":"13:19:47","h":"Est","s":"25S-H59S000I-81-I"},{"r":"125","t":"13:19:47","h":"Est","s":"25S-H59S100F-81-F1"},{"r":"125","t":"13:19:47","h":"Est","s":"25S-H59S200F-81-F2"},{"r":"125","t":"13:20:13","h":"Est","s":"25N-H59N000S-80-S"},{"r":"125","t":"13:20:13","h":"Est","s":"25N-H59NV10S-84-S"},{"r":"125","t":"13:20:13","h":"Est","s":"25N-H59NV20S-80-S"},{"r":"125","t":"13:20:13","h":"Est","s":"25S-H59S000S-81-S"},{"r":"125","t":"13:36:13","h":"Est","s":"25N-H59N000A-80-A"},{"r":"125","t":"13:36:13","h":"Est","s":"25N-H59NV10A-80-A"},{"r":"125","t":"13:36:13","h":"Est","s":"25N-H59VN20A-80-A"},{"r":"125","t":"13:36:13","h":"Est","s":"25S-H59S000A-81-A"},{"r":"125","t":"13:48:47","h":"Est","s":"25N-H59N000S-80-S"},{"r":"125","t":"13:48:47","h":"Est","s":"25N-H59NV10S-84-S"},{"r":"125","t":"13:48:47","h":"Est","s":"25N-H59NV20S-80-S"},{"r":"125","t":"13:48:47","h":"Est","s":"25S-H59S000S-81-S"},{"r":"125","t":"13:51:47","h":"Est","s":"25N-H59N000I-80-I"},{"r":"125","t":"13:51:47","h":"Est","s":"25N-H59N100F-80-F1"},{"r":"125","t":"13:51:47","h":"Est","s":"25N-H59N200F-81-F2"},{"r":"125","t":"13:51:47","h":"Est","s":"25N-H59N300F-80-F3"},{"r":"125","t":"13:51:47","h":"Est","s":"25N-H59N400F-80-F4"},{"r":"125","t":"13:51:47","h":"Est","s":"25N-H59NV10I-80-I"},{"r":"125","t":"13:51:47","h":"Est","s":"25N-H59NV20I-80-I"},{"r":"125","t":"13:51:47","h":"Est","s":"25S-H59S000I-81-I"},{"r":"125","t":"13:51:47","h":"Est","s":"25S-H59S100F-81-F1"},{"r":"125","t":"13:51:47","h":"Est","s":"25S-H59S200F-81-F2"},{"r":"125","t":"14:08:13","h":"Est","s":"25N-H59N000A-80-A"},{"r":"125","t":"14:08:13","h":"Est","s":"25N-H59NV10A-80-A"},{"r":"125","t":"14:08:13","h":"Est","s":"25N-H59VN20A-80-A"},{"r":"125","t":"14:08:13","h":"Est","s":"25S-H59S000A-81-A"},{"r":"125","t":"14:20:47","h":"Est","s":"25N-H59N000I-80-I"},{"r":"125","t":"14:20:47","h":"Est","s":"25N-H59N000S-80-S"},{"r":"125","t":"14:20:47","h":"Est","s":"25N-H59N100F-80-F1"},{"r":"125","t":"14:20:47","h":"Est","s":"25N-H59N200F-81-F2"},{"r":"125","t":"14:20:47","h":"Est","s":"25N-H59N300F-80-F3"},{"r":"125","t":"14:20:47","h":"Est","s":"25N-H59N400F-80-F4"},{"r":"125","t":"14:20:47","h":"Est","s":"25N-H59NV10I-80-I"},{"r":"125","t":"14:20:47","h":"Est","s":"25N-H59NV10S-84-S"},{"r":"125","t":"14:20:47","h":"Est","s":"25N-H59NV20I-80-I"},{"r":"125","t":"14:20:47","h":"Est","s":"25N-H59NV20S-80-S"},{"r":"125","t":"14:20:47","h":"Est","s":"25S-H59S000I-81-I"},{"r":"125","t":"14:20:47","h":"Est","s":"25S-H59S000S-81-S"},{"r":"125","t":"14:20:47","h":"Est","s":"25S-H59S100F-81-F1"},{"r":"125","t":"14:20:47","h":"Est","s":"25S-H59S200F-81-F2"},{"r":"125","t":"14:41:13","h":"Est","s":"25N-H59N000A-80-A"},{"r":"125","t":"14:41:13","h":"Est","s":"25N-H59NV10A-80-A"},{"r":"125","t":"14:41:13","h":"Est","s":"25N-H59VN20A-80-A"},{"r":"125","t":"14:41:13","h":"Est","s":"25S-H59S000A-81-A"},{"r":"125","t":"14:51:47","h":"Est","s":"25N-H59N000I-80-I"},{"r":"125","t":"14:51:47","h":"Est","s":"25N-H59N000S-80-S"},{"r":"125","t":"14:51:47","h":"Est","s":"25N-H59N100F-80-F1"},{"r":"125","t":"14:51:47","h":"Est","s":"25N-H59N200F-81-F2"},{"r":"125","t":"14:51:47","h":"Est","s":"25N-H59N300F-80-F3"},{"r":"125","t":"14:51:47","h":"Est","s":"25N-H59N400F-80-F4"},{"r":"125","t":"14:51:47","h":"Est","s":"25N-H59NV10I-80-I"},{"r":"125","t":"14:51:47","h":"Est","s":"25N-H59NV10S-84-S"},{"r":"125","t":"14:51:47","h":"Est","s":"25N-H59NV20I-80-I"},{"r":"125","t":"14:51:47","h":"Est","s":"25N-H59NV20S-80-S"},{"r":"125","t":"14:51:47","h":"Est","s":"25S-H59S000I-81-I"},{"r":"125","t":"14:51:47","h":"Est","s":"25S-H59S000S-81-S"},{"r":"125","t":"14:51:47","h":"Est","s":"25S-H59S100F-81-F1"},{"r":"125","t":"14:51:47","h":"Est","s":"25S-H59S200F-81-F2"},{"r":"125","t":"15:13:13","h":"Est","s":"25N-H59N000A-80-A"},{"r":"125","t":"15:13:13","h":"Est","s":"25N-H59NV10A-80-A"},{"r":"125","t":"15:13:13","h":"Est","s":"25N-H59VN20A-80-A"},{"r":"125","t":"15:13:13","h":"Est","s":"25S-H59S000A-81-A"},{"r":"125","t":"15:23:47","h":"Est","s":"25N-H59N000I-80-I"},{"r":"125","t":"15:23:47","h":"Est","s":"25N-H59N000S-80-S"},{"r":"125","t":"15:23:47","h":"Est","s":"25N-H59N100F-80-F1"},{"r":"125","t":"15:23:47","h":"Est","s":"25N-H59N200F-81-F2"},{"r":"125","t":"15:23:47","h":"Est","s":"25N-H59N300F-80-F3"},{"r":"125","t":"15:23:47","h":"Est","s":"25N-H59N400F-80-F4"},{"r":"125","t":"15:23:47","h":"Est","s":"25N-H59NV10I-80-I"},{"r":"125","t":"15:23:47","h":"Est","s":"25N-H59NV10S-84-S"},{"r":"125","t":"15:23:47","h":"Est","s":"25N-H59NV20I-80-I"},{"r":"125","t":"15:23:47","h":"Est","s":"25N-H59NV20S-80-S"},{"r":"125","t":"15:23:47","h":"Est","s":"25S-H59S000I-81-I"},{"r":"125","t":"15:23:47","h":"Est","s":"25S-H59S000S-81-S"},{"r":"125","t":"15:23:47","h":"Est","s":"25S-H59S100F-81-F1"},{"r":"125","t":"15:23:47","h":"Est","s":"25S-H59S200F-81-F2"},{"r":"125","t":"15:38:47","h":"Est","s":"25N-H59N000S-80-S"},{"r":"125","t":"15:38:47","h":"Est","s":"25N-H59NV10S-84-S"},{"r":"125","t":"15:38:47","h":"Est","s":"25N-H59NV20S-80-S"},{"r":"125","t":"15:38:47","h":"Est","s":"25S-H59S000S-81-S"},{"r":"125","t":"15:43:13","h":"Est","s":"25N-H59N000A-80-A"},{"r":"125","t":"15:43:13","h":"Est","s":"25N-H59NV10A-80-A"},{"r":"125","t":"15:43:13","h":"Est","s":"25N-H59VN20A-80-A"},{"r":"125","t":"15:43:13","h":"Est","s":"25S-H59S000A-81-A"},{"r":"125","t":"15:51:47","h":"Est","s":"25N-H59N000S-80-S"},{"r":"125","t":"15:51:47","h":"Est","s":"25N-H59NV10S-84-S"},{"r":"125","t":"15:51:47","h":"Est","s":"25N-H59NV20S-80-S"},{"r":"125","t":"15:51:47","h":"Est","s":"25S-H59S000S-81-S"},{"r":"125","t":"15:55:47","h":"Est","s":"25N-H59N000I-80-I"},{"r":"125","t":"15:55:47","h":"Est","s":"25N-H59N100F-80-F1"},{"r":"125","t":"15:55:47","h":"Est","s":"25N-H59N200F-81-F2"},{"r":"125","t":"15:55:47","h":"Est","s":"25N-H59N300F-80-F3"},{"r":"125","t":"15:55:47","h":"Est","s":"25N-H59N400F-80-F4"},{"r":"125","t":"15:55:47","h":"Est","s":"25N-H59NV10I-80-I"},{"r":"125","t":"15:55:47","h":"Est","s":"25N-H59NV20I-80-I"},{"r":"125","t":"15:55:47","h":"Est","s":"25S-H59S000I-81-I"},{"r":"125","t":"15:55:47","h":"Est","s":"25S-H59S100F-81-F1"},{"r":"125","t":"15:55:47","h":"Est","s":"25S-H59S200F-81-F2"},{"r":"125","t":"16:03:47","h":"Est","s":"25N-H57N000S-80-S"},{"r":"125","t":"16:03:47","h":"Est","s":"25N-H57NV10S-84-S"},{"r":"125","t":"16:03:47","h":"Est","s":"25N-H57NV20S-80-S"},{"r":"125","t":"16:03:47","h":"Est","s":"25S-H57S000S-82-S"},{"r":"125","t":"16:12:13","h":"Est","s":"25N-H59N000A-80-A"},{"r":"125","t":"16:12:13","h":"Est","s":"25N-H59NV10A-80-A"},{"r":"125","t":"16:12:13","h":"Est","s":"25N-H59VN20A-80-A"},{"r":"125","t":"16:12:13","h":"Est","s":"25S-H59S000A-81-A"},{"r":"125","t":"16:15:47","h":"Est","s":"25N-H59N000S-80-S"},{"r":"125","t":"16:15:47","h":"Est","s":"25N-H59NV10S-84-S"},{"r":"125","t":"16:15:47","h":"Est","s":"25N-H59NV20S-80-S"},{"r":"125","t":"16:15:47","h":"Est","s":"25S-H59S000S-81-S"},{"r":"125","t":"16:26:47","h":"Est","s":"25N-H59N000I-80-I"},{"r":"125","t":"16:26:47","h":"Est","s":"25N-H59N100F-80-F1"},{"r":"125","t":"16:26:47","h":"Est","s":"25N-H59N200F-81-F2"},{"r":"125","t":"16:26:47","h":"Est","s":"25N-H59N300F-80-F3"},{"r":"125","t":"16:26:47","h":"Est","s":"25N-H59N400F-80-F4"},{"r":"125","t":"16:26:47","h":"Est","s":"25N-H59NV10I-80-I"},{"r":"125","t":"16:26:47","h":"Est","s":"25N-H59NV20I-80-I"},{"r":"125","t":"16:26:47","h":"Est","s":"25S-H59S000I-81-I"},{"r":"125","t":"16:26:47","h":"Est","s":"25S-H59S100F-81-F1"},{"r":"125","t":"16:26:47","h":"Est","s":"25S-H59S200F-81-F2"},{"r":"125","t":"16:37:47","h":"Est","s":"25N-H59N000S-80-S"},{"r":"125","t":"16:37:47","h":"Est","s":"25N-H59NV10S-84-S"},{"r":"125","t":"16:37:47","h":"Est","s":"25N-H59NV20S-80-S"},{"r":"125","t":"16:37:47","h":"Est","s":"25S-H59S000S-81-S"},{"r":"125","t":"16:40:13","h":"Est","s":"25N-H59N000A-80-A"},{"r":"125","t":"16:40:13","h":"Est","s":"25N-H59NV10A-80-A"},{"r":"125","t":"16:40:13","h":"Est","s":"25N-H59VN20A-80-A"},{"r":"125","t":"16:40:13","h":"Est","s":"25S-H59S000A-81-A"},{"r":"125","t":"16:48:47","h":"Est","s":"25N-H59N000S-80-S"},{"r":"125","t":"16:48:47","h":"Est","s":"25N-H59NV10S-84-S"},{"r":"125","t":"16:48:47","h":"Est","s":"25N-H59NV20S-80-S"},{"r":"125","t":"16:48:47","h":"Est","s":"25S-H59S000S-81-S"},{"r":"125","t":"16:57:47","h":"Est","s":"25N-H59N000I-80-I"},{"r":"125","t":"16:57:47","h":"Est","s":"25N-H59N100F-80-F1"},{"r":"125","t":"16:57:47","h":"Est","s":"25N-H59N200F-81-F2"},{"r":"125","t":"16:57:47","h":"Est","s":"25N-H59N300F-80-F3"},{"r":"125","t":"16:57:47","h":"Est","s":"25N-H59N400F-80-F4"},{"r":"125","t":"16:57:47","h":"Est","s":"25N-H59NV10I-80-I"},{"r":"125","t":"16:57:47","h":"Est","s":"25N-H59NV20I-80-I"},{"r":"125","t":"16:57:47","h":"Est","s":"25S-H59S000I-81-I"},{"r":"125","t":"16:57:47","h":"Est","s":"25S-H59S100F-81-F1"},{"r":"125","t":"16:57:47","h":"Est","s":"25S-H59S200F-81-F2"},{"r":"125","t":"16:59:47","h":"Est","s":"25N-H59N000S-80-S"},{"r":"125","t":"16:59:47","h":"Est","s":"25N-H59NV10S-84-S"},{"r":"125","t":"16:59:47","h":"Est","s":"25N-H59NV20S-80-S"},{"r":"125","t":"16:59:47","h":"Est","s":"25S-H59S000S-81-S"},{"r":"125","t":"17:09:13","h":"Est","s":"25N-H59N000A-80-A"},{"r":"125","t":"17:09:13","h":"Est","s":"25N-H59NV10A-80-A"},{"r":"125","t":"17:09:13","h":"Est","s":"25N-H59VN20A-80-A"},{"r":"125","t":"17:09:13","h":"Est","s":"25S-H59S000A-81-A"},{"r":"125","t":"17:10:47","h":"Est","s":"25N-H59N000S-80-S"},{"r":"125","t":"17:10:47","h":"Est","s":"25N-H59NV10S-84-S"},{"r":"125","t":"17:10:47","h":"Est","s":"25N-H59NV20S-80-S"},{"r":"125","t":"17:10:47","h":"Est","s":"25S-H59S000S-81-S"},{"r":"125","t":"17:21:47","h":"Est","s":"25N-H59N000S-80-S"},{"r":"125","t":"17:21:47","h":"Est","s":"25N-H59NV10S-84-S"},{"r":"125","t":"17:21:47","h":"Est","s":"25N-H59NV20S-80-S"},{"r":"125","t":"17:21:47","h":"Est","s":"25S-H59S000S-81-S"},{"r":"125","t":"17:24:47","h":"Est","s":"25N-H59N000I-80-I"},{"r":"125","t":"17:24:47","h":"Est","s":"25N-H59N100F-80-F1"},{"r":"125","t":"17:24:47","h":"Est","s":"25N-H59N200F-81-F2"},{"r":"125","t":"17:24:47","h":"Est","s":"25N-H59N300F-80-F3"},{"r":"125","t":"17:24:47","h":"Est","s":"25N-H59N400F-80-F4"},{"r":"125","t":"17:24:47","h":"Est","s":"25N-H59NV10I-80-I"},{"r":"125","t":"17:24:47","h":"Est","s":"25N-H59NV20I-80-I"},{"r":"125","t":"17:24:47","h":"Est","s":"25S-H59S000I-81-I"},{"r":"125","t":"17:24:47","h":"Est","s":"25S-H59S100F-81-F1"},{"r":"125","t":"17:24:47","h":"Est","s":"25S-H59S200F-81-F2"},{"r":"125","t":"17:39:13","h":"Est","s":"25N-H59N000A-80-A"},{"r":"125","t":"17:39:13","h":"Est","s":"25N-H59NV10A-80-A"},{"r":"125","t":"17:39:13","h":"Est","s":"25N-H59VN20A-80-A"},{"r":"125","t":"17:39:13","h":"Est","s":"25S-H59S000A-81-A"},{"r":"125","t":"17:39:47","h":"Est","s":"25N-H59N000S-80-S"},{"r":"125","t":"17:39:47","h":"Est","s":"25N-H59NV10S-84-S"},{"r":"125","t":"17:39:47","h":"Est","s":"25N-H59NV20S-80-S"},{"r":"125","t":"17:39:47","h":"Est","s":"25S-H59S000S-81-S"},{"r":"125","t":"17:48:47","h":"Est","s":"25N-H59N000S-80-S"},{"r":"125","t":"17:48:47","h":"Est","s":"25N-H59NV10S-84-S"},{"r":"125","t":"17:48:47","h":"Est","s":"25N-H59NV20S-80-S"},{"r":"125","t":"17:48:47","h":"Est","s":"25S-H59S000S-81-S"},{"r":"125","t":"17:49:39","h":"Est","s":"25N-H59N000I-80-I"},{"r":"125","t":"17:49:39","h":"Est","s":"25N-H59N100F-80-F1"},{"r":"125","t":"17:49:39","h":"Est","s":"25N-H59N200F-81-F2"},{"r":"125","t":"17:49:39","h":"Est","s":"25N-H59N300F-80-F3"},{"r":"125","t":"17:49:39","h":"Est","s":"25N-H59N400F-80-F4"},{"r":"125","t":"17:49:39","h":"Est","s":"25N-H59NV10I-80-I"},{"r":"125","t":"17:49:39","h":"Est","s":"25N-H59NV20I-80-I"},{"r":"125","t":"17:49:39","h":"Est","s":"25S-H59S000I-81-I"},{"r":"125","t":"17:49:39","h":"Est","s":"25S-H59S100F-81-F1"},{"r":"125","t":"17:49:39","h":"Est","s":"25S-H59S200F-81-F2"},{"r":"125","t":"18:00:47","h":"Est","s":"25N-H59N000S-80-S"},{"r":"125","t":"18:00:47","h":"Est","s":"25N-H59NV10S-84-S"},{"r":"125","t":"18:00:47","h":"Est","s":"25N-H59NV20S-80-S"},{"r":"125","t":"18:00:47","h":"Est","s":"25S-H59S000S-81-S"},{"r":"125","t":"18:07:13","h":"Est","s":"25N-H59N000A-80-A"},{"r":"125","t":"18:07:13","h":"Est","s":"25N-H59NV10A-80-A"},{"r":"125","t":"18:07:13","h":"Est","s":"25N-H59VN20A-80-A"},{"r":"125","t":"18:07:13","h":"Est","s":"25S-H59S000A-81-A"},{"r":"125","t":"18:15:39","h":"Est","s":"25N-H59N000I-80-I"},{"r":"125","t":"18:15:39","h":"Est","s":"25N-H59N100F-80-F1"},{"r":"125","t":"18:15:39","h":"Est","s":"25N-H59N200F-81-F2"},{"r":"125","t":"18:15:39","h":"Est","s":"25N-H59N300F-80-F3"},{"r":"125","t":"18:15:39","h":"Est","s":"25N-H59N400F-80-F4"},{"r":"125","t":"18:15:39","h":"Est","s":"25N-H59NV10I-80-I"},{"r":"125","t":"18:15:39","h":"Est","s":"25N-H59NV20I-80-I"},{"r":"125","t":"18:15:39","h":"Est","s":"25S-H59S000I-81-I"},{"r":"125","t":"18:15:39","h":"Est","s":"25S-H59S100F-81-F1"},{"r":"125","t":"18:15:39","h":"Est","s":"25S-H59S200F-81-F2"},{"r":"125","t":"18:29:47","h":"Est","s":"25N-H59N000S-80-S"},{"r":"125","t":"18:29:47","h":"Est","s":"25N-H59NV10S-84-S"},{"r":"125","t":"18:29:47","h":"Est","s":"25N-H59NV20S-80-S"},{"r":"125","t":"18:29:47","h":"Est","s":"25S-H59S000S-81-S"},{"r":"125","t":"18:36:13","h":"Est","s":"25N-H59N000A-80-A"},{"r":"125","t":"18:36:13","h":"Est","s":"25N-H59NV10A-80-A"},{"r":"125","t":"18:36:13","h":"Est","s":"25N-H59VN20A-80-A"},{"r":"125","t":"18:36:13","h":"Est","s":"25S-H59S000A-81-A"},{"r":"125","t":"18:44:39","h":"Est","s":"25N-H59N000I-80-I"},{"r":"125","t":"18:44:39","h":"Est","s":"25N-H59N100F-80-F1"},{"r":"125","t":"18:44:39","h":"Est","s":"25N-H59N200F-81-F2"},{"r":"125","t":"18:44:39","h":"Est","s":"25N-H59N300F-80-F3"},{"r":"125","t":"18:44:39","h":"Est","s":"25N-H59N400F-80-F4"},{"r":"125","t":"18:44:39","h":"Est","s":"25N-H59NV10I-80-I"},{"r":"125","t":"18:44:39","h":"Est","s":"25N-H59NV20I-80-I"},{"r":"125","t":"18:44:39","h":"Est","s":"25S-H59S000I-81-I"},{"r":"125","t":"18:44:39","h":"Est","s":"25S-H59S100F-81-F1"},{"r":"125","t":"18:44:39","h":"Est","s":"25S-H59S200F-81-F2"},{"r":"125","t":"18:57:47","h":"Est","s":"25N-H59N000S-80-S"},{"r":"125","t":"18:57:47","h":"Est","s":"25N-H59NV10S-84-S"},{"r":"125","t":"18:57:47","h":"Est","s":"25N-H59NV20S-80-S"},{"r":"125","t":"18:57:47","h":"Est","s":"25S-H59S000S-81-S"},{"r":"125","t":"19:06:13","h":"Est","s":"25N-H59N000A-80-A"},{"r":"125","t":"19:06:13","h":"Est","s":"25N-H59NV10A-80-A"},{"r":"125","t":"19:06:13","h":"Est","s":"25N-H59VN20A-80-A"},{"r":"125","t":"19:06:13","h":"Est","s":"25S-H59S000A-81-A"},{"r":"125","t":"19:11:39","h":"Est","s":"25N-H59N000I-80-I"},{"r":"125","t":"19:11:39","h":"Est","s":"25N-H59N100F-80-F1"},{"r":"125","t":"19:11:39","h":"Est","s":"25N-H59N200F-81-F2"},{"r":"125","t":"19:11:39","h":"Est","s":"25N-H59N300F-80-F3"},{"r":"125","t":"19:11:39","h":"Est","s":"25N-H59N400F-80-F4"},{"r":"125","t":"19:11:39","h":"Est","s":"25N-H59NV10I-80-I"},{"r":"125","t":"19:11:39","h":"Est","s":"25N-H59NV20I-80-I"},{"r":"125","t":"19:11:39","h":"Est","s":"25S-H59S000I-81-I"},{"r":"125","t":"19:11:39","h":"Est","s":"25S-H59S100F-81-F1"},{"r":"125","t":"19:11:39","h":"Est","s":"25S-H59S200F-81-F2"},{"r":"125","t":"19:28:47","h":"Est","s":"25N-H59N000S-80-S"},{"r":"125","t":"19:28:47","h":"Est","s":"25N-H59NV10S-84-S"},{"r":"125","t":"19:28:47","h":"Est","s":"25N-H59NV20S-80-S"},{"r":"125","t":"19:28:47","h":"Est","s":"25S-H59S000S-81-S"},{"r":"125","t":"19:34:31","h":"Est","s":"25N-H59N000A-80-A"},{"r":"125","t":"19:34:31","h":"Est","s":"25N-H59NV10A-80-A"},{"r":"125","t":"19:34:31","h":"Est","s":"25N-H59VN20A-80-A"},{"r":"125","t":"19:34:31","h":"Est","s":"25S-H59S000A-81-A"},{"r":"125","t":"19:41:39","h":"Est","s":"25N-H59N000I-80-I"},{"r":"125","t":"19:41:39","h":"Est","s":"25N-H59N100F-80-F1"},{"r":"125","t":"19:41:39","h":"Est","s":"25N-H59N200F-81-F2"},{"r":"125","t":"19:41:39","h":"Est","s":"25N-H59N300F-80-F3"},{"r":"125","t":"19:41:39","h":"Est","s":"25N-H59N400F-80-F4"},{"r":"125","t":"19:41:39","h":"Est","s":"25N-H59NV10I-80-I"},{"r":"125","t":"19:41:39","h":"Est","s":"25N-H59NV20I-80-I"},{"r":"125","t":"19:41:39","h":"Est","s":"25S-H59S000I-81-I"},{"r":"125","t":"19:41:39","h":"Est","s":"25S-H59S100F-81-F1"},{"r":"125","t":"19:41:39","h":"Est","s":"25S-H59S200F-81-F2"},{"r":"125","t":"19:59:13","h":"Est","s":"25N-H59N000S-80-S"},{"r":"125","t":"19:59:13","h":"Est","s":"25N-H59NV10S-84-S"},{"r":"125","t":"19:59:13","h":"Est","s":"25N-H59NV20S-80-S"},{"r":"125","t":"19:59:13","h":"Est","s":"25S-H59S000S-81-S"},{"r":"125","t":"20:02:31","h":"Est","s":"25N-H59N000A-80-A"},{"r":"125","t":"20:02:31","h":"Est","s":"25N-H59NV10A-80-A"},{"r":"125","t":"20:02:31","h":"Est","s":"25N-H59VN20A-80-A"},{"r":"125","t":"20:02:31","h":"Est","s":"25S-H59S000A-81-A"},{"r":"125","t":"20:12:39","h":"Est","s":"25N-H59N000I-80-I"},{"r":"125","t":"20:12:39","h":"Est","s":"25N-H59N100F-80-F1"},{"r":"125","t":"20:12:39","h":"Est","s":"25N-H59N200F-81-F2"},{"r":"125","t":"20:12:39","h":"Est","s":"25N-H59N300F-80-F3"},{"r":"125","t":"20:12:39","h":"Est","s":"25N-H59N400F-80-F4"},{"r":"125","t":"20:12:39","h":"Est","s":"25N-H59NV10I-80-I"},{"r":"125","t":"20:12:39","h":"Est","s":"25N-H59NV20I-80-I"},{"r":"125","t":"20:12:39","h":"Est","s":"25S-H59S000I-81-I"},{"r":"125","t":"20:12:39","h":"Est","s":"25S-H59S100F-81-F1"},{"r":"125","t":"20:12:39","h":"Est","s":"25S-H59S200F-81-F2"},{"r":"125","t":"20:28:13","h":"Est","s":"25N-H59N000S-80-S"},{"r":"125","t":"20:28:13","h":"Est","s":"25N-H59NV10S-84-S"},{"r":"125","t":"20:28:13","h":"Est","s":"25N-H59NV20S-80-S"},{"r":"125","t":"20:28:13","h":"Est","s":"25S-H59S000S-81-S"},{"r":"125","t":"20:30:31","h":"Est","s":"25N-H59N000A-80-A"},{"r":"125","t":"20:30:31","h":"Est","s":"25N-H59NV10A-80-A"},{"r":"125","t":"20:30:31","h":"Est","s":"25N-H59VN20A-80-A"},{"r":"125","t":"20:30:31","h":"Est","s":"25S-H59S000A-81-A"},{"r":"125","t":"20:43:05","h":"Est","s":"25N-H59N000I-80-I"},{"r":"125","t":"20:43:05","h":"Est","s":"25N-H59N100F-80-F1"},{"r":"125","t":"20:43:05","h":"Est","s":"25N-H59N200F-81-F2"},{"r":"125","t":"20:43:05","h":"Est","s":"25N-H59N300F-80-F3"},{"r":"125","t":"20:43:05","h":"Est","s":"25N-H59N400F-80-F4"},{"r":"125","t":"20:43:05","h":"Est","s":"25N-H59NV10I-80-I"},{"r":"125","t":"20:43:05","h":"Est","s":"25N-H59NV20I-80-I"},{"r":"125","t":"20:43:05","h":"Est","s":"25S-H59S000I-81-I"},{"r":"125","t":"20:43:05","h":"Est","s":"25S-H59S100F-81-F1"},{"r":"125","t":"20:43:05","h":"Est","s":"25S-H59S200F-81-F2"},{"r":"125","t":"20:58:13","h":"Est","s":"25N-H59N000S-80-S"},{"r":"125","t":"20:58:13","h":"Est","s":"25N-H59NV10S-84-S"},{"r":"125","t":"20:58:13","h":"Est","s":"25N-H59NV20S-80-S"},{"r":"125","t":"20:58:13","h":"Est","s":"25S-H59S000S-81-S"},{"r":"125","t":"20:58:31","h":"Est","s":"25N-H59N000A-80-A"},{"r":"125","t":"20:58:31","h":"Est","s":"25N-H59NV10A-80-A"},{"r":"125","t":"20:58:31","h":"Est","s":"25N-H59VN20A-80-A"},{"r":"125","t":"20:58:31","h":"Est","s":"25S-H59S000A-81-A"},{"r":"125","t":"21:13:05","h":"Est","s":"25N-H59N000I-80-I"},{"r":"125","t":"21:13:05","h":"Est","s":"25N-H59N100F-80-F1"},{"r":"125","t":"21:13:05","h":"Est","s":"25N-H59N200F-81-F2"},{"r":"125","t":"21:13:05","h":"Est","s":"25N-H59N300F-80-F3"},{"r":"125","t":"21:13:05","h":"Est","s":"25N-H59N400F-80-F4"},{"r":"125","t":"21:13:05","h":"Est","s":"25N-H59NV10I-80-I"},{"r":"125","t":"21:13:05","h":"Est","s":"25N-H59NV20I-80-I"},{"r":"125","t":"21:13:05","h":"Est","s":"25S-H59S000I-81-I"},{"r":"125","t":"21:13:05","h":"Est","s":"25S-H59S100F-81-F1"},{"r":"125","t":"21:13:05","h":"Est","s":"25S-H59S200F-81-F2"},{"r":"125","t":"21:25:31","h":"Est","s":"25N-H59N000A-80-A"},{"r":"125","t":"21:25:31","h":"Est","s":"25N-H59NV10A-80-A"},{"r":"125","t":"21:25:31","h":"Est","s":"25N-H59VN20A-80-A"},{"r":"125","t":"21:25:31","h":"Est","s":"25S-H59S000A-81-A"},{"r":"125","t":"21:28:13","h":"Est","s":"25N-H59N000S-80-S"},{"r":"125","t":"21:28:13","h":"Est","s":"25N-H59NV10S-84-S"},{"r":"125","t":"21:28:13","h":"Est","s":"25N-H59NV20S-80-S"},{"r":"125","t":"21:28:13","h":"Est","s":"25S-H59S000S-81-S"},{"r":"125","t":"21:42:05","h":"Est","s":"25N-H59N000I-80-I"},{"r":"125","t":"21:42:05","h":"Est","s":"25N-H59N100F-80-F1"},{"r":"125","t":"21:42:05","h":"Est","s":"25N-H59N200F-81-F2"},{"r":"125","t":"21:42:05","h":"Est","s":"25N-H59N300F-80-F3"},{"r":"125","t":"21:42:05","h":"Est","s":"25N-H59N400F-80-F4"},{"r":"125","t":"21:42:05","h":"Est","s":"25N-H59NV10I-80-I"},{"r":"125","t":"21:42:05","h":"Est","s":"25N-H59NV20I-80-I"},{"r":"125","t":"21:42:05","h":"Est","s":"25S-H59S000I-81-I"},{"r":"125","t":"21:42:05","h":"Est","s":"25S-H59S100F-81-F1"},{"r":"125","t":"21:42:05","h":"Est","s":"25S-H59S200F-81-F2"},{"r":"125","t":"21:54:31","h":"Est","s":"25N-H59N000A-80-A"},{"r":"125","t":"21:54:31","h":"Est","s":"25N-H59NV10A-80-A"},{"r":"125","t":"21:54:31","h":"Est","s":"25N-H59VN20A-80-A"},{"r":"125","t":"21:54:31","h":"Est","s":"25S-H59S000A-81-A"},{"r":"125","t":"21:58:13","h":"Est","s":"25N-H59N000S-80-S"},{"r":"125","t":"21:58:13","h":"Est","s":"25N-H59NV10S-84-S"},{"r":"125","t":"21:58:13","h":"Est","s":"25N-H59NV20S-80-S"},{"r":"125","t":"21:58:13","h":"Est","s":"25S-H59S000S-81-S"},{"r":"125","t":"22:11:05","h":"Est","s":"25N-H59N000I-80-I"},{"r":"125","t":"22:11:05","h":"Est","s":"25N-H59N100F-80-F1"},{"r":"125","t":"22:11:05","h":"Est","s":"25N-H59N200F-81-F2"},{"r":"125","t":"22:11:05","h":"Est","s":"25N-H59N300F-80-F3"},{"r":"125","t":"22:11:05","h":"Est","s":"25N-H59N400F-80-F4"},{"r":"125","t":"22:11:05","h":"Est","s":"25N-H59NV10I-80-I"},{"r":"125","t":"22:11:05","h":"Est","s":"25N-H59NV20I-80-I"},{"r":"125","t":"22:11:05","h":"Est","s":"25S-H59S000I-81-I"},{"r":"125","t":"22:11:05","h":"Est","s":"25S-H59S100F-81-F1"},{"r":"125","t":"22:11:05","h":"Est","s":"25S-H59S200F-81-F2"},{"r":"125","t":"22:25:31","h":"Est","s":"25N-H59N000A-80-A"},{"r":"125","t":"22:25:31","h":"Est","s":"25N-H59NV10A-80-A"},{"r":"125","t":"22:25:31","h":"Est","s":"25N-H59VN20A-80-A"},{"r":"125","t":"22:25:31","h":"Est","s":"25S-H59S000A-81-A"},{"r":"125","t":"22:28:13","h":"Est","s":"25N-H59N000S-80-S"},{"r":"125","t":"22:28:13","h":"Est","s":"25N-H59NV10S-84-S"},{"r":"125","t":"22:28:13","h":"Est","s":"25N-H59NV20S-80-S"},{"r":"125","t":"22:28:13","h":"Est","s":"25S-H59S000S-81-S"},{"r":"125","t":"22:41:05","h":"Est","s":"25N-H59N000I-80-I"},{"r":"125","t":"22:41:05","h":"Est","s":"25N-H59N100F-80-F1"},{"r":"125","t":"22:41:05","h":"Est","s":"25N-H59N200F-81-F2"},{"r":"125","t":"22:41:05","h":"Est","s":"25N-H59N300F-80-F3"},{"r":"125","t":"22:41:05","h":"Est","s":"25N-H59N400F-80-F4"},{"r":"125","t":"22:41:05","h":"Est","s":"25N-H59NV10I-80-I"},{"r":"125","t":"22:41:05","h":"Est","s":"25N-H59NV20I-80-I"},{"r":"125","t":"22:41:05","h":"Est","s":"25S-H59S000I-81-I"},{"r":"125","t":"22:41:05","h":"Est","s":"25S-H59S100F-81-F1"},{"r":"125","t":"22:41:05","h":"Est","s":"25S-H59S200F-81-F2"},{"r":"125","t":"22:56:31","h":"Est","s":"25N-H59N000A-80-A"},{"r":"125","t":"22:56:31","h":"Est","s":"25N-H59NV10A-80-A"},{"r":"125","t":"22:56:31","h":"Est","s":"25N-H59VN20A-80-A"},{"r":"125","t":"22:56:31","h":"Est","s":"25S-H59S000A-81-A"},{"r":"125","t":"22:58:13","h":"Est","s":"25N-H59N000S-80-S"},{"r":"125","t":"22:58:13","h":"Est","s":"25N-H59NV10S-84-S"},{"r":"125","t":"22:58:13","h":"Est","s":"25N-H59NV20S-80-S"},{"r":"125","t":"22:58:13","h":"Est","s":"25S-H59S000S-81-S"},{"r":"125","t":"23:10:05","h":"Est","s":"25N-H59N000I-80-I"},{"r":"125","t":"23:10:05","h":"Est","s":"25N-H59N100F-80-F1"},{"r":"125","t":"23:10:05","h":"Est","s":"25N-H59N200F-81-F2"},{"r":"125","t":"23:10:05","h":"Est","s":"25N-H59N300F-80-F3"},{"r":"125","t":"23:10:05","h":"Est","s":"25N-H59N400F-80-F4"},{"r":"125","t":"23:10:05","h":"Est","s":"25N-H59NV10I-80-I"},{"r":"125","t":"23:10:05","h":"Est","s":"25N-H59NV20I-80-I"},{"r":"125","t":"23:10:05","h":"Est","s":"25S-H59S000I-81-I"},{"r":"125","t":"23:10:05","h":"Est","s":"25S-H59S100F-81-F1"},{"r":"125","t":"23:10:05","h":"Est","s":"25S-H59S200F-81-F2"},{"r":"125","t":"23:25:31","h":"Est","s":"25N-H59N000A-80-A"},{"r":"125","t":"23:25:31","h":"Est","s":"25N-H59NV10A-80-A"},{"r":"125","t":"23:25:31","h":"Est","s":"25N-H59VN20A-80-A"},{"r":"125","t":"23:25:31","h":"Est","s":"25S-H59S000A-81-A"},{"r":"125","t":"23:26:31","h":"Est","s":"25N-H59N000S-80-S"},{"r":"125","t":"23:26:31","h":"Est","s":"25N-H59NV10S-84-S"},{"r":"125","t":"23:26:31","h":"Est","s":"25N-H59NV20S-80-S"},{"r":"125","t":"23:26:31","h":"Est","s":"25S-H59S000S-81-S"},{"r":"125","t":"23:35:57","h":"Est","s":"25N-H59N000I-80-I"},{"r":"125","t":"23:35:57","h":"Est","s":"25N-H59N100F-80-F1"},{"r":"125","t":"23:35:57","h":"Est","s":"25N-H59N200F-81-F2"},{"r":"125","t":"23:35:57","h":"Est","s":"25N-H59N300F-80-F3"},{"r":"125","t":"23:35:57","h":"Est","s":"25N-H59N400F-80-F4"},{"r":"125","t":"23:35:57","h":"Est","s":"25N-H59NV10I-80-I"},{"r":"125","t":"23:35:57","h":"Est","s":"25N-H59NV20I-80-I"},{"r":"125","t":"23:35:57","h":"Est","s":"25S-H59S000I-81-I"},{"r":"125","t":"23:35:57","h":"Est","s":"25S-H59S100F-81-F1"},{"r":"125","t":"23:35:57","h":"Est","s":"25S-H59S200F-81-F2"},{"r":"125","t":"23:51:31","h":"Est","s":"25N-H59N000A-80-A"},{"r":"125","t":"23:51:31","h":"Est","s":"25N-H59NV10A-80-A"},{"r":"125","t":"23:51:31","h":"Est","s":"25N-H59VN20A-80-A"},{"r":"125","t":"23:51:31","h":"Est","s":"25S-H59S000A-81-A"},{"r":"125","t":"23:55:31","h":"Est","s":"25N-H59N000S-80-S"},{"r":"125","t":"23:55:31","h":"Est","s":"25N-H59NV10S-84-S"},{"r":"125","t":"23:55:31","h":"Est","s":"25N-H59NV20S-80-S"},{"r":"125","t":"23:55:31","h":"Est","s":"25S-H59S000S-81-S"},{"r":"125","t":"24:05:57","h":"Est","s":"25N-H59N000I-80-I"},{"r":"125","t":"24:05:57","h":"Est","s":"25N-H59N100F-80-F1"},{"r":"125","t":"24:05:57","h":"Est","s":"25N-H59N200F-81-F2"},{"r":"125","t":"24:05:57","h":"Est","s":"25N-H59N300F-80-F3"},{"r":"125","t":"24:05:57","h":"Est","s":"25N-H59N400F-80-F4"},{"r":"125","t":"24:05:57","h":"Est","s":"25N-H59NV10I-80-I"},{"r":"125","t":"24:05:57","h":"Est","s":"25N-H59NV20I-80-I"},{"r":"125","t":"24:05:57","h":"Est","s":"25S-H59S000I-81-I"},{"r":"125","t":"24:05:57","h":"Est","s":"25S-H59S100F-81-F1"},{"r":"125","t":"24:05:57","h":"Est","s":"25S-H59S200F-81-F2"},{"r":"125","t":"24:19:31","h":"Est","s":"25N-H59N000A-80-A"},{"r":"125","t":"24:19:31","h":"Est","s":"25N-H59NV10A-80-A"},{"r":"125","t":"24:19:31","h":"Est","s":"25N-H59VN20A-80-A"},{"r":"125","t":"24:19:31","h":"Est","s":"25S-H59S000A-81-A"},{"r":"125","t":"24:27:31","h":"Est","s":"25N-H59N000S-80-S"},{"r":"125","t":"24:27:31","h":"Est","s":"25N-H59NV10S-84-S"},{"r":"125","t":"24:27:31","h":"Est","s":"25N-H59NV20S-80-S"},{"r":"125","t":"24:27:31","h":"Est","s":"25S-H59S000S-81-S"},{"r":"125","t":"24:36:57","h":"Est","s":"25N-H59N000I-80-I"},{"r":"125","t":"24:36:57","h":"Est","s":"25N-H59N100F-80-F1"},{"r":"125","t":"24:36:57","h":"Est","s":"25N-H59N200F-81-F2"},{"r":"125","t":"24:36:57","h":"Est","s":"25N-H59N300F-80-F3"},{"r":"125","t":"24:36:57","h":"Est","s":"25N-H59N400F-80-F4"},{"r":"125","t":"24:36:57","h":"Est","s":"25N-H59NV10I-80-I"},{"r":"125","t":"24:36:57","h":"Est","s":"25N-H59NV20I-80-I"},{"r":"125","t":"24:36:57","h":"Est","s":"25S-H59S000I-81-I"},{"r":"125","t":"24:36:57","h":"Est","s":"25S-H59S100F-81-F1"},{"r":"125","t":"24:36:57","h":"Est","s":"25S-H59S200F-81-F2"},{"r":"125","t":"24:46:31","h":"Est","s":"25N-H59N000A-80-A"},{"r":"125","t":"24:46:31","h":"Est","s":"25N-H59NV10A-80-A"},{"r":"125","t":"24:46:31","h":"Est","s":"25N-H59VN20A-80-A"},{"r":"125","t":"24:46:31","h":"Est","s":"25S-H59S000A-81-A"},{"r":"125","t":"24:57:57","h":"Est","s":"25N-H59N000S-80-S"},{"r":"125","t":"24:57:57","h":"Est","s":"25N-H59NV10S-84-S"},{"r":"125","t":"24:57:57","h":"Est","s":"25N-H59NV20S-80-S"},{"r":"125","t":"24:57:57","h":"Est","s":"25S-H59S000S-81-S"},{"r":"125","t":"25:07:57","h":"Est","s":"25N-H59N000I-80-I"},{"r":"125","t":"25:07:57","h":"Est","s":"25N-H59N100F-80-F1"},{"r":"125","t":"25:07:57","h":"Est","s":"25N-H59N200F-81-F2"},{"r":"125","t":"25:07:57","h":"Est","s":"25N-H59N300F-80-F3"},{"r":"125","t":"25:07:57","h":"Est","s":"25N-H59N400F-80-F4"},{"r":"125","t":"25:07:57","h":"Est","s":"25N-H59NV10I-80-I"},{"r":"125","t":"25:07:57","h":"Est","s":"25N-H59NV20I-80-I"},{"r":"125","t":"25:07:57","h":"Est","s":"25S-H59S000I-81-I"},{"r":"125","t":"25:07:57","h":"Est","s":"25S-H59S100F-81-F1"},{"r":"125","t":"25:07:57","h":"Est","s":"25S-H59S200F-81-F2"},{"r":"125","t":"25:15:31","h":"Est","s":"25N-H59N000A-80-A"},{"r":"125","t":"25:15:31","h":"Est","s":"25N-H59NV10A-80-A"},{"r":"125","t":"25:15:31","h":"Est","s":"25N-H59VN20A-80-A"},{"r":"125","t":"25:15:31","h":"Est","s":"25S-H59S000A-81-A"},{"r":"125","t":"25:38:57","h":"Est","s":"25N-H59N000I-80-I"},{"r":"125","t":"25:38:57","h":"Est","s":"25N-H59N100F-80-F1"},{"r":"125","t":"25:38:57","h":"Est","s":"25N-H59N200F-81-F2"},{"r":"125","t":"25:38:57","h":"Est","s":"25N-H59N300F-80-F3"},{"r":"125","t":"25:38:57","h":"Est","s":"25N-H59N400F-80-F4"},{"r":"125","t":"25:38:57","h":"Est","s":"25N-H59NV10I-80-I"},{"r":"125","t":"25:38:57","h":"Est","s":"25N-H59NV20I-80-I"},{"r":"125","t":"25:38:57","h":"Est","s":"25S-H59S000I-81-I"},{"r":"125","t":"25:38:57","h":"Est","s":"25S-H59S100F-81-F1"},{"r":"125","t":"25:38:57","h":"Est","s":"25S-H59S200F-81-F2"},{"r":"125","t":"25:40:57","h":"Est","s":"25N-H59N000S-80-S"},{"r":"125","t":"25:40:57","h":"Est","s":"25N-H59NV10S-84-S"},{"r":"125","t":"25:40:57","h":"Est","s":"25N-H59NV20S-80-S"},{"r":"125","t":"25:40:57","h":"Est","s":"25S-H59S000S-81-S"},{"r":"355","t":"25:46:26","h":"Nord","s":"25N-H54N000I-80-I"},{"r":"355","t":"25:46:26","h":"Nord","s":"25N-H54N100F-80-F1"},{"r":"355","t":"25:46:26","h":"Nord","s":"25N-H54N200F-80-F2"},{"r":"355","t":"25:46:26","h":"Nord","s":"25N-H54N300F-80-F3"},{"r":"355","t":"25:46:26","h":"Nord","s":"25N-H54N400F-80-F4"},{"r":"355","t":"25:46:26","h":"Nord","s":"25N-H54NV10I-80-I"},{"r":"355","t":"25:46:26","h":"Nord","s":"25N-H54NV20I-80-I"},{"r":"355","t":"25:46:26","h":"Nord","s":"25S-H54S000I-82-I"},{"r":"355","t":"25:46:26","h":"Nord","s":"25S-H54S100F-80-F1"},{"r":"355","t":"25:46:26","h":"Nord","s":"25S-H54S200F-80-F2"},{"r":"125","t":"25:47:31","h":"Est","s":"25N-H59N000A-80-A"},{"r":"125","t":"25:47:31","h":"Est","s":"25N-H59NV10A-80-A"},{"r":"125","t":"25:47:31","h":"Est","s":"25N-H59VN20A-80-A"},{"r":"125","t":"25:47:31","h":"Est","s":"25S-H59S000A-81-A"},{"r":"355","t":"25:49:23","h":"Nord","s":"25N-H54N000A-80-A"},{"r":"355","t":"25:49:23","h":"Nord","s":"25N-H54NV10A-80-A"},{"r":"355","t":"25:49:23","h":"Nord","s":"25N-H54NV20A-80-A"},{"r":"355","t":"25:49:23","h":"Nord","s":"25S-H54S000A-83-A"},{"r":"355","t":"25:49:26","h":"Nord","s":"25N-H54N000S-80-S"},{"r":"355","t":"25:49:26","h":"Nord","s":"25N-H54NV10S-82-S"},{"r":"355","t":"25:49:26","h":"Nord","s":"25N-H54NV20S-80-S"},{"r":"355","t":"25:49:26","h":"Nord","s":"25S-H54S000S-82-S"},{"r":"355","t":"26:20:23","h":"Nord","s":"25N-H54N000A-80-A"},{"r":"355","t":"26:20:23","h":"Nord","s":"25N-H54NV10A-80-A"},{"r":"355","t":"26:20:23","h":"Nord","s":"25N-H54NV20A-80-A"},{"r":"355","t":"26:20:23","h":"Nord","s":"25S-H54S000A-83-A"},{"r":"355","t":"26:30:26","h":"Nord","s":"25N-H54N000I-80-I"},{"r":"355","t":"26:30:26","h":"Nord","s":"25N-H54N100F-80-F1"},{"r":"355","t":"26:30:26","h":"Nord","s":"25N-H54N200F-80-F2"},{"r":"355","t":"26:30:26","h":"Nord","s":"25N-H54N300F-80-F3"},{"r":"355","t":"26:30:26","h":"Nord","s":"25N-H54N400F-80-F4"},{"r":"355","t":"26:30:26","h":"Nord","s":"25N-H54NV10I-80-I"},{"r":"355","t":"26:30:26","h":"Nord","s":"25N-H54NV20I-80-I"},{"r":"355","t":"26:30:26","h":"Nord","s":"25S-H54S000I-82-I"},{"r":"355","t":"26:30:26","h":"Nord","s":"25S-H54S100F-80-F1"},{"r":"355","t":"26:30:26","h":"Nord","s":"25S-H54S200F-80-F2"},{"r":"355","t":"26:32:26","h":"Nord","s":"25N-H54N000S-80-S"},{"r":"355","t":"26:32:26","h":"Nord","s":"25N-H54NV10S-82-S"},{"r":"355","t":"26:32:26","h":"Nord","s":"25N-H54NV20S-80-S"},{"r":"355","t":"26:32:26","h":"Nord","s":"25S-H54S000S-82-S"},{"r":"355","t":"26:48:23","h":"Nord","s":"25N-H54N000A-80-A"},{"r":"355","t":"26:48:23","h":"Nord","s":"25N-H54NV10A-80-A"},{"r":"355","t":"26:48:23","h":"Nord","s":"25N-H54NV20A-80-A"},{"r":"355","t":"26:48:23","h":"Nord","s":"25S-H54S000A-83-A"},{"r":"355","t":"27:13:23","h":"Nord","s":"25N-H54N000A-80-A"},{"r":"355","t":"27:13:23","h":"Nord","s":"25N-H54NV10A-80-A"},{"r":"355","t":"27:13:23","h":"Nord","s":"25N-H54NV20A-80-A"},{"r":"355","t":"27:13:23","h":"Nord","s":"25S-H54S000A-83-A"},{"r":"355","t":"27:14:26","h":"Nord","s":"25N-H54N000I-80-I"},{"r":"355","t":"27:14:26","h":"Nord","s":"25N-H54N100F-80-F1"},{"r":"355","t":"27:14:26","h":"Nord","s":"25N-H54N200F-80-F2"},{"r":"355","t":"27:14:26","h":"Nord","s":"25N-H54N300F-80-F3"},{"r":"355","t":"27:14:26","h":"Nord","s":"25N-H54N400F-80-F4"},{"r":"355","t":"27:14:26","h":"Nord","s":"25N-H54NV10I-80-I"},{"r":"355","t":"27:14:26","h":"Nord","s":"25N-H54NV20I-80-I"},{"r":"355","t":"27:14:26","h":"Nord","s":"25S-H54S000I-82-I"},{"r":"355","t":"27:14:26","h":"Nord","s":"25S-H54S100F-80-F1"},{"r":"355","t":"27:14:26","h":"Nord","s":"25S-H54S200F-80-F2"},{"r":"355","t":"27:16:26","h":"Nord","s":"25N-H54N000S-80-S"},{"r":"355","t":"27:16:26","h":"Nord","s":"25N-H54NV10S-82-S"},{"r":"355","t":"27:16:26","h":"Nord","s":"25N-H54NV20S-80-S"},{"r":"355","t":"27:16:26","h":"Nord","s":"25S-H54S000S-82-S"},{"r":"355","t":"27:45:23","h":"Nord","s":"25N-H54N000A-80-A"},{"r":"355","t":"27:45:23","h":"Nord","s":"25N-H54NV10A-80-A"},{"r":"355","t":"27:45:23","h":"Nord","s":"25N-H54NV20A-80-A"},{"r":"355","t":"27:45:23","h":"Nord","s":"25S-H54S000A-83-A"},{"r":"355","t":"28:00:26","h":"Nord","s":"25N-H54N000I-80-I"},{"r":"355","t":"28:00:26","h":"Nord","s":"25N-H54N100F-80-F1"},{"r":"355","t":"28:00:26","h":"Nord","s":"25N-H54N200F-80-F2"},{"r":"355","t":"28:00:26","h":"Nord","s":"25N-H54N300F-80-F3"},{"r":"355","t":"28:00:26","h":"Nord","s":"25N-H54N400F-80-F4"},{"r":"355","t":"28:00:26","h":"Nord","s":"25N-H54NV10I-80-I"},{"r":"355","t":"28:00:26","h":"Nord","s":"25N-H54NV20I-80-I"},{"r":"355","t":"28:00:26","h":"Nord","s":"25S-H54S000I-82-I"},{"r":"355","t":"28:00:26","h":"Nord","s":"25S-H54S100F-80-F1"},{"r":"355","t":"28:00:26","h":"Nord","s":"25S-H54S200F-80-F2"},{"r":"355","t":"28:02:55","h":"Nord","s":"25N-H54N000S-80-S"},{"r":"355","t":"28:02:55","h":"Nord","s":"25N-H54NV10S-82-S"},{"r":"355","t":"28:02:55","h":"Nord","s":"25N-H54NV20S-80-S"},{"r":"355","t":"28:02:55","h":"Nord","s":"25S-H54S000S-82-S"},{"r":"355","t":"28:09:23","h":"Nord","s":"25N-H54N000A-80-A"},{"r":"355","t":"28:09:23","h":"Nord","s":"25N-H54NV10A-80-A"},{"r":"355","t":"28:09:23","h":"Nord","s":"25N-H54NV20A-80-A"},{"r":"355","t":"28:09:23","h":"Nord","s":"25S-H54S000A-83-A"},{"r":"355","t":"28:40:55","h":"Nord","s":"25N-H54N000S-80-S"},{"r":"355","t":"28:40:55","h":"Nord","s":"25N-H54NV10S-82-S"},{"r":"355","t":"28:40:55","h":"Nord","s":"25N-H54NV20S-80-S"},{"r":"355","t":"28:40:55","h":"Nord","s":"25S-H54S000S-82-S"},{"r":"355","t":"28:45:26","h":"Nord","s":"25N-H54N000I-80-I"},{"r":"355","t":"28:45:26","h":"Nord","s":"25N-H54N100F-80-F1"},{"r":"355","t":"28:45:26","h":"Nord","s":"25N-H54N200F-80-F2"},{"r":"355","t":"28:45:26","h":"Nord","s":"25N-H54N300F-80-F3"},{"r":"355","t":"28:45:26","h":"Nord","s":"25N-H54N400F-80-F4"},{"r":"355","t":"28:45:26","h":"Nord","s":"25N-H54NV10I-80-I"},{"r":"355","t":"28:45:26","h":"Nord","s":"25N-H54NV20I-80-I"},{"r":"355","t":"28:45:26","h":"Nord","s":"25S-H54S000I-82-I"},{"r":"355","t":"28:45:26","h":"Nord","s":"25S-H54S100F-80-F1"},{"r":"355","t":"28:45:26","h":"Nord","s":"25S-H54S200F-80-F2"},{"r":"355","t":"28:48:23","h":"Nord","s":"25N-H54N000A-80-A"},{"r":"355","t":"28:48:23","h":"Nord","s":"25N-H54NV10A-80-A"},{"r":"355","t":"28:48:23","h":"Nord","s":"25N-H54NV20A-80-A"},{"r":"355","t":"28:48:23","h":"Nord","s":"25S-H54S000A-83-A"},{"r":"355","t":"29:11:26","h":"Nord","s":"25N-H54N000I-80-I"},{"r":"355","t":"29:11:26","h":"Nord","s":"25N-H54N100F-80-F1"},{"r":"355","t":"29:11:26","h":"Nord","s":"25N-H54N200F-80-F2"},{"r":"355","t":"29:11:26","h":"Nord","s":"25N-H54N300F-80-F3"},{"r":"355","t":"29:11:26","h":"Nord","s":"25N-H54N400F-80-F4"},{"r":"355","t":"29:11:26","h":"Nord","s":"25N-H54NV10I-80-I"},{"r":"355","t":"29:11:26","h":"Nord","s":"25N-H54NV20I-80-I"},{"r":"355","t":"29:11:26","h":"Nord","s":"25S-H54S000I-82-I"},{"r":"355","t":"29:11:26","h":"Nord","s":"25S-H54S100F-80-F1"},{"r":"355","t":"29:11:26","h":"Nord","s":"25S-H54S200F-80-F2"},{"r":"355","t":"29:13:55","h":"Nord","s":"25N-H54N000S-80-S"},{"r":"355","t":"29:13:55","h":"Nord","s":"25N-H54NV10S-82-S"},{"r":"355","t":"29:13:55","h":"Nord","s":"25N-H54NV20S-80-S"},{"r":"355","t":"29:13:55","h":"Nord","s":"25S-H54S000S-82-S"},{"r":"355","t":"29:14:23","h":"Nord","s":"25N-H54N000A-80-A"},{"r":"355","t":"29:14:23","h":"Nord","s":"25N-H54NV10A-80-A"},{"r":"355","t":"29:14:23","h":"Nord","s":"25N-H54NV20A-80-A"},{"r":"355","t":"29:14:23","h":"Nord","s":"25S-H54S000A-83-A"}]