[{"r":"34","t":"05:00:56","h":"Est","s":"25N-H59N000S-80-S"},{"r":"34","t":"05:00:56","h":"Est","s":"25N-H59NV10S-84-S"},{"r":"34","t":"05:00:56","h":"Est","s":"25N-H59NV20S-80-S"},{"r":"34","t":"05:00:56","h":"Est","s":"25S-H59S000S-81-S"},{"r":"34","t":"05:25:09","h":"Est","s":"25N-H59N000I-80-I"},{"r":"34","t":"05:25:09","h":"Est","s":"25N-H59N100F-80-F1"},{"r":"34","t":"05:25:09","h":"Est","s":"25N-H59N200F-81-F2"},{"r":"34","t":"05:25:09","h":"Est","s":"25N-H59N300F-80-F3"},{"r":"34","t":"05:25:09","h":"Est","s":"25N-H59N400F-80-F4"},{"r":"34","t":"05:25:09","h":"Est","s":"25N-H59NV10I-80-I"},{"r":"34","t":"05:25:09","h":"Est","s":"25N-H59NV20I-80-I"},{"r":"34","t":"05:25:09","h":"Est","s":"25S-H59S000I-81-I"},{"r":"34","t":"05:25:09","h":"Est","s":"25S-H59S100F-81-F1"},{"r":"34","t":"05:25:09","h":"Est","s":"25S-H59S200F-81-F2"},{"r":"34","t":"05:25:19","h":"Est","s":"25N-H59N000A-80-A"},{"r":"34","t":"05:25:19","h":"Est","s":"25N-H59NV10A-80-A"},{"r":"34","t":"05:25:19","h":"Est","s":"25N-H59VN20A-80-A"},{"r":"34","t":"05:25:19","h":"Est","s":"25S-H59S000A-81-A"},{"r":"34","t":"05:30:56","h":"Est","s":"25N-H59N000S-80-S"},{"r":"34","t":"05:30:56","h":"Est","s":"25N-H59NV10S-84-S"},{"r":"34","t":"05:30:56","h":"Est","s":"25N-H59NV20S-80-S"},{"r":"34","t":"05:30:56","h":"Est","s":"25S-H59S000S-81-S"},{"r":"34","t":"06:02:09","h":"Est","s":"25N-H59N000I-80-I"},{"r":"34","t":"06:02:09","h":"Est","s":"25N-H59N100F-80-F1"},{"r":"34","t":"06:02:09","h":"Est","s":"25N-H59N200F-81-F2"},{"r":"34","t":"06:02:09","h":"Est","s":"25N-H59N300F-80-F3"},{"r":"34","t":"06:02:09","h":"Est","s":"25N-H59N400F-80-F4"},{"r":"34","t":"06:02:09","h":"Est","s":"25N-H59NV10I-80-I"},{"r":"34","t":"06:02:09","h":"Est","s":"25N-H59NV20I-80-I"},{"r":"34","t":"06:02:09","h":"Est","s":"25S-H59S000I-81-I"},{"r":"34","t":"06:02:09","h":"Est","s":"25S-H59S100F-81-F1"},{"r":"34","t":"06:02:09","h":"Est","s":"25S-H59S200F-81-F2"},{"r":"34","t":"06:02:19","h":"Est","s":"25N-H59N000A-80-A"},{"r":"34","t":"06:02:19","h":"Est","s":"25N-H59NV10A-80-A"},{"r":"34","t":"06:02:19","h":"Est","s":"25N-H59VN20A-80-A"},{"r":"34","t":"06:02:19","h":"Est","s":"25S-H59S000A-81-A"},{"r":"34","t":"06:02:56","h":"Est","s":"25N-H59N000S-80-S"},{"r":"34","t":"06:02:56","h":"Est","s":"25N-H59NV10S-84-S"},{"r":"34","t":"06:02:56","h":"Est","s":"25N-H59NV20S-80-S"},{"r":"34","t":"06:02:56","h":"Est","s":"25S-H59S000S-81-S"},{"r":"34","t":"06:28:56","h":"Est","s":"25N-H59N000S-80-S"},{"r":"34","t":"06:28:56","h":"Est","s":"25N-H59NV10S-84-S"},{"r":"34","t":"06:28:56","h":"Est","s":"25N-H59NV20S-80-S"},{"r":"34","t":"06:28:56","h":"Est","s":"25S-H59S000S-81-S"},{"r":"34","t":"06:31:09","h":"Est","s":"25N-H59N000I-80-I"},{"r":"34","t":"06:31:09","h":"Est","s":"25N-H59N100F-80-F1"},{"r":"34","t":"06:31:09","h":"Est","s":"25N-H59N200F-81-F2"},{"r":"34","t":"06:31:09","h":"Est","s":"25N-H59N300F-80-F3"},{"r":"34","t":"06:31:09","h":"Est","s":"25N-H59N400F-80-F4"},{"r":"34","t":"06:31:09","h":"Est","s":"25N-H59NV10I-80-I"},{"r":"34","t":"06:31:09","h":"Est","s":"25N-H59NV20I-80-I"},{"r":"34","t":"06:31:09","h":"Est","s":"25S-H59S000I-81-I"},{"r":"34","t":"06:31:09","h":"Est","s":"25S-H59S100F-81-F1"},{"r":"34","t":"06:31:09","h":"Est","s":"25S-H59S200F-81-F2"},{"r":"34","t":"06:31:19","h":"Est","s":"25N-H59N000A-80-A"},{"r":"34","t":"06:31:19","h":"Est","s":"25N-H59NV10A-80-A"},{"r":"34","t":"06:31:19","h":"Est","s":"25N-H59VN20A-80-A"},{"r":"34","t":"06:31:19","h":"Est","s":"25S-H59S000A-81-A"},{"r":"34","t":"06:41:19","h":"Est","s":"25N-H59N000S-80-S"},{"r":"34","t":"06:41:19","h":"Est","s":"25N-H59NV10S-84-S"},{"r":"34","t":"06:41:19","h":"Est","s":"25N-H59NV20S-80-S"},{"r":"34","t":"06:41:19","h":"Est","s":"25S-H59S000S-81-S"},{"r":"34","t":"06:53:19","h":"Est","s":"25N-H59N000S-80-S"},{"r":"34","t":"06:53:19","h":"Est","s":"25N-H59NV10S-84-S"},{"r":"34","t":"06:53:19","h":"Est","s":"25N-H59NV20S-80-S"},{"r":"34","t":"06:53:19","h":"Est","s":"25S-H59S000S-81-S"},{"r":"34","t":"07:00:09","h":"Est","s":"25N-H59N000I-80-I"},{"r":"34","t":"07:00:09","h":"Est","s":"25N-H59N100F-80-F1"},{"r":"34","t":"07:00:09","h":"Est","s":"25N-H59N200F-81-F2"},{"r":"34","t":"07:00:09","h":"Est","s":"25N-H59N300F-80-F3"},{"r":"34","t":"07:00:09","h":"Est","s":"25N-H59N400F-80-F4"},{"r":"34","t":"07:00:09","h":"Est","s":"25N-H59NV10I-80-I"},{"r":"34","t":"07:00:09","h":"Est","s":"25N-H59NV20I-80-I"},{"r":"34","t":"07:00:09","h":"Est","s":"25S-H59S000I-81-I"},{"r":"34","t":"07:00:09","h":"Est","s":"25S-H59S100F-81-F1"},{"r":"34","t":"07:00:09","h":"Est","s":"25S-H59S200F-81-F2"},{"r":"34","t":"07:00:19","h":"Est","s":"25N-H59N000A-80-A"},{"r":"34","t":"07:00:19","h":"Est","s":"25N-H59NV10A-80-A"},{"r":"34","t":"07:00:19","h":"Est","s":"25N-H59VN20A-80-A"},{"r":"34","t":"07:00:19","h":"Est","s":"25S-H59S000A-81-A"},{"r":"34","t":"07:05:42","h":"Est","s":"25N-H59N000S-80-S"},{"r":"34","t":"07:05:42","h":"Est","s":"25N-H59NV10S-84-S"},{"r":"34","t":"07:05:42","h":"Est","s":"25N-H59NV20S-80-S"},{"r":"34","t":"07:05:42","h":"Est","s":"25S-H59S000S-81-S"},{"r":"34","t":"07:17:42","h":"Est","s":"25N-H59N000S-80-S"},{"r":"34","t":"07:17:42","h":"Est","s":"25N-H59NV10S-84-S"},{"r":"34","t":"07:17:42","h":"Est","s":"25N-H59NV20S-80-S"},{"r":"34","t":"07:17:42","h":"Est","s":"25S-H59S000S-81-S"},{"r":"34","t":"07:28:42","h":"Est","s":"25N-H59N000S-80-S"},{"r":"34","t":"07:28:42","h":"Est","s":"25N-H59NV10S-84-S"},{"r":"34","t":"07:28:42","h":"Est","s":"25N-H59NV20S-80-S"},{"r":"34","t":"07:28:42","h":"Est","s":"25S-H59S000S-81-S"},{"r":"34","t":"07:29:09","h":"Est","s":"25N-H59N000I-80-I"},{"r":"34","t":"07:29:09","h":"Est","s":"25N-H59N100F-80-F1"},{"r":"34","t":"07:29:09","h":"Est","s":"25N-H59N200F-81-F2"},{"r":"34","t":"07:29:09","h":"Est","s":"25N-H59N300F-80-F3"},{"r":"34","t":"07:29:09","h":"Est","s":"25N-H59N400F-80-F4"},{"r":"34","t":"07:29:09","h":"Est","s":"25N-H59NV10I-80-I"},{"r":"34","t":"07:29:09","h":"Est","s":"25N-H59NV20I-80-I"},{"r":"34","t":"07:29:09","h":"Est","s":"25S-H59S000I-81-I"},{"r":"34","t":"07:29:09","h":"Est","s":"25S-H59S100F-81-F1"},{"r":"34","t":"07:29:09","h":"Est","s":"25S-H59S200F-81-F2"},{"r":"34","t":"07:29:19","h":"Est","s":"25N-H59N000A-80-A"},{"r":"34","t":"07:29:19","h":"Est","s":"25N-H59NV10A-80-A"},{"r":"34","t":"07:29:19","h":"Est","s":"25N-H59VN20A-80-A"},{"r":"34","t":"07:29:19","h":"Est","s":"25S-H59S000A-81-A"},{"r":"34","t":"07:40:42","h":"Est","s":"25N-H59N000S-80-S"},{"r":"34","t":"07:40:42","h":"Est","s":"25N-H59NV10S-84-S"},{"r":"34","t":"07:40:42","h":"Est","s":"25N-H59NV20S-80-S"},{"r":"34","t":"07:40:42","h":"Est","s":"25S-H59S000S-81-S"},{"r":"34","t":"07:54:42","h":"Est","s":"25N-H59N000S-80-S"},{"r":"34","t":"07:54:42","h":"Est","s":"25N-H59NV10S-84-S"},{"r":"34","t":"07:54:42","h":"Est","s":"25N-H59NV20S-80-S"},{"r":"34","t":"07:54:42","h":"Est","s":"25S-H59S000S-81-S"},{"r":"34","t":"07:58:09","h":"Est","s":"25N-H59N000I-80-I"},{"r":"34","t":"07:58:09","h":"Est","s":"25N-H59N100F-80-F1"},{"r":"34","t":"07:58:09","h":"Est","s":"25N-H59N200F-81-F2"},{"r":"34","t":"07:58:09","h":"Est","s":"25N-H59N300F-80-F3"},{"r":"34","t":"07:58:09","h":"Est","s":"25N-H59N400F-80-F4"},{"r":"34","t":"07:58:09","h":"Est","s":"25N-H59NV10I-80-I"},{"r":"34","t":"07:58:09","h":"Est","s":"25N-H59NV20I-80-I"},{"r":"34","t":"07:58:09","h":"Est","s":"25S-H59S000I-81-I"},{"r":"34","t":"07:58:09","h":"Est","s":"25S-H59S100F-81-F1"},{"r":"34","t":"07:58:09","h":"Est","s":"25S-H59S200F-81-F2"},{"r":"34","t":"07:58:19","h":"Est","s":"25N-H59N000A-80-A"},{"r":"34","t":"07:58:19","h":"Est","s":"25N-H59NV10A-80-A"},{"r":"34","t":"07:58:19","h":"Est","s":"25N-H59VN20A-80-A"},{"r":"34","t":"07:58:19","h":"Est","s":"25S-H59S000A-81-A"},{"r":"34","t":"08:10:42","h":"Est","s":"25N-H59N000S-80-S"},{"r":"34","t":"08:10:42","h":"Est","s":"25N-H59NV10S-84-S"},{"r":"34","t":"08:10:42","h":"Est","s":"25N-H59NV20S-80-S"},{"r":"34","t":"08:10:42","h":"Est","s":"25S-H59S000S-81-S"},{"r":"34","t":"08:27:19","h":"Est","s":"25N-H59N000A-80-A"},{"r":"34","t":"08:27:19","h":"Est","s":"25N-H59NV10A-80-A"},{"r":"34","t":"08:27:19","h":"Est","s":"25N-H59VN20A-80-A"},{"r":"34","t":"08:27:19","h":"Est","s":"25S-H59S000A-81-A"},{"r":"34","t":"08:27:32","h":"Est","s":"25N-H59N000I-80-I"},{"r":"34","t":"08:27:32","h":"Est","s":"25N-H59N100F-80-F1"},{"r":"34","t":"08:27:32","h":"Est","s":"25N-H59N200F-81-F2"},{"r":"34","t":"08:27:32","h":"Est","s":"25N-H59N300F-80-F3"},{"r":"34","t":"08:27:32","h":"Est","s":"25N-H59N400F-80-F4"},{"r":"34","t":"08:27:32","h":"Est","s":"25N-H59NV10I-80-I"},{"r":"34","t":"08:27:32","h":"Est","s":"25N-H59NV20I-80-I"},{"r":"34","t":"08:27:32","h":"Est","s":"25S-H59S000I-81-I"},{"r":"34","t":"08:27:32","h":"Est","s":"25S-H59S100F-81-F1"},{"r":"34","t":"08:27:32","h":"Est","s":"25S-H59S200F-81-F2"},{"r":"34","t":"08:34:42","h":"Est","s":"25N-H59N000S-80-S"},{"r":"34","t":"08:34:42","h":"Est","s":"25N-H59NV10S-84-S"},{"r":"34","t":"08:34:42","h":"Est","s":"25N-H59NV20S-80-S"},{"r":"34","t":"08:34:42","h":"Est","s":"25S-H59S000S-81-S"},{"r":"34","t":"08:56:19","h":"Est","s":"25N-H59N000A-80-A"},{"r":"34","t":"08:56:19","h":"Est","s":"25N-H59NV10A-80-A"},{"r":"34","t":"08:56:19","h":"Est","s":"25N-H59VN20A-80-A"},{"r":"34","t":"08:56:19","h":"Est","s":"25S-H59S000A-81-A"},{"r":"34","t":"08:56:32","h":"Est","s":"25N-H59N000I-80-I"},{"r":"34","t":"08:56:32","h":"Est","s":"25N-H59N100F-80-F1"},{"r":"34","t":"08:56:32","h":"Est","s":"25N-H59N200F-81-F2"},{"r":"34","t":"08:56:32","h":"Est","s":"25N-H59N300F-80-F3"},{"r":"34","t":"08:56:32","h":"Est","s":"25N-H59N400F-80-F4"},{"r":"34","t":"08:56:32","h":"Est","s":"25N-H59NV10I-80-I"},{"r":"34","t":"08:56:32","h":"Est","s":"25N-H59NV20I-80-I"},{"r":"34","t":"08:56:32","h":"Est","s":"25S-H59S000I-81-I"},{"r":"34","t":"08:56:32","h":"Est","s":"25S-H59S100F-81-F1"},{"r":"34","t":"08:56:32","h":"Est","s":"25S-H59S200F-81-F2"},{"r":"34","t":"09:05:42","h":"Est","s":"25N-H59N000S-80-S"},{"r":"34","t":"09:05:42","h":"Est","s":"25N-H59NV10S-84-S"},{"r":"34","t":"09:05:42","h":"Est","s":"25N-H59NV20S-80-S"},{"r":"34","t":"09:05:42","h":"Est","s":"25S-H59S000S-81-S"},{"r":"34","t":"09:25:19","h":"Est","s":"25N-H59N000A-80-A"},{"r":"34","t":"09:25:19","h":"Est","s":"25N-H59NV10A-80-A"},{"r":"34","t":"09:25:19","h":"Est","s":"25N-H59VN20A-80-A"},{"r":"34","t":"09:25:19","h":"Est","s":"25S-H59S000A-81-A"},{"r":"34","t":"09:25:32","h":"Est","s":"25N-H59N000I-80-I"},{"r":"34","t":"09:25:32","h":"Est","s":"25N-H59N100F-80-F1"},{"r":"34","t":"09:25:32","h":"Est","s":"25N-H59N200F-81-F2"},{"r":"34","t":"09:25:32","h":"Est","s":"25N-H59N300F-80-F3"},{"r":"34","t":"09:25:32","h":"Est","s":"25N-H59N400F-80-F4"},{"r":"34","t":"09:25:32","h":"Est","s":"25N-H59NV10I-80-I"},{"r":"34","t":"09:25:32","h":"Est","s":"25N-H59NV20I-80-I"},{"r":"34","t":"09:25:32","h":"Est","s":"25S-H59S000I-81-I"},{"r":"34","t":"09:25:32","h":"Est","s":"25S-H59S100F-81-F1"},{"r":"34","t":"09:25:32","h":"Est","s":"25S-H59S200F-81-F2"},{"r":"34","t":"09:36:42","h":"Est","s":"25N-H59N000S-80-S"},{"r":"34","t":"09:36:42","h":"Est","s":"25N-H59NV10S-84-S"},{"r":"34","t":"09:36:42","h":"Est","s":"25N-H59NV20S-80-S"},{"r":"34","t":"09:36:42","h":"Est","s":"25S-H59S000S-81-S"},{"r":"34","t":"09:54:32","h":"Est","s":"25N-H59N000I-80-I"},{"r":"34","t":"09:54:32","h":"Est","s":"25N-H59N100F-80-F1"},{"r":"34","t":"09:54:32","h":"Est","s":"25N-H59N200F-81-F2"},{"r":"34","t":"09:54:32","h":"Est","s":"25N-H59N300F-80-F3"},{"r":"34","t":"09:54:32","h":"Est","s":"25N-H59N400F-80-F4"},{"r":"34","t":"09:54:32","h":"Est","s":"25N-H59NV10I-80-I"},{"r":"34","t":"09:54:32","h":"Est","s":"25N-H59NV20I-80-I"},{"r":"34","t":"09:54:32","h":"Est","s":"25S-H59S000I-81-I"},{"r":"34","t":"09:54:32","h":"Est","s":"25S-H59S100F-81-F1"},{"r":"34","t":"09:54:32","h":"Est","s":"25S-H59S200F-81-F2"},{"r":"34","t":"09:55:19","h":"Est","s":"25N-H59N000A-80-A"},{"r":"34","t":"09:55:19","h":"Est","s":"25N-H59NV10A-80-A"},{"r":"34","t":"09:55:19","h":"Est","s":"25N-H59VN20A-80-A"},{"r":"34","t":"09:55:19","h":"Est","s":"25S-H59S000A-81-A"},{"r":"34","t":"10:08:42","h":"Est","s":"25N-H59N000S-80-S"},{"r":"34","t":"10:08:42","h":"Est","s":"25N-H59NV10S-84-S"},{"r":"34","t":"10:08:42","h":"Est","s":"25N-H59NV20S-80-S"},{"r":"34","t":"10:08:42","h":"Est","s":"25S-H59S000S-81-S"},{"r":"34","t":"10:23:32","h":"Est","s":"25N-H59N000I-80-I"},{"r":"34","t":"10:23:32","h":"Est","s":"25N-H59N100F-80-F1"},{"r":"34","t":"10:23:32","h":"Est","s":"25N-H59N200F-81-F2"},{"r":"34","t":"10:23:32","h":"Est","s":"25N-H59N300F-80-F3"},{"r":"34","t":"10:23:32","h":"Est","s":"25N-H59N400F-80-F4"},{"r":"34","t":"10:23:32","h":"Est","s":"25N-H59NV10I-80-I"},{"r":"34","t":"10:23:32","h":"Est","s":"25N-H59NV20I-80-I"},{"r":"34","t":"10:23:32","h":"Est","s":"25S-H59S000I-81-I"},{"r":"34","t":"10:23:32","h":"Est","s":"25S-H59S100F-81-F1"},{"r":"34","t":"10:23:32","h":"Est","s":"25S-H59S200F-81-F2"},{"r":"34","t":"10:25:19","h":"Est","s":"25N-H59N000A-80-A"},{"r":"34","t":"10:25:19","h":"Est","s":"25N-H59NV10A-80-A"},{"r":"34","t":"10:25:19","h":"Est","s":"25N-H59VN20A-80-A"},{"r":"34","t":"10:25:19","h":"Est","s":"25S-H59S000A-81-A"},{"r":"34","t":"10:39:19","h":"Est","s":"25N-H59N000S-80-S"},{"r":"34","t":"10:39:19","h":"Est","s":"25N-H59NV10S-84-S"},{"r":"34","t":"10:39:19","h":"Est","s":"25N-H59NV20S-80-S"},{"r":"34","t":"10:39:19","h":"Est","s":"25S-H59S000S-81-S"},{"r":"34","t":"10:51:32","h":"Est","s":"25N-H59N000I-80-I"},{"r":"34","t":"10:51:32","h":"Est","s":"25N-H59N100F-80-F1"},{"r":"34","t":"10:51:32","h":"Est","s":"25N-H59N200F-81-F2"},{"r":"34","t":"10:51:32","h":"Est","s":"25N-H59N300F-80-F3"},{"r":"34","t":"10:51:32","h":"Est","s":"25N-H59N400F-80-F4"},{"r":"34","t":"10:51:32","h":"Est","s":"25N-H59NV10I-80-I"},{"r":"34","t":"10:51:32","h":"Est","s":"25N-H59NV20I-80-I"},{"r":"34","t":"10:51:32","h":"Est","s":"25S-H59S000I-81-I"},{"r":"34","t":"10:51:32","h":"Est","s":"25S-H59S100F-81-F1"},{"r":"34","t":"10:51:32","h":"Est","s":"25S-H59S200F-81-F2"},{"r":"34","t":"10:55:42","h":"Est","s":"25N-H59N000A-80-A"},{"r":"34","t":"10:55:42","h":"Est","s":"25N-H59NV10A-80-A"},{"r":"34","t":"10:55:42","h":"Est","s":"25N-H59VN20A-80-A"},{"r":"34","t":"10:55:42","h":"Est","s":"25S-H59S000A-81-A"},{"r":"34","t":"11:09:19","h":"Est","s":"25N-H59N000S-80-S"},{"r":"34","t":"11:09:19","h":"Est","s":"25N-H59NV10S-84-S"},{"r":"34","t":"11:09:19","h":"Est","s":"25N-H59NV20S-80-S"},{"r":"34","t":"11:09:19","h":"Est","s":"25S-H59S000S-81-S"},{"r":"34","t":"11:21:19","h":"Est","s":"25N-H59N000I-80-I"},{"r":"34","t":"11:21:19","h":"Est","s":"25N-H59N100F-80-F1"},{"r":"34","t":"11:21:19","h":"Est","s":"25N-H59N200F-81-F2"},{"r":"34","t":"11:21:19","h":"Est","s":"25N-H59N300F-80-F3"},{"r":"34","t":"11:21:19","h":"Est","s":"25N-H59N400F-80-F4"},{"r":"34","t":"11:21:19","h":"Est","s":"25N-H59NV10I-80-I"},{"r":"34","t":"11:21:19","h":"Est","s":"25N-H59NV20I-80-I"},{"r":"34","t":"11:21:19","h":"Est","s":"25S-H59S000I-81-I"},{"r":"34","t":"11:21:19","h":"Est","s":"25S-H59S100F-81-F1"},{"r":"34","t":"11:21:19","h":"Est","s":"25S-H59S200F-81-F2"},{"r":"34","t":"11:24:42","h":"Est","s":"25N-H59N000A-80-A"},{"r":"34","t":"11:24:42","h":"Est","s":"25N-H59NV10A-80-A"},{"r":"34","t":"11:24:42","h":"Est","s":"25N-H59VN20A-80-A"},{"r":"34","t":"11:24:42","h":"Est","s":"25S-H59S000A-81-A"},{"r":"34","t":"11:39:42","h":"Est","s":"25N-H59N000S-80-S"},{"r":"34","t":"11:39:42","h":"Est","s":"25N-H59NV10S-84-S"},{"r":"34","t":"11:39:42","h":"Est","s":"25N-H59NV20S-80-S"},{"r":"34","t":"11:39:42","h":"Est","s":"25S-H59S000S-81-S"},{"r":"34","t":"11:52:19","h":"Est","s":"25N-H59N000I-80-I"},{"r":"34","t":"11:52:19","h":"Est","s":"25N-H59N100F-80-F1"},{"r":"34","t":"11:52:19","h":"Est","s":"25N-H59N200F-81-F2"},{"r":"34","t":"11:52:19","h":"Est","s":"25N-H59N300F-80-F3"},{"r":"34","t":"11:52:19","h":"Est","s":"25N-H59N400F-80-F4"},{"r":"34","t":"11:52:19","h":"Est","s":"25N-H59NV10I-80-I"},{"r":"34","t":"11:52:19","h":"Est","s":"25N-H59NV20I-80-I"},{"r":"34","t":"11:52:19","h":"Est","s":"25S-H59S000I-81-I"},{"r":"34","t":"11:52:19","h":"Est","s":"25S-H59S100F-81-F1"},{"r":"34","t":"11:52:19","h":"Est","s":"25S-H59S200F-81-F2"},{"r":"34","t":"11:53:42","h":"Est","s":"25N-H59N000A-80-A"},{"r":"34","t":"11:53:42","h":"Est","s":"25N-H59NV10A-80-A"},{"r":"34","t":"11:53:42","h":"Est","s":"25N-H59VN20A-80-A"},{"r":"34","t":"11:53:42","h":"Est","s":"25S-H59S000A-81-A"},{"r":"34","t":"12:10:42","h":"Est","s":"25N-H59N000S-80-S"},{"r":"34","t":"12:10:42","h":"Est","s":"25N-H59NV10S-84-S"},{"r":"34","t":"12:10:42","h":"Est","s":"25N-H59NV20S-80-S"},{"r":"34","t":"12:10:42","h":"Est","s":"25S-H59S000S-81-S"},{"r":"34","t":"12:21:19","h":"Est","s":"25N-H59N000I-80-I"},{"r":"34","t":"12:21:19","h":"Est","s":"25N-H59N100F-80-F1"},{"r":"34","t":"12:21:19","h":"Est","s":"25N-H59N200F-81-F2"},{"r":"34","t":"12:21:19","h":"Est","s":"25N-H59N300F-80-F3"},{"r":"34","t":"12:21:19","h":"Est","s":"25N-H59N400F-80-F4"},{"r":"34","t":"12:21:19","h":"Est","s":"25N-H59NV10I-80-I"},{"r":"34","t":"12:21:19","h":"Est","s":"25N-H59NV20I-80-I"},{"r":"34","t":"12:21:19","h":"Est","s":"25S-H59S000I-81-I"},{"r":"34","t":"12:21:19","h":"Est","s":"25S-H59S100F-81-F1"},{"r":"34","t":"12:21:19","h":"Est","s":"25S-H59S200F-81-F2"},{"r":"34","t":"12:25:42","h":"Est","s":"25N-H59N000A-80-A"},{"r":"34","t":"12:25:42","h":"Est","s":"25N-H59NV10A-80-A"},{"r":"34","t":"12:25:42","h":"Est","s":"25N-H59VN20A-80-A"},{"r":"34","t":"12:25:42","h":"Est","s":"25S-H59S000A-81-A"},{"r":"34","t":"12:40:42","h":"Est","s":"25N-H59N000S-80-S"},{"r":"34","t":"12:40:42","h":"Est","s":"25N-H59NV10S-84-S"},{"r":"34","t":"12:40:42","h":"Est","s":"25N-H59NV20S-80-S"},{"r":"34","t":"12:40:42","h":"Est","s":"25S-H59S000S-81-S"},{"r":"34","t":"12:52:19","h":"Est","s":"25N-H59N000I-80-I"},{"r":"34","t":"12:52:19","h":"Est","s":"25N-H59N100F-80-F1"},{"r":"34","t":"12:52:19","h":"Est","s":"25N-H59N200F-81-F2"},{"r":"34","t":"12:52:19","h":"Est","s":"25N-H59N300F-80-F3"},{"r":"34","t":"12:52:19","h":"Est","s":"25N-H59N400F-80-F4"},{"r":"34","t":"12:52:19","h":"Est","s":"25N-H59NV10I-80-I"},{"r":"34","t":"12:52:19","h":"Est","s":"25N-H59NV20I-80-I"},{"r":"34","t":"12:52:19","h":"Est","s":"25S-H59S000I-81-I"},{"r":"34","t":"12:52:19","h":"Est","s":"25S-H59S100F-81-F1"},{"r":"34","t":"12:52:19","h":"Est","s":"25S-H59S200F-81-F2"},{"r":"34","t":"12:54:42","h":"Est","s":"25N-H59N000A-80-A"},{"r":"34","t":"12:54:42","h":"Est","s":"25N-H59NV10A-80-A"},{"r":"34","t":"12:54:42","h":"Est","s":"25N-H59VN20A-80-A"},{"r":"34","t":"12:54:42","h":"Est","s":"25S-H59S000A-81-A"},{"r":"34","t":"13:11:42","h":"Est","s":"25N-H59N000S-80-S"},{"r":"34","t":"13:11:42","h":"Est","s":"25N-H59NV10S-84-S"},{"r":"34","t":"13:11:42","h":"Est","s":"25N-H59NV20S-80-S"},{"r":"34","t":"13:11:42","h":"Est","s":"25S-H59S000S-81-S"},{"r":"34","t":"13:21:19","h":"Est","s":"25N-H59N000I-80-I"},{"r":"34","t":"13:21:19","h":"Est","s":"25N-H59N100F-80-F1"},{"r":"34","t":"13:21:19","h":"Est","s":"25N-H59N200F-81-F2"},{"r":"34","t":"13:21:19","h":"Est","s":"25N-H59N300F-80-F3"},{"r":"34","t":"13:21:19","h":"Est","s":"25N-H59N400F-80-F4"},{"r":"34","t":"13:21:19","h":"Est","s":"25N-H59NV10I-80-I"},{"r":"34","t":"13:21:19","h":"Est","s":"25N-H59NV20I-80-I"},{"r":"34","t":"13:21:19","h":"Est","s":"25S-H59S000I-81-I"},{"r":"34","t":"13:21:19","h":"Est","s":"25S-H59S100F-81-F1"},{"r":"34","t":"13:21:19","h":"Est","s":"25S-H59S200F-81-F2"},{"r":"34","t":"13:26:42","h":"Est","s":"25N-H59N000A-80-A"},{"r":"34","t":"13:26:42","h":"Est","s":"25N-H59NV10A-80-A"},{"r":"34","t":"13:26:42","h":"Est","s":"25N-H59VN20A-80-A"},{"r":"34","t":"13:26:42","h":"Est","s":"25S-H59S000A-81-A"},{"r":"34","t":"13:42:29","h":"Est","s":"25N-H59N000S-80-S"},{"r":"34","t":"13:42:29","h":"Est","s":"25N-H59NV10S-84-S"},{"r":"34","t":"13:42:29","h":"Est","s":"25N-H59NV20S-80-S"},{"r":"34","t":"13:42:29","h":"Est","s":"25S-H59S000S-81-S"},{"r":"34","t":"13:52:19","h":"Est","s":"25N-H59N000I-80-I"},{"r":"34","t":"13:52:19","h":"Est","s":"25N-H59N100F-80-F1"},{"r":"34","t":"13:52:19","h":"Est","s":"25N-H59N200F-81-F2"},{"r":"34","t":"13:52:19","h":"Est","s":"25N-H59N300F-80-F3"},{"r":"34","t":"13:52:19","h":"Est","s":"25N-H59N400F-80-F4"},{"r":"34","t":"13:52:19","h":"Est","s":"25N-H59NV10I-80-I"},{"r":"34","t":"13:52:19","h":"Est","s":"25N-H59NV20I-80-I"},{"r":"34","t":"13:52:19","h":"Est","s":"25S-H59S000I-81-I"},{"r":"34","t":"13:52:19","h":"Est","s":"25S-H59S100F-81-F1"},{"r":"34","t":"13:52:19","h":"Est","s":"25S-H59S200F-81-F2"},{"r":"34","t":"13:55:42","h":"Est","s":"25N-H59N000A-80-A"},{"r":"34","t":"13:55:42","h":"Est","s":"25N-H59NV10A-80-A"},{"r":"34","t":"13:55:42","h":"Est","s":"25N-H59VN20A-80-A"},{"r":"34","t":"13:55:42","h":"Est","s":"25S-H59S000A-81-A"},{"r":"34","t":"14:07:29","h":"Est","s":"25N-H59N000S-80-S"},{"r":"34","t":"14:07:29","h":"Est","s":"25N-H59NV10S-84-S"},{"r":"34","t":"14:07:29","h":"Est","s":"25N-H59NV20S-80-S"},{"r":"34","t":"14:07:29","h":"Est","s":"25S-H59S000S-81-S"},{"r":"34","t":"14:22:19","h":"Est","s":"25N-H59N000I-80-I"},{"r":"34","t":"14:22:19","h":"Est","s":"25N-H59N100F-80-F1"},{"r":"34","t":"14:22:19","h":"Est","s":"25N-H59N200F-81-F2"},{"r":"34","t":"14:22:19","h":"Est","s":"25N-H59N300F-80-F3"},{"r":"34","t":"14:22:19","h":"Est","s":"25N-H59N400F-80-F4"},{"r":"34","t":"14:22:19","h":"Est","s":"25N-H59NV10I-80-I"},{"r":"34","t":"14:22:19","h":"Est","s":"25N-H59NV20I-80-I"},{"r":"34","t":"14:22:19","h":"Est","s":"25S-H59S000I-81-I"},{"r":"34","t":"14:22:19","h":"Est","s":"25S-H59S100F-81-F1"},{"r":"34","t":"14:22:19","h":"Est","s":"25S-H59S200F-81-F2"},{"r":"34","t":"14:27:42","h":"Est","s":"25N-H59N000A-80-A"},{"r":"34","t":"14:27:42","h":"Est","s":"25N-H59NV10A-80-A"},{"r":"34","t":"14:27:42","h":"Est","s":"25N-H59VN20A-80-A"},{"r":"34","t":"14:27:42","h":"Est","s":"25S-H59S000A-81-A"},{"r":"34","t":"14:30:29","h":"Est","s":"25N-H59N000S-80-S"},{"r":"34","t":"14:30:29","h":"Est","s":"25N-H59NV10S-84-S"},{"r":"34","t":"14:30:29","h":"Est","s":"25N-H59NV20S-80-S"},{"r":"34","t":"14:30:29","h":"Est","s":"25S-H59S000S-81-S"},{"r":"34","t":"14:52:19","h":"Est","s":"25N-H59N000I-80-I"},{"r":"34","t":"14:52:19","h":"Est","s":"25N-H59N100F-80-F1"},{"r":"34","t":"14:52:19","h":"Est","s":"25N-H59N200F-81-F2"},{"r":"34","t":"14:52:19","h":"Est","s":"25N-H59N300F-80-F3"},{"r":"34","t":"14:52:19","h":"Est","s":"25N-H59N400F-80-F4"},{"r":"34","t":"14:52:19","h":"Est","s":"25N-H59NV10I-80-I"},{"r":"34","t":"14:52:19","h":"Est","s":"25N-H59NV20I-80-I"},{"r":"34","t":"14:52:19","h":"Est","s":"25S-H59S000I-81-I"},{"r":"34","t":"14:52:19","h":"Est","s":"25S-H59S100F-81-F1"},{"r":"34","t":"14:52:19","h":"Est","s":"25S-H59S200F-81-F2"},{"r":"34","t":"14:56:29","h":"Est","s":"25N-H59N000S-80-S"},{"r":"34","t":"14:56:29","h":"Est","s":"25N-H59NV10S-84-S"},{"r":"34","t":"14:56:29","h":"Est","s":"25N-H59NV20S-80-S"},{"r":"34","t":"14:56:29","h":"Est","s":"25S-H59S000S-81-S"},{"r":"34","t":"14:56:42","h":"Est","s":"25N-H59N000A-80-A"},{"r":"34","t":"14:56:42","h":"Est","s":"25N-H59NV10A-80-A"},{"r":"34","t":"14:56:42","h":"Est","s":"25N-H59VN20A-80-A"},{"r":"34","t":"14:56:42","h":"Est","s":"25S-H59S000A-81-A"},{"r":"34","t":"15:22:19","h":"Est","s":"25N-H59N000I-80-I"},{"r":"34","t":"15:22:19","h":"Est","s":"25N-H59N100F-80-F1"},{"r":"34","t":"15:22:19","h":"Est","s":"25N-H59N200F-81-F2"},{"r":"34","t":"15:22:19","h":"Est","s":"25N-H59N300F-80-F3"},{"r":"34","t":"15:22:19","h":"Est","s":"25N-H59N400F-80-F4"},{"r":"34","t":"15:22:19","h":"Est","s":"25N-H59NV10I-80-I"},{"r":"34","t":"15:22:19","h":"Est","s":"25N-H59NV20I-80-I"},{"r":"34","t":"15:22:19","h":"Est","s":"25S-H59S000I-81-I"},{"r":"34","t":"15:22:19","h":"Est","s":"25S-H59S100F-81-F1"},{"r":"34","t":"15:22:19","h":"Est","s":"25S-H59S200F-81-F2"},{"r":"34","t":"15:22:29","h":"Est","s":"25N-H59N000S-80-S"},{"r":"34","t":"15:22:29","h":"Est","s":"25N-H59NV10S-84-S"},{"r":"34","t":"15:22:29","h":"Est","s":"25N-H59NV20S-80-S"},{"r":"34","t":"15:22:29","h":"Est","s":"25S-H59S000S-81-S"},{"r":"34","t":"15:28:42","h":"Est","s":"25N-H59N000A-80-A"},{"r":"34","t":"15:28:42","h":"Est","s":"25N-H59NV10A-80-A"},{"r":"34","t":"15:28:42","h":"Est","s":"25N-H59VN20A-80-A"},{"r":"34","t":"15:28:42","h":"Est","s":"25S-H59S000A-81-A"},{"r":"34","t":"15:49:29","h":"Est","s":"25N-H59N000S-80-S"},{"r":"34","t":"15:49:29","h":"Est","s":"25N-H59NV10S-84-S"},{"r":"34","t":"15:49:29","h":"Est","s":"25N-H59NV20S-80-S"},{"r":"34","t":"15:49:29","h":"Est","s":"25S-H59S000S-81-S"},{"r":"34","t":"15:52:19","h":"Est","s":"25N-H59N000I-80-I"},{"r":"34","t":"15:52:19","h":"Est","s":"25N-H59N100F-80-F1"},{"r":"34","t":"15:52:19","h":"Est","s":"25N-H59N200F-81-F2"},{"r":"34","t":"15:52:19","h":"Est","s":"25N-H59N300F-80-F3"},{"r":"34","t":"15:52:19","h":"Est","s":"25N-H59N400F-80-F4"},{"r":"34","t":"15:52:19","h":"Est","s":"25N-H59NV10I-80-I"},{"r":"34","t":"15:52:19","h":"Est","s":"25N-H59NV20I-80-I"},{"r":"34","t":"15:52:19","h":"Est","s":"25S-H59S000I-81-I"},{"r":"34","t":"15:52:19","h":"Est","s":"25S-H59S100F-81-F1"},{"r":"34","t":"15:52:19","h":"Est","s":"25S-H59S200F-81-F2"},{"r":"34","t":"15:59:42","h":"Est","s":"25N-H59N000A-80-A"},{"r":"34","t":"15:59:42","h":"Est","s":"25N-H59NV10A-80-A"},{"r":"34","t":"15:59:42","h":"Est","s":"25N-H59VN20A-80-A"},{"r":"34","t":"15:59:42","h":"Est","s":"25S-H59S000A-81-A"},{"r":"34","t":"16:12:29","h":"Est","s":"25N-H59N000S-80-S"},{"r":"34","t":"16:12:29","h":"Est","s":"25N-H59NV10S-84-S"},{"r":"34","t":"16:12:29","h":"Est","s":"25N-H59NV20S-80-S"},{"r":"34","t":"16:12:29","h":"Est","s":"25S-H59S000S-81-S"},{"r":"34","t":"16:23:19","h":"Est","s":"25N-H59N000I-80-I"},{"r":"34","t":"16:23:19","h":"Est","s":"25N-H59N100F-80-F1"},{"r":"34","t":"16:23:19","h":"Est","s":"25N-H59N200F-81-F2"},{"r":"34","t":"16:23:19","h":"Est","s":"25N-H59N300F-80-F3"},{"r":"34","t":"16:23:19","h":"Est","s":"25N-H59N400F-80-F4"},{"r":"34","t":"16:23:19","h":"Est","s":"25N-H59NV10I-80-I"},{"r":"34","t":"16:23:19","h":"Est","s":"25N-H59NV20I-80-I"},{"r":"34","t":"16:23:19","h":"Est","s":"25S-H59S000I-81-I"},{"r":"34","t":"16:23:19","h":"Est","s":"25S-H59S100F-81-F1"},{"r":"34","t":"16:23:19","h":"Est","s":"25S-H59S200F-81-F2"},{"r":"34","t":"16:31:42","h":"Est","s":"25N-H59N000A-80-A"},{"r":"34","t":"16:31:42","h":"Est","s":"25N-H59NV10A-80-A"},{"r":"34","t":"16:31:42","h":"Est","s":"25N-H59VN20A-80-A"},{"r":"34","t":"16:31:42","h":"Est","s":"25S-H59S000A-81-A"},{"r":"34","t":"16:32:29","h":"Est","s":"25N-H59N000S-80-S"},{"r":"34","t":"16:32:29","h":"Est","s":"25N-H59NV10S-84-S"},{"r":"34","t":"16:32:29","h":"Est","s":"25N-H59NV20S-80-S"},{"r":"34","t":"16:32:29","h":"Est","s":"25S-H59S000S-81-S"},{"r":"34","t":"16:52:29","h":"Est","s":"25N-H59N000S-80-S"},{"r":"34","t":"16:52:29","h":"Est","s":"25N-H59NV10S-84-S"},{"r":"34","t":"16:52:29","h":"Est","s":"25N-H59NV20S-80-S"},{"r":"34","t":"16:52:29","h":"Est","s":"25S-H59S000S-81-S"},{"r":"34","t":"16:53:19","h":"Est","s":"25N-H59N000I-80-I"},{"r":"34","t":"16:53:19","h":"Est","s":"25N-H59N100F-80-F1"},{"r":"34","t":"16:53:19","h":"Est","s":"25N-H59N200F-81-F2"},{"r":"34","t":"16:53:19","h":"Est","s":"25N-H59N300F-80-F3"},{"r":"34","t":"16:53:19","h":"Est","s":"25N-H59N400F-80-F4"},{"r":"34","t":"16:53:19","h":"Est","s":"25N-H59NV10I-80-I"},{"r":"34","t":"16:53:19","h":"Est","s":"25N-H59NV20I-80-I"},{"r":"34","t":"16:53:19","h":"Est","s":"25S-H59S000I-81-I"},{"r":"34","t":"16:53:19","h":"Est","s":"25S-H59S100F-81-F1"},{"r":"34","t":"16:53:19","h":"Est","s":"25S-H59S200F-81-F2"},{"r":"34","t":"17:02:42","h":"Est","s":"25N-H59N000A-80-A"},{"r":"34","t":"17:02:42","h":"Est","s":"25N-H59NV10A-80-A"},{"r":"34","t":"17:02:42","h":"Est","s":"25N-H59VN20A-80-A"},{"r":"34","t":"17:02:42","h":"Est","s":"25S-H59S000A-81-A"},{"r":"34","t":"17:12:29","h":"Est","s":"25N-H59N000S-80-S"},{"r":"34","t":"17:12:29","h":"Est","s":"25N-H59NV10S-84-S"},{"r":"34","t":"17:12:29","h":"Est","s":"25N-H59NV20S-80-S"},{"r":"34","t":"17:12:29","h":"Est","s":"25S-H59S000S-81-S"},{"r":"34","t":"17:23:19","h":"Est","s":"25N-H59N000I-80-I"},{"r":"34","t":"17:23:19","h":"Est","s":"25N-H59N100F-80-F1"},{"r":"34","t":"17:23:19","h":"Est","s":"25N-H59N200F-81-F2"},{"r":"34","t":"17:23:19","h":"Est","s":"25N-H59N300F-80-F3"},{"r":"34","t":"17:23:19","h":"Est","s":"25N-H59N400F-80-F4"},{"r":"34","t":"17:23:19","h":"Est","s":"25N-H59NV10I-80-I"},{"r":"34","t":"17:23:19","h":"Est","s":"25N-H59NV20I-80-I"},{"r":"34","t":"17:23:19","h":"Est","s":"25S-H59S000I-81-I"},{"r":"34","t":"17:23:19","h":"Est","s":"25S-H59S100F-81-F1"},{"r":"34","t":"17:23:19","h":"Est","s":"25S-H59S200F-81-F2"},{"r":"34","t":"17:32:29","h":"Est","s":"25N-H59N000S-80-S"},{"r":"34","t":"17:32:29","h":"Est","s":"25N-H59NV10S-84-S"},{"r":"34","t":"17:32:29","h":"Est","s":"25N-H59NV20S-80-S"},{"r":"34","t":"17:32:29","h":"Est","s":"25S-H59S000S-81-S"},{"r":"34","t":"17:34:42","h":"Est","s":"25N-H59N000A-80-A"},{"r":"34","t":"17:34:42","h":"Est","s":"25N-H59NV10A-80-A"},{"r":"34","t":"17:34:42","h":"Est","s":"25N-H59VN20A-80-A"},{"r":"34","t":"17:34:42","h":"Est","s":"25S-H59S000A-81-A"},{"r":"34","t":"17:47:29","h":"Est","s":"25N-H59N000S-80-S"},{"r":"34","t":"17:47:29","h":"Est","s":"25N-H59NV10S-84-S"},{"r":"34","t":"17:47:29","h":"Est","s":"25N-H59NV20S-80-S"},{"r":"34","t":"17:47:29","h":"Est","s":"25S-H59S000S-81-S"},{"r":"34","t":"17:53:19","h":"Est","s":"25N-H59N000I-80-I"},{"r":"34","t":"17:53:19","h":"Est","s":"25N-H59N100F-80-F1"},{"r":"34","t":"17:53:19","h":"Est","s":"25N-H59N200F-81-F2"},{"r":"34","t":"17:53:19","h":"Est","s":"25N-H59N300F-80-F3"},{"r":"34","t":"17:53:19","h":"Est","s":"25N-H59N400F-80-F4"},{"r":"34","t":"17:53:19","h":"Est","s":"25N-H59NV10I-80-I"},{"r":"34","t":"17:53:19","h":"Est","s":"25N-H59NV20I-80-I"},{"r":"34","t":"17:53:19","h":"Est","s":"25S-H59S000I-81-I"},{"r":"34","t":"17:53:19","h":"Est","s":"25S-H59S100F-81-F1"},{"r":"34","t":"17:53:19","h":"Est","s":"25S-H59S200F-81-F2"},{"r":"34","t":"18:02:29","h":"Est","s":"25N-H59N000S-80-S"},{"r":"34","t":"18:02:29","h":"Est","s":"25N-H59NV10S-84-S"},{"r":"34","t":"18:02:29","h":"Est","s":"25N-H59NV20S-80-S"},{"r":"34","t":"18:02:29","h":"Est","s":"25S-H59S000S-81-S"},{"r":"34","t":"18:05:42","h":"Est","s":"25N-H59N000A-80-A"},{"r":"34","t":"18:05:42","h":"Est","s":"25N-H59NV10A-80-A"},{"r":"34","t":"18:05:42","h":"Est","s":"25N-H59VN20A-80-A"},{"r":"34","t":"18:05:42","h":"Est","s":"25S-H59S000A-81-A"},{"r":"34","t":"18:18:29","h":"Est","s":"25N-H59N000S-80-S"},{"r":"34","t":"18:18:29","h":"Est","s":"25N-H59NV10S-84-S"},{"r":"34","t":"18:18:29","h":"Est","s":"25N-H59NV20S-80-S"},{"r":"34","t":"18:18:29","h":"Est","s":"25S-H59S000S-81-S"},{"r":"34","t":"18:24:19","h":"Est","s":"25N-H59N000I-80-I"},{"r":"34","t":"18:24:19","h":"Est","s":"25N-H59N100F-80-F1"},{"r":"34","t":"18:24:19","h":"Est","s":"25N-H59N200F-81-F2"},{"r":"34","t":"18:24:19","h":"Est","s":"25N-H59N300F-80-F3"},{"r":"34","t":"18:24:19","h":"Est","s":"25N-H59N400F-80-F4"},{"r":"34","t":"18:24:19","h":"Est","s":"25N-H59NV10I-80-I"},{"r":"34","t":"18:24:19","h":"Est","s":"25N-H59NV20I-80-I"},{"r":"34","t":"18:24:19","h":"Est","s":"25S-H59S000I-81-I"},{"r":"34","t":"18:24:19","h":"Est","s":"25S-H59S100F-81-F1"},{"r":"34","t":"18:24:19","h":"Est","s":"25S-H59S200F-81-F2"},{"r":"34","t":"18:36:42","h":"Est","s":"25N-H59N000A-80-A"},{"r":"34","t":"18:36:42","h":"Est","s":"25N-H59NV10A-80-A"},{"r":"34","t":"18:36:42","h":"Est","s":"25N-H59VN20A-80-A"},{"r":"34","t":"18:36:42","h":"Est","s":"25S-H59S000A-81-A"},{"r":"34","t":"18:37:29","h":"Est","s":"25N-H59N000S-80-S"},{"r":"34","t":"18:37:29","h":"Est","s":"25N-H59NV10S-84-S"},{"r":"34","t":"18:37:29","h":"Est","s":"25N-H59NV20S-80-S"},{"r":"34","t":"18:37:29","h":"Est","s":"25S-H59S000S-81-S"},{"r":"34","t":"18:54:19","h":"Est","s":"25N-H59N000I-80-I"},{"r":"34","t":"18:54:19","h":"Est","s":"25N-H59N100F-80-F1"},{"r":"34","t":"18:54:19","h":"Est","s":"25N-H59N200F-81-F2"},{"r":"34","t":"18:54:19","h":"Est","s":"25N-H59N300F-80-F3"},{"r":"34","t":"18:54:19","h":"Est","s":"25N-H59N400F-80-F4"},{"r":"34","t":"18:54:19","h":"Est","s":"25N-H59NV10I-80-I"},{"r":"34","t":"18:54:19","h":"Est","s":"25N-H59NV20I-80-I"},{"r":"34","t":"18:54:19","h":"Est","s":"25S-H59S000I-81-I"},{"r":"34","t":"18:54:19","h":"Est","s":"25S-H59S100F-81-F1"},{"r":"34","t":"18:54:19","h":"Est","s":"25S-H59S200F-81-F2"},{"r":"34","t":"18:59:29","h":"Est","s":"25N-H59N000S-80-S"},{"r":"34","t":"18:59:29","h":"Est","s":"25N-H59NV10S-84-S"},{"r":"34","t":"18:59:29","h":"Est","s":"25N-H59NV20S-80-S"},{"r":"34","t":"18:59:29","h":"Est","s":"25S-H59S000S-81-S"},{"r":"34","t":"19:06:42","h":"Est","s":"25N-H59N000A-80-A"},{"r":"34","t":"19:06:42","h":"Est","s":"25N-H59NV10A-80-A"},{"r":"34","t":"19:06:42","h":"Est","s":"25N-H59VN20A-80-A"},{"r":"34","t":"19:06:42","h":"Est","s":"25S-H59S000A-81-A"},{"r":"34","t":"19:24:19","h":"Est","s":"25N-H59N000I-80-I"},{"r":"34","t":"19:24:19","h":"Est","s":"25N-H59N100F-80-F1"},{"r":"34","t":"19:24:19","h":"Est","s":"25N-H59N200F-81-F2"},{"r":"34","t":"19:24:19","h":"Est","s":"25N-H59N300F-80-F3"},{"r":"34","t":"19:24:19","h":"Est","s":"25N-H59N400F-80-F4"},{"r":"34","t":"19:24:19","h":"Est","s":"25N-H59NV10I-80-I"},{"r":"34","t":"19:24:19","h":"Est","s":"25N-H59NV20I-80-I"},{"r":"34","t":"19:24:19","h":"Est","s":"25S-H59S000I-81-I"},{"r":"34","t":"19:24:19","h":"Est","s":"25S-H59S100F-81-F1"},{"r":"34","t":"19:24:19","h":"Est","s":"25S-H59S200F-81-F2"},{"r":"34","t":"19:24:42","h":"Est","s":"25N-H59N000S-80-S"},{"r":"34","t":"19:24:42","h":"Est","s":"25N-H59NV10S-84-S"},{"r":"34","t":"19:24:42","h":"Est","s":"25N-H59NV20S-80-S"},{"r":"34","t":"19:24:42","h":"Est","s":"25S-H59S000S-81-S"},{"r":"34","t":"19:33:19","h":"Est","s":"25N-H59N000A-80-A"},{"r":"34","t":"19:33:19","h":"Est","s":"25N-H59NV10A-80-A"},{"r":"34","t":"19:33:19","h":"Est","s":"25N-H59VN20A-80-A"},{"r":"34","t":"19:33:19","h":"Est","s":"25S-H59S000A-81-A"},{"r":"34","t":"19:52:42","h":"Est","s":"25N-H59N000S-80-S"},{"r":"34","t":"19:52:42","h":"Est","s":"25N-H59NV10S-84-S"},{"r":"34","t":"19:52:42","h":"Est","s":"25N-H59NV20S-80-S"},{"r":"34","t":"19:52:42","h":"Est","s":"25S-H59S000S-81-S"},{"r":"34","t":"19:54:19","h":"Est","s":"25N-H59N000I-80-I"},{"r":"34","t":"19:54:19","h":"Est","s":"25N-H59N100F-80-F1"},{"r":"34","t":"19:54:19","h":"Est","s":"25N-H59N200F-81-F2"},{"r":"34","t":"19:54:19","h":"Est","s":"25N-H59N300F-80-F3"},{"r":"34","t":"19:54:19","h":"Est","s":"25N-H59N400F-80-F4"},{"r":"34","t":"19:54:19","h":"Est","s":"25N-H59NV10I-80-I"},{"r":"34","t":"19:54:19","h":"Est","s":"25N-H59NV20I-80-I"},{"r":"34","t":"19:54:19","h":"Est","s":"25S-H59S000I-81-I"},{"r":"34","t":"19:54:19","h":"Est","s":"25S-H59S100F-81-F1"},{"r":"34","t":"19:54:19","h":"Est","s":"25S-H59S200F-81-F2"},{"r":"34","t":"19:58:19","h":"Est","s":"25N-H59N000A-80-A"},{"r":"34","t":"19:58:19","h":"Est","s":"25N-H59NV10A-80-A"},{"r":"34","t":"19:58:19","h":"Est","s":"25N-H59VN20A-80-A"},{"r":"34","t":"19:58:19","h":"Est","s":"25S-H59S000A-81-A"},{"r":"34","t":"20:22:42","h":"Est","s":"25N-H59N000S-80-S"},{"r":"34","t":"20:22:42","h":"Est","s":"25N-H59NV10S-84-S"},{"r":"34","t":"20:22:42","h":"Est","s":"25N-H59NV20S-80-S"},{"r":"34","t":"20:22:42","h":"Est","s":"25S-H59S000S-81-S"},{"r":"34","t":"20:23:19","h":"Est","s":"25N-H59N000A-80-A"},{"r":"34","t":"20:23:19","h":"Est","s":"25N-H59NV10A-80-A"},{"r":"34","t":"20:23:19","h":"Est","s":"25N-H59VN20A-80-A"},{"r":"34","t":"20:23:19","h":"Est","s":"25S-H59S000A-81-A"},{"r":"34","t":"20:24:19","h":"Est","s":"25N-H59N000I-80-I"},{"r":"34","t":"20:24:19","h":"Est","s":"25N-H59N100F-80-F1"},{"r":"34","t":"20:24:19","h":"Est","s":"25N-H59N200F-81-F2"},{"r":"34","t":"20:24:19","h":"Est","s":"25N-H59N300F-80-F3"},{"r":"34","t":"20:24:19","h":"Est","s":"25N-H59N400F-80-F4"},{"r":"34","t":"20:24:19","h":"Est","s":"25N-H59NV10I-80-I"},{"r":"34","t":"20:24:19","h":"Est","s":"25N-H59NV20I-80-I"},{"r":"34","t":"20:24:19","h":"Est","s":"25S-H59S000I-81-I"},{"r":"34","t":"20:24:19","h":"Est","s":"25S-H59S100F-81-F1"},{"r":"34","t":"20:24:19","h":"Est","s":"25S-H59S200F-81-F2"},{"r":"34","t":"20:51:19","h":"Est","s":"25N-H59N000A-80-A"},{"r":"34","t":"20:51:19","h":"Est","s":"25N-H59NV10A-80-A"},{"r":"34","t":"20:51:19","h":"Est","s":"25N-H59VN20A-80-A"},{"r":"34","t":"20:51:19","h":"Est","s":"25S-H59S000A-81-A"},{"r":"34","t":"20:52:42","h":"Est","s":"25N-H59N000S-80-S"},{"r":"34","t":"20:52:42","h":"Est","s":"25N-H59NV10S-84-S"},{"r":"34","t":"20:52:42","h":"Est","s":"25N-H59NV20S-80-S"},{"r":"34","t":"20:52:42","h":"Est","s":"25S-H59S000S-81-S"},{"r":"34","t":"20:54:19","h":"Est","s":"25N-H59N000I-80-I"},{"r":"34","t":"20:54:19","h":"Est","s":"25N-H59N100F-80-F1"},{"r":"34","t":"20:54:19","h":"Est","s":"25N-H59N200F-81-F2"},{"r":"34","t":"20:54:19","h":"Est","s":"25N-H59N300F-80-F3"},{"r":"34","t":"20:54:19","h":"Est","s":"25N-H59N400F-80-F4"},{"r":"34","t":"20:54:19","h":"Est","s":"25N-H59NV10I-80-I"},{"r":"34","t":"20:54:19","h":"Est","s":"25N-H59NV20I-80-I"},{"r":"34","t":"20:54:19","h":"Est","s":"25S-H59S000I-81-I"},{"r":"34","t":"20:54:19","h":"Est","s":"25S-H59S100F-81-F1"},{"r":"34","t":"20:54:19","h":"Est","s":"25S-H59S200F-81-F2"},{"r":"34","t":"21:19:19","h":"Est","s":"25N-H59N000A-80-A"},{"r":"34","t":"21:19:19","h":"Est","s":"25N-H59NV10A-80-A"},{"r":"34","t":"21:19:19","h":"Est","s":"25N-H59VN20A-80-A"},{"r":"34","t":"21:19:19","h":"Est","s":"25S-H59S000A-81-A"},{"r":"34","t":"21:22:42","h":"Est","s":"25N-H59N000S-80-S"},{"r":"34","t":"21:22:42","h":"Est","s":"25N-H59NV10S-84-S"},{"r":"34","t":"21:22:42","h":"Est","s":"25N-H59NV20S-80-S"},{"r":"34","t":"21:22:42","h":"Est","s":"25S-H59S000S-81-S"},{"r":"34","t":"21:24:19","h":"Est","s":"25N-H59N000I-80-I"},{"r":"34","t":"21:24:19","h":"Est","s":"25N-H59N100F-80-F1"},{"r":"34","t":"21:24:19","h":"Est","s":"25N-H59N200F-81-F2"},{"r":"34","t":"21:24:19","h":"Est","s":"25N-H59N300F-80-F3"},{"r":"34","t":"21:24:19","h":"Est","s":"25N-H59N400F-80-F4"},{"r":"34","t":"21:24:19","h":"Est","s":"25N-H59NV10I-80-I"},{"r":"34","t":"21:24:19","h":"Est","s":"25N-H59NV20I-80-I"},{"r":"34","t":"21:24:19","h":"Est","s":"25S-H59S000I-81-I"},{"r":"34","t":"21:24:19","h":"Est","s":"25S-H59S100F-81-F1"},{"r":"34","t":"21:24:19","h":"Est","s":"25S-H59S200F-81-F2"},{"r":"34","t":"21:44:19","h":"Est","s":"25N-H59N000A-80-A"},{"r":"34","t":"21:44:19","h":"Est","s":"25N-H59NV10A-80-A"},{"r":"34","t":"21:44:19","h":"Est","s":"25N-H59VN20A-80-A"},{"r":"34","t":"21:44:19","h":"Est","s":"25S-H59S000A-81-A"},{"r":"34","t":"21:52:42","h":"Est","s":"25N-H59N000S-80-S"},{"r":"34","t":"21:52:42","h":"Est","s":"25N-H59NV10S-84-S"},{"r":"34","t":"21:52:42","h":"Est","s":"25N-H59NV20S-80-S"},{"r":"34","t":"21:52:42","h":"Est","s":"25S-H59S000S-81-S"},{"r":"34","t":"21:54:19","h":"Est","s":"25N-H59N000I-80-I"},{"r":"34","t":"21:54:19","h":"Est","s":"25N-H59N100F-80-F1"},{"r":"34","t":"21:54:19","h":"Est","s":"25N-H59N200F-81-F2"},{"r":"34","t":"21:54:19","h":"Est","s":"25N-H59N300F-80-F3"},{"r":"34","t":"21:54:19","h":"Est","s":"25N-H59N400F-80-F4"},{"r":"34","t":"21:54:19","h":"Est","s":"25N-H59NV10I-80-I"},{"r":"34","t":"21:54:19","h":"Est","s":"25N-H59NV20I-80-I"},{"r":"34","t":"21:54:19","h":"Est","s":"25S-H59S000I-81-I"},{"r":"34","t":"21:54:19","h":"Est","s":"25S-H59S100F-81-F1"},{"r":"34","t":"21:54:19","h":"Est","s":"25S-H59S200F-81-F2"},{"r":"34","t":"22:09:19","h":"Est","s":"25N-H59N000A-80-A"},{"r":"34","t":"22:09:19","h":"Est","s":"25N-H59NV10A-80-A"},{"r":"34","t":"22:09:19","h":"Est","s":"25N-H59VN20A-80-A"},{"r":"34","t":"22:09:19","h":"Est","s":"25S-H59S000A-81-A"},{"r":"34","t":"22:22:42","h":"Est","s":"25N-H59N000S-80-S"},{"r":"34","t":"22:22:42","h":"Est","s":"25N-H59NV10S-84-S"},{"r":"34","t":"22:22:42","h":"Est","s":"25N-H59NV20S-80-S"},{"r":"34","t":"22:22:42","h":"Est","s":"25S-H59S000S-81-S"},{"r":"34","t":"22:23:56","h":"Est","s":"25N-H59N000I-80-I"},{"r":"34","t":"22:23:56","h":"Est","s":"25N-H59N100F-80-F1"},{"r":"34","t":"22:23:56","h":"Est","s":"25N-H59N200F-81-F2"},{"r":"34","t":"22:23:56","h":"Est","s":"25N-H59N300F-80-F3"},{"r":"34","t":"22:23:56","h":"Est","s":"25N-H59N400F-80-F4"},{"r":"34","t":"22:23:56","h":"Est","s":"25N-H59NV10I-80-I"},{"r":"34","t":"22:23:56","h":"Est","s":"25N-H59NV20I-80-I"},{"r":"34","t":"22:23:56","h":"Est","s":"25S-H59S000I-81-I"},{"r":"34","t":"22:23:56","h":"Est","s":"25S-H59S100F-81-F1"},{"r":"34","t":"22:23:56","h":"Est","s":"25S-H59S200F-81-F2"},{"r":"34","t":"22:34:19","h":"Est","s":"25N-H59N000A-80-A"},{"r":"34","t":"22:34:19","h":"Est","s":"25N-H59NV10A-80-A"},{"r":"34","t":"22:34:19","h":"Est","s":"25N-H59VN20A-80-A"},{"r":"34","t":"22:34:19","h":"Est","s":"25S-H59S000A-81-A"},{"r":"34","t":"22:52:42","h":"Est","s":"25N-H59N000S-80-S"},{"r":"34","t":"22:52:42","h":"Est","s":"25N-H59NV10S-84-S"},{"r":"34","t":"22:52:42","h":"Est","s":"25N-H59NV20S-80-S"},{"r":"34","t":"22:52:42","h":"Est","s":"25S-H59S000S-81-S"},{"r":"34","t":"22:53:56","h":"Est","s":"25N-H59N000I-80-I"},{"r":"34","t":"22:53:56","h":"Est","s":"25N-H59N100F-80-F1"},{"r":"34","t":"22:53:56","h":"Est","s":"25N-H59N200F-81-F2"},{"r":"34","t":"22:53:56","h":"Est","s":"25N-H59N300F-80-F3"},{"r":"34","t":"22:53:56","h":"Est","s":"25N-H59N400F-80-F4"},{"r":"34","t":"22:53:56","h":"Est","s":"25N-H59NV10I-80-I"},{"r":"34","t":"22:53:56","h":"Est","s":"25N-H59NV20I-80-I"},{"r":"34","t":"22:53:56","h":"Est","s":"25S-H59S000I-81-I"},{"r":"34","t":"22:53:56","h":"Est","s":"25S-H59S100F-81-F1"},{"r":"34","t":"22:53:56","h":"Est","s":"25S-H59S200F-81-F2"},{"r":"34","t":"22:59:19","h":"Est","s":"25N-H59N000A-80-A"},{"r":"34","t":"22:59:19","h":"Est","s":"25N-H59NV10A-80-A"},{"r":"34","t":"22:59:19","h":"Est","s":"25N-H59VN20A-80-A"},{"r":"34","t":"22:59:19","h":"Est","s":"25S-H59S000A-81-A"},{"r":"34","t":"23:22:19","h":"Est","s":"25N-H59N000S-80-S"},{"r":"34","t":"23:22:19","h":"Est","s":"25N-H59NV10S-84-S"},{"r":"34","t":"23:22:19","h":"Est","s":"25N-H59NV20S-80-S"},{"r":"34","t":"23:22:19","h":"Est","s":"25S-H59S000S-81-S"},{"r":"34","t":"23:22:56","h":"Est","s":"25N-H59N000I-80-I"},{"r":"34","t":"23:22:56","h":"Est","s":"25N-H59N100F-80-F1"},{"r":"34","t":"23:22:56","h":"Est","s":"25N-H59N200F-81-F2"},{"r":"34","t":"23:22:56","h":"Est","s":"25N-H59N300F-80-F3"},{"r":"34","t":"23:22:56","h":"Est","s":"25N-H59N400F-80-F4"},{"r":"34","t":"23:22:56","h":"Est","s":"25N-H59NV10I-80-I"},{"r":"34","t":"23:22:56","h":"Est","s":"25N-H59NV20I-80-I"},{"r":"34","t":"23:22:56","h":"Est","s":"25S-H59S000I-81-I"},{"r":"34","t":"23:22:56","h":"Est","s":"25S-H59S100F-81-F1"},{"r":"34","t":"23:22:56","h":"Est","s":"25S-H59S200F-81-F2"},{"r":"34","t":"23:23:19","h":"Est","s":"25N-H59N000A-80-A"},{"r":"34","t":"23:23:19","h":"Est","s":"25N-H59NV10A-80-A"},{"r":"34","t":"23:23:19","h":"Est","s":"25N-H59VN20A-80-A"},{"r":"34","t":"23:23:19","h":"Est","s":"25S-H59S000A-81-A"},{"r":"34","t":"23:47:19","h":"Est","s":"25N-H59N000A-80-A"},{"r":"34","t":"23:47:19","h":"Est","s":"25N-H59NV10A-80-A"},{"r":"34","t":"23:47:19","h":"Est","s":"25N-H59VN20A-80-A"},{"r":"34","t":"23:47:19","h":"Est","s":"25S-H59S000A-81-A"},{"r":"34","t":"23:50:19","h":"Est","s":"25N-H59N000S-80-S"},{"r":"34","t":"23:50:19","h":"Est","s":"25N-H59NV10S-84-S"},{"r":"34","t":"23:50:19","h":"Est","s":"25N-H59NV20S-80-S"},{"r":"34","t":"23:50:19","h":"Est","s":"25S-H59S000S-81-S"},{"r":"34","t":"23:51:56","h":"Est","s":"25N-H59N000I-80-I"},{"r":"34","t":"23:51:56","h":"Est","s":"25N-H59N100F-80-F1"},{"r":"34","t":"23:51:56","h":"Est","s":"25N-H59N200F-81-F2"},{"r":"34","t":"23:51:56","h":"Est","s":"25N-H59N300F-80-F3"},{"r":"34","t":"23:51:56","h":"Est","s":"25N-H59N400F-80-F4"},{"r":"34","t":"23:51:56","h":"Est","s":"25N-H59NV10I-80-I"},{"r":"34","t":"23:51:56","h":"Est","s":"25N-H59NV20I-80-I"},{"r":"34","t":"23:51:56","h":"Est","s":"25S-H59S000I-81-I"},{"r":"34","t":"23:51:56","h":"Est","s":"25S-H59S100F-81-F1"},{"r":"34","t":"23:51:56","h":"Est","s":"25S-H59S200F-81-F2"},{"r":"34","t":"24:11:19","h":"Est","s":"25N-H59N000A-80-A"},{"r":"34","t":"24:11:19","h":"Est","s":"25N-H59NV10A-80-A"},{"r":"34","t":"24:11:19","h":"Est","s":"25N-H59VN20A-80-A"},{"r":"34","t":"24:11:19","h":"Est","s":"25S-H59S000A-81-A"},{"r":"34","t":"24:18:19","h":"Est","s":"25N-H59N000S-80-S"},{"r":"34","t":"24:18:19","h":"Est","s":"25N-H59NV10S-84-S"},{"r":"34","t":"24:18:19","h":"Est","s":"25N-H59NV20S-80-S"},{"r":"34","t":"24:18:19","h":"Est","s":"25S-H59S000S-81-S"},{"r":"34","t":"24:19:32","h":"Est","s":"25N-H59N000I-80-I"},{"r":"34","t":"24:19:32","h":"Est","s":"25N-H59N100F-80-F1"},{"r":"34","t":"24:19:32","h":"Est","s":"25N-H59N200F-81-F2"},{"r":"34","t":"24:19:32","h":"Est","s":"25N-H59N300F-80-F3"},{"r":"34","t":"24:19:32","h":"Est","s":"25N-H59N400F-80-F4"},{"r":"34","t":"24:19:32","h":"Est","s":"25N-H59NV10I-80-I"},{"r":"34","t":"24:19:32","h":"Est","s":"25N-H59NV20I-80-I"},{"r":"34","t":"24:19:32","h":"Est","s":"25S-H59S000I-81-I"},{"r":"34","t":"24:19:32","h":"Est","s":"25S-H59S100F-81-F1"},{"r":"34","t":"24:19:32","h":"Est","s":"25S-H59S200F-81-F2"},{"r":"34","t":"24:34:56","h":"Est","s":"25N-H59N000A-80-A"},{"r":"34","t":"24:34:56","h":"Est","s":"25N-H59NV10A-80-A"},{"r":"34","t":"24:34:56","h":"Est","s":"25N-H59VN20A-80-A"},{"r":"34","t":"24:34:56","h":"Est","s":"25S-H59S000A-81-A"},{"r":"34","t":"24:46:19","h":"Est","s":"25N-H59N000S-80-S"},{"r":"34","t":"24:46:19","h":"Est","s":"25N-H59NV10S-84-S"},{"r":"34","t":"24:46:19","h":"Est","s":"25N-H59NV20S-80-S"},{"r":"34","t":"24:46:19","h":"Est","s":"25S-H59S000S-81-S"},{"r":"34","t":"24:48:32","h":"Est","s":"25N-H59N000I-80-I"},{"r":"34","t":"24:48:32","h":"Est","s":"25N-H59N100F-80-F1"},{"r":"34","t":"24:48:32","h":"Est","s":"25N-H59N200F-81-F2"},{"r":"34","t":"24:48:32","h":"Est","s":"25N-H59N300F-80-F3"},{"r":"34","t":"24:48:32","h":"Est","s":"25N-H59N400F-80-F4"},{"r":"34","t":"24:48:32","h":"Est","s":"25N-H59NV10I-80-I"},{"r":"34","t":"24:48:32","h":"Est","s":"25N-H59NV20I-80-I"},{"r":"34","t":"24:48:32","h":"Est","s":"25S-H59S000I-81-I"},{"r":"34","t":"24:48:32","h":"Est","s":"25S-H59S100F-81-F1"},{"r":"34","t":"24:48:32","h":"Est","s":"25S-H59S200F-81-F2"},{"r":"34","t":"24:58:56","h":"Est","s":"25N-H59N000A-80-A"},{"r":"34","t":"24:58:56","h":"Est","s":"25N-H59NV10A-80-A"},{"r":"34","t":"24:58:56","h":"Est","s":"25N-H59VN20A-80-A"},{"r":"34","t":"24:58:56","h":"Est","s":"25S-H59S000A-81-A"},{"r":"34","t":"25:10:19","h":"Est","s":"25N-H59N000S-80-S"},{"r":"34","t":"25:10:19","h":"Est","s":"25N-H59NV10S-84-S"},{"r":"34","t":"25:10:19","h":"Est","s":"25N-H59NV20S-80-S"},{"r":"34","t":"25:10:19","h":"Est","s":"25S-H59S000S-81-S"},{"r":"34","t":"25:17:32","h":"Est","s":"25N-H59N000I-80-I"},{"r":"34","t":"25:17:32","h":"Est","s":"25N-H59N100F-80-F1"},{"r":"34","t":"25:17:32","h":"Est","s":"25N-H59N200F-81-F2"},{"r":"34","t":"25:17:32","h":"Est","s":"25N-H59N300F-80-F3"},{"r":"34","t":"25:17:32","h":"Est","s":"25N-H59N400F-80-F4"},{"r":"34","t":"25:17:32","h":"Est","s":"25N-H59NV10I-80-I"},{"r":"34","t":"25:17:32","h":"Est","s":"25N-H59NV20I-80-I"},{"r":"34","t":"25:17:32","h":"Est","s":"25S-H59S000I-81-I"},{"r":"34","t":"25:17:32","h":"Est","s":"25S-H59S100F-81-F1"},{"r":"34","t":"25:17:32","h":"Est","s":"25S-H59S200F-81-F2"},{"r":"34","t":"25:22:56","h":"Est","s":"25N-H59N000A-80-A"},{"r":"34","t":"25:22:56","h":"Est","s":"25N-H59NV10A-80-A"},{"r":"34","t":"25:22:56","h":"Est","s":"25N-H59VN20A-80-A"},{"r":"34","t":"25:22:56","h":"Est","s":"25S-H59S000A-81-A"},{"r":"353","t":"25:38:37","h":"Est","s":"25N-H54N000S-80-S"},{"r":"353","t":"25:38:37","h":"Est","s":"25N-H54NV10S-82-S"},{"r":"353","t":"25:38:37","h":"Est","s":"25N-H54NV20S-80-S"},{"r":"353","t":"25:38:37","h":"Est","s":"25S-H54S000S-82-S"},{"r":"353","t":"25:39:08","h":"Est","s":"25N-H54N000I-80-I"},{"r":"353","t":"25:39:08","h":"Est","s":"25N-H54N100F-80-F1"},{"r":"353","t":"25:39:08","h":"Est","s":"25N-H54N200F-80-F2"},{"r":"353","t":"25:39:08","h":"Est","s":"25N-H54N300F-80-F3"},{"r":"353","t":"25:39:08","h":"Est","s":"25N-H54N400F-80-F4"},{"r":"353","t":"25:39:08","h":"Est","s":"25N-H54NV10I-80-I"},{"r":"353","t":"25:39:08","h":"Est","s":"25N-H54NV20I-80-I"},{"r":"353","t":"25:39:08","h":"Est","s":"25S-H54S000I-82-I"},{"r":"353","t":"25:39:08","h":"Est","s":"25S-H54S100F-80-F1"},{"r":"353","t":"25:39:08","h":"Est","s":"25S-H54S200F-80-F2"},{"r":"34","t":"25:46:56","h":"Est","s":"25N-H59N000A-80-A"},{"r":"34","t":"25:46:56","h":"Est","s":"25N-H59NV10A-80-A"},{"r":"34","t":"25:46:56","h":"Est","s":"25N-H59VN20A-80-A"},{"r":"34","t":"25:46:56","h":"Est","s":"25S-H59S000A-81-A"},{"r":"353","t":"26:23:06","h":"Est","s":"25N-H54N000A-80-A"},{"r":"353","t":"26:23:06","h":"Est","s":"25N-H54NV10A-80-A"},{"r":"353","t":"26:23:06","h":"Est","s":"25N-H54NV20A-80-A"},{"r":"353","t":"26:23:06","h":"Est","s":"25S-H54S000A-83-A"},{"r":"353","t":"26:23:37","h":"Est","s":"25N-H54N000S-80-S"},{"r":"353","t":"26:23:37","h":"Est","s":"25N-H54NV10S-82-S"},{"r":"353","t":"26:23:37","h":"Est","s":"25N-H54NV20S-80-S"},{"r":"353","t":"26:23:37","h":"Est","s":"25S-H54S000S-82-S"},{"r":"353","t":"26:24:08","h":"Est","s":"25N-H54N000I-80-I"},{"r":"353","t":"26:24:08","h":"Est","s":"25N-H54N100F-80-F1"},{"r":"353","t":"26:24:08","h":"Est","s":"25N-H54N200F-80-F2"},{"r":"353","t":"26:24:08","h":"Est","s":"25N-H54N300F-80-F3"},{"r":"353","t":"26:24:08","h":"Est","s":"25N-H54N400F-80-F4"},{"r":"353","t":"26:24:08","h":"Est","s":"25N-H54NV10I-80-I"},{"r":"353","t":"26:24:08","h":"Est","s":"25N-H54NV20I-80-I"},{"r":"353","t":"26:24:08","h":"Est","s":"25S-H54S000I-82-I"},{"r":"353","t":"26:24:08","h":"Est","s":"25S-H54S100F-80-F1"},{"r":"353","t":"26:24:08","h":"Est","s":"25S-H54S200F-80-F2"},{"r":"353","t":"27:08:37","h":"Est","s":"25N-H54N000A-80-A"},{"r":"353","t":"27:08:37","h":"Est","s":"25N-H54N000S-80-S"},{"r":"353","t":"27:08:37","h":"Est","s":"25N-H54NV10A-80-A"},{"r":"353","t":"27:08:37","h":"Est","s":"25N-H54NV10S-82-S"},{"r":"353","t":"27:08:37","h":"Est","s":"25N-H54NV20A-80-A"},{"r":"353","t":"27:08:37","h":"Est","s":"25N-H54NV20S-80-S"},{"r":"353","t":"27:08:37","h":"Est","s":"25S-H54S000A-83-A"},{"r":"353","t":"27:08:37","h":"Est","s":"25S-H54S000S-82-S"},{"r":"353","t":"27:09:08","h":"Est","s":"25N-H54N000I-80-I"},{"r":"353","t":"27:09:08","h":"Est","s":"25N-H54N100F-80-F1"},{"r":"353","t":"27:09:08","h":"Est","s":"25N-H54N200F-80-F2"},{"r":"353","t":"27:09:08","h":"Est","s":"25N-H54N300F-80-F3"},{"r":"353","t":"27:09:08","h":"Est","s":"25N-H54N400F-80-F4"},{"r":"353","t":"27:09:08","h":"Est","s":"25N-H54NV10I-80-I"},{"r":"353","t":"27:09:08","h":"Est","s":"25N-H54NV20I-80-I"},{"r":"353","t":"27:09:08","h":"Est","s":"25S-H54S000I-82-I"},{"r":"353","t":"27:09:08","h":"Est","s":"25S-H54S100F-80-F1"},{"r":"353","t":"27:09:08","h":"Est","s":"25S-H54S200F-80-F2"},{"r":"353","t":"27:53:37","h":"Est","s":"25N-H54N000A-80-A"},{"r":"353","t":"27:53:37","h":"Est","s":"25N-H54N000S-80-S"},{"r":"353","t":"27:53:37","h":"Est","s":"25N-H54NV10A-80-A"},{"r":"353","t":"27:53:37","h":"Est","s":"25N-H54NV10S-82-S"},{"r":"353","t":"27:53:37","h":"Est","s":"25N-H54NV20A-80-A"},{"r":"353","t":"27:53:37","h":"Est","s":"25N-H54NV20S-80-S"},{"r":"353","t":"27:53:37","h":"Est","s":"25S-H54S000A-83-A"},{"r":"353","t":"27:53:37","h":"Est","s":"25S-H54S000S-82-S"},{"r":"353","t":"27:54:08","h":"Est","s":"25N-H54N000I-80-I"},{"r":"353","t":"27:54:08","h":"Est","s":"25N-H54N100F-80-F1"},{"r":"353","t":"27:54:08","h":"Est","s":"25N-H54N200F-80-F2"},{"r":"353","t":"27:54:08","h":"Est","s":"25N-H54N300F-80-F3"},{"r":"353","t":"27:54:08","h":"Est","s":"25N-H54N400F-80-F4"},{"r":"353","t":"27:54:08","h":"Est","s":"25N-H54NV10I-80-I"},{"r":"353","t":"27:54:08","h":"Est","s":"25N-H54NV20I-80-I"},{"r":"353","t":"27:54:08","h":"Est","s":"25S-H54S000I-82-I"},{"r":"353","t":"27:54:08","h":"Est","s":"25S-H54S100F-80-F1"},{"r":"353","t":"27:54:08","h":"Est","s":"25S-H54S200F-80-F2"},{"r":"353","t":"28:33:37","h":"Est","s":"25N-H54N000A-80-A"},{"r":"353","t":"28:33:37","h":"Est","s":"25N-H54N000S-80-S"},{"r":"353","t":"28:33:37","h":"Est","s":"25N-H54NV10A-80-A"},{"r":"353","t":"28:33:37","h":"Est","s":"25N-H54NV10S-82-S"},{"r":"353","t":"28:33:37","h":"Est","s":"25N-H54NV20A-80-A"},{"r":"353","t":"28:33:37","h":"Est","s":"25N-H54NV20S-80-S"},{"r":"353","t":"28:33:37","h":"Est","s":"25S-H54S000A-83-A"},{"r":"353","t":"28:33:37","h":"Est","s":"25S-H54S000S-82-S"},{"r":"353","t":"28:34:08","h":"Est","s":"25N-H54N000I-80-I"},{"r":"353","t":"28:34:08","h":"Est","s":"25N-H54N100F-80-F1"},{"r":"353","t":"28:34:08","h":"Est","s":"25N-H54N200F-80-F2"},{"r":"353","t":"28:34:08","h":"Est","s":"25N-H54N300F-80-F3"},{"r":"353","t":"28:34:08","h":"Est","s":"25N-H54N400F-80-F4"},{"r":"353","t":"28:34:08","h":"Est","s":"25N-H54NV10I-80-I"},{"r":"353","t":"28:34:08","h":"Est","s":"25N-H54NV20I-80-I"},{"r":"353","t":"28:34:08","h":"Est","s":"25S-H54S000I-82-I"},{"r":"353","t":"28:34:08","h":"Est","s":"25S-H54S100F-80-F1"},{"r":"353","t":"28:34:08","h":"Est","s":"25S-H54S200F-80-F2"}]