[{"r":"34","t":"05:08:20","h":"Est","s":"25N-H59N000S-80-S"},{"r":"34","t":"05:08:20","h":"Est","s":"25N-H59NV10S-84-S"},{"r":"34","t":"05:08:20","h":"Est","s":"25N-H59NV20S-80-S"},{"r":"34","t":"05:08:20","h":"Est","s":"25S-H59S000S-81-S"},{"r":"34","t":"05:31:00","h":"Est","s":"25N-H59N000I-80-I"},{"r":"34","t":"05:31:00","h":"Est","s":"25N-H59N100F-80-F1"},{"r":"34","t":"05:31:00","h":"Est","s":"25N-H59N200F-81-F2"},{"r":"34","t":"05:31:00","h":"Est","s":"25N-H59N300F-80-F3"},{"r":"34","t":"05:31:00","h":"Est","s":"25N-H59N400F-80-F4"},{"r":"34","t":"05:31:00","h":"Est","s":"25N-H59NV10I-80-I"},{"r":"34","t":"05:31:00","h":"Est","s":"25N-H59NV20I-80-I"},{"r":"34","t":"05:31:00","h":"Est","s":"25S-H59S000I-81-I"},{"r":"34","t":"05:31:00","h":"Est","s":"25S-H59S100F-81-F1"},{"r":"34","t":"05:31:00","h":"Est","s":"25S-H59S200F-81-F2"},{"r":"34","t":"05:33:20","h":"Est","s":"25N-H59N000A-80-A"},{"r":"34","t":"05:33:20","h":"Est","s":"25N-H59NV10A-80-A"},{"r":"34","t":"05:33:20","h":"Est","s":"25N-H59VN20A-80-A"},{"r":"34","t":"05:33:20","h":"Est","s":"25S-H59S000A-81-A"},{"r":"34","t":"05:38:30","h":"Est","s":"25N-H59N000S-80-S"},{"r":"34","t":"05:38:30","h":"Est","s":"25N-H59NV10S-84-S"},{"r":"34","t":"05:38:30","h":"Est","s":"25N-H59NV20S-80-S"},{"r":"34","t":"05:38:30","h":"Est","s":"25S-H59S000S-81-S"},{"r":"34","t":"06:08:00","h":"Est","s":"25N-H59N000I-80-I"},{"r":"34","t":"06:08:00","h":"Est","s":"25N-H59N100F-80-F1"},{"r":"34","t":"06:08:00","h":"Est","s":"25N-H59N200F-81-F2"},{"r":"34","t":"06:08:00","h":"Est","s":"25N-H59N300F-80-F3"},{"r":"34","t":"06:08:00","h":"Est","s":"25N-H59N400F-80-F4"},{"r":"34","t":"06:08:00","h":"Est","s":"25N-H59NV10I-80-I"},{"r":"34","t":"06:08:00","h":"Est","s":"25N-H59NV20I-80-I"},{"r":"34","t":"06:08:00","h":"Est","s":"25S-H59S000I-81-I"},{"r":"34","t":"06:08:00","h":"Est","s":"25S-H59S100F-81-F1"},{"r":"34","t":"06:08:00","h":"Est","s":"25S-H59S200F-81-F2"},{"r":"34","t":"06:10:20","h":"Est","s":"25N-H59N000A-80-A"},{"r":"34","t":"06:10:20","h":"Est","s":"25N-H59NV10A-80-A"},{"r":"34","t":"06:10:20","h":"Est","s":"25N-H59VN20A-80-A"},{"r":"34","t":"06:10:20","h":"Est","s":"25S-H59S000A-81-A"},{"r":"34","t":"06:10:30","h":"Est","s":"25N-H59N000S-80-S"},{"r":"34","t":"06:10:30","h":"Est","s":"25N-H59NV10S-84-S"},{"r":"34","t":"06:10:30","h":"Est","s":"25N-H59NV20S-80-S"},{"r":"34","t":"06:10:30","h":"Est","s":"25S-H59S000S-81-S"},{"r":"34","t":"06:37:00","h":"Est","s":"25N-H59N000I-80-I"},{"r":"34","t":"06:37:00","h":"Est","s":"25N-H59N100F-80-F1"},{"r":"34","t":"06:37:00","h":"Est","s":"25N-H59N200F-81-F2"},{"r":"34","t":"06:37:00","h":"Est","s":"25N-H59N300F-80-F3"},{"r":"34","t":"06:37:00","h":"Est","s":"25N-H59N400F-80-F4"},{"r":"34","t":"06:37:00","h":"Est","s":"25N-H59NV10I-80-I"},{"r":"34","t":"06:37:00","h":"Est","s":"25N-H59NV20I-80-I"},{"r":"34","t":"06:37:00","h":"Est","s":"25S-H59S000I-81-I"},{"r":"34","t":"06:37:00","h":"Est","s":"25S-H59S100F-81-F1"},{"r":"34","t":"06:37:00","h":"Est","s":"25S-H59S200F-81-F2"},{"r":"34","t":"06:37:40","h":"Est","s":"25N-H59N000S-80-S"},{"r":"34","t":"06:37:40","h":"Est","s":"25N-H59NV10S-84-S"},{"r":"34","t":"06:37:40","h":"Est","s":"25N-H59NV20S-80-S"},{"r":"34","t":"06:37:40","h":"Est","s":"25S-H59S000S-81-S"},{"r":"34","t":"06:39:20","h":"Est","s":"25N-H59N000A-80-A"},{"r":"34","t":"06:39:20","h":"Est","s":"25N-H59NV10A-80-A"},{"r":"34","t":"06:39:20","h":"Est","s":"25N-H59VN20A-80-A"},{"r":"34","t":"06:39:20","h":"Est","s":"25S-H59S000A-81-A"},{"r":"34","t":"06:50:40","h":"Est","s":"25N-H59N000S-80-S"},{"r":"34","t":"06:50:40","h":"Est","s":"25N-H59NV10S-84-S"},{"r":"34","t":"06:50:40","h":"Est","s":"25N-H59NV20S-80-S"},{"r":"34","t":"06:50:40","h":"Est","s":"25S-H59S000S-81-S"},{"r":"34","t":"07:02:50","h":"Est","s":"25N-H59N000S-80-S"},{"r":"34","t":"07:02:50","h":"Est","s":"25N-H59NV10S-84-S"},{"r":"34","t":"07:02:50","h":"Est","s":"25N-H59NV20S-80-S"},{"r":"34","t":"07:02:50","h":"Est","s":"25S-H59S000S-81-S"},{"r":"34","t":"07:06:00","h":"Est","s":"25N-H59N000I-80-I"},{"r":"34","t":"07:06:00","h":"Est","s":"25N-H59N100F-80-F1"},{"r":"34","t":"07:06:00","h":"Est","s":"25N-H59N200F-81-F2"},{"r":"34","t":"07:06:00","h":"Est","s":"25N-H59N300F-80-F3"},{"r":"34","t":"07:06:00","h":"Est","s":"25N-H59N400F-80-F4"},{"r":"34","t":"07:06:00","h":"Est","s":"25N-H59NV10I-80-I"},{"r":"34","t":"07:06:00","h":"Est","s":"25N-H59NV20I-80-I"},{"r":"34","t":"07:06:00","h":"Est","s":"25S-H59S000I-81-I"},{"r":"34","t":"07:06:00","h":"Est","s":"25S-H59S100F-81-F1"},{"r":"34","t":"07:06:00","h":"Est","s":"25S-H59S200F-81-F2"},{"r":"34","t":"07:08:20","h":"Est","s":"25N-H59N000A-80-A"},{"r":"34","t":"07:08:20","h":"Est","s":"25N-H59NV10A-80-A"},{"r":"34","t":"07:08:20","h":"Est","s":"25N-H59VN20A-80-A"},{"r":"34","t":"07:08:20","h":"Est","s":"25S-H59S000A-81-A"},{"r":"34","t":"07:15:50","h":"Est","s":"25N-H59N000S-80-S"},{"r":"34","t":"07:15:50","h":"Est","s":"25N-H59NV10S-84-S"},{"r":"34","t":"07:15:50","h":"Est","s":"25N-H59NV20S-80-S"},{"r":"34","t":"07:15:50","h":"Est","s":"25S-H59S000S-81-S"},{"r":"34","t":"07:27:50","h":"Est","s":"25N-H59N000S-80-S"},{"r":"34","t":"07:27:50","h":"Est","s":"25N-H59NV10S-84-S"},{"r":"34","t":"07:27:50","h":"Est","s":"25N-H59NV20S-80-S"},{"r":"34","t":"07:27:50","h":"Est","s":"25S-H59S000S-81-S"},{"r":"34","t":"07:35:00","h":"Est","s":"25N-H59N000I-80-I"},{"r":"34","t":"07:35:00","h":"Est","s":"25N-H59N100F-80-F1"},{"r":"34","t":"07:35:00","h":"Est","s":"25N-H59N200F-81-F2"},{"r":"34","t":"07:35:00","h":"Est","s":"25N-H59N300F-80-F3"},{"r":"34","t":"07:35:00","h":"Est","s":"25N-H59N400F-80-F4"},{"r":"34","t":"07:35:00","h":"Est","s":"25N-H59NV10I-80-I"},{"r":"34","t":"07:35:00","h":"Est","s":"25N-H59NV20I-80-I"},{"r":"34","t":"07:35:00","h":"Est","s":"25S-H59S000I-81-I"},{"r":"34","t":"07:35:00","h":"Est","s":"25S-H59S100F-81-F1"},{"r":"34","t":"07:35:00","h":"Est","s":"25S-H59S200F-81-F2"},{"r":"34","t":"07:37:20","h":"Est","s":"25N-H59N000A-80-A"},{"r":"34","t":"07:37:20","h":"Est","s":"25N-H59NV10A-80-A"},{"r":"34","t":"07:37:20","h":"Est","s":"25N-H59VN20A-80-A"},{"r":"34","t":"07:37:20","h":"Est","s":"25S-H59S000A-81-A"},{"r":"34","t":"07:38:50","h":"Est","s":"25N-H59N000S-80-S"},{"r":"34","t":"07:38:50","h":"Est","s":"25N-H59NV10S-84-S"},{"r":"34","t":"07:38:50","h":"Est","s":"25N-H59NV20S-80-S"},{"r":"34","t":"07:38:50","h":"Est","s":"25S-H59S000S-81-S"},{"r":"34","t":"07:50:50","h":"Est","s":"25N-H59N000S-80-S"},{"r":"34","t":"07:50:50","h":"Est","s":"25N-H59NV10S-84-S"},{"r":"34","t":"07:50:50","h":"Est","s":"25N-H59NV20S-80-S"},{"r":"34","t":"07:50:50","h":"Est","s":"25S-H59S000S-81-S"},{"r":"34","t":"08:04:00","h":"Est","s":"25N-H59N000I-80-I"},{"r":"34","t":"08:04:00","h":"Est","s":"25N-H59N100F-80-F1"},{"r":"34","t":"08:04:00","h":"Est","s":"25N-H59N200F-81-F2"},{"r":"34","t":"08:04:00","h":"Est","s":"25N-H59N300F-80-F3"},{"r":"34","t":"08:04:00","h":"Est","s":"25N-H59N400F-80-F4"},{"r":"34","t":"08:04:00","h":"Est","s":"25N-H59NV10I-80-I"},{"r":"34","t":"08:04:00","h":"Est","s":"25N-H59NV20I-80-I"},{"r":"34","t":"08:04:00","h":"Est","s":"25S-H59S000I-81-I"},{"r":"34","t":"08:04:00","h":"Est","s":"25S-H59S100F-81-F1"},{"r":"34","t":"08:04:00","h":"Est","s":"25S-H59S200F-81-F2"},{"r":"34","t":"08:04:50","h":"Est","s":"25N-H59N000S-80-S"},{"r":"34","t":"08:04:50","h":"Est","s":"25N-H59NV10S-84-S"},{"r":"34","t":"08:04:50","h":"Est","s":"25N-H59NV20S-80-S"},{"r":"34","t":"08:04:50","h":"Est","s":"25S-H59S000S-81-S"},{"r":"34","t":"08:06:20","h":"Est","s":"25N-H59N000A-80-A"},{"r":"34","t":"08:06:20","h":"Est","s":"25N-H59NV10A-80-A"},{"r":"34","t":"08:06:20","h":"Est","s":"25N-H59VN20A-80-A"},{"r":"34","t":"08:06:20","h":"Est","s":"25S-H59S000A-81-A"},{"r":"34","t":"08:20:50","h":"Est","s":"25N-H59N000S-80-S"},{"r":"34","t":"08:20:50","h":"Est","s":"25N-H59NV10S-84-S"},{"r":"34","t":"08:20:50","h":"Est","s":"25N-H59NV20S-80-S"},{"r":"34","t":"08:20:50","h":"Est","s":"25S-H59S000S-81-S"},{"r":"34","t":"08:35:10","h":"Est","s":"25N-H59N000I-80-I"},{"r":"34","t":"08:35:10","h":"Est","s":"25N-H59N100F-80-F1"},{"r":"34","t":"08:35:10","h":"Est","s":"25N-H59N200F-81-F2"},{"r":"34","t":"08:35:10","h":"Est","s":"25N-H59N300F-80-F3"},{"r":"34","t":"08:35:10","h":"Est","s":"25N-H59N400F-80-F4"},{"r":"34","t":"08:35:10","h":"Est","s":"25N-H59NV10I-80-I"},{"r":"34","t":"08:35:10","h":"Est","s":"25N-H59NV20I-80-I"},{"r":"34","t":"08:35:10","h":"Est","s":"25S-H59S000I-81-I"},{"r":"34","t":"08:35:10","h":"Est","s":"25S-H59S100F-81-F1"},{"r":"34","t":"08:35:10","h":"Est","s":"25S-H59S200F-81-F2"},{"r":"34","t":"08:35:20","h":"Est","s":"25N-H59N000A-80-A"},{"r":"34","t":"08:35:20","h":"Est","s":"25N-H59NV10A-80-A"},{"r":"34","t":"08:35:20","h":"Est","s":"25N-H59VN20A-80-A"},{"r":"34","t":"08:35:20","h":"Est","s":"25S-H59S000A-81-A"},{"r":"34","t":"08:44:40","h":"Est","s":"25N-H59N000S-80-S"},{"r":"34","t":"08:44:40","h":"Est","s":"25N-H59NV10S-84-S"},{"r":"34","t":"08:44:40","h":"Est","s":"25N-H59NV20S-80-S"},{"r":"34","t":"08:44:40","h":"Est","s":"25S-H59S000S-81-S"},{"r":"34","t":"09:04:10","h":"Est","s":"25N-H59N000I-80-I"},{"r":"34","t":"09:04:10","h":"Est","s":"25N-H59N100F-80-F1"},{"r":"34","t":"09:04:10","h":"Est","s":"25N-H59N200F-81-F2"},{"r":"34","t":"09:04:10","h":"Est","s":"25N-H59N300F-80-F3"},{"r":"34","t":"09:04:10","h":"Est","s":"25N-H59N400F-80-F4"},{"r":"34","t":"09:04:10","h":"Est","s":"25N-H59NV10I-80-I"},{"r":"34","t":"09:04:10","h":"Est","s":"25N-H59NV20I-80-I"},{"r":"34","t":"09:04:10","h":"Est","s":"25S-H59S000I-81-I"},{"r":"34","t":"09:04:10","h":"Est","s":"25S-H59S100F-81-F1"},{"r":"34","t":"09:04:10","h":"Est","s":"25S-H59S200F-81-F2"},{"r":"34","t":"09:04:20","h":"Est","s":"25N-H59N000A-80-A"},{"r":"34","t":"09:04:20","h":"Est","s":"25N-H59NV10A-80-A"},{"r":"34","t":"09:04:20","h":"Est","s":"25N-H59VN20A-80-A"},{"r":"34","t":"09:04:20","h":"Est","s":"25S-H59S000A-81-A"},{"r":"34","t":"09:14:40","h":"Est","s":"25N-H59N000S-80-S"},{"r":"34","t":"09:14:40","h":"Est","s":"25N-H59NV10S-84-S"},{"r":"34","t":"09:14:40","h":"Est","s":"25N-H59NV20S-80-S"},{"r":"34","t":"09:14:40","h":"Est","s":"25S-H59S000S-81-S"},{"r":"34","t":"09:33:10","h":"Est","s":"25N-H59N000I-80-I"},{"r":"34","t":"09:33:10","h":"Est","s":"25N-H59N100F-80-F1"},{"r":"34","t":"09:33:10","h":"Est","s":"25N-H59N200F-81-F2"},{"r":"34","t":"09:33:10","h":"Est","s":"25N-H59N300F-80-F3"},{"r":"34","t":"09:33:10","h":"Est","s":"25N-H59N400F-80-F4"},{"r":"34","t":"09:33:10","h":"Est","s":"25N-H59NV10I-80-I"},{"r":"34","t":"09:33:10","h":"Est","s":"25N-H59NV20I-80-I"},{"r":"34","t":"09:33:10","h":"Est","s":"25S-H59S000I-81-I"},{"r":"34","t":"09:33:10","h":"Est","s":"25S-H59S100F-81-F1"},{"r":"34","t":"09:33:10","h":"Est","s":"25S-H59S200F-81-F2"},{"r":"34","t":"09:33:20","h":"Est","s":"25N-H59N000A-80-A"},{"r":"34","t":"09:33:20","h":"Est","s":"25N-H59NV10A-80-A"},{"r":"34","t":"09:33:20","h":"Est","s":"25N-H59VN20A-80-A"},{"r":"34","t":"09:33:20","h":"Est","s":"25S-H59S000A-81-A"},{"r":"34","t":"09:45:40","h":"Est","s":"25N-H59N000S-80-S"},{"r":"34","t":"09:45:40","h":"Est","s":"25N-H59NV10S-84-S"},{"r":"34","t":"09:45:40","h":"Est","s":"25N-H59NV20S-80-S"},{"r":"34","t":"09:45:40","h":"Est","s":"25S-H59S000S-81-S"},{"r":"34","t":"10:02:10","h":"Est","s":"25N-H59N000I-80-I"},{"r":"34","t":"10:02:10","h":"Est","s":"25N-H59N100F-80-F1"},{"r":"34","t":"10:02:10","h":"Est","s":"25N-H59N200F-81-F2"},{"r":"34","t":"10:02:10","h":"Est","s":"25N-H59N300F-80-F3"},{"r":"34","t":"10:02:10","h":"Est","s":"25N-H59N400F-80-F4"},{"r":"34","t":"10:02:10","h":"Est","s":"25N-H59NV10I-80-I"},{"r":"34","t":"10:02:10","h":"Est","s":"25N-H59NV20I-80-I"},{"r":"34","t":"10:02:10","h":"Est","s":"25S-H59S000I-81-I"},{"r":"34","t":"10:02:10","h":"Est","s":"25S-H59S100F-81-F1"},{"r":"34","t":"10:02:10","h":"Est","s":"25S-H59S200F-81-F2"},{"r":"34","t":"10:03:20","h":"Est","s":"25N-H59N000A-80-A"},{"r":"34","t":"10:03:20","h":"Est","s":"25N-H59NV10A-80-A"},{"r":"34","t":"10:03:20","h":"Est","s":"25N-H59VN20A-80-A"},{"r":"34","t":"10:03:20","h":"Est","s":"25S-H59S000A-81-A"},{"r":"34","t":"10:17:30","h":"Est","s":"25N-H59N000S-80-S"},{"r":"34","t":"10:17:30","h":"Est","s":"25N-H59NV10S-84-S"},{"r":"34","t":"10:17:30","h":"Est","s":"25N-H59NV20S-80-S"},{"r":"34","t":"10:17:30","h":"Est","s":"25S-H59S000S-81-S"},{"r":"34","t":"10:31:10","h":"Est","s":"25N-H59N000I-80-I"},{"r":"34","t":"10:31:10","h":"Est","s":"25N-H59N100F-80-F1"},{"r":"34","t":"10:31:10","h":"Est","s":"25N-H59N200F-81-F2"},{"r":"34","t":"10:31:10","h":"Est","s":"25N-H59N300F-80-F3"},{"r":"34","t":"10:31:10","h":"Est","s":"25N-H59N400F-80-F4"},{"r":"34","t":"10:31:10","h":"Est","s":"25N-H59NV10I-80-I"},{"r":"34","t":"10:31:10","h":"Est","s":"25N-H59NV20I-80-I"},{"r":"34","t":"10:31:10","h":"Est","s":"25S-H59S000I-81-I"},{"r":"34","t":"10:31:10","h":"Est","s":"25S-H59S100F-81-F1"},{"r":"34","t":"10:31:10","h":"Est","s":"25S-H59S200F-81-F2"},{"r":"34","t":"10:33:20","h":"Est","s":"25N-H59N000A-80-A"},{"r":"34","t":"10:33:20","h":"Est","s":"25N-H59NV10A-80-A"},{"r":"34","t":"10:33:20","h":"Est","s":"25N-H59VN20A-80-A"},{"r":"34","t":"10:33:20","h":"Est","s":"25S-H59S000A-81-A"},{"r":"34","t":"10:47:30","h":"Est","s":"25N-H59N000S-80-S"},{"r":"34","t":"10:47:30","h":"Est","s":"25N-H59NV10S-84-S"},{"r":"34","t":"10:47:30","h":"Est","s":"25N-H59NV20S-80-S"},{"r":"34","t":"10:47:30","h":"Est","s":"25S-H59S000S-81-S"},{"r":"34","t":"10:59:10","h":"Est","s":"25N-H59N000I-80-I"},{"r":"34","t":"10:59:10","h":"Est","s":"25N-H59N100F-80-F1"},{"r":"34","t":"10:59:10","h":"Est","s":"25N-H59N200F-81-F2"},{"r":"34","t":"10:59:10","h":"Est","s":"25N-H59N300F-80-F3"},{"r":"34","t":"10:59:10","h":"Est","s":"25N-H59N400F-80-F4"},{"r":"34","t":"10:59:10","h":"Est","s":"25N-H59NV10I-80-I"},{"r":"34","t":"10:59:10","h":"Est","s":"25N-H59NV20I-80-I"},{"r":"34","t":"10:59:10","h":"Est","s":"25S-H59S000I-81-I"},{"r":"34","t":"10:59:10","h":"Est","s":"25S-H59S100F-81-F1"},{"r":"34","t":"10:59:10","h":"Est","s":"25S-H59S200F-81-F2"},{"r":"34","t":"11:04:20","h":"Est","s":"25N-H59N000A-80-A"},{"r":"34","t":"11:04:20","h":"Est","s":"25N-H59NV10A-80-A"},{"r":"34","t":"11:04:20","h":"Est","s":"25N-H59VN20A-80-A"},{"r":"34","t":"11:04:20","h":"Est","s":"25S-H59S000A-81-A"},{"r":"34","t":"11:17:30","h":"Est","s":"25N-H59N000S-80-S"},{"r":"34","t":"11:17:30","h":"Est","s":"25N-H59NV10S-84-S"},{"r":"34","t":"11:17:30","h":"Est","s":"25N-H59NV20S-80-S"},{"r":"34","t":"11:17:30","h":"Est","s":"25S-H59S000S-81-S"},{"r":"34","t":"11:30:20","h":"Est","s":"25N-H59N000I-80-I"},{"r":"34","t":"11:30:20","h":"Est","s":"25N-H59N100F-80-F1"},{"r":"34","t":"11:30:20","h":"Est","s":"25N-H59N200F-81-F2"},{"r":"34","t":"11:30:20","h":"Est","s":"25N-H59N300F-80-F3"},{"r":"34","t":"11:30:20","h":"Est","s":"25N-H59N400F-80-F4"},{"r":"34","t":"11:30:20","h":"Est","s":"25N-H59NV10I-80-I"},{"r":"34","t":"11:30:20","h":"Est","s":"25N-H59NV20I-80-I"},{"r":"34","t":"11:30:20","h":"Est","s":"25S-H59S000I-81-I"},{"r":"34","t":"11:30:20","h":"Est","s":"25S-H59S100F-81-F1"},{"r":"34","t":"11:30:20","h":"Est","s":"25S-H59S200F-81-F2"},{"r":"34","t":"11:33:40","h":"Est","s":"25N-H59N000A-80-A"},{"r":"34","t":"11:33:40","h":"Est","s":"25N-H59NV10A-80-A"},{"r":"34","t":"11:33:40","h":"Est","s":"25N-H59VN20A-80-A"},{"r":"34","t":"11:33:40","h":"Est","s":"25S-H59S000A-81-A"},{"r":"34","t":"11:48:30","h":"Est","s":"25N-H59N000S-80-S"},{"r":"34","t":"11:48:30","h":"Est","s":"25N-H59NV10S-84-S"},{"r":"34","t":"11:48:30","h":"Est","s":"25N-H59NV20S-80-S"},{"r":"34","t":"11:48:30","h":"Est","s":"25S-H59S000S-81-S"},{"r":"34","t":"12:01:20","h":"Est","s":"25N-H59N000I-80-I"},{"r":"34","t":"12:01:20","h":"Est","s":"25N-H59N100F-80-F1"},{"r":"34","t":"12:01:20","h":"Est","s":"25N-H59N200F-81-F2"},{"r":"34","t":"12:01:20","h":"Est","s":"25N-H59N300F-80-F3"},{"r":"34","t":"12:01:20","h":"Est","s":"25N-H59N400F-80-F4"},{"r":"34","t":"12:01:20","h":"Est","s":"25N-H59NV10I-80-I"},{"r":"34","t":"12:01:20","h":"Est","s":"25N-H59NV20I-80-I"},{"r":"34","t":"12:01:20","h":"Est","s":"25S-H59S000I-81-I"},{"r":"34","t":"12:01:20","h":"Est","s":"25S-H59S100F-81-F1"},{"r":"34","t":"12:01:20","h":"Est","s":"25S-H59S200F-81-F2"},{"r":"34","t":"12:02:40","h":"Est","s":"25N-H59N000A-80-A"},{"r":"34","t":"12:02:40","h":"Est","s":"25N-H59NV10A-80-A"},{"r":"34","t":"12:02:40","h":"Est","s":"25N-H59VN20A-80-A"},{"r":"34","t":"12:02:40","h":"Est","s":"25S-H59S000A-81-A"},{"r":"34","t":"12:19:30","h":"Est","s":"25N-H59N000S-80-S"},{"r":"34","t":"12:19:30","h":"Est","s":"25N-H59NV10S-84-S"},{"r":"34","t":"12:19:30","h":"Est","s":"25N-H59NV20S-80-S"},{"r":"34","t":"12:19:30","h":"Est","s":"25S-H59S000S-81-S"},{"r":"34","t":"12:30:20","h":"Est","s":"25N-H59N000I-80-I"},{"r":"34","t":"12:30:20","h":"Est","s":"25N-H59N100F-80-F1"},{"r":"34","t":"12:30:20","h":"Est","s":"25N-H59N200F-81-F2"},{"r":"34","t":"12:30:20","h":"Est","s":"25N-H59N300F-80-F3"},{"r":"34","t":"12:30:20","h":"Est","s":"25N-H59N400F-80-F4"},{"r":"34","t":"12:30:20","h":"Est","s":"25N-H59NV10I-80-I"},{"r":"34","t":"12:30:20","h":"Est","s":"25N-H59NV20I-80-I"},{"r":"34","t":"12:30:20","h":"Est","s":"25S-H59S000I-81-I"},{"r":"34","t":"12:30:20","h":"Est","s":"25S-H59S100F-81-F1"},{"r":"34","t":"12:30:20","h":"Est","s":"25S-H59S200F-81-F2"},{"r":"34","t":"12:34:40","h":"Est","s":"25N-H59N000A-80-A"},{"r":"34","t":"12:34:40","h":"Est","s":"25N-H59NV10A-80-A"},{"r":"34","t":"12:34:40","h":"Est","s":"25N-H59VN20A-80-A"},{"r":"34","t":"12:34:40","h":"Est","s":"25S-H59S000A-81-A"},{"r":"34","t":"12:49:30","h":"Est","s":"25N-H59N000S-80-S"},{"r":"34","t":"12:49:30","h":"Est","s":"25N-H59NV10S-84-S"},{"r":"34","t":"12:49:30","h":"Est","s":"25N-H59NV20S-80-S"},{"r":"34","t":"12:49:30","h":"Est","s":"25S-H59S000S-81-S"},{"r":"34","t":"13:01:20","h":"Est","s":"25N-H59N000I-80-I"},{"r":"34","t":"13:01:20","h":"Est","s":"25N-H59N100F-80-F1"},{"r":"34","t":"13:01:20","h":"Est","s":"25N-H59N200F-81-F2"},{"r":"34","t":"13:01:20","h":"Est","s":"25N-H59N300F-80-F3"},{"r":"34","t":"13:01:20","h":"Est","s":"25N-H59N400F-80-F4"},{"r":"34","t":"13:01:20","h":"Est","s":"25N-H59NV10I-80-I"},{"r":"34","t":"13:01:20","h":"Est","s":"25N-H59NV20I-80-I"},{"r":"34","t":"13:01:20","h":"Est","s":"25S-H59S000I-81-I"},{"r":"34","t":"13:01:20","h":"Est","s":"25S-H59S100F-81-F1"},{"r":"34","t":"13:01:20","h":"Est","s":"25S-H59S200F-81-F2"},{"r":"34","t":"13:03:40","h":"Est","s":"25N-H59N000A-80-A"},{"r":"34","t":"13:03:40","h":"Est","s":"25N-H59NV10A-80-A"},{"r":"34","t":"13:03:40","h":"Est","s":"25N-H59VN20A-80-A"},{"r":"34","t":"13:03:40","h":"Est","s":"25S-H59S000A-81-A"},{"r":"34","t":"13:20:30","h":"Est","s":"25N-H59N000S-80-S"},{"r":"34","t":"13:20:30","h":"Est","s":"25N-H59NV10S-84-S"},{"r":"34","t":"13:20:30","h":"Est","s":"25N-H59NV20S-80-S"},{"r":"34","t":"13:20:30","h":"Est","s":"25S-H59S000S-81-S"},{"r":"34","t":"13:30:20","h":"Est","s":"25N-H59N000I-80-I"},{"r":"34","t":"13:30:20","h":"Est","s":"25N-H59N100F-80-F1"},{"r":"34","t":"13:30:20","h":"Est","s":"25N-H59N200F-81-F2"},{"r":"34","t":"13:30:20","h":"Est","s":"25N-H59N300F-80-F3"},{"r":"34","t":"13:30:20","h":"Est","s":"25N-H59N400F-80-F4"},{"r":"34","t":"13:30:20","h":"Est","s":"25N-H59NV10I-80-I"},{"r":"34","t":"13:30:20","h":"Est","s":"25N-H59NV20I-80-I"},{"r":"34","t":"13:30:20","h":"Est","s":"25S-H59S000I-81-I"},{"r":"34","t":"13:30:20","h":"Est","s":"25S-H59S100F-81-F1"},{"r":"34","t":"13:30:20","h":"Est","s":"25S-H59S200F-81-F2"},{"r":"34","t":"13:35:40","h":"Est","s":"25N-H59N000A-80-A"},{"r":"34","t":"13:35:40","h":"Est","s":"25N-H59NV10A-80-A"},{"r":"34","t":"13:35:40","h":"Est","s":"25N-H59VN20A-80-A"},{"r":"34","t":"13:35:40","h":"Est","s":"25S-H59S000A-81-A"},{"r":"34","t":"13:53:30","h":"Est","s":"25N-H59N000S-80-S"},{"r":"34","t":"13:53:30","h":"Est","s":"25N-H59NV10S-84-S"},{"r":"34","t":"13:53:30","h":"Est","s":"25N-H59NV20S-80-S"},{"r":"34","t":"13:53:30","h":"Est","s":"25S-H59S000S-81-S"},{"r":"34","t":"14:01:20","h":"Est","s":"25N-H59N000I-80-I"},{"r":"34","t":"14:01:20","h":"Est","s":"25N-H59N100F-80-F1"},{"r":"34","t":"14:01:20","h":"Est","s":"25N-H59N200F-81-F2"},{"r":"34","t":"14:01:20","h":"Est","s":"25N-H59N300F-80-F3"},{"r":"34","t":"14:01:20","h":"Est","s":"25N-H59N400F-80-F4"},{"r":"34","t":"14:01:20","h":"Est","s":"25N-H59NV10I-80-I"},{"r":"34","t":"14:01:20","h":"Est","s":"25N-H59NV20I-80-I"},{"r":"34","t":"14:01:20","h":"Est","s":"25S-H59S000I-81-I"},{"r":"34","t":"14:01:20","h":"Est","s":"25S-H59S100F-81-F1"},{"r":"34","t":"14:01:20","h":"Est","s":"25S-H59S200F-81-F2"},{"r":"34","t":"14:04:40","h":"Est","s":"25N-H59N000A-80-A"},{"r":"34","t":"14:04:40","h":"Est","s":"25N-H59NV10A-80-A"},{"r":"34","t":"14:04:40","h":"Est","s":"25N-H59VN20A-80-A"},{"r":"34","t":"14:04:40","h":"Est","s":"25S-H59S000A-81-A"},{"r":"34","t":"14:18:30","h":"Est","s":"25N-H59N000S-80-S"},{"r":"34","t":"14:18:30","h":"Est","s":"25N-H59NV10S-84-S"},{"r":"34","t":"14:18:30","h":"Est","s":"25N-H59NV20S-80-S"},{"r":"34","t":"14:18:30","h":"Est","s":"25S-H59S000S-81-S"},{"r":"34","t":"14:31:20","h":"Est","s":"25N-H59N000I-80-I"},{"r":"34","t":"14:31:20","h":"Est","s":"25N-H59N100F-80-F1"},{"r":"34","t":"14:31:20","h":"Est","s":"25N-H59N200F-81-F2"},{"r":"34","t":"14:31:20","h":"Est","s":"25N-H59N300F-80-F3"},{"r":"34","t":"14:31:20","h":"Est","s":"25N-H59N400F-80-F4"},{"r":"34","t":"14:31:20","h":"Est","s":"25N-H59NV10I-80-I"},{"r":"34","t":"14:31:20","h":"Est","s":"25N-H59NV20I-80-I"},{"r":"34","t":"14:31:20","h":"Est","s":"25S-H59S000I-81-I"},{"r":"34","t":"14:31:20","h":"Est","s":"25S-H59S100F-81-F1"},{"r":"34","t":"14:31:20","h":"Est","s":"25S-H59S200F-81-F2"},{"r":"34","t":"14:36:40","h":"Est","s":"25N-H59N000A-80-A"},{"r":"34","t":"14:36:40","h":"Est","s":"25N-H59NV10A-80-A"},{"r":"34","t":"14:36:40","h":"Est","s":"25N-H59VN20A-80-A"},{"r":"34","t":"14:36:40","h":"Est","s":"25S-H59S000A-81-A"},{"r":"34","t":"14:41:30","h":"Est","s":"25N-H59N000S-80-S"},{"r":"34","t":"14:41:30","h":"Est","s":"25N-H59NV10S-84-S"},{"r":"34","t":"14:41:30","h":"Est","s":"25N-H59NV20S-80-S"},{"r":"34","t":"14:41:30","h":"Est","s":"25S-H59S000S-81-S"},{"r":"34","t":"15:01:20","h":"Est","s":"25N-H59N000I-80-I"},{"r":"34","t":"15:01:20","h":"Est","s":"25N-H59N100F-80-F1"},{"r":"34","t":"15:01:20","h":"Est","s":"25N-H59N200F-81-F2"},{"r":"34","t":"15:01:20","h":"Est","s":"25N-H59N300F-80-F3"},{"r":"34","t":"15:01:20","h":"Est","s":"25N-H59N400F-80-F4"},{"r":"34","t":"15:01:20","h":"Est","s":"25N-H59NV10I-80-I"},{"r":"34","t":"15:01:20","h":"Est","s":"25N-H59NV20I-80-I"},{"r":"34","t":"15:01:20","h":"Est","s":"25S-H59S000I-81-I"},{"r":"34","t":"15:01:20","h":"Est","s":"25S-H59S100F-81-F1"},{"r":"34","t":"15:01:20","h":"Est","s":"25S-H59S200F-81-F2"},{"r":"34","t":"15:05:40","h":"Est","s":"25N-H59N000A-80-A"},{"r":"34","t":"15:05:40","h":"Est","s":"25N-H59NV10A-80-A"},{"r":"34","t":"15:05:40","h":"Est","s":"25N-H59VN20A-80-A"},{"r":"34","t":"15:05:40","h":"Est","s":"25S-H59S000A-81-A"},{"r":"34","t":"15:08:30","h":"Est","s":"25N-H59N000S-80-S"},{"r":"34","t":"15:08:30","h":"Est","s":"25N-H59NV10S-84-S"},{"r":"34","t":"15:08:30","h":"Est","s":"25N-H59NV20S-80-S"},{"r":"34","t":"15:08:30","h":"Est","s":"25S-H59S000S-81-S"},{"r":"34","t":"15:32:20","h":"Est","s":"25N-H59N000I-80-I"},{"r":"34","t":"15:32:20","h":"Est","s":"25N-H59N100F-80-F1"},{"r":"34","t":"15:32:20","h":"Est","s":"25N-H59N200F-81-F2"},{"r":"34","t":"15:32:20","h":"Est","s":"25N-H59N300F-80-F3"},{"r":"34","t":"15:32:20","h":"Est","s":"25N-H59N400F-80-F4"},{"r":"34","t":"15:32:20","h":"Est","s":"25N-H59NV10I-80-I"},{"r":"34","t":"15:32:20","h":"Est","s":"25N-H59NV20I-80-I"},{"r":"34","t":"15:32:20","h":"Est","s":"25S-H59S000I-81-I"},{"r":"34","t":"15:32:20","h":"Est","s":"25S-H59S100F-81-F1"},{"r":"34","t":"15:32:20","h":"Est","s":"25S-H59S200F-81-F2"},{"r":"34","t":"15:34:30","h":"Est","s":"25N-H59N000S-80-S"},{"r":"34","t":"15:34:30","h":"Est","s":"25N-H59NV10S-84-S"},{"r":"34","t":"15:34:30","h":"Est","s":"25N-H59NV20S-80-S"},{"r":"34","t":"15:34:30","h":"Est","s":"25S-H59S000S-81-S"},{"r":"34","t":"15:37:40","h":"Est","s":"25N-H59N000A-80-A"},{"r":"34","t":"15:37:40","h":"Est","s":"25N-H59NV10A-80-A"},{"r":"34","t":"15:37:40","h":"Est","s":"25N-H59VN20A-80-A"},{"r":"34","t":"15:37:40","h":"Est","s":"25S-H59S000A-81-A"},{"r":"34","t":"16:01:30","h":"Est","s":"25N-H59N000S-80-S"},{"r":"34","t":"16:01:30","h":"Est","s":"25N-H59NV10S-84-S"},{"r":"34","t":"16:01:30","h":"Est","s":"25N-H59NV20S-80-S"},{"r":"34","t":"16:01:30","h":"Est","s":"25S-H59S000S-81-S"},{"r":"34","t":"16:02:20","h":"Est","s":"25N-H59N000I-80-I"},{"r":"34","t":"16:02:20","h":"Est","s":"25N-H59N100F-80-F1"},{"r":"34","t":"16:02:20","h":"Est","s":"25N-H59N200F-81-F2"},{"r":"34","t":"16:02:20","h":"Est","s":"25N-H59N300F-80-F3"},{"r":"34","t":"16:02:20","h":"Est","s":"25N-H59N400F-80-F4"},{"r":"34","t":"16:02:20","h":"Est","s":"25N-H59NV10I-80-I"},{"r":"34","t":"16:02:20","h":"Est","s":"25N-H59NV20I-80-I"},{"r":"34","t":"16:02:20","h":"Est","s":"25S-H59S000I-81-I"},{"r":"34","t":"16:02:20","h":"Est","s":"25S-H59S100F-81-F1"},{"r":"34","t":"16:02:20","h":"Est","s":"25S-H59S200F-81-F2"},{"r":"34","t":"16:08:40","h":"Est","s":"25N-H59N000A-80-A"},{"r":"34","t":"16:08:40","h":"Est","s":"25N-H59NV10A-80-A"},{"r":"34","t":"16:08:40","h":"Est","s":"25N-H59VN20A-80-A"},{"r":"34","t":"16:08:40","h":"Est","s":"25S-H59S000A-81-A"},{"r":"34","t":"16:24:30","h":"Est","s":"25N-H59N000S-80-S"},{"r":"34","t":"16:24:30","h":"Est","s":"25N-H59NV10S-84-S"},{"r":"34","t":"16:24:30","h":"Est","s":"25N-H59NV20S-80-S"},{"r":"34","t":"16:24:30","h":"Est","s":"25S-H59S000S-81-S"},{"r":"34","t":"16:33:00","h":"Est","s":"25N-H59N000I-80-I"},{"r":"34","t":"16:33:00","h":"Est","s":"25N-H59N100F-80-F1"},{"r":"34","t":"16:33:00","h":"Est","s":"25N-H59N200F-81-F2"},{"r":"34","t":"16:33:00","h":"Est","s":"25N-H59N300F-80-F3"},{"r":"34","t":"16:33:00","h":"Est","s":"25N-H59N400F-80-F4"},{"r":"34","t":"16:33:00","h":"Est","s":"25N-H59NV10I-80-I"},{"r":"34","t":"16:33:00","h":"Est","s":"25N-H59NV20I-80-I"},{"r":"34","t":"16:33:00","h":"Est","s":"25S-H59S000I-81-I"},{"r":"34","t":"16:33:00","h":"Est","s":"25S-H59S100F-81-F1"},{"r":"34","t":"16:33:00","h":"Est","s":"25S-H59S200F-81-F2"},{"r":"34","t":"16:40:40","h":"Est","s":"25N-H59N000A-80-A"},{"r":"34","t":"16:40:40","h":"Est","s":"25N-H59NV10A-80-A"},{"r":"34","t":"16:40:40","h":"Est","s":"25N-H59VN20A-80-A"},{"r":"34","t":"16:40:40","h":"Est","s":"25S-H59S000A-81-A"},{"r":"34","t":"16:44:30","h":"Est","s":"25N-H59N000S-80-S"},{"r":"34","t":"16:44:30","h":"Est","s":"25N-H59NV10S-84-S"},{"r":"34","t":"16:44:30","h":"Est","s":"25N-H59NV20S-80-S"},{"r":"34","t":"16:44:30","h":"Est","s":"25S-H59S000S-81-S"},{"r":"34","t":"17:03:00","h":"Est","s":"25N-H59N000I-80-I"},{"r":"34","t":"17:03:00","h":"Est","s":"25N-H59N100F-80-F1"},{"r":"34","t":"17:03:00","h":"Est","s":"25N-H59N200F-81-F2"},{"r":"34","t":"17:03:00","h":"Est","s":"25N-H59N300F-80-F3"},{"r":"34","t":"17:03:00","h":"Est","s":"25N-H59N400F-80-F4"},{"r":"34","t":"17:03:00","h":"Est","s":"25N-H59NV10I-80-I"},{"r":"34","t":"17:03:00","h":"Est","s":"25N-H59NV20I-80-I"},{"r":"34","t":"17:03:00","h":"Est","s":"25S-H59S000I-81-I"},{"r":"34","t":"17:03:00","h":"Est","s":"25S-H59S100F-81-F1"},{"r":"34","t":"17:03:00","h":"Est","s":"25S-H59S200F-81-F2"},{"r":"34","t":"17:04:30","h":"Est","s":"25N-H59N000S-80-S"},{"r":"34","t":"17:04:30","h":"Est","s":"25N-H59NV10S-84-S"},{"r":"34","t":"17:04:30","h":"Est","s":"25N-H59NV20S-80-S"},{"r":"34","t":"17:04:30","h":"Est","s":"25S-H59S000S-81-S"},{"r":"34","t":"17:11:40","h":"Est","s":"25N-H59N000A-80-A"},{"r":"34","t":"17:11:40","h":"Est","s":"25N-H59NV10A-80-A"},{"r":"34","t":"17:11:40","h":"Est","s":"25N-H59VN20A-80-A"},{"r":"34","t":"17:11:40","h":"Est","s":"25S-H59S000A-81-A"},{"r":"34","t":"17:24:30","h":"Est","s":"25N-H59N000S-80-S"},{"r":"34","t":"17:24:30","h":"Est","s":"25N-H59NV10S-84-S"},{"r":"34","t":"17:24:30","h":"Est","s":"25N-H59NV20S-80-S"},{"r":"34","t":"17:24:30","h":"Est","s":"25S-H59S000S-81-S"},{"r":"34","t":"17:33:00","h":"Est","s":"25N-H59N000I-80-I"},{"r":"34","t":"17:33:00","h":"Est","s":"25N-H59N100F-80-F1"},{"r":"34","t":"17:33:00","h":"Est","s":"25N-H59N200F-81-F2"},{"r":"34","t":"17:33:00","h":"Est","s":"25N-H59N300F-80-F3"},{"r":"34","t":"17:33:00","h":"Est","s":"25N-H59N400F-80-F4"},{"r":"34","t":"17:33:00","h":"Est","s":"25N-H59NV10I-80-I"},{"r":"34","t":"17:33:00","h":"Est","s":"25N-H59NV20I-80-I"},{"r":"34","t":"17:33:00","h":"Est","s":"25S-H59S000I-81-I"},{"r":"34","t":"17:33:00","h":"Est","s":"25S-H59S100F-81-F1"},{"r":"34","t":"17:33:00","h":"Est","s":"25S-H59S200F-81-F2"},{"r":"34","t":"17:43:30","h":"Est","s":"25N-H59N000A-80-A"},{"r":"34","t":"17:43:30","h":"Est","s":"25N-H59NV10A-80-A"},{"r":"34","t":"17:43:30","h":"Est","s":"25N-H59VN20A-80-A"},{"r":"34","t":"17:43:30","h":"Est","s":"25S-H59S000A-81-A"},{"r":"34","t":"17:44:20","h":"Est","s":"25N-H59N000S-80-S"},{"r":"34","t":"17:44:20","h":"Est","s":"25N-H59NV10S-84-S"},{"r":"34","t":"17:44:20","h":"Est","s":"25N-H59NV20S-80-S"},{"r":"34","t":"17:44:20","h":"Est","s":"25S-H59S000S-81-S"},{"r":"34","t":"17:58:20","h":"Est","s":"25N-H59N000S-80-S"},{"r":"34","t":"17:58:20","h":"Est","s":"25N-H59NV10S-84-S"},{"r":"34","t":"17:58:20","h":"Est","s":"25N-H59NV20S-80-S"},{"r":"34","t":"17:58:20","h":"Est","s":"25S-H59S000S-81-S"},{"r":"34","t":"18:03:00","h":"Est","s":"25N-H59N000I-80-I"},{"r":"34","t":"18:03:00","h":"Est","s":"25N-H59N100F-80-F1"},{"r":"34","t":"18:03:00","h":"Est","s":"25N-H59N200F-81-F2"},{"r":"34","t":"18:03:00","h":"Est","s":"25N-H59N300F-80-F3"},{"r":"34","t":"18:03:00","h":"Est","s":"25N-H59N400F-80-F4"},{"r":"34","t":"18:03:00","h":"Est","s":"25N-H59NV10I-80-I"},{"r":"34","t":"18:03:00","h":"Est","s":"25N-H59NV20I-80-I"},{"r":"34","t":"18:03:00","h":"Est","s":"25S-H59S000I-81-I"},{"r":"34","t":"18:03:00","h":"Est","s":"25S-H59S100F-81-F1"},{"r":"34","t":"18:03:00","h":"Est","s":"25S-H59S200F-81-F2"},{"r":"34","t":"18:13:20","h":"Est","s":"25N-H59N000S-80-S"},{"r":"34","t":"18:13:20","h":"Est","s":"25N-H59NV10S-84-S"},{"r":"34","t":"18:13:20","h":"Est","s":"25N-H59NV20S-80-S"},{"r":"34","t":"18:13:20","h":"Est","s":"25S-H59S000S-81-S"},{"r":"34","t":"18:14:30","h":"Est","s":"25N-H59N000A-80-A"},{"r":"34","t":"18:14:30","h":"Est","s":"25N-H59NV10A-80-A"},{"r":"34","t":"18:14:30","h":"Est","s":"25N-H59VN20A-80-A"},{"r":"34","t":"18:14:30","h":"Est","s":"25S-H59S000A-81-A"},{"r":"34","t":"18:29:20","h":"Est","s":"25N-H59N000S-80-S"},{"r":"34","t":"18:29:20","h":"Est","s":"25N-H59NV10S-84-S"},{"r":"34","t":"18:29:20","h":"Est","s":"25N-H59NV20S-80-S"},{"r":"34","t":"18:29:20","h":"Est","s":"25S-H59S000S-81-S"},{"r":"34","t":"18:34:00","h":"Est","s":"25N-H59N000I-80-I"},{"r":"34","t":"18:34:00","h":"Est","s":"25N-H59N100F-80-F1"},{"r":"34","t":"18:34:00","h":"Est","s":"25N-H59N200F-81-F2"},{"r":"34","t":"18:34:00","h":"Est","s":"25N-H59N300F-80-F3"},{"r":"34","t":"18:34:00","h":"Est","s":"25N-H59N400F-80-F4"},{"r":"34","t":"18:34:00","h":"Est","s":"25N-H59NV10I-80-I"},{"r":"34","t":"18:34:00","h":"Est","s":"25N-H59NV20I-80-I"},{"r":"34","t":"18:34:00","h":"Est","s":"25S-H59S000I-81-I"},{"r":"34","t":"18:34:00","h":"Est","s":"25S-H59S100F-81-F1"},{"r":"34","t":"18:34:00","h":"Est","s":"25S-H59S200F-81-F2"},{"r":"34","t":"18:45:30","h":"Est","s":"25N-H59N000A-80-A"},{"r":"34","t":"18:45:30","h":"Est","s":"25N-H59NV10A-80-A"},{"r":"34","t":"18:45:30","h":"Est","s":"25N-H59VN20A-80-A"},{"r":"34","t":"18:45:30","h":"Est","s":"25S-H59S000A-81-A"},{"r":"34","t":"18:48:20","h":"Est","s":"25N-H59N000S-80-S"},{"r":"34","t":"18:48:20","h":"Est","s":"25N-H59NV10S-84-S"},{"r":"34","t":"18:48:20","h":"Est","s":"25N-H59NV20S-80-S"},{"r":"34","t":"18:48:20","h":"Est","s":"25S-H59S000S-81-S"},{"r":"34","t":"19:03:00","h":"Est","s":"25N-H59N000I-80-I"},{"r":"34","t":"19:03:00","h":"Est","s":"25N-H59N100F-80-F1"},{"r":"34","t":"19:03:00","h":"Est","s":"25N-H59N200F-81-F2"},{"r":"34","t":"19:03:00","h":"Est","s":"25N-H59N300F-80-F3"},{"r":"34","t":"19:03:00","h":"Est","s":"25N-H59N400F-80-F4"},{"r":"34","t":"19:03:00","h":"Est","s":"25N-H59NV10I-80-I"},{"r":"34","t":"19:03:00","h":"Est","s":"25N-H59NV20I-80-I"},{"r":"34","t":"19:03:00","h":"Est","s":"25S-H59S000I-81-I"},{"r":"34","t":"19:03:00","h":"Est","s":"25S-H59S100F-81-F1"},{"r":"34","t":"19:03:00","h":"Est","s":"25S-H59S200F-81-F2"},{"r":"34","t":"19:10:20","h":"Est","s":"25N-H59N000S-80-S"},{"r":"34","t":"19:10:20","h":"Est","s":"25N-H59NV10S-84-S"},{"r":"34","t":"19:10:20","h":"Est","s":"25N-H59NV20S-80-S"},{"r":"34","t":"19:10:20","h":"Est","s":"25S-H59S000S-81-S"},{"r":"34","t":"19:15:30","h":"Est","s":"25N-H59N000A-80-A"},{"r":"34","t":"19:15:30","h":"Est","s":"25N-H59NV10A-80-A"},{"r":"34","t":"19:15:30","h":"Est","s":"25N-H59VN20A-80-A"},{"r":"34","t":"19:15:30","h":"Est","s":"25S-H59S000A-81-A"},{"r":"34","t":"19:33:00","h":"Est","s":"25N-H59N000I-80-I"},{"r":"34","t":"19:33:00","h":"Est","s":"25N-H59N100F-80-F1"},{"r":"34","t":"19:33:00","h":"Est","s":"25N-H59N200F-81-F2"},{"r":"34","t":"19:33:00","h":"Est","s":"25N-H59N300F-80-F3"},{"r":"34","t":"19:33:00","h":"Est","s":"25N-H59N400F-80-F4"},{"r":"34","t":"19:33:00","h":"Est","s":"25N-H59NV10I-80-I"},{"r":"34","t":"19:33:00","h":"Est","s":"25N-H59NV20I-80-I"},{"r":"34","t":"19:33:00","h":"Est","s":"25S-H59S000I-81-I"},{"r":"34","t":"19:33:00","h":"Est","s":"25S-H59S100F-81-F1"},{"r":"34","t":"19:33:00","h":"Est","s":"25S-H59S200F-81-F2"},{"r":"34","t":"19:34:10","h":"Est","s":"25N-H59N000S-80-S"},{"r":"34","t":"19:34:10","h":"Est","s":"25N-H59NV10S-84-S"},{"r":"34","t":"19:34:10","h":"Est","s":"25N-H59NV20S-80-S"},{"r":"34","t":"19:34:10","h":"Est","s":"25S-H59S000S-81-S"},{"r":"34","t":"19:41:10","h":"Est","s":"25N-H59N000A-80-A"},{"r":"34","t":"19:41:10","h":"Est","s":"25N-H59NV10A-80-A"},{"r":"34","t":"19:41:10","h":"Est","s":"25N-H59VN20A-80-A"},{"r":"34","t":"19:41:10","h":"Est","s":"25S-H59S000A-81-A"},{"r":"34","t":"20:02:10","h":"Est","s":"25N-H59N000S-80-S"},{"r":"34","t":"20:02:10","h":"Est","s":"25N-H59NV10S-84-S"},{"r":"34","t":"20:02:10","h":"Est","s":"25N-H59NV20S-80-S"},{"r":"34","t":"20:02:10","h":"Est","s":"25S-H59S000S-81-S"},{"r":"34","t":"20:03:00","h":"Est","s":"25N-H59N000I-80-I"},{"r":"34","t":"20:03:00","h":"Est","s":"25N-H59N100F-80-F1"},{"r":"34","t":"20:03:00","h":"Est","s":"25N-H59N200F-81-F2"},{"r":"34","t":"20:03:00","h":"Est","s":"25N-H59N300F-80-F3"},{"r":"34","t":"20:03:00","h":"Est","s":"25N-H59N400F-80-F4"},{"r":"34","t":"20:03:00","h":"Est","s":"25N-H59NV10I-80-I"},{"r":"34","t":"20:03:00","h":"Est","s":"25N-H59NV20I-80-I"},{"r":"34","t":"20:03:00","h":"Est","s":"25S-H59S000I-81-I"},{"r":"34","t":"20:03:00","h":"Est","s":"25S-H59S100F-81-F1"},{"r":"34","t":"20:03:00","h":"Est","s":"25S-H59S200F-81-F2"},{"r":"34","t":"20:06:10","h":"Est","s":"25N-H59N000A-80-A"},{"r":"34","t":"20:06:10","h":"Est","s":"25N-H59NV10A-80-A"},{"r":"34","t":"20:06:10","h":"Est","s":"25N-H59VN20A-80-A"},{"r":"34","t":"20:06:10","h":"Est","s":"25S-H59S000A-81-A"},{"r":"34","t":"20:31:10","h":"Est","s":"25N-H59N000A-80-A"},{"r":"34","t":"20:31:10","h":"Est","s":"25N-H59NV10A-80-A"},{"r":"34","t":"20:31:10","h":"Est","s":"25N-H59VN20A-80-A"},{"r":"34","t":"20:31:10","h":"Est","s":"25S-H59S000A-81-A"},{"r":"34","t":"20:32:10","h":"Est","s":"25N-H59N000S-80-S"},{"r":"34","t":"20:32:10","h":"Est","s":"25N-H59NV10S-84-S"},{"r":"34","t":"20:32:10","h":"Est","s":"25N-H59NV20S-80-S"},{"r":"34","t":"20:32:10","h":"Est","s":"25S-H59S000S-81-S"},{"r":"34","t":"20:33:00","h":"Est","s":"25N-H59N000I-80-I"},{"r":"34","t":"20:33:00","h":"Est","s":"25N-H59N100F-80-F1"},{"r":"34","t":"20:33:00","h":"Est","s":"25N-H59N200F-81-F2"},{"r":"34","t":"20:33:00","h":"Est","s":"25N-H59N300F-80-F3"},{"r":"34","t":"20:33:00","h":"Est","s":"25N-H59N400F-80-F4"},{"r":"34","t":"20:33:00","h":"Est","s":"25N-H59NV10I-80-I"},{"r":"34","t":"20:33:00","h":"Est","s":"25N-H59NV20I-80-I"},{"r":"34","t":"20:33:00","h":"Est","s":"25S-H59S000I-81-I"},{"r":"34","t":"20:33:00","h":"Est","s":"25S-H59S100F-81-F1"},{"r":"34","t":"20:33:00","h":"Est","s":"25S-H59S200F-81-F2"},{"r":"34","t":"20:59:10","h":"Est","s":"25N-H59N000A-80-A"},{"r":"34","t":"20:59:10","h":"Est","s":"25N-H59NV10A-80-A"},{"r":"34","t":"20:59:10","h":"Est","s":"25N-H59VN20A-80-A"},{"r":"34","t":"20:59:10","h":"Est","s":"25S-H59S000A-81-A"},{"r":"34","t":"21:02:10","h":"Est","s":"25N-H59N000S-80-S"},{"r":"34","t":"21:02:10","h":"Est","s":"25N-H59NV10S-84-S"},{"r":"34","t":"21:02:10","h":"Est","s":"25N-H59NV20S-80-S"},{"r":"34","t":"21:02:10","h":"Est","s":"25S-H59S000S-81-S"},{"r":"34","t":"21:03:00","h":"Est","s":"25N-H59N000I-80-I"},{"r":"34","t":"21:03:00","h":"Est","s":"25N-H59N100F-80-F1"},{"r":"34","t":"21:03:00","h":"Est","s":"25N-H59N200F-81-F2"},{"r":"34","t":"21:03:00","h":"Est","s":"25N-H59N300F-80-F3"},{"r":"34","t":"21:03:00","h":"Est","s":"25N-H59N400F-80-F4"},{"r":"34","t":"21:03:00","h":"Est","s":"25N-H59NV10I-80-I"},{"r":"34","t":"21:03:00","h":"Est","s":"25N-H59NV20I-80-I"},{"r":"34","t":"21:03:00","h":"Est","s":"25S-H59S000I-81-I"},{"r":"34","t":"21:03:00","h":"Est","s":"25S-H59S100F-81-F1"},{"r":"34","t":"21:03:00","h":"Est","s":"25S-H59S200F-81-F2"},{"r":"34","t":"21:27:10","h":"Est","s":"25N-H59N000A-80-A"},{"r":"34","t":"21:27:10","h":"Est","s":"25N-H59NV10A-80-A"},{"r":"34","t":"21:27:10","h":"Est","s":"25N-H59VN20A-80-A"},{"r":"34","t":"21:27:10","h":"Est","s":"25S-H59S000A-81-A"},{"r":"34","t":"21:32:10","h":"Est","s":"25N-H59N000S-80-S"},{"r":"34","t":"21:32:10","h":"Est","s":"25N-H59NV10S-84-S"},{"r":"34","t":"21:32:10","h":"Est","s":"25N-H59NV20S-80-S"},{"r":"34","t":"21:32:10","h":"Est","s":"25S-H59S000S-81-S"},{"r":"34","t":"21:33:00","h":"Est","s":"25N-H59N000I-80-I"},{"r":"34","t":"21:33:00","h":"Est","s":"25N-H59N100F-80-F1"},{"r":"34","t":"21:33:00","h":"Est","s":"25N-H59N200F-81-F2"},{"r":"34","t":"21:33:00","h":"Est","s":"25N-H59N300F-80-F3"},{"r":"34","t":"21:33:00","h":"Est","s":"25N-H59N400F-80-F4"},{"r":"34","t":"21:33:00","h":"Est","s":"25N-H59NV10I-80-I"},{"r":"34","t":"21:33:00","h":"Est","s":"25N-H59NV20I-80-I"},{"r":"34","t":"21:33:00","h":"Est","s":"25S-H59S000I-81-I"},{"r":"34","t":"21:33:00","h":"Est","s":"25S-H59S100F-81-F1"},{"r":"34","t":"21:33:00","h":"Est","s":"25S-H59S200F-81-F2"},{"r":"34","t":"21:52:10","h":"Est","s":"25N-H59N000A-80-A"},{"r":"34","t":"21:52:10","h":"Est","s":"25N-H59NV10A-80-A"},{"r":"34","t":"21:52:10","h":"Est","s":"25N-H59VN20A-80-A"},{"r":"34","t":"21:52:10","h":"Est","s":"25S-H59S000A-81-A"},{"r":"34","t":"22:02:10","h":"Est","s":"25N-H59N000S-80-S"},{"r":"34","t":"22:02:10","h":"Est","s":"25N-H59NV10S-84-S"},{"r":"34","t":"22:02:10","h":"Est","s":"25N-H59NV20S-80-S"},{"r":"34","t":"22:02:10","h":"Est","s":"25S-H59S000S-81-S"},{"r":"34","t":"22:03:00","h":"Est","s":"25N-H59N000I-80-I"},{"r":"34","t":"22:03:00","h":"Est","s":"25N-H59N100F-80-F1"},{"r":"34","t":"22:03:00","h":"Est","s":"25N-H59N200F-81-F2"},{"r":"34","t":"22:03:00","h":"Est","s":"25N-H59N300F-80-F3"},{"r":"34","t":"22:03:00","h":"Est","s":"25N-H59N400F-80-F4"},{"r":"34","t":"22:03:00","h":"Est","s":"25N-H59NV10I-80-I"},{"r":"34","t":"22:03:00","h":"Est","s":"25N-H59NV20I-80-I"},{"r":"34","t":"22:03:00","h":"Est","s":"25S-H59S000I-81-I"},{"r":"34","t":"22:03:00","h":"Est","s":"25S-H59S100F-81-F1"},{"r":"34","t":"22:03:00","h":"Est","s":"25S-H59S200F-81-F2"},{"r":"34","t":"22:17:10","h":"Est","s":"25N-H59N000A-80-A"},{"r":"34","t":"22:17:10","h":"Est","s":"25N-H59NV10A-80-A"},{"r":"34","t":"22:17:10","h":"Est","s":"25N-H59VN20A-80-A"},{"r":"34","t":"22:17:10","h":"Est","s":"25S-H59S000A-81-A"},{"r":"34","t":"22:31:50","h":"Est","s":"25N-H59N000I-80-I"},{"r":"34","t":"22:31:50","h":"Est","s":"25N-H59N100F-80-F1"},{"r":"34","t":"22:31:50","h":"Est","s":"25N-H59N200F-81-F2"},{"r":"34","t":"22:31:50","h":"Est","s":"25N-H59N300F-80-F3"},{"r":"34","t":"22:31:50","h":"Est","s":"25N-H59N400F-80-F4"},{"r":"34","t":"22:31:50","h":"Est","s":"25N-H59NV10I-80-I"},{"r":"34","t":"22:31:50","h":"Est","s":"25N-H59NV20I-80-I"},{"r":"34","t":"22:31:50","h":"Est","s":"25S-H59S000I-81-I"},{"r":"34","t":"22:31:50","h":"Est","s":"25S-H59S100F-81-F1"},{"r":"34","t":"22:31:50","h":"Est","s":"25S-H59S200F-81-F2"},{"r":"34","t":"22:32:10","h":"Est","s":"25N-H59N000S-80-S"},{"r":"34","t":"22:32:10","h":"Est","s":"25N-H59NV10S-84-S"},{"r":"34","t":"22:32:10","h":"Est","s":"25N-H59NV20S-80-S"},{"r":"34","t":"22:32:10","h":"Est","s":"25S-H59S000S-81-S"},{"r":"34","t":"22:42:10","h":"Est","s":"25N-H59N000A-80-A"},{"r":"34","t":"22:42:10","h":"Est","s":"25N-H59NV10A-80-A"},{"r":"34","t":"22:42:10","h":"Est","s":"25N-H59VN20A-80-A"},{"r":"34","t":"22:42:10","h":"Est","s":"25S-H59S000A-81-A"},{"r":"34","t":"23:01:50","h":"Est","s":"25N-H59N000I-80-I"},{"r":"34","t":"23:01:50","h":"Est","s":"25N-H59N100F-80-F1"},{"r":"34","t":"23:01:50","h":"Est","s":"25N-H59N200F-81-F2"},{"r":"34","t":"23:01:50","h":"Est","s":"25N-H59N300F-80-F3"},{"r":"34","t":"23:01:50","h":"Est","s":"25N-H59N400F-80-F4"},{"r":"34","t":"23:01:50","h":"Est","s":"25N-H59NV10I-80-I"},{"r":"34","t":"23:01:50","h":"Est","s":"25N-H59NV20I-80-I"},{"r":"34","t":"23:01:50","h":"Est","s":"25S-H59S000I-81-I"},{"r":"34","t":"23:01:50","h":"Est","s":"25S-H59S100F-81-F1"},{"r":"34","t":"23:01:50","h":"Est","s":"25S-H59S200F-81-F2"},{"r":"34","t":"23:02:10","h":"Est","s":"25N-H59N000S-80-S"},{"r":"34","t":"23:02:10","h":"Est","s":"25N-H59NV10S-84-S"},{"r":"34","t":"23:02:10","h":"Est","s":"25N-H59NV20S-80-S"},{"r":"34","t":"23:02:10","h":"Est","s":"25S-H59S000S-81-S"},{"r":"34","t":"23:07:10","h":"Est","s":"25N-H59N000A-80-A"},{"r":"34","t":"23:07:10","h":"Est","s":"25N-H59NV10A-80-A"},{"r":"34","t":"23:07:10","h":"Est","s":"25N-H59VN20A-80-A"},{"r":"34","t":"23:07:10","h":"Est","s":"25S-H59S000A-81-A"},{"r":"34","t":"23:30:50","h":"Est","s":"25N-H59N000I-80-I"},{"r":"34","t":"23:30:50","h":"Est","s":"25N-H59N100F-80-F1"},{"r":"34","t":"23:30:50","h":"Est","s":"25N-H59N200F-81-F2"},{"r":"34","t":"23:30:50","h":"Est","s":"25N-H59N300F-80-F3"},{"r":"34","t":"23:30:50","h":"Est","s":"25N-H59N400F-80-F4"},{"r":"34","t":"23:30:50","h":"Est","s":"25N-H59NV10I-80-I"},{"r":"34","t":"23:30:50","h":"Est","s":"25N-H59NV20I-80-I"},{"r":"34","t":"23:30:50","h":"Est","s":"25S-H59S000I-81-I"},{"r":"34","t":"23:30:50","h":"Est","s":"25S-H59S100F-81-F1"},{"r":"34","t":"23:30:50","h":"Est","s":"25S-H59S200F-81-F2"},{"r":"34","t":"23:31:10","h":"Est","s":"25N-H59N000A-80-A"},{"r":"34","t":"23:31:10","h":"Est","s":"25N-H59N000S-80-S"},{"r":"34","t":"23:31:10","h":"Est","s":"25N-H59NV10A-80-A"},{"r":"34","t":"23:31:10","h":"Est","s":"25N-H59NV10S-84-S"},{"r":"34","t":"23:31:10","h":"Est","s":"25N-H59NV20S-80-S"},{"r":"34","t":"23:31:10","h":"Est","s":"25N-H59VN20A-80-A"},{"r":"34","t":"23:31:10","h":"Est","s":"25S-H59S000A-81-A"},{"r":"34","t":"23:31:10","h":"Est","s":"25S-H59S000S-81-S"},{"r":"34","t":"23:55:10","h":"Est","s":"25N-H59N000A-80-A"},{"r":"34","t":"23:55:10","h":"Est","s":"25N-H59NV10A-80-A"},{"r":"34","t":"23:55:10","h":"Est","s":"25N-H59VN20A-80-A"},{"r":"34","t":"23:55:10","h":"Est","s":"25S-H59S000A-81-A"},{"r":"34","t":"23:59:10","h":"Est","s":"25N-H59N000S-80-S"},{"r":"34","t":"23:59:10","h":"Est","s":"25N-H59NV10S-84-S"},{"r":"34","t":"23:59:10","h":"Est","s":"25N-H59NV20S-80-S"},{"r":"34","t":"23:59:10","h":"Est","s":"25S-H59S000S-81-S"},{"r":"34","t":"23:59:50","h":"Est","s":"25N-H59N000I-80-I"},{"r":"34","t":"23:59:50","h":"Est","s":"25N-H59N100F-80-F1"},{"r":"34","t":"23:59:50","h":"Est","s":"25N-H59N200F-81-F2"},{"r":"34","t":"23:59:50","h":"Est","s":"25N-H59N300F-80-F3"},{"r":"34","t":"23:59:50","h":"Est","s":"25N-H59N400F-80-F4"},{"r":"34","t":"23:59:50","h":"Est","s":"25N-H59NV10I-80-I"},{"r":"34","t":"23:59:50","h":"Est","s":"25N-H59NV20I-80-I"},{"r":"34","t":"23:59:50","h":"Est","s":"25S-H59S000I-81-I"},{"r":"34","t":"23:59:50","h":"Est","s":"25S-H59S100F-81-F1"},{"r":"34","t":"23:59:50","h":"Est","s":"25S-H59S200F-81-F2"},{"r":"34","t":"24:19:10","h":"Est","s":"25N-H59N000A-80-A"},{"r":"34","t":"24:19:10","h":"Est","s":"25N-H59NV10A-80-A"},{"r":"34","t":"24:19:10","h":"Est","s":"25N-H59VN20A-80-A"},{"r":"34","t":"24:19:10","h":"Est","s":"25S-H59S000A-81-A"},{"r":"34","t":"24:26:50","h":"Est","s":"25N-H59N000I-80-I"},{"r":"34","t":"24:26:50","h":"Est","s":"25N-H59N100F-80-F1"},{"r":"34","t":"24:26:50","h":"Est","s":"25N-H59N200F-81-F2"},{"r":"34","t":"24:26:50","h":"Est","s":"25N-H59N300F-80-F3"},{"r":"34","t":"24:26:50","h":"Est","s":"25N-H59N400F-80-F4"},{"r":"34","t":"24:26:50","h":"Est","s":"25N-H59NV10I-80-I"},{"r":"34","t":"24:26:50","h":"Est","s":"25N-H59NV20I-80-I"},{"r":"34","t":"24:26:50","h":"Est","s":"25S-H59S000I-81-I"},{"r":"34","t":"24:26:50","h":"Est","s":"25S-H59S100F-81-F1"},{"r":"34","t":"24:26:50","h":"Est","s":"25S-H59S200F-81-F2"},{"r":"34","t":"24:27:10","h":"Est","s":"25N-H59N000S-80-S"},{"r":"34","t":"24:27:10","h":"Est","s":"25N-H59NV10S-84-S"},{"r":"34","t":"24:27:10","h":"Est","s":"25N-H59NV20S-80-S"},{"r":"34","t":"24:27:10","h":"Est","s":"25S-H59S000S-81-S"},{"r":"34","t":"24:41:50","h":"Est","s":"25N-H59N000A-80-A"},{"r":"34","t":"24:41:50","h":"Est","s":"25N-H59NV10A-80-A"},{"r":"34","t":"24:41:50","h":"Est","s":"25N-H59VN20A-80-A"},{"r":"34","t":"24:41:50","h":"Est","s":"25S-H59S000A-81-A"},{"r":"34","t":"24:54:10","h":"Est","s":"25N-H59N000S-80-S"},{"r":"34","t":"24:54:10","h":"Est","s":"25N-H59NV10S-84-S"},{"r":"34","t":"24:54:10","h":"Est","s":"25N-H59NV20S-80-S"},{"r":"34","t":"24:54:10","h":"Est","s":"25S-H59S000S-81-S"},{"r":"34","t":"24:55:50","h":"Est","s":"25N-H59N000I-80-I"},{"r":"34","t":"24:55:50","h":"Est","s":"25N-H59N100F-80-F1"},{"r":"34","t":"24:55:50","h":"Est","s":"25N-H59N200F-81-F2"},{"r":"34","t":"24:55:50","h":"Est","s":"25N-H59N300F-80-F3"},{"r":"34","t":"24:55:50","h":"Est","s":"25N-H59N400F-80-F4"},{"r":"34","t":"24:55:50","h":"Est","s":"25N-H59NV10I-80-I"},{"r":"34","t":"24:55:50","h":"Est","s":"25N-H59NV20I-80-I"},{"r":"34","t":"24:55:50","h":"Est","s":"25S-H59S000I-81-I"},{"r":"34","t":"24:55:50","h":"Est","s":"25S-H59S100F-81-F1"},{"r":"34","t":"24:55:50","h":"Est","s":"25S-H59S200F-81-F2"},{"r":"34","t":"25:05:50","h":"Est","s":"25N-H59N000A-80-A"},{"r":"34","t":"25:05:50","h":"Est","s":"25N-H59NV10A-80-A"},{"r":"34","t":"25:05:50","h":"Est","s":"25N-H59VN20A-80-A"},{"r":"34","t":"25:05:50","h":"Est","s":"25S-H59S000A-81-A"},{"r":"34","t":"25:18:10","h":"Est","s":"25N-H59N000S-80-S"},{"r":"34","t":"25:18:10","h":"Est","s":"25N-H59NV10S-84-S"},{"r":"34","t":"25:18:10","h":"Est","s":"25N-H59NV20S-80-S"},{"r":"34","t":"25:18:10","h":"Est","s":"25S-H59S000S-81-S"},{"r":"34","t":"25:24:50","h":"Est","s":"25N-H59N000I-80-I"},{"r":"34","t":"25:24:50","h":"Est","s":"25N-H59N100F-80-F1"},{"r":"34","t":"25:24:50","h":"Est","s":"25N-H59N200F-81-F2"},{"r":"34","t":"25:24:50","h":"Est","s":"25N-H59N300F-80-F3"},{"r":"34","t":"25:24:50","h":"Est","s":"25N-H59N400F-80-F4"},{"r":"34","t":"25:24:50","h":"Est","s":"25N-H59NV10I-80-I"},{"r":"34","t":"25:24:50","h":"Est","s":"25N-H59NV20I-80-I"},{"r":"34","t":"25:24:50","h":"Est","s":"25S-H59S000I-81-I"},{"r":"34","t":"25:24:50","h":"Est","s":"25S-H59S100F-81-F1"},{"r":"34","t":"25:24:50","h":"Est","s":"25S-H59S200F-81-F2"},{"r":"34","t":"25:29:50","h":"Est","s":"25N-H59N000A-80-A"},{"r":"34","t":"25:29:50","h":"Est","s":"25N-H59NV10A-80-A"},{"r":"34","t":"25:29:50","h":"Est","s":"25N-H59VN20A-80-A"},{"r":"34","t":"25:29:50","h":"Est","s":"25S-H59S000A-81-A"},{"r":"34","t":"25:53:50","h":"Est","s":"25N-H59N000A-80-A"},{"r":"34","t":"25:53:50","h":"Est","s":"25N-H59NV10A-80-A"},{"r":"34","t":"25:53:50","h":"Est","s":"25N-H59VN20A-80-A"},{"r":"34","t":"25:53:50","h":"Est","s":"25S-H59S000A-81-A"}]