[{"r":"187","t":"05:41:17","h":"Est","s":"25N-H54N000I-80-I"},{"r":"187","t":"05:41:17","h":"Est","s":"25N-H54N100F-80-F1"},{"r":"187","t":"05:41:17","h":"Est","s":"25N-H54N200F-80-F2"},{"r":"187","t":"05:41:17","h":"Est","s":"25N-H54N300F-80-F3"},{"r":"187","t":"05:41:17","h":"Est","s":"25N-H54N400F-80-F4"},{"r":"187","t":"05:41:17","h":"Est","s":"25N-H54NV10I-80-I"},{"r":"187","t":"05:41:17","h":"Est","s":"25N-H54NV20I-80-I"},{"r":"187","t":"05:41:17","h":"Est","s":"25S-H54S000I-82-I"},{"r":"187","t":"05:41:17","h":"Est","s":"25S-H54S100F-80-F1"},{"r":"187","t":"05:41:17","h":"Est","s":"25S-H54S200F-80-F2"},{"r":"187","t":"05:45:24","h":"Est","s":"25N-H54N000A-80-A"},{"r":"187","t":"05:45:24","h":"Est","s":"25N-H54NV10A-80-A"},{"r":"187","t":"05:45:24","h":"Est","s":"25N-H54NV20A-80-A"},{"r":"187","t":"05:45:24","h":"Est","s":"25S-H54S000A-83-A"},{"r":"187","t":"05:46:17","h":"Est","s":"25N-H54N000S-80-S"},{"r":"187","t":"05:46:17","h":"Est","s":"25N-H54NV10S-82-S"},{"r":"187","t":"05:46:17","h":"Est","s":"25N-H54NV20S-80-S"},{"r":"187","t":"05:46:17","h":"Est","s":"25S-H54S000S-82-S"},{"r":"187","t":"06:12:17","h":"Est","s":"25N-H54N000I-80-I"},{"r":"187","t":"06:12:17","h":"Est","s":"25N-H54N100F-80-F1"},{"r":"187","t":"06:12:17","h":"Est","s":"25N-H54N200F-80-F2"},{"r":"187","t":"06:12:17","h":"Est","s":"25N-H54N300F-80-F3"},{"r":"187","t":"06:12:17","h":"Est","s":"25N-H54N400F-80-F4"},{"r":"187","t":"06:12:17","h":"Est","s":"25N-H54NV10I-80-I"},{"r":"187","t":"06:12:17","h":"Est","s":"25N-H54NV20I-80-I"},{"r":"187","t":"06:12:17","h":"Est","s":"25S-H54S000I-82-I"},{"r":"187","t":"06:12:17","h":"Est","s":"25S-H54S100F-80-F1"},{"r":"187","t":"06:12:17","h":"Est","s":"25S-H54S200F-80-F2"},{"r":"187","t":"06:16:17","h":"Est","s":"25N-H54N000S-80-S"},{"r":"187","t":"06:16:17","h":"Est","s":"25N-H54NV10S-82-S"},{"r":"187","t":"06:16:17","h":"Est","s":"25N-H54NV20S-80-S"},{"r":"187","t":"06:16:17","h":"Est","s":"25S-H54S000S-82-S"},{"r":"187","t":"06:16:24","h":"Est","s":"25N-H54N000A-80-A"},{"r":"187","t":"06:16:24","h":"Est","s":"25N-H54NV10A-80-A"},{"r":"187","t":"06:16:24","h":"Est","s":"25N-H54NV20A-80-A"},{"r":"187","t":"06:16:24","h":"Est","s":"25S-H54S000A-83-A"},{"r":"187","t":"06:42:17","h":"Est","s":"25N-H54N000I-80-I"},{"r":"187","t":"06:42:17","h":"Est","s":"25N-H54N100F-80-F1"},{"r":"187","t":"06:42:17","h":"Est","s":"25N-H54N200F-80-F2"},{"r":"187","t":"06:42:17","h":"Est","s":"25N-H54N300F-80-F3"},{"r":"187","t":"06:42:17","h":"Est","s":"25N-H54N400F-80-F4"},{"r":"187","t":"06:42:17","h":"Est","s":"25N-H54NV10I-80-I"},{"r":"187","t":"06:42:17","h":"Est","s":"25N-H54NV20I-80-I"},{"r":"187","t":"06:42:17","h":"Est","s":"25S-H54S000I-82-I"},{"r":"187","t":"06:42:17","h":"Est","s":"25S-H54S100F-80-F1"},{"r":"187","t":"06:42:17","h":"Est","s":"25S-H54S200F-80-F2"},{"r":"187","t":"06:47:24","h":"Est","s":"25N-H54N000A-80-A"},{"r":"187","t":"06:47:24","h":"Est","s":"25N-H54NV10A-80-A"},{"r":"187","t":"06:47:24","h":"Est","s":"25N-H54NV20A-80-A"},{"r":"187","t":"06:47:24","h":"Est","s":"25S-H54S000A-83-A"},{"r":"187","t":"06:49:09","h":"Est","s":"25N-H59N000S-80-S"},{"r":"187","t":"06:49:09","h":"Est","s":"25N-H59NV10S-84-S"},{"r":"187","t":"06:49:09","h":"Est","s":"25N-H59NV20S-80-S"},{"r":"187","t":"06:49:09","h":"Est","s":"25S-H59S000S-81-S"},{"r":"187","t":"07:15:17","h":"Est","s":"25N-H54N000I-80-I"},{"r":"187","t":"07:15:17","h":"Est","s":"25N-H54N100F-80-F1"},{"r":"187","t":"07:15:17","h":"Est","s":"25N-H54N200F-80-F2"},{"r":"187","t":"07:15:17","h":"Est","s":"25N-H54N300F-80-F3"},{"r":"187","t":"07:15:17","h":"Est","s":"25N-H54N400F-80-F4"},{"r":"187","t":"07:15:17","h":"Est","s":"25N-H54NV10I-80-I"},{"r":"187","t":"07:15:17","h":"Est","s":"25N-H54NV20I-80-I"},{"r":"187","t":"07:15:17","h":"Est","s":"25S-H54S000I-82-I"},{"r":"187","t":"07:15:17","h":"Est","s":"25S-H54S100F-80-F1"},{"r":"187","t":"07:15:17","h":"Est","s":"25S-H54S200F-80-F2"},{"r":"187","t":"07:18:24","h":"Est","s":"25N-H54N000A-80-A"},{"r":"187","t":"07:18:24","h":"Est","s":"25N-H54NV10A-80-A"},{"r":"187","t":"07:18:24","h":"Est","s":"25N-H54NV20A-80-A"},{"r":"187","t":"07:18:24","h":"Est","s":"25S-H54S000A-83-A"},{"r":"187","t":"07:20:02","h":"Est","s":"25N-H54N000S-80-S"},{"r":"187","t":"07:20:02","h":"Est","s":"25N-H54NV10S-82-S"},{"r":"187","t":"07:20:02","h":"Est","s":"25N-H54NV20S-80-S"},{"r":"187","t":"07:20:02","h":"Est","s":"25S-H54S000S-82-S"},{"r":"187","t":"07:48:17","h":"Est","s":"25N-H54N000I-80-I"},{"r":"187","t":"07:48:17","h":"Est","s":"25N-H54N100F-80-F1"},{"r":"187","t":"07:48:17","h":"Est","s":"25N-H54N200F-80-F2"},{"r":"187","t":"07:48:17","h":"Est","s":"25N-H54N300F-80-F3"},{"r":"187","t":"07:48:17","h":"Est","s":"25N-H54N400F-80-F4"},{"r":"187","t":"07:48:17","h":"Est","s":"25N-H54NV10I-80-I"},{"r":"187","t":"07:48:17","h":"Est","s":"25N-H54NV20I-80-I"},{"r":"187","t":"07:48:17","h":"Est","s":"25S-H54S000I-82-I"},{"r":"187","t":"07:48:17","h":"Est","s":"25S-H54S100F-80-F1"},{"r":"187","t":"07:48:17","h":"Est","s":"25S-H54S200F-80-F2"},{"r":"187","t":"07:50:17","h":"Est","s":"25N-H54N000A-80-A"},{"r":"187","t":"07:50:17","h":"Est","s":"25N-H54NV10A-80-A"},{"r":"187","t":"07:50:17","h":"Est","s":"25N-H54NV20A-80-A"},{"r":"187","t":"07:50:17","h":"Est","s":"25S-H54S000A-83-A"},{"r":"187","t":"07:54:02","h":"Est","s":"25N-H54N000S-80-S"},{"r":"187","t":"07:54:02","h":"Est","s":"25N-H54NV10S-82-S"},{"r":"187","t":"07:54:02","h":"Est","s":"25N-H54NV20S-80-S"},{"r":"187","t":"07:54:02","h":"Est","s":"25S-H54S000S-82-S"},{"r":"187","t":"08:20:17","h":"Est","s":"25N-H54N000A-80-A"},{"r":"187","t":"08:20:17","h":"Est","s":"25N-H54NV10A-80-A"},{"r":"187","t":"08:20:17","h":"Est","s":"25N-H54NV20A-80-A"},{"r":"187","t":"08:20:17","h":"Est","s":"25S-H54S000A-83-A"},{"r":"187","t":"08:21:17","h":"Est","s":"25N-H54N000I-80-I"},{"r":"187","t":"08:21:17","h":"Est","s":"25N-H54N100F-80-F1"},{"r":"187","t":"08:21:17","h":"Est","s":"25N-H54N200F-80-F2"},{"r":"187","t":"08:21:17","h":"Est","s":"25N-H54N300F-80-F3"},{"r":"187","t":"08:21:17","h":"Est","s":"25N-H54N400F-80-F4"},{"r":"187","t":"08:21:17","h":"Est","s":"25N-H54NV10I-80-I"},{"r":"187","t":"08:21:17","h":"Est","s":"25N-H54NV20I-80-I"},{"r":"187","t":"08:21:17","h":"Est","s":"25S-H54S000I-82-I"},{"r":"187","t":"08:21:17","h":"Est","s":"25S-H54S100F-80-F1"},{"r":"187","t":"08:21:17","h":"Est","s":"25S-H54S200F-80-F2"},{"r":"187","t":"08:26:02","h":"Est","s":"25N-H54N000S-80-S"},{"r":"187","t":"08:26:02","h":"Est","s":"25N-H54NV10S-82-S"},{"r":"187","t":"08:26:02","h":"Est","s":"25N-H54NV20S-80-S"},{"r":"187","t":"08:26:02","h":"Est","s":"25S-H54S000S-82-S"},{"r":"187","t":"08:51:17","h":"Est","s":"25N-H54N000A-80-A"},{"r":"187","t":"08:51:17","h":"Est","s":"25N-H54NV10A-80-A"},{"r":"187","t":"08:51:17","h":"Est","s":"25N-H54NV20A-80-A"},{"r":"187","t":"08:51:17","h":"Est","s":"25S-H54S000A-83-A"},{"r":"187","t":"08:55:09","h":"Est","s":"25N-H54N000S-80-S"},{"r":"187","t":"08:55:09","h":"Est","s":"25N-H54NV10S-82-S"},{"r":"187","t":"08:55:09","h":"Est","s":"25N-H54NV20S-80-S"},{"r":"187","t":"08:55:09","h":"Est","s":"25S-H54S000S-82-S"},{"r":"187","t":"08:55:17","h":"Est","s":"25N-H54N000I-80-I"},{"r":"187","t":"08:55:17","h":"Est","s":"25N-H54N100F-80-F1"},{"r":"187","t":"08:55:17","h":"Est","s":"25N-H54N200F-80-F2"},{"r":"187","t":"08:55:17","h":"Est","s":"25N-H54N300F-80-F3"},{"r":"187","t":"08:55:17","h":"Est","s":"25N-H54N400F-80-F4"},{"r":"187","t":"08:55:17","h":"Est","s":"25N-H54NV10I-80-I"},{"r":"187","t":"08:55:17","h":"Est","s":"25N-H54NV20I-80-I"},{"r":"187","t":"08:55:17","h":"Est","s":"25S-H54S000I-82-I"},{"r":"187","t":"08:55:17","h":"Est","s":"25S-H54S100F-80-F1"},{"r":"187","t":"08:55:17","h":"Est","s":"25S-H54S200F-80-F2"},{"r":"187","t":"09:21:09","h":"Est","s":"25N-H54N000S-80-S"},{"r":"187","t":"09:21:09","h":"Est","s":"25N-H54NV10S-82-S"},{"r":"187","t":"09:21:09","h":"Est","s":"25N-H54NV20S-80-S"},{"r":"187","t":"09:21:09","h":"Est","s":"25S-H54S000S-82-S"},{"r":"187","t":"09:22:17","h":"Est","s":"25N-H54N000A-80-A"},{"r":"187","t":"09:22:17","h":"Est","s":"25N-H54NV10A-80-A"},{"r":"187","t":"09:22:17","h":"Est","s":"25N-H54NV20A-80-A"},{"r":"187","t":"09:22:17","h":"Est","s":"25S-H54S000A-83-A"},{"r":"187","t":"09:26:17","h":"Est","s":"25N-H54N000I-80-I"},{"r":"187","t":"09:26:17","h":"Est","s":"25N-H54N100F-80-F1"},{"r":"187","t":"09:26:17","h":"Est","s":"25N-H54N200F-80-F2"},{"r":"187","t":"09:26:17","h":"Est","s":"25N-H54N300F-80-F3"},{"r":"187","t":"09:26:17","h":"Est","s":"25N-H54N400F-80-F4"},{"r":"187","t":"09:26:17","h":"Est","s":"25N-H54NV10I-80-I"},{"r":"187","t":"09:26:17","h":"Est","s":"25N-H54NV20I-80-I"},{"r":"187","t":"09:26:17","h":"Est","s":"25S-H54S000I-82-I"},{"r":"187","t":"09:26:17","h":"Est","s":"25S-H54S100F-80-F1"},{"r":"187","t":"09:26:17","h":"Est","s":"25S-H54S200F-80-F2"},{"r":"187","t":"09:51:09","h":"Est","s":"25N-H54N000S-80-S"},{"r":"187","t":"09:51:09","h":"Est","s":"25N-H54NV10S-82-S"},{"r":"187","t":"09:51:09","h":"Est","s":"25N-H54NV20S-80-S"},{"r":"187","t":"09:51:09","h":"Est","s":"25S-H54S000S-82-S"},{"r":"187","t":"09:57:17","h":"Est","s":"25N-H54N000I-80-I"},{"r":"187","t":"09:57:17","h":"Est","s":"25N-H54N100F-80-F1"},{"r":"187","t":"09:57:17","h":"Est","s":"25N-H54N200F-80-F2"},{"r":"187","t":"09:57:17","h":"Est","s":"25N-H54N300F-80-F3"},{"r":"187","t":"09:57:17","h":"Est","s":"25N-H54N400F-80-F4"},{"r":"187","t":"09:57:17","h":"Est","s":"25N-H54NV10I-80-I"},{"r":"187","t":"09:57:17","h":"Est","s":"25N-H54NV20I-80-I"},{"r":"187","t":"09:57:17","h":"Est","s":"25S-H54S000I-82-I"},{"r":"187","t":"09:57:17","h":"Est","s":"25S-H54S100F-80-F1"},{"r":"187","t":"09:57:17","h":"Est","s":"25S-H54S200F-80-F2"},{"r":"187","t":"09:58:17","h":"Est","s":"25N-H54N000A-80-A"},{"r":"187","t":"09:58:17","h":"Est","s":"25N-H54NV10A-80-A"},{"r":"187","t":"09:58:17","h":"Est","s":"25N-H54NV20A-80-A"},{"r":"187","t":"09:58:17","h":"Est","s":"25S-H54S000A-83-A"},{"r":"187","t":"10:20:09","h":"Est","s":"25N-H54N000S-80-S"},{"r":"187","t":"10:20:09","h":"Est","s":"25N-H54NV10S-82-S"},{"r":"187","t":"10:20:09","h":"Est","s":"25N-H54NV20S-80-S"},{"r":"187","t":"10:20:09","h":"Est","s":"25S-H54S000S-82-S"},{"r":"187","t":"10:28:17","h":"Est","s":"25N-H54N000I-80-I"},{"r":"187","t":"10:28:17","h":"Est","s":"25N-H54N100F-80-F1"},{"r":"187","t":"10:28:17","h":"Est","s":"25N-H54N200F-80-F2"},{"r":"187","t":"10:28:17","h":"Est","s":"25N-H54N300F-80-F3"},{"r":"187","t":"10:28:17","h":"Est","s":"25N-H54N400F-80-F4"},{"r":"187","t":"10:28:17","h":"Est","s":"25N-H54NV10I-80-I"},{"r":"187","t":"10:28:17","h":"Est","s":"25N-H54NV20I-80-I"},{"r":"187","t":"10:28:17","h":"Est","s":"25S-H54S000I-82-I"},{"r":"187","t":"10:28:17","h":"Est","s":"25S-H54S100F-80-F1"},{"r":"187","t":"10:28:17","h":"Est","s":"25S-H54S200F-80-F2"},{"r":"187","t":"10:29:17","h":"Est","s":"25N-H54N000A-80-A"},{"r":"187","t":"10:29:17","h":"Est","s":"25N-H54NV10A-80-A"},{"r":"187","t":"10:29:17","h":"Est","s":"25N-H54NV20A-80-A"},{"r":"187","t":"10:29:17","h":"Est","s":"25S-H54S000A-83-A"},{"r":"187","t":"10:50:02","h":"Est","s":"25N-H54N000S-80-S"},{"r":"187","t":"10:50:02","h":"Est","s":"25N-H54NV10S-82-S"},{"r":"187","t":"10:50:02","h":"Est","s":"25N-H54NV20S-80-S"},{"r":"187","t":"10:50:02","h":"Est","s":"25S-H54S000S-82-S"},{"r":"187","t":"10:59:17","h":"Est","s":"25N-H54N000A-80-A"},{"r":"187","t":"10:59:17","h":"Est","s":"25N-H54N000I-80-I"},{"r":"187","t":"10:59:17","h":"Est","s":"25N-H54N100F-80-F1"},{"r":"187","t":"10:59:17","h":"Est","s":"25N-H54N200F-80-F2"},{"r":"187","t":"10:59:17","h":"Est","s":"25N-H54N300F-80-F3"},{"r":"187","t":"10:59:17","h":"Est","s":"25N-H54N400F-80-F4"},{"r":"187","t":"10:59:17","h":"Est","s":"25N-H54NV10A-80-A"},{"r":"187","t":"10:59:17","h":"Est","s":"25N-H54NV10I-80-I"},{"r":"187","t":"10:59:17","h":"Est","s":"25N-H54NV20A-80-A"},{"r":"187","t":"10:59:17","h":"Est","s":"25N-H54NV20I-80-I"},{"r":"187","t":"10:59:17","h":"Est","s":"25S-H54S000A-83-A"},{"r":"187","t":"10:59:17","h":"Est","s":"25S-H54S000I-82-I"},{"r":"187","t":"10:59:17","h":"Est","s":"25S-H54S100F-80-F1"},{"r":"187","t":"10:59:17","h":"Est","s":"25S-H54S200F-80-F2"},{"r":"187","t":"11:19:02","h":"Est","s":"25N-H54N000S-80-S"},{"r":"187","t":"11:19:02","h":"Est","s":"25N-H54NV10S-82-S"},{"r":"187","t":"11:19:02","h":"Est","s":"25N-H54NV20S-80-S"},{"r":"187","t":"11:19:02","h":"Est","s":"25S-H54S000S-82-S"},{"r":"187","t":"11:28:17","h":"Est","s":"25N-H54N000A-80-A"},{"r":"187","t":"11:28:17","h":"Est","s":"25N-H54NV10A-80-A"},{"r":"187","t":"11:28:17","h":"Est","s":"25N-H54NV20A-80-A"},{"r":"187","t":"11:28:17","h":"Est","s":"25S-H54S000A-83-A"},{"r":"187","t":"11:30:17","h":"Est","s":"25N-H54N000I-80-I"},{"r":"187","t":"11:30:17","h":"Est","s":"25N-H54N100F-80-F1"},{"r":"187","t":"11:30:17","h":"Est","s":"25N-H54N200F-80-F2"},{"r":"187","t":"11:30:17","h":"Est","s":"25N-H54N300F-80-F3"},{"r":"187","t":"11:30:17","h":"Est","s":"25N-H54N400F-80-F4"},{"r":"187","t":"11:30:17","h":"Est","s":"25N-H54NV10I-80-I"},{"r":"187","t":"11:30:17","h":"Est","s":"25N-H54NV20I-80-I"},{"r":"187","t":"11:30:17","h":"Est","s":"25S-H54S000I-82-I"},{"r":"187","t":"11:30:17","h":"Est","s":"25S-H54S100F-80-F1"},{"r":"187","t":"11:30:17","h":"Est","s":"25S-H54S200F-80-F2"},{"r":"187","t":"11:48:02","h":"Est","s":"25N-H54N000S-80-S"},{"r":"187","t":"11:48:02","h":"Est","s":"25N-H54NV10S-82-S"},{"r":"187","t":"11:48:02","h":"Est","s":"25N-H54NV20S-80-S"},{"r":"187","t":"11:48:02","h":"Est","s":"25S-H54S000S-82-S"},{"r":"187","t":"11:56:17","h":"Est","s":"25N-H54N000A-80-A"},{"r":"187","t":"11:56:17","h":"Est","s":"25N-H54NV10A-80-A"},{"r":"187","t":"11:56:17","h":"Est","s":"25N-H54NV20A-80-A"},{"r":"187","t":"11:56:17","h":"Est","s":"25S-H54S000A-83-A"},{"r":"187","t":"12:00:17","h":"Est","s":"25N-H54N000I-80-I"},{"r":"187","t":"12:00:17","h":"Est","s":"25N-H54N100F-80-F1"},{"r":"187","t":"12:00:17","h":"Est","s":"25N-H54N200F-80-F2"},{"r":"187","t":"12:00:17","h":"Est","s":"25N-H54N300F-80-F3"},{"r":"187","t":"12:00:17","h":"Est","s":"25N-H54N400F-80-F4"},{"r":"187","t":"12:00:17","h":"Est","s":"25N-H54NV10I-80-I"},{"r":"187","t":"12:00:17","h":"Est","s":"25N-H54NV20I-80-I"},{"r":"187","t":"12:00:17","h":"Est","s":"25S-H54S000I-82-I"},{"r":"187","t":"12:00:17","h":"Est","s":"25S-H54S100F-80-F1"},{"r":"187","t":"12:00:17","h":"Est","s":"25S-H54S200F-80-F2"},{"r":"187","t":"12:17:02","h":"Est","s":"25N-H54N000S-80-S"},{"r":"187","t":"12:17:02","h":"Est","s":"25N-H54NV10S-82-S"},{"r":"187","t":"12:17:02","h":"Est","s":"25N-H54NV20S-80-S"},{"r":"187","t":"12:17:02","h":"Est","s":"25S-H54S000S-82-S"},{"r":"187","t":"12:24:17","h":"Est","s":"25N-H54N000A-80-A"},{"r":"187","t":"12:24:17","h":"Est","s":"25N-H54NV10A-80-A"},{"r":"187","t":"12:24:17","h":"Est","s":"25N-H54NV20A-80-A"},{"r":"187","t":"12:24:17","h":"Est","s":"25S-H54S000A-83-A"},{"r":"187","t":"12:30:17","h":"Est","s":"25N-H54N000I-80-I"},{"r":"187","t":"12:30:17","h":"Est","s":"25N-H54N100F-80-F1"},{"r":"187","t":"12:30:17","h":"Est","s":"25N-H54N200F-80-F2"},{"r":"187","t":"12:30:17","h":"Est","s":"25N-H54N300F-80-F3"},{"r":"187","t":"12:30:17","h":"Est","s":"25N-H54N400F-80-F4"},{"r":"187","t":"12:30:17","h":"Est","s":"25N-H54NV10I-80-I"},{"r":"187","t":"12:30:17","h":"Est","s":"25N-H54NV20I-80-I"},{"r":"187","t":"12:30:17","h":"Est","s":"25S-H54S000I-82-I"},{"r":"187","t":"12:30:17","h":"Est","s":"25S-H54S100F-80-F1"},{"r":"187","t":"12:30:17","h":"Est","s":"25S-H54S200F-80-F2"},{"r":"187","t":"12:47:02","h":"Est","s":"25N-H54N000S-80-S"},{"r":"187","t":"12:47:02","h":"Est","s":"25N-H54NV10S-82-S"},{"r":"187","t":"12:47:02","h":"Est","s":"25N-H54NV20S-80-S"},{"r":"187","t":"12:47:02","h":"Est","s":"25S-H54S000S-82-S"},{"r":"187","t":"12:53:17","h":"Est","s":"25N-H54N000A-80-A"},{"r":"187","t":"12:53:17","h":"Est","s":"25N-H54NV10A-80-A"},{"r":"187","t":"12:53:17","h":"Est","s":"25N-H54NV20A-80-A"},{"r":"187","t":"12:53:17","h":"Est","s":"25S-H54S000A-83-A"},{"r":"187","t":"13:00:17","h":"Est","s":"25N-H54N000I-80-I"},{"r":"187","t":"13:00:17","h":"Est","s":"25N-H54N100F-80-F1"},{"r":"187","t":"13:00:17","h":"Est","s":"25N-H54N200F-80-F2"},{"r":"187","t":"13:00:17","h":"Est","s":"25N-H54N300F-80-F3"},{"r":"187","t":"13:00:17","h":"Est","s":"25N-H54N400F-80-F4"},{"r":"187","t":"13:00:17","h":"Est","s":"25N-H54NV10I-80-I"},{"r":"187","t":"13:00:17","h":"Est","s":"25N-H54NV20I-80-I"},{"r":"187","t":"13:00:17","h":"Est","s":"25S-H54S000I-82-I"},{"r":"187","t":"13:00:17","h":"Est","s":"25S-H54S100F-80-F1"},{"r":"187","t":"13:00:17","h":"Est","s":"25S-H54S200F-80-F2"},{"r":"187","t":"13:13:02","h":"Est","s":"25N-H54N000S-80-S"},{"r":"187","t":"13:13:02","h":"Est","s":"25N-H54NV10S-82-S"},{"r":"187","t":"13:13:02","h":"Est","s":"25N-H54NV20S-80-S"},{"r":"187","t":"13:13:02","h":"Est","s":"25S-H54S000S-82-S"},{"r":"187","t":"13:22:17","h":"Est","s":"25N-H54N000A-80-A"},{"r":"187","t":"13:22:17","h":"Est","s":"25N-H54NV10A-80-A"},{"r":"187","t":"13:22:17","h":"Est","s":"25N-H54NV20A-80-A"},{"r":"187","t":"13:22:17","h":"Est","s":"25S-H54S000A-83-A"},{"r":"187","t":"13:29:17","h":"Est","s":"25N-H54N000I-80-I"},{"r":"187","t":"13:29:17","h":"Est","s":"25N-H54N100F-80-F1"},{"r":"187","t":"13:29:17","h":"Est","s":"25N-H54N200F-80-F2"},{"r":"187","t":"13:29:17","h":"Est","s":"25N-H54N300F-80-F3"},{"r":"187","t":"13:29:17","h":"Est","s":"25N-H54N400F-80-F4"},{"r":"187","t":"13:29:17","h":"Est","s":"25N-H54NV10I-80-I"},{"r":"187","t":"13:29:17","h":"Est","s":"25N-H54NV20I-80-I"},{"r":"187","t":"13:29:17","h":"Est","s":"25S-H54S000I-82-I"},{"r":"187","t":"13:29:17","h":"Est","s":"25S-H54S100F-80-F1"},{"r":"187","t":"13:29:17","h":"Est","s":"25S-H54S200F-80-F2"},{"r":"187","t":"13:39:02","h":"Est","s":"25N-H54N000S-80-S"},{"r":"187","t":"13:39:02","h":"Est","s":"25N-H54NV10S-82-S"},{"r":"187","t":"13:39:02","h":"Est","s":"25N-H54NV20S-80-S"},{"r":"187","t":"13:39:02","h":"Est","s":"25S-H54S000S-82-S"},{"r":"187","t":"13:50:17","h":"Est","s":"25N-H54N000A-80-A"},{"r":"187","t":"13:50:17","h":"Est","s":"25N-H54NV10A-80-A"},{"r":"187","t":"13:50:17","h":"Est","s":"25N-H54NV20A-80-A"},{"r":"187","t":"13:50:17","h":"Est","s":"25S-H54S000A-83-A"},{"r":"187","t":"13:58:02","h":"Est","s":"25N-H54N000S-80-S"},{"r":"187","t":"13:58:02","h":"Est","s":"25N-H54NV10S-82-S"},{"r":"187","t":"13:58:02","h":"Est","s":"25N-H54NV20S-80-S"},{"r":"187","t":"13:58:02","h":"Est","s":"25S-H54S000S-82-S"},{"r":"187","t":"13:58:17","h":"Est","s":"25N-H54N000I-80-I"},{"r":"187","t":"13:58:17","h":"Est","s":"25N-H54N100F-80-F1"},{"r":"187","t":"13:58:17","h":"Est","s":"25N-H54N200F-80-F2"},{"r":"187","t":"13:58:17","h":"Est","s":"25N-H54N300F-80-F3"},{"r":"187","t":"13:58:17","h":"Est","s":"25N-H54N400F-80-F4"},{"r":"187","t":"13:58:17","h":"Est","s":"25N-H54NV10I-80-I"},{"r":"187","t":"13:58:17","h":"Est","s":"25N-H54NV20I-80-I"},{"r":"187","t":"13:58:17","h":"Est","s":"25S-H54S000I-82-I"},{"r":"187","t":"13:58:17","h":"Est","s":"25S-H54S100F-80-F1"},{"r":"187","t":"13:58:17","h":"Est","s":"25S-H54S200F-80-F2"},{"r":"187","t":"14:17:02","h":"Est","s":"25N-H54N000S-80-S"},{"r":"187","t":"14:17:02","h":"Est","s":"25N-H54NV10S-82-S"},{"r":"187","t":"14:17:02","h":"Est","s":"25N-H54NV20S-80-S"},{"r":"187","t":"14:17:02","h":"Est","s":"25S-H54S000S-82-S"},{"r":"187","t":"14:18:17","h":"Est","s":"25N-H54N000A-80-A"},{"r":"187","t":"14:18:17","h":"Est","s":"25N-H54NV10A-80-A"},{"r":"187","t":"14:18:17","h":"Est","s":"25N-H54NV20A-80-A"},{"r":"187","t":"14:18:17","h":"Est","s":"25S-H54S000A-83-A"},{"r":"187","t":"14:26:09","h":"Est","s":"25N-H54N000I-80-I"},{"r":"187","t":"14:26:09","h":"Est","s":"25N-H54N100F-80-F1"},{"r":"187","t":"14:26:09","h":"Est","s":"25N-H54N200F-80-F2"},{"r":"187","t":"14:26:09","h":"Est","s":"25N-H54N300F-80-F3"},{"r":"187","t":"14:26:09","h":"Est","s":"25N-H54N400F-80-F4"},{"r":"187","t":"14:26:09","h":"Est","s":"25N-H54NV10I-80-I"},{"r":"187","t":"14:26:09","h":"Est","s":"25N-H54NV20I-80-I"},{"r":"187","t":"14:26:09","h":"Est","s":"25S-H54S000I-82-I"},{"r":"187","t":"14:26:09","h":"Est","s":"25S-H54S100F-80-F1"},{"r":"187","t":"14:26:09","h":"Est","s":"25S-H54S200F-80-F2"},{"r":"187","t":"14:34:02","h":"Est","s":"25N-H54N000S-80-S"},{"r":"187","t":"14:34:02","h":"Est","s":"25N-H54NV10S-82-S"},{"r":"187","t":"14:34:02","h":"Est","s":"25N-H54NV20S-80-S"},{"r":"187","t":"14:34:02","h":"Est","s":"25S-H54S000S-82-S"},{"r":"187","t":"14:46:17","h":"Est","s":"25N-H54N000A-80-A"},{"r":"187","t":"14:46:17","h":"Est","s":"25N-H54NV10A-80-A"},{"r":"187","t":"14:46:17","h":"Est","s":"25N-H54NV20A-80-A"},{"r":"187","t":"14:46:17","h":"Est","s":"25S-H54S000A-83-A"},{"r":"187","t":"14:51:02","h":"Est","s":"25N-H54N000S-80-S"},{"r":"187","t":"14:51:02","h":"Est","s":"25N-H54NV10S-82-S"},{"r":"187","t":"14:51:02","h":"Est","s":"25N-H54NV20S-80-S"},{"r":"187","t":"14:51:02","h":"Est","s":"25S-H54S000S-82-S"},{"r":"187","t":"14:53:09","h":"Est","s":"25N-H54N000I-80-I"},{"r":"187","t":"14:53:09","h":"Est","s":"25N-H54N100F-80-F1"},{"r":"187","t":"14:53:09","h":"Est","s":"25N-H54N200F-80-F2"},{"r":"187","t":"14:53:09","h":"Est","s":"25N-H54N300F-80-F3"},{"r":"187","t":"14:53:09","h":"Est","s":"25N-H54N400F-80-F4"},{"r":"187","t":"14:53:09","h":"Est","s":"25N-H54NV10I-80-I"},{"r":"187","t":"14:53:09","h":"Est","s":"25N-H54NV20I-80-I"},{"r":"187","t":"14:53:09","h":"Est","s":"25S-H54S000I-82-I"},{"r":"187","t":"14:53:09","h":"Est","s":"25S-H54S100F-80-F1"},{"r":"187","t":"14:53:09","h":"Est","s":"25S-H54S200F-80-F2"},{"r":"187","t":"15:07:02","h":"Est","s":"25N-H54N000S-80-S"},{"r":"187","t":"15:07:02","h":"Est","s":"25N-H54NV10S-82-S"},{"r":"187","t":"15:07:02","h":"Est","s":"25N-H54NV20S-80-S"},{"r":"187","t":"15:07:02","h":"Est","s":"25S-H54S000S-82-S"},{"r":"187","t":"15:14:17","h":"Est","s":"25N-H54N000A-80-A"},{"r":"187","t":"15:14:17","h":"Est","s":"25N-H54NV10A-80-A"},{"r":"187","t":"15:14:17","h":"Est","s":"25N-H54NV20A-80-A"},{"r":"187","t":"15:14:17","h":"Est","s":"25S-H54S000A-83-A"},{"r":"187","t":"15:19:09","h":"Est","s":"25N-H54N000I-80-I"},{"r":"187","t":"15:19:09","h":"Est","s":"25N-H54N100F-80-F1"},{"r":"187","t":"15:19:09","h":"Est","s":"25N-H54N200F-80-F2"},{"r":"187","t":"15:19:09","h":"Est","s":"25N-H54N300F-80-F3"},{"r":"187","t":"15:19:09","h":"Est","s":"25N-H54N400F-80-F4"},{"r":"187","t":"15:19:09","h":"Est","s":"25N-H54NV10I-80-I"},{"r":"187","t":"15:19:09","h":"Est","s":"25N-H54NV20I-80-I"},{"r":"187","t":"15:19:09","h":"Est","s":"25S-H54S000I-82-I"},{"r":"187","t":"15:19:09","h":"Est","s":"25S-H54S100F-80-F1"},{"r":"187","t":"15:19:09","h":"Est","s":"25S-H54S200F-80-F2"},{"r":"187","t":"15:22:02","h":"Est","s":"25N-H54N000S-80-S"},{"r":"187","t":"15:22:02","h":"Est","s":"25N-H54NV10S-82-S"},{"r":"187","t":"15:22:02","h":"Est","s":"25N-H54NV20S-80-S"},{"r":"187","t":"15:22:02","h":"Est","s":"25S-H54S000S-82-S"},{"r":"187","t":"15:37:02","h":"Est","s":"25N-H54N000S-80-S"},{"r":"187","t":"15:37:02","h":"Est","s":"25N-H54NV10S-82-S"},{"r":"187","t":"15:37:02","h":"Est","s":"25N-H54NV20S-80-S"},{"r":"187","t":"15:37:02","h":"Est","s":"25S-H54S000S-82-S"},{"r":"187","t":"15:40:17","h":"Est","s":"25N-H54N000A-80-A"},{"r":"187","t":"15:40:17","h":"Est","s":"25N-H54NV10A-80-A"},{"r":"187","t":"15:40:17","h":"Est","s":"25N-H54NV20A-80-A"},{"r":"187","t":"15:40:17","h":"Est","s":"25S-H54S000A-83-A"},{"r":"187","t":"15:41:09","h":"Est","s":"25N-H54N000I-80-I"},{"r":"187","t":"15:41:09","h":"Est","s":"25N-H54N100F-80-F1"},{"r":"187","t":"15:41:09","h":"Est","s":"25N-H54N200F-80-F2"},{"r":"187","t":"15:41:09","h":"Est","s":"25N-H54N300F-80-F3"},{"r":"187","t":"15:41:09","h":"Est","s":"25N-H54N400F-80-F4"},{"r":"187","t":"15:41:09","h":"Est","s":"25N-H54NV10I-80-I"},{"r":"187","t":"15:41:09","h":"Est","s":"25N-H54NV20I-80-I"},{"r":"187","t":"15:41:09","h":"Est","s":"25S-H54S000I-82-I"},{"r":"187","t":"15:41:09","h":"Est","s":"25S-H54S100F-80-F1"},{"r":"187","t":"15:41:09","h":"Est","s":"25S-H54S200F-80-F2"},{"r":"187","t":"15:49:02","h":"Est","s":"25N-H54N000S-80-S"},{"r":"187","t":"15:49:02","h":"Est","s":"25N-H54NV10S-82-S"},{"r":"187","t":"15:49:02","h":"Est","s":"25N-H54NV20S-80-S"},{"r":"187","t":"15:49:02","h":"Est","s":"25S-H54S000S-82-S"},{"r":"187","t":"16:01:02","h":"Est","s":"25N-H54N000S-80-S"},{"r":"187","t":"16:01:02","h":"Est","s":"25N-H54NV10S-82-S"},{"r":"187","t":"16:01:02","h":"Est","s":"25N-H54NV20S-80-S"},{"r":"187","t":"16:01:02","h":"Est","s":"25S-H54S000S-82-S"},{"r":"187","t":"16:03:09","h":"Est","s":"25N-H54N000I-80-I"},{"r":"187","t":"16:03:09","h":"Est","s":"25N-H54N100F-80-F1"},{"r":"187","t":"16:03:09","h":"Est","s":"25N-H54N200F-80-F2"},{"r":"187","t":"16:03:09","h":"Est","s":"25N-H54N300F-80-F3"},{"r":"187","t":"16:03:09","h":"Est","s":"25N-H54N400F-80-F4"},{"r":"187","t":"16:03:09","h":"Est","s":"25N-H54NV10I-80-I"},{"r":"187","t":"16:03:09","h":"Est","s":"25N-H54NV20I-80-I"},{"r":"187","t":"16:03:09","h":"Est","s":"25S-H54S000I-82-I"},{"r":"187","t":"16:03:09","h":"Est","s":"25S-H54S100F-80-F1"},{"r":"187","t":"16:03:09","h":"Est","s":"25S-H54S200F-80-F2"},{"r":"187","t":"16:06:17","h":"Est","s":"25N-H54N000A-80-A"},{"r":"187","t":"16:06:17","h":"Est","s":"25N-H54NV10A-80-A"},{"r":"187","t":"16:06:17","h":"Est","s":"25N-H54NV20A-80-A"},{"r":"187","t":"16:06:17","h":"Est","s":"25S-H54S000A-83-A"},{"r":"187","t":"16:13:02","h":"Est","s":"25N-H54N000S-80-S"},{"r":"187","t":"16:13:02","h":"Est","s":"25N-H54NV10S-82-S"},{"r":"187","t":"16:13:02","h":"Est","s":"25N-H54NV20S-80-S"},{"r":"187","t":"16:13:02","h":"Est","s":"25S-H54S000S-82-S"},{"r":"187","t":"16:19:02","h":"Est","s":"25N-H54N000S-80-S"},{"r":"187","t":"16:19:02","h":"Est","s":"25N-H54NV10S-82-S"},{"r":"187","t":"16:19:02","h":"Est","s":"25N-H54NV20S-80-S"},{"r":"187","t":"16:19:02","h":"Est","s":"25S-H54S000S-82-S"},{"r":"187","t":"16:23:17","h":"Est","s":"25N-H54N000A-80-A"},{"r":"187","t":"16:23:17","h":"Est","s":"25N-H54NV10A-80-A"},{"r":"187","t":"16:23:17","h":"Est","s":"25N-H54NV20A-80-A"},{"r":"187","t":"16:23:17","h":"Est","s":"25S-H54S000A-83-A"},{"r":"187","t":"16:25:02","h":"Est","s":"25N-H54N000S-80-S"},{"r":"187","t":"16:25:02","h":"Est","s":"25N-H54NV10S-82-S"},{"r":"187","t":"16:25:02","h":"Est","s":"25N-H54NV20S-80-S"},{"r":"187","t":"16:25:02","h":"Est","s":"25S-H54S000S-82-S"},{"r":"187","t":"16:25:09","h":"Est","s":"25N-H54N000I-80-I"},{"r":"187","t":"16:25:09","h":"Est","s":"25N-H54N100F-80-F1"},{"r":"187","t":"16:25:09","h":"Est","s":"25N-H54N200F-80-F2"},{"r":"187","t":"16:25:09","h":"Est","s":"25N-H54N300F-80-F3"},{"r":"187","t":"16:25:09","h":"Est","s":"25N-H54N400F-80-F4"},{"r":"187","t":"16:25:09","h":"Est","s":"25N-H54NV10I-80-I"},{"r":"187","t":"16:25:09","h":"Est","s":"25N-H54NV20I-80-I"},{"r":"187","t":"16:25:09","h":"Est","s":"25S-H54S000I-82-I"},{"r":"187","t":"16:25:09","h":"Est","s":"25S-H54S100F-80-F1"},{"r":"187","t":"16:25:09","h":"Est","s":"25S-H54S200F-80-F2"},{"r":"187","t":"16:30:02","h":"Est","s":"25N-H54N000S-80-S"},{"r":"187","t":"16:30:02","h":"Est","s":"25N-H54NV10S-82-S"},{"r":"187","t":"16:30:02","h":"Est","s":"25N-H54NV20S-80-S"},{"r":"187","t":"16:30:02","h":"Est","s":"25S-H54S000S-82-S"},{"r":"187","t":"16:35:02","h":"Est","s":"25N-H54N000S-80-S"},{"r":"187","t":"16:35:02","h":"Est","s":"25N-H54NV10S-82-S"},{"r":"187","t":"16:35:02","h":"Est","s":"25N-H54NV20S-80-S"},{"r":"187","t":"16:35:02","h":"Est","s":"25S-H54S000S-82-S"},{"r":"187","t":"16:39:17","h":"Est","s":"25N-H54N000A-80-A"},{"r":"187","t":"16:39:17","h":"Est","s":"25N-H54NV10A-80-A"},{"r":"187","t":"16:39:17","h":"Est","s":"25N-H54NV20A-80-A"},{"r":"187","t":"16:39:17","h":"Est","s":"25S-H54S000A-83-A"},{"r":"187","t":"16:45:02","h":"Est","s":"25N-H54N000S-80-S"},{"r":"187","t":"16:45:02","h":"Est","s":"25N-H54NV10S-82-S"},{"r":"187","t":"16:45:02","h":"Est","s":"25N-H54NV20S-80-S"},{"r":"187","t":"16:45:02","h":"Est","s":"25S-H54S000S-82-S"},{"r":"187","t":"16:47:09","h":"Est","s":"25N-H54N000I-80-I"},{"r":"187","t":"16:47:09","h":"Est","s":"25N-H54N100F-80-F1"},{"r":"187","t":"16:47:09","h":"Est","s":"25N-H54N200F-80-F2"},{"r":"187","t":"16:47:09","h":"Est","s":"25N-H54N300F-80-F3"},{"r":"187","t":"16:47:09","h":"Est","s":"25N-H54N400F-80-F4"},{"r":"187","t":"16:47:09","h":"Est","s":"25N-H54NV10I-80-I"},{"r":"187","t":"16:47:09","h":"Est","s":"25N-H54NV20I-80-I"},{"r":"187","t":"16:47:09","h":"Est","s":"25S-H54S000I-82-I"},{"r":"187","t":"16:47:09","h":"Est","s":"25S-H54S100F-80-F1"},{"r":"187","t":"16:47:09","h":"Est","s":"25S-H54S200F-80-F2"},{"r":"187","t":"16:50:02","h":"Est","s":"25N-H54N000S-80-S"},{"r":"187","t":"16:50:02","h":"Est","s":"25N-H54NV10S-82-S"},{"r":"187","t":"16:50:02","h":"Est","s":"25N-H54NV20S-80-S"},{"r":"187","t":"16:50:02","h":"Est","s":"25S-H54S000S-82-S"},{"r":"187","t":"16:55:02","h":"Est","s":"25N-H54N000S-80-S"},{"r":"187","t":"16:55:02","h":"Est","s":"25N-H54NV10S-82-S"},{"r":"187","t":"16:55:02","h":"Est","s":"25N-H54NV20S-80-S"},{"r":"187","t":"16:55:02","h":"Est","s":"25S-H54S000S-82-S"},{"r":"187","t":"16:55:17","h":"Est","s":"25N-H54N000A-80-A"},{"r":"187","t":"16:55:17","h":"Est","s":"25N-H54NV10A-80-A"},{"r":"187","t":"16:55:17","h":"Est","s":"25N-H54NV20A-80-A"},{"r":"187","t":"16:55:17","h":"Est","s":"25S-H54S000A-83-A"},{"r":"187","t":"17:00:02","h":"Est","s":"25N-H54N000S-80-S"},{"r":"187","t":"17:00:02","h":"Est","s":"25N-H54NV10S-82-S"},{"r":"187","t":"17:00:02","h":"Est","s":"25N-H54NV20S-80-S"},{"r":"187","t":"17:00:02","h":"Est","s":"25S-H54S000S-82-S"},{"r":"187","t":"17:09:09","h":"Est","s":"25N-H54N000I-80-I"},{"r":"187","t":"17:09:09","h":"Est","s":"25N-H54N100F-80-F1"},{"r":"187","t":"17:09:09","h":"Est","s":"25N-H54N200F-80-F2"},{"r":"187","t":"17:09:09","h":"Est","s":"25N-H54N300F-80-F3"},{"r":"187","t":"17:09:09","h":"Est","s":"25N-H54N400F-80-F4"},{"r":"187","t":"17:09:09","h":"Est","s":"25N-H54NV10I-80-I"},{"r":"187","t":"17:09:09","h":"Est","s":"25N-H54NV20I-80-I"},{"r":"187","t":"17:09:09","h":"Est","s":"25S-H54S000I-82-I"},{"r":"187","t":"17:09:09","h":"Est","s":"25S-H54S100F-80-F1"},{"r":"187","t":"17:09:09","h":"Est","s":"25S-H54S200F-80-F2"},{"r":"187","t":"17:11:17","h":"Est","s":"25N-H54N000A-80-A"},{"r":"187","t":"17:11:17","h":"Est","s":"25N-H54NV10A-80-A"},{"r":"187","t":"17:11:17","h":"Est","s":"25N-H54NV20A-80-A"},{"r":"187","t":"17:11:17","h":"Est","s":"25S-H54S000A-83-A"},{"r":"187","t":"17:15:02","h":"Est","s":"25N-H54N000S-80-S"},{"r":"187","t":"17:15:02","h":"Est","s":"25N-H54NV10S-82-S"},{"r":"187","t":"17:15:02","h":"Est","s":"25N-H54NV20S-80-S"},{"r":"187","t":"17:15:02","h":"Est","s":"25S-H54S000S-82-S"},{"r":"187","t":"17:22:02","h":"Est","s":"25N-H54N000S-80-S"},{"r":"187","t":"17:22:02","h":"Est","s":"25N-H54NV10S-82-S"},{"r":"187","t":"17:22:02","h":"Est","s":"25N-H54NV20S-80-S"},{"r":"187","t":"17:22:02","h":"Est","s":"25S-H54S000S-82-S"},{"r":"187","t":"17:26:17","h":"Est","s":"25N-H54N000A-80-A"},{"r":"187","t":"17:26:17","h":"Est","s":"25N-H54NV10A-80-A"},{"r":"187","t":"17:26:17","h":"Est","s":"25N-H54NV20A-80-A"},{"r":"187","t":"17:26:17","h":"Est","s":"25S-H54S000A-83-A"},{"r":"187","t":"17:30:02","h":"Est","s":"25N-H54N000S-80-S"},{"r":"187","t":"17:30:02","h":"Est","s":"25N-H54NV10S-82-S"},{"r":"187","t":"17:30:02","h":"Est","s":"25N-H54NV20S-80-S"},{"r":"187","t":"17:30:02","h":"Est","s":"25S-H54S000S-82-S"},{"r":"187","t":"17:33:09","h":"Est","s":"25N-H54N000I-80-I"},{"r":"187","t":"17:33:09","h":"Est","s":"25N-H54N100F-80-F1"},{"r":"187","t":"17:33:09","h":"Est","s":"25N-H54N200F-80-F2"},{"r":"187","t":"17:33:09","h":"Est","s":"25N-H54N300F-80-F3"},{"r":"187","t":"17:33:09","h":"Est","s":"25N-H54N400F-80-F4"},{"r":"187","t":"17:33:09","h":"Est","s":"25N-H54NV10I-80-I"},{"r":"187","t":"17:33:09","h":"Est","s":"25N-H54NV20I-80-I"},{"r":"187","t":"17:33:09","h":"Est","s":"25S-H54S000I-82-I"},{"r":"187","t":"17:33:09","h":"Est","s":"25S-H54S100F-80-F1"},{"r":"187","t":"17:33:09","h":"Est","s":"25S-H54S200F-80-F2"},{"r":"187","t":"17:41:17","h":"Est","s":"25N-H54N000A-80-A"},{"r":"187","t":"17:41:17","h":"Est","s":"25N-H54NV10A-80-A"},{"r":"187","t":"17:41:17","h":"Est","s":"25N-H54NV20A-80-A"},{"r":"187","t":"17:41:17","h":"Est","s":"25S-H54S000A-83-A"},{"r":"187","t":"17:44:02","h":"Est","s":"25N-H54N000S-80-S"},{"r":"187","t":"17:44:02","h":"Est","s":"25N-H54NV10S-82-S"},{"r":"187","t":"17:44:02","h":"Est","s":"25N-H54NV20S-80-S"},{"r":"187","t":"17:44:02","h":"Est","s":"25S-H54S000S-82-S"},{"r":"187","t":"17:53:02","h":"Est","s":"25N-H54N000S-80-S"},{"r":"187","t":"17:53:02","h":"Est","s":"25N-H54NV10S-82-S"},{"r":"187","t":"17:53:02","h":"Est","s":"25N-H54NV20S-80-S"},{"r":"187","t":"17:53:02","h":"Est","s":"25S-H54S000S-82-S"},{"r":"187","t":"17:56:17","h":"Est","s":"25N-H54N000A-80-A"},{"r":"187","t":"17:56:17","h":"Est","s":"25N-H54NV10A-80-A"},{"r":"187","t":"17:56:17","h":"Est","s":"25N-H54NV20A-80-A"},{"r":"187","t":"17:56:17","h":"Est","s":"25S-H54S000A-83-A"},{"r":"187","t":"17:57:09","h":"Est","s":"25N-H54N000I-80-I"},{"r":"187","t":"17:57:09","h":"Est","s":"25N-H54N100F-80-F1"},{"r":"187","t":"17:57:09","h":"Est","s":"25N-H54N200F-80-F2"},{"r":"187","t":"17:57:09","h":"Est","s":"25N-H54N300F-80-F3"},{"r":"187","t":"17:57:09","h":"Est","s":"25N-H54N400F-80-F4"},{"r":"187","t":"17:57:09","h":"Est","s":"25N-H54NV10I-80-I"},{"r":"187","t":"17:57:09","h":"Est","s":"25N-H54NV20I-80-I"},{"r":"187","t":"17:57:09","h":"Est","s":"25S-H54S000I-82-I"},{"r":"187","t":"17:57:09","h":"Est","s":"25S-H54S100F-80-F1"},{"r":"187","t":"17:57:09","h":"Est","s":"25S-H54S200F-80-F2"},{"r":"187","t":"18:01:02","h":"Est","s":"25N-H54N000S-80-S"},{"r":"187","t":"18:01:02","h":"Est","s":"25N-H54NV10S-82-S"},{"r":"187","t":"18:01:02","h":"Est","s":"25N-H54NV20S-80-S"},{"r":"187","t":"18:01:02","h":"Est","s":"25S-H54S000S-82-S"},{"r":"187","t":"18:10:17","h":"Est","s":"25N-H54N000A-80-A"},{"r":"187","t":"18:10:17","h":"Est","s":"25N-H54NV10A-80-A"},{"r":"187","t":"18:10:17","h":"Est","s":"25N-H54NV20A-80-A"},{"r":"187","t":"18:10:17","h":"Est","s":"25S-H54S000A-83-A"},{"r":"187","t":"18:14:09","h":"Est","s":"25N-H54N000I-80-I"},{"r":"187","t":"18:14:09","h":"Est","s":"25N-H54N100F-80-F1"},{"r":"187","t":"18:14:09","h":"Est","s":"25N-H54N200F-80-F2"},{"r":"187","t":"18:14:09","h":"Est","s":"25N-H54N300F-80-F3"},{"r":"187","t":"18:14:09","h":"Est","s":"25N-H54N400F-80-F4"},{"r":"187","t":"18:14:09","h":"Est","s":"25N-H54NV10I-80-I"},{"r":"187","t":"18:14:09","h":"Est","s":"25N-H54NV20I-80-I"},{"r":"187","t":"18:14:09","h":"Est","s":"25S-H54S000I-82-I"},{"r":"187","t":"18:14:09","h":"Est","s":"25S-H54S100F-80-F1"},{"r":"187","t":"18:14:09","h":"Est","s":"25S-H54S200F-80-F2"},{"r":"187","t":"18:15:02","h":"Est","s":"25N-H54N000S-80-S"},{"r":"187","t":"18:15:02","h":"Est","s":"25N-H54NV10S-82-S"},{"r":"187","t":"18:15:02","h":"Est","s":"25N-H54NV20S-80-S"},{"r":"187","t":"18:15:02","h":"Est","s":"25S-H54S000S-82-S"},{"r":"187","t":"18:22:02","h":"Est","s":"25N-H54N000S-80-S"},{"r":"187","t":"18:22:02","h":"Est","s":"25N-H54NV10S-82-S"},{"r":"187","t":"18:22:02","h":"Est","s":"25N-H54NV20S-80-S"},{"r":"187","t":"18:22:02","h":"Est","s":"25S-H54S000S-82-S"},{"r":"187","t":"18:24:17","h":"Est","s":"25N-H54N000A-80-A"},{"r":"187","t":"18:24:17","h":"Est","s":"25N-H54NV10A-80-A"},{"r":"187","t":"18:24:17","h":"Est","s":"25N-H54NV20A-80-A"},{"r":"187","t":"18:24:17","h":"Est","s":"25S-H54S000A-83-A"},{"r":"187","t":"18:29:02","h":"Est","s":"25N-H54N000S-80-S"},{"r":"187","t":"18:29:02","h":"Est","s":"25N-H54NV10S-82-S"},{"r":"187","t":"18:29:02","h":"Est","s":"25N-H54NV20S-80-S"},{"r":"187","t":"18:29:02","h":"Est","s":"25S-H54S000S-82-S"},{"r":"187","t":"18:31:09","h":"Est","s":"25N-H54N000I-80-I"},{"r":"187","t":"18:31:09","h":"Est","s":"25N-H54N100F-80-F1"},{"r":"187","t":"18:31:09","h":"Est","s":"25N-H54N200F-80-F2"},{"r":"187","t":"18:31:09","h":"Est","s":"25N-H54N300F-80-F3"},{"r":"187","t":"18:31:09","h":"Est","s":"25N-H54N400F-80-F4"},{"r":"187","t":"18:31:09","h":"Est","s":"25N-H54NV10I-80-I"},{"r":"187","t":"18:31:09","h":"Est","s":"25N-H54NV20I-80-I"},{"r":"187","t":"18:31:09","h":"Est","s":"25S-H54S000I-82-I"},{"r":"187","t":"18:31:09","h":"Est","s":"25S-H54S100F-80-F1"},{"r":"187","t":"18:31:09","h":"Est","s":"25S-H54S200F-80-F2"},{"r":"187","t":"18:39:17","h":"Est","s":"25N-H54N000A-80-A"},{"r":"187","t":"18:39:17","h":"Est","s":"25N-H54NV10A-80-A"},{"r":"187","t":"18:39:17","h":"Est","s":"25N-H54NV20A-80-A"},{"r":"187","t":"18:39:17","h":"Est","s":"25S-H54S000A-83-A"},{"r":"187","t":"18:48:02","h":"Est","s":"25N-H54N000S-80-S"},{"r":"187","t":"18:48:02","h":"Est","s":"25N-H54NV10S-82-S"},{"r":"187","t":"18:48:02","h":"Est","s":"25N-H54NV20S-80-S"},{"r":"187","t":"18:48:02","h":"Est","s":"25S-H54S000S-82-S"},{"r":"187","t":"18:48:09","h":"Est","s":"25N-H54N000I-80-I"},{"r":"187","t":"18:48:09","h":"Est","s":"25N-H54N100F-80-F1"},{"r":"187","t":"18:48:09","h":"Est","s":"25N-H54N200F-80-F2"},{"r":"187","t":"18:48:09","h":"Est","s":"25N-H54N300F-80-F3"},{"r":"187","t":"18:48:09","h":"Est","s":"25N-H54N400F-80-F4"},{"r":"187","t":"18:48:09","h":"Est","s":"25N-H54NV10I-80-I"},{"r":"187","t":"18:48:09","h":"Est","s":"25N-H54NV20I-80-I"},{"r":"187","t":"18:48:09","h":"Est","s":"25S-H54S000I-82-I"},{"r":"187","t":"18:48:09","h":"Est","s":"25S-H54S100F-80-F1"},{"r":"187","t":"18:48:09","h":"Est","s":"25S-H54S200F-80-F2"},{"r":"187","t":"18:56:09","h":"Est","s":"25N-H54N000A-80-A"},{"r":"187","t":"18:56:09","h":"Est","s":"25N-H54NV10A-80-A"},{"r":"187","t":"18:56:09","h":"Est","s":"25N-H54NV20A-80-A"},{"r":"187","t":"18:56:09","h":"Est","s":"25S-H54S000A-83-A"},{"r":"187","t":"19:00:02","h":"Est","s":"25N-H54N000S-80-S"},{"r":"187","t":"19:00:02","h":"Est","s":"25N-H54NV10S-82-S"},{"r":"187","t":"19:00:02","h":"Est","s":"25N-H54NV20S-80-S"},{"r":"187","t":"19:00:02","h":"Est","s":"25S-H54S000S-82-S"},{"r":"187","t":"19:14:09","h":"Est","s":"25N-H54N000A-80-A"},{"r":"187","t":"19:14:09","h":"Est","s":"25N-H54NV10A-80-A"},{"r":"187","t":"19:14:09","h":"Est","s":"25N-H54NV20A-80-A"},{"r":"187","t":"19:14:09","h":"Est","s":"25S-H54S000A-83-A"},{"r":"187","t":"19:15:02","h":"Est","s":"25N-H54N000S-80-S"},{"r":"187","t":"19:15:02","h":"Est","s":"25N-H54NV10S-82-S"},{"r":"187","t":"19:15:02","h":"Est","s":"25N-H54NV20S-80-S"},{"r":"187","t":"19:15:02","h":"Est","s":"25S-H54S000S-82-S"},{"r":"187","t":"19:16:09","h":"Est","s":"25N-H54N000I-80-I"},{"r":"187","t":"19:16:09","h":"Est","s":"25N-H54N100F-80-F1"},{"r":"187","t":"19:16:09","h":"Est","s":"25N-H54N200F-80-F2"},{"r":"187","t":"19:16:09","h":"Est","s":"25N-H54N300F-80-F3"},{"r":"187","t":"19:16:09","h":"Est","s":"25N-H54N400F-80-F4"},{"r":"187","t":"19:16:09","h":"Est","s":"25N-H54NV10I-80-I"},{"r":"187","t":"19:16:09","h":"Est","s":"25N-H54NV20I-80-I"},{"r":"187","t":"19:16:09","h":"Est","s":"25S-H54S000I-82-I"},{"r":"187","t":"19:16:09","h":"Est","s":"25S-H54S100F-80-F1"},{"r":"187","t":"19:16:09","h":"Est","s":"25S-H54S200F-80-F2"},{"r":"187","t":"19:32:02","h":"Est","s":"25N-H54N000S-80-S"},{"r":"187","t":"19:32:02","h":"Est","s":"25N-H54NV10S-82-S"},{"r":"187","t":"19:32:02","h":"Est","s":"25N-H54NV20S-80-S"},{"r":"187","t":"19:32:02","h":"Est","s":"25S-H54S000S-82-S"},{"r":"187","t":"19:32:09","h":"Est","s":"25N-H54N000A-80-A"},{"r":"187","t":"19:32:09","h":"Est","s":"25N-H54NV10A-80-A"},{"r":"187","t":"19:32:09","h":"Est","s":"25N-H54NV20A-80-A"},{"r":"187","t":"19:32:09","h":"Est","s":"25S-H54S000A-83-A"},{"r":"187","t":"19:44:09","h":"Est","s":"25N-H54N000I-80-I"},{"r":"187","t":"19:44:09","h":"Est","s":"25N-H54N100F-80-F1"},{"r":"187","t":"19:44:09","h":"Est","s":"25N-H54N200F-80-F2"},{"r":"187","t":"19:44:09","h":"Est","s":"25N-H54N300F-80-F3"},{"r":"187","t":"19:44:09","h":"Est","s":"25N-H54N400F-80-F4"},{"r":"187","t":"19:44:09","h":"Est","s":"25N-H54NV10I-80-I"},{"r":"187","t":"19:44:09","h":"Est","s":"25N-H54NV20I-80-I"},{"r":"187","t":"19:44:09","h":"Est","s":"25S-H54S000I-82-I"},{"r":"187","t":"19:44:09","h":"Est","s":"25S-H54S100F-80-F1"},{"r":"187","t":"19:44:09","h":"Est","s":"25S-H54S200F-80-F2"},{"r":"187","t":"19:48:09","h":"Est","s":"25N-H54N000S-80-S"},{"r":"187","t":"19:48:09","h":"Est","s":"25N-H54NV10S-82-S"},{"r":"187","t":"19:48:09","h":"Est","s":"25N-H54NV20S-80-S"},{"r":"187","t":"19:48:09","h":"Est","s":"25S-H54S000S-82-S"},{"r":"187","t":"19:50:09","h":"Est","s":"25N-H54N000A-80-A"},{"r":"187","t":"19:50:09","h":"Est","s":"25N-H54NV10A-80-A"},{"r":"187","t":"19:50:09","h":"Est","s":"25N-H54NV20A-80-A"},{"r":"187","t":"19:50:09","h":"Est","s":"25S-H54S000A-83-A"},{"r":"187","t":"20:03:09","h":"Est","s":"25N-H54N000S-80-S"},{"r":"187","t":"20:03:09","h":"Est","s":"25N-H54NV10S-82-S"},{"r":"187","t":"20:03:09","h":"Est","s":"25N-H54NV20S-80-S"},{"r":"187","t":"20:03:09","h":"Est","s":"25S-H54S000S-82-S"},{"r":"187","t":"20:11:09","h":"Est","s":"25N-H54N000A-80-A"},{"r":"187","t":"20:11:09","h":"Est","s":"25N-H54NV10A-80-A"},{"r":"187","t":"20:11:09","h":"Est","s":"25N-H54NV20A-80-A"},{"r":"187","t":"20:11:09","h":"Est","s":"25S-H54S000A-83-A"},{"r":"187","t":"20:12:09","h":"Est","s":"25N-H54N000I-80-I"},{"r":"187","t":"20:12:09","h":"Est","s":"25N-H54N100F-80-F1"},{"r":"187","t":"20:12:09","h":"Est","s":"25N-H54N200F-80-F2"},{"r":"187","t":"20:12:09","h":"Est","s":"25N-H54N300F-80-F3"},{"r":"187","t":"20:12:09","h":"Est","s":"25N-H54N400F-80-F4"},{"r":"187","t":"20:12:09","h":"Est","s":"25N-H54NV10I-80-I"},{"r":"187","t":"20:12:09","h":"Est","s":"25N-H54NV20I-80-I"},{"r":"187","t":"20:12:09","h":"Est","s":"25S-H54S000I-82-I"},{"r":"187","t":"20:12:09","h":"Est","s":"25S-H54S100F-80-F1"},{"r":"187","t":"20:12:09","h":"Est","s":"25S-H54S200F-80-F2"},{"r":"187","t":"20:18:09","h":"Est","s":"25N-H54N000S-80-S"},{"r":"187","t":"20:18:09","h":"Est","s":"25N-H54NV10S-82-S"},{"r":"187","t":"20:18:09","h":"Est","s":"25N-H54NV20S-80-S"},{"r":"187","t":"20:18:09","h":"Est","s":"25S-H54S000S-82-S"},{"r":"187","t":"20:33:09","h":"Est","s":"25N-H54N000A-80-A"},{"r":"187","t":"20:33:09","h":"Est","s":"25N-H54N000S-80-S"},{"r":"187","t":"20:33:09","h":"Est","s":"25N-H54NV10A-80-A"},{"r":"187","t":"20:33:09","h":"Est","s":"25N-H54NV10S-82-S"},{"r":"187","t":"20:33:09","h":"Est","s":"25N-H54NV20A-80-A"},{"r":"187","t":"20:33:09","h":"Est","s":"25N-H54NV20S-80-S"},{"r":"187","t":"20:33:09","h":"Est","s":"25S-H54S000A-83-A"},{"r":"187","t":"20:33:09","h":"Est","s":"25S-H54S000S-82-S"},{"r":"187","t":"20:39:09","h":"Est","s":"25N-H54N000I-80-I"},{"r":"187","t":"20:39:09","h":"Est","s":"25N-H54N100F-80-F1"},{"r":"187","t":"20:39:09","h":"Est","s":"25N-H54N200F-80-F2"},{"r":"187","t":"20:39:09","h":"Est","s":"25N-H54N300F-80-F3"},{"r":"187","t":"20:39:09","h":"Est","s":"25N-H54N400F-80-F4"},{"r":"187","t":"20:39:09","h":"Est","s":"25N-H54NV10I-80-I"},{"r":"187","t":"20:39:09","h":"Est","s":"25N-H54NV20I-80-I"},{"r":"187","t":"20:39:09","h":"Est","s":"25S-H54S000I-82-I"},{"r":"187","t":"20:39:09","h":"Est","s":"25S-H54S100F-80-F1"},{"r":"187","t":"20:39:09","h":"Est","s":"25S-H54S200F-80-F2"},{"r":"187","t":"20:48:09","h":"Est","s":"25N-H54N000S-80-S"},{"r":"187","t":"20:48:09","h":"Est","s":"25N-H54NV10S-82-S"},{"r":"187","t":"20:48:09","h":"Est","s":"25N-H54NV20S-80-S"},{"r":"187","t":"20:48:09","h":"Est","s":"25S-H54S000S-82-S"},{"r":"187","t":"20:55:09","h":"Est","s":"25N-H54N000A-80-A"},{"r":"187","t":"20:55:09","h":"Est","s":"25N-H54NV10A-80-A"},{"r":"187","t":"20:55:09","h":"Est","s":"25N-H54NV20A-80-A"},{"r":"187","t":"20:55:09","h":"Est","s":"25S-H54S000A-83-A"},{"r":"187","t":"21:03:09","h":"Est","s":"25N-H54N000S-80-S"},{"r":"187","t":"21:03:09","h":"Est","s":"25N-H54NV10S-82-S"},{"r":"187","t":"21:03:09","h":"Est","s":"25N-H54NV20S-80-S"},{"r":"187","t":"21:03:09","h":"Est","s":"25S-H54S000S-82-S"},{"r":"187","t":"21:06:09","h":"Est","s":"25N-H54N000I-80-I"},{"r":"187","t":"21:06:09","h":"Est","s":"25N-H54N100F-80-F1"},{"r":"187","t":"21:06:09","h":"Est","s":"25N-H54N200F-80-F2"},{"r":"187","t":"21:06:09","h":"Est","s":"25N-H54N300F-80-F3"},{"r":"187","t":"21:06:09","h":"Est","s":"25N-H54N400F-80-F4"},{"r":"187","t":"21:06:09","h":"Est","s":"25N-H54NV10I-80-I"},{"r":"187","t":"21:06:09","h":"Est","s":"25N-H54NV20I-80-I"},{"r":"187","t":"21:06:09","h":"Est","s":"25S-H54S000I-82-I"},{"r":"187","t":"21:06:09","h":"Est","s":"25S-H54S100F-80-F1"},{"r":"187","t":"21:06:09","h":"Est","s":"25S-H54S200F-80-F2"},{"r":"187","t":"21:18:09","h":"Est","s":"25N-H54N000S-80-S"},{"r":"187","t":"21:18:09","h":"Est","s":"25N-H54NV10S-82-S"},{"r":"187","t":"21:18:09","h":"Est","s":"25N-H54NV20S-80-S"},{"r":"187","t":"21:18:09","h":"Est","s":"25S-H54S000S-82-S"},{"r":"187","t":"21:21:09","h":"Est","s":"25N-H54N000A-80-A"},{"r":"187","t":"21:21:09","h":"Est","s":"25N-H54NV10A-80-A"},{"r":"187","t":"21:21:09","h":"Est","s":"25N-H54NV20A-80-A"},{"r":"187","t":"21:21:09","h":"Est","s":"25S-H54S000A-83-A"},{"r":"187","t":"21:33:09","h":"Est","s":"25N-H54N000I-80-I"},{"r":"187","t":"21:33:09","h":"Est","s":"25N-H54N100F-80-F1"},{"r":"187","t":"21:33:09","h":"Est","s":"25N-H54N200F-80-F2"},{"r":"187","t":"21:33:09","h":"Est","s":"25N-H54N300F-80-F3"},{"r":"187","t":"21:33:09","h":"Est","s":"25N-H54N400F-80-F4"},{"r":"187","t":"21:33:09","h":"Est","s":"25N-H54NV10I-80-I"},{"r":"187","t":"21:33:09","h":"Est","s":"25N-H54NV20I-80-I"},{"r":"187","t":"21:33:09","h":"Est","s":"25S-H54S000I-82-I"},{"r":"187","t":"21:33:09","h":"Est","s":"25S-H54S100F-80-F1"},{"r":"187","t":"21:33:09","h":"Est","s":"25S-H54S200F-80-F2"},{"r":"187","t":"21:34:09","h":"Est","s":"25N-H54N000S-80-S"},{"r":"187","t":"21:34:09","h":"Est","s":"25N-H54NV10S-82-S"},{"r":"187","t":"21:34:09","h":"Est","s":"25N-H54NV20S-80-S"},{"r":"187","t":"21:34:09","h":"Est","s":"25S-H54S000S-82-S"},{"r":"187","t":"21:49:09","h":"Est","s":"25N-H54N000A-80-A"},{"r":"187","t":"21:49:09","h":"Est","s":"25N-H54NV10A-80-A"},{"r":"187","t":"21:49:09","h":"Est","s":"25N-H54NV20A-80-A"},{"r":"187","t":"21:49:09","h":"Est","s":"25S-H54S000A-83-A"},{"r":"187","t":"21:54:09","h":"Est","s":"25N-H54N000S-80-S"},{"r":"187","t":"21:54:09","h":"Est","s":"25N-H54NV10S-82-S"},{"r":"187","t":"21:54:09","h":"Est","s":"25N-H54NV20S-80-S"},{"r":"187","t":"21:54:09","h":"Est","s":"25S-H54S000S-82-S"},{"r":"187","t":"22:00:09","h":"Est","s":"25N-H54N000I-80-I"},{"r":"187","t":"22:00:09","h":"Est","s":"25N-H54N100F-80-F1"},{"r":"187","t":"22:00:09","h":"Est","s":"25N-H54N200F-80-F2"},{"r":"187","t":"22:00:09","h":"Est","s":"25N-H54N300F-80-F3"},{"r":"187","t":"22:00:09","h":"Est","s":"25N-H54N400F-80-F4"},{"r":"187","t":"22:00:09","h":"Est","s":"25N-H54NV10I-80-I"},{"r":"187","t":"22:00:09","h":"Est","s":"25N-H54NV20I-80-I"},{"r":"187","t":"22:00:09","h":"Est","s":"25S-H54S000I-82-I"},{"r":"187","t":"22:00:09","h":"Est","s":"25S-H54S100F-80-F1"},{"r":"187","t":"22:00:09","h":"Est","s":"25S-H54S200F-80-F2"},{"r":"187","t":"22:17:09","h":"Est","s":"25N-H54N000A-80-A"},{"r":"187","t":"22:17:09","h":"Est","s":"25N-H54NV10A-80-A"},{"r":"187","t":"22:17:09","h":"Est","s":"25N-H54NV20A-80-A"},{"r":"187","t":"22:17:09","h":"Est","s":"25S-H54S000A-83-A"},{"r":"187","t":"22:18:09","h":"Est","s":"25N-H54N000S-80-S"},{"r":"187","t":"22:18:09","h":"Est","s":"25N-H54NV10S-82-S"},{"r":"187","t":"22:18:09","h":"Est","s":"25N-H54NV20S-80-S"},{"r":"187","t":"22:18:09","h":"Est","s":"25S-H54S000S-82-S"},{"r":"187","t":"22:24:09","h":"Est","s":"25N-H54N000I-80-I"},{"r":"187","t":"22:24:09","h":"Est","s":"25N-H54N100F-80-F1"},{"r":"187","t":"22:24:09","h":"Est","s":"25N-H54N200F-80-F2"},{"r":"187","t":"22:24:09","h":"Est","s":"25N-H54N300F-80-F3"},{"r":"187","t":"22:24:09","h":"Est","s":"25N-H54N400F-80-F4"},{"r":"187","t":"22:24:09","h":"Est","s":"25N-H54NV10I-80-I"},{"r":"187","t":"22:24:09","h":"Est","s":"25N-H54NV20I-80-I"},{"r":"187","t":"22:24:09","h":"Est","s":"25S-H54S000I-82-I"},{"r":"187","t":"22:24:09","h":"Est","s":"25S-H54S100F-80-F1"},{"r":"187","t":"22:24:09","h":"Est","s":"25S-H54S200F-80-F2"},{"r":"187","t":"22:42:09","h":"Est","s":"25N-H54N000S-80-S"},{"r":"187","t":"22:42:09","h":"Est","s":"25N-H54NV10S-82-S"},{"r":"187","t":"22:42:09","h":"Est","s":"25N-H54NV20S-80-S"},{"r":"187","t":"22:42:09","h":"Est","s":"25S-H54S000S-82-S"},{"r":"187","t":"22:45:09","h":"Est","s":"25N-H54N000A-80-A"},{"r":"187","t":"22:45:09","h":"Est","s":"25N-H54NV10A-80-A"},{"r":"187","t":"22:45:09","h":"Est","s":"25N-H54NV20A-80-A"},{"r":"187","t":"22:45:09","h":"Est","s":"25S-H54S000A-83-A"},{"r":"187","t":"22:49:09","h":"Est","s":"25N-H54N000I-80-I"},{"r":"187","t":"22:49:09","h":"Est","s":"25N-H54N100F-80-F1"},{"r":"187","t":"22:49:09","h":"Est","s":"25N-H54N200F-80-F2"},{"r":"187","t":"22:49:09","h":"Est","s":"25N-H54N300F-80-F3"},{"r":"187","t":"22:49:09","h":"Est","s":"25N-H54N400F-80-F4"},{"r":"187","t":"22:49:09","h":"Est","s":"25N-H54NV10I-80-I"},{"r":"187","t":"22:49:09","h":"Est","s":"25N-H54NV20I-80-I"},{"r":"187","t":"22:49:09","h":"Est","s":"25S-H54S000I-82-I"},{"r":"187","t":"22:49:09","h":"Est","s":"25S-H54S100F-80-F1"},{"r":"187","t":"22:49:09","h":"Est","s":"25S-H54S200F-80-F2"},{"r":"187","t":"23:06:09","h":"Est","s":"25N-H54N000S-80-S"},{"r":"187","t":"23:06:09","h":"Est","s":"25N-H54NV10S-82-S"},{"r":"187","t":"23:06:09","h":"Est","s":"25N-H54NV20S-80-S"},{"r":"187","t":"23:06:09","h":"Est","s":"25S-H54S000S-82-S"},{"r":"187","t":"23:13:09","h":"Est","s":"25N-H54N000A-80-A"},{"r":"187","t":"23:13:09","h":"Est","s":"25N-H54NV10A-80-A"},{"r":"187","t":"23:13:09","h":"Est","s":"25N-H54NV20A-80-A"},{"r":"187","t":"23:13:09","h":"Est","s":"25S-H54S000A-83-A"},{"r":"187","t":"23:14:09","h":"Est","s":"25N-H54N000I-80-I"},{"r":"187","t":"23:14:09","h":"Est","s":"25N-H54N100F-80-F1"},{"r":"187","t":"23:14:09","h":"Est","s":"25N-H54N200F-80-F2"},{"r":"187","t":"23:14:09","h":"Est","s":"25N-H54N300F-80-F3"},{"r":"187","t":"23:14:09","h":"Est","s":"25N-H54N400F-80-F4"},{"r":"187","t":"23:14:09","h":"Est","s":"25N-H54NV10I-80-I"},{"r":"187","t":"23:14:09","h":"Est","s":"25N-H54NV20I-80-I"},{"r":"187","t":"23:14:09","h":"Est","s":"25S-H54S000I-82-I"},{"r":"187","t":"23:14:09","h":"Est","s":"25S-H54S100F-80-F1"},{"r":"187","t":"23:14:09","h":"Est","s":"25S-H54S200F-80-F2"},{"r":"187","t":"23:29:09","h":"Est","s":"25N-H54N000S-80-S"},{"r":"187","t":"23:29:09","h":"Est","s":"25N-H54NV10S-82-S"},{"r":"187","t":"23:29:09","h":"Est","s":"25N-H54NV20S-80-S"},{"r":"187","t":"23:29:09","h":"Est","s":"25S-H54S000S-82-S"},{"r":"187","t":"23:38:09","h":"Est","s":"25N-H54N000I-80-I"},{"r":"187","t":"23:38:09","h":"Est","s":"25N-H54N100F-80-F1"},{"r":"187","t":"23:38:09","h":"Est","s":"25N-H54N200F-80-F2"},{"r":"187","t":"23:38:09","h":"Est","s":"25N-H54N300F-80-F3"},{"r":"187","t":"23:38:09","h":"Est","s":"25N-H54N400F-80-F4"},{"r":"187","t":"23:38:09","h":"Est","s":"25N-H54NV10I-80-I"},{"r":"187","t":"23:38:09","h":"Est","s":"25N-H54NV20I-80-I"},{"r":"187","t":"23:38:09","h":"Est","s":"25S-H54S000I-82-I"},{"r":"187","t":"23:38:09","h":"Est","s":"25S-H54S100F-80-F1"},{"r":"187","t":"23:38:09","h":"Est","s":"25S-H54S200F-80-F2"},{"r":"187","t":"23:44:09","h":"Est","s":"25N-H54N000A-80-A"},{"r":"187","t":"23:44:09","h":"Est","s":"25N-H54NV10A-80-A"},{"r":"187","t":"23:44:09","h":"Est","s":"25N-H54NV20A-80-A"},{"r":"187","t":"23:44:09","h":"Est","s":"25S-H54S000A-83-A"},{"r":"187","t":"23:53:09","h":"Est","s":"25N-H54N000S-80-S"},{"r":"187","t":"23:53:09","h":"Est","s":"25N-H54NV10S-82-S"},{"r":"187","t":"23:53:09","h":"Est","s":"25N-H54NV20S-80-S"},{"r":"187","t":"23:53:09","h":"Est","s":"25S-H54S000S-82-S"},{"r":"187","t":"24:11:09","h":"Est","s":"25N-H54N000I-80-I"},{"r":"187","t":"24:11:09","h":"Est","s":"25N-H54N100F-80-F1"},{"r":"187","t":"24:11:09","h":"Est","s":"25N-H54N200F-80-F2"},{"r":"187","t":"24:11:09","h":"Est","s":"25N-H54N300F-80-F3"},{"r":"187","t":"24:11:09","h":"Est","s":"25N-H54N400F-80-F4"},{"r":"187","t":"24:11:09","h":"Est","s":"25N-H54NV10I-80-I"},{"r":"187","t":"24:11:09","h":"Est","s":"25N-H54NV20I-80-I"},{"r":"187","t":"24:11:09","h":"Est","s":"25S-H54S000I-82-I"},{"r":"187","t":"24:11:09","h":"Est","s":"25S-H54S100F-80-F1"},{"r":"187","t":"24:11:09","h":"Est","s":"25S-H54S200F-80-F2"},{"r":"187","t":"24:15:09","h":"Est","s":"25N-H54N000A-80-A"},{"r":"187","t":"24:15:09","h":"Est","s":"25N-H54NV10A-80-A"},{"r":"187","t":"24:15:09","h":"Est","s":"25N-H54NV20A-80-A"},{"r":"187","t":"24:15:09","h":"Est","s":"25S-H54S000A-83-A"},{"r":"187","t":"24:16:17","h":"Est","s":"25N-H54N000S-80-S"},{"r":"187","t":"24:16:17","h":"Est","s":"25N-H54NV10S-82-S"},{"r":"187","t":"24:16:17","h":"Est","s":"25N-H54NV20S-80-S"},{"r":"187","t":"24:16:17","h":"Est","s":"25S-H54S000S-82-S"},{"r":"187","t":"24:42:17","h":"Est","s":"25N-H54N000I-80-I"},{"r":"187","t":"24:42:17","h":"Est","s":"25N-H54N100F-80-F1"},{"r":"187","t":"24:42:17","h":"Est","s":"25N-H54N200F-80-F2"},{"r":"187","t":"24:42:17","h":"Est","s":"25N-H54N300F-80-F3"},{"r":"187","t":"24:42:17","h":"Est","s":"25N-H54N400F-80-F4"},{"r":"187","t":"24:42:17","h":"Est","s":"25N-H54NV10I-80-I"},{"r":"187","t":"24:42:17","h":"Est","s":"25N-H54NV20I-80-I"},{"r":"187","t":"24:42:17","h":"Est","s":"25S-H54S000I-82-I"},{"r":"187","t":"24:42:17","h":"Est","s":"25S-H54S100F-80-F1"},{"r":"187","t":"24:42:17","h":"Est","s":"25S-H54S200F-80-F2"},{"r":"187","t":"24:45:17","h":"Est","s":"25N-H54N000S-80-S"},{"r":"187","t":"24:45:17","h":"Est","s":"25N-H54NV10S-82-S"},{"r":"187","t":"24:45:17","h":"Est","s":"25N-H54NV20S-80-S"},{"r":"187","t":"24:45:17","h":"Est","s":"25S-H54S000S-82-S"},{"r":"187","t":"24:46:09","h":"Est","s":"25N-H54N000A-80-A"},{"r":"187","t":"24:46:09","h":"Est","s":"25N-H54NV10A-80-A"},{"r":"187","t":"24:46:09","h":"Est","s":"25N-H54NV20A-80-A"},{"r":"187","t":"24:46:09","h":"Est","s":"25S-H54S000A-83-A"},{"r":"187","t":"25:15:17","h":"Est","s":"25N-H54N000I-80-I"},{"r":"187","t":"25:15:17","h":"Est","s":"25N-H54N100F-80-F1"},{"r":"187","t":"25:15:17","h":"Est","s":"25N-H54N200F-80-F2"},{"r":"187","t":"25:15:17","h":"Est","s":"25N-H54N300F-80-F3"},{"r":"187","t":"25:15:17","h":"Est","s":"25N-H54N400F-80-F4"},{"r":"187","t":"25:15:17","h":"Est","s":"25N-H54NV10I-80-I"},{"r":"187","t":"25:15:17","h":"Est","s":"25N-H54NV20I-80-I"},{"r":"187","t":"25:15:17","h":"Est","s":"25S-H54S000I-82-I"},{"r":"187","t":"25:15:17","h":"Est","s":"25S-H54S100F-80-F1"},{"r":"187","t":"25:15:17","h":"Est","s":"25S-H54S200F-80-F2"},{"r":"187","t":"25:17:17","h":"Est","s":"25N-H54N000S-80-S"},{"r":"187","t":"25:17:17","h":"Est","s":"25N-H54NV10S-82-S"},{"r":"187","t":"25:17:17","h":"Est","s":"25N-H54NV20S-80-S"},{"r":"187","t":"25:17:17","h":"Est","s":"25S-H54S000S-82-S"},{"r":"187","t":"25:18:09","h":"Est","s":"25N-H54N000A-80-A"},{"r":"187","t":"25:18:09","h":"Est","s":"25N-H54NV10A-80-A"},{"r":"187","t":"25:18:09","h":"Est","s":"25N-H54NV20A-80-A"},{"r":"187","t":"25:18:09","h":"Est","s":"25S-H54S000A-83-A"},{"r":"187","t":"25:48:17","h":"Est","s":"25N-H54N000I-80-I"},{"r":"187","t":"25:48:17","h":"Est","s":"25N-H54N100F-80-F1"},{"r":"187","t":"25:48:17","h":"Est","s":"25N-H54N200F-80-F2"},{"r":"187","t":"25:48:17","h":"Est","s":"25N-H54N300F-80-F3"},{"r":"187","t":"25:48:17","h":"Est","s":"25N-H54N400F-80-F4"},{"r":"187","t":"25:48:17","h":"Est","s":"25N-H54NV10I-80-I"},{"r":"187","t":"25:48:17","h":"Est","s":"25N-H54NV20I-80-I"},{"r":"187","t":"25:48:17","h":"Est","s":"25S-H54S000I-82-I"},{"r":"187","t":"25:48:17","h":"Est","s":"25S-H54S100F-80-F1"},{"r":"187","t":"25:48:17","h":"Est","s":"25S-H54S200F-80-F2"},{"r":"187","t":"25:49:17","h":"Est","s":"25N-H54N000S-80-S"},{"r":"187","t":"25:49:17","h":"Est","s":"25N-H54NV10S-82-S"},{"r":"187","t":"25:49:17","h":"Est","s":"25N-H54NV20S-80-S"},{"r":"187","t":"25:49:17","h":"Est","s":"25S-H54S000S-82-S"},{"r":"187","t":"25:50:09","h":"Est","s":"25N-H54N000A-80-A"},{"r":"187","t":"25:50:09","h":"Est","s":"25N-H54NV10A-80-A"},{"r":"187","t":"25:50:09","h":"Est","s":"25N-H54NV20A-80-A"},{"r":"187","t":"25:50:09","h":"Est","s":"25S-H54S000A-83-A"},{"r":"187","t":"26:23:09","h":"Est","s":"25N-H54N000A-80-A"},{"r":"187","t":"26:23:09","h":"Est","s":"25N-H54NV10A-80-A"},{"r":"187","t":"26:23:09","h":"Est","s":"25N-H54NV20A-80-A"},{"r":"187","t":"26:23:09","h":"Est","s":"25S-H54S000A-83-A"}]