[{"r":"189","t":"04:44:39","h":"Ouest","s":"25N-H54N000A-80-A"},{"r":"189","t":"04:44:39","h":"Ouest","s":"25N-H54N000S-80-S"},{"r":"189","t":"04:44:39","h":"Ouest","s":"25N-H54NV10A-80-A"},{"r":"189","t":"04:44:39","h":"Ouest","s":"25N-H54NV10S-82-S"},{"r":"189","t":"04:44:39","h":"Ouest","s":"25N-H54NV20A-80-A"},{"r":"189","t":"04:44:39","h":"Ouest","s":"25N-H54NV20S-80-S"},{"r":"189","t":"04:44:39","h":"Ouest","s":"25S-H54S000A-83-A"},{"r":"189","t":"04:44:39","h":"Ouest","s":"25S-H54S000S-82-S"},{"r":"189","t":"04:45:14","h":"Ouest","s":"25N-H54N000I-80-I"},{"r":"189","t":"04:45:14","h":"Ouest","s":"25N-H54N100F-80-F1"},{"r":"189","t":"04:45:14","h":"Ouest","s":"25N-H54N200F-80-F2"},{"r":"189","t":"04:45:14","h":"Ouest","s":"25N-H54N300F-80-F3"},{"r":"189","t":"04:45:14","h":"Ouest","s":"25N-H54N400F-80-F4"},{"r":"189","t":"04:45:14","h":"Ouest","s":"25N-H54NV10I-80-I"},{"r":"189","t":"04:45:14","h":"Ouest","s":"25N-H54NV20I-80-I"},{"r":"189","t":"04:45:14","h":"Ouest","s":"25S-H54S000I-82-I"},{"r":"189","t":"04:45:14","h":"Ouest","s":"25S-H54S100F-80-F1"},{"r":"189","t":"04:45:14","h":"Ouest","s":"25S-H54S200F-80-F2"},{"r":"189","t":"05:00:39","h":"Ouest","s":"25N-H54N000S-80-S"},{"r":"189","t":"05:00:39","h":"Ouest","s":"25N-H54NV10S-82-S"},{"r":"189","t":"05:00:39","h":"Ouest","s":"25N-H54NV20S-80-S"},{"r":"189","t":"05:00:39","h":"Ouest","s":"25S-H54S000S-82-S"},{"r":"189","t":"05:12:39","h":"Ouest","s":"25N-H54N000A-80-A"},{"r":"189","t":"05:12:39","h":"Ouest","s":"25N-H54NV10A-80-A"},{"r":"189","t":"05:12:39","h":"Ouest","s":"25N-H54NV20A-80-A"},{"r":"189","t":"05:12:39","h":"Ouest","s":"25S-H54S000A-83-A"},{"r":"189","t":"05:14:14","h":"Ouest","s":"25N-H54N000I-80-I"},{"r":"189","t":"05:14:14","h":"Ouest","s":"25N-H54N100F-80-F1"},{"r":"189","t":"05:14:14","h":"Ouest","s":"25N-H54N200F-80-F2"},{"r":"189","t":"05:14:14","h":"Ouest","s":"25N-H54N300F-80-F3"},{"r":"189","t":"05:14:14","h":"Ouest","s":"25N-H54N400F-80-F4"},{"r":"189","t":"05:14:14","h":"Ouest","s":"25N-H54NV10I-80-I"},{"r":"189","t":"05:14:14","h":"Ouest","s":"25N-H54NV20I-80-I"},{"r":"189","t":"05:14:14","h":"Ouest","s":"25S-H54S000I-82-I"},{"r":"189","t":"05:14:14","h":"Ouest","s":"25S-H54S100F-80-F1"},{"r":"189","t":"05:14:14","h":"Ouest","s":"25S-H54S200F-80-F2"},{"r":"189","t":"05:15:39","h":"Ouest","s":"25N-H57N000S-80-S"},{"r":"189","t":"05:15:39","h":"Ouest","s":"25N-H57NV10S-84-S"},{"r":"189","t":"05:15:39","h":"Ouest","s":"25N-H57NV20S-80-S"},{"r":"189","t":"05:15:39","h":"Ouest","s":"25S-H57S000S-82-S"},{"r":"189","t":"05:31:39","h":"Ouest","s":"25N-H54N000S-80-S"},{"r":"189","t":"05:31:39","h":"Ouest","s":"25N-H54NV10S-82-S"},{"r":"189","t":"05:31:39","h":"Ouest","s":"25N-H54NV20S-80-S"},{"r":"189","t":"05:31:39","h":"Ouest","s":"25S-H54S000S-82-S"},{"r":"189","t":"05:40:39","h":"Ouest","s":"25N-H54N000A-80-A"},{"r":"189","t":"05:40:39","h":"Ouest","s":"25N-H54NV10A-80-A"},{"r":"189","t":"05:40:39","h":"Ouest","s":"25N-H54NV20A-80-A"},{"r":"189","t":"05:40:39","h":"Ouest","s":"25S-H54S000A-83-A"},{"r":"189","t":"05:43:14","h":"Ouest","s":"25N-H54N000I-80-I"},{"r":"189","t":"05:43:14","h":"Ouest","s":"25N-H54N100F-80-F1"},{"r":"189","t":"05:43:14","h":"Ouest","s":"25N-H54N200F-80-F2"},{"r":"189","t":"05:43:14","h":"Ouest","s":"25N-H54N300F-80-F3"},{"r":"189","t":"05:43:14","h":"Ouest","s":"25N-H54N400F-80-F4"},{"r":"189","t":"05:43:14","h":"Ouest","s":"25N-H54NV10I-80-I"},{"r":"189","t":"05:43:14","h":"Ouest","s":"25N-H54NV20I-80-I"},{"r":"189","t":"05:43:14","h":"Ouest","s":"25S-H54S000I-82-I"},{"r":"189","t":"05:43:14","h":"Ouest","s":"25S-H54S100F-80-F1"},{"r":"189","t":"05:43:14","h":"Ouest","s":"25S-H54S200F-80-F2"},{"r":"189","t":"05:46:39","h":"Ouest","s":"25N-H54N000S-80-S"},{"r":"189","t":"05:46:39","h":"Ouest","s":"25N-H54NV10S-82-S"},{"r":"189","t":"05:46:39","h":"Ouest","s":"25N-H54NV20S-80-S"},{"r":"189","t":"05:46:39","h":"Ouest","s":"25S-H54S000S-82-S"},{"r":"487","t":"05:52:41","h":"Ouest via Notre-Dame / De Montigny","s":"25N-H54N000S-80-S"},{"r":"487","t":"05:52:41","h":"Ouest via Notre-Dame / De Montigny","s":"25N-H54NV10S-82-S"},{"r":"487","t":"05:52:41","h":"Ouest via Notre-Dame / De Montigny","s":"25N-H54NV20S-80-S"},{"r":"487","t":"05:52:41","h":"Ouest via Notre-Dame / De Montigny","s":"25S-H54S000S-82-S"},{"r":"410","t":"05:52:44","h":"Ouest","s":"25N-H57N000S-80-S"},{"r":"410","t":"05:52:44","h":"Ouest","s":"25N-H57NV10S-84-S"},{"r":"410","t":"05:52:44","h":"Ouest","s":"25N-H57NV20S-80-S"},{"r":"410","t":"05:52:44","h":"Ouest","s":"25S-H57S000S-82-S"},{"r":"189","t":"06:00:39","h":"Ouest","s":"25N-H54N000S-80-S"},{"r":"189","t":"06:00:39","h":"Ouest","s":"25N-H54NV10S-82-S"},{"r":"189","t":"06:00:39","h":"Ouest","s":"25N-H54NV20S-80-S"},{"r":"189","t":"06:00:39","h":"Ouest","s":"25S-H54S000S-82-S"},{"r":"189","t":"06:09:39","h":"Ouest","s":"25N-H54N000A-80-A"},{"r":"189","t":"06:09:39","h":"Ouest","s":"25N-H54N000S-80-S"},{"r":"189","t":"06:09:39","h":"Ouest","s":"25N-H54NV10A-80-A"},{"r":"189","t":"06:09:39","h":"Ouest","s":"25N-H54NV10S-82-S"},{"r":"189","t":"06:09:39","h":"Ouest","s":"25N-H54NV20A-80-A"},{"r":"189","t":"06:09:39","h":"Ouest","s":"25N-H54NV20S-80-S"},{"r":"189","t":"06:09:39","h":"Ouest","s":"25S-H54S000A-83-A"},{"r":"189","t":"06:09:39","h":"Ouest","s":"25S-H54S000S-82-S"},{"r":"189","t":"06:11:39","h":"Ouest","s":"25N-H54N000I-80-I"},{"r":"189","t":"06:11:39","h":"Ouest","s":"25N-H54N100F-80-F1"},{"r":"189","t":"06:11:39","h":"Ouest","s":"25N-H54N200F-80-F2"},{"r":"189","t":"06:11:39","h":"Ouest","s":"25N-H54N300F-80-F3"},{"r":"189","t":"06:11:39","h":"Ouest","s":"25N-H54N400F-80-F4"},{"r":"189","t":"06:11:39","h":"Ouest","s":"25N-H54NV10I-80-I"},{"r":"189","t":"06:11:39","h":"Ouest","s":"25N-H54NV20I-80-I"},{"r":"189","t":"06:11:39","h":"Ouest","s":"25S-H54S000I-82-I"},{"r":"189","t":"06:11:39","h":"Ouest","s":"25S-H54S100F-80-F1"},{"r":"189","t":"06:11:39","h":"Ouest","s":"25S-H54S200F-80-F2"},{"r":"487","t":"06:11:41","h":"Ouest via Notre-Dame / De Montigny","s":"25N-H54N000S-80-S"},{"r":"487","t":"06:11:41","h":"Ouest via Notre-Dame / De Montigny","s":"25N-H54NV10S-82-S"},{"r":"487","t":"06:11:41","h":"Ouest via Notre-Dame / De Montigny","s":"25N-H54NV20S-80-S"},{"r":"487","t":"06:11:41","h":"Ouest via Notre-Dame / De Montigny","s":"25S-H54S000S-82-S"},{"r":"410","t":"06:17:44","h":"Ouest","s":"25N-H57N000S-80-S"},{"r":"410","t":"06:17:44","h":"Ouest","s":"25N-H57NV10S-84-S"},{"r":"410","t":"06:17:44","h":"Ouest","s":"25N-H57NV20S-80-S"},{"r":"410","t":"06:17:44","h":"Ouest","s":"25S-H57S000S-82-S"},{"r":"189","t":"06:18:39","h":"Ouest","s":"25N-H54N000S-80-S"},{"r":"189","t":"06:18:39","h":"Ouest","s":"25N-H54NV10S-82-S"},{"r":"189","t":"06:18:39","h":"Ouest","s":"25N-H54NV20S-80-S"},{"r":"189","t":"06:18:39","h":"Ouest","s":"25S-H54S000S-82-S"},{"r":"487","t":"06:24:41","h":"Ouest via Notre-Dame / De Montigny","s":"25N-H54N000S-80-S"},{"r":"487","t":"06:24:41","h":"Ouest via Notre-Dame / De Montigny","s":"25N-H54NV10S-82-S"},{"r":"487","t":"06:24:41","h":"Ouest via Notre-Dame / De Montigny","s":"25N-H54NV20S-80-S"},{"r":"487","t":"06:24:41","h":"Ouest via Notre-Dame / De Montigny","s":"25S-H54S000S-82-S"},{"r":"189","t":"06:26:39","h":"Ouest","s":"25N-H54N000S-80-S"},{"r":"189","t":"06:26:39","h":"Ouest","s":"25N-H54NV10S-82-S"},{"r":"189","t":"06:26:39","h":"Ouest","s":"25N-H54NV20S-80-S"},{"r":"189","t":"06:26:39","h":"Ouest","s":"25S-H54S000S-82-S"},{"r":"189","t":"06:36:04","h":"Ouest","s":"25N-H54N000S-80-S"},{"r":"189","t":"06:36:04","h":"Ouest","s":"25N-H54NV10S-82-S"},{"r":"189","t":"06:36:04","h":"Ouest","s":"25N-H54NV20S-80-S"},{"r":"189","t":"06:36:04","h":"Ouest","s":"25S-H54S000S-82-S"},{"r":"189","t":"06:36:39","h":"Ouest","s":"25N-H54N000A-80-A"},{"r":"189","t":"06:36:39","h":"Ouest","s":"25N-H54NV10A-80-A"},{"r":"189","t":"06:36:39","h":"Ouest","s":"25N-H54NV20A-80-A"},{"r":"189","t":"06:36:39","h":"Ouest","s":"25S-H54S000A-83-A"},{"r":"487","t":"06:36:41","h":"Ouest via De Montigny / Notre-Dame","s":"25N-H54N000S-80-S"},{"r":"487","t":"06:36:41","h":"Ouest via De Montigny / Notre-Dame","s":"25N-H54NV10S-82-S"},{"r":"487","t":"06:36:41","h":"Ouest via De Montigny / Notre-Dame","s":"25N-H54NV20S-80-S"},{"r":"487","t":"06:36:41","h":"Ouest via De Montigny / Notre-Dame","s":"25S-H54S000S-82-S"},{"r":"189","t":"06:39:39","h":"Ouest","s":"25N-H54N000I-80-I"},{"r":"189","t":"06:39:39","h":"Ouest","s":"25N-H54N100F-80-F1"},{"r":"189","t":"06:39:39","h":"Ouest","s":"25N-H54N200F-80-F2"},{"r":"189","t":"06:39:39","h":"Ouest","s":"25N-H54N300F-80-F3"},{"r":"189","t":"06:39:39","h":"Ouest","s":"25N-H54N400F-80-F4"},{"r":"189","t":"06:39:39","h":"Ouest","s":"25N-H54NV10I-80-I"},{"r":"189","t":"06:39:39","h":"Ouest","s":"25N-H54NV20I-80-I"},{"r":"189","t":"06:39:39","h":"Ouest","s":"25S-H54S000I-82-I"},{"r":"189","t":"06:39:39","h":"Ouest","s":"25S-H54S100F-80-F1"},{"r":"189","t":"06:39:39","h":"Ouest","s":"25S-H54S200F-80-F2"},{"r":"189","t":"06:42:04","h":"Ouest","s":"25N-H54N000S-80-S"},{"r":"189","t":"06:42:04","h":"Ouest","s":"25N-H54NV10S-82-S"},{"r":"189","t":"06:42:04","h":"Ouest","s":"25N-H54NV20S-80-S"},{"r":"189","t":"06:42:04","h":"Ouest","s":"25S-H54S000S-82-S"},{"r":"410","t":"06:43:44","h":"Ouest","s":"25N-H57N000S-80-S"},{"r":"410","t":"06:43:44","h":"Ouest","s":"25N-H57NV10S-84-S"},{"r":"410","t":"06:43:44","h":"Ouest","s":"25N-H57NV20S-80-S"},{"r":"410","t":"06:43:44","h":"Ouest","s":"25S-H57S000S-82-S"},{"r":"487","t":"06:46:41","h":"Ouest via Notre-Dame / De Montigny","s":"25N-H54N000S-80-S"},{"r":"487","t":"06:46:41","h":"Ouest via Notre-Dame / De Montigny","s":"25N-H54NV10S-82-S"},{"r":"487","t":"06:46:41","h":"Ouest via Notre-Dame / De Montigny","s":"25N-H54NV20S-80-S"},{"r":"487","t":"06:46:41","h":"Ouest via Notre-Dame / De Montigny","s":"25S-H54S000S-82-S"},{"r":"189","t":"06:48:04","h":"Ouest","s":"25N-H54N000S-80-S"},{"r":"189","t":"06:48:04","h":"Ouest","s":"25N-H54NV10S-82-S"},{"r":"189","t":"06:48:04","h":"Ouest","s":"25N-H54NV20S-80-S"},{"r":"189","t":"06:48:04","h":"Ouest","s":"25S-H54S000S-82-S"},{"r":"189","t":"06:54:04","h":"Ouest","s":"25N-H54N000S-80-S"},{"r":"189","t":"06:54:04","h":"Ouest","s":"25N-H54NV10S-82-S"},{"r":"189","t":"06:54:04","h":"Ouest","s":"25N-H54NV20S-80-S"},{"r":"189","t":"06:54:04","h":"Ouest","s":"25S-H54S000S-82-S"},{"r":"487","t":"06:56:41","h":"Ouest via Notre-Dame / De Montigny","s":"25N-H59N000S-80-S"},{"r":"487","t":"06:56:41","h":"Ouest via Notre-Dame / De Montigny","s":"25N-H59NV10S-84-S"},{"r":"487","t":"06:56:41","h":"Ouest via Notre-Dame / De Montigny","s":"25N-H59NV20S-80-S"},{"r":"487","t":"06:56:41","h":"Ouest via Notre-Dame / De Montigny","s":"25S-H59S000S-81-S"},{"r":"189","t":"07:00:04","h":"Ouest","s":"25N-H54N000S-80-S"},{"r":"189","t":"07:00:04","h":"Ouest","s":"25N-H54NV10S-82-S"},{"r":"189","t":"07:00:04","h":"Ouest","s":"25N-H54NV20S-80-S"},{"r":"189","t":"07:00:04","h":"Ouest","s":"25S-H54S000S-82-S"},{"r":"189","t":"07:04:04","h":"Ouest","s":"25N-H54N000A-80-A"},{"r":"189","t":"07:04:04","h":"Ouest","s":"25N-H54NV10A-80-A"},{"r":"189","t":"07:04:04","h":"Ouest","s":"25N-H54NV20A-80-A"},{"r":"189","t":"07:04:04","h":"Ouest","s":"25S-H54S000A-83-A"},{"r":"189","t":"07:06:04","h":"Ouest","s":"25N-H54N000S-80-S"},{"r":"189","t":"07:06:04","h":"Ouest","s":"25N-H54NV10S-82-S"},{"r":"189","t":"07:06:04","h":"Ouest","s":"25N-H54NV20S-80-S"},{"r":"189","t":"07:06:04","h":"Ouest","s":"25S-H54S000S-82-S"},{"r":"410","t":"07:07:44","h":"Ouest","s":"25N-H57N000S-80-S"},{"r":"410","t":"07:07:44","h":"Ouest","s":"25N-H57NV10S-84-S"},{"r":"410","t":"07:07:44","h":"Ouest","s":"25N-H57NV20S-80-S"},{"r":"410","t":"07:07:44","h":"Ouest","s":"25S-H57S000S-82-S"},{"r":"189","t":"07:08:39","h":"Ouest","s":"25N-H54N000I-80-I"},{"r":"189","t":"07:08:39","h":"Ouest","s":"25N-H54N100F-80-F1"},{"r":"189","t":"07:08:39","h":"Ouest","s":"25N-H54N200F-80-F2"},{"r":"189","t":"07:08:39","h":"Ouest","s":"25N-H54N300F-80-F3"},{"r":"189","t":"07:08:39","h":"Ouest","s":"25N-H54N400F-80-F4"},{"r":"189","t":"07:08:39","h":"Ouest","s":"25N-H54NV10I-80-I"},{"r":"189","t":"07:08:39","h":"Ouest","s":"25N-H54NV20I-80-I"},{"r":"189","t":"07:08:39","h":"Ouest","s":"25S-H54S000I-82-I"},{"r":"189","t":"07:08:39","h":"Ouest","s":"25S-H54S100F-80-F1"},{"r":"189","t":"07:08:39","h":"Ouest","s":"25S-H54S200F-80-F2"},{"r":"487","t":"07:08:41","h":"Ouest via De Montigny / Notre-Dame","s":"25N-H54N000S-80-S"},{"r":"487","t":"07:08:41","h":"Ouest via De Montigny / Notre-Dame","s":"25N-H54NV10S-82-S"},{"r":"487","t":"07:08:41","h":"Ouest via De Montigny / Notre-Dame","s":"25N-H54NV20S-80-S"},{"r":"487","t":"07:08:41","h":"Ouest via De Montigny / Notre-Dame","s":"25S-H54S000S-82-S"},{"r":"189","t":"07:13:04","h":"Ouest","s":"25N-H54N000S-80-S"},{"r":"189","t":"07:13:04","h":"Ouest","s":"25N-H54NV10S-82-S"},{"r":"189","t":"07:13:04","h":"Ouest","s":"25N-H54NV20S-80-S"},{"r":"189","t":"07:13:04","h":"Ouest","s":"25S-H54S000S-82-S"},{"r":"189","t":"07:19:29","h":"Ouest","s":"25N-H54N000S-80-S"},{"r":"189","t":"07:19:29","h":"Ouest","s":"25N-H54NV10S-82-S"},{"r":"189","t":"07:19:29","h":"Ouest","s":"25N-H54NV20S-80-S"},{"r":"189","t":"07:19:29","h":"Ouest","s":"25S-H54S000S-82-S"},{"r":"487","t":"07:20:41","h":"Ouest via Notre-Dame / De Montigny","s":"25N-H55N000S-80-S"},{"r":"487","t":"07:20:41","h":"Ouest via Notre-Dame / De Montigny","s":"25N-H55N000S-82-S"},{"r":"487","t":"07:20:41","h":"Ouest via Notre-Dame / De Montigny","s":"25N-H55NV10S-85-S"},{"r":"487","t":"07:20:41","h":"Ouest via Notre-Dame / De Montigny","s":"25N-H55NV20S-81-S"},{"r":"487","t":"07:20:41","h":"Ouest via Notre-Dame / De Montigny","s":"25S-H55S000S-82-S"},{"r":"189","t":"07:25:29","h":"Ouest","s":"25N-H54N000S-80-S"},{"r":"189","t":"07:25:29","h":"Ouest","s":"25N-H54NV10S-82-S"},{"r":"189","t":"07:25:29","h":"Ouest","s":"25N-H54NV20S-80-S"},{"r":"189","t":"07:25:29","h":"Ouest","s":"25S-H54S000S-82-S"},{"r":"487","t":"07:30:41","h":"Ouest via Notre-Dame / De Montigny","s":"25N-H54N000S-80-S"},{"r":"487","t":"07:30:41","h":"Ouest via Notre-Dame / De Montigny","s":"25N-H54NV10S-82-S"},{"r":"487","t":"07:30:41","h":"Ouest via Notre-Dame / De Montigny","s":"25N-H54NV20S-80-S"},{"r":"487","t":"07:30:41","h":"Ouest via Notre-Dame / De Montigny","s":"25S-H54S000S-82-S"},{"r":"189","t":"07:31:04","h":"Ouest","s":"25N-H54N000A-80-A"},{"r":"189","t":"07:31:04","h":"Ouest","s":"25N-H54NV10A-80-A"},{"r":"189","t":"07:31:04","h":"Ouest","s":"25N-H54NV20A-80-A"},{"r":"189","t":"07:31:04","h":"Ouest","s":"25S-H54S000A-83-A"},{"r":"189","t":"07:31:29","h":"Ouest","s":"25N-H54N000S-80-S"},{"r":"189","t":"07:31:29","h":"Ouest","s":"25N-H54NV10S-82-S"},{"r":"189","t":"07:31:29","h":"Ouest","s":"25N-H54NV20S-80-S"},{"r":"189","t":"07:31:29","h":"Ouest","s":"25S-H54S000S-82-S"},{"r":"410","t":"07:33:44","h":"Ouest","s":"25N-H57N000S-80-S"},{"r":"410","t":"07:33:44","h":"Ouest","s":"25N-H57NV10S-84-S"},{"r":"410","t":"07:33:44","h":"Ouest","s":"25N-H57NV20S-80-S"},{"r":"410","t":"07:33:44","h":"Ouest","s":"25S-H57S000S-82-S"},{"r":"189","t":"07:37:29","h":"Ouest","s":"25N-H54N000S-80-S"},{"r":"189","t":"07:37:29","h":"Ouest","s":"25N-H54NV10S-82-S"},{"r":"189","t":"07:37:29","h":"Ouest","s":"25N-H54NV20S-80-S"},{"r":"189","t":"07:37:29","h":"Ouest","s":"25S-H54S000S-82-S"},{"r":"189","t":"07:37:39","h":"Ouest","s":"25N-H54N000I-80-I"},{"r":"189","t":"07:37:39","h":"Ouest","s":"25N-H54N100F-80-F1"},{"r":"189","t":"07:37:39","h":"Ouest","s":"25N-H54N200F-80-F2"},{"r":"189","t":"07:37:39","h":"Ouest","s":"25N-H54N300F-80-F3"},{"r":"189","t":"07:37:39","h":"Ouest","s":"25N-H54N400F-80-F4"},{"r":"189","t":"07:37:39","h":"Ouest","s":"25N-H54NV10I-80-I"},{"r":"189","t":"07:37:39","h":"Ouest","s":"25N-H54NV20I-80-I"},{"r":"189","t":"07:37:39","h":"Ouest","s":"25S-H54S000I-82-I"},{"r":"189","t":"07:37:39","h":"Ouest","s":"25S-H54S100F-80-F1"},{"r":"189","t":"07:37:39","h":"Ouest","s":"25S-H54S200F-80-F2"},{"r":"487","t":"07:40:41","h":"Ouest via Notre-Dame / De Montigny","s":"25N-H54N000S-80-S"},{"r":"487","t":"07:40:41","h":"Ouest via Notre-Dame / De Montigny","s":"25N-H54NV10S-82-S"},{"r":"487","t":"07:40:41","h":"Ouest via Notre-Dame / De Montigny","s":"25N-H54NV20S-80-S"},{"r":"487","t":"07:40:41","h":"Ouest via Notre-Dame / De Montigny","s":"25S-H54S000S-82-S"},{"r":"189","t":"07:44:29","h":"Ouest","s":"25N-H54N000S-80-S"},{"r":"189","t":"07:44:29","h":"Ouest","s":"25N-H54NV10S-82-S"},{"r":"189","t":"07:44:29","h":"Ouest","s":"25N-H54NV20S-80-S"},{"r":"189","t":"07:44:29","h":"Ouest","s":"25S-H54S000S-82-S"},{"r":"487","t":"07:50:41","h":"Ouest via Notre-Dame / De Montigny","s":"25N-H54N000S-80-S"},{"r":"487","t":"07:50:41","h":"Ouest via Notre-Dame / De Montigny","s":"25N-H54NV10S-82-S"},{"r":"487","t":"07:50:41","h":"Ouest via Notre-Dame / De Montigny","s":"25N-H54NV20S-80-S"},{"r":"487","t":"07:50:41","h":"Ouest via Notre-Dame / De Montigny","s":"25S-H54S000S-82-S"},{"r":"189","t":"07:54:29","h":"Ouest","s":"25N-H54N000S-80-S"},{"r":"189","t":"07:54:29","h":"Ouest","s":"25N-H54NV10S-82-S"},{"r":"189","t":"07:54:29","h":"Ouest","s":"25N-H54NV20S-80-S"},{"r":"189","t":"07:54:29","h":"Ouest","s":"25S-H54S000S-82-S"},{"r":"189","t":"07:55:04","h":"Ouest","s":"25N-H54N000A-80-A"},{"r":"189","t":"07:55:04","h":"Ouest","s":"25N-H54NV10A-80-A"},{"r":"189","t":"07:55:04","h":"Ouest","s":"25N-H54NV20A-80-A"},{"r":"189","t":"07:55:04","h":"Ouest","s":"25S-H54S000A-83-A"},{"r":"487","t":"08:00:41","h":"Ouest via Notre-Dame / De Montigny","s":"25N-H54N000S-80-S"},{"r":"487","t":"08:00:41","h":"Ouest via Notre-Dame / De Montigny","s":"25N-H54NV10S-82-S"},{"r":"487","t":"08:00:41","h":"Ouest via Notre-Dame / De Montigny","s":"25N-H54NV20S-80-S"},{"r":"487","t":"08:00:41","h":"Ouest via Notre-Dame / De Montigny","s":"25S-H54S000S-82-S"},{"r":"410","t":"08:00:44","h":"Ouest","s":"25N-H57N000S-80-S"},{"r":"410","t":"08:00:44","h":"Ouest","s":"25N-H57NV10S-84-S"},{"r":"410","t":"08:00:44","h":"Ouest","s":"25N-H57NV20S-80-S"},{"r":"410","t":"08:00:44","h":"Ouest","s":"25S-H57S000S-82-S"},{"r":"189","t":"08:06:29","h":"Ouest","s":"25N-H54N000S-80-S"},{"r":"189","t":"08:06:29","h":"Ouest","s":"25N-H54NV10S-82-S"},{"r":"189","t":"08:06:29","h":"Ouest","s":"25N-H54NV20S-80-S"},{"r":"189","t":"08:06:29","h":"Ouest","s":"25S-H54S000S-82-S"},{"r":"189","t":"08:06:39","h":"Ouest","s":"25N-H54N000I-80-I"},{"r":"189","t":"08:06:39","h":"Ouest","s":"25N-H54N100F-80-F1"},{"r":"189","t":"08:06:39","h":"Ouest","s":"25N-H54N200F-80-F2"},{"r":"189","t":"08:06:39","h":"Ouest","s":"25N-H54N300F-80-F3"},{"r":"189","t":"08:06:39","h":"Ouest","s":"25N-H54N400F-80-F4"},{"r":"189","t":"08:06:39","h":"Ouest","s":"25N-H54NV10I-80-I"},{"r":"189","t":"08:06:39","h":"Ouest","s":"25N-H54NV20I-80-I"},{"r":"189","t":"08:06:39","h":"Ouest","s":"25S-H54S000I-82-I"},{"r":"189","t":"08:06:39","h":"Ouest","s":"25S-H54S100F-80-F1"},{"r":"189","t":"08:06:39","h":"Ouest","s":"25S-H54S200F-80-F2"},{"r":"189","t":"08:16:04","h":"Ouest","s":"25N-H54N000A-80-A"},{"r":"189","t":"08:16:04","h":"Ouest","s":"25N-H54NV10A-80-A"},{"r":"189","t":"08:16:04","h":"Ouest","s":"25N-H54NV20A-80-A"},{"r":"189","t":"08:16:04","h":"Ouest","s":"25S-H54S000A-83-A"},{"r":"487","t":"08:19:41","h":"Ouest via Notre-Dame / De Montigny","s":"25N-H54N000S-80-S"},{"r":"487","t":"08:19:41","h":"Ouest via Notre-Dame / De Montigny","s":"25N-H54NV10S-82-S"},{"r":"487","t":"08:19:41","h":"Ouest via Notre-Dame / De Montigny","s":"25N-H54NV20S-80-S"},{"r":"487","t":"08:19:41","h":"Ouest via Notre-Dame / De Montigny","s":"25S-H54S000S-82-S"},{"r":"189","t":"08:21:04","h":"Ouest","s":"25N-H54N000S-80-S"},{"r":"189","t":"08:21:04","h":"Ouest","s":"25N-H54NV10S-82-S"},{"r":"189","t":"08:21:04","h":"Ouest","s":"25N-H54NV20S-80-S"},{"r":"189","t":"08:21:04","h":"Ouest","s":"25S-H54S000S-82-S"},{"r":"410","t":"08:28:17","h":"Ouest","s":"25N-H57N000S-80-S"},{"r":"410","t":"08:28:17","h":"Ouest","s":"25N-H57NV10S-84-S"},{"r":"410","t":"08:28:17","h":"Ouest","s":"25N-H57NV20S-80-S"},{"r":"410","t":"08:28:17","h":"Ouest","s":"25S-H57S000S-82-S"},{"r":"189","t":"08:35:39","h":"Ouest","s":"25N-H54N000I-80-I"},{"r":"189","t":"08:35:39","h":"Ouest","s":"25N-H54N100F-80-F1"},{"r":"189","t":"08:35:39","h":"Ouest","s":"25N-H54N200F-80-F2"},{"r":"189","t":"08:35:39","h":"Ouest","s":"25N-H54N300F-80-F3"},{"r":"189","t":"08:35:39","h":"Ouest","s":"25N-H54N400F-80-F4"},{"r":"189","t":"08:35:39","h":"Ouest","s":"25N-H54NV10I-80-I"},{"r":"189","t":"08:35:39","h":"Ouest","s":"25N-H54NV20I-80-I"},{"r":"189","t":"08:35:39","h":"Ouest","s":"25S-H54S000I-82-I"},{"r":"189","t":"08:35:39","h":"Ouest","s":"25S-H54S100F-80-F1"},{"r":"189","t":"08:35:39","h":"Ouest","s":"25S-H54S200F-80-F2"},{"r":"189","t":"08:36:04","h":"Ouest","s":"25N-H54N000S-80-S"},{"r":"189","t":"08:36:04","h":"Ouest","s":"25N-H54NV10S-82-S"},{"r":"189","t":"08:36:04","h":"Ouest","s":"25N-H54NV20S-80-S"},{"r":"189","t":"08:36:04","h":"Ouest","s":"25S-H54S000S-82-S"},{"r":"189","t":"08:37:04","h":"Ouest","s":"25N-H54N000A-80-A"},{"r":"189","t":"08:37:04","h":"Ouest","s":"25N-H54NV10A-80-A"},{"r":"189","t":"08:37:04","h":"Ouest","s":"25N-H54NV20A-80-A"},{"r":"189","t":"08:37:04","h":"Ouest","s":"25S-H54S000A-83-A"},{"r":"487","t":"08:38:41","h":"Ouest via Notre-Dame / De Montigny","s":"25N-H54N000S-80-S"},{"r":"487","t":"08:38:41","h":"Ouest via Notre-Dame / De Montigny","s":"25N-H54NV10S-82-S"},{"r":"487","t":"08:38:41","h":"Ouest via Notre-Dame / De Montigny","s":"25N-H54NV20S-80-S"},{"r":"487","t":"08:38:41","h":"Ouest via Notre-Dame / De Montigny","s":"25S-H54S000S-82-S"},{"r":"410","t":"08:56:17","h":"Ouest","s":"25N-H59N000S-80-S"},{"r":"410","t":"08:56:17","h":"Ouest","s":"25N-H59NV10S-84-S"},{"r":"410","t":"08:56:17","h":"Ouest","s":"25N-H59NV20S-80-S"},{"r":"410","t":"08:56:17","h":"Ouest","s":"25S-H59S000S-81-S"},{"r":"189","t":"08:57:04","h":"Ouest","s":"25N-H54N000S-80-S"},{"r":"189","t":"08:57:04","h":"Ouest","s":"25N-H54NV10S-82-S"},{"r":"189","t":"08:57:04","h":"Ouest","s":"25N-H54NV20S-80-S"},{"r":"189","t":"08:57:04","h":"Ouest","s":"25S-H54S000S-82-S"},{"r":"189","t":"08:58:04","h":"Ouest","s":"25N-H54N000A-80-A"},{"r":"189","t":"08:58:04","h":"Ouest","s":"25N-H54NV10A-80-A"},{"r":"189","t":"08:58:04","h":"Ouest","s":"25N-H54NV20A-80-A"},{"r":"189","t":"08:58:04","h":"Ouest","s":"25S-H54S000A-83-A"},{"r":"487","t":"08:58:41","h":"Ouest via Notre-Dame / De Montigny","s":"25N-H54N000S-80-S"},{"r":"487","t":"08:58:41","h":"Ouest via Notre-Dame / De Montigny","s":"25N-H54NV10S-82-S"},{"r":"487","t":"08:58:41","h":"Ouest via Notre-Dame / De Montigny","s":"25N-H54NV20S-80-S"},{"r":"487","t":"08:58:41","h":"Ouest via Notre-Dame / De Montigny","s":"25S-H54S000S-82-S"},{"r":"189","t":"09:04:39","h":"Ouest","s":"25N-H54N000I-80-I"},{"r":"189","t":"09:04:39","h":"Ouest","s":"25N-H54N100F-80-F1"},{"r":"189","t":"09:04:39","h":"Ouest","s":"25N-H54N200F-80-F2"},{"r":"189","t":"09:04:39","h":"Ouest","s":"25N-H54N300F-80-F3"},{"r":"189","t":"09:04:39","h":"Ouest","s":"25N-H54N400F-80-F4"},{"r":"189","t":"09:04:39","h":"Ouest","s":"25N-H54NV10I-80-I"},{"r":"189","t":"09:04:39","h":"Ouest","s":"25N-H54NV20I-80-I"},{"r":"189","t":"09:04:39","h":"Ouest","s":"25S-H54S000I-82-I"},{"r":"189","t":"09:04:39","h":"Ouest","s":"25S-H54S100F-80-F1"},{"r":"189","t":"09:04:39","h":"Ouest","s":"25S-H54S200F-80-F2"},{"r":"189","t":"09:19:04","h":"Ouest","s":"25N-H54N000A-80-A"},{"r":"189","t":"09:19:04","h":"Ouest","s":"25N-H54N000S-80-S"},{"r":"189","t":"09:19:04","h":"Ouest","s":"25N-H54NV10A-80-A"},{"r":"189","t":"09:19:04","h":"Ouest","s":"25N-H54NV10S-82-S"},{"r":"189","t":"09:19:04","h":"Ouest","s":"25N-H54NV20A-80-A"},{"r":"189","t":"09:19:04","h":"Ouest","s":"25N-H54NV20S-80-S"},{"r":"189","t":"09:19:04","h":"Ouest","s":"25S-H54S000A-83-A"},{"r":"189","t":"09:19:04","h":"Ouest","s":"25S-H54S000S-82-S"},{"r":"487","t":"09:21:14","h":"Ouest via Notre-Dame / De Montigny","s":"25N-H54N000S-80-S"},{"r":"487","t":"09:21:14","h":"Ouest via Notre-Dame / De Montigny","s":"25N-H54NV10S-82-S"},{"r":"487","t":"09:21:14","h":"Ouest via Notre-Dame / De Montigny","s":"25N-H54NV20S-80-S"},{"r":"487","t":"09:21:14","h":"Ouest via Notre-Dame / De Montigny","s":"25S-H54S000S-82-S"},{"r":"189","t":"09:33:39","h":"Ouest","s":"25N-H54N000I-80-I"},{"r":"189","t":"09:33:39","h":"Ouest","s":"25N-H54N100F-80-F1"},{"r":"189","t":"09:33:39","h":"Ouest","s":"25N-H54N200F-80-F2"},{"r":"189","t":"09:33:39","h":"Ouest","s":"25N-H54N300F-80-F3"},{"r":"189","t":"09:33:39","h":"Ouest","s":"25N-H54N400F-80-F4"},{"r":"189","t":"09:33:39","h":"Ouest","s":"25N-H54NV10I-80-I"},{"r":"189","t":"09:33:39","h":"Ouest","s":"25N-H54NV20I-80-I"},{"r":"189","t":"09:33:39","h":"Ouest","s":"25S-H54S000I-82-I"},{"r":"189","t":"09:33:39","h":"Ouest","s":"25S-H54S100F-80-F1"},{"r":"189","t":"09:33:39","h":"Ouest","s":"25S-H54S200F-80-F2"},{"r":"189","t":"09:40:04","h":"Ouest","s":"25N-H54N000S-80-S"},{"r":"189","t":"09:40:04","h":"Ouest","s":"25N-H54NV10S-82-S"},{"r":"189","t":"09:40:04","h":"Ouest","s":"25N-H54NV20S-80-S"},{"r":"189","t":"09:40:04","h":"Ouest","s":"25S-H54S000S-82-S"},{"r":"189","t":"09:42:04","h":"Ouest","s":"25N-H54N000A-80-A"},{"r":"189","t":"09:42:04","h":"Ouest","s":"25N-H54NV10A-80-A"},{"r":"189","t":"09:42:04","h":"Ouest","s":"25N-H54NV20A-80-A"},{"r":"189","t":"09:42:04","h":"Ouest","s":"25S-H54S000A-83-A"},{"r":"189","t":"09:57:04","h":"Ouest","s":"25N-H54N000A-80-A"},{"r":"189","t":"09:57:04","h":"Ouest","s":"25N-H54NV10A-80-A"},{"r":"189","t":"09:57:04","h":"Ouest","s":"25N-H54NV20A-80-A"},{"r":"189","t":"09:57:04","h":"Ouest","s":"25S-H54S000A-83-A"},{"r":"189","t":"09:58:04","h":"Ouest","s":"25N-H54N000S-80-S"},{"r":"189","t":"09:58:04","h":"Ouest","s":"25N-H54NV10S-82-S"},{"r":"189","t":"09:58:04","h":"Ouest","s":"25N-H54NV20S-80-S"},{"r":"189","t":"09:58:04","h":"Ouest","s":"25S-H54S000S-82-S"},{"r":"189","t":"10:02:39","h":"Ouest","s":"25N-H54N000I-80-I"},{"r":"189","t":"10:02:39","h":"Ouest","s":"25N-H54N100F-80-F1"},{"r":"189","t":"10:02:39","h":"Ouest","s":"25N-H54N200F-80-F2"},{"r":"189","t":"10:02:39","h":"Ouest","s":"25N-H54N300F-80-F3"},{"r":"189","t":"10:02:39","h":"Ouest","s":"25N-H54N400F-80-F4"},{"r":"189","t":"10:02:39","h":"Ouest","s":"25N-H54NV10I-80-I"},{"r":"189","t":"10:02:39","h":"Ouest","s":"25N-H54NV20I-80-I"},{"r":"189","t":"10:02:39","h":"Ouest","s":"25S-H54S000I-82-I"},{"r":"189","t":"10:02:39","h":"Ouest","s":"25S-H54S100F-80-F1"},{"r":"189","t":"10:02:39","h":"Ouest","s":"25S-H54S200F-80-F2"},{"r":"189","t":"10:12:04","h":"Ouest","s":"25N-H54N000A-80-A"},{"r":"189","t":"10:12:04","h":"Ouest","s":"25N-H54NV10A-80-A"},{"r":"189","t":"10:12:04","h":"Ouest","s":"25N-H54NV20A-80-A"},{"r":"189","t":"10:12:04","h":"Ouest","s":"25S-H54S000A-83-A"},{"r":"189","t":"10:15:04","h":"Ouest","s":"25N-H54N000S-80-S"},{"r":"189","t":"10:15:04","h":"Ouest","s":"25N-H54NV10S-82-S"},{"r":"189","t":"10:15:04","h":"Ouest","s":"25N-H54NV20S-80-S"},{"r":"189","t":"10:15:04","h":"Ouest","s":"25S-H54S000S-82-S"},{"r":"189","t":"10:27:04","h":"Ouest","s":"25N-H54N000A-80-A"},{"r":"189","t":"10:27:04","h":"Ouest","s":"25N-H54NV10A-80-A"},{"r":"189","t":"10:27:04","h":"Ouest","s":"25N-H54NV20A-80-A"},{"r":"189","t":"10:27:04","h":"Ouest","s":"25S-H54S000A-83-A"},{"r":"189","t":"10:31:39","h":"Ouest","s":"25N-H54N000I-80-I"},{"r":"189","t":"10:31:39","h":"Ouest","s":"25N-H54N100F-80-F1"},{"r":"189","t":"10:31:39","h":"Ouest","s":"25N-H54N200F-80-F2"},{"r":"189","t":"10:31:39","h":"Ouest","s":"25N-H54N300F-80-F3"},{"r":"189","t":"10:31:39","h":"Ouest","s":"25N-H54N400F-80-F4"},{"r":"189","t":"10:31:39","h":"Ouest","s":"25N-H54NV10I-80-I"},{"r":"189","t":"10:31:39","h":"Ouest","s":"25N-H54NV20I-80-I"},{"r":"189","t":"10:31:39","h":"Ouest","s":"25S-H54S000I-82-I"},{"r":"189","t":"10:31:39","h":"Ouest","s":"25S-H54S100F-80-F1"},{"r":"189","t":"10:31:39","h":"Ouest","s":"25S-H54S200F-80-F2"},{"r":"189","t":"10:32:04","h":"Ouest","s":"25N-H54N000S-80-S"},{"r":"189","t":"10:32:04","h":"Ouest","s":"25N-H54NV10S-82-S"},{"r":"189","t":"10:32:04","h":"Ouest","s":"25N-H54NV20S-80-S"},{"r":"189","t":"10:32:04","h":"Ouest","s":"25S-H54S000S-82-S"},{"r":"189","t":"10:43:04","h":"Ouest","s":"25N-H54N000A-80-A"},{"r":"189","t":"10:43:04","h":"Ouest","s":"25N-H54NV10A-80-A"},{"r":"189","t":"10:43:04","h":"Ouest","s":"25N-H54NV20A-80-A"},{"r":"189","t":"10:43:04","h":"Ouest","s":"25S-H54S000A-83-A"},{"r":"189","t":"10:50:04","h":"Ouest","s":"25N-H54N000S-80-S"},{"r":"189","t":"10:50:04","h":"Ouest","s":"25N-H54NV10S-82-S"},{"r":"189","t":"10:50:04","h":"Ouest","s":"25N-H54NV20S-80-S"},{"r":"189","t":"10:50:04","h":"Ouest","s":"25S-H54S000S-82-S"},{"r":"189","t":"11:00:39","h":"Ouest","s":"25N-H54N000I-80-I"},{"r":"189","t":"11:00:39","h":"Ouest","s":"25N-H54N100F-80-F1"},{"r":"189","t":"11:00:39","h":"Ouest","s":"25N-H54N200F-80-F2"},{"r":"189","t":"11:00:39","h":"Ouest","s":"25N-H54N300F-80-F3"},{"r":"189","t":"11:00:39","h":"Ouest","s":"25N-H54N400F-80-F4"},{"r":"189","t":"11:00:39","h":"Ouest","s":"25N-H54NV10I-80-I"},{"r":"189","t":"11:00:39","h":"Ouest","s":"25N-H54NV20I-80-I"},{"r":"189","t":"11:00:39","h":"Ouest","s":"25S-H54S000I-82-I"},{"r":"189","t":"11:00:39","h":"Ouest","s":"25S-H54S100F-80-F1"},{"r":"189","t":"11:00:39","h":"Ouest","s":"25S-H54S200F-80-F2"},{"r":"189","t":"11:01:04","h":"Ouest","s":"25N-H54N000A-80-A"},{"r":"189","t":"11:01:04","h":"Ouest","s":"25N-H54NV10A-80-A"},{"r":"189","t":"11:01:04","h":"Ouest","s":"25N-H54NV20A-80-A"},{"r":"189","t":"11:01:04","h":"Ouest","s":"25S-H54S000A-83-A"},{"r":"189","t":"11:08:04","h":"Ouest","s":"25N-H59N000S-80-S"},{"r":"189","t":"11:08:04","h":"Ouest","s":"25N-H59NV10S-84-S"},{"r":"189","t":"11:08:04","h":"Ouest","s":"25N-H59NV20S-80-S"},{"r":"189","t":"11:08:04","h":"Ouest","s":"25S-H59S000S-81-S"},{"r":"189","t":"11:20:04","h":"Ouest","s":"25N-H54N000A-80-A"},{"r":"189","t":"11:20:04","h":"Ouest","s":"25N-H54N000I-80-I"},{"r":"189","t":"11:20:04","h":"Ouest","s":"25N-H54N100F-80-F1"},{"r":"189","t":"11:20:04","h":"Ouest","s":"25N-H54N200F-80-F2"},{"r":"189","t":"11:20:04","h":"Ouest","s":"25N-H54N300F-80-F3"},{"r":"189","t":"11:20:04","h":"Ouest","s":"25N-H54N400F-80-F4"},{"r":"189","t":"11:20:04","h":"Ouest","s":"25N-H54NV10A-80-A"},{"r":"189","t":"11:20:04","h":"Ouest","s":"25N-H54NV10I-80-I"},{"r":"189","t":"11:20:04","h":"Ouest","s":"25N-H54NV20A-80-A"},{"r":"189","t":"11:20:04","h":"Ouest","s":"25N-H54NV20I-80-I"},{"r":"189","t":"11:20:04","h":"Ouest","s":"25S-H54S000A-83-A"},{"r":"189","t":"11:20:04","h":"Ouest","s":"25S-H54S000I-82-I"},{"r":"189","t":"11:20:04","h":"Ouest","s":"25S-H54S100F-80-F1"},{"r":"189","t":"11:20:04","h":"Ouest","s":"25S-H54S200F-80-F2"},{"r":"189","t":"11:27:04","h":"Ouest","s":"25N-H54N000S-80-S"},{"r":"189","t":"11:27:04","h":"Ouest","s":"25N-H54NV10S-82-S"},{"r":"189","t":"11:27:04","h":"Ouest","s":"25N-H54NV20S-80-S"},{"r":"189","t":"11:27:04","h":"Ouest","s":"25S-H54S000S-82-S"},{"r":"189","t":"11:39:04","h":"Ouest","s":"25N-H54N000I-80-I"},{"r":"189","t":"11:39:04","h":"Ouest","s":"25N-H54N100F-80-F1"},{"r":"189","t":"11:39:04","h":"Ouest","s":"25N-H54N200F-80-F2"},{"r":"189","t":"11:39:04","h":"Ouest","s":"25N-H54N300F-80-F3"},{"r":"189","t":"11:39:04","h":"Ouest","s":"25N-H54N400F-80-F4"},{"r":"189","t":"11:39:04","h":"Ouest","s":"25N-H54NV10I-80-I"},{"r":"189","t":"11:39:04","h":"Ouest","s":"25N-H54NV20I-80-I"},{"r":"189","t":"11:39:04","h":"Ouest","s":"25S-H54S000I-82-I"},{"r":"189","t":"11:39:04","h":"Ouest","s":"25S-H54S100F-80-F1"},{"r":"189","t":"11:39:04","h":"Ouest","s":"25S-H54S200F-80-F2"},{"r":"189","t":"11:41:04","h":"Ouest","s":"25N-H54N000A-80-A"},{"r":"189","t":"11:41:04","h":"Ouest","s":"25N-H54NV10A-80-A"},{"r":"189","t":"11:41:04","h":"Ouest","s":"25N-H54NV20A-80-A"},{"r":"189","t":"11:41:04","h":"Ouest","s":"25S-H54S000A-83-A"},{"r":"189","t":"11:47:04","h":"Ouest","s":"25N-H54N000S-80-S"},{"r":"189","t":"11:47:04","h":"Ouest","s":"25N-H54NV10S-82-S"},{"r":"189","t":"11:47:04","h":"Ouest","s":"25N-H54NV20S-80-S"},{"r":"189","t":"11:47:04","h":"Ouest","s":"25S-H54S000S-82-S"},{"r":"189","t":"11:59:04","h":"Ouest","s":"25N-H54N000I-80-I"},{"r":"189","t":"11:59:04","h":"Ouest","s":"25N-H54N100F-80-F1"},{"r":"189","t":"11:59:04","h":"Ouest","s":"25N-H54N200F-80-F2"},{"r":"189","t":"11:59:04","h":"Ouest","s":"25N-H54N300F-80-F3"},{"r":"189","t":"11:59:04","h":"Ouest","s":"25N-H54N400F-80-F4"},{"r":"189","t":"11:59:04","h":"Ouest","s":"25N-H54NV10I-80-I"},{"r":"189","t":"11:59:04","h":"Ouest","s":"25N-H54NV20I-80-I"},{"r":"189","t":"11:59:04","h":"Ouest","s":"25S-H54S000I-82-I"},{"r":"189","t":"11:59:04","h":"Ouest","s":"25S-H54S100F-80-F1"},{"r":"189","t":"11:59:04","h":"Ouest","s":"25S-H54S200F-80-F2"},{"r":"189","t":"12:02:04","h":"Ouest","s":"25N-H54N000A-80-A"},{"r":"189","t":"12:02:04","h":"Ouest","s":"25N-H54NV10A-80-A"},{"r":"189","t":"12:02:04","h":"Ouest","s":"25N-H54NV20A-80-A"},{"r":"189","t":"12:02:04","h":"Ouest","s":"25S-H54S000A-83-A"},{"r":"189","t":"12:07:04","h":"Ouest","s":"25N-H54N000S-80-S"},{"r":"189","t":"12:07:04","h":"Ouest","s":"25N-H54NV10S-82-S"},{"r":"189","t":"12:07:04","h":"Ouest","s":"25N-H54NV20S-80-S"},{"r":"189","t":"12:07:04","h":"Ouest","s":"25S-H54S000S-82-S"},{"r":"189","t":"12:19:04","h":"Ouest","s":"25N-H54N000I-80-I"},{"r":"189","t":"12:19:04","h":"Ouest","s":"25N-H54N100F-80-F1"},{"r":"189","t":"12:19:04","h":"Ouest","s":"25N-H54N200F-80-F2"},{"r":"189","t":"12:19:04","h":"Ouest","s":"25N-H54N300F-80-F3"},{"r":"189","t":"12:19:04","h":"Ouest","s":"25N-H54N400F-80-F4"},{"r":"189","t":"12:19:04","h":"Ouest","s":"25N-H54NV10I-80-I"},{"r":"189","t":"12:19:04","h":"Ouest","s":"25N-H54NV20I-80-I"},{"r":"189","t":"12:19:04","h":"Ouest","s":"25S-H54S000I-82-I"},{"r":"189","t":"12:19:04","h":"Ouest","s":"25S-H54S100F-80-F1"},{"r":"189","t":"12:19:04","h":"Ouest","s":"25S-H54S200F-80-F2"},{"r":"189","t":"12:21:04","h":"Ouest","s":"25N-H54N000A-80-A"},{"r":"189","t":"12:21:04","h":"Ouest","s":"25N-H54NV10A-80-A"},{"r":"189","t":"12:21:04","h":"Ouest","s":"25N-H54NV20A-80-A"},{"r":"189","t":"12:21:04","h":"Ouest","s":"25S-H54S000A-83-A"},{"r":"189","t":"12:26:04","h":"Ouest","s":"25N-H54N000S-80-S"},{"r":"189","t":"12:26:04","h":"Ouest","s":"25N-H54NV10S-82-S"},{"r":"189","t":"12:26:04","h":"Ouest","s":"25N-H54NV20S-80-S"},{"r":"189","t":"12:26:04","h":"Ouest","s":"25S-H54S000S-82-S"},{"r":"189","t":"12:39:04","h":"Ouest","s":"25N-H54N000I-80-I"},{"r":"189","t":"12:39:04","h":"Ouest","s":"25N-H54N100F-80-F1"},{"r":"189","t":"12:39:04","h":"Ouest","s":"25N-H54N200F-80-F2"},{"r":"189","t":"12:39:04","h":"Ouest","s":"25N-H54N300F-80-F3"},{"r":"189","t":"12:39:04","h":"Ouest","s":"25N-H54N400F-80-F4"},{"r":"189","t":"12:39:04","h":"Ouest","s":"25N-H54NV10I-80-I"},{"r":"189","t":"12:39:04","h":"Ouest","s":"25N-H54NV20I-80-I"},{"r":"189","t":"12:39:04","h":"Ouest","s":"25S-H54S000I-82-I"},{"r":"189","t":"12:39:04","h":"Ouest","s":"25S-H54S100F-80-F1"},{"r":"189","t":"12:39:04","h":"Ouest","s":"25S-H54S200F-80-F2"},{"r":"189","t":"12:40:04","h":"Ouest","s":"25N-H54N000A-80-A"},{"r":"189","t":"12:40:04","h":"Ouest","s":"25N-H54NV10A-80-A"},{"r":"189","t":"12:40:04","h":"Ouest","s":"25N-H54NV20A-80-A"},{"r":"189","t":"12:40:04","h":"Ouest","s":"25S-H54S000A-83-A"},{"r":"189","t":"12:45:04","h":"Ouest","s":"25N-H54N000S-80-S"},{"r":"189","t":"12:45:04","h":"Ouest","s":"25N-H54NV10S-82-S"},{"r":"189","t":"12:45:04","h":"Ouest","s":"25N-H54NV20S-80-S"},{"r":"189","t":"12:45:04","h":"Ouest","s":"25S-H54S000S-82-S"},{"r":"189","t":"12:58:04","h":"Ouest","s":"25N-H54N000I-80-I"},{"r":"189","t":"12:58:04","h":"Ouest","s":"25N-H54N100F-80-F1"},{"r":"189","t":"12:58:04","h":"Ouest","s":"25N-H54N200F-80-F2"},{"r":"189","t":"12:58:04","h":"Ouest","s":"25N-H54N300F-80-F3"},{"r":"189","t":"12:58:04","h":"Ouest","s":"25N-H54N400F-80-F4"},{"r":"189","t":"12:58:04","h":"Ouest","s":"25N-H54NV10I-80-I"},{"r":"189","t":"12:58:04","h":"Ouest","s":"25N-H54NV20I-80-I"},{"r":"189","t":"12:58:04","h":"Ouest","s":"25S-H54S000I-82-I"},{"r":"189","t":"12:58:04","h":"Ouest","s":"25S-H54S100F-80-F1"},{"r":"189","t":"12:58:04","h":"Ouest","s":"25S-H54S200F-80-F2"},{"r":"189","t":"12:59:04","h":"Ouest","s":"25N-H54N000A-80-A"},{"r":"189","t":"12:59:04","h":"Ouest","s":"25N-H54NV10A-80-A"},{"r":"189","t":"12:59:04","h":"Ouest","s":"25N-H54NV20A-80-A"},{"r":"189","t":"12:59:04","h":"Ouest","s":"25S-H54S000A-83-A"},{"r":"189","t":"13:04:04","h":"Ouest","s":"25N-H54N000S-80-S"},{"r":"189","t":"13:04:04","h":"Ouest","s":"25N-H54NV10S-82-S"},{"r":"189","t":"13:04:04","h":"Ouest","s":"25N-H54NV20S-80-S"},{"r":"189","t":"13:04:04","h":"Ouest","s":"25S-H54S000S-82-S"},{"r":"189","t":"13:17:04","h":"Ouest","s":"25N-H54N000A-80-A"},{"r":"189","t":"13:17:04","h":"Ouest","s":"25N-H54N000I-80-I"},{"r":"189","t":"13:17:04","h":"Ouest","s":"25N-H54N100F-80-F1"},{"r":"189","t":"13:17:04","h":"Ouest","s":"25N-H54N200F-80-F2"},{"r":"189","t":"13:17:04","h":"Ouest","s":"25N-H54N300F-80-F3"},{"r":"189","t":"13:17:04","h":"Ouest","s":"25N-H54N400F-80-F4"},{"r":"189","t":"13:17:04","h":"Ouest","s":"25N-H54NV10A-80-A"},{"r":"189","t":"13:17:04","h":"Ouest","s":"25N-H54NV10I-80-I"},{"r":"189","t":"13:17:04","h":"Ouest","s":"25N-H54NV20A-80-A"},{"r":"189","t":"13:17:04","h":"Ouest","s":"25N-H54NV20I-80-I"},{"r":"189","t":"13:17:04","h":"Ouest","s":"25S-H54S000A-83-A"},{"r":"189","t":"13:17:04","h":"Ouest","s":"25S-H54S000I-82-I"},{"r":"189","t":"13:17:04","h":"Ouest","s":"25S-H54S100F-80-F1"},{"r":"189","t":"13:17:04","h":"Ouest","s":"25S-H54S200F-80-F2"},{"r":"189","t":"13:23:04","h":"Ouest","s":"25N-H54N000S-80-S"},{"r":"189","t":"13:23:04","h":"Ouest","s":"25N-H54NV10S-82-S"},{"r":"189","t":"13:23:04","h":"Ouest","s":"25N-H54NV20S-80-S"},{"r":"189","t":"13:23:04","h":"Ouest","s":"25S-H54S000S-82-S"},{"r":"189","t":"13:35:04","h":"Ouest","s":"25N-H54N000A-80-A"},{"r":"189","t":"13:35:04","h":"Ouest","s":"25N-H54NV10A-80-A"},{"r":"189","t":"13:35:04","h":"Ouest","s":"25N-H54NV20A-80-A"},{"r":"189","t":"13:35:04","h":"Ouest","s":"25S-H54S000A-83-A"},{"r":"189","t":"13:37:04","h":"Ouest","s":"25N-H54N000I-80-I"},{"r":"189","t":"13:37:04","h":"Ouest","s":"25N-H54N100F-80-F1"},{"r":"189","t":"13:37:04","h":"Ouest","s":"25N-H54N200F-80-F2"},{"r":"189","t":"13:37:04","h":"Ouest","s":"25N-H54N300F-80-F3"},{"r":"189","t":"13:37:04","h":"Ouest","s":"25N-H54N400F-80-F4"},{"r":"189","t":"13:37:04","h":"Ouest","s":"25N-H54NV10I-80-I"},{"r":"189","t":"13:37:04","h":"Ouest","s":"25N-H54NV20I-80-I"},{"r":"189","t":"13:37:04","h":"Ouest","s":"25S-H54S000I-82-I"},{"r":"189","t":"13:37:04","h":"Ouest","s":"25S-H54S100F-80-F1"},{"r":"189","t":"13:37:04","h":"Ouest","s":"25S-H54S200F-80-F2"},{"r":"189","t":"13:41:04","h":"Ouest","s":"25N-H54N000S-80-S"},{"r":"189","t":"13:41:04","h":"Ouest","s":"25N-H54NV10S-82-S"},{"r":"189","t":"13:41:04","h":"Ouest","s":"25N-H54NV20S-80-S"},{"r":"189","t":"13:41:04","h":"Ouest","s":"25S-H54S000S-82-S"},{"r":"189","t":"13:54:04","h":"Ouest","s":"25N-H54N000A-80-A"},{"r":"189","t":"13:54:04","h":"Ouest","s":"25N-H54NV10A-80-A"},{"r":"189","t":"13:54:04","h":"Ouest","s":"25N-H54NV20A-80-A"},{"r":"189","t":"13:54:04","h":"Ouest","s":"25S-H54S000A-83-A"},{"r":"189","t":"13:57:04","h":"Ouest","s":"25N-H54N000I-80-I"},{"r":"189","t":"13:57:04","h":"Ouest","s":"25N-H54N100F-80-F1"},{"r":"189","t":"13:57:04","h":"Ouest","s":"25N-H54N200F-80-F2"},{"r":"189","t":"13:57:04","h":"Ouest","s":"25N-H54N300F-80-F3"},{"r":"189","t":"13:57:04","h":"Ouest","s":"25N-H54N400F-80-F4"},{"r":"189","t":"13:57:04","h":"Ouest","s":"25N-H54NV10I-80-I"},{"r":"189","t":"13:57:04","h":"Ouest","s":"25N-H54NV20I-80-I"},{"r":"189","t":"13:57:04","h":"Ouest","s":"25S-H54S000I-82-I"},{"r":"189","t":"13:57:04","h":"Ouest","s":"25S-H54S100F-80-F1"},{"r":"189","t":"13:57:04","h":"Ouest","s":"25S-H54S200F-80-F2"},{"r":"189","t":"14:00:04","h":"Ouest","s":"25N-H54N000S-80-S"},{"r":"189","t":"14:00:04","h":"Ouest","s":"25N-H54NV10S-82-S"},{"r":"189","t":"14:00:04","h":"Ouest","s":"25N-H54NV20S-80-S"},{"r":"189","t":"14:00:04","h":"Ouest","s":"25S-H54S000S-82-S"},{"r":"189","t":"14:13:04","h":"Ouest","s":"25N-H54N000A-80-A"},{"r":"189","t":"14:13:04","h":"Ouest","s":"25N-H54NV10A-80-A"},{"r":"189","t":"14:13:04","h":"Ouest","s":"25N-H54NV20A-80-A"},{"r":"189","t":"14:13:04","h":"Ouest","s":"25S-H54S000A-83-A"},{"r":"189","t":"14:19:04","h":"Ouest","s":"25N-H54N000I-80-I"},{"r":"189","t":"14:19:04","h":"Ouest","s":"25N-H54N000S-80-S"},{"r":"189","t":"14:19:04","h":"Ouest","s":"25N-H54N100F-80-F1"},{"r":"189","t":"14:19:04","h":"Ouest","s":"25N-H54N200F-80-F2"},{"r":"189","t":"14:19:04","h":"Ouest","s":"25N-H54N300F-80-F3"},{"r":"189","t":"14:19:04","h":"Ouest","s":"25N-H54N400F-80-F4"},{"r":"189","t":"14:19:04","h":"Ouest","s":"25N-H54NV10I-80-I"},{"r":"189","t":"14:19:04","h":"Ouest","s":"25N-H54NV10S-82-S"},{"r":"189","t":"14:19:04","h":"Ouest","s":"25N-H54NV20I-80-I"},{"r":"189","t":"14:19:04","h":"Ouest","s":"25N-H54NV20S-80-S"},{"r":"189","t":"14:19:04","h":"Ouest","s":"25S-H54S000I-82-I"},{"r":"189","t":"14:19:04","h":"Ouest","s":"25S-H54S000S-82-S"},{"r":"189","t":"14:19:04","h":"Ouest","s":"25S-H54S100F-80-F1"},{"r":"189","t":"14:19:04","h":"Ouest","s":"25S-H54S200F-80-F2"},{"r":"189","t":"14:31:04","h":"Ouest","s":"25N-H54N000A-80-A"},{"r":"189","t":"14:31:04","h":"Ouest","s":"25N-H54NV10A-80-A"},{"r":"189","t":"14:31:04","h":"Ouest","s":"25N-H54NV20A-80-A"},{"r":"189","t":"14:31:04","h":"Ouest","s":"25S-H54S000A-83-A"},{"r":"189","t":"14:38:04","h":"Ouest","s":"25N-H54N000S-80-S"},{"r":"189","t":"14:38:04","h":"Ouest","s":"25N-H54NV10S-82-S"},{"r":"189","t":"14:38:04","h":"Ouest","s":"25N-H54NV20S-80-S"},{"r":"189","t":"14:38:04","h":"Ouest","s":"25S-H54S000S-82-S"},{"r":"189","t":"14:44:04","h":"Ouest","s":"25N-H54N000I-80-I"},{"r":"189","t":"14:44:04","h":"Ouest","s":"25N-H54N100F-80-F1"},{"r":"189","t":"14:44:04","h":"Ouest","s":"25N-H54N200F-80-F2"},{"r":"189","t":"14:44:04","h":"Ouest","s":"25N-H54N300F-80-F3"},{"r":"189","t":"14:44:04","h":"Ouest","s":"25N-H54N400F-80-F4"},{"r":"189","t":"14:44:04","h":"Ouest","s":"25N-H54NV10I-80-I"},{"r":"189","t":"14:44:04","h":"Ouest","s":"25N-H54NV20I-80-I"},{"r":"189","t":"14:44:04","h":"Ouest","s":"25S-H54S000I-82-I"},{"r":"189","t":"14:44:04","h":"Ouest","s":"25S-H54S100F-80-F1"},{"r":"189","t":"14:44:04","h":"Ouest","s":"25S-H54S200F-80-F2"},{"r":"189","t":"14:49:04","h":"Ouest","s":"25N-H54N000A-80-A"},{"r":"189","t":"14:49:04","h":"Ouest","s":"25N-H54NV10A-80-A"},{"r":"189","t":"14:49:04","h":"Ouest","s":"25N-H54NV20A-80-A"},{"r":"189","t":"14:49:04","h":"Ouest","s":"25S-H54S000A-83-A"},{"r":"189","t":"14:57:04","h":"Ouest","s":"25N-H54N000S-80-S"},{"r":"189","t":"14:57:04","h":"Ouest","s":"25N-H54NV10S-82-S"},{"r":"189","t":"14:57:04","h":"Ouest","s":"25N-H54NV20S-80-S"},{"r":"189","t":"14:57:04","h":"Ouest","s":"25S-H54S000S-82-S"},{"r":"189","t":"15:07:04","h":"Ouest","s":"25N-H54N000A-80-A"},{"r":"189","t":"15:07:04","h":"Ouest","s":"25N-H54NV10A-80-A"},{"r":"189","t":"15:07:04","h":"Ouest","s":"25N-H54NV20A-80-A"},{"r":"189","t":"15:07:04","h":"Ouest","s":"25S-H54S000A-83-A"},{"r":"189","t":"15:15:04","h":"Ouest","s":"25N-H54N000I-80-I"},{"r":"189","t":"15:15:04","h":"Ouest","s":"25N-H54N100F-80-F1"},{"r":"189","t":"15:15:04","h":"Ouest","s":"25N-H54N200F-80-F2"},{"r":"189","t":"15:15:04","h":"Ouest","s":"25N-H54N300F-80-F3"},{"r":"189","t":"15:15:04","h":"Ouest","s":"25N-H54N400F-80-F4"},{"r":"189","t":"15:15:04","h":"Ouest","s":"25N-H54NV10I-80-I"},{"r":"189","t":"15:15:04","h":"Ouest","s":"25N-H54NV20I-80-I"},{"r":"189","t":"15:15:04","h":"Ouest","s":"25S-H54S000I-82-I"},{"r":"189","t":"15:15:04","h":"Ouest","s":"25S-H54S100F-80-F1"},{"r":"189","t":"15:15:04","h":"Ouest","s":"25S-H54S200F-80-F2"},{"r":"189","t":"15:17:29","h":"Ouest","s":"25N-H54N000S-80-S"},{"r":"189","t":"15:17:29","h":"Ouest","s":"25N-H54NV10S-82-S"},{"r":"189","t":"15:17:29","h":"Ouest","s":"25N-H54NV20S-80-S"},{"r":"189","t":"15:17:29","h":"Ouest","s":"25S-H54S000S-82-S"},{"r":"189","t":"15:25:04","h":"Ouest","s":"25N-H54N000A-80-A"},{"r":"189","t":"15:25:04","h":"Ouest","s":"25N-H54NV10A-80-A"},{"r":"189","t":"15:25:04","h":"Ouest","s":"25N-H54NV20A-80-A"},{"r":"189","t":"15:25:04","h":"Ouest","s":"25S-H54S000A-83-A"},{"r":"189","t":"15:37:29","h":"Ouest","s":"25N-H57N000S-80-S"},{"r":"189","t":"15:37:29","h":"Ouest","s":"25N-H57NV10S-84-S"},{"r":"189","t":"15:37:29","h":"Ouest","s":"25N-H57NV20S-80-S"},{"r":"189","t":"15:37:29","h":"Ouest","s":"25S-H57S000S-82-S"},{"r":"189","t":"15:45:04","h":"Ouest","s":"25N-H54N000A-80-A"},{"r":"189","t":"15:45:04","h":"Ouest","s":"25N-H54NV10A-80-A"},{"r":"189","t":"15:45:04","h":"Ouest","s":"25N-H54NV20A-80-A"},{"r":"189","t":"15:45:04","h":"Ouest","s":"25S-H54S000A-83-A"},{"r":"189","t":"15:47:04","h":"Ouest","s":"25N-H54N000I-80-I"},{"r":"189","t":"15:47:04","h":"Ouest","s":"25N-H54N100F-80-F1"},{"r":"189","t":"15:47:04","h":"Ouest","s":"25N-H54N200F-80-F2"},{"r":"189","t":"15:47:04","h":"Ouest","s":"25N-H54N300F-80-F3"},{"r":"189","t":"15:47:04","h":"Ouest","s":"25N-H54N400F-80-F4"},{"r":"189","t":"15:47:04","h":"Ouest","s":"25N-H54NV10I-80-I"},{"r":"189","t":"15:47:04","h":"Ouest","s":"25N-H54NV20I-80-I"},{"r":"189","t":"15:47:04","h":"Ouest","s":"25S-H54S000I-82-I"},{"r":"189","t":"15:47:04","h":"Ouest","s":"25S-H54S100F-80-F1"},{"r":"189","t":"15:47:04","h":"Ouest","s":"25S-H54S200F-80-F2"},{"r":"189","t":"16:00:29","h":"Ouest","s":"25N-H54N000S-80-S"},{"r":"189","t":"16:00:29","h":"Ouest","s":"25N-H54NV10S-82-S"},{"r":"189","t":"16:00:29","h":"Ouest","s":"25N-H54NV20S-80-S"},{"r":"189","t":"16:00:29","h":"Ouest","s":"25S-H54S000S-82-S"},{"r":"189","t":"16:09:04","h":"Ouest","s":"25N-H54N000A-80-A"},{"r":"189","t":"16:09:04","h":"Ouest","s":"25N-H54NV10A-80-A"},{"r":"189","t":"16:09:04","h":"Ouest","s":"25N-H54NV20A-80-A"},{"r":"189","t":"16:09:04","h":"Ouest","s":"25S-H54S000A-83-A"},{"r":"189","t":"16:18:04","h":"Ouest","s":"25N-H54N000I-80-I"},{"r":"189","t":"16:18:04","h":"Ouest","s":"25N-H54N100F-80-F1"},{"r":"189","t":"16:18:04","h":"Ouest","s":"25N-H54N200F-80-F2"},{"r":"189","t":"16:18:04","h":"Ouest","s":"25N-H54N300F-80-F3"},{"r":"189","t":"16:18:04","h":"Ouest","s":"25N-H54N400F-80-F4"},{"r":"189","t":"16:18:04","h":"Ouest","s":"25N-H54NV10I-80-I"},{"r":"189","t":"16:18:04","h":"Ouest","s":"25N-H54NV20I-80-I"},{"r":"189","t":"16:18:04","h":"Ouest","s":"25S-H54S000I-82-I"},{"r":"189","t":"16:18:04","h":"Ouest","s":"25S-H54S100F-80-F1"},{"r":"189","t":"16:18:04","h":"Ouest","s":"25S-H54S200F-80-F2"},{"r":"189","t":"16:27:29","h":"Ouest","s":"25N-H54N000S-80-S"},{"r":"189","t":"16:27:29","h":"Ouest","s":"25N-H54NV10S-82-S"},{"r":"189","t":"16:27:29","h":"Ouest","s":"25N-H54NV20S-80-S"},{"r":"189","t":"16:27:29","h":"Ouest","s":"25S-H54S000S-82-S"},{"r":"189","t":"16:38:04","h":"Ouest","s":"25N-H54N000A-80-A"},{"r":"189","t":"16:38:04","h":"Ouest","s":"25N-H54NV10A-80-A"},{"r":"189","t":"16:38:04","h":"Ouest","s":"25N-H54NV20A-80-A"},{"r":"189","t":"16:38:04","h":"Ouest","s":"25S-H54S000A-83-A"},{"r":"189","t":"16:48:04","h":"Ouest","s":"25N-H54N000I-80-I"},{"r":"189","t":"16:48:04","h":"Ouest","s":"25N-H54N100F-80-F1"},{"r":"189","t":"16:48:04","h":"Ouest","s":"25N-H54N200F-80-F2"},{"r":"189","t":"16:48:04","h":"Ouest","s":"25N-H54N300F-80-F3"},{"r":"189","t":"16:48:04","h":"Ouest","s":"25N-H54N400F-80-F4"},{"r":"189","t":"16:48:04","h":"Ouest","s":"25N-H54NV10I-80-I"},{"r":"189","t":"16:48:04","h":"Ouest","s":"25N-H54NV20I-80-I"},{"r":"189","t":"16:48:04","h":"Ouest","s":"25S-H54S000I-82-I"},{"r":"189","t":"16:48:04","h":"Ouest","s":"25S-H54S100F-80-F1"},{"r":"189","t":"16:48:04","h":"Ouest","s":"25S-H54S200F-80-F2"},{"r":"189","t":"16:58:29","h":"Ouest","s":"25N-H54N000S-80-S"},{"r":"189","t":"16:58:29","h":"Ouest","s":"25N-H54NV10S-82-S"},{"r":"189","t":"16:58:29","h":"Ouest","s":"25N-H54NV20S-80-S"},{"r":"189","t":"16:58:29","h":"Ouest","s":"25S-H54S000S-82-S"},{"r":"189","t":"17:08:04","h":"Ouest","s":"25N-H54N000A-80-A"},{"r":"189","t":"17:08:04","h":"Ouest","s":"25N-H54NV10A-80-A"},{"r":"189","t":"17:08:04","h":"Ouest","s":"25N-H54NV20A-80-A"},{"r":"189","t":"17:08:04","h":"Ouest","s":"25S-H54S000A-83-A"},{"r":"189","t":"17:19:04","h":"Ouest","s":"25N-H54N000I-80-I"},{"r":"189","t":"17:19:04","h":"Ouest","s":"25N-H54N100F-80-F1"},{"r":"189","t":"17:19:04","h":"Ouest","s":"25N-H54N200F-80-F2"},{"r":"189","t":"17:19:04","h":"Ouest","s":"25N-H54N300F-80-F3"},{"r":"189","t":"17:19:04","h":"Ouest","s":"25N-H54N400F-80-F4"},{"r":"189","t":"17:19:04","h":"Ouest","s":"25N-H54NV10I-80-I"},{"r":"189","t":"17:19:04","h":"Ouest","s":"25N-H54NV20I-80-I"},{"r":"189","t":"17:19:04","h":"Ouest","s":"25S-H54S000I-82-I"},{"r":"189","t":"17:19:04","h":"Ouest","s":"25S-H54S100F-80-F1"},{"r":"189","t":"17:19:04","h":"Ouest","s":"25S-H54S200F-80-F2"},{"r":"189","t":"17:29:29","h":"Ouest","s":"25N-H54N000S-80-S"},{"r":"189","t":"17:29:29","h":"Ouest","s":"25N-H54NV10S-82-S"},{"r":"189","t":"17:29:29","h":"Ouest","s":"25N-H54NV20S-80-S"},{"r":"189","t":"17:29:29","h":"Ouest","s":"25S-H54S000S-82-S"},{"r":"189","t":"17:36:04","h":"Ouest","s":"25N-H54N000A-80-A"},{"r":"189","t":"17:36:04","h":"Ouest","s":"25N-H54NV10A-80-A"},{"r":"189","t":"17:36:04","h":"Ouest","s":"25N-H54NV20A-80-A"},{"r":"189","t":"17:36:04","h":"Ouest","s":"25S-H54S000A-83-A"},{"r":"189","t":"17:51:04","h":"Ouest","s":"25N-H54N000I-80-I"},{"r":"189","t":"17:51:04","h":"Ouest","s":"25N-H54N100F-80-F1"},{"r":"189","t":"17:51:04","h":"Ouest","s":"25N-H54N200F-80-F2"},{"r":"189","t":"17:51:04","h":"Ouest","s":"25N-H54N300F-80-F3"},{"r":"189","t":"17:51:04","h":"Ouest","s":"25N-H54N400F-80-F4"},{"r":"189","t":"17:51:04","h":"Ouest","s":"25N-H54NV10I-80-I"},{"r":"189","t":"17:51:04","h":"Ouest","s":"25N-H54NV20I-80-I"},{"r":"189","t":"17:51:04","h":"Ouest","s":"25S-H54S000I-82-I"},{"r":"189","t":"17:51:04","h":"Ouest","s":"25S-H54S100F-80-F1"},{"r":"189","t":"17:51:04","h":"Ouest","s":"25S-H54S200F-80-F2"},{"r":"189","t":"17:57:04","h":"Ouest","s":"25N-H54N000S-80-S"},{"r":"189","t":"17:57:04","h":"Ouest","s":"25N-H54NV10S-82-S"},{"r":"189","t":"17:57:04","h":"Ouest","s":"25N-H54NV20S-80-S"},{"r":"189","t":"17:57:04","h":"Ouest","s":"25S-H54S000S-82-S"},{"r":"189","t":"18:01:04","h":"Ouest","s":"25N-H54N000A-80-A"},{"r":"189","t":"18:01:04","h":"Ouest","s":"25N-H54NV10A-80-A"},{"r":"189","t":"18:01:04","h":"Ouest","s":"25N-H54NV20A-80-A"},{"r":"189","t":"18:01:04","h":"Ouest","s":"25S-H54S000A-83-A"},{"r":"189","t":"18:23:04","h":"Ouest","s":"25N-H54N000I-80-I"},{"r":"189","t":"18:23:04","h":"Ouest","s":"25N-H54N100F-80-F1"},{"r":"189","t":"18:23:04","h":"Ouest","s":"25N-H54N200F-80-F2"},{"r":"189","t":"18:23:04","h":"Ouest","s":"25N-H54N300F-80-F3"},{"r":"189","t":"18:23:04","h":"Ouest","s":"25N-H54N400F-80-F4"},{"r":"189","t":"18:23:04","h":"Ouest","s":"25N-H54NV10I-80-I"},{"r":"189","t":"18:23:04","h":"Ouest","s":"25N-H54NV20I-80-I"},{"r":"189","t":"18:23:04","h":"Ouest","s":"25S-H54S000I-82-I"},{"r":"189","t":"18:23:04","h":"Ouest","s":"25S-H54S100F-80-F1"},{"r":"189","t":"18:23:04","h":"Ouest","s":"25S-H54S200F-80-F2"},{"r":"189","t":"18:24:04","h":"Ouest","s":"25N-H54N000S-80-S"},{"r":"189","t":"18:24:04","h":"Ouest","s":"25N-H54NV10S-82-S"},{"r":"189","t":"18:24:04","h":"Ouest","s":"25N-H54NV20S-80-S"},{"r":"189","t":"18:24:04","h":"Ouest","s":"25S-H54S000S-82-S"},{"r":"189","t":"18:26:04","h":"Ouest","s":"25N-H54N000A-80-A"},{"r":"189","t":"18:26:04","h":"Ouest","s":"25N-H54NV10A-80-A"},{"r":"189","t":"18:26:04","h":"Ouest","s":"25N-H54NV20A-80-A"},{"r":"189","t":"18:26:04","h":"Ouest","s":"25S-H54S000A-83-A"},{"r":"189","t":"18:52:04","h":"Ouest","s":"25N-H54N000A-80-A"},{"r":"189","t":"18:52:04","h":"Ouest","s":"25N-H54N000S-80-S"},{"r":"189","t":"18:52:04","h":"Ouest","s":"25N-H54NV10A-80-A"},{"r":"189","t":"18:52:04","h":"Ouest","s":"25N-H54NV10S-82-S"},{"r":"189","t":"18:52:04","h":"Ouest","s":"25N-H54NV20A-80-A"},{"r":"189","t":"18:52:04","h":"Ouest","s":"25N-H54NV20S-80-S"},{"r":"189","t":"18:52:04","h":"Ouest","s":"25S-H54S000A-83-A"},{"r":"189","t":"18:52:04","h":"Ouest","s":"25S-H54S000S-82-S"},{"r":"189","t":"18:53:39","h":"Ouest","s":"25N-H54N000I-80-I"},{"r":"189","t":"18:53:39","h":"Ouest","s":"25N-H54N100F-80-F1"},{"r":"189","t":"18:53:39","h":"Ouest","s":"25N-H54N200F-80-F2"},{"r":"189","t":"18:53:39","h":"Ouest","s":"25N-H54N300F-80-F3"},{"r":"189","t":"18:53:39","h":"Ouest","s":"25N-H54N400F-80-F4"},{"r":"189","t":"18:53:39","h":"Ouest","s":"25N-H54NV10I-80-I"},{"r":"189","t":"18:53:39","h":"Ouest","s":"25N-H54NV20I-80-I"},{"r":"189","t":"18:53:39","h":"Ouest","s":"25S-H54S000I-82-I"},{"r":"189","t":"18:53:39","h":"Ouest","s":"25S-H54S100F-80-F1"},{"r":"189","t":"18:53:39","h":"Ouest","s":"25S-H54S200F-80-F2"},{"r":"189","t":"19:19:04","h":"Ouest","s":"25N-H54N000A-80-A"},{"r":"189","t":"19:19:04","h":"Ouest","s":"25N-H54NV10A-80-A"},{"r":"189","t":"19:19:04","h":"Ouest","s":"25N-H54NV20A-80-A"},{"r":"189","t":"19:19:04","h":"Ouest","s":"25S-H54S000A-83-A"},{"r":"189","t":"19:20:39","h":"Ouest","s":"25N-H54N000S-80-S"},{"r":"189","t":"19:20:39","h":"Ouest","s":"25N-H54NV10S-82-S"},{"r":"189","t":"19:20:39","h":"Ouest","s":"25N-H54NV20S-80-S"},{"r":"189","t":"19:20:39","h":"Ouest","s":"25S-H54S000S-82-S"},{"r":"189","t":"19:23:39","h":"Ouest","s":"25N-H54N000I-80-I"},{"r":"189","t":"19:23:39","h":"Ouest","s":"25N-H54N100F-80-F1"},{"r":"189","t":"19:23:39","h":"Ouest","s":"25N-H54N200F-80-F2"},{"r":"189","t":"19:23:39","h":"Ouest","s":"25N-H54N300F-80-F3"},{"r":"189","t":"19:23:39","h":"Ouest","s":"25N-H54N400F-80-F4"},{"r":"189","t":"19:23:39","h":"Ouest","s":"25N-H54NV10I-80-I"},{"r":"189","t":"19:23:39","h":"Ouest","s":"25N-H54NV20I-80-I"},{"r":"189","t":"19:23:39","h":"Ouest","s":"25S-H54S000I-82-I"},{"r":"189","t":"19:23:39","h":"Ouest","s":"25S-H54S100F-80-F1"},{"r":"189","t":"19:23:39","h":"Ouest","s":"25S-H54S200F-80-F2"},{"r":"189","t":"19:46:04","h":"Ouest","s":"25N-H54N000A-80-A"},{"r":"189","t":"19:46:04","h":"Ouest","s":"25N-H54NV10A-80-A"},{"r":"189","t":"19:46:04","h":"Ouest","s":"25N-H54NV20A-80-A"},{"r":"189","t":"19:46:04","h":"Ouest","s":"25S-H54S000A-83-A"},{"r":"189","t":"19:49:39","h":"Ouest","s":"25N-H54N000S-80-S"},{"r":"189","t":"19:49:39","h":"Ouest","s":"25N-H54NV10S-82-S"},{"r":"189","t":"19:49:39","h":"Ouest","s":"25N-H54NV20S-80-S"},{"r":"189","t":"19:49:39","h":"Ouest","s":"25S-H54S000S-82-S"},{"r":"189","t":"19:52:39","h":"Ouest","s":"25N-H54N000I-80-I"},{"r":"189","t":"19:52:39","h":"Ouest","s":"25N-H54N100F-80-F1"},{"r":"189","t":"19:52:39","h":"Ouest","s":"25N-H54N200F-80-F2"},{"r":"189","t":"19:52:39","h":"Ouest","s":"25N-H54N300F-80-F3"},{"r":"189","t":"19:52:39","h":"Ouest","s":"25N-H54N400F-80-F4"},{"r":"189","t":"19:52:39","h":"Ouest","s":"25N-H54NV10I-80-I"},{"r":"189","t":"19:52:39","h":"Ouest","s":"25N-H54NV20I-80-I"},{"r":"189","t":"19:52:39","h":"Ouest","s":"25S-H54S000I-82-I"},{"r":"189","t":"19:52:39","h":"Ouest","s":"25S-H54S100F-80-F1"},{"r":"189","t":"19:52:39","h":"Ouest","s":"25S-H54S200F-80-F2"},{"r":"189","t":"20:14:04","h":"Ouest","s":"25N-H54N000A-80-A"},{"r":"189","t":"20:14:04","h":"Ouest","s":"25N-H54NV10A-80-A"},{"r":"189","t":"20:14:04","h":"Ouest","s":"25N-H54NV20A-80-A"},{"r":"189","t":"20:14:04","h":"Ouest","s":"25S-H54S000A-83-A"},{"r":"189","t":"20:19:39","h":"Ouest","s":"25N-H54N000S-80-S"},{"r":"189","t":"20:19:39","h":"Ouest","s":"25N-H54NV10S-82-S"},{"r":"189","t":"20:19:39","h":"Ouest","s":"25N-H54NV20S-80-S"},{"r":"189","t":"20:19:39","h":"Ouest","s":"25S-H54S000S-82-S"},{"r":"189","t":"20:21:39","h":"Ouest","s":"25N-H54N000I-80-I"},{"r":"189","t":"20:21:39","h":"Ouest","s":"25N-H54N100F-80-F1"},{"r":"189","t":"20:21:39","h":"Ouest","s":"25N-H54N200F-80-F2"},{"r":"189","t":"20:21:39","h":"Ouest","s":"25N-H54N300F-80-F3"},{"r":"189","t":"20:21:39","h":"Ouest","s":"25N-H54N400F-80-F4"},{"r":"189","t":"20:21:39","h":"Ouest","s":"25N-H54NV10I-80-I"},{"r":"189","t":"20:21:39","h":"Ouest","s":"25N-H54NV20I-80-I"},{"r":"189","t":"20:21:39","h":"Ouest","s":"25S-H54S000I-82-I"},{"r":"189","t":"20:21:39","h":"Ouest","s":"25S-H54S100F-80-F1"},{"r":"189","t":"20:21:39","h":"Ouest","s":"25S-H54S200F-80-F2"},{"r":"189","t":"20:44:04","h":"Ouest","s":"25N-H54N000A-80-A"},{"r":"189","t":"20:44:04","h":"Ouest","s":"25N-H54NV10A-80-A"},{"r":"189","t":"20:44:04","h":"Ouest","s":"25N-H54NV20A-80-A"},{"r":"189","t":"20:44:04","h":"Ouest","s":"25S-H54S000A-83-A"},{"r":"189","t":"20:48:39","h":"Ouest","s":"25N-H54N000S-80-S"},{"r":"189","t":"20:48:39","h":"Ouest","s":"25N-H54NV10S-82-S"},{"r":"189","t":"20:48:39","h":"Ouest","s":"25N-H54NV20S-80-S"},{"r":"189","t":"20:48:39","h":"Ouest","s":"25S-H54S000S-82-S"},{"r":"189","t":"20:51:39","h":"Ouest","s":"25N-H54N000I-80-I"},{"r":"189","t":"20:51:39","h":"Ouest","s":"25N-H54N100F-80-F1"},{"r":"189","t":"20:51:39","h":"Ouest","s":"25N-H54N200F-80-F2"},{"r":"189","t":"20:51:39","h":"Ouest","s":"25N-H54N300F-80-F3"},{"r":"189","t":"20:51:39","h":"Ouest","s":"25N-H54N400F-80-F4"},{"r":"189","t":"20:51:39","h":"Ouest","s":"25N-H54NV10I-80-I"},{"r":"189","t":"20:51:39","h":"Ouest","s":"25N-H54NV20I-80-I"},{"r":"189","t":"20:51:39","h":"Ouest","s":"25S-H54S000I-82-I"},{"r":"189","t":"20:51:39","h":"Ouest","s":"25S-H54S100F-80-F1"},{"r":"189","t":"20:51:39","h":"Ouest","s":"25S-H54S200F-80-F2"},{"r":"189","t":"21:15:04","h":"Ouest","s":"25N-H54N000A-80-A"},{"r":"189","t":"21:15:04","h":"Ouest","s":"25N-H54NV10A-80-A"},{"r":"189","t":"21:15:04","h":"Ouest","s":"25N-H54NV20A-80-A"},{"r":"189","t":"21:15:04","h":"Ouest","s":"25S-H54S000A-83-A"},{"r":"189","t":"21:18:39","h":"Ouest","s":"25N-H54N000S-80-S"},{"r":"189","t":"21:18:39","h":"Ouest","s":"25N-H54NV10S-82-S"},{"r":"189","t":"21:18:39","h":"Ouest","s":"25N-H54NV20S-80-S"},{"r":"189","t":"21:18:39","h":"Ouest","s":"25S-H54S000S-82-S"},{"r":"189","t":"21:21:14","h":"Ouest","s":"25N-H54N000I-80-I"},{"r":"189","t":"21:21:14","h":"Ouest","s":"25N-H54N100F-80-F1"},{"r":"189","t":"21:21:14","h":"Ouest","s":"25N-H54N200F-80-F2"},{"r":"189","t":"21:21:14","h":"Ouest","s":"25N-H54N300F-80-F3"},{"r":"189","t":"21:21:14","h":"Ouest","s":"25N-H54N400F-80-F4"},{"r":"189","t":"21:21:14","h":"Ouest","s":"25N-H54NV10I-80-I"},{"r":"189","t":"21:21:14","h":"Ouest","s":"25N-H54NV20I-80-I"},{"r":"189","t":"21:21:14","h":"Ouest","s":"25S-H54S000I-82-I"},{"r":"189","t":"21:21:14","h":"Ouest","s":"25S-H54S100F-80-F1"},{"r":"189","t":"21:21:14","h":"Ouest","s":"25S-H54S200F-80-F2"},{"r":"189","t":"21:45:04","h":"Ouest","s":"25N-H54N000A-80-A"},{"r":"189","t":"21:45:04","h":"Ouest","s":"25N-H54NV10A-80-A"},{"r":"189","t":"21:45:04","h":"Ouest","s":"25N-H54NV20A-80-A"},{"r":"189","t":"21:45:04","h":"Ouest","s":"25S-H54S000A-83-A"},{"r":"189","t":"21:48:39","h":"Ouest","s":"25N-H54N000S-80-S"},{"r":"189","t":"21:48:39","h":"Ouest","s":"25N-H54NV10S-82-S"},{"r":"189","t":"21:48:39","h":"Ouest","s":"25N-H54NV20S-80-S"},{"r":"189","t":"21:48:39","h":"Ouest","s":"25S-H54S000S-82-S"},{"r":"189","t":"21:51:14","h":"Ouest","s":"25N-H54N000I-80-I"},{"r":"189","t":"21:51:14","h":"Ouest","s":"25N-H54N100F-80-F1"},{"r":"189","t":"21:51:14","h":"Ouest","s":"25N-H54N200F-80-F2"},{"r":"189","t":"21:51:14","h":"Ouest","s":"25N-H54N300F-80-F3"},{"r":"189","t":"21:51:14","h":"Ouest","s":"25N-H54N400F-80-F4"},{"r":"189","t":"21:51:14","h":"Ouest","s":"25N-H54NV10I-80-I"},{"r":"189","t":"21:51:14","h":"Ouest","s":"25N-H54NV20I-80-I"},{"r":"189","t":"21:51:14","h":"Ouest","s":"25S-H54S000I-82-I"},{"r":"189","t":"21:51:14","h":"Ouest","s":"25S-H54S100F-80-F1"},{"r":"189","t":"21:51:14","h":"Ouest","s":"25S-H54S200F-80-F2"},{"r":"189","t":"22:14:39","h":"Ouest","s":"25N-H54N000A-80-A"},{"r":"189","t":"22:14:39","h":"Ouest","s":"25N-H54NV10A-80-A"},{"r":"189","t":"22:14:39","h":"Ouest","s":"25N-H54NV20A-80-A"},{"r":"189","t":"22:14:39","h":"Ouest","s":"25S-H54S000A-83-A"},{"r":"189","t":"22:18:39","h":"Ouest","s":"25N-H54N000S-80-S"},{"r":"189","t":"22:18:39","h":"Ouest","s":"25N-H54NV10S-82-S"},{"r":"189","t":"22:18:39","h":"Ouest","s":"25N-H54NV20S-80-S"},{"r":"189","t":"22:18:39","h":"Ouest","s":"25S-H54S000S-82-S"},{"r":"189","t":"22:21:14","h":"Ouest","s":"25N-H54N000I-80-I"},{"r":"189","t":"22:21:14","h":"Ouest","s":"25N-H54N100F-80-F1"},{"r":"189","t":"22:21:14","h":"Ouest","s":"25N-H54N200F-80-F2"},{"r":"189","t":"22:21:14","h":"Ouest","s":"25N-H54N300F-80-F3"},{"r":"189","t":"22:21:14","h":"Ouest","s":"25N-H54N400F-80-F4"},{"r":"189","t":"22:21:14","h":"Ouest","s":"25N-H54NV10I-80-I"},{"r":"189","t":"22:21:14","h":"Ouest","s":"25N-H54NV20I-80-I"},{"r":"189","t":"22:21:14","h":"Ouest","s":"25S-H54S000I-82-I"},{"r":"189","t":"22:21:14","h":"Ouest","s":"25S-H54S100F-80-F1"},{"r":"189","t":"22:21:14","h":"Ouest","s":"25S-H54S200F-80-F2"},{"r":"189","t":"22:44:39","h":"Ouest","s":"25N-H54N000A-80-A"},{"r":"189","t":"22:44:39","h":"Ouest","s":"25N-H54NV10A-80-A"},{"r":"189","t":"22:44:39","h":"Ouest","s":"25N-H54NV20A-80-A"},{"r":"189","t":"22:44:39","h":"Ouest","s":"25S-H54S000A-83-A"},{"r":"189","t":"22:49:14","h":"Ouest","s":"25N-H54N000S-80-S"},{"r":"189","t":"22:49:14","h":"Ouest","s":"25N-H54NV10S-82-S"},{"r":"189","t":"22:49:14","h":"Ouest","s":"25N-H54NV20S-80-S"},{"r":"189","t":"22:49:14","h":"Ouest","s":"25S-H54S000S-82-S"},{"r":"189","t":"22:51:14","h":"Ouest","s":"25N-H54N000I-80-I"},{"r":"189","t":"22:51:14","h":"Ouest","s":"25N-H54N100F-80-F1"},{"r":"189","t":"22:51:14","h":"Ouest","s":"25N-H54N200F-80-F2"},{"r":"189","t":"22:51:14","h":"Ouest","s":"25N-H54N300F-80-F3"},{"r":"189","t":"22:51:14","h":"Ouest","s":"25N-H54N400F-80-F4"},{"r":"189","t":"22:51:14","h":"Ouest","s":"25N-H54NV10I-80-I"},{"r":"189","t":"22:51:14","h":"Ouest","s":"25N-H54NV20I-80-I"},{"r":"189","t":"22:51:14","h":"Ouest","s":"25S-H54S000I-82-I"},{"r":"189","t":"22:51:14","h":"Ouest","s":"25S-H54S100F-80-F1"},{"r":"189","t":"22:51:14","h":"Ouest","s":"25S-H54S200F-80-F2"},{"r":"189","t":"23:14:39","h":"Ouest","s":"25N-H54N000A-80-A"},{"r":"189","t":"23:14:39","h":"Ouest","s":"25N-H54NV10A-80-A"},{"r":"189","t":"23:14:39","h":"Ouest","s":"25N-H54NV20A-80-A"},{"r":"189","t":"23:14:39","h":"Ouest","s":"25S-H54S000A-83-A"},{"r":"189","t":"23:20:14","h":"Ouest","s":"25N-H54N000S-80-S"},{"r":"189","t":"23:20:14","h":"Ouest","s":"25N-H54NV10S-82-S"},{"r":"189","t":"23:20:14","h":"Ouest","s":"25N-H54NV20S-80-S"},{"r":"189","t":"23:20:14","h":"Ouest","s":"25S-H54S000S-82-S"},{"r":"189","t":"23:21:14","h":"Ouest","s":"25N-H54N000I-80-I"},{"r":"189","t":"23:21:14","h":"Ouest","s":"25N-H54N100F-80-F1"},{"r":"189","t":"23:21:14","h":"Ouest","s":"25N-H54N200F-80-F2"},{"r":"189","t":"23:21:14","h":"Ouest","s":"25N-H54N300F-80-F3"},{"r":"189","t":"23:21:14","h":"Ouest","s":"25N-H54N400F-80-F4"},{"r":"189","t":"23:21:14","h":"Ouest","s":"25N-H54NV10I-80-I"},{"r":"189","t":"23:21:14","h":"Ouest","s":"25N-H54NV20I-80-I"},{"r":"189","t":"23:21:14","h":"Ouest","s":"25S-H54S000I-82-I"},{"r":"189","t":"23:21:14","h":"Ouest","s":"25S-H54S100F-80-F1"},{"r":"189","t":"23:21:14","h":"Ouest","s":"25S-H54S200F-80-F2"},{"r":"189","t":"23:44:39","h":"Ouest","s":"25N-H54N000A-80-A"},{"r":"189","t":"23:44:39","h":"Ouest","s":"25N-H54NV10A-80-A"},{"r":"189","t":"23:44:39","h":"Ouest","s":"25N-H54NV20A-80-A"},{"r":"189","t":"23:44:39","h":"Ouest","s":"25S-H54S000A-83-A"},{"r":"189","t":"23:51:14","h":"Ouest","s":"25N-H54N000I-80-I"},{"r":"189","t":"23:51:14","h":"Ouest","s":"25N-H54N000S-80-S"},{"r":"189","t":"23:51:14","h":"Ouest","s":"25N-H54N100F-80-F1"},{"r":"189","t":"23:51:14","h":"Ouest","s":"25N-H54N200F-80-F2"},{"r":"189","t":"23:51:14","h":"Ouest","s":"25N-H54N300F-80-F3"},{"r":"189","t":"23:51:14","h":"Ouest","s":"25N-H54N400F-80-F4"},{"r":"189","t":"23:51:14","h":"Ouest","s":"25N-H54NV10I-80-I"},{"r":"189","t":"23:51:14","h":"Ouest","s":"25N-H54NV10S-82-S"},{"r":"189","t":"23:51:14","h":"Ouest","s":"25N-H54NV20I-80-I"},{"r":"189","t":"23:51:14","h":"Ouest","s":"25N-H54NV20S-80-S"},{"r":"189","t":"23:51:14","h":"Ouest","s":"25S-H54S000I-82-I"},{"r":"189","t":"23:51:14","h":"Ouest","s":"25S-H54S000S-82-S"},{"r":"189","t":"23:51:14","h":"Ouest","s":"25S-H54S100F-80-F1"},{"r":"189","t":"23:51:14","h":"Ouest","s":"25S-H54S200F-80-F2"},{"r":"189","t":"24:14:39","h":"Ouest","s":"25N-H54N000A-80-A"},{"r":"189","t":"24:14:39","h":"Ouest","s":"25N-H54NV10A-80-A"},{"r":"189","t":"24:14:39","h":"Ouest","s":"25N-H54NV20A-80-A"},{"r":"189","t":"24:14:39","h":"Ouest","s":"25S-H54S000A-83-A"},{"r":"189","t":"24:21:14","h":"Ouest","s":"25N-H54N000I-80-I"},{"r":"189","t":"24:21:14","h":"Ouest","s":"25N-H54N000S-80-S"},{"r":"189","t":"24:21:14","h":"Ouest","s":"25N-H54N100F-80-F1"},{"r":"189","t":"24:21:14","h":"Ouest","s":"25N-H54N200F-80-F2"},{"r":"189","t":"24:21:14","h":"Ouest","s":"25N-H54N300F-80-F3"},{"r":"189","t":"24:21:14","h":"Ouest","s":"25N-H54N400F-80-F4"},{"r":"189","t":"24:21:14","h":"Ouest","s":"25N-H54NV10I-80-I"},{"r":"189","t":"24:21:14","h":"Ouest","s":"25N-H54NV10S-82-S"},{"r":"189","t":"24:21:14","h":"Ouest","s":"25N-H54NV20I-80-I"},{"r":"189","t":"24:21:14","h":"Ouest","s":"25N-H54NV20S-80-S"},{"r":"189","t":"24:21:14","h":"Ouest","s":"25S-H54S000I-82-I"},{"r":"189","t":"24:21:14","h":"Ouest","s":"25S-H54S000S-82-S"},{"r":"189","t":"24:21:14","h":"Ouest","s":"25S-H54S100F-80-F1"},{"r":"189","t":"24:21:14","h":"Ouest","s":"25S-H54S200F-80-F2"},{"r":"189","t":"24:44:39","h":"Ouest","s":"25N-H54N000A-80-A"},{"r":"189","t":"24:44:39","h":"Ouest","s":"25N-H54NV10A-80-A"},{"r":"189","t":"24:44:39","h":"Ouest","s":"25N-H54NV20A-80-A"},{"r":"189","t":"24:44:39","h":"Ouest","s":"25S-H54S000A-83-A"},{"r":"189","t":"24:45:14","h":"Ouest","s":"25N-H54N000S-80-S"},{"r":"189","t":"24:45:14","h":"Ouest","s":"25N-H54NV10S-82-S"},{"r":"189","t":"24:45:14","h":"Ouest","s":"25N-H54NV20S-80-S"},{"r":"189","t":"24:45:14","h":"Ouest","s":"25S-H54S000S-82-S"},{"r":"189","t":"24:46:14","h":"Ouest","s":"25N-H54N000I-80-I"},{"r":"189","t":"24:46:14","h":"Ouest","s":"25N-H54N100F-80-F1"},{"r":"189","t":"24:46:14","h":"Ouest","s":"25N-H54N200F-80-F2"},{"r":"189","t":"24:46:14","h":"Ouest","s":"25N-H54N300F-80-F3"},{"r":"189","t":"24:46:14","h":"Ouest","s":"25N-H54N400F-80-F4"},{"r":"189","t":"24:46:14","h":"Ouest","s":"25N-H54NV10I-80-I"},{"r":"189","t":"24:46:14","h":"Ouest","s":"25N-H54NV20I-80-I"},{"r":"189","t":"24:46:14","h":"Ouest","s":"25S-H54S000I-82-I"},{"r":"189","t":"24:46:14","h":"Ouest","s":"25S-H54S100F-80-F1"},{"r":"189","t":"24:46:14","h":"Ouest","s":"25S-H54S200F-80-F2"},{"r":"189","t":"25:12:39","h":"Ouest","s":"25N-H54N000A-80-A"},{"r":"189","t":"25:12:39","h":"Ouest","s":"25N-H54NV10A-80-A"},{"r":"189","t":"25:12:39","h":"Ouest","s":"25N-H54NV20A-80-A"},{"r":"189","t":"25:12:39","h":"Ouest","s":"25S-H54S000A-83-A"},{"r":"362","t":"25:41:26","h":"Ouest","s":"25N-H54N000S-80-S"},{"r":"362","t":"25:41:26","h":"Ouest","s":"25N-H54NV10S-82-S"},{"r":"362","t":"25:41:26","h":"Ouest","s":"25N-H54NV20S-80-S"},{"r":"362","t":"25:41:26","h":"Ouest","s":"25S-H54S000S-82-S"},{"r":"362","t":"25:42:26","h":"Ouest","s":"25N-H54N000A-80-A"},{"r":"362","t":"25:42:26","h":"Ouest","s":"25N-H54N000I-80-I"},{"r":"362","t":"25:42:26","h":"Ouest","s":"25N-H54N100F-80-F1"},{"r":"362","t":"25:42:26","h":"Ouest","s":"25N-H54N200F-80-F2"},{"r":"362","t":"25:42:26","h":"Ouest","s":"25N-H54N300F-80-F3"},{"r":"362","t":"25:42:26","h":"Ouest","s":"25N-H54N400F-80-F4"},{"r":"362","t":"25:42:26","h":"Ouest","s":"25N-H54NV10A-80-A"},{"r":"362","t":"25:42:26","h":"Ouest","s":"25N-H54NV10I-80-I"},{"r":"362","t":"25:42:26","h":"Ouest","s":"25N-H54NV20A-80-A"},{"r":"362","t":"25:42:26","h":"Ouest","s":"25N-H54NV20I-80-I"},{"r":"362","t":"25:42:26","h":"Ouest","s":"25S-H54S000A-83-A"},{"r":"362","t":"25:42:26","h":"Ouest","s":"25S-H54S000I-82-I"},{"r":"362","t":"25:42:26","h":"Ouest","s":"25S-H54S100F-80-F1"},{"r":"362","t":"25:42:26","h":"Ouest","s":"25S-H54S200F-80-F2"},{"r":"362","t":"26:26:26","h":"Ouest","s":"25N-H54N000S-80-S"},{"r":"362","t":"26:26:26","h":"Ouest","s":"25N-H54NV10S-82-S"},{"r":"362","t":"26:26:26","h":"Ouest","s":"25N-H54NV20S-80-S"},{"r":"362","t":"26:26:26","h":"Ouest","s":"25S-H54S000S-82-S"},{"r":"362","t":"26:27:26","h":"Ouest","s":"25N-H54N000I-80-I"},{"r":"362","t":"26:27:26","h":"Ouest","s":"25N-H54N100F-80-F1"},{"r":"362","t":"26:27:26","h":"Ouest","s":"25N-H54N200F-80-F2"},{"r":"362","t":"26:27:26","h":"Ouest","s":"25N-H54N300F-80-F3"},{"r":"362","t":"26:27:26","h":"Ouest","s":"25N-H54N400F-80-F4"},{"r":"362","t":"26:27:26","h":"Ouest","s":"25N-H54NV10I-80-I"},{"r":"362","t":"26:27:26","h":"Ouest","s":"25N-H54NV20I-80-I"},{"r":"362","t":"26:27:26","h":"Ouest","s":"25S-H54S000I-82-I"},{"r":"362","t":"26:27:26","h":"Ouest","s":"25S-H54S100F-80-F1"},{"r":"362","t":"26:27:26","h":"Ouest","s":"25S-H54S200F-80-F2"},{"r":"362","t":"26:30:26","h":"Ouest","s":"25N-H54N000A-80-A"},{"r":"362","t":"26:30:26","h":"Ouest","s":"25N-H54NV10A-80-A"},{"r":"362","t":"26:30:26","h":"Ouest","s":"25N-H54NV20A-80-A"},{"r":"362","t":"26:30:26","h":"Ouest","s":"25S-H54S000A-83-A"},{"r":"362","t":"27:11:26","h":"Ouest","s":"25N-H54N000S-80-S"},{"r":"362","t":"27:11:26","h":"Ouest","s":"25N-H54NV10S-82-S"},{"r":"362","t":"27:11:26","h":"Ouest","s":"25N-H54NV20S-80-S"},{"r":"362","t":"27:11:26","h":"Ouest","s":"25S-H54S000S-82-S"},{"r":"362","t":"27:12:26","h":"Ouest","s":"25N-H54N000I-80-I"},{"r":"362","t":"27:12:26","h":"Ouest","s":"25N-H54N100F-80-F1"},{"r":"362","t":"27:12:26","h":"Ouest","s":"25N-H54N200F-80-F2"},{"r":"362","t":"27:12:26","h":"Ouest","s":"25N-H54N300F-80-F3"},{"r":"362","t":"27:12:26","h":"Ouest","s":"25N-H54N400F-80-F4"},{"r":"362","t":"27:12:26","h":"Ouest","s":"25N-H54NV10I-80-I"},{"r":"362","t":"27:12:26","h":"Ouest","s":"25N-H54NV20I-80-I"},{"r":"362","t":"27:12:26","h":"Ouest","s":"25S-H54S000I-82-I"},{"r":"362","t":"27:12:26","h":"Ouest","s":"25S-H54S100F-80-F1"},{"r":"362","t":"27:12:26","h":"Ouest","s":"25S-H54S200F-80-F2"},{"r":"362","t":"27:15:26","h":"Ouest","s":"25N-H54N000A-80-A"},{"r":"362","t":"27:15:26","h":"Ouest","s":"25N-H54NV10A-80-A"},{"r":"362","t":"27:15:26","h":"Ouest","s":"25N-H54NV20A-80-A"},{"r":"362","t":"27:15:26","h":"Ouest","s":"25S-H54S000A-83-A"},{"r":"362","t":"27:57:26","h":"Ouest","s":"25N-H54N000I-80-I"},{"r":"362","t":"27:57:26","h":"Ouest","s":"25N-H54N000S-80-S"},{"r":"362","t":"27:57:26","h":"Ouest","s":"25N-H54N100F-80-F1"},{"r":"362","t":"27:57:26","h":"Ouest","s":"25N-H54N200F-80-F2"},{"r":"362","t":"27:57:26","h":"Ouest","s":"25N-H54N300F-80-F3"},{"r":"362","t":"27:57:26","h":"Ouest","s":"25N-H54N400F-80-F4"},{"r":"362","t":"27:57:26","h":"Ouest","s":"25N-H54NV10I-80-I"},{"r":"362","t":"27:57:26","h":"Ouest","s":"25N-H54NV10S-82-S"},{"r":"362","t":"27:57:26","h":"Ouest","s":"25N-H54NV20I-80-I"},{"r":"362","t":"27:57:26","h":"Ouest","s":"25N-H54NV20S-80-S"},{"r":"362","t":"27:57:26","h":"Ouest","s":"25S-H54S000I-82-I"},{"r":"362","t":"27:57:26","h":"Ouest","s":"25S-H54S000S-82-S"},{"r":"362","t":"27:57:26","h":"Ouest","s":"25S-H54S100F-80-F1"},{"r":"362","t":"27:57:26","h":"Ouest","s":"25S-H54S200F-80-F2"},{"r":"362","t":"28:00:26","h":"Ouest","s":"25N-H54N000A-80-A"},{"r":"362","t":"28:00:26","h":"Ouest","s":"25N-H54NV10A-80-A"},{"r":"362","t":"28:00:26","h":"Ouest","s":"25N-H54NV20A-80-A"},{"r":"362","t":"28:00:26","h":"Ouest","s":"25S-H54S000A-83-A"},{"r":"362","t":"28:42:26","h":"Ouest","s":"25N-H54N000A-80-A"},{"r":"362","t":"28:42:26","h":"Ouest","s":"25N-H54N000I-80-I"},{"r":"362","t":"28:42:26","h":"Ouest","s":"25N-H54N000S-80-S"},{"r":"362","t":"28:42:26","h":"Ouest","s":"25N-H54N100F-80-F1"},{"r":"362","t":"28:42:26","h":"Ouest","s":"25N-H54N200F-80-F2"},{"r":"362","t":"28:42:26","h":"Ouest","s":"25N-H54N300F-80-F3"},{"r":"362","t":"28:42:26","h":"Ouest","s":"25N-H54N400F-80-F4"},{"r":"362","t":"28:42:26","h":"Ouest","s":"25N-H54NV10A-80-A"},{"r":"362","t":"28:42:26","h":"Ouest","s":"25N-H54NV10I-80-I"},{"r":"362","t":"28:42:26","h":"Ouest","s":"25N-H54NV10S-82-S"},{"r":"362","t":"28:42:26","h":"Ouest","s":"25N-H54NV20A-80-A"},{"r":"362","t":"28:42:26","h":"Ouest","s":"25N-H54NV20I-80-I"},{"r":"362","t":"28:42:26","h":"Ouest","s":"25N-H54NV20S-80-S"},{"r":"362","t":"28:42:26","h":"Ouest","s":"25S-H54S000A-83-A"},{"r":"362","t":"28:42:26","h":"Ouest","s":"25S-H54S000I-82-I"},{"r":"362","t":"28:42:26","h":"Ouest","s":"25S-H54S000S-82-S"},{"r":"362","t":"28:42:26","h":"Ouest","s":"25S-H54S100F-80-F1"},{"r":"362","t":"28:42:26","h":"Ouest","s":"25S-H54S200F-80-F2"}]