[{"r":"189","t":"05:45:11","h":"Est","s":"25N-H54N000I-80-I"},{"r":"189","t":"05:45:11","h":"Est","s":"25N-H54N000S-80-S"},{"r":"189","t":"05:45:11","h":"Est","s":"25N-H54N100F-80-F1"},{"r":"189","t":"05:45:11","h":"Est","s":"25N-H54N200F-80-F2"},{"r":"189","t":"05:45:11","h":"Est","s":"25N-H54N300F-80-F3"},{"r":"189","t":"05:45:11","h":"Est","s":"25N-H54N400F-80-F4"},{"r":"189","t":"05:45:11","h":"Est","s":"25N-H54NV10I-80-I"},{"r":"189","t":"05:45:11","h":"Est","s":"25N-H54NV10S-82-S"},{"r":"189","t":"05:45:11","h":"Est","s":"25N-H54NV20I-80-I"},{"r":"189","t":"05:45:11","h":"Est","s":"25N-H54NV20S-80-S"},{"r":"189","t":"05:45:11","h":"Est","s":"25S-H54S000I-82-I"},{"r":"189","t":"05:45:11","h":"Est","s":"25S-H54S000S-82-S"},{"r":"189","t":"05:45:11","h":"Est","s":"25S-H54S100F-80-F1"},{"r":"189","t":"05:45:11","h":"Est","s":"25S-H54S200F-80-F2"},{"r":"189","t":"05:48:11","h":"Est","s":"25N-H54N000A-80-A"},{"r":"189","t":"05:48:11","h":"Est","s":"25N-H54NV10A-80-A"},{"r":"189","t":"05:48:11","h":"Est","s":"25N-H54NV20A-80-A"},{"r":"189","t":"05:48:11","h":"Est","s":"25S-H54S000A-83-A"},{"r":"189","t":"06:14:11","h":"Est","s":"25N-H54N000I-80-I"},{"r":"189","t":"06:14:11","h":"Est","s":"25N-H54N100F-80-F1"},{"r":"189","t":"06:14:11","h":"Est","s":"25N-H54N200F-80-F2"},{"r":"189","t":"06:14:11","h":"Est","s":"25N-H54N300F-80-F3"},{"r":"189","t":"06:14:11","h":"Est","s":"25N-H54N400F-80-F4"},{"r":"189","t":"06:14:11","h":"Est","s":"25N-H54NV10I-80-I"},{"r":"189","t":"06:14:11","h":"Est","s":"25N-H54NV20I-80-I"},{"r":"189","t":"06:14:11","h":"Est","s":"25S-H54S000I-82-I"},{"r":"189","t":"06:14:11","h":"Est","s":"25S-H54S100F-80-F1"},{"r":"189","t":"06:14:11","h":"Est","s":"25S-H54S200F-80-F2"},{"r":"189","t":"06:14:59","h":"Est","s":"25N-H54N000S-80-S"},{"r":"189","t":"06:14:59","h":"Est","s":"25N-H54NV10S-82-S"},{"r":"189","t":"06:14:59","h":"Est","s":"25N-H54NV20S-80-S"},{"r":"189","t":"06:14:59","h":"Est","s":"25S-H54S000S-82-S"},{"r":"189","t":"06:17:11","h":"Est","s":"25N-H54N000A-80-A"},{"r":"189","t":"06:17:11","h":"Est","s":"25N-H54NV10A-80-A"},{"r":"189","t":"06:17:11","h":"Est","s":"25N-H54NV20A-80-A"},{"r":"189","t":"06:17:11","h":"Est","s":"25S-H54S000A-83-A"},{"r":"189","t":"06:45:11","h":"Est","s":"25N-H54N000I-80-I"},{"r":"189","t":"06:45:11","h":"Est","s":"25N-H54N100F-80-F1"},{"r":"189","t":"06:45:11","h":"Est","s":"25N-H54N200F-80-F2"},{"r":"189","t":"06:45:11","h":"Est","s":"25N-H54N300F-80-F3"},{"r":"189","t":"06:45:11","h":"Est","s":"25N-H54N400F-80-F4"},{"r":"189","t":"06:45:11","h":"Est","s":"25N-H54NV10I-80-I"},{"r":"189","t":"06:45:11","h":"Est","s":"25N-H54NV20I-80-I"},{"r":"189","t":"06:45:11","h":"Est","s":"25S-H54S000I-82-I"},{"r":"189","t":"06:45:11","h":"Est","s":"25S-H54S100F-80-F1"},{"r":"189","t":"06:45:11","h":"Est","s":"25S-H54S200F-80-F2"},{"r":"189","t":"06:46:11","h":"Est","s":"25N-H54N000A-80-A"},{"r":"189","t":"06:46:11","h":"Est","s":"25N-H54NV10A-80-A"},{"r":"189","t":"06:46:11","h":"Est","s":"25N-H54NV20A-80-A"},{"r":"189","t":"06:46:11","h":"Est","s":"25S-H54S000A-83-A"},{"r":"189","t":"06:47:59","h":"Est","s":"25N-H54N000S-80-S"},{"r":"189","t":"06:47:59","h":"Est","s":"25N-H54NV10S-82-S"},{"r":"189","t":"06:47:59","h":"Est","s":"25N-H54NV20S-80-S"},{"r":"189","t":"06:47:59","h":"Est","s":"25S-H54S000S-82-S"},{"r":"189","t":"07:14:11","h":"Est","s":"25N-H54N000I-80-I"},{"r":"189","t":"07:14:11","h":"Est","s":"25N-H54N100F-80-F1"},{"r":"189","t":"07:14:11","h":"Est","s":"25N-H54N200F-80-F2"},{"r":"189","t":"07:14:11","h":"Est","s":"25N-H54N300F-80-F3"},{"r":"189","t":"07:14:11","h":"Est","s":"25N-H54N400F-80-F4"},{"r":"189","t":"07:14:11","h":"Est","s":"25N-H54NV10I-80-I"},{"r":"189","t":"07:14:11","h":"Est","s":"25N-H54NV20I-80-I"},{"r":"189","t":"07:14:11","h":"Est","s":"25S-H54S000I-82-I"},{"r":"189","t":"07:14:11","h":"Est","s":"25S-H54S100F-80-F1"},{"r":"189","t":"07:14:11","h":"Est","s":"25S-H54S200F-80-F2"},{"r":"189","t":"07:15:11","h":"Est","s":"25N-H54N000A-80-A"},{"r":"189","t":"07:15:11","h":"Est","s":"25N-H54NV10A-80-A"},{"r":"189","t":"07:15:11","h":"Est","s":"25N-H54NV20A-80-A"},{"r":"189","t":"07:15:11","h":"Est","s":"25S-H54S000A-83-A"},{"r":"189","t":"07:22:59","h":"Est","s":"25N-H54N000S-80-S"},{"r":"189","t":"07:22:59","h":"Est","s":"25N-H54NV10S-82-S"},{"r":"189","t":"07:22:59","h":"Est","s":"25N-H54NV20S-80-S"},{"r":"189","t":"07:22:59","h":"Est","s":"25S-H54S000S-82-S"},{"r":"189","t":"07:43:11","h":"Est","s":"25N-H54N000I-80-I"},{"r":"189","t":"07:43:11","h":"Est","s":"25N-H54N100F-80-F1"},{"r":"189","t":"07:43:11","h":"Est","s":"25N-H54N200F-80-F2"},{"r":"189","t":"07:43:11","h":"Est","s":"25N-H54N300F-80-F3"},{"r":"189","t":"07:43:11","h":"Est","s":"25N-H54N400F-80-F4"},{"r":"189","t":"07:43:11","h":"Est","s":"25N-H54NV10I-80-I"},{"r":"189","t":"07:43:11","h":"Est","s":"25N-H54NV20I-80-I"},{"r":"189","t":"07:43:11","h":"Est","s":"25S-H54S000I-82-I"},{"r":"189","t":"07:43:11","h":"Est","s":"25S-H54S100F-80-F1"},{"r":"189","t":"07:43:11","h":"Est","s":"25S-H54S200F-80-F2"},{"r":"189","t":"07:45:11","h":"Est","s":"25N-H54N000A-80-A"},{"r":"189","t":"07:45:11","h":"Est","s":"25N-H54NV10A-80-A"},{"r":"189","t":"07:45:11","h":"Est","s":"25N-H54NV20A-80-A"},{"r":"189","t":"07:45:11","h":"Est","s":"25S-H54S000A-83-A"},{"r":"189","t":"07:56:59","h":"Est","s":"25N-H54N000S-80-S"},{"r":"189","t":"07:56:59","h":"Est","s":"25N-H54NV10S-82-S"},{"r":"189","t":"07:56:59","h":"Est","s":"25N-H54NV20S-80-S"},{"r":"189","t":"07:56:59","h":"Est","s":"25S-H54S000S-82-S"},{"r":"189","t":"08:12:11","h":"Est","s":"25N-H54N000I-80-I"},{"r":"189","t":"08:12:11","h":"Est","s":"25N-H54N100F-80-F1"},{"r":"189","t":"08:12:11","h":"Est","s":"25N-H54N200F-80-F2"},{"r":"189","t":"08:12:11","h":"Est","s":"25N-H54N300F-80-F3"},{"r":"189","t":"08:12:11","h":"Est","s":"25N-H54N400F-80-F4"},{"r":"189","t":"08:12:11","h":"Est","s":"25N-H54NV10I-80-I"},{"r":"189","t":"08:12:11","h":"Est","s":"25N-H54NV20I-80-I"},{"r":"189","t":"08:12:11","h":"Est","s":"25S-H54S000I-82-I"},{"r":"189","t":"08:12:11","h":"Est","s":"25S-H54S100F-80-F1"},{"r":"189","t":"08:12:11","h":"Est","s":"25S-H54S200F-80-F2"},{"r":"189","t":"08:16:11","h":"Est","s":"25N-H54N000A-80-A"},{"r":"189","t":"08:16:11","h":"Est","s":"25N-H54NV10A-80-A"},{"r":"189","t":"08:16:11","h":"Est","s":"25N-H54NV20A-80-A"},{"r":"189","t":"08:16:11","h":"Est","s":"25S-H54S000A-83-A"},{"r":"189","t":"08:27:59","h":"Est","s":"25N-H54N000S-80-S"},{"r":"189","t":"08:27:59","h":"Est","s":"25N-H54NV10S-82-S"},{"r":"189","t":"08:27:59","h":"Est","s":"25N-H54NV20S-80-S"},{"r":"189","t":"08:27:59","h":"Est","s":"25S-H54S000S-82-S"},{"r":"189","t":"08:42:11","h":"Est","s":"25N-H54N000I-80-I"},{"r":"189","t":"08:42:11","h":"Est","s":"25N-H54N100F-80-F1"},{"r":"189","t":"08:42:11","h":"Est","s":"25N-H54N200F-80-F2"},{"r":"189","t":"08:42:11","h":"Est","s":"25N-H54N300F-80-F3"},{"r":"189","t":"08:42:11","h":"Est","s":"25N-H54N400F-80-F4"},{"r":"189","t":"08:42:11","h":"Est","s":"25N-H54NV10I-80-I"},{"r":"189","t":"08:42:11","h":"Est","s":"25N-H54NV20I-80-I"},{"r":"189","t":"08:42:11","h":"Est","s":"25S-H54S000I-82-I"},{"r":"189","t":"08:42:11","h":"Est","s":"25S-H54S100F-80-F1"},{"r":"189","t":"08:42:11","h":"Est","s":"25S-H54S200F-80-F2"},{"r":"189","t":"08:51:11","h":"Est","s":"25N-H54N000A-80-A"},{"r":"189","t":"08:51:11","h":"Est","s":"25N-H54NV10A-80-A"},{"r":"189","t":"08:51:11","h":"Est","s":"25N-H54NV20A-80-A"},{"r":"189","t":"08:51:11","h":"Est","s":"25S-H54S000A-83-A"},{"r":"189","t":"08:54:59","h":"Est","s":"25N-H54N000S-80-S"},{"r":"189","t":"08:54:59","h":"Est","s":"25N-H54NV10S-82-S"},{"r":"189","t":"08:54:59","h":"Est","s":"25N-H54NV20S-80-S"},{"r":"189","t":"08:54:59","h":"Est","s":"25S-H54S000S-82-S"},{"r":"189","t":"09:12:11","h":"Est","s":"25N-H54N000I-80-I"},{"r":"189","t":"09:12:11","h":"Est","s":"25N-H54N100F-80-F1"},{"r":"189","t":"09:12:11","h":"Est","s":"25N-H54N200F-80-F2"},{"r":"189","t":"09:12:11","h":"Est","s":"25N-H54N300F-80-F3"},{"r":"189","t":"09:12:11","h":"Est","s":"25N-H54N400F-80-F4"},{"r":"189","t":"09:12:11","h":"Est","s":"25N-H54NV10I-80-I"},{"r":"189","t":"09:12:11","h":"Est","s":"25N-H54NV20I-80-I"},{"r":"189","t":"09:12:11","h":"Est","s":"25S-H54S000I-82-I"},{"r":"189","t":"09:12:11","h":"Est","s":"25S-H54S100F-80-F1"},{"r":"189","t":"09:12:11","h":"Est","s":"25S-H54S200F-80-F2"},{"r":"189","t":"09:21:59","h":"Est","s":"25N-H54N000S-80-S"},{"r":"189","t":"09:21:59","h":"Est","s":"25N-H54NV10S-82-S"},{"r":"189","t":"09:21:59","h":"Est","s":"25N-H54NV20S-80-S"},{"r":"189","t":"09:21:59","h":"Est","s":"25S-H54S000S-82-S"},{"r":"189","t":"09:23:11","h":"Est","s":"25N-H54N000A-80-A"},{"r":"189","t":"09:23:11","h":"Est","s":"25N-H54NV10A-80-A"},{"r":"189","t":"09:23:11","h":"Est","s":"25N-H54NV20A-80-A"},{"r":"189","t":"09:23:11","h":"Est","s":"25S-H54S000A-83-A"},{"r":"189","t":"09:42:11","h":"Est","s":"25N-H54N000I-80-I"},{"r":"189","t":"09:42:11","h":"Est","s":"25N-H54N100F-80-F1"},{"r":"189","t":"09:42:11","h":"Est","s":"25N-H54N200F-80-F2"},{"r":"189","t":"09:42:11","h":"Est","s":"25N-H54N300F-80-F3"},{"r":"189","t":"09:42:11","h":"Est","s":"25N-H54N400F-80-F4"},{"r":"189","t":"09:42:11","h":"Est","s":"25N-H54NV10I-80-I"},{"r":"189","t":"09:42:11","h":"Est","s":"25N-H54NV20I-80-I"},{"r":"189","t":"09:42:11","h":"Est","s":"25S-H54S000I-82-I"},{"r":"189","t":"09:42:11","h":"Est","s":"25S-H54S100F-80-F1"},{"r":"189","t":"09:42:11","h":"Est","s":"25S-H54S200F-80-F2"},{"r":"189","t":"09:50:59","h":"Est","s":"25N-H54N000S-80-S"},{"r":"189","t":"09:50:59","h":"Est","s":"25N-H54NV10S-82-S"},{"r":"189","t":"09:50:59","h":"Est","s":"25N-H54NV20S-80-S"},{"r":"189","t":"09:50:59","h":"Est","s":"25S-H54S000S-82-S"},{"r":"189","t":"09:54:11","h":"Est","s":"25N-H54N000A-80-A"},{"r":"189","t":"09:54:11","h":"Est","s":"25N-H54NV10A-80-A"},{"r":"189","t":"09:54:11","h":"Est","s":"25N-H54NV20A-80-A"},{"r":"189","t":"09:54:11","h":"Est","s":"25S-H54S000A-83-A"},{"r":"189","t":"10:13:11","h":"Est","s":"25N-H54N000I-80-I"},{"r":"189","t":"10:13:11","h":"Est","s":"25N-H54N100F-80-F1"},{"r":"189","t":"10:13:11","h":"Est","s":"25N-H54N200F-80-F2"},{"r":"189","t":"10:13:11","h":"Est","s":"25N-H54N300F-80-F3"},{"r":"189","t":"10:13:11","h":"Est","s":"25N-H54N400F-80-F4"},{"r":"189","t":"10:13:11","h":"Est","s":"25N-H54NV10I-80-I"},{"r":"189","t":"10:13:11","h":"Est","s":"25N-H54NV20I-80-I"},{"r":"189","t":"10:13:11","h":"Est","s":"25S-H54S000I-82-I"},{"r":"189","t":"10:13:11","h":"Est","s":"25S-H54S100F-80-F1"},{"r":"189","t":"10:13:11","h":"Est","s":"25S-H54S200F-80-F2"},{"r":"189","t":"10:19:59","h":"Est","s":"25N-H54N000S-80-S"},{"r":"189","t":"10:19:59","h":"Est","s":"25N-H54NV10S-82-S"},{"r":"189","t":"10:19:59","h":"Est","s":"25N-H54NV20S-80-S"},{"r":"189","t":"10:19:59","h":"Est","s":"25S-H54S000S-82-S"},{"r":"189","t":"10:25:11","h":"Est","s":"25N-H54N000A-80-A"},{"r":"189","t":"10:25:11","h":"Est","s":"25N-H54NV10A-80-A"},{"r":"189","t":"10:25:11","h":"Est","s":"25N-H54NV20A-80-A"},{"r":"189","t":"10:25:11","h":"Est","s":"25S-H54S000A-83-A"},{"r":"189","t":"10:43:11","h":"Est","s":"25N-H54N000I-80-I"},{"r":"189","t":"10:43:11","h":"Est","s":"25N-H54N100F-80-F1"},{"r":"189","t":"10:43:11","h":"Est","s":"25N-H54N200F-80-F2"},{"r":"189","t":"10:43:11","h":"Est","s":"25N-H54N300F-80-F3"},{"r":"189","t":"10:43:11","h":"Est","s":"25N-H54N400F-80-F4"},{"r":"189","t":"10:43:11","h":"Est","s":"25N-H54NV10I-80-I"},{"r":"189","t":"10:43:11","h":"Est","s":"25N-H54NV20I-80-I"},{"r":"189","t":"10:43:11","h":"Est","s":"25S-H54S000I-82-I"},{"r":"189","t":"10:43:11","h":"Est","s":"25S-H54S100F-80-F1"},{"r":"189","t":"10:43:11","h":"Est","s":"25S-H54S200F-80-F2"},{"r":"189","t":"10:48:59","h":"Est","s":"25N-H59N000S-80-S"},{"r":"189","t":"10:48:59","h":"Est","s":"25N-H59NV10S-84-S"},{"r":"189","t":"10:48:59","h":"Est","s":"25N-H59NV20S-80-S"},{"r":"189","t":"10:48:59","h":"Est","s":"25S-H59S000S-81-S"},{"r":"189","t":"10:54:11","h":"Est","s":"25N-H54N000A-80-A"},{"r":"189","t":"10:54:11","h":"Est","s":"25N-H54NV10A-80-A"},{"r":"189","t":"10:54:11","h":"Est","s":"25N-H54NV20A-80-A"},{"r":"189","t":"10:54:11","h":"Est","s":"25S-H54S000A-83-A"},{"r":"189","t":"11:16:59","h":"Est","s":"25N-H54N000I-80-I"},{"r":"189","t":"11:16:59","h":"Est","s":"25N-H54N100F-80-F1"},{"r":"189","t":"11:16:59","h":"Est","s":"25N-H54N200F-80-F2"},{"r":"189","t":"11:16:59","h":"Est","s":"25N-H54N300F-80-F3"},{"r":"189","t":"11:16:59","h":"Est","s":"25N-H54N400F-80-F4"},{"r":"189","t":"11:16:59","h":"Est","s":"25N-H54NV10I-80-I"},{"r":"189","t":"11:16:59","h":"Est","s":"25N-H54NV20I-80-I"},{"r":"189","t":"11:16:59","h":"Est","s":"25S-H54S000I-82-I"},{"r":"189","t":"11:16:59","h":"Est","s":"25S-H54S100F-80-F1"},{"r":"189","t":"11:16:59","h":"Est","s":"25S-H54S200F-80-F2"},{"r":"189","t":"11:17:59","h":"Est","s":"25N-H54N000S-80-S"},{"r":"189","t":"11:17:59","h":"Est","s":"25N-H54NV10S-82-S"},{"r":"189","t":"11:17:59","h":"Est","s":"25N-H54NV20S-80-S"},{"r":"189","t":"11:17:59","h":"Est","s":"25S-H54S000S-82-S"},{"r":"189","t":"11:23:11","h":"Est","s":"25N-H54N000A-80-A"},{"r":"189","t":"11:23:11","h":"Est","s":"25N-H54NV10A-80-A"},{"r":"189","t":"11:23:11","h":"Est","s":"25N-H54NV20A-80-A"},{"r":"189","t":"11:23:11","h":"Est","s":"25S-H54S000A-83-A"},{"r":"189","t":"11:44:59","h":"Est","s":"25N-H54N000S-80-S"},{"r":"189","t":"11:44:59","h":"Est","s":"25N-H54NV10S-82-S"},{"r":"189","t":"11:44:59","h":"Est","s":"25N-H54NV20S-80-S"},{"r":"189","t":"11:44:59","h":"Est","s":"25S-H54S000S-82-S"},{"r":"189","t":"11:48:59","h":"Est","s":"25N-H54N000I-80-I"},{"r":"189","t":"11:48:59","h":"Est","s":"25N-H54N100F-80-F1"},{"r":"189","t":"11:48:59","h":"Est","s":"25N-H54N200F-80-F2"},{"r":"189","t":"11:48:59","h":"Est","s":"25N-H54N300F-80-F3"},{"r":"189","t":"11:48:59","h":"Est","s":"25N-H54N400F-80-F4"},{"r":"189","t":"11:48:59","h":"Est","s":"25N-H54NV10I-80-I"},{"r":"189","t":"11:48:59","h":"Est","s":"25N-H54NV20I-80-I"},{"r":"189","t":"11:48:59","h":"Est","s":"25S-H54S000I-82-I"},{"r":"189","t":"11:48:59","h":"Est","s":"25S-H54S100F-80-F1"},{"r":"189","t":"11:48:59","h":"Est","s":"25S-H54S200F-80-F2"},{"r":"189","t":"11:52:11","h":"Est","s":"25N-H54N000A-80-A"},{"r":"189","t":"11:52:11","h":"Est","s":"25N-H54NV10A-80-A"},{"r":"189","t":"11:52:11","h":"Est","s":"25N-H54NV20A-80-A"},{"r":"189","t":"11:52:11","h":"Est","s":"25S-H54S000A-83-A"},{"r":"189","t":"12:06:59","h":"Est","s":"25N-H54N000S-80-S"},{"r":"189","t":"12:06:59","h":"Est","s":"25N-H54NV10S-82-S"},{"r":"189","t":"12:06:59","h":"Est","s":"25N-H54NV20S-80-S"},{"r":"189","t":"12:06:59","h":"Est","s":"25S-H54S000S-82-S"},{"r":"189","t":"12:20:59","h":"Est","s":"25N-H54N000I-80-I"},{"r":"189","t":"12:20:59","h":"Est","s":"25N-H54N100F-80-F1"},{"r":"189","t":"12:20:59","h":"Est","s":"25N-H54N200F-80-F2"},{"r":"189","t":"12:20:59","h":"Est","s":"25N-H54N300F-80-F3"},{"r":"189","t":"12:20:59","h":"Est","s":"25N-H54N400F-80-F4"},{"r":"189","t":"12:20:59","h":"Est","s":"25N-H54NV10I-80-I"},{"r":"189","t":"12:20:59","h":"Est","s":"25N-H54NV20I-80-I"},{"r":"189","t":"12:20:59","h":"Est","s":"25S-H54S000I-82-I"},{"r":"189","t":"12:20:59","h":"Est","s":"25S-H54S100F-80-F1"},{"r":"189","t":"12:20:59","h":"Est","s":"25S-H54S200F-80-F2"},{"r":"189","t":"12:21:11","h":"Est","s":"25N-H54N000A-80-A"},{"r":"189","t":"12:21:11","h":"Est","s":"25N-H54NV10A-80-A"},{"r":"189","t":"12:21:11","h":"Est","s":"25N-H54NV20A-80-A"},{"r":"189","t":"12:21:11","h":"Est","s":"25S-H54S000A-83-A"},{"r":"189","t":"12:26:59","h":"Est","s":"25N-H54N000S-80-S"},{"r":"189","t":"12:26:59","h":"Est","s":"25N-H54NV10S-82-S"},{"r":"189","t":"12:26:59","h":"Est","s":"25N-H54NV20S-80-S"},{"r":"189","t":"12:26:59","h":"Est","s":"25S-H54S000S-82-S"},{"r":"189","t":"12:45:59","h":"Est","s":"25N-H54N000S-80-S"},{"r":"189","t":"12:45:59","h":"Est","s":"25N-H54NV10S-82-S"},{"r":"189","t":"12:45:59","h":"Est","s":"25N-H54NV20S-80-S"},{"r":"189","t":"12:45:59","h":"Est","s":"25S-H54S000S-82-S"},{"r":"189","t":"12:49:11","h":"Est","s":"25N-H54N000A-80-A"},{"r":"189","t":"12:49:11","h":"Est","s":"25N-H54NV10A-80-A"},{"r":"189","t":"12:49:11","h":"Est","s":"25N-H54NV20A-80-A"},{"r":"189","t":"12:49:11","h":"Est","s":"25S-H54S000A-83-A"},{"r":"189","t":"12:50:59","h":"Est","s":"25N-H54N000I-80-I"},{"r":"189","t":"12:50:59","h":"Est","s":"25N-H54N100F-80-F1"},{"r":"189","t":"12:50:59","h":"Est","s":"25N-H54N200F-80-F2"},{"r":"189","t":"12:50:59","h":"Est","s":"25N-H54N300F-80-F3"},{"r":"189","t":"12:50:59","h":"Est","s":"25N-H54N400F-80-F4"},{"r":"189","t":"12:50:59","h":"Est","s":"25N-H54NV10I-80-I"},{"r":"189","t":"12:50:59","h":"Est","s":"25N-H54NV20I-80-I"},{"r":"189","t":"12:50:59","h":"Est","s":"25S-H54S000I-82-I"},{"r":"189","t":"12:50:59","h":"Est","s":"25S-H54S100F-80-F1"},{"r":"189","t":"12:50:59","h":"Est","s":"25S-H54S200F-80-F2"},{"r":"189","t":"13:04:59","h":"Est","s":"25N-H54N000S-80-S"},{"r":"189","t":"13:04:59","h":"Est","s":"25N-H54NV10S-82-S"},{"r":"189","t":"13:04:59","h":"Est","s":"25N-H54NV20S-80-S"},{"r":"189","t":"13:04:59","h":"Est","s":"25S-H54S000S-82-S"},{"r":"189","t":"13:17:11","h":"Est","s":"25N-H54N000A-80-A"},{"r":"189","t":"13:17:11","h":"Est","s":"25N-H54NV10A-80-A"},{"r":"189","t":"13:17:11","h":"Est","s":"25N-H54NV20A-80-A"},{"r":"189","t":"13:17:11","h":"Est","s":"25S-H54S000A-83-A"},{"r":"189","t":"13:19:59","h":"Est","s":"25N-H54N000I-80-I"},{"r":"189","t":"13:19:59","h":"Est","s":"25N-H54N100F-80-F1"},{"r":"189","t":"13:19:59","h":"Est","s":"25N-H54N200F-80-F2"},{"r":"189","t":"13:19:59","h":"Est","s":"25N-H54N300F-80-F3"},{"r":"189","t":"13:19:59","h":"Est","s":"25N-H54N400F-80-F4"},{"r":"189","t":"13:19:59","h":"Est","s":"25N-H54NV10I-80-I"},{"r":"189","t":"13:19:59","h":"Est","s":"25N-H54NV20I-80-I"},{"r":"189","t":"13:19:59","h":"Est","s":"25S-H54S000I-82-I"},{"r":"189","t":"13:19:59","h":"Est","s":"25S-H54S100F-80-F1"},{"r":"189","t":"13:19:59","h":"Est","s":"25S-H54S200F-80-F2"},{"r":"189","t":"13:22:59","h":"Est","s":"25N-H54N000S-80-S"},{"r":"189","t":"13:22:59","h":"Est","s":"25N-H54NV10S-82-S"},{"r":"189","t":"13:22:59","h":"Est","s":"25N-H54NV20S-80-S"},{"r":"189","t":"13:22:59","h":"Est","s":"25S-H54S000S-82-S"},{"r":"189","t":"13:36:11","h":"Est","s":"25N-H54N000A-80-A"},{"r":"189","t":"13:36:11","h":"Est","s":"25N-H54NV10A-80-A"},{"r":"189","t":"13:36:11","h":"Est","s":"25N-H54NV20A-80-A"},{"r":"189","t":"13:36:11","h":"Est","s":"25S-H54S000A-83-A"},{"r":"189","t":"13:41:59","h":"Est","s":"25N-H54N000S-80-S"},{"r":"189","t":"13:41:59","h":"Est","s":"25N-H54NV10S-82-S"},{"r":"189","t":"13:41:59","h":"Est","s":"25N-H54NV20S-80-S"},{"r":"189","t":"13:41:59","h":"Est","s":"25S-H54S000S-82-S"},{"r":"189","t":"13:48:59","h":"Est","s":"25N-H54N000I-80-I"},{"r":"189","t":"13:48:59","h":"Est","s":"25N-H54N100F-80-F1"},{"r":"189","t":"13:48:59","h":"Est","s":"25N-H54N200F-80-F2"},{"r":"189","t":"13:48:59","h":"Est","s":"25N-H54N300F-80-F3"},{"r":"189","t":"13:48:59","h":"Est","s":"25N-H54N400F-80-F4"},{"r":"189","t":"13:48:59","h":"Est","s":"25N-H54NV10I-80-I"},{"r":"189","t":"13:48:59","h":"Est","s":"25N-H54NV20I-80-I"},{"r":"189","t":"13:48:59","h":"Est","s":"25S-H54S000I-82-I"},{"r":"189","t":"13:48:59","h":"Est","s":"25S-H54S100F-80-F1"},{"r":"189","t":"13:48:59","h":"Est","s":"25S-H54S200F-80-F2"},{"r":"189","t":"13:55:11","h":"Est","s":"25N-H54N000A-80-A"},{"r":"189","t":"13:55:11","h":"Est","s":"25N-H54NV10A-80-A"},{"r":"189","t":"13:55:11","h":"Est","s":"25N-H54NV20A-80-A"},{"r":"189","t":"13:55:11","h":"Est","s":"25S-H54S000A-83-A"},{"r":"189","t":"14:00:59","h":"Est","s":"25N-H54N000S-80-S"},{"r":"189","t":"14:00:59","h":"Est","s":"25N-H54NV10S-82-S"},{"r":"189","t":"14:00:59","h":"Est","s":"25N-H54NV20S-80-S"},{"r":"189","t":"14:00:59","h":"Est","s":"25S-H54S000S-82-S"},{"r":"189","t":"14:13:11","h":"Est","s":"25N-H54N000A-80-A"},{"r":"189","t":"14:13:11","h":"Est","s":"25N-H54NV10A-80-A"},{"r":"189","t":"14:13:11","h":"Est","s":"25N-H54NV20A-80-A"},{"r":"189","t":"14:13:11","h":"Est","s":"25S-H54S000A-83-A"},{"r":"189","t":"14:18:59","h":"Est","s":"25N-H54N000I-80-I"},{"r":"189","t":"14:18:59","h":"Est","s":"25N-H54N100F-80-F1"},{"r":"189","t":"14:18:59","h":"Est","s":"25N-H54N200F-80-F2"},{"r":"189","t":"14:18:59","h":"Est","s":"25N-H54N300F-80-F3"},{"r":"189","t":"14:18:59","h":"Est","s":"25N-H54N400F-80-F4"},{"r":"189","t":"14:18:59","h":"Est","s":"25N-H54NV10I-80-I"},{"r":"189","t":"14:18:59","h":"Est","s":"25N-H54NV20I-80-I"},{"r":"189","t":"14:18:59","h":"Est","s":"25S-H54S000I-82-I"},{"r":"189","t":"14:18:59","h":"Est","s":"25S-H54S100F-80-F1"},{"r":"189","t":"14:18:59","h":"Est","s":"25S-H54S200F-80-F2"},{"r":"189","t":"14:19:59","h":"Est","s":"25N-H54N000S-80-S"},{"r":"189","t":"14:19:59","h":"Est","s":"25N-H54NV10S-82-S"},{"r":"189","t":"14:19:59","h":"Est","s":"25N-H54NV20S-80-S"},{"r":"189","t":"14:19:59","h":"Est","s":"25S-H54S000S-82-S"},{"r":"189","t":"14:31:11","h":"Est","s":"25N-H54N000A-80-A"},{"r":"189","t":"14:31:11","h":"Est","s":"25N-H54NV10A-80-A"},{"r":"189","t":"14:31:11","h":"Est","s":"25N-H54NV20A-80-A"},{"r":"189","t":"14:31:11","h":"Est","s":"25S-H54S000A-83-A"},{"r":"189","t":"14:37:59","h":"Est","s":"25N-H54N000S-80-S"},{"r":"189","t":"14:37:59","h":"Est","s":"25N-H54NV10S-82-S"},{"r":"189","t":"14:37:59","h":"Est","s":"25N-H54NV20S-80-S"},{"r":"189","t":"14:37:59","h":"Est","s":"25S-H54S000S-82-S"},{"r":"189","t":"14:47:59","h":"Est","s":"25N-H54N000I-80-I"},{"r":"189","t":"14:47:59","h":"Est","s":"25N-H54N100F-80-F1"},{"r":"189","t":"14:47:59","h":"Est","s":"25N-H54N200F-80-F2"},{"r":"189","t":"14:47:59","h":"Est","s":"25N-H54N300F-80-F3"},{"r":"189","t":"14:47:59","h":"Est","s":"25N-H54N400F-80-F4"},{"r":"189","t":"14:47:59","h":"Est","s":"25N-H54NV10I-80-I"},{"r":"189","t":"14:47:59","h":"Est","s":"25N-H54NV20I-80-I"},{"r":"189","t":"14:47:59","h":"Est","s":"25S-H54S000I-82-I"},{"r":"189","t":"14:47:59","h":"Est","s":"25S-H54S100F-80-F1"},{"r":"189","t":"14:47:59","h":"Est","s":"25S-H54S200F-80-F2"},{"r":"189","t":"14:49:11","h":"Est","s":"25N-H54N000A-80-A"},{"r":"189","t":"14:49:11","h":"Est","s":"25N-H54NV10A-80-A"},{"r":"189","t":"14:49:11","h":"Est","s":"25N-H54NV20A-80-A"},{"r":"189","t":"14:49:11","h":"Est","s":"25S-H54S000A-83-A"},{"r":"189","t":"14:58:59","h":"Est","s":"25N-H54N000S-80-S"},{"r":"189","t":"14:58:59","h":"Est","s":"25N-H54NV10S-82-S"},{"r":"189","t":"14:58:59","h":"Est","s":"25N-H54NV20S-80-S"},{"r":"189","t":"14:58:59","h":"Est","s":"25S-H54S000S-82-S"},{"r":"189","t":"15:07:11","h":"Est","s":"25N-H54N000A-80-A"},{"r":"189","t":"15:07:11","h":"Est","s":"25N-H54NV10A-80-A"},{"r":"189","t":"15:07:11","h":"Est","s":"25N-H54NV20A-80-A"},{"r":"189","t":"15:07:11","h":"Est","s":"25S-H54S000A-83-A"},{"r":"189","t":"15:10:59","h":"Est","s":"25N-H54N000I-80-I"},{"r":"189","t":"15:10:59","h":"Est","s":"25N-H54N100F-80-F1"},{"r":"189","t":"15:10:59","h":"Est","s":"25N-H54N200F-80-F2"},{"r":"189","t":"15:10:59","h":"Est","s":"25N-H54N300F-80-F3"},{"r":"189","t":"15:10:59","h":"Est","s":"25N-H54N400F-80-F4"},{"r":"189","t":"15:10:59","h":"Est","s":"25N-H54NV10I-80-I"},{"r":"189","t":"15:10:59","h":"Est","s":"25N-H54NV20I-80-I"},{"r":"189","t":"15:10:59","h":"Est","s":"25S-H54S000I-82-I"},{"r":"189","t":"15:10:59","h":"Est","s":"25S-H54S100F-80-F1"},{"r":"189","t":"15:10:59","h":"Est","s":"25S-H54S200F-80-F2"},{"r":"189","t":"15:16:59","h":"Est","s":"25N-H54N000S-80-S"},{"r":"189","t":"15:16:59","h":"Est","s":"25N-H54NV10S-82-S"},{"r":"189","t":"15:16:59","h":"Est","s":"25N-H54NV20S-80-S"},{"r":"189","t":"15:16:59","h":"Est","s":"25S-H54S000S-82-S"},{"r":"189","t":"15:27:11","h":"Est","s":"25N-H54N000A-80-A"},{"r":"189","t":"15:27:11","h":"Est","s":"25N-H54NV10A-80-A"},{"r":"189","t":"15:27:11","h":"Est","s":"25N-H54NV20A-80-A"},{"r":"189","t":"15:27:11","h":"Est","s":"25S-H54S000A-83-A"},{"r":"189","t":"15:28:59","h":"Est","s":"25N-H54N000S-80-S"},{"r":"189","t":"15:28:59","h":"Est","s":"25N-H54NV10S-82-S"},{"r":"189","t":"15:28:59","h":"Est","s":"25N-H54NV20S-80-S"},{"r":"189","t":"15:28:59","h":"Est","s":"25S-H54S000S-82-S"},{"r":"487","t":"15:29:46","h":"Est via De Montigny / Notre-Dame","s":"25N-H54N000S-80-S"},{"r":"487","t":"15:29:46","h":"Est via De Montigny / Notre-Dame","s":"25N-H54NV10S-82-S"},{"r":"487","t":"15:29:46","h":"Est via De Montigny / Notre-Dame","s":"25N-H54NV20S-80-S"},{"r":"487","t":"15:29:46","h":"Est via De Montigny / Notre-Dame","s":"25S-H54S000S-82-S"},{"r":"189","t":"15:29:59","h":"Est","s":"25N-H54N000I-80-I"},{"r":"189","t":"15:29:59","h":"Est","s":"25N-H54N100F-80-F1"},{"r":"189","t":"15:29:59","h":"Est","s":"25N-H54N200F-80-F2"},{"r":"189","t":"15:29:59","h":"Est","s":"25N-H54N300F-80-F3"},{"r":"189","t":"15:29:59","h":"Est","s":"25N-H54N400F-80-F4"},{"r":"189","t":"15:29:59","h":"Est","s":"25N-H54NV10I-80-I"},{"r":"189","t":"15:29:59","h":"Est","s":"25N-H54NV20I-80-I"},{"r":"189","t":"15:29:59","h":"Est","s":"25S-H54S000I-82-I"},{"r":"189","t":"15:29:59","h":"Est","s":"25S-H54S100F-80-F1"},{"r":"189","t":"15:29:59","h":"Est","s":"25S-H54S200F-80-F2"},{"r":"189","t":"15:40:59","h":"Est","s":"25N-H54N000S-80-S"},{"r":"189","t":"15:40:59","h":"Est","s":"25N-H54NV10S-82-S"},{"r":"189","t":"15:40:59","h":"Est","s":"25N-H54NV20S-80-S"},{"r":"189","t":"15:40:59","h":"Est","s":"25S-H54S000S-82-S"},{"r":"189","t":"15:47:11","h":"Est","s":"25N-H54N000A-80-A"},{"r":"189","t":"15:47:11","h":"Est","s":"25N-H54NV10A-80-A"},{"r":"189","t":"15:47:11","h":"Est","s":"25N-H54NV20A-80-A"},{"r":"189","t":"15:47:11","h":"Est","s":"25S-H54S000A-83-A"},{"r":"189","t":"15:48:59","h":"Est","s":"25N-H54N000I-80-I"},{"r":"189","t":"15:48:59","h":"Est","s":"25N-H54N100F-80-F1"},{"r":"189","t":"15:48:59","h":"Est","s":"25N-H54N200F-80-F2"},{"r":"189","t":"15:48:59","h":"Est","s":"25N-H54N300F-80-F3"},{"r":"189","t":"15:48:59","h":"Est","s":"25N-H54N400F-80-F4"},{"r":"189","t":"15:48:59","h":"Est","s":"25N-H54NV10I-80-I"},{"r":"189","t":"15:48:59","h":"Est","s":"25N-H54NV20I-80-I"},{"r":"189","t":"15:48:59","h":"Est","s":"25S-H54S000I-82-I"},{"r":"189","t":"15:48:59","h":"Est","s":"25S-H54S100F-80-F1"},{"r":"189","t":"15:48:59","h":"Est","s":"25S-H54S200F-80-F2"},{"r":"189","t":"15:51:59","h":"Est","s":"25N-H54N000S-80-S"},{"r":"189","t":"15:51:59","h":"Est","s":"25N-H54NV10S-82-S"},{"r":"189","t":"15:51:59","h":"Est","s":"25N-H54NV20S-80-S"},{"r":"189","t":"15:51:59","h":"Est","s":"25S-H54S000S-82-S"},{"r":"487","t":"15:59:46","h":"Est via De Montigny / Notre-Dame","s":"25N-H54N000S-80-S"},{"r":"487","t":"15:59:46","h":"Est via De Montigny / Notre-Dame","s":"25N-H54NV10S-82-S"},{"r":"487","t":"15:59:46","h":"Est via De Montigny / Notre-Dame","s":"25N-H54NV20S-80-S"},{"r":"487","t":"15:59:46","h":"Est via De Montigny / Notre-Dame","s":"25S-H54S000S-82-S"},{"r":"189","t":"16:01:59","h":"Est","s":"25N-H54N000S-80-S"},{"r":"189","t":"16:01:59","h":"Est","s":"25N-H54NV10S-82-S"},{"r":"189","t":"16:01:59","h":"Est","s":"25N-H54NV20S-80-S"},{"r":"189","t":"16:01:59","h":"Est","s":"25S-H54S000S-82-S"},{"r":"189","t":"16:03:11","h":"Est","s":"25N-H54N000A-80-A"},{"r":"189","t":"16:03:11","h":"Est","s":"25N-H54NV10A-80-A"},{"r":"189","t":"16:03:11","h":"Est","s":"25N-H54NV20A-80-A"},{"r":"189","t":"16:03:11","h":"Est","s":"25S-H54S000A-83-A"},{"r":"410","t":"16:03:31","h":"Est","s":"25N-H57N000S-80-S"},{"r":"410","t":"16:03:31","h":"Est","s":"25N-H57NV10S-84-S"},{"r":"410","t":"16:03:31","h":"Est","s":"25N-H57NV20S-80-S"},{"r":"410","t":"16:03:31","h":"Est","s":"25S-H57S000S-82-S"},{"r":"189","t":"16:07:59","h":"Est","s":"25N-H54N000I-80-I"},{"r":"189","t":"16:07:59","h":"Est","s":"25N-H54N100F-80-F1"},{"r":"189","t":"16:07:59","h":"Est","s":"25N-H54N200F-80-F2"},{"r":"189","t":"16:07:59","h":"Est","s":"25N-H54N300F-80-F3"},{"r":"189","t":"16:07:59","h":"Est","s":"25N-H54N400F-80-F4"},{"r":"189","t":"16:07:59","h":"Est","s":"25N-H54NV10I-80-I"},{"r":"189","t":"16:07:59","h":"Est","s":"25N-H54NV20I-80-I"},{"r":"189","t":"16:07:59","h":"Est","s":"25S-H54S000I-82-I"},{"r":"189","t":"16:07:59","h":"Est","s":"25S-H54S100F-80-F1"},{"r":"189","t":"16:07:59","h":"Est","s":"25S-H54S200F-80-F2"},{"r":"189","t":"16:11:59","h":"Est","s":"25N-H59N000S-80-S"},{"r":"189","t":"16:11:59","h":"Est","s":"25N-H59NV10S-84-S"},{"r":"189","t":"16:11:59","h":"Est","s":"25N-H59NV20S-80-S"},{"r":"189","t":"16:11:59","h":"Est","s":"25S-H59S000S-81-S"},{"r":"189","t":"16:19:11","h":"Est","s":"25N-H54N000A-80-A"},{"r":"189","t":"16:19:11","h":"Est","s":"25N-H54NV10A-80-A"},{"r":"189","t":"16:19:11","h":"Est","s":"25N-H54NV20A-80-A"},{"r":"189","t":"16:19:11","h":"Est","s":"25S-H54S000A-83-A"},{"r":"189","t":"16:21:59","h":"Est","s":"25N-H54N000S-80-S"},{"r":"189","t":"16:21:59","h":"Est","s":"25N-H54NV10S-82-S"},{"r":"189","t":"16:21:59","h":"Est","s":"25N-H54NV20S-80-S"},{"r":"189","t":"16:21:59","h":"Est","s":"25S-H54S000S-82-S"},{"r":"410","t":"16:26:31","h":"Est","s":"25N-H57N000S-80-S"},{"r":"410","t":"16:26:31","h":"Est","s":"25N-H57NV10S-84-S"},{"r":"410","t":"16:26:31","h":"Est","s":"25N-H57NV20S-80-S"},{"r":"410","t":"16:26:31","h":"Est","s":"25S-H57S000S-82-S"},{"r":"189","t":"16:27:59","h":"Est","s":"25N-H54N000I-80-I"},{"r":"189","t":"16:27:59","h":"Est","s":"25N-H54N100F-80-F1"},{"r":"189","t":"16:27:59","h":"Est","s":"25N-H54N200F-80-F2"},{"r":"189","t":"16:27:59","h":"Est","s":"25N-H54N300F-80-F3"},{"r":"189","t":"16:27:59","h":"Est","s":"25N-H54N400F-80-F4"},{"r":"189","t":"16:27:59","h":"Est","s":"25N-H54NV10I-80-I"},{"r":"189","t":"16:27:59","h":"Est","s":"25N-H54NV20I-80-I"},{"r":"189","t":"16:27:59","h":"Est","s":"25S-H54S000I-82-I"},{"r":"189","t":"16:27:59","h":"Est","s":"25S-H54S100F-80-F1"},{"r":"189","t":"16:27:59","h":"Est","s":"25S-H54S200F-80-F2"},{"r":"487","t":"16:31:32","h":"Est via De Montigny / Notre-Dame","s":"25N-H54N000S-80-S"},{"r":"487","t":"16:31:32","h":"Est via De Montigny / Notre-Dame","s":"25N-H54NV10S-82-S"},{"r":"487","t":"16:31:32","h":"Est via De Montigny / Notre-Dame","s":"25N-H54NV20S-80-S"},{"r":"487","t":"16:31:32","h":"Est via De Montigny / Notre-Dame","s":"25S-H54S000S-82-S"},{"r":"189","t":"16:31:59","h":"Est","s":"25N-H54N000S-80-S"},{"r":"189","t":"16:31:59","h":"Est","s":"25N-H54NV10S-82-S"},{"r":"189","t":"16:31:59","h":"Est","s":"25N-H54NV20S-80-S"},{"r":"189","t":"16:31:59","h":"Est","s":"25S-H54S000S-82-S"},{"r":"189","t":"16:35:11","h":"Est","s":"25N-H54N000A-80-A"},{"r":"189","t":"16:35:11","h":"Est","s":"25N-H54NV10A-80-A"},{"r":"189","t":"16:35:11","h":"Est","s":"25N-H54NV20A-80-A"},{"r":"189","t":"16:35:11","h":"Est","s":"25S-H54S000A-83-A"},{"r":"189","t":"16:43:59","h":"Est","s":"25N-H54N000S-80-S"},{"r":"189","t":"16:43:59","h":"Est","s":"25N-H54NV10S-82-S"},{"r":"189","t":"16:43:59","h":"Est","s":"25N-H54NV20S-80-S"},{"r":"189","t":"16:43:59","h":"Est","s":"25S-H54S000S-82-S"},{"r":"189","t":"16:46:59","h":"Est","s":"25N-H54N000I-80-I"},{"r":"189","t":"16:46:59","h":"Est","s":"25N-H54N100F-80-F1"},{"r":"189","t":"16:46:59","h":"Est","s":"25N-H54N200F-80-F2"},{"r":"189","t":"16:46:59","h":"Est","s":"25N-H54N300F-80-F3"},{"r":"189","t":"16:46:59","h":"Est","s":"25N-H54N400F-80-F4"},{"r":"189","t":"16:46:59","h":"Est","s":"25N-H54NV10I-80-I"},{"r":"189","t":"16:46:59","h":"Est","s":"25N-H54NV20I-80-I"},{"r":"189","t":"16:46:59","h":"Est","s":"25S-H54S000I-82-I"},{"r":"189","t":"16:46:59","h":"Est","s":"25S-H54S100F-80-F1"},{"r":"189","t":"16:46:59","h":"Est","s":"25S-H54S200F-80-F2"},{"r":"487","t":"16:49:32","h":"Est via De Montigny / Notre-Dame","s":"25N-H54N000S-80-S"},{"r":"487","t":"16:49:32","h":"Est via De Montigny / Notre-Dame","s":"25N-H54NV10S-82-S"},{"r":"487","t":"16:49:32","h":"Est via De Montigny / Notre-Dame","s":"25N-H54NV20S-80-S"},{"r":"487","t":"16:49:32","h":"Est via De Montigny / Notre-Dame","s":"25S-H54S000S-82-S"},{"r":"189","t":"16:50:11","h":"Est","s":"25N-H54N000A-80-A"},{"r":"189","t":"16:50:11","h":"Est","s":"25N-H54NV10A-80-A"},{"r":"189","t":"16:50:11","h":"Est","s":"25N-H54NV20A-80-A"},{"r":"189","t":"16:50:11","h":"Est","s":"25S-H54S000A-83-A"},{"r":"410","t":"16:51:31","h":"Est","s":"25N-H57N000S-80-S"},{"r":"410","t":"16:51:31","h":"Est","s":"25N-H57NV10S-84-S"},{"r":"410","t":"16:51:31","h":"Est","s":"25N-H57NV20S-80-S"},{"r":"410","t":"16:51:31","h":"Est","s":"25S-H57S000S-82-S"},{"r":"189","t":"16:52:11","h":"Est","s":"25N-H54N000S-80-S"},{"r":"189","t":"16:52:11","h":"Est","s":"25N-H54NV10S-82-S"},{"r":"189","t":"16:52:11","h":"Est","s":"25N-H54NV20S-80-S"},{"r":"189","t":"16:52:11","h":"Est","s":"25S-H54S000S-82-S"},{"r":"189","t":"17:01:59","h":"Est","s":"25N-H54N000I-80-I"},{"r":"189","t":"17:01:59","h":"Est","s":"25N-H54N100F-80-F1"},{"r":"189","t":"17:01:59","h":"Est","s":"25N-H54N200F-80-F2"},{"r":"189","t":"17:01:59","h":"Est","s":"25N-H54N300F-80-F3"},{"r":"189","t":"17:01:59","h":"Est","s":"25N-H54N400F-80-F4"},{"r":"189","t":"17:01:59","h":"Est","s":"25N-H54NV10I-80-I"},{"r":"189","t":"17:01:59","h":"Est","s":"25N-H54NV20I-80-I"},{"r":"189","t":"17:01:59","h":"Est","s":"25S-H54S000I-82-I"},{"r":"189","t":"17:01:59","h":"Est","s":"25S-H54S100F-80-F1"},{"r":"189","t":"17:01:59","h":"Est","s":"25S-H54S200F-80-F2"},{"r":"189","t":"17:02:11","h":"Est","s":"25N-H54N000S-80-S"},{"r":"189","t":"17:02:11","h":"Est","s":"25N-H54NV10S-82-S"},{"r":"189","t":"17:02:11","h":"Est","s":"25N-H54NV20S-80-S"},{"r":"189","t":"17:02:11","h":"Est","s":"25S-H54S000S-82-S"},{"r":"487","t":"17:02:32","h":"Est via De Montigny / Notre-Dame","s":"25N-H59N000S-80-S"},{"r":"487","t":"17:02:32","h":"Est via De Montigny / Notre-Dame","s":"25N-H59NV10S-84-S"},{"r":"487","t":"17:02:32","h":"Est via De Montigny / Notre-Dame","s":"25N-H59NV20S-80-S"},{"r":"487","t":"17:02:32","h":"Est via De Montigny / Notre-Dame","s":"25S-H59S000S-81-S"},{"r":"189","t":"17:04:11","h":"Est","s":"25N-H54N000A-80-A"},{"r":"189","t":"17:04:11","h":"Est","s":"25N-H54NV10A-80-A"},{"r":"189","t":"17:04:11","h":"Est","s":"25N-H54NV20A-80-A"},{"r":"189","t":"17:04:11","h":"Est","s":"25S-H54S000A-83-A"},{"r":"189","t":"17:07:11","h":"Est","s":"25N-H54N000S-80-S"},{"r":"189","t":"17:07:11","h":"Est","s":"25N-H54NV10S-82-S"},{"r":"189","t":"17:07:11","h":"Est","s":"25N-H54NV20S-80-S"},{"r":"189","t":"17:07:11","h":"Est","s":"25S-H54S000S-82-S"},{"r":"189","t":"17:12:11","h":"Est","s":"25N-H54N000S-80-S"},{"r":"189","t":"17:12:11","h":"Est","s":"25N-H54NV10S-82-S"},{"r":"189","t":"17:12:11","h":"Est","s":"25N-H54NV20S-80-S"},{"r":"189","t":"17:12:11","h":"Est","s":"25S-H54S000S-82-S"},{"r":"410","t":"17:14:31","h":"Est","s":"25N-H57N000S-80-S"},{"r":"410","t":"17:14:31","h":"Est","s":"25N-H57NV10S-84-S"},{"r":"410","t":"17:14:31","h":"Est","s":"25N-H57NV20S-80-S"},{"r":"410","t":"17:14:31","h":"Est","s":"25S-H57S000S-82-S"},{"r":"487","t":"17:16:32","h":"Est via De Montigny / Notre-Dame","s":"25N-H54N000S-80-S"},{"r":"487","t":"17:16:32","h":"Est via De Montigny / Notre-Dame","s":"25N-H54NV10S-82-S"},{"r":"487","t":"17:16:32","h":"Est via De Montigny / Notre-Dame","s":"25N-H54NV20S-80-S"},{"r":"487","t":"17:16:32","h":"Est via De Montigny / Notre-Dame","s":"25S-H54S000S-82-S"},{"r":"189","t":"17:16:59","h":"Est","s":"25N-H54N000I-80-I"},{"r":"189","t":"17:16:59","h":"Est","s":"25N-H54N100F-80-F1"},{"r":"189","t":"17:16:59","h":"Est","s":"25N-H54N200F-80-F2"},{"r":"189","t":"17:16:59","h":"Est","s":"25N-H54N300F-80-F3"},{"r":"189","t":"17:16:59","h":"Est","s":"25N-H54N400F-80-F4"},{"r":"189","t":"17:16:59","h":"Est","s":"25N-H54NV10I-80-I"},{"r":"189","t":"17:16:59","h":"Est","s":"25N-H54NV20I-80-I"},{"r":"189","t":"17:16:59","h":"Est","s":"25S-H54S000I-82-I"},{"r":"189","t":"17:16:59","h":"Est","s":"25S-H54S100F-80-F1"},{"r":"189","t":"17:16:59","h":"Est","s":"25S-H54S200F-80-F2"},{"r":"189","t":"17:17:11","h":"Est","s":"25N-H54N000S-80-S"},{"r":"189","t":"17:17:11","h":"Est","s":"25N-H54NV10S-82-S"},{"r":"189","t":"17:17:11","h":"Est","s":"25N-H54NV20S-80-S"},{"r":"189","t":"17:17:11","h":"Est","s":"25S-H54S000S-82-S"},{"r":"189","t":"17:19:11","h":"Est","s":"25N-H54N000A-80-A"},{"r":"189","t":"17:19:11","h":"Est","s":"25N-H54NV10A-80-A"},{"r":"189","t":"17:19:11","h":"Est","s":"25N-H54NV20A-80-A"},{"r":"189","t":"17:19:11","h":"Est","s":"25S-H54S000A-83-A"},{"r":"189","t":"17:23:11","h":"Est","s":"25N-H54N000S-80-S"},{"r":"189","t":"17:23:11","h":"Est","s":"25N-H54NV10S-82-S"},{"r":"189","t":"17:23:11","h":"Est","s":"25N-H54NV20S-80-S"},{"r":"189","t":"17:23:11","h":"Est","s":"25S-H54S000S-82-S"},{"r":"189","t":"17:30:11","h":"Est","s":"25N-H54N000S-80-S"},{"r":"189","t":"17:30:11","h":"Est","s":"25N-H54NV10S-82-S"},{"r":"189","t":"17:30:11","h":"Est","s":"25N-H54NV20S-80-S"},{"r":"189","t":"17:30:11","h":"Est","s":"25S-H54S000S-82-S"},{"r":"189","t":"17:31:59","h":"Est","s":"25N-H54N000I-80-I"},{"r":"189","t":"17:31:59","h":"Est","s":"25N-H54N100F-80-F1"},{"r":"189","t":"17:31:59","h":"Est","s":"25N-H54N200F-80-F2"},{"r":"189","t":"17:31:59","h":"Est","s":"25N-H54N300F-80-F3"},{"r":"189","t":"17:31:59","h":"Est","s":"25N-H54N400F-80-F4"},{"r":"189","t":"17:31:59","h":"Est","s":"25N-H54NV10I-80-I"},{"r":"189","t":"17:31:59","h":"Est","s":"25N-H54NV20I-80-I"},{"r":"189","t":"17:31:59","h":"Est","s":"25S-H54S000I-82-I"},{"r":"189","t":"17:31:59","h":"Est","s":"25S-H54S100F-80-F1"},{"r":"189","t":"17:31:59","h":"Est","s":"25S-H54S200F-80-F2"},{"r":"487","t":"17:33:32","h":"Est via De Montigny / Notre-Dame","s":"25N-H54N000S-80-S"},{"r":"487","t":"17:33:32","h":"Est via De Montigny / Notre-Dame","s":"25N-H54NV10S-82-S"},{"r":"487","t":"17:33:32","h":"Est via De Montigny / Notre-Dame","s":"25N-H54NV20S-80-S"},{"r":"487","t":"17:33:32","h":"Est via De Montigny / Notre-Dame","s":"25S-H54S000S-82-S"},{"r":"410","t":"17:34:58","h":"Est","s":"25N-H57N000S-80-S"},{"r":"410","t":"17:34:58","h":"Est","s":"25N-H57NV10S-84-S"},{"r":"410","t":"17:34:58","h":"Est","s":"25N-H57NV20S-80-S"},{"r":"410","t":"17:34:58","h":"Est","s":"25S-H57S000S-82-S"},{"r":"189","t":"17:35:11","h":"Est","s":"25N-H54N000A-80-A"},{"r":"189","t":"17:35:11","h":"Est","s":"25N-H54NV10A-80-A"},{"r":"189","t":"17:35:11","h":"Est","s":"25N-H54NV20A-80-A"},{"r":"189","t":"17:35:11","h":"Est","s":"25S-H54S000A-83-A"},{"r":"189","t":"17:37:11","h":"Est","s":"25N-H54N000S-80-S"},{"r":"189","t":"17:37:11","h":"Est","s":"25N-H54NV10S-82-S"},{"r":"189","t":"17:37:11","h":"Est","s":"25N-H54NV20S-80-S"},{"r":"189","t":"17:37:11","h":"Est","s":"25S-H54S000S-82-S"},{"r":"189","t":"17:42:11","h":"Est","s":"25N-H54N000S-80-S"},{"r":"189","t":"17:42:11","h":"Est","s":"25N-H54NV10S-82-S"},{"r":"189","t":"17:42:11","h":"Est","s":"25N-H54NV20S-80-S"},{"r":"189","t":"17:42:11","h":"Est","s":"25S-H54S000S-82-S"},{"r":"189","t":"17:46:59","h":"Est","s":"25N-H54N000I-80-I"},{"r":"189","t":"17:46:59","h":"Est","s":"25N-H54N100F-80-F1"},{"r":"189","t":"17:46:59","h":"Est","s":"25N-H54N200F-80-F2"},{"r":"189","t":"17:46:59","h":"Est","s":"25N-H54N300F-80-F3"},{"r":"189","t":"17:46:59","h":"Est","s":"25N-H54N400F-80-F4"},{"r":"189","t":"17:46:59","h":"Est","s":"25N-H54NV10I-80-I"},{"r":"189","t":"17:46:59","h":"Est","s":"25N-H54NV20I-80-I"},{"r":"189","t":"17:46:59","h":"Est","s":"25S-H54S000I-82-I"},{"r":"189","t":"17:46:59","h":"Est","s":"25S-H54S100F-80-F1"},{"r":"189","t":"17:46:59","h":"Est","s":"25S-H54S200F-80-F2"},{"r":"189","t":"17:50:11","h":"Est","s":"25N-H54N000A-80-A"},{"r":"189","t":"17:50:11","h":"Est","s":"25N-H54NV10A-80-A"},{"r":"189","t":"17:50:11","h":"Est","s":"25N-H54NV20A-80-A"},{"r":"189","t":"17:50:11","h":"Est","s":"25S-H54S000A-83-A"},{"r":"487","t":"17:50:32","h":"Est via De Montigny / Notre-Dame","s":"25N-H54N000S-80-S"},{"r":"487","t":"17:50:32","h":"Est via De Montigny / Notre-Dame","s":"25N-H54NV10S-82-S"},{"r":"487","t":"17:50:32","h":"Est via De Montigny / Notre-Dame","s":"25N-H54NV20S-80-S"},{"r":"487","t":"17:50:32","h":"Est via De Montigny / Notre-Dame","s":"25S-H54S000S-82-S"},{"r":"189","t":"17:51:11","h":"Est","s":"25N-H54N000S-80-S"},{"r":"189","t":"17:51:11","h":"Est","s":"25N-H54NV10S-82-S"},{"r":"189","t":"17:51:11","h":"Est","s":"25N-H54NV20S-80-S"},{"r":"189","t":"17:51:11","h":"Est","s":"25S-H54S000S-82-S"},{"r":"189","t":"17:58:11","h":"Est","s":"25N-H54N000S-80-S"},{"r":"189","t":"17:58:11","h":"Est","s":"25N-H54NV10S-82-S"},{"r":"189","t":"17:58:11","h":"Est","s":"25N-H54NV20S-80-S"},{"r":"189","t":"17:58:11","h":"Est","s":"25S-H54S000S-82-S"},{"r":"410","t":"17:58:58","h":"Est","s":"25N-H57N000S-80-S"},{"r":"410","t":"17:58:58","h":"Est","s":"25N-H57NV10S-84-S"},{"r":"410","t":"17:58:58","h":"Est","s":"25N-H57NV20S-80-S"},{"r":"410","t":"17:58:58","h":"Est","s":"25S-H57S000S-82-S"},{"r":"189","t":"18:01:59","h":"Est","s":"25N-H54N000I-80-I"},{"r":"189","t":"18:01:59","h":"Est","s":"25N-H54N100F-80-F1"},{"r":"189","t":"18:01:59","h":"Est","s":"25N-H54N200F-80-F2"},{"r":"189","t":"18:01:59","h":"Est","s":"25N-H54N300F-80-F3"},{"r":"189","t":"18:01:59","h":"Est","s":"25N-H54N400F-80-F4"},{"r":"189","t":"18:01:59","h":"Est","s":"25N-H54NV10I-80-I"},{"r":"189","t":"18:01:59","h":"Est","s":"25N-H54NV20I-80-I"},{"r":"189","t":"18:01:59","h":"Est","s":"25S-H54S000I-82-I"},{"r":"189","t":"18:01:59","h":"Est","s":"25S-H54S100F-80-F1"},{"r":"189","t":"18:01:59","h":"Est","s":"25S-H54S200F-80-F2"},{"r":"189","t":"18:05:11","h":"Est","s":"25N-H54N000A-80-A"},{"r":"189","t":"18:05:11","h":"Est","s":"25N-H54NV10A-80-A"},{"r":"189","t":"18:05:11","h":"Est","s":"25N-H54NV20A-80-A"},{"r":"189","t":"18:05:11","h":"Est","s":"25S-H54S000A-83-A"},{"r":"487","t":"18:05:32","h":"Est via De Montigny / Notre-Dame","s":"25N-H54N000S-80-S"},{"r":"487","t":"18:05:32","h":"Est via De Montigny / Notre-Dame","s":"25N-H54NV10S-82-S"},{"r":"487","t":"18:05:32","h":"Est via De Montigny / Notre-Dame","s":"25N-H54NV20S-80-S"},{"r":"487","t":"18:05:32","h":"Est via De Montigny / Notre-Dame","s":"25S-H54S000S-82-S"},{"r":"189","t":"18:06:11","h":"Est","s":"25N-H54N000S-80-S"},{"r":"189","t":"18:06:11","h":"Est","s":"25N-H54NV10S-82-S"},{"r":"189","t":"18:06:11","h":"Est","s":"25N-H54NV20S-80-S"},{"r":"189","t":"18:06:11","h":"Est","s":"25S-H54S000S-82-S"},{"r":"189","t":"18:14:11","h":"Est","s":"25N-H54N000S-80-S"},{"r":"189","t":"18:14:11","h":"Est","s":"25N-H54NV10S-82-S"},{"r":"189","t":"18:14:11","h":"Est","s":"25N-H54NV20S-80-S"},{"r":"189","t":"18:14:11","h":"Est","s":"25S-H54S000S-82-S"},{"r":"189","t":"18:16:59","h":"Est","s":"25N-H54N000I-80-I"},{"r":"189","t":"18:16:59","h":"Est","s":"25N-H54N100F-80-F1"},{"r":"189","t":"18:16:59","h":"Est","s":"25N-H54N200F-80-F2"},{"r":"189","t":"18:16:59","h":"Est","s":"25N-H54N300F-80-F3"},{"r":"189","t":"18:16:59","h":"Est","s":"25N-H54N400F-80-F4"},{"r":"189","t":"18:16:59","h":"Est","s":"25N-H54NV10I-80-I"},{"r":"189","t":"18:16:59","h":"Est","s":"25N-H54NV20I-80-I"},{"r":"189","t":"18:16:59","h":"Est","s":"25S-H54S000I-82-I"},{"r":"189","t":"18:16:59","h":"Est","s":"25S-H54S100F-80-F1"},{"r":"189","t":"18:16:59","h":"Est","s":"25S-H54S200F-80-F2"},{"r":"189","t":"18:19:11","h":"Est","s":"25N-H54N000A-80-A"},{"r":"189","t":"18:19:11","h":"Est","s":"25N-H54NV10A-80-A"},{"r":"189","t":"18:19:11","h":"Est","s":"25N-H54NV20A-80-A"},{"r":"189","t":"18:19:11","h":"Est","s":"25S-H54S000A-83-A"},{"r":"189","t":"18:21:11","h":"Est","s":"25N-H54N000S-80-S"},{"r":"189","t":"18:21:11","h":"Est","s":"25N-H54NV10S-82-S"},{"r":"189","t":"18:21:11","h":"Est","s":"25N-H54NV20S-80-S"},{"r":"189","t":"18:21:11","h":"Est","s":"25S-H54S000S-82-S"},{"r":"410","t":"18:21:58","h":"Est","s":"25N-H57N000S-80-S"},{"r":"410","t":"18:21:58","h":"Est","s":"25N-H57NV10S-84-S"},{"r":"410","t":"18:21:58","h":"Est","s":"25N-H57NV20S-80-S"},{"r":"410","t":"18:21:58","h":"Est","s":"25S-H57S000S-82-S"},{"r":"487","t":"18:26:32","h":"Est via De Montigny / Notre-Dame","s":"25N-H54N000S-80-S"},{"r":"487","t":"18:26:32","h":"Est via De Montigny / Notre-Dame","s":"25N-H54NV10S-82-S"},{"r":"487","t":"18:26:32","h":"Est via De Montigny / Notre-Dame","s":"25N-H54NV20S-80-S"},{"r":"487","t":"18:26:32","h":"Est via De Montigny / Notre-Dame","s":"25S-H54S000S-82-S"},{"r":"189","t":"18:30:11","h":"Est","s":"25N-H54N000S-80-S"},{"r":"189","t":"18:30:11","h":"Est","s":"25N-H54NV10S-82-S"},{"r":"189","t":"18:30:11","h":"Est","s":"25N-H54NV20S-80-S"},{"r":"189","t":"18:30:11","h":"Est","s":"25S-H54S000S-82-S"},{"r":"189","t":"18:31:59","h":"Est","s":"25N-H54N000I-80-I"},{"r":"189","t":"18:31:59","h":"Est","s":"25N-H54N100F-80-F1"},{"r":"189","t":"18:31:59","h":"Est","s":"25N-H54N200F-80-F2"},{"r":"189","t":"18:31:59","h":"Est","s":"25N-H54N300F-80-F3"},{"r":"189","t":"18:31:59","h":"Est","s":"25N-H54N400F-80-F4"},{"r":"189","t":"18:31:59","h":"Est","s":"25N-H54NV10I-80-I"},{"r":"189","t":"18:31:59","h":"Est","s":"25N-H54NV20I-80-I"},{"r":"189","t":"18:31:59","h":"Est","s":"25S-H54S000I-82-I"},{"r":"189","t":"18:31:59","h":"Est","s":"25S-H54S100F-80-F1"},{"r":"189","t":"18:31:59","h":"Est","s":"25S-H54S200F-80-F2"},{"r":"189","t":"18:33:11","h":"Est","s":"25N-H54N000A-80-A"},{"r":"189","t":"18:33:11","h":"Est","s":"25N-H54NV10A-80-A"},{"r":"189","t":"18:33:11","h":"Est","s":"25N-H54NV20A-80-A"},{"r":"189","t":"18:33:11","h":"Est","s":"25S-H54S000A-83-A"},{"r":"189","t":"18:39:11","h":"Est","s":"25N-H59N000S-80-S"},{"r":"189","t":"18:39:11","h":"Est","s":"25N-H59NV10S-84-S"},{"r":"189","t":"18:39:11","h":"Est","s":"25N-H59NV20S-80-S"},{"r":"189","t":"18:39:11","h":"Est","s":"25S-H59S000S-81-S"},{"r":"189","t":"18:46:11","h":"Est","s":"25N-H54N000A-80-A"},{"r":"189","t":"18:46:11","h":"Est","s":"25N-H54NV10A-80-A"},{"r":"189","t":"18:46:11","h":"Est","s":"25N-H54NV20A-80-A"},{"r":"189","t":"18:46:11","h":"Est","s":"25S-H54S000A-83-A"},{"r":"189","t":"18:46:59","h":"Est","s":"25N-H54N000I-80-I"},{"r":"189","t":"18:46:59","h":"Est","s":"25N-H54N100F-80-F1"},{"r":"189","t":"18:46:59","h":"Est","s":"25N-H54N200F-80-F2"},{"r":"189","t":"18:46:59","h":"Est","s":"25N-H54N300F-80-F3"},{"r":"189","t":"18:46:59","h":"Est","s":"25N-H54N400F-80-F4"},{"r":"189","t":"18:46:59","h":"Est","s":"25N-H54NV10I-80-I"},{"r":"189","t":"18:46:59","h":"Est","s":"25N-H54NV20I-80-I"},{"r":"189","t":"18:46:59","h":"Est","s":"25S-H54S000I-82-I"},{"r":"189","t":"18:46:59","h":"Est","s":"25S-H54S100F-80-F1"},{"r":"189","t":"18:46:59","h":"Est","s":"25S-H54S200F-80-F2"},{"r":"410","t":"18:47:58","h":"Est","s":"25N-H57N000S-80-S"},{"r":"410","t":"18:47:58","h":"Est","s":"25N-H57NV10S-84-S"},{"r":"410","t":"18:47:58","h":"Est","s":"25N-H57NV20S-80-S"},{"r":"410","t":"18:47:58","h":"Est","s":"25S-H57S000S-82-S"},{"r":"189","t":"18:50:11","h":"Est","s":"25N-H54N000S-80-S"},{"r":"189","t":"18:50:11","h":"Est","s":"25N-H54NV10S-82-S"},{"r":"189","t":"18:50:11","h":"Est","s":"25N-H54NV20S-80-S"},{"r":"189","t":"18:50:11","h":"Est","s":"25S-H54S000S-82-S"},{"r":"487","t":"18:56:46","h":"Est via De Montigny / Notre-Dame","s":"25N-H54N000S-80-S"},{"r":"487","t":"18:56:46","h":"Est via De Montigny / Notre-Dame","s":"25N-H54NV10S-82-S"},{"r":"487","t":"18:56:46","h":"Est via De Montigny / Notre-Dame","s":"25N-H54NV20S-80-S"},{"r":"487","t":"18:56:46","h":"Est via De Montigny / Notre-Dame","s":"25S-H54S000S-82-S"},{"r":"189","t":"19:02:11","h":"Est","s":"25N-H54N000A-80-A"},{"r":"189","t":"19:02:11","h":"Est","s":"25N-H54NV10A-80-A"},{"r":"189","t":"19:02:11","h":"Est","s":"25N-H54NV20A-80-A"},{"r":"189","t":"19:02:11","h":"Est","s":"25S-H54S000A-83-A"},{"r":"189","t":"19:04:11","h":"Est","s":"25N-H54N000S-80-S"},{"r":"189","t":"19:04:11","h":"Est","s":"25N-H54NV10S-82-S"},{"r":"189","t":"19:04:11","h":"Est","s":"25N-H54NV20S-80-S"},{"r":"189","t":"19:04:11","h":"Est","s":"25S-H54S000S-82-S"},{"r":"189","t":"19:06:59","h":"Est","s":"25N-H54N000I-80-I"},{"r":"189","t":"19:06:59","h":"Est","s":"25N-H54N100F-80-F1"},{"r":"189","t":"19:06:59","h":"Est","s":"25N-H54N200F-80-F2"},{"r":"189","t":"19:06:59","h":"Est","s":"25N-H54N300F-80-F3"},{"r":"189","t":"19:06:59","h":"Est","s":"25N-H54N400F-80-F4"},{"r":"189","t":"19:06:59","h":"Est","s":"25N-H54NV10I-80-I"},{"r":"189","t":"19:06:59","h":"Est","s":"25N-H54NV20I-80-I"},{"r":"189","t":"19:06:59","h":"Est","s":"25S-H54S000I-82-I"},{"r":"189","t":"19:06:59","h":"Est","s":"25S-H54S100F-80-F1"},{"r":"189","t":"19:06:59","h":"Est","s":"25S-H54S200F-80-F2"},{"r":"410","t":"19:14:07","h":"Est","s":"25N-H57N000S-80-S"},{"r":"410","t":"19:14:07","h":"Est","s":"25N-H57NV10S-84-S"},{"r":"410","t":"19:14:07","h":"Est","s":"25N-H57NV20S-80-S"},{"r":"410","t":"19:14:07","h":"Est","s":"25S-H57S000S-82-S"},{"r":"189","t":"19:18:11","h":"Est","s":"25N-H54N000S-80-S"},{"r":"189","t":"19:18:11","h":"Est","s":"25N-H54NV10S-82-S"},{"r":"189","t":"19:18:11","h":"Est","s":"25N-H54NV20S-80-S"},{"r":"189","t":"19:18:11","h":"Est","s":"25S-H54S000S-82-S"},{"r":"189","t":"19:19:11","h":"Est","s":"25N-H54N000A-80-A"},{"r":"189","t":"19:19:11","h":"Est","s":"25N-H54NV10A-80-A"},{"r":"189","t":"19:19:11","h":"Est","s":"25N-H54NV20A-80-A"},{"r":"189","t":"19:19:11","h":"Est","s":"25S-H54S000A-83-A"},{"r":"487","t":"19:24:46","h":"Est via De Montigny / Notre-Dame","s":"25N-H54N000S-80-S"},{"r":"487","t":"19:24:46","h":"Est via De Montigny / Notre-Dame","s":"25N-H54NV10S-82-S"},{"r":"487","t":"19:24:46","h":"Est via De Montigny / Notre-Dame","s":"25N-H54NV20S-80-S"},{"r":"487","t":"19:24:46","h":"Est via De Montigny / Notre-Dame","s":"25S-H54S000S-82-S"},{"r":"189","t":"19:32:11","h":"Est","s":"25N-H54N000S-80-S"},{"r":"189","t":"19:32:11","h":"Est","s":"25N-H54NV10S-82-S"},{"r":"189","t":"19:32:11","h":"Est","s":"25N-H54NV20S-80-S"},{"r":"189","t":"19:32:11","h":"Est","s":"25S-H54S000S-82-S"},{"r":"189","t":"19:32:59","h":"Est","s":"25N-H54N000I-80-I"},{"r":"189","t":"19:32:59","h":"Est","s":"25N-H54N100F-80-F1"},{"r":"189","t":"19:32:59","h":"Est","s":"25N-H54N200F-80-F2"},{"r":"189","t":"19:32:59","h":"Est","s":"25N-H54N300F-80-F3"},{"r":"189","t":"19:32:59","h":"Est","s":"25N-H54N400F-80-F4"},{"r":"189","t":"19:32:59","h":"Est","s":"25N-H54NV10I-80-I"},{"r":"189","t":"19:32:59","h":"Est","s":"25N-H54NV20I-80-I"},{"r":"189","t":"19:32:59","h":"Est","s":"25S-H54S000I-82-I"},{"r":"189","t":"19:32:59","h":"Est","s":"25S-H54S100F-80-F1"},{"r":"189","t":"19:32:59","h":"Est","s":"25S-H54S200F-80-F2"},{"r":"189","t":"19:36:11","h":"Est","s":"25N-H54N000A-80-A"},{"r":"189","t":"19:36:11","h":"Est","s":"25N-H54NV10A-80-A"},{"r":"189","t":"19:36:11","h":"Est","s":"25N-H54NV20A-80-A"},{"r":"189","t":"19:36:11","h":"Est","s":"25S-H54S000A-83-A"},{"r":"410","t":"19:39:07","h":"Est","s":"25N-H57N000S-80-S"},{"r":"410","t":"19:39:07","h":"Est","s":"25N-H57NV10S-84-S"},{"r":"410","t":"19:39:07","h":"Est","s":"25N-H57NV20S-80-S"},{"r":"410","t":"19:39:07","h":"Est","s":"25S-H57S000S-82-S"},{"r":"189","t":"19:46:11","h":"Est","s":"25N-H54N000S-80-S"},{"r":"189","t":"19:46:11","h":"Est","s":"25N-H54NV10S-82-S"},{"r":"189","t":"19:46:11","h":"Est","s":"25N-H54NV20S-80-S"},{"r":"189","t":"19:46:11","h":"Est","s":"25S-H54S000S-82-S"},{"r":"487","t":"19:53:46","h":"Est via De Montigny / Notre-Dame","s":"25N-H54N000S-80-S"},{"r":"487","t":"19:53:46","h":"Est via De Montigny / Notre-Dame","s":"25N-H54NV10S-82-S"},{"r":"487","t":"19:53:46","h":"Est via De Montigny / Notre-Dame","s":"25N-H54NV20S-80-S"},{"r":"487","t":"19:53:46","h":"Est via De Montigny / Notre-Dame","s":"25S-H54S000S-82-S"},{"r":"189","t":"19:54:11","h":"Est","s":"25N-H54N000A-80-A"},{"r":"189","t":"19:54:11","h":"Est","s":"25N-H54NV10A-80-A"},{"r":"189","t":"19:54:11","h":"Est","s":"25N-H54NV20A-80-A"},{"r":"189","t":"19:54:11","h":"Est","s":"25S-H54S000A-83-A"},{"r":"189","t":"20:01:11","h":"Est","s":"25N-H54N000I-80-I"},{"r":"189","t":"20:01:11","h":"Est","s":"25N-H54N100F-80-F1"},{"r":"189","t":"20:01:11","h":"Est","s":"25N-H54N200F-80-F2"},{"r":"189","t":"20:01:11","h":"Est","s":"25N-H54N300F-80-F3"},{"r":"189","t":"20:01:11","h":"Est","s":"25N-H54N400F-80-F4"},{"r":"189","t":"20:01:11","h":"Est","s":"25N-H54NV10I-80-I"},{"r":"189","t":"20:01:11","h":"Est","s":"25N-H54NV20I-80-I"},{"r":"189","t":"20:01:11","h":"Est","s":"25S-H54S000I-82-I"},{"r":"189","t":"20:01:11","h":"Est","s":"25S-H54S100F-80-F1"},{"r":"189","t":"20:01:11","h":"Est","s":"25S-H54S200F-80-F2"},{"r":"189","t":"20:03:11","h":"Est","s":"25N-H54N000S-80-S"},{"r":"189","t":"20:03:11","h":"Est","s":"25N-H54NV10S-82-S"},{"r":"189","t":"20:03:11","h":"Est","s":"25N-H54NV20S-80-S"},{"r":"189","t":"20:03:11","h":"Est","s":"25S-H54S000S-82-S"},{"r":"410","t":"20:07:07","h":"Est","s":"25N-H57N000S-80-S"},{"r":"410","t":"20:07:07","h":"Est","s":"25N-H57NV10S-84-S"},{"r":"410","t":"20:07:07","h":"Est","s":"25N-H57NV20S-80-S"},{"r":"410","t":"20:07:07","h":"Est","s":"25S-H57S000S-82-S"},{"r":"189","t":"20:13:11","h":"Est","s":"25N-H54N000A-80-A"},{"r":"189","t":"20:13:11","h":"Est","s":"25N-H54NV10A-80-A"},{"r":"189","t":"20:13:11","h":"Est","s":"25N-H54NV20A-80-A"},{"r":"189","t":"20:13:11","h":"Est","s":"25S-H54S000A-83-A"},{"r":"189","t":"20:22:11","h":"Est","s":"25N-H54N000S-80-S"},{"r":"189","t":"20:22:11","h":"Est","s":"25N-H54NV10S-82-S"},{"r":"189","t":"20:22:11","h":"Est","s":"25N-H54NV20S-80-S"},{"r":"189","t":"20:22:11","h":"Est","s":"25S-H54S000S-82-S"},{"r":"189","t":"20:30:11","h":"Est","s":"25N-H54N000I-80-I"},{"r":"189","t":"20:30:11","h":"Est","s":"25N-H54N100F-80-F1"},{"r":"189","t":"20:30:11","h":"Est","s":"25N-H54N200F-80-F2"},{"r":"189","t":"20:30:11","h":"Est","s":"25N-H54N300F-80-F3"},{"r":"189","t":"20:30:11","h":"Est","s":"25N-H54N400F-80-F4"},{"r":"189","t":"20:30:11","h":"Est","s":"25N-H54NV10I-80-I"},{"r":"189","t":"20:30:11","h":"Est","s":"25N-H54NV20I-80-I"},{"r":"189","t":"20:30:11","h":"Est","s":"25S-H54S000I-82-I"},{"r":"189","t":"20:30:11","h":"Est","s":"25S-H54S100F-80-F1"},{"r":"189","t":"20:30:11","h":"Est","s":"25S-H54S200F-80-F2"},{"r":"189","t":"20:33:11","h":"Est","s":"25N-H54N000A-80-A"},{"r":"189","t":"20:33:11","h":"Est","s":"25N-H54NV10A-80-A"},{"r":"189","t":"20:33:11","h":"Est","s":"25N-H54NV20A-80-A"},{"r":"189","t":"20:33:11","h":"Est","s":"25S-H54S000A-83-A"},{"r":"189","t":"20:40:11","h":"Est","s":"25N-H54N000S-80-S"},{"r":"189","t":"20:40:11","h":"Est","s":"25N-H54NV10S-82-S"},{"r":"189","t":"20:40:11","h":"Est","s":"25N-H54NV20S-80-S"},{"r":"189","t":"20:40:11","h":"Est","s":"25S-H54S000S-82-S"},{"r":"189","t":"20:58:11","h":"Est","s":"25N-H54N000A-80-A"},{"r":"189","t":"20:58:11","h":"Est","s":"25N-H54N000S-80-S"},{"r":"189","t":"20:58:11","h":"Est","s":"25N-H54NV10A-80-A"},{"r":"189","t":"20:58:11","h":"Est","s":"25N-H54NV10S-82-S"},{"r":"189","t":"20:58:11","h":"Est","s":"25N-H54NV20A-80-A"},{"r":"189","t":"20:58:11","h":"Est","s":"25N-H54NV20S-80-S"},{"r":"189","t":"20:58:11","h":"Est","s":"25S-H54S000A-83-A"},{"r":"189","t":"20:58:11","h":"Est","s":"25S-H54S000S-82-S"},{"r":"189","t":"21:00:11","h":"Est","s":"25N-H54N000I-80-I"},{"r":"189","t":"21:00:11","h":"Est","s":"25N-H54N100F-80-F1"},{"r":"189","t":"21:00:11","h":"Est","s":"25N-H54N200F-80-F2"},{"r":"189","t":"21:00:11","h":"Est","s":"25N-H54N300F-80-F3"},{"r":"189","t":"21:00:11","h":"Est","s":"25N-H54N400F-80-F4"},{"r":"189","t":"21:00:11","h":"Est","s":"25N-H54NV10I-80-I"},{"r":"189","t":"21:00:11","h":"Est","s":"25N-H54NV20I-80-I"},{"r":"189","t":"21:00:11","h":"Est","s":"25S-H54S000I-82-I"},{"r":"189","t":"21:00:11","h":"Est","s":"25S-H54S100F-80-F1"},{"r":"189","t":"21:00:11","h":"Est","s":"25S-H54S200F-80-F2"},{"r":"189","t":"21:15:11","h":"Est","s":"25N-H54N000S-80-S"},{"r":"189","t":"21:15:11","h":"Est","s":"25N-H54NV10S-82-S"},{"r":"189","t":"21:15:11","h":"Est","s":"25N-H54NV20S-80-S"},{"r":"189","t":"21:15:11","h":"Est","s":"25S-H54S000S-82-S"},{"r":"189","t":"21:23:11","h":"Est","s":"25N-H54N000A-80-A"},{"r":"189","t":"21:23:11","h":"Est","s":"25N-H54NV10A-80-A"},{"r":"189","t":"21:23:11","h":"Est","s":"25N-H54NV20A-80-A"},{"r":"189","t":"21:23:11","h":"Est","s":"25S-H54S000A-83-A"},{"r":"189","t":"21:30:11","h":"Est","s":"25N-H54N000I-80-I"},{"r":"189","t":"21:30:11","h":"Est","s":"25N-H54N100F-80-F1"},{"r":"189","t":"21:30:11","h":"Est","s":"25N-H54N200F-80-F2"},{"r":"189","t":"21:30:11","h":"Est","s":"25N-H54N300F-80-F3"},{"r":"189","t":"21:30:11","h":"Est","s":"25N-H54N400F-80-F4"},{"r":"189","t":"21:30:11","h":"Est","s":"25N-H54NV10I-80-I"},{"r":"189","t":"21:30:11","h":"Est","s":"25N-H54NV20I-80-I"},{"r":"189","t":"21:30:11","h":"Est","s":"25S-H54S000I-82-I"},{"r":"189","t":"21:30:11","h":"Est","s":"25S-H54S100F-80-F1"},{"r":"189","t":"21:30:11","h":"Est","s":"25S-H54S200F-80-F2"},{"r":"189","t":"21:32:11","h":"Est","s":"25N-H54N000S-80-S"},{"r":"189","t":"21:32:11","h":"Est","s":"25N-H54NV10S-82-S"},{"r":"189","t":"21:32:11","h":"Est","s":"25N-H54NV20S-80-S"},{"r":"189","t":"21:32:11","h":"Est","s":"25S-H54S000S-82-S"},{"r":"189","t":"21:48:11","h":"Est","s":"25N-H54N000A-80-A"},{"r":"189","t":"21:48:11","h":"Est","s":"25N-H54NV10A-80-A"},{"r":"189","t":"21:48:11","h":"Est","s":"25N-H54NV20A-80-A"},{"r":"189","t":"21:48:11","h":"Est","s":"25S-H54S000A-83-A"},{"r":"189","t":"21:52:11","h":"Est","s":"25N-H54N000S-80-S"},{"r":"189","t":"21:52:11","h":"Est","s":"25N-H54NV10S-82-S"},{"r":"189","t":"21:52:11","h":"Est","s":"25N-H54NV20S-80-S"},{"r":"189","t":"21:52:11","h":"Est","s":"25S-H54S000S-82-S"},{"r":"189","t":"22:00:11","h":"Est","s":"25N-H54N000I-80-I"},{"r":"189","t":"22:00:11","h":"Est","s":"25N-H54N100F-80-F1"},{"r":"189","t":"22:00:11","h":"Est","s":"25N-H54N200F-80-F2"},{"r":"189","t":"22:00:11","h":"Est","s":"25N-H54N300F-80-F3"},{"r":"189","t":"22:00:11","h":"Est","s":"25N-H54N400F-80-F4"},{"r":"189","t":"22:00:11","h":"Est","s":"25N-H54NV10I-80-I"},{"r":"189","t":"22:00:11","h":"Est","s":"25N-H54NV20I-80-I"},{"r":"189","t":"22:00:11","h":"Est","s":"25S-H54S000I-82-I"},{"r":"189","t":"22:00:11","h":"Est","s":"25S-H54S100F-80-F1"},{"r":"189","t":"22:00:11","h":"Est","s":"25S-H54S200F-80-F2"},{"r":"189","t":"22:12:11","h":"Est","s":"25N-H54N000S-80-S"},{"r":"189","t":"22:12:11","h":"Est","s":"25N-H54NV10S-82-S"},{"r":"189","t":"22:12:11","h":"Est","s":"25N-H54NV20S-80-S"},{"r":"189","t":"22:12:11","h":"Est","s":"25S-H54S000S-82-S"},{"r":"189","t":"22:13:11","h":"Est","s":"25N-H54N000A-80-A"},{"r":"189","t":"22:13:11","h":"Est","s":"25N-H54NV10A-80-A"},{"r":"189","t":"22:13:11","h":"Est","s":"25N-H54NV20A-80-A"},{"r":"189","t":"22:13:11","h":"Est","s":"25S-H54S000A-83-A"},{"r":"189","t":"22:29:11","h":"Est","s":"25N-H54N000I-80-I"},{"r":"189","t":"22:29:11","h":"Est","s":"25N-H54N100F-80-F1"},{"r":"189","t":"22:29:11","h":"Est","s":"25N-H54N200F-80-F2"},{"r":"189","t":"22:29:11","h":"Est","s":"25N-H54N300F-80-F3"},{"r":"189","t":"22:29:11","h":"Est","s":"25N-H54N400F-80-F4"},{"r":"189","t":"22:29:11","h":"Est","s":"25N-H54NV10I-80-I"},{"r":"189","t":"22:29:11","h":"Est","s":"25N-H54NV20I-80-I"},{"r":"189","t":"22:29:11","h":"Est","s":"25S-H54S000I-82-I"},{"r":"189","t":"22:29:11","h":"Est","s":"25S-H54S100F-80-F1"},{"r":"189","t":"22:29:11","h":"Est","s":"25S-H54S200F-80-F2"},{"r":"189","t":"22:33:11","h":"Est","s":"25N-H54N000S-80-S"},{"r":"189","t":"22:33:11","h":"Est","s":"25N-H54NV10S-82-S"},{"r":"189","t":"22:33:11","h":"Est","s":"25N-H54NV20S-80-S"},{"r":"189","t":"22:33:11","h":"Est","s":"25S-H54S000S-82-S"},{"r":"189","t":"22:36:11","h":"Est","s":"25N-H54N000A-80-A"},{"r":"189","t":"22:36:11","h":"Est","s":"25N-H54NV10A-80-A"},{"r":"189","t":"22:36:11","h":"Est","s":"25N-H54NV20A-80-A"},{"r":"189","t":"22:36:11","h":"Est","s":"25S-H54S000A-83-A"},{"r":"189","t":"22:58:11","h":"Est","s":"25N-H54N000A-80-A"},{"r":"189","t":"22:58:11","h":"Est","s":"25N-H54N000S-80-S"},{"r":"189","t":"22:58:11","h":"Est","s":"25N-H54NV10A-80-A"},{"r":"189","t":"22:58:11","h":"Est","s":"25N-H54NV10S-82-S"},{"r":"189","t":"22:58:11","h":"Est","s":"25N-H54NV20A-80-A"},{"r":"189","t":"22:58:11","h":"Est","s":"25N-H54NV20S-80-S"},{"r":"189","t":"22:58:11","h":"Est","s":"25S-H54S000A-83-A"},{"r":"189","t":"22:58:11","h":"Est","s":"25S-H54S000S-82-S"},{"r":"189","t":"22:59:11","h":"Est","s":"25N-H54N000I-80-I"},{"r":"189","t":"22:59:11","h":"Est","s":"25N-H54N100F-80-F1"},{"r":"189","t":"22:59:11","h":"Est","s":"25N-H54N200F-80-F2"},{"r":"189","t":"22:59:11","h":"Est","s":"25N-H54N300F-80-F3"},{"r":"189","t":"22:59:11","h":"Est","s":"25N-H54N400F-80-F4"},{"r":"189","t":"22:59:11","h":"Est","s":"25N-H54NV10I-80-I"},{"r":"189","t":"22:59:11","h":"Est","s":"25N-H54NV20I-80-I"},{"r":"189","t":"22:59:11","h":"Est","s":"25S-H54S000I-82-I"},{"r":"189","t":"22:59:11","h":"Est","s":"25S-H54S100F-80-F1"},{"r":"189","t":"22:59:11","h":"Est","s":"25S-H54S200F-80-F2"},{"r":"189","t":"23:20:11","h":"Est","s":"25N-H54N000A-80-A"},{"r":"189","t":"23:20:11","h":"Est","s":"25N-H54NV10A-80-A"},{"r":"189","t":"23:20:11","h":"Est","s":"25N-H54NV20A-80-A"},{"r":"189","t":"23:20:11","h":"Est","s":"25S-H54S000A-83-A"},{"r":"189","t":"23:23:11","h":"Est","s":"25N-H54N000S-80-S"},{"r":"189","t":"23:23:11","h":"Est","s":"25N-H54NV10S-82-S"},{"r":"189","t":"23:23:11","h":"Est","s":"25N-H54NV20S-80-S"},{"r":"189","t":"23:23:11","h":"Est","s":"25S-H54S000S-82-S"},{"r":"189","t":"23:27:11","h":"Est","s":"25N-H54N000I-80-I"},{"r":"189","t":"23:27:11","h":"Est","s":"25N-H54N100F-80-F1"},{"r":"189","t":"23:27:11","h":"Est","s":"25N-H54N200F-80-F2"},{"r":"189","t":"23:27:11","h":"Est","s":"25N-H54N300F-80-F3"},{"r":"189","t":"23:27:11","h":"Est","s":"25N-H54N400F-80-F4"},{"r":"189","t":"23:27:11","h":"Est","s":"25N-H54NV10I-80-I"},{"r":"189","t":"23:27:11","h":"Est","s":"25N-H54NV20I-80-I"},{"r":"189","t":"23:27:11","h":"Est","s":"25S-H54S000I-82-I"},{"r":"189","t":"23:27:11","h":"Est","s":"25S-H54S100F-80-F1"},{"r":"189","t":"23:27:11","h":"Est","s":"25S-H54S200F-80-F2"},{"r":"189","t":"23:42:11","h":"Est","s":"25N-H54N000A-80-A"},{"r":"189","t":"23:42:11","h":"Est","s":"25N-H54NV10A-80-A"},{"r":"189","t":"23:42:11","h":"Est","s":"25N-H54NV20A-80-A"},{"r":"189","t":"23:42:11","h":"Est","s":"25S-H54S000A-83-A"},{"r":"189","t":"23:45:11","h":"Est","s":"25N-H54N000S-80-S"},{"r":"189","t":"23:45:11","h":"Est","s":"25N-H54NV10S-82-S"},{"r":"189","t":"23:45:11","h":"Est","s":"25N-H54NV20S-80-S"},{"r":"189","t":"23:45:11","h":"Est","s":"25S-H54S000S-82-S"},{"r":"189","t":"23:55:11","h":"Est","s":"25N-H54N000I-80-I"},{"r":"189","t":"23:55:11","h":"Est","s":"25N-H54N100F-80-F1"},{"r":"189","t":"23:55:11","h":"Est","s":"25N-H54N200F-80-F2"},{"r":"189","t":"23:55:11","h":"Est","s":"25N-H54N300F-80-F3"},{"r":"189","t":"23:55:11","h":"Est","s":"25N-H54N400F-80-F4"},{"r":"189","t":"23:55:11","h":"Est","s":"25N-H54NV10I-80-I"},{"r":"189","t":"23:55:11","h":"Est","s":"25N-H54NV20I-80-I"},{"r":"189","t":"23:55:11","h":"Est","s":"25S-H54S000I-82-I"},{"r":"189","t":"23:55:11","h":"Est","s":"25S-H54S100F-80-F1"},{"r":"189","t":"23:55:11","h":"Est","s":"25S-H54S200F-80-F2"},{"r":"189","t":"24:05:11","h":"Est","s":"25N-H54N000A-80-A"},{"r":"189","t":"24:05:11","h":"Est","s":"25N-H54NV10A-80-A"},{"r":"189","t":"24:05:11","h":"Est","s":"25N-H54NV20A-80-A"},{"r":"189","t":"24:05:11","h":"Est","s":"25S-H54S000A-83-A"},{"r":"189","t":"24:06:11","h":"Est","s":"25N-H54N000S-80-S"},{"r":"189","t":"24:06:11","h":"Est","s":"25N-H54NV10S-82-S"},{"r":"189","t":"24:06:11","h":"Est","s":"25N-H54NV20S-80-S"},{"r":"189","t":"24:06:11","h":"Est","s":"25S-H54S000S-82-S"},{"r":"189","t":"24:23:11","h":"Est","s":"25N-H54N000I-80-I"},{"r":"189","t":"24:23:11","h":"Est","s":"25N-H54N100F-80-F1"},{"r":"189","t":"24:23:11","h":"Est","s":"25N-H54N200F-80-F2"},{"r":"189","t":"24:23:11","h":"Est","s":"25N-H54N300F-80-F3"},{"r":"189","t":"24:23:11","h":"Est","s":"25N-H54N400F-80-F4"},{"r":"189","t":"24:23:11","h":"Est","s":"25N-H54NV10I-80-I"},{"r":"189","t":"24:23:11","h":"Est","s":"25N-H54NV20I-80-I"},{"r":"189","t":"24:23:11","h":"Est","s":"25S-H54S000I-82-I"},{"r":"189","t":"24:23:11","h":"Est","s":"25S-H54S100F-80-F1"},{"r":"189","t":"24:23:11","h":"Est","s":"25S-H54S200F-80-F2"},{"r":"189","t":"24:28:11","h":"Est","s":"25N-H54N000A-80-A"},{"r":"189","t":"24:28:11","h":"Est","s":"25N-H54NV10A-80-A"},{"r":"189","t":"24:28:11","h":"Est","s":"25N-H54NV20A-80-A"},{"r":"189","t":"24:28:11","h":"Est","s":"25S-H54S000A-83-A"},{"r":"189","t":"24:30:11","h":"Est","s":"25N-H54N000S-80-S"},{"r":"189","t":"24:30:11","h":"Est","s":"25N-H54NV10S-82-S"},{"r":"189","t":"24:30:11","h":"Est","s":"25N-H54NV20S-80-S"},{"r":"189","t":"24:30:11","h":"Est","s":"25S-H54S000S-82-S"},{"r":"189","t":"24:50:11","h":"Est","s":"25N-H54N000I-80-I"},{"r":"189","t":"24:50:11","h":"Est","s":"25N-H54N100F-80-F1"},{"r":"189","t":"24:50:11","h":"Est","s":"25N-H54N200F-80-F2"},{"r":"189","t":"24:50:11","h":"Est","s":"25N-H54N300F-80-F3"},{"r":"189","t":"24:50:11","h":"Est","s":"25N-H54N400F-80-F4"},{"r":"189","t":"24:50:11","h":"Est","s":"25N-H54NV10I-80-I"},{"r":"189","t":"24:50:11","h":"Est","s":"25N-H54NV20I-80-I"},{"r":"189","t":"24:50:11","h":"Est","s":"25S-H54S000I-82-I"},{"r":"189","t":"24:50:11","h":"Est","s":"25S-H54S100F-80-F1"},{"r":"189","t":"24:50:11","h":"Est","s":"25S-H54S200F-80-F2"},{"r":"189","t":"24:51:24","h":"Est","s":"25N-H54N000A-80-A"},{"r":"189","t":"24:51:24","h":"Est","s":"25N-H54NV10A-80-A"},{"r":"189","t":"24:51:24","h":"Est","s":"25N-H54NV20A-80-A"},{"r":"189","t":"24:51:24","h":"Est","s":"25S-H54S000A-83-A"},{"r":"189","t":"24:54:11","h":"Est","s":"25N-H54N000S-80-S"},{"r":"189","t":"24:54:11","h":"Est","s":"25N-H54NV10S-82-S"},{"r":"189","t":"24:54:11","h":"Est","s":"25N-H54NV20S-80-S"},{"r":"189","t":"24:54:11","h":"Est","s":"25S-H54S000S-82-S"},{"r":"189","t":"25:19:11","h":"Est","s":"25N-H54N000I-80-I"},{"r":"189","t":"25:19:11","h":"Est","s":"25N-H54N100F-80-F1"},{"r":"189","t":"25:19:11","h":"Est","s":"25N-H54N200F-80-F2"},{"r":"189","t":"25:19:11","h":"Est","s":"25N-H54N300F-80-F3"},{"r":"189","t":"25:19:11","h":"Est","s":"25N-H54N400F-80-F4"},{"r":"189","t":"25:19:11","h":"Est","s":"25N-H54NV10I-80-I"},{"r":"189","t":"25:19:11","h":"Est","s":"25N-H54NV20I-80-I"},{"r":"189","t":"25:19:11","h":"Est","s":"25S-H54S000I-82-I"},{"r":"189","t":"25:19:11","h":"Est","s":"25S-H54S100F-80-F1"},{"r":"189","t":"25:19:11","h":"Est","s":"25S-H54S200F-80-F2"},{"r":"189","t":"25:19:24","h":"Est","s":"25N-H54N000A-80-A"},{"r":"189","t":"25:19:24","h":"Est","s":"25N-H54NV10A-80-A"},{"r":"189","t":"25:19:24","h":"Est","s":"25N-H54NV20A-80-A"},{"r":"189","t":"25:19:24","h":"Est","s":"25S-H54S000A-83-A"},{"r":"189","t":"25:23:11","h":"Est","s":"25N-H54N000S-80-S"},{"r":"189","t":"25:23:11","h":"Est","s":"25N-H54NV10S-82-S"},{"r":"189","t":"25:23:11","h":"Est","s":"25N-H54NV20S-80-S"},{"r":"189","t":"25:23:11","h":"Est","s":"25S-H54S000S-82-S"},{"r":"189","t":"25:48:24","h":"Est","s":"25N-H54N000A-80-A"},{"r":"189","t":"25:48:24","h":"Est","s":"25N-H54NV10A-80-A"},{"r":"189","t":"25:48:24","h":"Est","s":"25N-H54NV20A-80-A"},{"r":"189","t":"25:48:24","h":"Est","s":"25S-H54S000A-83-A"},{"r":"189","t":"25:51:11","h":"Est","s":"25N-H54N000I-80-I"},{"r":"189","t":"25:51:11","h":"Est","s":"25N-H54N100F-80-F1"},{"r":"189","t":"25:51:11","h":"Est","s":"25N-H54N200F-80-F2"},{"r":"189","t":"25:51:11","h":"Est","s":"25N-H54N300F-80-F3"},{"r":"189","t":"25:51:11","h":"Est","s":"25N-H54N400F-80-F4"},{"r":"189","t":"25:51:11","h":"Est","s":"25N-H54NV10I-80-I"},{"r":"189","t":"25:51:11","h":"Est","s":"25N-H54NV20I-80-I"},{"r":"189","t":"25:51:11","h":"Est","s":"25S-H54S000I-82-I"},{"r":"189","t":"25:51:11","h":"Est","s":"25S-H54S100F-80-F1"},{"r":"189","t":"25:51:11","h":"Est","s":"25S-H54S200F-80-F2"},{"r":"189","t":"25:52:11","h":"Est","s":"25N-H54N000S-80-S"},{"r":"189","t":"25:52:11","h":"Est","s":"25N-H54NV10S-82-S"},{"r":"189","t":"25:52:11","h":"Est","s":"25N-H54NV20S-80-S"},{"r":"189","t":"25:52:11","h":"Est","s":"25S-H54S000S-82-S"},{"r":"189","t":"26:18:24","h":"Est","s":"25N-H54N000A-80-A"},{"r":"189","t":"26:18:24","h":"Est","s":"25N-H54NV10A-80-A"},{"r":"189","t":"26:18:24","h":"Est","s":"25N-H54NV20A-80-A"},{"r":"189","t":"26:18:24","h":"Est","s":"25S-H54S000A-83-A"},{"r":"362","t":"26:32:37","h":"Est","s":"25N-H54N000S-80-S"},{"r":"362","t":"26:32:37","h":"Est","s":"25N-H54NV10S-82-S"},{"r":"362","t":"26:32:37","h":"Est","s":"25N-H54NV20S-80-S"},{"r":"362","t":"26:32:37","h":"Est","s":"25S-H54S000S-82-S"},{"r":"362","t":"26:33:30","h":"Est","s":"25N-H54N000I-80-I"},{"r":"362","t":"26:33:30","h":"Est","s":"25N-H54N100F-80-F1"},{"r":"362","t":"26:33:30","h":"Est","s":"25N-H54N200F-80-F2"},{"r":"362","t":"26:33:30","h":"Est","s":"25N-H54N300F-80-F3"},{"r":"362","t":"26:33:30","h":"Est","s":"25N-H54N400F-80-F4"},{"r":"362","t":"26:33:30","h":"Est","s":"25N-H54NV10I-80-I"},{"r":"362","t":"26:33:30","h":"Est","s":"25N-H54NV20I-80-I"},{"r":"362","t":"26:33:30","h":"Est","s":"25S-H54S000I-82-I"},{"r":"362","t":"26:33:30","h":"Est","s":"25S-H54S100F-80-F1"},{"r":"362","t":"26:33:30","h":"Est","s":"25S-H54S200F-80-F2"},{"r":"362","t":"27:17:30","h":"Est","s":"25N-H54N000A-80-A"},{"r":"362","t":"27:17:30","h":"Est","s":"25N-H54N000I-80-I"},{"r":"362","t":"27:17:30","h":"Est","s":"25N-H54N100F-80-F1"},{"r":"362","t":"27:17:30","h":"Est","s":"25N-H54N200F-80-F2"},{"r":"362","t":"27:17:30","h":"Est","s":"25N-H54N300F-80-F3"},{"r":"362","t":"27:17:30","h":"Est","s":"25N-H54N400F-80-F4"},{"r":"362","t":"27:17:30","h":"Est","s":"25N-H54NV10A-80-A"},{"r":"362","t":"27:17:30","h":"Est","s":"25N-H54NV10I-80-I"},{"r":"362","t":"27:17:30","h":"Est","s":"25N-H54NV20A-80-A"},{"r":"362","t":"27:17:30","h":"Est","s":"25N-H54NV20I-80-I"},{"r":"362","t":"27:17:30","h":"Est","s":"25S-H54S000A-83-A"},{"r":"362","t":"27:17:30","h":"Est","s":"25S-H54S000I-82-I"},{"r":"362","t":"27:17:30","h":"Est","s":"25S-H54S100F-80-F1"},{"r":"362","t":"27:17:30","h":"Est","s":"25S-H54S200F-80-F2"},{"r":"362","t":"27:17:37","h":"Est","s":"25N-H54N000S-80-S"},{"r":"362","t":"27:17:37","h":"Est","s":"25N-H54NV10S-82-S"},{"r":"362","t":"27:17:37","h":"Est","s":"25N-H54NV20S-80-S"},{"r":"362","t":"27:17:37","h":"Est","s":"25S-H54S000S-82-S"},{"r":"362","t":"28:01:30","h":"Est","s":"25N-H54N000I-80-I"},{"r":"362","t":"28:01:30","h":"Est","s":"25N-H54N100F-80-F1"},{"r":"362","t":"28:01:30","h":"Est","s":"25N-H54N200F-80-F2"},{"r":"362","t":"28:01:30","h":"Est","s":"25N-H54N300F-80-F3"},{"r":"362","t":"28:01:30","h":"Est","s":"25N-H54N400F-80-F4"},{"r":"362","t":"28:01:30","h":"Est","s":"25N-H54NV10I-80-I"},{"r":"362","t":"28:01:30","h":"Est","s":"25N-H54NV20I-80-I"},{"r":"362","t":"28:01:30","h":"Est","s":"25S-H54S000I-82-I"},{"r":"362","t":"28:01:30","h":"Est","s":"25S-H54S100F-80-F1"},{"r":"362","t":"28:01:30","h":"Est","s":"25S-H54S200F-80-F2"},{"r":"362","t":"28:02:30","h":"Est","s":"25N-H54N000A-80-A"},{"r":"362","t":"28:02:30","h":"Est","s":"25N-H54NV10A-80-A"},{"r":"362","t":"28:02:30","h":"Est","s":"25N-H54NV20A-80-A"},{"r":"362","t":"28:02:30","h":"Est","s":"25S-H54S000A-83-A"},{"r":"362","t":"28:02:37","h":"Est","s":"25N-H54N000S-80-S"},{"r":"362","t":"28:02:37","h":"Est","s":"25N-H54NV10S-82-S"},{"r":"362","t":"28:02:37","h":"Est","s":"25N-H54NV20S-80-S"},{"r":"362","t":"28:02:37","h":"Est","s":"25S-H54S000S-82-S"},{"r":"362","t":"28:46:30","h":"Est","s":"25N-H54N000I-80-I"},{"r":"362","t":"28:46:30","h":"Est","s":"25N-H54N100F-80-F1"},{"r":"362","t":"28:46:30","h":"Est","s":"25N-H54N200F-80-F2"},{"r":"362","t":"28:46:30","h":"Est","s":"25N-H54N300F-80-F3"},{"r":"362","t":"28:46:30","h":"Est","s":"25N-H54N400F-80-F4"},{"r":"362","t":"28:46:30","h":"Est","s":"25N-H54NV10I-80-I"},{"r":"362","t":"28:46:30","h":"Est","s":"25N-H54NV20I-80-I"},{"r":"362","t":"28:46:30","h":"Est","s":"25S-H54S000I-82-I"},{"r":"362","t":"28:46:30","h":"Est","s":"25S-H54S100F-80-F1"},{"r":"362","t":"28:46:30","h":"Est","s":"25S-H54S200F-80-F2"},{"r":"362","t":"28:47:03","h":"Est","s":"25N-H54N000S-80-S"},{"r":"362","t":"28:47:03","h":"Est","s":"25N-H54NV10S-82-S"},{"r":"362","t":"28:47:03","h":"Est","s":"25N-H54NV20S-80-S"},{"r":"362","t":"28:47:03","h":"Est","s":"25S-H54S000S-82-S"},{"r":"362","t":"28:47:30","h":"Est","s":"25N-H54N000A-80-A"},{"r":"362","t":"28:47:30","h":"Est","s":"25N-H54NV10A-80-A"},{"r":"362","t":"28:47:30","h":"Est","s":"25N-H54NV20A-80-A"},{"r":"362","t":"28:47:30","h":"Est","s":"25S-H54S000A-83-A"},{"r":"362","t":"29:31:30","h":"Est","s":"25N-H54N000I-80-I"},{"r":"362","t":"29:31:30","h":"Est","s":"25N-H54N100F-80-F1"},{"r":"362","t":"29:31:30","h":"Est","s":"25N-H54N200F-80-F2"},{"r":"362","t":"29:31:30","h":"Est","s":"25N-H54N300F-80-F3"},{"r":"362","t":"29:31:30","h":"Est","s":"25N-H54N400F-80-F4"},{"r":"362","t":"29:31:30","h":"Est","s":"25N-H54NV10I-80-I"},{"r":"362","t":"29:31:30","h":"Est","s":"25N-H54NV20I-80-I"},{"r":"362","t":"29:31:30","h":"Est","s":"25S-H54S000I-82-I"},{"r":"362","t":"29:31:30","h":"Est","s":"25S-H54S100F-80-F1"},{"r":"362","t":"29:31:30","h":"Est","s":"25S-H54S200F-80-F2"},{"r":"362","t":"29:32:03","h":"Est","s":"25N-H54N000S-80-S"},{"r":"362","t":"29:32:03","h":"Est","s":"25N-H54NV10S-82-S"},{"r":"362","t":"29:32:03","h":"Est","s":"25N-H54NV20S-80-S"},{"r":"362","t":"29:32:03","h":"Est","s":"25S-H54S000S-82-S"},{"r":"362","t":"29:32:30","h":"Est","s":"25N-H54N000A-80-A"},{"r":"362","t":"29:32:30","h":"Est","s":"25N-H54NV10A-80-A"},{"r":"362","t":"29:32:30","h":"Est","s":"25N-H54NV20A-80-A"},{"r":"362","t":"29:32:30","h":"Est","s":"25S-H54S000A-83-A"}]