[{"r":"189","t":"04:52:15","h":"Ouest","s":"25N-H54N000I-80-I"},{"r":"189","t":"04:52:15","h":"Ouest","s":"25N-H54N100F-80-F1"},{"r":"189","t":"04:52:15","h":"Ouest","s":"25N-H54N200F-80-F2"},{"r":"189","t":"04:52:15","h":"Ouest","s":"25N-H54N300F-80-F3"},{"r":"189","t":"04:52:15","h":"Ouest","s":"25N-H54N400F-80-F4"},{"r":"189","t":"04:52:15","h":"Ouest","s":"25N-H54NV10I-80-I"},{"r":"189","t":"04:52:15","h":"Ouest","s":"25N-H54NV20I-80-I"},{"r":"189","t":"04:52:15","h":"Ouest","s":"25S-H54S000I-82-I"},{"r":"189","t":"04:52:15","h":"Ouest","s":"25S-H54S100F-80-F1"},{"r":"189","t":"04:52:15","h":"Ouest","s":"25S-H54S200F-80-F2"},{"r":"189","t":"04:53:08","h":"Ouest","s":"25N-H54N000A-80-A"},{"r":"189","t":"04:53:08","h":"Ouest","s":"25N-H54NV10A-80-A"},{"r":"189","t":"04:53:08","h":"Ouest","s":"25N-H54NV20A-80-A"},{"r":"189","t":"04:53:08","h":"Ouest","s":"25S-H54S000A-83-A"},{"r":"189","t":"04:54:00","h":"Ouest","s":"25N-H54N000S-80-S"},{"r":"189","t":"04:54:00","h":"Ouest","s":"25N-H54NV10S-82-S"},{"r":"189","t":"04:54:00","h":"Ouest","s":"25N-H54NV20S-80-S"},{"r":"189","t":"04:54:00","h":"Ouest","s":"25S-H54S000S-82-S"},{"r":"189","t":"05:10:00","h":"Ouest","s":"25N-H54N000S-80-S"},{"r":"189","t":"05:10:00","h":"Ouest","s":"25N-H54NV10S-82-S"},{"r":"189","t":"05:10:00","h":"Ouest","s":"25N-H54NV20S-80-S"},{"r":"189","t":"05:10:00","h":"Ouest","s":"25S-H54S000S-82-S"},{"r":"189","t":"05:21:08","h":"Ouest","s":"25N-H54N000A-80-A"},{"r":"189","t":"05:21:08","h":"Ouest","s":"25N-H54NV10A-80-A"},{"r":"189","t":"05:21:08","h":"Ouest","s":"25N-H54NV20A-80-A"},{"r":"189","t":"05:21:08","h":"Ouest","s":"25S-H54S000A-83-A"},{"r":"189","t":"05:21:15","h":"Ouest","s":"25N-H54N000I-80-I"},{"r":"189","t":"05:21:15","h":"Ouest","s":"25N-H54N100F-80-F1"},{"r":"189","t":"05:21:15","h":"Ouest","s":"25N-H54N200F-80-F2"},{"r":"189","t":"05:21:15","h":"Ouest","s":"25N-H54N300F-80-F3"},{"r":"189","t":"05:21:15","h":"Ouest","s":"25N-H54N400F-80-F4"},{"r":"189","t":"05:21:15","h":"Ouest","s":"25N-H54NV10I-80-I"},{"r":"189","t":"05:21:15","h":"Ouest","s":"25N-H54NV20I-80-I"},{"r":"189","t":"05:21:15","h":"Ouest","s":"25S-H54S000I-82-I"},{"r":"189","t":"05:21:15","h":"Ouest","s":"25S-H54S100F-80-F1"},{"r":"189","t":"05:21:15","h":"Ouest","s":"25S-H54S200F-80-F2"},{"r":"189","t":"05:25:00","h":"Ouest","s":"25N-H57N000S-80-S"},{"r":"189","t":"05:25:00","h":"Ouest","s":"25N-H57NV10S-84-S"},{"r":"189","t":"05:25:00","h":"Ouest","s":"25N-H57NV20S-80-S"},{"r":"189","t":"05:25:00","h":"Ouest","s":"25S-H57S000S-82-S"},{"r":"189","t":"05:41:00","h":"Ouest","s":"25N-H54N000S-80-S"},{"r":"189","t":"05:41:00","h":"Ouest","s":"25N-H54NV10S-82-S"},{"r":"189","t":"05:41:00","h":"Ouest","s":"25N-H54NV20S-80-S"},{"r":"189","t":"05:41:00","h":"Ouest","s":"25S-H54S000S-82-S"},{"r":"189","t":"05:49:08","h":"Ouest","s":"25N-H54N000A-80-A"},{"r":"189","t":"05:49:08","h":"Ouest","s":"25N-H54NV10A-80-A"},{"r":"189","t":"05:49:08","h":"Ouest","s":"25N-H54NV20A-80-A"},{"r":"189","t":"05:49:08","h":"Ouest","s":"25S-H54S000A-83-A"},{"r":"189","t":"05:50:15","h":"Ouest","s":"25N-H54N000I-80-I"},{"r":"189","t":"05:50:15","h":"Ouest","s":"25N-H54N100F-80-F1"},{"r":"189","t":"05:50:15","h":"Ouest","s":"25N-H54N200F-80-F2"},{"r":"189","t":"05:50:15","h":"Ouest","s":"25N-H54N300F-80-F3"},{"r":"189","t":"05:50:15","h":"Ouest","s":"25N-H54N400F-80-F4"},{"r":"189","t":"05:50:15","h":"Ouest","s":"25N-H54NV10I-80-I"},{"r":"189","t":"05:50:15","h":"Ouest","s":"25N-H54NV20I-80-I"},{"r":"189","t":"05:50:15","h":"Ouest","s":"25S-H54S000I-82-I"},{"r":"189","t":"05:50:15","h":"Ouest","s":"25S-H54S100F-80-F1"},{"r":"189","t":"05:50:15","h":"Ouest","s":"25S-H54S200F-80-F2"},{"r":"189","t":"05:56:00","h":"Ouest","s":"25N-H54N000S-80-S"},{"r":"189","t":"05:56:00","h":"Ouest","s":"25N-H54NV10S-82-S"},{"r":"189","t":"05:56:00","h":"Ouest","s":"25N-H54NV20S-80-S"},{"r":"189","t":"05:56:00","h":"Ouest","s":"25S-H54S000S-82-S"},{"r":"410","t":"06:01:15","h":"Ouest","s":"25N-H57N000S-80-S"},{"r":"410","t":"06:01:15","h":"Ouest","s":"25N-H57NV10S-84-S"},{"r":"410","t":"06:01:15","h":"Ouest","s":"25N-H57NV20S-80-S"},{"r":"410","t":"06:01:15","h":"Ouest","s":"25S-H57S000S-82-S"},{"r":"189","t":"06:10:00","h":"Ouest","s":"25N-H54N000S-80-S"},{"r":"189","t":"06:10:00","h":"Ouest","s":"25N-H54NV10S-82-S"},{"r":"189","t":"06:10:00","h":"Ouest","s":"25N-H54NV20S-80-S"},{"r":"189","t":"06:10:00","h":"Ouest","s":"25S-H54S000S-82-S"},{"r":"189","t":"06:18:08","h":"Ouest","s":"25N-H54N000A-80-A"},{"r":"189","t":"06:18:08","h":"Ouest","s":"25N-H54NV10A-80-A"},{"r":"189","t":"06:18:08","h":"Ouest","s":"25N-H54NV20A-80-A"},{"r":"189","t":"06:18:08","h":"Ouest","s":"25S-H54S000A-83-A"},{"r":"189","t":"06:19:00","h":"Ouest","s":"25N-H54N000S-80-S"},{"r":"189","t":"06:19:00","h":"Ouest","s":"25N-H54NV10S-82-S"},{"r":"189","t":"06:19:00","h":"Ouest","s":"25N-H54NV20S-80-S"},{"r":"189","t":"06:19:00","h":"Ouest","s":"25S-H54S000S-82-S"},{"r":"189","t":"06:20:08","h":"Ouest","s":"25N-H54N000I-80-I"},{"r":"189","t":"06:20:08","h":"Ouest","s":"25N-H54N100F-80-F1"},{"r":"189","t":"06:20:08","h":"Ouest","s":"25N-H54N200F-80-F2"},{"r":"189","t":"06:20:08","h":"Ouest","s":"25N-H54N300F-80-F3"},{"r":"189","t":"06:20:08","h":"Ouest","s":"25N-H54N400F-80-F4"},{"r":"189","t":"06:20:08","h":"Ouest","s":"25N-H54NV10I-80-I"},{"r":"189","t":"06:20:08","h":"Ouest","s":"25N-H54NV20I-80-I"},{"r":"189","t":"06:20:08","h":"Ouest","s":"25S-H54S000I-82-I"},{"r":"189","t":"06:20:08","h":"Ouest","s":"25S-H54S100F-80-F1"},{"r":"189","t":"06:20:08","h":"Ouest","s":"25S-H54S200F-80-F2"},{"r":"410","t":"06:26:15","h":"Ouest","s":"25N-H57N000S-80-S"},{"r":"410","t":"06:26:15","h":"Ouest","s":"25N-H57NV10S-84-S"},{"r":"410","t":"06:26:15","h":"Ouest","s":"25N-H57NV20S-80-S"},{"r":"410","t":"06:26:15","h":"Ouest","s":"25S-H57S000S-82-S"},{"r":"189","t":"06:28:00","h":"Ouest","s":"25N-H54N000S-80-S"},{"r":"189","t":"06:28:00","h":"Ouest","s":"25N-H54NV10S-82-S"},{"r":"189","t":"06:28:00","h":"Ouest","s":"25N-H54NV20S-80-S"},{"r":"189","t":"06:28:00","h":"Ouest","s":"25S-H54S000S-82-S"},{"r":"189","t":"06:36:00","h":"Ouest","s":"25N-H54N000S-80-S"},{"r":"189","t":"06:36:00","h":"Ouest","s":"25N-H54NV10S-82-S"},{"r":"189","t":"06:36:00","h":"Ouest","s":"25N-H54NV20S-80-S"},{"r":"189","t":"06:36:00","h":"Ouest","s":"25S-H54S000S-82-S"},{"r":"189","t":"06:45:08","h":"Ouest","s":"25N-H54N000A-80-A"},{"r":"189","t":"06:45:08","h":"Ouest","s":"25N-H54NV10A-80-A"},{"r":"189","t":"06:45:08","h":"Ouest","s":"25N-H54NV20A-80-A"},{"r":"189","t":"06:45:08","h":"Ouest","s":"25S-H54S000A-83-A"},{"r":"189","t":"06:46:00","h":"Ouest","s":"25N-H54N000S-80-S"},{"r":"189","t":"06:46:00","h":"Ouest","s":"25N-H54NV10S-82-S"},{"r":"189","t":"06:46:00","h":"Ouest","s":"25N-H54NV20S-80-S"},{"r":"189","t":"06:46:00","h":"Ouest","s":"25S-H54S000S-82-S"},{"r":"189","t":"06:48:08","h":"Ouest","s":"25N-H54N000I-80-I"},{"r":"189","t":"06:48:08","h":"Ouest","s":"25N-H54N100F-80-F1"},{"r":"189","t":"06:48:08","h":"Ouest","s":"25N-H54N200F-80-F2"},{"r":"189","t":"06:48:08","h":"Ouest","s":"25N-H54N300F-80-F3"},{"r":"189","t":"06:48:08","h":"Ouest","s":"25N-H54N400F-80-F4"},{"r":"189","t":"06:48:08","h":"Ouest","s":"25N-H54NV10I-80-I"},{"r":"189","t":"06:48:08","h":"Ouest","s":"25N-H54NV20I-80-I"},{"r":"189","t":"06:48:08","h":"Ouest","s":"25S-H54S000I-82-I"},{"r":"189","t":"06:48:08","h":"Ouest","s":"25S-H54S100F-80-F1"},{"r":"189","t":"06:48:08","h":"Ouest","s":"25S-H54S200F-80-F2"},{"r":"189","t":"06:52:00","h":"Ouest","s":"25N-H54N000S-80-S"},{"r":"189","t":"06:52:00","h":"Ouest","s":"25N-H54NV10S-82-S"},{"r":"189","t":"06:52:00","h":"Ouest","s":"25N-H54NV20S-80-S"},{"r":"189","t":"06:52:00","h":"Ouest","s":"25S-H54S000S-82-S"},{"r":"410","t":"06:54:00","h":"Ouest","s":"25N-H57N000S-80-S"},{"r":"410","t":"06:54:00","h":"Ouest","s":"25N-H57NV10S-84-S"},{"r":"410","t":"06:54:00","h":"Ouest","s":"25N-H57NV20S-80-S"},{"r":"410","t":"06:54:00","h":"Ouest","s":"25S-H57S000S-82-S"},{"r":"189","t":"06:58:00","h":"Ouest","s":"25N-H54N000S-80-S"},{"r":"189","t":"06:58:00","h":"Ouest","s":"25N-H54NV10S-82-S"},{"r":"189","t":"06:58:00","h":"Ouest","s":"25N-H54NV20S-80-S"},{"r":"189","t":"06:58:00","h":"Ouest","s":"25S-H54S000S-82-S"},{"r":"189","t":"07:04:00","h":"Ouest","s":"25N-H54N000S-80-S"},{"r":"189","t":"07:04:00","h":"Ouest","s":"25N-H54NV10S-82-S"},{"r":"189","t":"07:04:00","h":"Ouest","s":"25N-H54NV20S-80-S"},{"r":"189","t":"07:04:00","h":"Ouest","s":"25S-H54S000S-82-S"},{"r":"189","t":"07:10:00","h":"Ouest","s":"25N-H54N000S-80-S"},{"r":"189","t":"07:10:00","h":"Ouest","s":"25N-H54NV10S-82-S"},{"r":"189","t":"07:10:00","h":"Ouest","s":"25N-H54NV20S-80-S"},{"r":"189","t":"07:10:00","h":"Ouest","s":"25S-H54S000S-82-S"},{"r":"189","t":"07:13:08","h":"Ouest","s":"25N-H54N000A-80-A"},{"r":"189","t":"07:13:08","h":"Ouest","s":"25N-H54NV10A-80-A"},{"r":"189","t":"07:13:08","h":"Ouest","s":"25N-H54NV20A-80-A"},{"r":"189","t":"07:13:08","h":"Ouest","s":"25S-H54S000A-83-A"},{"r":"189","t":"07:16:00","h":"Ouest","s":"25N-H54N000S-80-S"},{"r":"189","t":"07:16:00","h":"Ouest","s":"25N-H54NV10S-82-S"},{"r":"189","t":"07:16:00","h":"Ouest","s":"25N-H54NV20S-80-S"},{"r":"189","t":"07:16:00","h":"Ouest","s":"25S-H54S000S-82-S"},{"r":"189","t":"07:17:08","h":"Ouest","s":"25N-H54N000I-80-I"},{"r":"189","t":"07:17:08","h":"Ouest","s":"25N-H54N100F-80-F1"},{"r":"189","t":"07:17:08","h":"Ouest","s":"25N-H54N200F-80-F2"},{"r":"189","t":"07:17:08","h":"Ouest","s":"25N-H54N300F-80-F3"},{"r":"189","t":"07:17:08","h":"Ouest","s":"25N-H54N400F-80-F4"},{"r":"189","t":"07:17:08","h":"Ouest","s":"25N-H54NV10I-80-I"},{"r":"189","t":"07:17:08","h":"Ouest","s":"25N-H54NV20I-80-I"},{"r":"189","t":"07:17:08","h":"Ouest","s":"25S-H54S000I-82-I"},{"r":"189","t":"07:17:08","h":"Ouest","s":"25S-H54S100F-80-F1"},{"r":"189","t":"07:17:08","h":"Ouest","s":"25S-H54S200F-80-F2"},{"r":"410","t":"07:18:00","h":"Ouest","s":"25N-H57N000S-80-S"},{"r":"410","t":"07:18:00","h":"Ouest","s":"25N-H57NV10S-84-S"},{"r":"410","t":"07:18:00","h":"Ouest","s":"25N-H57NV20S-80-S"},{"r":"410","t":"07:18:00","h":"Ouest","s":"25S-H57S000S-82-S"},{"r":"189","t":"07:23:00","h":"Ouest","s":"25N-H54N000S-80-S"},{"r":"189","t":"07:23:00","h":"Ouest","s":"25N-H54NV10S-82-S"},{"r":"189","t":"07:23:00","h":"Ouest","s":"25N-H54NV20S-80-S"},{"r":"189","t":"07:23:00","h":"Ouest","s":"25S-H54S000S-82-S"},{"r":"189","t":"07:30:00","h":"Ouest","s":"25N-H54N000S-80-S"},{"r":"189","t":"07:30:00","h":"Ouest","s":"25N-H54NV10S-82-S"},{"r":"189","t":"07:30:00","h":"Ouest","s":"25N-H54NV20S-80-S"},{"r":"189","t":"07:30:00","h":"Ouest","s":"25S-H54S000S-82-S"},{"r":"189","t":"07:36:00","h":"Ouest","s":"25N-H54N000S-80-S"},{"r":"189","t":"07:36:00","h":"Ouest","s":"25N-H54NV10S-82-S"},{"r":"189","t":"07:36:00","h":"Ouest","s":"25N-H54NV20S-80-S"},{"r":"189","t":"07:36:00","h":"Ouest","s":"25S-H54S000S-82-S"},{"r":"189","t":"07:40:08","h":"Ouest","s":"25N-H54N000A-80-A"},{"r":"189","t":"07:40:08","h":"Ouest","s":"25N-H54NV10A-80-A"},{"r":"189","t":"07:40:08","h":"Ouest","s":"25N-H54NV20A-80-A"},{"r":"189","t":"07:40:08","h":"Ouest","s":"25S-H54S000A-83-A"},{"r":"189","t":"07:42:00","h":"Ouest","s":"25N-H54N000S-80-S"},{"r":"189","t":"07:42:00","h":"Ouest","s":"25N-H54NV10S-82-S"},{"r":"189","t":"07:42:00","h":"Ouest","s":"25N-H54NV20S-80-S"},{"r":"189","t":"07:42:00","h":"Ouest","s":"25S-H54S000S-82-S"},{"r":"410","t":"07:44:00","h":"Ouest","s":"25N-H57N000S-80-S"},{"r":"410","t":"07:44:00","h":"Ouest","s":"25N-H57NV10S-84-S"},{"r":"410","t":"07:44:00","h":"Ouest","s":"25N-H57NV20S-80-S"},{"r":"410","t":"07:44:00","h":"Ouest","s":"25S-H57S000S-82-S"},{"r":"189","t":"07:46:08","h":"Ouest","s":"25N-H54N000I-80-I"},{"r":"189","t":"07:46:08","h":"Ouest","s":"25N-H54N100F-80-F1"},{"r":"189","t":"07:46:08","h":"Ouest","s":"25N-H54N200F-80-F2"},{"r":"189","t":"07:46:08","h":"Ouest","s":"25N-H54N300F-80-F3"},{"r":"189","t":"07:46:08","h":"Ouest","s":"25N-H54N400F-80-F4"},{"r":"189","t":"07:46:08","h":"Ouest","s":"25N-H54NV10I-80-I"},{"r":"189","t":"07:46:08","h":"Ouest","s":"25N-H54NV20I-80-I"},{"r":"189","t":"07:46:08","h":"Ouest","s":"25S-H54S000I-82-I"},{"r":"189","t":"07:46:08","h":"Ouest","s":"25S-H54S100F-80-F1"},{"r":"189","t":"07:46:08","h":"Ouest","s":"25S-H54S200F-80-F2"},{"r":"189","t":"07:48:00","h":"Ouest","s":"25N-H54N000S-80-S"},{"r":"189","t":"07:48:00","h":"Ouest","s":"25N-H54NV10S-82-S"},{"r":"189","t":"07:48:00","h":"Ouest","s":"25N-H54NV20S-80-S"},{"r":"189","t":"07:48:00","h":"Ouest","s":"25S-H54S000S-82-S"},{"r":"189","t":"07:55:00","h":"Ouest","s":"25N-H54N000S-80-S"},{"r":"189","t":"07:55:00","h":"Ouest","s":"25N-H54NV10S-82-S"},{"r":"189","t":"07:55:00","h":"Ouest","s":"25N-H54NV20S-80-S"},{"r":"189","t":"07:55:00","h":"Ouest","s":"25S-H54S000S-82-S"},{"r":"189","t":"08:04:08","h":"Ouest","s":"25N-H54N000A-80-A"},{"r":"189","t":"08:04:08","h":"Ouest","s":"25N-H54NV10A-80-A"},{"r":"189","t":"08:04:08","h":"Ouest","s":"25N-H54NV20A-80-A"},{"r":"189","t":"08:04:08","h":"Ouest","s":"25S-H54S000A-83-A"},{"r":"189","t":"08:05:00","h":"Ouest","s":"25N-H54N000S-80-S"},{"r":"189","t":"08:05:00","h":"Ouest","s":"25N-H54NV10S-82-S"},{"r":"189","t":"08:05:00","h":"Ouest","s":"25N-H54NV20S-80-S"},{"r":"189","t":"08:05:00","h":"Ouest","s":"25S-H54S000S-82-S"},{"r":"410","t":"08:11:00","h":"Ouest","s":"25N-H57N000S-80-S"},{"r":"410","t":"08:11:00","h":"Ouest","s":"25N-H57NV10S-84-S"},{"r":"410","t":"08:11:00","h":"Ouest","s":"25N-H57NV20S-80-S"},{"r":"410","t":"08:11:00","h":"Ouest","s":"25S-H57S000S-82-S"},{"r":"189","t":"08:16:00","h":"Ouest","s":"25N-H54N000I-80-I"},{"r":"189","t":"08:16:00","h":"Ouest","s":"25N-H54N100F-80-F1"},{"r":"189","t":"08:16:00","h":"Ouest","s":"25N-H54N200F-80-F2"},{"r":"189","t":"08:16:00","h":"Ouest","s":"25N-H54N300F-80-F3"},{"r":"189","t":"08:16:00","h":"Ouest","s":"25N-H54N400F-80-F4"},{"r":"189","t":"08:16:00","h":"Ouest","s":"25N-H54NV10I-80-I"},{"r":"189","t":"08:16:00","h":"Ouest","s":"25N-H54NV20I-80-I"},{"r":"189","t":"08:16:00","h":"Ouest","s":"25S-H54S000I-82-I"},{"r":"189","t":"08:16:00","h":"Ouest","s":"25S-H54S100F-80-F1"},{"r":"189","t":"08:16:00","h":"Ouest","s":"25S-H54S200F-80-F2"},{"r":"189","t":"08:17:00","h":"Ouest","s":"25N-H54N000S-80-S"},{"r":"189","t":"08:17:00","h":"Ouest","s":"25N-H54NV10S-82-S"},{"r":"189","t":"08:17:00","h":"Ouest","s":"25N-H54NV20S-80-S"},{"r":"189","t":"08:17:00","h":"Ouest","s":"25S-H54S000S-82-S"},{"r":"189","t":"08:25:08","h":"Ouest","s":"25N-H54N000A-80-A"},{"r":"189","t":"08:25:08","h":"Ouest","s":"25N-H54NV10A-80-A"},{"r":"189","t":"08:25:08","h":"Ouest","s":"25N-H54NV20A-80-A"},{"r":"189","t":"08:25:08","h":"Ouest","s":"25S-H54S000A-83-A"},{"r":"189","t":"08:31:00","h":"Ouest","s":"25N-H54N000S-80-S"},{"r":"189","t":"08:31:00","h":"Ouest","s":"25N-H54NV10S-82-S"},{"r":"189","t":"08:31:00","h":"Ouest","s":"25N-H54NV20S-80-S"},{"r":"189","t":"08:31:00","h":"Ouest","s":"25S-H54S000S-82-S"},{"r":"410","t":"08:37:08","h":"Ouest","s":"25N-H57N000S-80-S"},{"r":"410","t":"08:37:08","h":"Ouest","s":"25N-H57NV10S-84-S"},{"r":"410","t":"08:37:08","h":"Ouest","s":"25N-H57NV20S-80-S"},{"r":"410","t":"08:37:08","h":"Ouest","s":"25S-H57S000S-82-S"},{"r":"189","t":"08:45:00","h":"Ouest","s":"25N-H54N000I-80-I"},{"r":"189","t":"08:45:00","h":"Ouest","s":"25N-H54N100F-80-F1"},{"r":"189","t":"08:45:00","h":"Ouest","s":"25N-H54N200F-80-F2"},{"r":"189","t":"08:45:00","h":"Ouest","s":"25N-H54N300F-80-F3"},{"r":"189","t":"08:45:00","h":"Ouest","s":"25N-H54N400F-80-F4"},{"r":"189","t":"08:45:00","h":"Ouest","s":"25N-H54NV10I-80-I"},{"r":"189","t":"08:45:00","h":"Ouest","s":"25N-H54NV20I-80-I"},{"r":"189","t":"08:45:00","h":"Ouest","s":"25S-H54S000I-82-I"},{"r":"189","t":"08:45:00","h":"Ouest","s":"25S-H54S100F-80-F1"},{"r":"189","t":"08:45:00","h":"Ouest","s":"25S-H54S200F-80-F2"},{"r":"189","t":"08:46:00","h":"Ouest","s":"25N-H54N000S-80-S"},{"r":"189","t":"08:46:00","h":"Ouest","s":"25N-H54NV10S-82-S"},{"r":"189","t":"08:46:00","h":"Ouest","s":"25N-H54NV20S-80-S"},{"r":"189","t":"08:46:00","h":"Ouest","s":"25S-H54S000S-82-S"},{"r":"189","t":"08:46:08","h":"Ouest","s":"25N-H54N000A-80-A"},{"r":"189","t":"08:46:08","h":"Ouest","s":"25N-H54NV10A-80-A"},{"r":"189","t":"08:46:08","h":"Ouest","s":"25N-H54NV20A-80-A"},{"r":"189","t":"08:46:08","h":"Ouest","s":"25S-H54S000A-83-A"},{"r":"410","t":"09:04:15","h":"Ouest","s":"25N-H59N000S-80-S"},{"r":"410","t":"09:04:15","h":"Ouest","s":"25N-H59NV10S-84-S"},{"r":"410","t":"09:04:15","h":"Ouest","s":"25N-H59NV20S-80-S"},{"r":"410","t":"09:04:15","h":"Ouest","s":"25S-H59S000S-81-S"},{"r":"189","t":"09:07:00","h":"Ouest","s":"25N-H54N000S-80-S"},{"r":"189","t":"09:07:00","h":"Ouest","s":"25N-H54NV10S-82-S"},{"r":"189","t":"09:07:00","h":"Ouest","s":"25N-H54NV20S-80-S"},{"r":"189","t":"09:07:00","h":"Ouest","s":"25S-H54S000S-82-S"},{"r":"189","t":"09:07:08","h":"Ouest","s":"25N-H54N000A-80-A"},{"r":"189","t":"09:07:08","h":"Ouest","s":"25N-H54NV10A-80-A"},{"r":"189","t":"09:07:08","h":"Ouest","s":"25N-H54NV20A-80-A"},{"r":"189","t":"09:07:08","h":"Ouest","s":"25S-H54S000A-83-A"},{"r":"189","t":"09:14:00","h":"Ouest","s":"25N-H54N000I-80-I"},{"r":"189","t":"09:14:00","h":"Ouest","s":"25N-H54N100F-80-F1"},{"r":"189","t":"09:14:00","h":"Ouest","s":"25N-H54N200F-80-F2"},{"r":"189","t":"09:14:00","h":"Ouest","s":"25N-H54N300F-80-F3"},{"r":"189","t":"09:14:00","h":"Ouest","s":"25N-H54N400F-80-F4"},{"r":"189","t":"09:14:00","h":"Ouest","s":"25N-H54NV10I-80-I"},{"r":"189","t":"09:14:00","h":"Ouest","s":"25N-H54NV20I-80-I"},{"r":"189","t":"09:14:00","h":"Ouest","s":"25S-H54S000I-82-I"},{"r":"189","t":"09:14:00","h":"Ouest","s":"25S-H54S100F-80-F1"},{"r":"189","t":"09:14:00","h":"Ouest","s":"25S-H54S200F-80-F2"},{"r":"189","t":"09:28:08","h":"Ouest","s":"25N-H54N000A-80-A"},{"r":"189","t":"09:28:08","h":"Ouest","s":"25N-H54NV10A-80-A"},{"r":"189","t":"09:28:08","h":"Ouest","s":"25N-H54NV20A-80-A"},{"r":"189","t":"09:28:08","h":"Ouest","s":"25S-H54S000A-83-A"},{"r":"189","t":"09:29:00","h":"Ouest","s":"25N-H54N000S-80-S"},{"r":"189","t":"09:29:00","h":"Ouest","s":"25N-H54NV10S-82-S"},{"r":"189","t":"09:29:00","h":"Ouest","s":"25N-H54NV20S-80-S"},{"r":"189","t":"09:29:00","h":"Ouest","s":"25S-H54S000S-82-S"},{"r":"189","t":"09:43:00","h":"Ouest","s":"25N-H54N000I-80-I"},{"r":"189","t":"09:43:00","h":"Ouest","s":"25N-H54N100F-80-F1"},{"r":"189","t":"09:43:00","h":"Ouest","s":"25N-H54N200F-80-F2"},{"r":"189","t":"09:43:00","h":"Ouest","s":"25N-H54N300F-80-F3"},{"r":"189","t":"09:43:00","h":"Ouest","s":"25N-H54N400F-80-F4"},{"r":"189","t":"09:43:00","h":"Ouest","s":"25N-H54NV10I-80-I"},{"r":"189","t":"09:43:00","h":"Ouest","s":"25N-H54NV20I-80-I"},{"r":"189","t":"09:43:00","h":"Ouest","s":"25S-H54S000I-82-I"},{"r":"189","t":"09:43:00","h":"Ouest","s":"25S-H54S100F-80-F1"},{"r":"189","t":"09:43:00","h":"Ouest","s":"25S-H54S200F-80-F2"},{"r":"189","t":"09:50:00","h":"Ouest","s":"25N-H54N000S-80-S"},{"r":"189","t":"09:50:00","h":"Ouest","s":"25N-H54NV10S-82-S"},{"r":"189","t":"09:50:00","h":"Ouest","s":"25N-H54NV20S-80-S"},{"r":"189","t":"09:50:00","h":"Ouest","s":"25S-H54S000S-82-S"},{"r":"189","t":"09:52:00","h":"Ouest","s":"25N-H54N000A-80-A"},{"r":"189","t":"09:52:00","h":"Ouest","s":"25N-H54NV10A-80-A"},{"r":"189","t":"09:52:00","h":"Ouest","s":"25N-H54NV20A-80-A"},{"r":"189","t":"09:52:00","h":"Ouest","s":"25S-H54S000A-83-A"},{"r":"189","t":"10:07:00","h":"Ouest","s":"25N-H54N000A-80-A"},{"r":"189","t":"10:07:00","h":"Ouest","s":"25N-H54NV10A-80-A"},{"r":"189","t":"10:07:00","h":"Ouest","s":"25N-H54NV20A-80-A"},{"r":"189","t":"10:07:00","h":"Ouest","s":"25S-H54S000A-83-A"},{"r":"189","t":"10:08:00","h":"Ouest","s":"25N-H54N000S-80-S"},{"r":"189","t":"10:08:00","h":"Ouest","s":"25N-H54NV10S-82-S"},{"r":"189","t":"10:08:00","h":"Ouest","s":"25N-H54NV20S-80-S"},{"r":"189","t":"10:08:00","h":"Ouest","s":"25S-H54S000S-82-S"},{"r":"189","t":"10:12:00","h":"Ouest","s":"25N-H54N000I-80-I"},{"r":"189","t":"10:12:00","h":"Ouest","s":"25N-H54N100F-80-F1"},{"r":"189","t":"10:12:00","h":"Ouest","s":"25N-H54N200F-80-F2"},{"r":"189","t":"10:12:00","h":"Ouest","s":"25N-H54N300F-80-F3"},{"r":"189","t":"10:12:00","h":"Ouest","s":"25N-H54N400F-80-F4"},{"r":"189","t":"10:12:00","h":"Ouest","s":"25N-H54NV10I-80-I"},{"r":"189","t":"10:12:00","h":"Ouest","s":"25N-H54NV20I-80-I"},{"r":"189","t":"10:12:00","h":"Ouest","s":"25S-H54S000I-82-I"},{"r":"189","t":"10:12:00","h":"Ouest","s":"25S-H54S100F-80-F1"},{"r":"189","t":"10:12:00","h":"Ouest","s":"25S-H54S200F-80-F2"},{"r":"189","t":"10:22:00","h":"Ouest","s":"25N-H54N000A-80-A"},{"r":"189","t":"10:22:00","h":"Ouest","s":"25N-H54NV10A-80-A"},{"r":"189","t":"10:22:00","h":"Ouest","s":"25N-H54NV20A-80-A"},{"r":"189","t":"10:22:00","h":"Ouest","s":"25S-H54S000A-83-A"},{"r":"189","t":"10:25:00","h":"Ouest","s":"25N-H54N000S-80-S"},{"r":"189","t":"10:25:00","h":"Ouest","s":"25N-H54NV10S-82-S"},{"r":"189","t":"10:25:00","h":"Ouest","s":"25N-H54NV20S-80-S"},{"r":"189","t":"10:25:00","h":"Ouest","s":"25S-H54S000S-82-S"},{"r":"189","t":"10:37:00","h":"Ouest","s":"25N-H54N000A-80-A"},{"r":"189","t":"10:37:00","h":"Ouest","s":"25N-H54NV10A-80-A"},{"r":"189","t":"10:37:00","h":"Ouest","s":"25N-H54NV20A-80-A"},{"r":"189","t":"10:37:00","h":"Ouest","s":"25S-H54S000A-83-A"},{"r":"189","t":"10:41:00","h":"Ouest","s":"25N-H54N000I-80-I"},{"r":"189","t":"10:41:00","h":"Ouest","s":"25N-H54N100F-80-F1"},{"r":"189","t":"10:41:00","h":"Ouest","s":"25N-H54N200F-80-F2"},{"r":"189","t":"10:41:00","h":"Ouest","s":"25N-H54N300F-80-F3"},{"r":"189","t":"10:41:00","h":"Ouest","s":"25N-H54N400F-80-F4"},{"r":"189","t":"10:41:00","h":"Ouest","s":"25N-H54NV10I-80-I"},{"r":"189","t":"10:41:00","h":"Ouest","s":"25N-H54NV20I-80-I"},{"r":"189","t":"10:41:00","h":"Ouest","s":"25S-H54S000I-82-I"},{"r":"189","t":"10:41:00","h":"Ouest","s":"25S-H54S100F-80-F1"},{"r":"189","t":"10:41:00","h":"Ouest","s":"25S-H54S200F-80-F2"},{"r":"189","t":"10:42:00","h":"Ouest","s":"25N-H54N000S-80-S"},{"r":"189","t":"10:42:00","h":"Ouest","s":"25N-H54NV10S-82-S"},{"r":"189","t":"10:42:00","h":"Ouest","s":"25N-H54NV20S-80-S"},{"r":"189","t":"10:42:00","h":"Ouest","s":"25S-H54S000S-82-S"},{"r":"189","t":"10:53:00","h":"Ouest","s":"25N-H54N000A-80-A"},{"r":"189","t":"10:53:00","h":"Ouest","s":"25N-H54NV10A-80-A"},{"r":"189","t":"10:53:00","h":"Ouest","s":"25N-H54NV20A-80-A"},{"r":"189","t":"10:53:00","h":"Ouest","s":"25S-H54S000A-83-A"},{"r":"189","t":"11:00:00","h":"Ouest","s":"25N-H54N000S-80-S"},{"r":"189","t":"11:00:00","h":"Ouest","s":"25N-H54NV10S-82-S"},{"r":"189","t":"11:00:00","h":"Ouest","s":"25N-H54NV20S-80-S"},{"r":"189","t":"11:00:00","h":"Ouest","s":"25S-H54S000S-82-S"},{"r":"189","t":"11:10:00","h":"Ouest","s":"25N-H54N000I-80-I"},{"r":"189","t":"11:10:00","h":"Ouest","s":"25N-H54N100F-80-F1"},{"r":"189","t":"11:10:00","h":"Ouest","s":"25N-H54N200F-80-F2"},{"r":"189","t":"11:10:00","h":"Ouest","s":"25N-H54N300F-80-F3"},{"r":"189","t":"11:10:00","h":"Ouest","s":"25N-H54N400F-80-F4"},{"r":"189","t":"11:10:00","h":"Ouest","s":"25N-H54NV10I-80-I"},{"r":"189","t":"11:10:00","h":"Ouest","s":"25N-H54NV20I-80-I"},{"r":"189","t":"11:10:00","h":"Ouest","s":"25S-H54S000I-82-I"},{"r":"189","t":"11:10:00","h":"Ouest","s":"25S-H54S100F-80-F1"},{"r":"189","t":"11:10:00","h":"Ouest","s":"25S-H54S200F-80-F2"},{"r":"189","t":"11:11:00","h":"Ouest","s":"25N-H54N000A-80-A"},{"r":"189","t":"11:11:00","h":"Ouest","s":"25N-H54NV10A-80-A"},{"r":"189","t":"11:11:00","h":"Ouest","s":"25N-H54NV20A-80-A"},{"r":"189","t":"11:11:00","h":"Ouest","s":"25S-H54S000A-83-A"},{"r":"189","t":"11:18:00","h":"Ouest","s":"25N-H59N000S-80-S"},{"r":"189","t":"11:18:00","h":"Ouest","s":"25N-H59NV10S-84-S"},{"r":"189","t":"11:18:00","h":"Ouest","s":"25N-H59NV20S-80-S"},{"r":"189","t":"11:18:00","h":"Ouest","s":"25S-H59S000S-81-S"},{"r":"189","t":"11:30:00","h":"Ouest","s":"25N-H54N000A-80-A"},{"r":"189","t":"11:30:00","h":"Ouest","s":"25N-H54N000I-80-I"},{"r":"189","t":"11:30:00","h":"Ouest","s":"25N-H54N100F-80-F1"},{"r":"189","t":"11:30:00","h":"Ouest","s":"25N-H54N200F-80-F2"},{"r":"189","t":"11:30:00","h":"Ouest","s":"25N-H54N300F-80-F3"},{"r":"189","t":"11:30:00","h":"Ouest","s":"25N-H54N400F-80-F4"},{"r":"189","t":"11:30:00","h":"Ouest","s":"25N-H54NV10A-80-A"},{"r":"189","t":"11:30:00","h":"Ouest","s":"25N-H54NV10I-80-I"},{"r":"189","t":"11:30:00","h":"Ouest","s":"25N-H54NV20A-80-A"},{"r":"189","t":"11:30:00","h":"Ouest","s":"25N-H54NV20I-80-I"},{"r":"189","t":"11:30:00","h":"Ouest","s":"25S-H54S000A-83-A"},{"r":"189","t":"11:30:00","h":"Ouest","s":"25S-H54S000I-82-I"},{"r":"189","t":"11:30:00","h":"Ouest","s":"25S-H54S100F-80-F1"},{"r":"189","t":"11:30:00","h":"Ouest","s":"25S-H54S200F-80-F2"},{"r":"189","t":"11:37:00","h":"Ouest","s":"25N-H54N000S-80-S"},{"r":"189","t":"11:37:00","h":"Ouest","s":"25N-H54NV10S-82-S"},{"r":"189","t":"11:37:00","h":"Ouest","s":"25N-H54NV20S-80-S"},{"r":"189","t":"11:37:00","h":"Ouest","s":"25S-H54S000S-82-S"},{"r":"189","t":"11:49:00","h":"Ouest","s":"25N-H54N000I-80-I"},{"r":"189","t":"11:49:00","h":"Ouest","s":"25N-H54N100F-80-F1"},{"r":"189","t":"11:49:00","h":"Ouest","s":"25N-H54N200F-80-F2"},{"r":"189","t":"11:49:00","h":"Ouest","s":"25N-H54N300F-80-F3"},{"r":"189","t":"11:49:00","h":"Ouest","s":"25N-H54N400F-80-F4"},{"r":"189","t":"11:49:00","h":"Ouest","s":"25N-H54NV10I-80-I"},{"r":"189","t":"11:49:00","h":"Ouest","s":"25N-H54NV20I-80-I"},{"r":"189","t":"11:49:00","h":"Ouest","s":"25S-H54S000I-82-I"},{"r":"189","t":"11:49:00","h":"Ouest","s":"25S-H54S100F-80-F1"},{"r":"189","t":"11:49:00","h":"Ouest","s":"25S-H54S200F-80-F2"},{"r":"189","t":"11:51:00","h":"Ouest","s":"25N-H54N000A-80-A"},{"r":"189","t":"11:51:00","h":"Ouest","s":"25N-H54NV10A-80-A"},{"r":"189","t":"11:51:00","h":"Ouest","s":"25N-H54NV20A-80-A"},{"r":"189","t":"11:51:00","h":"Ouest","s":"25S-H54S000A-83-A"},{"r":"189","t":"11:57:00","h":"Ouest","s":"25N-H54N000S-80-S"},{"r":"189","t":"11:57:00","h":"Ouest","s":"25N-H54NV10S-82-S"},{"r":"189","t":"11:57:00","h":"Ouest","s":"25N-H54NV20S-80-S"},{"r":"189","t":"11:57:00","h":"Ouest","s":"25S-H54S000S-82-S"},{"r":"189","t":"12:09:00","h":"Ouest","s":"25N-H54N000I-80-I"},{"r":"189","t":"12:09:00","h":"Ouest","s":"25N-H54N100F-80-F1"},{"r":"189","t":"12:09:00","h":"Ouest","s":"25N-H54N200F-80-F2"},{"r":"189","t":"12:09:00","h":"Ouest","s":"25N-H54N300F-80-F3"},{"r":"189","t":"12:09:00","h":"Ouest","s":"25N-H54N400F-80-F4"},{"r":"189","t":"12:09:00","h":"Ouest","s":"25N-H54NV10I-80-I"},{"r":"189","t":"12:09:00","h":"Ouest","s":"25N-H54NV20I-80-I"},{"r":"189","t":"12:09:00","h":"Ouest","s":"25S-H54S000I-82-I"},{"r":"189","t":"12:09:00","h":"Ouest","s":"25S-H54S100F-80-F1"},{"r":"189","t":"12:09:00","h":"Ouest","s":"25S-H54S200F-80-F2"},{"r":"189","t":"12:12:00","h":"Ouest","s":"25N-H54N000A-80-A"},{"r":"189","t":"12:12:00","h":"Ouest","s":"25N-H54NV10A-80-A"},{"r":"189","t":"12:12:00","h":"Ouest","s":"25N-H54NV20A-80-A"},{"r":"189","t":"12:12:00","h":"Ouest","s":"25S-H54S000A-83-A"},{"r":"189","t":"12:17:00","h":"Ouest","s":"25N-H54N000S-80-S"},{"r":"189","t":"12:17:00","h":"Ouest","s":"25N-H54NV10S-82-S"},{"r":"189","t":"12:17:00","h":"Ouest","s":"25N-H54NV20S-80-S"},{"r":"189","t":"12:17:00","h":"Ouest","s":"25S-H54S000S-82-S"},{"r":"189","t":"12:29:00","h":"Ouest","s":"25N-H54N000I-80-I"},{"r":"189","t":"12:29:00","h":"Ouest","s":"25N-H54N100F-80-F1"},{"r":"189","t":"12:29:00","h":"Ouest","s":"25N-H54N200F-80-F2"},{"r":"189","t":"12:29:00","h":"Ouest","s":"25N-H54N300F-80-F3"},{"r":"189","t":"12:29:00","h":"Ouest","s":"25N-H54N400F-80-F4"},{"r":"189","t":"12:29:00","h":"Ouest","s":"25N-H54NV10I-80-I"},{"r":"189","t":"12:29:00","h":"Ouest","s":"25N-H54NV20I-80-I"},{"r":"189","t":"12:29:00","h":"Ouest","s":"25S-H54S000I-82-I"},{"r":"189","t":"12:29:00","h":"Ouest","s":"25S-H54S100F-80-F1"},{"r":"189","t":"12:29:00","h":"Ouest","s":"25S-H54S200F-80-F2"},{"r":"189","t":"12:31:00","h":"Ouest","s":"25N-H54N000A-80-A"},{"r":"189","t":"12:31:00","h":"Ouest","s":"25N-H54NV10A-80-A"},{"r":"189","t":"12:31:00","h":"Ouest","s":"25N-H54NV20A-80-A"},{"r":"189","t":"12:31:00","h":"Ouest","s":"25S-H54S000A-83-A"},{"r":"189","t":"12:36:00","h":"Ouest","s":"25N-H54N000S-80-S"},{"r":"189","t":"12:36:00","h":"Ouest","s":"25N-H54NV10S-82-S"},{"r":"189","t":"12:36:00","h":"Ouest","s":"25N-H54NV20S-80-S"},{"r":"189","t":"12:36:00","h":"Ouest","s":"25S-H54S000S-82-S"},{"r":"189","t":"12:49:00","h":"Ouest","s":"25N-H54N000I-80-I"},{"r":"189","t":"12:49:00","h":"Ouest","s":"25N-H54N100F-80-F1"},{"r":"189","t":"12:49:00","h":"Ouest","s":"25N-H54N200F-80-F2"},{"r":"189","t":"12:49:00","h":"Ouest","s":"25N-H54N300F-80-F3"},{"r":"189","t":"12:49:00","h":"Ouest","s":"25N-H54N400F-80-F4"},{"r":"189","t":"12:49:00","h":"Ouest","s":"25N-H54NV10I-80-I"},{"r":"189","t":"12:49:00","h":"Ouest","s":"25N-H54NV20I-80-I"},{"r":"189","t":"12:49:00","h":"Ouest","s":"25S-H54S000I-82-I"},{"r":"189","t":"12:49:00","h":"Ouest","s":"25S-H54S100F-80-F1"},{"r":"189","t":"12:49:00","h":"Ouest","s":"25S-H54S200F-80-F2"},{"r":"189","t":"12:50:00","h":"Ouest","s":"25N-H54N000A-80-A"},{"r":"189","t":"12:50:00","h":"Ouest","s":"25N-H54NV10A-80-A"},{"r":"189","t":"12:50:00","h":"Ouest","s":"25N-H54NV20A-80-A"},{"r":"189","t":"12:50:00","h":"Ouest","s":"25S-H54S000A-83-A"},{"r":"189","t":"12:55:00","h":"Ouest","s":"25N-H54N000S-80-S"},{"r":"189","t":"12:55:00","h":"Ouest","s":"25N-H54NV10S-82-S"},{"r":"189","t":"12:55:00","h":"Ouest","s":"25N-H54NV20S-80-S"},{"r":"189","t":"12:55:00","h":"Ouest","s":"25S-H54S000S-82-S"},{"r":"189","t":"13:08:00","h":"Ouest","s":"25N-H54N000I-80-I"},{"r":"189","t":"13:08:00","h":"Ouest","s":"25N-H54N100F-80-F1"},{"r":"189","t":"13:08:00","h":"Ouest","s":"25N-H54N200F-80-F2"},{"r":"189","t":"13:08:00","h":"Ouest","s":"25N-H54N300F-80-F3"},{"r":"189","t":"13:08:00","h":"Ouest","s":"25N-H54N400F-80-F4"},{"r":"189","t":"13:08:00","h":"Ouest","s":"25N-H54NV10I-80-I"},{"r":"189","t":"13:08:00","h":"Ouest","s":"25N-H54NV20I-80-I"},{"r":"189","t":"13:08:00","h":"Ouest","s":"25S-H54S000I-82-I"},{"r":"189","t":"13:08:00","h":"Ouest","s":"25S-H54S100F-80-F1"},{"r":"189","t":"13:08:00","h":"Ouest","s":"25S-H54S200F-80-F2"},{"r":"189","t":"13:09:00","h":"Ouest","s":"25N-H54N000A-80-A"},{"r":"189","t":"13:09:00","h":"Ouest","s":"25N-H54NV10A-80-A"},{"r":"189","t":"13:09:00","h":"Ouest","s":"25N-H54NV20A-80-A"},{"r":"189","t":"13:09:00","h":"Ouest","s":"25S-H54S000A-83-A"},{"r":"189","t":"13:14:00","h":"Ouest","s":"25N-H54N000S-80-S"},{"r":"189","t":"13:14:00","h":"Ouest","s":"25N-H54NV10S-82-S"},{"r":"189","t":"13:14:00","h":"Ouest","s":"25N-H54NV20S-80-S"},{"r":"189","t":"13:14:00","h":"Ouest","s":"25S-H54S000S-82-S"},{"r":"189","t":"13:27:00","h":"Ouest","s":"25N-H54N000A-80-A"},{"r":"189","t":"13:27:00","h":"Ouest","s":"25N-H54N000I-80-I"},{"r":"189","t":"13:27:00","h":"Ouest","s":"25N-H54N100F-80-F1"},{"r":"189","t":"13:27:00","h":"Ouest","s":"25N-H54N200F-80-F2"},{"r":"189","t":"13:27:00","h":"Ouest","s":"25N-H54N300F-80-F3"},{"r":"189","t":"13:27:00","h":"Ouest","s":"25N-H54N400F-80-F4"},{"r":"189","t":"13:27:00","h":"Ouest","s":"25N-H54NV10A-80-A"},{"r":"189","t":"13:27:00","h":"Ouest","s":"25N-H54NV10I-80-I"},{"r":"189","t":"13:27:00","h":"Ouest","s":"25N-H54NV20A-80-A"},{"r":"189","t":"13:27:00","h":"Ouest","s":"25N-H54NV20I-80-I"},{"r":"189","t":"13:27:00","h":"Ouest","s":"25S-H54S000A-83-A"},{"r":"189","t":"13:27:00","h":"Ouest","s":"25S-H54S000I-82-I"},{"r":"189","t":"13:27:00","h":"Ouest","s":"25S-H54S100F-80-F1"},{"r":"189","t":"13:27:00","h":"Ouest","s":"25S-H54S200F-80-F2"},{"r":"189","t":"13:33:00","h":"Ouest","s":"25N-H54N000S-80-S"},{"r":"189","t":"13:33:00","h":"Ouest","s":"25N-H54NV10S-82-S"},{"r":"189","t":"13:33:00","h":"Ouest","s":"25N-H54NV20S-80-S"},{"r":"189","t":"13:33:00","h":"Ouest","s":"25S-H54S000S-82-S"},{"r":"189","t":"13:45:00","h":"Ouest","s":"25N-H54N000A-80-A"},{"r":"189","t":"13:45:00","h":"Ouest","s":"25N-H54NV10A-80-A"},{"r":"189","t":"13:45:00","h":"Ouest","s":"25N-H54NV20A-80-A"},{"r":"189","t":"13:45:00","h":"Ouest","s":"25S-H54S000A-83-A"},{"r":"189","t":"13:47:00","h":"Ouest","s":"25N-H54N000I-80-I"},{"r":"189","t":"13:47:00","h":"Ouest","s":"25N-H54N100F-80-F1"},{"r":"189","t":"13:47:00","h":"Ouest","s":"25N-H54N200F-80-F2"},{"r":"189","t":"13:47:00","h":"Ouest","s":"25N-H54N300F-80-F3"},{"r":"189","t":"13:47:00","h":"Ouest","s":"25N-H54N400F-80-F4"},{"r":"189","t":"13:47:00","h":"Ouest","s":"25N-H54NV10I-80-I"},{"r":"189","t":"13:47:00","h":"Ouest","s":"25N-H54NV20I-80-I"},{"r":"189","t":"13:47:00","h":"Ouest","s":"25S-H54S000I-82-I"},{"r":"189","t":"13:47:00","h":"Ouest","s":"25S-H54S100F-80-F1"},{"r":"189","t":"13:47:00","h":"Ouest","s":"25S-H54S200F-80-F2"},{"r":"189","t":"13:51:00","h":"Ouest","s":"25N-H54N000S-80-S"},{"r":"189","t":"13:51:00","h":"Ouest","s":"25N-H54NV10S-82-S"},{"r":"189","t":"13:51:00","h":"Ouest","s":"25N-H54NV20S-80-S"},{"r":"189","t":"13:51:00","h":"Ouest","s":"25S-H54S000S-82-S"},{"r":"189","t":"14:04:00","h":"Ouest","s":"25N-H54N000A-80-A"},{"r":"189","t":"14:04:00","h":"Ouest","s":"25N-H54NV10A-80-A"},{"r":"189","t":"14:04:00","h":"Ouest","s":"25N-H54NV20A-80-A"},{"r":"189","t":"14:04:00","h":"Ouest","s":"25S-H54S000A-83-A"},{"r":"189","t":"14:07:00","h":"Ouest","s":"25N-H54N000I-80-I"},{"r":"189","t":"14:07:00","h":"Ouest","s":"25N-H54N100F-80-F1"},{"r":"189","t":"14:07:00","h":"Ouest","s":"25N-H54N200F-80-F2"},{"r":"189","t":"14:07:00","h":"Ouest","s":"25N-H54N300F-80-F3"},{"r":"189","t":"14:07:00","h":"Ouest","s":"25N-H54N400F-80-F4"},{"r":"189","t":"14:07:00","h":"Ouest","s":"25N-H54NV10I-80-I"},{"r":"189","t":"14:07:00","h":"Ouest","s":"25N-H54NV20I-80-I"},{"r":"189","t":"14:07:00","h":"Ouest","s":"25S-H54S000I-82-I"},{"r":"189","t":"14:07:00","h":"Ouest","s":"25S-H54S100F-80-F1"},{"r":"189","t":"14:07:00","h":"Ouest","s":"25S-H54S200F-80-F2"},{"r":"189","t":"14:10:00","h":"Ouest","s":"25N-H54N000S-80-S"},{"r":"189","t":"14:10:00","h":"Ouest","s":"25N-H54NV10S-82-S"},{"r":"189","t":"14:10:00","h":"Ouest","s":"25N-H54NV20S-80-S"},{"r":"189","t":"14:10:00","h":"Ouest","s":"25S-H54S000S-82-S"},{"r":"189","t":"14:23:00","h":"Ouest","s":"25N-H54N000A-80-A"},{"r":"189","t":"14:23:00","h":"Ouest","s":"25N-H54NV10A-80-A"},{"r":"189","t":"14:23:00","h":"Ouest","s":"25N-H54NV20A-80-A"},{"r":"189","t":"14:23:00","h":"Ouest","s":"25S-H54S000A-83-A"},{"r":"189","t":"14:29:00","h":"Ouest","s":"25N-H54N000I-80-I"},{"r":"189","t":"14:29:00","h":"Ouest","s":"25N-H54N000S-80-S"},{"r":"189","t":"14:29:00","h":"Ouest","s":"25N-H54N100F-80-F1"},{"r":"189","t":"14:29:00","h":"Ouest","s":"25N-H54N200F-80-F2"},{"r":"189","t":"14:29:00","h":"Ouest","s":"25N-H54N300F-80-F3"},{"r":"189","t":"14:29:00","h":"Ouest","s":"25N-H54N400F-80-F4"},{"r":"189","t":"14:29:00","h":"Ouest","s":"25N-H54NV10I-80-I"},{"r":"189","t":"14:29:00","h":"Ouest","s":"25N-H54NV10S-82-S"},{"r":"189","t":"14:29:00","h":"Ouest","s":"25N-H54NV20I-80-I"},{"r":"189","t":"14:29:00","h":"Ouest","s":"25N-H54NV20S-80-S"},{"r":"189","t":"14:29:00","h":"Ouest","s":"25S-H54S000I-82-I"},{"r":"189","t":"14:29:00","h":"Ouest","s":"25S-H54S000S-82-S"},{"r":"189","t":"14:29:00","h":"Ouest","s":"25S-H54S100F-80-F1"},{"r":"189","t":"14:29:00","h":"Ouest","s":"25S-H54S200F-80-F2"},{"r":"189","t":"14:41:00","h":"Ouest","s":"25N-H54N000A-80-A"},{"r":"189","t":"14:41:00","h":"Ouest","s":"25N-H54NV10A-80-A"},{"r":"189","t":"14:41:00","h":"Ouest","s":"25N-H54NV20A-80-A"},{"r":"189","t":"14:41:00","h":"Ouest","s":"25S-H54S000A-83-A"},{"r":"189","t":"14:48:00","h":"Ouest","s":"25N-H54N000S-80-S"},{"r":"189","t":"14:48:00","h":"Ouest","s":"25N-H54NV10S-82-S"},{"r":"189","t":"14:48:00","h":"Ouest","s":"25N-H54NV20S-80-S"},{"r":"189","t":"14:48:00","h":"Ouest","s":"25S-H54S000S-82-S"},{"r":"189","t":"14:54:00","h":"Ouest","s":"25N-H54N000I-80-I"},{"r":"189","t":"14:54:00","h":"Ouest","s":"25N-H54N100F-80-F1"},{"r":"189","t":"14:54:00","h":"Ouest","s":"25N-H54N200F-80-F2"},{"r":"189","t":"14:54:00","h":"Ouest","s":"25N-H54N300F-80-F3"},{"r":"189","t":"14:54:00","h":"Ouest","s":"25N-H54N400F-80-F4"},{"r":"189","t":"14:54:00","h":"Ouest","s":"25N-H54NV10I-80-I"},{"r":"189","t":"14:54:00","h":"Ouest","s":"25N-H54NV20I-80-I"},{"r":"189","t":"14:54:00","h":"Ouest","s":"25S-H54S000I-82-I"},{"r":"189","t":"14:54:00","h":"Ouest","s":"25S-H54S100F-80-F1"},{"r":"189","t":"14:54:00","h":"Ouest","s":"25S-H54S200F-80-F2"},{"r":"189","t":"14:59:00","h":"Ouest","s":"25N-H54N000A-80-A"},{"r":"189","t":"14:59:00","h":"Ouest","s":"25N-H54NV10A-80-A"},{"r":"189","t":"14:59:00","h":"Ouest","s":"25N-H54NV20A-80-A"},{"r":"189","t":"14:59:00","h":"Ouest","s":"25S-H54S000A-83-A"},{"r":"189","t":"15:07:53","h":"Ouest","s":"25N-H54N000S-80-S"},{"r":"189","t":"15:07:53","h":"Ouest","s":"25N-H54NV10S-82-S"},{"r":"189","t":"15:07:53","h":"Ouest","s":"25N-H54NV20S-80-S"},{"r":"189","t":"15:07:53","h":"Ouest","s":"25S-H54S000S-82-S"},{"r":"189","t":"15:17:00","h":"Ouest","s":"25N-H54N000A-80-A"},{"r":"189","t":"15:17:00","h":"Ouest","s":"25N-H54NV10A-80-A"},{"r":"189","t":"15:17:00","h":"Ouest","s":"25N-H54NV20A-80-A"},{"r":"189","t":"15:17:00","h":"Ouest","s":"25S-H54S000A-83-A"},{"r":"189","t":"15:25:00","h":"Ouest","s":"25N-H54N000I-80-I"},{"r":"189","t":"15:25:00","h":"Ouest","s":"25N-H54N100F-80-F1"},{"r":"189","t":"15:25:00","h":"Ouest","s":"25N-H54N200F-80-F2"},{"r":"189","t":"15:25:00","h":"Ouest","s":"25N-H54N300F-80-F3"},{"r":"189","t":"15:25:00","h":"Ouest","s":"25N-H54N400F-80-F4"},{"r":"189","t":"15:25:00","h":"Ouest","s":"25N-H54NV10I-80-I"},{"r":"189","t":"15:25:00","h":"Ouest","s":"25N-H54NV20I-80-I"},{"r":"189","t":"15:25:00","h":"Ouest","s":"25S-H54S000I-82-I"},{"r":"189","t":"15:25:00","h":"Ouest","s":"25S-H54S100F-80-F1"},{"r":"189","t":"15:25:00","h":"Ouest","s":"25S-H54S200F-80-F2"},{"r":"189","t":"15:28:53","h":"Ouest","s":"25N-H54N000S-80-S"},{"r":"189","t":"15:28:53","h":"Ouest","s":"25N-H54NV10S-82-S"},{"r":"189","t":"15:28:53","h":"Ouest","s":"25N-H54NV20S-80-S"},{"r":"189","t":"15:28:53","h":"Ouest","s":"25S-H54S000S-82-S"},{"r":"189","t":"15:35:00","h":"Ouest","s":"25N-H54N000A-80-A"},{"r":"189","t":"15:35:00","h":"Ouest","s":"25N-H54NV10A-80-A"},{"r":"189","t":"15:35:00","h":"Ouest","s":"25N-H54NV20A-80-A"},{"r":"189","t":"15:35:00","h":"Ouest","s":"25S-H54S000A-83-A"},{"r":"189","t":"15:48:53","h":"Ouest","s":"25N-H57N000S-80-S"},{"r":"189","t":"15:48:53","h":"Ouest","s":"25N-H57NV10S-84-S"},{"r":"189","t":"15:48:53","h":"Ouest","s":"25N-H57NV20S-80-S"},{"r":"189","t":"15:48:53","h":"Ouest","s":"25S-H57S000S-82-S"},{"r":"189","t":"15:55:00","h":"Ouest","s":"25N-H54N000A-80-A"},{"r":"189","t":"15:55:00","h":"Ouest","s":"25N-H54NV10A-80-A"},{"r":"189","t":"15:55:00","h":"Ouest","s":"25N-H54NV20A-80-A"},{"r":"189","t":"15:55:00","h":"Ouest","s":"25S-H54S000A-83-A"},{"r":"189","t":"15:56:08","h":"Ouest","s":"25N-H54N000I-80-I"},{"r":"189","t":"15:56:08","h":"Ouest","s":"25N-H54N100F-80-F1"},{"r":"189","t":"15:56:08","h":"Ouest","s":"25N-H54N200F-80-F2"},{"r":"189","t":"15:56:08","h":"Ouest","s":"25N-H54N300F-80-F3"},{"r":"189","t":"15:56:08","h":"Ouest","s":"25N-H54N400F-80-F4"},{"r":"189","t":"15:56:08","h":"Ouest","s":"25N-H54NV10I-80-I"},{"r":"189","t":"15:56:08","h":"Ouest","s":"25N-H54NV20I-80-I"},{"r":"189","t":"15:56:08","h":"Ouest","s":"25S-H54S000I-82-I"},{"r":"189","t":"15:56:08","h":"Ouest","s":"25S-H54S100F-80-F1"},{"r":"189","t":"15:56:08","h":"Ouest","s":"25S-H54S200F-80-F2"},{"r":"189","t":"16:11:53","h":"Ouest","s":"25N-H54N000S-80-S"},{"r":"189","t":"16:11:53","h":"Ouest","s":"25N-H54NV10S-82-S"},{"r":"189","t":"16:11:53","h":"Ouest","s":"25N-H54NV20S-80-S"},{"r":"189","t":"16:11:53","h":"Ouest","s":"25S-H54S000S-82-S"},{"r":"189","t":"16:19:00","h":"Ouest","s":"25N-H54N000A-80-A"},{"r":"189","t":"16:19:00","h":"Ouest","s":"25N-H54NV10A-80-A"},{"r":"189","t":"16:19:00","h":"Ouest","s":"25N-H54NV20A-80-A"},{"r":"189","t":"16:19:00","h":"Ouest","s":"25S-H54S000A-83-A"},{"r":"189","t":"16:27:08","h":"Ouest","s":"25N-H54N000I-80-I"},{"r":"189","t":"16:27:08","h":"Ouest","s":"25N-H54N100F-80-F1"},{"r":"189","t":"16:27:08","h":"Ouest","s":"25N-H54N200F-80-F2"},{"r":"189","t":"16:27:08","h":"Ouest","s":"25N-H54N300F-80-F3"},{"r":"189","t":"16:27:08","h":"Ouest","s":"25N-H54N400F-80-F4"},{"r":"189","t":"16:27:08","h":"Ouest","s":"25N-H54NV10I-80-I"},{"r":"189","t":"16:27:08","h":"Ouest","s":"25N-H54NV20I-80-I"},{"r":"189","t":"16:27:08","h":"Ouest","s":"25S-H54S000I-82-I"},{"r":"189","t":"16:27:08","h":"Ouest","s":"25S-H54S100F-80-F1"},{"r":"189","t":"16:27:08","h":"Ouest","s":"25S-H54S200F-80-F2"},{"r":"189","t":"16:38:53","h":"Ouest","s":"25N-H54N000S-80-S"},{"r":"189","t":"16:38:53","h":"Ouest","s":"25N-H54NV10S-82-S"},{"r":"189","t":"16:38:53","h":"Ouest","s":"25N-H54NV20S-80-S"},{"r":"189","t":"16:38:53","h":"Ouest","s":"25S-H54S000S-82-S"},{"r":"189","t":"16:48:00","h":"Ouest","s":"25N-H54N000A-80-A"},{"r":"189","t":"16:48:00","h":"Ouest","s":"25N-H54NV10A-80-A"},{"r":"189","t":"16:48:00","h":"Ouest","s":"25N-H54NV20A-80-A"},{"r":"189","t":"16:48:00","h":"Ouest","s":"25S-H54S000A-83-A"},{"r":"189","t":"16:57:08","h":"Ouest","s":"25N-H54N000I-80-I"},{"r":"189","t":"16:57:08","h":"Ouest","s":"25N-H54N100F-80-F1"},{"r":"189","t":"16:57:08","h":"Ouest","s":"25N-H54N200F-80-F2"},{"r":"189","t":"16:57:08","h":"Ouest","s":"25N-H54N300F-80-F3"},{"r":"189","t":"16:57:08","h":"Ouest","s":"25N-H54N400F-80-F4"},{"r":"189","t":"16:57:08","h":"Ouest","s":"25N-H54NV10I-80-I"},{"r":"189","t":"16:57:08","h":"Ouest","s":"25N-H54NV20I-80-I"},{"r":"189","t":"16:57:08","h":"Ouest","s":"25S-H54S000I-82-I"},{"r":"189","t":"16:57:08","h":"Ouest","s":"25S-H54S100F-80-F1"},{"r":"189","t":"16:57:08","h":"Ouest","s":"25S-H54S200F-80-F2"},{"r":"189","t":"17:09:53","h":"Ouest","s":"25N-H54N000S-80-S"},{"r":"189","t":"17:09:53","h":"Ouest","s":"25N-H54NV10S-82-S"},{"r":"189","t":"17:09:53","h":"Ouest","s":"25N-H54NV20S-80-S"},{"r":"189","t":"17:09:53","h":"Ouest","s":"25S-H54S000S-82-S"},{"r":"189","t":"17:18:00","h":"Ouest","s":"25N-H54N000A-80-A"},{"r":"189","t":"17:18:00","h":"Ouest","s":"25N-H54NV10A-80-A"},{"r":"189","t":"17:18:00","h":"Ouest","s":"25N-H54NV20A-80-A"},{"r":"189","t":"17:18:00","h":"Ouest","s":"25S-H54S000A-83-A"},{"r":"189","t":"17:28:08","h":"Ouest","s":"25N-H54N000I-80-I"},{"r":"189","t":"17:28:08","h":"Ouest","s":"25N-H54N100F-80-F1"},{"r":"189","t":"17:28:08","h":"Ouest","s":"25N-H54N200F-80-F2"},{"r":"189","t":"17:28:08","h":"Ouest","s":"25N-H54N300F-80-F3"},{"r":"189","t":"17:28:08","h":"Ouest","s":"25N-H54N400F-80-F4"},{"r":"189","t":"17:28:08","h":"Ouest","s":"25N-H54NV10I-80-I"},{"r":"189","t":"17:28:08","h":"Ouest","s":"25N-H54NV20I-80-I"},{"r":"189","t":"17:28:08","h":"Ouest","s":"25S-H54S000I-82-I"},{"r":"189","t":"17:28:08","h":"Ouest","s":"25S-H54S100F-80-F1"},{"r":"189","t":"17:28:08","h":"Ouest","s":"25S-H54S200F-80-F2"},{"r":"189","t":"17:40:53","h":"Ouest","s":"25N-H54N000S-80-S"},{"r":"189","t":"17:40:53","h":"Ouest","s":"25N-H54NV10S-82-S"},{"r":"189","t":"17:40:53","h":"Ouest","s":"25N-H54NV20S-80-S"},{"r":"189","t":"17:40:53","h":"Ouest","s":"25S-H54S000S-82-S"},{"r":"189","t":"17:45:08","h":"Ouest","s":"25N-H54N000A-80-A"},{"r":"189","t":"17:45:08","h":"Ouest","s":"25N-H54NV10A-80-A"},{"r":"189","t":"17:45:08","h":"Ouest","s":"25N-H54NV20A-80-A"},{"r":"189","t":"17:45:08","h":"Ouest","s":"25S-H54S000A-83-A"},{"r":"189","t":"18:00:08","h":"Ouest","s":"25N-H54N000I-80-I"},{"r":"189","t":"18:00:08","h":"Ouest","s":"25N-H54N100F-80-F1"},{"r":"189","t":"18:00:08","h":"Ouest","s":"25N-H54N200F-80-F2"},{"r":"189","t":"18:00:08","h":"Ouest","s":"25N-H54N300F-80-F3"},{"r":"189","t":"18:00:08","h":"Ouest","s":"25N-H54N400F-80-F4"},{"r":"189","t":"18:00:08","h":"Ouest","s":"25N-H54NV10I-80-I"},{"r":"189","t":"18:00:08","h":"Ouest","s":"25N-H54NV20I-80-I"},{"r":"189","t":"18:00:08","h":"Ouest","s":"25S-H54S000I-82-I"},{"r":"189","t":"18:00:08","h":"Ouest","s":"25S-H54S100F-80-F1"},{"r":"189","t":"18:00:08","h":"Ouest","s":"25S-H54S200F-80-F2"},{"r":"189","t":"18:07:00","h":"Ouest","s":"25N-H54N000S-80-S"},{"r":"189","t":"18:07:00","h":"Ouest","s":"25N-H54NV10S-82-S"},{"r":"189","t":"18:07:00","h":"Ouest","s":"25N-H54NV20S-80-S"},{"r":"189","t":"18:07:00","h":"Ouest","s":"25S-H54S000S-82-S"},{"r":"189","t":"18:10:08","h":"Ouest","s":"25N-H54N000A-80-A"},{"r":"189","t":"18:10:08","h":"Ouest","s":"25N-H54NV10A-80-A"},{"r":"189","t":"18:10:08","h":"Ouest","s":"25N-H54NV20A-80-A"},{"r":"189","t":"18:10:08","h":"Ouest","s":"25S-H54S000A-83-A"},{"r":"189","t":"18:32:08","h":"Ouest","s":"25N-H54N000I-80-I"},{"r":"189","t":"18:32:08","h":"Ouest","s":"25N-H54N100F-80-F1"},{"r":"189","t":"18:32:08","h":"Ouest","s":"25N-H54N200F-80-F2"},{"r":"189","t":"18:32:08","h":"Ouest","s":"25N-H54N300F-80-F3"},{"r":"189","t":"18:32:08","h":"Ouest","s":"25N-H54N400F-80-F4"},{"r":"189","t":"18:32:08","h":"Ouest","s":"25N-H54NV10I-80-I"},{"r":"189","t":"18:32:08","h":"Ouest","s":"25N-H54NV20I-80-I"},{"r":"189","t":"18:32:08","h":"Ouest","s":"25S-H54S000I-82-I"},{"r":"189","t":"18:32:08","h":"Ouest","s":"25S-H54S100F-80-F1"},{"r":"189","t":"18:32:08","h":"Ouest","s":"25S-H54S200F-80-F2"},{"r":"189","t":"18:34:00","h":"Ouest","s":"25N-H54N000S-80-S"},{"r":"189","t":"18:34:00","h":"Ouest","s":"25N-H54NV10S-82-S"},{"r":"189","t":"18:34:00","h":"Ouest","s":"25N-H54NV20S-80-S"},{"r":"189","t":"18:34:00","h":"Ouest","s":"25S-H54S000S-82-S"},{"r":"189","t":"18:35:08","h":"Ouest","s":"25N-H54N000A-80-A"},{"r":"189","t":"18:35:08","h":"Ouest","s":"25N-H54NV10A-80-A"},{"r":"189","t":"18:35:08","h":"Ouest","s":"25N-H54NV20A-80-A"},{"r":"189","t":"18:35:08","h":"Ouest","s":"25S-H54S000A-83-A"},{"r":"189","t":"19:01:08","h":"Ouest","s":"25N-H54N000A-80-A"},{"r":"189","t":"19:01:08","h":"Ouest","s":"25N-H54NV10A-80-A"},{"r":"189","t":"19:01:08","h":"Ouest","s":"25N-H54NV20A-80-A"},{"r":"189","t":"19:01:08","h":"Ouest","s":"25S-H54S000A-83-A"},{"r":"189","t":"19:02:00","h":"Ouest","s":"25N-H54N000S-80-S"},{"r":"189","t":"19:02:00","h":"Ouest","s":"25N-H54NV10S-82-S"},{"r":"189","t":"19:02:00","h":"Ouest","s":"25N-H54NV20S-80-S"},{"r":"189","t":"19:02:00","h":"Ouest","s":"25S-H54S000S-82-S"},{"r":"189","t":"19:02:08","h":"Ouest","s":"25N-H54N000I-80-I"},{"r":"189","t":"19:02:08","h":"Ouest","s":"25N-H54N100F-80-F1"},{"r":"189","t":"19:02:08","h":"Ouest","s":"25N-H54N200F-80-F2"},{"r":"189","t":"19:02:08","h":"Ouest","s":"25N-H54N300F-80-F3"},{"r":"189","t":"19:02:08","h":"Ouest","s":"25N-H54N400F-80-F4"},{"r":"189","t":"19:02:08","h":"Ouest","s":"25N-H54NV10I-80-I"},{"r":"189","t":"19:02:08","h":"Ouest","s":"25N-H54NV20I-80-I"},{"r":"189","t":"19:02:08","h":"Ouest","s":"25S-H54S000I-82-I"},{"r":"189","t":"19:02:08","h":"Ouest","s":"25S-H54S100F-80-F1"},{"r":"189","t":"19:02:08","h":"Ouest","s":"25S-H54S200F-80-F2"},{"r":"189","t":"19:28:08","h":"Ouest","s":"25N-H54N000A-80-A"},{"r":"189","t":"19:28:08","h":"Ouest","s":"25N-H54NV10A-80-A"},{"r":"189","t":"19:28:08","h":"Ouest","s":"25N-H54NV20A-80-A"},{"r":"189","t":"19:28:08","h":"Ouest","s":"25S-H54S000A-83-A"},{"r":"189","t":"19:29:08","h":"Ouest","s":"25N-H54N000S-80-S"},{"r":"189","t":"19:29:08","h":"Ouest","s":"25N-H54NV10S-82-S"},{"r":"189","t":"19:29:08","h":"Ouest","s":"25N-H54NV20S-80-S"},{"r":"189","t":"19:29:08","h":"Ouest","s":"25S-H54S000S-82-S"},{"r":"189","t":"19:32:08","h":"Ouest","s":"25N-H54N000I-80-I"},{"r":"189","t":"19:32:08","h":"Ouest","s":"25N-H54N100F-80-F1"},{"r":"189","t":"19:32:08","h":"Ouest","s":"25N-H54N200F-80-F2"},{"r":"189","t":"19:32:08","h":"Ouest","s":"25N-H54N300F-80-F3"},{"r":"189","t":"19:32:08","h":"Ouest","s":"25N-H54N400F-80-F4"},{"r":"189","t":"19:32:08","h":"Ouest","s":"25N-H54NV10I-80-I"},{"r":"189","t":"19:32:08","h":"Ouest","s":"25N-H54NV20I-80-I"},{"r":"189","t":"19:32:08","h":"Ouest","s":"25S-H54S000I-82-I"},{"r":"189","t":"19:32:08","h":"Ouest","s":"25S-H54S100F-80-F1"},{"r":"189","t":"19:32:08","h":"Ouest","s":"25S-H54S200F-80-F2"},{"r":"189","t":"19:55:08","h":"Ouest","s":"25N-H54N000A-80-A"},{"r":"189","t":"19:55:08","h":"Ouest","s":"25N-H54NV10A-80-A"},{"r":"189","t":"19:55:08","h":"Ouest","s":"25N-H54NV20A-80-A"},{"r":"189","t":"19:55:08","h":"Ouest","s":"25S-H54S000A-83-A"},{"r":"189","t":"19:58:08","h":"Ouest","s":"25N-H54N000S-80-S"},{"r":"189","t":"19:58:08","h":"Ouest","s":"25N-H54NV10S-82-S"},{"r":"189","t":"19:58:08","h":"Ouest","s":"25N-H54NV20S-80-S"},{"r":"189","t":"19:58:08","h":"Ouest","s":"25S-H54S000S-82-S"},{"r":"189","t":"20:01:08","h":"Ouest","s":"25N-H54N000I-80-I"},{"r":"189","t":"20:01:08","h":"Ouest","s":"25N-H54N100F-80-F1"},{"r":"189","t":"20:01:08","h":"Ouest","s":"25N-H54N200F-80-F2"},{"r":"189","t":"20:01:08","h":"Ouest","s":"25N-H54N300F-80-F3"},{"r":"189","t":"20:01:08","h":"Ouest","s":"25N-H54N400F-80-F4"},{"r":"189","t":"20:01:08","h":"Ouest","s":"25N-H54NV10I-80-I"},{"r":"189","t":"20:01:08","h":"Ouest","s":"25N-H54NV20I-80-I"},{"r":"189","t":"20:01:08","h":"Ouest","s":"25S-H54S000I-82-I"},{"r":"189","t":"20:01:08","h":"Ouest","s":"25S-H54S100F-80-F1"},{"r":"189","t":"20:01:08","h":"Ouest","s":"25S-H54S200F-80-F2"},{"r":"189","t":"20:23:08","h":"Ouest","s":"25N-H54N000A-80-A"},{"r":"189","t":"20:23:08","h":"Ouest","s":"25N-H54NV10A-80-A"},{"r":"189","t":"20:23:08","h":"Ouest","s":"25N-H54NV20A-80-A"},{"r":"189","t":"20:23:08","h":"Ouest","s":"25S-H54S000A-83-A"},{"r":"189","t":"20:28:08","h":"Ouest","s":"25N-H54N000S-80-S"},{"r":"189","t":"20:28:08","h":"Ouest","s":"25N-H54NV10S-82-S"},{"r":"189","t":"20:28:08","h":"Ouest","s":"25N-H54NV20S-80-S"},{"r":"189","t":"20:28:08","h":"Ouest","s":"25S-H54S000S-82-S"},{"r":"189","t":"20:30:08","h":"Ouest","s":"25N-H54N000I-80-I"},{"r":"189","t":"20:30:08","h":"Ouest","s":"25N-H54N100F-80-F1"},{"r":"189","t":"20:30:08","h":"Ouest","s":"25N-H54N200F-80-F2"},{"r":"189","t":"20:30:08","h":"Ouest","s":"25N-H54N300F-80-F3"},{"r":"189","t":"20:30:08","h":"Ouest","s":"25N-H54N400F-80-F4"},{"r":"189","t":"20:30:08","h":"Ouest","s":"25N-H54NV10I-80-I"},{"r":"189","t":"20:30:08","h":"Ouest","s":"25N-H54NV20I-80-I"},{"r":"189","t":"20:30:08","h":"Ouest","s":"25S-H54S000I-82-I"},{"r":"189","t":"20:30:08","h":"Ouest","s":"25S-H54S100F-80-F1"},{"r":"189","t":"20:30:08","h":"Ouest","s":"25S-H54S200F-80-F2"},{"r":"189","t":"20:53:08","h":"Ouest","s":"25N-H54N000A-80-A"},{"r":"189","t":"20:53:08","h":"Ouest","s":"25N-H54NV10A-80-A"},{"r":"189","t":"20:53:08","h":"Ouest","s":"25N-H54NV20A-80-A"},{"r":"189","t":"20:53:08","h":"Ouest","s":"25S-H54S000A-83-A"},{"r":"189","t":"20:57:08","h":"Ouest","s":"25N-H54N000S-80-S"},{"r":"189","t":"20:57:08","h":"Ouest","s":"25N-H54NV10S-82-S"},{"r":"189","t":"20:57:08","h":"Ouest","s":"25N-H54NV20S-80-S"},{"r":"189","t":"20:57:08","h":"Ouest","s":"25S-H54S000S-82-S"},{"r":"189","t":"21:00:08","h":"Ouest","s":"25N-H54N000I-80-I"},{"r":"189","t":"21:00:08","h":"Ouest","s":"25N-H54N100F-80-F1"},{"r":"189","t":"21:00:08","h":"Ouest","s":"25N-H54N200F-80-F2"},{"r":"189","t":"21:00:08","h":"Ouest","s":"25N-H54N300F-80-F3"},{"r":"189","t":"21:00:08","h":"Ouest","s":"25N-H54N400F-80-F4"},{"r":"189","t":"21:00:08","h":"Ouest","s":"25N-H54NV10I-80-I"},{"r":"189","t":"21:00:08","h":"Ouest","s":"25N-H54NV20I-80-I"},{"r":"189","t":"21:00:08","h":"Ouest","s":"25S-H54S000I-82-I"},{"r":"189","t":"21:00:08","h":"Ouest","s":"25S-H54S100F-80-F1"},{"r":"189","t":"21:00:08","h":"Ouest","s":"25S-H54S200F-80-F2"},{"r":"189","t":"21:24:08","h":"Ouest","s":"25N-H54N000A-80-A"},{"r":"189","t":"21:24:08","h":"Ouest","s":"25N-H54NV10A-80-A"},{"r":"189","t":"21:24:08","h":"Ouest","s":"25N-H54NV20A-80-A"},{"r":"189","t":"21:24:08","h":"Ouest","s":"25S-H54S000A-83-A"},{"r":"189","t":"21:27:08","h":"Ouest","s":"25N-H54N000S-80-S"},{"r":"189","t":"21:27:08","h":"Ouest","s":"25N-H54NV10S-82-S"},{"r":"189","t":"21:27:08","h":"Ouest","s":"25N-H54NV20S-80-S"},{"r":"189","t":"21:27:08","h":"Ouest","s":"25S-H54S000S-82-S"},{"r":"189","t":"21:29:08","h":"Ouest","s":"25N-H54N000I-80-I"},{"r":"189","t":"21:29:08","h":"Ouest","s":"25N-H54N100F-80-F1"},{"r":"189","t":"21:29:08","h":"Ouest","s":"25N-H54N200F-80-F2"},{"r":"189","t":"21:29:08","h":"Ouest","s":"25N-H54N300F-80-F3"},{"r":"189","t":"21:29:08","h":"Ouest","s":"25N-H54N400F-80-F4"},{"r":"189","t":"21:29:08","h":"Ouest","s":"25N-H54NV10I-80-I"},{"r":"189","t":"21:29:08","h":"Ouest","s":"25N-H54NV20I-80-I"},{"r":"189","t":"21:29:08","h":"Ouest","s":"25S-H54S000I-82-I"},{"r":"189","t":"21:29:08","h":"Ouest","s":"25S-H54S100F-80-F1"},{"r":"189","t":"21:29:08","h":"Ouest","s":"25S-H54S200F-80-F2"},{"r":"189","t":"21:54:08","h":"Ouest","s":"25N-H54N000A-80-A"},{"r":"189","t":"21:54:08","h":"Ouest","s":"25N-H54NV10A-80-A"},{"r":"189","t":"21:54:08","h":"Ouest","s":"25N-H54NV20A-80-A"},{"r":"189","t":"21:54:08","h":"Ouest","s":"25S-H54S000A-83-A"},{"r":"189","t":"21:57:08","h":"Ouest","s":"25N-H54N000S-80-S"},{"r":"189","t":"21:57:08","h":"Ouest","s":"25N-H54NV10S-82-S"},{"r":"189","t":"21:57:08","h":"Ouest","s":"25N-H54NV20S-80-S"},{"r":"189","t":"21:57:08","h":"Ouest","s":"25S-H54S000S-82-S"},{"r":"189","t":"21:59:08","h":"Ouest","s":"25N-H54N000I-80-I"},{"r":"189","t":"21:59:08","h":"Ouest","s":"25N-H54N100F-80-F1"},{"r":"189","t":"21:59:08","h":"Ouest","s":"25N-H54N200F-80-F2"},{"r":"189","t":"21:59:08","h":"Ouest","s":"25N-H54N300F-80-F3"},{"r":"189","t":"21:59:08","h":"Ouest","s":"25N-H54N400F-80-F4"},{"r":"189","t":"21:59:08","h":"Ouest","s":"25N-H54NV10I-80-I"},{"r":"189","t":"21:59:08","h":"Ouest","s":"25N-H54NV20I-80-I"},{"r":"189","t":"21:59:08","h":"Ouest","s":"25S-H54S000I-82-I"},{"r":"189","t":"21:59:08","h":"Ouest","s":"25S-H54S100F-80-F1"},{"r":"189","t":"21:59:08","h":"Ouest","s":"25S-H54S200F-80-F2"},{"r":"189","t":"22:23:08","h":"Ouest","s":"25N-H54N000A-80-A"},{"r":"189","t":"22:23:08","h":"Ouest","s":"25N-H54NV10A-80-A"},{"r":"189","t":"22:23:08","h":"Ouest","s":"25N-H54NV20A-80-A"},{"r":"189","t":"22:23:08","h":"Ouest","s":"25S-H54S000A-83-A"},{"r":"189","t":"22:27:08","h":"Ouest","s":"25N-H54N000S-80-S"},{"r":"189","t":"22:27:08","h":"Ouest","s":"25N-H54NV10S-82-S"},{"r":"189","t":"22:27:08","h":"Ouest","s":"25N-H54NV20S-80-S"},{"r":"189","t":"22:27:08","h":"Ouest","s":"25S-H54S000S-82-S"},{"r":"189","t":"22:29:08","h":"Ouest","s":"25N-H54N000I-80-I"},{"r":"189","t":"22:29:08","h":"Ouest","s":"25N-H54N100F-80-F1"},{"r":"189","t":"22:29:08","h":"Ouest","s":"25N-H54N200F-80-F2"},{"r":"189","t":"22:29:08","h":"Ouest","s":"25N-H54N300F-80-F3"},{"r":"189","t":"22:29:08","h":"Ouest","s":"25N-H54N400F-80-F4"},{"r":"189","t":"22:29:08","h":"Ouest","s":"25N-H54NV10I-80-I"},{"r":"189","t":"22:29:08","h":"Ouest","s":"25N-H54NV20I-80-I"},{"r":"189","t":"22:29:08","h":"Ouest","s":"25S-H54S000I-82-I"},{"r":"189","t":"22:29:08","h":"Ouest","s":"25S-H54S100F-80-F1"},{"r":"189","t":"22:29:08","h":"Ouest","s":"25S-H54S200F-80-F2"},{"r":"189","t":"22:53:08","h":"Ouest","s":"25N-H54N000A-80-A"},{"r":"189","t":"22:53:08","h":"Ouest","s":"25N-H54NV10A-80-A"},{"r":"189","t":"22:53:08","h":"Ouest","s":"25N-H54NV20A-80-A"},{"r":"189","t":"22:53:08","h":"Ouest","s":"25S-H54S000A-83-A"},{"r":"189","t":"22:57:08","h":"Ouest","s":"25N-H54N000S-80-S"},{"r":"189","t":"22:57:08","h":"Ouest","s":"25N-H54NV10S-82-S"},{"r":"189","t":"22:57:08","h":"Ouest","s":"25N-H54NV20S-80-S"},{"r":"189","t":"22:57:08","h":"Ouest","s":"25S-H54S000S-82-S"},{"r":"189","t":"22:59:08","h":"Ouest","s":"25N-H54N000I-80-I"},{"r":"189","t":"22:59:08","h":"Ouest","s":"25N-H54N100F-80-F1"},{"r":"189","t":"22:59:08","h":"Ouest","s":"25N-H54N200F-80-F2"},{"r":"189","t":"22:59:08","h":"Ouest","s":"25N-H54N300F-80-F3"},{"r":"189","t":"22:59:08","h":"Ouest","s":"25N-H54N400F-80-F4"},{"r":"189","t":"22:59:08","h":"Ouest","s":"25N-H54NV10I-80-I"},{"r":"189","t":"22:59:08","h":"Ouest","s":"25N-H54NV20I-80-I"},{"r":"189","t":"22:59:08","h":"Ouest","s":"25S-H54S000I-82-I"},{"r":"189","t":"22:59:08","h":"Ouest","s":"25S-H54S100F-80-F1"},{"r":"189","t":"22:59:08","h":"Ouest","s":"25S-H54S200F-80-F2"},{"r":"189","t":"23:23:08","h":"Ouest","s":"25N-H54N000A-80-A"},{"r":"189","t":"23:23:08","h":"Ouest","s":"25N-H54NV10A-80-A"},{"r":"189","t":"23:23:08","h":"Ouest","s":"25N-H54NV20A-80-A"},{"r":"189","t":"23:23:08","h":"Ouest","s":"25S-H54S000A-83-A"},{"r":"189","t":"23:28:08","h":"Ouest","s":"25N-H54N000S-80-S"},{"r":"189","t":"23:28:08","h":"Ouest","s":"25N-H54NV10S-82-S"},{"r":"189","t":"23:28:08","h":"Ouest","s":"25N-H54NV20S-80-S"},{"r":"189","t":"23:28:08","h":"Ouest","s":"25S-H54S000S-82-S"},{"r":"189","t":"23:29:08","h":"Ouest","s":"25N-H54N000I-80-I"},{"r":"189","t":"23:29:08","h":"Ouest","s":"25N-H54N100F-80-F1"},{"r":"189","t":"23:29:08","h":"Ouest","s":"25N-H54N200F-80-F2"},{"r":"189","t":"23:29:08","h":"Ouest","s":"25N-H54N300F-80-F3"},{"r":"189","t":"23:29:08","h":"Ouest","s":"25N-H54N400F-80-F4"},{"r":"189","t":"23:29:08","h":"Ouest","s":"25N-H54NV10I-80-I"},{"r":"189","t":"23:29:08","h":"Ouest","s":"25N-H54NV20I-80-I"},{"r":"189","t":"23:29:08","h":"Ouest","s":"25S-H54S000I-82-I"},{"r":"189","t":"23:29:08","h":"Ouest","s":"25S-H54S100F-80-F1"},{"r":"189","t":"23:29:08","h":"Ouest","s":"25S-H54S200F-80-F2"},{"r":"189","t":"23:53:08","h":"Ouest","s":"25N-H54N000A-80-A"},{"r":"189","t":"23:53:08","h":"Ouest","s":"25N-H54NV10A-80-A"},{"r":"189","t":"23:53:08","h":"Ouest","s":"25N-H54NV20A-80-A"},{"r":"189","t":"23:53:08","h":"Ouest","s":"25S-H54S000A-83-A"},{"r":"189","t":"23:58:15","h":"Ouest","s":"25N-H54N000I-80-I"},{"r":"189","t":"23:58:15","h":"Ouest","s":"25N-H54N100F-80-F1"},{"r":"189","t":"23:58:15","h":"Ouest","s":"25N-H54N200F-80-F2"},{"r":"189","t":"23:58:15","h":"Ouest","s":"25N-H54N300F-80-F3"},{"r":"189","t":"23:58:15","h":"Ouest","s":"25N-H54N400F-80-F4"},{"r":"189","t":"23:58:15","h":"Ouest","s":"25N-H54NV10I-80-I"},{"r":"189","t":"23:58:15","h":"Ouest","s":"25N-H54NV20I-80-I"},{"r":"189","t":"23:58:15","h":"Ouest","s":"25S-H54S000I-82-I"},{"r":"189","t":"23:58:15","h":"Ouest","s":"25S-H54S100F-80-F1"},{"r":"189","t":"23:58:15","h":"Ouest","s":"25S-H54S200F-80-F2"},{"r":"189","t":"23:59:08","h":"Ouest","s":"25N-H54N000S-80-S"},{"r":"189","t":"23:59:08","h":"Ouest","s":"25N-H54NV10S-82-S"},{"r":"189","t":"23:59:08","h":"Ouest","s":"25N-H54NV20S-80-S"},{"r":"189","t":"23:59:08","h":"Ouest","s":"25S-H54S000S-82-S"},{"r":"189","t":"24:21:23","h":"Ouest","s":"25N-H54N000A-80-A"},{"r":"189","t":"24:21:23","h":"Ouest","s":"25N-H54NV10A-80-A"},{"r":"189","t":"24:21:23","h":"Ouest","s":"25N-H54NV20A-80-A"},{"r":"189","t":"24:21:23","h":"Ouest","s":"25S-H54S000A-83-A"},{"r":"189","t":"24:28:15","h":"Ouest","s":"25N-H54N000I-80-I"},{"r":"189","t":"24:28:15","h":"Ouest","s":"25N-H54N100F-80-F1"},{"r":"189","t":"24:28:15","h":"Ouest","s":"25N-H54N200F-80-F2"},{"r":"189","t":"24:28:15","h":"Ouest","s":"25N-H54N300F-80-F3"},{"r":"189","t":"24:28:15","h":"Ouest","s":"25N-H54N400F-80-F4"},{"r":"189","t":"24:28:15","h":"Ouest","s":"25N-H54NV10I-80-I"},{"r":"189","t":"24:28:15","h":"Ouest","s":"25N-H54NV20I-80-I"},{"r":"189","t":"24:28:15","h":"Ouest","s":"25S-H54S000I-82-I"},{"r":"189","t":"24:28:15","h":"Ouest","s":"25S-H54S100F-80-F1"},{"r":"189","t":"24:28:15","h":"Ouest","s":"25S-H54S200F-80-F2"},{"r":"189","t":"24:29:08","h":"Ouest","s":"25N-H54N000S-80-S"},{"r":"189","t":"24:29:08","h":"Ouest","s":"25N-H54NV10S-82-S"},{"r":"189","t":"24:29:08","h":"Ouest","s":"25N-H54NV20S-80-S"},{"r":"189","t":"24:29:08","h":"Ouest","s":"25S-H54S000S-82-S"},{"r":"189","t":"24:51:23","h":"Ouest","s":"25N-H54N000A-80-A"},{"r":"189","t":"24:51:23","h":"Ouest","s":"25N-H54NV10A-80-A"},{"r":"189","t":"24:51:23","h":"Ouest","s":"25N-H54NV20A-80-A"},{"r":"189","t":"24:51:23","h":"Ouest","s":"25S-H54S000A-83-A"},{"r":"189","t":"24:53:08","h":"Ouest","s":"25N-H54N000S-80-S"},{"r":"189","t":"24:53:08","h":"Ouest","s":"25N-H54NV10S-82-S"},{"r":"189","t":"24:53:08","h":"Ouest","s":"25N-H54NV20S-80-S"},{"r":"189","t":"24:53:08","h":"Ouest","s":"25S-H54S000S-82-S"},{"r":"189","t":"24:53:15","h":"Ouest","s":"25N-H54N000I-80-I"},{"r":"189","t":"24:53:15","h":"Ouest","s":"25N-H54N100F-80-F1"},{"r":"189","t":"24:53:15","h":"Ouest","s":"25N-H54N200F-80-F2"},{"r":"189","t":"24:53:15","h":"Ouest","s":"25N-H54N300F-80-F3"},{"r":"189","t":"24:53:15","h":"Ouest","s":"25N-H54N400F-80-F4"},{"r":"189","t":"24:53:15","h":"Ouest","s":"25N-H54NV10I-80-I"},{"r":"189","t":"24:53:15","h":"Ouest","s":"25N-H54NV20I-80-I"},{"r":"189","t":"24:53:15","h":"Ouest","s":"25S-H54S000I-82-I"},{"r":"189","t":"24:53:15","h":"Ouest","s":"25S-H54S100F-80-F1"},{"r":"189","t":"24:53:15","h":"Ouest","s":"25S-H54S200F-80-F2"},{"r":"189","t":"25:19:23","h":"Ouest","s":"25N-H54N000A-80-A"},{"r":"189","t":"25:19:23","h":"Ouest","s":"25N-H54NV10A-80-A"},{"r":"189","t":"25:19:23","h":"Ouest","s":"25N-H54NV20A-80-A"},{"r":"189","t":"25:19:23","h":"Ouest","s":"25S-H54S000A-83-A"}]