[{"r":"185","t":"05:35:06","h":"Ouest","s":"25N-H59N000A-80-A"},{"r":"185","t":"05:35:06","h":"Ouest","s":"25N-H59N000I-80-I"},{"r":"185","t":"05:35:06","h":"Ouest","s":"25N-H59N100F-80-F1"},{"r":"185","t":"05:35:06","h":"Ouest","s":"25N-H59N200F-81-F2"},{"r":"185","t":"05:35:06","h":"Ouest","s":"25N-H59N300F-80-F3"},{"r":"185","t":"05:35:06","h":"Ouest","s":"25N-H59N400F-80-F4"},{"r":"185","t":"05:35:06","h":"Ouest","s":"25N-H59NV10A-80-A"},{"r":"185","t":"05:35:06","h":"Ouest","s":"25N-H59NV10I-80-I"},{"r":"185","t":"05:35:06","h":"Ouest","s":"25N-H59NV20I-80-I"},{"r":"185","t":"05:35:06","h":"Ouest","s":"25N-H59VN20A-80-A"},{"r":"185","t":"05:35:06","h":"Ouest","s":"25S-H59S000A-81-A"},{"r":"185","t":"05:35:06","h":"Ouest","s":"25S-H59S000I-81-I"},{"r":"185","t":"05:35:06","h":"Ouest","s":"25S-H59S100F-81-F1"},{"r":"185","t":"05:35:06","h":"Ouest","s":"25S-H59S200F-81-F2"},{"r":"185","t":"05:35:38","h":"Ouest","s":"25N-H59N000S-80-S"},{"r":"185","t":"05:35:38","h":"Ouest","s":"25N-H59NV10S-84-S"},{"r":"185","t":"05:35:38","h":"Ouest","s":"25N-H59NV20S-80-S"},{"r":"185","t":"05:35:38","h":"Ouest","s":"25S-H59S000S-81-S"},{"r":"185","t":"06:04:38","h":"Ouest","s":"25N-H59N000S-80-S"},{"r":"185","t":"06:04:38","h":"Ouest","s":"25N-H59NV10S-84-S"},{"r":"185","t":"06:04:38","h":"Ouest","s":"25N-H59NV20S-80-S"},{"r":"185","t":"06:04:38","h":"Ouest","s":"25S-H59S000S-81-S"},{"r":"185","t":"06:06:06","h":"Ouest","s":"25N-H59N000I-80-I"},{"r":"185","t":"06:06:06","h":"Ouest","s":"25N-H59N100F-80-F1"},{"r":"185","t":"06:06:06","h":"Ouest","s":"25N-H59N200F-81-F2"},{"r":"185","t":"06:06:06","h":"Ouest","s":"25N-H59N300F-80-F3"},{"r":"185","t":"06:06:06","h":"Ouest","s":"25N-H59N400F-80-F4"},{"r":"185","t":"06:06:06","h":"Ouest","s":"25N-H59NV10I-80-I"},{"r":"185","t":"06:06:06","h":"Ouest","s":"25N-H59NV20I-80-I"},{"r":"185","t":"06:06:06","h":"Ouest","s":"25S-H59S000I-81-I"},{"r":"185","t":"06:06:06","h":"Ouest","s":"25S-H59S100F-81-F1"},{"r":"185","t":"06:06:06","h":"Ouest","s":"25S-H59S200F-81-F2"},{"r":"185","t":"06:08:06","h":"Ouest","s":"25N-H59N000A-80-A"},{"r":"185","t":"06:08:06","h":"Ouest","s":"25N-H59NV10A-80-A"},{"r":"185","t":"06:08:06","h":"Ouest","s":"25N-H59VN20A-80-A"},{"r":"185","t":"06:08:06","h":"Ouest","s":"25S-H59S000A-81-A"},{"r":"185","t":"06:34:38","h":"Ouest","s":"25N-H59N000S-80-S"},{"r":"185","t":"06:34:38","h":"Ouest","s":"25N-H59NV10S-84-S"},{"r":"185","t":"06:34:38","h":"Ouest","s":"25N-H59NV20S-80-S"},{"r":"185","t":"06:34:38","h":"Ouest","s":"25S-H59S000S-81-S"},{"r":"185","t":"06:35:06","h":"Ouest","s":"25N-H59N000I-80-I"},{"r":"185","t":"06:35:06","h":"Ouest","s":"25N-H59N100F-80-F1"},{"r":"185","t":"06:35:06","h":"Ouest","s":"25N-H59N200F-81-F2"},{"r":"185","t":"06:35:06","h":"Ouest","s":"25N-H59N300F-80-F3"},{"r":"185","t":"06:35:06","h":"Ouest","s":"25N-H59N400F-80-F4"},{"r":"185","t":"06:35:06","h":"Ouest","s":"25N-H59NV10I-80-I"},{"r":"185","t":"06:35:06","h":"Ouest","s":"25N-H59NV20I-80-I"},{"r":"185","t":"06:35:06","h":"Ouest","s":"25S-H59S000I-81-I"},{"r":"185","t":"06:35:06","h":"Ouest","s":"25S-H59S100F-81-F1"},{"r":"185","t":"06:35:06","h":"Ouest","s":"25S-H59S200F-81-F2"},{"r":"185","t":"06:41:06","h":"Ouest","s":"25N-H59N000A-80-A"},{"r":"185","t":"06:41:06","h":"Ouest","s":"25N-H59NV10A-80-A"},{"r":"185","t":"06:41:06","h":"Ouest","s":"25N-H59VN20A-80-A"},{"r":"185","t":"06:41:06","h":"Ouest","s":"25S-H59S000A-81-A"},{"r":"185","t":"07:05:38","h":"Ouest","s":"25N-H59N000I-80-I"},{"r":"185","t":"07:05:38","h":"Ouest","s":"25N-H59N000S-80-S"},{"r":"185","t":"07:05:38","h":"Ouest","s":"25N-H59N100F-80-F1"},{"r":"185","t":"07:05:38","h":"Ouest","s":"25N-H59N200F-81-F2"},{"r":"185","t":"07:05:38","h":"Ouest","s":"25N-H59N300F-80-F3"},{"r":"185","t":"07:05:38","h":"Ouest","s":"25N-H59N400F-80-F4"},{"r":"185","t":"07:05:38","h":"Ouest","s":"25N-H59NV10I-80-I"},{"r":"185","t":"07:05:38","h":"Ouest","s":"25N-H59NV10S-84-S"},{"r":"185","t":"07:05:38","h":"Ouest","s":"25N-H59NV20I-80-I"},{"r":"185","t":"07:05:38","h":"Ouest","s":"25N-H59NV20S-80-S"},{"r":"185","t":"07:05:38","h":"Ouest","s":"25S-H59S000I-81-I"},{"r":"185","t":"07:05:38","h":"Ouest","s":"25S-H59S000S-81-S"},{"r":"185","t":"07:05:38","h":"Ouest","s":"25S-H59S100F-81-F1"},{"r":"185","t":"07:05:38","h":"Ouest","s":"25S-H59S200F-81-F2"},{"r":"185","t":"07:18:38","h":"Ouest","s":"25N-H59N000A-80-A"},{"r":"185","t":"07:18:38","h":"Ouest","s":"25N-H59NV10A-80-A"},{"r":"185","t":"07:18:38","h":"Ouest","s":"25N-H59VN20A-80-A"},{"r":"185","t":"07:18:38","h":"Ouest","s":"25S-H59S000A-81-A"},{"r":"185","t":"07:22:38","h":"Ouest","s":"25N-H59N000S-80-S"},{"r":"185","t":"07:22:38","h":"Ouest","s":"25N-H59NV10S-84-S"},{"r":"185","t":"07:22:38","h":"Ouest","s":"25N-H59NV20S-80-S"},{"r":"185","t":"07:22:38","h":"Ouest","s":"25S-H59S000S-81-S"},{"r":"185","t":"07:35:38","h":"Ouest","s":"25N-H59N000I-80-I"},{"r":"185","t":"07:35:38","h":"Ouest","s":"25N-H59N100F-80-F1"},{"r":"185","t":"07:35:38","h":"Ouest","s":"25N-H59N200F-81-F2"},{"r":"185","t":"07:35:38","h":"Ouest","s":"25N-H59N300F-80-F3"},{"r":"185","t":"07:35:38","h":"Ouest","s":"25N-H59N400F-80-F4"},{"r":"185","t":"07:35:38","h":"Ouest","s":"25N-H59NV10I-80-I"},{"r":"185","t":"07:35:38","h":"Ouest","s":"25N-H59NV20I-80-I"},{"r":"185","t":"07:35:38","h":"Ouest","s":"25S-H59S000I-81-I"},{"r":"185","t":"07:35:38","h":"Ouest","s":"25S-H59S100F-81-F1"},{"r":"185","t":"07:35:38","h":"Ouest","s":"25S-H59S200F-81-F2"},{"r":"185","t":"07:45:44","h":"Ouest","s":"25N-H59N000S-80-S"},{"r":"185","t":"07:45:44","h":"Ouest","s":"25N-H59NV10S-84-S"},{"r":"185","t":"07:45:44","h":"Ouest","s":"25N-H59NV20S-80-S"},{"r":"185","t":"07:45:44","h":"Ouest","s":"25S-H59S000S-81-S"},{"r":"185","t":"07:50:38","h":"Ouest","s":"25N-H59N000A-80-A"},{"r":"185","t":"07:50:38","h":"Ouest","s":"25N-H59NV10A-80-A"},{"r":"185","t":"07:50:38","h":"Ouest","s":"25N-H59VN20A-80-A"},{"r":"185","t":"07:50:38","h":"Ouest","s":"25S-H59S000A-81-A"},{"r":"185","t":"08:04:38","h":"Ouest","s":"25N-H59N000I-80-I"},{"r":"185","t":"08:04:38","h":"Ouest","s":"25N-H59N100F-80-F1"},{"r":"185","t":"08:04:38","h":"Ouest","s":"25N-H59N200F-81-F2"},{"r":"185","t":"08:04:38","h":"Ouest","s":"25N-H59N300F-80-F3"},{"r":"185","t":"08:04:38","h":"Ouest","s":"25N-H59N400F-80-F4"},{"r":"185","t":"08:04:38","h":"Ouest","s":"25N-H59NV10I-80-I"},{"r":"185","t":"08:04:38","h":"Ouest","s":"25N-H59NV20I-80-I"},{"r":"185","t":"08:04:38","h":"Ouest","s":"25S-H59S000I-81-I"},{"r":"185","t":"08:04:38","h":"Ouest","s":"25S-H59S100F-81-F1"},{"r":"185","t":"08:04:38","h":"Ouest","s":"25S-H59S200F-81-F2"},{"r":"185","t":"08:06:44","h":"Ouest","s":"25N-H59N000S-80-S"},{"r":"185","t":"08:06:44","h":"Ouest","s":"25N-H59NV10S-84-S"},{"r":"185","t":"08:06:44","h":"Ouest","s":"25N-H59NV20S-80-S"},{"r":"185","t":"08:06:44","h":"Ouest","s":"25S-H59S000S-81-S"},{"r":"185","t":"08:21:38","h":"Ouest","s":"25N-H59N000A-80-A"},{"r":"185","t":"08:21:38","h":"Ouest","s":"25N-H59NV10A-80-A"},{"r":"185","t":"08:21:38","h":"Ouest","s":"25N-H59VN20A-80-A"},{"r":"185","t":"08:21:38","h":"Ouest","s":"25S-H59S000A-81-A"},{"r":"185","t":"08:25:11","h":"Ouest","s":"25N-H59N000S-80-S"},{"r":"185","t":"08:25:11","h":"Ouest","s":"25N-H59NV10S-84-S"},{"r":"185","t":"08:25:11","h":"Ouest","s":"25N-H59NV20S-80-S"},{"r":"185","t":"08:25:11","h":"Ouest","s":"25S-H59S000S-81-S"},{"r":"185","t":"08:36:38","h":"Ouest","s":"25N-H59N000I-80-I"},{"r":"185","t":"08:36:38","h":"Ouest","s":"25N-H59N100F-80-F1"},{"r":"185","t":"08:36:38","h":"Ouest","s":"25N-H59N200F-81-F2"},{"r":"185","t":"08:36:38","h":"Ouest","s":"25N-H59N300F-80-F3"},{"r":"185","t":"08:36:38","h":"Ouest","s":"25N-H59N400F-80-F4"},{"r":"185","t":"08:36:38","h":"Ouest","s":"25N-H59NV10I-80-I"},{"r":"185","t":"08:36:38","h":"Ouest","s":"25N-H59NV20I-80-I"},{"r":"185","t":"08:36:38","h":"Ouest","s":"25S-H59S000I-81-I"},{"r":"185","t":"08:36:38","h":"Ouest","s":"25S-H59S100F-81-F1"},{"r":"185","t":"08:36:38","h":"Ouest","s":"25S-H59S200F-81-F2"},{"r":"185","t":"08:39:11","h":"Ouest","s":"25N-H59N000S-80-S"},{"r":"185","t":"08:39:11","h":"Ouest","s":"25N-H59NV10S-84-S"},{"r":"185","t":"08:39:11","h":"Ouest","s":"25N-H59NV20S-80-S"},{"r":"185","t":"08:39:11","h":"Ouest","s":"25S-H59S000S-81-S"},{"r":"185","t":"08:52:11","h":"Ouest","s":"25N-H59N000S-80-S"},{"r":"185","t":"08:52:11","h":"Ouest","s":"25N-H59NV10S-84-S"},{"r":"185","t":"08:52:11","h":"Ouest","s":"25N-H59NV20S-80-S"},{"r":"185","t":"08:52:11","h":"Ouest","s":"25S-H59S000S-81-S"},{"r":"185","t":"08:52:38","h":"Ouest","s":"25N-H59N000A-80-A"},{"r":"185","t":"08:52:38","h":"Ouest","s":"25N-H59NV10A-80-A"},{"r":"185","t":"08:52:38","h":"Ouest","s":"25N-H59VN20A-80-A"},{"r":"185","t":"08:52:38","h":"Ouest","s":"25S-H59S000A-81-A"},{"r":"185","t":"09:08:38","h":"Ouest","s":"25N-H59N000I-80-I"},{"r":"185","t":"09:08:38","h":"Ouest","s":"25N-H59N100F-80-F1"},{"r":"185","t":"09:08:38","h":"Ouest","s":"25N-H59N200F-81-F2"},{"r":"185","t":"09:08:38","h":"Ouest","s":"25N-H59N300F-80-F3"},{"r":"185","t":"09:08:38","h":"Ouest","s":"25N-H59N400F-80-F4"},{"r":"185","t":"09:08:38","h":"Ouest","s":"25N-H59NV10I-80-I"},{"r":"185","t":"09:08:38","h":"Ouest","s":"25N-H59NV20I-80-I"},{"r":"185","t":"09:08:38","h":"Ouest","s":"25S-H59S000I-81-I"},{"r":"185","t":"09:08:38","h":"Ouest","s":"25S-H59S100F-81-F1"},{"r":"185","t":"09:08:38","h":"Ouest","s":"25S-H59S200F-81-F2"},{"r":"185","t":"09:12:11","h":"Ouest","s":"25N-H59N000S-80-S"},{"r":"185","t":"09:12:11","h":"Ouest","s":"25N-H59NV10S-84-S"},{"r":"185","t":"09:12:11","h":"Ouest","s":"25N-H59NV20S-80-S"},{"r":"185","t":"09:12:11","h":"Ouest","s":"25S-H59S000S-81-S"},{"r":"185","t":"09:26:11","h":"Ouest","s":"25N-H59N000A-80-A"},{"r":"185","t":"09:26:11","h":"Ouest","s":"25N-H59NV10A-80-A"},{"r":"185","t":"09:26:11","h":"Ouest","s":"25N-H59VN20A-80-A"},{"r":"185","t":"09:26:11","h":"Ouest","s":"25S-H59S000A-81-A"},{"r":"185","t":"09:39:38","h":"Ouest","s":"25N-H59N000I-80-I"},{"r":"185","t":"09:39:38","h":"Ouest","s":"25N-H59N100F-80-F1"},{"r":"185","t":"09:39:38","h":"Ouest","s":"25N-H59N200F-81-F2"},{"r":"185","t":"09:39:38","h":"Ouest","s":"25N-H59N300F-80-F3"},{"r":"185","t":"09:39:38","h":"Ouest","s":"25N-H59N400F-80-F4"},{"r":"185","t":"09:39:38","h":"Ouest","s":"25N-H59NV10I-80-I"},{"r":"185","t":"09:39:38","h":"Ouest","s":"25N-H59NV20I-80-I"},{"r":"185","t":"09:39:38","h":"Ouest","s":"25S-H59S000I-81-I"},{"r":"185","t":"09:39:38","h":"Ouest","s":"25S-H59S100F-81-F1"},{"r":"185","t":"09:39:38","h":"Ouest","s":"25S-H59S200F-81-F2"},{"r":"185","t":"09:40:11","h":"Ouest","s":"25N-H59N000S-80-S"},{"r":"185","t":"09:40:11","h":"Ouest","s":"25N-H59NV10S-84-S"},{"r":"185","t":"09:40:11","h":"Ouest","s":"25N-H59NV20S-80-S"},{"r":"185","t":"09:40:11","h":"Ouest","s":"25S-H59S000S-81-S"},{"r":"185","t":"09:57:11","h":"Ouest","s":"25N-H59N000A-80-A"},{"r":"185","t":"09:57:11","h":"Ouest","s":"25N-H59NV10A-80-A"},{"r":"185","t":"09:57:11","h":"Ouest","s":"25N-H59VN20A-80-A"},{"r":"185","t":"09:57:11","h":"Ouest","s":"25S-H59S000A-81-A"},{"r":"185","t":"10:10:11","h":"Ouest","s":"25N-H59N000S-80-S"},{"r":"185","t":"10:10:11","h":"Ouest","s":"25N-H59NV10S-84-S"},{"r":"185","t":"10:10:11","h":"Ouest","s":"25N-H59NV20S-80-S"},{"r":"185","t":"10:10:11","h":"Ouest","s":"25S-H59S000S-81-S"},{"r":"185","t":"10:12:11","h":"Ouest","s":"25N-H59N000I-80-I"},{"r":"185","t":"10:12:11","h":"Ouest","s":"25N-H59N100F-80-F1"},{"r":"185","t":"10:12:11","h":"Ouest","s":"25N-H59N200F-81-F2"},{"r":"185","t":"10:12:11","h":"Ouest","s":"25N-H59N300F-80-F3"},{"r":"185","t":"10:12:11","h":"Ouest","s":"25N-H59N400F-80-F4"},{"r":"185","t":"10:12:11","h":"Ouest","s":"25N-H59NV10I-80-I"},{"r":"185","t":"10:12:11","h":"Ouest","s":"25N-H59NV20I-80-I"},{"r":"185","t":"10:12:11","h":"Ouest","s":"25S-H59S000I-81-I"},{"r":"185","t":"10:12:11","h":"Ouest","s":"25S-H59S100F-81-F1"},{"r":"185","t":"10:12:11","h":"Ouest","s":"25S-H59S200F-81-F2"},{"r":"185","t":"10:29:11","h":"Ouest","s":"25N-H59N000A-80-A"},{"r":"185","t":"10:29:11","h":"Ouest","s":"25N-H59NV10A-80-A"},{"r":"185","t":"10:29:11","h":"Ouest","s":"25N-H59VN20A-80-A"},{"r":"185","t":"10:29:11","h":"Ouest","s":"25S-H59S000A-81-A"},{"r":"185","t":"10:40:11","h":"Ouest","s":"25N-H59N000S-80-S"},{"r":"185","t":"10:40:11","h":"Ouest","s":"25N-H59NV10S-84-S"},{"r":"185","t":"10:40:11","h":"Ouest","s":"25N-H59NV20S-80-S"},{"r":"185","t":"10:40:11","h":"Ouest","s":"25S-H59S000S-81-S"},{"r":"185","t":"10:46:11","h":"Ouest","s":"25N-H59N000I-80-I"},{"r":"185","t":"10:46:11","h":"Ouest","s":"25N-H59N100F-80-F1"},{"r":"185","t":"10:46:11","h":"Ouest","s":"25N-H59N200F-81-F2"},{"r":"185","t":"10:46:11","h":"Ouest","s":"25N-H59N300F-80-F3"},{"r":"185","t":"10:46:11","h":"Ouest","s":"25N-H59N400F-80-F4"},{"r":"185","t":"10:46:11","h":"Ouest","s":"25N-H59NV10I-80-I"},{"r":"185","t":"10:46:11","h":"Ouest","s":"25N-H59NV20I-80-I"},{"r":"185","t":"10:46:11","h":"Ouest","s":"25S-H59S000I-81-I"},{"r":"185","t":"10:46:11","h":"Ouest","s":"25S-H59S100F-81-F1"},{"r":"185","t":"10:46:11","h":"Ouest","s":"25S-H59S200F-81-F2"},{"r":"185","t":"11:00:11","h":"Ouest","s":"25N-H59N000A-80-A"},{"r":"185","t":"11:00:11","h":"Ouest","s":"25N-H59NV10A-80-A"},{"r":"185","t":"11:00:11","h":"Ouest","s":"25N-H59VN20A-80-A"},{"r":"185","t":"11:00:11","h":"Ouest","s":"25S-H59S000A-81-A"},{"r":"185","t":"11:09:11","h":"Ouest","s":"25N-H59N000S-80-S"},{"r":"185","t":"11:09:11","h":"Ouest","s":"25N-H59NV10S-84-S"},{"r":"185","t":"11:09:11","h":"Ouest","s":"25N-H59NV20S-80-S"},{"r":"185","t":"11:09:11","h":"Ouest","s":"25S-H59S000S-81-S"},{"r":"185","t":"11:19:11","h":"Ouest","s":"25N-H59N000I-80-I"},{"r":"185","t":"11:19:11","h":"Ouest","s":"25N-H59N100F-80-F1"},{"r":"185","t":"11:19:11","h":"Ouest","s":"25N-H59N200F-81-F2"},{"r":"185","t":"11:19:11","h":"Ouest","s":"25N-H59N300F-80-F3"},{"r":"185","t":"11:19:11","h":"Ouest","s":"25N-H59N400F-80-F4"},{"r":"185","t":"11:19:11","h":"Ouest","s":"25N-H59NV10I-80-I"},{"r":"185","t":"11:19:11","h":"Ouest","s":"25N-H59NV20I-80-I"},{"r":"185","t":"11:19:11","h":"Ouest","s":"25S-H59S000I-81-I"},{"r":"185","t":"11:19:11","h":"Ouest","s":"25S-H59S100F-81-F1"},{"r":"185","t":"11:19:11","h":"Ouest","s":"25S-H59S200F-81-F2"},{"r":"185","t":"11:33:11","h":"Ouest","s":"25N-H59N000A-80-A"},{"r":"185","t":"11:33:11","h":"Ouest","s":"25N-H59NV10A-80-A"},{"r":"185","t":"11:33:11","h":"Ouest","s":"25N-H59VN20A-80-A"},{"r":"185","t":"11:33:11","h":"Ouest","s":"25S-H59S000A-81-A"},{"r":"185","t":"11:38:11","h":"Ouest","s":"25N-H59N000S-80-S"},{"r":"185","t":"11:38:11","h":"Ouest","s":"25N-H59NV10S-84-S"},{"r":"185","t":"11:38:11","h":"Ouest","s":"25N-H59NV20S-80-S"},{"r":"185","t":"11:38:11","h":"Ouest","s":"25S-H59S000S-81-S"},{"r":"185","t":"11:51:11","h":"Ouest","s":"25N-H59N000I-80-I"},{"r":"185","t":"11:51:11","h":"Ouest","s":"25N-H59N100F-80-F1"},{"r":"185","t":"11:51:11","h":"Ouest","s":"25N-H59N200F-81-F2"},{"r":"185","t":"11:51:11","h":"Ouest","s":"25N-H59N300F-80-F3"},{"r":"185","t":"11:51:11","h":"Ouest","s":"25N-H59N400F-80-F4"},{"r":"185","t":"11:51:11","h":"Ouest","s":"25N-H59NV10I-80-I"},{"r":"185","t":"11:51:11","h":"Ouest","s":"25N-H59NV20I-80-I"},{"r":"185","t":"11:51:11","h":"Ouest","s":"25S-H59S000I-81-I"},{"r":"185","t":"11:51:11","h":"Ouest","s":"25S-H59S100F-81-F1"},{"r":"185","t":"11:51:11","h":"Ouest","s":"25S-H59S200F-81-F2"},{"r":"185","t":"12:08:11","h":"Ouest","s":"25N-H59N000S-80-S"},{"r":"185","t":"12:08:11","h":"Ouest","s":"25N-H59NV10S-84-S"},{"r":"185","t":"12:08:11","h":"Ouest","s":"25N-H59NV20S-80-S"},{"r":"185","t":"12:08:11","h":"Ouest","s":"25S-H59S000S-81-S"},{"r":"185","t":"12:09:11","h":"Ouest","s":"25N-H59N000A-80-A"},{"r":"185","t":"12:09:11","h":"Ouest","s":"25N-H59NV10A-80-A"},{"r":"185","t":"12:09:11","h":"Ouest","s":"25N-H59VN20A-80-A"},{"r":"185","t":"12:09:11","h":"Ouest","s":"25S-H59S000A-81-A"},{"r":"185","t":"12:24:11","h":"Ouest","s":"25N-H59N000I-80-I"},{"r":"185","t":"12:24:11","h":"Ouest","s":"25N-H59N100F-80-F1"},{"r":"185","t":"12:24:11","h":"Ouest","s":"25N-H59N200F-81-F2"},{"r":"185","t":"12:24:11","h":"Ouest","s":"25N-H59N300F-80-F3"},{"r":"185","t":"12:24:11","h":"Ouest","s":"25N-H59N400F-80-F4"},{"r":"185","t":"12:24:11","h":"Ouest","s":"25N-H59NV10I-80-I"},{"r":"185","t":"12:24:11","h":"Ouest","s":"25N-H59NV20I-80-I"},{"r":"185","t":"12:24:11","h":"Ouest","s":"25S-H59S000I-81-I"},{"r":"185","t":"12:24:11","h":"Ouest","s":"25S-H59S100F-81-F1"},{"r":"185","t":"12:24:11","h":"Ouest","s":"25S-H59S200F-81-F2"},{"r":"185","t":"12:36:11","h":"Ouest","s":"25N-H59N000S-80-S"},{"r":"185","t":"12:36:11","h":"Ouest","s":"25N-H59NV10S-84-S"},{"r":"185","t":"12:36:11","h":"Ouest","s":"25N-H59NV20S-80-S"},{"r":"185","t":"12:36:11","h":"Ouest","s":"25S-H59S000S-81-S"},{"r":"185","t":"12:40:11","h":"Ouest","s":"25N-H59N000A-80-A"},{"r":"185","t":"12:40:11","h":"Ouest","s":"25N-H59NV10A-80-A"},{"r":"185","t":"12:40:11","h":"Ouest","s":"25N-H59VN20A-80-A"},{"r":"185","t":"12:40:11","h":"Ouest","s":"25S-H59S000A-81-A"},{"r":"185","t":"12:56:11","h":"Ouest","s":"25N-H59N000I-80-I"},{"r":"185","t":"12:56:11","h":"Ouest","s":"25N-H59N100F-80-F1"},{"r":"185","t":"12:56:11","h":"Ouest","s":"25N-H59N200F-81-F2"},{"r":"185","t":"12:56:11","h":"Ouest","s":"25N-H59N300F-80-F3"},{"r":"185","t":"12:56:11","h":"Ouest","s":"25N-H59N400F-80-F4"},{"r":"185","t":"12:56:11","h":"Ouest","s":"25N-H59NV10I-80-I"},{"r":"185","t":"12:56:11","h":"Ouest","s":"25N-H59NV20I-80-I"},{"r":"185","t":"12:56:11","h":"Ouest","s":"25S-H59S000I-81-I"},{"r":"185","t":"12:56:11","h":"Ouest","s":"25S-H59S100F-81-F1"},{"r":"185","t":"12:56:11","h":"Ouest","s":"25S-H59S200F-81-F2"},{"r":"185","t":"13:04:11","h":"Ouest","s":"25N-H59N000S-80-S"},{"r":"185","t":"13:04:11","h":"Ouest","s":"25N-H59NV10S-84-S"},{"r":"185","t":"13:04:11","h":"Ouest","s":"25N-H59NV20S-80-S"},{"r":"185","t":"13:04:11","h":"Ouest","s":"25S-H59S000S-81-S"},{"r":"185","t":"13:09:11","h":"Ouest","s":"25N-H59N000A-80-A"},{"r":"185","t":"13:09:11","h":"Ouest","s":"25N-H59NV10A-80-A"},{"r":"185","t":"13:09:11","h":"Ouest","s":"25N-H59VN20A-80-A"},{"r":"185","t":"13:09:11","h":"Ouest","s":"25S-H59S000A-81-A"},{"r":"185","t":"13:28:11","h":"Ouest","s":"25N-H59N000I-80-I"},{"r":"185","t":"13:28:11","h":"Ouest","s":"25N-H59N100F-80-F1"},{"r":"185","t":"13:28:11","h":"Ouest","s":"25N-H59N200F-81-F2"},{"r":"185","t":"13:28:11","h":"Ouest","s":"25N-H59N300F-80-F3"},{"r":"185","t":"13:28:11","h":"Ouest","s":"25N-H59N400F-80-F4"},{"r":"185","t":"13:28:11","h":"Ouest","s":"25N-H59NV10I-80-I"},{"r":"185","t":"13:28:11","h":"Ouest","s":"25N-H59NV20I-80-I"},{"r":"185","t":"13:28:11","h":"Ouest","s":"25S-H59S000I-81-I"},{"r":"185","t":"13:28:11","h":"Ouest","s":"25S-H59S100F-81-F1"},{"r":"185","t":"13:28:11","h":"Ouest","s":"25S-H59S200F-81-F2"},{"r":"185","t":"13:31:44","h":"Ouest","s":"25N-H59N000S-80-S"},{"r":"185","t":"13:31:44","h":"Ouest","s":"25N-H59NV10S-84-S"},{"r":"185","t":"13:31:44","h":"Ouest","s":"25N-H59NV20S-80-S"},{"r":"185","t":"13:31:44","h":"Ouest","s":"25S-H59S000S-81-S"},{"r":"185","t":"13:38:11","h":"Ouest","s":"25N-H59N000A-80-A"},{"r":"185","t":"13:38:11","h":"Ouest","s":"25N-H59NV10A-80-A"},{"r":"185","t":"13:38:11","h":"Ouest","s":"25N-H59VN20A-80-A"},{"r":"185","t":"13:38:11","h":"Ouest","s":"25S-H59S000A-81-A"},{"r":"185","t":"13:58:11","h":"Ouest","s":"25N-H59N000I-80-I"},{"r":"185","t":"13:58:11","h":"Ouest","s":"25N-H59N100F-80-F1"},{"r":"185","t":"13:58:11","h":"Ouest","s":"25N-H59N200F-81-F2"},{"r":"185","t":"13:58:11","h":"Ouest","s":"25N-H59N300F-80-F3"},{"r":"185","t":"13:58:11","h":"Ouest","s":"25N-H59N400F-80-F4"},{"r":"185","t":"13:58:11","h":"Ouest","s":"25N-H59NV10I-80-I"},{"r":"185","t":"13:58:11","h":"Ouest","s":"25N-H59NV20I-80-I"},{"r":"185","t":"13:58:11","h":"Ouest","s":"25S-H59S000I-81-I"},{"r":"185","t":"13:58:11","h":"Ouest","s":"25S-H59S100F-81-F1"},{"r":"185","t":"13:58:11","h":"Ouest","s":"25S-H59S200F-81-F2"},{"r":"185","t":"13:59:44","h":"Ouest","s":"25N-H59N000S-80-S"},{"r":"185","t":"13:59:44","h":"Ouest","s":"25N-H59NV10S-84-S"},{"r":"185","t":"13:59:44","h":"Ouest","s":"25N-H59NV20S-80-S"},{"r":"185","t":"13:59:44","h":"Ouest","s":"25S-H59S000S-81-S"},{"r":"185","t":"14:07:11","h":"Ouest","s":"25N-H59N000A-80-A"},{"r":"185","t":"14:07:11","h":"Ouest","s":"25N-H59NV10A-80-A"},{"r":"185","t":"14:07:11","h":"Ouest","s":"25N-H59VN20A-80-A"},{"r":"185","t":"14:07:11","h":"Ouest","s":"25S-H59S000A-81-A"},{"r":"185","t":"14:26:44","h":"Ouest","s":"25N-H59N000S-80-S"},{"r":"185","t":"14:26:44","h":"Ouest","s":"25N-H59NV10S-84-S"},{"r":"185","t":"14:26:44","h":"Ouest","s":"25N-H59NV20S-80-S"},{"r":"185","t":"14:26:44","h":"Ouest","s":"25S-H59S000S-81-S"},{"r":"185","t":"14:28:11","h":"Ouest","s":"25N-H59N000I-80-I"},{"r":"185","t":"14:28:11","h":"Ouest","s":"25N-H59N100F-80-F1"},{"r":"185","t":"14:28:11","h":"Ouest","s":"25N-H59N200F-81-F2"},{"r":"185","t":"14:28:11","h":"Ouest","s":"25N-H59N300F-80-F3"},{"r":"185","t":"14:28:11","h":"Ouest","s":"25N-H59N400F-80-F4"},{"r":"185","t":"14:28:11","h":"Ouest","s":"25N-H59NV10I-80-I"},{"r":"185","t":"14:28:11","h":"Ouest","s":"25N-H59NV20I-80-I"},{"r":"185","t":"14:28:11","h":"Ouest","s":"25S-H59S000I-81-I"},{"r":"185","t":"14:28:11","h":"Ouest","s":"25S-H59S100F-81-F1"},{"r":"185","t":"14:28:11","h":"Ouest","s":"25S-H59S200F-81-F2"},{"r":"185","t":"14:35:11","h":"Ouest","s":"25N-H59N000A-80-A"},{"r":"185","t":"14:35:11","h":"Ouest","s":"25N-H59NV10A-80-A"},{"r":"185","t":"14:35:11","h":"Ouest","s":"25N-H59VN20A-80-A"},{"r":"185","t":"14:35:11","h":"Ouest","s":"25S-H59S000A-81-A"},{"r":"185","t":"14:54:44","h":"Ouest","s":"25N-H59N000S-80-S"},{"r":"185","t":"14:54:44","h":"Ouest","s":"25N-H59NV10S-84-S"},{"r":"185","t":"14:54:44","h":"Ouest","s":"25N-H59NV20S-80-S"},{"r":"185","t":"14:54:44","h":"Ouest","s":"25S-H59S000S-81-S"},{"r":"185","t":"14:59:11","h":"Ouest","s":"25N-H59N000I-80-I"},{"r":"185","t":"14:59:11","h":"Ouest","s":"25N-H59N100F-80-F1"},{"r":"185","t":"14:59:11","h":"Ouest","s":"25N-H59N200F-81-F2"},{"r":"185","t":"14:59:11","h":"Ouest","s":"25N-H59N300F-80-F3"},{"r":"185","t":"14:59:11","h":"Ouest","s":"25N-H59N400F-80-F4"},{"r":"185","t":"14:59:11","h":"Ouest","s":"25N-H59NV10I-80-I"},{"r":"185","t":"14:59:11","h":"Ouest","s":"25N-H59NV20I-80-I"},{"r":"185","t":"14:59:11","h":"Ouest","s":"25S-H59S000I-81-I"},{"r":"185","t":"14:59:11","h":"Ouest","s":"25S-H59S100F-81-F1"},{"r":"185","t":"14:59:11","h":"Ouest","s":"25S-H59S200F-81-F2"},{"r":"185","t":"15:02:11","h":"Ouest","s":"25N-H59N000A-80-A"},{"r":"185","t":"15:02:11","h":"Ouest","s":"25N-H59NV10A-80-A"},{"r":"185","t":"15:02:11","h":"Ouest","s":"25N-H59VN20A-80-A"},{"r":"185","t":"15:02:11","h":"Ouest","s":"25S-H59S000A-81-A"},{"r":"185","t":"15:22:44","h":"Ouest","s":"25N-H59N000S-80-S"},{"r":"185","t":"15:22:44","h":"Ouest","s":"25N-H59NV10S-84-S"},{"r":"185","t":"15:22:44","h":"Ouest","s":"25N-H59NV20S-80-S"},{"r":"185","t":"15:22:44","h":"Ouest","s":"25S-H59S000S-81-S"},{"r":"185","t":"15:29:11","h":"Ouest","s":"25N-H59N000I-80-I"},{"r":"185","t":"15:29:11","h":"Ouest","s":"25N-H59N100F-80-F1"},{"r":"185","t":"15:29:11","h":"Ouest","s":"25N-H59N200F-81-F2"},{"r":"185","t":"15:29:11","h":"Ouest","s":"25N-H59N300F-80-F3"},{"r":"185","t":"15:29:11","h":"Ouest","s":"25N-H59N400F-80-F4"},{"r":"185","t":"15:29:11","h":"Ouest","s":"25N-H59NV10I-80-I"},{"r":"185","t":"15:29:11","h":"Ouest","s":"25N-H59NV20I-80-I"},{"r":"185","t":"15:29:11","h":"Ouest","s":"25S-H59S000I-81-I"},{"r":"185","t":"15:29:11","h":"Ouest","s":"25S-H59S100F-81-F1"},{"r":"185","t":"15:29:11","h":"Ouest","s":"25S-H59S200F-81-F2"},{"r":"185","t":"15:29:38","h":"Ouest","s":"25N-H59N000A-80-A"},{"r":"185","t":"15:29:38","h":"Ouest","s":"25N-H59NV10A-80-A"},{"r":"185","t":"15:29:38","h":"Ouest","s":"25N-H59VN20A-80-A"},{"r":"185","t":"15:29:38","h":"Ouest","s":"25S-H59S000A-81-A"},{"r":"185","t":"15:52:44","h":"Ouest","s":"25N-H59N000S-80-S"},{"r":"185","t":"15:52:44","h":"Ouest","s":"25N-H59NV10S-84-S"},{"r":"185","t":"15:52:44","h":"Ouest","s":"25N-H59NV20S-80-S"},{"r":"185","t":"15:52:44","h":"Ouest","s":"25S-H59S000S-81-S"},{"r":"185","t":"15:58:38","h":"Ouest","s":"25N-H59N000A-80-A"},{"r":"185","t":"15:58:38","h":"Ouest","s":"25N-H59NV10A-80-A"},{"r":"185","t":"15:58:38","h":"Ouest","s":"25N-H59VN20A-80-A"},{"r":"185","t":"15:58:38","h":"Ouest","s":"25S-H59S000A-81-A"},{"r":"185","t":"15:59:11","h":"Ouest","s":"25N-H59N000I-80-I"},{"r":"185","t":"15:59:11","h":"Ouest","s":"25N-H59N100F-80-F1"},{"r":"185","t":"15:59:11","h":"Ouest","s":"25N-H59N200F-81-F2"},{"r":"185","t":"15:59:11","h":"Ouest","s":"25N-H59N300F-80-F3"},{"r":"185","t":"15:59:11","h":"Ouest","s":"25N-H59N400F-80-F4"},{"r":"185","t":"15:59:11","h":"Ouest","s":"25N-H59NV10I-80-I"},{"r":"185","t":"15:59:11","h":"Ouest","s":"25N-H59NV20I-80-I"},{"r":"185","t":"15:59:11","h":"Ouest","s":"25S-H59S000I-81-I"},{"r":"185","t":"15:59:11","h":"Ouest","s":"25S-H59S100F-81-F1"},{"r":"185","t":"15:59:11","h":"Ouest","s":"25S-H59S200F-81-F2"},{"r":"185","t":"16:23:44","h":"Ouest","s":"25N-H59N000S-80-S"},{"r":"185","t":"16:23:44","h":"Ouest","s":"25N-H59NV10S-84-S"},{"r":"185","t":"16:23:44","h":"Ouest","s":"25N-H59NV20S-80-S"},{"r":"185","t":"16:23:44","h":"Ouest","s":"25S-H59S000S-81-S"},{"r":"185","t":"16:28:38","h":"Ouest","s":"25N-H59N000A-80-A"},{"r":"185","t":"16:28:38","h":"Ouest","s":"25N-H59NV10A-80-A"},{"r":"185","t":"16:28:38","h":"Ouest","s":"25N-H59VN20A-80-A"},{"r":"185","t":"16:28:38","h":"Ouest","s":"25S-H59S000A-81-A"},{"r":"185","t":"16:29:11","h":"Ouest","s":"25N-H59N000I-80-I"},{"r":"185","t":"16:29:11","h":"Ouest","s":"25N-H59N100F-80-F1"},{"r":"185","t":"16:29:11","h":"Ouest","s":"25N-H59N200F-81-F2"},{"r":"185","t":"16:29:11","h":"Ouest","s":"25N-H59N300F-80-F3"},{"r":"185","t":"16:29:11","h":"Ouest","s":"25N-H59N400F-80-F4"},{"r":"185","t":"16:29:11","h":"Ouest","s":"25N-H59NV10I-80-I"},{"r":"185","t":"16:29:11","h":"Ouest","s":"25N-H59NV20I-80-I"},{"r":"185","t":"16:29:11","h":"Ouest","s":"25S-H59S000I-81-I"},{"r":"185","t":"16:29:11","h":"Ouest","s":"25S-H59S100F-81-F1"},{"r":"185","t":"16:29:11","h":"Ouest","s":"25S-H59S200F-81-F2"},{"r":"185","t":"16:53:44","h":"Ouest","s":"25N-H59N000S-80-S"},{"r":"185","t":"16:53:44","h":"Ouest","s":"25N-H59NV10S-84-S"},{"r":"185","t":"16:53:44","h":"Ouest","s":"25N-H59NV20S-80-S"},{"r":"185","t":"16:53:44","h":"Ouest","s":"25S-H59S000S-81-S"},{"r":"185","t":"16:57:38","h":"Ouest","s":"25N-H59N000A-80-A"},{"r":"185","t":"16:57:38","h":"Ouest","s":"25N-H59NV10A-80-A"},{"r":"185","t":"16:57:38","h":"Ouest","s":"25N-H59VN20A-80-A"},{"r":"185","t":"16:57:38","h":"Ouest","s":"25S-H59S000A-81-A"},{"r":"185","t":"16:58:11","h":"Ouest","s":"25N-H59N000I-80-I"},{"r":"185","t":"16:58:11","h":"Ouest","s":"25N-H59N100F-80-F1"},{"r":"185","t":"16:58:11","h":"Ouest","s":"25N-H59N200F-81-F2"},{"r":"185","t":"16:58:11","h":"Ouest","s":"25N-H59N300F-80-F3"},{"r":"185","t":"16:58:11","h":"Ouest","s":"25N-H59N400F-80-F4"},{"r":"185","t":"16:58:11","h":"Ouest","s":"25N-H59NV10I-80-I"},{"r":"185","t":"16:58:11","h":"Ouest","s":"25N-H59NV20I-80-I"},{"r":"185","t":"16:58:11","h":"Ouest","s":"25S-H59S000I-81-I"},{"r":"185","t":"16:58:11","h":"Ouest","s":"25S-H59S100F-81-F1"},{"r":"185","t":"16:58:11","h":"Ouest","s":"25S-H59S200F-81-F2"},{"r":"185","t":"17:22:44","h":"Ouest","s":"25N-H59N000S-80-S"},{"r":"185","t":"17:22:44","h":"Ouest","s":"25N-H59NV10S-84-S"},{"r":"185","t":"17:22:44","h":"Ouest","s":"25N-H59NV20S-80-S"},{"r":"185","t":"17:22:44","h":"Ouest","s":"25S-H59S000S-81-S"},{"r":"185","t":"17:26:38","h":"Ouest","s":"25N-H59N000A-80-A"},{"r":"185","t":"17:26:38","h":"Ouest","s":"25N-H59NV10A-80-A"},{"r":"185","t":"17:26:38","h":"Ouest","s":"25N-H59VN20A-80-A"},{"r":"185","t":"17:26:38","h":"Ouest","s":"25S-H59S000A-81-A"},{"r":"185","t":"17:30:11","h":"Ouest","s":"25N-H59N000I-80-I"},{"r":"185","t":"17:30:11","h":"Ouest","s":"25N-H59N100F-80-F1"},{"r":"185","t":"17:30:11","h":"Ouest","s":"25N-H59N200F-81-F2"},{"r":"185","t":"17:30:11","h":"Ouest","s":"25N-H59N300F-80-F3"},{"r":"185","t":"17:30:11","h":"Ouest","s":"25N-H59N400F-80-F4"},{"r":"185","t":"17:30:11","h":"Ouest","s":"25N-H59NV10I-80-I"},{"r":"185","t":"17:30:11","h":"Ouest","s":"25N-H59NV20I-80-I"},{"r":"185","t":"17:30:11","h":"Ouest","s":"25S-H59S000I-81-I"},{"r":"185","t":"17:30:11","h":"Ouest","s":"25S-H59S100F-81-F1"},{"r":"185","t":"17:30:11","h":"Ouest","s":"25S-H59S200F-81-F2"},{"r":"185","t":"17:52:44","h":"Ouest","s":"25N-H59N000S-80-S"},{"r":"185","t":"17:52:44","h":"Ouest","s":"25N-H59NV10S-84-S"},{"r":"185","t":"17:52:44","h":"Ouest","s":"25N-H59NV20S-80-S"},{"r":"185","t":"17:52:44","h":"Ouest","s":"25S-H59S000S-81-S"},{"r":"185","t":"17:53:38","h":"Ouest","s":"25N-H59N000A-80-A"},{"r":"185","t":"17:53:38","h":"Ouest","s":"25N-H59NV10A-80-A"},{"r":"185","t":"17:53:38","h":"Ouest","s":"25N-H59VN20A-80-A"},{"r":"185","t":"17:53:38","h":"Ouest","s":"25S-H59S000A-81-A"},{"r":"185","t":"18:03:11","h":"Ouest","s":"25N-H59N000I-80-I"},{"r":"185","t":"18:03:11","h":"Ouest","s":"25N-H59N100F-80-F1"},{"r":"185","t":"18:03:11","h":"Ouest","s":"25N-H59N200F-81-F2"},{"r":"185","t":"18:03:11","h":"Ouest","s":"25N-H59N300F-80-F3"},{"r":"185","t":"18:03:11","h":"Ouest","s":"25N-H59N400F-80-F4"},{"r":"185","t":"18:03:11","h":"Ouest","s":"25N-H59NV10I-80-I"},{"r":"185","t":"18:03:11","h":"Ouest","s":"25N-H59NV20I-80-I"},{"r":"185","t":"18:03:11","h":"Ouest","s":"25S-H59S000I-81-I"},{"r":"185","t":"18:03:11","h":"Ouest","s":"25S-H59S100F-81-F1"},{"r":"185","t":"18:03:11","h":"Ouest","s":"25S-H59S200F-81-F2"},{"r":"185","t":"18:21:44","h":"Ouest","s":"25N-H59N000S-80-S"},{"r":"185","t":"18:21:44","h":"Ouest","s":"25N-H59NV10S-84-S"},{"r":"185","t":"18:21:44","h":"Ouest","s":"25N-H59NV20S-80-S"},{"r":"185","t":"18:21:44","h":"Ouest","s":"25S-H59S000S-81-S"},{"r":"185","t":"18:22:38","h":"Ouest","s":"25N-H59N000A-80-A"},{"r":"185","t":"18:22:38","h":"Ouest","s":"25N-H59NV10A-80-A"},{"r":"185","t":"18:22:38","h":"Ouest","s":"25N-H59VN20A-80-A"},{"r":"185","t":"18:22:38","h":"Ouest","s":"25S-H59S000A-81-A"},{"r":"185","t":"18:34:38","h":"Ouest","s":"25N-H59N000I-80-I"},{"r":"185","t":"18:34:38","h":"Ouest","s":"25N-H59N100F-80-F1"},{"r":"185","t":"18:34:38","h":"Ouest","s":"25N-H59N200F-81-F2"},{"r":"185","t":"18:34:38","h":"Ouest","s":"25N-H59N300F-80-F3"},{"r":"185","t":"18:34:38","h":"Ouest","s":"25N-H59N400F-80-F4"},{"r":"185","t":"18:34:38","h":"Ouest","s":"25N-H59NV10I-80-I"},{"r":"185","t":"18:34:38","h":"Ouest","s":"25N-H59NV20I-80-I"},{"r":"185","t":"18:34:38","h":"Ouest","s":"25S-H59S000I-81-I"},{"r":"185","t":"18:34:38","h":"Ouest","s":"25S-H59S100F-81-F1"},{"r":"185","t":"18:34:38","h":"Ouest","s":"25S-H59S200F-81-F2"},{"r":"185","t":"18:50:11","h":"Ouest","s":"25N-H59N000S-80-S"},{"r":"185","t":"18:50:11","h":"Ouest","s":"25N-H59NV10S-84-S"},{"r":"185","t":"18:50:11","h":"Ouest","s":"25N-H59NV20S-80-S"},{"r":"185","t":"18:50:11","h":"Ouest","s":"25S-H59S000S-81-S"},{"r":"185","t":"18:51:38","h":"Ouest","s":"25N-H59N000A-80-A"},{"r":"185","t":"18:51:38","h":"Ouest","s":"25N-H59NV10A-80-A"},{"r":"185","t":"18:51:38","h":"Ouest","s":"25N-H59VN20A-80-A"},{"r":"185","t":"18:51:38","h":"Ouest","s":"25S-H59S000A-81-A"},{"r":"185","t":"19:05:38","h":"Ouest","s":"25N-H59N000I-80-I"},{"r":"185","t":"19:05:38","h":"Ouest","s":"25N-H59N100F-80-F1"},{"r":"185","t":"19:05:38","h":"Ouest","s":"25N-H59N200F-81-F2"},{"r":"185","t":"19:05:38","h":"Ouest","s":"25N-H59N300F-80-F3"},{"r":"185","t":"19:05:38","h":"Ouest","s":"25N-H59N400F-80-F4"},{"r":"185","t":"19:05:38","h":"Ouest","s":"25N-H59NV10I-80-I"},{"r":"185","t":"19:05:38","h":"Ouest","s":"25N-H59NV20I-80-I"},{"r":"185","t":"19:05:38","h":"Ouest","s":"25S-H59S000I-81-I"},{"r":"185","t":"19:05:38","h":"Ouest","s":"25S-H59S100F-81-F1"},{"r":"185","t":"19:05:38","h":"Ouest","s":"25S-H59S200F-81-F2"},{"r":"185","t":"19:19:11","h":"Ouest","s":"25N-H59N000S-80-S"},{"r":"185","t":"19:19:11","h":"Ouest","s":"25N-H59NV10S-84-S"},{"r":"185","t":"19:19:11","h":"Ouest","s":"25N-H59NV20S-80-S"},{"r":"185","t":"19:19:11","h":"Ouest","s":"25S-H59S000S-81-S"},{"r":"185","t":"19:19:38","h":"Ouest","s":"25N-H59N000A-80-A"},{"r":"185","t":"19:19:38","h":"Ouest","s":"25N-H59NV10A-80-A"},{"r":"185","t":"19:19:38","h":"Ouest","s":"25N-H59VN20A-80-A"},{"r":"185","t":"19:19:38","h":"Ouest","s":"25S-H59S000A-81-A"},{"r":"185","t":"19:36:38","h":"Ouest","s":"25N-H59N000I-80-I"},{"r":"185","t":"19:36:38","h":"Ouest","s":"25N-H59N100F-80-F1"},{"r":"185","t":"19:36:38","h":"Ouest","s":"25N-H59N200F-81-F2"},{"r":"185","t":"19:36:38","h":"Ouest","s":"25N-H59N300F-80-F3"},{"r":"185","t":"19:36:38","h":"Ouest","s":"25N-H59N400F-80-F4"},{"r":"185","t":"19:36:38","h":"Ouest","s":"25N-H59NV10I-80-I"},{"r":"185","t":"19:36:38","h":"Ouest","s":"25N-H59NV20I-80-I"},{"r":"185","t":"19:36:38","h":"Ouest","s":"25S-H59S000I-81-I"},{"r":"185","t":"19:36:38","h":"Ouest","s":"25S-H59S100F-81-F1"},{"r":"185","t":"19:36:38","h":"Ouest","s":"25S-H59S200F-81-F2"},{"r":"185","t":"19:45:38","h":"Ouest","s":"25N-H59N000A-80-A"},{"r":"185","t":"19:45:38","h":"Ouest","s":"25N-H59NV10A-80-A"},{"r":"185","t":"19:45:38","h":"Ouest","s":"25N-H59VN20A-80-A"},{"r":"185","t":"19:45:38","h":"Ouest","s":"25S-H59S000A-81-A"},{"r":"185","t":"19:50:11","h":"Ouest","s":"25N-H59N000S-80-S"},{"r":"185","t":"19:50:11","h":"Ouest","s":"25N-H59NV10S-84-S"},{"r":"185","t":"19:50:11","h":"Ouest","s":"25N-H59NV20S-80-S"},{"r":"185","t":"19:50:11","h":"Ouest","s":"25S-H59S000S-81-S"},{"r":"185","t":"20:05:38","h":"Ouest","s":"25N-H59N000I-80-I"},{"r":"185","t":"20:05:38","h":"Ouest","s":"25N-H59N100F-80-F1"},{"r":"185","t":"20:05:38","h":"Ouest","s":"25N-H59N200F-81-F2"},{"r":"185","t":"20:05:38","h":"Ouest","s":"25N-H59N300F-80-F3"},{"r":"185","t":"20:05:38","h":"Ouest","s":"25N-H59N400F-80-F4"},{"r":"185","t":"20:05:38","h":"Ouest","s":"25N-H59NV10I-80-I"},{"r":"185","t":"20:05:38","h":"Ouest","s":"25N-H59NV20I-80-I"},{"r":"185","t":"20:05:38","h":"Ouest","s":"25S-H59S000I-81-I"},{"r":"185","t":"20:05:38","h":"Ouest","s":"25S-H59S100F-81-F1"},{"r":"185","t":"20:05:38","h":"Ouest","s":"25S-H59S200F-81-F2"},{"r":"185","t":"20:16:38","h":"Ouest","s":"25N-H59N000A-80-A"},{"r":"185","t":"20:16:38","h":"Ouest","s":"25N-H59NV10A-80-A"},{"r":"185","t":"20:16:38","h":"Ouest","s":"25N-H59VN20A-80-A"},{"r":"185","t":"20:16:38","h":"Ouest","s":"25S-H59S000A-81-A"},{"r":"185","t":"20:21:38","h":"Ouest","s":"25N-H59N000S-80-S"},{"r":"185","t":"20:21:38","h":"Ouest","s":"25N-H59NV10S-84-S"},{"r":"185","t":"20:21:38","h":"Ouest","s":"25N-H59NV20S-80-S"},{"r":"185","t":"20:21:38","h":"Ouest","s":"25S-H59S000S-81-S"},{"r":"185","t":"20:34:38","h":"Ouest","s":"25N-H59N000I-80-I"},{"r":"185","t":"20:34:38","h":"Ouest","s":"25N-H59N100F-80-F1"},{"r":"185","t":"20:34:38","h":"Ouest","s":"25N-H59N200F-81-F2"},{"r":"185","t":"20:34:38","h":"Ouest","s":"25N-H59N300F-80-F3"},{"r":"185","t":"20:34:38","h":"Ouest","s":"25N-H59N400F-80-F4"},{"r":"185","t":"20:34:38","h":"Ouest","s":"25N-H59NV10I-80-I"},{"r":"185","t":"20:34:38","h":"Ouest","s":"25N-H59NV20I-80-I"},{"r":"185","t":"20:34:38","h":"Ouest","s":"25S-H59S000I-81-I"},{"r":"185","t":"20:34:38","h":"Ouest","s":"25S-H59S100F-81-F1"},{"r":"185","t":"20:34:38","h":"Ouest","s":"25S-H59S200F-81-F2"},{"r":"185","t":"20:47:38","h":"Ouest","s":"25N-H59N000A-80-A"},{"r":"185","t":"20:47:38","h":"Ouest","s":"25N-H59NV10A-80-A"},{"r":"185","t":"20:47:38","h":"Ouest","s":"25N-H59VN20A-80-A"},{"r":"185","t":"20:47:38","h":"Ouest","s":"25S-H59S000A-81-A"},{"r":"185","t":"20:51:38","h":"Ouest","s":"25N-H59N000S-80-S"},{"r":"185","t":"20:51:38","h":"Ouest","s":"25N-H59NV10S-84-S"},{"r":"185","t":"20:51:38","h":"Ouest","s":"25N-H59NV20S-80-S"},{"r":"185","t":"20:51:38","h":"Ouest","s":"25S-H59S000S-81-S"},{"r":"185","t":"21:04:38","h":"Ouest","s":"25N-H59N000I-80-I"},{"r":"185","t":"21:04:38","h":"Ouest","s":"25N-H59N100F-80-F1"},{"r":"185","t":"21:04:38","h":"Ouest","s":"25N-H59N200F-81-F2"},{"r":"185","t":"21:04:38","h":"Ouest","s":"25N-H59N300F-80-F3"},{"r":"185","t":"21:04:38","h":"Ouest","s":"25N-H59N400F-80-F4"},{"r":"185","t":"21:04:38","h":"Ouest","s":"25N-H59NV10I-80-I"},{"r":"185","t":"21:04:38","h":"Ouest","s":"25N-H59NV20I-80-I"},{"r":"185","t":"21:04:38","h":"Ouest","s":"25S-H59S000I-81-I"},{"r":"185","t":"21:04:38","h":"Ouest","s":"25S-H59S100F-81-F1"},{"r":"185","t":"21:04:38","h":"Ouest","s":"25S-H59S200F-81-F2"},{"r":"185","t":"21:18:38","h":"Ouest","s":"25N-H59N000A-80-A"},{"r":"185","t":"21:18:38","h":"Ouest","s":"25N-H59NV10A-80-A"},{"r":"185","t":"21:18:38","h":"Ouest","s":"25N-H59VN20A-80-A"},{"r":"185","t":"21:18:38","h":"Ouest","s":"25S-H59S000A-81-A"},{"r":"185","t":"21:22:38","h":"Ouest","s":"25N-H59N000S-80-S"},{"r":"185","t":"21:22:38","h":"Ouest","s":"25N-H59NV10S-84-S"},{"r":"185","t":"21:22:38","h":"Ouest","s":"25N-H59NV20S-80-S"},{"r":"185","t":"21:22:38","h":"Ouest","s":"25S-H59S000S-81-S"},{"r":"185","t":"21:33:38","h":"Ouest","s":"25N-H59N000I-80-I"},{"r":"185","t":"21:33:38","h":"Ouest","s":"25N-H59N100F-80-F1"},{"r":"185","t":"21:33:38","h":"Ouest","s":"25N-H59N200F-81-F2"},{"r":"185","t":"21:33:38","h":"Ouest","s":"25N-H59N300F-80-F3"},{"r":"185","t":"21:33:38","h":"Ouest","s":"25N-H59N400F-80-F4"},{"r":"185","t":"21:33:38","h":"Ouest","s":"25N-H59NV10I-80-I"},{"r":"185","t":"21:33:38","h":"Ouest","s":"25N-H59NV20I-80-I"},{"r":"185","t":"21:33:38","h":"Ouest","s":"25S-H59S000I-81-I"},{"r":"185","t":"21:33:38","h":"Ouest","s":"25S-H59S100F-81-F1"},{"r":"185","t":"21:33:38","h":"Ouest","s":"25S-H59S200F-81-F2"},{"r":"185","t":"21:49:38","h":"Ouest","s":"25N-H59N000A-80-A"},{"r":"185","t":"21:49:38","h":"Ouest","s":"25N-H59NV10A-80-A"},{"r":"185","t":"21:49:38","h":"Ouest","s":"25N-H59VN20A-80-A"},{"r":"185","t":"21:49:38","h":"Ouest","s":"25S-H59S000A-81-A"},{"r":"185","t":"21:52:38","h":"Ouest","s":"25N-H59N000S-80-S"},{"r":"185","t":"21:52:38","h":"Ouest","s":"25N-H59NV10S-84-S"},{"r":"185","t":"21:52:38","h":"Ouest","s":"25N-H59NV20S-80-S"},{"r":"185","t":"21:52:38","h":"Ouest","s":"25S-H59S000S-81-S"},{"r":"185","t":"21:59:38","h":"Ouest","s":"25N-H59N000I-80-I"},{"r":"185","t":"21:59:38","h":"Ouest","s":"25N-H59N100F-80-F1"},{"r":"185","t":"21:59:38","h":"Ouest","s":"25N-H59N200F-81-F2"},{"r":"185","t":"21:59:38","h":"Ouest","s":"25N-H59N300F-80-F3"},{"r":"185","t":"21:59:38","h":"Ouest","s":"25N-H59N400F-80-F4"},{"r":"185","t":"21:59:38","h":"Ouest","s":"25N-H59NV10I-80-I"},{"r":"185","t":"21:59:38","h":"Ouest","s":"25N-H59NV20I-80-I"},{"r":"185","t":"21:59:38","h":"Ouest","s":"25S-H59S000I-81-I"},{"r":"185","t":"21:59:38","h":"Ouest","s":"25S-H59S100F-81-F1"},{"r":"185","t":"21:59:38","h":"Ouest","s":"25S-H59S200F-81-F2"},{"r":"185","t":"22:19:38","h":"Ouest","s":"25N-H59N000A-80-A"},{"r":"185","t":"22:19:38","h":"Ouest","s":"25N-H59NV10A-80-A"},{"r":"185","t":"22:19:38","h":"Ouest","s":"25N-H59VN20A-80-A"},{"r":"185","t":"22:19:38","h":"Ouest","s":"25S-H59S000A-81-A"},{"r":"185","t":"22:21:38","h":"Ouest","s":"25N-H59N000S-80-S"},{"r":"185","t":"22:21:38","h":"Ouest","s":"25N-H59NV10S-84-S"},{"r":"185","t":"22:21:38","h":"Ouest","s":"25N-H59NV20S-80-S"},{"r":"185","t":"22:21:38","h":"Ouest","s":"25S-H59S000S-81-S"},{"r":"185","t":"22:28:38","h":"Ouest","s":"25N-H59N000I-80-I"},{"r":"185","t":"22:28:38","h":"Ouest","s":"25N-H59N100F-80-F1"},{"r":"185","t":"22:28:38","h":"Ouest","s":"25N-H59N200F-81-F2"},{"r":"185","t":"22:28:38","h":"Ouest","s":"25N-H59N300F-80-F3"},{"r":"185","t":"22:28:38","h":"Ouest","s":"25N-H59N400F-80-F4"},{"r":"185","t":"22:28:38","h":"Ouest","s":"25N-H59NV10I-80-I"},{"r":"185","t":"22:28:38","h":"Ouest","s":"25N-H59NV20I-80-I"},{"r":"185","t":"22:28:38","h":"Ouest","s":"25S-H59S000I-81-I"},{"r":"185","t":"22:28:38","h":"Ouest","s":"25S-H59S100F-81-F1"},{"r":"185","t":"22:28:38","h":"Ouest","s":"25S-H59S200F-81-F2"},{"r":"185","t":"22:49:38","h":"Ouest","s":"25N-H59N000A-80-A"},{"r":"185","t":"22:49:38","h":"Ouest","s":"25N-H59NV10A-80-A"},{"r":"185","t":"22:49:38","h":"Ouest","s":"25N-H59VN20A-80-A"},{"r":"185","t":"22:49:38","h":"Ouest","s":"25S-H59S000A-81-A"},{"r":"185","t":"22:50:38","h":"Ouest","s":"25N-H59N000S-80-S"},{"r":"185","t":"22:50:38","h":"Ouest","s":"25N-H59NV10S-84-S"},{"r":"185","t":"22:50:38","h":"Ouest","s":"25N-H59NV20S-80-S"},{"r":"185","t":"22:50:38","h":"Ouest","s":"25S-H59S000S-81-S"},{"r":"185","t":"22:57:38","h":"Ouest","s":"25N-H59N000I-80-I"},{"r":"185","t":"22:57:38","h":"Ouest","s":"25N-H59N100F-80-F1"},{"r":"185","t":"22:57:38","h":"Ouest","s":"25N-H59N200F-81-F2"},{"r":"185","t":"22:57:38","h":"Ouest","s":"25N-H59N300F-80-F3"},{"r":"185","t":"22:57:38","h":"Ouest","s":"25N-H59N400F-80-F4"},{"r":"185","t":"22:57:38","h":"Ouest","s":"25N-H59NV10I-80-I"},{"r":"185","t":"22:57:38","h":"Ouest","s":"25N-H59NV20I-80-I"},{"r":"185","t":"22:57:38","h":"Ouest","s":"25S-H59S000I-81-I"},{"r":"185","t":"22:57:38","h":"Ouest","s":"25S-H59S100F-81-F1"},{"r":"185","t":"22:57:38","h":"Ouest","s":"25S-H59S200F-81-F2"},{"r":"185","t":"23:20:38","h":"Ouest","s":"25N-H59N000A-80-A"},{"r":"185","t":"23:20:38","h":"Ouest","s":"25N-H59N000S-80-S"},{"r":"185","t":"23:20:38","h":"Ouest","s":"25N-H59NV10A-80-A"},{"r":"185","t":"23:20:38","h":"Ouest","s":"25N-H59NV10S-84-S"},{"r":"185","t":"23:20:38","h":"Ouest","s":"25N-H59NV20S-80-S"},{"r":"185","t":"23:20:38","h":"Ouest","s":"25N-H59VN20A-80-A"},{"r":"185","t":"23:20:38","h":"Ouest","s":"25S-H59S000A-81-A"},{"r":"185","t":"23:20:38","h":"Ouest","s":"25S-H59S000S-81-S"},{"r":"185","t":"23:25:38","h":"Ouest","s":"25N-H59N000I-80-I"},{"r":"185","t":"23:25:38","h":"Ouest","s":"25N-H59N100F-80-F1"},{"r":"185","t":"23:25:38","h":"Ouest","s":"25N-H59N200F-81-F2"},{"r":"185","t":"23:25:38","h":"Ouest","s":"25N-H59N300F-80-F3"},{"r":"185","t":"23:25:38","h":"Ouest","s":"25N-H59N400F-80-F4"},{"r":"185","t":"23:25:38","h":"Ouest","s":"25N-H59NV10I-80-I"},{"r":"185","t":"23:25:38","h":"Ouest","s":"25N-H59NV20I-80-I"},{"r":"185","t":"23:25:38","h":"Ouest","s":"25S-H59S000I-81-I"},{"r":"185","t":"23:25:38","h":"Ouest","s":"25S-H59S100F-81-F1"},{"r":"185","t":"23:25:38","h":"Ouest","s":"25S-H59S200F-81-F2"},{"r":"185","t":"23:49:06","h":"Ouest","s":"25N-H59N000S-80-S"},{"r":"185","t":"23:49:06","h":"Ouest","s":"25N-H59NV10S-84-S"},{"r":"185","t":"23:49:06","h":"Ouest","s":"25N-H59NV20S-80-S"},{"r":"185","t":"23:49:06","h":"Ouest","s":"25S-H59S000S-81-S"},{"r":"185","t":"23:50:38","h":"Ouest","s":"25N-H59N000A-80-A"},{"r":"185","t":"23:50:38","h":"Ouest","s":"25N-H59NV10A-80-A"},{"r":"185","t":"23:50:38","h":"Ouest","s":"25N-H59VN20A-80-A"},{"r":"185","t":"23:50:38","h":"Ouest","s":"25S-H59S000A-81-A"},{"r":"185","t":"23:51:38","h":"Ouest","s":"25N-H59N000I-80-I"},{"r":"185","t":"23:51:38","h":"Ouest","s":"25N-H59N100F-80-F1"},{"r":"185","t":"23:51:38","h":"Ouest","s":"25N-H59N200F-81-F2"},{"r":"185","t":"23:51:38","h":"Ouest","s":"25N-H59N300F-80-F3"},{"r":"185","t":"23:51:38","h":"Ouest","s":"25N-H59N400F-80-F4"},{"r":"185","t":"23:51:38","h":"Ouest","s":"25N-H59NV10I-80-I"},{"r":"185","t":"23:51:38","h":"Ouest","s":"25N-H59NV20I-80-I"},{"r":"185","t":"23:51:38","h":"Ouest","s":"25S-H59S000I-81-I"},{"r":"185","t":"23:51:38","h":"Ouest","s":"25S-H59S100F-81-F1"},{"r":"185","t":"23:51:38","h":"Ouest","s":"25S-H59S200F-81-F2"},{"r":"185","t":"24:18:38","h":"Ouest","s":"25N-H59N000I-80-I"},{"r":"185","t":"24:18:38","h":"Ouest","s":"25N-H59N100F-80-F1"},{"r":"185","t":"24:18:38","h":"Ouest","s":"25N-H59N200F-81-F2"},{"r":"185","t":"24:18:38","h":"Ouest","s":"25N-H59N300F-80-F3"},{"r":"185","t":"24:18:38","h":"Ouest","s":"25N-H59N400F-80-F4"},{"r":"185","t":"24:18:38","h":"Ouest","s":"25N-H59NV10I-80-I"},{"r":"185","t":"24:18:38","h":"Ouest","s":"25N-H59NV20I-80-I"},{"r":"185","t":"24:18:38","h":"Ouest","s":"25S-H59S000I-81-I"},{"r":"185","t":"24:18:38","h":"Ouest","s":"25S-H59S100F-81-F1"},{"r":"185","t":"24:18:38","h":"Ouest","s":"25S-H59S200F-81-F2"},{"r":"185","t":"24:19:06","h":"Ouest","s":"25N-H59N000S-80-S"},{"r":"185","t":"24:19:06","h":"Ouest","s":"25N-H59NV10S-84-S"},{"r":"185","t":"24:19:06","h":"Ouest","s":"25N-H59NV20S-80-S"},{"r":"185","t":"24:19:06","h":"Ouest","s":"25S-H59S000S-81-S"},{"r":"185","t":"24:19:38","h":"Ouest","s":"25N-H59N000A-80-A"},{"r":"185","t":"24:19:38","h":"Ouest","s":"25N-H59NV10A-80-A"},{"r":"185","t":"24:19:38","h":"Ouest","s":"25N-H59VN20A-80-A"},{"r":"185","t":"24:19:38","h":"Ouest","s":"25S-H59S000A-81-A"},{"r":"185","t":"24:47:38","h":"Ouest","s":"25N-H59N000A-80-A"},{"r":"185","t":"24:47:38","h":"Ouest","s":"25N-H59NV10A-80-A"},{"r":"185","t":"24:47:38","h":"Ouest","s":"25N-H59VN20A-80-A"},{"r":"185","t":"24:47:38","h":"Ouest","s":"25S-H59S000A-81-A"},{"r":"185","t":"24:48:38","h":"Ouest","s":"25N-H59N000I-80-I"},{"r":"185","t":"24:48:38","h":"Ouest","s":"25N-H59N100F-80-F1"},{"r":"185","t":"24:48:38","h":"Ouest","s":"25N-H59N200F-81-F2"},{"r":"185","t":"24:48:38","h":"Ouest","s":"25N-H59N300F-80-F3"},{"r":"185","t":"24:48:38","h":"Ouest","s":"25N-H59N400F-80-F4"},{"r":"185","t":"24:48:38","h":"Ouest","s":"25N-H59NV10I-80-I"},{"r":"185","t":"24:48:38","h":"Ouest","s":"25N-H59NV20I-80-I"},{"r":"185","t":"24:48:38","h":"Ouest","s":"25S-H59S000I-81-I"},{"r":"185","t":"24:48:38","h":"Ouest","s":"25S-H59S100F-81-F1"},{"r":"185","t":"24:48:38","h":"Ouest","s":"25S-H59S200F-81-F2"},{"r":"185","t":"24:51:06","h":"Ouest","s":"25N-H59N000S-80-S"},{"r":"185","t":"24:51:06","h":"Ouest","s":"25N-H59NV10S-84-S"},{"r":"185","t":"24:51:06","h":"Ouest","s":"25N-H59NV20S-80-S"},{"r":"185","t":"24:51:06","h":"Ouest","s":"25S-H59S000S-81-S"},{"r":"364","t":"25:10:29","h":"Ouest","s":"25N-H54N000A-80-A"},{"r":"364","t":"25:10:29","h":"Ouest","s":"25N-H54NV10A-80-A"},{"r":"364","t":"25:10:29","h":"Ouest","s":"25N-H54NV20A-80-A"},{"r":"364","t":"25:10:29","h":"Ouest","s":"25S-H54S000A-83-A"},{"r":"364","t":"25:11:25","h":"Ouest","s":"25N-H54N000I-80-I"},{"r":"364","t":"25:11:25","h":"Ouest","s":"25N-H54N000S-80-S"},{"r":"364","t":"25:11:25","h":"Ouest","s":"25N-H54N100F-80-F1"},{"r":"364","t":"25:11:25","h":"Ouest","s":"25N-H54N200F-80-F2"},{"r":"364","t":"25:11:25","h":"Ouest","s":"25N-H54N300F-80-F3"},{"r":"364","t":"25:11:25","h":"Ouest","s":"25N-H54N400F-80-F4"},{"r":"364","t":"25:11:25","h":"Ouest","s":"25N-H54NV10I-80-I"},{"r":"364","t":"25:11:25","h":"Ouest","s":"25N-H54NV10S-82-S"},{"r":"364","t":"25:11:25","h":"Ouest","s":"25N-H54NV20I-80-I"},{"r":"364","t":"25:11:25","h":"Ouest","s":"25N-H54NV20S-80-S"},{"r":"364","t":"25:11:25","h":"Ouest","s":"25S-H54S000I-82-I"},{"r":"364","t":"25:11:25","h":"Ouest","s":"25S-H54S000S-82-S"},{"r":"364","t":"25:11:25","h":"Ouest","s":"25S-H54S100F-80-F1"},{"r":"364","t":"25:11:25","h":"Ouest","s":"25S-H54S200F-80-F2"},{"r":"364","t":"25:55:29","h":"Ouest","s":"25N-H54N000A-80-A"},{"r":"364","t":"25:55:29","h":"Ouest","s":"25N-H54NV10A-80-A"},{"r":"364","t":"25:55:29","h":"Ouest","s":"25N-H54NV20A-80-A"},{"r":"364","t":"25:55:29","h":"Ouest","s":"25S-H54S000A-83-A"},{"r":"364","t":"25:56:25","h":"Ouest","s":"25N-H54N000I-80-I"},{"r":"364","t":"25:56:25","h":"Ouest","s":"25N-H54N100F-80-F1"},{"r":"364","t":"25:56:25","h":"Ouest","s":"25N-H54N200F-80-F2"},{"r":"364","t":"25:56:25","h":"Ouest","s":"25N-H54N300F-80-F3"},{"r":"364","t":"25:56:25","h":"Ouest","s":"25N-H54N400F-80-F4"},{"r":"364","t":"25:56:25","h":"Ouest","s":"25N-H54NV10I-80-I"},{"r":"364","t":"25:56:25","h":"Ouest","s":"25N-H54NV20I-80-I"},{"r":"364","t":"25:56:25","h":"Ouest","s":"25S-H54S000I-82-I"},{"r":"364","t":"25:56:25","h":"Ouest","s":"25S-H54S100F-80-F1"},{"r":"364","t":"25:56:25","h":"Ouest","s":"25S-H54S200F-80-F2"},{"r":"364","t":"25:57:29","h":"Ouest","s":"25N-H54N000S-80-S"},{"r":"364","t":"25:57:29","h":"Ouest","s":"25N-H54NV10S-82-S"},{"r":"364","t":"25:57:29","h":"Ouest","s":"25N-H54NV20S-80-S"},{"r":"364","t":"25:57:29","h":"Ouest","s":"25S-H54S000S-82-S"},{"r":"364","t":"26:41:25","h":"Ouest","s":"25N-H54N000I-80-I"},{"r":"364","t":"26:41:25","h":"Ouest","s":"25N-H54N100F-80-F1"},{"r":"364","t":"26:41:25","h":"Ouest","s":"25N-H54N200F-80-F2"},{"r":"364","t":"26:41:25","h":"Ouest","s":"25N-H54N300F-80-F3"},{"r":"364","t":"26:41:25","h":"Ouest","s":"25N-H54N400F-80-F4"},{"r":"364","t":"26:41:25","h":"Ouest","s":"25N-H54NV10I-80-I"},{"r":"364","t":"26:41:25","h":"Ouest","s":"25N-H54NV20I-80-I"},{"r":"364","t":"26:41:25","h":"Ouest","s":"25S-H54S000I-82-I"},{"r":"364","t":"26:41:25","h":"Ouest","s":"25S-H54S100F-80-F1"},{"r":"364","t":"26:41:25","h":"Ouest","s":"25S-H54S200F-80-F2"},{"r":"364","t":"26:41:29","h":"Ouest","s":"25N-H54N000A-80-A"},{"r":"364","t":"26:41:29","h":"Ouest","s":"25N-H54N000S-80-S"},{"r":"364","t":"26:41:29","h":"Ouest","s":"25N-H54NV10A-80-A"},{"r":"364","t":"26:41:29","h":"Ouest","s":"25N-H54NV10S-82-S"},{"r":"364","t":"26:41:29","h":"Ouest","s":"25N-H54NV20A-80-A"},{"r":"364","t":"26:41:29","h":"Ouest","s":"25N-H54NV20S-80-S"},{"r":"364","t":"26:41:29","h":"Ouest","s":"25S-H54S000A-83-A"},{"r":"364","t":"26:41:29","h":"Ouest","s":"25S-H54S000S-82-S"},{"r":"364","t":"27:26:29","h":"Ouest","s":"25N-H54N000A-80-A"},{"r":"364","t":"27:26:29","h":"Ouest","s":"25N-H54NV10A-80-A"},{"r":"364","t":"27:26:29","h":"Ouest","s":"25N-H54NV20A-80-A"},{"r":"364","t":"27:26:29","h":"Ouest","s":"25S-H54S000A-83-A"},{"r":"364","t":"27:27:25","h":"Ouest","s":"25N-H54N000I-80-I"},{"r":"364","t":"27:27:25","h":"Ouest","s":"25N-H54N100F-80-F1"},{"r":"364","t":"27:27:25","h":"Ouest","s":"25N-H54N200F-80-F2"},{"r":"364","t":"27:27:25","h":"Ouest","s":"25N-H54N300F-80-F3"},{"r":"364","t":"27:27:25","h":"Ouest","s":"25N-H54N400F-80-F4"},{"r":"364","t":"27:27:25","h":"Ouest","s":"25N-H54NV10I-80-I"},{"r":"364","t":"27:27:25","h":"Ouest","s":"25N-H54NV20I-80-I"},{"r":"364","t":"27:27:25","h":"Ouest","s":"25S-H54S000I-82-I"},{"r":"364","t":"27:27:25","h":"Ouest","s":"25S-H54S100F-80-F1"},{"r":"364","t":"27:27:25","h":"Ouest","s":"25S-H54S200F-80-F2"},{"r":"364","t":"27:27:29","h":"Ouest","s":"25N-H54N000S-80-S"},{"r":"364","t":"27:27:29","h":"Ouest","s":"25N-H54NV10S-82-S"},{"r":"364","t":"27:27:29","h":"Ouest","s":"25N-H54NV20S-80-S"},{"r":"364","t":"27:27:29","h":"Ouest","s":"25S-H54S000S-82-S"},{"r":"364","t":"28:11:25","h":"Ouest","s":"25N-H54N000I-80-I"},{"r":"364","t":"28:11:25","h":"Ouest","s":"25N-H54N100F-80-F1"},{"r":"364","t":"28:11:25","h":"Ouest","s":"25N-H54N200F-80-F2"},{"r":"364","t":"28:11:25","h":"Ouest","s":"25N-H54N300F-80-F3"},{"r":"364","t":"28:11:25","h":"Ouest","s":"25N-H54N400F-80-F4"},{"r":"364","t":"28:11:25","h":"Ouest","s":"25N-H54NV10I-80-I"},{"r":"364","t":"28:11:25","h":"Ouest","s":"25N-H54NV20I-80-I"},{"r":"364","t":"28:11:25","h":"Ouest","s":"25S-H54S000I-82-I"},{"r":"364","t":"28:11:25","h":"Ouest","s":"25S-H54S100F-80-F1"},{"r":"364","t":"28:11:25","h":"Ouest","s":"25S-H54S200F-80-F2"},{"r":"364","t":"28:11:29","h":"Ouest","s":"25N-H54N000A-80-A"},{"r":"364","t":"28:11:29","h":"Ouest","s":"25N-H54N000S-80-S"},{"r":"364","t":"28:11:29","h":"Ouest","s":"25N-H54NV10A-80-A"},{"r":"364","t":"28:11:29","h":"Ouest","s":"25N-H54NV10S-82-S"},{"r":"364","t":"28:11:29","h":"Ouest","s":"25N-H54NV20A-80-A"},{"r":"364","t":"28:11:29","h":"Ouest","s":"25N-H54NV20S-80-S"},{"r":"364","t":"28:11:29","h":"Ouest","s":"25S-H54S000A-83-A"},{"r":"364","t":"28:11:29","h":"Ouest","s":"25S-H54S000S-82-S"},{"r":"364","t":"28:50:29","h":"Ouest","s":"25N-H54N000A-80-A"},{"r":"364","t":"28:50:29","h":"Ouest","s":"25N-H54NV10A-80-A"},{"r":"364","t":"28:50:29","h":"Ouest","s":"25N-H54NV20A-80-A"},{"r":"364","t":"28:50:29","h":"Ouest","s":"25S-H54S000A-83-A"}]