[{"r":"68","t":"05:20:06","h":"Est","s":"25N-H60N000S-80-S"},{"r":"68","t":"05:20:06","h":"Est","s":"25N-H60N000S-98-S"},{"r":"68","t":"05:20:06","h":"Est","s":"25N-H60NV10S-98-S"},{"r":"68","t":"05:20:06","h":"Est","s":"25N-H60NV20S-98-S"},{"r":"68","t":"05:20:06","h":"Est","s":"25S-H60S000S-80-S"},{"r":"68","t":"05:50:06","h":"Est","s":"25N-H60N000S-80-S"},{"r":"68","t":"05:50:06","h":"Est","s":"25N-H60N000S-98-S"},{"r":"68","t":"05:50:06","h":"Est","s":"25N-H60NV10S-98-S"},{"r":"68","t":"05:50:06","h":"Est","s":"25N-H60NV20S-98-S"},{"r":"68","t":"05:50:06","h":"Est","s":"25S-H60S000S-80-S"},{"r":"468","t":"05:59:18","h":"Est","s":"25N-H60N000S-80-S"},{"r":"468","t":"05:59:18","h":"Est","s":"25N-H60N000S-98-S"},{"r":"468","t":"05:59:18","h":"Est","s":"25N-H60NV10S-98-S"},{"r":"468","t":"05:59:18","h":"Est","s":"25N-H60NV20S-98-S"},{"r":"468","t":"05:59:18","h":"Est","s":"25S-H60S000S-80-S"},{"r":"468","t":"06:21:18","h":"Est","s":"25N-H60N000S-80-S"},{"r":"468","t":"06:21:18","h":"Est","s":"25N-H60N000S-98-S"},{"r":"468","t":"06:21:18","h":"Est","s":"25N-H60NV10S-98-S"},{"r":"468","t":"06:21:18","h":"Est","s":"25N-H60NV20S-98-S"},{"r":"468","t":"06:21:18","h":"Est","s":"25S-H60S000S-80-S"},{"r":"68","t":"06:23:06","h":"Est","s":"25N-H60N000S-80-S"},{"r":"68","t":"06:23:06","h":"Est","s":"25N-H60N000S-98-S"},{"r":"68","t":"06:23:06","h":"Est","s":"25N-H60NV10S-98-S"},{"r":"68","t":"06:23:06","h":"Est","s":"25N-H60NV20S-98-S"},{"r":"68","t":"06:23:06","h":"Est","s":"25S-H60S000S-80-S"},{"r":"68","t":"06:37:06","h":"Est","s":"25N-H60N000I-80-I"},{"r":"68","t":"06:37:06","h":"Est","s":"25N-H60N100F-81-F1"},{"r":"68","t":"06:37:06","h":"Est","s":"25N-H60N200F-81-F2"},{"r":"68","t":"06:37:06","h":"Est","s":"25N-H60N300F-82-F3"},{"r":"68","t":"06:37:06","h":"Est","s":"25N-H60N400F-81-F4"},{"r":"68","t":"06:37:06","h":"Est","s":"25N-H60NV10I-80-I"},{"r":"68","t":"06:37:06","h":"Est","s":"25N-H60NV20I-80-I"},{"r":"68","t":"06:37:06","h":"Est","s":"25S-H60S000I-80-I"},{"r":"68","t":"06:37:06","h":"Est","s":"25S-H60S100F-82-F1"},{"r":"68","t":"06:37:06","h":"Est","s":"25S-H60S200F-81-F2"},{"r":"68","t":"06:40:06","h":"Est","s":"25N-H60N000A-80-A"},{"r":"68","t":"06:40:06","h":"Est","s":"25N-H60NV10A-80-A"},{"r":"68","t":"06:40:06","h":"Est","s":"25N-H60NV20A-80-A"},{"r":"68","t":"06:40:06","h":"Est","s":"25S-H60S000A-80-A"},{"r":"468","t":"06:43:18","h":"Est","s":"25N-H60N000S-80-S"},{"r":"468","t":"06:43:18","h":"Est","s":"25N-H60N000S-98-S"},{"r":"468","t":"06:43:18","h":"Est","s":"25N-H60NV10S-98-S"},{"r":"468","t":"06:43:18","h":"Est","s":"25N-H60NV20S-98-S"},{"r":"468","t":"06:43:18","h":"Est","s":"25S-H60S000S-80-S"},{"r":"68","t":"07:00:06","h":"Est","s":"25N-H60N000S-80-S"},{"r":"68","t":"07:00:06","h":"Est","s":"25N-H60N000S-98-S"},{"r":"68","t":"07:00:06","h":"Est","s":"25N-H60NV10S-98-S"},{"r":"68","t":"07:00:06","h":"Est","s":"25N-H60NV20S-98-S"},{"r":"68","t":"07:00:06","h":"Est","s":"25S-H60S000S-80-S"},{"r":"468","t":"07:04:18","h":"Est","s":"25N-H60N000S-80-S"},{"r":"468","t":"07:04:18","h":"Est","s":"25N-H60N000S-98-S"},{"r":"468","t":"07:04:18","h":"Est","s":"25N-H60NV10S-98-S"},{"r":"468","t":"07:04:18","h":"Est","s":"25N-H60NV20S-98-S"},{"r":"468","t":"07:04:18","h":"Est","s":"25S-H60S000S-80-S"},{"r":"68","t":"07:12:06","h":"Est","s":"25N-H60N000I-80-I"},{"r":"68","t":"07:12:06","h":"Est","s":"25N-H60N100F-81-F1"},{"r":"68","t":"07:12:06","h":"Est","s":"25N-H60N200F-81-F2"},{"r":"68","t":"07:12:06","h":"Est","s":"25N-H60N300F-82-F3"},{"r":"68","t":"07:12:06","h":"Est","s":"25N-H60N400F-81-F4"},{"r":"68","t":"07:12:06","h":"Est","s":"25N-H60NV10I-80-I"},{"r":"68","t":"07:12:06","h":"Est","s":"25N-H60NV20I-80-I"},{"r":"68","t":"07:12:06","h":"Est","s":"25S-H60S000I-80-I"},{"r":"68","t":"07:12:06","h":"Est","s":"25S-H60S100F-82-F1"},{"r":"68","t":"07:12:06","h":"Est","s":"25S-H60S200F-81-F2"},{"r":"68","t":"07:13:06","h":"Est","s":"25N-H60N000A-80-A"},{"r":"68","t":"07:13:06","h":"Est","s":"25N-H60NV10A-80-A"},{"r":"68","t":"07:13:06","h":"Est","s":"25N-H60NV20A-80-A"},{"r":"68","t":"07:13:06","h":"Est","s":"25S-H60S000A-80-A"},{"r":"468","t":"07:18:01","h":"Est","s":"25N-H60N000S-98-S"},{"r":"468","t":"07:18:01","h":"Est","s":"25N-H60NV10S-98-S"},{"r":"468","t":"07:18:01","h":"Est","s":"25N-H60NV20S-98-S"},{"r":"468","t":"07:28:01","h":"Est","s":"25N-H60N000S-80-S"},{"r":"468","t":"07:28:01","h":"Est","s":"25N-H60N000S-98-S"},{"r":"468","t":"07:28:01","h":"Est","s":"25N-H60NV10S-98-S"},{"r":"468","t":"07:28:01","h":"Est","s":"25N-H60NV20S-98-S"},{"r":"468","t":"07:28:01","h":"Est","s":"25S-H60S000S-80-S"},{"r":"68","t":"07:37:06","h":"Est","s":"25N-H60N000S-80-S"},{"r":"68","t":"07:37:06","h":"Est","s":"25N-H60N000S-98-S"},{"r":"68","t":"07:37:06","h":"Est","s":"25N-H60NV10S-98-S"},{"r":"68","t":"07:37:06","h":"Est","s":"25N-H60NV20S-98-S"},{"r":"68","t":"07:37:06","h":"Est","s":"25S-H60S000S-80-S"},{"r":"68","t":"07:46:06","h":"Est","s":"25N-H60N000A-80-A"},{"r":"68","t":"07:46:06","h":"Est","s":"25N-H60NV10A-80-A"},{"r":"68","t":"07:46:06","h":"Est","s":"25N-H60NV20A-80-A"},{"r":"68","t":"07:46:06","h":"Est","s":"25S-H60S000A-80-A"},{"r":"68","t":"07:47:06","h":"Est","s":"25N-H60N000I-80-I"},{"r":"68","t":"07:47:06","h":"Est","s":"25N-H60N100F-81-F1"},{"r":"68","t":"07:47:06","h":"Est","s":"25N-H60N200F-81-F2"},{"r":"68","t":"07:47:06","h":"Est","s":"25N-H60N300F-82-F3"},{"r":"68","t":"07:47:06","h":"Est","s":"25N-H60N400F-81-F4"},{"r":"68","t":"07:47:06","h":"Est","s":"25N-H60NV10I-80-I"},{"r":"68","t":"07:47:06","h":"Est","s":"25N-H60NV20I-80-I"},{"r":"68","t":"07:47:06","h":"Est","s":"25S-H60S000I-80-I"},{"r":"68","t":"07:47:06","h":"Est","s":"25S-H60S100F-82-F1"},{"r":"68","t":"07:47:06","h":"Est","s":"25S-H60S200F-81-F2"},{"r":"468","t":"07:50:44","h":"Est","s":"25N-H60N000S-80-S"},{"r":"468","t":"07:50:44","h":"Est","s":"25N-H60N000S-98-S"},{"r":"468","t":"07:50:44","h":"Est","s":"25N-H60NV10S-98-S"},{"r":"468","t":"07:50:44","h":"Est","s":"25N-H60NV20S-98-S"},{"r":"468","t":"07:50:44","h":"Est","s":"25S-H60S000S-80-S"},{"r":"468","t":"08:10:44","h":"Est","s":"25N-H60N000S-80-S"},{"r":"468","t":"08:10:44","h":"Est","s":"25N-H60N000S-98-S"},{"r":"468","t":"08:10:44","h":"Est","s":"25N-H60NV10S-98-S"},{"r":"468","t":"08:10:44","h":"Est","s":"25N-H60NV20S-98-S"},{"r":"468","t":"08:10:44","h":"Est","s":"25S-H60S000S-80-S"},{"r":"68","t":"08:11:06","h":"Est","s":"25N-H60N000S-80-S"},{"r":"68","t":"08:11:06","h":"Est","s":"25N-H60N000S-98-S"},{"r":"68","t":"08:11:06","h":"Est","s":"25N-H60NV10S-98-S"},{"r":"68","t":"08:11:06","h":"Est","s":"25N-H60NV20S-98-S"},{"r":"68","t":"08:11:06","h":"Est","s":"25S-H60S000S-80-S"},{"r":"68","t":"08:20:06","h":"Est","s":"25N-H60N000A-80-A"},{"r":"68","t":"08:20:06","h":"Est","s":"25N-H60NV10A-80-A"},{"r":"68","t":"08:20:06","h":"Est","s":"25N-H60NV20A-80-A"},{"r":"68","t":"08:20:06","h":"Est","s":"25S-H60S000A-80-A"},{"r":"68","t":"08:22:06","h":"Est","s":"25N-H60N000I-80-I"},{"r":"68","t":"08:22:06","h":"Est","s":"25N-H60N100F-81-F1"},{"r":"68","t":"08:22:06","h":"Est","s":"25N-H60N200F-81-F2"},{"r":"68","t":"08:22:06","h":"Est","s":"25N-H60N300F-82-F3"},{"r":"68","t":"08:22:06","h":"Est","s":"25N-H60N400F-81-F4"},{"r":"68","t":"08:22:06","h":"Est","s":"25N-H60NV10I-80-I"},{"r":"68","t":"08:22:06","h":"Est","s":"25N-H60NV20I-80-I"},{"r":"68","t":"08:22:06","h":"Est","s":"25S-H60S000I-80-I"},{"r":"68","t":"08:22:06","h":"Est","s":"25S-H60S100F-82-F1"},{"r":"68","t":"08:22:06","h":"Est","s":"25S-H60S200F-81-F2"},{"r":"468","t":"08:29:01","h":"Est","s":"25N-H60N000S-80-S"},{"r":"468","t":"08:29:01","h":"Est","s":"25N-H60N000S-98-S"},{"r":"468","t":"08:29:01","h":"Est","s":"25N-H60NV10S-98-S"},{"r":"468","t":"08:29:01","h":"Est","s":"25N-H60NV20S-98-S"},{"r":"468","t":"08:29:01","h":"Est","s":"25S-H60S000S-80-S"},{"r":"468","t":"08:36:18","h":"Est","s":"25N-H60N000S-98-S"},{"r":"468","t":"08:36:18","h":"Est","s":"25N-H60NV10S-98-S"},{"r":"468","t":"08:36:18","h":"Est","s":"25N-H60NV20S-98-S"},{"r":"468","t":"08:43:18","h":"Est","s":"25N-H60N000S-80-S"},{"r":"468","t":"08:43:18","h":"Est","s":"25N-H60N000S-98-S"},{"r":"468","t":"08:43:18","h":"Est","s":"25N-H60NV10S-98-S"},{"r":"468","t":"08:43:18","h":"Est","s":"25N-H60NV20S-98-S"},{"r":"468","t":"08:43:18","h":"Est","s":"25S-H60S000S-80-S"},{"r":"68","t":"08:46:06","h":"Est","s":"25N-H60N000S-80-S"},{"r":"68","t":"08:46:06","h":"Est","s":"25N-H60N000S-98-S"},{"r":"68","t":"08:46:06","h":"Est","s":"25N-H60NV10S-98-S"},{"r":"68","t":"08:46:06","h":"Est","s":"25N-H60NV20S-98-S"},{"r":"68","t":"08:46:06","h":"Est","s":"25S-H60S000S-80-S"},{"r":"68","t":"08:53:06","h":"Est","s":"25N-H60N000A-80-A"},{"r":"68","t":"08:53:06","h":"Est","s":"25N-H60NV10A-80-A"},{"r":"68","t":"08:53:06","h":"Est","s":"25N-H60NV20A-80-A"},{"r":"68","t":"08:53:06","h":"Est","s":"25S-H60S000A-80-A"},{"r":"68","t":"08:55:06","h":"Est","s":"25N-H60N000I-80-I"},{"r":"68","t":"08:55:06","h":"Est","s":"25N-H60N100F-81-F1"},{"r":"68","t":"08:55:06","h":"Est","s":"25N-H60N200F-81-F2"},{"r":"68","t":"08:55:06","h":"Est","s":"25N-H60N300F-82-F3"},{"r":"68","t":"08:55:06","h":"Est","s":"25N-H60N400F-81-F4"},{"r":"68","t":"08:55:06","h":"Est","s":"25N-H60NV10I-80-I"},{"r":"68","t":"08:55:06","h":"Est","s":"25N-H60NV20I-80-I"},{"r":"68","t":"08:55:06","h":"Est","s":"25S-H60S000I-80-I"},{"r":"68","t":"08:55:06","h":"Est","s":"25S-H60S100F-82-F1"},{"r":"68","t":"08:55:06","h":"Est","s":"25S-H60S200F-81-F2"},{"r":"468","t":"09:10:18","h":"Est","s":"25N-H60N000S-80-S"},{"r":"468","t":"09:10:18","h":"Est","s":"25N-H60N000S-98-S"},{"r":"468","t":"09:10:18","h":"Est","s":"25N-H60NV10S-98-S"},{"r":"468","t":"09:10:18","h":"Est","s":"25N-H60NV20S-98-S"},{"r":"468","t":"09:10:18","h":"Est","s":"25S-H60S000S-80-S"},{"r":"68","t":"09:16:06","h":"Est","s":"25N-H60N000S-80-S"},{"r":"68","t":"09:16:06","h":"Est","s":"25N-H60N000S-98-S"},{"r":"68","t":"09:16:06","h":"Est","s":"25N-H60NV10S-98-S"},{"r":"68","t":"09:16:06","h":"Est","s":"25N-H60NV20S-98-S"},{"r":"68","t":"09:16:06","h":"Est","s":"25S-H60S000S-80-S"},{"r":"68","t":"09:23:06","h":"Est","s":"25N-H60N000I-80-I"},{"r":"68","t":"09:23:06","h":"Est","s":"25N-H60N100F-81-F1"},{"r":"68","t":"09:23:06","h":"Est","s":"25N-H60N300F-82-F3"},{"r":"68","t":"09:23:06","h":"Est","s":"25N-H60NV10I-80-I"},{"r":"68","t":"09:23:06","h":"Est","s":"25N-H60NV20I-80-I"},{"r":"68","t":"09:23:06","h":"Est","s":"25S-H60S000I-80-I"},{"r":"68","t":"09:24:06","h":"Est","s":"25N-H60N200F-81-F2"},{"r":"68","t":"09:24:06","h":"Est","s":"25N-H60N400F-81-F4"},{"r":"68","t":"09:24:06","h":"Est","s":"25S-H60S100F-82-F1"},{"r":"68","t":"09:24:06","h":"Est","s":"25S-H60S200F-81-F2"},{"r":"68","t":"09:26:06","h":"Est","s":"25N-H60N000A-80-A"},{"r":"68","t":"09:26:06","h":"Est","s":"25N-H60NV10A-80-A"},{"r":"68","t":"09:26:06","h":"Est","s":"25N-H60NV20A-80-A"},{"r":"68","t":"09:26:06","h":"Est","s":"25S-H60S000A-80-A"},{"r":"468","t":"09:38:18","h":"Est","s":"25N-H60N000S-80-S"},{"r":"468","t":"09:38:18","h":"Est","s":"25N-H60N000S-98-S"},{"r":"468","t":"09:38:18","h":"Est","s":"25N-H60NV10S-98-S"},{"r":"468","t":"09:38:18","h":"Est","s":"25N-H60NV20S-98-S"},{"r":"468","t":"09:38:18","h":"Est","s":"25S-H60S000S-80-S"},{"r":"68","t":"09:48:06","h":"Est","s":"25N-H60N000S-80-S"},{"r":"68","t":"09:48:06","h":"Est","s":"25N-H60N000S-98-S"},{"r":"68","t":"09:48:06","h":"Est","s":"25N-H60NV10S-98-S"},{"r":"68","t":"09:48:06","h":"Est","s":"25N-H60NV20S-98-S"},{"r":"68","t":"09:48:06","h":"Est","s":"25S-H60S000S-80-S"},{"r":"68","t":"09:56:06","h":"Est","s":"25N-H60N000I-80-I"},{"r":"68","t":"09:56:06","h":"Est","s":"25N-H60N100F-81-F1"},{"r":"68","t":"09:56:06","h":"Est","s":"25N-H60N200F-81-F2"},{"r":"68","t":"09:56:06","h":"Est","s":"25N-H60N300F-82-F3"},{"r":"68","t":"09:56:06","h":"Est","s":"25N-H60N400F-81-F4"},{"r":"68","t":"09:56:06","h":"Est","s":"25N-H60NV10I-80-I"},{"r":"68","t":"09:56:06","h":"Est","s":"25N-H60NV20I-80-I"},{"r":"68","t":"09:56:06","h":"Est","s":"25S-H60S000I-80-I"},{"r":"68","t":"09:56:06","h":"Est","s":"25S-H60S100F-82-F1"},{"r":"68","t":"09:56:06","h":"Est","s":"25S-H60S200F-81-F2"},{"r":"68","t":"10:00:06","h":"Est","s":"25N-H60N000S-80-S"},{"r":"68","t":"10:00:06","h":"Est","s":"25N-H60N000S-98-S"},{"r":"68","t":"10:00:06","h":"Est","s":"25N-H60NV10S-98-S"},{"r":"68","t":"10:00:06","h":"Est","s":"25N-H60NV20S-98-S"},{"r":"68","t":"10:00:06","h":"Est","s":"25S-H60S000S-80-S"},{"r":"68","t":"10:01:06","h":"Est","s":"25N-H60N000A-80-A"},{"r":"68","t":"10:01:06","h":"Est","s":"25N-H60NV10A-80-A"},{"r":"68","t":"10:01:06","h":"Est","s":"25N-H60NV20A-80-A"},{"r":"68","t":"10:01:06","h":"Est","s":"25S-H60S000A-80-A"},{"r":"468","t":"10:08:18","h":"Est","s":"25N-H60N000S-80-S"},{"r":"468","t":"10:08:18","h":"Est","s":"25N-H60N000S-98-S"},{"r":"468","t":"10:08:18","h":"Est","s":"25N-H60NV10S-98-S"},{"r":"468","t":"10:08:18","h":"Est","s":"25N-H60NV20S-98-S"},{"r":"468","t":"10:08:18","h":"Est","s":"25S-H60S000S-80-S"},{"r":"68","t":"10:24:06","h":"Est","s":"25N-H60N000I-80-I"},{"r":"68","t":"10:24:06","h":"Est","s":"25N-H60N100F-81-F1"},{"r":"68","t":"10:24:06","h":"Est","s":"25N-H60N200F-81-F2"},{"r":"68","t":"10:24:06","h":"Est","s":"25N-H60N300F-82-F3"},{"r":"68","t":"10:24:06","h":"Est","s":"25N-H60N400F-81-F4"},{"r":"68","t":"10:24:06","h":"Est","s":"25N-H60NV10I-80-I"},{"r":"68","t":"10:24:06","h":"Est","s":"25N-H60NV20I-80-I"},{"r":"68","t":"10:24:06","h":"Est","s":"25S-H60S000I-80-I"},{"r":"68","t":"10:24:06","h":"Est","s":"25S-H60S100F-82-F1"},{"r":"68","t":"10:24:06","h":"Est","s":"25S-H60S200F-81-F2"},{"r":"68","t":"10:28:06","h":"Est","s":"25N-H60N000S-80-S"},{"r":"68","t":"10:28:06","h":"Est","s":"25N-H60N000S-98-S"},{"r":"68","t":"10:28:06","h":"Est","s":"25N-H60NV10S-98-S"},{"r":"68","t":"10:28:06","h":"Est","s":"25N-H60NV20S-98-S"},{"r":"68","t":"10:28:06","h":"Est","s":"25S-H60S000S-80-S"},{"r":"68","t":"10:30:06","h":"Est","s":"25N-H60N000A-80-A"},{"r":"68","t":"10:30:06","h":"Est","s":"25N-H60NV10A-80-A"},{"r":"68","t":"10:30:06","h":"Est","s":"25N-H60NV20A-80-A"},{"r":"68","t":"10:30:06","h":"Est","s":"25S-H60S000A-80-A"},{"r":"468","t":"10:37:18","h":"Est","s":"25N-H60N000S-80-S"},{"r":"468","t":"10:37:18","h":"Est","s":"25N-H60N000S-98-S"},{"r":"468","t":"10:37:18","h":"Est","s":"25N-H60NV10S-98-S"},{"r":"468","t":"10:37:18","h":"Est","s":"25N-H60NV20S-98-S"},{"r":"468","t":"10:37:18","h":"Est","s":"25S-H60S000S-80-S"},{"r":"68","t":"10:53:06","h":"Est","s":"25N-H60N000I-80-I"},{"r":"68","t":"10:53:06","h":"Est","s":"25N-H60N100F-81-F1"},{"r":"68","t":"10:53:06","h":"Est","s":"25N-H60N200F-81-F2"},{"r":"68","t":"10:53:06","h":"Est","s":"25N-H60N300F-82-F3"},{"r":"68","t":"10:53:06","h":"Est","s":"25N-H60N400F-81-F4"},{"r":"68","t":"10:53:06","h":"Est","s":"25N-H60NV10I-80-I"},{"r":"68","t":"10:53:06","h":"Est","s":"25N-H60NV20I-80-I"},{"r":"68","t":"10:53:06","h":"Est","s":"25S-H60S000I-80-I"},{"r":"68","t":"10:53:06","h":"Est","s":"25S-H60S100F-82-F1"},{"r":"68","t":"10:53:06","h":"Est","s":"25S-H60S200F-81-F2"},{"r":"68","t":"10:57:06","h":"Est","s":"25N-H60N000S-80-S"},{"r":"68","t":"10:57:06","h":"Est","s":"25N-H60N000S-98-S"},{"r":"68","t":"10:57:06","h":"Est","s":"25N-H60NV10S-98-S"},{"r":"68","t":"10:57:06","h":"Est","s":"25N-H60NV20S-98-S"},{"r":"68","t":"10:57:06","h":"Est","s":"25S-H60S000S-80-S"},{"r":"68","t":"10:58:06","h":"Est","s":"25N-H60N000A-80-A"},{"r":"68","t":"10:58:06","h":"Est","s":"25N-H60NV10A-80-A"},{"r":"68","t":"10:58:06","h":"Est","s":"25N-H60NV20A-80-A"},{"r":"68","t":"10:58:06","h":"Est","s":"25S-H60S000A-80-A"},{"r":"468","t":"11:06:18","h":"Est","s":"25N-H60N000S-80-S"},{"r":"468","t":"11:06:18","h":"Est","s":"25N-H60N000S-98-S"},{"r":"468","t":"11:06:18","h":"Est","s":"25N-H60NV10S-98-S"},{"r":"468","t":"11:06:18","h":"Est","s":"25N-H60NV20S-98-S"},{"r":"468","t":"11:06:18","h":"Est","s":"25S-H60S000S-80-S"},{"r":"68","t":"11:21:06","h":"Est","s":"25N-H60N000I-80-I"},{"r":"68","t":"11:21:06","h":"Est","s":"25N-H60N100F-81-F1"},{"r":"68","t":"11:21:06","h":"Est","s":"25N-H60N200F-81-F2"},{"r":"68","t":"11:21:06","h":"Est","s":"25N-H60N300F-82-F3"},{"r":"68","t":"11:21:06","h":"Est","s":"25N-H60N400F-81-F4"},{"r":"68","t":"11:21:06","h":"Est","s":"25N-H60NV10I-80-I"},{"r":"68","t":"11:21:06","h":"Est","s":"25N-H60NV20I-80-I"},{"r":"68","t":"11:21:06","h":"Est","s":"25S-H60S000I-80-I"},{"r":"68","t":"11:21:06","h":"Est","s":"25S-H60S100F-82-F1"},{"r":"68","t":"11:21:06","h":"Est","s":"25S-H60S200F-81-F2"},{"r":"68","t":"11:26:06","h":"Est","s":"25N-H50N000S-80-S"},{"r":"68","t":"11:26:06","h":"Est","s":"25N-H50N000S-90-S"},{"r":"68","t":"11:26:06","h":"Est","s":"25N-H50NV10S-90-S"},{"r":"68","t":"11:26:06","h":"Est","s":"25N-H50NV20S-90-S"},{"r":"68","t":"11:26:06","h":"Est","s":"25S-H50S000S-81-S"},{"r":"68","t":"11:27:06","h":"Est","s":"25N-H60N000A-80-A"},{"r":"68","t":"11:27:06","h":"Est","s":"25N-H60NV10A-80-A"},{"r":"68","t":"11:27:06","h":"Est","s":"25N-H60NV20A-80-A"},{"r":"68","t":"11:27:06","h":"Est","s":"25S-H60S000A-80-A"},{"r":"468","t":"11:35:18","h":"Est","s":"25N-H60N000S-80-S"},{"r":"468","t":"11:35:18","h":"Est","s":"25N-H60N000S-98-S"},{"r":"468","t":"11:35:18","h":"Est","s":"25N-H60NV10S-98-S"},{"r":"468","t":"11:35:18","h":"Est","s":"25N-H60NV20S-98-S"},{"r":"468","t":"11:35:18","h":"Est","s":"25S-H60S000S-80-S"},{"r":"68","t":"11:50:06","h":"Est","s":"25N-H60N000I-80-I"},{"r":"68","t":"11:50:06","h":"Est","s":"25N-H60N100F-81-F1"},{"r":"68","t":"11:50:06","h":"Est","s":"25N-H60N200F-81-F2"},{"r":"68","t":"11:50:06","h":"Est","s":"25N-H60N300F-82-F3"},{"r":"68","t":"11:50:06","h":"Est","s":"25N-H60N400F-81-F4"},{"r":"68","t":"11:50:06","h":"Est","s":"25N-H60NV10I-80-I"},{"r":"68","t":"11:50:06","h":"Est","s":"25N-H60NV20I-80-I"},{"r":"68","t":"11:50:06","h":"Est","s":"25S-H60S000I-80-I"},{"r":"68","t":"11:50:06","h":"Est","s":"25S-H60S100F-82-F1"},{"r":"68","t":"11:50:06","h":"Est","s":"25S-H60S200F-81-F2"},{"r":"68","t":"11:55:06","h":"Est","s":"25N-H60N000S-80-S"},{"r":"68","t":"11:55:06","h":"Est","s":"25N-H60N000S-98-S"},{"r":"68","t":"11:55:06","h":"Est","s":"25N-H60NV10S-98-S"},{"r":"68","t":"11:55:06","h":"Est","s":"25N-H60NV20S-98-S"},{"r":"68","t":"11:55:06","h":"Est","s":"25S-H60S000S-80-S"},{"r":"68","t":"11:57:06","h":"Est","s":"25N-H60N000A-80-A"},{"r":"68","t":"11:57:06","h":"Est","s":"25N-H60NV10A-80-A"},{"r":"68","t":"11:57:06","h":"Est","s":"25N-H60NV20A-80-A"},{"r":"68","t":"11:57:06","h":"Est","s":"25S-H60S000A-80-A"},{"r":"468","t":"12:04:18","h":"Est","s":"25N-H60N000S-80-S"},{"r":"468","t":"12:04:18","h":"Est","s":"25N-H60N000S-98-S"},{"r":"468","t":"12:04:18","h":"Est","s":"25N-H60NV10S-98-S"},{"r":"468","t":"12:04:18","h":"Est","s":"25N-H60NV20S-98-S"},{"r":"468","t":"12:04:18","h":"Est","s":"25S-H60S000S-80-S"},{"r":"68","t":"12:20:06","h":"Est","s":"25N-H60N000I-80-I"},{"r":"68","t":"12:20:06","h":"Est","s":"25N-H60N100F-81-F1"},{"r":"68","t":"12:20:06","h":"Est","s":"25N-H60N200F-81-F2"},{"r":"68","t":"12:20:06","h":"Est","s":"25N-H60N300F-82-F3"},{"r":"68","t":"12:20:06","h":"Est","s":"25N-H60N400F-81-F4"},{"r":"68","t":"12:20:06","h":"Est","s":"25N-H60NV10I-80-I"},{"r":"68","t":"12:20:06","h":"Est","s":"25N-H60NV20I-80-I"},{"r":"68","t":"12:20:06","h":"Est","s":"25S-H60S000I-80-I"},{"r":"68","t":"12:20:06","h":"Est","s":"25S-H60S100F-82-F1"},{"r":"68","t":"12:20:06","h":"Est","s":"25S-H60S200F-81-F2"},{"r":"68","t":"12:24:06","h":"Est","s":"25N-H60N000S-80-S"},{"r":"68","t":"12:24:06","h":"Est","s":"25N-H60N000S-98-S"},{"r":"68","t":"12:24:06","h":"Est","s":"25N-H60NV10S-98-S"},{"r":"68","t":"12:24:06","h":"Est","s":"25N-H60NV20S-98-S"},{"r":"68","t":"12:24:06","h":"Est","s":"25S-H60S000S-80-S"},{"r":"68","t":"12:29:06","h":"Est","s":"25N-H60N000A-80-A"},{"r":"68","t":"12:29:06","h":"Est","s":"25N-H60NV10A-80-A"},{"r":"68","t":"12:29:06","h":"Est","s":"25N-H60NV20A-80-A"},{"r":"68","t":"12:29:06","h":"Est","s":"25S-H60S000A-80-A"},{"r":"468","t":"12:32:18","h":"Est","s":"25N-H60N000S-80-S"},{"r":"468","t":"12:32:18","h":"Est","s":"25N-H60N000S-98-S"},{"r":"468","t":"12:32:18","h":"Est","s":"25N-H60NV10S-98-S"},{"r":"468","t":"12:32:18","h":"Est","s":"25N-H60NV20S-98-S"},{"r":"468","t":"12:32:18","h":"Est","s":"25S-H60S000S-80-S"},{"r":"68","t":"12:51:06","h":"Est","s":"25N-H60N000I-80-I"},{"r":"68","t":"12:51:06","h":"Est","s":"25N-H60N100F-81-F1"},{"r":"68","t":"12:51:06","h":"Est","s":"25N-H60N200F-81-F2"},{"r":"68","t":"12:51:06","h":"Est","s":"25N-H60N300F-82-F3"},{"r":"68","t":"12:51:06","h":"Est","s":"25N-H60N400F-81-F4"},{"r":"68","t":"12:51:06","h":"Est","s":"25N-H60NV10I-80-I"},{"r":"68","t":"12:51:06","h":"Est","s":"25N-H60NV20I-80-I"},{"r":"68","t":"12:51:06","h":"Est","s":"25S-H60S000I-80-I"},{"r":"68","t":"12:51:06","h":"Est","s":"25S-H60S100F-82-F1"},{"r":"68","t":"12:51:06","h":"Est","s":"25S-H60S200F-81-F2"},{"r":"68","t":"12:53:06","h":"Est","s":"25N-H60N000S-80-S"},{"r":"68","t":"12:53:06","h":"Est","s":"25N-H60N000S-98-S"},{"r":"68","t":"12:53:06","h":"Est","s":"25N-H60NV10S-98-S"},{"r":"68","t":"12:53:06","h":"Est","s":"25N-H60NV20S-98-S"},{"r":"68","t":"12:53:06","h":"Est","s":"25S-H60S000S-80-S"},{"r":"68","t":"12:59:06","h":"Est","s":"25N-H60N000A-80-A"},{"r":"68","t":"12:59:06","h":"Est","s":"25N-H60NV10A-80-A"},{"r":"68","t":"12:59:06","h":"Est","s":"25N-H60NV20A-80-A"},{"r":"68","t":"12:59:06","h":"Est","s":"25S-H60S000A-80-A"},{"r":"468","t":"13:00:18","h":"Est","s":"25N-H60N000S-80-S"},{"r":"468","t":"13:00:18","h":"Est","s":"25N-H60N000S-98-S"},{"r":"468","t":"13:00:18","h":"Est","s":"25N-H60NV10S-98-S"},{"r":"468","t":"13:00:18","h":"Est","s":"25N-H60NV20S-98-S"},{"r":"468","t":"13:00:18","h":"Est","s":"25S-H60S000S-80-S"},{"r":"68","t":"13:21:06","h":"Est","s":"25N-H60N000I-80-I"},{"r":"68","t":"13:21:06","h":"Est","s":"25N-H60N100F-81-F1"},{"r":"68","t":"13:21:06","h":"Est","s":"25N-H60N200F-81-F2"},{"r":"68","t":"13:21:06","h":"Est","s":"25N-H60N300F-82-F3"},{"r":"68","t":"13:21:06","h":"Est","s":"25N-H60N400F-81-F4"},{"r":"68","t":"13:21:06","h":"Est","s":"25N-H60NV10I-80-I"},{"r":"68","t":"13:21:06","h":"Est","s":"25N-H60NV20I-80-I"},{"r":"68","t":"13:21:06","h":"Est","s":"25S-H60S000I-80-I"},{"r":"68","t":"13:21:06","h":"Est","s":"25S-H60S100F-82-F1"},{"r":"68","t":"13:21:06","h":"Est","s":"25S-H60S200F-81-F2"},{"r":"68","t":"13:22:06","h":"Est","s":"25N-H60N000S-80-S"},{"r":"68","t":"13:22:06","h":"Est","s":"25N-H60N000S-98-S"},{"r":"68","t":"13:22:06","h":"Est","s":"25N-H60NV10S-98-S"},{"r":"68","t":"13:22:06","h":"Est","s":"25N-H60NV20S-98-S"},{"r":"68","t":"13:22:06","h":"Est","s":"25S-H60S000S-80-S"},{"r":"468","t":"13:28:18","h":"Est","s":"25N-H60N000S-80-S"},{"r":"468","t":"13:28:18","h":"Est","s":"25N-H60N000S-98-S"},{"r":"468","t":"13:28:18","h":"Est","s":"25N-H60NV10S-98-S"},{"r":"468","t":"13:28:18","h":"Est","s":"25N-H60NV20S-98-S"},{"r":"468","t":"13:28:18","h":"Est","s":"25S-H60S000S-80-S"},{"r":"68","t":"13:29:06","h":"Est","s":"25N-H60N000A-80-A"},{"r":"68","t":"13:29:06","h":"Est","s":"25N-H60NV10A-80-A"},{"r":"68","t":"13:29:06","h":"Est","s":"25N-H60NV20A-80-A"},{"r":"68","t":"13:29:06","h":"Est","s":"25S-H60S000A-80-A"},{"r":"68","t":"13:50:06","h":"Est","s":"25N-H60N000S-80-S"},{"r":"68","t":"13:50:06","h":"Est","s":"25N-H60N000S-98-S"},{"r":"68","t":"13:50:06","h":"Est","s":"25N-H60NV10S-98-S"},{"r":"68","t":"13:50:06","h":"Est","s":"25N-H60NV20S-98-S"},{"r":"68","t":"13:50:06","h":"Est","s":"25S-H60S000S-80-S"},{"r":"68","t":"13:51:06","h":"Est","s":"25N-H60N000I-80-I"},{"r":"68","t":"13:51:06","h":"Est","s":"25N-H60N100F-81-F1"},{"r":"68","t":"13:51:06","h":"Est","s":"25N-H60N200F-81-F2"},{"r":"68","t":"13:51:06","h":"Est","s":"25N-H60N300F-82-F3"},{"r":"68","t":"13:51:06","h":"Est","s":"25N-H60N400F-81-F4"},{"r":"68","t":"13:51:06","h":"Est","s":"25N-H60NV10I-80-I"},{"r":"68","t":"13:51:06","h":"Est","s":"25N-H60NV20I-80-I"},{"r":"68","t":"13:51:06","h":"Est","s":"25S-H60S000I-80-I"},{"r":"68","t":"13:51:06","h":"Est","s":"25S-H60S100F-82-F1"},{"r":"68","t":"13:51:06","h":"Est","s":"25S-H60S200F-81-F2"},{"r":"468","t":"13:56:18","h":"Est","s":"25N-H60N000S-80-S"},{"r":"468","t":"13:56:18","h":"Est","s":"25N-H60N000S-98-S"},{"r":"468","t":"13:56:18","h":"Est","s":"25N-H60NV10S-98-S"},{"r":"468","t":"13:56:18","h":"Est","s":"25N-H60NV20S-98-S"},{"r":"468","t":"13:56:18","h":"Est","s":"25S-H60S000S-80-S"},{"r":"68","t":"13:59:06","h":"Est","s":"25N-H60N000A-80-A"},{"r":"68","t":"13:59:06","h":"Est","s":"25N-H60NV10A-80-A"},{"r":"68","t":"13:59:06","h":"Est","s":"25N-H60NV20A-80-A"},{"r":"68","t":"13:59:06","h":"Est","s":"25S-H60S000A-80-A"},{"r":"68","t":"14:19:06","h":"Est","s":"25N-H60N000S-80-S"},{"r":"68","t":"14:19:06","h":"Est","s":"25N-H60N000S-98-S"},{"r":"68","t":"14:19:06","h":"Est","s":"25N-H60NV10S-98-S"},{"r":"68","t":"14:19:06","h":"Est","s":"25N-H60NV20S-98-S"},{"r":"68","t":"14:19:06","h":"Est","s":"25S-H60S000S-80-S"},{"r":"68","t":"14:21:06","h":"Est","s":"25N-H60N000I-80-I"},{"r":"68","t":"14:21:06","h":"Est","s":"25N-H60N100F-81-F1"},{"r":"68","t":"14:21:06","h":"Est","s":"25N-H60N200F-81-F2"},{"r":"68","t":"14:21:06","h":"Est","s":"25N-H60N300F-82-F3"},{"r":"68","t":"14:21:06","h":"Est","s":"25N-H60N400F-81-F4"},{"r":"68","t":"14:21:06","h":"Est","s":"25N-H60NV10I-80-I"},{"r":"68","t":"14:21:06","h":"Est","s":"25N-H60NV20I-80-I"},{"r":"68","t":"14:21:06","h":"Est","s":"25S-H60S000I-80-I"},{"r":"68","t":"14:21:06","h":"Est","s":"25S-H60S100F-82-F1"},{"r":"68","t":"14:21:06","h":"Est","s":"25S-H60S200F-81-F2"},{"r":"468","t":"14:26:18","h":"Est","s":"25N-H60N000S-80-S"},{"r":"468","t":"14:26:18","h":"Est","s":"25N-H60N000S-98-S"},{"r":"468","t":"14:26:18","h":"Est","s":"25N-H60NV10S-98-S"},{"r":"468","t":"14:26:18","h":"Est","s":"25N-H60NV20S-98-S"},{"r":"468","t":"14:26:18","h":"Est","s":"25S-H60S000S-80-S"},{"r":"68","t":"14:29:06","h":"Est","s":"25N-H60N000A-80-A"},{"r":"68","t":"14:29:06","h":"Est","s":"25N-H60NV10A-80-A"},{"r":"68","t":"14:29:06","h":"Est","s":"25N-H60NV20A-80-A"},{"r":"68","t":"14:29:06","h":"Est","s":"25S-H60S000A-80-A"},{"r":"68","t":"14:51:06","h":"Est","s":"25N-H60N000I-80-I"},{"r":"68","t":"14:51:06","h":"Est","s":"25N-H60N100F-81-F1"},{"r":"68","t":"14:51:06","h":"Est","s":"25N-H60N200F-81-F2"},{"r":"68","t":"14:51:06","h":"Est","s":"25N-H60N300F-82-F3"},{"r":"68","t":"14:51:06","h":"Est","s":"25N-H60N400F-81-F4"},{"r":"68","t":"14:51:06","h":"Est","s":"25N-H60NV10I-80-I"},{"r":"68","t":"14:51:06","h":"Est","s":"25N-H60NV20I-80-I"},{"r":"68","t":"14:51:06","h":"Est","s":"25S-H60S000I-80-I"},{"r":"68","t":"14:51:06","h":"Est","s":"25S-H60S100F-82-F1"},{"r":"68","t":"14:51:06","h":"Est","s":"25S-H60S200F-81-F2"},{"r":"68","t":"14:52:06","h":"Est","s":"25N-H60N000S-80-S"},{"r":"68","t":"14:52:06","h":"Est","s":"25N-H60N000S-98-S"},{"r":"68","t":"14:52:06","h":"Est","s":"25N-H60NV10S-98-S"},{"r":"68","t":"14:52:06","h":"Est","s":"25N-H60NV20S-98-S"},{"r":"68","t":"14:52:06","h":"Est","s":"25S-H60S000S-80-S"},{"r":"468","t":"14:57:18","h":"Est","s":"25N-H60N000S-80-S"},{"r":"468","t":"14:57:18","h":"Est","s":"25N-H60N000S-98-S"},{"r":"468","t":"14:57:18","h":"Est","s":"25N-H60NV10S-98-S"},{"r":"468","t":"14:57:18","h":"Est","s":"25N-H60NV20S-98-S"},{"r":"468","t":"14:57:18","h":"Est","s":"25S-H60S000S-80-S"},{"r":"68","t":"14:58:06","h":"Est","s":"25N-H60N000A-80-A"},{"r":"68","t":"14:58:06","h":"Est","s":"25N-H60NV10A-80-A"},{"r":"68","t":"14:58:06","h":"Est","s":"25N-H60NV20A-80-A"},{"r":"68","t":"14:58:06","h":"Est","s":"25S-H60S000A-80-A"},{"r":"68","t":"15:21:06","h":"Est","s":"25N-H60N000I-80-I"},{"r":"68","t":"15:21:06","h":"Est","s":"25N-H60N100F-81-F1"},{"r":"68","t":"15:21:06","h":"Est","s":"25N-H60N200F-81-F2"},{"r":"68","t":"15:21:06","h":"Est","s":"25N-H60N300F-82-F3"},{"r":"68","t":"15:21:06","h":"Est","s":"25N-H60N400F-81-F4"},{"r":"68","t":"15:21:06","h":"Est","s":"25N-H60NV10I-80-I"},{"r":"68","t":"15:21:06","h":"Est","s":"25N-H60NV20I-80-I"},{"r":"68","t":"15:21:06","h":"Est","s":"25S-H60S000I-80-I"},{"r":"68","t":"15:21:06","h":"Est","s":"25S-H60S100F-82-F1"},{"r":"68","t":"15:21:06","h":"Est","s":"25S-H60S200F-81-F2"},{"r":"68","t":"15:23:06","h":"Est","s":"25N-H60N000S-80-S"},{"r":"68","t":"15:23:06","h":"Est","s":"25N-H60N000S-98-S"},{"r":"68","t":"15:23:06","h":"Est","s":"25N-H60NV10S-98-S"},{"r":"68","t":"15:23:06","h":"Est","s":"25N-H60NV20S-98-S"},{"r":"68","t":"15:23:06","h":"Est","s":"25S-H60S000S-80-S"},{"r":"68","t":"15:28:06","h":"Est","s":"25N-H60N000A-80-A"},{"r":"68","t":"15:28:06","h":"Est","s":"25N-H60NV10A-80-A"},{"r":"68","t":"15:28:06","h":"Est","s":"25N-H60NV20A-80-A"},{"r":"68","t":"15:28:06","h":"Est","s":"25S-H60S000A-80-A"},{"r":"468","t":"15:30:01","h":"Est","s":"25N-H60N000S-80-S"},{"r":"468","t":"15:30:01","h":"Est","s":"25N-H60N000S-98-S"},{"r":"468","t":"15:30:01","h":"Est","s":"25N-H60NV10S-98-S"},{"r":"468","t":"15:30:01","h":"Est","s":"25N-H60NV20S-98-S"},{"r":"468","t":"15:30:01","h":"Est","s":"25S-H60S000S-80-S"},{"r":"68","t":"15:52:06","h":"Est","s":"25N-H60N000I-80-I"},{"r":"68","t":"15:52:06","h":"Est","s":"25N-H60N100F-81-F1"},{"r":"68","t":"15:52:06","h":"Est","s":"25N-H60N200F-81-F2"},{"r":"68","t":"15:52:06","h":"Est","s":"25N-H60N300F-82-F3"},{"r":"68","t":"15:52:06","h":"Est","s":"25N-H60N400F-81-F4"},{"r":"68","t":"15:52:06","h":"Est","s":"25N-H60NV10I-80-I"},{"r":"68","t":"15:52:06","h":"Est","s":"25N-H60NV20I-80-I"},{"r":"68","t":"15:52:06","h":"Est","s":"25S-H60S000I-80-I"},{"r":"68","t":"15:52:06","h":"Est","s":"25S-H60S100F-82-F1"},{"r":"68","t":"15:52:06","h":"Est","s":"25S-H60S200F-81-F2"},{"r":"68","t":"15:58:06","h":"Est","s":"25N-H60N000A-80-A"},{"r":"68","t":"15:58:06","h":"Est","s":"25N-H60NV10A-80-A"},{"r":"68","t":"15:58:06","h":"Est","s":"25N-H60NV20A-80-A"},{"r":"68","t":"15:58:06","h":"Est","s":"25S-H60S000A-80-A"},{"r":"68","t":"16:00:06","h":"Est","s":"25N-H60N000S-80-S"},{"r":"68","t":"16:00:06","h":"Est","s":"25N-H60N000S-98-S"},{"r":"68","t":"16:00:06","h":"Est","s":"25N-H60NV10S-98-S"},{"r":"68","t":"16:00:06","h":"Est","s":"25N-H60NV20S-98-S"},{"r":"68","t":"16:00:06","h":"Est","s":"25S-H60S000S-80-S"},{"r":"468","t":"16:01:01","h":"Est","s":"25N-H60N000S-80-S"},{"r":"468","t":"16:01:01","h":"Est","s":"25N-H60N000S-98-S"},{"r":"468","t":"16:01:01","h":"Est","s":"25N-H60NV10S-98-S"},{"r":"468","t":"16:01:01","h":"Est","s":"25N-H60NV20S-98-S"},{"r":"468","t":"16:01:01","h":"Est","s":"25S-H60S000S-80-S"},{"r":"68","t":"16:22:06","h":"Est","s":"25N-H60N000I-80-I"},{"r":"68","t":"16:22:06","h":"Est","s":"25N-H60N100F-81-F1"},{"r":"68","t":"16:22:06","h":"Est","s":"25N-H60N200F-81-F2"},{"r":"68","t":"16:22:06","h":"Est","s":"25N-H60N300F-82-F3"},{"r":"68","t":"16:22:06","h":"Est","s":"25N-H60N400F-81-F4"},{"r":"68","t":"16:22:06","h":"Est","s":"25N-H60NV10I-80-I"},{"r":"68","t":"16:22:06","h":"Est","s":"25N-H60NV20I-80-I"},{"r":"68","t":"16:22:06","h":"Est","s":"25S-H60S000I-80-I"},{"r":"68","t":"16:22:06","h":"Est","s":"25S-H60S100F-82-F1"},{"r":"68","t":"16:22:06","h":"Est","s":"25S-H60S200F-81-F2"},{"r":"468","t":"16:25:01","h":"Est","s":"25N-H60N000S-80-S"},{"r":"468","t":"16:25:01","h":"Est","s":"25N-H60N000S-98-S"},{"r":"468","t":"16:25:01","h":"Est","s":"25N-H60NV10S-98-S"},{"r":"468","t":"16:25:01","h":"Est","s":"25N-H60NV20S-98-S"},{"r":"468","t":"16:25:01","h":"Est","s":"25S-H60S000S-80-S"},{"r":"68","t":"16:26:06","h":"Est","s":"25N-H60N000S-80-S"},{"r":"68","t":"16:26:06","h":"Est","s":"25N-H60N000S-98-S"},{"r":"68","t":"16:26:06","h":"Est","s":"25N-H60NV10S-98-S"},{"r":"68","t":"16:26:06","h":"Est","s":"25N-H60NV20S-98-S"},{"r":"68","t":"16:26:06","h":"Est","s":"25S-H60S000S-80-S"},{"r":"68","t":"16:28:06","h":"Est","s":"25N-H60N000A-80-A"},{"r":"68","t":"16:28:06","h":"Est","s":"25N-H60NV10A-80-A"},{"r":"68","t":"16:28:06","h":"Est","s":"25N-H60NV20A-80-A"},{"r":"68","t":"16:28:06","h":"Est","s":"25S-H60S000A-80-A"},{"r":"468","t":"16:49:01","h":"Est","s":"25N-H60N000S-80-S"},{"r":"468","t":"16:49:01","h":"Est","s":"25N-H60N000S-98-S"},{"r":"468","t":"16:49:01","h":"Est","s":"25N-H60NV10S-98-S"},{"r":"468","t":"16:49:01","h":"Est","s":"25N-H60NV20S-98-S"},{"r":"468","t":"16:49:01","h":"Est","s":"25S-H60S000S-80-S"},{"r":"68","t":"16:53:06","h":"Est","s":"25N-H60N000I-80-I"},{"r":"68","t":"16:53:06","h":"Est","s":"25N-H60N100F-81-F1"},{"r":"68","t":"16:53:06","h":"Est","s":"25N-H60N200F-81-F2"},{"r":"68","t":"16:53:06","h":"Est","s":"25N-H60N300F-82-F3"},{"r":"68","t":"16:53:06","h":"Est","s":"25N-H60N400F-81-F4"},{"r":"68","t":"16:53:06","h":"Est","s":"25N-H60NV10I-80-I"},{"r":"68","t":"16:53:06","h":"Est","s":"25N-H60NV20I-80-I"},{"r":"68","t":"16:53:06","h":"Est","s":"25S-H60S000I-80-I"},{"r":"68","t":"16:53:06","h":"Est","s":"25S-H60S100F-82-F1"},{"r":"68","t":"16:53:06","h":"Est","s":"25S-H60S200F-81-F2"},{"r":"68","t":"16:57:06","h":"Est","s":"25N-H60N000A-80-A"},{"r":"68","t":"16:57:06","h":"Est","s":"25N-H60NV10A-80-A"},{"r":"68","t":"16:57:06","h":"Est","s":"25N-H60NV20A-80-A"},{"r":"68","t":"16:57:06","h":"Est","s":"25S-H60S000A-80-A"},{"r":"68","t":"16:59:06","h":"Est","s":"25N-H60N000S-80-S"},{"r":"68","t":"16:59:06","h":"Est","s":"25N-H60N000S-98-S"},{"r":"68","t":"16:59:06","h":"Est","s":"25N-H60NV10S-98-S"},{"r":"68","t":"16:59:06","h":"Est","s":"25N-H60NV20S-98-S"},{"r":"68","t":"16:59:06","h":"Est","s":"25S-H60S000S-80-S"},{"r":"468","t":"17:13:01","h":"Est","s":"25N-H60N000S-80-S"},{"r":"468","t":"17:13:01","h":"Est","s":"25N-H60N000S-98-S"},{"r":"468","t":"17:13:01","h":"Est","s":"25N-H60NV10S-98-S"},{"r":"468","t":"17:13:01","h":"Est","s":"25N-H60NV20S-98-S"},{"r":"468","t":"17:13:01","h":"Est","s":"25S-H60S000S-80-S"},{"r":"68","t":"17:22:06","h":"Est","s":"25N-H60N000I-80-I"},{"r":"68","t":"17:22:06","h":"Est","s":"25N-H60N100F-81-F1"},{"r":"68","t":"17:22:06","h":"Est","s":"25N-H60N200F-81-F2"},{"r":"68","t":"17:22:06","h":"Est","s":"25N-H60N300F-82-F3"},{"r":"68","t":"17:22:06","h":"Est","s":"25N-H60N400F-81-F4"},{"r":"68","t":"17:22:06","h":"Est","s":"25N-H60NV10I-80-I"},{"r":"68","t":"17:22:06","h":"Est","s":"25N-H60NV20I-80-I"},{"r":"68","t":"17:22:06","h":"Est","s":"25S-H60S000I-80-I"},{"r":"68","t":"17:22:06","h":"Est","s":"25S-H60S100F-82-F1"},{"r":"68","t":"17:22:06","h":"Est","s":"25S-H60S200F-81-F2"},{"r":"68","t":"17:25:06","h":"Est","s":"25N-H60N000A-80-A"},{"r":"68","t":"17:25:06","h":"Est","s":"25N-H60NV10A-80-A"},{"r":"68","t":"17:25:06","h":"Est","s":"25N-H60NV20A-80-A"},{"r":"68","t":"17:25:06","h":"Est","s":"25S-H60S000A-80-A"},{"r":"68","t":"17:26:06","h":"Est","s":"25N-H60N000S-80-S"},{"r":"68","t":"17:26:06","h":"Est","s":"25N-H60N000S-98-S"},{"r":"68","t":"17:26:06","h":"Est","s":"25N-H60NV10S-98-S"},{"r":"68","t":"17:26:06","h":"Est","s":"25N-H60NV20S-98-S"},{"r":"68","t":"17:26:06","h":"Est","s":"25S-H60S000S-80-S"},{"r":"468","t":"17:36:18","h":"Est","s":"25N-H60N000S-80-S"},{"r":"468","t":"17:36:18","h":"Est","s":"25N-H60N000S-98-S"},{"r":"468","t":"17:36:18","h":"Est","s":"25N-H60NV10S-98-S"},{"r":"468","t":"17:36:18","h":"Est","s":"25N-H60NV20S-98-S"},{"r":"468","t":"17:36:18","h":"Est","s":"25S-H60S000S-80-S"},{"r":"68","t":"17:49:06","h":"Est","s":"25N-H60N000I-80-I"},{"r":"68","t":"17:49:06","h":"Est","s":"25N-H60N100F-81-F1"},{"r":"68","t":"17:49:06","h":"Est","s":"25N-H60N200F-81-F2"},{"r":"68","t":"17:49:06","h":"Est","s":"25N-H60N300F-82-F3"},{"r":"68","t":"17:49:06","h":"Est","s":"25N-H60N400F-81-F4"},{"r":"68","t":"17:49:06","h":"Est","s":"25N-H60NV10I-80-I"},{"r":"68","t":"17:49:06","h":"Est","s":"25N-H60NV20I-80-I"},{"r":"68","t":"17:49:06","h":"Est","s":"25S-H60S000I-80-I"},{"r":"68","t":"17:49:06","h":"Est","s":"25S-H60S100F-82-F1"},{"r":"68","t":"17:49:06","h":"Est","s":"25S-H60S200F-81-F2"},{"r":"68","t":"17:53:06","h":"Est","s":"25N-H60N000S-80-S"},{"r":"68","t":"17:53:06","h":"Est","s":"25N-H60N000S-98-S"},{"r":"68","t":"17:53:06","h":"Est","s":"25N-H60NV10S-98-S"},{"r":"68","t":"17:53:06","h":"Est","s":"25N-H60NV20S-98-S"},{"r":"68","t":"17:53:06","h":"Est","s":"25S-H60S000S-80-S"},{"r":"68","t":"17:54:06","h":"Est","s":"25N-H60N000A-80-A"},{"r":"68","t":"17:54:06","h":"Est","s":"25N-H60NV10A-80-A"},{"r":"68","t":"17:54:06","h":"Est","s":"25N-H60NV20A-80-A"},{"r":"68","t":"17:54:06","h":"Est","s":"25S-H60S000A-80-A"},{"r":"468","t":"18:01:18","h":"Est","s":"25N-H60N000S-80-S"},{"r":"468","t":"18:01:18","h":"Est","s":"25N-H60N000S-98-S"},{"r":"468","t":"18:01:18","h":"Est","s":"25N-H60NV10S-98-S"},{"r":"468","t":"18:01:18","h":"Est","s":"25N-H60NV20S-98-S"},{"r":"468","t":"18:01:18","h":"Est","s":"25S-H60S000S-80-S"},{"r":"68","t":"18:19:06","h":"Est","s":"25N-H60N000I-80-I"},{"r":"68","t":"18:19:06","h":"Est","s":"25N-H60N100F-81-F1"},{"r":"68","t":"18:19:06","h":"Est","s":"25N-H60N200F-81-F2"},{"r":"68","t":"18:19:06","h":"Est","s":"25N-H60N300F-82-F3"},{"r":"68","t":"18:19:06","h":"Est","s":"25N-H60N400F-81-F4"},{"r":"68","t":"18:19:06","h":"Est","s":"25N-H60NV10I-80-I"},{"r":"68","t":"18:19:06","h":"Est","s":"25N-H60NV20I-80-I"},{"r":"68","t":"18:19:06","h":"Est","s":"25S-H60S000I-80-I"},{"r":"68","t":"18:19:06","h":"Est","s":"25S-H60S100F-82-F1"},{"r":"68","t":"18:19:06","h":"Est","s":"25S-H60S200F-81-F2"},{"r":"68","t":"18:21:06","h":"Est","s":"25N-H60N000S-80-S"},{"r":"68","t":"18:21:06","h":"Est","s":"25N-H60N000S-98-S"},{"r":"68","t":"18:21:06","h":"Est","s":"25N-H60NV10S-98-S"},{"r":"68","t":"18:21:06","h":"Est","s":"25N-H60NV20S-98-S"},{"r":"68","t":"18:21:06","h":"Est","s":"25S-H60S000S-80-S"},{"r":"68","t":"18:24:06","h":"Est","s":"25N-H60N000A-80-A"},{"r":"68","t":"18:24:06","h":"Est","s":"25N-H60NV10A-80-A"},{"r":"68","t":"18:24:06","h":"Est","s":"25N-H60NV20A-80-A"},{"r":"68","t":"18:24:06","h":"Est","s":"25S-H60S000A-80-A"},{"r":"468","t":"18:29:18","h":"Est","s":"25N-H60N000S-80-S"},{"r":"468","t":"18:29:18","h":"Est","s":"25N-H60N000S-98-S"},{"r":"468","t":"18:29:18","h":"Est","s":"25N-H60NV10S-98-S"},{"r":"468","t":"18:29:18","h":"Est","s":"25N-H60NV20S-98-S"},{"r":"468","t":"18:29:18","h":"Est","s":"25S-H60S000S-80-S"},{"r":"68","t":"18:49:06","h":"Est","s":"25N-H60N000I-80-I"},{"r":"68","t":"18:49:06","h":"Est","s":"25N-H60N100F-81-F1"},{"r":"68","t":"18:49:06","h":"Est","s":"25N-H60N200F-81-F2"},{"r":"68","t":"18:49:06","h":"Est","s":"25N-H60N300F-82-F3"},{"r":"68","t":"18:49:06","h":"Est","s":"25N-H60N400F-81-F4"},{"r":"68","t":"18:49:06","h":"Est","s":"25N-H60NV10I-80-I"},{"r":"68","t":"18:49:06","h":"Est","s":"25N-H60NV20I-80-I"},{"r":"68","t":"18:49:06","h":"Est","s":"25S-H60S000I-80-I"},{"r":"68","t":"18:49:06","h":"Est","s":"25S-H60S100F-82-F1"},{"r":"68","t":"18:49:06","h":"Est","s":"25S-H60S200F-81-F2"},{"r":"68","t":"18:50:06","h":"Est","s":"25N-H60N000S-80-S"},{"r":"68","t":"18:50:06","h":"Est","s":"25N-H60N000S-98-S"},{"r":"68","t":"18:50:06","h":"Est","s":"25N-H60NV10S-98-S"},{"r":"68","t":"18:50:06","h":"Est","s":"25N-H60NV20S-98-S"},{"r":"68","t":"18:50:06","h":"Est","s":"25S-H60S000S-80-S"},{"r":"68","t":"18:52:06","h":"Est","s":"25N-H60N000A-80-A"},{"r":"68","t":"18:52:06","h":"Est","s":"25N-H60NV10A-80-A"},{"r":"68","t":"18:52:06","h":"Est","s":"25N-H60NV20A-80-A"},{"r":"68","t":"18:52:06","h":"Est","s":"25S-H60S000A-80-A"},{"r":"468","t":"19:02:18","h":"Est","s":"25N-H60N000S-80-S"},{"r":"468","t":"19:02:18","h":"Est","s":"25N-H60N000S-98-S"},{"r":"468","t":"19:02:18","h":"Est","s":"25N-H60NV10S-98-S"},{"r":"468","t":"19:02:18","h":"Est","s":"25N-H60NV20S-98-S"},{"r":"468","t":"19:02:18","h":"Est","s":"25S-H60S000S-80-S"},{"r":"68","t":"19:16:06","h":"Est","s":"25N-H60N000S-80-S"},{"r":"68","t":"19:16:06","h":"Est","s":"25N-H60N000S-98-S"},{"r":"68","t":"19:16:06","h":"Est","s":"25N-H60NV10S-98-S"},{"r":"68","t":"19:16:06","h":"Est","s":"25N-H60NV20S-98-S"},{"r":"68","t":"19:16:06","h":"Est","s":"25S-H60S000S-80-S"},{"r":"68","t":"19:19:06","h":"Est","s":"25N-H60N000A-80-A"},{"r":"68","t":"19:19:06","h":"Est","s":"25N-H60N000I-80-I"},{"r":"68","t":"19:19:06","h":"Est","s":"25N-H60N100F-81-F1"},{"r":"68","t":"19:19:06","h":"Est","s":"25N-H60N200F-81-F2"},{"r":"68","t":"19:19:06","h":"Est","s":"25N-H60N300F-82-F3"},{"r":"68","t":"19:19:06","h":"Est","s":"25N-H60N400F-81-F4"},{"r":"68","t":"19:19:06","h":"Est","s":"25N-H60NV10A-80-A"},{"r":"68","t":"19:19:06","h":"Est","s":"25N-H60NV10I-80-I"},{"r":"68","t":"19:19:06","h":"Est","s":"25N-H60NV20A-80-A"},{"r":"68","t":"19:19:06","h":"Est","s":"25N-H60NV20I-80-I"},{"r":"68","t":"19:19:06","h":"Est","s":"25S-H60S000A-80-A"},{"r":"68","t":"19:19:06","h":"Est","s":"25S-H60S000I-80-I"},{"r":"68","t":"19:19:06","h":"Est","s":"25S-H60S100F-82-F1"},{"r":"68","t":"19:19:06","h":"Est","s":"25S-H60S200F-81-F2"},{"r":"68","t":"19:39:06","h":"Est","s":"25N-H60N000S-80-S"},{"r":"68","t":"19:39:06","h":"Est","s":"25N-H60N000S-98-S"},{"r":"68","t":"19:39:06","h":"Est","s":"25N-H60NV10S-98-S"},{"r":"68","t":"19:39:06","h":"Est","s":"25N-H60NV20S-98-S"},{"r":"68","t":"19:39:06","h":"Est","s":"25S-H60S000S-80-S"},{"r":"68","t":"19:46:06","h":"Est","s":"25N-H60N000A-80-A"},{"r":"68","t":"19:46:06","h":"Est","s":"25N-H60NV10A-80-A"},{"r":"68","t":"19:46:06","h":"Est","s":"25N-H60NV20A-80-A"},{"r":"68","t":"19:46:06","h":"Est","s":"25S-H60S000A-80-A"},{"r":"68","t":"19:48:06","h":"Est","s":"25N-H60N000I-80-I"},{"r":"68","t":"19:48:06","h":"Est","s":"25N-H60N100F-81-F1"},{"r":"68","t":"19:48:06","h":"Est","s":"25N-H60N200F-81-F2"},{"r":"68","t":"19:48:06","h":"Est","s":"25N-H60N300F-82-F3"},{"r":"68","t":"19:48:06","h":"Est","s":"25N-H60N400F-81-F4"},{"r":"68","t":"19:48:06","h":"Est","s":"25N-H60NV10I-80-I"},{"r":"68","t":"19:48:06","h":"Est","s":"25N-H60NV20I-80-I"},{"r":"68","t":"19:48:06","h":"Est","s":"25S-H60S000I-80-I"},{"r":"68","t":"19:48:06","h":"Est","s":"25S-H60S100F-82-F1"},{"r":"68","t":"19:48:06","h":"Est","s":"25S-H60S200F-81-F2"},{"r":"68","t":"20:04:06","h":"Est","s":"25N-H60N000S-80-S"},{"r":"68","t":"20:04:06","h":"Est","s":"25N-H60N000S-98-S"},{"r":"68","t":"20:04:06","h":"Est","s":"25N-H60NV10S-98-S"},{"r":"68","t":"20:04:06","h":"Est","s":"25N-H60NV20S-98-S"},{"r":"68","t":"20:04:06","h":"Est","s":"25S-H60S000S-80-S"},{"r":"68","t":"20:15:06","h":"Est","s":"25N-H60N000A-80-A"},{"r":"68","t":"20:15:06","h":"Est","s":"25N-H60NV10A-80-A"},{"r":"68","t":"20:15:06","h":"Est","s":"25N-H60NV20A-80-A"},{"r":"68","t":"20:15:06","h":"Est","s":"25S-H60S000A-80-A"},{"r":"68","t":"20:21:06","h":"Est","s":"25N-H60N000I-80-I"},{"r":"68","t":"20:21:06","h":"Est","s":"25N-H60N100F-81-F1"},{"r":"68","t":"20:21:06","h":"Est","s":"25N-H60N200F-81-F2"},{"r":"68","t":"20:21:06","h":"Est","s":"25N-H60N300F-82-F3"},{"r":"68","t":"20:21:06","h":"Est","s":"25N-H60N400F-81-F4"},{"r":"68","t":"20:21:06","h":"Est","s":"25N-H60NV10I-80-I"},{"r":"68","t":"20:21:06","h":"Est","s":"25N-H60NV20I-80-I"},{"r":"68","t":"20:21:06","h":"Est","s":"25S-H60S000I-80-I"},{"r":"68","t":"20:21:06","h":"Est","s":"25S-H60S100F-82-F1"},{"r":"68","t":"20:21:06","h":"Est","s":"25S-H60S200F-81-F2"},{"r":"68","t":"20:31:06","h":"Est","s":"25N-H60N000S-80-S"},{"r":"68","t":"20:31:06","h":"Est","s":"25N-H60N000S-98-S"},{"r":"68","t":"20:31:06","h":"Est","s":"25N-H60NV10S-98-S"},{"r":"68","t":"20:31:06","h":"Est","s":"25N-H60NV20S-98-S"},{"r":"68","t":"20:31:06","h":"Est","s":"25S-H60S000S-80-S"},{"r":"68","t":"20:47:06","h":"Est","s":"25N-H60N000A-80-A"},{"r":"68","t":"20:47:06","h":"Est","s":"25N-H60NV10A-80-A"},{"r":"68","t":"20:47:06","h":"Est","s":"25N-H60NV20A-80-A"},{"r":"68","t":"20:47:06","h":"Est","s":"25S-H60S000A-80-A"},{"r":"68","t":"20:52:06","h":"Est","s":"25N-H60N000I-80-I"},{"r":"68","t":"20:52:06","h":"Est","s":"25N-H60N100F-81-F1"},{"r":"68","t":"20:52:06","h":"Est","s":"25N-H60N200F-81-F2"},{"r":"68","t":"20:52:06","h":"Est","s":"25N-H60N300F-82-F3"},{"r":"68","t":"20:52:06","h":"Est","s":"25N-H60N400F-81-F4"},{"r":"68","t":"20:52:06","h":"Est","s":"25N-H60NV10I-80-I"},{"r":"68","t":"20:52:06","h":"Est","s":"25N-H60NV20I-80-I"},{"r":"68","t":"20:52:06","h":"Est","s":"25S-H60S000I-80-I"},{"r":"68","t":"20:52:06","h":"Est","s":"25S-H60S100F-82-F1"},{"r":"68","t":"20:52:06","h":"Est","s":"25S-H60S200F-81-F2"},{"r":"68","t":"21:02:06","h":"Est","s":"25N-H60N000S-80-S"},{"r":"68","t":"21:02:06","h":"Est","s":"25N-H60N000S-98-S"},{"r":"68","t":"21:02:06","h":"Est","s":"25N-H60NV10S-98-S"},{"r":"68","t":"21:02:06","h":"Est","s":"25N-H60NV20S-98-S"},{"r":"68","t":"21:02:06","h":"Est","s":"25S-H60S000S-80-S"},{"r":"68","t":"21:18:06","h":"Est","s":"25N-H60N000A-80-A"},{"r":"68","t":"21:18:06","h":"Est","s":"25N-H60NV10A-80-A"},{"r":"68","t":"21:18:06","h":"Est","s":"25N-H60NV20A-80-A"},{"r":"68","t":"21:18:06","h":"Est","s":"25S-H60S000A-80-A"},{"r":"68","t":"21:25:06","h":"Est","s":"25N-H60N000I-80-I"},{"r":"68","t":"21:25:06","h":"Est","s":"25N-H60N100F-81-F1"},{"r":"68","t":"21:25:06","h":"Est","s":"25N-H60N200F-81-F2"},{"r":"68","t":"21:25:06","h":"Est","s":"25N-H60N300F-82-F3"},{"r":"68","t":"21:25:06","h":"Est","s":"25N-H60N400F-81-F4"},{"r":"68","t":"21:25:06","h":"Est","s":"25N-H60NV10I-80-I"},{"r":"68","t":"21:25:06","h":"Est","s":"25N-H60NV20I-80-I"},{"r":"68","t":"21:25:06","h":"Est","s":"25S-H60S000I-80-I"},{"r":"68","t":"21:25:06","h":"Est","s":"25S-H60S100F-82-F1"},{"r":"68","t":"21:25:06","h":"Est","s":"25S-H60S200F-81-F2"},{"r":"68","t":"21:33:06","h":"Est","s":"25N-H60N000S-80-S"},{"r":"68","t":"21:33:06","h":"Est","s":"25N-H60N000S-98-S"},{"r":"68","t":"21:33:06","h":"Est","s":"25N-H60NV10S-98-S"},{"r":"68","t":"21:33:06","h":"Est","s":"25N-H60NV20S-98-S"},{"r":"68","t":"21:33:06","h":"Est","s":"25S-H60S000S-80-S"},{"r":"68","t":"21:51:06","h":"Est","s":"25N-H60N000A-80-A"},{"r":"68","t":"21:51:06","h":"Est","s":"25N-H60NV10A-80-A"},{"r":"68","t":"21:51:06","h":"Est","s":"25N-H60NV20A-80-A"},{"r":"68","t":"21:51:06","h":"Est","s":"25S-H60S000A-80-A"},{"r":"68","t":"21:58:06","h":"Est","s":"25N-H60N000I-80-I"},{"r":"68","t":"21:58:06","h":"Est","s":"25N-H60N100F-81-F1"},{"r":"68","t":"21:58:06","h":"Est","s":"25N-H60N200F-81-F2"},{"r":"68","t":"21:58:06","h":"Est","s":"25N-H60N300F-82-F3"},{"r":"68","t":"21:58:06","h":"Est","s":"25N-H60N400F-81-F4"},{"r":"68","t":"21:58:06","h":"Est","s":"25N-H60NV10I-80-I"},{"r":"68","t":"21:58:06","h":"Est","s":"25N-H60NV20I-80-I"},{"r":"68","t":"21:58:06","h":"Est","s":"25S-H60S000I-80-I"},{"r":"68","t":"21:58:06","h":"Est","s":"25S-H60S100F-82-F1"},{"r":"68","t":"21:58:06","h":"Est","s":"25S-H60S200F-81-F2"},{"r":"68","t":"22:00:06","h":"Est","s":"25N-H60N000S-80-S"},{"r":"68","t":"22:00:06","h":"Est","s":"25N-H60N000S-98-S"},{"r":"68","t":"22:00:06","h":"Est","s":"25N-H60NV10S-98-S"},{"r":"68","t":"22:00:06","h":"Est","s":"25N-H60NV20S-98-S"},{"r":"68","t":"22:00:06","h":"Est","s":"25S-H60S000S-80-S"},{"r":"68","t":"22:24:06","h":"Est","s":"25N-H60N000A-80-A"},{"r":"68","t":"22:24:06","h":"Est","s":"25N-H60NV10A-80-A"},{"r":"68","t":"22:24:06","h":"Est","s":"25N-H60NV20A-80-A"},{"r":"68","t":"22:24:06","h":"Est","s":"25S-H60S000A-80-A"},{"r":"68","t":"22:27:06","h":"Est","s":"25N-H60N000S-80-S"},{"r":"68","t":"22:27:06","h":"Est","s":"25N-H60N000S-98-S"},{"r":"68","t":"22:27:06","h":"Est","s":"25N-H60NV10S-98-S"},{"r":"68","t":"22:27:06","h":"Est","s":"25N-H60NV20S-98-S"},{"r":"68","t":"22:27:06","h":"Est","s":"25S-H60S000S-80-S"},{"r":"68","t":"22:30:06","h":"Est","s":"25N-H60N000I-80-I"},{"r":"68","t":"22:30:06","h":"Est","s":"25N-H60N100F-81-F1"},{"r":"68","t":"22:30:06","h":"Est","s":"25N-H60N200F-81-F2"},{"r":"68","t":"22:30:06","h":"Est","s":"25N-H60N300F-82-F3"},{"r":"68","t":"22:30:06","h":"Est","s":"25N-H60N400F-81-F4"},{"r":"68","t":"22:30:06","h":"Est","s":"25N-H60NV10I-80-I"},{"r":"68","t":"22:30:06","h":"Est","s":"25N-H60NV20I-80-I"},{"r":"68","t":"22:30:06","h":"Est","s":"25S-H60S000I-80-I"},{"r":"68","t":"22:30:06","h":"Est","s":"25S-H60S100F-82-F1"},{"r":"68","t":"22:30:06","h":"Est","s":"25S-H60S200F-81-F2"},{"r":"68","t":"22:54:06","h":"Est","s":"25N-H60N000S-80-S"},{"r":"68","t":"22:54:06","h":"Est","s":"25N-H60N000S-98-S"},{"r":"68","t":"22:54:06","h":"Est","s":"25N-H60NV10S-98-S"},{"r":"68","t":"22:54:06","h":"Est","s":"25N-H60NV20S-98-S"},{"r":"68","t":"22:54:06","h":"Est","s":"25S-H60S000S-80-S"},{"r":"68","t":"22:57:06","h":"Est","s":"25N-H60N000A-80-A"},{"r":"68","t":"22:57:06","h":"Est","s":"25N-H60NV10A-80-A"},{"r":"68","t":"22:57:06","h":"Est","s":"25N-H60NV20A-80-A"},{"r":"68","t":"22:57:06","h":"Est","s":"25S-H60S000A-80-A"},{"r":"68","t":"22:59:06","h":"Est","s":"25N-H60N000I-80-I"},{"r":"68","t":"22:59:06","h":"Est","s":"25N-H60N100F-81-F1"},{"r":"68","t":"22:59:06","h":"Est","s":"25N-H60N200F-81-F2"},{"r":"68","t":"22:59:06","h":"Est","s":"25N-H60N300F-82-F3"},{"r":"68","t":"22:59:06","h":"Est","s":"25N-H60N400F-81-F4"},{"r":"68","t":"22:59:06","h":"Est","s":"25N-H60NV10I-80-I"},{"r":"68","t":"22:59:06","h":"Est","s":"25N-H60NV20I-80-I"},{"r":"68","t":"22:59:06","h":"Est","s":"25S-H60S000I-80-I"},{"r":"68","t":"22:59:06","h":"Est","s":"25S-H60S100F-82-F1"},{"r":"68","t":"22:59:06","h":"Est","s":"25S-H60S200F-81-F2"},{"r":"68","t":"23:21:06","h":"Est","s":"25N-H60N000S-80-S"},{"r":"68","t":"23:21:06","h":"Est","s":"25N-H60N000S-98-S"},{"r":"68","t":"23:21:06","h":"Est","s":"25N-H60NV10S-98-S"},{"r":"68","t":"23:21:06","h":"Est","s":"25N-H60NV20S-98-S"},{"r":"68","t":"23:21:06","h":"Est","s":"25S-H60S000S-80-S"},{"r":"68","t":"23:28:06","h":"Est","s":"25N-H60N000I-80-I"},{"r":"68","t":"23:28:06","h":"Est","s":"25N-H60N100F-81-F1"},{"r":"68","t":"23:28:06","h":"Est","s":"25N-H60N200F-81-F2"},{"r":"68","t":"23:28:06","h":"Est","s":"25N-H60N300F-82-F3"},{"r":"68","t":"23:28:06","h":"Est","s":"25N-H60N400F-81-F4"},{"r":"68","t":"23:28:06","h":"Est","s":"25N-H60NV10I-80-I"},{"r":"68","t":"23:28:06","h":"Est","s":"25N-H60NV20I-80-I"},{"r":"68","t":"23:28:06","h":"Est","s":"25S-H60S000I-80-I"},{"r":"68","t":"23:28:06","h":"Est","s":"25S-H60S100F-82-F1"},{"r":"68","t":"23:28:06","h":"Est","s":"25S-H60S200F-81-F2"},{"r":"68","t":"23:29:06","h":"Est","s":"25N-H60N000A-80-A"},{"r":"68","t":"23:29:06","h":"Est","s":"25N-H60NV10A-80-A"},{"r":"68","t":"23:29:06","h":"Est","s":"25N-H60NV20A-80-A"},{"r":"68","t":"23:29:06","h":"Est","s":"25S-H60S000A-80-A"},{"r":"68","t":"23:48:06","h":"Est","s":"25N-H60N000S-80-S"},{"r":"68","t":"23:48:06","h":"Est","s":"25N-H60N000S-98-S"},{"r":"68","t":"23:48:06","h":"Est","s":"25N-H60NV10S-98-S"},{"r":"68","t":"23:48:06","h":"Est","s":"25N-H60NV20S-98-S"},{"r":"68","t":"23:48:06","h":"Est","s":"25S-H60S000S-80-S"},{"r":"68","t":"23:57:06","h":"Est","s":"25N-H60N000I-80-I"},{"r":"68","t":"23:57:06","h":"Est","s":"25N-H60N100F-81-F1"},{"r":"68","t":"23:57:06","h":"Est","s":"25N-H60N200F-81-F2"},{"r":"68","t":"23:57:06","h":"Est","s":"25N-H60N300F-82-F3"},{"r":"68","t":"23:57:06","h":"Est","s":"25N-H60N400F-81-F4"},{"r":"68","t":"23:57:06","h":"Est","s":"25N-H60NV10I-80-I"},{"r":"68","t":"23:57:06","h":"Est","s":"25N-H60NV20I-80-I"},{"r":"68","t":"23:57:06","h":"Est","s":"25S-H60S000I-80-I"},{"r":"68","t":"23:57:06","h":"Est","s":"25S-H60S100F-82-F1"},{"r":"68","t":"23:57:06","h":"Est","s":"25S-H60S200F-81-F2"},{"r":"68","t":"24:01:06","h":"Est","s":"25N-H60N000A-80-A"},{"r":"68","t":"24:01:06","h":"Est","s":"25N-H60NV10A-80-A"},{"r":"68","t":"24:01:06","h":"Est","s":"25N-H60NV20A-80-A"},{"r":"68","t":"24:01:06","h":"Est","s":"25S-H60S000A-80-A"},{"r":"68","t":"24:22:06","h":"Est","s":"25N-H60N000S-80-S"},{"r":"68","t":"24:22:06","h":"Est","s":"25N-H60N000S-98-S"},{"r":"68","t":"24:22:06","h":"Est","s":"25N-H60NV10S-98-S"},{"r":"68","t":"24:22:06","h":"Est","s":"25N-H60NV20S-98-S"},{"r":"68","t":"24:22:06","h":"Est","s":"25S-H60S000S-80-S"},{"r":"68","t":"24:25:06","h":"Est","s":"25N-H60N000I-80-I"},{"r":"68","t":"24:25:06","h":"Est","s":"25N-H60N100F-81-F1"},{"r":"68","t":"24:25:06","h":"Est","s":"25N-H60N200F-81-F2"},{"r":"68","t":"24:25:06","h":"Est","s":"25N-H60N300F-82-F3"},{"r":"68","t":"24:25:06","h":"Est","s":"25N-H60N400F-81-F4"},{"r":"68","t":"24:25:06","h":"Est","s":"25N-H60NV10I-80-I"},{"r":"68","t":"24:25:06","h":"Est","s":"25N-H60NV20I-80-I"},{"r":"68","t":"24:25:06","h":"Est","s":"25S-H60S000I-80-I"},{"r":"68","t":"24:25:06","h":"Est","s":"25S-H60S100F-82-F1"},{"r":"68","t":"24:25:06","h":"Est","s":"25S-H60S200F-81-F2"},{"r":"68","t":"24:32:06","h":"Est","s":"25N-H60N000A-80-A"},{"r":"68","t":"24:32:06","h":"Est","s":"25N-H60NV10A-80-A"},{"r":"68","t":"24:32:06","h":"Est","s":"25N-H60NV20A-80-A"},{"r":"68","t":"24:32:06","h":"Est","s":"25S-H60S000A-80-A"},{"r":"68","t":"24:53:06","h":"Est","s":"25N-H60N000I-80-I"},{"r":"68","t":"24:53:06","h":"Est","s":"25N-H60N100F-81-F1"},{"r":"68","t":"24:53:06","h":"Est","s":"25N-H60N200F-81-F2"},{"r":"68","t":"24:53:06","h":"Est","s":"25N-H60N300F-82-F3"},{"r":"68","t":"24:53:06","h":"Est","s":"25N-H60N400F-81-F4"},{"r":"68","t":"24:53:06","h":"Est","s":"25N-H60NV10I-80-I"},{"r":"68","t":"24:53:06","h":"Est","s":"25N-H60NV20I-80-I"},{"r":"68","t":"24:53:06","h":"Est","s":"25S-H60S000I-80-I"},{"r":"68","t":"24:53:06","h":"Est","s":"25S-H60S100F-82-F1"},{"r":"68","t":"24:53:06","h":"Est","s":"25S-H60S200F-81-F2"},{"r":"68","t":"24:54:06","h":"Est","s":"25N-H60N000A-80-A"},{"r":"68","t":"24:54:06","h":"Est","s":"25N-H60NV10A-80-A"},{"r":"68","t":"24:54:06","h":"Est","s":"25N-H60NV20A-80-A"},{"r":"68","t":"24:54:06","h":"Est","s":"25S-H60S000A-80-A"},{"r":"68","t":"24:57:06","h":"Est","s":"25N-H60N000S-80-S"},{"r":"68","t":"24:57:06","h":"Est","s":"25N-H60N000S-98-S"},{"r":"68","t":"24:57:06","h":"Est","s":"25N-H60NV10S-98-S"},{"r":"68","t":"24:57:06","h":"Est","s":"25N-H60NV20S-98-S"},{"r":"68","t":"24:57:06","h":"Est","s":"25S-H60S000S-80-S"},{"r":"68","t":"25:16:06","h":"Est","s":"25N-H60N000A-80-A"},{"r":"68","t":"25:16:06","h":"Est","s":"25N-H60NV10A-80-A"},{"r":"68","t":"25:16:06","h":"Est","s":"25N-H60NV20A-80-A"},{"r":"68","t":"25:16:06","h":"Est","s":"25S-H60S000A-80-A"},{"r":"68","t":"25:17:06","h":"Est","s":"25N-H60N000I-80-I"},{"r":"68","t":"25:17:06","h":"Est","s":"25N-H60N100F-81-F1"},{"r":"68","t":"25:17:06","h":"Est","s":"25N-H60N200F-81-F2"},{"r":"68","t":"25:17:06","h":"Est","s":"25N-H60N300F-82-F3"},{"r":"68","t":"25:17:06","h":"Est","s":"25N-H60N400F-81-F4"},{"r":"68","t":"25:17:06","h":"Est","s":"25N-H60NV10I-80-I"},{"r":"68","t":"25:17:06","h":"Est","s":"25N-H60NV20I-80-I"},{"r":"68","t":"25:17:06","h":"Est","s":"25S-H60S000I-80-I"},{"r":"68","t":"25:17:06","h":"Est","s":"25S-H60S100F-82-F1"},{"r":"68","t":"25:17:06","h":"Est","s":"25S-H60S200F-81-F2"},{"r":"68","t":"25:29:06","h":"Est","s":"25N-H60N000S-80-S"},{"r":"68","t":"25:29:06","h":"Est","s":"25N-H60N000S-98-S"},{"r":"68","t":"25:29:06","h":"Est","s":"25N-H60NV10S-98-S"},{"r":"68","t":"25:29:06","h":"Est","s":"25N-H60NV20S-98-S"},{"r":"68","t":"25:29:06","h":"Est","s":"25S-H60S000S-80-S"},{"r":"382","t":"26:23:45","h":"Est","s":"25N-H60N000S-80-S"},{"r":"382","t":"26:23:45","h":"Est","s":"25N-H60N000S-98-S"},{"r":"382","t":"26:23:45","h":"Est","s":"25N-H60NV10S-98-S"},{"r":"382","t":"26:23:45","h":"Est","s":"25N-H60NV20S-98-S"},{"r":"382","t":"26:23:45","h":"Est","s":"25S-H60S000S-80-S"},{"r":"382","t":"26:29:45","h":"Est","s":"25N-H60N000A-80-A"},{"r":"382","t":"26:29:45","h":"Est","s":"25N-H60N000I-80-I"},{"r":"382","t":"26:29:45","h":"Est","s":"25N-H60N100F-81-F1"},{"r":"382","t":"26:29:45","h":"Est","s":"25N-H60N200F-81-F2"},{"r":"382","t":"26:29:45","h":"Est","s":"25N-H60N300F-82-F3"},{"r":"382","t":"26:29:45","h":"Est","s":"25N-H60N400F-81-F4"},{"r":"382","t":"26:29:45","h":"Est","s":"25N-H60NV10A-80-A"},{"r":"382","t":"26:29:45","h":"Est","s":"25N-H60NV10I-80-I"},{"r":"382","t":"26:29:45","h":"Est","s":"25N-H60NV20A-80-A"},{"r":"382","t":"26:29:45","h":"Est","s":"25N-H60NV20I-80-I"},{"r":"382","t":"26:29:45","h":"Est","s":"25S-H60S000A-80-A"},{"r":"382","t":"26:29:45","h":"Est","s":"25S-H60S000I-80-I"},{"r":"382","t":"26:29:45","h":"Est","s":"25S-H60S100F-82-F1"},{"r":"382","t":"26:29:45","h":"Est","s":"25S-H60S200F-81-F2"},{"r":"382","t":"27:12:45","h":"Est","s":"25N-H60N000S-80-S"},{"r":"382","t":"27:12:45","h":"Est","s":"25N-H60N000S-98-S"},{"r":"382","t":"27:12:45","h":"Est","s":"25N-H60NV10S-98-S"},{"r":"382","t":"27:12:45","h":"Est","s":"25N-H60NV20S-98-S"},{"r":"382","t":"27:12:45","h":"Est","s":"25S-H60S000S-80-S"},{"r":"382","t":"27:14:45","h":"Est","s":"25N-H60N000A-80-A"},{"r":"382","t":"27:14:45","h":"Est","s":"25N-H60N000I-80-I"},{"r":"382","t":"27:14:45","h":"Est","s":"25N-H60N100F-81-F1"},{"r":"382","t":"27:14:45","h":"Est","s":"25N-H60N200F-81-F2"},{"r":"382","t":"27:14:45","h":"Est","s":"25N-H60N300F-82-F3"},{"r":"382","t":"27:14:45","h":"Est","s":"25N-H60N400F-81-F4"},{"r":"382","t":"27:14:45","h":"Est","s":"25N-H60NV10A-80-A"},{"r":"382","t":"27:14:45","h":"Est","s":"25N-H60NV10I-80-I"},{"r":"382","t":"27:14:45","h":"Est","s":"25N-H60NV20A-80-A"},{"r":"382","t":"27:14:45","h":"Est","s":"25N-H60NV20I-80-I"},{"r":"382","t":"27:14:45","h":"Est","s":"25S-H60S000A-80-A"},{"r":"382","t":"27:14:45","h":"Est","s":"25S-H60S000I-80-I"},{"r":"382","t":"27:14:45","h":"Est","s":"25S-H60S100F-82-F1"},{"r":"382","t":"27:14:45","h":"Est","s":"25S-H60S200F-81-F2"},{"r":"382","t":"27:57:45","h":"Est","s":"25N-H60N000S-80-S"},{"r":"382","t":"27:57:45","h":"Est","s":"25N-H60N000S-98-S"},{"r":"382","t":"27:57:45","h":"Est","s":"25N-H60NV10S-98-S"},{"r":"382","t":"27:57:45","h":"Est","s":"25N-H60NV20S-98-S"},{"r":"382","t":"27:57:45","h":"Est","s":"25S-H60S000S-80-S"},{"r":"382","t":"27:59:45","h":"Est","s":"25N-H60N000A-80-A"},{"r":"382","t":"27:59:45","h":"Est","s":"25N-H60N000I-80-I"},{"r":"382","t":"27:59:45","h":"Est","s":"25N-H60N100F-81-F1"},{"r":"382","t":"27:59:45","h":"Est","s":"25N-H60N200F-81-F2"},{"r":"382","t":"27:59:45","h":"Est","s":"25N-H60N300F-82-F3"},{"r":"382","t":"27:59:45","h":"Est","s":"25N-H60N400F-81-F4"},{"r":"382","t":"27:59:45","h":"Est","s":"25N-H60NV10A-80-A"},{"r":"382","t":"27:59:45","h":"Est","s":"25N-H60NV10I-80-I"},{"r":"382","t":"27:59:45","h":"Est","s":"25N-H60NV20A-80-A"},{"r":"382","t":"27:59:45","h":"Est","s":"25N-H60NV20I-80-I"},{"r":"382","t":"27:59:45","h":"Est","s":"25S-H60S000A-80-A"},{"r":"382","t":"27:59:45","h":"Est","s":"25S-H60S000I-80-I"},{"r":"382","t":"27:59:45","h":"Est","s":"25S-H60S100F-82-F1"},{"r":"382","t":"27:59:45","h":"Est","s":"25S-H60S200F-81-F2"},{"r":"382","t":"28:44:45","h":"Est","s":"25N-H60N000A-80-A"},{"r":"382","t":"28:44:45","h":"Est","s":"25N-H60N000I-80-I"},{"r":"382","t":"28:44:45","h":"Est","s":"25N-H60N100F-81-F1"},{"r":"382","t":"28:44:45","h":"Est","s":"25N-H60N200F-81-F2"},{"r":"382","t":"28:44:45","h":"Est","s":"25N-H60N300F-82-F3"},{"r":"382","t":"28:44:45","h":"Est","s":"25N-H60N400F-81-F4"},{"r":"382","t":"28:44:45","h":"Est","s":"25N-H60NV10A-80-A"},{"r":"382","t":"28:44:45","h":"Est","s":"25N-H60NV10I-80-I"},{"r":"382","t":"28:44:45","h":"Est","s":"25N-H60NV20A-80-A"},{"r":"382","t":"28:44:45","h":"Est","s":"25N-H60NV20I-80-I"},{"r":"382","t":"28:44:45","h":"Est","s":"25S-H60S000A-80-A"},{"r":"382","t":"28:44:45","h":"Est","s":"25S-H60S000I-80-I"},{"r":"382","t":"28:44:45","h":"Est","s":"25S-H60S100F-82-F1"},{"r":"382","t":"28:44:45","h":"Est","s":"25S-H60S200F-81-F2"},{"r":"382","t":"28:46:25","h":"Est","s":"25N-H60N000S-80-S"},{"r":"382","t":"28:46:25","h":"Est","s":"25N-H60N000S-98-S"},{"r":"382","t":"28:46:25","h":"Est","s":"25N-H60NV10S-98-S"},{"r":"382","t":"28:46:25","h":"Est","s":"25N-H60NV20S-98-S"},{"r":"382","t":"28:46:25","h":"Est","s":"25S-H60S000S-80-S"}]