[{"r":"14","t":"06:28:00","h":"Nord","s":"25N-H57N000S-80-S"},{"r":"14","t":"06:28:00","h":"Nord","s":"25N-H57NV10S-84-S"},{"r":"14","t":"06:28:00","h":"Nord","s":"25N-H57NV20S-80-S"},{"r":"14","t":"06:28:00","h":"Nord","s":"25S-H57S000S-82-S"},{"r":"14","t":"06:51:00","h":"Nord","s":"25N-H57N000S-80-S"},{"r":"14","t":"06:51:00","h":"Nord","s":"25N-H57NV10S-84-S"},{"r":"14","t":"06:51:00","h":"Nord","s":"25N-H57NV20S-80-S"},{"r":"14","t":"06:51:00","h":"Nord","s":"25S-H57S000S-82-S"},{"r":"14","t":"07:15:00","h":"Nord","s":"25N-H57N000S-80-S"},{"r":"14","t":"07:15:00","h":"Nord","s":"25N-H57NV10S-84-S"},{"r":"14","t":"07:15:00","h":"Nord","s":"25N-H57NV20S-80-S"},{"r":"14","t":"07:15:00","h":"Nord","s":"25S-H57S000S-82-S"},{"r":"14","t":"07:42:00","h":"Nord","s":"25N-H57N000S-80-S"},{"r":"14","t":"07:42:00","h":"Nord","s":"25N-H57NV10S-84-S"},{"r":"14","t":"07:42:00","h":"Nord","s":"25N-H57NV20S-80-S"},{"r":"14","t":"07:42:00","h":"Nord","s":"25S-H57S000S-82-S"},{"r":"14","t":"08:11:00","h":"Nord","s":"25N-H57N000S-80-S"},{"r":"14","t":"08:11:00","h":"Nord","s":"25N-H57NV10S-84-S"},{"r":"14","t":"08:11:00","h":"Nord","s":"25N-H57NV20S-80-S"},{"r":"14","t":"08:11:00","h":"Nord","s":"25S-H57S000S-82-S"},{"r":"14","t":"08:19:00","h":"Nord","s":"25N-H57N000A-80-A"},{"r":"14","t":"08:19:00","h":"Nord","s":"25N-H57NV10A-80-A"},{"r":"14","t":"08:19:00","h":"Nord","s":"25N-H57NV20A-80-A"},{"r":"14","t":"08:19:00","h":"Nord","s":"25S-H57S000A-80-A"},{"r":"14","t":"08:39:00","h":"Nord","s":"25N-H57N000S-80-S"},{"r":"14","t":"08:39:00","h":"Nord","s":"25N-H57NV10S-84-S"},{"r":"14","t":"08:39:00","h":"Nord","s":"25N-H57NV20S-80-S"},{"r":"14","t":"08:39:00","h":"Nord","s":"25S-H57S000S-82-S"},{"r":"14","t":"09:07:00","h":"Nord","s":"25N-H57N000S-80-S"},{"r":"14","t":"09:07:00","h":"Nord","s":"25N-H57NV10S-84-S"},{"r":"14","t":"09:07:00","h":"Nord","s":"25N-H57NV20S-80-S"},{"r":"14","t":"09:07:00","h":"Nord","s":"25S-H57S000S-82-S"},{"r":"14","t":"09:09:00","h":"Nord","s":"25N-H57N000A-80-A"},{"r":"14","t":"09:09:00","h":"Nord","s":"25N-H57N000I-80-I"},{"r":"14","t":"09:09:00","h":"Nord","s":"25N-H57N100F-80-F1"},{"r":"14","t":"09:09:00","h":"Nord","s":"25N-H57N200F-80-F2"},{"r":"14","t":"09:09:00","h":"Nord","s":"25N-H57N300F-80-F3"},{"r":"14","t":"09:09:00","h":"Nord","s":"25N-H57N400F-80-F4"},{"r":"14","t":"09:09:00","h":"Nord","s":"25N-H57NV10A-80-A"},{"r":"14","t":"09:09:00","h":"Nord","s":"25N-H57NV10I-80-I"},{"r":"14","t":"09:09:00","h":"Nord","s":"25N-H57NV20A-80-A"},{"r":"14","t":"09:09:00","h":"Nord","s":"25N-H57NV20I-80-I"},{"r":"14","t":"09:09:00","h":"Nord","s":"25S-H57S000A-80-A"},{"r":"14","t":"09:09:00","h":"Nord","s":"25S-H57S000I-80-I"},{"r":"14","t":"09:09:00","h":"Nord","s":"25S-H57S100F-80-F1"},{"r":"14","t":"09:09:00","h":"Nord","s":"25S-H57S200F-80-F2"},{"r":"14","t":"09:34:00","h":"Nord","s":"25N-H57N000S-80-S"},{"r":"14","t":"09:34:00","h":"Nord","s":"25N-H57NV10S-84-S"},{"r":"14","t":"09:34:00","h":"Nord","s":"25N-H57NV20S-80-S"},{"r":"14","t":"09:34:00","h":"Nord","s":"25S-H57S000S-82-S"},{"r":"14","t":"09:59:00","h":"Nord","s":"25N-H57N000A-80-A"},{"r":"14","t":"09:59:00","h":"Nord","s":"25N-H57NV10A-80-A"},{"r":"14","t":"09:59:00","h":"Nord","s":"25N-H57NV20A-80-A"},{"r":"14","t":"09:59:00","h":"Nord","s":"25S-H57S000A-80-A"},{"r":"14","t":"10:00:00","h":"Nord","s":"25N-H57N000I-80-I"},{"r":"14","t":"10:00:00","h":"Nord","s":"25N-H57N100F-80-F1"},{"r":"14","t":"10:00:00","h":"Nord","s":"25N-H57N200F-80-F2"},{"r":"14","t":"10:00:00","h":"Nord","s":"25N-H57N300F-80-F3"},{"r":"14","t":"10:00:00","h":"Nord","s":"25N-H57N400F-80-F4"},{"r":"14","t":"10:00:00","h":"Nord","s":"25N-H57NV10I-80-I"},{"r":"14","t":"10:00:00","h":"Nord","s":"25N-H57NV20I-80-I"},{"r":"14","t":"10:00:00","h":"Nord","s":"25S-H57S000I-80-I"},{"r":"14","t":"10:00:00","h":"Nord","s":"25S-H57S100F-80-F1"},{"r":"14","t":"10:00:00","h":"Nord","s":"25S-H57S200F-80-F2"},{"r":"14","t":"10:02:00","h":"Nord","s":"25N-H57N000S-80-S"},{"r":"14","t":"10:02:00","h":"Nord","s":"25N-H57NV10S-84-S"},{"r":"14","t":"10:02:00","h":"Nord","s":"25N-H57NV20S-80-S"},{"r":"14","t":"10:02:00","h":"Nord","s":"25S-H57S000S-82-S"},{"r":"14","t":"10:29:00","h":"Nord","s":"25N-H57N000S-80-S"},{"r":"14","t":"10:29:00","h":"Nord","s":"25N-H57NV10S-84-S"},{"r":"14","t":"10:29:00","h":"Nord","s":"25N-H57NV20S-80-S"},{"r":"14","t":"10:29:00","h":"Nord","s":"25S-H57S000S-82-S"},{"r":"14","t":"10:49:00","h":"Nord","s":"25N-H57N000A-80-A"},{"r":"14","t":"10:49:00","h":"Nord","s":"25N-H57NV10A-80-A"},{"r":"14","t":"10:49:00","h":"Nord","s":"25N-H57NV20A-80-A"},{"r":"14","t":"10:49:00","h":"Nord","s":"25S-H57S000A-80-A"},{"r":"14","t":"10:50:00","h":"Nord","s":"25N-H57N000I-80-I"},{"r":"14","t":"10:50:00","h":"Nord","s":"25N-H57N100F-80-F1"},{"r":"14","t":"10:50:00","h":"Nord","s":"25N-H57N200F-80-F2"},{"r":"14","t":"10:50:00","h":"Nord","s":"25N-H57N300F-80-F3"},{"r":"14","t":"10:50:00","h":"Nord","s":"25N-H57N400F-80-F4"},{"r":"14","t":"10:50:00","h":"Nord","s":"25N-H57NV10I-80-I"},{"r":"14","t":"10:50:00","h":"Nord","s":"25N-H57NV20I-80-I"},{"r":"14","t":"10:50:00","h":"Nord","s":"25S-H57S000I-80-I"},{"r":"14","t":"10:50:00","h":"Nord","s":"25S-H57S100F-80-F1"},{"r":"14","t":"10:50:00","h":"Nord","s":"25S-H57S200F-80-F2"},{"r":"14","t":"10:57:00","h":"Nord","s":"25N-H57N000S-80-S"},{"r":"14","t":"10:57:00","h":"Nord","s":"25N-H57NV10S-84-S"},{"r":"14","t":"10:57:00","h":"Nord","s":"25N-H57NV20S-80-S"},{"r":"14","t":"10:57:00","h":"Nord","s":"25S-H57S000S-82-S"},{"r":"14","t":"11:23:00","h":"Nord","s":"25N-H57N000S-80-S"},{"r":"14","t":"11:23:00","h":"Nord","s":"25N-H57NV10S-84-S"},{"r":"14","t":"11:23:00","h":"Nord","s":"25N-H57NV20S-80-S"},{"r":"14","t":"11:23:00","h":"Nord","s":"25S-H57S000S-82-S"},{"r":"14","t":"11:39:00","h":"Nord","s":"25N-H57N000A-80-A"},{"r":"14","t":"11:39:00","h":"Nord","s":"25N-H57NV10A-80-A"},{"r":"14","t":"11:39:00","h":"Nord","s":"25N-H57NV20A-80-A"},{"r":"14","t":"11:39:00","h":"Nord","s":"25S-H57S000A-80-A"},{"r":"14","t":"11:41:00","h":"Nord","s":"25N-H57N000I-80-I"},{"r":"14","t":"11:41:00","h":"Nord","s":"25N-H57N100F-80-F1"},{"r":"14","t":"11:41:00","h":"Nord","s":"25N-H57N200F-80-F2"},{"r":"14","t":"11:41:00","h":"Nord","s":"25N-H57N300F-80-F3"},{"r":"14","t":"11:41:00","h":"Nord","s":"25N-H57N400F-80-F4"},{"r":"14","t":"11:41:00","h":"Nord","s":"25N-H57NV10I-80-I"},{"r":"14","t":"11:41:00","h":"Nord","s":"25N-H57NV20I-80-I"},{"r":"14","t":"11:41:00","h":"Nord","s":"25S-H57S000I-80-I"},{"r":"14","t":"11:41:00","h":"Nord","s":"25S-H57S100F-80-F1"},{"r":"14","t":"11:41:00","h":"Nord","s":"25S-H57S200F-80-F2"},{"r":"14","t":"11:49:00","h":"Nord","s":"25N-H57N000S-80-S"},{"r":"14","t":"11:49:00","h":"Nord","s":"25N-H57NV10S-84-S"},{"r":"14","t":"11:49:00","h":"Nord","s":"25N-H57NV20S-80-S"},{"r":"14","t":"11:49:00","h":"Nord","s":"25S-H57S000S-82-S"},{"r":"14","t":"12:15:00","h":"Nord","s":"25N-H57N000S-80-S"},{"r":"14","t":"12:15:00","h":"Nord","s":"25N-H57NV10S-84-S"},{"r":"14","t":"12:15:00","h":"Nord","s":"25N-H57NV20S-80-S"},{"r":"14","t":"12:15:00","h":"Nord","s":"25S-H57S000S-82-S"},{"r":"14","t":"12:29:00","h":"Nord","s":"25N-H57N000A-80-A"},{"r":"14","t":"12:29:00","h":"Nord","s":"25N-H57NV10A-80-A"},{"r":"14","t":"12:29:00","h":"Nord","s":"25N-H57NV20A-80-A"},{"r":"14","t":"12:29:00","h":"Nord","s":"25S-H57S000A-80-A"},{"r":"14","t":"12:33:00","h":"Nord","s":"25N-H57N000I-80-I"},{"r":"14","t":"12:33:00","h":"Nord","s":"25N-H57N100F-80-F1"},{"r":"14","t":"12:33:00","h":"Nord","s":"25N-H57N200F-80-F2"},{"r":"14","t":"12:33:00","h":"Nord","s":"25N-H57N300F-80-F3"},{"r":"14","t":"12:33:00","h":"Nord","s":"25N-H57N400F-80-F4"},{"r":"14","t":"12:33:00","h":"Nord","s":"25N-H57NV10I-80-I"},{"r":"14","t":"12:33:00","h":"Nord","s":"25N-H57NV20I-80-I"},{"r":"14","t":"12:33:00","h":"Nord","s":"25S-H57S000I-80-I"},{"r":"14","t":"12:33:00","h":"Nord","s":"25S-H57S100F-80-F1"},{"r":"14","t":"12:33:00","h":"Nord","s":"25S-H57S200F-80-F2"},{"r":"14","t":"12:41:00","h":"Nord","s":"25N-H57N000S-80-S"},{"r":"14","t":"12:41:00","h":"Nord","s":"25N-H57NV10S-84-S"},{"r":"14","t":"12:41:00","h":"Nord","s":"25N-H57NV20S-80-S"},{"r":"14","t":"12:41:00","h":"Nord","s":"25S-H57S000S-82-S"},{"r":"14","t":"13:07:00","h":"Nord","s":"25N-H57N000S-80-S"},{"r":"14","t":"13:07:00","h":"Nord","s":"25N-H57NV10S-84-S"},{"r":"14","t":"13:07:00","h":"Nord","s":"25N-H57NV20S-80-S"},{"r":"14","t":"13:07:00","h":"Nord","s":"25S-H57S000S-82-S"},{"r":"14","t":"13:20:00","h":"Nord","s":"25N-H57N000A-80-A"},{"r":"14","t":"13:20:00","h":"Nord","s":"25N-H57NV10A-80-A"},{"r":"14","t":"13:20:00","h":"Nord","s":"25N-H57NV20A-80-A"},{"r":"14","t":"13:20:00","h":"Nord","s":"25S-H57S000A-80-A"},{"r":"14","t":"13:25:00","h":"Nord","s":"25N-H57N000I-80-I"},{"r":"14","t":"13:25:00","h":"Nord","s":"25N-H57N100F-80-F1"},{"r":"14","t":"13:25:00","h":"Nord","s":"25N-H57N200F-80-F2"},{"r":"14","t":"13:25:00","h":"Nord","s":"25N-H57N300F-80-F3"},{"r":"14","t":"13:25:00","h":"Nord","s":"25N-H57N400F-80-F4"},{"r":"14","t":"13:25:00","h":"Nord","s":"25N-H57NV10I-80-I"},{"r":"14","t":"13:25:00","h":"Nord","s":"25N-H57NV20I-80-I"},{"r":"14","t":"13:25:00","h":"Nord","s":"25S-H57S000I-80-I"},{"r":"14","t":"13:25:00","h":"Nord","s":"25S-H57S100F-80-F1"},{"r":"14","t":"13:25:00","h":"Nord","s":"25S-H57S200F-80-F2"},{"r":"14","t":"13:35:00","h":"Nord","s":"25N-H57N000S-80-S"},{"r":"14","t":"13:35:00","h":"Nord","s":"25N-H57NV10S-84-S"},{"r":"14","t":"13:35:00","h":"Nord","s":"25N-H57NV20S-80-S"},{"r":"14","t":"13:35:00","h":"Nord","s":"25S-H57S000S-82-S"},{"r":"14","t":"14:01:00","h":"Nord","s":"25N-H57N000S-80-S"},{"r":"14","t":"14:01:00","h":"Nord","s":"25N-H57NV10S-84-S"},{"r":"14","t":"14:01:00","h":"Nord","s":"25N-H57NV20S-80-S"},{"r":"14","t":"14:01:00","h":"Nord","s":"25S-H57S000S-82-S"},{"r":"14","t":"14:11:00","h":"Nord","s":"25N-H57N000A-80-A"},{"r":"14","t":"14:11:00","h":"Nord","s":"25N-H57NV10A-80-A"},{"r":"14","t":"14:11:00","h":"Nord","s":"25N-H57NV20A-80-A"},{"r":"14","t":"14:11:00","h":"Nord","s":"25S-H57S000A-80-A"},{"r":"14","t":"14:16:00","h":"Nord","s":"25N-H57N000I-80-I"},{"r":"14","t":"14:16:00","h":"Nord","s":"25N-H57N100F-80-F1"},{"r":"14","t":"14:16:00","h":"Nord","s":"25N-H57N200F-80-F2"},{"r":"14","t":"14:16:00","h":"Nord","s":"25N-H57N300F-80-F3"},{"r":"14","t":"14:16:00","h":"Nord","s":"25N-H57N400F-80-F4"},{"r":"14","t":"14:16:00","h":"Nord","s":"25N-H57NV10I-80-I"},{"r":"14","t":"14:16:00","h":"Nord","s":"25N-H57NV20I-80-I"},{"r":"14","t":"14:16:00","h":"Nord","s":"25S-H57S000I-80-I"},{"r":"14","t":"14:16:00","h":"Nord","s":"25S-H57S100F-80-F1"},{"r":"14","t":"14:16:00","h":"Nord","s":"25S-H57S200F-80-F2"},{"r":"14","t":"14:29:00","h":"Nord","s":"25N-H57N000S-80-S"},{"r":"14","t":"14:29:00","h":"Nord","s":"25N-H57NV10S-84-S"},{"r":"14","t":"14:29:00","h":"Nord","s":"25N-H57NV20S-80-S"},{"r":"14","t":"14:29:00","h":"Nord","s":"25S-H57S000S-82-S"},{"r":"14","t":"14:55:00","h":"Nord","s":"25N-H57N000S-80-S"},{"r":"14","t":"14:55:00","h":"Nord","s":"25N-H57NV10S-84-S"},{"r":"14","t":"14:55:00","h":"Nord","s":"25N-H57NV20S-80-S"},{"r":"14","t":"14:55:00","h":"Nord","s":"25S-H57S000S-82-S"},{"r":"14","t":"15:02:00","h":"Nord","s":"25N-H57N000A-80-A"},{"r":"14","t":"15:02:00","h":"Nord","s":"25N-H57NV10A-80-A"},{"r":"14","t":"15:02:00","h":"Nord","s":"25N-H57NV20A-80-A"},{"r":"14","t":"15:02:00","h":"Nord","s":"25S-H57S000A-80-A"},{"r":"14","t":"15:07:00","h":"Nord","s":"25N-H57N000I-80-I"},{"r":"14","t":"15:07:00","h":"Nord","s":"25N-H57N100F-80-F1"},{"r":"14","t":"15:07:00","h":"Nord","s":"25N-H57N200F-80-F2"},{"r":"14","t":"15:07:00","h":"Nord","s":"25N-H57N300F-80-F3"},{"r":"14","t":"15:07:00","h":"Nord","s":"25N-H57N400F-80-F4"},{"r":"14","t":"15:07:00","h":"Nord","s":"25N-H57NV10I-80-I"},{"r":"14","t":"15:07:00","h":"Nord","s":"25N-H57NV20I-80-I"},{"r":"14","t":"15:07:00","h":"Nord","s":"25S-H57S000I-80-I"},{"r":"14","t":"15:07:00","h":"Nord","s":"25S-H57S100F-80-F1"},{"r":"14","t":"15:07:00","h":"Nord","s":"25S-H57S200F-80-F2"},{"r":"14","t":"15:23:00","h":"Nord","s":"25N-H57N000S-80-S"},{"r":"14","t":"15:23:00","h":"Nord","s":"25N-H57NV10S-84-S"},{"r":"14","t":"15:23:00","h":"Nord","s":"25N-H57NV20S-80-S"},{"r":"14","t":"15:23:00","h":"Nord","s":"25S-H57S000S-82-S"},{"r":"14","t":"15:50:00","h":"Nord","s":"25N-H57N000S-80-S"},{"r":"14","t":"15:50:00","h":"Nord","s":"25N-H57NV10S-84-S"},{"r":"14","t":"15:50:00","h":"Nord","s":"25N-H57NV20S-80-S"},{"r":"14","t":"15:50:00","h":"Nord","s":"25S-H57S000S-82-S"},{"r":"14","t":"15:54:00","h":"Nord","s":"25N-H57N000A-80-A"},{"r":"14","t":"15:54:00","h":"Nord","s":"25N-H57NV10A-80-A"},{"r":"14","t":"15:54:00","h":"Nord","s":"25N-H57NV20A-80-A"},{"r":"14","t":"15:54:00","h":"Nord","s":"25S-H57S000A-80-A"},{"r":"14","t":"15:58:00","h":"Nord","s":"25N-H57N000I-80-I"},{"r":"14","t":"15:58:00","h":"Nord","s":"25N-H57N100F-80-F1"},{"r":"14","t":"15:58:00","h":"Nord","s":"25N-H57N200F-80-F2"},{"r":"14","t":"15:58:00","h":"Nord","s":"25N-H57N300F-80-F3"},{"r":"14","t":"15:58:00","h":"Nord","s":"25N-H57N400F-80-F4"},{"r":"14","t":"15:58:00","h":"Nord","s":"25N-H57NV10I-80-I"},{"r":"14","t":"15:58:00","h":"Nord","s":"25N-H57NV20I-80-I"},{"r":"14","t":"15:58:00","h":"Nord","s":"25S-H57S000I-80-I"},{"r":"14","t":"15:58:00","h":"Nord","s":"25S-H57S100F-80-F1"},{"r":"14","t":"15:58:00","h":"Nord","s":"25S-H57S200F-80-F2"},{"r":"14","t":"16:18:00","h":"Nord","s":"25N-H57N000S-80-S"},{"r":"14","t":"16:18:00","h":"Nord","s":"25N-H57NV10S-84-S"},{"r":"14","t":"16:18:00","h":"Nord","s":"25N-H57NV20S-80-S"},{"r":"14","t":"16:18:00","h":"Nord","s":"25S-H57S000S-82-S"},{"r":"14","t":"16:45:00","h":"Nord","s":"25N-H57N000S-80-S"},{"r":"14","t":"16:45:00","h":"Nord","s":"25N-H57NV10S-84-S"},{"r":"14","t":"16:45:00","h":"Nord","s":"25N-H57NV20S-80-S"},{"r":"14","t":"16:45:00","h":"Nord","s":"25S-H57S000S-82-S"},{"r":"14","t":"16:46:00","h":"Nord","s":"25N-H57N000A-80-A"},{"r":"14","t":"16:46:00","h":"Nord","s":"25N-H57NV10A-80-A"},{"r":"14","t":"16:46:00","h":"Nord","s":"25N-H57NV20A-80-A"},{"r":"14","t":"16:46:00","h":"Nord","s":"25S-H57S000A-80-A"},{"r":"14","t":"16:49:00","h":"Nord","s":"25N-H57N000I-80-I"},{"r":"14","t":"16:49:00","h":"Nord","s":"25N-H57N100F-80-F1"},{"r":"14","t":"16:49:00","h":"Nord","s":"25N-H57N200F-80-F2"},{"r":"14","t":"16:49:00","h":"Nord","s":"25N-H57N300F-80-F3"},{"r":"14","t":"16:49:00","h":"Nord","s":"25N-H57N400F-80-F4"},{"r":"14","t":"16:49:00","h":"Nord","s":"25N-H57NV10I-80-I"},{"r":"14","t":"16:49:00","h":"Nord","s":"25N-H57NV20I-80-I"},{"r":"14","t":"16:49:00","h":"Nord","s":"25S-H57S000I-80-I"},{"r":"14","t":"16:49:00","h":"Nord","s":"25S-H57S100F-80-F1"},{"r":"14","t":"16:49:00","h":"Nord","s":"25S-H57S200F-80-F2"},{"r":"14","t":"17:15:00","h":"Nord","s":"25N-H57N000S-80-S"},{"r":"14","t":"17:15:00","h":"Nord","s":"25N-H57NV10S-84-S"},{"r":"14","t":"17:15:00","h":"Nord","s":"25N-H57NV20S-80-S"},{"r":"14","t":"17:15:00","h":"Nord","s":"25S-H57S000S-82-S"},{"r":"14","t":"17:38:00","h":"Nord","s":"25N-H57N000A-80-A"},{"r":"14","t":"17:38:00","h":"Nord","s":"25N-H57NV10A-80-A"},{"r":"14","t":"17:38:00","h":"Nord","s":"25N-H57NV20A-80-A"},{"r":"14","t":"17:38:00","h":"Nord","s":"25S-H57S000A-80-A"},{"r":"14","t":"17:40:00","h":"Nord","s":"25N-H57N000I-80-I"},{"r":"14","t":"17:40:00","h":"Nord","s":"25N-H57N100F-80-F1"},{"r":"14","t":"17:40:00","h":"Nord","s":"25N-H57N200F-80-F2"},{"r":"14","t":"17:40:00","h":"Nord","s":"25N-H57N300F-80-F3"},{"r":"14","t":"17:40:00","h":"Nord","s":"25N-H57N400F-80-F4"},{"r":"14","t":"17:40:00","h":"Nord","s":"25N-H57NV10I-80-I"},{"r":"14","t":"17:40:00","h":"Nord","s":"25N-H57NV20I-80-I"},{"r":"14","t":"17:40:00","h":"Nord","s":"25S-H57S000I-80-I"},{"r":"14","t":"17:40:00","h":"Nord","s":"25S-H57S100F-80-F1"},{"r":"14","t":"17:40:00","h":"Nord","s":"25S-H57S200F-80-F2"},{"r":"14","t":"17:45:00","h":"Nord","s":"25N-H57N000S-80-S"},{"r":"14","t":"17:45:00","h":"Nord","s":"25N-H57NV10S-84-S"},{"r":"14","t":"17:45:00","h":"Nord","s":"25N-H57NV20S-80-S"},{"r":"14","t":"17:45:00","h":"Nord","s":"25S-H57S000S-82-S"},{"r":"14","t":"18:15:00","h":"Nord","s":"25N-H57N000S-80-S"},{"r":"14","t":"18:15:00","h":"Nord","s":"25N-H57NV10S-84-S"},{"r":"14","t":"18:15:00","h":"Nord","s":"25N-H57NV20S-80-S"},{"r":"14","t":"18:15:00","h":"Nord","s":"25S-H57S000S-82-S"},{"r":"14","t":"18:30:00","h":"Nord","s":"25N-H57N000A-80-A"},{"r":"14","t":"18:30:00","h":"Nord","s":"25N-H57NV10A-80-A"},{"r":"14","t":"18:30:00","h":"Nord","s":"25N-H57NV20A-80-A"},{"r":"14","t":"18:30:00","h":"Nord","s":"25S-H57S000A-80-A"},{"r":"14","t":"18:31:00","h":"Nord","s":"25N-H57N000I-80-I"},{"r":"14","t":"18:31:00","h":"Nord","s":"25N-H57N100F-80-F1"},{"r":"14","t":"18:31:00","h":"Nord","s":"25N-H57N200F-80-F2"},{"r":"14","t":"18:31:00","h":"Nord","s":"25N-H57N300F-80-F3"},{"r":"14","t":"18:31:00","h":"Nord","s":"25N-H57N400F-80-F4"},{"r":"14","t":"18:31:00","h":"Nord","s":"25N-H57NV10I-80-I"},{"r":"14","t":"18:31:00","h":"Nord","s":"25N-H57NV20I-80-I"},{"r":"14","t":"18:31:00","h":"Nord","s":"25S-H57S000I-80-I"},{"r":"14","t":"18:31:00","h":"Nord","s":"25S-H57S100F-80-F1"},{"r":"14","t":"18:31:00","h":"Nord","s":"25S-H57S200F-80-F2"},{"r":"14","t":"18:42:00","h":"Nord","s":"25N-H57N000S-80-S"},{"r":"14","t":"18:42:00","h":"Nord","s":"25N-H57NV10S-84-S"},{"r":"14","t":"18:42:00","h":"Nord","s":"25N-H57NV20S-80-S"},{"r":"14","t":"18:42:00","h":"Nord","s":"25S-H57S000S-82-S"},{"r":"14","t":"19:07:00","h":"Nord","s":"25N-H57N000S-80-S"},{"r":"14","t":"19:07:00","h":"Nord","s":"25N-H57NV10S-84-S"},{"r":"14","t":"19:07:00","h":"Nord","s":"25N-H57NV20S-80-S"},{"r":"14","t":"19:07:00","h":"Nord","s":"25S-H57S000S-82-S"},{"r":"14","t":"19:22:00","h":"Nord","s":"25N-H57N000A-80-A"},{"r":"14","t":"19:22:00","h":"Nord","s":"25N-H57N000I-80-I"},{"r":"14","t":"19:22:00","h":"Nord","s":"25N-H57N100F-80-F1"},{"r":"14","t":"19:22:00","h":"Nord","s":"25N-H57N200F-80-F2"},{"r":"14","t":"19:22:00","h":"Nord","s":"25N-H57N300F-80-F3"},{"r":"14","t":"19:22:00","h":"Nord","s":"25N-H57N400F-80-F4"},{"r":"14","t":"19:22:00","h":"Nord","s":"25N-H57NV10A-80-A"},{"r":"14","t":"19:22:00","h":"Nord","s":"25N-H57NV10I-80-I"},{"r":"14","t":"19:22:00","h":"Nord","s":"25N-H57NV20A-80-A"},{"r":"14","t":"19:22:00","h":"Nord","s":"25N-H57NV20I-80-I"},{"r":"14","t":"19:22:00","h":"Nord","s":"25S-H57S000A-80-A"},{"r":"14","t":"19:22:00","h":"Nord","s":"25S-H57S000I-80-I"},{"r":"14","t":"19:22:00","h":"Nord","s":"25S-H57S100F-80-F1"},{"r":"14","t":"19:22:00","h":"Nord","s":"25S-H57S200F-80-F2"},{"r":"14","t":"19:30:00","h":"Nord","s":"25N-H57N000S-80-S"},{"r":"14","t":"19:30:00","h":"Nord","s":"25N-H57NV10S-84-S"},{"r":"14","t":"19:30:00","h":"Nord","s":"25N-H57NV20S-80-S"},{"r":"14","t":"19:30:00","h":"Nord","s":"25S-H57S000S-82-S"}]