[{"r":"55","t":"05:21:00","h":"Nord","s":"25N-H58N000A-80-A"},{"r":"55","t":"05:21:00","h":"Nord","s":"25N-H58NV10A-80-A"},{"r":"55","t":"05:21:00","h":"Nord","s":"25N-H58NV20A-80-A"},{"r":"55","t":"05:21:00","h":"Nord","s":"25S-H58S000A-80-A"},{"r":"55","t":"05:23:00","h":"Nord","s":"25N-H58N000I-80-I"},{"r":"55","t":"05:23:00","h":"Nord","s":"25N-H58N100F-80-F1"},{"r":"55","t":"05:23:00","h":"Nord","s":"25N-H58N200F-80-F2"},{"r":"55","t":"05:23:00","h":"Nord","s":"25N-H58N300F-80-F3"},{"r":"55","t":"05:23:00","h":"Nord","s":"25N-H58N400F-80-F4"},{"r":"55","t":"05:23:00","h":"Nord","s":"25N-H58NV10I-80-I"},{"r":"55","t":"05:23:00","h":"Nord","s":"25N-H58NV20I-80-I"},{"r":"55","t":"05:23:00","h":"Nord","s":"25S-H58S000I-80-I"},{"r":"55","t":"05:23:00","h":"Nord","s":"25S-H58S100F-80-F1"},{"r":"55","t":"05:23:00","h":"Nord","s":"25S-H58S200F-80-F2"},{"r":"55","t":"05:27:00","h":"Nord","s":"25N-H60N000S-80-S"},{"r":"55","t":"05:27:00","h":"Nord","s":"25N-H60N000S-98-S"},{"r":"55","t":"05:27:00","h":"Nord","s":"25N-H60NV10S-98-S"},{"r":"55","t":"05:27:00","h":"Nord","s":"25N-H60NV20S-98-S"},{"r":"55","t":"05:27:00","h":"Nord","s":"25S-H60S000S-80-S"},{"r":"55","t":"05:49:00","h":"Nord","s":"25N-H58N000A-80-A"},{"r":"55","t":"05:49:00","h":"Nord","s":"25N-H58N000S-80-S"},{"r":"55","t":"05:49:00","h":"Nord","s":"25N-H58NV10A-80-A"},{"r":"55","t":"05:49:00","h":"Nord","s":"25N-H58NV10S-80-S"},{"r":"55","t":"05:49:00","h":"Nord","s":"25N-H58NV20A-80-A"},{"r":"55","t":"05:49:00","h":"Nord","s":"25N-H58NV20S-80-S"},{"r":"55","t":"05:49:00","h":"Nord","s":"25S-H58S000A-80-A"},{"r":"55","t":"05:49:00","h":"Nord","s":"25S-H58S000S-80-S"},{"r":"55","t":"05:55:00","h":"Nord","s":"25N-H58N000I-80-I"},{"r":"55","t":"05:55:00","h":"Nord","s":"25N-H58N100F-80-F1"},{"r":"55","t":"05:55:00","h":"Nord","s":"25N-H58N200F-80-F2"},{"r":"55","t":"05:55:00","h":"Nord","s":"25N-H58N300F-80-F3"},{"r":"55","t":"05:55:00","h":"Nord","s":"25N-H58N400F-80-F4"},{"r":"55","t":"05:55:00","h":"Nord","s":"25N-H58NV10I-80-I"},{"r":"55","t":"05:55:00","h":"Nord","s":"25N-H58NV20I-80-I"},{"r":"55","t":"05:55:00","h":"Nord","s":"25S-H58S000I-80-I"},{"r":"55","t":"05:55:00","h":"Nord","s":"25S-H58S100F-80-F1"},{"r":"55","t":"05:55:00","h":"Nord","s":"25S-H58S200F-80-F2"},{"r":"55","t":"06:16:00","h":"Nord","s":"25N-H58N000S-80-S"},{"r":"55","t":"06:16:00","h":"Nord","s":"25N-H58NV10S-80-S"},{"r":"55","t":"06:16:00","h":"Nord","s":"25N-H58NV20S-80-S"},{"r":"55","t":"06:16:00","h":"Nord","s":"25S-H58S000S-80-S"},{"r":"55","t":"06:19:00","h":"Nord","s":"25N-H58N000A-80-A"},{"r":"55","t":"06:19:00","h":"Nord","s":"25N-H58NV10A-80-A"},{"r":"55","t":"06:19:00","h":"Nord","s":"25N-H58NV20A-80-A"},{"r":"55","t":"06:19:00","h":"Nord","s":"25S-H58S000A-80-A"},{"r":"55","t":"06:27:00","h":"Nord","s":"25N-H58N000I-80-I"},{"r":"55","t":"06:27:00","h":"Nord","s":"25N-H58N100F-80-F1"},{"r":"55","t":"06:27:00","h":"Nord","s":"25N-H58N200F-80-F2"},{"r":"55","t":"06:27:00","h":"Nord","s":"25N-H58N300F-80-F3"},{"r":"55","t":"06:27:00","h":"Nord","s":"25N-H58N400F-80-F4"},{"r":"55","t":"06:27:00","h":"Nord","s":"25N-H58NV10I-80-I"},{"r":"55","t":"06:27:00","h":"Nord","s":"25N-H58NV20I-80-I"},{"r":"55","t":"06:27:00","h":"Nord","s":"25S-H58S000I-80-I"},{"r":"55","t":"06:27:00","h":"Nord","s":"25S-H58S100F-80-F1"},{"r":"55","t":"06:27:00","h":"Nord","s":"25S-H58S200F-80-F2"},{"r":"55","t":"06:45:20","h":"Nord","s":"25N-H59N000S-80-S"},{"r":"55","t":"06:45:20","h":"Nord","s":"25N-H59NV10S-84-S"},{"r":"55","t":"06:45:20","h":"Nord","s":"25N-H59NV20S-80-S"},{"r":"55","t":"06:45:20","h":"Nord","s":"25S-H59S000S-81-S"},{"r":"55","t":"06:49:00","h":"Nord","s":"25N-H58N000A-80-A"},{"r":"55","t":"06:49:00","h":"Nord","s":"25N-H58NV10A-80-A"},{"r":"55","t":"06:49:00","h":"Nord","s":"25N-H58NV20A-80-A"},{"r":"55","t":"06:49:00","h":"Nord","s":"25S-H58S000A-80-A"},{"r":"55","t":"07:00:00","h":"Nord","s":"25N-H58N000I-80-I"},{"r":"55","t":"07:00:00","h":"Nord","s":"25N-H58N100F-80-F1"},{"r":"55","t":"07:00:00","h":"Nord","s":"25N-H58N200F-80-F2"},{"r":"55","t":"07:00:00","h":"Nord","s":"25N-H58N300F-80-F3"},{"r":"55","t":"07:00:00","h":"Nord","s":"25N-H58N400F-80-F4"},{"r":"55","t":"07:00:00","h":"Nord","s":"25N-H58NV10I-80-I"},{"r":"55","t":"07:00:00","h":"Nord","s":"25N-H58NV20I-80-I"},{"r":"55","t":"07:00:00","h":"Nord","s":"25S-H58S000I-80-I"},{"r":"55","t":"07:00:00","h":"Nord","s":"25S-H58S100F-80-F1"},{"r":"55","t":"07:00:00","h":"Nord","s":"25S-H58S200F-80-F2"},{"r":"55","t":"07:18:20","h":"Nord","s":"25N-H55N000S-80-S"},{"r":"55","t":"07:18:20","h":"Nord","s":"25N-H55N000S-82-S"},{"r":"55","t":"07:18:20","h":"Nord","s":"25N-H55NV10S-85-S"},{"r":"55","t":"07:18:20","h":"Nord","s":"25N-H55NV20S-81-S"},{"r":"55","t":"07:18:20","h":"Nord","s":"25S-H55S000S-82-S"},{"r":"55","t":"07:19:00","h":"Nord","s":"25N-H58N000A-80-A"},{"r":"55","t":"07:19:00","h":"Nord","s":"25N-H58NV10A-80-A"},{"r":"55","t":"07:19:00","h":"Nord","s":"25N-H58NV20A-80-A"},{"r":"55","t":"07:19:00","h":"Nord","s":"25S-H58S000A-80-A"},{"r":"55","t":"07:25:20","h":"Nord","s":"25N-H59N000S-80-S"},{"r":"55","t":"07:25:20","h":"Nord","s":"25N-H59NV10S-84-S"},{"r":"55","t":"07:25:20","h":"Nord","s":"25N-H59NV20S-80-S"},{"r":"55","t":"07:25:20","h":"Nord","s":"25S-H59S000S-81-S"},{"r":"55","t":"07:30:00","h":"Nord","s":"25N-H58N000I-80-I"},{"r":"55","t":"07:30:00","h":"Nord","s":"25N-H58N100F-80-F1"},{"r":"55","t":"07:30:00","h":"Nord","s":"25N-H58N200F-80-F2"},{"r":"55","t":"07:30:00","h":"Nord","s":"25N-H58N300F-80-F3"},{"r":"55","t":"07:30:00","h":"Nord","s":"25N-H58N400F-80-F4"},{"r":"55","t":"07:30:00","h":"Nord","s":"25N-H58NV10I-80-I"},{"r":"55","t":"07:30:00","h":"Nord","s":"25N-H58NV20I-80-I"},{"r":"55","t":"07:30:00","h":"Nord","s":"25S-H58S000I-80-I"},{"r":"55","t":"07:30:00","h":"Nord","s":"25S-H58S100F-80-F1"},{"r":"55","t":"07:30:00","h":"Nord","s":"25S-H58S200F-80-F2"},{"r":"55","t":"07:41:20","h":"Nord","s":"25N-H58N000S-80-S"},{"r":"55","t":"07:41:20","h":"Nord","s":"25N-H58NV10S-80-S"},{"r":"55","t":"07:41:20","h":"Nord","s":"25N-H58NV20S-80-S"},{"r":"55","t":"07:41:20","h":"Nord","s":"25S-H58S000S-80-S"},{"r":"55","t":"07:52:00","h":"Nord","s":"25N-H58N000A-80-A"},{"r":"55","t":"07:52:00","h":"Nord","s":"25N-H58NV10A-80-A"},{"r":"55","t":"07:52:00","h":"Nord","s":"25N-H58NV20A-80-A"},{"r":"55","t":"07:52:00","h":"Nord","s":"25S-H58S000A-80-A"},{"r":"55","t":"07:55:20","h":"Nord","s":"25N-H58N000S-80-S"},{"r":"55","t":"07:55:20","h":"Nord","s":"25N-H58NV10S-80-S"},{"r":"55","t":"07:55:20","h":"Nord","s":"25N-H58NV20S-80-S"},{"r":"55","t":"07:55:20","h":"Nord","s":"25S-H58S000S-80-S"},{"r":"55","t":"07:59:00","h":"Nord","s":"25N-H58N000I-80-I"},{"r":"55","t":"07:59:00","h":"Nord","s":"25N-H58N100F-80-F1"},{"r":"55","t":"07:59:00","h":"Nord","s":"25N-H58N200F-80-F2"},{"r":"55","t":"07:59:00","h":"Nord","s":"25N-H58N300F-80-F3"},{"r":"55","t":"07:59:00","h":"Nord","s":"25N-H58N400F-80-F4"},{"r":"55","t":"07:59:00","h":"Nord","s":"25N-H58NV10I-80-I"},{"r":"55","t":"07:59:00","h":"Nord","s":"25N-H58NV20I-80-I"},{"r":"55","t":"07:59:00","h":"Nord","s":"25S-H58S000I-80-I"},{"r":"55","t":"07:59:00","h":"Nord","s":"25S-H58S100F-80-F1"},{"r":"55","t":"07:59:00","h":"Nord","s":"25S-H58S200F-80-F2"},{"r":"55","t":"08:08:20","h":"Nord","s":"25N-H58N000S-80-S"},{"r":"55","t":"08:08:20","h":"Nord","s":"25N-H58NV10S-80-S"},{"r":"55","t":"08:08:20","h":"Nord","s":"25N-H58NV20S-80-S"},{"r":"55","t":"08:08:20","h":"Nord","s":"25S-H58S000S-80-S"},{"r":"55","t":"08:22:00","h":"Nord","s":"25N-H58N000A-80-A"},{"r":"55","t":"08:22:00","h":"Nord","s":"25N-H58NV10A-80-A"},{"r":"55","t":"08:22:00","h":"Nord","s":"25N-H58NV20A-80-A"},{"r":"55","t":"08:22:00","h":"Nord","s":"25S-H58S000A-80-A"},{"r":"55","t":"08:25:20","h":"Nord","s":"25N-H55N000S-80-S"},{"r":"55","t":"08:25:20","h":"Nord","s":"25N-H55N000S-82-S"},{"r":"55","t":"08:25:20","h":"Nord","s":"25N-H55NV10S-85-S"},{"r":"55","t":"08:25:20","h":"Nord","s":"25N-H55NV20S-81-S"},{"r":"55","t":"08:25:20","h":"Nord","s":"25S-H55S000S-82-S"},{"r":"55","t":"08:26:00","h":"Nord","s":"25N-H58N000I-80-I"},{"r":"55","t":"08:26:00","h":"Nord","s":"25N-H58N100F-80-F1"},{"r":"55","t":"08:26:00","h":"Nord","s":"25N-H58N200F-80-F2"},{"r":"55","t":"08:26:00","h":"Nord","s":"25N-H58N300F-80-F3"},{"r":"55","t":"08:26:00","h":"Nord","s":"25N-H58N400F-80-F4"},{"r":"55","t":"08:26:00","h":"Nord","s":"25N-H58NV10I-80-I"},{"r":"55","t":"08:26:00","h":"Nord","s":"25N-H58NV20I-80-I"},{"r":"55","t":"08:26:00","h":"Nord","s":"25S-H58S000I-80-I"},{"r":"55","t":"08:26:00","h":"Nord","s":"25S-H58S100F-80-F1"},{"r":"55","t":"08:26:00","h":"Nord","s":"25S-H58S200F-80-F2"},{"r":"55","t":"08:38:00","h":"Nord","s":"25N-H58N000S-80-S"},{"r":"55","t":"08:38:00","h":"Nord","s":"25N-H58NV10S-80-S"},{"r":"55","t":"08:38:00","h":"Nord","s":"25N-H58NV20S-80-S"},{"r":"55","t":"08:38:00","h":"Nord","s":"25S-H58S000S-80-S"},{"r":"55","t":"08:51:00","h":"Nord","s":"25N-H58N000S-80-S"},{"r":"55","t":"08:51:00","h":"Nord","s":"25N-H58NV10S-80-S"},{"r":"55","t":"08:51:00","h":"Nord","s":"25N-H58NV20S-80-S"},{"r":"55","t":"08:51:00","h":"Nord","s":"25S-H58S000S-80-S"},{"r":"55","t":"08:54:00","h":"Nord","s":"25N-H58N000I-80-I"},{"r":"55","t":"08:54:00","h":"Nord","s":"25N-H58N100F-80-F1"},{"r":"55","t":"08:54:00","h":"Nord","s":"25N-H58N200F-80-F2"},{"r":"55","t":"08:54:00","h":"Nord","s":"25N-H58N300F-80-F3"},{"r":"55","t":"08:54:00","h":"Nord","s":"25N-H58N400F-80-F4"},{"r":"55","t":"08:54:00","h":"Nord","s":"25N-H58NV10I-80-I"},{"r":"55","t":"08:54:00","h":"Nord","s":"25N-H58NV20I-80-I"},{"r":"55","t":"08:54:00","h":"Nord","s":"25S-H58S000I-80-I"},{"r":"55","t":"08:54:00","h":"Nord","s":"25S-H58S100F-80-F1"},{"r":"55","t":"08:54:00","h":"Nord","s":"25S-H58S200F-80-F2"},{"r":"55","t":"08:54:20","h":"Nord","s":"25N-H58N000A-80-A"},{"r":"55","t":"08:54:20","h":"Nord","s":"25N-H58NV10A-80-A"},{"r":"55","t":"08:54:20","h":"Nord","s":"25N-H58NV20A-80-A"},{"r":"55","t":"08:54:20","h":"Nord","s":"25S-H58S000A-80-A"},{"r":"55","t":"09:04:00","h":"Nord","s":"25N-H58N000S-80-S"},{"r":"55","t":"09:04:00","h":"Nord","s":"25N-H58NV10S-80-S"},{"r":"55","t":"09:04:00","h":"Nord","s":"25N-H58NV20S-80-S"},{"r":"55","t":"09:04:00","h":"Nord","s":"25S-H58S000S-80-S"},{"r":"55","t":"09:19:00","h":"Nord","s":"25N-H58N000S-80-S"},{"r":"55","t":"09:19:00","h":"Nord","s":"25N-H58NV10S-80-S"},{"r":"55","t":"09:19:00","h":"Nord","s":"25N-H58NV20S-80-S"},{"r":"55","t":"09:19:00","h":"Nord","s":"25S-H58S000S-80-S"},{"r":"55","t":"09:24:00","h":"Nord","s":"25N-H58N000I-80-I"},{"r":"55","t":"09:24:00","h":"Nord","s":"25N-H58N100F-80-F1"},{"r":"55","t":"09:24:00","h":"Nord","s":"25N-H58N200F-80-F2"},{"r":"55","t":"09:24:00","h":"Nord","s":"25N-H58N300F-80-F3"},{"r":"55","t":"09:24:00","h":"Nord","s":"25N-H58N400F-80-F4"},{"r":"55","t":"09:24:00","h":"Nord","s":"25N-H58NV10I-80-I"},{"r":"55","t":"09:24:00","h":"Nord","s":"25N-H58NV20I-80-I"},{"r":"55","t":"09:24:00","h":"Nord","s":"25S-H58S000I-80-I"},{"r":"55","t":"09:24:00","h":"Nord","s":"25S-H58S100F-80-F1"},{"r":"55","t":"09:24:00","h":"Nord","s":"25S-H58S200F-80-F2"},{"r":"55","t":"09:27:20","h":"Nord","s":"25N-H58N000A-80-A"},{"r":"55","t":"09:27:20","h":"Nord","s":"25N-H58NV10A-80-A"},{"r":"55","t":"09:27:20","h":"Nord","s":"25N-H58NV20A-80-A"},{"r":"55","t":"09:27:20","h":"Nord","s":"25S-H58S000A-80-A"},{"r":"55","t":"09:36:00","h":"Nord","s":"25N-H58N000S-80-S"},{"r":"55","t":"09:36:00","h":"Nord","s":"25N-H58NV10S-80-S"},{"r":"55","t":"09:36:00","h":"Nord","s":"25N-H58NV20S-80-S"},{"r":"55","t":"09:36:00","h":"Nord","s":"25S-H58S000S-80-S"},{"r":"55","t":"09:54:00","h":"Nord","s":"25N-H58N000I-80-I"},{"r":"55","t":"09:54:00","h":"Nord","s":"25N-H58N100F-80-F1"},{"r":"55","t":"09:54:00","h":"Nord","s":"25N-H58N200F-80-F2"},{"r":"55","t":"09:54:00","h":"Nord","s":"25N-H58N300F-80-F3"},{"r":"55","t":"09:54:00","h":"Nord","s":"25N-H58N400F-80-F4"},{"r":"55","t":"09:54:00","h":"Nord","s":"25N-H58NV10I-80-I"},{"r":"55","t":"09:54:00","h":"Nord","s":"25N-H58NV20I-80-I"},{"r":"55","t":"09:54:00","h":"Nord","s":"25S-H58S000I-80-I"},{"r":"55","t":"09:54:00","h":"Nord","s":"25S-H58S100F-80-F1"},{"r":"55","t":"09:54:00","h":"Nord","s":"25S-H58S200F-80-F2"},{"r":"55","t":"09:56:00","h":"Nord","s":"25N-H58N000S-80-S"},{"r":"55","t":"09:56:00","h":"Nord","s":"25N-H58NV10S-80-S"},{"r":"55","t":"09:56:00","h":"Nord","s":"25N-H58NV20S-80-S"},{"r":"55","t":"09:56:00","h":"Nord","s":"25S-H58S000S-80-S"},{"r":"55","t":"09:58:20","h":"Nord","s":"25N-H58N000A-80-A"},{"r":"55","t":"09:58:20","h":"Nord","s":"25N-H58NV10A-80-A"},{"r":"55","t":"09:58:20","h":"Nord","s":"25N-H58NV20A-80-A"},{"r":"55","t":"09:58:20","h":"Nord","s":"25S-H58S000A-80-A"},{"r":"55","t":"10:16:00","h":"Nord","s":"25N-H58N000S-80-S"},{"r":"55","t":"10:16:00","h":"Nord","s":"25N-H58NV10S-80-S"},{"r":"55","t":"10:16:00","h":"Nord","s":"25N-H58NV20S-80-S"},{"r":"55","t":"10:16:00","h":"Nord","s":"25S-H58S000S-80-S"},{"r":"55","t":"10:24:00","h":"Nord","s":"25N-H58N000I-80-I"},{"r":"55","t":"10:24:00","h":"Nord","s":"25N-H58N100F-80-F1"},{"r":"55","t":"10:24:00","h":"Nord","s":"25N-H58N200F-80-F2"},{"r":"55","t":"10:24:00","h":"Nord","s":"25N-H58N300F-80-F3"},{"r":"55","t":"10:24:00","h":"Nord","s":"25N-H58N400F-80-F4"},{"r":"55","t":"10:24:00","h":"Nord","s":"25N-H58NV10I-80-I"},{"r":"55","t":"10:24:00","h":"Nord","s":"25N-H58NV20I-80-I"},{"r":"55","t":"10:24:00","h":"Nord","s":"25S-H58S000I-80-I"},{"r":"55","t":"10:24:00","h":"Nord","s":"25S-H58S100F-80-F1"},{"r":"55","t":"10:24:00","h":"Nord","s":"25S-H58S200F-80-F2"},{"r":"55","t":"10:32:20","h":"Nord","s":"25N-H58N000A-80-A"},{"r":"55","t":"10:32:20","h":"Nord","s":"25N-H58NV10A-80-A"},{"r":"55","t":"10:32:20","h":"Nord","s":"25N-H58NV20A-80-A"},{"r":"55","t":"10:32:20","h":"Nord","s":"25S-H58S000A-80-A"},{"r":"55","t":"10:35:00","h":"Nord","s":"25N-H58N000S-80-S"},{"r":"55","t":"10:35:00","h":"Nord","s":"25N-H58NV10S-80-S"},{"r":"55","t":"10:35:00","h":"Nord","s":"25N-H58NV20S-80-S"},{"r":"55","t":"10:35:00","h":"Nord","s":"25S-H58S000S-80-S"},{"r":"55","t":"10:45:20","h":"Nord","s":"25N-H58N000I-80-I"},{"r":"55","t":"10:45:20","h":"Nord","s":"25N-H58N100F-80-F1"},{"r":"55","t":"10:45:20","h":"Nord","s":"25N-H58N200F-80-F2"},{"r":"55","t":"10:45:20","h":"Nord","s":"25N-H58N300F-80-F3"},{"r":"55","t":"10:45:20","h":"Nord","s":"25N-H58N400F-80-F4"},{"r":"55","t":"10:45:20","h":"Nord","s":"25N-H58NV10I-80-I"},{"r":"55","t":"10:45:20","h":"Nord","s":"25N-H58NV20I-80-I"},{"r":"55","t":"10:45:20","h":"Nord","s":"25S-H58S000I-80-I"},{"r":"55","t":"10:45:20","h":"Nord","s":"25S-H58S100F-80-F1"},{"r":"55","t":"10:45:20","h":"Nord","s":"25S-H58S200F-80-F2"},{"r":"55","t":"10:54:00","h":"Nord","s":"25N-H58N000S-80-S"},{"r":"55","t":"10:54:00","h":"Nord","s":"25N-H58NV10S-80-S"},{"r":"55","t":"10:54:00","h":"Nord","s":"25N-H58NV20S-80-S"},{"r":"55","t":"10:54:00","h":"Nord","s":"25S-H58S000S-80-S"},{"r":"55","t":"11:03:20","h":"Nord","s":"25N-H58N000A-80-A"},{"r":"55","t":"11:03:20","h":"Nord","s":"25N-H58NV10A-80-A"},{"r":"55","t":"11:03:20","h":"Nord","s":"25N-H58NV20A-80-A"},{"r":"55","t":"11:03:20","h":"Nord","s":"25S-H58S000A-80-A"},{"r":"55","t":"11:09:20","h":"Nord","s":"25N-H58N000I-80-I"},{"r":"55","t":"11:09:20","h":"Nord","s":"25N-H58N100F-80-F1"},{"r":"55","t":"11:09:20","h":"Nord","s":"25N-H58N200F-80-F2"},{"r":"55","t":"11:09:20","h":"Nord","s":"25N-H58N300F-80-F3"},{"r":"55","t":"11:09:20","h":"Nord","s":"25N-H58N400F-80-F4"},{"r":"55","t":"11:09:20","h":"Nord","s":"25N-H58NV10I-80-I"},{"r":"55","t":"11:09:20","h":"Nord","s":"25N-H58NV20I-80-I"},{"r":"55","t":"11:09:20","h":"Nord","s":"25S-H58S000I-80-I"},{"r":"55","t":"11:09:20","h":"Nord","s":"25S-H58S100F-80-F1"},{"r":"55","t":"11:09:20","h":"Nord","s":"25S-H58S200F-80-F2"},{"r":"55","t":"11:12:00","h":"Nord","s":"25N-H58N000S-80-S"},{"r":"55","t":"11:12:00","h":"Nord","s":"25N-H58NV10S-80-S"},{"r":"55","t":"11:12:00","h":"Nord","s":"25N-H58NV20S-80-S"},{"r":"55","t":"11:12:00","h":"Nord","s":"25S-H58S000S-80-S"},{"r":"55","t":"11:25:20","h":"Nord","s":"25N-H58N000A-80-A"},{"r":"55","t":"11:25:20","h":"Nord","s":"25N-H58NV10A-80-A"},{"r":"55","t":"11:25:20","h":"Nord","s":"25N-H58NV20A-80-A"},{"r":"55","t":"11:25:20","h":"Nord","s":"25S-H58S000A-80-A"},{"r":"55","t":"11:32:20","h":"Nord","s":"25N-H58N000I-80-I"},{"r":"55","t":"11:32:20","h":"Nord","s":"25N-H58N100F-80-F1"},{"r":"55","t":"11:32:20","h":"Nord","s":"25N-H58N200F-80-F2"},{"r":"55","t":"11:32:20","h":"Nord","s":"25N-H58N300F-80-F3"},{"r":"55","t":"11:32:20","h":"Nord","s":"25N-H58N400F-80-F4"},{"r":"55","t":"11:32:20","h":"Nord","s":"25N-H58NV10I-80-I"},{"r":"55","t":"11:32:20","h":"Nord","s":"25N-H58NV20I-80-I"},{"r":"55","t":"11:32:20","h":"Nord","s":"25S-H58S000I-80-I"},{"r":"55","t":"11:32:20","h":"Nord","s":"25S-H58S100F-80-F1"},{"r":"55","t":"11:32:20","h":"Nord","s":"25S-H58S200F-80-F2"},{"r":"55","t":"11:34:40","h":"Nord","s":"25N-H58N000S-80-S"},{"r":"55","t":"11:34:40","h":"Nord","s":"25N-H58NV10S-80-S"},{"r":"55","t":"11:34:40","h":"Nord","s":"25N-H58NV20S-80-S"},{"r":"55","t":"11:34:40","h":"Nord","s":"25S-H58S000S-80-S"},{"r":"55","t":"11:39:20","h":"Nord","s":"25N-H58N000A-80-A"},{"r":"55","t":"11:39:20","h":"Nord","s":"25N-H58NV10A-80-A"},{"r":"55","t":"11:39:20","h":"Nord","s":"25N-H58NV20A-80-A"},{"r":"55","t":"11:39:20","h":"Nord","s":"25S-H58S000A-80-A"},{"r":"55","t":"11:50:20","h":"Nord","s":"25N-H58N000I-80-I"},{"r":"55","t":"11:50:20","h":"Nord","s":"25N-H58N100F-80-F1"},{"r":"55","t":"11:50:20","h":"Nord","s":"25N-H58N200F-80-F2"},{"r":"55","t":"11:50:20","h":"Nord","s":"25N-H58N300F-80-F3"},{"r":"55","t":"11:50:20","h":"Nord","s":"25N-H58N400F-80-F4"},{"r":"55","t":"11:50:20","h":"Nord","s":"25N-H58NV10I-80-I"},{"r":"55","t":"11:50:20","h":"Nord","s":"25N-H58NV20I-80-I"},{"r":"55","t":"11:50:20","h":"Nord","s":"25S-H58S000I-80-I"},{"r":"55","t":"11:50:20","h":"Nord","s":"25S-H58S100F-80-F1"},{"r":"55","t":"11:50:20","h":"Nord","s":"25S-H58S200F-80-F2"},{"r":"55","t":"11:52:40","h":"Nord","s":"25N-H58N000A-80-A"},{"r":"55","t":"11:52:40","h":"Nord","s":"25N-H58NV10A-80-A"},{"r":"55","t":"11:52:40","h":"Nord","s":"25N-H58NV20A-80-A"},{"r":"55","t":"11:52:40","h":"Nord","s":"25S-H58S000A-80-A"},{"r":"55","t":"11:54:40","h":"Nord","s":"25N-H58N000S-80-S"},{"r":"55","t":"11:54:40","h":"Nord","s":"25N-H58NV10S-80-S"},{"r":"55","t":"11:54:40","h":"Nord","s":"25N-H58NV20S-80-S"},{"r":"55","t":"11:54:40","h":"Nord","s":"25S-H58S000S-80-S"},{"r":"55","t":"12:06:40","h":"Nord","s":"25N-H58N000A-80-A"},{"r":"55","t":"12:06:40","h":"Nord","s":"25N-H58NV10A-80-A"},{"r":"55","t":"12:06:40","h":"Nord","s":"25N-H58NV20A-80-A"},{"r":"55","t":"12:06:40","h":"Nord","s":"25S-H58S000A-80-A"},{"r":"55","t":"12:09:20","h":"Nord","s":"25N-H58N000I-80-I"},{"r":"55","t":"12:09:20","h":"Nord","s":"25N-H58N100F-80-F1"},{"r":"55","t":"12:09:20","h":"Nord","s":"25N-H58N200F-80-F2"},{"r":"55","t":"12:09:20","h":"Nord","s":"25N-H58N300F-80-F3"},{"r":"55","t":"12:09:20","h":"Nord","s":"25N-H58N400F-80-F4"},{"r":"55","t":"12:09:20","h":"Nord","s":"25N-H58NV10I-80-I"},{"r":"55","t":"12:09:20","h":"Nord","s":"25N-H58NV20I-80-I"},{"r":"55","t":"12:09:20","h":"Nord","s":"25S-H58S000I-80-I"},{"r":"55","t":"12:09:20","h":"Nord","s":"25S-H58S100F-80-F1"},{"r":"55","t":"12:09:20","h":"Nord","s":"25S-H58S200F-80-F2"},{"r":"55","t":"12:14:40","h":"Nord","s":"25N-H58N000S-80-S"},{"r":"55","t":"12:14:40","h":"Nord","s":"25N-H58NV10S-80-S"},{"r":"55","t":"12:14:40","h":"Nord","s":"25N-H58NV20S-80-S"},{"r":"55","t":"12:14:40","h":"Nord","s":"25S-H58S000S-80-S"},{"r":"55","t":"12:22:40","h":"Nord","s":"25N-H58N000A-80-A"},{"r":"55","t":"12:22:40","h":"Nord","s":"25N-H58NV10A-80-A"},{"r":"55","t":"12:22:40","h":"Nord","s":"25N-H58NV20A-80-A"},{"r":"55","t":"12:22:40","h":"Nord","s":"25S-H58S000A-80-A"},{"r":"55","t":"12:27:20","h":"Nord","s":"25N-H58N000I-80-I"},{"r":"55","t":"12:27:20","h":"Nord","s":"25N-H58N100F-80-F1"},{"r":"55","t":"12:27:20","h":"Nord","s":"25N-H58N200F-80-F2"},{"r":"55","t":"12:27:20","h":"Nord","s":"25N-H58N300F-80-F3"},{"r":"55","t":"12:27:20","h":"Nord","s":"25N-H58N400F-80-F4"},{"r":"55","t":"12:27:20","h":"Nord","s":"25N-H58NV10I-80-I"},{"r":"55","t":"12:27:20","h":"Nord","s":"25N-H58NV20I-80-I"},{"r":"55","t":"12:27:20","h":"Nord","s":"25S-H58S000I-80-I"},{"r":"55","t":"12:27:20","h":"Nord","s":"25S-H58S100F-80-F1"},{"r":"55","t":"12:27:20","h":"Nord","s":"25S-H58S200F-80-F2"},{"r":"55","t":"12:33:40","h":"Nord","s":"25N-H58N000S-80-S"},{"r":"55","t":"12:33:40","h":"Nord","s":"25N-H58NV10S-80-S"},{"r":"55","t":"12:33:40","h":"Nord","s":"25N-H58NV20S-80-S"},{"r":"55","t":"12:33:40","h":"Nord","s":"25S-H58S000S-80-S"},{"r":"55","t":"12:35:40","h":"Nord","s":"25N-H58N000A-80-A"},{"r":"55","t":"12:35:40","h":"Nord","s":"25N-H58NV10A-80-A"},{"r":"55","t":"12:35:40","h":"Nord","s":"25N-H58NV20A-80-A"},{"r":"55","t":"12:35:40","h":"Nord","s":"25S-H58S000A-80-A"},{"r":"55","t":"12:42:20","h":"Nord","s":"25N-H58N000I-80-I"},{"r":"55","t":"12:42:20","h":"Nord","s":"25N-H58N100F-80-F1"},{"r":"55","t":"12:42:20","h":"Nord","s":"25N-H58N200F-80-F2"},{"r":"55","t":"12:42:20","h":"Nord","s":"25N-H58N300F-80-F3"},{"r":"55","t":"12:42:20","h":"Nord","s":"25N-H58N400F-80-F4"},{"r":"55","t":"12:42:20","h":"Nord","s":"25N-H58NV10I-80-I"},{"r":"55","t":"12:42:20","h":"Nord","s":"25N-H58NV20I-80-I"},{"r":"55","t":"12:42:20","h":"Nord","s":"25S-H58S000I-80-I"},{"r":"55","t":"12:42:20","h":"Nord","s":"25S-H58S100F-80-F1"},{"r":"55","t":"12:42:20","h":"Nord","s":"25S-H58S200F-80-F2"},{"r":"55","t":"12:48:40","h":"Nord","s":"25N-H58N000A-80-A"},{"r":"55","t":"12:48:40","h":"Nord","s":"25N-H58NV10A-80-A"},{"r":"55","t":"12:48:40","h":"Nord","s":"25N-H58NV20A-80-A"},{"r":"55","t":"12:48:40","h":"Nord","s":"25S-H58S000A-80-A"},{"r":"55","t":"12:51:40","h":"Nord","s":"25N-H58N000S-80-S"},{"r":"55","t":"12:51:40","h":"Nord","s":"25N-H58NV10S-80-S"},{"r":"55","t":"12:51:40","h":"Nord","s":"25N-H58NV20S-80-S"},{"r":"55","t":"12:51:40","h":"Nord","s":"25S-H58S000S-80-S"},{"r":"55","t":"12:56:20","h":"Nord","s":"25N-H58N000I-80-I"},{"r":"55","t":"12:56:20","h":"Nord","s":"25N-H58N100F-80-F1"},{"r":"55","t":"12:56:20","h":"Nord","s":"25N-H58N200F-80-F2"},{"r":"55","t":"12:56:20","h":"Nord","s":"25N-H58N300F-80-F3"},{"r":"55","t":"12:56:20","h":"Nord","s":"25N-H58N400F-80-F4"},{"r":"55","t":"12:56:20","h":"Nord","s":"25N-H58NV10I-80-I"},{"r":"55","t":"12:56:20","h":"Nord","s":"25N-H58NV20I-80-I"},{"r":"55","t":"12:56:20","h":"Nord","s":"25S-H58S000I-80-I"},{"r":"55","t":"12:56:20","h":"Nord","s":"25S-H58S100F-80-F1"},{"r":"55","t":"12:56:20","h":"Nord","s":"25S-H58S200F-80-F2"},{"r":"55","t":"13:01:40","h":"Nord","s":"25N-H58N000A-80-A"},{"r":"55","t":"13:01:40","h":"Nord","s":"25N-H58NV10A-80-A"},{"r":"55","t":"13:01:40","h":"Nord","s":"25N-H58NV20A-80-A"},{"r":"55","t":"13:01:40","h":"Nord","s":"25S-H58S000A-80-A"},{"r":"55","t":"13:06:40","h":"Nord","s":"25N-H58N000S-80-S"},{"r":"55","t":"13:06:40","h":"Nord","s":"25N-H58NV10S-80-S"},{"r":"55","t":"13:06:40","h":"Nord","s":"25N-H58NV20S-80-S"},{"r":"55","t":"13:06:40","h":"Nord","s":"25S-H58S000S-80-S"},{"r":"55","t":"13:09:20","h":"Nord","s":"25N-H58N000I-80-I"},{"r":"55","t":"13:09:20","h":"Nord","s":"25N-H58N100F-80-F1"},{"r":"55","t":"13:09:20","h":"Nord","s":"25N-H58N200F-80-F2"},{"r":"55","t":"13:09:20","h":"Nord","s":"25N-H58N300F-80-F3"},{"r":"55","t":"13:09:20","h":"Nord","s":"25N-H58N400F-80-F4"},{"r":"55","t":"13:09:20","h":"Nord","s":"25N-H58NV10I-80-I"},{"r":"55","t":"13:09:20","h":"Nord","s":"25N-H58NV20I-80-I"},{"r":"55","t":"13:09:20","h":"Nord","s":"25S-H58S000I-80-I"},{"r":"55","t":"13:09:20","h":"Nord","s":"25S-H58S100F-80-F1"},{"r":"55","t":"13:09:20","h":"Nord","s":"25S-H58S200F-80-F2"},{"r":"55","t":"13:12:40","h":"Nord","s":"25N-H58N000A-80-A"},{"r":"55","t":"13:12:40","h":"Nord","s":"25N-H58NV10A-80-A"},{"r":"55","t":"13:12:40","h":"Nord","s":"25N-H58NV20A-80-A"},{"r":"55","t":"13:12:40","h":"Nord","s":"25S-H58S000A-80-A"},{"r":"55","t":"13:19:40","h":"Nord","s":"25N-H58N000S-80-S"},{"r":"55","t":"13:19:40","h":"Nord","s":"25N-H58NV10S-80-S"},{"r":"55","t":"13:19:40","h":"Nord","s":"25N-H58NV20S-80-S"},{"r":"55","t":"13:19:40","h":"Nord","s":"25S-H58S000S-80-S"},{"r":"55","t":"13:22:20","h":"Nord","s":"25N-H58N000I-80-I"},{"r":"55","t":"13:22:20","h":"Nord","s":"25N-H58N100F-80-F1"},{"r":"55","t":"13:22:20","h":"Nord","s":"25N-H58N200F-80-F2"},{"r":"55","t":"13:22:20","h":"Nord","s":"25N-H58N300F-80-F3"},{"r":"55","t":"13:22:20","h":"Nord","s":"25N-H58N400F-80-F4"},{"r":"55","t":"13:22:20","h":"Nord","s":"25N-H58NV10I-80-I"},{"r":"55","t":"13:22:20","h":"Nord","s":"25N-H58NV20I-80-I"},{"r":"55","t":"13:22:20","h":"Nord","s":"25S-H58S000I-80-I"},{"r":"55","t":"13:22:20","h":"Nord","s":"25S-H58S100F-80-F1"},{"r":"55","t":"13:22:20","h":"Nord","s":"25S-H58S200F-80-F2"},{"r":"55","t":"13:22:40","h":"Nord","s":"25N-H58N000A-80-A"},{"r":"55","t":"13:22:40","h":"Nord","s":"25N-H58NV10A-80-A"},{"r":"55","t":"13:22:40","h":"Nord","s":"25N-H58NV20A-80-A"},{"r":"55","t":"13:22:40","h":"Nord","s":"25S-H58S000A-80-A"},{"r":"55","t":"13:32:40","h":"Nord","s":"25N-H58N000S-80-S"},{"r":"55","t":"13:32:40","h":"Nord","s":"25N-H58NV10S-80-S"},{"r":"55","t":"13:32:40","h":"Nord","s":"25N-H58NV20S-80-S"},{"r":"55","t":"13:32:40","h":"Nord","s":"25S-H58S000S-80-S"},{"r":"55","t":"13:33:40","h":"Nord","s":"25N-H58N000A-80-A"},{"r":"55","t":"13:33:40","h":"Nord","s":"25N-H58NV10A-80-A"},{"r":"55","t":"13:33:40","h":"Nord","s":"25N-H58NV20A-80-A"},{"r":"55","t":"13:33:40","h":"Nord","s":"25S-H58S000A-80-A"},{"r":"55","t":"13:34:20","h":"Nord","s":"25N-H58N000I-80-I"},{"r":"55","t":"13:34:20","h":"Nord","s":"25N-H58N100F-80-F1"},{"r":"55","t":"13:34:20","h":"Nord","s":"25N-H58N200F-80-F2"},{"r":"55","t":"13:34:20","h":"Nord","s":"25N-H58N300F-80-F3"},{"r":"55","t":"13:34:20","h":"Nord","s":"25N-H58N400F-80-F4"},{"r":"55","t":"13:34:20","h":"Nord","s":"25N-H58NV10I-80-I"},{"r":"55","t":"13:34:20","h":"Nord","s":"25N-H58NV20I-80-I"},{"r":"55","t":"13:34:20","h":"Nord","s":"25S-H58S000I-80-I"},{"r":"55","t":"13:34:20","h":"Nord","s":"25S-H58S100F-80-F1"},{"r":"55","t":"13:34:20","h":"Nord","s":"25S-H58S200F-80-F2"},{"r":"55","t":"13:42:40","h":"Nord","s":"25N-H58N000A-80-A"},{"r":"55","t":"13:42:40","h":"Nord","s":"25N-H58NV10A-80-A"},{"r":"55","t":"13:42:40","h":"Nord","s":"25N-H58NV20A-80-A"},{"r":"55","t":"13:42:40","h":"Nord","s":"25S-H58S000A-80-A"},{"r":"55","t":"13:44:20","h":"Nord","s":"25N-H58N000I-80-I"},{"r":"55","t":"13:44:20","h":"Nord","s":"25N-H58N100F-80-F1"},{"r":"55","t":"13:44:20","h":"Nord","s":"25N-H58N200F-80-F2"},{"r":"55","t":"13:44:20","h":"Nord","s":"25N-H58N300F-80-F3"},{"r":"55","t":"13:44:20","h":"Nord","s":"25N-H58N400F-80-F4"},{"r":"55","t":"13:44:20","h":"Nord","s":"25N-H58NV10I-80-I"},{"r":"55","t":"13:44:20","h":"Nord","s":"25N-H58NV20I-80-I"},{"r":"55","t":"13:44:20","h":"Nord","s":"25S-H58S000I-80-I"},{"r":"55","t":"13:44:20","h":"Nord","s":"25S-H58S100F-80-F1"},{"r":"55","t":"13:44:20","h":"Nord","s":"25S-H58S200F-80-F2"},{"r":"55","t":"13:45:40","h":"Nord","s":"25N-H58N000S-80-S"},{"r":"55","t":"13:45:40","h":"Nord","s":"25N-H58NV10S-80-S"},{"r":"55","t":"13:45:40","h":"Nord","s":"25N-H58NV20S-80-S"},{"r":"55","t":"13:45:40","h":"Nord","s":"25S-H58S000S-80-S"},{"r":"55","t":"13:51:40","h":"Nord","s":"25N-H58N000A-80-A"},{"r":"55","t":"13:51:40","h":"Nord","s":"25N-H58NV10A-80-A"},{"r":"55","t":"13:51:40","h":"Nord","s":"25N-H58NV20A-80-A"},{"r":"55","t":"13:51:40","h":"Nord","s":"25S-H58S000A-80-A"},{"r":"55","t":"13:54:20","h":"Nord","s":"25N-H58N000I-80-I"},{"r":"55","t":"13:54:20","h":"Nord","s":"25N-H58N100F-80-F1"},{"r":"55","t":"13:54:20","h":"Nord","s":"25N-H58N200F-80-F2"},{"r":"55","t":"13:54:20","h":"Nord","s":"25N-H58N300F-80-F3"},{"r":"55","t":"13:54:20","h":"Nord","s":"25N-H58N400F-80-F4"},{"r":"55","t":"13:54:20","h":"Nord","s":"25N-H58NV10I-80-I"},{"r":"55","t":"13:54:20","h":"Nord","s":"25N-H58NV20I-80-I"},{"r":"55","t":"13:54:20","h":"Nord","s":"25S-H58S000I-80-I"},{"r":"55","t":"13:54:20","h":"Nord","s":"25S-H58S100F-80-F1"},{"r":"55","t":"13:54:20","h":"Nord","s":"25S-H58S200F-80-F2"},{"r":"55","t":"13:58:40","h":"Nord","s":"25N-H57N000S-80-S"},{"r":"55","t":"13:58:40","h":"Nord","s":"25N-H57NV10S-84-S"},{"r":"55","t":"13:58:40","h":"Nord","s":"25N-H57NV20S-80-S"},{"r":"55","t":"13:58:40","h":"Nord","s":"25S-H57S000S-82-S"},{"r":"55","t":"13:59:40","h":"Nord","s":"25N-H58N000A-80-A"},{"r":"55","t":"13:59:40","h":"Nord","s":"25N-H58NV10A-80-A"},{"r":"55","t":"13:59:40","h":"Nord","s":"25N-H58NV20A-80-A"},{"r":"55","t":"13:59:40","h":"Nord","s":"25S-H58S000A-80-A"},{"r":"55","t":"14:04:20","h":"Nord","s":"25N-H58N000I-80-I"},{"r":"55","t":"14:04:20","h":"Nord","s":"25N-H58N100F-80-F1"},{"r":"55","t":"14:04:20","h":"Nord","s":"25N-H58N200F-80-F2"},{"r":"55","t":"14:04:20","h":"Nord","s":"25N-H58N300F-80-F3"},{"r":"55","t":"14:04:20","h":"Nord","s":"25N-H58N400F-80-F4"},{"r":"55","t":"14:04:20","h":"Nord","s":"25N-H58NV10I-80-I"},{"r":"55","t":"14:04:20","h":"Nord","s":"25N-H58NV20I-80-I"},{"r":"55","t":"14:04:20","h":"Nord","s":"25S-H58S000I-80-I"},{"r":"55","t":"14:04:20","h":"Nord","s":"25S-H58S100F-80-F1"},{"r":"55","t":"14:04:20","h":"Nord","s":"25S-H58S200F-80-F2"},{"r":"55","t":"14:07:40","h":"Nord","s":"25N-H58N000A-80-A"},{"r":"55","t":"14:07:40","h":"Nord","s":"25N-H58NV10A-80-A"},{"r":"55","t":"14:07:40","h":"Nord","s":"25N-H58NV20A-80-A"},{"r":"55","t":"14:07:40","h":"Nord","s":"25S-H58S000A-80-A"},{"r":"55","t":"14:11:40","h":"Nord","s":"25N-H58N000S-80-S"},{"r":"55","t":"14:11:40","h":"Nord","s":"25N-H58NV10S-80-S"},{"r":"55","t":"14:11:40","h":"Nord","s":"25N-H58NV20S-80-S"},{"r":"55","t":"14:11:40","h":"Nord","s":"25S-H58S000S-80-S"},{"r":"55","t":"14:14:20","h":"Nord","s":"25N-H58N000I-80-I"},{"r":"55","t":"14:14:20","h":"Nord","s":"25N-H58N100F-80-F1"},{"r":"55","t":"14:14:20","h":"Nord","s":"25N-H58N200F-80-F2"},{"r":"55","t":"14:14:20","h":"Nord","s":"25N-H58N300F-80-F3"},{"r":"55","t":"14:14:20","h":"Nord","s":"25N-H58N400F-80-F4"},{"r":"55","t":"14:14:20","h":"Nord","s":"25N-H58NV10I-80-I"},{"r":"55","t":"14:14:20","h":"Nord","s":"25N-H58NV20I-80-I"},{"r":"55","t":"14:14:20","h":"Nord","s":"25S-H58S000I-80-I"},{"r":"55","t":"14:14:20","h":"Nord","s":"25S-H58S100F-80-F1"},{"r":"55","t":"14:14:20","h":"Nord","s":"25S-H58S200F-80-F2"},{"r":"55","t":"14:16:40","h":"Nord","s":"25N-H58N000A-80-A"},{"r":"55","t":"14:16:40","h":"Nord","s":"25N-H58NV10A-80-A"},{"r":"55","t":"14:16:40","h":"Nord","s":"25N-H58NV20A-80-A"},{"r":"55","t":"14:16:40","h":"Nord","s":"25S-H58S000A-80-A"},{"r":"55","t":"14:22:40","h":"Nord","s":"25N-H58N000S-80-S"},{"r":"55","t":"14:22:40","h":"Nord","s":"25N-H58NV10S-80-S"},{"r":"55","t":"14:22:40","h":"Nord","s":"25N-H58NV20S-80-S"},{"r":"55","t":"14:22:40","h":"Nord","s":"25S-H58S000S-80-S"},{"r":"55","t":"14:24:20","h":"Nord","s":"25N-H58N000I-80-I"},{"r":"55","t":"14:24:20","h":"Nord","s":"25N-H58N100F-80-F1"},{"r":"55","t":"14:24:20","h":"Nord","s":"25N-H58N200F-80-F2"},{"r":"55","t":"14:24:20","h":"Nord","s":"25N-H58N300F-80-F3"},{"r":"55","t":"14:24:20","h":"Nord","s":"25N-H58N400F-80-F4"},{"r":"55","t":"14:24:20","h":"Nord","s":"25N-H58NV10I-80-I"},{"r":"55","t":"14:24:20","h":"Nord","s":"25N-H58NV20I-80-I"},{"r":"55","t":"14:24:20","h":"Nord","s":"25S-H58S000I-80-I"},{"r":"55","t":"14:24:20","h":"Nord","s":"25S-H58S100F-80-F1"},{"r":"55","t":"14:24:20","h":"Nord","s":"25S-H58S200F-80-F2"},{"r":"55","t":"14:25:40","h":"Nord","s":"25N-H58N000A-80-A"},{"r":"55","t":"14:25:40","h":"Nord","s":"25N-H58NV10A-80-A"},{"r":"55","t":"14:25:40","h":"Nord","s":"25N-H58NV20A-80-A"},{"r":"55","t":"14:25:40","h":"Nord","s":"25S-H58S000A-80-A"},{"r":"55","t":"14:33:40","h":"Nord","s":"25N-H58N000A-80-A"},{"r":"55","t":"14:33:40","h":"Nord","s":"25N-H58N000S-80-S"},{"r":"55","t":"14:33:40","h":"Nord","s":"25N-H58NV10A-80-A"},{"r":"55","t":"14:33:40","h":"Nord","s":"25N-H58NV10S-80-S"},{"r":"55","t":"14:33:40","h":"Nord","s":"25N-H58NV20A-80-A"},{"r":"55","t":"14:33:40","h":"Nord","s":"25N-H58NV20S-80-S"},{"r":"55","t":"14:33:40","h":"Nord","s":"25S-H58S000A-80-A"},{"r":"55","t":"14:33:40","h":"Nord","s":"25S-H58S000S-80-S"},{"r":"55","t":"14:34:20","h":"Nord","s":"25N-H58N000I-80-I"},{"r":"55","t":"14:34:20","h":"Nord","s":"25N-H58N100F-80-F1"},{"r":"55","t":"14:34:20","h":"Nord","s":"25N-H58N200F-80-F2"},{"r":"55","t":"14:34:20","h":"Nord","s":"25N-H58N300F-80-F3"},{"r":"55","t":"14:34:20","h":"Nord","s":"25N-H58N400F-80-F4"},{"r":"55","t":"14:34:20","h":"Nord","s":"25N-H58NV10I-80-I"},{"r":"55","t":"14:34:20","h":"Nord","s":"25N-H58NV20I-80-I"},{"r":"55","t":"14:34:20","h":"Nord","s":"25S-H58S000I-80-I"},{"r":"55","t":"14:34:20","h":"Nord","s":"25S-H58S100F-80-F1"},{"r":"55","t":"14:34:20","h":"Nord","s":"25S-H58S200F-80-F2"},{"r":"55","t":"14:41:40","h":"Nord","s":"25N-H58N000A-80-A"},{"r":"55","t":"14:41:40","h":"Nord","s":"25N-H58NV10A-80-A"},{"r":"55","t":"14:41:40","h":"Nord","s":"25N-H58NV20A-80-A"},{"r":"55","t":"14:41:40","h":"Nord","s":"25S-H58S000A-80-A"},{"r":"55","t":"14:44:20","h":"Nord","s":"25N-H58N000I-80-I"},{"r":"55","t":"14:44:20","h":"Nord","s":"25N-H58N100F-80-F1"},{"r":"55","t":"14:44:20","h":"Nord","s":"25N-H58N200F-80-F2"},{"r":"55","t":"14:44:20","h":"Nord","s":"25N-H58N300F-80-F3"},{"r":"55","t":"14:44:20","h":"Nord","s":"25N-H58N400F-80-F4"},{"r":"55","t":"14:44:20","h":"Nord","s":"25N-H58NV10I-80-I"},{"r":"55","t":"14:44:20","h":"Nord","s":"25N-H58NV20I-80-I"},{"r":"55","t":"14:44:20","h":"Nord","s":"25S-H58S000I-80-I"},{"r":"55","t":"14:44:20","h":"Nord","s":"25S-H58S100F-80-F1"},{"r":"55","t":"14:44:20","h":"Nord","s":"25S-H58S200F-80-F2"},{"r":"55","t":"14:44:40","h":"Nord","s":"25N-H58N000S-80-S"},{"r":"55","t":"14:44:40","h":"Nord","s":"25N-H58NV10S-80-S"},{"r":"55","t":"14:44:40","h":"Nord","s":"25N-H58NV20S-80-S"},{"r":"55","t":"14:44:40","h":"Nord","s":"25S-H58S000S-80-S"},{"r":"55","t":"14:49:40","h":"Nord","s":"25N-H58N000A-80-A"},{"r":"55","t":"14:49:40","h":"Nord","s":"25N-H58NV10A-80-A"},{"r":"55","t":"14:49:40","h":"Nord","s":"25N-H58NV20A-80-A"},{"r":"55","t":"14:49:40","h":"Nord","s":"25S-H58S000A-80-A"},{"r":"55","t":"14:54:20","h":"Nord","s":"25N-H58N000I-80-I"},{"r":"55","t":"14:54:20","h":"Nord","s":"25N-H58N100F-80-F1"},{"r":"55","t":"14:54:20","h":"Nord","s":"25N-H58N200F-80-F2"},{"r":"55","t":"14:54:20","h":"Nord","s":"25N-H58N300F-80-F3"},{"r":"55","t":"14:54:20","h":"Nord","s":"25N-H58N400F-80-F4"},{"r":"55","t":"14:54:20","h":"Nord","s":"25N-H58NV10I-80-I"},{"r":"55","t":"14:54:20","h":"Nord","s":"25N-H58NV20I-80-I"},{"r":"55","t":"14:54:20","h":"Nord","s":"25S-H58S000I-80-I"},{"r":"55","t":"14:54:20","h":"Nord","s":"25S-H58S100F-80-F1"},{"r":"55","t":"14:54:20","h":"Nord","s":"25S-H58S200F-80-F2"},{"r":"55","t":"14:54:40","h":"Nord","s":"25N-H59N000S-80-S"},{"r":"55","t":"14:54:40","h":"Nord","s":"25N-H59NV10S-84-S"},{"r":"55","t":"14:54:40","h":"Nord","s":"25N-H59NV20S-80-S"},{"r":"55","t":"14:54:40","h":"Nord","s":"25S-H59S000S-81-S"},{"r":"55","t":"14:57:40","h":"Nord","s":"25N-H58N000A-80-A"},{"r":"55","t":"14:57:40","h":"Nord","s":"25N-H58NV10A-80-A"},{"r":"55","t":"14:57:40","h":"Nord","s":"25N-H58NV20A-80-A"},{"r":"55","t":"14:57:40","h":"Nord","s":"25S-H58S000A-80-A"},{"r":"55","t":"15:04:20","h":"Nord","s":"25N-H58N000I-80-I"},{"r":"55","t":"15:04:20","h":"Nord","s":"25N-H58N100F-80-F1"},{"r":"55","t":"15:04:20","h":"Nord","s":"25N-H58N200F-80-F2"},{"r":"55","t":"15:04:20","h":"Nord","s":"25N-H58N300F-80-F3"},{"r":"55","t":"15:04:20","h":"Nord","s":"25N-H58N400F-80-F4"},{"r":"55","t":"15:04:20","h":"Nord","s":"25N-H58NV10I-80-I"},{"r":"55","t":"15:04:20","h":"Nord","s":"25N-H58NV20I-80-I"},{"r":"55","t":"15:04:20","h":"Nord","s":"25S-H58S000I-80-I"},{"r":"55","t":"15:04:20","h":"Nord","s":"25S-H58S100F-80-F1"},{"r":"55","t":"15:04:20","h":"Nord","s":"25S-H58S200F-80-F2"},{"r":"55","t":"15:05:01","h":"Nord","s":"25N-H55N000S-80-S"},{"r":"55","t":"15:05:01","h":"Nord","s":"25N-H55N000S-82-S"},{"r":"55","t":"15:05:01","h":"Nord","s":"25N-H55NV10S-85-S"},{"r":"55","t":"15:05:01","h":"Nord","s":"25N-H55NV20S-81-S"},{"r":"55","t":"15:05:01","h":"Nord","s":"25S-H55S000S-82-S"},{"r":"55","t":"15:06:40","h":"Nord","s":"25N-H58N000A-80-A"},{"r":"55","t":"15:06:40","h":"Nord","s":"25N-H58NV10A-80-A"},{"r":"55","t":"15:06:40","h":"Nord","s":"25N-H58NV20A-80-A"},{"r":"55","t":"15:06:40","h":"Nord","s":"25S-H58S000A-80-A"},{"r":"55","t":"15:14:20","h":"Nord","s":"25N-H58N000I-80-I"},{"r":"55","t":"15:14:20","h":"Nord","s":"25N-H58N100F-80-F1"},{"r":"55","t":"15:14:20","h":"Nord","s":"25N-H58N200F-80-F2"},{"r":"55","t":"15:14:20","h":"Nord","s":"25N-H58N300F-80-F3"},{"r":"55","t":"15:14:20","h":"Nord","s":"25N-H58N400F-80-F4"},{"r":"55","t":"15:14:20","h":"Nord","s":"25N-H58NV10I-80-I"},{"r":"55","t":"15:14:20","h":"Nord","s":"25N-H58NV20I-80-I"},{"r":"55","t":"15:14:20","h":"Nord","s":"25S-H58S000I-80-I"},{"r":"55","t":"15:14:20","h":"Nord","s":"25S-H58S100F-80-F1"},{"r":"55","t":"15:14:20","h":"Nord","s":"25S-H58S200F-80-F2"},{"r":"55","t":"15:14:40","h":"Nord","s":"25N-H58N000A-80-A"},{"r":"55","t":"15:14:40","h":"Nord","s":"25N-H58NV10A-80-A"},{"r":"55","t":"15:14:40","h":"Nord","s":"25N-H58NV20A-80-A"},{"r":"55","t":"15:14:40","h":"Nord","s":"25S-H58S000A-80-A"},{"r":"55","t":"15:15:01","h":"Nord","s":"25N-H59N000S-80-S"},{"r":"55","t":"15:15:01","h":"Nord","s":"25N-H59NV10S-84-S"},{"r":"55","t":"15:15:01","h":"Nord","s":"25N-H59NV20S-80-S"},{"r":"55","t":"15:15:01","h":"Nord","s":"25S-H59S000S-81-S"},{"r":"55","t":"15:22:40","h":"Nord","s":"25N-H58N000A-80-A"},{"r":"55","t":"15:22:40","h":"Nord","s":"25N-H58NV10A-80-A"},{"r":"55","t":"15:22:40","h":"Nord","s":"25N-H58NV20A-80-A"},{"r":"55","t":"15:22:40","h":"Nord","s":"25S-H58S000A-80-A"},{"r":"55","t":"15:24:20","h":"Nord","s":"25N-H58N000I-80-I"},{"r":"55","t":"15:24:20","h":"Nord","s":"25N-H58N100F-80-F1"},{"r":"55","t":"15:24:20","h":"Nord","s":"25N-H58N200F-80-F2"},{"r":"55","t":"15:24:20","h":"Nord","s":"25N-H58N300F-80-F3"},{"r":"55","t":"15:24:20","h":"Nord","s":"25N-H58N400F-80-F4"},{"r":"55","t":"15:24:20","h":"Nord","s":"25N-H58NV10I-80-I"},{"r":"55","t":"15:24:20","h":"Nord","s":"25N-H58NV20I-80-I"},{"r":"55","t":"15:24:20","h":"Nord","s":"25S-H58S000I-80-I"},{"r":"55","t":"15:24:20","h":"Nord","s":"25S-H58S100F-80-F1"},{"r":"55","t":"15:24:20","h":"Nord","s":"25S-H58S200F-80-F2"},{"r":"55","t":"15:25:01","h":"Nord","s":"25N-H58N000S-80-S"},{"r":"55","t":"15:25:01","h":"Nord","s":"25N-H58NV10S-80-S"},{"r":"55","t":"15:25:01","h":"Nord","s":"25N-H58NV20S-80-S"},{"r":"55","t":"15:25:01","h":"Nord","s":"25S-H58S000S-80-S"},{"r":"55","t":"15:30:40","h":"Nord","s":"25N-H58N000A-80-A"},{"r":"55","t":"15:30:40","h":"Nord","s":"25N-H58NV10A-80-A"},{"r":"55","t":"15:30:40","h":"Nord","s":"25N-H58NV20A-80-A"},{"r":"55","t":"15:30:40","h":"Nord","s":"25S-H58S000A-80-A"},{"r":"55","t":"15:33:20","h":"Nord","s":"25N-H58N000I-80-I"},{"r":"55","t":"15:33:20","h":"Nord","s":"25N-H58N100F-80-F1"},{"r":"55","t":"15:33:20","h":"Nord","s":"25N-H58N200F-80-F2"},{"r":"55","t":"15:33:20","h":"Nord","s":"25N-H58N300F-80-F3"},{"r":"55","t":"15:33:20","h":"Nord","s":"25N-H58N400F-80-F4"},{"r":"55","t":"15:33:20","h":"Nord","s":"25N-H58NV10I-80-I"},{"r":"55","t":"15:33:20","h":"Nord","s":"25N-H58NV20I-80-I"},{"r":"55","t":"15:33:20","h":"Nord","s":"25S-H58S000I-80-I"},{"r":"55","t":"15:33:20","h":"Nord","s":"25S-H58S100F-80-F1"},{"r":"55","t":"15:33:20","h":"Nord","s":"25S-H58S200F-80-F2"},{"r":"55","t":"15:35:01","h":"Nord","s":"25N-H58N000S-80-S"},{"r":"55","t":"15:35:01","h":"Nord","s":"25N-H58NV10S-80-S"},{"r":"55","t":"15:35:01","h":"Nord","s":"25N-H58NV20S-80-S"},{"r":"55","t":"15:35:01","h":"Nord","s":"25S-H58S000S-80-S"},{"r":"55","t":"15:39:40","h":"Nord","s":"25N-H58N000A-80-A"},{"r":"55","t":"15:39:40","h":"Nord","s":"25N-H58NV10A-80-A"},{"r":"55","t":"15:39:40","h":"Nord","s":"25N-H58NV20A-80-A"},{"r":"55","t":"15:39:40","h":"Nord","s":"25S-H58S000A-80-A"},{"r":"55","t":"15:41:20","h":"Nord","s":"25N-H58N000I-80-I"},{"r":"55","t":"15:41:20","h":"Nord","s":"25N-H58N100F-80-F1"},{"r":"55","t":"15:41:20","h":"Nord","s":"25N-H58N200F-80-F2"},{"r":"55","t":"15:41:20","h":"Nord","s":"25N-H58N300F-80-F3"},{"r":"55","t":"15:41:20","h":"Nord","s":"25N-H58N400F-80-F4"},{"r":"55","t":"15:41:20","h":"Nord","s":"25N-H58NV10I-80-I"},{"r":"55","t":"15:41:20","h":"Nord","s":"25N-H58NV20I-80-I"},{"r":"55","t":"15:41:20","h":"Nord","s":"25S-H58S000I-80-I"},{"r":"55","t":"15:41:20","h":"Nord","s":"25S-H58S100F-80-F1"},{"r":"55","t":"15:41:20","h":"Nord","s":"25S-H58S200F-80-F2"},{"r":"55","t":"15:46:01","h":"Nord","s":"25N-H55N000S-80-S"},{"r":"55","t":"15:46:01","h":"Nord","s":"25N-H55N000S-82-S"},{"r":"55","t":"15:46:01","h":"Nord","s":"25N-H55NV10S-85-S"},{"r":"55","t":"15:46:01","h":"Nord","s":"25N-H55NV20S-81-S"},{"r":"55","t":"15:46:01","h":"Nord","s":"25S-H55S000S-82-S"},{"r":"55","t":"15:48:40","h":"Nord","s":"25N-H58N000A-80-A"},{"r":"55","t":"15:48:40","h":"Nord","s":"25N-H58NV10A-80-A"},{"r":"55","t":"15:48:40","h":"Nord","s":"25N-H58NV20A-80-A"},{"r":"55","t":"15:48:40","h":"Nord","s":"25S-H58S000A-80-A"},{"r":"55","t":"15:49:20","h":"Nord","s":"25N-H58N000I-80-I"},{"r":"55","t":"15:49:20","h":"Nord","s":"25N-H58N100F-80-F1"},{"r":"55","t":"15:49:20","h":"Nord","s":"25N-H58N200F-80-F2"},{"r":"55","t":"15:49:20","h":"Nord","s":"25N-H58N300F-80-F3"},{"r":"55","t":"15:49:20","h":"Nord","s":"25N-H58N400F-80-F4"},{"r":"55","t":"15:49:20","h":"Nord","s":"25N-H58NV10I-80-I"},{"r":"55","t":"15:49:20","h":"Nord","s":"25N-H58NV20I-80-I"},{"r":"55","t":"15:49:20","h":"Nord","s":"25S-H58S000I-80-I"},{"r":"55","t":"15:49:20","h":"Nord","s":"25S-H58S100F-80-F1"},{"r":"55","t":"15:49:20","h":"Nord","s":"25S-H58S200F-80-F2"},{"r":"55","t":"15:56:01","h":"Nord","s":"25N-H57N000S-80-S"},{"r":"55","t":"15:56:01","h":"Nord","s":"25N-H57NV10S-84-S"},{"r":"55","t":"15:56:01","h":"Nord","s":"25N-H57NV20S-80-S"},{"r":"55","t":"15:56:01","h":"Nord","s":"25S-H57S000S-82-S"},{"r":"55","t":"15:57:20","h":"Nord","s":"25N-H58N000I-80-I"},{"r":"55","t":"15:57:20","h":"Nord","s":"25N-H58N100F-80-F1"},{"r":"55","t":"15:57:20","h":"Nord","s":"25N-H58N200F-80-F2"},{"r":"55","t":"15:57:20","h":"Nord","s":"25N-H58N300F-80-F3"},{"r":"55","t":"15:57:20","h":"Nord","s":"25N-H58N400F-80-F4"},{"r":"55","t":"15:57:20","h":"Nord","s":"25N-H58NV10I-80-I"},{"r":"55","t":"15:57:20","h":"Nord","s":"25N-H58NV20I-80-I"},{"r":"55","t":"15:57:20","h":"Nord","s":"25S-H58S000I-80-I"},{"r":"55","t":"15:57:20","h":"Nord","s":"25S-H58S100F-80-F1"},{"r":"55","t":"15:57:20","h":"Nord","s":"25S-H58S200F-80-F2"},{"r":"55","t":"15:57:40","h":"Nord","s":"25N-H58N000A-80-A"},{"r":"55","t":"15:57:40","h":"Nord","s":"25N-H58NV10A-80-A"},{"r":"55","t":"15:57:40","h":"Nord","s":"25N-H58NV20A-80-A"},{"r":"55","t":"15:57:40","h":"Nord","s":"25S-H58S000A-80-A"},{"r":"55","t":"16:04:40","h":"Nord","s":"25N-H58N000A-80-A"},{"r":"55","t":"16:04:40","h":"Nord","s":"25N-H58NV10A-80-A"},{"r":"55","t":"16:04:40","h":"Nord","s":"25N-H58NV20A-80-A"},{"r":"55","t":"16:04:40","h":"Nord","s":"25S-H58S000A-80-A"},{"r":"55","t":"16:06:01","h":"Nord","s":"25N-H58N000S-80-S"},{"r":"55","t":"16:06:01","h":"Nord","s":"25N-H58NV10S-80-S"},{"r":"55","t":"16:06:01","h":"Nord","s":"25N-H58NV20S-80-S"},{"r":"55","t":"16:06:01","h":"Nord","s":"25S-H58S000S-80-S"},{"r":"55","t":"16:06:20","h":"Nord","s":"25N-H58N000I-80-I"},{"r":"55","t":"16:06:20","h":"Nord","s":"25N-H58N100F-80-F1"},{"r":"55","t":"16:06:20","h":"Nord","s":"25N-H58N200F-80-F2"},{"r":"55","t":"16:06:20","h":"Nord","s":"25N-H58N300F-80-F3"},{"r":"55","t":"16:06:20","h":"Nord","s":"25N-H58N400F-80-F4"},{"r":"55","t":"16:06:20","h":"Nord","s":"25N-H58NV10I-80-I"},{"r":"55","t":"16:06:20","h":"Nord","s":"25N-H58NV20I-80-I"},{"r":"55","t":"16:06:20","h":"Nord","s":"25S-H58S000I-80-I"},{"r":"55","t":"16:06:20","h":"Nord","s":"25S-H58S100F-80-F1"},{"r":"55","t":"16:06:20","h":"Nord","s":"25S-H58S200F-80-F2"},{"r":"55","t":"16:12:40","h":"Nord","s":"25N-H58N000A-80-A"},{"r":"55","t":"16:12:40","h":"Nord","s":"25N-H58NV10A-80-A"},{"r":"55","t":"16:12:40","h":"Nord","s":"25N-H58NV20A-80-A"},{"r":"55","t":"16:12:40","h":"Nord","s":"25S-H58S000A-80-A"},{"r":"55","t":"16:14:20","h":"Nord","s":"25N-H58N000I-80-I"},{"r":"55","t":"16:14:20","h":"Nord","s":"25N-H58N100F-80-F1"},{"r":"55","t":"16:14:20","h":"Nord","s":"25N-H58N200F-80-F2"},{"r":"55","t":"16:14:20","h":"Nord","s":"25N-H58N300F-80-F3"},{"r":"55","t":"16:14:20","h":"Nord","s":"25N-H58N400F-80-F4"},{"r":"55","t":"16:14:20","h":"Nord","s":"25N-H58NV10I-80-I"},{"r":"55","t":"16:14:20","h":"Nord","s":"25N-H58NV20I-80-I"},{"r":"55","t":"16:14:20","h":"Nord","s":"25S-H58S000I-80-I"},{"r":"55","t":"16:14:20","h":"Nord","s":"25S-H58S100F-80-F1"},{"r":"55","t":"16:14:20","h":"Nord","s":"25S-H58S200F-80-F2"},{"r":"55","t":"16:16:01","h":"Nord","s":"25N-H57N000S-80-S"},{"r":"55","t":"16:16:01","h":"Nord","s":"25N-H57NV10S-84-S"},{"r":"55","t":"16:16:01","h":"Nord","s":"25N-H57NV20S-80-S"},{"r":"55","t":"16:16:01","h":"Nord","s":"25S-H57S000S-82-S"},{"r":"55","t":"16:20:20","h":"Nord","s":"25N-H58N000A-80-A"},{"r":"55","t":"16:20:20","h":"Nord","s":"25N-H58NV10A-80-A"},{"r":"55","t":"16:20:20","h":"Nord","s":"25N-H58NV20A-80-A"},{"r":"55","t":"16:20:20","h":"Nord","s":"25S-H58S000A-80-A"},{"r":"55","t":"16:23:20","h":"Nord","s":"25N-H58N000I-80-I"},{"r":"55","t":"16:23:20","h":"Nord","s":"25N-H58N100F-80-F1"},{"r":"55","t":"16:23:20","h":"Nord","s":"25N-H58N200F-80-F2"},{"r":"55","t":"16:23:20","h":"Nord","s":"25N-H58N300F-80-F3"},{"r":"55","t":"16:23:20","h":"Nord","s":"25N-H58N400F-80-F4"},{"r":"55","t":"16:23:20","h":"Nord","s":"25N-H58NV10I-80-I"},{"r":"55","t":"16:23:20","h":"Nord","s":"25N-H58NV20I-80-I"},{"r":"55","t":"16:23:20","h":"Nord","s":"25S-H58S000I-80-I"},{"r":"55","t":"16:23:20","h":"Nord","s":"25S-H58S100F-80-F1"},{"r":"55","t":"16:23:20","h":"Nord","s":"25S-H58S200F-80-F2"},{"r":"55","t":"16:25:01","h":"Nord","s":"25N-H58N000S-80-S"},{"r":"55","t":"16:25:01","h":"Nord","s":"25N-H58NV10S-80-S"},{"r":"55","t":"16:25:01","h":"Nord","s":"25N-H58NV20S-80-S"},{"r":"55","t":"16:25:01","h":"Nord","s":"25S-H58S000S-80-S"},{"r":"55","t":"16:28:20","h":"Nord","s":"25N-H58N000A-80-A"},{"r":"55","t":"16:28:20","h":"Nord","s":"25N-H58NV10A-80-A"},{"r":"55","t":"16:28:20","h":"Nord","s":"25N-H58NV20A-80-A"},{"r":"55","t":"16:28:20","h":"Nord","s":"25S-H58S000A-80-A"},{"r":"55","t":"16:30:20","h":"Nord","s":"25N-H58N000I-80-I"},{"r":"55","t":"16:30:20","h":"Nord","s":"25N-H58N100F-80-F1"},{"r":"55","t":"16:30:20","h":"Nord","s":"25N-H58N200F-80-F2"},{"r":"55","t":"16:30:20","h":"Nord","s":"25N-H58N300F-80-F3"},{"r":"55","t":"16:30:20","h":"Nord","s":"25N-H58N400F-80-F4"},{"r":"55","t":"16:30:20","h":"Nord","s":"25N-H58NV10I-80-I"},{"r":"55","t":"16:30:20","h":"Nord","s":"25N-H58NV20I-80-I"},{"r":"55","t":"16:30:20","h":"Nord","s":"25S-H58S000I-80-I"},{"r":"55","t":"16:30:20","h":"Nord","s":"25S-H58S100F-80-F1"},{"r":"55","t":"16:30:20","h":"Nord","s":"25S-H58S200F-80-F2"},{"r":"55","t":"16:35:01","h":"Nord","s":"25N-H57N000S-80-S"},{"r":"55","t":"16:35:01","h":"Nord","s":"25N-H57NV10S-84-S"},{"r":"55","t":"16:35:01","h":"Nord","s":"25N-H57NV20S-80-S"},{"r":"55","t":"16:35:01","h":"Nord","s":"25S-H57S000S-82-S"},{"r":"55","t":"16:37:20","h":"Nord","s":"25N-H58N000A-80-A"},{"r":"55","t":"16:37:20","h":"Nord","s":"25N-H58N000I-80-I"},{"r":"55","t":"16:37:20","h":"Nord","s":"25N-H58N100F-80-F1"},{"r":"55","t":"16:37:20","h":"Nord","s":"25N-H58N200F-80-F2"},{"r":"55","t":"16:37:20","h":"Nord","s":"25N-H58N300F-80-F3"},{"r":"55","t":"16:37:20","h":"Nord","s":"25N-H58N400F-80-F4"},{"r":"55","t":"16:37:20","h":"Nord","s":"25N-H58NV10A-80-A"},{"r":"55","t":"16:37:20","h":"Nord","s":"25N-H58NV10I-80-I"},{"r":"55","t":"16:37:20","h":"Nord","s":"25N-H58NV20A-80-A"},{"r":"55","t":"16:37:20","h":"Nord","s":"25N-H58NV20I-80-I"},{"r":"55","t":"16:37:20","h":"Nord","s":"25S-H58S000A-80-A"},{"r":"55","t":"16:37:20","h":"Nord","s":"25S-H58S000I-80-I"},{"r":"55","t":"16:37:20","h":"Nord","s":"25S-H58S100F-80-F1"},{"r":"55","t":"16:37:20","h":"Nord","s":"25S-H58S200F-80-F2"},{"r":"55","t":"16:44:01","h":"Nord","s":"25N-H55N000S-80-S"},{"r":"55","t":"16:44:01","h":"Nord","s":"25N-H55N000S-82-S"},{"r":"55","t":"16:44:01","h":"Nord","s":"25N-H55NV10S-85-S"},{"r":"55","t":"16:44:01","h":"Nord","s":"25N-H55NV20S-81-S"},{"r":"55","t":"16:44:01","h":"Nord","s":"25S-H55S000S-82-S"},{"r":"55","t":"16:45:20","h":"Nord","s":"25N-H58N000A-80-A"},{"r":"55","t":"16:45:20","h":"Nord","s":"25N-H58N000I-80-I"},{"r":"55","t":"16:45:20","h":"Nord","s":"25N-H58N100F-80-F1"},{"r":"55","t":"16:45:20","h":"Nord","s":"25N-H58N200F-80-F2"},{"r":"55","t":"16:45:20","h":"Nord","s":"25N-H58N300F-80-F3"},{"r":"55","t":"16:45:20","h":"Nord","s":"25N-H58N400F-80-F4"},{"r":"55","t":"16:45:20","h":"Nord","s":"25N-H58NV10A-80-A"},{"r":"55","t":"16:45:20","h":"Nord","s":"25N-H58NV10I-80-I"},{"r":"55","t":"16:45:20","h":"Nord","s":"25N-H58NV20A-80-A"},{"r":"55","t":"16:45:20","h":"Nord","s":"25N-H58NV20I-80-I"},{"r":"55","t":"16:45:20","h":"Nord","s":"25S-H58S000A-80-A"},{"r":"55","t":"16:45:20","h":"Nord","s":"25S-H58S000I-80-I"},{"r":"55","t":"16:45:20","h":"Nord","s":"25S-H58S100F-80-F1"},{"r":"55","t":"16:45:20","h":"Nord","s":"25S-H58S200F-80-F2"},{"r":"55","t":"16:52:20","h":"Nord","s":"25N-H58N000A-80-A"},{"r":"55","t":"16:52:20","h":"Nord","s":"25N-H58NV10A-80-A"},{"r":"55","t":"16:52:20","h":"Nord","s":"25N-H58NV20A-80-A"},{"r":"55","t":"16:52:20","h":"Nord","s":"25S-H58S000A-80-A"},{"r":"55","t":"16:53:20","h":"Nord","s":"25N-H58N000I-80-I"},{"r":"55","t":"16:53:20","h":"Nord","s":"25N-H58N100F-80-F1"},{"r":"55","t":"16:53:20","h":"Nord","s":"25N-H58N200F-80-F2"},{"r":"55","t":"16:53:20","h":"Nord","s":"25N-H58N300F-80-F3"},{"r":"55","t":"16:53:20","h":"Nord","s":"25N-H58N400F-80-F4"},{"r":"55","t":"16:53:20","h":"Nord","s":"25N-H58NV10I-80-I"},{"r":"55","t":"16:53:20","h":"Nord","s":"25N-H58NV20I-80-I"},{"r":"55","t":"16:53:20","h":"Nord","s":"25S-H58S000I-80-I"},{"r":"55","t":"16:53:20","h":"Nord","s":"25S-H58S100F-80-F1"},{"r":"55","t":"16:53:20","h":"Nord","s":"25S-H58S200F-80-F2"},{"r":"55","t":"16:54:01","h":"Nord","s":"25N-H55N000S-80-S"},{"r":"55","t":"16:54:01","h":"Nord","s":"25N-H55N000S-82-S"},{"r":"55","t":"16:54:01","h":"Nord","s":"25N-H55NV10S-85-S"},{"r":"55","t":"16:54:01","h":"Nord","s":"25N-H55NV20S-81-S"},{"r":"55","t":"16:54:01","h":"Nord","s":"25S-H55S000S-82-S"},{"r":"55","t":"16:59:20","h":"Nord","s":"25N-H58N000A-80-A"},{"r":"55","t":"16:59:20","h":"Nord","s":"25N-H58NV10A-80-A"},{"r":"55","t":"16:59:20","h":"Nord","s":"25N-H58NV20A-80-A"},{"r":"55","t":"16:59:20","h":"Nord","s":"25S-H58S000A-80-A"},{"r":"55","t":"17:01:20","h":"Nord","s":"25N-H58N000I-80-I"},{"r":"55","t":"17:01:20","h":"Nord","s":"25N-H58N100F-80-F1"},{"r":"55","t":"17:01:20","h":"Nord","s":"25N-H58N200F-80-F2"},{"r":"55","t":"17:01:20","h":"Nord","s":"25N-H58N300F-80-F3"},{"r":"55","t":"17:01:20","h":"Nord","s":"25N-H58N400F-80-F4"},{"r":"55","t":"17:01:20","h":"Nord","s":"25N-H58NV10I-80-I"},{"r":"55","t":"17:01:20","h":"Nord","s":"25N-H58NV20I-80-I"},{"r":"55","t":"17:01:20","h":"Nord","s":"25S-H58S000I-80-I"},{"r":"55","t":"17:01:20","h":"Nord","s":"25S-H58S100F-80-F1"},{"r":"55","t":"17:01:20","h":"Nord","s":"25S-H58S200F-80-F2"},{"r":"55","t":"17:04:01","h":"Nord","s":"25N-H58N000S-80-S"},{"r":"55","t":"17:04:01","h":"Nord","s":"25N-H58NV10S-80-S"},{"r":"55","t":"17:04:01","h":"Nord","s":"25N-H58NV20S-80-S"},{"r":"55","t":"17:04:01","h":"Nord","s":"25S-H58S000S-80-S"},{"r":"55","t":"17:06:20","h":"Nord","s":"25N-H58N000A-80-A"},{"r":"55","t":"17:06:20","h":"Nord","s":"25N-H58NV10A-80-A"},{"r":"55","t":"17:06:20","h":"Nord","s":"25N-H58NV20A-80-A"},{"r":"55","t":"17:06:20","h":"Nord","s":"25S-H58S000A-80-A"},{"r":"55","t":"17:09:20","h":"Nord","s":"25N-H58N000I-80-I"},{"r":"55","t":"17:09:20","h":"Nord","s":"25N-H58N100F-80-F1"},{"r":"55","t":"17:09:20","h":"Nord","s":"25N-H58N200F-80-F2"},{"r":"55","t":"17:09:20","h":"Nord","s":"25N-H58N300F-80-F3"},{"r":"55","t":"17:09:20","h":"Nord","s":"25N-H58N400F-80-F4"},{"r":"55","t":"17:09:20","h":"Nord","s":"25N-H58NV10I-80-I"},{"r":"55","t":"17:09:20","h":"Nord","s":"25N-H58NV20I-80-I"},{"r":"55","t":"17:09:20","h":"Nord","s":"25S-H58S000I-80-I"},{"r":"55","t":"17:09:20","h":"Nord","s":"25S-H58S100F-80-F1"},{"r":"55","t":"17:09:20","h":"Nord","s":"25S-H58S200F-80-F2"},{"r":"55","t":"17:13:01","h":"Nord","s":"25N-H58N000S-80-S"},{"r":"55","t":"17:13:01","h":"Nord","s":"25N-H58NV10S-80-S"},{"r":"55","t":"17:13:01","h":"Nord","s":"25N-H58NV20S-80-S"},{"r":"55","t":"17:13:01","h":"Nord","s":"25S-H58S000S-80-S"},{"r":"55","t":"17:14:20","h":"Nord","s":"25N-H58N000A-80-A"},{"r":"55","t":"17:14:20","h":"Nord","s":"25N-H58NV10A-80-A"},{"r":"55","t":"17:14:20","h":"Nord","s":"25N-H58NV20A-80-A"},{"r":"55","t":"17:14:20","h":"Nord","s":"25S-H58S000A-80-A"},{"r":"55","t":"17:16:20","h":"Nord","s":"25N-H58N000I-80-I"},{"r":"55","t":"17:16:20","h":"Nord","s":"25N-H58N100F-80-F1"},{"r":"55","t":"17:16:20","h":"Nord","s":"25N-H58N200F-80-F2"},{"r":"55","t":"17:16:20","h":"Nord","s":"25N-H58N300F-80-F3"},{"r":"55","t":"17:16:20","h":"Nord","s":"25N-H58N400F-80-F4"},{"r":"55","t":"17:16:20","h":"Nord","s":"25N-H58NV10I-80-I"},{"r":"55","t":"17:16:20","h":"Nord","s":"25N-H58NV20I-80-I"},{"r":"55","t":"17:16:20","h":"Nord","s":"25S-H58S000I-80-I"},{"r":"55","t":"17:16:20","h":"Nord","s":"25S-H58S100F-80-F1"},{"r":"55","t":"17:16:20","h":"Nord","s":"25S-H58S200F-80-F2"},{"r":"55","t":"17:21:20","h":"Nord","s":"25N-H58N000A-80-A"},{"r":"55","t":"17:21:20","h":"Nord","s":"25N-H58NV10A-80-A"},{"r":"55","t":"17:21:20","h":"Nord","s":"25N-H58NV20A-80-A"},{"r":"55","t":"17:21:20","h":"Nord","s":"25S-H58S000A-80-A"},{"r":"55","t":"17:23:01","h":"Nord","s":"25N-H58N000S-80-S"},{"r":"55","t":"17:23:01","h":"Nord","s":"25N-H58NV10S-80-S"},{"r":"55","t":"17:23:01","h":"Nord","s":"25N-H58NV20S-80-S"},{"r":"55","t":"17:23:01","h":"Nord","s":"25S-H58S000S-80-S"},{"r":"55","t":"17:24:20","h":"Nord","s":"25N-H58N000I-80-I"},{"r":"55","t":"17:24:20","h":"Nord","s":"25N-H58N100F-80-F1"},{"r":"55","t":"17:24:20","h":"Nord","s":"25N-H58N200F-80-F2"},{"r":"55","t":"17:24:20","h":"Nord","s":"25N-H58N300F-80-F3"},{"r":"55","t":"17:24:20","h":"Nord","s":"25N-H58N400F-80-F4"},{"r":"55","t":"17:24:20","h":"Nord","s":"25N-H58NV10I-80-I"},{"r":"55","t":"17:24:20","h":"Nord","s":"25N-H58NV20I-80-I"},{"r":"55","t":"17:24:20","h":"Nord","s":"25S-H58S000I-80-I"},{"r":"55","t":"17:24:20","h":"Nord","s":"25S-H58S100F-80-F1"},{"r":"55","t":"17:24:20","h":"Nord","s":"25S-H58S200F-80-F2"},{"r":"55","t":"17:27:20","h":"Nord","s":"25N-H58N000A-80-A"},{"r":"55","t":"17:27:20","h":"Nord","s":"25N-H58NV10A-80-A"},{"r":"55","t":"17:27:20","h":"Nord","s":"25N-H58NV20A-80-A"},{"r":"55","t":"17:27:20","h":"Nord","s":"25S-H58S000A-80-A"},{"r":"55","t":"17:31:01","h":"Nord","s":"25N-H58N000S-80-S"},{"r":"55","t":"17:31:01","h":"Nord","s":"25N-H58NV10S-80-S"},{"r":"55","t":"17:31:01","h":"Nord","s":"25N-H58NV20S-80-S"},{"r":"55","t":"17:31:01","h":"Nord","s":"25S-H58S000S-80-S"},{"r":"55","t":"17:33:20","h":"Nord","s":"25N-H58N000A-80-A"},{"r":"55","t":"17:33:20","h":"Nord","s":"25N-H58N000I-80-I"},{"r":"55","t":"17:33:20","h":"Nord","s":"25N-H58N100F-80-F1"},{"r":"55","t":"17:33:20","h":"Nord","s":"25N-H58N200F-80-F2"},{"r":"55","t":"17:33:20","h":"Nord","s":"25N-H58N300F-80-F3"},{"r":"55","t":"17:33:20","h":"Nord","s":"25N-H58N400F-80-F4"},{"r":"55","t":"17:33:20","h":"Nord","s":"25N-H58NV10A-80-A"},{"r":"55","t":"17:33:20","h":"Nord","s":"25N-H58NV10I-80-I"},{"r":"55","t":"17:33:20","h":"Nord","s":"25N-H58NV20A-80-A"},{"r":"55","t":"17:33:20","h":"Nord","s":"25N-H58NV20I-80-I"},{"r":"55","t":"17:33:20","h":"Nord","s":"25S-H58S000A-80-A"},{"r":"55","t":"17:33:20","h":"Nord","s":"25S-H58S000I-80-I"},{"r":"55","t":"17:33:20","h":"Nord","s":"25S-H58S100F-80-F1"},{"r":"55","t":"17:33:20","h":"Nord","s":"25S-H58S200F-80-F2"},{"r":"55","t":"17:39:20","h":"Nord","s":"25N-H58N000A-80-A"},{"r":"55","t":"17:39:20","h":"Nord","s":"25N-H58NV10A-80-A"},{"r":"55","t":"17:39:20","h":"Nord","s":"25N-H58NV20A-80-A"},{"r":"55","t":"17:39:20","h":"Nord","s":"25S-H58S000A-80-A"},{"r":"55","t":"17:40:01","h":"Nord","s":"25N-H58N000S-80-S"},{"r":"55","t":"17:40:01","h":"Nord","s":"25N-H58NV10S-80-S"},{"r":"55","t":"17:40:01","h":"Nord","s":"25N-H58NV20S-80-S"},{"r":"55","t":"17:40:01","h":"Nord","s":"25S-H58S000S-80-S"},{"r":"55","t":"17:43:20","h":"Nord","s":"25N-H58N000I-80-I"},{"r":"55","t":"17:43:20","h":"Nord","s":"25N-H58N100F-80-F1"},{"r":"55","t":"17:43:20","h":"Nord","s":"25N-H58N200F-80-F2"},{"r":"55","t":"17:43:20","h":"Nord","s":"25N-H58N300F-80-F3"},{"r":"55","t":"17:43:20","h":"Nord","s":"25N-H58N400F-80-F4"},{"r":"55","t":"17:43:20","h":"Nord","s":"25N-H58NV10I-80-I"},{"r":"55","t":"17:43:20","h":"Nord","s":"25N-H58NV20I-80-I"},{"r":"55","t":"17:43:20","h":"Nord","s":"25S-H58S000I-80-I"},{"r":"55","t":"17:43:20","h":"Nord","s":"25S-H58S100F-80-F1"},{"r":"55","t":"17:43:20","h":"Nord","s":"25S-H58S200F-80-F2"},{"r":"55","t":"17:45:00","h":"Nord","s":"25N-H58N000A-80-A"},{"r":"55","t":"17:45:00","h":"Nord","s":"25N-H58NV10A-80-A"},{"r":"55","t":"17:45:00","h":"Nord","s":"25N-H58NV20A-80-A"},{"r":"55","t":"17:45:00","h":"Nord","s":"25S-H58S000A-80-A"},{"r":"55","t":"17:47:20","h":"Nord","s":"25N-H58N000S-80-S"},{"r":"55","t":"17:47:20","h":"Nord","s":"25N-H58NV10S-80-S"},{"r":"55","t":"17:47:20","h":"Nord","s":"25N-H58NV20S-80-S"},{"r":"55","t":"17:47:20","h":"Nord","s":"25S-H58S000S-80-S"},{"r":"55","t":"17:50:00","h":"Nord","s":"25N-H58N000A-80-A"},{"r":"55","t":"17:50:00","h":"Nord","s":"25N-H58NV10A-80-A"},{"r":"55","t":"17:50:00","h":"Nord","s":"25N-H58NV20A-80-A"},{"r":"55","t":"17:50:00","h":"Nord","s":"25S-H58S000A-80-A"},{"r":"55","t":"17:51:20","h":"Nord","s":"25N-H58N000I-80-I"},{"r":"55","t":"17:51:20","h":"Nord","s":"25N-H58N100F-80-F1"},{"r":"55","t":"17:51:20","h":"Nord","s":"25N-H58N200F-80-F2"},{"r":"55","t":"17:51:20","h":"Nord","s":"25N-H58N300F-80-F3"},{"r":"55","t":"17:51:20","h":"Nord","s":"25N-H58N400F-80-F4"},{"r":"55","t":"17:51:20","h":"Nord","s":"25N-H58NV10I-80-I"},{"r":"55","t":"17:51:20","h":"Nord","s":"25N-H58NV20I-80-I"},{"r":"55","t":"17:51:20","h":"Nord","s":"25S-H58S000I-80-I"},{"r":"55","t":"17:51:20","h":"Nord","s":"25S-H58S100F-80-F1"},{"r":"55","t":"17:51:20","h":"Nord","s":"25S-H58S200F-80-F2"},{"r":"55","t":"17:55:20","h":"Nord","s":"25N-H58N000S-80-S"},{"r":"55","t":"17:55:20","h":"Nord","s":"25N-H58NV10S-80-S"},{"r":"55","t":"17:55:20","h":"Nord","s":"25N-H58NV20S-80-S"},{"r":"55","t":"17:55:20","h":"Nord","s":"25S-H58S000S-80-S"},{"r":"55","t":"17:56:00","h":"Nord","s":"25N-H58N000A-80-A"},{"r":"55","t":"17:56:00","h":"Nord","s":"25N-H58NV10A-80-A"},{"r":"55","t":"17:56:00","h":"Nord","s":"25N-H58NV20A-80-A"},{"r":"55","t":"17:56:00","h":"Nord","s":"25S-H58S000A-80-A"},{"r":"55","t":"17:59:20","h":"Nord","s":"25N-H58N000I-80-I"},{"r":"55","t":"17:59:20","h":"Nord","s":"25N-H58N100F-80-F1"},{"r":"55","t":"17:59:20","h":"Nord","s":"25N-H58N200F-80-F2"},{"r":"55","t":"17:59:20","h":"Nord","s":"25N-H58N300F-80-F3"},{"r":"55","t":"17:59:20","h":"Nord","s":"25N-H58N400F-80-F4"},{"r":"55","t":"17:59:20","h":"Nord","s":"25N-H58NV10I-80-I"},{"r":"55","t":"17:59:20","h":"Nord","s":"25N-H58NV20I-80-I"},{"r":"55","t":"17:59:20","h":"Nord","s":"25S-H58S000I-80-I"},{"r":"55","t":"17:59:20","h":"Nord","s":"25S-H58S100F-80-F1"},{"r":"55","t":"17:59:20","h":"Nord","s":"25S-H58S200F-80-F2"},{"r":"55","t":"18:02:00","h":"Nord","s":"25N-H58N000A-80-A"},{"r":"55","t":"18:02:00","h":"Nord","s":"25N-H58NV10A-80-A"},{"r":"55","t":"18:02:00","h":"Nord","s":"25N-H58NV20A-80-A"},{"r":"55","t":"18:02:00","h":"Nord","s":"25S-H58S000A-80-A"},{"r":"55","t":"18:02:20","h":"Nord","s":"25N-H55N000S-80-S"},{"r":"55","t":"18:02:20","h":"Nord","s":"25N-H55N000S-82-S"},{"r":"55","t":"18:02:20","h":"Nord","s":"25N-H55NV10S-85-S"},{"r":"55","t":"18:02:20","h":"Nord","s":"25N-H55NV20S-81-S"},{"r":"55","t":"18:02:20","h":"Nord","s":"25S-H55S000S-82-S"},{"r":"55","t":"18:08:00","h":"Nord","s":"25N-H58N000A-80-A"},{"r":"55","t":"18:08:00","h":"Nord","s":"25N-H58NV10A-80-A"},{"r":"55","t":"18:08:00","h":"Nord","s":"25N-H58NV20A-80-A"},{"r":"55","t":"18:08:00","h":"Nord","s":"25S-H58S000A-80-A"},{"r":"55","t":"18:08:20","h":"Nord","s":"25N-H58N000I-80-I"},{"r":"55","t":"18:08:20","h":"Nord","s":"25N-H58N100F-80-F1"},{"r":"55","t":"18:08:20","h":"Nord","s":"25N-H58N200F-80-F2"},{"r":"55","t":"18:08:20","h":"Nord","s":"25N-H58N300F-80-F3"},{"r":"55","t":"18:08:20","h":"Nord","s":"25N-H58N400F-80-F4"},{"r":"55","t":"18:08:20","h":"Nord","s":"25N-H58NV10I-80-I"},{"r":"55","t":"18:08:20","h":"Nord","s":"25N-H58NV20I-80-I"},{"r":"55","t":"18:08:20","h":"Nord","s":"25S-H58S000I-80-I"},{"r":"55","t":"18:08:20","h":"Nord","s":"25S-H58S100F-80-F1"},{"r":"55","t":"18:08:20","h":"Nord","s":"25S-H58S200F-80-F2"},{"r":"55","t":"18:09:20","h":"Nord","s":"25N-H55N000S-80-S"},{"r":"55","t":"18:09:20","h":"Nord","s":"25N-H55N000S-82-S"},{"r":"55","t":"18:09:20","h":"Nord","s":"25N-H55NV10S-85-S"},{"r":"55","t":"18:09:20","h":"Nord","s":"25N-H55NV20S-81-S"},{"r":"55","t":"18:09:20","h":"Nord","s":"25S-H55S000S-82-S"},{"r":"55","t":"18:15:00","h":"Nord","s":"25N-H58N000A-80-A"},{"r":"55","t":"18:15:00","h":"Nord","s":"25N-H58NV10A-80-A"},{"r":"55","t":"18:15:00","h":"Nord","s":"25N-H58NV20A-80-A"},{"r":"55","t":"18:15:00","h":"Nord","s":"25S-H58S000A-80-A"},{"r":"55","t":"18:16:20","h":"Nord","s":"25N-H58N000S-80-S"},{"r":"55","t":"18:16:20","h":"Nord","s":"25N-H58NV10S-80-S"},{"r":"55","t":"18:16:20","h":"Nord","s":"25N-H58NV20S-80-S"},{"r":"55","t":"18:16:20","h":"Nord","s":"25S-H58S000S-80-S"},{"r":"55","t":"18:17:20","h":"Nord","s":"25N-H58N000I-80-I"},{"r":"55","t":"18:17:20","h":"Nord","s":"25N-H58N100F-80-F1"},{"r":"55","t":"18:17:20","h":"Nord","s":"25N-H58N200F-80-F2"},{"r":"55","t":"18:17:20","h":"Nord","s":"25N-H58N300F-80-F3"},{"r":"55","t":"18:17:20","h":"Nord","s":"25N-H58N400F-80-F4"},{"r":"55","t":"18:17:20","h":"Nord","s":"25N-H58NV10I-80-I"},{"r":"55","t":"18:17:20","h":"Nord","s":"25N-H58NV20I-80-I"},{"r":"55","t":"18:17:20","h":"Nord","s":"25S-H58S000I-80-I"},{"r":"55","t":"18:17:20","h":"Nord","s":"25S-H58S100F-80-F1"},{"r":"55","t":"18:17:20","h":"Nord","s":"25S-H58S200F-80-F2"},{"r":"55","t":"18:23:00","h":"Nord","s":"25N-H58N000A-80-A"},{"r":"55","t":"18:23:00","h":"Nord","s":"25N-H58NV10A-80-A"},{"r":"55","t":"18:23:00","h":"Nord","s":"25N-H58NV20A-80-A"},{"r":"55","t":"18:23:00","h":"Nord","s":"25S-H58S000A-80-A"},{"r":"55","t":"18:24:20","h":"Nord","s":"25N-H58N000S-80-S"},{"r":"55","t":"18:24:20","h":"Nord","s":"25N-H58NV10S-80-S"},{"r":"55","t":"18:24:20","h":"Nord","s":"25N-H58NV20S-80-S"},{"r":"55","t":"18:24:20","h":"Nord","s":"25S-H58S000S-80-S"},{"r":"55","t":"18:27:20","h":"Nord","s":"25N-H58N000I-80-I"},{"r":"55","t":"18:27:20","h":"Nord","s":"25N-H58N100F-80-F1"},{"r":"55","t":"18:27:20","h":"Nord","s":"25N-H58N200F-80-F2"},{"r":"55","t":"18:27:20","h":"Nord","s":"25N-H58N300F-80-F3"},{"r":"55","t":"18:27:20","h":"Nord","s":"25N-H58N400F-80-F4"},{"r":"55","t":"18:27:20","h":"Nord","s":"25N-H58NV10I-80-I"},{"r":"55","t":"18:27:20","h":"Nord","s":"25N-H58NV20I-80-I"},{"r":"55","t":"18:27:20","h":"Nord","s":"25S-H58S000I-80-I"},{"r":"55","t":"18:27:20","h":"Nord","s":"25S-H58S100F-80-F1"},{"r":"55","t":"18:27:20","h":"Nord","s":"25S-H58S200F-80-F2"},{"r":"55","t":"18:31:00","h":"Nord","s":"25N-H58N000A-80-A"},{"r":"55","t":"18:31:00","h":"Nord","s":"25N-H58NV10A-80-A"},{"r":"55","t":"18:31:00","h":"Nord","s":"25N-H58NV20A-80-A"},{"r":"55","t":"18:31:00","h":"Nord","s":"25S-H58S000A-80-A"},{"r":"55","t":"18:33:20","h":"Nord","s":"25N-H58N000S-80-S"},{"r":"55","t":"18:33:20","h":"Nord","s":"25N-H58NV10S-80-S"},{"r":"55","t":"18:33:20","h":"Nord","s":"25N-H58NV20S-80-S"},{"r":"55","t":"18:33:20","h":"Nord","s":"25S-H58S000S-80-S"},{"r":"55","t":"18:39:00","h":"Nord","s":"25N-H58N000A-80-A"},{"r":"55","t":"18:39:00","h":"Nord","s":"25N-H58NV10A-80-A"},{"r":"55","t":"18:39:00","h":"Nord","s":"25N-H58NV20A-80-A"},{"r":"55","t":"18:39:00","h":"Nord","s":"25S-H58S000A-80-A"},{"r":"55","t":"18:39:20","h":"Nord","s":"25N-H58N000I-80-I"},{"r":"55","t":"18:39:20","h":"Nord","s":"25N-H58N100F-80-F1"},{"r":"55","t":"18:39:20","h":"Nord","s":"25N-H58N200F-80-F2"},{"r":"55","t":"18:39:20","h":"Nord","s":"25N-H58N300F-80-F3"},{"r":"55","t":"18:39:20","h":"Nord","s":"25N-H58N400F-80-F4"},{"r":"55","t":"18:39:20","h":"Nord","s":"25N-H58NV10I-80-I"},{"r":"55","t":"18:39:20","h":"Nord","s":"25N-H58NV20I-80-I"},{"r":"55","t":"18:39:20","h":"Nord","s":"25S-H58S000I-80-I"},{"r":"55","t":"18:39:20","h":"Nord","s":"25S-H58S100F-80-F1"},{"r":"55","t":"18:39:20","h":"Nord","s":"25S-H58S200F-80-F2"},{"r":"55","t":"18:42:20","h":"Nord","s":"25N-H58N000S-80-S"},{"r":"55","t":"18:42:20","h":"Nord","s":"25N-H58NV10S-80-S"},{"r":"55","t":"18:42:20","h":"Nord","s":"25N-H58NV20S-80-S"},{"r":"55","t":"18:42:20","h":"Nord","s":"25S-H58S000S-80-S"},{"r":"55","t":"18:48:00","h":"Nord","s":"25N-H58N000A-80-A"},{"r":"55","t":"18:48:00","h":"Nord","s":"25N-H58NV10A-80-A"},{"r":"55","t":"18:48:00","h":"Nord","s":"25N-H58NV20A-80-A"},{"r":"55","t":"18:48:00","h":"Nord","s":"25S-H58S000A-80-A"},{"r":"55","t":"18:51:20","h":"Nord","s":"25N-H58N000S-80-S"},{"r":"55","t":"18:51:20","h":"Nord","s":"25N-H58NV10S-80-S"},{"r":"55","t":"18:51:20","h":"Nord","s":"25N-H58NV20S-80-S"},{"r":"55","t":"18:51:20","h":"Nord","s":"25S-H58S000S-80-S"},{"r":"55","t":"18:52:20","h":"Nord","s":"25N-H58N000I-80-I"},{"r":"55","t":"18:52:20","h":"Nord","s":"25N-H58N100F-80-F1"},{"r":"55","t":"18:52:20","h":"Nord","s":"25N-H58N200F-80-F2"},{"r":"55","t":"18:52:20","h":"Nord","s":"25N-H58N300F-80-F3"},{"r":"55","t":"18:52:20","h":"Nord","s":"25N-H58N400F-80-F4"},{"r":"55","t":"18:52:20","h":"Nord","s":"25N-H58NV10I-80-I"},{"r":"55","t":"18:52:20","h":"Nord","s":"25N-H58NV20I-80-I"},{"r":"55","t":"18:52:20","h":"Nord","s":"25S-H58S000I-80-I"},{"r":"55","t":"18:52:20","h":"Nord","s":"25S-H58S100F-80-F1"},{"r":"55","t":"18:52:20","h":"Nord","s":"25S-H58S200F-80-F2"},{"r":"55","t":"18:57:00","h":"Nord","s":"25N-H58N000A-80-A"},{"r":"55","t":"18:57:00","h":"Nord","s":"25N-H58NV10A-80-A"},{"r":"55","t":"18:57:00","h":"Nord","s":"25N-H58NV20A-80-A"},{"r":"55","t":"18:57:00","h":"Nord","s":"25S-H58S000A-80-A"},{"r":"55","t":"19:00:20","h":"Nord","s":"25N-H58N000S-80-S"},{"r":"55","t":"19:00:20","h":"Nord","s":"25N-H58NV10S-80-S"},{"r":"55","t":"19:00:20","h":"Nord","s":"25N-H58NV20S-80-S"},{"r":"55","t":"19:00:20","h":"Nord","s":"25S-H58S000S-80-S"},{"r":"55","t":"19:04:00","h":"Nord","s":"25N-H58N000I-80-I"},{"r":"55","t":"19:04:00","h":"Nord","s":"25N-H58N100F-80-F1"},{"r":"55","t":"19:04:00","h":"Nord","s":"25N-H58N200F-80-F2"},{"r":"55","t":"19:04:00","h":"Nord","s":"25N-H58N300F-80-F3"},{"r":"55","t":"19:04:00","h":"Nord","s":"25N-H58N400F-80-F4"},{"r":"55","t":"19:04:00","h":"Nord","s":"25N-H58NV10I-80-I"},{"r":"55","t":"19:04:00","h":"Nord","s":"25N-H58NV20I-80-I"},{"r":"55","t":"19:04:00","h":"Nord","s":"25S-H58S000I-80-I"},{"r":"55","t":"19:04:00","h":"Nord","s":"25S-H58S100F-80-F1"},{"r":"55","t":"19:04:00","h":"Nord","s":"25S-H58S200F-80-F2"},{"r":"55","t":"19:05:00","h":"Nord","s":"25N-H58N000A-80-A"},{"r":"55","t":"19:05:00","h":"Nord","s":"25N-H58NV10A-80-A"},{"r":"55","t":"19:05:00","h":"Nord","s":"25N-H58NV20A-80-A"},{"r":"55","t":"19:05:00","h":"Nord","s":"25S-H58S000A-80-A"},{"r":"55","t":"19:10:20","h":"Nord","s":"25N-H58N000S-80-S"},{"r":"55","t":"19:10:20","h":"Nord","s":"25N-H58NV10S-80-S"},{"r":"55","t":"19:10:20","h":"Nord","s":"25N-H58NV20S-80-S"},{"r":"55","t":"19:10:20","h":"Nord","s":"25S-H58S000S-80-S"},{"r":"55","t":"19:12:00","h":"Nord","s":"25N-H58N000A-80-A"},{"r":"55","t":"19:12:00","h":"Nord","s":"25N-H58NV10A-80-A"},{"r":"55","t":"19:12:00","h":"Nord","s":"25N-H58NV20A-80-A"},{"r":"55","t":"19:12:00","h":"Nord","s":"25S-H58S000A-80-A"},{"r":"55","t":"19:17:00","h":"Nord","s":"25N-H58N000I-80-I"},{"r":"55","t":"19:17:00","h":"Nord","s":"25N-H58N100F-80-F1"},{"r":"55","t":"19:17:00","h":"Nord","s":"25N-H58N200F-80-F2"},{"r":"55","t":"19:17:00","h":"Nord","s":"25N-H58N300F-80-F3"},{"r":"55","t":"19:17:00","h":"Nord","s":"25N-H58N400F-80-F4"},{"r":"55","t":"19:17:00","h":"Nord","s":"25N-H58NV10I-80-I"},{"r":"55","t":"19:17:00","h":"Nord","s":"25N-H58NV20I-80-I"},{"r":"55","t":"19:17:00","h":"Nord","s":"25S-H58S000I-80-I"},{"r":"55","t":"19:17:00","h":"Nord","s":"25S-H58S100F-80-F1"},{"r":"55","t":"19:17:00","h":"Nord","s":"25S-H58S200F-80-F2"},{"r":"55","t":"19:20:20","h":"Nord","s":"25N-H58N000S-80-S"},{"r":"55","t":"19:20:20","h":"Nord","s":"25N-H58NV10S-80-S"},{"r":"55","t":"19:20:20","h":"Nord","s":"25N-H58NV20S-80-S"},{"r":"55","t":"19:20:20","h":"Nord","s":"25S-H58S000S-80-S"},{"r":"55","t":"19:21:00","h":"Nord","s":"25N-H58N000A-80-A"},{"r":"55","t":"19:21:00","h":"Nord","s":"25N-H58NV10A-80-A"},{"r":"55","t":"19:21:00","h":"Nord","s":"25N-H58NV20A-80-A"},{"r":"55","t":"19:21:00","h":"Nord","s":"25S-H58S000A-80-A"},{"r":"55","t":"19:30:20","h":"Nord","s":"25N-H58N000S-80-S"},{"r":"55","t":"19:30:20","h":"Nord","s":"25N-H58NV10S-80-S"},{"r":"55","t":"19:30:20","h":"Nord","s":"25N-H58NV20S-80-S"},{"r":"55","t":"19:30:20","h":"Nord","s":"25S-H58S000S-80-S"},{"r":"55","t":"19:31:00","h":"Nord","s":"25N-H58N000A-80-A"},{"r":"55","t":"19:31:00","h":"Nord","s":"25N-H58NV10A-80-A"},{"r":"55","t":"19:31:00","h":"Nord","s":"25N-H58NV20A-80-A"},{"r":"55","t":"19:31:00","h":"Nord","s":"25S-H58S000A-80-A"},{"r":"55","t":"19:36:00","h":"Nord","s":"25N-H58N000I-80-I"},{"r":"55","t":"19:36:00","h":"Nord","s":"25N-H58N100F-80-F1"},{"r":"55","t":"19:36:00","h":"Nord","s":"25N-H58N200F-80-F2"},{"r":"55","t":"19:36:00","h":"Nord","s":"25N-H58N300F-80-F3"},{"r":"55","t":"19:36:00","h":"Nord","s":"25N-H58N400F-80-F4"},{"r":"55","t":"19:36:00","h":"Nord","s":"25N-H58NV10I-80-I"},{"r":"55","t":"19:36:00","h":"Nord","s":"25N-H58NV20I-80-I"},{"r":"55","t":"19:36:00","h":"Nord","s":"25S-H58S000I-80-I"},{"r":"55","t":"19:36:00","h":"Nord","s":"25S-H58S100F-80-F1"},{"r":"55","t":"19:36:00","h":"Nord","s":"25S-H58S200F-80-F2"},{"r":"55","t":"19:41:00","h":"Nord","s":"25N-H58N000A-80-A"},{"r":"55","t":"19:41:00","h":"Nord","s":"25N-H58NV10A-80-A"},{"r":"55","t":"19:41:00","h":"Nord","s":"25N-H58NV20A-80-A"},{"r":"55","t":"19:41:00","h":"Nord","s":"25S-H58S000A-80-A"},{"r":"55","t":"19:41:20","h":"Nord","s":"25N-H58N000S-80-S"},{"r":"55","t":"19:41:20","h":"Nord","s":"25N-H58NV10S-80-S"},{"r":"55","t":"19:41:20","h":"Nord","s":"25N-H58NV20S-80-S"},{"r":"55","t":"19:41:20","h":"Nord","s":"25S-H58S000S-80-S"},{"r":"55","t":"19:50:00","h":"Nord","s":"25N-H58N000A-80-A"},{"r":"55","t":"19:50:00","h":"Nord","s":"25N-H58NV10A-80-A"},{"r":"55","t":"19:50:00","h":"Nord","s":"25N-H58NV20A-80-A"},{"r":"55","t":"19:50:00","h":"Nord","s":"25S-H58S000A-80-A"},{"r":"55","t":"19:56:20","h":"Nord","s":"25N-H58N000S-80-S"},{"r":"55","t":"19:56:20","h":"Nord","s":"25N-H58NV10S-80-S"},{"r":"55","t":"19:56:20","h":"Nord","s":"25N-H58NV20S-80-S"},{"r":"55","t":"19:56:20","h":"Nord","s":"25S-H58S000S-80-S"},{"r":"55","t":"19:57:00","h":"Nord","s":"25N-H58N000I-80-I"},{"r":"55","t":"19:57:00","h":"Nord","s":"25N-H58N100F-80-F1"},{"r":"55","t":"19:57:00","h":"Nord","s":"25N-H58N200F-80-F2"},{"r":"55","t":"19:57:00","h":"Nord","s":"25N-H58N300F-80-F3"},{"r":"55","t":"19:57:00","h":"Nord","s":"25N-H58N400F-80-F4"},{"r":"55","t":"19:57:00","h":"Nord","s":"25N-H58NV10I-80-I"},{"r":"55","t":"19:57:00","h":"Nord","s":"25N-H58NV20I-80-I"},{"r":"55","t":"19:57:00","h":"Nord","s":"25S-H58S000I-80-I"},{"r":"55","t":"19:57:00","h":"Nord","s":"25S-H58S100F-80-F1"},{"r":"55","t":"19:57:00","h":"Nord","s":"25S-H58S200F-80-F2"},{"r":"55","t":"20:00:00","h":"Nord","s":"25N-H58N000A-80-A"},{"r":"55","t":"20:00:00","h":"Nord","s":"25N-H58NV10A-80-A"},{"r":"55","t":"20:00:00","h":"Nord","s":"25N-H58NV20A-80-A"},{"r":"55","t":"20:00:00","h":"Nord","s":"25S-H58S000A-80-A"},{"r":"55","t":"20:09:00","h":"Nord","s":"25N-H58N000A-80-A"},{"r":"55","t":"20:09:00","h":"Nord","s":"25N-H58NV10A-80-A"},{"r":"55","t":"20:09:00","h":"Nord","s":"25N-H58NV20A-80-A"},{"r":"55","t":"20:09:00","h":"Nord","s":"25S-H58S000A-80-A"},{"r":"55","t":"20:09:20","h":"Nord","s":"25N-H58N000S-80-S"},{"r":"55","t":"20:09:20","h":"Nord","s":"25N-H58NV10S-80-S"},{"r":"55","t":"20:09:20","h":"Nord","s":"25N-H58NV20S-80-S"},{"r":"55","t":"20:09:20","h":"Nord","s":"25S-H58S000S-80-S"},{"r":"55","t":"20:17:00","h":"Nord","s":"25N-H58N000A-80-A"},{"r":"55","t":"20:17:00","h":"Nord","s":"25N-H58NV10A-80-A"},{"r":"55","t":"20:17:00","h":"Nord","s":"25N-H58NV20A-80-A"},{"r":"55","t":"20:17:00","h":"Nord","s":"25S-H58S000A-80-A"},{"r":"55","t":"20:20:00","h":"Nord","s":"25N-H58N000I-80-I"},{"r":"55","t":"20:20:00","h":"Nord","s":"25N-H58N100F-80-F1"},{"r":"55","t":"20:20:00","h":"Nord","s":"25N-H58N200F-80-F2"},{"r":"55","t":"20:20:00","h":"Nord","s":"25N-H58N300F-80-F3"},{"r":"55","t":"20:20:00","h":"Nord","s":"25N-H58N400F-80-F4"},{"r":"55","t":"20:20:00","h":"Nord","s":"25N-H58NV10I-80-I"},{"r":"55","t":"20:20:00","h":"Nord","s":"25N-H58NV20I-80-I"},{"r":"55","t":"20:20:00","h":"Nord","s":"25S-H58S000I-80-I"},{"r":"55","t":"20:20:00","h":"Nord","s":"25S-H58S100F-80-F1"},{"r":"55","t":"20:20:00","h":"Nord","s":"25S-H58S200F-80-F2"},{"r":"55","t":"20:22:20","h":"Nord","s":"25N-H58N000S-80-S"},{"r":"55","t":"20:22:20","h":"Nord","s":"25N-H58NV10S-80-S"},{"r":"55","t":"20:22:20","h":"Nord","s":"25N-H58NV20S-80-S"},{"r":"55","t":"20:22:20","h":"Nord","s":"25S-H58S000S-80-S"},{"r":"55","t":"20:27:00","h":"Nord","s":"25N-H58N000A-80-A"},{"r":"55","t":"20:27:00","h":"Nord","s":"25N-H58NV10A-80-A"},{"r":"55","t":"20:27:00","h":"Nord","s":"25N-H58NV20A-80-A"},{"r":"55","t":"20:27:00","h":"Nord","s":"25S-H58S000A-80-A"},{"r":"55","t":"20:36:20","h":"Nord","s":"25N-H55N000S-80-S"},{"r":"55","t":"20:36:20","h":"Nord","s":"25N-H55N000S-82-S"},{"r":"55","t":"20:36:20","h":"Nord","s":"25N-H55NV10S-85-S"},{"r":"55","t":"20:36:20","h":"Nord","s":"25N-H55NV20S-81-S"},{"r":"55","t":"20:36:20","h":"Nord","s":"25S-H55S000S-82-S"},{"r":"55","t":"20:38:00","h":"Nord","s":"25N-H58N000A-80-A"},{"r":"55","t":"20:38:00","h":"Nord","s":"25N-H58NV10A-80-A"},{"r":"55","t":"20:38:00","h":"Nord","s":"25N-H58NV20A-80-A"},{"r":"55","t":"20:38:00","h":"Nord","s":"25S-H58S000A-80-A"},{"r":"55","t":"20:45:00","h":"Nord","s":"25N-H58N000I-80-I"},{"r":"55","t":"20:45:00","h":"Nord","s":"25N-H58N100F-80-F1"},{"r":"55","t":"20:45:00","h":"Nord","s":"25N-H58N200F-80-F2"},{"r":"55","t":"20:45:00","h":"Nord","s":"25N-H58N300F-80-F3"},{"r":"55","t":"20:45:00","h":"Nord","s":"25N-H58N400F-80-F4"},{"r":"55","t":"20:45:00","h":"Nord","s":"25N-H58NV10I-80-I"},{"r":"55","t":"20:45:00","h":"Nord","s":"25N-H58NV20I-80-I"},{"r":"55","t":"20:45:00","h":"Nord","s":"25S-H58S000I-80-I"},{"r":"55","t":"20:45:00","h":"Nord","s":"25S-H58S100F-80-F1"},{"r":"55","t":"20:45:00","h":"Nord","s":"25S-H58S200F-80-F2"},{"r":"55","t":"20:50:00","h":"Nord","s":"25N-H58N000A-80-A"},{"r":"55","t":"20:50:00","h":"Nord","s":"25N-H58NV10A-80-A"},{"r":"55","t":"20:50:00","h":"Nord","s":"25N-H58NV20A-80-A"},{"r":"55","t":"20:50:00","h":"Nord","s":"25S-H58S000A-80-A"},{"r":"55","t":"20:50:20","h":"Nord","s":"25N-H58N000S-80-S"},{"r":"55","t":"20:50:20","h":"Nord","s":"25N-H58NV10S-80-S"},{"r":"55","t":"20:50:20","h":"Nord","s":"25N-H58NV20S-80-S"},{"r":"55","t":"20:50:20","h":"Nord","s":"25S-H58S000S-80-S"},{"r":"55","t":"21:02:00","h":"Nord","s":"25N-H58N000A-80-A"},{"r":"55","t":"21:02:00","h":"Nord","s":"25N-H58NV10A-80-A"},{"r":"55","t":"21:02:00","h":"Nord","s":"25N-H58NV20A-80-A"},{"r":"55","t":"21:02:00","h":"Nord","s":"25S-H58S000A-80-A"},{"r":"55","t":"21:10:20","h":"Nord","s":"25N-H58N000S-80-S"},{"r":"55","t":"21:10:20","h":"Nord","s":"25N-H58NV10S-80-S"},{"r":"55","t":"21:10:20","h":"Nord","s":"25N-H58NV20S-80-S"},{"r":"55","t":"21:10:20","h":"Nord","s":"25S-H58S000S-80-S"},{"r":"55","t":"21:13:00","h":"Nord","s":"25N-H58N000I-80-I"},{"r":"55","t":"21:13:00","h":"Nord","s":"25N-H58N100F-80-F1"},{"r":"55","t":"21:13:00","h":"Nord","s":"25N-H58N200F-80-F2"},{"r":"55","t":"21:13:00","h":"Nord","s":"25N-H58N300F-80-F3"},{"r":"55","t":"21:13:00","h":"Nord","s":"25N-H58N400F-80-F4"},{"r":"55","t":"21:13:00","h":"Nord","s":"25N-H58NV10I-80-I"},{"r":"55","t":"21:13:00","h":"Nord","s":"25N-H58NV20I-80-I"},{"r":"55","t":"21:13:00","h":"Nord","s":"25S-H58S000I-80-I"},{"r":"55","t":"21:13:00","h":"Nord","s":"25S-H58S100F-80-F1"},{"r":"55","t":"21:13:00","h":"Nord","s":"25S-H58S200F-80-F2"},{"r":"55","t":"21:14:00","h":"Nord","s":"25N-H58N000A-80-A"},{"r":"55","t":"21:14:00","h":"Nord","s":"25N-H58NV10A-80-A"},{"r":"55","t":"21:14:00","h":"Nord","s":"25N-H58NV20A-80-A"},{"r":"55","t":"21:14:00","h":"Nord","s":"25S-H58S000A-80-A"},{"r":"55","t":"21:27:00","h":"Nord","s":"25N-H58N000A-80-A"},{"r":"55","t":"21:27:00","h":"Nord","s":"25N-H58NV10A-80-A"},{"r":"55","t":"21:27:00","h":"Nord","s":"25N-H58NV20A-80-A"},{"r":"55","t":"21:27:00","h":"Nord","s":"25S-H58S000A-80-A"},{"r":"55","t":"21:30:20","h":"Nord","s":"25N-H58N000S-80-S"},{"r":"55","t":"21:30:20","h":"Nord","s":"25N-H58NV10S-80-S"},{"r":"55","t":"21:30:20","h":"Nord","s":"25N-H58NV20S-80-S"},{"r":"55","t":"21:30:20","h":"Nord","s":"25S-H58S000S-80-S"},{"r":"55","t":"21:40:00","h":"Nord","s":"25N-H58N000A-80-A"},{"r":"55","t":"21:40:00","h":"Nord","s":"25N-H58NV10A-80-A"},{"r":"55","t":"21:40:00","h":"Nord","s":"25N-H58NV20A-80-A"},{"r":"55","t":"21:40:00","h":"Nord","s":"25S-H58S000A-80-A"},{"r":"55","t":"21:43:00","h":"Nord","s":"25N-H58N000I-80-I"},{"r":"55","t":"21:43:00","h":"Nord","s":"25N-H58N100F-80-F1"},{"r":"55","t":"21:43:00","h":"Nord","s":"25N-H58N200F-80-F2"},{"r":"55","t":"21:43:00","h":"Nord","s":"25N-H58N300F-80-F3"},{"r":"55","t":"21:43:00","h":"Nord","s":"25N-H58N400F-80-F4"},{"r":"55","t":"21:43:00","h":"Nord","s":"25N-H58NV10I-80-I"},{"r":"55","t":"21:43:00","h":"Nord","s":"25N-H58NV20I-80-I"},{"r":"55","t":"21:43:00","h":"Nord","s":"25S-H58S000I-80-I"},{"r":"55","t":"21:43:00","h":"Nord","s":"25S-H58S100F-80-F1"},{"r":"55","t":"21:43:00","h":"Nord","s":"25S-H58S200F-80-F2"},{"r":"55","t":"21:50:20","h":"Nord","s":"25N-H58N000S-80-S"},{"r":"55","t":"21:50:20","h":"Nord","s":"25N-H58NV10S-80-S"},{"r":"55","t":"21:50:20","h":"Nord","s":"25N-H58NV20S-80-S"},{"r":"55","t":"21:50:20","h":"Nord","s":"25S-H58S000S-80-S"},{"r":"55","t":"21:52:00","h":"Nord","s":"25N-H58N000A-80-A"},{"r":"55","t":"21:52:00","h":"Nord","s":"25N-H58NV10A-80-A"},{"r":"55","t":"21:52:00","h":"Nord","s":"25N-H58NV20A-80-A"},{"r":"55","t":"21:52:00","h":"Nord","s":"25S-H58S000A-80-A"},{"r":"55","t":"22:04:00","h":"Nord","s":"25N-H58N000A-80-A"},{"r":"55","t":"22:04:00","h":"Nord","s":"25N-H58NV10A-80-A"},{"r":"55","t":"22:04:00","h":"Nord","s":"25N-H58NV20A-80-A"},{"r":"55","t":"22:04:00","h":"Nord","s":"25S-H58S000A-80-A"},{"r":"55","t":"22:10:20","h":"Nord","s":"25N-H58N000S-80-S"},{"r":"55","t":"22:10:20","h":"Nord","s":"25N-H58NV10S-80-S"},{"r":"55","t":"22:10:20","h":"Nord","s":"25N-H58NV20S-80-S"},{"r":"55","t":"22:10:20","h":"Nord","s":"25S-H58S000S-80-S"},{"r":"55","t":"22:12:00","h":"Nord","s":"25N-H58N000I-80-I"},{"r":"55","t":"22:12:00","h":"Nord","s":"25N-H58N100F-80-F1"},{"r":"55","t":"22:12:00","h":"Nord","s":"25N-H58N200F-80-F2"},{"r":"55","t":"22:12:00","h":"Nord","s":"25N-H58N300F-80-F3"},{"r":"55","t":"22:12:00","h":"Nord","s":"25N-H58N400F-80-F4"},{"r":"55","t":"22:12:00","h":"Nord","s":"25N-H58NV10I-80-I"},{"r":"55","t":"22:12:00","h":"Nord","s":"25N-H58NV20I-80-I"},{"r":"55","t":"22:12:00","h":"Nord","s":"25S-H58S000I-80-I"},{"r":"55","t":"22:12:00","h":"Nord","s":"25S-H58S100F-80-F1"},{"r":"55","t":"22:12:00","h":"Nord","s":"25S-H58S200F-80-F2"},{"r":"55","t":"22:16:00","h":"Nord","s":"25N-H58N000A-80-A"},{"r":"55","t":"22:16:00","h":"Nord","s":"25N-H58NV10A-80-A"},{"r":"55","t":"22:16:00","h":"Nord","s":"25N-H58NV20A-80-A"},{"r":"55","t":"22:16:00","h":"Nord","s":"25S-H58S000A-80-A"},{"r":"55","t":"22:29:20","h":"Nord","s":"25N-H58N000S-80-S"},{"r":"55","t":"22:29:20","h":"Nord","s":"25N-H58NV10S-80-S"},{"r":"55","t":"22:29:20","h":"Nord","s":"25N-H58NV20S-80-S"},{"r":"55","t":"22:29:20","h":"Nord","s":"25S-H58S000S-80-S"},{"r":"55","t":"22:30:00","h":"Nord","s":"25N-H58N000A-80-A"},{"r":"55","t":"22:30:00","h":"Nord","s":"25N-H58NV10A-80-A"},{"r":"55","t":"22:30:00","h":"Nord","s":"25N-H58NV20A-80-A"},{"r":"55","t":"22:30:00","h":"Nord","s":"25S-H58S000A-80-A"},{"r":"55","t":"22:42:00","h":"Nord","s":"25N-H58N000I-80-I"},{"r":"55","t":"22:42:00","h":"Nord","s":"25N-H58N100F-80-F1"},{"r":"55","t":"22:42:00","h":"Nord","s":"25N-H58N200F-80-F2"},{"r":"55","t":"22:42:00","h":"Nord","s":"25N-H58N300F-80-F3"},{"r":"55","t":"22:42:00","h":"Nord","s":"25N-H58N400F-80-F4"},{"r":"55","t":"22:42:00","h":"Nord","s":"25N-H58NV10I-80-I"},{"r":"55","t":"22:42:00","h":"Nord","s":"25N-H58NV20I-80-I"},{"r":"55","t":"22:42:00","h":"Nord","s":"25S-H58S000I-80-I"},{"r":"55","t":"22:42:00","h":"Nord","s":"25S-H58S100F-80-F1"},{"r":"55","t":"22:42:00","h":"Nord","s":"25S-H58S200F-80-F2"},{"r":"55","t":"22:44:00","h":"Nord","s":"25N-H58N000A-80-A"},{"r":"55","t":"22:44:00","h":"Nord","s":"25N-H58NV10A-80-A"},{"r":"55","t":"22:44:00","h":"Nord","s":"25N-H58NV20A-80-A"},{"r":"55","t":"22:44:00","h":"Nord","s":"25S-H58S000A-80-A"},{"r":"55","t":"22:48:20","h":"Nord","s":"25N-H58N000S-80-S"},{"r":"55","t":"22:48:20","h":"Nord","s":"25N-H58NV10S-80-S"},{"r":"55","t":"22:48:20","h":"Nord","s":"25N-H58NV20S-80-S"},{"r":"55","t":"22:48:20","h":"Nord","s":"25S-H58S000S-80-S"},{"r":"55","t":"22:58:00","h":"Nord","s":"25N-H58N000A-80-A"},{"r":"55","t":"22:58:00","h":"Nord","s":"25N-H58NV10A-80-A"},{"r":"55","t":"22:58:00","h":"Nord","s":"25N-H58NV20A-80-A"},{"r":"55","t":"22:58:00","h":"Nord","s":"25S-H58S000A-80-A"},{"r":"55","t":"23:08:20","h":"Nord","s":"25N-H58N000S-80-S"},{"r":"55","t":"23:08:20","h":"Nord","s":"25N-H58NV10S-80-S"},{"r":"55","t":"23:08:20","h":"Nord","s":"25N-H58NV20S-80-S"},{"r":"55","t":"23:08:20","h":"Nord","s":"25S-H58S000S-80-S"},{"r":"55","t":"23:11:00","h":"Nord","s":"25N-H58N000A-80-A"},{"r":"55","t":"23:11:00","h":"Nord","s":"25N-H58NV10A-80-A"},{"r":"55","t":"23:11:00","h":"Nord","s":"25N-H58NV20A-80-A"},{"r":"55","t":"23:11:00","h":"Nord","s":"25S-H58S000A-80-A"},{"r":"55","t":"23:12:00","h":"Nord","s":"25N-H58N000I-80-I"},{"r":"55","t":"23:12:00","h":"Nord","s":"25N-H58N100F-80-F1"},{"r":"55","t":"23:12:00","h":"Nord","s":"25N-H58N200F-80-F2"},{"r":"55","t":"23:12:00","h":"Nord","s":"25N-H58N300F-80-F3"},{"r":"55","t":"23:12:00","h":"Nord","s":"25N-H58N400F-80-F4"},{"r":"55","t":"23:12:00","h":"Nord","s":"25N-H58NV10I-80-I"},{"r":"55","t":"23:12:00","h":"Nord","s":"25N-H58NV20I-80-I"},{"r":"55","t":"23:12:00","h":"Nord","s":"25S-H58S000I-80-I"},{"r":"55","t":"23:12:00","h":"Nord","s":"25S-H58S100F-80-F1"},{"r":"55","t":"23:12:00","h":"Nord","s":"25S-H58S200F-80-F2"},{"r":"55","t":"23:24:00","h":"Nord","s":"25N-H58N000S-80-S"},{"r":"55","t":"23:24:00","h":"Nord","s":"25N-H58NV10S-80-S"},{"r":"55","t":"23:24:00","h":"Nord","s":"25N-H58NV20S-80-S"},{"r":"55","t":"23:24:00","h":"Nord","s":"25S-H58S000S-80-S"},{"r":"55","t":"23:25:00","h":"Nord","s":"25N-H58N000A-80-A"},{"r":"55","t":"23:25:00","h":"Nord","s":"25N-H58NV10A-80-A"},{"r":"55","t":"23:25:00","h":"Nord","s":"25N-H58NV20A-80-A"},{"r":"55","t":"23:25:00","h":"Nord","s":"25S-H58S000A-80-A"},{"r":"55","t":"23:39:00","h":"Nord","s":"25N-H58N000A-80-A"},{"r":"55","t":"23:39:00","h":"Nord","s":"25N-H58NV10A-80-A"},{"r":"55","t":"23:39:00","h":"Nord","s":"25N-H58NV20A-80-A"},{"r":"55","t":"23:39:00","h":"Nord","s":"25S-H58S000A-80-A"},{"r":"55","t":"23:39:40","h":"Nord","s":"25N-H58N000I-80-I"},{"r":"55","t":"23:39:40","h":"Nord","s":"25N-H58N100F-80-F1"},{"r":"55","t":"23:39:40","h":"Nord","s":"25N-H58N200F-80-F2"},{"r":"55","t":"23:39:40","h":"Nord","s":"25N-H58N300F-80-F3"},{"r":"55","t":"23:39:40","h":"Nord","s":"25N-H58N400F-80-F4"},{"r":"55","t":"23:39:40","h":"Nord","s":"25N-H58NV10I-80-I"},{"r":"55","t":"23:39:40","h":"Nord","s":"25N-H58NV20I-80-I"},{"r":"55","t":"23:39:40","h":"Nord","s":"25S-H58S000I-80-I"},{"r":"55","t":"23:39:40","h":"Nord","s":"25S-H58S100F-80-F1"},{"r":"55","t":"23:39:40","h":"Nord","s":"25S-H58S200F-80-F2"},{"r":"55","t":"23:47:00","h":"Nord","s":"25N-H58N000S-80-S"},{"r":"55","t":"23:47:00","h":"Nord","s":"25N-H58NV10S-80-S"},{"r":"55","t":"23:47:00","h":"Nord","s":"25N-H58NV20S-80-S"},{"r":"55","t":"23:47:00","h":"Nord","s":"25S-H58S000S-80-S"},{"r":"55","t":"23:57:00","h":"Nord","s":"25N-H58N000A-80-A"},{"r":"55","t":"23:57:00","h":"Nord","s":"25N-H58NV10A-80-A"},{"r":"55","t":"23:57:00","h":"Nord","s":"25N-H58NV20A-80-A"},{"r":"55","t":"23:57:00","h":"Nord","s":"25S-H58S000A-80-A"},{"r":"55","t":"24:08:40","h":"Nord","s":"25N-H58N000I-80-I"},{"r":"55","t":"24:08:40","h":"Nord","s":"25N-H58N100F-80-F1"},{"r":"55","t":"24:08:40","h":"Nord","s":"25N-H58N200F-80-F2"},{"r":"55","t":"24:08:40","h":"Nord","s":"25N-H58N300F-80-F3"},{"r":"55","t":"24:08:40","h":"Nord","s":"25N-H58N400F-80-F4"},{"r":"55","t":"24:08:40","h":"Nord","s":"25N-H58NV10I-80-I"},{"r":"55","t":"24:08:40","h":"Nord","s":"25N-H58NV20I-80-I"},{"r":"55","t":"24:08:40","h":"Nord","s":"25S-H58S000I-80-I"},{"r":"55","t":"24:08:40","h":"Nord","s":"25S-H58S100F-80-F1"},{"r":"55","t":"24:08:40","h":"Nord","s":"25S-H58S200F-80-F2"},{"r":"55","t":"24:12:00","h":"Nord","s":"25N-H58N000S-80-S"},{"r":"55","t":"24:12:00","h":"Nord","s":"25N-H58NV10S-80-S"},{"r":"55","t":"24:12:00","h":"Nord","s":"25N-H58NV20S-80-S"},{"r":"55","t":"24:12:00","h":"Nord","s":"25S-H58S000S-80-S"},{"r":"55","t":"24:18:00","h":"Nord","s":"25N-H58N000A-80-A"},{"r":"55","t":"24:18:00","h":"Nord","s":"25N-H58NV10A-80-A"},{"r":"55","t":"24:18:00","h":"Nord","s":"25N-H58NV20A-80-A"},{"r":"55","t":"24:18:00","h":"Nord","s":"25S-H58S000A-80-A"},{"r":"363","t":"24:33:40","h":"Nord","s":"25N-H55N000I-80-I"},{"r":"363","t":"24:33:40","h":"Nord","s":"25N-H55N100F-80-F1"},{"r":"363","t":"24:33:40","h":"Nord","s":"25N-H55N200F-80-F2"},{"r":"363","t":"24:33:40","h":"Nord","s":"25N-H55N300F-80-F3"},{"r":"363","t":"24:33:40","h":"Nord","s":"25N-H55N400F-80-F4"},{"r":"363","t":"24:33:40","h":"Nord","s":"25N-H55NV10I-80-I"},{"r":"363","t":"24:33:40","h":"Nord","s":"25N-H55NV20I-80-I"},{"r":"363","t":"24:33:40","h":"Nord","s":"25S-H55S000I-80-I"},{"r":"363","t":"24:33:40","h":"Nord","s":"25S-H55S100F-80-F1"},{"r":"363","t":"24:33:40","h":"Nord","s":"25S-H55S200F-80-F2"},{"r":"363","t":"24:34:31","h":"Nord","s":"25N-H55N000S-80-S"},{"r":"363","t":"24:34:31","h":"Nord","s":"25N-H55N000S-82-S"},{"r":"363","t":"24:34:31","h":"Nord","s":"25N-H55NV10S-85-S"},{"r":"363","t":"24:34:31","h":"Nord","s":"25N-H55NV20S-81-S"},{"r":"363","t":"24:34:31","h":"Nord","s":"25S-H55S000S-82-S"},{"r":"55","t":"24:44:00","h":"Nord","s":"25N-H58N000A-80-A"},{"r":"55","t":"24:44:00","h":"Nord","s":"25N-H58NV10A-80-A"},{"r":"55","t":"24:44:00","h":"Nord","s":"25N-H58NV20A-80-A"},{"r":"55","t":"24:44:00","h":"Nord","s":"25S-H58S000A-80-A"},{"r":"363","t":"25:01:21","h":"Nord","s":"25N-H55N000A-80-A"},{"r":"363","t":"25:01:21","h":"Nord","s":"25N-H55NV10A-80-A"},{"r":"363","t":"25:01:21","h":"Nord","s":"25N-H55NV20A-80-A"},{"r":"363","t":"25:01:21","h":"Nord","s":"25S-H55S000A-80-A"},{"r":"363","t":"25:20:40","h":"Nord","s":"25N-H55N000I-80-I"},{"r":"363","t":"25:20:40","h":"Nord","s":"25N-H55N100F-80-F1"},{"r":"363","t":"25:20:40","h":"Nord","s":"25N-H55N200F-80-F2"},{"r":"363","t":"25:20:40","h":"Nord","s":"25N-H55N300F-80-F3"},{"r":"363","t":"25:20:40","h":"Nord","s":"25N-H55N400F-80-F4"},{"r":"363","t":"25:20:40","h":"Nord","s":"25N-H55NV10I-80-I"},{"r":"363","t":"25:20:40","h":"Nord","s":"25N-H55NV20I-80-I"},{"r":"363","t":"25:20:40","h":"Nord","s":"25S-H55S000I-80-I"},{"r":"363","t":"25:20:40","h":"Nord","s":"25S-H55S100F-80-F1"},{"r":"363","t":"25:20:40","h":"Nord","s":"25S-H55S200F-80-F2"},{"r":"363","t":"25:21:31","h":"Nord","s":"25N-H55N000S-80-S"},{"r":"363","t":"25:21:31","h":"Nord","s":"25N-H55N000S-82-S"},{"r":"363","t":"25:21:31","h":"Nord","s":"25N-H55NV10S-85-S"},{"r":"363","t":"25:21:31","h":"Nord","s":"25N-H55NV20S-81-S"},{"r":"363","t":"25:21:31","h":"Nord","s":"25S-H55S000S-82-S"},{"r":"363","t":"25:26:21","h":"Nord","s":"25N-H55N000A-80-A"},{"r":"363","t":"25:26:21","h":"Nord","s":"25N-H55NV10A-80-A"},{"r":"363","t":"25:26:21","h":"Nord","s":"25N-H55NV20A-80-A"},{"r":"363","t":"25:26:21","h":"Nord","s":"25S-H55S000A-80-A"},{"r":"363","t":"25:48:21","h":"Nord","s":"25N-H55N000A-80-A"},{"r":"363","t":"25:48:21","h":"Nord","s":"25N-H55NV10A-80-A"},{"r":"363","t":"25:48:21","h":"Nord","s":"25N-H55NV20A-80-A"},{"r":"363","t":"25:48:21","h":"Nord","s":"25S-H55S000A-80-A"},{"r":"363","t":"26:05:31","h":"Nord","s":"25N-H55N000A-80-A"},{"r":"363","t":"26:05:31","h":"Nord","s":"25N-H55NV10A-80-A"},{"r":"363","t":"26:05:31","h":"Nord","s":"25N-H55NV20A-80-A"},{"r":"363","t":"26:05:31","h":"Nord","s":"25S-H55S000A-80-A"},{"r":"363","t":"26:05:40","h":"Nord","s":"25N-H55N000I-80-I"},{"r":"363","t":"26:05:40","h":"Nord","s":"25N-H55N100F-80-F1"},{"r":"363","t":"26:05:40","h":"Nord","s":"25N-H55N200F-80-F2"},{"r":"363","t":"26:05:40","h":"Nord","s":"25N-H55N300F-80-F3"},{"r":"363","t":"26:05:40","h":"Nord","s":"25N-H55N400F-80-F4"},{"r":"363","t":"26:05:40","h":"Nord","s":"25N-H55NV10I-80-I"},{"r":"363","t":"26:05:40","h":"Nord","s":"25N-H55NV20I-80-I"},{"r":"363","t":"26:05:40","h":"Nord","s":"25S-H55S000I-80-I"},{"r":"363","t":"26:05:40","h":"Nord","s":"25S-H55S100F-80-F1"},{"r":"363","t":"26:05:40","h":"Nord","s":"25S-H55S200F-80-F2"},{"r":"363","t":"26:07:31","h":"Nord","s":"25N-H55N000S-80-S"},{"r":"363","t":"26:07:31","h":"Nord","s":"25N-H55N000S-82-S"},{"r":"363","t":"26:07:31","h":"Nord","s":"25N-H55NV10S-85-S"},{"r":"363","t":"26:07:31","h":"Nord","s":"25N-H55NV20S-81-S"},{"r":"363","t":"26:07:31","h":"Nord","s":"25S-H55S000S-82-S"},{"r":"363","t":"26:14:31","h":"Nord","s":"25N-H55N000A-80-A"},{"r":"363","t":"26:14:31","h":"Nord","s":"25N-H55NV10A-80-A"},{"r":"363","t":"26:14:31","h":"Nord","s":"25N-H55NV20A-80-A"},{"r":"363","t":"26:14:31","h":"Nord","s":"25S-H55S000A-80-A"},{"r":"363","t":"26:20:31","h":"Nord","s":"25N-H55N000S-80-SV"},{"r":"363","t":"26:20:31","h":"Nord","s":"25N-H55N000S-82-SV"},{"r":"363","t":"26:20:31","h":"Nord","s":"25N-H55NV10S-85-SV"},{"r":"363","t":"26:20:31","h":"Nord","s":"25N-H55NV20S-81-SV"},{"r":"363","t":"26:20:31","h":"Nord","s":"25S-H55S000S-82-SV"},{"r":"363","t":"26:23:31","h":"Nord","s":"25N-H55N000A-80-A"},{"r":"363","t":"26:23:31","h":"Nord","s":"25N-H55NV10A-80-A"},{"r":"363","t":"26:23:31","h":"Nord","s":"25N-H55NV20A-80-A"},{"r":"363","t":"26:23:31","h":"Nord","s":"25S-H55S000A-80-A"},{"r":"363","t":"26:32:31","h":"Nord","s":"25N-H55N000A-80-A"},{"r":"363","t":"26:32:31","h":"Nord","s":"25N-H55NV10A-80-A"},{"r":"363","t":"26:32:31","h":"Nord","s":"25N-H55NV20A-80-A"},{"r":"363","t":"26:32:31","h":"Nord","s":"25S-H55S000A-80-A"},{"r":"363","t":"26:35:31","h":"Nord","s":"25N-H55N000S-80-SV"},{"r":"363","t":"26:35:31","h":"Nord","s":"25N-H55N000S-82-SV"},{"r":"363","t":"26:35:31","h":"Nord","s":"25N-H55NV10S-85-SV"},{"r":"363","t":"26:35:31","h":"Nord","s":"25N-H55NV20S-81-SV"},{"r":"363","t":"26:35:31","h":"Nord","s":"25S-H55S000S-82-SV"},{"r":"363","t":"26:41:31","h":"Nord","s":"25N-H55N000A-80-A"},{"r":"363","t":"26:41:31","h":"Nord","s":"25N-H55NV10A-80-A"},{"r":"363","t":"26:41:31","h":"Nord","s":"25N-H55NV20A-80-A"},{"r":"363","t":"26:41:31","h":"Nord","s":"25S-H55S000A-80-A"},{"r":"363","t":"26:49:40","h":"Nord","s":"25N-H55N000I-80-I"},{"r":"363","t":"26:49:40","h":"Nord","s":"25N-H55N100F-80-F1"},{"r":"363","t":"26:49:40","h":"Nord","s":"25N-H55N200F-80-F2"},{"r":"363","t":"26:49:40","h":"Nord","s":"25N-H55N300F-80-F3"},{"r":"363","t":"26:49:40","h":"Nord","s":"25N-H55N400F-80-F4"},{"r":"363","t":"26:49:40","h":"Nord","s":"25N-H55NV10I-80-I"},{"r":"363","t":"26:49:40","h":"Nord","s":"25N-H55NV20I-80-I"},{"r":"363","t":"26:49:40","h":"Nord","s":"25S-H55S000I-80-I"},{"r":"363","t":"26:49:40","h":"Nord","s":"25S-H55S100F-80-F1"},{"r":"363","t":"26:49:40","h":"Nord","s":"25S-H55S200F-80-F2"},{"r":"363","t":"26:50:31","h":"Nord","s":"25N-H55N000S-80-S"},{"r":"363","t":"26:50:31","h":"Nord","s":"25N-H55N000S-82-S"},{"r":"363","t":"26:50:31","h":"Nord","s":"25N-H55NV10S-85-S"},{"r":"363","t":"26:50:31","h":"Nord","s":"25N-H55NV20S-81-S"},{"r":"363","t":"26:50:31","h":"Nord","s":"25S-H55S000S-82-S"},{"r":"363","t":"26:51:31","h":"Nord","s":"25N-H55N000A-80-A"},{"r":"363","t":"26:51:31","h":"Nord","s":"25N-H55NV10A-80-A"},{"r":"363","t":"26:51:31","h":"Nord","s":"25N-H55NV20A-80-A"},{"r":"363","t":"26:51:31","h":"Nord","s":"25S-H55S000A-80-A"},{"r":"363","t":"27:01:31","h":"Nord","s":"25N-H55N000A-80-A"},{"r":"363","t":"27:01:31","h":"Nord","s":"25N-H55NV10A-80-A"},{"r":"363","t":"27:01:31","h":"Nord","s":"25N-H55NV20A-80-A"},{"r":"363","t":"27:01:31","h":"Nord","s":"25S-H55S000A-80-A"},{"r":"363","t":"27:04:40","h":"Nord","s":"25N-H55N000S-80-SV"},{"r":"363","t":"27:04:40","h":"Nord","s":"25N-H55N000S-82-SV"},{"r":"363","t":"27:04:40","h":"Nord","s":"25N-H55NV10S-85-SV"},{"r":"363","t":"27:04:40","h":"Nord","s":"25N-H55NV20S-81-SV"},{"r":"363","t":"27:04:40","h":"Nord","s":"25S-H55S000S-82-SV"},{"r":"363","t":"27:10:31","h":"Nord","s":"25N-H55N000A-80-A"},{"r":"363","t":"27:10:31","h":"Nord","s":"25N-H55NV10A-80-A"},{"r":"363","t":"27:10:31","h":"Nord","s":"25N-H55NV20A-80-A"},{"r":"363","t":"27:10:31","h":"Nord","s":"25S-H55S000A-80-A"},{"r":"363","t":"27:18:40","h":"Nord","s":"25N-H55N000S-80-SV"},{"r":"363","t":"27:18:40","h":"Nord","s":"25N-H55N000S-82-SV"},{"r":"363","t":"27:18:40","h":"Nord","s":"25N-H55NV10S-85-SV"},{"r":"363","t":"27:18:40","h":"Nord","s":"25N-H55NV20S-81-SV"},{"r":"363","t":"27:18:40","h":"Nord","s":"25S-H55S000S-82-SV"},{"r":"363","t":"27:19:31","h":"Nord","s":"25N-H55N000A-80-A"},{"r":"363","t":"27:19:31","h":"Nord","s":"25N-H55NV10A-80-A"},{"r":"363","t":"27:19:31","h":"Nord","s":"25N-H55NV20A-80-A"},{"r":"363","t":"27:19:31","h":"Nord","s":"25S-H55S000A-80-A"},{"r":"363","t":"27:28:31","h":"Nord","s":"25N-H55N000A-80-A"},{"r":"363","t":"27:28:31","h":"Nord","s":"25N-H55NV10A-80-A"},{"r":"363","t":"27:28:31","h":"Nord","s":"25N-H55NV20A-80-A"},{"r":"363","t":"27:28:31","h":"Nord","s":"25S-H55S000A-80-A"},{"r":"363","t":"27:34:40","h":"Nord","s":"25N-H55N000I-80-I"},{"r":"363","t":"27:34:40","h":"Nord","s":"25N-H55N000S-80-S"},{"r":"363","t":"27:34:40","h":"Nord","s":"25N-H55N000S-82-S"},{"r":"363","t":"27:34:40","h":"Nord","s":"25N-H55N100F-80-F1"},{"r":"363","t":"27:34:40","h":"Nord","s":"25N-H55N200F-80-F2"},{"r":"363","t":"27:34:40","h":"Nord","s":"25N-H55N300F-80-F3"},{"r":"363","t":"27:34:40","h":"Nord","s":"25N-H55N400F-80-F4"},{"r":"363","t":"27:34:40","h":"Nord","s":"25N-H55NV10I-80-I"},{"r":"363","t":"27:34:40","h":"Nord","s":"25N-H55NV10S-85-S"},{"r":"363","t":"27:34:40","h":"Nord","s":"25N-H55NV20I-80-I"},{"r":"363","t":"27:34:40","h":"Nord","s":"25N-H55NV20S-81-S"},{"r":"363","t":"27:34:40","h":"Nord","s":"25S-H55S000I-80-I"},{"r":"363","t":"27:34:40","h":"Nord","s":"25S-H55S000S-82-S"},{"r":"363","t":"27:34:40","h":"Nord","s":"25S-H55S100F-80-F1"},{"r":"363","t":"27:34:40","h":"Nord","s":"25S-H55S200F-80-F2"},{"r":"363","t":"27:36:31","h":"Nord","s":"25N-H55N000A-80-A"},{"r":"363","t":"27:36:31","h":"Nord","s":"25N-H55NV10A-80-A"},{"r":"363","t":"27:36:31","h":"Nord","s":"25N-H55NV20A-80-A"},{"r":"363","t":"27:36:31","h":"Nord","s":"25S-H55S000A-80-A"},{"r":"363","t":"27:46:31","h":"Nord","s":"25N-H55N000A-80-A"},{"r":"363","t":"27:46:31","h":"Nord","s":"25N-H55NV10A-80-A"},{"r":"363","t":"27:46:31","h":"Nord","s":"25N-H55NV20A-80-A"},{"r":"363","t":"27:46:31","h":"Nord","s":"25S-H55S000A-80-A"},{"r":"363","t":"27:58:31","h":"Nord","s":"25N-H55N000A-80-A"},{"r":"363","t":"27:58:31","h":"Nord","s":"25N-H55NV10A-80-A"},{"r":"363","t":"27:58:31","h":"Nord","s":"25N-H55NV20A-80-A"},{"r":"363","t":"27:58:31","h":"Nord","s":"25S-H55S000A-80-A"},{"r":"363","t":"28:17:40","h":"Nord","s":"25N-H55N000S-80-S"},{"r":"363","t":"28:17:40","h":"Nord","s":"25N-H55N000S-82-S"},{"r":"363","t":"28:17:40","h":"Nord","s":"25N-H55NV10S-85-S"},{"r":"363","t":"28:17:40","h":"Nord","s":"25N-H55NV20S-81-S"},{"r":"363","t":"28:17:40","h":"Nord","s":"25S-H55S000S-82-S"},{"r":"363","t":"28:18:31","h":"Nord","s":"25N-H55N000A-80-A"},{"r":"363","t":"28:18:31","h":"Nord","s":"25N-H55NV10A-80-A"},{"r":"363","t":"28:18:31","h":"Nord","s":"25N-H55NV20A-80-A"},{"r":"363","t":"28:18:31","h":"Nord","s":"25S-H55S000A-80-A"},{"r":"363","t":"28:19:40","h":"Nord","s":"25N-H55N000I-80-I"},{"r":"363","t":"28:19:40","h":"Nord","s":"25N-H55N100F-80-F1"},{"r":"363","t":"28:19:40","h":"Nord","s":"25N-H55N200F-80-F2"},{"r":"363","t":"28:19:40","h":"Nord","s":"25N-H55N300F-80-F3"},{"r":"363","t":"28:19:40","h":"Nord","s":"25N-H55N400F-80-F4"},{"r":"363","t":"28:19:40","h":"Nord","s":"25N-H55NV10I-80-I"},{"r":"363","t":"28:19:40","h":"Nord","s":"25N-H55NV20I-80-I"},{"r":"363","t":"28:19:40","h":"Nord","s":"25S-H55S000I-80-I"},{"r":"363","t":"28:19:40","h":"Nord","s":"25S-H55S100F-80-F1"},{"r":"363","t":"28:19:40","h":"Nord","s":"25S-H55S200F-80-F2"},{"r":"363","t":"28:42:31","h":"Nord","s":"25N-H55N000A-80-A"},{"r":"363","t":"28:42:31","h":"Nord","s":"25N-H55NV10A-80-A"},{"r":"363","t":"28:42:31","h":"Nord","s":"25N-H55NV20A-80-A"},{"r":"363","t":"28:42:31","h":"Nord","s":"25S-H55S000A-80-A"},{"r":"363","t":"29:03:40","h":"Nord","s":"25N-H55N000S-80-S"},{"r":"363","t":"29:03:40","h":"Nord","s":"25N-H55N000S-82-S"},{"r":"363","t":"29:03:40","h":"Nord","s":"25N-H55NV10S-85-S"},{"r":"363","t":"29:03:40","h":"Nord","s":"25N-H55NV20S-81-S"},{"r":"363","t":"29:03:40","h":"Nord","s":"25S-H55S000S-82-S"},{"r":"363","t":"29:04:40","h":"Nord","s":"25N-H55N000I-80-I"},{"r":"363","t":"29:04:40","h":"Nord","s":"25N-H55N100F-80-F1"},{"r":"363","t":"29:04:40","h":"Nord","s":"25N-H55N200F-80-F2"},{"r":"363","t":"29:04:40","h":"Nord","s":"25N-H55N300F-80-F3"},{"r":"363","t":"29:04:40","h":"Nord","s":"25N-H55N400F-80-F4"},{"r":"363","t":"29:04:40","h":"Nord","s":"25N-H55NV10I-80-I"},{"r":"363","t":"29:04:40","h":"Nord","s":"25N-H55NV20I-80-I"},{"r":"363","t":"29:04:40","h":"Nord","s":"25S-H55S000I-80-I"},{"r":"363","t":"29:04:40","h":"Nord","s":"25S-H55S100F-80-F1"},{"r":"363","t":"29:04:40","h":"Nord","s":"25S-H55S200F-80-F2"},{"r":"363","t":"29:09:31","h":"Nord","s":"25N-H55N000A-80-A"},{"r":"363","t":"29:09:31","h":"Nord","s":"25N-H55NV10A-80-A"},{"r":"363","t":"29:09:31","h":"Nord","s":"25N-H55NV20A-80-A"},{"r":"363","t":"29:09:31","h":"Nord","s":"25S-H55S000A-80-A"}]