[{"r":"19","t":"05:27:17","h":"Ouest","s":"25N-H58N000S-80-S"},{"r":"19","t":"05:27:17","h":"Ouest","s":"25N-H58NV10S-80-S"},{"r":"19","t":"05:27:17","h":"Ouest","s":"25N-H58NV20S-80-S"},{"r":"19","t":"05:27:17","h":"Ouest","s":"25S-H58S000S-80-S"},{"r":"19","t":"05:28:06","h":"Ouest","s":"25N-H58N000A-80-A"},{"r":"19","t":"05:28:06","h":"Ouest","s":"25N-H58N000I-80-I"},{"r":"19","t":"05:28:06","h":"Ouest","s":"25N-H58N100F-80-F1"},{"r":"19","t":"05:28:06","h":"Ouest","s":"25N-H58N200F-80-F2"},{"r":"19","t":"05:28:06","h":"Ouest","s":"25N-H58N300F-80-F3"},{"r":"19","t":"05:28:06","h":"Ouest","s":"25N-H58N400F-80-F4"},{"r":"19","t":"05:28:06","h":"Ouest","s":"25N-H58NV10A-80-A"},{"r":"19","t":"05:28:06","h":"Ouest","s":"25N-H58NV10I-80-I"},{"r":"19","t":"05:28:06","h":"Ouest","s":"25N-H58NV20A-80-A"},{"r":"19","t":"05:28:06","h":"Ouest","s":"25N-H58NV20I-80-I"},{"r":"19","t":"05:28:06","h":"Ouest","s":"25S-H58S000A-80-A"},{"r":"19","t":"05:28:06","h":"Ouest","s":"25S-H58S000I-80-I"},{"r":"19","t":"05:28:06","h":"Ouest","s":"25S-H58S100F-80-F1"},{"r":"19","t":"05:28:06","h":"Ouest","s":"25S-H58S200F-80-F2"},{"r":"19","t":"05:48:28","h":"Ouest","s":"25N-H58N000S-80-S"},{"r":"19","t":"05:48:28","h":"Ouest","s":"25N-H58NV10S-80-S"},{"r":"19","t":"05:48:28","h":"Ouest","s":"25N-H58NV20S-80-S"},{"r":"19","t":"05:48:28","h":"Ouest","s":"25S-H58S000S-80-S"},{"r":"19","t":"05:49:06","h":"Ouest","s":"25N-H58N000A-80-A"},{"r":"19","t":"05:49:06","h":"Ouest","s":"25N-H58NV10A-80-A"},{"r":"19","t":"05:49:06","h":"Ouest","s":"25N-H58NV20A-80-A"},{"r":"19","t":"05:49:06","h":"Ouest","s":"25S-H58S000A-80-A"},{"r":"19","t":"05:50:06","h":"Ouest","s":"25N-H58N000I-80-I"},{"r":"19","t":"05:50:06","h":"Ouest","s":"25N-H58N100F-80-F1"},{"r":"19","t":"05:50:06","h":"Ouest","s":"25N-H58N200F-80-F2"},{"r":"19","t":"05:50:06","h":"Ouest","s":"25N-H58N300F-80-F3"},{"r":"19","t":"05:50:06","h":"Ouest","s":"25N-H58N400F-80-F4"},{"r":"19","t":"05:50:06","h":"Ouest","s":"25N-H58NV10I-80-I"},{"r":"19","t":"05:50:06","h":"Ouest","s":"25N-H58NV20I-80-I"},{"r":"19","t":"05:50:06","h":"Ouest","s":"25S-H58S000I-80-I"},{"r":"19","t":"05:50:06","h":"Ouest","s":"25S-H58S100F-80-F1"},{"r":"19","t":"05:50:06","h":"Ouest","s":"25S-H58S200F-80-F2"},{"r":"19","t":"06:10:28","h":"Ouest","s":"25N-H58N000S-80-S"},{"r":"19","t":"06:10:28","h":"Ouest","s":"25N-H58NV10S-80-S"},{"r":"19","t":"06:10:28","h":"Ouest","s":"25N-H58NV20S-80-S"},{"r":"19","t":"06:10:28","h":"Ouest","s":"25S-H58S000S-80-S"},{"r":"19","t":"06:11:06","h":"Ouest","s":"25N-H58N000A-80-A"},{"r":"19","t":"06:11:06","h":"Ouest","s":"25N-H58NV10A-80-A"},{"r":"19","t":"06:11:06","h":"Ouest","s":"25N-H58NV20A-80-A"},{"r":"19","t":"06:11:06","h":"Ouest","s":"25S-H58S000A-80-A"},{"r":"19","t":"06:12:06","h":"Ouest","s":"25N-H58N000I-80-I"},{"r":"19","t":"06:12:06","h":"Ouest","s":"25N-H58N100F-80-F1"},{"r":"19","t":"06:12:06","h":"Ouest","s":"25N-H58N200F-80-F2"},{"r":"19","t":"06:12:06","h":"Ouest","s":"25N-H58N300F-80-F3"},{"r":"19","t":"06:12:06","h":"Ouest","s":"25N-H58N400F-80-F4"},{"r":"19","t":"06:12:06","h":"Ouest","s":"25N-H58NV10I-80-I"},{"r":"19","t":"06:12:06","h":"Ouest","s":"25N-H58NV20I-80-I"},{"r":"19","t":"06:12:06","h":"Ouest","s":"25S-H58S000I-80-I"},{"r":"19","t":"06:12:06","h":"Ouest","s":"25S-H58S100F-80-F1"},{"r":"19","t":"06:12:06","h":"Ouest","s":"25S-H58S200F-80-F2"},{"r":"19","t":"06:32:17","h":"Ouest","s":"25N-H58N000A-80-A"},{"r":"19","t":"06:32:17","h":"Ouest","s":"25N-H58NV10A-80-A"},{"r":"19","t":"06:32:17","h":"Ouest","s":"25N-H58NV20A-80-A"},{"r":"19","t":"06:32:17","h":"Ouest","s":"25S-H58S000A-80-A"},{"r":"19","t":"06:33:17","h":"Ouest","s":"25N-H58N000I-80-I"},{"r":"19","t":"06:33:17","h":"Ouest","s":"25N-H58N100F-80-F1"},{"r":"19","t":"06:33:17","h":"Ouest","s":"25N-H58N200F-80-F2"},{"r":"19","t":"06:33:17","h":"Ouest","s":"25N-H58N300F-80-F3"},{"r":"19","t":"06:33:17","h":"Ouest","s":"25N-H58N400F-80-F4"},{"r":"19","t":"06:33:17","h":"Ouest","s":"25N-H58NV10I-80-I"},{"r":"19","t":"06:33:17","h":"Ouest","s":"25N-H58NV20I-80-I"},{"r":"19","t":"06:33:17","h":"Ouest","s":"25S-H58S000I-80-I"},{"r":"19","t":"06:33:17","h":"Ouest","s":"25S-H58S100F-80-F1"},{"r":"19","t":"06:33:17","h":"Ouest","s":"25S-H58S200F-80-F2"},{"r":"19","t":"06:34:28","h":"Ouest","s":"25N-H58N000S-80-S"},{"r":"19","t":"06:34:28","h":"Ouest","s":"25N-H58NV10S-80-S"},{"r":"19","t":"06:34:28","h":"Ouest","s":"25N-H58NV20S-80-S"},{"r":"19","t":"06:34:28","h":"Ouest","s":"25S-H58S000S-80-S"},{"r":"19","t":"06:53:17","h":"Ouest","s":"25N-H58N000A-80-A"},{"r":"19","t":"06:53:17","h":"Ouest","s":"25N-H58NV10A-80-A"},{"r":"19","t":"06:53:17","h":"Ouest","s":"25N-H58NV20A-80-A"},{"r":"19","t":"06:53:17","h":"Ouest","s":"25S-H58S000A-80-A"},{"r":"19","t":"06:54:17","h":"Ouest","s":"25N-H58N000I-80-I"},{"r":"19","t":"06:54:17","h":"Ouest","s":"25N-H58N100F-80-F1"},{"r":"19","t":"06:54:17","h":"Ouest","s":"25N-H58N200F-80-F2"},{"r":"19","t":"06:54:17","h":"Ouest","s":"25N-H58N300F-80-F3"},{"r":"19","t":"06:54:17","h":"Ouest","s":"25N-H58N400F-80-F4"},{"r":"19","t":"06:54:17","h":"Ouest","s":"25N-H58NV10I-80-I"},{"r":"19","t":"06:54:17","h":"Ouest","s":"25N-H58NV20I-80-I"},{"r":"19","t":"06:54:17","h":"Ouest","s":"25S-H58S000I-80-I"},{"r":"19","t":"06:54:17","h":"Ouest","s":"25S-H58S100F-80-F1"},{"r":"19","t":"06:54:17","h":"Ouest","s":"25S-H58S200F-80-F2"},{"r":"19","t":"06:54:28","h":"Ouest","s":"25N-H58N000S-80-S"},{"r":"19","t":"06:54:28","h":"Ouest","s":"25N-H58NV10S-80-S"},{"r":"19","t":"06:54:28","h":"Ouest","s":"25N-H58NV20S-80-S"},{"r":"19","t":"06:54:28","h":"Ouest","s":"25S-H58S000S-80-S"},{"r":"19","t":"07:14:17","h":"Ouest","s":"25N-H58N000A-80-A"},{"r":"19","t":"07:14:17","h":"Ouest","s":"25N-H58NV10A-80-A"},{"r":"19","t":"07:14:17","h":"Ouest","s":"25N-H58NV20A-80-A"},{"r":"19","t":"07:14:17","h":"Ouest","s":"25S-H58S000A-80-A"},{"r":"19","t":"07:15:17","h":"Ouest","s":"25N-H58N000I-80-I"},{"r":"19","t":"07:15:17","h":"Ouest","s":"25N-H58N100F-80-F1"},{"r":"19","t":"07:15:17","h":"Ouest","s":"25N-H58N200F-80-F2"},{"r":"19","t":"07:15:17","h":"Ouest","s":"25N-H58N300F-80-F3"},{"r":"19","t":"07:15:17","h":"Ouest","s":"25N-H58N400F-80-F4"},{"r":"19","t":"07:15:17","h":"Ouest","s":"25N-H58NV10I-80-I"},{"r":"19","t":"07:15:17","h":"Ouest","s":"25N-H58NV20I-80-I"},{"r":"19","t":"07:15:17","h":"Ouest","s":"25S-H58S000I-80-I"},{"r":"19","t":"07:15:17","h":"Ouest","s":"25S-H58S100F-80-F1"},{"r":"19","t":"07:15:17","h":"Ouest","s":"25S-H58S200F-80-F2"},{"r":"19","t":"07:18:28","h":"Ouest","s":"25N-H58N000S-80-S"},{"r":"19","t":"07:18:28","h":"Ouest","s":"25N-H58NV10S-80-S"},{"r":"19","t":"07:18:28","h":"Ouest","s":"25N-H58NV20S-80-S"},{"r":"19","t":"07:18:28","h":"Ouest","s":"25S-H58S000S-80-S"},{"r":"19","t":"07:36:17","h":"Ouest","s":"25N-H58N000A-80-A"},{"r":"19","t":"07:36:17","h":"Ouest","s":"25N-H58N000I-80-I"},{"r":"19","t":"07:36:17","h":"Ouest","s":"25N-H58N100F-80-F1"},{"r":"19","t":"07:36:17","h":"Ouest","s":"25N-H58N200F-80-F2"},{"r":"19","t":"07:36:17","h":"Ouest","s":"25N-H58N300F-80-F3"},{"r":"19","t":"07:36:17","h":"Ouest","s":"25N-H58N400F-80-F4"},{"r":"19","t":"07:36:17","h":"Ouest","s":"25N-H58NV10A-80-A"},{"r":"19","t":"07:36:17","h":"Ouest","s":"25N-H58NV10I-80-I"},{"r":"19","t":"07:36:17","h":"Ouest","s":"25N-H58NV20A-80-A"},{"r":"19","t":"07:36:17","h":"Ouest","s":"25N-H58NV20I-80-I"},{"r":"19","t":"07:36:17","h":"Ouest","s":"25S-H58S000A-80-A"},{"r":"19","t":"07:36:17","h":"Ouest","s":"25S-H58S000I-80-I"},{"r":"19","t":"07:36:17","h":"Ouest","s":"25S-H58S100F-80-F1"},{"r":"19","t":"07:36:17","h":"Ouest","s":"25S-H58S200F-80-F2"},{"r":"19","t":"07:38:28","h":"Ouest","s":"25N-H58N000S-80-S"},{"r":"19","t":"07:38:28","h":"Ouest","s":"25N-H58NV10S-80-S"},{"r":"19","t":"07:38:28","h":"Ouest","s":"25N-H58NV20S-80-S"},{"r":"19","t":"07:38:28","h":"Ouest","s":"25S-H58S000S-80-S"},{"r":"19","t":"07:57:17","h":"Ouest","s":"25N-H58N000A-80-A"},{"r":"19","t":"07:57:17","h":"Ouest","s":"25N-H58NV10A-80-A"},{"r":"19","t":"07:57:17","h":"Ouest","s":"25N-H58NV20A-80-A"},{"r":"19","t":"07:57:17","h":"Ouest","s":"25S-H58S000A-80-A"},{"r":"19","t":"07:58:17","h":"Ouest","s":"25N-H58N000I-80-I"},{"r":"19","t":"07:58:17","h":"Ouest","s":"25N-H58N100F-80-F1"},{"r":"19","t":"07:58:17","h":"Ouest","s":"25N-H58N200F-80-F2"},{"r":"19","t":"07:58:17","h":"Ouest","s":"25N-H58N300F-80-F3"},{"r":"19","t":"07:58:17","h":"Ouest","s":"25N-H58N400F-80-F4"},{"r":"19","t":"07:58:17","h":"Ouest","s":"25N-H58NV10I-80-I"},{"r":"19","t":"07:58:17","h":"Ouest","s":"25N-H58NV20I-80-I"},{"r":"19","t":"07:58:17","h":"Ouest","s":"25S-H58S000I-80-I"},{"r":"19","t":"07:58:17","h":"Ouest","s":"25S-H58S100F-80-F1"},{"r":"19","t":"07:58:17","h":"Ouest","s":"25S-H58S200F-80-F2"},{"r":"19","t":"08:01:28","h":"Ouest","s":"25N-H58N000S-80-S"},{"r":"19","t":"08:01:28","h":"Ouest","s":"25N-H58NV10S-80-S"},{"r":"19","t":"08:01:28","h":"Ouest","s":"25N-H58NV20S-80-S"},{"r":"19","t":"08:01:28","h":"Ouest","s":"25S-H58S000S-80-S"},{"r":"19","t":"08:19:17","h":"Ouest","s":"25N-H58N000A-80-A"},{"r":"19","t":"08:19:17","h":"Ouest","s":"25N-H58NV10A-80-A"},{"r":"19","t":"08:19:17","h":"Ouest","s":"25N-H58NV20A-80-A"},{"r":"19","t":"08:19:17","h":"Ouest","s":"25S-H58S000A-80-A"},{"r":"19","t":"08:20:17","h":"Ouest","s":"25N-H58N000I-80-I"},{"r":"19","t":"08:20:17","h":"Ouest","s":"25N-H58N100F-80-F1"},{"r":"19","t":"08:20:17","h":"Ouest","s":"25N-H58N200F-80-F2"},{"r":"19","t":"08:20:17","h":"Ouest","s":"25N-H58N300F-80-F3"},{"r":"19","t":"08:20:17","h":"Ouest","s":"25N-H58N400F-80-F4"},{"r":"19","t":"08:20:17","h":"Ouest","s":"25N-H58NV10I-80-I"},{"r":"19","t":"08:20:17","h":"Ouest","s":"25N-H58NV20I-80-I"},{"r":"19","t":"08:20:17","h":"Ouest","s":"25S-H58S000I-80-I"},{"r":"19","t":"08:20:17","h":"Ouest","s":"25S-H58S100F-80-F1"},{"r":"19","t":"08:20:17","h":"Ouest","s":"25S-H58S200F-80-F2"},{"r":"19","t":"08:24:28","h":"Ouest","s":"25N-H58N000S-80-S"},{"r":"19","t":"08:24:28","h":"Ouest","s":"25N-H58NV10S-80-S"},{"r":"19","t":"08:24:28","h":"Ouest","s":"25N-H58NV20S-80-S"},{"r":"19","t":"08:24:28","h":"Ouest","s":"25S-H58S000S-80-S"},{"r":"19","t":"08:38:17","h":"Ouest","s":"25N-H58N000A-80-A"},{"r":"19","t":"08:38:17","h":"Ouest","s":"25N-H58NV10A-80-A"},{"r":"19","t":"08:38:17","h":"Ouest","s":"25N-H58NV20A-80-A"},{"r":"19","t":"08:38:17","h":"Ouest","s":"25S-H58S000A-80-A"},{"r":"19","t":"08:41:17","h":"Ouest","s":"25N-H58N000I-80-I"},{"r":"19","t":"08:41:17","h":"Ouest","s":"25N-H58N100F-80-F1"},{"r":"19","t":"08:41:17","h":"Ouest","s":"25N-H58N200F-80-F2"},{"r":"19","t":"08:41:17","h":"Ouest","s":"25N-H58N300F-80-F3"},{"r":"19","t":"08:41:17","h":"Ouest","s":"25N-H58N400F-80-F4"},{"r":"19","t":"08:41:17","h":"Ouest","s":"25N-H58NV10I-80-I"},{"r":"19","t":"08:41:17","h":"Ouest","s":"25N-H58NV20I-80-I"},{"r":"19","t":"08:41:17","h":"Ouest","s":"25S-H58S000I-80-I"},{"r":"19","t":"08:41:17","h":"Ouest","s":"25S-H58S100F-80-F1"},{"r":"19","t":"08:41:17","h":"Ouest","s":"25S-H58S200F-80-F2"},{"r":"19","t":"08:47:28","h":"Ouest","s":"25N-H58N000S-80-S"},{"r":"19","t":"08:47:28","h":"Ouest","s":"25N-H58NV10S-80-S"},{"r":"19","t":"08:47:28","h":"Ouest","s":"25N-H58NV20S-80-S"},{"r":"19","t":"08:47:28","h":"Ouest","s":"25S-H58S000S-80-S"},{"r":"19","t":"09:00:17","h":"Ouest","s":"25N-H58N000A-80-A"},{"r":"19","t":"09:00:17","h":"Ouest","s":"25N-H58NV10A-80-A"},{"r":"19","t":"09:00:17","h":"Ouest","s":"25N-H58NV20A-80-A"},{"r":"19","t":"09:00:17","h":"Ouest","s":"25S-H58S000A-80-A"},{"r":"19","t":"09:03:17","h":"Ouest","s":"25N-H58N000I-80-I"},{"r":"19","t":"09:03:17","h":"Ouest","s":"25N-H58N100F-80-F1"},{"r":"19","t":"09:03:17","h":"Ouest","s":"25N-H58N200F-80-F2"},{"r":"19","t":"09:03:17","h":"Ouest","s":"25N-H58N300F-80-F3"},{"r":"19","t":"09:03:17","h":"Ouest","s":"25N-H58N400F-80-F4"},{"r":"19","t":"09:03:17","h":"Ouest","s":"25N-H58NV10I-80-I"},{"r":"19","t":"09:03:17","h":"Ouest","s":"25N-H58NV20I-80-I"},{"r":"19","t":"09:03:17","h":"Ouest","s":"25S-H58S000I-80-I"},{"r":"19","t":"09:03:17","h":"Ouest","s":"25S-H58S100F-80-F1"},{"r":"19","t":"09:03:17","h":"Ouest","s":"25S-H58S200F-80-F2"},{"r":"19","t":"09:08:39","h":"Ouest","s":"25N-H58N000S-80-S"},{"r":"19","t":"09:08:39","h":"Ouest","s":"25N-H58NV10S-80-S"},{"r":"19","t":"09:08:39","h":"Ouest","s":"25N-H58NV20S-80-S"},{"r":"19","t":"09:08:39","h":"Ouest","s":"25S-H58S000S-80-S"},{"r":"19","t":"09:19:17","h":"Ouest","s":"25N-H58N000A-80-A"},{"r":"19","t":"09:19:17","h":"Ouest","s":"25N-H58NV10A-80-A"},{"r":"19","t":"09:19:17","h":"Ouest","s":"25N-H58NV20A-80-A"},{"r":"19","t":"09:19:17","h":"Ouest","s":"25S-H58S000A-80-A"},{"r":"19","t":"09:24:17","h":"Ouest","s":"25N-H58N000I-80-I"},{"r":"19","t":"09:24:17","h":"Ouest","s":"25N-H58N100F-80-F1"},{"r":"19","t":"09:24:17","h":"Ouest","s":"25N-H58N200F-80-F2"},{"r":"19","t":"09:24:17","h":"Ouest","s":"25N-H58N300F-80-F3"},{"r":"19","t":"09:24:17","h":"Ouest","s":"25N-H58N400F-80-F4"},{"r":"19","t":"09:24:17","h":"Ouest","s":"25N-H58NV10I-80-I"},{"r":"19","t":"09:24:17","h":"Ouest","s":"25N-H58NV20I-80-I"},{"r":"19","t":"09:24:17","h":"Ouest","s":"25S-H58S000I-80-I"},{"r":"19","t":"09:24:17","h":"Ouest","s":"25S-H58S100F-80-F1"},{"r":"19","t":"09:24:17","h":"Ouest","s":"25S-H58S200F-80-F2"},{"r":"19","t":"09:30:39","h":"Ouest","s":"25N-H58N000S-80-S"},{"r":"19","t":"09:30:39","h":"Ouest","s":"25N-H58NV10S-80-S"},{"r":"19","t":"09:30:39","h":"Ouest","s":"25N-H58NV20S-80-S"},{"r":"19","t":"09:30:39","h":"Ouest","s":"25S-H58S000S-80-S"},{"r":"19","t":"09:41:17","h":"Ouest","s":"25N-H58N000A-80-A"},{"r":"19","t":"09:41:17","h":"Ouest","s":"25N-H58NV10A-80-A"},{"r":"19","t":"09:41:17","h":"Ouest","s":"25N-H58NV20A-80-A"},{"r":"19","t":"09:41:17","h":"Ouest","s":"25S-H58S000A-80-A"},{"r":"19","t":"09:46:17","h":"Ouest","s":"25N-H58N000I-80-I"},{"r":"19","t":"09:46:17","h":"Ouest","s":"25N-H58N100F-80-F1"},{"r":"19","t":"09:46:17","h":"Ouest","s":"25N-H58N200F-80-F2"},{"r":"19","t":"09:46:17","h":"Ouest","s":"25N-H58N300F-80-F3"},{"r":"19","t":"09:46:17","h":"Ouest","s":"25N-H58N400F-80-F4"},{"r":"19","t":"09:46:17","h":"Ouest","s":"25N-H58NV10I-80-I"},{"r":"19","t":"09:46:17","h":"Ouest","s":"25N-H58NV20I-80-I"},{"r":"19","t":"09:46:17","h":"Ouest","s":"25S-H58S000I-80-I"},{"r":"19","t":"09:46:17","h":"Ouest","s":"25S-H58S100F-80-F1"},{"r":"19","t":"09:46:17","h":"Ouest","s":"25S-H58S200F-80-F2"},{"r":"19","t":"09:52:39","h":"Ouest","s":"25N-H58N000S-80-S"},{"r":"19","t":"09:52:39","h":"Ouest","s":"25N-H58NV10S-80-S"},{"r":"19","t":"09:52:39","h":"Ouest","s":"25N-H58NV20S-80-S"},{"r":"19","t":"09:52:39","h":"Ouest","s":"25S-H58S000S-80-S"},{"r":"19","t":"10:00:28","h":"Ouest","s":"25N-H58N000A-80-A"},{"r":"19","t":"10:00:28","h":"Ouest","s":"25N-H58NV10A-80-A"},{"r":"19","t":"10:00:28","h":"Ouest","s":"25N-H58NV20A-80-A"},{"r":"19","t":"10:00:28","h":"Ouest","s":"25S-H58S000A-80-A"},{"r":"19","t":"10:07:17","h":"Ouest","s":"25N-H58N000I-80-I"},{"r":"19","t":"10:07:17","h":"Ouest","s":"25N-H58N100F-80-F1"},{"r":"19","t":"10:07:17","h":"Ouest","s":"25N-H58N200F-80-F2"},{"r":"19","t":"10:07:17","h":"Ouest","s":"25N-H58N300F-80-F3"},{"r":"19","t":"10:07:17","h":"Ouest","s":"25N-H58N400F-80-F4"},{"r":"19","t":"10:07:17","h":"Ouest","s":"25N-H58NV10I-80-I"},{"r":"19","t":"10:07:17","h":"Ouest","s":"25N-H58NV20I-80-I"},{"r":"19","t":"10:07:17","h":"Ouest","s":"25S-H58S000I-80-I"},{"r":"19","t":"10:07:17","h":"Ouest","s":"25S-H58S100F-80-F1"},{"r":"19","t":"10:07:17","h":"Ouest","s":"25S-H58S200F-80-F2"},{"r":"19","t":"10:13:39","h":"Ouest","s":"25N-H58N000S-80-S"},{"r":"19","t":"10:13:39","h":"Ouest","s":"25N-H58NV10S-80-S"},{"r":"19","t":"10:13:39","h":"Ouest","s":"25N-H58NV20S-80-S"},{"r":"19","t":"10:13:39","h":"Ouest","s":"25S-H58S000S-80-S"},{"r":"19","t":"10:21:28","h":"Ouest","s":"25N-H58N000A-80-A"},{"r":"19","t":"10:21:28","h":"Ouest","s":"25N-H58NV10A-80-A"},{"r":"19","t":"10:21:28","h":"Ouest","s":"25N-H58NV20A-80-A"},{"r":"19","t":"10:21:28","h":"Ouest","s":"25S-H58S000A-80-A"},{"r":"19","t":"10:28:28","h":"Ouest","s":"25N-H58N000I-80-I"},{"r":"19","t":"10:28:28","h":"Ouest","s":"25N-H58N100F-80-F1"},{"r":"19","t":"10:28:28","h":"Ouest","s":"25N-H58N200F-80-F2"},{"r":"19","t":"10:28:28","h":"Ouest","s":"25N-H58N300F-80-F3"},{"r":"19","t":"10:28:28","h":"Ouest","s":"25N-H58N400F-80-F4"},{"r":"19","t":"10:28:28","h":"Ouest","s":"25N-H58NV10I-80-I"},{"r":"19","t":"10:28:28","h":"Ouest","s":"25N-H58NV20I-80-I"},{"r":"19","t":"10:28:28","h":"Ouest","s":"25S-H58S000I-80-I"},{"r":"19","t":"10:28:28","h":"Ouest","s":"25S-H58S100F-80-F1"},{"r":"19","t":"10:28:28","h":"Ouest","s":"25S-H58S200F-80-F2"},{"r":"19","t":"10:35:39","h":"Ouest","s":"25N-H58N000S-80-S"},{"r":"19","t":"10:35:39","h":"Ouest","s":"25N-H58NV10S-80-S"},{"r":"19","t":"10:35:39","h":"Ouest","s":"25N-H58NV20S-80-S"},{"r":"19","t":"10:35:39","h":"Ouest","s":"25S-H58S000S-80-S"},{"r":"19","t":"10:40:28","h":"Ouest","s":"25N-H58N000A-80-A"},{"r":"19","t":"10:40:28","h":"Ouest","s":"25N-H58NV10A-80-A"},{"r":"19","t":"10:40:28","h":"Ouest","s":"25N-H58NV20A-80-A"},{"r":"19","t":"10:40:28","h":"Ouest","s":"25S-H58S000A-80-A"},{"r":"19","t":"10:49:28","h":"Ouest","s":"25N-H58N000I-80-I"},{"r":"19","t":"10:49:28","h":"Ouest","s":"25N-H58N100F-80-F1"},{"r":"19","t":"10:49:28","h":"Ouest","s":"25N-H58N200F-80-F2"},{"r":"19","t":"10:49:28","h":"Ouest","s":"25N-H58N300F-80-F3"},{"r":"19","t":"10:49:28","h":"Ouest","s":"25N-H58N400F-80-F4"},{"r":"19","t":"10:49:28","h":"Ouest","s":"25N-H58NV10I-80-I"},{"r":"19","t":"10:49:28","h":"Ouest","s":"25N-H58NV20I-80-I"},{"r":"19","t":"10:49:28","h":"Ouest","s":"25S-H58S000I-80-I"},{"r":"19","t":"10:49:28","h":"Ouest","s":"25S-H58S100F-80-F1"},{"r":"19","t":"10:49:28","h":"Ouest","s":"25S-H58S200F-80-F2"},{"r":"19","t":"10:56:39","h":"Ouest","s":"25N-H58N000S-80-S"},{"r":"19","t":"10:56:39","h":"Ouest","s":"25N-H58NV10S-80-S"},{"r":"19","t":"10:56:39","h":"Ouest","s":"25N-H58NV20S-80-S"},{"r":"19","t":"10:56:39","h":"Ouest","s":"25S-H58S000S-80-S"},{"r":"19","t":"11:01:28","h":"Ouest","s":"25N-H58N000A-80-A"},{"r":"19","t":"11:01:28","h":"Ouest","s":"25N-H58NV10A-80-A"},{"r":"19","t":"11:01:28","h":"Ouest","s":"25N-H58NV20A-80-A"},{"r":"19","t":"11:01:28","h":"Ouest","s":"25S-H58S000A-80-A"},{"r":"19","t":"11:10:28","h":"Ouest","s":"25N-H58N000I-80-I"},{"r":"19","t":"11:10:28","h":"Ouest","s":"25N-H58N100F-80-F1"},{"r":"19","t":"11:10:28","h":"Ouest","s":"25N-H58N200F-80-F2"},{"r":"19","t":"11:10:28","h":"Ouest","s":"25N-H58N300F-80-F3"},{"r":"19","t":"11:10:28","h":"Ouest","s":"25N-H58N400F-80-F4"},{"r":"19","t":"11:10:28","h":"Ouest","s":"25N-H58NV10I-80-I"},{"r":"19","t":"11:10:28","h":"Ouest","s":"25N-H58NV20I-80-I"},{"r":"19","t":"11:10:28","h":"Ouest","s":"25S-H58S000I-80-I"},{"r":"19","t":"11:10:28","h":"Ouest","s":"25S-H58S100F-80-F1"},{"r":"19","t":"11:10:28","h":"Ouest","s":"25S-H58S200F-80-F2"},{"r":"19","t":"11:18:39","h":"Ouest","s":"25N-H58N000S-80-S"},{"r":"19","t":"11:18:39","h":"Ouest","s":"25N-H58NV10S-80-S"},{"r":"19","t":"11:18:39","h":"Ouest","s":"25N-H58NV20S-80-S"},{"r":"19","t":"11:18:39","h":"Ouest","s":"25S-H58S000S-80-S"},{"r":"19","t":"11:22:28","h":"Ouest","s":"25N-H58N000A-80-A"},{"r":"19","t":"11:22:28","h":"Ouest","s":"25N-H58NV10A-80-A"},{"r":"19","t":"11:22:28","h":"Ouest","s":"25N-H58NV20A-80-A"},{"r":"19","t":"11:22:28","h":"Ouest","s":"25S-H58S000A-80-A"},{"r":"19","t":"11:31:28","h":"Ouest","s":"25N-H58N000I-80-I"},{"r":"19","t":"11:31:28","h":"Ouest","s":"25N-H58N100F-80-F1"},{"r":"19","t":"11:31:28","h":"Ouest","s":"25N-H58N200F-80-F2"},{"r":"19","t":"11:31:28","h":"Ouest","s":"25N-H58N300F-80-F3"},{"r":"19","t":"11:31:28","h":"Ouest","s":"25N-H58N400F-80-F4"},{"r":"19","t":"11:31:28","h":"Ouest","s":"25N-H58NV10I-80-I"},{"r":"19","t":"11:31:28","h":"Ouest","s":"25N-H58NV20I-80-I"},{"r":"19","t":"11:31:28","h":"Ouest","s":"25S-H58S000I-80-I"},{"r":"19","t":"11:31:28","h":"Ouest","s":"25S-H58S100F-80-F1"},{"r":"19","t":"11:31:28","h":"Ouest","s":"25S-H58S200F-80-F2"},{"r":"19","t":"11:39:39","h":"Ouest","s":"25N-H58N000S-80-S"},{"r":"19","t":"11:39:39","h":"Ouest","s":"25N-H58NV10S-80-S"},{"r":"19","t":"11:39:39","h":"Ouest","s":"25N-H58NV20S-80-S"},{"r":"19","t":"11:39:39","h":"Ouest","s":"25S-H58S000S-80-S"},{"r":"19","t":"11:43:28","h":"Ouest","s":"25N-H58N000A-80-A"},{"r":"19","t":"11:43:28","h":"Ouest","s":"25N-H58NV10A-80-A"},{"r":"19","t":"11:43:28","h":"Ouest","s":"25N-H58NV20A-80-A"},{"r":"19","t":"11:43:28","h":"Ouest","s":"25S-H58S000A-80-A"},{"r":"19","t":"11:52:28","h":"Ouest","s":"25N-H58N000I-80-I"},{"r":"19","t":"11:52:28","h":"Ouest","s":"25N-H58N100F-80-F1"},{"r":"19","t":"11:52:28","h":"Ouest","s":"25N-H58N200F-80-F2"},{"r":"19","t":"11:52:28","h":"Ouest","s":"25N-H58N300F-80-F3"},{"r":"19","t":"11:52:28","h":"Ouest","s":"25N-H58N400F-80-F4"},{"r":"19","t":"11:52:28","h":"Ouest","s":"25N-H58NV10I-80-I"},{"r":"19","t":"11:52:28","h":"Ouest","s":"25N-H58NV20I-80-I"},{"r":"19","t":"11:52:28","h":"Ouest","s":"25S-H58S000I-80-I"},{"r":"19","t":"11:52:28","h":"Ouest","s":"25S-H58S100F-80-F1"},{"r":"19","t":"11:52:28","h":"Ouest","s":"25S-H58S200F-80-F2"},{"r":"19","t":"12:01:39","h":"Ouest","s":"25N-H58N000S-80-S"},{"r":"19","t":"12:01:39","h":"Ouest","s":"25N-H58NV10S-80-S"},{"r":"19","t":"12:01:39","h":"Ouest","s":"25N-H58NV20S-80-S"},{"r":"19","t":"12:01:39","h":"Ouest","s":"25S-H58S000S-80-S"},{"r":"19","t":"12:04:28","h":"Ouest","s":"25N-H58N000A-80-A"},{"r":"19","t":"12:04:28","h":"Ouest","s":"25N-H58NV10A-80-A"},{"r":"19","t":"12:04:28","h":"Ouest","s":"25N-H58NV20A-80-A"},{"r":"19","t":"12:04:28","h":"Ouest","s":"25S-H58S000A-80-A"},{"r":"19","t":"12:13:28","h":"Ouest","s":"25N-H58N000I-80-I"},{"r":"19","t":"12:13:28","h":"Ouest","s":"25N-H58N100F-80-F1"},{"r":"19","t":"12:13:28","h":"Ouest","s":"25N-H58N200F-80-F2"},{"r":"19","t":"12:13:28","h":"Ouest","s":"25N-H58N300F-80-F3"},{"r":"19","t":"12:13:28","h":"Ouest","s":"25N-H58N400F-80-F4"},{"r":"19","t":"12:13:28","h":"Ouest","s":"25N-H58NV10I-80-I"},{"r":"19","t":"12:13:28","h":"Ouest","s":"25N-H58NV20I-80-I"},{"r":"19","t":"12:13:28","h":"Ouest","s":"25S-H58S000I-80-I"},{"r":"19","t":"12:13:28","h":"Ouest","s":"25S-H58S100F-80-F1"},{"r":"19","t":"12:13:28","h":"Ouest","s":"25S-H58S200F-80-F2"},{"r":"19","t":"12:24:39","h":"Ouest","s":"25N-H58N000S-80-S"},{"r":"19","t":"12:24:39","h":"Ouest","s":"25N-H58NV10S-80-S"},{"r":"19","t":"12:24:39","h":"Ouest","s":"25N-H58NV20S-80-S"},{"r":"19","t":"12:24:39","h":"Ouest","s":"25S-H58S000S-80-S"},{"r":"19","t":"12:26:28","h":"Ouest","s":"25N-H58N000A-80-A"},{"r":"19","t":"12:26:28","h":"Ouest","s":"25N-H58NV10A-80-A"},{"r":"19","t":"12:26:28","h":"Ouest","s":"25N-H58NV20A-80-A"},{"r":"19","t":"12:26:28","h":"Ouest","s":"25S-H58S000A-80-A"},{"r":"19","t":"12:34:28","h":"Ouest","s":"25N-H58N000I-80-I"},{"r":"19","t":"12:34:28","h":"Ouest","s":"25N-H58N100F-80-F1"},{"r":"19","t":"12:34:28","h":"Ouest","s":"25N-H58N200F-80-F2"},{"r":"19","t":"12:34:28","h":"Ouest","s":"25N-H58N300F-80-F3"},{"r":"19","t":"12:34:28","h":"Ouest","s":"25N-H58N400F-80-F4"},{"r":"19","t":"12:34:28","h":"Ouest","s":"25N-H58NV10I-80-I"},{"r":"19","t":"12:34:28","h":"Ouest","s":"25N-H58NV20I-80-I"},{"r":"19","t":"12:34:28","h":"Ouest","s":"25S-H58S000I-80-I"},{"r":"19","t":"12:34:28","h":"Ouest","s":"25S-H58S100F-80-F1"},{"r":"19","t":"12:34:28","h":"Ouest","s":"25S-H58S200F-80-F2"},{"r":"19","t":"12:45:39","h":"Ouest","s":"25N-H58N000S-80-S"},{"r":"19","t":"12:45:39","h":"Ouest","s":"25N-H58NV10S-80-S"},{"r":"19","t":"12:45:39","h":"Ouest","s":"25N-H58NV20S-80-S"},{"r":"19","t":"12:45:39","h":"Ouest","s":"25S-H58S000S-80-S"},{"r":"19","t":"12:50:28","h":"Ouest","s":"25N-H58N000A-80-A"},{"r":"19","t":"12:50:28","h":"Ouest","s":"25N-H58NV10A-80-A"},{"r":"19","t":"12:50:28","h":"Ouest","s":"25N-H58NV20A-80-A"},{"r":"19","t":"12:50:28","h":"Ouest","s":"25S-H58S000A-80-A"},{"r":"19","t":"12:55:28","h":"Ouest","s":"25N-H58N000I-80-I"},{"r":"19","t":"12:55:28","h":"Ouest","s":"25N-H58N100F-80-F1"},{"r":"19","t":"12:55:28","h":"Ouest","s":"25N-H58N200F-80-F2"},{"r":"19","t":"12:55:28","h":"Ouest","s":"25N-H58N300F-80-F3"},{"r":"19","t":"12:55:28","h":"Ouest","s":"25N-H58N400F-80-F4"},{"r":"19","t":"12:55:28","h":"Ouest","s":"25N-H58NV10I-80-I"},{"r":"19","t":"12:55:28","h":"Ouest","s":"25N-H58NV20I-80-I"},{"r":"19","t":"12:55:28","h":"Ouest","s":"25S-H58S000I-80-I"},{"r":"19","t":"12:55:28","h":"Ouest","s":"25S-H58S100F-80-F1"},{"r":"19","t":"12:55:28","h":"Ouest","s":"25S-H58S200F-80-F2"},{"r":"19","t":"13:07:39","h":"Ouest","s":"25N-H58N000S-80-S"},{"r":"19","t":"13:07:39","h":"Ouest","s":"25N-H58NV10S-80-S"},{"r":"19","t":"13:07:39","h":"Ouest","s":"25N-H58NV20S-80-S"},{"r":"19","t":"13:07:39","h":"Ouest","s":"25S-H58S000S-80-S"},{"r":"19","t":"13:12:28","h":"Ouest","s":"25N-H58N000A-80-A"},{"r":"19","t":"13:12:28","h":"Ouest","s":"25N-H58NV10A-80-A"},{"r":"19","t":"13:12:28","h":"Ouest","s":"25N-H58NV20A-80-A"},{"r":"19","t":"13:12:28","h":"Ouest","s":"25S-H58S000A-80-A"},{"r":"19","t":"13:17:28","h":"Ouest","s":"25N-H58N000I-80-I"},{"r":"19","t":"13:17:28","h":"Ouest","s":"25N-H58N100F-80-F1"},{"r":"19","t":"13:17:28","h":"Ouest","s":"25N-H58N200F-80-F2"},{"r":"19","t":"13:17:28","h":"Ouest","s":"25N-H58N300F-80-F3"},{"r":"19","t":"13:17:28","h":"Ouest","s":"25N-H58N400F-80-F4"},{"r":"19","t":"13:17:28","h":"Ouest","s":"25N-H58NV10I-80-I"},{"r":"19","t":"13:17:28","h":"Ouest","s":"25N-H58NV20I-80-I"},{"r":"19","t":"13:17:28","h":"Ouest","s":"25S-H58S000I-80-I"},{"r":"19","t":"13:17:28","h":"Ouest","s":"25S-H58S100F-80-F1"},{"r":"19","t":"13:17:28","h":"Ouest","s":"25S-H58S200F-80-F2"},{"r":"19","t":"13:29:39","h":"Ouest","s":"25N-H58N000S-80-S"},{"r":"19","t":"13:29:39","h":"Ouest","s":"25N-H58NV10S-80-S"},{"r":"19","t":"13:29:39","h":"Ouest","s":"25N-H58NV20S-80-S"},{"r":"19","t":"13:29:39","h":"Ouest","s":"25S-H58S000S-80-S"},{"r":"19","t":"13:35:28","h":"Ouest","s":"25N-H58N000A-80-A"},{"r":"19","t":"13:35:28","h":"Ouest","s":"25N-H58NV10A-80-A"},{"r":"19","t":"13:35:28","h":"Ouest","s":"25N-H58NV20A-80-A"},{"r":"19","t":"13:35:28","h":"Ouest","s":"25S-H58S000A-80-A"},{"r":"19","t":"13:38:28","h":"Ouest","s":"25N-H58N000I-80-I"},{"r":"19","t":"13:38:28","h":"Ouest","s":"25N-H58N100F-80-F1"},{"r":"19","t":"13:38:28","h":"Ouest","s":"25N-H58N200F-80-F2"},{"r":"19","t":"13:38:28","h":"Ouest","s":"25N-H58N300F-80-F3"},{"r":"19","t":"13:38:28","h":"Ouest","s":"25N-H58N400F-80-F4"},{"r":"19","t":"13:38:28","h":"Ouest","s":"25N-H58NV10I-80-I"},{"r":"19","t":"13:38:28","h":"Ouest","s":"25N-H58NV20I-80-I"},{"r":"19","t":"13:38:28","h":"Ouest","s":"25S-H58S000I-80-I"},{"r":"19","t":"13:38:28","h":"Ouest","s":"25S-H58S100F-80-F1"},{"r":"19","t":"13:38:28","h":"Ouest","s":"25S-H58S200F-80-F2"},{"r":"19","t":"13:50:39","h":"Ouest","s":"25N-H58N000S-80-S"},{"r":"19","t":"13:50:39","h":"Ouest","s":"25N-H58NV10S-80-S"},{"r":"19","t":"13:50:39","h":"Ouest","s":"25N-H58NV20S-80-S"},{"r":"19","t":"13:50:39","h":"Ouest","s":"25S-H58S000S-80-S"},{"r":"19","t":"13:58:28","h":"Ouest","s":"25N-H58N000A-80-A"},{"r":"19","t":"13:58:28","h":"Ouest","s":"25N-H58NV10A-80-A"},{"r":"19","t":"13:58:28","h":"Ouest","s":"25N-H58NV20A-80-A"},{"r":"19","t":"13:58:28","h":"Ouest","s":"25S-H58S000A-80-A"},{"r":"19","t":"13:59:28","h":"Ouest","s":"25N-H58N000I-80-I"},{"r":"19","t":"13:59:28","h":"Ouest","s":"25N-H58N100F-80-F1"},{"r":"19","t":"13:59:28","h":"Ouest","s":"25N-H58N200F-80-F2"},{"r":"19","t":"13:59:28","h":"Ouest","s":"25N-H58N300F-80-F3"},{"r":"19","t":"13:59:28","h":"Ouest","s":"25N-H58N400F-80-F4"},{"r":"19","t":"13:59:28","h":"Ouest","s":"25N-H58NV10I-80-I"},{"r":"19","t":"13:59:28","h":"Ouest","s":"25N-H58NV20I-80-I"},{"r":"19","t":"13:59:28","h":"Ouest","s":"25S-H58S000I-80-I"},{"r":"19","t":"13:59:28","h":"Ouest","s":"25S-H58S100F-80-F1"},{"r":"19","t":"13:59:28","h":"Ouest","s":"25S-H58S200F-80-F2"},{"r":"19","t":"14:12:39","h":"Ouest","s":"25N-H58N000S-80-S"},{"r":"19","t":"14:12:39","h":"Ouest","s":"25N-H58NV10S-80-S"},{"r":"19","t":"14:12:39","h":"Ouest","s":"25N-H58NV20S-80-S"},{"r":"19","t":"14:12:39","h":"Ouest","s":"25S-H58S000S-80-S"},{"r":"19","t":"14:20:28","h":"Ouest","s":"25N-H58N000A-80-A"},{"r":"19","t":"14:20:28","h":"Ouest","s":"25N-H58N000I-80-I"},{"r":"19","t":"14:20:28","h":"Ouest","s":"25N-H58N100F-80-F1"},{"r":"19","t":"14:20:28","h":"Ouest","s":"25N-H58N200F-80-F2"},{"r":"19","t":"14:20:28","h":"Ouest","s":"25N-H58N300F-80-F3"},{"r":"19","t":"14:20:28","h":"Ouest","s":"25N-H58N400F-80-F4"},{"r":"19","t":"14:20:28","h":"Ouest","s":"25N-H58NV10A-80-A"},{"r":"19","t":"14:20:28","h":"Ouest","s":"25N-H58NV10I-80-I"},{"r":"19","t":"14:20:28","h":"Ouest","s":"25N-H58NV20A-80-A"},{"r":"19","t":"14:20:28","h":"Ouest","s":"25N-H58NV20I-80-I"},{"r":"19","t":"14:20:28","h":"Ouest","s":"25S-H58S000A-80-A"},{"r":"19","t":"14:20:28","h":"Ouest","s":"25S-H58S000I-80-I"},{"r":"19","t":"14:20:28","h":"Ouest","s":"25S-H58S100F-80-F1"},{"r":"19","t":"14:20:28","h":"Ouest","s":"25S-H58S200F-80-F2"},{"r":"19","t":"14:32:39","h":"Ouest","s":"25N-H58N000S-80-S"},{"r":"19","t":"14:32:39","h":"Ouest","s":"25N-H58NV10S-80-S"},{"r":"19","t":"14:32:39","h":"Ouest","s":"25N-H58NV20S-80-S"},{"r":"19","t":"14:32:39","h":"Ouest","s":"25S-H58S000S-80-S"},{"r":"19","t":"14:42:28","h":"Ouest","s":"25N-H58N000I-80-I"},{"r":"19","t":"14:42:28","h":"Ouest","s":"25N-H58N100F-80-F1"},{"r":"19","t":"14:42:28","h":"Ouest","s":"25N-H58N200F-80-F2"},{"r":"19","t":"14:42:28","h":"Ouest","s":"25N-H58N300F-80-F3"},{"r":"19","t":"14:42:28","h":"Ouest","s":"25N-H58N400F-80-F4"},{"r":"19","t":"14:42:28","h":"Ouest","s":"25N-H58NV10I-80-I"},{"r":"19","t":"14:42:28","h":"Ouest","s":"25N-H58NV20I-80-I"},{"r":"19","t":"14:42:28","h":"Ouest","s":"25S-H58S000I-80-I"},{"r":"19","t":"14:42:28","h":"Ouest","s":"25S-H58S100F-80-F1"},{"r":"19","t":"14:42:28","h":"Ouest","s":"25S-H58S200F-80-F2"},{"r":"19","t":"14:43:28","h":"Ouest","s":"25N-H58N000A-80-A"},{"r":"19","t":"14:43:28","h":"Ouest","s":"25N-H58NV10A-80-A"},{"r":"19","t":"14:43:28","h":"Ouest","s":"25N-H58NV20A-80-A"},{"r":"19","t":"14:43:28","h":"Ouest","s":"25S-H58S000A-80-A"},{"r":"19","t":"14:55:39","h":"Ouest","s":"25N-H58N000S-80-S"},{"r":"19","t":"14:55:39","h":"Ouest","s":"25N-H58NV10S-80-S"},{"r":"19","t":"14:55:39","h":"Ouest","s":"25N-H58NV20S-80-S"},{"r":"19","t":"14:55:39","h":"Ouest","s":"25S-H58S000S-80-S"},{"r":"19","t":"15:03:28","h":"Ouest","s":"25N-H58N000I-80-I"},{"r":"19","t":"15:03:28","h":"Ouest","s":"25N-H58N100F-80-F1"},{"r":"19","t":"15:03:28","h":"Ouest","s":"25N-H58N200F-80-F2"},{"r":"19","t":"15:03:28","h":"Ouest","s":"25N-H58N300F-80-F3"},{"r":"19","t":"15:03:28","h":"Ouest","s":"25N-H58N400F-80-F4"},{"r":"19","t":"15:03:28","h":"Ouest","s":"25N-H58NV10I-80-I"},{"r":"19","t":"15:03:28","h":"Ouest","s":"25N-H58NV20I-80-I"},{"r":"19","t":"15:03:28","h":"Ouest","s":"25S-H58S000I-80-I"},{"r":"19","t":"15:03:28","h":"Ouest","s":"25S-H58S100F-80-F1"},{"r":"19","t":"15:03:28","h":"Ouest","s":"25S-H58S200F-80-F2"},{"r":"19","t":"15:05:28","h":"Ouest","s":"25N-H58N000A-80-A"},{"r":"19","t":"15:05:28","h":"Ouest","s":"25N-H58NV10A-80-A"},{"r":"19","t":"15:05:28","h":"Ouest","s":"25N-H58NV20A-80-A"},{"r":"19","t":"15:05:28","h":"Ouest","s":"25S-H58S000A-80-A"},{"r":"19","t":"15:17:39","h":"Ouest","s":"25N-H58N000S-80-S"},{"r":"19","t":"15:17:39","h":"Ouest","s":"25N-H58NV10S-80-S"},{"r":"19","t":"15:17:39","h":"Ouest","s":"25N-H58NV20S-80-S"},{"r":"19","t":"15:17:39","h":"Ouest","s":"25S-H58S000S-80-S"},{"r":"19","t":"15:25:28","h":"Ouest","s":"25N-H58N000I-80-I"},{"r":"19","t":"15:25:28","h":"Ouest","s":"25N-H58N100F-80-F1"},{"r":"19","t":"15:25:28","h":"Ouest","s":"25N-H58N200F-80-F2"},{"r":"19","t":"15:25:28","h":"Ouest","s":"25N-H58N300F-80-F3"},{"r":"19","t":"15:25:28","h":"Ouest","s":"25N-H58N400F-80-F4"},{"r":"19","t":"15:25:28","h":"Ouest","s":"25N-H58NV10I-80-I"},{"r":"19","t":"15:25:28","h":"Ouest","s":"25N-H58NV20I-80-I"},{"r":"19","t":"15:25:28","h":"Ouest","s":"25S-H58S000I-80-I"},{"r":"19","t":"15:25:28","h":"Ouest","s":"25S-H58S100F-80-F1"},{"r":"19","t":"15:25:28","h":"Ouest","s":"25S-H58S200F-80-F2"},{"r":"19","t":"15:28:28","h":"Ouest","s":"25N-H58N000A-80-A"},{"r":"19","t":"15:28:28","h":"Ouest","s":"25N-H58NV10A-80-A"},{"r":"19","t":"15:28:28","h":"Ouest","s":"25N-H58NV20A-80-A"},{"r":"19","t":"15:28:28","h":"Ouest","s":"25S-H58S000A-80-A"},{"r":"19","t":"15:41:39","h":"Ouest","s":"25N-H58N000S-80-S"},{"r":"19","t":"15:41:39","h":"Ouest","s":"25N-H58NV10S-80-S"},{"r":"19","t":"15:41:39","h":"Ouest","s":"25N-H58NV20S-80-S"},{"r":"19","t":"15:41:39","h":"Ouest","s":"25S-H58S000S-80-S"},{"r":"19","t":"15:47:28","h":"Ouest","s":"25N-H58N000I-80-I"},{"r":"19","t":"15:47:28","h":"Ouest","s":"25N-H58N100F-80-F1"},{"r":"19","t":"15:47:28","h":"Ouest","s":"25N-H58N200F-80-F2"},{"r":"19","t":"15:47:28","h":"Ouest","s":"25N-H58N300F-80-F3"},{"r":"19","t":"15:47:28","h":"Ouest","s":"25N-H58N400F-80-F4"},{"r":"19","t":"15:47:28","h":"Ouest","s":"25N-H58NV10I-80-I"},{"r":"19","t":"15:47:28","h":"Ouest","s":"25N-H58NV20I-80-I"},{"r":"19","t":"15:47:28","h":"Ouest","s":"25S-H58S000I-80-I"},{"r":"19","t":"15:47:28","h":"Ouest","s":"25S-H58S100F-80-F1"},{"r":"19","t":"15:47:28","h":"Ouest","s":"25S-H58S200F-80-F2"},{"r":"19","t":"15:50:28","h":"Ouest","s":"25N-H58N000A-80-A"},{"r":"19","t":"15:50:28","h":"Ouest","s":"25N-H58NV10A-80-A"},{"r":"19","t":"15:50:28","h":"Ouest","s":"25N-H58NV20A-80-A"},{"r":"19","t":"15:50:28","h":"Ouest","s":"25S-H58S000A-80-A"},{"r":"19","t":"16:03:39","h":"Ouest","s":"25N-H58N000S-80-S"},{"r":"19","t":"16:03:39","h":"Ouest","s":"25N-H58NV10S-80-S"},{"r":"19","t":"16:03:39","h":"Ouest","s":"25N-H58NV20S-80-S"},{"r":"19","t":"16:03:39","h":"Ouest","s":"25S-H58S000S-80-S"},{"r":"19","t":"16:08:28","h":"Ouest","s":"25N-H58N000I-80-I"},{"r":"19","t":"16:08:28","h":"Ouest","s":"25N-H58N100F-80-F1"},{"r":"19","t":"16:08:28","h":"Ouest","s":"25N-H58N200F-80-F2"},{"r":"19","t":"16:08:28","h":"Ouest","s":"25N-H58N300F-80-F3"},{"r":"19","t":"16:08:28","h":"Ouest","s":"25N-H58N400F-80-F4"},{"r":"19","t":"16:08:28","h":"Ouest","s":"25N-H58NV10I-80-I"},{"r":"19","t":"16:08:28","h":"Ouest","s":"25N-H58NV20I-80-I"},{"r":"19","t":"16:08:28","h":"Ouest","s":"25S-H58S000I-80-I"},{"r":"19","t":"16:08:28","h":"Ouest","s":"25S-H58S100F-80-F1"},{"r":"19","t":"16:08:28","h":"Ouest","s":"25S-H58S200F-80-F2"},{"r":"19","t":"16:12:17","h":"Ouest","s":"25N-H58N000A-80-A"},{"r":"19","t":"16:12:17","h":"Ouest","s":"25N-H58NV10A-80-A"},{"r":"19","t":"16:12:17","h":"Ouest","s":"25N-H58NV20A-80-A"},{"r":"19","t":"16:12:17","h":"Ouest","s":"25S-H58S000A-80-A"},{"r":"19","t":"16:27:28","h":"Ouest","s":"25N-H58N000S-80-S"},{"r":"19","t":"16:27:28","h":"Ouest","s":"25N-H58NV10S-80-S"},{"r":"19","t":"16:27:28","h":"Ouest","s":"25N-H58NV20S-80-S"},{"r":"19","t":"16:27:28","h":"Ouest","s":"25S-H58S000S-80-S"},{"r":"19","t":"16:30:28","h":"Ouest","s":"25N-H58N000I-80-I"},{"r":"19","t":"16:30:28","h":"Ouest","s":"25N-H58N100F-80-F1"},{"r":"19","t":"16:30:28","h":"Ouest","s":"25N-H58N200F-80-F2"},{"r":"19","t":"16:30:28","h":"Ouest","s":"25N-H58N300F-80-F3"},{"r":"19","t":"16:30:28","h":"Ouest","s":"25N-H58N400F-80-F4"},{"r":"19","t":"16:30:28","h":"Ouest","s":"25N-H58NV10I-80-I"},{"r":"19","t":"16:30:28","h":"Ouest","s":"25N-H58NV20I-80-I"},{"r":"19","t":"16:30:28","h":"Ouest","s":"25S-H58S000I-80-I"},{"r":"19","t":"16:30:28","h":"Ouest","s":"25S-H58S100F-80-F1"},{"r":"19","t":"16:30:28","h":"Ouest","s":"25S-H58S200F-80-F2"},{"r":"19","t":"16:34:17","h":"Ouest","s":"25N-H58N000A-80-A"},{"r":"19","t":"16:34:17","h":"Ouest","s":"25N-H58NV10A-80-A"},{"r":"19","t":"16:34:17","h":"Ouest","s":"25N-H58NV20A-80-A"},{"r":"19","t":"16:34:17","h":"Ouest","s":"25S-H58S000A-80-A"},{"r":"19","t":"16:48:28","h":"Ouest","s":"25N-H58N000S-80-S"},{"r":"19","t":"16:48:28","h":"Ouest","s":"25N-H58NV10S-80-S"},{"r":"19","t":"16:48:28","h":"Ouest","s":"25N-H58NV20S-80-S"},{"r":"19","t":"16:48:28","h":"Ouest","s":"25S-H58S000S-80-S"},{"r":"19","t":"16:50:06","h":"Ouest","s":"25N-H58N000I-80-I"},{"r":"19","t":"16:50:06","h":"Ouest","s":"25N-H58N100F-80-F1"},{"r":"19","t":"16:50:06","h":"Ouest","s":"25N-H58N200F-80-F2"},{"r":"19","t":"16:50:06","h":"Ouest","s":"25N-H58N300F-80-F3"},{"r":"19","t":"16:50:06","h":"Ouest","s":"25N-H58N400F-80-F4"},{"r":"19","t":"16:50:06","h":"Ouest","s":"25N-H58NV10I-80-I"},{"r":"19","t":"16:50:06","h":"Ouest","s":"25N-H58NV20I-80-I"},{"r":"19","t":"16:50:06","h":"Ouest","s":"25S-H58S000I-80-I"},{"r":"19","t":"16:50:06","h":"Ouest","s":"25S-H58S100F-80-F1"},{"r":"19","t":"16:50:06","h":"Ouest","s":"25S-H58S200F-80-F2"},{"r":"19","t":"16:55:17","h":"Ouest","s":"25N-H58N000A-80-A"},{"r":"19","t":"16:55:17","h":"Ouest","s":"25N-H58NV10A-80-A"},{"r":"19","t":"16:55:17","h":"Ouest","s":"25N-H58NV20A-80-A"},{"r":"19","t":"16:55:17","h":"Ouest","s":"25S-H58S000A-80-A"},{"r":"19","t":"17:11:28","h":"Ouest","s":"25N-H58N000S-80-S"},{"r":"19","t":"17:11:28","h":"Ouest","s":"25N-H58NV10S-80-S"},{"r":"19","t":"17:11:28","h":"Ouest","s":"25N-H58NV20S-80-S"},{"r":"19","t":"17:11:28","h":"Ouest","s":"25S-H58S000S-80-S"},{"r":"19","t":"17:12:06","h":"Ouest","s":"25N-H58N000I-80-I"},{"r":"19","t":"17:12:06","h":"Ouest","s":"25N-H58N100F-80-F1"},{"r":"19","t":"17:12:06","h":"Ouest","s":"25N-H58N200F-80-F2"},{"r":"19","t":"17:12:06","h":"Ouest","s":"25N-H58N300F-80-F3"},{"r":"19","t":"17:12:06","h":"Ouest","s":"25N-H58N400F-80-F4"},{"r":"19","t":"17:12:06","h":"Ouest","s":"25N-H58NV10I-80-I"},{"r":"19","t":"17:12:06","h":"Ouest","s":"25N-H58NV20I-80-I"},{"r":"19","t":"17:12:06","h":"Ouest","s":"25S-H58S000I-80-I"},{"r":"19","t":"17:12:06","h":"Ouest","s":"25S-H58S100F-80-F1"},{"r":"19","t":"17:12:06","h":"Ouest","s":"25S-H58S200F-80-F2"},{"r":"19","t":"17:17:17","h":"Ouest","s":"25N-H58N000A-80-A"},{"r":"19","t":"17:17:17","h":"Ouest","s":"25N-H58NV10A-80-A"},{"r":"19","t":"17:17:17","h":"Ouest","s":"25N-H58NV20A-80-A"},{"r":"19","t":"17:17:17","h":"Ouest","s":"25S-H58S000A-80-A"},{"r":"19","t":"17:33:06","h":"Ouest","s":"25N-H58N000I-80-I"},{"r":"19","t":"17:33:06","h":"Ouest","s":"25N-H58N100F-80-F1"},{"r":"19","t":"17:33:06","h":"Ouest","s":"25N-H58N200F-80-F2"},{"r":"19","t":"17:33:06","h":"Ouest","s":"25N-H58N300F-80-F3"},{"r":"19","t":"17:33:06","h":"Ouest","s":"25N-H58N400F-80-F4"},{"r":"19","t":"17:33:06","h":"Ouest","s":"25N-H58NV10I-80-I"},{"r":"19","t":"17:33:06","h":"Ouest","s":"25N-H58NV20I-80-I"},{"r":"19","t":"17:33:06","h":"Ouest","s":"25S-H58S000I-80-I"},{"r":"19","t":"17:33:06","h":"Ouest","s":"25S-H58S100F-80-F1"},{"r":"19","t":"17:33:06","h":"Ouest","s":"25S-H58S200F-80-F2"},{"r":"19","t":"17:33:28","h":"Ouest","s":"25N-H58N000S-80-S"},{"r":"19","t":"17:33:28","h":"Ouest","s":"25N-H58NV10S-80-S"},{"r":"19","t":"17:33:28","h":"Ouest","s":"25N-H58NV20S-80-S"},{"r":"19","t":"17:33:28","h":"Ouest","s":"25S-H58S000S-80-S"},{"r":"19","t":"17:36:17","h":"Ouest","s":"25N-H58N000A-80-A"},{"r":"19","t":"17:36:17","h":"Ouest","s":"25N-H58NV10A-80-A"},{"r":"19","t":"17:36:17","h":"Ouest","s":"25N-H58NV20A-80-A"},{"r":"19","t":"17:36:17","h":"Ouest","s":"25S-H58S000A-80-A"},{"r":"19","t":"17:55:06","h":"Ouest","s":"25N-H58N000I-80-I"},{"r":"19","t":"17:55:06","h":"Ouest","s":"25N-H58N100F-80-F1"},{"r":"19","t":"17:55:06","h":"Ouest","s":"25N-H58N200F-80-F2"},{"r":"19","t":"17:55:06","h":"Ouest","s":"25N-H58N300F-80-F3"},{"r":"19","t":"17:55:06","h":"Ouest","s":"25N-H58N400F-80-F4"},{"r":"19","t":"17:55:06","h":"Ouest","s":"25N-H58NV10I-80-I"},{"r":"19","t":"17:55:06","h":"Ouest","s":"25N-H58NV20I-80-I"},{"r":"19","t":"17:55:06","h":"Ouest","s":"25S-H58S000I-80-I"},{"r":"19","t":"17:55:06","h":"Ouest","s":"25S-H58S100F-80-F1"},{"r":"19","t":"17:55:06","h":"Ouest","s":"25S-H58S200F-80-F2"},{"r":"19","t":"17:55:28","h":"Ouest","s":"25N-H58N000S-80-S"},{"r":"19","t":"17:55:28","h":"Ouest","s":"25N-H58NV10S-80-S"},{"r":"19","t":"17:55:28","h":"Ouest","s":"25N-H58NV20S-80-S"},{"r":"19","t":"17:55:28","h":"Ouest","s":"25S-H58S000S-80-S"},{"r":"19","t":"17:57:17","h":"Ouest","s":"25N-H58N000A-80-A"},{"r":"19","t":"17:57:17","h":"Ouest","s":"25N-H58NV10A-80-A"},{"r":"19","t":"17:57:17","h":"Ouest","s":"25N-H58NV20A-80-A"},{"r":"19","t":"17:57:17","h":"Ouest","s":"25S-H58S000A-80-A"},{"r":"19","t":"18:16:06","h":"Ouest","s":"25N-H58N000I-80-I"},{"r":"19","t":"18:16:06","h":"Ouest","s":"25N-H58N100F-80-F1"},{"r":"19","t":"18:16:06","h":"Ouest","s":"25N-H58N200F-80-F2"},{"r":"19","t":"18:16:06","h":"Ouest","s":"25N-H58N300F-80-F3"},{"r":"19","t":"18:16:06","h":"Ouest","s":"25N-H58N400F-80-F4"},{"r":"19","t":"18:16:06","h":"Ouest","s":"25N-H58NV10I-80-I"},{"r":"19","t":"18:16:06","h":"Ouest","s":"25N-H58NV20I-80-I"},{"r":"19","t":"18:16:06","h":"Ouest","s":"25S-H58S000I-80-I"},{"r":"19","t":"18:16:06","h":"Ouest","s":"25S-H58S100F-80-F1"},{"r":"19","t":"18:16:06","h":"Ouest","s":"25S-H58S200F-80-F2"},{"r":"19","t":"18:17:06","h":"Ouest","s":"25N-H58N000A-80-A"},{"r":"19","t":"18:17:06","h":"Ouest","s":"25N-H58NV10A-80-A"},{"r":"19","t":"18:17:06","h":"Ouest","s":"25N-H58NV20A-80-A"},{"r":"19","t":"18:17:06","h":"Ouest","s":"25S-H58S000A-80-A"},{"r":"19","t":"18:17:28","h":"Ouest","s":"25N-H58N000S-80-S"},{"r":"19","t":"18:17:28","h":"Ouest","s":"25N-H58NV10S-80-S"},{"r":"19","t":"18:17:28","h":"Ouest","s":"25N-H58NV20S-80-S"},{"r":"19","t":"18:17:28","h":"Ouest","s":"25S-H58S000S-80-S"},{"r":"19","t":"18:38:06","h":"Ouest","s":"25N-H58N000A-80-A"},{"r":"19","t":"18:38:06","h":"Ouest","s":"25N-H58N000I-80-I"},{"r":"19","t":"18:38:06","h":"Ouest","s":"25N-H58N100F-80-F1"},{"r":"19","t":"18:38:06","h":"Ouest","s":"25N-H58N200F-80-F2"},{"r":"19","t":"18:38:06","h":"Ouest","s":"25N-H58N300F-80-F3"},{"r":"19","t":"18:38:06","h":"Ouest","s":"25N-H58N400F-80-F4"},{"r":"19","t":"18:38:06","h":"Ouest","s":"25N-H58NV10A-80-A"},{"r":"19","t":"18:38:06","h":"Ouest","s":"25N-H58NV10I-80-I"},{"r":"19","t":"18:38:06","h":"Ouest","s":"25N-H58NV20A-80-A"},{"r":"19","t":"18:38:06","h":"Ouest","s":"25N-H58NV20I-80-I"},{"r":"19","t":"18:38:06","h":"Ouest","s":"25S-H58S000A-80-A"},{"r":"19","t":"18:38:06","h":"Ouest","s":"25S-H58S000I-80-I"},{"r":"19","t":"18:38:06","h":"Ouest","s":"25S-H58S100F-80-F1"},{"r":"19","t":"18:38:06","h":"Ouest","s":"25S-H58S200F-80-F2"},{"r":"19","t":"18:38:17","h":"Ouest","s":"25N-H58N000S-80-S"},{"r":"19","t":"18:38:17","h":"Ouest","s":"25N-H58NV10S-80-S"},{"r":"19","t":"18:38:17","h":"Ouest","s":"25N-H58NV20S-80-S"},{"r":"19","t":"18:38:17","h":"Ouest","s":"25S-H58S000S-80-S"},{"r":"19","t":"18:59:06","h":"Ouest","s":"25N-H58N000I-80-I"},{"r":"19","t":"18:59:06","h":"Ouest","s":"25N-H58N100F-80-F1"},{"r":"19","t":"18:59:06","h":"Ouest","s":"25N-H58N200F-80-F2"},{"r":"19","t":"18:59:06","h":"Ouest","s":"25N-H58N300F-80-F3"},{"r":"19","t":"18:59:06","h":"Ouest","s":"25N-H58N400F-80-F4"},{"r":"19","t":"18:59:06","h":"Ouest","s":"25N-H58NV10I-80-I"},{"r":"19","t":"18:59:06","h":"Ouest","s":"25N-H58NV20I-80-I"},{"r":"19","t":"18:59:06","h":"Ouest","s":"25S-H58S000I-80-I"},{"r":"19","t":"18:59:06","h":"Ouest","s":"25S-H58S100F-80-F1"},{"r":"19","t":"18:59:06","h":"Ouest","s":"25S-H58S200F-80-F2"},{"r":"19","t":"18:59:17","h":"Ouest","s":"25N-H58N000S-80-S"},{"r":"19","t":"18:59:17","h":"Ouest","s":"25N-H58NV10S-80-S"},{"r":"19","t":"18:59:17","h":"Ouest","s":"25N-H58NV20S-80-S"},{"r":"19","t":"18:59:17","h":"Ouest","s":"25S-H58S000S-80-S"},{"r":"19","t":"19:00:06","h":"Ouest","s":"25N-H58N000A-80-A"},{"r":"19","t":"19:00:06","h":"Ouest","s":"25N-H58NV10A-80-A"},{"r":"19","t":"19:00:06","h":"Ouest","s":"25N-H58NV20A-80-A"},{"r":"19","t":"19:00:06","h":"Ouest","s":"25S-H58S000A-80-A"},{"r":"19","t":"19:18:17","h":"Ouest","s":"25N-H58N000S-80-S"},{"r":"19","t":"19:18:17","h":"Ouest","s":"25N-H58NV10S-80-S"},{"r":"19","t":"19:18:17","h":"Ouest","s":"25N-H58NV20S-80-S"},{"r":"19","t":"19:18:17","h":"Ouest","s":"25S-H58S000S-80-S"},{"r":"19","t":"19:20:06","h":"Ouest","s":"25N-H58N000I-80-I"},{"r":"19","t":"19:20:06","h":"Ouest","s":"25N-H58N100F-80-F1"},{"r":"19","t":"19:20:06","h":"Ouest","s":"25N-H58N200F-80-F2"},{"r":"19","t":"19:20:06","h":"Ouest","s":"25N-H58N300F-80-F3"},{"r":"19","t":"19:20:06","h":"Ouest","s":"25N-H58N400F-80-F4"},{"r":"19","t":"19:20:06","h":"Ouest","s":"25N-H58NV10I-80-I"},{"r":"19","t":"19:20:06","h":"Ouest","s":"25N-H58NV20I-80-I"},{"r":"19","t":"19:20:06","h":"Ouest","s":"25S-H58S000I-80-I"},{"r":"19","t":"19:20:06","h":"Ouest","s":"25S-H58S100F-80-F1"},{"r":"19","t":"19:20:06","h":"Ouest","s":"25S-H58S200F-80-F2"},{"r":"19","t":"19:21:06","h":"Ouest","s":"25N-H58N000A-80-A"},{"r":"19","t":"19:21:06","h":"Ouest","s":"25N-H58NV10A-80-A"},{"r":"19","t":"19:21:06","h":"Ouest","s":"25N-H58NV20A-80-A"},{"r":"19","t":"19:21:06","h":"Ouest","s":"25S-H58S000A-80-A"},{"r":"19","t":"19:38:17","h":"Ouest","s":"25N-H58N000S-80-S"},{"r":"19","t":"19:38:17","h":"Ouest","s":"25N-H58NV10S-80-S"},{"r":"19","t":"19:38:17","h":"Ouest","s":"25N-H58NV20S-80-S"},{"r":"19","t":"19:38:17","h":"Ouest","s":"25S-H58S000S-80-S"},{"r":"19","t":"19:41:06","h":"Ouest","s":"25N-H58N000I-80-I"},{"r":"19","t":"19:41:06","h":"Ouest","s":"25N-H58N100F-80-F1"},{"r":"19","t":"19:41:06","h":"Ouest","s":"25N-H58N200F-80-F2"},{"r":"19","t":"19:41:06","h":"Ouest","s":"25N-H58N300F-80-F3"},{"r":"19","t":"19:41:06","h":"Ouest","s":"25N-H58N400F-80-F4"},{"r":"19","t":"19:41:06","h":"Ouest","s":"25N-H58NV10I-80-I"},{"r":"19","t":"19:41:06","h":"Ouest","s":"25N-H58NV20I-80-I"},{"r":"19","t":"19:41:06","h":"Ouest","s":"25S-H58S000I-80-I"},{"r":"19","t":"19:41:06","h":"Ouest","s":"25S-H58S100F-80-F1"},{"r":"19","t":"19:41:06","h":"Ouest","s":"25S-H58S200F-80-F2"},{"r":"19","t":"19:42:06","h":"Ouest","s":"25N-H58N000A-80-A"},{"r":"19","t":"19:42:06","h":"Ouest","s":"25N-H58NV10A-80-A"},{"r":"19","t":"19:42:06","h":"Ouest","s":"25N-H58NV20A-80-A"},{"r":"19","t":"19:42:06","h":"Ouest","s":"25S-H58S000A-80-A"},{"r":"19","t":"19:58:17","h":"Ouest","s":"25N-H58N000S-80-S"},{"r":"19","t":"19:58:17","h":"Ouest","s":"25N-H58NV10S-80-S"},{"r":"19","t":"19:58:17","h":"Ouest","s":"25N-H58NV20S-80-S"},{"r":"19","t":"19:58:17","h":"Ouest","s":"25S-H58S000S-80-S"},{"r":"19","t":"20:03:06","h":"Ouest","s":"25N-H58N000I-80-I"},{"r":"19","t":"20:03:06","h":"Ouest","s":"25N-H58N100F-80-F1"},{"r":"19","t":"20:03:06","h":"Ouest","s":"25N-H58N200F-80-F2"},{"r":"19","t":"20:03:06","h":"Ouest","s":"25N-H58N300F-80-F3"},{"r":"19","t":"20:03:06","h":"Ouest","s":"25N-H58N400F-80-F4"},{"r":"19","t":"20:03:06","h":"Ouest","s":"25N-H58NV10I-80-I"},{"r":"19","t":"20:03:06","h":"Ouest","s":"25N-H58NV20I-80-I"},{"r":"19","t":"20:03:06","h":"Ouest","s":"25S-H58S000I-80-I"},{"r":"19","t":"20:03:06","h":"Ouest","s":"25S-H58S100F-80-F1"},{"r":"19","t":"20:03:06","h":"Ouest","s":"25S-H58S200F-80-F2"},{"r":"19","t":"20:04:06","h":"Ouest","s":"25N-H58N000A-80-A"},{"r":"19","t":"20:04:06","h":"Ouest","s":"25N-H58NV10A-80-A"},{"r":"19","t":"20:04:06","h":"Ouest","s":"25N-H58NV20A-80-A"},{"r":"19","t":"20:04:06","h":"Ouest","s":"25S-H58S000A-80-A"},{"r":"19","t":"20:18:17","h":"Ouest","s":"25N-H58N000S-80-S"},{"r":"19","t":"20:18:17","h":"Ouest","s":"25N-H58NV10S-80-S"},{"r":"19","t":"20:18:17","h":"Ouest","s":"25N-H58NV20S-80-S"},{"r":"19","t":"20:18:17","h":"Ouest","s":"25S-H58S000S-80-S"},{"r":"19","t":"20:24:06","h":"Ouest","s":"25N-H58N000I-80-I"},{"r":"19","t":"20:24:06","h":"Ouest","s":"25N-H58N100F-80-F1"},{"r":"19","t":"20:24:06","h":"Ouest","s":"25N-H58N200F-80-F2"},{"r":"19","t":"20:24:06","h":"Ouest","s":"25N-H58N300F-80-F3"},{"r":"19","t":"20:24:06","h":"Ouest","s":"25N-H58N400F-80-F4"},{"r":"19","t":"20:24:06","h":"Ouest","s":"25N-H58NV10I-80-I"},{"r":"19","t":"20:24:06","h":"Ouest","s":"25N-H58NV20I-80-I"},{"r":"19","t":"20:24:06","h":"Ouest","s":"25S-H58S000I-80-I"},{"r":"19","t":"20:24:06","h":"Ouest","s":"25S-H58S100F-80-F1"},{"r":"19","t":"20:24:06","h":"Ouest","s":"25S-H58S200F-80-F2"},{"r":"19","t":"20:25:06","h":"Ouest","s":"25N-H58N000A-80-A"},{"r":"19","t":"20:25:06","h":"Ouest","s":"25N-H58NV10A-80-A"},{"r":"19","t":"20:25:06","h":"Ouest","s":"25N-H58NV20A-80-A"},{"r":"19","t":"20:25:06","h":"Ouest","s":"25S-H58S000A-80-A"},{"r":"19","t":"20:38:17","h":"Ouest","s":"25N-H58N000S-80-S"},{"r":"19","t":"20:38:17","h":"Ouest","s":"25N-H58NV10S-80-S"},{"r":"19","t":"20:38:17","h":"Ouest","s":"25N-H58NV20S-80-S"},{"r":"19","t":"20:38:17","h":"Ouest","s":"25S-H58S000S-80-S"},{"r":"19","t":"20:45:06","h":"Ouest","s":"25N-H58N000I-80-I"},{"r":"19","t":"20:45:06","h":"Ouest","s":"25N-H58N100F-80-F1"},{"r":"19","t":"20:45:06","h":"Ouest","s":"25N-H58N200F-80-F2"},{"r":"19","t":"20:45:06","h":"Ouest","s":"25N-H58N300F-80-F3"},{"r":"19","t":"20:45:06","h":"Ouest","s":"25N-H58N400F-80-F4"},{"r":"19","t":"20:45:06","h":"Ouest","s":"25N-H58NV10I-80-I"},{"r":"19","t":"20:45:06","h":"Ouest","s":"25N-H58NV20I-80-I"},{"r":"19","t":"20:45:06","h":"Ouest","s":"25S-H58S000I-80-I"},{"r":"19","t":"20:45:06","h":"Ouest","s":"25S-H58S100F-80-F1"},{"r":"19","t":"20:45:06","h":"Ouest","s":"25S-H58S200F-80-F2"},{"r":"19","t":"20:46:06","h":"Ouest","s":"25N-H58N000A-80-A"},{"r":"19","t":"20:46:06","h":"Ouest","s":"25N-H58NV10A-80-A"},{"r":"19","t":"20:46:06","h":"Ouest","s":"25N-H58NV20A-80-A"},{"r":"19","t":"20:46:06","h":"Ouest","s":"25S-H58S000A-80-A"},{"r":"19","t":"20:58:17","h":"Ouest","s":"25N-H58N000S-80-S"},{"r":"19","t":"20:58:17","h":"Ouest","s":"25N-H58NV10S-80-S"},{"r":"19","t":"20:58:17","h":"Ouest","s":"25N-H58NV20S-80-S"},{"r":"19","t":"20:58:17","h":"Ouest","s":"25S-H58S000S-80-S"},{"r":"19","t":"21:06:06","h":"Ouest","s":"25N-H58N000A-80-A"},{"r":"19","t":"21:06:06","h":"Ouest","s":"25N-H58N000I-80-I"},{"r":"19","t":"21:06:06","h":"Ouest","s":"25N-H58N100F-80-F1"},{"r":"19","t":"21:06:06","h":"Ouest","s":"25N-H58N200F-80-F2"},{"r":"19","t":"21:06:06","h":"Ouest","s":"25N-H58N300F-80-F3"},{"r":"19","t":"21:06:06","h":"Ouest","s":"25N-H58N400F-80-F4"},{"r":"19","t":"21:06:06","h":"Ouest","s":"25N-H58NV10A-80-A"},{"r":"19","t":"21:06:06","h":"Ouest","s":"25N-H58NV10I-80-I"},{"r":"19","t":"21:06:06","h":"Ouest","s":"25N-H58NV20A-80-A"},{"r":"19","t":"21:06:06","h":"Ouest","s":"25N-H58NV20I-80-I"},{"r":"19","t":"21:06:06","h":"Ouest","s":"25S-H58S000A-80-A"},{"r":"19","t":"21:06:06","h":"Ouest","s":"25S-H58S000I-80-I"},{"r":"19","t":"21:06:06","h":"Ouest","s":"25S-H58S100F-80-F1"},{"r":"19","t":"21:06:06","h":"Ouest","s":"25S-H58S200F-80-F2"},{"r":"19","t":"21:19:17","h":"Ouest","s":"25N-H58N000S-80-S"},{"r":"19","t":"21:19:17","h":"Ouest","s":"25N-H58NV10S-80-S"},{"r":"19","t":"21:19:17","h":"Ouest","s":"25N-H58NV20S-80-S"},{"r":"19","t":"21:19:17","h":"Ouest","s":"25S-H58S000S-80-S"},{"r":"19","t":"21:27:06","h":"Ouest","s":"25N-H58N000A-80-A"},{"r":"19","t":"21:27:06","h":"Ouest","s":"25N-H58N000I-80-I"},{"r":"19","t":"21:27:06","h":"Ouest","s":"25N-H58N100F-80-F1"},{"r":"19","t":"21:27:06","h":"Ouest","s":"25N-H58N200F-80-F2"},{"r":"19","t":"21:27:06","h":"Ouest","s":"25N-H58N300F-80-F3"},{"r":"19","t":"21:27:06","h":"Ouest","s":"25N-H58N400F-80-F4"},{"r":"19","t":"21:27:06","h":"Ouest","s":"25N-H58NV10A-80-A"},{"r":"19","t":"21:27:06","h":"Ouest","s":"25N-H58NV10I-80-I"},{"r":"19","t":"21:27:06","h":"Ouest","s":"25N-H58NV20A-80-A"},{"r":"19","t":"21:27:06","h":"Ouest","s":"25N-H58NV20I-80-I"},{"r":"19","t":"21:27:06","h":"Ouest","s":"25S-H58S000A-80-A"},{"r":"19","t":"21:27:06","h":"Ouest","s":"25S-H58S000I-80-I"},{"r":"19","t":"21:27:06","h":"Ouest","s":"25S-H58S100F-80-F1"},{"r":"19","t":"21:27:06","h":"Ouest","s":"25S-H58S200F-80-F2"},{"r":"19","t":"21:40:17","h":"Ouest","s":"25N-H58N000S-80-S"},{"r":"19","t":"21:40:17","h":"Ouest","s":"25N-H58NV10S-80-S"},{"r":"19","t":"21:40:17","h":"Ouest","s":"25N-H58NV20S-80-S"},{"r":"19","t":"21:40:17","h":"Ouest","s":"25S-H58S000S-80-S"},{"r":"19","t":"21:48:06","h":"Ouest","s":"25N-H58N000A-80-A"},{"r":"19","t":"21:48:06","h":"Ouest","s":"25N-H58N000I-80-I"},{"r":"19","t":"21:48:06","h":"Ouest","s":"25N-H58N100F-80-F1"},{"r":"19","t":"21:48:06","h":"Ouest","s":"25N-H58N200F-80-F2"},{"r":"19","t":"21:48:06","h":"Ouest","s":"25N-H58N300F-80-F3"},{"r":"19","t":"21:48:06","h":"Ouest","s":"25N-H58N400F-80-F4"},{"r":"19","t":"21:48:06","h":"Ouest","s":"25N-H58NV10A-80-A"},{"r":"19","t":"21:48:06","h":"Ouest","s":"25N-H58NV10I-80-I"},{"r":"19","t":"21:48:06","h":"Ouest","s":"25N-H58NV20A-80-A"},{"r":"19","t":"21:48:06","h":"Ouest","s":"25N-H58NV20I-80-I"},{"r":"19","t":"21:48:06","h":"Ouest","s":"25S-H58S000A-80-A"},{"r":"19","t":"21:48:06","h":"Ouest","s":"25S-H58S000I-80-I"},{"r":"19","t":"21:48:06","h":"Ouest","s":"25S-H58S100F-80-F1"},{"r":"19","t":"21:48:06","h":"Ouest","s":"25S-H58S200F-80-F2"},{"r":"19","t":"22:01:17","h":"Ouest","s":"25N-H58N000S-80-S"},{"r":"19","t":"22:01:17","h":"Ouest","s":"25N-H58NV10S-80-S"},{"r":"19","t":"22:01:17","h":"Ouest","s":"25N-H58NV20S-80-S"},{"r":"19","t":"22:01:17","h":"Ouest","s":"25S-H58S000S-80-S"},{"r":"19","t":"22:09:06","h":"Ouest","s":"25N-H58N000A-80-A"},{"r":"19","t":"22:09:06","h":"Ouest","s":"25N-H58N000I-80-I"},{"r":"19","t":"22:09:06","h":"Ouest","s":"25N-H58N100F-80-F1"},{"r":"19","t":"22:09:06","h":"Ouest","s":"25N-H58N200F-80-F2"},{"r":"19","t":"22:09:06","h":"Ouest","s":"25N-H58N300F-80-F3"},{"r":"19","t":"22:09:06","h":"Ouest","s":"25N-H58N400F-80-F4"},{"r":"19","t":"22:09:06","h":"Ouest","s":"25N-H58NV10A-80-A"},{"r":"19","t":"22:09:06","h":"Ouest","s":"25N-H58NV10I-80-I"},{"r":"19","t":"22:09:06","h":"Ouest","s":"25N-H58NV20A-80-A"},{"r":"19","t":"22:09:06","h":"Ouest","s":"25N-H58NV20I-80-I"},{"r":"19","t":"22:09:06","h":"Ouest","s":"25S-H58S000A-80-A"},{"r":"19","t":"22:09:06","h":"Ouest","s":"25S-H58S000I-80-I"},{"r":"19","t":"22:09:06","h":"Ouest","s":"25S-H58S100F-80-F1"},{"r":"19","t":"22:09:06","h":"Ouest","s":"25S-H58S200F-80-F2"},{"r":"19","t":"22:30:06","h":"Ouest","s":"25N-H58N000A-80-A"},{"r":"19","t":"22:30:06","h":"Ouest","s":"25N-H58N000I-80-I"},{"r":"19","t":"22:30:06","h":"Ouest","s":"25N-H58N100F-80-F1"},{"r":"19","t":"22:30:06","h":"Ouest","s":"25N-H58N200F-80-F2"},{"r":"19","t":"22:30:06","h":"Ouest","s":"25N-H58N300F-80-F3"},{"r":"19","t":"22:30:06","h":"Ouest","s":"25N-H58N400F-80-F4"},{"r":"19","t":"22:30:06","h":"Ouest","s":"25N-H58NV10A-80-A"},{"r":"19","t":"22:30:06","h":"Ouest","s":"25N-H58NV10I-80-I"},{"r":"19","t":"22:30:06","h":"Ouest","s":"25N-H58NV20A-80-A"},{"r":"19","t":"22:30:06","h":"Ouest","s":"25N-H58NV20I-80-I"},{"r":"19","t":"22:30:06","h":"Ouest","s":"25S-H58S000A-80-A"},{"r":"19","t":"22:30:06","h":"Ouest","s":"25S-H58S000I-80-I"},{"r":"19","t":"22:30:06","h":"Ouest","s":"25S-H58S100F-80-F1"},{"r":"19","t":"22:30:06","h":"Ouest","s":"25S-H58S200F-80-F2"},{"r":"19","t":"22:39:17","h":"Ouest","s":"25N-H58N000S-80-S"},{"r":"19","t":"22:39:17","h":"Ouest","s":"25N-H58NV10S-80-S"},{"r":"19","t":"22:39:17","h":"Ouest","s":"25N-H58NV20S-80-S"},{"r":"19","t":"22:39:17","h":"Ouest","s":"25S-H58S000S-80-S"},{"r":"19","t":"22:51:06","h":"Ouest","s":"25N-H58N000I-80-I"},{"r":"19","t":"22:51:06","h":"Ouest","s":"25N-H58N100F-80-F1"},{"r":"19","t":"22:51:06","h":"Ouest","s":"25N-H58N200F-80-F2"},{"r":"19","t":"22:51:06","h":"Ouest","s":"25N-H58N300F-80-F3"},{"r":"19","t":"22:51:06","h":"Ouest","s":"25N-H58N400F-80-F4"},{"r":"19","t":"22:51:06","h":"Ouest","s":"25N-H58NV10I-80-I"},{"r":"19","t":"22:51:06","h":"Ouest","s":"25N-H58NV20I-80-I"},{"r":"19","t":"22:51:06","h":"Ouest","s":"25S-H58S000I-80-I"},{"r":"19","t":"22:51:06","h":"Ouest","s":"25S-H58S100F-80-F1"},{"r":"19","t":"22:51:06","h":"Ouest","s":"25S-H58S200F-80-F2"},{"r":"19","t":"22:52:06","h":"Ouest","s":"25N-H58N000A-80-A"},{"r":"19","t":"22:52:06","h":"Ouest","s":"25N-H58NV10A-80-A"},{"r":"19","t":"22:52:06","h":"Ouest","s":"25N-H58NV20A-80-A"},{"r":"19","t":"22:52:06","h":"Ouest","s":"25S-H58S000A-80-A"},{"r":"19","t":"23:12:06","h":"Ouest","s":"25N-H58N000A-80-A"},{"r":"19","t":"23:12:06","h":"Ouest","s":"25N-H58N000I-80-I"},{"r":"19","t":"23:12:06","h":"Ouest","s":"25N-H58N100F-80-F1"},{"r":"19","t":"23:12:06","h":"Ouest","s":"25N-H58N200F-80-F2"},{"r":"19","t":"23:12:06","h":"Ouest","s":"25N-H58N300F-80-F3"},{"r":"19","t":"23:12:06","h":"Ouest","s":"25N-H58N400F-80-F4"},{"r":"19","t":"23:12:06","h":"Ouest","s":"25N-H58NV10A-80-A"},{"r":"19","t":"23:12:06","h":"Ouest","s":"25N-H58NV10I-80-I"},{"r":"19","t":"23:12:06","h":"Ouest","s":"25N-H58NV20A-80-A"},{"r":"19","t":"23:12:06","h":"Ouest","s":"25N-H58NV20I-80-I"},{"r":"19","t":"23:12:06","h":"Ouest","s":"25S-H58S000A-80-A"},{"r":"19","t":"23:12:06","h":"Ouest","s":"25S-H58S000I-80-I"},{"r":"19","t":"23:12:06","h":"Ouest","s":"25S-H58S100F-80-F1"},{"r":"19","t":"23:12:06","h":"Ouest","s":"25S-H58S200F-80-F2"},{"r":"19","t":"23:17:17","h":"Ouest","s":"25N-H58N000S-80-S"},{"r":"19","t":"23:17:17","h":"Ouest","s":"25N-H58NV10S-80-S"},{"r":"19","t":"23:17:17","h":"Ouest","s":"25N-H58NV20S-80-S"},{"r":"19","t":"23:17:17","h":"Ouest","s":"25S-H58S000S-80-S"},{"r":"19","t":"23:34:06","h":"Ouest","s":"25N-H58N000A-80-A"},{"r":"19","t":"23:34:06","h":"Ouest","s":"25N-H58N000I-80-I"},{"r":"19","t":"23:34:06","h":"Ouest","s":"25N-H58N100F-80-F1"},{"r":"19","t":"23:34:06","h":"Ouest","s":"25N-H58N200F-80-F2"},{"r":"19","t":"23:34:06","h":"Ouest","s":"25N-H58N300F-80-F3"},{"r":"19","t":"23:34:06","h":"Ouest","s":"25N-H58N400F-80-F4"},{"r":"19","t":"23:34:06","h":"Ouest","s":"25N-H58NV10A-80-A"},{"r":"19","t":"23:34:06","h":"Ouest","s":"25N-H58NV10I-80-I"},{"r":"19","t":"23:34:06","h":"Ouest","s":"25N-H58NV20A-80-A"},{"r":"19","t":"23:34:06","h":"Ouest","s":"25N-H58NV20I-80-I"},{"r":"19","t":"23:34:06","h":"Ouest","s":"25S-H58S000A-80-A"},{"r":"19","t":"23:34:06","h":"Ouest","s":"25S-H58S000I-80-I"},{"r":"19","t":"23:34:06","h":"Ouest","s":"25S-H58S100F-80-F1"},{"r":"19","t":"23:34:06","h":"Ouest","s":"25S-H58S200F-80-F2"},{"r":"19","t":"23:55:06","h":"Ouest","s":"25N-H58N000A-80-A"},{"r":"19","t":"23:55:06","h":"Ouest","s":"25N-H58N000I-80-I"},{"r":"19","t":"23:55:06","h":"Ouest","s":"25N-H58N100F-80-F1"},{"r":"19","t":"23:55:06","h":"Ouest","s":"25N-H58N200F-80-F2"},{"r":"19","t":"23:55:06","h":"Ouest","s":"25N-H58N300F-80-F3"},{"r":"19","t":"23:55:06","h":"Ouest","s":"25N-H58N400F-80-F4"},{"r":"19","t":"23:55:06","h":"Ouest","s":"25N-H58NV10A-80-A"},{"r":"19","t":"23:55:06","h":"Ouest","s":"25N-H58NV10I-80-I"},{"r":"19","t":"23:55:06","h":"Ouest","s":"25N-H58NV20A-80-A"},{"r":"19","t":"23:55:06","h":"Ouest","s":"25N-H58NV20I-80-I"},{"r":"19","t":"23:55:06","h":"Ouest","s":"25S-H58S000A-80-A"},{"r":"19","t":"23:55:06","h":"Ouest","s":"25S-H58S000I-80-I"},{"r":"19","t":"23:55:06","h":"Ouest","s":"25S-H58S100F-80-F1"},{"r":"19","t":"23:55:06","h":"Ouest","s":"25S-H58S200F-80-F2"},{"r":"19","t":"23:55:17","h":"Ouest","s":"25N-H58N000S-80-S"},{"r":"19","t":"23:55:17","h":"Ouest","s":"25N-H58NV10S-80-S"},{"r":"19","t":"23:55:17","h":"Ouest","s":"25N-H58NV20S-80-S"},{"r":"19","t":"23:55:17","h":"Ouest","s":"25S-H58S000S-80-S"},{"r":"19","t":"24:16:06","h":"Ouest","s":"25N-H58N000A-80-A"},{"r":"19","t":"24:16:06","h":"Ouest","s":"25N-H58N000I-80-I"},{"r":"19","t":"24:16:06","h":"Ouest","s":"25N-H58N100F-80-F1"},{"r":"19","t":"24:16:06","h":"Ouest","s":"25N-H58N200F-80-F2"},{"r":"19","t":"24:16:06","h":"Ouest","s":"25N-H58N300F-80-F3"},{"r":"19","t":"24:16:06","h":"Ouest","s":"25N-H58N400F-80-F4"},{"r":"19","t":"24:16:06","h":"Ouest","s":"25N-H58NV10A-80-A"},{"r":"19","t":"24:16:06","h":"Ouest","s":"25N-H58NV10I-80-I"},{"r":"19","t":"24:16:06","h":"Ouest","s":"25N-H58NV20A-80-A"},{"r":"19","t":"24:16:06","h":"Ouest","s":"25N-H58NV20I-80-I"},{"r":"19","t":"24:16:06","h":"Ouest","s":"25S-H58S000A-80-A"},{"r":"19","t":"24:16:06","h":"Ouest","s":"25S-H58S000I-80-I"},{"r":"19","t":"24:16:06","h":"Ouest","s":"25S-H58S100F-80-F1"},{"r":"19","t":"24:16:06","h":"Ouest","s":"25S-H58S200F-80-F2"},{"r":"19","t":"24:36:06","h":"Ouest","s":"25N-H58N000A-80-A"},{"r":"19","t":"24:36:06","h":"Ouest","s":"25N-H58NV10A-80-A"},{"r":"19","t":"24:36:06","h":"Ouest","s":"25N-H58NV20A-80-A"},{"r":"19","t":"24:36:06","h":"Ouest","s":"25S-H58S000A-80-A"},{"r":"19","t":"24:37:06","h":"Ouest","s":"25N-H58N000I-80-I"},{"r":"19","t":"24:37:06","h":"Ouest","s":"25N-H58N100F-80-F1"},{"r":"19","t":"24:37:06","h":"Ouest","s":"25N-H58N200F-80-F2"},{"r":"19","t":"24:37:06","h":"Ouest","s":"25N-H58N300F-80-F3"},{"r":"19","t":"24:37:06","h":"Ouest","s":"25N-H58N400F-80-F4"},{"r":"19","t":"24:37:06","h":"Ouest","s":"25N-H58NV10I-80-I"},{"r":"19","t":"24:37:06","h":"Ouest","s":"25N-H58NV20I-80-I"},{"r":"19","t":"24:37:06","h":"Ouest","s":"25S-H58S000I-80-I"},{"r":"19","t":"24:37:06","h":"Ouest","s":"25S-H58S100F-80-F1"},{"r":"19","t":"24:37:06","h":"Ouest","s":"25S-H58S200F-80-F2"},{"r":"19","t":"24:37:17","h":"Ouest","s":"25N-H58N000S-80-S"},{"r":"19","t":"24:37:17","h":"Ouest","s":"25N-H58NV10S-80-S"},{"r":"19","t":"24:37:17","h":"Ouest","s":"25N-H58NV20S-80-S"},{"r":"19","t":"24:37:17","h":"Ouest","s":"25S-H58S000S-80-S"},{"r":"19","t":"24:56:06","h":"Ouest","s":"25N-H58N000A-80-A"},{"r":"19","t":"24:56:06","h":"Ouest","s":"25N-H58NV10A-80-A"},{"r":"19","t":"24:56:06","h":"Ouest","s":"25N-H58NV20A-80-A"},{"r":"19","t":"24:56:06","h":"Ouest","s":"25S-H58S000A-80-A"},{"r":"19","t":"25:17:06","h":"Ouest","s":"25N-H58N000A-80-A"},{"r":"19","t":"25:17:06","h":"Ouest","s":"25N-H58NV10A-80-A"},{"r":"19","t":"25:17:06","h":"Ouest","s":"25N-H58NV20A-80-A"},{"r":"19","t":"25:17:06","h":"Ouest","s":"25S-H58S000A-80-A"},{"r":"19","t":"25:40:06","h":"Ouest","s":"25N-H58N000A-80-A"},{"r":"19","t":"25:40:06","h":"Ouest","s":"25N-H58NV10A-80-A"},{"r":"19","t":"25:40:06","h":"Ouest","s":"25N-H58NV20A-80-A"},{"r":"19","t":"25:40:06","h":"Ouest","s":"25S-H58S000A-80-A"}]