[{"r":"11","t":"07:15:32","h":"Est","s":"25N-H57N000S-80-S"},{"r":"11","t":"07:15:32","h":"Est","s":"25N-H57NV10S-84-S"},{"r":"11","t":"07:15:32","h":"Est","s":"25N-H57NV20S-80-S"},{"r":"11","t":"07:15:32","h":"Est","s":"25S-H57S000S-82-S"},{"r":"11","t":"07:46:32","h":"Est","s":"25N-H57N000S-80-S"},{"r":"11","t":"07:46:32","h":"Est","s":"25N-H57NV10S-84-S"},{"r":"11","t":"07:46:32","h":"Est","s":"25N-H57NV20S-80-S"},{"r":"11","t":"07:46:32","h":"Est","s":"25S-H57S000S-82-S"},{"r":"11","t":"08:06:32","h":"Est","s":"25N-H57N000I-80-I"},{"r":"11","t":"08:06:32","h":"Est","s":"25N-H57N100F-80-F1"},{"r":"11","t":"08:06:32","h":"Est","s":"25N-H57N200F-80-F2"},{"r":"11","t":"08:06:32","h":"Est","s":"25N-H57N300F-80-F3"},{"r":"11","t":"08:06:32","h":"Est","s":"25N-H57N400F-80-F4"},{"r":"11","t":"08:06:32","h":"Est","s":"25N-H57NV10I-80-I"},{"r":"11","t":"08:06:32","h":"Est","s":"25N-H57NV20I-80-I"},{"r":"11","t":"08:06:32","h":"Est","s":"25S-H57S000I-80-I"},{"r":"11","t":"08:06:32","h":"Est","s":"25S-H57S100F-80-F1"},{"r":"11","t":"08:06:32","h":"Est","s":"25S-H57S200F-80-F2"},{"r":"11","t":"08:08:32","h":"Est","s":"25N-H57N000A-80-A"},{"r":"11","t":"08:08:32","h":"Est","s":"25N-H57NV10A-80-A"},{"r":"11","t":"08:08:32","h":"Est","s":"25N-H57NV20A-80-A"},{"r":"11","t":"08:08:32","h":"Est","s":"25S-H57S000A-80-A"},{"r":"11","t":"08:17:32","h":"Est","s":"25N-H57N000S-80-S"},{"r":"11","t":"08:17:32","h":"Est","s":"25N-H57NV10S-84-S"},{"r":"11","t":"08:17:32","h":"Est","s":"25N-H57NV20S-80-S"},{"r":"11","t":"08:17:32","h":"Est","s":"25S-H57S000S-82-S"},{"r":"711","t":"08:20:23","h":"Est","s":"25N-H50N000I-80-I"},{"r":"711","t":"08:20:23","h":"Est","s":"25N-H50N000I-90-I"},{"r":"711","t":"08:20:23","h":"Est","s":"25N-H50NV10I-90-I"},{"r":"711","t":"08:20:23","h":"Est","s":"25N-H50NV20I-90-I"},{"r":"711","t":"08:20:23","h":"Est","s":"25S-H50S000I-81-I"},{"r":"711","t":"08:20:23","h":"Est","s":"25S-H50S100F-80-F1"},{"r":"711","t":"08:20:23","h":"Est","s":"25S-H50S200F-80-F2"},{"r":"711","t":"08:22:23","h":"Est","s":"25N-H50N000A-80-A"},{"r":"711","t":"08:22:23","h":"Est","s":"25N-H50N000A-90-A"},{"r":"711","t":"08:22:23","h":"Est","s":"25N-H50NV10A-90-A"},{"r":"711","t":"08:22:23","h":"Est","s":"25N-H50NV20A-90-A"},{"r":"711","t":"08:22:23","h":"Est","s":"25S-H50S000A-81-A"},{"r":"11","t":"08:28:32","h":"Est","s":"25N-H57N000I-80-I"},{"r":"11","t":"08:28:32","h":"Est","s":"25N-H57N100F-80-F1"},{"r":"11","t":"08:28:32","h":"Est","s":"25N-H57N200F-80-F2"},{"r":"11","t":"08:28:32","h":"Est","s":"25N-H57N300F-80-F3"},{"r":"11","t":"08:28:32","h":"Est","s":"25N-H57N400F-80-F4"},{"r":"11","t":"08:28:32","h":"Est","s":"25N-H57NV10I-80-I"},{"r":"11","t":"08:28:32","h":"Est","s":"25N-H57NV20I-80-I"},{"r":"11","t":"08:28:32","h":"Est","s":"25S-H57S000I-80-I"},{"r":"11","t":"08:28:32","h":"Est","s":"25S-H57S100F-80-F1"},{"r":"11","t":"08:28:32","h":"Est","s":"25S-H57S200F-80-F2"},{"r":"11","t":"08:34:23","h":"Est","s":"25N-H57N000A-80-A"},{"r":"11","t":"08:34:23","h":"Est","s":"25N-H57NV10A-80-A"},{"r":"11","t":"08:34:23","h":"Est","s":"25N-H57NV20A-80-A"},{"r":"11","t":"08:34:23","h":"Est","s":"25S-H57S000A-80-A"},{"r":"11","t":"08:46:32","h":"Est","s":"25N-H57N000I-80-I"},{"r":"11","t":"08:46:32","h":"Est","s":"25N-H57N100F-80-F1"},{"r":"11","t":"08:46:32","h":"Est","s":"25N-H57N200F-80-F2"},{"r":"11","t":"08:46:32","h":"Est","s":"25N-H57N300F-80-F3"},{"r":"11","t":"08:46:32","h":"Est","s":"25N-H57N400F-80-F4"},{"r":"11","t":"08:46:32","h":"Est","s":"25N-H57NV10I-80-I"},{"r":"11","t":"08:46:32","h":"Est","s":"25N-H57NV20I-80-I"},{"r":"11","t":"08:46:32","h":"Est","s":"25S-H57S000I-80-I"},{"r":"11","t":"08:46:32","h":"Est","s":"25S-H57S100F-80-F1"},{"r":"11","t":"08:46:32","h":"Est","s":"25S-H57S200F-80-F2"},{"r":"11","t":"08:48:32","h":"Est","s":"25N-H57N000S-80-S"},{"r":"11","t":"08:48:32","h":"Est","s":"25N-H57NV10S-84-S"},{"r":"11","t":"08:48:32","h":"Est","s":"25N-H57NV20S-80-S"},{"r":"11","t":"08:48:32","h":"Est","s":"25S-H57S000S-82-S"},{"r":"711","t":"08:52:23","h":"Est","s":"25N-H50N000A-80-A"},{"r":"711","t":"08:52:23","h":"Est","s":"25N-H50N000A-90-A"},{"r":"711","t":"08:52:23","h":"Est","s":"25N-H50N000I-80-I"},{"r":"711","t":"08:52:23","h":"Est","s":"25N-H50N000I-90-I"},{"r":"711","t":"08:52:23","h":"Est","s":"25N-H50NV10A-90-A"},{"r":"711","t":"08:52:23","h":"Est","s":"25N-H50NV10I-90-I"},{"r":"711","t":"08:52:23","h":"Est","s":"25N-H50NV20A-90-A"},{"r":"711","t":"08:52:23","h":"Est","s":"25N-H50NV20I-90-I"},{"r":"711","t":"08:52:23","h":"Est","s":"25S-H50S000A-81-A"},{"r":"711","t":"08:52:23","h":"Est","s":"25S-H50S000I-81-I"},{"r":"711","t":"08:52:23","h":"Est","s":"25S-H50S100F-80-F1"},{"r":"711","t":"08:52:23","h":"Est","s":"25S-H50S200F-80-F2"},{"r":"11","t":"09:02:23","h":"Est","s":"25N-H57N000A-80-A"},{"r":"11","t":"09:02:23","h":"Est","s":"25N-H57NV10A-80-A"},{"r":"11","t":"09:02:23","h":"Est","s":"25N-H57NV20A-80-A"},{"r":"11","t":"09:02:23","h":"Est","s":"25S-H57S000A-80-A"},{"r":"11","t":"09:03:32","h":"Est","s":"25N-H57N000I-80-I"},{"r":"11","t":"09:03:32","h":"Est","s":"25N-H57N100F-80-F1"},{"r":"11","t":"09:03:32","h":"Est","s":"25N-H57N200F-80-F2"},{"r":"11","t":"09:03:32","h":"Est","s":"25N-H57N300F-80-F3"},{"r":"11","t":"09:03:32","h":"Est","s":"25N-H57N400F-80-F4"},{"r":"11","t":"09:03:32","h":"Est","s":"25N-H57NV10I-80-I"},{"r":"11","t":"09:03:32","h":"Est","s":"25N-H57NV20I-80-I"},{"r":"11","t":"09:03:32","h":"Est","s":"25S-H57S000I-80-I"},{"r":"11","t":"09:03:32","h":"Est","s":"25S-H57S100F-80-F1"},{"r":"11","t":"09:03:32","h":"Est","s":"25S-H57S200F-80-F2"},{"r":"11","t":"09:19:32","h":"Est","s":"25N-H57N000S-80-S"},{"r":"11","t":"09:19:32","h":"Est","s":"25N-H57NV10S-84-S"},{"r":"11","t":"09:19:32","h":"Est","s":"25N-H57NV20S-80-S"},{"r":"11","t":"09:19:32","h":"Est","s":"25S-H57S000S-82-S"},{"r":"711","t":"09:20:23","h":"Est","s":"25N-H50N000I-80-I"},{"r":"711","t":"09:20:23","h":"Est","s":"25N-H50N000I-90-I"},{"r":"711","t":"09:20:23","h":"Est","s":"25N-H50NV10I-90-I"},{"r":"711","t":"09:20:23","h":"Est","s":"25N-H50NV20I-90-I"},{"r":"711","t":"09:20:23","h":"Est","s":"25S-H50S000I-81-I"},{"r":"711","t":"09:20:23","h":"Est","s":"25S-H50S100F-80-F1"},{"r":"711","t":"09:20:23","h":"Est","s":"25S-H50S200F-80-F2"},{"r":"711","t":"09:23:23","h":"Est","s":"25N-H50N000A-80-A"},{"r":"711","t":"09:23:23","h":"Est","s":"25N-H50N000A-90-A"},{"r":"711","t":"09:23:23","h":"Est","s":"25N-H50NV10A-90-A"},{"r":"711","t":"09:23:23","h":"Est","s":"25N-H50NV20A-90-A"},{"r":"711","t":"09:23:23","h":"Est","s":"25S-H50S000A-81-A"},{"r":"11","t":"09:24:32","h":"Est","s":"25N-H57N000I-80-I"},{"r":"11","t":"09:24:32","h":"Est","s":"25N-H57N100F-80-F1"},{"r":"11","t":"09:24:32","h":"Est","s":"25N-H57N200F-80-F2"},{"r":"11","t":"09:24:32","h":"Est","s":"25N-H57N300F-80-F3"},{"r":"11","t":"09:24:32","h":"Est","s":"25N-H57N400F-80-F4"},{"r":"11","t":"09:24:32","h":"Est","s":"25N-H57NV10I-80-I"},{"r":"11","t":"09:24:32","h":"Est","s":"25N-H57NV20I-80-I"},{"r":"11","t":"09:24:32","h":"Est","s":"25S-H57S000I-80-I"},{"r":"11","t":"09:24:32","h":"Est","s":"25S-H57S100F-80-F1"},{"r":"11","t":"09:24:32","h":"Est","s":"25S-H57S200F-80-F2"},{"r":"11","t":"09:28:23","h":"Est","s":"25N-H57N000A-80-A"},{"r":"11","t":"09:28:23","h":"Est","s":"25N-H57NV10A-80-A"},{"r":"11","t":"09:28:23","h":"Est","s":"25N-H57NV20A-80-A"},{"r":"11","t":"09:28:23","h":"Est","s":"25S-H57S000A-80-A"},{"r":"11","t":"09:39:32","h":"Est","s":"25N-H57N000I-80-I"},{"r":"11","t":"09:39:32","h":"Est","s":"25N-H57N100F-80-F1"},{"r":"11","t":"09:39:32","h":"Est","s":"25N-H57N200F-80-F2"},{"r":"11","t":"09:39:32","h":"Est","s":"25N-H57N300F-80-F3"},{"r":"11","t":"09:39:32","h":"Est","s":"25N-H57N400F-80-F4"},{"r":"11","t":"09:39:32","h":"Est","s":"25N-H57NV10I-80-I"},{"r":"11","t":"09:39:32","h":"Est","s":"25N-H57NV20I-80-I"},{"r":"11","t":"09:39:32","h":"Est","s":"25S-H57S000I-80-I"},{"r":"11","t":"09:39:32","h":"Est","s":"25S-H57S100F-80-F1"},{"r":"11","t":"09:39:32","h":"Est","s":"25S-H57S200F-80-F2"},{"r":"11","t":"09:46:23","h":"Est","s":"25N-H57N000A-80-A"},{"r":"11","t":"09:46:23","h":"Est","s":"25N-H57NV10A-80-A"},{"r":"11","t":"09:46:23","h":"Est","s":"25N-H57NV20A-80-A"},{"r":"11","t":"09:46:23","h":"Est","s":"25S-H57S000A-80-A"},{"r":"11","t":"09:51:23","h":"Est","s":"25N-H57N000S-80-S"},{"r":"11","t":"09:51:23","h":"Est","s":"25N-H57NV10S-84-S"},{"r":"11","t":"09:51:23","h":"Est","s":"25N-H57NV20S-80-S"},{"r":"11","t":"09:51:23","h":"Est","s":"25S-H57S000S-82-S"},{"r":"711","t":"09:53:23","h":"Est","s":"25N-H50N000I-80-I"},{"r":"711","t":"09:53:23","h":"Est","s":"25N-H50N000I-90-I"},{"r":"711","t":"09:53:23","h":"Est","s":"25N-H50NV10I-90-I"},{"r":"711","t":"09:53:23","h":"Est","s":"25N-H50NV20I-90-I"},{"r":"711","t":"09:53:23","h":"Est","s":"25S-H50S000I-81-I"},{"r":"711","t":"09:53:23","h":"Est","s":"25S-H50S100F-80-F1"},{"r":"711","t":"09:53:23","h":"Est","s":"25S-H50S200F-80-F2"},{"r":"711","t":"09:56:23","h":"Est","s":"25N-H50N000A-80-A"},{"r":"711","t":"09:56:23","h":"Est","s":"25N-H50N000A-90-A"},{"r":"711","t":"09:56:23","h":"Est","s":"25N-H50NV10A-90-A"},{"r":"711","t":"09:56:23","h":"Est","s":"25N-H50NV20A-90-A"},{"r":"711","t":"09:56:23","h":"Est","s":"25S-H50S000A-81-A"},{"r":"11","t":"10:01:23","h":"Est","s":"25N-H57N000I-80-I"},{"r":"11","t":"10:01:23","h":"Est","s":"25N-H57N100F-80-F1"},{"r":"11","t":"10:01:23","h":"Est","s":"25N-H57N200F-80-F2"},{"r":"11","t":"10:01:23","h":"Est","s":"25N-H57N300F-80-F3"},{"r":"11","t":"10:01:23","h":"Est","s":"25N-H57N400F-80-F4"},{"r":"11","t":"10:01:23","h":"Est","s":"25N-H57NV10I-80-I"},{"r":"11","t":"10:01:23","h":"Est","s":"25N-H57NV20I-80-I"},{"r":"11","t":"10:01:23","h":"Est","s":"25S-H57S000I-80-I"},{"r":"11","t":"10:01:23","h":"Est","s":"25S-H57S100F-80-F1"},{"r":"11","t":"10:01:23","h":"Est","s":"25S-H57S200F-80-F2"},{"r":"11","t":"10:04:23","h":"Est","s":"25N-H57N000A-80-A"},{"r":"11","t":"10:04:23","h":"Est","s":"25N-H57NV10A-80-A"},{"r":"11","t":"10:04:23","h":"Est","s":"25N-H57NV20A-80-A"},{"r":"11","t":"10:04:23","h":"Est","s":"25S-H57S000A-80-A"},{"r":"11","t":"10:21:23","h":"Est","s":"25N-H57N000I-80-I"},{"r":"11","t":"10:21:23","h":"Est","s":"25N-H57N100F-80-F1"},{"r":"11","t":"10:21:23","h":"Est","s":"25N-H57N200F-80-F2"},{"r":"11","t":"10:21:23","h":"Est","s":"25N-H57N300F-80-F3"},{"r":"11","t":"10:21:23","h":"Est","s":"25N-H57N400F-80-F4"},{"r":"11","t":"10:21:23","h":"Est","s":"25N-H57NV10I-80-I"},{"r":"11","t":"10:21:23","h":"Est","s":"25N-H57NV20I-80-I"},{"r":"11","t":"10:21:23","h":"Est","s":"25S-H57S000I-80-I"},{"r":"11","t":"10:21:23","h":"Est","s":"25S-H57S100F-80-F1"},{"r":"11","t":"10:21:23","h":"Est","s":"25S-H57S200F-80-F2"},{"r":"11","t":"10:22:23","h":"Est","s":"25N-H57N000S-80-S"},{"r":"11","t":"10:22:23","h":"Est","s":"25N-H57NV10S-84-S"},{"r":"11","t":"10:22:23","h":"Est","s":"25N-H57NV20S-80-S"},{"r":"11","t":"10:22:23","h":"Est","s":"25S-H57S000S-82-S"},{"r":"11","t":"10:25:23","h":"Est","s":"25N-H57N000A-80-A"},{"r":"11","t":"10:25:23","h":"Est","s":"25N-H57NV10A-80-A"},{"r":"11","t":"10:25:23","h":"Est","s":"25N-H57NV20A-80-A"},{"r":"11","t":"10:25:23","h":"Est","s":"25S-H57S000A-80-A"},{"r":"711","t":"10:26:23","h":"Est","s":"25N-H50N000I-80-I"},{"r":"711","t":"10:26:23","h":"Est","s":"25N-H50N000I-90-I"},{"r":"711","t":"10:26:23","h":"Est","s":"25N-H50NV10I-90-I"},{"r":"711","t":"10:26:23","h":"Est","s":"25N-H50NV20I-90-I"},{"r":"711","t":"10:26:23","h":"Est","s":"25S-H50S000I-81-I"},{"r":"711","t":"10:26:23","h":"Est","s":"25S-H50S100F-80-F1"},{"r":"711","t":"10:26:23","h":"Est","s":"25S-H50S200F-80-F2"},{"r":"711","t":"10:29:23","h":"Est","s":"25N-H50N000A-80-A"},{"r":"711","t":"10:29:23","h":"Est","s":"25N-H50N000A-90-A"},{"r":"711","t":"10:29:23","h":"Est","s":"25N-H50NV10A-90-A"},{"r":"711","t":"10:29:23","h":"Est","s":"25N-H50NV20A-90-A"},{"r":"711","t":"10:29:23","h":"Est","s":"25S-H50S000A-81-A"},{"r":"11","t":"10:41:14","h":"Est","s":"25N-H57N000I-80-I"},{"r":"11","t":"10:41:14","h":"Est","s":"25N-H57N100F-80-F1"},{"r":"11","t":"10:41:14","h":"Est","s":"25N-H57N200F-80-F2"},{"r":"11","t":"10:41:14","h":"Est","s":"25N-H57N300F-80-F3"},{"r":"11","t":"10:41:14","h":"Est","s":"25N-H57N400F-80-F4"},{"r":"11","t":"10:41:14","h":"Est","s":"25N-H57NV10I-80-I"},{"r":"11","t":"10:41:14","h":"Est","s":"25N-H57NV20I-80-I"},{"r":"11","t":"10:41:14","h":"Est","s":"25S-H57S000I-80-I"},{"r":"11","t":"10:41:14","h":"Est","s":"25S-H57S100F-80-F1"},{"r":"11","t":"10:41:14","h":"Est","s":"25S-H57S200F-80-F2"},{"r":"11","t":"10:45:23","h":"Est","s":"25N-H57N000A-80-A"},{"r":"11","t":"10:45:23","h":"Est","s":"25N-H57NV10A-80-A"},{"r":"11","t":"10:45:23","h":"Est","s":"25N-H57NV20A-80-A"},{"r":"11","t":"10:45:23","h":"Est","s":"25S-H57S000A-80-A"},{"r":"11","t":"10:54:23","h":"Est","s":"25N-H57N000S-80-S"},{"r":"11","t":"10:54:23","h":"Est","s":"25N-H57NV10S-84-S"},{"r":"11","t":"10:54:23","h":"Est","s":"25N-H57NV20S-80-S"},{"r":"11","t":"10:54:23","h":"Est","s":"25S-H57S000S-82-S"},{"r":"711","t":"10:56:23","h":"Est","s":"25N-H50N000A-80-A"},{"r":"711","t":"10:56:23","h":"Est","s":"25N-H50N000A-90-A"},{"r":"711","t":"10:56:23","h":"Est","s":"25N-H50NV10A-90-A"},{"r":"711","t":"10:56:23","h":"Est","s":"25N-H50NV20A-90-A"},{"r":"711","t":"10:56:23","h":"Est","s":"25S-H50S000A-81-A"},{"r":"711","t":"10:57:23","h":"Est","s":"25N-H50N000I-80-I"},{"r":"711","t":"10:57:23","h":"Est","s":"25N-H50N000I-90-I"},{"r":"711","t":"10:57:23","h":"Est","s":"25N-H50NV10I-90-I"},{"r":"711","t":"10:57:23","h":"Est","s":"25N-H50NV20I-90-I"},{"r":"711","t":"10:57:23","h":"Est","s":"25S-H50S000I-81-I"},{"r":"711","t":"10:57:23","h":"Est","s":"25S-H50S100F-80-F1"},{"r":"711","t":"10:57:23","h":"Est","s":"25S-H50S200F-80-F2"},{"r":"11","t":"11:03:14","h":"Est","s":"25N-H57N000I-80-I"},{"r":"11","t":"11:03:14","h":"Est","s":"25N-H57N100F-80-F1"},{"r":"11","t":"11:03:14","h":"Est","s":"25N-H57N200F-80-F2"},{"r":"11","t":"11:03:14","h":"Est","s":"25N-H57N300F-80-F3"},{"r":"11","t":"11:03:14","h":"Est","s":"25N-H57N400F-80-F4"},{"r":"11","t":"11:03:14","h":"Est","s":"25N-H57NV10I-80-I"},{"r":"11","t":"11:03:14","h":"Est","s":"25N-H57NV20I-80-I"},{"r":"11","t":"11:03:14","h":"Est","s":"25S-H57S000I-80-I"},{"r":"11","t":"11:03:14","h":"Est","s":"25S-H57S100F-80-F1"},{"r":"11","t":"11:03:14","h":"Est","s":"25S-H57S200F-80-F2"},{"r":"11","t":"11:07:23","h":"Est","s":"25N-H57N000A-80-A"},{"r":"11","t":"11:07:23","h":"Est","s":"25N-H57NV10A-80-A"},{"r":"11","t":"11:07:23","h":"Est","s":"25N-H57NV20A-80-A"},{"r":"11","t":"11:07:23","h":"Est","s":"25S-H57S000A-80-A"},{"r":"11","t":"11:24:14","h":"Est","s":"25N-H57N000I-80-I"},{"r":"11","t":"11:24:14","h":"Est","s":"25N-H57N100F-80-F1"},{"r":"11","t":"11:24:14","h":"Est","s":"25N-H57N200F-80-F2"},{"r":"11","t":"11:24:14","h":"Est","s":"25N-H57N300F-80-F3"},{"r":"11","t":"11:24:14","h":"Est","s":"25N-H57N400F-80-F4"},{"r":"11","t":"11:24:14","h":"Est","s":"25N-H57NV10I-80-I"},{"r":"11","t":"11:24:14","h":"Est","s":"25N-H57NV20I-80-I"},{"r":"11","t":"11:24:14","h":"Est","s":"25S-H57S000I-80-I"},{"r":"11","t":"11:24:14","h":"Est","s":"25S-H57S100F-80-F1"},{"r":"11","t":"11:24:14","h":"Est","s":"25S-H57S200F-80-F2"},{"r":"11","t":"11:25:23","h":"Est","s":"25N-H57N000S-80-S"},{"r":"11","t":"11:25:23","h":"Est","s":"25N-H57NV10S-84-S"},{"r":"11","t":"11:25:23","h":"Est","s":"25N-H57NV20S-80-S"},{"r":"11","t":"11:25:23","h":"Est","s":"25S-H57S000S-82-S"},{"r":"711","t":"11:26:23","h":"Est","s":"25N-H50N000A-80-A"},{"r":"711","t":"11:26:23","h":"Est","s":"25N-H50N000A-90-A"},{"r":"711","t":"11:26:23","h":"Est","s":"25N-H50NV10A-90-A"},{"r":"711","t":"11:26:23","h":"Est","s":"25N-H50NV20A-90-A"},{"r":"711","t":"11:26:23","h":"Est","s":"25S-H50S000A-81-A"},{"r":"711","t":"11:28:23","h":"Est","s":"25N-H50N000I-80-I"},{"r":"711","t":"11:28:23","h":"Est","s":"25N-H50N000I-90-I"},{"r":"711","t":"11:28:23","h":"Est","s":"25N-H50NV10I-90-I"},{"r":"711","t":"11:28:23","h":"Est","s":"25N-H50NV20I-90-I"},{"r":"711","t":"11:28:23","h":"Est","s":"25S-H50S000I-81-I"},{"r":"711","t":"11:28:23","h":"Est","s":"25S-H50S100F-80-F1"},{"r":"711","t":"11:28:23","h":"Est","s":"25S-H50S200F-80-F2"},{"r":"11","t":"11:31:23","h":"Est","s":"25N-H57N000A-80-A"},{"r":"11","t":"11:31:23","h":"Est","s":"25N-H57NV10A-80-A"},{"r":"11","t":"11:31:23","h":"Est","s":"25N-H57NV20A-80-A"},{"r":"11","t":"11:31:23","h":"Est","s":"25S-H57S000A-80-A"},{"r":"11","t":"11:44:14","h":"Est","s":"25N-H57N000I-80-I"},{"r":"11","t":"11:44:14","h":"Est","s":"25N-H57N100F-80-F1"},{"r":"11","t":"11:44:14","h":"Est","s":"25N-H57N200F-80-F2"},{"r":"11","t":"11:44:14","h":"Est","s":"25N-H57N300F-80-F3"},{"r":"11","t":"11:44:14","h":"Est","s":"25N-H57N400F-80-F4"},{"r":"11","t":"11:44:14","h":"Est","s":"25N-H57NV10I-80-I"},{"r":"11","t":"11:44:14","h":"Est","s":"25N-H57NV20I-80-I"},{"r":"11","t":"11:44:14","h":"Est","s":"25S-H57S000I-80-I"},{"r":"11","t":"11:44:14","h":"Est","s":"25S-H57S100F-80-F1"},{"r":"11","t":"11:44:14","h":"Est","s":"25S-H57S200F-80-F2"},{"r":"11","t":"11:53:23","h":"Est","s":"25N-H57N000A-80-A"},{"r":"11","t":"11:53:23","h":"Est","s":"25N-H57NV10A-80-A"},{"r":"11","t":"11:53:23","h":"Est","s":"25N-H57NV20A-80-A"},{"r":"11","t":"11:53:23","h":"Est","s":"25S-H57S000A-80-A"},{"r":"711","t":"11:55:23","h":"Est","s":"25N-H50N000I-80-I"},{"r":"711","t":"11:55:23","h":"Est","s":"25N-H50N000I-90-I"},{"r":"711","t":"11:55:23","h":"Est","s":"25N-H50NV10I-90-I"},{"r":"711","t":"11:55:23","h":"Est","s":"25N-H50NV20I-90-I"},{"r":"711","t":"11:55:23","h":"Est","s":"25S-H50S000I-81-I"},{"r":"711","t":"11:55:23","h":"Est","s":"25S-H50S100F-80-F1"},{"r":"711","t":"11:55:23","h":"Est","s":"25S-H50S200F-80-F2"},{"r":"711","t":"11:58:23","h":"Est","s":"25N-H50N000A-80-A"},{"r":"711","t":"11:58:23","h":"Est","s":"25N-H50N000A-90-A"},{"r":"711","t":"11:58:23","h":"Est","s":"25N-H50NV10A-90-A"},{"r":"711","t":"11:58:23","h":"Est","s":"25N-H50NV20A-90-A"},{"r":"711","t":"11:58:23","h":"Est","s":"25S-H50S000A-81-A"},{"r":"11","t":"12:00:05","h":"Est","s":"25N-H57N000S-80-S"},{"r":"11","t":"12:00:05","h":"Est","s":"25N-H57NV10S-84-S"},{"r":"11","t":"12:00:05","h":"Est","s":"25N-H57NV20S-80-S"},{"r":"11","t":"12:00:05","h":"Est","s":"25S-H57S000S-82-S"},{"r":"11","t":"12:08:14","h":"Est","s":"25N-H57N000I-80-I"},{"r":"11","t":"12:08:14","h":"Est","s":"25N-H57N100F-80-F1"},{"r":"11","t":"12:08:14","h":"Est","s":"25N-H57N200F-80-F2"},{"r":"11","t":"12:08:14","h":"Est","s":"25N-H57N300F-80-F3"},{"r":"11","t":"12:08:14","h":"Est","s":"25N-H57N400F-80-F4"},{"r":"11","t":"12:08:14","h":"Est","s":"25N-H57NV10I-80-I"},{"r":"11","t":"12:08:14","h":"Est","s":"25N-H57NV20I-80-I"},{"r":"11","t":"12:08:14","h":"Est","s":"25S-H57S000I-80-I"},{"r":"11","t":"12:08:14","h":"Est","s":"25S-H57S100F-80-F1"},{"r":"11","t":"12:08:14","h":"Est","s":"25S-H57S200F-80-F2"},{"r":"11","t":"12:15:23","h":"Est","s":"25N-H57N000A-80-A"},{"r":"11","t":"12:15:23","h":"Est","s":"25N-H57NV10A-80-A"},{"r":"11","t":"12:15:23","h":"Est","s":"25N-H57NV20A-80-A"},{"r":"11","t":"12:15:23","h":"Est","s":"25S-H57S000A-80-A"},{"r":"711","t":"12:23:23","h":"Est","s":"25N-H50N000I-80-I"},{"r":"711","t":"12:23:23","h":"Est","s":"25N-H50N000I-90-I"},{"r":"711","t":"12:23:23","h":"Est","s":"25N-H50NV10I-90-I"},{"r":"711","t":"12:23:23","h":"Est","s":"25N-H50NV20I-90-I"},{"r":"711","t":"12:23:23","h":"Est","s":"25S-H50S000I-81-I"},{"r":"711","t":"12:23:23","h":"Est","s":"25S-H50S100F-80-F1"},{"r":"711","t":"12:23:23","h":"Est","s":"25S-H50S200F-80-F2"},{"r":"711","t":"12:26:23","h":"Est","s":"25N-H50N000A-80-A"},{"r":"711","t":"12:26:23","h":"Est","s":"25N-H50N000A-90-A"},{"r":"711","t":"12:26:23","h":"Est","s":"25N-H50NV10A-90-A"},{"r":"711","t":"12:26:23","h":"Est","s":"25N-H50NV20A-90-A"},{"r":"711","t":"12:26:23","h":"Est","s":"25S-H50S000A-81-A"},{"r":"11","t":"12:29:14","h":"Est","s":"25N-H57N000I-80-I"},{"r":"11","t":"12:29:14","h":"Est","s":"25N-H57N100F-80-F1"},{"r":"11","t":"12:29:14","h":"Est","s":"25N-H57N200F-80-F2"},{"r":"11","t":"12:29:14","h":"Est","s":"25N-H57N300F-80-F3"},{"r":"11","t":"12:29:14","h":"Est","s":"25N-H57N400F-80-F4"},{"r":"11","t":"12:29:14","h":"Est","s":"25N-H57NV10I-80-I"},{"r":"11","t":"12:29:14","h":"Est","s":"25N-H57NV20I-80-I"},{"r":"11","t":"12:29:14","h":"Est","s":"25S-H57S000I-80-I"},{"r":"11","t":"12:29:14","h":"Est","s":"25S-H57S100F-80-F1"},{"r":"11","t":"12:29:14","h":"Est","s":"25S-H57S200F-80-F2"},{"r":"11","t":"12:32:05","h":"Est","s":"25N-H57N000S-80-S"},{"r":"11","t":"12:32:05","h":"Est","s":"25N-H57NV10S-84-S"},{"r":"11","t":"12:32:05","h":"Est","s":"25N-H57NV20S-80-S"},{"r":"11","t":"12:32:05","h":"Est","s":"25S-H57S000S-82-S"},{"r":"11","t":"12:41:23","h":"Est","s":"25N-H57N000A-80-A"},{"r":"11","t":"12:41:23","h":"Est","s":"25N-H57NV10A-80-A"},{"r":"11","t":"12:41:23","h":"Est","s":"25N-H57NV20A-80-A"},{"r":"11","t":"12:41:23","h":"Est","s":"25S-H57S000A-80-A"},{"r":"11","t":"12:50:14","h":"Est","s":"25N-H57N000I-80-I"},{"r":"11","t":"12:50:14","h":"Est","s":"25N-H57N100F-80-F1"},{"r":"11","t":"12:50:14","h":"Est","s":"25N-H57N200F-80-F2"},{"r":"11","t":"12:50:14","h":"Est","s":"25N-H57N300F-80-F3"},{"r":"11","t":"12:50:14","h":"Est","s":"25N-H57N400F-80-F4"},{"r":"11","t":"12:50:14","h":"Est","s":"25N-H57NV10I-80-I"},{"r":"11","t":"12:50:14","h":"Est","s":"25N-H57NV20I-80-I"},{"r":"11","t":"12:50:14","h":"Est","s":"25S-H57S000I-80-I"},{"r":"11","t":"12:50:14","h":"Est","s":"25S-H57S100F-80-F1"},{"r":"11","t":"12:50:14","h":"Est","s":"25S-H57S200F-80-F2"},{"r":"711","t":"12:56:23","h":"Est","s":"25N-H50N000I-80-I"},{"r":"711","t":"12:56:23","h":"Est","s":"25N-H50N000I-90-I"},{"r":"711","t":"12:56:23","h":"Est","s":"25N-H50NV10I-90-I"},{"r":"711","t":"12:56:23","h":"Est","s":"25N-H50NV20I-90-I"},{"r":"711","t":"12:56:23","h":"Est","s":"25S-H50S000I-81-I"},{"r":"711","t":"12:56:23","h":"Est","s":"25S-H50S100F-80-F1"},{"r":"711","t":"12:56:23","h":"Est","s":"25S-H50S200F-80-F2"},{"r":"11","t":"12:57:05","h":"Est","s":"25N-H57N000S-80-S"},{"r":"11","t":"12:57:05","h":"Est","s":"25N-H57NV10S-84-S"},{"r":"11","t":"12:57:05","h":"Est","s":"25N-H57NV20S-80-S"},{"r":"11","t":"12:57:05","h":"Est","s":"25S-H57S000S-82-S"},{"r":"711","t":"12:58:23","h":"Est","s":"25N-H50N000A-80-A"},{"r":"711","t":"12:58:23","h":"Est","s":"25N-H50N000A-90-A"},{"r":"711","t":"12:58:23","h":"Est","s":"25N-H50NV10A-90-A"},{"r":"711","t":"12:58:23","h":"Est","s":"25N-H50NV20A-90-A"},{"r":"711","t":"12:58:23","h":"Est","s":"25S-H50S000A-81-A"},{"r":"11","t":"13:03:23","h":"Est","s":"25N-H57N000A-80-A"},{"r":"11","t":"13:03:23","h":"Est","s":"25N-H57NV10A-80-A"},{"r":"11","t":"13:03:23","h":"Est","s":"25N-H57NV20A-80-A"},{"r":"11","t":"13:03:23","h":"Est","s":"25S-H57S000A-80-A"},{"r":"11","t":"13:07:14","h":"Est","s":"25N-H57N000I-80-I"},{"r":"11","t":"13:07:14","h":"Est","s":"25N-H57N100F-80-F1"},{"r":"11","t":"13:07:14","h":"Est","s":"25N-H57N200F-80-F2"},{"r":"11","t":"13:07:14","h":"Est","s":"25N-H57N300F-80-F3"},{"r":"11","t":"13:07:14","h":"Est","s":"25N-H57N400F-80-F4"},{"r":"11","t":"13:07:14","h":"Est","s":"25N-H57NV10I-80-I"},{"r":"11","t":"13:07:14","h":"Est","s":"25N-H57NV20I-80-I"},{"r":"11","t":"13:07:14","h":"Est","s":"25S-H57S000I-80-I"},{"r":"11","t":"13:07:14","h":"Est","s":"25S-H57S100F-80-F1"},{"r":"11","t":"13:07:14","h":"Est","s":"25S-H57S200F-80-F2"},{"r":"11","t":"13:20:05","h":"Est","s":"25N-H57N000S-80-S"},{"r":"11","t":"13:20:05","h":"Est","s":"25N-H57NV10S-84-S"},{"r":"11","t":"13:20:05","h":"Est","s":"25N-H57NV20S-80-S"},{"r":"11","t":"13:20:05","h":"Est","s":"25S-H57S000S-82-S"},{"r":"11","t":"13:25:14","h":"Est","s":"25N-H57N000I-80-I"},{"r":"11","t":"13:25:14","h":"Est","s":"25N-H57N100F-80-F1"},{"r":"11","t":"13:25:14","h":"Est","s":"25N-H57N200F-80-F2"},{"r":"11","t":"13:25:14","h":"Est","s":"25N-H57N300F-80-F3"},{"r":"11","t":"13:25:14","h":"Est","s":"25N-H57N400F-80-F4"},{"r":"11","t":"13:25:14","h":"Est","s":"25N-H57NV10I-80-I"},{"r":"11","t":"13:25:14","h":"Est","s":"25N-H57NV20I-80-I"},{"r":"11","t":"13:25:14","h":"Est","s":"25S-H57S000I-80-I"},{"r":"11","t":"13:25:14","h":"Est","s":"25S-H57S100F-80-F1"},{"r":"11","t":"13:25:14","h":"Est","s":"25S-H57S200F-80-F2"},{"r":"11","t":"13:26:23","h":"Est","s":"25N-H57N000A-80-A"},{"r":"11","t":"13:26:23","h":"Est","s":"25N-H57NV10A-80-A"},{"r":"11","t":"13:26:23","h":"Est","s":"25N-H57NV20A-80-A"},{"r":"11","t":"13:26:23","h":"Est","s":"25S-H57S000A-80-A"},{"r":"711","t":"13:30:14","h":"Est","s":"25N-H50N000I-80-I"},{"r":"711","t":"13:30:14","h":"Est","s":"25N-H50N000I-90-I"},{"r":"711","t":"13:30:14","h":"Est","s":"25N-H50NV10I-90-I"},{"r":"711","t":"13:30:14","h":"Est","s":"25N-H50NV20I-90-I"},{"r":"711","t":"13:30:14","h":"Est","s":"25S-H50S000I-81-I"},{"r":"711","t":"13:30:14","h":"Est","s":"25S-H50S100F-80-F1"},{"r":"711","t":"13:30:14","h":"Est","s":"25S-H50S200F-80-F2"},{"r":"711","t":"13:32:14","h":"Est","s":"25N-H50N000A-80-A"},{"r":"711","t":"13:32:14","h":"Est","s":"25N-H50N000A-90-A"},{"r":"711","t":"13:32:14","h":"Est","s":"25N-H50NV10A-90-A"},{"r":"711","t":"13:32:14","h":"Est","s":"25N-H50NV20A-90-A"},{"r":"711","t":"13:32:14","h":"Est","s":"25S-H50S000A-81-A"},{"r":"11","t":"13:43:05","h":"Est","s":"25N-H57N000S-80-S"},{"r":"11","t":"13:43:05","h":"Est","s":"25N-H57NV10S-84-S"},{"r":"11","t":"13:43:05","h":"Est","s":"25N-H57NV20S-80-S"},{"r":"11","t":"13:43:05","h":"Est","s":"25S-H57S000S-82-S"},{"r":"11","t":"13:43:14","h":"Est","s":"25N-H57N000I-80-I"},{"r":"11","t":"13:43:14","h":"Est","s":"25N-H57N100F-80-F1"},{"r":"11","t":"13:43:14","h":"Est","s":"25N-H57N200F-80-F2"},{"r":"11","t":"13:43:14","h":"Est","s":"25N-H57N300F-80-F3"},{"r":"11","t":"13:43:14","h":"Est","s":"25N-H57N400F-80-F4"},{"r":"11","t":"13:43:14","h":"Est","s":"25N-H57NV10I-80-I"},{"r":"11","t":"13:43:14","h":"Est","s":"25N-H57NV20I-80-I"},{"r":"11","t":"13:43:14","h":"Est","s":"25S-H57S000I-80-I"},{"r":"11","t":"13:43:14","h":"Est","s":"25S-H57S100F-80-F1"},{"r":"11","t":"13:43:14","h":"Est","s":"25S-H57S200F-80-F2"},{"r":"11","t":"13:52:23","h":"Est","s":"25N-H57N000A-80-A"},{"r":"11","t":"13:52:23","h":"Est","s":"25N-H57NV10A-80-A"},{"r":"11","t":"13:52:23","h":"Est","s":"25N-H57NV20A-80-A"},{"r":"11","t":"13:52:23","h":"Est","s":"25S-H57S000A-80-A"},{"r":"711","t":"13:56:14","h":"Est","s":"25N-H50N000I-80-I"},{"r":"711","t":"13:56:14","h":"Est","s":"25N-H50N000I-90-I"},{"r":"711","t":"13:56:14","h":"Est","s":"25N-H50NV10I-90-I"},{"r":"711","t":"13:56:14","h":"Est","s":"25N-H50NV20I-90-I"},{"r":"711","t":"13:56:14","h":"Est","s":"25S-H50S000I-81-I"},{"r":"711","t":"13:56:14","h":"Est","s":"25S-H50S100F-80-F1"},{"r":"711","t":"13:56:14","h":"Est","s":"25S-H50S200F-80-F2"},{"r":"11","t":"14:01:14","h":"Est","s":"25N-H57N000I-80-I"},{"r":"11","t":"14:01:14","h":"Est","s":"25N-H57N100F-80-F1"},{"r":"11","t":"14:01:14","h":"Est","s":"25N-H57N200F-80-F2"},{"r":"11","t":"14:01:14","h":"Est","s":"25N-H57N300F-80-F3"},{"r":"11","t":"14:01:14","h":"Est","s":"25N-H57N400F-80-F4"},{"r":"11","t":"14:01:14","h":"Est","s":"25N-H57NV10I-80-I"},{"r":"11","t":"14:01:14","h":"Est","s":"25N-H57NV20I-80-I"},{"r":"11","t":"14:01:14","h":"Est","s":"25S-H57S000I-80-I"},{"r":"11","t":"14:01:14","h":"Est","s":"25S-H57S100F-80-F1"},{"r":"11","t":"14:01:14","h":"Est","s":"25S-H57S200F-80-F2"},{"r":"711","t":"14:03:14","h":"Est","s":"25N-H50N000A-80-A"},{"r":"711","t":"14:03:14","h":"Est","s":"25N-H50N000A-90-A"},{"r":"711","t":"14:03:14","h":"Est","s":"25N-H50NV10A-90-A"},{"r":"711","t":"14:03:14","h":"Est","s":"25N-H50NV20A-90-A"},{"r":"711","t":"14:03:14","h":"Est","s":"25S-H50S000A-81-A"},{"r":"11","t":"14:06:05","h":"Est","s":"25N-H57N000S-80-S"},{"r":"11","t":"14:06:05","h":"Est","s":"25N-H57NV10S-84-S"},{"r":"11","t":"14:06:05","h":"Est","s":"25N-H57NV20S-80-S"},{"r":"11","t":"14:06:05","h":"Est","s":"25S-H57S000S-82-S"},{"r":"11","t":"14:14:23","h":"Est","s":"25N-H57N000A-80-A"},{"r":"11","t":"14:14:23","h":"Est","s":"25N-H57NV10A-80-A"},{"r":"11","t":"14:14:23","h":"Est","s":"25N-H57NV20A-80-A"},{"r":"11","t":"14:14:23","h":"Est","s":"25S-H57S000A-80-A"},{"r":"11","t":"14:19:14","h":"Est","s":"25N-H57N000I-80-I"},{"r":"11","t":"14:19:14","h":"Est","s":"25N-H57N100F-80-F1"},{"r":"11","t":"14:19:14","h":"Est","s":"25N-H57N200F-80-F2"},{"r":"11","t":"14:19:14","h":"Est","s":"25N-H57N300F-80-F3"},{"r":"11","t":"14:19:14","h":"Est","s":"25N-H57N400F-80-F4"},{"r":"11","t":"14:19:14","h":"Est","s":"25N-H57NV10I-80-I"},{"r":"11","t":"14:19:14","h":"Est","s":"25N-H57NV20I-80-I"},{"r":"11","t":"14:19:14","h":"Est","s":"25S-H57S000I-80-I"},{"r":"11","t":"14:19:14","h":"Est","s":"25S-H57S100F-80-F1"},{"r":"11","t":"14:19:14","h":"Est","s":"25S-H57S200F-80-F2"},{"r":"711","t":"14:29:14","h":"Est","s":"25N-H50N000I-80-I"},{"r":"711","t":"14:29:14","h":"Est","s":"25N-H50N000I-90-I"},{"r":"711","t":"14:29:14","h":"Est","s":"25N-H50NV10I-90-I"},{"r":"711","t":"14:29:14","h":"Est","s":"25N-H50NV20I-90-I"},{"r":"711","t":"14:29:14","h":"Est","s":"25S-H50S000I-81-I"},{"r":"711","t":"14:29:14","h":"Est","s":"25S-H50S100F-80-F1"},{"r":"711","t":"14:29:14","h":"Est","s":"25S-H50S200F-80-F2"},{"r":"11","t":"14:30:05","h":"Est","s":"25N-H57N000S-80-S"},{"r":"11","t":"14:30:05","h":"Est","s":"25N-H57NV10S-84-S"},{"r":"11","t":"14:30:05","h":"Est","s":"25N-H57NV20S-80-S"},{"r":"11","t":"14:30:05","h":"Est","s":"25S-H57S000S-82-S"},{"r":"11","t":"14:30:23","h":"Est","s":"25N-H57N000A-80-A"},{"r":"11","t":"14:30:23","h":"Est","s":"25N-H57NV10A-80-A"},{"r":"11","t":"14:30:23","h":"Est","s":"25N-H57NV20A-80-A"},{"r":"11","t":"14:30:23","h":"Est","s":"25S-H57S000A-80-A"},{"r":"711","t":"14:36:14","h":"Est","s":"25N-H50N000A-80-A"},{"r":"711","t":"14:36:14","h":"Est","s":"25N-H50N000A-90-A"},{"r":"711","t":"14:36:14","h":"Est","s":"25N-H50NV10A-90-A"},{"r":"711","t":"14:36:14","h":"Est","s":"25N-H50NV20A-90-A"},{"r":"711","t":"14:36:14","h":"Est","s":"25S-H50S000A-81-A"},{"r":"11","t":"14:38:14","h":"Est","s":"25N-H57N000I-80-I"},{"r":"11","t":"14:38:14","h":"Est","s":"25N-H57N100F-80-F1"},{"r":"11","t":"14:38:14","h":"Est","s":"25N-H57N200F-80-F2"},{"r":"11","t":"14:38:14","h":"Est","s":"25N-H57N300F-80-F3"},{"r":"11","t":"14:38:14","h":"Est","s":"25N-H57N400F-80-F4"},{"r":"11","t":"14:38:14","h":"Est","s":"25N-H57NV10I-80-I"},{"r":"11","t":"14:38:14","h":"Est","s":"25N-H57NV20I-80-I"},{"r":"11","t":"14:38:14","h":"Est","s":"25S-H57S000I-80-I"},{"r":"11","t":"14:38:14","h":"Est","s":"25S-H57S100F-80-F1"},{"r":"11","t":"14:38:14","h":"Est","s":"25S-H57S200F-80-F2"},{"r":"11","t":"14:49:14","h":"Est","s":"25N-H57N000A-80-A"},{"r":"11","t":"14:49:14","h":"Est","s":"25N-H57NV10A-80-A"},{"r":"11","t":"14:49:14","h":"Est","s":"25N-H57NV20A-80-A"},{"r":"11","t":"14:49:14","h":"Est","s":"25S-H57S000A-80-A"},{"r":"11","t":"14:54:05","h":"Est","s":"25N-H57N000S-80-S"},{"r":"11","t":"14:54:05","h":"Est","s":"25N-H57NV10S-84-S"},{"r":"11","t":"14:54:05","h":"Est","s":"25N-H57NV20S-80-S"},{"r":"11","t":"14:54:05","h":"Est","s":"25S-H57S000S-82-S"},{"r":"11","t":"14:57:14","h":"Est","s":"25N-H57N000I-80-I"},{"r":"11","t":"14:57:14","h":"Est","s":"25N-H57N100F-80-F1"},{"r":"11","t":"14:57:14","h":"Est","s":"25N-H57N200F-80-F2"},{"r":"11","t":"14:57:14","h":"Est","s":"25N-H57N300F-80-F3"},{"r":"11","t":"14:57:14","h":"Est","s":"25N-H57N400F-80-F4"},{"r":"11","t":"14:57:14","h":"Est","s":"25N-H57NV10I-80-I"},{"r":"11","t":"14:57:14","h":"Est","s":"25N-H57NV20I-80-I"},{"r":"11","t":"14:57:14","h":"Est","s":"25S-H57S000I-80-I"},{"r":"11","t":"14:57:14","h":"Est","s":"25S-H57S100F-80-F1"},{"r":"11","t":"14:57:14","h":"Est","s":"25S-H57S200F-80-F2"},{"r":"711","t":"15:02:14","h":"Est","s":"25N-H50N000A-80-A"},{"r":"711","t":"15:02:14","h":"Est","s":"25N-H50N000A-90-A"},{"r":"711","t":"15:02:14","h":"Est","s":"25N-H50N000I-80-I"},{"r":"711","t":"15:02:14","h":"Est","s":"25N-H50N000I-90-I"},{"r":"711","t":"15:02:14","h":"Est","s":"25N-H50NV10A-90-A"},{"r":"711","t":"15:02:14","h":"Est","s":"25N-H50NV10I-90-I"},{"r":"711","t":"15:02:14","h":"Est","s":"25N-H50NV20A-90-A"},{"r":"711","t":"15:02:14","h":"Est","s":"25N-H50NV20I-90-I"},{"r":"711","t":"15:02:14","h":"Est","s":"25S-H50S000A-81-A"},{"r":"711","t":"15:02:14","h":"Est","s":"25S-H50S000I-81-I"},{"r":"711","t":"15:02:14","h":"Est","s":"25S-H50S100F-80-F1"},{"r":"711","t":"15:02:14","h":"Est","s":"25S-H50S200F-80-F2"},{"r":"11","t":"15:11:14","h":"Est","s":"25N-H57N000A-80-A"},{"r":"11","t":"15:11:14","h":"Est","s":"25N-H57NV10A-80-A"},{"r":"11","t":"15:11:14","h":"Est","s":"25N-H57NV20A-80-A"},{"r":"11","t":"15:11:14","h":"Est","s":"25S-H57S000A-80-A"},{"r":"11","t":"15:16:14","h":"Est","s":"25N-H57N000I-80-I"},{"r":"11","t":"15:16:14","h":"Est","s":"25N-H57N100F-80-F1"},{"r":"11","t":"15:16:14","h":"Est","s":"25N-H57N200F-80-F2"},{"r":"11","t":"15:16:14","h":"Est","s":"25N-H57N300F-80-F3"},{"r":"11","t":"15:16:14","h":"Est","s":"25N-H57N400F-80-F4"},{"r":"11","t":"15:16:14","h":"Est","s":"25N-H57NV10I-80-I"},{"r":"11","t":"15:16:14","h":"Est","s":"25N-H57NV20I-80-I"},{"r":"11","t":"15:16:14","h":"Est","s":"25S-H57S000I-80-I"},{"r":"11","t":"15:16:14","h":"Est","s":"25S-H57S100F-80-F1"},{"r":"11","t":"15:16:14","h":"Est","s":"25S-H57S200F-80-F2"},{"r":"11","t":"15:18:05","h":"Est","s":"25N-H57N000S-80-S"},{"r":"11","t":"15:18:05","h":"Est","s":"25N-H57NV10S-84-S"},{"r":"11","t":"15:18:05","h":"Est","s":"25N-H57NV20S-80-S"},{"r":"11","t":"15:18:05","h":"Est","s":"25S-H57S000S-82-S"},{"r":"711","t":"15:27:14","h":"Est","s":"25N-H50N000I-80-I"},{"r":"711","t":"15:27:14","h":"Est","s":"25N-H50N000I-90-I"},{"r":"711","t":"15:27:14","h":"Est","s":"25N-H50NV10I-90-I"},{"r":"711","t":"15:27:14","h":"Est","s":"25N-H50NV20I-90-I"},{"r":"711","t":"15:27:14","h":"Est","s":"25S-H50S000I-81-I"},{"r":"711","t":"15:27:14","h":"Est","s":"25S-H50S100F-80-F1"},{"r":"711","t":"15:27:14","h":"Est","s":"25S-H50S200F-80-F2"},{"r":"11","t":"15:29:14","h":"Est","s":"25N-H57N000A-80-A"},{"r":"11","t":"15:29:14","h":"Est","s":"25N-H57NV10A-80-A"},{"r":"11","t":"15:29:14","h":"Est","s":"25N-H57NV20A-80-A"},{"r":"11","t":"15:29:14","h":"Est","s":"25S-H57S000A-80-A"},{"r":"11","t":"15:32:14","h":"Est","s":"25N-H57N000I-80-I"},{"r":"11","t":"15:32:14","h":"Est","s":"25N-H57N100F-80-F1"},{"r":"11","t":"15:32:14","h":"Est","s":"25N-H57N200F-80-F2"},{"r":"11","t":"15:32:14","h":"Est","s":"25N-H57N300F-80-F3"},{"r":"11","t":"15:32:14","h":"Est","s":"25N-H57N400F-80-F4"},{"r":"11","t":"15:32:14","h":"Est","s":"25N-H57NV10I-80-I"},{"r":"11","t":"15:32:14","h":"Est","s":"25N-H57NV20I-80-I"},{"r":"11","t":"15:32:14","h":"Est","s":"25S-H57S000I-80-I"},{"r":"11","t":"15:32:14","h":"Est","s":"25S-H57S100F-80-F1"},{"r":"11","t":"15:32:14","h":"Est","s":"25S-H57S200F-80-F2"},{"r":"711","t":"15:34:14","h":"Est","s":"25N-H50N000A-80-A"},{"r":"711","t":"15:34:14","h":"Est","s":"25N-H50N000A-90-A"},{"r":"711","t":"15:34:14","h":"Est","s":"25N-H50NV10A-90-A"},{"r":"711","t":"15:34:14","h":"Est","s":"25N-H50NV20A-90-A"},{"r":"711","t":"15:34:14","h":"Est","s":"25S-H50S000A-81-A"},{"r":"11","t":"15:42:05","h":"Est","s":"25N-H57N000S-80-S"},{"r":"11","t":"15:42:05","h":"Est","s":"25N-H57NV10S-84-S"},{"r":"11","t":"15:42:05","h":"Est","s":"25N-H57NV20S-80-S"},{"r":"11","t":"15:42:05","h":"Est","s":"25S-H57S000S-82-S"},{"r":"11","t":"15:47:14","h":"Est","s":"25N-H57N000I-80-I"},{"r":"11","t":"15:47:14","h":"Est","s":"25N-H57N100F-80-F1"},{"r":"11","t":"15:47:14","h":"Est","s":"25N-H57N200F-80-F2"},{"r":"11","t":"15:47:14","h":"Est","s":"25N-H57N300F-80-F3"},{"r":"11","t":"15:47:14","h":"Est","s":"25N-H57N400F-80-F4"},{"r":"11","t":"15:47:14","h":"Est","s":"25N-H57NV10I-80-I"},{"r":"11","t":"15:47:14","h":"Est","s":"25N-H57NV20I-80-I"},{"r":"11","t":"15:47:14","h":"Est","s":"25S-H57S000I-80-I"},{"r":"11","t":"15:47:14","h":"Est","s":"25S-H57S100F-80-F1"},{"r":"11","t":"15:47:14","h":"Est","s":"25S-H57S200F-80-F2"},{"r":"11","t":"15:49:14","h":"Est","s":"25N-H57N000A-80-A"},{"r":"11","t":"15:49:14","h":"Est","s":"25N-H57NV10A-80-A"},{"r":"11","t":"15:49:14","h":"Est","s":"25N-H57NV20A-80-A"},{"r":"11","t":"15:49:14","h":"Est","s":"25S-H57S000A-80-A"},{"r":"711","t":"15:56:14","h":"Est","s":"25N-H50N000I-80-I"},{"r":"711","t":"15:56:14","h":"Est","s":"25N-H50N000I-90-I"},{"r":"711","t":"15:56:14","h":"Est","s":"25N-H50NV10I-90-I"},{"r":"711","t":"15:56:14","h":"Est","s":"25N-H50NV20I-90-I"},{"r":"711","t":"15:56:14","h":"Est","s":"25S-H50S000I-81-I"},{"r":"711","t":"15:56:14","h":"Est","s":"25S-H50S100F-80-F1"},{"r":"711","t":"15:56:14","h":"Est","s":"25S-H50S200F-80-F2"},{"r":"11","t":"16:01:14","h":"Est","s":"25N-H57N000I-80-I"},{"r":"11","t":"16:01:14","h":"Est","s":"25N-H57N100F-80-F1"},{"r":"11","t":"16:01:14","h":"Est","s":"25N-H57N200F-80-F2"},{"r":"11","t":"16:01:14","h":"Est","s":"25N-H57N300F-80-F3"},{"r":"11","t":"16:01:14","h":"Est","s":"25N-H57N400F-80-F4"},{"r":"11","t":"16:01:14","h":"Est","s":"25N-H57NV10I-80-I"},{"r":"11","t":"16:01:14","h":"Est","s":"25N-H57NV20I-80-I"},{"r":"11","t":"16:01:14","h":"Est","s":"25S-H57S000I-80-I"},{"r":"11","t":"16:01:14","h":"Est","s":"25S-H57S100F-80-F1"},{"r":"11","t":"16:01:14","h":"Est","s":"25S-H57S200F-80-F2"},{"r":"711","t":"16:02:14","h":"Est","s":"25N-H50N000A-80-A"},{"r":"711","t":"16:02:14","h":"Est","s":"25N-H50N000A-90-A"},{"r":"711","t":"16:02:14","h":"Est","s":"25N-H50NV10A-90-A"},{"r":"711","t":"16:02:14","h":"Est","s":"25N-H50NV20A-90-A"},{"r":"711","t":"16:02:14","h":"Est","s":"25S-H50S000A-81-A"},{"r":"11","t":"16:05:14","h":"Est","s":"25N-H57N000A-80-A"},{"r":"11","t":"16:05:14","h":"Est","s":"25N-H57NV10A-80-A"},{"r":"11","t":"16:05:14","h":"Est","s":"25N-H57NV20A-80-A"},{"r":"11","t":"16:05:14","h":"Est","s":"25S-H57S000A-80-A"},{"r":"11","t":"16:06:05","h":"Est","s":"25N-H57N000S-80-S"},{"r":"11","t":"16:06:05","h":"Est","s":"25N-H57NV10S-84-S"},{"r":"11","t":"16:06:05","h":"Est","s":"25N-H57NV20S-80-S"},{"r":"11","t":"16:06:05","h":"Est","s":"25S-H57S000S-82-S"},{"r":"11","t":"16:16:14","h":"Est","s":"25N-H57N000I-80-I"},{"r":"11","t":"16:16:14","h":"Est","s":"25N-H57N100F-80-F1"},{"r":"11","t":"16:16:14","h":"Est","s":"25N-H57N200F-80-F2"},{"r":"11","t":"16:16:14","h":"Est","s":"25N-H57N300F-80-F3"},{"r":"11","t":"16:16:14","h":"Est","s":"25N-H57N400F-80-F4"},{"r":"11","t":"16:16:14","h":"Est","s":"25N-H57NV10I-80-I"},{"r":"11","t":"16:16:14","h":"Est","s":"25N-H57NV20I-80-I"},{"r":"11","t":"16:16:14","h":"Est","s":"25S-H57S000I-80-I"},{"r":"11","t":"16:16:14","h":"Est","s":"25S-H57S100F-80-F1"},{"r":"11","t":"16:16:14","h":"Est","s":"25S-H57S200F-80-F2"},{"r":"711","t":"16:27:14","h":"Est","s":"25N-H50N000I-80-I"},{"r":"711","t":"16:27:14","h":"Est","s":"25N-H50N000I-90-I"},{"r":"711","t":"16:27:14","h":"Est","s":"25N-H50NV10I-90-I"},{"r":"711","t":"16:27:14","h":"Est","s":"25N-H50NV20I-90-I"},{"r":"11","t":"16:27:14","h":"Est","s":"25N-H57N000A-80-A"},{"r":"11","t":"16:27:14","h":"Est","s":"25N-H57NV10A-80-A"},{"r":"11","t":"16:27:14","h":"Est","s":"25N-H57NV20A-80-A"},{"r":"711","t":"16:27:14","h":"Est","s":"25S-H50S000I-81-I"},{"r":"711","t":"16:27:14","h":"Est","s":"25S-H50S100F-80-F1"},{"r":"711","t":"16:27:14","h":"Est","s":"25S-H50S200F-80-F2"},{"r":"11","t":"16:27:14","h":"Est","s":"25S-H57S000A-80-A"},{"r":"11","t":"16:31:05","h":"Est","s":"25N-H57N000S-80-S"},{"r":"11","t":"16:31:05","h":"Est","s":"25N-H57NV10S-84-S"},{"r":"11","t":"16:31:05","h":"Est","s":"25N-H57NV20S-80-S"},{"r":"11","t":"16:31:05","h":"Est","s":"25S-H57S000S-82-S"},{"r":"711","t":"16:32:14","h":"Est","s":"25N-H50N000A-80-A"},{"r":"711","t":"16:32:14","h":"Est","s":"25N-H50N000A-90-A"},{"r":"711","t":"16:32:14","h":"Est","s":"25N-H50NV10A-90-A"},{"r":"711","t":"16:32:14","h":"Est","s":"25N-H50NV20A-90-A"},{"r":"11","t":"16:32:14","h":"Est","s":"25N-H57N000I-80-I"},{"r":"11","t":"16:32:14","h":"Est","s":"25N-H57N100F-80-F1"},{"r":"11","t":"16:32:14","h":"Est","s":"25N-H57N200F-80-F2"},{"r":"11","t":"16:32:14","h":"Est","s":"25N-H57N300F-80-F3"},{"r":"11","t":"16:32:14","h":"Est","s":"25N-H57N400F-80-F4"},{"r":"11","t":"16:32:14","h":"Est","s":"25N-H57NV10I-80-I"},{"r":"11","t":"16:32:14","h":"Est","s":"25N-H57NV20I-80-I"},{"r":"711","t":"16:32:14","h":"Est","s":"25S-H50S000A-81-A"},{"r":"11","t":"16:32:14","h":"Est","s":"25S-H57S000I-80-I"},{"r":"11","t":"16:32:14","h":"Est","s":"25S-H57S100F-80-F1"},{"r":"11","t":"16:32:14","h":"Est","s":"25S-H57S200F-80-F2"},{"r":"11","t":"16:44:14","h":"Est","s":"25N-H57N000A-80-A"},{"r":"11","t":"16:44:14","h":"Est","s":"25N-H57NV10A-80-A"},{"r":"11","t":"16:44:14","h":"Est","s":"25N-H57NV20A-80-A"},{"r":"11","t":"16:44:14","h":"Est","s":"25S-H57S000A-80-A"},{"r":"11","t":"16:46:14","h":"Est","s":"25N-H57N000I-80-I"},{"r":"11","t":"16:46:14","h":"Est","s":"25N-H57N100F-80-F1"},{"r":"11","t":"16:46:14","h":"Est","s":"25N-H57N200F-80-F2"},{"r":"11","t":"16:46:14","h":"Est","s":"25N-H57N300F-80-F3"},{"r":"11","t":"16:46:14","h":"Est","s":"25N-H57N400F-80-F4"},{"r":"11","t":"16:46:14","h":"Est","s":"25N-H57NV10I-80-I"},{"r":"11","t":"16:46:14","h":"Est","s":"25N-H57NV20I-80-I"},{"r":"11","t":"16:46:14","h":"Est","s":"25S-H57S000I-80-I"},{"r":"11","t":"16:46:14","h":"Est","s":"25S-H57S100F-80-F1"},{"r":"11","t":"16:46:14","h":"Est","s":"25S-H57S200F-80-F2"},{"r":"11","t":"16:56:05","h":"Est","s":"25N-H57N000S-80-S"},{"r":"11","t":"16:56:05","h":"Est","s":"25N-H57NV10S-84-S"},{"r":"11","t":"16:56:05","h":"Est","s":"25N-H57NV20S-80-S"},{"r":"11","t":"16:56:05","h":"Est","s":"25S-H57S000S-82-S"},{"r":"711","t":"16:57:14","h":"Est","s":"25N-H50N000I-80-I"},{"r":"711","t":"16:57:14","h":"Est","s":"25N-H50N000I-90-I"},{"r":"711","t":"16:57:14","h":"Est","s":"25N-H50NV10I-90-I"},{"r":"711","t":"16:57:14","h":"Est","s":"25N-H50NV20I-90-I"},{"r":"711","t":"16:57:14","h":"Est","s":"25S-H50S000I-81-I"},{"r":"711","t":"16:57:14","h":"Est","s":"25S-H50S100F-80-F1"},{"r":"711","t":"16:57:14","h":"Est","s":"25S-H50S200F-80-F2"},{"r":"711","t":"17:00:14","h":"Est","s":"25N-H50N000A-80-A"},{"r":"711","t":"17:00:14","h":"Est","s":"25N-H50N000A-90-A"},{"r":"711","t":"17:00:14","h":"Est","s":"25N-H50NV10A-90-A"},{"r":"711","t":"17:00:14","h":"Est","s":"25N-H50NV20A-90-A"},{"r":"711","t":"17:00:14","h":"Est","s":"25S-H50S000A-81-A"},{"r":"11","t":"17:02:14","h":"Est","s":"25N-H57N000I-80-I"},{"r":"11","t":"17:02:14","h":"Est","s":"25N-H57N100F-80-F1"},{"r":"11","t":"17:02:14","h":"Est","s":"25N-H57N200F-80-F2"},{"r":"11","t":"17:02:14","h":"Est","s":"25N-H57N300F-80-F3"},{"r":"11","t":"17:02:14","h":"Est","s":"25N-H57N400F-80-F4"},{"r":"11","t":"17:02:14","h":"Est","s":"25N-H57NV10I-80-I"},{"r":"11","t":"17:02:14","h":"Est","s":"25N-H57NV20I-80-I"},{"r":"11","t":"17:02:14","h":"Est","s":"25S-H57S000I-80-I"},{"r":"11","t":"17:02:14","h":"Est","s":"25S-H57S100F-80-F1"},{"r":"11","t":"17:02:14","h":"Est","s":"25S-H57S200F-80-F2"},{"r":"11","t":"17:05:14","h":"Est","s":"25N-H57N000A-80-A"},{"r":"11","t":"17:05:14","h":"Est","s":"25N-H57NV10A-80-A"},{"r":"11","t":"17:05:14","h":"Est","s":"25N-H57NV20A-80-A"},{"r":"11","t":"17:05:14","h":"Est","s":"25S-H57S000A-80-A"},{"r":"11","t":"17:18:14","h":"Est","s":"25N-H57N000I-80-I"},{"r":"11","t":"17:18:14","h":"Est","s":"25N-H57N100F-80-F1"},{"r":"11","t":"17:18:14","h":"Est","s":"25N-H57N200F-80-F2"},{"r":"11","t":"17:18:14","h":"Est","s":"25N-H57N300F-80-F3"},{"r":"11","t":"17:18:14","h":"Est","s":"25N-H57N400F-80-F4"},{"r":"11","t":"17:18:14","h":"Est","s":"25N-H57NV10I-80-I"},{"r":"11","t":"17:18:14","h":"Est","s":"25N-H57NV20I-80-I"},{"r":"11","t":"17:18:14","h":"Est","s":"25S-H57S000I-80-I"},{"r":"11","t":"17:18:14","h":"Est","s":"25S-H57S100F-80-F1"},{"r":"11","t":"17:18:14","h":"Est","s":"25S-H57S200F-80-F2"},{"r":"11","t":"17:20:05","h":"Est","s":"25N-H57N000S-80-S"},{"r":"11","t":"17:20:05","h":"Est","s":"25N-H57NV10S-84-S"},{"r":"11","t":"17:20:05","h":"Est","s":"25N-H57NV20S-80-S"},{"r":"11","t":"17:20:05","h":"Est","s":"25S-H57S000S-82-S"},{"r":"11","t":"17:22:14","h":"Est","s":"25N-H57N000A-80-A"},{"r":"11","t":"17:22:14","h":"Est","s":"25N-H57NV10A-80-A"},{"r":"11","t":"17:22:14","h":"Est","s":"25N-H57NV20A-80-A"},{"r":"11","t":"17:22:14","h":"Est","s":"25S-H57S000A-80-A"},{"r":"711","t":"17:25:23","h":"Est","s":"25N-H50N000I-80-I"},{"r":"711","t":"17:25:23","h":"Est","s":"25N-H50N000I-90-I"},{"r":"711","t":"17:25:23","h":"Est","s":"25N-H50NV10I-90-I"},{"r":"711","t":"17:25:23","h":"Est","s":"25N-H50NV20I-90-I"},{"r":"711","t":"17:25:23","h":"Est","s":"25S-H50S000I-81-I"},{"r":"711","t":"17:25:23","h":"Est","s":"25S-H50S100F-80-F1"},{"r":"711","t":"17:25:23","h":"Est","s":"25S-H50S200F-80-F2"},{"r":"711","t":"17:31:23","h":"Est","s":"25N-H50N000A-80-A"},{"r":"711","t":"17:31:23","h":"Est","s":"25N-H50N000A-90-A"},{"r":"711","t":"17:31:23","h":"Est","s":"25N-H50NV10A-90-A"},{"r":"711","t":"17:31:23","h":"Est","s":"25N-H50NV20A-90-A"},{"r":"711","t":"17:31:23","h":"Est","s":"25S-H50S000A-81-A"},{"r":"11","t":"17:32:14","h":"Est","s":"25N-H57N000I-80-I"},{"r":"11","t":"17:32:14","h":"Est","s":"25N-H57N100F-80-F1"},{"r":"11","t":"17:32:14","h":"Est","s":"25N-H57N200F-80-F2"},{"r":"11","t":"17:32:14","h":"Est","s":"25N-H57N300F-80-F3"},{"r":"11","t":"17:32:14","h":"Est","s":"25N-H57N400F-80-F4"},{"r":"11","t":"17:32:14","h":"Est","s":"25N-H57NV10I-80-I"},{"r":"11","t":"17:32:14","h":"Est","s":"25N-H57NV20I-80-I"},{"r":"11","t":"17:32:14","h":"Est","s":"25S-H57S000I-80-I"},{"r":"11","t":"17:32:14","h":"Est","s":"25S-H57S100F-80-F1"},{"r":"11","t":"17:32:14","h":"Est","s":"25S-H57S200F-80-F2"},{"r":"11","t":"17:41:14","h":"Est","s":"25N-H57N000A-80-A"},{"r":"11","t":"17:41:14","h":"Est","s":"25N-H57NV10A-80-A"},{"r":"11","t":"17:41:14","h":"Est","s":"25N-H57NV20A-80-A"},{"r":"11","t":"17:41:14","h":"Est","s":"25S-H57S000A-80-A"},{"r":"11","t":"17:45:05","h":"Est","s":"25N-H57N000S-80-S"},{"r":"11","t":"17:45:05","h":"Est","s":"25N-H57NV10S-84-S"},{"r":"11","t":"17:45:05","h":"Est","s":"25N-H57NV20S-80-S"},{"r":"11","t":"17:45:05","h":"Est","s":"25S-H57S000S-82-S"},{"r":"11","t":"17:48:14","h":"Est","s":"25N-H57N000I-80-I"},{"r":"11","t":"17:48:14","h":"Est","s":"25N-H57N100F-80-F1"},{"r":"11","t":"17:48:14","h":"Est","s":"25N-H57N200F-80-F2"},{"r":"11","t":"17:48:14","h":"Est","s":"25N-H57N300F-80-F3"},{"r":"11","t":"17:48:14","h":"Est","s":"25N-H57N400F-80-F4"},{"r":"11","t":"17:48:14","h":"Est","s":"25N-H57NV10I-80-I"},{"r":"11","t":"17:48:14","h":"Est","s":"25N-H57NV20I-80-I"},{"r":"11","t":"17:48:14","h":"Est","s":"25S-H57S000I-80-I"},{"r":"11","t":"17:48:14","h":"Est","s":"25S-H57S100F-80-F1"},{"r":"11","t":"17:48:14","h":"Est","s":"25S-H57S200F-80-F2"},{"r":"711","t":"17:58:23","h":"Est","s":"25N-H50N000I-80-I"},{"r":"711","t":"17:58:23","h":"Est","s":"25N-H50N000I-90-I"},{"r":"711","t":"17:58:23","h":"Est","s":"25N-H50NV10I-90-I"},{"r":"711","t":"17:58:23","h":"Est","s":"25N-H50NV20I-90-I"},{"r":"711","t":"17:58:23","h":"Est","s":"25S-H50S000I-81-I"},{"r":"711","t":"17:58:23","h":"Est","s":"25S-H50S100F-80-F1"},{"r":"711","t":"17:58:23","h":"Est","s":"25S-H50S200F-80-F2"},{"r":"11","t":"18:00:14","h":"Est","s":"25N-H57N000A-80-A"},{"r":"11","t":"18:00:14","h":"Est","s":"25N-H57NV10A-80-A"},{"r":"11","t":"18:00:14","h":"Est","s":"25N-H57NV20A-80-A"},{"r":"11","t":"18:00:14","h":"Est","s":"25S-H57S000A-80-A"},{"r":"711","t":"18:04:23","h":"Est","s":"25N-H50N000A-80-A"},{"r":"711","t":"18:04:23","h":"Est","s":"25N-H50N000A-90-A"},{"r":"711","t":"18:04:23","h":"Est","s":"25N-H50NV10A-90-A"},{"r":"711","t":"18:04:23","h":"Est","s":"25N-H50NV20A-90-A"},{"r":"711","t":"18:04:23","h":"Est","s":"25S-H50S000A-81-A"},{"r":"11","t":"18:10:05","h":"Est","s":"25N-H57N000S-80-S"},{"r":"11","t":"18:10:05","h":"Est","s":"25N-H57NV10S-84-S"},{"r":"11","t":"18:10:05","h":"Est","s":"25N-H57NV20S-80-S"},{"r":"11","t":"18:10:05","h":"Est","s":"25S-H57S000S-82-S"},{"r":"11","t":"18:15:14","h":"Est","s":"25N-H57N000I-80-I"},{"r":"11","t":"18:15:14","h":"Est","s":"25N-H57N100F-80-F1"},{"r":"11","t":"18:15:14","h":"Est","s":"25N-H57N200F-80-F2"},{"r":"11","t":"18:15:14","h":"Est","s":"25N-H57N300F-80-F3"},{"r":"11","t":"18:15:14","h":"Est","s":"25N-H57N400F-80-F4"},{"r":"11","t":"18:15:14","h":"Est","s":"25N-H57NV10I-80-I"},{"r":"11","t":"18:15:14","h":"Est","s":"25N-H57NV20I-80-I"},{"r":"11","t":"18:15:14","h":"Est","s":"25S-H57S000I-80-I"},{"r":"11","t":"18:15:14","h":"Est","s":"25S-H57S100F-80-F1"},{"r":"11","t":"18:15:14","h":"Est","s":"25S-H57S200F-80-F2"},{"r":"11","t":"18:23:14","h":"Est","s":"25N-H57N000A-80-A"},{"r":"11","t":"18:23:14","h":"Est","s":"25N-H57NV10A-80-A"},{"r":"11","t":"18:23:14","h":"Est","s":"25N-H57NV20A-80-A"},{"r":"11","t":"18:23:14","h":"Est","s":"25S-H57S000A-80-A"},{"r":"711","t":"18:31:23","h":"Est","s":"25N-H50N000A-80-A"},{"r":"711","t":"18:31:23","h":"Est","s":"25N-H50N000A-90-A"},{"r":"711","t":"18:31:23","h":"Est","s":"25N-H50N000I-80-I"},{"r":"711","t":"18:31:23","h":"Est","s":"25N-H50N000I-90-I"},{"r":"711","t":"18:31:23","h":"Est","s":"25N-H50NV10A-90-A"},{"r":"711","t":"18:31:23","h":"Est","s":"25N-H50NV10I-90-I"},{"r":"711","t":"18:31:23","h":"Est","s":"25N-H50NV20A-90-A"},{"r":"711","t":"18:31:23","h":"Est","s":"25N-H50NV20I-90-I"},{"r":"711","t":"18:31:23","h":"Est","s":"25S-H50S000A-81-A"},{"r":"711","t":"18:31:23","h":"Est","s":"25S-H50S000I-81-I"},{"r":"711","t":"18:31:23","h":"Est","s":"25S-H50S100F-80-F1"},{"r":"711","t":"18:31:23","h":"Est","s":"25S-H50S200F-80-F2"},{"r":"11","t":"18:36:05","h":"Est","s":"25N-H57N000S-80-S"},{"r":"11","t":"18:36:05","h":"Est","s":"25N-H57NV10S-84-S"},{"r":"11","t":"18:36:05","h":"Est","s":"25N-H57NV20S-80-S"},{"r":"11","t":"18:36:05","h":"Est","s":"25S-H57S000S-82-S"},{"r":"11","t":"18:43:14","h":"Est","s":"25N-H57N000I-80-I"},{"r":"11","t":"18:43:14","h":"Est","s":"25N-H57N100F-80-F1"},{"r":"11","t":"18:43:14","h":"Est","s":"25N-H57N200F-80-F2"},{"r":"11","t":"18:43:14","h":"Est","s":"25N-H57N300F-80-F3"},{"r":"11","t":"18:43:14","h":"Est","s":"25N-H57N400F-80-F4"},{"r":"11","t":"18:43:14","h":"Est","s":"25N-H57NV10I-80-I"},{"r":"11","t":"18:43:14","h":"Est","s":"25N-H57NV20I-80-I"},{"r":"11","t":"18:43:14","h":"Est","s":"25S-H57S000I-80-I"},{"r":"11","t":"18:43:14","h":"Est","s":"25S-H57S100F-80-F1"},{"r":"11","t":"18:43:14","h":"Est","s":"25S-H57S200F-80-F2"},{"r":"11","t":"18:45:14","h":"Est","s":"25N-H57N000A-80-A"},{"r":"11","t":"18:45:14","h":"Est","s":"25N-H57NV10A-80-A"},{"r":"11","t":"18:45:14","h":"Est","s":"25N-H57NV20A-80-A"},{"r":"11","t":"18:45:14","h":"Est","s":"25S-H57S000A-80-A"},{"r":"711","t":"18:58:23","h":"Est","s":"25N-H50N000A-80-A"},{"r":"711","t":"18:58:23","h":"Est","s":"25N-H50N000A-90-A"},{"r":"711","t":"18:58:23","h":"Est","s":"25N-H50NV10A-90-A"},{"r":"711","t":"18:58:23","h":"Est","s":"25N-H50NV20A-90-A"},{"r":"711","t":"18:58:23","h":"Est","s":"25S-H50S000A-81-A"},{"r":"11","t":"19:00:14","h":"Est","s":"25N-H57N000I-80-I"},{"r":"11","t":"19:00:14","h":"Est","s":"25N-H57N100F-80-F1"},{"r":"11","t":"19:00:14","h":"Est","s":"25N-H57N200F-80-F2"},{"r":"11","t":"19:00:14","h":"Est","s":"25N-H57N300F-80-F3"},{"r":"11","t":"19:00:14","h":"Est","s":"25N-H57N400F-80-F4"},{"r":"11","t":"19:00:14","h":"Est","s":"25N-H57NV10I-80-I"},{"r":"11","t":"19:00:14","h":"Est","s":"25N-H57NV20I-80-I"},{"r":"11","t":"19:00:14","h":"Est","s":"25S-H57S000I-80-I"},{"r":"11","t":"19:00:14","h":"Est","s":"25S-H57S100F-80-F1"},{"r":"11","t":"19:00:14","h":"Est","s":"25S-H57S200F-80-F2"},{"r":"11","t":"19:01:14","h":"Est","s":"25N-H57N000S-80-S"},{"r":"11","t":"19:01:14","h":"Est","s":"25N-H57NV10S-84-S"},{"r":"11","t":"19:01:14","h":"Est","s":"25N-H57NV20S-80-S"},{"r":"11","t":"19:01:14","h":"Est","s":"25S-H57S000S-82-S"},{"r":"711","t":"19:04:23","h":"Est","s":"25N-H50N000I-80-I"},{"r":"711","t":"19:04:23","h":"Est","s":"25N-H50N000I-90-I"},{"r":"711","t":"19:04:23","h":"Est","s":"25N-H50NV10I-90-I"},{"r":"711","t":"19:04:23","h":"Est","s":"25N-H50NV20I-90-I"},{"r":"711","t":"19:04:23","h":"Est","s":"25S-H50S000I-81-I"},{"r":"711","t":"19:04:23","h":"Est","s":"25S-H50S100F-80-F1"},{"r":"711","t":"19:04:23","h":"Est","s":"25S-H50S200F-80-F2"},{"r":"11","t":"19:08:23","h":"Est","s":"25N-H57N000A-80-A"},{"r":"11","t":"19:08:23","h":"Est","s":"25N-H57NV10A-80-A"},{"r":"11","t":"19:08:23","h":"Est","s":"25N-H57NV20A-80-A"},{"r":"11","t":"19:08:23","h":"Est","s":"25S-H57S000A-80-A"},{"r":"11","t":"19:21:14","h":"Est","s":"25N-H57N000I-80-I"},{"r":"11","t":"19:21:14","h":"Est","s":"25N-H57N100F-80-F1"},{"r":"11","t":"19:21:14","h":"Est","s":"25N-H57N200F-80-F2"},{"r":"11","t":"19:21:14","h":"Est","s":"25N-H57N300F-80-F3"},{"r":"11","t":"19:21:14","h":"Est","s":"25N-H57N400F-80-F4"},{"r":"11","t":"19:21:14","h":"Est","s":"25N-H57NV10I-80-I"},{"r":"11","t":"19:21:14","h":"Est","s":"25N-H57NV20I-80-I"},{"r":"11","t":"19:21:14","h":"Est","s":"25S-H57S000I-80-I"},{"r":"11","t":"19:21:14","h":"Est","s":"25S-H57S100F-80-F1"},{"r":"11","t":"19:21:14","h":"Est","s":"25S-H57S200F-80-F2"},{"r":"711","t":"19:25:23","h":"Est","s":"25N-H50N000A-80-A"},{"r":"711","t":"19:25:23","h":"Est","s":"25N-H50N000A-90-A"},{"r":"711","t":"19:25:23","h":"Est","s":"25N-H50NV10A-90-A"},{"r":"711","t":"19:25:23","h":"Est","s":"25N-H50NV20A-90-A"},{"r":"711","t":"19:25:23","h":"Est","s":"25S-H50S000A-81-A"},{"r":"11","t":"19:30:23","h":"Est","s":"25N-H57N000A-80-A"},{"r":"11","t":"19:30:23","h":"Est","s":"25N-H57NV10A-80-A"},{"r":"11","t":"19:30:23","h":"Est","s":"25N-H57NV20A-80-A"},{"r":"11","t":"19:30:23","h":"Est","s":"25S-H57S000A-80-A"},{"r":"11","t":"19:32:14","h":"Est","s":"25N-H57N000S-80-S"},{"r":"11","t":"19:32:14","h":"Est","s":"25N-H57NV10S-84-S"},{"r":"11","t":"19:32:14","h":"Est","s":"25N-H57NV20S-80-S"},{"r":"11","t":"19:32:14","h":"Est","s":"25S-H57S000S-82-S"},{"r":"711","t":"19:33:23","h":"Est","s":"25N-H50N000I-80-I"},{"r":"711","t":"19:33:23","h":"Est","s":"25N-H50N000I-90-I"},{"r":"711","t":"19:33:23","h":"Est","s":"25N-H50NV10I-90-I"},{"r":"711","t":"19:33:23","h":"Est","s":"25N-H50NV20I-90-I"},{"r":"711","t":"19:33:23","h":"Est","s":"25S-H50S000I-81-I"},{"r":"711","t":"19:33:23","h":"Est","s":"25S-H50S100F-80-F1"},{"r":"711","t":"19:33:23","h":"Est","s":"25S-H50S200F-80-F2"},{"r":"11","t":"19:46:14","h":"Est","s":"25N-H57N000I-80-I"},{"r":"11","t":"19:46:14","h":"Est","s":"25N-H57N100F-80-F1"},{"r":"11","t":"19:46:14","h":"Est","s":"25N-H57N200F-80-F2"},{"r":"11","t":"19:46:14","h":"Est","s":"25N-H57N300F-80-F3"},{"r":"11","t":"19:46:14","h":"Est","s":"25N-H57N400F-80-F4"},{"r":"11","t":"19:46:14","h":"Est","s":"25N-H57NV10I-80-I"},{"r":"11","t":"19:46:14","h":"Est","s":"25N-H57NV20I-80-I"},{"r":"11","t":"19:46:14","h":"Est","s":"25S-H57S000I-80-I"},{"r":"11","t":"19:46:14","h":"Est","s":"25S-H57S100F-80-F1"},{"r":"11","t":"19:46:14","h":"Est","s":"25S-H57S200F-80-F2"},{"r":"11","t":"19:50:32","h":"Est","s":"25N-H57N000A-80-A"},{"r":"11","t":"19:50:32","h":"Est","s":"25N-H57NV10A-80-A"},{"r":"11","t":"19:50:32","h":"Est","s":"25N-H57NV20A-80-A"},{"r":"11","t":"19:50:32","h":"Est","s":"25S-H57S000A-80-A"},{"r":"711","t":"19:57:23","h":"Est","s":"25N-H50N000A-80-A"},{"r":"711","t":"19:57:23","h":"Est","s":"25N-H50N000A-90-A"},{"r":"711","t":"19:57:23","h":"Est","s":"25N-H50NV10A-90-A"},{"r":"711","t":"19:57:23","h":"Est","s":"25N-H50NV20A-90-A"},{"r":"711","t":"19:57:23","h":"Est","s":"25S-H50S000A-81-A"},{"r":"711","t":"20:01:23","h":"Est","s":"25N-H50N000I-80-I"},{"r":"711","t":"20:01:23","h":"Est","s":"25N-H50N000I-90-I"},{"r":"711","t":"20:01:23","h":"Est","s":"25N-H50NV10I-90-I"},{"r":"711","t":"20:01:23","h":"Est","s":"25N-H50NV20I-90-I"},{"r":"711","t":"20:01:23","h":"Est","s":"25S-H50S000I-81-I"},{"r":"711","t":"20:01:23","h":"Est","s":"25S-H50S100F-80-F1"},{"r":"711","t":"20:01:23","h":"Est","s":"25S-H50S200F-80-F2"},{"r":"11","t":"20:03:14","h":"Est","s":"25N-H57N000S-80-S"},{"r":"11","t":"20:03:14","h":"Est","s":"25N-H57NV10S-84-S"},{"r":"11","t":"20:03:14","h":"Est","s":"25N-H57NV20S-80-S"},{"r":"11","t":"20:03:14","h":"Est","s":"25S-H57S000S-82-S"},{"r":"11","t":"20:06:14","h":"Est","s":"25N-H57N000I-80-I"},{"r":"11","t":"20:06:14","h":"Est","s":"25N-H57N100F-80-F1"},{"r":"11","t":"20:06:14","h":"Est","s":"25N-H57N200F-80-F2"},{"r":"11","t":"20:06:14","h":"Est","s":"25N-H57N300F-80-F3"},{"r":"11","t":"20:06:14","h":"Est","s":"25N-H57N400F-80-F4"},{"r":"11","t":"20:06:14","h":"Est","s":"25N-H57NV10I-80-I"},{"r":"11","t":"20:06:14","h":"Est","s":"25N-H57NV20I-80-I"},{"r":"11","t":"20:06:14","h":"Est","s":"25S-H57S000I-80-I"},{"r":"11","t":"20:06:14","h":"Est","s":"25S-H57S100F-80-F1"},{"r":"11","t":"20:06:14","h":"Est","s":"25S-H57S200F-80-F2"},{"r":"11","t":"20:15:32","h":"Est","s":"25N-H57N000A-80-A"},{"r":"11","t":"20:15:32","h":"Est","s":"25N-H57NV10A-80-A"},{"r":"11","t":"20:15:32","h":"Est","s":"25N-H57NV20A-80-A"},{"r":"11","t":"20:15:32","h":"Est","s":"25S-H57S000A-80-A"},{"r":"11","t":"20:26:14","h":"Est","s":"25N-H57N000I-80-I"},{"r":"11","t":"20:26:14","h":"Est","s":"25N-H57N100F-80-F1"},{"r":"11","t":"20:26:14","h":"Est","s":"25N-H57N200F-80-F2"},{"r":"11","t":"20:26:14","h":"Est","s":"25N-H57N300F-80-F3"},{"r":"11","t":"20:26:14","h":"Est","s":"25N-H57N400F-80-F4"},{"r":"11","t":"20:26:14","h":"Est","s":"25N-H57NV10I-80-I"},{"r":"11","t":"20:26:14","h":"Est","s":"25N-H57NV20I-80-I"},{"r":"11","t":"20:26:14","h":"Est","s":"25S-H57S000I-80-I"},{"r":"11","t":"20:26:14","h":"Est","s":"25S-H57S100F-80-F1"},{"r":"11","t":"20:26:14","h":"Est","s":"25S-H57S200F-80-F2"},{"r":"711","t":"20:27:23","h":"Est","s":"25N-H50N000A-80-A"},{"r":"711","t":"20:27:23","h":"Est","s":"25N-H50N000A-90-A"},{"r":"711","t":"20:27:23","h":"Est","s":"25N-H50NV10A-90-A"},{"r":"711","t":"20:27:23","h":"Est","s":"25N-H50NV20A-90-A"},{"r":"711","t":"20:27:23","h":"Est","s":"25S-H50S000A-81-A"},{"r":"711","t":"20:31:23","h":"Est","s":"25N-H50N000I-80-I"},{"r":"711","t":"20:31:23","h":"Est","s":"25N-H50N000I-90-I"},{"r":"711","t":"20:31:23","h":"Est","s":"25N-H50NV10I-90-I"},{"r":"711","t":"20:31:23","h":"Est","s":"25N-H50NV20I-90-I"},{"r":"711","t":"20:31:23","h":"Est","s":"25S-H50S000I-81-I"},{"r":"711","t":"20:31:23","h":"Est","s":"25S-H50S100F-80-F1"},{"r":"711","t":"20:31:23","h":"Est","s":"25S-H50S200F-80-F2"},{"r":"11","t":"20:35:23","h":"Est","s":"25N-H57N000S-80-S"},{"r":"11","t":"20:35:23","h":"Est","s":"25N-H57NV10S-84-S"},{"r":"11","t":"20:35:23","h":"Est","s":"25N-H57NV20S-80-S"},{"r":"11","t":"20:35:23","h":"Est","s":"25S-H57S000S-82-S"},{"r":"11","t":"20:47:32","h":"Est","s":"25N-H57N000A-80-A"},{"r":"11","t":"20:47:32","h":"Est","s":"25N-H57NV10A-80-A"},{"r":"11","t":"20:47:32","h":"Est","s":"25N-H57NV20A-80-A"},{"r":"11","t":"20:47:32","h":"Est","s":"25S-H57S000A-80-A"},{"r":"11","t":"20:56:14","h":"Est","s":"25N-H57N000I-80-I"},{"r":"11","t":"20:56:14","h":"Est","s":"25N-H57N100F-80-F1"},{"r":"11","t":"20:56:14","h":"Est","s":"25N-H57N200F-80-F2"},{"r":"11","t":"20:56:14","h":"Est","s":"25N-H57N300F-80-F3"},{"r":"11","t":"20:56:14","h":"Est","s":"25N-H57N400F-80-F4"},{"r":"11","t":"20:56:14","h":"Est","s":"25N-H57NV10I-80-I"},{"r":"11","t":"20:56:14","h":"Est","s":"25N-H57NV20I-80-I"},{"r":"11","t":"20:56:14","h":"Est","s":"25S-H57S000I-80-I"},{"r":"11","t":"20:56:14","h":"Est","s":"25S-H57S100F-80-F1"},{"r":"11","t":"20:56:14","h":"Est","s":"25S-H57S200F-80-F2"},{"r":"11","t":"21:07:23","h":"Est","s":"25N-H57N000S-80-S"},{"r":"11","t":"21:07:23","h":"Est","s":"25N-H57NV10S-84-S"},{"r":"11","t":"21:07:23","h":"Est","s":"25N-H57NV20S-80-S"},{"r":"11","t":"21:07:23","h":"Est","s":"25S-H57S000S-82-S"},{"r":"11","t":"21:18:32","h":"Est","s":"25N-H57N000A-80-A"},{"r":"11","t":"21:18:32","h":"Est","s":"25N-H57NV10A-80-A"},{"r":"11","t":"21:18:32","h":"Est","s":"25N-H57NV20A-80-A"},{"r":"11","t":"21:18:32","h":"Est","s":"25S-H57S000A-80-A"},{"r":"11","t":"21:26:14","h":"Est","s":"25N-H57N000I-80-I"},{"r":"11","t":"21:26:14","h":"Est","s":"25N-H57N100F-80-F1"},{"r":"11","t":"21:26:14","h":"Est","s":"25N-H57N200F-80-F2"},{"r":"11","t":"21:26:14","h":"Est","s":"25N-H57N300F-80-F3"},{"r":"11","t":"21:26:14","h":"Est","s":"25N-H57N400F-80-F4"},{"r":"11","t":"21:26:14","h":"Est","s":"25N-H57NV10I-80-I"},{"r":"11","t":"21:26:14","h":"Est","s":"25N-H57NV20I-80-I"},{"r":"11","t":"21:26:14","h":"Est","s":"25S-H57S000I-80-I"},{"r":"11","t":"21:26:14","h":"Est","s":"25S-H57S100F-80-F1"},{"r":"11","t":"21:26:14","h":"Est","s":"25S-H57S200F-80-F2"},{"r":"11","t":"21:39:23","h":"Est","s":"25N-H57N000S-80-S"},{"r":"11","t":"21:39:23","h":"Est","s":"25N-H57NV10S-84-S"},{"r":"11","t":"21:39:23","h":"Est","s":"25N-H57NV20S-80-S"},{"r":"11","t":"21:39:23","h":"Est","s":"25S-H57S000S-82-S"},{"r":"11","t":"21:47:32","h":"Est","s":"25N-H57N000A-80-A"},{"r":"11","t":"21:47:32","h":"Est","s":"25N-H57NV10A-80-A"},{"r":"11","t":"21:47:32","h":"Est","s":"25N-H57NV20A-80-A"},{"r":"11","t":"21:47:32","h":"Est","s":"25S-H57S000A-80-A"},{"r":"11","t":"21:52:14","h":"Est","s":"25N-H57N000I-80-I"},{"r":"11","t":"21:52:14","h":"Est","s":"25N-H57N100F-80-F1"},{"r":"11","t":"21:52:14","h":"Est","s":"25N-H57N200F-80-F2"},{"r":"11","t":"21:52:14","h":"Est","s":"25N-H57N300F-80-F3"},{"r":"11","t":"21:52:14","h":"Est","s":"25N-H57N400F-80-F4"},{"r":"11","t":"21:52:14","h":"Est","s":"25N-H57NV10I-80-I"},{"r":"11","t":"21:52:14","h":"Est","s":"25N-H57NV20I-80-I"},{"r":"11","t":"21:52:14","h":"Est","s":"25S-H57S000I-80-I"},{"r":"11","t":"21:52:14","h":"Est","s":"25S-H57S100F-80-F1"},{"r":"11","t":"21:52:14","h":"Est","s":"25S-H57S200F-80-F2"},{"r":"11","t":"22:07:23","h":"Est","s":"25N-H57N000S-80-S"},{"r":"11","t":"22:07:23","h":"Est","s":"25N-H57NV10S-84-S"},{"r":"11","t":"22:07:23","h":"Est","s":"25N-H57NV20S-80-S"},{"r":"11","t":"22:07:23","h":"Est","s":"25S-H57S000S-82-S"},{"r":"11","t":"22:15:32","h":"Est","s":"25N-H57N000A-80-A"},{"r":"11","t":"22:15:32","h":"Est","s":"25N-H57NV10A-80-A"},{"r":"11","t":"22:15:32","h":"Est","s":"25N-H57NV20A-80-A"},{"r":"11","t":"22:15:32","h":"Est","s":"25S-H57S000A-80-A"},{"r":"11","t":"22:21:14","h":"Est","s":"25N-H57N000I-80-I"},{"r":"11","t":"22:21:14","h":"Est","s":"25N-H57N100F-80-F1"},{"r":"11","t":"22:21:14","h":"Est","s":"25N-H57N200F-80-F2"},{"r":"11","t":"22:21:14","h":"Est","s":"25N-H57N300F-80-F3"},{"r":"11","t":"22:21:14","h":"Est","s":"25N-H57N400F-80-F4"},{"r":"11","t":"22:21:14","h":"Est","s":"25N-H57NV10I-80-I"},{"r":"11","t":"22:21:14","h":"Est","s":"25N-H57NV20I-80-I"},{"r":"11","t":"22:21:14","h":"Est","s":"25S-H57S000I-80-I"},{"r":"11","t":"22:21:14","h":"Est","s":"25S-H57S100F-80-F1"},{"r":"11","t":"22:21:14","h":"Est","s":"25S-H57S200F-80-F2"},{"r":"11","t":"22:39:23","h":"Est","s":"25N-H57N000S-80-S"},{"r":"11","t":"22:39:23","h":"Est","s":"25N-H57NV10S-84-S"},{"r":"11","t":"22:39:23","h":"Est","s":"25N-H57NV20S-80-S"},{"r":"11","t":"22:39:23","h":"Est","s":"25S-H57S000S-82-S"},{"r":"11","t":"22:44:32","h":"Est","s":"25N-H57N000A-80-A"},{"r":"11","t":"22:44:32","h":"Est","s":"25N-H57NV10A-80-A"},{"r":"11","t":"22:44:32","h":"Est","s":"25N-H57NV20A-80-A"},{"r":"11","t":"22:44:32","h":"Est","s":"25S-H57S000A-80-A"},{"r":"11","t":"22:51:14","h":"Est","s":"25N-H57N000I-80-I"},{"r":"11","t":"22:51:14","h":"Est","s":"25N-H57N100F-80-F1"},{"r":"11","t":"22:51:14","h":"Est","s":"25N-H57N200F-80-F2"},{"r":"11","t":"22:51:14","h":"Est","s":"25N-H57N300F-80-F3"},{"r":"11","t":"22:51:14","h":"Est","s":"25N-H57N400F-80-F4"},{"r":"11","t":"22:51:14","h":"Est","s":"25N-H57NV10I-80-I"},{"r":"11","t":"22:51:14","h":"Est","s":"25N-H57NV20I-80-I"},{"r":"11","t":"22:51:14","h":"Est","s":"25S-H57S000I-80-I"},{"r":"11","t":"22:51:14","h":"Est","s":"25S-H57S100F-80-F1"},{"r":"11","t":"22:51:14","h":"Est","s":"25S-H57S200F-80-F2"},{"r":"11","t":"23:12:23","h":"Est","s":"25N-H57N000S-80-S"},{"r":"11","t":"23:12:23","h":"Est","s":"25N-H57NV10S-84-S"},{"r":"11","t":"23:12:23","h":"Est","s":"25N-H57NV20S-80-S"},{"r":"11","t":"23:12:23","h":"Est","s":"25S-H57S000S-82-S"},{"r":"11","t":"23:14:32","h":"Est","s":"25N-H57N000A-80-A"},{"r":"11","t":"23:14:32","h":"Est","s":"25N-H57NV10A-80-A"},{"r":"11","t":"23:14:32","h":"Est","s":"25N-H57NV20A-80-A"},{"r":"11","t":"23:14:32","h":"Est","s":"25S-H57S000A-80-A"},{"r":"11","t":"23:20:14","h":"Est","s":"25N-H57N000I-80-I"},{"r":"11","t":"23:20:14","h":"Est","s":"25N-H57N100F-80-F1"},{"r":"11","t":"23:20:14","h":"Est","s":"25N-H57N200F-80-F2"},{"r":"11","t":"23:20:14","h":"Est","s":"25N-H57N300F-80-F3"},{"r":"11","t":"23:20:14","h":"Est","s":"25N-H57N400F-80-F4"},{"r":"11","t":"23:20:14","h":"Est","s":"25N-H57NV10I-80-I"},{"r":"11","t":"23:20:14","h":"Est","s":"25N-H57NV20I-80-I"},{"r":"11","t":"23:20:14","h":"Est","s":"25S-H57S000I-80-I"},{"r":"11","t":"23:20:14","h":"Est","s":"25S-H57S100F-80-F1"},{"r":"11","t":"23:20:14","h":"Est","s":"25S-H57S200F-80-F2"},{"r":"11","t":"23:44:32","h":"Est","s":"25N-H57N000A-80-A"},{"r":"11","t":"23:44:32","h":"Est","s":"25N-H57NV10A-80-A"},{"r":"11","t":"23:44:32","h":"Est","s":"25N-H57NV20A-80-A"},{"r":"11","t":"23:44:32","h":"Est","s":"25S-H57S000A-80-A"},{"r":"11","t":"23:45:23","h":"Est","s":"25N-H57N000S-80-S"},{"r":"11","t":"23:45:23","h":"Est","s":"25N-H57NV10S-84-S"},{"r":"11","t":"23:45:23","h":"Est","s":"25N-H57NV20S-80-S"},{"r":"11","t":"23:45:23","h":"Est","s":"25S-H57S000S-82-S"},{"r":"11","t":"23:49:14","h":"Est","s":"25N-H57N000I-80-I"},{"r":"11","t":"23:49:14","h":"Est","s":"25N-H57N100F-80-F1"},{"r":"11","t":"23:49:14","h":"Est","s":"25N-H57N200F-80-F2"},{"r":"11","t":"23:49:14","h":"Est","s":"25N-H57N300F-80-F3"},{"r":"11","t":"23:49:14","h":"Est","s":"25N-H57N400F-80-F4"},{"r":"11","t":"23:49:14","h":"Est","s":"25N-H57NV10I-80-I"},{"r":"11","t":"23:49:14","h":"Est","s":"25N-H57NV20I-80-I"},{"r":"11","t":"23:49:14","h":"Est","s":"25S-H57S000I-80-I"},{"r":"11","t":"23:49:14","h":"Est","s":"25S-H57S100F-80-F1"},{"r":"11","t":"23:49:14","h":"Est","s":"25S-H57S200F-80-F2"},{"r":"11","t":"24:15:32","h":"Est","s":"25N-H57N000A-80-A"},{"r":"11","t":"24:15:32","h":"Est","s":"25N-H57NV10A-80-A"},{"r":"11","t":"24:15:32","h":"Est","s":"25N-H57NV20A-80-A"},{"r":"11","t":"24:15:32","h":"Est","s":"25S-H57S000A-80-A"},{"r":"11","t":"24:18:14","h":"Est","s":"25N-H57N000I-80-I"},{"r":"11","t":"24:18:14","h":"Est","s":"25N-H57N100F-80-F1"},{"r":"11","t":"24:18:14","h":"Est","s":"25N-H57N200F-80-F2"},{"r":"11","t":"24:18:14","h":"Est","s":"25N-H57N300F-80-F3"},{"r":"11","t":"24:18:14","h":"Est","s":"25N-H57N400F-80-F4"},{"r":"11","t":"24:18:14","h":"Est","s":"25N-H57NV10I-80-I"},{"r":"11","t":"24:18:14","h":"Est","s":"25N-H57NV20I-80-I"},{"r":"11","t":"24:18:14","h":"Est","s":"25S-H57S000I-80-I"},{"r":"11","t":"24:18:14","h":"Est","s":"25S-H57S100F-80-F1"},{"r":"11","t":"24:18:14","h":"Est","s":"25S-H57S200F-80-F2"},{"r":"11","t":"24:18:23","h":"Est","s":"25N-H57N000S-80-S"},{"r":"11","t":"24:18:23","h":"Est","s":"25N-H57NV10S-84-S"},{"r":"11","t":"24:18:23","h":"Est","s":"25N-H57NV20S-80-S"},{"r":"11","t":"24:18:23","h":"Est","s":"25S-H57S000S-82-S"}]