[{"r":"86","t":"04:59:31","h":"Ouest","s":"25N-H54N000I-80-I"},{"r":"86","t":"04:59:31","h":"Ouest","s":"25N-H54N100F-80-F1"},{"r":"86","t":"04:59:31","h":"Ouest","s":"25N-H54N200F-80-F2"},{"r":"86","t":"04:59:31","h":"Ouest","s":"25N-H54N300F-80-F3"},{"r":"86","t":"04:59:31","h":"Ouest","s":"25N-H54N400F-80-F4"},{"r":"86","t":"04:59:31","h":"Ouest","s":"25N-H54NV10I-80-I"},{"r":"86","t":"04:59:31","h":"Ouest","s":"25N-H54NV20I-80-I"},{"r":"86","t":"04:59:31","h":"Ouest","s":"25S-H54S000I-82-I"},{"r":"86","t":"04:59:31","h":"Ouest","s":"25S-H54S100F-80-F1"},{"r":"86","t":"04:59:31","h":"Ouest","s":"25S-H54S200F-80-F2"},{"r":"86","t":"05:02:31","h":"Ouest","s":"25N-H54N000A-80-A"},{"r":"86","t":"05:02:31","h":"Ouest","s":"25N-H54NV10A-80-A"},{"r":"86","t":"05:02:31","h":"Ouest","s":"25N-H54NV20A-80-A"},{"r":"86","t":"05:02:31","h":"Ouest","s":"25S-H54S000A-83-A"},{"r":"86","t":"05:04:31","h":"Ouest","s":"25N-H54N000S-80-S"},{"r":"86","t":"05:04:31","h":"Ouest","s":"25N-H54NV10S-82-S"},{"r":"86","t":"05:04:31","h":"Ouest","s":"25N-H54NV20S-80-S"},{"r":"86","t":"05:04:31","h":"Ouest","s":"25S-H54S000S-82-S"},{"r":"430","t":"05:27:21","h":"Ouest","s":"25N-H57N000S-80-S"},{"r":"430","t":"05:27:21","h":"Ouest","s":"25N-H57NV10S-84-S"},{"r":"430","t":"05:27:21","h":"Ouest","s":"25N-H57NV20S-80-S"},{"r":"430","t":"05:27:21","h":"Ouest","s":"25S-H57S000S-82-S"},{"r":"86","t":"05:28:31","h":"Ouest","s":"25N-H54N000I-80-I"},{"r":"86","t":"05:28:31","h":"Ouest","s":"25N-H54N100F-80-F1"},{"r":"86","t":"05:28:31","h":"Ouest","s":"25N-H54N200F-80-F2"},{"r":"86","t":"05:28:31","h":"Ouest","s":"25N-H54N300F-80-F3"},{"r":"86","t":"05:28:31","h":"Ouest","s":"25N-H54N400F-80-F4"},{"r":"86","t":"05:28:31","h":"Ouest","s":"25N-H54NV10I-80-I"},{"r":"86","t":"05:28:31","h":"Ouest","s":"25N-H54NV20I-80-I"},{"r":"86","t":"05:28:31","h":"Ouest","s":"25S-H54S000I-82-I"},{"r":"86","t":"05:28:31","h":"Ouest","s":"25S-H54S100F-80-F1"},{"r":"86","t":"05:28:31","h":"Ouest","s":"25S-H54S200F-80-F2"},{"r":"86","t":"05:32:31","h":"Ouest","s":"25N-H54N000S-80-S"},{"r":"86","t":"05:32:31","h":"Ouest","s":"25N-H54NV10S-82-S"},{"r":"86","t":"05:32:31","h":"Ouest","s":"25N-H54NV20S-80-S"},{"r":"86","t":"05:32:31","h":"Ouest","s":"25S-H54S000S-82-S"},{"r":"86","t":"05:35:31","h":"Ouest","s":"25N-H54N000A-80-A"},{"r":"86","t":"05:35:31","h":"Ouest","s":"25N-H54NV10A-80-A"},{"r":"86","t":"05:35:31","h":"Ouest","s":"25N-H54NV20A-80-A"},{"r":"86","t":"05:35:31","h":"Ouest","s":"25S-H54S000A-83-A"},{"r":"430","t":"05:58:26","h":"Ouest","s":"25N-H57N000S-80-S"},{"r":"430","t":"05:58:26","h":"Ouest","s":"25N-H57NV10S-84-S"},{"r":"430","t":"05:58:26","h":"Ouest","s":"25N-H57NV20S-80-S"},{"r":"430","t":"05:58:26","h":"Ouest","s":"25S-H57S000S-82-S"},{"r":"86","t":"06:00:31","h":"Ouest","s":"25N-H54N000S-80-S"},{"r":"86","t":"06:00:31","h":"Ouest","s":"25N-H54NV10S-82-S"},{"r":"86","t":"06:00:31","h":"Ouest","s":"25N-H54NV20S-80-S"},{"r":"86","t":"06:00:31","h":"Ouest","s":"25S-H54S000S-82-S"},{"r":"86","t":"06:01:31","h":"Ouest","s":"25N-H54N000I-80-I"},{"r":"86","t":"06:01:31","h":"Ouest","s":"25N-H54N100F-80-F1"},{"r":"86","t":"06:01:31","h":"Ouest","s":"25N-H54N200F-80-F2"},{"r":"86","t":"06:01:31","h":"Ouest","s":"25N-H54N300F-80-F3"},{"r":"86","t":"06:01:31","h":"Ouest","s":"25N-H54N400F-80-F4"},{"r":"86","t":"06:01:31","h":"Ouest","s":"25N-H54NV10I-80-I"},{"r":"86","t":"06:01:31","h":"Ouest","s":"25N-H54NV20I-80-I"},{"r":"86","t":"06:01:31","h":"Ouest","s":"25S-H54S000I-82-I"},{"r":"86","t":"06:01:31","h":"Ouest","s":"25S-H54S100F-80-F1"},{"r":"86","t":"06:01:31","h":"Ouest","s":"25S-H54S200F-80-F2"},{"r":"86","t":"06:08:31","h":"Ouest","s":"25N-H54N000A-80-A"},{"r":"86","t":"06:08:31","h":"Ouest","s":"25N-H54NV10A-80-A"},{"r":"86","t":"06:08:31","h":"Ouest","s":"25N-H54NV20A-80-A"},{"r":"86","t":"06:08:31","h":"Ouest","s":"25S-H54S000A-83-A"},{"r":"430","t":"06:30:26","h":"Ouest","s":"25N-H57N000S-80-S"},{"r":"430","t":"06:30:26","h":"Ouest","s":"25N-H57NV10S-84-S"},{"r":"430","t":"06:30:26","h":"Ouest","s":"25N-H57NV20S-80-S"},{"r":"430","t":"06:30:26","h":"Ouest","s":"25S-H57S000S-82-S"},{"r":"86","t":"06:32:31","h":"Ouest","s":"25N-H54N000S-80-S"},{"r":"86","t":"06:32:31","h":"Ouest","s":"25N-H54NV10S-82-S"},{"r":"86","t":"06:32:31","h":"Ouest","s":"25N-H54NV20S-80-S"},{"r":"86","t":"06:32:31","h":"Ouest","s":"25S-H54S000S-82-S"},{"r":"86","t":"06:34:31","h":"Ouest","s":"25N-H54N000I-80-I"},{"r":"86","t":"06:34:31","h":"Ouest","s":"25N-H54N100F-80-F1"},{"r":"86","t":"06:34:31","h":"Ouest","s":"25N-H54N200F-80-F2"},{"r":"86","t":"06:34:31","h":"Ouest","s":"25N-H54N300F-80-F3"},{"r":"86","t":"06:34:31","h":"Ouest","s":"25N-H54N400F-80-F4"},{"r":"86","t":"06:34:31","h":"Ouest","s":"25N-H54NV10I-80-I"},{"r":"86","t":"06:34:31","h":"Ouest","s":"25N-H54NV20I-80-I"},{"r":"86","t":"06:34:31","h":"Ouest","s":"25S-H54S000I-82-I"},{"r":"86","t":"06:34:31","h":"Ouest","s":"25S-H54S100F-80-F1"},{"r":"86","t":"06:34:31","h":"Ouest","s":"25S-H54S200F-80-F2"},{"r":"86","t":"06:40:31","h":"Ouest","s":"25N-H54N000A-80-A"},{"r":"86","t":"06:40:31","h":"Ouest","s":"25N-H54NV10A-80-A"},{"r":"86","t":"06:40:31","h":"Ouest","s":"25N-H54NV20A-80-A"},{"r":"86","t":"06:40:31","h":"Ouest","s":"25S-H54S000A-83-A"},{"r":"430","t":"07:00:26","h":"Ouest","s":"25N-H57N000S-80-S"},{"r":"430","t":"07:00:26","h":"Ouest","s":"25N-H57NV10S-84-S"},{"r":"430","t":"07:00:26","h":"Ouest","s":"25N-H57NV20S-80-S"},{"r":"430","t":"07:00:26","h":"Ouest","s":"25S-H57S000S-82-S"},{"r":"86","t":"07:04:31","h":"Ouest","s":"25N-H54N000S-80-S"},{"r":"86","t":"07:04:31","h":"Ouest","s":"25N-H54NV10S-82-S"},{"r":"86","t":"07:04:31","h":"Ouest","s":"25N-H54NV20S-80-S"},{"r":"86","t":"07:04:31","h":"Ouest","s":"25S-H54S000S-82-S"},{"r":"86","t":"07:08:31","h":"Ouest","s":"25N-H54N000I-80-I"},{"r":"86","t":"07:08:31","h":"Ouest","s":"25N-H54N100F-80-F1"},{"r":"86","t":"07:08:31","h":"Ouest","s":"25N-H54N200F-80-F2"},{"r":"86","t":"07:08:31","h":"Ouest","s":"25N-H54N300F-80-F3"},{"r":"86","t":"07:08:31","h":"Ouest","s":"25N-H54N400F-80-F4"},{"r":"86","t":"07:08:31","h":"Ouest","s":"25N-H54NV10I-80-I"},{"r":"86","t":"07:08:31","h":"Ouest","s":"25N-H54NV20I-80-I"},{"r":"86","t":"07:08:31","h":"Ouest","s":"25S-H54S000I-82-I"},{"r":"86","t":"07:08:31","h":"Ouest","s":"25S-H54S100F-80-F1"},{"r":"86","t":"07:08:31","h":"Ouest","s":"25S-H54S200F-80-F2"},{"r":"86","t":"07:12:31","h":"Ouest","s":"25N-H54N000A-80-A"},{"r":"86","t":"07:12:31","h":"Ouest","s":"25N-H54NV10A-80-A"},{"r":"86","t":"07:12:31","h":"Ouest","s":"25N-H54NV20A-80-A"},{"r":"86","t":"07:12:31","h":"Ouest","s":"25S-H54S000A-83-A"},{"r":"430","t":"07:30:26","h":"Ouest","s":"25N-H57N000S-80-S"},{"r":"430","t":"07:30:26","h":"Ouest","s":"25N-H57NV10S-84-S"},{"r":"430","t":"07:30:26","h":"Ouest","s":"25N-H57NV20S-80-S"},{"r":"430","t":"07:30:26","h":"Ouest","s":"25S-H57S000S-82-S"},{"r":"86","t":"07:34:31","h":"Ouest","s":"25N-H54N000S-80-S"},{"r":"86","t":"07:34:31","h":"Ouest","s":"25N-H54NV10S-82-S"},{"r":"86","t":"07:34:31","h":"Ouest","s":"25N-H54NV20S-80-S"},{"r":"86","t":"07:34:31","h":"Ouest","s":"25S-H54S000S-82-S"},{"r":"86","t":"07:38:31","h":"Ouest","s":"25N-H54N000I-80-I"},{"r":"86","t":"07:38:31","h":"Ouest","s":"25N-H54N100F-80-F1"},{"r":"86","t":"07:38:31","h":"Ouest","s":"25N-H54N200F-80-F2"},{"r":"86","t":"07:38:31","h":"Ouest","s":"25N-H54N300F-80-F3"},{"r":"86","t":"07:38:31","h":"Ouest","s":"25N-H54N400F-80-F4"},{"r":"86","t":"07:38:31","h":"Ouest","s":"25N-H54NV10I-80-I"},{"r":"86","t":"07:38:31","h":"Ouest","s":"25N-H54NV20I-80-I"},{"r":"86","t":"07:38:31","h":"Ouest","s":"25S-H54S000I-82-I"},{"r":"86","t":"07:38:31","h":"Ouest","s":"25S-H54S100F-80-F1"},{"r":"86","t":"07:38:31","h":"Ouest","s":"25S-H54S200F-80-F2"},{"r":"86","t":"07:44:31","h":"Ouest","s":"25N-H54N000A-80-A"},{"r":"86","t":"07:44:31","h":"Ouest","s":"25N-H54NV10A-80-A"},{"r":"86","t":"07:44:31","h":"Ouest","s":"25N-H54NV20A-80-A"},{"r":"86","t":"07:44:31","h":"Ouest","s":"25S-H54S000A-83-A"},{"r":"430","t":"08:00:26","h":"Ouest","s":"25N-H57N000S-80-S"},{"r":"430","t":"08:00:26","h":"Ouest","s":"25N-H57NV10S-84-S"},{"r":"430","t":"08:00:26","h":"Ouest","s":"25N-H57NV20S-80-S"},{"r":"430","t":"08:00:26","h":"Ouest","s":"25S-H57S000S-82-S"},{"r":"86","t":"08:06:31","h":"Ouest","s":"25N-H54N000S-80-S"},{"r":"86","t":"08:06:31","h":"Ouest","s":"25N-H54NV10S-82-S"},{"r":"86","t":"08:06:31","h":"Ouest","s":"25N-H54NV20S-80-S"},{"r":"86","t":"08:06:31","h":"Ouest","s":"25S-H54S000S-82-S"},{"r":"86","t":"08:09:31","h":"Ouest","s":"25N-H54N000I-80-I"},{"r":"86","t":"08:09:31","h":"Ouest","s":"25N-H54N100F-80-F1"},{"r":"86","t":"08:09:31","h":"Ouest","s":"25N-H54N200F-80-F2"},{"r":"86","t":"08:09:31","h":"Ouest","s":"25N-H54N300F-80-F3"},{"r":"86","t":"08:09:31","h":"Ouest","s":"25N-H54N400F-80-F4"},{"r":"86","t":"08:09:31","h":"Ouest","s":"25N-H54NV10I-80-I"},{"r":"86","t":"08:09:31","h":"Ouest","s":"25N-H54NV20I-80-I"},{"r":"86","t":"08:09:31","h":"Ouest","s":"25S-H54S000I-82-I"},{"r":"86","t":"08:09:31","h":"Ouest","s":"25S-H54S100F-80-F1"},{"r":"86","t":"08:09:31","h":"Ouest","s":"25S-H54S200F-80-F2"},{"r":"86","t":"08:16:31","h":"Ouest","s":"25N-H54N000A-80-A"},{"r":"86","t":"08:16:31","h":"Ouest","s":"25N-H54NV10A-80-A"},{"r":"86","t":"08:16:31","h":"Ouest","s":"25N-H54NV20A-80-A"},{"r":"86","t":"08:16:31","h":"Ouest","s":"25S-H54S000A-83-A"},{"r":"430","t":"08:31:26","h":"Ouest","s":"25N-H57N000S-80-S"},{"r":"430","t":"08:31:26","h":"Ouest","s":"25N-H57NV10S-84-S"},{"r":"430","t":"08:31:26","h":"Ouest","s":"25N-H57NV20S-80-S"},{"r":"430","t":"08:31:26","h":"Ouest","s":"25S-H57S000S-82-S"},{"r":"86","t":"08:38:31","h":"Ouest","s":"25N-H54N000S-80-S"},{"r":"86","t":"08:38:31","h":"Ouest","s":"25N-H54NV10S-82-S"},{"r":"86","t":"08:38:31","h":"Ouest","s":"25N-H54NV20S-80-S"},{"r":"86","t":"08:38:31","h":"Ouest","s":"25S-H54S000S-82-S"},{"r":"86","t":"08:41:31","h":"Ouest","s":"25N-H54N000I-80-I"},{"r":"86","t":"08:41:31","h":"Ouest","s":"25N-H54N100F-80-F1"},{"r":"86","t":"08:41:31","h":"Ouest","s":"25N-H54N200F-80-F2"},{"r":"86","t":"08:41:31","h":"Ouest","s":"25N-H54N300F-80-F3"},{"r":"86","t":"08:41:31","h":"Ouest","s":"25N-H54N400F-80-F4"},{"r":"86","t":"08:41:31","h":"Ouest","s":"25N-H54NV10I-80-I"},{"r":"86","t":"08:41:31","h":"Ouest","s":"25N-H54NV20I-80-I"},{"r":"86","t":"08:41:31","h":"Ouest","s":"25S-H54S000I-82-I"},{"r":"86","t":"08:41:31","h":"Ouest","s":"25S-H54S100F-80-F1"},{"r":"86","t":"08:41:31","h":"Ouest","s":"25S-H54S200F-80-F2"},{"r":"86","t":"08:48:31","h":"Ouest","s":"25N-H54N000A-80-A"},{"r":"86","t":"08:48:31","h":"Ouest","s":"25N-H54NV10A-80-A"},{"r":"86","t":"08:48:31","h":"Ouest","s":"25N-H54NV20A-80-A"},{"r":"86","t":"08:48:31","h":"Ouest","s":"25S-H54S000A-83-A"},{"r":"430","t":"09:02:21","h":"Ouest","s":"25N-H57N000S-80-S"},{"r":"430","t":"09:02:21","h":"Ouest","s":"25N-H57NV10S-84-S"},{"r":"430","t":"09:02:21","h":"Ouest","s":"25N-H57NV20S-80-S"},{"r":"430","t":"09:02:21","h":"Ouest","s":"25S-H57S000S-82-S"},{"r":"86","t":"09:10:31","h":"Ouest","s":"25N-H54N000S-80-S"},{"r":"86","t":"09:10:31","h":"Ouest","s":"25N-H54NV10S-82-S"},{"r":"86","t":"09:10:31","h":"Ouest","s":"25N-H54NV20S-80-S"},{"r":"86","t":"09:10:31","h":"Ouest","s":"25S-H54S000S-82-S"},{"r":"86","t":"09:14:31","h":"Ouest","s":"25N-H54N000I-80-I"},{"r":"86","t":"09:14:31","h":"Ouest","s":"25N-H54N100F-80-F1"},{"r":"86","t":"09:14:31","h":"Ouest","s":"25N-H54N200F-80-F2"},{"r":"86","t":"09:14:31","h":"Ouest","s":"25N-H54N300F-80-F3"},{"r":"86","t":"09:14:31","h":"Ouest","s":"25N-H54N400F-80-F4"},{"r":"86","t":"09:14:31","h":"Ouest","s":"25N-H54NV10I-80-I"},{"r":"86","t":"09:14:31","h":"Ouest","s":"25N-H54NV20I-80-I"},{"r":"86","t":"09:14:31","h":"Ouest","s":"25S-H54S000I-82-I"},{"r":"86","t":"09:14:31","h":"Ouest","s":"25S-H54S100F-80-F1"},{"r":"86","t":"09:14:31","h":"Ouest","s":"25S-H54S200F-80-F2"},{"r":"86","t":"09:21:31","h":"Ouest","s":"25N-H54N000A-80-A"},{"r":"86","t":"09:21:31","h":"Ouest","s":"25N-H54NV10A-80-A"},{"r":"86","t":"09:21:31","h":"Ouest","s":"25N-H54NV20A-80-A"},{"r":"86","t":"09:21:31","h":"Ouest","s":"25S-H54S000A-83-A"},{"r":"430","t":"09:33:21","h":"Ouest","s":"25N-H57N000S-80-S"},{"r":"430","t":"09:33:21","h":"Ouest","s":"25N-H57NV10S-84-S"},{"r":"430","t":"09:33:21","h":"Ouest","s":"25N-H57NV20S-80-S"},{"r":"430","t":"09:33:21","h":"Ouest","s":"25S-H57S000S-82-S"},{"r":"86","t":"09:39:31","h":"Ouest","s":"25N-H54N000S-80-S"},{"r":"86","t":"09:39:31","h":"Ouest","s":"25N-H54NV10S-82-S"},{"r":"86","t":"09:39:31","h":"Ouest","s":"25N-H54NV20S-80-S"},{"r":"86","t":"09:39:31","h":"Ouest","s":"25S-H54S000S-82-S"},{"r":"86","t":"09:47:31","h":"Ouest","s":"25N-H54N000I-80-I"},{"r":"86","t":"09:47:31","h":"Ouest","s":"25N-H54N100F-80-F1"},{"r":"86","t":"09:47:31","h":"Ouest","s":"25N-H54N200F-80-F2"},{"r":"86","t":"09:47:31","h":"Ouest","s":"25N-H54N300F-80-F3"},{"r":"86","t":"09:47:31","h":"Ouest","s":"25N-H54N400F-80-F4"},{"r":"86","t":"09:47:31","h":"Ouest","s":"25N-H54NV10I-80-I"},{"r":"86","t":"09:47:31","h":"Ouest","s":"25N-H54NV20I-80-I"},{"r":"86","t":"09:47:31","h":"Ouest","s":"25S-H54S000I-82-I"},{"r":"86","t":"09:47:31","h":"Ouest","s":"25S-H54S100F-80-F1"},{"r":"86","t":"09:47:31","h":"Ouest","s":"25S-H54S200F-80-F2"},{"r":"86","t":"09:54:31","h":"Ouest","s":"25N-H54N000A-80-A"},{"r":"86","t":"09:54:31","h":"Ouest","s":"25N-H54NV10A-80-A"},{"r":"86","t":"09:54:31","h":"Ouest","s":"25N-H54NV20A-80-A"},{"r":"86","t":"09:54:31","h":"Ouest","s":"25S-H54S000A-83-A"},{"r":"430","t":"10:04:21","h":"Ouest","s":"25N-H57N000S-80-S"},{"r":"430","t":"10:04:21","h":"Ouest","s":"25N-H57NV10S-84-S"},{"r":"430","t":"10:04:21","h":"Ouest","s":"25N-H57NV20S-80-S"},{"r":"430","t":"10:04:21","h":"Ouest","s":"25S-H57S000S-82-S"},{"r":"86","t":"10:07:31","h":"Ouest","s":"25N-H54N000S-80-S"},{"r":"86","t":"10:07:31","h":"Ouest","s":"25N-H54NV10S-82-S"},{"r":"86","t":"10:07:31","h":"Ouest","s":"25N-H54NV20S-80-S"},{"r":"86","t":"10:07:31","h":"Ouest","s":"25S-H54S000S-82-S"},{"r":"86","t":"10:20:31","h":"Ouest","s":"25N-H54N000I-80-I"},{"r":"86","t":"10:20:31","h":"Ouest","s":"25N-H54N100F-80-F1"},{"r":"86","t":"10:20:31","h":"Ouest","s":"25N-H54N200F-80-F2"},{"r":"86","t":"10:20:31","h":"Ouest","s":"25N-H54N300F-80-F3"},{"r":"86","t":"10:20:31","h":"Ouest","s":"25N-H54N400F-80-F4"},{"r":"86","t":"10:20:31","h":"Ouest","s":"25N-H54NV10I-80-I"},{"r":"86","t":"10:20:31","h":"Ouest","s":"25N-H54NV20I-80-I"},{"r":"86","t":"10:20:31","h":"Ouest","s":"25S-H54S000I-82-I"},{"r":"86","t":"10:20:31","h":"Ouest","s":"25S-H54S100F-80-F1"},{"r":"86","t":"10:20:31","h":"Ouest","s":"25S-H54S200F-80-F2"},{"r":"86","t":"10:27:31","h":"Ouest","s":"25N-H54N000A-80-A"},{"r":"86","t":"10:27:31","h":"Ouest","s":"25N-H54NV10A-80-A"},{"r":"86","t":"10:27:31","h":"Ouest","s":"25N-H54NV20A-80-A"},{"r":"86","t":"10:27:31","h":"Ouest","s":"25S-H54S000A-83-A"},{"r":"86","t":"10:35:31","h":"Ouest","s":"25N-H54N000S-80-S"},{"r":"86","t":"10:35:31","h":"Ouest","s":"25N-H54NV10S-82-S"},{"r":"86","t":"10:35:31","h":"Ouest","s":"25N-H54NV20S-80-S"},{"r":"86","t":"10:35:31","h":"Ouest","s":"25S-H54S000S-82-S"},{"r":"430","t":"10:36:21","h":"Ouest","s":"25N-H54N000S-80-S"},{"r":"430","t":"10:36:21","h":"Ouest","s":"25N-H54NV10S-82-S"},{"r":"430","t":"10:36:21","h":"Ouest","s":"25N-H54NV20S-80-S"},{"r":"430","t":"10:36:21","h":"Ouest","s":"25S-H54S000S-82-S"},{"r":"86","t":"10:53:31","h":"Ouest","s":"25N-H54N000I-80-I"},{"r":"86","t":"10:53:31","h":"Ouest","s":"25N-H54N100F-80-F1"},{"r":"86","t":"10:53:31","h":"Ouest","s":"25N-H54N200F-80-F2"},{"r":"86","t":"10:53:31","h":"Ouest","s":"25N-H54N300F-80-F3"},{"r":"86","t":"10:53:31","h":"Ouest","s":"25N-H54N400F-80-F4"},{"r":"86","t":"10:53:31","h":"Ouest","s":"25N-H54NV10I-80-I"},{"r":"86","t":"10:53:31","h":"Ouest","s":"25N-H54NV20I-80-I"},{"r":"86","t":"10:53:31","h":"Ouest","s":"25S-H54S000I-82-I"},{"r":"86","t":"10:53:31","h":"Ouest","s":"25S-H54S100F-80-F1"},{"r":"86","t":"10:53:31","h":"Ouest","s":"25S-H54S200F-80-F2"},{"r":"86","t":"11:00:31","h":"Ouest","s":"25N-H54N000A-80-A"},{"r":"86","t":"11:00:31","h":"Ouest","s":"25N-H54NV10A-80-A"},{"r":"86","t":"11:00:31","h":"Ouest","s":"25N-H54NV20A-80-A"},{"r":"86","t":"11:00:31","h":"Ouest","s":"25S-H54S000A-83-A"},{"r":"430","t":"11:05:21","h":"Ouest","s":"25N-H57N000S-80-S"},{"r":"430","t":"11:05:21","h":"Ouest","s":"25N-H57NV10S-84-S"},{"r":"430","t":"11:05:21","h":"Ouest","s":"25N-H57NV20S-80-S"},{"r":"430","t":"11:05:21","h":"Ouest","s":"25S-H57S000S-82-S"},{"r":"86","t":"11:06:31","h":"Ouest","s":"25N-H54N000S-80-S"},{"r":"86","t":"11:06:31","h":"Ouest","s":"25N-H54NV10S-82-S"},{"r":"86","t":"11:06:31","h":"Ouest","s":"25N-H54NV20S-80-S"},{"r":"86","t":"11:06:31","h":"Ouest","s":"25S-H54S000S-82-S"},{"r":"86","t":"11:26:31","h":"Ouest","s":"25N-H54N000I-80-I"},{"r":"86","t":"11:26:31","h":"Ouest","s":"25N-H54N100F-80-F1"},{"r":"86","t":"11:26:31","h":"Ouest","s":"25N-H54N200F-80-F2"},{"r":"86","t":"11:26:31","h":"Ouest","s":"25N-H54N300F-80-F3"},{"r":"86","t":"11:26:31","h":"Ouest","s":"25N-H54N400F-80-F4"},{"r":"86","t":"11:26:31","h":"Ouest","s":"25N-H54NV10I-80-I"},{"r":"86","t":"11:26:31","h":"Ouest","s":"25N-H54NV20I-80-I"},{"r":"86","t":"11:26:31","h":"Ouest","s":"25S-H54S000I-82-I"},{"r":"86","t":"11:26:31","h":"Ouest","s":"25S-H54S100F-80-F1"},{"r":"86","t":"11:26:31","h":"Ouest","s":"25S-H54S200F-80-F2"},{"r":"430","t":"11:33:21","h":"Ouest","s":"25N-H57N000S-80-S"},{"r":"430","t":"11:33:21","h":"Ouest","s":"25N-H57NV10S-84-S"},{"r":"430","t":"11:33:21","h":"Ouest","s":"25N-H57NV20S-80-S"},{"r":"430","t":"11:33:21","h":"Ouest","s":"25S-H57S000S-82-S"},{"r":"86","t":"11:33:31","h":"Ouest","s":"25N-H54N000A-80-A"},{"r":"86","t":"11:33:31","h":"Ouest","s":"25N-H54NV10A-80-A"},{"r":"86","t":"11:33:31","h":"Ouest","s":"25N-H54NV20A-80-A"},{"r":"86","t":"11:33:31","h":"Ouest","s":"25S-H54S000A-83-A"},{"r":"86","t":"11:36:31","h":"Ouest","s":"25N-H54N000S-80-S"},{"r":"86","t":"11:36:31","h":"Ouest","s":"25N-H54NV10S-82-S"},{"r":"86","t":"11:36:31","h":"Ouest","s":"25N-H54NV20S-80-S"},{"r":"86","t":"11:36:31","h":"Ouest","s":"25S-H54S000S-82-S"},{"r":"86","t":"11:59:31","h":"Ouest","s":"25N-H54N000I-80-I"},{"r":"86","t":"11:59:31","h":"Ouest","s":"25N-H54N100F-80-F1"},{"r":"86","t":"11:59:31","h":"Ouest","s":"25N-H54N200F-80-F2"},{"r":"86","t":"11:59:31","h":"Ouest","s":"25N-H54N300F-80-F3"},{"r":"86","t":"11:59:31","h":"Ouest","s":"25N-H54N400F-80-F4"},{"r":"86","t":"11:59:31","h":"Ouest","s":"25N-H54NV10I-80-I"},{"r":"86","t":"11:59:31","h":"Ouest","s":"25N-H54NV20I-80-I"},{"r":"86","t":"11:59:31","h":"Ouest","s":"25S-H54S000I-82-I"},{"r":"86","t":"11:59:31","h":"Ouest","s":"25S-H54S100F-80-F1"},{"r":"86","t":"11:59:31","h":"Ouest","s":"25S-H54S200F-80-F2"},{"r":"430","t":"12:02:21","h":"Ouest","s":"25N-H57N000S-80-S"},{"r":"430","t":"12:02:21","h":"Ouest","s":"25N-H57NV10S-84-S"},{"r":"430","t":"12:02:21","h":"Ouest","s":"25N-H57NV20S-80-S"},{"r":"430","t":"12:02:21","h":"Ouest","s":"25S-H57S000S-82-S"},{"r":"86","t":"12:05:31","h":"Ouest","s":"25N-H54N000S-80-S"},{"r":"86","t":"12:05:31","h":"Ouest","s":"25N-H54NV10S-82-S"},{"r":"86","t":"12:05:31","h":"Ouest","s":"25N-H54NV20S-80-S"},{"r":"86","t":"12:05:31","h":"Ouest","s":"25S-H54S000S-82-S"},{"r":"86","t":"12:06:31","h":"Ouest","s":"25N-H54N000A-80-A"},{"r":"86","t":"12:06:31","h":"Ouest","s":"25N-H54NV10A-80-A"},{"r":"86","t":"12:06:31","h":"Ouest","s":"25N-H54NV20A-80-A"},{"r":"86","t":"12:06:31","h":"Ouest","s":"25S-H54S000A-83-A"},{"r":"86","t":"12:32:31","h":"Ouest","s":"25N-H54N000I-80-I"},{"r":"86","t":"12:32:31","h":"Ouest","s":"25N-H54N100F-80-F1"},{"r":"86","t":"12:32:31","h":"Ouest","s":"25N-H54N200F-80-F2"},{"r":"86","t":"12:32:31","h":"Ouest","s":"25N-H54N300F-80-F3"},{"r":"86","t":"12:32:31","h":"Ouest","s":"25N-H54N400F-80-F4"},{"r":"86","t":"12:32:31","h":"Ouest","s":"25N-H54NV10I-80-I"},{"r":"86","t":"12:32:31","h":"Ouest","s":"25N-H54NV20I-80-I"},{"r":"86","t":"12:32:31","h":"Ouest","s":"25S-H54S000I-82-I"},{"r":"86","t":"12:32:31","h":"Ouest","s":"25S-H54S100F-80-F1"},{"r":"86","t":"12:32:31","h":"Ouest","s":"25S-H54S200F-80-F2"},{"r":"86","t":"12:34:31","h":"Ouest","s":"25N-H54N000S-80-S"},{"r":"86","t":"12:34:31","h":"Ouest","s":"25N-H54NV10S-82-S"},{"r":"86","t":"12:34:31","h":"Ouest","s":"25N-H54NV20S-80-S"},{"r":"86","t":"12:34:31","h":"Ouest","s":"25S-H54S000S-82-S"},{"r":"86","t":"12:39:31","h":"Ouest","s":"25N-H54N000A-80-A"},{"r":"86","t":"12:39:31","h":"Ouest","s":"25N-H54NV10A-80-A"},{"r":"86","t":"12:39:31","h":"Ouest","s":"25N-H54NV20A-80-A"},{"r":"86","t":"12:39:31","h":"Ouest","s":"25S-H54S000A-83-A"},{"r":"86","t":"13:04:31","h":"Ouest","s":"25N-H54N000I-80-I"},{"r":"86","t":"13:04:31","h":"Ouest","s":"25N-H54N000S-80-S"},{"r":"86","t":"13:04:31","h":"Ouest","s":"25N-H54N100F-80-F1"},{"r":"86","t":"13:04:31","h":"Ouest","s":"25N-H54N200F-80-F2"},{"r":"86","t":"13:04:31","h":"Ouest","s":"25N-H54N300F-80-F3"},{"r":"86","t":"13:04:31","h":"Ouest","s":"25N-H54N400F-80-F4"},{"r":"86","t":"13:04:31","h":"Ouest","s":"25N-H54NV10I-80-I"},{"r":"86","t":"13:04:31","h":"Ouest","s":"25N-H54NV10S-82-S"},{"r":"86","t":"13:04:31","h":"Ouest","s":"25N-H54NV20I-80-I"},{"r":"86","t":"13:04:31","h":"Ouest","s":"25N-H54NV20S-80-S"},{"r":"86","t":"13:04:31","h":"Ouest","s":"25S-H54S000I-82-I"},{"r":"86","t":"13:04:31","h":"Ouest","s":"25S-H54S000S-82-S"},{"r":"86","t":"13:04:31","h":"Ouest","s":"25S-H54S100F-80-F1"},{"r":"86","t":"13:04:31","h":"Ouest","s":"25S-H54S200F-80-F2"},{"r":"86","t":"13:12:31","h":"Ouest","s":"25N-H54N000A-80-A"},{"r":"86","t":"13:12:31","h":"Ouest","s":"25N-H54NV10A-80-A"},{"r":"86","t":"13:12:31","h":"Ouest","s":"25N-H54NV20A-80-A"},{"r":"86","t":"13:12:31","h":"Ouest","s":"25S-H54S000A-83-A"},{"r":"86","t":"13:34:31","h":"Ouest","s":"25N-H54N000S-80-S"},{"r":"86","t":"13:34:31","h":"Ouest","s":"25N-H54NV10S-82-S"},{"r":"86","t":"13:34:31","h":"Ouest","s":"25N-H54NV20S-80-S"},{"r":"86","t":"13:34:31","h":"Ouest","s":"25S-H54S000S-82-S"},{"r":"86","t":"13:36:31","h":"Ouest","s":"25N-H54N000I-80-I"},{"r":"86","t":"13:36:31","h":"Ouest","s":"25N-H54N100F-80-F1"},{"r":"86","t":"13:36:31","h":"Ouest","s":"25N-H54N200F-80-F2"},{"r":"86","t":"13:36:31","h":"Ouest","s":"25N-H54N300F-80-F3"},{"r":"86","t":"13:36:31","h":"Ouest","s":"25N-H54N400F-80-F4"},{"r":"86","t":"13:36:31","h":"Ouest","s":"25N-H54NV10I-80-I"},{"r":"86","t":"13:36:31","h":"Ouest","s":"25N-H54NV20I-80-I"},{"r":"86","t":"13:36:31","h":"Ouest","s":"25S-H54S000I-82-I"},{"r":"86","t":"13:36:31","h":"Ouest","s":"25S-H54S100F-80-F1"},{"r":"86","t":"13:36:31","h":"Ouest","s":"25S-H54S200F-80-F2"},{"r":"86","t":"13:45:31","h":"Ouest","s":"25N-H54N000A-80-A"},{"r":"86","t":"13:45:31","h":"Ouest","s":"25N-H54NV10A-80-A"},{"r":"86","t":"13:45:31","h":"Ouest","s":"25N-H54NV20A-80-A"},{"r":"86","t":"13:45:31","h":"Ouest","s":"25S-H54S000A-83-A"},{"r":"86","t":"14:03:31","h":"Ouest","s":"25N-H54N000S-80-S"},{"r":"86","t":"14:03:31","h":"Ouest","s":"25N-H54NV10S-82-S"},{"r":"86","t":"14:03:31","h":"Ouest","s":"25N-H54NV20S-80-S"},{"r":"86","t":"14:03:31","h":"Ouest","s":"25S-H54S000S-82-S"},{"r":"86","t":"14:08:31","h":"Ouest","s":"25N-H54N000I-80-I"},{"r":"86","t":"14:08:31","h":"Ouest","s":"25N-H54N100F-80-F1"},{"r":"86","t":"14:08:31","h":"Ouest","s":"25N-H54N200F-80-F2"},{"r":"86","t":"14:08:31","h":"Ouest","s":"25N-H54N300F-80-F3"},{"r":"86","t":"14:08:31","h":"Ouest","s":"25N-H54N400F-80-F4"},{"r":"86","t":"14:08:31","h":"Ouest","s":"25N-H54NV10I-80-I"},{"r":"86","t":"14:08:31","h":"Ouest","s":"25N-H54NV20I-80-I"},{"r":"86","t":"14:08:31","h":"Ouest","s":"25S-H54S000I-82-I"},{"r":"86","t":"14:08:31","h":"Ouest","s":"25S-H54S100F-80-F1"},{"r":"86","t":"14:08:31","h":"Ouest","s":"25S-H54S200F-80-F2"},{"r":"86","t":"14:18:31","h":"Ouest","s":"25N-H54N000A-80-A"},{"r":"86","t":"14:18:31","h":"Ouest","s":"25N-H54NV10A-80-A"},{"r":"86","t":"14:18:31","h":"Ouest","s":"25N-H54NV20A-80-A"},{"r":"86","t":"14:18:31","h":"Ouest","s":"25S-H54S000A-83-A"},{"r":"86","t":"14:30:31","h":"Ouest","s":"25N-H54N000S-80-S"},{"r":"86","t":"14:30:31","h":"Ouest","s":"25N-H54NV10S-82-S"},{"r":"86","t":"14:30:31","h":"Ouest","s":"25N-H54NV20S-80-S"},{"r":"86","t":"14:30:31","h":"Ouest","s":"25S-H54S000S-82-S"},{"r":"86","t":"14:40:31","h":"Ouest","s":"25N-H54N000I-80-I"},{"r":"86","t":"14:40:31","h":"Ouest","s":"25N-H54N100F-80-F1"},{"r":"86","t":"14:40:31","h":"Ouest","s":"25N-H54N200F-80-F2"},{"r":"86","t":"14:40:31","h":"Ouest","s":"25N-H54N300F-80-F3"},{"r":"86","t":"14:40:31","h":"Ouest","s":"25N-H54N400F-80-F4"},{"r":"86","t":"14:40:31","h":"Ouest","s":"25N-H54NV10I-80-I"},{"r":"86","t":"14:40:31","h":"Ouest","s":"25N-H54NV20I-80-I"},{"r":"86","t":"14:40:31","h":"Ouest","s":"25S-H54S000I-82-I"},{"r":"86","t":"14:40:31","h":"Ouest","s":"25S-H54S100F-80-F1"},{"r":"86","t":"14:40:31","h":"Ouest","s":"25S-H54S200F-80-F2"},{"r":"86","t":"14:51:31","h":"Ouest","s":"25N-H54N000A-80-A"},{"r":"86","t":"14:51:31","h":"Ouest","s":"25N-H54NV10A-80-A"},{"r":"86","t":"14:51:31","h":"Ouest","s":"25N-H54NV20A-80-A"},{"r":"86","t":"14:51:31","h":"Ouest","s":"25S-H54S000A-83-A"},{"r":"86","t":"14:57:31","h":"Ouest","s":"25N-H54N000S-80-S"},{"r":"86","t":"14:57:31","h":"Ouest","s":"25N-H54NV10S-82-S"},{"r":"86","t":"14:57:31","h":"Ouest","s":"25N-H54NV20S-80-S"},{"r":"86","t":"14:57:31","h":"Ouest","s":"25S-H54S000S-82-S"},{"r":"86","t":"15:12:31","h":"Ouest","s":"25N-H54N000I-80-I"},{"r":"86","t":"15:12:31","h":"Ouest","s":"25N-H54N100F-80-F1"},{"r":"86","t":"15:12:31","h":"Ouest","s":"25N-H54N200F-80-F2"},{"r":"86","t":"15:12:31","h":"Ouest","s":"25N-H54N300F-80-F3"},{"r":"86","t":"15:12:31","h":"Ouest","s":"25N-H54N400F-80-F4"},{"r":"86","t":"15:12:31","h":"Ouest","s":"25N-H54NV10I-80-I"},{"r":"86","t":"15:12:31","h":"Ouest","s":"25N-H54NV20I-80-I"},{"r":"86","t":"15:12:31","h":"Ouest","s":"25S-H54S000I-82-I"},{"r":"86","t":"15:12:31","h":"Ouest","s":"25S-H54S100F-80-F1"},{"r":"86","t":"15:12:31","h":"Ouest","s":"25S-H54S200F-80-F2"},{"r":"86","t":"15:24:31","h":"Ouest","s":"25N-H54N000A-80-A"},{"r":"86","t":"15:24:31","h":"Ouest","s":"25N-H54NV10A-80-A"},{"r":"86","t":"15:24:31","h":"Ouest","s":"25N-H54NV20A-80-A"},{"r":"86","t":"15:24:31","h":"Ouest","s":"25S-H54S000A-83-A"},{"r":"86","t":"15:30:31","h":"Ouest","s":"25N-H54N000S-80-S"},{"r":"86","t":"15:30:31","h":"Ouest","s":"25N-H54NV10S-82-S"},{"r":"86","t":"15:30:31","h":"Ouest","s":"25N-H54NV20S-80-S"},{"r":"86","t":"15:30:31","h":"Ouest","s":"25S-H54S000S-82-S"},{"r":"86","t":"15:44:31","h":"Ouest","s":"25N-H54N000I-80-I"},{"r":"86","t":"15:44:31","h":"Ouest","s":"25N-H54N100F-80-F1"},{"r":"86","t":"15:44:31","h":"Ouest","s":"25N-H54N200F-80-F2"},{"r":"86","t":"15:44:31","h":"Ouest","s":"25N-H54N300F-80-F3"},{"r":"86","t":"15:44:31","h":"Ouest","s":"25N-H54N400F-80-F4"},{"r":"86","t":"15:44:31","h":"Ouest","s":"25N-H54NV10I-80-I"},{"r":"86","t":"15:44:31","h":"Ouest","s":"25N-H54NV20I-80-I"},{"r":"86","t":"15:44:31","h":"Ouest","s":"25S-H54S000I-82-I"},{"r":"86","t":"15:44:31","h":"Ouest","s":"25S-H54S100F-80-F1"},{"r":"86","t":"15:44:31","h":"Ouest","s":"25S-H54S200F-80-F2"},{"r":"86","t":"15:57:31","h":"Ouest","s":"25N-H54N000A-80-A"},{"r":"86","t":"15:57:31","h":"Ouest","s":"25N-H54NV10A-80-A"},{"r":"86","t":"15:57:31","h":"Ouest","s":"25N-H54NV20A-80-A"},{"r":"86","t":"15:57:31","h":"Ouest","s":"25S-H54S000A-83-A"},{"r":"86","t":"16:03:31","h":"Ouest","s":"25N-H54N000S-80-S"},{"r":"86","t":"16:03:31","h":"Ouest","s":"25N-H54NV10S-82-S"},{"r":"86","t":"16:03:31","h":"Ouest","s":"25N-H54NV20S-80-S"},{"r":"86","t":"16:03:31","h":"Ouest","s":"25S-H54S000S-82-S"},{"r":"86","t":"16:17:31","h":"Ouest","s":"25N-H54N000I-80-I"},{"r":"86","t":"16:17:31","h":"Ouest","s":"25N-H54N100F-80-F1"},{"r":"86","t":"16:17:31","h":"Ouest","s":"25N-H54N200F-80-F2"},{"r":"86","t":"16:17:31","h":"Ouest","s":"25N-H54N300F-80-F3"},{"r":"86","t":"16:17:31","h":"Ouest","s":"25N-H54N400F-80-F4"},{"r":"86","t":"16:17:31","h":"Ouest","s":"25N-H54NV10I-80-I"},{"r":"86","t":"16:17:31","h":"Ouest","s":"25N-H54NV20I-80-I"},{"r":"86","t":"16:17:31","h":"Ouest","s":"25S-H54S000I-82-I"},{"r":"86","t":"16:17:31","h":"Ouest","s":"25S-H54S100F-80-F1"},{"r":"86","t":"16:17:31","h":"Ouest","s":"25S-H54S200F-80-F2"},{"r":"86","t":"16:30:31","h":"Ouest","s":"25N-H54N000A-80-A"},{"r":"86","t":"16:30:31","h":"Ouest","s":"25N-H54NV10A-80-A"},{"r":"86","t":"16:30:31","h":"Ouest","s":"25N-H54NV20A-80-A"},{"r":"86","t":"16:30:31","h":"Ouest","s":"25S-H54S000A-83-A"},{"r":"86","t":"16:36:31","h":"Ouest","s":"25N-H54N000S-80-S"},{"r":"86","t":"16:36:31","h":"Ouest","s":"25N-H54NV10S-82-S"},{"r":"86","t":"16:36:31","h":"Ouest","s":"25N-H54NV20S-80-S"},{"r":"86","t":"16:36:31","h":"Ouest","s":"25S-H54S000S-82-S"},{"r":"86","t":"16:50:31","h":"Ouest","s":"25N-H54N000I-80-I"},{"r":"86","t":"16:50:31","h":"Ouest","s":"25N-H54N100F-80-F1"},{"r":"86","t":"16:50:31","h":"Ouest","s":"25N-H54N200F-80-F2"},{"r":"86","t":"16:50:31","h":"Ouest","s":"25N-H54N300F-80-F3"},{"r":"86","t":"16:50:31","h":"Ouest","s":"25N-H54N400F-80-F4"},{"r":"86","t":"16:50:31","h":"Ouest","s":"25N-H54NV10I-80-I"},{"r":"86","t":"16:50:31","h":"Ouest","s":"25N-H54NV20I-80-I"},{"r":"86","t":"16:50:31","h":"Ouest","s":"25S-H54S000I-82-I"},{"r":"86","t":"16:50:31","h":"Ouest","s":"25S-H54S100F-80-F1"},{"r":"86","t":"16:50:31","h":"Ouest","s":"25S-H54S200F-80-F2"},{"r":"86","t":"17:03:31","h":"Ouest","s":"25N-H54N000A-80-A"},{"r":"86","t":"17:03:31","h":"Ouest","s":"25N-H54NV10A-80-A"},{"r":"86","t":"17:03:31","h":"Ouest","s":"25N-H54NV20A-80-A"},{"r":"86","t":"17:03:31","h":"Ouest","s":"25S-H54S000A-83-A"},{"r":"86","t":"17:08:31","h":"Ouest","s":"25N-H54N000S-80-S"},{"r":"86","t":"17:08:31","h":"Ouest","s":"25N-H54NV10S-82-S"},{"r":"86","t":"17:08:31","h":"Ouest","s":"25N-H54NV20S-80-S"},{"r":"86","t":"17:08:31","h":"Ouest","s":"25S-H54S000S-82-S"},{"r":"86","t":"17:23:31","h":"Ouest","s":"25N-H54N000I-80-I"},{"r":"86","t":"17:23:31","h":"Ouest","s":"25N-H54N100F-80-F1"},{"r":"86","t":"17:23:31","h":"Ouest","s":"25N-H54N200F-80-F2"},{"r":"86","t":"17:23:31","h":"Ouest","s":"25N-H54N300F-80-F3"},{"r":"86","t":"17:23:31","h":"Ouest","s":"25N-H54N400F-80-F4"},{"r":"86","t":"17:23:31","h":"Ouest","s":"25N-H54NV10I-80-I"},{"r":"86","t":"17:23:31","h":"Ouest","s":"25N-H54NV20I-80-I"},{"r":"86","t":"17:23:31","h":"Ouest","s":"25S-H54S000I-82-I"},{"r":"86","t":"17:23:31","h":"Ouest","s":"25S-H54S100F-80-F1"},{"r":"86","t":"17:23:31","h":"Ouest","s":"25S-H54S200F-80-F2"},{"r":"86","t":"17:36:31","h":"Ouest","s":"25N-H54N000A-80-A"},{"r":"86","t":"17:36:31","h":"Ouest","s":"25N-H54NV10A-80-A"},{"r":"86","t":"17:36:31","h":"Ouest","s":"25N-H54NV20A-80-A"},{"r":"86","t":"17:36:31","h":"Ouest","s":"25S-H54S000A-83-A"},{"r":"86","t":"17:40:31","h":"Ouest","s":"25N-H54N000S-80-S"},{"r":"86","t":"17:40:31","h":"Ouest","s":"25N-H54NV10S-82-S"},{"r":"86","t":"17:40:31","h":"Ouest","s":"25N-H54NV20S-80-S"},{"r":"86","t":"17:40:31","h":"Ouest","s":"25S-H54S000S-82-S"},{"r":"86","t":"17:56:31","h":"Ouest","s":"25N-H54N000I-80-I"},{"r":"86","t":"17:56:31","h":"Ouest","s":"25N-H54N100F-80-F1"},{"r":"86","t":"17:56:31","h":"Ouest","s":"25N-H54N200F-80-F2"},{"r":"86","t":"17:56:31","h":"Ouest","s":"25N-H54N300F-80-F3"},{"r":"86","t":"17:56:31","h":"Ouest","s":"25N-H54N400F-80-F4"},{"r":"86","t":"17:56:31","h":"Ouest","s":"25N-H54NV10I-80-I"},{"r":"86","t":"17:56:31","h":"Ouest","s":"25N-H54NV20I-80-I"},{"r":"86","t":"17:56:31","h":"Ouest","s":"25S-H54S000I-82-I"},{"r":"86","t":"17:56:31","h":"Ouest","s":"25S-H54S100F-80-F1"},{"r":"86","t":"17:56:31","h":"Ouest","s":"25S-H54S200F-80-F2"},{"r":"86","t":"18:09:31","h":"Ouest","s":"25N-H54N000A-80-A"},{"r":"86","t":"18:09:31","h":"Ouest","s":"25N-H54NV10A-80-A"},{"r":"86","t":"18:09:31","h":"Ouest","s":"25N-H54NV20A-80-A"},{"r":"86","t":"18:09:31","h":"Ouest","s":"25S-H54S000A-83-A"},{"r":"86","t":"18:12:31","h":"Ouest","s":"25N-H54N000S-80-S"},{"r":"86","t":"18:12:31","h":"Ouest","s":"25N-H54NV10S-82-S"},{"r":"86","t":"18:12:31","h":"Ouest","s":"25N-H54NV20S-80-S"},{"r":"86","t":"18:12:31","h":"Ouest","s":"25S-H54S000S-82-S"},{"r":"86","t":"18:29:31","h":"Ouest","s":"25N-H54N000I-80-I"},{"r":"86","t":"18:29:31","h":"Ouest","s":"25N-H54N100F-80-F1"},{"r":"86","t":"18:29:31","h":"Ouest","s":"25N-H54N200F-80-F2"},{"r":"86","t":"18:29:31","h":"Ouest","s":"25N-H54N300F-80-F3"},{"r":"86","t":"18:29:31","h":"Ouest","s":"25N-H54N400F-80-F4"},{"r":"86","t":"18:29:31","h":"Ouest","s":"25N-H54NV10I-80-I"},{"r":"86","t":"18:29:31","h":"Ouest","s":"25N-H54NV20I-80-I"},{"r":"86","t":"18:29:31","h":"Ouest","s":"25S-H54S000I-82-I"},{"r":"86","t":"18:29:31","h":"Ouest","s":"25S-H54S100F-80-F1"},{"r":"86","t":"18:29:31","h":"Ouest","s":"25S-H54S200F-80-F2"},{"r":"86","t":"18:42:31","h":"Ouest","s":"25N-H54N000A-80-A"},{"r":"86","t":"18:42:31","h":"Ouest","s":"25N-H54N000S-80-S"},{"r":"86","t":"18:42:31","h":"Ouest","s":"25N-H54NV10A-80-A"},{"r":"86","t":"18:42:31","h":"Ouest","s":"25N-H54NV10S-82-S"},{"r":"86","t":"18:42:31","h":"Ouest","s":"25N-H54NV20A-80-A"},{"r":"86","t":"18:42:31","h":"Ouest","s":"25N-H54NV20S-80-S"},{"r":"86","t":"18:42:31","h":"Ouest","s":"25S-H54S000A-83-A"},{"r":"86","t":"18:42:31","h":"Ouest","s":"25S-H54S000S-82-S"},{"r":"86","t":"19:01:31","h":"Ouest","s":"25N-H54N000I-80-I"},{"r":"86","t":"19:01:31","h":"Ouest","s":"25N-H54N100F-80-F1"},{"r":"86","t":"19:01:31","h":"Ouest","s":"25N-H54N200F-80-F2"},{"r":"86","t":"19:01:31","h":"Ouest","s":"25N-H54N300F-80-F3"},{"r":"86","t":"19:01:31","h":"Ouest","s":"25N-H54N400F-80-F4"},{"r":"86","t":"19:01:31","h":"Ouest","s":"25N-H54NV10I-80-I"},{"r":"86","t":"19:01:31","h":"Ouest","s":"25N-H54NV20I-80-I"},{"r":"86","t":"19:01:31","h":"Ouest","s":"25S-H54S000I-82-I"},{"r":"86","t":"19:01:31","h":"Ouest","s":"25S-H54S100F-80-F1"},{"r":"86","t":"19:01:31","h":"Ouest","s":"25S-H54S200F-80-F2"},{"r":"86","t":"19:12:31","h":"Ouest","s":"25N-H54N000S-80-S"},{"r":"86","t":"19:12:31","h":"Ouest","s":"25N-H54NV10S-82-S"},{"r":"86","t":"19:12:31","h":"Ouest","s":"25N-H54NV20S-80-S"},{"r":"86","t":"19:12:31","h":"Ouest","s":"25S-H54S000S-82-S"},{"r":"86","t":"19:15:31","h":"Ouest","s":"25N-H54N000A-80-A"},{"r":"86","t":"19:15:31","h":"Ouest","s":"25N-H54NV10A-80-A"},{"r":"86","t":"19:15:31","h":"Ouest","s":"25N-H54NV20A-80-A"},{"r":"86","t":"19:15:31","h":"Ouest","s":"25S-H54S000A-83-A"},{"r":"86","t":"19:33:00","h":"Ouest","s":"25N-H54N000I-80-I"},{"r":"86","t":"19:33:00","h":"Ouest","s":"25N-H54N100F-80-F1"},{"r":"86","t":"19:33:00","h":"Ouest","s":"25N-H54N200F-80-F2"},{"r":"86","t":"19:33:00","h":"Ouest","s":"25N-H54N300F-80-F3"},{"r":"86","t":"19:33:00","h":"Ouest","s":"25N-H54N400F-80-F4"},{"r":"86","t":"19:33:00","h":"Ouest","s":"25N-H54NV10I-80-I"},{"r":"86","t":"19:33:00","h":"Ouest","s":"25N-H54NV20I-80-I"},{"r":"86","t":"19:33:00","h":"Ouest","s":"25S-H54S000I-82-I"},{"r":"86","t":"19:33:00","h":"Ouest","s":"25S-H54S100F-80-F1"},{"r":"86","t":"19:33:00","h":"Ouest","s":"25S-H54S200F-80-F2"},{"r":"86","t":"19:41:31","h":"Ouest","s":"25N-H54N000S-80-S"},{"r":"86","t":"19:41:31","h":"Ouest","s":"25N-H54NV10S-82-S"},{"r":"86","t":"19:41:31","h":"Ouest","s":"25N-H54NV20S-80-S"},{"r":"86","t":"19:41:31","h":"Ouest","s":"25S-H54S000S-82-S"},{"r":"86","t":"19:48:31","h":"Ouest","s":"25N-H54N000A-80-A"},{"r":"86","t":"19:48:31","h":"Ouest","s":"25N-H54NV10A-80-A"},{"r":"86","t":"19:48:31","h":"Ouest","s":"25N-H54NV20A-80-A"},{"r":"86","t":"19:48:31","h":"Ouest","s":"25S-H54S000A-83-A"},{"r":"86","t":"20:04:00","h":"Ouest","s":"25N-H54N000I-80-I"},{"r":"86","t":"20:04:00","h":"Ouest","s":"25N-H54N100F-80-F1"},{"r":"86","t":"20:04:00","h":"Ouest","s":"25N-H54N200F-80-F2"},{"r":"86","t":"20:04:00","h":"Ouest","s":"25N-H54N300F-80-F3"},{"r":"86","t":"20:04:00","h":"Ouest","s":"25N-H54N400F-80-F4"},{"r":"86","t":"20:04:00","h":"Ouest","s":"25N-H54NV10I-80-I"},{"r":"86","t":"20:04:00","h":"Ouest","s":"25N-H54NV20I-80-I"},{"r":"86","t":"20:04:00","h":"Ouest","s":"25S-H54S000I-82-I"},{"r":"86","t":"20:04:00","h":"Ouest","s":"25S-H54S100F-80-F1"},{"r":"86","t":"20:04:00","h":"Ouest","s":"25S-H54S200F-80-F2"},{"r":"86","t":"20:10:31","h":"Ouest","s":"25N-H54N000S-80-S"},{"r":"86","t":"20:10:31","h":"Ouest","s":"25N-H54NV10S-82-S"},{"r":"86","t":"20:10:31","h":"Ouest","s":"25N-H54NV20S-80-S"},{"r":"86","t":"20:10:31","h":"Ouest","s":"25S-H54S000S-82-S"},{"r":"86","t":"20:21:31","h":"Ouest","s":"25N-H54N000A-80-A"},{"r":"86","t":"20:21:31","h":"Ouest","s":"25N-H54NV10A-80-A"},{"r":"86","t":"20:21:31","h":"Ouest","s":"25N-H54NV20A-80-A"},{"r":"86","t":"20:21:31","h":"Ouest","s":"25S-H54S000A-83-A"},{"r":"86","t":"20:35:00","h":"Ouest","s":"25N-H54N000I-80-I"},{"r":"86","t":"20:35:00","h":"Ouest","s":"25N-H54N100F-80-F1"},{"r":"86","t":"20:35:00","h":"Ouest","s":"25N-H54N200F-80-F2"},{"r":"86","t":"20:35:00","h":"Ouest","s":"25N-H54N300F-80-F3"},{"r":"86","t":"20:35:00","h":"Ouest","s":"25N-H54N400F-80-F4"},{"r":"86","t":"20:35:00","h":"Ouest","s":"25N-H54NV10I-80-I"},{"r":"86","t":"20:35:00","h":"Ouest","s":"25N-H54NV20I-80-I"},{"r":"86","t":"20:35:00","h":"Ouest","s":"25S-H54S000I-82-I"},{"r":"86","t":"20:35:00","h":"Ouest","s":"25S-H54S100F-80-F1"},{"r":"86","t":"20:35:00","h":"Ouest","s":"25S-H54S200F-80-F2"},{"r":"86","t":"20:39:31","h":"Ouest","s":"25N-H54N000S-80-S"},{"r":"86","t":"20:39:31","h":"Ouest","s":"25N-H54NV10S-82-S"},{"r":"86","t":"20:39:31","h":"Ouest","s":"25N-H54NV20S-80-S"},{"r":"86","t":"20:39:31","h":"Ouest","s":"25S-H54S000S-82-S"},{"r":"86","t":"20:53:31","h":"Ouest","s":"25N-H54N000A-80-A"},{"r":"86","t":"20:53:31","h":"Ouest","s":"25N-H54NV10A-80-A"},{"r":"86","t":"20:53:31","h":"Ouest","s":"25N-H54NV20A-80-A"},{"r":"86","t":"20:53:31","h":"Ouest","s":"25S-H54S000A-83-A"},{"r":"86","t":"21:06:00","h":"Ouest","s":"25N-H54N000I-80-I"},{"r":"86","t":"21:06:00","h":"Ouest","s":"25N-H54N100F-80-F1"},{"r":"86","t":"21:06:00","h":"Ouest","s":"25N-H54N200F-80-F2"},{"r":"86","t":"21:06:00","h":"Ouest","s":"25N-H54N300F-80-F3"},{"r":"86","t":"21:06:00","h":"Ouest","s":"25N-H54N400F-80-F4"},{"r":"86","t":"21:06:00","h":"Ouest","s":"25N-H54NV10I-80-I"},{"r":"86","t":"21:06:00","h":"Ouest","s":"25N-H54NV20I-80-I"},{"r":"86","t":"21:06:00","h":"Ouest","s":"25S-H54S000I-82-I"},{"r":"86","t":"21:06:00","h":"Ouest","s":"25S-H54S100F-80-F1"},{"r":"86","t":"21:06:00","h":"Ouest","s":"25S-H54S200F-80-F2"},{"r":"86","t":"21:08:31","h":"Ouest","s":"25N-H54N000S-80-S"},{"r":"86","t":"21:08:31","h":"Ouest","s":"25N-H54NV10S-82-S"},{"r":"86","t":"21:08:31","h":"Ouest","s":"25N-H54NV20S-80-S"},{"r":"86","t":"21:08:31","h":"Ouest","s":"25S-H54S000S-82-S"},{"r":"86","t":"21:25:31","h":"Ouest","s":"25N-H54N000A-80-A"},{"r":"86","t":"21:25:31","h":"Ouest","s":"25N-H54NV10A-80-A"},{"r":"86","t":"21:25:31","h":"Ouest","s":"25N-H54NV20A-80-A"},{"r":"86","t":"21:25:31","h":"Ouest","s":"25S-H54S000A-83-A"},{"r":"86","t":"21:37:00","h":"Ouest","s":"25N-H54N000I-80-I"},{"r":"86","t":"21:37:00","h":"Ouest","s":"25N-H54N100F-80-F1"},{"r":"86","t":"21:37:00","h":"Ouest","s":"25N-H54N200F-80-F2"},{"r":"86","t":"21:37:00","h":"Ouest","s":"25N-H54N300F-80-F3"},{"r":"86","t":"21:37:00","h":"Ouest","s":"25N-H54N400F-80-F4"},{"r":"86","t":"21:37:00","h":"Ouest","s":"25N-H54NV10I-80-I"},{"r":"86","t":"21:37:00","h":"Ouest","s":"25N-H54NV20I-80-I"},{"r":"86","t":"21:37:00","h":"Ouest","s":"25S-H54S000I-82-I"},{"r":"86","t":"21:37:00","h":"Ouest","s":"25S-H54S100F-80-F1"},{"r":"86","t":"21:37:00","h":"Ouest","s":"25S-H54S200F-80-F2"},{"r":"86","t":"21:37:31","h":"Ouest","s":"25N-H54N000S-80-S"},{"r":"86","t":"21:37:31","h":"Ouest","s":"25N-H54NV10S-82-S"},{"r":"86","t":"21:37:31","h":"Ouest","s":"25N-H54NV20S-80-S"},{"r":"86","t":"21:37:31","h":"Ouest","s":"25S-H54S000S-82-S"},{"r":"86","t":"21:56:31","h":"Ouest","s":"25N-H54N000A-80-A"},{"r":"86","t":"21:56:31","h":"Ouest","s":"25N-H54NV10A-80-A"},{"r":"86","t":"21:56:31","h":"Ouest","s":"25N-H54NV20A-80-A"},{"r":"86","t":"21:56:31","h":"Ouest","s":"25S-H54S000A-83-A"},{"r":"86","t":"22:06:31","h":"Ouest","s":"25N-H54N000S-80-S"},{"r":"86","t":"22:06:31","h":"Ouest","s":"25N-H54NV10S-82-S"},{"r":"86","t":"22:06:31","h":"Ouest","s":"25N-H54NV20S-80-S"},{"r":"86","t":"22:06:31","h":"Ouest","s":"25S-H54S000S-82-S"},{"r":"86","t":"22:08:00","h":"Ouest","s":"25N-H54N000I-80-I"},{"r":"86","t":"22:08:00","h":"Ouest","s":"25N-H54N100F-80-F1"},{"r":"86","t":"22:08:00","h":"Ouest","s":"25N-H54N200F-80-F2"},{"r":"86","t":"22:08:00","h":"Ouest","s":"25N-H54N300F-80-F3"},{"r":"86","t":"22:08:00","h":"Ouest","s":"25N-H54N400F-80-F4"},{"r":"86","t":"22:08:00","h":"Ouest","s":"25N-H54NV10I-80-I"},{"r":"86","t":"22:08:00","h":"Ouest","s":"25N-H54NV20I-80-I"},{"r":"86","t":"22:08:00","h":"Ouest","s":"25S-H54S000I-82-I"},{"r":"86","t":"22:08:00","h":"Ouest","s":"25S-H54S100F-80-F1"},{"r":"86","t":"22:08:00","h":"Ouest","s":"25S-H54S200F-80-F2"},{"r":"86","t":"22:26:31","h":"Ouest","s":"25N-H54N000A-80-A"},{"r":"86","t":"22:26:31","h":"Ouest","s":"25N-H54NV10A-80-A"},{"r":"86","t":"22:26:31","h":"Ouest","s":"25N-H54NV20A-80-A"},{"r":"86","t":"22:26:31","h":"Ouest","s":"25S-H54S000A-83-A"},{"r":"86","t":"22:35:31","h":"Ouest","s":"25N-H54N000S-80-S"},{"r":"86","t":"22:35:31","h":"Ouest","s":"25N-H54NV10S-82-S"},{"r":"86","t":"22:35:31","h":"Ouest","s":"25N-H54NV20S-80-S"},{"r":"86","t":"22:35:31","h":"Ouest","s":"25S-H54S000S-82-S"},{"r":"86","t":"22:38:00","h":"Ouest","s":"25N-H54N000I-80-I"},{"r":"86","t":"22:38:00","h":"Ouest","s":"25N-H54N100F-80-F1"},{"r":"86","t":"22:38:00","h":"Ouest","s":"25N-H54N200F-80-F2"},{"r":"86","t":"22:38:00","h":"Ouest","s":"25N-H54N300F-80-F3"},{"r":"86","t":"22:38:00","h":"Ouest","s":"25N-H54N400F-80-F4"},{"r":"86","t":"22:38:00","h":"Ouest","s":"25N-H54NV10I-80-I"},{"r":"86","t":"22:38:00","h":"Ouest","s":"25N-H54NV20I-80-I"},{"r":"86","t":"22:38:00","h":"Ouest","s":"25S-H54S000I-82-I"},{"r":"86","t":"22:38:00","h":"Ouest","s":"25S-H54S100F-80-F1"},{"r":"86","t":"22:38:00","h":"Ouest","s":"25S-H54S200F-80-F2"},{"r":"86","t":"22:56:31","h":"Ouest","s":"25N-H54N000A-80-A"},{"r":"86","t":"22:56:31","h":"Ouest","s":"25N-H54NV10A-80-A"},{"r":"86","t":"22:56:31","h":"Ouest","s":"25N-H54NV20A-80-A"},{"r":"86","t":"22:56:31","h":"Ouest","s":"25S-H54S000A-83-A"},{"r":"86","t":"23:04:31","h":"Ouest","s":"25N-H54N000S-80-S"},{"r":"86","t":"23:04:31","h":"Ouest","s":"25N-H54NV10S-82-S"},{"r":"86","t":"23:04:31","h":"Ouest","s":"25N-H54NV20S-80-S"},{"r":"86","t":"23:04:31","h":"Ouest","s":"25S-H54S000S-82-S"},{"r":"86","t":"23:07:00","h":"Ouest","s":"25N-H54N000I-80-I"},{"r":"86","t":"23:07:00","h":"Ouest","s":"25N-H54N100F-80-F1"},{"r":"86","t":"23:07:00","h":"Ouest","s":"25N-H54N200F-80-F2"},{"r":"86","t":"23:07:00","h":"Ouest","s":"25N-H54N300F-80-F3"},{"r":"86","t":"23:07:00","h":"Ouest","s":"25N-H54N400F-80-F4"},{"r":"86","t":"23:07:00","h":"Ouest","s":"25N-H54NV10I-80-I"},{"r":"86","t":"23:07:00","h":"Ouest","s":"25N-H54NV20I-80-I"},{"r":"86","t":"23:07:00","h":"Ouest","s":"25S-H54S000I-82-I"},{"r":"86","t":"23:07:00","h":"Ouest","s":"25S-H54S100F-80-F1"},{"r":"86","t":"23:07:00","h":"Ouest","s":"25S-H54S200F-80-F2"},{"r":"86","t":"23:27:31","h":"Ouest","s":"25N-H54N000A-80-A"},{"r":"86","t":"23:27:31","h":"Ouest","s":"25N-H54NV10A-80-A"},{"r":"86","t":"23:27:31","h":"Ouest","s":"25N-H54NV20A-80-A"},{"r":"86","t":"23:27:31","h":"Ouest","s":"25S-H54S000A-83-A"},{"r":"86","t":"23:34:31","h":"Ouest","s":"25N-H54N000S-80-S"},{"r":"86","t":"23:34:31","h":"Ouest","s":"25N-H54NV10S-82-S"},{"r":"86","t":"23:34:31","h":"Ouest","s":"25N-H54NV20S-80-S"},{"r":"86","t":"23:34:31","h":"Ouest","s":"25S-H54S000S-82-S"},{"r":"86","t":"23:36:00","h":"Ouest","s":"25N-H54N000I-80-I"},{"r":"86","t":"23:36:00","h":"Ouest","s":"25N-H54N100F-80-F1"},{"r":"86","t":"23:36:00","h":"Ouest","s":"25N-H54N200F-80-F2"},{"r":"86","t":"23:36:00","h":"Ouest","s":"25N-H54N300F-80-F3"},{"r":"86","t":"23:36:00","h":"Ouest","s":"25N-H54N400F-80-F4"},{"r":"86","t":"23:36:00","h":"Ouest","s":"25N-H54NV10I-80-I"},{"r":"86","t":"23:36:00","h":"Ouest","s":"25N-H54NV20I-80-I"},{"r":"86","t":"23:36:00","h":"Ouest","s":"25S-H54S000I-82-I"},{"r":"86","t":"23:36:00","h":"Ouest","s":"25S-H54S100F-80-F1"},{"r":"86","t":"23:36:00","h":"Ouest","s":"25S-H54S200F-80-F2"},{"r":"86","t":"23:58:31","h":"Ouest","s":"25N-H54N000A-80-A"},{"r":"86","t":"23:58:31","h":"Ouest","s":"25N-H54NV10A-80-A"},{"r":"86","t":"23:58:31","h":"Ouest","s":"25N-H54NV20A-80-A"},{"r":"86","t":"23:58:31","h":"Ouest","s":"25S-H54S000A-83-A"},{"r":"86","t":"24:04:31","h":"Ouest","s":"25N-H54N000S-80-S"},{"r":"86","t":"24:04:31","h":"Ouest","s":"25N-H54NV10S-82-S"},{"r":"86","t":"24:04:31","h":"Ouest","s":"25N-H54NV20S-80-S"},{"r":"86","t":"24:04:31","h":"Ouest","s":"25S-H54S000S-82-S"},{"r":"86","t":"24:06:00","h":"Ouest","s":"25N-H54N000I-80-I"},{"r":"86","t":"24:06:00","h":"Ouest","s":"25N-H54N100F-80-F1"},{"r":"86","t":"24:06:00","h":"Ouest","s":"25N-H54N200F-80-F2"},{"r":"86","t":"24:06:00","h":"Ouest","s":"25N-H54N300F-80-F3"},{"r":"86","t":"24:06:00","h":"Ouest","s":"25N-H54N400F-80-F4"},{"r":"86","t":"24:06:00","h":"Ouest","s":"25N-H54NV10I-80-I"},{"r":"86","t":"24:06:00","h":"Ouest","s":"25N-H54NV20I-80-I"},{"r":"86","t":"24:06:00","h":"Ouest","s":"25S-H54S000I-82-I"},{"r":"86","t":"24:06:00","h":"Ouest","s":"25S-H54S100F-80-F1"},{"r":"86","t":"24:06:00","h":"Ouest","s":"25S-H54S200F-80-F2"},{"r":"86","t":"24:29:31","h":"Ouest","s":"25N-H54N000A-80-A"},{"r":"86","t":"24:29:31","h":"Ouest","s":"25N-H54NV10A-80-A"},{"r":"86","t":"24:29:31","h":"Ouest","s":"25N-H54NV20A-80-A"},{"r":"86","t":"24:29:31","h":"Ouest","s":"25S-H54S000A-83-A"},{"r":"86","t":"24:34:31","h":"Ouest","s":"25N-H54N000S-80-S"},{"r":"86","t":"24:34:31","h":"Ouest","s":"25N-H54NV10S-82-S"},{"r":"86","t":"24:34:31","h":"Ouest","s":"25N-H54NV20S-80-S"},{"r":"86","t":"24:34:31","h":"Ouest","s":"25S-H54S000S-82-S"},{"r":"86","t":"24:36:00","h":"Ouest","s":"25N-H54N000I-80-I"},{"r":"86","t":"24:36:00","h":"Ouest","s":"25N-H54N100F-80-F1"},{"r":"86","t":"24:36:00","h":"Ouest","s":"25N-H54N200F-80-F2"},{"r":"86","t":"24:36:00","h":"Ouest","s":"25N-H54N300F-80-F3"},{"r":"86","t":"24:36:00","h":"Ouest","s":"25N-H54N400F-80-F4"},{"r":"86","t":"24:36:00","h":"Ouest","s":"25N-H54NV10I-80-I"},{"r":"86","t":"24:36:00","h":"Ouest","s":"25N-H54NV20I-80-I"},{"r":"86","t":"24:36:00","h":"Ouest","s":"25S-H54S000I-82-I"},{"r":"86","t":"24:36:00","h":"Ouest","s":"25S-H54S100F-80-F1"},{"r":"86","t":"24:36:00","h":"Ouest","s":"25S-H54S200F-80-F2"},{"r":"86","t":"25:00:31","h":"Ouest","s":"25N-H54N000A-80-A"},{"r":"86","t":"25:00:31","h":"Ouest","s":"25N-H54NV10A-80-A"},{"r":"86","t":"25:00:31","h":"Ouest","s":"25N-H54NV20A-80-A"},{"r":"86","t":"25:00:31","h":"Ouest","s":"25S-H54S000A-83-A"},{"r":"86","t":"25:04:31","h":"Ouest","s":"25N-H54N000S-80-S"},{"r":"86","t":"25:04:31","h":"Ouest","s":"25N-H54NV10S-82-S"},{"r":"86","t":"25:04:31","h":"Ouest","s":"25N-H54NV20S-80-S"},{"r":"86","t":"25:04:31","h":"Ouest","s":"25S-H54S000S-82-S"},{"r":"86","t":"25:08:00","h":"Ouest","s":"25N-H54N000I-80-I"},{"r":"86","t":"25:08:00","h":"Ouest","s":"25N-H54N100F-80-F1"},{"r":"86","t":"25:08:00","h":"Ouest","s":"25N-H54N200F-80-F2"},{"r":"86","t":"25:08:00","h":"Ouest","s":"25N-H54N300F-80-F3"},{"r":"86","t":"25:08:00","h":"Ouest","s":"25N-H54N400F-80-F4"},{"r":"86","t":"25:08:00","h":"Ouest","s":"25N-H54NV10I-80-I"},{"r":"86","t":"25:08:00","h":"Ouest","s":"25N-H54NV20I-80-I"},{"r":"86","t":"25:08:00","h":"Ouest","s":"25S-H54S000I-82-I"},{"r":"86","t":"25:08:00","h":"Ouest","s":"25S-H54S100F-80-F1"},{"r":"86","t":"25:08:00","h":"Ouest","s":"25S-H54S200F-80-F2"},{"r":"86","t":"25:32:31","h":"Ouest","s":"25N-H54N000A-80-A"},{"r":"86","t":"25:32:31","h":"Ouest","s":"25N-H54NV10A-80-A"},{"r":"86","t":"25:32:31","h":"Ouest","s":"25N-H54NV20A-80-A"},{"r":"86","t":"25:32:31","h":"Ouest","s":"25S-H54S000A-83-A"}]