[{"r":"189","t":"05:32:01","h":"Est","s":"25N-H54N000S-80-S"},{"r":"189","t":"05:32:01","h":"Est","s":"25N-H54NV10S-82-S"},{"r":"189","t":"05:32:01","h":"Est","s":"25N-H54NV20S-80-S"},{"r":"189","t":"05:32:01","h":"Est","s":"25S-H54S000S-82-S"},{"r":"189","t":"05:32:25","h":"Est","s":"25N-H54N000I-80-I"},{"r":"189","t":"05:32:25","h":"Est","s":"25N-H54N100F-80-F1"},{"r":"189","t":"05:32:25","h":"Est","s":"25N-H54N200F-80-F2"},{"r":"189","t":"05:32:25","h":"Est","s":"25N-H54N300F-80-F3"},{"r":"189","t":"05:32:25","h":"Est","s":"25N-H54N400F-80-F4"},{"r":"189","t":"05:32:25","h":"Est","s":"25N-H54NV10I-80-I"},{"r":"189","t":"05:32:25","h":"Est","s":"25N-H54NV20I-80-I"},{"r":"189","t":"05:32:25","h":"Est","s":"25S-H54S000I-82-I"},{"r":"189","t":"05:32:25","h":"Est","s":"25S-H54S100F-80-F1"},{"r":"189","t":"05:32:25","h":"Est","s":"25S-H54S200F-80-F2"},{"r":"189","t":"05:33:01","h":"Est","s":"25N-H54N000A-80-A"},{"r":"189","t":"05:33:01","h":"Est","s":"25N-H54NV10A-80-A"},{"r":"189","t":"05:33:01","h":"Est","s":"25N-H54NV20A-80-A"},{"r":"189","t":"05:33:01","h":"Est","s":"25S-H54S000A-83-A"},{"r":"189","t":"05:59:01","h":"Est","s":"25N-H54N000S-80-S"},{"r":"189","t":"05:59:01","h":"Est","s":"25N-H54NV10S-82-S"},{"r":"189","t":"05:59:01","h":"Est","s":"25N-H54NV20S-80-S"},{"r":"189","t":"05:59:01","h":"Est","s":"25S-H54S000S-82-S"},{"r":"189","t":"06:01:25","h":"Est","s":"25N-H54N000I-80-I"},{"r":"189","t":"06:01:25","h":"Est","s":"25N-H54N100F-80-F1"},{"r":"189","t":"06:01:25","h":"Est","s":"25N-H54N200F-80-F2"},{"r":"189","t":"06:01:25","h":"Est","s":"25N-H54N300F-80-F3"},{"r":"189","t":"06:01:25","h":"Est","s":"25N-H54N400F-80-F4"},{"r":"189","t":"06:01:25","h":"Est","s":"25N-H54NV10I-80-I"},{"r":"189","t":"06:01:25","h":"Est","s":"25N-H54NV20I-80-I"},{"r":"189","t":"06:01:25","h":"Est","s":"25S-H54S000I-82-I"},{"r":"189","t":"06:01:25","h":"Est","s":"25S-H54S100F-80-F1"},{"r":"189","t":"06:01:25","h":"Est","s":"25S-H54S200F-80-F2"},{"r":"189","t":"06:02:01","h":"Est","s":"25N-H54N000A-80-A"},{"r":"189","t":"06:02:01","h":"Est","s":"25N-H54NV10A-80-A"},{"r":"189","t":"06:02:01","h":"Est","s":"25N-H54NV20A-80-A"},{"r":"189","t":"06:02:01","h":"Est","s":"25S-H54S000A-83-A"},{"r":"189","t":"06:30:25","h":"Est","s":"25N-H54N000I-80-I"},{"r":"189","t":"06:30:25","h":"Est","s":"25N-H54N100F-80-F1"},{"r":"189","t":"06:30:25","h":"Est","s":"25N-H54N200F-80-F2"},{"r":"189","t":"06:30:25","h":"Est","s":"25N-H54N300F-80-F3"},{"r":"189","t":"06:30:25","h":"Est","s":"25N-H54N400F-80-F4"},{"r":"189","t":"06:30:25","h":"Est","s":"25N-H54NV10I-80-I"},{"r":"189","t":"06:30:25","h":"Est","s":"25N-H54NV20I-80-I"},{"r":"189","t":"06:30:25","h":"Est","s":"25S-H54S000I-82-I"},{"r":"189","t":"06:30:25","h":"Est","s":"25S-H54S100F-80-F1"},{"r":"189","t":"06:30:25","h":"Est","s":"25S-H54S200F-80-F2"},{"r":"189","t":"06:31:01","h":"Est","s":"25N-H54N000A-80-A"},{"r":"189","t":"06:31:01","h":"Est","s":"25N-H54NV10A-80-A"},{"r":"189","t":"06:31:01","h":"Est","s":"25N-H54NV20A-80-A"},{"r":"189","t":"06:31:01","h":"Est","s":"25S-H54S000A-83-A"},{"r":"189","t":"06:31:14","h":"Est","s":"25N-H54N000S-80-S"},{"r":"189","t":"06:31:14","h":"Est","s":"25N-H54NV10S-82-S"},{"r":"189","t":"06:31:14","h":"Est","s":"25N-H54NV20S-80-S"},{"r":"189","t":"06:31:14","h":"Est","s":"25S-H54S000S-82-S"},{"r":"189","t":"06:59:25","h":"Est","s":"25N-H54N000I-80-I"},{"r":"189","t":"06:59:25","h":"Est","s":"25N-H54N100F-80-F1"},{"r":"189","t":"06:59:25","h":"Est","s":"25N-H54N200F-80-F2"},{"r":"189","t":"06:59:25","h":"Est","s":"25N-H54N300F-80-F3"},{"r":"189","t":"06:59:25","h":"Est","s":"25N-H54N400F-80-F4"},{"r":"189","t":"06:59:25","h":"Est","s":"25N-H54NV10I-80-I"},{"r":"189","t":"06:59:25","h":"Est","s":"25N-H54NV20I-80-I"},{"r":"189","t":"06:59:25","h":"Est","s":"25S-H54S000I-82-I"},{"r":"189","t":"06:59:25","h":"Est","s":"25S-H54S100F-80-F1"},{"r":"189","t":"06:59:25","h":"Est","s":"25S-H54S200F-80-F2"},{"r":"189","t":"07:00:01","h":"Est","s":"25N-H54N000A-80-A"},{"r":"189","t":"07:00:01","h":"Est","s":"25N-H54NV10A-80-A"},{"r":"189","t":"07:00:01","h":"Est","s":"25N-H54NV20A-80-A"},{"r":"189","t":"07:00:01","h":"Est","s":"25S-H54S000A-83-A"},{"r":"189","t":"07:03:14","h":"Est","s":"25N-H54N000S-80-S"},{"r":"189","t":"07:03:14","h":"Est","s":"25N-H54NV10S-82-S"},{"r":"189","t":"07:03:14","h":"Est","s":"25N-H54NV20S-80-S"},{"r":"189","t":"07:03:14","h":"Est","s":"25S-H54S000S-82-S"},{"r":"189","t":"07:28:25","h":"Est","s":"25N-H54N000I-80-I"},{"r":"189","t":"07:28:25","h":"Est","s":"25N-H54N100F-80-F1"},{"r":"189","t":"07:28:25","h":"Est","s":"25N-H54N200F-80-F2"},{"r":"189","t":"07:28:25","h":"Est","s":"25N-H54N300F-80-F3"},{"r":"189","t":"07:28:25","h":"Est","s":"25N-H54N400F-80-F4"},{"r":"189","t":"07:28:25","h":"Est","s":"25N-H54NV10I-80-I"},{"r":"189","t":"07:28:25","h":"Est","s":"25N-H54NV20I-80-I"},{"r":"189","t":"07:28:25","h":"Est","s":"25S-H54S000I-82-I"},{"r":"189","t":"07:28:25","h":"Est","s":"25S-H54S100F-80-F1"},{"r":"189","t":"07:28:25","h":"Est","s":"25S-H54S200F-80-F2"},{"r":"189","t":"07:30:01","h":"Est","s":"25N-H54N000A-80-A"},{"r":"189","t":"07:30:01","h":"Est","s":"25N-H54NV10A-80-A"},{"r":"189","t":"07:30:01","h":"Est","s":"25N-H54NV20A-80-A"},{"r":"189","t":"07:30:01","h":"Est","s":"25S-H54S000A-83-A"},{"r":"189","t":"07:37:14","h":"Est","s":"25N-H54N000S-80-S"},{"r":"189","t":"07:37:14","h":"Est","s":"25N-H54NV10S-82-S"},{"r":"189","t":"07:37:14","h":"Est","s":"25N-H54NV20S-80-S"},{"r":"189","t":"07:37:14","h":"Est","s":"25S-H54S000S-82-S"},{"r":"189","t":"07:57:25","h":"Est","s":"25N-H54N000I-80-I"},{"r":"189","t":"07:57:25","h":"Est","s":"25N-H54N100F-80-F1"},{"r":"189","t":"07:57:25","h":"Est","s":"25N-H54N200F-80-F2"},{"r":"189","t":"07:57:25","h":"Est","s":"25N-H54N300F-80-F3"},{"r":"189","t":"07:57:25","h":"Est","s":"25N-H54N400F-80-F4"},{"r":"189","t":"07:57:25","h":"Est","s":"25N-H54NV10I-80-I"},{"r":"189","t":"07:57:25","h":"Est","s":"25N-H54NV20I-80-I"},{"r":"189","t":"07:57:25","h":"Est","s":"25S-H54S000I-82-I"},{"r":"189","t":"07:57:25","h":"Est","s":"25S-H54S100F-80-F1"},{"r":"189","t":"07:57:25","h":"Est","s":"25S-H54S200F-80-F2"},{"r":"189","t":"08:01:01","h":"Est","s":"25N-H54N000A-80-A"},{"r":"189","t":"08:01:01","h":"Est","s":"25N-H54NV10A-80-A"},{"r":"189","t":"08:01:01","h":"Est","s":"25N-H54NV20A-80-A"},{"r":"189","t":"08:01:01","h":"Est","s":"25S-H54S000A-83-A"},{"r":"189","t":"08:08:14","h":"Est","s":"25N-H54N000S-80-S"},{"r":"189","t":"08:08:14","h":"Est","s":"25N-H54NV10S-82-S"},{"r":"189","t":"08:08:14","h":"Est","s":"25N-H54NV20S-80-S"},{"r":"189","t":"08:08:14","h":"Est","s":"25S-H54S000S-82-S"},{"r":"189","t":"08:27:25","h":"Est","s":"25N-H54N000I-80-I"},{"r":"189","t":"08:27:25","h":"Est","s":"25N-H54N100F-80-F1"},{"r":"189","t":"08:27:25","h":"Est","s":"25N-H54N200F-80-F2"},{"r":"189","t":"08:27:25","h":"Est","s":"25N-H54N300F-80-F3"},{"r":"189","t":"08:27:25","h":"Est","s":"25N-H54N400F-80-F4"},{"r":"189","t":"08:27:25","h":"Est","s":"25N-H54NV10I-80-I"},{"r":"189","t":"08:27:25","h":"Est","s":"25N-H54NV20I-80-I"},{"r":"189","t":"08:27:25","h":"Est","s":"25S-H54S000I-82-I"},{"r":"189","t":"08:27:25","h":"Est","s":"25S-H54S100F-80-F1"},{"r":"189","t":"08:27:25","h":"Est","s":"25S-H54S200F-80-F2"},{"r":"189","t":"08:35:01","h":"Est","s":"25N-H54N000A-80-A"},{"r":"189","t":"08:35:01","h":"Est","s":"25N-H54NV10A-80-A"},{"r":"189","t":"08:35:01","h":"Est","s":"25N-H54NV20A-80-A"},{"r":"189","t":"08:35:01","h":"Est","s":"25S-H54S000A-83-A"},{"r":"189","t":"08:37:14","h":"Est","s":"25N-H54N000S-80-S"},{"r":"189","t":"08:37:14","h":"Est","s":"25N-H54NV10S-82-S"},{"r":"189","t":"08:37:14","h":"Est","s":"25N-H54NV20S-80-S"},{"r":"189","t":"08:37:14","h":"Est","s":"25S-H54S000S-82-S"},{"r":"189","t":"08:57:25","h":"Est","s":"25N-H54N000I-80-I"},{"r":"189","t":"08:57:25","h":"Est","s":"25N-H54N100F-80-F1"},{"r":"189","t":"08:57:25","h":"Est","s":"25N-H54N200F-80-F2"},{"r":"189","t":"08:57:25","h":"Est","s":"25N-H54N300F-80-F3"},{"r":"189","t":"08:57:25","h":"Est","s":"25N-H54N400F-80-F4"},{"r":"189","t":"08:57:25","h":"Est","s":"25N-H54NV10I-80-I"},{"r":"189","t":"08:57:25","h":"Est","s":"25N-H54NV20I-80-I"},{"r":"189","t":"08:57:25","h":"Est","s":"25S-H54S000I-82-I"},{"r":"189","t":"08:57:25","h":"Est","s":"25S-H54S100F-80-F1"},{"r":"189","t":"08:57:25","h":"Est","s":"25S-H54S200F-80-F2"},{"r":"189","t":"09:04:38","h":"Est","s":"25N-H54N000S-80-S"},{"r":"189","t":"09:04:38","h":"Est","s":"25N-H54NV10S-82-S"},{"r":"189","t":"09:04:38","h":"Est","s":"25N-H54NV20S-80-S"},{"r":"189","t":"09:04:38","h":"Est","s":"25S-H54S000S-82-S"},{"r":"189","t":"09:07:01","h":"Est","s":"25N-H54N000A-80-A"},{"r":"189","t":"09:07:01","h":"Est","s":"25N-H54NV10A-80-A"},{"r":"189","t":"09:07:01","h":"Est","s":"25N-H54NV20A-80-A"},{"r":"189","t":"09:07:01","h":"Est","s":"25S-H54S000A-83-A"},{"r":"189","t":"09:27:25","h":"Est","s":"25N-H54N000I-80-I"},{"r":"189","t":"09:27:25","h":"Est","s":"25N-H54N100F-80-F1"},{"r":"189","t":"09:27:25","h":"Est","s":"25N-H54N200F-80-F2"},{"r":"189","t":"09:27:25","h":"Est","s":"25N-H54N300F-80-F3"},{"r":"189","t":"09:27:25","h":"Est","s":"25N-H54N400F-80-F4"},{"r":"189","t":"09:27:25","h":"Est","s":"25N-H54NV10I-80-I"},{"r":"189","t":"09:27:25","h":"Est","s":"25N-H54NV20I-80-I"},{"r":"189","t":"09:27:25","h":"Est","s":"25S-H54S000I-82-I"},{"r":"189","t":"09:27:25","h":"Est","s":"25S-H54S100F-80-F1"},{"r":"189","t":"09:27:25","h":"Est","s":"25S-H54S200F-80-F2"},{"r":"189","t":"09:33:38","h":"Est","s":"25N-H54N000S-80-S"},{"r":"189","t":"09:33:38","h":"Est","s":"25N-H54NV10S-82-S"},{"r":"189","t":"09:33:38","h":"Est","s":"25N-H54NV20S-80-S"},{"r":"189","t":"09:33:38","h":"Est","s":"25S-H54S000S-82-S"},{"r":"189","t":"09:38:01","h":"Est","s":"25N-H54N000A-80-A"},{"r":"189","t":"09:38:01","h":"Est","s":"25N-H54NV10A-80-A"},{"r":"189","t":"09:38:01","h":"Est","s":"25N-H54NV20A-80-A"},{"r":"189","t":"09:38:01","h":"Est","s":"25S-H54S000A-83-A"},{"r":"189","t":"09:58:01","h":"Est","s":"25N-H54N000I-80-I"},{"r":"189","t":"09:58:01","h":"Est","s":"25N-H54N100F-80-F1"},{"r":"189","t":"09:58:01","h":"Est","s":"25N-H54N200F-80-F2"},{"r":"189","t":"09:58:01","h":"Est","s":"25N-H54N300F-80-F3"},{"r":"189","t":"09:58:01","h":"Est","s":"25N-H54N400F-80-F4"},{"r":"189","t":"09:58:01","h":"Est","s":"25N-H54NV10I-80-I"},{"r":"189","t":"09:58:01","h":"Est","s":"25N-H54NV20I-80-I"},{"r":"189","t":"09:58:01","h":"Est","s":"25S-H54S000I-82-I"},{"r":"189","t":"09:58:01","h":"Est","s":"25S-H54S100F-80-F1"},{"r":"189","t":"09:58:01","h":"Est","s":"25S-H54S200F-80-F2"},{"r":"189","t":"10:02:38","h":"Est","s":"25N-H54N000S-80-S"},{"r":"189","t":"10:02:38","h":"Est","s":"25N-H54NV10S-82-S"},{"r":"189","t":"10:02:38","h":"Est","s":"25N-H54NV20S-80-S"},{"r":"189","t":"10:02:38","h":"Est","s":"25S-H54S000S-82-S"},{"r":"189","t":"10:09:01","h":"Est","s":"25N-H54N000A-80-A"},{"r":"189","t":"10:09:01","h":"Est","s":"25N-H54NV10A-80-A"},{"r":"189","t":"10:09:01","h":"Est","s":"25N-H54NV20A-80-A"},{"r":"189","t":"10:09:01","h":"Est","s":"25S-H54S000A-83-A"},{"r":"189","t":"10:28:01","h":"Est","s":"25N-H54N000I-80-I"},{"r":"189","t":"10:28:01","h":"Est","s":"25N-H54N100F-80-F1"},{"r":"189","t":"10:28:01","h":"Est","s":"25N-H54N200F-80-F2"},{"r":"189","t":"10:28:01","h":"Est","s":"25N-H54N300F-80-F3"},{"r":"189","t":"10:28:01","h":"Est","s":"25N-H54N400F-80-F4"},{"r":"189","t":"10:28:01","h":"Est","s":"25N-H54NV10I-80-I"},{"r":"189","t":"10:28:01","h":"Est","s":"25N-H54NV20I-80-I"},{"r":"189","t":"10:28:01","h":"Est","s":"25S-H54S000I-82-I"},{"r":"189","t":"10:28:01","h":"Est","s":"25S-H54S100F-80-F1"},{"r":"189","t":"10:28:01","h":"Est","s":"25S-H54S200F-80-F2"},{"r":"189","t":"10:31:38","h":"Est","s":"25N-H59N000S-80-S"},{"r":"189","t":"10:31:38","h":"Est","s":"25N-H59NV10S-84-S"},{"r":"189","t":"10:31:38","h":"Est","s":"25N-H59NV20S-80-S"},{"r":"189","t":"10:31:38","h":"Est","s":"25S-H59S000S-81-S"},{"r":"189","t":"10:38:01","h":"Est","s":"25N-H54N000A-80-A"},{"r":"189","t":"10:38:01","h":"Est","s":"25N-H54NV10A-80-A"},{"r":"189","t":"10:38:01","h":"Est","s":"25N-H54NV20A-80-A"},{"r":"189","t":"10:38:01","h":"Est","s":"25S-H54S000A-83-A"},{"r":"189","t":"11:00:01","h":"Est","s":"25N-H54N000I-80-I"},{"r":"189","t":"11:00:01","h":"Est","s":"25N-H54N100F-80-F1"},{"r":"189","t":"11:00:01","h":"Est","s":"25N-H54N200F-80-F2"},{"r":"189","t":"11:00:01","h":"Est","s":"25N-H54N300F-80-F3"},{"r":"189","t":"11:00:01","h":"Est","s":"25N-H54N400F-80-F4"},{"r":"189","t":"11:00:01","h":"Est","s":"25N-H54NV10I-80-I"},{"r":"189","t":"11:00:01","h":"Est","s":"25N-H54NV20I-80-I"},{"r":"189","t":"11:00:01","h":"Est","s":"25S-H54S000I-82-I"},{"r":"189","t":"11:00:01","h":"Est","s":"25S-H54S100F-80-F1"},{"r":"189","t":"11:00:01","h":"Est","s":"25S-H54S200F-80-F2"},{"r":"189","t":"11:00:38","h":"Est","s":"25N-H54N000S-80-S"},{"r":"189","t":"11:00:38","h":"Est","s":"25N-H54NV10S-82-S"},{"r":"189","t":"11:00:38","h":"Est","s":"25N-H54NV20S-80-S"},{"r":"189","t":"11:00:38","h":"Est","s":"25S-H54S000S-82-S"},{"r":"189","t":"11:07:01","h":"Est","s":"25N-H54N000A-80-A"},{"r":"189","t":"11:07:01","h":"Est","s":"25N-H54NV10A-80-A"},{"r":"189","t":"11:07:01","h":"Est","s":"25N-H54NV20A-80-A"},{"r":"189","t":"11:07:01","h":"Est","s":"25S-H54S000A-83-A"},{"r":"189","t":"11:27:38","h":"Est","s":"25N-H54N000S-80-S"},{"r":"189","t":"11:27:38","h":"Est","s":"25N-H54NV10S-82-S"},{"r":"189","t":"11:27:38","h":"Est","s":"25N-H54NV20S-80-S"},{"r":"189","t":"11:27:38","h":"Est","s":"25S-H54S000S-82-S"},{"r":"189","t":"11:32:01","h":"Est","s":"25N-H54N000I-80-I"},{"r":"189","t":"11:32:01","h":"Est","s":"25N-H54N100F-80-F1"},{"r":"189","t":"11:32:01","h":"Est","s":"25N-H54N200F-80-F2"},{"r":"189","t":"11:32:01","h":"Est","s":"25N-H54N300F-80-F3"},{"r":"189","t":"11:32:01","h":"Est","s":"25N-H54N400F-80-F4"},{"r":"189","t":"11:32:01","h":"Est","s":"25N-H54NV10I-80-I"},{"r":"189","t":"11:32:01","h":"Est","s":"25N-H54NV20I-80-I"},{"r":"189","t":"11:32:01","h":"Est","s":"25S-H54S000I-82-I"},{"r":"189","t":"11:32:01","h":"Est","s":"25S-H54S100F-80-F1"},{"r":"189","t":"11:32:01","h":"Est","s":"25S-H54S200F-80-F2"},{"r":"189","t":"11:36:01","h":"Est","s":"25N-H54N000A-80-A"},{"r":"189","t":"11:36:01","h":"Est","s":"25N-H54NV10A-80-A"},{"r":"189","t":"11:36:01","h":"Est","s":"25N-H54NV20A-80-A"},{"r":"189","t":"11:36:01","h":"Est","s":"25S-H54S000A-83-A"},{"r":"189","t":"11:49:38","h":"Est","s":"25N-H54N000S-80-S"},{"r":"189","t":"11:49:38","h":"Est","s":"25N-H54NV10S-82-S"},{"r":"189","t":"11:49:38","h":"Est","s":"25N-H54NV20S-80-S"},{"r":"189","t":"11:49:38","h":"Est","s":"25S-H54S000S-82-S"},{"r":"189","t":"12:04:01","h":"Est","s":"25N-H54N000I-80-I"},{"r":"189","t":"12:04:01","h":"Est","s":"25N-H54N100F-80-F1"},{"r":"189","t":"12:04:01","h":"Est","s":"25N-H54N200F-80-F2"},{"r":"189","t":"12:04:01","h":"Est","s":"25N-H54N300F-80-F3"},{"r":"189","t":"12:04:01","h":"Est","s":"25N-H54N400F-80-F4"},{"r":"189","t":"12:04:01","h":"Est","s":"25N-H54NV10I-80-I"},{"r":"189","t":"12:04:01","h":"Est","s":"25N-H54NV20I-80-I"},{"r":"189","t":"12:04:01","h":"Est","s":"25S-H54S000I-82-I"},{"r":"189","t":"12:04:01","h":"Est","s":"25S-H54S100F-80-F1"},{"r":"189","t":"12:04:01","h":"Est","s":"25S-H54S200F-80-F2"},{"r":"189","t":"12:05:01","h":"Est","s":"25N-H54N000A-80-A"},{"r":"189","t":"12:05:01","h":"Est","s":"25N-H54NV10A-80-A"},{"r":"189","t":"12:05:01","h":"Est","s":"25N-H54NV20A-80-A"},{"r":"189","t":"12:05:01","h":"Est","s":"25S-H54S000A-83-A"},{"r":"189","t":"12:09:38","h":"Est","s":"25N-H54N000S-80-S"},{"r":"189","t":"12:09:38","h":"Est","s":"25N-H54NV10S-82-S"},{"r":"189","t":"12:09:38","h":"Est","s":"25N-H54NV20S-80-S"},{"r":"189","t":"12:09:38","h":"Est","s":"25S-H54S000S-82-S"},{"r":"189","t":"12:28:38","h":"Est","s":"25N-H54N000S-80-S"},{"r":"189","t":"12:28:38","h":"Est","s":"25N-H54NV10S-82-S"},{"r":"189","t":"12:28:38","h":"Est","s":"25N-H54NV20S-80-S"},{"r":"189","t":"12:28:38","h":"Est","s":"25S-H54S000S-82-S"},{"r":"189","t":"12:33:01","h":"Est","s":"25N-H54N000A-80-A"},{"r":"189","t":"12:33:01","h":"Est","s":"25N-H54NV10A-80-A"},{"r":"189","t":"12:33:01","h":"Est","s":"25N-H54NV20A-80-A"},{"r":"189","t":"12:33:01","h":"Est","s":"25S-H54S000A-83-A"},{"r":"189","t":"12:34:01","h":"Est","s":"25N-H54N000I-80-I"},{"r":"189","t":"12:34:01","h":"Est","s":"25N-H54N100F-80-F1"},{"r":"189","t":"12:34:01","h":"Est","s":"25N-H54N200F-80-F2"},{"r":"189","t":"12:34:01","h":"Est","s":"25N-H54N300F-80-F3"},{"r":"189","t":"12:34:01","h":"Est","s":"25N-H54N400F-80-F4"},{"r":"189","t":"12:34:01","h":"Est","s":"25N-H54NV10I-80-I"},{"r":"189","t":"12:34:01","h":"Est","s":"25N-H54NV20I-80-I"},{"r":"189","t":"12:34:01","h":"Est","s":"25S-H54S000I-82-I"},{"r":"189","t":"12:34:01","h":"Est","s":"25S-H54S100F-80-F1"},{"r":"189","t":"12:34:01","h":"Est","s":"25S-H54S200F-80-F2"},{"r":"189","t":"12:47:38","h":"Est","s":"25N-H54N000S-80-S"},{"r":"189","t":"12:47:38","h":"Est","s":"25N-H54NV10S-82-S"},{"r":"189","t":"12:47:38","h":"Est","s":"25N-H54NV20S-80-S"},{"r":"189","t":"12:47:38","h":"Est","s":"25S-H54S000S-82-S"},{"r":"189","t":"13:00:38","h":"Est","s":"25N-H54N000A-80-A"},{"r":"189","t":"13:00:38","h":"Est","s":"25N-H54NV10A-80-A"},{"r":"189","t":"13:00:38","h":"Est","s":"25N-H54NV20A-80-A"},{"r":"189","t":"13:00:38","h":"Est","s":"25S-H54S000A-83-A"},{"r":"189","t":"13:03:01","h":"Est","s":"25N-H54N000I-80-I"},{"r":"189","t":"13:03:01","h":"Est","s":"25N-H54N100F-80-F1"},{"r":"189","t":"13:03:01","h":"Est","s":"25N-H54N200F-80-F2"},{"r":"189","t":"13:03:01","h":"Est","s":"25N-H54N300F-80-F3"},{"r":"189","t":"13:03:01","h":"Est","s":"25N-H54N400F-80-F4"},{"r":"189","t":"13:03:01","h":"Est","s":"25N-H54NV10I-80-I"},{"r":"189","t":"13:03:01","h":"Est","s":"25N-H54NV20I-80-I"},{"r":"189","t":"13:03:01","h":"Est","s":"25S-H54S000I-82-I"},{"r":"189","t":"13:03:01","h":"Est","s":"25S-H54S100F-80-F1"},{"r":"189","t":"13:03:01","h":"Est","s":"25S-H54S200F-80-F2"},{"r":"189","t":"13:05:38","h":"Est","s":"25N-H54N000S-80-S"},{"r":"189","t":"13:05:38","h":"Est","s":"25N-H54NV10S-82-S"},{"r":"189","t":"13:05:38","h":"Est","s":"25N-H54NV20S-80-S"},{"r":"189","t":"13:05:38","h":"Est","s":"25S-H54S000S-82-S"},{"r":"189","t":"13:19:38","h":"Est","s":"25N-H54N000A-80-A"},{"r":"189","t":"13:19:38","h":"Est","s":"25N-H54NV10A-80-A"},{"r":"189","t":"13:19:38","h":"Est","s":"25N-H54NV20A-80-A"},{"r":"189","t":"13:19:38","h":"Est","s":"25S-H54S000A-83-A"},{"r":"189","t":"13:24:38","h":"Est","s":"25N-H54N000S-80-S"},{"r":"189","t":"13:24:38","h":"Est","s":"25N-H54NV10S-82-S"},{"r":"189","t":"13:24:38","h":"Est","s":"25N-H54NV20S-80-S"},{"r":"189","t":"13:24:38","h":"Est","s":"25S-H54S000S-82-S"},{"r":"189","t":"13:32:01","h":"Est","s":"25N-H54N000I-80-I"},{"r":"189","t":"13:32:01","h":"Est","s":"25N-H54N100F-80-F1"},{"r":"189","t":"13:32:01","h":"Est","s":"25N-H54N200F-80-F2"},{"r":"189","t":"13:32:01","h":"Est","s":"25N-H54N300F-80-F3"},{"r":"189","t":"13:32:01","h":"Est","s":"25N-H54N400F-80-F4"},{"r":"189","t":"13:32:01","h":"Est","s":"25N-H54NV10I-80-I"},{"r":"189","t":"13:32:01","h":"Est","s":"25N-H54NV20I-80-I"},{"r":"189","t":"13:32:01","h":"Est","s":"25S-H54S000I-82-I"},{"r":"189","t":"13:32:01","h":"Est","s":"25S-H54S100F-80-F1"},{"r":"189","t":"13:32:01","h":"Est","s":"25S-H54S200F-80-F2"},{"r":"189","t":"13:38:38","h":"Est","s":"25N-H54N000A-80-A"},{"r":"189","t":"13:38:38","h":"Est","s":"25N-H54NV10A-80-A"},{"r":"189","t":"13:38:38","h":"Est","s":"25N-H54NV20A-80-A"},{"r":"189","t":"13:38:38","h":"Est","s":"25S-H54S000A-83-A"},{"r":"189","t":"13:43:38","h":"Est","s":"25N-H54N000S-80-S"},{"r":"189","t":"13:43:38","h":"Est","s":"25N-H54NV10S-82-S"},{"r":"189","t":"13:43:38","h":"Est","s":"25N-H54NV20S-80-S"},{"r":"189","t":"13:43:38","h":"Est","s":"25S-H54S000S-82-S"},{"r":"189","t":"13:56:38","h":"Est","s":"25N-H54N000A-80-A"},{"r":"189","t":"13:56:38","h":"Est","s":"25N-H54NV10A-80-A"},{"r":"189","t":"13:56:38","h":"Est","s":"25N-H54NV20A-80-A"},{"r":"189","t":"13:56:38","h":"Est","s":"25S-H54S000A-83-A"},{"r":"189","t":"14:02:01","h":"Est","s":"25N-H54N000I-80-I"},{"r":"189","t":"14:02:01","h":"Est","s":"25N-H54N100F-80-F1"},{"r":"189","t":"14:02:01","h":"Est","s":"25N-H54N200F-80-F2"},{"r":"189","t":"14:02:01","h":"Est","s":"25N-H54N300F-80-F3"},{"r":"189","t":"14:02:01","h":"Est","s":"25N-H54N400F-80-F4"},{"r":"189","t":"14:02:01","h":"Est","s":"25N-H54NV10I-80-I"},{"r":"189","t":"14:02:01","h":"Est","s":"25N-H54NV20I-80-I"},{"r":"189","t":"14:02:01","h":"Est","s":"25S-H54S000I-82-I"},{"r":"189","t":"14:02:01","h":"Est","s":"25S-H54S100F-80-F1"},{"r":"189","t":"14:02:01","h":"Est","s":"25S-H54S200F-80-F2"},{"r":"189","t":"14:02:38","h":"Est","s":"25N-H54N000S-80-S"},{"r":"189","t":"14:02:38","h":"Est","s":"25N-H54NV10S-82-S"},{"r":"189","t":"14:02:38","h":"Est","s":"25N-H54NV20S-80-S"},{"r":"189","t":"14:02:38","h":"Est","s":"25S-H54S000S-82-S"},{"r":"189","t":"14:14:38","h":"Est","s":"25N-H54N000A-80-A"},{"r":"189","t":"14:14:38","h":"Est","s":"25N-H54NV10A-80-A"},{"r":"189","t":"14:14:38","h":"Est","s":"25N-H54NV20A-80-A"},{"r":"189","t":"14:14:38","h":"Est","s":"25S-H54S000A-83-A"},{"r":"189","t":"14:20:38","h":"Est","s":"25N-H54N000S-80-S"},{"r":"189","t":"14:20:38","h":"Est","s":"25N-H54NV10S-82-S"},{"r":"189","t":"14:20:38","h":"Est","s":"25N-H54NV20S-80-S"},{"r":"189","t":"14:20:38","h":"Est","s":"25S-H54S000S-82-S"},{"r":"189","t":"14:31:01","h":"Est","s":"25N-H54N000I-80-I"},{"r":"189","t":"14:31:01","h":"Est","s":"25N-H54N100F-80-F1"},{"r":"189","t":"14:31:01","h":"Est","s":"25N-H54N200F-80-F2"},{"r":"189","t":"14:31:01","h":"Est","s":"25N-H54N300F-80-F3"},{"r":"189","t":"14:31:01","h":"Est","s":"25N-H54N400F-80-F4"},{"r":"189","t":"14:31:01","h":"Est","s":"25N-H54NV10I-80-I"},{"r":"189","t":"14:31:01","h":"Est","s":"25N-H54NV20I-80-I"},{"r":"189","t":"14:31:01","h":"Est","s":"25S-H54S000I-82-I"},{"r":"189","t":"14:31:01","h":"Est","s":"25S-H54S100F-80-F1"},{"r":"189","t":"14:31:01","h":"Est","s":"25S-H54S200F-80-F2"},{"r":"189","t":"14:32:38","h":"Est","s":"25N-H54N000A-80-A"},{"r":"189","t":"14:32:38","h":"Est","s":"25N-H54NV10A-80-A"},{"r":"189","t":"14:32:38","h":"Est","s":"25N-H54NV20A-80-A"},{"r":"189","t":"14:32:38","h":"Est","s":"25S-H54S000A-83-A"},{"r":"189","t":"14:41:14","h":"Est","s":"25N-H54N000S-80-S"},{"r":"189","t":"14:41:14","h":"Est","s":"25N-H54NV10S-82-S"},{"r":"189","t":"14:41:14","h":"Est","s":"25N-H54NV20S-80-S"},{"r":"189","t":"14:41:14","h":"Est","s":"25S-H54S000S-82-S"},{"r":"189","t":"14:50:38","h":"Est","s":"25N-H54N000A-80-A"},{"r":"189","t":"14:50:38","h":"Est","s":"25N-H54NV10A-80-A"},{"r":"189","t":"14:50:38","h":"Est","s":"25N-H54NV20A-80-A"},{"r":"189","t":"14:50:38","h":"Est","s":"25S-H54S000A-83-A"},{"r":"189","t":"14:54:01","h":"Est","s":"25N-H54N000I-80-I"},{"r":"189","t":"14:54:01","h":"Est","s":"25N-H54N100F-80-F1"},{"r":"189","t":"14:54:01","h":"Est","s":"25N-H54N200F-80-F2"},{"r":"189","t":"14:54:01","h":"Est","s":"25N-H54N300F-80-F3"},{"r":"189","t":"14:54:01","h":"Est","s":"25N-H54N400F-80-F4"},{"r":"189","t":"14:54:01","h":"Est","s":"25N-H54NV10I-80-I"},{"r":"189","t":"14:54:01","h":"Est","s":"25N-H54NV20I-80-I"},{"r":"189","t":"14:54:01","h":"Est","s":"25S-H54S000I-82-I"},{"r":"189","t":"14:54:01","h":"Est","s":"25S-H54S100F-80-F1"},{"r":"189","t":"14:54:01","h":"Est","s":"25S-H54S200F-80-F2"},{"r":"189","t":"14:59:14","h":"Est","s":"25N-H54N000S-80-S"},{"r":"189","t":"14:59:14","h":"Est","s":"25N-H54NV10S-82-S"},{"r":"189","t":"14:59:14","h":"Est","s":"25N-H54NV20S-80-S"},{"r":"189","t":"14:59:14","h":"Est","s":"25S-H54S000S-82-S"},{"r":"189","t":"15:10:38","h":"Est","s":"25N-H54N000A-80-A"},{"r":"189","t":"15:10:38","h":"Est","s":"25N-H54NV10A-80-A"},{"r":"189","t":"15:10:38","h":"Est","s":"25N-H54NV20A-80-A"},{"r":"189","t":"15:10:38","h":"Est","s":"25S-H54S000A-83-A"},{"r":"189","t":"15:11:14","h":"Est","s":"25N-H54N000S-80-S"},{"r":"189","t":"15:11:14","h":"Est","s":"25N-H54NV10S-82-S"},{"r":"189","t":"15:11:14","h":"Est","s":"25N-H54NV20S-80-S"},{"r":"189","t":"15:11:14","h":"Est","s":"25S-H54S000S-82-S"},{"r":"189","t":"15:13:01","h":"Est","s":"25N-H54N000I-80-I"},{"r":"189","t":"15:13:01","h":"Est","s":"25N-H54N100F-80-F1"},{"r":"189","t":"15:13:01","h":"Est","s":"25N-H54N200F-80-F2"},{"r":"189","t":"15:13:01","h":"Est","s":"25N-H54N300F-80-F3"},{"r":"189","t":"15:13:01","h":"Est","s":"25N-H54N400F-80-F4"},{"r":"189","t":"15:13:01","h":"Est","s":"25N-H54NV10I-80-I"},{"r":"189","t":"15:13:01","h":"Est","s":"25N-H54NV20I-80-I"},{"r":"189","t":"15:13:01","h":"Est","s":"25S-H54S000I-82-I"},{"r":"189","t":"15:13:01","h":"Est","s":"25S-H54S100F-80-F1"},{"r":"189","t":"15:13:01","h":"Est","s":"25S-H54S200F-80-F2"},{"r":"189","t":"15:23:14","h":"Est","s":"25N-H54N000S-80-S"},{"r":"189","t":"15:23:14","h":"Est","s":"25N-H54NV10S-82-S"},{"r":"189","t":"15:23:14","h":"Est","s":"25N-H54NV20S-80-S"},{"r":"189","t":"15:23:14","h":"Est","s":"25S-H54S000S-82-S"},{"r":"189","t":"15:30:38","h":"Est","s":"25N-H54N000A-80-A"},{"r":"189","t":"15:30:38","h":"Est","s":"25N-H54NV10A-80-A"},{"r":"189","t":"15:30:38","h":"Est","s":"25N-H54NV20A-80-A"},{"r":"189","t":"15:30:38","h":"Est","s":"25S-H54S000A-83-A"},{"r":"189","t":"15:32:01","h":"Est","s":"25N-H54N000I-80-I"},{"r":"189","t":"15:32:01","h":"Est","s":"25N-H54N100F-80-F1"},{"r":"189","t":"15:32:01","h":"Est","s":"25N-H54N200F-80-F2"},{"r":"189","t":"15:32:01","h":"Est","s":"25N-H54N300F-80-F3"},{"r":"189","t":"15:32:01","h":"Est","s":"25N-H54N400F-80-F4"},{"r":"189","t":"15:32:01","h":"Est","s":"25N-H54NV10I-80-I"},{"r":"189","t":"15:32:01","h":"Est","s":"25N-H54NV20I-80-I"},{"r":"189","t":"15:32:01","h":"Est","s":"25S-H54S000I-82-I"},{"r":"189","t":"15:32:01","h":"Est","s":"25S-H54S100F-80-F1"},{"r":"189","t":"15:32:01","h":"Est","s":"25S-H54S200F-80-F2"},{"r":"189","t":"15:34:14","h":"Est","s":"25N-H54N000S-80-S"},{"r":"189","t":"15:34:14","h":"Est","s":"25N-H54NV10S-82-S"},{"r":"189","t":"15:34:14","h":"Est","s":"25N-H54NV20S-80-S"},{"r":"189","t":"15:34:14","h":"Est","s":"25S-H54S000S-82-S"},{"r":"189","t":"15:44:14","h":"Est","s":"25N-H54N000S-80-S"},{"r":"189","t":"15:44:14","h":"Est","s":"25N-H54NV10S-82-S"},{"r":"189","t":"15:44:14","h":"Est","s":"25N-H54NV20S-80-S"},{"r":"189","t":"15:44:14","h":"Est","s":"25S-H54S000S-82-S"},{"r":"189","t":"15:46:38","h":"Est","s":"25N-H54N000A-80-A"},{"r":"189","t":"15:46:38","h":"Est","s":"25N-H54NV10A-80-A"},{"r":"189","t":"15:46:38","h":"Est","s":"25N-H54NV20A-80-A"},{"r":"189","t":"15:46:38","h":"Est","s":"25S-H54S000A-83-A"},{"r":"189","t":"15:51:01","h":"Est","s":"25N-H54N000I-80-I"},{"r":"189","t":"15:51:01","h":"Est","s":"25N-H54N100F-80-F1"},{"r":"189","t":"15:51:01","h":"Est","s":"25N-H54N200F-80-F2"},{"r":"189","t":"15:51:01","h":"Est","s":"25N-H54N300F-80-F3"},{"r":"189","t":"15:51:01","h":"Est","s":"25N-H54N400F-80-F4"},{"r":"189","t":"15:51:01","h":"Est","s":"25N-H54NV10I-80-I"},{"r":"189","t":"15:51:01","h":"Est","s":"25N-H54NV20I-80-I"},{"r":"189","t":"15:51:01","h":"Est","s":"25S-H54S000I-82-I"},{"r":"189","t":"15:51:01","h":"Est","s":"25S-H54S100F-80-F1"},{"r":"189","t":"15:51:01","h":"Est","s":"25S-H54S200F-80-F2"},{"r":"189","t":"15:54:14","h":"Est","s":"25N-H59N000S-80-S"},{"r":"189","t":"15:54:14","h":"Est","s":"25N-H59NV10S-84-S"},{"r":"189","t":"15:54:14","h":"Est","s":"25N-H59NV20S-80-S"},{"r":"189","t":"15:54:14","h":"Est","s":"25S-H59S000S-81-S"},{"r":"189","t":"16:02:38","h":"Est","s":"25N-H54N000A-80-A"},{"r":"189","t":"16:02:38","h":"Est","s":"25N-H54NV10A-80-A"},{"r":"189","t":"16:02:38","h":"Est","s":"25N-H54NV20A-80-A"},{"r":"189","t":"16:02:38","h":"Est","s":"25S-H54S000A-83-A"},{"r":"189","t":"16:04:14","h":"Est","s":"25N-H54N000S-80-S"},{"r":"189","t":"16:04:14","h":"Est","s":"25N-H54NV10S-82-S"},{"r":"189","t":"16:04:14","h":"Est","s":"25N-H54NV20S-80-S"},{"r":"189","t":"16:04:14","h":"Est","s":"25S-H54S000S-82-S"},{"r":"189","t":"16:11:01","h":"Est","s":"25N-H54N000I-80-I"},{"r":"189","t":"16:11:01","h":"Est","s":"25N-H54N100F-80-F1"},{"r":"189","t":"16:11:01","h":"Est","s":"25N-H54N200F-80-F2"},{"r":"189","t":"16:11:01","h":"Est","s":"25N-H54N300F-80-F3"},{"r":"189","t":"16:11:01","h":"Est","s":"25N-H54N400F-80-F4"},{"r":"189","t":"16:11:01","h":"Est","s":"25N-H54NV10I-80-I"},{"r":"189","t":"16:11:01","h":"Est","s":"25N-H54NV20I-80-I"},{"r":"189","t":"16:11:01","h":"Est","s":"25S-H54S000I-82-I"},{"r":"189","t":"16:11:01","h":"Est","s":"25S-H54S100F-80-F1"},{"r":"189","t":"16:11:01","h":"Est","s":"25S-H54S200F-80-F2"},{"r":"189","t":"16:14:14","h":"Est","s":"25N-H54N000S-80-S"},{"r":"189","t":"16:14:14","h":"Est","s":"25N-H54NV10S-82-S"},{"r":"189","t":"16:14:14","h":"Est","s":"25N-H54NV20S-80-S"},{"r":"189","t":"16:14:14","h":"Est","s":"25S-H54S000S-82-S"},{"r":"189","t":"16:18:38","h":"Est","s":"25N-H54N000A-80-A"},{"r":"189","t":"16:18:38","h":"Est","s":"25N-H54NV10A-80-A"},{"r":"189","t":"16:18:38","h":"Est","s":"25N-H54NV20A-80-A"},{"r":"189","t":"16:18:38","h":"Est","s":"25S-H54S000A-83-A"},{"r":"189","t":"16:26:14","h":"Est","s":"25N-H54N000S-80-S"},{"r":"189","t":"16:26:14","h":"Est","s":"25N-H54NV10S-82-S"},{"r":"189","t":"16:26:14","h":"Est","s":"25N-H54NV20S-80-S"},{"r":"189","t":"16:26:14","h":"Est","s":"25S-H54S000S-82-S"},{"r":"189","t":"16:30:01","h":"Est","s":"25N-H54N000I-80-I"},{"r":"189","t":"16:30:01","h":"Est","s":"25N-H54N100F-80-F1"},{"r":"189","t":"16:30:01","h":"Est","s":"25N-H54N200F-80-F2"},{"r":"189","t":"16:30:01","h":"Est","s":"25N-H54N300F-80-F3"},{"r":"189","t":"16:30:01","h":"Est","s":"25N-H54N400F-80-F4"},{"r":"189","t":"16:30:01","h":"Est","s":"25N-H54NV10I-80-I"},{"r":"189","t":"16:30:01","h":"Est","s":"25N-H54NV20I-80-I"},{"r":"189","t":"16:30:01","h":"Est","s":"25S-H54S000I-82-I"},{"r":"189","t":"16:30:01","h":"Est","s":"25S-H54S100F-80-F1"},{"r":"189","t":"16:30:01","h":"Est","s":"25S-H54S200F-80-F2"},{"r":"189","t":"16:33:38","h":"Est","s":"25N-H54N000A-80-A"},{"r":"189","t":"16:33:38","h":"Est","s":"25N-H54NV10A-80-A"},{"r":"189","t":"16:33:38","h":"Est","s":"25N-H54NV20A-80-A"},{"r":"189","t":"16:33:38","h":"Est","s":"25S-H54S000A-83-A"},{"r":"189","t":"16:35:14","h":"Est","s":"25N-H54N000S-80-S"},{"r":"189","t":"16:35:14","h":"Est","s":"25N-H54NV10S-82-S"},{"r":"189","t":"16:35:14","h":"Est","s":"25N-H54NV20S-80-S"},{"r":"189","t":"16:35:14","h":"Est","s":"25S-H54S000S-82-S"},{"r":"189","t":"16:45:01","h":"Est","s":"25N-H54N000I-80-I"},{"r":"189","t":"16:45:01","h":"Est","s":"25N-H54N100F-80-F1"},{"r":"189","t":"16:45:01","h":"Est","s":"25N-H54N200F-80-F2"},{"r":"189","t":"16:45:01","h":"Est","s":"25N-H54N300F-80-F3"},{"r":"189","t":"16:45:01","h":"Est","s":"25N-H54N400F-80-F4"},{"r":"189","t":"16:45:01","h":"Est","s":"25N-H54NV10I-80-I"},{"r":"189","t":"16:45:01","h":"Est","s":"25N-H54NV20I-80-I"},{"r":"189","t":"16:45:01","h":"Est","s":"25S-H54S000I-82-I"},{"r":"189","t":"16:45:01","h":"Est","s":"25S-H54S100F-80-F1"},{"r":"189","t":"16:45:01","h":"Est","s":"25S-H54S200F-80-F2"},{"r":"189","t":"16:45:14","h":"Est","s":"25N-H54N000S-80-S"},{"r":"189","t":"16:45:14","h":"Est","s":"25N-H54NV10S-82-S"},{"r":"189","t":"16:45:14","h":"Est","s":"25N-H54NV20S-80-S"},{"r":"189","t":"16:45:14","h":"Est","s":"25S-H54S000S-82-S"},{"r":"189","t":"16:47:38","h":"Est","s":"25N-H54N000A-80-A"},{"r":"189","t":"16:47:38","h":"Est","s":"25N-H54NV10A-80-A"},{"r":"189","t":"16:47:38","h":"Est","s":"25N-H54NV20A-80-A"},{"r":"189","t":"16:47:38","h":"Est","s":"25S-H54S000A-83-A"},{"r":"189","t":"16:50:38","h":"Est","s":"25N-H54N000S-80-S"},{"r":"189","t":"16:50:38","h":"Est","s":"25N-H54NV10S-82-S"},{"r":"189","t":"16:50:38","h":"Est","s":"25N-H54NV20S-80-S"},{"r":"189","t":"16:50:38","h":"Est","s":"25S-H54S000S-82-S"},{"r":"189","t":"16:55:38","h":"Est","s":"25N-H54N000S-80-S"},{"r":"189","t":"16:55:38","h":"Est","s":"25N-H54NV10S-82-S"},{"r":"189","t":"16:55:38","h":"Est","s":"25N-H54NV20S-80-S"},{"r":"189","t":"16:55:38","h":"Est","s":"25S-H54S000S-82-S"},{"r":"189","t":"17:00:01","h":"Est","s":"25N-H54N000I-80-I"},{"r":"189","t":"17:00:01","h":"Est","s":"25N-H54N100F-80-F1"},{"r":"189","t":"17:00:01","h":"Est","s":"25N-H54N200F-80-F2"},{"r":"189","t":"17:00:01","h":"Est","s":"25N-H54N300F-80-F3"},{"r":"189","t":"17:00:01","h":"Est","s":"25N-H54N400F-80-F4"},{"r":"189","t":"17:00:01","h":"Est","s":"25N-H54NV10I-80-I"},{"r":"189","t":"17:00:01","h":"Est","s":"25N-H54NV20I-80-I"},{"r":"189","t":"17:00:01","h":"Est","s":"25S-H54S000I-82-I"},{"r":"189","t":"17:00:01","h":"Est","s":"25S-H54S100F-80-F1"},{"r":"189","t":"17:00:01","h":"Est","s":"25S-H54S200F-80-F2"},{"r":"189","t":"17:00:38","h":"Est","s":"25N-H54N000S-80-S"},{"r":"189","t":"17:00:38","h":"Est","s":"25N-H54NV10S-82-S"},{"r":"189","t":"17:00:38","h":"Est","s":"25N-H54NV20S-80-S"},{"r":"189","t":"17:00:38","h":"Est","s":"25S-H54S000S-82-S"},{"r":"189","t":"17:02:38","h":"Est","s":"25N-H54N000A-80-A"},{"r":"189","t":"17:02:38","h":"Est","s":"25N-H54NV10A-80-A"},{"r":"189","t":"17:02:38","h":"Est","s":"25N-H54NV20A-80-A"},{"r":"189","t":"17:02:38","h":"Est","s":"25S-H54S000A-83-A"},{"r":"189","t":"17:06:38","h":"Est","s":"25N-H54N000S-80-S"},{"r":"189","t":"17:06:38","h":"Est","s":"25N-H54NV10S-82-S"},{"r":"189","t":"17:06:38","h":"Est","s":"25N-H54NV20S-80-S"},{"r":"189","t":"17:06:38","h":"Est","s":"25S-H54S000S-82-S"},{"r":"189","t":"17:13:38","h":"Est","s":"25N-H54N000S-80-S"},{"r":"189","t":"17:13:38","h":"Est","s":"25N-H54NV10S-82-S"},{"r":"189","t":"17:13:38","h":"Est","s":"25N-H54NV20S-80-S"},{"r":"189","t":"17:13:38","h":"Est","s":"25S-H54S000S-82-S"},{"r":"189","t":"17:15:01","h":"Est","s":"25N-H54N000I-80-I"},{"r":"189","t":"17:15:01","h":"Est","s":"25N-H54N100F-80-F1"},{"r":"189","t":"17:15:01","h":"Est","s":"25N-H54N200F-80-F2"},{"r":"189","t":"17:15:01","h":"Est","s":"25N-H54N300F-80-F3"},{"r":"189","t":"17:15:01","h":"Est","s":"25N-H54N400F-80-F4"},{"r":"189","t":"17:15:01","h":"Est","s":"25N-H54NV10I-80-I"},{"r":"189","t":"17:15:01","h":"Est","s":"25N-H54NV20I-80-I"},{"r":"189","t":"17:15:01","h":"Est","s":"25S-H54S000I-82-I"},{"r":"189","t":"17:15:01","h":"Est","s":"25S-H54S100F-80-F1"},{"r":"189","t":"17:15:01","h":"Est","s":"25S-H54S200F-80-F2"},{"r":"189","t":"17:18:38","h":"Est","s":"25N-H54N000A-80-A"},{"r":"189","t":"17:18:38","h":"Est","s":"25N-H54NV10A-80-A"},{"r":"189","t":"17:18:38","h":"Est","s":"25N-H54NV20A-80-A"},{"r":"189","t":"17:18:38","h":"Est","s":"25S-H54S000A-83-A"},{"r":"189","t":"17:20:38","h":"Est","s":"25N-H54N000S-80-S"},{"r":"189","t":"17:20:38","h":"Est","s":"25N-H54NV10S-82-S"},{"r":"189","t":"17:20:38","h":"Est","s":"25N-H54NV20S-80-S"},{"r":"189","t":"17:20:38","h":"Est","s":"25S-H54S000S-82-S"},{"r":"189","t":"17:25:38","h":"Est","s":"25N-H54N000S-80-S"},{"r":"189","t":"17:25:38","h":"Est","s":"25N-H54NV10S-82-S"},{"r":"189","t":"17:25:38","h":"Est","s":"25N-H54NV20S-80-S"},{"r":"189","t":"17:25:38","h":"Est","s":"25S-H54S000S-82-S"},{"r":"189","t":"17:30:01","h":"Est","s":"25N-H54N000I-80-I"},{"r":"189","t":"17:30:01","h":"Est","s":"25N-H54N100F-80-F1"},{"r":"189","t":"17:30:01","h":"Est","s":"25N-H54N200F-80-F2"},{"r":"189","t":"17:30:01","h":"Est","s":"25N-H54N300F-80-F3"},{"r":"189","t":"17:30:01","h":"Est","s":"25N-H54N400F-80-F4"},{"r":"189","t":"17:30:01","h":"Est","s":"25N-H54NV10I-80-I"},{"r":"189","t":"17:30:01","h":"Est","s":"25N-H54NV20I-80-I"},{"r":"189","t":"17:30:01","h":"Est","s":"25S-H54S000I-82-I"},{"r":"189","t":"17:30:01","h":"Est","s":"25S-H54S100F-80-F1"},{"r":"189","t":"17:30:01","h":"Est","s":"25S-H54S200F-80-F2"},{"r":"189","t":"17:33:38","h":"Est","s":"25N-H54N000A-80-A"},{"r":"189","t":"17:33:38","h":"Est","s":"25N-H54NV10A-80-A"},{"r":"189","t":"17:33:38","h":"Est","s":"25N-H54NV20A-80-A"},{"r":"189","t":"17:33:38","h":"Est","s":"25S-H54S000A-83-A"},{"r":"189","t":"17:34:38","h":"Est","s":"25N-H54N000S-80-S"},{"r":"189","t":"17:34:38","h":"Est","s":"25N-H54NV10S-82-S"},{"r":"189","t":"17:34:38","h":"Est","s":"25N-H54NV20S-80-S"},{"r":"189","t":"17:34:38","h":"Est","s":"25S-H54S000S-82-S"},{"r":"189","t":"17:41:38","h":"Est","s":"25N-H54N000S-80-S"},{"r":"189","t":"17:41:38","h":"Est","s":"25N-H54NV10S-82-S"},{"r":"189","t":"17:41:38","h":"Est","s":"25N-H54NV20S-80-S"},{"r":"189","t":"17:41:38","h":"Est","s":"25S-H54S000S-82-S"},{"r":"189","t":"17:45:01","h":"Est","s":"25N-H54N000I-80-I"},{"r":"189","t":"17:45:01","h":"Est","s":"25N-H54N100F-80-F1"},{"r":"189","t":"17:45:01","h":"Est","s":"25N-H54N200F-80-F2"},{"r":"189","t":"17:45:01","h":"Est","s":"25N-H54N300F-80-F3"},{"r":"189","t":"17:45:01","h":"Est","s":"25N-H54N400F-80-F4"},{"r":"189","t":"17:45:01","h":"Est","s":"25N-H54NV10I-80-I"},{"r":"189","t":"17:45:01","h":"Est","s":"25N-H54NV20I-80-I"},{"r":"189","t":"17:45:01","h":"Est","s":"25S-H54S000I-82-I"},{"r":"189","t":"17:45:01","h":"Est","s":"25S-H54S100F-80-F1"},{"r":"189","t":"17:45:01","h":"Est","s":"25S-H54S200F-80-F2"},{"r":"189","t":"17:48:38","h":"Est","s":"25N-H54N000A-80-A"},{"r":"189","t":"17:48:38","h":"Est","s":"25N-H54NV10A-80-A"},{"r":"189","t":"17:48:38","h":"Est","s":"25N-H54NV20A-80-A"},{"r":"189","t":"17:48:38","h":"Est","s":"25S-H54S000A-83-A"},{"r":"189","t":"17:49:38","h":"Est","s":"25N-H54N000S-80-S"},{"r":"189","t":"17:49:38","h":"Est","s":"25N-H54NV10S-82-S"},{"r":"189","t":"17:49:38","h":"Est","s":"25N-H54NV20S-80-S"},{"r":"189","t":"17:49:38","h":"Est","s":"25S-H54S000S-82-S"},{"r":"189","t":"17:57:38","h":"Est","s":"25N-H54N000S-80-S"},{"r":"189","t":"17:57:38","h":"Est","s":"25N-H54NV10S-82-S"},{"r":"189","t":"17:57:38","h":"Est","s":"25N-H54NV20S-80-S"},{"r":"189","t":"17:57:38","h":"Est","s":"25S-H54S000S-82-S"},{"r":"189","t":"18:00:01","h":"Est","s":"25N-H54N000I-80-I"},{"r":"189","t":"18:00:01","h":"Est","s":"25N-H54N100F-80-F1"},{"r":"189","t":"18:00:01","h":"Est","s":"25N-H54N200F-80-F2"},{"r":"189","t":"18:00:01","h":"Est","s":"25N-H54N300F-80-F3"},{"r":"189","t":"18:00:01","h":"Est","s":"25N-H54N400F-80-F4"},{"r":"189","t":"18:00:01","h":"Est","s":"25N-H54NV10I-80-I"},{"r":"189","t":"18:00:01","h":"Est","s":"25N-H54NV20I-80-I"},{"r":"189","t":"18:00:01","h":"Est","s":"25S-H54S000I-82-I"},{"r":"189","t":"18:00:01","h":"Est","s":"25S-H54S100F-80-F1"},{"r":"189","t":"18:00:01","h":"Est","s":"25S-H54S200F-80-F2"},{"r":"189","t":"18:02:38","h":"Est","s":"25N-H54N000A-80-A"},{"r":"189","t":"18:02:38","h":"Est","s":"25N-H54NV10A-80-A"},{"r":"189","t":"18:02:38","h":"Est","s":"25N-H54NV20A-80-A"},{"r":"189","t":"18:02:38","h":"Est","s":"25S-H54S000A-83-A"},{"r":"189","t":"18:04:38","h":"Est","s":"25N-H54N000S-80-S"},{"r":"189","t":"18:04:38","h":"Est","s":"25N-H54NV10S-82-S"},{"r":"189","t":"18:04:38","h":"Est","s":"25N-H54NV20S-80-S"},{"r":"189","t":"18:04:38","h":"Est","s":"25S-H54S000S-82-S"},{"r":"189","t":"18:13:38","h":"Est","s":"25N-H54N000S-80-S"},{"r":"189","t":"18:13:38","h":"Est","s":"25N-H54NV10S-82-S"},{"r":"189","t":"18:13:38","h":"Est","s":"25N-H54NV20S-80-S"},{"r":"189","t":"18:13:38","h":"Est","s":"25S-H54S000S-82-S"},{"r":"189","t":"18:15:01","h":"Est","s":"25N-H54N000I-80-I"},{"r":"189","t":"18:15:01","h":"Est","s":"25N-H54N100F-80-F1"},{"r":"189","t":"18:15:01","h":"Est","s":"25N-H54N200F-80-F2"},{"r":"189","t":"18:15:01","h":"Est","s":"25N-H54N300F-80-F3"},{"r":"189","t":"18:15:01","h":"Est","s":"25N-H54N400F-80-F4"},{"r":"189","t":"18:15:01","h":"Est","s":"25N-H54NV10I-80-I"},{"r":"189","t":"18:15:01","h":"Est","s":"25N-H54NV20I-80-I"},{"r":"189","t":"18:15:01","h":"Est","s":"25S-H54S000I-82-I"},{"r":"189","t":"18:15:01","h":"Est","s":"25S-H54S100F-80-F1"},{"r":"189","t":"18:15:01","h":"Est","s":"25S-H54S200F-80-F2"},{"r":"189","t":"18:16:38","h":"Est","s":"25N-H54N000A-80-A"},{"r":"189","t":"18:16:38","h":"Est","s":"25N-H54NV10A-80-A"},{"r":"189","t":"18:16:38","h":"Est","s":"25N-H54NV20A-80-A"},{"r":"189","t":"18:16:38","h":"Est","s":"25S-H54S000A-83-A"},{"r":"189","t":"18:22:38","h":"Est","s":"25N-H59N000S-80-S"},{"r":"189","t":"18:22:38","h":"Est","s":"25N-H59NV10S-84-S"},{"r":"189","t":"18:22:38","h":"Est","s":"25N-H59NV20S-80-S"},{"r":"189","t":"18:22:38","h":"Est","s":"25S-H59S000S-81-S"},{"r":"189","t":"18:30:01","h":"Est","s":"25N-H54N000I-80-I"},{"r":"189","t":"18:30:01","h":"Est","s":"25N-H54N100F-80-F1"},{"r":"189","t":"18:30:01","h":"Est","s":"25N-H54N200F-80-F2"},{"r":"189","t":"18:30:01","h":"Est","s":"25N-H54N300F-80-F3"},{"r":"189","t":"18:30:01","h":"Est","s":"25N-H54N400F-80-F4"},{"r":"189","t":"18:30:01","h":"Est","s":"25N-H54NV10I-80-I"},{"r":"189","t":"18:30:01","h":"Est","s":"25N-H54NV20I-80-I"},{"r":"189","t":"18:30:01","h":"Est","s":"25S-H54S000I-82-I"},{"r":"189","t":"18:30:01","h":"Est","s":"25S-H54S100F-80-F1"},{"r":"189","t":"18:30:01","h":"Est","s":"25S-H54S200F-80-F2"},{"r":"189","t":"18:30:38","h":"Est","s":"25N-H54N000A-80-A"},{"r":"189","t":"18:30:38","h":"Est","s":"25N-H54NV10A-80-A"},{"r":"189","t":"18:30:38","h":"Est","s":"25N-H54NV20A-80-A"},{"r":"189","t":"18:30:38","h":"Est","s":"25S-H54S000A-83-A"},{"r":"189","t":"18:33:38","h":"Est","s":"25N-H54N000S-80-S"},{"r":"189","t":"18:33:38","h":"Est","s":"25N-H54NV10S-82-S"},{"r":"189","t":"18:33:38","h":"Est","s":"25N-H54NV20S-80-S"},{"r":"189","t":"18:33:38","h":"Est","s":"25S-H54S000S-82-S"},{"r":"189","t":"18:46:38","h":"Est","s":"25N-H54N000A-80-A"},{"r":"189","t":"18:46:38","h":"Est","s":"25N-H54NV10A-80-A"},{"r":"189","t":"18:46:38","h":"Est","s":"25N-H54NV20A-80-A"},{"r":"189","t":"18:46:38","h":"Est","s":"25S-H54S000A-83-A"},{"r":"189","t":"18:47:38","h":"Est","s":"25N-H54N000S-80-S"},{"r":"189","t":"18:47:38","h":"Est","s":"25N-H54NV10S-82-S"},{"r":"189","t":"18:47:38","h":"Est","s":"25N-H54NV20S-80-S"},{"r":"189","t":"18:47:38","h":"Est","s":"25S-H54S000S-82-S"},{"r":"189","t":"18:50:01","h":"Est","s":"25N-H54N000I-80-I"},{"r":"189","t":"18:50:01","h":"Est","s":"25N-H54N100F-80-F1"},{"r":"189","t":"18:50:01","h":"Est","s":"25N-H54N200F-80-F2"},{"r":"189","t":"18:50:01","h":"Est","s":"25N-H54N300F-80-F3"},{"r":"189","t":"18:50:01","h":"Est","s":"25N-H54N400F-80-F4"},{"r":"189","t":"18:50:01","h":"Est","s":"25N-H54NV10I-80-I"},{"r":"189","t":"18:50:01","h":"Est","s":"25N-H54NV20I-80-I"},{"r":"189","t":"18:50:01","h":"Est","s":"25S-H54S000I-82-I"},{"r":"189","t":"18:50:01","h":"Est","s":"25S-H54S100F-80-F1"},{"r":"189","t":"18:50:01","h":"Est","s":"25S-H54S200F-80-F2"},{"r":"189","t":"19:01:38","h":"Est","s":"25N-H54N000S-80-S"},{"r":"189","t":"19:01:38","h":"Est","s":"25N-H54NV10S-82-S"},{"r":"189","t":"19:01:38","h":"Est","s":"25N-H54NV20S-80-S"},{"r":"189","t":"19:01:38","h":"Est","s":"25S-H54S000S-82-S"},{"r":"189","t":"19:03:38","h":"Est","s":"25N-H54N000A-80-A"},{"r":"189","t":"19:03:38","h":"Est","s":"25N-H54NV10A-80-A"},{"r":"189","t":"19:03:38","h":"Est","s":"25N-H54NV20A-80-A"},{"r":"189","t":"19:03:38","h":"Est","s":"25S-H54S000A-83-A"},{"r":"189","t":"19:15:38","h":"Est","s":"25N-H54N000S-80-S"},{"r":"189","t":"19:15:38","h":"Est","s":"25N-H54NV10S-82-S"},{"r":"189","t":"19:15:38","h":"Est","s":"25N-H54NV20S-80-S"},{"r":"189","t":"19:15:38","h":"Est","s":"25S-H54S000S-82-S"},{"r":"189","t":"19:16:01","h":"Est","s":"25N-H54N000I-80-I"},{"r":"189","t":"19:16:01","h":"Est","s":"25N-H54N100F-80-F1"},{"r":"189","t":"19:16:01","h":"Est","s":"25N-H54N200F-80-F2"},{"r":"189","t":"19:16:01","h":"Est","s":"25N-H54N300F-80-F3"},{"r":"189","t":"19:16:01","h":"Est","s":"25N-H54N400F-80-F4"},{"r":"189","t":"19:16:01","h":"Est","s":"25N-H54NV10I-80-I"},{"r":"189","t":"19:16:01","h":"Est","s":"25N-H54NV20I-80-I"},{"r":"189","t":"19:16:01","h":"Est","s":"25S-H54S000I-82-I"},{"r":"189","t":"19:16:01","h":"Est","s":"25S-H54S100F-80-F1"},{"r":"189","t":"19:16:01","h":"Est","s":"25S-H54S200F-80-F2"},{"r":"189","t":"19:20:38","h":"Est","s":"25N-H54N000A-80-A"},{"r":"189","t":"19:20:38","h":"Est","s":"25N-H54NV10A-80-A"},{"r":"189","t":"19:20:38","h":"Est","s":"25N-H54NV20A-80-A"},{"r":"189","t":"19:20:38","h":"Est","s":"25S-H54S000A-83-A"},{"r":"189","t":"19:29:38","h":"Est","s":"25N-H54N000S-80-S"},{"r":"189","t":"19:29:38","h":"Est","s":"25N-H54NV10S-82-S"},{"r":"189","t":"19:29:38","h":"Est","s":"25N-H54NV20S-80-S"},{"r":"189","t":"19:29:38","h":"Est","s":"25S-H54S000S-82-S"},{"r":"189","t":"19:38:38","h":"Est","s":"25N-H54N000A-80-A"},{"r":"189","t":"19:38:38","h":"Est","s":"25N-H54NV10A-80-A"},{"r":"189","t":"19:38:38","h":"Est","s":"25N-H54NV20A-80-A"},{"r":"189","t":"19:38:38","h":"Est","s":"25S-H54S000A-83-A"},{"r":"189","t":"19:45:01","h":"Est","s":"25N-H54N000I-80-I"},{"r":"189","t":"19:45:01","h":"Est","s":"25N-H54N100F-80-F1"},{"r":"189","t":"19:45:01","h":"Est","s":"25N-H54N200F-80-F2"},{"r":"189","t":"19:45:01","h":"Est","s":"25N-H54N300F-80-F3"},{"r":"189","t":"19:45:01","h":"Est","s":"25N-H54N400F-80-F4"},{"r":"189","t":"19:45:01","h":"Est","s":"25N-H54NV10I-80-I"},{"r":"189","t":"19:45:01","h":"Est","s":"25N-H54NV20I-80-I"},{"r":"189","t":"19:45:01","h":"Est","s":"25S-H54S000I-82-I"},{"r":"189","t":"19:45:01","h":"Est","s":"25S-H54S100F-80-F1"},{"r":"189","t":"19:45:01","h":"Est","s":"25S-H54S200F-80-F2"},{"r":"189","t":"19:46:38","h":"Est","s":"25N-H54N000S-80-S"},{"r":"189","t":"19:46:38","h":"Est","s":"25N-H54NV10S-82-S"},{"r":"189","t":"19:46:38","h":"Est","s":"25N-H54NV20S-80-S"},{"r":"189","t":"19:46:38","h":"Est","s":"25S-H54S000S-82-S"},{"r":"189","t":"19:57:38","h":"Est","s":"25N-H54N000A-80-A"},{"r":"189","t":"19:57:38","h":"Est","s":"25N-H54NV10A-80-A"},{"r":"189","t":"19:57:38","h":"Est","s":"25N-H54NV20A-80-A"},{"r":"189","t":"19:57:38","h":"Est","s":"25S-H54S000A-83-A"},{"r":"189","t":"20:05:38","h":"Est","s":"25N-H54N000S-80-S"},{"r":"189","t":"20:05:38","h":"Est","s":"25N-H54NV10S-82-S"},{"r":"189","t":"20:05:38","h":"Est","s":"25N-H54NV20S-80-S"},{"r":"189","t":"20:05:38","h":"Est","s":"25S-H54S000S-82-S"},{"r":"189","t":"20:15:01","h":"Est","s":"25N-H54N000I-80-I"},{"r":"189","t":"20:15:01","h":"Est","s":"25N-H54N100F-80-F1"},{"r":"189","t":"20:15:01","h":"Est","s":"25N-H54N200F-80-F2"},{"r":"189","t":"20:15:01","h":"Est","s":"25N-H54N300F-80-F3"},{"r":"189","t":"20:15:01","h":"Est","s":"25N-H54N400F-80-F4"},{"r":"189","t":"20:15:01","h":"Est","s":"25N-H54NV10I-80-I"},{"r":"189","t":"20:15:01","h":"Est","s":"25N-H54NV20I-80-I"},{"r":"189","t":"20:15:01","h":"Est","s":"25S-H54S000I-82-I"},{"r":"189","t":"20:15:01","h":"Est","s":"25S-H54S100F-80-F1"},{"r":"189","t":"20:15:01","h":"Est","s":"25S-H54S200F-80-F2"},{"r":"189","t":"20:17:38","h":"Est","s":"25N-H54N000A-80-A"},{"r":"189","t":"20:17:38","h":"Est","s":"25N-H54NV10A-80-A"},{"r":"189","t":"20:17:38","h":"Est","s":"25N-H54NV20A-80-A"},{"r":"189","t":"20:17:38","h":"Est","s":"25S-H54S000A-83-A"},{"r":"189","t":"20:23:38","h":"Est","s":"25N-H54N000S-80-S"},{"r":"189","t":"20:23:38","h":"Est","s":"25N-H54NV10S-82-S"},{"r":"189","t":"20:23:38","h":"Est","s":"25N-H54NV20S-80-S"},{"r":"189","t":"20:23:38","h":"Est","s":"25S-H54S000S-82-S"},{"r":"189","t":"20:41:38","h":"Est","s":"25N-H54N000S-80-S"},{"r":"189","t":"20:41:38","h":"Est","s":"25N-H54NV10S-82-S"},{"r":"189","t":"20:41:38","h":"Est","s":"25N-H54NV20S-80-S"},{"r":"189","t":"20:41:38","h":"Est","s":"25S-H54S000S-82-S"},{"r":"189","t":"20:42:38","h":"Est","s":"25N-H54N000A-80-A"},{"r":"189","t":"20:42:38","h":"Est","s":"25N-H54NV10A-80-A"},{"r":"189","t":"20:42:38","h":"Est","s":"25N-H54NV20A-80-A"},{"r":"189","t":"20:42:38","h":"Est","s":"25S-H54S000A-83-A"},{"r":"189","t":"20:45:01","h":"Est","s":"25N-H54N000I-80-I"},{"r":"189","t":"20:45:01","h":"Est","s":"25N-H54N100F-80-F1"},{"r":"189","t":"20:45:01","h":"Est","s":"25N-H54N200F-80-F2"},{"r":"189","t":"20:45:01","h":"Est","s":"25N-H54N300F-80-F3"},{"r":"189","t":"20:45:01","h":"Est","s":"25N-H54N400F-80-F4"},{"r":"189","t":"20:45:01","h":"Est","s":"25N-H54NV10I-80-I"},{"r":"189","t":"20:45:01","h":"Est","s":"25N-H54NV20I-80-I"},{"r":"189","t":"20:45:01","h":"Est","s":"25S-H54S000I-82-I"},{"r":"189","t":"20:45:01","h":"Est","s":"25S-H54S100F-80-F1"},{"r":"189","t":"20:45:01","h":"Est","s":"25S-H54S200F-80-F2"},{"r":"189","t":"20:58:38","h":"Est","s":"25N-H54N000S-80-S"},{"r":"189","t":"20:58:38","h":"Est","s":"25N-H54NV10S-82-S"},{"r":"189","t":"20:58:38","h":"Est","s":"25N-H54NV20S-80-S"},{"r":"189","t":"20:58:38","h":"Est","s":"25S-H54S000S-82-S"},{"r":"189","t":"21:07:38","h":"Est","s":"25N-H54N000A-80-A"},{"r":"189","t":"21:07:38","h":"Est","s":"25N-H54NV10A-80-A"},{"r":"189","t":"21:07:38","h":"Est","s":"25N-H54NV20A-80-A"},{"r":"189","t":"21:07:38","h":"Est","s":"25S-H54S000A-83-A"},{"r":"189","t":"21:15:01","h":"Est","s":"25N-H54N000I-80-I"},{"r":"189","t":"21:15:01","h":"Est","s":"25N-H54N100F-80-F1"},{"r":"189","t":"21:15:01","h":"Est","s":"25N-H54N200F-80-F2"},{"r":"189","t":"21:15:01","h":"Est","s":"25N-H54N300F-80-F3"},{"r":"189","t":"21:15:01","h":"Est","s":"25N-H54N400F-80-F4"},{"r":"189","t":"21:15:01","h":"Est","s":"25N-H54NV10I-80-I"},{"r":"189","t":"21:15:01","h":"Est","s":"25N-H54NV20I-80-I"},{"r":"189","t":"21:15:01","h":"Est","s":"25S-H54S000I-82-I"},{"r":"189","t":"21:15:01","h":"Est","s":"25S-H54S100F-80-F1"},{"r":"189","t":"21:15:01","h":"Est","s":"25S-H54S200F-80-F2"},{"r":"189","t":"21:16:01","h":"Est","s":"25N-H54N000S-80-S"},{"r":"189","t":"21:16:01","h":"Est","s":"25N-H54NV10S-82-S"},{"r":"189","t":"21:16:01","h":"Est","s":"25N-H54NV20S-80-S"},{"r":"189","t":"21:16:01","h":"Est","s":"25S-H54S000S-82-S"},{"r":"189","t":"21:32:38","h":"Est","s":"25N-H54N000A-80-A"},{"r":"189","t":"21:32:38","h":"Est","s":"25N-H54NV10A-80-A"},{"r":"189","t":"21:32:38","h":"Est","s":"25N-H54NV20A-80-A"},{"r":"189","t":"21:32:38","h":"Est","s":"25S-H54S000A-83-A"},{"r":"189","t":"21:36:01","h":"Est","s":"25N-H54N000S-80-S"},{"r":"189","t":"21:36:01","h":"Est","s":"25N-H54NV10S-82-S"},{"r":"189","t":"21:36:01","h":"Est","s":"25N-H54NV20S-80-S"},{"r":"189","t":"21:36:01","h":"Est","s":"25S-H54S000S-82-S"},{"r":"189","t":"21:45:01","h":"Est","s":"25N-H54N000I-80-I"},{"r":"189","t":"21:45:01","h":"Est","s":"25N-H54N100F-80-F1"},{"r":"189","t":"21:45:01","h":"Est","s":"25N-H54N200F-80-F2"},{"r":"189","t":"21:45:01","h":"Est","s":"25N-H54N300F-80-F3"},{"r":"189","t":"21:45:01","h":"Est","s":"25N-H54N400F-80-F4"},{"r":"189","t":"21:45:01","h":"Est","s":"25N-H54NV10I-80-I"},{"r":"189","t":"21:45:01","h":"Est","s":"25N-H54NV20I-80-I"},{"r":"189","t":"21:45:01","h":"Est","s":"25S-H54S000I-82-I"},{"r":"189","t":"21:45:01","h":"Est","s":"25S-H54S100F-80-F1"},{"r":"189","t":"21:45:01","h":"Est","s":"25S-H54S200F-80-F2"},{"r":"189","t":"21:56:01","h":"Est","s":"25N-H54N000S-80-S"},{"r":"189","t":"21:56:01","h":"Est","s":"25N-H54NV10S-82-S"},{"r":"189","t":"21:56:01","h":"Est","s":"25N-H54NV20S-80-S"},{"r":"189","t":"21:56:01","h":"Est","s":"25S-H54S000S-82-S"},{"r":"189","t":"21:57:38","h":"Est","s":"25N-H54N000A-80-A"},{"r":"189","t":"21:57:38","h":"Est","s":"25N-H54NV10A-80-A"},{"r":"189","t":"21:57:38","h":"Est","s":"25N-H54NV20A-80-A"},{"r":"189","t":"21:57:38","h":"Est","s":"25S-H54S000A-83-A"},{"r":"189","t":"22:15:01","h":"Est","s":"25N-H54N000I-80-I"},{"r":"189","t":"22:15:01","h":"Est","s":"25N-H54N100F-80-F1"},{"r":"189","t":"22:15:01","h":"Est","s":"25N-H54N200F-80-F2"},{"r":"189","t":"22:15:01","h":"Est","s":"25N-H54N300F-80-F3"},{"r":"189","t":"22:15:01","h":"Est","s":"25N-H54N400F-80-F4"},{"r":"189","t":"22:15:01","h":"Est","s":"25N-H54NV10I-80-I"},{"r":"189","t":"22:15:01","h":"Est","s":"25N-H54NV20I-80-I"},{"r":"189","t":"22:15:01","h":"Est","s":"25S-H54S000I-82-I"},{"r":"189","t":"22:15:01","h":"Est","s":"25S-H54S100F-80-F1"},{"r":"189","t":"22:15:01","h":"Est","s":"25S-H54S200F-80-F2"},{"r":"189","t":"22:17:01","h":"Est","s":"25N-H54N000S-80-S"},{"r":"189","t":"22:17:01","h":"Est","s":"25N-H54NV10S-82-S"},{"r":"189","t":"22:17:01","h":"Est","s":"25N-H54NV20S-80-S"},{"r":"189","t":"22:17:01","h":"Est","s":"25S-H54S000S-82-S"},{"r":"189","t":"22:20:38","h":"Est","s":"25N-H54N000A-80-A"},{"r":"189","t":"22:20:38","h":"Est","s":"25N-H54NV10A-80-A"},{"r":"189","t":"22:20:38","h":"Est","s":"25N-H54NV20A-80-A"},{"r":"189","t":"22:20:38","h":"Est","s":"25S-H54S000A-83-A"},{"r":"189","t":"22:42:01","h":"Est","s":"25N-H54N000S-80-S"},{"r":"189","t":"22:42:01","h":"Est","s":"25N-H54NV10S-82-S"},{"r":"189","t":"22:42:01","h":"Est","s":"25N-H54NV20S-80-S"},{"r":"189","t":"22:42:01","h":"Est","s":"25S-H54S000S-82-S"},{"r":"189","t":"22:43:38","h":"Est","s":"25N-H54N000A-80-A"},{"r":"189","t":"22:43:38","h":"Est","s":"25N-H54NV10A-80-A"},{"r":"189","t":"22:43:38","h":"Est","s":"25N-H54NV20A-80-A"},{"r":"189","t":"22:43:38","h":"Est","s":"25S-H54S000A-83-A"},{"r":"189","t":"22:45:01","h":"Est","s":"25N-H54N000I-80-I"},{"r":"189","t":"22:45:01","h":"Est","s":"25N-H54N100F-80-F1"},{"r":"189","t":"22:45:01","h":"Est","s":"25N-H54N200F-80-F2"},{"r":"189","t":"22:45:01","h":"Est","s":"25N-H54N300F-80-F3"},{"r":"189","t":"22:45:01","h":"Est","s":"25N-H54N400F-80-F4"},{"r":"189","t":"22:45:01","h":"Est","s":"25N-H54NV10I-80-I"},{"r":"189","t":"22:45:01","h":"Est","s":"25N-H54NV20I-80-I"},{"r":"189","t":"22:45:01","h":"Est","s":"25S-H54S000I-82-I"},{"r":"189","t":"22:45:01","h":"Est","s":"25S-H54S100F-80-F1"},{"r":"189","t":"22:45:01","h":"Est","s":"25S-H54S200F-80-F2"},{"r":"189","t":"23:06:01","h":"Est","s":"25N-H54N000A-80-A"},{"r":"189","t":"23:06:01","h":"Est","s":"25N-H54NV10A-80-A"},{"r":"189","t":"23:06:01","h":"Est","s":"25N-H54NV20A-80-A"},{"r":"189","t":"23:06:01","h":"Est","s":"25S-H54S000A-83-A"},{"r":"189","t":"23:08:01","h":"Est","s":"25N-H54N000S-80-S"},{"r":"189","t":"23:08:01","h":"Est","s":"25N-H54NV10S-82-S"},{"r":"189","t":"23:08:01","h":"Est","s":"25N-H54NV20S-80-S"},{"r":"189","t":"23:08:01","h":"Est","s":"25S-H54S000S-82-S"},{"r":"189","t":"23:13:01","h":"Est","s":"25N-H54N000I-80-I"},{"r":"189","t":"23:13:01","h":"Est","s":"25N-H54N100F-80-F1"},{"r":"189","t":"23:13:01","h":"Est","s":"25N-H54N200F-80-F2"},{"r":"189","t":"23:13:01","h":"Est","s":"25N-H54N300F-80-F3"},{"r":"189","t":"23:13:01","h":"Est","s":"25N-H54N400F-80-F4"},{"r":"189","t":"23:13:01","h":"Est","s":"25N-H54NV10I-80-I"},{"r":"189","t":"23:13:01","h":"Est","s":"25N-H54NV20I-80-I"},{"r":"189","t":"23:13:01","h":"Est","s":"25S-H54S000I-82-I"},{"r":"189","t":"23:13:01","h":"Est","s":"25S-H54S100F-80-F1"},{"r":"189","t":"23:13:01","h":"Est","s":"25S-H54S200F-80-F2"},{"r":"189","t":"23:28:01","h":"Est","s":"25N-H54N000A-80-A"},{"r":"189","t":"23:28:01","h":"Est","s":"25N-H54NV10A-80-A"},{"r":"189","t":"23:28:01","h":"Est","s":"25N-H54NV20A-80-A"},{"r":"189","t":"23:28:01","h":"Est","s":"25S-H54S000A-83-A"},{"r":"189","t":"23:30:01","h":"Est","s":"25N-H54N000S-80-S"},{"r":"189","t":"23:30:01","h":"Est","s":"25N-H54NV10S-82-S"},{"r":"189","t":"23:30:01","h":"Est","s":"25N-H54NV20S-80-S"},{"r":"189","t":"23:30:01","h":"Est","s":"25S-H54S000S-82-S"},{"r":"189","t":"23:41:01","h":"Est","s":"25N-H54N000I-80-I"},{"r":"189","t":"23:41:01","h":"Est","s":"25N-H54N100F-80-F1"},{"r":"189","t":"23:41:01","h":"Est","s":"25N-H54N200F-80-F2"},{"r":"189","t":"23:41:01","h":"Est","s":"25N-H54N300F-80-F3"},{"r":"189","t":"23:41:01","h":"Est","s":"25N-H54N400F-80-F4"},{"r":"189","t":"23:41:01","h":"Est","s":"25N-H54NV10I-80-I"},{"r":"189","t":"23:41:01","h":"Est","s":"25N-H54NV20I-80-I"},{"r":"189","t":"23:41:01","h":"Est","s":"25S-H54S000I-82-I"},{"r":"189","t":"23:41:01","h":"Est","s":"25S-H54S100F-80-F1"},{"r":"189","t":"23:41:01","h":"Est","s":"25S-H54S200F-80-F2"},{"r":"189","t":"23:51:01","h":"Est","s":"25N-H54N000A-80-A"},{"r":"189","t":"23:51:01","h":"Est","s":"25N-H54N000S-80-S"},{"r":"189","t":"23:51:01","h":"Est","s":"25N-H54NV10A-80-A"},{"r":"189","t":"23:51:01","h":"Est","s":"25N-H54NV10S-82-S"},{"r":"189","t":"23:51:01","h":"Est","s":"25N-H54NV20A-80-A"},{"r":"189","t":"23:51:01","h":"Est","s":"25N-H54NV20S-80-S"},{"r":"189","t":"23:51:01","h":"Est","s":"25S-H54S000A-83-A"},{"r":"189","t":"23:51:01","h":"Est","s":"25S-H54S000S-82-S"},{"r":"189","t":"24:09:01","h":"Est","s":"25N-H54N000I-80-I"},{"r":"189","t":"24:09:01","h":"Est","s":"25N-H54N100F-80-F1"},{"r":"189","t":"24:09:01","h":"Est","s":"25N-H54N200F-80-F2"},{"r":"189","t":"24:09:01","h":"Est","s":"25N-H54N300F-80-F3"},{"r":"189","t":"24:09:01","h":"Est","s":"25N-H54N400F-80-F4"},{"r":"189","t":"24:09:01","h":"Est","s":"25N-H54NV10I-80-I"},{"r":"189","t":"24:09:01","h":"Est","s":"25N-H54NV20I-80-I"},{"r":"189","t":"24:09:01","h":"Est","s":"25S-H54S000I-82-I"},{"r":"189","t":"24:09:01","h":"Est","s":"25S-H54S100F-80-F1"},{"r":"189","t":"24:09:01","h":"Est","s":"25S-H54S200F-80-F2"},{"r":"189","t":"24:14:01","h":"Est","s":"25N-H54N000A-80-A"},{"r":"189","t":"24:14:01","h":"Est","s":"25N-H54NV10A-80-A"},{"r":"189","t":"24:14:01","h":"Est","s":"25N-H54NV20A-80-A"},{"r":"189","t":"24:14:01","h":"Est","s":"25S-H54S000A-83-A"},{"r":"189","t":"24:15:01","h":"Est","s":"25N-H54N000S-80-S"},{"r":"189","t":"24:15:01","h":"Est","s":"25N-H54NV10S-82-S"},{"r":"189","t":"24:15:01","h":"Est","s":"25N-H54NV20S-80-S"},{"r":"189","t":"24:15:01","h":"Est","s":"25S-H54S000S-82-S"},{"r":"189","t":"24:36:01","h":"Est","s":"25N-H54N000I-80-I"},{"r":"189","t":"24:36:01","h":"Est","s":"25N-H54N100F-80-F1"},{"r":"189","t":"24:36:01","h":"Est","s":"25N-H54N200F-80-F2"},{"r":"189","t":"24:36:01","h":"Est","s":"25N-H54N300F-80-F3"},{"r":"189","t":"24:36:01","h":"Est","s":"25N-H54N400F-80-F4"},{"r":"189","t":"24:36:01","h":"Est","s":"25N-H54NV10I-80-I"},{"r":"189","t":"24:36:01","h":"Est","s":"25N-H54NV20I-80-I"},{"r":"189","t":"24:36:01","h":"Est","s":"25S-H54S000I-82-I"},{"r":"189","t":"24:36:01","h":"Est","s":"25S-H54S100F-80-F1"},{"r":"189","t":"24:36:01","h":"Est","s":"25S-H54S200F-80-F2"},{"r":"189","t":"24:38:01","h":"Est","s":"25N-H54N000A-80-A"},{"r":"189","t":"24:38:01","h":"Est","s":"25N-H54NV10A-80-A"},{"r":"189","t":"24:38:01","h":"Est","s":"25N-H54NV20A-80-A"},{"r":"189","t":"24:38:01","h":"Est","s":"25S-H54S000A-83-A"},{"r":"189","t":"24:39:01","h":"Est","s":"25N-H54N000S-80-S"},{"r":"189","t":"24:39:01","h":"Est","s":"25N-H54NV10S-82-S"},{"r":"189","t":"24:39:01","h":"Est","s":"25N-H54NV20S-80-S"},{"r":"189","t":"24:39:01","h":"Est","s":"25S-H54S000S-82-S"},{"r":"189","t":"25:05:01","h":"Est","s":"25N-H54N000I-80-I"},{"r":"189","t":"25:05:01","h":"Est","s":"25N-H54N100F-80-F1"},{"r":"189","t":"25:05:01","h":"Est","s":"25N-H54N200F-80-F2"},{"r":"189","t":"25:05:01","h":"Est","s":"25N-H54N300F-80-F3"},{"r":"189","t":"25:05:01","h":"Est","s":"25N-H54N400F-80-F4"},{"r":"189","t":"25:05:01","h":"Est","s":"25N-H54NV10I-80-I"},{"r":"189","t":"25:05:01","h":"Est","s":"25N-H54NV20I-80-I"},{"r":"189","t":"25:05:01","h":"Est","s":"25S-H54S000I-82-I"},{"r":"189","t":"25:05:01","h":"Est","s":"25S-H54S100F-80-F1"},{"r":"189","t":"25:05:01","h":"Est","s":"25S-H54S200F-80-F2"},{"r":"189","t":"25:06:01","h":"Est","s":"25N-H54N000A-80-A"},{"r":"189","t":"25:06:01","h":"Est","s":"25N-H54NV10A-80-A"},{"r":"189","t":"25:06:01","h":"Est","s":"25N-H54NV20A-80-A"},{"r":"189","t":"25:06:01","h":"Est","s":"25S-H54S000A-83-A"},{"r":"189","t":"25:08:25","h":"Est","s":"25N-H54N000S-80-S"},{"r":"189","t":"25:08:25","h":"Est","s":"25N-H54NV10S-82-S"},{"r":"189","t":"25:08:25","h":"Est","s":"25N-H54NV20S-80-S"},{"r":"189","t":"25:08:25","h":"Est","s":"25S-H54S000S-82-S"},{"r":"189","t":"25:35:01","h":"Est","s":"25N-H54N000A-80-A"},{"r":"189","t":"25:35:01","h":"Est","s":"25N-H54NV10A-80-A"},{"r":"189","t":"25:35:01","h":"Est","s":"25N-H54NV20A-80-A"},{"r":"189","t":"25:35:01","h":"Est","s":"25S-H54S000A-83-A"},{"r":"189","t":"25:37:01","h":"Est","s":"25N-H54N000I-80-I"},{"r":"189","t":"25:37:01","h":"Est","s":"25N-H54N100F-80-F1"},{"r":"189","t":"25:37:01","h":"Est","s":"25N-H54N200F-80-F2"},{"r":"189","t":"25:37:01","h":"Est","s":"25N-H54N300F-80-F3"},{"r":"189","t":"25:37:01","h":"Est","s":"25N-H54N400F-80-F4"},{"r":"189","t":"25:37:01","h":"Est","s":"25N-H54NV10I-80-I"},{"r":"189","t":"25:37:01","h":"Est","s":"25N-H54NV20I-80-I"},{"r":"189","t":"25:37:01","h":"Est","s":"25S-H54S000I-82-I"},{"r":"189","t":"25:37:01","h":"Est","s":"25S-H54S100F-80-F1"},{"r":"189","t":"25:37:01","h":"Est","s":"25S-H54S200F-80-F2"},{"r":"189","t":"25:37:25","h":"Est","s":"25N-H54N000S-80-S"},{"r":"189","t":"25:37:25","h":"Est","s":"25N-H54NV10S-82-S"},{"r":"189","t":"25:37:25","h":"Est","s":"25N-H54NV20S-80-S"},{"r":"189","t":"25:37:25","h":"Est","s":"25S-H54S000S-82-S"},{"r":"189","t":"26:05:01","h":"Est","s":"25N-H54N000A-80-A"},{"r":"189","t":"26:05:01","h":"Est","s":"25N-H54NV10A-80-A"},{"r":"189","t":"26:05:01","h":"Est","s":"25N-H54NV20A-80-A"},{"r":"189","t":"26:05:01","h":"Est","s":"25S-H54S000A-83-A"},{"r":"362","t":"26:12:40","h":"Est","s":"25N-H54N000S-80-S"},{"r":"362","t":"26:12:40","h":"Est","s":"25N-H54NV10S-82-S"},{"r":"362","t":"26:12:40","h":"Est","s":"25N-H54NV20S-80-S"},{"r":"362","t":"26:12:40","h":"Est","s":"25S-H54S000S-82-S"},{"r":"362","t":"26:13:40","h":"Est","s":"25N-H54N000I-80-I"},{"r":"362","t":"26:13:40","h":"Est","s":"25N-H54N100F-80-F1"},{"r":"362","t":"26:13:40","h":"Est","s":"25N-H54N200F-80-F2"},{"r":"362","t":"26:13:40","h":"Est","s":"25N-H54N300F-80-F3"},{"r":"362","t":"26:13:40","h":"Est","s":"25N-H54N400F-80-F4"},{"r":"362","t":"26:13:40","h":"Est","s":"25N-H54NV10I-80-I"},{"r":"362","t":"26:13:40","h":"Est","s":"25N-H54NV20I-80-I"},{"r":"362","t":"26:13:40","h":"Est","s":"25S-H54S000I-82-I"},{"r":"362","t":"26:13:40","h":"Est","s":"25S-H54S100F-80-F1"},{"r":"362","t":"26:13:40","h":"Est","s":"25S-H54S200F-80-F2"},{"r":"362","t":"26:57:40","h":"Est","s":"25N-H54N000S-80-S"},{"r":"362","t":"26:57:40","h":"Est","s":"25N-H54NV10S-82-S"},{"r":"362","t":"26:57:40","h":"Est","s":"25N-H54NV20S-80-S"},{"r":"362","t":"26:57:40","h":"Est","s":"25S-H54S000S-82-S"},{"r":"362","t":"26:58:40","h":"Est","s":"25N-H54N000A-80-A"},{"r":"362","t":"26:58:40","h":"Est","s":"25N-H54N000I-80-I"},{"r":"362","t":"26:58:40","h":"Est","s":"25N-H54N100F-80-F1"},{"r":"362","t":"26:58:40","h":"Est","s":"25N-H54N200F-80-F2"},{"r":"362","t":"26:58:40","h":"Est","s":"25N-H54N300F-80-F3"},{"r":"362","t":"26:58:40","h":"Est","s":"25N-H54N400F-80-F4"},{"r":"362","t":"26:58:40","h":"Est","s":"25N-H54NV10A-80-A"},{"r":"362","t":"26:58:40","h":"Est","s":"25N-H54NV10I-80-I"},{"r":"362","t":"26:58:40","h":"Est","s":"25N-H54NV20A-80-A"},{"r":"362","t":"26:58:40","h":"Est","s":"25N-H54NV20I-80-I"},{"r":"362","t":"26:58:40","h":"Est","s":"25S-H54S000A-83-A"},{"r":"362","t":"26:58:40","h":"Est","s":"25S-H54S000I-82-I"},{"r":"362","t":"26:58:40","h":"Est","s":"25S-H54S100F-80-F1"},{"r":"362","t":"26:58:40","h":"Est","s":"25S-H54S200F-80-F2"},{"r":"362","t":"27:42:40","h":"Est","s":"25N-H54N000I-80-I"},{"r":"362","t":"27:42:40","h":"Est","s":"25N-H54N000S-80-S"},{"r":"362","t":"27:42:40","h":"Est","s":"25N-H54N100F-80-F1"},{"r":"362","t":"27:42:40","h":"Est","s":"25N-H54N200F-80-F2"},{"r":"362","t":"27:42:40","h":"Est","s":"25N-H54N300F-80-F3"},{"r":"362","t":"27:42:40","h":"Est","s":"25N-H54N400F-80-F4"},{"r":"362","t":"27:42:40","h":"Est","s":"25N-H54NV10I-80-I"},{"r":"362","t":"27:42:40","h":"Est","s":"25N-H54NV10S-82-S"},{"r":"362","t":"27:42:40","h":"Est","s":"25N-H54NV20I-80-I"},{"r":"362","t":"27:42:40","h":"Est","s":"25N-H54NV20S-80-S"},{"r":"362","t":"27:42:40","h":"Est","s":"25S-H54S000I-82-I"},{"r":"362","t":"27:42:40","h":"Est","s":"25S-H54S000S-82-S"},{"r":"362","t":"27:42:40","h":"Est","s":"25S-H54S100F-80-F1"},{"r":"362","t":"27:42:40","h":"Est","s":"25S-H54S200F-80-F2"},{"r":"362","t":"27:43:40","h":"Est","s":"25N-H54N000A-80-A"},{"r":"362","t":"27:43:40","h":"Est","s":"25N-H54NV10A-80-A"},{"r":"362","t":"27:43:40","h":"Est","s":"25N-H54NV20A-80-A"},{"r":"362","t":"27:43:40","h":"Est","s":"25S-H54S000A-83-A"},{"r":"362","t":"28:27:40","h":"Est","s":"25N-H54N000I-80-I"},{"r":"362","t":"28:27:40","h":"Est","s":"25N-H54N000S-80-S"},{"r":"362","t":"28:27:40","h":"Est","s":"25N-H54N100F-80-F1"},{"r":"362","t":"28:27:40","h":"Est","s":"25N-H54N200F-80-F2"},{"r":"362","t":"28:27:40","h":"Est","s":"25N-H54N300F-80-F3"},{"r":"362","t":"28:27:40","h":"Est","s":"25N-H54N400F-80-F4"},{"r":"362","t":"28:27:40","h":"Est","s":"25N-H54NV10I-80-I"},{"r":"362","t":"28:27:40","h":"Est","s":"25N-H54NV10S-82-S"},{"r":"362","t":"28:27:40","h":"Est","s":"25N-H54NV20I-80-I"},{"r":"362","t":"28:27:40","h":"Est","s":"25N-H54NV20S-80-S"},{"r":"362","t":"28:27:40","h":"Est","s":"25S-H54S000I-82-I"},{"r":"362","t":"28:27:40","h":"Est","s":"25S-H54S000S-82-S"},{"r":"362","t":"28:27:40","h":"Est","s":"25S-H54S100F-80-F1"},{"r":"362","t":"28:27:40","h":"Est","s":"25S-H54S200F-80-F2"},{"r":"362","t":"28:28:40","h":"Est","s":"25N-H54N000A-80-A"},{"r":"362","t":"28:28:40","h":"Est","s":"25N-H54NV10A-80-A"},{"r":"362","t":"28:28:40","h":"Est","s":"25N-H54NV20A-80-A"},{"r":"362","t":"28:28:40","h":"Est","s":"25S-H54S000A-83-A"},{"r":"362","t":"29:12:40","h":"Est","s":"25N-H54N000I-80-I"},{"r":"362","t":"29:12:40","h":"Est","s":"25N-H54N000S-80-S"},{"r":"362","t":"29:12:40","h":"Est","s":"25N-H54N100F-80-F1"},{"r":"362","t":"29:12:40","h":"Est","s":"25N-H54N200F-80-F2"},{"r":"362","t":"29:12:40","h":"Est","s":"25N-H54N300F-80-F3"},{"r":"362","t":"29:12:40","h":"Est","s":"25N-H54N400F-80-F4"},{"r":"362","t":"29:12:40","h":"Est","s":"25N-H54NV10I-80-I"},{"r":"362","t":"29:12:40","h":"Est","s":"25N-H54NV10S-82-S"},{"r":"362","t":"29:12:40","h":"Est","s":"25N-H54NV20I-80-I"},{"r":"362","t":"29:12:40","h":"Est","s":"25N-H54NV20S-80-S"},{"r":"362","t":"29:12:40","h":"Est","s":"25S-H54S000I-82-I"},{"r":"362","t":"29:12:40","h":"Est","s":"25S-H54S000S-82-S"},{"r":"362","t":"29:12:40","h":"Est","s":"25S-H54S100F-80-F1"},{"r":"362","t":"29:12:40","h":"Est","s":"25S-H54S200F-80-F2"},{"r":"362","t":"29:13:40","h":"Est","s":"25N-H54N000A-80-A"},{"r":"362","t":"29:13:40","h":"Est","s":"25N-H54NV10A-80-A"},{"r":"362","t":"29:13:40","h":"Est","s":"25N-H54NV20A-80-A"},{"r":"362","t":"29:13:40","h":"Est","s":"25S-H54S000A-83-A"}]