[{"r":"28","t":"05:33:20","h":"Nord","s":"25N-H54N000I-80-I"},{"r":"28","t":"05:33:20","h":"Nord","s":"25N-H54N100F-80-F1"},{"r":"28","t":"05:33:20","h":"Nord","s":"25N-H54N200F-80-F2"},{"r":"28","t":"05:33:20","h":"Nord","s":"25N-H54N300F-80-F3"},{"r":"28","t":"05:33:20","h":"Nord","s":"25N-H54N400F-80-F4"},{"r":"28","t":"05:33:20","h":"Nord","s":"25N-H54NV10I-80-I"},{"r":"28","t":"05:33:20","h":"Nord","s":"25N-H54NV20I-80-I"},{"r":"28","t":"05:33:20","h":"Nord","s":"25S-H54S000I-82-I"},{"r":"28","t":"05:33:20","h":"Nord","s":"25S-H54S100F-80-F1"},{"r":"28","t":"05:33:20","h":"Nord","s":"25S-H54S200F-80-F2"},{"r":"28","t":"05:34:20","h":"Nord","s":"25N-H54N000A-80-A"},{"r":"28","t":"05:34:20","h":"Nord","s":"25N-H54NV10A-80-A"},{"r":"28","t":"05:34:20","h":"Nord","s":"25N-H54NV20A-80-A"},{"r":"28","t":"05:34:20","h":"Nord","s":"25S-H54S000A-83-A"},{"r":"28","t":"05:37:40","h":"Nord","s":"25N-H54N000S-80-S"},{"r":"28","t":"05:37:40","h":"Nord","s":"25N-H54NV10S-82-S"},{"r":"28","t":"05:37:40","h":"Nord","s":"25N-H54NV20S-80-S"},{"r":"28","t":"05:37:40","h":"Nord","s":"25S-H54S000S-82-S"},{"r":"28","t":"05:56:20","h":"Nord","s":"25N-H54N000I-80-I"},{"r":"28","t":"05:56:20","h":"Nord","s":"25N-H54N100F-80-F1"},{"r":"28","t":"05:56:20","h":"Nord","s":"25N-H54N200F-80-F2"},{"r":"28","t":"05:56:20","h":"Nord","s":"25N-H54N300F-80-F3"},{"r":"28","t":"05:56:20","h":"Nord","s":"25N-H54N400F-80-F4"},{"r":"28","t":"05:56:20","h":"Nord","s":"25N-H54NV10I-80-I"},{"r":"28","t":"05:56:20","h":"Nord","s":"25N-H54NV20I-80-I"},{"r":"28","t":"05:56:20","h":"Nord","s":"25S-H54S000I-82-I"},{"r":"28","t":"05:56:20","h":"Nord","s":"25S-H54S100F-80-F1"},{"r":"28","t":"05:56:20","h":"Nord","s":"25S-H54S200F-80-F2"},{"r":"28","t":"06:03:20","h":"Nord","s":"25N-H54N000A-80-A"},{"r":"28","t":"06:03:20","h":"Nord","s":"25N-H54NV10A-80-A"},{"r":"28","t":"06:03:20","h":"Nord","s":"25N-H54NV20A-80-A"},{"r":"28","t":"06:03:20","h":"Nord","s":"25S-H54S000A-83-A"},{"r":"28","t":"06:10:40","h":"Nord","s":"25N-H54N000S-80-S"},{"r":"28","t":"06:10:40","h":"Nord","s":"25N-H54NV10S-82-S"},{"r":"28","t":"06:10:40","h":"Nord","s":"25N-H54NV20S-80-S"},{"r":"28","t":"06:10:40","h":"Nord","s":"25S-H54S000S-82-S"},{"r":"28","t":"06:25:40","h":"Nord","s":"25N-H54N000S-80-S"},{"r":"28","t":"06:25:40","h":"Nord","s":"25N-H54NV10S-82-S"},{"r":"28","t":"06:25:40","h":"Nord","s":"25N-H54NV20S-80-S"},{"r":"28","t":"06:25:40","h":"Nord","s":"25S-H54S000S-82-S"},{"r":"28","t":"06:30:20","h":"Nord","s":"25N-H54N000I-80-I"},{"r":"28","t":"06:30:20","h":"Nord","s":"25N-H54N100F-80-F1"},{"r":"28","t":"06:30:20","h":"Nord","s":"25N-H54N200F-80-F2"},{"r":"28","t":"06:30:20","h":"Nord","s":"25N-H54N300F-80-F3"},{"r":"28","t":"06:30:20","h":"Nord","s":"25N-H54N400F-80-F4"},{"r":"28","t":"06:30:20","h":"Nord","s":"25N-H54NV10I-80-I"},{"r":"28","t":"06:30:20","h":"Nord","s":"25N-H54NV20I-80-I"},{"r":"28","t":"06:30:20","h":"Nord","s":"25S-H54S000I-82-I"},{"r":"28","t":"06:30:20","h":"Nord","s":"25S-H54S100F-80-F1"},{"r":"28","t":"06:30:20","h":"Nord","s":"25S-H54S200F-80-F2"},{"r":"28","t":"06:35:20","h":"Nord","s":"25N-H54N000A-80-A"},{"r":"28","t":"06:35:20","h":"Nord","s":"25N-H54NV10A-80-A"},{"r":"28","t":"06:35:20","h":"Nord","s":"25N-H54NV20A-80-A"},{"r":"28","t":"06:35:20","h":"Nord","s":"25S-H54S000A-83-A"},{"r":"28","t":"06:37:40","h":"Nord","s":"25N-H54N000S-80-S"},{"r":"28","t":"06:37:40","h":"Nord","s":"25N-H54NV10S-82-S"},{"r":"28","t":"06:37:40","h":"Nord","s":"25N-H54NV20S-80-S"},{"r":"28","t":"06:37:40","h":"Nord","s":"25S-H54S000S-82-S"},{"r":"28","t":"06:48:40","h":"Nord","s":"25N-H54N000S-80-S"},{"r":"28","t":"06:48:40","h":"Nord","s":"25N-H54NV10S-82-S"},{"r":"28","t":"06:48:40","h":"Nord","s":"25N-H54NV20S-80-S"},{"r":"28","t":"06:48:40","h":"Nord","s":"25S-H54S000S-82-S"},{"r":"28","t":"06:58:40","h":"Nord","s":"25N-H59N000S-80-S"},{"r":"28","t":"06:58:40","h":"Nord","s":"25N-H59NV10S-84-S"},{"r":"28","t":"06:58:40","h":"Nord","s":"25N-H59NV20S-80-S"},{"r":"28","t":"06:58:40","h":"Nord","s":"25S-H59S000S-81-S"},{"r":"28","t":"07:02:20","h":"Nord","s":"25N-H54N000I-80-I"},{"r":"28","t":"07:02:20","h":"Nord","s":"25N-H54N100F-80-F1"},{"r":"28","t":"07:02:20","h":"Nord","s":"25N-H54N200F-80-F2"},{"r":"28","t":"07:02:20","h":"Nord","s":"25N-H54N300F-80-F3"},{"r":"28","t":"07:02:20","h":"Nord","s":"25N-H54N400F-80-F4"},{"r":"28","t":"07:02:20","h":"Nord","s":"25N-H54NV10I-80-I"},{"r":"28","t":"07:02:20","h":"Nord","s":"25N-H54NV20I-80-I"},{"r":"28","t":"07:02:20","h":"Nord","s":"25S-H54S000I-82-I"},{"r":"28","t":"07:02:20","h":"Nord","s":"25S-H54S100F-80-F1"},{"r":"28","t":"07:02:20","h":"Nord","s":"25S-H54S200F-80-F2"},{"r":"28","t":"07:07:40","h":"Nord","s":"25N-H54N000A-80-A"},{"r":"28","t":"07:07:40","h":"Nord","s":"25N-H54NV10A-80-A"},{"r":"28","t":"07:07:40","h":"Nord","s":"25N-H54NV20A-80-A"},{"r":"28","t":"07:07:40","h":"Nord","s":"25S-H54S000A-83-A"},{"r":"28","t":"07:09:40","h":"Nord","s":"25N-H54N000S-80-S"},{"r":"28","t":"07:09:40","h":"Nord","s":"25N-H54NV10S-82-S"},{"r":"28","t":"07:09:40","h":"Nord","s":"25N-H54NV20S-80-S"},{"r":"28","t":"07:09:40","h":"Nord","s":"25S-H54S000S-82-S"},{"r":"28","t":"07:21:40","h":"Nord","s":"25N-H54N000S-80-S"},{"r":"28","t":"07:21:40","h":"Nord","s":"25N-H54NV10S-82-S"},{"r":"28","t":"07:21:40","h":"Nord","s":"25N-H54NV20S-80-S"},{"r":"28","t":"07:21:40","h":"Nord","s":"25S-H54S000S-82-S"},{"r":"28","t":"07:31:40","h":"Nord","s":"25N-H54N000S-80-S"},{"r":"28","t":"07:31:40","h":"Nord","s":"25N-H54NV10S-82-S"},{"r":"28","t":"07:31:40","h":"Nord","s":"25N-H54NV20S-80-S"},{"r":"28","t":"07:31:40","h":"Nord","s":"25S-H54S000S-82-S"},{"r":"28","t":"07:35:20","h":"Nord","s":"25N-H54N000I-80-I"},{"r":"28","t":"07:35:20","h":"Nord","s":"25N-H54N100F-80-F1"},{"r":"28","t":"07:35:20","h":"Nord","s":"25N-H54N200F-80-F2"},{"r":"28","t":"07:35:20","h":"Nord","s":"25N-H54N300F-80-F3"},{"r":"28","t":"07:35:20","h":"Nord","s":"25N-H54N400F-80-F4"},{"r":"28","t":"07:35:20","h":"Nord","s":"25N-H54NV10I-80-I"},{"r":"28","t":"07:35:20","h":"Nord","s":"25N-H54NV20I-80-I"},{"r":"28","t":"07:35:20","h":"Nord","s":"25S-H54S000I-82-I"},{"r":"28","t":"07:35:20","h":"Nord","s":"25S-H54S100F-80-F1"},{"r":"28","t":"07:35:20","h":"Nord","s":"25S-H54S200F-80-F2"},{"r":"28","t":"07:39:40","h":"Nord","s":"25N-H54N000A-80-A"},{"r":"28","t":"07:39:40","h":"Nord","s":"25N-H54NV10A-80-A"},{"r":"28","t":"07:39:40","h":"Nord","s":"25N-H54NV20A-80-A"},{"r":"28","t":"07:39:40","h":"Nord","s":"25S-H54S000A-83-A"},{"r":"28","t":"07:41:40","h":"Nord","s":"25N-H58N000S-80-S"},{"r":"28","t":"07:41:40","h":"Nord","s":"25N-H58NV10S-80-S"},{"r":"28","t":"07:41:40","h":"Nord","s":"25N-H58NV20S-80-S"},{"r":"28","t":"07:41:40","h":"Nord","s":"25S-H58S000S-80-S"},{"r":"28","t":"07:50:40","h":"Nord","s":"25N-H54N000S-80-S"},{"r":"28","t":"07:50:40","h":"Nord","s":"25N-H54NV10S-82-S"},{"r":"28","t":"07:50:40","h":"Nord","s":"25N-H54NV20S-80-S"},{"r":"28","t":"07:50:40","h":"Nord","s":"25S-H54S000S-82-S"},{"r":"28","t":"07:58:40","h":"Nord","s":"25N-H54N000S-80-S"},{"r":"28","t":"07:58:40","h":"Nord","s":"25N-H54NV10S-82-S"},{"r":"28","t":"07:58:40","h":"Nord","s":"25N-H54NV20S-80-S"},{"r":"28","t":"07:58:40","h":"Nord","s":"25S-H54S000S-82-S"},{"r":"28","t":"08:06:40","h":"Nord","s":"25N-H54N000S-80-S"},{"r":"28","t":"08:06:40","h":"Nord","s":"25N-H54NV10S-82-S"},{"r":"28","t":"08:06:40","h":"Nord","s":"25N-H54NV20S-80-S"},{"r":"28","t":"08:06:40","h":"Nord","s":"25S-H54S000S-82-S"},{"r":"28","t":"08:07:20","h":"Nord","s":"25N-H54N000I-80-I"},{"r":"28","t":"08:07:20","h":"Nord","s":"25N-H54N100F-80-F1"},{"r":"28","t":"08:07:20","h":"Nord","s":"25N-H54N200F-80-F2"},{"r":"28","t":"08:07:20","h":"Nord","s":"25N-H54N300F-80-F3"},{"r":"28","t":"08:07:20","h":"Nord","s":"25N-H54N400F-80-F4"},{"r":"28","t":"08:07:20","h":"Nord","s":"25N-H54NV10I-80-I"},{"r":"28","t":"08:07:20","h":"Nord","s":"25N-H54NV20I-80-I"},{"r":"28","t":"08:07:20","h":"Nord","s":"25S-H54S000I-82-I"},{"r":"28","t":"08:07:20","h":"Nord","s":"25S-H54S100F-80-F1"},{"r":"28","t":"08:07:20","h":"Nord","s":"25S-H54S200F-80-F2"},{"r":"28","t":"08:12:40","h":"Nord","s":"25N-H54N000A-80-A"},{"r":"28","t":"08:12:40","h":"Nord","s":"25N-H54NV10A-80-A"},{"r":"28","t":"08:12:40","h":"Nord","s":"25N-H54NV20A-80-A"},{"r":"28","t":"08:12:40","h":"Nord","s":"25S-H54S000A-83-A"},{"r":"28","t":"08:16:40","h":"Nord","s":"25N-H54N000S-80-S"},{"r":"28","t":"08:16:40","h":"Nord","s":"25N-H54NV10S-82-S"},{"r":"28","t":"08:16:40","h":"Nord","s":"25N-H54NV20S-80-S"},{"r":"28","t":"08:16:40","h":"Nord","s":"25S-H54S000S-82-S"},{"r":"28","t":"08:27:40","h":"Nord","s":"25N-H54N000S-80-S"},{"r":"28","t":"08:27:40","h":"Nord","s":"25N-H54NV10S-82-S"},{"r":"28","t":"08:27:40","h":"Nord","s":"25N-H54NV20S-80-S"},{"r":"28","t":"08:27:40","h":"Nord","s":"25S-H54S000S-82-S"},{"r":"28","t":"08:39:20","h":"Nord","s":"25N-H54N000I-80-I"},{"r":"28","t":"08:39:20","h":"Nord","s":"25N-H54N100F-80-F1"},{"r":"28","t":"08:39:20","h":"Nord","s":"25N-H54N200F-80-F2"},{"r":"28","t":"08:39:20","h":"Nord","s":"25N-H54N300F-80-F3"},{"r":"28","t":"08:39:20","h":"Nord","s":"25N-H54N400F-80-F4"},{"r":"28","t":"08:39:20","h":"Nord","s":"25N-H54NV10I-80-I"},{"r":"28","t":"08:39:20","h":"Nord","s":"25N-H54NV20I-80-I"},{"r":"28","t":"08:39:20","h":"Nord","s":"25S-H54S000I-82-I"},{"r":"28","t":"08:39:20","h":"Nord","s":"25S-H54S100F-80-F1"},{"r":"28","t":"08:39:20","h":"Nord","s":"25S-H54S200F-80-F2"},{"r":"28","t":"08:40:40","h":"Nord","s":"25N-H54N000S-80-S"},{"r":"28","t":"08:40:40","h":"Nord","s":"25N-H54NV10S-82-S"},{"r":"28","t":"08:40:40","h":"Nord","s":"25N-H54NV20S-80-S"},{"r":"28","t":"08:40:40","h":"Nord","s":"25S-H54S000S-82-S"},{"r":"28","t":"08:45:40","h":"Nord","s":"25N-H54N000A-80-A"},{"r":"28","t":"08:45:40","h":"Nord","s":"25N-H54NV10A-80-A"},{"r":"28","t":"08:45:40","h":"Nord","s":"25N-H54NV20A-80-A"},{"r":"28","t":"08:45:40","h":"Nord","s":"25S-H54S000A-83-A"},{"r":"28","t":"08:53:40","h":"Nord","s":"25N-H54N000S-80-S"},{"r":"28","t":"08:53:40","h":"Nord","s":"25N-H54NV10S-82-S"},{"r":"28","t":"08:53:40","h":"Nord","s":"25N-H54NV20S-80-S"},{"r":"28","t":"08:53:40","h":"Nord","s":"25S-H54S000S-82-S"},{"r":"28","t":"09:11:20","h":"Nord","s":"25N-H54N000I-80-I"},{"r":"28","t":"09:11:20","h":"Nord","s":"25N-H54N100F-80-F1"},{"r":"28","t":"09:11:20","h":"Nord","s":"25N-H54N200F-80-F2"},{"r":"28","t":"09:11:20","h":"Nord","s":"25N-H54N300F-80-F3"},{"r":"28","t":"09:11:20","h":"Nord","s":"25N-H54N400F-80-F4"},{"r":"28","t":"09:11:20","h":"Nord","s":"25N-H54NV10I-80-I"},{"r":"28","t":"09:11:20","h":"Nord","s":"25N-H54NV20I-80-I"},{"r":"28","t":"09:11:20","h":"Nord","s":"25S-H54S000I-82-I"},{"r":"28","t":"09:11:20","h":"Nord","s":"25S-H54S100F-80-F1"},{"r":"28","t":"09:11:20","h":"Nord","s":"25S-H54S200F-80-F2"},{"r":"28","t":"09:17:40","h":"Nord","s":"25N-H54N000S-80-S"},{"r":"28","t":"09:17:40","h":"Nord","s":"25N-H54NV10S-82-S"},{"r":"28","t":"09:17:40","h":"Nord","s":"25N-H54NV20S-80-S"},{"r":"28","t":"09:17:40","h":"Nord","s":"25S-H54S000S-82-S"},{"r":"28","t":"09:18:40","h":"Nord","s":"25N-H54N000A-80-A"},{"r":"28","t":"09:18:40","h":"Nord","s":"25N-H54NV10A-80-A"},{"r":"28","t":"09:18:40","h":"Nord","s":"25N-H54NV20A-80-A"},{"r":"28","t":"09:18:40","h":"Nord","s":"25S-H54S000A-83-A"},{"r":"28","t":"09:44:20","h":"Nord","s":"25N-H54N000I-80-I"},{"r":"28","t":"09:44:20","h":"Nord","s":"25N-H54N100F-80-F1"},{"r":"28","t":"09:44:20","h":"Nord","s":"25N-H54N200F-80-F2"},{"r":"28","t":"09:44:20","h":"Nord","s":"25N-H54N300F-80-F3"},{"r":"28","t":"09:44:20","h":"Nord","s":"25N-H54N400F-80-F4"},{"r":"28","t":"09:44:20","h":"Nord","s":"25N-H54NV10I-80-I"},{"r":"28","t":"09:44:20","h":"Nord","s":"25N-H54NV20I-80-I"},{"r":"28","t":"09:44:20","h":"Nord","s":"25S-H54S000I-82-I"},{"r":"28","t":"09:44:20","h":"Nord","s":"25S-H54S100F-80-F1"},{"r":"28","t":"09:44:20","h":"Nord","s":"25S-H54S200F-80-F2"},{"r":"28","t":"09:47:40","h":"Nord","s":"25N-H54N000S-80-S"},{"r":"28","t":"09:47:40","h":"Nord","s":"25N-H54NV10S-82-S"},{"r":"28","t":"09:47:40","h":"Nord","s":"25N-H54NV20S-80-S"},{"r":"28","t":"09:47:40","h":"Nord","s":"25S-H54S000S-82-S"},{"r":"28","t":"09:51:40","h":"Nord","s":"25N-H54N000A-80-A"},{"r":"28","t":"09:51:40","h":"Nord","s":"25N-H54NV10A-80-A"},{"r":"28","t":"09:51:40","h":"Nord","s":"25N-H54NV20A-80-A"},{"r":"28","t":"09:51:40","h":"Nord","s":"25S-H54S000A-83-A"},{"r":"28","t":"10:16:20","h":"Nord","s":"25N-H54N000I-80-I"},{"r":"28","t":"10:16:20","h":"Nord","s":"25N-H54N100F-80-F1"},{"r":"28","t":"10:16:20","h":"Nord","s":"25N-H54N200F-80-F2"},{"r":"28","t":"10:16:20","h":"Nord","s":"25N-H54N300F-80-F3"},{"r":"28","t":"10:16:20","h":"Nord","s":"25N-H54N400F-80-F4"},{"r":"28","t":"10:16:20","h":"Nord","s":"25N-H54NV10I-80-I"},{"r":"28","t":"10:16:20","h":"Nord","s":"25N-H54NV20I-80-I"},{"r":"28","t":"10:16:20","h":"Nord","s":"25S-H54S000I-82-I"},{"r":"28","t":"10:16:20","h":"Nord","s":"25S-H54S100F-80-F1"},{"r":"28","t":"10:16:20","h":"Nord","s":"25S-H54S200F-80-F2"},{"r":"28","t":"10:18:40","h":"Nord","s":"25N-H54N000S-80-S"},{"r":"28","t":"10:18:40","h":"Nord","s":"25N-H54NV10S-82-S"},{"r":"28","t":"10:18:40","h":"Nord","s":"25N-H54NV20S-80-S"},{"r":"28","t":"10:18:40","h":"Nord","s":"25S-H54S000S-82-S"},{"r":"28","t":"10:23:40","h":"Nord","s":"25N-H54N000A-80-A"},{"r":"28","t":"10:23:40","h":"Nord","s":"25N-H54NV10A-80-A"},{"r":"28","t":"10:23:40","h":"Nord","s":"25N-H54NV20A-80-A"},{"r":"28","t":"10:23:40","h":"Nord","s":"25S-H54S000A-83-A"},{"r":"28","t":"10:48:40","h":"Nord","s":"25N-H54N000S-80-S"},{"r":"28","t":"10:48:40","h":"Nord","s":"25N-H54NV10S-82-S"},{"r":"28","t":"10:48:40","h":"Nord","s":"25N-H54NV20S-80-S"},{"r":"28","t":"10:48:40","h":"Nord","s":"25S-H54S000S-82-S"},{"r":"28","t":"10:49:20","h":"Nord","s":"25N-H54N000I-80-I"},{"r":"28","t":"10:49:20","h":"Nord","s":"25N-H54N100F-80-F1"},{"r":"28","t":"10:49:20","h":"Nord","s":"25N-H54N200F-80-F2"},{"r":"28","t":"10:49:20","h":"Nord","s":"25N-H54N300F-80-F3"},{"r":"28","t":"10:49:20","h":"Nord","s":"25N-H54N400F-80-F4"},{"r":"28","t":"10:49:20","h":"Nord","s":"25N-H54NV10I-80-I"},{"r":"28","t":"10:49:20","h":"Nord","s":"25N-H54NV20I-80-I"},{"r":"28","t":"10:49:20","h":"Nord","s":"25S-H54S000I-82-I"},{"r":"28","t":"10:49:20","h":"Nord","s":"25S-H54S100F-80-F1"},{"r":"28","t":"10:49:20","h":"Nord","s":"25S-H54S200F-80-F2"},{"r":"28","t":"10:56:40","h":"Nord","s":"25N-H54N000A-80-A"},{"r":"28","t":"10:56:40","h":"Nord","s":"25N-H54NV10A-80-A"},{"r":"28","t":"10:56:40","h":"Nord","s":"25N-H54NV20A-80-A"},{"r":"28","t":"10:56:40","h":"Nord","s":"25S-H54S000A-83-A"},{"r":"28","t":"11:13:20","h":"Nord","s":"25N-H54N000I-80-I"},{"r":"28","t":"11:13:20","h":"Nord","s":"25N-H54N100F-80-F1"},{"r":"28","t":"11:13:20","h":"Nord","s":"25N-H54N200F-80-F2"},{"r":"28","t":"11:13:20","h":"Nord","s":"25N-H54N300F-80-F3"},{"r":"28","t":"11:13:20","h":"Nord","s":"25N-H54N400F-80-F4"},{"r":"28","t":"11:13:20","h":"Nord","s":"25N-H54NV10I-80-I"},{"r":"28","t":"11:13:20","h":"Nord","s":"25N-H54NV20I-80-I"},{"r":"28","t":"11:13:20","h":"Nord","s":"25S-H54S000I-82-I"},{"r":"28","t":"11:13:20","h":"Nord","s":"25S-H54S100F-80-F1"},{"r":"28","t":"11:13:20","h":"Nord","s":"25S-H54S200F-80-F2"},{"r":"28","t":"11:19:40","h":"Nord","s":"25N-H54N000S-80-S"},{"r":"28","t":"11:19:40","h":"Nord","s":"25N-H54NV10S-82-S"},{"r":"28","t":"11:19:40","h":"Nord","s":"25N-H54NV20S-80-S"},{"r":"28","t":"11:19:40","h":"Nord","s":"25S-H54S000S-82-S"},{"r":"28","t":"11:27:40","h":"Nord","s":"25N-H54N000A-80-A"},{"r":"28","t":"11:27:40","h":"Nord","s":"25N-H54NV10A-80-A"},{"r":"28","t":"11:27:40","h":"Nord","s":"25N-H54NV20A-80-A"},{"r":"28","t":"11:27:40","h":"Nord","s":"25S-H54S000A-83-A"},{"r":"28","t":"11:37:20","h":"Nord","s":"25N-H54N000I-80-I"},{"r":"28","t":"11:37:20","h":"Nord","s":"25N-H54N100F-80-F1"},{"r":"28","t":"11:37:20","h":"Nord","s":"25N-H54N200F-80-F2"},{"r":"28","t":"11:37:20","h":"Nord","s":"25N-H54N300F-80-F3"},{"r":"28","t":"11:37:20","h":"Nord","s":"25N-H54N400F-80-F4"},{"r":"28","t":"11:37:20","h":"Nord","s":"25N-H54NV10I-80-I"},{"r":"28","t":"11:37:20","h":"Nord","s":"25N-H54NV20I-80-I"},{"r":"28","t":"11:37:20","h":"Nord","s":"25S-H54S000I-82-I"},{"r":"28","t":"11:37:20","h":"Nord","s":"25S-H54S100F-80-F1"},{"r":"28","t":"11:37:20","h":"Nord","s":"25S-H54S200F-80-F2"},{"r":"28","t":"11:50:40","h":"Nord","s":"25N-H54N000S-80-S"},{"r":"28","t":"11:50:40","h":"Nord","s":"25N-H54NV10S-82-S"},{"r":"28","t":"11:50:40","h":"Nord","s":"25N-H54NV20S-80-S"},{"r":"28","t":"11:50:40","h":"Nord","s":"25S-H54S000S-82-S"},{"r":"28","t":"11:54:40","h":"Nord","s":"25N-H54N000A-80-A"},{"r":"28","t":"11:54:40","h":"Nord","s":"25N-H54NV10A-80-A"},{"r":"28","t":"11:54:40","h":"Nord","s":"25N-H54NV20A-80-A"},{"r":"28","t":"11:54:40","h":"Nord","s":"25S-H54S000A-83-A"},{"r":"28","t":"12:08:20","h":"Nord","s":"25N-H54N000I-80-I"},{"r":"28","t":"12:08:20","h":"Nord","s":"25N-H54N100F-80-F1"},{"r":"28","t":"12:08:20","h":"Nord","s":"25N-H54N200F-80-F2"},{"r":"28","t":"12:08:20","h":"Nord","s":"25N-H54N300F-80-F3"},{"r":"28","t":"12:08:20","h":"Nord","s":"25N-H54N400F-80-F4"},{"r":"28","t":"12:08:20","h":"Nord","s":"25N-H54NV10I-80-I"},{"r":"28","t":"12:08:20","h":"Nord","s":"25N-H54NV20I-80-I"},{"r":"28","t":"12:08:20","h":"Nord","s":"25S-H54S000I-82-I"},{"r":"28","t":"12:08:20","h":"Nord","s":"25S-H54S100F-80-F1"},{"r":"28","t":"12:08:20","h":"Nord","s":"25S-H54S200F-80-F2"},{"r":"28","t":"12:22:40","h":"Nord","s":"25N-H54N000A-80-A"},{"r":"28","t":"12:22:40","h":"Nord","s":"25N-H54NV10A-80-A"},{"r":"28","t":"12:22:40","h":"Nord","s":"25N-H54NV20A-80-A"},{"r":"28","t":"12:22:40","h":"Nord","s":"25S-H54S000A-83-A"},{"r":"28","t":"12:23:40","h":"Nord","s":"25N-H54N000S-80-S"},{"r":"28","t":"12:23:40","h":"Nord","s":"25N-H54NV10S-82-S"},{"r":"28","t":"12:23:40","h":"Nord","s":"25N-H54NV20S-80-S"},{"r":"28","t":"12:23:40","h":"Nord","s":"25S-H54S000S-82-S"},{"r":"28","t":"12:39:20","h":"Nord","s":"25N-H54N000I-80-I"},{"r":"28","t":"12:39:20","h":"Nord","s":"25N-H54N100F-80-F1"},{"r":"28","t":"12:39:20","h":"Nord","s":"25N-H54N200F-80-F2"},{"r":"28","t":"12:39:20","h":"Nord","s":"25N-H54N300F-80-F3"},{"r":"28","t":"12:39:20","h":"Nord","s":"25N-H54N400F-80-F4"},{"r":"28","t":"12:39:20","h":"Nord","s":"25N-H54NV10I-80-I"},{"r":"28","t":"12:39:20","h":"Nord","s":"25N-H54NV20I-80-I"},{"r":"28","t":"12:39:20","h":"Nord","s":"25S-H54S000I-82-I"},{"r":"28","t":"12:39:20","h":"Nord","s":"25S-H54S100F-80-F1"},{"r":"28","t":"12:39:20","h":"Nord","s":"25S-H54S200F-80-F2"},{"r":"28","t":"12:49:40","h":"Nord","s":"25N-H54N000A-80-A"},{"r":"28","t":"12:49:40","h":"Nord","s":"25N-H54NV10A-80-A"},{"r":"28","t":"12:49:40","h":"Nord","s":"25N-H54NV20A-80-A"},{"r":"28","t":"12:49:40","h":"Nord","s":"25S-H54S000A-83-A"},{"r":"28","t":"12:54:40","h":"Nord","s":"25N-H54N000S-80-S"},{"r":"28","t":"12:54:40","h":"Nord","s":"25N-H54NV10S-82-S"},{"r":"28","t":"12:54:40","h":"Nord","s":"25N-H54NV20S-80-S"},{"r":"28","t":"12:54:40","h":"Nord","s":"25S-H54S000S-82-S"},{"r":"28","t":"13:11:20","h":"Nord","s":"25N-H54N000I-80-I"},{"r":"28","t":"13:11:20","h":"Nord","s":"25N-H54N100F-80-F1"},{"r":"28","t":"13:11:20","h":"Nord","s":"25N-H54N200F-80-F2"},{"r":"28","t":"13:11:20","h":"Nord","s":"25N-H54N300F-80-F3"},{"r":"28","t":"13:11:20","h":"Nord","s":"25N-H54N400F-80-F4"},{"r":"28","t":"13:11:20","h":"Nord","s":"25N-H54NV10I-80-I"},{"r":"28","t":"13:11:20","h":"Nord","s":"25N-H54NV20I-80-I"},{"r":"28","t":"13:11:20","h":"Nord","s":"25S-H54S000I-82-I"},{"r":"28","t":"13:11:20","h":"Nord","s":"25S-H54S100F-80-F1"},{"r":"28","t":"13:11:20","h":"Nord","s":"25S-H54S200F-80-F2"},{"r":"28","t":"13:20:40","h":"Nord","s":"25N-H54N000A-80-A"},{"r":"28","t":"13:20:40","h":"Nord","s":"25N-H54NV10A-80-A"},{"r":"28","t":"13:20:40","h":"Nord","s":"25N-H54NV20A-80-A"},{"r":"28","t":"13:20:40","h":"Nord","s":"25S-H54S000A-83-A"},{"r":"28","t":"13:22:40","h":"Nord","s":"25N-H54N000S-80-S"},{"r":"28","t":"13:22:40","h":"Nord","s":"25N-H54NV10S-82-S"},{"r":"28","t":"13:22:40","h":"Nord","s":"25N-H54NV20S-80-S"},{"r":"28","t":"13:22:40","h":"Nord","s":"25S-H54S000S-82-S"},{"r":"28","t":"13:43:20","h":"Nord","s":"25N-H54N000I-80-I"},{"r":"28","t":"13:43:20","h":"Nord","s":"25N-H54N100F-80-F1"},{"r":"28","t":"13:43:20","h":"Nord","s":"25N-H54N200F-80-F2"},{"r":"28","t":"13:43:20","h":"Nord","s":"25N-H54N300F-80-F3"},{"r":"28","t":"13:43:20","h":"Nord","s":"25N-H54N400F-80-F4"},{"r":"28","t":"13:43:20","h":"Nord","s":"25N-H54NV10I-80-I"},{"r":"28","t":"13:43:20","h":"Nord","s":"25N-H54NV20I-80-I"},{"r":"28","t":"13:43:20","h":"Nord","s":"25S-H54S000I-82-I"},{"r":"28","t":"13:43:20","h":"Nord","s":"25S-H54S100F-80-F1"},{"r":"28","t":"13:43:20","h":"Nord","s":"25S-H54S200F-80-F2"},{"r":"28","t":"13:51:40","h":"Nord","s":"25N-H54N000S-80-S"},{"r":"28","t":"13:51:40","h":"Nord","s":"25N-H54NV10S-82-S"},{"r":"28","t":"13:51:40","h":"Nord","s":"25N-H54NV20S-80-S"},{"r":"28","t":"13:51:40","h":"Nord","s":"25S-H54S000S-82-S"},{"r":"28","t":"13:52:40","h":"Nord","s":"25N-H54N000A-80-A"},{"r":"28","t":"13:52:40","h":"Nord","s":"25N-H54NV10A-80-A"},{"r":"28","t":"13:52:40","h":"Nord","s":"25N-H54NV20A-80-A"},{"r":"28","t":"13:52:40","h":"Nord","s":"25S-H54S000A-83-A"},{"r":"28","t":"14:15:20","h":"Nord","s":"25N-H54N000I-80-I"},{"r":"28","t":"14:15:20","h":"Nord","s":"25N-H54N100F-80-F1"},{"r":"28","t":"14:15:20","h":"Nord","s":"25N-H54N200F-80-F2"},{"r":"28","t":"14:15:20","h":"Nord","s":"25N-H54N300F-80-F3"},{"r":"28","t":"14:15:20","h":"Nord","s":"25N-H54N400F-80-F4"},{"r":"28","t":"14:15:20","h":"Nord","s":"25N-H54NV10I-80-I"},{"r":"28","t":"14:15:20","h":"Nord","s":"25N-H54NV20I-80-I"},{"r":"28","t":"14:15:20","h":"Nord","s":"25S-H54S000I-82-I"},{"r":"28","t":"14:15:20","h":"Nord","s":"25S-H54S100F-80-F1"},{"r":"28","t":"14:15:20","h":"Nord","s":"25S-H54S200F-80-F2"},{"r":"28","t":"14:18:40","h":"Nord","s":"25N-H54N000S-80-S"},{"r":"28","t":"14:18:40","h":"Nord","s":"25N-H54NV10S-82-S"},{"r":"28","t":"14:18:40","h":"Nord","s":"25N-H54NV20S-80-S"},{"r":"28","t":"14:18:40","h":"Nord","s":"25S-H54S000S-82-S"},{"r":"28","t":"14:24:40","h":"Nord","s":"25N-H54N000A-80-A"},{"r":"28","t":"14:24:40","h":"Nord","s":"25N-H54NV10A-80-A"},{"r":"28","t":"14:24:40","h":"Nord","s":"25N-H54NV20A-80-A"},{"r":"28","t":"14:24:40","h":"Nord","s":"25S-H54S000A-83-A"},{"r":"28","t":"14:47:20","h":"Nord","s":"25N-H54N000I-80-I"},{"r":"28","t":"14:47:20","h":"Nord","s":"25N-H54N100F-80-F1"},{"r":"28","t":"14:47:20","h":"Nord","s":"25N-H54N200F-80-F2"},{"r":"28","t":"14:47:20","h":"Nord","s":"25N-H54N300F-80-F3"},{"r":"28","t":"14:47:20","h":"Nord","s":"25N-H54N400F-80-F4"},{"r":"28","t":"14:47:20","h":"Nord","s":"25N-H54NV10I-80-I"},{"r":"28","t":"14:47:20","h":"Nord","s":"25N-H54NV20I-80-I"},{"r":"28","t":"14:47:20","h":"Nord","s":"25S-H54S000I-82-I"},{"r":"28","t":"14:47:20","h":"Nord","s":"25S-H54S100F-80-F1"},{"r":"28","t":"14:47:20","h":"Nord","s":"25S-H54S200F-80-F2"},{"r":"28","t":"14:50:40","h":"Nord","s":"25N-H54N000S-80-S"},{"r":"28","t":"14:50:40","h":"Nord","s":"25N-H54NV10S-82-S"},{"r":"28","t":"14:50:40","h":"Nord","s":"25N-H54NV20S-80-S"},{"r":"28","t":"14:50:40","h":"Nord","s":"25S-H54S000S-82-S"},{"r":"28","t":"14:56:40","h":"Nord","s":"25N-H54N000A-80-A"},{"r":"28","t":"14:56:40","h":"Nord","s":"25N-H54NV10A-80-A"},{"r":"28","t":"14:56:40","h":"Nord","s":"25N-H54NV20A-80-A"},{"r":"28","t":"14:56:40","h":"Nord","s":"25S-H54S000A-83-A"},{"r":"28","t":"15:19:20","h":"Nord","s":"25N-H54N000I-80-I"},{"r":"28","t":"15:19:20","h":"Nord","s":"25N-H54N100F-80-F1"},{"r":"28","t":"15:19:20","h":"Nord","s":"25N-H54N200F-80-F2"},{"r":"28","t":"15:19:20","h":"Nord","s":"25N-H54N300F-80-F3"},{"r":"28","t":"15:19:20","h":"Nord","s":"25N-H54N400F-80-F4"},{"r":"28","t":"15:19:20","h":"Nord","s":"25N-H54NV10I-80-I"},{"r":"28","t":"15:19:20","h":"Nord","s":"25N-H54NV20I-80-I"},{"r":"28","t":"15:19:20","h":"Nord","s":"25S-H54S000I-82-I"},{"r":"28","t":"15:19:20","h":"Nord","s":"25S-H54S100F-80-F1"},{"r":"28","t":"15:19:20","h":"Nord","s":"25S-H54S200F-80-F2"},{"r":"28","t":"15:22:40","h":"Nord","s":"25N-H54N000S-80-S"},{"r":"28","t":"15:22:40","h":"Nord","s":"25N-H54NV10S-82-S"},{"r":"28","t":"15:22:40","h":"Nord","s":"25N-H54NV20S-80-S"},{"r":"28","t":"15:22:40","h":"Nord","s":"25S-H54S000S-82-S"},{"r":"28","t":"15:27:40","h":"Nord","s":"25N-H54N000A-80-A"},{"r":"28","t":"15:27:40","h":"Nord","s":"25N-H54NV10A-80-A"},{"r":"28","t":"15:27:40","h":"Nord","s":"25N-H54NV20A-80-A"},{"r":"28","t":"15:27:40","h":"Nord","s":"25S-H54S000A-83-A"},{"r":"28","t":"15:52:20","h":"Nord","s":"25N-H54N000I-80-I"},{"r":"28","t":"15:52:20","h":"Nord","s":"25N-H54N100F-80-F1"},{"r":"28","t":"15:52:20","h":"Nord","s":"25N-H54N200F-80-F2"},{"r":"28","t":"15:52:20","h":"Nord","s":"25N-H54N300F-80-F3"},{"r":"28","t":"15:52:20","h":"Nord","s":"25N-H54N400F-80-F4"},{"r":"28","t":"15:52:20","h":"Nord","s":"25N-H54NV10I-80-I"},{"r":"28","t":"15:52:20","h":"Nord","s":"25N-H54NV20I-80-I"},{"r":"28","t":"15:52:20","h":"Nord","s":"25S-H54S000I-82-I"},{"r":"28","t":"15:52:20","h":"Nord","s":"25S-H54S100F-80-F1"},{"r":"28","t":"15:52:20","h":"Nord","s":"25S-H54S200F-80-F2"},{"r":"28","t":"15:54:40","h":"Nord","s":"25N-H55N000S-80-S"},{"r":"28","t":"15:54:40","h":"Nord","s":"25N-H55N000S-82-S"},{"r":"28","t":"15:54:40","h":"Nord","s":"25N-H55NV10S-85-S"},{"r":"28","t":"15:54:40","h":"Nord","s":"25N-H55NV20S-81-S"},{"r":"28","t":"15:54:40","h":"Nord","s":"25S-H55S000S-82-S"},{"r":"28","t":"15:58:40","h":"Nord","s":"25N-H54N000A-80-A"},{"r":"28","t":"15:58:40","h":"Nord","s":"25N-H54NV10A-80-A"},{"r":"28","t":"15:58:40","h":"Nord","s":"25N-H54NV20A-80-A"},{"r":"28","t":"15:58:40","h":"Nord","s":"25S-H54S000A-83-A"},{"r":"28","t":"16:24:40","h":"Nord","s":"25N-H54N000S-80-S"},{"r":"28","t":"16:24:40","h":"Nord","s":"25N-H54NV10S-82-S"},{"r":"28","t":"16:24:40","h":"Nord","s":"25N-H54NV20S-80-S"},{"r":"28","t":"16:24:40","h":"Nord","s":"25S-H54S000S-82-S"},{"r":"28","t":"16:25:20","h":"Nord","s":"25N-H54N000I-80-I"},{"r":"28","t":"16:25:20","h":"Nord","s":"25N-H54N100F-80-F1"},{"r":"28","t":"16:25:20","h":"Nord","s":"25N-H54N200F-80-F2"},{"r":"28","t":"16:25:20","h":"Nord","s":"25N-H54N300F-80-F3"},{"r":"28","t":"16:25:20","h":"Nord","s":"25N-H54N400F-80-F4"},{"r":"28","t":"16:25:20","h":"Nord","s":"25N-H54NV10I-80-I"},{"r":"28","t":"16:25:20","h":"Nord","s":"25N-H54NV20I-80-I"},{"r":"28","t":"16:25:20","h":"Nord","s":"25S-H54S000I-82-I"},{"r":"28","t":"16:25:20","h":"Nord","s":"25S-H54S100F-80-F1"},{"r":"28","t":"16:25:20","h":"Nord","s":"25S-H54S200F-80-F2"},{"r":"28","t":"16:29:40","h":"Nord","s":"25N-H54N000A-80-A"},{"r":"28","t":"16:29:40","h":"Nord","s":"25N-H54NV10A-80-A"},{"r":"28","t":"16:29:40","h":"Nord","s":"25N-H54NV20A-80-A"},{"r":"28","t":"16:29:40","h":"Nord","s":"25S-H54S000A-83-A"},{"r":"28","t":"16:54:40","h":"Nord","s":"25N-H54N000S-80-S"},{"r":"28","t":"16:54:40","h":"Nord","s":"25N-H54NV10S-82-S"},{"r":"28","t":"16:54:40","h":"Nord","s":"25N-H54NV20S-80-S"},{"r":"28","t":"16:54:40","h":"Nord","s":"25S-H54S000S-82-S"},{"r":"28","t":"16:58:20","h":"Nord","s":"25N-H54N000I-80-I"},{"r":"28","t":"16:58:20","h":"Nord","s":"25N-H54N100F-80-F1"},{"r":"28","t":"16:58:20","h":"Nord","s":"25N-H54N200F-80-F2"},{"r":"28","t":"16:58:20","h":"Nord","s":"25N-H54N300F-80-F3"},{"r":"28","t":"16:58:20","h":"Nord","s":"25N-H54N400F-80-F4"},{"r":"28","t":"16:58:20","h":"Nord","s":"25N-H54NV10I-80-I"},{"r":"28","t":"16:58:20","h":"Nord","s":"25N-H54NV20I-80-I"},{"r":"28","t":"16:58:20","h":"Nord","s":"25S-H54S000I-82-I"},{"r":"28","t":"16:58:20","h":"Nord","s":"25S-H54S100F-80-F1"},{"r":"28","t":"16:58:20","h":"Nord","s":"25S-H54S200F-80-F2"},{"r":"28","t":"17:00:40","h":"Nord","s":"25N-H54N000A-80-A"},{"r":"28","t":"17:00:40","h":"Nord","s":"25N-H54NV10A-80-A"},{"r":"28","t":"17:00:40","h":"Nord","s":"25N-H54NV20A-80-A"},{"r":"28","t":"17:00:40","h":"Nord","s":"25S-H54S000A-83-A"},{"r":"28","t":"17:24:40","h":"Nord","s":"25N-H54N000S-80-S"},{"r":"28","t":"17:24:40","h":"Nord","s":"25N-H54NV10S-82-S"},{"r":"28","t":"17:24:40","h":"Nord","s":"25N-H54NV20S-80-S"},{"r":"28","t":"17:24:40","h":"Nord","s":"25S-H54S000S-82-S"},{"r":"28","t":"17:31:20","h":"Nord","s":"25N-H54N000I-80-I"},{"r":"28","t":"17:31:20","h":"Nord","s":"25N-H54N100F-80-F1"},{"r":"28","t":"17:31:20","h":"Nord","s":"25N-H54N200F-80-F2"},{"r":"28","t":"17:31:20","h":"Nord","s":"25N-H54N300F-80-F3"},{"r":"28","t":"17:31:20","h":"Nord","s":"25N-H54N400F-80-F4"},{"r":"28","t":"17:31:20","h":"Nord","s":"25N-H54NV10I-80-I"},{"r":"28","t":"17:31:20","h":"Nord","s":"25N-H54NV20I-80-I"},{"r":"28","t":"17:31:20","h":"Nord","s":"25S-H54S000I-82-I"},{"r":"28","t":"17:31:20","h":"Nord","s":"25S-H54S100F-80-F1"},{"r":"28","t":"17:31:20","h":"Nord","s":"25S-H54S200F-80-F2"},{"r":"28","t":"17:32:40","h":"Nord","s":"25N-H54N000A-80-A"},{"r":"28","t":"17:32:40","h":"Nord","s":"25N-H54NV10A-80-A"},{"r":"28","t":"17:32:40","h":"Nord","s":"25N-H54NV20A-80-A"},{"r":"28","t":"17:32:40","h":"Nord","s":"25S-H54S000A-83-A"},{"r":"28","t":"17:52:40","h":"Nord","s":"25N-H54N000S-80-S"},{"r":"28","t":"17:52:40","h":"Nord","s":"25N-H54NV10S-82-S"},{"r":"28","t":"17:52:40","h":"Nord","s":"25N-H54NV20S-80-S"},{"r":"28","t":"17:52:40","h":"Nord","s":"25S-H54S000S-82-S"},{"r":"28","t":"18:03:40","h":"Nord","s":"25N-H54N000A-80-A"},{"r":"28","t":"18:03:40","h":"Nord","s":"25N-H54NV10A-80-A"},{"r":"28","t":"18:03:40","h":"Nord","s":"25N-H54NV20A-80-A"},{"r":"28","t":"18:03:40","h":"Nord","s":"25S-H54S000A-83-A"},{"r":"28","t":"18:04:20","h":"Nord","s":"25N-H54N000I-80-I"},{"r":"28","t":"18:04:20","h":"Nord","s":"25N-H54N100F-80-F1"},{"r":"28","t":"18:04:20","h":"Nord","s":"25N-H54N200F-80-F2"},{"r":"28","t":"18:04:20","h":"Nord","s":"25N-H54N300F-80-F3"},{"r":"28","t":"18:04:20","h":"Nord","s":"25N-H54N400F-80-F4"},{"r":"28","t":"18:04:20","h":"Nord","s":"25N-H54NV10I-80-I"},{"r":"28","t":"18:04:20","h":"Nord","s":"25N-H54NV20I-80-I"},{"r":"28","t":"18:04:20","h":"Nord","s":"25S-H54S000I-82-I"},{"r":"28","t":"18:04:20","h":"Nord","s":"25S-H54S100F-80-F1"},{"r":"28","t":"18:04:20","h":"Nord","s":"25S-H54S200F-80-F2"},{"r":"28","t":"18:17:40","h":"Nord","s":"25N-H54N000S-80-S"},{"r":"28","t":"18:17:40","h":"Nord","s":"25N-H54NV10S-82-S"},{"r":"28","t":"18:17:40","h":"Nord","s":"25N-H54NV20S-80-S"},{"r":"28","t":"18:17:40","h":"Nord","s":"25S-H54S000S-82-S"},{"r":"28","t":"18:35:40","h":"Nord","s":"25N-H54N000A-80-A"},{"r":"28","t":"18:35:40","h":"Nord","s":"25N-H54NV10A-80-A"},{"r":"28","t":"18:35:40","h":"Nord","s":"25N-H54NV20A-80-A"},{"r":"28","t":"18:35:40","h":"Nord","s":"25S-H54S000A-83-A"},{"r":"28","t":"18:37:20","h":"Nord","s":"25N-H54N000I-80-I"},{"r":"28","t":"18:37:20","h":"Nord","s":"25N-H54N100F-80-F1"},{"r":"28","t":"18:37:20","h":"Nord","s":"25N-H54N200F-80-F2"},{"r":"28","t":"18:37:20","h":"Nord","s":"25N-H54N300F-80-F3"},{"r":"28","t":"18:37:20","h":"Nord","s":"25N-H54N400F-80-F4"},{"r":"28","t":"18:37:20","h":"Nord","s":"25N-H54NV10I-80-I"},{"r":"28","t":"18:37:20","h":"Nord","s":"25N-H54NV20I-80-I"},{"r":"28","t":"18:37:20","h":"Nord","s":"25S-H54S000I-82-I"},{"r":"28","t":"18:37:20","h":"Nord","s":"25S-H54S100F-80-F1"},{"r":"28","t":"18:37:20","h":"Nord","s":"25S-H54S200F-80-F2"},{"r":"28","t":"18:48:40","h":"Nord","s":"25N-H54N000S-80-S"},{"r":"28","t":"18:48:40","h":"Nord","s":"25N-H54NV10S-82-S"},{"r":"28","t":"18:48:40","h":"Nord","s":"25N-H54NV20S-80-S"},{"r":"28","t":"18:48:40","h":"Nord","s":"25S-H54S000S-82-S"},{"r":"28","t":"19:08:40","h":"Nord","s":"25N-H54N000A-80-A"},{"r":"28","t":"19:08:40","h":"Nord","s":"25N-H54NV10A-80-A"},{"r":"28","t":"19:08:40","h":"Nord","s":"25N-H54NV20A-80-A"},{"r":"28","t":"19:08:40","h":"Nord","s":"25S-H54S000A-83-A"},{"r":"28","t":"19:10:20","h":"Nord","s":"25N-H54N000I-80-I"},{"r":"28","t":"19:10:20","h":"Nord","s":"25N-H54N100F-80-F1"},{"r":"28","t":"19:10:20","h":"Nord","s":"25N-H54N200F-80-F2"},{"r":"28","t":"19:10:20","h":"Nord","s":"25N-H54N300F-80-F3"},{"r":"28","t":"19:10:20","h":"Nord","s":"25N-H54N400F-80-F4"},{"r":"28","t":"19:10:20","h":"Nord","s":"25N-H54NV10I-80-I"},{"r":"28","t":"19:10:20","h":"Nord","s":"25N-H54NV20I-80-I"},{"r":"28","t":"19:10:20","h":"Nord","s":"25S-H54S000I-82-I"},{"r":"28","t":"19:10:20","h":"Nord","s":"25S-H54S100F-80-F1"},{"r":"28","t":"19:10:20","h":"Nord","s":"25S-H54S200F-80-F2"},{"r":"28","t":"19:19:40","h":"Nord","s":"25N-H54N000S-80-S"},{"r":"28","t":"19:19:40","h":"Nord","s":"25N-H54NV10S-82-S"},{"r":"28","t":"19:19:40","h":"Nord","s":"25N-H54NV20S-80-S"},{"r":"28","t":"19:19:40","h":"Nord","s":"25S-H54S000S-82-S"},{"r":"28","t":"19:41:40","h":"Nord","s":"25N-H54N000A-80-A"},{"r":"28","t":"19:41:40","h":"Nord","s":"25N-H54NV10A-80-A"},{"r":"28","t":"19:41:40","h":"Nord","s":"25N-H54NV20A-80-A"},{"r":"28","t":"19:41:40","h":"Nord","s":"25S-H54S000A-83-A"},{"r":"28","t":"19:43:20","h":"Nord","s":"25N-H54N000I-80-I"},{"r":"28","t":"19:43:20","h":"Nord","s":"25N-H54N100F-80-F1"},{"r":"28","t":"19:43:20","h":"Nord","s":"25N-H54N200F-80-F2"},{"r":"28","t":"19:43:20","h":"Nord","s":"25N-H54N300F-80-F3"},{"r":"28","t":"19:43:20","h":"Nord","s":"25N-H54N400F-80-F4"},{"r":"28","t":"19:43:20","h":"Nord","s":"25N-H54NV10I-80-I"},{"r":"28","t":"19:43:20","h":"Nord","s":"25N-H54NV20I-80-I"},{"r":"28","t":"19:43:20","h":"Nord","s":"25S-H54S000I-82-I"},{"r":"28","t":"19:43:20","h":"Nord","s":"25S-H54S100F-80-F1"},{"r":"28","t":"19:43:20","h":"Nord","s":"25S-H54S200F-80-F2"},{"r":"28","t":"19:49:40","h":"Nord","s":"25N-H54N000S-80-S"},{"r":"28","t":"19:49:40","h":"Nord","s":"25N-H54NV10S-82-S"},{"r":"28","t":"19:49:40","h":"Nord","s":"25N-H54NV20S-80-S"},{"r":"28","t":"19:49:40","h":"Nord","s":"25S-H54S000S-82-S"},{"r":"28","t":"20:15:40","h":"Nord","s":"25N-H54N000A-80-A"},{"r":"28","t":"20:15:40","h":"Nord","s":"25N-H54NV10A-80-A"},{"r":"28","t":"20:15:40","h":"Nord","s":"25N-H54NV20A-80-A"},{"r":"28","t":"20:15:40","h":"Nord","s":"25S-H54S000A-83-A"},{"r":"28","t":"20:16:20","h":"Nord","s":"25N-H54N000I-80-I"},{"r":"28","t":"20:16:20","h":"Nord","s":"25N-H54N100F-80-F1"},{"r":"28","t":"20:16:20","h":"Nord","s":"25N-H54N200F-80-F2"},{"r":"28","t":"20:16:20","h":"Nord","s":"25N-H54N300F-80-F3"},{"r":"28","t":"20:16:20","h":"Nord","s":"25N-H54N400F-80-F4"},{"r":"28","t":"20:16:20","h":"Nord","s":"25N-H54NV10I-80-I"},{"r":"28","t":"20:16:20","h":"Nord","s":"25N-H54NV20I-80-I"},{"r":"28","t":"20:16:20","h":"Nord","s":"25S-H54S000I-82-I"},{"r":"28","t":"20:16:20","h":"Nord","s":"25S-H54S100F-80-F1"},{"r":"28","t":"20:16:20","h":"Nord","s":"25S-H54S200F-80-F2"},{"r":"28","t":"20:20:40","h":"Nord","s":"25N-H54N000S-80-S"},{"r":"28","t":"20:20:40","h":"Nord","s":"25N-H54NV10S-82-S"},{"r":"28","t":"20:20:40","h":"Nord","s":"25N-H54NV20S-80-S"},{"r":"28","t":"20:20:40","h":"Nord","s":"25S-H54S000S-82-S"},{"r":"28","t":"20:49:20","h":"Nord","s":"25N-H54N000I-80-I"},{"r":"28","t":"20:49:20","h":"Nord","s":"25N-H54N100F-80-F1"},{"r":"28","t":"20:49:20","h":"Nord","s":"25N-H54N200F-80-F2"},{"r":"28","t":"20:49:20","h":"Nord","s":"25N-H54N300F-80-F3"},{"r":"28","t":"20:49:20","h":"Nord","s":"25N-H54N400F-80-F4"},{"r":"28","t":"20:49:20","h":"Nord","s":"25N-H54NV10I-80-I"},{"r":"28","t":"20:49:20","h":"Nord","s":"25N-H54NV20I-80-I"},{"r":"28","t":"20:49:20","h":"Nord","s":"25S-H54S000I-82-I"},{"r":"28","t":"20:49:20","h":"Nord","s":"25S-H54S100F-80-F1"},{"r":"28","t":"20:49:20","h":"Nord","s":"25S-H54S200F-80-F2"},{"r":"28","t":"20:49:40","h":"Nord","s":"25N-H54N000A-80-A"},{"r":"28","t":"20:49:40","h":"Nord","s":"25N-H54NV10A-80-A"},{"r":"28","t":"20:49:40","h":"Nord","s":"25N-H54NV20A-80-A"},{"r":"28","t":"20:49:40","h":"Nord","s":"25S-H54S000A-83-A"},{"r":"28","t":"20:51:40","h":"Nord","s":"25N-H54N000S-80-S"},{"r":"28","t":"20:51:40","h":"Nord","s":"25N-H54NV10S-82-S"},{"r":"28","t":"20:51:40","h":"Nord","s":"25N-H54NV20S-80-S"},{"r":"28","t":"20:51:40","h":"Nord","s":"25S-H54S000S-82-S"},{"r":"28","t":"21:22:20","h":"Nord","s":"25N-H54N000I-80-I"},{"r":"28","t":"21:22:20","h":"Nord","s":"25N-H54N100F-80-F1"},{"r":"28","t":"21:22:20","h":"Nord","s":"25N-H54N200F-80-F2"},{"r":"28","t":"21:22:20","h":"Nord","s":"25N-H54N300F-80-F3"},{"r":"28","t":"21:22:20","h":"Nord","s":"25N-H54N400F-80-F4"},{"r":"28","t":"21:22:20","h":"Nord","s":"25N-H54NV10I-80-I"},{"r":"28","t":"21:22:20","h":"Nord","s":"25N-H54NV20I-80-I"},{"r":"28","t":"21:22:20","h":"Nord","s":"25S-H54S000I-82-I"},{"r":"28","t":"21:22:20","h":"Nord","s":"25S-H54S100F-80-F1"},{"r":"28","t":"21:22:20","h":"Nord","s":"25S-H54S200F-80-F2"},{"r":"28","t":"21:22:40","h":"Nord","s":"25N-H54N000S-80-S"},{"r":"28","t":"21:22:40","h":"Nord","s":"25N-H54NV10S-82-S"},{"r":"28","t":"21:22:40","h":"Nord","s":"25N-H54NV20S-80-S"},{"r":"28","t":"21:22:40","h":"Nord","s":"25S-H54S000S-82-S"},{"r":"28","t":"21:23:40","h":"Nord","s":"25N-H54N000A-80-A"},{"r":"28","t":"21:23:40","h":"Nord","s":"25N-H54NV10A-80-A"},{"r":"28","t":"21:23:40","h":"Nord","s":"25N-H54NV20A-80-A"},{"r":"28","t":"21:23:40","h":"Nord","s":"25S-H54S000A-83-A"},{"r":"28","t":"21:52:40","h":"Nord","s":"25N-H54N000S-80-S"},{"r":"28","t":"21:52:40","h":"Nord","s":"25N-H54NV10S-82-S"},{"r":"28","t":"21:52:40","h":"Nord","s":"25N-H54NV20S-80-S"},{"r":"28","t":"21:52:40","h":"Nord","s":"25S-H54S000S-82-S"},{"r":"28","t":"21:53:20","h":"Nord","s":"25N-H54N000I-80-I"},{"r":"28","t":"21:53:20","h":"Nord","s":"25N-H54N100F-80-F1"},{"r":"28","t":"21:53:20","h":"Nord","s":"25N-H54N200F-80-F2"},{"r":"28","t":"21:53:20","h":"Nord","s":"25N-H54N300F-80-F3"},{"r":"28","t":"21:53:20","h":"Nord","s":"25N-H54N400F-80-F4"},{"r":"28","t":"21:53:20","h":"Nord","s":"25N-H54NV10I-80-I"},{"r":"28","t":"21:53:20","h":"Nord","s":"25N-H54NV20I-80-I"},{"r":"28","t":"21:53:20","h":"Nord","s":"25S-H54S000I-82-I"},{"r":"28","t":"21:53:20","h":"Nord","s":"25S-H54S100F-80-F1"},{"r":"28","t":"21:53:20","h":"Nord","s":"25S-H54S200F-80-F2"},{"r":"28","t":"21:57:20","h":"Nord","s":"25N-H54N000A-80-A"},{"r":"28","t":"21:57:20","h":"Nord","s":"25N-H54NV10A-80-A"},{"r":"28","t":"21:57:20","h":"Nord","s":"25N-H54NV20A-80-A"},{"r":"28","t":"21:57:20","h":"Nord","s":"25S-H54S000A-83-A"},{"r":"28","t":"22:21:40","h":"Nord","s":"25N-H54N000S-80-S"},{"r":"28","t":"22:21:40","h":"Nord","s":"25N-H54NV10S-82-S"},{"r":"28","t":"22:21:40","h":"Nord","s":"25N-H54NV20S-80-S"},{"r":"28","t":"22:21:40","h":"Nord","s":"25S-H54S000S-82-S"},{"r":"28","t":"22:26:20","h":"Nord","s":"25N-H54N000I-80-I"},{"r":"28","t":"22:26:20","h":"Nord","s":"25N-H54N100F-80-F1"},{"r":"28","t":"22:26:20","h":"Nord","s":"25N-H54N200F-80-F2"},{"r":"28","t":"22:26:20","h":"Nord","s":"25N-H54N300F-80-F3"},{"r":"28","t":"22:26:20","h":"Nord","s":"25N-H54N400F-80-F4"},{"r":"28","t":"22:26:20","h":"Nord","s":"25N-H54NV10I-80-I"},{"r":"28","t":"22:26:20","h":"Nord","s":"25N-H54NV20I-80-I"},{"r":"28","t":"22:26:20","h":"Nord","s":"25S-H54S000I-82-I"},{"r":"28","t":"22:26:20","h":"Nord","s":"25S-H54S100F-80-F1"},{"r":"28","t":"22:26:20","h":"Nord","s":"25S-H54S200F-80-F2"},{"r":"28","t":"22:30:20","h":"Nord","s":"25N-H54N000A-80-A"},{"r":"28","t":"22:30:20","h":"Nord","s":"25N-H54NV10A-80-A"},{"r":"28","t":"22:30:20","h":"Nord","s":"25N-H54NV20A-80-A"},{"r":"28","t":"22:30:20","h":"Nord","s":"25S-H54S000A-83-A"},{"r":"28","t":"22:52:40","h":"Nord","s":"25N-H54N000S-80-S"},{"r":"28","t":"22:52:40","h":"Nord","s":"25N-H54NV10S-82-S"},{"r":"28","t":"22:52:40","h":"Nord","s":"25N-H54NV20S-80-S"},{"r":"28","t":"22:52:40","h":"Nord","s":"25S-H54S000S-82-S"},{"r":"28","t":"22:58:20","h":"Nord","s":"25N-H54N000I-80-I"},{"r":"28","t":"22:58:20","h":"Nord","s":"25N-H54N100F-80-F1"},{"r":"28","t":"22:58:20","h":"Nord","s":"25N-H54N200F-80-F2"},{"r":"28","t":"22:58:20","h":"Nord","s":"25N-H54N300F-80-F3"},{"r":"28","t":"22:58:20","h":"Nord","s":"25N-H54N400F-80-F4"},{"r":"28","t":"22:58:20","h":"Nord","s":"25N-H54NV10I-80-I"},{"r":"28","t":"22:58:20","h":"Nord","s":"25N-H54NV20I-80-I"},{"r":"28","t":"22:58:20","h":"Nord","s":"25S-H54S000I-82-I"},{"r":"28","t":"22:58:20","h":"Nord","s":"25S-H54S100F-80-F1"},{"r":"28","t":"22:58:20","h":"Nord","s":"25S-H54S200F-80-F2"},{"r":"28","t":"23:03:20","h":"Nord","s":"25N-H54N000A-80-A"},{"r":"28","t":"23:03:20","h":"Nord","s":"25N-H54NV10A-80-A"},{"r":"28","t":"23:03:20","h":"Nord","s":"25N-H54NV20A-80-A"},{"r":"28","t":"23:03:20","h":"Nord","s":"25S-H54S000A-83-A"},{"r":"28","t":"23:22:40","h":"Nord","s":"25N-H54N000S-80-S"},{"r":"28","t":"23:22:40","h":"Nord","s":"25N-H54NV10S-82-S"},{"r":"28","t":"23:22:40","h":"Nord","s":"25N-H54NV20S-80-S"},{"r":"28","t":"23:22:40","h":"Nord","s":"25S-H54S000S-82-S"},{"r":"28","t":"23:31:20","h":"Nord","s":"25N-H54N000I-80-I"},{"r":"28","t":"23:31:20","h":"Nord","s":"25N-H54N100F-80-F1"},{"r":"28","t":"23:31:20","h":"Nord","s":"25N-H54N200F-80-F2"},{"r":"28","t":"23:31:20","h":"Nord","s":"25N-H54N300F-80-F3"},{"r":"28","t":"23:31:20","h":"Nord","s":"25N-H54N400F-80-F4"},{"r":"28","t":"23:31:20","h":"Nord","s":"25N-H54NV10I-80-I"},{"r":"28","t":"23:31:20","h":"Nord","s":"25N-H54NV20I-80-I"},{"r":"28","t":"23:31:20","h":"Nord","s":"25S-H54S000I-82-I"},{"r":"28","t":"23:31:20","h":"Nord","s":"25S-H54S100F-80-F1"},{"r":"28","t":"23:31:20","h":"Nord","s":"25S-H54S200F-80-F2"},{"r":"28","t":"23:36:20","h":"Nord","s":"25N-H54N000A-80-A"},{"r":"28","t":"23:36:20","h":"Nord","s":"25N-H54NV10A-80-A"},{"r":"28","t":"23:36:20","h":"Nord","s":"25N-H54NV20A-80-A"},{"r":"28","t":"23:36:20","h":"Nord","s":"25S-H54S000A-83-A"},{"r":"28","t":"23:51:40","h":"Nord","s":"25N-H54N000S-80-S"},{"r":"28","t":"23:51:40","h":"Nord","s":"25N-H54NV10S-82-S"},{"r":"28","t":"23:51:40","h":"Nord","s":"25N-H54NV20S-80-S"},{"r":"28","t":"23:51:40","h":"Nord","s":"25S-H54S000S-82-S"},{"r":"28","t":"24:04:20","h":"Nord","s":"25N-H54N000I-80-I"},{"r":"28","t":"24:04:20","h":"Nord","s":"25N-H54N100F-80-F1"},{"r":"28","t":"24:04:20","h":"Nord","s":"25N-H54N200F-80-F2"},{"r":"28","t":"24:04:20","h":"Nord","s":"25N-H54N300F-80-F3"},{"r":"28","t":"24:04:20","h":"Nord","s":"25N-H54N400F-80-F4"},{"r":"28","t":"24:04:20","h":"Nord","s":"25N-H54NV10I-80-I"},{"r":"28","t":"24:04:20","h":"Nord","s":"25N-H54NV20I-80-I"},{"r":"28","t":"24:04:20","h":"Nord","s":"25S-H54S000I-82-I"},{"r":"28","t":"24:04:20","h":"Nord","s":"25S-H54S100F-80-F1"},{"r":"28","t":"24:04:20","h":"Nord","s":"25S-H54S200F-80-F2"},{"r":"28","t":"24:08:20","h":"Nord","s":"25N-H54N000A-80-A"},{"r":"28","t":"24:08:20","h":"Nord","s":"25N-H54NV10A-80-A"},{"r":"28","t":"24:08:20","h":"Nord","s":"25N-H54NV20A-80-A"},{"r":"28","t":"24:08:20","h":"Nord","s":"25S-H54S000A-83-A"},{"r":"28","t":"24:20:40","h":"Nord","s":"25N-H54N000S-80-S"},{"r":"28","t":"24:20:40","h":"Nord","s":"25N-H54NV10S-82-S"},{"r":"28","t":"24:20:40","h":"Nord","s":"25N-H54NV20S-80-S"},{"r":"28","t":"24:20:40","h":"Nord","s":"25S-H54S000S-82-S"},{"r":"28","t":"24:37:20","h":"Nord","s":"25N-H54N000I-80-I"},{"r":"28","t":"24:37:20","h":"Nord","s":"25N-H54N100F-80-F1"},{"r":"28","t":"24:37:20","h":"Nord","s":"25N-H54N200F-80-F2"},{"r":"28","t":"24:37:20","h":"Nord","s":"25N-H54N300F-80-F3"},{"r":"28","t":"24:37:20","h":"Nord","s":"25N-H54N400F-80-F4"},{"r":"28","t":"24:37:20","h":"Nord","s":"25N-H54NV10I-80-I"},{"r":"28","t":"24:37:20","h":"Nord","s":"25N-H54NV20I-80-I"},{"r":"28","t":"24:37:20","h":"Nord","s":"25S-H54S000I-82-I"},{"r":"28","t":"24:37:20","h":"Nord","s":"25S-H54S100F-80-F1"},{"r":"28","t":"24:37:20","h":"Nord","s":"25S-H54S200F-80-F2"},{"r":"28","t":"24:41:20","h":"Nord","s":"25N-H54N000A-80-A"},{"r":"28","t":"24:41:20","h":"Nord","s":"25N-H54NV10A-80-A"},{"r":"28","t":"24:41:20","h":"Nord","s":"25N-H54NV20A-80-A"},{"r":"28","t":"24:41:20","h":"Nord","s":"25S-H54S000A-83-A"},{"r":"28","t":"24:50:40","h":"Nord","s":"25N-H54N000S-80-S"},{"r":"28","t":"24:50:40","h":"Nord","s":"25N-H54NV10S-82-S"},{"r":"28","t":"24:50:40","h":"Nord","s":"25N-H54NV20S-80-S"},{"r":"28","t":"24:50:40","h":"Nord","s":"25S-H54S000S-82-S"},{"r":"28","t":"25:10:20","h":"Nord","s":"25N-H54N000I-80-I"},{"r":"28","t":"25:10:20","h":"Nord","s":"25N-H54N100F-80-F1"},{"r":"28","t":"25:10:20","h":"Nord","s":"25N-H54N200F-80-F2"},{"r":"28","t":"25:10:20","h":"Nord","s":"25N-H54N300F-80-F3"},{"r":"28","t":"25:10:20","h":"Nord","s":"25N-H54N400F-80-F4"},{"r":"28","t":"25:10:20","h":"Nord","s":"25N-H54NV10I-80-I"},{"r":"28","t":"25:10:20","h":"Nord","s":"25N-H54NV20I-80-I"},{"r":"28","t":"25:10:20","h":"Nord","s":"25S-H54S000I-82-I"},{"r":"28","t":"25:10:20","h":"Nord","s":"25S-H54S100F-80-F1"},{"r":"28","t":"25:10:20","h":"Nord","s":"25S-H54S200F-80-F2"},{"r":"28","t":"25:14:20","h":"Nord","s":"25N-H54N000A-80-A"},{"r":"28","t":"25:14:20","h":"Nord","s":"25N-H54NV10A-80-A"},{"r":"28","t":"25:14:20","h":"Nord","s":"25N-H54NV20A-80-A"},{"r":"28","t":"25:14:20","h":"Nord","s":"25S-H54S000A-83-A"},{"r":"28","t":"25:20:40","h":"Nord","s":"25N-H54N000S-80-S"},{"r":"28","t":"25:20:40","h":"Nord","s":"25N-H54NV10S-82-S"},{"r":"28","t":"25:20:40","h":"Nord","s":"25N-H54NV20S-80-S"},{"r":"28","t":"25:20:40","h":"Nord","s":"25S-H54S000S-82-S"},{"r":"28","t":"25:41:20","h":"Nord","s":"25N-H54N000I-80-I"},{"r":"28","t":"25:41:20","h":"Nord","s":"25N-H54N100F-80-F1"},{"r":"28","t":"25:41:20","h":"Nord","s":"25N-H54N200F-80-F2"},{"r":"28","t":"25:41:20","h":"Nord","s":"25N-H54N300F-80-F3"},{"r":"28","t":"25:41:20","h":"Nord","s":"25N-H54N400F-80-F4"},{"r":"28","t":"25:41:20","h":"Nord","s":"25N-H54NV10I-80-I"},{"r":"28","t":"25:41:20","h":"Nord","s":"25N-H54NV20I-80-I"},{"r":"28","t":"25:41:20","h":"Nord","s":"25S-H54S000I-82-I"},{"r":"28","t":"25:41:20","h":"Nord","s":"25S-H54S100F-80-F1"},{"r":"28","t":"25:41:20","h":"Nord","s":"25S-H54S200F-80-F2"},{"r":"28","t":"25:47:20","h":"Nord","s":"25N-H54N000A-80-A"},{"r":"28","t":"25:47:20","h":"Nord","s":"25N-H54NV10A-80-A"},{"r":"28","t":"25:47:20","h":"Nord","s":"25N-H54NV20A-80-A"},{"r":"28","t":"25:47:20","h":"Nord","s":"25S-H54S000A-83-A"},{"r":"28","t":"25:49:40","h":"Nord","s":"25N-H54N000S-80-S"},{"r":"28","t":"25:49:40","h":"Nord","s":"25N-H54NV10S-82-S"},{"r":"28","t":"25:49:40","h":"Nord","s":"25N-H54NV20S-80-S"},{"r":"28","t":"25:49:40","h":"Nord","s":"25S-H54S000S-82-S"},{"r":"28","t":"26:15:20","h":"Nord","s":"25N-H54N000I-80-I"},{"r":"28","t":"26:15:20","h":"Nord","s":"25N-H54N100F-80-F1"},{"r":"28","t":"26:15:20","h":"Nord","s":"25N-H54N200F-80-F2"},{"r":"28","t":"26:15:20","h":"Nord","s":"25N-H54N300F-80-F3"},{"r":"28","t":"26:15:20","h":"Nord","s":"25N-H54N400F-80-F4"},{"r":"28","t":"26:15:20","h":"Nord","s":"25N-H54NV10I-80-I"},{"r":"28","t":"26:15:20","h":"Nord","s":"25N-H54NV20I-80-I"},{"r":"28","t":"26:15:20","h":"Nord","s":"25S-H54S000I-82-I"},{"r":"28","t":"26:15:20","h":"Nord","s":"25S-H54S100F-80-F1"},{"r":"28","t":"26:15:20","h":"Nord","s":"25S-H54S200F-80-F2"},{"r":"28","t":"26:18:40","h":"Nord","s":"25N-H54N000S-80-S"},{"r":"28","t":"26:18:40","h":"Nord","s":"25N-H54NV10S-82-S"},{"r":"28","t":"26:18:40","h":"Nord","s":"25N-H54NV20S-80-S"},{"r":"28","t":"26:18:40","h":"Nord","s":"25S-H54S000S-82-S"},{"r":"28","t":"26:20:20","h":"Nord","s":"25N-H54N000A-80-A"},{"r":"28","t":"26:20:20","h":"Nord","s":"25N-H54NV10A-80-A"},{"r":"28","t":"26:20:20","h":"Nord","s":"25N-H54NV20A-80-A"},{"r":"28","t":"26:20:20","h":"Nord","s":"25S-H54S000A-83-A"},{"r":"28","t":"26:53:20","h":"Nord","s":"25N-H54N000A-80-A"},{"r":"28","t":"26:53:20","h":"Nord","s":"25N-H54NV10A-80-A"},{"r":"28","t":"26:53:20","h":"Nord","s":"25N-H54NV20A-80-A"},{"r":"28","t":"26:53:20","h":"Nord","s":"25S-H54S000A-83-A"}]