[{"r":"44","t":"05:28:00","h":"Nord","s":"25N-H54N000I-80-I"},{"r":"44","t":"05:28:00","h":"Nord","s":"25N-H54N100F-80-F1"},{"r":"44","t":"05:28:00","h":"Nord","s":"25N-H54N200F-80-F2"},{"r":"44","t":"05:28:00","h":"Nord","s":"25N-H54N300F-80-F3"},{"r":"44","t":"05:28:00","h":"Nord","s":"25N-H54N400F-80-F4"},{"r":"44","t":"05:28:00","h":"Nord","s":"25N-H54NV10I-80-I"},{"r":"44","t":"05:28:00","h":"Nord","s":"25N-H54NV20I-80-I"},{"r":"44","t":"05:28:00","h":"Nord","s":"25S-H54S000I-82-I"},{"r":"44","t":"05:28:00","h":"Nord","s":"25S-H54S100F-80-F1"},{"r":"44","t":"05:28:00","h":"Nord","s":"25S-H54S200F-80-F2"},{"r":"44","t":"05:30:00","h":"Nord","s":"25N-H54N000A-80-A"},{"r":"44","t":"05:30:00","h":"Nord","s":"25N-H54NV10A-80-A"},{"r":"44","t":"05:30:00","h":"Nord","s":"25N-H54NV20A-80-A"},{"r":"44","t":"05:30:00","h":"Nord","s":"25S-H54S000A-83-A"},{"r":"44","t":"05:31:00","h":"Nord","s":"25N-H54N000S-80-S"},{"r":"44","t":"05:31:00","h":"Nord","s":"25N-H54NV10S-82-S"},{"r":"44","t":"05:31:00","h":"Nord","s":"25N-H54NV20S-80-S"},{"r":"44","t":"05:31:00","h":"Nord","s":"25S-H54S000S-82-S"},{"r":"44","t":"05:47:00","h":"Nord","s":"25N-H54N000S-80-S"},{"r":"44","t":"05:47:00","h":"Nord","s":"25N-H54NV10S-82-S"},{"r":"44","t":"05:47:00","h":"Nord","s":"25N-H54NV20S-80-S"},{"r":"44","t":"05:47:00","h":"Nord","s":"25S-H54S000S-82-S"},{"r":"44","t":"06:01:00","h":"Nord","s":"25N-H54N000A-80-A"},{"r":"44","t":"06:01:00","h":"Nord","s":"25N-H54N000I-80-I"},{"r":"44","t":"06:01:00","h":"Nord","s":"25N-H54N100F-80-F1"},{"r":"44","t":"06:01:00","h":"Nord","s":"25N-H54N200F-80-F2"},{"r":"44","t":"06:01:00","h":"Nord","s":"25N-H54N300F-80-F3"},{"r":"44","t":"06:01:00","h":"Nord","s":"25N-H54N400F-80-F4"},{"r":"44","t":"06:01:00","h":"Nord","s":"25N-H54NV10A-80-A"},{"r":"44","t":"06:01:00","h":"Nord","s":"25N-H54NV10I-80-I"},{"r":"44","t":"06:01:00","h":"Nord","s":"25N-H54NV20A-80-A"},{"r":"44","t":"06:01:00","h":"Nord","s":"25N-H54NV20I-80-I"},{"r":"44","t":"06:01:00","h":"Nord","s":"25S-H54S000A-83-A"},{"r":"44","t":"06:01:00","h":"Nord","s":"25S-H54S000I-82-I"},{"r":"44","t":"06:01:00","h":"Nord","s":"25S-H54S100F-80-F1"},{"r":"44","t":"06:01:00","h":"Nord","s":"25S-H54S200F-80-F2"},{"r":"44","t":"06:05:00","h":"Nord","s":"25N-H54N000S-80-S"},{"r":"44","t":"06:05:00","h":"Nord","s":"25N-H54NV10S-82-S"},{"r":"44","t":"06:05:00","h":"Nord","s":"25N-H54NV20S-80-S"},{"r":"44","t":"06:05:00","h":"Nord","s":"25S-H54S000S-82-S"},{"r":"44","t":"06:22:00","h":"Nord","s":"25N-H54N000S-80-S"},{"r":"44","t":"06:22:00","h":"Nord","s":"25N-H54NV10S-82-S"},{"r":"44","t":"06:22:00","h":"Nord","s":"25N-H54NV20S-80-S"},{"r":"44","t":"06:22:00","h":"Nord","s":"25S-H54S000S-82-S"},{"r":"44","t":"06:33:00","h":"Nord","s":"25N-H54N000A-80-A"},{"r":"44","t":"06:33:00","h":"Nord","s":"25N-H54NV10A-80-A"},{"r":"44","t":"06:33:00","h":"Nord","s":"25N-H54NV20A-80-A"},{"r":"44","t":"06:33:00","h":"Nord","s":"25S-H54S000A-83-A"},{"r":"44","t":"06:34:00","h":"Nord","s":"25N-H54N000I-80-I"},{"r":"44","t":"06:34:00","h":"Nord","s":"25N-H54N100F-80-F1"},{"r":"44","t":"06:34:00","h":"Nord","s":"25N-H54N200F-80-F2"},{"r":"44","t":"06:34:00","h":"Nord","s":"25N-H54N300F-80-F3"},{"r":"44","t":"06:34:00","h":"Nord","s":"25N-H54N400F-80-F4"},{"r":"44","t":"06:34:00","h":"Nord","s":"25N-H54NV10I-80-I"},{"r":"44","t":"06:34:00","h":"Nord","s":"25N-H54NV20I-80-I"},{"r":"44","t":"06:34:00","h":"Nord","s":"25S-H54S000I-82-I"},{"r":"44","t":"06:34:00","h":"Nord","s":"25S-H54S100F-80-F1"},{"r":"44","t":"06:34:00","h":"Nord","s":"25S-H54S200F-80-F2"},{"r":"44","t":"06:41:00","h":"Nord","s":"25N-H55N000S-80-S"},{"r":"44","t":"06:41:00","h":"Nord","s":"25N-H55N000S-82-S"},{"r":"44","t":"06:41:00","h":"Nord","s":"25N-H55NV10S-85-S"},{"r":"44","t":"06:41:00","h":"Nord","s":"25N-H55NV20S-81-S"},{"r":"44","t":"06:41:00","h":"Nord","s":"25S-H55S000S-82-S"},{"r":"44","t":"07:00:00","h":"Nord","s":"25N-H54N000S-80-S"},{"r":"44","t":"07:00:00","h":"Nord","s":"25N-H54NV10S-82-S"},{"r":"44","t":"07:00:00","h":"Nord","s":"25N-H54NV20S-80-S"},{"r":"44","t":"07:00:00","h":"Nord","s":"25S-H54S000S-82-S"},{"r":"44","t":"07:05:00","h":"Nord","s":"25N-H54N000A-80-A"},{"r":"44","t":"07:05:00","h":"Nord","s":"25N-H54NV10A-80-A"},{"r":"44","t":"07:05:00","h":"Nord","s":"25N-H54NV20A-80-A"},{"r":"44","t":"07:05:00","h":"Nord","s":"25S-H54S000A-83-A"},{"r":"44","t":"07:07:00","h":"Nord","s":"25N-H54N000I-80-I"},{"r":"44","t":"07:07:00","h":"Nord","s":"25N-H54N100F-80-F1"},{"r":"44","t":"07:07:00","h":"Nord","s":"25N-H54N200F-80-F2"},{"r":"44","t":"07:07:00","h":"Nord","s":"25N-H54N300F-80-F3"},{"r":"44","t":"07:07:00","h":"Nord","s":"25N-H54N400F-80-F4"},{"r":"44","t":"07:07:00","h":"Nord","s":"25N-H54NV10I-80-I"},{"r":"44","t":"07:07:00","h":"Nord","s":"25N-H54NV20I-80-I"},{"r":"44","t":"07:07:00","h":"Nord","s":"25S-H54S000I-82-I"},{"r":"44","t":"07:07:00","h":"Nord","s":"25S-H54S100F-80-F1"},{"r":"44","t":"07:07:00","h":"Nord","s":"25S-H54S200F-80-F2"},{"r":"44","t":"07:20:00","h":"Nord","s":"25N-H54N000S-80-S"},{"r":"44","t":"07:20:00","h":"Nord","s":"25N-H54NV10S-82-S"},{"r":"44","t":"07:20:00","h":"Nord","s":"25N-H54NV20S-80-S"},{"r":"44","t":"07:20:00","h":"Nord","s":"25S-H54S000S-82-S"},{"r":"44","t":"07:37:00","h":"Nord","s":"25N-H54N000A-80-A"},{"r":"44","t":"07:37:00","h":"Nord","s":"25N-H54NV10A-80-A"},{"r":"44","t":"07:37:00","h":"Nord","s":"25N-H54NV20A-80-A"},{"r":"44","t":"07:37:00","h":"Nord","s":"25S-H54S000A-83-A"},{"r":"44","t":"07:39:00","h":"Nord","s":"25N-H54N000I-80-I"},{"r":"44","t":"07:39:00","h":"Nord","s":"25N-H54N000S-80-S"},{"r":"44","t":"07:39:00","h":"Nord","s":"25N-H54N100F-80-F1"},{"r":"44","t":"07:39:00","h":"Nord","s":"25N-H54N200F-80-F2"},{"r":"44","t":"07:39:00","h":"Nord","s":"25N-H54N300F-80-F3"},{"r":"44","t":"07:39:00","h":"Nord","s":"25N-H54N400F-80-F4"},{"r":"44","t":"07:39:00","h":"Nord","s":"25N-H54NV10I-80-I"},{"r":"44","t":"07:39:00","h":"Nord","s":"25N-H54NV10S-82-S"},{"r":"44","t":"07:39:00","h":"Nord","s":"25N-H54NV20I-80-I"},{"r":"44","t":"07:39:00","h":"Nord","s":"25N-H54NV20S-80-S"},{"r":"44","t":"07:39:00","h":"Nord","s":"25S-H54S000I-82-I"},{"r":"44","t":"07:39:00","h":"Nord","s":"25S-H54S000S-82-S"},{"r":"44","t":"07:39:00","h":"Nord","s":"25S-H54S100F-80-F1"},{"r":"44","t":"07:39:00","h":"Nord","s":"25S-H54S200F-80-F2"},{"r":"44","t":"07:58:00","h":"Nord","s":"25N-H54N000S-80-S"},{"r":"44","t":"07:58:00","h":"Nord","s":"25N-H54NV10S-82-S"},{"r":"44","t":"07:58:00","h":"Nord","s":"25N-H54NV20S-80-S"},{"r":"44","t":"07:58:00","h":"Nord","s":"25S-H54S000S-82-S"},{"r":"44","t":"08:07:00","h":"Nord","s":"25N-H54N000A-80-A"},{"r":"44","t":"08:07:00","h":"Nord","s":"25N-H54NV10A-80-A"},{"r":"44","t":"08:07:00","h":"Nord","s":"25N-H54NV20A-80-A"},{"r":"44","t":"08:07:00","h":"Nord","s":"25S-H54S000A-83-A"},{"r":"44","t":"08:11:00","h":"Nord","s":"25N-H54N000I-80-I"},{"r":"44","t":"08:11:00","h":"Nord","s":"25N-H54N100F-80-F1"},{"r":"44","t":"08:11:00","h":"Nord","s":"25N-H54N200F-80-F2"},{"r":"44","t":"08:11:00","h":"Nord","s":"25N-H54N300F-80-F3"},{"r":"44","t":"08:11:00","h":"Nord","s":"25N-H54N400F-80-F4"},{"r":"44","t":"08:11:00","h":"Nord","s":"25N-H54NV10I-80-I"},{"r":"44","t":"08:11:00","h":"Nord","s":"25N-H54NV20I-80-I"},{"r":"44","t":"08:11:00","h":"Nord","s":"25S-H54S000I-82-I"},{"r":"44","t":"08:11:00","h":"Nord","s":"25S-H54S100F-80-F1"},{"r":"44","t":"08:11:00","h":"Nord","s":"25S-H54S200F-80-F2"},{"r":"44","t":"08:17:00","h":"Nord","s":"25N-H54N000S-80-S"},{"r":"44","t":"08:17:00","h":"Nord","s":"25N-H54NV10S-82-S"},{"r":"44","t":"08:17:00","h":"Nord","s":"25N-H54NV20S-80-S"},{"r":"44","t":"08:17:00","h":"Nord","s":"25S-H54S000S-82-S"},{"r":"44","t":"08:35:00","h":"Nord","s":"25N-H54N000S-80-S"},{"r":"44","t":"08:35:00","h":"Nord","s":"25N-H54NV10S-82-S"},{"r":"44","t":"08:35:00","h":"Nord","s":"25N-H54NV20S-80-S"},{"r":"44","t":"08:35:00","h":"Nord","s":"25S-H54S000S-82-S"},{"r":"44","t":"08:37:00","h":"Nord","s":"25N-H54N000A-80-A"},{"r":"44","t":"08:37:00","h":"Nord","s":"25N-H54NV10A-80-A"},{"r":"44","t":"08:37:00","h":"Nord","s":"25N-H54NV20A-80-A"},{"r":"44","t":"08:37:00","h":"Nord","s":"25S-H54S000A-83-A"},{"r":"44","t":"08:41:00","h":"Nord","s":"25N-H54N000I-80-I"},{"r":"44","t":"08:41:00","h":"Nord","s":"25N-H54N100F-80-F1"},{"r":"44","t":"08:41:00","h":"Nord","s":"25N-H54N200F-80-F2"},{"r":"44","t":"08:41:00","h":"Nord","s":"25N-H54N300F-80-F3"},{"r":"44","t":"08:41:00","h":"Nord","s":"25N-H54N400F-80-F4"},{"r":"44","t":"08:41:00","h":"Nord","s":"25N-H54NV10I-80-I"},{"r":"44","t":"08:41:00","h":"Nord","s":"25N-H54NV20I-80-I"},{"r":"44","t":"08:41:00","h":"Nord","s":"25S-H54S000I-82-I"},{"r":"44","t":"08:41:00","h":"Nord","s":"25S-H54S100F-80-F1"},{"r":"44","t":"08:41:00","h":"Nord","s":"25S-H54S200F-80-F2"},{"r":"44","t":"08:54:00","h":"Nord","s":"25N-H54N000S-80-S"},{"r":"44","t":"08:54:00","h":"Nord","s":"25N-H54NV10S-82-S"},{"r":"44","t":"08:54:00","h":"Nord","s":"25N-H54NV20S-80-S"},{"r":"44","t":"08:54:00","h":"Nord","s":"25S-H54S000S-82-S"},{"r":"44","t":"09:05:00","h":"Nord","s":"25N-H54N000A-80-A"},{"r":"44","t":"09:05:00","h":"Nord","s":"25N-H54NV10A-80-A"},{"r":"44","t":"09:05:00","h":"Nord","s":"25N-H54NV20A-80-A"},{"r":"44","t":"09:05:00","h":"Nord","s":"25S-H54S000A-83-A"},{"r":"44","t":"09:10:00","h":"Nord","s":"25N-H54N000I-80-I"},{"r":"44","t":"09:10:00","h":"Nord","s":"25N-H54N100F-80-F1"},{"r":"44","t":"09:10:00","h":"Nord","s":"25N-H54N200F-80-F2"},{"r":"44","t":"09:10:00","h":"Nord","s":"25N-H54N300F-80-F3"},{"r":"44","t":"09:10:00","h":"Nord","s":"25N-H54N400F-80-F4"},{"r":"44","t":"09:10:00","h":"Nord","s":"25N-H54NV10I-80-I"},{"r":"44","t":"09:10:00","h":"Nord","s":"25N-H54NV20I-80-I"},{"r":"44","t":"09:10:00","h":"Nord","s":"25S-H54S000I-82-I"},{"r":"44","t":"09:10:00","h":"Nord","s":"25S-H54S100F-80-F1"},{"r":"44","t":"09:10:00","h":"Nord","s":"25S-H54S200F-80-F2"},{"r":"44","t":"09:12:00","h":"Nord","s":"25N-H54N000S-80-S"},{"r":"44","t":"09:12:00","h":"Nord","s":"25N-H54NV10S-82-S"},{"r":"44","t":"09:12:00","h":"Nord","s":"25N-H54NV20S-80-S"},{"r":"44","t":"09:12:00","h":"Nord","s":"25S-H54S000S-82-S"},{"r":"44","t":"09:26:00","h":"Nord","s":"25N-H54N000A-80-A"},{"r":"44","t":"09:26:00","h":"Nord","s":"25N-H54NV10A-80-A"},{"r":"44","t":"09:26:00","h":"Nord","s":"25N-H54NV20A-80-A"},{"r":"44","t":"09:26:00","h":"Nord","s":"25S-H54S000A-83-A"},{"r":"44","t":"09:31:00","h":"Nord","s":"25N-H54N000S-80-S"},{"r":"44","t":"09:31:00","h":"Nord","s":"25N-H54NV10S-82-S"},{"r":"44","t":"09:31:00","h":"Nord","s":"25N-H54NV20S-80-S"},{"r":"44","t":"09:31:00","h":"Nord","s":"25S-H54S000S-82-S"},{"r":"44","t":"09:36:00","h":"Nord","s":"25N-H54N000I-80-I"},{"r":"44","t":"09:36:00","h":"Nord","s":"25N-H54N100F-80-F1"},{"r":"44","t":"09:36:00","h":"Nord","s":"25N-H54N200F-80-F2"},{"r":"44","t":"09:36:00","h":"Nord","s":"25N-H54N300F-80-F3"},{"r":"44","t":"09:36:00","h":"Nord","s":"25N-H54N400F-80-F4"},{"r":"44","t":"09:36:00","h":"Nord","s":"25N-H54NV10I-80-I"},{"r":"44","t":"09:36:00","h":"Nord","s":"25N-H54NV20I-80-I"},{"r":"44","t":"09:36:00","h":"Nord","s":"25S-H54S000I-82-I"},{"r":"44","t":"09:36:00","h":"Nord","s":"25S-H54S100F-80-F1"},{"r":"44","t":"09:36:00","h":"Nord","s":"25S-H54S200F-80-F2"},{"r":"44","t":"09:46:00","h":"Nord","s":"25N-H54N000A-80-A"},{"r":"44","t":"09:46:00","h":"Nord","s":"25N-H54NV10A-80-A"},{"r":"44","t":"09:46:00","h":"Nord","s":"25N-H54NV20A-80-A"},{"r":"44","t":"09:46:00","h":"Nord","s":"25S-H54S000A-83-A"},{"r":"44","t":"09:53:00","h":"Nord","s":"25N-H54N000S-80-S"},{"r":"44","t":"09:53:00","h":"Nord","s":"25N-H54NV10S-82-S"},{"r":"44","t":"09:53:00","h":"Nord","s":"25N-H54NV20S-80-S"},{"r":"44","t":"09:53:00","h":"Nord","s":"25S-H54S000S-82-S"},{"r":"44","t":"09:57:00","h":"Nord","s":"25N-H54N000I-80-I"},{"r":"44","t":"09:57:00","h":"Nord","s":"25N-H54N100F-80-F1"},{"r":"44","t":"09:57:00","h":"Nord","s":"25N-H54N200F-80-F2"},{"r":"44","t":"09:57:00","h":"Nord","s":"25N-H54N300F-80-F3"},{"r":"44","t":"09:57:00","h":"Nord","s":"25N-H54N400F-80-F4"},{"r":"44","t":"09:57:00","h":"Nord","s":"25N-H54NV10I-80-I"},{"r":"44","t":"09:57:00","h":"Nord","s":"25N-H54NV20I-80-I"},{"r":"44","t":"09:57:00","h":"Nord","s":"25S-H54S000I-82-I"},{"r":"44","t":"09:57:00","h":"Nord","s":"25S-H54S100F-80-F1"},{"r":"44","t":"09:57:00","h":"Nord","s":"25S-H54S200F-80-F2"},{"r":"44","t":"10:07:00","h":"Nord","s":"25N-H54N000A-80-A"},{"r":"44","t":"10:07:00","h":"Nord","s":"25N-H54NV10A-80-A"},{"r":"44","t":"10:07:00","h":"Nord","s":"25N-H54NV20A-80-A"},{"r":"44","t":"10:07:00","h":"Nord","s":"25S-H54S000A-83-A"},{"r":"44","t":"10:15:00","h":"Nord","s":"25N-H54N000S-80-S"},{"r":"44","t":"10:15:00","h":"Nord","s":"25N-H54NV10S-82-S"},{"r":"44","t":"10:15:00","h":"Nord","s":"25N-H54NV20S-80-S"},{"r":"44","t":"10:15:00","h":"Nord","s":"25S-H54S000S-82-S"},{"r":"44","t":"10:18:00","h":"Nord","s":"25N-H54N000I-80-I"},{"r":"44","t":"10:18:00","h":"Nord","s":"25N-H54N100F-80-F1"},{"r":"44","t":"10:18:00","h":"Nord","s":"25N-H54N200F-80-F2"},{"r":"44","t":"10:18:00","h":"Nord","s":"25N-H54N300F-80-F3"},{"r":"44","t":"10:18:00","h":"Nord","s":"25N-H54N400F-80-F4"},{"r":"44","t":"10:18:00","h":"Nord","s":"25N-H54NV10I-80-I"},{"r":"44","t":"10:18:00","h":"Nord","s":"25N-H54NV20I-80-I"},{"r":"44","t":"10:18:00","h":"Nord","s":"25S-H54S000I-82-I"},{"r":"44","t":"10:18:00","h":"Nord","s":"25S-H54S100F-80-F1"},{"r":"44","t":"10:18:00","h":"Nord","s":"25S-H54S200F-80-F2"},{"r":"44","t":"10:27:00","h":"Nord","s":"25N-H54N000A-80-A"},{"r":"44","t":"10:27:00","h":"Nord","s":"25N-H54NV10A-80-A"},{"r":"44","t":"10:27:00","h":"Nord","s":"25N-H54NV20A-80-A"},{"r":"44","t":"10:27:00","h":"Nord","s":"25S-H54S000A-83-A"},{"r":"44","t":"10:37:00","h":"Nord","s":"25N-H54N000S-80-S"},{"r":"44","t":"10:37:00","h":"Nord","s":"25N-H54NV10S-82-S"},{"r":"44","t":"10:37:00","h":"Nord","s":"25N-H54NV20S-80-S"},{"r":"44","t":"10:37:00","h":"Nord","s":"25S-H54S000S-82-S"},{"r":"44","t":"10:39:00","h":"Nord","s":"25N-H54N000I-80-I"},{"r":"44","t":"10:39:00","h":"Nord","s":"25N-H54N100F-80-F1"},{"r":"44","t":"10:39:00","h":"Nord","s":"25N-H54N200F-80-F2"},{"r":"44","t":"10:39:00","h":"Nord","s":"25N-H54N300F-80-F3"},{"r":"44","t":"10:39:00","h":"Nord","s":"25N-H54N400F-80-F4"},{"r":"44","t":"10:39:00","h":"Nord","s":"25N-H54NV10I-80-I"},{"r":"44","t":"10:39:00","h":"Nord","s":"25N-H54NV20I-80-I"},{"r":"44","t":"10:39:00","h":"Nord","s":"25S-H54S000I-82-I"},{"r":"44","t":"10:39:00","h":"Nord","s":"25S-H54S100F-80-F1"},{"r":"44","t":"10:39:00","h":"Nord","s":"25S-H54S200F-80-F2"},{"r":"44","t":"10:47:00","h":"Nord","s":"25N-H54N000A-80-A"},{"r":"44","t":"10:47:00","h":"Nord","s":"25N-H54NV10A-80-A"},{"r":"44","t":"10:47:00","h":"Nord","s":"25N-H54NV20A-80-A"},{"r":"44","t":"10:47:00","h":"Nord","s":"25S-H54S000A-83-A"},{"r":"44","t":"10:58:00","h":"Nord","s":"25N-H54N000S-80-S"},{"r":"44","t":"10:58:00","h":"Nord","s":"25N-H54NV10S-82-S"},{"r":"44","t":"10:58:00","h":"Nord","s":"25N-H54NV20S-80-S"},{"r":"44","t":"10:58:00","h":"Nord","s":"25S-H54S000S-82-S"},{"r":"44","t":"11:04:00","h":"Nord","s":"25N-H54N000I-80-I"},{"r":"44","t":"11:04:00","h":"Nord","s":"25N-H54N100F-80-F1"},{"r":"44","t":"11:04:00","h":"Nord","s":"25N-H54N200F-80-F2"},{"r":"44","t":"11:04:00","h":"Nord","s":"25N-H54N300F-80-F3"},{"r":"44","t":"11:04:00","h":"Nord","s":"25N-H54N400F-80-F4"},{"r":"44","t":"11:04:00","h":"Nord","s":"25N-H54NV10I-80-I"},{"r":"44","t":"11:04:00","h":"Nord","s":"25N-H54NV20I-80-I"},{"r":"44","t":"11:04:00","h":"Nord","s":"25S-H54S000I-82-I"},{"r":"44","t":"11:04:00","h":"Nord","s":"25S-H54S100F-80-F1"},{"r":"44","t":"11:04:00","h":"Nord","s":"25S-H54S200F-80-F2"},{"r":"44","t":"11:08:00","h":"Nord","s":"25N-H54N000A-80-A"},{"r":"44","t":"11:08:00","h":"Nord","s":"25N-H54NV10A-80-A"},{"r":"44","t":"11:08:00","h":"Nord","s":"25N-H54NV20A-80-A"},{"r":"44","t":"11:08:00","h":"Nord","s":"25S-H54S000A-83-A"},{"r":"44","t":"11:18:00","h":"Nord","s":"25N-H54N000S-80-S"},{"r":"44","t":"11:18:00","h":"Nord","s":"25N-H54NV10S-82-S"},{"r":"44","t":"11:18:00","h":"Nord","s":"25N-H54NV20S-80-S"},{"r":"44","t":"11:18:00","h":"Nord","s":"25S-H54S000S-82-S"},{"r":"44","t":"11:29:00","h":"Nord","s":"25N-H54N000A-80-A"},{"r":"44","t":"11:29:00","h":"Nord","s":"25N-H54NV10A-80-A"},{"r":"44","t":"11:29:00","h":"Nord","s":"25N-H54NV20A-80-A"},{"r":"44","t":"11:29:00","h":"Nord","s":"25S-H54S000A-83-A"},{"r":"44","t":"11:30:00","h":"Nord","s":"25N-H54N000I-80-I"},{"r":"44","t":"11:30:00","h":"Nord","s":"25N-H54N100F-80-F1"},{"r":"44","t":"11:30:00","h":"Nord","s":"25N-H54N200F-80-F2"},{"r":"44","t":"11:30:00","h":"Nord","s":"25N-H54N300F-80-F3"},{"r":"44","t":"11:30:00","h":"Nord","s":"25N-H54N400F-80-F4"},{"r":"44","t":"11:30:00","h":"Nord","s":"25N-H54NV10I-80-I"},{"r":"44","t":"11:30:00","h":"Nord","s":"25N-H54NV20I-80-I"},{"r":"44","t":"11:30:00","h":"Nord","s":"25S-H54S000I-82-I"},{"r":"44","t":"11:30:00","h":"Nord","s":"25S-H54S100F-80-F1"},{"r":"44","t":"11:30:00","h":"Nord","s":"25S-H54S200F-80-F2"},{"r":"44","t":"11:34:00","h":"Nord","s":"25N-H54N000S-80-S"},{"r":"44","t":"11:34:00","h":"Nord","s":"25N-H54NV10S-82-S"},{"r":"44","t":"11:34:00","h":"Nord","s":"25N-H54NV20S-80-S"},{"r":"44","t":"11:34:00","h":"Nord","s":"25S-H54S000S-82-S"},{"r":"44","t":"11:49:00","h":"Nord","s":"25N-H54N000S-80-S"},{"r":"44","t":"11:49:00","h":"Nord","s":"25N-H54NV10S-82-S"},{"r":"44","t":"11:49:00","h":"Nord","s":"25N-H54NV20S-80-S"},{"r":"44","t":"11:49:00","h":"Nord","s":"25S-H54S000S-82-S"},{"r":"44","t":"11:50:00","h":"Nord","s":"25N-H54N000A-80-A"},{"r":"44","t":"11:50:00","h":"Nord","s":"25N-H54NV10A-80-A"},{"r":"44","t":"11:50:00","h":"Nord","s":"25N-H54NV20A-80-A"},{"r":"44","t":"11:50:00","h":"Nord","s":"25S-H54S000A-83-A"},{"r":"44","t":"11:55:00","h":"Nord","s":"25N-H54N000I-80-I"},{"r":"44","t":"11:55:00","h":"Nord","s":"25N-H54N100F-80-F1"},{"r":"44","t":"11:55:00","h":"Nord","s":"25N-H54N200F-80-F2"},{"r":"44","t":"11:55:00","h":"Nord","s":"25N-H54N300F-80-F3"},{"r":"44","t":"11:55:00","h":"Nord","s":"25N-H54N400F-80-F4"},{"r":"44","t":"11:55:00","h":"Nord","s":"25N-H54NV10I-80-I"},{"r":"44","t":"11:55:00","h":"Nord","s":"25N-H54NV20I-80-I"},{"r":"44","t":"11:55:00","h":"Nord","s":"25S-H54S000I-82-I"},{"r":"44","t":"11:55:00","h":"Nord","s":"25S-H54S100F-80-F1"},{"r":"44","t":"11:55:00","h":"Nord","s":"25S-H54S200F-80-F2"},{"r":"44","t":"12:04:00","h":"Nord","s":"25N-H54N000S-80-S"},{"r":"44","t":"12:04:00","h":"Nord","s":"25N-H54NV10S-82-S"},{"r":"44","t":"12:04:00","h":"Nord","s":"25N-H54NV20S-80-S"},{"r":"44","t":"12:04:00","h":"Nord","s":"25S-H54S000S-82-S"},{"r":"44","t":"12:11:00","h":"Nord","s":"25N-H54N000A-80-A"},{"r":"44","t":"12:11:00","h":"Nord","s":"25N-H54NV10A-80-A"},{"r":"44","t":"12:11:00","h":"Nord","s":"25N-H54NV20A-80-A"},{"r":"44","t":"12:11:00","h":"Nord","s":"25S-H54S000A-83-A"},{"r":"44","t":"12:14:00","h":"Nord","s":"25N-H54N000I-80-I"},{"r":"44","t":"12:14:00","h":"Nord","s":"25N-H54N100F-80-F1"},{"r":"44","t":"12:14:00","h":"Nord","s":"25N-H54N200F-80-F2"},{"r":"44","t":"12:14:00","h":"Nord","s":"25N-H54N300F-80-F3"},{"r":"44","t":"12:14:00","h":"Nord","s":"25N-H54N400F-80-F4"},{"r":"44","t":"12:14:00","h":"Nord","s":"25N-H54NV10I-80-I"},{"r":"44","t":"12:14:00","h":"Nord","s":"25N-H54NV20I-80-I"},{"r":"44","t":"12:14:00","h":"Nord","s":"25S-H54S000I-82-I"},{"r":"44","t":"12:14:00","h":"Nord","s":"25S-H54S100F-80-F1"},{"r":"44","t":"12:14:00","h":"Nord","s":"25S-H54S200F-80-F2"},{"r":"44","t":"12:23:00","h":"Nord","s":"25N-H54N000S-80-S"},{"r":"44","t":"12:23:00","h":"Nord","s":"25N-H54NV10S-82-S"},{"r":"44","t":"12:23:00","h":"Nord","s":"25N-H54NV20S-80-S"},{"r":"44","t":"12:23:00","h":"Nord","s":"25S-H54S000S-82-S"},{"r":"44","t":"12:32:00","h":"Nord","s":"25N-H54N000A-80-A"},{"r":"44","t":"12:32:00","h":"Nord","s":"25N-H54NV10A-80-A"},{"r":"44","t":"12:32:00","h":"Nord","s":"25N-H54NV20A-80-A"},{"r":"44","t":"12:32:00","h":"Nord","s":"25S-H54S000A-83-A"},{"r":"44","t":"12:33:00","h":"Nord","s":"25N-H54N000I-80-I"},{"r":"44","t":"12:33:00","h":"Nord","s":"25N-H54N100F-80-F1"},{"r":"44","t":"12:33:00","h":"Nord","s":"25N-H54N200F-80-F2"},{"r":"44","t":"12:33:00","h":"Nord","s":"25N-H54N300F-80-F3"},{"r":"44","t":"12:33:00","h":"Nord","s":"25N-H54N400F-80-F4"},{"r":"44","t":"12:33:00","h":"Nord","s":"25N-H54NV10I-80-I"},{"r":"44","t":"12:33:00","h":"Nord","s":"25N-H54NV20I-80-I"},{"r":"44","t":"12:33:00","h":"Nord","s":"25S-H54S000I-82-I"},{"r":"44","t":"12:33:00","h":"Nord","s":"25S-H54S100F-80-F1"},{"r":"44","t":"12:33:00","h":"Nord","s":"25S-H54S200F-80-F2"},{"r":"44","t":"12:42:00","h":"Nord","s":"25N-H54N000S-80-S"},{"r":"44","t":"12:42:00","h":"Nord","s":"25N-H54NV10S-82-S"},{"r":"44","t":"12:42:00","h":"Nord","s":"25N-H54NV20S-80-S"},{"r":"44","t":"12:42:00","h":"Nord","s":"25S-H54S000S-82-S"},{"r":"44","t":"12:49:00","h":"Nord","s":"25N-H54N000A-80-A"},{"r":"44","t":"12:49:00","h":"Nord","s":"25N-H54NV10A-80-A"},{"r":"44","t":"12:49:00","h":"Nord","s":"25N-H54NV20A-80-A"},{"r":"44","t":"12:49:00","h":"Nord","s":"25S-H54S000A-83-A"},{"r":"44","t":"12:53:00","h":"Nord","s":"25N-H54N000I-80-I"},{"r":"44","t":"12:53:00","h":"Nord","s":"25N-H54N100F-80-F1"},{"r":"44","t":"12:53:00","h":"Nord","s":"25N-H54N200F-80-F2"},{"r":"44","t":"12:53:00","h":"Nord","s":"25N-H54N300F-80-F3"},{"r":"44","t":"12:53:00","h":"Nord","s":"25N-H54N400F-80-F4"},{"r":"44","t":"12:53:00","h":"Nord","s":"25N-H54NV10I-80-I"},{"r":"44","t":"12:53:00","h":"Nord","s":"25N-H54NV20I-80-I"},{"r":"44","t":"12:53:00","h":"Nord","s":"25S-H54S000I-82-I"},{"r":"44","t":"12:53:00","h":"Nord","s":"25S-H54S100F-80-F1"},{"r":"44","t":"12:53:00","h":"Nord","s":"25S-H54S200F-80-F2"},{"r":"44","t":"12:58:00","h":"Nord","s":"25N-H54N000S-80-S"},{"r":"44","t":"12:58:00","h":"Nord","s":"25N-H54NV10S-82-S"},{"r":"44","t":"12:58:00","h":"Nord","s":"25N-H54NV20S-80-S"},{"r":"44","t":"12:58:00","h":"Nord","s":"25S-H54S000S-82-S"},{"r":"44","t":"13:06:00","h":"Nord","s":"25N-H54N000A-80-A"},{"r":"44","t":"13:06:00","h":"Nord","s":"25N-H54NV10A-80-A"},{"r":"44","t":"13:06:00","h":"Nord","s":"25N-H54NV20A-80-A"},{"r":"44","t":"13:06:00","h":"Nord","s":"25S-H54S000A-83-A"},{"r":"44","t":"13:13:00","h":"Nord","s":"25N-H54N000I-80-I"},{"r":"44","t":"13:13:00","h":"Nord","s":"25N-H54N100F-80-F1"},{"r":"44","t":"13:13:00","h":"Nord","s":"25N-H54N200F-80-F2"},{"r":"44","t":"13:13:00","h":"Nord","s":"25N-H54N300F-80-F3"},{"r":"44","t":"13:13:00","h":"Nord","s":"25N-H54N400F-80-F4"},{"r":"44","t":"13:13:00","h":"Nord","s":"25N-H54NV10I-80-I"},{"r":"44","t":"13:13:00","h":"Nord","s":"25N-H54NV20I-80-I"},{"r":"44","t":"13:13:00","h":"Nord","s":"25S-H54S000I-82-I"},{"r":"44","t":"13:13:00","h":"Nord","s":"25S-H54S100F-80-F1"},{"r":"44","t":"13:13:00","h":"Nord","s":"25S-H54S200F-80-F2"},{"r":"44","t":"13:14:00","h":"Nord","s":"25N-H54N000S-80-S"},{"r":"44","t":"13:14:00","h":"Nord","s":"25N-H54NV10S-82-S"},{"r":"44","t":"13:14:00","h":"Nord","s":"25N-H54NV20S-80-S"},{"r":"44","t":"13:14:00","h":"Nord","s":"25S-H54S000S-82-S"},{"r":"44","t":"13:23:00","h":"Nord","s":"25N-H54N000A-80-A"},{"r":"44","t":"13:23:00","h":"Nord","s":"25N-H54NV10A-80-A"},{"r":"44","t":"13:23:00","h":"Nord","s":"25N-H54NV20A-80-A"},{"r":"44","t":"13:23:00","h":"Nord","s":"25S-H54S000A-83-A"},{"r":"44","t":"13:31:00","h":"Nord","s":"25N-H54N000S-80-S"},{"r":"44","t":"13:31:00","h":"Nord","s":"25N-H54NV10S-82-S"},{"r":"44","t":"13:31:00","h":"Nord","s":"25N-H54NV20S-80-S"},{"r":"44","t":"13:31:00","h":"Nord","s":"25S-H54S000S-82-S"},{"r":"44","t":"13:33:00","h":"Nord","s":"25N-H54N000I-80-I"},{"r":"44","t":"13:33:00","h":"Nord","s":"25N-H54N100F-80-F1"},{"r":"44","t":"13:33:00","h":"Nord","s":"25N-H54N200F-80-F2"},{"r":"44","t":"13:33:00","h":"Nord","s":"25N-H54N300F-80-F3"},{"r":"44","t":"13:33:00","h":"Nord","s":"25N-H54N400F-80-F4"},{"r":"44","t":"13:33:00","h":"Nord","s":"25N-H54NV10I-80-I"},{"r":"44","t":"13:33:00","h":"Nord","s":"25N-H54NV20I-80-I"},{"r":"44","t":"13:33:00","h":"Nord","s":"25S-H54S000I-82-I"},{"r":"44","t":"13:33:00","h":"Nord","s":"25S-H54S100F-80-F1"},{"r":"44","t":"13:33:00","h":"Nord","s":"25S-H54S200F-80-F2"},{"r":"44","t":"13:40:00","h":"Nord","s":"25N-H54N000A-80-A"},{"r":"44","t":"13:40:00","h":"Nord","s":"25N-H54NV10A-80-A"},{"r":"44","t":"13:40:00","h":"Nord","s":"25N-H54NV20A-80-A"},{"r":"44","t":"13:40:00","h":"Nord","s":"25S-H54S000A-83-A"},{"r":"44","t":"13:46:00","h":"Nord","s":"25N-H54N000S-80-S"},{"r":"44","t":"13:46:00","h":"Nord","s":"25N-H54NV10S-82-S"},{"r":"44","t":"13:46:00","h":"Nord","s":"25N-H54NV20S-80-S"},{"r":"44","t":"13:46:00","h":"Nord","s":"25S-H54S000S-82-S"},{"r":"44","t":"13:52:00","h":"Nord","s":"25N-H54N000I-80-I"},{"r":"44","t":"13:52:00","h":"Nord","s":"25N-H54N100F-80-F1"},{"r":"44","t":"13:52:00","h":"Nord","s":"25N-H54N200F-80-F2"},{"r":"44","t":"13:52:00","h":"Nord","s":"25N-H54N300F-80-F3"},{"r":"44","t":"13:52:00","h":"Nord","s":"25N-H54N400F-80-F4"},{"r":"44","t":"13:52:00","h":"Nord","s":"25N-H54NV10I-80-I"},{"r":"44","t":"13:52:00","h":"Nord","s":"25N-H54NV20I-80-I"},{"r":"44","t":"13:52:00","h":"Nord","s":"25S-H54S000I-82-I"},{"r":"44","t":"13:52:00","h":"Nord","s":"25S-H54S100F-80-F1"},{"r":"44","t":"13:52:00","h":"Nord","s":"25S-H54S200F-80-F2"},{"r":"44","t":"13:56:00","h":"Nord","s":"25N-H54N000A-80-A"},{"r":"44","t":"13:56:00","h":"Nord","s":"25N-H54NV10A-80-A"},{"r":"44","t":"13:56:00","h":"Nord","s":"25N-H54NV20A-80-A"},{"r":"44","t":"13:56:00","h":"Nord","s":"25S-H54S000A-83-A"},{"r":"44","t":"14:00:00","h":"Nord","s":"25N-H54N000S-80-S"},{"r":"44","t":"14:00:00","h":"Nord","s":"25N-H54NV10S-82-S"},{"r":"44","t":"14:00:00","h":"Nord","s":"25N-H54NV20S-80-S"},{"r":"44","t":"14:00:00","h":"Nord","s":"25S-H54S000S-82-S"},{"r":"44","t":"14:11:00","h":"Nord","s":"25N-H54N000I-80-I"},{"r":"44","t":"14:11:00","h":"Nord","s":"25N-H54N100F-80-F1"},{"r":"44","t":"14:11:00","h":"Nord","s":"25N-H54N200F-80-F2"},{"r":"44","t":"14:11:00","h":"Nord","s":"25N-H54N300F-80-F3"},{"r":"44","t":"14:11:00","h":"Nord","s":"25N-H54N400F-80-F4"},{"r":"44","t":"14:11:00","h":"Nord","s":"25N-H54NV10I-80-I"},{"r":"44","t":"14:11:00","h":"Nord","s":"25N-H54NV20I-80-I"},{"r":"44","t":"14:11:00","h":"Nord","s":"25S-H54S000I-82-I"},{"r":"44","t":"14:11:00","h":"Nord","s":"25S-H54S100F-80-F1"},{"r":"44","t":"14:11:00","h":"Nord","s":"25S-H54S200F-80-F2"},{"r":"44","t":"14:12:00","h":"Nord","s":"25N-H54N000A-80-A"},{"r":"44","t":"14:12:00","h":"Nord","s":"25N-H54N000S-80-S"},{"r":"44","t":"14:12:00","h":"Nord","s":"25N-H54NV10A-80-A"},{"r":"44","t":"14:12:00","h":"Nord","s":"25N-H54NV10S-82-S"},{"r":"44","t":"14:12:00","h":"Nord","s":"25N-H54NV20A-80-A"},{"r":"44","t":"14:12:00","h":"Nord","s":"25N-H54NV20S-80-S"},{"r":"44","t":"14:12:00","h":"Nord","s":"25S-H54S000A-83-A"},{"r":"44","t":"14:12:00","h":"Nord","s":"25S-H54S000S-82-S"},{"r":"44","t":"14:23:00","h":"Nord","s":"25N-H54N000S-80-S"},{"r":"44","t":"14:23:00","h":"Nord","s":"25N-H54NV10S-82-S"},{"r":"44","t":"14:23:00","h":"Nord","s":"25N-H54NV20S-80-S"},{"r":"44","t":"14:23:00","h":"Nord","s":"25S-H54S000S-82-S"},{"r":"44","t":"14:27:00","h":"Nord","s":"25N-H54N000A-80-A"},{"r":"44","t":"14:27:00","h":"Nord","s":"25N-H54N000I-80-I"},{"r":"44","t":"14:27:00","h":"Nord","s":"25N-H54N100F-80-F1"},{"r":"44","t":"14:27:00","h":"Nord","s":"25N-H54N200F-80-F2"},{"r":"44","t":"14:27:00","h":"Nord","s":"25N-H54N300F-80-F3"},{"r":"44","t":"14:27:00","h":"Nord","s":"25N-H54N400F-80-F4"},{"r":"44","t":"14:27:00","h":"Nord","s":"25N-H54NV10A-80-A"},{"r":"44","t":"14:27:00","h":"Nord","s":"25N-H54NV10I-80-I"},{"r":"44","t":"14:27:00","h":"Nord","s":"25N-H54NV20A-80-A"},{"r":"44","t":"14:27:00","h":"Nord","s":"25N-H54NV20I-80-I"},{"r":"44","t":"14:27:00","h":"Nord","s":"25S-H54S000A-83-A"},{"r":"44","t":"14:27:00","h":"Nord","s":"25S-H54S000I-82-I"},{"r":"44","t":"14:27:00","h":"Nord","s":"25S-H54S100F-80-F1"},{"r":"44","t":"14:27:00","h":"Nord","s":"25S-H54S200F-80-F2"},{"r":"44","t":"14:35:00","h":"Nord","s":"25N-H54N000S-80-S"},{"r":"44","t":"14:35:00","h":"Nord","s":"25N-H54NV10S-82-S"},{"r":"44","t":"14:35:00","h":"Nord","s":"25N-H54NV20S-80-S"},{"r":"44","t":"14:35:00","h":"Nord","s":"25S-H54S000S-82-S"},{"r":"44","t":"14:42:00","h":"Nord","s":"25N-H54N000A-80-A"},{"r":"44","t":"14:42:00","h":"Nord","s":"25N-H54N000I-80-I"},{"r":"44","t":"14:42:00","h":"Nord","s":"25N-H54N100F-80-F1"},{"r":"44","t":"14:42:00","h":"Nord","s":"25N-H54N200F-80-F2"},{"r":"44","t":"14:42:00","h":"Nord","s":"25N-H54N300F-80-F3"},{"r":"44","t":"14:42:00","h":"Nord","s":"25N-H54N400F-80-F4"},{"r":"44","t":"14:42:00","h":"Nord","s":"25N-H54NV10A-80-A"},{"r":"44","t":"14:42:00","h":"Nord","s":"25N-H54NV10I-80-I"},{"r":"44","t":"14:42:00","h":"Nord","s":"25N-H54NV20A-80-A"},{"r":"44","t":"14:42:00","h":"Nord","s":"25N-H54NV20I-80-I"},{"r":"44","t":"14:42:00","h":"Nord","s":"25S-H54S000A-83-A"},{"r":"44","t":"14:42:00","h":"Nord","s":"25S-H54S000I-82-I"},{"r":"44","t":"14:42:00","h":"Nord","s":"25S-H54S100F-80-F1"},{"r":"44","t":"14:42:00","h":"Nord","s":"25S-H54S200F-80-F2"},{"r":"44","t":"14:47:00","h":"Nord","s":"25N-H54N000S-80-S"},{"r":"44","t":"14:47:00","h":"Nord","s":"25N-H54NV10S-82-S"},{"r":"44","t":"14:47:00","h":"Nord","s":"25N-H54NV20S-80-S"},{"r":"44","t":"14:47:00","h":"Nord","s":"25S-H54S000S-82-S"},{"r":"44","t":"14:56:00","h":"Nord","s":"25N-H54N000A-80-A"},{"r":"44","t":"14:56:00","h":"Nord","s":"25N-H54NV10A-80-A"},{"r":"44","t":"14:56:00","h":"Nord","s":"25N-H54NV20A-80-A"},{"r":"44","t":"14:56:00","h":"Nord","s":"25S-H54S000A-83-A"},{"r":"44","t":"14:57:00","h":"Nord","s":"25N-H54N000I-80-I"},{"r":"44","t":"14:57:00","h":"Nord","s":"25N-H54N100F-80-F1"},{"r":"44","t":"14:57:00","h":"Nord","s":"25N-H54N200F-80-F2"},{"r":"44","t":"14:57:00","h":"Nord","s":"25N-H54N300F-80-F3"},{"r":"44","t":"14:57:00","h":"Nord","s":"25N-H54N400F-80-F4"},{"r":"44","t":"14:57:00","h":"Nord","s":"25N-H54NV10I-80-I"},{"r":"44","t":"14:57:00","h":"Nord","s":"25N-H54NV20I-80-I"},{"r":"44","t":"14:57:00","h":"Nord","s":"25S-H54S000I-82-I"},{"r":"44","t":"14:57:00","h":"Nord","s":"25S-H54S100F-80-F1"},{"r":"44","t":"14:57:00","h":"Nord","s":"25S-H54S200F-80-F2"},{"r":"44","t":"14:58:00","h":"Nord","s":"25N-H54N000S-80-S"},{"r":"44","t":"14:58:00","h":"Nord","s":"25N-H54NV10S-82-S"},{"r":"44","t":"14:58:00","h":"Nord","s":"25N-H54NV20S-80-S"},{"r":"44","t":"14:58:00","h":"Nord","s":"25S-H54S000S-82-S"},{"r":"44","t":"15:09:00","h":"Nord","s":"25N-H54N000S-80-S"},{"r":"44","t":"15:09:00","h":"Nord","s":"25N-H54NV10S-82-S"},{"r":"44","t":"15:09:00","h":"Nord","s":"25N-H54NV20S-80-S"},{"r":"44","t":"15:09:00","h":"Nord","s":"25S-H54S000S-82-S"},{"r":"44","t":"15:10:00","h":"Nord","s":"25N-H54N000A-80-A"},{"r":"44","t":"15:10:00","h":"Nord","s":"25N-H54NV10A-80-A"},{"r":"44","t":"15:10:00","h":"Nord","s":"25N-H54NV20A-80-A"},{"r":"44","t":"15:10:00","h":"Nord","s":"25S-H54S000A-83-A"},{"r":"44","t":"15:12:00","h":"Nord","s":"25N-H54N000I-80-I"},{"r":"44","t":"15:12:00","h":"Nord","s":"25N-H54N100F-80-F1"},{"r":"44","t":"15:12:00","h":"Nord","s":"25N-H54N200F-80-F2"},{"r":"44","t":"15:12:00","h":"Nord","s":"25N-H54N300F-80-F3"},{"r":"44","t":"15:12:00","h":"Nord","s":"25N-H54N400F-80-F4"},{"r":"44","t":"15:12:00","h":"Nord","s":"25N-H54NV10I-80-I"},{"r":"44","t":"15:12:00","h":"Nord","s":"25N-H54NV20I-80-I"},{"r":"44","t":"15:12:00","h":"Nord","s":"25S-H54S000I-82-I"},{"r":"44","t":"15:12:00","h":"Nord","s":"25S-H54S100F-80-F1"},{"r":"44","t":"15:12:00","h":"Nord","s":"25S-H54S200F-80-F2"},{"r":"44","t":"15:19:00","h":"Nord","s":"25N-H54N000S-80-S"},{"r":"44","t":"15:19:00","h":"Nord","s":"25N-H54NV10S-82-S"},{"r":"44","t":"15:19:00","h":"Nord","s":"25N-H54NV20S-80-S"},{"r":"44","t":"15:19:00","h":"Nord","s":"25S-H54S000S-82-S"},{"r":"44","t":"15:24:00","h":"Nord","s":"25N-H54N000A-80-A"},{"r":"44","t":"15:24:00","h":"Nord","s":"25N-H54NV10A-80-A"},{"r":"44","t":"15:24:00","h":"Nord","s":"25N-H54NV20A-80-A"},{"r":"44","t":"15:24:00","h":"Nord","s":"25S-H54S000A-83-A"},{"r":"44","t":"15:27:00","h":"Nord","s":"25N-H54N000I-80-I"},{"r":"44","t":"15:27:00","h":"Nord","s":"25N-H54N100F-80-F1"},{"r":"44","t":"15:27:00","h":"Nord","s":"25N-H54N200F-80-F2"},{"r":"44","t":"15:27:00","h":"Nord","s":"25N-H54N300F-80-F3"},{"r":"44","t":"15:27:00","h":"Nord","s":"25N-H54N400F-80-F4"},{"r":"44","t":"15:27:00","h":"Nord","s":"25N-H54NV10I-80-I"},{"r":"44","t":"15:27:00","h":"Nord","s":"25N-H54NV20I-80-I"},{"r":"44","t":"15:27:00","h":"Nord","s":"25S-H54S000I-82-I"},{"r":"44","t":"15:27:00","h":"Nord","s":"25S-H54S100F-80-F1"},{"r":"44","t":"15:27:00","h":"Nord","s":"25S-H54S200F-80-F2"},{"r":"44","t":"15:29:00","h":"Nord","s":"25N-H54N000S-80-S"},{"r":"44","t":"15:29:00","h":"Nord","s":"25N-H54NV10S-82-S"},{"r":"44","t":"15:29:00","h":"Nord","s":"25N-H54NV20S-80-S"},{"r":"44","t":"15:29:00","h":"Nord","s":"25S-H54S000S-82-S"},{"r":"44","t":"15:38:00","h":"Nord","s":"25N-H54N000A-80-A"},{"r":"44","t":"15:38:00","h":"Nord","s":"25N-H54NV10A-80-A"},{"r":"44","t":"15:38:00","h":"Nord","s":"25N-H54NV20A-80-A"},{"r":"44","t":"15:38:00","h":"Nord","s":"25S-H54S000A-83-A"},{"r":"44","t":"15:39:00","h":"Nord","s":"25N-H54N000S-80-S"},{"r":"44","t":"15:39:00","h":"Nord","s":"25N-H54NV10S-82-S"},{"r":"44","t":"15:39:00","h":"Nord","s":"25N-H54NV20S-80-S"},{"r":"44","t":"15:39:00","h":"Nord","s":"25S-H54S000S-82-S"},{"r":"44","t":"15:41:00","h":"Nord","s":"25N-H54N000I-80-I"},{"r":"44","t":"15:41:00","h":"Nord","s":"25N-H54N100F-80-F1"},{"r":"44","t":"15:41:00","h":"Nord","s":"25N-H54N200F-80-F2"},{"r":"44","t":"15:41:00","h":"Nord","s":"25N-H54N300F-80-F3"},{"r":"44","t":"15:41:00","h":"Nord","s":"25N-H54N400F-80-F4"},{"r":"44","t":"15:41:00","h":"Nord","s":"25N-H54NV10I-80-I"},{"r":"44","t":"15:41:00","h":"Nord","s":"25N-H54NV20I-80-I"},{"r":"44","t":"15:41:00","h":"Nord","s":"25S-H54S000I-82-I"},{"r":"44","t":"15:41:00","h":"Nord","s":"25S-H54S100F-80-F1"},{"r":"44","t":"15:41:00","h":"Nord","s":"25S-H54S200F-80-F2"},{"r":"44","t":"15:49:00","h":"Nord","s":"25N-H54N000S-80-S"},{"r":"44","t":"15:49:00","h":"Nord","s":"25N-H54NV10S-82-S"},{"r":"44","t":"15:49:00","h":"Nord","s":"25N-H54NV20S-80-S"},{"r":"44","t":"15:49:00","h":"Nord","s":"25S-H54S000S-82-S"},{"r":"44","t":"15:52:00","h":"Nord","s":"25N-H54N000A-80-A"},{"r":"44","t":"15:52:00","h":"Nord","s":"25N-H54NV10A-80-A"},{"r":"44","t":"15:52:00","h":"Nord","s":"25N-H54NV20A-80-A"},{"r":"44","t":"15:52:00","h":"Nord","s":"25S-H54S000A-83-A"},{"r":"44","t":"15:54:00","h":"Nord","s":"25N-H54N000I-80-I"},{"r":"44","t":"15:54:00","h":"Nord","s":"25N-H54N100F-80-F1"},{"r":"44","t":"15:54:00","h":"Nord","s":"25N-H54N200F-80-F2"},{"r":"44","t":"15:54:00","h":"Nord","s":"25N-H54N300F-80-F3"},{"r":"44","t":"15:54:00","h":"Nord","s":"25N-H54N400F-80-F4"},{"r":"44","t":"15:54:00","h":"Nord","s":"25N-H54NV10I-80-I"},{"r":"44","t":"15:54:00","h":"Nord","s":"25N-H54NV20I-80-I"},{"r":"44","t":"15:54:00","h":"Nord","s":"25S-H54S000I-82-I"},{"r":"44","t":"15:54:00","h":"Nord","s":"25S-H54S100F-80-F1"},{"r":"44","t":"15:54:00","h":"Nord","s":"25S-H54S200F-80-F2"},{"r":"44","t":"15:58:00","h":"Nord","s":"25N-H54N000S-80-S"},{"r":"44","t":"15:58:00","h":"Nord","s":"25N-H54NV10S-82-S"},{"r":"44","t":"15:58:00","h":"Nord","s":"25N-H54NV20S-80-S"},{"r":"44","t":"15:58:00","h":"Nord","s":"25S-H54S000S-82-S"},{"r":"44","t":"16:02:00","h":"Nord","s":"25N-H54N000A-80-A"},{"r":"44","t":"16:02:00","h":"Nord","s":"25N-H54NV10A-80-A"},{"r":"44","t":"16:02:00","h":"Nord","s":"25N-H54NV20A-80-A"},{"r":"44","t":"16:02:00","h":"Nord","s":"25S-H54S000A-83-A"},{"r":"44","t":"16:07:00","h":"Nord","s":"25N-H54N000S-80-S"},{"r":"44","t":"16:07:00","h":"Nord","s":"25N-H54NV10S-82-S"},{"r":"44","t":"16:07:00","h":"Nord","s":"25N-H54NV20S-80-S"},{"r":"44","t":"16:07:00","h":"Nord","s":"25S-H54S000S-82-S"},{"r":"44","t":"16:08:00","h":"Nord","s":"25N-H54N000I-80-I"},{"r":"44","t":"16:08:00","h":"Nord","s":"25N-H54N100F-80-F1"},{"r":"44","t":"16:08:00","h":"Nord","s":"25N-H54N200F-80-F2"},{"r":"44","t":"16:08:00","h":"Nord","s":"25N-H54N300F-80-F3"},{"r":"44","t":"16:08:00","h":"Nord","s":"25N-H54N400F-80-F4"},{"r":"44","t":"16:08:00","h":"Nord","s":"25N-H54NV10I-80-I"},{"r":"44","t":"16:08:00","h":"Nord","s":"25N-H54NV20I-80-I"},{"r":"44","t":"16:08:00","h":"Nord","s":"25S-H54S000I-82-I"},{"r":"44","t":"16:08:00","h":"Nord","s":"25S-H54S100F-80-F1"},{"r":"44","t":"16:08:00","h":"Nord","s":"25S-H54S200F-80-F2"},{"r":"44","t":"16:12:00","h":"Nord","s":"25N-H54N000A-80-A"},{"r":"44","t":"16:12:00","h":"Nord","s":"25N-H54NV10A-80-A"},{"r":"44","t":"16:12:00","h":"Nord","s":"25N-H54NV20A-80-A"},{"r":"44","t":"16:12:00","h":"Nord","s":"25S-H54S000A-83-A"},{"r":"44","t":"16:15:00","h":"Nord","s":"25N-H54N000S-80-S"},{"r":"44","t":"16:15:00","h":"Nord","s":"25N-H54NV10S-82-S"},{"r":"44","t":"16:15:00","h":"Nord","s":"25N-H54NV20S-80-S"},{"r":"44","t":"16:15:00","h":"Nord","s":"25S-H54S000S-82-S"},{"r":"44","t":"16:22:00","h":"Nord","s":"25N-H54N000A-80-A"},{"r":"44","t":"16:22:00","h":"Nord","s":"25N-H54N000S-80-S"},{"r":"44","t":"16:22:00","h":"Nord","s":"25N-H54NV10A-80-A"},{"r":"44","t":"16:22:00","h":"Nord","s":"25N-H54NV10S-82-S"},{"r":"44","t":"16:22:00","h":"Nord","s":"25N-H54NV20A-80-A"},{"r":"44","t":"16:22:00","h":"Nord","s":"25N-H54NV20S-80-S"},{"r":"44","t":"16:22:00","h":"Nord","s":"25S-H54S000A-83-A"},{"r":"44","t":"16:22:00","h":"Nord","s":"25S-H54S000S-82-S"},{"r":"44","t":"16:23:00","h":"Nord","s":"25N-H54N000I-80-I"},{"r":"44","t":"16:23:00","h":"Nord","s":"25N-H54N100F-80-F1"},{"r":"44","t":"16:23:00","h":"Nord","s":"25N-H54N200F-80-F2"},{"r":"44","t":"16:23:00","h":"Nord","s":"25N-H54N300F-80-F3"},{"r":"44","t":"16:23:00","h":"Nord","s":"25N-H54N400F-80-F4"},{"r":"44","t":"16:23:00","h":"Nord","s":"25N-H54NV10I-80-I"},{"r":"44","t":"16:23:00","h":"Nord","s":"25N-H54NV20I-80-I"},{"r":"44","t":"16:23:00","h":"Nord","s":"25S-H54S000I-82-I"},{"r":"44","t":"16:23:00","h":"Nord","s":"25S-H54S100F-80-F1"},{"r":"44","t":"16:23:00","h":"Nord","s":"25S-H54S200F-80-F2"},{"r":"44","t":"16:29:00","h":"Nord","s":"25N-H54N000S-80-S"},{"r":"44","t":"16:29:00","h":"Nord","s":"25N-H54NV10S-82-S"},{"r":"44","t":"16:29:00","h":"Nord","s":"25N-H54NV20S-80-S"},{"r":"44","t":"16:29:00","h":"Nord","s":"25S-H54S000S-82-S"},{"r":"44","t":"16:35:00","h":"Nord","s":"25N-H54N000A-80-A"},{"r":"44","t":"16:35:00","h":"Nord","s":"25N-H54NV10A-80-A"},{"r":"44","t":"16:35:00","h":"Nord","s":"25N-H54NV20A-80-A"},{"r":"44","t":"16:35:00","h":"Nord","s":"25S-H54S000A-83-A"},{"r":"44","t":"16:37:00","h":"Nord","s":"25N-H54N000I-80-I"},{"r":"44","t":"16:37:00","h":"Nord","s":"25N-H54N100F-80-F1"},{"r":"44","t":"16:37:00","h":"Nord","s":"25N-H54N200F-80-F2"},{"r":"44","t":"16:37:00","h":"Nord","s":"25N-H54N300F-80-F3"},{"r":"44","t":"16:37:00","h":"Nord","s":"25N-H54N400F-80-F4"},{"r":"44","t":"16:37:00","h":"Nord","s":"25N-H54NV10I-80-I"},{"r":"44","t":"16:37:00","h":"Nord","s":"25N-H54NV20I-80-I"},{"r":"44","t":"16:37:00","h":"Nord","s":"25S-H54S000I-82-I"},{"r":"44","t":"16:37:00","h":"Nord","s":"25S-H54S100F-80-F1"},{"r":"44","t":"16:37:00","h":"Nord","s":"25S-H54S200F-80-F2"},{"r":"44","t":"16:38:00","h":"Nord","s":"25N-H54N000S-80-S"},{"r":"44","t":"16:38:00","h":"Nord","s":"25N-H54NV10S-82-S"},{"r":"44","t":"16:38:00","h":"Nord","s":"25N-H54NV20S-80-S"},{"r":"44","t":"16:38:00","h":"Nord","s":"25S-H54S000S-82-S"},{"r":"44","t":"16:45:00","h":"Nord","s":"25N-H54N000S-80-S"},{"r":"44","t":"16:45:00","h":"Nord","s":"25N-H54NV10S-82-S"},{"r":"44","t":"16:45:00","h":"Nord","s":"25N-H54NV20S-80-S"},{"r":"44","t":"16:45:00","h":"Nord","s":"25S-H54S000S-82-S"},{"r":"44","t":"16:46:00","h":"Nord","s":"25N-H54N000A-80-A"},{"r":"44","t":"16:46:00","h":"Nord","s":"25N-H54NV10A-80-A"},{"r":"44","t":"16:46:00","h":"Nord","s":"25N-H54NV20A-80-A"},{"r":"44","t":"16:46:00","h":"Nord","s":"25S-H54S000A-83-A"},{"r":"44","t":"16:51:00","h":"Nord","s":"25N-H54N000I-80-I"},{"r":"44","t":"16:51:00","h":"Nord","s":"25N-H54N100F-80-F1"},{"r":"44","t":"16:51:00","h":"Nord","s":"25N-H54N200F-80-F2"},{"r":"44","t":"16:51:00","h":"Nord","s":"25N-H54N300F-80-F3"},{"r":"44","t":"16:51:00","h":"Nord","s":"25N-H54N400F-80-F4"},{"r":"44","t":"16:51:00","h":"Nord","s":"25N-H54NV10I-80-I"},{"r":"44","t":"16:51:00","h":"Nord","s":"25N-H54NV20I-80-I"},{"r":"44","t":"16:51:00","h":"Nord","s":"25S-H54S000I-82-I"},{"r":"44","t":"16:51:00","h":"Nord","s":"25S-H54S100F-80-F1"},{"r":"44","t":"16:51:00","h":"Nord","s":"25S-H54S200F-80-F2"},{"r":"44","t":"16:52:00","h":"Nord","s":"25N-H54N000S-80-S"},{"r":"44","t":"16:52:00","h":"Nord","s":"25N-H54NV10S-82-S"},{"r":"44","t":"16:52:00","h":"Nord","s":"25N-H54NV20S-80-S"},{"r":"44","t":"16:52:00","h":"Nord","s":"25S-H54S000S-82-S"},{"r":"44","t":"16:56:00","h":"Nord","s":"25N-H54N000A-80-A"},{"r":"44","t":"16:56:00","h":"Nord","s":"25N-H54NV10A-80-A"},{"r":"44","t":"16:56:00","h":"Nord","s":"25N-H54NV20A-80-A"},{"r":"44","t":"16:56:00","h":"Nord","s":"25S-H54S000A-83-A"},{"r":"44","t":"17:00:00","h":"Nord","s":"25N-H54N000S-80-S"},{"r":"44","t":"17:00:00","h":"Nord","s":"25N-H54NV10S-82-S"},{"r":"44","t":"17:00:00","h":"Nord","s":"25N-H54NV20S-80-S"},{"r":"44","t":"17:00:00","h":"Nord","s":"25S-H54S000S-82-S"},{"r":"44","t":"17:04:00","h":"Nord","s":"25N-H54N000I-80-I"},{"r":"44","t":"17:04:00","h":"Nord","s":"25N-H54N100F-80-F1"},{"r":"44","t":"17:04:00","h":"Nord","s":"25N-H54N200F-80-F2"},{"r":"44","t":"17:04:00","h":"Nord","s":"25N-H54N300F-80-F3"},{"r":"44","t":"17:04:00","h":"Nord","s":"25N-H54N400F-80-F4"},{"r":"44","t":"17:04:00","h":"Nord","s":"25N-H54NV10I-80-I"},{"r":"44","t":"17:04:00","h":"Nord","s":"25N-H54NV20I-80-I"},{"r":"44","t":"17:04:00","h":"Nord","s":"25S-H54S000I-82-I"},{"r":"44","t":"17:04:00","h":"Nord","s":"25S-H54S100F-80-F1"},{"r":"44","t":"17:04:00","h":"Nord","s":"25S-H54S200F-80-F2"},{"r":"44","t":"17:07:00","h":"Nord","s":"25N-H54N000A-80-A"},{"r":"44","t":"17:07:00","h":"Nord","s":"25N-H54N000S-80-S"},{"r":"44","t":"17:07:00","h":"Nord","s":"25N-H54NV10A-80-A"},{"r":"44","t":"17:07:00","h":"Nord","s":"25N-H54NV10S-82-S"},{"r":"44","t":"17:07:00","h":"Nord","s":"25N-H54NV20A-80-A"},{"r":"44","t":"17:07:00","h":"Nord","s":"25N-H54NV20S-80-S"},{"r":"44","t":"17:07:00","h":"Nord","s":"25S-H54S000A-83-A"},{"r":"44","t":"17:07:00","h":"Nord","s":"25S-H54S000S-82-S"},{"r":"44","t":"17:13:00","h":"Nord","s":"25N-H54N000S-80-S"},{"r":"44","t":"17:13:00","h":"Nord","s":"25N-H54NV10S-82-S"},{"r":"44","t":"17:13:00","h":"Nord","s":"25N-H54NV20S-80-S"},{"r":"44","t":"17:13:00","h":"Nord","s":"25S-H54S000S-82-S"},{"r":"44","t":"17:18:00","h":"Nord","s":"25N-H54N000A-80-A"},{"r":"44","t":"17:18:00","h":"Nord","s":"25N-H54N000I-80-I"},{"r":"44","t":"17:18:00","h":"Nord","s":"25N-H54N100F-80-F1"},{"r":"44","t":"17:18:00","h":"Nord","s":"25N-H54N200F-80-F2"},{"r":"44","t":"17:18:00","h":"Nord","s":"25N-H54N300F-80-F3"},{"r":"44","t":"17:18:00","h":"Nord","s":"25N-H54N400F-80-F4"},{"r":"44","t":"17:18:00","h":"Nord","s":"25N-H54NV10A-80-A"},{"r":"44","t":"17:18:00","h":"Nord","s":"25N-H54NV10I-80-I"},{"r":"44","t":"17:18:00","h":"Nord","s":"25N-H54NV20A-80-A"},{"r":"44","t":"17:18:00","h":"Nord","s":"25N-H54NV20I-80-I"},{"r":"44","t":"17:18:00","h":"Nord","s":"25S-H54S000A-83-A"},{"r":"44","t":"17:18:00","h":"Nord","s":"25S-H54S000I-82-I"},{"r":"44","t":"17:18:00","h":"Nord","s":"25S-H54S100F-80-F1"},{"r":"44","t":"17:18:00","h":"Nord","s":"25S-H54S200F-80-F2"},{"r":"44","t":"17:20:00","h":"Nord","s":"25N-H54N000S-80-S"},{"r":"44","t":"17:20:00","h":"Nord","s":"25N-H54NV10S-82-S"},{"r":"44","t":"17:20:00","h":"Nord","s":"25N-H54NV20S-80-S"},{"r":"44","t":"17:20:00","h":"Nord","s":"25S-H54S000S-82-S"},{"r":"44","t":"17:28:00","h":"Nord","s":"25N-H54N000S-80-S"},{"r":"44","t":"17:28:00","h":"Nord","s":"25N-H54NV10S-82-S"},{"r":"44","t":"17:28:00","h":"Nord","s":"25N-H54NV20S-80-S"},{"r":"44","t":"17:28:00","h":"Nord","s":"25S-H54S000S-82-S"},{"r":"44","t":"17:29:00","h":"Nord","s":"25N-H54N000A-80-A"},{"r":"44","t":"17:29:00","h":"Nord","s":"25N-H54NV10A-80-A"},{"r":"44","t":"17:29:00","h":"Nord","s":"25N-H54NV20A-80-A"},{"r":"44","t":"17:29:00","h":"Nord","s":"25S-H54S000A-83-A"},{"r":"44","t":"17:32:00","h":"Nord","s":"25N-H54N000I-80-I"},{"r":"44","t":"17:32:00","h":"Nord","s":"25N-H54N100F-80-F1"},{"r":"44","t":"17:32:00","h":"Nord","s":"25N-H54N200F-80-F2"},{"r":"44","t":"17:32:00","h":"Nord","s":"25N-H54N300F-80-F3"},{"r":"44","t":"17:32:00","h":"Nord","s":"25N-H54N400F-80-F4"},{"r":"44","t":"17:32:00","h":"Nord","s":"25N-H54NV10I-80-I"},{"r":"44","t":"17:32:00","h":"Nord","s":"25N-H54NV20I-80-I"},{"r":"44","t":"17:32:00","h":"Nord","s":"25S-H54S000I-82-I"},{"r":"44","t":"17:32:00","h":"Nord","s":"25S-H54S100F-80-F1"},{"r":"44","t":"17:32:00","h":"Nord","s":"25S-H54S200F-80-F2"},{"r":"44","t":"17:38:00","h":"Nord","s":"25N-H54N000S-80-S"},{"r":"44","t":"17:38:00","h":"Nord","s":"25N-H54NV10S-82-S"},{"r":"44","t":"17:38:00","h":"Nord","s":"25N-H54NV20S-80-S"},{"r":"44","t":"17:38:00","h":"Nord","s":"25S-H54S000S-82-S"},{"r":"44","t":"17:40:00","h":"Nord","s":"25N-H54N000A-80-A"},{"r":"44","t":"17:40:00","h":"Nord","s":"25N-H54NV10A-80-A"},{"r":"44","t":"17:40:00","h":"Nord","s":"25N-H54NV20A-80-A"},{"r":"44","t":"17:40:00","h":"Nord","s":"25S-H54S000A-83-A"},{"r":"44","t":"17:47:00","h":"Nord","s":"25N-H54N000I-80-I"},{"r":"44","t":"17:47:00","h":"Nord","s":"25N-H54N100F-80-F1"},{"r":"44","t":"17:47:00","h":"Nord","s":"25N-H54N200F-80-F2"},{"r":"44","t":"17:47:00","h":"Nord","s":"25N-H54N300F-80-F3"},{"r":"44","t":"17:47:00","h":"Nord","s":"25N-H54N400F-80-F4"},{"r":"44","t":"17:47:00","h":"Nord","s":"25N-H54NV10I-80-I"},{"r":"44","t":"17:47:00","h":"Nord","s":"25N-H54NV20I-80-I"},{"r":"44","t":"17:47:00","h":"Nord","s":"25S-H54S000I-82-I"},{"r":"44","t":"17:47:00","h":"Nord","s":"25S-H54S100F-80-F1"},{"r":"44","t":"17:47:00","h":"Nord","s":"25S-H54S200F-80-F2"},{"r":"44","t":"17:48:00","h":"Nord","s":"25N-H54N000S-80-S"},{"r":"44","t":"17:48:00","h":"Nord","s":"25N-H54NV10S-82-S"},{"r":"44","t":"17:48:00","h":"Nord","s":"25N-H54NV20S-80-S"},{"r":"44","t":"17:48:00","h":"Nord","s":"25S-H54S000S-82-S"},{"r":"44","t":"17:51:00","h":"Nord","s":"25N-H54N000A-80-A"},{"r":"44","t":"17:51:00","h":"Nord","s":"25N-H54NV10A-80-A"},{"r":"44","t":"17:51:00","h":"Nord","s":"25N-H54NV20A-80-A"},{"r":"44","t":"17:51:00","h":"Nord","s":"25S-H54S000A-83-A"},{"r":"44","t":"17:58:00","h":"Nord","s":"25N-H54N000S-80-S"},{"r":"44","t":"17:58:00","h":"Nord","s":"25N-H54NV10S-82-S"},{"r":"44","t":"17:58:00","h":"Nord","s":"25N-H54NV20S-80-S"},{"r":"44","t":"17:58:00","h":"Nord","s":"25S-H54S000S-82-S"},{"r":"44","t":"18:02:00","h":"Nord","s":"25N-H54N000A-80-A"},{"r":"44","t":"18:02:00","h":"Nord","s":"25N-H54N000I-80-I"},{"r":"44","t":"18:02:00","h":"Nord","s":"25N-H54N100F-80-F1"},{"r":"44","t":"18:02:00","h":"Nord","s":"25N-H54N200F-80-F2"},{"r":"44","t":"18:02:00","h":"Nord","s":"25N-H54N300F-80-F3"},{"r":"44","t":"18:02:00","h":"Nord","s":"25N-H54N400F-80-F4"},{"r":"44","t":"18:02:00","h":"Nord","s":"25N-H54NV10A-80-A"},{"r":"44","t":"18:02:00","h":"Nord","s":"25N-H54NV10I-80-I"},{"r":"44","t":"18:02:00","h":"Nord","s":"25N-H54NV20A-80-A"},{"r":"44","t":"18:02:00","h":"Nord","s":"25N-H54NV20I-80-I"},{"r":"44","t":"18:02:00","h":"Nord","s":"25S-H54S000A-83-A"},{"r":"44","t":"18:02:00","h":"Nord","s":"25S-H54S000I-82-I"},{"r":"44","t":"18:02:00","h":"Nord","s":"25S-H54S100F-80-F1"},{"r":"44","t":"18:02:00","h":"Nord","s":"25S-H54S200F-80-F2"},{"r":"44","t":"18:07:00","h":"Nord","s":"25N-H54N000S-80-S"},{"r":"44","t":"18:07:00","h":"Nord","s":"25N-H54NV10S-82-S"},{"r":"44","t":"18:07:00","h":"Nord","s":"25N-H54NV20S-80-S"},{"r":"44","t":"18:07:00","h":"Nord","s":"25S-H54S000S-82-S"},{"r":"44","t":"18:13:00","h":"Nord","s":"25N-H54N000A-80-A"},{"r":"44","t":"18:13:00","h":"Nord","s":"25N-H54NV10A-80-A"},{"r":"44","t":"18:13:00","h":"Nord","s":"25N-H54NV20A-80-A"},{"r":"44","t":"18:13:00","h":"Nord","s":"25S-H54S000A-83-A"},{"r":"44","t":"18:17:00","h":"Nord","s":"25N-H54N000I-80-I"},{"r":"44","t":"18:17:00","h":"Nord","s":"25N-H54N100F-80-F1"},{"r":"44","t":"18:17:00","h":"Nord","s":"25N-H54N200F-80-F2"},{"r":"44","t":"18:17:00","h":"Nord","s":"25N-H54N300F-80-F3"},{"r":"44","t":"18:17:00","h":"Nord","s":"25N-H54N400F-80-F4"},{"r":"44","t":"18:17:00","h":"Nord","s":"25N-H54NV10I-80-I"},{"r":"44","t":"18:17:00","h":"Nord","s":"25N-H54NV20I-80-I"},{"r":"44","t":"18:17:00","h":"Nord","s":"25S-H54S000I-82-I"},{"r":"44","t":"18:17:00","h":"Nord","s":"25S-H54S100F-80-F1"},{"r":"44","t":"18:17:00","h":"Nord","s":"25S-H54S200F-80-F2"},{"r":"44","t":"18:19:00","h":"Nord","s":"25N-H54N000S-80-S"},{"r":"44","t":"18:19:00","h":"Nord","s":"25N-H54NV10S-82-S"},{"r":"44","t":"18:19:00","h":"Nord","s":"25N-H54NV20S-80-S"},{"r":"44","t":"18:19:00","h":"Nord","s":"25S-H54S000S-82-S"},{"r":"44","t":"18:29:00","h":"Nord","s":"25N-H54N000A-80-A"},{"r":"44","t":"18:29:00","h":"Nord","s":"25N-H54NV10A-80-A"},{"r":"44","t":"18:29:00","h":"Nord","s":"25N-H54NV20A-80-A"},{"r":"44","t":"18:29:00","h":"Nord","s":"25S-H54S000A-83-A"},{"r":"44","t":"18:32:00","h":"Nord","s":"25N-H54N000S-80-S"},{"r":"44","t":"18:32:00","h":"Nord","s":"25N-H54NV10S-82-S"},{"r":"44","t":"18:32:00","h":"Nord","s":"25N-H54NV20S-80-S"},{"r":"44","t":"18:32:00","h":"Nord","s":"25S-H54S000S-82-S"},{"r":"44","t":"18:33:00","h":"Nord","s":"25N-H54N000I-80-I"},{"r":"44","t":"18:33:00","h":"Nord","s":"25N-H54N100F-80-F1"},{"r":"44","t":"18:33:00","h":"Nord","s":"25N-H54N200F-80-F2"},{"r":"44","t":"18:33:00","h":"Nord","s":"25N-H54N300F-80-F3"},{"r":"44","t":"18:33:00","h":"Nord","s":"25N-H54N400F-80-F4"},{"r":"44","t":"18:33:00","h":"Nord","s":"25N-H54NV10I-80-I"},{"r":"44","t":"18:33:00","h":"Nord","s":"25N-H54NV20I-80-I"},{"r":"44","t":"18:33:00","h":"Nord","s":"25S-H54S000I-82-I"},{"r":"44","t":"18:33:00","h":"Nord","s":"25S-H54S100F-80-F1"},{"r":"44","t":"18:33:00","h":"Nord","s":"25S-H54S200F-80-F2"},{"r":"44","t":"18:44:00","h":"Nord","s":"25N-H54N000S-80-S"},{"r":"44","t":"18:44:00","h":"Nord","s":"25N-H54NV10S-82-S"},{"r":"44","t":"18:44:00","h":"Nord","s":"25N-H54NV20S-80-S"},{"r":"44","t":"18:44:00","h":"Nord","s":"25S-H54S000S-82-S"},{"r":"44","t":"18:45:00","h":"Nord","s":"25N-H54N000A-80-A"},{"r":"44","t":"18:45:00","h":"Nord","s":"25N-H54NV10A-80-A"},{"r":"44","t":"18:45:00","h":"Nord","s":"25N-H54NV20A-80-A"},{"r":"44","t":"18:45:00","h":"Nord","s":"25S-H54S000A-83-A"},{"r":"44","t":"18:48:00","h":"Nord","s":"25N-H54N000I-80-I"},{"r":"44","t":"18:48:00","h":"Nord","s":"25N-H54N100F-80-F1"},{"r":"44","t":"18:48:00","h":"Nord","s":"25N-H54N200F-80-F2"},{"r":"44","t":"18:48:00","h":"Nord","s":"25N-H54N300F-80-F3"},{"r":"44","t":"18:48:00","h":"Nord","s":"25N-H54N400F-80-F4"},{"r":"44","t":"18:48:00","h":"Nord","s":"25N-H54NV10I-80-I"},{"r":"44","t":"18:48:00","h":"Nord","s":"25N-H54NV20I-80-I"},{"r":"44","t":"18:48:00","h":"Nord","s":"25S-H54S000I-82-I"},{"r":"44","t":"18:48:00","h":"Nord","s":"25S-H54S100F-80-F1"},{"r":"44","t":"18:48:00","h":"Nord","s":"25S-H54S200F-80-F2"},{"r":"44","t":"19:00:00","h":"Nord","s":"25N-H54N000S-80-S"},{"r":"44","t":"19:00:00","h":"Nord","s":"25N-H54NV10S-82-S"},{"r":"44","t":"19:00:00","h":"Nord","s":"25N-H54NV20S-80-S"},{"r":"44","t":"19:00:00","h":"Nord","s":"25S-H54S000S-82-S"},{"r":"44","t":"19:02:00","h":"Nord","s":"25N-H54N000A-80-A"},{"r":"44","t":"19:02:00","h":"Nord","s":"25N-H54NV10A-80-A"},{"r":"44","t":"19:02:00","h":"Nord","s":"25N-H54NV20A-80-A"},{"r":"44","t":"19:02:00","h":"Nord","s":"25S-H54S000A-83-A"},{"r":"44","t":"19:09:00","h":"Nord","s":"25N-H54N000I-80-I"},{"r":"44","t":"19:09:00","h":"Nord","s":"25N-H54N100F-80-F1"},{"r":"44","t":"19:09:00","h":"Nord","s":"25N-H54N200F-80-F2"},{"r":"44","t":"19:09:00","h":"Nord","s":"25N-H54N300F-80-F3"},{"r":"44","t":"19:09:00","h":"Nord","s":"25N-H54N400F-80-F4"},{"r":"44","t":"19:09:00","h":"Nord","s":"25N-H54NV10I-80-I"},{"r":"44","t":"19:09:00","h":"Nord","s":"25N-H54NV20I-80-I"},{"r":"44","t":"19:09:00","h":"Nord","s":"25S-H54S000I-82-I"},{"r":"44","t":"19:09:00","h":"Nord","s":"25S-H54S100F-80-F1"},{"r":"44","t":"19:09:00","h":"Nord","s":"25S-H54S200F-80-F2"},{"r":"44","t":"19:16:00","h":"Nord","s":"25N-H54N000S-80-S"},{"r":"44","t":"19:16:00","h":"Nord","s":"25N-H54NV10S-82-S"},{"r":"44","t":"19:16:00","h":"Nord","s":"25N-H54NV20S-80-S"},{"r":"44","t":"19:16:00","h":"Nord","s":"25S-H54S000S-82-S"},{"r":"44","t":"19:25:00","h":"Nord","s":"25N-H54N000A-80-A"},{"r":"44","t":"19:25:00","h":"Nord","s":"25N-H54NV10A-80-A"},{"r":"44","t":"19:25:00","h":"Nord","s":"25N-H54NV20A-80-A"},{"r":"44","t":"19:25:00","h":"Nord","s":"25S-H54S000A-83-A"},{"r":"44","t":"19:30:00","h":"Nord","s":"25N-H54N000I-80-I"},{"r":"44","t":"19:30:00","h":"Nord","s":"25N-H54N100F-80-F1"},{"r":"44","t":"19:30:00","h":"Nord","s":"25N-H54N200F-80-F2"},{"r":"44","t":"19:30:00","h":"Nord","s":"25N-H54N300F-80-F3"},{"r":"44","t":"19:30:00","h":"Nord","s":"25N-H54N400F-80-F4"},{"r":"44","t":"19:30:00","h":"Nord","s":"25N-H54NV10I-80-I"},{"r":"44","t":"19:30:00","h":"Nord","s":"25N-H54NV20I-80-I"},{"r":"44","t":"19:30:00","h":"Nord","s":"25S-H54S000I-82-I"},{"r":"44","t":"19:30:00","h":"Nord","s":"25S-H54S100F-80-F1"},{"r":"44","t":"19:30:00","h":"Nord","s":"25S-H54S200F-80-F2"},{"r":"44","t":"19:32:00","h":"Nord","s":"25N-H54N000S-80-S"},{"r":"44","t":"19:32:00","h":"Nord","s":"25N-H54NV10S-82-S"},{"r":"44","t":"19:32:00","h":"Nord","s":"25N-H54NV20S-80-S"},{"r":"44","t":"19:32:00","h":"Nord","s":"25S-H54S000S-82-S"},{"r":"44","t":"19:45:00","h":"Nord","s":"25N-H54N000S-80-S"},{"r":"44","t":"19:45:00","h":"Nord","s":"25N-H54NV10S-82-S"},{"r":"44","t":"19:45:00","h":"Nord","s":"25N-H54NV20S-80-S"},{"r":"44","t":"19:45:00","h":"Nord","s":"25S-H54S000S-82-S"},{"r":"44","t":"19:48:00","h":"Nord","s":"25N-H54N000A-80-A"},{"r":"44","t":"19:48:00","h":"Nord","s":"25N-H54NV10A-80-A"},{"r":"44","t":"19:48:00","h":"Nord","s":"25N-H54NV20A-80-A"},{"r":"44","t":"19:48:00","h":"Nord","s":"25S-H54S000A-83-A"},{"r":"44","t":"19:51:00","h":"Nord","s":"25N-H54N000I-80-I"},{"r":"44","t":"19:51:00","h":"Nord","s":"25N-H54N100F-80-F1"},{"r":"44","t":"19:51:00","h":"Nord","s":"25N-H54N200F-80-F2"},{"r":"44","t":"19:51:00","h":"Nord","s":"25N-H54N300F-80-F3"},{"r":"44","t":"19:51:00","h":"Nord","s":"25N-H54N400F-80-F4"},{"r":"44","t":"19:51:00","h":"Nord","s":"25N-H54NV10I-80-I"},{"r":"44","t":"19:51:00","h":"Nord","s":"25N-H54NV20I-80-I"},{"r":"44","t":"19:51:00","h":"Nord","s":"25S-H54S000I-82-I"},{"r":"44","t":"19:51:00","h":"Nord","s":"25S-H54S100F-80-F1"},{"r":"44","t":"19:51:00","h":"Nord","s":"25S-H54S200F-80-F2"},{"r":"44","t":"19:58:00","h":"Nord","s":"25N-H54N000S-80-S"},{"r":"44","t":"19:58:00","h":"Nord","s":"25N-H54NV10S-82-S"},{"r":"44","t":"19:58:00","h":"Nord","s":"25N-H54NV20S-80-S"},{"r":"44","t":"19:58:00","h":"Nord","s":"25S-H54S000S-82-S"},{"r":"44","t":"20:08:00","h":"Nord","s":"25N-H54N000A-80-A"},{"r":"44","t":"20:08:00","h":"Nord","s":"25N-H54NV10A-80-A"},{"r":"44","t":"20:08:00","h":"Nord","s":"25N-H54NV20A-80-A"},{"r":"44","t":"20:08:00","h":"Nord","s":"25S-H54S000A-83-A"},{"r":"44","t":"20:22:00","h":"Nord","s":"25N-H54N000S-80-S"},{"r":"44","t":"20:22:00","h":"Nord","s":"25N-H54NV10S-82-S"},{"r":"44","t":"20:22:00","h":"Nord","s":"25N-H54NV20S-80-S"},{"r":"44","t":"20:22:00","h":"Nord","s":"25S-H54S000S-82-S"},{"r":"44","t":"20:24:00","h":"Nord","s":"25N-H54N000I-80-I"},{"r":"44","t":"20:24:00","h":"Nord","s":"25N-H54N100F-80-F1"},{"r":"44","t":"20:24:00","h":"Nord","s":"25N-H54N200F-80-F2"},{"r":"44","t":"20:24:00","h":"Nord","s":"25N-H54N300F-80-F3"},{"r":"44","t":"20:24:00","h":"Nord","s":"25N-H54N400F-80-F4"},{"r":"44","t":"20:24:00","h":"Nord","s":"25N-H54NV10I-80-I"},{"r":"44","t":"20:24:00","h":"Nord","s":"25N-H54NV20I-80-I"},{"r":"44","t":"20:24:00","h":"Nord","s":"25S-H54S000I-82-I"},{"r":"44","t":"20:24:00","h":"Nord","s":"25S-H54S100F-80-F1"},{"r":"44","t":"20:24:00","h":"Nord","s":"25S-H54S200F-80-F2"},{"r":"44","t":"20:28:00","h":"Nord","s":"25N-H54N000A-80-A"},{"r":"44","t":"20:28:00","h":"Nord","s":"25N-H54NV10A-80-A"},{"r":"44","t":"20:28:00","h":"Nord","s":"25N-H54NV20A-80-A"},{"r":"44","t":"20:28:00","h":"Nord","s":"25S-H54S000A-83-A"},{"r":"44","t":"20:47:00","h":"Nord","s":"25N-H54N000S-80-S"},{"r":"44","t":"20:47:00","h":"Nord","s":"25N-H54NV10S-82-S"},{"r":"44","t":"20:47:00","h":"Nord","s":"25N-H54NV20S-80-S"},{"r":"44","t":"20:47:00","h":"Nord","s":"25S-H54S000S-82-S"},{"r":"44","t":"20:51:00","h":"Nord","s":"25N-H54N000A-80-A"},{"r":"44","t":"20:51:00","h":"Nord","s":"25N-H54NV10A-80-A"},{"r":"44","t":"20:51:00","h":"Nord","s":"25N-H54NV20A-80-A"},{"r":"44","t":"20:51:00","h":"Nord","s":"25S-H54S000A-83-A"},{"r":"44","t":"20:57:00","h":"Nord","s":"25N-H54N000I-80-I"},{"r":"44","t":"20:57:00","h":"Nord","s":"25N-H54N100F-80-F1"},{"r":"44","t":"20:57:00","h":"Nord","s":"25N-H54N200F-80-F2"},{"r":"44","t":"20:57:00","h":"Nord","s":"25N-H54N300F-80-F3"},{"r":"44","t":"20:57:00","h":"Nord","s":"25N-H54N400F-80-F4"},{"r":"44","t":"20:57:00","h":"Nord","s":"25N-H54NV10I-80-I"},{"r":"44","t":"20:57:00","h":"Nord","s":"25N-H54NV20I-80-I"},{"r":"44","t":"20:57:00","h":"Nord","s":"25S-H54S000I-82-I"},{"r":"44","t":"20:57:00","h":"Nord","s":"25S-H54S100F-80-F1"},{"r":"44","t":"20:57:00","h":"Nord","s":"25S-H54S200F-80-F2"},{"r":"44","t":"21:11:00","h":"Nord","s":"25N-H54N000S-80-S"},{"r":"44","t":"21:11:00","h":"Nord","s":"25N-H54NV10S-82-S"},{"r":"44","t":"21:11:00","h":"Nord","s":"25N-H54NV20S-80-S"},{"r":"44","t":"21:11:00","h":"Nord","s":"25S-H54S000S-82-S"},{"r":"44","t":"21:16:00","h":"Nord","s":"25N-H54N000A-80-A"},{"r":"44","t":"21:16:00","h":"Nord","s":"25N-H54NV10A-80-A"},{"r":"44","t":"21:16:00","h":"Nord","s":"25N-H54NV20A-80-A"},{"r":"44","t":"21:16:00","h":"Nord","s":"25S-H54S000A-83-A"},{"r":"44","t":"21:30:00","h":"Nord","s":"25N-H54N000I-80-I"},{"r":"44","t":"21:30:00","h":"Nord","s":"25N-H54N100F-80-F1"},{"r":"44","t":"21:30:00","h":"Nord","s":"25N-H54N200F-80-F2"},{"r":"44","t":"21:30:00","h":"Nord","s":"25N-H54N300F-80-F3"},{"r":"44","t":"21:30:00","h":"Nord","s":"25N-H54N400F-80-F4"},{"r":"44","t":"21:30:00","h":"Nord","s":"25N-H54NV10I-80-I"},{"r":"44","t":"21:30:00","h":"Nord","s":"25N-H54NV20I-80-I"},{"r":"44","t":"21:30:00","h":"Nord","s":"25S-H54S000I-82-I"},{"r":"44","t":"21:30:00","h":"Nord","s":"25S-H54S100F-80-F1"},{"r":"44","t":"21:30:00","h":"Nord","s":"25S-H54S200F-80-F2"},{"r":"44","t":"21:34:00","h":"Nord","s":"25N-H54N000S-80-S"},{"r":"44","t":"21:34:00","h":"Nord","s":"25N-H54NV10S-82-S"},{"r":"44","t":"21:34:00","h":"Nord","s":"25N-H54NV20S-80-S"},{"r":"44","t":"21:34:00","h":"Nord","s":"25S-H54S000S-82-S"},{"r":"44","t":"21:41:00","h":"Nord","s":"25N-H54N000A-80-A"},{"r":"44","t":"21:41:00","h":"Nord","s":"25N-H54NV10A-80-A"},{"r":"44","t":"21:41:00","h":"Nord","s":"25N-H54NV20A-80-A"},{"r":"44","t":"21:41:00","h":"Nord","s":"25S-H54S000A-83-A"},{"r":"44","t":"21:58:00","h":"Nord","s":"25N-H54N000S-80-S"},{"r":"44","t":"21:58:00","h":"Nord","s":"25N-H54NV10S-82-S"},{"r":"44","t":"21:58:00","h":"Nord","s":"25N-H54NV20S-80-S"},{"r":"44","t":"21:58:00","h":"Nord","s":"25S-H54S000S-82-S"},{"r":"44","t":"22:03:00","h":"Nord","s":"25N-H54N000I-80-I"},{"r":"44","t":"22:03:00","h":"Nord","s":"25N-H54N100F-80-F1"},{"r":"44","t":"22:03:00","h":"Nord","s":"25N-H54N200F-80-F2"},{"r":"44","t":"22:03:00","h":"Nord","s":"25N-H54N300F-80-F3"},{"r":"44","t":"22:03:00","h":"Nord","s":"25N-H54N400F-80-F4"},{"r":"44","t":"22:03:00","h":"Nord","s":"25N-H54NV10I-80-I"},{"r":"44","t":"22:03:00","h":"Nord","s":"25N-H54NV20I-80-I"},{"r":"44","t":"22:03:00","h":"Nord","s":"25S-H54S000I-82-I"},{"r":"44","t":"22:03:00","h":"Nord","s":"25S-H54S100F-80-F1"},{"r":"44","t":"22:03:00","h":"Nord","s":"25S-H54S200F-80-F2"},{"r":"44","t":"22:09:00","h":"Nord","s":"25N-H54N000A-80-A"},{"r":"44","t":"22:09:00","h":"Nord","s":"25N-H54NV10A-80-A"},{"r":"44","t":"22:09:00","h":"Nord","s":"25N-H54NV20A-80-A"},{"r":"44","t":"22:09:00","h":"Nord","s":"25S-H54S000A-83-A"},{"r":"44","t":"22:23:00","h":"Nord","s":"25N-H54N000S-80-S"},{"r":"44","t":"22:23:00","h":"Nord","s":"25N-H54NV10S-82-S"},{"r":"44","t":"22:23:00","h":"Nord","s":"25N-H54NV20S-80-S"},{"r":"44","t":"22:23:00","h":"Nord","s":"25S-H54S000S-82-S"},{"r":"44","t":"22:36:00","h":"Nord","s":"25N-H54N000I-80-I"},{"r":"44","t":"22:36:00","h":"Nord","s":"25N-H54N100F-80-F1"},{"r":"44","t":"22:36:00","h":"Nord","s":"25N-H54N200F-80-F2"},{"r":"44","t":"22:36:00","h":"Nord","s":"25N-H54N300F-80-F3"},{"r":"44","t":"22:36:00","h":"Nord","s":"25N-H54N400F-80-F4"},{"r":"44","t":"22:36:00","h":"Nord","s":"25N-H54NV10I-80-I"},{"r":"44","t":"22:36:00","h":"Nord","s":"25N-H54NV20I-80-I"},{"r":"44","t":"22:36:00","h":"Nord","s":"25S-H54S000I-82-I"},{"r":"44","t":"22:36:00","h":"Nord","s":"25S-H54S100F-80-F1"},{"r":"44","t":"22:36:00","h":"Nord","s":"25S-H54S200F-80-F2"},{"r":"44","t":"22:37:00","h":"Nord","s":"25N-H54N000A-80-A"},{"r":"44","t":"22:37:00","h":"Nord","s":"25N-H54NV10A-80-A"},{"r":"44","t":"22:37:00","h":"Nord","s":"25N-H54NV20A-80-A"},{"r":"44","t":"22:37:00","h":"Nord","s":"25S-H54S000A-83-A"},{"r":"44","t":"22:48:00","h":"Nord","s":"25N-H54N000S-80-S"},{"r":"44","t":"22:48:00","h":"Nord","s":"25N-H54NV10S-82-S"},{"r":"44","t":"22:48:00","h":"Nord","s":"25N-H54NV20S-80-S"},{"r":"44","t":"22:48:00","h":"Nord","s":"25S-H54S000S-82-S"},{"r":"44","t":"23:04:00","h":"Nord","s":"25N-H54N000A-80-A"},{"r":"44","t":"23:04:00","h":"Nord","s":"25N-H54NV10A-80-A"},{"r":"44","t":"23:04:00","h":"Nord","s":"25N-H54NV20A-80-A"},{"r":"44","t":"23:04:00","h":"Nord","s":"25S-H54S000A-83-A"},{"r":"44","t":"23:05:00","h":"Nord","s":"25N-H54N000I-80-I"},{"r":"44","t":"23:05:00","h":"Nord","s":"25N-H54N100F-80-F1"},{"r":"44","t":"23:05:00","h":"Nord","s":"25N-H54N200F-80-F2"},{"r":"44","t":"23:05:00","h":"Nord","s":"25N-H54N300F-80-F3"},{"r":"44","t":"23:05:00","h":"Nord","s":"25N-H54N400F-80-F4"},{"r":"44","t":"23:05:00","h":"Nord","s":"25N-H54NV10I-80-I"},{"r":"44","t":"23:05:00","h":"Nord","s":"25N-H54NV20I-80-I"},{"r":"44","t":"23:05:00","h":"Nord","s":"25S-H54S000I-82-I"},{"r":"44","t":"23:05:00","h":"Nord","s":"25S-H54S100F-80-F1"},{"r":"44","t":"23:05:00","h":"Nord","s":"25S-H54S200F-80-F2"},{"r":"44","t":"23:18:00","h":"Nord","s":"25N-H54N000S-80-S"},{"r":"44","t":"23:18:00","h":"Nord","s":"25N-H54NV10S-82-S"},{"r":"44","t":"23:18:00","h":"Nord","s":"25N-H54NV20S-80-S"},{"r":"44","t":"23:18:00","h":"Nord","s":"25S-H54S000S-82-S"},{"r":"44","t":"23:36:00","h":"Nord","s":"25N-H54N000A-80-A"},{"r":"44","t":"23:36:00","h":"Nord","s":"25N-H54NV10A-80-A"},{"r":"44","t":"23:36:00","h":"Nord","s":"25N-H54NV20A-80-A"},{"r":"44","t":"23:36:00","h":"Nord","s":"25S-H54S000A-83-A"},{"r":"44","t":"23:37:00","h":"Nord","s":"25N-H54N000I-80-I"},{"r":"44","t":"23:37:00","h":"Nord","s":"25N-H54N100F-80-F1"},{"r":"44","t":"23:37:00","h":"Nord","s":"25N-H54N200F-80-F2"},{"r":"44","t":"23:37:00","h":"Nord","s":"25N-H54N300F-80-F3"},{"r":"44","t":"23:37:00","h":"Nord","s":"25N-H54N400F-80-F4"},{"r":"44","t":"23:37:00","h":"Nord","s":"25N-H54NV10I-80-I"},{"r":"44","t":"23:37:00","h":"Nord","s":"25N-H54NV20I-80-I"},{"r":"44","t":"23:37:00","h":"Nord","s":"25S-H54S000I-82-I"},{"r":"44","t":"23:37:00","h":"Nord","s":"25S-H54S100F-80-F1"},{"r":"44","t":"23:37:00","h":"Nord","s":"25S-H54S200F-80-F2"},{"r":"44","t":"23:47:00","h":"Nord","s":"25N-H54N000S-80-S"},{"r":"44","t":"23:47:00","h":"Nord","s":"25N-H54NV10S-82-S"},{"r":"44","t":"23:47:00","h":"Nord","s":"25N-H54NV20S-80-S"},{"r":"44","t":"23:47:00","h":"Nord","s":"25S-H54S000S-82-S"},{"r":"44","t":"24:07:00","h":"Nord","s":"25N-H54N000A-80-A"},{"r":"44","t":"24:07:00","h":"Nord","s":"25N-H54NV10A-80-A"},{"r":"44","t":"24:07:00","h":"Nord","s":"25N-H54NV20A-80-A"},{"r":"44","t":"24:07:00","h":"Nord","s":"25S-H54S000A-83-A"},{"r":"44","t":"24:10:00","h":"Nord","s":"25N-H54N000I-80-I"},{"r":"44","t":"24:10:00","h":"Nord","s":"25N-H54N100F-80-F1"},{"r":"44","t":"24:10:00","h":"Nord","s":"25N-H54N200F-80-F2"},{"r":"44","t":"24:10:00","h":"Nord","s":"25N-H54N300F-80-F3"},{"r":"44","t":"24:10:00","h":"Nord","s":"25N-H54N400F-80-F4"},{"r":"44","t":"24:10:00","h":"Nord","s":"25N-H54NV10I-80-I"},{"r":"44","t":"24:10:00","h":"Nord","s":"25N-H54NV20I-80-I"},{"r":"44","t":"24:10:00","h":"Nord","s":"25S-H54S000I-82-I"},{"r":"44","t":"24:10:00","h":"Nord","s":"25S-H54S100F-80-F1"},{"r":"44","t":"24:10:00","h":"Nord","s":"25S-H54S200F-80-F2"},{"r":"44","t":"24:15:00","h":"Nord","s":"25N-H54N000S-80-S"},{"r":"44","t":"24:15:00","h":"Nord","s":"25N-H54NV10S-82-S"},{"r":"44","t":"24:15:00","h":"Nord","s":"25N-H54NV20S-80-S"},{"r":"44","t":"24:15:00","h":"Nord","s":"25S-H54S000S-82-S"},{"r":"44","t":"24:38:00","h":"Nord","s":"25N-H54N000A-80-A"},{"r":"44","t":"24:38:00","h":"Nord","s":"25N-H54NV10A-80-A"},{"r":"44","t":"24:38:00","h":"Nord","s":"25N-H54NV20A-80-A"},{"r":"44","t":"24:38:00","h":"Nord","s":"25S-H54S000A-83-A"},{"r":"44","t":"24:42:00","h":"Nord","s":"25N-H54N000I-80-I"},{"r":"44","t":"24:42:00","h":"Nord","s":"25N-H54N100F-80-F1"},{"r":"44","t":"24:42:00","h":"Nord","s":"25N-H54N200F-80-F2"},{"r":"44","t":"24:42:00","h":"Nord","s":"25N-H54N300F-80-F3"},{"r":"44","t":"24:42:00","h":"Nord","s":"25N-H54N400F-80-F4"},{"r":"44","t":"24:42:00","h":"Nord","s":"25N-H54NV10I-80-I"},{"r":"44","t":"24:42:00","h":"Nord","s":"25N-H54NV20I-80-I"},{"r":"44","t":"24:42:00","h":"Nord","s":"25S-H54S000I-82-I"},{"r":"44","t":"24:42:00","h":"Nord","s":"25S-H54S100F-80-F1"},{"r":"44","t":"24:42:00","h":"Nord","s":"25S-H54S200F-80-F2"},{"r":"44","t":"24:45:00","h":"Nord","s":"25N-H54N000S-80-S"},{"r":"44","t":"24:45:00","h":"Nord","s":"25N-H54NV10S-82-S"},{"r":"44","t":"24:45:00","h":"Nord","s":"25N-H54NV20S-80-S"},{"r":"44","t":"24:45:00","h":"Nord","s":"25S-H54S000S-82-S"},{"r":"44","t":"25:08:00","h":"Nord","s":"25N-H54N000A-80-A"},{"r":"44","t":"25:08:00","h":"Nord","s":"25N-H54NV10A-80-A"},{"r":"44","t":"25:08:00","h":"Nord","s":"25N-H54NV20A-80-A"},{"r":"44","t":"25:08:00","h":"Nord","s":"25S-H54S000A-83-A"},{"r":"44","t":"25:14:00","h":"Nord","s":"25N-H54N000I-80-I"},{"r":"44","t":"25:14:00","h":"Nord","s":"25N-H54N100F-80-F1"},{"r":"44","t":"25:14:00","h":"Nord","s":"25N-H54N200F-80-F2"},{"r":"44","t":"25:14:00","h":"Nord","s":"25N-H54N300F-80-F3"},{"r":"44","t":"25:14:00","h":"Nord","s":"25N-H54N400F-80-F4"},{"r":"44","t":"25:14:00","h":"Nord","s":"25N-H54NV10I-80-I"},{"r":"44","t":"25:14:00","h":"Nord","s":"25N-H54NV20I-80-I"},{"r":"44","t":"25:14:00","h":"Nord","s":"25S-H54S000I-82-I"},{"r":"44","t":"25:14:00","h":"Nord","s":"25S-H54S100F-80-F1"},{"r":"44","t":"25:14:00","h":"Nord","s":"25S-H54S200F-80-F2"},{"r":"44","t":"25:15:00","h":"Nord","s":"25N-H54N000S-80-S"},{"r":"44","t":"25:15:00","h":"Nord","s":"25N-H54NV10S-82-S"},{"r":"44","t":"25:15:00","h":"Nord","s":"25N-H54NV20S-80-S"},{"r":"44","t":"25:15:00","h":"Nord","s":"25S-H54S000S-82-S"},{"r":"44","t":"25:39:00","h":"Nord","s":"25N-H54N000A-80-A"},{"r":"44","t":"25:39:00","h":"Nord","s":"25N-H54NV10A-80-A"},{"r":"44","t":"25:39:00","h":"Nord","s":"25N-H54NV20A-80-A"},{"r":"44","t":"25:39:00","h":"Nord","s":"25S-H54S000A-83-A"},{"r":"44","t":"25:46:00","h":"Nord","s":"25N-H54N000I-80-I"},{"r":"44","t":"25:46:00","h":"Nord","s":"25N-H54N100F-80-F1"},{"r":"44","t":"25:46:00","h":"Nord","s":"25N-H54N200F-80-F2"},{"r":"44","t":"25:46:00","h":"Nord","s":"25N-H54N300F-80-F3"},{"r":"44","t":"25:46:00","h":"Nord","s":"25N-H54N400F-80-F4"},{"r":"44","t":"25:46:00","h":"Nord","s":"25N-H54NV10I-80-I"},{"r":"44","t":"25:46:00","h":"Nord","s":"25N-H54NV20I-80-I"},{"r":"44","t":"25:46:00","h":"Nord","s":"25S-H54S000I-82-I"},{"r":"44","t":"25:46:00","h":"Nord","s":"25S-H54S100F-80-F1"},{"r":"44","t":"25:46:00","h":"Nord","s":"25S-H54S200F-80-F2"},{"r":"44","t":"25:47:00","h":"Nord","s":"25N-H54N000S-80-S"},{"r":"44","t":"25:47:00","h":"Nord","s":"25N-H54NV10S-82-S"},{"r":"44","t":"25:47:00","h":"Nord","s":"25N-H54NV20S-80-S"},{"r":"44","t":"25:47:00","h":"Nord","s":"25S-H54S000S-82-S"},{"r":"44","t":"26:08:00","h":"Nord","s":"25N-H54N000A-80-A"},{"r":"44","t":"26:08:00","h":"Nord","s":"25N-H54NV10A-80-A"},{"r":"44","t":"26:08:00","h":"Nord","s":"25N-H54NV20A-80-A"},{"r":"44","t":"26:08:00","h":"Nord","s":"25S-H54S000A-83-A"}]