[{"r":"188","t":"06:10:21","h":"Est via Lavoisier","s":"25N-H54N000S-80-S"},{"r":"188","t":"06:10:21","h":"Est via Lavoisier","s":"25N-H54NV10S-82-S"},{"r":"188","t":"06:10:21","h":"Est via Lavoisier","s":"25N-H54NV20S-80-S"},{"r":"188","t":"06:10:21","h":"Est via Lavoisier","s":"25S-H54S000S-82-S"},{"r":"188","t":"06:43:21","h":"Est via Lavoisier","s":"25N-H59N000S-80-S"},{"r":"188","t":"06:43:21","h":"Est via Lavoisier","s":"25N-H59NV10S-84-S"},{"r":"188","t":"06:43:21","h":"Est via Lavoisier","s":"25N-H59NV20S-80-S"},{"r":"188","t":"06:43:21","h":"Est via Lavoisier","s":"25S-H59S000S-81-S"},{"r":"188","t":"07:21:41","h":"Est via Lavoisier","s":"25N-H54N000S-80-S"},{"r":"188","t":"07:21:41","h":"Est via Lavoisier","s":"25N-H54NV10S-82-S"},{"r":"188","t":"07:21:41","h":"Est via Lavoisier","s":"25N-H54NV20S-80-S"},{"r":"188","t":"07:21:41","h":"Est via Lavoisier","s":"25S-H54S000S-82-S"},{"r":"188","t":"07:57:41","h":"Est via Lavoisier","s":"25N-H54N000S-80-S"},{"r":"188","t":"07:57:41","h":"Est via Lavoisier","s":"25N-H54NV10S-82-S"},{"r":"188","t":"07:57:41","h":"Est via Lavoisier","s":"25N-H54NV20S-80-S"},{"r":"188","t":"07:57:41","h":"Est via Lavoisier","s":"25S-H54S000S-82-S"},{"r":"188","t":"08:33:01","h":"Est via Lavoisier","s":"25N-H54N000S-80-S"},{"r":"188","t":"08:33:01","h":"Est via Lavoisier","s":"25N-H54NV10S-82-S"},{"r":"188","t":"08:33:01","h":"Est via Lavoisier","s":"25N-H54NV20S-80-S"},{"r":"188","t":"08:33:01","h":"Est via Lavoisier","s":"25S-H54S000S-82-S"},{"r":"188","t":"09:03:21","h":"Est via Lavoisier","s":"25N-H54N000S-80-S"},{"r":"188","t":"09:03:21","h":"Est via Lavoisier","s":"25N-H54NV10S-82-S"},{"r":"188","t":"09:03:21","h":"Est via Lavoisier","s":"25N-H54NV20S-80-S"},{"r":"188","t":"09:03:21","h":"Est via Lavoisier","s":"25S-H54S000S-82-S"},{"r":"188","t":"09:41:40","h":"Est via Lavoisier","s":"25N-H54N000S-80-S"},{"r":"188","t":"09:41:40","h":"Est via Lavoisier","s":"25N-H54NV10S-82-S"},{"r":"188","t":"09:41:40","h":"Est via Lavoisier","s":"25N-H54NV20S-80-S"},{"r":"188","t":"09:41:40","h":"Est via Lavoisier","s":"25S-H54S000S-82-S"}]