[{"r":"460","t":"05:05:43","h":"Ouest","s":"25N-H55N000S-80-S"},{"r":"460","t":"05:05:43","h":"Ouest","s":"25N-H55N000S-82-S"},{"r":"460","t":"05:05:43","h":"Ouest","s":"25N-H55NV10S-85-S"},{"r":"460","t":"05:05:43","h":"Ouest","s":"25N-H55NV20S-81-S"},{"r":"460","t":"05:05:43","h":"Ouest","s":"25S-H55S000S-82-S"},{"r":"460","t":"05:10:43","h":"Ouest","s":"25N-H58N000S-80-S"},{"r":"460","t":"05:10:43","h":"Ouest","s":"25N-H58N200F-80-F2"},{"r":"460","t":"05:10:43","h":"Ouest","s":"25N-H58N400F-80-F4"},{"r":"460","t":"05:10:43","h":"Ouest","s":"25N-H58NV10S-80-S"},{"r":"460","t":"05:10:43","h":"Ouest","s":"25N-H58NV20S-80-S"},{"r":"460","t":"05:10:43","h":"Ouest","s":"25S-H58S000S-80-S"},{"r":"460","t":"05:10:43","h":"Ouest","s":"25S-H58S100F-80-F1"},{"r":"460","t":"05:10:43","h":"Ouest","s":"25S-H58S200F-80-F2"},{"r":"460","t":"05:15:43","h":"Ouest","s":"25N-H58N000S-80-S"},{"r":"460","t":"05:15:43","h":"Ouest","s":"25N-H58NV10S-80-S"},{"r":"460","t":"05:15:43","h":"Ouest","s":"25N-H58NV20S-80-S"},{"r":"460","t":"05:15:43","h":"Ouest","s":"25S-H58S000S-80-S"},{"r":"460","t":"05:17:43","h":"Ouest","s":"25N-H58N000S-80-S"},{"r":"460","t":"05:17:43","h":"Ouest","s":"25N-H58NV10S-80-S"},{"r":"460","t":"05:17:43","h":"Ouest","s":"25N-H58NV20S-80-S"},{"r":"460","t":"05:17:43","h":"Ouest","s":"25S-H58S000S-80-S"},{"r":"460","t":"05:20:43","h":"Ouest","s":"25N-H58N000S-80-S"},{"r":"460","t":"05:20:43","h":"Ouest","s":"25N-H58NV10S-80-S"},{"r":"460","t":"05:20:43","h":"Ouest","s":"25N-H58NV20S-80-S"},{"r":"460","t":"05:20:43","h":"Ouest","s":"25S-H58S000S-80-S"},{"r":"460","t":"05:25:43","h":"Ouest","s":"25N-H57N000S-80-S"},{"r":"460","t":"05:25:43","h":"Ouest","s":"25N-H57NV10S-84-S"},{"r":"460","t":"05:25:43","h":"Ouest","s":"25N-H57NV20S-80-S"},{"r":"460","t":"05:25:43","h":"Ouest","s":"25N-H58N200F-80-F2"},{"r":"460","t":"05:25:43","h":"Ouest","s":"25N-H58N400F-80-F4"},{"r":"460","t":"05:25:43","h":"Ouest","s":"25S-H57S000S-82-S"},{"r":"460","t":"05:25:43","h":"Ouest","s":"25S-H58S100F-80-F1"},{"r":"460","t":"05:25:43","h":"Ouest","s":"25S-H58S200F-80-F2"},{"r":"460","t":"05:30:43","h":"Ouest","s":"25N-H57N000S-80-S"},{"r":"460","t":"05:30:43","h":"Ouest","s":"25N-H57NV10S-84-S"},{"r":"460","t":"05:30:43","h":"Ouest","s":"25N-H57NV20S-80-S"},{"r":"460","t":"05:30:43","h":"Ouest","s":"25S-H57S000S-82-S"},{"r":"460","t":"05:34:43","h":"Ouest","s":"25N-H58N000S-80-S"},{"r":"460","t":"05:34:43","h":"Ouest","s":"25N-H58N200F-80-F2"},{"r":"460","t":"05:34:43","h":"Ouest","s":"25N-H58N400F-80-F4"},{"r":"460","t":"05:34:43","h":"Ouest","s":"25N-H58NV10S-80-S"},{"r":"460","t":"05:34:43","h":"Ouest","s":"25N-H58NV20S-80-S"},{"r":"460","t":"05:34:43","h":"Ouest","s":"25S-H58S000S-80-S"},{"r":"460","t":"05:34:43","h":"Ouest","s":"25S-H58S100F-80-F1"},{"r":"460","t":"05:34:43","h":"Ouest","s":"25S-H58S200F-80-F2"},{"r":"460","t":"05:38:43","h":"Ouest","s":"25N-H58N000S-80-S"},{"r":"460","t":"05:38:43","h":"Ouest","s":"25N-H58NV10S-80-S"},{"r":"460","t":"05:38:43","h":"Ouest","s":"25N-H58NV20S-80-S"},{"r":"460","t":"05:38:43","h":"Ouest","s":"25S-H58S000S-80-S"},{"r":"460","t":"05:43:43","h":"Ouest","s":"25N-H57N000S-80-S"},{"r":"460","t":"05:43:43","h":"Ouest","s":"25N-H57NV10S-84-S"},{"r":"460","t":"05:43:43","h":"Ouest","s":"25N-H57NV20S-80-S"},{"r":"460","t":"05:43:43","h":"Ouest","s":"25S-H57S000S-82-S"},{"r":"460","t":"05:47:43","h":"Ouest","s":"25N-H58N000S-80-S"},{"r":"460","t":"05:47:43","h":"Ouest","s":"25N-H58NV10S-80-S"},{"r":"460","t":"05:47:43","h":"Ouest","s":"25N-H58NV20S-80-S"},{"r":"460","t":"05:47:43","h":"Ouest","s":"25S-H58S000S-80-S"},{"r":"460","t":"05:51:43","h":"Ouest","s":"25N-H60N000S-80-S"},{"r":"460","t":"05:51:43","h":"Ouest","s":"25N-H60N000S-98-S"},{"r":"460","t":"05:51:43","h":"Ouest","s":"25N-H60NV10S-98-S"},{"r":"460","t":"05:51:43","h":"Ouest","s":"25N-H60NV20S-98-S"},{"r":"460","t":"05:51:43","h":"Ouest","s":"25S-H60S000S-80-S"},{"r":"460","t":"05:52:43","h":"Ouest","s":"25N-H58N200F-80-F2"},{"r":"460","t":"05:52:43","h":"Ouest","s":"25N-H58N400F-80-F4"},{"r":"460","t":"05:52:43","h":"Ouest","s":"25S-H58S100F-80-F1"},{"r":"460","t":"05:52:43","h":"Ouest","s":"25S-H58S200F-80-F2"},{"r":"460","t":"05:53:43","h":"Ouest","s":"25N-H57N000S-80-S"},{"r":"460","t":"05:53:43","h":"Ouest","s":"25N-H57NV10S-84-S"},{"r":"460","t":"05:53:43","h":"Ouest","s":"25N-H57NV20S-80-S"},{"r":"460","t":"05:53:43","h":"Ouest","s":"25S-H57S000S-82-S"},{"r":"460","t":"05:56:43","h":"Ouest","s":"25N-H58N000S-80-S"},{"r":"460","t":"05:56:43","h":"Ouest","s":"25N-H58NV10S-80-S"},{"r":"460","t":"05:56:43","h":"Ouest","s":"25N-H58NV20S-80-S"},{"r":"460","t":"05:56:43","h":"Ouest","s":"25S-H58S000S-80-S"},{"r":"460","t":"06:03:43","h":"Ouest","s":"25N-H57N000S-80-S"},{"r":"460","t":"06:03:43","h":"Ouest","s":"25N-H57NV10S-84-S"},{"r":"460","t":"06:03:43","h":"Ouest","s":"25N-H57NV20S-80-S"},{"r":"460","t":"06:03:43","h":"Ouest","s":"25S-H57S000S-82-S"},{"r":"460","t":"06:08:43","h":"Ouest","s":"25N-H58N200F-80-F2"},{"r":"460","t":"06:08:43","h":"Ouest","s":"25N-H58N400F-80-F4"},{"r":"460","t":"06:08:43","h":"Ouest","s":"25S-H58S100F-80-F1"},{"r":"460","t":"06:08:43","h":"Ouest","s":"25S-H58S200F-80-F2"},{"r":"460","t":"06:09:43","h":"Ouest","s":"25N-H57N000S-80-S"},{"r":"460","t":"06:09:43","h":"Ouest","s":"25N-H57NV10S-84-S"},{"r":"460","t":"06:09:43","h":"Ouest","s":"25N-H57NV20S-80-S"},{"r":"460","t":"06:09:43","h":"Ouest","s":"25S-H57S000S-82-S"},{"r":"460","t":"06:15:10","h":"Ouest","s":"25N-H58N000S-80-S"},{"r":"460","t":"06:15:10","h":"Ouest","s":"25N-H58NV10S-80-S"},{"r":"460","t":"06:15:10","h":"Ouest","s":"25N-H58NV20S-80-S"},{"r":"460","t":"06:15:10","h":"Ouest","s":"25S-H58S000S-80-S"},{"r":"460","t":"06:18:10","h":"Ouest","s":"25N-H58N200F-80-F2"},{"r":"460","t":"06:18:10","h":"Ouest","s":"25N-H58N400F-80-F4"},{"r":"460","t":"06:18:10","h":"Ouest","s":"25S-H58S100F-80-F1"},{"r":"460","t":"06:18:10","h":"Ouest","s":"25S-H58S200F-80-F2"},{"r":"460","t":"06:22:10","h":"Ouest","s":"25N-H58N000S-80-S"},{"r":"460","t":"06:22:10","h":"Ouest","s":"25N-H58NV10S-80-S"},{"r":"460","t":"06:22:10","h":"Ouest","s":"25N-H58NV20S-80-S"},{"r":"460","t":"06:22:10","h":"Ouest","s":"25S-H58S000S-80-S"},{"r":"460","t":"06:29:10","h":"Ouest","s":"25N-H58N000S-80-S"},{"r":"460","t":"06:29:10","h":"Ouest","s":"25N-H58NV10S-80-S"},{"r":"460","t":"06:29:10","h":"Ouest","s":"25N-H58NV20S-80-S"},{"r":"460","t":"06:29:10","h":"Ouest","s":"25S-H58S000S-80-S"},{"r":"460","t":"06:34:10","h":"Ouest","s":"25N-H58N000S-80-S"},{"r":"460","t":"06:34:10","h":"Ouest","s":"25N-H58NV10S-80-S"},{"r":"460","t":"06:34:10","h":"Ouest","s":"25N-H58NV20S-80-S"},{"r":"460","t":"06:34:10","h":"Ouest","s":"25S-H58S000S-80-S"},{"r":"460","t":"06:36:10","h":"Ouest","s":"25N-H58N200F-80-F2"},{"r":"460","t":"06:36:10","h":"Ouest","s":"25N-H58N400F-80-F4"},{"r":"460","t":"06:36:10","h":"Ouest","s":"25S-H58S100F-80-F1"},{"r":"460","t":"06:36:10","h":"Ouest","s":"25S-H58S200F-80-F2"},{"r":"460","t":"06:37:10","h":"Ouest","s":"25N-H58N000S-80-S"},{"r":"460","t":"06:37:10","h":"Ouest","s":"25N-H58NV10S-80-S"},{"r":"460","t":"06:37:10","h":"Ouest","s":"25N-H58NV20S-80-S"},{"r":"460","t":"06:37:10","h":"Ouest","s":"25S-H58S000S-80-S"},{"r":"460","t":"06:39:10","h":"Ouest","s":"25N-H58N000S-80-S"},{"r":"460","t":"06:39:10","h":"Ouest","s":"25N-H58NV10S-80-S"},{"r":"460","t":"06:39:10","h":"Ouest","s":"25N-H58NV20S-80-S"},{"r":"460","t":"06:39:10","h":"Ouest","s":"25S-H58S000S-80-S"},{"r":"460","t":"06:42:10","h":"Ouest","s":"25N-H60N000S-80-S"},{"r":"460","t":"06:42:10","h":"Ouest","s":"25N-H60N000S-98-S"},{"r":"460","t":"06:42:10","h":"Ouest","s":"25N-H60NV10S-98-S"},{"r":"460","t":"06:42:10","h":"Ouest","s":"25N-H60NV20S-98-S"},{"r":"460","t":"06:42:10","h":"Ouest","s":"25S-H60S000S-80-S"},{"r":"460","t":"06:45:10","h":"Ouest","s":"25N-H58N000S-80-S"},{"r":"460","t":"06:45:10","h":"Ouest","s":"25N-H58NV10S-80-S"},{"r":"460","t":"06:45:10","h":"Ouest","s":"25N-H58NV20S-80-S"},{"r":"460","t":"06:45:10","h":"Ouest","s":"25S-H58S000S-80-S"},{"r":"460","t":"06:51:10","h":"Ouest","s":"25N-H58N000S-80-S"},{"r":"460","t":"06:51:10","h":"Ouest","s":"25N-H58NV10S-80-S"},{"r":"460","t":"06:51:10","h":"Ouest","s":"25N-H58NV20S-80-S"},{"r":"460","t":"06:51:10","h":"Ouest","s":"25S-H58S000S-80-S"},{"r":"460","t":"06:53:10","h":"Ouest","s":"25N-H58N200F-80-F2"},{"r":"460","t":"06:53:10","h":"Ouest","s":"25N-H58N400F-80-F4"},{"r":"460","t":"06:53:10","h":"Ouest","s":"25S-H58S100F-80-F1"},{"r":"460","t":"06:53:10","h":"Ouest","s":"25S-H58S200F-80-F2"},{"r":"460","t":"06:57:10","h":"Ouest","s":"25N-H58N000S-80-S"},{"r":"460","t":"06:57:10","h":"Ouest","s":"25N-H58NV10S-80-S"},{"r":"460","t":"06:57:10","h":"Ouest","s":"25N-H58NV20S-80-S"},{"r":"460","t":"06:57:10","h":"Ouest","s":"25S-H58S000S-80-S"},{"r":"460","t":"07:03:10","h":"Ouest","s":"25N-H58N200F-80-F2"},{"r":"460","t":"07:03:10","h":"Ouest","s":"25N-H58N400F-80-F4"},{"r":"460","t":"07:03:10","h":"Ouest","s":"25S-H58S100F-80-F1"},{"r":"460","t":"07:03:10","h":"Ouest","s":"25S-H58S200F-80-F2"},{"r":"460","t":"07:05:10","h":"Ouest","s":"25N-H58N000S-80-S"},{"r":"460","t":"07:05:10","h":"Ouest","s":"25N-H58NV10S-80-S"},{"r":"460","t":"07:05:10","h":"Ouest","s":"25N-H58NV20S-80-S"},{"r":"460","t":"07:05:10","h":"Ouest","s":"25S-H58S000S-80-S"},{"r":"460","t":"07:12:10","h":"Ouest","s":"25N-H58N000S-80-S"},{"r":"460","t":"07:12:10","h":"Ouest","s":"25N-H58N200F-80-F2"},{"r":"460","t":"07:12:10","h":"Ouest","s":"25N-H58N400F-80-F4"},{"r":"460","t":"07:12:10","h":"Ouest","s":"25N-H58NV10S-80-S"},{"r":"460","t":"07:12:10","h":"Ouest","s":"25N-H58NV20S-80-S"},{"r":"460","t":"07:12:10","h":"Ouest","s":"25S-H58S000S-80-S"},{"r":"460","t":"07:12:10","h":"Ouest","s":"25S-H58S100F-80-F1"},{"r":"460","t":"07:12:10","h":"Ouest","s":"25S-H58S200F-80-F2"},{"r":"460","t":"07:23:05","h":"Ouest","s":"25N-H58N000S-80-S"},{"r":"460","t":"07:23:05","h":"Ouest","s":"25N-H58NV10S-80-S"},{"r":"460","t":"07:23:05","h":"Ouest","s":"25N-H58NV20S-80-S"},{"r":"460","t":"07:23:05","h":"Ouest","s":"25S-H58S000S-80-S"},{"r":"460","t":"07:28:05","h":"Ouest","s":"25N-H58N200F-80-F2"},{"r":"460","t":"07:28:05","h":"Ouest","s":"25N-H58N400F-80-F4"},{"r":"460","t":"07:28:05","h":"Ouest","s":"25S-H58S100F-80-F1"},{"r":"460","t":"07:28:05","h":"Ouest","s":"25S-H58S200F-80-F2"},{"r":"460","t":"07:33:05","h":"Ouest","s":"25N-H58N000S-80-S"},{"r":"460","t":"07:33:05","h":"Ouest","s":"25N-H58NV10S-80-S"},{"r":"460","t":"07:33:05","h":"Ouest","s":"25N-H58NV20S-80-S"},{"r":"460","t":"07:33:05","h":"Ouest","s":"25S-H58S000S-80-S"},{"r":"460","t":"07:48:05","h":"Ouest","s":"25N-H58N000S-80-S"},{"r":"460","t":"07:48:05","h":"Ouest","s":"25N-H58NV10S-80-S"},{"r":"460","t":"07:48:05","h":"Ouest","s":"25N-H58NV20S-80-S"},{"r":"460","t":"07:48:05","h":"Ouest","s":"25S-H58S000S-80-S"},{"r":"460","t":"07:57:05","h":"Ouest","s":"25N-H58N200F-80-F2"},{"r":"460","t":"07:57:05","h":"Ouest","s":"25N-H58N400F-80-F4"},{"r":"460","t":"07:57:05","h":"Ouest","s":"25S-H58S100F-80-F1"},{"r":"460","t":"07:57:05","h":"Ouest","s":"25S-H58S200F-80-F2"},{"r":"460","t":"08:10:05","h":"Ouest","s":"25N-H58N000S-80-S"},{"r":"460","t":"08:10:05","h":"Ouest","s":"25N-H58NV10S-80-S"},{"r":"460","t":"08:10:05","h":"Ouest","s":"25N-H58NV20S-80-S"},{"r":"460","t":"08:10:05","h":"Ouest","s":"25S-H58S000S-80-S"},{"r":"460","t":"08:23:05","h":"Ouest","s":"25N-H58N200F-80-F2"},{"r":"460","t":"08:23:05","h":"Ouest","s":"25N-H58N400F-80-F4"},{"r":"460","t":"08:23:05","h":"Ouest","s":"25S-H58S100F-80-F1"},{"r":"460","t":"08:23:05","h":"Ouest","s":"25S-H58S200F-80-F2"},{"r":"460","t":"08:40:05","h":"Ouest","s":"25N-H58N000S-80-S"},{"r":"460","t":"08:40:05","h":"Ouest","s":"25N-H58NV10S-80-S"},{"r":"460","t":"08:40:05","h":"Ouest","s":"25N-H58NV20S-80-S"},{"r":"460","t":"08:40:05","h":"Ouest","s":"25S-H58S000S-80-S"},{"r":"460","t":"08:46:05","h":"Ouest","s":"25N-H58N200F-80-F2"},{"r":"460","t":"08:46:05","h":"Ouest","s":"25N-H58N400F-80-F4"},{"r":"460","t":"08:46:05","h":"Ouest","s":"25S-H58S100F-80-F1"},{"r":"460","t":"08:46:05","h":"Ouest","s":"25S-H58S200F-80-F2"},{"r":"460","t":"09:07:10","h":"Ouest","s":"25N-H58N000S-80-S"},{"r":"460","t":"09:07:10","h":"Ouest","s":"25N-H58NV10S-80-S"},{"r":"460","t":"09:07:10","h":"Ouest","s":"25N-H58NV20S-80-S"},{"r":"460","t":"09:07:10","h":"Ouest","s":"25S-H58S000S-80-S"},{"r":"460","t":"09:09:10","h":"Ouest","s":"25N-H58N200F-80-F2"},{"r":"460","t":"09:09:10","h":"Ouest","s":"25N-H58N400F-80-F4"},{"r":"460","t":"09:09:10","h":"Ouest","s":"25S-H58S100F-80-F1"},{"r":"460","t":"09:09:10","h":"Ouest","s":"25S-H58S200F-80-F2"},{"r":"460","t":"09:29:10","h":"Ouest","s":"25N-H59N000S-80-S"},{"r":"460","t":"09:29:10","h":"Ouest","s":"25N-H59NV10S-84-S"},{"r":"460","t":"09:29:10","h":"Ouest","s":"25N-H59NV20S-80-S"},{"r":"460","t":"09:29:10","h":"Ouest","s":"25S-H59S000S-81-S"},{"r":"460","t":"15:11:37","h":"Ouest","s":"25N-H58N000S-80-S"},{"r":"460","t":"15:11:37","h":"Ouest","s":"25N-H58N200F-80-F2"},{"r":"460","t":"15:11:37","h":"Ouest","s":"25N-H58N400F-80-F4"},{"r":"460","t":"15:11:37","h":"Ouest","s":"25N-H58NV10S-80-S"},{"r":"460","t":"15:11:37","h":"Ouest","s":"25N-H58NV20S-80-S"},{"r":"460","t":"15:11:37","h":"Ouest","s":"25S-H58S000S-80-S"},{"r":"460","t":"15:11:37","h":"Ouest","s":"25S-H58S100F-80-F1"},{"r":"460","t":"15:11:37","h":"Ouest","s":"25S-H58S200F-80-F2"},{"r":"460","t":"15:39:37","h":"Ouest","s":"25N-H58N000S-80-S"},{"r":"460","t":"15:39:37","h":"Ouest","s":"25N-H58NV10S-80-S"},{"r":"460","t":"15:39:37","h":"Ouest","s":"25N-H58NV20S-80-S"},{"r":"460","t":"15:39:37","h":"Ouest","s":"25S-H58S000S-80-S"},{"r":"460","t":"15:40:37","h":"Ouest","s":"25N-H58N200F-80-F2"},{"r":"460","t":"15:40:37","h":"Ouest","s":"25N-H58N400F-80-F4"},{"r":"460","t":"15:40:37","h":"Ouest","s":"25S-H58S100F-80-F1"},{"r":"460","t":"15:40:37","h":"Ouest","s":"25S-H58S200F-80-F2"},{"r":"460","t":"16:11:37","h":"Ouest","s":"25N-H58N000S-80-S"},{"r":"460","t":"16:11:37","h":"Ouest","s":"25N-H58N200F-80-F2"},{"r":"460","t":"16:11:37","h":"Ouest","s":"25N-H58N400F-80-F4"},{"r":"460","t":"16:11:37","h":"Ouest","s":"25N-H58NV10S-80-S"},{"r":"460","t":"16:11:37","h":"Ouest","s":"25N-H58NV20S-80-S"},{"r":"460","t":"16:11:37","h":"Ouest","s":"25S-H58S000S-80-S"},{"r":"460","t":"16:11:37","h":"Ouest","s":"25S-H58S100F-80-F1"},{"r":"460","t":"16:11:37","h":"Ouest","s":"25S-H58S200F-80-F2"},{"r":"460","t":"16:43:37","h":"Ouest","s":"25N-H58N000S-80-S"},{"r":"460","t":"16:43:37","h":"Ouest","s":"25N-H58N200F-80-F2"},{"r":"460","t":"16:43:37","h":"Ouest","s":"25N-H58N400F-80-F4"},{"r":"460","t":"16:43:37","h":"Ouest","s":"25N-H58NV10S-80-S"},{"r":"460","t":"16:43:37","h":"Ouest","s":"25N-H58NV20S-80-S"},{"r":"460","t":"16:43:37","h":"Ouest","s":"25S-H58S000S-80-S"},{"r":"460","t":"16:43:37","h":"Ouest","s":"25S-H58S100F-80-F1"},{"r":"460","t":"16:43:37","h":"Ouest","s":"25S-H58S200F-80-F2"},{"r":"460","t":"17:15:10","h":"Ouest","s":"25N-H58N000S-80-S"},{"r":"460","t":"17:15:10","h":"Ouest","s":"25N-H58N200F-80-F2"},{"r":"460","t":"17:15:10","h":"Ouest","s":"25N-H58N400F-80-F4"},{"r":"460","t":"17:15:10","h":"Ouest","s":"25N-H58NV10S-80-S"},{"r":"460","t":"17:15:10","h":"Ouest","s":"25N-H58NV20S-80-S"},{"r":"460","t":"17:15:10","h":"Ouest","s":"25S-H58S000S-80-S"},{"r":"460","t":"17:15:10","h":"Ouest","s":"25S-H58S100F-80-F1"},{"r":"460","t":"17:15:10","h":"Ouest","s":"25S-H58S200F-80-F2"},{"r":"460","t":"17:45:10","h":"Ouest","s":"25N-H58N000S-80-S"},{"r":"460","t":"17:45:10","h":"Ouest","s":"25N-H58N200F-80-F2"},{"r":"460","t":"17:45:10","h":"Ouest","s":"25N-H58N400F-80-F4"},{"r":"460","t":"17:45:10","h":"Ouest","s":"25N-H58NV10S-80-S"},{"r":"460","t":"17:45:10","h":"Ouest","s":"25N-H58NV20S-80-S"},{"r":"460","t":"17:45:10","h":"Ouest","s":"25S-H58S000S-80-S"},{"r":"460","t":"17:45:10","h":"Ouest","s":"25S-H58S100F-80-F1"},{"r":"460","t":"17:45:10","h":"Ouest","s":"25S-H58S200F-80-F2"},{"r":"460","t":"18:13:10","h":"Ouest","s":"25N-H58N000S-80-S"},{"r":"460","t":"18:13:10","h":"Ouest","s":"25N-H58N200F-80-F2"},{"r":"460","t":"18:13:10","h":"Ouest","s":"25N-H58N400F-80-F4"},{"r":"460","t":"18:13:10","h":"Ouest","s":"25N-H58NV10S-80-S"},{"r":"460","t":"18:13:10","h":"Ouest","s":"25N-H58NV20S-80-S"},{"r":"460","t":"18:13:10","h":"Ouest","s":"25S-H58S000S-80-S"},{"r":"460","t":"18:13:10","h":"Ouest","s":"25S-H58S100F-80-F1"},{"r":"460","t":"18:13:10","h":"Ouest","s":"25S-H58S200F-80-F2"},{"r":"460","t":"18:43:10","h":"Ouest","s":"25N-H58N200F-80-F2"},{"r":"460","t":"18:43:10","h":"Ouest","s":"25N-H58N400F-80-F4"},{"r":"460","t":"18:43:10","h":"Ouest","s":"25S-H58S100F-80-F1"},{"r":"460","t":"18:43:10","h":"Ouest","s":"25S-H58S200F-80-F2"},{"r":"460","t":"18:44:10","h":"Ouest","s":"25N-H60N000S-80-S"},{"r":"460","t":"18:44:10","h":"Ouest","s":"25N-H60N000S-98-S"},{"r":"460","t":"18:44:10","h":"Ouest","s":"25N-H60NV10S-98-S"},{"r":"460","t":"18:44:10","h":"Ouest","s":"25N-H60NV20S-98-S"},{"r":"460","t":"18:44:10","h":"Ouest","s":"25S-H60S000S-80-S"},{"r":"460","t":"19:14:43","h":"Ouest","s":"25N-H56N000S-80-S"},{"r":"460","t":"19:14:43","h":"Ouest","s":"25N-H56NV10S-80-S"},{"r":"460","t":"19:14:43","h":"Ouest","s":"25N-H56NV20S-80-S"},{"r":"460","t":"19:14:43","h":"Ouest","s":"25N-H58N200F-80-F2"},{"r":"460","t":"19:14:43","h":"Ouest","s":"25N-H58N400F-80-F4"},{"r":"460","t":"19:14:43","h":"Ouest","s":"25S-H56S000S-80-S"},{"r":"460","t":"19:14:43","h":"Ouest","s":"25S-H58S100F-80-F1"},{"r":"460","t":"19:14:43","h":"Ouest","s":"25S-H58S200F-80-F2"}]