[{"r":"69","t":"05:06:33","h":"Ouest","s":"25N-H58N000A-80-A"},{"r":"69","t":"05:06:33","h":"Ouest","s":"25N-H58NV10A-80-A"},{"r":"69","t":"05:06:33","h":"Ouest","s":"25N-H58NV20A-80-A"},{"r":"69","t":"05:06:33","h":"Ouest","s":"25S-H58S000A-80-A"},{"r":"69","t":"05:06:58","h":"Ouest","s":"25N-H58N000S-80-S"},{"r":"69","t":"05:06:58","h":"Ouest","s":"25N-H58NV10S-80-S"},{"r":"69","t":"05:06:58","h":"Ouest","s":"25N-H58NV20S-80-S"},{"r":"69","t":"05:06:58","h":"Ouest","s":"25S-H58S000S-80-S"},{"r":"69","t":"05:15:33","h":"Ouest","s":"25N-H58N000I-80-I"},{"r":"69","t":"05:15:33","h":"Ouest","s":"25N-H58N100F-80-F1"},{"r":"69","t":"05:15:33","h":"Ouest","s":"25N-H58N200F-80-F2"},{"r":"69","t":"05:15:33","h":"Ouest","s":"25N-H58N300F-80-F3"},{"r":"69","t":"05:15:33","h":"Ouest","s":"25N-H58N400F-80-F4"},{"r":"69","t":"05:15:33","h":"Ouest","s":"25N-H58NV10I-80-I"},{"r":"69","t":"05:15:33","h":"Ouest","s":"25N-H58NV20I-80-I"},{"r":"69","t":"05:15:33","h":"Ouest","s":"25S-H58S000I-80-I"},{"r":"69","t":"05:15:33","h":"Ouest","s":"25S-H58S100F-80-F1"},{"r":"69","t":"05:15:33","h":"Ouest","s":"25S-H58S200F-80-F2"},{"r":"69","t":"05:35:33","h":"Ouest","s":"25N-H58N000I-80-I"},{"r":"69","t":"05:35:33","h":"Ouest","s":"25N-H58N100F-80-F1"},{"r":"69","t":"05:35:33","h":"Ouest","s":"25N-H58N200F-80-F2"},{"r":"69","t":"05:35:33","h":"Ouest","s":"25N-H58N300F-80-F3"},{"r":"69","t":"05:35:33","h":"Ouest","s":"25N-H58N400F-80-F4"},{"r":"69","t":"05:35:33","h":"Ouest","s":"25N-H58NV10I-80-I"},{"r":"69","t":"05:35:33","h":"Ouest","s":"25N-H58NV20I-80-I"},{"r":"69","t":"05:35:33","h":"Ouest","s":"25S-H58S000I-80-I"},{"r":"69","t":"05:35:33","h":"Ouest","s":"25S-H58S100F-80-F1"},{"r":"69","t":"05:35:33","h":"Ouest","s":"25S-H58S200F-80-F2"},{"r":"69","t":"05:35:58","h":"Ouest","s":"25N-H58N000S-80-S"},{"r":"69","t":"05:35:58","h":"Ouest","s":"25N-H58NV10S-80-S"},{"r":"69","t":"05:35:58","h":"Ouest","s":"25N-H58NV20S-80-S"},{"r":"69","t":"05:35:58","h":"Ouest","s":"25S-H58S000S-80-S"},{"r":"69","t":"05:36:33","h":"Ouest","s":"25N-H58N000A-80-A"},{"r":"69","t":"05:36:33","h":"Ouest","s":"25N-H58NV10A-80-A"},{"r":"69","t":"05:36:33","h":"Ouest","s":"25N-H58NV20A-80-A"},{"r":"69","t":"05:36:33","h":"Ouest","s":"25S-H58S000A-80-A"},{"r":"69","t":"06:01:58","h":"Ouest","s":"25N-H58N000S-80-S"},{"r":"69","t":"06:01:58","h":"Ouest","s":"25N-H58NV10S-80-S"},{"r":"69","t":"06:01:58","h":"Ouest","s":"25N-H58NV20S-80-S"},{"r":"69","t":"06:01:58","h":"Ouest","s":"25S-H58S000S-80-S"},{"r":"69","t":"06:06:15","h":"Ouest","s":"25N-H58N000A-80-A"},{"r":"69","t":"06:06:15","h":"Ouest","s":"25N-H58NV10A-80-A"},{"r":"69","t":"06:06:15","h":"Ouest","s":"25N-H58NV20A-80-A"},{"r":"69","t":"06:06:15","h":"Ouest","s":"25S-H58S000A-80-A"},{"r":"69","t":"06:06:33","h":"Ouest","s":"25N-H58N000I-80-I"},{"r":"69","t":"06:06:33","h":"Ouest","s":"25N-H58N100F-80-F1"},{"r":"69","t":"06:06:33","h":"Ouest","s":"25N-H58N200F-80-F2"},{"r":"69","t":"06:06:33","h":"Ouest","s":"25N-H58N300F-80-F3"},{"r":"69","t":"06:06:33","h":"Ouest","s":"25N-H58N400F-80-F4"},{"r":"69","t":"06:06:33","h":"Ouest","s":"25N-H58NV10I-80-I"},{"r":"69","t":"06:06:33","h":"Ouest","s":"25N-H58NV20I-80-I"},{"r":"69","t":"06:06:33","h":"Ouest","s":"25S-H58S000I-80-I"},{"r":"69","t":"06:06:33","h":"Ouest","s":"25S-H58S100F-80-F1"},{"r":"69","t":"06:06:33","h":"Ouest","s":"25S-H58S200F-80-F2"},{"r":"69","t":"06:26:58","h":"Ouest","s":"25N-H58N000S-80-S"},{"r":"69","t":"06:26:58","h":"Ouest","s":"25N-H58NV10S-80-S"},{"r":"69","t":"06:26:58","h":"Ouest","s":"25N-H58NV20S-80-S"},{"r":"69","t":"06:26:58","h":"Ouest","s":"25S-H58S000S-80-S"},{"r":"69","t":"06:35:15","h":"Ouest","s":"25N-H58N000A-80-A"},{"r":"69","t":"06:35:15","h":"Ouest","s":"25N-H58NV10A-80-A"},{"r":"69","t":"06:35:15","h":"Ouest","s":"25N-H58NV20A-80-A"},{"r":"69","t":"06:35:15","h":"Ouest","s":"25S-H58S000A-80-A"},{"r":"69","t":"06:37:15","h":"Ouest","s":"25N-H58N000I-80-I"},{"r":"69","t":"06:37:15","h":"Ouest","s":"25N-H58N100F-80-F1"},{"r":"69","t":"06:37:15","h":"Ouest","s":"25N-H58N200F-80-F2"},{"r":"69","t":"06:37:15","h":"Ouest","s":"25N-H58N300F-80-F3"},{"r":"69","t":"06:37:15","h":"Ouest","s":"25N-H58N400F-80-F4"},{"r":"69","t":"06:37:15","h":"Ouest","s":"25N-H58NV10I-80-I"},{"r":"69","t":"06:37:15","h":"Ouest","s":"25N-H58NV20I-80-I"},{"r":"69","t":"06:37:15","h":"Ouest","s":"25S-H58S000I-80-I"},{"r":"69","t":"06:37:15","h":"Ouest","s":"25S-H58S100F-80-F1"},{"r":"69","t":"06:37:15","h":"Ouest","s":"25S-H58S200F-80-F2"},{"r":"69","t":"06:37:58","h":"Ouest","s":"25N-H58N000S-80-S"},{"r":"69","t":"06:37:58","h":"Ouest","s":"25N-H58NV10S-80-S"},{"r":"69","t":"06:37:58","h":"Ouest","s":"25N-H58NV20S-80-S"},{"r":"69","t":"06:37:58","h":"Ouest","s":"25S-H58S000S-80-S"},{"r":"69","t":"06:47:58","h":"Ouest","s":"25N-H58N000S-80-S"},{"r":"69","t":"06:47:58","h":"Ouest","s":"25N-H58NV10S-80-S"},{"r":"69","t":"06:47:58","h":"Ouest","s":"25N-H58NV20S-80-S"},{"r":"69","t":"06:47:58","h":"Ouest","s":"25S-H58S000S-80-S"},{"r":"69","t":"06:57:58","h":"Ouest","s":"25N-H58N000S-80-S"},{"r":"69","t":"06:57:58","h":"Ouest","s":"25N-H58NV10S-80-S"},{"r":"69","t":"06:57:58","h":"Ouest","s":"25N-H58NV20S-80-S"},{"r":"69","t":"06:57:58","h":"Ouest","s":"25S-H58S000S-80-S"},{"r":"69","t":"07:05:15","h":"Ouest","s":"25N-H58N000A-80-A"},{"r":"69","t":"07:05:15","h":"Ouest","s":"25N-H58NV10A-80-A"},{"r":"69","t":"07:05:15","h":"Ouest","s":"25N-H58NV20A-80-A"},{"r":"69","t":"07:05:15","h":"Ouest","s":"25S-H58S000A-80-A"},{"r":"69","t":"07:07:15","h":"Ouest","s":"25N-H58N000I-80-I"},{"r":"69","t":"07:07:15","h":"Ouest","s":"25N-H58N100F-80-F1"},{"r":"69","t":"07:07:15","h":"Ouest","s":"25N-H58N200F-80-F2"},{"r":"69","t":"07:07:15","h":"Ouest","s":"25N-H58N300F-80-F3"},{"r":"69","t":"07:07:15","h":"Ouest","s":"25N-H58N400F-80-F4"},{"r":"69","t":"07:07:15","h":"Ouest","s":"25N-H58NV10I-80-I"},{"r":"69","t":"07:07:15","h":"Ouest","s":"25N-H58NV20I-80-I"},{"r":"69","t":"07:07:15","h":"Ouest","s":"25S-H58S000I-80-I"},{"r":"69","t":"07:07:15","h":"Ouest","s":"25S-H58S100F-80-F1"},{"r":"69","t":"07:07:15","h":"Ouest","s":"25S-H58S200F-80-F2"},{"r":"69","t":"07:08:41","h":"Ouest","s":"25N-H58N000S-80-S"},{"r":"69","t":"07:08:41","h":"Ouest","s":"25N-H58NV10S-80-S"},{"r":"69","t":"07:08:41","h":"Ouest","s":"25N-H58NV20S-80-S"},{"r":"69","t":"07:08:41","h":"Ouest","s":"25S-H58S000S-80-S"},{"r":"69","t":"07:18:41","h":"Ouest","s":"25N-H58N000S-80-S"},{"r":"69","t":"07:18:41","h":"Ouest","s":"25N-H58NV10S-80-S"},{"r":"69","t":"07:18:41","h":"Ouest","s":"25N-H58NV20S-80-S"},{"r":"69","t":"07:18:41","h":"Ouest","s":"25S-H58S000S-80-S"},{"r":"69","t":"07:28:15","h":"Ouest","s":"25N-H58N000A-80-A"},{"r":"69","t":"07:28:15","h":"Ouest","s":"25N-H58NV10A-80-A"},{"r":"69","t":"07:28:15","h":"Ouest","s":"25N-H58NV20A-80-A"},{"r":"69","t":"07:28:15","h":"Ouest","s":"25S-H58S000A-80-A"},{"r":"69","t":"07:29:41","h":"Ouest","s":"25N-H58N000S-80-S"},{"r":"69","t":"07:29:41","h":"Ouest","s":"25N-H58NV10S-80-S"},{"r":"69","t":"07:29:41","h":"Ouest","s":"25N-H58NV20S-80-S"},{"r":"69","t":"07:29:41","h":"Ouest","s":"25S-H58S000S-80-S"},{"r":"69","t":"07:37:15","h":"Ouest","s":"25N-H58N000I-80-I"},{"r":"69","t":"07:37:15","h":"Ouest","s":"25N-H58N100F-80-F1"},{"r":"69","t":"07:37:15","h":"Ouest","s":"25N-H58N200F-80-F2"},{"r":"69","t":"07:37:15","h":"Ouest","s":"25N-H58N300F-80-F3"},{"r":"69","t":"07:37:15","h":"Ouest","s":"25N-H58N400F-80-F4"},{"r":"69","t":"07:37:15","h":"Ouest","s":"25N-H58NV10I-80-I"},{"r":"69","t":"07:37:15","h":"Ouest","s":"25N-H58NV20I-80-I"},{"r":"69","t":"07:37:15","h":"Ouest","s":"25S-H58S000I-80-I"},{"r":"69","t":"07:37:15","h":"Ouest","s":"25S-H58S100F-80-F1"},{"r":"69","t":"07:37:15","h":"Ouest","s":"25S-H58S200F-80-F2"},{"r":"69","t":"07:39:41","h":"Ouest","s":"25N-H58N000S-80-S"},{"r":"69","t":"07:39:41","h":"Ouest","s":"25N-H58NV10S-80-S"},{"r":"69","t":"07:39:41","h":"Ouest","s":"25N-H58NV20S-80-S"},{"r":"69","t":"07:39:41","h":"Ouest","s":"25S-H58S000S-80-S"},{"r":"69","t":"07:48:41","h":"Ouest","s":"25N-H58N000S-80-S"},{"r":"69","t":"07:48:41","h":"Ouest","s":"25N-H58NV10S-80-S"},{"r":"69","t":"07:48:41","h":"Ouest","s":"25N-H58NV20S-80-S"},{"r":"69","t":"07:48:41","h":"Ouest","s":"25S-H58S000S-80-S"},{"r":"69","t":"07:49:15","h":"Ouest","s":"25N-H58N000A-80-A"},{"r":"69","t":"07:49:15","h":"Ouest","s":"25N-H58NV10A-80-A"},{"r":"69","t":"07:49:15","h":"Ouest","s":"25N-H58NV20A-80-A"},{"r":"69","t":"07:49:15","h":"Ouest","s":"25S-H58S000A-80-A"},{"r":"69","t":"08:00:41","h":"Ouest","s":"25N-H58N000S-80-S"},{"r":"69","t":"08:00:41","h":"Ouest","s":"25N-H58NV10S-80-S"},{"r":"69","t":"08:00:41","h":"Ouest","s":"25N-H58NV20S-80-S"},{"r":"69","t":"08:00:41","h":"Ouest","s":"25S-H58S000S-80-S"},{"r":"69","t":"08:06:15","h":"Ouest","s":"25N-H58N000I-80-I"},{"r":"69","t":"08:06:15","h":"Ouest","s":"25N-H58N100F-80-F1"},{"r":"69","t":"08:06:15","h":"Ouest","s":"25N-H58N200F-80-F2"},{"r":"69","t":"08:06:15","h":"Ouest","s":"25N-H58N300F-80-F3"},{"r":"69","t":"08:06:15","h":"Ouest","s":"25N-H58N400F-80-F4"},{"r":"69","t":"08:06:15","h":"Ouest","s":"25N-H58NV10I-80-I"},{"r":"69","t":"08:06:15","h":"Ouest","s":"25N-H58NV20I-80-I"},{"r":"69","t":"08:06:15","h":"Ouest","s":"25S-H58S000I-80-I"},{"r":"69","t":"08:06:15","h":"Ouest","s":"25S-H58S100F-80-F1"},{"r":"69","t":"08:06:15","h":"Ouest","s":"25S-H58S200F-80-F2"},{"r":"69","t":"08:08:41","h":"Ouest","s":"25N-H58N000S-80-S"},{"r":"69","t":"08:08:41","h":"Ouest","s":"25N-H58NV10S-80-S"},{"r":"69","t":"08:08:41","h":"Ouest","s":"25N-H58NV20S-80-S"},{"r":"69","t":"08:08:41","h":"Ouest","s":"25S-H58S000S-80-S"},{"r":"69","t":"08:10:15","h":"Ouest","s":"25N-H58N000A-80-A"},{"r":"69","t":"08:10:15","h":"Ouest","s":"25N-H58NV10A-80-A"},{"r":"69","t":"08:10:15","h":"Ouest","s":"25N-H58NV20A-80-A"},{"r":"69","t":"08:10:15","h":"Ouest","s":"25S-H58S000A-80-A"},{"r":"69","t":"08:17:58","h":"Ouest","s":"25N-H58N000S-80-S"},{"r":"69","t":"08:17:58","h":"Ouest","s":"25N-H58NV10S-80-S"},{"r":"69","t":"08:17:58","h":"Ouest","s":"25N-H58NV20S-80-S"},{"r":"69","t":"08:17:58","h":"Ouest","s":"25S-H58S000S-80-S"},{"r":"69","t":"08:27:58","h":"Ouest","s":"25N-H58N000S-80-S"},{"r":"69","t":"08:27:58","h":"Ouest","s":"25N-H58NV10S-80-S"},{"r":"69","t":"08:27:58","h":"Ouest","s":"25N-H58NV20S-80-S"},{"r":"69","t":"08:27:58","h":"Ouest","s":"25S-H58S000S-80-S"},{"r":"69","t":"08:31:15","h":"Ouest","s":"25N-H58N000I-80-I"},{"r":"69","t":"08:31:15","h":"Ouest","s":"25N-H58N100F-80-F1"},{"r":"69","t":"08:31:15","h":"Ouest","s":"25N-H58N200F-80-F2"},{"r":"69","t":"08:31:15","h":"Ouest","s":"25N-H58N300F-80-F3"},{"r":"69","t":"08:31:15","h":"Ouest","s":"25N-H58N400F-80-F4"},{"r":"69","t":"08:31:15","h":"Ouest","s":"25N-H58NV10I-80-I"},{"r":"69","t":"08:31:15","h":"Ouest","s":"25N-H58NV20I-80-I"},{"r":"69","t":"08:31:15","h":"Ouest","s":"25S-H58S000I-80-I"},{"r":"69","t":"08:31:15","h":"Ouest","s":"25S-H58S100F-80-F1"},{"r":"69","t":"08:31:15","h":"Ouest","s":"25S-H58S200F-80-F2"},{"r":"69","t":"08:32:58","h":"Ouest","s":"25N-H58N000A-80-A"},{"r":"69","t":"08:32:58","h":"Ouest","s":"25N-H58NV10A-80-A"},{"r":"69","t":"08:32:58","h":"Ouest","s":"25N-H58NV20A-80-A"},{"r":"69","t":"08:32:58","h":"Ouest","s":"25S-H58S000A-80-A"},{"r":"69","t":"08:38:58","h":"Ouest","s":"25N-H58N000S-80-S"},{"r":"69","t":"08:38:58","h":"Ouest","s":"25N-H58NV10S-80-S"},{"r":"69","t":"08:38:58","h":"Ouest","s":"25N-H58NV20S-80-S"},{"r":"69","t":"08:38:58","h":"Ouest","s":"25S-H58S000S-80-S"},{"r":"69","t":"08:49:58","h":"Ouest","s":"25N-H58N000S-80-S"},{"r":"69","t":"08:49:58","h":"Ouest","s":"25N-H58NV10S-80-S"},{"r":"69","t":"08:49:58","h":"Ouest","s":"25N-H58NV20S-80-S"},{"r":"69","t":"08:49:58","h":"Ouest","s":"25S-H58S000S-80-S"},{"r":"69","t":"08:52:58","h":"Ouest","s":"25N-H58N000A-80-A"},{"r":"69","t":"08:52:58","h":"Ouest","s":"25N-H58NV10A-80-A"},{"r":"69","t":"08:52:58","h":"Ouest","s":"25N-H58NV20A-80-A"},{"r":"69","t":"08:52:58","h":"Ouest","s":"25S-H58S000A-80-A"},{"r":"69","t":"08:56:15","h":"Ouest","s":"25N-H58N000I-80-I"},{"r":"69","t":"08:56:15","h":"Ouest","s":"25N-H58N100F-80-F1"},{"r":"69","t":"08:56:15","h":"Ouest","s":"25N-H58N200F-80-F2"},{"r":"69","t":"08:56:15","h":"Ouest","s":"25N-H58N300F-80-F3"},{"r":"69","t":"08:56:15","h":"Ouest","s":"25N-H58N400F-80-F4"},{"r":"69","t":"08:56:15","h":"Ouest","s":"25N-H58NV10I-80-I"},{"r":"69","t":"08:56:15","h":"Ouest","s":"25N-H58NV20I-80-I"},{"r":"69","t":"08:56:15","h":"Ouest","s":"25S-H58S000I-80-I"},{"r":"69","t":"08:56:15","h":"Ouest","s":"25S-H58S100F-80-F1"},{"r":"69","t":"08:56:15","h":"Ouest","s":"25S-H58S200F-80-F2"},{"r":"69","t":"08:59:58","h":"Ouest","s":"25N-H58N000S-80-S"},{"r":"69","t":"08:59:58","h":"Ouest","s":"25N-H58NV10S-80-S"},{"r":"69","t":"08:59:58","h":"Ouest","s":"25N-H58NV20S-80-S"},{"r":"69","t":"08:59:58","h":"Ouest","s":"25S-H58S000S-80-S"},{"r":"69","t":"09:09:58","h":"Ouest","s":"25N-H58N000S-80-S"},{"r":"69","t":"09:09:58","h":"Ouest","s":"25N-H58NV10S-80-S"},{"r":"69","t":"09:09:58","h":"Ouest","s":"25N-H58NV20S-80-S"},{"r":"69","t":"09:09:58","h":"Ouest","s":"25S-H58S000S-80-S"},{"r":"69","t":"09:12:58","h":"Ouest","s":"25N-H58N000A-80-A"},{"r":"69","t":"09:12:58","h":"Ouest","s":"25N-H58NV10A-80-A"},{"r":"69","t":"09:12:58","h":"Ouest","s":"25N-H58NV20A-80-A"},{"r":"69","t":"09:12:58","h":"Ouest","s":"25S-H58S000A-80-A"},{"r":"69","t":"09:19:58","h":"Ouest","s":"25N-H58N000S-80-S"},{"r":"69","t":"09:19:58","h":"Ouest","s":"25N-H58NV10S-80-S"},{"r":"69","t":"09:19:58","h":"Ouest","s":"25N-H58NV20S-80-S"},{"r":"69","t":"09:19:58","h":"Ouest","s":"25S-H58S000S-80-S"},{"r":"69","t":"09:21:15","h":"Ouest","s":"25N-H58N000I-80-I"},{"r":"69","t":"09:21:15","h":"Ouest","s":"25N-H58N100F-80-F1"},{"r":"69","t":"09:21:15","h":"Ouest","s":"25N-H58N200F-80-F2"},{"r":"69","t":"09:21:15","h":"Ouest","s":"25N-H58N300F-80-F3"},{"r":"69","t":"09:21:15","h":"Ouest","s":"25N-H58N400F-80-F4"},{"r":"69","t":"09:21:15","h":"Ouest","s":"25N-H58NV10I-80-I"},{"r":"69","t":"09:21:15","h":"Ouest","s":"25N-H58NV20I-80-I"},{"r":"69","t":"09:21:15","h":"Ouest","s":"25S-H58S000I-80-I"},{"r":"69","t":"09:21:15","h":"Ouest","s":"25S-H58S100F-80-F1"},{"r":"69","t":"09:21:15","h":"Ouest","s":"25S-H58S200F-80-F2"},{"r":"69","t":"09:30:58","h":"Ouest","s":"25N-H58N000S-80-S"},{"r":"69","t":"09:30:58","h":"Ouest","s":"25N-H58NV10S-80-S"},{"r":"69","t":"09:30:58","h":"Ouest","s":"25N-H58NV20S-80-S"},{"r":"69","t":"09:30:58","h":"Ouest","s":"25S-H58S000S-80-S"},{"r":"69","t":"09:32:58","h":"Ouest","s":"25N-H58N000A-80-A"},{"r":"69","t":"09:32:58","h":"Ouest","s":"25N-H58NV10A-80-A"},{"r":"69","t":"09:32:58","h":"Ouest","s":"25N-H58NV20A-80-A"},{"r":"69","t":"09:32:58","h":"Ouest","s":"25S-H58S000A-80-A"},{"r":"69","t":"09:42:58","h":"Ouest","s":"25N-H58N000S-80-S"},{"r":"69","t":"09:42:58","h":"Ouest","s":"25N-H58NV10S-80-S"},{"r":"69","t":"09:42:58","h":"Ouest","s":"25N-H58NV20S-80-S"},{"r":"69","t":"09:42:58","h":"Ouest","s":"25S-H58S000S-80-S"},{"r":"69","t":"09:47:15","h":"Ouest","s":"25N-H58N000I-80-I"},{"r":"69","t":"09:47:15","h":"Ouest","s":"25N-H58N100F-80-F1"},{"r":"69","t":"09:47:15","h":"Ouest","s":"25N-H58N200F-80-F2"},{"r":"69","t":"09:47:15","h":"Ouest","s":"25N-H58N300F-80-F3"},{"r":"69","t":"09:47:15","h":"Ouest","s":"25N-H58N400F-80-F4"},{"r":"69","t":"09:47:15","h":"Ouest","s":"25N-H58NV10I-80-I"},{"r":"69","t":"09:47:15","h":"Ouest","s":"25N-H58NV20I-80-I"},{"r":"69","t":"09:47:15","h":"Ouest","s":"25S-H58S000I-80-I"},{"r":"69","t":"09:47:15","h":"Ouest","s":"25S-H58S100F-80-F1"},{"r":"69","t":"09:47:15","h":"Ouest","s":"25S-H58S200F-80-F2"},{"r":"69","t":"09:53:58","h":"Ouest","s":"25N-H58N000A-80-A"},{"r":"69","t":"09:53:58","h":"Ouest","s":"25N-H58NV10A-80-A"},{"r":"69","t":"09:53:58","h":"Ouest","s":"25N-H58NV20A-80-A"},{"r":"69","t":"09:53:58","h":"Ouest","s":"25S-H58S000A-80-A"},{"r":"69","t":"10:02:58","h":"Ouest","s":"25N-H58N000S-80-S"},{"r":"69","t":"10:02:58","h":"Ouest","s":"25N-H58NV10S-80-S"},{"r":"69","t":"10:02:58","h":"Ouest","s":"25N-H58NV20S-80-S"},{"r":"69","t":"10:02:58","h":"Ouest","s":"25S-H58S000S-80-S"},{"r":"69","t":"10:13:58","h":"Ouest","s":"25N-H58N000A-80-A"},{"r":"69","t":"10:13:58","h":"Ouest","s":"25N-H58NV10A-80-A"},{"r":"69","t":"10:13:58","h":"Ouest","s":"25N-H58NV20A-80-A"},{"r":"69","t":"10:13:58","h":"Ouest","s":"25S-H58S000A-80-A"},{"r":"69","t":"10:15:58","h":"Ouest","s":"25N-H58N000I-80-I"},{"r":"69","t":"10:15:58","h":"Ouest","s":"25N-H58N100F-80-F1"},{"r":"69","t":"10:15:58","h":"Ouest","s":"25N-H58N200F-80-F2"},{"r":"69","t":"10:15:58","h":"Ouest","s":"25N-H58N300F-80-F3"},{"r":"69","t":"10:15:58","h":"Ouest","s":"25N-H58N400F-80-F4"},{"r":"69","t":"10:15:58","h":"Ouest","s":"25N-H58NV10I-80-I"},{"r":"69","t":"10:15:58","h":"Ouest","s":"25N-H58NV20I-80-I"},{"r":"69","t":"10:15:58","h":"Ouest","s":"25S-H58S000I-80-I"},{"r":"69","t":"10:15:58","h":"Ouest","s":"25S-H58S100F-80-F1"},{"r":"69","t":"10:15:58","h":"Ouest","s":"25S-H58S200F-80-F2"},{"r":"69","t":"10:22:58","h":"Ouest","s":"25N-H58N000S-80-S"},{"r":"69","t":"10:22:58","h":"Ouest","s":"25N-H58NV10S-80-S"},{"r":"69","t":"10:22:58","h":"Ouest","s":"25N-H58NV20S-80-S"},{"r":"69","t":"10:22:58","h":"Ouest","s":"25S-H58S000S-80-S"},{"r":"69","t":"10:33:58","h":"Ouest","s":"25N-H58N000A-80-A"},{"r":"69","t":"10:33:58","h":"Ouest","s":"25N-H58NV10A-80-A"},{"r":"69","t":"10:33:58","h":"Ouest","s":"25N-H58NV20A-80-A"},{"r":"69","t":"10:33:58","h":"Ouest","s":"25S-H58S000A-80-A"},{"r":"69","t":"10:42:58","h":"Ouest","s":"25N-H58N000I-80-I"},{"r":"69","t":"10:42:58","h":"Ouest","s":"25N-H58N000S-80-S"},{"r":"69","t":"10:42:58","h":"Ouest","s":"25N-H58N100F-80-F1"},{"r":"69","t":"10:42:58","h":"Ouest","s":"25N-H58N200F-80-F2"},{"r":"69","t":"10:42:58","h":"Ouest","s":"25N-H58N300F-80-F3"},{"r":"69","t":"10:42:58","h":"Ouest","s":"25N-H58N400F-80-F4"},{"r":"69","t":"10:42:58","h":"Ouest","s":"25N-H58NV10I-80-I"},{"r":"69","t":"10:42:58","h":"Ouest","s":"25N-H58NV10S-80-S"},{"r":"69","t":"10:42:58","h":"Ouest","s":"25N-H58NV20I-80-I"},{"r":"69","t":"10:42:58","h":"Ouest","s":"25N-H58NV20S-80-S"},{"r":"69","t":"10:42:58","h":"Ouest","s":"25S-H58S000I-80-I"},{"r":"69","t":"10:42:58","h":"Ouest","s":"25S-H58S000S-80-S"},{"r":"69","t":"10:42:58","h":"Ouest","s":"25S-H58S100F-80-F1"},{"r":"69","t":"10:42:58","h":"Ouest","s":"25S-H58S200F-80-F2"},{"r":"69","t":"10:53:58","h":"Ouest","s":"25N-H58N000A-80-A"},{"r":"69","t":"10:53:58","h":"Ouest","s":"25N-H58NV10A-80-A"},{"r":"69","t":"10:53:58","h":"Ouest","s":"25N-H58NV20A-80-A"},{"r":"69","t":"10:53:58","h":"Ouest","s":"25S-H58S000A-80-A"},{"r":"69","t":"11:02:58","h":"Ouest","s":"25N-H58N000S-80-S"},{"r":"69","t":"11:02:58","h":"Ouest","s":"25N-H58NV10S-80-S"},{"r":"69","t":"11:02:58","h":"Ouest","s":"25N-H58NV20S-80-S"},{"r":"69","t":"11:02:58","h":"Ouest","s":"25S-H58S000S-80-S"},{"r":"69","t":"11:08:58","h":"Ouest","s":"25N-H58N000I-80-I"},{"r":"69","t":"11:08:58","h":"Ouest","s":"25N-H58N100F-80-F1"},{"r":"69","t":"11:08:58","h":"Ouest","s":"25N-H58N200F-80-F2"},{"r":"69","t":"11:08:58","h":"Ouest","s":"25N-H58N300F-80-F3"},{"r":"69","t":"11:08:58","h":"Ouest","s":"25N-H58N400F-80-F4"},{"r":"69","t":"11:08:58","h":"Ouest","s":"25N-H58NV10I-80-I"},{"r":"69","t":"11:08:58","h":"Ouest","s":"25N-H58NV20I-80-I"},{"r":"69","t":"11:08:58","h":"Ouest","s":"25S-H58S000I-80-I"},{"r":"69","t":"11:08:58","h":"Ouest","s":"25S-H58S100F-80-F1"},{"r":"69","t":"11:08:58","h":"Ouest","s":"25S-H58S200F-80-F2"},{"r":"69","t":"11:13:58","h":"Ouest","s":"25N-H58N000A-80-A"},{"r":"69","t":"11:13:58","h":"Ouest","s":"25N-H58NV10A-80-A"},{"r":"69","t":"11:13:58","h":"Ouest","s":"25N-H58NV20A-80-A"},{"r":"69","t":"11:13:58","h":"Ouest","s":"25S-H58S000A-80-A"},{"r":"69","t":"11:22:58","h":"Ouest","s":"25N-H58N000S-80-S"},{"r":"69","t":"11:22:58","h":"Ouest","s":"25N-H58NV10S-80-S"},{"r":"69","t":"11:22:58","h":"Ouest","s":"25N-H58NV20S-80-S"},{"r":"69","t":"11:22:58","h":"Ouest","s":"25S-H58S000S-80-S"},{"r":"69","t":"11:32:58","h":"Ouest","s":"25N-H58N000A-80-A"},{"r":"69","t":"11:32:58","h":"Ouest","s":"25N-H58NV10A-80-A"},{"r":"69","t":"11:32:58","h":"Ouest","s":"25N-H58NV20A-80-A"},{"r":"69","t":"11:32:58","h":"Ouest","s":"25S-H58S000A-80-A"},{"r":"69","t":"11:33:58","h":"Ouest","s":"25N-H58N000I-80-I"},{"r":"69","t":"11:33:58","h":"Ouest","s":"25N-H58N000S-80-S"},{"r":"69","t":"11:33:58","h":"Ouest","s":"25N-H58N100F-80-F1"},{"r":"69","t":"11:33:58","h":"Ouest","s":"25N-H58N200F-80-F2"},{"r":"69","t":"11:33:58","h":"Ouest","s":"25N-H58N300F-80-F3"},{"r":"69","t":"11:33:58","h":"Ouest","s":"25N-H58N400F-80-F4"},{"r":"69","t":"11:33:58","h":"Ouest","s":"25N-H58NV10I-80-I"},{"r":"69","t":"11:33:58","h":"Ouest","s":"25N-H58NV10S-80-S"},{"r":"69","t":"11:33:58","h":"Ouest","s":"25N-H58NV20I-80-I"},{"r":"69","t":"11:33:58","h":"Ouest","s":"25N-H58NV20S-80-S"},{"r":"69","t":"11:33:58","h":"Ouest","s":"25S-H58S000I-80-I"},{"r":"69","t":"11:33:58","h":"Ouest","s":"25S-H58S000S-80-S"},{"r":"69","t":"11:33:58","h":"Ouest","s":"25S-H58S100F-80-F1"},{"r":"69","t":"11:33:58","h":"Ouest","s":"25S-H58S200F-80-F2"},{"r":"69","t":"11:52:58","h":"Ouest","s":"25N-H58N000A-80-A"},{"r":"69","t":"11:52:58","h":"Ouest","s":"25N-H58NV10A-80-A"},{"r":"69","t":"11:52:58","h":"Ouest","s":"25N-H58NV20A-80-A"},{"r":"69","t":"11:52:58","h":"Ouest","s":"25S-H58S000A-80-A"},{"r":"69","t":"11:53:58","h":"Ouest","s":"25N-H58N000S-80-S"},{"r":"69","t":"11:53:58","h":"Ouest","s":"25N-H58NV10S-80-S"},{"r":"69","t":"11:53:58","h":"Ouest","s":"25N-H58NV20S-80-S"},{"r":"69","t":"11:53:58","h":"Ouest","s":"25S-H58S000S-80-S"},{"r":"69","t":"11:58:58","h":"Ouest","s":"25N-H58N000I-80-I"},{"r":"69","t":"11:58:58","h":"Ouest","s":"25N-H58N100F-80-F1"},{"r":"69","t":"11:58:58","h":"Ouest","s":"25N-H58N200F-80-F2"},{"r":"69","t":"11:58:58","h":"Ouest","s":"25N-H58N300F-80-F3"},{"r":"69","t":"11:58:58","h":"Ouest","s":"25N-H58N400F-80-F4"},{"r":"69","t":"11:58:58","h":"Ouest","s":"25N-H58NV10I-80-I"},{"r":"69","t":"11:58:58","h":"Ouest","s":"25N-H58NV20I-80-I"},{"r":"69","t":"11:58:58","h":"Ouest","s":"25S-H58S000I-80-I"},{"r":"69","t":"11:58:58","h":"Ouest","s":"25S-H58S100F-80-F1"},{"r":"69","t":"11:58:58","h":"Ouest","s":"25S-H58S200F-80-F2"},{"r":"69","t":"12:12:58","h":"Ouest","s":"25N-H58N000A-80-A"},{"r":"69","t":"12:12:58","h":"Ouest","s":"25N-H58N000S-80-S"},{"r":"69","t":"12:12:58","h":"Ouest","s":"25N-H58NV10A-80-A"},{"r":"69","t":"12:12:58","h":"Ouest","s":"25N-H58NV10S-80-S"},{"r":"69","t":"12:12:58","h":"Ouest","s":"25N-H58NV20A-80-A"},{"r":"69","t":"12:12:58","h":"Ouest","s":"25N-H58NV20S-80-S"},{"r":"69","t":"12:12:58","h":"Ouest","s":"25S-H58S000A-80-A"},{"r":"69","t":"12:12:58","h":"Ouest","s":"25S-H58S000S-80-S"},{"r":"69","t":"12:21:58","h":"Ouest","s":"25N-H58N000I-80-I"},{"r":"69","t":"12:21:58","h":"Ouest","s":"25N-H58N100F-80-F1"},{"r":"69","t":"12:21:58","h":"Ouest","s":"25N-H58N200F-80-F2"},{"r":"69","t":"12:21:58","h":"Ouest","s":"25N-H58N300F-80-F3"},{"r":"69","t":"12:21:58","h":"Ouest","s":"25N-H58N400F-80-F4"},{"r":"69","t":"12:21:58","h":"Ouest","s":"25N-H58NV10I-80-I"},{"r":"69","t":"12:21:58","h":"Ouest","s":"25N-H58NV20I-80-I"},{"r":"69","t":"12:21:58","h":"Ouest","s":"25S-H58S000I-80-I"},{"r":"69","t":"12:21:58","h":"Ouest","s":"25S-H58S100F-80-F1"},{"r":"69","t":"12:21:58","h":"Ouest","s":"25S-H58S200F-80-F2"},{"r":"69","t":"12:31:58","h":"Ouest","s":"25N-H58N000S-80-S"},{"r":"69","t":"12:31:58","h":"Ouest","s":"25N-H58NV10S-80-S"},{"r":"69","t":"12:31:58","h":"Ouest","s":"25N-H58NV20S-80-S"},{"r":"69","t":"12:31:58","h":"Ouest","s":"25S-H58S000S-80-S"},{"r":"69","t":"12:33:58","h":"Ouest","s":"25N-H58N000A-80-A"},{"r":"69","t":"12:33:58","h":"Ouest","s":"25N-H58NV10A-80-A"},{"r":"69","t":"12:33:58","h":"Ouest","s":"25N-H58NV20A-80-A"},{"r":"69","t":"12:33:58","h":"Ouest","s":"25S-H58S000A-80-A"},{"r":"69","t":"12:44:58","h":"Ouest","s":"25N-H58N000I-80-I"},{"r":"69","t":"12:44:58","h":"Ouest","s":"25N-H58N100F-80-F1"},{"r":"69","t":"12:44:58","h":"Ouest","s":"25N-H58N200F-80-F2"},{"r":"69","t":"12:44:58","h":"Ouest","s":"25N-H58N300F-80-F3"},{"r":"69","t":"12:44:58","h":"Ouest","s":"25N-H58N400F-80-F4"},{"r":"69","t":"12:44:58","h":"Ouest","s":"25N-H58NV10I-80-I"},{"r":"69","t":"12:44:58","h":"Ouest","s":"25N-H58NV20I-80-I"},{"r":"69","t":"12:44:58","h":"Ouest","s":"25S-H58S000I-80-I"},{"r":"69","t":"12:44:58","h":"Ouest","s":"25S-H58S100F-80-F1"},{"r":"69","t":"12:44:58","h":"Ouest","s":"25S-H58S200F-80-F2"},{"r":"69","t":"12:50:58","h":"Ouest","s":"25N-H58N000S-80-S"},{"r":"69","t":"12:50:58","h":"Ouest","s":"25N-H58NV10S-80-S"},{"r":"69","t":"12:50:58","h":"Ouest","s":"25N-H58NV20S-80-S"},{"r":"69","t":"12:50:58","h":"Ouest","s":"25S-H58S000S-80-S"},{"r":"69","t":"12:53:58","h":"Ouest","s":"25N-H58N000A-80-A"},{"r":"69","t":"12:53:58","h":"Ouest","s":"25N-H58NV10A-80-A"},{"r":"69","t":"12:53:58","h":"Ouest","s":"25N-H58NV20A-80-A"},{"r":"69","t":"12:53:58","h":"Ouest","s":"25S-H58S000A-80-A"},{"r":"69","t":"13:08:41","h":"Ouest","s":"25N-H58N000I-80-I"},{"r":"69","t":"13:08:41","h":"Ouest","s":"25N-H58N100F-80-F1"},{"r":"69","t":"13:08:41","h":"Ouest","s":"25N-H58N200F-80-F2"},{"r":"69","t":"13:08:41","h":"Ouest","s":"25N-H58N300F-80-F3"},{"r":"69","t":"13:08:41","h":"Ouest","s":"25N-H58N400F-80-F4"},{"r":"69","t":"13:08:41","h":"Ouest","s":"25N-H58NV10I-80-I"},{"r":"69","t":"13:08:41","h":"Ouest","s":"25N-H58NV20I-80-I"},{"r":"69","t":"13:08:41","h":"Ouest","s":"25S-H58S000I-80-I"},{"r":"69","t":"13:08:41","h":"Ouest","s":"25S-H58S100F-80-F1"},{"r":"69","t":"13:08:41","h":"Ouest","s":"25S-H58S200F-80-F2"},{"r":"69","t":"13:09:58","h":"Ouest","s":"25N-H58N000S-80-S"},{"r":"69","t":"13:09:58","h":"Ouest","s":"25N-H58NV10S-80-S"},{"r":"69","t":"13:09:58","h":"Ouest","s":"25N-H58NV20S-80-S"},{"r":"69","t":"13:09:58","h":"Ouest","s":"25S-H58S000S-80-S"},{"r":"69","t":"13:11:58","h":"Ouest","s":"25N-H58N000A-80-A"},{"r":"69","t":"13:11:58","h":"Ouest","s":"25N-H58NV10A-80-A"},{"r":"69","t":"13:11:58","h":"Ouest","s":"25N-H58NV20A-80-A"},{"r":"69","t":"13:11:58","h":"Ouest","s":"25S-H58S000A-80-A"},{"r":"69","t":"13:26:58","h":"Ouest","s":"25N-H58N000A-80-A"},{"r":"69","t":"13:26:58","h":"Ouest","s":"25N-H58NV10A-80-A"},{"r":"69","t":"13:26:58","h":"Ouest","s":"25N-H58NV20A-80-A"},{"r":"69","t":"13:26:58","h":"Ouest","s":"25S-H58S000A-80-A"},{"r":"69","t":"13:29:58","h":"Ouest","s":"25N-H58N000S-80-S"},{"r":"69","t":"13:29:58","h":"Ouest","s":"25N-H58NV10S-80-S"},{"r":"69","t":"13:29:58","h":"Ouest","s":"25N-H58NV20S-80-S"},{"r":"69","t":"13:29:58","h":"Ouest","s":"25S-H58S000S-80-S"},{"r":"69","t":"13:32:41","h":"Ouest","s":"25N-H58N000I-80-I"},{"r":"69","t":"13:32:41","h":"Ouest","s":"25N-H58N100F-80-F1"},{"r":"69","t":"13:32:41","h":"Ouest","s":"25N-H58N200F-80-F2"},{"r":"69","t":"13:32:41","h":"Ouest","s":"25N-H58N300F-80-F3"},{"r":"69","t":"13:32:41","h":"Ouest","s":"25N-H58N400F-80-F4"},{"r":"69","t":"13:32:41","h":"Ouest","s":"25N-H58NV10I-80-I"},{"r":"69","t":"13:32:41","h":"Ouest","s":"25N-H58NV20I-80-I"},{"r":"69","t":"13:32:41","h":"Ouest","s":"25S-H58S000I-80-I"},{"r":"69","t":"13:32:41","h":"Ouest","s":"25S-H58S100F-80-F1"},{"r":"69","t":"13:32:41","h":"Ouest","s":"25S-H58S200F-80-F2"},{"r":"69","t":"13:41:58","h":"Ouest","s":"25N-H58N000A-80-A"},{"r":"69","t":"13:41:58","h":"Ouest","s":"25N-H58NV10A-80-A"},{"r":"69","t":"13:41:58","h":"Ouest","s":"25N-H58NV20A-80-A"},{"r":"69","t":"13:41:58","h":"Ouest","s":"25S-H58S000A-80-A"},{"r":"69","t":"13:49:58","h":"Ouest","s":"25N-H58N000S-80-S"},{"r":"69","t":"13:49:58","h":"Ouest","s":"25N-H58NV10S-80-S"},{"r":"69","t":"13:49:58","h":"Ouest","s":"25N-H58NV20S-80-S"},{"r":"69","t":"13:49:58","h":"Ouest","s":"25S-H58S000S-80-S"},{"r":"69","t":"13:55:41","h":"Ouest","s":"25N-H58N000I-80-I"},{"r":"69","t":"13:55:41","h":"Ouest","s":"25N-H58N100F-80-F1"},{"r":"69","t":"13:55:41","h":"Ouest","s":"25N-H58N200F-80-F2"},{"r":"69","t":"13:55:41","h":"Ouest","s":"25N-H58N300F-80-F3"},{"r":"69","t":"13:55:41","h":"Ouest","s":"25N-H58N400F-80-F4"},{"r":"69","t":"13:55:41","h":"Ouest","s":"25N-H58NV10I-80-I"},{"r":"69","t":"13:55:41","h":"Ouest","s":"25N-H58NV20I-80-I"},{"r":"69","t":"13:55:41","h":"Ouest","s":"25S-H58S000I-80-I"},{"r":"69","t":"13:55:41","h":"Ouest","s":"25S-H58S100F-80-F1"},{"r":"69","t":"13:55:41","h":"Ouest","s":"25S-H58S200F-80-F2"},{"r":"69","t":"13:56:58","h":"Ouest","s":"25N-H58N000A-80-A"},{"r":"69","t":"13:56:58","h":"Ouest","s":"25N-H58NV10A-80-A"},{"r":"69","t":"13:56:58","h":"Ouest","s":"25N-H58NV20A-80-A"},{"r":"69","t":"13:56:58","h":"Ouest","s":"25S-H58S000A-80-A"},{"r":"69","t":"14:08:58","h":"Ouest","s":"25N-H58N000S-80-S"},{"r":"69","t":"14:08:58","h":"Ouest","s":"25N-H58NV10S-80-S"},{"r":"69","t":"14:08:58","h":"Ouest","s":"25N-H58NV20S-80-S"},{"r":"69","t":"14:08:58","h":"Ouest","s":"25S-H58S000S-80-S"},{"r":"69","t":"14:12:58","h":"Ouest","s":"25N-H58N000A-80-A"},{"r":"69","t":"14:12:58","h":"Ouest","s":"25N-H58NV10A-80-A"},{"r":"69","t":"14:12:58","h":"Ouest","s":"25N-H58NV20A-80-A"},{"r":"69","t":"14:12:58","h":"Ouest","s":"25S-H58S000A-80-A"},{"r":"69","t":"14:15:41","h":"Ouest","s":"25N-H58N000I-80-I"},{"r":"69","t":"14:15:41","h":"Ouest","s":"25N-H58N100F-80-F1"},{"r":"69","t":"14:15:41","h":"Ouest","s":"25N-H58N200F-80-F2"},{"r":"69","t":"14:15:41","h":"Ouest","s":"25N-H58N300F-80-F3"},{"r":"69","t":"14:15:41","h":"Ouest","s":"25N-H58N400F-80-F4"},{"r":"69","t":"14:15:41","h":"Ouest","s":"25N-H58NV10I-80-I"},{"r":"69","t":"14:15:41","h":"Ouest","s":"25N-H58NV20I-80-I"},{"r":"69","t":"14:15:41","h":"Ouest","s":"25S-H58S000I-80-I"},{"r":"69","t":"14:15:41","h":"Ouest","s":"25S-H58S100F-80-F1"},{"r":"69","t":"14:15:41","h":"Ouest","s":"25S-H58S200F-80-F2"},{"r":"69","t":"14:22:58","h":"Ouest","s":"25N-H58N000S-80-S"},{"r":"69","t":"14:22:58","h":"Ouest","s":"25N-H58NV10S-80-S"},{"r":"69","t":"14:22:58","h":"Ouest","s":"25N-H58NV20S-80-S"},{"r":"69","t":"14:22:58","h":"Ouest","s":"25S-H58S000S-80-S"},{"r":"69","t":"14:28:58","h":"Ouest","s":"25N-H58N000A-80-A"},{"r":"69","t":"14:28:58","h":"Ouest","s":"25N-H58NV10A-80-A"},{"r":"69","t":"14:28:58","h":"Ouest","s":"25N-H58NV20A-80-A"},{"r":"69","t":"14:28:58","h":"Ouest","s":"25S-H58S000A-80-A"},{"r":"69","t":"14:34:41","h":"Ouest","s":"25N-H58N000I-80-I"},{"r":"69","t":"14:34:41","h":"Ouest","s":"25N-H58N100F-80-F1"},{"r":"69","t":"14:34:41","h":"Ouest","s":"25N-H58N200F-80-F2"},{"r":"69","t":"14:34:41","h":"Ouest","s":"25N-H58N300F-80-F3"},{"r":"69","t":"14:34:41","h":"Ouest","s":"25N-H58N400F-80-F4"},{"r":"69","t":"14:34:41","h":"Ouest","s":"25N-H58NV10I-80-I"},{"r":"69","t":"14:34:41","h":"Ouest","s":"25N-H58NV20I-80-I"},{"r":"69","t":"14:34:41","h":"Ouest","s":"25S-H58S000I-80-I"},{"r":"69","t":"14:34:41","h":"Ouest","s":"25S-H58S100F-80-F1"},{"r":"69","t":"14:34:41","h":"Ouest","s":"25S-H58S200F-80-F2"},{"r":"69","t":"14:36:58","h":"Ouest","s":"25N-H58N000S-80-S"},{"r":"69","t":"14:36:58","h":"Ouest","s":"25N-H58NV10S-80-S"},{"r":"69","t":"14:36:58","h":"Ouest","s":"25N-H58NV20S-80-S"},{"r":"69","t":"14:36:58","h":"Ouest","s":"25S-H58S000S-80-S"},{"r":"69","t":"14:43:58","h":"Ouest","s":"25N-H58N000A-80-A"},{"r":"69","t":"14:43:58","h":"Ouest","s":"25N-H58NV10A-80-A"},{"r":"69","t":"14:43:58","h":"Ouest","s":"25N-H58NV20A-80-A"},{"r":"69","t":"14:43:58","h":"Ouest","s":"25S-H58S000A-80-A"},{"r":"69","t":"14:50:58","h":"Ouest","s":"25N-H58N000S-80-S"},{"r":"69","t":"14:50:58","h":"Ouest","s":"25N-H58NV10S-80-S"},{"r":"69","t":"14:50:58","h":"Ouest","s":"25N-H58NV20S-80-S"},{"r":"69","t":"14:50:58","h":"Ouest","s":"25S-H58S000S-80-S"},{"r":"69","t":"14:52:41","h":"Ouest","s":"25N-H58N000I-80-I"},{"r":"69","t":"14:52:41","h":"Ouest","s":"25N-H58N100F-80-F1"},{"r":"69","t":"14:52:41","h":"Ouest","s":"25N-H58N200F-80-F2"},{"r":"69","t":"14:52:41","h":"Ouest","s":"25N-H58N300F-80-F3"},{"r":"69","t":"14:52:41","h":"Ouest","s":"25N-H58N400F-80-F4"},{"r":"69","t":"14:52:41","h":"Ouest","s":"25N-H58NV10I-80-I"},{"r":"69","t":"14:52:41","h":"Ouest","s":"25N-H58NV20I-80-I"},{"r":"69","t":"14:52:41","h":"Ouest","s":"25S-H58S000I-80-I"},{"r":"69","t":"14:52:41","h":"Ouest","s":"25S-H58S100F-80-F1"},{"r":"69","t":"14:52:41","h":"Ouest","s":"25S-H58S200F-80-F2"},{"r":"69","t":"14:58:58","h":"Ouest","s":"25N-H58N000A-80-A"},{"r":"69","t":"14:58:58","h":"Ouest","s":"25N-H58NV10A-80-A"},{"r":"69","t":"14:58:58","h":"Ouest","s":"25N-H58NV20A-80-A"},{"r":"69","t":"14:58:58","h":"Ouest","s":"25S-H58S000A-80-A"},{"r":"69","t":"15:03:58","h":"Ouest","s":"25N-H58N000S-80-S"},{"r":"69","t":"15:03:58","h":"Ouest","s":"25N-H58NV10S-80-S"},{"r":"69","t":"15:03:58","h":"Ouest","s":"25N-H58NV20S-80-S"},{"r":"69","t":"15:03:58","h":"Ouest","s":"25S-H58S000S-80-S"},{"r":"69","t":"15:12:41","h":"Ouest","s":"25N-H58N000I-80-I"},{"r":"69","t":"15:12:41","h":"Ouest","s":"25N-H58N100F-80-F1"},{"r":"69","t":"15:12:41","h":"Ouest","s":"25N-H58N200F-80-F2"},{"r":"69","t":"15:12:41","h":"Ouest","s":"25N-H58N300F-80-F3"},{"r":"69","t":"15:12:41","h":"Ouest","s":"25N-H58N400F-80-F4"},{"r":"69","t":"15:12:41","h":"Ouest","s":"25N-H58NV10I-80-I"},{"r":"69","t":"15:12:41","h":"Ouest","s":"25N-H58NV20I-80-I"},{"r":"69","t":"15:12:41","h":"Ouest","s":"25S-H58S000I-80-I"},{"r":"69","t":"15:12:41","h":"Ouest","s":"25S-H58S100F-80-F1"},{"r":"69","t":"15:12:41","h":"Ouest","s":"25S-H58S200F-80-F2"},{"r":"69","t":"15:13:58","h":"Ouest","s":"25N-H58N000A-80-A"},{"r":"69","t":"15:13:58","h":"Ouest","s":"25N-H58NV10A-80-A"},{"r":"69","t":"15:13:58","h":"Ouest","s":"25N-H58NV20A-80-A"},{"r":"69","t":"15:13:58","h":"Ouest","s":"25S-H58S000A-80-A"},{"r":"69","t":"15:17:58","h":"Ouest","s":"25N-H58N000S-80-S"},{"r":"69","t":"15:17:58","h":"Ouest","s":"25N-H58NV10S-80-S"},{"r":"69","t":"15:17:58","h":"Ouest","s":"25N-H58NV20S-80-S"},{"r":"69","t":"15:17:58","h":"Ouest","s":"25S-H58S000S-80-S"},{"r":"69","t":"15:28:58","h":"Ouest","s":"25N-H58N000A-80-A"},{"r":"69","t":"15:28:58","h":"Ouest","s":"25N-H58NV10A-80-A"},{"r":"69","t":"15:28:58","h":"Ouest","s":"25N-H58NV20A-80-A"},{"r":"69","t":"15:28:58","h":"Ouest","s":"25S-H58S000A-80-A"},{"r":"69","t":"15:29:58","h":"Ouest","s":"25N-H58N000S-80-S"},{"r":"69","t":"15:29:58","h":"Ouest","s":"25N-H58NV10S-80-S"},{"r":"69","t":"15:29:58","h":"Ouest","s":"25N-H58NV20S-80-S"},{"r":"69","t":"15:29:58","h":"Ouest","s":"25S-H58S000S-80-S"},{"r":"69","t":"15:32:41","h":"Ouest","s":"25N-H58N000I-80-I"},{"r":"69","t":"15:32:41","h":"Ouest","s":"25N-H58N100F-80-F1"},{"r":"69","t":"15:32:41","h":"Ouest","s":"25N-H58N200F-80-F2"},{"r":"69","t":"15:32:41","h":"Ouest","s":"25N-H58N300F-80-F3"},{"r":"69","t":"15:32:41","h":"Ouest","s":"25N-H58N400F-80-F4"},{"r":"69","t":"15:32:41","h":"Ouest","s":"25N-H58NV10I-80-I"},{"r":"69","t":"15:32:41","h":"Ouest","s":"25N-H58NV20I-80-I"},{"r":"69","t":"15:32:41","h":"Ouest","s":"25S-H58S000I-80-I"},{"r":"69","t":"15:32:41","h":"Ouest","s":"25S-H58S100F-80-F1"},{"r":"69","t":"15:32:41","h":"Ouest","s":"25S-H58S200F-80-F2"},{"r":"69","t":"15:43:58","h":"Ouest","s":"25N-H58N000A-80-A"},{"r":"69","t":"15:43:58","h":"Ouest","s":"25N-H58N000S-80-S"},{"r":"69","t":"15:43:58","h":"Ouest","s":"25N-H58NV10A-80-A"},{"r":"69","t":"15:43:58","h":"Ouest","s":"25N-H58NV10S-80-S"},{"r":"69","t":"15:43:58","h":"Ouest","s":"25N-H58NV20A-80-A"},{"r":"69","t":"15:43:58","h":"Ouest","s":"25N-H58NV20S-80-S"},{"r":"69","t":"15:43:58","h":"Ouest","s":"25S-H58S000A-80-A"},{"r":"69","t":"15:43:58","h":"Ouest","s":"25S-H58S000S-80-S"},{"r":"69","t":"15:52:41","h":"Ouest","s":"25N-H58N000I-80-I"},{"r":"69","t":"15:52:41","h":"Ouest","s":"25N-H58N100F-80-F1"},{"r":"69","t":"15:52:41","h":"Ouest","s":"25N-H58N200F-80-F2"},{"r":"69","t":"15:52:41","h":"Ouest","s":"25N-H58N300F-80-F3"},{"r":"69","t":"15:52:41","h":"Ouest","s":"25N-H58N400F-80-F4"},{"r":"69","t":"15:52:41","h":"Ouest","s":"25N-H58NV10I-80-I"},{"r":"69","t":"15:52:41","h":"Ouest","s":"25N-H58NV20I-80-I"},{"r":"69","t":"15:52:41","h":"Ouest","s":"25S-H58S000I-80-I"},{"r":"69","t":"15:52:41","h":"Ouest","s":"25S-H58S100F-80-F1"},{"r":"69","t":"15:52:41","h":"Ouest","s":"25S-H58S200F-80-F2"},{"r":"69","t":"15:58:58","h":"Ouest","s":"25N-H58N000A-80-A"},{"r":"69","t":"15:58:58","h":"Ouest","s":"25N-H58NV10A-80-A"},{"r":"69","t":"15:58:58","h":"Ouest","s":"25N-H58NV20A-80-A"},{"r":"69","t":"15:58:58","h":"Ouest","s":"25S-H58S000A-80-A"},{"r":"69","t":"16:00:58","h":"Ouest","s":"25N-H58N000S-80-S"},{"r":"69","t":"16:00:58","h":"Ouest","s":"25N-H58NV10S-80-S"},{"r":"69","t":"16:00:58","h":"Ouest","s":"25N-H58NV20S-80-S"},{"r":"69","t":"16:00:58","h":"Ouest","s":"25S-H58S000S-80-S"},{"r":"69","t":"16:11:58","h":"Ouest","s":"25N-H58N000S-80-S"},{"r":"69","t":"16:11:58","h":"Ouest","s":"25N-H58NV10S-80-S"},{"r":"69","t":"16:11:58","h":"Ouest","s":"25N-H58NV20S-80-S"},{"r":"69","t":"16:11:58","h":"Ouest","s":"25S-H58S000S-80-S"},{"r":"69","t":"16:12:41","h":"Ouest","s":"25N-H58N000I-80-I"},{"r":"69","t":"16:12:41","h":"Ouest","s":"25N-H58N100F-80-F1"},{"r":"69","t":"16:12:41","h":"Ouest","s":"25N-H58N200F-80-F2"},{"r":"69","t":"16:12:41","h":"Ouest","s":"25N-H58N300F-80-F3"},{"r":"69","t":"16:12:41","h":"Ouest","s":"25N-H58N400F-80-F4"},{"r":"69","t":"16:12:41","h":"Ouest","s":"25N-H58NV10I-80-I"},{"r":"69","t":"16:12:41","h":"Ouest","s":"25N-H58NV20I-80-I"},{"r":"69","t":"16:12:41","h":"Ouest","s":"25S-H58S000I-80-I"},{"r":"69","t":"16:12:41","h":"Ouest","s":"25S-H58S100F-80-F1"},{"r":"69","t":"16:12:41","h":"Ouest","s":"25S-H58S200F-80-F2"},{"r":"69","t":"16:15:58","h":"Ouest","s":"25N-H58N000A-80-A"},{"r":"69","t":"16:15:58","h":"Ouest","s":"25N-H58NV10A-80-A"},{"r":"69","t":"16:15:58","h":"Ouest","s":"25N-H58NV20A-80-A"},{"r":"69","t":"16:15:58","h":"Ouest","s":"25S-H58S000A-80-A"},{"r":"69","t":"16:23:58","h":"Ouest","s":"25N-H58N000S-80-S"},{"r":"69","t":"16:23:58","h":"Ouest","s":"25N-H58NV10S-80-S"},{"r":"69","t":"16:23:58","h":"Ouest","s":"25N-H58NV20S-80-S"},{"r":"69","t":"16:23:58","h":"Ouest","s":"25S-H58S000S-80-S"},{"r":"69","t":"16:33:58","h":"Ouest","s":"25N-H58N000A-80-A"},{"r":"69","t":"16:33:58","h":"Ouest","s":"25N-H58NV10A-80-A"},{"r":"69","t":"16:33:58","h":"Ouest","s":"25N-H58NV20A-80-A"},{"r":"69","t":"16:33:58","h":"Ouest","s":"25S-H58S000A-80-A"},{"r":"69","t":"16:35:58","h":"Ouest","s":"25N-H58N000S-80-S"},{"r":"69","t":"16:35:58","h":"Ouest","s":"25N-H58NV10S-80-S"},{"r":"69","t":"16:35:58","h":"Ouest","s":"25N-H58NV20S-80-S"},{"r":"69","t":"16:35:58","h":"Ouest","s":"25S-H58S000S-80-S"},{"r":"69","t":"16:42:41","h":"Ouest","s":"25N-H58N000I-80-I"},{"r":"69","t":"16:42:41","h":"Ouest","s":"25N-H58N100F-80-F1"},{"r":"69","t":"16:42:41","h":"Ouest","s":"25N-H58N200F-80-F2"},{"r":"69","t":"16:42:41","h":"Ouest","s":"25N-H58N300F-80-F3"},{"r":"69","t":"16:42:41","h":"Ouest","s":"25N-H58N400F-80-F4"},{"r":"69","t":"16:42:41","h":"Ouest","s":"25N-H58NV10I-80-I"},{"r":"69","t":"16:42:41","h":"Ouest","s":"25N-H58NV20I-80-I"},{"r":"69","t":"16:42:41","h":"Ouest","s":"25S-H58S000I-80-I"},{"r":"69","t":"16:42:41","h":"Ouest","s":"25S-H58S100F-80-F1"},{"r":"69","t":"16:42:41","h":"Ouest","s":"25S-H58S200F-80-F2"},{"r":"69","t":"16:47:58","h":"Ouest","s":"25N-H58N000S-80-S"},{"r":"69","t":"16:47:58","h":"Ouest","s":"25N-H58NV10S-80-S"},{"r":"69","t":"16:47:58","h":"Ouest","s":"25N-H58NV20S-80-S"},{"r":"69","t":"16:47:58","h":"Ouest","s":"25S-H58S000S-80-S"},{"r":"69","t":"16:50:58","h":"Ouest","s":"25N-H58N000A-80-A"},{"r":"69","t":"16:50:58","h":"Ouest","s":"25N-H58NV10A-80-A"},{"r":"69","t":"16:50:58","h":"Ouest","s":"25N-H58NV20A-80-A"},{"r":"69","t":"16:50:58","h":"Ouest","s":"25S-H58S000A-80-A"},{"r":"69","t":"16:58:58","h":"Ouest","s":"25N-H58N000S-80-S"},{"r":"69","t":"16:58:58","h":"Ouest","s":"25N-H58NV10S-80-S"},{"r":"69","t":"16:58:58","h":"Ouest","s":"25N-H58NV20S-80-S"},{"r":"69","t":"16:58:58","h":"Ouest","s":"25S-H58S000S-80-S"},{"r":"69","t":"17:08:58","h":"Ouest","s":"25N-H58N000A-80-A"},{"r":"69","t":"17:08:58","h":"Ouest","s":"25N-H58N000S-80-S"},{"r":"69","t":"17:08:58","h":"Ouest","s":"25N-H58NV10A-80-A"},{"r":"69","t":"17:08:58","h":"Ouest","s":"25N-H58NV10S-80-S"},{"r":"69","t":"17:08:58","h":"Ouest","s":"25N-H58NV20A-80-A"},{"r":"69","t":"17:08:58","h":"Ouest","s":"25N-H58NV20S-80-S"},{"r":"69","t":"17:08:58","h":"Ouest","s":"25S-H58S000A-80-A"},{"r":"69","t":"17:08:58","h":"Ouest","s":"25S-H58S000S-80-S"},{"r":"69","t":"17:12:41","h":"Ouest","s":"25N-H58N000I-80-I"},{"r":"69","t":"17:12:41","h":"Ouest","s":"25N-H58N100F-80-F1"},{"r":"69","t":"17:12:41","h":"Ouest","s":"25N-H58N200F-80-F2"},{"r":"69","t":"17:12:41","h":"Ouest","s":"25N-H58N300F-80-F3"},{"r":"69","t":"17:12:41","h":"Ouest","s":"25N-H58N400F-80-F4"},{"r":"69","t":"17:12:41","h":"Ouest","s":"25N-H58NV10I-80-I"},{"r":"69","t":"17:12:41","h":"Ouest","s":"25N-H58NV20I-80-I"},{"r":"69","t":"17:12:41","h":"Ouest","s":"25S-H58S000I-80-I"},{"r":"69","t":"17:12:41","h":"Ouest","s":"25S-H58S100F-80-F1"},{"r":"69","t":"17:12:41","h":"Ouest","s":"25S-H58S200F-80-F2"},{"r":"69","t":"17:20:58","h":"Ouest","s":"25N-H58N000S-80-S"},{"r":"69","t":"17:20:58","h":"Ouest","s":"25N-H58NV10S-80-S"},{"r":"69","t":"17:20:58","h":"Ouest","s":"25N-H58NV20S-80-S"},{"r":"69","t":"17:20:58","h":"Ouest","s":"25S-H58S000S-80-S"},{"r":"69","t":"17:28:58","h":"Ouest","s":"25N-H58N000A-80-A"},{"r":"69","t":"17:28:58","h":"Ouest","s":"25N-H58NV10A-80-A"},{"r":"69","t":"17:28:58","h":"Ouest","s":"25N-H58NV20A-80-A"},{"r":"69","t":"17:28:58","h":"Ouest","s":"25S-H58S000A-80-A"},{"r":"69","t":"17:41:58","h":"Ouest","s":"25N-H58N000S-80-S"},{"r":"69","t":"17:41:58","h":"Ouest","s":"25N-H58NV10S-80-S"},{"r":"69","t":"17:41:58","h":"Ouest","s":"25N-H58NV20S-80-S"},{"r":"69","t":"17:41:58","h":"Ouest","s":"25S-H58S000S-80-S"},{"r":"69","t":"17:43:41","h":"Ouest","s":"25N-H58N000I-80-I"},{"r":"69","t":"17:43:41","h":"Ouest","s":"25N-H58N100F-80-F1"},{"r":"69","t":"17:43:41","h":"Ouest","s":"25N-H58N200F-80-F2"},{"r":"69","t":"17:43:41","h":"Ouest","s":"25N-H58N300F-80-F3"},{"r":"69","t":"17:43:41","h":"Ouest","s":"25N-H58N400F-80-F4"},{"r":"69","t":"17:43:41","h":"Ouest","s":"25N-H58NV10I-80-I"},{"r":"69","t":"17:43:41","h":"Ouest","s":"25N-H58NV20I-80-I"},{"r":"69","t":"17:43:41","h":"Ouest","s":"25S-H58S000I-80-I"},{"r":"69","t":"17:43:41","h":"Ouest","s":"25S-H58S100F-80-F1"},{"r":"69","t":"17:43:41","h":"Ouest","s":"25S-H58S200F-80-F2"},{"r":"69","t":"17:47:15","h":"Ouest","s":"25N-H58N000A-80-A"},{"r":"69","t":"17:47:15","h":"Ouest","s":"25N-H58NV10A-80-A"},{"r":"69","t":"17:47:15","h":"Ouest","s":"25N-H58NV20A-80-A"},{"r":"69","t":"17:47:15","h":"Ouest","s":"25S-H58S000A-80-A"},{"r":"69","t":"18:08:58","h":"Ouest","s":"25N-H58N000S-80-S"},{"r":"69","t":"18:08:58","h":"Ouest","s":"25N-H58NV10S-80-S"},{"r":"69","t":"18:08:58","h":"Ouest","s":"25N-H58NV20S-80-S"},{"r":"69","t":"18:08:58","h":"Ouest","s":"25S-H58S000S-80-S"},{"r":"69","t":"18:12:15","h":"Ouest","s":"25N-H58N000A-80-A"},{"r":"69","t":"18:12:15","h":"Ouest","s":"25N-H58NV10A-80-A"},{"r":"69","t":"18:12:15","h":"Ouest","s":"25N-H58NV20A-80-A"},{"r":"69","t":"18:12:15","h":"Ouest","s":"25S-H58S000A-80-A"},{"r":"69","t":"18:13:41","h":"Ouest","s":"25N-H58N000I-80-I"},{"r":"69","t":"18:13:41","h":"Ouest","s":"25N-H58N100F-80-F1"},{"r":"69","t":"18:13:41","h":"Ouest","s":"25N-H58N200F-80-F2"},{"r":"69","t":"18:13:41","h":"Ouest","s":"25N-H58N300F-80-F3"},{"r":"69","t":"18:13:41","h":"Ouest","s":"25N-H58N400F-80-F4"},{"r":"69","t":"18:13:41","h":"Ouest","s":"25N-H58NV10I-80-I"},{"r":"69","t":"18:13:41","h":"Ouest","s":"25N-H58NV20I-80-I"},{"r":"69","t":"18:13:41","h":"Ouest","s":"25S-H58S000I-80-I"},{"r":"69","t":"18:13:41","h":"Ouest","s":"25S-H58S100F-80-F1"},{"r":"69","t":"18:13:41","h":"Ouest","s":"25S-H58S200F-80-F2"},{"r":"69","t":"18:36:58","h":"Ouest","s":"25N-H58N000S-80-S"},{"r":"69","t":"18:36:58","h":"Ouest","s":"25N-H58NV10S-80-S"},{"r":"69","t":"18:36:58","h":"Ouest","s":"25N-H58NV20S-80-S"},{"r":"69","t":"18:36:58","h":"Ouest","s":"25S-H58S000S-80-S"},{"r":"69","t":"18:42:15","h":"Ouest","s":"25N-H58N000A-80-A"},{"r":"69","t":"18:42:15","h":"Ouest","s":"25N-H58NV10A-80-A"},{"r":"69","t":"18:42:15","h":"Ouest","s":"25N-H58NV20A-80-A"},{"r":"69","t":"18:42:15","h":"Ouest","s":"25S-H58S000A-80-A"},{"r":"69","t":"18:43:41","h":"Ouest","s":"25N-H58N000I-80-I"},{"r":"69","t":"18:43:41","h":"Ouest","s":"25N-H58N100F-80-F1"},{"r":"69","t":"18:43:41","h":"Ouest","s":"25N-H58N200F-80-F2"},{"r":"69","t":"18:43:41","h":"Ouest","s":"25N-H58N300F-80-F3"},{"r":"69","t":"18:43:41","h":"Ouest","s":"25N-H58N400F-80-F4"},{"r":"69","t":"18:43:41","h":"Ouest","s":"25N-H58NV10I-80-I"},{"r":"69","t":"18:43:41","h":"Ouest","s":"25N-H58NV20I-80-I"},{"r":"69","t":"18:43:41","h":"Ouest","s":"25S-H58S000I-80-I"},{"r":"69","t":"18:43:41","h":"Ouest","s":"25S-H58S100F-80-F1"},{"r":"69","t":"18:43:41","h":"Ouest","s":"25S-H58S200F-80-F2"},{"r":"69","t":"19:06:58","h":"Ouest","s":"25N-H58N000S-80-S"},{"r":"69","t":"19:06:58","h":"Ouest","s":"25N-H58NV10S-80-S"},{"r":"69","t":"19:06:58","h":"Ouest","s":"25N-H58NV20S-80-S"},{"r":"69","t":"19:06:58","h":"Ouest","s":"25S-H58S000S-80-S"},{"r":"69","t":"19:12:15","h":"Ouest","s":"25N-H58N000A-80-A"},{"r":"69","t":"19:12:15","h":"Ouest","s":"25N-H58NV10A-80-A"},{"r":"69","t":"19:12:15","h":"Ouest","s":"25N-H58NV20A-80-A"},{"r":"69","t":"19:12:15","h":"Ouest","s":"25S-H58S000A-80-A"},{"r":"69","t":"19:12:58","h":"Ouest","s":"25N-H58N000I-80-I"},{"r":"69","t":"19:12:58","h":"Ouest","s":"25N-H58N100F-80-F1"},{"r":"69","t":"19:12:58","h":"Ouest","s":"25N-H58N200F-80-F2"},{"r":"69","t":"19:12:58","h":"Ouest","s":"25N-H58N300F-80-F3"},{"r":"69","t":"19:12:58","h":"Ouest","s":"25N-H58N400F-80-F4"},{"r":"69","t":"19:12:58","h":"Ouest","s":"25N-H58NV10I-80-I"},{"r":"69","t":"19:12:58","h":"Ouest","s":"25N-H58NV20I-80-I"},{"r":"69","t":"19:12:58","h":"Ouest","s":"25S-H58S000I-80-I"},{"r":"69","t":"19:12:58","h":"Ouest","s":"25S-H58S100F-80-F1"},{"r":"69","t":"19:12:58","h":"Ouest","s":"25S-H58S200F-80-F2"},{"r":"69","t":"19:36:58","h":"Ouest","s":"25N-H58N000S-80-S"},{"r":"69","t":"19:36:58","h":"Ouest","s":"25N-H58NV10S-80-S"},{"r":"69","t":"19:36:58","h":"Ouest","s":"25N-H58NV20S-80-S"},{"r":"69","t":"19:36:58","h":"Ouest","s":"25S-H58S000S-80-S"},{"r":"69","t":"19:41:15","h":"Ouest","s":"25N-H58N000A-80-A"},{"r":"69","t":"19:41:15","h":"Ouest","s":"25N-H58NV10A-80-A"},{"r":"69","t":"19:41:15","h":"Ouest","s":"25N-H58NV20A-80-A"},{"r":"69","t":"19:41:15","h":"Ouest","s":"25S-H58S000A-80-A"},{"r":"69","t":"19:42:58","h":"Ouest","s":"25N-H58N000I-80-I"},{"r":"69","t":"19:42:58","h":"Ouest","s":"25N-H58N100F-80-F1"},{"r":"69","t":"19:42:58","h":"Ouest","s":"25N-H58N200F-80-F2"},{"r":"69","t":"19:42:58","h":"Ouest","s":"25N-H58N300F-80-F3"},{"r":"69","t":"19:42:58","h":"Ouest","s":"25N-H58N400F-80-F4"},{"r":"69","t":"19:42:58","h":"Ouest","s":"25N-H58NV10I-80-I"},{"r":"69","t":"19:42:58","h":"Ouest","s":"25N-H58NV20I-80-I"},{"r":"69","t":"19:42:58","h":"Ouest","s":"25S-H58S000I-80-I"},{"r":"69","t":"19:42:58","h":"Ouest","s":"25S-H58S100F-80-F1"},{"r":"69","t":"19:42:58","h":"Ouest","s":"25S-H58S200F-80-F2"},{"r":"69","t":"20:06:58","h":"Ouest","s":"25N-H58N000S-80-S"},{"r":"69","t":"20:06:58","h":"Ouest","s":"25N-H58NV10S-80-S"},{"r":"69","t":"20:06:58","h":"Ouest","s":"25N-H58NV20S-80-S"},{"r":"69","t":"20:06:58","h":"Ouest","s":"25S-H58S000S-80-S"},{"r":"69","t":"20:10:15","h":"Ouest","s":"25N-H58N000A-80-A"},{"r":"69","t":"20:10:15","h":"Ouest","s":"25N-H58NV10A-80-A"},{"r":"69","t":"20:10:15","h":"Ouest","s":"25N-H58NV20A-80-A"},{"r":"69","t":"20:10:15","h":"Ouest","s":"25S-H58S000A-80-A"},{"r":"69","t":"20:12:58","h":"Ouest","s":"25N-H58N000I-80-I"},{"r":"69","t":"20:12:58","h":"Ouest","s":"25N-H58N100F-80-F1"},{"r":"69","t":"20:12:58","h":"Ouest","s":"25N-H58N200F-80-F2"},{"r":"69","t":"20:12:58","h":"Ouest","s":"25N-H58N300F-80-F3"},{"r":"69","t":"20:12:58","h":"Ouest","s":"25N-H58N400F-80-F4"},{"r":"69","t":"20:12:58","h":"Ouest","s":"25N-H58NV10I-80-I"},{"r":"69","t":"20:12:58","h":"Ouest","s":"25N-H58NV20I-80-I"},{"r":"69","t":"20:12:58","h":"Ouest","s":"25S-H58S000I-80-I"},{"r":"69","t":"20:12:58","h":"Ouest","s":"25S-H58S100F-80-F1"},{"r":"69","t":"20:12:58","h":"Ouest","s":"25S-H58S200F-80-F2"},{"r":"69","t":"20:36:58","h":"Ouest","s":"25N-H58N000S-80-S"},{"r":"69","t":"20:36:58","h":"Ouest","s":"25N-H58NV10S-80-S"},{"r":"69","t":"20:36:58","h":"Ouest","s":"25N-H58NV20S-80-S"},{"r":"69","t":"20:36:58","h":"Ouest","s":"25S-H58S000S-80-S"},{"r":"69","t":"20:38:15","h":"Ouest","s":"25N-H58N000A-80-A"},{"r":"69","t":"20:38:15","h":"Ouest","s":"25N-H58NV10A-80-A"},{"r":"69","t":"20:38:15","h":"Ouest","s":"25N-H58NV20A-80-A"},{"r":"69","t":"20:38:15","h":"Ouest","s":"25S-H58S000A-80-A"},{"r":"69","t":"20:41:58","h":"Ouest","s":"25N-H58N000I-80-I"},{"r":"69","t":"20:41:58","h":"Ouest","s":"25N-H58N100F-80-F1"},{"r":"69","t":"20:41:58","h":"Ouest","s":"25N-H58N200F-80-F2"},{"r":"69","t":"20:41:58","h":"Ouest","s":"25N-H58N300F-80-F3"},{"r":"69","t":"20:41:58","h":"Ouest","s":"25N-H58N400F-80-F4"},{"r":"69","t":"20:41:58","h":"Ouest","s":"25N-H58NV10I-80-I"},{"r":"69","t":"20:41:58","h":"Ouest","s":"25N-H58NV20I-80-I"},{"r":"69","t":"20:41:58","h":"Ouest","s":"25S-H58S000I-80-I"},{"r":"69","t":"20:41:58","h":"Ouest","s":"25S-H58S100F-80-F1"},{"r":"69","t":"20:41:58","h":"Ouest","s":"25S-H58S200F-80-F2"},{"r":"69","t":"21:05:15","h":"Ouest","s":"25N-H58N000A-80-A"},{"r":"69","t":"21:05:15","h":"Ouest","s":"25N-H58NV10A-80-A"},{"r":"69","t":"21:05:15","h":"Ouest","s":"25N-H58NV20A-80-A"},{"r":"69","t":"21:05:15","h":"Ouest","s":"25S-H58S000A-80-A"},{"r":"69","t":"21:06:58","h":"Ouest","s":"25N-H58N000S-80-S"},{"r":"69","t":"21:06:58","h":"Ouest","s":"25N-H58NV10S-80-S"},{"r":"69","t":"21:06:58","h":"Ouest","s":"25N-H58NV20S-80-S"},{"r":"69","t":"21:06:58","h":"Ouest","s":"25S-H58S000S-80-S"},{"r":"69","t":"21:10:58","h":"Ouest","s":"25N-H58N000I-80-I"},{"r":"69","t":"21:10:58","h":"Ouest","s":"25N-H58N100F-80-F1"},{"r":"69","t":"21:10:58","h":"Ouest","s":"25N-H58N200F-80-F2"},{"r":"69","t":"21:10:58","h":"Ouest","s":"25N-H58N300F-80-F3"},{"r":"69","t":"21:10:58","h":"Ouest","s":"25N-H58N400F-80-F4"},{"r":"69","t":"21:10:58","h":"Ouest","s":"25N-H58NV10I-80-I"},{"r":"69","t":"21:10:58","h":"Ouest","s":"25N-H58NV20I-80-I"},{"r":"69","t":"21:10:58","h":"Ouest","s":"25S-H58S000I-80-I"},{"r":"69","t":"21:10:58","h":"Ouest","s":"25S-H58S100F-80-F1"},{"r":"69","t":"21:10:58","h":"Ouest","s":"25S-H58S200F-80-F2"},{"r":"69","t":"21:33:15","h":"Ouest","s":"25N-H58N000A-80-A"},{"r":"69","t":"21:33:15","h":"Ouest","s":"25N-H58NV10A-80-A"},{"r":"69","t":"21:33:15","h":"Ouest","s":"25N-H58NV20A-80-A"},{"r":"69","t":"21:33:15","h":"Ouest","s":"25S-H58S000A-80-A"},{"r":"69","t":"21:36:58","h":"Ouest","s":"25N-H58N000S-80-S"},{"r":"69","t":"21:36:58","h":"Ouest","s":"25N-H58NV10S-80-S"},{"r":"69","t":"21:36:58","h":"Ouest","s":"25N-H58NV20S-80-S"},{"r":"69","t":"21:36:58","h":"Ouest","s":"25S-H58S000S-80-S"},{"r":"69","t":"21:38:15","h":"Ouest","s":"25N-H58N000I-80-I"},{"r":"69","t":"21:38:15","h":"Ouest","s":"25N-H58N100F-80-F1"},{"r":"69","t":"21:38:15","h":"Ouest","s":"25N-H58N200F-80-F2"},{"r":"69","t":"21:38:15","h":"Ouest","s":"25N-H58N300F-80-F3"},{"r":"69","t":"21:38:15","h":"Ouest","s":"25N-H58N400F-80-F4"},{"r":"69","t":"21:38:15","h":"Ouest","s":"25N-H58NV10I-80-I"},{"r":"69","t":"21:38:15","h":"Ouest","s":"25N-H58NV20I-80-I"},{"r":"69","t":"21:38:15","h":"Ouest","s":"25S-H58S000I-80-I"},{"r":"69","t":"21:38:15","h":"Ouest","s":"25S-H58S100F-80-F1"},{"r":"69","t":"21:38:15","h":"Ouest","s":"25S-H58S200F-80-F2"},{"r":"69","t":"22:01:15","h":"Ouest","s":"25N-H58N000A-80-A"},{"r":"69","t":"22:01:15","h":"Ouest","s":"25N-H58NV10A-80-A"},{"r":"69","t":"22:01:15","h":"Ouest","s":"25N-H58NV20A-80-A"},{"r":"69","t":"22:01:15","h":"Ouest","s":"25S-H58S000A-80-A"},{"r":"69","t":"22:05:58","h":"Ouest","s":"25N-H58N000S-80-S"},{"r":"69","t":"22:05:58","h":"Ouest","s":"25N-H58NV10S-80-S"},{"r":"69","t":"22:05:58","h":"Ouest","s":"25N-H58NV20S-80-S"},{"r":"69","t":"22:05:58","h":"Ouest","s":"25S-H58S000S-80-S"},{"r":"69","t":"22:06:15","h":"Ouest","s":"25N-H58N000I-80-I"},{"r":"69","t":"22:06:15","h":"Ouest","s":"25N-H58N100F-80-F1"},{"r":"69","t":"22:06:15","h":"Ouest","s":"25N-H58N200F-80-F2"},{"r":"69","t":"22:06:15","h":"Ouest","s":"25N-H58N300F-80-F3"},{"r":"69","t":"22:06:15","h":"Ouest","s":"25N-H58N400F-80-F4"},{"r":"69","t":"22:06:15","h":"Ouest","s":"25N-H58NV10I-80-I"},{"r":"69","t":"22:06:15","h":"Ouest","s":"25N-H58NV20I-80-I"},{"r":"69","t":"22:06:15","h":"Ouest","s":"25S-H58S000I-80-I"},{"r":"69","t":"22:06:15","h":"Ouest","s":"25S-H58S100F-80-F1"},{"r":"69","t":"22:06:15","h":"Ouest","s":"25S-H58S200F-80-F2"},{"r":"69","t":"22:33:15","h":"Ouest","s":"25N-H58N000A-80-A"},{"r":"69","t":"22:33:15","h":"Ouest","s":"25N-H58NV10A-80-A"},{"r":"69","t":"22:33:15","h":"Ouest","s":"25N-H58NV20A-80-A"},{"r":"69","t":"22:33:15","h":"Ouest","s":"25S-H58S000A-80-A"},{"r":"69","t":"22:33:33","h":"Ouest","s":"25N-H58N000I-80-I"},{"r":"69","t":"22:33:33","h":"Ouest","s":"25N-H58N100F-80-F1"},{"r":"69","t":"22:33:33","h":"Ouest","s":"25N-H58N200F-80-F2"},{"r":"69","t":"22:33:33","h":"Ouest","s":"25N-H58N300F-80-F3"},{"r":"69","t":"22:33:33","h":"Ouest","s":"25N-H58N400F-80-F4"},{"r":"69","t":"22:33:33","h":"Ouest","s":"25N-H58NV10I-80-I"},{"r":"69","t":"22:33:33","h":"Ouest","s":"25N-H58NV20I-80-I"},{"r":"69","t":"22:33:33","h":"Ouest","s":"25S-H58S000I-80-I"},{"r":"69","t":"22:33:33","h":"Ouest","s":"25S-H58S100F-80-F1"},{"r":"69","t":"22:33:33","h":"Ouest","s":"25S-H58S200F-80-F2"},{"r":"69","t":"22:33:58","h":"Ouest","s":"25N-H58N000S-80-S"},{"r":"69","t":"22:33:58","h":"Ouest","s":"25N-H58NV10S-80-S"},{"r":"69","t":"22:33:58","h":"Ouest","s":"25N-H58NV20S-80-S"},{"r":"69","t":"22:33:58","h":"Ouest","s":"25S-H58S000S-80-S"},{"r":"69","t":"23:03:15","h":"Ouest","s":"25N-H58N000S-80-S"},{"r":"69","t":"23:03:15","h":"Ouest","s":"25N-H58NV10S-80-S"},{"r":"69","t":"23:03:15","h":"Ouest","s":"25N-H58NV20S-80-S"},{"r":"69","t":"23:03:15","h":"Ouest","s":"25S-H58S000S-80-S"},{"r":"69","t":"23:04:33","h":"Ouest","s":"25N-H58N000I-80-I"},{"r":"69","t":"23:04:33","h":"Ouest","s":"25N-H58N100F-80-F1"},{"r":"69","t":"23:04:33","h":"Ouest","s":"25N-H58N200F-80-F2"},{"r":"69","t":"23:04:33","h":"Ouest","s":"25N-H58N300F-80-F3"},{"r":"69","t":"23:04:33","h":"Ouest","s":"25N-H58N400F-80-F4"},{"r":"69","t":"23:04:33","h":"Ouest","s":"25N-H58NV10I-80-I"},{"r":"69","t":"23:04:33","h":"Ouest","s":"25N-H58NV20I-80-I"},{"r":"69","t":"23:04:33","h":"Ouest","s":"25S-H58S000I-80-I"},{"r":"69","t":"23:04:33","h":"Ouest","s":"25S-H58S100F-80-F1"},{"r":"69","t":"23:04:33","h":"Ouest","s":"25S-H58S200F-80-F2"},{"r":"69","t":"23:05:15","h":"Ouest","s":"25N-H58N000A-80-A"},{"r":"69","t":"23:05:15","h":"Ouest","s":"25N-H58NV10A-80-A"},{"r":"69","t":"23:05:15","h":"Ouest","s":"25N-H58NV20A-80-A"},{"r":"69","t":"23:05:15","h":"Ouest","s":"25S-H58S000A-80-A"},{"r":"69","t":"23:34:33","h":"Ouest","s":"25N-H58N000I-80-I"},{"r":"69","t":"23:34:33","h":"Ouest","s":"25N-H58N100F-80-F1"},{"r":"69","t":"23:34:33","h":"Ouest","s":"25N-H58N200F-80-F2"},{"r":"69","t":"23:34:33","h":"Ouest","s":"25N-H58N300F-80-F3"},{"r":"69","t":"23:34:33","h":"Ouest","s":"25N-H58N400F-80-F4"},{"r":"69","t":"23:34:33","h":"Ouest","s":"25N-H58NV10I-80-I"},{"r":"69","t":"23:34:33","h":"Ouest","s":"25N-H58NV20I-80-I"},{"r":"69","t":"23:34:33","h":"Ouest","s":"25S-H58S000I-80-I"},{"r":"69","t":"23:34:33","h":"Ouest","s":"25S-H58S100F-80-F1"},{"r":"69","t":"23:34:33","h":"Ouest","s":"25S-H58S200F-80-F2"},{"r":"69","t":"23:36:15","h":"Ouest","s":"25N-H58N000S-80-S"},{"r":"69","t":"23:36:15","h":"Ouest","s":"25N-H58NV10S-80-S"},{"r":"69","t":"23:36:15","h":"Ouest","s":"25N-H58NV20S-80-S"},{"r":"69","t":"23:36:15","h":"Ouest","s":"25S-H58S000S-80-S"},{"r":"69","t":"23:38:15","h":"Ouest","s":"25N-H58N000A-80-A"},{"r":"69","t":"23:38:15","h":"Ouest","s":"25N-H58NV10A-80-A"},{"r":"69","t":"23:38:15","h":"Ouest","s":"25N-H58NV20A-80-A"},{"r":"69","t":"23:38:15","h":"Ouest","s":"25S-H58S000A-80-A"},{"r":"69","t":"24:06:33","h":"Ouest","s":"25N-H58N000I-80-I"},{"r":"69","t":"24:06:33","h":"Ouest","s":"25N-H58N100F-80-F1"},{"r":"69","t":"24:06:33","h":"Ouest","s":"25N-H58N200F-80-F2"},{"r":"69","t":"24:06:33","h":"Ouest","s":"25N-H58N300F-80-F3"},{"r":"69","t":"24:06:33","h":"Ouest","s":"25N-H58N400F-80-F4"},{"r":"69","t":"24:06:33","h":"Ouest","s":"25N-H58NV10I-80-I"},{"r":"69","t":"24:06:33","h":"Ouest","s":"25N-H58NV20I-80-I"},{"r":"69","t":"24:06:33","h":"Ouest","s":"25S-H58S000I-80-I"},{"r":"69","t":"24:06:33","h":"Ouest","s":"25S-H58S100F-80-F1"},{"r":"69","t":"24:06:33","h":"Ouest","s":"25S-H58S200F-80-F2"},{"r":"69","t":"24:08:15","h":"Ouest","s":"25N-H58N000A-80-A"},{"r":"69","t":"24:08:15","h":"Ouest","s":"25N-H58N000S-80-S"},{"r":"69","t":"24:08:15","h":"Ouest","s":"25N-H58NV10A-80-A"},{"r":"69","t":"24:08:15","h":"Ouest","s":"25N-H58NV10S-80-S"},{"r":"69","t":"24:08:15","h":"Ouest","s":"25N-H58NV20A-80-A"},{"r":"69","t":"24:08:15","h":"Ouest","s":"25N-H58NV20S-80-S"},{"r":"69","t":"24:08:15","h":"Ouest","s":"25S-H58S000A-80-A"},{"r":"69","t":"24:08:15","h":"Ouest","s":"25S-H58S000S-80-S"},{"r":"69","t":"24:37:33","h":"Ouest","s":"25N-H58N000A-80-A"},{"r":"69","t":"24:37:33","h":"Ouest","s":"25N-H58NV10A-80-A"},{"r":"69","t":"24:37:33","h":"Ouest","s":"25N-H58NV20A-80-A"},{"r":"69","t":"24:37:33","h":"Ouest","s":"25S-H58S000A-80-A"},{"r":"69","t":"24:38:33","h":"Ouest","s":"25N-H58N000I-80-I"},{"r":"69","t":"24:38:33","h":"Ouest","s":"25N-H58N100F-80-F1"},{"r":"69","t":"24:38:33","h":"Ouest","s":"25N-H58N200F-80-F2"},{"r":"69","t":"24:38:33","h":"Ouest","s":"25N-H58N300F-80-F3"},{"r":"69","t":"24:38:33","h":"Ouest","s":"25N-H58N400F-80-F4"},{"r":"69","t":"24:38:33","h":"Ouest","s":"25N-H58NV10I-80-I"},{"r":"69","t":"24:38:33","h":"Ouest","s":"25N-H58NV20I-80-I"},{"r":"69","t":"24:38:33","h":"Ouest","s":"25S-H58S000I-80-I"},{"r":"69","t":"24:38:33","h":"Ouest","s":"25S-H58S100F-80-F1"},{"r":"69","t":"24:38:33","h":"Ouest","s":"25S-H58S200F-80-F2"},{"r":"69","t":"24:41:15","h":"Ouest","s":"25N-H58N000S-80-S"},{"r":"69","t":"24:41:15","h":"Ouest","s":"25N-H58NV10S-80-S"},{"r":"69","t":"24:41:15","h":"Ouest","s":"25N-H58NV20S-80-S"},{"r":"69","t":"24:41:15","h":"Ouest","s":"25S-H58S000S-80-S"},{"r":"69","t":"25:07:33","h":"Ouest","s":"25N-H58N000A-80-A"},{"r":"69","t":"25:07:33","h":"Ouest","s":"25N-H58NV10A-80-A"},{"r":"69","t":"25:07:33","h":"Ouest","s":"25N-H58NV20A-80-A"},{"r":"69","t":"25:07:33","h":"Ouest","s":"25S-H58S000A-80-A"},{"r":"69","t":"25:09:33","h":"Ouest","s":"25N-H58N000I-80-I"},{"r":"69","t":"25:09:33","h":"Ouest","s":"25N-H58N100F-80-F1"},{"r":"69","t":"25:09:33","h":"Ouest","s":"25N-H58N200F-80-F2"},{"r":"69","t":"25:09:33","h":"Ouest","s":"25N-H58N300F-80-F3"},{"r":"69","t":"25:09:33","h":"Ouest","s":"25N-H58N400F-80-F4"},{"r":"69","t":"25:09:33","h":"Ouest","s":"25N-H58NV10I-80-I"},{"r":"69","t":"25:09:33","h":"Ouest","s":"25N-H58NV20I-80-I"},{"r":"69","t":"25:09:33","h":"Ouest","s":"25S-H58S000I-80-I"},{"r":"69","t":"25:09:33","h":"Ouest","s":"25S-H58S100F-80-F1"},{"r":"69","t":"25:09:33","h":"Ouest","s":"25S-H58S200F-80-F2"},{"r":"69","t":"25:12:15","h":"Ouest","s":"25N-H58N000S-80-S"},{"r":"69","t":"25:12:15","h":"Ouest","s":"25N-H58NV10S-80-S"},{"r":"69","t":"25:12:15","h":"Ouest","s":"25N-H58NV20S-80-S"},{"r":"69","t":"25:12:15","h":"Ouest","s":"25S-H58S000S-80-S"},{"r":"69","t":"25:39:33","h":"Ouest","s":"25N-H58N000A-80-A"},{"r":"69","t":"25:39:33","h":"Ouest","s":"25N-H58NV10A-80-A"},{"r":"69","t":"25:39:33","h":"Ouest","s":"25N-H58NV20A-80-A"},{"r":"69","t":"25:39:33","h":"Ouest","s":"25S-H58S000A-80-A"},{"r":"380","t":"26:04:35","h":"Ouest","s":"25N-H50N000S-80-S"},{"r":"380","t":"26:04:35","h":"Ouest","s":"25N-H50N000S-90-S"},{"r":"380","t":"26:04:35","h":"Ouest","s":"25N-H50NV10S-90-S"},{"r":"380","t":"26:04:35","h":"Ouest","s":"25N-H50NV20S-90-S"},{"r":"380","t":"26:04:35","h":"Ouest","s":"25S-H50S000S-81-S"},{"r":"380","t":"26:04:49","h":"Ouest","s":"25N-H50N000I-80-I"},{"r":"380","t":"26:04:49","h":"Ouest","s":"25N-H50N000I-90-I"},{"r":"380","t":"26:04:49","h":"Ouest","s":"25N-H50N100F-90-F1"},{"r":"380","t":"26:04:49","h":"Ouest","s":"25N-H50N200F-90-F2"},{"r":"380","t":"26:04:49","h":"Ouest","s":"25N-H50N300F-90-F3"},{"r":"380","t":"26:04:49","h":"Ouest","s":"25N-H50N400F-90-F4"},{"r":"380","t":"26:04:49","h":"Ouest","s":"25N-H50NV10I-90-I"},{"r":"380","t":"26:04:49","h":"Ouest","s":"25N-H50NV20I-90-I"},{"r":"380","t":"26:04:49","h":"Ouest","s":"25S-H50S000I-81-I"},{"r":"380","t":"26:04:49","h":"Ouest","s":"25S-H50S100F-80-F1"},{"r":"380","t":"26:04:49","h":"Ouest","s":"25S-H50S200F-80-F2"},{"r":"380","t":"26:23:49","h":"Ouest","s":"25N-H50N000A-80-A"},{"r":"380","t":"26:23:49","h":"Ouest","s":"25N-H50N000A-90-A"},{"r":"380","t":"26:23:49","h":"Ouest","s":"25N-H50NV10A-90-A"},{"r":"380","t":"26:23:49","h":"Ouest","s":"25N-H50NV20A-90-A"},{"r":"380","t":"26:23:49","h":"Ouest","s":"25S-H50S000A-81-A"},{"r":"380","t":"26:46:35","h":"Ouest","s":"25N-H50N000S-80-S"},{"r":"380","t":"26:46:35","h":"Ouest","s":"25N-H50N000S-90-S"},{"r":"380","t":"26:46:35","h":"Ouest","s":"25N-H50NV10S-90-S"},{"r":"380","t":"26:46:35","h":"Ouest","s":"25N-H50NV20S-90-S"},{"r":"380","t":"26:46:35","h":"Ouest","s":"25S-H50S000S-81-S"},{"r":"380","t":"26:47:49","h":"Ouest","s":"25N-H50N000I-80-I"},{"r":"380","t":"26:47:49","h":"Ouest","s":"25N-H50N000I-90-I"},{"r":"380","t":"26:47:49","h":"Ouest","s":"25N-H50N100F-90-F1"},{"r":"380","t":"26:47:49","h":"Ouest","s":"25N-H50N200F-90-F2"},{"r":"380","t":"26:47:49","h":"Ouest","s":"25N-H50N300F-90-F3"},{"r":"380","t":"26:47:49","h":"Ouest","s":"25N-H50N400F-90-F4"},{"r":"380","t":"26:47:49","h":"Ouest","s":"25N-H50NV10I-90-I"},{"r":"380","t":"26:47:49","h":"Ouest","s":"25N-H50NV20I-90-I"},{"r":"380","t":"26:47:49","h":"Ouest","s":"25S-H50S000I-81-I"},{"r":"380","t":"26:47:49","h":"Ouest","s":"25S-H50S100F-80-F1"},{"r":"380","t":"26:47:49","h":"Ouest","s":"25S-H50S200F-80-F2"},{"r":"380","t":"27:09:49","h":"Ouest","s":"25N-H50N000A-80-A"},{"r":"380","t":"27:09:49","h":"Ouest","s":"25N-H50N000A-90-A"},{"r":"380","t":"27:09:49","h":"Ouest","s":"25N-H50NV10A-90-A"},{"r":"380","t":"27:09:49","h":"Ouest","s":"25N-H50NV20A-90-A"},{"r":"380","t":"27:09:49","h":"Ouest","s":"25S-H50S000A-81-A"},{"r":"380","t":"27:34:49","h":"Ouest","s":"25N-H50N000I-80-I"},{"r":"380","t":"27:34:49","h":"Ouest","s":"25N-H50N000I-90-I"},{"r":"380","t":"27:34:49","h":"Ouest","s":"25N-H50N100F-90-F1"},{"r":"380","t":"27:34:49","h":"Ouest","s":"25N-H50N200F-90-F2"},{"r":"380","t":"27:34:49","h":"Ouest","s":"25N-H50N300F-90-F3"},{"r":"380","t":"27:34:49","h":"Ouest","s":"25N-H50N400F-90-F4"},{"r":"380","t":"27:34:49","h":"Ouest","s":"25N-H50NV10I-90-I"},{"r":"380","t":"27:34:49","h":"Ouest","s":"25N-H50NV20I-90-I"},{"r":"380","t":"27:34:49","h":"Ouest","s":"25S-H50S000I-81-I"},{"r":"380","t":"27:34:49","h":"Ouest","s":"25S-H50S100F-80-F1"},{"r":"380","t":"27:34:49","h":"Ouest","s":"25S-H50S200F-80-F2"},{"r":"380","t":"27:35:21","h":"Ouest","s":"25N-H50N000S-80-S"},{"r":"380","t":"27:35:21","h":"Ouest","s":"25N-H50N000S-90-S"},{"r":"380","t":"27:35:21","h":"Ouest","s":"25N-H50NV10S-90-S"},{"r":"380","t":"27:35:21","h":"Ouest","s":"25N-H50NV20S-90-S"},{"r":"380","t":"27:35:21","h":"Ouest","s":"25S-H50S000S-81-S"},{"r":"380","t":"27:52:49","h":"Ouest","s":"25N-H50N000A-80-A"},{"r":"380","t":"27:52:49","h":"Ouest","s":"25N-H50N000A-90-A"},{"r":"380","t":"27:52:49","h":"Ouest","s":"25N-H50NV10A-90-A"},{"r":"380","t":"27:52:49","h":"Ouest","s":"25N-H50NV20A-90-A"},{"r":"380","t":"27:52:49","h":"Ouest","s":"25S-H50S000A-81-A"},{"r":"380","t":"28:23:21","h":"Ouest","s":"25N-H50N000I-80-I"},{"r":"380","t":"28:23:21","h":"Ouest","s":"25N-H50N000I-90-I"},{"r":"380","t":"28:23:21","h":"Ouest","s":"25N-H50N100F-90-F1"},{"r":"380","t":"28:23:21","h":"Ouest","s":"25N-H50N200F-90-F2"},{"r":"380","t":"28:23:21","h":"Ouest","s":"25N-H50N300F-90-F3"},{"r":"380","t":"28:23:21","h":"Ouest","s":"25N-H50N400F-90-F4"},{"r":"380","t":"28:23:21","h":"Ouest","s":"25N-H50NV10I-90-I"},{"r":"380","t":"28:23:21","h":"Ouest","s":"25N-H50NV20I-90-I"},{"r":"380","t":"28:23:21","h":"Ouest","s":"25S-H50S000I-81-I"},{"r":"380","t":"28:23:21","h":"Ouest","s":"25S-H50S100F-80-F1"},{"r":"380","t":"28:23:21","h":"Ouest","s":"25S-H50S200F-80-F2"},{"r":"380","t":"28:28:07","h":"Ouest","s":"25N-H50N000S-80-S"},{"r":"380","t":"28:28:07","h":"Ouest","s":"25N-H50N000S-90-S"},{"r":"380","t":"28:28:07","h":"Ouest","s":"25N-H50NV10S-90-S"},{"r":"380","t":"28:28:07","h":"Ouest","s":"25N-H50NV20S-90-S"},{"r":"380","t":"28:28:07","h":"Ouest","s":"25S-H50S000S-81-S"},{"r":"380","t":"28:37:49","h":"Ouest","s":"25N-H50N000A-80-A"},{"r":"380","t":"28:37:49","h":"Ouest","s":"25N-H50N000A-90-A"},{"r":"380","t":"28:37:49","h":"Ouest","s":"25N-H50NV10A-90-A"},{"r":"380","t":"28:37:49","h":"Ouest","s":"25N-H50NV20A-90-A"},{"r":"380","t":"28:37:49","h":"Ouest","s":"25S-H50S000A-81-A"},{"r":"380","t":"28:42:21","h":"Ouest","s":"25N-H50N000I-80-I"},{"r":"380","t":"28:42:21","h":"Ouest","s":"25N-H50N000I-90-I"},{"r":"380","t":"28:42:21","h":"Ouest","s":"25N-H50N100F-90-F1"},{"r":"380","t":"28:42:21","h":"Ouest","s":"25N-H50N200F-90-F2"},{"r":"380","t":"28:42:21","h":"Ouest","s":"25N-H50N300F-90-F3"},{"r":"380","t":"28:42:21","h":"Ouest","s":"25N-H50N400F-90-F4"},{"r":"380","t":"28:42:21","h":"Ouest","s":"25N-H50NV10I-90-I"},{"r":"380","t":"28:42:21","h":"Ouest","s":"25N-H50NV20I-90-I"},{"r":"380","t":"28:42:21","h":"Ouest","s":"25S-H50S000I-81-I"},{"r":"380","t":"28:42:21","h":"Ouest","s":"25S-H50S100F-80-F1"},{"r":"380","t":"28:42:21","h":"Ouest","s":"25S-H50S200F-80-F2"},{"r":"380","t":"28:43:07","h":"Ouest","s":"25N-H50N000S-80-S"},{"r":"380","t":"28:43:07","h":"Ouest","s":"25N-H50N000S-90-S"},{"r":"380","t":"28:43:07","h":"Ouest","s":"25N-H50NV10S-90-S"},{"r":"380","t":"28:43:07","h":"Ouest","s":"25N-H50NV20S-90-S"},{"r":"380","t":"28:43:07","h":"Ouest","s":"25S-H50S000S-81-S"},{"r":"380","t":"28:51:07","h":"Ouest","s":"25N-H50N000S-80-S"},{"r":"380","t":"28:51:07","h":"Ouest","s":"25N-H50N000S-90-S"},{"r":"380","t":"28:51:07","h":"Ouest","s":"25N-H50NV10S-90-S"},{"r":"380","t":"28:51:07","h":"Ouest","s":"25N-H50NV20S-90-S"},{"r":"380","t":"28:51:07","h":"Ouest","s":"25S-H50S000S-81-S"},{"r":"380","t":"28:57:21","h":"Ouest","s":"25N-H50N000I-80-I"},{"r":"380","t":"28:57:21","h":"Ouest","s":"25N-H50N000I-90-I"},{"r":"380","t":"28:57:21","h":"Ouest","s":"25N-H50N100F-90-F1"},{"r":"380","t":"28:57:21","h":"Ouest","s":"25N-H50N200F-90-F2"},{"r":"380","t":"28:57:21","h":"Ouest","s":"25N-H50N300F-90-F3"},{"r":"380","t":"28:57:21","h":"Ouest","s":"25N-H50N400F-90-F4"},{"r":"380","t":"28:57:21","h":"Ouest","s":"25N-H50NV10I-90-I"},{"r":"380","t":"28:57:21","h":"Ouest","s":"25N-H50NV20I-90-I"},{"r":"380","t":"28:57:21","h":"Ouest","s":"25S-H50S000I-81-I"},{"r":"380","t":"28:57:21","h":"Ouest","s":"25S-H50S100F-80-F1"},{"r":"380","t":"28:57:21","h":"Ouest","s":"25S-H50S200F-80-F2"},{"r":"380","t":"28:58:07","h":"Ouest","s":"25N-H54N000S-80-S"},{"r":"380","t":"28:58:07","h":"Ouest","s":"25N-H54NV10S-82-S"},{"r":"380","t":"28:58:07","h":"Ouest","s":"25N-H54NV20S-80-S"},{"r":"380","t":"28:58:07","h":"Ouest","s":"25S-H54S000S-82-S"},{"r":"380","t":"29:03:21","h":"Ouest","s":"25N-H54N000I-80-I"},{"r":"380","t":"29:03:21","h":"Ouest","s":"25N-H54N100F-80-F1"},{"r":"380","t":"29:03:21","h":"Ouest","s":"25N-H54N200F-80-F2"},{"r":"380","t":"29:03:21","h":"Ouest","s":"25N-H54N300F-80-F3"},{"r":"380","t":"29:03:21","h":"Ouest","s":"25N-H54N400F-80-F4"},{"r":"380","t":"29:03:21","h":"Ouest","s":"25N-H54NV10I-80-I"},{"r":"380","t":"29:03:21","h":"Ouest","s":"25N-H54NV20I-80-I"},{"r":"380","t":"29:03:21","h":"Ouest","s":"25S-H54S000I-82-I"},{"r":"380","t":"29:03:21","h":"Ouest","s":"25S-H54S100F-80-F1"},{"r":"380","t":"29:03:21","h":"Ouest","s":"25S-H54S200F-80-F2"},{"r":"380","t":"29:09:21","h":"Ouest","s":"25N-H50N000I-80-I"},{"r":"380","t":"29:09:21","h":"Ouest","s":"25N-H50N000I-90-I"},{"r":"380","t":"29:09:21","h":"Ouest","s":"25N-H50N100F-90-F1"},{"r":"380","t":"29:09:21","h":"Ouest","s":"25N-H50N200F-90-F2"},{"r":"380","t":"29:09:21","h":"Ouest","s":"25N-H50N300F-90-F3"},{"r":"380","t":"29:09:21","h":"Ouest","s":"25N-H50N400F-90-F4"},{"r":"380","t":"29:09:21","h":"Ouest","s":"25N-H50NV10I-90-I"},{"r":"380","t":"29:09:21","h":"Ouest","s":"25N-H50NV20I-90-I"},{"r":"380","t":"29:09:21","h":"Ouest","s":"25S-H50S000I-81-I"},{"r":"380","t":"29:09:21","h":"Ouest","s":"25S-H50S100F-80-F1"},{"r":"380","t":"29:09:21","h":"Ouest","s":"25S-H50S200F-80-F2"},{"r":"380","t":"29:12:07","h":"Ouest","s":"25N-H50N000S-80-S"},{"r":"380","t":"29:12:07","h":"Ouest","s":"25N-H50N000S-90-S"},{"r":"380","t":"29:12:07","h":"Ouest","s":"25N-H50NV10S-90-S"},{"r":"380","t":"29:12:07","h":"Ouest","s":"25N-H50NV20S-90-S"},{"r":"380","t":"29:12:07","h":"Ouest","s":"25S-H50S000S-81-S"}]