[{"r":"140","t":"06:05:00","h":"Est","s":"25N-H58N000S-80-S"},{"r":"140","t":"06:05:00","h":"Est","s":"25N-H58NV10S-80-S"},{"r":"140","t":"06:05:00","h":"Est","s":"25N-H58NV20S-80-S"},{"r":"140","t":"06:05:00","h":"Est","s":"25S-H58S000S-80-S"},{"r":"140","t":"06:19:00","h":"Est","s":"25N-H58N000A-80-A"},{"r":"140","t":"06:19:00","h":"Est","s":"25N-H58NV10A-80-A"},{"r":"140","t":"06:19:00","h":"Est","s":"25N-H58NV20A-80-A"},{"r":"140","t":"06:19:00","h":"Est","s":"25S-H58S000A-80-A"},{"r":"140","t":"06:28:00","h":"Est","s":"25N-H58N000I-80-I"},{"r":"140","t":"06:28:00","h":"Est","s":"25N-H58N100F-80-F1"},{"r":"140","t":"06:28:00","h":"Est","s":"25N-H58N200F-80-F2"},{"r":"140","t":"06:28:00","h":"Est","s":"25N-H58N300F-80-F3"},{"r":"140","t":"06:28:00","h":"Est","s":"25N-H58N400F-80-F4"},{"r":"140","t":"06:28:00","h":"Est","s":"25N-H58NV10I-80-I"},{"r":"140","t":"06:28:00","h":"Est","s":"25N-H58NV20I-80-I"},{"r":"140","t":"06:28:00","h":"Est","s":"25S-H58S000I-80-I"},{"r":"140","t":"06:28:00","h":"Est","s":"25S-H58S100F-80-F1"},{"r":"140","t":"06:28:00","h":"Est","s":"25S-H58S200F-80-F2"},{"r":"140","t":"06:34:00","h":"Est","s":"25N-H58N000S-80-S"},{"r":"140","t":"06:34:00","h":"Est","s":"25N-H58NV10S-80-S"},{"r":"140","t":"06:34:00","h":"Est","s":"25N-H58NV20S-80-S"},{"r":"140","t":"06:34:00","h":"Est","s":"25S-H58S000S-80-S"},{"r":"140","t":"06:49:00","h":"Est","s":"25N-H58N000A-80-A"},{"r":"140","t":"06:49:00","h":"Est","s":"25N-H58NV10A-80-A"},{"r":"140","t":"06:49:00","h":"Est","s":"25N-H58NV20A-80-A"},{"r":"140","t":"06:49:00","h":"Est","s":"25S-H58S000A-80-A"},{"r":"140","t":"07:00:00","h":"Est","s":"25N-H58N000I-80-I"},{"r":"140","t":"07:00:00","h":"Est","s":"25N-H58N100F-80-F1"},{"r":"140","t":"07:00:00","h":"Est","s":"25N-H58N200F-80-F2"},{"r":"140","t":"07:00:00","h":"Est","s":"25N-H58N300F-80-F3"},{"r":"140","t":"07:00:00","h":"Est","s":"25N-H58N400F-80-F4"},{"r":"140","t":"07:00:00","h":"Est","s":"25N-H58NV10I-80-I"},{"r":"140","t":"07:00:00","h":"Est","s":"25N-H58NV20I-80-I"},{"r":"140","t":"07:00:00","h":"Est","s":"25S-H58S000I-80-I"},{"r":"140","t":"07:00:00","h":"Est","s":"25S-H58S100F-80-F1"},{"r":"140","t":"07:00:00","h":"Est","s":"25S-H58S200F-80-F2"},{"r":"140","t":"07:04:00","h":"Est","s":"25N-H58N000S-80-S"},{"r":"140","t":"07:04:00","h":"Est","s":"25N-H58NV10S-80-S"},{"r":"140","t":"07:04:00","h":"Est","s":"25N-H58NV20S-80-S"},{"r":"140","t":"07:04:00","h":"Est","s":"25S-H58S000S-80-S"},{"r":"140","t":"07:19:00","h":"Est","s":"25N-H58N000A-80-A"},{"r":"140","t":"07:19:00","h":"Est","s":"25N-H58NV10A-80-A"},{"r":"140","t":"07:19:00","h":"Est","s":"25N-H58NV20A-80-A"},{"r":"140","t":"07:19:00","h":"Est","s":"25S-H58S000A-80-A"},{"r":"140","t":"07:32:00","h":"Est","s":"25N-H58N000I-80-I"},{"r":"140","t":"07:32:00","h":"Est","s":"25N-H58N100F-80-F1"},{"r":"140","t":"07:32:00","h":"Est","s":"25N-H58N200F-80-F2"},{"r":"140","t":"07:32:00","h":"Est","s":"25N-H58N300F-80-F3"},{"r":"140","t":"07:32:00","h":"Est","s":"25N-H58N400F-80-F4"},{"r":"140","t":"07:32:00","h":"Est","s":"25N-H58NV10I-80-I"},{"r":"140","t":"07:32:00","h":"Est","s":"25N-H58NV20I-80-I"},{"r":"140","t":"07:32:00","h":"Est","s":"25S-H58S000I-80-I"},{"r":"140","t":"07:32:00","h":"Est","s":"25S-H58S100F-80-F1"},{"r":"140","t":"07:32:00","h":"Est","s":"25S-H58S200F-80-F2"},{"r":"140","t":"07:36:00","h":"Est","s":"25N-H58N000S-80-S"},{"r":"140","t":"07:36:00","h":"Est","s":"25N-H58NV10S-80-S"},{"r":"140","t":"07:36:00","h":"Est","s":"25N-H58NV20S-80-S"},{"r":"140","t":"07:36:00","h":"Est","s":"25S-H58S000S-80-S"},{"r":"140","t":"07:49:00","h":"Est","s":"25N-H58N000A-80-A"},{"r":"140","t":"07:49:00","h":"Est","s":"25N-H58NV10A-80-A"},{"r":"140","t":"07:49:00","h":"Est","s":"25N-H58NV20A-80-A"},{"r":"140","t":"07:49:00","h":"Est","s":"25S-H58S000A-80-A"},{"r":"140","t":"08:05:00","h":"Est","s":"25N-H58N000I-80-I"},{"r":"140","t":"08:05:00","h":"Est","s":"25N-H58N100F-80-F1"},{"r":"140","t":"08:05:00","h":"Est","s":"25N-H58N200F-80-F2"},{"r":"140","t":"08:05:00","h":"Est","s":"25N-H58N300F-80-F3"},{"r":"140","t":"08:05:00","h":"Est","s":"25N-H58N400F-80-F4"},{"r":"140","t":"08:05:00","h":"Est","s":"25N-H58NV10I-80-I"},{"r":"140","t":"08:05:00","h":"Est","s":"25N-H58NV20I-80-I"},{"r":"140","t":"08:05:00","h":"Est","s":"25S-H58S000I-80-I"},{"r":"140","t":"08:05:00","h":"Est","s":"25S-H58S100F-80-F1"},{"r":"140","t":"08:05:00","h":"Est","s":"25S-H58S200F-80-F2"},{"r":"140","t":"08:12:00","h":"Est","s":"25N-H58N000S-80-S"},{"r":"140","t":"08:12:00","h":"Est","s":"25N-H58NV10S-80-S"},{"r":"140","t":"08:12:00","h":"Est","s":"25N-H58NV20S-80-S"},{"r":"140","t":"08:12:00","h":"Est","s":"25S-H58S000S-80-S"},{"r":"140","t":"08:19:00","h":"Est","s":"25N-H58N000A-80-A"},{"r":"140","t":"08:19:00","h":"Est","s":"25N-H58NV10A-80-A"},{"r":"140","t":"08:19:00","h":"Est","s":"25N-H58NV20A-80-A"},{"r":"140","t":"08:19:00","h":"Est","s":"25S-H58S000A-80-A"},{"r":"140","t":"08:35:00","h":"Est","s":"25N-H58N000I-80-I"},{"r":"140","t":"08:35:00","h":"Est","s":"25N-H58N100F-80-F1"},{"r":"140","t":"08:35:00","h":"Est","s":"25N-H58N200F-80-F2"},{"r":"140","t":"08:35:00","h":"Est","s":"25N-H58N300F-80-F3"},{"r":"140","t":"08:35:00","h":"Est","s":"25N-H58N400F-80-F4"},{"r":"140","t":"08:35:00","h":"Est","s":"25N-H58NV10I-80-I"},{"r":"140","t":"08:35:00","h":"Est","s":"25N-H58NV20I-80-I"},{"r":"140","t":"08:35:00","h":"Est","s":"25S-H58S000I-80-I"},{"r":"140","t":"08:35:00","h":"Est","s":"25S-H58S100F-80-F1"},{"r":"140","t":"08:35:00","h":"Est","s":"25S-H58S200F-80-F2"},{"r":"140","t":"08:44:00","h":"Est","s":"25N-H58N000S-80-S"},{"r":"140","t":"08:44:00","h":"Est","s":"25N-H58NV10S-80-S"},{"r":"140","t":"08:44:00","h":"Est","s":"25N-H58NV20S-80-S"},{"r":"140","t":"08:44:00","h":"Est","s":"25S-H58S000S-80-S"},{"r":"140","t":"08:52:00","h":"Est","s":"25N-H58N000A-80-A"},{"r":"140","t":"08:52:00","h":"Est","s":"25N-H58NV10A-80-A"},{"r":"140","t":"08:52:00","h":"Est","s":"25N-H58NV20A-80-A"},{"r":"140","t":"08:52:00","h":"Est","s":"25S-H58S000A-80-A"},{"r":"140","t":"09:05:00","h":"Est","s":"25N-H58N000I-80-I"},{"r":"140","t":"09:05:00","h":"Est","s":"25N-H58N100F-80-F1"},{"r":"140","t":"09:05:00","h":"Est","s":"25N-H58N200F-80-F2"},{"r":"140","t":"09:05:00","h":"Est","s":"25N-H58N300F-80-F3"},{"r":"140","t":"09:05:00","h":"Est","s":"25N-H58N400F-80-F4"},{"r":"140","t":"09:05:00","h":"Est","s":"25N-H58NV10I-80-I"},{"r":"140","t":"09:05:00","h":"Est","s":"25N-H58NV20I-80-I"},{"r":"140","t":"09:05:00","h":"Est","s":"25S-H58S000I-80-I"},{"r":"140","t":"09:05:00","h":"Est","s":"25S-H58S100F-80-F1"},{"r":"140","t":"09:05:00","h":"Est","s":"25S-H58S200F-80-F2"},{"r":"140","t":"09:14:00","h":"Est","s":"25N-H58N000S-80-S"},{"r":"140","t":"09:14:00","h":"Est","s":"25N-H58NV10S-80-S"},{"r":"140","t":"09:14:00","h":"Est","s":"25N-H58NV20S-80-S"},{"r":"140","t":"09:14:00","h":"Est","s":"25S-H58S000S-80-S"},{"r":"140","t":"09:21:00","h":"Est","s":"25N-H58N000A-80-A"},{"r":"140","t":"09:21:00","h":"Est","s":"25N-H58NV10A-80-A"},{"r":"140","t":"09:21:00","h":"Est","s":"25N-H58NV20A-80-A"},{"r":"140","t":"09:21:00","h":"Est","s":"25S-H58S000A-80-A"},{"r":"140","t":"09:36:00","h":"Est","s":"25N-H58N000I-80-I"},{"r":"140","t":"09:36:00","h":"Est","s":"25N-H58N100F-80-F1"},{"r":"140","t":"09:36:00","h":"Est","s":"25N-H58N200F-80-F2"},{"r":"140","t":"09:36:00","h":"Est","s":"25N-H58N300F-80-F3"},{"r":"140","t":"09:36:00","h":"Est","s":"25N-H58N400F-80-F4"},{"r":"140","t":"09:36:00","h":"Est","s":"25N-H58NV10I-80-I"},{"r":"140","t":"09:36:00","h":"Est","s":"25N-H58NV20I-80-I"},{"r":"140","t":"09:36:00","h":"Est","s":"25S-H58S000I-80-I"},{"r":"140","t":"09:36:00","h":"Est","s":"25S-H58S100F-80-F1"},{"r":"140","t":"09:36:00","h":"Est","s":"25S-H58S200F-80-F2"},{"r":"140","t":"09:45:00","h":"Est","s":"25N-H58N000S-80-S"},{"r":"140","t":"09:45:00","h":"Est","s":"25N-H58NV10S-80-S"},{"r":"140","t":"09:45:00","h":"Est","s":"25N-H58NV20S-80-S"},{"r":"140","t":"09:45:00","h":"Est","s":"25S-H58S000S-80-S"},{"r":"140","t":"09:50:00","h":"Est","s":"25N-H58N000A-80-A"},{"r":"140","t":"09:50:00","h":"Est","s":"25N-H58NV10A-80-A"},{"r":"140","t":"09:50:00","h":"Est","s":"25N-H58NV20A-80-A"},{"r":"140","t":"09:50:00","h":"Est","s":"25S-H58S000A-80-A"},{"r":"140","t":"10:06:00","h":"Est","s":"25N-H58N000I-80-I"},{"r":"140","t":"10:06:00","h":"Est","s":"25N-H58N100F-80-F1"},{"r":"140","t":"10:06:00","h":"Est","s":"25N-H58N200F-80-F2"},{"r":"140","t":"10:06:00","h":"Est","s":"25N-H58N300F-80-F3"},{"r":"140","t":"10:06:00","h":"Est","s":"25N-H58N400F-80-F4"},{"r":"140","t":"10:06:00","h":"Est","s":"25N-H58NV10I-80-I"},{"r":"140","t":"10:06:00","h":"Est","s":"25N-H58NV20I-80-I"},{"r":"140","t":"10:06:00","h":"Est","s":"25S-H58S000I-80-I"},{"r":"140","t":"10:06:00","h":"Est","s":"25S-H58S100F-80-F1"},{"r":"140","t":"10:06:00","h":"Est","s":"25S-H58S200F-80-F2"},{"r":"140","t":"10:14:00","h":"Est","s":"25N-H58N000S-80-S"},{"r":"140","t":"10:14:00","h":"Est","s":"25N-H58NV10S-80-S"},{"r":"140","t":"10:14:00","h":"Est","s":"25N-H58NV20S-80-S"},{"r":"140","t":"10:14:00","h":"Est","s":"25S-H58S000S-80-S"},{"r":"140","t":"10:22:00","h":"Est","s":"25N-H58N000A-80-A"},{"r":"140","t":"10:22:00","h":"Est","s":"25N-H58NV10A-80-A"},{"r":"140","t":"10:22:00","h":"Est","s":"25N-H58NV20A-80-A"},{"r":"140","t":"10:22:00","h":"Est","s":"25S-H58S000A-80-A"},{"r":"140","t":"10:36:00","h":"Est","s":"25N-H58N000I-80-I"},{"r":"140","t":"10:36:00","h":"Est","s":"25N-H58N100F-80-F1"},{"r":"140","t":"10:36:00","h":"Est","s":"25N-H58N200F-80-F2"},{"r":"140","t":"10:36:00","h":"Est","s":"25N-H58N300F-80-F3"},{"r":"140","t":"10:36:00","h":"Est","s":"25N-H58N400F-80-F4"},{"r":"140","t":"10:36:00","h":"Est","s":"25N-H58NV10I-80-I"},{"r":"140","t":"10:36:00","h":"Est","s":"25N-H58NV20I-80-I"},{"r":"140","t":"10:36:00","h":"Est","s":"25S-H58S000I-80-I"},{"r":"140","t":"10:36:00","h":"Est","s":"25S-H58S100F-80-F1"},{"r":"140","t":"10:36:00","h":"Est","s":"25S-H58S200F-80-F2"},{"r":"140","t":"10:43:00","h":"Est","s":"25N-H58N000S-80-S"},{"r":"140","t":"10:43:00","h":"Est","s":"25N-H58NV10S-80-S"},{"r":"140","t":"10:43:00","h":"Est","s":"25N-H58NV20S-80-S"},{"r":"140","t":"10:43:00","h":"Est","s":"25S-H58S000S-80-S"},{"r":"140","t":"10:52:00","h":"Est","s":"25N-H58N000A-80-A"},{"r":"140","t":"10:52:00","h":"Est","s":"25N-H58NV10A-80-A"},{"r":"140","t":"10:52:00","h":"Est","s":"25N-H58NV20A-80-A"},{"r":"140","t":"10:52:00","h":"Est","s":"25S-H58S000A-80-A"},{"r":"140","t":"11:08:00","h":"Est","s":"25N-H58N000I-80-I"},{"r":"140","t":"11:08:00","h":"Est","s":"25N-H58N100F-80-F1"},{"r":"140","t":"11:08:00","h":"Est","s":"25N-H58N200F-80-F2"},{"r":"140","t":"11:08:00","h":"Est","s":"25N-H58N300F-80-F3"},{"r":"140","t":"11:08:00","h":"Est","s":"25N-H58N400F-80-F4"},{"r":"140","t":"11:08:00","h":"Est","s":"25N-H58NV10I-80-I"},{"r":"140","t":"11:08:00","h":"Est","s":"25N-H58NV20I-80-I"},{"r":"140","t":"11:08:00","h":"Est","s":"25S-H58S000I-80-I"},{"r":"140","t":"11:08:00","h":"Est","s":"25S-H58S100F-80-F1"},{"r":"140","t":"11:08:00","h":"Est","s":"25S-H58S200F-80-F2"},{"r":"140","t":"11:12:00","h":"Est","s":"25N-H58N000S-80-S"},{"r":"140","t":"11:12:00","h":"Est","s":"25N-H58NV10S-80-S"},{"r":"140","t":"11:12:00","h":"Est","s":"25N-H58NV20S-80-S"},{"r":"140","t":"11:12:00","h":"Est","s":"25S-H58S000S-80-S"},{"r":"140","t":"11:24:00","h":"Est","s":"25N-H58N000A-80-A"},{"r":"140","t":"11:24:00","h":"Est","s":"25N-H58NV10A-80-A"},{"r":"140","t":"11:24:00","h":"Est","s":"25N-H58NV20A-80-A"},{"r":"140","t":"11:24:00","h":"Est","s":"25S-H58S000A-80-A"},{"r":"140","t":"11:39:00","h":"Est","s":"25N-H58N000I-80-I"},{"r":"140","t":"11:39:00","h":"Est","s":"25N-H58N100F-80-F1"},{"r":"140","t":"11:39:00","h":"Est","s":"25N-H58N200F-80-F2"},{"r":"140","t":"11:39:00","h":"Est","s":"25N-H58N300F-80-F3"},{"r":"140","t":"11:39:00","h":"Est","s":"25N-H58N400F-80-F4"},{"r":"140","t":"11:39:00","h":"Est","s":"25N-H58NV10I-80-I"},{"r":"140","t":"11:39:00","h":"Est","s":"25N-H58NV20I-80-I"},{"r":"140","t":"11:39:00","h":"Est","s":"25S-H58S000I-80-I"},{"r":"140","t":"11:39:00","h":"Est","s":"25S-H58S100F-80-F1"},{"r":"140","t":"11:39:00","h":"Est","s":"25S-H58S200F-80-F2"},{"r":"140","t":"11:42:00","h":"Est","s":"25N-H58N000S-80-S"},{"r":"140","t":"11:42:00","h":"Est","s":"25N-H58NV10S-80-S"},{"r":"140","t":"11:42:00","h":"Est","s":"25N-H58NV20S-80-S"},{"r":"140","t":"11:42:00","h":"Est","s":"25S-H58S000S-80-S"},{"r":"140","t":"11:57:00","h":"Est","s":"25N-H58N000A-80-A"},{"r":"140","t":"11:57:00","h":"Est","s":"25N-H58NV10A-80-A"},{"r":"140","t":"11:57:00","h":"Est","s":"25N-H58NV20A-80-A"},{"r":"140","t":"11:57:00","h":"Est","s":"25S-H58S000A-80-A"},{"r":"140","t":"12:09:00","h":"Est","s":"25N-H58N000I-80-I"},{"r":"140","t":"12:09:00","h":"Est","s":"25N-H58N100F-80-F1"},{"r":"140","t":"12:09:00","h":"Est","s":"25N-H58N200F-80-F2"},{"r":"140","t":"12:09:00","h":"Est","s":"25N-H58N300F-80-F3"},{"r":"140","t":"12:09:00","h":"Est","s":"25N-H58N400F-80-F4"},{"r":"140","t":"12:09:00","h":"Est","s":"25N-H58NV10I-80-I"},{"r":"140","t":"12:09:00","h":"Est","s":"25N-H58NV20I-80-I"},{"r":"140","t":"12:09:00","h":"Est","s":"25S-H58S000I-80-I"},{"r":"140","t":"12:09:00","h":"Est","s":"25S-H58S100F-80-F1"},{"r":"140","t":"12:09:00","h":"Est","s":"25S-H58S200F-80-F2"},{"r":"140","t":"12:13:00","h":"Est","s":"25N-H58N000S-80-S"},{"r":"140","t":"12:13:00","h":"Est","s":"25N-H58NV10S-80-S"},{"r":"140","t":"12:13:00","h":"Est","s":"25N-H58NV20S-80-S"},{"r":"140","t":"12:13:00","h":"Est","s":"25S-H58S000S-80-S"},{"r":"140","t":"12:32:00","h":"Est","s":"25N-H58N000A-80-A"},{"r":"140","t":"12:32:00","h":"Est","s":"25N-H58NV10A-80-A"},{"r":"140","t":"12:32:00","h":"Est","s":"25N-H58NV20A-80-A"},{"r":"140","t":"12:32:00","h":"Est","s":"25S-H58S000A-80-A"},{"r":"140","t":"12:39:00","h":"Est","s":"25N-H58N000I-80-I"},{"r":"140","t":"12:39:00","h":"Est","s":"25N-H58N100F-80-F1"},{"r":"140","t":"12:39:00","h":"Est","s":"25N-H58N200F-80-F2"},{"r":"140","t":"12:39:00","h":"Est","s":"25N-H58N300F-80-F3"},{"r":"140","t":"12:39:00","h":"Est","s":"25N-H58N400F-80-F4"},{"r":"140","t":"12:39:00","h":"Est","s":"25N-H58NV10I-80-I"},{"r":"140","t":"12:39:00","h":"Est","s":"25N-H58NV20I-80-I"},{"r":"140","t":"12:39:00","h":"Est","s":"25S-H58S000I-80-I"},{"r":"140","t":"12:39:00","h":"Est","s":"25S-H58S100F-80-F1"},{"r":"140","t":"12:39:00","h":"Est","s":"25S-H58S200F-80-F2"},{"r":"140","t":"12:43:00","h":"Est","s":"25N-H58N000S-80-S"},{"r":"140","t":"12:43:00","h":"Est","s":"25N-H58NV10S-80-S"},{"r":"140","t":"12:43:00","h":"Est","s":"25N-H58NV20S-80-S"},{"r":"140","t":"12:43:00","h":"Est","s":"25S-H58S000S-80-S"},{"r":"140","t":"13:02:00","h":"Est","s":"25N-H58N000A-80-A"},{"r":"140","t":"13:02:00","h":"Est","s":"25N-H58NV10A-80-A"},{"r":"140","t":"13:02:00","h":"Est","s":"25N-H58NV20A-80-A"},{"r":"140","t":"13:02:00","h":"Est","s":"25S-H58S000A-80-A"},{"r":"140","t":"13:09:00","h":"Est","s":"25N-H58N000I-80-I"},{"r":"140","t":"13:09:00","h":"Est","s":"25N-H58N100F-80-F1"},{"r":"140","t":"13:09:00","h":"Est","s":"25N-H58N200F-80-F2"},{"r":"140","t":"13:09:00","h":"Est","s":"25N-H58N300F-80-F3"},{"r":"140","t":"13:09:00","h":"Est","s":"25N-H58N400F-80-F4"},{"r":"140","t":"13:09:00","h":"Est","s":"25N-H58NV10I-80-I"},{"r":"140","t":"13:09:00","h":"Est","s":"25N-H58NV20I-80-I"},{"r":"140","t":"13:09:00","h":"Est","s":"25S-H58S000I-80-I"},{"r":"140","t":"13:09:00","h":"Est","s":"25S-H58S100F-80-F1"},{"r":"140","t":"13:09:00","h":"Est","s":"25S-H58S200F-80-F2"},{"r":"140","t":"13:12:00","h":"Est","s":"25N-H58N000S-80-S"},{"r":"140","t":"13:12:00","h":"Est","s":"25N-H58NV10S-80-S"},{"r":"140","t":"13:12:00","h":"Est","s":"25N-H58NV20S-80-S"},{"r":"140","t":"13:12:00","h":"Est","s":"25S-H58S000S-80-S"},{"r":"140","t":"13:31:00","h":"Est","s":"25N-H58N000A-80-A"},{"r":"140","t":"13:31:00","h":"Est","s":"25N-H58NV10A-80-A"},{"r":"140","t":"13:31:00","h":"Est","s":"25N-H58NV20A-80-A"},{"r":"140","t":"13:31:00","h":"Est","s":"25S-H58S000A-80-A"},{"r":"140","t":"13:39:00","h":"Est","s":"25N-H58N000I-80-I"},{"r":"140","t":"13:39:00","h":"Est","s":"25N-H58N100F-80-F1"},{"r":"140","t":"13:39:00","h":"Est","s":"25N-H58N200F-80-F2"},{"r":"140","t":"13:39:00","h":"Est","s":"25N-H58N300F-80-F3"},{"r":"140","t":"13:39:00","h":"Est","s":"25N-H58N400F-80-F4"},{"r":"140","t":"13:39:00","h":"Est","s":"25N-H58NV10I-80-I"},{"r":"140","t":"13:39:00","h":"Est","s":"25N-H58NV20I-80-I"},{"r":"140","t":"13:39:00","h":"Est","s":"25S-H58S000I-80-I"},{"r":"140","t":"13:39:00","h":"Est","s":"25S-H58S100F-80-F1"},{"r":"140","t":"13:39:00","h":"Est","s":"25S-H58S200F-80-F2"},{"r":"140","t":"13:40:00","h":"Est","s":"25N-H58N000S-80-S"},{"r":"140","t":"13:40:00","h":"Est","s":"25N-H58NV10S-80-S"},{"r":"140","t":"13:40:00","h":"Est","s":"25N-H58NV20S-80-S"},{"r":"140","t":"13:40:00","h":"Est","s":"25S-H58S000S-80-S"},{"r":"140","t":"13:59:00","h":"Est","s":"25N-H58N000A-80-A"},{"r":"140","t":"13:59:00","h":"Est","s":"25N-H58NV10A-80-A"},{"r":"140","t":"13:59:00","h":"Est","s":"25N-H58NV20A-80-A"},{"r":"140","t":"13:59:00","h":"Est","s":"25S-H58S000A-80-A"},{"r":"140","t":"14:08:00","h":"Est","s":"25N-H58N000S-80-S"},{"r":"140","t":"14:08:00","h":"Est","s":"25N-H58NV10S-80-S"},{"r":"140","t":"14:08:00","h":"Est","s":"25N-H58NV20S-80-S"},{"r":"140","t":"14:08:00","h":"Est","s":"25S-H58S000S-80-S"},{"r":"140","t":"14:10:00","h":"Est","s":"25N-H58N000I-80-I"},{"r":"140","t":"14:10:00","h":"Est","s":"25N-H58N100F-80-F1"},{"r":"140","t":"14:10:00","h":"Est","s":"25N-H58N200F-80-F2"},{"r":"140","t":"14:10:00","h":"Est","s":"25N-H58N300F-80-F3"},{"r":"140","t":"14:10:00","h":"Est","s":"25N-H58N400F-80-F4"},{"r":"140","t":"14:10:00","h":"Est","s":"25N-H58NV10I-80-I"},{"r":"140","t":"14:10:00","h":"Est","s":"25N-H58NV20I-80-I"},{"r":"140","t":"14:10:00","h":"Est","s":"25S-H58S000I-80-I"},{"r":"140","t":"14:10:00","h":"Est","s":"25S-H58S100F-80-F1"},{"r":"140","t":"14:10:00","h":"Est","s":"25S-H58S200F-80-F2"},{"r":"140","t":"14:28:00","h":"Est","s":"25N-H58N000A-80-A"},{"r":"140","t":"14:28:00","h":"Est","s":"25N-H58NV10A-80-A"},{"r":"140","t":"14:28:00","h":"Est","s":"25N-H58NV20A-80-A"},{"r":"140","t":"14:28:00","h":"Est","s":"25S-H58S000A-80-A"},{"r":"140","t":"14:35:00","h":"Est","s":"25N-H58N000S-80-S"},{"r":"140","t":"14:35:00","h":"Est","s":"25N-H58NV10S-80-S"},{"r":"140","t":"14:35:00","h":"Est","s":"25N-H58NV20S-80-S"},{"r":"140","t":"14:35:00","h":"Est","s":"25S-H58S000S-80-S"},{"r":"140","t":"14:40:00","h":"Est","s":"25N-H58N000I-80-I"},{"r":"140","t":"14:40:00","h":"Est","s":"25N-H58N100F-80-F1"},{"r":"140","t":"14:40:00","h":"Est","s":"25N-H58N200F-80-F2"},{"r":"140","t":"14:40:00","h":"Est","s":"25N-H58N300F-80-F3"},{"r":"140","t":"14:40:00","h":"Est","s":"25N-H58N400F-80-F4"},{"r":"140","t":"14:40:00","h":"Est","s":"25N-H58NV10I-80-I"},{"r":"140","t":"14:40:00","h":"Est","s":"25N-H58NV20I-80-I"},{"r":"140","t":"14:40:00","h":"Est","s":"25S-H58S000I-80-I"},{"r":"140","t":"14:40:00","h":"Est","s":"25S-H58S100F-80-F1"},{"r":"140","t":"14:40:00","h":"Est","s":"25S-H58S200F-80-F2"},{"r":"140","t":"14:59:00","h":"Est","s":"25N-H58N000A-80-A"},{"r":"140","t":"14:59:00","h":"Est","s":"25N-H58NV10A-80-A"},{"r":"140","t":"14:59:00","h":"Est","s":"25N-H58NV20A-80-A"},{"r":"140","t":"14:59:00","h":"Est","s":"25S-H58S000A-80-A"},{"r":"140","t":"15:06:00","h":"Est","s":"25N-H58N000S-80-S"},{"r":"140","t":"15:06:00","h":"Est","s":"25N-H58NV10S-80-S"},{"r":"140","t":"15:06:00","h":"Est","s":"25N-H58NV20S-80-S"},{"r":"140","t":"15:06:00","h":"Est","s":"25S-H58S000S-80-S"},{"r":"140","t":"15:10:00","h":"Est","s":"25N-H58N000I-80-I"},{"r":"140","t":"15:10:00","h":"Est","s":"25N-H58N100F-80-F1"},{"r":"140","t":"15:10:00","h":"Est","s":"25N-H58N200F-80-F2"},{"r":"140","t":"15:10:00","h":"Est","s":"25N-H58N300F-80-F3"},{"r":"140","t":"15:10:00","h":"Est","s":"25N-H58N400F-80-F4"},{"r":"140","t":"15:10:00","h":"Est","s":"25N-H58NV10I-80-I"},{"r":"140","t":"15:10:00","h":"Est","s":"25N-H58NV20I-80-I"},{"r":"140","t":"15:10:00","h":"Est","s":"25S-H58S000I-80-I"},{"r":"140","t":"15:10:00","h":"Est","s":"25S-H58S100F-80-F1"},{"r":"140","t":"15:10:00","h":"Est","s":"25S-H58S200F-80-F2"},{"r":"140","t":"15:21:00","h":"Est","s":"25N-H58N000A-80-A"},{"r":"140","t":"15:21:00","h":"Est","s":"25N-H58NV10A-80-A"},{"r":"140","t":"15:21:00","h":"Est","s":"25N-H58NV20A-80-A"},{"r":"140","t":"15:21:00","h":"Est","s":"25S-H58S000A-80-A"},{"r":"140","t":"15:32:00","h":"Est","s":"25N-H58N000S-80-S"},{"r":"140","t":"15:32:00","h":"Est","s":"25N-H58NV10S-80-S"},{"r":"140","t":"15:32:00","h":"Est","s":"25N-H58NV20S-80-S"},{"r":"140","t":"15:32:00","h":"Est","s":"25S-H58S000S-80-S"},{"r":"140","t":"15:40:00","h":"Est","s":"25N-H58N000I-80-I"},{"r":"140","t":"15:40:00","h":"Est","s":"25N-H58N100F-80-F1"},{"r":"140","t":"15:40:00","h":"Est","s":"25N-H58N200F-80-F2"},{"r":"140","t":"15:40:00","h":"Est","s":"25N-H58N300F-80-F3"},{"r":"140","t":"15:40:00","h":"Est","s":"25N-H58N400F-80-F4"},{"r":"140","t":"15:40:00","h":"Est","s":"25N-H58NV10I-80-I"},{"r":"140","t":"15:40:00","h":"Est","s":"25N-H58NV20I-80-I"},{"r":"140","t":"15:40:00","h":"Est","s":"25S-H58S000I-80-I"},{"r":"140","t":"15:40:00","h":"Est","s":"25S-H58S100F-80-F1"},{"r":"140","t":"15:40:00","h":"Est","s":"25S-H58S200F-80-F2"},{"r":"140","t":"15:45:00","h":"Est","s":"25N-H58N000A-80-A"},{"r":"140","t":"15:45:00","h":"Est","s":"25N-H58NV10A-80-A"},{"r":"140","t":"15:45:00","h":"Est","s":"25N-H58NV20A-80-A"},{"r":"140","t":"15:45:00","h":"Est","s":"25S-H58S000A-80-A"},{"r":"140","t":"16:01:00","h":"Est","s":"25N-H58N000S-80-S"},{"r":"140","t":"16:01:00","h":"Est","s":"25N-H58NV10S-80-S"},{"r":"140","t":"16:01:00","h":"Est","s":"25N-H58NV20S-80-S"},{"r":"140","t":"16:01:00","h":"Est","s":"25S-H58S000S-80-S"},{"r":"140","t":"16:08:00","h":"Est","s":"25N-H58N000A-80-A"},{"r":"140","t":"16:08:00","h":"Est","s":"25N-H58NV10A-80-A"},{"r":"140","t":"16:08:00","h":"Est","s":"25N-H58NV20A-80-A"},{"r":"140","t":"16:08:00","h":"Est","s":"25S-H58S000A-80-A"},{"r":"140","t":"16:10:00","h":"Est","s":"25N-H58N000I-80-I"},{"r":"140","t":"16:10:00","h":"Est","s":"25N-H58N100F-80-F1"},{"r":"140","t":"16:10:00","h":"Est","s":"25N-H58N200F-80-F2"},{"r":"140","t":"16:10:00","h":"Est","s":"25N-H58N300F-80-F3"},{"r":"140","t":"16:10:00","h":"Est","s":"25N-H58N400F-80-F4"},{"r":"140","t":"16:10:00","h":"Est","s":"25N-H58NV10I-80-I"},{"r":"140","t":"16:10:00","h":"Est","s":"25N-H58NV20I-80-I"},{"r":"140","t":"16:10:00","h":"Est","s":"25S-H58S000I-80-I"},{"r":"140","t":"16:10:00","h":"Est","s":"25S-H58S100F-80-F1"},{"r":"140","t":"16:10:00","h":"Est","s":"25S-H58S200F-80-F2"},{"r":"140","t":"16:26:00","h":"Est","s":"25N-H58N000S-80-S"},{"r":"140","t":"16:26:00","h":"Est","s":"25N-H58NV10S-80-S"},{"r":"140","t":"16:26:00","h":"Est","s":"25N-H58NV20S-80-S"},{"r":"140","t":"16:26:00","h":"Est","s":"25S-H58S000S-80-S"},{"r":"140","t":"16:32:00","h":"Est","s":"25N-H58N000A-80-A"},{"r":"140","t":"16:32:00","h":"Est","s":"25N-H58NV10A-80-A"},{"r":"140","t":"16:32:00","h":"Est","s":"25N-H58NV20A-80-A"},{"r":"140","t":"16:32:00","h":"Est","s":"25S-H58S000A-80-A"},{"r":"140","t":"16:40:00","h":"Est","s":"25N-H58N000I-80-I"},{"r":"140","t":"16:40:00","h":"Est","s":"25N-H58N100F-80-F1"},{"r":"140","t":"16:40:00","h":"Est","s":"25N-H58N200F-80-F2"},{"r":"140","t":"16:40:00","h":"Est","s":"25N-H58N300F-80-F3"},{"r":"140","t":"16:40:00","h":"Est","s":"25N-H58N400F-80-F4"},{"r":"140","t":"16:40:00","h":"Est","s":"25N-H58NV10I-80-I"},{"r":"140","t":"16:40:00","h":"Est","s":"25N-H58NV20I-80-I"},{"r":"140","t":"16:40:00","h":"Est","s":"25S-H58S000I-80-I"},{"r":"140","t":"16:40:00","h":"Est","s":"25S-H58S100F-80-F1"},{"r":"140","t":"16:40:00","h":"Est","s":"25S-H58S200F-80-F2"},{"r":"140","t":"16:46:00","h":"Est","s":"25N-H58N000S-80-S"},{"r":"140","t":"16:46:00","h":"Est","s":"25N-H58NV10S-80-S"},{"r":"140","t":"16:46:00","h":"Est","s":"25N-H58NV20S-80-S"},{"r":"140","t":"16:46:00","h":"Est","s":"25S-H58S000S-80-S"},{"r":"140","t":"16:51:00","h":"Est","s":"25N-H58N000A-80-A"},{"r":"140","t":"16:51:00","h":"Est","s":"25N-H58NV10A-80-A"},{"r":"140","t":"16:51:00","h":"Est","s":"25N-H58NV20A-80-A"},{"r":"140","t":"16:51:00","h":"Est","s":"25S-H58S000A-80-A"},{"r":"140","t":"17:04:00","h":"Est","s":"25N-H58N000S-80-S"},{"r":"140","t":"17:04:00","h":"Est","s":"25N-H58NV10S-80-S"},{"r":"140","t":"17:04:00","h":"Est","s":"25N-H58NV20S-80-S"},{"r":"140","t":"17:04:00","h":"Est","s":"25S-H58S000S-80-S"},{"r":"140","t":"17:06:00","h":"Est","s":"25N-H58N000I-80-I"},{"r":"140","t":"17:06:00","h":"Est","s":"25N-H58N100F-80-F1"},{"r":"140","t":"17:06:00","h":"Est","s":"25N-H58N200F-80-F2"},{"r":"140","t":"17:06:00","h":"Est","s":"25N-H58N300F-80-F3"},{"r":"140","t":"17:06:00","h":"Est","s":"25N-H58N400F-80-F4"},{"r":"140","t":"17:06:00","h":"Est","s":"25N-H58NV10I-80-I"},{"r":"140","t":"17:06:00","h":"Est","s":"25N-H58NV20I-80-I"},{"r":"140","t":"17:06:00","h":"Est","s":"25S-H58S000I-80-I"},{"r":"140","t":"17:06:00","h":"Est","s":"25S-H58S100F-80-F1"},{"r":"140","t":"17:06:00","h":"Est","s":"25S-H58S200F-80-F2"},{"r":"140","t":"17:09:00","h":"Est","s":"25N-H58N000A-80-A"},{"r":"140","t":"17:09:00","h":"Est","s":"25N-H58NV10A-80-A"},{"r":"140","t":"17:09:00","h":"Est","s":"25N-H58NV20A-80-A"},{"r":"140","t":"17:09:00","h":"Est","s":"25S-H58S000A-80-A"},{"r":"140","t":"17:26:00","h":"Est","s":"25N-H58N000S-80-S"},{"r":"140","t":"17:26:00","h":"Est","s":"25N-H58NV10S-80-S"},{"r":"140","t":"17:26:00","h":"Est","s":"25N-H58NV20S-80-S"},{"r":"140","t":"17:26:00","h":"Est","s":"25S-H58S000S-80-S"},{"r":"140","t":"17:29:00","h":"Est","s":"25N-H58N000A-80-A"},{"r":"140","t":"17:29:00","h":"Est","s":"25N-H58NV10A-80-A"},{"r":"140","t":"17:29:00","h":"Est","s":"25N-H58NV20A-80-A"},{"r":"140","t":"17:29:00","h":"Est","s":"25S-H58S000A-80-A"},{"r":"140","t":"17:31:00","h":"Est","s":"25N-H58N000I-80-I"},{"r":"140","t":"17:31:00","h":"Est","s":"25N-H58N100F-80-F1"},{"r":"140","t":"17:31:00","h":"Est","s":"25N-H58N200F-80-F2"},{"r":"140","t":"17:31:00","h":"Est","s":"25N-H58N300F-80-F3"},{"r":"140","t":"17:31:00","h":"Est","s":"25N-H58N400F-80-F4"},{"r":"140","t":"17:31:00","h":"Est","s":"25N-H58NV10I-80-I"},{"r":"140","t":"17:31:00","h":"Est","s":"25N-H58NV20I-80-I"},{"r":"140","t":"17:31:00","h":"Est","s":"25S-H58S000I-80-I"},{"r":"140","t":"17:31:00","h":"Est","s":"25S-H58S100F-80-F1"},{"r":"140","t":"17:31:00","h":"Est","s":"25S-H58S200F-80-F2"},{"r":"140","t":"17:43:00","h":"Est","s":"25N-H58N000S-80-S"},{"r":"140","t":"17:43:00","h":"Est","s":"25N-H58NV10S-80-S"},{"r":"140","t":"17:43:00","h":"Est","s":"25N-H58NV20S-80-S"},{"r":"140","t":"17:43:00","h":"Est","s":"25S-H58S000S-80-S"},{"r":"140","t":"17:50:00","h":"Est","s":"25N-H58N000A-80-A"},{"r":"140","t":"17:50:00","h":"Est","s":"25N-H58NV10A-80-A"},{"r":"140","t":"17:50:00","h":"Est","s":"25N-H58NV20A-80-A"},{"r":"140","t":"17:50:00","h":"Est","s":"25S-H58S000A-80-A"},{"r":"140","t":"17:57:00","h":"Est","s":"25N-H58N000I-80-I"},{"r":"140","t":"17:57:00","h":"Est","s":"25N-H58N100F-80-F1"},{"r":"140","t":"17:57:00","h":"Est","s":"25N-H58N200F-80-F2"},{"r":"140","t":"17:57:00","h":"Est","s":"25N-H58N300F-80-F3"},{"r":"140","t":"17:57:00","h":"Est","s":"25N-H58N400F-80-F4"},{"r":"140","t":"17:57:00","h":"Est","s":"25N-H58NV10I-80-I"},{"r":"140","t":"17:57:00","h":"Est","s":"25N-H58NV20I-80-I"},{"r":"140","t":"17:57:00","h":"Est","s":"25S-H58S000I-80-I"},{"r":"140","t":"17:57:00","h":"Est","s":"25S-H58S100F-80-F1"},{"r":"140","t":"17:57:00","h":"Est","s":"25S-H58S200F-80-F2"},{"r":"140","t":"17:59:00","h":"Est","s":"25N-H58N000S-80-S"},{"r":"140","t":"17:59:00","h":"Est","s":"25N-H58NV10S-80-S"},{"r":"140","t":"17:59:00","h":"Est","s":"25N-H58NV20S-80-S"},{"r":"140","t":"17:59:00","h":"Est","s":"25S-H58S000S-80-S"},{"r":"140","t":"18:11:00","h":"Est","s":"25N-H58N000A-80-A"},{"r":"140","t":"18:11:00","h":"Est","s":"25N-H58NV10A-80-A"},{"r":"140","t":"18:11:00","h":"Est","s":"25N-H58NV20A-80-A"},{"r":"140","t":"18:11:00","h":"Est","s":"25S-H58S000A-80-A"},{"r":"140","t":"18:14:00","h":"Est","s":"25N-H58N000S-80-S"},{"r":"140","t":"18:14:00","h":"Est","s":"25N-H58NV10S-80-S"},{"r":"140","t":"18:14:00","h":"Est","s":"25N-H58NV20S-80-S"},{"r":"140","t":"18:14:00","h":"Est","s":"25S-H58S000S-80-S"},{"r":"140","t":"18:26:00","h":"Est","s":"25N-H58N000I-80-I"},{"r":"140","t":"18:26:00","h":"Est","s":"25N-H58N100F-80-F1"},{"r":"140","t":"18:26:00","h":"Est","s":"25N-H58N200F-80-F2"},{"r":"140","t":"18:26:00","h":"Est","s":"25N-H58N300F-80-F3"},{"r":"140","t":"18:26:00","h":"Est","s":"25N-H58N400F-80-F4"},{"r":"140","t":"18:26:00","h":"Est","s":"25N-H58NV10I-80-I"},{"r":"140","t":"18:26:00","h":"Est","s":"25N-H58NV20I-80-I"},{"r":"140","t":"18:26:00","h":"Est","s":"25S-H58S000I-80-I"},{"r":"140","t":"18:26:00","h":"Est","s":"25S-H58S100F-80-F1"},{"r":"140","t":"18:26:00","h":"Est","s":"25S-H58S200F-80-F2"},{"r":"140","t":"18:30:00","h":"Est","s":"25N-H58N000S-80-S"},{"r":"140","t":"18:30:00","h":"Est","s":"25N-H58NV10S-80-S"},{"r":"140","t":"18:30:00","h":"Est","s":"25N-H58NV20S-80-S"},{"r":"140","t":"18:30:00","h":"Est","s":"25S-H58S000S-80-S"},{"r":"140","t":"18:36:00","h":"Est","s":"25N-H58N000A-80-A"},{"r":"140","t":"18:36:00","h":"Est","s":"25N-H58NV10A-80-A"},{"r":"140","t":"18:36:00","h":"Est","s":"25N-H58NV20A-80-A"},{"r":"140","t":"18:36:00","h":"Est","s":"25S-H58S000A-80-A"},{"r":"140","t":"18:51:00","h":"Est","s":"25N-H58N000S-80-S"},{"r":"140","t":"18:51:00","h":"Est","s":"25N-H58NV10S-80-S"},{"r":"140","t":"18:51:00","h":"Est","s":"25N-H58NV20S-80-S"},{"r":"140","t":"18:51:00","h":"Est","s":"25S-H58S000S-80-S"},{"r":"140","t":"18:54:00","h":"Est","s":"25N-H58N000I-80-I"},{"r":"140","t":"18:54:00","h":"Est","s":"25N-H58N100F-80-F1"},{"r":"140","t":"18:54:00","h":"Est","s":"25N-H58N200F-80-F2"},{"r":"140","t":"18:54:00","h":"Est","s":"25N-H58N300F-80-F3"},{"r":"140","t":"18:54:00","h":"Est","s":"25N-H58N400F-80-F4"},{"r":"140","t":"18:54:00","h":"Est","s":"25N-H58NV10I-80-I"},{"r":"140","t":"18:54:00","h":"Est","s":"25N-H58NV20I-80-I"},{"r":"140","t":"18:54:00","h":"Est","s":"25S-H58S000I-80-I"},{"r":"140","t":"18:54:00","h":"Est","s":"25S-H58S100F-80-F1"},{"r":"140","t":"18:54:00","h":"Est","s":"25S-H58S200F-80-F2"},{"r":"140","t":"19:06:00","h":"Est","s":"25N-H58N000A-80-A"},{"r":"140","t":"19:06:00","h":"Est","s":"25N-H58NV10A-80-A"},{"r":"140","t":"19:06:00","h":"Est","s":"25N-H58NV20A-80-A"},{"r":"140","t":"19:06:00","h":"Est","s":"25S-H58S000A-80-A"},{"r":"140","t":"19:15:00","h":"Est","s":"25N-H58N000S-80-S"},{"r":"140","t":"19:15:00","h":"Est","s":"25N-H58NV10S-80-S"},{"r":"140","t":"19:15:00","h":"Est","s":"25N-H58NV20S-80-S"},{"r":"140","t":"19:15:00","h":"Est","s":"25S-H58S000S-80-S"},{"r":"140","t":"19:23:00","h":"Est","s":"25N-H58N000I-80-I"},{"r":"140","t":"19:23:00","h":"Est","s":"25N-H58N100F-80-F1"},{"r":"140","t":"19:23:00","h":"Est","s":"25N-H58N200F-80-F2"},{"r":"140","t":"19:23:00","h":"Est","s":"25N-H58N300F-80-F3"},{"r":"140","t":"19:23:00","h":"Est","s":"25N-H58N400F-80-F4"},{"r":"140","t":"19:23:00","h":"Est","s":"25N-H58NV10I-80-I"},{"r":"140","t":"19:23:00","h":"Est","s":"25N-H58NV20I-80-I"},{"r":"140","t":"19:23:00","h":"Est","s":"25S-H58S000I-80-I"},{"r":"140","t":"19:23:00","h":"Est","s":"25S-H58S100F-80-F1"},{"r":"140","t":"19:23:00","h":"Est","s":"25S-H58S200F-80-F2"},{"r":"140","t":"19:33:00","h":"Est","s":"25N-H58N000A-80-A"},{"r":"140","t":"19:33:00","h":"Est","s":"25N-H58NV10A-80-A"},{"r":"140","t":"19:33:00","h":"Est","s":"25N-H58NV20A-80-A"},{"r":"140","t":"19:33:00","h":"Est","s":"25S-H58S000A-80-A"},{"r":"140","t":"19:37:00","h":"Est","s":"25N-H58N000S-80-S"},{"r":"140","t":"19:37:00","h":"Est","s":"25N-H58NV10S-80-S"},{"r":"140","t":"19:37:00","h":"Est","s":"25N-H58NV20S-80-S"},{"r":"140","t":"19:37:00","h":"Est","s":"25S-H58S000S-80-S"},{"r":"140","t":"19:54:00","h":"Est","s":"25N-H58N000I-80-I"},{"r":"140","t":"19:54:00","h":"Est","s":"25N-H58N100F-80-F1"},{"r":"140","t":"19:54:00","h":"Est","s":"25N-H58N200F-80-F2"},{"r":"140","t":"19:54:00","h":"Est","s":"25N-H58N300F-80-F3"},{"r":"140","t":"19:54:00","h":"Est","s":"25N-H58N400F-80-F4"},{"r":"140","t":"19:54:00","h":"Est","s":"25N-H58NV10I-80-I"},{"r":"140","t":"19:54:00","h":"Est","s":"25N-H58NV20I-80-I"},{"r":"140","t":"19:54:00","h":"Est","s":"25S-H58S000I-80-I"},{"r":"140","t":"19:54:00","h":"Est","s":"25S-H58S100F-80-F1"},{"r":"140","t":"19:54:00","h":"Est","s":"25S-H58S200F-80-F2"},{"r":"140","t":"20:03:00","h":"Est","s":"25N-H58N000A-80-A"},{"r":"140","t":"20:03:00","h":"Est","s":"25N-H58NV10A-80-A"},{"r":"140","t":"20:03:00","h":"Est","s":"25N-H58NV20A-80-A"},{"r":"140","t":"20:03:00","h":"Est","s":"25S-H58S000A-80-A"},{"r":"140","t":"20:07:00","h":"Est","s":"25N-H58N000S-80-S"},{"r":"140","t":"20:07:00","h":"Est","s":"25N-H58NV10S-80-S"},{"r":"140","t":"20:07:00","h":"Est","s":"25N-H58NV20S-80-S"},{"r":"140","t":"20:07:00","h":"Est","s":"25S-H58S000S-80-S"},{"r":"140","t":"20:23:00","h":"Est","s":"25N-H58N000I-80-I"},{"r":"140","t":"20:23:00","h":"Est","s":"25N-H58N100F-80-F1"},{"r":"140","t":"20:23:00","h":"Est","s":"25N-H58N200F-80-F2"},{"r":"140","t":"20:23:00","h":"Est","s":"25N-H58N300F-80-F3"},{"r":"140","t":"20:23:00","h":"Est","s":"25N-H58N400F-80-F4"},{"r":"140","t":"20:23:00","h":"Est","s":"25N-H58NV10I-80-I"},{"r":"140","t":"20:23:00","h":"Est","s":"25N-H58NV20I-80-I"},{"r":"140","t":"20:23:00","h":"Est","s":"25S-H58S000I-80-I"},{"r":"140","t":"20:23:00","h":"Est","s":"25S-H58S100F-80-F1"},{"r":"140","t":"20:23:00","h":"Est","s":"25S-H58S200F-80-F2"},{"r":"140","t":"20:33:00","h":"Est","s":"25N-H58N000A-80-A"},{"r":"140","t":"20:33:00","h":"Est","s":"25N-H58NV10A-80-A"},{"r":"140","t":"20:33:00","h":"Est","s":"25N-H58NV20A-80-A"},{"r":"140","t":"20:33:00","h":"Est","s":"25S-H58S000A-80-A"},{"r":"140","t":"20:36:00","h":"Est","s":"25N-H58N000S-80-S"},{"r":"140","t":"20:36:00","h":"Est","s":"25N-H58NV10S-80-S"},{"r":"140","t":"20:36:00","h":"Est","s":"25N-H58NV20S-80-S"},{"r":"140","t":"20:36:00","h":"Est","s":"25S-H58S000S-80-S"},{"r":"140","t":"20:50:00","h":"Est","s":"25N-H58N000I-80-I"},{"r":"140","t":"20:50:00","h":"Est","s":"25N-H58N100F-80-F1"},{"r":"140","t":"20:50:00","h":"Est","s":"25N-H58N200F-80-F2"},{"r":"140","t":"20:50:00","h":"Est","s":"25N-H58N300F-80-F3"},{"r":"140","t":"20:50:00","h":"Est","s":"25N-H58N400F-80-F4"},{"r":"140","t":"20:50:00","h":"Est","s":"25N-H58NV10I-80-I"},{"r":"140","t":"20:50:00","h":"Est","s":"25N-H58NV20I-80-I"},{"r":"140","t":"20:50:00","h":"Est","s":"25S-H58S000I-80-I"},{"r":"140","t":"20:50:00","h":"Est","s":"25S-H58S100F-80-F1"},{"r":"140","t":"20:50:00","h":"Est","s":"25S-H58S200F-80-F2"},{"r":"140","t":"21:05:00","h":"Est","s":"25N-H58N000S-80-S"},{"r":"140","t":"21:05:00","h":"Est","s":"25N-H58NV10S-80-S"},{"r":"140","t":"21:05:00","h":"Est","s":"25N-H58NV20S-80-S"},{"r":"140","t":"21:05:00","h":"Est","s":"25S-H58S000S-80-S"},{"r":"140","t":"21:08:00","h":"Est","s":"25N-H58N000A-80-A"},{"r":"140","t":"21:08:00","h":"Est","s":"25N-H58NV10A-80-A"},{"r":"140","t":"21:08:00","h":"Est","s":"25N-H58NV20A-80-A"},{"r":"140","t":"21:08:00","h":"Est","s":"25S-H58S000A-80-A"},{"r":"140","t":"21:19:00","h":"Est","s":"25N-H58N000I-80-I"},{"r":"140","t":"21:19:00","h":"Est","s":"25N-H58N100F-80-F1"},{"r":"140","t":"21:19:00","h":"Est","s":"25N-H58N200F-80-F2"},{"r":"140","t":"21:19:00","h":"Est","s":"25N-H58N300F-80-F3"},{"r":"140","t":"21:19:00","h":"Est","s":"25N-H58N400F-80-F4"},{"r":"140","t":"21:19:00","h":"Est","s":"25N-H58NV10I-80-I"},{"r":"140","t":"21:19:00","h":"Est","s":"25N-H58NV20I-80-I"},{"r":"140","t":"21:19:00","h":"Est","s":"25S-H58S000I-80-I"},{"r":"140","t":"21:19:00","h":"Est","s":"25S-H58S100F-80-F1"},{"r":"140","t":"21:19:00","h":"Est","s":"25S-H58S200F-80-F2"},{"r":"140","t":"21:35:00","h":"Est","s":"25N-H58N000S-80-S"},{"r":"140","t":"21:35:00","h":"Est","s":"25N-H58NV10S-80-S"},{"r":"140","t":"21:35:00","h":"Est","s":"25N-H58NV20S-80-S"},{"r":"140","t":"21:35:00","h":"Est","s":"25S-H58S000S-80-S"},{"r":"140","t":"21:44:00","h":"Est","s":"25N-H58N000A-80-A"},{"r":"140","t":"21:44:00","h":"Est","s":"25N-H58NV10A-80-A"},{"r":"140","t":"21:44:00","h":"Est","s":"25N-H58NV20A-80-A"},{"r":"140","t":"21:44:00","h":"Est","s":"25S-H58S000A-80-A"},{"r":"140","t":"21:50:00","h":"Est","s":"25N-H58N000I-80-I"},{"r":"140","t":"21:50:00","h":"Est","s":"25N-H58N100F-80-F1"},{"r":"140","t":"21:50:00","h":"Est","s":"25N-H58N200F-80-F2"},{"r":"140","t":"21:50:00","h":"Est","s":"25N-H58N300F-80-F3"},{"r":"140","t":"21:50:00","h":"Est","s":"25N-H58N400F-80-F4"},{"r":"140","t":"21:50:00","h":"Est","s":"25N-H58NV10I-80-I"},{"r":"140","t":"21:50:00","h":"Est","s":"25N-H58NV20I-80-I"},{"r":"140","t":"21:50:00","h":"Est","s":"25S-H58S000I-80-I"},{"r":"140","t":"21:50:00","h":"Est","s":"25S-H58S100F-80-F1"},{"r":"140","t":"21:50:00","h":"Est","s":"25S-H58S200F-80-F2"},{"r":"140","t":"22:05:00","h":"Est","s":"25N-H58N000S-80-S"},{"r":"140","t":"22:05:00","h":"Est","s":"25N-H58NV10S-80-S"},{"r":"140","t":"22:05:00","h":"Est","s":"25N-H58NV20S-80-S"},{"r":"140","t":"22:05:00","h":"Est","s":"25S-H58S000S-80-S"},{"r":"140","t":"22:19:00","h":"Est","s":"25N-H58N000A-80-A"},{"r":"140","t":"22:19:00","h":"Est","s":"25N-H58NV10A-80-A"},{"r":"140","t":"22:19:00","h":"Est","s":"25N-H58NV20A-80-A"},{"r":"140","t":"22:19:00","h":"Est","s":"25S-H58S000A-80-A"},{"r":"140","t":"22:23:00","h":"Est","s":"25N-H58N000I-80-I"},{"r":"140","t":"22:23:00","h":"Est","s":"25N-H58N100F-80-F1"},{"r":"140","t":"22:23:00","h":"Est","s":"25N-H58N200F-80-F2"},{"r":"140","t":"22:23:00","h":"Est","s":"25N-H58N300F-80-F3"},{"r":"140","t":"22:23:00","h":"Est","s":"25N-H58N400F-80-F4"},{"r":"140","t":"22:23:00","h":"Est","s":"25N-H58NV10I-80-I"},{"r":"140","t":"22:23:00","h":"Est","s":"25N-H58NV20I-80-I"},{"r":"140","t":"22:23:00","h":"Est","s":"25S-H58S000I-80-I"},{"r":"140","t":"22:23:00","h":"Est","s":"25S-H58S100F-80-F1"},{"r":"140","t":"22:23:00","h":"Est","s":"25S-H58S200F-80-F2"},{"r":"140","t":"22:36:00","h":"Est","s":"25N-H58N000S-80-S"},{"r":"140","t":"22:36:00","h":"Est","s":"25N-H58NV10S-80-S"},{"r":"140","t":"22:36:00","h":"Est","s":"25N-H58NV20S-80-S"},{"r":"140","t":"22:36:00","h":"Est","s":"25S-H58S000S-80-S"},{"r":"140","t":"22:52:00","h":"Est","s":"25N-H58N000A-80-A"},{"r":"140","t":"22:52:00","h":"Est","s":"25N-H58NV10A-80-A"},{"r":"140","t":"22:52:00","h":"Est","s":"25N-H58NV20A-80-A"},{"r":"140","t":"22:52:00","h":"Est","s":"25S-H58S000A-80-A"},{"r":"140","t":"22:56:00","h":"Est","s":"25N-H58N000I-80-I"},{"r":"140","t":"22:56:00","h":"Est","s":"25N-H58N100F-80-F1"},{"r":"140","t":"22:56:00","h":"Est","s":"25N-H58N200F-80-F2"},{"r":"140","t":"22:56:00","h":"Est","s":"25N-H58N300F-80-F3"},{"r":"140","t":"22:56:00","h":"Est","s":"25N-H58N400F-80-F4"},{"r":"140","t":"22:56:00","h":"Est","s":"25N-H58NV10I-80-I"},{"r":"140","t":"22:56:00","h":"Est","s":"25N-H58NV20I-80-I"},{"r":"140","t":"22:56:00","h":"Est","s":"25S-H58S000I-80-I"},{"r":"140","t":"22:56:00","h":"Est","s":"25S-H58S100F-80-F1"},{"r":"140","t":"22:56:00","h":"Est","s":"25S-H58S200F-80-F2"},{"r":"140","t":"23:07:00","h":"Est","s":"25N-H58N000S-80-S"},{"r":"140","t":"23:07:00","h":"Est","s":"25N-H58NV10S-80-S"},{"r":"140","t":"23:07:00","h":"Est","s":"25N-H58NV20S-80-S"},{"r":"140","t":"23:07:00","h":"Est","s":"25S-H58S000S-80-S"},{"r":"140","t":"23:25:00","h":"Est","s":"25N-H58N000A-80-A"},{"r":"140","t":"23:25:00","h":"Est","s":"25N-H58NV10A-80-A"},{"r":"140","t":"23:25:00","h":"Est","s":"25N-H58NV20A-80-A"},{"r":"140","t":"23:25:00","h":"Est","s":"25S-H58S000A-80-A"},{"r":"140","t":"23:28:00","h":"Est","s":"25N-H58N000I-80-I"},{"r":"140","t":"23:28:00","h":"Est","s":"25N-H58N100F-80-F1"},{"r":"140","t":"23:28:00","h":"Est","s":"25N-H58N200F-80-F2"},{"r":"140","t":"23:28:00","h":"Est","s":"25N-H58N300F-80-F3"},{"r":"140","t":"23:28:00","h":"Est","s":"25N-H58N400F-80-F4"},{"r":"140","t":"23:28:00","h":"Est","s":"25N-H58NV10I-80-I"},{"r":"140","t":"23:28:00","h":"Est","s":"25N-H58NV20I-80-I"},{"r":"140","t":"23:28:00","h":"Est","s":"25S-H58S000I-80-I"},{"r":"140","t":"23:28:00","h":"Est","s":"25S-H58S100F-80-F1"},{"r":"140","t":"23:28:00","h":"Est","s":"25S-H58S200F-80-F2"},{"r":"140","t":"23:41:00","h":"Est","s":"25N-H58N000S-80-S"},{"r":"140","t":"23:41:00","h":"Est","s":"25N-H58NV10S-80-S"},{"r":"140","t":"23:41:00","h":"Est","s":"25N-H58NV20S-80-S"},{"r":"140","t":"23:41:00","h":"Est","s":"25S-H58S000S-80-S"},{"r":"140","t":"23:57:00","h":"Est","s":"25N-H58N000I-80-I"},{"r":"140","t":"23:57:00","h":"Est","s":"25N-H58N100F-80-F1"},{"r":"140","t":"23:57:00","h":"Est","s":"25N-H58N200F-80-F2"},{"r":"140","t":"23:57:00","h":"Est","s":"25N-H58N300F-80-F3"},{"r":"140","t":"23:57:00","h":"Est","s":"25N-H58N400F-80-F4"},{"r":"140","t":"23:57:00","h":"Est","s":"25N-H58NV10I-80-I"},{"r":"140","t":"23:57:00","h":"Est","s":"25N-H58NV20I-80-I"},{"r":"140","t":"23:57:00","h":"Est","s":"25S-H58S000I-80-I"},{"r":"140","t":"23:57:00","h":"Est","s":"25S-H58S100F-80-F1"},{"r":"140","t":"23:57:00","h":"Est","s":"25S-H58S200F-80-F2"},{"r":"140","t":"23:58:00","h":"Est","s":"25N-H58N000A-80-A"},{"r":"140","t":"23:58:00","h":"Est","s":"25N-H58NV10A-80-A"},{"r":"140","t":"23:58:00","h":"Est","s":"25N-H58NV20A-80-A"},{"r":"140","t":"23:58:00","h":"Est","s":"25S-H58S000A-80-A"},{"r":"140","t":"24:17:00","h":"Est","s":"25N-H58N000S-80-S"},{"r":"140","t":"24:17:00","h":"Est","s":"25N-H58NV10S-80-S"},{"r":"140","t":"24:17:00","h":"Est","s":"25N-H58NV20S-80-S"},{"r":"140","t":"24:17:00","h":"Est","s":"25S-H58S000S-80-S"},{"r":"140","t":"24:28:00","h":"Est","s":"25N-H58N000I-80-I"},{"r":"140","t":"24:28:00","h":"Est","s":"25N-H58N100F-80-F1"},{"r":"140","t":"24:28:00","h":"Est","s":"25N-H58N200F-80-F2"},{"r":"140","t":"24:28:00","h":"Est","s":"25N-H58N300F-80-F3"},{"r":"140","t":"24:28:00","h":"Est","s":"25N-H58N400F-80-F4"},{"r":"140","t":"24:28:00","h":"Est","s":"25N-H58NV10I-80-I"},{"r":"140","t":"24:28:00","h":"Est","s":"25N-H58NV20I-80-I"},{"r":"140","t":"24:28:00","h":"Est","s":"25S-H58S000I-80-I"},{"r":"140","t":"24:28:00","h":"Est","s":"25S-H58S100F-80-F1"},{"r":"140","t":"24:28:00","h":"Est","s":"25S-H58S200F-80-F2"},{"r":"140","t":"24:32:00","h":"Est","s":"25N-H58N000A-80-A"},{"r":"140","t":"24:32:00","h":"Est","s":"25N-H58NV10A-80-A"},{"r":"140","t":"24:32:00","h":"Est","s":"25N-H58NV20A-80-A"},{"r":"140","t":"24:32:00","h":"Est","s":"25S-H58S000A-80-A"},{"r":"140","t":"24:53:00","h":"Est","s":"25N-H58N000S-80-S"},{"r":"140","t":"24:53:00","h":"Est","s":"25N-H58NV10S-80-S"},{"r":"140","t":"24:53:00","h":"Est","s":"25N-H58NV20S-80-S"},{"r":"140","t":"24:53:00","h":"Est","s":"25S-H58S000S-80-S"},{"r":"140","t":"24:56:00","h":"Est","s":"25N-H58N000I-80-I"},{"r":"140","t":"24:56:00","h":"Est","s":"25N-H58N100F-80-F1"},{"r":"140","t":"24:56:00","h":"Est","s":"25N-H58N200F-80-F2"},{"r":"140","t":"24:56:00","h":"Est","s":"25N-H58N300F-80-F3"},{"r":"140","t":"24:56:00","h":"Est","s":"25N-H58N400F-80-F4"},{"r":"140","t":"24:56:00","h":"Est","s":"25N-H58NV10I-80-I"},{"r":"140","t":"24:56:00","h":"Est","s":"25N-H58NV20I-80-I"},{"r":"140","t":"24:56:00","h":"Est","s":"25S-H58S000I-80-I"},{"r":"140","t":"24:56:00","h":"Est","s":"25S-H58S100F-80-F1"},{"r":"140","t":"24:56:00","h":"Est","s":"25S-H58S200F-80-F2"},{"r":"140","t":"25:05:00","h":"Est","s":"25N-H58N000A-80-A"},{"r":"140","t":"25:05:00","h":"Est","s":"25N-H58NV10A-80-A"},{"r":"140","t":"25:05:00","h":"Est","s":"25N-H58NV20A-80-A"},{"r":"140","t":"25:05:00","h":"Est","s":"25S-H58S000A-80-A"},{"r":"140","t":"25:28:00","h":"Est","s":"25N-H58N000I-80-I"},{"r":"140","t":"25:28:00","h":"Est","s":"25N-H58N100F-80-F1"},{"r":"140","t":"25:28:00","h":"Est","s":"25N-H58N200F-80-F2"},{"r":"140","t":"25:28:00","h":"Est","s":"25N-H58N300F-80-F3"},{"r":"140","t":"25:28:00","h":"Est","s":"25N-H58N400F-80-F4"},{"r":"140","t":"25:28:00","h":"Est","s":"25N-H58NV10I-80-I"},{"r":"140","t":"25:28:00","h":"Est","s":"25N-H58NV20I-80-I"},{"r":"140","t":"25:28:00","h":"Est","s":"25S-H58S000I-80-I"},{"r":"140","t":"25:28:00","h":"Est","s":"25S-H58S100F-80-F1"},{"r":"140","t":"25:28:00","h":"Est","s":"25S-H58S200F-80-F2"},{"r":"140","t":"25:30:00","h":"Est","s":"25N-H58N000S-80-S"},{"r":"140","t":"25:30:00","h":"Est","s":"25N-H58NV10S-80-S"},{"r":"140","t":"25:30:00","h":"Est","s":"25N-H58NV20S-80-S"},{"r":"140","t":"25:30:00","h":"Est","s":"25S-H58S000S-80-S"},{"r":"140","t":"25:33:00","h":"Est","s":"25N-H58N000A-80-A"},{"r":"140","t":"25:33:00","h":"Est","s":"25N-H58NV10A-80-A"},{"r":"140","t":"25:33:00","h":"Est","s":"25N-H58NV20A-80-A"},{"r":"140","t":"25:33:00","h":"Est","s":"25S-H58S000A-80-A"},{"r":"140","t":"25:58:00","h":"Est","s":"25N-H58N000I-80-I"},{"r":"140","t":"25:58:00","h":"Est","s":"25N-H58N100F-80-F1"},{"r":"140","t":"25:58:00","h":"Est","s":"25N-H58N200F-80-F2"},{"r":"140","t":"25:58:00","h":"Est","s":"25N-H58N300F-80-F3"},{"r":"140","t":"25:58:00","h":"Est","s":"25N-H58N400F-80-F4"},{"r":"140","t":"25:58:00","h":"Est","s":"25N-H58NV10I-80-I"},{"r":"140","t":"25:58:00","h":"Est","s":"25N-H58NV20I-80-I"},{"r":"140","t":"25:58:00","h":"Est","s":"25S-H58S000I-80-I"},{"r":"140","t":"25:58:00","h":"Est","s":"25S-H58S100F-80-F1"},{"r":"140","t":"25:58:00","h":"Est","s":"25S-H58S200F-80-F2"},{"r":"140","t":"26:00:00","h":"Est","s":"25N-H58N000A-80-A"},{"r":"140","t":"26:00:00","h":"Est","s":"25N-H58N000S-80-S"},{"r":"140","t":"26:00:00","h":"Est","s":"25N-H58NV10A-80-A"},{"r":"140","t":"26:00:00","h":"Est","s":"25N-H58NV10S-80-S"},{"r":"140","t":"26:00:00","h":"Est","s":"25N-H58NV20A-80-A"},{"r":"140","t":"26:00:00","h":"Est","s":"25N-H58NV20S-80-S"},{"r":"140","t":"26:00:00","h":"Est","s":"25S-H58S000A-80-A"},{"r":"140","t":"26:00:00","h":"Est","s":"25S-H58S000S-80-S"},{"r":"140","t":"26:29:00","h":"Est","s":"25N-H58N000A-80-A"},{"r":"140","t":"26:29:00","h":"Est","s":"25N-H58NV10A-80-A"},{"r":"140","t":"26:29:00","h":"Est","s":"25N-H58NV20A-80-A"},{"r":"140","t":"26:29:00","h":"Est","s":"25S-H58S000A-80-A"}]