[{"r":"460","t":"05:42:23","h":"Est via Jarry","s":"25N-H58N000S-80-S"},{"r":"460","t":"05:42:23","h":"Est via Jarry","s":"25N-H58N200F-80-F2"},{"r":"460","t":"05:42:23","h":"Est via Jarry","s":"25N-H58N400F-80-F4"},{"r":"460","t":"05:42:23","h":"Est via Jarry","s":"25N-H58NV10S-80-S"},{"r":"460","t":"05:42:23","h":"Est via Jarry","s":"25N-H58NV20S-80-S"},{"r":"460","t":"05:42:23","h":"Est via Jarry","s":"25S-H58S000S-80-S"},{"r":"460","t":"05:42:23","h":"Est via Jarry","s":"25S-H58S100F-80-F1"},{"r":"460","t":"05:42:23","h":"Est via Jarry","s":"25S-H58S200F-80-F2"},{"r":"460","t":"06:12:23","h":"Est via Jarry","s":"25N-H58N000S-80-S"},{"r":"460","t":"06:12:23","h":"Est via Jarry","s":"25N-H58NV10S-80-S"},{"r":"460","t":"06:12:23","h":"Est via Jarry","s":"25N-H58NV20S-80-S"},{"r":"460","t":"06:12:23","h":"Est via Jarry","s":"25S-H58S000S-80-S"},{"r":"460","t":"06:15:23","h":"Est via Jarry","s":"25N-H58N200F-80-F2"},{"r":"460","t":"06:15:23","h":"Est via Jarry","s":"25N-H58N400F-80-F4"},{"r":"460","t":"06:15:23","h":"Est via Jarry","s":"25S-H58S100F-80-F1"},{"r":"460","t":"06:15:23","h":"Est via Jarry","s":"25S-H58S200F-80-F2"},{"r":"202","t":"06:24:17","h":"Est","s":"25N-H60N000S-80-S"},{"r":"202","t":"06:24:17","h":"Est","s":"25N-H60N000S-98-S"},{"r":"202","t":"06:24:17","h":"Est","s":"25N-H60NV10S-98-S"},{"r":"202","t":"06:24:17","h":"Est","s":"25N-H60NV20S-98-S"},{"r":"202","t":"06:24:17","h":"Est","s":"25S-H60S000S-80-S"},{"r":"202","t":"06:38:24","h":"Est","s":"25N-H60N000A-80-A"},{"r":"202","t":"06:38:24","h":"Est","s":"25N-H60NV10A-80-A"},{"r":"202","t":"06:38:24","h":"Est","s":"25N-H60NV20A-80-A"},{"r":"202","t":"06:38:24","h":"Est","s":"25S-H60S000A-80-A"},{"r":"460","t":"06:43:17","h":"Est via Jarry","s":"25N-H55N000S-80-S"},{"r":"460","t":"06:43:17","h":"Est via Jarry","s":"25N-H55N000S-82-S"},{"r":"460","t":"06:43:17","h":"Est via Jarry","s":"25N-H55NV10S-85-S"},{"r":"460","t":"06:43:17","h":"Est via Jarry","s":"25N-H55NV20S-81-S"},{"r":"460","t":"06:43:17","h":"Est via Jarry","s":"25S-H55S000S-82-S"},{"r":"460","t":"06:48:17","h":"Est via Jarry","s":"25N-H58N200F-80-F2"},{"r":"460","t":"06:48:17","h":"Est via Jarry","s":"25N-H58N400F-80-F4"},{"r":"460","t":"06:48:17","h":"Est via Jarry","s":"25S-H58S100F-80-F1"},{"r":"460","t":"06:48:17","h":"Est via Jarry","s":"25S-H58S200F-80-F2"},{"r":"202","t":"06:51:17","h":"Est","s":"25N-H60N000S-80-S"},{"r":"202","t":"06:51:17","h":"Est","s":"25N-H60N000S-98-S"},{"r":"202","t":"06:51:17","h":"Est","s":"25N-H60NV10S-98-S"},{"r":"202","t":"06:51:17","h":"Est","s":"25N-H60NV20S-98-S"},{"r":"202","t":"06:51:17","h":"Est","s":"25S-H60S000S-80-S"},{"r":"202","t":"07:09:24","h":"Est","s":"25N-H60N000A-80-A"},{"r":"202","t":"07:09:24","h":"Est","s":"25N-H60NV10A-80-A"},{"r":"202","t":"07:09:24","h":"Est","s":"25N-H60NV20A-80-A"},{"r":"202","t":"07:09:24","h":"Est","s":"25S-H60S000A-80-A"},{"r":"460","t":"07:11:17","h":"Est via Jarry","s":"25N-H58N000S-80-S"},{"r":"460","t":"07:11:17","h":"Est via Jarry","s":"25N-H58NV10S-80-S"},{"r":"460","t":"07:11:17","h":"Est via Jarry","s":"25N-H58NV20S-80-S"},{"r":"460","t":"07:11:17","h":"Est via Jarry","s":"25S-H58S000S-80-S"},{"r":"202","t":"07:19:17","h":"Est","s":"25N-H60N000S-80-S"},{"r":"202","t":"07:19:17","h":"Est","s":"25N-H60N000S-98-S"},{"r":"202","t":"07:19:17","h":"Est","s":"25N-H60NV10S-98-S"},{"r":"202","t":"07:19:17","h":"Est","s":"25N-H60NV20S-98-S"},{"r":"202","t":"07:19:17","h":"Est","s":"25S-H60S000S-80-S"},{"r":"460","t":"07:21:17","h":"Est via Jarry","s":"25N-H58N200F-80-F2"},{"r":"460","t":"07:21:17","h":"Est via Jarry","s":"25N-H58N400F-80-F4"},{"r":"460","t":"07:21:17","h":"Est via Jarry","s":"25S-H58S100F-80-F1"},{"r":"460","t":"07:21:17","h":"Est via Jarry","s":"25S-H58S200F-80-F2"},{"r":"460","t":"07:25:17","h":"Est via Jarry","s":"25N-H58N000S-80-S"},{"r":"460","t":"07:25:17","h":"Est via Jarry","s":"25N-H58NV10S-80-S"},{"r":"460","t":"07:25:17","h":"Est via Jarry","s":"25N-H58NV20S-80-S"},{"r":"460","t":"07:25:17","h":"Est via Jarry","s":"25S-H58S000S-80-S"},{"r":"202","t":"07:39:31","h":"Est","s":"25N-H60N000I-80-I"},{"r":"202","t":"07:39:31","h":"Est","s":"25N-H60N100F-81-F1"},{"r":"202","t":"07:39:31","h":"Est","s":"25N-H60N200F-81-F2"},{"r":"202","t":"07:39:31","h":"Est","s":"25N-H60N300F-82-F3"},{"r":"202","t":"07:39:31","h":"Est","s":"25N-H60N400F-81-F4"},{"r":"202","t":"07:39:31","h":"Est","s":"25N-H60NV10I-80-I"},{"r":"202","t":"07:39:31","h":"Est","s":"25N-H60NV20I-80-I"},{"r":"202","t":"07:39:31","h":"Est","s":"25S-H60S000I-80-I"},{"r":"202","t":"07:39:31","h":"Est","s":"25S-H60S100F-82-F1"},{"r":"202","t":"07:39:31","h":"Est","s":"25S-H60S200F-81-F2"},{"r":"202","t":"07:40:24","h":"Est","s":"25N-H60N000A-80-A"},{"r":"202","t":"07:40:24","h":"Est","s":"25N-H60NV10A-80-A"},{"r":"202","t":"07:40:24","h":"Est","s":"25N-H60NV20A-80-A"},{"r":"202","t":"07:40:24","h":"Est","s":"25S-H60S000A-80-A"},{"r":"202","t":"07:42:17","h":"Est","s":"25N-H60N000S-80-S"},{"r":"202","t":"07:42:17","h":"Est","s":"25N-H60N000S-98-S"},{"r":"202","t":"07:42:17","h":"Est","s":"25N-H60NV10S-98-S"},{"r":"202","t":"07:42:17","h":"Est","s":"25N-H60NV20S-98-S"},{"r":"202","t":"07:42:17","h":"Est","s":"25S-H60S000S-80-S"},{"r":"202","t":"07:44:17","h":"Est","s":"25N-H60N000S-80-S"},{"r":"202","t":"07:44:17","h":"Est","s":"25N-H60N000S-98-S"},{"r":"202","t":"07:44:17","h":"Est","s":"25N-H60NV10S-98-S"},{"r":"202","t":"07:44:17","h":"Est","s":"25N-H60NV20S-98-S"},{"r":"202","t":"07:44:17","h":"Est","s":"25S-H60S000S-80-S"},{"r":"460","t":"07:54:17","h":"Est via Jarry","s":"25N-H58N200F-80-F2"},{"r":"460","t":"07:54:17","h":"Est via Jarry","s":"25N-H58N400F-80-F4"},{"r":"460","t":"07:54:17","h":"Est via Jarry","s":"25S-H58S100F-80-F1"},{"r":"460","t":"07:54:17","h":"Est via Jarry","s":"25S-H58S200F-80-F2"},{"r":"460","t":"07:56:17","h":"Est via Jarry","s":"25N-H57N000S-80-S"},{"r":"460","t":"07:56:17","h":"Est via Jarry","s":"25N-H57NV10S-84-S"},{"r":"460","t":"07:56:17","h":"Est via Jarry","s":"25N-H57NV20S-80-S"},{"r":"460","t":"07:56:17","h":"Est via Jarry","s":"25S-H57S000S-82-S"},{"r":"202","t":"08:06:17","h":"Est","s":"25N-H60N000S-80-S"},{"r":"202","t":"08:06:17","h":"Est","s":"25N-H60N000S-98-S"},{"r":"202","t":"08:06:17","h":"Est","s":"25N-H60NV10S-98-S"},{"r":"202","t":"08:06:17","h":"Est","s":"25N-H60NV20S-98-S"},{"r":"202","t":"08:06:17","h":"Est","s":"25S-H60S000S-80-S"},{"r":"202","t":"08:09:31","h":"Est","s":"25N-H60N000I-80-I"},{"r":"202","t":"08:09:31","h":"Est","s":"25N-H60N100F-81-F1"},{"r":"202","t":"08:09:31","h":"Est","s":"25N-H60N200F-81-F2"},{"r":"202","t":"08:09:31","h":"Est","s":"25N-H60N300F-82-F3"},{"r":"202","t":"08:09:31","h":"Est","s":"25N-H60N400F-81-F4"},{"r":"202","t":"08:09:31","h":"Est","s":"25N-H60NV10I-80-I"},{"r":"202","t":"08:09:31","h":"Est","s":"25N-H60NV20I-80-I"},{"r":"202","t":"08:09:31","h":"Est","s":"25S-H60S000I-80-I"},{"r":"202","t":"08:09:31","h":"Est","s":"25S-H60S100F-82-F1"},{"r":"202","t":"08:09:31","h":"Est","s":"25S-H60S200F-81-F2"},{"r":"202","t":"08:10:24","h":"Est","s":"25N-H60N000A-80-A"},{"r":"202","t":"08:10:24","h":"Est","s":"25N-H60NV10A-80-A"},{"r":"202","t":"08:10:24","h":"Est","s":"25N-H60NV20A-80-A"},{"r":"202","t":"08:10:24","h":"Est","s":"25S-H60S000A-80-A"},{"r":"460","t":"08:26:23","h":"Est via Jarry","s":"25N-H58N200F-80-F2"},{"r":"460","t":"08:26:23","h":"Est via Jarry","s":"25N-H58N400F-80-F4"},{"r":"460","t":"08:26:23","h":"Est via Jarry","s":"25S-H58S100F-80-F1"},{"r":"460","t":"08:26:23","h":"Est via Jarry","s":"25S-H58S200F-80-F2"},{"r":"460","t":"08:27:23","h":"Est via Jarry","s":"25N-H58N000S-80-S"},{"r":"460","t":"08:27:23","h":"Est via Jarry","s":"25N-H58NV10S-80-S"},{"r":"460","t":"08:27:23","h":"Est via Jarry","s":"25N-H58NV20S-80-S"},{"r":"460","t":"08:27:23","h":"Est via Jarry","s":"25S-H58S000S-80-S"},{"r":"202","t":"08:33:17","h":"Est","s":"25N-H60N000S-80-S"},{"r":"202","t":"08:33:17","h":"Est","s":"25N-H60N000S-98-S"},{"r":"202","t":"08:33:17","h":"Est","s":"25N-H60NV10S-98-S"},{"r":"202","t":"08:33:17","h":"Est","s":"25N-H60NV20S-98-S"},{"r":"202","t":"08:33:17","h":"Est","s":"25S-H60S000S-80-S"},{"r":"202","t":"08:39:31","h":"Est","s":"25N-H60N000I-80-I"},{"r":"202","t":"08:39:31","h":"Est","s":"25N-H60N100F-81-F1"},{"r":"202","t":"08:39:31","h":"Est","s":"25N-H60N200F-81-F2"},{"r":"202","t":"08:39:31","h":"Est","s":"25N-H60N300F-82-F3"},{"r":"202","t":"08:39:31","h":"Est","s":"25N-H60N400F-81-F4"},{"r":"202","t":"08:39:31","h":"Est","s":"25N-H60NV10I-80-I"},{"r":"202","t":"08:39:31","h":"Est","s":"25N-H60NV20I-80-I"},{"r":"202","t":"08:39:31","h":"Est","s":"25S-H60S000I-80-I"},{"r":"202","t":"08:39:31","h":"Est","s":"25S-H60S100F-82-F1"},{"r":"202","t":"08:39:31","h":"Est","s":"25S-H60S200F-81-F2"},{"r":"202","t":"08:40:24","h":"Est","s":"25N-H60N000A-80-A"},{"r":"202","t":"08:40:24","h":"Est","s":"25N-H60NV10A-80-A"},{"r":"202","t":"08:40:24","h":"Est","s":"25N-H60NV20A-80-A"},{"r":"202","t":"08:40:24","h":"Est","s":"25S-H60S000A-80-A"},{"r":"460","t":"08:53:23","h":"Est via Jarry","s":"25N-H58N200F-80-F2"},{"r":"460","t":"08:53:23","h":"Est via Jarry","s":"25N-H58N400F-80-F4"},{"r":"460","t":"08:53:23","h":"Est via Jarry","s":"25S-H58S100F-80-F1"},{"r":"460","t":"08:53:23","h":"Est via Jarry","s":"25S-H58S200F-80-F2"},{"r":"460","t":"08:55:23","h":"Est via Jarry","s":"25N-H58N000S-80-S"},{"r":"460","t":"08:55:23","h":"Est via Jarry","s":"25N-H58NV10S-80-S"},{"r":"460","t":"08:55:23","h":"Est via Jarry","s":"25N-H58NV20S-80-S"},{"r":"460","t":"08:55:23","h":"Est via Jarry","s":"25S-H58S000S-80-S"},{"r":"202","t":"09:00:17","h":"Est","s":"25N-H60N000S-80-S"},{"r":"202","t":"09:00:17","h":"Est","s":"25N-H60N000S-98-S"},{"r":"202","t":"09:00:17","h":"Est","s":"25N-H60NV10S-98-S"},{"r":"202","t":"09:00:17","h":"Est","s":"25N-H60NV20S-98-S"},{"r":"202","t":"09:00:17","h":"Est","s":"25S-H60S000S-80-S"},{"r":"202","t":"09:10:24","h":"Est","s":"25N-H60N000A-80-A"},{"r":"202","t":"09:10:24","h":"Est","s":"25N-H60NV10A-80-A"},{"r":"202","t":"09:10:24","h":"Est","s":"25N-H60NV20A-80-A"},{"r":"202","t":"09:10:24","h":"Est","s":"25S-H60S000A-80-A"},{"r":"202","t":"09:10:31","h":"Est","s":"25N-H60N000I-80-I"},{"r":"202","t":"09:10:31","h":"Est","s":"25N-H60N100F-81-F1"},{"r":"202","t":"09:10:31","h":"Est","s":"25N-H60N200F-81-F2"},{"r":"202","t":"09:10:31","h":"Est","s":"25N-H60N300F-82-F3"},{"r":"202","t":"09:10:31","h":"Est","s":"25N-H60N400F-81-F4"},{"r":"202","t":"09:10:31","h":"Est","s":"25N-H60NV10I-80-I"},{"r":"202","t":"09:10:31","h":"Est","s":"25N-H60NV20I-80-I"},{"r":"202","t":"09:10:31","h":"Est","s":"25S-H60S000I-80-I"},{"r":"202","t":"09:10:31","h":"Est","s":"25S-H60S100F-82-F1"},{"r":"202","t":"09:10:31","h":"Est","s":"25S-H60S200F-81-F2"},{"r":"460","t":"09:17:23","h":"Est via Jarry","s":"25N-H58N000S-80-S"},{"r":"460","t":"09:17:23","h":"Est via Jarry","s":"25N-H58N200F-80-F2"},{"r":"460","t":"09:17:23","h":"Est via Jarry","s":"25N-H58N400F-80-F4"},{"r":"460","t":"09:17:23","h":"Est via Jarry","s":"25N-H58NV10S-80-S"},{"r":"460","t":"09:17:23","h":"Est via Jarry","s":"25N-H58NV20S-80-S"},{"r":"460","t":"09:17:23","h":"Est via Jarry","s":"25S-H58S000S-80-S"},{"r":"460","t":"09:17:23","h":"Est via Jarry","s":"25S-H58S100F-80-F1"},{"r":"460","t":"09:17:23","h":"Est via Jarry","s":"25S-H58S200F-80-F2"},{"r":"202","t":"09:28:17","h":"Est","s":"25N-H60N000S-80-S"},{"r":"202","t":"09:28:17","h":"Est","s":"25N-H60N000S-98-S"},{"r":"202","t":"09:28:17","h":"Est","s":"25N-H60NV10S-98-S"},{"r":"202","t":"09:28:17","h":"Est","s":"25N-H60NV20S-98-S"},{"r":"202","t":"09:28:17","h":"Est","s":"25S-H60S000S-80-S"},{"r":"202","t":"09:40:24","h":"Est","s":"25N-H60N000A-80-A"},{"r":"202","t":"09:40:24","h":"Est","s":"25N-H60NV10A-80-A"},{"r":"202","t":"09:40:24","h":"Est","s":"25N-H60NV20A-80-A"},{"r":"202","t":"09:40:24","h":"Est","s":"25S-H60S000A-80-A"},{"r":"202","t":"09:42:31","h":"Est","s":"25N-H60N000I-80-I"},{"r":"202","t":"09:42:31","h":"Est","s":"25N-H60N100F-81-F1"},{"r":"202","t":"09:42:31","h":"Est","s":"25N-H60N200F-81-F2"},{"r":"202","t":"09:42:31","h":"Est","s":"25N-H60N300F-82-F3"},{"r":"202","t":"09:42:31","h":"Est","s":"25N-H60N400F-81-F4"},{"r":"202","t":"09:42:31","h":"Est","s":"25N-H60NV10I-80-I"},{"r":"202","t":"09:42:31","h":"Est","s":"25N-H60NV20I-80-I"},{"r":"202","t":"09:42:31","h":"Est","s":"25S-H60S000I-80-I"},{"r":"202","t":"09:42:31","h":"Est","s":"25S-H60S100F-82-F1"},{"r":"202","t":"09:42:31","h":"Est","s":"25S-H60S200F-81-F2"},{"r":"460","t":"09:47:23","h":"Est via Jarry","s":"25N-H58N000S-80-S"},{"r":"460","t":"09:47:23","h":"Est via Jarry","s":"25N-H58NV10S-80-S"},{"r":"460","t":"09:47:23","h":"Est via Jarry","s":"25N-H58NV20S-80-S"},{"r":"460","t":"09:47:23","h":"Est via Jarry","s":"25S-H58S000S-80-S"},{"r":"202","t":"09:54:24","h":"Est","s":"25N-H60N000S-80-S"},{"r":"202","t":"09:54:24","h":"Est","s":"25N-H60N000S-98-S"},{"r":"202","t":"09:54:24","h":"Est","s":"25N-H60NV10S-98-S"},{"r":"202","t":"09:54:24","h":"Est","s":"25N-H60NV20S-98-S"},{"r":"202","t":"09:54:24","h":"Est","s":"25S-H60S000S-80-S"},{"r":"202","t":"10:11:24","h":"Est","s":"25N-H60N000A-80-A"},{"r":"202","t":"10:11:24","h":"Est","s":"25N-H60NV10A-80-A"},{"r":"202","t":"10:11:24","h":"Est","s":"25N-H60NV20A-80-A"},{"r":"202","t":"10:11:24","h":"Est","s":"25S-H60S000A-80-A"},{"r":"202","t":"10:12:31","h":"Est","s":"25N-H60N000I-80-I"},{"r":"202","t":"10:12:31","h":"Est","s":"25N-H60N100F-81-F1"},{"r":"202","t":"10:12:31","h":"Est","s":"25N-H60N200F-81-F2"},{"r":"202","t":"10:12:31","h":"Est","s":"25N-H60N300F-82-F3"},{"r":"202","t":"10:12:31","h":"Est","s":"25N-H60N400F-81-F4"},{"r":"202","t":"10:12:31","h":"Est","s":"25N-H60NV10I-80-I"},{"r":"202","t":"10:12:31","h":"Est","s":"25N-H60NV20I-80-I"},{"r":"202","t":"10:12:31","h":"Est","s":"25S-H60S000I-80-I"},{"r":"202","t":"10:12:31","h":"Est","s":"25S-H60S100F-82-F1"},{"r":"202","t":"10:12:31","h":"Est","s":"25S-H60S200F-81-F2"},{"r":"202","t":"10:17:24","h":"Est","s":"25N-H60N000S-80-S"},{"r":"202","t":"10:17:24","h":"Est","s":"25N-H60N000S-98-S"},{"r":"202","t":"10:17:24","h":"Est","s":"25N-H60NV10S-98-S"},{"r":"202","t":"10:17:24","h":"Est","s":"25N-H60NV20S-98-S"},{"r":"202","t":"10:17:24","h":"Est","s":"25S-H60S000S-80-S"},{"r":"202","t":"10:40:24","h":"Est","s":"25N-H60N000S-80-S"},{"r":"202","t":"10:40:24","h":"Est","s":"25N-H60N000S-98-S"},{"r":"202","t":"10:40:24","h":"Est","s":"25N-H60NV10S-98-S"},{"r":"202","t":"10:40:24","h":"Est","s":"25N-H60NV20S-98-S"},{"r":"202","t":"10:40:24","h":"Est","s":"25S-H60S000S-80-S"},{"r":"202","t":"10:42:24","h":"Est","s":"25N-H60N000A-80-A"},{"r":"202","t":"10:42:24","h":"Est","s":"25N-H60NV10A-80-A"},{"r":"202","t":"10:42:24","h":"Est","s":"25N-H60NV20A-80-A"},{"r":"202","t":"10:42:24","h":"Est","s":"25S-H60S000A-80-A"},{"r":"202","t":"10:43:31","h":"Est","s":"25N-H60N000I-80-I"},{"r":"202","t":"10:43:31","h":"Est","s":"25N-H60N100F-81-F1"},{"r":"202","t":"10:43:31","h":"Est","s":"25N-H60N200F-81-F2"},{"r":"202","t":"10:43:31","h":"Est","s":"25N-H60N300F-82-F3"},{"r":"202","t":"10:43:31","h":"Est","s":"25N-H60N400F-81-F4"},{"r":"202","t":"10:43:31","h":"Est","s":"25N-H60NV10I-80-I"},{"r":"202","t":"10:43:31","h":"Est","s":"25N-H60NV20I-80-I"},{"r":"202","t":"10:43:31","h":"Est","s":"25S-H60S000I-80-I"},{"r":"202","t":"10:43:31","h":"Est","s":"25S-H60S100F-82-F1"},{"r":"202","t":"10:43:31","h":"Est","s":"25S-H60S200F-81-F2"},{"r":"202","t":"11:04:24","h":"Est","s":"25N-H60N000S-80-S"},{"r":"202","t":"11:04:24","h":"Est","s":"25N-H60N000S-98-S"},{"r":"202","t":"11:04:24","h":"Est","s":"25N-H60NV10S-98-S"},{"r":"202","t":"11:04:24","h":"Est","s":"25N-H60NV20S-98-S"},{"r":"202","t":"11:04:24","h":"Est","s":"25S-H60S000S-80-S"},{"r":"202","t":"11:14:24","h":"Est","s":"25N-H60N000A-80-A"},{"r":"202","t":"11:14:24","h":"Est","s":"25N-H60NV10A-80-A"},{"r":"202","t":"11:14:24","h":"Est","s":"25N-H60NV20A-80-A"},{"r":"202","t":"11:14:24","h":"Est","s":"25S-H60S000A-80-A"},{"r":"202","t":"11:14:31","h":"Est","s":"25N-H60N000I-80-I"},{"r":"202","t":"11:14:31","h":"Est","s":"25N-H60N100F-81-F1"},{"r":"202","t":"11:14:31","h":"Est","s":"25N-H60N200F-81-F2"},{"r":"202","t":"11:14:31","h":"Est","s":"25N-H60N300F-82-F3"},{"r":"202","t":"11:14:31","h":"Est","s":"25N-H60N400F-81-F4"},{"r":"202","t":"11:14:31","h":"Est","s":"25N-H60NV10I-80-I"},{"r":"202","t":"11:14:31","h":"Est","s":"25N-H60NV20I-80-I"},{"r":"202","t":"11:14:31","h":"Est","s":"25S-H60S000I-80-I"},{"r":"202","t":"11:14:31","h":"Est","s":"25S-H60S100F-82-F1"},{"r":"202","t":"11:14:31","h":"Est","s":"25S-H60S200F-81-F2"},{"r":"202","t":"11:29:24","h":"Est","s":"25N-H60N000S-80-S"},{"r":"202","t":"11:29:24","h":"Est","s":"25N-H60N000S-98-S"},{"r":"202","t":"11:29:24","h":"Est","s":"25N-H60NV10S-98-S"},{"r":"202","t":"11:29:24","h":"Est","s":"25N-H60NV20S-98-S"},{"r":"202","t":"11:29:24","h":"Est","s":"25S-H60S000S-80-S"},{"r":"202","t":"11:44:31","h":"Est","s":"25N-H60N000I-80-I"},{"r":"202","t":"11:44:31","h":"Est","s":"25N-H60N100F-81-F1"},{"r":"202","t":"11:44:31","h":"Est","s":"25N-H60N200F-81-F2"},{"r":"202","t":"11:44:31","h":"Est","s":"25N-H60N300F-82-F3"},{"r":"202","t":"11:44:31","h":"Est","s":"25N-H60N400F-81-F4"},{"r":"202","t":"11:44:31","h":"Est","s":"25N-H60NV10I-80-I"},{"r":"202","t":"11:44:31","h":"Est","s":"25N-H60NV20I-80-I"},{"r":"202","t":"11:44:31","h":"Est","s":"25S-H60S000I-80-I"},{"r":"202","t":"11:44:31","h":"Est","s":"25S-H60S100F-82-F1"},{"r":"202","t":"11:44:31","h":"Est","s":"25S-H60S200F-81-F2"},{"r":"202","t":"11:45:24","h":"Est","s":"25N-H60N000A-80-A"},{"r":"202","t":"11:45:24","h":"Est","s":"25N-H60NV10A-80-A"},{"r":"202","t":"11:45:24","h":"Est","s":"25N-H60NV20A-80-A"},{"r":"202","t":"11:45:24","h":"Est","s":"25S-H60S000A-80-A"},{"r":"202","t":"11:54:24","h":"Est","s":"25N-H60N000S-80-S"},{"r":"202","t":"11:54:24","h":"Est","s":"25N-H60N000S-98-S"},{"r":"202","t":"11:54:24","h":"Est","s":"25N-H60NV10S-98-S"},{"r":"202","t":"11:54:24","h":"Est","s":"25N-H60NV20S-98-S"},{"r":"202","t":"11:54:24","h":"Est","s":"25S-H60S000S-80-S"},{"r":"202","t":"12:13:31","h":"Est","s":"25N-H60N000I-80-I"},{"r":"202","t":"12:13:31","h":"Est","s":"25N-H60N100F-81-F1"},{"r":"202","t":"12:13:31","h":"Est","s":"25N-H60N200F-81-F2"},{"r":"202","t":"12:13:31","h":"Est","s":"25N-H60N300F-82-F3"},{"r":"202","t":"12:13:31","h":"Est","s":"25N-H60N400F-81-F4"},{"r":"202","t":"12:13:31","h":"Est","s":"25N-H60NV10I-80-I"},{"r":"202","t":"12:13:31","h":"Est","s":"25N-H60NV20I-80-I"},{"r":"202","t":"12:13:31","h":"Est","s":"25S-H60S000I-80-I"},{"r":"202","t":"12:13:31","h":"Est","s":"25S-H60S100F-82-F1"},{"r":"202","t":"12:13:31","h":"Est","s":"25S-H60S200F-81-F2"},{"r":"202","t":"12:16:24","h":"Est","s":"25N-H60N000A-80-A"},{"r":"202","t":"12:16:24","h":"Est","s":"25N-H60NV10A-80-A"},{"r":"202","t":"12:16:24","h":"Est","s":"25N-H60NV20A-80-A"},{"r":"202","t":"12:16:24","h":"Est","s":"25S-H60S000A-80-A"},{"r":"202","t":"12:22:17","h":"Est","s":"25N-H60N000S-80-S"},{"r":"202","t":"12:22:17","h":"Est","s":"25N-H60N000S-98-S"},{"r":"202","t":"12:22:17","h":"Est","s":"25N-H60NV10S-98-S"},{"r":"202","t":"12:22:17","h":"Est","s":"25N-H60NV20S-98-S"},{"r":"202","t":"12:22:17","h":"Est","s":"25S-H60S000S-80-S"},{"r":"202","t":"12:39:24","h":"Est","s":"25N-H60N000A-80-A"},{"r":"202","t":"12:39:24","h":"Est","s":"25N-H60NV10A-80-A"},{"r":"202","t":"12:39:24","h":"Est","s":"25N-H60NV20A-80-A"},{"r":"202","t":"12:39:24","h":"Est","s":"25S-H60S000A-80-A"},{"r":"202","t":"12:42:31","h":"Est","s":"25N-H60N000I-80-I"},{"r":"202","t":"12:42:31","h":"Est","s":"25N-H60N100F-81-F1"},{"r":"202","t":"12:42:31","h":"Est","s":"25N-H60N200F-81-F2"},{"r":"202","t":"12:42:31","h":"Est","s":"25N-H60N300F-82-F3"},{"r":"202","t":"12:42:31","h":"Est","s":"25N-H60N400F-81-F4"},{"r":"202","t":"12:42:31","h":"Est","s":"25N-H60NV10I-80-I"},{"r":"202","t":"12:42:31","h":"Est","s":"25N-H60NV20I-80-I"},{"r":"202","t":"12:42:31","h":"Est","s":"25S-H60S000I-80-I"},{"r":"202","t":"12:42:31","h":"Est","s":"25S-H60S100F-82-F1"},{"r":"202","t":"12:42:31","h":"Est","s":"25S-H60S200F-81-F2"},{"r":"202","t":"12:55:17","h":"Est","s":"25N-H60N000S-80-S"},{"r":"202","t":"12:55:17","h":"Est","s":"25N-H60N000S-98-S"},{"r":"202","t":"12:55:17","h":"Est","s":"25N-H60NV10S-98-S"},{"r":"202","t":"12:55:17","h":"Est","s":"25N-H60NV20S-98-S"},{"r":"202","t":"12:55:17","h":"Est","s":"25S-H60S000S-80-S"},{"r":"202","t":"13:02:24","h":"Est","s":"25N-H60N000A-80-A"},{"r":"202","t":"13:02:24","h":"Est","s":"25N-H60NV10A-80-A"},{"r":"202","t":"13:02:24","h":"Est","s":"25N-H60NV20A-80-A"},{"r":"202","t":"13:02:24","h":"Est","s":"25S-H60S000A-80-A"},{"r":"202","t":"13:11:31","h":"Est","s":"25N-H60N000I-80-I"},{"r":"202","t":"13:11:31","h":"Est","s":"25N-H60N100F-81-F1"},{"r":"202","t":"13:11:31","h":"Est","s":"25N-H60N200F-81-F2"},{"r":"202","t":"13:11:31","h":"Est","s":"25N-H60N300F-82-F3"},{"r":"202","t":"13:11:31","h":"Est","s":"25N-H60N400F-81-F4"},{"r":"202","t":"13:11:31","h":"Est","s":"25N-H60NV10I-80-I"},{"r":"202","t":"13:11:31","h":"Est","s":"25N-H60NV20I-80-I"},{"r":"202","t":"13:11:31","h":"Est","s":"25S-H60S000I-80-I"},{"r":"202","t":"13:11:31","h":"Est","s":"25S-H60S100F-82-F1"},{"r":"202","t":"13:11:31","h":"Est","s":"25S-H60S200F-81-F2"},{"r":"202","t":"13:25:24","h":"Est","s":"25N-H60N000A-80-A"},{"r":"202","t":"13:25:24","h":"Est","s":"25N-H60NV10A-80-A"},{"r":"202","t":"13:25:24","h":"Est","s":"25N-H60NV20A-80-A"},{"r":"202","t":"13:25:24","h":"Est","s":"25S-H60S000A-80-A"},{"r":"202","t":"13:26:17","h":"Est","s":"25N-H60N000S-80-S"},{"r":"202","t":"13:26:17","h":"Est","s":"25N-H60N000S-98-S"},{"r":"202","t":"13:26:17","h":"Est","s":"25N-H60NV10S-98-S"},{"r":"202","t":"13:26:17","h":"Est","s":"25N-H60NV20S-98-S"},{"r":"202","t":"13:26:17","h":"Est","s":"25S-H60S000S-80-S"},{"r":"202","t":"13:42:31","h":"Est","s":"25N-H60N000I-80-I"},{"r":"202","t":"13:42:31","h":"Est","s":"25N-H60N100F-81-F1"},{"r":"202","t":"13:42:31","h":"Est","s":"25N-H60N200F-81-F2"},{"r":"202","t":"13:42:31","h":"Est","s":"25N-H60N300F-82-F3"},{"r":"202","t":"13:42:31","h":"Est","s":"25N-H60N400F-81-F4"},{"r":"202","t":"13:42:31","h":"Est","s":"25N-H60NV10I-80-I"},{"r":"202","t":"13:42:31","h":"Est","s":"25N-H60NV20I-80-I"},{"r":"202","t":"13:42:31","h":"Est","s":"25S-H60S000I-80-I"},{"r":"202","t":"13:42:31","h":"Est","s":"25S-H60S100F-82-F1"},{"r":"202","t":"13:42:31","h":"Est","s":"25S-H60S200F-81-F2"},{"r":"202","t":"13:46:24","h":"Est","s":"25N-H60N000A-80-A"},{"r":"202","t":"13:46:24","h":"Est","s":"25N-H60NV10A-80-A"},{"r":"202","t":"13:46:24","h":"Est","s":"25N-H60NV20A-80-A"},{"r":"202","t":"13:46:24","h":"Est","s":"25S-H60S000A-80-A"},{"r":"202","t":"13:54:17","h":"Est","s":"25N-H60N000S-80-S"},{"r":"202","t":"13:54:17","h":"Est","s":"25N-H60N000S-98-S"},{"r":"202","t":"13:54:17","h":"Est","s":"25N-H60NV10S-98-S"},{"r":"202","t":"13:54:17","h":"Est","s":"25N-H60NV20S-98-S"},{"r":"202","t":"13:54:17","h":"Est","s":"25S-H60S000S-80-S"},{"r":"202","t":"14:10:24","h":"Est","s":"25N-H60N000A-80-A"},{"r":"202","t":"14:10:24","h":"Est","s":"25N-H60NV10A-80-A"},{"r":"202","t":"14:10:24","h":"Est","s":"25N-H60NV20A-80-A"},{"r":"202","t":"14:10:24","h":"Est","s":"25S-H60S000A-80-A"},{"r":"202","t":"14:13:24","h":"Est","s":"25N-H60N000I-80-I"},{"r":"202","t":"14:13:24","h":"Est","s":"25N-H60N100F-81-F1"},{"r":"202","t":"14:13:24","h":"Est","s":"25N-H60N200F-81-F2"},{"r":"202","t":"14:13:24","h":"Est","s":"25N-H60N300F-82-F3"},{"r":"202","t":"14:13:24","h":"Est","s":"25N-H60N400F-81-F4"},{"r":"202","t":"14:13:24","h":"Est","s":"25N-H60NV10I-80-I"},{"r":"202","t":"14:13:24","h":"Est","s":"25N-H60NV20I-80-I"},{"r":"202","t":"14:13:24","h":"Est","s":"25S-H60S000I-80-I"},{"r":"202","t":"14:13:24","h":"Est","s":"25S-H60S100F-82-F1"},{"r":"202","t":"14:13:24","h":"Est","s":"25S-H60S200F-81-F2"},{"r":"202","t":"14:18:17","h":"Est","s":"25N-H60N000S-80-S"},{"r":"202","t":"14:18:17","h":"Est","s":"25N-H60N000S-98-S"},{"r":"202","t":"14:18:17","h":"Est","s":"25N-H60NV10S-98-S"},{"r":"202","t":"14:18:17","h":"Est","s":"25N-H60NV20S-98-S"},{"r":"202","t":"14:18:17","h":"Est","s":"25S-H60S000S-80-S"},{"r":"202","t":"14:34:24","h":"Est","s":"25N-H60N000A-80-A"},{"r":"202","t":"14:34:24","h":"Est","s":"25N-H60NV10A-80-A"},{"r":"202","t":"14:34:24","h":"Est","s":"25N-H60NV20A-80-A"},{"r":"202","t":"14:34:24","h":"Est","s":"25S-H60S000A-80-A"},{"r":"202","t":"14:44:24","h":"Est","s":"25N-H60N000I-80-I"},{"r":"202","t":"14:44:24","h":"Est","s":"25N-H60N100F-81-F1"},{"r":"202","t":"14:44:24","h":"Est","s":"25N-H60N200F-81-F2"},{"r":"202","t":"14:44:24","h":"Est","s":"25N-H60N300F-82-F3"},{"r":"202","t":"14:44:24","h":"Est","s":"25N-H60N400F-81-F4"},{"r":"202","t":"14:44:24","h":"Est","s":"25N-H60NV10I-80-I"},{"r":"202","t":"14:44:24","h":"Est","s":"25N-H60NV20I-80-I"},{"r":"202","t":"14:44:24","h":"Est","s":"25S-H60S000I-80-I"},{"r":"202","t":"14:44:24","h":"Est","s":"25S-H60S100F-82-F1"},{"r":"202","t":"14:44:24","h":"Est","s":"25S-H60S200F-81-F2"},{"r":"202","t":"14:45:17","h":"Est","s":"25N-H60N000S-80-S"},{"r":"202","t":"14:45:17","h":"Est","s":"25N-H60N000S-98-S"},{"r":"202","t":"14:45:17","h":"Est","s":"25N-H60NV10S-98-S"},{"r":"202","t":"14:45:17","h":"Est","s":"25N-H60NV20S-98-S"},{"r":"202","t":"14:45:17","h":"Est","s":"25S-H60S000S-80-S"},{"r":"460","t":"14:50:17","h":"Est via Jarry","s":"25N-H50N000S-80-S"},{"r":"460","t":"14:50:17","h":"Est via Jarry","s":"25N-H50N000S-90-S"},{"r":"460","t":"14:50:17","h":"Est via Jarry","s":"25N-H50NV10S-90-S"},{"r":"460","t":"14:50:17","h":"Est via Jarry","s":"25N-H50NV20S-90-S"},{"r":"460","t":"14:50:17","h":"Est via Jarry","s":"25N-H58N200F-80-F2"},{"r":"460","t":"14:50:17","h":"Est via Jarry","s":"25N-H58N400F-80-F4"},{"r":"460","t":"14:50:17","h":"Est via Jarry","s":"25S-H50S000S-81-S"},{"r":"460","t":"14:50:17","h":"Est via Jarry","s":"25S-H58S100F-80-F1"},{"r":"460","t":"14:50:17","h":"Est via Jarry","s":"25S-H58S200F-80-F2"},{"r":"202","t":"14:57:24","h":"Est","s":"25N-H60N000A-80-A"},{"r":"202","t":"14:57:24","h":"Est","s":"25N-H60NV10A-80-A"},{"r":"202","t":"14:57:24","h":"Est","s":"25N-H60NV20A-80-A"},{"r":"202","t":"14:57:24","h":"Est","s":"25S-H60S000A-80-A"},{"r":"460","t":"14:59:17","h":"Est via Jarry","s":"25N-H58N000S-80-S"},{"r":"460","t":"14:59:17","h":"Est via Jarry","s":"25N-H58NV10S-80-S"},{"r":"460","t":"14:59:17","h":"Est via Jarry","s":"25N-H58NV20S-80-S"},{"r":"460","t":"14:59:17","h":"Est via Jarry","s":"25S-H58S000S-80-S"},{"r":"460","t":"15:06:17","h":"Est via Jarry","s":"25N-H58N200F-80-F2"},{"r":"460","t":"15:06:17","h":"Est via Jarry","s":"25N-H58N400F-80-F4"},{"r":"460","t":"15:06:17","h":"Est via Jarry","s":"25S-H58S100F-80-F1"},{"r":"460","t":"15:06:17","h":"Est via Jarry","s":"25S-H58S200F-80-F2"},{"r":"460","t":"15:08:17","h":"Est via Jarry","s":"25N-H58N000S-80-S"},{"r":"460","t":"15:08:17","h":"Est via Jarry","s":"25N-H58NV10S-80-S"},{"r":"460","t":"15:08:17","h":"Est via Jarry","s":"25N-H58NV20S-80-S"},{"r":"460","t":"15:08:17","h":"Est via Jarry","s":"25S-H58S000S-80-S"},{"r":"202","t":"15:14:09","h":"Est","s":"25N-H60N000S-80-S"},{"r":"202","t":"15:14:09","h":"Est","s":"25N-H60N000S-98-S"},{"r":"202","t":"15:14:09","h":"Est","s":"25N-H60NV10S-98-S"},{"r":"202","t":"15:14:09","h":"Est","s":"25N-H60NV20S-98-S"},{"r":"202","t":"15:14:09","h":"Est","s":"25S-H60S000S-80-S"},{"r":"202","t":"15:15:24","h":"Est","s":"25N-H60N000I-80-I"},{"r":"202","t":"15:15:24","h":"Est","s":"25N-H60N100F-81-F1"},{"r":"202","t":"15:15:24","h":"Est","s":"25N-H60N200F-81-F2"},{"r":"202","t":"15:15:24","h":"Est","s":"25N-H60N300F-82-F3"},{"r":"202","t":"15:15:24","h":"Est","s":"25N-H60N400F-81-F4"},{"r":"202","t":"15:15:24","h":"Est","s":"25N-H60NV10I-80-I"},{"r":"202","t":"15:15:24","h":"Est","s":"25N-H60NV20I-80-I"},{"r":"202","t":"15:15:24","h":"Est","s":"25S-H60S000I-80-I"},{"r":"202","t":"15:15:24","h":"Est","s":"25S-H60S100F-82-F1"},{"r":"202","t":"15:15:24","h":"Est","s":"25S-H60S200F-81-F2"},{"r":"460","t":"15:16:17","h":"Est via Jarry","s":"25N-H58N000S-80-S"},{"r":"460","t":"15:16:17","h":"Est via Jarry","s":"25N-H58NV10S-80-S"},{"r":"460","t":"15:16:17","h":"Est via Jarry","s":"25N-H58NV20S-80-S"},{"r":"460","t":"15:16:17","h":"Est via Jarry","s":"25S-H58S000S-80-S"},{"r":"460","t":"15:20:17","h":"Est via Jarry","s":"25N-H58N200F-80-F2"},{"r":"460","t":"15:20:17","h":"Est via Jarry","s":"25N-H58N400F-80-F4"},{"r":"460","t":"15:20:17","h":"Est via Jarry","s":"25S-H58S100F-80-F1"},{"r":"460","t":"15:20:17","h":"Est via Jarry","s":"25S-H58S200F-80-F2"},{"r":"202","t":"15:20:24","h":"Est","s":"25N-H60N000A-80-A"},{"r":"202","t":"15:20:24","h":"Est","s":"25N-H60NV10A-80-A"},{"r":"202","t":"15:20:24","h":"Est","s":"25N-H60NV20A-80-A"},{"r":"202","t":"15:20:24","h":"Est","s":"25S-H60S000A-80-A"},{"r":"460","t":"15:24:17","h":"Est via Jarry","s":"25N-H58N000S-80-S"},{"r":"460","t":"15:24:17","h":"Est via Jarry","s":"25N-H58NV10S-80-S"},{"r":"460","t":"15:24:17","h":"Est via Jarry","s":"25N-H58NV20S-80-S"},{"r":"460","t":"15:24:17","h":"Est via Jarry","s":"25S-H58S000S-80-S"},{"r":"460","t":"15:34:17","h":"Est via Jarry","s":"25N-H50N000S-80-S"},{"r":"460","t":"15:34:17","h":"Est via Jarry","s":"25N-H50N000S-90-S"},{"r":"460","t":"15:34:17","h":"Est via Jarry","s":"25N-H50NV10S-90-S"},{"r":"460","t":"15:34:17","h":"Est via Jarry","s":"25N-H50NV20S-90-S"},{"r":"460","t":"15:34:17","h":"Est via Jarry","s":"25N-H58N200F-80-F2"},{"r":"460","t":"15:34:17","h":"Est via Jarry","s":"25N-H58N400F-80-F4"},{"r":"460","t":"15:34:17","h":"Est via Jarry","s":"25S-H50S000S-81-S"},{"r":"460","t":"15:34:17","h":"Est via Jarry","s":"25S-H58S100F-80-F1"},{"r":"460","t":"15:34:17","h":"Est via Jarry","s":"25S-H58S200F-80-F2"},{"r":"202","t":"15:41:09","h":"Est","s":"25N-H60N000S-80-S"},{"r":"202","t":"15:41:09","h":"Est","s":"25N-H60N000S-98-S"},{"r":"202","t":"15:41:09","h":"Est","s":"25N-H60NV10S-98-S"},{"r":"202","t":"15:41:09","h":"Est","s":"25N-H60NV20S-98-S"},{"r":"202","t":"15:41:09","h":"Est","s":"25S-H60S000S-80-S"},{"r":"202","t":"15:43:24","h":"Est","s":"25N-H60N000A-80-A"},{"r":"202","t":"15:43:24","h":"Est","s":"25N-H60NV10A-80-A"},{"r":"202","t":"15:43:24","h":"Est","s":"25N-H60NV20A-80-A"},{"r":"202","t":"15:43:24","h":"Est","s":"25S-H60S000A-80-A"},{"r":"460","t":"15:44:17","h":"Est via Jarry","s":"25N-H58N000S-80-S"},{"r":"460","t":"15:44:17","h":"Est via Jarry","s":"25N-H58NV10S-80-S"},{"r":"460","t":"15:44:17","h":"Est via Jarry","s":"25N-H58NV20S-80-S"},{"r":"460","t":"15:44:17","h":"Est via Jarry","s":"25S-H58S000S-80-S"},{"r":"202","t":"15:46:24","h":"Est","s":"25N-H60N000I-80-I"},{"r":"202","t":"15:46:24","h":"Est","s":"25N-H60N100F-81-F1"},{"r":"202","t":"15:46:24","h":"Est","s":"25N-H60N200F-81-F2"},{"r":"202","t":"15:46:24","h":"Est","s":"25N-H60N300F-82-F3"},{"r":"202","t":"15:46:24","h":"Est","s":"25N-H60N400F-81-F4"},{"r":"202","t":"15:46:24","h":"Est","s":"25N-H60NV10I-80-I"},{"r":"202","t":"15:46:24","h":"Est","s":"25N-H60NV20I-80-I"},{"r":"202","t":"15:46:24","h":"Est","s":"25S-H60S000I-80-I"},{"r":"202","t":"15:46:24","h":"Est","s":"25S-H60S100F-82-F1"},{"r":"202","t":"15:46:24","h":"Est","s":"25S-H60S200F-81-F2"},{"r":"460","t":"15:48:17","h":"Est via Jarry","s":"25N-H58N200F-80-F2"},{"r":"460","t":"15:48:17","h":"Est via Jarry","s":"25N-H58N400F-80-F4"},{"r":"460","t":"15:48:17","h":"Est via Jarry","s":"25S-H58S100F-80-F1"},{"r":"460","t":"15:48:17","h":"Est via Jarry","s":"25S-H58S200F-80-F2"},{"r":"460","t":"15:54:17","h":"Est via Jarry","s":"25N-H58N000S-80-S"},{"r":"460","t":"15:54:17","h":"Est via Jarry","s":"25N-H58NV10S-80-S"},{"r":"460","t":"15:54:17","h":"Est via Jarry","s":"25N-H58NV20S-80-S"},{"r":"460","t":"15:54:17","h":"Est via Jarry","s":"25S-H58S000S-80-S"},{"r":"460","t":"15:59:17","h":"Est via Jarry","s":"25N-H58N200F-80-F2"},{"r":"460","t":"15:59:17","h":"Est via Jarry","s":"25N-H58N400F-80-F4"},{"r":"460","t":"15:59:17","h":"Est via Jarry","s":"25S-H58S100F-80-F1"},{"r":"460","t":"15:59:17","h":"Est via Jarry","s":"25S-H58S200F-80-F2"},{"r":"460","t":"16:03:17","h":"Est via Jarry","s":"25N-H58N000S-80-S"},{"r":"460","t":"16:03:17","h":"Est via Jarry","s":"25N-H58NV10S-80-S"},{"r":"460","t":"16:03:17","h":"Est via Jarry","s":"25N-H58NV20S-80-S"},{"r":"460","t":"16:03:17","h":"Est via Jarry","s":"25S-H58S000S-80-S"},{"r":"202","t":"16:06:24","h":"Est","s":"25N-H60N000A-80-A"},{"r":"202","t":"16:06:24","h":"Est","s":"25N-H60NV10A-80-A"},{"r":"202","t":"16:06:24","h":"Est","s":"25N-H60NV20A-80-A"},{"r":"202","t":"16:06:24","h":"Est","s":"25S-H60S000A-80-A"},{"r":"460","t":"16:09:17","h":"Est via Jarry","s":"25N-H58N200F-80-F2"},{"r":"460","t":"16:09:17","h":"Est via Jarry","s":"25N-H58N400F-80-F4"},{"r":"460","t":"16:09:17","h":"Est via Jarry","s":"25S-H58S100F-80-F1"},{"r":"460","t":"16:09:17","h":"Est via Jarry","s":"25S-H58S200F-80-F2"},{"r":"202","t":"16:10:09","h":"Est","s":"25N-H60N000S-80-S"},{"r":"202","t":"16:10:09","h":"Est","s":"25N-H60N000S-98-S"},{"r":"202","t":"16:10:09","h":"Est","s":"25N-H60NV10S-98-S"},{"r":"202","t":"16:10:09","h":"Est","s":"25N-H60NV20S-98-S"},{"r":"202","t":"16:10:09","h":"Est","s":"25S-H60S000S-80-S"},{"r":"460","t":"16:13:17","h":"Est via Jarry","s":"25N-H58N000S-80-S"},{"r":"460","t":"16:13:17","h":"Est via Jarry","s":"25N-H58NV10S-80-S"},{"r":"460","t":"16:13:17","h":"Est via Jarry","s":"25N-H58NV20S-80-S"},{"r":"460","t":"16:13:17","h":"Est via Jarry","s":"25S-H58S000S-80-S"},{"r":"202","t":"16:17:24","h":"Est","s":"25N-H60N000I-80-I"},{"r":"202","t":"16:17:24","h":"Est","s":"25N-H60N100F-81-F1"},{"r":"202","t":"16:17:24","h":"Est","s":"25N-H60N200F-81-F2"},{"r":"202","t":"16:17:24","h":"Est","s":"25N-H60N300F-82-F3"},{"r":"202","t":"16:17:24","h":"Est","s":"25N-H60N400F-81-F4"},{"r":"202","t":"16:17:24","h":"Est","s":"25N-H60NV10I-80-I"},{"r":"202","t":"16:17:24","h":"Est","s":"25N-H60NV20I-80-I"},{"r":"202","t":"16:17:24","h":"Est","s":"25S-H60S000I-80-I"},{"r":"202","t":"16:17:24","h":"Est","s":"25S-H60S100F-82-F1"},{"r":"202","t":"16:17:24","h":"Est","s":"25S-H60S200F-81-F2"},{"r":"460","t":"16:19:17","h":"Est via Jarry","s":"25N-H58N200F-80-F2"},{"r":"460","t":"16:19:17","h":"Est via Jarry","s":"25N-H58N400F-80-F4"},{"r":"460","t":"16:19:17","h":"Est via Jarry","s":"25S-H58S100F-80-F1"},{"r":"460","t":"16:19:17","h":"Est via Jarry","s":"25S-H58S200F-80-F2"},{"r":"460","t":"16:22:17","h":"Est via Jarry","s":"25N-H58N000S-80-S"},{"r":"460","t":"16:22:17","h":"Est via Jarry","s":"25N-H58NV10S-80-S"},{"r":"460","t":"16:22:17","h":"Est via Jarry","s":"25N-H58NV20S-80-S"},{"r":"460","t":"16:22:17","h":"Est via Jarry","s":"25S-H58S000S-80-S"},{"r":"202","t":"16:23:24","h":"Est","s":"25N-H60N000A-80-A"},{"r":"202","t":"16:23:24","h":"Est","s":"25N-H60NV10A-80-A"},{"r":"202","t":"16:23:24","h":"Est","s":"25N-H60NV20A-80-A"},{"r":"202","t":"16:23:24","h":"Est","s":"25S-H60S000A-80-A"},{"r":"202","t":"16:26:09","h":"Est","s":"25N-H50N000S-80-S"},{"r":"202","t":"16:26:09","h":"Est","s":"25N-H50N000S-90-S"},{"r":"202","t":"16:26:09","h":"Est","s":"25N-H50NV10S-90-S"},{"r":"202","t":"16:26:09","h":"Est","s":"25N-H50NV20S-90-S"},{"r":"202","t":"16:26:09","h":"Est","s":"25S-H50S000S-81-S"},{"r":"460","t":"16:29:17","h":"Est via Jarry","s":"25N-H58N200F-80-F2"},{"r":"460","t":"16:29:17","h":"Est via Jarry","s":"25N-H58N400F-80-F4"},{"r":"460","t":"16:29:17","h":"Est via Jarry","s":"25S-H58S100F-80-F1"},{"r":"460","t":"16:29:17","h":"Est via Jarry","s":"25S-H58S200F-80-F2"},{"r":"460","t":"16:31:17","h":"Est via Jarry","s":"25N-H58N000S-80-S"},{"r":"460","t":"16:31:17","h":"Est via Jarry","s":"25N-H58NV10S-80-S"},{"r":"460","t":"16:31:17","h":"Est via Jarry","s":"25N-H58NV20S-80-S"},{"r":"460","t":"16:31:17","h":"Est via Jarry","s":"25S-H58S000S-80-S"},{"r":"460","t":"16:38:17","h":"Est via Jarry","s":"25N-H58N000S-80-S"},{"r":"460","t":"16:38:17","h":"Est via Jarry","s":"25N-H58NV10S-80-S"},{"r":"460","t":"16:38:17","h":"Est via Jarry","s":"25N-H58NV20S-80-S"},{"r":"460","t":"16:38:17","h":"Est via Jarry","s":"25S-H58S000S-80-S"},{"r":"460","t":"16:39:17","h":"Est via Jarry","s":"25N-H58N200F-80-F2"},{"r":"460","t":"16:39:17","h":"Est via Jarry","s":"25N-H58N400F-80-F4"},{"r":"460","t":"16:39:17","h":"Est via Jarry","s":"25S-H58S100F-80-F1"},{"r":"460","t":"16:39:17","h":"Est via Jarry","s":"25S-H58S200F-80-F2"},{"r":"202","t":"16:40:09","h":"Est","s":"25N-H60N000S-80-S"},{"r":"202","t":"16:40:09","h":"Est","s":"25N-H60N000S-98-S"},{"r":"202","t":"16:40:09","h":"Est","s":"25N-H60NV10S-98-S"},{"r":"202","t":"16:40:09","h":"Est","s":"25N-H60NV20S-98-S"},{"r":"202","t":"16:40:09","h":"Est","s":"25S-H60S000S-80-S"},{"r":"202","t":"16:40:24","h":"Est","s":"25N-H60N000A-80-A"},{"r":"202","t":"16:40:24","h":"Est","s":"25N-H60NV10A-80-A"},{"r":"202","t":"16:40:24","h":"Est","s":"25N-H60NV20A-80-A"},{"r":"202","t":"16:40:24","h":"Est","s":"25S-H60S000A-80-A"},{"r":"460","t":"16:45:17","h":"Est via Jarry","s":"25N-H58N000S-80-S"},{"r":"460","t":"16:45:17","h":"Est via Jarry","s":"25N-H58NV10S-80-S"},{"r":"460","t":"16:45:17","h":"Est via Jarry","s":"25N-H58NV20S-80-S"},{"r":"460","t":"16:45:17","h":"Est via Jarry","s":"25S-H58S000S-80-S"},{"r":"460","t":"16:49:17","h":"Est via Jarry","s":"25N-H58N200F-80-F2"},{"r":"460","t":"16:49:17","h":"Est via Jarry","s":"25N-H58N400F-80-F4"},{"r":"460","t":"16:49:17","h":"Est via Jarry","s":"25S-H58S100F-80-F1"},{"r":"460","t":"16:49:17","h":"Est via Jarry","s":"25S-H58S200F-80-F2"},{"r":"202","t":"16:49:24","h":"Est","s":"25N-H60N000I-80-I"},{"r":"202","t":"16:49:24","h":"Est","s":"25N-H60N100F-81-F1"},{"r":"202","t":"16:49:24","h":"Est","s":"25N-H60N200F-81-F2"},{"r":"202","t":"16:49:24","h":"Est","s":"25N-H60N300F-82-F3"},{"r":"202","t":"16:49:24","h":"Est","s":"25N-H60N400F-81-F4"},{"r":"202","t":"16:49:24","h":"Est","s":"25N-H60NV10I-80-I"},{"r":"202","t":"16:49:24","h":"Est","s":"25N-H60NV20I-80-I"},{"r":"202","t":"16:49:24","h":"Est","s":"25S-H60S000I-80-I"},{"r":"202","t":"16:49:24","h":"Est","s":"25S-H60S100F-82-F1"},{"r":"202","t":"16:49:24","h":"Est","s":"25S-H60S200F-81-F2"},{"r":"460","t":"16:53:17","h":"Est via Jarry","s":"25N-H58N000S-80-S"},{"r":"460","t":"16:53:17","h":"Est via Jarry","s":"25N-H58NV10S-80-S"},{"r":"460","t":"16:53:17","h":"Est via Jarry","s":"25N-H58NV20S-80-S"},{"r":"460","t":"16:53:17","h":"Est via Jarry","s":"25S-H58S000S-80-S"},{"r":"202","t":"16:56:09","h":"Est","s":"25N-H56N000S-80-S"},{"r":"202","t":"16:56:09","h":"Est","s":"25N-H56NV10S-80-S"},{"r":"202","t":"16:56:09","h":"Est","s":"25N-H56NV20S-80-S"},{"r":"202","t":"16:56:09","h":"Est","s":"25S-H56S000S-80-S"},{"r":"460","t":"16:59:17","h":"Est via Jarry","s":"25N-H58N200F-80-F2"},{"r":"460","t":"16:59:17","h":"Est via Jarry","s":"25N-H58N400F-80-F4"},{"r":"460","t":"16:59:17","h":"Est via Jarry","s":"25S-H58S100F-80-F1"},{"r":"460","t":"16:59:17","h":"Est via Jarry","s":"25S-H58S200F-80-F2"},{"r":"202","t":"16:59:24","h":"Est","s":"25N-H60N000A-80-A"},{"r":"202","t":"16:59:24","h":"Est","s":"25N-H60NV10A-80-A"},{"r":"202","t":"16:59:24","h":"Est","s":"25N-H60NV20A-80-A"},{"r":"202","t":"16:59:24","h":"Est","s":"25S-H60S000A-80-A"},{"r":"460","t":"17:00:17","h":"Est via Jarry","s":"25N-H50N000S-80-S"},{"r":"460","t":"17:00:17","h":"Est via Jarry","s":"25N-H50N000S-90-S"},{"r":"460","t":"17:00:17","h":"Est via Jarry","s":"25N-H50NV10S-90-S"},{"r":"460","t":"17:00:17","h":"Est via Jarry","s":"25N-H50NV20S-90-S"},{"r":"460","t":"17:00:17","h":"Est via Jarry","s":"25S-H50S000S-81-S"},{"r":"202","t":"17:08:09","h":"Est","s":"25N-H60N000S-80-S"},{"r":"202","t":"17:08:09","h":"Est","s":"25N-H60N000S-98-S"},{"r":"202","t":"17:08:09","h":"Est","s":"25N-H60NV10S-98-S"},{"r":"202","t":"17:08:09","h":"Est","s":"25N-H60NV20S-98-S"},{"r":"202","t":"17:08:09","h":"Est","s":"25S-H60S000S-80-S"},{"r":"460","t":"17:10:17","h":"Est via Jarry","s":"25N-H60N000S-80-S"},{"r":"460","t":"17:10:17","h":"Est via Jarry","s":"25N-H60N000S-98-S"},{"r":"460","t":"17:10:17","h":"Est via Jarry","s":"25N-H60NV10S-98-S"},{"r":"460","t":"17:10:17","h":"Est via Jarry","s":"25N-H60NV20S-98-S"},{"r":"460","t":"17:10:17","h":"Est via Jarry","s":"25S-H60S000S-80-S"},{"r":"460","t":"17:14:17","h":"Est via Jarry","s":"25N-H58N200F-80-F2"},{"r":"460","t":"17:14:17","h":"Est via Jarry","s":"25N-H58N400F-80-F4"},{"r":"460","t":"17:14:17","h":"Est via Jarry","s":"25S-H58S100F-80-F1"},{"r":"460","t":"17:14:17","h":"Est via Jarry","s":"25S-H58S200F-80-F2"},{"r":"202","t":"17:18:24","h":"Est","s":"25N-H60N000A-80-A"},{"r":"202","t":"17:18:24","h":"Est","s":"25N-H60NV10A-80-A"},{"r":"202","t":"17:18:24","h":"Est","s":"25N-H60NV20A-80-A"},{"r":"202","t":"17:18:24","h":"Est","s":"25S-H60S000A-80-A"},{"r":"460","t":"17:21:17","h":"Est via Jarry","s":"25N-H58N000S-80-S"},{"r":"460","t":"17:21:17","h":"Est via Jarry","s":"25N-H58NV10S-80-S"},{"r":"460","t":"17:21:17","h":"Est via Jarry","s":"25N-H58NV20S-80-S"},{"r":"460","t":"17:21:17","h":"Est via Jarry","s":"25S-H58S000S-80-S"},{"r":"202","t":"17:21:24","h":"Est","s":"25N-H60N000I-80-I"},{"r":"202","t":"17:21:24","h":"Est","s":"25N-H60N100F-81-F1"},{"r":"202","t":"17:21:24","h":"Est","s":"25N-H60N200F-81-F2"},{"r":"202","t":"17:21:24","h":"Est","s":"25N-H60N300F-82-F3"},{"r":"202","t":"17:21:24","h":"Est","s":"25N-H60N400F-81-F4"},{"r":"202","t":"17:21:24","h":"Est","s":"25N-H60NV10I-80-I"},{"r":"202","t":"17:21:24","h":"Est","s":"25N-H60NV20I-80-I"},{"r":"202","t":"17:21:24","h":"Est","s":"25S-H60S000I-80-I"},{"r":"202","t":"17:21:24","h":"Est","s":"25S-H60S100F-82-F1"},{"r":"202","t":"17:21:24","h":"Est","s":"25S-H60S200F-81-F2"},{"r":"202","t":"17:26:09","h":"Est","s":"25N-H60N000S-80-S"},{"r":"202","t":"17:26:09","h":"Est","s":"25N-H60N000S-98-S"},{"r":"202","t":"17:26:09","h":"Est","s":"25N-H60NV10S-98-S"},{"r":"202","t":"17:26:09","h":"Est","s":"25N-H60NV20S-98-S"},{"r":"202","t":"17:26:09","h":"Est","s":"25S-H60S000S-80-S"},{"r":"460","t":"17:29:17","h":"Est via Jarry","s":"25N-H58N200F-80-F2"},{"r":"460","t":"17:29:17","h":"Est via Jarry","s":"25N-H58N400F-80-F4"},{"r":"460","t":"17:29:17","h":"Est via Jarry","s":"25S-H58S100F-80-F1"},{"r":"460","t":"17:29:17","h":"Est via Jarry","s":"25S-H58S200F-80-F2"},{"r":"202","t":"17:39:24","h":"Est","s":"25N-H60N000A-80-A"},{"r":"202","t":"17:39:24","h":"Est","s":"25N-H60NV10A-80-A"},{"r":"202","t":"17:39:24","h":"Est","s":"25N-H60NV20A-80-A"},{"r":"202","t":"17:39:24","h":"Est","s":"25S-H60S000A-80-A"},{"r":"460","t":"17:40:17","h":"Est via Jarry","s":"25N-H56N000S-80-S"},{"r":"460","t":"17:40:17","h":"Est via Jarry","s":"25N-H56NV10S-80-S"},{"r":"460","t":"17:40:17","h":"Est via Jarry","s":"25N-H56NV20S-80-S"},{"r":"460","t":"17:40:17","h":"Est via Jarry","s":"25S-H56S000S-80-S"},{"r":"202","t":"17:41:09","h":"Est","s":"25N-H50N000S-80-S"},{"r":"202","t":"17:41:09","h":"Est","s":"25N-H50N000S-90-S"},{"r":"202","t":"17:41:09","h":"Est","s":"25N-H50NV10S-90-S"},{"r":"202","t":"17:41:09","h":"Est","s":"25N-H50NV20S-90-S"},{"r":"202","t":"17:41:09","h":"Est","s":"25S-H50S000S-81-S"},{"r":"460","t":"17:46:17","h":"Est via Jarry","s":"25N-H58N200F-80-F2"},{"r":"460","t":"17:46:17","h":"Est via Jarry","s":"25N-H58N400F-80-F4"},{"r":"460","t":"17:46:17","h":"Est via Jarry","s":"25S-H58S100F-80-F1"},{"r":"460","t":"17:46:17","h":"Est via Jarry","s":"25S-H58S200F-80-F2"},{"r":"202","t":"17:53:24","h":"Est","s":"25N-H60N000I-80-I"},{"r":"202","t":"17:53:24","h":"Est","s":"25N-H60N100F-81-F1"},{"r":"202","t":"17:53:24","h":"Est","s":"25N-H60N200F-81-F2"},{"r":"202","t":"17:53:24","h":"Est","s":"25N-H60N300F-82-F3"},{"r":"202","t":"17:53:24","h":"Est","s":"25N-H60N400F-81-F4"},{"r":"202","t":"17:53:24","h":"Est","s":"25N-H60NV10I-80-I"},{"r":"202","t":"17:53:24","h":"Est","s":"25N-H60NV20I-80-I"},{"r":"202","t":"17:53:24","h":"Est","s":"25S-H60S000I-80-I"},{"r":"202","t":"17:53:24","h":"Est","s":"25S-H60S100F-82-F1"},{"r":"202","t":"17:53:24","h":"Est","s":"25S-H60S200F-81-F2"},{"r":"460","t":"18:00:23","h":"Est via Jarry","s":"25N-H58N000S-80-S"},{"r":"460","t":"18:00:23","h":"Est via Jarry","s":"25N-H58NV10S-80-S"},{"r":"460","t":"18:00:23","h":"Est via Jarry","s":"25N-H58NV20S-80-S"},{"r":"460","t":"18:00:23","h":"Est via Jarry","s":"25S-H58S000S-80-S"},{"r":"202","t":"18:01:24","h":"Est","s":"25N-H60N000A-80-A"},{"r":"202","t":"18:01:24","h":"Est","s":"25N-H60NV10A-80-A"},{"r":"202","t":"18:01:24","h":"Est","s":"25N-H60NV20A-80-A"},{"r":"202","t":"18:01:24","h":"Est","s":"25S-H60S000A-80-A"},{"r":"460","t":"18:05:23","h":"Est via Jarry","s":"25N-H58N200F-80-F2"},{"r":"460","t":"18:05:23","h":"Est via Jarry","s":"25N-H58N400F-80-F4"},{"r":"460","t":"18:05:23","h":"Est via Jarry","s":"25S-H58S100F-80-F1"},{"r":"460","t":"18:05:23","h":"Est via Jarry","s":"25S-H58S200F-80-F2"},{"r":"202","t":"18:11:17","h":"Est","s":"25N-H60N000S-80-S"},{"r":"202","t":"18:11:17","h":"Est","s":"25N-H60N000S-98-S"},{"r":"202","t":"18:11:17","h":"Est","s":"25N-H60NV10S-98-S"},{"r":"202","t":"18:11:17","h":"Est","s":"25N-H60NV20S-98-S"},{"r":"202","t":"18:11:17","h":"Est","s":"25S-H60S000S-80-S"},{"r":"460","t":"18:21:23","h":"Est via Jarry","s":"25N-H58N000S-80-S"},{"r":"460","t":"18:21:23","h":"Est via Jarry","s":"25N-H58NV10S-80-S"},{"r":"460","t":"18:21:23","h":"Est via Jarry","s":"25N-H58NV20S-80-S"},{"r":"460","t":"18:21:23","h":"Est via Jarry","s":"25S-H58S000S-80-S"},{"r":"202","t":"18:25:24","h":"Est","s":"25N-H60N000A-80-A"},{"r":"202","t":"18:25:24","h":"Est","s":"25N-H60N000I-80-I"},{"r":"202","t":"18:25:24","h":"Est","s":"25N-H60N100F-81-F1"},{"r":"202","t":"18:25:24","h":"Est","s":"25N-H60N200F-81-F2"},{"r":"202","t":"18:25:24","h":"Est","s":"25N-H60N300F-82-F3"},{"r":"202","t":"18:25:24","h":"Est","s":"25N-H60N400F-81-F4"},{"r":"202","t":"18:25:24","h":"Est","s":"25N-H60NV10A-80-A"},{"r":"202","t":"18:25:24","h":"Est","s":"25N-H60NV10I-80-I"},{"r":"202","t":"18:25:24","h":"Est","s":"25N-H60NV20A-80-A"},{"r":"202","t":"18:25:24","h":"Est","s":"25N-H60NV20I-80-I"},{"r":"202","t":"18:25:24","h":"Est","s":"25S-H60S000A-80-A"},{"r":"202","t":"18:25:24","h":"Est","s":"25S-H60S000I-80-I"},{"r":"202","t":"18:25:24","h":"Est","s":"25S-H60S100F-82-F1"},{"r":"202","t":"18:25:24","h":"Est","s":"25S-H60S200F-81-F2"},{"r":"460","t":"18:37:23","h":"Est via Jarry","s":"25N-H58N200F-80-F2"},{"r":"460","t":"18:37:23","h":"Est via Jarry","s":"25N-H58N400F-80-F4"},{"r":"460","t":"18:37:23","h":"Est via Jarry","s":"25S-H58S100F-80-F1"},{"r":"460","t":"18:37:23","h":"Est via Jarry","s":"25S-H58S200F-80-F2"},{"r":"202","t":"18:39:24","h":"Est","s":"25N-H60N000S-80-S"},{"r":"202","t":"18:39:24","h":"Est","s":"25N-H60N000S-98-S"},{"r":"202","t":"18:39:24","h":"Est","s":"25N-H60NV10S-98-S"},{"r":"202","t":"18:39:24","h":"Est","s":"25N-H60NV20S-98-S"},{"r":"202","t":"18:39:24","h":"Est","s":"25S-H60S000S-80-S"},{"r":"460","t":"18:41:23","h":"Est via Jarry","s":"25N-H58N000S-80-S"},{"r":"460","t":"18:41:23","h":"Est via Jarry","s":"25N-H58NV10S-80-S"},{"r":"460","t":"18:41:23","h":"Est via Jarry","s":"25N-H58NV20S-80-S"},{"r":"460","t":"18:41:23","h":"Est via Jarry","s":"25S-H58S000S-80-S"},{"r":"202","t":"18:51:24","h":"Est","s":"25N-H60N000A-80-A"},{"r":"202","t":"18:51:24","h":"Est","s":"25N-H60NV10A-80-A"},{"r":"202","t":"18:51:24","h":"Est","s":"25N-H60NV20A-80-A"},{"r":"202","t":"18:51:24","h":"Est","s":"25S-H60S000A-80-A"},{"r":"202","t":"18:56:24","h":"Est","s":"25N-H60N000I-80-I"},{"r":"202","t":"18:56:24","h":"Est","s":"25N-H60N100F-81-F1"},{"r":"202","t":"18:56:24","h":"Est","s":"25N-H60N200F-81-F2"},{"r":"202","t":"18:56:24","h":"Est","s":"25N-H60N300F-82-F3"},{"r":"202","t":"18:56:24","h":"Est","s":"25N-H60N400F-81-F4"},{"r":"202","t":"18:56:24","h":"Est","s":"25N-H60NV10I-80-I"},{"r":"202","t":"18:56:24","h":"Est","s":"25N-H60NV20I-80-I"},{"r":"202","t":"18:56:24","h":"Est","s":"25S-H60S000I-80-I"},{"r":"202","t":"18:56:24","h":"Est","s":"25S-H60S100F-82-F1"},{"r":"202","t":"18:56:24","h":"Est","s":"25S-H60S200F-81-F2"},{"r":"460","t":"19:01:23","h":"Est via Jarry","s":"25N-H58N000S-80-S"},{"r":"460","t":"19:01:23","h":"Est via Jarry","s":"25N-H58NV10S-80-S"},{"r":"460","t":"19:01:23","h":"Est via Jarry","s":"25N-H58NV20S-80-S"},{"r":"460","t":"19:01:23","h":"Est via Jarry","s":"25S-H58S000S-80-S"},{"r":"202","t":"19:08:24","h":"Est","s":"25N-H60N000S-80-S"},{"r":"202","t":"19:08:24","h":"Est","s":"25N-H60N000S-98-S"},{"r":"202","t":"19:08:24","h":"Est","s":"25N-H60NV10S-98-S"},{"r":"202","t":"19:08:24","h":"Est","s":"25N-H60NV20S-98-S"},{"r":"202","t":"19:08:24","h":"Est","s":"25S-H60S000S-80-S"},{"r":"460","t":"19:10:23","h":"Est via Jarry","s":"25N-H58N200F-80-F2"},{"r":"460","t":"19:10:23","h":"Est via Jarry","s":"25N-H58N400F-80-F4"},{"r":"460","t":"19:10:23","h":"Est via Jarry","s":"25S-H58S100F-80-F1"},{"r":"460","t":"19:10:23","h":"Est via Jarry","s":"25S-H58S200F-80-F2"},{"r":"202","t":"19:16:24","h":"Est","s":"25N-H60N000A-80-A"},{"r":"202","t":"19:16:24","h":"Est","s":"25N-H60NV10A-80-A"},{"r":"202","t":"19:16:24","h":"Est","s":"25N-H60NV20A-80-A"},{"r":"202","t":"19:16:24","h":"Est","s":"25S-H60S000A-80-A"},{"r":"460","t":"19:21:29","h":"Est via Jarry","s":"25N-H58N000S-80-S"},{"r":"460","t":"19:21:29","h":"Est via Jarry","s":"25N-H58NV10S-80-S"},{"r":"460","t":"19:21:29","h":"Est via Jarry","s":"25N-H58NV20S-80-S"},{"r":"460","t":"19:21:29","h":"Est via Jarry","s":"25S-H58S000S-80-S"},{"r":"202","t":"19:27:24","h":"Est","s":"25N-H60N000I-80-I"},{"r":"202","t":"19:27:24","h":"Est","s":"25N-H60N100F-81-F1"},{"r":"202","t":"19:27:24","h":"Est","s":"25N-H60N200F-81-F2"},{"r":"202","t":"19:27:24","h":"Est","s":"25N-H60N300F-82-F3"},{"r":"202","t":"19:27:24","h":"Est","s":"25N-H60N400F-81-F4"},{"r":"202","t":"19:27:24","h":"Est","s":"25N-H60NV10I-80-I"},{"r":"202","t":"19:27:24","h":"Est","s":"25N-H60NV20I-80-I"},{"r":"202","t":"19:27:24","h":"Est","s":"25S-H60S000I-80-I"},{"r":"202","t":"19:27:24","h":"Est","s":"25S-H60S100F-82-F1"},{"r":"202","t":"19:27:24","h":"Est","s":"25S-H60S200F-81-F2"},{"r":"202","t":"19:37:24","h":"Est","s":"25N-H60N000S-80-S"},{"r":"202","t":"19:37:24","h":"Est","s":"25N-H60N000S-98-S"},{"r":"202","t":"19:37:24","h":"Est","s":"25N-H60NV10S-98-S"},{"r":"202","t":"19:37:24","h":"Est","s":"25N-H60NV20S-98-S"},{"r":"202","t":"19:37:24","h":"Est","s":"25S-H60S000S-80-S"},{"r":"460","t":"19:42:29","h":"Est via Jarry","s":"25N-H58N000S-80-S"},{"r":"460","t":"19:42:29","h":"Est via Jarry","s":"25N-H58N200F-80-F2"},{"r":"460","t":"19:42:29","h":"Est via Jarry","s":"25N-H58N400F-80-F4"},{"r":"460","t":"19:42:29","h":"Est via Jarry","s":"25N-H58NV10S-80-S"},{"r":"460","t":"19:42:29","h":"Est via Jarry","s":"25N-H58NV20S-80-S"},{"r":"460","t":"19:42:29","h":"Est via Jarry","s":"25S-H58S000S-80-S"},{"r":"460","t":"19:42:29","h":"Est via Jarry","s":"25S-H58S100F-80-F1"},{"r":"460","t":"19:42:29","h":"Est via Jarry","s":"25S-H58S200F-80-F2"},{"r":"202","t":"19:46:24","h":"Est","s":"25N-H60N000A-80-A"},{"r":"202","t":"19:46:24","h":"Est","s":"25N-H60NV10A-80-A"},{"r":"202","t":"19:46:24","h":"Est","s":"25N-H60NV20A-80-A"},{"r":"202","t":"19:46:24","h":"Est","s":"25S-H60S000A-80-A"},{"r":"202","t":"19:57:24","h":"Est","s":"25N-H60N000I-80-I"},{"r":"202","t":"19:57:24","h":"Est","s":"25N-H60N100F-81-F1"},{"r":"202","t":"19:57:24","h":"Est","s":"25N-H60N200F-81-F2"},{"r":"202","t":"19:57:24","h":"Est","s":"25N-H60N300F-82-F3"},{"r":"202","t":"19:57:24","h":"Est","s":"25N-H60N400F-81-F4"},{"r":"202","t":"19:57:24","h":"Est","s":"25N-H60NV10I-80-I"},{"r":"202","t":"19:57:24","h":"Est","s":"25N-H60NV20I-80-I"},{"r":"202","t":"19:57:24","h":"Est","s":"25S-H60S000I-80-I"},{"r":"202","t":"19:57:24","h":"Est","s":"25S-H60S100F-82-F1"},{"r":"202","t":"19:57:24","h":"Est","s":"25S-H60S200F-81-F2"},{"r":"202","t":"20:06:24","h":"Est","s":"25N-H60N000S-80-S"},{"r":"202","t":"20:06:24","h":"Est","s":"25N-H60N000S-98-S"},{"r":"202","t":"20:06:24","h":"Est","s":"25N-H60NV10S-98-S"},{"r":"202","t":"20:06:24","h":"Est","s":"25N-H60NV20S-98-S"},{"r":"202","t":"20:06:24","h":"Est","s":"25S-H60S000S-80-S"},{"r":"202","t":"20:17:24","h":"Est","s":"25N-H60N000A-80-A"},{"r":"202","t":"20:17:24","h":"Est","s":"25N-H60NV10A-80-A"},{"r":"202","t":"20:17:24","h":"Est","s":"25N-H60NV20A-80-A"},{"r":"202","t":"20:17:24","h":"Est","s":"25S-H60S000A-80-A"},{"r":"202","t":"20:26:24","h":"Est","s":"25N-H60N000I-80-I"},{"r":"202","t":"20:26:24","h":"Est","s":"25N-H60N100F-81-F1"},{"r":"202","t":"20:26:24","h":"Est","s":"25N-H60N200F-81-F2"},{"r":"202","t":"20:26:24","h":"Est","s":"25N-H60N300F-82-F3"},{"r":"202","t":"20:26:24","h":"Est","s":"25N-H60N400F-81-F4"},{"r":"202","t":"20:26:24","h":"Est","s":"25N-H60NV10I-80-I"},{"r":"202","t":"20:26:24","h":"Est","s":"25N-H60NV20I-80-I"},{"r":"202","t":"20:26:24","h":"Est","s":"25S-H60S000I-80-I"},{"r":"202","t":"20:26:24","h":"Est","s":"25S-H60S100F-82-F1"},{"r":"202","t":"20:26:24","h":"Est","s":"25S-H60S200F-81-F2"},{"r":"202","t":"20:33:24","h":"Est","s":"25N-H60N000S-80-S"},{"r":"202","t":"20:33:24","h":"Est","s":"25N-H60N000S-98-S"},{"r":"202","t":"20:33:24","h":"Est","s":"25N-H60NV10S-98-S"},{"r":"202","t":"20:33:24","h":"Est","s":"25N-H60NV20S-98-S"},{"r":"202","t":"20:33:24","h":"Est","s":"25S-H60S000S-80-S"},{"r":"202","t":"20:45:31","h":"Est","s":"25N-H60N000A-80-A"},{"r":"202","t":"20:45:31","h":"Est","s":"25N-H60NV10A-80-A"},{"r":"202","t":"20:45:31","h":"Est","s":"25N-H60NV20A-80-A"},{"r":"202","t":"20:45:31","h":"Est","s":"25S-H60S000A-80-A"},{"r":"202","t":"20:54:24","h":"Est","s":"25N-H60N000I-80-I"},{"r":"202","t":"20:54:24","h":"Est","s":"25N-H60N100F-81-F1"},{"r":"202","t":"20:54:24","h":"Est","s":"25N-H60N200F-81-F2"},{"r":"202","t":"20:54:24","h":"Est","s":"25N-H60N300F-82-F3"},{"r":"202","t":"20:54:24","h":"Est","s":"25N-H60N400F-81-F4"},{"r":"202","t":"20:54:24","h":"Est","s":"25N-H60NV10I-80-I"},{"r":"202","t":"20:54:24","h":"Est","s":"25N-H60NV20I-80-I"},{"r":"202","t":"20:54:24","h":"Est","s":"25S-H60S000I-80-I"},{"r":"202","t":"20:54:24","h":"Est","s":"25S-H60S100F-82-F1"},{"r":"202","t":"20:54:24","h":"Est","s":"25S-H60S200F-81-F2"},{"r":"202","t":"20:59:24","h":"Est","s":"25N-H60N000S-80-S"},{"r":"202","t":"20:59:24","h":"Est","s":"25N-H60N000S-98-S"},{"r":"202","t":"20:59:24","h":"Est","s":"25N-H60NV10S-98-S"},{"r":"202","t":"20:59:24","h":"Est","s":"25N-H60NV20S-98-S"},{"r":"202","t":"20:59:24","h":"Est","s":"25S-H60S000S-80-S"},{"r":"202","t":"21:16:31","h":"Est","s":"25N-H60N000A-80-A"},{"r":"202","t":"21:16:31","h":"Est","s":"25N-H60NV10A-80-A"},{"r":"202","t":"21:16:31","h":"Est","s":"25N-H60NV20A-80-A"},{"r":"202","t":"21:16:31","h":"Est","s":"25S-H60S000A-80-A"},{"r":"202","t":"21:23:24","h":"Est","s":"25N-H60N000I-80-I"},{"r":"202","t":"21:23:24","h":"Est","s":"25N-H60N100F-81-F1"},{"r":"202","t":"21:23:24","h":"Est","s":"25N-H60N200F-81-F2"},{"r":"202","t":"21:23:24","h":"Est","s":"25N-H60N300F-82-F3"},{"r":"202","t":"21:23:24","h":"Est","s":"25N-H60N400F-81-F4"},{"r":"202","t":"21:23:24","h":"Est","s":"25N-H60NV10I-80-I"},{"r":"202","t":"21:23:24","h":"Est","s":"25N-H60NV20I-80-I"},{"r":"202","t":"21:23:24","h":"Est","s":"25S-H60S000I-80-I"},{"r":"202","t":"21:23:24","h":"Est","s":"25S-H60S100F-82-F1"},{"r":"202","t":"21:23:24","h":"Est","s":"25S-H60S200F-81-F2"},{"r":"202","t":"21:26:24","h":"Est","s":"25N-H60N000S-80-S"},{"r":"202","t":"21:26:24","h":"Est","s":"25N-H60N000S-98-S"},{"r":"202","t":"21:26:24","h":"Est","s":"25N-H60NV10S-98-S"},{"r":"202","t":"21:26:24","h":"Est","s":"25N-H60NV20S-98-S"},{"r":"202","t":"21:26:24","h":"Est","s":"25S-H60S000S-80-S"},{"r":"202","t":"21:44:31","h":"Est","s":"25N-H60N000A-80-A"},{"r":"202","t":"21:44:31","h":"Est","s":"25N-H60NV10A-80-A"},{"r":"202","t":"21:44:31","h":"Est","s":"25N-H60NV20A-80-A"},{"r":"202","t":"21:44:31","h":"Est","s":"25S-H60S000A-80-A"},{"r":"202","t":"21:52:24","h":"Est","s":"25N-H60N000I-80-I"},{"r":"202","t":"21:52:24","h":"Est","s":"25N-H60N000S-80-S"},{"r":"202","t":"21:52:24","h":"Est","s":"25N-H60N000S-98-S"},{"r":"202","t":"21:52:24","h":"Est","s":"25N-H60N100F-81-F1"},{"r":"202","t":"21:52:24","h":"Est","s":"25N-H60N200F-81-F2"},{"r":"202","t":"21:52:24","h":"Est","s":"25N-H60N300F-82-F3"},{"r":"202","t":"21:52:24","h":"Est","s":"25N-H60N400F-81-F4"},{"r":"202","t":"21:52:24","h":"Est","s":"25N-H60NV10I-80-I"},{"r":"202","t":"21:52:24","h":"Est","s":"25N-H60NV10S-98-S"},{"r":"202","t":"21:52:24","h":"Est","s":"25N-H60NV20I-80-I"},{"r":"202","t":"21:52:24","h":"Est","s":"25N-H60NV20S-98-S"},{"r":"202","t":"21:52:24","h":"Est","s":"25S-H60S000I-80-I"},{"r":"202","t":"21:52:24","h":"Est","s":"25S-H60S000S-80-S"},{"r":"202","t":"21:52:24","h":"Est","s":"25S-H60S100F-82-F1"},{"r":"202","t":"21:52:24","h":"Est","s":"25S-H60S200F-81-F2"},{"r":"202","t":"22:13:31","h":"Est","s":"25N-H60N000A-80-A"},{"r":"202","t":"22:13:31","h":"Est","s":"25N-H60NV10A-80-A"},{"r":"202","t":"22:13:31","h":"Est","s":"25N-H60NV20A-80-A"},{"r":"202","t":"22:13:31","h":"Est","s":"25S-H60S000A-80-A"},{"r":"202","t":"22:18:24","h":"Est","s":"25N-H60N000S-80-S"},{"r":"202","t":"22:18:24","h":"Est","s":"25N-H60N000S-98-S"},{"r":"202","t":"22:18:24","h":"Est","s":"25N-H60NV10S-98-S"},{"r":"202","t":"22:18:24","h":"Est","s":"25N-H60NV20S-98-S"},{"r":"202","t":"22:18:24","h":"Est","s":"25S-H60S000S-80-S"},{"r":"202","t":"22:21:24","h":"Est","s":"25N-H60N000I-80-I"},{"r":"202","t":"22:21:24","h":"Est","s":"25N-H60N100F-81-F1"},{"r":"202","t":"22:21:24","h":"Est","s":"25N-H60N200F-81-F2"},{"r":"202","t":"22:21:24","h":"Est","s":"25N-H60N300F-82-F3"},{"r":"202","t":"22:21:24","h":"Est","s":"25N-H60N400F-81-F4"},{"r":"202","t":"22:21:24","h":"Est","s":"25N-H60NV10I-80-I"},{"r":"202","t":"22:21:24","h":"Est","s":"25N-H60NV20I-80-I"},{"r":"202","t":"22:21:24","h":"Est","s":"25S-H60S000I-80-I"},{"r":"202","t":"22:21:24","h":"Est","s":"25S-H60S100F-82-F1"},{"r":"202","t":"22:21:24","h":"Est","s":"25S-H60S200F-81-F2"},{"r":"202","t":"22:42:31","h":"Est","s":"25N-H60N000A-80-A"},{"r":"202","t":"22:42:31","h":"Est","s":"25N-H60NV10A-80-A"},{"r":"202","t":"22:42:31","h":"Est","s":"25N-H60NV20A-80-A"},{"r":"202","t":"22:42:31","h":"Est","s":"25S-H60S000A-80-A"},{"r":"202","t":"22:45:24","h":"Est","s":"25N-H60N000S-80-S"},{"r":"202","t":"22:45:24","h":"Est","s":"25N-H60N000S-98-S"},{"r":"202","t":"22:45:24","h":"Est","s":"25N-H60NV10S-98-S"},{"r":"202","t":"22:45:24","h":"Est","s":"25N-H60NV20S-98-S"},{"r":"202","t":"22:45:24","h":"Est","s":"25S-H60S000S-80-S"},{"r":"202","t":"22:48:31","h":"Est","s":"25N-H60N000I-80-I"},{"r":"202","t":"22:48:31","h":"Est","s":"25N-H60N100F-81-F1"},{"r":"202","t":"22:48:31","h":"Est","s":"25N-H60N200F-81-F2"},{"r":"202","t":"22:48:31","h":"Est","s":"25N-H60N300F-82-F3"},{"r":"202","t":"22:48:31","h":"Est","s":"25N-H60N400F-81-F4"},{"r":"202","t":"22:48:31","h":"Est","s":"25N-H60NV10I-80-I"},{"r":"202","t":"22:48:31","h":"Est","s":"25N-H60NV20I-80-I"},{"r":"202","t":"22:48:31","h":"Est","s":"25S-H60S000I-80-I"},{"r":"202","t":"22:48:31","h":"Est","s":"25S-H60S100F-82-F1"},{"r":"202","t":"22:48:31","h":"Est","s":"25S-H60S200F-81-F2"},{"r":"202","t":"23:12:24","h":"Est","s":"25N-H60N000S-80-S"},{"r":"202","t":"23:12:24","h":"Est","s":"25N-H60N000S-98-S"},{"r":"202","t":"23:12:24","h":"Est","s":"25N-H60NV10S-98-S"},{"r":"202","t":"23:12:24","h":"Est","s":"25N-H60NV20S-98-S"},{"r":"202","t":"23:12:24","h":"Est","s":"25S-H60S000S-80-S"},{"r":"202","t":"23:13:31","h":"Est","s":"25N-H60N000A-80-A"},{"r":"202","t":"23:13:31","h":"Est","s":"25N-H60NV10A-80-A"},{"r":"202","t":"23:13:31","h":"Est","s":"25N-H60NV20A-80-A"},{"r":"202","t":"23:13:31","h":"Est","s":"25S-H60S000A-80-A"},{"r":"202","t":"23:15:31","h":"Est","s":"25N-H60N000I-80-I"},{"r":"202","t":"23:15:31","h":"Est","s":"25N-H60N100F-81-F1"},{"r":"202","t":"23:15:31","h":"Est","s":"25N-H60N200F-81-F2"},{"r":"202","t":"23:15:31","h":"Est","s":"25N-H60N300F-82-F3"},{"r":"202","t":"23:15:31","h":"Est","s":"25N-H60N400F-81-F4"},{"r":"202","t":"23:15:31","h":"Est","s":"25N-H60NV10I-80-I"},{"r":"202","t":"23:15:31","h":"Est","s":"25N-H60NV20I-80-I"},{"r":"202","t":"23:15:31","h":"Est","s":"25S-H60S000I-80-I"},{"r":"202","t":"23:15:31","h":"Est","s":"25S-H60S100F-82-F1"},{"r":"202","t":"23:15:31","h":"Est","s":"25S-H60S200F-81-F2"},{"r":"202","t":"23:39:24","h":"Est","s":"25N-H60N000S-80-S"},{"r":"202","t":"23:39:24","h":"Est","s":"25N-H60N000S-98-S"},{"r":"202","t":"23:39:24","h":"Est","s":"25N-H60NV10S-98-S"},{"r":"202","t":"23:39:24","h":"Est","s":"25N-H60NV20S-98-S"},{"r":"202","t":"23:39:24","h":"Est","s":"25S-H60S000S-80-S"},{"r":"202","t":"23:41:31","h":"Est","s":"25N-H60N000A-80-A"},{"r":"202","t":"23:41:31","h":"Est","s":"25N-H60NV10A-80-A"},{"r":"202","t":"23:41:31","h":"Est","s":"25N-H60NV20A-80-A"},{"r":"202","t":"23:41:31","h":"Est","s":"25S-H60S000A-80-A"},{"r":"202","t":"23:43:31","h":"Est","s":"25N-H60N000I-80-I"},{"r":"202","t":"23:43:31","h":"Est","s":"25N-H60N100F-81-F1"},{"r":"202","t":"23:43:31","h":"Est","s":"25N-H60N200F-81-F2"},{"r":"202","t":"23:43:31","h":"Est","s":"25N-H60N300F-82-F3"},{"r":"202","t":"23:43:31","h":"Est","s":"25N-H60N400F-81-F4"},{"r":"202","t":"23:43:31","h":"Est","s":"25N-H60NV10I-80-I"},{"r":"202","t":"23:43:31","h":"Est","s":"25N-H60NV20I-80-I"},{"r":"202","t":"23:43:31","h":"Est","s":"25S-H60S000I-80-I"},{"r":"202","t":"23:43:31","h":"Est","s":"25S-H60S100F-82-F1"},{"r":"202","t":"23:43:31","h":"Est","s":"25S-H60S200F-81-F2"},{"r":"202","t":"24:05:24","h":"Est","s":"25N-H60N000S-80-S"},{"r":"202","t":"24:05:24","h":"Est","s":"25N-H60N000S-98-S"},{"r":"202","t":"24:05:24","h":"Est","s":"25N-H60NV10S-98-S"},{"r":"202","t":"24:05:24","h":"Est","s":"25N-H60NV20S-98-S"},{"r":"202","t":"24:05:24","h":"Est","s":"25S-H60S000S-80-S"},{"r":"202","t":"24:08:31","h":"Est","s":"25N-H60N000I-80-I"},{"r":"202","t":"24:08:31","h":"Est","s":"25N-H60N100F-81-F1"},{"r":"202","t":"24:08:31","h":"Est","s":"25N-H60N200F-81-F2"},{"r":"202","t":"24:08:31","h":"Est","s":"25N-H60N300F-82-F3"},{"r":"202","t":"24:08:31","h":"Est","s":"25N-H60N400F-81-F4"},{"r":"202","t":"24:08:31","h":"Est","s":"25N-H60NV10I-80-I"},{"r":"202","t":"24:08:31","h":"Est","s":"25N-H60NV20I-80-I"},{"r":"202","t":"24:08:31","h":"Est","s":"25S-H60S000I-80-I"},{"r":"202","t":"24:08:31","h":"Est","s":"25S-H60S100F-82-F1"},{"r":"202","t":"24:08:31","h":"Est","s":"25S-H60S200F-81-F2"},{"r":"202","t":"24:10:31","h":"Est","s":"25N-H60N000A-80-A"},{"r":"202","t":"24:10:31","h":"Est","s":"25N-H60NV10A-80-A"},{"r":"202","t":"24:10:31","h":"Est","s":"25N-H60NV20A-80-A"},{"r":"202","t":"24:10:31","h":"Est","s":"25S-H60S000A-80-A"},{"r":"202","t":"24:35:31","h":"Est","s":"25N-H60N000I-80-I"},{"r":"202","t":"24:35:31","h":"Est","s":"25N-H60N100F-81-F1"},{"r":"202","t":"24:35:31","h":"Est","s":"25N-H60N200F-81-F2"},{"r":"202","t":"24:35:31","h":"Est","s":"25N-H60N300F-82-F3"},{"r":"202","t":"24:35:31","h":"Est","s":"25N-H60N400F-81-F4"},{"r":"202","t":"24:35:31","h":"Est","s":"25N-H60NV10I-80-I"},{"r":"202","t":"24:35:31","h":"Est","s":"25N-H60NV20I-80-I"},{"r":"202","t":"24:35:31","h":"Est","s":"25S-H60S000I-80-I"},{"r":"202","t":"24:35:31","h":"Est","s":"25S-H60S100F-82-F1"},{"r":"202","t":"24:35:31","h":"Est","s":"25S-H60S200F-81-F2"},{"r":"202","t":"24:39:31","h":"Est","s":"25N-H60N000A-80-A"},{"r":"202","t":"24:39:31","h":"Est","s":"25N-H60NV10A-80-A"},{"r":"202","t":"24:39:31","h":"Est","s":"25N-H60NV20A-80-A"},{"r":"202","t":"24:39:31","h":"Est","s":"25S-H60S000A-80-A"},{"r":"202","t":"24:41:24","h":"Est","s":"25N-H60N000S-80-S"},{"r":"202","t":"24:41:24","h":"Est","s":"25N-H60N000S-98-S"},{"r":"202","t":"24:41:24","h":"Est","s":"25N-H60NV10S-98-S"},{"r":"202","t":"24:41:24","h":"Est","s":"25N-H60NV20S-98-S"},{"r":"202","t":"24:41:24","h":"Est","s":"25S-H60S000S-80-S"},{"r":"378","t":"25:36:11","h":"Est","s":"25N-H60N000A-80-A"},{"r":"378","t":"25:36:11","h":"Est","s":"25N-H60N000I-80-I"},{"r":"378","t":"25:36:11","h":"Est","s":"25N-H60N000S-80-S"},{"r":"378","t":"25:36:11","h":"Est","s":"25N-H60N000S-98-S"},{"r":"378","t":"25:36:11","h":"Est","s":"25N-H60N100F-81-F1"},{"r":"378","t":"25:36:11","h":"Est","s":"25N-H60N200F-81-F2"},{"r":"378","t":"25:36:11","h":"Est","s":"25N-H60N300F-82-F3"},{"r":"378","t":"25:36:11","h":"Est","s":"25N-H60N400F-81-F4"},{"r":"378","t":"25:36:11","h":"Est","s":"25N-H60NV10A-80-A"},{"r":"378","t":"25:36:11","h":"Est","s":"25N-H60NV10I-80-I"},{"r":"378","t":"25:36:11","h":"Est","s":"25N-H60NV10S-98-S"},{"r":"378","t":"25:36:11","h":"Est","s":"25N-H60NV20A-80-A"},{"r":"378","t":"25:36:11","h":"Est","s":"25N-H60NV20I-80-I"},{"r":"378","t":"25:36:11","h":"Est","s":"25N-H60NV20S-98-S"},{"r":"378","t":"25:36:11","h":"Est","s":"25S-H60S000A-80-A"},{"r":"378","t":"25:36:11","h":"Est","s":"25S-H60S000I-80-I"},{"r":"378","t":"25:36:11","h":"Est","s":"25S-H60S000S-80-S"},{"r":"378","t":"25:36:11","h":"Est","s":"25S-H60S100F-82-F1"},{"r":"378","t":"25:36:11","h":"Est","s":"25S-H60S200F-81-F2"},{"r":"378","t":"26:27:11","h":"Est","s":"25N-H60N000A-80-A"},{"r":"378","t":"26:27:11","h":"Est","s":"25N-H60N000I-80-I"},{"r":"378","t":"26:27:11","h":"Est","s":"25N-H60N000S-80-S"},{"r":"378","t":"26:27:11","h":"Est","s":"25N-H60N000S-98-S"},{"r":"378","t":"26:27:11","h":"Est","s":"25N-H60N100F-81-F1"},{"r":"378","t":"26:27:11","h":"Est","s":"25N-H60N200F-81-F2"},{"r":"378","t":"26:27:11","h":"Est","s":"25N-H60N300F-82-F3"},{"r":"378","t":"26:27:11","h":"Est","s":"25N-H60N400F-81-F4"},{"r":"378","t":"26:27:11","h":"Est","s":"25N-H60NV10A-80-A"},{"r":"378","t":"26:27:11","h":"Est","s":"25N-H60NV10I-80-I"},{"r":"378","t":"26:27:11","h":"Est","s":"25N-H60NV10S-98-S"},{"r":"378","t":"26:27:11","h":"Est","s":"25N-H60NV20A-80-A"},{"r":"378","t":"26:27:11","h":"Est","s":"25N-H60NV20I-80-I"},{"r":"378","t":"26:27:11","h":"Est","s":"25N-H60NV20S-98-S"},{"r":"378","t":"26:27:11","h":"Est","s":"25S-H60S000A-80-A"},{"r":"378","t":"26:27:11","h":"Est","s":"25S-H60S000I-80-I"},{"r":"378","t":"26:27:11","h":"Est","s":"25S-H60S000S-80-S"},{"r":"378","t":"26:27:11","h":"Est","s":"25S-H60S100F-82-F1"},{"r":"378","t":"26:27:11","h":"Est","s":"25S-H60S200F-81-F2"},{"r":"378","t":"27:17:11","h":"Est","s":"25N-H60N000I-80-I"},{"r":"378","t":"27:17:11","h":"Est","s":"25N-H60N100F-81-F1"},{"r":"378","t":"27:17:11","h":"Est","s":"25N-H60N200F-81-F2"},{"r":"378","t":"27:17:11","h":"Est","s":"25N-H60N300F-82-F3"},{"r":"378","t":"27:17:11","h":"Est","s":"25N-H60N400F-81-F4"},{"r":"378","t":"27:17:11","h":"Est","s":"25N-H60NV10I-80-I"},{"r":"378","t":"27:17:11","h":"Est","s":"25N-H60NV20I-80-I"},{"r":"378","t":"27:17:11","h":"Est","s":"25S-H60S000I-80-I"},{"r":"378","t":"27:17:11","h":"Est","s":"25S-H60S100F-82-F1"},{"r":"378","t":"27:17:11","h":"Est","s":"25S-H60S200F-81-F2"},{"r":"378","t":"27:18:11","h":"Est","s":"25N-H60N000A-80-A"},{"r":"378","t":"27:18:11","h":"Est","s":"25N-H60NV10A-80-A"},{"r":"378","t":"27:18:11","h":"Est","s":"25N-H60NV20A-80-A"},{"r":"378","t":"27:18:11","h":"Est","s":"25S-H60S000A-80-A"},{"r":"378","t":"27:24:11","h":"Est","s":"25N-H60N000S-80-S"},{"r":"378","t":"27:24:11","h":"Est","s":"25N-H60N000S-98-S"},{"r":"378","t":"27:24:11","h":"Est","s":"25N-H60NV10S-98-S"},{"r":"378","t":"27:24:11","h":"Est","s":"25N-H60NV20S-98-S"},{"r":"378","t":"27:24:11","h":"Est","s":"25S-H60S000S-80-S"},{"r":"378","t":"28:09:11","h":"Est","s":"25N-H60N000A-80-A"},{"r":"378","t":"28:09:11","h":"Est","s":"25N-H60NV10A-80-A"},{"r":"378","t":"28:09:11","h":"Est","s":"25N-H60NV20A-80-A"},{"r":"378","t":"28:09:11","h":"Est","s":"25S-H60S000A-80-A"},{"r":"378","t":"28:10:11","h":"Est","s":"25N-H60N000I-80-I"},{"r":"378","t":"28:10:11","h":"Est","s":"25N-H60N100F-81-F1"},{"r":"378","t":"28:10:11","h":"Est","s":"25N-H60N200F-81-F2"},{"r":"378","t":"28:10:11","h":"Est","s":"25N-H60N300F-82-F3"},{"r":"378","t":"28:10:11","h":"Est","s":"25N-H60N400F-81-F4"},{"r":"378","t":"28:10:11","h":"Est","s":"25N-H60NV10I-80-I"},{"r":"378","t":"28:10:11","h":"Est","s":"25N-H60NV20I-80-I"},{"r":"378","t":"28:10:11","h":"Est","s":"25S-H60S000I-80-I"},{"r":"378","t":"28:10:11","h":"Est","s":"25S-H60S100F-82-F1"},{"r":"378","t":"28:10:11","h":"Est","s":"25S-H60S200F-81-F2"},{"r":"378","t":"28:13:11","h":"Est","s":"25N-H60N000S-80-S"},{"r":"378","t":"28:13:11","h":"Est","s":"25N-H60N000S-98-S"},{"r":"378","t":"28:13:11","h":"Est","s":"25N-H60NV10S-98-S"},{"r":"378","t":"28:13:11","h":"Est","s":"25N-H60NV20S-98-S"},{"r":"378","t":"28:13:11","h":"Est","s":"25S-H60S000S-80-S"}]