[{"r":"128","t":"05:42:15","h":"Nord","s":"25N-H50N000S-80-S"},{"r":"128","t":"05:42:15","h":"Nord","s":"25N-H50N000S-90-S"},{"r":"128","t":"05:42:15","h":"Nord","s":"25N-H50NV10S-90-S"},{"r":"128","t":"05:42:15","h":"Nord","s":"25N-H50NV20S-90-S"},{"r":"128","t":"05:42:15","h":"Nord","s":"25S-H50S000S-81-S"},{"r":"128","t":"06:15:15","h":"Nord","s":"25N-H50N000S-80-S"},{"r":"128","t":"06:15:15","h":"Nord","s":"25N-H50N000S-90-S"},{"r":"128","t":"06:15:15","h":"Nord","s":"25N-H50NV10S-90-S"},{"r":"128","t":"06:15:15","h":"Nord","s":"25N-H50NV20S-90-S"},{"r":"128","t":"06:15:15","h":"Nord","s":"25S-H50S000S-81-S"},{"r":"128","t":"06:30:41","h":"Nord","s":"25N-H50N000A-80-A"},{"r":"128","t":"06:30:41","h":"Nord","s":"25N-H50N000A-90-A"},{"r":"128","t":"06:30:41","h":"Nord","s":"25N-H50NV10A-90-A"},{"r":"128","t":"06:30:41","h":"Nord","s":"25N-H50NV20A-90-A"},{"r":"128","t":"06:30:41","h":"Nord","s":"25S-H50S000A-81-A"},{"r":"128","t":"06:31:41","h":"Nord","s":"25N-H50N000I-80-I"},{"r":"128","t":"06:31:41","h":"Nord","s":"25N-H50N000I-90-I"},{"r":"128","t":"06:31:41","h":"Nord","s":"25N-H50N100F-90-F1"},{"r":"128","t":"06:31:41","h":"Nord","s":"25N-H50N200F-90-F2"},{"r":"128","t":"06:31:41","h":"Nord","s":"25N-H50N300F-90-F3"},{"r":"128","t":"06:31:41","h":"Nord","s":"25N-H50N400F-90-F4"},{"r":"128","t":"06:31:41","h":"Nord","s":"25N-H50NV10I-90-I"},{"r":"128","t":"06:31:41","h":"Nord","s":"25N-H50NV20I-90-I"},{"r":"128","t":"06:31:41","h":"Nord","s":"25S-H50S000I-81-I"},{"r":"128","t":"06:31:41","h":"Nord","s":"25S-H50S100F-80-F1"},{"r":"128","t":"06:31:41","h":"Nord","s":"25S-H50S200F-80-F2"},{"r":"128","t":"06:47:15","h":"Nord","s":"25N-H50N000S-80-S"},{"r":"128","t":"06:47:15","h":"Nord","s":"25N-H50N000S-90-S"},{"r":"128","t":"06:47:15","h":"Nord","s":"25N-H50NV10S-90-S"},{"r":"128","t":"06:47:15","h":"Nord","s":"25N-H50NV20S-90-S"},{"r":"128","t":"06:47:15","h":"Nord","s":"25S-H50S000S-81-S"},{"r":"128","t":"07:09:41","h":"Nord","s":"25N-H50N000I-80-I"},{"r":"128","t":"07:09:41","h":"Nord","s":"25N-H50N000I-90-I"},{"r":"128","t":"07:09:41","h":"Nord","s":"25N-H50N100F-90-F1"},{"r":"128","t":"07:09:41","h":"Nord","s":"25N-H50N200F-90-F2"},{"r":"128","t":"07:09:41","h":"Nord","s":"25N-H50N300F-90-F3"},{"r":"128","t":"07:09:41","h":"Nord","s":"25N-H50N400F-90-F4"},{"r":"128","t":"07:09:41","h":"Nord","s":"25N-H50NV10I-90-I"},{"r":"128","t":"07:09:41","h":"Nord","s":"25N-H50NV20I-90-I"},{"r":"128","t":"07:09:41","h":"Nord","s":"25S-H50S000I-81-I"},{"r":"128","t":"07:09:41","h":"Nord","s":"25S-H50S100F-80-F1"},{"r":"128","t":"07:09:41","h":"Nord","s":"25S-H50S200F-80-F2"},{"r":"128","t":"07:10:41","h":"Nord","s":"25N-H50N000A-80-A"},{"r":"128","t":"07:10:41","h":"Nord","s":"25N-H50N000A-90-A"},{"r":"128","t":"07:10:41","h":"Nord","s":"25N-H50NV10A-90-A"},{"r":"128","t":"07:10:41","h":"Nord","s":"25N-H50NV20A-90-A"},{"r":"128","t":"07:10:41","h":"Nord","s":"25S-H50S000A-81-A"},{"r":"128","t":"07:14:15","h":"Nord","s":"25N-H50N000S-80-S"},{"r":"128","t":"07:14:15","h":"Nord","s":"25N-H50N000S-90-S"},{"r":"128","t":"07:14:15","h":"Nord","s":"25N-H50NV10S-90-S"},{"r":"128","t":"07:14:15","h":"Nord","s":"25N-H50NV20S-90-S"},{"r":"128","t":"07:14:15","h":"Nord","s":"25S-H50S000S-81-S"},{"r":"128","t":"07:47:15","h":"Nord","s":"25N-H50N000I-80-I"},{"r":"128","t":"07:47:15","h":"Nord","s":"25N-H50N000I-90-I"},{"r":"128","t":"07:47:15","h":"Nord","s":"25N-H50N000S-80-S"},{"r":"128","t":"07:47:15","h":"Nord","s":"25N-H50N000S-90-S"},{"r":"128","t":"07:47:15","h":"Nord","s":"25N-H50N100F-90-F1"},{"r":"128","t":"07:47:15","h":"Nord","s":"25N-H50N200F-90-F2"},{"r":"128","t":"07:47:15","h":"Nord","s":"25N-H50N300F-90-F3"},{"r":"128","t":"07:47:15","h":"Nord","s":"25N-H50N400F-90-F4"},{"r":"128","t":"07:47:15","h":"Nord","s":"25N-H50NV10I-90-I"},{"r":"128","t":"07:47:15","h":"Nord","s":"25N-H50NV10S-90-S"},{"r":"128","t":"07:47:15","h":"Nord","s":"25N-H50NV20I-90-I"},{"r":"128","t":"07:47:15","h":"Nord","s":"25N-H50NV20S-90-S"},{"r":"128","t":"07:47:15","h":"Nord","s":"25S-H50S000I-81-I"},{"r":"128","t":"07:47:15","h":"Nord","s":"25S-H50S000S-81-S"},{"r":"128","t":"07:47:15","h":"Nord","s":"25S-H50S100F-80-F1"},{"r":"128","t":"07:47:15","h":"Nord","s":"25S-H50S200F-80-F2"},{"r":"128","t":"07:48:15","h":"Nord","s":"25N-H50N000A-80-A"},{"r":"128","t":"07:48:15","h":"Nord","s":"25N-H50N000A-90-A"},{"r":"128","t":"07:48:15","h":"Nord","s":"25N-H50NV10A-90-A"},{"r":"128","t":"07:48:15","h":"Nord","s":"25N-H50NV20A-90-A"},{"r":"128","t":"07:48:15","h":"Nord","s":"25S-H50S000A-81-A"},{"r":"128","t":"08:19:15","h":"Nord","s":"25N-H50N000S-80-S"},{"r":"128","t":"08:19:15","h":"Nord","s":"25N-H50N000S-90-S"},{"r":"128","t":"08:19:15","h":"Nord","s":"25N-H50NV10S-90-S"},{"r":"128","t":"08:19:15","h":"Nord","s":"25N-H50NV20S-90-S"},{"r":"128","t":"08:19:15","h":"Nord","s":"25S-H50S000S-81-S"},{"r":"128","t":"08:21:15","h":"Nord","s":"25N-H50N000I-80-I"},{"r":"128","t":"08:21:15","h":"Nord","s":"25N-H50N000I-90-I"},{"r":"128","t":"08:21:15","h":"Nord","s":"25N-H50N100F-90-F1"},{"r":"128","t":"08:21:15","h":"Nord","s":"25N-H50N200F-90-F2"},{"r":"128","t":"08:21:15","h":"Nord","s":"25N-H50N300F-90-F3"},{"r":"128","t":"08:21:15","h":"Nord","s":"25N-H50N400F-90-F4"},{"r":"128","t":"08:21:15","h":"Nord","s":"25N-H50NV10I-90-I"},{"r":"128","t":"08:21:15","h":"Nord","s":"25N-H50NV20I-90-I"},{"r":"128","t":"08:21:15","h":"Nord","s":"25S-H50S000I-81-I"},{"r":"128","t":"08:21:15","h":"Nord","s":"25S-H50S100F-80-F1"},{"r":"128","t":"08:21:15","h":"Nord","s":"25S-H50S200F-80-F2"},{"r":"128","t":"08:26:15","h":"Nord","s":"25N-H50N000A-80-A"},{"r":"128","t":"08:26:15","h":"Nord","s":"25N-H50N000A-90-A"},{"r":"128","t":"08:26:15","h":"Nord","s":"25N-H50NV10A-90-A"},{"r":"128","t":"08:26:15","h":"Nord","s":"25N-H50NV20A-90-A"},{"r":"128","t":"08:26:15","h":"Nord","s":"25S-H50S000A-81-A"},{"r":"128","t":"08:51:15","h":"Nord","s":"25N-H50N000S-80-S"},{"r":"128","t":"08:51:15","h":"Nord","s":"25N-H50N000S-90-S"},{"r":"128","t":"08:51:15","h":"Nord","s":"25N-H50NV10S-90-S"},{"r":"128","t":"08:51:15","h":"Nord","s":"25N-H50NV20S-90-S"},{"r":"128","t":"08:51:15","h":"Nord","s":"25S-H50S000S-81-S"},{"r":"128","t":"08:55:15","h":"Nord","s":"25N-H50N000A-80-A"},{"r":"128","t":"08:55:15","h":"Nord","s":"25N-H50N000A-90-A"},{"r":"128","t":"08:55:15","h":"Nord","s":"25N-H50N000I-80-I"},{"r":"128","t":"08:55:15","h":"Nord","s":"25N-H50N000I-90-I"},{"r":"128","t":"08:55:15","h":"Nord","s":"25N-H50N100F-90-F1"},{"r":"128","t":"08:55:15","h":"Nord","s":"25N-H50N200F-90-F2"},{"r":"128","t":"08:55:15","h":"Nord","s":"25N-H50N300F-90-F3"},{"r":"128","t":"08:55:15","h":"Nord","s":"25N-H50N400F-90-F4"},{"r":"128","t":"08:55:15","h":"Nord","s":"25N-H50NV10A-90-A"},{"r":"128","t":"08:55:15","h":"Nord","s":"25N-H50NV10I-90-I"},{"r":"128","t":"08:55:15","h":"Nord","s":"25N-H50NV20A-90-A"},{"r":"128","t":"08:55:15","h":"Nord","s":"25N-H50NV20I-90-I"},{"r":"128","t":"08:55:15","h":"Nord","s":"25S-H50S000A-81-A"},{"r":"128","t":"08:55:15","h":"Nord","s":"25S-H50S000I-81-I"},{"r":"128","t":"08:55:15","h":"Nord","s":"25S-H50S100F-80-F1"},{"r":"128","t":"08:55:15","h":"Nord","s":"25S-H50S200F-80-F2"},{"r":"128","t":"09:28:15","h":"Nord","s":"25N-H50N000A-80-A"},{"r":"128","t":"09:28:15","h":"Nord","s":"25N-H50N000A-90-A"},{"r":"128","t":"09:28:15","h":"Nord","s":"25N-H50N000S-80-S"},{"r":"128","t":"09:28:15","h":"Nord","s":"25N-H50N000S-90-S"},{"r":"128","t":"09:28:15","h":"Nord","s":"25N-H50NV10A-90-A"},{"r":"128","t":"09:28:15","h":"Nord","s":"25N-H50NV10S-90-S"},{"r":"128","t":"09:28:15","h":"Nord","s":"25N-H50NV20A-90-A"},{"r":"128","t":"09:28:15","h":"Nord","s":"25N-H50NV20S-90-S"},{"r":"128","t":"09:28:15","h":"Nord","s":"25S-H50S000A-81-A"},{"r":"128","t":"09:28:15","h":"Nord","s":"25S-H50S000S-81-S"},{"r":"128","t":"09:32:15","h":"Nord","s":"25N-H50N000I-80-I"},{"r":"128","t":"09:32:15","h":"Nord","s":"25N-H50N000I-90-I"},{"r":"128","t":"09:32:15","h":"Nord","s":"25N-H50N100F-90-F1"},{"r":"128","t":"09:32:15","h":"Nord","s":"25N-H50N200F-90-F2"},{"r":"128","t":"09:32:15","h":"Nord","s":"25N-H50N300F-90-F3"},{"r":"128","t":"09:32:15","h":"Nord","s":"25N-H50N400F-90-F4"},{"r":"128","t":"09:32:15","h":"Nord","s":"25N-H50NV10I-90-I"},{"r":"128","t":"09:32:15","h":"Nord","s":"25N-H50NV20I-90-I"},{"r":"128","t":"09:32:15","h":"Nord","s":"25S-H50S000I-81-I"},{"r":"128","t":"09:32:15","h":"Nord","s":"25S-H50S100F-80-F1"},{"r":"128","t":"09:32:15","h":"Nord","s":"25S-H50S200F-80-F2"},{"r":"128","t":"09:50:15","h":"Nord","s":"25N-H50N000S-80-S"},{"r":"128","t":"09:50:15","h":"Nord","s":"25N-H50N000S-90-S"},{"r":"128","t":"09:50:15","h":"Nord","s":"25N-H50NV10S-90-S"},{"r":"128","t":"09:50:15","h":"Nord","s":"25N-H50NV20S-90-S"},{"r":"128","t":"09:50:15","h":"Nord","s":"25S-H50S000S-81-S"},{"r":"128","t":"09:56:15","h":"Nord","s":"25N-H50N000A-80-A"},{"r":"128","t":"09:56:15","h":"Nord","s":"25N-H50N000A-90-A"},{"r":"128","t":"09:56:15","h":"Nord","s":"25N-H50NV10A-90-A"},{"r":"128","t":"09:56:15","h":"Nord","s":"25N-H50NV20A-90-A"},{"r":"128","t":"09:56:15","h":"Nord","s":"25S-H50S000A-81-A"},{"r":"128","t":"10:08:15","h":"Nord","s":"25N-H50N000I-80-I"},{"r":"128","t":"10:08:15","h":"Nord","s":"25N-H50N000I-90-I"},{"r":"128","t":"10:08:15","h":"Nord","s":"25N-H50N100F-90-F1"},{"r":"128","t":"10:08:15","h":"Nord","s":"25N-H50N200F-90-F2"},{"r":"128","t":"10:08:15","h":"Nord","s":"25N-H50N300F-90-F3"},{"r":"128","t":"10:08:15","h":"Nord","s":"25N-H50N400F-90-F4"},{"r":"128","t":"10:08:15","h":"Nord","s":"25N-H50NV10I-90-I"},{"r":"128","t":"10:08:15","h":"Nord","s":"25N-H50NV20I-90-I"},{"r":"128","t":"10:08:15","h":"Nord","s":"25S-H50S000I-81-I"},{"r":"128","t":"10:08:15","h":"Nord","s":"25S-H50S100F-80-F1"},{"r":"128","t":"10:08:15","h":"Nord","s":"25S-H50S200F-80-F2"},{"r":"128","t":"10:19:15","h":"Nord","s":"25N-H50N000S-80-S"},{"r":"128","t":"10:19:15","h":"Nord","s":"25N-H50N000S-90-S"},{"r":"128","t":"10:19:15","h":"Nord","s":"25N-H50NV10S-90-S"},{"r":"128","t":"10:19:15","h":"Nord","s":"25N-H50NV20S-90-S"},{"r":"128","t":"10:19:15","h":"Nord","s":"25S-H50S000S-81-S"},{"r":"128","t":"10:21:15","h":"Nord","s":"25N-H50N000A-80-A"},{"r":"128","t":"10:21:15","h":"Nord","s":"25N-H50N000A-90-A"},{"r":"128","t":"10:21:15","h":"Nord","s":"25N-H50NV10A-90-A"},{"r":"128","t":"10:21:15","h":"Nord","s":"25N-H50NV20A-90-A"},{"r":"128","t":"10:21:15","h":"Nord","s":"25S-H50S000A-81-A"},{"r":"128","t":"10:43:15","h":"Nord","s":"25N-H50N000I-80-I"},{"r":"128","t":"10:43:15","h":"Nord","s":"25N-H50N000I-90-I"},{"r":"128","t":"10:43:15","h":"Nord","s":"25N-H50N100F-90-F1"},{"r":"128","t":"10:43:15","h":"Nord","s":"25N-H50N200F-90-F2"},{"r":"128","t":"10:43:15","h":"Nord","s":"25N-H50N300F-90-F3"},{"r":"128","t":"10:43:15","h":"Nord","s":"25N-H50N400F-90-F4"},{"r":"128","t":"10:43:15","h":"Nord","s":"25N-H50NV10I-90-I"},{"r":"128","t":"10:43:15","h":"Nord","s":"25N-H50NV20I-90-I"},{"r":"128","t":"10:43:15","h":"Nord","s":"25S-H50S000I-81-I"},{"r":"128","t":"10:43:15","h":"Nord","s":"25S-H50S100F-80-F1"},{"r":"128","t":"10:43:15","h":"Nord","s":"25S-H50S200F-80-F2"},{"r":"128","t":"10:47:15","h":"Nord","s":"25N-H50N000S-80-S"},{"r":"128","t":"10:47:15","h":"Nord","s":"25N-H50N000S-90-S"},{"r":"128","t":"10:47:15","h":"Nord","s":"25N-H50NV10S-90-S"},{"r":"128","t":"10:47:15","h":"Nord","s":"25N-H50NV20S-90-S"},{"r":"128","t":"10:47:15","h":"Nord","s":"25S-H50S000S-81-S"},{"r":"128","t":"10:48:15","h":"Nord","s":"25N-H50N000A-80-A"},{"r":"128","t":"10:48:15","h":"Nord","s":"25N-H50N000A-90-A"},{"r":"128","t":"10:48:15","h":"Nord","s":"25N-H50NV10A-90-A"},{"r":"128","t":"10:48:15","h":"Nord","s":"25N-H50NV20A-90-A"},{"r":"128","t":"10:48:15","h":"Nord","s":"25S-H50S000A-81-A"},{"r":"128","t":"11:15:15","h":"Nord","s":"25N-H50N000A-80-A"},{"r":"128","t":"11:15:15","h":"Nord","s":"25N-H50N000A-90-A"},{"r":"128","t":"11:15:15","h":"Nord","s":"25N-H50NV10A-90-A"},{"r":"128","t":"11:15:15","h":"Nord","s":"25N-H50NV20A-90-A"},{"r":"128","t":"11:15:15","h":"Nord","s":"25S-H50S000A-81-A"},{"r":"128","t":"11:16:15","h":"Nord","s":"25N-H50N000S-80-S"},{"r":"128","t":"11:16:15","h":"Nord","s":"25N-H50N000S-90-S"},{"r":"128","t":"11:16:15","h":"Nord","s":"25N-H50NV10S-90-S"},{"r":"128","t":"11:16:15","h":"Nord","s":"25N-H50NV20S-90-S"},{"r":"128","t":"11:16:15","h":"Nord","s":"25S-H50S000S-81-S"},{"r":"128","t":"11:17:15","h":"Nord","s":"25N-H50N000I-80-I"},{"r":"128","t":"11:17:15","h":"Nord","s":"25N-H50N000I-90-I"},{"r":"128","t":"11:17:15","h":"Nord","s":"25N-H50N100F-90-F1"},{"r":"128","t":"11:17:15","h":"Nord","s":"25N-H50N200F-90-F2"},{"r":"128","t":"11:17:15","h":"Nord","s":"25N-H50N300F-90-F3"},{"r":"128","t":"11:17:15","h":"Nord","s":"25N-H50N400F-90-F4"},{"r":"128","t":"11:17:15","h":"Nord","s":"25N-H50NV10I-90-I"},{"r":"128","t":"11:17:15","h":"Nord","s":"25N-H50NV20I-90-I"},{"r":"128","t":"11:17:15","h":"Nord","s":"25S-H50S000I-81-I"},{"r":"128","t":"11:17:15","h":"Nord","s":"25S-H50S100F-80-F1"},{"r":"128","t":"11:17:15","h":"Nord","s":"25S-H50S200F-80-F2"},{"r":"128","t":"11:41:15","h":"Nord","s":"25N-H50N000A-80-A"},{"r":"128","t":"11:41:15","h":"Nord","s":"25N-H50N000A-90-A"},{"r":"128","t":"11:41:15","h":"Nord","s":"25N-H50NV10A-90-A"},{"r":"128","t":"11:41:15","h":"Nord","s":"25N-H50NV20A-90-A"},{"r":"128","t":"11:41:15","h":"Nord","s":"25S-H50S000A-81-A"},{"r":"128","t":"11:48:15","h":"Nord","s":"25N-H50N000S-80-S"},{"r":"128","t":"11:48:15","h":"Nord","s":"25N-H50N000S-90-S"},{"r":"128","t":"11:48:15","h":"Nord","s":"25N-H50NV10S-90-S"},{"r":"128","t":"11:48:15","h":"Nord","s":"25N-H50NV20S-90-S"},{"r":"128","t":"11:48:15","h":"Nord","s":"25S-H50S000S-81-S"},{"r":"128","t":"11:54:15","h":"Nord","s":"25N-H50N000I-80-I"},{"r":"128","t":"11:54:15","h":"Nord","s":"25N-H50N000I-90-I"},{"r":"128","t":"11:54:15","h":"Nord","s":"25N-H50N100F-90-F1"},{"r":"128","t":"11:54:15","h":"Nord","s":"25N-H50N200F-90-F2"},{"r":"128","t":"11:54:15","h":"Nord","s":"25N-H50N300F-90-F3"},{"r":"128","t":"11:54:15","h":"Nord","s":"25N-H50N400F-90-F4"},{"r":"128","t":"11:54:15","h":"Nord","s":"25N-H50NV10I-90-I"},{"r":"128","t":"11:54:15","h":"Nord","s":"25N-H50NV20I-90-I"},{"r":"128","t":"11:54:15","h":"Nord","s":"25S-H50S000I-81-I"},{"r":"128","t":"11:54:15","h":"Nord","s":"25S-H50S100F-80-F1"},{"r":"128","t":"11:54:15","h":"Nord","s":"25S-H50S200F-80-F2"},{"r":"128","t":"12:10:15","h":"Nord","s":"25N-H50N000A-80-A"},{"r":"128","t":"12:10:15","h":"Nord","s":"25N-H50N000A-90-A"},{"r":"128","t":"12:10:15","h":"Nord","s":"25N-H50NV10A-90-A"},{"r":"128","t":"12:10:15","h":"Nord","s":"25N-H50NV20A-90-A"},{"r":"128","t":"12:10:15","h":"Nord","s":"25S-H50S000A-81-A"},{"r":"128","t":"12:15:15","h":"Nord","s":"25N-H50N000S-80-S"},{"r":"128","t":"12:15:15","h":"Nord","s":"25N-H50N000S-90-S"},{"r":"128","t":"12:15:15","h":"Nord","s":"25N-H50NV10S-90-S"},{"r":"128","t":"12:15:15","h":"Nord","s":"25N-H50NV20S-90-S"},{"r":"128","t":"12:15:15","h":"Nord","s":"25S-H50S000S-81-S"},{"r":"128","t":"12:26:15","h":"Nord","s":"25N-H50N000I-80-I"},{"r":"128","t":"12:26:15","h":"Nord","s":"25N-H50N000I-90-I"},{"r":"128","t":"12:26:15","h":"Nord","s":"25N-H50N100F-90-F1"},{"r":"128","t":"12:26:15","h":"Nord","s":"25N-H50N200F-90-F2"},{"r":"128","t":"12:26:15","h":"Nord","s":"25N-H50N300F-90-F3"},{"r":"128","t":"12:26:15","h":"Nord","s":"25N-H50N400F-90-F4"},{"r":"128","t":"12:26:15","h":"Nord","s":"25N-H50NV10I-90-I"},{"r":"128","t":"12:26:15","h":"Nord","s":"25N-H50NV20I-90-I"},{"r":"128","t":"12:26:15","h":"Nord","s":"25S-H50S000I-81-I"},{"r":"128","t":"12:26:15","h":"Nord","s":"25S-H50S100F-80-F1"},{"r":"128","t":"12:26:15","h":"Nord","s":"25S-H50S200F-80-F2"},{"r":"128","t":"12:37:15","h":"Nord","s":"25N-H50N000A-80-A"},{"r":"128","t":"12:37:15","h":"Nord","s":"25N-H50N000A-90-A"},{"r":"128","t":"12:37:15","h":"Nord","s":"25N-H50NV10A-90-A"},{"r":"128","t":"12:37:15","h":"Nord","s":"25N-H50NV20A-90-A"},{"r":"128","t":"12:37:15","h":"Nord","s":"25S-H50S000A-81-A"},{"r":"128","t":"12:46:15","h":"Nord","s":"25N-H50N000S-80-S"},{"r":"128","t":"12:46:15","h":"Nord","s":"25N-H50N000S-90-S"},{"r":"128","t":"12:46:15","h":"Nord","s":"25N-H50NV10S-90-S"},{"r":"128","t":"12:46:15","h":"Nord","s":"25N-H50NV20S-90-S"},{"r":"128","t":"12:46:15","h":"Nord","s":"25S-H50S000S-81-S"},{"r":"128","t":"12:58:15","h":"Nord","s":"25N-H50N000I-80-I"},{"r":"128","t":"12:58:15","h":"Nord","s":"25N-H50N000I-90-I"},{"r":"128","t":"12:58:15","h":"Nord","s":"25N-H50N100F-90-F1"},{"r":"128","t":"12:58:15","h":"Nord","s":"25N-H50N200F-90-F2"},{"r":"128","t":"12:58:15","h":"Nord","s":"25N-H50N300F-90-F3"},{"r":"128","t":"12:58:15","h":"Nord","s":"25N-H50N400F-90-F4"},{"r":"128","t":"12:58:15","h":"Nord","s":"25N-H50NV10I-90-I"},{"r":"128","t":"12:58:15","h":"Nord","s":"25N-H50NV20I-90-I"},{"r":"128","t":"12:58:15","h":"Nord","s":"25S-H50S000I-81-I"},{"r":"128","t":"12:58:15","h":"Nord","s":"25S-H50S100F-80-F1"},{"r":"128","t":"12:58:15","h":"Nord","s":"25S-H50S200F-80-F2"},{"r":"128","t":"13:05:15","h":"Nord","s":"25N-H50N000A-80-A"},{"r":"128","t":"13:05:15","h":"Nord","s":"25N-H50N000A-90-A"},{"r":"128","t":"13:05:15","h":"Nord","s":"25N-H50NV10A-90-A"},{"r":"128","t":"13:05:15","h":"Nord","s":"25N-H50NV20A-90-A"},{"r":"128","t":"13:05:15","h":"Nord","s":"25S-H50S000A-81-A"},{"r":"128","t":"13:16:15","h":"Nord","s":"25N-H50N000S-80-S"},{"r":"128","t":"13:16:15","h":"Nord","s":"25N-H50N000S-90-S"},{"r":"128","t":"13:16:15","h":"Nord","s":"25N-H50NV10S-90-S"},{"r":"128","t":"13:16:15","h":"Nord","s":"25N-H50NV20S-90-S"},{"r":"128","t":"13:16:15","h":"Nord","s":"25S-H50S000S-81-S"},{"r":"128","t":"13:26:15","h":"Nord","s":"25N-H50N000I-80-I"},{"r":"128","t":"13:26:15","h":"Nord","s":"25N-H50N000I-90-I"},{"r":"128","t":"13:26:15","h":"Nord","s":"25N-H50N100F-90-F1"},{"r":"128","t":"13:26:15","h":"Nord","s":"25N-H50N200F-90-F2"},{"r":"128","t":"13:26:15","h":"Nord","s":"25N-H50N300F-90-F3"},{"r":"128","t":"13:26:15","h":"Nord","s":"25N-H50N400F-90-F4"},{"r":"128","t":"13:26:15","h":"Nord","s":"25N-H50NV10I-90-I"},{"r":"128","t":"13:26:15","h":"Nord","s":"25N-H50NV20I-90-I"},{"r":"128","t":"13:26:15","h":"Nord","s":"25S-H50S000I-81-I"},{"r":"128","t":"13:26:15","h":"Nord","s":"25S-H50S100F-80-F1"},{"r":"128","t":"13:26:15","h":"Nord","s":"25S-H50S200F-80-F2"},{"r":"128","t":"13:32:15","h":"Nord","s":"25N-H50N000A-80-A"},{"r":"128","t":"13:32:15","h":"Nord","s":"25N-H50N000A-90-A"},{"r":"128","t":"13:32:15","h":"Nord","s":"25N-H50NV10A-90-A"},{"r":"128","t":"13:32:15","h":"Nord","s":"25N-H50NV20A-90-A"},{"r":"128","t":"13:32:15","h":"Nord","s":"25S-H50S000A-81-A"},{"r":"128","t":"13:44:15","h":"Nord","s":"25N-H50N000S-80-S"},{"r":"128","t":"13:44:15","h":"Nord","s":"25N-H50N000S-90-S"},{"r":"128","t":"13:44:15","h":"Nord","s":"25N-H50NV10S-90-S"},{"r":"128","t":"13:44:15","h":"Nord","s":"25N-H50NV20S-90-S"},{"r":"128","t":"13:44:15","h":"Nord","s":"25S-H50S000S-81-S"},{"r":"128","t":"13:54:15","h":"Nord","s":"25N-H50N000I-80-I"},{"r":"128","t":"13:54:15","h":"Nord","s":"25N-H50N000I-90-I"},{"r":"128","t":"13:54:15","h":"Nord","s":"25N-H50N100F-90-F1"},{"r":"128","t":"13:54:15","h":"Nord","s":"25N-H50N200F-90-F2"},{"r":"128","t":"13:54:15","h":"Nord","s":"25N-H50N300F-90-F3"},{"r":"128","t":"13:54:15","h":"Nord","s":"25N-H50N400F-90-F4"},{"r":"128","t":"13:54:15","h":"Nord","s":"25N-H50NV10I-90-I"},{"r":"128","t":"13:54:15","h":"Nord","s":"25N-H50NV20I-90-I"},{"r":"128","t":"13:54:15","h":"Nord","s":"25S-H50S000I-81-I"},{"r":"128","t":"13:54:15","h":"Nord","s":"25S-H50S100F-80-F1"},{"r":"128","t":"13:54:15","h":"Nord","s":"25S-H50S200F-80-F2"},{"r":"128","t":"13:58:15","h":"Nord","s":"25N-H50N000A-80-A"},{"r":"128","t":"13:58:15","h":"Nord","s":"25N-H50N000A-90-A"},{"r":"128","t":"13:58:15","h":"Nord","s":"25N-H50NV10A-90-A"},{"r":"128","t":"13:58:15","h":"Nord","s":"25N-H50NV20A-90-A"},{"r":"128","t":"13:58:15","h":"Nord","s":"25S-H50S000A-81-A"},{"r":"128","t":"14:12:15","h":"Nord","s":"25N-H50N000S-80-S"},{"r":"128","t":"14:12:15","h":"Nord","s":"25N-H50N000S-90-S"},{"r":"128","t":"14:12:15","h":"Nord","s":"25N-H50NV10S-90-S"},{"r":"128","t":"14:12:15","h":"Nord","s":"25N-H50NV20S-90-S"},{"r":"128","t":"14:12:15","h":"Nord","s":"25S-H50S000S-81-S"},{"r":"128","t":"14:24:15","h":"Nord","s":"25N-H50N000I-80-I"},{"r":"128","t":"14:24:15","h":"Nord","s":"25N-H50N000I-90-I"},{"r":"128","t":"14:24:15","h":"Nord","s":"25N-H50N100F-90-F1"},{"r":"128","t":"14:24:15","h":"Nord","s":"25N-H50N200F-90-F2"},{"r":"128","t":"14:24:15","h":"Nord","s":"25N-H50N300F-90-F3"},{"r":"128","t":"14:24:15","h":"Nord","s":"25N-H50N400F-90-F4"},{"r":"128","t":"14:24:15","h":"Nord","s":"25N-H50NV10I-90-I"},{"r":"128","t":"14:24:15","h":"Nord","s":"25N-H50NV20I-90-I"},{"r":"128","t":"14:24:15","h":"Nord","s":"25S-H50S000I-81-I"},{"r":"128","t":"14:24:15","h":"Nord","s":"25S-H50S100F-80-F1"},{"r":"128","t":"14:24:15","h":"Nord","s":"25S-H50S200F-80-F2"},{"r":"128","t":"14:28:15","h":"Nord","s":"25N-H50N000A-80-A"},{"r":"128","t":"14:28:15","h":"Nord","s":"25N-H50N000A-90-A"},{"r":"128","t":"14:28:15","h":"Nord","s":"25N-H50NV10A-90-A"},{"r":"128","t":"14:28:15","h":"Nord","s":"25N-H50NV20A-90-A"},{"r":"128","t":"14:28:15","h":"Nord","s":"25S-H50S000A-81-A"},{"r":"128","t":"14:41:15","h":"Nord","s":"25N-H50N000S-80-S"},{"r":"128","t":"14:41:15","h":"Nord","s":"25N-H50N000S-90-S"},{"r":"128","t":"14:41:15","h":"Nord","s":"25N-H50NV10S-90-S"},{"r":"128","t":"14:41:15","h":"Nord","s":"25N-H50NV20S-90-S"},{"r":"128","t":"14:41:15","h":"Nord","s":"25S-H50S000S-81-S"},{"r":"128","t":"14:53:15","h":"Nord","s":"25N-H50N000I-80-I"},{"r":"128","t":"14:53:15","h":"Nord","s":"25N-H50N000I-90-I"},{"r":"128","t":"14:53:15","h":"Nord","s":"25N-H50N100F-90-F1"},{"r":"128","t":"14:53:15","h":"Nord","s":"25N-H50N200F-90-F2"},{"r":"128","t":"14:53:15","h":"Nord","s":"25N-H50N300F-90-F3"},{"r":"128","t":"14:53:15","h":"Nord","s":"25N-H50N400F-90-F4"},{"r":"128","t":"14:53:15","h":"Nord","s":"25N-H50NV10I-90-I"},{"r":"128","t":"14:53:15","h":"Nord","s":"25N-H50NV20I-90-I"},{"r":"128","t":"14:53:15","h":"Nord","s":"25S-H50S000I-81-I"},{"r":"128","t":"14:53:15","h":"Nord","s":"25S-H50S100F-80-F1"},{"r":"128","t":"14:53:15","h":"Nord","s":"25S-H50S200F-80-F2"},{"r":"128","t":"14:56:15","h":"Nord","s":"25N-H50N000A-80-A"},{"r":"128","t":"14:56:15","h":"Nord","s":"25N-H50N000A-90-A"},{"r":"128","t":"14:56:15","h":"Nord","s":"25N-H50NV10A-90-A"},{"r":"128","t":"14:56:15","h":"Nord","s":"25N-H50NV20A-90-A"},{"r":"128","t":"14:56:15","h":"Nord","s":"25S-H50S000A-81-A"},{"r":"128","t":"15:17:48","h":"Nord","s":"25N-H50N000S-80-S"},{"r":"128","t":"15:17:48","h":"Nord","s":"25N-H50N000S-90-S"},{"r":"128","t":"15:17:48","h":"Nord","s":"25N-H50NV10S-90-S"},{"r":"128","t":"15:17:48","h":"Nord","s":"25N-H50NV20S-90-S"},{"r":"128","t":"15:17:48","h":"Nord","s":"25S-H50S000S-81-S"},{"r":"128","t":"15:21:15","h":"Nord","s":"25N-H50N000I-80-I"},{"r":"128","t":"15:21:15","h":"Nord","s":"25N-H50N000I-90-I"},{"r":"128","t":"15:21:15","h":"Nord","s":"25N-H50N100F-90-F1"},{"r":"128","t":"15:21:15","h":"Nord","s":"25N-H50N200F-90-F2"},{"r":"128","t":"15:21:15","h":"Nord","s":"25N-H50N300F-90-F3"},{"r":"128","t":"15:21:15","h":"Nord","s":"25N-H50N400F-90-F4"},{"r":"128","t":"15:21:15","h":"Nord","s":"25N-H50NV10I-90-I"},{"r":"128","t":"15:21:15","h":"Nord","s":"25N-H50NV20I-90-I"},{"r":"128","t":"15:21:15","h":"Nord","s":"25S-H50S000I-81-I"},{"r":"128","t":"15:21:15","h":"Nord","s":"25S-H50S100F-80-F1"},{"r":"128","t":"15:21:15","h":"Nord","s":"25S-H50S200F-80-F2"},{"r":"128","t":"15:24:15","h":"Nord","s":"25N-H50N000A-80-A"},{"r":"128","t":"15:24:15","h":"Nord","s":"25N-H50N000A-90-A"},{"r":"128","t":"15:24:15","h":"Nord","s":"25N-H50NV10A-90-A"},{"r":"128","t":"15:24:15","h":"Nord","s":"25N-H50NV20A-90-A"},{"r":"128","t":"15:24:15","h":"Nord","s":"25S-H50S000A-81-A"},{"r":"128","t":"15:47:48","h":"Nord","s":"25N-H50N000S-80-S"},{"r":"128","t":"15:47:48","h":"Nord","s":"25N-H50N000S-90-S"},{"r":"128","t":"15:47:48","h":"Nord","s":"25N-H50NV10S-90-S"},{"r":"128","t":"15:47:48","h":"Nord","s":"25N-H50NV20S-90-S"},{"r":"128","t":"15:47:48","h":"Nord","s":"25S-H50S000S-81-S"},{"r":"128","t":"15:50:15","h":"Nord","s":"25N-H50N000I-80-I"},{"r":"128","t":"15:50:15","h":"Nord","s":"25N-H50N000I-90-I"},{"r":"128","t":"15:50:15","h":"Nord","s":"25N-H50N100F-90-F1"},{"r":"128","t":"15:50:15","h":"Nord","s":"25N-H50N200F-90-F2"},{"r":"128","t":"15:50:15","h":"Nord","s":"25N-H50N300F-90-F3"},{"r":"128","t":"15:50:15","h":"Nord","s":"25N-H50N400F-90-F4"},{"r":"128","t":"15:50:15","h":"Nord","s":"25N-H50NV10I-90-I"},{"r":"128","t":"15:50:15","h":"Nord","s":"25N-H50NV20I-90-I"},{"r":"128","t":"15:50:15","h":"Nord","s":"25S-H50S000I-81-I"},{"r":"128","t":"15:50:15","h":"Nord","s":"25S-H50S100F-80-F1"},{"r":"128","t":"15:50:15","h":"Nord","s":"25S-H50S200F-80-F2"},{"r":"128","t":"15:51:15","h":"Nord","s":"25N-H50N000A-80-A"},{"r":"128","t":"15:51:15","h":"Nord","s":"25N-H50N000A-90-A"},{"r":"128","t":"15:51:15","h":"Nord","s":"25N-H50NV10A-90-A"},{"r":"128","t":"15:51:15","h":"Nord","s":"25N-H50NV20A-90-A"},{"r":"128","t":"15:51:15","h":"Nord","s":"25S-H50S000A-81-A"},{"r":"128","t":"16:12:15","h":"Nord","s":"25N-H50N000I-80-I"},{"r":"128","t":"16:12:15","h":"Nord","s":"25N-H50N000I-90-I"},{"r":"128","t":"16:12:15","h":"Nord","s":"25N-H50N100F-90-F1"},{"r":"128","t":"16:12:15","h":"Nord","s":"25N-H50N200F-90-F2"},{"r":"128","t":"16:12:15","h":"Nord","s":"25N-H50N300F-90-F3"},{"r":"128","t":"16:12:15","h":"Nord","s":"25N-H50N400F-90-F4"},{"r":"128","t":"16:12:15","h":"Nord","s":"25N-H50NV10I-90-I"},{"r":"128","t":"16:12:15","h":"Nord","s":"25N-H50NV20I-90-I"},{"r":"128","t":"16:12:15","h":"Nord","s":"25S-H50S000I-81-I"},{"r":"128","t":"16:12:15","h":"Nord","s":"25S-H50S100F-80-F1"},{"r":"128","t":"16:12:15","h":"Nord","s":"25S-H50S200F-80-F2"},{"r":"128","t":"16:19:15","h":"Nord","s":"25N-H50N000A-80-A"},{"r":"128","t":"16:19:15","h":"Nord","s":"25N-H50N000A-90-A"},{"r":"128","t":"16:19:15","h":"Nord","s":"25N-H50NV10A-90-A"},{"r":"128","t":"16:19:15","h":"Nord","s":"25N-H50NV20A-90-A"},{"r":"128","t":"16:19:15","h":"Nord","s":"25S-H50S000A-81-A"},{"r":"128","t":"16:23:48","h":"Nord","s":"25N-H50N000S-80-S"},{"r":"128","t":"16:23:48","h":"Nord","s":"25N-H50N000S-90-S"},{"r":"128","t":"16:23:48","h":"Nord","s":"25N-H50NV10S-90-S"},{"r":"128","t":"16:23:48","h":"Nord","s":"25N-H50NV20S-90-S"},{"r":"128","t":"16:23:48","h":"Nord","s":"25S-H50S000S-81-S"},{"r":"128","t":"16:45:15","h":"Nord","s":"25N-H50N000I-80-I"},{"r":"128","t":"16:45:15","h":"Nord","s":"25N-H50N000I-90-I"},{"r":"128","t":"16:45:15","h":"Nord","s":"25N-H50N100F-90-F1"},{"r":"128","t":"16:45:15","h":"Nord","s":"25N-H50N200F-90-F2"},{"r":"128","t":"16:45:15","h":"Nord","s":"25N-H50N300F-90-F3"},{"r":"128","t":"16:45:15","h":"Nord","s":"25N-H50N400F-90-F4"},{"r":"128","t":"16:45:15","h":"Nord","s":"25N-H50NV10I-90-I"},{"r":"128","t":"16:45:15","h":"Nord","s":"25N-H50NV20I-90-I"},{"r":"128","t":"16:45:15","h":"Nord","s":"25S-H50S000I-81-I"},{"r":"128","t":"16:45:15","h":"Nord","s":"25S-H50S100F-80-F1"},{"r":"128","t":"16:45:15","h":"Nord","s":"25S-H50S200F-80-F2"},{"r":"128","t":"16:51:15","h":"Nord","s":"25N-H50N000A-80-A"},{"r":"128","t":"16:51:15","h":"Nord","s":"25N-H50N000A-90-A"},{"r":"128","t":"16:51:15","h":"Nord","s":"25N-H50NV10A-90-A"},{"r":"128","t":"16:51:15","h":"Nord","s":"25N-H50NV20A-90-A"},{"r":"128","t":"16:51:15","h":"Nord","s":"25S-H50S000A-81-A"},{"r":"128","t":"16:59:48","h":"Nord","s":"25N-H50N000S-80-S"},{"r":"128","t":"16:59:48","h":"Nord","s":"25N-H50N000S-90-S"},{"r":"128","t":"16:59:48","h":"Nord","s":"25N-H50NV10S-90-S"},{"r":"128","t":"16:59:48","h":"Nord","s":"25N-H50NV20S-90-S"},{"r":"128","t":"16:59:48","h":"Nord","s":"25S-H50S000S-81-S"},{"r":"128","t":"17:17:15","h":"Nord","s":"25N-H50N000I-80-I"},{"r":"128","t":"17:17:15","h":"Nord","s":"25N-H50N000I-90-I"},{"r":"128","t":"17:17:15","h":"Nord","s":"25N-H50N100F-90-F1"},{"r":"128","t":"17:17:15","h":"Nord","s":"25N-H50N200F-90-F2"},{"r":"128","t":"17:17:15","h":"Nord","s":"25N-H50N300F-90-F3"},{"r":"128","t":"17:17:15","h":"Nord","s":"25N-H50N400F-90-F4"},{"r":"128","t":"17:17:15","h":"Nord","s":"25N-H50NV10I-90-I"},{"r":"128","t":"17:17:15","h":"Nord","s":"25N-H50NV20I-90-I"},{"r":"128","t":"17:17:15","h":"Nord","s":"25S-H50S000I-81-I"},{"r":"128","t":"17:17:15","h":"Nord","s":"25S-H50S100F-80-F1"},{"r":"128","t":"17:17:15","h":"Nord","s":"25S-H50S200F-80-F2"},{"r":"128","t":"17:20:15","h":"Nord","s":"25N-H50N000A-80-A"},{"r":"128","t":"17:20:15","h":"Nord","s":"25N-H50N000A-90-A"},{"r":"128","t":"17:20:15","h":"Nord","s":"25N-H50NV10A-90-A"},{"r":"128","t":"17:20:15","h":"Nord","s":"25N-H50NV20A-90-A"},{"r":"128","t":"17:20:15","h":"Nord","s":"25S-H50S000A-81-A"},{"r":"128","t":"17:35:48","h":"Nord","s":"25N-H50N000S-80-S"},{"r":"128","t":"17:35:48","h":"Nord","s":"25N-H50N000S-90-S"},{"r":"128","t":"17:35:48","h":"Nord","s":"25N-H50NV10S-90-S"},{"r":"128","t":"17:35:48","h":"Nord","s":"25N-H50NV20S-90-S"},{"r":"128","t":"17:35:48","h":"Nord","s":"25S-H50S000S-81-S"},{"r":"128","t":"17:47:41","h":"Nord","s":"25N-H50N000A-80-A"},{"r":"128","t":"17:47:41","h":"Nord","s":"25N-H50N000A-90-A"},{"r":"128","t":"17:47:41","h":"Nord","s":"25N-H50NV10A-90-A"},{"r":"128","t":"17:47:41","h":"Nord","s":"25N-H50NV20A-90-A"},{"r":"128","t":"17:47:41","h":"Nord","s":"25S-H50S000A-81-A"},{"r":"128","t":"17:55:15","h":"Nord","s":"25N-H50N000I-80-I"},{"r":"128","t":"17:55:15","h":"Nord","s":"25N-H50N000I-90-I"},{"r":"128","t":"17:55:15","h":"Nord","s":"25N-H50N100F-90-F1"},{"r":"128","t":"17:55:15","h":"Nord","s":"25N-H50N200F-90-F2"},{"r":"128","t":"17:55:15","h":"Nord","s":"25N-H50N300F-90-F3"},{"r":"128","t":"17:55:15","h":"Nord","s":"25N-H50N400F-90-F4"},{"r":"128","t":"17:55:15","h":"Nord","s":"25N-H50NV10I-90-I"},{"r":"128","t":"17:55:15","h":"Nord","s":"25N-H50NV20I-90-I"},{"r":"128","t":"17:55:15","h":"Nord","s":"25S-H50S000I-81-I"},{"r":"128","t":"17:55:15","h":"Nord","s":"25S-H50S100F-80-F1"},{"r":"128","t":"17:55:15","h":"Nord","s":"25S-H50S200F-80-F2"},{"r":"128","t":"18:08:48","h":"Nord","s":"25N-H50N000S-80-S"},{"r":"128","t":"18:08:48","h":"Nord","s":"25N-H50N000S-90-S"},{"r":"128","t":"18:08:48","h":"Nord","s":"25N-H50NV10S-90-S"},{"r":"128","t":"18:08:48","h":"Nord","s":"25N-H50NV20S-90-S"},{"r":"128","t":"18:08:48","h":"Nord","s":"25S-H50S000S-81-S"},{"r":"128","t":"18:10:41","h":"Nord","s":"25N-H50N000A-80-A"},{"r":"128","t":"18:10:41","h":"Nord","s":"25N-H50N000A-90-A"},{"r":"128","t":"18:10:41","h":"Nord","s":"25N-H50NV10A-90-A"},{"r":"128","t":"18:10:41","h":"Nord","s":"25N-H50NV20A-90-A"},{"r":"128","t":"18:10:41","h":"Nord","s":"25S-H50S000A-81-A"},{"r":"128","t":"18:27:15","h":"Nord","s":"25N-H50N000I-80-I"},{"r":"128","t":"18:27:15","h":"Nord","s":"25N-H50N000I-90-I"},{"r":"128","t":"18:27:15","h":"Nord","s":"25N-H50N100F-90-F1"},{"r":"128","t":"18:27:15","h":"Nord","s":"25N-H50N200F-90-F2"},{"r":"128","t":"18:27:15","h":"Nord","s":"25N-H50N300F-90-F3"},{"r":"128","t":"18:27:15","h":"Nord","s":"25N-H50N400F-90-F4"},{"r":"128","t":"18:27:15","h":"Nord","s":"25N-H50NV10I-90-I"},{"r":"128","t":"18:27:15","h":"Nord","s":"25N-H50NV20I-90-I"},{"r":"128","t":"18:27:15","h":"Nord","s":"25S-H50S000I-81-I"},{"r":"128","t":"18:27:15","h":"Nord","s":"25S-H50S100F-80-F1"},{"r":"128","t":"18:27:15","h":"Nord","s":"25S-H50S200F-80-F2"},{"r":"128","t":"18:35:41","h":"Nord","s":"25N-H50N000A-80-A"},{"r":"128","t":"18:35:41","h":"Nord","s":"25N-H50N000A-90-A"},{"r":"128","t":"18:35:41","h":"Nord","s":"25N-H50NV10A-90-A"},{"r":"128","t":"18:35:41","h":"Nord","s":"25N-H50NV20A-90-A"},{"r":"128","t":"18:35:41","h":"Nord","s":"25S-H50S000A-81-A"},{"r":"128","t":"18:38:48","h":"Nord","s":"25N-H50N000S-80-S"},{"r":"128","t":"18:38:48","h":"Nord","s":"25N-H50N000S-90-S"},{"r":"128","t":"18:38:48","h":"Nord","s":"25N-H50NV10S-90-S"},{"r":"128","t":"18:38:48","h":"Nord","s":"25N-H50NV20S-90-S"},{"r":"128","t":"18:38:48","h":"Nord","s":"25S-H50S000S-81-S"},{"r":"128","t":"19:01:15","h":"Nord","s":"25N-H50N000I-80-I"},{"r":"128","t":"19:01:15","h":"Nord","s":"25N-H50N000I-90-I"},{"r":"128","t":"19:01:15","h":"Nord","s":"25N-H50N100F-90-F1"},{"r":"128","t":"19:01:15","h":"Nord","s":"25N-H50N200F-90-F2"},{"r":"128","t":"19:01:15","h":"Nord","s":"25N-H50N300F-90-F3"},{"r":"128","t":"19:01:15","h":"Nord","s":"25N-H50N400F-90-F4"},{"r":"128","t":"19:01:15","h":"Nord","s":"25N-H50NV10I-90-I"},{"r":"128","t":"19:01:15","h":"Nord","s":"25N-H50NV20I-90-I"},{"r":"128","t":"19:01:15","h":"Nord","s":"25S-H50S000I-81-I"},{"r":"128","t":"19:01:15","h":"Nord","s":"25S-H50S100F-80-F1"},{"r":"128","t":"19:01:15","h":"Nord","s":"25S-H50S200F-80-F2"},{"r":"128","t":"19:06:41","h":"Nord","s":"25N-H50N000A-80-A"},{"r":"128","t":"19:06:41","h":"Nord","s":"25N-H50N000A-90-A"},{"r":"128","t":"19:06:41","h":"Nord","s":"25N-H50NV10A-90-A"},{"r":"128","t":"19:06:41","h":"Nord","s":"25N-H50NV20A-90-A"},{"r":"128","t":"19:06:41","h":"Nord","s":"25S-H50S000A-81-A"},{"r":"128","t":"19:09:15","h":"Nord","s":"25N-H50N000S-80-S"},{"r":"128","t":"19:09:15","h":"Nord","s":"25N-H50N000S-90-S"},{"r":"128","t":"19:09:15","h":"Nord","s":"25N-H50NV10S-90-S"},{"r":"128","t":"19:09:15","h":"Nord","s":"25N-H50NV20S-90-S"},{"r":"128","t":"19:09:15","h":"Nord","s":"25S-H50S000S-81-S"},{"r":"128","t":"19:31:15","h":"Nord","s":"25N-H50N000I-80-I"},{"r":"128","t":"19:31:15","h":"Nord","s":"25N-H50N000I-90-I"},{"r":"128","t":"19:31:15","h":"Nord","s":"25N-H50N100F-90-F1"},{"r":"128","t":"19:31:15","h":"Nord","s":"25N-H50N200F-90-F2"},{"r":"128","t":"19:31:15","h":"Nord","s":"25N-H50N300F-90-F3"},{"r":"128","t":"19:31:15","h":"Nord","s":"25N-H50N400F-90-F4"},{"r":"128","t":"19:31:15","h":"Nord","s":"25N-H50NV10I-90-I"},{"r":"128","t":"19:31:15","h":"Nord","s":"25N-H50NV20I-90-I"},{"r":"128","t":"19:31:15","h":"Nord","s":"25S-H50S000I-81-I"},{"r":"128","t":"19:31:15","h":"Nord","s":"25S-H50S100F-80-F1"},{"r":"128","t":"19:31:15","h":"Nord","s":"25S-H50S200F-80-F2"},{"r":"128","t":"19:35:41","h":"Nord","s":"25N-H50N000A-80-A"},{"r":"128","t":"19:35:41","h":"Nord","s":"25N-H50N000A-90-A"},{"r":"128","t":"19:35:41","h":"Nord","s":"25N-H50NV10A-90-A"},{"r":"128","t":"19:35:41","h":"Nord","s":"25N-H50NV20A-90-A"},{"r":"128","t":"19:35:41","h":"Nord","s":"25S-H50S000A-81-A"},{"r":"128","t":"19:36:15","h":"Nord","s":"25N-H50N000S-80-S"},{"r":"128","t":"19:36:15","h":"Nord","s":"25N-H50N000S-90-S"},{"r":"128","t":"19:36:15","h":"Nord","s":"25N-H50NV10S-90-S"},{"r":"128","t":"19:36:15","h":"Nord","s":"25N-H50NV20S-90-S"},{"r":"128","t":"19:36:15","h":"Nord","s":"25S-H50S000S-81-S"},{"r":"128","t":"20:02:15","h":"Nord","s":"25N-H50N000S-80-S"},{"r":"128","t":"20:02:15","h":"Nord","s":"25N-H50N000S-90-S"},{"r":"128","t":"20:02:15","h":"Nord","s":"25N-H50NV10S-90-S"},{"r":"128","t":"20:02:15","h":"Nord","s":"25N-H50NV20S-90-S"},{"r":"128","t":"20:02:15","h":"Nord","s":"25S-H50S000S-81-S"},{"r":"128","t":"20:02:41","h":"Nord","s":"25N-H50N000I-80-I"},{"r":"128","t":"20:02:41","h":"Nord","s":"25N-H50N000I-90-I"},{"r":"128","t":"20:02:41","h":"Nord","s":"25N-H50N100F-90-F1"},{"r":"128","t":"20:02:41","h":"Nord","s":"25N-H50N200F-90-F2"},{"r":"128","t":"20:02:41","h":"Nord","s":"25N-H50N300F-90-F3"},{"r":"128","t":"20:02:41","h":"Nord","s":"25N-H50N400F-90-F4"},{"r":"128","t":"20:02:41","h":"Nord","s":"25N-H50NV10I-90-I"},{"r":"128","t":"20:02:41","h":"Nord","s":"25N-H50NV20I-90-I"},{"r":"128","t":"20:02:41","h":"Nord","s":"25S-H50S000I-81-I"},{"r":"128","t":"20:02:41","h":"Nord","s":"25S-H50S100F-80-F1"},{"r":"128","t":"20:02:41","h":"Nord","s":"25S-H50S200F-80-F2"},{"r":"128","t":"20:08:41","h":"Nord","s":"25N-H50N000A-80-A"},{"r":"128","t":"20:08:41","h":"Nord","s":"25N-H50N000A-90-A"},{"r":"128","t":"20:08:41","h":"Nord","s":"25N-H50NV10A-90-A"},{"r":"128","t":"20:08:41","h":"Nord","s":"25N-H50NV20A-90-A"},{"r":"128","t":"20:08:41","h":"Nord","s":"25S-H50S000A-81-A"},{"r":"128","t":"20:30:15","h":"Nord","s":"25N-H50N000S-80-S"},{"r":"128","t":"20:30:15","h":"Nord","s":"25N-H50N000S-90-S"},{"r":"128","t":"20:30:15","h":"Nord","s":"25N-H50NV10S-90-S"},{"r":"128","t":"20:30:15","h":"Nord","s":"25N-H50NV20S-90-S"},{"r":"128","t":"20:30:15","h":"Nord","s":"25S-H50S000S-81-S"},{"r":"128","t":"20:32:41","h":"Nord","s":"25N-H50N000I-80-I"},{"r":"128","t":"20:32:41","h":"Nord","s":"25N-H50N000I-90-I"},{"r":"128","t":"20:32:41","h":"Nord","s":"25N-H50N100F-90-F1"},{"r":"128","t":"20:32:41","h":"Nord","s":"25N-H50N200F-90-F2"},{"r":"128","t":"20:32:41","h":"Nord","s":"25N-H50N300F-90-F3"},{"r":"128","t":"20:32:41","h":"Nord","s":"25N-H50N400F-90-F4"},{"r":"128","t":"20:32:41","h":"Nord","s":"25N-H50NV10I-90-I"},{"r":"128","t":"20:32:41","h":"Nord","s":"25N-H50NV20I-90-I"},{"r":"128","t":"20:32:41","h":"Nord","s":"25S-H50S000I-81-I"},{"r":"128","t":"20:32:41","h":"Nord","s":"25S-H50S100F-80-F1"},{"r":"128","t":"20:32:41","h":"Nord","s":"25S-H50S200F-80-F2"},{"r":"128","t":"20:44:41","h":"Nord","s":"25N-H50N000A-80-A"},{"r":"128","t":"20:44:41","h":"Nord","s":"25N-H50N000A-90-A"},{"r":"128","t":"20:44:41","h":"Nord","s":"25N-H50NV10A-90-A"},{"r":"128","t":"20:44:41","h":"Nord","s":"25N-H50NV20A-90-A"},{"r":"128","t":"20:44:41","h":"Nord","s":"25S-H50S000A-81-A"},{"r":"128","t":"20:58:15","h":"Nord","s":"25N-H50N000S-80-S"},{"r":"128","t":"20:58:15","h":"Nord","s":"25N-H50N000S-90-S"},{"r":"128","t":"20:58:15","h":"Nord","s":"25N-H50NV10S-90-S"},{"r":"128","t":"20:58:15","h":"Nord","s":"25N-H50NV20S-90-S"},{"r":"128","t":"20:58:15","h":"Nord","s":"25S-H50S000S-81-S"},{"r":"128","t":"21:03:41","h":"Nord","s":"25N-H50N000I-80-I"},{"r":"128","t":"21:03:41","h":"Nord","s":"25N-H50N000I-90-I"},{"r":"128","t":"21:03:41","h":"Nord","s":"25N-H50N100F-90-F1"},{"r":"128","t":"21:03:41","h":"Nord","s":"25N-H50N200F-90-F2"},{"r":"128","t":"21:03:41","h":"Nord","s":"25N-H50N300F-90-F3"},{"r":"128","t":"21:03:41","h":"Nord","s":"25N-H50N400F-90-F4"},{"r":"128","t":"21:03:41","h":"Nord","s":"25N-H50NV10I-90-I"},{"r":"128","t":"21:03:41","h":"Nord","s":"25N-H50NV20I-90-I"},{"r":"128","t":"21:03:41","h":"Nord","s":"25S-H50S000I-81-I"},{"r":"128","t":"21:03:41","h":"Nord","s":"25S-H50S100F-80-F1"},{"r":"128","t":"21:03:41","h":"Nord","s":"25S-H50S200F-80-F2"},{"r":"128","t":"21:13:41","h":"Nord","s":"25N-H50N000A-80-A"},{"r":"128","t":"21:13:41","h":"Nord","s":"25N-H50N000A-90-A"},{"r":"128","t":"21:13:41","h":"Nord","s":"25N-H50NV10A-90-A"},{"r":"128","t":"21:13:41","h":"Nord","s":"25N-H50NV20A-90-A"},{"r":"128","t":"21:13:41","h":"Nord","s":"25S-H50S000A-81-A"},{"r":"128","t":"21:29:15","h":"Nord","s":"25N-H50N000S-80-S"},{"r":"128","t":"21:29:15","h":"Nord","s":"25N-H50N000S-90-S"},{"r":"128","t":"21:29:15","h":"Nord","s":"25N-H50NV10S-90-S"},{"r":"128","t":"21:29:15","h":"Nord","s":"25N-H50NV20S-90-S"},{"r":"128","t":"21:29:15","h":"Nord","s":"25S-H50S000S-81-S"},{"r":"128","t":"21:34:41","h":"Nord","s":"25N-H50N000I-80-I"},{"r":"128","t":"21:34:41","h":"Nord","s":"25N-H50N000I-90-I"},{"r":"128","t":"21:34:41","h":"Nord","s":"25N-H50N100F-90-F1"},{"r":"128","t":"21:34:41","h":"Nord","s":"25N-H50N200F-90-F2"},{"r":"128","t":"21:34:41","h":"Nord","s":"25N-H50N300F-90-F3"},{"r":"128","t":"21:34:41","h":"Nord","s":"25N-H50N400F-90-F4"},{"r":"128","t":"21:34:41","h":"Nord","s":"25N-H50NV10I-90-I"},{"r":"128","t":"21:34:41","h":"Nord","s":"25N-H50NV20I-90-I"},{"r":"128","t":"21:34:41","h":"Nord","s":"25S-H50S000I-81-I"},{"r":"128","t":"21:34:41","h":"Nord","s":"25S-H50S100F-80-F1"},{"r":"128","t":"21:34:41","h":"Nord","s":"25S-H50S200F-80-F2"},{"r":"128","t":"21:41:41","h":"Nord","s":"25N-H50N000A-80-A"},{"r":"128","t":"21:41:41","h":"Nord","s":"25N-H50N000A-90-A"},{"r":"128","t":"21:41:41","h":"Nord","s":"25N-H50NV10A-90-A"},{"r":"128","t":"21:41:41","h":"Nord","s":"25N-H50NV20A-90-A"},{"r":"128","t":"21:41:41","h":"Nord","s":"25S-H50S000A-81-A"},{"r":"128","t":"21:46:15","h":"Nord","s":"25N-H50N000S-80-S"},{"r":"128","t":"21:46:15","h":"Nord","s":"25N-H50N000S-90-S"},{"r":"128","t":"21:46:15","h":"Nord","s":"25N-H50NV10S-90-S"},{"r":"128","t":"21:46:15","h":"Nord","s":"25N-H50NV20S-90-S"},{"r":"128","t":"21:46:15","h":"Nord","s":"25S-H50S000S-81-S"},{"r":"128","t":"22:07:41","h":"Nord","s":"25N-H50N000I-80-I"},{"r":"128","t":"22:07:41","h":"Nord","s":"25N-H50N000I-90-I"},{"r":"128","t":"22:07:41","h":"Nord","s":"25N-H50N000S-80-S"},{"r":"128","t":"22:07:41","h":"Nord","s":"25N-H50N000S-90-S"},{"r":"128","t":"22:07:41","h":"Nord","s":"25N-H50N100F-90-F1"},{"r":"128","t":"22:07:41","h":"Nord","s":"25N-H50N200F-90-F2"},{"r":"128","t":"22:07:41","h":"Nord","s":"25N-H50N300F-90-F3"},{"r":"128","t":"22:07:41","h":"Nord","s":"25N-H50N400F-90-F4"},{"r":"128","t":"22:07:41","h":"Nord","s":"25N-H50NV10I-90-I"},{"r":"128","t":"22:07:41","h":"Nord","s":"25N-H50NV10S-90-S"},{"r":"128","t":"22:07:41","h":"Nord","s":"25N-H50NV20I-90-I"},{"r":"128","t":"22:07:41","h":"Nord","s":"25N-H50NV20S-90-S"},{"r":"128","t":"22:07:41","h":"Nord","s":"25S-H50S000I-81-I"},{"r":"128","t":"22:07:41","h":"Nord","s":"25S-H50S000S-81-S"},{"r":"128","t":"22:07:41","h":"Nord","s":"25S-H50S100F-80-F1"},{"r":"128","t":"22:07:41","h":"Nord","s":"25S-H50S200F-80-F2"},{"r":"128","t":"22:10:41","h":"Nord","s":"25N-H50N000A-80-A"},{"r":"128","t":"22:10:41","h":"Nord","s":"25N-H50N000A-90-A"},{"r":"128","t":"22:10:41","h":"Nord","s":"25N-H50NV10A-90-A"},{"r":"128","t":"22:10:41","h":"Nord","s":"25N-H50NV20A-90-A"},{"r":"128","t":"22:10:41","h":"Nord","s":"25S-H50S000A-81-A"},{"r":"128","t":"22:37:41","h":"Nord","s":"25N-H50N000S-80-S"},{"r":"128","t":"22:37:41","h":"Nord","s":"25N-H50N000S-90-S"},{"r":"128","t":"22:37:41","h":"Nord","s":"25N-H50NV10S-90-S"},{"r":"128","t":"22:37:41","h":"Nord","s":"25N-H50NV20S-90-S"},{"r":"128","t":"22:37:41","h":"Nord","s":"25S-H50S000S-81-S"},{"r":"128","t":"22:41:41","h":"Nord","s":"25N-H50N000I-80-I"},{"r":"128","t":"22:41:41","h":"Nord","s":"25N-H50N000I-90-I"},{"r":"128","t":"22:41:41","h":"Nord","s":"25N-H50N100F-90-F1"},{"r":"128","t":"22:41:41","h":"Nord","s":"25N-H50N200F-90-F2"},{"r":"128","t":"22:41:41","h":"Nord","s":"25N-H50N300F-90-F3"},{"r":"128","t":"22:41:41","h":"Nord","s":"25N-H50N400F-90-F4"},{"r":"128","t":"22:41:41","h":"Nord","s":"25N-H50NV10I-90-I"},{"r":"128","t":"22:41:41","h":"Nord","s":"25N-H50NV20I-90-I"},{"r":"128","t":"22:41:41","h":"Nord","s":"25S-H50S000I-81-I"},{"r":"128","t":"22:41:41","h":"Nord","s":"25S-H50S100F-80-F1"},{"r":"128","t":"22:41:41","h":"Nord","s":"25S-H50S200F-80-F2"},{"r":"128","t":"22:44:41","h":"Nord","s":"25N-H50N000A-80-A"},{"r":"128","t":"22:44:41","h":"Nord","s":"25N-H50N000A-90-A"},{"r":"128","t":"22:44:41","h":"Nord","s":"25N-H50NV10A-90-A"},{"r":"128","t":"22:44:41","h":"Nord","s":"25N-H50NV20A-90-A"},{"r":"128","t":"22:44:41","h":"Nord","s":"25S-H50S000A-81-A"},{"r":"128","t":"23:07:41","h":"Nord","s":"25N-H50N000S-80-S"},{"r":"128","t":"23:07:41","h":"Nord","s":"25N-H50N000S-90-S"},{"r":"128","t":"23:07:41","h":"Nord","s":"25N-H50NV10S-90-S"},{"r":"128","t":"23:07:41","h":"Nord","s":"25N-H50NV20S-90-S"},{"r":"128","t":"23:07:41","h":"Nord","s":"25S-H50S000S-81-S"},{"r":"128","t":"23:11:41","h":"Nord","s":"25N-H50N000I-80-I"},{"r":"128","t":"23:11:41","h":"Nord","s":"25N-H50N000I-90-I"},{"r":"128","t":"23:11:41","h":"Nord","s":"25N-H50N100F-90-F1"},{"r":"128","t":"23:11:41","h":"Nord","s":"25N-H50N200F-90-F2"},{"r":"128","t":"23:11:41","h":"Nord","s":"25N-H50N300F-90-F3"},{"r":"128","t":"23:11:41","h":"Nord","s":"25N-H50N400F-90-F4"},{"r":"128","t":"23:11:41","h":"Nord","s":"25N-H50NV10I-90-I"},{"r":"128","t":"23:11:41","h":"Nord","s":"25N-H50NV20I-90-I"},{"r":"128","t":"23:11:41","h":"Nord","s":"25S-H50S000I-81-I"},{"r":"128","t":"23:11:41","h":"Nord","s":"25S-H50S100F-80-F1"},{"r":"128","t":"23:11:41","h":"Nord","s":"25S-H50S200F-80-F2"},{"r":"128","t":"23:19:41","h":"Nord","s":"25N-H50N000A-80-A"},{"r":"128","t":"23:19:41","h":"Nord","s":"25N-H50N000A-90-A"},{"r":"128","t":"23:19:41","h":"Nord","s":"25N-H50NV10A-90-A"},{"r":"128","t":"23:19:41","h":"Nord","s":"25N-H50NV20A-90-A"},{"r":"128","t":"23:19:41","h":"Nord","s":"25S-H50S000A-81-A"},{"r":"128","t":"23:45:41","h":"Nord","s":"25N-H50N000S-80-S"},{"r":"128","t":"23:45:41","h":"Nord","s":"25N-H50N000S-90-S"},{"r":"128","t":"23:45:41","h":"Nord","s":"25N-H50NV10S-90-S"},{"r":"128","t":"23:45:41","h":"Nord","s":"25N-H50NV20S-90-S"},{"r":"128","t":"23:45:41","h":"Nord","s":"25S-H50S000S-81-S"},{"r":"128","t":"23:47:41","h":"Nord","s":"25N-H50N000I-80-I"},{"r":"128","t":"23:47:41","h":"Nord","s":"25N-H50N000I-90-I"},{"r":"128","t":"23:47:41","h":"Nord","s":"25N-H50N100F-90-F1"},{"r":"128","t":"23:47:41","h":"Nord","s":"25N-H50N200F-90-F2"},{"r":"128","t":"23:47:41","h":"Nord","s":"25N-H50N300F-90-F3"},{"r":"128","t":"23:47:41","h":"Nord","s":"25N-H50N400F-90-F4"},{"r":"128","t":"23:47:41","h":"Nord","s":"25N-H50NV10I-90-I"},{"r":"128","t":"23:47:41","h":"Nord","s":"25N-H50NV20I-90-I"},{"r":"128","t":"23:47:41","h":"Nord","s":"25S-H50S000I-81-I"},{"r":"128","t":"23:47:41","h":"Nord","s":"25S-H50S100F-80-F1"},{"r":"128","t":"23:47:41","h":"Nord","s":"25S-H50S200F-80-F2"},{"r":"128","t":"23:57:41","h":"Nord","s":"25N-H50N000A-80-A"},{"r":"128","t":"23:57:41","h":"Nord","s":"25N-H50N000A-90-A"},{"r":"128","t":"23:57:41","h":"Nord","s":"25N-H50NV10A-90-A"},{"r":"128","t":"23:57:41","h":"Nord","s":"25N-H50NV20A-90-A"},{"r":"128","t":"23:57:41","h":"Nord","s":"25S-H50S000A-81-A"},{"r":"128","t":"24:12:41","h":"Nord","s":"25N-H50N000S-80-S"},{"r":"128","t":"24:12:41","h":"Nord","s":"25N-H50N000S-90-S"},{"r":"128","t":"24:12:41","h":"Nord","s":"25N-H50NV10S-90-S"},{"r":"128","t":"24:12:41","h":"Nord","s":"25N-H50NV20S-90-S"},{"r":"128","t":"24:12:41","h":"Nord","s":"25S-H50S000S-81-S"},{"r":"128","t":"24:17:41","h":"Nord","s":"25N-H50N000I-80-I"},{"r":"128","t":"24:17:41","h":"Nord","s":"25N-H50N000I-90-I"},{"r":"128","t":"24:17:41","h":"Nord","s":"25N-H50N100F-90-F1"},{"r":"128","t":"24:17:41","h":"Nord","s":"25N-H50N200F-90-F2"},{"r":"128","t":"24:17:41","h":"Nord","s":"25N-H50N300F-90-F3"},{"r":"128","t":"24:17:41","h":"Nord","s":"25N-H50N400F-90-F4"},{"r":"128","t":"24:17:41","h":"Nord","s":"25N-H50NV10I-90-I"},{"r":"128","t":"24:17:41","h":"Nord","s":"25N-H50NV20I-90-I"},{"r":"128","t":"24:17:41","h":"Nord","s":"25S-H50S000I-81-I"},{"r":"128","t":"24:17:41","h":"Nord","s":"25S-H50S100F-80-F1"},{"r":"128","t":"24:17:41","h":"Nord","s":"25S-H50S200F-80-F2"},{"r":"128","t":"24:32:41","h":"Nord","s":"25N-H50N000I-80-I"},{"r":"128","t":"24:32:41","h":"Nord","s":"25N-H50N000I-90-I"},{"r":"128","t":"24:32:41","h":"Nord","s":"25N-H50N100F-90-F1"},{"r":"128","t":"24:32:41","h":"Nord","s":"25N-H50N200F-90-F2"},{"r":"128","t":"24:32:41","h":"Nord","s":"25N-H50N300F-90-F3"},{"r":"128","t":"24:32:41","h":"Nord","s":"25N-H50N400F-90-F4"},{"r":"128","t":"24:32:41","h":"Nord","s":"25N-H50NV10I-90-I"},{"r":"128","t":"24:32:41","h":"Nord","s":"25N-H50NV20I-90-I"},{"r":"128","t":"24:32:41","h":"Nord","s":"25S-H50S000I-81-I"},{"r":"128","t":"24:32:41","h":"Nord","s":"25S-H50S100F-80-F1"},{"r":"128","t":"24:32:41","h":"Nord","s":"25S-H50S200F-80-F2"},{"r":"128","t":"24:34:41","h":"Nord","s":"25N-H50N000A-80-A"},{"r":"128","t":"24:34:41","h":"Nord","s":"25N-H50N000A-90-A"},{"r":"128","t":"24:34:41","h":"Nord","s":"25N-H50NV10A-90-A"},{"r":"128","t":"24:34:41","h":"Nord","s":"25N-H50NV20A-90-A"},{"r":"128","t":"24:34:41","h":"Nord","s":"25S-H50S000A-81-A"},{"r":"128","t":"24:39:41","h":"Nord","s":"25N-H50N000S-80-S"},{"r":"128","t":"24:39:41","h":"Nord","s":"25N-H50N000S-90-S"},{"r":"128","t":"24:39:41","h":"Nord","s":"25N-H50NV10S-90-S"},{"r":"128","t":"24:39:41","h":"Nord","s":"25N-H50NV20S-90-S"},{"r":"128","t":"24:39:41","h":"Nord","s":"25S-H50S000S-81-S"}]