[{"r":"128","t":"05:47:39","h":"Sud","s":"25N-H50N000S-80-S"},{"r":"128","t":"05:47:39","h":"Sud","s":"25N-H50N000S-90-S"},{"r":"128","t":"05:47:39","h":"Sud","s":"25N-H50NV10S-90-S"},{"r":"128","t":"05:47:39","h":"Sud","s":"25N-H50NV20S-90-S"},{"r":"128","t":"05:47:39","h":"Sud","s":"25S-H50S000S-81-S"},{"r":"128","t":"06:11:39","h":"Sud","s":"25N-H50N000S-80-S"},{"r":"128","t":"06:11:39","h":"Sud","s":"25N-H50N000S-90-S"},{"r":"128","t":"06:11:39","h":"Sud","s":"25N-H50NV10S-90-S"},{"r":"128","t":"06:11:39","h":"Sud","s":"25N-H50NV20S-90-S"},{"r":"128","t":"06:11:39","h":"Sud","s":"25S-H50S000S-81-S"},{"r":"16","t":"06:15:45","h":"Ouest","s":"25N-H50N000A-80-A"},{"r":"16","t":"06:15:45","h":"Ouest","s":"25N-H50N000A-90-A"},{"r":"16","t":"06:15:45","h":"Ouest","s":"25N-H50NV10A-90-A"},{"r":"16","t":"06:15:45","h":"Ouest","s":"25N-H50NV20A-90-A"},{"r":"16","t":"06:15:45","h":"Ouest","s":"25S-H50S000A-81-A"},{"r":"128","t":"06:16:55","h":"Sud","s":"25N-H50N000A-80-A"},{"r":"128","t":"06:16:55","h":"Sud","s":"25N-H50N000A-90-A"},{"r":"128","t":"06:16:55","h":"Sud","s":"25N-H50NV10A-90-A"},{"r":"128","t":"06:16:55","h":"Sud","s":"25N-H50NV20A-90-A"},{"r":"128","t":"06:16:55","h":"Sud","s":"25S-H50S000A-81-A"},{"r":"16","t":"06:17:30","h":"Ouest","s":"25N-H50N000S-80-S"},{"r":"16","t":"06:17:30","h":"Ouest","s":"25N-H50N000S-90-S"},{"r":"16","t":"06:17:30","h":"Ouest","s":"25N-H50NV10S-90-S"},{"r":"16","t":"06:17:30","h":"Ouest","s":"25N-H50NV20S-90-S"},{"r":"16","t":"06:17:30","h":"Ouest","s":"25S-H50S000S-81-S"},{"r":"16","t":"06:18:38","h":"Ouest","s":"25N-H50N000I-80-I"},{"r":"16","t":"06:18:38","h":"Ouest","s":"25N-H50N000I-90-I"},{"r":"16","t":"06:18:38","h":"Ouest","s":"25N-H50N100F-90-F1"},{"r":"16","t":"06:18:38","h":"Ouest","s":"25N-H50N200F-90-F2"},{"r":"16","t":"06:18:38","h":"Ouest","s":"25N-H50N300F-90-F3"},{"r":"16","t":"06:18:38","h":"Ouest","s":"25N-H50N400F-90-F4"},{"r":"16","t":"06:18:38","h":"Ouest","s":"25N-H50NV10I-90-I"},{"r":"16","t":"06:18:38","h":"Ouest","s":"25N-H50NV20I-90-I"},{"r":"16","t":"06:18:38","h":"Ouest","s":"25S-H50S000I-81-I"},{"r":"16","t":"06:18:38","h":"Ouest","s":"25S-H50S100F-80-F1"},{"r":"16","t":"06:18:38","h":"Ouest","s":"25S-H50S200F-80-F2"},{"r":"128","t":"06:18:39","h":"Sud","s":"25N-H50N000I-80-I"},{"r":"128","t":"06:18:39","h":"Sud","s":"25N-H50N000I-90-I"},{"r":"128","t":"06:18:39","h":"Sud","s":"25N-H50N100F-90-F1"},{"r":"128","t":"06:18:39","h":"Sud","s":"25N-H50N200F-90-F2"},{"r":"128","t":"06:18:39","h":"Sud","s":"25N-H50N300F-90-F3"},{"r":"128","t":"06:18:39","h":"Sud","s":"25N-H50N400F-90-F4"},{"r":"128","t":"06:18:39","h":"Sud","s":"25N-H50NV10I-90-I"},{"r":"128","t":"06:18:39","h":"Sud","s":"25N-H50NV20I-90-I"},{"r":"128","t":"06:18:39","h":"Sud","s":"25S-H50S000I-81-I"},{"r":"128","t":"06:18:39","h":"Sud","s":"25S-H50S100F-80-F1"},{"r":"128","t":"06:18:39","h":"Sud","s":"25S-H50S200F-80-F2"},{"r":"128","t":"06:33:39","h":"Sud","s":"25N-H50N000S-80-S"},{"r":"128","t":"06:33:39","h":"Sud","s":"25N-H50N000S-90-S"},{"r":"128","t":"06:33:39","h":"Sud","s":"25N-H50NV10S-90-S"},{"r":"128","t":"06:33:39","h":"Sud","s":"25N-H50NV20S-90-S"},{"r":"128","t":"06:33:39","h":"Sud","s":"25S-H50S000S-81-S"},{"r":"16","t":"06:44:45","h":"Ouest","s":"25N-H50N000A-80-A"},{"r":"16","t":"06:44:45","h":"Ouest","s":"25N-H50N000A-90-A"},{"r":"16","t":"06:44:45","h":"Ouest","s":"25N-H50NV10A-90-A"},{"r":"16","t":"06:44:45","h":"Ouest","s":"25N-H50NV20A-90-A"},{"r":"16","t":"06:44:45","h":"Ouest","s":"25S-H50S000A-81-A"},{"r":"16","t":"06:48:38","h":"Ouest","s":"25N-H50N000I-80-I"},{"r":"16","t":"06:48:38","h":"Ouest","s":"25N-H50N000I-90-I"},{"r":"16","t":"06:48:38","h":"Ouest","s":"25N-H50N100F-90-F1"},{"r":"16","t":"06:48:38","h":"Ouest","s":"25N-H50N200F-90-F2"},{"r":"16","t":"06:48:38","h":"Ouest","s":"25N-H50N300F-90-F3"},{"r":"16","t":"06:48:38","h":"Ouest","s":"25N-H50N400F-90-F4"},{"r":"16","t":"06:48:38","h":"Ouest","s":"25N-H50NV10I-90-I"},{"r":"16","t":"06:48:38","h":"Ouest","s":"25N-H50NV20I-90-I"},{"r":"16","t":"06:48:38","h":"Ouest","s":"25S-H50S000I-81-I"},{"r":"16","t":"06:48:38","h":"Ouest","s":"25S-H50S100F-80-F1"},{"r":"16","t":"06:48:38","h":"Ouest","s":"25S-H50S200F-80-F2"},{"r":"16","t":"06:50:30","h":"Ouest","s":"25N-H50N000S-80-S"},{"r":"16","t":"06:50:30","h":"Ouest","s":"25N-H50N000S-90-S"},{"r":"16","t":"06:50:30","h":"Ouest","s":"25N-H50NV10S-90-S"},{"r":"16","t":"06:50:30","h":"Ouest","s":"25N-H50NV20S-90-S"},{"r":"16","t":"06:50:30","h":"Ouest","s":"25S-H50S000S-81-S"},{"r":"128","t":"06:53:55","h":"Sud","s":"25N-H50N000A-80-A"},{"r":"128","t":"06:53:55","h":"Sud","s":"25N-H50N000A-90-A"},{"r":"128","t":"06:53:55","h":"Sud","s":"25N-H50NV10A-90-A"},{"r":"128","t":"06:53:55","h":"Sud","s":"25N-H50NV20A-90-A"},{"r":"128","t":"06:53:55","h":"Sud","s":"25S-H50S000A-81-A"},{"r":"128","t":"06:55:39","h":"Sud","s":"25N-H50N000I-80-I"},{"r":"128","t":"06:55:39","h":"Sud","s":"25N-H50N000I-90-I"},{"r":"128","t":"06:55:39","h":"Sud","s":"25N-H50N100F-90-F1"},{"r":"128","t":"06:55:39","h":"Sud","s":"25N-H50N200F-90-F2"},{"r":"128","t":"06:55:39","h":"Sud","s":"25N-H50N300F-90-F3"},{"r":"128","t":"06:55:39","h":"Sud","s":"25N-H50N400F-90-F4"},{"r":"128","t":"06:55:39","h":"Sud","s":"25N-H50NV10I-90-I"},{"r":"128","t":"06:55:39","h":"Sud","s":"25N-H50NV20I-90-I"},{"r":"128","t":"06:55:39","h":"Sud","s":"25S-H50S000I-81-I"},{"r":"128","t":"06:55:39","h":"Sud","s":"25S-H50S100F-80-F1"},{"r":"128","t":"06:55:39","h":"Sud","s":"25S-H50S200F-80-F2"},{"r":"128","t":"07:04:39","h":"Sud","s":"25N-H50N000S-80-S"},{"r":"128","t":"07:04:39","h":"Sud","s":"25N-H50N000S-90-S"},{"r":"128","t":"07:04:39","h":"Sud","s":"25N-H50NV10S-90-S"},{"r":"128","t":"07:04:39","h":"Sud","s":"25N-H50NV20S-90-S"},{"r":"128","t":"07:04:39","h":"Sud","s":"25S-H50S000S-81-S"},{"r":"16","t":"07:14:38","h":"Ouest","s":"25N-H50N000A-80-A"},{"r":"16","t":"07:14:38","h":"Ouest","s":"25N-H50N000A-90-A"},{"r":"16","t":"07:14:38","h":"Ouest","s":"25N-H50NV10A-90-A"},{"r":"16","t":"07:14:38","h":"Ouest","s":"25N-H50NV20A-90-A"},{"r":"16","t":"07:14:38","h":"Ouest","s":"25S-H50S000A-81-A"},{"r":"16","t":"07:17:38","h":"Ouest","s":"25N-H50N000I-80-I"},{"r":"16","t":"07:17:38","h":"Ouest","s":"25N-H50N000I-90-I"},{"r":"16","t":"07:17:38","h":"Ouest","s":"25N-H50N100F-90-F1"},{"r":"16","t":"07:17:38","h":"Ouest","s":"25N-H50N200F-90-F2"},{"r":"16","t":"07:17:38","h":"Ouest","s":"25N-H50N300F-90-F3"},{"r":"16","t":"07:17:38","h":"Ouest","s":"25N-H50N400F-90-F4"},{"r":"16","t":"07:17:38","h":"Ouest","s":"25N-H50NV10I-90-I"},{"r":"16","t":"07:17:38","h":"Ouest","s":"25N-H50NV20I-90-I"},{"r":"16","t":"07:17:38","h":"Ouest","s":"25S-H50S000I-81-I"},{"r":"16","t":"07:17:38","h":"Ouest","s":"25S-H50S100F-80-F1"},{"r":"16","t":"07:17:38","h":"Ouest","s":"25S-H50S200F-80-F2"},{"r":"16","t":"07:25:30","h":"Ouest","s":"25N-H50N000S-80-S"},{"r":"16","t":"07:25:30","h":"Ouest","s":"25N-H50N000S-90-S"},{"r":"16","t":"07:25:30","h":"Ouest","s":"25N-H50NV10S-90-S"},{"r":"16","t":"07:25:30","h":"Ouest","s":"25N-H50NV20S-90-S"},{"r":"16","t":"07:25:30","h":"Ouest","s":"25S-H50S000S-81-S"},{"r":"128","t":"07:28:39","h":"Sud","s":"25N-H50N000I-80-I"},{"r":"128","t":"07:28:39","h":"Sud","s":"25N-H50N000I-90-I"},{"r":"128","t":"07:28:39","h":"Sud","s":"25N-H50N100F-90-F1"},{"r":"128","t":"07:28:39","h":"Sud","s":"25N-H50N200F-90-F2"},{"r":"128","t":"07:28:39","h":"Sud","s":"25N-H50N300F-90-F3"},{"r":"128","t":"07:28:39","h":"Sud","s":"25N-H50N400F-90-F4"},{"r":"128","t":"07:28:39","h":"Sud","s":"25N-H50NV10I-90-I"},{"r":"128","t":"07:28:39","h":"Sud","s":"25N-H50NV20I-90-I"},{"r":"128","t":"07:28:39","h":"Sud","s":"25S-H50S000I-81-I"},{"r":"128","t":"07:28:39","h":"Sud","s":"25S-H50S100F-80-F1"},{"r":"128","t":"07:28:39","h":"Sud","s":"25S-H50S200F-80-F2"},{"r":"128","t":"07:31:55","h":"Sud","s":"25N-H50N000A-80-A"},{"r":"128","t":"07:31:55","h":"Sud","s":"25N-H50N000A-90-A"},{"r":"128","t":"07:31:55","h":"Sud","s":"25N-H50NV10A-90-A"},{"r":"128","t":"07:31:55","h":"Sud","s":"25N-H50NV20A-90-A"},{"r":"128","t":"07:31:55","h":"Sud","s":"25S-H50S000A-81-A"},{"r":"128","t":"07:35:07","h":"Sud","s":"25N-H50N000S-80-S"},{"r":"128","t":"07:35:07","h":"Sud","s":"25N-H50N000S-90-S"},{"r":"128","t":"07:35:07","h":"Sud","s":"25N-H50NV10S-90-S"},{"r":"128","t":"07:35:07","h":"Sud","s":"25N-H50NV20S-90-S"},{"r":"128","t":"07:35:07","h":"Sud","s":"25S-H50S000S-81-S"},{"r":"16","t":"07:44:38","h":"Ouest","s":"25N-H50N000A-80-A"},{"r":"16","t":"07:44:38","h":"Ouest","s":"25N-H50N000A-90-A"},{"r":"16","t":"07:44:38","h":"Ouest","s":"25N-H50NV10A-90-A"},{"r":"16","t":"07:44:38","h":"Ouest","s":"25N-H50NV20A-90-A"},{"r":"16","t":"07:44:38","h":"Ouest","s":"25S-H50S000A-81-A"},{"r":"16","t":"07:47:38","h":"Ouest","s":"25N-H50N000I-80-I"},{"r":"16","t":"07:47:38","h":"Ouest","s":"25N-H50N000I-90-I"},{"r":"16","t":"07:47:38","h":"Ouest","s":"25N-H50N100F-90-F1"},{"r":"16","t":"07:47:38","h":"Ouest","s":"25N-H50N200F-90-F2"},{"r":"16","t":"07:47:38","h":"Ouest","s":"25N-H50N300F-90-F3"},{"r":"16","t":"07:47:38","h":"Ouest","s":"25N-H50N400F-90-F4"},{"r":"16","t":"07:47:38","h":"Ouest","s":"25N-H50NV10I-90-I"},{"r":"16","t":"07:47:38","h":"Ouest","s":"25N-H50NV20I-90-I"},{"r":"16","t":"07:47:38","h":"Ouest","s":"25S-H50S000I-81-I"},{"r":"16","t":"07:47:38","h":"Ouest","s":"25S-H50S100F-80-F1"},{"r":"16","t":"07:47:38","h":"Ouest","s":"25S-H50S200F-80-F2"},{"r":"16","t":"07:52:30","h":"Ouest","s":"25N-H50N000S-80-S"},{"r":"16","t":"07:52:30","h":"Ouest","s":"25N-H50N000S-90-S"},{"r":"16","t":"07:52:30","h":"Ouest","s":"25N-H50NV10S-90-S"},{"r":"16","t":"07:52:30","h":"Ouest","s":"25N-H50NV20S-90-S"},{"r":"16","t":"07:52:30","h":"Ouest","s":"25S-H50S000S-81-S"},{"r":"128","t":"07:59:39","h":"Sud","s":"25N-H50N000A-80-A"},{"r":"128","t":"07:59:39","h":"Sud","s":"25N-H50N000A-90-A"},{"r":"128","t":"07:59:39","h":"Sud","s":"25N-H50NV10A-90-A"},{"r":"128","t":"07:59:39","h":"Sud","s":"25N-H50NV20A-90-A"},{"r":"128","t":"07:59:39","h":"Sud","s":"25S-H50S000A-81-A"},{"r":"128","t":"08:01:39","h":"Sud","s":"25N-H50N000I-80-I"},{"r":"128","t":"08:01:39","h":"Sud","s":"25N-H50N000I-90-I"},{"r":"128","t":"08:01:39","h":"Sud","s":"25N-H50N100F-90-F1"},{"r":"128","t":"08:01:39","h":"Sud","s":"25N-H50N200F-90-F2"},{"r":"128","t":"08:01:39","h":"Sud","s":"25N-H50N300F-90-F3"},{"r":"128","t":"08:01:39","h":"Sud","s":"25N-H50N400F-90-F4"},{"r":"128","t":"08:01:39","h":"Sud","s":"25N-H50NV10I-90-I"},{"r":"128","t":"08:01:39","h":"Sud","s":"25N-H50NV20I-90-I"},{"r":"128","t":"08:01:39","h":"Sud","s":"25S-H50S000I-81-I"},{"r":"128","t":"08:01:39","h":"Sud","s":"25S-H50S100F-80-F1"},{"r":"128","t":"08:01:39","h":"Sud","s":"25S-H50S200F-80-F2"},{"r":"16","t":"08:11:30","h":"Ouest","s":"25N-H50N000S-80-S"},{"r":"16","t":"08:11:30","h":"Ouest","s":"25N-H50N000S-90-S"},{"r":"16","t":"08:11:30","h":"Ouest","s":"25N-H50NV10S-90-S"},{"r":"16","t":"08:11:30","h":"Ouest","s":"25N-H50NV20S-90-S"},{"r":"16","t":"08:11:30","h":"Ouest","s":"25S-H50S000S-81-S"},{"r":"128","t":"08:15:07","h":"Sud","s":"25N-H50N000S-80-S"},{"r":"128","t":"08:15:07","h":"Sud","s":"25N-H50N000S-90-S"},{"r":"128","t":"08:15:07","h":"Sud","s":"25N-H50NV10S-90-S"},{"r":"128","t":"08:15:07","h":"Sud","s":"25N-H50NV20S-90-S"},{"r":"128","t":"08:15:07","h":"Sud","s":"25S-H50S000S-81-S"},{"r":"16","t":"08:15:38","h":"Ouest","s":"25N-H50N000A-80-A"},{"r":"16","t":"08:15:38","h":"Ouest","s":"25N-H50N000A-90-A"},{"r":"16","t":"08:15:38","h":"Ouest","s":"25N-H50NV10A-90-A"},{"r":"16","t":"08:15:38","h":"Ouest","s":"25N-H50NV20A-90-A"},{"r":"16","t":"08:15:38","h":"Ouest","s":"25S-H50S000A-81-A"},{"r":"16","t":"08:16:38","h":"Ouest","s":"25N-H50N000I-80-I"},{"r":"16","t":"08:16:38","h":"Ouest","s":"25N-H50N000I-90-I"},{"r":"16","t":"08:16:38","h":"Ouest","s":"25N-H50N100F-90-F1"},{"r":"16","t":"08:16:38","h":"Ouest","s":"25N-H50N200F-90-F2"},{"r":"16","t":"08:16:38","h":"Ouest","s":"25N-H50N300F-90-F3"},{"r":"16","t":"08:16:38","h":"Ouest","s":"25N-H50N400F-90-F4"},{"r":"16","t":"08:16:38","h":"Ouest","s":"25N-H50NV10I-90-I"},{"r":"16","t":"08:16:38","h":"Ouest","s":"25N-H50NV20I-90-I"},{"r":"16","t":"08:16:38","h":"Ouest","s":"25S-H50S000I-81-I"},{"r":"16","t":"08:16:38","h":"Ouest","s":"25S-H50S100F-80-F1"},{"r":"16","t":"08:16:38","h":"Ouest","s":"25S-H50S200F-80-F2"},{"r":"128","t":"08:32:39","h":"Sud","s":"25N-H50N000A-80-A"},{"r":"128","t":"08:32:39","h":"Sud","s":"25N-H50N000A-90-A"},{"r":"128","t":"08:32:39","h":"Sud","s":"25N-H50NV10A-90-A"},{"r":"128","t":"08:32:39","h":"Sud","s":"25N-H50NV20A-90-A"},{"r":"128","t":"08:32:39","h":"Sud","s":"25S-H50S000A-81-A"},{"r":"16","t":"08:35:30","h":"Ouest","s":"25N-H50N000S-80-S"},{"r":"16","t":"08:35:30","h":"Ouest","s":"25N-H50N000S-90-S"},{"r":"16","t":"08:35:30","h":"Ouest","s":"25N-H50NV10S-90-S"},{"r":"16","t":"08:35:30","h":"Ouest","s":"25N-H50NV20S-90-S"},{"r":"16","t":"08:35:30","h":"Ouest","s":"25S-H50S000S-81-S"},{"r":"128","t":"08:37:39","h":"Sud","s":"25N-H50N000I-80-I"},{"r":"128","t":"08:37:39","h":"Sud","s":"25N-H50N000I-90-I"},{"r":"128","t":"08:37:39","h":"Sud","s":"25N-H50N100F-90-F1"},{"r":"128","t":"08:37:39","h":"Sud","s":"25N-H50N200F-90-F2"},{"r":"128","t":"08:37:39","h":"Sud","s":"25N-H50N300F-90-F3"},{"r":"128","t":"08:37:39","h":"Sud","s":"25N-H50N400F-90-F4"},{"r":"128","t":"08:37:39","h":"Sud","s":"25N-H50NV10I-90-I"},{"r":"128","t":"08:37:39","h":"Sud","s":"25N-H50NV20I-90-I"},{"r":"128","t":"08:37:39","h":"Sud","s":"25S-H50S000I-81-I"},{"r":"128","t":"08:37:39","h":"Sud","s":"25S-H50S100F-80-F1"},{"r":"128","t":"08:37:39","h":"Sud","s":"25S-H50S200F-80-F2"},{"r":"128","t":"08:40:07","h":"Sud","s":"25N-H50N000S-80-S"},{"r":"128","t":"08:40:07","h":"Sud","s":"25N-H50N000S-90-S"},{"r":"128","t":"08:40:07","h":"Sud","s":"25N-H50NV10S-90-S"},{"r":"128","t":"08:40:07","h":"Sud","s":"25N-H50NV20S-90-S"},{"r":"128","t":"08:40:07","h":"Sud","s":"25S-H50S000S-81-S"},{"r":"16","t":"08:46:38","h":"Ouest","s":"25N-H50N000A-80-A"},{"r":"16","t":"08:46:38","h":"Ouest","s":"25N-H50N000A-90-A"},{"r":"16","t":"08:46:38","h":"Ouest","s":"25N-H50N000I-80-I"},{"r":"16","t":"08:46:38","h":"Ouest","s":"25N-H50N000I-90-I"},{"r":"16","t":"08:46:38","h":"Ouest","s":"25N-H50N100F-90-F1"},{"r":"16","t":"08:46:38","h":"Ouest","s":"25N-H50N200F-90-F2"},{"r":"16","t":"08:46:38","h":"Ouest","s":"25N-H50N300F-90-F3"},{"r":"16","t":"08:46:38","h":"Ouest","s":"25N-H50N400F-90-F4"},{"r":"16","t":"08:46:38","h":"Ouest","s":"25N-H50NV10A-90-A"},{"r":"16","t":"08:46:38","h":"Ouest","s":"25N-H50NV10I-90-I"},{"r":"16","t":"08:46:38","h":"Ouest","s":"25N-H50NV20A-90-A"},{"r":"16","t":"08:46:38","h":"Ouest","s":"25N-H50NV20I-90-I"},{"r":"16","t":"08:46:38","h":"Ouest","s":"25S-H50S000A-81-A"},{"r":"16","t":"08:46:38","h":"Ouest","s":"25S-H50S000I-81-I"},{"r":"16","t":"08:46:38","h":"Ouest","s":"25S-H50S100F-80-F1"},{"r":"16","t":"08:46:38","h":"Ouest","s":"25S-H50S200F-80-F2"},{"r":"16","t":"09:03:30","h":"Ouest","s":"25N-H50N000S-80-S"},{"r":"16","t":"09:03:30","h":"Ouest","s":"25N-H50N000S-90-S"},{"r":"16","t":"09:03:30","h":"Ouest","s":"25N-H50NV10S-90-S"},{"r":"16","t":"09:03:30","h":"Ouest","s":"25N-H50NV20S-90-S"},{"r":"16","t":"09:03:30","h":"Ouest","s":"25S-H50S000S-81-S"},{"r":"128","t":"09:10:39","h":"Sud","s":"25N-H50N000A-80-A"},{"r":"128","t":"09:10:39","h":"Sud","s":"25N-H50N000A-90-A"},{"r":"128","t":"09:10:39","h":"Sud","s":"25N-H50NV10A-90-A"},{"r":"128","t":"09:10:39","h":"Sud","s":"25N-H50NV20A-90-A"},{"r":"128","t":"09:10:39","h":"Sud","s":"25S-H50S000A-81-A"},{"r":"128","t":"09:13:39","h":"Sud","s":"25N-H50N000I-80-I"},{"r":"128","t":"09:13:39","h":"Sud","s":"25N-H50N000I-90-I"},{"r":"128","t":"09:13:39","h":"Sud","s":"25N-H50N100F-90-F1"},{"r":"128","t":"09:13:39","h":"Sud","s":"25N-H50N200F-90-F2"},{"r":"128","t":"09:13:39","h":"Sud","s":"25N-H50N300F-90-F3"},{"r":"128","t":"09:13:39","h":"Sud","s":"25N-H50N400F-90-F4"},{"r":"128","t":"09:13:39","h":"Sud","s":"25N-H50NV10I-90-I"},{"r":"128","t":"09:13:39","h":"Sud","s":"25N-H50NV20I-90-I"},{"r":"128","t":"09:13:39","h":"Sud","s":"25S-H50S000I-81-I"},{"r":"128","t":"09:13:39","h":"Sud","s":"25S-H50S100F-80-F1"},{"r":"128","t":"09:13:39","h":"Sud","s":"25S-H50S200F-80-F2"},{"r":"128","t":"09:14:23","h":"Sud","s":"25N-H50N000S-80-S"},{"r":"128","t":"09:14:23","h":"Sud","s":"25N-H50N000S-90-S"},{"r":"128","t":"09:14:23","h":"Sud","s":"25N-H50NV10S-90-S"},{"r":"128","t":"09:14:23","h":"Sud","s":"25N-H50NV20S-90-S"},{"r":"128","t":"09:14:23","h":"Sud","s":"25S-H50S000S-81-S"},{"r":"16","t":"09:16:38","h":"Ouest","s":"25N-H50N000A-80-A"},{"r":"16","t":"09:16:38","h":"Ouest","s":"25N-H50N000A-90-A"},{"r":"16","t":"09:16:38","h":"Ouest","s":"25N-H50NV10A-90-A"},{"r":"16","t":"09:16:38","h":"Ouest","s":"25N-H50NV20A-90-A"},{"r":"16","t":"09:16:38","h":"Ouest","s":"25S-H50S000A-81-A"},{"r":"16","t":"09:17:38","h":"Ouest","s":"25N-H50N000I-80-I"},{"r":"16","t":"09:17:38","h":"Ouest","s":"25N-H50N000I-90-I"},{"r":"16","t":"09:17:38","h":"Ouest","s":"25N-H50N100F-90-F1"},{"r":"16","t":"09:17:38","h":"Ouest","s":"25N-H50N200F-90-F2"},{"r":"16","t":"09:17:38","h":"Ouest","s":"25N-H50N300F-90-F3"},{"r":"16","t":"09:17:38","h":"Ouest","s":"25N-H50N400F-90-F4"},{"r":"16","t":"09:17:38","h":"Ouest","s":"25N-H50NV10I-90-I"},{"r":"16","t":"09:17:38","h":"Ouest","s":"25N-H50NV20I-90-I"},{"r":"16","t":"09:17:38","h":"Ouest","s":"25S-H50S000I-81-I"},{"r":"16","t":"09:17:38","h":"Ouest","s":"25S-H50S100F-80-F1"},{"r":"16","t":"09:17:38","h":"Ouest","s":"25S-H50S200F-80-F2"},{"r":"16","t":"09:33:30","h":"Ouest","s":"25N-H50N000S-80-S"},{"r":"16","t":"09:33:30","h":"Ouest","s":"25N-H50N000S-90-S"},{"r":"16","t":"09:33:30","h":"Ouest","s":"25N-H50NV10S-90-S"},{"r":"16","t":"09:33:30","h":"Ouest","s":"25N-H50NV20S-90-S"},{"r":"16","t":"09:33:30","h":"Ouest","s":"25S-H50S000S-81-S"},{"r":"128","t":"09:42:23","h":"Sud","s":"25N-H50N000S-80-S"},{"r":"128","t":"09:42:23","h":"Sud","s":"25N-H50N000S-90-S"},{"r":"128","t":"09:42:23","h":"Sud","s":"25N-H50NV10S-90-S"},{"r":"128","t":"09:42:23","h":"Sud","s":"25N-H50NV20S-90-S"},{"r":"128","t":"09:42:23","h":"Sud","s":"25S-H50S000S-81-S"},{"r":"128","t":"09:45:39","h":"Sud","s":"25N-H50N000I-80-I"},{"r":"128","t":"09:45:39","h":"Sud","s":"25N-H50N000I-90-I"},{"r":"128","t":"09:45:39","h":"Sud","s":"25N-H50N100F-90-F1"},{"r":"128","t":"09:45:39","h":"Sud","s":"25N-H50N200F-90-F2"},{"r":"128","t":"09:45:39","h":"Sud","s":"25N-H50N300F-90-F3"},{"r":"128","t":"09:45:39","h":"Sud","s":"25N-H50N400F-90-F4"},{"r":"128","t":"09:45:39","h":"Sud","s":"25N-H50NV10I-90-I"},{"r":"128","t":"09:45:39","h":"Sud","s":"25N-H50NV20I-90-I"},{"r":"128","t":"09:45:39","h":"Sud","s":"25S-H50S000I-81-I"},{"r":"128","t":"09:45:39","h":"Sud","s":"25S-H50S100F-80-F1"},{"r":"128","t":"09:45:39","h":"Sud","s":"25S-H50S200F-80-F2"},{"r":"16","t":"09:48:38","h":"Ouest","s":"25N-H50N000I-80-I"},{"r":"16","t":"09:48:38","h":"Ouest","s":"25N-H50N000I-90-I"},{"r":"16","t":"09:48:38","h":"Ouest","s":"25N-H50N100F-90-F1"},{"r":"16","t":"09:48:38","h":"Ouest","s":"25N-H50N200F-90-F2"},{"r":"16","t":"09:48:38","h":"Ouest","s":"25N-H50N300F-90-F3"},{"r":"16","t":"09:48:38","h":"Ouest","s":"25N-H50N400F-90-F4"},{"r":"16","t":"09:48:38","h":"Ouest","s":"25N-H50NV10I-90-I"},{"r":"16","t":"09:48:38","h":"Ouest","s":"25N-H50NV20I-90-I"},{"r":"16","t":"09:48:38","h":"Ouest","s":"25S-H50S000I-81-I"},{"r":"16","t":"09:48:38","h":"Ouest","s":"25S-H50S100F-80-F1"},{"r":"16","t":"09:48:38","h":"Ouest","s":"25S-H50S200F-80-F2"},{"r":"128","t":"09:49:07","h":"Sud","s":"25N-H50N000A-80-A"},{"r":"128","t":"09:49:07","h":"Sud","s":"25N-H50N000A-90-A"},{"r":"128","t":"09:49:07","h":"Sud","s":"25N-H50NV10A-90-A"},{"r":"128","t":"09:49:07","h":"Sud","s":"25N-H50NV20A-90-A"},{"r":"128","t":"09:49:07","h":"Sud","s":"25S-H50S000A-81-A"},{"r":"16","t":"09:49:38","h":"Ouest","s":"25N-H50N000A-80-A"},{"r":"16","t":"09:49:38","h":"Ouest","s":"25N-H50N000A-90-A"},{"r":"16","t":"09:49:38","h":"Ouest","s":"25N-H50NV10A-90-A"},{"r":"16","t":"09:49:38","h":"Ouest","s":"25N-H50NV20A-90-A"},{"r":"16","t":"09:49:38","h":"Ouest","s":"25S-H50S000A-81-A"},{"r":"16","t":"10:03:30","h":"Ouest","s":"25N-H50N000S-80-S"},{"r":"16","t":"10:03:30","h":"Ouest","s":"25N-H50N000S-90-S"},{"r":"16","t":"10:03:30","h":"Ouest","s":"25N-H50NV10S-90-S"},{"r":"16","t":"10:03:30","h":"Ouest","s":"25N-H50NV20S-90-S"},{"r":"16","t":"10:03:30","h":"Ouest","s":"25S-H50S000S-81-S"},{"r":"128","t":"10:11:23","h":"Sud","s":"25N-H50N000S-80-S"},{"r":"128","t":"10:11:23","h":"Sud","s":"25N-H50N000S-90-S"},{"r":"128","t":"10:11:23","h":"Sud","s":"25N-H50NV10S-90-S"},{"r":"128","t":"10:11:23","h":"Sud","s":"25N-H50NV20S-90-S"},{"r":"128","t":"10:11:23","h":"Sud","s":"25S-H50S000S-81-S"},{"r":"128","t":"10:17:07","h":"Sud","s":"25N-H50N000A-80-A"},{"r":"128","t":"10:17:07","h":"Sud","s":"25N-H50N000A-90-A"},{"r":"128","t":"10:17:07","h":"Sud","s":"25N-H50NV10A-90-A"},{"r":"128","t":"10:17:07","h":"Sud","s":"25N-H50NV20A-90-A"},{"r":"128","t":"10:17:07","h":"Sud","s":"25S-H50S000A-81-A"},{"r":"16","t":"10:19:38","h":"Ouest","s":"25N-H50N000I-80-I"},{"r":"16","t":"10:19:38","h":"Ouest","s":"25N-H50N000I-90-I"},{"r":"16","t":"10:19:38","h":"Ouest","s":"25N-H50N100F-90-F1"},{"r":"16","t":"10:19:38","h":"Ouest","s":"25N-H50N200F-90-F2"},{"r":"16","t":"10:19:38","h":"Ouest","s":"25N-H50N300F-90-F3"},{"r":"16","t":"10:19:38","h":"Ouest","s":"25N-H50N400F-90-F4"},{"r":"16","t":"10:19:38","h":"Ouest","s":"25N-H50NV10I-90-I"},{"r":"16","t":"10:19:38","h":"Ouest","s":"25N-H50NV20I-90-I"},{"r":"16","t":"10:19:38","h":"Ouest","s":"25S-H50S000I-81-I"},{"r":"16","t":"10:19:38","h":"Ouest","s":"25S-H50S100F-80-F1"},{"r":"16","t":"10:19:38","h":"Ouest","s":"25S-H50S200F-80-F2"},{"r":"128","t":"10:19:39","h":"Sud","s":"25N-H50N000I-80-I"},{"r":"128","t":"10:19:39","h":"Sud","s":"25N-H50N000I-90-I"},{"r":"128","t":"10:19:39","h":"Sud","s":"25N-H50N100F-90-F1"},{"r":"128","t":"10:19:39","h":"Sud","s":"25N-H50N200F-90-F2"},{"r":"128","t":"10:19:39","h":"Sud","s":"25N-H50N300F-90-F3"},{"r":"128","t":"10:19:39","h":"Sud","s":"25N-H50N400F-90-F4"},{"r":"128","t":"10:19:39","h":"Sud","s":"25N-H50NV10I-90-I"},{"r":"128","t":"10:19:39","h":"Sud","s":"25N-H50NV20I-90-I"},{"r":"128","t":"10:19:39","h":"Sud","s":"25S-H50S000I-81-I"},{"r":"128","t":"10:19:39","h":"Sud","s":"25S-H50S100F-80-F1"},{"r":"128","t":"10:19:39","h":"Sud","s":"25S-H50S200F-80-F2"},{"r":"16","t":"10:22:38","h":"Ouest","s":"25N-H50N000A-80-A"},{"r":"16","t":"10:22:38","h":"Ouest","s":"25N-H50N000A-90-A"},{"r":"16","t":"10:22:38","h":"Ouest","s":"25N-H50NV10A-90-A"},{"r":"16","t":"10:22:38","h":"Ouest","s":"25N-H50NV20A-90-A"},{"r":"16","t":"10:22:38","h":"Ouest","s":"25S-H50S000A-81-A"},{"r":"16","t":"10:35:30","h":"Ouest","s":"25N-H50N000S-80-S"},{"r":"16","t":"10:35:30","h":"Ouest","s":"25N-H50N000S-90-S"},{"r":"16","t":"10:35:30","h":"Ouest","s":"25N-H50NV10S-90-S"},{"r":"16","t":"10:35:30","h":"Ouest","s":"25N-H50NV20S-90-S"},{"r":"16","t":"10:35:30","h":"Ouest","s":"25S-H50S000S-81-S"},{"r":"128","t":"10:43:07","h":"Sud","s":"25N-H50N000A-80-A"},{"r":"128","t":"10:43:07","h":"Sud","s":"25N-H50N000A-90-A"},{"r":"128","t":"10:43:07","h":"Sud","s":"25N-H50NV10A-90-A"},{"r":"128","t":"10:43:07","h":"Sud","s":"25N-H50NV20A-90-A"},{"r":"128","t":"10:43:07","h":"Sud","s":"25S-H50S000A-81-A"},{"r":"128","t":"10:43:23","h":"Sud","s":"25N-H50N000S-80-S"},{"r":"128","t":"10:43:23","h":"Sud","s":"25N-H50N000S-90-S"},{"r":"128","t":"10:43:23","h":"Sud","s":"25N-H50NV10S-90-S"},{"r":"128","t":"10:43:23","h":"Sud","s":"25N-H50NV20S-90-S"},{"r":"128","t":"10:43:23","h":"Sud","s":"25S-H50S000S-81-S"},{"r":"16","t":"10:50:38","h":"Ouest","s":"25N-H50N000I-80-I"},{"r":"16","t":"10:50:38","h":"Ouest","s":"25N-H50N000I-90-I"},{"r":"16","t":"10:50:38","h":"Ouest","s":"25N-H50N100F-90-F1"},{"r":"16","t":"10:50:38","h":"Ouest","s":"25N-H50N200F-90-F2"},{"r":"16","t":"10:50:38","h":"Ouest","s":"25N-H50N300F-90-F3"},{"r":"16","t":"10:50:38","h":"Ouest","s":"25N-H50N400F-90-F4"},{"r":"16","t":"10:50:38","h":"Ouest","s":"25N-H50NV10I-90-I"},{"r":"16","t":"10:50:38","h":"Ouest","s":"25N-H50NV20I-90-I"},{"r":"16","t":"10:50:38","h":"Ouest","s":"25S-H50S000I-81-I"},{"r":"16","t":"10:50:38","h":"Ouest","s":"25S-H50S100F-80-F1"},{"r":"16","t":"10:50:38","h":"Ouest","s":"25S-H50S200F-80-F2"},{"r":"16","t":"10:53:38","h":"Ouest","s":"25N-H50N000A-80-A"},{"r":"16","t":"10:53:38","h":"Ouest","s":"25N-H50N000A-90-A"},{"r":"16","t":"10:53:38","h":"Ouest","s":"25N-H50NV10A-90-A"},{"r":"16","t":"10:53:38","h":"Ouest","s":"25N-H50NV20A-90-A"},{"r":"16","t":"10:53:38","h":"Ouest","s":"25S-H50S000A-81-A"},{"r":"128","t":"10:55:39","h":"Sud","s":"25N-H50N000I-80-I"},{"r":"128","t":"10:55:39","h":"Sud","s":"25N-H50N000I-90-I"},{"r":"128","t":"10:55:39","h":"Sud","s":"25N-H50N100F-90-F1"},{"r":"128","t":"10:55:39","h":"Sud","s":"25N-H50N200F-90-F2"},{"r":"128","t":"10:55:39","h":"Sud","s":"25N-H50N300F-90-F3"},{"r":"128","t":"10:55:39","h":"Sud","s":"25N-H50N400F-90-F4"},{"r":"128","t":"10:55:39","h":"Sud","s":"25N-H50NV10I-90-I"},{"r":"128","t":"10:55:39","h":"Sud","s":"25N-H50NV20I-90-I"},{"r":"128","t":"10:55:39","h":"Sud","s":"25S-H50S000I-81-I"},{"r":"128","t":"10:55:39","h":"Sud","s":"25S-H50S100F-80-F1"},{"r":"128","t":"10:55:39","h":"Sud","s":"25S-H50S200F-80-F2"},{"r":"16","t":"11:06:30","h":"Ouest","s":"25N-H50N000S-80-S"},{"r":"16","t":"11:06:30","h":"Ouest","s":"25N-H50N000S-90-S"},{"r":"16","t":"11:06:30","h":"Ouest","s":"25N-H50NV10S-90-S"},{"r":"16","t":"11:06:30","h":"Ouest","s":"25N-H50NV20S-90-S"},{"r":"16","t":"11:06:30","h":"Ouest","s":"25S-H50S000S-81-S"},{"r":"128","t":"11:10:23","h":"Sud","s":"25N-H50N000S-80-S"},{"r":"128","t":"11:10:23","h":"Sud","s":"25N-H50N000S-90-S"},{"r":"128","t":"11:10:23","h":"Sud","s":"25N-H50NV10S-90-S"},{"r":"128","t":"11:10:23","h":"Sud","s":"25N-H50NV20S-90-S"},{"r":"128","t":"11:10:23","h":"Sud","s":"25S-H50S000S-81-S"},{"r":"128","t":"11:12:07","h":"Sud","s":"25N-H50N000A-80-A"},{"r":"128","t":"11:12:07","h":"Sud","s":"25N-H50N000A-90-A"},{"r":"128","t":"11:12:07","h":"Sud","s":"25N-H50NV10A-90-A"},{"r":"128","t":"11:12:07","h":"Sud","s":"25N-H50NV20A-90-A"},{"r":"128","t":"11:12:07","h":"Sud","s":"25S-H50S000A-81-A"},{"r":"16","t":"11:21:38","h":"Ouest","s":"25N-H50N000A-80-A"},{"r":"16","t":"11:21:38","h":"Ouest","s":"25N-H50N000A-90-A"},{"r":"16","t":"11:21:38","h":"Ouest","s":"25N-H50NV10A-90-A"},{"r":"16","t":"11:21:38","h":"Ouest","s":"25N-H50NV20A-90-A"},{"r":"16","t":"11:21:38","h":"Ouest","s":"25S-H50S000A-81-A"},{"r":"128","t":"11:21:39","h":"Sud","s":"25N-H50N000I-80-I"},{"r":"128","t":"11:21:39","h":"Sud","s":"25N-H50N000I-90-I"},{"r":"128","t":"11:21:39","h":"Sud","s":"25N-H50N100F-90-F1"},{"r":"128","t":"11:21:39","h":"Sud","s":"25N-H50N200F-90-F2"},{"r":"128","t":"11:21:39","h":"Sud","s":"25N-H50N300F-90-F3"},{"r":"128","t":"11:21:39","h":"Sud","s":"25N-H50N400F-90-F4"},{"r":"128","t":"11:21:39","h":"Sud","s":"25N-H50NV10I-90-I"},{"r":"128","t":"11:21:39","h":"Sud","s":"25N-H50NV20I-90-I"},{"r":"128","t":"11:21:39","h":"Sud","s":"25S-H50S000I-81-I"},{"r":"128","t":"11:21:39","h":"Sud","s":"25S-H50S100F-80-F1"},{"r":"128","t":"11:21:39","h":"Sud","s":"25S-H50S200F-80-F2"},{"r":"16","t":"11:22:38","h":"Ouest","s":"25N-H50N000I-80-I"},{"r":"16","t":"11:22:38","h":"Ouest","s":"25N-H50N000I-90-I"},{"r":"16","t":"11:22:38","h":"Ouest","s":"25N-H50N100F-90-F1"},{"r":"16","t":"11:22:38","h":"Ouest","s":"25N-H50N200F-90-F2"},{"r":"16","t":"11:22:38","h":"Ouest","s":"25N-H50N300F-90-F3"},{"r":"16","t":"11:22:38","h":"Ouest","s":"25N-H50N400F-90-F4"},{"r":"16","t":"11:22:38","h":"Ouest","s":"25N-H50NV10I-90-I"},{"r":"16","t":"11:22:38","h":"Ouest","s":"25N-H50NV20I-90-I"},{"r":"16","t":"11:22:38","h":"Ouest","s":"25S-H50S000I-81-I"},{"r":"16","t":"11:22:38","h":"Ouest","s":"25S-H50S100F-80-F1"},{"r":"16","t":"11:22:38","h":"Ouest","s":"25S-H50S200F-80-F2"},{"r":"16","t":"11:37:30","h":"Ouest","s":"25N-H50N000S-80-S"},{"r":"16","t":"11:37:30","h":"Ouest","s":"25N-H50N000S-90-S"},{"r":"16","t":"11:37:30","h":"Ouest","s":"25N-H50NV10S-90-S"},{"r":"16","t":"11:37:30","h":"Ouest","s":"25N-H50NV20S-90-S"},{"r":"16","t":"11:37:30","h":"Ouest","s":"25S-H50S000S-81-S"},{"r":"128","t":"11:39:07","h":"Sud","s":"25N-H50N000A-80-A"},{"r":"128","t":"11:39:07","h":"Sud","s":"25N-H50N000A-90-A"},{"r":"128","t":"11:39:07","h":"Sud","s":"25N-H50NV10A-90-A"},{"r":"128","t":"11:39:07","h":"Sud","s":"25N-H50NV20A-90-A"},{"r":"128","t":"11:39:07","h":"Sud","s":"25S-H50S000A-81-A"},{"r":"128","t":"11:41:23","h":"Sud","s":"25N-H50N000S-80-S"},{"r":"128","t":"11:41:23","h":"Sud","s":"25N-H50N000S-90-S"},{"r":"128","t":"11:41:23","h":"Sud","s":"25N-H50NV10S-90-S"},{"r":"128","t":"11:41:23","h":"Sud","s":"25N-H50NV20S-90-S"},{"r":"128","t":"11:41:23","h":"Sud","s":"25S-H50S000S-81-S"},{"r":"16","t":"11:49:38","h":"Ouest","s":"25N-H50N000A-80-A"},{"r":"16","t":"11:49:38","h":"Ouest","s":"25N-H50N000A-90-A"},{"r":"16","t":"11:49:38","h":"Ouest","s":"25N-H50NV10A-90-A"},{"r":"16","t":"11:49:38","h":"Ouest","s":"25N-H50NV20A-90-A"},{"r":"16","t":"11:49:38","h":"Ouest","s":"25S-H50S000A-81-A"},{"r":"16","t":"11:54:38","h":"Ouest","s":"25N-H50N000I-80-I"},{"r":"16","t":"11:54:38","h":"Ouest","s":"25N-H50N000I-90-I"},{"r":"16","t":"11:54:38","h":"Ouest","s":"25N-H50N100F-90-F1"},{"r":"16","t":"11:54:38","h":"Ouest","s":"25N-H50N200F-90-F2"},{"r":"16","t":"11:54:38","h":"Ouest","s":"25N-H50N300F-90-F3"},{"r":"16","t":"11:54:38","h":"Ouest","s":"25N-H50N400F-90-F4"},{"r":"16","t":"11:54:38","h":"Ouest","s":"25N-H50NV10I-90-I"},{"r":"16","t":"11:54:38","h":"Ouest","s":"25N-H50NV20I-90-I"},{"r":"16","t":"11:54:38","h":"Ouest","s":"25S-H50S000I-81-I"},{"r":"16","t":"11:54:38","h":"Ouest","s":"25S-H50S100F-80-F1"},{"r":"16","t":"11:54:38","h":"Ouest","s":"25S-H50S200F-80-F2"},{"r":"128","t":"11:56:39","h":"Sud","s":"25N-H50N000I-80-I"},{"r":"128","t":"11:56:39","h":"Sud","s":"25N-H50N000I-90-I"},{"r":"128","t":"11:56:39","h":"Sud","s":"25N-H50N100F-90-F1"},{"r":"128","t":"11:56:39","h":"Sud","s":"25N-H50N200F-90-F2"},{"r":"128","t":"11:56:39","h":"Sud","s":"25N-H50N300F-90-F3"},{"r":"128","t":"11:56:39","h":"Sud","s":"25N-H50N400F-90-F4"},{"r":"128","t":"11:56:39","h":"Sud","s":"25N-H50NV10I-90-I"},{"r":"128","t":"11:56:39","h":"Sud","s":"25N-H50NV20I-90-I"},{"r":"128","t":"11:56:39","h":"Sud","s":"25S-H50S000I-81-I"},{"r":"128","t":"11:56:39","h":"Sud","s":"25S-H50S100F-80-F1"},{"r":"128","t":"11:56:39","h":"Sud","s":"25S-H50S200F-80-F2"},{"r":"128","t":"12:06:07","h":"Sud","s":"25N-H50N000A-80-A"},{"r":"128","t":"12:06:07","h":"Sud","s":"25N-H50N000A-90-A"},{"r":"128","t":"12:06:07","h":"Sud","s":"25N-H50NV10A-90-A"},{"r":"128","t":"12:06:07","h":"Sud","s":"25N-H50NV20A-90-A"},{"r":"128","t":"12:06:07","h":"Sud","s":"25S-H50S000A-81-A"},{"r":"16","t":"12:08:30","h":"Ouest","s":"25N-H50N000S-80-S"},{"r":"16","t":"12:08:30","h":"Ouest","s":"25N-H50N000S-90-S"},{"r":"16","t":"12:08:30","h":"Ouest","s":"25N-H50NV10S-90-S"},{"r":"16","t":"12:08:30","h":"Ouest","s":"25N-H50NV20S-90-S"},{"r":"16","t":"12:08:30","h":"Ouest","s":"25S-H50S000S-81-S"},{"r":"128","t":"12:11:23","h":"Sud","s":"25N-H50N000S-80-S"},{"r":"128","t":"12:11:23","h":"Sud","s":"25N-H50N000S-90-S"},{"r":"128","t":"12:11:23","h":"Sud","s":"25N-H50NV10S-90-S"},{"r":"128","t":"12:11:23","h":"Sud","s":"25N-H50NV20S-90-S"},{"r":"128","t":"12:11:23","h":"Sud","s":"25S-H50S000S-81-S"},{"r":"16","t":"12:19:38","h":"Ouest","s":"25N-H50N000A-80-A"},{"r":"16","t":"12:19:38","h":"Ouest","s":"25N-H50N000A-90-A"},{"r":"16","t":"12:19:38","h":"Ouest","s":"25N-H50NV10A-90-A"},{"r":"16","t":"12:19:38","h":"Ouest","s":"25N-H50NV20A-90-A"},{"r":"16","t":"12:19:38","h":"Ouest","s":"25S-H50S000A-81-A"},{"r":"128","t":"12:21:23","h":"Sud","s":"25N-H50N000I-80-I"},{"r":"128","t":"12:21:23","h":"Sud","s":"25N-H50N000I-90-I"},{"r":"128","t":"12:21:23","h":"Sud","s":"25N-H50N100F-90-F1"},{"r":"128","t":"12:21:23","h":"Sud","s":"25N-H50N200F-90-F2"},{"r":"128","t":"12:21:23","h":"Sud","s":"25N-H50N300F-90-F3"},{"r":"128","t":"12:21:23","h":"Sud","s":"25N-H50N400F-90-F4"},{"r":"128","t":"12:21:23","h":"Sud","s":"25N-H50NV10I-90-I"},{"r":"128","t":"12:21:23","h":"Sud","s":"25N-H50NV20I-90-I"},{"r":"128","t":"12:21:23","h":"Sud","s":"25S-H50S000I-81-I"},{"r":"128","t":"12:21:23","h":"Sud","s":"25S-H50S100F-80-F1"},{"r":"128","t":"12:21:23","h":"Sud","s":"25S-H50S200F-80-F2"},{"r":"16","t":"12:26:38","h":"Ouest","s":"25N-H50N000I-80-I"},{"r":"16","t":"12:26:38","h":"Ouest","s":"25N-H50N000I-90-I"},{"r":"16","t":"12:26:38","h":"Ouest","s":"25N-H50N100F-90-F1"},{"r":"16","t":"12:26:38","h":"Ouest","s":"25N-H50N200F-90-F2"},{"r":"16","t":"12:26:38","h":"Ouest","s":"25N-H50N300F-90-F3"},{"r":"16","t":"12:26:38","h":"Ouest","s":"25N-H50N400F-90-F4"},{"r":"16","t":"12:26:38","h":"Ouest","s":"25N-H50NV10I-90-I"},{"r":"16","t":"12:26:38","h":"Ouest","s":"25N-H50NV20I-90-I"},{"r":"16","t":"12:26:38","h":"Ouest","s":"25S-H50S000I-81-I"},{"r":"16","t":"12:26:38","h":"Ouest","s":"25S-H50S100F-80-F1"},{"r":"16","t":"12:26:38","h":"Ouest","s":"25S-H50S200F-80-F2"},{"r":"128","t":"12:33:07","h":"Sud","s":"25N-H50N000A-80-A"},{"r":"128","t":"12:33:07","h":"Sud","s":"25N-H50N000A-90-A"},{"r":"128","t":"12:33:07","h":"Sud","s":"25N-H50NV10A-90-A"},{"r":"128","t":"12:33:07","h":"Sud","s":"25N-H50NV20A-90-A"},{"r":"128","t":"12:33:07","h":"Sud","s":"25S-H50S000A-81-A"},{"r":"128","t":"12:39:23","h":"Sud","s":"25N-H50N000S-80-S"},{"r":"128","t":"12:39:23","h":"Sud","s":"25N-H50N000S-90-S"},{"r":"128","t":"12:39:23","h":"Sud","s":"25N-H50NV10S-90-S"},{"r":"128","t":"12:39:23","h":"Sud","s":"25N-H50NV20S-90-S"},{"r":"128","t":"12:39:23","h":"Sud","s":"25S-H50S000S-81-S"},{"r":"16","t":"12:39:30","h":"Ouest","s":"25N-H50N000S-80-S"},{"r":"16","t":"12:39:30","h":"Ouest","s":"25N-H50N000S-90-S"},{"r":"16","t":"12:39:30","h":"Ouest","s":"25N-H50NV10S-90-S"},{"r":"16","t":"12:39:30","h":"Ouest","s":"25N-H50NV20S-90-S"},{"r":"16","t":"12:39:30","h":"Ouest","s":"25S-H50S000S-81-S"},{"r":"16","t":"12:48:38","h":"Ouest","s":"25N-H50N000A-80-A"},{"r":"16","t":"12:48:38","h":"Ouest","s":"25N-H50N000A-90-A"},{"r":"16","t":"12:48:38","h":"Ouest","s":"25N-H50NV10A-90-A"},{"r":"16","t":"12:48:38","h":"Ouest","s":"25N-H50NV20A-90-A"},{"r":"16","t":"12:48:38","h":"Ouest","s":"25S-H50S000A-81-A"},{"r":"128","t":"12:53:23","h":"Sud","s":"25N-H50N000I-80-I"},{"r":"128","t":"12:53:23","h":"Sud","s":"25N-H50N000I-90-I"},{"r":"128","t":"12:53:23","h":"Sud","s":"25N-H50N100F-90-F1"},{"r":"128","t":"12:53:23","h":"Sud","s":"25N-H50N200F-90-F2"},{"r":"128","t":"12:53:23","h":"Sud","s":"25N-H50N300F-90-F3"},{"r":"128","t":"12:53:23","h":"Sud","s":"25N-H50N400F-90-F4"},{"r":"128","t":"12:53:23","h":"Sud","s":"25N-H50NV10I-90-I"},{"r":"128","t":"12:53:23","h":"Sud","s":"25N-H50NV20I-90-I"},{"r":"128","t":"12:53:23","h":"Sud","s":"25S-H50S000I-81-I"},{"r":"128","t":"12:53:23","h":"Sud","s":"25S-H50S100F-80-F1"},{"r":"128","t":"12:53:23","h":"Sud","s":"25S-H50S200F-80-F2"},{"r":"16","t":"12:58:38","h":"Ouest","s":"25N-H50N000I-80-I"},{"r":"16","t":"12:58:38","h":"Ouest","s":"25N-H50N000I-90-I"},{"r":"16","t":"12:58:38","h":"Ouest","s":"25N-H50N100F-90-F1"},{"r":"16","t":"12:58:38","h":"Ouest","s":"25N-H50N200F-90-F2"},{"r":"16","t":"12:58:38","h":"Ouest","s":"25N-H50N300F-90-F3"},{"r":"16","t":"12:58:38","h":"Ouest","s":"25N-H50N400F-90-F4"},{"r":"16","t":"12:58:38","h":"Ouest","s":"25N-H50NV10I-90-I"},{"r":"16","t":"12:58:38","h":"Ouest","s":"25N-H50NV20I-90-I"},{"r":"16","t":"12:58:38","h":"Ouest","s":"25S-H50S000I-81-I"},{"r":"16","t":"12:58:38","h":"Ouest","s":"25S-H50S100F-80-F1"},{"r":"16","t":"12:58:38","h":"Ouest","s":"25S-H50S200F-80-F2"},{"r":"128","t":"12:59:07","h":"Sud","s":"25N-H50N000A-80-A"},{"r":"128","t":"12:59:07","h":"Sud","s":"25N-H50N000A-90-A"},{"r":"128","t":"12:59:07","h":"Sud","s":"25N-H50NV10A-90-A"},{"r":"128","t":"12:59:07","h":"Sud","s":"25N-H50NV20A-90-A"},{"r":"128","t":"12:59:07","h":"Sud","s":"25S-H50S000A-81-A"},{"r":"128","t":"13:07:23","h":"Sud","s":"25N-H50N000S-80-S"},{"r":"128","t":"13:07:23","h":"Sud","s":"25N-H50N000S-90-S"},{"r":"128","t":"13:07:23","h":"Sud","s":"25N-H50NV10S-90-S"},{"r":"128","t":"13:07:23","h":"Sud","s":"25N-H50NV20S-90-S"},{"r":"128","t":"13:07:23","h":"Sud","s":"25S-H50S000S-81-S"},{"r":"16","t":"13:09:30","h":"Ouest","s":"25N-H50N000S-80-S"},{"r":"16","t":"13:09:30","h":"Ouest","s":"25N-H50N000S-90-S"},{"r":"16","t":"13:09:30","h":"Ouest","s":"25N-H50NV10S-90-S"},{"r":"16","t":"13:09:30","h":"Ouest","s":"25N-H50NV20S-90-S"},{"r":"16","t":"13:09:30","h":"Ouest","s":"25S-H50S000S-81-S"},{"r":"16","t":"13:18:38","h":"Ouest","s":"25N-H50N000A-80-A"},{"r":"16","t":"13:18:38","h":"Ouest","s":"25N-H50N000A-90-A"},{"r":"16","t":"13:18:38","h":"Ouest","s":"25N-H50NV10A-90-A"},{"r":"16","t":"13:18:38","h":"Ouest","s":"25N-H50NV20A-90-A"},{"r":"16","t":"13:18:38","h":"Ouest","s":"25S-H50S000A-81-A"},{"r":"128","t":"13:22:23","h":"Sud","s":"25N-H50N000I-80-I"},{"r":"128","t":"13:22:23","h":"Sud","s":"25N-H50N000I-90-I"},{"r":"128","t":"13:22:23","h":"Sud","s":"25N-H50N100F-90-F1"},{"r":"128","t":"13:22:23","h":"Sud","s":"25N-H50N200F-90-F2"},{"r":"128","t":"13:22:23","h":"Sud","s":"25N-H50N300F-90-F3"},{"r":"128","t":"13:22:23","h":"Sud","s":"25N-H50N400F-90-F4"},{"r":"128","t":"13:22:23","h":"Sud","s":"25N-H50NV10I-90-I"},{"r":"128","t":"13:22:23","h":"Sud","s":"25N-H50NV20I-90-I"},{"r":"128","t":"13:22:23","h":"Sud","s":"25S-H50S000I-81-I"},{"r":"128","t":"13:22:23","h":"Sud","s":"25S-H50S100F-80-F1"},{"r":"128","t":"13:22:23","h":"Sud","s":"25S-H50S200F-80-F2"},{"r":"16","t":"13:26:38","h":"Ouest","s":"25N-H50N000I-80-I"},{"r":"16","t":"13:26:38","h":"Ouest","s":"25N-H50N000I-90-I"},{"r":"16","t":"13:26:38","h":"Ouest","s":"25N-H50N100F-90-F1"},{"r":"16","t":"13:26:38","h":"Ouest","s":"25N-H50N200F-90-F2"},{"r":"16","t":"13:26:38","h":"Ouest","s":"25N-H50N300F-90-F3"},{"r":"16","t":"13:26:38","h":"Ouest","s":"25N-H50N400F-90-F4"},{"r":"16","t":"13:26:38","h":"Ouest","s":"25N-H50NV10I-90-I"},{"r":"16","t":"13:26:38","h":"Ouest","s":"25N-H50NV20I-90-I"},{"r":"16","t":"13:26:38","h":"Ouest","s":"25S-H50S000I-81-I"},{"r":"16","t":"13:26:38","h":"Ouest","s":"25S-H50S100F-80-F1"},{"r":"16","t":"13:26:38","h":"Ouest","s":"25S-H50S200F-80-F2"},{"r":"128","t":"13:28:07","h":"Sud","s":"25N-H50N000A-80-A"},{"r":"128","t":"13:28:07","h":"Sud","s":"25N-H50N000A-90-A"},{"r":"128","t":"13:28:07","h":"Sud","s":"25N-H50NV10A-90-A"},{"r":"128","t":"13:28:07","h":"Sud","s":"25N-H50NV20A-90-A"},{"r":"128","t":"13:28:07","h":"Sud","s":"25S-H50S000A-81-A"},{"r":"128","t":"13:35:23","h":"Sud","s":"25N-H50N000S-80-S"},{"r":"128","t":"13:35:23","h":"Sud","s":"25N-H50N000S-90-S"},{"r":"128","t":"13:35:23","h":"Sud","s":"25N-H50NV10S-90-S"},{"r":"128","t":"13:35:23","h":"Sud","s":"25N-H50NV20S-90-S"},{"r":"128","t":"13:35:23","h":"Sud","s":"25S-H50S000S-81-S"},{"r":"16","t":"13:41:30","h":"Ouest","s":"25N-H50N000S-80-S"},{"r":"16","t":"13:41:30","h":"Ouest","s":"25N-H50N000S-90-S"},{"r":"16","t":"13:41:30","h":"Ouest","s":"25N-H50NV10S-90-S"},{"r":"16","t":"13:41:30","h":"Ouest","s":"25N-H50NV20S-90-S"},{"r":"16","t":"13:41:30","h":"Ouest","s":"25S-H50S000S-81-S"},{"r":"16","t":"13:48:38","h":"Ouest","s":"25N-H50N000A-80-A"},{"r":"16","t":"13:48:38","h":"Ouest","s":"25N-H50N000A-90-A"},{"r":"16","t":"13:48:38","h":"Ouest","s":"25N-H50NV10A-90-A"},{"r":"16","t":"13:48:38","h":"Ouest","s":"25N-H50NV20A-90-A"},{"r":"16","t":"13:48:38","h":"Ouest","s":"25S-H50S000A-81-A"},{"r":"128","t":"13:51:23","h":"Sud","s":"25N-H50N000I-80-I"},{"r":"128","t":"13:51:23","h":"Sud","s":"25N-H50N000I-90-I"},{"r":"128","t":"13:51:23","h":"Sud","s":"25N-H50N100F-90-F1"},{"r":"128","t":"13:51:23","h":"Sud","s":"25N-H50N200F-90-F2"},{"r":"128","t":"13:51:23","h":"Sud","s":"25N-H50N300F-90-F3"},{"r":"128","t":"13:51:23","h":"Sud","s":"25N-H50N400F-90-F4"},{"r":"128","t":"13:51:23","h":"Sud","s":"25N-H50NV10I-90-I"},{"r":"128","t":"13:51:23","h":"Sud","s":"25N-H50NV20I-90-I"},{"r":"128","t":"13:51:23","h":"Sud","s":"25S-H50S000I-81-I"},{"r":"128","t":"13:51:23","h":"Sud","s":"25S-H50S100F-80-F1"},{"r":"128","t":"13:51:23","h":"Sud","s":"25S-H50S200F-80-F2"},{"r":"16","t":"13:52:38","h":"Ouest","s":"25N-H50N000I-80-I"},{"r":"16","t":"13:52:38","h":"Ouest","s":"25N-H50N000I-90-I"},{"r":"16","t":"13:52:38","h":"Ouest","s":"25N-H50N100F-90-F1"},{"r":"16","t":"13:52:38","h":"Ouest","s":"25N-H50N200F-90-F2"},{"r":"16","t":"13:52:38","h":"Ouest","s":"25N-H50N300F-90-F3"},{"r":"16","t":"13:52:38","h":"Ouest","s":"25N-H50N400F-90-F4"},{"r":"16","t":"13:52:38","h":"Ouest","s":"25N-H50NV10I-90-I"},{"r":"16","t":"13:52:38","h":"Ouest","s":"25N-H50NV20I-90-I"},{"r":"16","t":"13:52:38","h":"Ouest","s":"25S-H50S000I-81-I"},{"r":"16","t":"13:52:38","h":"Ouest","s":"25S-H50S100F-80-F1"},{"r":"16","t":"13:52:38","h":"Ouest","s":"25S-H50S200F-80-F2"},{"r":"128","t":"13:56:07","h":"Sud","s":"25N-H50N000A-80-A"},{"r":"128","t":"13:56:07","h":"Sud","s":"25N-H50N000A-90-A"},{"r":"128","t":"13:56:07","h":"Sud","s":"25N-H50NV10A-90-A"},{"r":"128","t":"13:56:07","h":"Sud","s":"25N-H50NV20A-90-A"},{"r":"128","t":"13:56:07","h":"Sud","s":"25S-H50S000A-81-A"},{"r":"128","t":"14:09:23","h":"Sud","s":"25N-H50N000S-80-S"},{"r":"128","t":"14:09:23","h":"Sud","s":"25N-H50N000S-90-S"},{"r":"128","t":"14:09:23","h":"Sud","s":"25N-H50NV10S-90-S"},{"r":"128","t":"14:09:23","h":"Sud","s":"25N-H50NV20S-90-S"},{"r":"128","t":"14:09:23","h":"Sud","s":"25S-H50S000S-81-S"},{"r":"16","t":"14:11:30","h":"Ouest","s":"25N-H50N000S-80-S"},{"r":"16","t":"14:11:30","h":"Ouest","s":"25N-H50N000S-90-S"},{"r":"16","t":"14:11:30","h":"Ouest","s":"25N-H50NV10S-90-S"},{"r":"16","t":"14:11:30","h":"Ouest","s":"25N-H50NV20S-90-S"},{"r":"16","t":"14:11:30","h":"Ouest","s":"25S-H50S000S-81-S"},{"r":"16","t":"14:18:38","h":"Ouest","s":"25N-H50N000A-80-A"},{"r":"16","t":"14:18:38","h":"Ouest","s":"25N-H50N000A-90-A"},{"r":"16","t":"14:18:38","h":"Ouest","s":"25N-H50N000I-80-I"},{"r":"16","t":"14:18:38","h":"Ouest","s":"25N-H50N000I-90-I"},{"r":"16","t":"14:18:38","h":"Ouest","s":"25N-H50N100F-90-F1"},{"r":"16","t":"14:18:38","h":"Ouest","s":"25N-H50N200F-90-F2"},{"r":"16","t":"14:18:38","h":"Ouest","s":"25N-H50N300F-90-F3"},{"r":"16","t":"14:18:38","h":"Ouest","s":"25N-H50N400F-90-F4"},{"r":"16","t":"14:18:38","h":"Ouest","s":"25N-H50NV10A-90-A"},{"r":"16","t":"14:18:38","h":"Ouest","s":"25N-H50NV10I-90-I"},{"r":"16","t":"14:18:38","h":"Ouest","s":"25N-H50NV20A-90-A"},{"r":"16","t":"14:18:38","h":"Ouest","s":"25N-H50NV20I-90-I"},{"r":"16","t":"14:18:38","h":"Ouest","s":"25S-H50S000A-81-A"},{"r":"16","t":"14:18:38","h":"Ouest","s":"25S-H50S000I-81-I"},{"r":"16","t":"14:18:38","h":"Ouest","s":"25S-H50S100F-80-F1"},{"r":"16","t":"14:18:38","h":"Ouest","s":"25S-H50S200F-80-F2"},{"r":"128","t":"14:19:23","h":"Sud","s":"25N-H50N000I-80-I"},{"r":"128","t":"14:19:23","h":"Sud","s":"25N-H50N000I-90-I"},{"r":"128","t":"14:19:23","h":"Sud","s":"25N-H50N100F-90-F1"},{"r":"128","t":"14:19:23","h":"Sud","s":"25N-H50N200F-90-F2"},{"r":"128","t":"14:19:23","h":"Sud","s":"25N-H50N300F-90-F3"},{"r":"128","t":"14:19:23","h":"Sud","s":"25N-H50N400F-90-F4"},{"r":"128","t":"14:19:23","h":"Sud","s":"25N-H50NV10I-90-I"},{"r":"128","t":"14:19:23","h":"Sud","s":"25N-H50NV20I-90-I"},{"r":"128","t":"14:19:23","h":"Sud","s":"25S-H50S000I-81-I"},{"r":"128","t":"14:19:23","h":"Sud","s":"25S-H50S100F-80-F1"},{"r":"128","t":"14:19:23","h":"Sud","s":"25S-H50S200F-80-F2"},{"r":"128","t":"14:24:07","h":"Sud","s":"25N-H50N000A-80-A"},{"r":"128","t":"14:24:07","h":"Sud","s":"25N-H50N000A-90-A"},{"r":"128","t":"14:24:07","h":"Sud","s":"25N-H50NV10A-90-A"},{"r":"128","t":"14:24:07","h":"Sud","s":"25N-H50NV20A-90-A"},{"r":"128","t":"14:24:07","h":"Sud","s":"25S-H50S000A-81-A"},{"r":"128","t":"14:36:23","h":"Sud","s":"25N-H50N000S-80-S"},{"r":"128","t":"14:36:23","h":"Sud","s":"25N-H50N000S-90-S"},{"r":"128","t":"14:36:23","h":"Sud","s":"25N-H50NV10S-90-S"},{"r":"128","t":"14:36:23","h":"Sud","s":"25N-H50NV20S-90-S"},{"r":"128","t":"14:36:23","h":"Sud","s":"25S-H50S000S-81-S"},{"r":"16","t":"14:41:30","h":"Ouest","s":"25N-H50N000S-80-S"},{"r":"16","t":"14:41:30","h":"Ouest","s":"25N-H50N000S-90-S"},{"r":"16","t":"14:41:30","h":"Ouest","s":"25N-H50NV10S-90-S"},{"r":"16","t":"14:41:30","h":"Ouest","s":"25N-H50NV20S-90-S"},{"r":"16","t":"14:41:30","h":"Ouest","s":"25S-H50S000S-81-S"},{"r":"16","t":"14:44:38","h":"Ouest","s":"25N-H50N000I-80-I"},{"r":"16","t":"14:44:38","h":"Ouest","s":"25N-H50N000I-90-I"},{"r":"16","t":"14:44:38","h":"Ouest","s":"25N-H50N100F-90-F1"},{"r":"16","t":"14:44:38","h":"Ouest","s":"25N-H50N200F-90-F2"},{"r":"16","t":"14:44:38","h":"Ouest","s":"25N-H50N300F-90-F3"},{"r":"16","t":"14:44:38","h":"Ouest","s":"25N-H50N400F-90-F4"},{"r":"16","t":"14:44:38","h":"Ouest","s":"25N-H50NV10I-90-I"},{"r":"16","t":"14:44:38","h":"Ouest","s":"25N-H50NV20I-90-I"},{"r":"16","t":"14:44:38","h":"Ouest","s":"25S-H50S000I-81-I"},{"r":"16","t":"14:44:38","h":"Ouest","s":"25S-H50S100F-80-F1"},{"r":"16","t":"14:44:38","h":"Ouest","s":"25S-H50S200F-80-F2"},{"r":"128","t":"14:48:23","h":"Sud","s":"25N-H50N000I-80-I"},{"r":"128","t":"14:48:23","h":"Sud","s":"25N-H50N000I-90-I"},{"r":"128","t":"14:48:23","h":"Sud","s":"25N-H50N100F-90-F1"},{"r":"128","t":"14:48:23","h":"Sud","s":"25N-H50N200F-90-F2"},{"r":"128","t":"14:48:23","h":"Sud","s":"25N-H50N300F-90-F3"},{"r":"128","t":"14:48:23","h":"Sud","s":"25N-H50N400F-90-F4"},{"r":"128","t":"14:48:23","h":"Sud","s":"25N-H50NV10I-90-I"},{"r":"128","t":"14:48:23","h":"Sud","s":"25N-H50NV20I-90-I"},{"r":"128","t":"14:48:23","h":"Sud","s":"25S-H50S000I-81-I"},{"r":"128","t":"14:48:23","h":"Sud","s":"25S-H50S100F-80-F1"},{"r":"128","t":"14:48:23","h":"Sud","s":"25S-H50S200F-80-F2"},{"r":"16","t":"14:48:38","h":"Ouest","s":"25N-H50N000A-80-A"},{"r":"16","t":"14:48:38","h":"Ouest","s":"25N-H50N000A-90-A"},{"r":"16","t":"14:48:38","h":"Ouest","s":"25N-H50NV10A-90-A"},{"r":"16","t":"14:48:38","h":"Ouest","s":"25N-H50NV20A-90-A"},{"r":"16","t":"14:48:38","h":"Ouest","s":"25S-H50S000A-81-A"},{"r":"128","t":"14:51:07","h":"Sud","s":"25N-H50N000A-80-A"},{"r":"128","t":"14:51:07","h":"Sud","s":"25N-H50N000A-90-A"},{"r":"128","t":"14:51:07","h":"Sud","s":"25N-H50NV10A-90-A"},{"r":"128","t":"14:51:07","h":"Sud","s":"25N-H50NV20A-90-A"},{"r":"128","t":"14:51:07","h":"Sud","s":"25S-H50S000A-81-A"},{"r":"128","t":"15:06:51","h":"Sud","s":"25N-H50N000S-80-S"},{"r":"128","t":"15:06:51","h":"Sud","s":"25N-H50N000S-90-S"},{"r":"128","t":"15:06:51","h":"Sud","s":"25N-H50NV10S-90-S"},{"r":"128","t":"15:06:51","h":"Sud","s":"25N-H50NV20S-90-S"},{"r":"128","t":"15:06:51","h":"Sud","s":"25S-H50S000S-81-S"},{"r":"128","t":"15:10:23","h":"Sud","s":"25N-H50N000I-80-I"},{"r":"128","t":"15:10:23","h":"Sud","s":"25N-H50N000I-90-I"},{"r":"128","t":"15:10:23","h":"Sud","s":"25N-H50N100F-90-F1"},{"r":"128","t":"15:10:23","h":"Sud","s":"25N-H50N200F-90-F2"},{"r":"128","t":"15:10:23","h":"Sud","s":"25N-H50N300F-90-F3"},{"r":"128","t":"15:10:23","h":"Sud","s":"25N-H50N400F-90-F4"},{"r":"128","t":"15:10:23","h":"Sud","s":"25N-H50NV10I-90-I"},{"r":"128","t":"15:10:23","h":"Sud","s":"25N-H50NV20I-90-I"},{"r":"128","t":"15:10:23","h":"Sud","s":"25S-H50S000I-81-I"},{"r":"128","t":"15:10:23","h":"Sud","s":"25S-H50S100F-80-F1"},{"r":"128","t":"15:10:23","h":"Sud","s":"25S-H50S200F-80-F2"},{"r":"16","t":"15:10:38","h":"Ouest","s":"25N-H50N000I-80-I"},{"r":"16","t":"15:10:38","h":"Ouest","s":"25N-H50N000I-90-I"},{"r":"16","t":"15:10:38","h":"Ouest","s":"25N-H50N100F-90-F1"},{"r":"16","t":"15:10:38","h":"Ouest","s":"25N-H50N200F-90-F2"},{"r":"16","t":"15:10:38","h":"Ouest","s":"25N-H50N300F-90-F3"},{"r":"16","t":"15:10:38","h":"Ouest","s":"25N-H50N400F-90-F4"},{"r":"16","t":"15:10:38","h":"Ouest","s":"25N-H50NV10I-90-I"},{"r":"16","t":"15:10:38","h":"Ouest","s":"25N-H50NV20I-90-I"},{"r":"16","t":"15:10:38","h":"Ouest","s":"25S-H50S000I-81-I"},{"r":"16","t":"15:10:38","h":"Ouest","s":"25S-H50S100F-80-F1"},{"r":"16","t":"15:10:38","h":"Ouest","s":"25S-H50S200F-80-F2"},{"r":"16","t":"15:16:23","h":"Ouest","s":"25N-H50N000S-80-S"},{"r":"16","t":"15:16:23","h":"Ouest","s":"25N-H50N000S-90-S"},{"r":"16","t":"15:16:23","h":"Ouest","s":"25N-H50NV10S-90-S"},{"r":"16","t":"15:16:23","h":"Ouest","s":"25N-H50NV20S-90-S"},{"r":"16","t":"15:16:23","h":"Ouest","s":"25S-H50S000S-81-S"},{"r":"128","t":"15:17:07","h":"Sud","s":"25N-H50N000A-80-A"},{"r":"128","t":"15:17:07","h":"Sud","s":"25N-H50N000A-90-A"},{"r":"128","t":"15:17:07","h":"Sud","s":"25N-H50NV10A-90-A"},{"r":"128","t":"15:17:07","h":"Sud","s":"25N-H50NV20A-90-A"},{"r":"128","t":"15:17:07","h":"Sud","s":"25S-H50S000A-81-A"},{"r":"16","t":"15:18:38","h":"Ouest","s":"25N-H50N000A-80-A"},{"r":"16","t":"15:18:38","h":"Ouest","s":"25N-H50N000A-90-A"},{"r":"16","t":"15:18:38","h":"Ouest","s":"25N-H50NV10A-90-A"},{"r":"16","t":"15:18:38","h":"Ouest","s":"25N-H50NV20A-90-A"},{"r":"16","t":"15:18:38","h":"Ouest","s":"25S-H50S000A-81-A"},{"r":"16","t":"15:37:38","h":"Ouest","s":"25N-H50N000I-80-I"},{"r":"16","t":"15:37:38","h":"Ouest","s":"25N-H50N000I-90-I"},{"r":"16","t":"15:37:38","h":"Ouest","s":"25N-H50N100F-90-F1"},{"r":"16","t":"15:37:38","h":"Ouest","s":"25N-H50N200F-90-F2"},{"r":"16","t":"15:37:38","h":"Ouest","s":"25N-H50N300F-90-F3"},{"r":"16","t":"15:37:38","h":"Ouest","s":"25N-H50N400F-90-F4"},{"r":"16","t":"15:37:38","h":"Ouest","s":"25N-H50NV10I-90-I"},{"r":"16","t":"15:37:38","h":"Ouest","s":"25N-H50NV20I-90-I"},{"r":"16","t":"15:37:38","h":"Ouest","s":"25S-H50S000I-81-I"},{"r":"16","t":"15:37:38","h":"Ouest","s":"25S-H50S100F-80-F1"},{"r":"16","t":"15:37:38","h":"Ouest","s":"25S-H50S200F-80-F2"},{"r":"128","t":"15:42:51","h":"Sud","s":"25N-H50N000S-80-S"},{"r":"128","t":"15:42:51","h":"Sud","s":"25N-H50N000S-90-S"},{"r":"128","t":"15:42:51","h":"Sud","s":"25N-H50NV10S-90-S"},{"r":"128","t":"15:42:51","h":"Sud","s":"25N-H50NV20S-90-S"},{"r":"128","t":"15:42:51","h":"Sud","s":"25S-H50S000S-81-S"},{"r":"128","t":"15:43:23","h":"Sud","s":"25N-H50N000I-80-I"},{"r":"128","t":"15:43:23","h":"Sud","s":"25N-H50N000I-90-I"},{"r":"128","t":"15:43:23","h":"Sud","s":"25N-H50N100F-90-F1"},{"r":"128","t":"15:43:23","h":"Sud","s":"25N-H50N200F-90-F2"},{"r":"128","t":"15:43:23","h":"Sud","s":"25N-H50N300F-90-F3"},{"r":"128","t":"15:43:23","h":"Sud","s":"25N-H50N400F-90-F4"},{"r":"128","t":"15:43:23","h":"Sud","s":"25N-H50NV10I-90-I"},{"r":"128","t":"15:43:23","h":"Sud","s":"25N-H50NV20I-90-I"},{"r":"128","t":"15:43:23","h":"Sud","s":"25S-H50S000I-81-I"},{"r":"128","t":"15:43:23","h":"Sud","s":"25S-H50S100F-80-F1"},{"r":"128","t":"15:43:23","h":"Sud","s":"25S-H50S200F-80-F2"},{"r":"128","t":"15:47:07","h":"Sud","s":"25N-H50N000A-80-A"},{"r":"128","t":"15:47:07","h":"Sud","s":"25N-H50N000A-90-A"},{"r":"128","t":"15:47:07","h":"Sud","s":"25N-H50NV10A-90-A"},{"r":"128","t":"15:47:07","h":"Sud","s":"25N-H50NV20A-90-A"},{"r":"128","t":"15:47:07","h":"Sud","s":"25S-H50S000A-81-A"},{"r":"16","t":"15:48:23","h":"Ouest","s":"25N-H50N000S-80-S"},{"r":"16","t":"15:48:23","h":"Ouest","s":"25N-H50N000S-90-S"},{"r":"16","t":"15:48:23","h":"Ouest","s":"25N-H50NV10S-90-S"},{"r":"16","t":"15:48:23","h":"Ouest","s":"25N-H50NV20S-90-S"},{"r":"16","t":"15:48:23","h":"Ouest","s":"25S-H50S000S-81-S"},{"r":"16","t":"15:48:38","h":"Ouest","s":"25N-H50N000A-80-A"},{"r":"16","t":"15:48:38","h":"Ouest","s":"25N-H50N000A-90-A"},{"r":"16","t":"15:48:38","h":"Ouest","s":"25N-H50NV10A-90-A"},{"r":"16","t":"15:48:38","h":"Ouest","s":"25N-H50NV20A-90-A"},{"r":"16","t":"15:48:38","h":"Ouest","s":"25S-H50S000A-81-A"},{"r":"16","t":"16:05:38","h":"Ouest","s":"25N-H50N000I-80-I"},{"r":"16","t":"16:05:38","h":"Ouest","s":"25N-H50N000I-90-I"},{"r":"16","t":"16:05:38","h":"Ouest","s":"25N-H50N100F-90-F1"},{"r":"16","t":"16:05:38","h":"Ouest","s":"25N-H50N200F-90-F2"},{"r":"16","t":"16:05:38","h":"Ouest","s":"25N-H50N300F-90-F3"},{"r":"16","t":"16:05:38","h":"Ouest","s":"25N-H50N400F-90-F4"},{"r":"16","t":"16:05:38","h":"Ouest","s":"25N-H50NV10I-90-I"},{"r":"16","t":"16:05:38","h":"Ouest","s":"25N-H50NV20I-90-I"},{"r":"16","t":"16:05:38","h":"Ouest","s":"25S-H50S000I-81-I"},{"r":"16","t":"16:05:38","h":"Ouest","s":"25S-H50S100F-80-F1"},{"r":"16","t":"16:05:38","h":"Ouest","s":"25S-H50S200F-80-F2"},{"r":"128","t":"16:14:23","h":"Sud","s":"25N-H50N000I-80-I"},{"r":"128","t":"16:14:23","h":"Sud","s":"25N-H50N000I-90-I"},{"r":"128","t":"16:14:23","h":"Sud","s":"25N-H50N100F-90-F1"},{"r":"128","t":"16:14:23","h":"Sud","s":"25N-H50N200F-90-F2"},{"r":"128","t":"16:14:23","h":"Sud","s":"25N-H50N300F-90-F3"},{"r":"128","t":"16:14:23","h":"Sud","s":"25N-H50N400F-90-F4"},{"r":"128","t":"16:14:23","h":"Sud","s":"25N-H50NV10I-90-I"},{"r":"128","t":"16:14:23","h":"Sud","s":"25N-H50NV20I-90-I"},{"r":"128","t":"16:14:23","h":"Sud","s":"25S-H50S000I-81-I"},{"r":"128","t":"16:14:23","h":"Sud","s":"25S-H50S100F-80-F1"},{"r":"128","t":"16:14:23","h":"Sud","s":"25S-H50S200F-80-F2"},{"r":"128","t":"16:16:07","h":"Sud","s":"25N-H50N000A-80-A"},{"r":"128","t":"16:16:07","h":"Sud","s":"25N-H50N000A-90-A"},{"r":"128","t":"16:16:07","h":"Sud","s":"25N-H50NV10A-90-A"},{"r":"128","t":"16:16:07","h":"Sud","s":"25N-H50NV20A-90-A"},{"r":"128","t":"16:16:07","h":"Sud","s":"25S-H50S000A-81-A"},{"r":"16","t":"16:17:38","h":"Ouest","s":"25N-H50N000A-80-A"},{"r":"16","t":"16:17:38","h":"Ouest","s":"25N-H50N000A-90-A"},{"r":"16","t":"16:17:38","h":"Ouest","s":"25N-H50NV10A-90-A"},{"r":"16","t":"16:17:38","h":"Ouest","s":"25N-H50NV20A-90-A"},{"r":"16","t":"16:17:38","h":"Ouest","s":"25S-H50S000A-81-A"},{"r":"128","t":"16:19:51","h":"Sud","s":"25N-H50N000S-80-S"},{"r":"128","t":"16:19:51","h":"Sud","s":"25N-H50N000S-90-S"},{"r":"128","t":"16:19:51","h":"Sud","s":"25N-H50NV10S-90-S"},{"r":"128","t":"16:19:51","h":"Sud","s":"25N-H50NV20S-90-S"},{"r":"128","t":"16:19:51","h":"Sud","s":"25S-H50S000S-81-S"},{"r":"16","t":"16:21:23","h":"Ouest","s":"25N-H50N000S-80-S"},{"r":"16","t":"16:21:23","h":"Ouest","s":"25N-H50N000S-90-S"},{"r":"16","t":"16:21:23","h":"Ouest","s":"25N-H50NV10S-90-S"},{"r":"16","t":"16:21:23","h":"Ouest","s":"25N-H50NV20S-90-S"},{"r":"16","t":"16:21:23","h":"Ouest","s":"25S-H50S000S-81-S"},{"r":"16","t":"16:34:38","h":"Ouest","s":"25N-H50N000I-80-I"},{"r":"16","t":"16:34:38","h":"Ouest","s":"25N-H50N000I-90-I"},{"r":"16","t":"16:34:38","h":"Ouest","s":"25N-H50N100F-90-F1"},{"r":"16","t":"16:34:38","h":"Ouest","s":"25N-H50N200F-90-F2"},{"r":"16","t":"16:34:38","h":"Ouest","s":"25N-H50N300F-90-F3"},{"r":"16","t":"16:34:38","h":"Ouest","s":"25N-H50N400F-90-F4"},{"r":"16","t":"16:34:38","h":"Ouest","s":"25N-H50NV10I-90-I"},{"r":"16","t":"16:34:38","h":"Ouest","s":"25N-H50NV20I-90-I"},{"r":"16","t":"16:34:38","h":"Ouest","s":"25S-H50S000I-81-I"},{"r":"16","t":"16:34:38","h":"Ouest","s":"25S-H50S100F-80-F1"},{"r":"16","t":"16:34:38","h":"Ouest","s":"25S-H50S200F-80-F2"},{"r":"128","t":"16:44:07","h":"Sud","s":"25N-H50N000A-80-A"},{"r":"128","t":"16:44:07","h":"Sud","s":"25N-H50N000A-90-A"},{"r":"128","t":"16:44:07","h":"Sud","s":"25N-H50NV10A-90-A"},{"r":"128","t":"16:44:07","h":"Sud","s":"25N-H50NV20A-90-A"},{"r":"128","t":"16:44:07","h":"Sud","s":"25S-H50S000A-81-A"},{"r":"16","t":"16:47:38","h":"Ouest","s":"25N-H50N000A-80-A"},{"r":"16","t":"16:47:38","h":"Ouest","s":"25N-H50N000A-90-A"},{"r":"16","t":"16:47:38","h":"Ouest","s":"25N-H50NV10A-90-A"},{"r":"16","t":"16:47:38","h":"Ouest","s":"25N-H50NV20A-90-A"},{"r":"16","t":"16:47:38","h":"Ouest","s":"25S-H50S000A-81-A"},{"r":"128","t":"16:49:23","h":"Sud","s":"25N-H50N000I-80-I"},{"r":"128","t":"16:49:23","h":"Sud","s":"25N-H50N000I-90-I"},{"r":"128","t":"16:49:23","h":"Sud","s":"25N-H50N100F-90-F1"},{"r":"128","t":"16:49:23","h":"Sud","s":"25N-H50N200F-90-F2"},{"r":"128","t":"16:49:23","h":"Sud","s":"25N-H50N300F-90-F3"},{"r":"128","t":"16:49:23","h":"Sud","s":"25N-H50N400F-90-F4"},{"r":"128","t":"16:49:23","h":"Sud","s":"25N-H50NV10I-90-I"},{"r":"128","t":"16:49:23","h":"Sud","s":"25N-H50NV20I-90-I"},{"r":"128","t":"16:49:23","h":"Sud","s":"25S-H50S000I-81-I"},{"r":"128","t":"16:49:23","h":"Sud","s":"25S-H50S100F-80-F1"},{"r":"128","t":"16:49:23","h":"Sud","s":"25S-H50S200F-80-F2"},{"r":"16","t":"16:51:23","h":"Ouest","s":"25N-H50N000S-80-S"},{"r":"16","t":"16:51:23","h":"Ouest","s":"25N-H50N000S-90-S"},{"r":"16","t":"16:51:23","h":"Ouest","s":"25N-H50NV10S-90-S"},{"r":"16","t":"16:51:23","h":"Ouest","s":"25N-H50NV20S-90-S"},{"r":"16","t":"16:51:23","h":"Ouest","s":"25S-H50S000S-81-S"},{"r":"128","t":"16:53:51","h":"Sud","s":"25N-H50N000S-80-S"},{"r":"128","t":"16:53:51","h":"Sud","s":"25N-H50N000S-90-S"},{"r":"128","t":"16:53:51","h":"Sud","s":"25N-H50NV10S-90-S"},{"r":"128","t":"16:53:51","h":"Sud","s":"25N-H50NV20S-90-S"},{"r":"128","t":"16:53:51","h":"Sud","s":"25S-H50S000S-81-S"},{"r":"16","t":"17:01:38","h":"Ouest","s":"25N-H50N000I-80-I"},{"r":"16","t":"17:01:38","h":"Ouest","s":"25N-H50N000I-90-I"},{"r":"16","t":"17:01:38","h":"Ouest","s":"25N-H50N100F-90-F1"},{"r":"16","t":"17:01:38","h":"Ouest","s":"25N-H50N200F-90-F2"},{"r":"16","t":"17:01:38","h":"Ouest","s":"25N-H50N300F-90-F3"},{"r":"16","t":"17:01:38","h":"Ouest","s":"25N-H50N400F-90-F4"},{"r":"16","t":"17:01:38","h":"Ouest","s":"25N-H50NV10I-90-I"},{"r":"16","t":"17:01:38","h":"Ouest","s":"25N-H50NV20I-90-I"},{"r":"16","t":"17:01:38","h":"Ouest","s":"25S-H50S000I-81-I"},{"r":"16","t":"17:01:38","h":"Ouest","s":"25S-H50S100F-80-F1"},{"r":"16","t":"17:01:38","h":"Ouest","s":"25S-H50S200F-80-F2"},{"r":"128","t":"17:09:39","h":"Sud","s":"25N-H50N000A-80-A"},{"r":"128","t":"17:09:39","h":"Sud","s":"25N-H50N000A-90-A"},{"r":"128","t":"17:09:39","h":"Sud","s":"25N-H50NV10A-90-A"},{"r":"128","t":"17:09:39","h":"Sud","s":"25N-H50NV20A-90-A"},{"r":"128","t":"17:09:39","h":"Sud","s":"25S-H50S000A-81-A"},{"r":"16","t":"17:17:38","h":"Ouest","s":"25N-H50N000A-80-A"},{"r":"16","t":"17:17:38","h":"Ouest","s":"25N-H50N000A-90-A"},{"r":"16","t":"17:17:38","h":"Ouest","s":"25N-H50NV10A-90-A"},{"r":"16","t":"17:17:38","h":"Ouest","s":"25N-H50NV20A-90-A"},{"r":"16","t":"17:17:38","h":"Ouest","s":"25S-H50S000A-81-A"},{"r":"16","t":"17:23:23","h":"Ouest","s":"25N-H50N000S-80-S"},{"r":"16","t":"17:23:23","h":"Ouest","s":"25N-H50N000S-90-S"},{"r":"16","t":"17:23:23","h":"Ouest","s":"25N-H50NV10S-90-S"},{"r":"16","t":"17:23:23","h":"Ouest","s":"25N-H50NV20S-90-S"},{"r":"16","t":"17:23:23","h":"Ouest","s":"25S-H50S000S-81-S"},{"r":"128","t":"17:23:51","h":"Sud","s":"25N-H50N000S-80-S"},{"r":"128","t":"17:23:51","h":"Sud","s":"25N-H50N000S-90-S"},{"r":"128","t":"17:23:51","h":"Sud","s":"25N-H50NV10S-90-S"},{"r":"128","t":"17:23:51","h":"Sud","s":"25N-H50NV20S-90-S"},{"r":"128","t":"17:23:51","h":"Sud","s":"25S-H50S000S-81-S"},{"r":"128","t":"17:27:23","h":"Sud","s":"25N-H50N000I-80-I"},{"r":"128","t":"17:27:23","h":"Sud","s":"25N-H50N000I-90-I"},{"r":"128","t":"17:27:23","h":"Sud","s":"25N-H50N100F-90-F1"},{"r":"128","t":"17:27:23","h":"Sud","s":"25N-H50N200F-90-F2"},{"r":"128","t":"17:27:23","h":"Sud","s":"25N-H50N300F-90-F3"},{"r":"128","t":"17:27:23","h":"Sud","s":"25N-H50N400F-90-F4"},{"r":"128","t":"17:27:23","h":"Sud","s":"25N-H50NV10I-90-I"},{"r":"128","t":"17:27:23","h":"Sud","s":"25N-H50NV20I-90-I"},{"r":"128","t":"17:27:23","h":"Sud","s":"25S-H50S000I-81-I"},{"r":"128","t":"17:27:23","h":"Sud","s":"25S-H50S100F-80-F1"},{"r":"128","t":"17:27:23","h":"Sud","s":"25S-H50S200F-80-F2"},{"r":"16","t":"17:29:38","h":"Ouest","s":"25N-H50N000I-80-I"},{"r":"16","t":"17:29:38","h":"Ouest","s":"25N-H50N000I-90-I"},{"r":"16","t":"17:29:38","h":"Ouest","s":"25N-H50N100F-90-F1"},{"r":"16","t":"17:29:38","h":"Ouest","s":"25N-H50N200F-90-F2"},{"r":"16","t":"17:29:38","h":"Ouest","s":"25N-H50N300F-90-F3"},{"r":"16","t":"17:29:38","h":"Ouest","s":"25N-H50N400F-90-F4"},{"r":"16","t":"17:29:38","h":"Ouest","s":"25N-H50NV10I-90-I"},{"r":"16","t":"17:29:38","h":"Ouest","s":"25N-H50NV20I-90-I"},{"r":"16","t":"17:29:38","h":"Ouest","s":"25S-H50S000I-81-I"},{"r":"16","t":"17:29:38","h":"Ouest","s":"25S-H50S100F-80-F1"},{"r":"16","t":"17:29:38","h":"Ouest","s":"25S-H50S200F-80-F2"},{"r":"128","t":"17:35:39","h":"Sud","s":"25N-H50N000A-80-A"},{"r":"128","t":"17:35:39","h":"Sud","s":"25N-H50N000A-90-A"},{"r":"128","t":"17:35:39","h":"Sud","s":"25N-H50NV10A-90-A"},{"r":"128","t":"17:35:39","h":"Sud","s":"25N-H50NV20A-90-A"},{"r":"128","t":"17:35:39","h":"Sud","s":"25S-H50S000A-81-A"},{"r":"16","t":"17:46:38","h":"Ouest","s":"25N-H50N000A-80-A"},{"r":"16","t":"17:46:38","h":"Ouest","s":"25N-H50N000A-90-A"},{"r":"16","t":"17:46:38","h":"Ouest","s":"25N-H50NV10A-90-A"},{"r":"16","t":"17:46:38","h":"Ouest","s":"25N-H50NV20A-90-A"},{"r":"16","t":"17:46:38","h":"Ouest","s":"25S-H50S000A-81-A"},{"r":"16","t":"17:54:23","h":"Ouest","s":"25N-H50N000S-80-S"},{"r":"16","t":"17:54:23","h":"Ouest","s":"25N-H50N000S-90-S"},{"r":"16","t":"17:54:23","h":"Ouest","s":"25N-H50NV10S-90-S"},{"r":"16","t":"17:54:23","h":"Ouest","s":"25N-H50NV20S-90-S"},{"r":"16","t":"17:54:23","h":"Ouest","s":"25S-H50S000S-81-S"},{"r":"16","t":"17:55:38","h":"Ouest","s":"25N-H50N000I-80-I"},{"r":"16","t":"17:55:38","h":"Ouest","s":"25N-H50N000I-90-I"},{"r":"16","t":"17:55:38","h":"Ouest","s":"25N-H50N100F-90-F1"},{"r":"16","t":"17:55:38","h":"Ouest","s":"25N-H50N200F-90-F2"},{"r":"16","t":"17:55:38","h":"Ouest","s":"25N-H50N300F-90-F3"},{"r":"16","t":"17:55:38","h":"Ouest","s":"25N-H50N400F-90-F4"},{"r":"16","t":"17:55:38","h":"Ouest","s":"25N-H50NV10I-90-I"},{"r":"16","t":"17:55:38","h":"Ouest","s":"25N-H50NV20I-90-I"},{"r":"16","t":"17:55:38","h":"Ouest","s":"25S-H50S000I-81-I"},{"r":"16","t":"17:55:38","h":"Ouest","s":"25S-H50S100F-80-F1"},{"r":"16","t":"17:55:38","h":"Ouest","s":"25S-H50S200F-80-F2"},{"r":"128","t":"17:57:51","h":"Sud","s":"25N-H50N000S-80-S"},{"r":"128","t":"17:57:51","h":"Sud","s":"25N-H50N000S-90-S"},{"r":"128","t":"17:57:51","h":"Sud","s":"25N-H50NV10S-90-S"},{"r":"128","t":"17:57:51","h":"Sud","s":"25N-H50NV20S-90-S"},{"r":"128","t":"17:57:51","h":"Sud","s":"25S-H50S000S-81-S"},{"r":"128","t":"18:01:23","h":"Sud","s":"25N-H50N000I-80-I"},{"r":"128","t":"18:01:23","h":"Sud","s":"25N-H50N000I-90-I"},{"r":"128","t":"18:01:23","h":"Sud","s":"25N-H50N100F-90-F1"},{"r":"128","t":"18:01:23","h":"Sud","s":"25N-H50N200F-90-F2"},{"r":"128","t":"18:01:23","h":"Sud","s":"25N-H50N300F-90-F3"},{"r":"128","t":"18:01:23","h":"Sud","s":"25N-H50N400F-90-F4"},{"r":"128","t":"18:01:23","h":"Sud","s":"25N-H50NV10I-90-I"},{"r":"128","t":"18:01:23","h":"Sud","s":"25N-H50NV20I-90-I"},{"r":"128","t":"18:01:23","h":"Sud","s":"25S-H50S000I-81-I"},{"r":"128","t":"18:01:23","h":"Sud","s":"25S-H50S100F-80-F1"},{"r":"128","t":"18:01:23","h":"Sud","s":"25S-H50S200F-80-F2"},{"r":"128","t":"18:06:39","h":"Sud","s":"25N-H50N000A-80-A"},{"r":"128","t":"18:06:39","h":"Sud","s":"25N-H50N000A-90-A"},{"r":"128","t":"18:06:39","h":"Sud","s":"25N-H50NV10A-90-A"},{"r":"128","t":"18:06:39","h":"Sud","s":"25N-H50NV20A-90-A"},{"r":"128","t":"18:06:39","h":"Sud","s":"25S-H50S000A-81-A"},{"r":"16","t":"18:17:38","h":"Ouest","s":"25N-H50N000A-80-A"},{"r":"16","t":"18:17:38","h":"Ouest","s":"25N-H50N000A-90-A"},{"r":"16","t":"18:17:38","h":"Ouest","s":"25N-H50NV10A-90-A"},{"r":"16","t":"18:17:38","h":"Ouest","s":"25N-H50NV20A-90-A"},{"r":"16","t":"18:17:38","h":"Ouest","s":"25S-H50S000A-81-A"},{"r":"16","t":"18:21:23","h":"Ouest","s":"25N-H50N000S-80-S"},{"r":"16","t":"18:21:23","h":"Ouest","s":"25N-H50N000S-90-S"},{"r":"16","t":"18:21:23","h":"Ouest","s":"25N-H50NV10S-90-S"},{"r":"16","t":"18:21:23","h":"Ouest","s":"25N-H50NV20S-90-S"},{"r":"16","t":"18:21:23","h":"Ouest","s":"25S-H50S000S-81-S"},{"r":"16","t":"18:22:38","h":"Ouest","s":"25N-H50N000I-80-I"},{"r":"16","t":"18:22:38","h":"Ouest","s":"25N-H50N000I-90-I"},{"r":"16","t":"18:22:38","h":"Ouest","s":"25N-H50N100F-90-F1"},{"r":"16","t":"18:22:38","h":"Ouest","s":"25N-H50N200F-90-F2"},{"r":"16","t":"18:22:38","h":"Ouest","s":"25N-H50N300F-90-F3"},{"r":"16","t":"18:22:38","h":"Ouest","s":"25N-H50N400F-90-F4"},{"r":"16","t":"18:22:38","h":"Ouest","s":"25N-H50NV10I-90-I"},{"r":"16","t":"18:22:38","h":"Ouest","s":"25N-H50NV20I-90-I"},{"r":"16","t":"18:22:38","h":"Ouest","s":"25S-H50S000I-81-I"},{"r":"16","t":"18:22:38","h":"Ouest","s":"25S-H50S100F-80-F1"},{"r":"16","t":"18:22:38","h":"Ouest","s":"25S-H50S200F-80-F2"},{"r":"128","t":"18:31:07","h":"Sud","s":"25N-H50N000S-80-S"},{"r":"128","t":"18:31:07","h":"Sud","s":"25N-H50N000S-90-S"},{"r":"128","t":"18:31:07","h":"Sud","s":"25N-H50NV10S-90-S"},{"r":"128","t":"18:31:07","h":"Sud","s":"25N-H50NV20S-90-S"},{"r":"128","t":"18:31:07","h":"Sud","s":"25S-H50S000S-81-S"},{"r":"128","t":"18:33:23","h":"Sud","s":"25N-H50N000I-80-I"},{"r":"128","t":"18:33:23","h":"Sud","s":"25N-H50N000I-90-I"},{"r":"128","t":"18:33:23","h":"Sud","s":"25N-H50N100F-90-F1"},{"r":"128","t":"18:33:23","h":"Sud","s":"25N-H50N200F-90-F2"},{"r":"128","t":"18:33:23","h":"Sud","s":"25N-H50N300F-90-F3"},{"r":"128","t":"18:33:23","h":"Sud","s":"25N-H50N400F-90-F4"},{"r":"128","t":"18:33:23","h":"Sud","s":"25N-H50NV10I-90-I"},{"r":"128","t":"18:33:23","h":"Sud","s":"25N-H50NV20I-90-I"},{"r":"128","t":"18:33:23","h":"Sud","s":"25S-H50S000I-81-I"},{"r":"128","t":"18:33:23","h":"Sud","s":"25S-H50S100F-80-F1"},{"r":"128","t":"18:33:23","h":"Sud","s":"25S-H50S200F-80-F2"},{"r":"128","t":"18:35:39","h":"Sud","s":"25N-H50N000A-80-A"},{"r":"128","t":"18:35:39","h":"Sud","s":"25N-H50N000A-90-A"},{"r":"128","t":"18:35:39","h":"Sud","s":"25N-H50NV10A-90-A"},{"r":"128","t":"18:35:39","h":"Sud","s":"25N-H50NV20A-90-A"},{"r":"128","t":"18:35:39","h":"Sud","s":"25S-H50S000A-81-A"},{"r":"16","t":"18:51:23","h":"Ouest","s":"25N-H50N000S-80-S"},{"r":"16","t":"18:51:23","h":"Ouest","s":"25N-H50N000S-90-S"},{"r":"16","t":"18:51:23","h":"Ouest","s":"25N-H50NV10S-90-S"},{"r":"16","t":"18:51:23","h":"Ouest","s":"25N-H50NV20S-90-S"},{"r":"16","t":"18:51:23","h":"Ouest","s":"25S-H50S000S-81-S"},{"r":"16","t":"18:51:38","h":"Ouest","s":"25N-H50N000A-80-A"},{"r":"16","t":"18:51:38","h":"Ouest","s":"25N-H50N000A-90-A"},{"r":"16","t":"18:51:38","h":"Ouest","s":"25N-H50NV10A-90-A"},{"r":"16","t":"18:51:38","h":"Ouest","s":"25N-H50NV20A-90-A"},{"r":"16","t":"18:51:38","h":"Ouest","s":"25S-H50S000A-81-A"},{"r":"16","t":"18:52:38","h":"Ouest","s":"25N-H50N000I-80-I"},{"r":"16","t":"18:52:38","h":"Ouest","s":"25N-H50N000I-90-I"},{"r":"16","t":"18:52:38","h":"Ouest","s":"25N-H50N100F-90-F1"},{"r":"16","t":"18:52:38","h":"Ouest","s":"25N-H50N200F-90-F2"},{"r":"16","t":"18:52:38","h":"Ouest","s":"25N-H50N300F-90-F3"},{"r":"16","t":"18:52:38","h":"Ouest","s":"25N-H50N400F-90-F4"},{"r":"16","t":"18:52:38","h":"Ouest","s":"25N-H50NV10I-90-I"},{"r":"16","t":"18:52:38","h":"Ouest","s":"25N-H50NV20I-90-I"},{"r":"16","t":"18:52:38","h":"Ouest","s":"25S-H50S000I-81-I"},{"r":"16","t":"18:52:38","h":"Ouest","s":"25S-H50S100F-80-F1"},{"r":"16","t":"18:52:38","h":"Ouest","s":"25S-H50S200F-80-F2"},{"r":"128","t":"19:00:23","h":"Sud","s":"25N-H50N000S-80-S"},{"r":"128","t":"19:00:23","h":"Sud","s":"25N-H50N000S-90-S"},{"r":"128","t":"19:00:23","h":"Sud","s":"25N-H50NV10S-90-S"},{"r":"128","t":"19:00:23","h":"Sud","s":"25N-H50NV20S-90-S"},{"r":"128","t":"19:00:23","h":"Sud","s":"25S-H50S000S-81-S"},{"r":"128","t":"19:08:39","h":"Sud","s":"25N-H50N000I-80-I"},{"r":"128","t":"19:08:39","h":"Sud","s":"25N-H50N000I-90-I"},{"r":"128","t":"19:08:39","h":"Sud","s":"25N-H50N100F-90-F1"},{"r":"128","t":"19:08:39","h":"Sud","s":"25N-H50N200F-90-F2"},{"r":"128","t":"19:08:39","h":"Sud","s":"25N-H50N300F-90-F3"},{"r":"128","t":"19:08:39","h":"Sud","s":"25N-H50N400F-90-F4"},{"r":"128","t":"19:08:39","h":"Sud","s":"25N-H50NV10I-90-I"},{"r":"128","t":"19:08:39","h":"Sud","s":"25N-H50NV20I-90-I"},{"r":"128","t":"19:08:39","h":"Sud","s":"25S-H50S000I-81-I"},{"r":"128","t":"19:08:39","h":"Sud","s":"25S-H50S100F-80-F1"},{"r":"128","t":"19:08:39","h":"Sud","s":"25S-H50S200F-80-F2"},{"r":"128","t":"19:08:55","h":"Sud","s":"25N-H50N000A-80-A"},{"r":"128","t":"19:08:55","h":"Sud","s":"25N-H50N000A-90-A"},{"r":"128","t":"19:08:55","h":"Sud","s":"25N-H50NV10A-90-A"},{"r":"128","t":"19:08:55","h":"Sud","s":"25N-H50NV20A-90-A"},{"r":"128","t":"19:08:55","h":"Sud","s":"25S-H50S000A-81-A"},{"r":"16","t":"19:16:30","h":"Ouest","s":"25N-H50N000S-80-S"},{"r":"16","t":"19:16:30","h":"Ouest","s":"25N-H50N000S-90-S"},{"r":"16","t":"19:16:30","h":"Ouest","s":"25N-H50NV10S-90-S"},{"r":"16","t":"19:16:30","h":"Ouest","s":"25N-H50NV20S-90-S"},{"r":"16","t":"19:16:30","h":"Ouest","s":"25S-H50S000S-81-S"},{"r":"16","t":"19:21:38","h":"Ouest","s":"25N-H50N000A-80-A"},{"r":"16","t":"19:21:38","h":"Ouest","s":"25N-H50N000A-90-A"},{"r":"16","t":"19:21:38","h":"Ouest","s":"25N-H50NV10A-90-A"},{"r":"16","t":"19:21:38","h":"Ouest","s":"25N-H50NV20A-90-A"},{"r":"16","t":"19:21:38","h":"Ouest","s":"25S-H50S000A-81-A"},{"r":"16","t":"19:23:38","h":"Ouest","s":"25N-H50N000I-80-I"},{"r":"16","t":"19:23:38","h":"Ouest","s":"25N-H50N000I-90-I"},{"r":"16","t":"19:23:38","h":"Ouest","s":"25N-H50N100F-90-F1"},{"r":"16","t":"19:23:38","h":"Ouest","s":"25N-H50N200F-90-F2"},{"r":"16","t":"19:23:38","h":"Ouest","s":"25N-H50N300F-90-F3"},{"r":"16","t":"19:23:38","h":"Ouest","s":"25N-H50N400F-90-F4"},{"r":"16","t":"19:23:38","h":"Ouest","s":"25N-H50NV10I-90-I"},{"r":"16","t":"19:23:38","h":"Ouest","s":"25N-H50NV20I-90-I"},{"r":"16","t":"19:23:38","h":"Ouest","s":"25S-H50S000I-81-I"},{"r":"16","t":"19:23:38","h":"Ouest","s":"25S-H50S100F-80-F1"},{"r":"16","t":"19:23:38","h":"Ouest","s":"25S-H50S200F-80-F2"},{"r":"128","t":"19:31:23","h":"Sud","s":"25N-H50N000S-80-S"},{"r":"128","t":"19:31:23","h":"Sud","s":"25N-H50N000S-90-S"},{"r":"128","t":"19:31:23","h":"Sud","s":"25N-H50NV10S-90-S"},{"r":"128","t":"19:31:23","h":"Sud","s":"25N-H50NV20S-90-S"},{"r":"128","t":"19:31:23","h":"Sud","s":"25S-H50S000S-81-S"},{"r":"128","t":"19:39:39","h":"Sud","s":"25N-H50N000I-80-I"},{"r":"128","t":"19:39:39","h":"Sud","s":"25N-H50N000I-90-I"},{"r":"128","t":"19:39:39","h":"Sud","s":"25N-H50N100F-90-F1"},{"r":"128","t":"19:39:39","h":"Sud","s":"25N-H50N200F-90-F2"},{"r":"128","t":"19:39:39","h":"Sud","s":"25N-H50N300F-90-F3"},{"r":"128","t":"19:39:39","h":"Sud","s":"25N-H50N400F-90-F4"},{"r":"128","t":"19:39:39","h":"Sud","s":"25N-H50NV10I-90-I"},{"r":"128","t":"19:39:39","h":"Sud","s":"25N-H50NV20I-90-I"},{"r":"128","t":"19:39:39","h":"Sud","s":"25S-H50S000I-81-I"},{"r":"128","t":"19:39:39","h":"Sud","s":"25S-H50S100F-80-F1"},{"r":"128","t":"19:39:39","h":"Sud","s":"25S-H50S200F-80-F2"},{"r":"16","t":"19:44:30","h":"Ouest","s":"25N-H50N000S-80-S"},{"r":"16","t":"19:44:30","h":"Ouest","s":"25N-H50N000S-90-S"},{"r":"16","t":"19:44:30","h":"Ouest","s":"25N-H50NV10S-90-S"},{"r":"16","t":"19:44:30","h":"Ouest","s":"25N-H50NV20S-90-S"},{"r":"16","t":"19:44:30","h":"Ouest","s":"25S-H50S000S-81-S"},{"r":"128","t":"19:46:55","h":"Sud","s":"25N-H50N000A-80-A"},{"r":"128","t":"19:46:55","h":"Sud","s":"25N-H50N000A-90-A"},{"r":"128","t":"19:46:55","h":"Sud","s":"25N-H50NV10A-90-A"},{"r":"128","t":"19:46:55","h":"Sud","s":"25N-H50NV20A-90-A"},{"r":"128","t":"19:46:55","h":"Sud","s":"25S-H50S000A-81-A"},{"r":"16","t":"19:53:38","h":"Ouest","s":"25N-H50N000A-80-A"},{"r":"16","t":"19:53:38","h":"Ouest","s":"25N-H50N000A-90-A"},{"r":"16","t":"19:53:38","h":"Ouest","s":"25N-H50N000I-80-I"},{"r":"16","t":"19:53:38","h":"Ouest","s":"25N-H50N000I-90-I"},{"r":"16","t":"19:53:38","h":"Ouest","s":"25N-H50N100F-90-F1"},{"r":"16","t":"19:53:38","h":"Ouest","s":"25N-H50N200F-90-F2"},{"r":"16","t":"19:53:38","h":"Ouest","s":"25N-H50N300F-90-F3"},{"r":"16","t":"19:53:38","h":"Ouest","s":"25N-H50N400F-90-F4"},{"r":"16","t":"19:53:38","h":"Ouest","s":"25N-H50NV10A-90-A"},{"r":"16","t":"19:53:38","h":"Ouest","s":"25N-H50NV10I-90-I"},{"r":"16","t":"19:53:38","h":"Ouest","s":"25N-H50NV20A-90-A"},{"r":"16","t":"19:53:38","h":"Ouest","s":"25N-H50NV20I-90-I"},{"r":"16","t":"19:53:38","h":"Ouest","s":"25S-H50S000A-81-A"},{"r":"16","t":"19:53:38","h":"Ouest","s":"25S-H50S000I-81-I"},{"r":"16","t":"19:53:38","h":"Ouest","s":"25S-H50S100F-80-F1"},{"r":"16","t":"19:53:38","h":"Ouest","s":"25S-H50S200F-80-F2"},{"r":"128","t":"20:00:39","h":"Sud","s":"25N-H50N000S-80-S"},{"r":"128","t":"20:00:39","h":"Sud","s":"25N-H50N000S-90-S"},{"r":"128","t":"20:00:39","h":"Sud","s":"25N-H50NV10S-90-S"},{"r":"128","t":"20:00:39","h":"Sud","s":"25N-H50NV20S-90-S"},{"r":"128","t":"20:00:39","h":"Sud","s":"25S-H50S000S-81-S"},{"r":"128","t":"20:11:39","h":"Sud","s":"25N-H50N000I-80-I"},{"r":"128","t":"20:11:39","h":"Sud","s":"25N-H50N000I-90-I"},{"r":"128","t":"20:11:39","h":"Sud","s":"25N-H50N100F-90-F1"},{"r":"128","t":"20:11:39","h":"Sud","s":"25N-H50N200F-90-F2"},{"r":"128","t":"20:11:39","h":"Sud","s":"25N-H50N300F-90-F3"},{"r":"128","t":"20:11:39","h":"Sud","s":"25N-H50N400F-90-F4"},{"r":"128","t":"20:11:39","h":"Sud","s":"25N-H50NV10I-90-I"},{"r":"128","t":"20:11:39","h":"Sud","s":"25N-H50NV20I-90-I"},{"r":"128","t":"20:11:39","h":"Sud","s":"25S-H50S000I-81-I"},{"r":"128","t":"20:11:39","h":"Sud","s":"25S-H50S100F-80-F1"},{"r":"128","t":"20:11:39","h":"Sud","s":"25S-H50S200F-80-F2"},{"r":"16","t":"20:15:30","h":"Ouest","s":"25N-H50N000S-80-S"},{"r":"16","t":"20:15:30","h":"Ouest","s":"25N-H50N000S-90-S"},{"r":"16","t":"20:15:30","h":"Ouest","s":"25N-H50NV10S-90-S"},{"r":"16","t":"20:15:30","h":"Ouest","s":"25N-H50NV20S-90-S"},{"r":"16","t":"20:15:30","h":"Ouest","s":"25S-H50S000S-81-S"},{"r":"128","t":"20:15:55","h":"Sud","s":"25N-H50N000A-80-A"},{"r":"128","t":"20:15:55","h":"Sud","s":"25N-H50N000A-90-A"},{"r":"128","t":"20:15:55","h":"Sud","s":"25N-H50NV10A-90-A"},{"r":"128","t":"20:15:55","h":"Sud","s":"25N-H50NV20A-90-A"},{"r":"128","t":"20:15:55","h":"Sud","s":"25S-H50S000A-81-A"},{"r":"16","t":"20:22:38","h":"Ouest","s":"25N-H50N000I-80-I"},{"r":"16","t":"20:22:38","h":"Ouest","s":"25N-H50N000I-90-I"},{"r":"16","t":"20:22:38","h":"Ouest","s":"25N-H50N100F-90-F1"},{"r":"16","t":"20:22:38","h":"Ouest","s":"25N-H50N200F-90-F2"},{"r":"16","t":"20:22:38","h":"Ouest","s":"25N-H50N300F-90-F3"},{"r":"16","t":"20:22:38","h":"Ouest","s":"25N-H50N400F-90-F4"},{"r":"16","t":"20:22:38","h":"Ouest","s":"25N-H50NV10I-90-I"},{"r":"16","t":"20:22:38","h":"Ouest","s":"25N-H50NV20I-90-I"},{"r":"16","t":"20:22:38","h":"Ouest","s":"25S-H50S000I-81-I"},{"r":"16","t":"20:22:38","h":"Ouest","s":"25S-H50S100F-80-F1"},{"r":"16","t":"20:22:38","h":"Ouest","s":"25S-H50S200F-80-F2"},{"r":"16","t":"20:23:38","h":"Ouest","s":"25N-H50N000A-80-A"},{"r":"16","t":"20:23:38","h":"Ouest","s":"25N-H50N000A-90-A"},{"r":"16","t":"20:23:38","h":"Ouest","s":"25N-H50NV10A-90-A"},{"r":"16","t":"20:23:38","h":"Ouest","s":"25N-H50NV20A-90-A"},{"r":"16","t":"20:23:38","h":"Ouest","s":"25S-H50S000A-81-A"},{"r":"128","t":"20:26:39","h":"Sud","s":"25N-H50N000S-80-S"},{"r":"128","t":"20:26:39","h":"Sud","s":"25N-H50N000S-90-S"},{"r":"128","t":"20:26:39","h":"Sud","s":"25N-H50NV10S-90-S"},{"r":"128","t":"20:26:39","h":"Sud","s":"25N-H50NV20S-90-S"},{"r":"128","t":"20:26:39","h":"Sud","s":"25S-H50S000S-81-S"},{"r":"128","t":"20:41:39","h":"Sud","s":"25N-H50N000I-80-I"},{"r":"128","t":"20:41:39","h":"Sud","s":"25N-H50N000I-90-I"},{"r":"128","t":"20:41:39","h":"Sud","s":"25N-H50N100F-90-F1"},{"r":"128","t":"20:41:39","h":"Sud","s":"25N-H50N200F-90-F2"},{"r":"128","t":"20:41:39","h":"Sud","s":"25N-H50N300F-90-F3"},{"r":"128","t":"20:41:39","h":"Sud","s":"25N-H50N400F-90-F4"},{"r":"128","t":"20:41:39","h":"Sud","s":"25N-H50NV10I-90-I"},{"r":"128","t":"20:41:39","h":"Sud","s":"25N-H50NV20I-90-I"},{"r":"128","t":"20:41:39","h":"Sud","s":"25S-H50S000I-81-I"},{"r":"128","t":"20:41:39","h":"Sud","s":"25S-H50S100F-80-F1"},{"r":"128","t":"20:41:39","h":"Sud","s":"25S-H50S200F-80-F2"},{"r":"128","t":"20:43:55","h":"Sud","s":"25N-H50N000A-80-A"},{"r":"128","t":"20:43:55","h":"Sud","s":"25N-H50N000A-90-A"},{"r":"128","t":"20:43:55","h":"Sud","s":"25N-H50NV10A-90-A"},{"r":"128","t":"20:43:55","h":"Sud","s":"25N-H50NV20A-90-A"},{"r":"128","t":"20:43:55","h":"Sud","s":"25S-H50S000A-81-A"},{"r":"16","t":"20:45:30","h":"Ouest","s":"25N-H50N000S-80-S"},{"r":"16","t":"20:45:30","h":"Ouest","s":"25N-H50N000S-90-S"},{"r":"16","t":"20:45:30","h":"Ouest","s":"25N-H50NV10S-90-S"},{"r":"16","t":"20:45:30","h":"Ouest","s":"25N-H50NV20S-90-S"},{"r":"16","t":"20:45:30","h":"Ouest","s":"25S-H50S000S-81-S"},{"r":"128","t":"20:50:39","h":"Sud","s":"25N-H50N000S-80-S"},{"r":"128","t":"20:50:39","h":"Sud","s":"25N-H50N000S-90-S"},{"r":"128","t":"20:50:39","h":"Sud","s":"25N-H50NV10S-90-S"},{"r":"128","t":"20:50:39","h":"Sud","s":"25N-H50NV20S-90-S"},{"r":"128","t":"20:50:39","h":"Sud","s":"25S-H50S000S-81-S"},{"r":"16","t":"20:52:38","h":"Ouest","s":"25N-H50N000A-80-A"},{"r":"16","t":"20:52:38","h":"Ouest","s":"25N-H50N000A-90-A"},{"r":"16","t":"20:52:38","h":"Ouest","s":"25N-H50N000I-80-I"},{"r":"16","t":"20:52:38","h":"Ouest","s":"25N-H50N000I-90-I"},{"r":"16","t":"20:52:38","h":"Ouest","s":"25N-H50N100F-90-F1"},{"r":"16","t":"20:52:38","h":"Ouest","s":"25N-H50N200F-90-F2"},{"r":"16","t":"20:52:38","h":"Ouest","s":"25N-H50N300F-90-F3"},{"r":"16","t":"20:52:38","h":"Ouest","s":"25N-H50N400F-90-F4"},{"r":"16","t":"20:52:38","h":"Ouest","s":"25N-H50NV10A-90-A"},{"r":"16","t":"20:52:38","h":"Ouest","s":"25N-H50NV10I-90-I"},{"r":"16","t":"20:52:38","h":"Ouest","s":"25N-H50NV20A-90-A"},{"r":"16","t":"20:52:38","h":"Ouest","s":"25N-H50NV20I-90-I"},{"r":"16","t":"20:52:38","h":"Ouest","s":"25S-H50S000A-81-A"},{"r":"16","t":"20:52:38","h":"Ouest","s":"25S-H50S000I-81-I"},{"r":"16","t":"20:52:38","h":"Ouest","s":"25S-H50S100F-80-F1"},{"r":"16","t":"20:52:38","h":"Ouest","s":"25S-H50S200F-80-F2"},{"r":"128","t":"21:14:55","h":"Sud","s":"25N-H50N000S-80-S"},{"r":"128","t":"21:14:55","h":"Sud","s":"25N-H50N000S-90-S"},{"r":"128","t":"21:14:55","h":"Sud","s":"25N-H50NV10S-90-S"},{"r":"128","t":"21:14:55","h":"Sud","s":"25N-H50NV20S-90-S"},{"r":"128","t":"21:14:55","h":"Sud","s":"25S-H50S000S-81-S"},{"r":"128","t":"21:16:39","h":"Sud","s":"25N-H50N000I-80-I"},{"r":"128","t":"21:16:39","h":"Sud","s":"25N-H50N000I-90-I"},{"r":"128","t":"21:16:39","h":"Sud","s":"25N-H50N100F-90-F1"},{"r":"128","t":"21:16:39","h":"Sud","s":"25N-H50N200F-90-F2"},{"r":"128","t":"21:16:39","h":"Sud","s":"25N-H50N300F-90-F3"},{"r":"128","t":"21:16:39","h":"Sud","s":"25N-H50N400F-90-F4"},{"r":"128","t":"21:16:39","h":"Sud","s":"25N-H50NV10I-90-I"},{"r":"128","t":"21:16:39","h":"Sud","s":"25N-H50NV20I-90-I"},{"r":"128","t":"21:16:39","h":"Sud","s":"25S-H50S000I-81-I"},{"r":"128","t":"21:16:39","h":"Sud","s":"25S-H50S100F-80-F1"},{"r":"128","t":"21:16:39","h":"Sud","s":"25S-H50S200F-80-F2"},{"r":"16","t":"21:17:30","h":"Ouest","s":"25N-H50N000S-80-S"},{"r":"16","t":"21:17:30","h":"Ouest","s":"25N-H50N000S-90-S"},{"r":"16","t":"21:17:30","h":"Ouest","s":"25N-H50NV10S-90-S"},{"r":"16","t":"21:17:30","h":"Ouest","s":"25N-H50NV20S-90-S"},{"r":"16","t":"21:17:30","h":"Ouest","s":"25S-H50S000S-81-S"},{"r":"128","t":"21:17:55","h":"Sud","s":"25N-H50N000A-80-A"},{"r":"128","t":"21:17:55","h":"Sud","s":"25N-H50N000A-90-A"},{"r":"128","t":"21:17:55","h":"Sud","s":"25N-H50NV10A-90-A"},{"r":"128","t":"21:17:55","h":"Sud","s":"25N-H50NV20A-90-A"},{"r":"128","t":"21:17:55","h":"Sud","s":"25S-H50S000A-81-A"},{"r":"16","t":"21:21:38","h":"Ouest","s":"25N-H50N000I-80-I"},{"r":"16","t":"21:21:38","h":"Ouest","s":"25N-H50N000I-90-I"},{"r":"16","t":"21:21:38","h":"Ouest","s":"25N-H50N100F-90-F1"},{"r":"16","t":"21:21:38","h":"Ouest","s":"25N-H50N200F-90-F2"},{"r":"16","t":"21:21:38","h":"Ouest","s":"25N-H50N300F-90-F3"},{"r":"16","t":"21:21:38","h":"Ouest","s":"25N-H50N400F-90-F4"},{"r":"16","t":"21:21:38","h":"Ouest","s":"25N-H50NV10I-90-I"},{"r":"16","t":"21:21:38","h":"Ouest","s":"25N-H50NV20I-90-I"},{"r":"16","t":"21:21:38","h":"Ouest","s":"25S-H50S000I-81-I"},{"r":"16","t":"21:21:38","h":"Ouest","s":"25S-H50S100F-80-F1"},{"r":"16","t":"21:21:38","h":"Ouest","s":"25S-H50S200F-80-F2"},{"r":"16","t":"21:22:38","h":"Ouest","s":"25N-H50N000A-80-A"},{"r":"16","t":"21:22:38","h":"Ouest","s":"25N-H50N000A-90-A"},{"r":"16","t":"21:22:38","h":"Ouest","s":"25N-H50NV10A-90-A"},{"r":"16","t":"21:22:38","h":"Ouest","s":"25N-H50NV20A-90-A"},{"r":"16","t":"21:22:38","h":"Ouest","s":"25S-H50S000A-81-A"},{"r":"128","t":"21:42:55","h":"Sud","s":"25N-H50N000S-80-S"},{"r":"128","t":"21:42:55","h":"Sud","s":"25N-H50N000S-90-S"},{"r":"128","t":"21:42:55","h":"Sud","s":"25N-H50NV10S-90-S"},{"r":"128","t":"21:42:55","h":"Sud","s":"25N-H50NV20S-90-S"},{"r":"128","t":"21:42:55","h":"Sud","s":"25S-H50S000S-81-S"},{"r":"16","t":"21:49:30","h":"Ouest","s":"25N-H50N000S-80-S"},{"r":"16","t":"21:49:30","h":"Ouest","s":"25N-H50N000S-90-S"},{"r":"16","t":"21:49:30","h":"Ouest","s":"25N-H50NV10S-90-S"},{"r":"16","t":"21:49:30","h":"Ouest","s":"25N-H50NV20S-90-S"},{"r":"16","t":"21:49:30","h":"Ouest","s":"25S-H50S000S-81-S"},{"r":"16","t":"21:50:38","h":"Ouest","s":"25N-H50N000A-80-A"},{"r":"16","t":"21:50:38","h":"Ouest","s":"25N-H50N000A-90-A"},{"r":"16","t":"21:50:38","h":"Ouest","s":"25N-H50N000I-80-I"},{"r":"16","t":"21:50:38","h":"Ouest","s":"25N-H50N000I-90-I"},{"r":"16","t":"21:50:38","h":"Ouest","s":"25N-H50N100F-90-F1"},{"r":"16","t":"21:50:38","h":"Ouest","s":"25N-H50N200F-90-F2"},{"r":"16","t":"21:50:38","h":"Ouest","s":"25N-H50N300F-90-F3"},{"r":"16","t":"21:50:38","h":"Ouest","s":"25N-H50N400F-90-F4"},{"r":"16","t":"21:50:38","h":"Ouest","s":"25N-H50NV10A-90-A"},{"r":"16","t":"21:50:38","h":"Ouest","s":"25N-H50NV10I-90-I"},{"r":"16","t":"21:50:38","h":"Ouest","s":"25N-H50NV20A-90-A"},{"r":"16","t":"21:50:38","h":"Ouest","s":"25N-H50NV20I-90-I"},{"r":"16","t":"21:50:38","h":"Ouest","s":"25S-H50S000A-81-A"},{"r":"16","t":"21:50:38","h":"Ouest","s":"25S-H50S000I-81-I"},{"r":"16","t":"21:50:38","h":"Ouest","s":"25S-H50S100F-80-F1"},{"r":"16","t":"21:50:38","h":"Ouest","s":"25S-H50S200F-80-F2"},{"r":"128","t":"21:50:39","h":"Sud","s":"25N-H50N000I-80-I"},{"r":"128","t":"21:50:39","h":"Sud","s":"25N-H50N000I-90-I"},{"r":"128","t":"21:50:39","h":"Sud","s":"25N-H50N100F-90-F1"},{"r":"128","t":"21:50:39","h":"Sud","s":"25N-H50N200F-90-F2"},{"r":"128","t":"21:50:39","h":"Sud","s":"25N-H50N300F-90-F3"},{"r":"128","t":"21:50:39","h":"Sud","s":"25N-H50N400F-90-F4"},{"r":"128","t":"21:50:39","h":"Sud","s":"25N-H50NV10I-90-I"},{"r":"128","t":"21:50:39","h":"Sud","s":"25N-H50NV20I-90-I"},{"r":"128","t":"21:50:39","h":"Sud","s":"25S-H50S000I-81-I"},{"r":"128","t":"21:50:39","h":"Sud","s":"25S-H50S100F-80-F1"},{"r":"128","t":"21:50:39","h":"Sud","s":"25S-H50S200F-80-F2"},{"r":"128","t":"21:51:55","h":"Sud","s":"25N-H50N000A-80-A"},{"r":"128","t":"21:51:55","h":"Sud","s":"25N-H50N000A-90-A"},{"r":"128","t":"21:51:55","h":"Sud","s":"25N-H50NV10A-90-A"},{"r":"128","t":"21:51:55","h":"Sud","s":"25N-H50NV20A-90-A"},{"r":"128","t":"21:51:55","h":"Sud","s":"25S-H50S000A-81-A"},{"r":"128","t":"22:14:55","h":"Sud","s":"25N-H50N000S-80-S"},{"r":"128","t":"22:14:55","h":"Sud","s":"25N-H50N000S-90-S"},{"r":"128","t":"22:14:55","h":"Sud","s":"25N-H50NV10S-90-S"},{"r":"128","t":"22:14:55","h":"Sud","s":"25N-H50NV20S-90-S"},{"r":"128","t":"22:14:55","h":"Sud","s":"25S-H50S000S-81-S"},{"r":"128","t":"22:19:39","h":"Sud","s":"25N-H50N000I-80-I"},{"r":"128","t":"22:19:39","h":"Sud","s":"25N-H50N000I-90-I"},{"r":"128","t":"22:19:39","h":"Sud","s":"25N-H50N100F-90-F1"},{"r":"128","t":"22:19:39","h":"Sud","s":"25N-H50N200F-90-F2"},{"r":"128","t":"22:19:39","h":"Sud","s":"25N-H50N300F-90-F3"},{"r":"128","t":"22:19:39","h":"Sud","s":"25N-H50N400F-90-F4"},{"r":"128","t":"22:19:39","h":"Sud","s":"25N-H50NV10I-90-I"},{"r":"128","t":"22:19:39","h":"Sud","s":"25N-H50NV20I-90-I"},{"r":"128","t":"22:19:39","h":"Sud","s":"25S-H50S000I-81-I"},{"r":"128","t":"22:19:39","h":"Sud","s":"25S-H50S100F-80-F1"},{"r":"128","t":"22:19:39","h":"Sud","s":"25S-H50S200F-80-F2"},{"r":"128","t":"22:25:55","h":"Sud","s":"25N-H50N000A-80-A"},{"r":"128","t":"22:25:55","h":"Sud","s":"25N-H50N000A-90-A"},{"r":"128","t":"22:25:55","h":"Sud","s":"25N-H50NV10A-90-A"},{"r":"128","t":"22:25:55","h":"Sud","s":"25N-H50NV20A-90-A"},{"r":"128","t":"22:25:55","h":"Sud","s":"25S-H50S000A-81-A"},{"r":"128","t":"22:52:55","h":"Sud","s":"25N-H50N000S-80-S"},{"r":"128","t":"22:52:55","h":"Sud","s":"25N-H50N000S-90-S"},{"r":"128","t":"22:52:55","h":"Sud","s":"25N-H50NV10S-90-S"},{"r":"128","t":"22:52:55","h":"Sud","s":"25N-H50NV20S-90-S"},{"r":"128","t":"22:52:55","h":"Sud","s":"25S-H50S000S-81-S"},{"r":"128","t":"22:57:39","h":"Sud","s":"25N-H50N000I-80-I"},{"r":"128","t":"22:57:39","h":"Sud","s":"25N-H50N000I-90-I"},{"r":"128","t":"22:57:39","h":"Sud","s":"25N-H50N100F-90-F1"},{"r":"128","t":"22:57:39","h":"Sud","s":"25N-H50N200F-90-F2"},{"r":"128","t":"22:57:39","h":"Sud","s":"25N-H50N300F-90-F3"},{"r":"128","t":"22:57:39","h":"Sud","s":"25N-H50N400F-90-F4"},{"r":"128","t":"22:57:39","h":"Sud","s":"25N-H50NV10I-90-I"},{"r":"128","t":"22:57:39","h":"Sud","s":"25N-H50NV20I-90-I"},{"r":"128","t":"22:57:39","h":"Sud","s":"25S-H50S000I-81-I"},{"r":"128","t":"22:57:39","h":"Sud","s":"25S-H50S100F-80-F1"},{"r":"128","t":"22:57:39","h":"Sud","s":"25S-H50S200F-80-F2"},{"r":"128","t":"23:02:55","h":"Sud","s":"25N-H50N000A-80-A"},{"r":"128","t":"23:02:55","h":"Sud","s":"25N-H50N000A-90-A"},{"r":"128","t":"23:02:55","h":"Sud","s":"25N-H50NV10A-90-A"},{"r":"128","t":"23:02:55","h":"Sud","s":"25N-H50NV20A-90-A"},{"r":"128","t":"23:02:55","h":"Sud","s":"25S-H50S000A-81-A"},{"r":"128","t":"23:19:55","h":"Sud","s":"25N-H50N000S-80-S"},{"r":"128","t":"23:19:55","h":"Sud","s":"25N-H50N000S-90-S"},{"r":"128","t":"23:19:55","h":"Sud","s":"25N-H50NV10S-90-S"},{"r":"128","t":"23:19:55","h":"Sud","s":"25N-H50NV20S-90-S"},{"r":"128","t":"23:19:55","h":"Sud","s":"25S-H50S000S-81-S"},{"r":"128","t":"23:27:39","h":"Sud","s":"25N-H50N000I-80-I"},{"r":"128","t":"23:27:39","h":"Sud","s":"25N-H50N000I-90-I"},{"r":"128","t":"23:27:39","h":"Sud","s":"25N-H50N100F-90-F1"},{"r":"128","t":"23:27:39","h":"Sud","s":"25N-H50N200F-90-F2"},{"r":"128","t":"23:27:39","h":"Sud","s":"25N-H50N300F-90-F3"},{"r":"128","t":"23:27:39","h":"Sud","s":"25N-H50N400F-90-F4"},{"r":"128","t":"23:27:39","h":"Sud","s":"25N-H50NV10I-90-I"},{"r":"128","t":"23:27:39","h":"Sud","s":"25N-H50NV20I-90-I"},{"r":"128","t":"23:27:39","h":"Sud","s":"25S-H50S000I-81-I"},{"r":"128","t":"23:27:39","h":"Sud","s":"25S-H50S100F-80-F1"},{"r":"128","t":"23:27:39","h":"Sud","s":"25S-H50S200F-80-F2"},{"r":"128","t":"23:31:11","h":"Sud","s":"25N-H50N000A-80-A"},{"r":"128","t":"23:31:11","h":"Sud","s":"25N-H50N000A-90-A"},{"r":"128","t":"23:31:11","h":"Sud","s":"25N-H50NV10A-90-A"},{"r":"128","t":"23:31:11","h":"Sud","s":"25N-H50NV20A-90-A"},{"r":"128","t":"23:31:11","h":"Sud","s":"25S-H50S000A-81-A"},{"r":"128","t":"23:41:39","h":"Sud","s":"25N-H50N000I-80-I"},{"r":"128","t":"23:41:39","h":"Sud","s":"25N-H50N000I-90-I"},{"r":"128","t":"23:41:39","h":"Sud","s":"25N-H50N100F-90-F1"},{"r":"128","t":"23:41:39","h":"Sud","s":"25N-H50N200F-90-F2"},{"r":"128","t":"23:41:39","h":"Sud","s":"25N-H50N300F-90-F3"},{"r":"128","t":"23:41:39","h":"Sud","s":"25N-H50N400F-90-F4"},{"r":"128","t":"23:41:39","h":"Sud","s":"25N-H50NV10I-90-I"},{"r":"128","t":"23:41:39","h":"Sud","s":"25N-H50NV20I-90-I"},{"r":"128","t":"23:41:39","h":"Sud","s":"25S-H50S000I-81-I"},{"r":"128","t":"23:41:39","h":"Sud","s":"25S-H50S100F-80-F1"},{"r":"128","t":"23:41:39","h":"Sud","s":"25S-H50S200F-80-F2"},{"r":"128","t":"23:45:55","h":"Sud","s":"25N-H50N000S-80-S"},{"r":"128","t":"23:45:55","h":"Sud","s":"25N-H50N000S-90-S"},{"r":"128","t":"23:45:55","h":"Sud","s":"25N-H50NV10S-90-S"},{"r":"128","t":"23:45:55","h":"Sud","s":"25N-H50NV20S-90-S"},{"r":"128","t":"23:45:55","h":"Sud","s":"25S-H50S000S-81-S"},{"r":"128","t":"23:47:11","h":"Sud","s":"25N-H50N000A-80-A"},{"r":"128","t":"23:47:11","h":"Sud","s":"25N-H50N000A-90-A"},{"r":"128","t":"23:47:11","h":"Sud","s":"25N-H50NV10A-90-A"},{"r":"128","t":"23:47:11","h":"Sud","s":"25N-H50NV20A-90-A"},{"r":"128","t":"23:47:11","h":"Sud","s":"25S-H50S000A-81-A"}]