[{"r":"100","t":"05:14:00","h":"Ouest","s":"25N-H50N000S-80-S"},{"r":"100","t":"05:14:00","h":"Ouest","s":"25N-H50N000S-90-S"},{"r":"100","t":"05:14:00","h":"Ouest","s":"25N-H50NV10S-90-S"},{"r":"100","t":"05:14:00","h":"Ouest","s":"25N-H50NV20S-90-S"},{"r":"100","t":"05:14:00","h":"Ouest","s":"25S-H50S000S-81-S"},{"r":"100","t":"05:25:00","h":"Ouest","s":"25N-H50N000A-80-A"},{"r":"100","t":"05:25:00","h":"Ouest","s":"25N-H50N000A-90-A"},{"r":"100","t":"05:25:00","h":"Ouest","s":"25N-H50N000S-80-S"},{"r":"100","t":"05:25:00","h":"Ouest","s":"25N-H50N000S-90-S"},{"r":"100","t":"05:25:00","h":"Ouest","s":"25N-H50NV10A-90-A"},{"r":"100","t":"05:25:00","h":"Ouest","s":"25N-H50NV10S-90-S"},{"r":"100","t":"05:25:00","h":"Ouest","s":"25N-H50NV20A-90-A"},{"r":"100","t":"05:25:00","h":"Ouest","s":"25N-H50NV20S-90-S"},{"r":"100","t":"05:25:00","h":"Ouest","s":"25S-H50S000A-81-A"},{"r":"100","t":"05:25:00","h":"Ouest","s":"25S-H50S000S-81-S"},{"r":"100","t":"05:32:00","h":"Ouest","s":"25N-H50N000S-80-S"},{"r":"100","t":"05:32:00","h":"Ouest","s":"25N-H50N000S-90-S"},{"r":"100","t":"05:32:00","h":"Ouest","s":"25N-H50NV10S-90-S"},{"r":"100","t":"05:32:00","h":"Ouest","s":"25N-H50NV20S-90-S"},{"r":"100","t":"05:32:00","h":"Ouest","s":"25S-H50S000S-81-S"},{"r":"460","t":"05:39:27","h":"Ouest","s":"25N-H55N000S-80-S"},{"r":"460","t":"05:39:27","h":"Ouest","s":"25N-H55N000S-82-S"},{"r":"460","t":"05:39:27","h":"Ouest","s":"25N-H55NV10S-85-S"},{"r":"460","t":"05:39:27","h":"Ouest","s":"25N-H55NV20S-81-S"},{"r":"460","t":"05:39:27","h":"Ouest","s":"25S-H55S000S-82-S"},{"r":"100","t":"05:43:00","h":"Ouest","s":"25N-H50N000S-80-S"},{"r":"100","t":"05:43:00","h":"Ouest","s":"25N-H50N000S-90-S"},{"r":"100","t":"05:43:00","h":"Ouest","s":"25N-H50NV10S-90-S"},{"r":"100","t":"05:43:00","h":"Ouest","s":"25N-H50NV20S-90-S"},{"r":"100","t":"05:43:00","h":"Ouest","s":"25S-H50S000S-81-S"},{"r":"460","t":"05:44:27","h":"Ouest","s":"25N-H58N000S-80-S"},{"r":"460","t":"05:44:27","h":"Ouest","s":"25N-H58N200F-80-F2"},{"r":"460","t":"05:44:27","h":"Ouest","s":"25N-H58N400F-80-F4"},{"r":"460","t":"05:44:27","h":"Ouest","s":"25N-H58NV10S-80-S"},{"r":"460","t":"05:44:27","h":"Ouest","s":"25N-H58NV20S-80-S"},{"r":"460","t":"05:44:27","h":"Ouest","s":"25S-H58S000S-80-S"},{"r":"460","t":"05:44:27","h":"Ouest","s":"25S-H58S100F-80-F1"},{"r":"460","t":"05:44:27","h":"Ouest","s":"25S-H58S200F-80-F2"},{"r":"460","t":"05:49:27","h":"Ouest","s":"25N-H58N000S-80-S"},{"r":"460","t":"05:49:27","h":"Ouest","s":"25N-H58NV10S-80-S"},{"r":"460","t":"05:49:27","h":"Ouest","s":"25N-H58NV20S-80-S"},{"r":"460","t":"05:49:27","h":"Ouest","s":"25S-H58S000S-80-S"},{"r":"100","t":"05:51:00","h":"Ouest","s":"25N-H50N000A-80-A"},{"r":"100","t":"05:51:00","h":"Ouest","s":"25N-H50N000A-90-A"},{"r":"100","t":"05:51:00","h":"Ouest","s":"25N-H50NV10A-90-A"},{"r":"100","t":"05:51:00","h":"Ouest","s":"25N-H50NV20A-90-A"},{"r":"100","t":"05:51:00","h":"Ouest","s":"25S-H50S000A-81-A"},{"r":"460","t":"05:51:27","h":"Ouest","s":"25N-H58N000S-80-S"},{"r":"460","t":"05:51:27","h":"Ouest","s":"25N-H58NV10S-80-S"},{"r":"460","t":"05:51:27","h":"Ouest","s":"25N-H58NV20S-80-S"},{"r":"460","t":"05:51:27","h":"Ouest","s":"25S-H58S000S-80-S"},{"r":"100","t":"05:54:00","h":"Ouest","s":"25N-H50N000I-80-I"},{"r":"100","t":"05:54:00","h":"Ouest","s":"25N-H50N000I-90-I"},{"r":"100","t":"05:54:00","h":"Ouest","s":"25N-H50N100F-90-F1"},{"r":"100","t":"05:54:00","h":"Ouest","s":"25N-H50N200F-90-F2"},{"r":"100","t":"05:54:00","h":"Ouest","s":"25N-H50N300F-90-F3"},{"r":"100","t":"05:54:00","h":"Ouest","s":"25N-H50N400F-90-F4"},{"r":"100","t":"05:54:00","h":"Ouest","s":"25N-H50NV10I-90-I"},{"r":"100","t":"05:54:00","h":"Ouest","s":"25N-H50NV20I-90-I"},{"r":"100","t":"05:54:00","h":"Ouest","s":"25S-H50S000I-81-I"},{"r":"100","t":"05:54:00","h":"Ouest","s":"25S-H50S100F-80-F1"},{"r":"100","t":"05:54:00","h":"Ouest","s":"25S-H50S200F-80-F2"},{"r":"460","t":"05:54:27","h":"Ouest","s":"25N-H58N000S-80-S"},{"r":"460","t":"05:54:27","h":"Ouest","s":"25N-H58NV10S-80-S"},{"r":"460","t":"05:54:27","h":"Ouest","s":"25N-H58NV20S-80-S"},{"r":"460","t":"05:54:27","h":"Ouest","s":"25S-H58S000S-80-S"},{"r":"460","t":"05:59:27","h":"Ouest","s":"25N-H57N000S-80-S"},{"r":"460","t":"05:59:27","h":"Ouest","s":"25N-H57NV10S-84-S"},{"r":"460","t":"05:59:27","h":"Ouest","s":"25N-H57NV20S-80-S"},{"r":"460","t":"05:59:27","h":"Ouest","s":"25N-H58N200F-80-F2"},{"r":"460","t":"05:59:27","h":"Ouest","s":"25N-H58N400F-80-F4"},{"r":"460","t":"05:59:27","h":"Ouest","s":"25S-H57S000S-82-S"},{"r":"460","t":"05:59:27","h":"Ouest","s":"25S-H58S100F-80-F1"},{"r":"460","t":"05:59:27","h":"Ouest","s":"25S-H58S200F-80-F2"},{"r":"100","t":"06:00:00","h":"Ouest","s":"25N-H50N000S-80-S"},{"r":"100","t":"06:00:00","h":"Ouest","s":"25N-H50N000S-90-S"},{"r":"100","t":"06:00:00","h":"Ouest","s":"25N-H50NV10S-90-S"},{"r":"100","t":"06:00:00","h":"Ouest","s":"25N-H50NV20S-90-S"},{"r":"100","t":"06:00:00","h":"Ouest","s":"25S-H50S000S-81-S"},{"r":"100","t":"06:04:00","h":"Ouest","s":"25N-H50N000I-80-I"},{"r":"100","t":"06:04:00","h":"Ouest","s":"25N-H50N000I-90-I"},{"r":"100","t":"06:04:00","h":"Ouest","s":"25N-H50N100F-90-F1"},{"r":"100","t":"06:04:00","h":"Ouest","s":"25N-H50N200F-90-F2"},{"r":"100","t":"06:04:00","h":"Ouest","s":"25N-H50N300F-90-F3"},{"r":"100","t":"06:04:00","h":"Ouest","s":"25N-H50N400F-90-F4"},{"r":"100","t":"06:04:00","h":"Ouest","s":"25N-H50NV10I-90-I"},{"r":"100","t":"06:04:00","h":"Ouest","s":"25N-H50NV20I-90-I"},{"r":"100","t":"06:04:00","h":"Ouest","s":"25S-H50S000I-81-I"},{"r":"100","t":"06:04:00","h":"Ouest","s":"25S-H50S100F-80-F1"},{"r":"100","t":"06:04:00","h":"Ouest","s":"25S-H50S200F-80-F2"},{"r":"460","t":"06:04:27","h":"Ouest","s":"25N-H57N000S-80-S"},{"r":"460","t":"06:04:27","h":"Ouest","s":"25N-H57NV10S-84-S"},{"r":"460","t":"06:04:27","h":"Ouest","s":"25N-H57NV20S-80-S"},{"r":"460","t":"06:04:27","h":"Ouest","s":"25S-H57S000S-82-S"},{"r":"460","t":"06:08:27","h":"Ouest","s":"25N-H58N000S-80-S"},{"r":"460","t":"06:08:27","h":"Ouest","s":"25N-H58N200F-80-F2"},{"r":"460","t":"06:08:27","h":"Ouest","s":"25N-H58N400F-80-F4"},{"r":"460","t":"06:08:27","h":"Ouest","s":"25N-H58NV10S-80-S"},{"r":"460","t":"06:08:27","h":"Ouest","s":"25N-H58NV20S-80-S"},{"r":"460","t":"06:08:27","h":"Ouest","s":"25S-H58S000S-80-S"},{"r":"460","t":"06:08:27","h":"Ouest","s":"25S-H58S100F-80-F1"},{"r":"460","t":"06:08:27","h":"Ouest","s":"25S-H58S200F-80-F2"},{"r":"100","t":"06:09:00","h":"Ouest","s":"25N-H50N000S-80-S"},{"r":"100","t":"06:09:00","h":"Ouest","s":"25N-H50N000S-90-S"},{"r":"100","t":"06:09:00","h":"Ouest","s":"25N-H50NV10S-90-S"},{"r":"100","t":"06:09:00","h":"Ouest","s":"25N-H50NV20S-90-S"},{"r":"100","t":"06:09:00","h":"Ouest","s":"25S-H50S000S-81-S"},{"r":"100","t":"06:12:00","h":"Ouest","s":"25N-H50N000A-80-A"},{"r":"100","t":"06:12:00","h":"Ouest","s":"25N-H50N000A-90-A"},{"r":"100","t":"06:12:00","h":"Ouest","s":"25N-H50NV10A-90-A"},{"r":"100","t":"06:12:00","h":"Ouest","s":"25N-H50NV20A-90-A"},{"r":"100","t":"06:12:00","h":"Ouest","s":"25S-H50S000A-81-A"},{"r":"460","t":"06:12:53","h":"Ouest","s":"25N-H58N000S-80-S"},{"r":"460","t":"06:12:53","h":"Ouest","s":"25N-H58NV10S-80-S"},{"r":"460","t":"06:12:53","h":"Ouest","s":"25N-H58NV20S-80-S"},{"r":"460","t":"06:12:53","h":"Ouest","s":"25S-H58S000S-80-S"},{"r":"460","t":"06:14:53","h":"Ouest","s":"25N-H59N000S-80-S"},{"r":"460","t":"06:14:53","h":"Ouest","s":"25N-H59NV10S-84-S"},{"r":"460","t":"06:14:53","h":"Ouest","s":"25N-H59NV20S-80-S"},{"r":"460","t":"06:14:53","h":"Ouest","s":"25S-H59S000S-81-S"},{"r":"100","t":"06:16:00","h":"Ouest","s":"25N-H60N000S-80-S"},{"r":"100","t":"06:16:00","h":"Ouest","s":"25N-H60N000S-98-S"},{"r":"100","t":"06:16:00","h":"Ouest","s":"25N-H60NV10S-98-S"},{"r":"100","t":"06:16:00","h":"Ouest","s":"25N-H60NV20S-98-S"},{"r":"100","t":"06:16:00","h":"Ouest","s":"25S-H60S000S-80-S"},{"r":"100","t":"06:17:00","h":"Ouest","s":"25N-H50N000I-80-I"},{"r":"100","t":"06:17:00","h":"Ouest","s":"25N-H50N000I-90-I"},{"r":"100","t":"06:17:00","h":"Ouest","s":"25N-H50N100F-90-F1"},{"r":"100","t":"06:17:00","h":"Ouest","s":"25N-H50N200F-90-F2"},{"r":"100","t":"06:17:00","h":"Ouest","s":"25N-H50N300F-90-F3"},{"r":"100","t":"06:17:00","h":"Ouest","s":"25N-H50N400F-90-F4"},{"r":"100","t":"06:17:00","h":"Ouest","s":"25N-H50NV10I-90-I"},{"r":"100","t":"06:17:00","h":"Ouest","s":"25N-H50NV20I-90-I"},{"r":"100","t":"06:17:00","h":"Ouest","s":"25S-H50S000I-81-I"},{"r":"100","t":"06:17:00","h":"Ouest","s":"25S-H50S100F-80-F1"},{"r":"100","t":"06:17:00","h":"Ouest","s":"25S-H50S200F-80-F2"},{"r":"460","t":"06:18:19","h":"Ouest","s":"25N-H57N000S-80-S"},{"r":"460","t":"06:18:19","h":"Ouest","s":"25N-H57NV10S-84-S"},{"r":"460","t":"06:18:19","h":"Ouest","s":"25N-H57NV20S-80-S"},{"r":"460","t":"06:18:19","h":"Ouest","s":"25N-H58N200F-80-F2"},{"r":"460","t":"06:18:19","h":"Ouest","s":"25N-H58N400F-80-F4"},{"r":"460","t":"06:18:19","h":"Ouest","s":"25S-H57S000S-82-S"},{"r":"460","t":"06:18:19","h":"Ouest","s":"25S-H58S100F-80-F1"},{"r":"460","t":"06:18:19","h":"Ouest","s":"25S-H58S200F-80-F2"},{"r":"100","t":"06:20:00","h":"Ouest","s":"25N-H50N000S-80-S"},{"r":"100","t":"06:20:00","h":"Ouest","s":"25N-H50N000S-90-S"},{"r":"100","t":"06:20:00","h":"Ouest","s":"25N-H50NV10S-90-S"},{"r":"100","t":"06:20:00","h":"Ouest","s":"25N-H50NV20S-90-S"},{"r":"100","t":"06:20:00","h":"Ouest","s":"25S-H50S000S-81-S"},{"r":"100","t":"06:22:00","h":"Ouest","s":"25N-H50N000A-80-A"},{"r":"100","t":"06:22:00","h":"Ouest","s":"25N-H50N000A-90-A"},{"r":"100","t":"06:22:00","h":"Ouest","s":"25N-H50NV10A-90-A"},{"r":"100","t":"06:22:00","h":"Ouest","s":"25N-H50NV20A-90-A"},{"r":"100","t":"06:22:00","h":"Ouest","s":"25S-H50S000A-81-A"},{"r":"460","t":"06:22:19","h":"Ouest","s":"25N-H58N000S-80-S"},{"r":"460","t":"06:22:19","h":"Ouest","s":"25N-H58NV10S-80-S"},{"r":"460","t":"06:22:19","h":"Ouest","s":"25N-H58NV20S-80-S"},{"r":"460","t":"06:22:19","h":"Ouest","s":"25S-H58S000S-80-S"},{"r":"100","t":"06:24:00","h":"Ouest","s":"25N-H50N000S-80-S"},{"r":"100","t":"06:24:00","h":"Ouest","s":"25N-H50N000S-90-S"},{"r":"100","t":"06:24:00","h":"Ouest","s":"25N-H50NV10S-90-S"},{"r":"100","t":"06:24:00","h":"Ouest","s":"25N-H50NV20S-90-S"},{"r":"100","t":"06:24:00","h":"Ouest","s":"25S-H50S000S-81-S"},{"r":"460","t":"06:26:19","h":"Ouest","s":"25N-H60N000S-80-S"},{"r":"460","t":"06:26:19","h":"Ouest","s":"25N-H60N000S-98-S"},{"r":"460","t":"06:26:19","h":"Ouest","s":"25N-H60NV10S-98-S"},{"r":"460","t":"06:26:19","h":"Ouest","s":"25N-H60NV20S-98-S"},{"r":"460","t":"06:26:19","h":"Ouest","s":"25S-H60S000S-80-S"},{"r":"460","t":"06:27:19","h":"Ouest","s":"25N-H58N200F-80-F2"},{"r":"460","t":"06:27:19","h":"Ouest","s":"25N-H58N400F-80-F4"},{"r":"460","t":"06:27:19","h":"Ouest","s":"25S-H58S100F-80-F1"},{"r":"460","t":"06:27:19","h":"Ouest","s":"25S-H58S200F-80-F2"},{"r":"460","t":"06:28:19","h":"Ouest","s":"25N-H57N000S-80-S"},{"r":"460","t":"06:28:19","h":"Ouest","s":"25N-H57NV10S-84-S"},{"r":"460","t":"06:28:19","h":"Ouest","s":"25N-H57NV20S-80-S"},{"r":"460","t":"06:28:19","h":"Ouest","s":"25S-H57S000S-82-S"},{"r":"100","t":"06:29:00","h":"Ouest","s":"25N-H50N000I-80-I"},{"r":"100","t":"06:29:00","h":"Ouest","s":"25N-H50N000I-90-I"},{"r":"100","t":"06:29:00","h":"Ouest","s":"25N-H50N000S-80-S"},{"r":"100","t":"06:29:00","h":"Ouest","s":"25N-H50N000S-90-S"},{"r":"100","t":"06:29:00","h":"Ouest","s":"25N-H50N100F-90-F1"},{"r":"100","t":"06:29:00","h":"Ouest","s":"25N-H50N200F-90-F2"},{"r":"100","t":"06:29:00","h":"Ouest","s":"25N-H50N300F-90-F3"},{"r":"100","t":"06:29:00","h":"Ouest","s":"25N-H50N400F-90-F4"},{"r":"100","t":"06:29:00","h":"Ouest","s":"25N-H50NV10I-90-I"},{"r":"100","t":"06:29:00","h":"Ouest","s":"25N-H50NV10S-90-S"},{"r":"100","t":"06:29:00","h":"Ouest","s":"25N-H50NV20I-90-I"},{"r":"100","t":"06:29:00","h":"Ouest","s":"25N-H50NV20S-90-S"},{"r":"100","t":"06:29:00","h":"Ouest","s":"25S-H50S000I-81-I"},{"r":"100","t":"06:29:00","h":"Ouest","s":"25S-H50S000S-81-S"},{"r":"100","t":"06:29:00","h":"Ouest","s":"25S-H50S100F-80-F1"},{"r":"100","t":"06:29:00","h":"Ouest","s":"25S-H50S200F-80-F2"},{"r":"100","t":"06:33:00","h":"Ouest","s":"25N-H50N000A-80-A"},{"r":"100","t":"06:33:00","h":"Ouest","s":"25N-H50N000A-90-A"},{"r":"100","t":"06:33:00","h":"Ouest","s":"25N-H50NV10A-90-A"},{"r":"100","t":"06:33:00","h":"Ouest","s":"25N-H50NV20A-90-A"},{"r":"100","t":"06:33:00","h":"Ouest","s":"25S-H50S000A-81-A"},{"r":"460","t":"06:33:19","h":"Ouest","s":"25N-H58N000S-80-S"},{"r":"460","t":"06:33:19","h":"Ouest","s":"25N-H58NV10S-80-S"},{"r":"460","t":"06:33:19","h":"Ouest","s":"25N-H58NV20S-80-S"},{"r":"460","t":"06:33:19","h":"Ouest","s":"25S-H58S000S-80-S"},{"r":"100","t":"06:34:00","h":"Ouest","s":"25N-H50N000I-80-I"},{"r":"100","t":"06:34:00","h":"Ouest","s":"25N-H50N000I-90-I"},{"r":"100","t":"06:34:00","h":"Ouest","s":"25N-H50N100F-90-F1"},{"r":"100","t":"06:34:00","h":"Ouest","s":"25N-H50N200F-90-F2"},{"r":"100","t":"06:34:00","h":"Ouest","s":"25N-H50N300F-90-F3"},{"r":"100","t":"06:34:00","h":"Ouest","s":"25N-H50N400F-90-F4"},{"r":"100","t":"06:34:00","h":"Ouest","s":"25N-H50NV10I-90-I"},{"r":"100","t":"06:34:00","h":"Ouest","s":"25N-H50NV20I-90-I"},{"r":"100","t":"06:34:00","h":"Ouest","s":"25S-H50S000I-81-I"},{"r":"100","t":"06:34:00","h":"Ouest","s":"25S-H50S100F-80-F1"},{"r":"100","t":"06:34:00","h":"Ouest","s":"25S-H50S200F-80-F2"},{"r":"100","t":"06:38:00","h":"Ouest","s":"25N-H50N000S-80-S"},{"r":"100","t":"06:38:00","h":"Ouest","s":"25N-H50N000S-90-S"},{"r":"100","t":"06:38:00","h":"Ouest","s":"25N-H50NV10S-90-S"},{"r":"100","t":"06:38:00","h":"Ouest","s":"25N-H50NV20S-90-S"},{"r":"100","t":"06:38:00","h":"Ouest","s":"25S-H50S000S-81-S"},{"r":"460","t":"06:38:19","h":"Ouest","s":"25N-H58N200F-80-F2"},{"r":"460","t":"06:38:19","h":"Ouest","s":"25N-H58N400F-80-F4"},{"r":"460","t":"06:38:19","h":"Ouest","s":"25N-H59N000S-80-S"},{"r":"460","t":"06:38:19","h":"Ouest","s":"25N-H59NV10S-84-S"},{"r":"460","t":"06:38:19","h":"Ouest","s":"25N-H59NV20S-80-S"},{"r":"460","t":"06:38:19","h":"Ouest","s":"25S-H58S100F-80-F1"},{"r":"460","t":"06:38:19","h":"Ouest","s":"25S-H58S200F-80-F2"},{"r":"460","t":"06:38:19","h":"Ouest","s":"25S-H59S000S-81-S"},{"r":"100","t":"06:40:00","h":"Ouest","s":"25N-H50N000A-80-A"},{"r":"100","t":"06:40:00","h":"Ouest","s":"25N-H50N000A-90-A"},{"r":"100","t":"06:40:00","h":"Ouest","s":"25N-H50NV10A-90-A"},{"r":"100","t":"06:40:00","h":"Ouest","s":"25N-H50NV20A-90-A"},{"r":"100","t":"06:40:00","h":"Ouest","s":"25S-H50S000A-81-A"},{"r":"460","t":"06:42:19","h":"Ouest","s":"25N-H57N000S-80-S"},{"r":"460","t":"06:42:19","h":"Ouest","s":"25N-H57NV10S-84-S"},{"r":"460","t":"06:42:19","h":"Ouest","s":"25N-H57NV20S-80-S"},{"r":"460","t":"06:42:19","h":"Ouest","s":"25S-H57S000S-82-S"},{"r":"100","t":"06:46:00","h":"Ouest","s":"25N-H50N000A-80-A"},{"r":"100","t":"06:46:00","h":"Ouest","s":"25N-H50N000A-90-A"},{"r":"100","t":"06:46:00","h":"Ouest","s":"25N-H50NV10A-90-A"},{"r":"100","t":"06:46:00","h":"Ouest","s":"25N-H50NV20A-90-A"},{"r":"100","t":"06:46:00","h":"Ouest","s":"25S-H50S000A-81-A"},{"r":"100","t":"06:48:00","h":"Ouest","s":"25N-H50N000S-80-S"},{"r":"100","t":"06:48:00","h":"Ouest","s":"25N-H50N000S-90-S"},{"r":"100","t":"06:48:00","h":"Ouest","s":"25N-H50NV10S-90-S"},{"r":"100","t":"06:48:00","h":"Ouest","s":"25N-H50NV20S-90-S"},{"r":"100","t":"06:48:00","h":"Ouest","s":"25S-H50S000S-81-S"},{"r":"460","t":"06:48:45","h":"Ouest","s":"25N-H58N200F-80-F2"},{"r":"460","t":"06:48:45","h":"Ouest","s":"25N-H58N400F-80-F4"},{"r":"460","t":"06:48:45","h":"Ouest","s":"25S-H58S100F-80-F1"},{"r":"460","t":"06:48:45","h":"Ouest","s":"25S-H58S200F-80-F2"},{"r":"460","t":"06:50:45","h":"Ouest","s":"25N-H57N000S-80-S"},{"r":"460","t":"06:50:45","h":"Ouest","s":"25N-H57NV10S-84-S"},{"r":"460","t":"06:50:45","h":"Ouest","s":"25N-H57NV20S-80-S"},{"r":"460","t":"06:50:45","h":"Ouest","s":"25S-H57S000S-82-S"},{"r":"100","t":"06:52:00","h":"Ouest","s":"25N-H50N000I-80-I"},{"r":"100","t":"06:52:00","h":"Ouest","s":"25N-H50N000I-90-I"},{"r":"100","t":"06:52:00","h":"Ouest","s":"25N-H50N100F-90-F1"},{"r":"100","t":"06:52:00","h":"Ouest","s":"25N-H50N200F-90-F2"},{"r":"100","t":"06:52:00","h":"Ouest","s":"25N-H50N300F-90-F3"},{"r":"100","t":"06:52:00","h":"Ouest","s":"25N-H50N400F-90-F4"},{"r":"100","t":"06:52:00","h":"Ouest","s":"25N-H50NV10I-90-I"},{"r":"100","t":"06:52:00","h":"Ouest","s":"25N-H50NV20I-90-I"},{"r":"100","t":"06:52:00","h":"Ouest","s":"25S-H50S000I-81-I"},{"r":"100","t":"06:52:00","h":"Ouest","s":"25S-H50S100F-80-F1"},{"r":"100","t":"06:52:00","h":"Ouest","s":"25S-H50S200F-80-F2"},{"r":"100","t":"06:58:00","h":"Ouest","s":"25N-H55N000S-80-S"},{"r":"100","t":"06:58:00","h":"Ouest","s":"25N-H55N000S-82-S"},{"r":"100","t":"06:58:00","h":"Ouest","s":"25N-H55NV10S-85-S"},{"r":"100","t":"06:58:00","h":"Ouest","s":"25N-H55NV20S-81-S"},{"r":"100","t":"06:58:00","h":"Ouest","s":"25S-H55S000S-82-S"},{"r":"460","t":"06:59:45","h":"Ouest","s":"25N-H58N000S-80-S"},{"r":"460","t":"06:59:45","h":"Ouest","s":"25N-H58NV10S-80-S"},{"r":"460","t":"06:59:45","h":"Ouest","s":"25N-H58NV20S-80-S"},{"r":"460","t":"06:59:45","h":"Ouest","s":"25S-H58S000S-80-S"},{"r":"100","t":"07:00:00","h":"Ouest","s":"25N-H50N000A-80-A"},{"r":"100","t":"07:00:00","h":"Ouest","s":"25N-H50N000A-90-A"},{"r":"100","t":"07:00:00","h":"Ouest","s":"25N-H50NV10A-90-A"},{"r":"100","t":"07:00:00","h":"Ouest","s":"25N-H50NV20A-90-A"},{"r":"100","t":"07:00:00","h":"Ouest","s":"25S-H50S000A-81-A"},{"r":"460","t":"07:02:45","h":"Ouest","s":"25N-H58N200F-80-F2"},{"r":"460","t":"07:02:45","h":"Ouest","s":"25N-H58N400F-80-F4"},{"r":"460","t":"07:02:45","h":"Ouest","s":"25S-H58S100F-80-F1"},{"r":"460","t":"07:02:45","h":"Ouest","s":"25S-H58S200F-80-F2"},{"r":"100","t":"07:06:00","h":"Ouest","s":"25N-H50N000S-80-S"},{"r":"100","t":"07:06:00","h":"Ouest","s":"25N-H50N000S-90-S"},{"r":"100","t":"07:06:00","h":"Ouest","s":"25N-H50NV10S-90-S"},{"r":"100","t":"07:06:00","h":"Ouest","s":"25N-H50NV20S-90-S"},{"r":"100","t":"07:06:00","h":"Ouest","s":"25S-H50S000S-81-S"},{"r":"460","t":"07:07:45","h":"Ouest","s":"25N-H58N000S-80-S"},{"r":"460","t":"07:07:45","h":"Ouest","s":"25N-H58NV10S-80-S"},{"r":"460","t":"07:07:45","h":"Ouest","s":"25N-H58NV20S-80-S"},{"r":"460","t":"07:07:45","h":"Ouest","s":"25S-H58S000S-80-S"},{"r":"460","t":"07:11:45","h":"Ouest","s":"25N-H58N000S-80-S"},{"r":"460","t":"07:11:45","h":"Ouest","s":"25N-H58NV10S-80-S"},{"r":"460","t":"07:11:45","h":"Ouest","s":"25N-H58NV20S-80-S"},{"r":"460","t":"07:11:45","h":"Ouest","s":"25S-H58S000S-80-S"},{"r":"460","t":"07:12:45","h":"Ouest","s":"25N-H58N200F-80-F2"},{"r":"460","t":"07:12:45","h":"Ouest","s":"25N-H58N400F-80-F4"},{"r":"460","t":"07:12:45","h":"Ouest","s":"25S-H58S100F-80-F1"},{"r":"460","t":"07:12:45","h":"Ouest","s":"25S-H58S200F-80-F2"},{"r":"100","t":"07:14:00","h":"Ouest","s":"25N-H50N000S-80-S"},{"r":"100","t":"07:14:00","h":"Ouest","s":"25N-H50N000S-90-S"},{"r":"100","t":"07:14:00","h":"Ouest","s":"25N-H50NV10S-90-S"},{"r":"100","t":"07:14:00","h":"Ouest","s":"25N-H50NV20S-90-S"},{"r":"100","t":"07:14:00","h":"Ouest","s":"25S-H50S000S-81-S"},{"r":"460","t":"07:14:45","h":"Ouest","s":"25N-H58N000S-80-S"},{"r":"460","t":"07:14:45","h":"Ouest","s":"25N-H58NV10S-80-S"},{"r":"460","t":"07:14:45","h":"Ouest","s":"25N-H58NV20S-80-S"},{"r":"460","t":"07:14:45","h":"Ouest","s":"25S-H58S000S-80-S"},{"r":"100","t":"07:16:00","h":"Ouest","s":"25N-H50N000I-80-I"},{"r":"100","t":"07:16:00","h":"Ouest","s":"25N-H50N000I-90-I"},{"r":"100","t":"07:16:00","h":"Ouest","s":"25N-H50N100F-90-F1"},{"r":"100","t":"07:16:00","h":"Ouest","s":"25N-H50N200F-90-F2"},{"r":"100","t":"07:16:00","h":"Ouest","s":"25N-H50N300F-90-F3"},{"r":"100","t":"07:16:00","h":"Ouest","s":"25N-H50N400F-90-F4"},{"r":"100","t":"07:16:00","h":"Ouest","s":"25N-H50NV10I-90-I"},{"r":"100","t":"07:16:00","h":"Ouest","s":"25N-H50NV20I-90-I"},{"r":"100","t":"07:16:00","h":"Ouest","s":"25S-H50S000I-81-I"},{"r":"100","t":"07:16:00","h":"Ouest","s":"25S-H50S100F-80-F1"},{"r":"100","t":"07:16:00","h":"Ouest","s":"25S-H50S200F-80-F2"},{"r":"100","t":"07:20:00","h":"Ouest","s":"25N-H50N000A-80-A"},{"r":"100","t":"07:20:00","h":"Ouest","s":"25N-H50N000A-90-A"},{"r":"100","t":"07:20:00","h":"Ouest","s":"25N-H50NV10A-90-A"},{"r":"100","t":"07:20:00","h":"Ouest","s":"25N-H50NV20A-90-A"},{"r":"100","t":"07:20:00","h":"Ouest","s":"25S-H50S000A-81-A"},{"r":"460","t":"07:20:45","h":"Ouest","s":"25N-H58N000S-80-S"},{"r":"460","t":"07:20:45","h":"Ouest","s":"25N-H58NV10S-80-S"},{"r":"460","t":"07:20:45","h":"Ouest","s":"25N-H58NV20S-80-S"},{"r":"460","t":"07:20:45","h":"Ouest","s":"25S-H58S000S-80-S"},{"r":"100","t":"07:21:00","h":"Ouest","s":"25N-H50N000S-80-S"},{"r":"100","t":"07:21:00","h":"Ouest","s":"25N-H50N000S-90-S"},{"r":"100","t":"07:21:00","h":"Ouest","s":"25N-H50NV10S-90-S"},{"r":"100","t":"07:21:00","h":"Ouest","s":"25N-H50NV20S-90-S"},{"r":"100","t":"07:21:00","h":"Ouest","s":"25S-H50S000S-81-S"},{"r":"460","t":"07:22:45","h":"Ouest","s":"25N-H58N200F-80-F2"},{"r":"460","t":"07:22:45","h":"Ouest","s":"25N-H58N400F-80-F4"},{"r":"460","t":"07:22:45","h":"Ouest","s":"25S-H58S100F-80-F1"},{"r":"460","t":"07:22:45","h":"Ouest","s":"25S-H58S200F-80-F2"},{"r":"460","t":"07:23:45","h":"Ouest","s":"25N-H58N000S-80-S"},{"r":"460","t":"07:23:45","h":"Ouest","s":"25N-H58NV10S-80-S"},{"r":"460","t":"07:23:45","h":"Ouest","s":"25N-H58NV20S-80-S"},{"r":"460","t":"07:23:45","h":"Ouest","s":"25S-H58S000S-80-S"},{"r":"460","t":"07:26:45","h":"Ouest","s":"25N-H58N000S-80-S"},{"r":"460","t":"07:26:45","h":"Ouest","s":"25N-H58NV10S-80-S"},{"r":"460","t":"07:26:45","h":"Ouest","s":"25N-H58NV20S-80-S"},{"r":"460","t":"07:26:45","h":"Ouest","s":"25S-H58S000S-80-S"},{"r":"100","t":"07:28:00","h":"Ouest","s":"25N-H50N000S-80-S"},{"r":"100","t":"07:28:00","h":"Ouest","s":"25N-H50N000S-90-S"},{"r":"100","t":"07:28:00","h":"Ouest","s":"25N-H50NV10S-90-S"},{"r":"100","t":"07:28:00","h":"Ouest","s":"25N-H50NV20S-90-S"},{"r":"100","t":"07:28:00","h":"Ouest","s":"25S-H50S000S-81-S"},{"r":"460","t":"07:29:45","h":"Ouest","s":"25N-H60N000S-80-S"},{"r":"460","t":"07:29:45","h":"Ouest","s":"25N-H60N000S-98-S"},{"r":"460","t":"07:29:45","h":"Ouest","s":"25N-H60NV10S-98-S"},{"r":"460","t":"07:29:45","h":"Ouest","s":"25N-H60NV20S-98-S"},{"r":"460","t":"07:29:45","h":"Ouest","s":"25S-H60S000S-80-S"},{"r":"460","t":"07:30:45","h":"Ouest","s":"25N-H58N200F-80-F2"},{"r":"460","t":"07:30:45","h":"Ouest","s":"25N-H58N400F-80-F4"},{"r":"460","t":"07:30:45","h":"Ouest","s":"25S-H58S100F-80-F1"},{"r":"460","t":"07:30:45","h":"Ouest","s":"25S-H58S200F-80-F2"},{"r":"460","t":"07:32:45","h":"Ouest","s":"25N-H58N000S-80-S"},{"r":"460","t":"07:32:45","h":"Ouest","s":"25N-H58NV10S-80-S"},{"r":"460","t":"07:32:45","h":"Ouest","s":"25N-H58NV20S-80-S"},{"r":"460","t":"07:32:45","h":"Ouest","s":"25S-H58S000S-80-S"},{"r":"100","t":"07:35:00","h":"Ouest","s":"25N-H50N000S-80-S"},{"r":"100","t":"07:35:00","h":"Ouest","s":"25N-H50N000S-90-S"},{"r":"100","t":"07:35:00","h":"Ouest","s":"25N-H50NV10S-90-S"},{"r":"100","t":"07:35:00","h":"Ouest","s":"25N-H50NV20S-90-S"},{"r":"100","t":"07:35:00","h":"Ouest","s":"25S-H50S000S-81-S"},{"r":"460","t":"07:38:45","h":"Ouest","s":"25N-H58N000S-80-S"},{"r":"460","t":"07:38:45","h":"Ouest","s":"25N-H58NV10S-80-S"},{"r":"460","t":"07:38:45","h":"Ouest","s":"25N-H58NV20S-80-S"},{"r":"460","t":"07:38:45","h":"Ouest","s":"25S-H58S000S-80-S"},{"r":"100","t":"07:40:00","h":"Ouest","s":"25N-H50N000A-80-A"},{"r":"100","t":"07:40:00","h":"Ouest","s":"25N-H50N000A-90-A"},{"r":"100","t":"07:40:00","h":"Ouest","s":"25N-H50N000I-80-I"},{"r":"100","t":"07:40:00","h":"Ouest","s":"25N-H50N000I-90-I"},{"r":"100","t":"07:40:00","h":"Ouest","s":"25N-H50N100F-90-F1"},{"r":"100","t":"07:40:00","h":"Ouest","s":"25N-H50N200F-90-F2"},{"r":"100","t":"07:40:00","h":"Ouest","s":"25N-H50N300F-90-F3"},{"r":"100","t":"07:40:00","h":"Ouest","s":"25N-H50N400F-90-F4"},{"r":"100","t":"07:40:00","h":"Ouest","s":"25N-H50NV10A-90-A"},{"r":"100","t":"07:40:00","h":"Ouest","s":"25N-H50NV10I-90-I"},{"r":"100","t":"07:40:00","h":"Ouest","s":"25N-H50NV20A-90-A"},{"r":"100","t":"07:40:00","h":"Ouest","s":"25N-H50NV20I-90-I"},{"r":"100","t":"07:40:00","h":"Ouest","s":"25S-H50S000A-81-A"},{"r":"100","t":"07:40:00","h":"Ouest","s":"25S-H50S000I-81-I"},{"r":"100","t":"07:40:00","h":"Ouest","s":"25S-H50S100F-80-F1"},{"r":"100","t":"07:40:00","h":"Ouest","s":"25S-H50S200F-80-F2"},{"r":"460","t":"07:40:45","h":"Ouest","s":"25N-H58N200F-80-F2"},{"r":"460","t":"07:40:45","h":"Ouest","s":"25N-H58N400F-80-F4"},{"r":"460","t":"07:40:45","h":"Ouest","s":"25S-H58S100F-80-F1"},{"r":"460","t":"07:40:45","h":"Ouest","s":"25S-H58S200F-80-F2"},{"r":"460","t":"07:41:45","h":"Ouest","s":"25N-H58N000S-80-S"},{"r":"460","t":"07:41:45","h":"Ouest","s":"25N-H58NV10S-80-S"},{"r":"460","t":"07:41:45","h":"Ouest","s":"25N-H58NV20S-80-S"},{"r":"460","t":"07:41:45","h":"Ouest","s":"25S-H58S000S-80-S"},{"r":"100","t":"07:44:00","h":"Ouest","s":"25N-H50N000S-80-S"},{"r":"100","t":"07:44:00","h":"Ouest","s":"25N-H50N000S-90-S"},{"r":"100","t":"07:44:00","h":"Ouest","s":"25N-H50NV10S-90-S"},{"r":"100","t":"07:44:00","h":"Ouest","s":"25N-H50NV20S-90-S"},{"r":"100","t":"07:44:00","h":"Ouest","s":"25S-H50S000S-81-S"},{"r":"460","t":"07:44:45","h":"Ouest","s":"25N-H58N000S-80-S"},{"r":"460","t":"07:44:45","h":"Ouest","s":"25N-H58NV10S-80-S"},{"r":"460","t":"07:44:45","h":"Ouest","s":"25N-H58NV20S-80-S"},{"r":"460","t":"07:44:45","h":"Ouest","s":"25S-H58S000S-80-S"},{"r":"460","t":"07:47:45","h":"Ouest","s":"25N-H58N000S-80-S"},{"r":"460","t":"07:47:45","h":"Ouest","s":"25N-H58NV10S-80-S"},{"r":"460","t":"07:47:45","h":"Ouest","s":"25N-H58NV20S-80-S"},{"r":"460","t":"07:47:45","h":"Ouest","s":"25S-H58S000S-80-S"},{"r":"460","t":"07:50:45","h":"Ouest","s":"25N-H58N200F-80-F2"},{"r":"460","t":"07:50:45","h":"Ouest","s":"25N-H58N400F-80-F4"},{"r":"460","t":"07:50:45","h":"Ouest","s":"25S-H58S100F-80-F1"},{"r":"460","t":"07:50:45","h":"Ouest","s":"25S-H58S200F-80-F2"},{"r":"460","t":"07:53:45","h":"Ouest","s":"25N-H58N000S-80-S"},{"r":"460","t":"07:53:45","h":"Ouest","s":"25N-H58NV10S-80-S"},{"r":"460","t":"07:53:45","h":"Ouest","s":"25N-H58NV20S-80-S"},{"r":"460","t":"07:53:45","h":"Ouest","s":"25S-H58S000S-80-S"},{"r":"100","t":"07:54:00","h":"Ouest","s":"25N-H50N000S-80-S"},{"r":"100","t":"07:54:00","h":"Ouest","s":"25N-H50N000S-90-S"},{"r":"100","t":"07:54:00","h":"Ouest","s":"25N-H50NV10S-90-S"},{"r":"100","t":"07:54:00","h":"Ouest","s":"25N-H50NV20S-90-S"},{"r":"100","t":"07:54:00","h":"Ouest","s":"25S-H50S000S-81-S"},{"r":"460","t":"07:57:45","h":"Ouest","s":"25N-H58N000S-80-S"},{"r":"460","t":"07:57:45","h":"Ouest","s":"25N-H58NV10S-80-S"},{"r":"460","t":"07:57:45","h":"Ouest","s":"25N-H58NV20S-80-S"},{"r":"460","t":"07:57:45","h":"Ouest","s":"25S-H58S000S-80-S"},{"r":"100","t":"08:00:00","h":"Ouest","s":"25N-H50N000A-80-A"},{"r":"100","t":"08:00:00","h":"Ouest","s":"25N-H50N000A-90-A"},{"r":"100","t":"08:00:00","h":"Ouest","s":"25N-H50NV10A-90-A"},{"r":"100","t":"08:00:00","h":"Ouest","s":"25N-H50NV20A-90-A"},{"r":"100","t":"08:00:00","h":"Ouest","s":"25S-H50S000A-81-A"},{"r":"460","t":"08:00:45","h":"Ouest","s":"25N-H58N000S-80-S"},{"r":"460","t":"08:00:45","h":"Ouest","s":"25N-H58N200F-80-F2"},{"r":"460","t":"08:00:45","h":"Ouest","s":"25N-H58N400F-80-F4"},{"r":"460","t":"08:00:45","h":"Ouest","s":"25N-H58NV10S-80-S"},{"r":"460","t":"08:00:45","h":"Ouest","s":"25N-H58NV20S-80-S"},{"r":"460","t":"08:00:45","h":"Ouest","s":"25S-H58S000S-80-S"},{"r":"460","t":"08:00:45","h":"Ouest","s":"25S-H58S100F-80-F1"},{"r":"460","t":"08:00:45","h":"Ouest","s":"25S-H58S200F-80-F2"},{"r":"100","t":"08:04:00","h":"Ouest","s":"25N-H50N000I-80-I"},{"r":"100","t":"08:04:00","h":"Ouest","s":"25N-H50N000I-90-I"},{"r":"100","t":"08:04:00","h":"Ouest","s":"25N-H50N000S-80-S"},{"r":"100","t":"08:04:00","h":"Ouest","s":"25N-H50N000S-90-S"},{"r":"100","t":"08:04:00","h":"Ouest","s":"25N-H50N100F-90-F1"},{"r":"100","t":"08:04:00","h":"Ouest","s":"25N-H50N200F-90-F2"},{"r":"100","t":"08:04:00","h":"Ouest","s":"25N-H50N300F-90-F3"},{"r":"100","t":"08:04:00","h":"Ouest","s":"25N-H50N400F-90-F4"},{"r":"100","t":"08:04:00","h":"Ouest","s":"25N-H50NV10I-90-I"},{"r":"100","t":"08:04:00","h":"Ouest","s":"25N-H50NV10S-90-S"},{"r":"100","t":"08:04:00","h":"Ouest","s":"25N-H50NV20I-90-I"},{"r":"100","t":"08:04:00","h":"Ouest","s":"25N-H50NV20S-90-S"},{"r":"100","t":"08:04:00","h":"Ouest","s":"25S-H50S000I-81-I"},{"r":"100","t":"08:04:00","h":"Ouest","s":"25S-H50S000S-81-S"},{"r":"100","t":"08:04:00","h":"Ouest","s":"25S-H50S100F-80-F1"},{"r":"100","t":"08:04:00","h":"Ouest","s":"25S-H50S200F-80-F2"},{"r":"460","t":"08:05:45","h":"Ouest","s":"25N-H58N000S-80-S"},{"r":"460","t":"08:05:45","h":"Ouest","s":"25N-H58NV10S-80-S"},{"r":"460","t":"08:05:45","h":"Ouest","s":"25N-H58NV20S-80-S"},{"r":"460","t":"08:05:45","h":"Ouest","s":"25S-H58S000S-80-S"},{"r":"460","t":"08:12:45","h":"Ouest","s":"25N-H58N000S-80-S"},{"r":"460","t":"08:12:45","h":"Ouest","s":"25N-H58NV10S-80-S"},{"r":"460","t":"08:12:45","h":"Ouest","s":"25N-H58NV20S-80-S"},{"r":"460","t":"08:12:45","h":"Ouest","s":"25S-H58S000S-80-S"},{"r":"100","t":"08:13:00","h":"Ouest","s":"25N-H50N000S-80-S"},{"r":"100","t":"08:13:00","h":"Ouest","s":"25N-H50N000S-90-S"},{"r":"100","t":"08:13:00","h":"Ouest","s":"25N-H50NV10S-90-S"},{"r":"100","t":"08:13:00","h":"Ouest","s":"25N-H50NV20S-90-S"},{"r":"100","t":"08:13:00","h":"Ouest","s":"25S-H50S000S-81-S"},{"r":"460","t":"08:17:45","h":"Ouest","s":"25N-H58N200F-80-F2"},{"r":"460","t":"08:17:45","h":"Ouest","s":"25N-H58N400F-80-F4"},{"r":"460","t":"08:17:45","h":"Ouest","s":"25S-H58S100F-80-F1"},{"r":"460","t":"08:17:45","h":"Ouest","s":"25S-H58S200F-80-F2"},{"r":"100","t":"08:21:00","h":"Ouest","s":"25N-H50N000A-80-A"},{"r":"100","t":"08:21:00","h":"Ouest","s":"25N-H50N000A-90-A"},{"r":"100","t":"08:21:00","h":"Ouest","s":"25N-H50NV10A-90-A"},{"r":"100","t":"08:21:00","h":"Ouest","s":"25N-H50NV20A-90-A"},{"r":"100","t":"08:21:00","h":"Ouest","s":"25S-H50S000A-81-A"},{"r":"100","t":"08:22:00","h":"Ouest","s":"25N-H50N000S-80-S"},{"r":"100","t":"08:22:00","h":"Ouest","s":"25N-H50N000S-90-S"},{"r":"100","t":"08:22:00","h":"Ouest","s":"25N-H50NV10S-90-S"},{"r":"100","t":"08:22:00","h":"Ouest","s":"25N-H50NV20S-90-S"},{"r":"100","t":"08:22:00","h":"Ouest","s":"25S-H50S000S-81-S"},{"r":"460","t":"08:22:45","h":"Ouest","s":"25N-H58N000S-80-S"},{"r":"460","t":"08:22:45","h":"Ouest","s":"25N-H58NV10S-80-S"},{"r":"460","t":"08:22:45","h":"Ouest","s":"25N-H58NV20S-80-S"},{"r":"460","t":"08:22:45","h":"Ouest","s":"25S-H58S000S-80-S"},{"r":"100","t":"08:24:00","h":"Ouest","s":"25N-H50N000I-80-I"},{"r":"100","t":"08:24:00","h":"Ouest","s":"25N-H50N000I-90-I"},{"r":"100","t":"08:24:00","h":"Ouest","s":"25N-H50N100F-90-F1"},{"r":"100","t":"08:24:00","h":"Ouest","s":"25N-H50N200F-90-F2"},{"r":"100","t":"08:24:00","h":"Ouest","s":"25N-H50N300F-90-F3"},{"r":"100","t":"08:24:00","h":"Ouest","s":"25N-H50N400F-90-F4"},{"r":"100","t":"08:24:00","h":"Ouest","s":"25N-H50NV10I-90-I"},{"r":"100","t":"08:24:00","h":"Ouest","s":"25N-H50NV20I-90-I"},{"r":"100","t":"08:24:00","h":"Ouest","s":"25S-H50S000I-81-I"},{"r":"100","t":"08:24:00","h":"Ouest","s":"25S-H50S100F-80-F1"},{"r":"100","t":"08:24:00","h":"Ouest","s":"25S-H50S200F-80-F2"},{"r":"460","t":"08:28:19","h":"Ouest","s":"25N-H58N000S-80-S"},{"r":"460","t":"08:28:19","h":"Ouest","s":"25N-H58NV10S-80-S"},{"r":"460","t":"08:28:19","h":"Ouest","s":"25N-H58NV20S-80-S"},{"r":"460","t":"08:28:19","h":"Ouest","s":"25S-H58S000S-80-S"},{"r":"460","t":"08:30:19","h":"Ouest","s":"25N-H58N200F-80-F2"},{"r":"460","t":"08:30:19","h":"Ouest","s":"25N-H58N400F-80-F4"},{"r":"460","t":"08:30:19","h":"Ouest","s":"25S-H58S100F-80-F1"},{"r":"460","t":"08:30:19","h":"Ouest","s":"25S-H58S200F-80-F2"},{"r":"100","t":"08:33:00","h":"Ouest","s":"25N-H50N000S-80-S"},{"r":"100","t":"08:33:00","h":"Ouest","s":"25N-H50N000S-90-S"},{"r":"100","t":"08:33:00","h":"Ouest","s":"25N-H50NV10S-90-S"},{"r":"100","t":"08:33:00","h":"Ouest","s":"25N-H50NV20S-90-S"},{"r":"100","t":"08:33:00","h":"Ouest","s":"25S-H50S000S-81-S"},{"r":"460","t":"08:36:53","h":"Ouest","s":"25N-H58N000S-80-S"},{"r":"460","t":"08:36:53","h":"Ouest","s":"25N-H58NV10S-80-S"},{"r":"460","t":"08:36:53","h":"Ouest","s":"25N-H58NV20S-80-S"},{"r":"460","t":"08:36:53","h":"Ouest","s":"25S-H58S000S-80-S"},{"r":"100","t":"08:41:00","h":"Ouest","s":"25N-H50N000A-80-A"},{"r":"100","t":"08:41:00","h":"Ouest","s":"25N-H50N000A-90-A"},{"r":"100","t":"08:41:00","h":"Ouest","s":"25N-H50NV10A-90-A"},{"r":"100","t":"08:41:00","h":"Ouest","s":"25N-H50NV20A-90-A"},{"r":"100","t":"08:41:00","h":"Ouest","s":"25S-H50S000A-81-A"},{"r":"460","t":"08:45:53","h":"Ouest","s":"25N-H58N200F-80-F2"},{"r":"460","t":"08:45:53","h":"Ouest","s":"25N-H58N400F-80-F4"},{"r":"460","t":"08:45:53","h":"Ouest","s":"25S-H58S100F-80-F1"},{"r":"460","t":"08:45:53","h":"Ouest","s":"25S-H58S200F-80-F2"},{"r":"100","t":"08:46:00","h":"Ouest","s":"25N-H50N000S-80-S"},{"r":"100","t":"08:46:00","h":"Ouest","s":"25N-H50N000S-90-S"},{"r":"100","t":"08:46:00","h":"Ouest","s":"25N-H50NV10S-90-S"},{"r":"100","t":"08:46:00","h":"Ouest","s":"25N-H50NV20S-90-S"},{"r":"100","t":"08:46:00","h":"Ouest","s":"25S-H50S000S-81-S"},{"r":"100","t":"08:49:00","h":"Ouest","s":"25N-H50N000I-80-I"},{"r":"100","t":"08:49:00","h":"Ouest","s":"25N-H50N000I-90-I"},{"r":"100","t":"08:49:00","h":"Ouest","s":"25N-H50N100F-90-F1"},{"r":"100","t":"08:49:00","h":"Ouest","s":"25N-H50N200F-90-F2"},{"r":"100","t":"08:49:00","h":"Ouest","s":"25N-H50N300F-90-F3"},{"r":"100","t":"08:49:00","h":"Ouest","s":"25N-H50N400F-90-F4"},{"r":"100","t":"08:49:00","h":"Ouest","s":"25N-H50NV10I-90-I"},{"r":"100","t":"08:49:00","h":"Ouest","s":"25N-H50NV20I-90-I"},{"r":"100","t":"08:49:00","h":"Ouest","s":"25S-H50S000I-81-I"},{"r":"100","t":"08:49:00","h":"Ouest","s":"25S-H50S100F-80-F1"},{"r":"100","t":"08:49:00","h":"Ouest","s":"25S-H50S200F-80-F2"},{"r":"460","t":"08:57:27","h":"Ouest","s":"25N-H58N000S-80-S"},{"r":"460","t":"08:57:27","h":"Ouest","s":"25N-H58NV10S-80-S"},{"r":"460","t":"08:57:27","h":"Ouest","s":"25N-H58NV20S-80-S"},{"r":"460","t":"08:57:27","h":"Ouest","s":"25S-H58S000S-80-S"},{"r":"100","t":"09:00:00","h":"Ouest","s":"25N-H50N000S-80-S"},{"r":"100","t":"09:00:00","h":"Ouest","s":"25N-H50N000S-90-S"},{"r":"100","t":"09:00:00","h":"Ouest","s":"25N-H50NV10S-90-S"},{"r":"100","t":"09:00:00","h":"Ouest","s":"25N-H50NV20S-90-S"},{"r":"100","t":"09:00:00","h":"Ouest","s":"25S-H50S000S-81-S"},{"r":"100","t":"09:01:00","h":"Ouest","s":"25N-H50N000A-80-A"},{"r":"100","t":"09:01:00","h":"Ouest","s":"25N-H50N000A-90-A"},{"r":"100","t":"09:01:00","h":"Ouest","s":"25N-H50NV10A-90-A"},{"r":"100","t":"09:01:00","h":"Ouest","s":"25N-H50NV20A-90-A"},{"r":"100","t":"09:01:00","h":"Ouest","s":"25S-H50S000A-81-A"},{"r":"460","t":"09:06:01","h":"Ouest","s":"25N-H58N200F-80-F2"},{"r":"460","t":"09:06:01","h":"Ouest","s":"25N-H58N400F-80-F4"},{"r":"460","t":"09:06:01","h":"Ouest","s":"25S-H58S100F-80-F1"},{"r":"460","t":"09:06:01","h":"Ouest","s":"25S-H58S200F-80-F2"},{"r":"100","t":"09:17:00","h":"Ouest","s":"25N-H50N000I-80-I"},{"r":"100","t":"09:17:00","h":"Ouest","s":"25N-H50N000I-90-I"},{"r":"100","t":"09:17:00","h":"Ouest","s":"25N-H50N100F-90-F1"},{"r":"100","t":"09:17:00","h":"Ouest","s":"25N-H50N200F-90-F2"},{"r":"100","t":"09:17:00","h":"Ouest","s":"25N-H50N300F-90-F3"},{"r":"100","t":"09:17:00","h":"Ouest","s":"25N-H50N400F-90-F4"},{"r":"100","t":"09:17:00","h":"Ouest","s":"25N-H50NV10I-90-I"},{"r":"100","t":"09:17:00","h":"Ouest","s":"25N-H50NV20I-90-I"},{"r":"100","t":"09:17:00","h":"Ouest","s":"25S-H50S000I-81-I"},{"r":"100","t":"09:17:00","h":"Ouest","s":"25S-H50S100F-80-F1"},{"r":"100","t":"09:17:00","h":"Ouest","s":"25S-H50S200F-80-F2"},{"r":"100","t":"09:20:00","h":"Ouest","s":"25N-H50N000S-80-S"},{"r":"100","t":"09:20:00","h":"Ouest","s":"25N-H50N000S-90-S"},{"r":"100","t":"09:20:00","h":"Ouest","s":"25N-H50NV10S-90-S"},{"r":"100","t":"09:20:00","h":"Ouest","s":"25N-H50NV20S-90-S"},{"r":"100","t":"09:20:00","h":"Ouest","s":"25S-H50S000S-81-S"},{"r":"100","t":"09:21:00","h":"Ouest","s":"25N-H50N000A-80-A"},{"r":"100","t":"09:21:00","h":"Ouest","s":"25N-H50N000A-90-A"},{"r":"100","t":"09:21:00","h":"Ouest","s":"25N-H50NV10A-90-A"},{"r":"100","t":"09:21:00","h":"Ouest","s":"25N-H50NV20A-90-A"},{"r":"100","t":"09:21:00","h":"Ouest","s":"25S-H50S000A-81-A"},{"r":"460","t":"09:21:01","h":"Ouest","s":"25N-H58N000S-80-S"},{"r":"460","t":"09:21:01","h":"Ouest","s":"25N-H58NV10S-80-S"},{"r":"460","t":"09:21:01","h":"Ouest","s":"25N-H58NV20S-80-S"},{"r":"460","t":"09:21:01","h":"Ouest","s":"25S-H58S000S-80-S"},{"r":"460","t":"09:27:01","h":"Ouest","s":"25N-H58N200F-80-F2"},{"r":"460","t":"09:27:01","h":"Ouest","s":"25N-H58N400F-80-F4"},{"r":"460","t":"09:27:01","h":"Ouest","s":"25S-H58S100F-80-F1"},{"r":"460","t":"09:27:01","h":"Ouest","s":"25S-H58S200F-80-F2"},{"r":"100","t":"09:41:00","h":"Ouest","s":"25N-H50N000A-80-A"},{"r":"100","t":"09:41:00","h":"Ouest","s":"25N-H50N000A-90-A"},{"r":"100","t":"09:41:00","h":"Ouest","s":"25N-H50NV10A-90-A"},{"r":"100","t":"09:41:00","h":"Ouest","s":"25N-H50NV20A-90-A"},{"r":"100","t":"09:41:00","h":"Ouest","s":"25S-H50S000A-81-A"},{"r":"100","t":"09:44:00","h":"Ouest","s":"25N-H50N000S-80-S"},{"r":"100","t":"09:44:00","h":"Ouest","s":"25N-H50N000S-90-S"},{"r":"100","t":"09:44:00","h":"Ouest","s":"25N-H50NV10S-90-S"},{"r":"100","t":"09:44:00","h":"Ouest","s":"25N-H50NV20S-90-S"},{"r":"100","t":"09:44:00","h":"Ouest","s":"25S-H50S000S-81-S"},{"r":"100","t":"09:46:00","h":"Ouest","s":"25N-H50N000I-80-I"},{"r":"100","t":"09:46:00","h":"Ouest","s":"25N-H50N000I-90-I"},{"r":"100","t":"09:46:00","h":"Ouest","s":"25N-H50N100F-90-F1"},{"r":"100","t":"09:46:00","h":"Ouest","s":"25N-H50N200F-90-F2"},{"r":"100","t":"09:46:00","h":"Ouest","s":"25N-H50N300F-90-F3"},{"r":"100","t":"09:46:00","h":"Ouest","s":"25N-H50N400F-90-F4"},{"r":"100","t":"09:46:00","h":"Ouest","s":"25N-H50NV10I-90-I"},{"r":"100","t":"09:46:00","h":"Ouest","s":"25N-H50NV20I-90-I"},{"r":"100","t":"09:46:00","h":"Ouest","s":"25S-H50S000I-81-I"},{"r":"100","t":"09:46:00","h":"Ouest","s":"25S-H50S100F-80-F1"},{"r":"100","t":"09:46:00","h":"Ouest","s":"25S-H50S200F-80-F2"},{"r":"460","t":"09:46:01","h":"Ouest","s":"25N-H58N000S-80-S"},{"r":"460","t":"09:46:01","h":"Ouest","s":"25N-H58NV10S-80-S"},{"r":"460","t":"09:46:01","h":"Ouest","s":"25N-H58NV20S-80-S"},{"r":"460","t":"09:46:01","h":"Ouest","s":"25S-H58S000S-80-S"},{"r":"460","t":"09:48:01","h":"Ouest","s":"25N-H58N200F-80-F2"},{"r":"460","t":"09:48:01","h":"Ouest","s":"25N-H58N400F-80-F4"},{"r":"460","t":"09:48:01","h":"Ouest","s":"25S-H58S100F-80-F1"},{"r":"460","t":"09:48:01","h":"Ouest","s":"25S-H58S200F-80-F2"},{"r":"100","t":"10:02:00","h":"Ouest","s":"25N-H50N000A-80-A"},{"r":"100","t":"10:02:00","h":"Ouest","s":"25N-H50N000A-90-A"},{"r":"100","t":"10:02:00","h":"Ouest","s":"25N-H50NV10A-90-A"},{"r":"100","t":"10:02:00","h":"Ouest","s":"25N-H50NV20A-90-A"},{"r":"100","t":"10:02:00","h":"Ouest","s":"25S-H50S000A-81-A"},{"r":"460","t":"10:08:01","h":"Ouest","s":"25N-H59N000S-80-S"},{"r":"460","t":"10:08:01","h":"Ouest","s":"25N-H59NV10S-84-S"},{"r":"460","t":"10:08:01","h":"Ouest","s":"25N-H59NV20S-80-S"},{"r":"460","t":"10:08:01","h":"Ouest","s":"25S-H59S000S-81-S"},{"r":"100","t":"10:09:00","h":"Ouest","s":"25N-H50N000S-80-S"},{"r":"100","t":"10:09:00","h":"Ouest","s":"25N-H50N000S-90-S"},{"r":"100","t":"10:09:00","h":"Ouest","s":"25N-H50NV10S-90-S"},{"r":"100","t":"10:09:00","h":"Ouest","s":"25N-H50NV20S-90-S"},{"r":"100","t":"10:09:00","h":"Ouest","s":"25S-H50S000S-81-S"},{"r":"100","t":"10:15:00","h":"Ouest","s":"25N-H50N000I-80-I"},{"r":"100","t":"10:15:00","h":"Ouest","s":"25N-H50N000I-90-I"},{"r":"100","t":"10:15:00","h":"Ouest","s":"25N-H50N100F-90-F1"},{"r":"100","t":"10:15:00","h":"Ouest","s":"25N-H50N200F-90-F2"},{"r":"100","t":"10:15:00","h":"Ouest","s":"25N-H50N300F-90-F3"},{"r":"100","t":"10:15:00","h":"Ouest","s":"25N-H50N400F-90-F4"},{"r":"100","t":"10:15:00","h":"Ouest","s":"25N-H50NV10I-90-I"},{"r":"100","t":"10:15:00","h":"Ouest","s":"25N-H50NV20I-90-I"},{"r":"100","t":"10:15:00","h":"Ouest","s":"25S-H50S000I-81-I"},{"r":"100","t":"10:15:00","h":"Ouest","s":"25S-H50S100F-80-F1"},{"r":"100","t":"10:15:00","h":"Ouest","s":"25S-H50S200F-80-F2"},{"r":"100","t":"10:23:00","h":"Ouest","s":"25N-H50N000A-80-A"},{"r":"100","t":"10:23:00","h":"Ouest","s":"25N-H50N000A-90-A"},{"r":"100","t":"10:23:00","h":"Ouest","s":"25N-H50NV10A-90-A"},{"r":"100","t":"10:23:00","h":"Ouest","s":"25N-H50NV20A-90-A"},{"r":"100","t":"10:23:00","h":"Ouest","s":"25S-H50S000A-81-A"},{"r":"100","t":"10:35:00","h":"Ouest","s":"25N-H50N000S-80-S"},{"r":"100","t":"10:35:00","h":"Ouest","s":"25N-H50N000S-90-S"},{"r":"100","t":"10:35:00","h":"Ouest","s":"25N-H50NV10S-90-S"},{"r":"100","t":"10:35:00","h":"Ouest","s":"25N-H50NV20S-90-S"},{"r":"100","t":"10:35:00","h":"Ouest","s":"25S-H50S000S-81-S"},{"r":"100","t":"10:43:00","h":"Ouest","s":"25N-H50N000I-80-I"},{"r":"100","t":"10:43:00","h":"Ouest","s":"25N-H50N000I-90-I"},{"r":"100","t":"10:43:00","h":"Ouest","s":"25N-H50N100F-90-F1"},{"r":"100","t":"10:43:00","h":"Ouest","s":"25N-H50N200F-90-F2"},{"r":"100","t":"10:43:00","h":"Ouest","s":"25N-H50N300F-90-F3"},{"r":"100","t":"10:43:00","h":"Ouest","s":"25N-H50N400F-90-F4"},{"r":"100","t":"10:43:00","h":"Ouest","s":"25N-H50NV10I-90-I"},{"r":"100","t":"10:43:00","h":"Ouest","s":"25N-H50NV20I-90-I"},{"r":"100","t":"10:43:00","h":"Ouest","s":"25S-H50S000I-81-I"},{"r":"100","t":"10:43:00","h":"Ouest","s":"25S-H50S100F-80-F1"},{"r":"100","t":"10:43:00","h":"Ouest","s":"25S-H50S200F-80-F2"},{"r":"100","t":"10:45:00","h":"Ouest","s":"25N-H50N000A-80-A"},{"r":"100","t":"10:45:00","h":"Ouest","s":"25N-H50N000A-90-A"},{"r":"100","t":"10:45:00","h":"Ouest","s":"25N-H50NV10A-90-A"},{"r":"100","t":"10:45:00","h":"Ouest","s":"25N-H50NV20A-90-A"},{"r":"100","t":"10:45:00","h":"Ouest","s":"25S-H50S000A-81-A"},{"r":"100","t":"11:01:00","h":"Ouest","s":"25N-H50N000S-80-S"},{"r":"100","t":"11:01:00","h":"Ouest","s":"25N-H50N000S-90-S"},{"r":"100","t":"11:01:00","h":"Ouest","s":"25N-H50NV10S-90-S"},{"r":"100","t":"11:01:00","h":"Ouest","s":"25N-H50NV20S-90-S"},{"r":"100","t":"11:01:00","h":"Ouest","s":"25S-H50S000S-81-S"},{"r":"100","t":"11:05:00","h":"Ouest","s":"25N-H50N000A-80-A"},{"r":"100","t":"11:05:00","h":"Ouest","s":"25N-H50N000A-90-A"},{"r":"100","t":"11:05:00","h":"Ouest","s":"25N-H50NV10A-90-A"},{"r":"100","t":"11:05:00","h":"Ouest","s":"25N-H50NV20A-90-A"},{"r":"100","t":"11:05:00","h":"Ouest","s":"25S-H50S000A-81-A"},{"r":"100","t":"11:06:00","h":"Ouest","s":"25N-H50N000I-80-I"},{"r":"100","t":"11:06:00","h":"Ouest","s":"25N-H50N000I-90-I"},{"r":"100","t":"11:06:00","h":"Ouest","s":"25N-H50N100F-90-F1"},{"r":"100","t":"11:06:00","h":"Ouest","s":"25N-H50N200F-90-F2"},{"r":"100","t":"11:06:00","h":"Ouest","s":"25N-H50N300F-90-F3"},{"r":"100","t":"11:06:00","h":"Ouest","s":"25N-H50N400F-90-F4"},{"r":"100","t":"11:06:00","h":"Ouest","s":"25N-H50NV10I-90-I"},{"r":"100","t":"11:06:00","h":"Ouest","s":"25N-H50NV20I-90-I"},{"r":"100","t":"11:06:00","h":"Ouest","s":"25S-H50S000I-81-I"},{"r":"100","t":"11:06:00","h":"Ouest","s":"25S-H50S100F-80-F1"},{"r":"100","t":"11:06:00","h":"Ouest","s":"25S-H50S200F-80-F2"},{"r":"100","t":"11:26:00","h":"Ouest","s":"25N-H50N000A-80-A"},{"r":"100","t":"11:26:00","h":"Ouest","s":"25N-H50N000A-90-A"},{"r":"100","t":"11:26:00","h":"Ouest","s":"25N-H50NV10A-90-A"},{"r":"100","t":"11:26:00","h":"Ouest","s":"25N-H50NV20A-90-A"},{"r":"100","t":"11:26:00","h":"Ouest","s":"25S-H50S000A-81-A"},{"r":"100","t":"11:27:00","h":"Ouest","s":"25N-H50N000S-80-S"},{"r":"100","t":"11:27:00","h":"Ouest","s":"25N-H50N000S-90-S"},{"r":"100","t":"11:27:00","h":"Ouest","s":"25N-H50NV10S-90-S"},{"r":"100","t":"11:27:00","h":"Ouest","s":"25N-H50NV20S-90-S"},{"r":"100","t":"11:27:00","h":"Ouest","s":"25S-H50S000S-81-S"},{"r":"100","t":"11:29:00","h":"Ouest","s":"25N-H50N000I-80-I"},{"r":"100","t":"11:29:00","h":"Ouest","s":"25N-H50N000I-90-I"},{"r":"100","t":"11:29:00","h":"Ouest","s":"25N-H50N100F-90-F1"},{"r":"100","t":"11:29:00","h":"Ouest","s":"25N-H50N200F-90-F2"},{"r":"100","t":"11:29:00","h":"Ouest","s":"25N-H50N300F-90-F3"},{"r":"100","t":"11:29:00","h":"Ouest","s":"25N-H50N400F-90-F4"},{"r":"100","t":"11:29:00","h":"Ouest","s":"25N-H50NV10I-90-I"},{"r":"100","t":"11:29:00","h":"Ouest","s":"25N-H50NV20I-90-I"},{"r":"100","t":"11:29:00","h":"Ouest","s":"25S-H50S000I-81-I"},{"r":"100","t":"11:29:00","h":"Ouest","s":"25S-H50S100F-80-F1"},{"r":"100","t":"11:29:00","h":"Ouest","s":"25S-H50S200F-80-F2"},{"r":"100","t":"11:43:00","h":"Ouest","s":"25N-H50N000A-80-A"},{"r":"100","t":"11:43:00","h":"Ouest","s":"25N-H50N000A-90-A"},{"r":"100","t":"11:43:00","h":"Ouest","s":"25N-H50NV10A-90-A"},{"r":"100","t":"11:43:00","h":"Ouest","s":"25N-H50NV20A-90-A"},{"r":"100","t":"11:43:00","h":"Ouest","s":"25S-H50S000A-81-A"},{"r":"100","t":"11:53:00","h":"Ouest","s":"25N-H50N000I-80-I"},{"r":"100","t":"11:53:00","h":"Ouest","s":"25N-H50N000I-90-I"},{"r":"100","t":"11:53:00","h":"Ouest","s":"25N-H50N000S-80-S"},{"r":"100","t":"11:53:00","h":"Ouest","s":"25N-H50N000S-90-S"},{"r":"100","t":"11:53:00","h":"Ouest","s":"25N-H50N100F-90-F1"},{"r":"100","t":"11:53:00","h":"Ouest","s":"25N-H50N200F-90-F2"},{"r":"100","t":"11:53:00","h":"Ouest","s":"25N-H50N300F-90-F3"},{"r":"100","t":"11:53:00","h":"Ouest","s":"25N-H50N400F-90-F4"},{"r":"100","t":"11:53:00","h":"Ouest","s":"25N-H50NV10I-90-I"},{"r":"100","t":"11:53:00","h":"Ouest","s":"25N-H50NV10S-90-S"},{"r":"100","t":"11:53:00","h":"Ouest","s":"25N-H50NV20I-90-I"},{"r":"100","t":"11:53:00","h":"Ouest","s":"25N-H50NV20S-90-S"},{"r":"100","t":"11:53:00","h":"Ouest","s":"25S-H50S000I-81-I"},{"r":"100","t":"11:53:00","h":"Ouest","s":"25S-H50S000S-81-S"},{"r":"100","t":"11:53:00","h":"Ouest","s":"25S-H50S100F-80-F1"},{"r":"100","t":"11:53:00","h":"Ouest","s":"25S-H50S200F-80-F2"},{"r":"100","t":"12:02:00","h":"Ouest","s":"25N-H50N000A-80-A"},{"r":"100","t":"12:02:00","h":"Ouest","s":"25N-H50N000A-90-A"},{"r":"100","t":"12:02:00","h":"Ouest","s":"25N-H50NV10A-90-A"},{"r":"100","t":"12:02:00","h":"Ouest","s":"25N-H50NV20A-90-A"},{"r":"100","t":"12:02:00","h":"Ouest","s":"25S-H50S000A-81-A"},{"r":"100","t":"12:17:00","h":"Ouest","s":"25N-H50N000I-80-I"},{"r":"100","t":"12:17:00","h":"Ouest","s":"25N-H50N000I-90-I"},{"r":"100","t":"12:17:00","h":"Ouest","s":"25N-H50N100F-90-F1"},{"r":"100","t":"12:17:00","h":"Ouest","s":"25N-H50N200F-90-F2"},{"r":"100","t":"12:17:00","h":"Ouest","s":"25N-H50N300F-90-F3"},{"r":"100","t":"12:17:00","h":"Ouest","s":"25N-H50N400F-90-F4"},{"r":"100","t":"12:17:00","h":"Ouest","s":"25N-H50NV10I-90-I"},{"r":"100","t":"12:17:00","h":"Ouest","s":"25N-H50NV20I-90-I"},{"r":"100","t":"12:17:00","h":"Ouest","s":"25S-H50S000I-81-I"},{"r":"100","t":"12:17:00","h":"Ouest","s":"25S-H50S100F-80-F1"},{"r":"100","t":"12:17:00","h":"Ouest","s":"25S-H50S200F-80-F2"},{"r":"100","t":"12:19:00","h":"Ouest","s":"25N-H50N000S-80-S"},{"r":"100","t":"12:19:00","h":"Ouest","s":"25N-H50N000S-90-S"},{"r":"100","t":"12:19:00","h":"Ouest","s":"25N-H50NV10S-90-S"},{"r":"100","t":"12:19:00","h":"Ouest","s":"25N-H50NV20S-90-S"},{"r":"100","t":"12:19:00","h":"Ouest","s":"25S-H50S000S-81-S"},{"r":"100","t":"12:20:00","h":"Ouest","s":"25N-H50N000A-80-A"},{"r":"100","t":"12:20:00","h":"Ouest","s":"25N-H50N000A-90-A"},{"r":"100","t":"12:20:00","h":"Ouest","s":"25N-H50NV10A-90-A"},{"r":"100","t":"12:20:00","h":"Ouest","s":"25N-H50NV20A-90-A"},{"r":"100","t":"12:20:00","h":"Ouest","s":"25S-H50S000A-81-A"},{"r":"100","t":"12:38:00","h":"Ouest","s":"25N-H50N000A-80-A"},{"r":"100","t":"12:38:00","h":"Ouest","s":"25N-H50N000A-90-A"},{"r":"100","t":"12:38:00","h":"Ouest","s":"25N-H50NV10A-90-A"},{"r":"100","t":"12:38:00","h":"Ouest","s":"25N-H50NV20A-90-A"},{"r":"100","t":"12:38:00","h":"Ouest","s":"25S-H50S000A-81-A"},{"r":"100","t":"12:41:00","h":"Ouest","s":"25N-H50N000I-80-I"},{"r":"100","t":"12:41:00","h":"Ouest","s":"25N-H50N000I-90-I"},{"r":"100","t":"12:41:00","h":"Ouest","s":"25N-H50N000S-80-S"},{"r":"100","t":"12:41:00","h":"Ouest","s":"25N-H50N000S-90-S"},{"r":"100","t":"12:41:00","h":"Ouest","s":"25N-H50N100F-90-F1"},{"r":"100","t":"12:41:00","h":"Ouest","s":"25N-H50N200F-90-F2"},{"r":"100","t":"12:41:00","h":"Ouest","s":"25N-H50N300F-90-F3"},{"r":"100","t":"12:41:00","h":"Ouest","s":"25N-H50N400F-90-F4"},{"r":"100","t":"12:41:00","h":"Ouest","s":"25N-H50NV10I-90-I"},{"r":"100","t":"12:41:00","h":"Ouest","s":"25N-H50NV10S-90-S"},{"r":"100","t":"12:41:00","h":"Ouest","s":"25N-H50NV20I-90-I"},{"r":"100","t":"12:41:00","h":"Ouest","s":"25N-H50NV20S-90-S"},{"r":"100","t":"12:41:00","h":"Ouest","s":"25S-H50S000I-81-I"},{"r":"100","t":"12:41:00","h":"Ouest","s":"25S-H50S000S-81-S"},{"r":"100","t":"12:41:00","h":"Ouest","s":"25S-H50S100F-80-F1"},{"r":"100","t":"12:41:00","h":"Ouest","s":"25S-H50S200F-80-F2"},{"r":"100","t":"12:57:00","h":"Ouest","s":"25N-H50N000A-80-A"},{"r":"100","t":"12:57:00","h":"Ouest","s":"25N-H50N000A-90-A"},{"r":"100","t":"12:57:00","h":"Ouest","s":"25N-H50NV10A-90-A"},{"r":"100","t":"12:57:00","h":"Ouest","s":"25N-H50NV20A-90-A"},{"r":"100","t":"12:57:00","h":"Ouest","s":"25S-H50S000A-81-A"},{"r":"100","t":"13:01:00","h":"Ouest","s":"25N-H50N000S-80-S"},{"r":"100","t":"13:01:00","h":"Ouest","s":"25N-H50N000S-90-S"},{"r":"100","t":"13:01:00","h":"Ouest","s":"25N-H50NV10S-90-S"},{"r":"100","t":"13:01:00","h":"Ouest","s":"25N-H50NV20S-90-S"},{"r":"100","t":"13:01:00","h":"Ouest","s":"25S-H50S000S-81-S"},{"r":"100","t":"13:05:00","h":"Ouest","s":"25N-H50N000I-80-I"},{"r":"100","t":"13:05:00","h":"Ouest","s":"25N-H50N000I-90-I"},{"r":"100","t":"13:05:00","h":"Ouest","s":"25N-H50N100F-90-F1"},{"r":"100","t":"13:05:00","h":"Ouest","s":"25N-H50N200F-90-F2"},{"r":"100","t":"13:05:00","h":"Ouest","s":"25N-H50N300F-90-F3"},{"r":"100","t":"13:05:00","h":"Ouest","s":"25N-H50N400F-90-F4"},{"r":"100","t":"13:05:00","h":"Ouest","s":"25N-H50NV10I-90-I"},{"r":"100","t":"13:05:00","h":"Ouest","s":"25N-H50NV20I-90-I"},{"r":"100","t":"13:05:00","h":"Ouest","s":"25S-H50S000I-81-I"},{"r":"100","t":"13:05:00","h":"Ouest","s":"25S-H50S100F-80-F1"},{"r":"100","t":"13:05:00","h":"Ouest","s":"25S-H50S200F-80-F2"},{"r":"100","t":"13:18:00","h":"Ouest","s":"25N-H50N000A-80-A"},{"r":"100","t":"13:18:00","h":"Ouest","s":"25N-H50N000A-90-A"},{"r":"100","t":"13:18:00","h":"Ouest","s":"25N-H50NV10A-90-A"},{"r":"100","t":"13:18:00","h":"Ouest","s":"25N-H50NV20A-90-A"},{"r":"100","t":"13:18:00","h":"Ouest","s":"25S-H50S000A-81-A"},{"r":"100","t":"13:21:00","h":"Ouest","s":"25N-H50N000S-80-S"},{"r":"100","t":"13:21:00","h":"Ouest","s":"25N-H50N000S-90-S"},{"r":"100","t":"13:21:00","h":"Ouest","s":"25N-H50NV10S-90-S"},{"r":"100","t":"13:21:00","h":"Ouest","s":"25N-H50NV20S-90-S"},{"r":"100","t":"13:21:00","h":"Ouest","s":"25S-H50S000S-81-S"},{"r":"100","t":"13:27:00","h":"Ouest","s":"25N-H50N000I-80-I"},{"r":"100","t":"13:27:00","h":"Ouest","s":"25N-H50N000I-90-I"},{"r":"100","t":"13:27:00","h":"Ouest","s":"25N-H50N100F-90-F1"},{"r":"100","t":"13:27:00","h":"Ouest","s":"25N-H50N200F-90-F2"},{"r":"100","t":"13:27:00","h":"Ouest","s":"25N-H50N300F-90-F3"},{"r":"100","t":"13:27:00","h":"Ouest","s":"25N-H50N400F-90-F4"},{"r":"100","t":"13:27:00","h":"Ouest","s":"25N-H50NV10I-90-I"},{"r":"100","t":"13:27:00","h":"Ouest","s":"25N-H50NV20I-90-I"},{"r":"100","t":"13:27:00","h":"Ouest","s":"25S-H50S000I-81-I"},{"r":"100","t":"13:27:00","h":"Ouest","s":"25S-H50S100F-80-F1"},{"r":"100","t":"13:27:00","h":"Ouest","s":"25S-H50S200F-80-F2"},{"r":"100","t":"13:39:00","h":"Ouest","s":"25N-H50N000A-80-A"},{"r":"100","t":"13:39:00","h":"Ouest","s":"25N-H50N000A-90-A"},{"r":"100","t":"13:39:00","h":"Ouest","s":"25N-H50NV10A-90-A"},{"r":"100","t":"13:39:00","h":"Ouest","s":"25N-H50NV20A-90-A"},{"r":"100","t":"13:39:00","h":"Ouest","s":"25S-H50S000A-81-A"},{"r":"100","t":"13:41:00","h":"Ouest","s":"25N-H50N000S-80-S"},{"r":"100","t":"13:41:00","h":"Ouest","s":"25N-H50N000S-90-S"},{"r":"100","t":"13:41:00","h":"Ouest","s":"25N-H50NV10S-90-S"},{"r":"100","t":"13:41:00","h":"Ouest","s":"25N-H50NV20S-90-S"},{"r":"100","t":"13:41:00","h":"Ouest","s":"25S-H50S000S-81-S"},{"r":"100","t":"13:49:00","h":"Ouest","s":"25N-H50N000I-80-I"},{"r":"100","t":"13:49:00","h":"Ouest","s":"25N-H50N000I-90-I"},{"r":"100","t":"13:49:00","h":"Ouest","s":"25N-H50N100F-90-F1"},{"r":"100","t":"13:49:00","h":"Ouest","s":"25N-H50N200F-90-F2"},{"r":"100","t":"13:49:00","h":"Ouest","s":"25N-H50N300F-90-F3"},{"r":"100","t":"13:49:00","h":"Ouest","s":"25N-H50N400F-90-F4"},{"r":"100","t":"13:49:00","h":"Ouest","s":"25N-H50NV10I-90-I"},{"r":"100","t":"13:49:00","h":"Ouest","s":"25N-H50NV20I-90-I"},{"r":"100","t":"13:49:00","h":"Ouest","s":"25S-H50S000I-81-I"},{"r":"100","t":"13:49:00","h":"Ouest","s":"25S-H50S100F-80-F1"},{"r":"100","t":"13:49:00","h":"Ouest","s":"25S-H50S200F-80-F2"},{"r":"100","t":"13:59:00","h":"Ouest","s":"25N-H50N000S-80-S"},{"r":"100","t":"13:59:00","h":"Ouest","s":"25N-H50N000S-90-S"},{"r":"100","t":"13:59:00","h":"Ouest","s":"25N-H50NV10S-90-S"},{"r":"100","t":"13:59:00","h":"Ouest","s":"25N-H50NV20S-90-S"},{"r":"100","t":"13:59:00","h":"Ouest","s":"25S-H50S000S-81-S"},{"r":"100","t":"14:00:00","h":"Ouest","s":"25N-H50N000A-80-A"},{"r":"100","t":"14:00:00","h":"Ouest","s":"25N-H50N000A-90-A"},{"r":"100","t":"14:00:00","h":"Ouest","s":"25N-H50NV10A-90-A"},{"r":"100","t":"14:00:00","h":"Ouest","s":"25N-H50NV20A-90-A"},{"r":"100","t":"14:00:00","h":"Ouest","s":"25S-H50S000A-81-A"},{"r":"100","t":"14:02:00","h":"Ouest","s":"25N-H50N000I-80-I"},{"r":"100","t":"14:02:00","h":"Ouest","s":"25N-H50N000I-90-I"},{"r":"100","t":"14:02:00","h":"Ouest","s":"25N-H50N100F-90-F1"},{"r":"100","t":"14:02:00","h":"Ouest","s":"25N-H50N200F-90-F2"},{"r":"100","t":"14:02:00","h":"Ouest","s":"25N-H50N300F-90-F3"},{"r":"100","t":"14:02:00","h":"Ouest","s":"25N-H50N400F-90-F4"},{"r":"100","t":"14:02:00","h":"Ouest","s":"25N-H50NV10I-90-I"},{"r":"100","t":"14:02:00","h":"Ouest","s":"25N-H50NV20I-90-I"},{"r":"100","t":"14:02:00","h":"Ouest","s":"25S-H50S000I-81-I"},{"r":"100","t":"14:02:00","h":"Ouest","s":"25S-H50S100F-80-F1"},{"r":"100","t":"14:02:00","h":"Ouest","s":"25S-H50S200F-80-F2"},{"r":"100","t":"14:07:00","h":"Ouest","s":"25N-H50N000S-80-S"},{"r":"100","t":"14:07:00","h":"Ouest","s":"25N-H50N000S-90-S"},{"r":"100","t":"14:07:00","h":"Ouest","s":"25N-H50NV10S-90-S"},{"r":"100","t":"14:07:00","h":"Ouest","s":"25N-H50NV20S-90-S"},{"r":"100","t":"14:07:00","h":"Ouest","s":"25S-H50S000S-81-S"},{"r":"100","t":"14:11:00","h":"Ouest","s":"25N-H50N000I-80-I"},{"r":"100","t":"14:11:00","h":"Ouest","s":"25N-H50N000I-90-I"},{"r":"100","t":"14:11:00","h":"Ouest","s":"25N-H50N100F-90-F1"},{"r":"100","t":"14:11:00","h":"Ouest","s":"25N-H50N200F-90-F2"},{"r":"100","t":"14:11:00","h":"Ouest","s":"25N-H50N300F-90-F3"},{"r":"100","t":"14:11:00","h":"Ouest","s":"25N-H50N400F-90-F4"},{"r":"100","t":"14:11:00","h":"Ouest","s":"25N-H50NV10I-90-I"},{"r":"100","t":"14:11:00","h":"Ouest","s":"25N-H50NV20I-90-I"},{"r":"100","t":"14:11:00","h":"Ouest","s":"25S-H50S000I-81-I"},{"r":"100","t":"14:11:00","h":"Ouest","s":"25S-H50S100F-80-F1"},{"r":"100","t":"14:11:00","h":"Ouest","s":"25S-H50S200F-80-F2"},{"r":"100","t":"14:14:00","h":"Ouest","s":"25N-H50N000A-80-A"},{"r":"100","t":"14:14:00","h":"Ouest","s":"25N-H50N000A-90-A"},{"r":"100","t":"14:14:00","h":"Ouest","s":"25N-H50NV10A-90-A"},{"r":"100","t":"14:14:00","h":"Ouest","s":"25N-H50NV20A-90-A"},{"r":"100","t":"14:14:00","h":"Ouest","s":"25N-H57N000S-80-S"},{"r":"100","t":"14:14:00","h":"Ouest","s":"25N-H57NV10S-84-S"},{"r":"100","t":"14:14:00","h":"Ouest","s":"25N-H57NV20S-80-S"},{"r":"100","t":"14:14:00","h":"Ouest","s":"25S-H50S000A-81-A"},{"r":"100","t":"14:14:00","h":"Ouest","s":"25S-H57S000S-82-S"},{"r":"100","t":"14:21:00","h":"Ouest","s":"25N-H50N000A-80-A"},{"r":"100","t":"14:21:00","h":"Ouest","s":"25N-H50N000A-90-A"},{"r":"100","t":"14:21:00","h":"Ouest","s":"25N-H50NV10A-90-A"},{"r":"100","t":"14:21:00","h":"Ouest","s":"25N-H50NV20A-90-A"},{"r":"100","t":"14:21:00","h":"Ouest","s":"25S-H50S000A-81-A"},{"r":"100","t":"14:24:00","h":"Ouest","s":"25N-H57N000S-80-S"},{"r":"100","t":"14:24:00","h":"Ouest","s":"25N-H57NV10S-84-S"},{"r":"100","t":"14:24:00","h":"Ouest","s":"25N-H57NV20S-80-S"},{"r":"100","t":"14:24:00","h":"Ouest","s":"25S-H57S000S-82-S"},{"r":"100","t":"14:28:00","h":"Ouest","s":"25N-H50N000A-80-A"},{"r":"100","t":"14:28:00","h":"Ouest","s":"25N-H50N000A-90-A"},{"r":"100","t":"14:28:00","h":"Ouest","s":"25N-H50NV10A-90-A"},{"r":"100","t":"14:28:00","h":"Ouest","s":"25N-H50NV20A-90-A"},{"r":"100","t":"14:28:00","h":"Ouest","s":"25S-H50S000A-81-A"},{"r":"100","t":"14:32:00","h":"Ouest","s":"25N-H50N000I-80-I"},{"r":"100","t":"14:32:00","h":"Ouest","s":"25N-H50N000I-90-I"},{"r":"100","t":"14:32:00","h":"Ouest","s":"25N-H50N100F-90-F1"},{"r":"100","t":"14:32:00","h":"Ouest","s":"25N-H50N200F-90-F2"},{"r":"100","t":"14:32:00","h":"Ouest","s":"25N-H50N300F-90-F3"},{"r":"100","t":"14:32:00","h":"Ouest","s":"25N-H50N400F-90-F4"},{"r":"100","t":"14:32:00","h":"Ouest","s":"25N-H50NV10I-90-I"},{"r":"100","t":"14:32:00","h":"Ouest","s":"25N-H50NV20I-90-I"},{"r":"100","t":"14:32:00","h":"Ouest","s":"25S-H50S000I-81-I"},{"r":"100","t":"14:32:00","h":"Ouest","s":"25S-H50S100F-80-F1"},{"r":"100","t":"14:32:00","h":"Ouest","s":"25S-H50S200F-80-F2"},{"r":"100","t":"14:38:00","h":"Ouest","s":"25N-H50N000S-80-S"},{"r":"100","t":"14:38:00","h":"Ouest","s":"25N-H50N000S-90-S"},{"r":"100","t":"14:38:00","h":"Ouest","s":"25N-H50NV10S-90-S"},{"r":"100","t":"14:38:00","h":"Ouest","s":"25N-H50NV20S-90-S"},{"r":"100","t":"14:38:00","h":"Ouest","s":"25S-H50S000S-81-S"},{"r":"100","t":"14:50:00","h":"Ouest","s":"25N-H50N000A-80-A"},{"r":"100","t":"14:50:00","h":"Ouest","s":"25N-H50N000A-90-A"},{"r":"100","t":"14:50:00","h":"Ouest","s":"25N-H50NV10A-90-A"},{"r":"100","t":"14:50:00","h":"Ouest","s":"25N-H50NV20A-90-A"},{"r":"100","t":"14:50:00","h":"Ouest","s":"25S-H50S000A-81-A"},{"r":"100","t":"14:56:00","h":"Ouest","s":"25N-H50N000I-80-I"},{"r":"100","t":"14:56:00","h":"Ouest","s":"25N-H50N000I-90-I"},{"r":"100","t":"14:56:00","h":"Ouest","s":"25N-H50N100F-90-F1"},{"r":"100","t":"14:56:00","h":"Ouest","s":"25N-H50N200F-90-F2"},{"r":"100","t":"14:56:00","h":"Ouest","s":"25N-H50N300F-90-F3"},{"r":"100","t":"14:56:00","h":"Ouest","s":"25N-H50N400F-90-F4"},{"r":"100","t":"14:56:00","h":"Ouest","s":"25N-H50NV10I-90-I"},{"r":"100","t":"14:56:00","h":"Ouest","s":"25N-H50NV20I-90-I"},{"r":"100","t":"14:56:00","h":"Ouest","s":"25S-H50S000I-81-I"},{"r":"100","t":"14:56:00","h":"Ouest","s":"25S-H50S100F-80-F1"},{"r":"100","t":"14:56:00","h":"Ouest","s":"25S-H50S200F-80-F2"},{"r":"100","t":"14:58:00","h":"Ouest","s":"25N-H50N000S-80-S"},{"r":"100","t":"14:58:00","h":"Ouest","s":"25N-H50N000S-90-S"},{"r":"100","t":"14:58:00","h":"Ouest","s":"25N-H50NV10S-90-S"},{"r":"100","t":"14:58:00","h":"Ouest","s":"25N-H50NV20S-90-S"},{"r":"100","t":"14:58:00","h":"Ouest","s":"25S-H50S000S-81-S"},{"r":"100","t":"15:20:00","h":"Ouest","s":"25N-H50N000A-80-A"},{"r":"100","t":"15:20:00","h":"Ouest","s":"25N-H50N000A-90-A"},{"r":"100","t":"15:20:00","h":"Ouest","s":"25N-H50NV10A-90-A"},{"r":"100","t":"15:20:00","h":"Ouest","s":"25N-H50NV20A-90-A"},{"r":"100","t":"15:20:00","h":"Ouest","s":"25S-H50S000A-81-A"},{"r":"100","t":"15:25:00","h":"Ouest","s":"25N-H50N000I-80-I"},{"r":"100","t":"15:25:00","h":"Ouest","s":"25N-H50N000I-90-I"},{"r":"100","t":"15:25:00","h":"Ouest","s":"25N-H50N100F-90-F1"},{"r":"100","t":"15:25:00","h":"Ouest","s":"25N-H50N200F-90-F2"},{"r":"100","t":"15:25:00","h":"Ouest","s":"25N-H50N300F-90-F3"},{"r":"100","t":"15:25:00","h":"Ouest","s":"25N-H50N400F-90-F4"},{"r":"100","t":"15:25:00","h":"Ouest","s":"25N-H50NV10I-90-I"},{"r":"100","t":"15:25:00","h":"Ouest","s":"25N-H50NV20I-90-I"},{"r":"100","t":"15:25:00","h":"Ouest","s":"25S-H50S000I-81-I"},{"r":"100","t":"15:25:00","h":"Ouest","s":"25S-H50S100F-80-F1"},{"r":"100","t":"15:25:00","h":"Ouest","s":"25S-H50S200F-80-F2"},{"r":"100","t":"15:27:00","h":"Ouest","s":"25N-H50N000S-80-S"},{"r":"100","t":"15:27:00","h":"Ouest","s":"25N-H50N000S-90-S"},{"r":"100","t":"15:27:00","h":"Ouest","s":"25N-H50NV10S-90-S"},{"r":"100","t":"15:27:00","h":"Ouest","s":"25N-H50NV20S-90-S"},{"r":"100","t":"15:27:00","h":"Ouest","s":"25S-H50S000S-81-S"},{"r":"100","t":"15:49:00","h":"Ouest","s":"25N-H50N000A-80-A"},{"r":"100","t":"15:49:00","h":"Ouest","s":"25N-H50N000A-90-A"},{"r":"100","t":"15:49:00","h":"Ouest","s":"25N-H50NV10A-90-A"},{"r":"100","t":"15:49:00","h":"Ouest","s":"25N-H50NV20A-90-A"},{"r":"100","t":"15:49:00","h":"Ouest","s":"25S-H50S000A-81-A"},{"r":"460","t":"15:52:53","h":"Ouest","s":"25N-H58N000S-80-S"},{"r":"460","t":"15:52:53","h":"Ouest","s":"25N-H58N200F-80-F2"},{"r":"460","t":"15:52:53","h":"Ouest","s":"25N-H58N400F-80-F4"},{"r":"460","t":"15:52:53","h":"Ouest","s":"25N-H58NV10S-80-S"},{"r":"460","t":"15:52:53","h":"Ouest","s":"25N-H58NV20S-80-S"},{"r":"460","t":"15:52:53","h":"Ouest","s":"25S-H58S000S-80-S"},{"r":"460","t":"15:52:53","h":"Ouest","s":"25S-H58S100F-80-F1"},{"r":"460","t":"15:52:53","h":"Ouest","s":"25S-H58S200F-80-F2"},{"r":"100","t":"15:53:00","h":"Ouest","s":"25N-H50N000I-80-I"},{"r":"100","t":"15:53:00","h":"Ouest","s":"25N-H50N000I-90-I"},{"r":"100","t":"15:53:00","h":"Ouest","s":"25N-H50N100F-90-F1"},{"r":"100","t":"15:53:00","h":"Ouest","s":"25N-H50N200F-90-F2"},{"r":"100","t":"15:53:00","h":"Ouest","s":"25N-H50N300F-90-F3"},{"r":"100","t":"15:53:00","h":"Ouest","s":"25N-H50N400F-90-F4"},{"r":"100","t":"15:53:00","h":"Ouest","s":"25N-H50NV10I-90-I"},{"r":"100","t":"15:53:00","h":"Ouest","s":"25N-H50NV20I-90-I"},{"r":"100","t":"15:53:00","h":"Ouest","s":"25S-H50S000I-81-I"},{"r":"100","t":"15:53:00","h":"Ouest","s":"25S-H50S100F-80-F1"},{"r":"100","t":"15:53:00","h":"Ouest","s":"25S-H50S200F-80-F2"},{"r":"100","t":"15:56:00","h":"Ouest","s":"25N-H50N000S-80-S"},{"r":"100","t":"15:56:00","h":"Ouest","s":"25N-H50N000S-90-S"},{"r":"100","t":"15:56:00","h":"Ouest","s":"25N-H50NV10S-90-S"},{"r":"100","t":"15:56:00","h":"Ouest","s":"25N-H50NV20S-90-S"},{"r":"100","t":"15:56:00","h":"Ouest","s":"25S-H50S000S-81-S"},{"r":"100","t":"16:18:00","h":"Ouest","s":"25N-H50N000A-80-A"},{"r":"100","t":"16:18:00","h":"Ouest","s":"25N-H50N000A-90-A"},{"r":"100","t":"16:18:00","h":"Ouest","s":"25N-H50NV10A-90-A"},{"r":"100","t":"16:18:00","h":"Ouest","s":"25N-H50NV20A-90-A"},{"r":"100","t":"16:18:00","h":"Ouest","s":"25S-H50S000A-81-A"},{"r":"460","t":"16:20:53","h":"Ouest","s":"25N-H58N000S-80-S"},{"r":"460","t":"16:20:53","h":"Ouest","s":"25N-H58NV10S-80-S"},{"r":"460","t":"16:20:53","h":"Ouest","s":"25N-H58NV20S-80-S"},{"r":"460","t":"16:20:53","h":"Ouest","s":"25S-H58S000S-80-S"},{"r":"460","t":"16:21:53","h":"Ouest","s":"25N-H58N200F-80-F2"},{"r":"460","t":"16:21:53","h":"Ouest","s":"25N-H58N400F-80-F4"},{"r":"460","t":"16:21:53","h":"Ouest","s":"25S-H58S100F-80-F1"},{"r":"460","t":"16:21:53","h":"Ouest","s":"25S-H58S200F-80-F2"},{"r":"100","t":"16:23:00","h":"Ouest","s":"25N-H50N000I-80-I"},{"r":"100","t":"16:23:00","h":"Ouest","s":"25N-H50N000I-90-I"},{"r":"100","t":"16:23:00","h":"Ouest","s":"25N-H50N000S-80-S"},{"r":"100","t":"16:23:00","h":"Ouest","s":"25N-H50N000S-90-S"},{"r":"100","t":"16:23:00","h":"Ouest","s":"25N-H50N100F-90-F1"},{"r":"100","t":"16:23:00","h":"Ouest","s":"25N-H50N200F-90-F2"},{"r":"100","t":"16:23:00","h":"Ouest","s":"25N-H50N300F-90-F3"},{"r":"100","t":"16:23:00","h":"Ouest","s":"25N-H50N400F-90-F4"},{"r":"100","t":"16:23:00","h":"Ouest","s":"25N-H50NV10I-90-I"},{"r":"100","t":"16:23:00","h":"Ouest","s":"25N-H50NV10S-90-S"},{"r":"100","t":"16:23:00","h":"Ouest","s":"25N-H50NV20I-90-I"},{"r":"100","t":"16:23:00","h":"Ouest","s":"25N-H50NV20S-90-S"},{"r":"100","t":"16:23:00","h":"Ouest","s":"25S-H50S000I-81-I"},{"r":"100","t":"16:23:00","h":"Ouest","s":"25S-H50S000S-81-S"},{"r":"100","t":"16:23:00","h":"Ouest","s":"25S-H50S100F-80-F1"},{"r":"100","t":"16:23:00","h":"Ouest","s":"25S-H50S200F-80-F2"},{"r":"100","t":"16:46:00","h":"Ouest","s":"25N-H50N000A-80-A"},{"r":"100","t":"16:46:00","h":"Ouest","s":"25N-H50N000A-90-A"},{"r":"100","t":"16:46:00","h":"Ouest","s":"25N-H50NV10A-90-A"},{"r":"100","t":"16:46:00","h":"Ouest","s":"25N-H50NV20A-90-A"},{"r":"100","t":"16:46:00","h":"Ouest","s":"25S-H50S000A-81-A"},{"r":"100","t":"16:50:00","h":"Ouest","s":"25N-H50N000S-80-S"},{"r":"100","t":"16:50:00","h":"Ouest","s":"25N-H50N000S-90-S"},{"r":"100","t":"16:50:00","h":"Ouest","s":"25N-H50NV10S-90-S"},{"r":"100","t":"16:50:00","h":"Ouest","s":"25N-H50NV20S-90-S"},{"r":"100","t":"16:50:00","h":"Ouest","s":"25S-H50S000S-81-S"},{"r":"460","t":"16:52:53","h":"Ouest","s":"25N-H58N000S-80-S"},{"r":"460","t":"16:52:53","h":"Ouest","s":"25N-H58N200F-80-F2"},{"r":"460","t":"16:52:53","h":"Ouest","s":"25N-H58N400F-80-F4"},{"r":"460","t":"16:52:53","h":"Ouest","s":"25N-H58NV10S-80-S"},{"r":"460","t":"16:52:53","h":"Ouest","s":"25N-H58NV20S-80-S"},{"r":"460","t":"16:52:53","h":"Ouest","s":"25S-H58S000S-80-S"},{"r":"460","t":"16:52:53","h":"Ouest","s":"25S-H58S100F-80-F1"},{"r":"460","t":"16:52:53","h":"Ouest","s":"25S-H58S200F-80-F2"},{"r":"100","t":"16:54:00","h":"Ouest","s":"25N-H50N000I-80-I"},{"r":"100","t":"16:54:00","h":"Ouest","s":"25N-H50N000I-90-I"},{"r":"100","t":"16:54:00","h":"Ouest","s":"25N-H50N100F-90-F1"},{"r":"100","t":"16:54:00","h":"Ouest","s":"25N-H50N200F-90-F2"},{"r":"100","t":"16:54:00","h":"Ouest","s":"25N-H50N300F-90-F3"},{"r":"100","t":"16:54:00","h":"Ouest","s":"25N-H50N400F-90-F4"},{"r":"100","t":"16:54:00","h":"Ouest","s":"25N-H50NV10I-90-I"},{"r":"100","t":"16:54:00","h":"Ouest","s":"25N-H50NV20I-90-I"},{"r":"100","t":"16:54:00","h":"Ouest","s":"25S-H50S000I-81-I"},{"r":"100","t":"16:54:00","h":"Ouest","s":"25S-H50S100F-80-F1"},{"r":"100","t":"16:54:00","h":"Ouest","s":"25S-H50S200F-80-F2"},{"r":"100","t":"17:14:00","h":"Ouest","s":"25N-H50N000A-80-A"},{"r":"100","t":"17:14:00","h":"Ouest","s":"25N-H50N000A-90-A"},{"r":"100","t":"17:14:00","h":"Ouest","s":"25N-H50NV10A-90-A"},{"r":"100","t":"17:14:00","h":"Ouest","s":"25N-H50NV20A-90-A"},{"r":"100","t":"17:14:00","h":"Ouest","s":"25S-H50S000A-81-A"},{"r":"100","t":"17:19:00","h":"Ouest","s":"25N-H50N000S-80-S"},{"r":"100","t":"17:19:00","h":"Ouest","s":"25N-H50N000S-90-S"},{"r":"100","t":"17:19:00","h":"Ouest","s":"25N-H50NV10S-90-S"},{"r":"100","t":"17:19:00","h":"Ouest","s":"25N-H50NV20S-90-S"},{"r":"100","t":"17:19:00","h":"Ouest","s":"25S-H50S000S-81-S"},{"r":"460","t":"17:23:53","h":"Ouest","s":"25N-H58N000S-80-S"},{"r":"460","t":"17:23:53","h":"Ouest","s":"25N-H58N200F-80-F2"},{"r":"460","t":"17:23:53","h":"Ouest","s":"25N-H58N400F-80-F4"},{"r":"460","t":"17:23:53","h":"Ouest","s":"25N-H58NV10S-80-S"},{"r":"460","t":"17:23:53","h":"Ouest","s":"25N-H58NV20S-80-S"},{"r":"460","t":"17:23:53","h":"Ouest","s":"25S-H58S000S-80-S"},{"r":"460","t":"17:23:53","h":"Ouest","s":"25S-H58S100F-80-F1"},{"r":"460","t":"17:23:53","h":"Ouest","s":"25S-H58S200F-80-F2"},{"r":"100","t":"17:25:00","h":"Ouest","s":"25N-H50N000I-80-I"},{"r":"100","t":"17:25:00","h":"Ouest","s":"25N-H50N000I-90-I"},{"r":"100","t":"17:25:00","h":"Ouest","s":"25N-H50N100F-90-F1"},{"r":"100","t":"17:25:00","h":"Ouest","s":"25N-H50N200F-90-F2"},{"r":"100","t":"17:25:00","h":"Ouest","s":"25N-H50N300F-90-F3"},{"r":"100","t":"17:25:00","h":"Ouest","s":"25N-H50N400F-90-F4"},{"r":"100","t":"17:25:00","h":"Ouest","s":"25N-H50NV10I-90-I"},{"r":"100","t":"17:25:00","h":"Ouest","s":"25N-H50NV20I-90-I"},{"r":"100","t":"17:25:00","h":"Ouest","s":"25S-H50S000I-81-I"},{"r":"100","t":"17:25:00","h":"Ouest","s":"25S-H50S100F-80-F1"},{"r":"100","t":"17:25:00","h":"Ouest","s":"25S-H50S200F-80-F2"},{"r":"100","t":"17:42:00","h":"Ouest","s":"25N-H50N000A-80-A"},{"r":"100","t":"17:42:00","h":"Ouest","s":"25N-H50N000A-90-A"},{"r":"100","t":"17:42:00","h":"Ouest","s":"25N-H50NV10A-90-A"},{"r":"100","t":"17:42:00","h":"Ouest","s":"25N-H50NV20A-90-A"},{"r":"100","t":"17:42:00","h":"Ouest","s":"25S-H50S000A-81-A"},{"r":"100","t":"17:47:00","h":"Ouest","s":"25N-H50N000S-80-S"},{"r":"100","t":"17:47:00","h":"Ouest","s":"25N-H50N000S-90-S"},{"r":"100","t":"17:47:00","h":"Ouest","s":"25N-H50NV10S-90-S"},{"r":"100","t":"17:47:00","h":"Ouest","s":"25N-H50NV20S-90-S"},{"r":"100","t":"17:47:00","h":"Ouest","s":"25S-H50S000S-81-S"},{"r":"460","t":"17:54:27","h":"Ouest","s":"25N-H58N000S-80-S"},{"r":"460","t":"17:54:27","h":"Ouest","s":"25N-H58N200F-80-F2"},{"r":"460","t":"17:54:27","h":"Ouest","s":"25N-H58N400F-80-F4"},{"r":"460","t":"17:54:27","h":"Ouest","s":"25N-H58NV10S-80-S"},{"r":"460","t":"17:54:27","h":"Ouest","s":"25N-H58NV20S-80-S"},{"r":"460","t":"17:54:27","h":"Ouest","s":"25S-H58S000S-80-S"},{"r":"460","t":"17:54:27","h":"Ouest","s":"25S-H58S100F-80-F1"},{"r":"460","t":"17:54:27","h":"Ouest","s":"25S-H58S200F-80-F2"},{"r":"100","t":"17:55:00","h":"Ouest","s":"25N-H50N000I-80-I"},{"r":"100","t":"17:55:00","h":"Ouest","s":"25N-H50N000I-90-I"},{"r":"100","t":"17:55:00","h":"Ouest","s":"25N-H50N100F-90-F1"},{"r":"100","t":"17:55:00","h":"Ouest","s":"25N-H50N200F-90-F2"},{"r":"100","t":"17:55:00","h":"Ouest","s":"25N-H50N300F-90-F3"},{"r":"100","t":"17:55:00","h":"Ouest","s":"25N-H50N400F-90-F4"},{"r":"100","t":"17:55:00","h":"Ouest","s":"25N-H50NV10I-90-I"},{"r":"100","t":"17:55:00","h":"Ouest","s":"25N-H50NV20I-90-I"},{"r":"100","t":"17:55:00","h":"Ouest","s":"25S-H50S000I-81-I"},{"r":"100","t":"17:55:00","h":"Ouest","s":"25S-H50S100F-80-F1"},{"r":"100","t":"17:55:00","h":"Ouest","s":"25S-H50S200F-80-F2"},{"r":"100","t":"18:12:00","h":"Ouest","s":"25N-H50N000A-80-A"},{"r":"100","t":"18:12:00","h":"Ouest","s":"25N-H50N000A-90-A"},{"r":"100","t":"18:12:00","h":"Ouest","s":"25N-H50NV10A-90-A"},{"r":"100","t":"18:12:00","h":"Ouest","s":"25N-H50NV20A-90-A"},{"r":"100","t":"18:12:00","h":"Ouest","s":"25S-H50S000A-81-A"},{"r":"100","t":"18:14:00","h":"Ouest","s":"25N-H50N000S-80-S"},{"r":"100","t":"18:14:00","h":"Ouest","s":"25N-H50N000S-90-S"},{"r":"100","t":"18:14:00","h":"Ouest","s":"25N-H50NV10S-90-S"},{"r":"100","t":"18:14:00","h":"Ouest","s":"25N-H50NV20S-90-S"},{"r":"100","t":"18:14:00","h":"Ouest","s":"25S-H50S000S-81-S"},{"r":"460","t":"18:20:01","h":"Ouest","s":"25N-H58N000S-80-S"},{"r":"460","t":"18:20:01","h":"Ouest","s":"25N-H58N200F-80-F2"},{"r":"460","t":"18:20:01","h":"Ouest","s":"25N-H58N400F-80-F4"},{"r":"460","t":"18:20:01","h":"Ouest","s":"25N-H58NV10S-80-S"},{"r":"460","t":"18:20:01","h":"Ouest","s":"25N-H58NV20S-80-S"},{"r":"460","t":"18:20:01","h":"Ouest","s":"25S-H58S000S-80-S"},{"r":"460","t":"18:20:01","h":"Ouest","s":"25S-H58S100F-80-F1"},{"r":"460","t":"18:20:01","h":"Ouest","s":"25S-H58S200F-80-F2"},{"r":"100","t":"18:24:00","h":"Ouest","s":"25N-H50N000I-80-I"},{"r":"100","t":"18:24:00","h":"Ouest","s":"25N-H50N000I-90-I"},{"r":"100","t":"18:24:00","h":"Ouest","s":"25N-H50N100F-90-F1"},{"r":"100","t":"18:24:00","h":"Ouest","s":"25N-H50N200F-90-F2"},{"r":"100","t":"18:24:00","h":"Ouest","s":"25N-H50N300F-90-F3"},{"r":"100","t":"18:24:00","h":"Ouest","s":"25N-H50N400F-90-F4"},{"r":"100","t":"18:24:00","h":"Ouest","s":"25N-H50NV10I-90-I"},{"r":"100","t":"18:24:00","h":"Ouest","s":"25N-H50NV20I-90-I"},{"r":"100","t":"18:24:00","h":"Ouest","s":"25S-H50S000I-81-I"},{"r":"100","t":"18:24:00","h":"Ouest","s":"25S-H50S100F-80-F1"},{"r":"100","t":"18:24:00","h":"Ouest","s":"25S-H50S200F-80-F2"},{"r":"100","t":"18:35:00","h":"Ouest","s":"25N-H50N000S-80-S"},{"r":"100","t":"18:35:00","h":"Ouest","s":"25N-H50N000S-90-S"},{"r":"100","t":"18:35:00","h":"Ouest","s":"25N-H50NV10S-90-S"},{"r":"100","t":"18:35:00","h":"Ouest","s":"25N-H50NV20S-90-S"},{"r":"100","t":"18:35:00","h":"Ouest","s":"25S-H50S000S-81-S"},{"r":"100","t":"18:43:00","h":"Ouest","s":"25N-H50N000A-80-A"},{"r":"100","t":"18:43:00","h":"Ouest","s":"25N-H50N000A-90-A"},{"r":"100","t":"18:43:00","h":"Ouest","s":"25N-H50NV10A-90-A"},{"r":"100","t":"18:43:00","h":"Ouest","s":"25N-H50NV20A-90-A"},{"r":"100","t":"18:43:00","h":"Ouest","s":"25S-H50S000A-81-A"},{"r":"460","t":"18:45:35","h":"Ouest","s":"25N-H58N000S-80-S"},{"r":"460","t":"18:45:35","h":"Ouest","s":"25N-H58N200F-80-F2"},{"r":"460","t":"18:45:35","h":"Ouest","s":"25N-H58N400F-80-F4"},{"r":"460","t":"18:45:35","h":"Ouest","s":"25N-H58NV10S-80-S"},{"r":"460","t":"18:45:35","h":"Ouest","s":"25N-H58NV20S-80-S"},{"r":"460","t":"18:45:35","h":"Ouest","s":"25S-H58S000S-80-S"},{"r":"460","t":"18:45:35","h":"Ouest","s":"25S-H58S100F-80-F1"},{"r":"460","t":"18:45:35","h":"Ouest","s":"25S-H58S200F-80-F2"},{"r":"100","t":"18:53:00","h":"Ouest","s":"25N-H50N000I-80-I"},{"r":"100","t":"18:53:00","h":"Ouest","s":"25N-H50N000I-90-I"},{"r":"100","t":"18:53:00","h":"Ouest","s":"25N-H50N100F-90-F1"},{"r":"100","t":"18:53:00","h":"Ouest","s":"25N-H50N200F-90-F2"},{"r":"100","t":"18:53:00","h":"Ouest","s":"25N-H50N300F-90-F3"},{"r":"100","t":"18:53:00","h":"Ouest","s":"25N-H50N400F-90-F4"},{"r":"100","t":"18:53:00","h":"Ouest","s":"25N-H50NV10I-90-I"},{"r":"100","t":"18:53:00","h":"Ouest","s":"25N-H50NV20I-90-I"},{"r":"100","t":"18:53:00","h":"Ouest","s":"25S-H50S000I-81-I"},{"r":"100","t":"18:53:00","h":"Ouest","s":"25S-H50S100F-80-F1"},{"r":"100","t":"18:53:00","h":"Ouest","s":"25S-H50S200F-80-F2"},{"r":"100","t":"19:00:00","h":"Ouest","s":"25N-H50N000S-80-S"},{"r":"100","t":"19:00:00","h":"Ouest","s":"25N-H50N000S-90-S"},{"r":"100","t":"19:00:00","h":"Ouest","s":"25N-H50NV10S-90-S"},{"r":"100","t":"19:00:00","h":"Ouest","s":"25N-H50NV20S-90-S"},{"r":"100","t":"19:00:00","h":"Ouest","s":"25S-H50S000S-81-S"},{"r":"100","t":"19:13:00","h":"Ouest","s":"25N-H50N000A-80-A"},{"r":"100","t":"19:13:00","h":"Ouest","s":"25N-H50N000A-90-A"},{"r":"100","t":"19:13:00","h":"Ouest","s":"25N-H50NV10A-90-A"},{"r":"100","t":"19:13:00","h":"Ouest","s":"25N-H50NV20A-90-A"},{"r":"100","t":"19:13:00","h":"Ouest","s":"25S-H50S000A-81-A"},{"r":"460","t":"19:13:35","h":"Ouest","s":"25N-H58N200F-80-F2"},{"r":"460","t":"19:13:35","h":"Ouest","s":"25N-H58N400F-80-F4"},{"r":"460","t":"19:13:35","h":"Ouest","s":"25S-H58S100F-80-F1"},{"r":"460","t":"19:13:35","h":"Ouest","s":"25S-H58S200F-80-F2"},{"r":"460","t":"19:14:35","h":"Ouest","s":"25N-H60N000S-80-S"},{"r":"460","t":"19:14:35","h":"Ouest","s":"25N-H60N000S-98-S"},{"r":"460","t":"19:14:35","h":"Ouest","s":"25N-H60NV10S-98-S"},{"r":"460","t":"19:14:35","h":"Ouest","s":"25N-H60NV20S-98-S"},{"r":"460","t":"19:14:35","h":"Ouest","s":"25S-H60S000S-80-S"},{"r":"100","t":"19:22:00","h":"Ouest","s":"25N-H50N000I-80-I"},{"r":"100","t":"19:22:00","h":"Ouest","s":"25N-H50N000I-90-I"},{"r":"100","t":"19:22:00","h":"Ouest","s":"25N-H50N000S-80-S"},{"r":"100","t":"19:22:00","h":"Ouest","s":"25N-H50N000S-90-S"},{"r":"100","t":"19:22:00","h":"Ouest","s":"25N-H50N100F-90-F1"},{"r":"100","t":"19:22:00","h":"Ouest","s":"25N-H50N200F-90-F2"},{"r":"100","t":"19:22:00","h":"Ouest","s":"25N-H50N300F-90-F3"},{"r":"100","t":"19:22:00","h":"Ouest","s":"25N-H50N400F-90-F4"},{"r":"100","t":"19:22:00","h":"Ouest","s":"25N-H50NV10I-90-I"},{"r":"100","t":"19:22:00","h":"Ouest","s":"25N-H50NV10S-90-S"},{"r":"100","t":"19:22:00","h":"Ouest","s":"25N-H50NV20I-90-I"},{"r":"100","t":"19:22:00","h":"Ouest","s":"25N-H50NV20S-90-S"},{"r":"100","t":"19:22:00","h":"Ouest","s":"25S-H50S000I-81-I"},{"r":"100","t":"19:22:00","h":"Ouest","s":"25S-H50S000S-81-S"},{"r":"100","t":"19:22:00","h":"Ouest","s":"25S-H50S100F-80-F1"},{"r":"100","t":"19:22:00","h":"Ouest","s":"25S-H50S200F-80-F2"},{"r":"100","t":"19:41:00","h":"Ouest","s":"25N-H50N000A-80-A"},{"r":"100","t":"19:41:00","h":"Ouest","s":"25N-H50N000A-90-A"},{"r":"100","t":"19:41:00","h":"Ouest","s":"25N-H50NV10A-90-A"},{"r":"100","t":"19:41:00","h":"Ouest","s":"25N-H50NV20A-90-A"},{"r":"100","t":"19:41:00","h":"Ouest","s":"25S-H50S000A-81-A"},{"r":"100","t":"19:43:00","h":"Ouest","s":"25N-H50N000S-80-S"},{"r":"100","t":"19:43:00","h":"Ouest","s":"25N-H50N000S-90-S"},{"r":"100","t":"19:43:00","h":"Ouest","s":"25N-H50NV10S-90-S"},{"r":"100","t":"19:43:00","h":"Ouest","s":"25N-H50NV20S-90-S"},{"r":"100","t":"19:43:00","h":"Ouest","s":"25S-H50S000S-81-S"},{"r":"460","t":"19:43:35","h":"Ouest","s":"25N-H56N000S-80-S"},{"r":"460","t":"19:43:35","h":"Ouest","s":"25N-H56NV10S-80-S"},{"r":"460","t":"19:43:35","h":"Ouest","s":"25N-H56NV20S-80-S"},{"r":"460","t":"19:43:35","h":"Ouest","s":"25N-H58N200F-80-F2"},{"r":"460","t":"19:43:35","h":"Ouest","s":"25N-H58N400F-80-F4"},{"r":"460","t":"19:43:35","h":"Ouest","s":"25S-H56S000S-80-S"},{"r":"460","t":"19:43:35","h":"Ouest","s":"25S-H58S100F-80-F1"},{"r":"460","t":"19:43:35","h":"Ouest","s":"25S-H58S200F-80-F2"},{"r":"100","t":"19:51:00","h":"Ouest","s":"25N-H50N000I-80-I"},{"r":"100","t":"19:51:00","h":"Ouest","s":"25N-H50N000I-90-I"},{"r":"100","t":"19:51:00","h":"Ouest","s":"25N-H50N100F-90-F1"},{"r":"100","t":"19:51:00","h":"Ouest","s":"25N-H50N200F-90-F2"},{"r":"100","t":"19:51:00","h":"Ouest","s":"25N-H50N300F-90-F3"},{"r":"100","t":"19:51:00","h":"Ouest","s":"25N-H50N400F-90-F4"},{"r":"100","t":"19:51:00","h":"Ouest","s":"25N-H50NV10I-90-I"},{"r":"100","t":"19:51:00","h":"Ouest","s":"25N-H50NV20I-90-I"},{"r":"100","t":"19:51:00","h":"Ouest","s":"25S-H50S000I-81-I"},{"r":"100","t":"19:51:00","h":"Ouest","s":"25S-H50S100F-80-F1"},{"r":"100","t":"19:51:00","h":"Ouest","s":"25S-H50S200F-80-F2"},{"r":"100","t":"20:10:00","h":"Ouest","s":"25N-H50N000A-80-A"},{"r":"100","t":"20:10:00","h":"Ouest","s":"25N-H50N000A-90-A"},{"r":"100","t":"20:10:00","h":"Ouest","s":"25N-H50N000S-80-S"},{"r":"100","t":"20:10:00","h":"Ouest","s":"25N-H50N000S-90-S"},{"r":"100","t":"20:10:00","h":"Ouest","s":"25N-H50NV10A-90-A"},{"r":"100","t":"20:10:00","h":"Ouest","s":"25N-H50NV10S-90-S"},{"r":"100","t":"20:10:00","h":"Ouest","s":"25N-H50NV20A-90-A"},{"r":"100","t":"20:10:00","h":"Ouest","s":"25N-H50NV20S-90-S"},{"r":"100","t":"20:10:00","h":"Ouest","s":"25S-H50S000A-81-A"},{"r":"100","t":"20:10:00","h":"Ouest","s":"25S-H50S000S-81-S"},{"r":"100","t":"20:20:00","h":"Ouest","s":"25N-H50N000I-80-I"},{"r":"100","t":"20:20:00","h":"Ouest","s":"25N-H50N000I-90-I"},{"r":"100","t":"20:20:00","h":"Ouest","s":"25N-H50N100F-90-F1"},{"r":"100","t":"20:20:00","h":"Ouest","s":"25N-H50N200F-90-F2"},{"r":"100","t":"20:20:00","h":"Ouest","s":"25N-H50N300F-90-F3"},{"r":"100","t":"20:20:00","h":"Ouest","s":"25N-H50N400F-90-F4"},{"r":"100","t":"20:20:00","h":"Ouest","s":"25N-H50NV10I-90-I"},{"r":"100","t":"20:20:00","h":"Ouest","s":"25N-H50NV20I-90-I"},{"r":"100","t":"20:20:00","h":"Ouest","s":"25S-H50S000I-81-I"},{"r":"100","t":"20:20:00","h":"Ouest","s":"25S-H50S100F-80-F1"},{"r":"100","t":"20:20:00","h":"Ouest","s":"25S-H50S200F-80-F2"},{"r":"100","t":"20:38:00","h":"Ouest","s":"25N-H50N000A-80-A"},{"r":"100","t":"20:38:00","h":"Ouest","s":"25N-H50N000A-90-A"},{"r":"100","t":"20:38:00","h":"Ouest","s":"25N-H50NV10A-90-A"},{"r":"100","t":"20:38:00","h":"Ouest","s":"25N-H50NV20A-90-A"},{"r":"100","t":"20:38:00","h":"Ouest","s":"25S-H50S000A-81-A"},{"r":"100","t":"20:41:00","h":"Ouest","s":"25N-H50N000S-80-S"},{"r":"100","t":"20:41:00","h":"Ouest","s":"25N-H50N000S-90-S"},{"r":"100","t":"20:41:00","h":"Ouest","s":"25N-H50NV10S-90-S"},{"r":"100","t":"20:41:00","h":"Ouest","s":"25N-H50NV20S-90-S"},{"r":"100","t":"20:41:00","h":"Ouest","s":"25S-H50S000S-81-S"},{"r":"100","t":"20:49:00","h":"Ouest","s":"25N-H50N000I-80-I"},{"r":"100","t":"20:49:00","h":"Ouest","s":"25N-H50N000I-90-I"},{"r":"100","t":"20:49:00","h":"Ouest","s":"25N-H50N100F-90-F1"},{"r":"100","t":"20:49:00","h":"Ouest","s":"25N-H50N200F-90-F2"},{"r":"100","t":"20:49:00","h":"Ouest","s":"25N-H50N300F-90-F3"},{"r":"100","t":"20:49:00","h":"Ouest","s":"25N-H50N400F-90-F4"},{"r":"100","t":"20:49:00","h":"Ouest","s":"25N-H50NV10I-90-I"},{"r":"100","t":"20:49:00","h":"Ouest","s":"25N-H50NV20I-90-I"},{"r":"100","t":"20:49:00","h":"Ouest","s":"25S-H50S000I-81-I"},{"r":"100","t":"20:49:00","h":"Ouest","s":"25S-H50S100F-80-F1"},{"r":"100","t":"20:49:00","h":"Ouest","s":"25S-H50S200F-80-F2"},{"r":"100","t":"21:05:00","h":"Ouest","s":"25N-H50N000A-80-A"},{"r":"100","t":"21:05:00","h":"Ouest","s":"25N-H50N000A-90-A"},{"r":"100","t":"21:05:00","h":"Ouest","s":"25N-H50NV10A-90-A"},{"r":"100","t":"21:05:00","h":"Ouest","s":"25N-H50NV20A-90-A"},{"r":"100","t":"21:05:00","h":"Ouest","s":"25S-H50S000A-81-A"},{"r":"100","t":"21:14:00","h":"Ouest","s":"25N-H50N000S-80-S"},{"r":"100","t":"21:14:00","h":"Ouest","s":"25N-H50N000S-90-S"},{"r":"100","t":"21:14:00","h":"Ouest","s":"25N-H50NV10S-90-S"},{"r":"100","t":"21:14:00","h":"Ouest","s":"25N-H50NV20S-90-S"},{"r":"100","t":"21:14:00","h":"Ouest","s":"25S-H50S000S-81-S"},{"r":"100","t":"21:19:00","h":"Ouest","s":"25N-H50N000I-80-I"},{"r":"100","t":"21:19:00","h":"Ouest","s":"25N-H50N000I-90-I"},{"r":"100","t":"21:19:00","h":"Ouest","s":"25N-H50N100F-90-F1"},{"r":"100","t":"21:19:00","h":"Ouest","s":"25N-H50N200F-90-F2"},{"r":"100","t":"21:19:00","h":"Ouest","s":"25N-H50N300F-90-F3"},{"r":"100","t":"21:19:00","h":"Ouest","s":"25N-H50N400F-90-F4"},{"r":"100","t":"21:19:00","h":"Ouest","s":"25N-H50NV10I-90-I"},{"r":"100","t":"21:19:00","h":"Ouest","s":"25N-H50NV20I-90-I"},{"r":"100","t":"21:19:00","h":"Ouest","s":"25S-H50S000I-81-I"},{"r":"100","t":"21:19:00","h":"Ouest","s":"25S-H50S100F-80-F1"},{"r":"100","t":"21:19:00","h":"Ouest","s":"25S-H50S200F-80-F2"},{"r":"100","t":"21:33:00","h":"Ouest","s":"25N-H50N000A-80-A"},{"r":"100","t":"21:33:00","h":"Ouest","s":"25N-H50N000A-90-A"},{"r":"100","t":"21:33:00","h":"Ouest","s":"25N-H50NV10A-90-A"},{"r":"100","t":"21:33:00","h":"Ouest","s":"25N-H50NV20A-90-A"},{"r":"100","t":"21:33:00","h":"Ouest","s":"25S-H50S000A-81-A"},{"r":"100","t":"21:37:00","h":"Ouest","s":"25N-H50N000S-80-S"},{"r":"100","t":"21:37:00","h":"Ouest","s":"25N-H50N000S-90-S"},{"r":"100","t":"21:37:00","h":"Ouest","s":"25N-H50NV10S-90-S"},{"r":"100","t":"21:37:00","h":"Ouest","s":"25N-H50NV20S-90-S"},{"r":"100","t":"21:37:00","h":"Ouest","s":"25S-H50S000S-81-S"},{"r":"100","t":"21:51:00","h":"Ouest","s":"25N-H50N000I-80-I"},{"r":"100","t":"21:51:00","h":"Ouest","s":"25N-H50N000I-90-I"},{"r":"100","t":"21:51:00","h":"Ouest","s":"25N-H50N100F-90-F1"},{"r":"100","t":"21:51:00","h":"Ouest","s":"25N-H50N200F-90-F2"},{"r":"100","t":"21:51:00","h":"Ouest","s":"25N-H50N300F-90-F3"},{"r":"100","t":"21:51:00","h":"Ouest","s":"25N-H50N400F-90-F4"},{"r":"100","t":"21:51:00","h":"Ouest","s":"25N-H50NV10I-90-I"},{"r":"100","t":"21:51:00","h":"Ouest","s":"25N-H50NV20I-90-I"},{"r":"100","t":"21:51:00","h":"Ouest","s":"25S-H50S000I-81-I"},{"r":"100","t":"21:51:00","h":"Ouest","s":"25S-H50S100F-80-F1"},{"r":"100","t":"21:51:00","h":"Ouest","s":"25S-H50S200F-80-F2"},{"r":"100","t":"22:01:00","h":"Ouest","s":"25N-H50N000S-80-S"},{"r":"100","t":"22:01:00","h":"Ouest","s":"25N-H50N000S-90-S"},{"r":"100","t":"22:01:00","h":"Ouest","s":"25N-H50NV10S-90-S"},{"r":"100","t":"22:01:00","h":"Ouest","s":"25N-H50NV20S-90-S"},{"r":"100","t":"22:01:00","h":"Ouest","s":"25S-H50S000S-81-S"},{"r":"100","t":"22:02:00","h":"Ouest","s":"25N-H50N000A-80-A"},{"r":"100","t":"22:02:00","h":"Ouest","s":"25N-H50N000A-90-A"},{"r":"100","t":"22:02:00","h":"Ouest","s":"25N-H50NV10A-90-A"},{"r":"100","t":"22:02:00","h":"Ouest","s":"25N-H50NV20A-90-A"},{"r":"100","t":"22:02:00","h":"Ouest","s":"25S-H50S000A-81-A"},{"r":"100","t":"22:18:00","h":"Ouest","s":"25N-H50N000S-80-S"},{"r":"100","t":"22:18:00","h":"Ouest","s":"25N-H50N000S-90-S"},{"r":"100","t":"22:18:00","h":"Ouest","s":"25N-H50NV10S-90-S"},{"r":"100","t":"22:18:00","h":"Ouest","s":"25N-H50NV20S-90-S"},{"r":"100","t":"22:18:00","h":"Ouest","s":"25S-H50S000S-81-S"},{"r":"100","t":"22:22:00","h":"Ouest","s":"25N-H50N000I-80-I"},{"r":"100","t":"22:22:00","h":"Ouest","s":"25N-H50N000I-90-I"},{"r":"100","t":"22:22:00","h":"Ouest","s":"25N-H50N100F-90-F1"},{"r":"100","t":"22:22:00","h":"Ouest","s":"25N-H50N200F-90-F2"},{"r":"100","t":"22:22:00","h":"Ouest","s":"25N-H50N300F-90-F3"},{"r":"100","t":"22:22:00","h":"Ouest","s":"25N-H50N400F-90-F4"},{"r":"100","t":"22:22:00","h":"Ouest","s":"25N-H50NV10I-90-I"},{"r":"100","t":"22:22:00","h":"Ouest","s":"25N-H50NV20I-90-I"},{"r":"100","t":"22:22:00","h":"Ouest","s":"25S-H50S000I-81-I"},{"r":"100","t":"22:22:00","h":"Ouest","s":"25S-H50S100F-80-F1"},{"r":"100","t":"22:22:00","h":"Ouest","s":"25S-H50S200F-80-F2"},{"r":"100","t":"22:24:00","h":"Ouest","s":"25N-H50N000A-80-A"},{"r":"100","t":"22:24:00","h":"Ouest","s":"25N-H50N000A-90-A"},{"r":"100","t":"22:24:00","h":"Ouest","s":"25N-H50NV10A-90-A"},{"r":"100","t":"22:24:00","h":"Ouest","s":"25N-H50NV20A-90-A"},{"r":"100","t":"22:24:00","h":"Ouest","s":"25S-H50S000A-81-A"},{"r":"100","t":"22:38:00","h":"Ouest","s":"25N-H50N000S-80-S"},{"r":"100","t":"22:38:00","h":"Ouest","s":"25N-H50N000S-90-S"},{"r":"100","t":"22:38:00","h":"Ouest","s":"25N-H50NV10S-90-S"},{"r":"100","t":"22:38:00","h":"Ouest","s":"25N-H50NV20S-90-S"},{"r":"100","t":"22:38:00","h":"Ouest","s":"25S-H50S000S-81-S"},{"r":"100","t":"22:47:00","h":"Ouest","s":"25N-H50N000I-80-I"},{"r":"100","t":"22:47:00","h":"Ouest","s":"25N-H50N000I-90-I"},{"r":"100","t":"22:47:00","h":"Ouest","s":"25N-H50N100F-90-F1"},{"r":"100","t":"22:47:00","h":"Ouest","s":"25N-H50N200F-90-F2"},{"r":"100","t":"22:47:00","h":"Ouest","s":"25N-H50N300F-90-F3"},{"r":"100","t":"22:47:00","h":"Ouest","s":"25N-H50N400F-90-F4"},{"r":"100","t":"22:47:00","h":"Ouest","s":"25N-H50NV10I-90-I"},{"r":"100","t":"22:47:00","h":"Ouest","s":"25N-H50NV20I-90-I"},{"r":"100","t":"22:47:00","h":"Ouest","s":"25S-H50S000I-81-I"},{"r":"100","t":"22:47:00","h":"Ouest","s":"25S-H50S100F-80-F1"},{"r":"100","t":"22:47:00","h":"Ouest","s":"25S-H50S200F-80-F2"},{"r":"100","t":"22:57:00","h":"Ouest","s":"25N-H50N000A-80-A"},{"r":"100","t":"22:57:00","h":"Ouest","s":"25N-H50N000A-90-A"},{"r":"100","t":"22:57:00","h":"Ouest","s":"25N-H50NV10A-90-A"},{"r":"100","t":"22:57:00","h":"Ouest","s":"25N-H50NV20A-90-A"},{"r":"100","t":"22:57:00","h":"Ouest","s":"25S-H50S000A-81-A"},{"r":"100","t":"23:01:00","h":"Ouest","s":"25N-H50N000S-80-S"},{"r":"100","t":"23:01:00","h":"Ouest","s":"25N-H50N000S-90-S"},{"r":"100","t":"23:01:00","h":"Ouest","s":"25N-H50NV10S-90-S"},{"r":"100","t":"23:01:00","h":"Ouest","s":"25N-H50NV20S-90-S"},{"r":"100","t":"23:01:00","h":"Ouest","s":"25S-H50S000S-81-S"},{"r":"100","t":"23:20:00","h":"Ouest","s":"25N-H50N000I-80-I"},{"r":"100","t":"23:20:00","h":"Ouest","s":"25N-H50N000I-90-I"},{"r":"100","t":"23:20:00","h":"Ouest","s":"25N-H50N100F-90-F1"},{"r":"100","t":"23:20:00","h":"Ouest","s":"25N-H50N200F-90-F2"},{"r":"100","t":"23:20:00","h":"Ouest","s":"25N-H50N300F-90-F3"},{"r":"100","t":"23:20:00","h":"Ouest","s":"25N-H50N400F-90-F4"},{"r":"100","t":"23:20:00","h":"Ouest","s":"25N-H50NV10I-90-I"},{"r":"100","t":"23:20:00","h":"Ouest","s":"25N-H50NV20I-90-I"},{"r":"100","t":"23:20:00","h":"Ouest","s":"25S-H50S000I-81-I"},{"r":"100","t":"23:20:00","h":"Ouest","s":"25S-H50S100F-80-F1"},{"r":"100","t":"23:20:00","h":"Ouest","s":"25S-H50S200F-80-F2"},{"r":"100","t":"23:29:00","h":"Ouest","s":"25N-H50N000S-80-S"},{"r":"100","t":"23:29:00","h":"Ouest","s":"25N-H50N000S-90-S"},{"r":"100","t":"23:29:00","h":"Ouest","s":"25N-H50NV10S-90-S"},{"r":"100","t":"23:29:00","h":"Ouest","s":"25N-H50NV20S-90-S"},{"r":"100","t":"23:29:00","h":"Ouest","s":"25S-H50S000S-81-S"},{"r":"100","t":"23:31:00","h":"Ouest","s":"25N-H50N000A-80-A"},{"r":"100","t":"23:31:00","h":"Ouest","s":"25N-H50N000A-90-A"},{"r":"100","t":"23:31:00","h":"Ouest","s":"25N-H50NV10A-90-A"},{"r":"100","t":"23:31:00","h":"Ouest","s":"25N-H50NV20A-90-A"},{"r":"100","t":"23:31:00","h":"Ouest","s":"25S-H50S000A-81-A"},{"r":"100","t":"23:53:00","h":"Ouest","s":"25N-H50N000I-80-I"},{"r":"100","t":"23:53:00","h":"Ouest","s":"25N-H50N000I-90-I"},{"r":"100","t":"23:53:00","h":"Ouest","s":"25N-H50N100F-90-F1"},{"r":"100","t":"23:53:00","h":"Ouest","s":"25N-H50N200F-90-F2"},{"r":"100","t":"23:53:00","h":"Ouest","s":"25N-H50N300F-90-F3"},{"r":"100","t":"23:53:00","h":"Ouest","s":"25N-H50N400F-90-F4"},{"r":"100","t":"23:53:00","h":"Ouest","s":"25N-H50NV10I-90-I"},{"r":"100","t":"23:53:00","h":"Ouest","s":"25N-H50NV20I-90-I"},{"r":"100","t":"23:53:00","h":"Ouest","s":"25S-H50S000I-81-I"},{"r":"100","t":"23:53:00","h":"Ouest","s":"25S-H50S100F-80-F1"},{"r":"100","t":"23:53:00","h":"Ouest","s":"25S-H50S200F-80-F2"},{"r":"100","t":"23:57:00","h":"Ouest","s":"25N-H50N000S-80-S"},{"r":"100","t":"23:57:00","h":"Ouest","s":"25N-H50N000S-90-S"},{"r":"100","t":"23:57:00","h":"Ouest","s":"25N-H50NV10S-90-S"},{"r":"100","t":"23:57:00","h":"Ouest","s":"25N-H50NV20S-90-S"},{"r":"100","t":"23:57:00","h":"Ouest","s":"25S-H50S000S-81-S"},{"r":"100","t":"24:04:00","h":"Ouest","s":"25N-H50N000A-80-A"},{"r":"100","t":"24:04:00","h":"Ouest","s":"25N-H50N000A-90-A"},{"r":"100","t":"24:04:00","h":"Ouest","s":"25N-H50NV10A-90-A"},{"r":"100","t":"24:04:00","h":"Ouest","s":"25N-H50NV20A-90-A"},{"r":"100","t":"24:04:00","h":"Ouest","s":"25S-H50S000A-81-A"},{"r":"100","t":"24:26:00","h":"Ouest","s":"25N-H50N000I-80-I"},{"r":"100","t":"24:26:00","h":"Ouest","s":"25N-H50N000I-90-I"},{"r":"100","t":"24:26:00","h":"Ouest","s":"25N-H50N000S-80-S"},{"r":"100","t":"24:26:00","h":"Ouest","s":"25N-H50N000S-90-S"},{"r":"100","t":"24:26:00","h":"Ouest","s":"25N-H50N100F-90-F1"},{"r":"100","t":"24:26:00","h":"Ouest","s":"25N-H50N200F-90-F2"},{"r":"100","t":"24:26:00","h":"Ouest","s":"25N-H50N300F-90-F3"},{"r":"100","t":"24:26:00","h":"Ouest","s":"25N-H50N400F-90-F4"},{"r":"100","t":"24:26:00","h":"Ouest","s":"25N-H50NV10I-90-I"},{"r":"100","t":"24:26:00","h":"Ouest","s":"25N-H50NV10S-90-S"},{"r":"100","t":"24:26:00","h":"Ouest","s":"25N-H50NV20I-90-I"},{"r":"100","t":"24:26:00","h":"Ouest","s":"25N-H50NV20S-90-S"},{"r":"100","t":"24:26:00","h":"Ouest","s":"25S-H50S000I-81-I"},{"r":"100","t":"24:26:00","h":"Ouest","s":"25S-H50S000S-81-S"},{"r":"100","t":"24:26:00","h":"Ouest","s":"25S-H50S100F-80-F1"},{"r":"100","t":"24:26:00","h":"Ouest","s":"25S-H50S200F-80-F2"},{"r":"100","t":"24:29:00","h":"Ouest","s":"25N-H50N000A-80-A"},{"r":"100","t":"24:29:00","h":"Ouest","s":"25N-H50N000A-90-A"},{"r":"100","t":"24:29:00","h":"Ouest","s":"25N-H50NV10A-90-A"},{"r":"100","t":"24:29:00","h":"Ouest","s":"25N-H50NV20A-90-A"},{"r":"100","t":"24:29:00","h":"Ouest","s":"25S-H50S000A-81-A"},{"r":"100","t":"24:54:00","h":"Ouest","s":"25N-H50N000A-80-A"},{"r":"100","t":"24:54:00","h":"Ouest","s":"25N-H50N000A-90-A"},{"r":"100","t":"24:54:00","h":"Ouest","s":"25N-H50N000S-80-S"},{"r":"100","t":"24:54:00","h":"Ouest","s":"25N-H50N000S-90-S"},{"r":"100","t":"24:54:00","h":"Ouest","s":"25N-H50NV10A-90-A"},{"r":"100","t":"24:54:00","h":"Ouest","s":"25N-H50NV10S-90-S"},{"r":"100","t":"24:54:00","h":"Ouest","s":"25N-H50NV20A-90-A"},{"r":"100","t":"24:54:00","h":"Ouest","s":"25N-H50NV20S-90-S"},{"r":"100","t":"24:54:00","h":"Ouest","s":"25S-H50S000A-81-A"},{"r":"100","t":"24:54:00","h":"Ouest","s":"25S-H50S000S-81-S"},{"r":"100","t":"24:56:00","h":"Ouest","s":"25N-H50N000I-80-I"},{"r":"100","t":"24:56:00","h":"Ouest","s":"25N-H50N000I-90-I"},{"r":"100","t":"24:56:00","h":"Ouest","s":"25N-H50N100F-90-F1"},{"r":"100","t":"24:56:00","h":"Ouest","s":"25N-H50N200F-90-F2"},{"r":"100","t":"24:56:00","h":"Ouest","s":"25N-H50N300F-90-F3"},{"r":"100","t":"24:56:00","h":"Ouest","s":"25N-H50N400F-90-F4"},{"r":"100","t":"24:56:00","h":"Ouest","s":"25N-H50NV10I-90-I"},{"r":"100","t":"24:56:00","h":"Ouest","s":"25N-H50NV20I-90-I"},{"r":"100","t":"24:56:00","h":"Ouest","s":"25S-H50S000I-81-I"},{"r":"100","t":"24:56:00","h":"Ouest","s":"25S-H50S100F-80-F1"},{"r":"100","t":"24:56:00","h":"Ouest","s":"25S-H50S200F-80-F2"}]