[{"r":"215","t":"05:57:06","h":"Ouest","s":"25N-H60N000S-80-S"},{"r":"215","t":"05:57:06","h":"Ouest","s":"25N-H60N000S-98-S"},{"r":"215","t":"05:57:06","h":"Ouest","s":"25N-H60NV10S-98-S"},{"r":"215","t":"05:57:06","h":"Ouest","s":"25N-H60NV20S-98-S"},{"r":"215","t":"05:57:06","h":"Ouest","s":"25S-H60S000S-80-S"},{"r":"171","t":"06:02:35","h":"Est","s":"25N-H60N000S-80-S"},{"r":"171","t":"06:02:35","h":"Est","s":"25N-H60N000S-98-S"},{"r":"171","t":"06:02:35","h":"Est","s":"25N-H60NV10S-98-S"},{"r":"171","t":"06:02:35","h":"Est","s":"25N-H60NV20S-98-S"},{"r":"171","t":"06:02:35","h":"Est","s":"25S-H60S000S-80-S"},{"r":"215","t":"06:15:06","h":"Ouest","s":"25N-H60N000S-80-S"},{"r":"215","t":"06:15:06","h":"Ouest","s":"25N-H60N000S-98-S"},{"r":"215","t":"06:15:06","h":"Ouest","s":"25N-H60NV10S-98-S"},{"r":"215","t":"06:15:06","h":"Ouest","s":"25N-H60NV20S-98-S"},{"r":"215","t":"06:15:06","h":"Ouest","s":"25S-H60S000S-80-S"},{"r":"171","t":"06:16:35","h":"Est","s":"25N-H50N000S-80-S"},{"r":"171","t":"06:16:35","h":"Est","s":"25N-H50N000S-90-S"},{"r":"171","t":"06:16:35","h":"Est","s":"25N-H50NV10S-90-S"},{"r":"171","t":"06:16:35","h":"Est","s":"25N-H50NV20S-90-S"},{"r":"171","t":"06:16:35","h":"Est","s":"25S-H50S000S-81-S"},{"r":"215","t":"06:25:06","h":"Ouest","s":"25N-H60N000I-80-I"},{"r":"215","t":"06:25:06","h":"Ouest","s":"25N-H60N100F-81-F1"},{"r":"215","t":"06:25:06","h":"Ouest","s":"25N-H60N200F-81-F2"},{"r":"215","t":"06:25:06","h":"Ouest","s":"25N-H60N300F-82-F3"},{"r":"215","t":"06:25:06","h":"Ouest","s":"25N-H60N400F-81-F4"},{"r":"215","t":"06:25:06","h":"Ouest","s":"25N-H60NV10I-80-I"},{"r":"215","t":"06:25:06","h":"Ouest","s":"25N-H60NV20I-80-I"},{"r":"215","t":"06:25:06","h":"Ouest","s":"25S-H60S000I-80-I"},{"r":"215","t":"06:25:06","h":"Ouest","s":"25S-H60S100F-82-F1"},{"r":"215","t":"06:25:06","h":"Ouest","s":"25S-H60S200F-81-F2"},{"r":"215","t":"06:25:33","h":"Ouest","s":"25N-H60N000A-80-A"},{"r":"215","t":"06:25:33","h":"Ouest","s":"25N-H60NV10A-80-A"},{"r":"215","t":"06:25:33","h":"Ouest","s":"25N-H60NV20A-80-A"},{"r":"215","t":"06:25:33","h":"Ouest","s":"25S-H60S000A-80-A"},{"r":"171","t":"06:27:35","h":"Est","s":"25N-H60N000S-80-S"},{"r":"171","t":"06:27:35","h":"Est","s":"25N-H60N000S-98-S"},{"r":"171","t":"06:27:35","h":"Est","s":"25N-H60NV10S-98-S"},{"r":"171","t":"06:27:35","h":"Est","s":"25N-H60NV20S-98-S"},{"r":"171","t":"06:27:35","h":"Est","s":"25S-H60S000S-80-S"},{"r":"215","t":"06:30:06","h":"Ouest","s":"25N-H60N000I-80-I"},{"r":"215","t":"06:30:06","h":"Ouest","s":"25N-H60N100F-81-F1"},{"r":"215","t":"06:30:06","h":"Ouest","s":"25N-H60N200F-81-F2"},{"r":"215","t":"06:30:06","h":"Ouest","s":"25N-H60N300F-82-F3"},{"r":"215","t":"06:30:06","h":"Ouest","s":"25N-H60N400F-81-F4"},{"r":"215","t":"06:30:06","h":"Ouest","s":"25N-H60NV10I-80-I"},{"r":"215","t":"06:30:06","h":"Ouest","s":"25N-H60NV20I-80-I"},{"r":"215","t":"06:30:06","h":"Ouest","s":"25S-H60S000I-80-I"},{"r":"215","t":"06:30:06","h":"Ouest","s":"25S-H60S100F-82-F1"},{"r":"215","t":"06:30:06","h":"Ouest","s":"25S-H60S200F-81-F2"},{"r":"215","t":"06:33:06","h":"Ouest","s":"25N-H60N000S-80-S"},{"r":"215","t":"06:33:06","h":"Ouest","s":"25N-H60N000S-98-S"},{"r":"215","t":"06:33:06","h":"Ouest","s":"25N-H60NV10S-98-S"},{"r":"215","t":"06:33:06","h":"Ouest","s":"25N-H60NV20S-98-S"},{"r":"215","t":"06:33:06","h":"Ouest","s":"25S-H60S000S-80-S"},{"r":"215","t":"06:34:33","h":"Ouest","s":"25N-H60N000A-80-A"},{"r":"215","t":"06:34:33","h":"Ouest","s":"25N-H60NV10A-80-A"},{"r":"215","t":"06:34:33","h":"Ouest","s":"25N-H60NV20A-80-A"},{"r":"215","t":"06:34:33","h":"Ouest","s":"25S-H60S000A-80-A"},{"r":"171","t":"06:37:35","h":"Est","s":"25N-H58N000S-80-S"},{"r":"171","t":"06:37:35","h":"Est","s":"25N-H58NV10S-80-S"},{"r":"171","t":"06:37:35","h":"Est","s":"25N-H58NV20S-80-S"},{"r":"171","t":"06:37:35","h":"Est","s":"25S-H58S000S-80-S"},{"r":"215","t":"06:43:33","h":"Ouest","s":"25N-H60N000A-80-A"},{"r":"215","t":"06:43:33","h":"Ouest","s":"25N-H60NV10A-80-A"},{"r":"215","t":"06:43:33","h":"Ouest","s":"25N-H60NV20A-80-A"},{"r":"215","t":"06:43:33","h":"Ouest","s":"25S-H60S000A-80-A"},{"r":"171","t":"06:47:35","h":"Est","s":"25N-H50N000S-80-S"},{"r":"171","t":"06:47:35","h":"Est","s":"25N-H50N000S-90-S"},{"r":"171","t":"06:47:35","h":"Est","s":"25N-H50NV10S-90-S"},{"r":"171","t":"06:47:35","h":"Est","s":"25N-H50NV20S-90-S"},{"r":"171","t":"06:47:35","h":"Est","s":"25S-H50S000S-81-S"},{"r":"215","t":"06:51:40","h":"Ouest","s":"25N-H60N000S-80-S"},{"r":"215","t":"06:51:40","h":"Ouest","s":"25N-H60N000S-98-S"},{"r":"215","t":"06:51:40","h":"Ouest","s":"25N-H60NV10S-98-S"},{"r":"215","t":"06:51:40","h":"Ouest","s":"25N-H60NV20S-98-S"},{"r":"215","t":"06:51:40","h":"Ouest","s":"25S-H60S000S-80-S"},{"r":"215","t":"06:52:33","h":"Ouest","s":"25N-H60N000A-80-A"},{"r":"215","t":"06:52:33","h":"Ouest","s":"25N-H60NV10A-80-A"},{"r":"215","t":"06:52:33","h":"Ouest","s":"25N-H60NV20A-80-A"},{"r":"215","t":"06:52:33","h":"Ouest","s":"25S-H60S000A-80-A"},{"r":"215","t":"06:55:06","h":"Ouest","s":"25N-H60N000I-80-I"},{"r":"215","t":"06:55:06","h":"Ouest","s":"25N-H60N100F-81-F1"},{"r":"215","t":"06:55:06","h":"Ouest","s":"25N-H60N200F-81-F2"},{"r":"215","t":"06:55:06","h":"Ouest","s":"25N-H60N300F-82-F3"},{"r":"215","t":"06:55:06","h":"Ouest","s":"25N-H60N400F-81-F4"},{"r":"215","t":"06:55:06","h":"Ouest","s":"25N-H60NV10I-80-I"},{"r":"215","t":"06:55:06","h":"Ouest","s":"25N-H60NV20I-80-I"},{"r":"215","t":"06:55:06","h":"Ouest","s":"25S-H60S000I-80-I"},{"r":"215","t":"06:55:06","h":"Ouest","s":"25S-H60S100F-82-F1"},{"r":"215","t":"06:55:06","h":"Ouest","s":"25S-H60S200F-81-F2"},{"r":"171","t":"06:56:35","h":"Est","s":"25N-H50N000S-80-S"},{"r":"171","t":"06:56:35","h":"Est","s":"25N-H50N000S-90-S"},{"r":"171","t":"06:56:35","h":"Est","s":"25N-H50NV10S-90-S"},{"r":"171","t":"06:56:35","h":"Est","s":"25N-H50NV20S-90-S"},{"r":"171","t":"06:56:35","h":"Est","s":"25S-H50S000S-81-S"},{"r":"215","t":"07:02:33","h":"Ouest","s":"25N-H60N000A-80-A"},{"r":"215","t":"07:02:33","h":"Ouest","s":"25N-H60NV10A-80-A"},{"r":"215","t":"07:02:33","h":"Ouest","s":"25N-H60NV20A-80-A"},{"r":"215","t":"07:02:33","h":"Ouest","s":"25S-H60S000A-80-A"},{"r":"171","t":"07:04:35","h":"Est","s":"25N-H60N000S-80-S"},{"r":"171","t":"07:04:35","h":"Est","s":"25N-H60N000S-98-S"},{"r":"171","t":"07:04:35","h":"Est","s":"25N-H60NV10S-98-S"},{"r":"171","t":"07:04:35","h":"Est","s":"25N-H60NV20S-98-S"},{"r":"171","t":"07:04:35","h":"Est","s":"25S-H60S000S-80-S"},{"r":"215","t":"07:04:40","h":"Ouest","s":"25N-H60N000S-80-S"},{"r":"215","t":"07:04:40","h":"Ouest","s":"25N-H60N000S-98-S"},{"r":"215","t":"07:04:40","h":"Ouest","s":"25N-H60NV10S-98-S"},{"r":"215","t":"07:04:40","h":"Ouest","s":"25N-H60NV20S-98-S"},{"r":"215","t":"07:04:40","h":"Ouest","s":"25S-H60S000S-80-S"},{"r":"171","t":"07:10:35","h":"Est","s":"25N-H50N000S-80-S"},{"r":"171","t":"07:10:35","h":"Est","s":"25N-H50N000S-90-S"},{"r":"171","t":"07:10:35","h":"Est","s":"25N-H50NV10S-90-S"},{"r":"171","t":"07:10:35","h":"Est","s":"25N-H50NV20S-90-S"},{"r":"171","t":"07:10:35","h":"Est","s":"25S-H50S000S-81-S"},{"r":"171","t":"07:17:35","h":"Est","s":"25N-H50N000S-80-S"},{"r":"171","t":"07:17:35","h":"Est","s":"25N-H50N000S-90-S"},{"r":"171","t":"07:17:35","h":"Est","s":"25N-H50NV10S-90-S"},{"r":"171","t":"07:17:35","h":"Est","s":"25N-H50NV20S-90-S"},{"r":"171","t":"07:17:35","h":"Est","s":"25S-H50S000S-81-S"},{"r":"215","t":"07:17:40","h":"Ouest","s":"25N-H60N000S-80-S"},{"r":"215","t":"07:17:40","h":"Ouest","s":"25N-H60N000S-98-S"},{"r":"215","t":"07:17:40","h":"Ouest","s":"25N-H60NV10S-98-S"},{"r":"215","t":"07:17:40","h":"Ouest","s":"25N-H60NV20S-98-S"},{"r":"215","t":"07:17:40","h":"Ouest","s":"25S-H60S000S-80-S"},{"r":"215","t":"07:22:33","h":"Ouest","s":"25N-H60N000A-80-A"},{"r":"215","t":"07:22:33","h":"Ouest","s":"25N-H60NV10A-80-A"},{"r":"215","t":"07:22:33","h":"Ouest","s":"25N-H60NV20A-80-A"},{"r":"215","t":"07:22:33","h":"Ouest","s":"25S-H60S000A-80-A"},{"r":"215","t":"07:25:06","h":"Ouest","s":"25N-H60N000I-80-I"},{"r":"215","t":"07:25:06","h":"Ouest","s":"25N-H60N100F-81-F1"},{"r":"215","t":"07:25:06","h":"Ouest","s":"25N-H60N200F-81-F2"},{"r":"215","t":"07:25:06","h":"Ouest","s":"25N-H60N300F-82-F3"},{"r":"215","t":"07:25:06","h":"Ouest","s":"25N-H60N400F-81-F4"},{"r":"215","t":"07:25:06","h":"Ouest","s":"25N-H60NV10I-80-I"},{"r":"215","t":"07:25:06","h":"Ouest","s":"25N-H60NV20I-80-I"},{"r":"215","t":"07:25:06","h":"Ouest","s":"25S-H60S000I-80-I"},{"r":"215","t":"07:25:06","h":"Ouest","s":"25S-H60S100F-82-F1"},{"r":"215","t":"07:25:06","h":"Ouest","s":"25S-H60S200F-81-F2"},{"r":"171","t":"07:28:35","h":"Est","s":"25N-H50N000S-80-S"},{"r":"171","t":"07:28:35","h":"Est","s":"25N-H50N000S-90-S"},{"r":"171","t":"07:28:35","h":"Est","s":"25N-H50NV10S-90-S"},{"r":"171","t":"07:28:35","h":"Est","s":"25N-H50NV20S-90-S"},{"r":"171","t":"07:28:35","h":"Est","s":"25S-H50S000S-81-S"},{"r":"215","t":"07:30:40","h":"Ouest","s":"25N-H60N000S-80-S"},{"r":"215","t":"07:30:40","h":"Ouest","s":"25N-H60N000S-98-S"},{"r":"215","t":"07:30:40","h":"Ouest","s":"25N-H60NV10S-98-S"},{"r":"215","t":"07:30:40","h":"Ouest","s":"25N-H60NV20S-98-S"},{"r":"215","t":"07:30:40","h":"Ouest","s":"25S-H60S000S-80-S"},{"r":"171","t":"07:39:35","h":"Est","s":"25N-H50N000S-80-S"},{"r":"171","t":"07:39:35","h":"Est","s":"25N-H50N000S-90-S"},{"r":"171","t":"07:39:35","h":"Est","s":"25N-H50NV10S-90-S"},{"r":"171","t":"07:39:35","h":"Est","s":"25N-H50NV20S-90-S"},{"r":"171","t":"07:39:35","h":"Est","s":"25S-H50S000S-81-S"},{"r":"215","t":"07:44:06","h":"Ouest","s":"25N-H60N000A-80-A"},{"r":"215","t":"07:44:06","h":"Ouest","s":"25N-H60NV10A-80-A"},{"r":"215","t":"07:44:06","h":"Ouest","s":"25N-H60NV20A-80-A"},{"r":"215","t":"07:44:06","h":"Ouest","s":"25S-H60S000A-80-A"},{"r":"215","t":"07:52:40","h":"Ouest","s":"25N-H60N000S-80-S"},{"r":"215","t":"07:52:40","h":"Ouest","s":"25N-H60N000S-98-S"},{"r":"215","t":"07:52:40","h":"Ouest","s":"25N-H60NV10S-98-S"},{"r":"215","t":"07:52:40","h":"Ouest","s":"25N-H60NV20S-98-S"},{"r":"215","t":"07:52:40","h":"Ouest","s":"25S-H60S000S-80-S"},{"r":"171","t":"07:53:35","h":"Est","s":"25N-H50N000S-80-S"},{"r":"171","t":"07:53:35","h":"Est","s":"25N-H50N000S-90-S"},{"r":"171","t":"07:53:35","h":"Est","s":"25N-H50NV10S-90-S"},{"r":"171","t":"07:53:35","h":"Est","s":"25N-H50NV20S-90-S"},{"r":"171","t":"07:53:35","h":"Est","s":"25S-H50S000S-81-S"},{"r":"215","t":"07:56:06","h":"Ouest","s":"25N-H60N000I-80-I"},{"r":"215","t":"07:56:06","h":"Ouest","s":"25N-H60N100F-81-F1"},{"r":"215","t":"07:56:06","h":"Ouest","s":"25N-H60N200F-81-F2"},{"r":"215","t":"07:56:06","h":"Ouest","s":"25N-H60N300F-82-F3"},{"r":"215","t":"07:56:06","h":"Ouest","s":"25N-H60N400F-81-F4"},{"r":"215","t":"07:56:06","h":"Ouest","s":"25N-H60NV10I-80-I"},{"r":"215","t":"07:56:06","h":"Ouest","s":"25N-H60NV20I-80-I"},{"r":"215","t":"07:56:06","h":"Ouest","s":"25S-H60S000I-80-I"},{"r":"215","t":"07:56:06","h":"Ouest","s":"25S-H60S100F-82-F1"},{"r":"215","t":"07:56:06","h":"Ouest","s":"25S-H60S200F-81-F2"},{"r":"215","t":"08:04:06","h":"Ouest","s":"25N-H60N000A-80-A"},{"r":"215","t":"08:04:06","h":"Ouest","s":"25N-H60NV10A-80-A"},{"r":"215","t":"08:04:06","h":"Ouest","s":"25N-H60NV20A-80-A"},{"r":"215","t":"08:04:06","h":"Ouest","s":"25S-H60S000A-80-A"},{"r":"171","t":"08:08:35","h":"Est","s":"25N-H50N000S-80-S"},{"r":"171","t":"08:08:35","h":"Est","s":"25N-H50N000S-90-S"},{"r":"171","t":"08:08:35","h":"Est","s":"25N-H50NV10S-90-S"},{"r":"171","t":"08:08:35","h":"Est","s":"25N-H50NV20S-90-S"},{"r":"171","t":"08:08:35","h":"Est","s":"25S-H50S000S-81-S"},{"r":"215","t":"08:13:40","h":"Ouest","s":"25N-H60N000S-80-S"},{"r":"215","t":"08:13:40","h":"Ouest","s":"25N-H60N000S-98-S"},{"r":"215","t":"08:13:40","h":"Ouest","s":"25N-H60NV10S-98-S"},{"r":"215","t":"08:13:40","h":"Ouest","s":"25N-H60NV20S-98-S"},{"r":"215","t":"08:13:40","h":"Ouest","s":"25S-H60S000S-80-S"},{"r":"215","t":"08:25:06","h":"Ouest","s":"25N-H60N000A-80-A"},{"r":"215","t":"08:25:06","h":"Ouest","s":"25N-H60NV10A-80-A"},{"r":"215","t":"08:25:06","h":"Ouest","s":"25N-H60NV20A-80-A"},{"r":"215","t":"08:25:06","h":"Ouest","s":"25S-H60S000A-80-A"},{"r":"171","t":"08:25:35","h":"Est","s":"25N-H50N000S-80-S"},{"r":"171","t":"08:25:35","h":"Est","s":"25N-H50N000S-90-S"},{"r":"171","t":"08:25:35","h":"Est","s":"25N-H50NV10S-90-S"},{"r":"171","t":"08:25:35","h":"Est","s":"25N-H50NV20S-90-S"},{"r":"171","t":"08:25:35","h":"Est","s":"25S-H50S000S-81-S"},{"r":"215","t":"08:26:06","h":"Ouest","s":"25N-H60N000I-80-I"},{"r":"215","t":"08:26:06","h":"Ouest","s":"25N-H60N100F-81-F1"},{"r":"215","t":"08:26:06","h":"Ouest","s":"25N-H60N200F-81-F2"},{"r":"215","t":"08:26:06","h":"Ouest","s":"25N-H60N300F-82-F3"},{"r":"215","t":"08:26:06","h":"Ouest","s":"25N-H60N400F-81-F4"},{"r":"215","t":"08:26:06","h":"Ouest","s":"25N-H60NV10I-80-I"},{"r":"215","t":"08:26:06","h":"Ouest","s":"25N-H60NV20I-80-I"},{"r":"215","t":"08:26:06","h":"Ouest","s":"25S-H60S000I-80-I"},{"r":"215","t":"08:26:06","h":"Ouest","s":"25S-H60S100F-82-F1"},{"r":"215","t":"08:26:06","h":"Ouest","s":"25S-H60S200F-81-F2"},{"r":"215","t":"08:34:40","h":"Ouest","s":"25N-H60N000S-80-S"},{"r":"215","t":"08:34:40","h":"Ouest","s":"25N-H60N000S-98-S"},{"r":"215","t":"08:34:40","h":"Ouest","s":"25N-H60NV10S-98-S"},{"r":"215","t":"08:34:40","h":"Ouest","s":"25N-H60NV20S-98-S"},{"r":"215","t":"08:34:40","h":"Ouest","s":"25S-H60S000S-80-S"},{"r":"171","t":"08:43:35","h":"Est","s":"25N-H58N000S-80-S"},{"r":"171","t":"08:43:35","h":"Est","s":"25N-H58NV10S-80-S"},{"r":"171","t":"08:43:35","h":"Est","s":"25N-H58NV20S-80-S"},{"r":"171","t":"08:43:35","h":"Est","s":"25S-H58S000S-80-S"},{"r":"215","t":"08:46:06","h":"Ouest","s":"25N-H60N000A-80-A"},{"r":"215","t":"08:46:06","h":"Ouest","s":"25N-H60NV10A-80-A"},{"r":"215","t":"08:46:06","h":"Ouest","s":"25N-H60NV20A-80-A"},{"r":"215","t":"08:46:06","h":"Ouest","s":"25S-H60S000A-80-A"},{"r":"215","t":"08:54:06","h":"Ouest","s":"25N-H60N000S-80-S"},{"r":"215","t":"08:54:06","h":"Ouest","s":"25N-H60N000S-98-S"},{"r":"215","t":"08:54:06","h":"Ouest","s":"25N-H60NV10S-98-S"},{"r":"215","t":"08:54:06","h":"Ouest","s":"25N-H60NV20S-98-S"},{"r":"215","t":"08:54:06","h":"Ouest","s":"25S-H60S000S-80-S"},{"r":"215","t":"08:57:06","h":"Ouest","s":"25N-H60N000I-80-I"},{"r":"215","t":"08:57:06","h":"Ouest","s":"25N-H60N100F-81-F1"},{"r":"215","t":"08:57:06","h":"Ouest","s":"25N-H60N200F-81-F2"},{"r":"215","t":"08:57:06","h":"Ouest","s":"25N-H60N300F-82-F3"},{"r":"215","t":"08:57:06","h":"Ouest","s":"25N-H60N400F-81-F4"},{"r":"215","t":"08:57:06","h":"Ouest","s":"25N-H60NV10I-80-I"},{"r":"215","t":"08:57:06","h":"Ouest","s":"25N-H60NV20I-80-I"},{"r":"215","t":"08:57:06","h":"Ouest","s":"25S-H60S000I-80-I"},{"r":"215","t":"08:57:06","h":"Ouest","s":"25S-H60S100F-82-F1"},{"r":"215","t":"08:57:06","h":"Ouest","s":"25S-H60S200F-81-F2"},{"r":"171","t":"09:01:35","h":"Est","s":"25N-H58N000S-80-S"},{"r":"171","t":"09:01:35","h":"Est","s":"25N-H58NV10S-80-S"},{"r":"171","t":"09:01:35","h":"Est","s":"25N-H58NV20S-80-S"},{"r":"171","t":"09:01:35","h":"Est","s":"25S-H58S000S-80-S"},{"r":"215","t":"09:08:06","h":"Ouest","s":"25N-H60N000A-80-A"},{"r":"215","t":"09:08:06","h":"Ouest","s":"25N-H60NV10A-80-A"},{"r":"215","t":"09:08:06","h":"Ouest","s":"25N-H60NV20A-80-A"},{"r":"215","t":"09:08:06","h":"Ouest","s":"25S-H60S000A-80-A"},{"r":"171","t":"09:19:35","h":"Est","s":"25N-H50N000S-80-S"},{"r":"171","t":"09:19:35","h":"Est","s":"25N-H50N000S-90-S"},{"r":"171","t":"09:19:35","h":"Est","s":"25N-H50NV10S-90-S"},{"r":"171","t":"09:19:35","h":"Est","s":"25N-H50NV20S-90-S"},{"r":"171","t":"09:19:35","h":"Est","s":"25S-H50S000S-81-S"},{"r":"215","t":"09:20:06","h":"Ouest","s":"25N-H60N000S-80-S"},{"r":"215","t":"09:20:06","h":"Ouest","s":"25N-H60N000S-98-S"},{"r":"215","t":"09:20:06","h":"Ouest","s":"25N-H60NV10S-98-S"},{"r":"215","t":"09:20:06","h":"Ouest","s":"25N-H60NV20S-98-S"},{"r":"215","t":"09:20:06","h":"Ouest","s":"25S-H60S000S-80-S"},{"r":"215","t":"09:28:06","h":"Ouest","s":"25N-H60N000I-80-I"},{"r":"215","t":"09:28:06","h":"Ouest","s":"25N-H60N100F-81-F1"},{"r":"215","t":"09:28:06","h":"Ouest","s":"25N-H60N200F-81-F2"},{"r":"215","t":"09:28:06","h":"Ouest","s":"25N-H60N300F-82-F3"},{"r":"215","t":"09:28:06","h":"Ouest","s":"25N-H60N400F-81-F4"},{"r":"215","t":"09:28:06","h":"Ouest","s":"25N-H60NV10I-80-I"},{"r":"215","t":"09:28:06","h":"Ouest","s":"25N-H60NV20I-80-I"},{"r":"215","t":"09:28:06","h":"Ouest","s":"25S-H60S000I-80-I"},{"r":"215","t":"09:28:06","h":"Ouest","s":"25S-H60S100F-82-F1"},{"r":"215","t":"09:28:06","h":"Ouest","s":"25S-H60S200F-81-F2"},{"r":"215","t":"09:38:06","h":"Ouest","s":"25N-H60N000A-80-A"},{"r":"215","t":"09:38:06","h":"Ouest","s":"25N-H60NV10A-80-A"},{"r":"215","t":"09:38:06","h":"Ouest","s":"25N-H60NV20A-80-A"},{"r":"215","t":"09:38:06","h":"Ouest","s":"25S-H60S000A-80-A"},{"r":"215","t":"09:47:06","h":"Ouest","s":"25N-H60N000S-80-S"},{"r":"215","t":"09:47:06","h":"Ouest","s":"25N-H60N000S-98-S"},{"r":"215","t":"09:47:06","h":"Ouest","s":"25N-H60NV10S-98-S"},{"r":"215","t":"09:47:06","h":"Ouest","s":"25N-H60NV20S-98-S"},{"r":"215","t":"09:47:06","h":"Ouest","s":"25S-H60S000S-80-S"},{"r":"215","t":"09:59:06","h":"Ouest","s":"25N-H60N000I-80-I"},{"r":"215","t":"09:59:06","h":"Ouest","s":"25N-H60N100F-81-F1"},{"r":"215","t":"09:59:06","h":"Ouest","s":"25N-H60N200F-81-F2"},{"r":"215","t":"09:59:06","h":"Ouest","s":"25N-H60N300F-82-F3"},{"r":"215","t":"09:59:06","h":"Ouest","s":"25N-H60N400F-81-F4"},{"r":"215","t":"09:59:06","h":"Ouest","s":"25N-H60NV10I-80-I"},{"r":"215","t":"09:59:06","h":"Ouest","s":"25N-H60NV20I-80-I"},{"r":"215","t":"09:59:06","h":"Ouest","s":"25S-H60S000I-80-I"},{"r":"215","t":"09:59:06","h":"Ouest","s":"25S-H60S100F-82-F1"},{"r":"215","t":"09:59:06","h":"Ouest","s":"25S-H60S200F-81-F2"},{"r":"215","t":"10:08:06","h":"Ouest","s":"25N-H60N000A-80-A"},{"r":"215","t":"10:08:06","h":"Ouest","s":"25N-H60NV10A-80-A"},{"r":"215","t":"10:08:06","h":"Ouest","s":"25N-H60NV20A-80-A"},{"r":"215","t":"10:08:06","h":"Ouest","s":"25S-H60S000A-80-A"},{"r":"215","t":"10:15:06","h":"Ouest","s":"25N-H60N000S-80-S"},{"r":"215","t":"10:15:06","h":"Ouest","s":"25N-H60N000S-98-S"},{"r":"215","t":"10:15:06","h":"Ouest","s":"25N-H60NV10S-98-S"},{"r":"215","t":"10:15:06","h":"Ouest","s":"25N-H60NV20S-98-S"},{"r":"215","t":"10:15:06","h":"Ouest","s":"25S-H60S000S-80-S"},{"r":"215","t":"10:31:06","h":"Ouest","s":"25N-H60N000I-80-I"},{"r":"215","t":"10:31:06","h":"Ouest","s":"25N-H60N100F-81-F1"},{"r":"215","t":"10:31:06","h":"Ouest","s":"25N-H60N200F-81-F2"},{"r":"215","t":"10:31:06","h":"Ouest","s":"25N-H60N300F-82-F3"},{"r":"215","t":"10:31:06","h":"Ouest","s":"25N-H60N400F-81-F4"},{"r":"215","t":"10:31:06","h":"Ouest","s":"25N-H60NV10I-80-I"},{"r":"215","t":"10:31:06","h":"Ouest","s":"25N-H60NV20I-80-I"},{"r":"215","t":"10:31:06","h":"Ouest","s":"25S-H60S000I-80-I"},{"r":"215","t":"10:31:06","h":"Ouest","s":"25S-H60S100F-82-F1"},{"r":"215","t":"10:31:06","h":"Ouest","s":"25S-H60S200F-81-F2"},{"r":"215","t":"10:38:06","h":"Ouest","s":"25N-H60N000A-80-A"},{"r":"215","t":"10:38:06","h":"Ouest","s":"25N-H60NV10A-80-A"},{"r":"215","t":"10:38:06","h":"Ouest","s":"25N-H60NV20A-80-A"},{"r":"215","t":"10:38:06","h":"Ouest","s":"25S-H60S000A-80-A"},{"r":"215","t":"10:44:06","h":"Ouest","s":"25N-H60N000S-80-S"},{"r":"215","t":"10:44:06","h":"Ouest","s":"25N-H60N000S-98-S"},{"r":"215","t":"10:44:06","h":"Ouest","s":"25N-H60NV10S-98-S"},{"r":"215","t":"10:44:06","h":"Ouest","s":"25N-H60NV20S-98-S"},{"r":"215","t":"10:44:06","h":"Ouest","s":"25S-H60S000S-80-S"},{"r":"215","t":"11:02:06","h":"Ouest","s":"25N-H60N000I-80-I"},{"r":"215","t":"11:02:06","h":"Ouest","s":"25N-H60N100F-81-F1"},{"r":"215","t":"11:02:06","h":"Ouest","s":"25N-H60N200F-81-F2"},{"r":"215","t":"11:02:06","h":"Ouest","s":"25N-H60N300F-82-F3"},{"r":"215","t":"11:02:06","h":"Ouest","s":"25N-H60N400F-81-F4"},{"r":"215","t":"11:02:06","h":"Ouest","s":"25N-H60NV10I-80-I"},{"r":"215","t":"11:02:06","h":"Ouest","s":"25N-H60NV20I-80-I"},{"r":"215","t":"11:02:06","h":"Ouest","s":"25S-H60S000I-80-I"},{"r":"215","t":"11:02:06","h":"Ouest","s":"25S-H60S100F-82-F1"},{"r":"215","t":"11:02:06","h":"Ouest","s":"25S-H60S200F-81-F2"},{"r":"215","t":"11:08:06","h":"Ouest","s":"25N-H60N000A-80-A"},{"r":"215","t":"11:08:06","h":"Ouest","s":"25N-H60NV10A-80-A"},{"r":"215","t":"11:08:06","h":"Ouest","s":"25N-H60NV20A-80-A"},{"r":"215","t":"11:08:06","h":"Ouest","s":"25S-H60S000A-80-A"},{"r":"215","t":"11:12:06","h":"Ouest","s":"25N-H60N000S-80-S"},{"r":"215","t":"11:12:06","h":"Ouest","s":"25N-H60N000S-98-S"},{"r":"215","t":"11:12:06","h":"Ouest","s":"25N-H60NV10S-98-S"},{"r":"215","t":"11:12:06","h":"Ouest","s":"25N-H60NV20S-98-S"},{"r":"215","t":"11:12:06","h":"Ouest","s":"25S-H60S000S-80-S"},{"r":"215","t":"11:35:06","h":"Ouest","s":"25N-H60N000I-80-I"},{"r":"215","t":"11:35:06","h":"Ouest","s":"25N-H60N100F-81-F1"},{"r":"215","t":"11:35:06","h":"Ouest","s":"25N-H60N200F-81-F2"},{"r":"215","t":"11:35:06","h":"Ouest","s":"25N-H60N300F-82-F3"},{"r":"215","t":"11:35:06","h":"Ouest","s":"25N-H60N400F-81-F4"},{"r":"215","t":"11:35:06","h":"Ouest","s":"25N-H60NV10I-80-I"},{"r":"215","t":"11:35:06","h":"Ouest","s":"25N-H60NV20I-80-I"},{"r":"215","t":"11:35:06","h":"Ouest","s":"25S-H60S000I-80-I"},{"r":"215","t":"11:35:06","h":"Ouest","s":"25S-H60S100F-82-F1"},{"r":"215","t":"11:35:06","h":"Ouest","s":"25S-H60S200F-81-F2"},{"r":"215","t":"11:38:06","h":"Ouest","s":"25N-H60N000A-80-A"},{"r":"215","t":"11:38:06","h":"Ouest","s":"25N-H60NV10A-80-A"},{"r":"215","t":"11:38:06","h":"Ouest","s":"25N-H60NV20A-80-A"},{"r":"215","t":"11:38:06","h":"Ouest","s":"25S-H60S000A-80-A"},{"r":"215","t":"11:40:06","h":"Ouest","s":"25N-H60N000S-80-S"},{"r":"215","t":"11:40:06","h":"Ouest","s":"25N-H60N000S-98-S"},{"r":"215","t":"11:40:06","h":"Ouest","s":"25N-H60NV10S-98-S"},{"r":"215","t":"11:40:06","h":"Ouest","s":"25N-H60NV20S-98-S"},{"r":"215","t":"11:40:06","h":"Ouest","s":"25S-H60S000S-80-S"},{"r":"215","t":"12:06:40","h":"Ouest","s":"25N-H60N000S-80-S"},{"r":"215","t":"12:06:40","h":"Ouest","s":"25N-H60N000S-98-S"},{"r":"215","t":"12:06:40","h":"Ouest","s":"25N-H60NV10S-98-S"},{"r":"215","t":"12:06:40","h":"Ouest","s":"25N-H60NV20S-98-S"},{"r":"215","t":"12:06:40","h":"Ouest","s":"25S-H60S000S-80-S"},{"r":"215","t":"12:07:06","h":"Ouest","s":"25N-H60N000I-80-I"},{"r":"215","t":"12:07:06","h":"Ouest","s":"25N-H60N100F-81-F1"},{"r":"215","t":"12:07:06","h":"Ouest","s":"25N-H60N200F-81-F2"},{"r":"215","t":"12:07:06","h":"Ouest","s":"25N-H60N300F-82-F3"},{"r":"215","t":"12:07:06","h":"Ouest","s":"25N-H60N400F-81-F4"},{"r":"215","t":"12:07:06","h":"Ouest","s":"25N-H60NV10I-80-I"},{"r":"215","t":"12:07:06","h":"Ouest","s":"25N-H60NV20I-80-I"},{"r":"215","t":"12:07:06","h":"Ouest","s":"25S-H60S000I-80-I"},{"r":"215","t":"12:07:06","h":"Ouest","s":"25S-H60S100F-82-F1"},{"r":"215","t":"12:07:06","h":"Ouest","s":"25S-H60S200F-81-F2"},{"r":"215","t":"12:09:06","h":"Ouest","s":"25N-H60N000A-80-A"},{"r":"215","t":"12:09:06","h":"Ouest","s":"25N-H60NV10A-80-A"},{"r":"215","t":"12:09:06","h":"Ouest","s":"25N-H60NV20A-80-A"},{"r":"215","t":"12:09:06","h":"Ouest","s":"25S-H60S000A-80-A"},{"r":"215","t":"12:32:40","h":"Ouest","s":"25N-H60N000S-80-S"},{"r":"215","t":"12:32:40","h":"Ouest","s":"25N-H60N000S-98-S"},{"r":"215","t":"12:32:40","h":"Ouest","s":"25N-H60NV10S-98-S"},{"r":"215","t":"12:32:40","h":"Ouest","s":"25N-H60NV20S-98-S"},{"r":"215","t":"12:32:40","h":"Ouest","s":"25S-H60S000S-80-S"},{"r":"215","t":"12:36:06","h":"Ouest","s":"25N-H60N000A-80-A"},{"r":"215","t":"12:36:06","h":"Ouest","s":"25N-H60NV10A-80-A"},{"r":"215","t":"12:36:06","h":"Ouest","s":"25N-H60NV20A-80-A"},{"r":"215","t":"12:36:06","h":"Ouest","s":"25S-H60S000A-80-A"},{"r":"215","t":"12:38:06","h":"Ouest","s":"25N-H60N000I-80-I"},{"r":"215","t":"12:38:06","h":"Ouest","s":"25N-H60N100F-81-F1"},{"r":"215","t":"12:38:06","h":"Ouest","s":"25N-H60N200F-81-F2"},{"r":"215","t":"12:38:06","h":"Ouest","s":"25N-H60N300F-82-F3"},{"r":"215","t":"12:38:06","h":"Ouest","s":"25N-H60N400F-81-F4"},{"r":"215","t":"12:38:06","h":"Ouest","s":"25N-H60NV10I-80-I"},{"r":"215","t":"12:38:06","h":"Ouest","s":"25N-H60NV20I-80-I"},{"r":"215","t":"12:38:06","h":"Ouest","s":"25S-H60S000I-80-I"},{"r":"215","t":"12:38:06","h":"Ouest","s":"25S-H60S100F-82-F1"},{"r":"215","t":"12:38:06","h":"Ouest","s":"25S-H60S200F-81-F2"},{"r":"215","t":"12:57:40","h":"Ouest","s":"25N-H60N000S-80-S"},{"r":"215","t":"12:57:40","h":"Ouest","s":"25N-H60N000S-98-S"},{"r":"215","t":"12:57:40","h":"Ouest","s":"25N-H60NV10S-98-S"},{"r":"215","t":"12:57:40","h":"Ouest","s":"25N-H60NV20S-98-S"},{"r":"215","t":"12:57:40","h":"Ouest","s":"25S-H60S000S-80-S"},{"r":"215","t":"13:03:06","h":"Ouest","s":"25N-H60N000A-80-A"},{"r":"215","t":"13:03:06","h":"Ouest","s":"25N-H60NV10A-80-A"},{"r":"215","t":"13:03:06","h":"Ouest","s":"25N-H60NV20A-80-A"},{"r":"215","t":"13:03:06","h":"Ouest","s":"25S-H60S000A-80-A"},{"r":"215","t":"13:08:06","h":"Ouest","s":"25N-H60N000I-80-I"},{"r":"215","t":"13:08:06","h":"Ouest","s":"25N-H60N100F-81-F1"},{"r":"215","t":"13:08:06","h":"Ouest","s":"25N-H60N200F-81-F2"},{"r":"215","t":"13:08:06","h":"Ouest","s":"25N-H60N300F-82-F3"},{"r":"215","t":"13:08:06","h":"Ouest","s":"25N-H60N400F-81-F4"},{"r":"215","t":"13:08:06","h":"Ouest","s":"25N-H60NV10I-80-I"},{"r":"215","t":"13:08:06","h":"Ouest","s":"25N-H60NV20I-80-I"},{"r":"215","t":"13:08:06","h":"Ouest","s":"25S-H60S000I-80-I"},{"r":"215","t":"13:08:06","h":"Ouest","s":"25S-H60S100F-82-F1"},{"r":"215","t":"13:08:06","h":"Ouest","s":"25S-H60S200F-81-F2"},{"r":"215","t":"13:22:40","h":"Ouest","s":"25N-H60N000S-80-S"},{"r":"215","t":"13:22:40","h":"Ouest","s":"25N-H60N000S-98-S"},{"r":"215","t":"13:22:40","h":"Ouest","s":"25N-H60NV10S-98-S"},{"r":"215","t":"13:22:40","h":"Ouest","s":"25N-H60NV20S-98-S"},{"r":"215","t":"13:22:40","h":"Ouest","s":"25S-H60S000S-80-S"},{"r":"215","t":"13:29:06","h":"Ouest","s":"25N-H60N000A-80-A"},{"r":"215","t":"13:29:06","h":"Ouest","s":"25N-H60NV10A-80-A"},{"r":"215","t":"13:29:06","h":"Ouest","s":"25N-H60NV20A-80-A"},{"r":"215","t":"13:29:06","h":"Ouest","s":"25S-H60S000A-80-A"},{"r":"215","t":"13:37:06","h":"Ouest","s":"25N-H60N000I-80-I"},{"r":"215","t":"13:37:06","h":"Ouest","s":"25N-H60N100F-81-F1"},{"r":"215","t":"13:37:06","h":"Ouest","s":"25N-H60N200F-81-F2"},{"r":"215","t":"13:37:06","h":"Ouest","s":"25N-H60N300F-82-F3"},{"r":"215","t":"13:37:06","h":"Ouest","s":"25N-H60N400F-81-F4"},{"r":"215","t":"13:37:06","h":"Ouest","s":"25N-H60NV10I-80-I"},{"r":"215","t":"13:37:06","h":"Ouest","s":"25N-H60NV20I-80-I"},{"r":"215","t":"13:37:06","h":"Ouest","s":"25S-H60S000I-80-I"},{"r":"215","t":"13:37:06","h":"Ouest","s":"25S-H60S100F-82-F1"},{"r":"215","t":"13:37:06","h":"Ouest","s":"25S-H60S200F-81-F2"},{"r":"215","t":"13:43:40","h":"Ouest","s":"25N-H60N000S-80-S"},{"r":"215","t":"13:43:40","h":"Ouest","s":"25N-H60N000S-98-S"},{"r":"215","t":"13:43:40","h":"Ouest","s":"25N-H60NV10S-98-S"},{"r":"215","t":"13:43:40","h":"Ouest","s":"25N-H60NV20S-98-S"},{"r":"215","t":"13:43:40","h":"Ouest","s":"25S-H60S000S-80-S"},{"r":"215","t":"13:56:06","h":"Ouest","s":"25N-H60N000A-80-A"},{"r":"215","t":"13:56:06","h":"Ouest","s":"25N-H60NV10A-80-A"},{"r":"215","t":"13:56:06","h":"Ouest","s":"25N-H60NV20A-80-A"},{"r":"215","t":"13:56:06","h":"Ouest","s":"25S-H60S000A-80-A"},{"r":"215","t":"14:04:40","h":"Ouest","s":"25N-H60N000S-80-S"},{"r":"215","t":"14:04:40","h":"Ouest","s":"25N-H60N000S-98-S"},{"r":"215","t":"14:04:40","h":"Ouest","s":"25N-H60NV10S-98-S"},{"r":"215","t":"14:04:40","h":"Ouest","s":"25N-H60NV20S-98-S"},{"r":"215","t":"14:04:40","h":"Ouest","s":"25S-H60S000S-80-S"},{"r":"215","t":"14:06:06","h":"Ouest","s":"25N-H60N000I-80-I"},{"r":"215","t":"14:06:06","h":"Ouest","s":"25N-H60N100F-81-F1"},{"r":"215","t":"14:06:06","h":"Ouest","s":"25N-H60N200F-81-F2"},{"r":"215","t":"14:06:06","h":"Ouest","s":"25N-H60N300F-82-F3"},{"r":"215","t":"14:06:06","h":"Ouest","s":"25N-H60N400F-81-F4"},{"r":"215","t":"14:06:06","h":"Ouest","s":"25N-H60NV10I-80-I"},{"r":"215","t":"14:06:06","h":"Ouest","s":"25N-H60NV20I-80-I"},{"r":"215","t":"14:06:06","h":"Ouest","s":"25S-H60S000I-80-I"},{"r":"215","t":"14:06:06","h":"Ouest","s":"25S-H60S100F-82-F1"},{"r":"215","t":"14:06:06","h":"Ouest","s":"25S-H60S200F-81-F2"},{"r":"215","t":"14:23:06","h":"Ouest","s":"25N-H60N000A-80-A"},{"r":"215","t":"14:23:06","h":"Ouest","s":"25N-H60NV10A-80-A"},{"r":"215","t":"14:23:06","h":"Ouest","s":"25N-H60NV20A-80-A"},{"r":"215","t":"14:23:06","h":"Ouest","s":"25S-H60S000A-80-A"},{"r":"171","t":"14:24:35","h":"Est","s":"25N-H60N000S-80-S"},{"r":"171","t":"14:24:35","h":"Est","s":"25N-H60N000S-98-S"},{"r":"171","t":"14:24:35","h":"Est","s":"25N-H60NV10S-98-S"},{"r":"171","t":"14:24:35","h":"Est","s":"25N-H60NV20S-98-S"},{"r":"171","t":"14:24:35","h":"Est","s":"25S-H60S000S-80-S"},{"r":"215","t":"14:25:40","h":"Ouest","s":"25N-H60N000S-80-S"},{"r":"215","t":"14:25:40","h":"Ouest","s":"25N-H60N000S-98-S"},{"r":"215","t":"14:25:40","h":"Ouest","s":"25N-H60NV10S-98-S"},{"r":"215","t":"14:25:40","h":"Ouest","s":"25N-H60NV20S-98-S"},{"r":"215","t":"14:25:40","h":"Ouest","s":"25S-H60S000S-80-S"},{"r":"215","t":"14:35:06","h":"Ouest","s":"25N-H60N000I-80-I"},{"r":"215","t":"14:35:06","h":"Ouest","s":"25N-H60N100F-81-F1"},{"r":"215","t":"14:35:06","h":"Ouest","s":"25N-H60N200F-81-F2"},{"r":"215","t":"14:35:06","h":"Ouest","s":"25N-H60N300F-82-F3"},{"r":"215","t":"14:35:06","h":"Ouest","s":"25N-H60N400F-81-F4"},{"r":"215","t":"14:35:06","h":"Ouest","s":"25N-H60NV10I-80-I"},{"r":"215","t":"14:35:06","h":"Ouest","s":"25N-H60NV20I-80-I"},{"r":"215","t":"14:35:06","h":"Ouest","s":"25S-H60S000I-80-I"},{"r":"215","t":"14:35:06","h":"Ouest","s":"25S-H60S100F-82-F1"},{"r":"215","t":"14:35:06","h":"Ouest","s":"25S-H60S200F-81-F2"},{"r":"171","t":"14:47:35","h":"Est","s":"25N-H58N000S-80-S"},{"r":"171","t":"14:47:35","h":"Est","s":"25N-H58NV10S-80-S"},{"r":"171","t":"14:47:35","h":"Est","s":"25N-H58NV20S-80-S"},{"r":"171","t":"14:47:35","h":"Est","s":"25S-H58S000S-80-S"},{"r":"215","t":"14:50:06","h":"Ouest","s":"25N-H60N000A-80-A"},{"r":"215","t":"14:50:06","h":"Ouest","s":"25N-H60NV10A-80-A"},{"r":"215","t":"14:50:06","h":"Ouest","s":"25N-H60NV20A-80-A"},{"r":"215","t":"14:50:06","h":"Ouest","s":"25S-H60S000A-80-A"},{"r":"215","t":"14:54:40","h":"Ouest","s":"25N-H60N000S-80-S"},{"r":"215","t":"14:54:40","h":"Ouest","s":"25N-H60N000S-98-S"},{"r":"215","t":"14:54:40","h":"Ouest","s":"25N-H60NV10S-98-S"},{"r":"215","t":"14:54:40","h":"Ouest","s":"25N-H60NV20S-98-S"},{"r":"215","t":"14:54:40","h":"Ouest","s":"25S-H60S000S-80-S"},{"r":"215","t":"15:04:06","h":"Ouest","s":"25N-H60N000I-80-I"},{"r":"215","t":"15:04:06","h":"Ouest","s":"25N-H60N100F-81-F1"},{"r":"215","t":"15:04:06","h":"Ouest","s":"25N-H60N200F-81-F2"},{"r":"215","t":"15:04:06","h":"Ouest","s":"25N-H60N300F-82-F3"},{"r":"215","t":"15:04:06","h":"Ouest","s":"25N-H60N400F-81-F4"},{"r":"215","t":"15:04:06","h":"Ouest","s":"25N-H60NV10I-80-I"},{"r":"215","t":"15:04:06","h":"Ouest","s":"25N-H60NV20I-80-I"},{"r":"215","t":"15:04:06","h":"Ouest","s":"25S-H60S000I-80-I"},{"r":"215","t":"15:04:06","h":"Ouest","s":"25S-H60S100F-82-F1"},{"r":"215","t":"15:04:06","h":"Ouest","s":"25S-H60S200F-81-F2"},{"r":"171","t":"15:10:35","h":"Est","s":"25N-H60N000S-80-S"},{"r":"171","t":"15:10:35","h":"Est","s":"25N-H60N000S-98-S"},{"r":"171","t":"15:10:35","h":"Est","s":"25N-H60NV10S-98-S"},{"r":"171","t":"15:10:35","h":"Est","s":"25N-H60NV20S-98-S"},{"r":"171","t":"15:10:35","h":"Est","s":"25S-H60S000S-80-S"},{"r":"215","t":"15:17:06","h":"Ouest","s":"25N-H60N000A-80-A"},{"r":"215","t":"15:17:06","h":"Ouest","s":"25N-H60NV10A-80-A"},{"r":"215","t":"15:17:06","h":"Ouest","s":"25N-H60NV20A-80-A"},{"r":"215","t":"15:17:06","h":"Ouest","s":"25S-H60S000A-80-A"},{"r":"215","t":"15:21:40","h":"Ouest","s":"25N-H60N000S-80-S"},{"r":"215","t":"15:21:40","h":"Ouest","s":"25N-H60N000S-98-S"},{"r":"215","t":"15:21:40","h":"Ouest","s":"25N-H60NV10S-98-S"},{"r":"215","t":"15:21:40","h":"Ouest","s":"25N-H60NV20S-98-S"},{"r":"215","t":"15:21:40","h":"Ouest","s":"25S-H60S000S-80-S"},{"r":"171","t":"15:29:49","h":"Est","s":"25N-H50N000S-80-S"},{"r":"171","t":"15:29:49","h":"Est","s":"25N-H50N000S-90-S"},{"r":"171","t":"15:29:49","h":"Est","s":"25N-H50NV10S-90-S"},{"r":"171","t":"15:29:49","h":"Est","s":"25N-H50NV20S-90-S"},{"r":"171","t":"15:29:49","h":"Est","s":"25S-H50S000S-81-S"},{"r":"215","t":"15:34:06","h":"Ouest","s":"25N-H60N000I-80-I"},{"r":"215","t":"15:34:06","h":"Ouest","s":"25N-H60N100F-81-F1"},{"r":"215","t":"15:34:06","h":"Ouest","s":"25N-H60N200F-81-F2"},{"r":"215","t":"15:34:06","h":"Ouest","s":"25N-H60N300F-82-F3"},{"r":"215","t":"15:34:06","h":"Ouest","s":"25N-H60N400F-81-F4"},{"r":"215","t":"15:34:06","h":"Ouest","s":"25N-H60NV10I-80-I"},{"r":"215","t":"15:34:06","h":"Ouest","s":"25N-H60NV20I-80-I"},{"r":"215","t":"15:34:06","h":"Ouest","s":"25S-H60S000I-80-I"},{"r":"215","t":"15:34:06","h":"Ouest","s":"25S-H60S100F-82-F1"},{"r":"215","t":"15:34:06","h":"Ouest","s":"25S-H60S200F-81-F2"},{"r":"215","t":"15:45:06","h":"Ouest","s":"25N-H60N000A-80-A"},{"r":"215","t":"15:45:06","h":"Ouest","s":"25N-H60NV10A-80-A"},{"r":"215","t":"15:45:06","h":"Ouest","s":"25N-H60NV20A-80-A"},{"r":"215","t":"15:45:06","h":"Ouest","s":"25S-H60S000A-80-A"},{"r":"171","t":"15:48:49","h":"Est","s":"25N-H50N000S-80-S"},{"r":"171","t":"15:48:49","h":"Est","s":"25N-H50N000S-90-S"},{"r":"171","t":"15:48:49","h":"Est","s":"25N-H50NV10S-90-S"},{"r":"171","t":"15:48:49","h":"Est","s":"25N-H50NV20S-90-S"},{"r":"171","t":"15:48:49","h":"Est","s":"25S-H50S000S-81-S"},{"r":"215","t":"15:51:40","h":"Ouest","s":"25N-H60N000S-80-S"},{"r":"215","t":"15:51:40","h":"Ouest","s":"25N-H60N000S-98-S"},{"r":"215","t":"15:51:40","h":"Ouest","s":"25N-H60NV10S-98-S"},{"r":"215","t":"15:51:40","h":"Ouest","s":"25N-H60NV20S-98-S"},{"r":"215","t":"15:51:40","h":"Ouest","s":"25S-H60S000S-80-S"},{"r":"215","t":"16:04:06","h":"Ouest","s":"25N-H60N000I-80-I"},{"r":"215","t":"16:04:06","h":"Ouest","s":"25N-H60N100F-81-F1"},{"r":"215","t":"16:04:06","h":"Ouest","s":"25N-H60N200F-81-F2"},{"r":"215","t":"16:04:06","h":"Ouest","s":"25N-H60N300F-82-F3"},{"r":"215","t":"16:04:06","h":"Ouest","s":"25N-H60N400F-81-F4"},{"r":"215","t":"16:04:06","h":"Ouest","s":"25N-H60NV10I-80-I"},{"r":"215","t":"16:04:06","h":"Ouest","s":"25N-H60NV20I-80-I"},{"r":"215","t":"16:04:06","h":"Ouest","s":"25S-H60S000I-80-I"},{"r":"215","t":"16:04:06","h":"Ouest","s":"25S-H60S100F-82-F1"},{"r":"215","t":"16:04:06","h":"Ouest","s":"25S-H60S200F-81-F2"},{"r":"171","t":"16:12:49","h":"Est","s":"25N-H50N000S-80-S"},{"r":"171","t":"16:12:49","h":"Est","s":"25N-H50N000S-90-S"},{"r":"171","t":"16:12:49","h":"Est","s":"25N-H50NV10S-90-S"},{"r":"171","t":"16:12:49","h":"Est","s":"25N-H50NV20S-90-S"},{"r":"171","t":"16:12:49","h":"Est","s":"25S-H50S000S-81-S"},{"r":"215","t":"16:13:06","h":"Ouest","s":"25N-H60N000A-80-A"},{"r":"215","t":"16:13:06","h":"Ouest","s":"25N-H60NV10A-80-A"},{"r":"215","t":"16:13:06","h":"Ouest","s":"25N-H60NV20A-80-A"},{"r":"215","t":"16:13:06","h":"Ouest","s":"25S-H60S000A-80-A"},{"r":"215","t":"16:22:40","h":"Ouest","s":"25N-H60N000S-80-S"},{"r":"215","t":"16:22:40","h":"Ouest","s":"25N-H60N000S-98-S"},{"r":"215","t":"16:22:40","h":"Ouest","s":"25N-H60NV10S-98-S"},{"r":"215","t":"16:22:40","h":"Ouest","s":"25N-H60NV20S-98-S"},{"r":"215","t":"16:22:40","h":"Ouest","s":"25S-H60S000S-80-S"},{"r":"215","t":"16:34:06","h":"Ouest","s":"25N-H60N000I-80-I"},{"r":"215","t":"16:34:06","h":"Ouest","s":"25N-H60N100F-81-F1"},{"r":"215","t":"16:34:06","h":"Ouest","s":"25N-H60N200F-81-F2"},{"r":"215","t":"16:34:06","h":"Ouest","s":"25N-H60N300F-82-F3"},{"r":"215","t":"16:34:06","h":"Ouest","s":"25N-H60N400F-81-F4"},{"r":"215","t":"16:34:06","h":"Ouest","s":"25N-H60NV10I-80-I"},{"r":"215","t":"16:34:06","h":"Ouest","s":"25N-H60NV20I-80-I"},{"r":"215","t":"16:34:06","h":"Ouest","s":"25S-H60S000I-80-I"},{"r":"215","t":"16:34:06","h":"Ouest","s":"25S-H60S100F-82-F1"},{"r":"215","t":"16:34:06","h":"Ouest","s":"25S-H60S200F-81-F2"},{"r":"171","t":"16:36:49","h":"Est","s":"25N-H50N000S-80-S"},{"r":"171","t":"16:36:49","h":"Est","s":"25N-H50N000S-90-S"},{"r":"171","t":"16:36:49","h":"Est","s":"25N-H50NV10S-90-S"},{"r":"171","t":"16:36:49","h":"Est","s":"25N-H50NV20S-90-S"},{"r":"171","t":"16:36:49","h":"Est","s":"25S-H50S000S-81-S"},{"r":"215","t":"16:39:06","h":"Ouest","s":"25N-H60N000A-80-A"},{"r":"215","t":"16:39:06","h":"Ouest","s":"25N-H60NV10A-80-A"},{"r":"215","t":"16:39:06","h":"Ouest","s":"25N-H60NV20A-80-A"},{"r":"215","t":"16:39:06","h":"Ouest","s":"25S-H60S000A-80-A"},{"r":"215","t":"16:52:40","h":"Ouest","s":"25N-H60N000S-80-S"},{"r":"215","t":"16:52:40","h":"Ouest","s":"25N-H60N000S-98-S"},{"r":"215","t":"16:52:40","h":"Ouest","s":"25N-H60NV10S-98-S"},{"r":"215","t":"16:52:40","h":"Ouest","s":"25N-H60NV20S-98-S"},{"r":"215","t":"16:52:40","h":"Ouest","s":"25S-H60S000S-80-S"},{"r":"171","t":"17:00:49","h":"Est","s":"25N-H50N000S-80-S"},{"r":"171","t":"17:00:49","h":"Est","s":"25N-H50N000S-90-S"},{"r":"171","t":"17:00:49","h":"Est","s":"25N-H50NV10S-90-S"},{"r":"171","t":"17:00:49","h":"Est","s":"25N-H50NV20S-90-S"},{"r":"171","t":"17:00:49","h":"Est","s":"25S-H50S000S-81-S"},{"r":"215","t":"17:04:06","h":"Ouest","s":"25N-H60N000I-80-I"},{"r":"215","t":"17:04:06","h":"Ouest","s":"25N-H60N100F-81-F1"},{"r":"215","t":"17:04:06","h":"Ouest","s":"25N-H60N200F-81-F2"},{"r":"215","t":"17:04:06","h":"Ouest","s":"25N-H60N300F-82-F3"},{"r":"215","t":"17:04:06","h":"Ouest","s":"25N-H60N400F-81-F4"},{"r":"215","t":"17:04:06","h":"Ouest","s":"25N-H60NV10I-80-I"},{"r":"215","t":"17:04:06","h":"Ouest","s":"25N-H60NV20I-80-I"},{"r":"215","t":"17:04:06","h":"Ouest","s":"25S-H60S000I-80-I"},{"r":"215","t":"17:04:06","h":"Ouest","s":"25S-H60S100F-82-F1"},{"r":"215","t":"17:04:06","h":"Ouest","s":"25S-H60S200F-81-F2"},{"r":"215","t":"17:05:06","h":"Ouest","s":"25N-H60N000A-80-A"},{"r":"215","t":"17:05:06","h":"Ouest","s":"25N-H60NV10A-80-A"},{"r":"215","t":"17:05:06","h":"Ouest","s":"25N-H60NV20A-80-A"},{"r":"215","t":"17:05:06","h":"Ouest","s":"25S-H60S000A-80-A"},{"r":"215","t":"17:21:40","h":"Ouest","s":"25N-H60N000S-80-S"},{"r":"215","t":"17:21:40","h":"Ouest","s":"25N-H60N000S-98-S"},{"r":"215","t":"17:21:40","h":"Ouest","s":"25N-H60NV10S-98-S"},{"r":"215","t":"17:21:40","h":"Ouest","s":"25N-H60NV20S-98-S"},{"r":"215","t":"17:21:40","h":"Ouest","s":"25S-H60S000S-80-S"},{"r":"171","t":"17:25:49","h":"Est","s":"25N-H50N000S-80-S"},{"r":"171","t":"17:25:49","h":"Est","s":"25N-H50N000S-90-S"},{"r":"171","t":"17:25:49","h":"Est","s":"25N-H50NV10S-90-S"},{"r":"171","t":"17:25:49","h":"Est","s":"25N-H50NV20S-90-S"},{"r":"171","t":"17:25:49","h":"Est","s":"25S-H50S000S-81-S"},{"r":"215","t":"17:31:06","h":"Ouest","s":"25N-H60N000A-80-A"},{"r":"215","t":"17:31:06","h":"Ouest","s":"25N-H60NV10A-80-A"},{"r":"215","t":"17:31:06","h":"Ouest","s":"25N-H60NV20A-80-A"},{"r":"215","t":"17:31:06","h":"Ouest","s":"25S-H60S000A-80-A"},{"r":"215","t":"17:34:06","h":"Ouest","s":"25N-H60N000I-80-I"},{"r":"215","t":"17:34:06","h":"Ouest","s":"25N-H60N100F-81-F1"},{"r":"215","t":"17:34:06","h":"Ouest","s":"25N-H60N200F-81-F2"},{"r":"215","t":"17:34:06","h":"Ouest","s":"25N-H60N300F-82-F3"},{"r":"215","t":"17:34:06","h":"Ouest","s":"25N-H60N400F-81-F4"},{"r":"215","t":"17:34:06","h":"Ouest","s":"25N-H60NV10I-80-I"},{"r":"215","t":"17:34:06","h":"Ouest","s":"25N-H60NV20I-80-I"},{"r":"215","t":"17:34:06","h":"Ouest","s":"25S-H60S000I-80-I"},{"r":"215","t":"17:34:06","h":"Ouest","s":"25S-H60S100F-82-F1"},{"r":"215","t":"17:34:06","h":"Ouest","s":"25S-H60S200F-81-F2"},{"r":"215","t":"17:50:06","h":"Ouest","s":"25N-H60N000S-80-S"},{"r":"215","t":"17:50:06","h":"Ouest","s":"25N-H60N000S-98-S"},{"r":"215","t":"17:50:06","h":"Ouest","s":"25N-H60NV10S-98-S"},{"r":"215","t":"17:50:06","h":"Ouest","s":"25N-H60NV20S-98-S"},{"r":"215","t":"17:50:06","h":"Ouest","s":"25S-H60S000S-80-S"},{"r":"171","t":"17:50:49","h":"Est","s":"25N-H50N000S-80-S"},{"r":"171","t":"17:50:49","h":"Est","s":"25N-H50N000S-90-S"},{"r":"171","t":"17:50:49","h":"Est","s":"25N-H50NV10S-90-S"},{"r":"171","t":"17:50:49","h":"Est","s":"25N-H50NV20S-90-S"},{"r":"171","t":"17:50:49","h":"Est","s":"25S-H50S000S-81-S"},{"r":"215","t":"17:56:06","h":"Ouest","s":"25N-H60N000A-80-A"},{"r":"215","t":"17:56:06","h":"Ouest","s":"25N-H60NV10A-80-A"},{"r":"215","t":"17:56:06","h":"Ouest","s":"25N-H60NV20A-80-A"},{"r":"215","t":"17:56:06","h":"Ouest","s":"25S-H60S000A-80-A"},{"r":"215","t":"18:03:06","h":"Ouest","s":"25N-H60N000I-80-I"},{"r":"215","t":"18:03:06","h":"Ouest","s":"25N-H60N100F-81-F1"},{"r":"215","t":"18:03:06","h":"Ouest","s":"25N-H60N200F-81-F2"},{"r":"215","t":"18:03:06","h":"Ouest","s":"25N-H60N300F-82-F3"},{"r":"215","t":"18:03:06","h":"Ouest","s":"25N-H60N400F-81-F4"},{"r":"215","t":"18:03:06","h":"Ouest","s":"25N-H60NV10I-80-I"},{"r":"215","t":"18:03:06","h":"Ouest","s":"25N-H60NV20I-80-I"},{"r":"215","t":"18:03:06","h":"Ouest","s":"25S-H60S000I-80-I"},{"r":"215","t":"18:03:06","h":"Ouest","s":"25S-H60S100F-82-F1"},{"r":"215","t":"18:03:06","h":"Ouest","s":"25S-H60S200F-81-F2"},{"r":"215","t":"18:19:06","h":"Ouest","s":"25N-H60N000S-80-S"},{"r":"215","t":"18:19:06","h":"Ouest","s":"25N-H60N000S-98-S"},{"r":"215","t":"18:19:06","h":"Ouest","s":"25N-H60NV10S-98-S"},{"r":"215","t":"18:19:06","h":"Ouest","s":"25N-H60NV20S-98-S"},{"r":"215","t":"18:19:06","h":"Ouest","s":"25S-H60S000S-80-S"},{"r":"215","t":"18:20:06","h":"Ouest","s":"25N-H60N000A-80-A"},{"r":"215","t":"18:20:06","h":"Ouest","s":"25N-H60NV10A-80-A"},{"r":"215","t":"18:20:06","h":"Ouest","s":"25N-H60NV20A-80-A"},{"r":"215","t":"18:20:06","h":"Ouest","s":"25S-H60S000A-80-A"},{"r":"171","t":"18:20:49","h":"Est","s":"25N-H60N000S-80-S"},{"r":"171","t":"18:20:49","h":"Est","s":"25N-H60N000S-98-S"},{"r":"171","t":"18:20:49","h":"Est","s":"25N-H60NV10S-98-S"},{"r":"171","t":"18:20:49","h":"Est","s":"25N-H60NV20S-98-S"},{"r":"171","t":"18:20:49","h":"Est","s":"25S-H60S000S-80-S"},{"r":"215","t":"18:32:06","h":"Ouest","s":"25N-H60N000I-80-I"},{"r":"215","t":"18:32:06","h":"Ouest","s":"25N-H60N100F-81-F1"},{"r":"215","t":"18:32:06","h":"Ouest","s":"25N-H60N200F-81-F2"},{"r":"215","t":"18:32:06","h":"Ouest","s":"25N-H60N300F-82-F3"},{"r":"215","t":"18:32:06","h":"Ouest","s":"25N-H60N400F-81-F4"},{"r":"215","t":"18:32:06","h":"Ouest","s":"25N-H60NV10I-80-I"},{"r":"215","t":"18:32:06","h":"Ouest","s":"25N-H60NV20I-80-I"},{"r":"215","t":"18:32:06","h":"Ouest","s":"25S-H60S000I-80-I"},{"r":"215","t":"18:32:06","h":"Ouest","s":"25S-H60S100F-82-F1"},{"r":"215","t":"18:32:06","h":"Ouest","s":"25S-H60S200F-81-F2"},{"r":"215","t":"18:45:06","h":"Ouest","s":"25N-H60N000A-80-A"},{"r":"215","t":"18:45:06","h":"Ouest","s":"25N-H60NV10A-80-A"},{"r":"215","t":"18:45:06","h":"Ouest","s":"25N-H60NV20A-80-A"},{"r":"215","t":"18:45:06","h":"Ouest","s":"25S-H60S000A-80-A"},{"r":"215","t":"18:48:06","h":"Ouest","s":"25N-H60N000S-80-S"},{"r":"215","t":"18:48:06","h":"Ouest","s":"25N-H60N000S-98-S"},{"r":"215","t":"18:48:06","h":"Ouest","s":"25N-H60NV10S-98-S"},{"r":"215","t":"18:48:06","h":"Ouest","s":"25N-H60NV20S-98-S"},{"r":"215","t":"18:48:06","h":"Ouest","s":"25S-H60S000S-80-S"},{"r":"215","t":"19:01:06","h":"Ouest","s":"25N-H60N000I-80-I"},{"r":"215","t":"19:01:06","h":"Ouest","s":"25N-H60N100F-81-F1"},{"r":"215","t":"19:01:06","h":"Ouest","s":"25N-H60N200F-81-F2"},{"r":"215","t":"19:01:06","h":"Ouest","s":"25N-H60N300F-82-F3"},{"r":"215","t":"19:01:06","h":"Ouest","s":"25N-H60N400F-81-F4"},{"r":"215","t":"19:01:06","h":"Ouest","s":"25N-H60NV10I-80-I"},{"r":"215","t":"19:01:06","h":"Ouest","s":"25N-H60NV20I-80-I"},{"r":"215","t":"19:01:06","h":"Ouest","s":"25S-H60S000I-80-I"},{"r":"215","t":"19:01:06","h":"Ouest","s":"25S-H60S100F-82-F1"},{"r":"215","t":"19:01:06","h":"Ouest","s":"25S-H60S200F-81-F2"},{"r":"215","t":"19:14:06","h":"Ouest","s":"25N-H60N000S-80-S"},{"r":"215","t":"19:14:06","h":"Ouest","s":"25N-H60N000S-98-S"},{"r":"215","t":"19:14:06","h":"Ouest","s":"25N-H60NV10S-98-S"},{"r":"215","t":"19:14:06","h":"Ouest","s":"25N-H60NV20S-98-S"},{"r":"215","t":"19:14:06","h":"Ouest","s":"25S-H60S000S-80-S"},{"r":"215","t":"19:16:06","h":"Ouest","s":"25N-H60N000A-80-A"},{"r":"215","t":"19:16:06","h":"Ouest","s":"25N-H60NV10A-80-A"},{"r":"215","t":"19:16:06","h":"Ouest","s":"25N-H60NV20A-80-A"},{"r":"215","t":"19:16:06","h":"Ouest","s":"25S-H60S000A-80-A"},{"r":"215","t":"19:31:06","h":"Ouest","s":"25N-H60N000I-80-I"},{"r":"215","t":"19:31:06","h":"Ouest","s":"25N-H60N100F-81-F1"},{"r":"215","t":"19:31:06","h":"Ouest","s":"25N-H60N200F-81-F2"},{"r":"215","t":"19:31:06","h":"Ouest","s":"25N-H60N300F-82-F3"},{"r":"215","t":"19:31:06","h":"Ouest","s":"25N-H60N400F-81-F4"},{"r":"215","t":"19:31:06","h":"Ouest","s":"25N-H60NV10I-80-I"},{"r":"215","t":"19:31:06","h":"Ouest","s":"25N-H60NV20I-80-I"},{"r":"215","t":"19:31:06","h":"Ouest","s":"25S-H60S000I-80-I"},{"r":"215","t":"19:31:06","h":"Ouest","s":"25S-H60S100F-82-F1"},{"r":"215","t":"19:31:06","h":"Ouest","s":"25S-H60S200F-81-F2"},{"r":"215","t":"19:39:06","h":"Ouest","s":"25N-H60N000S-80-S"},{"r":"215","t":"19:39:06","h":"Ouest","s":"25N-H60N000S-98-S"},{"r":"215","t":"19:39:06","h":"Ouest","s":"25N-H60NV10S-98-S"},{"r":"215","t":"19:39:06","h":"Ouest","s":"25N-H60NV20S-98-S"},{"r":"215","t":"19:39:06","h":"Ouest","s":"25S-H60S000S-80-S"},{"r":"215","t":"19:48:06","h":"Ouest","s":"25N-H60N000A-80-A"},{"r":"215","t":"19:48:06","h":"Ouest","s":"25N-H60NV10A-80-A"},{"r":"215","t":"19:48:06","h":"Ouest","s":"25N-H60NV20A-80-A"},{"r":"215","t":"19:48:06","h":"Ouest","s":"25S-H60S000A-80-A"},{"r":"215","t":"20:01:06","h":"Ouest","s":"25N-H60N000I-80-I"},{"r":"215","t":"20:01:06","h":"Ouest","s":"25N-H60N100F-81-F1"},{"r":"215","t":"20:01:06","h":"Ouest","s":"25N-H60N200F-81-F2"},{"r":"215","t":"20:01:06","h":"Ouest","s":"25N-H60N300F-82-F3"},{"r":"215","t":"20:01:06","h":"Ouest","s":"25N-H60N400F-81-F4"},{"r":"215","t":"20:01:06","h":"Ouest","s":"25N-H60NV10I-80-I"},{"r":"215","t":"20:01:06","h":"Ouest","s":"25N-H60NV20I-80-I"},{"r":"215","t":"20:01:06","h":"Ouest","s":"25S-H60S000I-80-I"},{"r":"215","t":"20:01:06","h":"Ouest","s":"25S-H60S100F-82-F1"},{"r":"215","t":"20:01:06","h":"Ouest","s":"25S-H60S200F-81-F2"},{"r":"215","t":"20:04:06","h":"Ouest","s":"25N-H60N000S-80-S"},{"r":"215","t":"20:04:06","h":"Ouest","s":"25N-H60N000S-98-S"},{"r":"215","t":"20:04:06","h":"Ouest","s":"25N-H60NV10S-98-S"},{"r":"215","t":"20:04:06","h":"Ouest","s":"25N-H60NV20S-98-S"},{"r":"215","t":"20:04:06","h":"Ouest","s":"25S-H60S000S-80-S"},{"r":"215","t":"20:19:06","h":"Ouest","s":"25N-H60N000A-80-A"},{"r":"215","t":"20:19:06","h":"Ouest","s":"25N-H60NV10A-80-A"},{"r":"215","t":"20:19:06","h":"Ouest","s":"25N-H60NV20A-80-A"},{"r":"215","t":"20:19:06","h":"Ouest","s":"25S-H60S000A-80-A"},{"r":"215","t":"20:31:06","h":"Ouest","s":"25N-H60N000S-80-S"},{"r":"215","t":"20:31:06","h":"Ouest","s":"25N-H60N000S-98-S"},{"r":"215","t":"20:31:06","h":"Ouest","s":"25N-H60NV10S-98-S"},{"r":"215","t":"20:31:06","h":"Ouest","s":"25N-H60NV20S-98-S"},{"r":"215","t":"20:31:06","h":"Ouest","s":"25S-H60S000S-80-S"},{"r":"215","t":"20:32:06","h":"Ouest","s":"25N-H60N000I-80-I"},{"r":"215","t":"20:32:06","h":"Ouest","s":"25N-H60N100F-81-F1"},{"r":"215","t":"20:32:06","h":"Ouest","s":"25N-H60N200F-81-F2"},{"r":"215","t":"20:32:06","h":"Ouest","s":"25N-H60N300F-82-F3"},{"r":"215","t":"20:32:06","h":"Ouest","s":"25N-H60N400F-81-F4"},{"r":"215","t":"20:32:06","h":"Ouest","s":"25N-H60NV10I-80-I"},{"r":"215","t":"20:32:06","h":"Ouest","s":"25N-H60NV20I-80-I"},{"r":"215","t":"20:32:06","h":"Ouest","s":"25S-H60S000I-80-I"},{"r":"215","t":"20:32:06","h":"Ouest","s":"25S-H60S100F-82-F1"},{"r":"215","t":"20:32:06","h":"Ouest","s":"25S-H60S200F-81-F2"},{"r":"215","t":"20:50:33","h":"Ouest","s":"25N-H60N000A-80-A"},{"r":"215","t":"20:50:33","h":"Ouest","s":"25N-H60NV10A-80-A"},{"r":"215","t":"20:50:33","h":"Ouest","s":"25N-H60NV20A-80-A"},{"r":"215","t":"20:50:33","h":"Ouest","s":"25S-H60S000A-80-A"},{"r":"215","t":"21:02:06","h":"Ouest","s":"25N-H60N000I-80-I"},{"r":"215","t":"21:02:06","h":"Ouest","s":"25N-H60N100F-81-F1"},{"r":"215","t":"21:02:06","h":"Ouest","s":"25N-H60N200F-81-F2"},{"r":"215","t":"21:02:06","h":"Ouest","s":"25N-H60N300F-82-F3"},{"r":"215","t":"21:02:06","h":"Ouest","s":"25N-H60N400F-81-F4"},{"r":"215","t":"21:02:06","h":"Ouest","s":"25N-H60NV10I-80-I"},{"r":"215","t":"21:02:06","h":"Ouest","s":"25N-H60NV20I-80-I"},{"r":"215","t":"21:02:06","h":"Ouest","s":"25S-H60S000I-80-I"},{"r":"215","t":"21:02:06","h":"Ouest","s":"25S-H60S100F-82-F1"},{"r":"215","t":"21:02:06","h":"Ouest","s":"25S-H60S200F-81-F2"},{"r":"215","t":"21:03:06","h":"Ouest","s":"25N-H60N000S-80-S"},{"r":"215","t":"21:03:06","h":"Ouest","s":"25N-H60N000S-98-S"},{"r":"215","t":"21:03:06","h":"Ouest","s":"25N-H60NV10S-98-S"},{"r":"215","t":"21:03:06","h":"Ouest","s":"25N-H60NV20S-98-S"},{"r":"215","t":"21:03:06","h":"Ouest","s":"25S-H60S000S-80-S"},{"r":"215","t":"21:21:33","h":"Ouest","s":"25N-H60N000A-80-A"},{"r":"215","t":"21:21:33","h":"Ouest","s":"25N-H60NV10A-80-A"},{"r":"215","t":"21:21:33","h":"Ouest","s":"25N-H60NV20A-80-A"},{"r":"215","t":"21:21:33","h":"Ouest","s":"25S-H60S000A-80-A"},{"r":"215","t":"21:32:06","h":"Ouest","s":"25N-H60N000I-80-I"},{"r":"215","t":"21:32:06","h":"Ouest","s":"25N-H60N100F-81-F1"},{"r":"215","t":"21:32:06","h":"Ouest","s":"25N-H60N200F-81-F2"},{"r":"215","t":"21:32:06","h":"Ouest","s":"25N-H60N300F-82-F3"},{"r":"215","t":"21:32:06","h":"Ouest","s":"25N-H60N400F-81-F4"},{"r":"215","t":"21:32:06","h":"Ouest","s":"25N-H60NV10I-80-I"},{"r":"215","t":"21:32:06","h":"Ouest","s":"25N-H60NV20I-80-I"},{"r":"215","t":"21:32:06","h":"Ouest","s":"25S-H60S000I-80-I"},{"r":"215","t":"21:32:06","h":"Ouest","s":"25S-H60S100F-82-F1"},{"r":"215","t":"21:32:06","h":"Ouest","s":"25S-H60S200F-81-F2"},{"r":"215","t":"21:35:06","h":"Ouest","s":"25N-H60N000S-80-S"},{"r":"215","t":"21:35:06","h":"Ouest","s":"25N-H60N000S-98-S"},{"r":"215","t":"21:35:06","h":"Ouest","s":"25N-H60NV10S-98-S"},{"r":"215","t":"21:35:06","h":"Ouest","s":"25N-H60NV20S-98-S"},{"r":"215","t":"21:35:06","h":"Ouest","s":"25S-H60S000S-80-S"},{"r":"215","t":"21:52:33","h":"Ouest","s":"25N-H60N000A-80-A"},{"r":"215","t":"21:52:33","h":"Ouest","s":"25N-H60NV10A-80-A"},{"r":"215","t":"21:52:33","h":"Ouest","s":"25N-H60NV20A-80-A"},{"r":"215","t":"21:52:33","h":"Ouest","s":"25S-H60S000A-80-A"},{"r":"215","t":"22:02:06","h":"Ouest","s":"25N-H60N000I-80-I"},{"r":"215","t":"22:02:06","h":"Ouest","s":"25N-H60N100F-81-F1"},{"r":"215","t":"22:02:06","h":"Ouest","s":"25N-H60N200F-81-F2"},{"r":"215","t":"22:02:06","h":"Ouest","s":"25N-H60N300F-82-F3"},{"r":"215","t":"22:02:06","h":"Ouest","s":"25N-H60N400F-81-F4"},{"r":"215","t":"22:02:06","h":"Ouest","s":"25N-H60NV10I-80-I"},{"r":"215","t":"22:02:06","h":"Ouest","s":"25N-H60NV20I-80-I"},{"r":"215","t":"22:02:06","h":"Ouest","s":"25S-H60S000I-80-I"},{"r":"215","t":"22:02:06","h":"Ouest","s":"25S-H60S100F-82-F1"},{"r":"215","t":"22:02:06","h":"Ouest","s":"25S-H60S200F-81-F2"},{"r":"215","t":"22:08:06","h":"Ouest","s":"25N-H60N000S-80-S"},{"r":"215","t":"22:08:06","h":"Ouest","s":"25N-H60N000S-98-S"},{"r":"215","t":"22:08:06","h":"Ouest","s":"25N-H60NV10S-98-S"},{"r":"215","t":"22:08:06","h":"Ouest","s":"25N-H60NV20S-98-S"},{"r":"215","t":"22:08:06","h":"Ouest","s":"25S-H60S000S-80-S"},{"r":"215","t":"22:23:33","h":"Ouest","s":"25N-H60N000A-80-A"},{"r":"215","t":"22:23:33","h":"Ouest","s":"25N-H60NV10A-80-A"},{"r":"215","t":"22:23:33","h":"Ouest","s":"25N-H60NV20A-80-A"},{"r":"215","t":"22:23:33","h":"Ouest","s":"25S-H60S000A-80-A"},{"r":"215","t":"22:31:06","h":"Ouest","s":"25N-H60N000I-80-I"},{"r":"215","t":"22:31:06","h":"Ouest","s":"25N-H60N100F-81-F1"},{"r":"215","t":"22:31:06","h":"Ouest","s":"25N-H60N200F-81-F2"},{"r":"215","t":"22:31:06","h":"Ouest","s":"25N-H60N300F-82-F3"},{"r":"215","t":"22:31:06","h":"Ouest","s":"25N-H60N400F-81-F4"},{"r":"215","t":"22:31:06","h":"Ouest","s":"25N-H60NV10I-80-I"},{"r":"215","t":"22:31:06","h":"Ouest","s":"25N-H60NV20I-80-I"},{"r":"215","t":"22:31:06","h":"Ouest","s":"25S-H60S000I-80-I"},{"r":"215","t":"22:31:06","h":"Ouest","s":"25S-H60S100F-82-F1"},{"r":"215","t":"22:31:06","h":"Ouest","s":"25S-H60S200F-81-F2"},{"r":"215","t":"22:40:06","h":"Ouest","s":"25N-H60N000S-80-S"},{"r":"215","t":"22:40:06","h":"Ouest","s":"25N-H60N000S-98-S"},{"r":"215","t":"22:40:06","h":"Ouest","s":"25N-H60NV10S-98-S"},{"r":"215","t":"22:40:06","h":"Ouest","s":"25N-H60NV20S-98-S"},{"r":"215","t":"22:40:06","h":"Ouest","s":"25S-H60S000S-80-S"},{"r":"215","t":"22:53:33","h":"Ouest","s":"25N-H60N000A-80-A"},{"r":"215","t":"22:53:33","h":"Ouest","s":"25N-H60NV10A-80-A"},{"r":"215","t":"22:53:33","h":"Ouest","s":"25N-H60NV20A-80-A"},{"r":"215","t":"22:53:33","h":"Ouest","s":"25S-H60S000A-80-A"},{"r":"215","t":"23:01:06","h":"Ouest","s":"25N-H60N000I-80-I"},{"r":"215","t":"23:01:06","h":"Ouest","s":"25N-H60N100F-81-F1"},{"r":"215","t":"23:01:06","h":"Ouest","s":"25N-H60N200F-81-F2"},{"r":"215","t":"23:01:06","h":"Ouest","s":"25N-H60N300F-82-F3"},{"r":"215","t":"23:01:06","h":"Ouest","s":"25N-H60N400F-81-F4"},{"r":"215","t":"23:01:06","h":"Ouest","s":"25N-H60NV10I-80-I"},{"r":"215","t":"23:01:06","h":"Ouest","s":"25N-H60NV20I-80-I"},{"r":"215","t":"23:01:06","h":"Ouest","s":"25S-H60S000I-80-I"},{"r":"215","t":"23:01:06","h":"Ouest","s":"25S-H60S100F-82-F1"},{"r":"215","t":"23:01:06","h":"Ouest","s":"25S-H60S200F-81-F2"},{"r":"215","t":"23:12:06","h":"Ouest","s":"25N-H60N000S-80-S"},{"r":"215","t":"23:12:06","h":"Ouest","s":"25N-H60N000S-98-S"},{"r":"215","t":"23:12:06","h":"Ouest","s":"25N-H60NV10S-98-S"},{"r":"215","t":"23:12:06","h":"Ouest","s":"25N-H60NV20S-98-S"},{"r":"215","t":"23:12:06","h":"Ouest","s":"25S-H60S000S-80-S"},{"r":"215","t":"23:23:33","h":"Ouest","s":"25N-H60N000A-80-A"},{"r":"215","t":"23:23:33","h":"Ouest","s":"25N-H60NV10A-80-A"},{"r":"215","t":"23:23:33","h":"Ouest","s":"25N-H60NV20A-80-A"},{"r":"215","t":"23:23:33","h":"Ouest","s":"25S-H60S000A-80-A"},{"r":"215","t":"23:30:06","h":"Ouest","s":"25N-H60N000I-80-I"},{"r":"215","t":"23:30:06","h":"Ouest","s":"25N-H60N100F-81-F1"},{"r":"215","t":"23:30:06","h":"Ouest","s":"25N-H60N200F-81-F2"},{"r":"215","t":"23:30:06","h":"Ouest","s":"25N-H60N300F-82-F3"},{"r":"215","t":"23:30:06","h":"Ouest","s":"25N-H60N400F-81-F4"},{"r":"215","t":"23:30:06","h":"Ouest","s":"25N-H60NV10I-80-I"},{"r":"215","t":"23:30:06","h":"Ouest","s":"25N-H60NV20I-80-I"},{"r":"215","t":"23:30:06","h":"Ouest","s":"25S-H60S000I-80-I"},{"r":"215","t":"23:30:06","h":"Ouest","s":"25S-H60S100F-82-F1"},{"r":"215","t":"23:30:06","h":"Ouest","s":"25S-H60S200F-81-F2"},{"r":"215","t":"23:44:06","h":"Ouest","s":"25N-H60N000S-80-S"},{"r":"215","t":"23:44:06","h":"Ouest","s":"25N-H60N000S-98-S"},{"r":"215","t":"23:44:06","h":"Ouest","s":"25N-H60NV10S-98-S"},{"r":"215","t":"23:44:06","h":"Ouest","s":"25N-H60NV20S-98-S"},{"r":"215","t":"23:44:06","h":"Ouest","s":"25S-H60S000S-80-S"},{"r":"215","t":"23:54:33","h":"Ouest","s":"25N-H60N000A-80-A"},{"r":"215","t":"23:54:33","h":"Ouest","s":"25N-H60NV10A-80-A"},{"r":"215","t":"23:54:33","h":"Ouest","s":"25N-H60NV20A-80-A"},{"r":"215","t":"23:54:33","h":"Ouest","s":"25S-H60S000A-80-A"},{"r":"215","t":"23:58:06","h":"Ouest","s":"25N-H60N000I-80-I"},{"r":"215","t":"23:58:06","h":"Ouest","s":"25N-H60N100F-81-F1"},{"r":"215","t":"23:58:06","h":"Ouest","s":"25N-H60N200F-81-F2"},{"r":"215","t":"23:58:06","h":"Ouest","s":"25N-H60N300F-82-F3"},{"r":"215","t":"23:58:06","h":"Ouest","s":"25N-H60N400F-81-F4"},{"r":"215","t":"23:58:06","h":"Ouest","s":"25N-H60NV10I-80-I"},{"r":"215","t":"23:58:06","h":"Ouest","s":"25N-H60NV20I-80-I"},{"r":"215","t":"23:58:06","h":"Ouest","s":"25S-H60S000I-80-I"},{"r":"215","t":"23:58:06","h":"Ouest","s":"25S-H60S100F-82-F1"},{"r":"215","t":"23:58:06","h":"Ouest","s":"25S-H60S200F-81-F2"},{"r":"215","t":"24:16:06","h":"Ouest","s":"25N-H60N000S-80-S"},{"r":"215","t":"24:16:06","h":"Ouest","s":"25N-H60N000S-98-S"},{"r":"215","t":"24:16:06","h":"Ouest","s":"25N-H60NV10S-98-S"},{"r":"215","t":"24:16:06","h":"Ouest","s":"25N-H60NV20S-98-S"},{"r":"215","t":"24:16:06","h":"Ouest","s":"25S-H60S000S-80-S"},{"r":"215","t":"24:23:33","h":"Ouest","s":"25N-H60N000I-80-I"},{"r":"215","t":"24:23:33","h":"Ouest","s":"25N-H60N100F-81-F1"},{"r":"215","t":"24:23:33","h":"Ouest","s":"25N-H60N200F-81-F2"},{"r":"215","t":"24:23:33","h":"Ouest","s":"25N-H60N300F-82-F3"},{"r":"215","t":"24:23:33","h":"Ouest","s":"25N-H60N400F-81-F4"},{"r":"215","t":"24:23:33","h":"Ouest","s":"25N-H60NV10I-80-I"},{"r":"215","t":"24:23:33","h":"Ouest","s":"25N-H60NV20I-80-I"},{"r":"215","t":"24:23:33","h":"Ouest","s":"25S-H60S000I-80-I"},{"r":"215","t":"24:23:33","h":"Ouest","s":"25S-H60S100F-82-F1"},{"r":"215","t":"24:23:33","h":"Ouest","s":"25S-H60S200F-81-F2"},{"r":"215","t":"24:24:33","h":"Ouest","s":"25N-H60N000A-80-A"},{"r":"215","t":"24:24:33","h":"Ouest","s":"25N-H60NV10A-80-A"},{"r":"215","t":"24:24:33","h":"Ouest","s":"25N-H60NV20A-80-A"},{"r":"215","t":"24:24:33","h":"Ouest","s":"25S-H60S000A-80-A"},{"r":"215","t":"24:48:33","h":"Ouest","s":"25N-H60N000I-80-I"},{"r":"215","t":"24:48:33","h":"Ouest","s":"25N-H60N100F-81-F1"},{"r":"215","t":"24:48:33","h":"Ouest","s":"25N-H60N200F-81-F2"},{"r":"215","t":"24:48:33","h":"Ouest","s":"25N-H60N300F-82-F3"},{"r":"215","t":"24:48:33","h":"Ouest","s":"25N-H60N400F-81-F4"},{"r":"215","t":"24:48:33","h":"Ouest","s":"25N-H60NV10I-80-I"},{"r":"215","t":"24:48:33","h":"Ouest","s":"25N-H60NV20I-80-I"},{"r":"215","t":"24:48:33","h":"Ouest","s":"25S-H60S000I-80-I"},{"r":"215","t":"24:48:33","h":"Ouest","s":"25S-H60S100F-82-F1"},{"r":"215","t":"24:48:33","h":"Ouest","s":"25S-H60S200F-81-F2"},{"r":"215","t":"24:49:06","h":"Ouest","s":"25N-H60N000S-80-S"},{"r":"215","t":"24:49:06","h":"Ouest","s":"25N-H60N000S-98-S"},{"r":"215","t":"24:49:06","h":"Ouest","s":"25N-H60NV10S-98-S"},{"r":"215","t":"24:49:06","h":"Ouest","s":"25N-H60NV20S-98-S"},{"r":"215","t":"24:49:06","h":"Ouest","s":"25S-H60S000S-80-S"},{"r":"215","t":"24:49:33","h":"Ouest","s":"25N-H60N000A-80-A"},{"r":"215","t":"24:49:33","h":"Ouest","s":"25N-H60NV10A-80-A"},{"r":"215","t":"24:49:33","h":"Ouest","s":"25N-H60NV20A-80-A"},{"r":"215","t":"24:49:33","h":"Ouest","s":"25S-H60S000A-80-A"}]