[{"r":"160","t":"06:05:23","h":"Est","s":"25N-H50N000A-80-A"},{"r":"160","t":"06:05:23","h":"Est","s":"25N-H50N000A-90-A"},{"r":"160","t":"06:05:23","h":"Est","s":"25N-H50NV10A-90-A"},{"r":"160","t":"06:05:23","h":"Est","s":"25N-H50NV20A-90-A"},{"r":"160","t":"06:05:23","h":"Est","s":"25S-H50S000A-81-A"},{"r":"160","t":"06:11:47","h":"Est","s":"25N-H50N000S-80-S"},{"r":"160","t":"06:11:47","h":"Est","s":"25N-H50N000S-90-S"},{"r":"160","t":"06:11:47","h":"Est","s":"25N-H50NV10S-90-S"},{"r":"160","t":"06:11:47","h":"Est","s":"25N-H50NV20S-90-S"},{"r":"160","t":"06:11:47","h":"Est","s":"25S-H50S000S-81-S"},{"r":"160","t":"06:37:47","h":"Est","s":"25N-H50N000S-80-S"},{"r":"160","t":"06:37:47","h":"Est","s":"25N-H50N000S-90-S"},{"r":"160","t":"06:37:47","h":"Est","s":"25N-H50NV10S-90-S"},{"r":"160","t":"06:37:47","h":"Est","s":"25N-H50NV20S-90-S"},{"r":"160","t":"06:37:47","h":"Est","s":"25S-H50S000S-81-S"},{"r":"160","t":"06:38:23","h":"Est","s":"25N-H50N000A-80-A"},{"r":"160","t":"06:38:23","h":"Est","s":"25N-H50N000A-90-A"},{"r":"160","t":"06:38:23","h":"Est","s":"25N-H50NV10A-90-A"},{"r":"160","t":"06:38:23","h":"Est","s":"25N-H50NV20A-90-A"},{"r":"160","t":"06:38:23","h":"Est","s":"25S-H50S000A-81-A"},{"r":"160","t":"07:04:29","h":"Est","s":"25N-H50N000S-80-S"},{"r":"160","t":"07:04:29","h":"Est","s":"25N-H50N000S-90-S"},{"r":"160","t":"07:04:29","h":"Est","s":"25N-H50NV10S-90-S"},{"r":"160","t":"07:04:29","h":"Est","s":"25N-H50NV20S-90-S"},{"r":"160","t":"07:04:29","h":"Est","s":"25S-H50S000S-81-S"},{"r":"160","t":"07:12:23","h":"Est","s":"25N-H50N000A-80-A"},{"r":"160","t":"07:12:23","h":"Est","s":"25N-H50N000A-90-A"},{"r":"160","t":"07:12:23","h":"Est","s":"25N-H50NV10A-90-A"},{"r":"160","t":"07:12:23","h":"Est","s":"25N-H50NV20A-90-A"},{"r":"160","t":"07:12:23","h":"Est","s":"25S-H50S000A-81-A"},{"r":"160","t":"07:18:05","h":"Est","s":"25N-H50N000I-80-I"},{"r":"160","t":"07:18:05","h":"Est","s":"25N-H50N000I-90-I"},{"r":"160","t":"07:18:05","h":"Est","s":"25N-H50N100F-90-F1"},{"r":"160","t":"07:18:05","h":"Est","s":"25N-H50N200F-90-F2"},{"r":"160","t":"07:18:05","h":"Est","s":"25N-H50N300F-90-F3"},{"r":"160","t":"07:18:05","h":"Est","s":"25N-H50N400F-90-F4"},{"r":"160","t":"07:18:05","h":"Est","s":"25N-H50NV10I-90-I"},{"r":"160","t":"07:18:05","h":"Est","s":"25N-H50NV20I-90-I"},{"r":"160","t":"07:18:05","h":"Est","s":"25S-H50S000I-81-I"},{"r":"160","t":"07:18:05","h":"Est","s":"25S-H50S100F-80-F1"},{"r":"160","t":"07:18:05","h":"Est","s":"25S-H50S200F-80-F2"},{"r":"160","t":"07:36:29","h":"Est","s":"25N-H50N000S-80-S"},{"r":"160","t":"07:36:29","h":"Est","s":"25N-H50N000S-90-S"},{"r":"160","t":"07:36:29","h":"Est","s":"25N-H50NV10S-90-S"},{"r":"160","t":"07:36:29","h":"Est","s":"25N-H50NV20S-90-S"},{"r":"160","t":"07:36:29","h":"Est","s":"25S-H50S000S-81-S"},{"r":"160","t":"07:47:05","h":"Est","s":"25N-H50N000I-80-I"},{"r":"160","t":"07:47:05","h":"Est","s":"25N-H50N000I-90-I"},{"r":"160","t":"07:47:05","h":"Est","s":"25N-H50N100F-90-F1"},{"r":"160","t":"07:47:05","h":"Est","s":"25N-H50N200F-90-F2"},{"r":"160","t":"07:47:05","h":"Est","s":"25N-H50N300F-90-F3"},{"r":"160","t":"07:47:05","h":"Est","s":"25N-H50N400F-90-F4"},{"r":"160","t":"07:47:05","h":"Est","s":"25N-H50NV10I-90-I"},{"r":"160","t":"07:47:05","h":"Est","s":"25N-H50NV20I-90-I"},{"r":"160","t":"07:47:05","h":"Est","s":"25S-H50S000I-81-I"},{"r":"160","t":"07:47:05","h":"Est","s":"25S-H50S100F-80-F1"},{"r":"160","t":"07:47:05","h":"Est","s":"25S-H50S200F-80-F2"},{"r":"160","t":"07:49:05","h":"Est","s":"25N-H50N000A-80-A"},{"r":"160","t":"07:49:05","h":"Est","s":"25N-H50N000A-90-A"},{"r":"160","t":"07:49:05","h":"Est","s":"25N-H50NV10A-90-A"},{"r":"160","t":"07:49:05","h":"Est","s":"25N-H50NV20A-90-A"},{"r":"160","t":"07:49:05","h":"Est","s":"25S-H50S000A-81-A"},{"r":"160","t":"08:05:52","h":"Est","s":"25N-H50N000S-80-S"},{"r":"160","t":"08:05:52","h":"Est","s":"25N-H50N000S-90-S"},{"r":"160","t":"08:05:52","h":"Est","s":"25N-H50NV10S-90-S"},{"r":"160","t":"08:05:52","h":"Est","s":"25N-H50NV20S-90-S"},{"r":"160","t":"08:05:52","h":"Est","s":"25S-H50S000S-81-S"},{"r":"160","t":"08:23:05","h":"Est","s":"25N-H50N000I-80-I"},{"r":"160","t":"08:23:05","h":"Est","s":"25N-H50N000I-90-I"},{"r":"160","t":"08:23:05","h":"Est","s":"25N-H50N100F-90-F1"},{"r":"160","t":"08:23:05","h":"Est","s":"25N-H50N200F-90-F2"},{"r":"160","t":"08:23:05","h":"Est","s":"25N-H50N300F-90-F3"},{"r":"160","t":"08:23:05","h":"Est","s":"25N-H50N400F-90-F4"},{"r":"160","t":"08:23:05","h":"Est","s":"25N-H50NV10I-90-I"},{"r":"160","t":"08:23:05","h":"Est","s":"25N-H50NV20I-90-I"},{"r":"160","t":"08:23:05","h":"Est","s":"25S-H50S000I-81-I"},{"r":"160","t":"08:23:05","h":"Est","s":"25S-H50S100F-80-F1"},{"r":"160","t":"08:23:05","h":"Est","s":"25S-H50S200F-80-F2"},{"r":"160","t":"08:24:05","h":"Est","s":"25N-H50N000A-80-A"},{"r":"160","t":"08:24:05","h":"Est","s":"25N-H50N000A-90-A"},{"r":"160","t":"08:24:05","h":"Est","s":"25N-H50NV10A-90-A"},{"r":"160","t":"08:24:05","h":"Est","s":"25N-H50NV20A-90-A"},{"r":"160","t":"08:24:05","h":"Est","s":"25S-H50S000A-81-A"},{"r":"160","t":"08:32:10","h":"Est","s":"25N-H55N000S-80-S"},{"r":"160","t":"08:32:10","h":"Est","s":"25N-H55N000S-82-S"},{"r":"160","t":"08:32:10","h":"Est","s":"25N-H55NV10S-85-S"},{"r":"160","t":"08:32:10","h":"Est","s":"25N-H55NV20S-81-S"},{"r":"160","t":"08:32:10","h":"Est","s":"25S-H55S000S-82-S"},{"r":"160","t":"08:57:05","h":"Est","s":"25N-H50N000A-80-A"},{"r":"160","t":"08:57:05","h":"Est","s":"25N-H50N000A-90-A"},{"r":"160","t":"08:57:05","h":"Est","s":"25N-H50NV10A-90-A"},{"r":"160","t":"08:57:05","h":"Est","s":"25N-H50NV20A-90-A"},{"r":"160","t":"08:57:05","h":"Est","s":"25S-H50S000A-81-A"},{"r":"160","t":"08:58:29","h":"Est","s":"25N-H55N000S-80-S"},{"r":"160","t":"08:58:29","h":"Est","s":"25N-H55N000S-82-S"},{"r":"160","t":"08:58:29","h":"Est","s":"25N-H55NV10S-85-S"},{"r":"160","t":"08:58:29","h":"Est","s":"25N-H55NV20S-81-S"},{"r":"160","t":"08:58:29","h":"Est","s":"25S-H55S000S-82-S"},{"r":"160","t":"08:59:05","h":"Est","s":"25N-H50N000I-80-I"},{"r":"160","t":"08:59:05","h":"Est","s":"25N-H50N000I-90-I"},{"r":"160","t":"08:59:05","h":"Est","s":"25N-H50N100F-90-F1"},{"r":"160","t":"08:59:05","h":"Est","s":"25N-H50N200F-90-F2"},{"r":"160","t":"08:59:05","h":"Est","s":"25N-H50N300F-90-F3"},{"r":"160","t":"08:59:05","h":"Est","s":"25N-H50N400F-90-F4"},{"r":"160","t":"08:59:05","h":"Est","s":"25N-H50NV10I-90-I"},{"r":"160","t":"08:59:05","h":"Est","s":"25N-H50NV20I-90-I"},{"r":"160","t":"08:59:05","h":"Est","s":"25S-H50S000I-81-I"},{"r":"160","t":"08:59:05","h":"Est","s":"25S-H50S100F-80-F1"},{"r":"160","t":"08:59:05","h":"Est","s":"25S-H50S200F-80-F2"},{"r":"160","t":"09:27:29","h":"Est","s":"25N-H50N000S-80-S"},{"r":"160","t":"09:27:29","h":"Est","s":"25N-H50N000S-90-S"},{"r":"160","t":"09:27:29","h":"Est","s":"25N-H50NV10S-90-S"},{"r":"160","t":"09:27:29","h":"Est","s":"25N-H50NV20S-90-S"},{"r":"160","t":"09:27:29","h":"Est","s":"25S-H50S000S-81-S"},{"r":"160","t":"09:30:05","h":"Est","s":"25N-H50N000A-80-A"},{"r":"160","t":"09:30:05","h":"Est","s":"25N-H50N000A-90-A"},{"r":"160","t":"09:30:05","h":"Est","s":"25N-H50NV10A-90-A"},{"r":"160","t":"09:30:05","h":"Est","s":"25N-H50NV20A-90-A"},{"r":"160","t":"09:30:05","h":"Est","s":"25S-H50S000A-81-A"},{"r":"160","t":"09:37:05","h":"Est","s":"25N-H50N000I-80-I"},{"r":"160","t":"09:37:05","h":"Est","s":"25N-H50N000I-90-I"},{"r":"160","t":"09:37:05","h":"Est","s":"25N-H50N100F-90-F1"},{"r":"160","t":"09:37:05","h":"Est","s":"25N-H50N200F-90-F2"},{"r":"160","t":"09:37:05","h":"Est","s":"25N-H50N300F-90-F3"},{"r":"160","t":"09:37:05","h":"Est","s":"25N-H50N400F-90-F4"},{"r":"160","t":"09:37:05","h":"Est","s":"25N-H50NV10I-90-I"},{"r":"160","t":"09:37:05","h":"Est","s":"25N-H50NV20I-90-I"},{"r":"160","t":"09:37:05","h":"Est","s":"25S-H50S000I-81-I"},{"r":"160","t":"09:37:05","h":"Est","s":"25S-H50S100F-80-F1"},{"r":"160","t":"09:37:05","h":"Est","s":"25S-H50S200F-80-F2"},{"r":"160","t":"09:55:29","h":"Est","s":"25N-H57N000S-80-S"},{"r":"160","t":"09:55:29","h":"Est","s":"25N-H57NV10S-84-S"},{"r":"160","t":"09:55:29","h":"Est","s":"25N-H57NV20S-80-S"},{"r":"160","t":"09:55:29","h":"Est","s":"25S-H57S000S-82-S"},{"r":"160","t":"10:03:05","h":"Est","s":"25N-H50N000A-80-A"},{"r":"160","t":"10:03:05","h":"Est","s":"25N-H50N000A-90-A"},{"r":"160","t":"10:03:05","h":"Est","s":"25N-H50NV10A-90-A"},{"r":"160","t":"10:03:05","h":"Est","s":"25N-H50NV20A-90-A"},{"r":"160","t":"10:03:05","h":"Est","s":"25S-H50S000A-81-A"},{"r":"160","t":"10:15:05","h":"Est","s":"25N-H50N000I-80-I"},{"r":"160","t":"10:15:05","h":"Est","s":"25N-H50N000I-90-I"},{"r":"160","t":"10:15:05","h":"Est","s":"25N-H50N100F-90-F1"},{"r":"160","t":"10:15:05","h":"Est","s":"25N-H50N200F-90-F2"},{"r":"160","t":"10:15:05","h":"Est","s":"25N-H50N300F-90-F3"},{"r":"160","t":"10:15:05","h":"Est","s":"25N-H50N400F-90-F4"},{"r":"160","t":"10:15:05","h":"Est","s":"25N-H50NV10I-90-I"},{"r":"160","t":"10:15:05","h":"Est","s":"25N-H50NV20I-90-I"},{"r":"160","t":"10:15:05","h":"Est","s":"25S-H50S000I-81-I"},{"r":"160","t":"10:15:05","h":"Est","s":"25S-H50S100F-80-F1"},{"r":"160","t":"10:15:05","h":"Est","s":"25S-H50S200F-80-F2"},{"r":"160","t":"10:23:29","h":"Est","s":"25N-H50N000S-80-S"},{"r":"160","t":"10:23:29","h":"Est","s":"25N-H50N000S-90-S"},{"r":"160","t":"10:23:29","h":"Est","s":"25N-H50NV10S-90-S"},{"r":"160","t":"10:23:29","h":"Est","s":"25N-H50NV20S-90-S"},{"r":"160","t":"10:23:29","h":"Est","s":"25S-H50S000S-81-S"},{"r":"160","t":"10:33:05","h":"Est","s":"25N-H50N000A-80-A"},{"r":"160","t":"10:33:05","h":"Est","s":"25N-H50N000A-90-A"},{"r":"160","t":"10:33:05","h":"Est","s":"25N-H50NV10A-90-A"},{"r":"160","t":"10:33:05","h":"Est","s":"25N-H50NV20A-90-A"},{"r":"160","t":"10:33:05","h":"Est","s":"25S-H50S000A-81-A"},{"r":"160","t":"10:48:05","h":"Est","s":"25N-H50N000I-80-I"},{"r":"160","t":"10:48:05","h":"Est","s":"25N-H50N000I-90-I"},{"r":"160","t":"10:48:05","h":"Est","s":"25N-H50N100F-90-F1"},{"r":"160","t":"10:48:05","h":"Est","s":"25N-H50N200F-90-F2"},{"r":"160","t":"10:48:05","h":"Est","s":"25N-H50N300F-90-F3"},{"r":"160","t":"10:48:05","h":"Est","s":"25N-H50N400F-90-F4"},{"r":"160","t":"10:48:05","h":"Est","s":"25N-H50NV10I-90-I"},{"r":"160","t":"10:48:05","h":"Est","s":"25N-H50NV20I-90-I"},{"r":"160","t":"10:48:05","h":"Est","s":"25S-H50S000I-81-I"},{"r":"160","t":"10:48:05","h":"Est","s":"25S-H50S100F-80-F1"},{"r":"160","t":"10:48:05","h":"Est","s":"25S-H50S200F-80-F2"},{"r":"160","t":"10:49:29","h":"Est","s":"25N-H50N000S-80-S"},{"r":"160","t":"10:49:29","h":"Est","s":"25N-H50N000S-90-S"},{"r":"160","t":"10:49:29","h":"Est","s":"25N-H50NV10S-90-S"},{"r":"160","t":"10:49:29","h":"Est","s":"25N-H50NV20S-90-S"},{"r":"160","t":"10:49:29","h":"Est","s":"25S-H50S000S-81-S"},{"r":"160","t":"11:03:05","h":"Est","s":"25N-H50N000A-80-A"},{"r":"160","t":"11:03:05","h":"Est","s":"25N-H50N000A-90-A"},{"r":"160","t":"11:03:05","h":"Est","s":"25N-H50NV10A-90-A"},{"r":"160","t":"11:03:05","h":"Est","s":"25N-H50NV20A-90-A"},{"r":"160","t":"11:03:05","h":"Est","s":"25S-H50S000A-81-A"},{"r":"160","t":"11:14:29","h":"Est","s":"25N-H50N000S-80-S"},{"r":"160","t":"11:14:29","h":"Est","s":"25N-H50N000S-90-S"},{"r":"160","t":"11:14:29","h":"Est","s":"25N-H50NV10S-90-S"},{"r":"160","t":"11:14:29","h":"Est","s":"25N-H50NV20S-90-S"},{"r":"160","t":"11:14:29","h":"Est","s":"25S-H50S000S-81-S"},{"r":"160","t":"11:21:05","h":"Est","s":"25N-H50N000I-80-I"},{"r":"160","t":"11:21:05","h":"Est","s":"25N-H50N000I-90-I"},{"r":"160","t":"11:21:05","h":"Est","s":"25N-H50N100F-90-F1"},{"r":"160","t":"11:21:05","h":"Est","s":"25N-H50N200F-90-F2"},{"r":"160","t":"11:21:05","h":"Est","s":"25N-H50N300F-90-F3"},{"r":"160","t":"11:21:05","h":"Est","s":"25N-H50N400F-90-F4"},{"r":"160","t":"11:21:05","h":"Est","s":"25N-H50NV10I-90-I"},{"r":"160","t":"11:21:05","h":"Est","s":"25N-H50NV20I-90-I"},{"r":"160","t":"11:21:05","h":"Est","s":"25S-H50S000I-81-I"},{"r":"160","t":"11:21:05","h":"Est","s":"25S-H50S100F-80-F1"},{"r":"160","t":"11:21:05","h":"Est","s":"25S-H50S200F-80-F2"},{"r":"160","t":"11:32:05","h":"Est","s":"25N-H50N000A-80-A"},{"r":"160","t":"11:32:05","h":"Est","s":"25N-H50N000A-90-A"},{"r":"160","t":"11:32:05","h":"Est","s":"25N-H50NV10A-90-A"},{"r":"160","t":"11:32:05","h":"Est","s":"25N-H50NV20A-90-A"},{"r":"160","t":"11:32:05","h":"Est","s":"25S-H50S000A-81-A"},{"r":"160","t":"11:42:29","h":"Est","s":"25N-H50N000S-80-S"},{"r":"160","t":"11:42:29","h":"Est","s":"25N-H50N000S-90-S"},{"r":"160","t":"11:42:29","h":"Est","s":"25N-H50NV10S-90-S"},{"r":"160","t":"11:42:29","h":"Est","s":"25N-H50NV20S-90-S"},{"r":"160","t":"11:42:29","h":"Est","s":"25S-H50S000S-81-S"},{"r":"160","t":"11:53:47","h":"Est","s":"25N-H50N000I-80-I"},{"r":"160","t":"11:53:47","h":"Est","s":"25N-H50N000I-90-I"},{"r":"160","t":"11:53:47","h":"Est","s":"25N-H50N100F-90-F1"},{"r":"160","t":"11:53:47","h":"Est","s":"25N-H50N200F-90-F2"},{"r":"160","t":"11:53:47","h":"Est","s":"25N-H50N300F-90-F3"},{"r":"160","t":"11:53:47","h":"Est","s":"25N-H50N400F-90-F4"},{"r":"160","t":"11:53:47","h":"Est","s":"25N-H50NV10I-90-I"},{"r":"160","t":"11:53:47","h":"Est","s":"25N-H50NV20I-90-I"},{"r":"160","t":"11:53:47","h":"Est","s":"25S-H50S000I-81-I"},{"r":"160","t":"11:53:47","h":"Est","s":"25S-H50S100F-80-F1"},{"r":"160","t":"11:53:47","h":"Est","s":"25S-H50S200F-80-F2"},{"r":"160","t":"12:05:05","h":"Est","s":"25N-H50N000A-80-A"},{"r":"160","t":"12:05:05","h":"Est","s":"25N-H50N000A-90-A"},{"r":"160","t":"12:05:05","h":"Est","s":"25N-H50NV10A-90-A"},{"r":"160","t":"12:05:05","h":"Est","s":"25N-H50NV20A-90-A"},{"r":"160","t":"12:05:05","h":"Est","s":"25S-H50S000A-81-A"},{"r":"160","t":"12:09:29","h":"Est","s":"25N-H50N000S-80-S"},{"r":"160","t":"12:09:29","h":"Est","s":"25N-H50N000S-90-S"},{"r":"160","t":"12:09:29","h":"Est","s":"25N-H50NV10S-90-S"},{"r":"160","t":"12:09:29","h":"Est","s":"25N-H50NV20S-90-S"},{"r":"160","t":"12:09:29","h":"Est","s":"25S-H50S000S-81-S"},{"r":"160","t":"12:25:47","h":"Est","s":"25N-H50N000I-80-I"},{"r":"160","t":"12:25:47","h":"Est","s":"25N-H50N000I-90-I"},{"r":"160","t":"12:25:47","h":"Est","s":"25N-H50N100F-90-F1"},{"r":"160","t":"12:25:47","h":"Est","s":"25N-H50N200F-90-F2"},{"r":"160","t":"12:25:47","h":"Est","s":"25N-H50N300F-90-F3"},{"r":"160","t":"12:25:47","h":"Est","s":"25N-H50N400F-90-F4"},{"r":"160","t":"12:25:47","h":"Est","s":"25N-H50NV10I-90-I"},{"r":"160","t":"12:25:47","h":"Est","s":"25N-H50NV20I-90-I"},{"r":"160","t":"12:25:47","h":"Est","s":"25S-H50S000I-81-I"},{"r":"160","t":"12:25:47","h":"Est","s":"25S-H50S100F-80-F1"},{"r":"160","t":"12:25:47","h":"Est","s":"25S-H50S200F-80-F2"},{"r":"160","t":"12:35:05","h":"Est","s":"25N-H50N000A-80-A"},{"r":"160","t":"12:35:05","h":"Est","s":"25N-H50N000A-90-A"},{"r":"160","t":"12:35:05","h":"Est","s":"25N-H50NV10A-90-A"},{"r":"160","t":"12:35:05","h":"Est","s":"25N-H50NV20A-90-A"},{"r":"160","t":"12:35:05","h":"Est","s":"25S-H50S000A-81-A"},{"r":"160","t":"12:40:29","h":"Est","s":"25N-H50N000S-80-S"},{"r":"160","t":"12:40:29","h":"Est","s":"25N-H50N000S-90-S"},{"r":"160","t":"12:40:29","h":"Est","s":"25N-H50NV10S-90-S"},{"r":"160","t":"12:40:29","h":"Est","s":"25N-H50NV20S-90-S"},{"r":"160","t":"12:40:29","h":"Est","s":"25S-H50S000S-81-S"},{"r":"160","t":"12:57:47","h":"Est","s":"25N-H50N000I-80-I"},{"r":"160","t":"12:57:47","h":"Est","s":"25N-H50N000I-90-I"},{"r":"160","t":"12:57:47","h":"Est","s":"25N-H50N100F-90-F1"},{"r":"160","t":"12:57:47","h":"Est","s":"25N-H50N200F-90-F2"},{"r":"160","t":"12:57:47","h":"Est","s":"25N-H50N300F-90-F3"},{"r":"160","t":"12:57:47","h":"Est","s":"25N-H50N400F-90-F4"},{"r":"160","t":"12:57:47","h":"Est","s":"25N-H50NV10I-90-I"},{"r":"160","t":"12:57:47","h":"Est","s":"25N-H50NV20I-90-I"},{"r":"160","t":"12:57:47","h":"Est","s":"25S-H50S000I-81-I"},{"r":"160","t":"12:57:47","h":"Est","s":"25S-H50S100F-80-F1"},{"r":"160","t":"12:57:47","h":"Est","s":"25S-H50S200F-80-F2"},{"r":"160","t":"13:05:05","h":"Est","s":"25N-H50N000A-80-A"},{"r":"160","t":"13:05:05","h":"Est","s":"25N-H50N000A-90-A"},{"r":"160","t":"13:05:05","h":"Est","s":"25N-H50NV10A-90-A"},{"r":"160","t":"13:05:05","h":"Est","s":"25N-H50NV20A-90-A"},{"r":"160","t":"13:05:05","h":"Est","s":"25S-H50S000A-81-A"},{"r":"160","t":"13:12:29","h":"Est","s":"25N-H50N000S-80-S"},{"r":"160","t":"13:12:29","h":"Est","s":"25N-H50N000S-90-S"},{"r":"160","t":"13:12:29","h":"Est","s":"25N-H50NV10S-90-S"},{"r":"160","t":"13:12:29","h":"Est","s":"25N-H50NV20S-90-S"},{"r":"160","t":"13:12:29","h":"Est","s":"25S-H50S000S-81-S"},{"r":"160","t":"13:30:47","h":"Est","s":"25N-H50N000I-80-I"},{"r":"160","t":"13:30:47","h":"Est","s":"25N-H50N000I-90-I"},{"r":"160","t":"13:30:47","h":"Est","s":"25N-H50N100F-90-F1"},{"r":"160","t":"13:30:47","h":"Est","s":"25N-H50N200F-90-F2"},{"r":"160","t":"13:30:47","h":"Est","s":"25N-H50N300F-90-F3"},{"r":"160","t":"13:30:47","h":"Est","s":"25N-H50N400F-90-F4"},{"r":"160","t":"13:30:47","h":"Est","s":"25N-H50NV10I-90-I"},{"r":"160","t":"13:30:47","h":"Est","s":"25N-H50NV20I-90-I"},{"r":"160","t":"13:30:47","h":"Est","s":"25S-H50S000I-81-I"},{"r":"160","t":"13:30:47","h":"Est","s":"25S-H50S100F-80-F1"},{"r":"160","t":"13:30:47","h":"Est","s":"25S-H50S200F-80-F2"},{"r":"160","t":"13:35:05","h":"Est","s":"25N-H50N000A-80-A"},{"r":"160","t":"13:35:05","h":"Est","s":"25N-H50N000A-90-A"},{"r":"160","t":"13:35:05","h":"Est","s":"25N-H50NV10A-90-A"},{"r":"160","t":"13:35:05","h":"Est","s":"25N-H50NV20A-90-A"},{"r":"160","t":"13:35:05","h":"Est","s":"25S-H50S000A-81-A"},{"r":"160","t":"13:44:29","h":"Est","s":"25N-H50N000S-80-S"},{"r":"160","t":"13:44:29","h":"Est","s":"25N-H50N000S-90-S"},{"r":"160","t":"13:44:29","h":"Est","s":"25N-H50NV10S-90-S"},{"r":"160","t":"13:44:29","h":"Est","s":"25N-H50NV20S-90-S"},{"r":"160","t":"13:44:29","h":"Est","s":"25S-H50S000S-81-S"},{"r":"160","t":"14:02:47","h":"Est","s":"25N-H50N000I-80-I"},{"r":"160","t":"14:02:47","h":"Est","s":"25N-H50N000I-90-I"},{"r":"160","t":"14:02:47","h":"Est","s":"25N-H50N100F-90-F1"},{"r":"160","t":"14:02:47","h":"Est","s":"25N-H50N200F-90-F2"},{"r":"160","t":"14:02:47","h":"Est","s":"25N-H50N300F-90-F3"},{"r":"160","t":"14:02:47","h":"Est","s":"25N-H50N400F-90-F4"},{"r":"160","t":"14:02:47","h":"Est","s":"25N-H50NV10I-90-I"},{"r":"160","t":"14:02:47","h":"Est","s":"25N-H50NV20I-90-I"},{"r":"160","t":"14:02:47","h":"Est","s":"25S-H50S000I-81-I"},{"r":"160","t":"14:02:47","h":"Est","s":"25S-H50S100F-80-F1"},{"r":"160","t":"14:02:47","h":"Est","s":"25S-H50S200F-80-F2"},{"r":"160","t":"14:05:05","h":"Est","s":"25N-H50N000A-80-A"},{"r":"160","t":"14:05:05","h":"Est","s":"25N-H50N000A-90-A"},{"r":"160","t":"14:05:05","h":"Est","s":"25N-H50NV10A-90-A"},{"r":"160","t":"14:05:05","h":"Est","s":"25N-H50NV20A-90-A"},{"r":"160","t":"14:05:05","h":"Est","s":"25S-H50S000A-81-A"},{"r":"160","t":"14:16:29","h":"Est","s":"25N-H50N000S-80-S"},{"r":"160","t":"14:16:29","h":"Est","s":"25N-H50N000S-90-S"},{"r":"160","t":"14:16:29","h":"Est","s":"25N-H50NV10S-90-S"},{"r":"160","t":"14:16:29","h":"Est","s":"25N-H50NV20S-90-S"},{"r":"160","t":"14:16:29","h":"Est","s":"25S-H50S000S-81-S"},{"r":"160","t":"14:35:05","h":"Est","s":"25N-H50N000A-80-A"},{"r":"160","t":"14:35:05","h":"Est","s":"25N-H50N000A-90-A"},{"r":"160","t":"14:35:05","h":"Est","s":"25N-H50NV10A-90-A"},{"r":"160","t":"14:35:05","h":"Est","s":"25N-H50NV20A-90-A"},{"r":"160","t":"14:35:05","h":"Est","s":"25S-H50S000A-81-A"},{"r":"160","t":"14:35:47","h":"Est","s":"25N-H50N000I-80-I"},{"r":"160","t":"14:35:47","h":"Est","s":"25N-H50N000I-90-I"},{"r":"160","t":"14:35:47","h":"Est","s":"25N-H50N100F-90-F1"},{"r":"160","t":"14:35:47","h":"Est","s":"25N-H50N200F-90-F2"},{"r":"160","t":"14:35:47","h":"Est","s":"25N-H50N300F-90-F3"},{"r":"160","t":"14:35:47","h":"Est","s":"25N-H50N400F-90-F4"},{"r":"160","t":"14:35:47","h":"Est","s":"25N-H50NV10I-90-I"},{"r":"160","t":"14:35:47","h":"Est","s":"25N-H50NV20I-90-I"},{"r":"160","t":"14:35:47","h":"Est","s":"25S-H50S000I-81-I"},{"r":"160","t":"14:35:47","h":"Est","s":"25S-H50S100F-80-F1"},{"r":"160","t":"14:35:47","h":"Est","s":"25S-H50S200F-80-F2"},{"r":"160","t":"14:48:29","h":"Est","s":"25N-H50N000S-80-S"},{"r":"160","t":"14:48:29","h":"Est","s":"25N-H50N000S-90-S"},{"r":"160","t":"14:48:29","h":"Est","s":"25N-H50NV10S-90-S"},{"r":"160","t":"14:48:29","h":"Est","s":"25N-H50NV20S-90-S"},{"r":"160","t":"14:48:29","h":"Est","s":"25S-H50S000S-81-S"},{"r":"160","t":"15:02:05","h":"Est","s":"25N-H50N000A-80-A"},{"r":"160","t":"15:02:05","h":"Est","s":"25N-H50N000A-90-A"},{"r":"160","t":"15:02:05","h":"Est","s":"25N-H50NV10A-90-A"},{"r":"160","t":"15:02:05","h":"Est","s":"25N-H50NV20A-90-A"},{"r":"160","t":"15:02:05","h":"Est","s":"25S-H50S000A-81-A"},{"r":"160","t":"15:08:47","h":"Est","s":"25N-H50N000I-80-I"},{"r":"160","t":"15:08:47","h":"Est","s":"25N-H50N000I-90-I"},{"r":"160","t":"15:08:47","h":"Est","s":"25N-H50N100F-90-F1"},{"r":"160","t":"15:08:47","h":"Est","s":"25N-H50N200F-90-F2"},{"r":"160","t":"15:08:47","h":"Est","s":"25N-H50N300F-90-F3"},{"r":"160","t":"15:08:47","h":"Est","s":"25N-H50N400F-90-F4"},{"r":"160","t":"15:08:47","h":"Est","s":"25N-H50NV10I-90-I"},{"r":"160","t":"15:08:47","h":"Est","s":"25N-H50NV20I-90-I"},{"r":"160","t":"15:08:47","h":"Est","s":"25S-H50S000I-81-I"},{"r":"160","t":"15:08:47","h":"Est","s":"25S-H50S100F-80-F1"},{"r":"160","t":"15:08:47","h":"Est","s":"25S-H50S200F-80-F2"},{"r":"160","t":"15:20:52","h":"Est","s":"25N-H50N000S-80-S"},{"r":"160","t":"15:20:52","h":"Est","s":"25N-H50N000S-90-S"},{"r":"160","t":"15:20:52","h":"Est","s":"25N-H50NV10S-90-S"},{"r":"160","t":"15:20:52","h":"Est","s":"25N-H50NV20S-90-S"},{"r":"160","t":"15:20:52","h":"Est","s":"25S-H50S000S-81-S"},{"r":"160","t":"15:23:05","h":"Est","s":"25N-H50N000A-80-A"},{"r":"160","t":"15:23:05","h":"Est","s":"25N-H50N000A-90-A"},{"r":"160","t":"15:23:05","h":"Est","s":"25N-H50NV10A-90-A"},{"r":"160","t":"15:23:05","h":"Est","s":"25N-H50NV20A-90-A"},{"r":"160","t":"15:23:05","h":"Est","s":"25S-H50S000A-81-A"},{"r":"160","t":"15:40:47","h":"Est","s":"25N-H50N000I-80-I"},{"r":"160","t":"15:40:47","h":"Est","s":"25N-H50N000I-90-I"},{"r":"160","t":"15:40:47","h":"Est","s":"25N-H50N100F-90-F1"},{"r":"160","t":"15:40:47","h":"Est","s":"25N-H50N200F-90-F2"},{"r":"160","t":"15:40:47","h":"Est","s":"25N-H50N300F-90-F3"},{"r":"160","t":"15:40:47","h":"Est","s":"25N-H50N400F-90-F4"},{"r":"160","t":"15:40:47","h":"Est","s":"25N-H50NV10I-90-I"},{"r":"160","t":"15:40:47","h":"Est","s":"25N-H50NV20I-90-I"},{"r":"160","t":"15:40:47","h":"Est","s":"25S-H50S000I-81-I"},{"r":"160","t":"15:40:47","h":"Est","s":"25S-H50S100F-80-F1"},{"r":"160","t":"15:40:47","h":"Est","s":"25S-H50S200F-80-F2"},{"r":"160","t":"15:43:05","h":"Est","s":"25N-H50N000A-80-A"},{"r":"160","t":"15:43:05","h":"Est","s":"25N-H50N000A-90-A"},{"r":"160","t":"15:43:05","h":"Est","s":"25N-H50NV10A-90-A"},{"r":"160","t":"15:43:05","h":"Est","s":"25N-H50NV20A-90-A"},{"r":"160","t":"15:43:05","h":"Est","s":"25S-H50S000A-81-A"},{"r":"160","t":"15:45:52","h":"Est","s":"25N-H50N000S-80-S"},{"r":"160","t":"15:45:52","h":"Est","s":"25N-H50N000S-90-S"},{"r":"160","t":"15:45:52","h":"Est","s":"25N-H50NV10S-90-S"},{"r":"160","t":"15:45:52","h":"Est","s":"25N-H50NV20S-90-S"},{"r":"160","t":"15:45:52","h":"Est","s":"25S-H50S000S-81-S"},{"r":"160","t":"15:54:52","h":"Est","s":"25N-H55N000S-80-S"},{"r":"160","t":"15:54:52","h":"Est","s":"25N-H55N000S-82-S"},{"r":"160","t":"15:54:52","h":"Est","s":"25N-H55NV10S-85-S"},{"r":"160","t":"15:54:52","h":"Est","s":"25N-H55NV20S-81-S"},{"r":"160","t":"15:54:52","h":"Est","s":"25S-H55S000S-82-S"},{"r":"160","t":"16:03:05","h":"Est","s":"25N-H50N000A-80-A"},{"r":"160","t":"16:03:05","h":"Est","s":"25N-H50N000A-90-A"},{"r":"160","t":"16:03:05","h":"Est","s":"25N-H50NV10A-90-A"},{"r":"160","t":"16:03:05","h":"Est","s":"25N-H50NV20A-90-A"},{"r":"160","t":"16:03:05","h":"Est","s":"25S-H50S000A-81-A"},{"r":"160","t":"16:03:52","h":"Est","s":"25N-H55N000S-80-S"},{"r":"160","t":"16:03:52","h":"Est","s":"25N-H55N000S-82-S"},{"r":"160","t":"16:03:52","h":"Est","s":"25N-H55NV10S-85-S"},{"r":"160","t":"16:03:52","h":"Est","s":"25N-H55NV20S-81-S"},{"r":"160","t":"16:03:52","h":"Est","s":"25S-H55S000S-82-S"},{"r":"160","t":"16:13:47","h":"Est","s":"25N-H50N000I-80-I"},{"r":"160","t":"16:13:47","h":"Est","s":"25N-H50N000I-90-I"},{"r":"160","t":"16:13:47","h":"Est","s":"25N-H50N100F-90-F1"},{"r":"160","t":"16:13:47","h":"Est","s":"25N-H50N200F-90-F2"},{"r":"160","t":"16:13:47","h":"Est","s":"25N-H50N300F-90-F3"},{"r":"160","t":"16:13:47","h":"Est","s":"25N-H50N400F-90-F4"},{"r":"160","t":"16:13:47","h":"Est","s":"25N-H50NV10I-90-I"},{"r":"160","t":"16:13:47","h":"Est","s":"25N-H50NV20I-90-I"},{"r":"160","t":"16:13:47","h":"Est","s":"25S-H50S000I-81-I"},{"r":"160","t":"16:13:47","h":"Est","s":"25S-H50S100F-80-F1"},{"r":"160","t":"16:13:47","h":"Est","s":"25S-H50S200F-80-F2"},{"r":"160","t":"16:17:52","h":"Est","s":"25N-H55N000S-80-S"},{"r":"160","t":"16:17:52","h":"Est","s":"25N-H55N000S-82-S"},{"r":"160","t":"16:17:52","h":"Est","s":"25N-H55NV10S-85-S"},{"r":"160","t":"16:17:52","h":"Est","s":"25N-H55NV20S-81-S"},{"r":"160","t":"16:17:52","h":"Est","s":"25S-H55S000S-82-S"},{"r":"160","t":"16:23:05","h":"Est","s":"25N-H50N000A-80-A"},{"r":"160","t":"16:23:05","h":"Est","s":"25N-H50N000A-90-A"},{"r":"160","t":"16:23:05","h":"Est","s":"25N-H50NV10A-90-A"},{"r":"160","t":"16:23:05","h":"Est","s":"25N-H50NV20A-90-A"},{"r":"160","t":"16:23:05","h":"Est","s":"25S-H50S000A-81-A"},{"r":"160","t":"16:32:52","h":"Est","s":"25N-H50N000S-80-S"},{"r":"160","t":"16:32:52","h":"Est","s":"25N-H50N000S-90-S"},{"r":"160","t":"16:32:52","h":"Est","s":"25N-H50NV10S-90-S"},{"r":"160","t":"16:32:52","h":"Est","s":"25N-H50NV20S-90-S"},{"r":"160","t":"16:32:52","h":"Est","s":"25S-H50S000S-81-S"},{"r":"160","t":"16:42:47","h":"Est","s":"25N-H50N000I-80-I"},{"r":"160","t":"16:42:47","h":"Est","s":"25N-H50N000I-90-I"},{"r":"160","t":"16:42:47","h":"Est","s":"25N-H50N100F-90-F1"},{"r":"160","t":"16:42:47","h":"Est","s":"25N-H50N200F-90-F2"},{"r":"160","t":"16:42:47","h":"Est","s":"25N-H50N300F-90-F3"},{"r":"160","t":"16:42:47","h":"Est","s":"25N-H50N400F-90-F4"},{"r":"160","t":"16:42:47","h":"Est","s":"25N-H50NV10I-90-I"},{"r":"160","t":"16:42:47","h":"Est","s":"25N-H50NV20I-90-I"},{"r":"160","t":"16:42:47","h":"Est","s":"25S-H50S000I-81-I"},{"r":"160","t":"16:42:47","h":"Est","s":"25S-H50S100F-80-F1"},{"r":"160","t":"16:42:47","h":"Est","s":"25S-H50S200F-80-F2"},{"r":"160","t":"16:43:05","h":"Est","s":"25N-H50N000A-80-A"},{"r":"160","t":"16:43:05","h":"Est","s":"25N-H50N000A-90-A"},{"r":"160","t":"16:43:05","h":"Est","s":"25N-H50NV10A-90-A"},{"r":"160","t":"16:43:05","h":"Est","s":"25N-H50NV20A-90-A"},{"r":"160","t":"16:43:05","h":"Est","s":"25S-H50S000A-81-A"},{"r":"160","t":"16:46:52","h":"Est","s":"25N-H57N000S-80-S"},{"r":"160","t":"16:46:52","h":"Est","s":"25N-H57NV10S-84-S"},{"r":"160","t":"16:46:52","h":"Est","s":"25N-H57NV20S-80-S"},{"r":"160","t":"16:46:52","h":"Est","s":"25S-H57S000S-82-S"},{"r":"160","t":"17:00:52","h":"Est","s":"25N-H50N000S-80-S"},{"r":"160","t":"17:00:52","h":"Est","s":"25N-H50N000S-90-S"},{"r":"160","t":"17:00:52","h":"Est","s":"25N-H50NV10S-90-S"},{"r":"160","t":"17:00:52","h":"Est","s":"25N-H50NV20S-90-S"},{"r":"160","t":"17:00:52","h":"Est","s":"25S-H50S000S-81-S"},{"r":"160","t":"17:03:05","h":"Est","s":"25N-H50N000A-80-A"},{"r":"160","t":"17:03:05","h":"Est","s":"25N-H50N000A-90-A"},{"r":"160","t":"17:03:05","h":"Est","s":"25N-H50NV10A-90-A"},{"r":"160","t":"17:03:05","h":"Est","s":"25N-H50NV20A-90-A"},{"r":"160","t":"17:03:05","h":"Est","s":"25S-H50S000A-81-A"},{"r":"160","t":"17:11:47","h":"Est","s":"25N-H50N000I-80-I"},{"r":"160","t":"17:11:47","h":"Est","s":"25N-H50N000I-90-I"},{"r":"160","t":"17:11:47","h":"Est","s":"25N-H50N100F-90-F1"},{"r":"160","t":"17:11:47","h":"Est","s":"25N-H50N200F-90-F2"},{"r":"160","t":"17:11:47","h":"Est","s":"25N-H50N300F-90-F3"},{"r":"160","t":"17:11:47","h":"Est","s":"25N-H50N400F-90-F4"},{"r":"160","t":"17:11:47","h":"Est","s":"25N-H50NV10I-90-I"},{"r":"160","t":"17:11:47","h":"Est","s":"25N-H50NV20I-90-I"},{"r":"160","t":"17:11:47","h":"Est","s":"25S-H50S000I-81-I"},{"r":"160","t":"17:11:47","h":"Est","s":"25S-H50S100F-80-F1"},{"r":"160","t":"17:11:47","h":"Est","s":"25S-H50S200F-80-F2"},{"r":"160","t":"17:14:52","h":"Est","s":"25N-H50N000S-80-S"},{"r":"160","t":"17:14:52","h":"Est","s":"25N-H50N000S-90-S"},{"r":"160","t":"17:14:52","h":"Est","s":"25N-H50NV10S-90-S"},{"r":"160","t":"17:14:52","h":"Est","s":"25N-H50NV20S-90-S"},{"r":"160","t":"17:14:52","h":"Est","s":"25S-H50S000S-81-S"},{"r":"160","t":"17:23:05","h":"Est","s":"25N-H50N000A-80-A"},{"r":"160","t":"17:23:05","h":"Est","s":"25N-H50N000A-90-A"},{"r":"160","t":"17:23:05","h":"Est","s":"25N-H50NV10A-90-A"},{"r":"160","t":"17:23:05","h":"Est","s":"25N-H50NV20A-90-A"},{"r":"160","t":"17:23:05","h":"Est","s":"25S-H50S000A-81-A"},{"r":"160","t":"17:28:52","h":"Est","s":"25N-H55N000S-80-S"},{"r":"160","t":"17:28:52","h":"Est","s":"25N-H55N000S-82-S"},{"r":"160","t":"17:28:52","h":"Est","s":"25N-H55NV10S-85-S"},{"r":"160","t":"17:28:52","h":"Est","s":"25N-H55NV20S-81-S"},{"r":"160","t":"17:28:52","h":"Est","s":"25S-H55S000S-82-S"},{"r":"160","t":"17:40:47","h":"Est","s":"25N-H50N000I-80-I"},{"r":"160","t":"17:40:47","h":"Est","s":"25N-H50N000I-90-I"},{"r":"160","t":"17:40:47","h":"Est","s":"25N-H50N100F-90-F1"},{"r":"160","t":"17:40:47","h":"Est","s":"25N-H50N200F-90-F2"},{"r":"160","t":"17:40:47","h":"Est","s":"25N-H50N300F-90-F3"},{"r":"160","t":"17:40:47","h":"Est","s":"25N-H50N400F-90-F4"},{"r":"160","t":"17:40:47","h":"Est","s":"25N-H50NV10I-90-I"},{"r":"160","t":"17:40:47","h":"Est","s":"25N-H50NV20I-90-I"},{"r":"160","t":"17:40:47","h":"Est","s":"25S-H50S000I-81-I"},{"r":"160","t":"17:40:47","h":"Est","s":"25S-H50S100F-80-F1"},{"r":"160","t":"17:40:47","h":"Est","s":"25S-H50S200F-80-F2"},{"r":"160","t":"17:42:52","h":"Est","s":"25N-H50N000S-80-S"},{"r":"160","t":"17:42:52","h":"Est","s":"25N-H50N000S-90-S"},{"r":"160","t":"17:42:52","h":"Est","s":"25N-H50NV10S-90-S"},{"r":"160","t":"17:42:52","h":"Est","s":"25N-H50NV20S-90-S"},{"r":"160","t":"17:42:52","h":"Est","s":"25S-H50S000S-81-S"},{"r":"160","t":"17:44:05","h":"Est","s":"25N-H50N000A-80-A"},{"r":"160","t":"17:44:05","h":"Est","s":"25N-H50N000A-90-A"},{"r":"160","t":"17:44:05","h":"Est","s":"25N-H50NV10A-90-A"},{"r":"160","t":"17:44:05","h":"Est","s":"25N-H50NV20A-90-A"},{"r":"160","t":"17:44:05","h":"Est","s":"25S-H50S000A-81-A"},{"r":"160","t":"17:57:52","h":"Est","s":"25N-H50N000S-80-S"},{"r":"160","t":"17:57:52","h":"Est","s":"25N-H50N000S-90-S"},{"r":"160","t":"17:57:52","h":"Est","s":"25N-H50NV10S-90-S"},{"r":"160","t":"17:57:52","h":"Est","s":"25N-H50NV20S-90-S"},{"r":"160","t":"17:57:52","h":"Est","s":"25S-H50S000S-81-S"},{"r":"160","t":"18:05:05","h":"Est","s":"25N-H50N000A-80-A"},{"r":"160","t":"18:05:05","h":"Est","s":"25N-H50N000A-90-A"},{"r":"160","t":"18:05:05","h":"Est","s":"25N-H50NV10A-90-A"},{"r":"160","t":"18:05:05","h":"Est","s":"25N-H50NV20A-90-A"},{"r":"160","t":"18:05:05","h":"Est","s":"25S-H50S000A-81-A"},{"r":"160","t":"18:10:47","h":"Est","s":"25N-H50N000I-80-I"},{"r":"160","t":"18:10:47","h":"Est","s":"25N-H50N000I-90-I"},{"r":"160","t":"18:10:47","h":"Est","s":"25N-H50N100F-90-F1"},{"r":"160","t":"18:10:47","h":"Est","s":"25N-H50N200F-90-F2"},{"r":"160","t":"18:10:47","h":"Est","s":"25N-H50N300F-90-F3"},{"r":"160","t":"18:10:47","h":"Est","s":"25N-H50N400F-90-F4"},{"r":"160","t":"18:10:47","h":"Est","s":"25N-H50NV10I-90-I"},{"r":"160","t":"18:10:47","h":"Est","s":"25N-H50NV20I-90-I"},{"r":"160","t":"18:10:47","h":"Est","s":"25S-H50S000I-81-I"},{"r":"160","t":"18:10:47","h":"Est","s":"25S-H50S100F-80-F1"},{"r":"160","t":"18:10:47","h":"Est","s":"25S-H50S200F-80-F2"},{"r":"160","t":"18:13:47","h":"Est","s":"25N-H55N000S-80-S"},{"r":"160","t":"18:13:47","h":"Est","s":"25N-H55N000S-82-S"},{"r":"160","t":"18:13:47","h":"Est","s":"25N-H55NV10S-85-S"},{"r":"160","t":"18:13:47","h":"Est","s":"25N-H55NV20S-81-S"},{"r":"160","t":"18:13:47","h":"Est","s":"25S-H55S000S-82-S"},{"r":"160","t":"18:30:05","h":"Est","s":"25N-H50N000A-80-A"},{"r":"160","t":"18:30:05","h":"Est","s":"25N-H50N000A-90-A"},{"r":"160","t":"18:30:05","h":"Est","s":"25N-H50NV10A-90-A"},{"r":"160","t":"18:30:05","h":"Est","s":"25N-H50NV20A-90-A"},{"r":"160","t":"18:30:05","h":"Est","s":"25S-H50S000A-81-A"},{"r":"160","t":"18:35:47","h":"Est","s":"25N-H50N000S-80-S"},{"r":"160","t":"18:35:47","h":"Est","s":"25N-H50N000S-90-S"},{"r":"160","t":"18:35:47","h":"Est","s":"25N-H50NV10S-90-S"},{"r":"160","t":"18:35:47","h":"Est","s":"25N-H50NV20S-90-S"},{"r":"160","t":"18:35:47","h":"Est","s":"25S-H50S000S-81-S"},{"r":"160","t":"18:40:47","h":"Est","s":"25N-H50N000I-80-I"},{"r":"160","t":"18:40:47","h":"Est","s":"25N-H50N000I-90-I"},{"r":"160","t":"18:40:47","h":"Est","s":"25N-H50N100F-90-F1"},{"r":"160","t":"18:40:47","h":"Est","s":"25N-H50N200F-90-F2"},{"r":"160","t":"18:40:47","h":"Est","s":"25N-H50N300F-90-F3"},{"r":"160","t":"18:40:47","h":"Est","s":"25N-H50N400F-90-F4"},{"r":"160","t":"18:40:47","h":"Est","s":"25N-H50NV10I-90-I"},{"r":"160","t":"18:40:47","h":"Est","s":"25N-H50NV20I-90-I"},{"r":"160","t":"18:40:47","h":"Est","s":"25S-H50S000I-81-I"},{"r":"160","t":"18:40:47","h":"Est","s":"25S-H50S100F-80-F1"},{"r":"160","t":"18:40:47","h":"Est","s":"25S-H50S200F-80-F2"},{"r":"160","t":"18:59:05","h":"Est","s":"25N-H50N000A-80-A"},{"r":"160","t":"18:59:05","h":"Est","s":"25N-H50N000A-90-A"},{"r":"160","t":"18:59:05","h":"Est","s":"25N-H50NV10A-90-A"},{"r":"160","t":"18:59:05","h":"Est","s":"25N-H50NV20A-90-A"},{"r":"160","t":"18:59:05","h":"Est","s":"25S-H50S000A-81-A"},{"r":"160","t":"19:04:47","h":"Est","s":"25N-H50N000S-80-S"},{"r":"160","t":"19:04:47","h":"Est","s":"25N-H50N000S-90-S"},{"r":"160","t":"19:04:47","h":"Est","s":"25N-H50NV10S-90-S"},{"r":"160","t":"19:04:47","h":"Est","s":"25N-H50NV20S-90-S"},{"r":"160","t":"19:04:47","h":"Est","s":"25S-H50S000S-81-S"},{"r":"160","t":"19:10:47","h":"Est","s":"25N-H50N000I-80-I"},{"r":"160","t":"19:10:47","h":"Est","s":"25N-H50N000I-90-I"},{"r":"160","t":"19:10:47","h":"Est","s":"25N-H50N100F-90-F1"},{"r":"160","t":"19:10:47","h":"Est","s":"25N-H50N200F-90-F2"},{"r":"160","t":"19:10:47","h":"Est","s":"25N-H50N300F-90-F3"},{"r":"160","t":"19:10:47","h":"Est","s":"25N-H50N400F-90-F4"},{"r":"160","t":"19:10:47","h":"Est","s":"25N-H50NV10I-90-I"},{"r":"160","t":"19:10:47","h":"Est","s":"25N-H50NV20I-90-I"},{"r":"160","t":"19:10:47","h":"Est","s":"25S-H50S000I-81-I"},{"r":"160","t":"19:10:47","h":"Est","s":"25S-H50S100F-80-F1"},{"r":"160","t":"19:10:47","h":"Est","s":"25S-H50S200F-80-F2"},{"r":"160","t":"19:30:05","h":"Est","s":"25N-H50N000A-80-A"},{"r":"160","t":"19:30:05","h":"Est","s":"25N-H50N000A-90-A"},{"r":"160","t":"19:30:05","h":"Est","s":"25N-H50NV10A-90-A"},{"r":"160","t":"19:30:05","h":"Est","s":"25N-H50NV20A-90-A"},{"r":"160","t":"19:30:05","h":"Est","s":"25S-H50S000A-81-A"},{"r":"160","t":"19:34:47","h":"Est","s":"25N-H50N000S-80-S"},{"r":"160","t":"19:34:47","h":"Est","s":"25N-H50N000S-90-S"},{"r":"160","t":"19:34:47","h":"Est","s":"25N-H50NV10S-90-S"},{"r":"160","t":"19:34:47","h":"Est","s":"25N-H50NV20S-90-S"},{"r":"160","t":"19:34:47","h":"Est","s":"25S-H50S000S-81-S"},{"r":"160","t":"19:38:47","h":"Est","s":"25N-H50N000I-80-I"},{"r":"160","t":"19:38:47","h":"Est","s":"25N-H50N000I-90-I"},{"r":"160","t":"19:38:47","h":"Est","s":"25N-H50N100F-90-F1"},{"r":"160","t":"19:38:47","h":"Est","s":"25N-H50N200F-90-F2"},{"r":"160","t":"19:38:47","h":"Est","s":"25N-H50N300F-90-F3"},{"r":"160","t":"19:38:47","h":"Est","s":"25N-H50N400F-90-F4"},{"r":"160","t":"19:38:47","h":"Est","s":"25N-H50NV10I-90-I"},{"r":"160","t":"19:38:47","h":"Est","s":"25N-H50NV20I-90-I"},{"r":"160","t":"19:38:47","h":"Est","s":"25S-H50S000I-81-I"},{"r":"160","t":"19:38:47","h":"Est","s":"25S-H50S100F-80-F1"},{"r":"160","t":"19:38:47","h":"Est","s":"25S-H50S200F-80-F2"},{"r":"160","t":"20:01:05","h":"Est","s":"25N-H50N000A-80-A"},{"r":"160","t":"20:01:05","h":"Est","s":"25N-H50N000A-90-A"},{"r":"160","t":"20:01:05","h":"Est","s":"25N-H50NV10A-90-A"},{"r":"160","t":"20:01:05","h":"Est","s":"25N-H50NV20A-90-A"},{"r":"160","t":"20:01:05","h":"Est","s":"25S-H50S000A-81-A"},{"r":"160","t":"20:01:47","h":"Est","s":"25N-H50N000S-80-S"},{"r":"160","t":"20:01:47","h":"Est","s":"25N-H50N000S-90-S"},{"r":"160","t":"20:01:47","h":"Est","s":"25N-H50NV10S-90-S"},{"r":"160","t":"20:01:47","h":"Est","s":"25N-H50NV20S-90-S"},{"r":"160","t":"20:01:47","h":"Est","s":"25S-H50S000S-81-S"},{"r":"160","t":"20:08:47","h":"Est","s":"25N-H50N000I-80-I"},{"r":"160","t":"20:08:47","h":"Est","s":"25N-H50N000I-90-I"},{"r":"160","t":"20:08:47","h":"Est","s":"25N-H50N100F-90-F1"},{"r":"160","t":"20:08:47","h":"Est","s":"25N-H50N200F-90-F2"},{"r":"160","t":"20:08:47","h":"Est","s":"25N-H50N300F-90-F3"},{"r":"160","t":"20:08:47","h":"Est","s":"25N-H50N400F-90-F4"},{"r":"160","t":"20:08:47","h":"Est","s":"25N-H50NV10I-90-I"},{"r":"160","t":"20:08:47","h":"Est","s":"25N-H50NV20I-90-I"},{"r":"160","t":"20:08:47","h":"Est","s":"25S-H50S000I-81-I"},{"r":"160","t":"20:08:47","h":"Est","s":"25S-H50S100F-80-F1"},{"r":"160","t":"20:08:47","h":"Est","s":"25S-H50S200F-80-F2"},{"r":"160","t":"20:31:47","h":"Est","s":"25N-H50N000S-80-S"},{"r":"160","t":"20:31:47","h":"Est","s":"25N-H50N000S-90-S"},{"r":"160","t":"20:31:47","h":"Est","s":"25N-H50NV10S-90-S"},{"r":"160","t":"20:31:47","h":"Est","s":"25N-H50NV20S-90-S"},{"r":"160","t":"20:31:47","h":"Est","s":"25S-H50S000S-81-S"},{"r":"160","t":"20:33:05","h":"Est","s":"25N-H50N000A-80-A"},{"r":"160","t":"20:33:05","h":"Est","s":"25N-H50N000A-90-A"},{"r":"160","t":"20:33:05","h":"Est","s":"25N-H50NV10A-90-A"},{"r":"160","t":"20:33:05","h":"Est","s":"25N-H50NV20A-90-A"},{"r":"160","t":"20:33:05","h":"Est","s":"25S-H50S000A-81-A"},{"r":"160","t":"20:38:47","h":"Est","s":"25N-H50N000I-80-I"},{"r":"160","t":"20:38:47","h":"Est","s":"25N-H50N000I-90-I"},{"r":"160","t":"20:38:47","h":"Est","s":"25N-H50N100F-90-F1"},{"r":"160","t":"20:38:47","h":"Est","s":"25N-H50N200F-90-F2"},{"r":"160","t":"20:38:47","h":"Est","s":"25N-H50N300F-90-F3"},{"r":"160","t":"20:38:47","h":"Est","s":"25N-H50N400F-90-F4"},{"r":"160","t":"20:38:47","h":"Est","s":"25N-H50NV10I-90-I"},{"r":"160","t":"20:38:47","h":"Est","s":"25N-H50NV20I-90-I"},{"r":"160","t":"20:38:47","h":"Est","s":"25S-H50S000I-81-I"},{"r":"160","t":"20:38:47","h":"Est","s":"25S-H50S100F-80-F1"},{"r":"160","t":"20:38:47","h":"Est","s":"25S-H50S200F-80-F2"},{"r":"160","t":"21:01:47","h":"Est","s":"25N-H50N000S-80-S"},{"r":"160","t":"21:01:47","h":"Est","s":"25N-H50N000S-90-S"},{"r":"160","t":"21:01:47","h":"Est","s":"25N-H50NV10S-90-S"},{"r":"160","t":"21:01:47","h":"Est","s":"25N-H50NV20S-90-S"},{"r":"160","t":"21:01:47","h":"Est","s":"25S-H50S000S-81-S"},{"r":"160","t":"21:02:05","h":"Est","s":"25N-H50N000A-80-A"},{"r":"160","t":"21:02:05","h":"Est","s":"25N-H50N000A-90-A"},{"r":"160","t":"21:02:05","h":"Est","s":"25N-H50NV10A-90-A"},{"r":"160","t":"21:02:05","h":"Est","s":"25N-H50NV20A-90-A"},{"r":"160","t":"21:02:05","h":"Est","s":"25S-H50S000A-81-A"},{"r":"160","t":"21:08:47","h":"Est","s":"25N-H50N000I-80-I"},{"r":"160","t":"21:08:47","h":"Est","s":"25N-H50N000I-90-I"},{"r":"160","t":"21:08:47","h":"Est","s":"25N-H50N100F-90-F1"},{"r":"160","t":"21:08:47","h":"Est","s":"25N-H50N200F-90-F2"},{"r":"160","t":"21:08:47","h":"Est","s":"25N-H50N300F-90-F3"},{"r":"160","t":"21:08:47","h":"Est","s":"25N-H50N400F-90-F4"},{"r":"160","t":"21:08:47","h":"Est","s":"25N-H50NV10I-90-I"},{"r":"160","t":"21:08:47","h":"Est","s":"25N-H50NV20I-90-I"},{"r":"160","t":"21:08:47","h":"Est","s":"25S-H50S000I-81-I"},{"r":"160","t":"21:08:47","h":"Est","s":"25S-H50S100F-80-F1"},{"r":"160","t":"21:08:47","h":"Est","s":"25S-H50S200F-80-F2"},{"r":"160","t":"21:31:47","h":"Est","s":"25N-H50N000S-80-S"},{"r":"160","t":"21:31:47","h":"Est","s":"25N-H50N000S-90-S"},{"r":"160","t":"21:31:47","h":"Est","s":"25N-H50NV10S-90-S"},{"r":"160","t":"21:31:47","h":"Est","s":"25N-H50NV20S-90-S"},{"r":"160","t":"21:31:47","h":"Est","s":"25S-H50S000S-81-S"},{"r":"160","t":"21:34:05","h":"Est","s":"25N-H50N000A-80-A"},{"r":"160","t":"21:34:05","h":"Est","s":"25N-H50N000A-90-A"},{"r":"160","t":"21:34:05","h":"Est","s":"25N-H50NV10A-90-A"},{"r":"160","t":"21:34:05","h":"Est","s":"25N-H50NV20A-90-A"},{"r":"160","t":"21:34:05","h":"Est","s":"25S-H50S000A-81-A"},{"r":"160","t":"21:37:05","h":"Est","s":"25N-H50N000I-80-I"},{"r":"160","t":"21:37:05","h":"Est","s":"25N-H50N000I-90-I"},{"r":"160","t":"21:37:05","h":"Est","s":"25N-H50N100F-90-F1"},{"r":"160","t":"21:37:05","h":"Est","s":"25N-H50N200F-90-F2"},{"r":"160","t":"21:37:05","h":"Est","s":"25N-H50N300F-90-F3"},{"r":"160","t":"21:37:05","h":"Est","s":"25N-H50N400F-90-F4"},{"r":"160","t":"21:37:05","h":"Est","s":"25N-H50NV10I-90-I"},{"r":"160","t":"21:37:05","h":"Est","s":"25N-H50NV20I-90-I"},{"r":"160","t":"21:37:05","h":"Est","s":"25S-H50S000I-81-I"},{"r":"160","t":"21:37:05","h":"Est","s":"25S-H50S100F-80-F1"},{"r":"160","t":"21:37:05","h":"Est","s":"25S-H50S200F-80-F2"},{"r":"160","t":"22:01:47","h":"Est","s":"25N-H50N000S-80-S"},{"r":"160","t":"22:01:47","h":"Est","s":"25N-H50N000S-90-S"},{"r":"160","t":"22:01:47","h":"Est","s":"25N-H50NV10S-90-S"},{"r":"160","t":"22:01:47","h":"Est","s":"25N-H50NV20S-90-S"},{"r":"160","t":"22:01:47","h":"Est","s":"25S-H50S000S-81-S"},{"r":"160","t":"22:06:05","h":"Est","s":"25N-H50N000A-80-A"},{"r":"160","t":"22:06:05","h":"Est","s":"25N-H50N000A-90-A"},{"r":"160","t":"22:06:05","h":"Est","s":"25N-H50NV10A-90-A"},{"r":"160","t":"22:06:05","h":"Est","s":"25N-H50NV20A-90-A"},{"r":"160","t":"22:06:05","h":"Est","s":"25S-H50S000A-81-A"},{"r":"160","t":"22:11:05","h":"Est","s":"25N-H50N000I-80-I"},{"r":"160","t":"22:11:05","h":"Est","s":"25N-H50N000I-90-I"},{"r":"160","t":"22:11:05","h":"Est","s":"25N-H50N100F-90-F1"},{"r":"160","t":"22:11:05","h":"Est","s":"25N-H50N200F-90-F2"},{"r":"160","t":"22:11:05","h":"Est","s":"25N-H50N300F-90-F3"},{"r":"160","t":"22:11:05","h":"Est","s":"25N-H50N400F-90-F4"},{"r":"160","t":"22:11:05","h":"Est","s":"25N-H50NV10I-90-I"},{"r":"160","t":"22:11:05","h":"Est","s":"25N-H50NV20I-90-I"},{"r":"160","t":"22:11:05","h":"Est","s":"25S-H50S000I-81-I"},{"r":"160","t":"22:11:05","h":"Est","s":"25S-H50S100F-80-F1"},{"r":"160","t":"22:11:05","h":"Est","s":"25S-H50S200F-80-F2"},{"r":"160","t":"22:31:47","h":"Est","s":"25N-H50N000S-80-S"},{"r":"160","t":"22:31:47","h":"Est","s":"25N-H50N000S-90-S"},{"r":"160","t":"22:31:47","h":"Est","s":"25N-H50NV10S-90-S"},{"r":"160","t":"22:31:47","h":"Est","s":"25N-H50NV20S-90-S"},{"r":"160","t":"22:31:47","h":"Est","s":"25S-H50S000S-81-S"},{"r":"160","t":"22:38:05","h":"Est","s":"25N-H50N000A-80-A"},{"r":"160","t":"22:38:05","h":"Est","s":"25N-H50N000A-90-A"},{"r":"160","t":"22:38:05","h":"Est","s":"25N-H50NV10A-90-A"},{"r":"160","t":"22:38:05","h":"Est","s":"25N-H50NV20A-90-A"},{"r":"160","t":"22:38:05","h":"Est","s":"25S-H50S000A-81-A"},{"r":"160","t":"22:46:05","h":"Est","s":"25N-H50N000I-80-I"},{"r":"160","t":"22:46:05","h":"Est","s":"25N-H50N000I-90-I"},{"r":"160","t":"22:46:05","h":"Est","s":"25N-H50N100F-90-F1"},{"r":"160","t":"22:46:05","h":"Est","s":"25N-H50N200F-90-F2"},{"r":"160","t":"22:46:05","h":"Est","s":"25N-H50N300F-90-F3"},{"r":"160","t":"22:46:05","h":"Est","s":"25N-H50N400F-90-F4"},{"r":"160","t":"22:46:05","h":"Est","s":"25N-H50NV10I-90-I"},{"r":"160","t":"22:46:05","h":"Est","s":"25N-H50NV20I-90-I"},{"r":"160","t":"22:46:05","h":"Est","s":"25S-H50S000I-81-I"},{"r":"160","t":"22:46:05","h":"Est","s":"25S-H50S100F-80-F1"},{"r":"160","t":"22:46:05","h":"Est","s":"25S-H50S200F-80-F2"},{"r":"160","t":"22:58:05","h":"Est","s":"25N-H50N000S-80-S"},{"r":"160","t":"22:58:05","h":"Est","s":"25N-H50N000S-90-S"},{"r":"160","t":"22:58:05","h":"Est","s":"25N-H50NV10S-90-S"},{"r":"160","t":"22:58:05","h":"Est","s":"25N-H50NV20S-90-S"},{"r":"160","t":"22:58:05","h":"Est","s":"25S-H50S000S-81-S"},{"r":"160","t":"23:12:05","h":"Est","s":"25N-H50N000A-80-A"},{"r":"160","t":"23:12:05","h":"Est","s":"25N-H50N000A-90-A"},{"r":"160","t":"23:12:05","h":"Est","s":"25N-H50NV10A-90-A"},{"r":"160","t":"23:12:05","h":"Est","s":"25N-H50NV20A-90-A"},{"r":"160","t":"23:12:05","h":"Est","s":"25S-H50S000A-81-A"},{"r":"160","t":"23:19:05","h":"Est","s":"25N-H50N000I-80-I"},{"r":"160","t":"23:19:05","h":"Est","s":"25N-H50N000I-90-I"},{"r":"160","t":"23:19:05","h":"Est","s":"25N-H50N100F-90-F1"},{"r":"160","t":"23:19:05","h":"Est","s":"25N-H50N200F-90-F2"},{"r":"160","t":"23:19:05","h":"Est","s":"25N-H50N300F-90-F3"},{"r":"160","t":"23:19:05","h":"Est","s":"25N-H50N400F-90-F4"},{"r":"160","t":"23:19:05","h":"Est","s":"25N-H50NV10I-90-I"},{"r":"160","t":"23:19:05","h":"Est","s":"25N-H50NV20I-90-I"},{"r":"160","t":"23:19:05","h":"Est","s":"25S-H50S000I-81-I"},{"r":"160","t":"23:19:05","h":"Est","s":"25S-H50S100F-80-F1"},{"r":"160","t":"23:19:05","h":"Est","s":"25S-H50S200F-80-F2"},{"r":"160","t":"23:29:05","h":"Est","s":"25N-H50N000S-80-S"},{"r":"160","t":"23:29:05","h":"Est","s":"25N-H50N000S-90-S"},{"r":"160","t":"23:29:05","h":"Est","s":"25N-H50NV10S-90-S"},{"r":"160","t":"23:29:05","h":"Est","s":"25N-H50NV20S-90-S"},{"r":"160","t":"23:29:05","h":"Est","s":"25S-H50S000S-81-S"},{"r":"160","t":"23:46:23","h":"Est","s":"25N-H50N000A-80-A"},{"r":"160","t":"23:46:23","h":"Est","s":"25N-H50N000A-90-A"},{"r":"160","t":"23:46:23","h":"Est","s":"25N-H50NV10A-90-A"},{"r":"160","t":"23:46:23","h":"Est","s":"25N-H50NV20A-90-A"},{"r":"160","t":"23:46:23","h":"Est","s":"25S-H50S000A-81-A"},{"r":"160","t":"23:53:05","h":"Est","s":"25N-H50N000I-80-I"},{"r":"160","t":"23:53:05","h":"Est","s":"25N-H50N000I-90-I"},{"r":"160","t":"23:53:05","h":"Est","s":"25N-H50N100F-90-F1"},{"r":"160","t":"23:53:05","h":"Est","s":"25N-H50N200F-90-F2"},{"r":"160","t":"23:53:05","h":"Est","s":"25N-H50N300F-90-F3"},{"r":"160","t":"23:53:05","h":"Est","s":"25N-H50N400F-90-F4"},{"r":"160","t":"23:53:05","h":"Est","s":"25N-H50NV10I-90-I"},{"r":"160","t":"23:53:05","h":"Est","s":"25N-H50NV20I-90-I"},{"r":"160","t":"23:53:05","h":"Est","s":"25S-H50S000I-81-I"},{"r":"160","t":"23:53:05","h":"Est","s":"25S-H50S100F-80-F1"},{"r":"160","t":"23:53:05","h":"Est","s":"25S-H50S200F-80-F2"},{"r":"160","t":"24:00:05","h":"Est","s":"25N-H50N000S-80-S"},{"r":"160","t":"24:00:05","h":"Est","s":"25N-H50N000S-90-S"},{"r":"160","t":"24:00:05","h":"Est","s":"25N-H50NV10S-90-S"},{"r":"160","t":"24:00:05","h":"Est","s":"25N-H50NV20S-90-S"},{"r":"160","t":"24:00:05","h":"Est","s":"25S-H50S000S-81-S"},{"r":"160","t":"24:18:23","h":"Est","s":"25N-H50N000A-80-A"},{"r":"160","t":"24:18:23","h":"Est","s":"25N-H50N000A-90-A"},{"r":"160","t":"24:18:23","h":"Est","s":"25N-H50NV10A-90-A"},{"r":"160","t":"24:18:23","h":"Est","s":"25N-H50NV20A-90-A"},{"r":"160","t":"24:18:23","h":"Est","s":"25S-H50S000A-81-A"},{"r":"160","t":"24:24:05","h":"Est","s":"25N-H50N000I-80-I"},{"r":"160","t":"24:24:05","h":"Est","s":"25N-H50N000I-90-I"},{"r":"160","t":"24:24:05","h":"Est","s":"25N-H50N100F-90-F1"},{"r":"160","t":"24:24:05","h":"Est","s":"25N-H50N200F-90-F2"},{"r":"160","t":"24:24:05","h":"Est","s":"25N-H50N300F-90-F3"},{"r":"160","t":"24:24:05","h":"Est","s":"25N-H50N400F-90-F4"},{"r":"160","t":"24:24:05","h":"Est","s":"25N-H50NV10I-90-I"},{"r":"160","t":"24:24:05","h":"Est","s":"25N-H50NV20I-90-I"},{"r":"160","t":"24:24:05","h":"Est","s":"25S-H50S000I-81-I"},{"r":"160","t":"24:24:05","h":"Est","s":"25S-H50S100F-80-F1"},{"r":"160","t":"24:24:05","h":"Est","s":"25S-H50S200F-80-F2"},{"r":"160","t":"24:31:05","h":"Est","s":"25N-H50N000S-80-S"},{"r":"160","t":"24:31:05","h":"Est","s":"25N-H50N000S-90-S"},{"r":"160","t":"24:31:05","h":"Est","s":"25N-H50NV10S-90-S"},{"r":"160","t":"24:31:05","h":"Est","s":"25N-H50NV20S-90-S"},{"r":"160","t":"24:31:05","h":"Est","s":"25S-H50S000S-81-S"},{"r":"160","t":"24:52:23","h":"Est","s":"25N-H50N000A-80-A"},{"r":"160","t":"24:52:23","h":"Est","s":"25N-H50N000A-90-A"},{"r":"160","t":"24:52:23","h":"Est","s":"25N-H50NV10A-90-A"},{"r":"160","t":"24:52:23","h":"Est","s":"25N-H50NV20A-90-A"},{"r":"160","t":"24:52:23","h":"Est","s":"25S-H50S000A-81-A"},{"r":"160","t":"24:57:05","h":"Est","s":"25N-H50N000I-80-I"},{"r":"160","t":"24:57:05","h":"Est","s":"25N-H50N000I-90-I"},{"r":"160","t":"24:57:05","h":"Est","s":"25N-H50N100F-90-F1"},{"r":"160","t":"24:57:05","h":"Est","s":"25N-H50N200F-90-F2"},{"r":"160","t":"24:57:05","h":"Est","s":"25N-H50N300F-90-F3"},{"r":"160","t":"24:57:05","h":"Est","s":"25N-H50N400F-90-F4"},{"r":"160","t":"24:57:05","h":"Est","s":"25N-H50NV10I-90-I"},{"r":"160","t":"24:57:05","h":"Est","s":"25N-H50NV20I-90-I"},{"r":"160","t":"24:57:05","h":"Est","s":"25S-H50S000I-81-I"},{"r":"160","t":"24:57:05","h":"Est","s":"25S-H50S100F-80-F1"},{"r":"160","t":"24:57:05","h":"Est","s":"25S-H50S200F-80-F2"},{"r":"160","t":"25:02:05","h":"Est","s":"25N-H50N000S-80-S"},{"r":"160","t":"25:02:05","h":"Est","s":"25N-H50N000S-90-S"},{"r":"160","t":"25:02:05","h":"Est","s":"25N-H50NV10S-90-S"},{"r":"160","t":"25:02:05","h":"Est","s":"25N-H50NV20S-90-S"},{"r":"160","t":"25:02:05","h":"Est","s":"25S-H50S000S-81-S"},{"r":"160","t":"25:24:23","h":"Est","s":"25N-H50N000A-80-A"},{"r":"160","t":"25:24:23","h":"Est","s":"25N-H50N000A-90-A"},{"r":"160","t":"25:24:23","h":"Est","s":"25N-H50NV10A-90-A"},{"r":"160","t":"25:24:23","h":"Est","s":"25N-H50NV20A-90-A"},{"r":"160","t":"25:24:23","h":"Est","s":"25S-H50S000A-81-A"},{"r":"160","t":"25:26:05","h":"Est","s":"25N-H50N000I-80-I"},{"r":"160","t":"25:26:05","h":"Est","s":"25N-H50N000I-90-I"},{"r":"160","t":"25:26:05","h":"Est","s":"25N-H50N100F-90-F1"},{"r":"160","t":"25:26:05","h":"Est","s":"25N-H50N200F-90-F2"},{"r":"160","t":"25:26:05","h":"Est","s":"25N-H50N300F-90-F3"},{"r":"160","t":"25:26:05","h":"Est","s":"25N-H50N400F-90-F4"},{"r":"160","t":"25:26:05","h":"Est","s":"25N-H50NV10I-90-I"},{"r":"160","t":"25:26:05","h":"Est","s":"25N-H50NV20I-90-I"},{"r":"160","t":"25:26:05","h":"Est","s":"25S-H50S000I-81-I"},{"r":"160","t":"25:26:05","h":"Est","s":"25S-H50S100F-80-F1"},{"r":"160","t":"25:26:05","h":"Est","s":"25S-H50S200F-80-F2"},{"r":"160","t":"25:34:05","h":"Est","s":"25N-H50N000S-80-S"},{"r":"160","t":"25:34:05","h":"Est","s":"25N-H50N000S-90-S"},{"r":"160","t":"25:34:05","h":"Est","s":"25N-H50NV10S-90-S"},{"r":"160","t":"25:34:05","h":"Est","s":"25N-H50NV20S-90-S"},{"r":"160","t":"25:34:05","h":"Est","s":"25S-H50S000S-81-S"},{"r":"160","t":"25:56:23","h":"Est","s":"25N-H50N000A-80-A"},{"r":"160","t":"25:56:23","h":"Est","s":"25N-H50N000A-90-A"},{"r":"160","t":"25:56:23","h":"Est","s":"25N-H50NV10A-90-A"},{"r":"160","t":"25:56:23","h":"Est","s":"25N-H50NV20A-90-A"},{"r":"160","t":"25:56:23","h":"Est","s":"25S-H50S000A-81-A"},{"r":"160","t":"26:25:23","h":"Est","s":"25N-H50N000A-80-A"},{"r":"160","t":"26:25:23","h":"Est","s":"25N-H50N000A-90-A"},{"r":"160","t":"26:25:23","h":"Est","s":"25N-H50NV10A-90-A"},{"r":"160","t":"26:25:23","h":"Est","s":"25N-H50NV20A-90-A"},{"r":"160","t":"26:25:23","h":"Est","s":"25S-H50S000A-81-A"}]