[{"r":"119","t":"07:07:15","h":"Nord","s":"25N-H50N000I-80-I"},{"r":"119","t":"07:07:15","h":"Nord","s":"25N-H50N000I-90-I"},{"r":"119","t":"07:07:15","h":"Nord","s":"25N-H50N100F-90-F1"},{"r":"119","t":"07:07:15","h":"Nord","s":"25N-H50N200F-90-F2"},{"r":"119","t":"07:07:15","h":"Nord","s":"25N-H50N300F-90-F3"},{"r":"119","t":"07:07:15","h":"Nord","s":"25N-H50N400F-90-F4"},{"r":"119","t":"07:07:15","h":"Nord","s":"25N-H50NV10I-90-I"},{"r":"119","t":"07:07:15","h":"Nord","s":"25N-H50NV20I-90-I"},{"r":"119","t":"07:07:15","h":"Nord","s":"25S-H50S000I-81-I"},{"r":"119","t":"07:07:15","h":"Nord","s":"25S-H50S100F-80-F1"},{"r":"119","t":"07:07:15","h":"Nord","s":"25S-H50S200F-80-F2"},{"r":"119","t":"07:08:04","h":"Nord","s":"25N-H50N000A-80-A"},{"r":"119","t":"07:08:04","h":"Nord","s":"25N-H50N000A-90-A"},{"r":"119","t":"07:08:04","h":"Nord","s":"25N-H50NV10A-90-A"},{"r":"119","t":"07:08:04","h":"Nord","s":"25N-H50NV20A-90-A"},{"r":"119","t":"07:08:04","h":"Nord","s":"25S-H50S000A-81-A"},{"r":"119","t":"07:13:15","h":"Nord","s":"25N-H50N000S-80-S"},{"r":"119","t":"07:13:15","h":"Nord","s":"25N-H50N000S-90-S"},{"r":"119","t":"07:13:15","h":"Nord","s":"25N-H50NV10S-90-S"},{"r":"119","t":"07:13:15","h":"Nord","s":"25N-H50NV20S-90-S"},{"r":"119","t":"07:13:15","h":"Nord","s":"25S-H50S000S-81-S"},{"r":"119","t":"07:40:04","h":"Nord","s":"25N-H50N000A-80-A"},{"r":"119","t":"07:40:04","h":"Nord","s":"25N-H50N000A-90-A"},{"r":"119","t":"07:40:04","h":"Nord","s":"25N-H50NV10A-90-A"},{"r":"119","t":"07:40:04","h":"Nord","s":"25N-H50NV20A-90-A"},{"r":"119","t":"07:40:04","h":"Nord","s":"25S-H50S000A-81-A"},{"r":"119","t":"07:43:52","h":"Nord","s":"25N-H50N000S-80-S"},{"r":"119","t":"07:43:52","h":"Nord","s":"25N-H50N000S-90-S"},{"r":"119","t":"07:43:52","h":"Nord","s":"25N-H50NV10S-90-S"},{"r":"119","t":"07:43:52","h":"Nord","s":"25N-H50NV20S-90-S"},{"r":"119","t":"07:43:52","h":"Nord","s":"25S-H50S000S-81-S"},{"r":"119","t":"07:46:15","h":"Nord","s":"25N-H50N000I-80-I"},{"r":"119","t":"07:46:15","h":"Nord","s":"25N-H50N000I-90-I"},{"r":"119","t":"07:46:15","h":"Nord","s":"25N-H50N100F-90-F1"},{"r":"119","t":"07:46:15","h":"Nord","s":"25N-H50N200F-90-F2"},{"r":"119","t":"07:46:15","h":"Nord","s":"25N-H50N300F-90-F3"},{"r":"119","t":"07:46:15","h":"Nord","s":"25N-H50N400F-90-F4"},{"r":"119","t":"07:46:15","h":"Nord","s":"25N-H50NV10I-90-I"},{"r":"119","t":"07:46:15","h":"Nord","s":"25N-H50NV20I-90-I"},{"r":"119","t":"07:46:15","h":"Nord","s":"25S-H50S000I-81-I"},{"r":"119","t":"07:46:15","h":"Nord","s":"25S-H50S100F-80-F1"},{"r":"119","t":"07:46:15","h":"Nord","s":"25S-H50S200F-80-F2"},{"r":"119","t":"08:15:19","h":"Nord","s":"25N-H50N000S-80-S"},{"r":"119","t":"08:15:19","h":"Nord","s":"25N-H50N000S-90-S"},{"r":"119","t":"08:15:19","h":"Nord","s":"25N-H50NV10S-90-S"},{"r":"119","t":"08:15:19","h":"Nord","s":"25N-H50NV20S-90-S"},{"r":"119","t":"08:15:19","h":"Nord","s":"25S-H50S000S-81-S"},{"r":"119","t":"08:16:04","h":"Nord","s":"25N-H50N000A-80-A"},{"r":"119","t":"08:16:04","h":"Nord","s":"25N-H50N000A-90-A"},{"r":"119","t":"08:16:04","h":"Nord","s":"25N-H50NV10A-90-A"},{"r":"119","t":"08:16:04","h":"Nord","s":"25N-H50NV20A-90-A"},{"r":"119","t":"08:16:04","h":"Nord","s":"25S-H50S000A-81-A"},{"r":"119","t":"08:25:15","h":"Nord","s":"25N-H50N000I-80-I"},{"r":"119","t":"08:25:15","h":"Nord","s":"25N-H50N000I-90-I"},{"r":"119","t":"08:25:15","h":"Nord","s":"25N-H50N100F-90-F1"},{"r":"119","t":"08:25:15","h":"Nord","s":"25N-H50N200F-90-F2"},{"r":"119","t":"08:25:15","h":"Nord","s":"25N-H50N300F-90-F3"},{"r":"119","t":"08:25:15","h":"Nord","s":"25N-H50N400F-90-F4"},{"r":"119","t":"08:25:15","h":"Nord","s":"25N-H50NV10I-90-I"},{"r":"119","t":"08:25:15","h":"Nord","s":"25N-H50NV20I-90-I"},{"r":"119","t":"08:25:15","h":"Nord","s":"25S-H50S000I-81-I"},{"r":"119","t":"08:25:15","h":"Nord","s":"25S-H50S100F-80-F1"},{"r":"119","t":"08:25:15","h":"Nord","s":"25S-H50S200F-80-F2"},{"r":"119","t":"08:45:52","h":"Nord","s":"25N-H50N000S-80-S"},{"r":"119","t":"08:45:52","h":"Nord","s":"25N-H50N000S-90-S"},{"r":"119","t":"08:45:52","h":"Nord","s":"25N-H50NV10S-90-S"},{"r":"119","t":"08:45:52","h":"Nord","s":"25N-H50NV20S-90-S"},{"r":"119","t":"08:45:52","h":"Nord","s":"25S-H50S000S-81-S"},{"r":"119","t":"08:53:04","h":"Nord","s":"25N-H50N000A-80-A"},{"r":"119","t":"08:53:04","h":"Nord","s":"25N-H50N000A-90-A"},{"r":"119","t":"08:53:04","h":"Nord","s":"25N-H50NV10A-90-A"},{"r":"119","t":"08:53:04","h":"Nord","s":"25N-H50NV20A-90-A"},{"r":"119","t":"08:53:04","h":"Nord","s":"25S-H50S000A-81-A"},{"r":"119","t":"09:00:15","h":"Nord","s":"25N-H50N000I-80-I"},{"r":"119","t":"09:00:15","h":"Nord","s":"25N-H50N000I-90-I"},{"r":"119","t":"09:00:15","h":"Nord","s":"25N-H50N100F-90-F1"},{"r":"119","t":"09:00:15","h":"Nord","s":"25N-H50N200F-90-F2"},{"r":"119","t":"09:00:15","h":"Nord","s":"25N-H50N300F-90-F3"},{"r":"119","t":"09:00:15","h":"Nord","s":"25N-H50N400F-90-F4"},{"r":"119","t":"09:00:15","h":"Nord","s":"25N-H50NV10I-90-I"},{"r":"119","t":"09:00:15","h":"Nord","s":"25N-H50NV20I-90-I"},{"r":"119","t":"09:00:15","h":"Nord","s":"25S-H50S000I-81-I"},{"r":"119","t":"09:00:15","h":"Nord","s":"25S-H50S100F-80-F1"},{"r":"119","t":"09:00:15","h":"Nord","s":"25S-H50S200F-80-F2"},{"r":"119","t":"09:16:15","h":"Nord","s":"25N-H50N000S-80-S"},{"r":"119","t":"09:16:15","h":"Nord","s":"25N-H50N000S-90-S"},{"r":"119","t":"09:16:15","h":"Nord","s":"25N-H50NV10S-90-S"},{"r":"119","t":"09:16:15","h":"Nord","s":"25N-H50NV20S-90-S"},{"r":"119","t":"09:16:15","h":"Nord","s":"25S-H50S000S-81-S"},{"r":"119","t":"09:30:04","h":"Nord","s":"25N-H50N000A-80-A"},{"r":"119","t":"09:30:04","h":"Nord","s":"25N-H50N000A-90-A"},{"r":"119","t":"09:30:04","h":"Nord","s":"25N-H50NV10A-90-A"},{"r":"119","t":"09:30:04","h":"Nord","s":"25N-H50NV20A-90-A"},{"r":"119","t":"09:30:04","h":"Nord","s":"25S-H50S000A-81-A"},{"r":"119","t":"09:37:04","h":"Nord","s":"25N-H50N000I-80-I"},{"r":"119","t":"09:37:04","h":"Nord","s":"25N-H50N000I-90-I"},{"r":"119","t":"09:37:04","h":"Nord","s":"25N-H50N100F-90-F1"},{"r":"119","t":"09:37:04","h":"Nord","s":"25N-H50N200F-90-F2"},{"r":"119","t":"09:37:04","h":"Nord","s":"25N-H50N300F-90-F3"},{"r":"119","t":"09:37:04","h":"Nord","s":"25N-H50N400F-90-F4"},{"r":"119","t":"09:37:04","h":"Nord","s":"25N-H50NV10I-90-I"},{"r":"119","t":"09:37:04","h":"Nord","s":"25N-H50NV20I-90-I"},{"r":"119","t":"09:37:04","h":"Nord","s":"25S-H50S000I-81-I"},{"r":"119","t":"09:37:04","h":"Nord","s":"25S-H50S100F-80-F1"},{"r":"119","t":"09:37:04","h":"Nord","s":"25S-H50S200F-80-F2"},{"r":"119","t":"09:46:15","h":"Nord","s":"25N-H50N000S-80-S"},{"r":"119","t":"09:46:15","h":"Nord","s":"25N-H50N000S-90-S"},{"r":"119","t":"09:46:15","h":"Nord","s":"25N-H50NV10S-90-S"},{"r":"119","t":"09:46:15","h":"Nord","s":"25N-H50NV20S-90-S"},{"r":"119","t":"09:46:15","h":"Nord","s":"25S-H50S000S-81-S"},{"r":"119","t":"10:07:04","h":"Nord","s":"25N-H50N000A-80-A"},{"r":"119","t":"10:07:04","h":"Nord","s":"25N-H50N000A-90-A"},{"r":"119","t":"10:07:04","h":"Nord","s":"25N-H50NV10A-90-A"},{"r":"119","t":"10:07:04","h":"Nord","s":"25N-H50NV20A-90-A"},{"r":"119","t":"10:07:04","h":"Nord","s":"25S-H50S000A-81-A"},{"r":"119","t":"10:12:04","h":"Nord","s":"25N-H50N000I-80-I"},{"r":"119","t":"10:12:04","h":"Nord","s":"25N-H50N000I-90-I"},{"r":"119","t":"10:12:04","h":"Nord","s":"25N-H50N100F-90-F1"},{"r":"119","t":"10:12:04","h":"Nord","s":"25N-H50N200F-90-F2"},{"r":"119","t":"10:12:04","h":"Nord","s":"25N-H50N300F-90-F3"},{"r":"119","t":"10:12:04","h":"Nord","s":"25N-H50N400F-90-F4"},{"r":"119","t":"10:12:04","h":"Nord","s":"25N-H50NV10I-90-I"},{"r":"119","t":"10:12:04","h":"Nord","s":"25N-H50NV20I-90-I"},{"r":"119","t":"10:12:04","h":"Nord","s":"25S-H50S000I-81-I"},{"r":"119","t":"10:12:04","h":"Nord","s":"25S-H50S100F-80-F1"},{"r":"119","t":"10:12:04","h":"Nord","s":"25S-H50S200F-80-F2"},{"r":"119","t":"10:14:15","h":"Nord","s":"25N-H50N000S-80-S"},{"r":"119","t":"10:14:15","h":"Nord","s":"25N-H50N000S-90-S"},{"r":"119","t":"10:14:15","h":"Nord","s":"25N-H50NV10S-90-S"},{"r":"119","t":"10:14:15","h":"Nord","s":"25N-H50NV20S-90-S"},{"r":"119","t":"10:14:15","h":"Nord","s":"25S-H50S000S-81-S"},{"r":"119","t":"10:42:15","h":"Nord","s":"25N-H50N000S-80-S"},{"r":"119","t":"10:42:15","h":"Nord","s":"25N-H50N000S-90-S"},{"r":"119","t":"10:42:15","h":"Nord","s":"25N-H50NV10S-90-S"},{"r":"119","t":"10:42:15","h":"Nord","s":"25N-H50NV20S-90-S"},{"r":"119","t":"10:42:15","h":"Nord","s":"25S-H50S000S-81-S"},{"r":"119","t":"10:44:04","h":"Nord","s":"25N-H50N000A-80-A"},{"r":"119","t":"10:44:04","h":"Nord","s":"25N-H50N000A-90-A"},{"r":"119","t":"10:44:04","h":"Nord","s":"25N-H50NV10A-90-A"},{"r":"119","t":"10:44:04","h":"Nord","s":"25N-H50NV20A-90-A"},{"r":"119","t":"10:44:04","h":"Nord","s":"25S-H50S000A-81-A"},{"r":"119","t":"10:50:04","h":"Nord","s":"25N-H50N000I-80-I"},{"r":"119","t":"10:50:04","h":"Nord","s":"25N-H50N000I-90-I"},{"r":"119","t":"10:50:04","h":"Nord","s":"25N-H50N100F-90-F1"},{"r":"119","t":"10:50:04","h":"Nord","s":"25N-H50N200F-90-F2"},{"r":"119","t":"10:50:04","h":"Nord","s":"25N-H50N300F-90-F3"},{"r":"119","t":"10:50:04","h":"Nord","s":"25N-H50N400F-90-F4"},{"r":"119","t":"10:50:04","h":"Nord","s":"25N-H50NV10I-90-I"},{"r":"119","t":"10:50:04","h":"Nord","s":"25N-H50NV20I-90-I"},{"r":"119","t":"10:50:04","h":"Nord","s":"25S-H50S000I-81-I"},{"r":"119","t":"10:50:04","h":"Nord","s":"25S-H50S100F-80-F1"},{"r":"119","t":"10:50:04","h":"Nord","s":"25S-H50S200F-80-F2"},{"r":"119","t":"11:09:15","h":"Nord","s":"25N-H50N000S-80-S"},{"r":"119","t":"11:09:15","h":"Nord","s":"25N-H50N000S-90-S"},{"r":"119","t":"11:09:15","h":"Nord","s":"25N-H50NV10S-90-S"},{"r":"119","t":"11:09:15","h":"Nord","s":"25N-H50NV20S-90-S"},{"r":"119","t":"11:09:15","h":"Nord","s":"25S-H50S000S-81-S"},{"r":"119","t":"11:23:04","h":"Nord","s":"25N-H50N000A-80-A"},{"r":"119","t":"11:23:04","h":"Nord","s":"25N-H50N000A-90-A"},{"r":"119","t":"11:23:04","h":"Nord","s":"25N-H50NV10A-90-A"},{"r":"119","t":"11:23:04","h":"Nord","s":"25N-H50NV20A-90-A"},{"r":"119","t":"11:23:04","h":"Nord","s":"25S-H50S000A-81-A"},{"r":"119","t":"11:26:04","h":"Nord","s":"25N-H50N000I-80-I"},{"r":"119","t":"11:26:04","h":"Nord","s":"25N-H50N000I-90-I"},{"r":"119","t":"11:26:04","h":"Nord","s":"25N-H50N100F-90-F1"},{"r":"119","t":"11:26:04","h":"Nord","s":"25N-H50N200F-90-F2"},{"r":"119","t":"11:26:04","h":"Nord","s":"25N-H50N300F-90-F3"},{"r":"119","t":"11:26:04","h":"Nord","s":"25N-H50N400F-90-F4"},{"r":"119","t":"11:26:04","h":"Nord","s":"25N-H50NV10I-90-I"},{"r":"119","t":"11:26:04","h":"Nord","s":"25N-H50NV20I-90-I"},{"r":"119","t":"11:26:04","h":"Nord","s":"25S-H50S000I-81-I"},{"r":"119","t":"11:26:04","h":"Nord","s":"25S-H50S100F-80-F1"},{"r":"119","t":"11:26:04","h":"Nord","s":"25S-H50S200F-80-F2"},{"r":"119","t":"11:37:52","h":"Nord","s":"25N-H50N000S-80-S"},{"r":"119","t":"11:37:52","h":"Nord","s":"25N-H50N000S-90-S"},{"r":"119","t":"11:37:52","h":"Nord","s":"25N-H50NV10S-90-S"},{"r":"119","t":"11:37:52","h":"Nord","s":"25N-H50NV20S-90-S"},{"r":"119","t":"11:37:52","h":"Nord","s":"25S-H50S000S-81-S"},{"r":"119","t":"12:02:52","h":"Nord","s":"25N-H50N000A-80-A"},{"r":"119","t":"12:02:52","h":"Nord","s":"25N-H50N000A-90-A"},{"r":"119","t":"12:02:52","h":"Nord","s":"25N-H50NV10A-90-A"},{"r":"119","t":"12:02:52","h":"Nord","s":"25N-H50NV20A-90-A"},{"r":"119","t":"12:02:52","h":"Nord","s":"25S-H50S000A-81-A"},{"r":"119","t":"12:03:52","h":"Nord","s":"25N-H50N000S-80-S"},{"r":"119","t":"12:03:52","h":"Nord","s":"25N-H50N000S-90-S"},{"r":"119","t":"12:03:52","h":"Nord","s":"25N-H50NV10S-90-S"},{"r":"119","t":"12:03:52","h":"Nord","s":"25N-H50NV20S-90-S"},{"r":"119","t":"12:03:52","h":"Nord","s":"25S-H50S000S-81-S"},{"r":"119","t":"12:04:04","h":"Nord","s":"25N-H50N000I-80-I"},{"r":"119","t":"12:04:04","h":"Nord","s":"25N-H50N000I-90-I"},{"r":"119","t":"12:04:04","h":"Nord","s":"25N-H50N100F-90-F1"},{"r":"119","t":"12:04:04","h":"Nord","s":"25N-H50N200F-90-F2"},{"r":"119","t":"12:04:04","h":"Nord","s":"25N-H50N300F-90-F3"},{"r":"119","t":"12:04:04","h":"Nord","s":"25N-H50N400F-90-F4"},{"r":"119","t":"12:04:04","h":"Nord","s":"25N-H50NV10I-90-I"},{"r":"119","t":"12:04:04","h":"Nord","s":"25N-H50NV20I-90-I"},{"r":"119","t":"12:04:04","h":"Nord","s":"25S-H50S000I-81-I"},{"r":"119","t":"12:04:04","h":"Nord","s":"25S-H50S100F-80-F1"},{"r":"119","t":"12:04:04","h":"Nord","s":"25S-H50S200F-80-F2"},{"r":"119","t":"12:29:52","h":"Nord","s":"25N-H50N000S-80-S"},{"r":"119","t":"12:29:52","h":"Nord","s":"25N-H50N000S-90-S"},{"r":"119","t":"12:29:52","h":"Nord","s":"25N-H50NV10S-90-S"},{"r":"119","t":"12:29:52","h":"Nord","s":"25N-H50NV20S-90-S"},{"r":"119","t":"12:29:52","h":"Nord","s":"25S-H50S000S-81-S"},{"r":"119","t":"12:41:52","h":"Nord","s":"25N-H50N000A-80-A"},{"r":"119","t":"12:41:52","h":"Nord","s":"25N-H50N000A-90-A"},{"r":"119","t":"12:41:52","h":"Nord","s":"25N-H50NV10A-90-A"},{"r":"119","t":"12:41:52","h":"Nord","s":"25N-H50NV20A-90-A"},{"r":"119","t":"12:41:52","h":"Nord","s":"25S-H50S000A-81-A"},{"r":"119","t":"12:42:04","h":"Nord","s":"25N-H50N000I-80-I"},{"r":"119","t":"12:42:04","h":"Nord","s":"25N-H50N000I-90-I"},{"r":"119","t":"12:42:04","h":"Nord","s":"25N-H50N100F-90-F1"},{"r":"119","t":"12:42:04","h":"Nord","s":"25N-H50N200F-90-F2"},{"r":"119","t":"12:42:04","h":"Nord","s":"25N-H50N300F-90-F3"},{"r":"119","t":"12:42:04","h":"Nord","s":"25N-H50N400F-90-F4"},{"r":"119","t":"12:42:04","h":"Nord","s":"25N-H50NV10I-90-I"},{"r":"119","t":"12:42:04","h":"Nord","s":"25N-H50NV20I-90-I"},{"r":"119","t":"12:42:04","h":"Nord","s":"25S-H50S000I-81-I"},{"r":"119","t":"12:42:04","h":"Nord","s":"25S-H50S100F-80-F1"},{"r":"119","t":"12:42:04","h":"Nord","s":"25S-H50S200F-80-F2"},{"r":"119","t":"12:56:52","h":"Nord","s":"25N-H50N000S-80-S"},{"r":"119","t":"12:56:52","h":"Nord","s":"25N-H50N000S-90-S"},{"r":"119","t":"12:56:52","h":"Nord","s":"25N-H50NV10S-90-S"},{"r":"119","t":"12:56:52","h":"Nord","s":"25N-H50NV20S-90-S"},{"r":"119","t":"12:56:52","h":"Nord","s":"25S-H50S000S-81-S"},{"r":"119","t":"13:20:04","h":"Nord","s":"25N-H50N000I-80-I"},{"r":"119","t":"13:20:04","h":"Nord","s":"25N-H50N000I-90-I"},{"r":"119","t":"13:20:04","h":"Nord","s":"25N-H50N100F-90-F1"},{"r":"119","t":"13:20:04","h":"Nord","s":"25N-H50N200F-90-F2"},{"r":"119","t":"13:20:04","h":"Nord","s":"25N-H50N300F-90-F3"},{"r":"119","t":"13:20:04","h":"Nord","s":"25N-H50N400F-90-F4"},{"r":"119","t":"13:20:04","h":"Nord","s":"25N-H50NV10I-90-I"},{"r":"119","t":"13:20:04","h":"Nord","s":"25N-H50NV20I-90-I"},{"r":"119","t":"13:20:04","h":"Nord","s":"25S-H50S000I-81-I"},{"r":"119","t":"13:20:04","h":"Nord","s":"25S-H50S100F-80-F1"},{"r":"119","t":"13:20:04","h":"Nord","s":"25S-H50S200F-80-F2"},{"r":"119","t":"13:21:52","h":"Nord","s":"25N-H50N000A-80-A"},{"r":"119","t":"13:21:52","h":"Nord","s":"25N-H50N000A-90-A"},{"r":"119","t":"13:21:52","h":"Nord","s":"25N-H50NV10A-90-A"},{"r":"119","t":"13:21:52","h":"Nord","s":"25N-H50NV20A-90-A"},{"r":"119","t":"13:21:52","h":"Nord","s":"25S-H50S000A-81-A"},{"r":"119","t":"13:26:52","h":"Nord","s":"25N-H50N000S-80-S"},{"r":"119","t":"13:26:52","h":"Nord","s":"25N-H50N000S-90-S"},{"r":"119","t":"13:26:52","h":"Nord","s":"25N-H50NV10S-90-S"},{"r":"119","t":"13:26:52","h":"Nord","s":"25N-H50NV20S-90-S"},{"r":"119","t":"13:26:52","h":"Nord","s":"25S-H50S000S-81-S"},{"r":"119","t":"13:57:52","h":"Nord","s":"25N-H50N000S-80-S"},{"r":"119","t":"13:57:52","h":"Nord","s":"25N-H50N000S-90-S"},{"r":"119","t":"13:57:52","h":"Nord","s":"25N-H50NV10S-90-S"},{"r":"119","t":"13:57:52","h":"Nord","s":"25N-H50NV20S-90-S"},{"r":"119","t":"13:57:52","h":"Nord","s":"25S-H50S000S-81-S"},{"r":"119","t":"13:59:52","h":"Nord","s":"25N-H50N000A-80-A"},{"r":"119","t":"13:59:52","h":"Nord","s":"25N-H50N000A-90-A"},{"r":"119","t":"13:59:52","h":"Nord","s":"25N-H50NV10A-90-A"},{"r":"119","t":"13:59:52","h":"Nord","s":"25N-H50NV20A-90-A"},{"r":"119","t":"13:59:52","h":"Nord","s":"25S-H50S000A-81-A"},{"r":"119","t":"14:00:04","h":"Nord","s":"25N-H50N000I-80-I"},{"r":"119","t":"14:00:04","h":"Nord","s":"25N-H50N000I-90-I"},{"r":"119","t":"14:00:04","h":"Nord","s":"25N-H50N100F-90-F1"},{"r":"119","t":"14:00:04","h":"Nord","s":"25N-H50N200F-90-F2"},{"r":"119","t":"14:00:04","h":"Nord","s":"25N-H50N300F-90-F3"},{"r":"119","t":"14:00:04","h":"Nord","s":"25N-H50N400F-90-F4"},{"r":"119","t":"14:00:04","h":"Nord","s":"25N-H50NV10I-90-I"},{"r":"119","t":"14:00:04","h":"Nord","s":"25N-H50NV20I-90-I"},{"r":"119","t":"14:00:04","h":"Nord","s":"25S-H50S000I-81-I"},{"r":"119","t":"14:00:04","h":"Nord","s":"25S-H50S100F-80-F1"},{"r":"119","t":"14:00:04","h":"Nord","s":"25S-H50S200F-80-F2"},{"r":"119","t":"14:28:52","h":"Nord","s":"25N-H50N000S-80-S"},{"r":"119","t":"14:28:52","h":"Nord","s":"25N-H50N000S-90-S"},{"r":"119","t":"14:28:52","h":"Nord","s":"25N-H50NV10S-90-S"},{"r":"119","t":"14:28:52","h":"Nord","s":"25N-H50NV20S-90-S"},{"r":"119","t":"14:28:52","h":"Nord","s":"25S-H50S000S-81-S"},{"r":"119","t":"14:37:52","h":"Nord","s":"25N-H50N000A-80-A"},{"r":"119","t":"14:37:52","h":"Nord","s":"25N-H50N000A-90-A"},{"r":"119","t":"14:37:52","h":"Nord","s":"25N-H50NV10A-90-A"},{"r":"119","t":"14:37:52","h":"Nord","s":"25N-H50NV20A-90-A"},{"r":"119","t":"14:37:52","h":"Nord","s":"25S-H50S000A-81-A"},{"r":"119","t":"14:40:04","h":"Nord","s":"25N-H50N000I-80-I"},{"r":"119","t":"14:40:04","h":"Nord","s":"25N-H50N000I-90-I"},{"r":"119","t":"14:40:04","h":"Nord","s":"25N-H50N100F-90-F1"},{"r":"119","t":"14:40:04","h":"Nord","s":"25N-H50N200F-90-F2"},{"r":"119","t":"14:40:04","h":"Nord","s":"25N-H50N300F-90-F3"},{"r":"119","t":"14:40:04","h":"Nord","s":"25N-H50N400F-90-F4"},{"r":"119","t":"14:40:04","h":"Nord","s":"25N-H50NV10I-90-I"},{"r":"119","t":"14:40:04","h":"Nord","s":"25N-H50NV20I-90-I"},{"r":"119","t":"14:40:04","h":"Nord","s":"25S-H50S000I-81-I"},{"r":"119","t":"14:40:04","h":"Nord","s":"25S-H50S100F-80-F1"},{"r":"119","t":"14:40:04","h":"Nord","s":"25S-H50S200F-80-F2"},{"r":"119","t":"14:58:52","h":"Nord","s":"25N-H50N000S-80-S"},{"r":"119","t":"14:58:52","h":"Nord","s":"25N-H50N000S-90-S"},{"r":"119","t":"14:58:52","h":"Nord","s":"25N-H50NV10S-90-S"},{"r":"119","t":"14:58:52","h":"Nord","s":"25N-H50NV20S-90-S"},{"r":"119","t":"14:58:52","h":"Nord","s":"25S-H50S000S-81-S"},{"r":"119","t":"15:14:52","h":"Nord","s":"25N-H50N000A-80-A"},{"r":"119","t":"15:14:52","h":"Nord","s":"25N-H50N000A-90-A"},{"r":"119","t":"15:14:52","h":"Nord","s":"25N-H50NV10A-90-A"},{"r":"119","t":"15:14:52","h":"Nord","s":"25N-H50NV20A-90-A"},{"r":"119","t":"15:14:52","h":"Nord","s":"25S-H50S000A-81-A"},{"r":"119","t":"15:16:04","h":"Nord","s":"25N-H50N000I-80-I"},{"r":"119","t":"15:16:04","h":"Nord","s":"25N-H50N000I-90-I"},{"r":"119","t":"15:16:04","h":"Nord","s":"25N-H50N100F-90-F1"},{"r":"119","t":"15:16:04","h":"Nord","s":"25N-H50N200F-90-F2"},{"r":"119","t":"15:16:04","h":"Nord","s":"25N-H50N300F-90-F3"},{"r":"119","t":"15:16:04","h":"Nord","s":"25N-H50N400F-90-F4"},{"r":"119","t":"15:16:04","h":"Nord","s":"25N-H50NV10I-90-I"},{"r":"119","t":"15:16:04","h":"Nord","s":"25N-H50NV20I-90-I"},{"r":"119","t":"15:16:04","h":"Nord","s":"25S-H50S000I-81-I"},{"r":"119","t":"15:16:04","h":"Nord","s":"25S-H50S100F-80-F1"},{"r":"119","t":"15:16:04","h":"Nord","s":"25S-H50S200F-80-F2"},{"r":"119","t":"15:34:57","h":"Nord","s":"25N-H50N000S-80-S"},{"r":"119","t":"15:34:57","h":"Nord","s":"25N-H50N000S-90-S"},{"r":"119","t":"15:34:57","h":"Nord","s":"25N-H50NV10S-90-S"},{"r":"119","t":"15:34:57","h":"Nord","s":"25N-H50NV20S-90-S"},{"r":"119","t":"15:34:57","h":"Nord","s":"25S-H50S000S-81-S"},{"r":"119","t":"15:51:04","h":"Nord","s":"25N-H50N000A-80-A"},{"r":"119","t":"15:51:04","h":"Nord","s":"25N-H50N000A-90-A"},{"r":"119","t":"15:51:04","h":"Nord","s":"25N-H50NV10A-90-A"},{"r":"119","t":"15:51:04","h":"Nord","s":"25N-H50NV20A-90-A"},{"r":"119","t":"15:51:04","h":"Nord","s":"25S-H50S000A-81-A"},{"r":"119","t":"15:52:04","h":"Nord","s":"25N-H50N000I-80-I"},{"r":"119","t":"15:52:04","h":"Nord","s":"25N-H50N000I-90-I"},{"r":"119","t":"15:52:04","h":"Nord","s":"25N-H50N100F-90-F1"},{"r":"119","t":"15:52:04","h":"Nord","s":"25N-H50N200F-90-F2"},{"r":"119","t":"15:52:04","h":"Nord","s":"25N-H50N300F-90-F3"},{"r":"119","t":"15:52:04","h":"Nord","s":"25N-H50N400F-90-F4"},{"r":"119","t":"15:52:04","h":"Nord","s":"25N-H50NV10I-90-I"},{"r":"119","t":"15:52:04","h":"Nord","s":"25N-H50NV20I-90-I"},{"r":"119","t":"15:52:04","h":"Nord","s":"25S-H50S000I-81-I"},{"r":"119","t":"15:52:04","h":"Nord","s":"25S-H50S100F-80-F1"},{"r":"119","t":"15:52:04","h":"Nord","s":"25S-H50S200F-80-F2"},{"r":"119","t":"16:03:57","h":"Nord","s":"25N-H50N000S-80-S"},{"r":"119","t":"16:03:57","h":"Nord","s":"25N-H50N000S-90-S"},{"r":"119","t":"16:03:57","h":"Nord","s":"25N-H50NV10S-90-S"},{"r":"119","t":"16:03:57","h":"Nord","s":"25N-H50NV20S-90-S"},{"r":"119","t":"16:03:57","h":"Nord","s":"25S-H50S000S-81-S"},{"r":"119","t":"16:27:04","h":"Nord","s":"25N-H50N000I-80-I"},{"r":"119","t":"16:27:04","h":"Nord","s":"25N-H50N000I-90-I"},{"r":"119","t":"16:27:04","h":"Nord","s":"25N-H50N100F-90-F1"},{"r":"119","t":"16:27:04","h":"Nord","s":"25N-H50N200F-90-F2"},{"r":"119","t":"16:27:04","h":"Nord","s":"25N-H50N300F-90-F3"},{"r":"119","t":"16:27:04","h":"Nord","s":"25N-H50N400F-90-F4"},{"r":"119","t":"16:27:04","h":"Nord","s":"25N-H50NV10I-90-I"},{"r":"119","t":"16:27:04","h":"Nord","s":"25N-H50NV20I-90-I"},{"r":"119","t":"16:27:04","h":"Nord","s":"25S-H50S000I-81-I"},{"r":"119","t":"16:27:04","h":"Nord","s":"25S-H50S100F-80-F1"},{"r":"119","t":"16:27:04","h":"Nord","s":"25S-H50S200F-80-F2"},{"r":"119","t":"16:30:41","h":"Nord","s":"25N-H50N000S-80-S"},{"r":"119","t":"16:30:41","h":"Nord","s":"25N-H50N000S-90-S"},{"r":"119","t":"16:30:41","h":"Nord","s":"25N-H50NV10S-90-S"},{"r":"119","t":"16:30:41","h":"Nord","s":"25N-H50NV20S-90-S"},{"r":"119","t":"16:30:41","h":"Nord","s":"25S-H50S000S-81-S"},{"r":"119","t":"16:31:04","h":"Nord","s":"25N-H50N000A-80-A"},{"r":"119","t":"16:31:04","h":"Nord","s":"25N-H50N000A-90-A"},{"r":"119","t":"16:31:04","h":"Nord","s":"25N-H50NV10A-90-A"},{"r":"119","t":"16:31:04","h":"Nord","s":"25N-H50NV20A-90-A"},{"r":"119","t":"16:31:04","h":"Nord","s":"25S-H50S000A-81-A"},{"r":"119","t":"16:59:41","h":"Nord","s":"25N-H50N000S-80-S"},{"r":"119","t":"16:59:41","h":"Nord","s":"25N-H50N000S-90-S"},{"r":"119","t":"16:59:41","h":"Nord","s":"25N-H50NV10S-90-S"},{"r":"119","t":"16:59:41","h":"Nord","s":"25N-H50NV20S-90-S"},{"r":"119","t":"16:59:41","h":"Nord","s":"25S-H50S000S-81-S"},{"r":"119","t":"17:04:15","h":"Nord","s":"25N-H50N000I-80-I"},{"r":"119","t":"17:04:15","h":"Nord","s":"25N-H50N000I-90-I"},{"r":"119","t":"17:04:15","h":"Nord","s":"25N-H50N100F-90-F1"},{"r":"119","t":"17:04:15","h":"Nord","s":"25N-H50N200F-90-F2"},{"r":"119","t":"17:04:15","h":"Nord","s":"25N-H50N300F-90-F3"},{"r":"119","t":"17:04:15","h":"Nord","s":"25N-H50N400F-90-F4"},{"r":"119","t":"17:04:15","h":"Nord","s":"25N-H50NV10I-90-I"},{"r":"119","t":"17:04:15","h":"Nord","s":"25N-H50NV20I-90-I"},{"r":"119","t":"17:04:15","h":"Nord","s":"25S-H50S000I-81-I"},{"r":"119","t":"17:04:15","h":"Nord","s":"25S-H50S100F-80-F1"},{"r":"119","t":"17:04:15","h":"Nord","s":"25S-H50S200F-80-F2"},{"r":"119","t":"17:12:04","h":"Nord","s":"25N-H50N000A-80-A"},{"r":"119","t":"17:12:04","h":"Nord","s":"25N-H50N000A-90-A"},{"r":"119","t":"17:12:04","h":"Nord","s":"25N-H50NV10A-90-A"},{"r":"119","t":"17:12:04","h":"Nord","s":"25N-H50NV20A-90-A"},{"r":"119","t":"17:12:04","h":"Nord","s":"25S-H50S000A-81-A"},{"r":"119","t":"17:32:41","h":"Nord","s":"25N-H50N000S-80-S"},{"r":"119","t":"17:32:41","h":"Nord","s":"25N-H50N000S-90-S"},{"r":"119","t":"17:32:41","h":"Nord","s":"25N-H50NV10S-90-S"},{"r":"119","t":"17:32:41","h":"Nord","s":"25N-H50NV20S-90-S"},{"r":"119","t":"17:32:41","h":"Nord","s":"25S-H50S000S-81-S"},{"r":"119","t":"17:43:15","h":"Nord","s":"25N-H50N000I-80-I"},{"r":"119","t":"17:43:15","h":"Nord","s":"25N-H50N000I-90-I"},{"r":"119","t":"17:43:15","h":"Nord","s":"25N-H50N100F-90-F1"},{"r":"119","t":"17:43:15","h":"Nord","s":"25N-H50N200F-90-F2"},{"r":"119","t":"17:43:15","h":"Nord","s":"25N-H50N300F-90-F3"},{"r":"119","t":"17:43:15","h":"Nord","s":"25N-H50N400F-90-F4"},{"r":"119","t":"17:43:15","h":"Nord","s":"25N-H50NV10I-90-I"},{"r":"119","t":"17:43:15","h":"Nord","s":"25N-H50NV20I-90-I"},{"r":"119","t":"17:43:15","h":"Nord","s":"25S-H50S000I-81-I"},{"r":"119","t":"17:43:15","h":"Nord","s":"25S-H50S100F-80-F1"},{"r":"119","t":"17:43:15","h":"Nord","s":"25S-H50S200F-80-F2"},{"r":"119","t":"17:52:04","h":"Nord","s":"25N-H50N000A-80-A"},{"r":"119","t":"17:52:04","h":"Nord","s":"25N-H50N000A-90-A"},{"r":"119","t":"17:52:04","h":"Nord","s":"25N-H50NV10A-90-A"},{"r":"119","t":"17:52:04","h":"Nord","s":"25N-H50NV20A-90-A"},{"r":"119","t":"17:52:04","h":"Nord","s":"25S-H50S000A-81-A"},{"r":"119","t":"18:05:41","h":"Nord","s":"25N-H50N000S-80-S"},{"r":"119","t":"18:05:41","h":"Nord","s":"25N-H50N000S-90-S"},{"r":"119","t":"18:05:41","h":"Nord","s":"25N-H50NV10S-90-S"},{"r":"119","t":"18:05:41","h":"Nord","s":"25N-H50NV20S-90-S"},{"r":"119","t":"18:05:41","h":"Nord","s":"25S-H50S000S-81-S"},{"r":"119","t":"18:22:15","h":"Nord","s":"25N-H50N000I-80-I"},{"r":"119","t":"18:22:15","h":"Nord","s":"25N-H50N000I-90-I"},{"r":"119","t":"18:22:15","h":"Nord","s":"25N-H50N100F-90-F1"},{"r":"119","t":"18:22:15","h":"Nord","s":"25N-H50N200F-90-F2"},{"r":"119","t":"18:22:15","h":"Nord","s":"25N-H50N300F-90-F3"},{"r":"119","t":"18:22:15","h":"Nord","s":"25N-H50N400F-90-F4"},{"r":"119","t":"18:22:15","h":"Nord","s":"25N-H50NV10I-90-I"},{"r":"119","t":"18:22:15","h":"Nord","s":"25N-H50NV20I-90-I"},{"r":"119","t":"18:22:15","h":"Nord","s":"25S-H50S000I-81-I"},{"r":"119","t":"18:22:15","h":"Nord","s":"25S-H50S100F-80-F1"},{"r":"119","t":"18:22:15","h":"Nord","s":"25S-H50S200F-80-F2"},{"r":"119","t":"18:32:04","h":"Nord","s":"25N-H50N000A-80-A"},{"r":"119","t":"18:32:04","h":"Nord","s":"25N-H50N000A-90-A"},{"r":"119","t":"18:32:04","h":"Nord","s":"25N-H50NV10A-90-A"},{"r":"119","t":"18:32:04","h":"Nord","s":"25N-H50NV20A-90-A"},{"r":"119","t":"18:32:04","h":"Nord","s":"25S-H50S000A-81-A"},{"r":"119","t":"18:37:41","h":"Nord","s":"25N-H50N000S-80-S"},{"r":"119","t":"18:37:41","h":"Nord","s":"25N-H50N000S-90-S"},{"r":"119","t":"18:37:41","h":"Nord","s":"25N-H50NV10S-90-S"},{"r":"119","t":"18:37:41","h":"Nord","s":"25N-H50NV20S-90-S"},{"r":"119","t":"18:37:41","h":"Nord","s":"25S-H50S000S-81-S"},{"r":"119","t":"19:01:04","h":"Nord","s":"25N-H50N000A-80-A"},{"r":"119","t":"19:01:04","h":"Nord","s":"25N-H50N000A-90-A"},{"r":"119","t":"19:01:04","h":"Nord","s":"25N-H50NV10A-90-A"},{"r":"119","t":"19:01:04","h":"Nord","s":"25N-H50NV20A-90-A"},{"r":"119","t":"19:01:04","h":"Nord","s":"25S-H50S000A-81-A"},{"r":"119","t":"19:01:15","h":"Nord","s":"25N-H50N000I-80-I"},{"r":"119","t":"19:01:15","h":"Nord","s":"25N-H50N000I-90-I"},{"r":"119","t":"19:01:15","h":"Nord","s":"25N-H50N100F-90-F1"},{"r":"119","t":"19:01:15","h":"Nord","s":"25N-H50N200F-90-F2"},{"r":"119","t":"19:01:15","h":"Nord","s":"25N-H50N300F-90-F3"},{"r":"119","t":"19:01:15","h":"Nord","s":"25N-H50N400F-90-F4"},{"r":"119","t":"19:01:15","h":"Nord","s":"25N-H50NV10I-90-I"},{"r":"119","t":"19:01:15","h":"Nord","s":"25N-H50NV20I-90-I"},{"r":"119","t":"19:01:15","h":"Nord","s":"25S-H50S000I-81-I"},{"r":"119","t":"19:01:15","h":"Nord","s":"25S-H50S100F-80-F1"},{"r":"119","t":"19:01:15","h":"Nord","s":"25S-H50S200F-80-F2"},{"r":"119","t":"19:05:52","h":"Nord","s":"25N-H50N000S-80-S"},{"r":"119","t":"19:05:52","h":"Nord","s":"25N-H50N000S-90-S"},{"r":"119","t":"19:05:52","h":"Nord","s":"25N-H50NV10S-90-S"},{"r":"119","t":"19:05:52","h":"Nord","s":"25N-H50NV20S-90-S"},{"r":"119","t":"19:05:52","h":"Nord","s":"25S-H50S000S-81-S"},{"r":"119","t":"19:33:04","h":"Nord","s":"25N-H50N000S-80-S"},{"r":"119","t":"19:33:04","h":"Nord","s":"25N-H50N000S-90-S"},{"r":"119","t":"19:33:04","h":"Nord","s":"25N-H50NV10S-90-S"},{"r":"119","t":"19:33:04","h":"Nord","s":"25N-H50NV20S-90-S"},{"r":"119","t":"19:33:04","h":"Nord","s":"25S-H50S000S-81-S"},{"r":"119","t":"19:59:04","h":"Nord","s":"25N-H50N000S-80-S"},{"r":"119","t":"19:59:04","h":"Nord","s":"25N-H50N000S-90-S"},{"r":"119","t":"19:59:04","h":"Nord","s":"25N-H50NV10S-90-S"},{"r":"119","t":"19:59:04","h":"Nord","s":"25N-H50NV20S-90-S"},{"r":"119","t":"19:59:04","h":"Nord","s":"25S-H50S000S-81-S"},{"r":"119","t":"20:25:04","h":"Nord","s":"25N-H50N000S-80-S"},{"r":"119","t":"20:25:04","h":"Nord","s":"25N-H50N000S-90-S"},{"r":"119","t":"20:25:04","h":"Nord","s":"25N-H50NV10S-90-S"},{"r":"119","t":"20:25:04","h":"Nord","s":"25N-H50NV20S-90-S"},{"r":"119","t":"20:25:04","h":"Nord","s":"25S-H50S000S-81-S"},{"r":"119","t":"20:51:04","h":"Nord","s":"25N-H50N000S-80-S"},{"r":"119","t":"20:51:04","h":"Nord","s":"25N-H50N000S-90-S"},{"r":"119","t":"20:51:04","h":"Nord","s":"25N-H50NV10S-90-S"},{"r":"119","t":"20:51:04","h":"Nord","s":"25N-H50NV20S-90-S"},{"r":"119","t":"20:51:04","h":"Nord","s":"25S-H50S000S-81-S"},{"r":"119","t":"21:16:04","h":"Nord","s":"25N-H50N000S-80-S"},{"r":"119","t":"21:16:04","h":"Nord","s":"25N-H50N000S-90-S"},{"r":"119","t":"21:16:04","h":"Nord","s":"25N-H50NV10S-90-S"},{"r":"119","t":"21:16:04","h":"Nord","s":"25N-H50NV20S-90-S"},{"r":"119","t":"21:16:04","h":"Nord","s":"25S-H50S000S-81-S"}]