[{"r":"90","t":"05:31:12","h":"Est","s":"25N-H56N000S-80-S"},{"r":"90","t":"05:31:12","h":"Est","s":"25N-H56NV10S-80-S"},{"r":"90","t":"05:31:12","h":"Est","s":"25N-H56NV20S-80-S"},{"r":"90","t":"05:31:12","h":"Est","s":"25S-H56S000S-80-S"},{"r":"90","t":"05:49:12","h":"Est","s":"25N-H56N000A-80-A"},{"r":"90","t":"05:49:12","h":"Est","s":"25N-H56NV10A-80-A"},{"r":"90","t":"05:49:12","h":"Est","s":"25N-H56NV20A-80-A"},{"r":"90","t":"05:49:12","h":"Est","s":"25S-H56S000A-80-A"},{"r":"90","t":"05:53:12","h":"Est","s":"25N-H56N000S-80-S"},{"r":"90","t":"05:53:12","h":"Est","s":"25N-H56NV10S-80-S"},{"r":"90","t":"05:53:12","h":"Est","s":"25N-H56NV20S-80-S"},{"r":"90","t":"05:53:12","h":"Est","s":"25S-H56S000S-80-S"},{"r":"90","t":"06:14:12","h":"Est","s":"25N-H56N000S-80-S"},{"r":"90","t":"06:14:12","h":"Est","s":"25N-H56NV10S-80-S"},{"r":"90","t":"06:14:12","h":"Est","s":"25N-H56NV20S-80-S"},{"r":"90","t":"06:14:12","h":"Est","s":"25S-H56S000S-80-S"},{"r":"90","t":"06:20:12","h":"Est","s":"25N-H56N000A-80-A"},{"r":"90","t":"06:20:12","h":"Est","s":"25N-H56NV10A-80-A"},{"r":"90","t":"06:20:12","h":"Est","s":"25N-H56NV20A-80-A"},{"r":"90","t":"06:20:12","h":"Est","s":"25S-H56S000A-80-A"},{"r":"90","t":"06:32:49","h":"Est","s":"25N-H56N000S-80-S"},{"r":"90","t":"06:32:49","h":"Est","s":"25N-H56NV10S-80-S"},{"r":"90","t":"06:32:49","h":"Est","s":"25N-H56NV20S-80-S"},{"r":"90","t":"06:32:49","h":"Est","s":"25S-H56S000S-80-S"},{"r":"90","t":"06:33:12","h":"Est","s":"25N-H56N000I-80-I"},{"r":"90","t":"06:33:12","h":"Est","s":"25N-H56N100F-80-F1"},{"r":"90","t":"06:33:12","h":"Est","s":"25N-H56N200F-80-F2"},{"r":"90","t":"06:33:12","h":"Est","s":"25N-H56N300F-80-F3"},{"r":"90","t":"06:33:12","h":"Est","s":"25N-H56N400F-80-F4"},{"r":"90","t":"06:33:12","h":"Est","s":"25N-H56NV10I-80-I"},{"r":"90","t":"06:33:12","h":"Est","s":"25N-H56NV20I-80-I"},{"r":"90","t":"06:33:12","h":"Est","s":"25S-H56S000I-80-I"},{"r":"90","t":"06:33:12","h":"Est","s":"25S-H56S100F-80-F1"},{"r":"90","t":"06:33:12","h":"Est","s":"25S-H56S200F-81-F2"},{"r":"63","t":"06:34:01","h":"Sud","s":"25N-H56N000S-80-S"},{"r":"63","t":"06:34:01","h":"Sud","s":"25N-H56NV10S-80-S"},{"r":"63","t":"06:34:01","h":"Sud","s":"25N-H56NV20S-80-S"},{"r":"63","t":"06:34:01","h":"Sud","s":"25S-H56S000S-80-S"},{"r":"90","t":"06:51:12","h":"Est","s":"25N-H56N000A-80-A"},{"r":"90","t":"06:51:12","h":"Est","s":"25N-H56NV10A-80-A"},{"r":"90","t":"06:51:12","h":"Est","s":"25N-H56NV20A-80-A"},{"r":"90","t":"06:51:12","h":"Est","s":"25S-H56S000A-80-A"},{"r":"90","t":"06:51:49","h":"Est","s":"25N-H59N000S-80-S"},{"r":"90","t":"06:51:49","h":"Est","s":"25N-H59NV10S-84-S"},{"r":"90","t":"06:51:49","h":"Est","s":"25N-H59NV20S-80-S"},{"r":"90","t":"06:51:49","h":"Est","s":"25S-H59S000S-81-S"},{"r":"63","t":"07:02:49","h":"Sud","s":"25N-H56N000S-80-S"},{"r":"63","t":"07:02:49","h":"Sud","s":"25N-H56NV10S-80-S"},{"r":"63","t":"07:02:49","h":"Sud","s":"25N-H56NV20S-80-S"},{"r":"63","t":"07:02:49","h":"Sud","s":"25S-H56S000S-80-S"},{"r":"90","t":"07:04:12","h":"Est","s":"25N-H56N000I-80-I"},{"r":"90","t":"07:04:12","h":"Est","s":"25N-H56N100F-80-F1"},{"r":"90","t":"07:04:12","h":"Est","s":"25N-H56N200F-80-F2"},{"r":"90","t":"07:04:12","h":"Est","s":"25N-H56N300F-80-F3"},{"r":"90","t":"07:04:12","h":"Est","s":"25N-H56N400F-80-F4"},{"r":"90","t":"07:04:12","h":"Est","s":"25N-H56NV10I-80-I"},{"r":"90","t":"07:04:12","h":"Est","s":"25N-H56NV20I-80-I"},{"r":"90","t":"07:04:12","h":"Est","s":"25S-H56S000I-80-I"},{"r":"90","t":"07:04:12","h":"Est","s":"25S-H56S100F-80-F1"},{"r":"90","t":"07:04:12","h":"Est","s":"25S-H56S200F-81-F2"},{"r":"90","t":"07:07:49","h":"Est","s":"25N-H56N000S-80-S"},{"r":"90","t":"07:07:49","h":"Est","s":"25N-H56NV10S-80-S"},{"r":"90","t":"07:07:49","h":"Est","s":"25N-H56NV20S-80-S"},{"r":"90","t":"07:07:49","h":"Est","s":"25S-H56S000S-80-S"},{"r":"90","t":"07:18:49","h":"Est","s":"25N-H56N000S-80-S"},{"r":"90","t":"07:18:49","h":"Est","s":"25N-H56NV10S-80-S"},{"r":"90","t":"07:18:49","h":"Est","s":"25N-H56NV20S-80-S"},{"r":"90","t":"07:18:49","h":"Est","s":"25S-H56S000S-80-S"},{"r":"90","t":"07:22:12","h":"Est","s":"25N-H56N000A-80-A"},{"r":"90","t":"07:22:12","h":"Est","s":"25N-H56NV10A-80-A"},{"r":"90","t":"07:22:12","h":"Est","s":"25N-H56NV20A-80-A"},{"r":"90","t":"07:22:12","h":"Est","s":"25S-H56S000A-80-A"},{"r":"90","t":"07:26:49","h":"Est","s":"25N-H56N000S-80-S"},{"r":"90","t":"07:26:49","h":"Est","s":"25N-H56NV10S-80-S"},{"r":"90","t":"07:26:49","h":"Est","s":"25N-H56NV20S-80-S"},{"r":"90","t":"07:26:49","h":"Est","s":"25S-H56S000S-80-S"},{"r":"63","t":"07:33:38","h":"Sud","s":"25N-H56N000S-80-S"},{"r":"63","t":"07:33:38","h":"Sud","s":"25N-H56NV10S-80-S"},{"r":"63","t":"07:33:38","h":"Sud","s":"25N-H56NV20S-80-S"},{"r":"63","t":"07:33:38","h":"Sud","s":"25S-H56S000S-80-S"},{"r":"90","t":"07:35:12","h":"Est","s":"25N-H56N000I-80-I"},{"r":"90","t":"07:35:12","h":"Est","s":"25N-H56N100F-80-F1"},{"r":"90","t":"07:35:12","h":"Est","s":"25N-H56N200F-80-F2"},{"r":"90","t":"07:35:12","h":"Est","s":"25N-H56N300F-80-F3"},{"r":"90","t":"07:35:12","h":"Est","s":"25N-H56N400F-80-F4"},{"r":"90","t":"07:35:12","h":"Est","s":"25N-H56NV10I-80-I"},{"r":"90","t":"07:35:12","h":"Est","s":"25N-H56NV20I-80-I"},{"r":"90","t":"07:35:12","h":"Est","s":"25S-H56S000I-80-I"},{"r":"90","t":"07:35:12","h":"Est","s":"25S-H56S100F-80-F1"},{"r":"90","t":"07:35:12","h":"Est","s":"25S-H56S200F-81-F2"},{"r":"90","t":"07:35:25","h":"Est","s":"25N-H50N000S-80-S"},{"r":"90","t":"07:35:25","h":"Est","s":"25N-H50N000S-90-S"},{"r":"90","t":"07:35:25","h":"Est","s":"25N-H50NV10S-90-S"},{"r":"90","t":"07:35:25","h":"Est","s":"25N-H50NV20S-90-S"},{"r":"90","t":"07:35:25","h":"Est","s":"25S-H50S000S-81-S"},{"r":"90","t":"07:43:25","h":"Est","s":"25N-H56N000S-80-S"},{"r":"90","t":"07:43:25","h":"Est","s":"25N-H56NV10S-80-S"},{"r":"90","t":"07:43:25","h":"Est","s":"25N-H56NV20S-80-S"},{"r":"90","t":"07:43:25","h":"Est","s":"25S-H56S000S-80-S"},{"r":"90","t":"07:46:12","h":"Est","s":"25N-H56N000A-80-A"},{"r":"90","t":"07:46:12","h":"Est","s":"25N-H56NV10A-80-A"},{"r":"90","t":"07:46:12","h":"Est","s":"25N-H56NV20A-80-A"},{"r":"90","t":"07:46:12","h":"Est","s":"25S-H56S000A-80-A"},{"r":"90","t":"07:49:25","h":"Est","s":"25N-H56N000S-80-S"},{"r":"90","t":"07:49:25","h":"Est","s":"25N-H56NV10S-80-S"},{"r":"90","t":"07:49:25","h":"Est","s":"25N-H56NV20S-80-S"},{"r":"90","t":"07:49:25","h":"Est","s":"25S-H56S000S-80-S"},{"r":"90","t":"07:55:25","h":"Est","s":"25N-H56N000S-80-S"},{"r":"90","t":"07:55:25","h":"Est","s":"25N-H56NV10S-80-S"},{"r":"90","t":"07:55:25","h":"Est","s":"25N-H56NV20S-80-S"},{"r":"90","t":"07:55:25","h":"Est","s":"25S-H56S000S-80-S"},{"r":"90","t":"08:01:25","h":"Est","s":"25N-H56N000S-80-S"},{"r":"90","t":"08:01:25","h":"Est","s":"25N-H56NV10S-80-S"},{"r":"90","t":"08:01:25","h":"Est","s":"25N-H56NV20S-80-S"},{"r":"90","t":"08:01:25","h":"Est","s":"25S-H56S000S-80-S"},{"r":"90","t":"08:06:12","h":"Est","s":"25N-H56N000A-80-A"},{"r":"90","t":"08:06:12","h":"Est","s":"25N-H56NV10A-80-A"},{"r":"90","t":"08:06:12","h":"Est","s":"25N-H56NV20A-80-A"},{"r":"90","t":"08:06:12","h":"Est","s":"25S-H56S000A-80-A"},{"r":"90","t":"08:06:25","h":"Est","s":"25N-H56N000S-80-S"},{"r":"90","t":"08:06:25","h":"Est","s":"25N-H56NV10S-80-S"},{"r":"90","t":"08:06:25","h":"Est","s":"25N-H56NV20S-80-S"},{"r":"90","t":"08:06:25","h":"Est","s":"25S-H56S000S-80-S"},{"r":"90","t":"08:07:12","h":"Est","s":"25N-H56N000I-80-I"},{"r":"90","t":"08:07:12","h":"Est","s":"25N-H56N100F-80-F1"},{"r":"90","t":"08:07:12","h":"Est","s":"25N-H56N200F-80-F2"},{"r":"90","t":"08:07:12","h":"Est","s":"25N-H56N300F-80-F3"},{"r":"90","t":"08:07:12","h":"Est","s":"25N-H56N400F-80-F4"},{"r":"90","t":"08:07:12","h":"Est","s":"25N-H56NV10I-80-I"},{"r":"90","t":"08:07:12","h":"Est","s":"25N-H56NV20I-80-I"},{"r":"90","t":"08:07:12","h":"Est","s":"25S-H56S000I-80-I"},{"r":"90","t":"08:07:12","h":"Est","s":"25S-H56S100F-80-F1"},{"r":"90","t":"08:07:12","h":"Est","s":"25S-H56S200F-81-F2"},{"r":"63","t":"08:09:14","h":"Sud","s":"25N-H59N000S-80-S"},{"r":"63","t":"08:09:14","h":"Sud","s":"25N-H59NV10S-84-S"},{"r":"63","t":"08:09:14","h":"Sud","s":"25N-H59NV20S-80-S"},{"r":"63","t":"08:09:14","h":"Sud","s":"25S-H59S000S-81-S"},{"r":"90","t":"08:12:25","h":"Est","s":"25N-H56N000S-80-S"},{"r":"90","t":"08:12:25","h":"Est","s":"25N-H56NV10S-80-S"},{"r":"90","t":"08:12:25","h":"Est","s":"25N-H56NV20S-80-S"},{"r":"90","t":"08:12:25","h":"Est","s":"25S-H56S000S-80-S"},{"r":"90","t":"08:18:25","h":"Est","s":"25N-H56N000S-80-S"},{"r":"90","t":"08:18:25","h":"Est","s":"25N-H56NV10S-80-S"},{"r":"90","t":"08:18:25","h":"Est","s":"25N-H56NV20S-80-S"},{"r":"90","t":"08:18:25","h":"Est","s":"25S-H56S000S-80-S"},{"r":"90","t":"08:23:25","h":"Est","s":"25N-H56N000S-80-S"},{"r":"90","t":"08:23:25","h":"Est","s":"25N-H56NV10S-80-S"},{"r":"90","t":"08:23:25","h":"Est","s":"25N-H56NV20S-80-S"},{"r":"90","t":"08:23:25","h":"Est","s":"25S-H56S000S-80-S"},{"r":"90","t":"08:27:12","h":"Est","s":"25N-H56N000A-80-A"},{"r":"90","t":"08:27:12","h":"Est","s":"25N-H56NV10A-80-A"},{"r":"90","t":"08:27:12","h":"Est","s":"25N-H56NV20A-80-A"},{"r":"90","t":"08:27:12","h":"Est","s":"25S-H56S000A-80-A"},{"r":"90","t":"08:28:25","h":"Est","s":"25N-H56N000S-80-S"},{"r":"90","t":"08:28:25","h":"Est","s":"25N-H56NV10S-80-S"},{"r":"90","t":"08:28:25","h":"Est","s":"25N-H56NV20S-80-S"},{"r":"90","t":"08:28:25","h":"Est","s":"25S-H56S000S-80-S"},{"r":"90","t":"08:33:25","h":"Est","s":"25N-H56N000S-80-S"},{"r":"90","t":"08:33:25","h":"Est","s":"25N-H56NV10S-80-S"},{"r":"90","t":"08:33:25","h":"Est","s":"25N-H56NV20S-80-S"},{"r":"90","t":"08:33:25","h":"Est","s":"25S-H56S000S-80-S"},{"r":"90","t":"08:37:12","h":"Est","s":"25N-H56N000I-80-I"},{"r":"90","t":"08:37:12","h":"Est","s":"25N-H56N100F-80-F1"},{"r":"90","t":"08:37:12","h":"Est","s":"25N-H56N200F-80-F2"},{"r":"90","t":"08:37:12","h":"Est","s":"25N-H56N300F-80-F3"},{"r":"90","t":"08:37:12","h":"Est","s":"25N-H56N400F-80-F4"},{"r":"90","t":"08:37:12","h":"Est","s":"25N-H56NV10I-80-I"},{"r":"90","t":"08:37:12","h":"Est","s":"25N-H56NV20I-80-I"},{"r":"90","t":"08:37:12","h":"Est","s":"25S-H56S000I-80-I"},{"r":"90","t":"08:37:12","h":"Est","s":"25S-H56S100F-80-F1"},{"r":"90","t":"08:37:12","h":"Est","s":"25S-H56S200F-81-F2"},{"r":"90","t":"08:39:25","h":"Est","s":"25N-H56N000S-80-S"},{"r":"90","t":"08:39:25","h":"Est","s":"25N-H56NV10S-80-S"},{"r":"90","t":"08:39:25","h":"Est","s":"25N-H56NV20S-80-S"},{"r":"90","t":"08:39:25","h":"Est","s":"25S-H56S000S-80-S"},{"r":"63","t":"08:42:38","h":"Sud","s":"25N-H56N000S-80-S"},{"r":"63","t":"08:42:38","h":"Sud","s":"25N-H56NV10S-80-S"},{"r":"63","t":"08:42:38","h":"Sud","s":"25N-H56NV20S-80-S"},{"r":"63","t":"08:42:38","h":"Sud","s":"25S-H56S000S-80-S"},{"r":"90","t":"08:46:25","h":"Est","s":"25N-H56N000S-80-S"},{"r":"90","t":"08:46:25","h":"Est","s":"25N-H56NV10S-80-S"},{"r":"90","t":"08:46:25","h":"Est","s":"25N-H56NV20S-80-S"},{"r":"90","t":"08:46:25","h":"Est","s":"25S-H56S000S-80-S"},{"r":"90","t":"08:49:12","h":"Est","s":"25N-H56N000A-80-A"},{"r":"90","t":"08:49:12","h":"Est","s":"25N-H56NV10A-80-A"},{"r":"90","t":"08:49:12","h":"Est","s":"25N-H56NV20A-80-A"},{"r":"90","t":"08:49:12","h":"Est","s":"25S-H56S000A-80-A"},{"r":"90","t":"08:51:25","h":"Est","s":"25N-H56N000S-80-S"},{"r":"90","t":"08:51:25","h":"Est","s":"25N-H56NV10S-80-S"},{"r":"90","t":"08:51:25","h":"Est","s":"25N-H56NV20S-80-S"},{"r":"90","t":"08:51:25","h":"Est","s":"25S-H56S000S-80-S"},{"r":"90","t":"08:55:25","h":"Est","s":"25N-H56N000S-80-S"},{"r":"90","t":"08:55:25","h":"Est","s":"25N-H56NV10S-80-S"},{"r":"90","t":"08:55:25","h":"Est","s":"25N-H56NV20S-80-S"},{"r":"90","t":"08:55:25","h":"Est","s":"25S-H56S000S-80-S"},{"r":"90","t":"09:00:25","h":"Est","s":"25N-H56N000S-80-S"},{"r":"90","t":"09:00:25","h":"Est","s":"25N-H56NV10S-80-S"},{"r":"90","t":"09:00:25","h":"Est","s":"25N-H56NV20S-80-S"},{"r":"90","t":"09:00:25","h":"Est","s":"25S-H56S000S-80-S"},{"r":"90","t":"09:05:49","h":"Est","s":"25N-H56N000I-80-I"},{"r":"90","t":"09:05:49","h":"Est","s":"25N-H56N100F-80-F1"},{"r":"90","t":"09:05:49","h":"Est","s":"25N-H56N200F-80-F2"},{"r":"90","t":"09:05:49","h":"Est","s":"25N-H56N300F-80-F3"},{"r":"90","t":"09:05:49","h":"Est","s":"25N-H56N400F-80-F4"},{"r":"90","t":"09:05:49","h":"Est","s":"25N-H56NV10I-80-I"},{"r":"90","t":"09:05:49","h":"Est","s":"25N-H56NV20I-80-I"},{"r":"90","t":"09:05:49","h":"Est","s":"25S-H56S000I-80-I"},{"r":"90","t":"09:05:49","h":"Est","s":"25S-H56S100F-80-F1"},{"r":"90","t":"09:05:49","h":"Est","s":"25S-H56S200F-81-F2"},{"r":"63","t":"09:07:01","h":"Sud","s":"25N-H56N000A-80-A"},{"r":"63","t":"09:07:01","h":"Sud","s":"25N-H56N100F-80-F1"},{"r":"63","t":"09:07:01","h":"Sud","s":"25N-H56N200F-80-F2"},{"r":"63","t":"09:07:01","h":"Sud","s":"25N-H56N300F-80-F3"},{"r":"63","t":"09:07:01","h":"Sud","s":"25N-H56N400F-80-F4"},{"r":"63","t":"09:07:01","h":"Sud","s":"25N-H56NV10A-80-A"},{"r":"63","t":"09:07:01","h":"Sud","s":"25N-H56NV20A-80-A"},{"r":"63","t":"09:07:01","h":"Sud","s":"25S-H56S000A-80-A"},{"r":"63","t":"09:07:01","h":"Sud","s":"25S-H56S100F-80-F1"},{"r":"63","t":"09:07:01","h":"Sud","s":"25S-H56S200F-81-F2"},{"r":"90","t":"09:07:25","h":"Est","s":"25N-H59N000S-80-S"},{"r":"90","t":"09:07:25","h":"Est","s":"25N-H59NV10S-84-S"},{"r":"90","t":"09:07:25","h":"Est","s":"25N-H59NV20S-80-S"},{"r":"90","t":"09:07:25","h":"Est","s":"25S-H59S000S-81-S"},{"r":"90","t":"09:10:12","h":"Est","s":"25N-H56N000A-80-A"},{"r":"90","t":"09:10:12","h":"Est","s":"25N-H56NV10A-80-A"},{"r":"90","t":"09:10:12","h":"Est","s":"25N-H56NV20A-80-A"},{"r":"90","t":"09:10:12","h":"Est","s":"25S-H56S000A-80-A"},{"r":"90","t":"09:15:25","h":"Est","s":"25N-H56N000S-80-S"},{"r":"90","t":"09:15:25","h":"Est","s":"25N-H56NV10S-80-S"},{"r":"90","t":"09:15:25","h":"Est","s":"25N-H56NV20S-80-S"},{"r":"90","t":"09:15:25","h":"Est","s":"25S-H56S000S-80-S"},{"r":"63","t":"09:16:38","h":"Sud","s":"25N-H59N000S-80-S"},{"r":"63","t":"09:16:38","h":"Sud","s":"25N-H59NV10S-84-S"},{"r":"63","t":"09:16:38","h":"Sud","s":"25N-H59NV20S-80-S"},{"r":"63","t":"09:16:38","h":"Sud","s":"25S-H59S000S-81-S"},{"r":"90","t":"09:24:25","h":"Est","s":"25N-H56N000S-80-S"},{"r":"90","t":"09:24:25","h":"Est","s":"25N-H56NV10S-80-S"},{"r":"90","t":"09:24:25","h":"Est","s":"25N-H56NV20S-80-S"},{"r":"90","t":"09:24:25","h":"Est","s":"25S-H56S000S-80-S"},{"r":"90","t":"09:26:49","h":"Est","s":"25N-H56N000I-80-I"},{"r":"90","t":"09:26:49","h":"Est","s":"25N-H56N100F-80-F1"},{"r":"90","t":"09:26:49","h":"Est","s":"25N-H56N200F-80-F2"},{"r":"90","t":"09:26:49","h":"Est","s":"25N-H56N300F-80-F3"},{"r":"90","t":"09:26:49","h":"Est","s":"25N-H56N400F-80-F4"},{"r":"90","t":"09:26:49","h":"Est","s":"25N-H56NV10I-80-I"},{"r":"90","t":"09:26:49","h":"Est","s":"25N-H56NV20I-80-I"},{"r":"90","t":"09:26:49","h":"Est","s":"25S-H56S000I-80-I"},{"r":"90","t":"09:26:49","h":"Est","s":"25S-H56S100F-80-F1"},{"r":"90","t":"09:26:49","h":"Est","s":"25S-H56S200F-81-F2"},{"r":"90","t":"09:30:12","h":"Est","s":"25N-H56N000A-80-A"},{"r":"90","t":"09:30:12","h":"Est","s":"25N-H56NV10A-80-A"},{"r":"90","t":"09:30:12","h":"Est","s":"25N-H56NV20A-80-A"},{"r":"90","t":"09:30:12","h":"Est","s":"25S-H56S000A-80-A"},{"r":"63","t":"09:32:49","h":"Sud","s":"25N-H56N000A-80-A"},{"r":"63","t":"09:32:49","h":"Sud","s":"25N-H56N100F-80-F1"},{"r":"63","t":"09:32:49","h":"Sud","s":"25N-H56N200F-80-F2"},{"r":"63","t":"09:32:49","h":"Sud","s":"25N-H56N300F-80-F3"},{"r":"63","t":"09:32:49","h":"Sud","s":"25N-H56N400F-80-F4"},{"r":"63","t":"09:32:49","h":"Sud","s":"25N-H56NV10A-80-A"},{"r":"63","t":"09:32:49","h":"Sud","s":"25N-H56NV20A-80-A"},{"r":"63","t":"09:32:49","h":"Sud","s":"25S-H56S000A-80-A"},{"r":"63","t":"09:32:49","h":"Sud","s":"25S-H56S100F-80-F1"},{"r":"63","t":"09:32:49","h":"Sud","s":"25S-H56S200F-81-F2"},{"r":"90","t":"09:34:25","h":"Est","s":"25N-H56N000S-80-S"},{"r":"90","t":"09:34:25","h":"Est","s":"25N-H56NV10S-80-S"},{"r":"90","t":"09:34:25","h":"Est","s":"25N-H56NV20S-80-S"},{"r":"90","t":"09:34:25","h":"Est","s":"25S-H56S000S-80-S"},{"r":"90","t":"09:44:49","h":"Est","s":"25N-H56N000I-80-I"},{"r":"90","t":"09:44:49","h":"Est","s":"25N-H56N100F-80-F1"},{"r":"90","t":"09:44:49","h":"Est","s":"25N-H56N200F-80-F2"},{"r":"90","t":"09:44:49","h":"Est","s":"25N-H56N300F-80-F3"},{"r":"90","t":"09:44:49","h":"Est","s":"25N-H56N400F-80-F4"},{"r":"90","t":"09:44:49","h":"Est","s":"25N-H56NV10I-80-I"},{"r":"90","t":"09:44:49","h":"Est","s":"25N-H56NV20I-80-I"},{"r":"90","t":"09:44:49","h":"Est","s":"25S-H56S000I-80-I"},{"r":"90","t":"09:44:49","h":"Est","s":"25S-H56S100F-80-F1"},{"r":"90","t":"09:44:49","h":"Est","s":"25S-H56S200F-81-F2"},{"r":"90","t":"09:45:25","h":"Est","s":"25N-H56N000S-80-S"},{"r":"90","t":"09:45:25","h":"Est","s":"25N-H56NV10S-80-S"},{"r":"90","t":"09:45:25","h":"Est","s":"25N-H56NV20S-80-S"},{"r":"90","t":"09:45:25","h":"Est","s":"25S-H56S000S-80-S"},{"r":"63","t":"09:48:38","h":"Sud","s":"25N-H56N000S-80-S"},{"r":"63","t":"09:48:38","h":"Sud","s":"25N-H56NV10S-80-S"},{"r":"63","t":"09:48:38","h":"Sud","s":"25N-H56NV20S-80-S"},{"r":"63","t":"09:48:38","h":"Sud","s":"25S-H56S000S-80-S"},{"r":"90","t":"09:50:12","h":"Est","s":"25N-H56N000A-80-A"},{"r":"90","t":"09:50:12","h":"Est","s":"25N-H56NV10A-80-A"},{"r":"90","t":"09:50:12","h":"Est","s":"25N-H56NV20A-80-A"},{"r":"90","t":"09:50:12","h":"Est","s":"25S-H56S000A-80-A"},{"r":"90","t":"09:55:25","h":"Est","s":"25N-H56N000S-80-S"},{"r":"90","t":"09:55:25","h":"Est","s":"25N-H56NV10S-80-S"},{"r":"90","t":"09:55:25","h":"Est","s":"25N-H56NV20S-80-S"},{"r":"90","t":"09:55:25","h":"Est","s":"25S-H56S000S-80-S"},{"r":"90","t":"10:02:49","h":"Est","s":"25N-H56N000I-80-I"},{"r":"90","t":"10:02:49","h":"Est","s":"25N-H56N100F-80-F1"},{"r":"90","t":"10:02:49","h":"Est","s":"25N-H56N200F-80-F2"},{"r":"90","t":"10:02:49","h":"Est","s":"25N-H56N300F-80-F3"},{"r":"90","t":"10:02:49","h":"Est","s":"25N-H56N400F-80-F4"},{"r":"90","t":"10:02:49","h":"Est","s":"25N-H56NV10I-80-I"},{"r":"90","t":"10:02:49","h":"Est","s":"25N-H56NV20I-80-I"},{"r":"90","t":"10:02:49","h":"Est","s":"25S-H56S000I-80-I"},{"r":"90","t":"10:02:49","h":"Est","s":"25S-H56S100F-80-F1"},{"r":"90","t":"10:02:49","h":"Est","s":"25S-H56S200F-81-F2"},{"r":"63","t":"10:03:49","h":"Sud","s":"25N-H56N000A-80-A"},{"r":"63","t":"10:03:49","h":"Sud","s":"25N-H56N100F-80-F1"},{"r":"63","t":"10:03:49","h":"Sud","s":"25N-H56N200F-80-F2"},{"r":"63","t":"10:03:49","h":"Sud","s":"25N-H56N300F-80-F3"},{"r":"63","t":"10:03:49","h":"Sud","s":"25N-H56N400F-80-F4"},{"r":"63","t":"10:03:49","h":"Sud","s":"25N-H56NV10A-80-A"},{"r":"63","t":"10:03:49","h":"Sud","s":"25N-H56NV20A-80-A"},{"r":"63","t":"10:03:49","h":"Sud","s":"25S-H56S000A-80-A"},{"r":"63","t":"10:03:49","h":"Sud","s":"25S-H56S100F-80-F1"},{"r":"63","t":"10:03:49","h":"Sud","s":"25S-H56S200F-81-F2"},{"r":"90","t":"10:06:25","h":"Est","s":"25N-H55N000S-80-S"},{"r":"90","t":"10:06:25","h":"Est","s":"25N-H55N000S-82-S"},{"r":"90","t":"10:06:25","h":"Est","s":"25N-H55NV10S-85-S"},{"r":"90","t":"10:06:25","h":"Est","s":"25N-H55NV20S-81-S"},{"r":"90","t":"10:06:25","h":"Est","s":"25S-H55S000S-82-S"},{"r":"90","t":"10:09:49","h":"Est","s":"25N-H56N000A-80-A"},{"r":"90","t":"10:09:49","h":"Est","s":"25N-H56NV10A-80-A"},{"r":"90","t":"10:09:49","h":"Est","s":"25N-H56NV20A-80-A"},{"r":"90","t":"10:09:49","h":"Est","s":"25S-H56S000A-80-A"},{"r":"90","t":"10:17:25","h":"Est","s":"25N-H56N000S-80-S"},{"r":"90","t":"10:17:25","h":"Est","s":"25N-H56NV10S-80-S"},{"r":"90","t":"10:17:25","h":"Est","s":"25N-H56NV20S-80-S"},{"r":"90","t":"10:17:25","h":"Est","s":"25S-H56S000S-80-S"},{"r":"63","t":"10:19:38","h":"Sud","s":"25N-H56N000S-80-S"},{"r":"63","t":"10:19:38","h":"Sud","s":"25N-H56NV10S-80-S"},{"r":"63","t":"10:19:38","h":"Sud","s":"25N-H56NV20S-80-S"},{"r":"63","t":"10:19:38","h":"Sud","s":"25S-H56S000S-80-S"},{"r":"90","t":"10:20:49","h":"Est","s":"25N-H56N000I-80-I"},{"r":"90","t":"10:20:49","h":"Est","s":"25N-H56N100F-80-F1"},{"r":"90","t":"10:20:49","h":"Est","s":"25N-H56N200F-80-F2"},{"r":"90","t":"10:20:49","h":"Est","s":"25N-H56N300F-80-F3"},{"r":"90","t":"10:20:49","h":"Est","s":"25N-H56N400F-80-F4"},{"r":"90","t":"10:20:49","h":"Est","s":"25N-H56NV10I-80-I"},{"r":"90","t":"10:20:49","h":"Est","s":"25N-H56NV20I-80-I"},{"r":"90","t":"10:20:49","h":"Est","s":"25S-H56S000I-80-I"},{"r":"90","t":"10:20:49","h":"Est","s":"25S-H56S100F-80-F1"},{"r":"90","t":"10:20:49","h":"Est","s":"25S-H56S200F-81-F2"},{"r":"90","t":"10:28:25","h":"Est","s":"25N-H56N000S-80-S"},{"r":"90","t":"10:28:25","h":"Est","s":"25N-H56NV10S-80-S"},{"r":"90","t":"10:28:25","h":"Est","s":"25N-H56NV20S-80-S"},{"r":"90","t":"10:28:25","h":"Est","s":"25S-H56S000S-80-S"},{"r":"90","t":"10:28:49","h":"Est","s":"25N-H56N000A-80-A"},{"r":"90","t":"10:28:49","h":"Est","s":"25N-H56NV10A-80-A"},{"r":"90","t":"10:28:49","h":"Est","s":"25N-H56NV20A-80-A"},{"r":"90","t":"10:28:49","h":"Est","s":"25S-H56S000A-80-A"},{"r":"63","t":"10:34:49","h":"Sud","s":"25N-H56N000A-80-A"},{"r":"63","t":"10:34:49","h":"Sud","s":"25N-H56N100F-80-F1"},{"r":"63","t":"10:34:49","h":"Sud","s":"25N-H56N200F-80-F2"},{"r":"63","t":"10:34:49","h":"Sud","s":"25N-H56N300F-80-F3"},{"r":"63","t":"10:34:49","h":"Sud","s":"25N-H56N400F-80-F4"},{"r":"63","t":"10:34:49","h":"Sud","s":"25N-H56NV10A-80-A"},{"r":"63","t":"10:34:49","h":"Sud","s":"25N-H56NV20A-80-A"},{"r":"63","t":"10:34:49","h":"Sud","s":"25S-H56S000A-80-A"},{"r":"63","t":"10:34:49","h":"Sud","s":"25S-H56S100F-80-F1"},{"r":"63","t":"10:34:49","h":"Sud","s":"25S-H56S200F-81-F2"},{"r":"90","t":"10:38:49","h":"Est","s":"25N-H56N000I-80-I"},{"r":"90","t":"10:38:49","h":"Est","s":"25N-H56N100F-80-F1"},{"r":"90","t":"10:38:49","h":"Est","s":"25N-H56N200F-80-F2"},{"r":"90","t":"10:38:49","h":"Est","s":"25N-H56N300F-80-F3"},{"r":"90","t":"10:38:49","h":"Est","s":"25N-H56N400F-80-F4"},{"r":"90","t":"10:38:49","h":"Est","s":"25N-H56NV10I-80-I"},{"r":"90","t":"10:38:49","h":"Est","s":"25N-H56NV20I-80-I"},{"r":"90","t":"10:38:49","h":"Est","s":"25S-H56S000I-80-I"},{"r":"90","t":"10:38:49","h":"Est","s":"25S-H56S100F-80-F1"},{"r":"90","t":"10:38:49","h":"Est","s":"25S-H56S200F-81-F2"},{"r":"90","t":"10:43:25","h":"Est","s":"25N-H56N000S-80-S"},{"r":"90","t":"10:43:25","h":"Est","s":"25N-H56NV10S-80-S"},{"r":"90","t":"10:43:25","h":"Est","s":"25N-H56NV20S-80-S"},{"r":"90","t":"10:43:25","h":"Est","s":"25S-H56S000S-80-S"},{"r":"90","t":"10:45:49","h":"Est","s":"25N-H56N000A-80-A"},{"r":"90","t":"10:45:49","h":"Est","s":"25N-H56NV10A-80-A"},{"r":"90","t":"10:45:49","h":"Est","s":"25N-H56NV20A-80-A"},{"r":"90","t":"10:45:49","h":"Est","s":"25S-H56S000A-80-A"},{"r":"63","t":"10:49:38","h":"Sud","s":"25N-H56N000S-80-S"},{"r":"63","t":"10:49:38","h":"Sud","s":"25N-H56NV10S-80-S"},{"r":"63","t":"10:49:38","h":"Sud","s":"25N-H56NV20S-80-S"},{"r":"63","t":"10:49:38","h":"Sud","s":"25S-H56S000S-80-S"},{"r":"90","t":"10:56:49","h":"Est","s":"25N-H56N000I-80-I"},{"r":"90","t":"10:56:49","h":"Est","s":"25N-H56N100F-80-F1"},{"r":"90","t":"10:56:49","h":"Est","s":"25N-H56N200F-80-F2"},{"r":"90","t":"10:56:49","h":"Est","s":"25N-H56N300F-80-F3"},{"r":"90","t":"10:56:49","h":"Est","s":"25N-H56N400F-80-F4"},{"r":"90","t":"10:56:49","h":"Est","s":"25N-H56NV10I-80-I"},{"r":"90","t":"10:56:49","h":"Est","s":"25N-H56NV20I-80-I"},{"r":"90","t":"10:56:49","h":"Est","s":"25S-H56S000I-80-I"},{"r":"90","t":"10:56:49","h":"Est","s":"25S-H56S100F-80-F1"},{"r":"90","t":"10:56:49","h":"Est","s":"25S-H56S200F-81-F2"},{"r":"90","t":"10:59:25","h":"Est","s":"25N-H56N000S-80-S"},{"r":"90","t":"10:59:25","h":"Est","s":"25N-H56NV10S-80-S"},{"r":"90","t":"10:59:25","h":"Est","s":"25N-H56NV20S-80-S"},{"r":"90","t":"10:59:25","h":"Est","s":"25S-H56S000S-80-S"},{"r":"90","t":"11:01:49","h":"Est","s":"25N-H56N000A-80-A"},{"r":"90","t":"11:01:49","h":"Est","s":"25N-H56NV10A-80-A"},{"r":"90","t":"11:01:49","h":"Est","s":"25N-H56NV20A-80-A"},{"r":"90","t":"11:01:49","h":"Est","s":"25S-H56S000A-80-A"},{"r":"63","t":"11:05:49","h":"Sud","s":"25N-H56N000A-80-A"},{"r":"63","t":"11:05:49","h":"Sud","s":"25N-H56N100F-80-F1"},{"r":"63","t":"11:05:49","h":"Sud","s":"25N-H56N200F-80-F2"},{"r":"63","t":"11:05:49","h":"Sud","s":"25N-H56N300F-80-F3"},{"r":"63","t":"11:05:49","h":"Sud","s":"25N-H56N400F-80-F4"},{"r":"63","t":"11:05:49","h":"Sud","s":"25N-H56NV10A-80-A"},{"r":"63","t":"11:05:49","h":"Sud","s":"25N-H56NV20A-80-A"},{"r":"63","t":"11:05:49","h":"Sud","s":"25S-H56S000A-80-A"},{"r":"63","t":"11:05:49","h":"Sud","s":"25S-H56S100F-80-F1"},{"r":"63","t":"11:05:49","h":"Sud","s":"25S-H56S200F-81-F2"},{"r":"90","t":"11:13:49","h":"Est","s":"25N-H56N000I-80-I"},{"r":"90","t":"11:13:49","h":"Est","s":"25N-H56N100F-80-F1"},{"r":"90","t":"11:13:49","h":"Est","s":"25N-H56N200F-80-F2"},{"r":"90","t":"11:13:49","h":"Est","s":"25N-H56N300F-80-F3"},{"r":"90","t":"11:13:49","h":"Est","s":"25N-H56N400F-80-F4"},{"r":"90","t":"11:13:49","h":"Est","s":"25N-H56NV10I-80-I"},{"r":"90","t":"11:13:49","h":"Est","s":"25N-H56NV20I-80-I"},{"r":"90","t":"11:13:49","h":"Est","s":"25S-H56S000I-80-I"},{"r":"90","t":"11:13:49","h":"Est","s":"25S-H56S100F-80-F1"},{"r":"90","t":"11:13:49","h":"Est","s":"25S-H56S200F-81-F2"},{"r":"90","t":"11:15:25","h":"Est","s":"25N-H56N000S-80-S"},{"r":"90","t":"11:15:25","h":"Est","s":"25N-H56NV10S-80-S"},{"r":"90","t":"11:15:25","h":"Est","s":"25N-H56NV20S-80-S"},{"r":"90","t":"11:15:25","h":"Est","s":"25S-H56S000S-80-S"},{"r":"90","t":"11:16:49","h":"Est","s":"25N-H56N000A-80-A"},{"r":"90","t":"11:16:49","h":"Est","s":"25N-H56NV10A-80-A"},{"r":"90","t":"11:16:49","h":"Est","s":"25N-H56NV20A-80-A"},{"r":"90","t":"11:16:49","h":"Est","s":"25S-H56S000A-80-A"},{"r":"63","t":"11:19:38","h":"Sud","s":"25N-H56N000S-80-S"},{"r":"63","t":"11:19:38","h":"Sud","s":"25N-H56NV10S-80-S"},{"r":"63","t":"11:19:38","h":"Sud","s":"25N-H56NV20S-80-S"},{"r":"63","t":"11:19:38","h":"Sud","s":"25S-H56S000S-80-S"},{"r":"90","t":"11:30:49","h":"Est","s":"25N-H56N000I-80-I"},{"r":"90","t":"11:30:49","h":"Est","s":"25N-H56N100F-80-F1"},{"r":"90","t":"11:30:49","h":"Est","s":"25N-H56N200F-80-F2"},{"r":"90","t":"11:30:49","h":"Est","s":"25N-H56N300F-80-F3"},{"r":"90","t":"11:30:49","h":"Est","s":"25N-H56N400F-80-F4"},{"r":"90","t":"11:30:49","h":"Est","s":"25N-H56NV10I-80-I"},{"r":"90","t":"11:30:49","h":"Est","s":"25N-H56NV20I-80-I"},{"r":"90","t":"11:30:49","h":"Est","s":"25S-H56S000I-80-I"},{"r":"90","t":"11:30:49","h":"Est","s":"25S-H56S100F-80-F1"},{"r":"90","t":"11:30:49","h":"Est","s":"25S-H56S200F-81-F2"},{"r":"90","t":"11:31:49","h":"Est","s":"25N-H56N000A-80-A"},{"r":"90","t":"11:31:49","h":"Est","s":"25N-H56NV10A-80-A"},{"r":"90","t":"11:31:49","h":"Est","s":"25N-H56NV20A-80-A"},{"r":"90","t":"11:31:49","h":"Est","s":"25S-H56S000A-80-A"},{"r":"90","t":"11:32:25","h":"Est","s":"25N-H56N000S-80-S"},{"r":"90","t":"11:32:25","h":"Est","s":"25N-H56NV10S-80-S"},{"r":"90","t":"11:32:25","h":"Est","s":"25N-H56NV20S-80-S"},{"r":"90","t":"11:32:25","h":"Est","s":"25S-H56S000S-80-S"},{"r":"63","t":"11:36:49","h":"Sud","s":"25N-H56N000A-80-A"},{"r":"63","t":"11:36:49","h":"Sud","s":"25N-H56N100F-80-F1"},{"r":"63","t":"11:36:49","h":"Sud","s":"25N-H56N200F-80-F2"},{"r":"63","t":"11:36:49","h":"Sud","s":"25N-H56N300F-80-F3"},{"r":"63","t":"11:36:49","h":"Sud","s":"25N-H56N400F-80-F4"},{"r":"63","t":"11:36:49","h":"Sud","s":"25N-H56NV10A-80-A"},{"r":"63","t":"11:36:49","h":"Sud","s":"25N-H56NV20A-80-A"},{"r":"63","t":"11:36:49","h":"Sud","s":"25S-H56S000A-80-A"},{"r":"63","t":"11:36:49","h":"Sud","s":"25S-H56S100F-80-F1"},{"r":"63","t":"11:36:49","h":"Sud","s":"25S-H56S200F-81-F2"},{"r":"90","t":"11:46:49","h":"Est","s":"25N-H56N000A-80-A"},{"r":"90","t":"11:46:49","h":"Est","s":"25N-H56NV10A-80-A"},{"r":"90","t":"11:46:49","h":"Est","s":"25N-H56NV20A-80-A"},{"r":"90","t":"11:46:49","h":"Est","s":"25S-H56S000A-80-A"},{"r":"90","t":"11:48:49","h":"Est","s":"25N-H56N000I-80-I"},{"r":"90","t":"11:48:49","h":"Est","s":"25N-H56N100F-80-F1"},{"r":"90","t":"11:48:49","h":"Est","s":"25N-H56N200F-80-F2"},{"r":"90","t":"11:48:49","h":"Est","s":"25N-H56N300F-80-F3"},{"r":"90","t":"11:48:49","h":"Est","s":"25N-H56N400F-80-F4"},{"r":"90","t":"11:48:49","h":"Est","s":"25N-H56NV10I-80-I"},{"r":"90","t":"11:48:49","h":"Est","s":"25N-H56NV20I-80-I"},{"r":"90","t":"11:48:49","h":"Est","s":"25S-H56S000I-80-I"},{"r":"90","t":"11:48:49","h":"Est","s":"25S-H56S100F-80-F1"},{"r":"90","t":"11:48:49","h":"Est","s":"25S-H56S200F-81-F2"},{"r":"90","t":"11:49:25","h":"Est","s":"25N-H56N000S-80-S"},{"r":"90","t":"11:49:25","h":"Est","s":"25N-H56NV10S-80-S"},{"r":"90","t":"11:49:25","h":"Est","s":"25N-H56NV20S-80-S"},{"r":"90","t":"11:49:25","h":"Est","s":"25S-H56S000S-80-S"},{"r":"63","t":"11:51:38","h":"Sud","s":"25N-H56N000S-80-S"},{"r":"63","t":"11:51:38","h":"Sud","s":"25N-H56NV10S-80-S"},{"r":"63","t":"11:51:38","h":"Sud","s":"25N-H56NV20S-80-S"},{"r":"63","t":"11:51:38","h":"Sud","s":"25S-H56S000S-80-S"},{"r":"90","t":"12:02:49","h":"Est","s":"25N-H56N000A-80-A"},{"r":"90","t":"12:02:49","h":"Est","s":"25N-H56NV10A-80-A"},{"r":"90","t":"12:02:49","h":"Est","s":"25N-H56NV20A-80-A"},{"r":"90","t":"12:02:49","h":"Est","s":"25S-H56S000A-80-A"},{"r":"90","t":"12:04:25","h":"Est","s":"25N-H56N000S-80-S"},{"r":"90","t":"12:04:25","h":"Est","s":"25N-H56NV10S-80-S"},{"r":"90","t":"12:04:25","h":"Est","s":"25N-H56NV20S-80-S"},{"r":"90","t":"12:04:25","h":"Est","s":"25S-H56S000S-80-S"},{"r":"90","t":"12:07:49","h":"Est","s":"25N-H56N000I-80-I"},{"r":"90","t":"12:07:49","h":"Est","s":"25N-H56N100F-80-F1"},{"r":"90","t":"12:07:49","h":"Est","s":"25N-H56N200F-80-F2"},{"r":"90","t":"12:07:49","h":"Est","s":"25N-H56N300F-80-F3"},{"r":"90","t":"12:07:49","h":"Est","s":"25N-H56N400F-80-F4"},{"r":"90","t":"12:07:49","h":"Est","s":"25N-H56NV10I-80-I"},{"r":"90","t":"12:07:49","h":"Est","s":"25N-H56NV20I-80-I"},{"r":"90","t":"12:07:49","h":"Est","s":"25S-H56S000I-80-I"},{"r":"90","t":"12:07:49","h":"Est","s":"25S-H56S100F-80-F1"},{"r":"90","t":"12:07:49","h":"Est","s":"25S-H56S200F-81-F2"},{"r":"63","t":"12:08:49","h":"Sud","s":"25N-H56N000A-80-A"},{"r":"63","t":"12:08:49","h":"Sud","s":"25N-H56N100F-80-F1"},{"r":"63","t":"12:08:49","h":"Sud","s":"25N-H56N200F-80-F2"},{"r":"63","t":"12:08:49","h":"Sud","s":"25N-H56N300F-80-F3"},{"r":"63","t":"12:08:49","h":"Sud","s":"25N-H56N400F-80-F4"},{"r":"63","t":"12:08:49","h":"Sud","s":"25N-H56NV10A-80-A"},{"r":"63","t":"12:08:49","h":"Sud","s":"25N-H56NV20A-80-A"},{"r":"63","t":"12:08:49","h":"Sud","s":"25S-H56S000A-80-A"},{"r":"63","t":"12:08:49","h":"Sud","s":"25S-H56S100F-80-F1"},{"r":"63","t":"12:08:49","h":"Sud","s":"25S-H56S200F-81-F2"},{"r":"90","t":"12:18:25","h":"Est","s":"25N-H56N000S-80-S"},{"r":"90","t":"12:18:25","h":"Est","s":"25N-H56NV10S-80-S"},{"r":"90","t":"12:18:25","h":"Est","s":"25N-H56NV20S-80-S"},{"r":"90","t":"12:18:25","h":"Est","s":"25S-H56S000S-80-S"},{"r":"90","t":"12:18:49","h":"Est","s":"25N-H56N000A-80-A"},{"r":"90","t":"12:18:49","h":"Est","s":"25N-H56NV10A-80-A"},{"r":"90","t":"12:18:49","h":"Est","s":"25N-H56NV20A-80-A"},{"r":"90","t":"12:18:49","h":"Est","s":"25S-H56S000A-80-A"},{"r":"63","t":"12:23:38","h":"Sud","s":"25N-H56N000S-80-S"},{"r":"63","t":"12:23:38","h":"Sud","s":"25N-H56NV10S-80-S"},{"r":"63","t":"12:23:38","h":"Sud","s":"25N-H56NV20S-80-S"},{"r":"63","t":"12:23:38","h":"Sud","s":"25S-H56S000S-80-S"},{"r":"90","t":"12:27:49","h":"Est","s":"25N-H56N000I-80-I"},{"r":"90","t":"12:27:49","h":"Est","s":"25N-H56N100F-80-F1"},{"r":"90","t":"12:27:49","h":"Est","s":"25N-H56N200F-80-F2"},{"r":"90","t":"12:27:49","h":"Est","s":"25N-H56N300F-80-F3"},{"r":"90","t":"12:27:49","h":"Est","s":"25N-H56N400F-80-F4"},{"r":"90","t":"12:27:49","h":"Est","s":"25N-H56NV10I-80-I"},{"r":"90","t":"12:27:49","h":"Est","s":"25N-H56NV20I-80-I"},{"r":"90","t":"12:27:49","h":"Est","s":"25S-H56S000I-80-I"},{"r":"90","t":"12:27:49","h":"Est","s":"25S-H56S100F-80-F1"},{"r":"90","t":"12:27:49","h":"Est","s":"25S-H56S200F-81-F2"},{"r":"90","t":"12:32:25","h":"Est","s":"25N-H56N000S-80-S"},{"r":"90","t":"12:32:25","h":"Est","s":"25N-H56NV10S-80-S"},{"r":"90","t":"12:32:25","h":"Est","s":"25N-H56NV20S-80-S"},{"r":"90","t":"12:32:25","h":"Est","s":"25S-H56S000S-80-S"},{"r":"90","t":"12:33:49","h":"Est","s":"25N-H56N000A-80-A"},{"r":"90","t":"12:33:49","h":"Est","s":"25N-H56NV10A-80-A"},{"r":"90","t":"12:33:49","h":"Est","s":"25N-H56NV20A-80-A"},{"r":"90","t":"12:33:49","h":"Est","s":"25S-H56S000A-80-A"},{"r":"63","t":"12:38:49","h":"Sud","s":"25N-H56N000A-80-A"},{"r":"63","t":"12:38:49","h":"Sud","s":"25N-H56N100F-80-F1"},{"r":"63","t":"12:38:49","h":"Sud","s":"25N-H56N200F-80-F2"},{"r":"63","t":"12:38:49","h":"Sud","s":"25N-H56N300F-80-F3"},{"r":"63","t":"12:38:49","h":"Sud","s":"25N-H56N400F-80-F4"},{"r":"63","t":"12:38:49","h":"Sud","s":"25N-H56NV10A-80-A"},{"r":"63","t":"12:38:49","h":"Sud","s":"25N-H56NV20A-80-A"},{"r":"63","t":"12:38:49","h":"Sud","s":"25S-H56S000A-80-A"},{"r":"63","t":"12:38:49","h":"Sud","s":"25S-H56S100F-80-F1"},{"r":"63","t":"12:38:49","h":"Sud","s":"25S-H56S200F-81-F2"},{"r":"90","t":"12:45:49","h":"Est","s":"25N-H56N000I-80-I"},{"r":"90","t":"12:45:49","h":"Est","s":"25N-H56N100F-80-F1"},{"r":"90","t":"12:45:49","h":"Est","s":"25N-H56N200F-80-F2"},{"r":"90","t":"12:45:49","h":"Est","s":"25N-H56N300F-80-F3"},{"r":"90","t":"12:45:49","h":"Est","s":"25N-H56N400F-80-F4"},{"r":"90","t":"12:45:49","h":"Est","s":"25N-H56NV10I-80-I"},{"r":"90","t":"12:45:49","h":"Est","s":"25N-H56NV20I-80-I"},{"r":"90","t":"12:45:49","h":"Est","s":"25S-H56S000I-80-I"},{"r":"90","t":"12:45:49","h":"Est","s":"25S-H56S100F-80-F1"},{"r":"90","t":"12:45:49","h":"Est","s":"25S-H56S200F-81-F2"},{"r":"90","t":"12:47:25","h":"Est","s":"25N-H56N000S-80-S"},{"r":"90","t":"12:47:25","h":"Est","s":"25N-H56NV10S-80-S"},{"r":"90","t":"12:47:25","h":"Est","s":"25N-H56NV20S-80-S"},{"r":"90","t":"12:47:25","h":"Est","s":"25S-H56S000S-80-S"},{"r":"90","t":"12:47:49","h":"Est","s":"25N-H56N000A-80-A"},{"r":"90","t":"12:47:49","h":"Est","s":"25N-H56NV10A-80-A"},{"r":"90","t":"12:47:49","h":"Est","s":"25N-H56NV20A-80-A"},{"r":"90","t":"12:47:49","h":"Est","s":"25S-H56S000A-80-A"},{"r":"63","t":"12:55:38","h":"Sud","s":"25N-H56N000S-80-S"},{"r":"63","t":"12:55:38","h":"Sud","s":"25N-H56NV10S-80-S"},{"r":"63","t":"12:55:38","h":"Sud","s":"25N-H56NV20S-80-S"},{"r":"63","t":"12:55:38","h":"Sud","s":"25S-H56S000S-80-S"},{"r":"90","t":"13:01:49","h":"Est","s":"25N-H56N000A-80-A"},{"r":"90","t":"13:01:49","h":"Est","s":"25N-H56NV10A-80-A"},{"r":"90","t":"13:01:49","h":"Est","s":"25N-H56NV20A-80-A"},{"r":"90","t":"13:01:49","h":"Est","s":"25S-H56S000A-80-A"},{"r":"90","t":"13:02:49","h":"Est","s":"25N-H56N000I-80-I"},{"r":"90","t":"13:02:49","h":"Est","s":"25N-H56N100F-80-F1"},{"r":"90","t":"13:02:49","h":"Est","s":"25N-H56N200F-80-F2"},{"r":"90","t":"13:02:49","h":"Est","s":"25N-H56N300F-80-F3"},{"r":"90","t":"13:02:49","h":"Est","s":"25N-H56N400F-80-F4"},{"r":"90","t":"13:02:49","h":"Est","s":"25N-H56NV10I-80-I"},{"r":"90","t":"13:02:49","h":"Est","s":"25N-H56NV20I-80-I"},{"r":"90","t":"13:02:49","h":"Est","s":"25S-H56S000I-80-I"},{"r":"90","t":"13:02:49","h":"Est","s":"25S-H56S100F-80-F1"},{"r":"90","t":"13:02:49","h":"Est","s":"25S-H56S200F-81-F2"},{"r":"90","t":"13:03:25","h":"Est","s":"25N-H56N000S-80-S"},{"r":"90","t":"13:03:25","h":"Est","s":"25N-H56NV10S-80-S"},{"r":"90","t":"13:03:25","h":"Est","s":"25N-H56NV20S-80-S"},{"r":"90","t":"13:03:25","h":"Est","s":"25S-H56S000S-80-S"},{"r":"63","t":"13:09:49","h":"Sud","s":"25N-H56N000A-80-A"},{"r":"63","t":"13:09:49","h":"Sud","s":"25N-H56N100F-80-F1"},{"r":"63","t":"13:09:49","h":"Sud","s":"25N-H56N200F-80-F2"},{"r":"63","t":"13:09:49","h":"Sud","s":"25N-H56N300F-80-F3"},{"r":"63","t":"13:09:49","h":"Sud","s":"25N-H56N400F-80-F4"},{"r":"63","t":"13:09:49","h":"Sud","s":"25N-H56NV10A-80-A"},{"r":"63","t":"13:09:49","h":"Sud","s":"25N-H56NV20A-80-A"},{"r":"63","t":"13:09:49","h":"Sud","s":"25S-H56S000A-80-A"},{"r":"63","t":"13:09:49","h":"Sud","s":"25S-H56S100F-80-F1"},{"r":"63","t":"13:09:49","h":"Sud","s":"25S-H56S200F-81-F2"},{"r":"90","t":"13:16:49","h":"Est","s":"25N-H56N000A-80-A"},{"r":"90","t":"13:16:49","h":"Est","s":"25N-H56NV10A-80-A"},{"r":"90","t":"13:16:49","h":"Est","s":"25N-H56NV20A-80-A"},{"r":"90","t":"13:16:49","h":"Est","s":"25S-H56S000A-80-A"},{"r":"90","t":"13:18:49","h":"Est","s":"25N-H56N000I-80-I"},{"r":"90","t":"13:18:49","h":"Est","s":"25N-H56N100F-80-F1"},{"r":"90","t":"13:18:49","h":"Est","s":"25N-H56N200F-80-F2"},{"r":"90","t":"13:18:49","h":"Est","s":"25N-H56N300F-80-F3"},{"r":"90","t":"13:18:49","h":"Est","s":"25N-H56N400F-80-F4"},{"r":"90","t":"13:18:49","h":"Est","s":"25N-H56NV10I-80-I"},{"r":"90","t":"13:18:49","h":"Est","s":"25N-H56NV20I-80-I"},{"r":"90","t":"13:18:49","h":"Est","s":"25S-H56S000I-80-I"},{"r":"90","t":"13:18:49","h":"Est","s":"25S-H56S100F-80-F1"},{"r":"90","t":"13:18:49","h":"Est","s":"25S-H56S200F-81-F2"},{"r":"90","t":"13:19:25","h":"Est","s":"25N-H56N000S-80-S"},{"r":"90","t":"13:19:25","h":"Est","s":"25N-H56NV10S-80-S"},{"r":"90","t":"13:19:25","h":"Est","s":"25N-H56NV20S-80-S"},{"r":"90","t":"13:19:25","h":"Est","s":"25S-H56S000S-80-S"},{"r":"63","t":"13:27:38","h":"Sud","s":"25N-H56N000S-80-S"},{"r":"63","t":"13:27:38","h":"Sud","s":"25N-H56NV10S-80-S"},{"r":"63","t":"13:27:38","h":"Sud","s":"25N-H56NV20S-80-S"},{"r":"63","t":"13:27:38","h":"Sud","s":"25S-H56S000S-80-S"},{"r":"90","t":"13:28:49","h":"Est","s":"25N-H56N000A-80-A"},{"r":"90","t":"13:28:49","h":"Est","s":"25N-H56NV10A-80-A"},{"r":"90","t":"13:28:49","h":"Est","s":"25N-H56NV20A-80-A"},{"r":"90","t":"13:28:49","h":"Est","s":"25S-H56S000A-80-A"},{"r":"90","t":"13:33:49","h":"Est","s":"25N-H56N000I-80-I"},{"r":"90","t":"13:33:49","h":"Est","s":"25N-H56N100F-80-F1"},{"r":"90","t":"13:33:49","h":"Est","s":"25N-H56N200F-80-F2"},{"r":"90","t":"13:33:49","h":"Est","s":"25N-H56N300F-80-F3"},{"r":"90","t":"13:33:49","h":"Est","s":"25N-H56N400F-80-F4"},{"r":"90","t":"13:33:49","h":"Est","s":"25N-H56NV10I-80-I"},{"r":"90","t":"13:33:49","h":"Est","s":"25N-H56NV20I-80-I"},{"r":"90","t":"13:33:49","h":"Est","s":"25S-H56S000I-80-I"},{"r":"90","t":"13:33:49","h":"Est","s":"25S-H56S100F-80-F1"},{"r":"90","t":"13:33:49","h":"Est","s":"25S-H56S200F-81-F2"},{"r":"90","t":"13:36:25","h":"Est","s":"25N-H56N000S-80-S"},{"r":"90","t":"13:36:25","h":"Est","s":"25N-H56NV10S-80-S"},{"r":"90","t":"13:36:25","h":"Est","s":"25N-H56NV20S-80-S"},{"r":"90","t":"13:36:25","h":"Est","s":"25S-H56S000S-80-S"},{"r":"63","t":"13:39:49","h":"Sud","s":"25N-H56N000A-80-A"},{"r":"63","t":"13:39:49","h":"Sud","s":"25N-H56N100F-80-F1"},{"r":"63","t":"13:39:49","h":"Sud","s":"25N-H56N200F-80-F2"},{"r":"63","t":"13:39:49","h":"Sud","s":"25N-H56N300F-80-F3"},{"r":"63","t":"13:39:49","h":"Sud","s":"25N-H56N400F-80-F4"},{"r":"63","t":"13:39:49","h":"Sud","s":"25N-H56NV10A-80-A"},{"r":"63","t":"13:39:49","h":"Sud","s":"25N-H56NV20A-80-A"},{"r":"63","t":"13:39:49","h":"Sud","s":"25S-H56S000A-80-A"},{"r":"63","t":"13:39:49","h":"Sud","s":"25S-H56S100F-80-F1"},{"r":"63","t":"13:39:49","h":"Sud","s":"25S-H56S200F-81-F2"},{"r":"90","t":"13:41:49","h":"Est","s":"25N-H56N000A-80-A"},{"r":"90","t":"13:41:49","h":"Est","s":"25N-H56NV10A-80-A"},{"r":"90","t":"13:41:49","h":"Est","s":"25N-H56NV20A-80-A"},{"r":"90","t":"13:41:49","h":"Est","s":"25S-H56S000A-80-A"},{"r":"90","t":"13:50:49","h":"Est","s":"25N-H56N000I-80-I"},{"r":"90","t":"13:50:49","h":"Est","s":"25N-H56N100F-80-F1"},{"r":"90","t":"13:50:49","h":"Est","s":"25N-H56N200F-80-F2"},{"r":"90","t":"13:50:49","h":"Est","s":"25N-H56N300F-80-F3"},{"r":"90","t":"13:50:49","h":"Est","s":"25N-H56N400F-80-F4"},{"r":"90","t":"13:50:49","h":"Est","s":"25N-H56NV10I-80-I"},{"r":"90","t":"13:50:49","h":"Est","s":"25N-H56NV20I-80-I"},{"r":"90","t":"13:50:49","h":"Est","s":"25S-H56S000I-80-I"},{"r":"90","t":"13:50:49","h":"Est","s":"25S-H56S100F-80-F1"},{"r":"90","t":"13:50:49","h":"Est","s":"25S-H56S200F-81-F2"},{"r":"90","t":"13:53:25","h":"Est","s":"25N-H56N000S-80-S"},{"r":"90","t":"13:53:25","h":"Est","s":"25N-H56NV10S-80-S"},{"r":"90","t":"13:53:25","h":"Est","s":"25N-H56NV20S-80-S"},{"r":"90","t":"13:53:25","h":"Est","s":"25S-H56S000S-80-S"},{"r":"90","t":"13:54:49","h":"Est","s":"25N-H56N000A-80-A"},{"r":"90","t":"13:54:49","h":"Est","s":"25N-H56NV10A-80-A"},{"r":"90","t":"13:54:49","h":"Est","s":"25N-H56NV20A-80-A"},{"r":"90","t":"13:54:49","h":"Est","s":"25S-H56S000A-80-A"},{"r":"63","t":"13:59:38","h":"Sud","s":"25N-H56N000S-80-S"},{"r":"63","t":"13:59:38","h":"Sud","s":"25N-H56NV10S-80-S"},{"r":"63","t":"13:59:38","h":"Sud","s":"25N-H56NV20S-80-S"},{"r":"63","t":"13:59:38","h":"Sud","s":"25S-H56S000S-80-S"},{"r":"90","t":"14:07:49","h":"Est","s":"25N-H56N000I-80-I"},{"r":"90","t":"14:07:49","h":"Est","s":"25N-H56N100F-80-F1"},{"r":"90","t":"14:07:49","h":"Est","s":"25N-H56N200F-80-F2"},{"r":"90","t":"14:07:49","h":"Est","s":"25N-H56N300F-80-F3"},{"r":"90","t":"14:07:49","h":"Est","s":"25N-H56N400F-80-F4"},{"r":"90","t":"14:07:49","h":"Est","s":"25N-H56NV10I-80-I"},{"r":"90","t":"14:07:49","h":"Est","s":"25N-H56NV20I-80-I"},{"r":"90","t":"14:07:49","h":"Est","s":"25S-H56S000I-80-I"},{"r":"90","t":"14:07:49","h":"Est","s":"25S-H56S100F-80-F1"},{"r":"90","t":"14:07:49","h":"Est","s":"25S-H56S200F-81-F2"},{"r":"90","t":"14:09:49","h":"Est","s":"25N-H56N000A-80-A"},{"r":"90","t":"14:09:49","h":"Est","s":"25N-H56NV10A-80-A"},{"r":"90","t":"14:09:49","h":"Est","s":"25N-H56NV20A-80-A"},{"r":"90","t":"14:09:49","h":"Est","s":"25S-H56S000A-80-A"},{"r":"63","t":"14:11:38","h":"Sud","s":"25N-H56N000A-80-A"},{"r":"63","t":"14:11:38","h":"Sud","s":"25N-H56N100F-80-F1"},{"r":"63","t":"14:11:38","h":"Sud","s":"25N-H56N200F-80-F2"},{"r":"63","t":"14:11:38","h":"Sud","s":"25N-H56N300F-80-F3"},{"r":"63","t":"14:11:38","h":"Sud","s":"25N-H56N400F-80-F4"},{"r":"63","t":"14:11:38","h":"Sud","s":"25N-H56NV10A-80-A"},{"r":"63","t":"14:11:38","h":"Sud","s":"25N-H56NV20A-80-A"},{"r":"63","t":"14:11:38","h":"Sud","s":"25S-H56S000A-80-A"},{"r":"63","t":"14:11:38","h":"Sud","s":"25S-H56S100F-80-F1"},{"r":"63","t":"14:11:38","h":"Sud","s":"25S-H56S200F-81-F2"},{"r":"90","t":"14:12:25","h":"Est","s":"25N-H56N000S-80-S"},{"r":"90","t":"14:12:25","h":"Est","s":"25N-H56NV10S-80-S"},{"r":"90","t":"14:12:25","h":"Est","s":"25N-H56NV20S-80-S"},{"r":"90","t":"14:12:25","h":"Est","s":"25S-H56S000S-80-S"},{"r":"90","t":"14:23:49","h":"Est","s":"25N-H56N000I-80-I"},{"r":"90","t":"14:23:49","h":"Est","s":"25N-H56N100F-80-F1"},{"r":"90","t":"14:23:49","h":"Est","s":"25N-H56N200F-80-F2"},{"r":"90","t":"14:23:49","h":"Est","s":"25N-H56N300F-80-F3"},{"r":"90","t":"14:23:49","h":"Est","s":"25N-H56N400F-80-F4"},{"r":"90","t":"14:23:49","h":"Est","s":"25N-H56NV10I-80-I"},{"r":"90","t":"14:23:49","h":"Est","s":"25N-H56NV20I-80-I"},{"r":"90","t":"14:23:49","h":"Est","s":"25S-H56S000I-80-I"},{"r":"90","t":"14:23:49","h":"Est","s":"25S-H56S100F-80-F1"},{"r":"90","t":"14:23:49","h":"Est","s":"25S-H56S200F-81-F2"},{"r":"90","t":"14:24:49","h":"Est","s":"25N-H56N000A-80-A"},{"r":"90","t":"14:24:49","h":"Est","s":"25N-H56NV10A-80-A"},{"r":"90","t":"14:24:49","h":"Est","s":"25N-H56NV20A-80-A"},{"r":"90","t":"14:24:49","h":"Est","s":"25S-H56S000A-80-A"},{"r":"90","t":"14:30:25","h":"Est","s":"25N-H56N000S-80-S"},{"r":"90","t":"14:30:25","h":"Est","s":"25N-H56NV10S-80-S"},{"r":"90","t":"14:30:25","h":"Est","s":"25N-H56NV20S-80-S"},{"r":"90","t":"14:30:25","h":"Est","s":"25S-H56S000S-80-S"},{"r":"63","t":"14:32:38","h":"Sud","s":"25N-H56N000S-80-S"},{"r":"63","t":"14:32:38","h":"Sud","s":"25N-H56NV10S-80-S"},{"r":"63","t":"14:32:38","h":"Sud","s":"25N-H56NV20S-80-S"},{"r":"63","t":"14:32:38","h":"Sud","s":"25S-H56S000S-80-S"},{"r":"90","t":"14:38:49","h":"Est","s":"25N-H56N000A-80-A"},{"r":"90","t":"14:38:49","h":"Est","s":"25N-H56NV10A-80-A"},{"r":"90","t":"14:38:49","h":"Est","s":"25N-H56NV20A-80-A"},{"r":"90","t":"14:38:49","h":"Est","s":"25S-H56S000A-80-A"},{"r":"90","t":"14:40:49","h":"Est","s":"25N-H56N000I-80-I"},{"r":"90","t":"14:40:49","h":"Est","s":"25N-H56N100F-80-F1"},{"r":"90","t":"14:40:49","h":"Est","s":"25N-H56N200F-80-F2"},{"r":"90","t":"14:40:49","h":"Est","s":"25N-H56N300F-80-F3"},{"r":"90","t":"14:40:49","h":"Est","s":"25N-H56N400F-80-F4"},{"r":"90","t":"14:40:49","h":"Est","s":"25N-H56NV10I-80-I"},{"r":"90","t":"14:40:49","h":"Est","s":"25N-H56NV20I-80-I"},{"r":"90","t":"14:40:49","h":"Est","s":"25S-H56S000I-80-I"},{"r":"90","t":"14:40:49","h":"Est","s":"25S-H56S100F-80-F1"},{"r":"90","t":"14:40:49","h":"Est","s":"25S-H56S200F-81-F2"},{"r":"63","t":"14:42:38","h":"Sud","s":"25N-H56N000A-80-A"},{"r":"63","t":"14:42:38","h":"Sud","s":"25N-H56N100F-80-F1"},{"r":"63","t":"14:42:38","h":"Sud","s":"25N-H56N200F-80-F2"},{"r":"63","t":"14:42:38","h":"Sud","s":"25N-H56N300F-80-F3"},{"r":"63","t":"14:42:38","h":"Sud","s":"25N-H56N400F-80-F4"},{"r":"63","t":"14:42:38","h":"Sud","s":"25N-H56NV10A-80-A"},{"r":"63","t":"14:42:38","h":"Sud","s":"25N-H56NV20A-80-A"},{"r":"63","t":"14:42:38","h":"Sud","s":"25S-H56S000A-80-A"},{"r":"63","t":"14:42:38","h":"Sud","s":"25S-H56S100F-80-F1"},{"r":"63","t":"14:42:38","h":"Sud","s":"25S-H56S200F-81-F2"},{"r":"90","t":"14:46:25","h":"Est","s":"25N-H56N000S-80-S"},{"r":"90","t":"14:46:25","h":"Est","s":"25N-H56NV10S-80-S"},{"r":"90","t":"14:46:25","h":"Est","s":"25N-H56NV20S-80-S"},{"r":"90","t":"14:46:25","h":"Est","s":"25S-H56S000S-80-S"},{"r":"90","t":"14:52:49","h":"Est","s":"25N-H56N000A-80-A"},{"r":"90","t":"14:52:49","h":"Est","s":"25N-H56NV10A-80-A"},{"r":"90","t":"14:52:49","h":"Est","s":"25N-H56NV20A-80-A"},{"r":"90","t":"14:52:49","h":"Est","s":"25S-H56S000A-80-A"},{"r":"90","t":"14:58:49","h":"Est","s":"25N-H56N000I-80-I"},{"r":"90","t":"14:58:49","h":"Est","s":"25N-H56N100F-80-F1"},{"r":"90","t":"14:58:49","h":"Est","s":"25N-H56N200F-80-F2"},{"r":"90","t":"14:58:49","h":"Est","s":"25N-H56N300F-80-F3"},{"r":"90","t":"14:58:49","h":"Est","s":"25N-H56N400F-80-F4"},{"r":"90","t":"14:58:49","h":"Est","s":"25N-H56NV10I-80-I"},{"r":"90","t":"14:58:49","h":"Est","s":"25N-H56NV20I-80-I"},{"r":"90","t":"14:58:49","h":"Est","s":"25S-H56S000I-80-I"},{"r":"90","t":"14:58:49","h":"Est","s":"25S-H56S100F-80-F1"},{"r":"90","t":"14:58:49","h":"Est","s":"25S-H56S200F-81-F2"},{"r":"90","t":"15:01:25","h":"Est","s":"25N-H56N000S-80-S"},{"r":"90","t":"15:01:25","h":"Est","s":"25N-H56NV10S-80-S"},{"r":"90","t":"15:01:25","h":"Est","s":"25N-H56NV20S-80-S"},{"r":"90","t":"15:01:25","h":"Est","s":"25S-H56S000S-80-S"},{"r":"63","t":"15:04:38","h":"Sud","s":"25N-H56N000S-80-S"},{"r":"63","t":"15:04:38","h":"Sud","s":"25N-H56NV10S-80-S"},{"r":"63","t":"15:04:38","h":"Sud","s":"25N-H56NV20S-80-S"},{"r":"63","t":"15:04:38","h":"Sud","s":"25S-H56S000S-80-S"},{"r":"90","t":"15:07:49","h":"Est","s":"25N-H56N000A-80-A"},{"r":"90","t":"15:07:49","h":"Est","s":"25N-H56NV10A-80-A"},{"r":"90","t":"15:07:49","h":"Est","s":"25N-H56NV20A-80-A"},{"r":"90","t":"15:07:49","h":"Est","s":"25S-H56S000A-80-A"},{"r":"63","t":"15:13:38","h":"Sud","s":"25N-H56N000A-80-A"},{"r":"63","t":"15:13:38","h":"Sud","s":"25N-H56N100F-80-F1"},{"r":"63","t":"15:13:38","h":"Sud","s":"25N-H56N200F-80-F2"},{"r":"63","t":"15:13:38","h":"Sud","s":"25N-H56N300F-80-F3"},{"r":"63","t":"15:13:38","h":"Sud","s":"25N-H56N400F-80-F4"},{"r":"63","t":"15:13:38","h":"Sud","s":"25N-H56NV10A-80-A"},{"r":"63","t":"15:13:38","h":"Sud","s":"25N-H56NV20A-80-A"},{"r":"63","t":"15:13:38","h":"Sud","s":"25S-H56S000A-80-A"},{"r":"63","t":"15:13:38","h":"Sud","s":"25S-H56S100F-80-F1"},{"r":"63","t":"15:13:38","h":"Sud","s":"25S-H56S200F-81-F2"},{"r":"90","t":"15:16:49","h":"Est","s":"25N-H56N000I-80-I"},{"r":"90","t":"15:16:49","h":"Est","s":"25N-H56N100F-80-F1"},{"r":"90","t":"15:16:49","h":"Est","s":"25N-H56N200F-80-F2"},{"r":"90","t":"15:16:49","h":"Est","s":"25N-H56N300F-80-F3"},{"r":"90","t":"15:16:49","h":"Est","s":"25N-H56N400F-80-F4"},{"r":"90","t":"15:16:49","h":"Est","s":"25N-H56NV10I-80-I"},{"r":"90","t":"15:16:49","h":"Est","s":"25N-H56NV20I-80-I"},{"r":"90","t":"15:16:49","h":"Est","s":"25S-H56S000I-80-I"},{"r":"90","t":"15:16:49","h":"Est","s":"25S-H56S100F-80-F1"},{"r":"90","t":"15:16:49","h":"Est","s":"25S-H56S200F-81-F2"},{"r":"90","t":"15:18:25","h":"Est","s":"25N-H56N000S-80-S"},{"r":"90","t":"15:18:25","h":"Est","s":"25N-H56NV10S-80-S"},{"r":"90","t":"15:18:25","h":"Est","s":"25N-H56NV20S-80-S"},{"r":"90","t":"15:18:25","h":"Est","s":"25S-H56S000S-80-S"},{"r":"90","t":"15:20:49","h":"Est","s":"25N-H56N000A-80-A"},{"r":"90","t":"15:20:49","h":"Est","s":"25N-H56NV10A-80-A"},{"r":"90","t":"15:20:49","h":"Est","s":"25N-H56NV20A-80-A"},{"r":"90","t":"15:20:49","h":"Est","s":"25S-H56S000A-80-A"},{"r":"90","t":"15:33:25","h":"Est","s":"25N-H56N000S-80-S"},{"r":"90","t":"15:33:25","h":"Est","s":"25N-H56NV10S-80-S"},{"r":"90","t":"15:33:25","h":"Est","s":"25N-H56NV20S-80-S"},{"r":"90","t":"15:33:25","h":"Est","s":"25S-H56S000S-80-S"},{"r":"90","t":"15:33:49","h":"Est","s":"25N-H56N000A-80-A"},{"r":"90","t":"15:33:49","h":"Est","s":"25N-H56NV10A-80-A"},{"r":"90","t":"15:33:49","h":"Est","s":"25N-H56NV20A-80-A"},{"r":"90","t":"15:33:49","h":"Est","s":"25S-H56S000A-80-A"},{"r":"90","t":"15:34:49","h":"Est","s":"25N-H56N000I-80-I"},{"r":"90","t":"15:34:49","h":"Est","s":"25N-H56N100F-80-F1"},{"r":"90","t":"15:34:49","h":"Est","s":"25N-H56N200F-80-F2"},{"r":"90","t":"15:34:49","h":"Est","s":"25N-H56N300F-80-F3"},{"r":"90","t":"15:34:49","h":"Est","s":"25N-H56N400F-80-F4"},{"r":"90","t":"15:34:49","h":"Est","s":"25N-H56NV10I-80-I"},{"r":"90","t":"15:34:49","h":"Est","s":"25N-H56NV20I-80-I"},{"r":"90","t":"15:34:49","h":"Est","s":"25S-H56S000I-80-I"},{"r":"90","t":"15:34:49","h":"Est","s":"25S-H56S100F-80-F1"},{"r":"90","t":"15:34:49","h":"Est","s":"25S-H56S200F-81-F2"},{"r":"63","t":"15:40:38","h":"Sud","s":"25N-H56N000S-80-S"},{"r":"63","t":"15:40:38","h":"Sud","s":"25N-H56NV10S-80-S"},{"r":"63","t":"15:40:38","h":"Sud","s":"25N-H56NV20S-80-S"},{"r":"63","t":"15:40:38","h":"Sud","s":"25S-H56S000S-80-S"},{"r":"63","t":"15:42:38","h":"Sud","s":"25N-H56N000A-80-A"},{"r":"63","t":"15:42:38","h":"Sud","s":"25N-H56N100F-80-F1"},{"r":"63","t":"15:42:38","h":"Sud","s":"25N-H56N200F-80-F2"},{"r":"63","t":"15:42:38","h":"Sud","s":"25N-H56N300F-80-F3"},{"r":"63","t":"15:42:38","h":"Sud","s":"25N-H56N400F-80-F4"},{"r":"63","t":"15:42:38","h":"Sud","s":"25N-H56NV10A-80-A"},{"r":"63","t":"15:42:38","h":"Sud","s":"25N-H56NV20A-80-A"},{"r":"63","t":"15:42:38","h":"Sud","s":"25S-H56S000A-80-A"},{"r":"63","t":"15:42:38","h":"Sud","s":"25S-H56S100F-80-F1"},{"r":"63","t":"15:42:38","h":"Sud","s":"25S-H56S200F-81-F2"},{"r":"90","t":"15:47:49","h":"Est","s":"25N-H56N000A-80-A"},{"r":"90","t":"15:47:49","h":"Est","s":"25N-H56NV10A-80-A"},{"r":"90","t":"15:47:49","h":"Est","s":"25N-H56NV20A-80-A"},{"r":"90","t":"15:47:49","h":"Est","s":"25S-H56S000A-80-A"},{"r":"90","t":"15:49:25","h":"Est","s":"25N-H56N000S-80-S"},{"r":"90","t":"15:49:25","h":"Est","s":"25N-H56NV10S-80-S"},{"r":"90","t":"15:49:25","h":"Est","s":"25N-H56NV20S-80-S"},{"r":"90","t":"15:49:25","h":"Est","s":"25S-H56S000S-80-S"},{"r":"90","t":"15:53:49","h":"Est","s":"25N-H56N000I-80-I"},{"r":"90","t":"15:53:49","h":"Est","s":"25N-H56N100F-80-F1"},{"r":"90","t":"15:53:49","h":"Est","s":"25N-H56N200F-80-F2"},{"r":"90","t":"15:53:49","h":"Est","s":"25N-H56N300F-80-F3"},{"r":"90","t":"15:53:49","h":"Est","s":"25N-H56N400F-80-F4"},{"r":"90","t":"15:53:49","h":"Est","s":"25N-H56NV10I-80-I"},{"r":"90","t":"15:53:49","h":"Est","s":"25N-H56NV20I-80-I"},{"r":"90","t":"15:53:49","h":"Est","s":"25S-H56S000I-80-I"},{"r":"90","t":"15:53:49","h":"Est","s":"25S-H56S100F-80-F1"},{"r":"90","t":"15:53:49","h":"Est","s":"25S-H56S200F-81-F2"},{"r":"90","t":"16:01:49","h":"Est","s":"25N-H56N000A-80-A"},{"r":"90","t":"16:01:49","h":"Est","s":"25N-H56NV10A-80-A"},{"r":"90","t":"16:01:49","h":"Est","s":"25N-H56NV20A-80-A"},{"r":"90","t":"16:01:49","h":"Est","s":"25S-H56S000A-80-A"},{"r":"90","t":"16:05:25","h":"Est","s":"25N-H56N000S-80-S"},{"r":"90","t":"16:05:25","h":"Est","s":"25N-H56NV10S-80-S"},{"r":"90","t":"16:05:25","h":"Est","s":"25N-H56NV20S-80-S"},{"r":"90","t":"16:05:25","h":"Est","s":"25S-H56S000S-80-S"},{"r":"63","t":"16:12:49","h":"Sud","s":"25N-H56N000A-80-A"},{"r":"63","t":"16:12:49","h":"Sud","s":"25N-H56N100F-80-F1"},{"r":"63","t":"16:12:49","h":"Sud","s":"25N-H56N200F-80-F2"},{"r":"63","t":"16:12:49","h":"Sud","s":"25N-H56N300F-80-F3"},{"r":"63","t":"16:12:49","h":"Sud","s":"25N-H56N400F-80-F4"},{"r":"63","t":"16:12:49","h":"Sud","s":"25N-H56NV10A-80-A"},{"r":"63","t":"16:12:49","h":"Sud","s":"25N-H56NV20A-80-A"},{"r":"63","t":"16:12:49","h":"Sud","s":"25S-H56S000A-80-A"},{"r":"63","t":"16:12:49","h":"Sud","s":"25S-H56S100F-80-F1"},{"r":"63","t":"16:12:49","h":"Sud","s":"25S-H56S200F-81-F2"},{"r":"63","t":"16:14:38","h":"Sud","s":"25N-H56N000S-80-S"},{"r":"63","t":"16:14:38","h":"Sud","s":"25N-H56NV10S-80-S"},{"r":"63","t":"16:14:38","h":"Sud","s":"25N-H56NV20S-80-S"},{"r":"63","t":"16:14:38","h":"Sud","s":"25S-H56S000S-80-S"},{"r":"90","t":"16:15:49","h":"Est","s":"25N-H56N000I-80-I"},{"r":"90","t":"16:15:49","h":"Est","s":"25N-H56N100F-80-F1"},{"r":"90","t":"16:15:49","h":"Est","s":"25N-H56N200F-80-F2"},{"r":"90","t":"16:15:49","h":"Est","s":"25N-H56N300F-80-F3"},{"r":"90","t":"16:15:49","h":"Est","s":"25N-H56N400F-80-F4"},{"r":"90","t":"16:15:49","h":"Est","s":"25N-H56NV10I-80-I"},{"r":"90","t":"16:15:49","h":"Est","s":"25N-H56NV20I-80-I"},{"r":"90","t":"16:15:49","h":"Est","s":"25S-H56S000I-80-I"},{"r":"90","t":"16:15:49","h":"Est","s":"25S-H56S100F-80-F1"},{"r":"90","t":"16:15:49","h":"Est","s":"25S-H56S200F-81-F2"},{"r":"90","t":"16:17:49","h":"Est","s":"25N-H56N000A-80-A"},{"r":"90","t":"16:17:49","h":"Est","s":"25N-H56NV10A-80-A"},{"r":"90","t":"16:17:49","h":"Est","s":"25N-H56NV20A-80-A"},{"r":"90","t":"16:17:49","h":"Est","s":"25S-H56S000A-80-A"},{"r":"90","t":"16:21:25","h":"Est","s":"25N-H56N000S-80-S"},{"r":"90","t":"16:21:25","h":"Est","s":"25N-H56NV10S-80-S"},{"r":"90","t":"16:21:25","h":"Est","s":"25N-H56NV20S-80-S"},{"r":"90","t":"16:21:25","h":"Est","s":"25S-H56S000S-80-S"},{"r":"90","t":"16:33:49","h":"Est","s":"25N-H56N000A-80-A"},{"r":"90","t":"16:33:49","h":"Est","s":"25N-H56NV10A-80-A"},{"r":"90","t":"16:33:49","h":"Est","s":"25N-H56NV20A-80-A"},{"r":"90","t":"16:33:49","h":"Est","s":"25S-H56S000A-80-A"},{"r":"90","t":"16:37:25","h":"Est","s":"25N-H56N000S-80-S"},{"r":"90","t":"16:37:25","h":"Est","s":"25N-H56NV10S-80-S"},{"r":"90","t":"16:37:25","h":"Est","s":"25N-H56NV20S-80-S"},{"r":"90","t":"16:37:25","h":"Est","s":"25S-H56S000S-80-S"},{"r":"90","t":"16:37:49","h":"Est","s":"25N-H56N000I-80-I"},{"r":"90","t":"16:37:49","h":"Est","s":"25N-H56N100F-80-F1"},{"r":"90","t":"16:37:49","h":"Est","s":"25N-H56N200F-80-F2"},{"r":"90","t":"16:37:49","h":"Est","s":"25N-H56N300F-80-F3"},{"r":"90","t":"16:37:49","h":"Est","s":"25N-H56N400F-80-F4"},{"r":"90","t":"16:37:49","h":"Est","s":"25N-H56NV10I-80-I"},{"r":"90","t":"16:37:49","h":"Est","s":"25N-H56NV20I-80-I"},{"r":"90","t":"16:37:49","h":"Est","s":"25S-H56S000I-80-I"},{"r":"90","t":"16:37:49","h":"Est","s":"25S-H56S100F-80-F1"},{"r":"90","t":"16:37:49","h":"Est","s":"25S-H56S200F-81-F2"},{"r":"63","t":"16:42:01","h":"Sud","s":"25N-H56N000A-80-A"},{"r":"63","t":"16:42:01","h":"Sud","s":"25N-H56N100F-80-F1"},{"r":"63","t":"16:42:01","h":"Sud","s":"25N-H56N200F-80-F2"},{"r":"63","t":"16:42:01","h":"Sud","s":"25N-H56N300F-80-F3"},{"r":"63","t":"16:42:01","h":"Sud","s":"25N-H56N400F-80-F4"},{"r":"63","t":"16:42:01","h":"Sud","s":"25N-H56NV10A-80-A"},{"r":"63","t":"16:42:01","h":"Sud","s":"25N-H56NV20A-80-A"},{"r":"63","t":"16:42:01","h":"Sud","s":"25S-H56S000A-80-A"},{"r":"63","t":"16:42:01","h":"Sud","s":"25S-H56S100F-80-F1"},{"r":"63","t":"16:42:01","h":"Sud","s":"25S-H56S200F-81-F2"},{"r":"63","t":"16:48:38","h":"Sud","s":"25N-H56N000S-80-S"},{"r":"63","t":"16:48:38","h":"Sud","s":"25N-H56NV10S-80-S"},{"r":"63","t":"16:48:38","h":"Sud","s":"25N-H56NV20S-80-S"},{"r":"63","t":"16:48:38","h":"Sud","s":"25S-H56S000S-80-S"},{"r":"90","t":"16:49:49","h":"Est","s":"25N-H56N000A-80-A"},{"r":"90","t":"16:49:49","h":"Est","s":"25N-H56NV10A-80-A"},{"r":"90","t":"16:49:49","h":"Est","s":"25N-H56NV20A-80-A"},{"r":"90","t":"16:49:49","h":"Est","s":"25S-H56S000A-80-A"},{"r":"90","t":"16:55:49","h":"Est","s":"25N-H56N000I-80-I"},{"r":"90","t":"16:55:49","h":"Est","s":"25N-H56N100F-80-F1"},{"r":"90","t":"16:55:49","h":"Est","s":"25N-H56N200F-80-F2"},{"r":"90","t":"16:55:49","h":"Est","s":"25N-H56N300F-80-F3"},{"r":"90","t":"16:55:49","h":"Est","s":"25N-H56N400F-80-F4"},{"r":"90","t":"16:55:49","h":"Est","s":"25N-H56NV10I-80-I"},{"r":"90","t":"16:55:49","h":"Est","s":"25N-H56NV20I-80-I"},{"r":"90","t":"16:55:49","h":"Est","s":"25S-H56S000I-80-I"},{"r":"90","t":"16:55:49","h":"Est","s":"25S-H56S100F-80-F1"},{"r":"90","t":"16:55:49","h":"Est","s":"25S-H56S200F-81-F2"},{"r":"90","t":"16:56:25","h":"Est","s":"25N-H56N000S-80-S"},{"r":"90","t":"16:56:25","h":"Est","s":"25N-H56NV10S-80-S"},{"r":"90","t":"16:56:25","h":"Est","s":"25N-H56NV20S-80-S"},{"r":"90","t":"16:56:25","h":"Est","s":"25S-H56S000S-80-S"},{"r":"90","t":"17:06:49","h":"Est","s":"25N-H56N000A-80-A"},{"r":"90","t":"17:06:49","h":"Est","s":"25N-H56NV10A-80-A"},{"r":"90","t":"17:06:49","h":"Est","s":"25N-H56NV20A-80-A"},{"r":"90","t":"17:06:49","h":"Est","s":"25S-H56S000A-80-A"},{"r":"63","t":"17:11:01","h":"Sud","s":"25N-H56N000A-80-A"},{"r":"63","t":"17:11:01","h":"Sud","s":"25N-H56N100F-80-F1"},{"r":"63","t":"17:11:01","h":"Sud","s":"25N-H56N200F-80-F2"},{"r":"63","t":"17:11:01","h":"Sud","s":"25N-H56N300F-80-F3"},{"r":"63","t":"17:11:01","h":"Sud","s":"25N-H56N400F-80-F4"},{"r":"63","t":"17:11:01","h":"Sud","s":"25N-H56NV10A-80-A"},{"r":"63","t":"17:11:01","h":"Sud","s":"25N-H56NV20A-80-A"},{"r":"63","t":"17:11:01","h":"Sud","s":"25S-H56S000A-80-A"},{"r":"63","t":"17:11:01","h":"Sud","s":"25S-H56S100F-80-F1"},{"r":"63","t":"17:11:01","h":"Sud","s":"25S-H56S200F-81-F2"},{"r":"90","t":"17:14:49","h":"Est","s":"25N-H56N000I-80-I"},{"r":"90","t":"17:14:49","h":"Est","s":"25N-H56N100F-80-F1"},{"r":"90","t":"17:14:49","h":"Est","s":"25N-H56N200F-80-F2"},{"r":"90","t":"17:14:49","h":"Est","s":"25N-H56N300F-80-F3"},{"r":"90","t":"17:14:49","h":"Est","s":"25N-H56N400F-80-F4"},{"r":"90","t":"17:14:49","h":"Est","s":"25N-H56NV10I-80-I"},{"r":"90","t":"17:14:49","h":"Est","s":"25N-H56NV20I-80-I"},{"r":"90","t":"17:14:49","h":"Est","s":"25S-H56S000I-80-I"},{"r":"90","t":"17:14:49","h":"Est","s":"25S-H56S100F-80-F1"},{"r":"90","t":"17:14:49","h":"Est","s":"25S-H56S200F-81-F2"},{"r":"90","t":"17:16:25","h":"Est","s":"25N-H56N000S-80-S"},{"r":"90","t":"17:16:25","h":"Est","s":"25N-H56NV10S-80-S"},{"r":"90","t":"17:16:25","h":"Est","s":"25N-H56NV20S-80-S"},{"r":"90","t":"17:16:25","h":"Est","s":"25S-H56S000S-80-S"},{"r":"63","t":"17:21:38","h":"Sud","s":"25N-H56N000S-80-S"},{"r":"63","t":"17:21:38","h":"Sud","s":"25N-H56NV10S-80-S"},{"r":"63","t":"17:21:38","h":"Sud","s":"25N-H56NV20S-80-S"},{"r":"63","t":"17:21:38","h":"Sud","s":"25S-H56S000S-80-S"},{"r":"90","t":"17:22:49","h":"Est","s":"25N-H56N000A-80-A"},{"r":"90","t":"17:22:49","h":"Est","s":"25N-H56NV10A-80-A"},{"r":"90","t":"17:22:49","h":"Est","s":"25N-H56NV20A-80-A"},{"r":"90","t":"17:22:49","h":"Est","s":"25S-H56S000A-80-A"},{"r":"90","t":"17:35:49","h":"Est","s":"25N-H56N000I-80-I"},{"r":"90","t":"17:35:49","h":"Est","s":"25N-H56N100F-80-F1"},{"r":"90","t":"17:35:49","h":"Est","s":"25N-H56N200F-80-F2"},{"r":"90","t":"17:35:49","h":"Est","s":"25N-H56N300F-80-F3"},{"r":"90","t":"17:35:49","h":"Est","s":"25N-H56N400F-80-F4"},{"r":"90","t":"17:35:49","h":"Est","s":"25N-H56NV10I-80-I"},{"r":"90","t":"17:35:49","h":"Est","s":"25N-H56NV20I-80-I"},{"r":"90","t":"17:35:49","h":"Est","s":"25S-H56S000I-80-I"},{"r":"90","t":"17:35:49","h":"Est","s":"25S-H56S100F-80-F1"},{"r":"90","t":"17:35:49","h":"Est","s":"25S-H56S200F-81-F2"},{"r":"90","t":"17:36:25","h":"Est","s":"25N-H56N000S-80-S"},{"r":"90","t":"17:36:25","h":"Est","s":"25N-H56NV10S-80-S"},{"r":"90","t":"17:36:25","h":"Est","s":"25N-H56NV20S-80-S"},{"r":"90","t":"17:36:25","h":"Est","s":"25S-H56S000S-80-S"},{"r":"90","t":"17:38:49","h":"Est","s":"25N-H56N000A-80-A"},{"r":"90","t":"17:38:49","h":"Est","s":"25N-H56NV10A-80-A"},{"r":"90","t":"17:38:49","h":"Est","s":"25N-H56NV20A-80-A"},{"r":"90","t":"17:38:49","h":"Est","s":"25S-H56S000A-80-A"},{"r":"63","t":"17:39:13","h":"Sud","s":"25N-H56N000A-80-A"},{"r":"63","t":"17:39:13","h":"Sud","s":"25N-H56N100F-80-F1"},{"r":"63","t":"17:39:13","h":"Sud","s":"25N-H56N200F-80-F2"},{"r":"63","t":"17:39:13","h":"Sud","s":"25N-H56N300F-80-F3"},{"r":"63","t":"17:39:13","h":"Sud","s":"25N-H56N400F-80-F4"},{"r":"63","t":"17:39:13","h":"Sud","s":"25N-H56NV10A-80-A"},{"r":"63","t":"17:39:13","h":"Sud","s":"25N-H56NV20A-80-A"},{"r":"63","t":"17:39:13","h":"Sud","s":"25S-H56S000A-80-A"},{"r":"63","t":"17:39:13","h":"Sud","s":"25S-H56S100F-80-F1"},{"r":"63","t":"17:39:13","h":"Sud","s":"25S-H56S200F-81-F2"},{"r":"63","t":"17:54:38","h":"Sud","s":"25N-H56N000S-80-S"},{"r":"63","t":"17:54:38","h":"Sud","s":"25N-H56NV10S-80-S"},{"r":"63","t":"17:54:38","h":"Sud","s":"25N-H56NV20S-80-S"},{"r":"63","t":"17:54:38","h":"Sud","s":"25S-H56S000S-80-S"},{"r":"90","t":"17:54:49","h":"Est","s":"25N-H56N000A-80-A"},{"r":"90","t":"17:54:49","h":"Est","s":"25N-H56NV10A-80-A"},{"r":"90","t":"17:54:49","h":"Est","s":"25N-H56NV20A-80-A"},{"r":"90","t":"17:54:49","h":"Est","s":"25S-H56S000A-80-A"},{"r":"90","t":"17:56:49","h":"Est","s":"25N-H56N000I-80-I"},{"r":"90","t":"17:56:49","h":"Est","s":"25N-H56N100F-80-F1"},{"r":"90","t":"17:56:49","h":"Est","s":"25N-H56N200F-80-F2"},{"r":"90","t":"17:56:49","h":"Est","s":"25N-H56N300F-80-F3"},{"r":"90","t":"17:56:49","h":"Est","s":"25N-H56N400F-80-F4"},{"r":"90","t":"17:56:49","h":"Est","s":"25N-H56NV10I-80-I"},{"r":"90","t":"17:56:49","h":"Est","s":"25N-H56NV20I-80-I"},{"r":"90","t":"17:56:49","h":"Est","s":"25S-H56S000I-80-I"},{"r":"90","t":"17:56:49","h":"Est","s":"25S-H56S100F-80-F1"},{"r":"90","t":"17:56:49","h":"Est","s":"25S-H56S200F-81-F2"},{"r":"90","t":"17:59:25","h":"Est","s":"25N-H56N000S-80-S"},{"r":"90","t":"17:59:25","h":"Est","s":"25N-H56NV10S-80-S"},{"r":"90","t":"17:59:25","h":"Est","s":"25N-H56NV20S-80-S"},{"r":"90","t":"17:59:25","h":"Est","s":"25S-H56S000S-80-S"},{"r":"63","t":"18:08:13","h":"Sud","s":"25N-H56N000A-80-A"},{"r":"63","t":"18:08:13","h":"Sud","s":"25N-H56N100F-80-F1"},{"r":"63","t":"18:08:13","h":"Sud","s":"25N-H56N200F-80-F2"},{"r":"63","t":"18:08:13","h":"Sud","s":"25N-H56N300F-80-F3"},{"r":"63","t":"18:08:13","h":"Sud","s":"25N-H56N400F-80-F4"},{"r":"63","t":"18:08:13","h":"Sud","s":"25N-H56NV10A-80-A"},{"r":"63","t":"18:08:13","h":"Sud","s":"25N-H56NV20A-80-A"},{"r":"63","t":"18:08:13","h":"Sud","s":"25S-H56S000A-80-A"},{"r":"63","t":"18:08:13","h":"Sud","s":"25S-H56S100F-80-F1"},{"r":"63","t":"18:08:13","h":"Sud","s":"25S-H56S200F-81-F2"},{"r":"90","t":"18:11:49","h":"Est","s":"25N-H56N000A-80-A"},{"r":"90","t":"18:11:49","h":"Est","s":"25N-H56NV10A-80-A"},{"r":"90","t":"18:11:49","h":"Est","s":"25N-H56NV20A-80-A"},{"r":"90","t":"18:11:49","h":"Est","s":"25S-H56S000A-80-A"},{"r":"90","t":"18:18:49","h":"Est","s":"25N-H56N000I-80-I"},{"r":"90","t":"18:18:49","h":"Est","s":"25N-H56N100F-80-F1"},{"r":"90","t":"18:18:49","h":"Est","s":"25N-H56N200F-80-F2"},{"r":"90","t":"18:18:49","h":"Est","s":"25N-H56N300F-80-F3"},{"r":"90","t":"18:18:49","h":"Est","s":"25N-H56N400F-80-F4"},{"r":"90","t":"18:18:49","h":"Est","s":"25N-H56NV10I-80-I"},{"r":"90","t":"18:18:49","h":"Est","s":"25N-H56NV20I-80-I"},{"r":"90","t":"18:18:49","h":"Est","s":"25S-H56S000I-80-I"},{"r":"90","t":"18:18:49","h":"Est","s":"25S-H56S100F-80-F1"},{"r":"90","t":"18:18:49","h":"Est","s":"25S-H56S200F-81-F2"},{"r":"90","t":"18:25:25","h":"Est","s":"25N-H56N000S-80-S"},{"r":"90","t":"18:25:25","h":"Est","s":"25N-H56NV10S-80-S"},{"r":"90","t":"18:25:25","h":"Est","s":"25N-H56NV20S-80-S"},{"r":"90","t":"18:25:25","h":"Est","s":"25S-H56S000S-80-S"},{"r":"63","t":"18:27:38","h":"Sud","s":"25N-H56N000S-80-S"},{"r":"63","t":"18:27:38","h":"Sud","s":"25N-H56NV10S-80-S"},{"r":"63","t":"18:27:38","h":"Sud","s":"25N-H56NV20S-80-S"},{"r":"63","t":"18:27:38","h":"Sud","s":"25S-H56S000S-80-S"},{"r":"90","t":"18:29:49","h":"Est","s":"25N-H56N000A-80-A"},{"r":"90","t":"18:29:49","h":"Est","s":"25N-H56NV10A-80-A"},{"r":"90","t":"18:29:49","h":"Est","s":"25N-H56NV20A-80-A"},{"r":"90","t":"18:29:49","h":"Est","s":"25S-H56S000A-80-A"},{"r":"63","t":"18:36:13","h":"Sud","s":"25N-H56N000A-80-A"},{"r":"63","t":"18:36:13","h":"Sud","s":"25N-H56N100F-80-F1"},{"r":"63","t":"18:36:13","h":"Sud","s":"25N-H56N200F-80-F2"},{"r":"63","t":"18:36:13","h":"Sud","s":"25N-H56N300F-80-F3"},{"r":"63","t":"18:36:13","h":"Sud","s":"25N-H56N400F-80-F4"},{"r":"63","t":"18:36:13","h":"Sud","s":"25N-H56NV10A-80-A"},{"r":"63","t":"18:36:13","h":"Sud","s":"25N-H56NV20A-80-A"},{"r":"63","t":"18:36:13","h":"Sud","s":"25S-H56S000A-80-A"},{"r":"63","t":"18:36:13","h":"Sud","s":"25S-H56S100F-80-F1"},{"r":"63","t":"18:36:13","h":"Sud","s":"25S-H56S200F-81-F2"},{"r":"90","t":"18:41:49","h":"Est","s":"25N-H56N000I-80-I"},{"r":"90","t":"18:41:49","h":"Est","s":"25N-H56N100F-80-F1"},{"r":"90","t":"18:41:49","h":"Est","s":"25N-H56N200F-80-F2"},{"r":"90","t":"18:41:49","h":"Est","s":"25N-H56N300F-80-F3"},{"r":"90","t":"18:41:49","h":"Est","s":"25N-H56N400F-80-F4"},{"r":"90","t":"18:41:49","h":"Est","s":"25N-H56NV10I-80-I"},{"r":"90","t":"18:41:49","h":"Est","s":"25N-H56NV20I-80-I"},{"r":"90","t":"18:41:49","h":"Est","s":"25S-H56S000I-80-I"},{"r":"90","t":"18:41:49","h":"Est","s":"25S-H56S100F-80-F1"},{"r":"90","t":"18:41:49","h":"Est","s":"25S-H56S200F-81-F2"},{"r":"90","t":"18:48:49","h":"Est","s":"25N-H56N000A-80-A"},{"r":"90","t":"18:48:49","h":"Est","s":"25N-H56NV10A-80-A"},{"r":"90","t":"18:48:49","h":"Est","s":"25N-H56NV20A-80-A"},{"r":"90","t":"18:48:49","h":"Est","s":"25S-H56S000A-80-A"},{"r":"90","t":"18:55:25","h":"Est","s":"25N-H56N000S-80-S"},{"r":"90","t":"18:55:25","h":"Est","s":"25N-H56NV10S-80-S"},{"r":"90","t":"18:55:25","h":"Est","s":"25N-H56NV20S-80-S"},{"r":"90","t":"18:55:25","h":"Est","s":"25S-H56S000S-80-S"},{"r":"63","t":"18:57:01","h":"Sud","s":"25N-H56N000S-80-S"},{"r":"63","t":"18:57:01","h":"Sud","s":"25N-H56NV10S-80-S"},{"r":"63","t":"18:57:01","h":"Sud","s":"25N-H56NV20S-80-S"},{"r":"63","t":"18:57:01","h":"Sud","s":"25S-H56S000S-80-S"},{"r":"90","t":"19:08:49","h":"Est","s":"25N-H56N000I-80-I"},{"r":"90","t":"19:08:49","h":"Est","s":"25N-H56N100F-80-F1"},{"r":"90","t":"19:08:49","h":"Est","s":"25N-H56N200F-80-F2"},{"r":"90","t":"19:08:49","h":"Est","s":"25N-H56N300F-80-F3"},{"r":"90","t":"19:08:49","h":"Est","s":"25N-H56N400F-80-F4"},{"r":"90","t":"19:08:49","h":"Est","s":"25N-H56NV10I-80-I"},{"r":"90","t":"19:08:49","h":"Est","s":"25N-H56NV20I-80-I"},{"r":"90","t":"19:08:49","h":"Est","s":"25S-H56S000I-80-I"},{"r":"90","t":"19:08:49","h":"Est","s":"25S-H56S100F-80-F1"},{"r":"90","t":"19:08:49","h":"Est","s":"25S-H56S200F-81-F2"},{"r":"90","t":"19:12:49","h":"Est","s":"25N-H56N000A-80-A"},{"r":"90","t":"19:12:49","h":"Est","s":"25N-H56NV10A-80-A"},{"r":"90","t":"19:12:49","h":"Est","s":"25N-H56NV20A-80-A"},{"r":"90","t":"19:12:49","h":"Est","s":"25S-H56S000A-80-A"},{"r":"90","t":"19:20:49","h":"Est","s":"25N-H56N000S-80-S"},{"r":"90","t":"19:20:49","h":"Est","s":"25N-H56NV10S-80-S"},{"r":"90","t":"19:20:49","h":"Est","s":"25N-H56NV20S-80-S"},{"r":"90","t":"19:20:49","h":"Est","s":"25S-H56S000S-80-S"},{"r":"63","t":"19:27:01","h":"Sud","s":"25N-H56N000S-80-S"},{"r":"63","t":"19:27:01","h":"Sud","s":"25N-H56NV10S-80-S"},{"r":"63","t":"19:27:01","h":"Sud","s":"25N-H56NV20S-80-S"},{"r":"63","t":"19:27:01","h":"Sud","s":"25S-H56S000S-80-S"},{"r":"90","t":"19:37:49","h":"Est","s":"25N-H56N000A-80-A"},{"r":"90","t":"19:37:49","h":"Est","s":"25N-H56NV10A-80-A"},{"r":"90","t":"19:37:49","h":"Est","s":"25N-H56NV20A-80-A"},{"r":"90","t":"19:37:49","h":"Est","s":"25S-H56S000A-80-A"},{"r":"90","t":"19:38:49","h":"Est","s":"25N-H56N000I-80-I"},{"r":"90","t":"19:38:49","h":"Est","s":"25N-H56N100F-80-F1"},{"r":"90","t":"19:38:49","h":"Est","s":"25N-H56N200F-80-F2"},{"r":"90","t":"19:38:49","h":"Est","s":"25N-H56N300F-80-F3"},{"r":"90","t":"19:38:49","h":"Est","s":"25N-H56N400F-80-F4"},{"r":"90","t":"19:38:49","h":"Est","s":"25N-H56NV10I-80-I"},{"r":"90","t":"19:38:49","h":"Est","s":"25N-H56NV20I-80-I"},{"r":"90","t":"19:38:49","h":"Est","s":"25S-H56S000I-80-I"},{"r":"90","t":"19:38:49","h":"Est","s":"25S-H56S100F-80-F1"},{"r":"90","t":"19:38:49","h":"Est","s":"25S-H56S200F-81-F2"},{"r":"90","t":"19:44:49","h":"Est","s":"25N-H56N000S-80-S"},{"r":"90","t":"19:44:49","h":"Est","s":"25N-H56NV10S-80-S"},{"r":"90","t":"19:44:49","h":"Est","s":"25N-H56NV20S-80-S"},{"r":"90","t":"19:44:49","h":"Est","s":"25S-H56S000S-80-S"},{"r":"63","t":"19:56:01","h":"Sud","s":"25N-H56N000S-80-S"},{"r":"63","t":"19:56:01","h":"Sud","s":"25N-H56NV10S-80-S"},{"r":"63","t":"19:56:01","h":"Sud","s":"25N-H56NV20S-80-S"},{"r":"63","t":"19:56:01","h":"Sud","s":"25S-H56S000S-80-S"},{"r":"90","t":"20:04:49","h":"Est","s":"25N-H56N000A-80-A"},{"r":"90","t":"20:04:49","h":"Est","s":"25N-H56NV10A-80-A"},{"r":"90","t":"20:04:49","h":"Est","s":"25N-H56NV20A-80-A"},{"r":"90","t":"20:04:49","h":"Est","s":"25S-H56S000A-80-A"},{"r":"90","t":"20:09:49","h":"Est","s":"25N-H56N000I-80-I"},{"r":"90","t":"20:09:49","h":"Est","s":"25N-H56N100F-80-F1"},{"r":"90","t":"20:09:49","h":"Est","s":"25N-H56N200F-80-F2"},{"r":"90","t":"20:09:49","h":"Est","s":"25N-H56N300F-80-F3"},{"r":"90","t":"20:09:49","h":"Est","s":"25N-H56N400F-80-F4"},{"r":"90","t":"20:09:49","h":"Est","s":"25N-H56NV10I-80-I"},{"r":"90","t":"20:09:49","h":"Est","s":"25N-H56NV20I-80-I"},{"r":"90","t":"20:09:49","h":"Est","s":"25S-H56S000I-80-I"},{"r":"90","t":"20:09:49","h":"Est","s":"25S-H56S100F-80-F1"},{"r":"90","t":"20:09:49","h":"Est","s":"25S-H56S200F-81-F2"},{"r":"90","t":"20:11:49","h":"Est","s":"25N-H56N000S-80-S"},{"r":"90","t":"20:11:49","h":"Est","s":"25N-H56NV10S-80-S"},{"r":"90","t":"20:11:49","h":"Est","s":"25N-H56NV20S-80-S"},{"r":"90","t":"20:11:49","h":"Est","s":"25S-H56S000S-80-S"},{"r":"90","t":"20:33:49","h":"Est","s":"25N-H56N000A-80-A"},{"r":"90","t":"20:33:49","h":"Est","s":"25N-H56NV10A-80-A"},{"r":"90","t":"20:33:49","h":"Est","s":"25N-H56NV20A-80-A"},{"r":"90","t":"20:33:49","h":"Est","s":"25S-H56S000A-80-A"},{"r":"90","t":"20:40:49","h":"Est","s":"25N-H56N000I-80-I"},{"r":"90","t":"20:40:49","h":"Est","s":"25N-H56N100F-80-F1"},{"r":"90","t":"20:40:49","h":"Est","s":"25N-H56N200F-80-F2"},{"r":"90","t":"20:40:49","h":"Est","s":"25N-H56N300F-80-F3"},{"r":"90","t":"20:40:49","h":"Est","s":"25N-H56N400F-80-F4"},{"r":"90","t":"20:40:49","h":"Est","s":"25N-H56NV10I-80-I"},{"r":"90","t":"20:40:49","h":"Est","s":"25N-H56NV20I-80-I"},{"r":"90","t":"20:40:49","h":"Est","s":"25S-H56S000I-80-I"},{"r":"90","t":"20:40:49","h":"Est","s":"25S-H56S100F-80-F1"},{"r":"90","t":"20:40:49","h":"Est","s":"25S-H56S200F-81-F2"},{"r":"90","t":"20:41:49","h":"Est","s":"25N-H56N000S-80-S"},{"r":"90","t":"20:41:49","h":"Est","s":"25N-H56NV10S-80-S"},{"r":"90","t":"20:41:49","h":"Est","s":"25N-H56NV20S-80-S"},{"r":"90","t":"20:41:49","h":"Est","s":"25S-H56S000S-80-S"},{"r":"90","t":"21:02:12","h":"Est","s":"25N-H56N000A-80-A"},{"r":"90","t":"21:02:12","h":"Est","s":"25N-H56NV10A-80-A"},{"r":"90","t":"21:02:12","h":"Est","s":"25N-H56NV20A-80-A"},{"r":"90","t":"21:02:12","h":"Est","s":"25S-H56S000A-80-A"},{"r":"90","t":"21:11:49","h":"Est","s":"25N-H56N000I-80-I"},{"r":"90","t":"21:11:49","h":"Est","s":"25N-H56N000S-80-S"},{"r":"90","t":"21:11:49","h":"Est","s":"25N-H56N100F-80-F1"},{"r":"90","t":"21:11:49","h":"Est","s":"25N-H56N200F-80-F2"},{"r":"90","t":"21:11:49","h":"Est","s":"25N-H56N300F-80-F3"},{"r":"90","t":"21:11:49","h":"Est","s":"25N-H56N400F-80-F4"},{"r":"90","t":"21:11:49","h":"Est","s":"25N-H56NV10I-80-I"},{"r":"90","t":"21:11:49","h":"Est","s":"25N-H56NV10S-80-S"},{"r":"90","t":"21:11:49","h":"Est","s":"25N-H56NV20I-80-I"},{"r":"90","t":"21:11:49","h":"Est","s":"25N-H56NV20S-80-S"},{"r":"90","t":"21:11:49","h":"Est","s":"25S-H56S000I-80-I"},{"r":"90","t":"21:11:49","h":"Est","s":"25S-H56S000S-80-S"},{"r":"90","t":"21:11:49","h":"Est","s":"25S-H56S100F-80-F1"},{"r":"90","t":"21:11:49","h":"Est","s":"25S-H56S200F-81-F2"},{"r":"90","t":"21:30:12","h":"Est","s":"25N-H56N000A-80-A"},{"r":"90","t":"21:30:12","h":"Est","s":"25N-H56NV10A-80-A"},{"r":"90","t":"21:30:12","h":"Est","s":"25N-H56NV20A-80-A"},{"r":"90","t":"21:30:12","h":"Est","s":"25S-H56S000A-80-A"},{"r":"90","t":"21:41:49","h":"Est","s":"25N-H56N000S-80-S"},{"r":"90","t":"21:41:49","h":"Est","s":"25N-H56NV10S-80-S"},{"r":"90","t":"21:41:49","h":"Est","s":"25N-H56NV20S-80-S"},{"r":"90","t":"21:41:49","h":"Est","s":"25S-H56S000S-80-S"},{"r":"90","t":"21:42:49","h":"Est","s":"25N-H56N000I-80-I"},{"r":"90","t":"21:42:49","h":"Est","s":"25N-H56N100F-80-F1"},{"r":"90","t":"21:42:49","h":"Est","s":"25N-H56N200F-80-F2"},{"r":"90","t":"21:42:49","h":"Est","s":"25N-H56N300F-80-F3"},{"r":"90","t":"21:42:49","h":"Est","s":"25N-H56N400F-80-F4"},{"r":"90","t":"21:42:49","h":"Est","s":"25N-H56NV10I-80-I"},{"r":"90","t":"21:42:49","h":"Est","s":"25N-H56NV20I-80-I"},{"r":"90","t":"21:42:49","h":"Est","s":"25S-H56S000I-80-I"},{"r":"90","t":"21:42:49","h":"Est","s":"25S-H56S100F-80-F1"},{"r":"90","t":"21:42:49","h":"Est","s":"25S-H56S200F-81-F2"},{"r":"90","t":"21:58:12","h":"Est","s":"25N-H56N000A-80-A"},{"r":"90","t":"21:58:12","h":"Est","s":"25N-H56NV10A-80-A"},{"r":"90","t":"21:58:12","h":"Est","s":"25N-H56NV20A-80-A"},{"r":"90","t":"21:58:12","h":"Est","s":"25S-H56S000A-80-A"},{"r":"90","t":"22:12:49","h":"Est","s":"25N-H56N000I-80-I"},{"r":"90","t":"22:12:49","h":"Est","s":"25N-H56N000S-80-S"},{"r":"90","t":"22:12:49","h":"Est","s":"25N-H56N100F-80-F1"},{"r":"90","t":"22:12:49","h":"Est","s":"25N-H56N200F-80-F2"},{"r":"90","t":"22:12:49","h":"Est","s":"25N-H56N300F-80-F3"},{"r":"90","t":"22:12:49","h":"Est","s":"25N-H56N400F-80-F4"},{"r":"90","t":"22:12:49","h":"Est","s":"25N-H56NV10I-80-I"},{"r":"90","t":"22:12:49","h":"Est","s":"25N-H56NV10S-80-S"},{"r":"90","t":"22:12:49","h":"Est","s":"25N-H56NV20I-80-I"},{"r":"90","t":"22:12:49","h":"Est","s":"25N-H56NV20S-80-S"},{"r":"90","t":"22:12:49","h":"Est","s":"25S-H56S000I-80-I"},{"r":"90","t":"22:12:49","h":"Est","s":"25S-H56S000S-80-S"},{"r":"90","t":"22:12:49","h":"Est","s":"25S-H56S100F-80-F1"},{"r":"90","t":"22:12:49","h":"Est","s":"25S-H56S200F-81-F2"},{"r":"90","t":"22:26:12","h":"Est","s":"25N-H56N000A-80-A"},{"r":"90","t":"22:26:12","h":"Est","s":"25N-H56NV10A-80-A"},{"r":"90","t":"22:26:12","h":"Est","s":"25N-H56NV20A-80-A"},{"r":"90","t":"22:26:12","h":"Est","s":"25S-H56S000A-80-A"},{"r":"90","t":"22:42:49","h":"Est","s":"25N-H56N000I-80-I"},{"r":"90","t":"22:42:49","h":"Est","s":"25N-H56N100F-80-F1"},{"r":"90","t":"22:42:49","h":"Est","s":"25N-H56N200F-80-F2"},{"r":"90","t":"22:42:49","h":"Est","s":"25N-H56N300F-80-F3"},{"r":"90","t":"22:42:49","h":"Est","s":"25N-H56N400F-80-F4"},{"r":"90","t":"22:42:49","h":"Est","s":"25N-H56NV10I-80-I"},{"r":"90","t":"22:42:49","h":"Est","s":"25N-H56NV20I-80-I"},{"r":"90","t":"22:42:49","h":"Est","s":"25S-H56S000I-80-I"},{"r":"90","t":"22:42:49","h":"Est","s":"25S-H56S100F-80-F1"},{"r":"90","t":"22:42:49","h":"Est","s":"25S-H56S200F-81-F2"},{"r":"90","t":"22:43:49","h":"Est","s":"25N-H56N000S-80-S"},{"r":"90","t":"22:43:49","h":"Est","s":"25N-H56NV10S-80-S"},{"r":"90","t":"22:43:49","h":"Est","s":"25N-H56NV20S-80-S"},{"r":"90","t":"22:43:49","h":"Est","s":"25S-H56S000S-80-S"},{"r":"90","t":"22:55:12","h":"Est","s":"25N-H56N000A-80-A"},{"r":"90","t":"22:55:12","h":"Est","s":"25N-H56NV10A-80-A"},{"r":"90","t":"22:55:12","h":"Est","s":"25N-H56NV20A-80-A"},{"r":"90","t":"22:55:12","h":"Est","s":"25S-H56S000A-80-A"},{"r":"90","t":"23:08:49","h":"Est","s":"25N-H56N000S-80-S"},{"r":"90","t":"23:08:49","h":"Est","s":"25N-H56NV10S-80-S"},{"r":"90","t":"23:08:49","h":"Est","s":"25N-H56NV20S-80-S"},{"r":"90","t":"23:08:49","h":"Est","s":"25S-H56S000S-80-S"},{"r":"90","t":"23:09:49","h":"Est","s":"25N-H56N000I-80-I"},{"r":"90","t":"23:09:49","h":"Est","s":"25N-H56N100F-80-F1"},{"r":"90","t":"23:09:49","h":"Est","s":"25N-H56N200F-80-F2"},{"r":"90","t":"23:09:49","h":"Est","s":"25N-H56N300F-80-F3"},{"r":"90","t":"23:09:49","h":"Est","s":"25N-H56N400F-80-F4"},{"r":"90","t":"23:09:49","h":"Est","s":"25N-H56NV10I-80-I"},{"r":"90","t":"23:09:49","h":"Est","s":"25N-H56NV20I-80-I"},{"r":"90","t":"23:09:49","h":"Est","s":"25S-H56S000I-80-I"},{"r":"90","t":"23:09:49","h":"Est","s":"25S-H56S100F-80-F1"},{"r":"90","t":"23:09:49","h":"Est","s":"25S-H56S200F-81-F2"},{"r":"90","t":"23:24:12","h":"Est","s":"25N-H56N000A-80-A"},{"r":"90","t":"23:24:12","h":"Est","s":"25N-H56NV10A-80-A"},{"r":"90","t":"23:24:12","h":"Est","s":"25N-H56NV20A-80-A"},{"r":"90","t":"23:24:12","h":"Est","s":"25S-H56S000A-80-A"},{"r":"90","t":"23:36:12","h":"Est","s":"25N-H56N000I-80-I"},{"r":"90","t":"23:36:12","h":"Est","s":"25N-H56N100F-80-F1"},{"r":"90","t":"23:36:12","h":"Est","s":"25N-H56N200F-80-F2"},{"r":"90","t":"23:36:12","h":"Est","s":"25N-H56N300F-80-F3"},{"r":"90","t":"23:36:12","h":"Est","s":"25N-H56N400F-80-F4"},{"r":"90","t":"23:36:12","h":"Est","s":"25N-H56NV10I-80-I"},{"r":"90","t":"23:36:12","h":"Est","s":"25N-H56NV20I-80-I"},{"r":"90","t":"23:36:12","h":"Est","s":"25S-H56S000I-80-I"},{"r":"90","t":"23:36:12","h":"Est","s":"25S-H56S100F-80-F1"},{"r":"90","t":"23:36:12","h":"Est","s":"25S-H56S200F-81-F2"},{"r":"90","t":"23:36:49","h":"Est","s":"25N-H56N000S-80-S"},{"r":"90","t":"23:36:49","h":"Est","s":"25N-H56NV10S-80-S"},{"r":"90","t":"23:36:49","h":"Est","s":"25N-H56NV20S-80-S"},{"r":"90","t":"23:36:49","h":"Est","s":"25S-H56S000S-80-S"},{"r":"90","t":"23:57:12","h":"Est","s":"25N-H56N000A-80-A"},{"r":"90","t":"23:57:12","h":"Est","s":"25N-H56NV10A-80-A"},{"r":"90","t":"23:57:12","h":"Est","s":"25N-H56NV20A-80-A"},{"r":"90","t":"23:57:12","h":"Est","s":"25S-H56S000A-80-A"},{"r":"90","t":"24:02:12","h":"Est","s":"25N-H56N000I-80-I"},{"r":"90","t":"24:02:12","h":"Est","s":"25N-H56N100F-80-F1"},{"r":"90","t":"24:02:12","h":"Est","s":"25N-H56N200F-80-F2"},{"r":"90","t":"24:02:12","h":"Est","s":"25N-H56N300F-80-F3"},{"r":"90","t":"24:02:12","h":"Est","s":"25N-H56N400F-80-F4"},{"r":"90","t":"24:02:12","h":"Est","s":"25N-H56NV10I-80-I"},{"r":"90","t":"24:02:12","h":"Est","s":"25N-H56NV20I-80-I"},{"r":"90","t":"24:02:12","h":"Est","s":"25S-H56S000I-80-I"},{"r":"90","t":"24:02:12","h":"Est","s":"25S-H56S100F-80-F1"},{"r":"90","t":"24:02:12","h":"Est","s":"25S-H56S200F-81-F2"},{"r":"90","t":"24:03:12","h":"Est","s":"25N-H56N000S-80-S"},{"r":"90","t":"24:03:12","h":"Est","s":"25N-H56NV10S-80-S"},{"r":"90","t":"24:03:12","h":"Est","s":"25N-H56NV20S-80-S"},{"r":"90","t":"24:03:12","h":"Est","s":"25S-H56S000S-80-S"},{"r":"90","t":"24:28:12","h":"Est","s":"25N-H56N000S-80-S"},{"r":"90","t":"24:28:12","h":"Est","s":"25N-H56NV10S-80-S"},{"r":"90","t":"24:28:12","h":"Est","s":"25N-H56NV20S-80-S"},{"r":"90","t":"24:28:12","h":"Est","s":"25S-H56S000S-80-S"},{"r":"90","t":"24:30:12","h":"Est","s":"25N-H56N000A-80-A"},{"r":"90","t":"24:30:12","h":"Est","s":"25N-H56NV10A-80-A"},{"r":"90","t":"24:30:12","h":"Est","s":"25N-H56NV20A-80-A"},{"r":"90","t":"24:30:12","h":"Est","s":"25S-H56S000A-80-A"},{"r":"90","t":"24:31:12","h":"Est","s":"25N-H56N000I-80-I"},{"r":"90","t":"24:31:12","h":"Est","s":"25N-H56N100F-80-F1"},{"r":"90","t":"24:31:12","h":"Est","s":"25N-H56N200F-80-F2"},{"r":"90","t":"24:31:12","h":"Est","s":"25N-H56N300F-80-F3"},{"r":"90","t":"24:31:12","h":"Est","s":"25N-H56N400F-80-F4"},{"r":"90","t":"24:31:12","h":"Est","s":"25N-H56NV10I-80-I"},{"r":"90","t":"24:31:12","h":"Est","s":"25N-H56NV20I-80-I"},{"r":"90","t":"24:31:12","h":"Est","s":"25S-H56S000I-80-I"},{"r":"90","t":"24:31:12","h":"Est","s":"25S-H56S100F-80-F1"},{"r":"90","t":"24:31:12","h":"Est","s":"25S-H56S200F-81-F2"},{"r":"90","t":"25:00:12","h":"Est","s":"25N-H56N000I-80-I"},{"r":"90","t":"25:00:12","h":"Est","s":"25N-H56N100F-80-F1"},{"r":"90","t":"25:00:12","h":"Est","s":"25N-H56N200F-80-F2"},{"r":"90","t":"25:00:12","h":"Est","s":"25N-H56N300F-80-F3"},{"r":"90","t":"25:00:12","h":"Est","s":"25N-H56N400F-80-F4"},{"r":"90","t":"25:00:12","h":"Est","s":"25N-H56NV10I-80-I"},{"r":"90","t":"25:00:12","h":"Est","s":"25N-H56NV20I-80-I"},{"r":"90","t":"25:00:12","h":"Est","s":"25S-H56S000I-80-I"},{"r":"90","t":"25:00:12","h":"Est","s":"25S-H56S100F-80-F1"},{"r":"90","t":"25:00:12","h":"Est","s":"25S-H56S200F-81-F2"},{"r":"90","t":"25:01:12","h":"Est","s":"25N-H56N000A-80-A"},{"r":"90","t":"25:01:12","h":"Est","s":"25N-H56N000S-80-S"},{"r":"90","t":"25:01:12","h":"Est","s":"25N-H56NV10A-80-A"},{"r":"90","t":"25:01:12","h":"Est","s":"25N-H56NV10S-80-S"},{"r":"90","t":"25:01:12","h":"Est","s":"25N-H56NV20A-80-A"},{"r":"90","t":"25:01:12","h":"Est","s":"25N-H56NV20S-80-S"},{"r":"90","t":"25:01:12","h":"Est","s":"25S-H56S000A-80-A"},{"r":"90","t":"25:01:12","h":"Est","s":"25S-H56S000S-80-S"},{"r":"90","t":"25:32:12","h":"Est","s":"25N-H56N000I-80-I"},{"r":"90","t":"25:32:12","h":"Est","s":"25N-H56N100F-80-F1"},{"r":"90","t":"25:32:12","h":"Est","s":"25N-H56N200F-80-F2"},{"r":"90","t":"25:32:12","h":"Est","s":"25N-H56N300F-80-F3"},{"r":"90","t":"25:32:12","h":"Est","s":"25N-H56N400F-80-F4"},{"r":"90","t":"25:32:12","h":"Est","s":"25N-H56NV10I-80-I"},{"r":"90","t":"25:32:12","h":"Est","s":"25N-H56NV20I-80-I"},{"r":"90","t":"25:32:12","h":"Est","s":"25S-H56S000I-80-I"},{"r":"90","t":"25:32:12","h":"Est","s":"25S-H56S100F-80-F1"},{"r":"90","t":"25:32:12","h":"Est","s":"25S-H56S200F-81-F2"},{"r":"90","t":"25:33:12","h":"Est","s":"25N-H56N000A-80-A"},{"r":"90","t":"25:33:12","h":"Est","s":"25N-H56NV10A-80-A"},{"r":"90","t":"25:33:12","h":"Est","s":"25N-H56NV20A-80-A"},{"r":"90","t":"25:33:12","h":"Est","s":"25S-H56S000A-80-A"},{"r":"90","t":"25:34:12","h":"Est","s":"25N-H56N000S-80-S"},{"r":"90","t":"25:34:12","h":"Est","s":"25N-H56NV10S-80-S"},{"r":"90","t":"25:34:12","h":"Est","s":"25N-H56NV20S-80-S"},{"r":"90","t":"25:34:12","h":"Est","s":"25S-H56S000S-80-S"}]