[{"r":"161","t":"04:58:18","h":"Est","s":"25N-H55N000I-80-I"},{"r":"161","t":"04:58:18","h":"Est","s":"25N-H55N100F-80-F1"},{"r":"161","t":"04:58:18","h":"Est","s":"25N-H55N200F-80-F2"},{"r":"161","t":"04:58:18","h":"Est","s":"25N-H55N300F-80-F3"},{"r":"161","t":"04:58:18","h":"Est","s":"25N-H55N400F-80-F4"},{"r":"161","t":"04:58:18","h":"Est","s":"25N-H55NV10I-80-I"},{"r":"161","t":"04:58:18","h":"Est","s":"25N-H55NV20I-80-I"},{"r":"161","t":"04:58:18","h":"Est","s":"25S-H55S000I-80-I"},{"r":"161","t":"04:58:18","h":"Est","s":"25S-H55S100F-80-F1"},{"r":"161","t":"04:58:18","h":"Est","s":"25S-H55S200F-80-F2"},{"r":"161","t":"04:59:07","h":"Est","s":"25N-H55N000A-80-A"},{"r":"161","t":"04:59:07","h":"Est","s":"25N-H55N000S-80-S"},{"r":"161","t":"04:59:07","h":"Est","s":"25N-H55N000S-82-S"},{"r":"161","t":"04:59:07","h":"Est","s":"25N-H55NV10A-80-A"},{"r":"161","t":"04:59:07","h":"Est","s":"25N-H55NV10S-85-S"},{"r":"161","t":"04:59:07","h":"Est","s":"25N-H55NV20A-80-A"},{"r":"161","t":"04:59:07","h":"Est","s":"25N-H55NV20S-81-S"},{"r":"161","t":"04:59:07","h":"Est","s":"25S-H55S000A-80-A"},{"r":"161","t":"04:59:07","h":"Est","s":"25S-H55S000S-82-S"},{"r":"161","t":"05:21:07","h":"Est","s":"25N-H55N000S-80-S"},{"r":"161","t":"05:21:07","h":"Est","s":"25N-H55N000S-82-S"},{"r":"161","t":"05:21:07","h":"Est","s":"25N-H55NV10S-85-S"},{"r":"161","t":"05:21:07","h":"Est","s":"25N-H55NV20S-81-S"},{"r":"161","t":"05:21:07","h":"Est","s":"25S-H55S000S-82-S"},{"r":"161","t":"05:31:18","h":"Est","s":"25N-H55N000I-80-I"},{"r":"161","t":"05:31:18","h":"Est","s":"25N-H55N100F-80-F1"},{"r":"161","t":"05:31:18","h":"Est","s":"25N-H55N200F-80-F2"},{"r":"161","t":"05:31:18","h":"Est","s":"25N-H55N300F-80-F3"},{"r":"161","t":"05:31:18","h":"Est","s":"25N-H55N400F-80-F4"},{"r":"161","t":"05:31:18","h":"Est","s":"25N-H55NV10I-80-I"},{"r":"161","t":"05:31:18","h":"Est","s":"25N-H55NV20I-80-I"},{"r":"161","t":"05:31:18","h":"Est","s":"25S-H55S000I-80-I"},{"r":"161","t":"05:31:18","h":"Est","s":"25S-H55S100F-80-F1"},{"r":"161","t":"05:31:18","h":"Est","s":"25S-H55S200F-80-F2"},{"r":"161","t":"05:32:07","h":"Est","s":"25N-H55N000A-80-A"},{"r":"161","t":"05:32:07","h":"Est","s":"25N-H55NV10A-80-A"},{"r":"161","t":"05:32:07","h":"Est","s":"25N-H55NV20A-80-A"},{"r":"161","t":"05:32:07","h":"Est","s":"25S-H55S000A-80-A"},{"r":"161","t":"05:43:07","h":"Est","s":"25N-H55N000S-80-S"},{"r":"161","t":"05:43:07","h":"Est","s":"25N-H55N000S-82-S"},{"r":"161","t":"05:43:07","h":"Est","s":"25N-H55NV10S-85-S"},{"r":"161","t":"05:43:07","h":"Est","s":"25N-H55NV20S-81-S"},{"r":"161","t":"05:43:07","h":"Est","s":"25S-H55S000S-82-S"},{"r":"161","t":"06:03:18","h":"Est","s":"25N-H55N000I-80-I"},{"r":"161","t":"06:03:18","h":"Est","s":"25N-H55N100F-80-F1"},{"r":"161","t":"06:03:18","h":"Est","s":"25N-H55N200F-80-F2"},{"r":"161","t":"06:03:18","h":"Est","s":"25N-H55N300F-80-F3"},{"r":"161","t":"06:03:18","h":"Est","s":"25N-H55N400F-80-F4"},{"r":"161","t":"06:03:18","h":"Est","s":"25N-H55NV10I-80-I"},{"r":"161","t":"06:03:18","h":"Est","s":"25N-H55NV20I-80-I"},{"r":"161","t":"06:03:18","h":"Est","s":"25S-H55S000I-80-I"},{"r":"161","t":"06:03:18","h":"Est","s":"25S-H55S100F-80-F1"},{"r":"161","t":"06:03:18","h":"Est","s":"25S-H55S200F-80-F2"},{"r":"161","t":"06:04:07","h":"Est","s":"25N-H55N000A-80-A"},{"r":"161","t":"06:04:07","h":"Est","s":"25N-H55NV10A-80-A"},{"r":"161","t":"06:04:07","h":"Est","s":"25N-H55NV20A-80-A"},{"r":"161","t":"06:04:07","h":"Est","s":"25S-H55S000A-80-A"},{"r":"161","t":"06:05:07","h":"Est","s":"25N-H55N000S-80-S"},{"r":"161","t":"06:05:07","h":"Est","s":"25N-H55N000S-82-S"},{"r":"161","t":"06:05:07","h":"Est","s":"25N-H55NV10S-85-S"},{"r":"161","t":"06:05:07","h":"Est","s":"25N-H55NV20S-81-S"},{"r":"161","t":"06:05:07","h":"Est","s":"25S-H55S000S-82-S"},{"r":"161","t":"06:27:07","h":"Est","s":"25N-H55N000S-80-S"},{"r":"161","t":"06:27:07","h":"Est","s":"25N-H55N000S-82-S"},{"r":"161","t":"06:27:07","h":"Est","s":"25N-H55NV10S-85-S"},{"r":"161","t":"06:27:07","h":"Est","s":"25N-H55NV20S-81-S"},{"r":"161","t":"06:27:07","h":"Est","s":"25S-H55S000S-82-S"},{"r":"161","t":"06:34:07","h":"Est","s":"25N-H55N000A-80-A"},{"r":"161","t":"06:34:07","h":"Est","s":"25N-H55NV10A-80-A"},{"r":"161","t":"06:34:07","h":"Est","s":"25N-H55NV20A-80-A"},{"r":"161","t":"06:34:07","h":"Est","s":"25S-H55S000A-80-A"},{"r":"161","t":"06:35:07","h":"Est","s":"25N-H55N000I-80-I"},{"r":"161","t":"06:35:07","h":"Est","s":"25N-H55N100F-80-F1"},{"r":"161","t":"06:35:07","h":"Est","s":"25N-H55N200F-80-F2"},{"r":"161","t":"06:35:07","h":"Est","s":"25N-H55N300F-80-F3"},{"r":"161","t":"06:35:07","h":"Est","s":"25N-H55N400F-80-F4"},{"r":"161","t":"06:35:07","h":"Est","s":"25N-H55NV10I-80-I"},{"r":"161","t":"06:35:07","h":"Est","s":"25N-H55NV20I-80-I"},{"r":"161","t":"06:35:07","h":"Est","s":"25S-H55S000I-80-I"},{"r":"161","t":"06:35:07","h":"Est","s":"25S-H55S100F-80-F1"},{"r":"161","t":"06:35:07","h":"Est","s":"25S-H55S200F-80-F2"},{"r":"161","t":"06:38:07","h":"Est","s":"25N-H55N000S-80-S"},{"r":"161","t":"06:38:07","h":"Est","s":"25N-H55N000S-82-S"},{"r":"161","t":"06:38:07","h":"Est","s":"25N-H55NV10S-85-S"},{"r":"161","t":"06:38:07","h":"Est","s":"25N-H55NV20S-81-S"},{"r":"161","t":"06:38:07","h":"Est","s":"25S-H55S000S-82-S"},{"r":"161","t":"06:48:57","h":"Est","s":"25N-H59N000S-80-S"},{"r":"161","t":"06:48:57","h":"Est","s":"25N-H59NV10S-84-S"},{"r":"161","t":"06:48:57","h":"Est","s":"25N-H59NV20S-80-S"},{"r":"161","t":"06:48:57","h":"Est","s":"25S-H59S000S-81-S"},{"r":"161","t":"06:56:57","h":"Est","s":"25N-H55N000S-80-S"},{"r":"161","t":"06:56:57","h":"Est","s":"25N-H55N000S-82-S"},{"r":"161","t":"06:56:57","h":"Est","s":"25N-H55NV10S-85-S"},{"r":"161","t":"06:56:57","h":"Est","s":"25N-H55NV20S-81-S"},{"r":"161","t":"06:56:57","h":"Est","s":"25S-H55S000S-82-S"},{"r":"161","t":"07:01:07","h":"Est","s":"25N-H55N000A-80-A"},{"r":"161","t":"07:01:07","h":"Est","s":"25N-H55NV10A-80-A"},{"r":"161","t":"07:01:07","h":"Est","s":"25N-H55NV20A-80-A"},{"r":"161","t":"07:01:07","h":"Est","s":"25S-H55S000A-80-A"},{"r":"161","t":"07:03:57","h":"Est","s":"25N-H55N000S-80-S"},{"r":"161","t":"07:03:57","h":"Est","s":"25N-H55N000S-82-S"},{"r":"161","t":"07:03:57","h":"Est","s":"25N-H55NV10S-85-S"},{"r":"161","t":"07:03:57","h":"Est","s":"25N-H55NV20S-81-S"},{"r":"161","t":"07:03:57","h":"Est","s":"25S-H55S000S-82-S"},{"r":"161","t":"07:05:07","h":"Est","s":"25N-H55N000I-80-I"},{"r":"161","t":"07:05:07","h":"Est","s":"25N-H55N100F-80-F1"},{"r":"161","t":"07:05:07","h":"Est","s":"25N-H55N200F-80-F2"},{"r":"161","t":"07:05:07","h":"Est","s":"25N-H55N300F-80-F3"},{"r":"161","t":"07:05:07","h":"Est","s":"25N-H55N400F-80-F4"},{"r":"161","t":"07:05:07","h":"Est","s":"25N-H55NV10I-80-I"},{"r":"161","t":"07:05:07","h":"Est","s":"25N-H55NV20I-80-I"},{"r":"161","t":"07:05:07","h":"Est","s":"25S-H55S000I-80-I"},{"r":"161","t":"07:05:07","h":"Est","s":"25S-H55S100F-80-F1"},{"r":"161","t":"07:05:07","h":"Est","s":"25S-H55S200F-80-F2"},{"r":"161","t":"07:10:57","h":"Est","s":"25N-H55N000S-80-S"},{"r":"161","t":"07:10:57","h":"Est","s":"25N-H55N000S-82-S"},{"r":"161","t":"07:10:57","h":"Est","s":"25N-H55NV10S-85-S"},{"r":"161","t":"07:10:57","h":"Est","s":"25N-H55NV20S-81-S"},{"r":"161","t":"07:10:57","h":"Est","s":"25S-H55S000S-82-S"},{"r":"161","t":"07:19:46","h":"Est","s":"25N-H55N000S-80-S"},{"r":"161","t":"07:19:46","h":"Est","s":"25N-H55N000S-82-S"},{"r":"161","t":"07:19:46","h":"Est","s":"25N-H55NV10S-85-S"},{"r":"161","t":"07:19:46","h":"Est","s":"25N-H55NV20S-81-S"},{"r":"161","t":"07:19:46","h":"Est","s":"25S-H55S000S-82-S"},{"r":"161","t":"07:26:46","h":"Est","s":"25N-H55N000S-80-S"},{"r":"161","t":"07:26:46","h":"Est","s":"25N-H55N000S-82-S"},{"r":"161","t":"07:26:46","h":"Est","s":"25N-H55NV10S-85-S"},{"r":"161","t":"07:26:46","h":"Est","s":"25N-H55NV20S-81-S"},{"r":"161","t":"07:26:46","h":"Est","s":"25S-H55S000S-82-S"},{"r":"161","t":"07:27:07","h":"Est","s":"25N-H55N000A-80-A"},{"r":"161","t":"07:27:07","h":"Est","s":"25N-H55NV10A-80-A"},{"r":"161","t":"07:27:07","h":"Est","s":"25N-H55NV20A-80-A"},{"r":"161","t":"07:27:07","h":"Est","s":"25S-H55S000A-80-A"},{"r":"161","t":"07:32:46","h":"Est","s":"25N-H55N000S-80-S"},{"r":"161","t":"07:32:46","h":"Est","s":"25N-H55N000S-82-S"},{"r":"161","t":"07:32:46","h":"Est","s":"25N-H55NV10S-85-S"},{"r":"161","t":"07:32:46","h":"Est","s":"25N-H55NV20S-81-S"},{"r":"161","t":"07:32:46","h":"Est","s":"25S-H55S000S-82-S"},{"r":"161","t":"07:35:07","h":"Est","s":"25N-H55N000I-80-I"},{"r":"161","t":"07:35:07","h":"Est","s":"25N-H55N100F-80-F1"},{"r":"161","t":"07:35:07","h":"Est","s":"25N-H55N200F-80-F2"},{"r":"161","t":"07:35:07","h":"Est","s":"25N-H55N300F-80-F3"},{"r":"161","t":"07:35:07","h":"Est","s":"25N-H55N400F-80-F4"},{"r":"161","t":"07:35:07","h":"Est","s":"25N-H55NV10I-80-I"},{"r":"161","t":"07:35:07","h":"Est","s":"25N-H55NV20I-80-I"},{"r":"161","t":"07:35:07","h":"Est","s":"25S-H55S000I-80-I"},{"r":"161","t":"07:35:07","h":"Est","s":"25S-H55S100F-80-F1"},{"r":"161","t":"07:35:07","h":"Est","s":"25S-H55S200F-80-F2"},{"r":"161","t":"07:38:46","h":"Est","s":"25N-H55N000S-80-S"},{"r":"161","t":"07:38:46","h":"Est","s":"25N-H55N000S-82-S"},{"r":"161","t":"07:38:46","h":"Est","s":"25N-H55NV10S-85-S"},{"r":"161","t":"07:38:46","h":"Est","s":"25N-H55NV20S-81-S"},{"r":"161","t":"07:38:46","h":"Est","s":"25S-H55S000S-82-S"},{"r":"161","t":"07:45:46","h":"Est","s":"25N-H57N000S-80-S"},{"r":"161","t":"07:45:46","h":"Est","s":"25N-H57NV10S-84-S"},{"r":"161","t":"07:45:46","h":"Est","s":"25N-H57NV20S-80-S"},{"r":"161","t":"07:45:46","h":"Est","s":"25S-H57S000S-82-S"},{"r":"161","t":"07:52:36","h":"Est","s":"25N-H55N000S-80-S"},{"r":"161","t":"07:52:36","h":"Est","s":"25N-H55N000S-82-S"},{"r":"161","t":"07:52:36","h":"Est","s":"25N-H55NV10S-85-S"},{"r":"161","t":"07:52:36","h":"Est","s":"25N-H55NV20S-81-S"},{"r":"161","t":"07:52:36","h":"Est","s":"25S-H55S000S-82-S"},{"r":"161","t":"07:53:07","h":"Est","s":"25N-H55N000A-80-A"},{"r":"161","t":"07:53:07","h":"Est","s":"25N-H55NV10A-80-A"},{"r":"161","t":"07:53:07","h":"Est","s":"25N-H55NV20A-80-A"},{"r":"161","t":"07:53:07","h":"Est","s":"25S-H55S000A-80-A"},{"r":"161","t":"07:57:36","h":"Est","s":"25N-H55N000S-80-S"},{"r":"161","t":"07:57:36","h":"Est","s":"25N-H55N000S-82-S"},{"r":"161","t":"07:57:36","h":"Est","s":"25N-H55NV10S-85-S"},{"r":"161","t":"07:57:36","h":"Est","s":"25N-H55NV20S-81-S"},{"r":"161","t":"07:57:36","h":"Est","s":"25S-H55S000S-82-S"},{"r":"161","t":"08:02:36","h":"Est","s":"25N-H55N000S-80-S"},{"r":"161","t":"08:02:36","h":"Est","s":"25N-H55N000S-82-S"},{"r":"161","t":"08:02:36","h":"Est","s":"25N-H55NV10S-85-S"},{"r":"161","t":"08:02:36","h":"Est","s":"25N-H55NV20S-81-S"},{"r":"161","t":"08:02:36","h":"Est","s":"25S-H55S000S-82-S"},{"r":"161","t":"08:04:07","h":"Est","s":"25N-H55N000I-80-I"},{"r":"161","t":"08:04:07","h":"Est","s":"25N-H55N100F-80-F1"},{"r":"161","t":"08:04:07","h":"Est","s":"25N-H55N200F-80-F2"},{"r":"161","t":"08:04:07","h":"Est","s":"25N-H55N300F-80-F3"},{"r":"161","t":"08:04:07","h":"Est","s":"25N-H55N400F-80-F4"},{"r":"161","t":"08:04:07","h":"Est","s":"25N-H55NV10I-80-I"},{"r":"161","t":"08:04:07","h":"Est","s":"25N-H55NV20I-80-I"},{"r":"161","t":"08:04:07","h":"Est","s":"25S-H55S000I-80-I"},{"r":"161","t":"08:04:07","h":"Est","s":"25S-H55S100F-80-F1"},{"r":"161","t":"08:04:07","h":"Est","s":"25S-H55S200F-80-F2"},{"r":"161","t":"08:07:36","h":"Est","s":"25N-H55N000S-80-S"},{"r":"161","t":"08:07:36","h":"Est","s":"25N-H55N000S-82-S"},{"r":"161","t":"08:07:36","h":"Est","s":"25N-H55NV10S-85-S"},{"r":"161","t":"08:07:36","h":"Est","s":"25N-H55NV20S-81-S"},{"r":"161","t":"08:07:36","h":"Est","s":"25S-H55S000S-82-S"},{"r":"161","t":"08:12:36","h":"Est","s":"25N-H55N000S-80-S"},{"r":"161","t":"08:12:36","h":"Est","s":"25N-H55N000S-82-S"},{"r":"161","t":"08:12:36","h":"Est","s":"25N-H55NV10S-85-S"},{"r":"161","t":"08:12:36","h":"Est","s":"25N-H55NV20S-81-S"},{"r":"161","t":"08:12:36","h":"Est","s":"25S-H55S000S-82-S"},{"r":"161","t":"08:17:36","h":"Est","s":"25N-H55N000S-80-S"},{"r":"161","t":"08:17:36","h":"Est","s":"25N-H55N000S-82-S"},{"r":"161","t":"08:17:36","h":"Est","s":"25N-H55NV10S-85-S"},{"r":"161","t":"08:17:36","h":"Est","s":"25N-H55NV20S-81-S"},{"r":"161","t":"08:17:36","h":"Est","s":"25S-H55S000S-82-S"},{"r":"161","t":"08:19:07","h":"Est","s":"25N-H55N000A-80-A"},{"r":"161","t":"08:19:07","h":"Est","s":"25N-H55NV10A-80-A"},{"r":"161","t":"08:19:07","h":"Est","s":"25N-H55NV20A-80-A"},{"r":"161","t":"08:19:07","h":"Est","s":"25S-H55S000A-80-A"},{"r":"161","t":"08:23:36","h":"Est","s":"25N-H55N000S-80-S"},{"r":"161","t":"08:23:36","h":"Est","s":"25N-H55N000S-82-S"},{"r":"161","t":"08:23:36","h":"Est","s":"25N-H55NV10S-85-S"},{"r":"161","t":"08:23:36","h":"Est","s":"25N-H55NV20S-81-S"},{"r":"161","t":"08:23:36","h":"Est","s":"25S-H55S000S-82-S"},{"r":"161","t":"08:29:07","h":"Est","s":"25N-H55N000I-80-I"},{"r":"161","t":"08:29:07","h":"Est","s":"25N-H55N100F-80-F1"},{"r":"161","t":"08:29:07","h":"Est","s":"25N-H55N200F-80-F2"},{"r":"161","t":"08:29:07","h":"Est","s":"25N-H55N300F-80-F3"},{"r":"161","t":"08:29:07","h":"Est","s":"25N-H55N400F-80-F4"},{"r":"161","t":"08:29:07","h":"Est","s":"25N-H55NV10I-80-I"},{"r":"161","t":"08:29:07","h":"Est","s":"25N-H55NV20I-80-I"},{"r":"161","t":"08:29:07","h":"Est","s":"25S-H55S000I-80-I"},{"r":"161","t":"08:29:07","h":"Est","s":"25S-H55S100F-80-F1"},{"r":"161","t":"08:29:07","h":"Est","s":"25S-H55S200F-80-F2"},{"r":"161","t":"08:30:46","h":"Est","s":"25N-H55N000S-80-S"},{"r":"161","t":"08:30:46","h":"Est","s":"25N-H55N000S-82-S"},{"r":"161","t":"08:30:46","h":"Est","s":"25N-H55NV10S-85-S"},{"r":"161","t":"08:30:46","h":"Est","s":"25N-H55NV20S-81-S"},{"r":"161","t":"08:30:46","h":"Est","s":"25S-H55S000S-82-S"},{"r":"161","t":"08:39:57","h":"Est","s":"25N-H55N000S-80-S"},{"r":"161","t":"08:39:57","h":"Est","s":"25N-H55N000S-82-S"},{"r":"161","t":"08:39:57","h":"Est","s":"25N-H55NV10S-85-S"},{"r":"161","t":"08:39:57","h":"Est","s":"25N-H55NV20S-81-S"},{"r":"161","t":"08:39:57","h":"Est","s":"25S-H55S000S-82-S"},{"r":"161","t":"08:41:07","h":"Est","s":"25N-H55N000A-80-A"},{"r":"161","t":"08:41:07","h":"Est","s":"25N-H55NV10A-80-A"},{"r":"161","t":"08:41:07","h":"Est","s":"25N-H55NV20A-80-A"},{"r":"161","t":"08:41:07","h":"Est","s":"25S-H55S000A-80-A"},{"r":"161","t":"08:49:57","h":"Est","s":"25N-H55N000S-80-S"},{"r":"161","t":"08:49:57","h":"Est","s":"25N-H55N000S-82-S"},{"r":"161","t":"08:49:57","h":"Est","s":"25N-H55NV10S-85-S"},{"r":"161","t":"08:49:57","h":"Est","s":"25N-H55NV20S-81-S"},{"r":"161","t":"08:49:57","h":"Est","s":"25S-H55S000S-82-S"},{"r":"161","t":"08:53:57","h":"Est","s":"25N-H55N000I-80-I"},{"r":"161","t":"08:53:57","h":"Est","s":"25N-H55N100F-80-F1"},{"r":"161","t":"08:53:57","h":"Est","s":"25N-H55N200F-80-F2"},{"r":"161","t":"08:53:57","h":"Est","s":"25N-H55N300F-80-F3"},{"r":"161","t":"08:53:57","h":"Est","s":"25N-H55N400F-80-F4"},{"r":"161","t":"08:53:57","h":"Est","s":"25N-H55NV10I-80-I"},{"r":"161","t":"08:53:57","h":"Est","s":"25N-H55NV20I-80-I"},{"r":"161","t":"08:53:57","h":"Est","s":"25S-H55S000I-80-I"},{"r":"161","t":"08:53:57","h":"Est","s":"25S-H55S100F-80-F1"},{"r":"161","t":"08:53:57","h":"Est","s":"25S-H55S200F-80-F2"},{"r":"161","t":"08:58:57","h":"Est","s":"25N-H55N000S-80-S"},{"r":"161","t":"08:58:57","h":"Est","s":"25N-H55N000S-82-S"},{"r":"161","t":"08:58:57","h":"Est","s":"25N-H55NV10S-85-S"},{"r":"161","t":"08:58:57","h":"Est","s":"25N-H55NV20S-81-S"},{"r":"161","t":"08:58:57","h":"Est","s":"25S-H55S000S-82-S"},{"r":"161","t":"09:01:07","h":"Est","s":"25N-H55N000A-80-A"},{"r":"161","t":"09:01:07","h":"Est","s":"25N-H55NV10A-80-A"},{"r":"161","t":"09:01:07","h":"Est","s":"25N-H55NV20A-80-A"},{"r":"161","t":"09:01:07","h":"Est","s":"25S-H55S000A-80-A"},{"r":"161","t":"09:08:57","h":"Est","s":"25N-H55N000S-80-S"},{"r":"161","t":"09:08:57","h":"Est","s":"25N-H55N000S-82-S"},{"r":"161","t":"09:08:57","h":"Est","s":"25N-H55NV10S-85-S"},{"r":"161","t":"09:08:57","h":"Est","s":"25N-H55NV20S-81-S"},{"r":"161","t":"09:08:57","h":"Est","s":"25S-H55S000S-82-S"},{"r":"161","t":"09:18:57","h":"Est","s":"25N-H55N000I-80-I"},{"r":"161","t":"09:18:57","h":"Est","s":"25N-H55N000S-80-S"},{"r":"161","t":"09:18:57","h":"Est","s":"25N-H55N000S-82-S"},{"r":"161","t":"09:18:57","h":"Est","s":"25N-H55N100F-80-F1"},{"r":"161","t":"09:18:57","h":"Est","s":"25N-H55N200F-80-F2"},{"r":"161","t":"09:18:57","h":"Est","s":"25N-H55N300F-80-F3"},{"r":"161","t":"09:18:57","h":"Est","s":"25N-H55N400F-80-F4"},{"r":"161","t":"09:18:57","h":"Est","s":"25N-H55NV10I-80-I"},{"r":"161","t":"09:18:57","h":"Est","s":"25N-H55NV10S-85-S"},{"r":"161","t":"09:18:57","h":"Est","s":"25N-H55NV20I-80-I"},{"r":"161","t":"09:18:57","h":"Est","s":"25N-H55NV20S-81-S"},{"r":"161","t":"09:18:57","h":"Est","s":"25S-H55S000I-80-I"},{"r":"161","t":"09:18:57","h":"Est","s":"25S-H55S000S-82-S"},{"r":"161","t":"09:18:57","h":"Est","s":"25S-H55S100F-80-F1"},{"r":"161","t":"09:18:57","h":"Est","s":"25S-H55S200F-80-F2"},{"r":"161","t":"09:21:07","h":"Est","s":"25N-H55N000A-80-A"},{"r":"161","t":"09:21:07","h":"Est","s":"25N-H55NV10A-80-A"},{"r":"161","t":"09:21:07","h":"Est","s":"25N-H55NV20A-80-A"},{"r":"161","t":"09:21:07","h":"Est","s":"25S-H55S000A-80-A"},{"r":"161","t":"09:28:57","h":"Est","s":"25N-H55N000S-80-S"},{"r":"161","t":"09:28:57","h":"Est","s":"25N-H55N000S-82-S"},{"r":"161","t":"09:28:57","h":"Est","s":"25N-H55NV10S-85-S"},{"r":"161","t":"09:28:57","h":"Est","s":"25N-H55NV20S-81-S"},{"r":"161","t":"09:28:57","h":"Est","s":"25S-H55S000S-82-S"},{"r":"161","t":"09:38:57","h":"Est","s":"25N-H55N000S-80-S"},{"r":"161","t":"09:38:57","h":"Est","s":"25N-H55N000S-82-S"},{"r":"161","t":"09:38:57","h":"Est","s":"25N-H55NV10S-85-S"},{"r":"161","t":"09:38:57","h":"Est","s":"25N-H55NV20S-81-S"},{"r":"161","t":"09:38:57","h":"Est","s":"25S-H55S000S-82-S"},{"r":"161","t":"09:41:07","h":"Est","s":"25N-H55N000A-80-A"},{"r":"161","t":"09:41:07","h":"Est","s":"25N-H55NV10A-80-A"},{"r":"161","t":"09:41:07","h":"Est","s":"25N-H55NV20A-80-A"},{"r":"161","t":"09:41:07","h":"Est","s":"25S-H55S000A-80-A"},{"r":"161","t":"09:42:57","h":"Est","s":"25N-H55N000I-80-I"},{"r":"161","t":"09:42:57","h":"Est","s":"25N-H55N100F-80-F1"},{"r":"161","t":"09:42:57","h":"Est","s":"25N-H55N200F-80-F2"},{"r":"161","t":"09:42:57","h":"Est","s":"25N-H55N300F-80-F3"},{"r":"161","t":"09:42:57","h":"Est","s":"25N-H55N400F-80-F4"},{"r":"161","t":"09:42:57","h":"Est","s":"25N-H55NV10I-80-I"},{"r":"161","t":"09:42:57","h":"Est","s":"25N-H55NV20I-80-I"},{"r":"161","t":"09:42:57","h":"Est","s":"25S-H55S000I-80-I"},{"r":"161","t":"09:42:57","h":"Est","s":"25S-H55S100F-80-F1"},{"r":"161","t":"09:42:57","h":"Est","s":"25S-H55S200F-80-F2"},{"r":"161","t":"09:51:57","h":"Est","s":"25N-H55N000S-80-S"},{"r":"161","t":"09:51:57","h":"Est","s":"25N-H55N000S-82-S"},{"r":"161","t":"09:51:57","h":"Est","s":"25N-H55NV10S-85-S"},{"r":"161","t":"09:51:57","h":"Est","s":"25N-H55NV20S-81-S"},{"r":"161","t":"09:51:57","h":"Est","s":"25S-H55S000S-82-S"},{"r":"161","t":"10:02:07","h":"Est","s":"25N-H55N000A-80-A"},{"r":"161","t":"10:02:07","h":"Est","s":"25N-H55NV10A-80-A"},{"r":"161","t":"10:02:07","h":"Est","s":"25N-H55NV20A-80-A"},{"r":"161","t":"10:02:07","h":"Est","s":"25S-H55S000A-80-A"},{"r":"161","t":"10:04:57","h":"Est","s":"25N-H55N000S-80-S"},{"r":"161","t":"10:04:57","h":"Est","s":"25N-H55N000S-82-S"},{"r":"161","t":"10:04:57","h":"Est","s":"25N-H55NV10S-85-S"},{"r":"161","t":"10:04:57","h":"Est","s":"25N-H55NV20S-81-S"},{"r":"161","t":"10:04:57","h":"Est","s":"25S-H55S000S-82-S"},{"r":"161","t":"10:06:57","h":"Est","s":"25N-H55N000I-80-I"},{"r":"161","t":"10:06:57","h":"Est","s":"25N-H55N100F-80-F1"},{"r":"161","t":"10:06:57","h":"Est","s":"25N-H55N200F-80-F2"},{"r":"161","t":"10:06:57","h":"Est","s":"25N-H55N300F-80-F3"},{"r":"161","t":"10:06:57","h":"Est","s":"25N-H55N400F-80-F4"},{"r":"161","t":"10:06:57","h":"Est","s":"25N-H55NV10I-80-I"},{"r":"161","t":"10:06:57","h":"Est","s":"25N-H55NV20I-80-I"},{"r":"161","t":"10:06:57","h":"Est","s":"25S-H55S000I-80-I"},{"r":"161","t":"10:06:57","h":"Est","s":"25S-H55S100F-80-F1"},{"r":"161","t":"10:06:57","h":"Est","s":"25S-H55S200F-80-F2"},{"r":"161","t":"10:19:57","h":"Est","s":"25N-H55N000S-80-S"},{"r":"161","t":"10:19:57","h":"Est","s":"25N-H55N000S-82-S"},{"r":"161","t":"10:19:57","h":"Est","s":"25N-H55NV10S-85-S"},{"r":"161","t":"10:19:57","h":"Est","s":"25N-H55NV20S-81-S"},{"r":"161","t":"10:19:57","h":"Est","s":"25S-H55S000S-82-S"},{"r":"161","t":"10:22:07","h":"Est","s":"25N-H55N000A-80-A"},{"r":"161","t":"10:22:07","h":"Est","s":"25N-H55NV10A-80-A"},{"r":"161","t":"10:22:07","h":"Est","s":"25N-H55NV20A-80-A"},{"r":"161","t":"10:22:07","h":"Est","s":"25S-H55S000A-80-A"},{"r":"161","t":"10:28:57","h":"Est","s":"25N-H55N000I-80-I"},{"r":"161","t":"10:28:57","h":"Est","s":"25N-H55N100F-80-F1"},{"r":"161","t":"10:28:57","h":"Est","s":"25N-H55N200F-80-F2"},{"r":"161","t":"10:28:57","h":"Est","s":"25N-H55N300F-80-F3"},{"r":"161","t":"10:28:57","h":"Est","s":"25N-H55N400F-80-F4"},{"r":"161","t":"10:28:57","h":"Est","s":"25N-H55NV10I-80-I"},{"r":"161","t":"10:28:57","h":"Est","s":"25N-H55NV20I-80-I"},{"r":"161","t":"10:28:57","h":"Est","s":"25S-H55S000I-80-I"},{"r":"161","t":"10:28:57","h":"Est","s":"25S-H55S100F-80-F1"},{"r":"161","t":"10:28:57","h":"Est","s":"25S-H55S200F-80-F2"},{"r":"161","t":"10:34:57","h":"Est","s":"25N-H55N000S-80-S"},{"r":"161","t":"10:34:57","h":"Est","s":"25N-H55N000S-82-S"},{"r":"161","t":"10:34:57","h":"Est","s":"25N-H55NV10S-85-S"},{"r":"161","t":"10:34:57","h":"Est","s":"25N-H55NV20S-81-S"},{"r":"161","t":"10:34:57","h":"Est","s":"25S-H55S000S-82-S"},{"r":"161","t":"10:41:07","h":"Est","s":"25N-H55N000A-80-A"},{"r":"161","t":"10:41:07","h":"Est","s":"25N-H55NV10A-80-A"},{"r":"161","t":"10:41:07","h":"Est","s":"25N-H55NV20A-80-A"},{"r":"161","t":"10:41:07","h":"Est","s":"25S-H55S000A-80-A"},{"r":"161","t":"10:46:57","h":"Est","s":"25N-H55N000I-80-I"},{"r":"161","t":"10:46:57","h":"Est","s":"25N-H55N100F-80-F1"},{"r":"161","t":"10:46:57","h":"Est","s":"25N-H55N200F-80-F2"},{"r":"161","t":"10:46:57","h":"Est","s":"25N-H55N300F-80-F3"},{"r":"161","t":"10:46:57","h":"Est","s":"25N-H55N400F-80-F4"},{"r":"161","t":"10:46:57","h":"Est","s":"25N-H55NV10I-80-I"},{"r":"161","t":"10:46:57","h":"Est","s":"25N-H55NV20I-80-I"},{"r":"161","t":"10:46:57","h":"Est","s":"25S-H55S000I-80-I"},{"r":"161","t":"10:46:57","h":"Est","s":"25S-H55S100F-80-F1"},{"r":"161","t":"10:46:57","h":"Est","s":"25S-H55S200F-80-F2"},{"r":"161","t":"10:49:57","h":"Est","s":"25N-H55N000S-80-S"},{"r":"161","t":"10:49:57","h":"Est","s":"25N-H55N000S-82-S"},{"r":"161","t":"10:49:57","h":"Est","s":"25N-H55NV10S-85-S"},{"r":"161","t":"10:49:57","h":"Est","s":"25N-H55NV20S-81-S"},{"r":"161","t":"10:49:57","h":"Est","s":"25S-H55S000S-82-S"},{"r":"161","t":"11:00:07","h":"Est","s":"25N-H55N000A-80-A"},{"r":"161","t":"11:00:07","h":"Est","s":"25N-H55NV10A-80-A"},{"r":"161","t":"11:00:07","h":"Est","s":"25N-H55NV20A-80-A"},{"r":"161","t":"11:00:07","h":"Est","s":"25S-H55S000A-80-A"},{"r":"161","t":"11:04:57","h":"Est","s":"25N-H55N000I-80-I"},{"r":"161","t":"11:04:57","h":"Est","s":"25N-H55N000S-80-S"},{"r":"161","t":"11:04:57","h":"Est","s":"25N-H55N000S-82-S"},{"r":"161","t":"11:04:57","h":"Est","s":"25N-H55N100F-80-F1"},{"r":"161","t":"11:04:57","h":"Est","s":"25N-H55N200F-80-F2"},{"r":"161","t":"11:04:57","h":"Est","s":"25N-H55N300F-80-F3"},{"r":"161","t":"11:04:57","h":"Est","s":"25N-H55N400F-80-F4"},{"r":"161","t":"11:04:57","h":"Est","s":"25N-H55NV10I-80-I"},{"r":"161","t":"11:04:57","h":"Est","s":"25N-H55NV10S-85-S"},{"r":"161","t":"11:04:57","h":"Est","s":"25N-H55NV20I-80-I"},{"r":"161","t":"11:04:57","h":"Est","s":"25N-H55NV20S-81-S"},{"r":"161","t":"11:04:57","h":"Est","s":"25S-H55S000I-80-I"},{"r":"161","t":"11:04:57","h":"Est","s":"25S-H55S000S-82-S"},{"r":"161","t":"11:04:57","h":"Est","s":"25S-H55S100F-80-F1"},{"r":"161","t":"11:04:57","h":"Est","s":"25S-H55S200F-80-F2"},{"r":"161","t":"11:15:07","h":"Est","s":"25N-H55N000A-80-A"},{"r":"161","t":"11:15:07","h":"Est","s":"25N-H55NV10A-80-A"},{"r":"161","t":"11:15:07","h":"Est","s":"25N-H55NV20A-80-A"},{"r":"161","t":"11:15:07","h":"Est","s":"25S-H55S000A-80-A"},{"r":"161","t":"11:20:57","h":"Est","s":"25N-H55N000I-80-I"},{"r":"161","t":"11:20:57","h":"Est","s":"25N-H55N000S-80-S"},{"r":"161","t":"11:20:57","h":"Est","s":"25N-H55N000S-82-S"},{"r":"161","t":"11:20:57","h":"Est","s":"25N-H55N100F-80-F1"},{"r":"161","t":"11:20:57","h":"Est","s":"25N-H55N200F-80-F2"},{"r":"161","t":"11:20:57","h":"Est","s":"25N-H55N300F-80-F3"},{"r":"161","t":"11:20:57","h":"Est","s":"25N-H55N400F-80-F4"},{"r":"161","t":"11:20:57","h":"Est","s":"25N-H55NV10I-80-I"},{"r":"161","t":"11:20:57","h":"Est","s":"25N-H55NV10S-85-S"},{"r":"161","t":"11:20:57","h":"Est","s":"25N-H55NV20I-80-I"},{"r":"161","t":"11:20:57","h":"Est","s":"25N-H55NV20S-81-S"},{"r":"161","t":"11:20:57","h":"Est","s":"25S-H55S000I-80-I"},{"r":"161","t":"11:20:57","h":"Est","s":"25S-H55S000S-82-S"},{"r":"161","t":"11:20:57","h":"Est","s":"25S-H55S100F-80-F1"},{"r":"161","t":"11:20:57","h":"Est","s":"25S-H55S200F-80-F2"},{"r":"161","t":"11:30:07","h":"Est","s":"25N-H55N000A-80-A"},{"r":"161","t":"11:30:07","h":"Est","s":"25N-H55NV10A-80-A"},{"r":"161","t":"11:30:07","h":"Est","s":"25N-H55NV20A-80-A"},{"r":"161","t":"11:30:07","h":"Est","s":"25S-H55S000A-80-A"},{"r":"161","t":"11:35:57","h":"Est","s":"25N-H55N000S-80-S"},{"r":"161","t":"11:35:57","h":"Est","s":"25N-H55N000S-82-S"},{"r":"161","t":"11:35:57","h":"Est","s":"25N-H55NV10S-85-S"},{"r":"161","t":"11:35:57","h":"Est","s":"25N-H55NV20S-81-S"},{"r":"161","t":"11:35:57","h":"Est","s":"25S-H55S000S-82-S"},{"r":"161","t":"11:36:57","h":"Est","s":"25N-H55N000I-80-I"},{"r":"161","t":"11:36:57","h":"Est","s":"25N-H55N100F-80-F1"},{"r":"161","t":"11:36:57","h":"Est","s":"25N-H55N200F-80-F2"},{"r":"161","t":"11:36:57","h":"Est","s":"25N-H55N300F-80-F3"},{"r":"161","t":"11:36:57","h":"Est","s":"25N-H55N400F-80-F4"},{"r":"161","t":"11:36:57","h":"Est","s":"25N-H55NV10I-80-I"},{"r":"161","t":"11:36:57","h":"Est","s":"25N-H55NV20I-80-I"},{"r":"161","t":"11:36:57","h":"Est","s":"25S-H55S000I-80-I"},{"r":"161","t":"11:36:57","h":"Est","s":"25S-H55S100F-80-F1"},{"r":"161","t":"11:36:57","h":"Est","s":"25S-H55S200F-80-F2"},{"r":"161","t":"11:47:57","h":"Est","s":"25N-H55N000A-80-A"},{"r":"161","t":"11:47:57","h":"Est","s":"25N-H55NV10A-80-A"},{"r":"161","t":"11:47:57","h":"Est","s":"25N-H55NV20A-80-A"},{"r":"161","t":"11:47:57","h":"Est","s":"25S-H55S000A-80-A"},{"r":"161","t":"11:49:57","h":"Est","s":"25N-H55N000S-80-S"},{"r":"161","t":"11:49:57","h":"Est","s":"25N-H55N000S-82-S"},{"r":"161","t":"11:49:57","h":"Est","s":"25N-H55NV10S-85-S"},{"r":"161","t":"11:49:57","h":"Est","s":"25N-H55NV20S-81-S"},{"r":"161","t":"11:49:57","h":"Est","s":"25S-H55S000S-82-S"},{"r":"161","t":"11:52:57","h":"Est","s":"25N-H55N000I-80-I"},{"r":"161","t":"11:52:57","h":"Est","s":"25N-H55N100F-80-F1"},{"r":"161","t":"11:52:57","h":"Est","s":"25N-H55N200F-80-F2"},{"r":"161","t":"11:52:57","h":"Est","s":"25N-H55N300F-80-F3"},{"r":"161","t":"11:52:57","h":"Est","s":"25N-H55N400F-80-F4"},{"r":"161","t":"11:52:57","h":"Est","s":"25N-H55NV10I-80-I"},{"r":"161","t":"11:52:57","h":"Est","s":"25N-H55NV20I-80-I"},{"r":"161","t":"11:52:57","h":"Est","s":"25S-H55S000I-80-I"},{"r":"161","t":"11:52:57","h":"Est","s":"25S-H55S100F-80-F1"},{"r":"161","t":"11:52:57","h":"Est","s":"25S-H55S200F-80-F2"},{"r":"161","t":"12:02:57","h":"Est","s":"25N-H55N000A-80-A"},{"r":"161","t":"12:02:57","h":"Est","s":"25N-H55NV10A-80-A"},{"r":"161","t":"12:02:57","h":"Est","s":"25N-H55NV20A-80-A"},{"r":"161","t":"12:02:57","h":"Est","s":"25S-H55S000A-80-A"},{"r":"161","t":"12:04:57","h":"Est","s":"25N-H55N000S-80-S"},{"r":"161","t":"12:04:57","h":"Est","s":"25N-H55N000S-82-S"},{"r":"161","t":"12:04:57","h":"Est","s":"25N-H55NV10S-85-S"},{"r":"161","t":"12:04:57","h":"Est","s":"25N-H55NV20S-81-S"},{"r":"161","t":"12:04:57","h":"Est","s":"25S-H55S000S-82-S"},{"r":"161","t":"12:08:57","h":"Est","s":"25N-H55N000I-80-I"},{"r":"161","t":"12:08:57","h":"Est","s":"25N-H55N100F-80-F1"},{"r":"161","t":"12:08:57","h":"Est","s":"25N-H55N200F-80-F2"},{"r":"161","t":"12:08:57","h":"Est","s":"25N-H55N300F-80-F3"},{"r":"161","t":"12:08:57","h":"Est","s":"25N-H55N400F-80-F4"},{"r":"161","t":"12:08:57","h":"Est","s":"25N-H55NV10I-80-I"},{"r":"161","t":"12:08:57","h":"Est","s":"25N-H55NV20I-80-I"},{"r":"161","t":"12:08:57","h":"Est","s":"25S-H55S000I-80-I"},{"r":"161","t":"12:08:57","h":"Est","s":"25S-H55S100F-80-F1"},{"r":"161","t":"12:08:57","h":"Est","s":"25S-H55S200F-80-F2"},{"r":"161","t":"12:16:57","h":"Est","s":"25N-H55N000A-80-A"},{"r":"161","t":"12:16:57","h":"Est","s":"25N-H55NV10A-80-A"},{"r":"161","t":"12:16:57","h":"Est","s":"25N-H55NV20A-80-A"},{"r":"161","t":"12:16:57","h":"Est","s":"25S-H55S000A-80-A"},{"r":"161","t":"12:19:57","h":"Est","s":"25N-H55N000S-80-S"},{"r":"161","t":"12:19:57","h":"Est","s":"25N-H55N000S-82-S"},{"r":"161","t":"12:19:57","h":"Est","s":"25N-H55NV10S-85-S"},{"r":"161","t":"12:19:57","h":"Est","s":"25N-H55NV20S-81-S"},{"r":"161","t":"12:19:57","h":"Est","s":"25S-H55S000S-82-S"},{"r":"161","t":"12:24:57","h":"Est","s":"25N-H55N000I-80-I"},{"r":"161","t":"12:24:57","h":"Est","s":"25N-H55N100F-80-F1"},{"r":"161","t":"12:24:57","h":"Est","s":"25N-H55N200F-80-F2"},{"r":"161","t":"12:24:57","h":"Est","s":"25N-H55N300F-80-F3"},{"r":"161","t":"12:24:57","h":"Est","s":"25N-H55N400F-80-F4"},{"r":"161","t":"12:24:57","h":"Est","s":"25N-H55NV10I-80-I"},{"r":"161","t":"12:24:57","h":"Est","s":"25N-H55NV20I-80-I"},{"r":"161","t":"12:24:57","h":"Est","s":"25S-H55S000I-80-I"},{"r":"161","t":"12:24:57","h":"Est","s":"25S-H55S100F-80-F1"},{"r":"161","t":"12:24:57","h":"Est","s":"25S-H55S200F-80-F2"},{"r":"161","t":"12:30:57","h":"Est","s":"25N-H55N000A-80-A"},{"r":"161","t":"12:30:57","h":"Est","s":"25N-H55NV10A-80-A"},{"r":"161","t":"12:30:57","h":"Est","s":"25N-H55NV20A-80-A"},{"r":"161","t":"12:30:57","h":"Est","s":"25S-H55S000A-80-A"},{"r":"161","t":"12:34:57","h":"Est","s":"25N-H55N000S-80-S"},{"r":"161","t":"12:34:57","h":"Est","s":"25N-H55N000S-82-S"},{"r":"161","t":"12:34:57","h":"Est","s":"25N-H55NV10S-85-S"},{"r":"161","t":"12:34:57","h":"Est","s":"25N-H55NV20S-81-S"},{"r":"161","t":"12:34:57","h":"Est","s":"25S-H55S000S-82-S"},{"r":"161","t":"12:39:57","h":"Est","s":"25N-H55N000I-80-I"},{"r":"161","t":"12:39:57","h":"Est","s":"25N-H55N100F-80-F1"},{"r":"161","t":"12:39:57","h":"Est","s":"25N-H55N200F-80-F2"},{"r":"161","t":"12:39:57","h":"Est","s":"25N-H55N300F-80-F3"},{"r":"161","t":"12:39:57","h":"Est","s":"25N-H55N400F-80-F4"},{"r":"161","t":"12:39:57","h":"Est","s":"25N-H55NV10I-80-I"},{"r":"161","t":"12:39:57","h":"Est","s":"25N-H55NV20I-80-I"},{"r":"161","t":"12:39:57","h":"Est","s":"25S-H55S000I-80-I"},{"r":"161","t":"12:39:57","h":"Est","s":"25S-H55S100F-80-F1"},{"r":"161","t":"12:39:57","h":"Est","s":"25S-H55S200F-80-F2"},{"r":"161","t":"12:44:57","h":"Est","s":"25N-H55N000A-80-A"},{"r":"161","t":"12:44:57","h":"Est","s":"25N-H55NV10A-80-A"},{"r":"161","t":"12:44:57","h":"Est","s":"25N-H55NV20A-80-A"},{"r":"161","t":"12:44:57","h":"Est","s":"25S-H55S000A-80-A"},{"r":"161","t":"12:47:57","h":"Est","s":"25N-H55N000S-80-S"},{"r":"161","t":"12:47:57","h":"Est","s":"25N-H55N000S-82-S"},{"r":"161","t":"12:47:57","h":"Est","s":"25N-H55NV10S-85-S"},{"r":"161","t":"12:47:57","h":"Est","s":"25N-H55NV20S-81-S"},{"r":"161","t":"12:47:57","h":"Est","s":"25S-H55S000S-82-S"},{"r":"161","t":"12:54:57","h":"Est","s":"25N-H55N000I-80-I"},{"r":"161","t":"12:54:57","h":"Est","s":"25N-H55N100F-80-F1"},{"r":"161","t":"12:54:57","h":"Est","s":"25N-H55N200F-80-F2"},{"r":"161","t":"12:54:57","h":"Est","s":"25N-H55N300F-80-F3"},{"r":"161","t":"12:54:57","h":"Est","s":"25N-H55N400F-80-F4"},{"r":"161","t":"12:54:57","h":"Est","s":"25N-H55NV10I-80-I"},{"r":"161","t":"12:54:57","h":"Est","s":"25N-H55NV20I-80-I"},{"r":"161","t":"12:54:57","h":"Est","s":"25S-H55S000I-80-I"},{"r":"161","t":"12:54:57","h":"Est","s":"25S-H55S100F-80-F1"},{"r":"161","t":"12:54:57","h":"Est","s":"25S-H55S200F-80-F2"},{"r":"161","t":"12:57:57","h":"Est","s":"25N-H55N000S-80-S"},{"r":"161","t":"12:57:57","h":"Est","s":"25N-H55N000S-82-S"},{"r":"161","t":"12:57:57","h":"Est","s":"25N-H55NV10S-85-S"},{"r":"161","t":"12:57:57","h":"Est","s":"25N-H55NV20S-81-S"},{"r":"161","t":"12:57:57","h":"Est","s":"25S-H55S000S-82-S"},{"r":"161","t":"12:58:57","h":"Est","s":"25N-H55N000A-80-A"},{"r":"161","t":"12:58:57","h":"Est","s":"25N-H55NV10A-80-A"},{"r":"161","t":"12:58:57","h":"Est","s":"25N-H55NV20A-80-A"},{"r":"161","t":"12:58:57","h":"Est","s":"25S-H55S000A-80-A"},{"r":"161","t":"13:07:57","h":"Est","s":"25N-H55N000S-80-S"},{"r":"161","t":"13:07:57","h":"Est","s":"25N-H55N000S-82-S"},{"r":"161","t":"13:07:57","h":"Est","s":"25N-H55NV10S-85-S"},{"r":"161","t":"13:07:57","h":"Est","s":"25N-H55NV20S-81-S"},{"r":"161","t":"13:07:57","h":"Est","s":"25S-H55S000S-82-S"},{"r":"161","t":"13:09:57","h":"Est","s":"25N-H55N000I-80-I"},{"r":"161","t":"13:09:57","h":"Est","s":"25N-H55N100F-80-F1"},{"r":"161","t":"13:09:57","h":"Est","s":"25N-H55N200F-80-F2"},{"r":"161","t":"13:09:57","h":"Est","s":"25N-H55N300F-80-F3"},{"r":"161","t":"13:09:57","h":"Est","s":"25N-H55N400F-80-F4"},{"r":"161","t":"13:09:57","h":"Est","s":"25N-H55NV10I-80-I"},{"r":"161","t":"13:09:57","h":"Est","s":"25N-H55NV20I-80-I"},{"r":"161","t":"13:09:57","h":"Est","s":"25S-H55S000I-80-I"},{"r":"161","t":"13:09:57","h":"Est","s":"25S-H55S100F-80-F1"},{"r":"161","t":"13:09:57","h":"Est","s":"25S-H55S200F-80-F2"},{"r":"161","t":"13:12:57","h":"Est","s":"25N-H55N000A-80-A"},{"r":"161","t":"13:12:57","h":"Est","s":"25N-H55NV10A-80-A"},{"r":"161","t":"13:12:57","h":"Est","s":"25N-H55NV20A-80-A"},{"r":"161","t":"13:12:57","h":"Est","s":"25S-H55S000A-80-A"},{"r":"161","t":"13:18:57","h":"Est","s":"25N-H55N000S-80-S"},{"r":"161","t":"13:18:57","h":"Est","s":"25N-H55N000S-82-S"},{"r":"161","t":"13:18:57","h":"Est","s":"25N-H55NV10S-85-S"},{"r":"161","t":"13:18:57","h":"Est","s":"25N-H55NV20S-81-S"},{"r":"161","t":"13:18:57","h":"Est","s":"25S-H55S000S-82-S"},{"r":"161","t":"13:24:57","h":"Est","s":"25N-H55N000I-80-I"},{"r":"161","t":"13:24:57","h":"Est","s":"25N-H55N100F-80-F1"},{"r":"161","t":"13:24:57","h":"Est","s":"25N-H55N200F-80-F2"},{"r":"161","t":"13:24:57","h":"Est","s":"25N-H55N300F-80-F3"},{"r":"161","t":"13:24:57","h":"Est","s":"25N-H55N400F-80-F4"},{"r":"161","t":"13:24:57","h":"Est","s":"25N-H55NV10I-80-I"},{"r":"161","t":"13:24:57","h":"Est","s":"25N-H55NV20I-80-I"},{"r":"161","t":"13:24:57","h":"Est","s":"25S-H55S000I-80-I"},{"r":"161","t":"13:24:57","h":"Est","s":"25S-H55S100F-80-F1"},{"r":"161","t":"13:24:57","h":"Est","s":"25S-H55S200F-80-F2"},{"r":"161","t":"13:26:57","h":"Est","s":"25N-H55N000A-80-A"},{"r":"161","t":"13:26:57","h":"Est","s":"25N-H55NV10A-80-A"},{"r":"161","t":"13:26:57","h":"Est","s":"25N-H55NV20A-80-A"},{"r":"161","t":"13:26:57","h":"Est","s":"25S-H55S000A-80-A"},{"r":"161","t":"13:28:57","h":"Est","s":"25N-H55N000S-80-S"},{"r":"161","t":"13:28:57","h":"Est","s":"25N-H55N000S-82-S"},{"r":"161","t":"13:28:57","h":"Est","s":"25N-H55NV10S-85-S"},{"r":"161","t":"13:28:57","h":"Est","s":"25N-H55NV20S-81-S"},{"r":"161","t":"13:28:57","h":"Est","s":"25S-H55S000S-82-S"},{"r":"161","t":"13:39:57","h":"Est","s":"25N-H55N000I-80-I"},{"r":"161","t":"13:39:57","h":"Est","s":"25N-H55N000S-80-S"},{"r":"161","t":"13:39:57","h":"Est","s":"25N-H55N000S-82-S"},{"r":"161","t":"13:39:57","h":"Est","s":"25N-H55N100F-80-F1"},{"r":"161","t":"13:39:57","h":"Est","s":"25N-H55N200F-80-F2"},{"r":"161","t":"13:39:57","h":"Est","s":"25N-H55N300F-80-F3"},{"r":"161","t":"13:39:57","h":"Est","s":"25N-H55N400F-80-F4"},{"r":"161","t":"13:39:57","h":"Est","s":"25N-H55NV10I-80-I"},{"r":"161","t":"13:39:57","h":"Est","s":"25N-H55NV10S-85-S"},{"r":"161","t":"13:39:57","h":"Est","s":"25N-H55NV20I-80-I"},{"r":"161","t":"13:39:57","h":"Est","s":"25N-H55NV20S-81-S"},{"r":"161","t":"13:39:57","h":"Est","s":"25S-H55S000I-80-I"},{"r":"161","t":"13:39:57","h":"Est","s":"25S-H55S000S-82-S"},{"r":"161","t":"13:39:57","h":"Est","s":"25S-H55S100F-80-F1"},{"r":"161","t":"13:39:57","h":"Est","s":"25S-H55S200F-80-F2"},{"r":"161","t":"13:40:57","h":"Est","s":"25N-H55N000A-80-A"},{"r":"161","t":"13:40:57","h":"Est","s":"25N-H55NV10A-80-A"},{"r":"161","t":"13:40:57","h":"Est","s":"25N-H55NV20A-80-A"},{"r":"161","t":"13:40:57","h":"Est","s":"25S-H55S000A-80-A"},{"r":"161","t":"13:50:57","h":"Est","s":"25N-H55N000S-80-S"},{"r":"161","t":"13:50:57","h":"Est","s":"25N-H55N000S-82-S"},{"r":"161","t":"13:50:57","h":"Est","s":"25N-H55NV10S-85-S"},{"r":"161","t":"13:50:57","h":"Est","s":"25N-H55NV20S-81-S"},{"r":"161","t":"13:50:57","h":"Est","s":"25S-H55S000S-82-S"},{"r":"161","t":"13:54:57","h":"Est","s":"25N-H55N000A-80-A"},{"r":"161","t":"13:54:57","h":"Est","s":"25N-H55N000I-80-I"},{"r":"161","t":"13:54:57","h":"Est","s":"25N-H55N100F-80-F1"},{"r":"161","t":"13:54:57","h":"Est","s":"25N-H55N200F-80-F2"},{"r":"161","t":"13:54:57","h":"Est","s":"25N-H55N300F-80-F3"},{"r":"161","t":"13:54:57","h":"Est","s":"25N-H55N400F-80-F4"},{"r":"161","t":"13:54:57","h":"Est","s":"25N-H55NV10A-80-A"},{"r":"161","t":"13:54:57","h":"Est","s":"25N-H55NV10I-80-I"},{"r":"161","t":"13:54:57","h":"Est","s":"25N-H55NV20A-80-A"},{"r":"161","t":"13:54:57","h":"Est","s":"25N-H55NV20I-80-I"},{"r":"161","t":"13:54:57","h":"Est","s":"25S-H55S000A-80-A"},{"r":"161","t":"13:54:57","h":"Est","s":"25S-H55S000I-80-I"},{"r":"161","t":"13:54:57","h":"Est","s":"25S-H55S100F-80-F1"},{"r":"161","t":"13:54:57","h":"Est","s":"25S-H55S200F-80-F2"},{"r":"161","t":"13:57:57","h":"Est","s":"25N-H55N000S-80-S"},{"r":"161","t":"13:57:57","h":"Est","s":"25N-H55N000S-82-S"},{"r":"161","t":"13:57:57","h":"Est","s":"25N-H55NV10S-85-S"},{"r":"161","t":"13:57:57","h":"Est","s":"25N-H55NV20S-81-S"},{"r":"161","t":"13:57:57","h":"Est","s":"25S-H55S000S-82-S"},{"r":"161","t":"14:04:57","h":"Est","s":"25N-H55N000S-80-S"},{"r":"161","t":"14:04:57","h":"Est","s":"25N-H55N000S-82-S"},{"r":"161","t":"14:04:57","h":"Est","s":"25N-H55NV10S-85-S"},{"r":"161","t":"14:04:57","h":"Est","s":"25N-H55NV20S-81-S"},{"r":"161","t":"14:04:57","h":"Est","s":"25S-H55S000S-82-S"},{"r":"161","t":"14:08:57","h":"Est","s":"25N-H55N000A-80-A"},{"r":"161","t":"14:08:57","h":"Est","s":"25N-H55NV10A-80-A"},{"r":"161","t":"14:08:57","h":"Est","s":"25N-H55NV20A-80-A"},{"r":"161","t":"14:08:57","h":"Est","s":"25S-H55S000A-80-A"},{"r":"161","t":"14:09:57","h":"Est","s":"25N-H55N000I-80-I"},{"r":"161","t":"14:09:57","h":"Est","s":"25N-H55N100F-80-F1"},{"r":"161","t":"14:09:57","h":"Est","s":"25N-H55N200F-80-F2"},{"r":"161","t":"14:09:57","h":"Est","s":"25N-H55N300F-80-F3"},{"r":"161","t":"14:09:57","h":"Est","s":"25N-H55N400F-80-F4"},{"r":"161","t":"14:09:57","h":"Est","s":"25N-H55NV10I-80-I"},{"r":"161","t":"14:09:57","h":"Est","s":"25N-H55NV20I-80-I"},{"r":"161","t":"14:09:57","h":"Est","s":"25S-H55S000I-80-I"},{"r":"161","t":"14:09:57","h":"Est","s":"25S-H55S100F-80-F1"},{"r":"161","t":"14:09:57","h":"Est","s":"25S-H55S200F-80-F2"},{"r":"161","t":"14:13:57","h":"Est","s":"25N-H55N000S-80-S"},{"r":"161","t":"14:13:57","h":"Est","s":"25N-H55N000S-82-S"},{"r":"161","t":"14:13:57","h":"Est","s":"25N-H55NV10S-85-S"},{"r":"161","t":"14:13:57","h":"Est","s":"25N-H55NV20S-81-S"},{"r":"161","t":"14:13:57","h":"Est","s":"25S-H55S000S-82-S"},{"r":"161","t":"14:20:57","h":"Est","s":"25N-H55N000A-80-A"},{"r":"161","t":"14:20:57","h":"Est","s":"25N-H55NV10A-80-A"},{"r":"161","t":"14:20:57","h":"Est","s":"25N-H55NV20A-80-A"},{"r":"161","t":"14:20:57","h":"Est","s":"25S-H55S000A-80-A"},{"r":"161","t":"14:22:57","h":"Est","s":"25N-H55N000S-80-S"},{"r":"161","t":"14:22:57","h":"Est","s":"25N-H55N000S-82-S"},{"r":"161","t":"14:22:57","h":"Est","s":"25N-H55NV10S-85-S"},{"r":"161","t":"14:22:57","h":"Est","s":"25N-H55NV20S-81-S"},{"r":"161","t":"14:22:57","h":"Est","s":"25S-H55S000S-82-S"},{"r":"161","t":"14:24:57","h":"Est","s":"25N-H55N000I-80-I"},{"r":"161","t":"14:24:57","h":"Est","s":"25N-H55N100F-80-F1"},{"r":"161","t":"14:24:57","h":"Est","s":"25N-H55N200F-80-F2"},{"r":"161","t":"14:24:57","h":"Est","s":"25N-H55N300F-80-F3"},{"r":"161","t":"14:24:57","h":"Est","s":"25N-H55N400F-80-F4"},{"r":"161","t":"14:24:57","h":"Est","s":"25N-H55NV10I-80-I"},{"r":"161","t":"14:24:57","h":"Est","s":"25N-H55NV20I-80-I"},{"r":"161","t":"14:24:57","h":"Est","s":"25S-H55S000I-80-I"},{"r":"161","t":"14:24:57","h":"Est","s":"25S-H55S100F-80-F1"},{"r":"161","t":"14:24:57","h":"Est","s":"25S-H55S200F-80-F2"},{"r":"161","t":"14:31:57","h":"Est","s":"25N-H55N000S-80-S"},{"r":"161","t":"14:31:57","h":"Est","s":"25N-H55N000S-82-S"},{"r":"161","t":"14:31:57","h":"Est","s":"25N-H55NV10S-85-S"},{"r":"161","t":"14:31:57","h":"Est","s":"25N-H55NV20S-81-S"},{"r":"161","t":"14:31:57","h":"Est","s":"25S-H55S000S-82-S"},{"r":"161","t":"14:32:57","h":"Est","s":"25N-H55N000A-80-A"},{"r":"161","t":"14:32:57","h":"Est","s":"25N-H55NV10A-80-A"},{"r":"161","t":"14:32:57","h":"Est","s":"25N-H55NV20A-80-A"},{"r":"161","t":"14:32:57","h":"Est","s":"25S-H55S000A-80-A"},{"r":"161","t":"14:39:57","h":"Est","s":"25N-H55N000I-80-I"},{"r":"161","t":"14:39:57","h":"Est","s":"25N-H55N100F-80-F1"},{"r":"161","t":"14:39:57","h":"Est","s":"25N-H55N200F-80-F2"},{"r":"161","t":"14:39:57","h":"Est","s":"25N-H55N300F-80-F3"},{"r":"161","t":"14:39:57","h":"Est","s":"25N-H55N400F-80-F4"},{"r":"161","t":"14:39:57","h":"Est","s":"25N-H55NV10I-80-I"},{"r":"161","t":"14:39:57","h":"Est","s":"25N-H55NV20I-80-I"},{"r":"161","t":"14:39:57","h":"Est","s":"25S-H55S000I-80-I"},{"r":"161","t":"14:39:57","h":"Est","s":"25S-H55S100F-80-F1"},{"r":"161","t":"14:39:57","h":"Est","s":"25S-H55S200F-80-F2"},{"r":"161","t":"14:40:57","h":"Est","s":"25N-H55N000S-80-S"},{"r":"161","t":"14:40:57","h":"Est","s":"25N-H55N000S-82-S"},{"r":"161","t":"14:40:57","h":"Est","s":"25N-H55NV10S-85-S"},{"r":"161","t":"14:40:57","h":"Est","s":"25N-H55NV20S-81-S"},{"r":"161","t":"14:40:57","h":"Est","s":"25S-H55S000S-82-S"},{"r":"161","t":"14:44:57","h":"Est","s":"25N-H55N000A-80-A"},{"r":"161","t":"14:44:57","h":"Est","s":"25N-H55NV10A-80-A"},{"r":"161","t":"14:44:57","h":"Est","s":"25N-H55NV20A-80-A"},{"r":"161","t":"14:44:57","h":"Est","s":"25S-H55S000A-80-A"},{"r":"161","t":"14:49:57","h":"Est","s":"25N-H55N000S-80-S"},{"r":"161","t":"14:49:57","h":"Est","s":"25N-H55N000S-82-S"},{"r":"161","t":"14:49:57","h":"Est","s":"25N-H55NV10S-85-S"},{"r":"161","t":"14:49:57","h":"Est","s":"25N-H55NV20S-81-S"},{"r":"161","t":"14:49:57","h":"Est","s":"25S-H55S000S-82-S"},{"r":"161","t":"14:53:57","h":"Est","s":"25N-H55N000I-80-I"},{"r":"161","t":"14:53:57","h":"Est","s":"25N-H55N100F-80-F1"},{"r":"161","t":"14:53:57","h":"Est","s":"25N-H55N200F-80-F2"},{"r":"161","t":"14:53:57","h":"Est","s":"25N-H55N300F-80-F3"},{"r":"161","t":"14:53:57","h":"Est","s":"25N-H55N400F-80-F4"},{"r":"161","t":"14:53:57","h":"Est","s":"25N-H55NV10I-80-I"},{"r":"161","t":"14:53:57","h":"Est","s":"25N-H55NV20I-80-I"},{"r":"161","t":"14:53:57","h":"Est","s":"25S-H55S000I-80-I"},{"r":"161","t":"14:53:57","h":"Est","s":"25S-H55S100F-80-F1"},{"r":"161","t":"14:53:57","h":"Est","s":"25S-H55S200F-80-F2"},{"r":"161","t":"14:54:57","h":"Est","s":"25N-H55N000A-80-A"},{"r":"161","t":"14:54:57","h":"Est","s":"25N-H55NV10A-80-A"},{"r":"161","t":"14:54:57","h":"Est","s":"25N-H55NV20A-80-A"},{"r":"161","t":"14:54:57","h":"Est","s":"25S-H55S000A-80-A"},{"r":"161","t":"14:58:57","h":"Est","s":"25N-H55N000S-80-S"},{"r":"161","t":"14:58:57","h":"Est","s":"25N-H55N000S-82-S"},{"r":"161","t":"14:58:57","h":"Est","s":"25N-H55NV10S-85-S"},{"r":"161","t":"14:58:57","h":"Est","s":"25N-H55NV20S-81-S"},{"r":"161","t":"14:58:57","h":"Est","s":"25S-H55S000S-82-S"},{"r":"161","t":"15:04:57","h":"Est","s":"25N-H55N000A-80-A"},{"r":"161","t":"15:04:57","h":"Est","s":"25N-H55NV10A-80-A"},{"r":"161","t":"15:04:57","h":"Est","s":"25N-H55NV20A-80-A"},{"r":"161","t":"15:04:57","h":"Est","s":"25S-H55S000A-80-A"},{"r":"161","t":"15:07:57","h":"Est","s":"25N-H55N000I-80-I"},{"r":"161","t":"15:07:57","h":"Est","s":"25N-H55N000S-80-S"},{"r":"161","t":"15:07:57","h":"Est","s":"25N-H55N000S-82-S"},{"r":"161","t":"15:07:57","h":"Est","s":"25N-H55N100F-80-F1"},{"r":"161","t":"15:07:57","h":"Est","s":"25N-H55N200F-80-F2"},{"r":"161","t":"15:07:57","h":"Est","s":"25N-H55N300F-80-F3"},{"r":"161","t":"15:07:57","h":"Est","s":"25N-H55N400F-80-F4"},{"r":"161","t":"15:07:57","h":"Est","s":"25N-H55NV10I-80-I"},{"r":"161","t":"15:07:57","h":"Est","s":"25N-H55NV10S-85-S"},{"r":"161","t":"15:07:57","h":"Est","s":"25N-H55NV20I-80-I"},{"r":"161","t":"15:07:57","h":"Est","s":"25N-H55NV20S-81-S"},{"r":"161","t":"15:07:57","h":"Est","s":"25S-H55S000I-80-I"},{"r":"161","t":"15:07:57","h":"Est","s":"25S-H55S000S-82-S"},{"r":"161","t":"15:07:57","h":"Est","s":"25S-H55S100F-80-F1"},{"r":"161","t":"15:07:57","h":"Est","s":"25S-H55S200F-80-F2"},{"r":"161","t":"15:14:57","h":"Est","s":"25N-H55N000A-80-A"},{"r":"161","t":"15:14:57","h":"Est","s":"25N-H55N000S-80-S"},{"r":"161","t":"15:14:57","h":"Est","s":"25N-H55N000S-82-S"},{"r":"161","t":"15:14:57","h":"Est","s":"25N-H55NV10A-80-A"},{"r":"161","t":"15:14:57","h":"Est","s":"25N-H55NV10S-85-S"},{"r":"161","t":"15:14:57","h":"Est","s":"25N-H55NV20A-80-A"},{"r":"161","t":"15:14:57","h":"Est","s":"25N-H55NV20S-81-S"},{"r":"161","t":"15:14:57","h":"Est","s":"25S-H55S000A-80-A"},{"r":"161","t":"15:14:57","h":"Est","s":"25S-H55S000S-82-S"},{"r":"161","t":"15:17:57","h":"Est","s":"25N-H55N000I-80-I"},{"r":"161","t":"15:17:57","h":"Est","s":"25N-H55N100F-80-F1"},{"r":"161","t":"15:17:57","h":"Est","s":"25N-H55N200F-80-F2"},{"r":"161","t":"15:17:57","h":"Est","s":"25N-H55N300F-80-F3"},{"r":"161","t":"15:17:57","h":"Est","s":"25N-H55N400F-80-F4"},{"r":"161","t":"15:17:57","h":"Est","s":"25N-H55NV10I-80-I"},{"r":"161","t":"15:17:57","h":"Est","s":"25N-H55NV20I-80-I"},{"r":"161","t":"15:17:57","h":"Est","s":"25S-H55S000I-80-I"},{"r":"161","t":"15:17:57","h":"Est","s":"25S-H55S100F-80-F1"},{"r":"161","t":"15:17:57","h":"Est","s":"25S-H55S200F-80-F2"},{"r":"161","t":"15:20:57","h":"Est","s":"25N-H57N000S-80-S"},{"r":"161","t":"15:20:57","h":"Est","s":"25N-H57NV10S-84-S"},{"r":"161","t":"15:20:57","h":"Est","s":"25N-H57NV20S-80-S"},{"r":"161","t":"15:20:57","h":"Est","s":"25S-H57S000S-82-S"},{"r":"161","t":"15:24:57","h":"Est","s":"25N-H55N000A-80-A"},{"r":"161","t":"15:24:57","h":"Est","s":"25N-H55NV10A-80-A"},{"r":"161","t":"15:24:57","h":"Est","s":"25N-H55NV20A-80-A"},{"r":"161","t":"15:24:57","h":"Est","s":"25S-H55S000A-80-A"},{"r":"161","t":"15:26:57","h":"Est","s":"25N-H57N000S-80-S"},{"r":"161","t":"15:26:57","h":"Est","s":"25N-H57NV10S-84-S"},{"r":"161","t":"15:26:57","h":"Est","s":"25N-H57NV20S-80-S"},{"r":"161","t":"15:26:57","h":"Est","s":"25S-H57S000S-82-S"},{"r":"161","t":"15:27:57","h":"Est","s":"25N-H55N000I-80-I"},{"r":"161","t":"15:27:57","h":"Est","s":"25N-H55N100F-80-F1"},{"r":"161","t":"15:27:57","h":"Est","s":"25N-H55N200F-80-F2"},{"r":"161","t":"15:27:57","h":"Est","s":"25N-H55N300F-80-F3"},{"r":"161","t":"15:27:57","h":"Est","s":"25N-H55N400F-80-F4"},{"r":"161","t":"15:27:57","h":"Est","s":"25N-H55NV10I-80-I"},{"r":"161","t":"15:27:57","h":"Est","s":"25N-H55NV20I-80-I"},{"r":"161","t":"15:27:57","h":"Est","s":"25S-H55S000I-80-I"},{"r":"161","t":"15:27:57","h":"Est","s":"25S-H55S100F-80-F1"},{"r":"161","t":"15:27:57","h":"Est","s":"25S-H55S200F-80-F2"},{"r":"161","t":"15:31:57","h":"Est","s":"25N-H55N000S-80-S"},{"r":"161","t":"15:31:57","h":"Est","s":"25N-H55N000S-82-S"},{"r":"161","t":"15:31:57","h":"Est","s":"25N-H55NV10S-85-S"},{"r":"161","t":"15:31:57","h":"Est","s":"25N-H55NV20S-81-S"},{"r":"161","t":"15:31:57","h":"Est","s":"25S-H55S000S-82-S"},{"r":"161","t":"15:37:57","h":"Est","s":"25N-H55N000A-80-A"},{"r":"161","t":"15:37:57","h":"Est","s":"25N-H55N000I-80-I"},{"r":"161","t":"15:37:57","h":"Est","s":"25N-H55N000S-80-S"},{"r":"161","t":"15:37:57","h":"Est","s":"25N-H55N000S-82-S"},{"r":"161","t":"15:37:57","h":"Est","s":"25N-H55N100F-80-F1"},{"r":"161","t":"15:37:57","h":"Est","s":"25N-H55N200F-80-F2"},{"r":"161","t":"15:37:57","h":"Est","s":"25N-H55N300F-80-F3"},{"r":"161","t":"15:37:57","h":"Est","s":"25N-H55N400F-80-F4"},{"r":"161","t":"15:37:57","h":"Est","s":"25N-H55NV10A-80-A"},{"r":"161","t":"15:37:57","h":"Est","s":"25N-H55NV10I-80-I"},{"r":"161","t":"15:37:57","h":"Est","s":"25N-H55NV10S-85-S"},{"r":"161","t":"15:37:57","h":"Est","s":"25N-H55NV20A-80-A"},{"r":"161","t":"15:37:57","h":"Est","s":"25N-H55NV20I-80-I"},{"r":"161","t":"15:37:57","h":"Est","s":"25N-H55NV20S-81-S"},{"r":"161","t":"15:37:57","h":"Est","s":"25S-H55S000A-80-A"},{"r":"161","t":"15:37:57","h":"Est","s":"25S-H55S000I-80-I"},{"r":"161","t":"15:37:57","h":"Est","s":"25S-H55S000S-82-S"},{"r":"161","t":"15:37:57","h":"Est","s":"25S-H55S100F-80-F1"},{"r":"161","t":"15:37:57","h":"Est","s":"25S-H55S200F-80-F2"},{"r":"161","t":"15:42:57","h":"Est","s":"25N-H59N000S-80-S"},{"r":"161","t":"15:42:57","h":"Est","s":"25N-H59NV10S-84-S"},{"r":"161","t":"15:42:57","h":"Est","s":"25N-H59NV20S-80-S"},{"r":"161","t":"15:42:57","h":"Est","s":"25S-H59S000S-81-S"},{"r":"161","t":"15:47:57","h":"Est","s":"25N-H55N000S-80-S"},{"r":"161","t":"15:47:57","h":"Est","s":"25N-H55N000S-82-S"},{"r":"161","t":"15:47:57","h":"Est","s":"25N-H55NV10S-85-S"},{"r":"161","t":"15:47:57","h":"Est","s":"25N-H55NV20S-81-S"},{"r":"161","t":"15:47:57","h":"Est","s":"25S-H55S000S-82-S"},{"r":"161","t":"15:49:57","h":"Est","s":"25N-H55N000I-80-I"},{"r":"161","t":"15:49:57","h":"Est","s":"25N-H55N100F-80-F1"},{"r":"161","t":"15:49:57","h":"Est","s":"25N-H55N200F-80-F2"},{"r":"161","t":"15:49:57","h":"Est","s":"25N-H55N300F-80-F3"},{"r":"161","t":"15:49:57","h":"Est","s":"25N-H55N400F-80-F4"},{"r":"161","t":"15:49:57","h":"Est","s":"25N-H55NV10I-80-I"},{"r":"161","t":"15:49:57","h":"Est","s":"25N-H55NV20I-80-I"},{"r":"161","t":"15:49:57","h":"Est","s":"25S-H55S000I-80-I"},{"r":"161","t":"15:49:57","h":"Est","s":"25S-H55S100F-80-F1"},{"r":"161","t":"15:49:57","h":"Est","s":"25S-H55S200F-80-F2"},{"r":"161","t":"15:51:57","h":"Est","s":"25N-H55N000A-80-A"},{"r":"161","t":"15:51:57","h":"Est","s":"25N-H55NV10A-80-A"},{"r":"161","t":"15:51:57","h":"Est","s":"25N-H55NV20A-80-A"},{"r":"161","t":"15:51:57","h":"Est","s":"25S-H55S000A-80-A"},{"r":"161","t":"15:53:57","h":"Est","s":"25N-H55N000S-80-S"},{"r":"161","t":"15:53:57","h":"Est","s":"25N-H55N000S-82-S"},{"r":"161","t":"15:53:57","h":"Est","s":"25N-H55NV10S-85-S"},{"r":"161","t":"15:53:57","h":"Est","s":"25N-H55NV20S-81-S"},{"r":"161","t":"15:53:57","h":"Est","s":"25S-H55S000S-82-S"},{"r":"161","t":"16:00:57","h":"Est","s":"25N-H55N000S-80-S"},{"r":"161","t":"16:00:57","h":"Est","s":"25N-H55N000S-82-S"},{"r":"161","t":"16:00:57","h":"Est","s":"25N-H55NV10S-85-S"},{"r":"161","t":"16:00:57","h":"Est","s":"25N-H55NV20S-81-S"},{"r":"161","t":"16:00:57","h":"Est","s":"25S-H55S000S-82-S"},{"r":"161","t":"16:01:57","h":"Est","s":"25N-H55N000I-80-I"},{"r":"161","t":"16:01:57","h":"Est","s":"25N-H55N100F-80-F1"},{"r":"161","t":"16:01:57","h":"Est","s":"25N-H55N200F-80-F2"},{"r":"161","t":"16:01:57","h":"Est","s":"25N-H55N300F-80-F3"},{"r":"161","t":"16:01:57","h":"Est","s":"25N-H55N400F-80-F4"},{"r":"161","t":"16:01:57","h":"Est","s":"25N-H55NV10I-80-I"},{"r":"161","t":"16:01:57","h":"Est","s":"25N-H55NV20I-80-I"},{"r":"161","t":"16:01:57","h":"Est","s":"25S-H55S000I-80-I"},{"r":"161","t":"16:01:57","h":"Est","s":"25S-H55S100F-80-F1"},{"r":"161","t":"16:01:57","h":"Est","s":"25S-H55S200F-80-F2"},{"r":"161","t":"16:04:57","h":"Est","s":"25N-H55N000A-80-A"},{"r":"161","t":"16:04:57","h":"Est","s":"25N-H55NV10A-80-A"},{"r":"161","t":"16:04:57","h":"Est","s":"25N-H55NV20A-80-A"},{"r":"161","t":"16:04:57","h":"Est","s":"25S-H55S000A-80-A"},{"r":"161","t":"16:08:57","h":"Est","s":"25N-H55N000S-80-S"},{"r":"161","t":"16:08:57","h":"Est","s":"25N-H55N000S-82-S"},{"r":"161","t":"16:08:57","h":"Est","s":"25N-H55NV10S-85-S"},{"r":"161","t":"16:08:57","h":"Est","s":"25N-H55NV20S-81-S"},{"r":"161","t":"16:08:57","h":"Est","s":"25S-H55S000S-82-S"},{"r":"161","t":"16:15:57","h":"Est","s":"25N-H55N000I-80-I"},{"r":"161","t":"16:15:57","h":"Est","s":"25N-H55N100F-80-F1"},{"r":"161","t":"16:15:57","h":"Est","s":"25N-H55N200F-80-F2"},{"r":"161","t":"16:15:57","h":"Est","s":"25N-H55N300F-80-F3"},{"r":"161","t":"16:15:57","h":"Est","s":"25N-H55N400F-80-F4"},{"r":"161","t":"16:15:57","h":"Est","s":"25N-H55NV10I-80-I"},{"r":"161","t":"16:15:57","h":"Est","s":"25N-H55NV20I-80-I"},{"r":"161","t":"16:15:57","h":"Est","s":"25S-H55S000I-80-I"},{"r":"161","t":"16:15:57","h":"Est","s":"25S-H55S100F-80-F1"},{"r":"161","t":"16:15:57","h":"Est","s":"25S-H55S200F-80-F2"},{"r":"161","t":"16:16:57","h":"Est","s":"25N-H55N000S-80-S"},{"r":"161","t":"16:16:57","h":"Est","s":"25N-H55N000S-82-S"},{"r":"161","t":"16:16:57","h":"Est","s":"25N-H55NV10S-85-S"},{"r":"161","t":"16:16:57","h":"Est","s":"25N-H55NV20S-81-S"},{"r":"161","t":"16:16:57","h":"Est","s":"25S-H55S000S-82-S"},{"r":"161","t":"16:17:57","h":"Est","s":"25N-H55N000A-80-A"},{"r":"161","t":"16:17:57","h":"Est","s":"25N-H55NV10A-80-A"},{"r":"161","t":"16:17:57","h":"Est","s":"25N-H55NV20A-80-A"},{"r":"161","t":"16:17:57","h":"Est","s":"25S-H55S000A-80-A"},{"r":"161","t":"16:24:57","h":"Est","s":"25N-H55N000S-80-S"},{"r":"161","t":"16:24:57","h":"Est","s":"25N-H55N000S-82-S"},{"r":"161","t":"16:24:57","h":"Est","s":"25N-H55NV10S-85-S"},{"r":"161","t":"16:24:57","h":"Est","s":"25N-H55NV20S-81-S"},{"r":"161","t":"16:24:57","h":"Est","s":"25S-H55S000S-82-S"},{"r":"161","t":"16:29:57","h":"Est","s":"25N-H55N000I-80-I"},{"r":"161","t":"16:29:57","h":"Est","s":"25N-H55N100F-80-F1"},{"r":"161","t":"16:29:57","h":"Est","s":"25N-H55N200F-80-F2"},{"r":"161","t":"16:29:57","h":"Est","s":"25N-H55N300F-80-F3"},{"r":"161","t":"16:29:57","h":"Est","s":"25N-H55N400F-80-F4"},{"r":"161","t":"16:29:57","h":"Est","s":"25N-H55NV10I-80-I"},{"r":"161","t":"16:29:57","h":"Est","s":"25N-H55NV20I-80-I"},{"r":"161","t":"16:29:57","h":"Est","s":"25S-H55S000I-80-I"},{"r":"161","t":"16:29:57","h":"Est","s":"25S-H55S100F-80-F1"},{"r":"161","t":"16:29:57","h":"Est","s":"25S-H55S200F-80-F2"},{"r":"161","t":"16:30:57","h":"Est","s":"25N-H55N000A-80-A"},{"r":"161","t":"16:30:57","h":"Est","s":"25N-H55NV10A-80-A"},{"r":"161","t":"16:30:57","h":"Est","s":"25N-H55NV20A-80-A"},{"r":"161","t":"16:30:57","h":"Est","s":"25S-H55S000A-80-A"},{"r":"161","t":"16:32:57","h":"Est","s":"25N-H55N000S-80-S"},{"r":"161","t":"16:32:57","h":"Est","s":"25N-H55N000S-82-S"},{"r":"161","t":"16:32:57","h":"Est","s":"25N-H55NV10S-85-S"},{"r":"161","t":"16:32:57","h":"Est","s":"25N-H55NV20S-81-S"},{"r":"161","t":"16:32:57","h":"Est","s":"25S-H55S000S-82-S"},{"r":"161","t":"16:39:57","h":"Est","s":"25N-H55N000S-80-S"},{"r":"161","t":"16:39:57","h":"Est","s":"25N-H55N000S-82-S"},{"r":"161","t":"16:39:57","h":"Est","s":"25N-H55NV10S-85-S"},{"r":"161","t":"16:39:57","h":"Est","s":"25N-H55NV20S-81-S"},{"r":"161","t":"16:39:57","h":"Est","s":"25S-H55S000S-82-S"},{"r":"161","t":"16:43:07","h":"Est","s":"25N-H55N000A-80-A"},{"r":"161","t":"16:43:07","h":"Est","s":"25N-H55NV10A-80-A"},{"r":"161","t":"16:43:07","h":"Est","s":"25N-H55NV20A-80-A"},{"r":"161","t":"16:43:07","h":"Est","s":"25S-H55S000A-80-A"},{"r":"161","t":"16:43:57","h":"Est","s":"25N-H55N000I-80-I"},{"r":"161","t":"16:43:57","h":"Est","s":"25N-H55N100F-80-F1"},{"r":"161","t":"16:43:57","h":"Est","s":"25N-H55N200F-80-F2"},{"r":"161","t":"16:43:57","h":"Est","s":"25N-H55N300F-80-F3"},{"r":"161","t":"16:43:57","h":"Est","s":"25N-H55N400F-80-F4"},{"r":"161","t":"16:43:57","h":"Est","s":"25N-H55NV10I-80-I"},{"r":"161","t":"16:43:57","h":"Est","s":"25N-H55NV20I-80-I"},{"r":"161","t":"16:43:57","h":"Est","s":"25S-H55S000I-80-I"},{"r":"161","t":"16:43:57","h":"Est","s":"25S-H55S100F-80-F1"},{"r":"161","t":"16:43:57","h":"Est","s":"25S-H55S200F-80-F2"},{"r":"161","t":"16:45:57","h":"Est","s":"25N-H55N000S-80-S"},{"r":"161","t":"16:45:57","h":"Est","s":"25N-H55N000S-82-S"},{"r":"161","t":"16:45:57","h":"Est","s":"25N-H55NV10S-85-S"},{"r":"161","t":"16:45:57","h":"Est","s":"25N-H55NV20S-81-S"},{"r":"161","t":"16:45:57","h":"Est","s":"25S-H55S000S-82-S"},{"r":"161","t":"16:50:57","h":"Est","s":"25N-H50N000S-80-S"},{"r":"161","t":"16:50:57","h":"Est","s":"25N-H50N000S-90-S"},{"r":"161","t":"16:50:57","h":"Est","s":"25N-H50NV10S-90-S"},{"r":"161","t":"16:50:57","h":"Est","s":"25N-H50NV20S-90-S"},{"r":"161","t":"16:50:57","h":"Est","s":"25S-H50S000S-81-S"},{"r":"161","t":"16:53:07","h":"Est","s":"25N-H55N000A-80-A"},{"r":"161","t":"16:53:07","h":"Est","s":"25N-H55NV10A-80-A"},{"r":"161","t":"16:53:07","h":"Est","s":"25N-H55NV20A-80-A"},{"r":"161","t":"16:53:07","h":"Est","s":"25S-H55S000A-80-A"},{"r":"161","t":"16:55:57","h":"Est","s":"25N-H55N000S-80-S"},{"r":"161","t":"16:55:57","h":"Est","s":"25N-H55N000S-82-S"},{"r":"161","t":"16:55:57","h":"Est","s":"25N-H55NV10S-85-S"},{"r":"161","t":"16:55:57","h":"Est","s":"25N-H55NV20S-81-S"},{"r":"161","t":"16:55:57","h":"Est","s":"25S-H55S000S-82-S"},{"r":"161","t":"16:57:57","h":"Est","s":"25N-H55N000I-80-I"},{"r":"161","t":"16:57:57","h":"Est","s":"25N-H55N100F-80-F1"},{"r":"161","t":"16:57:57","h":"Est","s":"25N-H55N200F-80-F2"},{"r":"161","t":"16:57:57","h":"Est","s":"25N-H55N300F-80-F3"},{"r":"161","t":"16:57:57","h":"Est","s":"25N-H55N400F-80-F4"},{"r":"161","t":"16:57:57","h":"Est","s":"25N-H55NV10I-80-I"},{"r":"161","t":"16:57:57","h":"Est","s":"25N-H55NV20I-80-I"},{"r":"161","t":"16:57:57","h":"Est","s":"25S-H55S000I-80-I"},{"r":"161","t":"16:57:57","h":"Est","s":"25S-H55S100F-80-F1"},{"r":"161","t":"16:57:57","h":"Est","s":"25S-H55S200F-80-F2"},{"r":"161","t":"17:00:57","h":"Est","s":"25N-H55N000S-80-S"},{"r":"161","t":"17:00:57","h":"Est","s":"25N-H55N000S-82-S"},{"r":"161","t":"17:00:57","h":"Est","s":"25N-H55NV10S-85-S"},{"r":"161","t":"17:00:57","h":"Est","s":"25N-H55NV20S-81-S"},{"r":"161","t":"17:00:57","h":"Est","s":"25S-H55S000S-82-S"},{"r":"161","t":"17:03:07","h":"Est","s":"25N-H55N000A-80-A"},{"r":"161","t":"17:03:07","h":"Est","s":"25N-H55NV10A-80-A"},{"r":"161","t":"17:03:07","h":"Est","s":"25N-H55NV20A-80-A"},{"r":"161","t":"17:03:07","h":"Est","s":"25S-H55S000A-80-A"},{"r":"161","t":"17:07:57","h":"Est","s":"25N-H55N000S-80-S"},{"r":"161","t":"17:07:57","h":"Est","s":"25N-H55N000S-82-S"},{"r":"161","t":"17:07:57","h":"Est","s":"25N-H55NV10S-85-S"},{"r":"161","t":"17:07:57","h":"Est","s":"25N-H55NV20S-81-S"},{"r":"161","t":"17:07:57","h":"Est","s":"25S-H55S000S-82-S"},{"r":"161","t":"17:11:57","h":"Est","s":"25N-H55N000I-80-I"},{"r":"161","t":"17:11:57","h":"Est","s":"25N-H55N100F-80-F1"},{"r":"161","t":"17:11:57","h":"Est","s":"25N-H55N200F-80-F2"},{"r":"161","t":"17:11:57","h":"Est","s":"25N-H55N300F-80-F3"},{"r":"161","t":"17:11:57","h":"Est","s":"25N-H55N400F-80-F4"},{"r":"161","t":"17:11:57","h":"Est","s":"25N-H55NV10I-80-I"},{"r":"161","t":"17:11:57","h":"Est","s":"25N-H55NV20I-80-I"},{"r":"161","t":"17:11:57","h":"Est","s":"25S-H55S000I-80-I"},{"r":"161","t":"17:11:57","h":"Est","s":"25S-H55S100F-80-F1"},{"r":"161","t":"17:11:57","h":"Est","s":"25S-H55S200F-80-F2"},{"r":"161","t":"17:13:07","h":"Est","s":"25N-H55N000A-80-A"},{"r":"161","t":"17:13:07","h":"Est","s":"25N-H55NV10A-80-A"},{"r":"161","t":"17:13:07","h":"Est","s":"25N-H55NV20A-80-A"},{"r":"161","t":"17:13:07","h":"Est","s":"25S-H55S000A-80-A"},{"r":"161","t":"17:15:57","h":"Est","s":"25N-H55N000S-80-S"},{"r":"161","t":"17:15:57","h":"Est","s":"25N-H55N000S-82-S"},{"r":"161","t":"17:15:57","h":"Est","s":"25N-H55NV10S-85-S"},{"r":"161","t":"17:15:57","h":"Est","s":"25N-H55NV20S-81-S"},{"r":"161","t":"17:15:57","h":"Est","s":"25S-H55S000S-82-S"},{"r":"161","t":"17:23:07","h":"Est","s":"25N-H55N000A-80-A"},{"r":"161","t":"17:23:07","h":"Est","s":"25N-H55NV10A-80-A"},{"r":"161","t":"17:23:07","h":"Est","s":"25N-H55NV20A-80-A"},{"r":"161","t":"17:23:07","h":"Est","s":"25S-H55S000A-80-A"},{"r":"161","t":"17:23:57","h":"Est","s":"25N-H55N000S-80-S"},{"r":"161","t":"17:23:57","h":"Est","s":"25N-H55N000S-82-S"},{"r":"161","t":"17:23:57","h":"Est","s":"25N-H55NV10S-85-S"},{"r":"161","t":"17:23:57","h":"Est","s":"25N-H55NV20S-81-S"},{"r":"161","t":"17:23:57","h":"Est","s":"25S-H55S000S-82-S"},{"r":"161","t":"17:24:57","h":"Est","s":"25N-H55N000I-80-I"},{"r":"161","t":"17:24:57","h":"Est","s":"25N-H55N100F-80-F1"},{"r":"161","t":"17:24:57","h":"Est","s":"25N-H55N200F-80-F2"},{"r":"161","t":"17:24:57","h":"Est","s":"25N-H55N300F-80-F3"},{"r":"161","t":"17:24:57","h":"Est","s":"25N-H55N400F-80-F4"},{"r":"161","t":"17:24:57","h":"Est","s":"25N-H55NV10I-80-I"},{"r":"161","t":"17:24:57","h":"Est","s":"25N-H55NV20I-80-I"},{"r":"161","t":"17:24:57","h":"Est","s":"25S-H55S000I-80-I"},{"r":"161","t":"17:24:57","h":"Est","s":"25S-H55S100F-80-F1"},{"r":"161","t":"17:24:57","h":"Est","s":"25S-H55S200F-80-F2"},{"r":"161","t":"17:31:57","h":"Est","s":"25N-H55N000S-80-S"},{"r":"161","t":"17:31:57","h":"Est","s":"25N-H55N000S-82-S"},{"r":"161","t":"17:31:57","h":"Est","s":"25N-H55NV10S-85-S"},{"r":"161","t":"17:31:57","h":"Est","s":"25N-H55NV20S-81-S"},{"r":"161","t":"17:31:57","h":"Est","s":"25S-H55S000S-82-S"},{"r":"161","t":"17:33:07","h":"Est","s":"25N-H55N000A-80-A"},{"r":"161","t":"17:33:07","h":"Est","s":"25N-H55NV10A-80-A"},{"r":"161","t":"17:33:07","h":"Est","s":"25N-H55NV20A-80-A"},{"r":"161","t":"17:33:07","h":"Est","s":"25S-H55S000A-80-A"},{"r":"161","t":"17:38:57","h":"Est","s":"25N-H55N000I-80-I"},{"r":"161","t":"17:38:57","h":"Est","s":"25N-H55N100F-80-F1"},{"r":"161","t":"17:38:57","h":"Est","s":"25N-H55N200F-80-F2"},{"r":"161","t":"17:38:57","h":"Est","s":"25N-H55N300F-80-F3"},{"r":"161","t":"17:38:57","h":"Est","s":"25N-H55N400F-80-F4"},{"r":"161","t":"17:38:57","h":"Est","s":"25N-H55NV10I-80-I"},{"r":"161","t":"17:38:57","h":"Est","s":"25N-H55NV20I-80-I"},{"r":"161","t":"17:38:57","h":"Est","s":"25S-H55S000I-80-I"},{"r":"161","t":"17:38:57","h":"Est","s":"25S-H55S100F-80-F1"},{"r":"161","t":"17:38:57","h":"Est","s":"25S-H55S200F-80-F2"},{"r":"161","t":"17:39:57","h":"Est","s":"25N-H55N000S-80-S"},{"r":"161","t":"17:39:57","h":"Est","s":"25N-H55N000S-82-S"},{"r":"161","t":"17:39:57","h":"Est","s":"25N-H55NV10S-85-S"},{"r":"161","t":"17:39:57","h":"Est","s":"25N-H55NV20S-81-S"},{"r":"161","t":"17:39:57","h":"Est","s":"25S-H55S000S-82-S"},{"r":"161","t":"17:43:07","h":"Est","s":"25N-H55N000A-80-A"},{"r":"161","t":"17:43:07","h":"Est","s":"25N-H55NV10A-80-A"},{"r":"161","t":"17:43:07","h":"Est","s":"25N-H55NV20A-80-A"},{"r":"161","t":"17:43:07","h":"Est","s":"25S-H55S000A-80-A"},{"r":"161","t":"17:49:57","h":"Est","s":"25N-H55N000S-80-S"},{"r":"161","t":"17:49:57","h":"Est","s":"25N-H55N000S-82-S"},{"r":"161","t":"17:49:57","h":"Est","s":"25N-H55NV10S-85-S"},{"r":"161","t":"17:49:57","h":"Est","s":"25N-H55NV20S-81-S"},{"r":"161","t":"17:49:57","h":"Est","s":"25S-H55S000S-82-S"},{"r":"161","t":"17:52:57","h":"Est","s":"25N-H55N000I-80-I"},{"r":"161","t":"17:52:57","h":"Est","s":"25N-H55N100F-80-F1"},{"r":"161","t":"17:52:57","h":"Est","s":"25N-H55N200F-80-F2"},{"r":"161","t":"17:52:57","h":"Est","s":"25N-H55N300F-80-F3"},{"r":"161","t":"17:52:57","h":"Est","s":"25N-H55N400F-80-F4"},{"r":"161","t":"17:52:57","h":"Est","s":"25N-H55NV10I-80-I"},{"r":"161","t":"17:52:57","h":"Est","s":"25N-H55NV20I-80-I"},{"r":"161","t":"17:52:57","h":"Est","s":"25S-H55S000I-80-I"},{"r":"161","t":"17:52:57","h":"Est","s":"25S-H55S100F-80-F1"},{"r":"161","t":"17:52:57","h":"Est","s":"25S-H55S200F-80-F2"},{"r":"161","t":"17:53:07","h":"Est","s":"25N-H55N000A-80-A"},{"r":"161","t":"17:53:07","h":"Est","s":"25N-H55NV10A-80-A"},{"r":"161","t":"17:53:07","h":"Est","s":"25N-H55NV20A-80-A"},{"r":"161","t":"17:53:07","h":"Est","s":"25S-H55S000A-80-A"},{"r":"161","t":"17:59:57","h":"Est","s":"25N-H55N000S-80-S"},{"r":"161","t":"17:59:57","h":"Est","s":"25N-H55N000S-82-S"},{"r":"161","t":"17:59:57","h":"Est","s":"25N-H55NV10S-85-S"},{"r":"161","t":"17:59:57","h":"Est","s":"25N-H55NV20S-81-S"},{"r":"161","t":"17:59:57","h":"Est","s":"25S-H55S000S-82-S"},{"r":"161","t":"18:05:07","h":"Est","s":"25N-H55N000A-80-A"},{"r":"161","t":"18:05:07","h":"Est","s":"25N-H55NV10A-80-A"},{"r":"161","t":"18:05:07","h":"Est","s":"25N-H55NV20A-80-A"},{"r":"161","t":"18:05:07","h":"Est","s":"25S-H55S000A-80-A"},{"r":"161","t":"18:07:57","h":"Est","s":"25N-H55N000I-80-I"},{"r":"161","t":"18:07:57","h":"Est","s":"25N-H55N100F-80-F1"},{"r":"161","t":"18:07:57","h":"Est","s":"25N-H55N200F-80-F2"},{"r":"161","t":"18:07:57","h":"Est","s":"25N-H55N300F-80-F3"},{"r":"161","t":"18:07:57","h":"Est","s":"25N-H55N400F-80-F4"},{"r":"161","t":"18:07:57","h":"Est","s":"25N-H55NV10I-80-I"},{"r":"161","t":"18:07:57","h":"Est","s":"25N-H55NV20I-80-I"},{"r":"161","t":"18:07:57","h":"Est","s":"25S-H55S000I-80-I"},{"r":"161","t":"18:07:57","h":"Est","s":"25S-H55S100F-80-F1"},{"r":"161","t":"18:07:57","h":"Est","s":"25S-H55S200F-80-F2"},{"r":"161","t":"18:09:57","h":"Est","s":"25N-H55N000S-80-S"},{"r":"161","t":"18:09:57","h":"Est","s":"25N-H55N000S-82-S"},{"r":"161","t":"18:09:57","h":"Est","s":"25N-H55NV10S-85-S"},{"r":"161","t":"18:09:57","h":"Est","s":"25N-H55NV20S-81-S"},{"r":"161","t":"18:09:57","h":"Est","s":"25S-H55S000S-82-S"},{"r":"161","t":"18:18:07","h":"Est","s":"25N-H55N000A-80-A"},{"r":"161","t":"18:18:07","h":"Est","s":"25N-H55NV10A-80-A"},{"r":"161","t":"18:18:07","h":"Est","s":"25N-H55NV20A-80-A"},{"r":"161","t":"18:18:07","h":"Est","s":"25S-H55S000A-80-A"},{"r":"161","t":"18:19:57","h":"Est","s":"25N-H55N000S-80-S"},{"r":"161","t":"18:19:57","h":"Est","s":"25N-H55N000S-82-S"},{"r":"161","t":"18:19:57","h":"Est","s":"25N-H55NV10S-85-S"},{"r":"161","t":"18:19:57","h":"Est","s":"25N-H55NV20S-81-S"},{"r":"161","t":"18:19:57","h":"Est","s":"25S-H55S000S-82-S"},{"r":"161","t":"18:23:57","h":"Est","s":"25N-H55N000I-80-I"},{"r":"161","t":"18:23:57","h":"Est","s":"25N-H55N100F-80-F1"},{"r":"161","t":"18:23:57","h":"Est","s":"25N-H55N200F-80-F2"},{"r":"161","t":"18:23:57","h":"Est","s":"25N-H55N300F-80-F3"},{"r":"161","t":"18:23:57","h":"Est","s":"25N-H55N400F-80-F4"},{"r":"161","t":"18:23:57","h":"Est","s":"25N-H55NV10I-80-I"},{"r":"161","t":"18:23:57","h":"Est","s":"25N-H55NV20I-80-I"},{"r":"161","t":"18:23:57","h":"Est","s":"25S-H55S000I-80-I"},{"r":"161","t":"18:23:57","h":"Est","s":"25S-H55S100F-80-F1"},{"r":"161","t":"18:23:57","h":"Est","s":"25S-H55S200F-80-F2"},{"r":"161","t":"18:29:57","h":"Est","s":"25N-H55N000S-80-S"},{"r":"161","t":"18:29:57","h":"Est","s":"25N-H55N000S-82-S"},{"r":"161","t":"18:29:57","h":"Est","s":"25N-H55NV10S-85-S"},{"r":"161","t":"18:29:57","h":"Est","s":"25N-H55NV20S-81-S"},{"r":"161","t":"18:29:57","h":"Est","s":"25S-H55S000S-82-S"},{"r":"161","t":"18:33:07","h":"Est","s":"25N-H55N000A-80-A"},{"r":"161","t":"18:33:07","h":"Est","s":"25N-H55NV10A-80-A"},{"r":"161","t":"18:33:07","h":"Est","s":"25N-H55NV20A-80-A"},{"r":"161","t":"18:33:07","h":"Est","s":"25S-H55S000A-80-A"},{"r":"161","t":"18:39:57","h":"Est","s":"25N-H55N000I-80-I"},{"r":"161","t":"18:39:57","h":"Est","s":"25N-H55N000S-80-S"},{"r":"161","t":"18:39:57","h":"Est","s":"25N-H55N000S-82-S"},{"r":"161","t":"18:39:57","h":"Est","s":"25N-H55N100F-80-F1"},{"r":"161","t":"18:39:57","h":"Est","s":"25N-H55N200F-80-F2"},{"r":"161","t":"18:39:57","h":"Est","s":"25N-H55N300F-80-F3"},{"r":"161","t":"18:39:57","h":"Est","s":"25N-H55N400F-80-F4"},{"r":"161","t":"18:39:57","h":"Est","s":"25N-H55NV10I-80-I"},{"r":"161","t":"18:39:57","h":"Est","s":"25N-H55NV10S-85-S"},{"r":"161","t":"18:39:57","h":"Est","s":"25N-H55NV20I-80-I"},{"r":"161","t":"18:39:57","h":"Est","s":"25N-H55NV20S-81-S"},{"r":"161","t":"18:39:57","h":"Est","s":"25S-H55S000I-80-I"},{"r":"161","t":"18:39:57","h":"Est","s":"25S-H55S000S-82-S"},{"r":"161","t":"18:39:57","h":"Est","s":"25S-H55S100F-80-F1"},{"r":"161","t":"18:39:57","h":"Est","s":"25S-H55S200F-80-F2"},{"r":"161","t":"18:48:07","h":"Est","s":"25N-H55N000A-80-A"},{"r":"161","t":"18:48:07","h":"Est","s":"25N-H55NV10A-80-A"},{"r":"161","t":"18:48:07","h":"Est","s":"25N-H55NV20A-80-A"},{"r":"161","t":"18:48:07","h":"Est","s":"25S-H55S000A-80-A"},{"r":"161","t":"18:49:57","h":"Est","s":"25N-H55N000S-80-S"},{"r":"161","t":"18:49:57","h":"Est","s":"25N-H55N000S-82-S"},{"r":"161","t":"18:49:57","h":"Est","s":"25N-H55NV10S-85-S"},{"r":"161","t":"18:49:57","h":"Est","s":"25N-H55NV20S-81-S"},{"r":"161","t":"18:49:57","h":"Est","s":"25S-H55S000S-82-S"},{"r":"161","t":"18:56:57","h":"Est","s":"25N-H55N000I-80-I"},{"r":"161","t":"18:56:57","h":"Est","s":"25N-H55N100F-80-F1"},{"r":"161","t":"18:56:57","h":"Est","s":"25N-H55N200F-80-F2"},{"r":"161","t":"18:56:57","h":"Est","s":"25N-H55N300F-80-F3"},{"r":"161","t":"18:56:57","h":"Est","s":"25N-H55N400F-80-F4"},{"r":"161","t":"18:56:57","h":"Est","s":"25N-H55NV10I-80-I"},{"r":"161","t":"18:56:57","h":"Est","s":"25N-H55NV20I-80-I"},{"r":"161","t":"18:56:57","h":"Est","s":"25S-H55S000I-80-I"},{"r":"161","t":"18:56:57","h":"Est","s":"25S-H55S100F-80-F1"},{"r":"161","t":"18:56:57","h":"Est","s":"25S-H55S200F-80-F2"},{"r":"161","t":"18:59:57","h":"Est","s":"25N-H55N000S-80-S"},{"r":"161","t":"18:59:57","h":"Est","s":"25N-H55N000S-82-S"},{"r":"161","t":"18:59:57","h":"Est","s":"25N-H55NV10S-85-S"},{"r":"161","t":"18:59:57","h":"Est","s":"25N-H55NV20S-81-S"},{"r":"161","t":"18:59:57","h":"Est","s":"25S-H55S000S-82-S"},{"r":"161","t":"19:04:07","h":"Est","s":"25N-H55N000A-80-A"},{"r":"161","t":"19:04:07","h":"Est","s":"25N-H55NV10A-80-A"},{"r":"161","t":"19:04:07","h":"Est","s":"25N-H55NV20A-80-A"},{"r":"161","t":"19:04:07","h":"Est","s":"25S-H55S000A-80-A"},{"r":"161","t":"19:09:57","h":"Est","s":"25N-H55N000S-80-S"},{"r":"161","t":"19:09:57","h":"Est","s":"25N-H55N000S-82-S"},{"r":"161","t":"19:09:57","h":"Est","s":"25N-H55NV10S-85-S"},{"r":"161","t":"19:09:57","h":"Est","s":"25N-H55NV20S-81-S"},{"r":"161","t":"19:09:57","h":"Est","s":"25S-H55S000S-82-S"},{"r":"161","t":"19:13:57","h":"Est","s":"25N-H55N000I-80-I"},{"r":"161","t":"19:13:57","h":"Est","s":"25N-H55N100F-80-F1"},{"r":"161","t":"19:13:57","h":"Est","s":"25N-H55N200F-80-F2"},{"r":"161","t":"19:13:57","h":"Est","s":"25N-H55N300F-80-F3"},{"r":"161","t":"19:13:57","h":"Est","s":"25N-H55N400F-80-F4"},{"r":"161","t":"19:13:57","h":"Est","s":"25N-H55NV10I-80-I"},{"r":"161","t":"19:13:57","h":"Est","s":"25N-H55NV20I-80-I"},{"r":"161","t":"19:13:57","h":"Est","s":"25S-H55S000I-80-I"},{"r":"161","t":"19:13:57","h":"Est","s":"25S-H55S100F-80-F1"},{"r":"161","t":"19:13:57","h":"Est","s":"25S-H55S200F-80-F2"},{"r":"161","t":"19:19:57","h":"Est","s":"25N-H55N000S-80-S"},{"r":"161","t":"19:19:57","h":"Est","s":"25N-H55N000S-82-S"},{"r":"161","t":"19:19:57","h":"Est","s":"25N-H55NV10S-85-S"},{"r":"161","t":"19:19:57","h":"Est","s":"25N-H55NV20S-81-S"},{"r":"161","t":"19:19:57","h":"Est","s":"25S-H55S000S-82-S"},{"r":"161","t":"19:20:07","h":"Est","s":"25N-H55N000A-80-A"},{"r":"161","t":"19:20:07","h":"Est","s":"25N-H55NV10A-80-A"},{"r":"161","t":"19:20:07","h":"Est","s":"25N-H55NV20A-80-A"},{"r":"161","t":"19:20:07","h":"Est","s":"25S-H55S000A-80-A"},{"r":"161","t":"19:29:57","h":"Est","s":"25N-H55N000S-80-S"},{"r":"161","t":"19:29:57","h":"Est","s":"25N-H55N000S-82-S"},{"r":"161","t":"19:29:57","h":"Est","s":"25N-H55NV10S-85-S"},{"r":"161","t":"19:29:57","h":"Est","s":"25N-H55NV20S-81-S"},{"r":"161","t":"19:29:57","h":"Est","s":"25S-H55S000S-82-S"},{"r":"161","t":"19:33:07","h":"Est","s":"25N-H55N000I-80-I"},{"r":"161","t":"19:33:07","h":"Est","s":"25N-H55N100F-80-F1"},{"r":"161","t":"19:33:07","h":"Est","s":"25N-H55N200F-80-F2"},{"r":"161","t":"19:33:07","h":"Est","s":"25N-H55N300F-80-F3"},{"r":"161","t":"19:33:07","h":"Est","s":"25N-H55N400F-80-F4"},{"r":"161","t":"19:33:07","h":"Est","s":"25N-H55NV10I-80-I"},{"r":"161","t":"19:33:07","h":"Est","s":"25N-H55NV20I-80-I"},{"r":"161","t":"19:33:07","h":"Est","s":"25S-H55S000I-80-I"},{"r":"161","t":"19:33:07","h":"Est","s":"25S-H55S100F-80-F1"},{"r":"161","t":"19:33:07","h":"Est","s":"25S-H55S200F-80-F2"},{"r":"161","t":"19:36:07","h":"Est","s":"25N-H55N000A-80-A"},{"r":"161","t":"19:36:07","h":"Est","s":"25N-H55NV10A-80-A"},{"r":"161","t":"19:36:07","h":"Est","s":"25N-H55NV20A-80-A"},{"r":"161","t":"19:36:07","h":"Est","s":"25S-H55S000A-80-A"},{"r":"161","t":"19:42:57","h":"Est","s":"25N-H55N000S-80-S"},{"r":"161","t":"19:42:57","h":"Est","s":"25N-H55N000S-82-S"},{"r":"161","t":"19:42:57","h":"Est","s":"25N-H55NV10S-85-S"},{"r":"161","t":"19:42:57","h":"Est","s":"25N-H55NV20S-81-S"},{"r":"161","t":"19:42:57","h":"Est","s":"25S-H55S000S-82-S"},{"r":"161","t":"19:55:07","h":"Est","s":"25N-H55N000I-80-I"},{"r":"161","t":"19:55:07","h":"Est","s":"25N-H55N100F-80-F1"},{"r":"161","t":"19:55:07","h":"Est","s":"25N-H55N200F-80-F2"},{"r":"161","t":"19:55:07","h":"Est","s":"25N-H55N300F-80-F3"},{"r":"161","t":"19:55:07","h":"Est","s":"25N-H55N400F-80-F4"},{"r":"161","t":"19:55:07","h":"Est","s":"25N-H55NV10I-80-I"},{"r":"161","t":"19:55:07","h":"Est","s":"25N-H55NV20I-80-I"},{"r":"161","t":"19:55:07","h":"Est","s":"25S-H55S000I-80-I"},{"r":"161","t":"19:55:07","h":"Est","s":"25S-H55S100F-80-F1"},{"r":"161","t":"19:55:07","h":"Est","s":"25S-H55S200F-80-F2"},{"r":"161","t":"19:55:57","h":"Est","s":"25N-H55N000S-80-S"},{"r":"161","t":"19:55:57","h":"Est","s":"25N-H55N000S-82-S"},{"r":"161","t":"19:55:57","h":"Est","s":"25N-H55NV10S-85-S"},{"r":"161","t":"19:55:57","h":"Est","s":"25N-H55NV20S-81-S"},{"r":"161","t":"19:55:57","h":"Est","s":"25S-H55S000S-82-S"},{"r":"161","t":"19:57:07","h":"Est","s":"25N-H55N000A-80-A"},{"r":"161","t":"19:57:07","h":"Est","s":"25N-H55NV10A-80-A"},{"r":"161","t":"19:57:07","h":"Est","s":"25N-H55NV20A-80-A"},{"r":"161","t":"19:57:07","h":"Est","s":"25S-H55S000A-80-A"},{"r":"161","t":"20:12:57","h":"Est","s":"25N-H55N000S-80-S"},{"r":"161","t":"20:12:57","h":"Est","s":"25N-H55N000S-82-S"},{"r":"161","t":"20:12:57","h":"Est","s":"25N-H55NV10S-85-S"},{"r":"161","t":"20:12:57","h":"Est","s":"25N-H55NV20S-81-S"},{"r":"161","t":"20:12:57","h":"Est","s":"25S-H55S000S-82-S"},{"r":"161","t":"20:17:07","h":"Est","s":"25N-H55N000I-80-I"},{"r":"161","t":"20:17:07","h":"Est","s":"25N-H55N100F-80-F1"},{"r":"161","t":"20:17:07","h":"Est","s":"25N-H55N200F-80-F2"},{"r":"161","t":"20:17:07","h":"Est","s":"25N-H55N300F-80-F3"},{"r":"161","t":"20:17:07","h":"Est","s":"25N-H55N400F-80-F4"},{"r":"161","t":"20:17:07","h":"Est","s":"25N-H55NV10I-80-I"},{"r":"161","t":"20:17:07","h":"Est","s":"25N-H55NV20I-80-I"},{"r":"161","t":"20:17:07","h":"Est","s":"25S-H55S000I-80-I"},{"r":"161","t":"20:17:07","h":"Est","s":"25S-H55S100F-80-F1"},{"r":"161","t":"20:17:07","h":"Est","s":"25S-H55S200F-80-F2"},{"r":"161","t":"20:19:07","h":"Est","s":"25N-H55N000A-80-A"},{"r":"161","t":"20:19:07","h":"Est","s":"25N-H55NV10A-80-A"},{"r":"161","t":"20:19:07","h":"Est","s":"25N-H55NV20A-80-A"},{"r":"161","t":"20:19:07","h":"Est","s":"25S-H55S000A-80-A"},{"r":"161","t":"20:32:57","h":"Est","s":"25N-H55N000S-80-S"},{"r":"161","t":"20:32:57","h":"Est","s":"25N-H55N000S-82-S"},{"r":"161","t":"20:32:57","h":"Est","s":"25N-H55NV10S-85-S"},{"r":"161","t":"20:32:57","h":"Est","s":"25N-H55NV20S-81-S"},{"r":"161","t":"20:32:57","h":"Est","s":"25S-H55S000S-82-S"},{"r":"161","t":"20:38:07","h":"Est","s":"25N-H55N000I-80-I"},{"r":"161","t":"20:38:07","h":"Est","s":"25N-H55N100F-80-F1"},{"r":"161","t":"20:38:07","h":"Est","s":"25N-H55N200F-80-F2"},{"r":"161","t":"20:38:07","h":"Est","s":"25N-H55N300F-80-F3"},{"r":"161","t":"20:38:07","h":"Est","s":"25N-H55N400F-80-F4"},{"r":"161","t":"20:38:07","h":"Est","s":"25N-H55NV10I-80-I"},{"r":"161","t":"20:38:07","h":"Est","s":"25N-H55NV20I-80-I"},{"r":"161","t":"20:38:07","h":"Est","s":"25S-H55S000I-80-I"},{"r":"161","t":"20:38:07","h":"Est","s":"25S-H55S100F-80-F1"},{"r":"161","t":"20:38:07","h":"Est","s":"25S-H55S200F-80-F2"},{"r":"161","t":"20:41:07","h":"Est","s":"25N-H55N000A-80-A"},{"r":"161","t":"20:41:07","h":"Est","s":"25N-H55NV10A-80-A"},{"r":"161","t":"20:41:07","h":"Est","s":"25N-H55NV20A-80-A"},{"r":"161","t":"20:41:07","h":"Est","s":"25S-H55S000A-80-A"},{"r":"161","t":"20:54:07","h":"Est","s":"25N-H55N000S-80-S"},{"r":"161","t":"20:54:07","h":"Est","s":"25N-H55N000S-82-S"},{"r":"161","t":"20:54:07","h":"Est","s":"25N-H55NV10S-85-S"},{"r":"161","t":"20:54:07","h":"Est","s":"25N-H55NV20S-81-S"},{"r":"161","t":"20:54:07","h":"Est","s":"25S-H55S000S-82-S"},{"r":"161","t":"21:00:07","h":"Est","s":"25N-H55N000I-80-I"},{"r":"161","t":"21:00:07","h":"Est","s":"25N-H55N100F-80-F1"},{"r":"161","t":"21:00:07","h":"Est","s":"25N-H55N200F-80-F2"},{"r":"161","t":"21:00:07","h":"Est","s":"25N-H55N300F-80-F3"},{"r":"161","t":"21:00:07","h":"Est","s":"25N-H55N400F-80-F4"},{"r":"161","t":"21:00:07","h":"Est","s":"25N-H55NV10I-80-I"},{"r":"161","t":"21:00:07","h":"Est","s":"25N-H55NV20I-80-I"},{"r":"161","t":"21:00:07","h":"Est","s":"25S-H55S000I-80-I"},{"r":"161","t":"21:00:07","h":"Est","s":"25S-H55S100F-80-F1"},{"r":"161","t":"21:00:07","h":"Est","s":"25S-H55S200F-80-F2"},{"r":"161","t":"21:12:07","h":"Est","s":"25N-H55N000A-80-A"},{"r":"161","t":"21:12:07","h":"Est","s":"25N-H55NV10A-80-A"},{"r":"161","t":"21:12:07","h":"Est","s":"25N-H55NV20A-80-A"},{"r":"161","t":"21:12:07","h":"Est","s":"25S-H55S000A-80-A"},{"r":"161","t":"21:18:07","h":"Est","s":"25N-H55N000S-80-S"},{"r":"161","t":"21:18:07","h":"Est","s":"25N-H55N000S-82-S"},{"r":"161","t":"21:18:07","h":"Est","s":"25N-H55NV10S-85-S"},{"r":"161","t":"21:18:07","h":"Est","s":"25N-H55NV20S-81-S"},{"r":"161","t":"21:18:07","h":"Est","s":"25S-H55S000S-82-S"},{"r":"161","t":"21:28:07","h":"Est","s":"25N-H55N000I-80-I"},{"r":"161","t":"21:28:07","h":"Est","s":"25N-H55N100F-80-F1"},{"r":"161","t":"21:28:07","h":"Est","s":"25N-H55N200F-80-F2"},{"r":"161","t":"21:28:07","h":"Est","s":"25N-H55N300F-80-F3"},{"r":"161","t":"21:28:07","h":"Est","s":"25N-H55N400F-80-F4"},{"r":"161","t":"21:28:07","h":"Est","s":"25N-H55NV10I-80-I"},{"r":"161","t":"21:28:07","h":"Est","s":"25N-H55NV20I-80-I"},{"r":"161","t":"21:28:07","h":"Est","s":"25S-H55S000I-80-I"},{"r":"161","t":"21:28:07","h":"Est","s":"25S-H55S100F-80-F1"},{"r":"161","t":"21:28:07","h":"Est","s":"25S-H55S200F-80-F2"},{"r":"161","t":"21:44:07","h":"Est","s":"25N-H55N000A-80-A"},{"r":"161","t":"21:44:07","h":"Est","s":"25N-H55N000S-80-S"},{"r":"161","t":"21:44:07","h":"Est","s":"25N-H55N000S-82-S"},{"r":"161","t":"21:44:07","h":"Est","s":"25N-H55NV10A-80-A"},{"r":"161","t":"21:44:07","h":"Est","s":"25N-H55NV10S-85-S"},{"r":"161","t":"21:44:07","h":"Est","s":"25N-H55NV20A-80-A"},{"r":"161","t":"21:44:07","h":"Est","s":"25N-H55NV20S-81-S"},{"r":"161","t":"21:44:07","h":"Est","s":"25S-H55S000A-80-A"},{"r":"161","t":"21:44:07","h":"Est","s":"25S-H55S000S-82-S"},{"r":"161","t":"21:58:07","h":"Est","s":"25N-H55N000I-80-I"},{"r":"161","t":"21:58:07","h":"Est","s":"25N-H55N100F-80-F1"},{"r":"161","t":"21:58:07","h":"Est","s":"25N-H55N200F-80-F2"},{"r":"161","t":"21:58:07","h":"Est","s":"25N-H55N300F-80-F3"},{"r":"161","t":"21:58:07","h":"Est","s":"25N-H55N400F-80-F4"},{"r":"161","t":"21:58:07","h":"Est","s":"25N-H55NV10I-80-I"},{"r":"161","t":"21:58:07","h":"Est","s":"25N-H55NV20I-80-I"},{"r":"161","t":"21:58:07","h":"Est","s":"25S-H55S000I-80-I"},{"r":"161","t":"21:58:07","h":"Est","s":"25S-H55S100F-80-F1"},{"r":"161","t":"21:58:07","h":"Est","s":"25S-H55S200F-80-F2"},{"r":"161","t":"22:10:07","h":"Est","s":"25N-H55N000S-80-S"},{"r":"161","t":"22:10:07","h":"Est","s":"25N-H55N000S-82-S"},{"r":"161","t":"22:10:07","h":"Est","s":"25N-H55NV10S-85-S"},{"r":"161","t":"22:10:07","h":"Est","s":"25N-H55NV20S-81-S"},{"r":"161","t":"22:10:07","h":"Est","s":"25S-H55S000S-82-S"},{"r":"161","t":"22:15:07","h":"Est","s":"25N-H55N000A-80-A"},{"r":"161","t":"22:15:07","h":"Est","s":"25N-H55NV10A-80-A"},{"r":"161","t":"22:15:07","h":"Est","s":"25N-H55NV20A-80-A"},{"r":"161","t":"22:15:07","h":"Est","s":"25S-H55S000A-80-A"},{"r":"161","t":"22:29:07","h":"Est","s":"25N-H55N000I-80-I"},{"r":"161","t":"22:29:07","h":"Est","s":"25N-H55N100F-80-F1"},{"r":"161","t":"22:29:07","h":"Est","s":"25N-H55N200F-80-F2"},{"r":"161","t":"22:29:07","h":"Est","s":"25N-H55N300F-80-F3"},{"r":"161","t":"22:29:07","h":"Est","s":"25N-H55N400F-80-F4"},{"r":"161","t":"22:29:07","h":"Est","s":"25N-H55NV10I-80-I"},{"r":"161","t":"22:29:07","h":"Est","s":"25N-H55NV20I-80-I"},{"r":"161","t":"22:29:07","h":"Est","s":"25S-H55S000I-80-I"},{"r":"161","t":"22:29:07","h":"Est","s":"25S-H55S100F-80-F1"},{"r":"161","t":"22:29:07","h":"Est","s":"25S-H55S200F-80-F2"},{"r":"161","t":"22:38:07","h":"Est","s":"25N-H55N000S-80-S"},{"r":"161","t":"22:38:07","h":"Est","s":"25N-H55N000S-82-S"},{"r":"161","t":"22:38:07","h":"Est","s":"25N-H55NV10S-85-S"},{"r":"161","t":"22:38:07","h":"Est","s":"25N-H55NV20S-81-S"},{"r":"161","t":"22:38:07","h":"Est","s":"25S-H55S000S-82-S"},{"r":"161","t":"22:45:07","h":"Est","s":"25N-H55N000A-80-A"},{"r":"161","t":"22:45:07","h":"Est","s":"25N-H55NV10A-80-A"},{"r":"161","t":"22:45:07","h":"Est","s":"25N-H55NV20A-80-A"},{"r":"161","t":"22:45:07","h":"Est","s":"25S-H55S000A-80-A"},{"r":"161","t":"22:57:07","h":"Est","s":"25N-H55N000I-80-I"},{"r":"161","t":"22:57:07","h":"Est","s":"25N-H55N100F-80-F1"},{"r":"161","t":"22:57:07","h":"Est","s":"25N-H55N200F-80-F2"},{"r":"161","t":"22:57:07","h":"Est","s":"25N-H55N300F-80-F3"},{"r":"161","t":"22:57:07","h":"Est","s":"25N-H55N400F-80-F4"},{"r":"161","t":"22:57:07","h":"Est","s":"25N-H55NV10I-80-I"},{"r":"161","t":"22:57:07","h":"Est","s":"25N-H55NV20I-80-I"},{"r":"161","t":"22:57:07","h":"Est","s":"25S-H55S000I-80-I"},{"r":"161","t":"22:57:07","h":"Est","s":"25S-H55S100F-80-F1"},{"r":"161","t":"22:57:07","h":"Est","s":"25S-H55S200F-80-F2"},{"r":"161","t":"23:06:07","h":"Est","s":"25N-H55N000S-80-S"},{"r":"161","t":"23:06:07","h":"Est","s":"25N-H55N000S-82-S"},{"r":"161","t":"23:06:07","h":"Est","s":"25N-H55NV10S-85-S"},{"r":"161","t":"23:06:07","h":"Est","s":"25N-H55NV20S-81-S"},{"r":"161","t":"23:06:07","h":"Est","s":"25S-H55S000S-82-S"},{"r":"161","t":"23:15:07","h":"Est","s":"25N-H55N000A-80-A"},{"r":"161","t":"23:15:07","h":"Est","s":"25N-H55NV10A-80-A"},{"r":"161","t":"23:15:07","h":"Est","s":"25N-H55NV20A-80-A"},{"r":"161","t":"23:15:07","h":"Est","s":"25S-H55S000A-80-A"},{"r":"161","t":"23:26:07","h":"Est","s":"25N-H55N000I-80-I"},{"r":"161","t":"23:26:07","h":"Est","s":"25N-H55N100F-80-F1"},{"r":"161","t":"23:26:07","h":"Est","s":"25N-H55N200F-80-F2"},{"r":"161","t":"23:26:07","h":"Est","s":"25N-H55N300F-80-F3"},{"r":"161","t":"23:26:07","h":"Est","s":"25N-H55N400F-80-F4"},{"r":"161","t":"23:26:07","h":"Est","s":"25N-H55NV10I-80-I"},{"r":"161","t":"23:26:07","h":"Est","s":"25N-H55NV20I-80-I"},{"r":"161","t":"23:26:07","h":"Est","s":"25S-H55S000I-80-I"},{"r":"161","t":"23:26:07","h":"Est","s":"25S-H55S100F-80-F1"},{"r":"161","t":"23:26:07","h":"Est","s":"25S-H55S200F-80-F2"},{"r":"161","t":"23:31:18","h":"Est","s":"25N-H55N000S-80-S"},{"r":"161","t":"23:31:18","h":"Est","s":"25N-H55N000S-82-S"},{"r":"161","t":"23:31:18","h":"Est","s":"25N-H55NV10S-85-S"},{"r":"161","t":"23:31:18","h":"Est","s":"25N-H55NV20S-81-S"},{"r":"161","t":"23:31:18","h":"Est","s":"25S-H55S000S-82-S"},{"r":"161","t":"23:46:07","h":"Est","s":"25N-H55N000A-80-A"},{"r":"161","t":"23:46:07","h":"Est","s":"25N-H55NV10A-80-A"},{"r":"161","t":"23:46:07","h":"Est","s":"25N-H55NV20A-80-A"},{"r":"161","t":"23:46:07","h":"Est","s":"25S-H55S000A-80-A"},{"r":"161","t":"23:51:18","h":"Est","s":"25N-H55N000S-80-S"},{"r":"161","t":"23:51:18","h":"Est","s":"25N-H55N000S-82-S"},{"r":"161","t":"23:51:18","h":"Est","s":"25N-H55NV10S-85-S"},{"r":"161","t":"23:51:18","h":"Est","s":"25N-H55NV20S-81-S"},{"r":"161","t":"23:51:18","h":"Est","s":"25S-H55S000S-82-S"},{"r":"161","t":"23:53:18","h":"Est","s":"25N-H55N000I-80-I"},{"r":"161","t":"23:53:18","h":"Est","s":"25N-H55N100F-80-F1"},{"r":"161","t":"23:53:18","h":"Est","s":"25N-H55N200F-80-F2"},{"r":"161","t":"23:53:18","h":"Est","s":"25N-H55N300F-80-F3"},{"r":"161","t":"23:53:18","h":"Est","s":"25N-H55N400F-80-F4"},{"r":"161","t":"23:53:18","h":"Est","s":"25N-H55NV10I-80-I"},{"r":"161","t":"23:53:18","h":"Est","s":"25N-H55NV20I-80-I"},{"r":"161","t":"23:53:18","h":"Est","s":"25S-H55S000I-80-I"},{"r":"161","t":"23:53:18","h":"Est","s":"25S-H55S100F-80-F1"},{"r":"161","t":"23:53:18","h":"Est","s":"25S-H55S200F-80-F2"},{"r":"161","t":"24:13:18","h":"Est","s":"25N-H55N000A-80-A"},{"r":"161","t":"24:13:18","h":"Est","s":"25N-H55NV10A-80-A"},{"r":"161","t":"24:13:18","h":"Est","s":"25N-H55NV20A-80-A"},{"r":"161","t":"24:13:18","h":"Est","s":"25S-H55S000A-80-A"},{"r":"161","t":"24:17:18","h":"Est","s":"25N-H55N000S-80-S"},{"r":"161","t":"24:17:18","h":"Est","s":"25N-H55N000S-82-S"},{"r":"161","t":"24:17:18","h":"Est","s":"25N-H55NV10S-85-S"},{"r":"161","t":"24:17:18","h":"Est","s":"25N-H55NV20S-81-S"},{"r":"161","t":"24:17:18","h":"Est","s":"25S-H55S000S-82-S"},{"r":"161","t":"24:19:18","h":"Est","s":"25N-H55N000I-80-I"},{"r":"161","t":"24:19:18","h":"Est","s":"25N-H55N100F-80-F1"},{"r":"161","t":"24:19:18","h":"Est","s":"25N-H55N200F-80-F2"},{"r":"161","t":"24:19:18","h":"Est","s":"25N-H55N300F-80-F3"},{"r":"161","t":"24:19:18","h":"Est","s":"25N-H55N400F-80-F4"},{"r":"161","t":"24:19:18","h":"Est","s":"25N-H55NV10I-80-I"},{"r":"161","t":"24:19:18","h":"Est","s":"25N-H55NV20I-80-I"},{"r":"161","t":"24:19:18","h":"Est","s":"25S-H55S000I-80-I"},{"r":"161","t":"24:19:18","h":"Est","s":"25S-H55S100F-80-F1"},{"r":"161","t":"24:19:18","h":"Est","s":"25S-H55S200F-80-F2"},{"r":"161","t":"24:41:18","h":"Est","s":"25N-H55N000A-80-A"},{"r":"161","t":"24:41:18","h":"Est","s":"25N-H55NV10A-80-A"},{"r":"161","t":"24:41:18","h":"Est","s":"25N-H55NV20A-80-A"},{"r":"161","t":"24:41:18","h":"Est","s":"25S-H55S000A-80-A"},{"r":"161","t":"24:45:18","h":"Est","s":"25N-H55N000I-80-I"},{"r":"161","t":"24:45:18","h":"Est","s":"25N-H55N000S-80-S"},{"r":"161","t":"24:45:18","h":"Est","s":"25N-H55N000S-82-S"},{"r":"161","t":"24:45:18","h":"Est","s":"25N-H55N100F-80-F1"},{"r":"161","t":"24:45:18","h":"Est","s":"25N-H55N200F-80-F2"},{"r":"161","t":"24:45:18","h":"Est","s":"25N-H55N300F-80-F3"},{"r":"161","t":"24:45:18","h":"Est","s":"25N-H55N400F-80-F4"},{"r":"161","t":"24:45:18","h":"Est","s":"25N-H55NV10I-80-I"},{"r":"161","t":"24:45:18","h":"Est","s":"25N-H55NV10S-85-S"},{"r":"161","t":"24:45:18","h":"Est","s":"25N-H55NV20I-80-I"},{"r":"161","t":"24:45:18","h":"Est","s":"25N-H55NV20S-81-S"},{"r":"161","t":"24:45:18","h":"Est","s":"25S-H55S000I-80-I"},{"r":"161","t":"24:45:18","h":"Est","s":"25S-H55S000S-82-S"},{"r":"161","t":"24:45:18","h":"Est","s":"25S-H55S100F-80-F1"},{"r":"161","t":"24:45:18","h":"Est","s":"25S-H55S200F-80-F2"},{"r":"161","t":"25:01:18","h":"Est","s":"25N-H55N000A-80-A"},{"r":"161","t":"25:01:18","h":"Est","s":"25N-H55NV10A-80-A"},{"r":"161","t":"25:01:18","h":"Est","s":"25N-H55NV20A-80-A"},{"r":"161","t":"25:01:18","h":"Est","s":"25S-H55S000A-80-A"},{"r":"370","t":"25:24:45","h":"Est","s":"25N-H55N000A-80-A"},{"r":"370","t":"25:24:45","h":"Est","s":"25N-H55N000I-80-I"},{"r":"370","t":"25:24:45","h":"Est","s":"25N-H55N000S-80-S"},{"r":"370","t":"25:24:45","h":"Est","s":"25N-H55N000S-82-S"},{"r":"370","t":"25:24:45","h":"Est","s":"25N-H55N100F-80-F1"},{"r":"370","t":"25:24:45","h":"Est","s":"25N-H55N200F-80-F2"},{"r":"370","t":"25:24:45","h":"Est","s":"25N-H55N300F-80-F3"},{"r":"370","t":"25:24:45","h":"Est","s":"25N-H55N400F-80-F4"},{"r":"370","t":"25:24:45","h":"Est","s":"25N-H55NV10A-80-A"},{"r":"370","t":"25:24:45","h":"Est","s":"25N-H55NV10I-80-I"},{"r":"370","t":"25:24:45","h":"Est","s":"25N-H55NV10S-85-S"},{"r":"370","t":"25:24:45","h":"Est","s":"25N-H55NV20A-80-A"},{"r":"370","t":"25:24:45","h":"Est","s":"25N-H55NV20I-80-I"},{"r":"370","t":"25:24:45","h":"Est","s":"25N-H55NV20S-81-S"},{"r":"370","t":"25:24:45","h":"Est","s":"25S-H55S000A-80-A"},{"r":"370","t":"25:24:45","h":"Est","s":"25S-H55S000I-80-I"},{"r":"370","t":"25:24:45","h":"Est","s":"25S-H55S000S-82-S"},{"r":"370","t":"25:24:45","h":"Est","s":"25S-H55S100F-80-F1"},{"r":"370","t":"25:24:45","h":"Est","s":"25S-H55S200F-80-F2"},{"r":"370","t":"26:09:45","h":"Est","s":"25N-H55N000A-80-A"},{"r":"370","t":"26:09:45","h":"Est","s":"25N-H55N000I-80-I"},{"r":"370","t":"26:09:45","h":"Est","s":"25N-H55N000S-80-S"},{"r":"370","t":"26:09:45","h":"Est","s":"25N-H55N000S-82-S"},{"r":"370","t":"26:09:45","h":"Est","s":"25N-H55N100F-80-F1"},{"r":"370","t":"26:09:45","h":"Est","s":"25N-H55N200F-80-F2"},{"r":"370","t":"26:09:45","h":"Est","s":"25N-H55N300F-80-F3"},{"r":"370","t":"26:09:45","h":"Est","s":"25N-H55N400F-80-F4"},{"r":"370","t":"26:09:45","h":"Est","s":"25N-H55NV10A-80-A"},{"r":"370","t":"26:09:45","h":"Est","s":"25N-H55NV10I-80-I"},{"r":"370","t":"26:09:45","h":"Est","s":"25N-H55NV10S-85-S"},{"r":"370","t":"26:09:45","h":"Est","s":"25N-H55NV20A-80-A"},{"r":"370","t":"26:09:45","h":"Est","s":"25N-H55NV20I-80-I"},{"r":"370","t":"26:09:45","h":"Est","s":"25N-H55NV20S-81-S"},{"r":"370","t":"26:09:45","h":"Est","s":"25S-H55S000A-80-A"},{"r":"370","t":"26:09:45","h":"Est","s":"25S-H55S000I-80-I"},{"r":"370","t":"26:09:45","h":"Est","s":"25S-H55S000S-82-S"},{"r":"370","t":"26:09:45","h":"Est","s":"25S-H55S100F-80-F1"},{"r":"370","t":"26:09:45","h":"Est","s":"25S-H55S200F-80-F2"},{"r":"370","t":"26:54:45","h":"Est","s":"25N-H55N000A-80-A"},{"r":"370","t":"26:54:45","h":"Est","s":"25N-H55N000I-80-I"},{"r":"370","t":"26:54:45","h":"Est","s":"25N-H55N000S-80-S"},{"r":"370","t":"26:54:45","h":"Est","s":"25N-H55N000S-82-S"},{"r":"370","t":"26:54:45","h":"Est","s":"25N-H55N100F-80-F1"},{"r":"370","t":"26:54:45","h":"Est","s":"25N-H55N200F-80-F2"},{"r":"370","t":"26:54:45","h":"Est","s":"25N-H55N300F-80-F3"},{"r":"370","t":"26:54:45","h":"Est","s":"25N-H55N400F-80-F4"},{"r":"370","t":"26:54:45","h":"Est","s":"25N-H55NV10A-80-A"},{"r":"370","t":"26:54:45","h":"Est","s":"25N-H55NV10I-80-I"},{"r":"370","t":"26:54:45","h":"Est","s":"25N-H55NV10S-85-S"},{"r":"370","t":"26:54:45","h":"Est","s":"25N-H55NV20A-80-A"},{"r":"370","t":"26:54:45","h":"Est","s":"25N-H55NV20I-80-I"},{"r":"370","t":"26:54:45","h":"Est","s":"25N-H55NV20S-81-S"},{"r":"370","t":"26:54:45","h":"Est","s":"25S-H55S000A-80-A"},{"r":"370","t":"26:54:45","h":"Est","s":"25S-H55S000I-80-I"},{"r":"370","t":"26:54:45","h":"Est","s":"25S-H55S000S-82-S"},{"r":"370","t":"26:54:45","h":"Est","s":"25S-H55S100F-80-F1"},{"r":"370","t":"26:54:45","h":"Est","s":"25S-H55S200F-80-F2"},{"r":"370","t":"27:39:45","h":"Est","s":"25N-H55N000A-80-A"},{"r":"370","t":"27:39:45","h":"Est","s":"25N-H55N000I-80-I"},{"r":"370","t":"27:39:45","h":"Est","s":"25N-H55N000S-80-S"},{"r":"370","t":"27:39:45","h":"Est","s":"25N-H55N000S-82-S"},{"r":"370","t":"27:39:45","h":"Est","s":"25N-H55N100F-80-F1"},{"r":"370","t":"27:39:45","h":"Est","s":"25N-H55N200F-80-F2"},{"r":"370","t":"27:39:45","h":"Est","s":"25N-H55N300F-80-F3"},{"r":"370","t":"27:39:45","h":"Est","s":"25N-H55N400F-80-F4"},{"r":"370","t":"27:39:45","h":"Est","s":"25N-H55NV10A-80-A"},{"r":"370","t":"27:39:45","h":"Est","s":"25N-H55NV10I-80-I"},{"r":"370","t":"27:39:45","h":"Est","s":"25N-H55NV10S-85-S"},{"r":"370","t":"27:39:45","h":"Est","s":"25N-H55NV20A-80-A"},{"r":"370","t":"27:39:45","h":"Est","s":"25N-H55NV20I-80-I"},{"r":"370","t":"27:39:45","h":"Est","s":"25N-H55NV20S-81-S"},{"r":"370","t":"27:39:45","h":"Est","s":"25S-H55S000A-80-A"},{"r":"370","t":"27:39:45","h":"Est","s":"25S-H55S000I-80-I"},{"r":"370","t":"27:39:45","h":"Est","s":"25S-H55S000S-82-S"},{"r":"370","t":"27:39:45","h":"Est","s":"25S-H55S100F-80-F1"},{"r":"370","t":"27:39:45","h":"Est","s":"25S-H55S200F-80-F2"},{"r":"370","t":"28:24:45","h":"Est","s":"25N-H55N000A-80-A"},{"r":"370","t":"28:24:45","h":"Est","s":"25N-H55N000I-80-I"},{"r":"370","t":"28:24:45","h":"Est","s":"25N-H55N000S-80-S"},{"r":"370","t":"28:24:45","h":"Est","s":"25N-H55N000S-82-S"},{"r":"370","t":"28:24:45","h":"Est","s":"25N-H55N100F-80-F1"},{"r":"370","t":"28:24:45","h":"Est","s":"25N-H55N200F-80-F2"},{"r":"370","t":"28:24:45","h":"Est","s":"25N-H55N300F-80-F3"},{"r":"370","t":"28:24:45","h":"Est","s":"25N-H55N400F-80-F4"},{"r":"370","t":"28:24:45","h":"Est","s":"25N-H55NV10A-80-A"},{"r":"370","t":"28:24:45","h":"Est","s":"25N-H55NV10I-80-I"},{"r":"370","t":"28:24:45","h":"Est","s":"25N-H55NV10S-85-S"},{"r":"370","t":"28:24:45","h":"Est","s":"25N-H55NV20A-80-A"},{"r":"370","t":"28:24:45","h":"Est","s":"25N-H55NV20I-80-I"},{"r":"370","t":"28:24:45","h":"Est","s":"25N-H55NV20S-81-S"},{"r":"370","t":"28:24:45","h":"Est","s":"25S-H55S000A-80-A"},{"r":"370","t":"28:24:45","h":"Est","s":"25S-H55S000I-80-I"},{"r":"370","t":"28:24:45","h":"Est","s":"25S-H55S000S-82-S"},{"r":"370","t":"28:24:45","h":"Est","s":"25S-H55S100F-80-F1"},{"r":"370","t":"28:24:45","h":"Est","s":"25S-H55S200F-80-F2"}]