[{"r":"190","t":"05:23:24","h":"Ouest","s":"25N-H56N000S-80-S"},{"r":"190","t":"05:23:24","h":"Ouest","s":"25N-H56NV10S-80-S"},{"r":"190","t":"05:23:24","h":"Ouest","s":"25N-H56NV20S-80-S"},{"r":"190","t":"05:23:24","h":"Ouest","s":"25S-H56S000S-80-S"},{"r":"190","t":"05:52:24","h":"Ouest","s":"25N-H56N000S-80-S"},{"r":"190","t":"05:52:24","h":"Ouest","s":"25N-H56NV10S-80-S"},{"r":"190","t":"05:52:24","h":"Ouest","s":"25N-H56NV20S-80-S"},{"r":"190","t":"05:52:24","h":"Ouest","s":"25S-H56S000S-80-S"},{"r":"190","t":"06:21:24","h":"Ouest","s":"25N-H56N000S-80-S"},{"r":"190","t":"06:21:24","h":"Ouest","s":"25N-H56NV10S-80-S"},{"r":"190","t":"06:21:24","h":"Ouest","s":"25N-H56NV20S-80-S"},{"r":"190","t":"06:21:24","h":"Ouest","s":"25S-H56S000S-80-S"},{"r":"190","t":"06:53:24","h":"Ouest","s":"25N-H56N000S-80-S"},{"r":"190","t":"06:53:24","h":"Ouest","s":"25N-H56NV10S-80-S"},{"r":"190","t":"06:53:24","h":"Ouest","s":"25N-H56NV20S-80-S"},{"r":"190","t":"06:53:24","h":"Ouest","s":"25S-H56S000S-80-S"},{"r":"190","t":"07:25:18","h":"Ouest","s":"25N-H56N000S-80-S"},{"r":"190","t":"07:25:18","h":"Ouest","s":"25N-H56NV10S-80-S"},{"r":"190","t":"07:25:18","h":"Ouest","s":"25N-H56NV20S-80-S"},{"r":"190","t":"07:25:18","h":"Ouest","s":"25S-H56S000S-80-S"},{"r":"190","t":"07:56:18","h":"Ouest","s":"25N-H56N000S-80-S"},{"r":"190","t":"07:56:18","h":"Ouest","s":"25N-H56NV10S-80-S"},{"r":"190","t":"07:56:18","h":"Ouest","s":"25N-H56NV20S-80-S"},{"r":"190","t":"07:56:18","h":"Ouest","s":"25S-H56S000S-80-S"},{"r":"190","t":"08:26:18","h":"Ouest","s":"25N-H56N000S-80-S"},{"r":"190","t":"08:26:18","h":"Ouest","s":"25N-H56NV10S-80-S"},{"r":"190","t":"08:26:18","h":"Ouest","s":"25N-H56NV20S-80-S"},{"r":"190","t":"08:26:18","h":"Ouest","s":"25S-H56S000S-80-S"},{"r":"190","t":"08:56:24","h":"Ouest","s":"25N-H56N000S-80-S"},{"r":"190","t":"08:56:24","h":"Ouest","s":"25N-H56NV10S-80-S"},{"r":"190","t":"08:56:24","h":"Ouest","s":"25N-H56NV20S-80-S"},{"r":"190","t":"08:56:24","h":"Ouest","s":"25S-H56S000S-80-S"},{"r":"190","t":"09:27:24","h":"Ouest","s":"25N-H56N000S-80-S"},{"r":"190","t":"09:27:24","h":"Ouest","s":"25N-H56NV10S-80-S"},{"r":"190","t":"09:27:24","h":"Ouest","s":"25N-H56NV20S-80-S"},{"r":"190","t":"09:27:24","h":"Ouest","s":"25S-H56S000S-80-S"},{"r":"190","t":"09:58:24","h":"Ouest","s":"25N-H56N000S-80-S"},{"r":"190","t":"09:58:24","h":"Ouest","s":"25N-H56NV10S-80-S"},{"r":"190","t":"09:58:24","h":"Ouest","s":"25N-H56NV20S-80-S"},{"r":"190","t":"09:58:24","h":"Ouest","s":"25S-H56S000S-80-S"},{"r":"190","t":"10:27:24","h":"Ouest","s":"25N-H56N000S-80-S"},{"r":"190","t":"10:27:24","h":"Ouest","s":"25N-H56NV10S-80-S"},{"r":"190","t":"10:27:24","h":"Ouest","s":"25N-H56NV20S-80-S"},{"r":"190","t":"10:27:24","h":"Ouest","s":"25S-H56S000S-80-S"},{"r":"190","t":"10:57:24","h":"Ouest","s":"25N-H56N000S-80-S"},{"r":"190","t":"10:57:24","h":"Ouest","s":"25N-H56NV10S-80-S"},{"r":"190","t":"10:57:24","h":"Ouest","s":"25N-H56NV20S-80-S"},{"r":"190","t":"10:57:24","h":"Ouest","s":"25S-H56S000S-80-S"},{"r":"190","t":"11:27:24","h":"Ouest","s":"25N-H56N000S-80-S"},{"r":"190","t":"11:27:24","h":"Ouest","s":"25N-H56NV10S-80-S"},{"r":"190","t":"11:27:24","h":"Ouest","s":"25N-H56NV20S-80-S"},{"r":"190","t":"11:27:24","h":"Ouest","s":"25S-H56S000S-80-S"},{"r":"190","t":"11:57:24","h":"Ouest","s":"25N-H56N000S-80-S"},{"r":"190","t":"11:57:24","h":"Ouest","s":"25N-H56NV10S-80-S"},{"r":"190","t":"11:57:24","h":"Ouest","s":"25N-H56NV20S-80-S"},{"r":"190","t":"11:57:24","h":"Ouest","s":"25S-H56S000S-80-S"},{"r":"190","t":"12:27:24","h":"Ouest","s":"25N-H56N000S-80-S"},{"r":"190","t":"12:27:24","h":"Ouest","s":"25N-H56NV10S-80-S"},{"r":"190","t":"12:27:24","h":"Ouest","s":"25N-H56NV20S-80-S"},{"r":"190","t":"12:27:24","h":"Ouest","s":"25S-H56S000S-80-S"},{"r":"190","t":"12:58:24","h":"Ouest","s":"25N-H56N000S-80-S"},{"r":"190","t":"12:58:24","h":"Ouest","s":"25N-H56NV10S-80-S"},{"r":"190","t":"12:58:24","h":"Ouest","s":"25N-H56NV20S-80-S"},{"r":"190","t":"12:58:24","h":"Ouest","s":"25S-H56S000S-80-S"},{"r":"190","t":"13:29:24","h":"Ouest","s":"25N-H56N000S-80-S"},{"r":"190","t":"13:29:24","h":"Ouest","s":"25N-H56NV10S-80-S"},{"r":"190","t":"13:29:24","h":"Ouest","s":"25N-H56NV20S-80-S"},{"r":"190","t":"13:29:24","h":"Ouest","s":"25S-H56S000S-80-S"},{"r":"190","t":"13:59:24","h":"Ouest","s":"25N-H56N000S-80-S"},{"r":"190","t":"13:59:24","h":"Ouest","s":"25N-H56NV10S-80-S"},{"r":"190","t":"13:59:24","h":"Ouest","s":"25N-H56NV20S-80-S"},{"r":"190","t":"13:59:24","h":"Ouest","s":"25S-H56S000S-80-S"},{"r":"190","t":"14:29:24","h":"Ouest","s":"25N-H56N000S-80-S"},{"r":"190","t":"14:29:24","h":"Ouest","s":"25N-H56NV10S-80-S"},{"r":"190","t":"14:29:24","h":"Ouest","s":"25N-H56NV20S-80-S"},{"r":"190","t":"14:29:24","h":"Ouest","s":"25S-H56S000S-80-S"},{"r":"190","t":"14:59:24","h":"Ouest","s":"25N-H56N000S-80-S"},{"r":"190","t":"14:59:24","h":"Ouest","s":"25N-H56NV10S-80-S"},{"r":"190","t":"14:59:24","h":"Ouest","s":"25N-H56NV20S-80-S"},{"r":"190","t":"14:59:24","h":"Ouest","s":"25S-H56S000S-80-S"},{"r":"190","t":"15:34:18","h":"Ouest","s":"25N-H56N000S-80-S"},{"r":"190","t":"15:34:18","h":"Ouest","s":"25N-H56NV10S-80-S"},{"r":"190","t":"15:34:18","h":"Ouest","s":"25N-H56NV20S-80-S"},{"r":"190","t":"15:34:18","h":"Ouest","s":"25S-H56S000S-80-S"},{"r":"190","t":"16:07:18","h":"Ouest","s":"25N-H56N000S-80-S"},{"r":"190","t":"16:07:18","h":"Ouest","s":"25N-H56NV10S-80-S"},{"r":"190","t":"16:07:18","h":"Ouest","s":"25N-H56NV20S-80-S"},{"r":"190","t":"16:07:18","h":"Ouest","s":"25S-H56S000S-80-S"},{"r":"190","t":"16:40:18","h":"Ouest","s":"25N-H56N000S-80-S"},{"r":"190","t":"16:40:18","h":"Ouest","s":"25N-H56NV10S-80-S"},{"r":"190","t":"16:40:18","h":"Ouest","s":"25N-H56NV20S-80-S"},{"r":"190","t":"16:40:18","h":"Ouest","s":"25S-H56S000S-80-S"},{"r":"190","t":"17:13:18","h":"Ouest","s":"25N-H56N000S-80-S"},{"r":"190","t":"17:13:18","h":"Ouest","s":"25N-H56NV10S-80-S"},{"r":"190","t":"17:13:18","h":"Ouest","s":"25N-H56NV20S-80-S"},{"r":"190","t":"17:13:18","h":"Ouest","s":"25S-H56S000S-80-S"},{"r":"190","t":"17:44:24","h":"Ouest","s":"25N-H56N000S-80-S"},{"r":"190","t":"17:44:24","h":"Ouest","s":"25N-H56NV10S-80-S"},{"r":"190","t":"17:44:24","h":"Ouest","s":"25N-H56NV20S-80-S"},{"r":"190","t":"17:44:24","h":"Ouest","s":"25S-H56S000S-80-S"},{"r":"190","t":"18:15:24","h":"Ouest","s":"25N-H56N000S-80-S"},{"r":"190","t":"18:15:24","h":"Ouest","s":"25N-H56NV10S-80-S"},{"r":"190","t":"18:15:24","h":"Ouest","s":"25N-H56NV20S-80-S"},{"r":"190","t":"18:15:24","h":"Ouest","s":"25S-H56S000S-80-S"},{"r":"190","t":"18:46:24","h":"Ouest","s":"25N-H56N000S-80-S"},{"r":"190","t":"18:46:24","h":"Ouest","s":"25N-H56NV10S-80-S"},{"r":"190","t":"18:46:24","h":"Ouest","s":"25N-H56NV20S-80-S"},{"r":"190","t":"18:46:24","h":"Ouest","s":"25S-H56S000S-80-S"},{"r":"190","t":"19:15:24","h":"Ouest","s":"25N-H56N000S-80-S"},{"r":"190","t":"19:15:24","h":"Ouest","s":"25N-H56NV10S-80-S"},{"r":"190","t":"19:15:24","h":"Ouest","s":"25N-H56NV20S-80-S"},{"r":"190","t":"19:15:24","h":"Ouest","s":"25S-H56S000S-80-S"},{"r":"190","t":"19:39:24","h":"Ouest","s":"25N-H56N000S-80-S"},{"r":"190","t":"19:39:24","h":"Ouest","s":"25N-H56NV10S-80-S"},{"r":"190","t":"19:39:24","h":"Ouest","s":"25N-H56NV20S-80-S"},{"r":"190","t":"19:39:24","h":"Ouest","s":"25S-H56S000S-80-S"},{"r":"190","t":"20:01:24","h":"Ouest","s":"25N-H56N000S-80-S"},{"r":"190","t":"20:01:24","h":"Ouest","s":"25N-H56NV10S-80-S"},{"r":"190","t":"20:01:24","h":"Ouest","s":"25N-H56NV20S-80-S"},{"r":"190","t":"20:01:24","h":"Ouest","s":"25S-H56S000S-80-S"},{"r":"190","t":"20:27:24","h":"Ouest","s":"25N-H56N000S-80-S"},{"r":"190","t":"20:27:24","h":"Ouest","s":"25N-H56NV10S-80-S"},{"r":"190","t":"20:27:24","h":"Ouest","s":"25N-H56NV20S-80-S"},{"r":"190","t":"20:27:24","h":"Ouest","s":"25S-H56S000S-80-S"},{"r":"190","t":"20:54:24","h":"Ouest","s":"25N-H56N000S-80-S"},{"r":"190","t":"20:54:24","h":"Ouest","s":"25N-H56NV10S-80-S"},{"r":"190","t":"20:54:24","h":"Ouest","s":"25N-H56NV20S-80-S"},{"r":"190","t":"20:54:24","h":"Ouest","s":"25S-H56S000S-80-S"},{"r":"190","t":"21:20:24","h":"Ouest","s":"25N-H56N000S-80-S"},{"r":"190","t":"21:20:24","h":"Ouest","s":"25N-H56NV10S-80-S"},{"r":"190","t":"21:20:24","h":"Ouest","s":"25N-H56NV20S-80-S"},{"r":"190","t":"21:20:24","h":"Ouest","s":"25S-H56S000S-80-S"}]