[{"r":"112","t":"05:23:38","h":"Est","s":"25N-H56N000A-80-A"},{"r":"112","t":"05:23:38","h":"Est","s":"25N-H56NV10A-80-A"},{"r":"112","t":"05:23:38","h":"Est","s":"25N-H56NV20A-80-A"},{"r":"112","t":"05:23:38","h":"Est","s":"25S-H56S000A-80-A"},{"r":"112","t":"05:24:11","h":"Est","s":"25N-H56N000I-80-I"},{"r":"112","t":"05:24:11","h":"Est","s":"25N-H56N100F-80-F1"},{"r":"112","t":"05:24:11","h":"Est","s":"25N-H56N200F-80-F2"},{"r":"112","t":"05:24:11","h":"Est","s":"25N-H56N300F-80-F3"},{"r":"112","t":"05:24:11","h":"Est","s":"25N-H56N400F-80-F4"},{"r":"112","t":"05:24:11","h":"Est","s":"25N-H56NV10I-80-I"},{"r":"112","t":"05:24:11","h":"Est","s":"25N-H56NV20I-80-I"},{"r":"112","t":"05:24:11","h":"Est","s":"25S-H56S000I-80-I"},{"r":"112","t":"05:24:11","h":"Est","s":"25S-H56S100F-80-F1"},{"r":"112","t":"05:24:11","h":"Est","s":"25S-H56S200F-81-F2"},{"r":"112","t":"05:24:38","h":"Est","s":"25N-H56N000S-80-S"},{"r":"112","t":"05:24:38","h":"Est","s":"25N-H56NV10S-80-S"},{"r":"112","t":"05:24:38","h":"Est","s":"25N-H56NV20S-80-S"},{"r":"112","t":"05:24:38","h":"Est","s":"25S-H56S000S-80-S"},{"r":"112","t":"05:47:38","h":"Est","s":"25N-H56N000S-80-S"},{"r":"112","t":"05:47:38","h":"Est","s":"25N-H56NV10S-80-S"},{"r":"112","t":"05:47:38","h":"Est","s":"25N-H56NV20S-80-S"},{"r":"112","t":"05:47:38","h":"Est","s":"25S-H56S000S-80-S"},{"r":"112","t":"05:54:38","h":"Est","s":"25N-H56N000A-80-A"},{"r":"112","t":"05:54:38","h":"Est","s":"25N-H56NV10A-80-A"},{"r":"112","t":"05:54:38","h":"Est","s":"25N-H56NV20A-80-A"},{"r":"112","t":"05:54:38","h":"Est","s":"25S-H56S000A-80-A"},{"r":"112","t":"05:55:11","h":"Est","s":"25N-H56N000I-80-I"},{"r":"112","t":"05:55:11","h":"Est","s":"25N-H56N100F-80-F1"},{"r":"112","t":"05:55:11","h":"Est","s":"25N-H56N200F-80-F2"},{"r":"112","t":"05:55:11","h":"Est","s":"25N-H56N300F-80-F3"},{"r":"112","t":"05:55:11","h":"Est","s":"25N-H56N400F-80-F4"},{"r":"112","t":"05:55:11","h":"Est","s":"25N-H56NV10I-80-I"},{"r":"112","t":"05:55:11","h":"Est","s":"25N-H56NV20I-80-I"},{"r":"112","t":"05:55:11","h":"Est","s":"25S-H56S000I-80-I"},{"r":"112","t":"05:55:11","h":"Est","s":"25S-H56S100F-80-F1"},{"r":"112","t":"05:55:11","h":"Est","s":"25S-H56S200F-81-F2"},{"r":"112","t":"06:08:38","h":"Est","s":"25N-H56N000S-80-S"},{"r":"112","t":"06:08:38","h":"Est","s":"25N-H56NV10S-80-S"},{"r":"112","t":"06:08:38","h":"Est","s":"25N-H56NV20S-80-S"},{"r":"112","t":"06:08:38","h":"Est","s":"25S-H56S000S-80-S"},{"r":"112","t":"06:21:38","h":"Est","s":"25N-H56N000S-80-S"},{"r":"112","t":"06:21:38","h":"Est","s":"25N-H56NV10S-80-S"},{"r":"112","t":"06:21:38","h":"Est","s":"25N-H56NV20S-80-S"},{"r":"112","t":"06:21:38","h":"Est","s":"25S-H56S000S-80-S"},{"r":"112","t":"06:24:38","h":"Est","s":"25N-H56N000A-80-A"},{"r":"112","t":"06:24:38","h":"Est","s":"25N-H56NV10A-80-A"},{"r":"112","t":"06:24:38","h":"Est","s":"25N-H56NV20A-80-A"},{"r":"112","t":"06:24:38","h":"Est","s":"25S-H56S000A-80-A"},{"r":"112","t":"06:26:11","h":"Est","s":"25N-H56N000I-80-I"},{"r":"112","t":"06:26:11","h":"Est","s":"25N-H56N100F-80-F1"},{"r":"112","t":"06:26:11","h":"Est","s":"25N-H56N200F-80-F2"},{"r":"112","t":"06:26:11","h":"Est","s":"25N-H56N300F-80-F3"},{"r":"112","t":"06:26:11","h":"Est","s":"25N-H56N400F-80-F4"},{"r":"112","t":"06:26:11","h":"Est","s":"25N-H56NV10I-80-I"},{"r":"112","t":"06:26:11","h":"Est","s":"25N-H56NV20I-80-I"},{"r":"112","t":"06:26:11","h":"Est","s":"25S-H56S000I-80-I"},{"r":"112","t":"06:26:11","h":"Est","s":"25S-H56S100F-80-F1"},{"r":"112","t":"06:26:11","h":"Est","s":"25S-H56S200F-81-F2"},{"r":"112","t":"06:33:38","h":"Est","s":"25N-H56N000S-80-S"},{"r":"112","t":"06:33:38","h":"Est","s":"25N-H56NV10S-80-S"},{"r":"112","t":"06:33:38","h":"Est","s":"25N-H56NV20S-80-S"},{"r":"112","t":"06:33:38","h":"Est","s":"25S-H56S000S-80-S"},{"r":"112","t":"06:46:38","h":"Est","s":"25N-H56N000S-80-S"},{"r":"112","t":"06:46:38","h":"Est","s":"25N-H56NV10S-80-S"},{"r":"112","t":"06:46:38","h":"Est","s":"25N-H56NV20S-80-S"},{"r":"112","t":"06:46:38","h":"Est","s":"25S-H56S000S-80-S"},{"r":"112","t":"06:53:38","h":"Est","s":"25N-H56N000A-80-A"},{"r":"112","t":"06:53:38","h":"Est","s":"25N-H56NV10A-80-A"},{"r":"112","t":"06:53:38","h":"Est","s":"25N-H56NV20A-80-A"},{"r":"112","t":"06:53:38","h":"Est","s":"25S-H56S000A-80-A"},{"r":"112","t":"06:54:11","h":"Est","s":"25N-H56N000I-80-I"},{"r":"112","t":"06:54:11","h":"Est","s":"25N-H56N100F-80-F1"},{"r":"112","t":"06:54:11","h":"Est","s":"25N-H56N200F-80-F2"},{"r":"112","t":"06:54:11","h":"Est","s":"25N-H56N300F-80-F3"},{"r":"112","t":"06:54:11","h":"Est","s":"25N-H56N400F-80-F4"},{"r":"112","t":"06:54:11","h":"Est","s":"25N-H56NV10I-80-I"},{"r":"112","t":"06:54:11","h":"Est","s":"25N-H56NV20I-80-I"},{"r":"112","t":"06:54:11","h":"Est","s":"25S-H56S000I-80-I"},{"r":"112","t":"06:54:11","h":"Est","s":"25S-H56S100F-80-F1"},{"r":"112","t":"06:54:11","h":"Est","s":"25S-H56S200F-81-F2"},{"r":"112","t":"06:58:38","h":"Est","s":"25N-H56N000S-80-S"},{"r":"112","t":"06:58:38","h":"Est","s":"25N-H56NV10S-80-S"},{"r":"112","t":"06:58:38","h":"Est","s":"25N-H56NV20S-80-S"},{"r":"112","t":"06:58:38","h":"Est","s":"25S-H56S000S-80-S"},{"r":"112","t":"07:10:11","h":"Est","s":"25N-H56N000S-80-S"},{"r":"112","t":"07:10:11","h":"Est","s":"25N-H56NV10S-80-S"},{"r":"112","t":"07:10:11","h":"Est","s":"25N-H56NV20S-80-S"},{"r":"112","t":"07:10:11","h":"Est","s":"25S-H56S000S-80-S"},{"r":"112","t":"07:20:11","h":"Est","s":"25N-H56N000S-80-S"},{"r":"112","t":"07:20:11","h":"Est","s":"25N-H56NV10S-80-S"},{"r":"112","t":"07:20:11","h":"Est","s":"25N-H56NV20S-80-S"},{"r":"112","t":"07:20:11","h":"Est","s":"25S-H56S000S-80-S"},{"r":"112","t":"07:22:38","h":"Est","s":"25N-H56N000A-80-A"},{"r":"112","t":"07:22:38","h":"Est","s":"25N-H56NV10A-80-A"},{"r":"112","t":"07:22:38","h":"Est","s":"25N-H56NV20A-80-A"},{"r":"112","t":"07:22:38","h":"Est","s":"25S-H56S000A-80-A"},{"r":"112","t":"07:23:11","h":"Est","s":"25N-H56N000I-80-I"},{"r":"112","t":"07:23:11","h":"Est","s":"25N-H56N100F-80-F1"},{"r":"112","t":"07:23:11","h":"Est","s":"25N-H56N200F-80-F2"},{"r":"112","t":"07:23:11","h":"Est","s":"25N-H56N300F-80-F3"},{"r":"112","t":"07:23:11","h":"Est","s":"25N-H56N400F-80-F4"},{"r":"112","t":"07:23:11","h":"Est","s":"25N-H56NV10I-80-I"},{"r":"112","t":"07:23:11","h":"Est","s":"25N-H56NV20I-80-I"},{"r":"112","t":"07:23:11","h":"Est","s":"25S-H56S000I-80-I"},{"r":"112","t":"07:23:11","h":"Est","s":"25S-H56S100F-80-F1"},{"r":"112","t":"07:23:11","h":"Est","s":"25S-H56S200F-81-F2"},{"r":"112","t":"07:27:11","h":"Est","s":"25N-H56N000S-80-S"},{"r":"112","t":"07:27:11","h":"Est","s":"25N-H56NV10S-80-S"},{"r":"112","t":"07:27:11","h":"Est","s":"25N-H56NV20S-80-S"},{"r":"112","t":"07:27:11","h":"Est","s":"25S-H56S000S-80-S"},{"r":"112","t":"07:34:11","h":"Est","s":"25N-H56N000S-80-S"},{"r":"112","t":"07:34:11","h":"Est","s":"25N-H56NV10S-80-S"},{"r":"112","t":"07:34:11","h":"Est","s":"25N-H56NV20S-80-S"},{"r":"112","t":"07:34:11","h":"Est","s":"25S-H56S000S-80-S"},{"r":"112","t":"07:41:11","h":"Est","s":"25N-H56N000S-80-S"},{"r":"112","t":"07:41:11","h":"Est","s":"25N-H56NV10S-80-S"},{"r":"112","t":"07:41:11","h":"Est","s":"25N-H56NV20S-80-S"},{"r":"112","t":"07:41:11","h":"Est","s":"25S-H56S000S-80-S"},{"r":"112","t":"07:49:11","h":"Est","s":"25N-H56N000S-80-S"},{"r":"112","t":"07:49:11","h":"Est","s":"25N-H56NV10S-80-S"},{"r":"112","t":"07:49:11","h":"Est","s":"25N-H56NV20S-80-S"},{"r":"112","t":"07:49:11","h":"Est","s":"25S-H56S000S-80-S"},{"r":"112","t":"07:51:38","h":"Est","s":"25N-H56N000A-80-A"},{"r":"112","t":"07:51:38","h":"Est","s":"25N-H56NV10A-80-A"},{"r":"112","t":"07:51:38","h":"Est","s":"25N-H56NV20A-80-A"},{"r":"112","t":"07:51:38","h":"Est","s":"25S-H56S000A-80-A"},{"r":"112","t":"07:52:11","h":"Est","s":"25N-H56N000I-80-I"},{"r":"112","t":"07:52:11","h":"Est","s":"25N-H56N100F-80-F1"},{"r":"112","t":"07:52:11","h":"Est","s":"25N-H56N200F-80-F2"},{"r":"112","t":"07:52:11","h":"Est","s":"25N-H56N300F-80-F3"},{"r":"112","t":"07:52:11","h":"Est","s":"25N-H56N400F-80-F4"},{"r":"112","t":"07:52:11","h":"Est","s":"25N-H56NV10I-80-I"},{"r":"112","t":"07:52:11","h":"Est","s":"25N-H56NV20I-80-I"},{"r":"112","t":"07:52:11","h":"Est","s":"25S-H56S000I-80-I"},{"r":"112","t":"07:52:11","h":"Est","s":"25S-H56S100F-80-F1"},{"r":"112","t":"07:52:11","h":"Est","s":"25S-H56S200F-81-F2"},{"r":"112","t":"07:56:11","h":"Est","s":"25N-H56N000S-80-S"},{"r":"112","t":"07:56:11","h":"Est","s":"25N-H56NV10S-80-S"},{"r":"112","t":"07:56:11","h":"Est","s":"25N-H56NV20S-80-S"},{"r":"112","t":"07:56:11","h":"Est","s":"25S-H56S000S-80-S"},{"r":"112","t":"08:02:11","h":"Est","s":"25N-H56N000S-80-S"},{"r":"112","t":"08:02:11","h":"Est","s":"25N-H56NV10S-80-S"},{"r":"112","t":"08:02:11","h":"Est","s":"25N-H56NV20S-80-S"},{"r":"112","t":"08:02:11","h":"Est","s":"25S-H56S000S-80-S"},{"r":"112","t":"08:07:11","h":"Est","s":"25N-H56N000S-80-S"},{"r":"112","t":"08:07:11","h":"Est","s":"25N-H56NV10S-80-S"},{"r":"112","t":"08:07:11","h":"Est","s":"25N-H56NV20S-80-S"},{"r":"112","t":"08:07:11","h":"Est","s":"25S-H56S000S-80-S"},{"r":"112","t":"08:12:11","h":"Est","s":"25N-H56N000S-80-S"},{"r":"112","t":"08:12:11","h":"Est","s":"25N-H56NV10S-80-S"},{"r":"112","t":"08:12:11","h":"Est","s":"25N-H56NV20S-80-S"},{"r":"112","t":"08:12:11","h":"Est","s":"25S-H56S000S-80-S"},{"r":"112","t":"08:19:11","h":"Est","s":"25N-H56N000S-80-S"},{"r":"112","t":"08:19:11","h":"Est","s":"25N-H56NV10S-80-S"},{"r":"112","t":"08:19:11","h":"Est","s":"25N-H56NV20S-80-S"},{"r":"112","t":"08:19:11","h":"Est","s":"25S-H56S000S-80-S"},{"r":"112","t":"08:20:38","h":"Est","s":"25N-H56N000A-80-A"},{"r":"112","t":"08:20:38","h":"Est","s":"25N-H56NV10A-80-A"},{"r":"112","t":"08:20:38","h":"Est","s":"25N-H56NV20A-80-A"},{"r":"112","t":"08:20:38","h":"Est","s":"25S-H56S000A-80-A"},{"r":"112","t":"08:21:11","h":"Est","s":"25N-H56N000I-80-I"},{"r":"112","t":"08:21:11","h":"Est","s":"25N-H56N100F-80-F1"},{"r":"112","t":"08:21:11","h":"Est","s":"25N-H56N200F-80-F2"},{"r":"112","t":"08:21:11","h":"Est","s":"25N-H56N300F-80-F3"},{"r":"112","t":"08:21:11","h":"Est","s":"25N-H56N400F-80-F4"},{"r":"112","t":"08:21:11","h":"Est","s":"25N-H56NV10I-80-I"},{"r":"112","t":"08:21:11","h":"Est","s":"25N-H56NV20I-80-I"},{"r":"112","t":"08:21:11","h":"Est","s":"25S-H56S000I-80-I"},{"r":"112","t":"08:21:11","h":"Est","s":"25S-H56S100F-80-F1"},{"r":"112","t":"08:21:11","h":"Est","s":"25S-H56S200F-81-F2"},{"r":"112","t":"08:27:11","h":"Est","s":"25N-H56N000S-80-S"},{"r":"112","t":"08:27:11","h":"Est","s":"25N-H56NV10S-80-S"},{"r":"112","t":"08:27:11","h":"Est","s":"25N-H56NV20S-80-S"},{"r":"112","t":"08:27:11","h":"Est","s":"25S-H56S000S-80-S"},{"r":"112","t":"08:34:11","h":"Est","s":"25N-H56N000S-80-S"},{"r":"112","t":"08:34:11","h":"Est","s":"25N-H56NV10S-80-S"},{"r":"112","t":"08:34:11","h":"Est","s":"25N-H56NV20S-80-S"},{"r":"112","t":"08:34:11","h":"Est","s":"25S-H56S000S-80-S"},{"r":"112","t":"08:43:11","h":"Est","s":"25N-H56N000S-80-S"},{"r":"112","t":"08:43:11","h":"Est","s":"25N-H56NV10S-80-S"},{"r":"112","t":"08:43:11","h":"Est","s":"25N-H56NV20S-80-S"},{"r":"112","t":"08:43:11","h":"Est","s":"25S-H56S000S-80-S"},{"r":"112","t":"08:49:38","h":"Est","s":"25N-H56N000A-80-A"},{"r":"112","t":"08:49:38","h":"Est","s":"25N-H56NV10A-80-A"},{"r":"112","t":"08:49:38","h":"Est","s":"25N-H56NV20A-80-A"},{"r":"112","t":"08:49:38","h":"Est","s":"25S-H56S000A-80-A"},{"r":"112","t":"08:51:11","h":"Est","s":"25N-H56N000I-80-I"},{"r":"112","t":"08:51:11","h":"Est","s":"25N-H56N100F-80-F1"},{"r":"112","t":"08:51:11","h":"Est","s":"25N-H56N200F-80-F2"},{"r":"112","t":"08:51:11","h":"Est","s":"25N-H56N300F-80-F3"},{"r":"112","t":"08:51:11","h":"Est","s":"25N-H56N400F-80-F4"},{"r":"112","t":"08:51:11","h":"Est","s":"25N-H56NV10I-80-I"},{"r":"112","t":"08:51:11","h":"Est","s":"25N-H56NV20I-80-I"},{"r":"112","t":"08:51:11","h":"Est","s":"25S-H56S000I-80-I"},{"r":"112","t":"08:51:11","h":"Est","s":"25S-H56S100F-80-F1"},{"r":"112","t":"08:51:11","h":"Est","s":"25S-H56S200F-81-F2"},{"r":"112","t":"08:54:11","h":"Est","s":"25N-H56N000S-80-S"},{"r":"112","t":"08:54:11","h":"Est","s":"25N-H56NV10S-80-S"},{"r":"112","t":"08:54:11","h":"Est","s":"25N-H56NV20S-80-S"},{"r":"112","t":"08:54:11","h":"Est","s":"25S-H56S000S-80-S"},{"r":"112","t":"09:03:11","h":"Est","s":"25N-H56N000S-80-S"},{"r":"112","t":"09:03:11","h":"Est","s":"25N-H56NV10S-80-S"},{"r":"112","t":"09:03:11","h":"Est","s":"25N-H56NV20S-80-S"},{"r":"112","t":"09:03:11","h":"Est","s":"25S-H56S000S-80-S"},{"r":"112","t":"09:12:11","h":"Est","s":"25N-H56N000S-80-S"},{"r":"112","t":"09:12:11","h":"Est","s":"25N-H56NV10S-80-S"},{"r":"112","t":"09:12:11","h":"Est","s":"25N-H56NV20S-80-S"},{"r":"112","t":"09:12:11","h":"Est","s":"25S-H56S000S-80-S"},{"r":"112","t":"09:19:38","h":"Est","s":"25N-H56N000A-80-A"},{"r":"112","t":"09:19:38","h":"Est","s":"25N-H56NV10A-80-A"},{"r":"112","t":"09:19:38","h":"Est","s":"25N-H56NV20A-80-A"},{"r":"112","t":"09:19:38","h":"Est","s":"25S-H56S000A-80-A"},{"r":"112","t":"09:21:11","h":"Est","s":"25N-H56N000S-80-S"},{"r":"112","t":"09:21:11","h":"Est","s":"25N-H56NV10S-80-S"},{"r":"112","t":"09:21:11","h":"Est","s":"25N-H56NV20S-80-S"},{"r":"112","t":"09:21:11","h":"Est","s":"25S-H56S000S-80-S"},{"r":"112","t":"09:22:11","h":"Est","s":"25N-H56N000I-80-I"},{"r":"112","t":"09:22:11","h":"Est","s":"25N-H56N100F-80-F1"},{"r":"112","t":"09:22:11","h":"Est","s":"25N-H56N200F-80-F2"},{"r":"112","t":"09:22:11","h":"Est","s":"25N-H56N300F-80-F3"},{"r":"112","t":"09:22:11","h":"Est","s":"25N-H56N400F-80-F4"},{"r":"112","t":"09:22:11","h":"Est","s":"25N-H56NV10I-80-I"},{"r":"112","t":"09:22:11","h":"Est","s":"25N-H56NV20I-80-I"},{"r":"112","t":"09:22:11","h":"Est","s":"25S-H56S000I-80-I"},{"r":"112","t":"09:22:11","h":"Est","s":"25S-H56S100F-80-F1"},{"r":"112","t":"09:22:11","h":"Est","s":"25S-H56S200F-81-F2"},{"r":"112","t":"09:33:11","h":"Est","s":"25N-H57N000S-80-S"},{"r":"112","t":"09:33:11","h":"Est","s":"25N-H57NV10S-84-S"},{"r":"112","t":"09:33:11","h":"Est","s":"25N-H57NV20S-80-S"},{"r":"112","t":"09:33:11","h":"Est","s":"25S-H57S000S-82-S"},{"r":"112","t":"09:45:11","h":"Est","s":"25N-H56N000S-80-S"},{"r":"112","t":"09:45:11","h":"Est","s":"25N-H56NV10S-80-S"},{"r":"112","t":"09:45:11","h":"Est","s":"25N-H56NV20S-80-S"},{"r":"112","t":"09:45:11","h":"Est","s":"25S-H56S000S-80-S"},{"r":"112","t":"09:49:38","h":"Est","s":"25N-H56N000A-80-A"},{"r":"112","t":"09:49:38","h":"Est","s":"25N-H56NV10A-80-A"},{"r":"112","t":"09:49:38","h":"Est","s":"25N-H56NV20A-80-A"},{"r":"112","t":"09:49:38","h":"Est","s":"25S-H56S000A-80-A"},{"r":"112","t":"09:51:11","h":"Est","s":"25N-H56N000I-80-I"},{"r":"112","t":"09:51:11","h":"Est","s":"25N-H56N100F-80-F1"},{"r":"112","t":"09:51:11","h":"Est","s":"25N-H56N200F-80-F2"},{"r":"112","t":"09:51:11","h":"Est","s":"25N-H56N300F-80-F3"},{"r":"112","t":"09:51:11","h":"Est","s":"25N-H56N400F-80-F4"},{"r":"112","t":"09:51:11","h":"Est","s":"25N-H56NV10I-80-I"},{"r":"112","t":"09:51:11","h":"Est","s":"25N-H56NV20I-80-I"},{"r":"112","t":"09:51:11","h":"Est","s":"25S-H56S000I-80-I"},{"r":"112","t":"09:51:11","h":"Est","s":"25S-H56S100F-80-F1"},{"r":"112","t":"09:51:11","h":"Est","s":"25S-H56S200F-81-F2"},{"r":"112","t":"09:56:11","h":"Est","s":"25N-H56N000S-80-S"},{"r":"112","t":"09:56:11","h":"Est","s":"25N-H56NV10S-80-S"},{"r":"112","t":"09:56:11","h":"Est","s":"25N-H56NV20S-80-S"},{"r":"112","t":"09:56:11","h":"Est","s":"25S-H56S000S-80-S"},{"r":"112","t":"10:16:11","h":"Est","s":"25N-H56N000S-80-S"},{"r":"112","t":"10:16:11","h":"Est","s":"25N-H56NV10S-80-S"},{"r":"112","t":"10:16:11","h":"Est","s":"25N-H56NV20S-80-S"},{"r":"112","t":"10:16:11","h":"Est","s":"25S-H56S000S-80-S"},{"r":"112","t":"10:18:38","h":"Est","s":"25N-H56N000A-80-A"},{"r":"112","t":"10:18:38","h":"Est","s":"25N-H56NV10A-80-A"},{"r":"112","t":"10:18:38","h":"Est","s":"25N-H56NV20A-80-A"},{"r":"112","t":"10:18:38","h":"Est","s":"25S-H56S000A-80-A"},{"r":"112","t":"10:19:11","h":"Est","s":"25N-H56N000I-80-I"},{"r":"112","t":"10:19:11","h":"Est","s":"25N-H56N100F-80-F1"},{"r":"112","t":"10:19:11","h":"Est","s":"25N-H56N200F-80-F2"},{"r":"112","t":"10:19:11","h":"Est","s":"25N-H56N300F-80-F3"},{"r":"112","t":"10:19:11","h":"Est","s":"25N-H56N400F-80-F4"},{"r":"112","t":"10:19:11","h":"Est","s":"25N-H56NV10I-80-I"},{"r":"112","t":"10:19:11","h":"Est","s":"25N-H56NV20I-80-I"},{"r":"112","t":"10:19:11","h":"Est","s":"25S-H56S000I-80-I"},{"r":"112","t":"10:19:11","h":"Est","s":"25S-H56S100F-80-F1"},{"r":"112","t":"10:19:11","h":"Est","s":"25S-H56S200F-81-F2"},{"r":"112","t":"10:36:38","h":"Est","s":"25N-H56N000S-80-S"},{"r":"112","t":"10:36:38","h":"Est","s":"25N-H56NV10S-80-S"},{"r":"112","t":"10:36:38","h":"Est","s":"25N-H56NV20S-80-S"},{"r":"112","t":"10:36:38","h":"Est","s":"25S-H56S000S-80-S"},{"r":"112","t":"10:41:11","h":"Est","s":"25N-H56N000I-80-I"},{"r":"112","t":"10:41:11","h":"Est","s":"25N-H56N100F-80-F1"},{"r":"112","t":"10:41:11","h":"Est","s":"25N-H56N200F-80-F2"},{"r":"112","t":"10:41:11","h":"Est","s":"25N-H56N300F-80-F3"},{"r":"112","t":"10:41:11","h":"Est","s":"25N-H56N400F-80-F4"},{"r":"112","t":"10:41:11","h":"Est","s":"25N-H56NV10I-80-I"},{"r":"112","t":"10:41:11","h":"Est","s":"25N-H56NV20I-80-I"},{"r":"112","t":"10:41:11","h":"Est","s":"25S-H56S000I-80-I"},{"r":"112","t":"10:41:11","h":"Est","s":"25S-H56S100F-80-F1"},{"r":"112","t":"10:41:11","h":"Est","s":"25S-H56S200F-81-F2"},{"r":"112","t":"10:42:38","h":"Est","s":"25N-H56N000A-80-A"},{"r":"112","t":"10:42:38","h":"Est","s":"25N-H56NV10A-80-A"},{"r":"112","t":"10:42:38","h":"Est","s":"25N-H56NV20A-80-A"},{"r":"112","t":"10:42:38","h":"Est","s":"25S-H56S000A-80-A"},{"r":"112","t":"10:56:38","h":"Est","s":"25N-H56N000S-80-S"},{"r":"112","t":"10:56:38","h":"Est","s":"25N-H56NV10S-80-S"},{"r":"112","t":"10:56:38","h":"Est","s":"25N-H56NV20S-80-S"},{"r":"112","t":"10:56:38","h":"Est","s":"25S-H56S000S-80-S"},{"r":"112","t":"11:01:11","h":"Est","s":"25N-H56N000I-80-I"},{"r":"112","t":"11:01:11","h":"Est","s":"25N-H56N100F-80-F1"},{"r":"112","t":"11:01:11","h":"Est","s":"25N-H56N200F-80-F2"},{"r":"112","t":"11:01:11","h":"Est","s":"25N-H56N300F-80-F3"},{"r":"112","t":"11:01:11","h":"Est","s":"25N-H56N400F-80-F4"},{"r":"112","t":"11:01:11","h":"Est","s":"25N-H56NV10I-80-I"},{"r":"112","t":"11:01:11","h":"Est","s":"25N-H56NV20I-80-I"},{"r":"112","t":"11:01:11","h":"Est","s":"25S-H56S000I-80-I"},{"r":"112","t":"11:01:11","h":"Est","s":"25S-H56S100F-80-F1"},{"r":"112","t":"11:01:11","h":"Est","s":"25S-H56S200F-81-F2"},{"r":"112","t":"11:02:38","h":"Est","s":"25N-H56N000A-80-A"},{"r":"112","t":"11:02:38","h":"Est","s":"25N-H56NV10A-80-A"},{"r":"112","t":"11:02:38","h":"Est","s":"25N-H56NV20A-80-A"},{"r":"112","t":"11:02:38","h":"Est","s":"25S-H56S000A-80-A"},{"r":"112","t":"11:17:44","h":"Est","s":"25N-H56N000S-80-S"},{"r":"112","t":"11:17:44","h":"Est","s":"25N-H56NV10S-80-S"},{"r":"112","t":"11:17:44","h":"Est","s":"25N-H56NV20S-80-S"},{"r":"112","t":"11:17:44","h":"Est","s":"25S-H56S000S-80-S"},{"r":"112","t":"11:21:11","h":"Est","s":"25N-H56N000I-80-I"},{"r":"112","t":"11:21:11","h":"Est","s":"25N-H56N100F-80-F1"},{"r":"112","t":"11:21:11","h":"Est","s":"25N-H56N200F-80-F2"},{"r":"112","t":"11:21:11","h":"Est","s":"25N-H56N300F-80-F3"},{"r":"112","t":"11:21:11","h":"Est","s":"25N-H56N400F-80-F4"},{"r":"112","t":"11:21:11","h":"Est","s":"25N-H56NV10I-80-I"},{"r":"112","t":"11:21:11","h":"Est","s":"25N-H56NV20I-80-I"},{"r":"112","t":"11:21:11","h":"Est","s":"25S-H56S000I-80-I"},{"r":"112","t":"11:21:11","h":"Est","s":"25S-H56S100F-80-F1"},{"r":"112","t":"11:21:11","h":"Est","s":"25S-H56S200F-81-F2"},{"r":"112","t":"11:21:38","h":"Est","s":"25N-H56N000A-80-A"},{"r":"112","t":"11:21:38","h":"Est","s":"25N-H56NV10A-80-A"},{"r":"112","t":"11:21:38","h":"Est","s":"25N-H56NV20A-80-A"},{"r":"112","t":"11:21:38","h":"Est","s":"25S-H56S000A-80-A"},{"r":"112","t":"11:38:44","h":"Est","s":"25N-H56N000S-80-S"},{"r":"112","t":"11:38:44","h":"Est","s":"25N-H56NV10S-80-S"},{"r":"112","t":"11:38:44","h":"Est","s":"25N-H56NV20S-80-S"},{"r":"112","t":"11:38:44","h":"Est","s":"25S-H56S000S-80-S"},{"r":"112","t":"11:41:11","h":"Est","s":"25N-H56N000I-80-I"},{"r":"112","t":"11:41:11","h":"Est","s":"25N-H56N100F-80-F1"},{"r":"112","t":"11:41:11","h":"Est","s":"25N-H56N200F-80-F2"},{"r":"112","t":"11:41:11","h":"Est","s":"25N-H56N300F-80-F3"},{"r":"112","t":"11:41:11","h":"Est","s":"25N-H56N400F-80-F4"},{"r":"112","t":"11:41:11","h":"Est","s":"25N-H56NV10I-80-I"},{"r":"112","t":"11:41:11","h":"Est","s":"25N-H56NV20I-80-I"},{"r":"112","t":"11:41:11","h":"Est","s":"25S-H56S000I-80-I"},{"r":"112","t":"11:41:11","h":"Est","s":"25S-H56S100F-80-F1"},{"r":"112","t":"11:41:11","h":"Est","s":"25S-H56S200F-81-F2"},{"r":"112","t":"11:41:38","h":"Est","s":"25N-H56N000A-80-A"},{"r":"112","t":"11:41:38","h":"Est","s":"25N-H56NV10A-80-A"},{"r":"112","t":"11:41:38","h":"Est","s":"25N-H56NV20A-80-A"},{"r":"112","t":"11:41:38","h":"Est","s":"25S-H56S000A-80-A"},{"r":"112","t":"11:57:44","h":"Est","s":"25N-H56N000S-80-S"},{"r":"112","t":"11:57:44","h":"Est","s":"25N-H56NV10S-80-S"},{"r":"112","t":"11:57:44","h":"Est","s":"25N-H56NV20S-80-S"},{"r":"112","t":"11:57:44","h":"Est","s":"25S-H56S000S-80-S"},{"r":"112","t":"12:01:11","h":"Est","s":"25N-H56N000I-80-I"},{"r":"112","t":"12:01:11","h":"Est","s":"25N-H56N100F-80-F1"},{"r":"112","t":"12:01:11","h":"Est","s":"25N-H56N200F-80-F2"},{"r":"112","t":"12:01:11","h":"Est","s":"25N-H56N300F-80-F3"},{"r":"112","t":"12:01:11","h":"Est","s":"25N-H56N400F-80-F4"},{"r":"112","t":"12:01:11","h":"Est","s":"25N-H56NV10I-80-I"},{"r":"112","t":"12:01:11","h":"Est","s":"25N-H56NV20I-80-I"},{"r":"112","t":"12:01:11","h":"Est","s":"25S-H56S000I-80-I"},{"r":"112","t":"12:01:11","h":"Est","s":"25S-H56S100F-80-F1"},{"r":"112","t":"12:01:11","h":"Est","s":"25S-H56S200F-81-F2"},{"r":"112","t":"12:01:38","h":"Est","s":"25N-H56N000A-80-A"},{"r":"112","t":"12:01:38","h":"Est","s":"25N-H56NV10A-80-A"},{"r":"112","t":"12:01:38","h":"Est","s":"25N-H56NV20A-80-A"},{"r":"112","t":"12:01:38","h":"Est","s":"25S-H56S000A-80-A"},{"r":"112","t":"12:18:44","h":"Est","s":"25N-H56N000S-80-S"},{"r":"112","t":"12:18:44","h":"Est","s":"25N-H56NV10S-80-S"},{"r":"112","t":"12:18:44","h":"Est","s":"25N-H56NV20S-80-S"},{"r":"112","t":"12:18:44","h":"Est","s":"25S-H56S000S-80-S"},{"r":"112","t":"12:21:38","h":"Est","s":"25N-H56N000A-80-A"},{"r":"112","t":"12:21:38","h":"Est","s":"25N-H56NV10A-80-A"},{"r":"112","t":"12:21:38","h":"Est","s":"25N-H56NV20A-80-A"},{"r":"112","t":"12:21:38","h":"Est","s":"25S-H56S000A-80-A"},{"r":"112","t":"12:22:11","h":"Est","s":"25N-H56N000I-80-I"},{"r":"112","t":"12:22:11","h":"Est","s":"25N-H56N100F-80-F1"},{"r":"112","t":"12:22:11","h":"Est","s":"25N-H56N200F-80-F2"},{"r":"112","t":"12:22:11","h":"Est","s":"25N-H56N300F-80-F3"},{"r":"112","t":"12:22:11","h":"Est","s":"25N-H56N400F-80-F4"},{"r":"112","t":"12:22:11","h":"Est","s":"25N-H56NV10I-80-I"},{"r":"112","t":"12:22:11","h":"Est","s":"25N-H56NV20I-80-I"},{"r":"112","t":"12:22:11","h":"Est","s":"25S-H56S000I-80-I"},{"r":"112","t":"12:22:11","h":"Est","s":"25S-H56S100F-80-F1"},{"r":"112","t":"12:22:11","h":"Est","s":"25S-H56S200F-81-F2"},{"r":"112","t":"12:40:44","h":"Est","s":"25N-H56N000S-80-S"},{"r":"112","t":"12:40:44","h":"Est","s":"25N-H56NV10S-80-S"},{"r":"112","t":"12:40:44","h":"Est","s":"25N-H56NV20S-80-S"},{"r":"112","t":"12:40:44","h":"Est","s":"25S-H56S000S-80-S"},{"r":"112","t":"12:42:38","h":"Est","s":"25N-H56N000A-80-A"},{"r":"112","t":"12:42:38","h":"Est","s":"25N-H56NV10A-80-A"},{"r":"112","t":"12:42:38","h":"Est","s":"25N-H56NV20A-80-A"},{"r":"112","t":"12:42:38","h":"Est","s":"25S-H56S000A-80-A"},{"r":"112","t":"12:43:11","h":"Est","s":"25N-H56N000I-80-I"},{"r":"112","t":"12:43:11","h":"Est","s":"25N-H56N100F-80-F1"},{"r":"112","t":"12:43:11","h":"Est","s":"25N-H56N200F-80-F2"},{"r":"112","t":"12:43:11","h":"Est","s":"25N-H56N300F-80-F3"},{"r":"112","t":"12:43:11","h":"Est","s":"25N-H56N400F-80-F4"},{"r":"112","t":"12:43:11","h":"Est","s":"25N-H56NV10I-80-I"},{"r":"112","t":"12:43:11","h":"Est","s":"25N-H56NV20I-80-I"},{"r":"112","t":"12:43:11","h":"Est","s":"25S-H56S000I-80-I"},{"r":"112","t":"12:43:11","h":"Est","s":"25S-H56S100F-80-F1"},{"r":"112","t":"12:43:11","h":"Est","s":"25S-H56S200F-81-F2"},{"r":"112","t":"13:00:44","h":"Est","s":"25N-H56N000S-80-S"},{"r":"112","t":"13:00:44","h":"Est","s":"25N-H56NV10S-80-S"},{"r":"112","t":"13:00:44","h":"Est","s":"25N-H56NV20S-80-S"},{"r":"112","t":"13:00:44","h":"Est","s":"25S-H56S000S-80-S"},{"r":"112","t":"13:03:11","h":"Est","s":"25N-H56N000I-80-I"},{"r":"112","t":"13:03:11","h":"Est","s":"25N-H56N100F-80-F1"},{"r":"112","t":"13:03:11","h":"Est","s":"25N-H56N200F-80-F2"},{"r":"112","t":"13:03:11","h":"Est","s":"25N-H56N300F-80-F3"},{"r":"112","t":"13:03:11","h":"Est","s":"25N-H56N400F-80-F4"},{"r":"112","t":"13:03:11","h":"Est","s":"25N-H56NV10I-80-I"},{"r":"112","t":"13:03:11","h":"Est","s":"25N-H56NV20I-80-I"},{"r":"112","t":"13:03:11","h":"Est","s":"25S-H56S000I-80-I"},{"r":"112","t":"13:03:11","h":"Est","s":"25S-H56S100F-80-F1"},{"r":"112","t":"13:03:11","h":"Est","s":"25S-H56S200F-81-F2"},{"r":"112","t":"13:04:38","h":"Est","s":"25N-H56N000A-80-A"},{"r":"112","t":"13:04:38","h":"Est","s":"25N-H56NV10A-80-A"},{"r":"112","t":"13:04:38","h":"Est","s":"25N-H56NV20A-80-A"},{"r":"112","t":"13:04:38","h":"Est","s":"25S-H56S000A-80-A"},{"r":"112","t":"13:18:44","h":"Est","s":"25N-H56N000S-80-S"},{"r":"112","t":"13:18:44","h":"Est","s":"25N-H56NV10S-80-S"},{"r":"112","t":"13:18:44","h":"Est","s":"25N-H56NV20S-80-S"},{"r":"112","t":"13:18:44","h":"Est","s":"25S-H56S000S-80-S"},{"r":"112","t":"13:22:11","h":"Est","s":"25N-H56N000I-80-I"},{"r":"112","t":"13:22:11","h":"Est","s":"25N-H56N100F-80-F1"},{"r":"112","t":"13:22:11","h":"Est","s":"25N-H56N200F-80-F2"},{"r":"112","t":"13:22:11","h":"Est","s":"25N-H56N300F-80-F3"},{"r":"112","t":"13:22:11","h":"Est","s":"25N-H56N400F-80-F4"},{"r":"112","t":"13:22:11","h":"Est","s":"25N-H56NV10I-80-I"},{"r":"112","t":"13:22:11","h":"Est","s":"25N-H56NV20I-80-I"},{"r":"112","t":"13:22:11","h":"Est","s":"25S-H56S000I-80-I"},{"r":"112","t":"13:22:11","h":"Est","s":"25S-H56S100F-80-F1"},{"r":"112","t":"13:22:11","h":"Est","s":"25S-H56S200F-81-F2"},{"r":"112","t":"13:26:38","h":"Est","s":"25N-H56N000A-80-A"},{"r":"112","t":"13:26:38","h":"Est","s":"25N-H56NV10A-80-A"},{"r":"112","t":"13:26:38","h":"Est","s":"25N-H56NV20A-80-A"},{"r":"112","t":"13:26:38","h":"Est","s":"25S-H56S000A-80-A"},{"r":"112","t":"13:39:44","h":"Est","s":"25N-H56N000S-80-S"},{"r":"112","t":"13:39:44","h":"Est","s":"25N-H56NV10S-80-S"},{"r":"112","t":"13:39:44","h":"Est","s":"25N-H56NV20S-80-S"},{"r":"112","t":"13:39:44","h":"Est","s":"25S-H56S000S-80-S"},{"r":"112","t":"13:44:11","h":"Est","s":"25N-H56N000I-80-I"},{"r":"112","t":"13:44:11","h":"Est","s":"25N-H56N100F-80-F1"},{"r":"112","t":"13:44:11","h":"Est","s":"25N-H56N200F-80-F2"},{"r":"112","t":"13:44:11","h":"Est","s":"25N-H56N300F-80-F3"},{"r":"112","t":"13:44:11","h":"Est","s":"25N-H56N400F-80-F4"},{"r":"112","t":"13:44:11","h":"Est","s":"25N-H56NV10I-80-I"},{"r":"112","t":"13:44:11","h":"Est","s":"25N-H56NV20I-80-I"},{"r":"112","t":"13:44:11","h":"Est","s":"25S-H56S000I-80-I"},{"r":"112","t":"13:44:11","h":"Est","s":"25S-H56S100F-80-F1"},{"r":"112","t":"13:44:11","h":"Est","s":"25S-H56S200F-81-F2"},{"r":"112","t":"13:46:38","h":"Est","s":"25N-H56N000A-80-A"},{"r":"112","t":"13:46:38","h":"Est","s":"25N-H56NV10A-80-A"},{"r":"112","t":"13:46:38","h":"Est","s":"25N-H56NV20A-80-A"},{"r":"112","t":"13:46:38","h":"Est","s":"25S-H56S000A-80-A"},{"r":"112","t":"14:02:44","h":"Est","s":"25N-H56N000S-80-S"},{"r":"112","t":"14:02:44","h":"Est","s":"25N-H56NV10S-80-S"},{"r":"112","t":"14:02:44","h":"Est","s":"25N-H56NV20S-80-S"},{"r":"112","t":"14:02:44","h":"Est","s":"25S-H56S000S-80-S"},{"r":"112","t":"14:06:11","h":"Est","s":"25N-H56N000I-80-I"},{"r":"112","t":"14:06:11","h":"Est","s":"25N-H56N100F-80-F1"},{"r":"112","t":"14:06:11","h":"Est","s":"25N-H56N200F-80-F2"},{"r":"112","t":"14:06:11","h":"Est","s":"25N-H56N300F-80-F3"},{"r":"112","t":"14:06:11","h":"Est","s":"25N-H56N400F-80-F4"},{"r":"112","t":"14:06:11","h":"Est","s":"25N-H56NV10I-80-I"},{"r":"112","t":"14:06:11","h":"Est","s":"25N-H56NV20I-80-I"},{"r":"112","t":"14:06:11","h":"Est","s":"25S-H56S000I-80-I"},{"r":"112","t":"14:06:11","h":"Est","s":"25S-H56S100F-80-F1"},{"r":"112","t":"14:06:11","h":"Est","s":"25S-H56S200F-81-F2"},{"r":"112","t":"14:07:38","h":"Est","s":"25N-H56N000A-80-A"},{"r":"112","t":"14:07:38","h":"Est","s":"25N-H56NV10A-80-A"},{"r":"112","t":"14:07:38","h":"Est","s":"25N-H56NV20A-80-A"},{"r":"112","t":"14:07:38","h":"Est","s":"25S-H56S000A-80-A"},{"r":"112","t":"14:20:44","h":"Est","s":"25N-H56N000S-80-S"},{"r":"112","t":"14:20:44","h":"Est","s":"25N-H56NV10S-80-S"},{"r":"112","t":"14:20:44","h":"Est","s":"25N-H56NV20S-80-S"},{"r":"112","t":"14:20:44","h":"Est","s":"25S-H56S000S-80-S"},{"r":"112","t":"14:26:11","h":"Est","s":"25N-H56N000I-80-I"},{"r":"112","t":"14:26:11","h":"Est","s":"25N-H56N100F-80-F1"},{"r":"112","t":"14:26:11","h":"Est","s":"25N-H56N200F-80-F2"},{"r":"112","t":"14:26:11","h":"Est","s":"25N-H56N300F-80-F3"},{"r":"112","t":"14:26:11","h":"Est","s":"25N-H56N400F-80-F4"},{"r":"112","t":"14:26:11","h":"Est","s":"25N-H56NV10I-80-I"},{"r":"112","t":"14:26:11","h":"Est","s":"25N-H56NV20I-80-I"},{"r":"112","t":"14:26:11","h":"Est","s":"25S-H56S000I-80-I"},{"r":"112","t":"14:26:11","h":"Est","s":"25S-H56S100F-80-F1"},{"r":"112","t":"14:26:11","h":"Est","s":"25S-H56S200F-81-F2"},{"r":"112","t":"14:26:38","h":"Est","s":"25N-H56N000A-80-A"},{"r":"112","t":"14:26:38","h":"Est","s":"25N-H56NV10A-80-A"},{"r":"112","t":"14:26:38","h":"Est","s":"25N-H56NV20A-80-A"},{"r":"112","t":"14:26:38","h":"Est","s":"25S-H56S000A-80-A"},{"r":"112","t":"14:38:44","h":"Est","s":"25N-H56N000S-80-S"},{"r":"112","t":"14:38:44","h":"Est","s":"25N-H56NV10S-80-S"},{"r":"112","t":"14:38:44","h":"Est","s":"25N-H56NV20S-80-S"},{"r":"112","t":"14:38:44","h":"Est","s":"25S-H56S000S-80-S"},{"r":"112","t":"14:45:11","h":"Est","s":"25N-H56N000I-80-I"},{"r":"112","t":"14:45:11","h":"Est","s":"25N-H56N100F-80-F1"},{"r":"112","t":"14:45:11","h":"Est","s":"25N-H56N200F-80-F2"},{"r":"112","t":"14:45:11","h":"Est","s":"25N-H56N300F-80-F3"},{"r":"112","t":"14:45:11","h":"Est","s":"25N-H56N400F-80-F4"},{"r":"112","t":"14:45:11","h":"Est","s":"25N-H56NV10I-80-I"},{"r":"112","t":"14:45:11","h":"Est","s":"25N-H56NV20I-80-I"},{"r":"112","t":"14:45:11","h":"Est","s":"25S-H56S000I-80-I"},{"r":"112","t":"14:45:11","h":"Est","s":"25S-H56S100F-80-F1"},{"r":"112","t":"14:45:11","h":"Est","s":"25S-H56S200F-81-F2"},{"r":"112","t":"14:46:38","h":"Est","s":"25N-H56N000A-80-A"},{"r":"112","t":"14:46:38","h":"Est","s":"25N-H56NV10A-80-A"},{"r":"112","t":"14:46:38","h":"Est","s":"25N-H56NV20A-80-A"},{"r":"112","t":"14:46:38","h":"Est","s":"25S-H56S000A-80-A"},{"r":"112","t":"14:57:44","h":"Est","s":"25N-H56N000S-80-S"},{"r":"112","t":"14:57:44","h":"Est","s":"25N-H56NV10S-80-S"},{"r":"112","t":"14:57:44","h":"Est","s":"25N-H56NV20S-80-S"},{"r":"112","t":"14:57:44","h":"Est","s":"25S-H56S000S-80-S"},{"r":"112","t":"15:05:11","h":"Est","s":"25N-H56N000I-80-I"},{"r":"112","t":"15:05:11","h":"Est","s":"25N-H56N100F-80-F1"},{"r":"112","t":"15:05:11","h":"Est","s":"25N-H56N200F-80-F2"},{"r":"112","t":"15:05:11","h":"Est","s":"25N-H56N300F-80-F3"},{"r":"112","t":"15:05:11","h":"Est","s":"25N-H56N400F-80-F4"},{"r":"112","t":"15:05:11","h":"Est","s":"25N-H56NV10I-80-I"},{"r":"112","t":"15:05:11","h":"Est","s":"25N-H56NV20I-80-I"},{"r":"112","t":"15:05:11","h":"Est","s":"25S-H56S000I-80-I"},{"r":"112","t":"15:05:11","h":"Est","s":"25S-H56S100F-80-F1"},{"r":"112","t":"15:05:11","h":"Est","s":"25S-H56S200F-81-F2"},{"r":"112","t":"15:06:38","h":"Est","s":"25N-H56N000A-80-A"},{"r":"112","t":"15:06:38","h":"Est","s":"25N-H56NV10A-80-A"},{"r":"112","t":"15:06:38","h":"Est","s":"25N-H56NV20A-80-A"},{"r":"112","t":"15:06:38","h":"Est","s":"25S-H56S000A-80-A"},{"r":"112","t":"15:19:44","h":"Est","s":"25N-H56N000S-80-S"},{"r":"112","t":"15:19:44","h":"Est","s":"25N-H56NV10S-80-S"},{"r":"112","t":"15:19:44","h":"Est","s":"25N-H56NV20S-80-S"},{"r":"112","t":"15:19:44","h":"Est","s":"25S-H56S000S-80-S"},{"r":"112","t":"15:25:11","h":"Est","s":"25N-H56N000I-80-I"},{"r":"112","t":"15:25:11","h":"Est","s":"25N-H56N100F-80-F1"},{"r":"112","t":"15:25:11","h":"Est","s":"25N-H56N200F-80-F2"},{"r":"112","t":"15:25:11","h":"Est","s":"25N-H56N300F-80-F3"},{"r":"112","t":"15:25:11","h":"Est","s":"25N-H56N400F-80-F4"},{"r":"112","t":"15:25:11","h":"Est","s":"25N-H56NV10I-80-I"},{"r":"112","t":"15:25:11","h":"Est","s":"25N-H56NV20I-80-I"},{"r":"112","t":"15:25:11","h":"Est","s":"25S-H56S000I-80-I"},{"r":"112","t":"15:25:11","h":"Est","s":"25S-H56S100F-80-F1"},{"r":"112","t":"15:25:11","h":"Est","s":"25S-H56S200F-81-F2"},{"r":"112","t":"15:26:38","h":"Est","s":"25N-H56N000A-80-A"},{"r":"112","t":"15:26:38","h":"Est","s":"25N-H56NV10A-80-A"},{"r":"112","t":"15:26:38","h":"Est","s":"25N-H56NV20A-80-A"},{"r":"112","t":"15:26:38","h":"Est","s":"25S-H56S000A-80-A"},{"r":"112","t":"15:40:44","h":"Est","s":"25N-H56N000S-80-S"},{"r":"112","t":"15:40:44","h":"Est","s":"25N-H56NV10S-80-S"},{"r":"112","t":"15:40:44","h":"Est","s":"25N-H56NV20S-80-S"},{"r":"112","t":"15:40:44","h":"Est","s":"25S-H56S000S-80-S"},{"r":"112","t":"15:45:11","h":"Est","s":"25N-H56N000I-80-I"},{"r":"112","t":"15:45:11","h":"Est","s":"25N-H56N100F-80-F1"},{"r":"112","t":"15:45:11","h":"Est","s":"25N-H56N200F-80-F2"},{"r":"112","t":"15:45:11","h":"Est","s":"25N-H56N300F-80-F3"},{"r":"112","t":"15:45:11","h":"Est","s":"25N-H56N400F-80-F4"},{"r":"112","t":"15:45:11","h":"Est","s":"25N-H56NV10I-80-I"},{"r":"112","t":"15:45:11","h":"Est","s":"25N-H56NV20I-80-I"},{"r":"112","t":"15:45:11","h":"Est","s":"25S-H56S000I-80-I"},{"r":"112","t":"15:45:11","h":"Est","s":"25S-H56S100F-80-F1"},{"r":"112","t":"15:45:11","h":"Est","s":"25S-H56S200F-81-F2"},{"r":"112","t":"15:47:38","h":"Est","s":"25N-H56N000A-80-A"},{"r":"112","t":"15:47:38","h":"Est","s":"25N-H56NV10A-80-A"},{"r":"112","t":"15:47:38","h":"Est","s":"25N-H56NV20A-80-A"},{"r":"112","t":"15:47:38","h":"Est","s":"25S-H56S000A-80-A"},{"r":"112","t":"16:01:44","h":"Est","s":"25N-H56N000S-80-S"},{"r":"112","t":"16:01:44","h":"Est","s":"25N-H56NV10S-80-S"},{"r":"112","t":"16:01:44","h":"Est","s":"25N-H56NV20S-80-S"},{"r":"112","t":"16:01:44","h":"Est","s":"25S-H56S000S-80-S"},{"r":"112","t":"16:06:11","h":"Est","s":"25N-H56N000I-80-I"},{"r":"112","t":"16:06:11","h":"Est","s":"25N-H56N100F-80-F1"},{"r":"112","t":"16:06:11","h":"Est","s":"25N-H56N200F-80-F2"},{"r":"112","t":"16:06:11","h":"Est","s":"25N-H56N300F-80-F3"},{"r":"112","t":"16:06:11","h":"Est","s":"25N-H56N400F-80-F4"},{"r":"112","t":"16:06:11","h":"Est","s":"25N-H56NV10I-80-I"},{"r":"112","t":"16:06:11","h":"Est","s":"25N-H56NV20I-80-I"},{"r":"112","t":"16:06:11","h":"Est","s":"25S-H56S000I-80-I"},{"r":"112","t":"16:06:11","h":"Est","s":"25S-H56S100F-80-F1"},{"r":"112","t":"16:06:11","h":"Est","s":"25S-H56S200F-81-F2"},{"r":"112","t":"16:08:38","h":"Est","s":"25N-H56N000A-80-A"},{"r":"112","t":"16:08:38","h":"Est","s":"25N-H56NV10A-80-A"},{"r":"112","t":"16:08:38","h":"Est","s":"25N-H56NV20A-80-A"},{"r":"112","t":"16:08:38","h":"Est","s":"25S-H56S000A-80-A"},{"r":"112","t":"16:23:44","h":"Est","s":"25N-H56N000S-80-S"},{"r":"112","t":"16:23:44","h":"Est","s":"25N-H56NV10S-80-S"},{"r":"112","t":"16:23:44","h":"Est","s":"25N-H56NV20S-80-S"},{"r":"112","t":"16:23:44","h":"Est","s":"25S-H56S000S-80-S"},{"r":"112","t":"16:29:11","h":"Est","s":"25N-H56N000I-80-I"},{"r":"112","t":"16:29:11","h":"Est","s":"25N-H56N100F-80-F1"},{"r":"112","t":"16:29:11","h":"Est","s":"25N-H56N200F-80-F2"},{"r":"112","t":"16:29:11","h":"Est","s":"25N-H56N300F-80-F3"},{"r":"112","t":"16:29:11","h":"Est","s":"25N-H56N400F-80-F4"},{"r":"112","t":"16:29:11","h":"Est","s":"25N-H56NV10I-80-I"},{"r":"112","t":"16:29:11","h":"Est","s":"25N-H56NV20I-80-I"},{"r":"112","t":"16:29:11","h":"Est","s":"25S-H56S000I-80-I"},{"r":"112","t":"16:29:11","h":"Est","s":"25S-H56S100F-80-F1"},{"r":"112","t":"16:29:11","h":"Est","s":"25S-H56S200F-81-F2"},{"r":"112","t":"16:32:38","h":"Est","s":"25N-H56N000A-80-A"},{"r":"112","t":"16:32:38","h":"Est","s":"25N-H56NV10A-80-A"},{"r":"112","t":"16:32:38","h":"Est","s":"25N-H56NV20A-80-A"},{"r":"112","t":"16:32:38","h":"Est","s":"25S-H56S000A-80-A"},{"r":"112","t":"16:48:44","h":"Est","s":"25N-H56N000S-80-S"},{"r":"112","t":"16:48:44","h":"Est","s":"25N-H56NV10S-80-S"},{"r":"112","t":"16:48:44","h":"Est","s":"25N-H56NV20S-80-S"},{"r":"112","t":"16:48:44","h":"Est","s":"25S-H56S000S-80-S"},{"r":"112","t":"17:02:11","h":"Est","s":"25N-H56N000I-80-I"},{"r":"112","t":"17:02:11","h":"Est","s":"25N-H56N100F-80-F1"},{"r":"112","t":"17:02:11","h":"Est","s":"25N-H56N200F-80-F2"},{"r":"112","t":"17:02:11","h":"Est","s":"25N-H56N300F-80-F3"},{"r":"112","t":"17:02:11","h":"Est","s":"25N-H56N400F-80-F4"},{"r":"112","t":"17:02:11","h":"Est","s":"25N-H56NV10I-80-I"},{"r":"112","t":"17:02:11","h":"Est","s":"25N-H56NV20I-80-I"},{"r":"112","t":"17:02:11","h":"Est","s":"25S-H56S000I-80-I"},{"r":"112","t":"17:02:11","h":"Est","s":"25S-H56S100F-80-F1"},{"r":"112","t":"17:02:11","h":"Est","s":"25S-H56S200F-81-F2"},{"r":"112","t":"17:05:38","h":"Est","s":"25N-H56N000A-80-A"},{"r":"112","t":"17:05:38","h":"Est","s":"25N-H56NV10A-80-A"},{"r":"112","t":"17:05:38","h":"Est","s":"25N-H56NV20A-80-A"},{"r":"112","t":"17:05:38","h":"Est","s":"25S-H56S000A-80-A"},{"r":"112","t":"17:14:44","h":"Est","s":"25N-H56N000S-80-S"},{"r":"112","t":"17:14:44","h":"Est","s":"25N-H56NV10S-80-S"},{"r":"112","t":"17:14:44","h":"Est","s":"25N-H56NV20S-80-S"},{"r":"112","t":"17:14:44","h":"Est","s":"25S-H56S000S-80-S"},{"r":"112","t":"17:34:11","h":"Est","s":"25N-H56N000I-80-I"},{"r":"112","t":"17:34:11","h":"Est","s":"25N-H56N100F-80-F1"},{"r":"112","t":"17:34:11","h":"Est","s":"25N-H56N200F-80-F2"},{"r":"112","t":"17:34:11","h":"Est","s":"25N-H56N300F-80-F3"},{"r":"112","t":"17:34:11","h":"Est","s":"25N-H56N400F-80-F4"},{"r":"112","t":"17:34:11","h":"Est","s":"25N-H56NV10I-80-I"},{"r":"112","t":"17:34:11","h":"Est","s":"25N-H56NV20I-80-I"},{"r":"112","t":"17:34:11","h":"Est","s":"25S-H56S000I-80-I"},{"r":"112","t":"17:34:11","h":"Est","s":"25S-H56S100F-80-F1"},{"r":"112","t":"17:34:11","h":"Est","s":"25S-H56S200F-81-F2"},{"r":"112","t":"17:38:38","h":"Est","s":"25N-H56N000A-80-A"},{"r":"112","t":"17:38:38","h":"Est","s":"25N-H56NV10A-80-A"},{"r":"112","t":"17:38:38","h":"Est","s":"25N-H56NV20A-80-A"},{"r":"112","t":"17:38:38","h":"Est","s":"25S-H56S000A-80-A"},{"r":"112","t":"17:39:44","h":"Est","s":"25N-H56N000S-80-S"},{"r":"112","t":"17:39:44","h":"Est","s":"25N-H56NV10S-80-S"},{"r":"112","t":"17:39:44","h":"Est","s":"25N-H56NV20S-80-S"},{"r":"112","t":"17:39:44","h":"Est","s":"25S-H56S000S-80-S"},{"r":"112","t":"18:05:11","h":"Est","s":"25N-H56N000S-80-S"},{"r":"112","t":"18:05:11","h":"Est","s":"25N-H56NV10S-80-S"},{"r":"112","t":"18:05:11","h":"Est","s":"25N-H56NV20S-80-S"},{"r":"112","t":"18:05:11","h":"Est","s":"25S-H56S000S-80-S"},{"r":"112","t":"18:05:38","h":"Est","s":"25N-H56N000I-80-I"},{"r":"112","t":"18:05:38","h":"Est","s":"25N-H56N100F-80-F1"},{"r":"112","t":"18:05:38","h":"Est","s":"25N-H56N200F-80-F2"},{"r":"112","t":"18:05:38","h":"Est","s":"25N-H56N300F-80-F3"},{"r":"112","t":"18:05:38","h":"Est","s":"25N-H56N400F-80-F4"},{"r":"112","t":"18:05:38","h":"Est","s":"25N-H56NV10I-80-I"},{"r":"112","t":"18:05:38","h":"Est","s":"25N-H56NV20I-80-I"},{"r":"112","t":"18:05:38","h":"Est","s":"25S-H56S000I-80-I"},{"r":"112","t":"18:05:38","h":"Est","s":"25S-H56S100F-80-F1"},{"r":"112","t":"18:05:38","h":"Est","s":"25S-H56S200F-81-F2"},{"r":"112","t":"18:10:38","h":"Est","s":"25N-H56N000A-80-A"},{"r":"112","t":"18:10:38","h":"Est","s":"25N-H56NV10A-80-A"},{"r":"112","t":"18:10:38","h":"Est","s":"25N-H56NV20A-80-A"},{"r":"112","t":"18:10:38","h":"Est","s":"25S-H56S000A-80-A"},{"r":"112","t":"18:35:11","h":"Est","s":"25N-H56N000S-80-S"},{"r":"112","t":"18:35:11","h":"Est","s":"25N-H56NV10S-80-S"},{"r":"112","t":"18:35:11","h":"Est","s":"25N-H56NV20S-80-S"},{"r":"112","t":"18:35:11","h":"Est","s":"25S-H56S000S-80-S"},{"r":"112","t":"18:37:38","h":"Est","s":"25N-H56N000I-80-I"},{"r":"112","t":"18:37:38","h":"Est","s":"25N-H56N100F-80-F1"},{"r":"112","t":"18:37:38","h":"Est","s":"25N-H56N200F-80-F2"},{"r":"112","t":"18:37:38","h":"Est","s":"25N-H56N300F-80-F3"},{"r":"112","t":"18:37:38","h":"Est","s":"25N-H56N400F-80-F4"},{"r":"112","t":"18:37:38","h":"Est","s":"25N-H56NV10I-80-I"},{"r":"112","t":"18:37:38","h":"Est","s":"25N-H56NV20I-80-I"},{"r":"112","t":"18:37:38","h":"Est","s":"25S-H56S000I-80-I"},{"r":"112","t":"18:37:38","h":"Est","s":"25S-H56S100F-80-F1"},{"r":"112","t":"18:37:38","h":"Est","s":"25S-H56S200F-81-F2"},{"r":"112","t":"18:41:38","h":"Est","s":"25N-H56N000A-80-A"},{"r":"112","t":"18:41:38","h":"Est","s":"25N-H56NV10A-80-A"},{"r":"112","t":"18:41:38","h":"Est","s":"25N-H56NV20A-80-A"},{"r":"112","t":"18:41:38","h":"Est","s":"25S-H56S000A-80-A"},{"r":"112","t":"19:06:11","h":"Est","s":"25N-H56N000S-80-S"},{"r":"112","t":"19:06:11","h":"Est","s":"25N-H56NV10S-80-S"},{"r":"112","t":"19:06:11","h":"Est","s":"25N-H56NV20S-80-S"},{"r":"112","t":"19:06:11","h":"Est","s":"25S-H56S000S-80-S"},{"r":"112","t":"19:10:38","h":"Est","s":"25N-H56N000I-80-I"},{"r":"112","t":"19:10:38","h":"Est","s":"25N-H56N100F-80-F1"},{"r":"112","t":"19:10:38","h":"Est","s":"25N-H56N200F-80-F2"},{"r":"112","t":"19:10:38","h":"Est","s":"25N-H56N300F-80-F3"},{"r":"112","t":"19:10:38","h":"Est","s":"25N-H56N400F-80-F4"},{"r":"112","t":"19:10:38","h":"Est","s":"25N-H56NV10I-80-I"},{"r":"112","t":"19:10:38","h":"Est","s":"25N-H56NV20I-80-I"},{"r":"112","t":"19:10:38","h":"Est","s":"25S-H56S000I-80-I"},{"r":"112","t":"19:10:38","h":"Est","s":"25S-H56S100F-80-F1"},{"r":"112","t":"19:10:38","h":"Est","s":"25S-H56S200F-81-F2"},{"r":"112","t":"19:13:38","h":"Est","s":"25N-H56N000A-80-A"},{"r":"112","t":"19:13:38","h":"Est","s":"25N-H56NV10A-80-A"},{"r":"112","t":"19:13:38","h":"Est","s":"25N-H56NV20A-80-A"},{"r":"112","t":"19:13:38","h":"Est","s":"25S-H56S000A-80-A"},{"r":"112","t":"19:33:11","h":"Est","s":"25N-H56N000S-80-S"},{"r":"112","t":"19:33:11","h":"Est","s":"25N-H56NV10S-80-S"},{"r":"112","t":"19:33:11","h":"Est","s":"25N-H56NV20S-80-S"},{"r":"112","t":"19:33:11","h":"Est","s":"25S-H56S000S-80-S"},{"r":"112","t":"19:39:38","h":"Est","s":"25N-H56N000I-80-I"},{"r":"112","t":"19:39:38","h":"Est","s":"25N-H56N100F-80-F1"},{"r":"112","t":"19:39:38","h":"Est","s":"25N-H56N200F-80-F2"},{"r":"112","t":"19:39:38","h":"Est","s":"25N-H56N300F-80-F3"},{"r":"112","t":"19:39:38","h":"Est","s":"25N-H56N400F-80-F4"},{"r":"112","t":"19:39:38","h":"Est","s":"25N-H56NV10I-80-I"},{"r":"112","t":"19:39:38","h":"Est","s":"25N-H56NV20I-80-I"},{"r":"112","t":"19:39:38","h":"Est","s":"25S-H56S000I-80-I"},{"r":"112","t":"19:39:38","h":"Est","s":"25S-H56S100F-80-F1"},{"r":"112","t":"19:39:38","h":"Est","s":"25S-H56S200F-81-F2"},{"r":"112","t":"19:42:38","h":"Est","s":"25N-H56N000A-80-A"},{"r":"112","t":"19:42:38","h":"Est","s":"25N-H56NV10A-80-A"},{"r":"112","t":"19:42:38","h":"Est","s":"25N-H56NV20A-80-A"},{"r":"112","t":"19:42:38","h":"Est","s":"25S-H56S000A-80-A"},{"r":"112","t":"20:02:11","h":"Est","s":"25N-H56N000S-80-S"},{"r":"112","t":"20:02:11","h":"Est","s":"25N-H56NV10S-80-S"},{"r":"112","t":"20:02:11","h":"Est","s":"25N-H56NV20S-80-S"},{"r":"112","t":"20:02:11","h":"Est","s":"25S-H56S000S-80-S"},{"r":"112","t":"20:08:38","h":"Est","s":"25N-H56N000A-80-A"},{"r":"112","t":"20:08:38","h":"Est","s":"25N-H56N000I-80-I"},{"r":"112","t":"20:08:38","h":"Est","s":"25N-H56N100F-80-F1"},{"r":"112","t":"20:08:38","h":"Est","s":"25N-H56N200F-80-F2"},{"r":"112","t":"20:08:38","h":"Est","s":"25N-H56N300F-80-F3"},{"r":"112","t":"20:08:38","h":"Est","s":"25N-H56N400F-80-F4"},{"r":"112","t":"20:08:38","h":"Est","s":"25N-H56NV10A-80-A"},{"r":"112","t":"20:08:38","h":"Est","s":"25N-H56NV10I-80-I"},{"r":"112","t":"20:08:38","h":"Est","s":"25N-H56NV20A-80-A"},{"r":"112","t":"20:08:38","h":"Est","s":"25N-H56NV20I-80-I"},{"r":"112","t":"20:08:38","h":"Est","s":"25S-H56S000A-80-A"},{"r":"112","t":"20:08:38","h":"Est","s":"25S-H56S000I-80-I"},{"r":"112","t":"20:08:38","h":"Est","s":"25S-H56S100F-80-F1"},{"r":"112","t":"20:08:38","h":"Est","s":"25S-H56S200F-81-F2"},{"r":"112","t":"20:31:11","h":"Est","s":"25N-H56N000S-80-S"},{"r":"112","t":"20:31:11","h":"Est","s":"25N-H56NV10S-80-S"},{"r":"112","t":"20:31:11","h":"Est","s":"25N-H56NV20S-80-S"},{"r":"112","t":"20:31:11","h":"Est","s":"25S-H56S000S-80-S"},{"r":"112","t":"20:36:38","h":"Est","s":"25N-H56N000A-80-A"},{"r":"112","t":"20:36:38","h":"Est","s":"25N-H56NV10A-80-A"},{"r":"112","t":"20:36:38","h":"Est","s":"25N-H56NV20A-80-A"},{"r":"112","t":"20:36:38","h":"Est","s":"25S-H56S000A-80-A"},{"r":"112","t":"20:37:38","h":"Est","s":"25N-H56N000I-80-I"},{"r":"112","t":"20:37:38","h":"Est","s":"25N-H56N100F-80-F1"},{"r":"112","t":"20:37:38","h":"Est","s":"25N-H56N200F-80-F2"},{"r":"112","t":"20:37:38","h":"Est","s":"25N-H56N300F-80-F3"},{"r":"112","t":"20:37:38","h":"Est","s":"25N-H56N400F-80-F4"},{"r":"112","t":"20:37:38","h":"Est","s":"25N-H56NV10I-80-I"},{"r":"112","t":"20:37:38","h":"Est","s":"25N-H56NV20I-80-I"},{"r":"112","t":"20:37:38","h":"Est","s":"25S-H56S000I-80-I"},{"r":"112","t":"20:37:38","h":"Est","s":"25S-H56S100F-80-F1"},{"r":"112","t":"20:37:38","h":"Est","s":"25S-H56S200F-81-F2"},{"r":"112","t":"21:00:11","h":"Est","s":"25N-H56N000S-80-S"},{"r":"112","t":"21:00:11","h":"Est","s":"25N-H56NV10S-80-S"},{"r":"112","t":"21:00:11","h":"Est","s":"25N-H56NV20S-80-S"},{"r":"112","t":"21:00:11","h":"Est","s":"25S-H56S000S-80-S"},{"r":"112","t":"21:05:38","h":"Est","s":"25N-H56N000A-80-A"},{"r":"112","t":"21:05:38","h":"Est","s":"25N-H56N000I-80-I"},{"r":"112","t":"21:05:38","h":"Est","s":"25N-H56N100F-80-F1"},{"r":"112","t":"21:05:38","h":"Est","s":"25N-H56N200F-80-F2"},{"r":"112","t":"21:05:38","h":"Est","s":"25N-H56N300F-80-F3"},{"r":"112","t":"21:05:38","h":"Est","s":"25N-H56N400F-80-F4"},{"r":"112","t":"21:05:38","h":"Est","s":"25N-H56NV10A-80-A"},{"r":"112","t":"21:05:38","h":"Est","s":"25N-H56NV10I-80-I"},{"r":"112","t":"21:05:38","h":"Est","s":"25N-H56NV20A-80-A"},{"r":"112","t":"21:05:38","h":"Est","s":"25N-H56NV20I-80-I"},{"r":"112","t":"21:05:38","h":"Est","s":"25S-H56S000A-80-A"},{"r":"112","t":"21:05:38","h":"Est","s":"25S-H56S000I-80-I"},{"r":"112","t":"21:05:38","h":"Est","s":"25S-H56S100F-80-F1"},{"r":"112","t":"21:05:38","h":"Est","s":"25S-H56S200F-81-F2"},{"r":"112","t":"21:29:11","h":"Est","s":"25N-H56N000S-80-S"},{"r":"112","t":"21:29:11","h":"Est","s":"25N-H56NV10S-80-S"},{"r":"112","t":"21:29:11","h":"Est","s":"25N-H56NV20S-80-S"},{"r":"112","t":"21:29:11","h":"Est","s":"25S-H56S000S-80-S"},{"r":"112","t":"21:34:38","h":"Est","s":"25N-H56N000I-80-I"},{"r":"112","t":"21:34:38","h":"Est","s":"25N-H56N100F-80-F1"},{"r":"112","t":"21:34:38","h":"Est","s":"25N-H56N200F-80-F2"},{"r":"112","t":"21:34:38","h":"Est","s":"25N-H56N300F-80-F3"},{"r":"112","t":"21:34:38","h":"Est","s":"25N-H56N400F-80-F4"},{"r":"112","t":"21:34:38","h":"Est","s":"25N-H56NV10I-80-I"},{"r":"112","t":"21:34:38","h":"Est","s":"25N-H56NV20I-80-I"},{"r":"112","t":"21:34:38","h":"Est","s":"25S-H56S000I-80-I"},{"r":"112","t":"21:34:38","h":"Est","s":"25S-H56S100F-80-F1"},{"r":"112","t":"21:34:38","h":"Est","s":"25S-H56S200F-81-F2"},{"r":"112","t":"21:35:38","h":"Est","s":"25N-H56N000A-80-A"},{"r":"112","t":"21:35:38","h":"Est","s":"25N-H56NV10A-80-A"},{"r":"112","t":"21:35:38","h":"Est","s":"25N-H56NV20A-80-A"},{"r":"112","t":"21:35:38","h":"Est","s":"25S-H56S000A-80-A"},{"r":"112","t":"21:58:11","h":"Est","s":"25N-H56N000S-80-S"},{"r":"112","t":"21:58:11","h":"Est","s":"25N-H56NV10S-80-S"},{"r":"112","t":"21:58:11","h":"Est","s":"25N-H56NV20S-80-S"},{"r":"112","t":"21:58:11","h":"Est","s":"25S-H56S000S-80-S"},{"r":"112","t":"22:03:38","h":"Est","s":"25N-H56N000I-80-I"},{"r":"112","t":"22:03:38","h":"Est","s":"25N-H56N100F-80-F1"},{"r":"112","t":"22:03:38","h":"Est","s":"25N-H56N200F-80-F2"},{"r":"112","t":"22:03:38","h":"Est","s":"25N-H56N300F-80-F3"},{"r":"112","t":"22:03:38","h":"Est","s":"25N-H56N400F-80-F4"},{"r":"112","t":"22:03:38","h":"Est","s":"25N-H56NV10I-80-I"},{"r":"112","t":"22:03:38","h":"Est","s":"25N-H56NV20I-80-I"},{"r":"112","t":"22:03:38","h":"Est","s":"25S-H56S000I-80-I"},{"r":"112","t":"22:03:38","h":"Est","s":"25S-H56S100F-80-F1"},{"r":"112","t":"22:03:38","h":"Est","s":"25S-H56S200F-81-F2"},{"r":"112","t":"22:05:38","h":"Est","s":"25N-H56N000A-80-A"},{"r":"112","t":"22:05:38","h":"Est","s":"25N-H56NV10A-80-A"},{"r":"112","t":"22:05:38","h":"Est","s":"25N-H56NV20A-80-A"},{"r":"112","t":"22:05:38","h":"Est","s":"25S-H56S000A-80-A"},{"r":"112","t":"22:26:11","h":"Est","s":"25N-H56N000S-80-S"},{"r":"112","t":"22:26:11","h":"Est","s":"25N-H56NV10S-80-S"},{"r":"112","t":"22:26:11","h":"Est","s":"25N-H56NV20S-80-S"},{"r":"112","t":"22:26:11","h":"Est","s":"25S-H56S000S-80-S"},{"r":"112","t":"22:31:38","h":"Est","s":"25N-H56N000I-80-I"},{"r":"112","t":"22:31:38","h":"Est","s":"25N-H56N100F-80-F1"},{"r":"112","t":"22:31:38","h":"Est","s":"25N-H56N200F-80-F2"},{"r":"112","t":"22:31:38","h":"Est","s":"25N-H56N300F-80-F3"},{"r":"112","t":"22:31:38","h":"Est","s":"25N-H56N400F-80-F4"},{"r":"112","t":"22:31:38","h":"Est","s":"25N-H56NV10I-80-I"},{"r":"112","t":"22:31:38","h":"Est","s":"25N-H56NV20I-80-I"},{"r":"112","t":"22:31:38","h":"Est","s":"25S-H56S000I-80-I"},{"r":"112","t":"22:31:38","h":"Est","s":"25S-H56S100F-80-F1"},{"r":"112","t":"22:31:38","h":"Est","s":"25S-H56S200F-81-F2"},{"r":"112","t":"22:33:38","h":"Est","s":"25N-H56N000A-80-A"},{"r":"112","t":"22:33:38","h":"Est","s":"25N-H56NV10A-80-A"},{"r":"112","t":"22:33:38","h":"Est","s":"25N-H56NV20A-80-A"},{"r":"112","t":"22:33:38","h":"Est","s":"25S-H56S000A-80-A"},{"r":"112","t":"22:52:11","h":"Est","s":"25N-H56N000S-80-S"},{"r":"112","t":"22:52:11","h":"Est","s":"25N-H56NV10S-80-S"},{"r":"112","t":"22:52:11","h":"Est","s":"25N-H56NV20S-80-S"},{"r":"112","t":"22:52:11","h":"Est","s":"25S-H56S000S-80-S"},{"r":"112","t":"22:59:38","h":"Est","s":"25N-H56N000I-80-I"},{"r":"112","t":"22:59:38","h":"Est","s":"25N-H56N100F-80-F1"},{"r":"112","t":"22:59:38","h":"Est","s":"25N-H56N200F-80-F2"},{"r":"112","t":"22:59:38","h":"Est","s":"25N-H56N300F-80-F3"},{"r":"112","t":"22:59:38","h":"Est","s":"25N-H56N400F-80-F4"},{"r":"112","t":"22:59:38","h":"Est","s":"25N-H56NV10I-80-I"},{"r":"112","t":"22:59:38","h":"Est","s":"25N-H56NV20I-80-I"},{"r":"112","t":"22:59:38","h":"Est","s":"25S-H56S000I-80-I"},{"r":"112","t":"22:59:38","h":"Est","s":"25S-H56S100F-80-F1"},{"r":"112","t":"22:59:38","h":"Est","s":"25S-H56S200F-81-F2"},{"r":"112","t":"23:00:38","h":"Est","s":"25N-H56N000A-80-A"},{"r":"112","t":"23:00:38","h":"Est","s":"25N-H56NV10A-80-A"},{"r":"112","t":"23:00:38","h":"Est","s":"25N-H56NV20A-80-A"},{"r":"112","t":"23:00:38","h":"Est","s":"25S-H56S000A-80-A"},{"r":"112","t":"23:21:11","h":"Est","s":"25N-H56N000S-80-S"},{"r":"112","t":"23:21:11","h":"Est","s":"25N-H56NV10S-80-S"},{"r":"112","t":"23:21:11","h":"Est","s":"25N-H56NV20S-80-S"},{"r":"112","t":"23:21:11","h":"Est","s":"25S-H56S000S-80-S"},{"r":"112","t":"23:26:38","h":"Est","s":"25N-H56N000A-80-A"},{"r":"112","t":"23:26:38","h":"Est","s":"25N-H56N000I-80-I"},{"r":"112","t":"23:26:38","h":"Est","s":"25N-H56N100F-80-F1"},{"r":"112","t":"23:26:38","h":"Est","s":"25N-H56N200F-80-F2"},{"r":"112","t":"23:26:38","h":"Est","s":"25N-H56N300F-80-F3"},{"r":"112","t":"23:26:38","h":"Est","s":"25N-H56N400F-80-F4"},{"r":"112","t":"23:26:38","h":"Est","s":"25N-H56NV10A-80-A"},{"r":"112","t":"23:26:38","h":"Est","s":"25N-H56NV10I-80-I"},{"r":"112","t":"23:26:38","h":"Est","s":"25N-H56NV20A-80-A"},{"r":"112","t":"23:26:38","h":"Est","s":"25N-H56NV20I-80-I"},{"r":"112","t":"23:26:38","h":"Est","s":"25S-H56S000A-80-A"},{"r":"112","t":"23:26:38","h":"Est","s":"25S-H56S000I-80-I"},{"r":"112","t":"23:26:38","h":"Est","s":"25S-H56S100F-80-F1"},{"r":"112","t":"23:26:38","h":"Est","s":"25S-H56S200F-81-F2"},{"r":"112","t":"23:51:11","h":"Est","s":"25N-H56N000S-80-S"},{"r":"112","t":"23:51:11","h":"Est","s":"25N-H56NV10S-80-S"},{"r":"112","t":"23:51:11","h":"Est","s":"25N-H56NV20S-80-S"},{"r":"112","t":"23:51:11","h":"Est","s":"25S-H56S000S-80-S"},{"r":"112","t":"23:52:38","h":"Est","s":"25N-H56N000I-80-I"},{"r":"112","t":"23:52:38","h":"Est","s":"25N-H56N100F-80-F1"},{"r":"112","t":"23:52:38","h":"Est","s":"25N-H56N200F-80-F2"},{"r":"112","t":"23:52:38","h":"Est","s":"25N-H56N300F-80-F3"},{"r":"112","t":"23:52:38","h":"Est","s":"25N-H56N400F-80-F4"},{"r":"112","t":"23:52:38","h":"Est","s":"25N-H56NV10I-80-I"},{"r":"112","t":"23:52:38","h":"Est","s":"25N-H56NV20I-80-I"},{"r":"112","t":"23:52:38","h":"Est","s":"25S-H56S000I-80-I"},{"r":"112","t":"23:52:38","h":"Est","s":"25S-H56S100F-80-F1"},{"r":"112","t":"23:52:38","h":"Est","s":"25S-H56S200F-81-F2"},{"r":"112","t":"23:54:38","h":"Est","s":"25N-H56N000A-80-A"},{"r":"112","t":"23:54:38","h":"Est","s":"25N-H56NV10A-80-A"},{"r":"112","t":"23:54:38","h":"Est","s":"25N-H56NV20A-80-A"},{"r":"112","t":"23:54:38","h":"Est","s":"25S-H56S000A-80-A"},{"r":"112","t":"24:21:38","h":"Est","s":"25N-H56N000I-80-I"},{"r":"112","t":"24:21:38","h":"Est","s":"25N-H56N000S-80-S"},{"r":"112","t":"24:21:38","h":"Est","s":"25N-H56N100F-80-F1"},{"r":"112","t":"24:21:38","h":"Est","s":"25N-H56N200F-80-F2"},{"r":"112","t":"24:21:38","h":"Est","s":"25N-H56N300F-80-F3"},{"r":"112","t":"24:21:38","h":"Est","s":"25N-H56N400F-80-F4"},{"r":"112","t":"24:21:38","h":"Est","s":"25N-H56NV10I-80-I"},{"r":"112","t":"24:21:38","h":"Est","s":"25N-H56NV10S-80-S"},{"r":"112","t":"24:21:38","h":"Est","s":"25N-H56NV20I-80-I"},{"r":"112","t":"24:21:38","h":"Est","s":"25N-H56NV20S-80-S"},{"r":"112","t":"24:21:38","h":"Est","s":"25S-H56S000I-80-I"},{"r":"112","t":"24:21:38","h":"Est","s":"25S-H56S000S-80-S"},{"r":"112","t":"24:21:38","h":"Est","s":"25S-H56S100F-80-F1"},{"r":"112","t":"24:21:38","h":"Est","s":"25S-H56S200F-81-F2"},{"r":"112","t":"24:24:38","h":"Est","s":"25N-H56N000A-80-A"},{"r":"112","t":"24:24:38","h":"Est","s":"25N-H56NV10A-80-A"},{"r":"112","t":"24:24:38","h":"Est","s":"25N-H56NV20A-80-A"},{"r":"112","t":"24:24:38","h":"Est","s":"25S-H56S000A-80-A"},{"r":"112","t":"24:51:38","h":"Est","s":"25N-H56N000I-80-I"},{"r":"112","t":"24:51:38","h":"Est","s":"25N-H56N100F-80-F1"},{"r":"112","t":"24:51:38","h":"Est","s":"25N-H56N200F-80-F2"},{"r":"112","t":"24:51:38","h":"Est","s":"25N-H56N300F-80-F3"},{"r":"112","t":"24:51:38","h":"Est","s":"25N-H56N400F-80-F4"},{"r":"112","t":"24:51:38","h":"Est","s":"25N-H56NV10I-80-I"},{"r":"112","t":"24:51:38","h":"Est","s":"25N-H56NV20I-80-I"},{"r":"112","t":"24:51:38","h":"Est","s":"25S-H56S000I-80-I"},{"r":"112","t":"24:51:38","h":"Est","s":"25S-H56S100F-80-F1"},{"r":"112","t":"24:51:38","h":"Est","s":"25S-H56S200F-81-F2"},{"r":"112","t":"24:54:38","h":"Est","s":"25N-H56N000A-80-A"},{"r":"112","t":"24:54:38","h":"Est","s":"25N-H56N000S-80-S"},{"r":"112","t":"24:54:38","h":"Est","s":"25N-H56NV10A-80-A"},{"r":"112","t":"24:54:38","h":"Est","s":"25N-H56NV10S-80-S"},{"r":"112","t":"24:54:38","h":"Est","s":"25N-H56NV20A-80-A"},{"r":"112","t":"24:54:38","h":"Est","s":"25N-H56NV20S-80-S"},{"r":"112","t":"24:54:38","h":"Est","s":"25S-H56S000A-80-A"},{"r":"112","t":"24:54:38","h":"Est","s":"25S-H56S000S-80-S"},{"r":"112","t":"25:21:38","h":"Est","s":"25N-H56N000I-80-I"},{"r":"112","t":"25:21:38","h":"Est","s":"25N-H56N100F-80-F1"},{"r":"112","t":"25:21:38","h":"Est","s":"25N-H56N200F-80-F2"},{"r":"112","t":"25:21:38","h":"Est","s":"25N-H56N300F-80-F3"},{"r":"112","t":"25:21:38","h":"Est","s":"25N-H56N400F-80-F4"},{"r":"112","t":"25:21:38","h":"Est","s":"25N-H56NV10I-80-I"},{"r":"112","t":"25:21:38","h":"Est","s":"25N-H56NV20I-80-I"},{"r":"112","t":"25:21:38","h":"Est","s":"25S-H56S000I-80-I"},{"r":"112","t":"25:21:38","h":"Est","s":"25S-H56S100F-80-F1"},{"r":"112","t":"25:21:38","h":"Est","s":"25S-H56S200F-81-F2"},{"r":"112","t":"25:23:38","h":"Est","s":"25N-H56N000A-80-A"},{"r":"112","t":"25:23:38","h":"Est","s":"25N-H56N000S-80-S"},{"r":"112","t":"25:23:38","h":"Est","s":"25N-H56NV10A-80-A"},{"r":"112","t":"25:23:38","h":"Est","s":"25N-H56NV10S-80-S"},{"r":"112","t":"25:23:38","h":"Est","s":"25N-H56NV20A-80-A"},{"r":"112","t":"25:23:38","h":"Est","s":"25N-H56NV20S-80-S"},{"r":"112","t":"25:23:38","h":"Est","s":"25S-H56S000A-80-A"},{"r":"112","t":"25:23:38","h":"Est","s":"25S-H56S000S-80-S"},{"r":"112","t":"25:49:38","h":"Est","s":"25N-H56N000I-80-I"},{"r":"112","t":"25:49:38","h":"Est","s":"25N-H56N100F-80-F1"},{"r":"112","t":"25:49:38","h":"Est","s":"25N-H56N200F-80-F2"},{"r":"112","t":"25:49:38","h":"Est","s":"25N-H56N300F-80-F3"},{"r":"112","t":"25:49:38","h":"Est","s":"25N-H56N400F-80-F4"},{"r":"112","t":"25:49:38","h":"Est","s":"25N-H56NV10I-80-I"},{"r":"112","t":"25:49:38","h":"Est","s":"25N-H56NV20I-80-I"},{"r":"112","t":"25:49:38","h":"Est","s":"25S-H56S000I-80-I"},{"r":"112","t":"25:49:38","h":"Est","s":"25S-H56S100F-80-F1"},{"r":"112","t":"25:49:38","h":"Est","s":"25S-H56S200F-81-F2"},{"r":"112","t":"25:52:38","h":"Est","s":"25N-H56N000A-80-A"},{"r":"112","t":"25:52:38","h":"Est","s":"25N-H56NV10A-80-A"},{"r":"112","t":"25:52:38","h":"Est","s":"25N-H56NV20A-80-A"},{"r":"112","t":"25:52:38","h":"Est","s":"25S-H56S000A-80-A"}]