[{"r":"106","t":"05:11:37","h":"Est","s":"25N-H56N000S-80-S"},{"r":"106","t":"05:11:37","h":"Est","s":"25N-H56NV10S-80-S"},{"r":"106","t":"05:11:37","h":"Est","s":"25N-H56NV20S-80-S"},{"r":"106","t":"05:11:37","h":"Est","s":"25S-H56S000S-80-S"},{"r":"106","t":"05:16:37","h":"Est","s":"25N-H56N000I-80-I"},{"r":"106","t":"05:16:37","h":"Est","s":"25N-H56N100F-80-F1"},{"r":"106","t":"05:16:37","h":"Est","s":"25N-H56N200F-80-F2"},{"r":"106","t":"05:16:37","h":"Est","s":"25N-H56N300F-80-F3"},{"r":"106","t":"05:16:37","h":"Est","s":"25N-H56N400F-80-F4"},{"r":"106","t":"05:16:37","h":"Est","s":"25N-H56NV10I-80-I"},{"r":"106","t":"05:16:37","h":"Est","s":"25N-H56NV20I-80-I"},{"r":"106","t":"05:16:37","h":"Est","s":"25S-H56S000I-80-I"},{"r":"106","t":"05:16:37","h":"Est","s":"25S-H56S100F-80-F1"},{"r":"106","t":"05:16:37","h":"Est","s":"25S-H56S200F-81-F2"},{"r":"106","t":"05:17:37","h":"Est","s":"25N-H56N000A-80-A"},{"r":"106","t":"05:17:37","h":"Est","s":"25N-H56N000S-80-S"},{"r":"106","t":"05:17:37","h":"Est","s":"25N-H56NV10A-80-A"},{"r":"106","t":"05:17:37","h":"Est","s":"25N-H56NV10S-80-S"},{"r":"106","t":"05:17:37","h":"Est","s":"25N-H56NV20A-80-A"},{"r":"106","t":"05:17:37","h":"Est","s":"25N-H56NV20S-80-S"},{"r":"106","t":"05:17:37","h":"Est","s":"25S-H56S000A-80-A"},{"r":"106","t":"05:17:37","h":"Est","s":"25S-H56S000S-80-S"},{"r":"106","t":"05:25:37","h":"Est","s":"25N-H56N000S-80-S"},{"r":"106","t":"05:25:37","h":"Est","s":"25N-H56NV10S-80-S"},{"r":"106","t":"05:25:37","h":"Est","s":"25N-H56NV20S-80-S"},{"r":"106","t":"05:25:37","h":"Est","s":"25S-H56S000S-80-S"},{"r":"106","t":"05:36:37","h":"Est","s":"25N-H56N000S-80-S"},{"r":"106","t":"05:36:37","h":"Est","s":"25N-H56NV10S-80-S"},{"r":"106","t":"05:36:37","h":"Est","s":"25N-H56NV20S-80-S"},{"r":"106","t":"05:36:37","h":"Est","s":"25S-H56S000S-80-S"},{"r":"106","t":"05:40:37","h":"Est","s":"25N-H56N000A-80-A"},{"r":"106","t":"05:40:37","h":"Est","s":"25N-H56NV10A-80-A"},{"r":"106","t":"05:40:37","h":"Est","s":"25N-H56NV20A-80-A"},{"r":"106","t":"05:40:37","h":"Est","s":"25S-H56S000A-80-A"},{"r":"106","t":"05:47:37","h":"Est","s":"25N-H56N000S-80-S"},{"r":"106","t":"05:47:37","h":"Est","s":"25N-H56NV10S-80-S"},{"r":"106","t":"05:47:37","h":"Est","s":"25N-H56NV20S-80-S"},{"r":"106","t":"05:47:37","h":"Est","s":"25S-H56S000S-80-S"},{"r":"106","t":"05:48:37","h":"Est","s":"25N-H56N000I-80-I"},{"r":"106","t":"05:48:37","h":"Est","s":"25N-H56N100F-80-F1"},{"r":"106","t":"05:48:37","h":"Est","s":"25N-H56N200F-80-F2"},{"r":"106","t":"05:48:37","h":"Est","s":"25N-H56N300F-80-F3"},{"r":"106","t":"05:48:37","h":"Est","s":"25N-H56N400F-80-F4"},{"r":"106","t":"05:48:37","h":"Est","s":"25N-H56NV10I-80-I"},{"r":"106","t":"05:48:37","h":"Est","s":"25N-H56NV20I-80-I"},{"r":"106","t":"05:48:37","h":"Est","s":"25S-H56S000I-80-I"},{"r":"106","t":"05:48:37","h":"Est","s":"25S-H56S100F-80-F1"},{"r":"106","t":"05:48:37","h":"Est","s":"25S-H56S200F-81-F2"},{"r":"106","t":"05:58:37","h":"Est","s":"25N-H56N000S-80-S"},{"r":"106","t":"05:58:37","h":"Est","s":"25N-H56NV10S-80-S"},{"r":"106","t":"05:58:37","h":"Est","s":"25N-H56NV20S-80-S"},{"r":"106","t":"05:58:37","h":"Est","s":"25S-H56S000S-80-S"},{"r":"106","t":"05:59:37","h":"Est","s":"25N-H56N000A-80-A"},{"r":"106","t":"05:59:37","h":"Est","s":"25N-H56NV10A-80-A"},{"r":"106","t":"05:59:37","h":"Est","s":"25N-H56NV20A-80-A"},{"r":"106","t":"05:59:37","h":"Est","s":"25S-H56S000A-80-A"},{"r":"106","t":"06:10:37","h":"Est","s":"25N-H56N000S-80-S"},{"r":"106","t":"06:10:37","h":"Est","s":"25N-H56NV10S-80-S"},{"r":"106","t":"06:10:37","h":"Est","s":"25N-H56NV20S-80-S"},{"r":"106","t":"06:10:37","h":"Est","s":"25S-H56S000S-80-S"},{"r":"106","t":"06:18:37","h":"Est","s":"25N-H56N000A-80-A"},{"r":"106","t":"06:18:37","h":"Est","s":"25N-H56NV10A-80-A"},{"r":"106","t":"06:18:37","h":"Est","s":"25N-H56NV20A-80-A"},{"r":"106","t":"06:18:37","h":"Est","s":"25S-H56S000A-80-A"},{"r":"106","t":"06:21:37","h":"Est","s":"25N-H56N000I-80-I"},{"r":"106","t":"06:21:37","h":"Est","s":"25N-H56N000S-80-S"},{"r":"106","t":"06:21:37","h":"Est","s":"25N-H56N100F-80-F1"},{"r":"106","t":"06:21:37","h":"Est","s":"25N-H56N200F-80-F2"},{"r":"106","t":"06:21:37","h":"Est","s":"25N-H56N300F-80-F3"},{"r":"106","t":"06:21:37","h":"Est","s":"25N-H56N400F-80-F4"},{"r":"106","t":"06:21:37","h":"Est","s":"25N-H56NV10I-80-I"},{"r":"106","t":"06:21:37","h":"Est","s":"25N-H56NV10S-80-S"},{"r":"106","t":"06:21:37","h":"Est","s":"25N-H56NV20I-80-I"},{"r":"106","t":"06:21:37","h":"Est","s":"25N-H56NV20S-80-S"},{"r":"106","t":"06:21:37","h":"Est","s":"25S-H56S000I-80-I"},{"r":"106","t":"06:21:37","h":"Est","s":"25S-H56S000S-80-S"},{"r":"106","t":"06:21:37","h":"Est","s":"25S-H56S100F-80-F1"},{"r":"106","t":"06:21:37","h":"Est","s":"25S-H56S200F-81-F2"},{"r":"106","t":"06:30:37","h":"Est","s":"25N-H56N000S-80-S"},{"r":"106","t":"06:30:37","h":"Est","s":"25N-H56NV10S-80-S"},{"r":"106","t":"06:30:37","h":"Est","s":"25N-H56NV20S-80-S"},{"r":"106","t":"06:30:37","h":"Est","s":"25S-H56S000S-80-S"},{"r":"106","t":"06:37:37","h":"Est","s":"25N-H56N000A-80-A"},{"r":"106","t":"06:37:37","h":"Est","s":"25N-H56NV10A-80-A"},{"r":"106","t":"06:37:37","h":"Est","s":"25N-H56NV20A-80-A"},{"r":"106","t":"06:37:37","h":"Est","s":"25S-H56S000A-80-A"},{"r":"106","t":"06:39:37","h":"Est","s":"25N-H56N000S-80-S"},{"r":"106","t":"06:39:37","h":"Est","s":"25N-H56NV10S-80-S"},{"r":"106","t":"06:39:37","h":"Est","s":"25N-H56NV20S-80-S"},{"r":"106","t":"06:39:37","h":"Est","s":"25S-H56S000S-80-S"},{"r":"106","t":"06:47:37","h":"Est","s":"25N-H56N000S-80-S"},{"r":"106","t":"06:47:37","h":"Est","s":"25N-H56NV10S-80-S"},{"r":"106","t":"06:47:37","h":"Est","s":"25N-H56NV20S-80-S"},{"r":"106","t":"06:47:37","h":"Est","s":"25S-H56S000S-80-S"},{"r":"106","t":"06:52:37","h":"Est","s":"25N-H56N000I-80-I"},{"r":"106","t":"06:52:37","h":"Est","s":"25N-H56N000S-80-S"},{"r":"106","t":"06:52:37","h":"Est","s":"25N-H56N100F-80-F1"},{"r":"106","t":"06:52:37","h":"Est","s":"25N-H56N200F-80-F2"},{"r":"106","t":"06:52:37","h":"Est","s":"25N-H56N300F-80-F3"},{"r":"106","t":"06:52:37","h":"Est","s":"25N-H56N400F-80-F4"},{"r":"106","t":"06:52:37","h":"Est","s":"25N-H56NV10I-80-I"},{"r":"106","t":"06:52:37","h":"Est","s":"25N-H56NV10S-80-S"},{"r":"106","t":"06:52:37","h":"Est","s":"25N-H56NV20I-80-I"},{"r":"106","t":"06:52:37","h":"Est","s":"25N-H56NV20S-80-S"},{"r":"106","t":"06:52:37","h":"Est","s":"25S-H56S000I-80-I"},{"r":"106","t":"06:52:37","h":"Est","s":"25S-H56S000S-80-S"},{"r":"106","t":"06:52:37","h":"Est","s":"25S-H56S100F-80-F1"},{"r":"106","t":"06:52:37","h":"Est","s":"25S-H56S200F-81-F2"},{"r":"106","t":"06:55:37","h":"Est","s":"25N-H56N000A-80-A"},{"r":"106","t":"06:55:37","h":"Est","s":"25N-H56NV10A-80-A"},{"r":"106","t":"06:55:37","h":"Est","s":"25N-H56NV20A-80-A"},{"r":"106","t":"06:55:37","h":"Est","s":"25S-H56S000A-80-A"},{"r":"106","t":"06:57:37","h":"Est","s":"25N-H56N000S-80-S"},{"r":"106","t":"06:57:37","h":"Est","s":"25N-H56NV10S-80-S"},{"r":"106","t":"06:57:37","h":"Est","s":"25N-H56NV20S-80-S"},{"r":"106","t":"06:57:37","h":"Est","s":"25S-H56S000S-80-S"},{"r":"106","t":"07:02:37","h":"Est","s":"25N-H56N000S-80-S"},{"r":"106","t":"07:02:37","h":"Est","s":"25N-H56NV10S-80-S"},{"r":"106","t":"07:02:37","h":"Est","s":"25N-H56NV20S-80-S"},{"r":"106","t":"07:02:37","h":"Est","s":"25S-H56S000S-80-S"},{"r":"106","t":"07:07:37","h":"Est","s":"25N-H56N000S-80-S"},{"r":"106","t":"07:07:37","h":"Est","s":"25N-H56NV10S-80-S"},{"r":"106","t":"07:07:37","h":"Est","s":"25N-H56NV20S-80-S"},{"r":"106","t":"07:07:37","h":"Est","s":"25S-H56S000S-80-S"},{"r":"106","t":"07:11:37","h":"Est","s":"25N-H56N000S-80-S"},{"r":"106","t":"07:11:37","h":"Est","s":"25N-H56NV10S-80-S"},{"r":"106","t":"07:11:37","h":"Est","s":"25N-H56NV20S-80-S"},{"r":"106","t":"07:11:37","h":"Est","s":"25S-H56S000S-80-S"},{"r":"106","t":"07:14:37","h":"Est","s":"25N-H56N000A-80-A"},{"r":"106","t":"07:14:37","h":"Est","s":"25N-H56NV10A-80-A"},{"r":"106","t":"07:14:37","h":"Est","s":"25N-H56NV20A-80-A"},{"r":"106","t":"07:14:37","h":"Est","s":"25S-H56S000A-80-A"},{"r":"106","t":"07:15:37","h":"Est","s":"25N-H56N000S-80-S"},{"r":"106","t":"07:15:37","h":"Est","s":"25N-H56NV10S-80-S"},{"r":"106","t":"07:15:37","h":"Est","s":"25N-H56NV20S-80-S"},{"r":"106","t":"07:15:37","h":"Est","s":"25S-H56S000S-80-S"},{"r":"106","t":"07:19:37","h":"Est","s":"25N-H56N000S-80-S"},{"r":"106","t":"07:19:37","h":"Est","s":"25N-H56NV10S-80-S"},{"r":"106","t":"07:19:37","h":"Est","s":"25N-H56NV20S-80-S"},{"r":"106","t":"07:19:37","h":"Est","s":"25S-H56S000S-80-S"},{"r":"106","t":"07:22:37","h":"Est","s":"25N-H56N000I-80-I"},{"r":"106","t":"07:22:37","h":"Est","s":"25N-H56N100F-80-F1"},{"r":"106","t":"07:22:37","h":"Est","s":"25N-H56N200F-80-F2"},{"r":"106","t":"07:22:37","h":"Est","s":"25N-H56N300F-80-F3"},{"r":"106","t":"07:22:37","h":"Est","s":"25N-H56N400F-80-F4"},{"r":"106","t":"07:22:37","h":"Est","s":"25N-H56NV10I-80-I"},{"r":"106","t":"07:22:37","h":"Est","s":"25N-H56NV20I-80-I"},{"r":"106","t":"07:22:37","h":"Est","s":"25S-H56S000I-80-I"},{"r":"106","t":"07:22:37","h":"Est","s":"25S-H56S100F-80-F1"},{"r":"106","t":"07:22:37","h":"Est","s":"25S-H56S200F-81-F2"},{"r":"106","t":"07:24:37","h":"Est","s":"25N-H56N000S-80-S"},{"r":"106","t":"07:24:37","h":"Est","s":"25N-H56NV10S-80-S"},{"r":"106","t":"07:24:37","h":"Est","s":"25N-H56NV20S-80-S"},{"r":"106","t":"07:24:37","h":"Est","s":"25S-H56S000S-80-S"},{"r":"106","t":"07:30:37","h":"Est","s":"25N-H56N000S-80-S"},{"r":"106","t":"07:30:37","h":"Est","s":"25N-H56NV10S-80-S"},{"r":"106","t":"07:30:37","h":"Est","s":"25N-H56NV20S-80-S"},{"r":"106","t":"07:30:37","h":"Est","s":"25S-H56S000S-80-S"},{"r":"106","t":"07:32:20","h":"Est","s":"25N-H56N000A-80-A"},{"r":"106","t":"07:32:20","h":"Est","s":"25N-H56NV10A-80-A"},{"r":"106","t":"07:32:20","h":"Est","s":"25N-H56NV20A-80-A"},{"r":"106","t":"07:32:20","h":"Est","s":"25S-H56S000A-80-A"},{"r":"106","t":"07:37:20","h":"Est","s":"25N-H56N000S-80-S"},{"r":"106","t":"07:37:20","h":"Est","s":"25N-H56NV10S-80-S"},{"r":"106","t":"07:37:20","h":"Est","s":"25N-H56NV20S-80-S"},{"r":"106","t":"07:37:20","h":"Est","s":"25S-H56S000S-80-S"},{"r":"106","t":"07:44:20","h":"Est","s":"25N-H56N000S-80-S"},{"r":"106","t":"07:44:20","h":"Est","s":"25N-H56NV10S-80-S"},{"r":"106","t":"07:44:20","h":"Est","s":"25N-H56NV20S-80-S"},{"r":"106","t":"07:44:20","h":"Est","s":"25S-H56S000S-80-S"},{"r":"106","t":"07:47:20","h":"Est","s":"25N-H56N000A-80-A"},{"r":"106","t":"07:47:20","h":"Est","s":"25N-H56NV10A-80-A"},{"r":"106","t":"07:47:20","h":"Est","s":"25N-H56NV20A-80-A"},{"r":"106","t":"07:47:20","h":"Est","s":"25S-H56S000A-80-A"},{"r":"106","t":"07:48:37","h":"Est","s":"25N-H56N000I-80-I"},{"r":"106","t":"07:48:37","h":"Est","s":"25N-H56N100F-80-F1"},{"r":"106","t":"07:48:37","h":"Est","s":"25N-H56N200F-80-F2"},{"r":"106","t":"07:48:37","h":"Est","s":"25N-H56N300F-80-F3"},{"r":"106","t":"07:48:37","h":"Est","s":"25N-H56N400F-80-F4"},{"r":"106","t":"07:48:37","h":"Est","s":"25N-H56NV10I-80-I"},{"r":"106","t":"07:48:37","h":"Est","s":"25N-H56NV20I-80-I"},{"r":"106","t":"07:48:37","h":"Est","s":"25S-H56S000I-80-I"},{"r":"106","t":"07:48:37","h":"Est","s":"25S-H56S100F-80-F1"},{"r":"106","t":"07:48:37","h":"Est","s":"25S-H56S200F-81-F2"},{"r":"106","t":"07:50:20","h":"Est","s":"25N-H56N000S-80-S"},{"r":"106","t":"07:50:20","h":"Est","s":"25N-H56NV10S-80-S"},{"r":"106","t":"07:50:20","h":"Est","s":"25N-H56NV20S-80-S"},{"r":"106","t":"07:50:20","h":"Est","s":"25S-H56S000S-80-S"},{"r":"106","t":"07:56:20","h":"Est","s":"25N-H56N000S-80-S"},{"r":"106","t":"07:56:20","h":"Est","s":"25N-H56NV10S-80-S"},{"r":"106","t":"07:56:20","h":"Est","s":"25N-H56NV20S-80-S"},{"r":"106","t":"07:56:20","h":"Est","s":"25S-H56S000S-80-S"},{"r":"106","t":"08:01:20","h":"Est","s":"25N-H56N000A-80-A"},{"r":"106","t":"08:01:20","h":"Est","s":"25N-H56NV10A-80-A"},{"r":"106","t":"08:01:20","h":"Est","s":"25N-H56NV20A-80-A"},{"r":"106","t":"08:01:20","h":"Est","s":"25S-H56S000A-80-A"},{"r":"106","t":"08:02:04","h":"Est","s":"25N-H56N000S-80-S"},{"r":"106","t":"08:02:04","h":"Est","s":"25N-H56NV10S-80-S"},{"r":"106","t":"08:02:04","h":"Est","s":"25N-H56NV20S-80-S"},{"r":"106","t":"08:02:04","h":"Est","s":"25S-H56S000S-80-S"},{"r":"106","t":"08:06:37","h":"Est","s":"25N-H56N000I-80-I"},{"r":"106","t":"08:06:37","h":"Est","s":"25N-H56N100F-80-F1"},{"r":"106","t":"08:06:37","h":"Est","s":"25N-H56N200F-80-F2"},{"r":"106","t":"08:06:37","h":"Est","s":"25N-H56N300F-80-F3"},{"r":"106","t":"08:06:37","h":"Est","s":"25N-H56N400F-80-F4"},{"r":"106","t":"08:06:37","h":"Est","s":"25N-H56NV10I-80-I"},{"r":"106","t":"08:06:37","h":"Est","s":"25N-H56NV20I-80-I"},{"r":"106","t":"08:06:37","h":"Est","s":"25S-H56S000I-80-I"},{"r":"106","t":"08:06:37","h":"Est","s":"25S-H56S100F-80-F1"},{"r":"106","t":"08:06:37","h":"Est","s":"25S-H56S200F-81-F2"},{"r":"106","t":"08:07:04","h":"Est","s":"25N-H56N000S-80-S"},{"r":"106","t":"08:07:04","h":"Est","s":"25N-H56NV10S-80-S"},{"r":"106","t":"08:07:04","h":"Est","s":"25N-H56NV20S-80-S"},{"r":"106","t":"08:07:04","h":"Est","s":"25S-H56S000S-80-S"},{"r":"106","t":"08:12:04","h":"Est","s":"25N-H56N000S-80-S"},{"r":"106","t":"08:12:04","h":"Est","s":"25N-H56NV10S-80-S"},{"r":"106","t":"08:12:04","h":"Est","s":"25N-H56NV20S-80-S"},{"r":"106","t":"08:12:04","h":"Est","s":"25S-H56S000S-80-S"},{"r":"106","t":"08:15:20","h":"Est","s":"25N-H56N000A-80-A"},{"r":"106","t":"08:15:20","h":"Est","s":"25N-H56NV10A-80-A"},{"r":"106","t":"08:15:20","h":"Est","s":"25N-H56NV20A-80-A"},{"r":"106","t":"08:15:20","h":"Est","s":"25S-H56S000A-80-A"},{"r":"106","t":"08:17:04","h":"Est","s":"25N-H56N000S-80-S"},{"r":"106","t":"08:17:04","h":"Est","s":"25N-H56NV10S-80-S"},{"r":"106","t":"08:17:04","h":"Est","s":"25N-H56NV20S-80-S"},{"r":"106","t":"08:17:04","h":"Est","s":"25S-H56S000S-80-S"},{"r":"106","t":"08:23:04","h":"Est","s":"25N-H56N000S-80-S"},{"r":"106","t":"08:23:04","h":"Est","s":"25N-H56NV10S-80-S"},{"r":"106","t":"08:23:04","h":"Est","s":"25N-H56NV20S-80-S"},{"r":"106","t":"08:23:04","h":"Est","s":"25S-H56S000S-80-S"},{"r":"106","t":"08:24:37","h":"Est","s":"25N-H56N000I-80-I"},{"r":"106","t":"08:24:37","h":"Est","s":"25N-H56N100F-80-F1"},{"r":"106","t":"08:24:37","h":"Est","s":"25N-H56N200F-80-F2"},{"r":"106","t":"08:24:37","h":"Est","s":"25N-H56N300F-80-F3"},{"r":"106","t":"08:24:37","h":"Est","s":"25N-H56N400F-80-F4"},{"r":"106","t":"08:24:37","h":"Est","s":"25N-H56NV10I-80-I"},{"r":"106","t":"08:24:37","h":"Est","s":"25N-H56NV20I-80-I"},{"r":"106","t":"08:24:37","h":"Est","s":"25S-H56S000I-80-I"},{"r":"106","t":"08:24:37","h":"Est","s":"25S-H56S100F-80-F1"},{"r":"106","t":"08:24:37","h":"Est","s":"25S-H56S200F-81-F2"},{"r":"106","t":"08:29:20","h":"Est","s":"25N-H56N000A-80-A"},{"r":"106","t":"08:29:20","h":"Est","s":"25N-H56NV10A-80-A"},{"r":"106","t":"08:29:20","h":"Est","s":"25N-H56NV20A-80-A"},{"r":"106","t":"08:29:20","h":"Est","s":"25S-H56S000A-80-A"},{"r":"106","t":"08:31:04","h":"Est","s":"25N-H56N000S-80-S"},{"r":"106","t":"08:31:04","h":"Est","s":"25N-H56NV10S-80-S"},{"r":"106","t":"08:31:04","h":"Est","s":"25N-H56NV20S-80-S"},{"r":"106","t":"08:31:04","h":"Est","s":"25S-H56S000S-80-S"},{"r":"106","t":"08:39:04","h":"Est","s":"25N-H56N000S-80-S"},{"r":"106","t":"08:39:04","h":"Est","s":"25N-H56NV10S-80-S"},{"r":"106","t":"08:39:04","h":"Est","s":"25N-H56NV20S-80-S"},{"r":"106","t":"08:39:04","h":"Est","s":"25S-H56S000S-80-S"},{"r":"106","t":"08:40:37","h":"Est","s":"25N-H56N000I-80-I"},{"r":"106","t":"08:40:37","h":"Est","s":"25N-H56N100F-80-F1"},{"r":"106","t":"08:40:37","h":"Est","s":"25N-H56N200F-80-F2"},{"r":"106","t":"08:40:37","h":"Est","s":"25N-H56N300F-80-F3"},{"r":"106","t":"08:40:37","h":"Est","s":"25N-H56N400F-80-F4"},{"r":"106","t":"08:40:37","h":"Est","s":"25N-H56NV10I-80-I"},{"r":"106","t":"08:40:37","h":"Est","s":"25N-H56NV20I-80-I"},{"r":"106","t":"08:40:37","h":"Est","s":"25S-H56S000I-80-I"},{"r":"106","t":"08:40:37","h":"Est","s":"25S-H56S100F-80-F1"},{"r":"106","t":"08:40:37","h":"Est","s":"25S-H56S200F-81-F2"},{"r":"106","t":"08:42:20","h":"Est","s":"25N-H56N000A-80-A"},{"r":"106","t":"08:42:20","h":"Est","s":"25N-H56NV10A-80-A"},{"r":"106","t":"08:42:20","h":"Est","s":"25N-H56NV20A-80-A"},{"r":"106","t":"08:42:20","h":"Est","s":"25S-H56S000A-80-A"},{"r":"106","t":"08:46:04","h":"Est","s":"25N-H56N000S-80-S"},{"r":"106","t":"08:46:04","h":"Est","s":"25N-H56NV10S-80-S"},{"r":"106","t":"08:46:04","h":"Est","s":"25N-H56NV20S-80-S"},{"r":"106","t":"08:46:04","h":"Est","s":"25S-H56S000S-80-S"},{"r":"106","t":"08:54:04","h":"Est","s":"25N-H56N000S-80-S"},{"r":"106","t":"08:54:04","h":"Est","s":"25N-H56NV10S-80-S"},{"r":"106","t":"08:54:04","h":"Est","s":"25N-H56NV20S-80-S"},{"r":"106","t":"08:54:04","h":"Est","s":"25S-H56S000S-80-S"},{"r":"106","t":"08:54:37","h":"Est","s":"25N-H56N000I-80-I"},{"r":"106","t":"08:54:37","h":"Est","s":"25N-H56N100F-80-F1"},{"r":"106","t":"08:54:37","h":"Est","s":"25N-H56N200F-80-F2"},{"r":"106","t":"08:54:37","h":"Est","s":"25N-H56N300F-80-F3"},{"r":"106","t":"08:54:37","h":"Est","s":"25N-H56N400F-80-F4"},{"r":"106","t":"08:54:37","h":"Est","s":"25N-H56NV10I-80-I"},{"r":"106","t":"08:54:37","h":"Est","s":"25N-H56NV20I-80-I"},{"r":"106","t":"08:54:37","h":"Est","s":"25S-H56S000I-80-I"},{"r":"106","t":"08:54:37","h":"Est","s":"25S-H56S100F-80-F1"},{"r":"106","t":"08:54:37","h":"Est","s":"25S-H56S200F-81-F2"},{"r":"106","t":"08:55:47","h":"Est","s":"25N-H56N000A-80-A"},{"r":"106","t":"08:55:47","h":"Est","s":"25N-H56NV10A-80-A"},{"r":"106","t":"08:55:47","h":"Est","s":"25N-H56NV20A-80-A"},{"r":"106","t":"08:55:47","h":"Est","s":"25S-H56S000A-80-A"},{"r":"106","t":"09:02:04","h":"Est","s":"25N-H56N000S-80-S"},{"r":"106","t":"09:02:04","h":"Est","s":"25N-H56NV10S-80-S"},{"r":"106","t":"09:02:04","h":"Est","s":"25N-H56NV20S-80-S"},{"r":"106","t":"09:02:04","h":"Est","s":"25S-H56S000S-80-S"},{"r":"106","t":"09:07:37","h":"Est","s":"25N-H56N000I-80-I"},{"r":"106","t":"09:07:37","h":"Est","s":"25N-H56N100F-80-F1"},{"r":"106","t":"09:07:37","h":"Est","s":"25N-H56N200F-80-F2"},{"r":"106","t":"09:07:37","h":"Est","s":"25N-H56N300F-80-F3"},{"r":"106","t":"09:07:37","h":"Est","s":"25N-H56N400F-80-F4"},{"r":"106","t":"09:07:37","h":"Est","s":"25N-H56NV10I-80-I"},{"r":"106","t":"09:07:37","h":"Est","s":"25N-H56NV20I-80-I"},{"r":"106","t":"09:07:37","h":"Est","s":"25S-H56S000I-80-I"},{"r":"106","t":"09:07:37","h":"Est","s":"25S-H56S100F-80-F1"},{"r":"106","t":"09:07:37","h":"Est","s":"25S-H56S200F-81-F2"},{"r":"106","t":"09:08:47","h":"Est","s":"25N-H56N000A-80-A"},{"r":"106","t":"09:08:47","h":"Est","s":"25N-H56NV10A-80-A"},{"r":"106","t":"09:08:47","h":"Est","s":"25N-H56NV20A-80-A"},{"r":"106","t":"09:08:47","h":"Est","s":"25S-H56S000A-80-A"},{"r":"106","t":"09:10:04","h":"Est","s":"25N-H56N000S-80-S"},{"r":"106","t":"09:10:04","h":"Est","s":"25N-H56NV10S-80-S"},{"r":"106","t":"09:10:04","h":"Est","s":"25N-H56NV20S-80-S"},{"r":"106","t":"09:10:04","h":"Est","s":"25S-H56S000S-80-S"},{"r":"106","t":"09:18:04","h":"Est","s":"25N-H56N000S-80-S"},{"r":"106","t":"09:18:04","h":"Est","s":"25N-H56NV10S-80-S"},{"r":"106","t":"09:18:04","h":"Est","s":"25N-H56NV20S-80-S"},{"r":"106","t":"09:18:04","h":"Est","s":"25S-H56S000S-80-S"},{"r":"106","t":"09:21:37","h":"Est","s":"25N-H56N000I-80-I"},{"r":"106","t":"09:21:37","h":"Est","s":"25N-H56N100F-80-F1"},{"r":"106","t":"09:21:37","h":"Est","s":"25N-H56N200F-80-F2"},{"r":"106","t":"09:21:37","h":"Est","s":"25N-H56N300F-80-F3"},{"r":"106","t":"09:21:37","h":"Est","s":"25N-H56N400F-80-F4"},{"r":"106","t":"09:21:37","h":"Est","s":"25N-H56NV10I-80-I"},{"r":"106","t":"09:21:37","h":"Est","s":"25N-H56NV20I-80-I"},{"r":"106","t":"09:21:37","h":"Est","s":"25S-H56S000I-80-I"},{"r":"106","t":"09:21:37","h":"Est","s":"25S-H56S100F-80-F1"},{"r":"106","t":"09:21:37","h":"Est","s":"25S-H56S200F-81-F2"},{"r":"106","t":"09:22:47","h":"Est","s":"25N-H56N000A-80-A"},{"r":"106","t":"09:22:47","h":"Est","s":"25N-H56NV10A-80-A"},{"r":"106","t":"09:22:47","h":"Est","s":"25N-H56NV20A-80-A"},{"r":"106","t":"09:22:47","h":"Est","s":"25S-H56S000A-80-A"},{"r":"106","t":"09:26:04","h":"Est","s":"25N-H56N000S-80-S"},{"r":"106","t":"09:26:04","h":"Est","s":"25N-H56NV10S-80-S"},{"r":"106","t":"09:26:04","h":"Est","s":"25N-H56NV20S-80-S"},{"r":"106","t":"09:26:04","h":"Est","s":"25S-H56S000S-80-S"},{"r":"106","t":"09:32:47","h":"Est","s":"25N-H56N000A-80-A"},{"r":"106","t":"09:32:47","h":"Est","s":"25N-H56NV10A-80-A"},{"r":"106","t":"09:32:47","h":"Est","s":"25N-H56NV20A-80-A"},{"r":"106","t":"09:32:47","h":"Est","s":"25S-H56S000A-80-A"},{"r":"106","t":"09:33:37","h":"Est","s":"25N-H56N000I-80-I"},{"r":"106","t":"09:33:37","h":"Est","s":"25N-H56N100F-80-F1"},{"r":"106","t":"09:33:37","h":"Est","s":"25N-H56N200F-80-F2"},{"r":"106","t":"09:33:37","h":"Est","s":"25N-H56N300F-80-F3"},{"r":"106","t":"09:33:37","h":"Est","s":"25N-H56N400F-80-F4"},{"r":"106","t":"09:33:37","h":"Est","s":"25N-H56NV10I-80-I"},{"r":"106","t":"09:33:37","h":"Est","s":"25N-H56NV20I-80-I"},{"r":"106","t":"09:33:37","h":"Est","s":"25S-H56S000I-80-I"},{"r":"106","t":"09:33:37","h":"Est","s":"25S-H56S100F-80-F1"},{"r":"106","t":"09:33:37","h":"Est","s":"25S-H56S200F-81-F2"},{"r":"106","t":"09:34:04","h":"Est","s":"25N-H56N000S-80-S"},{"r":"106","t":"09:34:04","h":"Est","s":"25N-H56NV10S-80-S"},{"r":"106","t":"09:34:04","h":"Est","s":"25N-H56NV20S-80-S"},{"r":"106","t":"09:34:04","h":"Est","s":"25S-H56S000S-80-S"},{"r":"106","t":"09:42:04","h":"Est","s":"25N-H56N000S-80-S"},{"r":"106","t":"09:42:04","h":"Est","s":"25N-H56NV10S-80-S"},{"r":"106","t":"09:42:04","h":"Est","s":"25N-H56NV20S-80-S"},{"r":"106","t":"09:42:04","h":"Est","s":"25S-H56S000S-80-S"},{"r":"106","t":"09:43:47","h":"Est","s":"25N-H56N000A-80-A"},{"r":"106","t":"09:43:47","h":"Est","s":"25N-H56NV10A-80-A"},{"r":"106","t":"09:43:47","h":"Est","s":"25N-H56NV20A-80-A"},{"r":"106","t":"09:43:47","h":"Est","s":"25S-H56S000A-80-A"},{"r":"106","t":"09:44:37","h":"Est","s":"25N-H56N000I-80-I"},{"r":"106","t":"09:44:37","h":"Est","s":"25N-H56N100F-80-F1"},{"r":"106","t":"09:44:37","h":"Est","s":"25N-H56N200F-80-F2"},{"r":"106","t":"09:44:37","h":"Est","s":"25N-H56N300F-80-F3"},{"r":"106","t":"09:44:37","h":"Est","s":"25N-H56N400F-80-F4"},{"r":"106","t":"09:44:37","h":"Est","s":"25N-H56NV10I-80-I"},{"r":"106","t":"09:44:37","h":"Est","s":"25N-H56NV20I-80-I"},{"r":"106","t":"09:44:37","h":"Est","s":"25S-H56S000I-80-I"},{"r":"106","t":"09:44:37","h":"Est","s":"25S-H56S100F-80-F1"},{"r":"106","t":"09:44:37","h":"Est","s":"25S-H56S200F-81-F2"},{"r":"106","t":"09:52:04","h":"Est","s":"25N-H56N000S-80-S"},{"r":"106","t":"09:52:04","h":"Est","s":"25N-H56NV10S-80-S"},{"r":"106","t":"09:52:04","h":"Est","s":"25N-H56NV20S-80-S"},{"r":"106","t":"09:52:04","h":"Est","s":"25S-H56S000S-80-S"},{"r":"106","t":"09:53:47","h":"Est","s":"25N-H56N000A-80-A"},{"r":"106","t":"09:53:47","h":"Est","s":"25N-H56NV10A-80-A"},{"r":"106","t":"09:53:47","h":"Est","s":"25N-H56NV20A-80-A"},{"r":"106","t":"09:53:47","h":"Est","s":"25S-H56S000A-80-A"},{"r":"106","t":"09:56:20","h":"Est","s":"25N-H56N000I-80-I"},{"r":"106","t":"09:56:20","h":"Est","s":"25N-H56N100F-80-F1"},{"r":"106","t":"09:56:20","h":"Est","s":"25N-H56N200F-80-F2"},{"r":"106","t":"09:56:20","h":"Est","s":"25N-H56N300F-80-F3"},{"r":"106","t":"09:56:20","h":"Est","s":"25N-H56N400F-80-F4"},{"r":"106","t":"09:56:20","h":"Est","s":"25N-H56NV10I-80-I"},{"r":"106","t":"09:56:20","h":"Est","s":"25N-H56NV20I-80-I"},{"r":"106","t":"09:56:20","h":"Est","s":"25S-H56S000I-80-I"},{"r":"106","t":"09:56:20","h":"Est","s":"25S-H56S100F-80-F1"},{"r":"106","t":"09:56:20","h":"Est","s":"25S-H56S200F-81-F2"},{"r":"106","t":"10:02:04","h":"Est","s":"25N-H56N000S-80-S"},{"r":"106","t":"10:02:04","h":"Est","s":"25N-H56NV10S-80-S"},{"r":"106","t":"10:02:04","h":"Est","s":"25N-H56NV20S-80-S"},{"r":"106","t":"10:02:04","h":"Est","s":"25S-H56S000S-80-S"},{"r":"106","t":"10:03:47","h":"Est","s":"25N-H56N000A-80-A"},{"r":"106","t":"10:03:47","h":"Est","s":"25N-H56NV10A-80-A"},{"r":"106","t":"10:03:47","h":"Est","s":"25N-H56NV20A-80-A"},{"r":"106","t":"10:03:47","h":"Est","s":"25S-H56S000A-80-A"},{"r":"106","t":"10:09:20","h":"Est","s":"25N-H56N000I-80-I"},{"r":"106","t":"10:09:20","h":"Est","s":"25N-H56N100F-80-F1"},{"r":"106","t":"10:09:20","h":"Est","s":"25N-H56N200F-80-F2"},{"r":"106","t":"10:09:20","h":"Est","s":"25N-H56N300F-80-F3"},{"r":"106","t":"10:09:20","h":"Est","s":"25N-H56N400F-80-F4"},{"r":"106","t":"10:09:20","h":"Est","s":"25N-H56NV10I-80-I"},{"r":"106","t":"10:09:20","h":"Est","s":"25N-H56NV20I-80-I"},{"r":"106","t":"10:09:20","h":"Est","s":"25S-H56S000I-80-I"},{"r":"106","t":"10:09:20","h":"Est","s":"25S-H56S100F-80-F1"},{"r":"106","t":"10:09:20","h":"Est","s":"25S-H56S200F-81-F2"},{"r":"106","t":"10:11:04","h":"Est","s":"25N-H56N000S-80-S"},{"r":"106","t":"10:11:04","h":"Est","s":"25N-H56NV10S-80-S"},{"r":"106","t":"10:11:04","h":"Est","s":"25N-H56NV20S-80-S"},{"r":"106","t":"10:11:04","h":"Est","s":"25S-H56S000S-80-S"},{"r":"106","t":"10:14:47","h":"Est","s":"25N-H56N000A-80-A"},{"r":"106","t":"10:14:47","h":"Est","s":"25N-H56NV10A-80-A"},{"r":"106","t":"10:14:47","h":"Est","s":"25N-H56NV20A-80-A"},{"r":"106","t":"10:14:47","h":"Est","s":"25S-H56S000A-80-A"},{"r":"106","t":"10:23:04","h":"Est","s":"25N-H56N000S-80-S"},{"r":"106","t":"10:23:04","h":"Est","s":"25N-H56NV10S-80-S"},{"r":"106","t":"10:23:04","h":"Est","s":"25N-H56NV20S-80-S"},{"r":"106","t":"10:23:04","h":"Est","s":"25S-H56S000S-80-S"},{"r":"106","t":"10:23:20","h":"Est","s":"25N-H56N000I-80-I"},{"r":"106","t":"10:23:20","h":"Est","s":"25N-H56N100F-80-F1"},{"r":"106","t":"10:23:20","h":"Est","s":"25N-H56N200F-80-F2"},{"r":"106","t":"10:23:20","h":"Est","s":"25N-H56N300F-80-F3"},{"r":"106","t":"10:23:20","h":"Est","s":"25N-H56N400F-80-F4"},{"r":"106","t":"10:23:20","h":"Est","s":"25N-H56NV10I-80-I"},{"r":"106","t":"10:23:20","h":"Est","s":"25N-H56NV20I-80-I"},{"r":"106","t":"10:23:20","h":"Est","s":"25S-H56S000I-80-I"},{"r":"106","t":"10:23:20","h":"Est","s":"25S-H56S100F-80-F1"},{"r":"106","t":"10:23:20","h":"Est","s":"25S-H56S200F-81-F2"},{"r":"106","t":"10:25:47","h":"Est","s":"25N-H56N000A-80-A"},{"r":"106","t":"10:25:47","h":"Est","s":"25N-H56NV10A-80-A"},{"r":"106","t":"10:25:47","h":"Est","s":"25N-H56NV20A-80-A"},{"r":"106","t":"10:25:47","h":"Est","s":"25S-H56S000A-80-A"},{"r":"106","t":"10:34:04","h":"Est","s":"25N-H56N000S-80-S"},{"r":"106","t":"10:34:04","h":"Est","s":"25N-H56NV10S-80-S"},{"r":"106","t":"10:34:04","h":"Est","s":"25N-H56NV20S-80-S"},{"r":"106","t":"10:34:04","h":"Est","s":"25S-H56S000S-80-S"},{"r":"106","t":"10:35:47","h":"Est","s":"25N-H56N000A-80-A"},{"r":"106","t":"10:35:47","h":"Est","s":"25N-H56NV10A-80-A"},{"r":"106","t":"10:35:47","h":"Est","s":"25N-H56NV20A-80-A"},{"r":"106","t":"10:35:47","h":"Est","s":"25S-H56S000A-80-A"},{"r":"106","t":"10:38:20","h":"Est","s":"25N-H56N000I-80-I"},{"r":"106","t":"10:38:20","h":"Est","s":"25N-H56N100F-80-F1"},{"r":"106","t":"10:38:20","h":"Est","s":"25N-H56N200F-80-F2"},{"r":"106","t":"10:38:20","h":"Est","s":"25N-H56N300F-80-F3"},{"r":"106","t":"10:38:20","h":"Est","s":"25N-H56N400F-80-F4"},{"r":"106","t":"10:38:20","h":"Est","s":"25N-H56NV10I-80-I"},{"r":"106","t":"10:38:20","h":"Est","s":"25N-H56NV20I-80-I"},{"r":"106","t":"10:38:20","h":"Est","s":"25S-H56S000I-80-I"},{"r":"106","t":"10:38:20","h":"Est","s":"25S-H56S100F-80-F1"},{"r":"106","t":"10:38:20","h":"Est","s":"25S-H56S200F-81-F2"},{"r":"106","t":"10:43:04","h":"Est","s":"25N-H56N000S-80-S"},{"r":"106","t":"10:43:04","h":"Est","s":"25N-H56NV10S-80-S"},{"r":"106","t":"10:43:04","h":"Est","s":"25N-H56NV20S-80-S"},{"r":"106","t":"10:43:04","h":"Est","s":"25S-H56S000S-80-S"},{"r":"106","t":"10:45:47","h":"Est","s":"25N-H56N000A-80-A"},{"r":"106","t":"10:45:47","h":"Est","s":"25N-H56NV10A-80-A"},{"r":"106","t":"10:45:47","h":"Est","s":"25N-H56NV20A-80-A"},{"r":"106","t":"10:45:47","h":"Est","s":"25S-H56S000A-80-A"},{"r":"106","t":"10:53:20","h":"Est","s":"25N-H56N000I-80-I"},{"r":"106","t":"10:53:20","h":"Est","s":"25N-H56N100F-80-F1"},{"r":"106","t":"10:53:20","h":"Est","s":"25N-H56N200F-80-F2"},{"r":"106","t":"10:53:20","h":"Est","s":"25N-H56N300F-80-F3"},{"r":"106","t":"10:53:20","h":"Est","s":"25N-H56N400F-80-F4"},{"r":"106","t":"10:53:20","h":"Est","s":"25N-H56NV10I-80-I"},{"r":"106","t":"10:53:20","h":"Est","s":"25N-H56NV20I-80-I"},{"r":"106","t":"10:53:20","h":"Est","s":"25S-H56S000I-80-I"},{"r":"106","t":"10:53:20","h":"Est","s":"25S-H56S100F-80-F1"},{"r":"106","t":"10:53:20","h":"Est","s":"25S-H56S200F-81-F2"},{"r":"106","t":"10:54:04","h":"Est","s":"25N-H56N000S-80-S"},{"r":"106","t":"10:54:04","h":"Est","s":"25N-H56NV10S-80-S"},{"r":"106","t":"10:54:04","h":"Est","s":"25N-H56NV20S-80-S"},{"r":"106","t":"10:54:04","h":"Est","s":"25S-H56S000S-80-S"},{"r":"106","t":"10:56:31","h":"Est","s":"25N-H56N000A-80-A"},{"r":"106","t":"10:56:31","h":"Est","s":"25N-H56NV10A-80-A"},{"r":"106","t":"10:56:31","h":"Est","s":"25N-H56NV20A-80-A"},{"r":"106","t":"10:56:31","h":"Est","s":"25S-H56S000A-80-A"},{"r":"106","t":"11:05:04","h":"Est","s":"25N-H56N000S-80-S"},{"r":"106","t":"11:05:04","h":"Est","s":"25N-H56NV10S-80-S"},{"r":"106","t":"11:05:04","h":"Est","s":"25N-H56NV20S-80-S"},{"r":"106","t":"11:05:04","h":"Est","s":"25S-H56S000S-80-S"},{"r":"106","t":"11:07:20","h":"Est","s":"25N-H56N000I-80-I"},{"r":"106","t":"11:07:20","h":"Est","s":"25N-H56N100F-80-F1"},{"r":"106","t":"11:07:20","h":"Est","s":"25N-H56N200F-80-F2"},{"r":"106","t":"11:07:20","h":"Est","s":"25N-H56N300F-80-F3"},{"r":"106","t":"11:07:20","h":"Est","s":"25N-H56N400F-80-F4"},{"r":"106","t":"11:07:20","h":"Est","s":"25N-H56NV10I-80-I"},{"r":"106","t":"11:07:20","h":"Est","s":"25N-H56NV20I-80-I"},{"r":"106","t":"11:07:20","h":"Est","s":"25S-H56S000I-80-I"},{"r":"106","t":"11:07:20","h":"Est","s":"25S-H56S100F-80-F1"},{"r":"106","t":"11:07:20","h":"Est","s":"25S-H56S200F-81-F2"},{"r":"106","t":"11:07:31","h":"Est","s":"25N-H56N000A-80-A"},{"r":"106","t":"11:07:31","h":"Est","s":"25N-H56NV10A-80-A"},{"r":"106","t":"11:07:31","h":"Est","s":"25N-H56NV20A-80-A"},{"r":"106","t":"11:07:31","h":"Est","s":"25S-H56S000A-80-A"},{"r":"106","t":"11:14:04","h":"Est","s":"25N-H56N000S-80-S"},{"r":"106","t":"11:14:04","h":"Est","s":"25N-H56NV10S-80-S"},{"r":"106","t":"11:14:04","h":"Est","s":"25N-H56NV20S-80-S"},{"r":"106","t":"11:14:04","h":"Est","s":"25S-H56S000S-80-S"},{"r":"106","t":"11:18:31","h":"Est","s":"25N-H56N000A-80-A"},{"r":"106","t":"11:18:31","h":"Est","s":"25N-H56NV10A-80-A"},{"r":"106","t":"11:18:31","h":"Est","s":"25N-H56NV20A-80-A"},{"r":"106","t":"11:18:31","h":"Est","s":"25S-H56S000A-80-A"},{"r":"106","t":"11:22:47","h":"Est","s":"25N-H56N000I-80-I"},{"r":"106","t":"11:22:47","h":"Est","s":"25N-H56N100F-80-F1"},{"r":"106","t":"11:22:47","h":"Est","s":"25N-H56N200F-80-F2"},{"r":"106","t":"11:22:47","h":"Est","s":"25N-H56N300F-80-F3"},{"r":"106","t":"11:22:47","h":"Est","s":"25N-H56N400F-80-F4"},{"r":"106","t":"11:22:47","h":"Est","s":"25N-H56NV10I-80-I"},{"r":"106","t":"11:22:47","h":"Est","s":"25N-H56NV20I-80-I"},{"r":"106","t":"11:22:47","h":"Est","s":"25S-H56S000I-80-I"},{"r":"106","t":"11:22:47","h":"Est","s":"25S-H56S100F-80-F1"},{"r":"106","t":"11:22:47","h":"Est","s":"25S-H56S200F-81-F2"},{"r":"106","t":"11:24:04","h":"Est","s":"25N-H56N000S-80-S"},{"r":"106","t":"11:24:04","h":"Est","s":"25N-H56NV10S-80-S"},{"r":"106","t":"11:24:04","h":"Est","s":"25N-H56NV20S-80-S"},{"r":"106","t":"11:24:04","h":"Est","s":"25S-H56S000S-80-S"},{"r":"106","t":"11:29:31","h":"Est","s":"25N-H56N000A-80-A"},{"r":"106","t":"11:29:31","h":"Est","s":"25N-H56NV10A-80-A"},{"r":"106","t":"11:29:31","h":"Est","s":"25N-H56NV20A-80-A"},{"r":"106","t":"11:29:31","h":"Est","s":"25S-H56S000A-80-A"},{"r":"106","t":"11:37:47","h":"Est","s":"25N-H56N000S-80-S"},{"r":"106","t":"11:37:47","h":"Est","s":"25N-H56NV10S-80-S"},{"r":"106","t":"11:37:47","h":"Est","s":"25N-H56NV20S-80-S"},{"r":"106","t":"11:37:47","h":"Est","s":"25S-H56S000S-80-S"},{"r":"106","t":"11:38:47","h":"Est","s":"25N-H56N000I-80-I"},{"r":"106","t":"11:38:47","h":"Est","s":"25N-H56N100F-80-F1"},{"r":"106","t":"11:38:47","h":"Est","s":"25N-H56N200F-80-F2"},{"r":"106","t":"11:38:47","h":"Est","s":"25N-H56N300F-80-F3"},{"r":"106","t":"11:38:47","h":"Est","s":"25N-H56N400F-80-F4"},{"r":"106","t":"11:38:47","h":"Est","s":"25N-H56NV10I-80-I"},{"r":"106","t":"11:38:47","h":"Est","s":"25N-H56NV20I-80-I"},{"r":"106","t":"11:38:47","h":"Est","s":"25S-H56S000I-80-I"},{"r":"106","t":"11:38:47","h":"Est","s":"25S-H56S100F-80-F1"},{"r":"106","t":"11:38:47","h":"Est","s":"25S-H56S200F-81-F2"},{"r":"106","t":"11:40:31","h":"Est","s":"25N-H56N000A-80-A"},{"r":"106","t":"11:40:31","h":"Est","s":"25N-H56NV10A-80-A"},{"r":"106","t":"11:40:31","h":"Est","s":"25N-H56NV20A-80-A"},{"r":"106","t":"11:40:31","h":"Est","s":"25S-H56S000A-80-A"},{"r":"106","t":"11:50:31","h":"Est","s":"25N-H56N000A-80-A"},{"r":"106","t":"11:50:31","h":"Est","s":"25N-H56NV10A-80-A"},{"r":"106","t":"11:50:31","h":"Est","s":"25N-H56NV20A-80-A"},{"r":"106","t":"11:50:31","h":"Est","s":"25S-H56S000A-80-A"},{"r":"106","t":"11:50:47","h":"Est","s":"25N-H56N000S-80-S"},{"r":"106","t":"11:50:47","h":"Est","s":"25N-H56NV10S-80-S"},{"r":"106","t":"11:50:47","h":"Est","s":"25N-H56NV20S-80-S"},{"r":"106","t":"11:50:47","h":"Est","s":"25S-H56S000S-80-S"},{"r":"106","t":"11:54:47","h":"Est","s":"25N-H56N000I-80-I"},{"r":"106","t":"11:54:47","h":"Est","s":"25N-H56N100F-80-F1"},{"r":"106","t":"11:54:47","h":"Est","s":"25N-H56N200F-80-F2"},{"r":"106","t":"11:54:47","h":"Est","s":"25N-H56N300F-80-F3"},{"r":"106","t":"11:54:47","h":"Est","s":"25N-H56N400F-80-F4"},{"r":"106","t":"11:54:47","h":"Est","s":"25N-H56NV10I-80-I"},{"r":"106","t":"11:54:47","h":"Est","s":"25N-H56NV20I-80-I"},{"r":"106","t":"11:54:47","h":"Est","s":"25S-H56S000I-80-I"},{"r":"106","t":"11:54:47","h":"Est","s":"25S-H56S100F-80-F1"},{"r":"106","t":"11:54:47","h":"Est","s":"25S-H56S200F-81-F2"},{"r":"106","t":"11:59:31","h":"Est","s":"25N-H56N000A-80-A"},{"r":"106","t":"11:59:31","h":"Est","s":"25N-H56NV10A-80-A"},{"r":"106","t":"11:59:31","h":"Est","s":"25N-H56NV20A-80-A"},{"r":"106","t":"11:59:31","h":"Est","s":"25S-H56S000A-80-A"},{"r":"106","t":"12:01:47","h":"Est","s":"25N-H56N000S-80-S"},{"r":"106","t":"12:01:47","h":"Est","s":"25N-H56NV10S-80-S"},{"r":"106","t":"12:01:47","h":"Est","s":"25N-H56NV20S-80-S"},{"r":"106","t":"12:01:47","h":"Est","s":"25S-H56S000S-80-S"},{"r":"106","t":"12:05:47","h":"Est","s":"25N-H56N000I-80-I"},{"r":"106","t":"12:05:47","h":"Est","s":"25N-H56N100F-80-F1"},{"r":"106","t":"12:05:47","h":"Est","s":"25N-H56N200F-80-F2"},{"r":"106","t":"12:05:47","h":"Est","s":"25N-H56N300F-80-F3"},{"r":"106","t":"12:05:47","h":"Est","s":"25N-H56N400F-80-F4"},{"r":"106","t":"12:05:47","h":"Est","s":"25N-H56NV10I-80-I"},{"r":"106","t":"12:05:47","h":"Est","s":"25N-H56NV20I-80-I"},{"r":"106","t":"12:05:47","h":"Est","s":"25S-H56S000I-80-I"},{"r":"106","t":"12:05:47","h":"Est","s":"25S-H56S100F-80-F1"},{"r":"106","t":"12:05:47","h":"Est","s":"25S-H56S200F-81-F2"},{"r":"106","t":"12:07:31","h":"Est","s":"25N-H56N000A-80-A"},{"r":"106","t":"12:07:31","h":"Est","s":"25N-H56NV10A-80-A"},{"r":"106","t":"12:07:31","h":"Est","s":"25N-H56NV20A-80-A"},{"r":"106","t":"12:07:31","h":"Est","s":"25S-H56S000A-80-A"},{"r":"106","t":"12:10:47","h":"Est","s":"25N-H56N000S-80-S"},{"r":"106","t":"12:10:47","h":"Est","s":"25N-H56NV10S-80-S"},{"r":"106","t":"12:10:47","h":"Est","s":"25N-H56NV20S-80-S"},{"r":"106","t":"12:10:47","h":"Est","s":"25S-H56S000S-80-S"},{"r":"106","t":"12:14:31","h":"Est","s":"25N-H56N000A-80-A"},{"r":"106","t":"12:14:31","h":"Est","s":"25N-H56NV10A-80-A"},{"r":"106","t":"12:14:31","h":"Est","s":"25N-H56NV20A-80-A"},{"r":"106","t":"12:14:31","h":"Est","s":"25S-H56S000A-80-A"},{"r":"106","t":"12:17:47","h":"Est","s":"25N-H56N000I-80-I"},{"r":"106","t":"12:17:47","h":"Est","s":"25N-H56N100F-80-F1"},{"r":"106","t":"12:17:47","h":"Est","s":"25N-H56N200F-80-F2"},{"r":"106","t":"12:17:47","h":"Est","s":"25N-H56N300F-80-F3"},{"r":"106","t":"12:17:47","h":"Est","s":"25N-H56N400F-80-F4"},{"r":"106","t":"12:17:47","h":"Est","s":"25N-H56NV10I-80-I"},{"r":"106","t":"12:17:47","h":"Est","s":"25N-H56NV20I-80-I"},{"r":"106","t":"12:17:47","h":"Est","s":"25S-H56S000I-80-I"},{"r":"106","t":"12:17:47","h":"Est","s":"25S-H56S100F-80-F1"},{"r":"106","t":"12:17:47","h":"Est","s":"25S-H56S200F-81-F2"},{"r":"106","t":"12:20:47","h":"Est","s":"25N-H56N000S-80-S"},{"r":"106","t":"12:20:47","h":"Est","s":"25N-H56NV10S-80-S"},{"r":"106","t":"12:20:47","h":"Est","s":"25N-H56NV20S-80-S"},{"r":"106","t":"12:20:47","h":"Est","s":"25S-H56S000S-80-S"},{"r":"106","t":"12:21:31","h":"Est","s":"25N-H56N000A-80-A"},{"r":"106","t":"12:21:31","h":"Est","s":"25N-H56NV10A-80-A"},{"r":"106","t":"12:21:31","h":"Est","s":"25N-H56NV20A-80-A"},{"r":"106","t":"12:21:31","h":"Est","s":"25S-H56S000A-80-A"},{"r":"106","t":"12:29:47","h":"Est","s":"25N-H56N000I-80-I"},{"r":"106","t":"12:29:47","h":"Est","s":"25N-H56N000S-80-S"},{"r":"106","t":"12:29:47","h":"Est","s":"25N-H56N100F-80-F1"},{"r":"106","t":"12:29:47","h":"Est","s":"25N-H56N200F-80-F2"},{"r":"106","t":"12:29:47","h":"Est","s":"25N-H56N300F-80-F3"},{"r":"106","t":"12:29:47","h":"Est","s":"25N-H56N400F-80-F4"},{"r":"106","t":"12:29:47","h":"Est","s":"25N-H56NV10I-80-I"},{"r":"106","t":"12:29:47","h":"Est","s":"25N-H56NV10S-80-S"},{"r":"106","t":"12:29:47","h":"Est","s":"25N-H56NV20I-80-I"},{"r":"106","t":"12:29:47","h":"Est","s":"25N-H56NV20S-80-S"},{"r":"106","t":"12:29:47","h":"Est","s":"25S-H56S000I-80-I"},{"r":"106","t":"12:29:47","h":"Est","s":"25S-H56S000S-80-S"},{"r":"106","t":"12:29:47","h":"Est","s":"25S-H56S100F-80-F1"},{"r":"106","t":"12:29:47","h":"Est","s":"25S-H56S200F-81-F2"},{"r":"106","t":"12:30:31","h":"Est","s":"25N-H56N000A-80-A"},{"r":"106","t":"12:30:31","h":"Est","s":"25N-H56NV10A-80-A"},{"r":"106","t":"12:30:31","h":"Est","s":"25N-H56NV20A-80-A"},{"r":"106","t":"12:30:31","h":"Est","s":"25S-H56S000A-80-A"},{"r":"106","t":"12:39:31","h":"Est","s":"25N-H56N000A-80-A"},{"r":"106","t":"12:39:31","h":"Est","s":"25N-H56NV10A-80-A"},{"r":"106","t":"12:39:31","h":"Est","s":"25N-H56NV20A-80-A"},{"r":"106","t":"12:39:31","h":"Est","s":"25S-H56S000A-80-A"},{"r":"106","t":"12:39:47","h":"Est","s":"25N-H56N000S-80-S"},{"r":"106","t":"12:39:47","h":"Est","s":"25N-H56NV10S-80-S"},{"r":"106","t":"12:39:47","h":"Est","s":"25N-H56NV20S-80-S"},{"r":"106","t":"12:39:47","h":"Est","s":"25S-H56S000S-80-S"},{"r":"106","t":"12:41:47","h":"Est","s":"25N-H56N000I-80-I"},{"r":"106","t":"12:41:47","h":"Est","s":"25N-H56N100F-80-F1"},{"r":"106","t":"12:41:47","h":"Est","s":"25N-H56N200F-80-F2"},{"r":"106","t":"12:41:47","h":"Est","s":"25N-H56N300F-80-F3"},{"r":"106","t":"12:41:47","h":"Est","s":"25N-H56N400F-80-F4"},{"r":"106","t":"12:41:47","h":"Est","s":"25N-H56NV10I-80-I"},{"r":"106","t":"12:41:47","h":"Est","s":"25N-H56NV20I-80-I"},{"r":"106","t":"12:41:47","h":"Est","s":"25S-H56S000I-80-I"},{"r":"106","t":"12:41:47","h":"Est","s":"25S-H56S100F-80-F1"},{"r":"106","t":"12:41:47","h":"Est","s":"25S-H56S200F-81-F2"},{"r":"106","t":"12:47:31","h":"Est","s":"25N-H56N000A-80-A"},{"r":"106","t":"12:47:31","h":"Est","s":"25N-H56NV10A-80-A"},{"r":"106","t":"12:47:31","h":"Est","s":"25N-H56NV20A-80-A"},{"r":"106","t":"12:47:31","h":"Est","s":"25S-H56S000A-80-A"},{"r":"106","t":"12:52:47","h":"Est","s":"25N-H56N000S-80-S"},{"r":"106","t":"12:52:47","h":"Est","s":"25N-H56NV10S-80-S"},{"r":"106","t":"12:52:47","h":"Est","s":"25N-H56NV20S-80-S"},{"r":"106","t":"12:52:47","h":"Est","s":"25S-H56S000S-80-S"},{"r":"106","t":"12:53:47","h":"Est","s":"25N-H56N000I-80-I"},{"r":"106","t":"12:53:47","h":"Est","s":"25N-H56N100F-80-F1"},{"r":"106","t":"12:53:47","h":"Est","s":"25N-H56N200F-80-F2"},{"r":"106","t":"12:53:47","h":"Est","s":"25N-H56N300F-80-F3"},{"r":"106","t":"12:53:47","h":"Est","s":"25N-H56N400F-80-F4"},{"r":"106","t":"12:53:47","h":"Est","s":"25N-H56NV10I-80-I"},{"r":"106","t":"12:53:47","h":"Est","s":"25N-H56NV20I-80-I"},{"r":"106","t":"12:53:47","h":"Est","s":"25S-H56S000I-80-I"},{"r":"106","t":"12:53:47","h":"Est","s":"25S-H56S100F-80-F1"},{"r":"106","t":"12:53:47","h":"Est","s":"25S-H56S200F-81-F2"},{"r":"106","t":"12:56:31","h":"Est","s":"25N-H56N000A-80-A"},{"r":"106","t":"12:56:31","h":"Est","s":"25N-H56NV10A-80-A"},{"r":"106","t":"12:56:31","h":"Est","s":"25N-H56NV20A-80-A"},{"r":"106","t":"12:56:31","h":"Est","s":"25S-H56S000A-80-A"},{"r":"106","t":"13:04:47","h":"Est","s":"25N-H56N000I-80-I"},{"r":"106","t":"13:04:47","h":"Est","s":"25N-H56N100F-80-F1"},{"r":"106","t":"13:04:47","h":"Est","s":"25N-H56N200F-80-F2"},{"r":"106","t":"13:04:47","h":"Est","s":"25N-H56N300F-80-F3"},{"r":"106","t":"13:04:47","h":"Est","s":"25N-H56N400F-80-F4"},{"r":"106","t":"13:04:47","h":"Est","s":"25N-H56NV10I-80-I"},{"r":"106","t":"13:04:47","h":"Est","s":"25N-H56NV20I-80-I"},{"r":"106","t":"13:04:47","h":"Est","s":"25S-H56S000I-80-I"},{"r":"106","t":"13:04:47","h":"Est","s":"25S-H56S100F-80-F1"},{"r":"106","t":"13:04:47","h":"Est","s":"25S-H56S200F-81-F2"},{"r":"106","t":"13:05:47","h":"Est","s":"25N-H56N000S-80-S"},{"r":"106","t":"13:05:47","h":"Est","s":"25N-H56NV10S-80-S"},{"r":"106","t":"13:05:47","h":"Est","s":"25N-H56NV20S-80-S"},{"r":"106","t":"13:05:47","h":"Est","s":"25S-H56S000S-80-S"},{"r":"106","t":"13:06:31","h":"Est","s":"25N-H56N000A-80-A"},{"r":"106","t":"13:06:31","h":"Est","s":"25N-H56NV10A-80-A"},{"r":"106","t":"13:06:31","h":"Est","s":"25N-H56NV20A-80-A"},{"r":"106","t":"13:06:31","h":"Est","s":"25S-H56S000A-80-A"},{"r":"106","t":"13:15:47","h":"Est","s":"25N-H56N000I-80-I"},{"r":"106","t":"13:15:47","h":"Est","s":"25N-H56N100F-80-F1"},{"r":"106","t":"13:15:47","h":"Est","s":"25N-H56N200F-80-F2"},{"r":"106","t":"13:15:47","h":"Est","s":"25N-H56N300F-80-F3"},{"r":"106","t":"13:15:47","h":"Est","s":"25N-H56N400F-80-F4"},{"r":"106","t":"13:15:47","h":"Est","s":"25N-H56NV10I-80-I"},{"r":"106","t":"13:15:47","h":"Est","s":"25N-H56NV20I-80-I"},{"r":"106","t":"13:15:47","h":"Est","s":"25S-H56S000I-80-I"},{"r":"106","t":"13:15:47","h":"Est","s":"25S-H56S100F-80-F1"},{"r":"106","t":"13:15:47","h":"Est","s":"25S-H56S200F-81-F2"},{"r":"106","t":"13:16:31","h":"Est","s":"25N-H56N000A-80-A"},{"r":"106","t":"13:16:31","h":"Est","s":"25N-H56NV10A-80-A"},{"r":"106","t":"13:16:31","h":"Est","s":"25N-H56NV20A-80-A"},{"r":"106","t":"13:16:31","h":"Est","s":"25S-H56S000A-80-A"},{"r":"106","t":"13:18:47","h":"Est","s":"25N-H56N000S-80-S"},{"r":"106","t":"13:18:47","h":"Est","s":"25N-H56NV10S-80-S"},{"r":"106","t":"13:18:47","h":"Est","s":"25N-H56NV20S-80-S"},{"r":"106","t":"13:18:47","h":"Est","s":"25S-H56S000S-80-S"},{"r":"106","t":"13:26:47","h":"Est","s":"25N-H56N000I-80-I"},{"r":"106","t":"13:26:47","h":"Est","s":"25N-H56N100F-80-F1"},{"r":"106","t":"13:26:47","h":"Est","s":"25N-H56N200F-80-F2"},{"r":"106","t":"13:26:47","h":"Est","s":"25N-H56N300F-80-F3"},{"r":"106","t":"13:26:47","h":"Est","s":"25N-H56N400F-80-F4"},{"r":"106","t":"13:26:47","h":"Est","s":"25N-H56NV10I-80-I"},{"r":"106","t":"13:26:47","h":"Est","s":"25N-H56NV20I-80-I"},{"r":"106","t":"13:26:47","h":"Est","s":"25S-H56S000I-80-I"},{"r":"106","t":"13:26:47","h":"Est","s":"25S-H56S100F-80-F1"},{"r":"106","t":"13:26:47","h":"Est","s":"25S-H56S200F-81-F2"},{"r":"106","t":"13:27:31","h":"Est","s":"25N-H56N000A-80-A"},{"r":"106","t":"13:27:31","h":"Est","s":"25N-H56NV10A-80-A"},{"r":"106","t":"13:27:31","h":"Est","s":"25N-H56NV20A-80-A"},{"r":"106","t":"13:27:31","h":"Est","s":"25S-H56S000A-80-A"},{"r":"106","t":"13:30:47","h":"Est","s":"25N-H56N000S-80-S"},{"r":"106","t":"13:30:47","h":"Est","s":"25N-H56NV10S-80-S"},{"r":"106","t":"13:30:47","h":"Est","s":"25N-H56NV20S-80-S"},{"r":"106","t":"13:30:47","h":"Est","s":"25S-H56S000S-80-S"},{"r":"106","t":"13:36:47","h":"Est","s":"25N-H56N000I-80-I"},{"r":"106","t":"13:36:47","h":"Est","s":"25N-H56N100F-80-F1"},{"r":"106","t":"13:36:47","h":"Est","s":"25N-H56N200F-80-F2"},{"r":"106","t":"13:36:47","h":"Est","s":"25N-H56N300F-80-F3"},{"r":"106","t":"13:36:47","h":"Est","s":"25N-H56N400F-80-F4"},{"r":"106","t":"13:36:47","h":"Est","s":"25N-H56NV10I-80-I"},{"r":"106","t":"13:36:47","h":"Est","s":"25N-H56NV20I-80-I"},{"r":"106","t":"13:36:47","h":"Est","s":"25S-H56S000I-80-I"},{"r":"106","t":"13:36:47","h":"Est","s":"25S-H56S100F-80-F1"},{"r":"106","t":"13:36:47","h":"Est","s":"25S-H56S200F-81-F2"},{"r":"106","t":"13:38:31","h":"Est","s":"25N-H56N000A-80-A"},{"r":"106","t":"13:38:31","h":"Est","s":"25N-H56NV10A-80-A"},{"r":"106","t":"13:38:31","h":"Est","s":"25N-H56NV20A-80-A"},{"r":"106","t":"13:38:31","h":"Est","s":"25S-H56S000A-80-A"},{"r":"106","t":"13:41:47","h":"Est","s":"25N-H56N000S-80-S"},{"r":"106","t":"13:41:47","h":"Est","s":"25N-H56NV10S-80-S"},{"r":"106","t":"13:41:47","h":"Est","s":"25N-H56NV20S-80-S"},{"r":"106","t":"13:41:47","h":"Est","s":"25S-H56S000S-80-S"},{"r":"106","t":"13:47:47","h":"Est","s":"25N-H56N000I-80-I"},{"r":"106","t":"13:47:47","h":"Est","s":"25N-H56N100F-80-F1"},{"r":"106","t":"13:47:47","h":"Est","s":"25N-H56N200F-80-F2"},{"r":"106","t":"13:47:47","h":"Est","s":"25N-H56N300F-80-F3"},{"r":"106","t":"13:47:47","h":"Est","s":"25N-H56N400F-80-F4"},{"r":"106","t":"13:47:47","h":"Est","s":"25N-H56NV10I-80-I"},{"r":"106","t":"13:47:47","h":"Est","s":"25N-H56NV20I-80-I"},{"r":"106","t":"13:47:47","h":"Est","s":"25S-H56S000I-80-I"},{"r":"106","t":"13:47:47","h":"Est","s":"25S-H56S100F-80-F1"},{"r":"106","t":"13:47:47","h":"Est","s":"25S-H56S200F-81-F2"},{"r":"106","t":"13:48:31","h":"Est","s":"25N-H56N000A-80-A"},{"r":"106","t":"13:48:31","h":"Est","s":"25N-H56NV10A-80-A"},{"r":"106","t":"13:48:31","h":"Est","s":"25N-H56NV20A-80-A"},{"r":"106","t":"13:48:31","h":"Est","s":"25S-H56S000A-80-A"},{"r":"106","t":"13:51:47","h":"Est","s":"25N-H56N000S-80-S"},{"r":"106","t":"13:51:47","h":"Est","s":"25N-H56NV10S-80-S"},{"r":"106","t":"13:51:47","h":"Est","s":"25N-H56NV20S-80-S"},{"r":"106","t":"13:51:47","h":"Est","s":"25S-H56S000S-80-S"},{"r":"106","t":"13:58:31","h":"Est","s":"25N-H56N000A-80-A"},{"r":"106","t":"13:58:31","h":"Est","s":"25N-H56NV10A-80-A"},{"r":"106","t":"13:58:31","h":"Est","s":"25N-H56NV20A-80-A"},{"r":"106","t":"13:58:31","h":"Est","s":"25S-H56S000A-80-A"},{"r":"106","t":"13:58:47","h":"Est","s":"25N-H56N000I-80-I"},{"r":"106","t":"13:58:47","h":"Est","s":"25N-H56N100F-80-F1"},{"r":"106","t":"13:58:47","h":"Est","s":"25N-H56N200F-80-F2"},{"r":"106","t":"13:58:47","h":"Est","s":"25N-H56N300F-80-F3"},{"r":"106","t":"13:58:47","h":"Est","s":"25N-H56N400F-80-F4"},{"r":"106","t":"13:58:47","h":"Est","s":"25N-H56NV10I-80-I"},{"r":"106","t":"13:58:47","h":"Est","s":"25N-H56NV20I-80-I"},{"r":"106","t":"13:58:47","h":"Est","s":"25S-H56S000I-80-I"},{"r":"106","t":"13:58:47","h":"Est","s":"25S-H56S100F-80-F1"},{"r":"106","t":"13:58:47","h":"Est","s":"25S-H56S200F-81-F2"},{"r":"106","t":"14:02:47","h":"Est","s":"25N-H56N000S-80-S"},{"r":"106","t":"14:02:47","h":"Est","s":"25N-H56NV10S-80-S"},{"r":"106","t":"14:02:47","h":"Est","s":"25N-H56NV20S-80-S"},{"r":"106","t":"14:02:47","h":"Est","s":"25S-H56S000S-80-S"},{"r":"106","t":"14:07:31","h":"Est","s":"25N-H56N000A-80-A"},{"r":"106","t":"14:07:31","h":"Est","s":"25N-H56NV10A-80-A"},{"r":"106","t":"14:07:31","h":"Est","s":"25N-H56NV20A-80-A"},{"r":"106","t":"14:07:31","h":"Est","s":"25S-H56S000A-80-A"},{"r":"106","t":"14:10:47","h":"Est","s":"25N-H56N000I-80-I"},{"r":"106","t":"14:10:47","h":"Est","s":"25N-H56N100F-80-F1"},{"r":"106","t":"14:10:47","h":"Est","s":"25N-H56N200F-80-F2"},{"r":"106","t":"14:10:47","h":"Est","s":"25N-H56N300F-80-F3"},{"r":"106","t":"14:10:47","h":"Est","s":"25N-H56N400F-80-F4"},{"r":"106","t":"14:10:47","h":"Est","s":"25N-H56NV10I-80-I"},{"r":"106","t":"14:10:47","h":"Est","s":"25N-H56NV20I-80-I"},{"r":"106","t":"14:10:47","h":"Est","s":"25S-H56S000I-80-I"},{"r":"106","t":"14:10:47","h":"Est","s":"25S-H56S100F-80-F1"},{"r":"106","t":"14:10:47","h":"Est","s":"25S-H56S200F-81-F2"},{"r":"106","t":"14:15:31","h":"Est","s":"25N-H56N000A-80-A"},{"r":"106","t":"14:15:31","h":"Est","s":"25N-H56NV10A-80-A"},{"r":"106","t":"14:15:31","h":"Est","s":"25N-H56NV20A-80-A"},{"r":"106","t":"14:15:31","h":"Est","s":"25S-H56S000A-80-A"},{"r":"106","t":"14:15:47","h":"Est","s":"25N-H56N000S-80-S"},{"r":"106","t":"14:15:47","h":"Est","s":"25N-H56NV10S-80-S"},{"r":"106","t":"14:15:47","h":"Est","s":"25N-H56NV20S-80-S"},{"r":"106","t":"14:15:47","h":"Est","s":"25S-H56S000S-80-S"},{"r":"106","t":"14:21:47","h":"Est","s":"25N-H56N000I-80-I"},{"r":"106","t":"14:21:47","h":"Est","s":"25N-H56N100F-80-F1"},{"r":"106","t":"14:21:47","h":"Est","s":"25N-H56N200F-80-F2"},{"r":"106","t":"14:21:47","h":"Est","s":"25N-H56N300F-80-F3"},{"r":"106","t":"14:21:47","h":"Est","s":"25N-H56N400F-80-F4"},{"r":"106","t":"14:21:47","h":"Est","s":"25N-H56NV10I-80-I"},{"r":"106","t":"14:21:47","h":"Est","s":"25N-H56NV20I-80-I"},{"r":"106","t":"14:21:47","h":"Est","s":"25S-H56S000I-80-I"},{"r":"106","t":"14:21:47","h":"Est","s":"25S-H56S100F-80-F1"},{"r":"106","t":"14:21:47","h":"Est","s":"25S-H56S200F-81-F2"},{"r":"106","t":"14:23:31","h":"Est","s":"25N-H56N000A-80-A"},{"r":"106","t":"14:23:31","h":"Est","s":"25N-H56NV10A-80-A"},{"r":"106","t":"14:23:31","h":"Est","s":"25N-H56NV20A-80-A"},{"r":"106","t":"14:23:31","h":"Est","s":"25S-H56S000A-80-A"},{"r":"106","t":"14:27:47","h":"Est","s":"25N-H56N000S-80-S"},{"r":"106","t":"14:27:47","h":"Est","s":"25N-H56NV10S-80-S"},{"r":"106","t":"14:27:47","h":"Est","s":"25N-H56NV20S-80-S"},{"r":"106","t":"14:27:47","h":"Est","s":"25S-H56S000S-80-S"},{"r":"106","t":"14:30:31","h":"Est","s":"25N-H56N000A-80-A"},{"r":"106","t":"14:30:31","h":"Est","s":"25N-H56NV10A-80-A"},{"r":"106","t":"14:30:31","h":"Est","s":"25N-H56NV20A-80-A"},{"r":"106","t":"14:30:31","h":"Est","s":"25S-H56S000A-80-A"},{"r":"106","t":"14:32:47","h":"Est","s":"25N-H56N000I-80-I"},{"r":"106","t":"14:32:47","h":"Est","s":"25N-H56N100F-80-F1"},{"r":"106","t":"14:32:47","h":"Est","s":"25N-H56N200F-80-F2"},{"r":"106","t":"14:32:47","h":"Est","s":"25N-H56N300F-80-F3"},{"r":"106","t":"14:32:47","h":"Est","s":"25N-H56N400F-80-F4"},{"r":"106","t":"14:32:47","h":"Est","s":"25N-H56NV10I-80-I"},{"r":"106","t":"14:32:47","h":"Est","s":"25N-H56NV20I-80-I"},{"r":"106","t":"14:32:47","h":"Est","s":"25S-H56S000I-80-I"},{"r":"106","t":"14:32:47","h":"Est","s":"25S-H56S100F-80-F1"},{"r":"106","t":"14:32:47","h":"Est","s":"25S-H56S200F-81-F2"},{"r":"106","t":"14:38:31","h":"Est","s":"25N-H56N000A-80-A"},{"r":"106","t":"14:38:31","h":"Est","s":"25N-H56NV10A-80-A"},{"r":"106","t":"14:38:31","h":"Est","s":"25N-H56NV20A-80-A"},{"r":"106","t":"14:38:31","h":"Est","s":"25S-H56S000A-80-A"},{"r":"106","t":"14:38:47","h":"Est","s":"25N-H56N000S-80-S"},{"r":"106","t":"14:38:47","h":"Est","s":"25N-H56NV10S-80-S"},{"r":"106","t":"14:38:47","h":"Est","s":"25N-H56NV20S-80-S"},{"r":"106","t":"14:38:47","h":"Est","s":"25S-H56S000S-80-S"},{"r":"106","t":"14:43:47","h":"Est","s":"25N-H56N000I-80-I"},{"r":"106","t":"14:43:47","h":"Est","s":"25N-H56N100F-80-F1"},{"r":"106","t":"14:43:47","h":"Est","s":"25N-H56N200F-80-F2"},{"r":"106","t":"14:43:47","h":"Est","s":"25N-H56N300F-80-F3"},{"r":"106","t":"14:43:47","h":"Est","s":"25N-H56N400F-80-F4"},{"r":"106","t":"14:43:47","h":"Est","s":"25N-H56NV10I-80-I"},{"r":"106","t":"14:43:47","h":"Est","s":"25N-H56NV20I-80-I"},{"r":"106","t":"14:43:47","h":"Est","s":"25S-H56S000I-80-I"},{"r":"106","t":"14:43:47","h":"Est","s":"25S-H56S100F-80-F1"},{"r":"106","t":"14:43:47","h":"Est","s":"25S-H56S200F-81-F2"},{"r":"106","t":"14:47:31","h":"Est","s":"25N-H56N000A-80-A"},{"r":"106","t":"14:47:31","h":"Est","s":"25N-H56NV10A-80-A"},{"r":"106","t":"14:47:31","h":"Est","s":"25N-H56NV20A-80-A"},{"r":"106","t":"14:47:31","h":"Est","s":"25S-H56S000A-80-A"},{"r":"106","t":"14:48:47","h":"Est","s":"25N-H56N000S-80-S"},{"r":"106","t":"14:48:47","h":"Est","s":"25N-H56NV10S-80-S"},{"r":"106","t":"14:48:47","h":"Est","s":"25N-H56NV20S-80-S"},{"r":"106","t":"14:48:47","h":"Est","s":"25S-H56S000S-80-S"},{"r":"106","t":"14:54:47","h":"Est","s":"25N-H56N000I-80-I"},{"r":"106","t":"14:54:47","h":"Est","s":"25N-H56N100F-80-F1"},{"r":"106","t":"14:54:47","h":"Est","s":"25N-H56N200F-80-F2"},{"r":"106","t":"14:54:47","h":"Est","s":"25N-H56N300F-80-F3"},{"r":"106","t":"14:54:47","h":"Est","s":"25N-H56N400F-80-F4"},{"r":"106","t":"14:54:47","h":"Est","s":"25N-H56NV10I-80-I"},{"r":"106","t":"14:54:47","h":"Est","s":"25N-H56NV20I-80-I"},{"r":"106","t":"14:54:47","h":"Est","s":"25S-H56S000I-80-I"},{"r":"106","t":"14:54:47","h":"Est","s":"25S-H56S100F-80-F1"},{"r":"106","t":"14:54:47","h":"Est","s":"25S-H56S200F-81-F2"},{"r":"106","t":"14:57:31","h":"Est","s":"25N-H56N000A-80-A"},{"r":"106","t":"14:57:31","h":"Est","s":"25N-H56NV10A-80-A"},{"r":"106","t":"14:57:31","h":"Est","s":"25N-H56NV20A-80-A"},{"r":"106","t":"14:57:31","h":"Est","s":"25S-H56S000A-80-A"},{"r":"106","t":"15:00:47","h":"Est","s":"25N-H56N000S-80-S"},{"r":"106","t":"15:00:47","h":"Est","s":"25N-H56NV10S-80-S"},{"r":"106","t":"15:00:47","h":"Est","s":"25N-H56NV20S-80-S"},{"r":"106","t":"15:00:47","h":"Est","s":"25S-H56S000S-80-S"},{"r":"106","t":"15:06:47","h":"Est","s":"25N-H56N000I-80-I"},{"r":"106","t":"15:06:47","h":"Est","s":"25N-H56N100F-80-F1"},{"r":"106","t":"15:06:47","h":"Est","s":"25N-H56N200F-80-F2"},{"r":"106","t":"15:06:47","h":"Est","s":"25N-H56N300F-80-F3"},{"r":"106","t":"15:06:47","h":"Est","s":"25N-H56N400F-80-F4"},{"r":"106","t":"15:06:47","h":"Est","s":"25N-H56NV10I-80-I"},{"r":"106","t":"15:06:47","h":"Est","s":"25N-H56NV20I-80-I"},{"r":"106","t":"15:06:47","h":"Est","s":"25S-H56S000I-80-I"},{"r":"106","t":"15:06:47","h":"Est","s":"25S-H56S100F-80-F1"},{"r":"106","t":"15:06:47","h":"Est","s":"25S-H56S200F-81-F2"},{"r":"106","t":"15:07:31","h":"Est","s":"25N-H56N000A-80-A"},{"r":"106","t":"15:07:31","h":"Est","s":"25N-H56NV10A-80-A"},{"r":"106","t":"15:07:31","h":"Est","s":"25N-H56NV20A-80-A"},{"r":"106","t":"15:07:31","h":"Est","s":"25S-H56S000A-80-A"},{"r":"106","t":"15:17:31","h":"Est","s":"25N-H56N000S-80-S"},{"r":"106","t":"15:17:31","h":"Est","s":"25N-H56NV10S-80-S"},{"r":"106","t":"15:17:31","h":"Est","s":"25N-H56NV20S-80-S"},{"r":"106","t":"15:17:31","h":"Est","s":"25S-H56S000S-80-S"},{"r":"106","t":"15:18:31","h":"Est","s":"25N-H56N000A-80-A"},{"r":"106","t":"15:18:31","h":"Est","s":"25N-H56NV10A-80-A"},{"r":"106","t":"15:18:31","h":"Est","s":"25N-H56NV20A-80-A"},{"r":"106","t":"15:18:31","h":"Est","s":"25S-H56S000A-80-A"},{"r":"106","t":"15:18:47","h":"Est","s":"25N-H56N000I-80-I"},{"r":"106","t":"15:18:47","h":"Est","s":"25N-H56N100F-80-F1"},{"r":"106","t":"15:18:47","h":"Est","s":"25N-H56N200F-80-F2"},{"r":"106","t":"15:18:47","h":"Est","s":"25N-H56N300F-80-F3"},{"r":"106","t":"15:18:47","h":"Est","s":"25N-H56N400F-80-F4"},{"r":"106","t":"15:18:47","h":"Est","s":"25N-H56NV10I-80-I"},{"r":"106","t":"15:18:47","h":"Est","s":"25N-H56NV20I-80-I"},{"r":"106","t":"15:18:47","h":"Est","s":"25S-H56S000I-80-I"},{"r":"106","t":"15:18:47","h":"Est","s":"25S-H56S100F-80-F1"},{"r":"106","t":"15:18:47","h":"Est","s":"25S-H56S200F-81-F2"},{"r":"106","t":"15:29:31","h":"Est","s":"25N-H56N000A-80-A"},{"r":"106","t":"15:29:31","h":"Est","s":"25N-H56NV10A-80-A"},{"r":"106","t":"15:29:31","h":"Est","s":"25N-H56NV20A-80-A"},{"r":"106","t":"15:29:31","h":"Est","s":"25S-H56S000A-80-A"},{"r":"106","t":"15:30:47","h":"Est","s":"25N-H56N000I-80-I"},{"r":"106","t":"15:30:47","h":"Est","s":"25N-H56N100F-80-F1"},{"r":"106","t":"15:30:47","h":"Est","s":"25N-H56N200F-80-F2"},{"r":"106","t":"15:30:47","h":"Est","s":"25N-H56N300F-80-F3"},{"r":"106","t":"15:30:47","h":"Est","s":"25N-H56N400F-80-F4"},{"r":"106","t":"15:30:47","h":"Est","s":"25N-H56NV10I-80-I"},{"r":"106","t":"15:30:47","h":"Est","s":"25N-H56NV20I-80-I"},{"r":"106","t":"15:30:47","h":"Est","s":"25S-H56S000I-80-I"},{"r":"106","t":"15:30:47","h":"Est","s":"25S-H56S100F-80-F1"},{"r":"106","t":"15:30:47","h":"Est","s":"25S-H56S200F-81-F2"},{"r":"106","t":"15:32:31","h":"Est","s":"25N-H56N000S-80-S"},{"r":"106","t":"15:32:31","h":"Est","s":"25N-H56NV10S-80-S"},{"r":"106","t":"15:32:31","h":"Est","s":"25N-H56NV20S-80-S"},{"r":"106","t":"15:32:31","h":"Est","s":"25S-H56S000S-80-S"},{"r":"106","t":"15:39:31","h":"Est","s":"25N-H56N000A-80-A"},{"r":"106","t":"15:39:31","h":"Est","s":"25N-H56NV10A-80-A"},{"r":"106","t":"15:39:31","h":"Est","s":"25N-H56NV20A-80-A"},{"r":"106","t":"15:39:31","h":"Est","s":"25S-H56S000A-80-A"},{"r":"106","t":"15:41:47","h":"Est","s":"25N-H56N000I-80-I"},{"r":"106","t":"15:41:47","h":"Est","s":"25N-H56N100F-80-F1"},{"r":"106","t":"15:41:47","h":"Est","s":"25N-H56N200F-80-F2"},{"r":"106","t":"15:41:47","h":"Est","s":"25N-H56N300F-80-F3"},{"r":"106","t":"15:41:47","h":"Est","s":"25N-H56N400F-80-F4"},{"r":"106","t":"15:41:47","h":"Est","s":"25N-H56NV10I-80-I"},{"r":"106","t":"15:41:47","h":"Est","s":"25N-H56NV20I-80-I"},{"r":"106","t":"15:41:47","h":"Est","s":"25S-H56S000I-80-I"},{"r":"106","t":"15:41:47","h":"Est","s":"25S-H56S100F-80-F1"},{"r":"106","t":"15:41:47","h":"Est","s":"25S-H56S200F-81-F2"},{"r":"106","t":"15:48:31","h":"Est","s":"25N-H57N000S-80-S"},{"r":"106","t":"15:48:31","h":"Est","s":"25N-H57NV10S-84-S"},{"r":"106","t":"15:48:31","h":"Est","s":"25N-H57NV20S-80-S"},{"r":"106","t":"15:48:31","h":"Est","s":"25S-H57S000S-82-S"},{"r":"106","t":"15:49:31","h":"Est","s":"25N-H56N000A-80-A"},{"r":"106","t":"15:49:31","h":"Est","s":"25N-H56NV10A-80-A"},{"r":"106","t":"15:49:31","h":"Est","s":"25N-H56NV20A-80-A"},{"r":"106","t":"15:49:31","h":"Est","s":"25S-H56S000A-80-A"},{"r":"106","t":"15:52:47","h":"Est","s":"25N-H56N000I-80-I"},{"r":"106","t":"15:52:47","h":"Est","s":"25N-H56N100F-80-F1"},{"r":"106","t":"15:52:47","h":"Est","s":"25N-H56N200F-80-F2"},{"r":"106","t":"15:52:47","h":"Est","s":"25N-H56N300F-80-F3"},{"r":"106","t":"15:52:47","h":"Est","s":"25N-H56N400F-80-F4"},{"r":"106","t":"15:52:47","h":"Est","s":"25N-H56NV10I-80-I"},{"r":"106","t":"15:52:47","h":"Est","s":"25N-H56NV20I-80-I"},{"r":"106","t":"15:52:47","h":"Est","s":"25S-H56S000I-80-I"},{"r":"106","t":"15:52:47","h":"Est","s":"25S-H56S100F-80-F1"},{"r":"106","t":"15:52:47","h":"Est","s":"25S-H56S200F-81-F2"},{"r":"106","t":"15:58:31","h":"Est","s":"25N-H56N000S-80-S"},{"r":"106","t":"15:58:31","h":"Est","s":"25N-H56NV10S-80-S"},{"r":"106","t":"15:58:31","h":"Est","s":"25N-H56NV20S-80-S"},{"r":"106","t":"15:58:31","h":"Est","s":"25S-H56S000S-80-S"},{"r":"106","t":"15:59:31","h":"Est","s":"25N-H56N000A-80-A"},{"r":"106","t":"15:59:31","h":"Est","s":"25N-H56NV10A-80-A"},{"r":"106","t":"15:59:31","h":"Est","s":"25N-H56NV20A-80-A"},{"r":"106","t":"15:59:31","h":"Est","s":"25S-H56S000A-80-A"},{"r":"106","t":"16:05:47","h":"Est","s":"25N-H56N000I-80-I"},{"r":"106","t":"16:05:47","h":"Est","s":"25N-H56N100F-80-F1"},{"r":"106","t":"16:05:47","h":"Est","s":"25N-H56N200F-80-F2"},{"r":"106","t":"16:05:47","h":"Est","s":"25N-H56N300F-80-F3"},{"r":"106","t":"16:05:47","h":"Est","s":"25N-H56N400F-80-F4"},{"r":"106","t":"16:05:47","h":"Est","s":"25N-H56NV10I-80-I"},{"r":"106","t":"16:05:47","h":"Est","s":"25N-H56NV20I-80-I"},{"r":"106","t":"16:05:47","h":"Est","s":"25S-H56S000I-80-I"},{"r":"106","t":"16:05:47","h":"Est","s":"25S-H56S100F-80-F1"},{"r":"106","t":"16:05:47","h":"Est","s":"25S-H56S200F-81-F2"},{"r":"106","t":"16:08:31","h":"Est","s":"25N-H56N000S-80-S"},{"r":"106","t":"16:08:31","h":"Est","s":"25N-H56NV10S-80-S"},{"r":"106","t":"16:08:31","h":"Est","s":"25N-H56NV20S-80-S"},{"r":"106","t":"16:08:31","h":"Est","s":"25S-H56S000S-80-S"},{"r":"106","t":"16:09:31","h":"Est","s":"25N-H56N000A-80-A"},{"r":"106","t":"16:09:31","h":"Est","s":"25N-H56NV10A-80-A"},{"r":"106","t":"16:09:31","h":"Est","s":"25N-H56NV20A-80-A"},{"r":"106","t":"16:09:31","h":"Est","s":"25S-H56S000A-80-A"},{"r":"106","t":"16:15:31","h":"Est","s":"25N-H56N000S-80-S"},{"r":"106","t":"16:15:31","h":"Est","s":"25N-H56NV10S-80-S"},{"r":"106","t":"16:15:31","h":"Est","s":"25N-H56NV20S-80-S"},{"r":"106","t":"16:15:31","h":"Est","s":"25S-H56S000S-80-S"},{"r":"106","t":"16:18:47","h":"Est","s":"25N-H56N000I-80-I"},{"r":"106","t":"16:18:47","h":"Est","s":"25N-H56N100F-80-F1"},{"r":"106","t":"16:18:47","h":"Est","s":"25N-H56N200F-80-F2"},{"r":"106","t":"16:18:47","h":"Est","s":"25N-H56N300F-80-F3"},{"r":"106","t":"16:18:47","h":"Est","s":"25N-H56N400F-80-F4"},{"r":"106","t":"16:18:47","h":"Est","s":"25N-H56NV10I-80-I"},{"r":"106","t":"16:18:47","h":"Est","s":"25N-H56NV20I-80-I"},{"r":"106","t":"16:18:47","h":"Est","s":"25S-H56S000I-80-I"},{"r":"106","t":"16:18:47","h":"Est","s":"25S-H56S100F-80-F1"},{"r":"106","t":"16:18:47","h":"Est","s":"25S-H56S200F-81-F2"},{"r":"106","t":"16:20:47","h":"Est","s":"25N-H56N000A-80-A"},{"r":"106","t":"16:20:47","h":"Est","s":"25N-H56NV10A-80-A"},{"r":"106","t":"16:20:47","h":"Est","s":"25N-H56NV20A-80-A"},{"r":"106","t":"16:20:47","h":"Est","s":"25S-H56S000A-80-A"},{"r":"106","t":"16:24:31","h":"Est","s":"25N-H56N000S-80-S"},{"r":"106","t":"16:24:31","h":"Est","s":"25N-H56NV10S-80-S"},{"r":"106","t":"16:24:31","h":"Est","s":"25N-H56NV20S-80-S"},{"r":"106","t":"16:24:31","h":"Est","s":"25S-H56S000S-80-S"},{"r":"106","t":"16:32:47","h":"Est","s":"25N-H56N000A-80-A"},{"r":"106","t":"16:32:47","h":"Est","s":"25N-H56N000I-80-I"},{"r":"106","t":"16:32:47","h":"Est","s":"25N-H56N100F-80-F1"},{"r":"106","t":"16:32:47","h":"Est","s":"25N-H56N200F-80-F2"},{"r":"106","t":"16:32:47","h":"Est","s":"25N-H56N300F-80-F3"},{"r":"106","t":"16:32:47","h":"Est","s":"25N-H56N400F-80-F4"},{"r":"106","t":"16:32:47","h":"Est","s":"25N-H56NV10A-80-A"},{"r":"106","t":"16:32:47","h":"Est","s":"25N-H56NV10I-80-I"},{"r":"106","t":"16:32:47","h":"Est","s":"25N-H56NV20A-80-A"},{"r":"106","t":"16:32:47","h":"Est","s":"25N-H56NV20I-80-I"},{"r":"106","t":"16:32:47","h":"Est","s":"25S-H56S000A-80-A"},{"r":"106","t":"16:32:47","h":"Est","s":"25S-H56S000I-80-I"},{"r":"106","t":"16:32:47","h":"Est","s":"25S-H56S100F-80-F1"},{"r":"106","t":"16:32:47","h":"Est","s":"25S-H56S200F-81-F2"},{"r":"106","t":"16:35:31","h":"Est","s":"25N-H56N000S-80-S"},{"r":"106","t":"16:35:31","h":"Est","s":"25N-H56NV10S-80-S"},{"r":"106","t":"16:35:31","h":"Est","s":"25N-H56NV20S-80-S"},{"r":"106","t":"16:35:31","h":"Est","s":"25S-H56S000S-80-S"},{"r":"106","t":"16:44:47","h":"Est","s":"25N-H56N000I-80-I"},{"r":"106","t":"16:44:47","h":"Est","s":"25N-H56N100F-80-F1"},{"r":"106","t":"16:44:47","h":"Est","s":"25N-H56N200F-80-F2"},{"r":"106","t":"16:44:47","h":"Est","s":"25N-H56N300F-80-F3"},{"r":"106","t":"16:44:47","h":"Est","s":"25N-H56N400F-80-F4"},{"r":"106","t":"16:44:47","h":"Est","s":"25N-H56NV10I-80-I"},{"r":"106","t":"16:44:47","h":"Est","s":"25N-H56NV20I-80-I"},{"r":"106","t":"16:44:47","h":"Est","s":"25S-H56S000I-80-I"},{"r":"106","t":"16:44:47","h":"Est","s":"25S-H56S100F-80-F1"},{"r":"106","t":"16:44:47","h":"Est","s":"25S-H56S200F-81-F2"},{"r":"106","t":"16:45:47","h":"Est","s":"25N-H56N000A-80-A"},{"r":"106","t":"16:45:47","h":"Est","s":"25N-H56NV10A-80-A"},{"r":"106","t":"16:45:47","h":"Est","s":"25N-H56NV20A-80-A"},{"r":"106","t":"16:45:47","h":"Est","s":"25S-H56S000A-80-A"},{"r":"106","t":"16:48:31","h":"Est","s":"25N-H56N000S-80-S"},{"r":"106","t":"16:48:31","h":"Est","s":"25N-H56NV10S-80-S"},{"r":"106","t":"16:48:31","h":"Est","s":"25N-H56NV20S-80-S"},{"r":"106","t":"16:48:31","h":"Est","s":"25S-H56S000S-80-S"},{"r":"106","t":"16:58:47","h":"Est","s":"25N-H56N000A-80-A"},{"r":"106","t":"16:58:47","h":"Est","s":"25N-H56N000I-80-I"},{"r":"106","t":"16:58:47","h":"Est","s":"25N-H56N100F-80-F1"},{"r":"106","t":"16:58:47","h":"Est","s":"25N-H56N200F-80-F2"},{"r":"106","t":"16:58:47","h":"Est","s":"25N-H56N300F-80-F3"},{"r":"106","t":"16:58:47","h":"Est","s":"25N-H56N400F-80-F4"},{"r":"106","t":"16:58:47","h":"Est","s":"25N-H56NV10A-80-A"},{"r":"106","t":"16:58:47","h":"Est","s":"25N-H56NV10I-80-I"},{"r":"106","t":"16:58:47","h":"Est","s":"25N-H56NV20A-80-A"},{"r":"106","t":"16:58:47","h":"Est","s":"25N-H56NV20I-80-I"},{"r":"106","t":"16:58:47","h":"Est","s":"25S-H56S000A-80-A"},{"r":"106","t":"16:58:47","h":"Est","s":"25S-H56S000I-80-I"},{"r":"106","t":"16:58:47","h":"Est","s":"25S-H56S100F-80-F1"},{"r":"106","t":"16:58:47","h":"Est","s":"25S-H56S200F-81-F2"},{"r":"106","t":"16:59:31","h":"Est","s":"25N-H56N000S-80-S"},{"r":"106","t":"16:59:31","h":"Est","s":"25N-H56NV10S-80-S"},{"r":"106","t":"16:59:31","h":"Est","s":"25N-H56NV20S-80-S"},{"r":"106","t":"16:59:31","h":"Est","s":"25S-H56S000S-80-S"},{"r":"106","t":"17:13:47","h":"Est","s":"25N-H56N000A-80-A"},{"r":"106","t":"17:13:47","h":"Est","s":"25N-H56N000I-80-I"},{"r":"106","t":"17:13:47","h":"Est","s":"25N-H56N100F-80-F1"},{"r":"106","t":"17:13:47","h":"Est","s":"25N-H56N200F-80-F2"},{"r":"106","t":"17:13:47","h":"Est","s":"25N-H56N300F-80-F3"},{"r":"106","t":"17:13:47","h":"Est","s":"25N-H56N400F-80-F4"},{"r":"106","t":"17:13:47","h":"Est","s":"25N-H56NV10A-80-A"},{"r":"106","t":"17:13:47","h":"Est","s":"25N-H56NV10I-80-I"},{"r":"106","t":"17:13:47","h":"Est","s":"25N-H56NV20A-80-A"},{"r":"106","t":"17:13:47","h":"Est","s":"25N-H56NV20I-80-I"},{"r":"106","t":"17:13:47","h":"Est","s":"25S-H56S000A-80-A"},{"r":"106","t":"17:13:47","h":"Est","s":"25S-H56S000I-80-I"},{"r":"106","t":"17:13:47","h":"Est","s":"25S-H56S100F-80-F1"},{"r":"106","t":"17:13:47","h":"Est","s":"25S-H56S200F-81-F2"},{"r":"106","t":"17:14:31","h":"Est","s":"25N-H56N000S-80-S"},{"r":"106","t":"17:14:31","h":"Est","s":"25N-H56NV10S-80-S"},{"r":"106","t":"17:14:31","h":"Est","s":"25N-H56NV20S-80-S"},{"r":"106","t":"17:14:31","h":"Est","s":"25S-H56S000S-80-S"},{"r":"106","t":"17:28:31","h":"Est","s":"25N-H56N000S-80-S"},{"r":"106","t":"17:28:31","h":"Est","s":"25N-H56NV10S-80-S"},{"r":"106","t":"17:28:31","h":"Est","s":"25N-H56NV20S-80-S"},{"r":"106","t":"17:28:31","h":"Est","s":"25S-H56S000S-80-S"},{"r":"106","t":"17:28:47","h":"Est","s":"25N-H56N000A-80-A"},{"r":"106","t":"17:28:47","h":"Est","s":"25N-H56N000I-80-I"},{"r":"106","t":"17:28:47","h":"Est","s":"25N-H56N100F-80-F1"},{"r":"106","t":"17:28:47","h":"Est","s":"25N-H56N200F-80-F2"},{"r":"106","t":"17:28:47","h":"Est","s":"25N-H56N300F-80-F3"},{"r":"106","t":"17:28:47","h":"Est","s":"25N-H56N400F-80-F4"},{"r":"106","t":"17:28:47","h":"Est","s":"25N-H56NV10A-80-A"},{"r":"106","t":"17:28:47","h":"Est","s":"25N-H56NV10I-80-I"},{"r":"106","t":"17:28:47","h":"Est","s":"25N-H56NV20A-80-A"},{"r":"106","t":"17:28:47","h":"Est","s":"25N-H56NV20I-80-I"},{"r":"106","t":"17:28:47","h":"Est","s":"25S-H56S000A-80-A"},{"r":"106","t":"17:28:47","h":"Est","s":"25S-H56S000I-80-I"},{"r":"106","t":"17:28:47","h":"Est","s":"25S-H56S100F-80-F1"},{"r":"106","t":"17:28:47","h":"Est","s":"25S-H56S200F-81-F2"},{"r":"106","t":"17:43:47","h":"Est","s":"25N-H56N000A-80-A"},{"r":"106","t":"17:43:47","h":"Est","s":"25N-H56NV10A-80-A"},{"r":"106","t":"17:43:47","h":"Est","s":"25N-H56NV20A-80-A"},{"r":"106","t":"17:43:47","h":"Est","s":"25N-H57N000S-80-S"},{"r":"106","t":"17:43:47","h":"Est","s":"25N-H57NV10S-84-S"},{"r":"106","t":"17:43:47","h":"Est","s":"25N-H57NV20S-80-S"},{"r":"106","t":"17:43:47","h":"Est","s":"25S-H56S000A-80-A"},{"r":"106","t":"17:43:47","h":"Est","s":"25S-H57S000S-82-S"},{"r":"106","t":"17:46:47","h":"Est","s":"25N-H56N000I-80-I"},{"r":"106","t":"17:46:47","h":"Est","s":"25N-H56N100F-80-F1"},{"r":"106","t":"17:46:47","h":"Est","s":"25N-H56N200F-80-F2"},{"r":"106","t":"17:46:47","h":"Est","s":"25N-H56N300F-80-F3"},{"r":"106","t":"17:46:47","h":"Est","s":"25N-H56N400F-80-F4"},{"r":"106","t":"17:46:47","h":"Est","s":"25N-H56NV10I-80-I"},{"r":"106","t":"17:46:47","h":"Est","s":"25N-H56NV20I-80-I"},{"r":"106","t":"17:46:47","h":"Est","s":"25S-H56S000I-80-I"},{"r":"106","t":"17:46:47","h":"Est","s":"25S-H56S100F-80-F1"},{"r":"106","t":"17:46:47","h":"Est","s":"25S-H56S200F-81-F2"},{"r":"106","t":"18:00:47","h":"Est","s":"25N-H56N000A-80-A"},{"r":"106","t":"18:00:47","h":"Est","s":"25N-H56NV10A-80-A"},{"r":"106","t":"18:00:47","h":"Est","s":"25N-H56NV20A-80-A"},{"r":"106","t":"18:00:47","h":"Est","s":"25S-H56S000A-80-A"},{"r":"106","t":"18:03:47","h":"Est","s":"25N-H56N000S-80-S"},{"r":"106","t":"18:03:47","h":"Est","s":"25N-H56NV10S-80-S"},{"r":"106","t":"18:03:47","h":"Est","s":"25N-H56NV20S-80-S"},{"r":"106","t":"18:03:47","h":"Est","s":"25S-H56S000S-80-S"},{"r":"106","t":"18:07:47","h":"Est","s":"25N-H56N000I-80-I"},{"r":"106","t":"18:07:47","h":"Est","s":"25N-H56N100F-80-F1"},{"r":"106","t":"18:07:47","h":"Est","s":"25N-H56N200F-80-F2"},{"r":"106","t":"18:07:47","h":"Est","s":"25N-H56N300F-80-F3"},{"r":"106","t":"18:07:47","h":"Est","s":"25N-H56N400F-80-F4"},{"r":"106","t":"18:07:47","h":"Est","s":"25N-H56NV10I-80-I"},{"r":"106","t":"18:07:47","h":"Est","s":"25N-H56NV20I-80-I"},{"r":"106","t":"18:07:47","h":"Est","s":"25S-H56S000I-80-I"},{"r":"106","t":"18:07:47","h":"Est","s":"25S-H56S100F-80-F1"},{"r":"106","t":"18:07:47","h":"Est","s":"25S-H56S200F-81-F2"},{"r":"106","t":"18:17:47","h":"Est","s":"25N-H56N000A-80-A"},{"r":"106","t":"18:17:47","h":"Est","s":"25N-H56NV10A-80-A"},{"r":"106","t":"18:17:47","h":"Est","s":"25N-H56NV20A-80-A"},{"r":"106","t":"18:17:47","h":"Est","s":"25S-H56S000A-80-A"},{"r":"106","t":"18:25:47","h":"Est","s":"25N-H56N000S-80-S"},{"r":"106","t":"18:25:47","h":"Est","s":"25N-H56NV10S-80-S"},{"r":"106","t":"18:25:47","h":"Est","s":"25N-H56NV20S-80-S"},{"r":"106","t":"18:25:47","h":"Est","s":"25S-H56S000S-80-S"},{"r":"106","t":"18:28:47","h":"Est","s":"25N-H56N000I-80-I"},{"r":"106","t":"18:28:47","h":"Est","s":"25N-H56N100F-80-F1"},{"r":"106","t":"18:28:47","h":"Est","s":"25N-H56N200F-80-F2"},{"r":"106","t":"18:28:47","h":"Est","s":"25N-H56N300F-80-F3"},{"r":"106","t":"18:28:47","h":"Est","s":"25N-H56N400F-80-F4"},{"r":"106","t":"18:28:47","h":"Est","s":"25N-H56NV10I-80-I"},{"r":"106","t":"18:28:47","h":"Est","s":"25N-H56NV20I-80-I"},{"r":"106","t":"18:28:47","h":"Est","s":"25S-H56S000I-80-I"},{"r":"106","t":"18:28:47","h":"Est","s":"25S-H56S100F-80-F1"},{"r":"106","t":"18:28:47","h":"Est","s":"25S-H56S200F-81-F2"},{"r":"106","t":"18:33:47","h":"Est","s":"25N-H56N000A-80-A"},{"r":"106","t":"18:33:47","h":"Est","s":"25N-H56NV10A-80-A"},{"r":"106","t":"18:33:47","h":"Est","s":"25N-H56NV20A-80-A"},{"r":"106","t":"18:33:47","h":"Est","s":"25S-H56S000A-80-A"},{"r":"106","t":"18:49:47","h":"Est","s":"25N-H56N000I-80-I"},{"r":"106","t":"18:49:47","h":"Est","s":"25N-H56N000S-80-S"},{"r":"106","t":"18:49:47","h":"Est","s":"25N-H56N100F-80-F1"},{"r":"106","t":"18:49:47","h":"Est","s":"25N-H56N200F-80-F2"},{"r":"106","t":"18:49:47","h":"Est","s":"25N-H56N300F-80-F3"},{"r":"106","t":"18:49:47","h":"Est","s":"25N-H56N400F-80-F4"},{"r":"106","t":"18:49:47","h":"Est","s":"25N-H56NV10I-80-I"},{"r":"106","t":"18:49:47","h":"Est","s":"25N-H56NV10S-80-S"},{"r":"106","t":"18:49:47","h":"Est","s":"25N-H56NV20I-80-I"},{"r":"106","t":"18:49:47","h":"Est","s":"25N-H56NV20S-80-S"},{"r":"106","t":"18:49:47","h":"Est","s":"25S-H56S000I-80-I"},{"r":"106","t":"18:49:47","h":"Est","s":"25S-H56S000S-80-S"},{"r":"106","t":"18:49:47","h":"Est","s":"25S-H56S100F-80-F1"},{"r":"106","t":"18:49:47","h":"Est","s":"25S-H56S200F-81-F2"},{"r":"106","t":"18:54:47","h":"Est","s":"25N-H56N000A-80-A"},{"r":"106","t":"18:54:47","h":"Est","s":"25N-H56NV10A-80-A"},{"r":"106","t":"18:54:47","h":"Est","s":"25N-H56NV20A-80-A"},{"r":"106","t":"18:54:47","h":"Est","s":"25S-H56S000A-80-A"},{"r":"106","t":"19:12:47","h":"Est","s":"25N-H56N000I-80-I"},{"r":"106","t":"19:12:47","h":"Est","s":"25N-H56N100F-80-F1"},{"r":"106","t":"19:12:47","h":"Est","s":"25N-H56N200F-80-F2"},{"r":"106","t":"19:12:47","h":"Est","s":"25N-H56N300F-80-F3"},{"r":"106","t":"19:12:47","h":"Est","s":"25N-H56N400F-80-F4"},{"r":"106","t":"19:12:47","h":"Est","s":"25N-H56NV10I-80-I"},{"r":"106","t":"19:12:47","h":"Est","s":"25N-H56NV20I-80-I"},{"r":"106","t":"19:12:47","h":"Est","s":"25S-H56S000I-80-I"},{"r":"106","t":"19:12:47","h":"Est","s":"25S-H56S100F-80-F1"},{"r":"106","t":"19:12:47","h":"Est","s":"25S-H56S200F-81-F2"},{"r":"106","t":"19:14:47","h":"Est","s":"25N-H56N000A-80-A"},{"r":"106","t":"19:14:47","h":"Est","s":"25N-H56NV10A-80-A"},{"r":"106","t":"19:14:47","h":"Est","s":"25N-H56NV20A-80-A"},{"r":"106","t":"19:14:47","h":"Est","s":"25S-H56S000A-80-A"},{"r":"106","t":"19:15:47","h":"Est","s":"25N-H56N000S-80-S"},{"r":"106","t":"19:15:47","h":"Est","s":"25N-H56NV10S-80-S"},{"r":"106","t":"19:15:47","h":"Est","s":"25N-H56NV20S-80-S"},{"r":"106","t":"19:15:47","h":"Est","s":"25S-H56S000S-80-S"},{"r":"106","t":"19:36:47","h":"Est","s":"25N-H56N000A-80-A"},{"r":"106","t":"19:36:47","h":"Est","s":"25N-H56NV10A-80-A"},{"r":"106","t":"19:36:47","h":"Est","s":"25N-H56NV20A-80-A"},{"r":"106","t":"19:36:47","h":"Est","s":"25S-H56S000A-80-A"},{"r":"106","t":"19:38:47","h":"Est","s":"25N-H56N000I-80-I"},{"r":"106","t":"19:38:47","h":"Est","s":"25N-H56N100F-80-F1"},{"r":"106","t":"19:38:47","h":"Est","s":"25N-H56N200F-80-F2"},{"r":"106","t":"19:38:47","h":"Est","s":"25N-H56N300F-80-F3"},{"r":"106","t":"19:38:47","h":"Est","s":"25N-H56N400F-80-F4"},{"r":"106","t":"19:38:47","h":"Est","s":"25N-H56NV10I-80-I"},{"r":"106","t":"19:38:47","h":"Est","s":"25N-H56NV20I-80-I"},{"r":"106","t":"19:38:47","h":"Est","s":"25S-H56S000I-80-I"},{"r":"106","t":"19:38:47","h":"Est","s":"25S-H56S100F-80-F1"},{"r":"106","t":"19:38:47","h":"Est","s":"25S-H56S200F-81-F2"},{"r":"106","t":"19:43:04","h":"Est","s":"25N-H56N000S-80-S"},{"r":"106","t":"19:43:04","h":"Est","s":"25N-H56NV10S-80-S"},{"r":"106","t":"19:43:04","h":"Est","s":"25N-H56NV20S-80-S"},{"r":"106","t":"19:43:04","h":"Est","s":"25S-H56S000S-80-S"},{"r":"106","t":"19:57:47","h":"Est","s":"25N-H56N000A-80-A"},{"r":"106","t":"19:57:47","h":"Est","s":"25N-H56NV10A-80-A"},{"r":"106","t":"19:57:47","h":"Est","s":"25N-H56NV20A-80-A"},{"r":"106","t":"19:57:47","h":"Est","s":"25S-H56S000A-80-A"},{"r":"106","t":"20:07:47","h":"Est","s":"25N-H56N000I-80-I"},{"r":"106","t":"20:07:47","h":"Est","s":"25N-H56N100F-80-F1"},{"r":"106","t":"20:07:47","h":"Est","s":"25N-H56N200F-80-F2"},{"r":"106","t":"20:07:47","h":"Est","s":"25N-H56N300F-80-F3"},{"r":"106","t":"20:07:47","h":"Est","s":"25N-H56N400F-80-F4"},{"r":"106","t":"20:07:47","h":"Est","s":"25N-H56NV10I-80-I"},{"r":"106","t":"20:07:47","h":"Est","s":"25N-H56NV20I-80-I"},{"r":"106","t":"20:07:47","h":"Est","s":"25S-H56S000I-80-I"},{"r":"106","t":"20:07:47","h":"Est","s":"25S-H56S100F-80-F1"},{"r":"106","t":"20:07:47","h":"Est","s":"25S-H56S200F-81-F2"},{"r":"106","t":"20:12:04","h":"Est","s":"25N-H56N000S-80-S"},{"r":"106","t":"20:12:04","h":"Est","s":"25N-H56NV10S-80-S"},{"r":"106","t":"20:12:04","h":"Est","s":"25N-H56NV20S-80-S"},{"r":"106","t":"20:12:04","h":"Est","s":"25S-H56S000S-80-S"},{"r":"106","t":"20:17:47","h":"Est","s":"25N-H56N000A-80-A"},{"r":"106","t":"20:17:47","h":"Est","s":"25N-H56NV10A-80-A"},{"r":"106","t":"20:17:47","h":"Est","s":"25N-H56NV20A-80-A"},{"r":"106","t":"20:17:47","h":"Est","s":"25S-H56S000A-80-A"},{"r":"106","t":"20:35:04","h":"Est","s":"25N-H56N000I-80-I"},{"r":"106","t":"20:35:04","h":"Est","s":"25N-H56N100F-80-F1"},{"r":"106","t":"20:35:04","h":"Est","s":"25N-H56N200F-80-F2"},{"r":"106","t":"20:35:04","h":"Est","s":"25N-H56N300F-80-F3"},{"r":"106","t":"20:35:04","h":"Est","s":"25N-H56N400F-80-F4"},{"r":"106","t":"20:35:04","h":"Est","s":"25N-H56NV10I-80-I"},{"r":"106","t":"20:35:04","h":"Est","s":"25N-H56NV20I-80-I"},{"r":"106","t":"20:35:04","h":"Est","s":"25S-H56S000I-80-I"},{"r":"106","t":"20:35:04","h":"Est","s":"25S-H56S100F-80-F1"},{"r":"106","t":"20:35:04","h":"Est","s":"25S-H56S200F-81-F2"},{"r":"106","t":"20:38:47","h":"Est","s":"25N-H56N000A-80-A"},{"r":"106","t":"20:38:47","h":"Est","s":"25N-H56NV10A-80-A"},{"r":"106","t":"20:38:47","h":"Est","s":"25N-H56NV20A-80-A"},{"r":"106","t":"20:38:47","h":"Est","s":"25S-H56S000A-80-A"},{"r":"106","t":"20:41:04","h":"Est","s":"25N-H56N000S-80-S"},{"r":"106","t":"20:41:04","h":"Est","s":"25N-H56NV10S-80-S"},{"r":"106","t":"20:41:04","h":"Est","s":"25N-H56NV20S-80-S"},{"r":"106","t":"20:41:04","h":"Est","s":"25S-H56S000S-80-S"},{"r":"106","t":"21:02:47","h":"Est","s":"25N-H56N000A-80-A"},{"r":"106","t":"21:02:47","h":"Est","s":"25N-H56NV10A-80-A"},{"r":"106","t":"21:02:47","h":"Est","s":"25N-H56NV20A-80-A"},{"r":"106","t":"21:02:47","h":"Est","s":"25S-H56S000A-80-A"},{"r":"106","t":"21:04:04","h":"Est","s":"25N-H56N000I-80-I"},{"r":"106","t":"21:04:04","h":"Est","s":"25N-H56N100F-80-F1"},{"r":"106","t":"21:04:04","h":"Est","s":"25N-H56N200F-80-F2"},{"r":"106","t":"21:04:04","h":"Est","s":"25N-H56N300F-80-F3"},{"r":"106","t":"21:04:04","h":"Est","s":"25N-H56N400F-80-F4"},{"r":"106","t":"21:04:04","h":"Est","s":"25N-H56NV10I-80-I"},{"r":"106","t":"21:04:04","h":"Est","s":"25N-H56NV20I-80-I"},{"r":"106","t":"21:04:04","h":"Est","s":"25S-H56S000I-80-I"},{"r":"106","t":"21:04:04","h":"Est","s":"25S-H56S100F-80-F1"},{"r":"106","t":"21:04:04","h":"Est","s":"25S-H56S200F-81-F2"},{"r":"106","t":"21:11:04","h":"Est","s":"25N-H56N000S-80-S"},{"r":"106","t":"21:11:04","h":"Est","s":"25N-H56NV10S-80-S"},{"r":"106","t":"21:11:04","h":"Est","s":"25N-H56NV20S-80-S"},{"r":"106","t":"21:11:04","h":"Est","s":"25S-H56S000S-80-S"},{"r":"106","t":"21:33:04","h":"Est","s":"25N-H56N000A-80-A"},{"r":"106","t":"21:33:04","h":"Est","s":"25N-H56N000I-80-I"},{"r":"106","t":"21:33:04","h":"Est","s":"25N-H56N100F-80-F1"},{"r":"106","t":"21:33:04","h":"Est","s":"25N-H56N200F-80-F2"},{"r":"106","t":"21:33:04","h":"Est","s":"25N-H56N300F-80-F3"},{"r":"106","t":"21:33:04","h":"Est","s":"25N-H56N400F-80-F4"},{"r":"106","t":"21:33:04","h":"Est","s":"25N-H56NV10A-80-A"},{"r":"106","t":"21:33:04","h":"Est","s":"25N-H56NV10I-80-I"},{"r":"106","t":"21:33:04","h":"Est","s":"25N-H56NV20A-80-A"},{"r":"106","t":"21:33:04","h":"Est","s":"25N-H56NV20I-80-I"},{"r":"106","t":"21:33:04","h":"Est","s":"25S-H56S000A-80-A"},{"r":"106","t":"21:33:04","h":"Est","s":"25S-H56S000I-80-I"},{"r":"106","t":"21:33:04","h":"Est","s":"25S-H56S100F-80-F1"},{"r":"106","t":"21:33:04","h":"Est","s":"25S-H56S200F-81-F2"},{"r":"106","t":"21:41:04","h":"Est","s":"25N-H56N000S-80-S"},{"r":"106","t":"21:41:04","h":"Est","s":"25N-H56NV10S-80-S"},{"r":"106","t":"21:41:04","h":"Est","s":"25N-H56NV20S-80-S"},{"r":"106","t":"21:41:04","h":"Est","s":"25S-H56S000S-80-S"},{"r":"106","t":"22:02:04","h":"Est","s":"25N-H56N000I-80-I"},{"r":"106","t":"22:02:04","h":"Est","s":"25N-H56N100F-80-F1"},{"r":"106","t":"22:02:04","h":"Est","s":"25N-H56N200F-80-F2"},{"r":"106","t":"22:02:04","h":"Est","s":"25N-H56N300F-80-F3"},{"r":"106","t":"22:02:04","h":"Est","s":"25N-H56N400F-80-F4"},{"r":"106","t":"22:02:04","h":"Est","s":"25N-H56NV10I-80-I"},{"r":"106","t":"22:02:04","h":"Est","s":"25N-H56NV20I-80-I"},{"r":"106","t":"22:02:04","h":"Est","s":"25S-H56S000I-80-I"},{"r":"106","t":"22:02:04","h":"Est","s":"25S-H56S100F-80-F1"},{"r":"106","t":"22:02:04","h":"Est","s":"25S-H56S200F-81-F2"},{"r":"106","t":"22:05:04","h":"Est","s":"25N-H56N000A-80-A"},{"r":"106","t":"22:05:04","h":"Est","s":"25N-H56NV10A-80-A"},{"r":"106","t":"22:05:04","h":"Est","s":"25N-H56NV20A-80-A"},{"r":"106","t":"22:05:04","h":"Est","s":"25S-H56S000A-80-A"},{"r":"106","t":"22:12:04","h":"Est","s":"25N-H56N000S-80-S"},{"r":"106","t":"22:12:04","h":"Est","s":"25N-H56NV10S-80-S"},{"r":"106","t":"22:12:04","h":"Est","s":"25N-H56NV20S-80-S"},{"r":"106","t":"22:12:04","h":"Est","s":"25S-H56S000S-80-S"},{"r":"106","t":"22:31:20","h":"Est","s":"25N-H56N000I-80-I"},{"r":"106","t":"22:31:20","h":"Est","s":"25N-H56N100F-80-F1"},{"r":"106","t":"22:31:20","h":"Est","s":"25N-H56N200F-80-F2"},{"r":"106","t":"22:31:20","h":"Est","s":"25N-H56N300F-80-F3"},{"r":"106","t":"22:31:20","h":"Est","s":"25N-H56N400F-80-F4"},{"r":"106","t":"22:31:20","h":"Est","s":"25N-H56NV10I-80-I"},{"r":"106","t":"22:31:20","h":"Est","s":"25N-H56NV20I-80-I"},{"r":"106","t":"22:31:20","h":"Est","s":"25S-H56S000I-80-I"},{"r":"106","t":"22:31:20","h":"Est","s":"25S-H56S100F-80-F1"},{"r":"106","t":"22:31:20","h":"Est","s":"25S-H56S200F-81-F2"},{"r":"106","t":"22:37:04","h":"Est","s":"25N-H56N000A-80-A"},{"r":"106","t":"22:37:04","h":"Est","s":"25N-H56NV10A-80-A"},{"r":"106","t":"22:37:04","h":"Est","s":"25N-H56NV20A-80-A"},{"r":"106","t":"22:37:04","h":"Est","s":"25S-H56S000A-80-A"},{"r":"106","t":"22:41:37","h":"Est","s":"25N-H56N000S-80-S"},{"r":"106","t":"22:41:37","h":"Est","s":"25N-H56NV10S-80-S"},{"r":"106","t":"22:41:37","h":"Est","s":"25N-H56NV20S-80-S"},{"r":"106","t":"22:41:37","h":"Est","s":"25S-H56S000S-80-S"},{"r":"106","t":"22:59:20","h":"Est","s":"25N-H56N000I-80-I"},{"r":"106","t":"22:59:20","h":"Est","s":"25N-H56N100F-80-F1"},{"r":"106","t":"22:59:20","h":"Est","s":"25N-H56N200F-80-F2"},{"r":"106","t":"22:59:20","h":"Est","s":"25N-H56N300F-80-F3"},{"r":"106","t":"22:59:20","h":"Est","s":"25N-H56N400F-80-F4"},{"r":"106","t":"22:59:20","h":"Est","s":"25N-H56NV10I-80-I"},{"r":"106","t":"22:59:20","h":"Est","s":"25N-H56NV20I-80-I"},{"r":"106","t":"22:59:20","h":"Est","s":"25S-H56S000I-80-I"},{"r":"106","t":"22:59:20","h":"Est","s":"25S-H56S100F-80-F1"},{"r":"106","t":"22:59:20","h":"Est","s":"25S-H56S200F-81-F2"},{"r":"106","t":"23:06:20","h":"Est","s":"25N-H56N000A-80-A"},{"r":"106","t":"23:06:20","h":"Est","s":"25N-H56NV10A-80-A"},{"r":"106","t":"23:06:20","h":"Est","s":"25N-H56NV20A-80-A"},{"r":"106","t":"23:06:20","h":"Est","s":"25S-H56S000A-80-A"},{"r":"106","t":"23:13:37","h":"Est","s":"25N-H56N000S-80-S"},{"r":"106","t":"23:13:37","h":"Est","s":"25N-H56NV10S-80-S"},{"r":"106","t":"23:13:37","h":"Est","s":"25N-H56NV20S-80-S"},{"r":"106","t":"23:13:37","h":"Est","s":"25S-H56S000S-80-S"},{"r":"106","t":"23:27:20","h":"Est","s":"25N-H56N000I-80-I"},{"r":"106","t":"23:27:20","h":"Est","s":"25N-H56N100F-80-F1"},{"r":"106","t":"23:27:20","h":"Est","s":"25N-H56N200F-80-F2"},{"r":"106","t":"23:27:20","h":"Est","s":"25N-H56N300F-80-F3"},{"r":"106","t":"23:27:20","h":"Est","s":"25N-H56N400F-80-F4"},{"r":"106","t":"23:27:20","h":"Est","s":"25N-H56NV10I-80-I"},{"r":"106","t":"23:27:20","h":"Est","s":"25N-H56NV20I-80-I"},{"r":"106","t":"23:27:20","h":"Est","s":"25S-H56S000I-80-I"},{"r":"106","t":"23:27:20","h":"Est","s":"25S-H56S100F-80-F1"},{"r":"106","t":"23:27:20","h":"Est","s":"25S-H56S200F-81-F2"},{"r":"106","t":"23:37:20","h":"Est","s":"25N-H56N000A-80-A"},{"r":"106","t":"23:37:20","h":"Est","s":"25N-H56NV10A-80-A"},{"r":"106","t":"23:37:20","h":"Est","s":"25N-H56NV20A-80-A"},{"r":"106","t":"23:37:20","h":"Est","s":"25S-H56S000A-80-A"},{"r":"106","t":"23:45:37","h":"Est","s":"25N-H56N000S-80-S"},{"r":"106","t":"23:45:37","h":"Est","s":"25N-H56NV10S-80-S"},{"r":"106","t":"23:45:37","h":"Est","s":"25N-H56NV20S-80-S"},{"r":"106","t":"23:45:37","h":"Est","s":"25S-H56S000S-80-S"},{"r":"106","t":"23:54:37","h":"Est","s":"25N-H56N000I-80-I"},{"r":"106","t":"23:54:37","h":"Est","s":"25N-H56N100F-80-F1"},{"r":"106","t":"23:54:37","h":"Est","s":"25N-H56N200F-80-F2"},{"r":"106","t":"23:54:37","h":"Est","s":"25N-H56N300F-80-F3"},{"r":"106","t":"23:54:37","h":"Est","s":"25N-H56N400F-80-F4"},{"r":"106","t":"23:54:37","h":"Est","s":"25N-H56NV10I-80-I"},{"r":"106","t":"23:54:37","h":"Est","s":"25N-H56NV20I-80-I"},{"r":"106","t":"23:54:37","h":"Est","s":"25S-H56S000I-80-I"},{"r":"106","t":"23:54:37","h":"Est","s":"25S-H56S100F-80-F1"},{"r":"106","t":"23:54:37","h":"Est","s":"25S-H56S200F-81-F2"},{"r":"106","t":"24:08:20","h":"Est","s":"25N-H56N000A-80-A"},{"r":"106","t":"24:08:20","h":"Est","s":"25N-H56NV10A-80-A"},{"r":"106","t":"24:08:20","h":"Est","s":"25N-H56NV20A-80-A"},{"r":"106","t":"24:08:20","h":"Est","s":"25S-H56S000A-80-A"},{"r":"106","t":"24:16:37","h":"Est","s":"25N-H56N000S-80-S"},{"r":"106","t":"24:16:37","h":"Est","s":"25N-H56NV10S-80-S"},{"r":"106","t":"24:16:37","h":"Est","s":"25N-H56NV20S-80-S"},{"r":"106","t":"24:16:37","h":"Est","s":"25S-H56S000S-80-S"},{"r":"106","t":"24:21:37","h":"Est","s":"25N-H56N000I-80-I"},{"r":"106","t":"24:21:37","h":"Est","s":"25N-H56N100F-80-F1"},{"r":"106","t":"24:21:37","h":"Est","s":"25N-H56N200F-80-F2"},{"r":"106","t":"24:21:37","h":"Est","s":"25N-H56N300F-80-F3"},{"r":"106","t":"24:21:37","h":"Est","s":"25N-H56N400F-80-F4"},{"r":"106","t":"24:21:37","h":"Est","s":"25N-H56NV10I-80-I"},{"r":"106","t":"24:21:37","h":"Est","s":"25N-H56NV20I-80-I"},{"r":"106","t":"24:21:37","h":"Est","s":"25S-H56S000I-80-I"},{"r":"106","t":"24:21:37","h":"Est","s":"25S-H56S100F-80-F1"},{"r":"106","t":"24:21:37","h":"Est","s":"25S-H56S200F-81-F2"},{"r":"106","t":"24:37:20","h":"Est","s":"25N-H56N000A-80-A"},{"r":"106","t":"24:37:20","h":"Est","s":"25N-H56NV10A-80-A"},{"r":"106","t":"24:37:20","h":"Est","s":"25N-H56NV20A-80-A"},{"r":"106","t":"24:37:20","h":"Est","s":"25S-H56S000A-80-A"},{"r":"106","t":"24:47:37","h":"Est","s":"25N-H56N000S-80-S"},{"r":"106","t":"24:47:37","h":"Est","s":"25N-H56NV10S-80-S"},{"r":"106","t":"24:47:37","h":"Est","s":"25N-H56NV20S-80-S"},{"r":"106","t":"24:47:37","h":"Est","s":"25S-H56S000S-80-S"},{"r":"106","t":"24:48:37","h":"Est","s":"25N-H56N000I-80-I"},{"r":"106","t":"24:48:37","h":"Est","s":"25N-H56N100F-80-F1"},{"r":"106","t":"24:48:37","h":"Est","s":"25N-H56N200F-80-F2"},{"r":"106","t":"24:48:37","h":"Est","s":"25N-H56N300F-80-F3"},{"r":"106","t":"24:48:37","h":"Est","s":"25N-H56N400F-80-F4"},{"r":"106","t":"24:48:37","h":"Est","s":"25N-H56NV10I-80-I"},{"r":"106","t":"24:48:37","h":"Est","s":"25N-H56NV20I-80-I"},{"r":"106","t":"24:48:37","h":"Est","s":"25S-H56S000I-80-I"},{"r":"106","t":"24:48:37","h":"Est","s":"25S-H56S100F-80-F1"},{"r":"106","t":"24:48:37","h":"Est","s":"25S-H56S200F-81-F2"},{"r":"106","t":"25:06:20","h":"Est","s":"25N-H56N000A-80-A"},{"r":"106","t":"25:06:20","h":"Est","s":"25N-H56NV10A-80-A"},{"r":"106","t":"25:06:20","h":"Est","s":"25N-H56NV20A-80-A"},{"r":"106","t":"25:06:20","h":"Est","s":"25S-H56S000A-80-A"},{"r":"106","t":"25:15:37","h":"Est","s":"25N-H56N000I-80-I"},{"r":"106","t":"25:15:37","h":"Est","s":"25N-H56N100F-80-F1"},{"r":"106","t":"25:15:37","h":"Est","s":"25N-H56N200F-80-F2"},{"r":"106","t":"25:15:37","h":"Est","s":"25N-H56N300F-80-F3"},{"r":"106","t":"25:15:37","h":"Est","s":"25N-H56N400F-80-F4"},{"r":"106","t":"25:15:37","h":"Est","s":"25N-H56NV10I-80-I"},{"r":"106","t":"25:15:37","h":"Est","s":"25N-H56NV20I-80-I"},{"r":"106","t":"25:15:37","h":"Est","s":"25S-H56S000I-80-I"},{"r":"106","t":"25:15:37","h":"Est","s":"25S-H56S100F-80-F1"},{"r":"106","t":"25:15:37","h":"Est","s":"25S-H56S200F-81-F2"},{"r":"350","t":"25:16:25","h":"Est","s":"25N-H56N000S-80-S"},{"r":"350","t":"25:16:25","h":"Est","s":"25N-H56NV10S-80-S"},{"r":"350","t":"25:16:25","h":"Est","s":"25N-H56NV20S-80-S"},{"r":"350","t":"25:16:25","h":"Est","s":"25S-H56S000S-80-S"},{"r":"350","t":"25:17:10","h":"Est","s":"25N-H56N000A-80-A"},{"r":"350","t":"25:17:10","h":"Est","s":"25N-H56N000I-80-I"},{"r":"350","t":"25:17:10","h":"Est","s":"25N-H56N100F-80-F1"},{"r":"350","t":"25:17:10","h":"Est","s":"25N-H56N200F-80-F2"},{"r":"350","t":"25:17:10","h":"Est","s":"25N-H56N300F-80-F3"},{"r":"350","t":"25:17:10","h":"Est","s":"25N-H56N400F-80-F4"},{"r":"350","t":"25:17:10","h":"Est","s":"25N-H56NV10A-80-A"},{"r":"350","t":"25:17:10","h":"Est","s":"25N-H56NV10I-80-I"},{"r":"350","t":"25:17:10","h":"Est","s":"25N-H56NV20A-80-A"},{"r":"350","t":"25:17:10","h":"Est","s":"25N-H56NV20I-80-I"},{"r":"350","t":"25:17:10","h":"Est","s":"25S-H56S000A-80-A"},{"r":"350","t":"25:17:10","h":"Est","s":"25S-H56S000I-80-I"},{"r":"350","t":"25:17:10","h":"Est","s":"25S-H56S100F-80-F1"},{"r":"350","t":"25:17:10","h":"Est","s":"25S-H56S200F-81-F2"},{"r":"106","t":"25:19:37","h":"Est","s":"25N-H56N000S-80-S"},{"r":"106","t":"25:19:37","h":"Est","s":"25N-H56NV10S-80-S"},{"r":"106","t":"25:19:37","h":"Est","s":"25N-H56NV20S-80-S"},{"r":"106","t":"25:19:37","h":"Est","s":"25S-H56S000S-80-S"},{"r":"106","t":"25:35:20","h":"Est","s":"25N-H56N000A-80-A"},{"r":"106","t":"25:35:20","h":"Est","s":"25N-H56NV10A-80-A"},{"r":"106","t":"25:35:20","h":"Est","s":"25N-H56NV20A-80-A"},{"r":"106","t":"25:35:20","h":"Est","s":"25S-H56S000A-80-A"},{"r":"350","t":"26:03:25","h":"Est","s":"25N-H56N000S-80-S"},{"r":"350","t":"26:03:25","h":"Est","s":"25N-H56NV10S-80-S"},{"r":"350","t":"26:03:25","h":"Est","s":"25N-H56NV20S-80-S"},{"r":"350","t":"26:03:25","h":"Est","s":"25S-H56S000S-80-S"},{"r":"350","t":"26:05:25","h":"Est","s":"25N-H56N000I-80-I"},{"r":"350","t":"26:05:25","h":"Est","s":"25N-H56N100F-80-F1"},{"r":"350","t":"26:05:25","h":"Est","s":"25N-H56N200F-80-F2"},{"r":"350","t":"26:05:25","h":"Est","s":"25N-H56N300F-80-F3"},{"r":"350","t":"26:05:25","h":"Est","s":"25N-H56N400F-80-F4"},{"r":"350","t":"26:05:25","h":"Est","s":"25N-H56NV10I-80-I"},{"r":"350","t":"26:05:25","h":"Est","s":"25N-H56NV20I-80-I"},{"r":"350","t":"26:05:25","h":"Est","s":"25S-H56S000I-80-I"},{"r":"350","t":"26:05:25","h":"Est","s":"25S-H56S100F-80-F1"},{"r":"350","t":"26:05:25","h":"Est","s":"25S-H56S200F-81-F2"},{"r":"350","t":"26:10:10","h":"Est","s":"25N-H56N000A-80-A"},{"r":"350","t":"26:10:10","h":"Est","s":"25N-H56NV10A-80-A"},{"r":"350","t":"26:10:10","h":"Est","s":"25N-H56NV20A-80-A"},{"r":"350","t":"26:10:10","h":"Est","s":"25S-H56S000A-80-A"},{"r":"350","t":"26:51:25","h":"Est","s":"25N-H56N000S-80-S"},{"r":"350","t":"26:51:25","h":"Est","s":"25N-H56NV10S-80-S"},{"r":"350","t":"26:51:25","h":"Est","s":"25N-H56NV20S-80-S"},{"r":"350","t":"26:51:25","h":"Est","s":"25S-H56S000S-80-S"},{"r":"350","t":"26:52:25","h":"Est","s":"25N-H56N000I-80-I"},{"r":"350","t":"26:52:25","h":"Est","s":"25N-H56N100F-80-F1"},{"r":"350","t":"26:52:25","h":"Est","s":"25N-H56N200F-80-F2"},{"r":"350","t":"26:52:25","h":"Est","s":"25N-H56N300F-80-F3"},{"r":"350","t":"26:52:25","h":"Est","s":"25N-H56N400F-80-F4"},{"r":"350","t":"26:52:25","h":"Est","s":"25N-H56NV10I-80-I"},{"r":"350","t":"26:52:25","h":"Est","s":"25N-H56NV20I-80-I"},{"r":"350","t":"26:52:25","h":"Est","s":"25S-H56S000I-80-I"},{"r":"350","t":"26:52:25","h":"Est","s":"25S-H56S100F-80-F1"},{"r":"350","t":"26:52:25","h":"Est","s":"25S-H56S200F-81-F2"},{"r":"350","t":"27:03:10","h":"Est","s":"25N-H56N000A-80-A"},{"r":"350","t":"27:03:10","h":"Est","s":"25N-H56NV10A-80-A"},{"r":"350","t":"27:03:10","h":"Est","s":"25N-H56NV20A-80-A"},{"r":"350","t":"27:03:10","h":"Est","s":"25S-H56S000A-80-A"},{"r":"350","t":"27:36:25","h":"Est","s":"25N-H56N000I-80-I"},{"r":"350","t":"27:36:25","h":"Est","s":"25N-H56N000S-80-S"},{"r":"350","t":"27:36:25","h":"Est","s":"25N-H56N100F-80-F1"},{"r":"350","t":"27:36:25","h":"Est","s":"25N-H56N200F-80-F2"},{"r":"350","t":"27:36:25","h":"Est","s":"25N-H56N300F-80-F3"},{"r":"350","t":"27:36:25","h":"Est","s":"25N-H56N400F-80-F4"},{"r":"350","t":"27:36:25","h":"Est","s":"25N-H56NV10I-80-I"},{"r":"350","t":"27:36:25","h":"Est","s":"25N-H56NV10S-80-S"},{"r":"350","t":"27:36:25","h":"Est","s":"25N-H56NV20I-80-I"},{"r":"350","t":"27:36:25","h":"Est","s":"25N-H56NV20S-80-S"},{"r":"350","t":"27:36:25","h":"Est","s":"25S-H56S000I-80-I"},{"r":"350","t":"27:36:25","h":"Est","s":"25S-H56S000S-80-S"},{"r":"350","t":"27:36:25","h":"Est","s":"25S-H56S100F-80-F1"},{"r":"350","t":"27:36:25","h":"Est","s":"25S-H56S200F-81-F2"},{"r":"350","t":"27:48:10","h":"Est","s":"25N-H56N000A-80-A"},{"r":"350","t":"27:48:10","h":"Est","s":"25N-H56NV10A-80-A"},{"r":"350","t":"27:48:10","h":"Est","s":"25N-H56NV20A-80-A"},{"r":"350","t":"27:48:10","h":"Est","s":"25S-H56S000A-80-A"},{"r":"350","t":"28:23:25","h":"Est","s":"25N-H56N000I-80-I"},{"r":"350","t":"28:23:25","h":"Est","s":"25N-H56N100F-80-F1"},{"r":"350","t":"28:23:25","h":"Est","s":"25N-H56N200F-80-F2"},{"r":"350","t":"28:23:25","h":"Est","s":"25N-H56N300F-80-F3"},{"r":"350","t":"28:23:25","h":"Est","s":"25N-H56N400F-80-F4"},{"r":"350","t":"28:23:25","h":"Est","s":"25N-H56NV10I-80-I"},{"r":"350","t":"28:23:25","h":"Est","s":"25N-H56NV20I-80-I"},{"r":"350","t":"28:23:25","h":"Est","s":"25S-H56S000I-80-I"},{"r":"350","t":"28:23:25","h":"Est","s":"25S-H56S100F-80-F1"},{"r":"350","t":"28:23:25","h":"Est","s":"25S-H56S200F-81-F2"},{"r":"350","t":"28:24:25","h":"Est","s":"25N-H56N000S-80-S"},{"r":"350","t":"28:24:25","h":"Est","s":"25N-H56NV10S-80-S"},{"r":"350","t":"28:24:25","h":"Est","s":"25N-H56NV20S-80-S"},{"r":"350","t":"28:24:25","h":"Est","s":"25S-H56S000S-80-S"},{"r":"350","t":"28:32:10","h":"Est","s":"25N-H56N000A-80-A"},{"r":"350","t":"28:32:10","h":"Est","s":"25N-H56NV10A-80-A"},{"r":"350","t":"28:32:10","h":"Est","s":"25N-H56NV20A-80-A"},{"r":"350","t":"28:32:10","h":"Est","s":"25S-H56S000A-80-A"}]