[{"r":"112","t":"05:20:00","h":"Est","s":"25N-H56N000A-80-A"},{"r":"112","t":"05:20:00","h":"Est","s":"25N-H56NV10A-80-A"},{"r":"112","t":"05:20:00","h":"Est","s":"25N-H56NV20A-80-A"},{"r":"112","t":"05:20:00","h":"Est","s":"25S-H56S000A-80-A"},{"r":"112","t":"05:21:00","h":"Est","s":"25N-H56N000I-80-I"},{"r":"112","t":"05:21:00","h":"Est","s":"25N-H56N000S-80-S"},{"r":"112","t":"05:21:00","h":"Est","s":"25N-H56N100F-80-F1"},{"r":"112","t":"05:21:00","h":"Est","s":"25N-H56N200F-80-F2"},{"r":"112","t":"05:21:00","h":"Est","s":"25N-H56N300F-80-F3"},{"r":"112","t":"05:21:00","h":"Est","s":"25N-H56N400F-80-F4"},{"r":"112","t":"05:21:00","h":"Est","s":"25N-H56NV10I-80-I"},{"r":"112","t":"05:21:00","h":"Est","s":"25N-H56NV10S-80-S"},{"r":"112","t":"05:21:00","h":"Est","s":"25N-H56NV20I-80-I"},{"r":"112","t":"05:21:00","h":"Est","s":"25N-H56NV20S-80-S"},{"r":"112","t":"05:21:00","h":"Est","s":"25S-H56S000I-80-I"},{"r":"112","t":"05:21:00","h":"Est","s":"25S-H56S000S-80-S"},{"r":"112","t":"05:21:00","h":"Est","s":"25S-H56S100F-80-F1"},{"r":"112","t":"05:21:00","h":"Est","s":"25S-H56S200F-81-F2"},{"r":"112","t":"05:44:00","h":"Est","s":"25N-H56N000S-80-S"},{"r":"112","t":"05:44:00","h":"Est","s":"25N-H56NV10S-80-S"},{"r":"112","t":"05:44:00","h":"Est","s":"25N-H56NV20S-80-S"},{"r":"112","t":"05:44:00","h":"Est","s":"25S-H56S000S-80-S"},{"r":"112","t":"05:51:00","h":"Est","s":"25N-H56N000A-80-A"},{"r":"112","t":"05:51:00","h":"Est","s":"25N-H56NV10A-80-A"},{"r":"112","t":"05:51:00","h":"Est","s":"25N-H56NV20A-80-A"},{"r":"112","t":"05:51:00","h":"Est","s":"25S-H56S000A-80-A"},{"r":"112","t":"05:52:00","h":"Est","s":"25N-H56N000I-80-I"},{"r":"112","t":"05:52:00","h":"Est","s":"25N-H56N100F-80-F1"},{"r":"112","t":"05:52:00","h":"Est","s":"25N-H56N200F-80-F2"},{"r":"112","t":"05:52:00","h":"Est","s":"25N-H56N300F-80-F3"},{"r":"112","t":"05:52:00","h":"Est","s":"25N-H56N400F-80-F4"},{"r":"112","t":"05:52:00","h":"Est","s":"25N-H56NV10I-80-I"},{"r":"112","t":"05:52:00","h":"Est","s":"25N-H56NV20I-80-I"},{"r":"112","t":"05:52:00","h":"Est","s":"25S-H56S000I-80-I"},{"r":"112","t":"05:52:00","h":"Est","s":"25S-H56S100F-80-F1"},{"r":"112","t":"05:52:00","h":"Est","s":"25S-H56S200F-81-F2"},{"r":"112","t":"06:05:00","h":"Est","s":"25N-H56N000S-80-S"},{"r":"112","t":"06:05:00","h":"Est","s":"25N-H56NV10S-80-S"},{"r":"112","t":"06:05:00","h":"Est","s":"25N-H56NV20S-80-S"},{"r":"112","t":"06:05:00","h":"Est","s":"25S-H56S000S-80-S"},{"r":"112","t":"06:18:00","h":"Est","s":"25N-H56N000S-80-S"},{"r":"112","t":"06:18:00","h":"Est","s":"25N-H56NV10S-80-S"},{"r":"112","t":"06:18:00","h":"Est","s":"25N-H56NV20S-80-S"},{"r":"112","t":"06:18:00","h":"Est","s":"25S-H56S000S-80-S"},{"r":"112","t":"06:21:00","h":"Est","s":"25N-H56N000A-80-A"},{"r":"112","t":"06:21:00","h":"Est","s":"25N-H56NV10A-80-A"},{"r":"112","t":"06:21:00","h":"Est","s":"25N-H56NV20A-80-A"},{"r":"112","t":"06:21:00","h":"Est","s":"25S-H56S000A-80-A"},{"r":"112","t":"06:23:00","h":"Est","s":"25N-H56N000I-80-I"},{"r":"112","t":"06:23:00","h":"Est","s":"25N-H56N100F-80-F1"},{"r":"112","t":"06:23:00","h":"Est","s":"25N-H56N200F-80-F2"},{"r":"112","t":"06:23:00","h":"Est","s":"25N-H56N300F-80-F3"},{"r":"112","t":"06:23:00","h":"Est","s":"25N-H56N400F-80-F4"},{"r":"112","t":"06:23:00","h":"Est","s":"25N-H56NV10I-80-I"},{"r":"112","t":"06:23:00","h":"Est","s":"25N-H56NV20I-80-I"},{"r":"112","t":"06:23:00","h":"Est","s":"25S-H56S000I-80-I"},{"r":"112","t":"06:23:00","h":"Est","s":"25S-H56S100F-80-F1"},{"r":"112","t":"06:23:00","h":"Est","s":"25S-H56S200F-81-F2"},{"r":"112","t":"06:30:00","h":"Est","s":"25N-H56N000S-80-S"},{"r":"112","t":"06:30:00","h":"Est","s":"25N-H56NV10S-80-S"},{"r":"112","t":"06:30:00","h":"Est","s":"25N-H56NV20S-80-S"},{"r":"112","t":"06:30:00","h":"Est","s":"25S-H56S000S-80-S"},{"r":"112","t":"06:43:00","h":"Est","s":"25N-H56N000S-80-S"},{"r":"112","t":"06:43:00","h":"Est","s":"25N-H56NV10S-80-S"},{"r":"112","t":"06:43:00","h":"Est","s":"25N-H56NV20S-80-S"},{"r":"112","t":"06:43:00","h":"Est","s":"25S-H56S000S-80-S"},{"r":"112","t":"06:50:00","h":"Est","s":"25N-H56N000A-80-A"},{"r":"112","t":"06:50:00","h":"Est","s":"25N-H56NV10A-80-A"},{"r":"112","t":"06:50:00","h":"Est","s":"25N-H56NV20A-80-A"},{"r":"112","t":"06:50:00","h":"Est","s":"25S-H56S000A-80-A"},{"r":"112","t":"06:51:00","h":"Est","s":"25N-H56N000I-80-I"},{"r":"112","t":"06:51:00","h":"Est","s":"25N-H56N100F-80-F1"},{"r":"112","t":"06:51:00","h":"Est","s":"25N-H56N200F-80-F2"},{"r":"112","t":"06:51:00","h":"Est","s":"25N-H56N300F-80-F3"},{"r":"112","t":"06:51:00","h":"Est","s":"25N-H56N400F-80-F4"},{"r":"112","t":"06:51:00","h":"Est","s":"25N-H56NV10I-80-I"},{"r":"112","t":"06:51:00","h":"Est","s":"25N-H56NV20I-80-I"},{"r":"112","t":"06:51:00","h":"Est","s":"25S-H56S000I-80-I"},{"r":"112","t":"06:51:00","h":"Est","s":"25S-H56S100F-80-F1"},{"r":"112","t":"06:51:00","h":"Est","s":"25S-H56S200F-81-F2"},{"r":"112","t":"06:55:00","h":"Est","s":"25N-H56N000S-80-S"},{"r":"112","t":"06:55:00","h":"Est","s":"25N-H56NV10S-80-S"},{"r":"112","t":"06:55:00","h":"Est","s":"25N-H56NV20S-80-S"},{"r":"112","t":"06:55:00","h":"Est","s":"25S-H56S000S-80-S"},{"r":"112","t":"07:06:00","h":"Est","s":"25N-H56N000S-80-S"},{"r":"112","t":"07:06:00","h":"Est","s":"25N-H56NV10S-80-S"},{"r":"112","t":"07:06:00","h":"Est","s":"25N-H56NV20S-80-S"},{"r":"112","t":"07:06:00","h":"Est","s":"25S-H56S000S-80-S"},{"r":"112","t":"07:16:00","h":"Est","s":"25N-H56N000S-80-S"},{"r":"112","t":"07:16:00","h":"Est","s":"25N-H56NV10S-80-S"},{"r":"112","t":"07:16:00","h":"Est","s":"25N-H56NV20S-80-S"},{"r":"112","t":"07:16:00","h":"Est","s":"25S-H56S000S-80-S"},{"r":"112","t":"07:19:00","h":"Est","s":"25N-H56N000A-80-A"},{"r":"112","t":"07:19:00","h":"Est","s":"25N-H56NV10A-80-A"},{"r":"112","t":"07:19:00","h":"Est","s":"25N-H56NV20A-80-A"},{"r":"112","t":"07:19:00","h":"Est","s":"25S-H56S000A-80-A"},{"r":"112","t":"07:20:00","h":"Est","s":"25N-H56N000I-80-I"},{"r":"112","t":"07:20:00","h":"Est","s":"25N-H56N100F-80-F1"},{"r":"112","t":"07:20:00","h":"Est","s":"25N-H56N200F-80-F2"},{"r":"112","t":"07:20:00","h":"Est","s":"25N-H56N300F-80-F3"},{"r":"112","t":"07:20:00","h":"Est","s":"25N-H56N400F-80-F4"},{"r":"112","t":"07:20:00","h":"Est","s":"25N-H56NV10I-80-I"},{"r":"112","t":"07:20:00","h":"Est","s":"25N-H56NV20I-80-I"},{"r":"112","t":"07:20:00","h":"Est","s":"25S-H56S000I-80-I"},{"r":"112","t":"07:20:00","h":"Est","s":"25S-H56S100F-80-F1"},{"r":"112","t":"07:20:00","h":"Est","s":"25S-H56S200F-81-F2"},{"r":"112","t":"07:23:00","h":"Est","s":"25N-H56N000S-80-S"},{"r":"112","t":"07:23:00","h":"Est","s":"25N-H56NV10S-80-S"},{"r":"112","t":"07:23:00","h":"Est","s":"25N-H56NV20S-80-S"},{"r":"112","t":"07:23:00","h":"Est","s":"25S-H56S000S-80-S"},{"r":"112","t":"07:30:00","h":"Est","s":"25N-H56N000S-80-S"},{"r":"112","t":"07:30:00","h":"Est","s":"25N-H56NV10S-80-S"},{"r":"112","t":"07:30:00","h":"Est","s":"25N-H56NV20S-80-S"},{"r":"112","t":"07:30:00","h":"Est","s":"25S-H56S000S-80-S"},{"r":"112","t":"07:37:00","h":"Est","s":"25N-H56N000S-80-S"},{"r":"112","t":"07:37:00","h":"Est","s":"25N-H56NV10S-80-S"},{"r":"112","t":"07:37:00","h":"Est","s":"25N-H56NV20S-80-S"},{"r":"112","t":"07:37:00","h":"Est","s":"25S-H56S000S-80-S"},{"r":"112","t":"07:45:00","h":"Est","s":"25N-H56N000S-80-S"},{"r":"112","t":"07:45:00","h":"Est","s":"25N-H56NV10S-80-S"},{"r":"112","t":"07:45:00","h":"Est","s":"25N-H56NV20S-80-S"},{"r":"112","t":"07:45:00","h":"Est","s":"25S-H56S000S-80-S"},{"r":"112","t":"07:48:00","h":"Est","s":"25N-H56N000A-80-A"},{"r":"112","t":"07:48:00","h":"Est","s":"25N-H56NV10A-80-A"},{"r":"112","t":"07:48:00","h":"Est","s":"25N-H56NV20A-80-A"},{"r":"112","t":"07:48:00","h":"Est","s":"25S-H56S000A-80-A"},{"r":"112","t":"07:49:00","h":"Est","s":"25N-H56N000I-80-I"},{"r":"112","t":"07:49:00","h":"Est","s":"25N-H56N100F-80-F1"},{"r":"112","t":"07:49:00","h":"Est","s":"25N-H56N200F-80-F2"},{"r":"112","t":"07:49:00","h":"Est","s":"25N-H56N300F-80-F3"},{"r":"112","t":"07:49:00","h":"Est","s":"25N-H56N400F-80-F4"},{"r":"112","t":"07:49:00","h":"Est","s":"25N-H56NV10I-80-I"},{"r":"112","t":"07:49:00","h":"Est","s":"25N-H56NV20I-80-I"},{"r":"112","t":"07:49:00","h":"Est","s":"25S-H56S000I-80-I"},{"r":"112","t":"07:49:00","h":"Est","s":"25S-H56S100F-80-F1"},{"r":"112","t":"07:49:00","h":"Est","s":"25S-H56S200F-81-F2"},{"r":"112","t":"07:52:00","h":"Est","s":"25N-H56N000S-80-S"},{"r":"112","t":"07:52:00","h":"Est","s":"25N-H56NV10S-80-S"},{"r":"112","t":"07:52:00","h":"Est","s":"25N-H56NV20S-80-S"},{"r":"112","t":"07:52:00","h":"Est","s":"25S-H56S000S-80-S"},{"r":"112","t":"07:58:00","h":"Est","s":"25N-H56N000S-80-S"},{"r":"112","t":"07:58:00","h":"Est","s":"25N-H56NV10S-80-S"},{"r":"112","t":"07:58:00","h":"Est","s":"25N-H56NV20S-80-S"},{"r":"112","t":"07:58:00","h":"Est","s":"25S-H56S000S-80-S"},{"r":"112","t":"08:03:00","h":"Est","s":"25N-H56N000S-80-S"},{"r":"112","t":"08:03:00","h":"Est","s":"25N-H56NV10S-80-S"},{"r":"112","t":"08:03:00","h":"Est","s":"25N-H56NV20S-80-S"},{"r":"112","t":"08:03:00","h":"Est","s":"25S-H56S000S-80-S"},{"r":"112","t":"08:08:00","h":"Est","s":"25N-H56N000S-80-S"},{"r":"112","t":"08:08:00","h":"Est","s":"25N-H56NV10S-80-S"},{"r":"112","t":"08:08:00","h":"Est","s":"25N-H56NV20S-80-S"},{"r":"112","t":"08:08:00","h":"Est","s":"25S-H56S000S-80-S"},{"r":"112","t":"08:15:00","h":"Est","s":"25N-H56N000S-80-S"},{"r":"112","t":"08:15:00","h":"Est","s":"25N-H56NV10S-80-S"},{"r":"112","t":"08:15:00","h":"Est","s":"25N-H56NV20S-80-S"},{"r":"112","t":"08:15:00","h":"Est","s":"25S-H56S000S-80-S"},{"r":"112","t":"08:17:00","h":"Est","s":"25N-H56N000A-80-A"},{"r":"112","t":"08:17:00","h":"Est","s":"25N-H56NV10A-80-A"},{"r":"112","t":"08:17:00","h":"Est","s":"25N-H56NV20A-80-A"},{"r":"112","t":"08:17:00","h":"Est","s":"25S-H56S000A-80-A"},{"r":"112","t":"08:18:00","h":"Est","s":"25N-H56N000I-80-I"},{"r":"112","t":"08:18:00","h":"Est","s":"25N-H56N100F-80-F1"},{"r":"112","t":"08:18:00","h":"Est","s":"25N-H56N200F-80-F2"},{"r":"112","t":"08:18:00","h":"Est","s":"25N-H56N300F-80-F3"},{"r":"112","t":"08:18:00","h":"Est","s":"25N-H56N400F-80-F4"},{"r":"112","t":"08:18:00","h":"Est","s":"25N-H56NV10I-80-I"},{"r":"112","t":"08:18:00","h":"Est","s":"25N-H56NV20I-80-I"},{"r":"112","t":"08:18:00","h":"Est","s":"25S-H56S000I-80-I"},{"r":"112","t":"08:18:00","h":"Est","s":"25S-H56S100F-80-F1"},{"r":"112","t":"08:18:00","h":"Est","s":"25S-H56S200F-81-F2"},{"r":"112","t":"08:23:00","h":"Est","s":"25N-H56N000S-80-S"},{"r":"112","t":"08:23:00","h":"Est","s":"25N-H56NV10S-80-S"},{"r":"112","t":"08:23:00","h":"Est","s":"25N-H56NV20S-80-S"},{"r":"112","t":"08:23:00","h":"Est","s":"25S-H56S000S-80-S"},{"r":"112","t":"08:30:00","h":"Est","s":"25N-H56N000S-80-S"},{"r":"112","t":"08:30:00","h":"Est","s":"25N-H56NV10S-80-S"},{"r":"112","t":"08:30:00","h":"Est","s":"25N-H56NV20S-80-S"},{"r":"112","t":"08:30:00","h":"Est","s":"25S-H56S000S-80-S"},{"r":"112","t":"08:39:00","h":"Est","s":"25N-H56N000S-80-S"},{"r":"112","t":"08:39:00","h":"Est","s":"25N-H56NV10S-80-S"},{"r":"112","t":"08:39:00","h":"Est","s":"25N-H56NV20S-80-S"},{"r":"112","t":"08:39:00","h":"Est","s":"25S-H56S000S-80-S"},{"r":"112","t":"08:46:00","h":"Est","s":"25N-H56N000A-80-A"},{"r":"112","t":"08:46:00","h":"Est","s":"25N-H56NV10A-80-A"},{"r":"112","t":"08:46:00","h":"Est","s":"25N-H56NV20A-80-A"},{"r":"112","t":"08:46:00","h":"Est","s":"25S-H56S000A-80-A"},{"r":"112","t":"08:48:00","h":"Est","s":"25N-H56N000I-80-I"},{"r":"112","t":"08:48:00","h":"Est","s":"25N-H56N100F-80-F1"},{"r":"112","t":"08:48:00","h":"Est","s":"25N-H56N200F-80-F2"},{"r":"112","t":"08:48:00","h":"Est","s":"25N-H56N300F-80-F3"},{"r":"112","t":"08:48:00","h":"Est","s":"25N-H56N400F-80-F4"},{"r":"112","t":"08:48:00","h":"Est","s":"25N-H56NV10I-80-I"},{"r":"112","t":"08:48:00","h":"Est","s":"25N-H56NV20I-80-I"},{"r":"112","t":"08:48:00","h":"Est","s":"25S-H56S000I-80-I"},{"r":"112","t":"08:48:00","h":"Est","s":"25S-H56S100F-80-F1"},{"r":"112","t":"08:48:00","h":"Est","s":"25S-H56S200F-81-F2"},{"r":"112","t":"08:50:00","h":"Est","s":"25N-H56N000S-80-S"},{"r":"112","t":"08:50:00","h":"Est","s":"25N-H56NV10S-80-S"},{"r":"112","t":"08:50:00","h":"Est","s":"25N-H56NV20S-80-S"},{"r":"112","t":"08:50:00","h":"Est","s":"25S-H56S000S-80-S"},{"r":"112","t":"09:00:00","h":"Est","s":"25N-H56N000S-80-S"},{"r":"112","t":"09:00:00","h":"Est","s":"25N-H56NV10S-80-S"},{"r":"112","t":"09:00:00","h":"Est","s":"25N-H56NV20S-80-S"},{"r":"112","t":"09:00:00","h":"Est","s":"25S-H56S000S-80-S"},{"r":"112","t":"09:09:00","h":"Est","s":"25N-H56N000S-80-S"},{"r":"112","t":"09:09:00","h":"Est","s":"25N-H56NV10S-80-S"},{"r":"112","t":"09:09:00","h":"Est","s":"25N-H56NV20S-80-S"},{"r":"112","t":"09:09:00","h":"Est","s":"25S-H56S000S-80-S"},{"r":"112","t":"09:16:00","h":"Est","s":"25N-H56N000A-80-A"},{"r":"112","t":"09:16:00","h":"Est","s":"25N-H56NV10A-80-A"},{"r":"112","t":"09:16:00","h":"Est","s":"25N-H56NV20A-80-A"},{"r":"112","t":"09:16:00","h":"Est","s":"25S-H56S000A-80-A"},{"r":"112","t":"09:18:00","h":"Est","s":"25N-H56N000I-80-I"},{"r":"112","t":"09:18:00","h":"Est","s":"25N-H56N000S-80-S"},{"r":"112","t":"09:18:00","h":"Est","s":"25N-H56N100F-80-F1"},{"r":"112","t":"09:18:00","h":"Est","s":"25N-H56N200F-80-F2"},{"r":"112","t":"09:18:00","h":"Est","s":"25N-H56N300F-80-F3"},{"r":"112","t":"09:18:00","h":"Est","s":"25N-H56N400F-80-F4"},{"r":"112","t":"09:18:00","h":"Est","s":"25N-H56NV10I-80-I"},{"r":"112","t":"09:18:00","h":"Est","s":"25N-H56NV10S-80-S"},{"r":"112","t":"09:18:00","h":"Est","s":"25N-H56NV20I-80-I"},{"r":"112","t":"09:18:00","h":"Est","s":"25N-H56NV20S-80-S"},{"r":"112","t":"09:18:00","h":"Est","s":"25S-H56S000I-80-I"},{"r":"112","t":"09:18:00","h":"Est","s":"25S-H56S000S-80-S"},{"r":"112","t":"09:18:00","h":"Est","s":"25S-H56S100F-80-F1"},{"r":"112","t":"09:18:00","h":"Est","s":"25S-H56S200F-81-F2"},{"r":"112","t":"09:30:00","h":"Est","s":"25N-H57N000S-80-S"},{"r":"112","t":"09:30:00","h":"Est","s":"25N-H57NV10S-84-S"},{"r":"112","t":"09:30:00","h":"Est","s":"25N-H57NV20S-80-S"},{"r":"112","t":"09:30:00","h":"Est","s":"25S-H57S000S-82-S"},{"r":"112","t":"09:42:00","h":"Est","s":"25N-H56N000S-80-S"},{"r":"112","t":"09:42:00","h":"Est","s":"25N-H56NV10S-80-S"},{"r":"112","t":"09:42:00","h":"Est","s":"25N-H56NV20S-80-S"},{"r":"112","t":"09:42:00","h":"Est","s":"25S-H56S000S-80-S"},{"r":"112","t":"09:46:00","h":"Est","s":"25N-H56N000A-80-A"},{"r":"112","t":"09:46:00","h":"Est","s":"25N-H56NV10A-80-A"},{"r":"112","t":"09:46:00","h":"Est","s":"25N-H56NV20A-80-A"},{"r":"112","t":"09:46:00","h":"Est","s":"25S-H56S000A-80-A"},{"r":"112","t":"09:47:00","h":"Est","s":"25N-H56N000I-80-I"},{"r":"112","t":"09:47:00","h":"Est","s":"25N-H56N100F-80-F1"},{"r":"112","t":"09:47:00","h":"Est","s":"25N-H56N200F-80-F2"},{"r":"112","t":"09:47:00","h":"Est","s":"25N-H56N300F-80-F3"},{"r":"112","t":"09:47:00","h":"Est","s":"25N-H56N400F-80-F4"},{"r":"112","t":"09:47:00","h":"Est","s":"25N-H56NV10I-80-I"},{"r":"112","t":"09:47:00","h":"Est","s":"25N-H56NV20I-80-I"},{"r":"112","t":"09:47:00","h":"Est","s":"25S-H56S000I-80-I"},{"r":"112","t":"09:47:00","h":"Est","s":"25S-H56S100F-80-F1"},{"r":"112","t":"09:47:00","h":"Est","s":"25S-H56S200F-81-F2"},{"r":"112","t":"09:53:00","h":"Est","s":"25N-H56N000S-80-S"},{"r":"112","t":"09:53:00","h":"Est","s":"25N-H56NV10S-80-S"},{"r":"112","t":"09:53:00","h":"Est","s":"25N-H56NV20S-80-S"},{"r":"112","t":"09:53:00","h":"Est","s":"25S-H56S000S-80-S"},{"r":"112","t":"10:13:00","h":"Est","s":"25N-H56N000S-80-S"},{"r":"112","t":"10:13:00","h":"Est","s":"25N-H56NV10S-80-S"},{"r":"112","t":"10:13:00","h":"Est","s":"25N-H56NV20S-80-S"},{"r":"112","t":"10:13:00","h":"Est","s":"25S-H56S000S-80-S"},{"r":"112","t":"10:15:00","h":"Est","s":"25N-H56N000A-80-A"},{"r":"112","t":"10:15:00","h":"Est","s":"25N-H56N000I-80-I"},{"r":"112","t":"10:15:00","h":"Est","s":"25N-H56N100F-80-F1"},{"r":"112","t":"10:15:00","h":"Est","s":"25N-H56N200F-80-F2"},{"r":"112","t":"10:15:00","h":"Est","s":"25N-H56N300F-80-F3"},{"r":"112","t":"10:15:00","h":"Est","s":"25N-H56N400F-80-F4"},{"r":"112","t":"10:15:00","h":"Est","s":"25N-H56NV10A-80-A"},{"r":"112","t":"10:15:00","h":"Est","s":"25N-H56NV10I-80-I"},{"r":"112","t":"10:15:00","h":"Est","s":"25N-H56NV20A-80-A"},{"r":"112","t":"10:15:00","h":"Est","s":"25N-H56NV20I-80-I"},{"r":"112","t":"10:15:00","h":"Est","s":"25S-H56S000A-80-A"},{"r":"112","t":"10:15:00","h":"Est","s":"25S-H56S000I-80-I"},{"r":"112","t":"10:15:00","h":"Est","s":"25S-H56S100F-80-F1"},{"r":"112","t":"10:15:00","h":"Est","s":"25S-H56S200F-81-F2"},{"r":"112","t":"10:34:00","h":"Est","s":"25N-H56N000S-80-S"},{"r":"112","t":"10:34:00","h":"Est","s":"25N-H56NV10S-80-S"},{"r":"112","t":"10:34:00","h":"Est","s":"25N-H56NV20S-80-S"},{"r":"112","t":"10:34:00","h":"Est","s":"25S-H56S000S-80-S"},{"r":"112","t":"10:37:00","h":"Est","s":"25N-H56N000I-80-I"},{"r":"112","t":"10:37:00","h":"Est","s":"25N-H56N100F-80-F1"},{"r":"112","t":"10:37:00","h":"Est","s":"25N-H56N200F-80-F2"},{"r":"112","t":"10:37:00","h":"Est","s":"25N-H56N300F-80-F3"},{"r":"112","t":"10:37:00","h":"Est","s":"25N-H56N400F-80-F4"},{"r":"112","t":"10:37:00","h":"Est","s":"25N-H56NV10I-80-I"},{"r":"112","t":"10:37:00","h":"Est","s":"25N-H56NV20I-80-I"},{"r":"112","t":"10:37:00","h":"Est","s":"25S-H56S000I-80-I"},{"r":"112","t":"10:37:00","h":"Est","s":"25S-H56S100F-80-F1"},{"r":"112","t":"10:37:00","h":"Est","s":"25S-H56S200F-81-F2"},{"r":"112","t":"10:39:00","h":"Est","s":"25N-H56N000A-80-A"},{"r":"112","t":"10:39:00","h":"Est","s":"25N-H56NV10A-80-A"},{"r":"112","t":"10:39:00","h":"Est","s":"25N-H56NV20A-80-A"},{"r":"112","t":"10:39:00","h":"Est","s":"25S-H56S000A-80-A"},{"r":"112","t":"10:54:00","h":"Est","s":"25N-H56N000S-80-S"},{"r":"112","t":"10:54:00","h":"Est","s":"25N-H56NV10S-80-S"},{"r":"112","t":"10:54:00","h":"Est","s":"25N-H56NV20S-80-S"},{"r":"112","t":"10:54:00","h":"Est","s":"25S-H56S000S-80-S"},{"r":"112","t":"10:57:00","h":"Est","s":"25N-H56N000I-80-I"},{"r":"112","t":"10:57:00","h":"Est","s":"25N-H56N100F-80-F1"},{"r":"112","t":"10:57:00","h":"Est","s":"25N-H56N200F-80-F2"},{"r":"112","t":"10:57:00","h":"Est","s":"25N-H56N300F-80-F3"},{"r":"112","t":"10:57:00","h":"Est","s":"25N-H56N400F-80-F4"},{"r":"112","t":"10:57:00","h":"Est","s":"25N-H56NV10I-80-I"},{"r":"112","t":"10:57:00","h":"Est","s":"25N-H56NV20I-80-I"},{"r":"112","t":"10:57:00","h":"Est","s":"25S-H56S000I-80-I"},{"r":"112","t":"10:57:00","h":"Est","s":"25S-H56S100F-80-F1"},{"r":"112","t":"10:57:00","h":"Est","s":"25S-H56S200F-81-F2"},{"r":"112","t":"10:59:00","h":"Est","s":"25N-H56N000A-80-A"},{"r":"112","t":"10:59:00","h":"Est","s":"25N-H56NV10A-80-A"},{"r":"112","t":"10:59:00","h":"Est","s":"25N-H56NV20A-80-A"},{"r":"112","t":"10:59:00","h":"Est","s":"25S-H56S000A-80-A"},{"r":"112","t":"11:14:00","h":"Est","s":"25N-H56N000S-80-S"},{"r":"112","t":"11:14:00","h":"Est","s":"25N-H56NV10S-80-S"},{"r":"112","t":"11:14:00","h":"Est","s":"25N-H56NV20S-80-S"},{"r":"112","t":"11:14:00","h":"Est","s":"25S-H56S000S-80-S"},{"r":"112","t":"11:17:00","h":"Est","s":"25N-H56N000I-80-I"},{"r":"112","t":"11:17:00","h":"Est","s":"25N-H56N100F-80-F1"},{"r":"112","t":"11:17:00","h":"Est","s":"25N-H56N200F-80-F2"},{"r":"112","t":"11:17:00","h":"Est","s":"25N-H56N300F-80-F3"},{"r":"112","t":"11:17:00","h":"Est","s":"25N-H56N400F-80-F4"},{"r":"112","t":"11:17:00","h":"Est","s":"25N-H56NV10I-80-I"},{"r":"112","t":"11:17:00","h":"Est","s":"25N-H56NV20I-80-I"},{"r":"112","t":"11:17:00","h":"Est","s":"25S-H56S000I-80-I"},{"r":"112","t":"11:17:00","h":"Est","s":"25S-H56S100F-80-F1"},{"r":"112","t":"11:17:00","h":"Est","s":"25S-H56S200F-81-F2"},{"r":"112","t":"11:18:00","h":"Est","s":"25N-H56N000A-80-A"},{"r":"112","t":"11:18:00","h":"Est","s":"25N-H56NV10A-80-A"},{"r":"112","t":"11:18:00","h":"Est","s":"25N-H56NV20A-80-A"},{"r":"112","t":"11:18:00","h":"Est","s":"25S-H56S000A-80-A"},{"r":"112","t":"11:35:00","h":"Est","s":"25N-H56N000S-80-S"},{"r":"112","t":"11:35:00","h":"Est","s":"25N-H56NV10S-80-S"},{"r":"112","t":"11:35:00","h":"Est","s":"25N-H56NV20S-80-S"},{"r":"112","t":"11:35:00","h":"Est","s":"25S-H56S000S-80-S"},{"r":"112","t":"11:37:00","h":"Est","s":"25N-H56N000I-80-I"},{"r":"112","t":"11:37:00","h":"Est","s":"25N-H56N100F-80-F1"},{"r":"112","t":"11:37:00","h":"Est","s":"25N-H56N200F-80-F2"},{"r":"112","t":"11:37:00","h":"Est","s":"25N-H56N300F-80-F3"},{"r":"112","t":"11:37:00","h":"Est","s":"25N-H56N400F-80-F4"},{"r":"112","t":"11:37:00","h":"Est","s":"25N-H56NV10I-80-I"},{"r":"112","t":"11:37:00","h":"Est","s":"25N-H56NV20I-80-I"},{"r":"112","t":"11:37:00","h":"Est","s":"25S-H56S000I-80-I"},{"r":"112","t":"11:37:00","h":"Est","s":"25S-H56S100F-80-F1"},{"r":"112","t":"11:37:00","h":"Est","s":"25S-H56S200F-81-F2"},{"r":"112","t":"11:38:00","h":"Est","s":"25N-H56N000A-80-A"},{"r":"112","t":"11:38:00","h":"Est","s":"25N-H56NV10A-80-A"},{"r":"112","t":"11:38:00","h":"Est","s":"25N-H56NV20A-80-A"},{"r":"112","t":"11:38:00","h":"Est","s":"25S-H56S000A-80-A"},{"r":"112","t":"11:54:00","h":"Est","s":"25N-H56N000S-80-S"},{"r":"112","t":"11:54:00","h":"Est","s":"25N-H56NV10S-80-S"},{"r":"112","t":"11:54:00","h":"Est","s":"25N-H56NV20S-80-S"},{"r":"112","t":"11:54:00","h":"Est","s":"25S-H56S000S-80-S"},{"r":"112","t":"11:57:00","h":"Est","s":"25N-H56N000I-80-I"},{"r":"112","t":"11:57:00","h":"Est","s":"25N-H56N100F-80-F1"},{"r":"112","t":"11:57:00","h":"Est","s":"25N-H56N200F-80-F2"},{"r":"112","t":"11:57:00","h":"Est","s":"25N-H56N300F-80-F3"},{"r":"112","t":"11:57:00","h":"Est","s":"25N-H56N400F-80-F4"},{"r":"112","t":"11:57:00","h":"Est","s":"25N-H56NV10I-80-I"},{"r":"112","t":"11:57:00","h":"Est","s":"25N-H56NV20I-80-I"},{"r":"112","t":"11:57:00","h":"Est","s":"25S-H56S000I-80-I"},{"r":"112","t":"11:57:00","h":"Est","s":"25S-H56S100F-80-F1"},{"r":"112","t":"11:57:00","h":"Est","s":"25S-H56S200F-81-F2"},{"r":"112","t":"11:58:00","h":"Est","s":"25N-H56N000A-80-A"},{"r":"112","t":"11:58:00","h":"Est","s":"25N-H56NV10A-80-A"},{"r":"112","t":"11:58:00","h":"Est","s":"25N-H56NV20A-80-A"},{"r":"112","t":"11:58:00","h":"Est","s":"25S-H56S000A-80-A"},{"r":"112","t":"12:15:00","h":"Est","s":"25N-H56N000S-80-S"},{"r":"112","t":"12:15:00","h":"Est","s":"25N-H56NV10S-80-S"},{"r":"112","t":"12:15:00","h":"Est","s":"25N-H56NV20S-80-S"},{"r":"112","t":"12:15:00","h":"Est","s":"25S-H56S000S-80-S"},{"r":"112","t":"12:18:00","h":"Est","s":"25N-H56N000A-80-A"},{"r":"112","t":"12:18:00","h":"Est","s":"25N-H56N000I-80-I"},{"r":"112","t":"12:18:00","h":"Est","s":"25N-H56N100F-80-F1"},{"r":"112","t":"12:18:00","h":"Est","s":"25N-H56N200F-80-F2"},{"r":"112","t":"12:18:00","h":"Est","s":"25N-H56N300F-80-F3"},{"r":"112","t":"12:18:00","h":"Est","s":"25N-H56N400F-80-F4"},{"r":"112","t":"12:18:00","h":"Est","s":"25N-H56NV10A-80-A"},{"r":"112","t":"12:18:00","h":"Est","s":"25N-H56NV10I-80-I"},{"r":"112","t":"12:18:00","h":"Est","s":"25N-H56NV20A-80-A"},{"r":"112","t":"12:18:00","h":"Est","s":"25N-H56NV20I-80-I"},{"r":"112","t":"12:18:00","h":"Est","s":"25S-H56S000A-80-A"},{"r":"112","t":"12:18:00","h":"Est","s":"25S-H56S000I-80-I"},{"r":"112","t":"12:18:00","h":"Est","s":"25S-H56S100F-80-F1"},{"r":"112","t":"12:18:00","h":"Est","s":"25S-H56S200F-81-F2"},{"r":"112","t":"12:37:00","h":"Est","s":"25N-H56N000S-80-S"},{"r":"112","t":"12:37:00","h":"Est","s":"25N-H56NV10S-80-S"},{"r":"112","t":"12:37:00","h":"Est","s":"25N-H56NV20S-80-S"},{"r":"112","t":"12:37:00","h":"Est","s":"25S-H56S000S-80-S"},{"r":"112","t":"12:39:00","h":"Est","s":"25N-H56N000A-80-A"},{"r":"112","t":"12:39:00","h":"Est","s":"25N-H56N000I-80-I"},{"r":"112","t":"12:39:00","h":"Est","s":"25N-H56N100F-80-F1"},{"r":"112","t":"12:39:00","h":"Est","s":"25N-H56N200F-80-F2"},{"r":"112","t":"12:39:00","h":"Est","s":"25N-H56N300F-80-F3"},{"r":"112","t":"12:39:00","h":"Est","s":"25N-H56N400F-80-F4"},{"r":"112","t":"12:39:00","h":"Est","s":"25N-H56NV10A-80-A"},{"r":"112","t":"12:39:00","h":"Est","s":"25N-H56NV10I-80-I"},{"r":"112","t":"12:39:00","h":"Est","s":"25N-H56NV20A-80-A"},{"r":"112","t":"12:39:00","h":"Est","s":"25N-H56NV20I-80-I"},{"r":"112","t":"12:39:00","h":"Est","s":"25S-H56S000A-80-A"},{"r":"112","t":"12:39:00","h":"Est","s":"25S-H56S000I-80-I"},{"r":"112","t":"12:39:00","h":"Est","s":"25S-H56S100F-80-F1"},{"r":"112","t":"12:39:00","h":"Est","s":"25S-H56S200F-81-F2"},{"r":"112","t":"12:57:00","h":"Est","s":"25N-H56N000S-80-S"},{"r":"112","t":"12:57:00","h":"Est","s":"25N-H56NV10S-80-S"},{"r":"112","t":"12:57:00","h":"Est","s":"25N-H56NV20S-80-S"},{"r":"112","t":"12:57:00","h":"Est","s":"25S-H56S000S-80-S"},{"r":"112","t":"12:59:00","h":"Est","s":"25N-H56N000I-80-I"},{"r":"112","t":"12:59:00","h":"Est","s":"25N-H56N100F-80-F1"},{"r":"112","t":"12:59:00","h":"Est","s":"25N-H56N200F-80-F2"},{"r":"112","t":"12:59:00","h":"Est","s":"25N-H56N300F-80-F3"},{"r":"112","t":"12:59:00","h":"Est","s":"25N-H56N400F-80-F4"},{"r":"112","t":"12:59:00","h":"Est","s":"25N-H56NV10I-80-I"},{"r":"112","t":"12:59:00","h":"Est","s":"25N-H56NV20I-80-I"},{"r":"112","t":"12:59:00","h":"Est","s":"25S-H56S000I-80-I"},{"r":"112","t":"12:59:00","h":"Est","s":"25S-H56S100F-80-F1"},{"r":"112","t":"12:59:00","h":"Est","s":"25S-H56S200F-81-F2"},{"r":"112","t":"13:01:00","h":"Est","s":"25N-H56N000A-80-A"},{"r":"112","t":"13:01:00","h":"Est","s":"25N-H56NV10A-80-A"},{"r":"112","t":"13:01:00","h":"Est","s":"25N-H56NV20A-80-A"},{"r":"112","t":"13:01:00","h":"Est","s":"25S-H56S000A-80-A"},{"r":"112","t":"13:15:00","h":"Est","s":"25N-H56N000S-80-S"},{"r":"112","t":"13:15:00","h":"Est","s":"25N-H56NV10S-80-S"},{"r":"112","t":"13:15:00","h":"Est","s":"25N-H56NV20S-80-S"},{"r":"112","t":"13:15:00","h":"Est","s":"25S-H56S000S-80-S"},{"r":"112","t":"13:18:00","h":"Est","s":"25N-H56N000I-80-I"},{"r":"112","t":"13:18:00","h":"Est","s":"25N-H56N100F-80-F1"},{"r":"112","t":"13:18:00","h":"Est","s":"25N-H56N200F-80-F2"},{"r":"112","t":"13:18:00","h":"Est","s":"25N-H56N300F-80-F3"},{"r":"112","t":"13:18:00","h":"Est","s":"25N-H56N400F-80-F4"},{"r":"112","t":"13:18:00","h":"Est","s":"25N-H56NV10I-80-I"},{"r":"112","t":"13:18:00","h":"Est","s":"25N-H56NV20I-80-I"},{"r":"112","t":"13:18:00","h":"Est","s":"25S-H56S000I-80-I"},{"r":"112","t":"13:18:00","h":"Est","s":"25S-H56S100F-80-F1"},{"r":"112","t":"13:18:00","h":"Est","s":"25S-H56S200F-81-F2"},{"r":"112","t":"13:23:00","h":"Est","s":"25N-H56N000A-80-A"},{"r":"112","t":"13:23:00","h":"Est","s":"25N-H56NV10A-80-A"},{"r":"112","t":"13:23:00","h":"Est","s":"25N-H56NV20A-80-A"},{"r":"112","t":"13:23:00","h":"Est","s":"25S-H56S000A-80-A"},{"r":"112","t":"13:36:00","h":"Est","s":"25N-H56N000S-80-S"},{"r":"112","t":"13:36:00","h":"Est","s":"25N-H56NV10S-80-S"},{"r":"112","t":"13:36:00","h":"Est","s":"25N-H56NV20S-80-S"},{"r":"112","t":"13:36:00","h":"Est","s":"25S-H56S000S-80-S"},{"r":"112","t":"13:40:00","h":"Est","s":"25N-H56N000I-80-I"},{"r":"112","t":"13:40:00","h":"Est","s":"25N-H56N100F-80-F1"},{"r":"112","t":"13:40:00","h":"Est","s":"25N-H56N200F-80-F2"},{"r":"112","t":"13:40:00","h":"Est","s":"25N-H56N300F-80-F3"},{"r":"112","t":"13:40:00","h":"Est","s":"25N-H56N400F-80-F4"},{"r":"112","t":"13:40:00","h":"Est","s":"25N-H56NV10I-80-I"},{"r":"112","t":"13:40:00","h":"Est","s":"25N-H56NV20I-80-I"},{"r":"112","t":"13:40:00","h":"Est","s":"25S-H56S000I-80-I"},{"r":"112","t":"13:40:00","h":"Est","s":"25S-H56S100F-80-F1"},{"r":"112","t":"13:40:00","h":"Est","s":"25S-H56S200F-81-F2"},{"r":"112","t":"13:43:00","h":"Est","s":"25N-H56N000A-80-A"},{"r":"112","t":"13:43:00","h":"Est","s":"25N-H56NV10A-80-A"},{"r":"112","t":"13:43:00","h":"Est","s":"25N-H56NV20A-80-A"},{"r":"112","t":"13:43:00","h":"Est","s":"25S-H56S000A-80-A"},{"r":"112","t":"13:59:00","h":"Est","s":"25N-H56N000S-80-S"},{"r":"112","t":"13:59:00","h":"Est","s":"25N-H56NV10S-80-S"},{"r":"112","t":"13:59:00","h":"Est","s":"25N-H56NV20S-80-S"},{"r":"112","t":"13:59:00","h":"Est","s":"25S-H56S000S-80-S"},{"r":"112","t":"14:02:00","h":"Est","s":"25N-H56N000I-80-I"},{"r":"112","t":"14:02:00","h":"Est","s":"25N-H56N100F-80-F1"},{"r":"112","t":"14:02:00","h":"Est","s":"25N-H56N200F-80-F2"},{"r":"112","t":"14:02:00","h":"Est","s":"25N-H56N300F-80-F3"},{"r":"112","t":"14:02:00","h":"Est","s":"25N-H56N400F-80-F4"},{"r":"112","t":"14:02:00","h":"Est","s":"25N-H56NV10I-80-I"},{"r":"112","t":"14:02:00","h":"Est","s":"25N-H56NV20I-80-I"},{"r":"112","t":"14:02:00","h":"Est","s":"25S-H56S000I-80-I"},{"r":"112","t":"14:02:00","h":"Est","s":"25S-H56S100F-80-F1"},{"r":"112","t":"14:02:00","h":"Est","s":"25S-H56S200F-81-F2"},{"r":"112","t":"14:04:00","h":"Est","s":"25N-H56N000A-80-A"},{"r":"112","t":"14:04:00","h":"Est","s":"25N-H56NV10A-80-A"},{"r":"112","t":"14:04:00","h":"Est","s":"25N-H56NV20A-80-A"},{"r":"112","t":"14:04:00","h":"Est","s":"25S-H56S000A-80-A"},{"r":"112","t":"14:17:00","h":"Est","s":"25N-H56N000S-80-S"},{"r":"112","t":"14:17:00","h":"Est","s":"25N-H56NV10S-80-S"},{"r":"112","t":"14:17:00","h":"Est","s":"25N-H56NV20S-80-S"},{"r":"112","t":"14:17:00","h":"Est","s":"25S-H56S000S-80-S"},{"r":"112","t":"14:22:00","h":"Est","s":"25N-H56N000I-80-I"},{"r":"112","t":"14:22:00","h":"Est","s":"25N-H56N100F-80-F1"},{"r":"112","t":"14:22:00","h":"Est","s":"25N-H56N200F-80-F2"},{"r":"112","t":"14:22:00","h":"Est","s":"25N-H56N300F-80-F3"},{"r":"112","t":"14:22:00","h":"Est","s":"25N-H56N400F-80-F4"},{"r":"112","t":"14:22:00","h":"Est","s":"25N-H56NV10I-80-I"},{"r":"112","t":"14:22:00","h":"Est","s":"25N-H56NV20I-80-I"},{"r":"112","t":"14:22:00","h":"Est","s":"25S-H56S000I-80-I"},{"r":"112","t":"14:22:00","h":"Est","s":"25S-H56S100F-80-F1"},{"r":"112","t":"14:22:00","h":"Est","s":"25S-H56S200F-81-F2"},{"r":"112","t":"14:23:00","h":"Est","s":"25N-H56N000A-80-A"},{"r":"112","t":"14:23:00","h":"Est","s":"25N-H56NV10A-80-A"},{"r":"112","t":"14:23:00","h":"Est","s":"25N-H56NV20A-80-A"},{"r":"112","t":"14:23:00","h":"Est","s":"25S-H56S000A-80-A"},{"r":"112","t":"14:35:00","h":"Est","s":"25N-H56N000S-80-S"},{"r":"112","t":"14:35:00","h":"Est","s":"25N-H56NV10S-80-S"},{"r":"112","t":"14:35:00","h":"Est","s":"25N-H56NV20S-80-S"},{"r":"112","t":"14:35:00","h":"Est","s":"25S-H56S000S-80-S"},{"r":"112","t":"14:41:00","h":"Est","s":"25N-H56N000I-80-I"},{"r":"112","t":"14:41:00","h":"Est","s":"25N-H56N100F-80-F1"},{"r":"112","t":"14:41:00","h":"Est","s":"25N-H56N200F-80-F2"},{"r":"112","t":"14:41:00","h":"Est","s":"25N-H56N300F-80-F3"},{"r":"112","t":"14:41:00","h":"Est","s":"25N-H56N400F-80-F4"},{"r":"112","t":"14:41:00","h":"Est","s":"25N-H56NV10I-80-I"},{"r":"112","t":"14:41:00","h":"Est","s":"25N-H56NV20I-80-I"},{"r":"112","t":"14:41:00","h":"Est","s":"25S-H56S000I-80-I"},{"r":"112","t":"14:41:00","h":"Est","s":"25S-H56S100F-80-F1"},{"r":"112","t":"14:41:00","h":"Est","s":"25S-H56S200F-81-F2"},{"r":"112","t":"14:43:00","h":"Est","s":"25N-H56N000A-80-A"},{"r":"112","t":"14:43:00","h":"Est","s":"25N-H56NV10A-80-A"},{"r":"112","t":"14:43:00","h":"Est","s":"25N-H56NV20A-80-A"},{"r":"112","t":"14:43:00","h":"Est","s":"25S-H56S000A-80-A"},{"r":"112","t":"14:54:00","h":"Est","s":"25N-H56N000S-80-S"},{"r":"112","t":"14:54:00","h":"Est","s":"25N-H56NV10S-80-S"},{"r":"112","t":"14:54:00","h":"Est","s":"25N-H56NV20S-80-S"},{"r":"112","t":"14:54:00","h":"Est","s":"25S-H56S000S-80-S"},{"r":"112","t":"15:01:00","h":"Est","s":"25N-H56N000I-80-I"},{"r":"112","t":"15:01:00","h":"Est","s":"25N-H56N100F-80-F1"},{"r":"112","t":"15:01:00","h":"Est","s":"25N-H56N200F-80-F2"},{"r":"112","t":"15:01:00","h":"Est","s":"25N-H56N300F-80-F3"},{"r":"112","t":"15:01:00","h":"Est","s":"25N-H56N400F-80-F4"},{"r":"112","t":"15:01:00","h":"Est","s":"25N-H56NV10I-80-I"},{"r":"112","t":"15:01:00","h":"Est","s":"25N-H56NV20I-80-I"},{"r":"112","t":"15:01:00","h":"Est","s":"25S-H56S000I-80-I"},{"r":"112","t":"15:01:00","h":"Est","s":"25S-H56S100F-80-F1"},{"r":"112","t":"15:01:00","h":"Est","s":"25S-H56S200F-81-F2"},{"r":"112","t":"15:03:00","h":"Est","s":"25N-H56N000A-80-A"},{"r":"112","t":"15:03:00","h":"Est","s":"25N-H56NV10A-80-A"},{"r":"112","t":"15:03:00","h":"Est","s":"25N-H56NV20A-80-A"},{"r":"112","t":"15:03:00","h":"Est","s":"25S-H56S000A-80-A"},{"r":"112","t":"15:15:00","h":"Est","s":"25N-H56N000S-80-S"},{"r":"112","t":"15:15:00","h":"Est","s":"25N-H56NV10S-80-S"},{"r":"112","t":"15:15:00","h":"Est","s":"25N-H56NV20S-80-S"},{"r":"112","t":"15:15:00","h":"Est","s":"25S-H56S000S-80-S"},{"r":"112","t":"15:21:00","h":"Est","s":"25N-H56N000I-80-I"},{"r":"112","t":"15:21:00","h":"Est","s":"25N-H56N100F-80-F1"},{"r":"112","t":"15:21:00","h":"Est","s":"25N-H56N200F-80-F2"},{"r":"112","t":"15:21:00","h":"Est","s":"25N-H56N300F-80-F3"},{"r":"112","t":"15:21:00","h":"Est","s":"25N-H56N400F-80-F4"},{"r":"112","t":"15:21:00","h":"Est","s":"25N-H56NV10I-80-I"},{"r":"112","t":"15:21:00","h":"Est","s":"25N-H56NV20I-80-I"},{"r":"112","t":"15:21:00","h":"Est","s":"25S-H56S000I-80-I"},{"r":"112","t":"15:21:00","h":"Est","s":"25S-H56S100F-80-F1"},{"r":"112","t":"15:21:00","h":"Est","s":"25S-H56S200F-81-F2"},{"r":"112","t":"15:23:00","h":"Est","s":"25N-H56N000A-80-A"},{"r":"112","t":"15:23:00","h":"Est","s":"25N-H56NV10A-80-A"},{"r":"112","t":"15:23:00","h":"Est","s":"25N-H56NV20A-80-A"},{"r":"112","t":"15:23:00","h":"Est","s":"25S-H56S000A-80-A"},{"r":"112","t":"15:36:00","h":"Est","s":"25N-H56N000S-80-S"},{"r":"112","t":"15:36:00","h":"Est","s":"25N-H56NV10S-80-S"},{"r":"112","t":"15:36:00","h":"Est","s":"25N-H56NV20S-80-S"},{"r":"112","t":"15:36:00","h":"Est","s":"25S-H56S000S-80-S"},{"r":"112","t":"15:41:00","h":"Est","s":"25N-H56N000I-80-I"},{"r":"112","t":"15:41:00","h":"Est","s":"25N-H56N100F-80-F1"},{"r":"112","t":"15:41:00","h":"Est","s":"25N-H56N200F-80-F2"},{"r":"112","t":"15:41:00","h":"Est","s":"25N-H56N300F-80-F3"},{"r":"112","t":"15:41:00","h":"Est","s":"25N-H56N400F-80-F4"},{"r":"112","t":"15:41:00","h":"Est","s":"25N-H56NV10I-80-I"},{"r":"112","t":"15:41:00","h":"Est","s":"25N-H56NV20I-80-I"},{"r":"112","t":"15:41:00","h":"Est","s":"25S-H56S000I-80-I"},{"r":"112","t":"15:41:00","h":"Est","s":"25S-H56S100F-80-F1"},{"r":"112","t":"15:41:00","h":"Est","s":"25S-H56S200F-81-F2"},{"r":"112","t":"15:44:00","h":"Est","s":"25N-H56N000A-80-A"},{"r":"112","t":"15:44:00","h":"Est","s":"25N-H56NV10A-80-A"},{"r":"112","t":"15:44:00","h":"Est","s":"25N-H56NV20A-80-A"},{"r":"112","t":"15:44:00","h":"Est","s":"25S-H56S000A-80-A"},{"r":"112","t":"15:57:00","h":"Est","s":"25N-H56N000S-80-S"},{"r":"112","t":"15:57:00","h":"Est","s":"25N-H56NV10S-80-S"},{"r":"112","t":"15:57:00","h":"Est","s":"25N-H56NV20S-80-S"},{"r":"112","t":"15:57:00","h":"Est","s":"25S-H56S000S-80-S"},{"r":"112","t":"16:02:00","h":"Est","s":"25N-H56N000I-80-I"},{"r":"112","t":"16:02:00","h":"Est","s":"25N-H56N100F-80-F1"},{"r":"112","t":"16:02:00","h":"Est","s":"25N-H56N200F-80-F2"},{"r":"112","t":"16:02:00","h":"Est","s":"25N-H56N300F-80-F3"},{"r":"112","t":"16:02:00","h":"Est","s":"25N-H56N400F-80-F4"},{"r":"112","t":"16:02:00","h":"Est","s":"25N-H56NV10I-80-I"},{"r":"112","t":"16:02:00","h":"Est","s":"25N-H56NV20I-80-I"},{"r":"112","t":"16:02:00","h":"Est","s":"25S-H56S000I-80-I"},{"r":"112","t":"16:02:00","h":"Est","s":"25S-H56S100F-80-F1"},{"r":"112","t":"16:02:00","h":"Est","s":"25S-H56S200F-81-F2"},{"r":"112","t":"16:05:00","h":"Est","s":"25N-H56N000A-80-A"},{"r":"112","t":"16:05:00","h":"Est","s":"25N-H56NV10A-80-A"},{"r":"112","t":"16:05:00","h":"Est","s":"25N-H56NV20A-80-A"},{"r":"112","t":"16:05:00","h":"Est","s":"25S-H56S000A-80-A"},{"r":"112","t":"16:19:00","h":"Est","s":"25N-H56N000S-80-S"},{"r":"112","t":"16:19:00","h":"Est","s":"25N-H56NV10S-80-S"},{"r":"112","t":"16:19:00","h":"Est","s":"25N-H56NV20S-80-S"},{"r":"112","t":"16:19:00","h":"Est","s":"25S-H56S000S-80-S"},{"r":"112","t":"16:25:00","h":"Est","s":"25N-H56N000I-80-I"},{"r":"112","t":"16:25:00","h":"Est","s":"25N-H56N100F-80-F1"},{"r":"112","t":"16:25:00","h":"Est","s":"25N-H56N200F-80-F2"},{"r":"112","t":"16:25:00","h":"Est","s":"25N-H56N300F-80-F3"},{"r":"112","t":"16:25:00","h":"Est","s":"25N-H56N400F-80-F4"},{"r":"112","t":"16:25:00","h":"Est","s":"25N-H56NV10I-80-I"},{"r":"112","t":"16:25:00","h":"Est","s":"25N-H56NV20I-80-I"},{"r":"112","t":"16:25:00","h":"Est","s":"25S-H56S000I-80-I"},{"r":"112","t":"16:25:00","h":"Est","s":"25S-H56S100F-80-F1"},{"r":"112","t":"16:25:00","h":"Est","s":"25S-H56S200F-81-F2"},{"r":"112","t":"16:29:00","h":"Est","s":"25N-H56N000A-80-A"},{"r":"112","t":"16:29:00","h":"Est","s":"25N-H56NV10A-80-A"},{"r":"112","t":"16:29:00","h":"Est","s":"25N-H56NV20A-80-A"},{"r":"112","t":"16:29:00","h":"Est","s":"25S-H56S000A-80-A"},{"r":"112","t":"16:44:00","h":"Est","s":"25N-H56N000S-80-S"},{"r":"112","t":"16:44:00","h":"Est","s":"25N-H56NV10S-80-S"},{"r":"112","t":"16:44:00","h":"Est","s":"25N-H56NV20S-80-S"},{"r":"112","t":"16:44:00","h":"Est","s":"25S-H56S000S-80-S"},{"r":"112","t":"16:58:00","h":"Est","s":"25N-H56N000I-80-I"},{"r":"112","t":"16:58:00","h":"Est","s":"25N-H56N100F-80-F1"},{"r":"112","t":"16:58:00","h":"Est","s":"25N-H56N200F-80-F2"},{"r":"112","t":"16:58:00","h":"Est","s":"25N-H56N300F-80-F3"},{"r":"112","t":"16:58:00","h":"Est","s":"25N-H56N400F-80-F4"},{"r":"112","t":"16:58:00","h":"Est","s":"25N-H56NV10I-80-I"},{"r":"112","t":"16:58:00","h":"Est","s":"25N-H56NV20I-80-I"},{"r":"112","t":"16:58:00","h":"Est","s":"25S-H56S000I-80-I"},{"r":"112","t":"16:58:00","h":"Est","s":"25S-H56S100F-80-F1"},{"r":"112","t":"16:58:00","h":"Est","s":"25S-H56S200F-81-F2"},{"r":"112","t":"17:02:00","h":"Est","s":"25N-H56N000A-80-A"},{"r":"112","t":"17:02:00","h":"Est","s":"25N-H56NV10A-80-A"},{"r":"112","t":"17:02:00","h":"Est","s":"25N-H56NV20A-80-A"},{"r":"112","t":"17:02:00","h":"Est","s":"25S-H56S000A-80-A"},{"r":"112","t":"17:10:00","h":"Est","s":"25N-H56N000S-80-S"},{"r":"112","t":"17:10:00","h":"Est","s":"25N-H56NV10S-80-S"},{"r":"112","t":"17:10:00","h":"Est","s":"25N-H56NV20S-80-S"},{"r":"112","t":"17:10:00","h":"Est","s":"25S-H56S000S-80-S"},{"r":"112","t":"17:30:00","h":"Est","s":"25N-H56N000I-80-I"},{"r":"112","t":"17:30:00","h":"Est","s":"25N-H56N100F-80-F1"},{"r":"112","t":"17:30:00","h":"Est","s":"25N-H56N200F-80-F2"},{"r":"112","t":"17:30:00","h":"Est","s":"25N-H56N300F-80-F3"},{"r":"112","t":"17:30:00","h":"Est","s":"25N-H56N400F-80-F4"},{"r":"112","t":"17:30:00","h":"Est","s":"25N-H56NV10I-80-I"},{"r":"112","t":"17:30:00","h":"Est","s":"25N-H56NV20I-80-I"},{"r":"112","t":"17:30:00","h":"Est","s":"25S-H56S000I-80-I"},{"r":"112","t":"17:30:00","h":"Est","s":"25S-H56S100F-80-F1"},{"r":"112","t":"17:30:00","h":"Est","s":"25S-H56S200F-81-F2"},{"r":"112","t":"17:35:00","h":"Est","s":"25N-H56N000A-80-A"},{"r":"112","t":"17:35:00","h":"Est","s":"25N-H56N000S-80-S"},{"r":"112","t":"17:35:00","h":"Est","s":"25N-H56NV10A-80-A"},{"r":"112","t":"17:35:00","h":"Est","s":"25N-H56NV10S-80-S"},{"r":"112","t":"17:35:00","h":"Est","s":"25N-H56NV20A-80-A"},{"r":"112","t":"17:35:00","h":"Est","s":"25N-H56NV20S-80-S"},{"r":"112","t":"17:35:00","h":"Est","s":"25S-H56S000A-80-A"},{"r":"112","t":"17:35:00","h":"Est","s":"25S-H56S000S-80-S"},{"r":"112","t":"18:01:00","h":"Est","s":"25N-H56N000S-80-S"},{"r":"112","t":"18:01:00","h":"Est","s":"25N-H56NV10S-80-S"},{"r":"112","t":"18:01:00","h":"Est","s":"25N-H56NV20S-80-S"},{"r":"112","t":"18:01:00","h":"Est","s":"25S-H56S000S-80-S"},{"r":"112","t":"18:02:00","h":"Est","s":"25N-H56N000I-80-I"},{"r":"112","t":"18:02:00","h":"Est","s":"25N-H56N100F-80-F1"},{"r":"112","t":"18:02:00","h":"Est","s":"25N-H56N200F-80-F2"},{"r":"112","t":"18:02:00","h":"Est","s":"25N-H56N300F-80-F3"},{"r":"112","t":"18:02:00","h":"Est","s":"25N-H56N400F-80-F4"},{"r":"112","t":"18:02:00","h":"Est","s":"25N-H56NV10I-80-I"},{"r":"112","t":"18:02:00","h":"Est","s":"25N-H56NV20I-80-I"},{"r":"112","t":"18:02:00","h":"Est","s":"25S-H56S000I-80-I"},{"r":"112","t":"18:02:00","h":"Est","s":"25S-H56S100F-80-F1"},{"r":"112","t":"18:02:00","h":"Est","s":"25S-H56S200F-81-F2"},{"r":"112","t":"18:07:00","h":"Est","s":"25N-H56N000A-80-A"},{"r":"112","t":"18:07:00","h":"Est","s":"25N-H56NV10A-80-A"},{"r":"112","t":"18:07:00","h":"Est","s":"25N-H56NV20A-80-A"},{"r":"112","t":"18:07:00","h":"Est","s":"25S-H56S000A-80-A"},{"r":"112","t":"18:31:00","h":"Est","s":"25N-H56N000S-80-S"},{"r":"112","t":"18:31:00","h":"Est","s":"25N-H56NV10S-80-S"},{"r":"112","t":"18:31:00","h":"Est","s":"25N-H56NV20S-80-S"},{"r":"112","t":"18:31:00","h":"Est","s":"25S-H56S000S-80-S"},{"r":"112","t":"18:34:00","h":"Est","s":"25N-H56N000I-80-I"},{"r":"112","t":"18:34:00","h":"Est","s":"25N-H56N100F-80-F1"},{"r":"112","t":"18:34:00","h":"Est","s":"25N-H56N200F-80-F2"},{"r":"112","t":"18:34:00","h":"Est","s":"25N-H56N300F-80-F3"},{"r":"112","t":"18:34:00","h":"Est","s":"25N-H56N400F-80-F4"},{"r":"112","t":"18:34:00","h":"Est","s":"25N-H56NV10I-80-I"},{"r":"112","t":"18:34:00","h":"Est","s":"25N-H56NV20I-80-I"},{"r":"112","t":"18:34:00","h":"Est","s":"25S-H56S000I-80-I"},{"r":"112","t":"18:34:00","h":"Est","s":"25S-H56S100F-80-F1"},{"r":"112","t":"18:34:00","h":"Est","s":"25S-H56S200F-81-F2"},{"r":"112","t":"18:38:00","h":"Est","s":"25N-H56N000A-80-A"},{"r":"112","t":"18:38:00","h":"Est","s":"25N-H56NV10A-80-A"},{"r":"112","t":"18:38:00","h":"Est","s":"25N-H56NV20A-80-A"},{"r":"112","t":"18:38:00","h":"Est","s":"25S-H56S000A-80-A"},{"r":"112","t":"19:02:00","h":"Est","s":"25N-H56N000S-80-S"},{"r":"112","t":"19:02:00","h":"Est","s":"25N-H56NV10S-80-S"},{"r":"112","t":"19:02:00","h":"Est","s":"25N-H56NV20S-80-S"},{"r":"112","t":"19:02:00","h":"Est","s":"25S-H56S000S-80-S"},{"r":"112","t":"19:07:00","h":"Est","s":"25N-H56N000I-80-I"},{"r":"112","t":"19:07:00","h":"Est","s":"25N-H56N100F-80-F1"},{"r":"112","t":"19:07:00","h":"Est","s":"25N-H56N200F-80-F2"},{"r":"112","t":"19:07:00","h":"Est","s":"25N-H56N300F-80-F3"},{"r":"112","t":"19:07:00","h":"Est","s":"25N-H56N400F-80-F4"},{"r":"112","t":"19:07:00","h":"Est","s":"25N-H56NV10I-80-I"},{"r":"112","t":"19:07:00","h":"Est","s":"25N-H56NV20I-80-I"},{"r":"112","t":"19:07:00","h":"Est","s":"25S-H56S000I-80-I"},{"r":"112","t":"19:07:00","h":"Est","s":"25S-H56S100F-80-F1"},{"r":"112","t":"19:07:00","h":"Est","s":"25S-H56S200F-81-F2"},{"r":"112","t":"19:10:00","h":"Est","s":"25N-H56N000A-80-A"},{"r":"112","t":"19:10:00","h":"Est","s":"25N-H56NV10A-80-A"},{"r":"112","t":"19:10:00","h":"Est","s":"25N-H56NV20A-80-A"},{"r":"112","t":"19:10:00","h":"Est","s":"25S-H56S000A-80-A"},{"r":"112","t":"19:30:00","h":"Est","s":"25N-H56N000S-80-S"},{"r":"112","t":"19:30:00","h":"Est","s":"25N-H56NV10S-80-S"},{"r":"112","t":"19:30:00","h":"Est","s":"25N-H56NV20S-80-S"},{"r":"112","t":"19:30:00","h":"Est","s":"25S-H56S000S-80-S"},{"r":"112","t":"19:36:00","h":"Est","s":"25N-H56N000I-80-I"},{"r":"112","t":"19:36:00","h":"Est","s":"25N-H56N100F-80-F1"},{"r":"112","t":"19:36:00","h":"Est","s":"25N-H56N200F-80-F2"},{"r":"112","t":"19:36:00","h":"Est","s":"25N-H56N300F-80-F3"},{"r":"112","t":"19:36:00","h":"Est","s":"25N-H56N400F-80-F4"},{"r":"112","t":"19:36:00","h":"Est","s":"25N-H56NV10I-80-I"},{"r":"112","t":"19:36:00","h":"Est","s":"25N-H56NV20I-80-I"},{"r":"112","t":"19:36:00","h":"Est","s":"25S-H56S000I-80-I"},{"r":"112","t":"19:36:00","h":"Est","s":"25S-H56S100F-80-F1"},{"r":"112","t":"19:36:00","h":"Est","s":"25S-H56S200F-81-F2"},{"r":"112","t":"19:39:00","h":"Est","s":"25N-H56N000A-80-A"},{"r":"112","t":"19:39:00","h":"Est","s":"25N-H56NV10A-80-A"},{"r":"112","t":"19:39:00","h":"Est","s":"25N-H56NV20A-80-A"},{"r":"112","t":"19:39:00","h":"Est","s":"25S-H56S000A-80-A"},{"r":"112","t":"19:59:00","h":"Est","s":"25N-H56N000S-80-S"},{"r":"112","t":"19:59:00","h":"Est","s":"25N-H56NV10S-80-S"},{"r":"112","t":"19:59:00","h":"Est","s":"25N-H56NV20S-80-S"},{"r":"112","t":"19:59:00","h":"Est","s":"25S-H56S000S-80-S"},{"r":"112","t":"20:05:00","h":"Est","s":"25N-H56N000A-80-A"},{"r":"112","t":"20:05:00","h":"Est","s":"25N-H56N000I-80-I"},{"r":"112","t":"20:05:00","h":"Est","s":"25N-H56N100F-80-F1"},{"r":"112","t":"20:05:00","h":"Est","s":"25N-H56N200F-80-F2"},{"r":"112","t":"20:05:00","h":"Est","s":"25N-H56N300F-80-F3"},{"r":"112","t":"20:05:00","h":"Est","s":"25N-H56N400F-80-F4"},{"r":"112","t":"20:05:00","h":"Est","s":"25N-H56NV10A-80-A"},{"r":"112","t":"20:05:00","h":"Est","s":"25N-H56NV10I-80-I"},{"r":"112","t":"20:05:00","h":"Est","s":"25N-H56NV20A-80-A"},{"r":"112","t":"20:05:00","h":"Est","s":"25N-H56NV20I-80-I"},{"r":"112","t":"20:05:00","h":"Est","s":"25S-H56S000A-80-A"},{"r":"112","t":"20:05:00","h":"Est","s":"25S-H56S000I-80-I"},{"r":"112","t":"20:05:00","h":"Est","s":"25S-H56S100F-80-F1"},{"r":"112","t":"20:05:00","h":"Est","s":"25S-H56S200F-81-F2"},{"r":"112","t":"20:28:00","h":"Est","s":"25N-H56N000S-80-S"},{"r":"112","t":"20:28:00","h":"Est","s":"25N-H56NV10S-80-S"},{"r":"112","t":"20:28:00","h":"Est","s":"25N-H56NV20S-80-S"},{"r":"112","t":"20:28:00","h":"Est","s":"25S-H56S000S-80-S"},{"r":"112","t":"20:33:00","h":"Est","s":"25N-H56N000A-80-A"},{"r":"112","t":"20:33:00","h":"Est","s":"25N-H56NV10A-80-A"},{"r":"112","t":"20:33:00","h":"Est","s":"25N-H56NV20A-80-A"},{"r":"112","t":"20:33:00","h":"Est","s":"25S-H56S000A-80-A"},{"r":"112","t":"20:34:00","h":"Est","s":"25N-H56N000I-80-I"},{"r":"112","t":"20:34:00","h":"Est","s":"25N-H56N100F-80-F1"},{"r":"112","t":"20:34:00","h":"Est","s":"25N-H56N200F-80-F2"},{"r":"112","t":"20:34:00","h":"Est","s":"25N-H56N300F-80-F3"},{"r":"112","t":"20:34:00","h":"Est","s":"25N-H56N400F-80-F4"},{"r":"112","t":"20:34:00","h":"Est","s":"25N-H56NV10I-80-I"},{"r":"112","t":"20:34:00","h":"Est","s":"25N-H56NV20I-80-I"},{"r":"112","t":"20:34:00","h":"Est","s":"25S-H56S000I-80-I"},{"r":"112","t":"20:34:00","h":"Est","s":"25S-H56S100F-80-F1"},{"r":"112","t":"20:34:00","h":"Est","s":"25S-H56S200F-81-F2"},{"r":"112","t":"20:57:00","h":"Est","s":"25N-H56N000S-80-S"},{"r":"112","t":"20:57:00","h":"Est","s":"25N-H56NV10S-80-S"},{"r":"112","t":"20:57:00","h":"Est","s":"25N-H56NV20S-80-S"},{"r":"112","t":"20:57:00","h":"Est","s":"25S-H56S000S-80-S"},{"r":"112","t":"21:02:00","h":"Est","s":"25N-H56N000A-80-A"},{"r":"112","t":"21:02:00","h":"Est","s":"25N-H56NV10A-80-A"},{"r":"112","t":"21:02:00","h":"Est","s":"25N-H56NV20A-80-A"},{"r":"112","t":"21:02:00","h":"Est","s":"25S-H56S000A-80-A"},{"r":"112","t":"21:03:00","h":"Est","s":"25N-H56N000I-80-I"},{"r":"112","t":"21:03:00","h":"Est","s":"25N-H56N100F-80-F1"},{"r":"112","t":"21:03:00","h":"Est","s":"25N-H56N200F-80-F2"},{"r":"112","t":"21:03:00","h":"Est","s":"25N-H56N300F-80-F3"},{"r":"112","t":"21:03:00","h":"Est","s":"25N-H56N400F-80-F4"},{"r":"112","t":"21:03:00","h":"Est","s":"25N-H56NV10I-80-I"},{"r":"112","t":"21:03:00","h":"Est","s":"25N-H56NV20I-80-I"},{"r":"112","t":"21:03:00","h":"Est","s":"25S-H56S000I-80-I"},{"r":"112","t":"21:03:00","h":"Est","s":"25S-H56S100F-80-F1"},{"r":"112","t":"21:03:00","h":"Est","s":"25S-H56S200F-81-F2"},{"r":"112","t":"21:26:00","h":"Est","s":"25N-H56N000S-80-S"},{"r":"112","t":"21:26:00","h":"Est","s":"25N-H56NV10S-80-S"},{"r":"112","t":"21:26:00","h":"Est","s":"25N-H56NV20S-80-S"},{"r":"112","t":"21:26:00","h":"Est","s":"25S-H56S000S-80-S"},{"r":"112","t":"21:32:00","h":"Est","s":"25N-H56N000A-80-A"},{"r":"112","t":"21:32:00","h":"Est","s":"25N-H56N000I-80-I"},{"r":"112","t":"21:32:00","h":"Est","s":"25N-H56N100F-80-F1"},{"r":"112","t":"21:32:00","h":"Est","s":"25N-H56N200F-80-F2"},{"r":"112","t":"21:32:00","h":"Est","s":"25N-H56N300F-80-F3"},{"r":"112","t":"21:32:00","h":"Est","s":"25N-H56N400F-80-F4"},{"r":"112","t":"21:32:00","h":"Est","s":"25N-H56NV10A-80-A"},{"r":"112","t":"21:32:00","h":"Est","s":"25N-H56NV10I-80-I"},{"r":"112","t":"21:32:00","h":"Est","s":"25N-H56NV20A-80-A"},{"r":"112","t":"21:32:00","h":"Est","s":"25N-H56NV20I-80-I"},{"r":"112","t":"21:32:00","h":"Est","s":"25S-H56S000A-80-A"},{"r":"112","t":"21:32:00","h":"Est","s":"25S-H56S000I-80-I"},{"r":"112","t":"21:32:00","h":"Est","s":"25S-H56S100F-80-F1"},{"r":"112","t":"21:32:00","h":"Est","s":"25S-H56S200F-81-F2"},{"r":"112","t":"21:55:00","h":"Est","s":"25N-H56N000S-80-S"},{"r":"112","t":"21:55:00","h":"Est","s":"25N-H56NV10S-80-S"},{"r":"112","t":"21:55:00","h":"Est","s":"25N-H56NV20S-80-S"},{"r":"112","t":"21:55:00","h":"Est","s":"25S-H56S000S-80-S"},{"r":"112","t":"22:01:00","h":"Est","s":"25N-H56N000I-80-I"},{"r":"112","t":"22:01:00","h":"Est","s":"25N-H56N100F-80-F1"},{"r":"112","t":"22:01:00","h":"Est","s":"25N-H56N200F-80-F2"},{"r":"112","t":"22:01:00","h":"Est","s":"25N-H56N300F-80-F3"},{"r":"112","t":"22:01:00","h":"Est","s":"25N-H56N400F-80-F4"},{"r":"112","t":"22:01:00","h":"Est","s":"25N-H56NV10I-80-I"},{"r":"112","t":"22:01:00","h":"Est","s":"25N-H56NV20I-80-I"},{"r":"112","t":"22:01:00","h":"Est","s":"25S-H56S000I-80-I"},{"r":"112","t":"22:01:00","h":"Est","s":"25S-H56S100F-80-F1"},{"r":"112","t":"22:01:00","h":"Est","s":"25S-H56S200F-81-F2"},{"r":"112","t":"22:02:00","h":"Est","s":"25N-H56N000A-80-A"},{"r":"112","t":"22:02:00","h":"Est","s":"25N-H56NV10A-80-A"},{"r":"112","t":"22:02:00","h":"Est","s":"25N-H56NV20A-80-A"},{"r":"112","t":"22:02:00","h":"Est","s":"25S-H56S000A-80-A"},{"r":"112","t":"22:23:00","h":"Est","s":"25N-H56N000S-80-S"},{"r":"112","t":"22:23:00","h":"Est","s":"25N-H56NV10S-80-S"},{"r":"112","t":"22:23:00","h":"Est","s":"25N-H56NV20S-80-S"},{"r":"112","t":"22:23:00","h":"Est","s":"25S-H56S000S-80-S"},{"r":"112","t":"22:29:00","h":"Est","s":"25N-H56N000I-80-I"},{"r":"112","t":"22:29:00","h":"Est","s":"25N-H56N100F-80-F1"},{"r":"112","t":"22:29:00","h":"Est","s":"25N-H56N200F-80-F2"},{"r":"112","t":"22:29:00","h":"Est","s":"25N-H56N300F-80-F3"},{"r":"112","t":"22:29:00","h":"Est","s":"25N-H56N400F-80-F4"},{"r":"112","t":"22:29:00","h":"Est","s":"25N-H56NV10I-80-I"},{"r":"112","t":"22:29:00","h":"Est","s":"25N-H56NV20I-80-I"},{"r":"112","t":"22:29:00","h":"Est","s":"25S-H56S000I-80-I"},{"r":"112","t":"22:29:00","h":"Est","s":"25S-H56S100F-80-F1"},{"r":"112","t":"22:29:00","h":"Est","s":"25S-H56S200F-81-F2"},{"r":"112","t":"22:30:00","h":"Est","s":"25N-H56N000A-80-A"},{"r":"112","t":"22:30:00","h":"Est","s":"25N-H56NV10A-80-A"},{"r":"112","t":"22:30:00","h":"Est","s":"25N-H56NV20A-80-A"},{"r":"112","t":"22:30:00","h":"Est","s":"25S-H56S000A-80-A"},{"r":"112","t":"22:49:00","h":"Est","s":"25N-H56N000S-80-S"},{"r":"112","t":"22:49:00","h":"Est","s":"25N-H56NV10S-80-S"},{"r":"112","t":"22:49:00","h":"Est","s":"25N-H56NV20S-80-S"},{"r":"112","t":"22:49:00","h":"Est","s":"25S-H56S000S-80-S"},{"r":"112","t":"22:57:00","h":"Est","s":"25N-H56N000A-80-A"},{"r":"112","t":"22:57:00","h":"Est","s":"25N-H56N000I-80-I"},{"r":"112","t":"22:57:00","h":"Est","s":"25N-H56N100F-80-F1"},{"r":"112","t":"22:57:00","h":"Est","s":"25N-H56N200F-80-F2"},{"r":"112","t":"22:57:00","h":"Est","s":"25N-H56N300F-80-F3"},{"r":"112","t":"22:57:00","h":"Est","s":"25N-H56N400F-80-F4"},{"r":"112","t":"22:57:00","h":"Est","s":"25N-H56NV10A-80-A"},{"r":"112","t":"22:57:00","h":"Est","s":"25N-H56NV10I-80-I"},{"r":"112","t":"22:57:00","h":"Est","s":"25N-H56NV20A-80-A"},{"r":"112","t":"22:57:00","h":"Est","s":"25N-H56NV20I-80-I"},{"r":"112","t":"22:57:00","h":"Est","s":"25S-H56S000A-80-A"},{"r":"112","t":"22:57:00","h":"Est","s":"25S-H56S000I-80-I"},{"r":"112","t":"22:57:00","h":"Est","s":"25S-H56S100F-80-F1"},{"r":"112","t":"22:57:00","h":"Est","s":"25S-H56S200F-81-F2"},{"r":"112","t":"23:18:00","h":"Est","s":"25N-H56N000S-80-S"},{"r":"112","t":"23:18:00","h":"Est","s":"25N-H56NV10S-80-S"},{"r":"112","t":"23:18:00","h":"Est","s":"25N-H56NV20S-80-S"},{"r":"112","t":"23:18:00","h":"Est","s":"25S-H56S000S-80-S"},{"r":"112","t":"23:23:00","h":"Est","s":"25N-H56N000A-80-A"},{"r":"112","t":"23:23:00","h":"Est","s":"25N-H56NV10A-80-A"},{"r":"112","t":"23:23:00","h":"Est","s":"25N-H56NV20A-80-A"},{"r":"112","t":"23:23:00","h":"Est","s":"25S-H56S000A-80-A"},{"r":"112","t":"23:24:00","h":"Est","s":"25N-H56N000I-80-I"},{"r":"112","t":"23:24:00","h":"Est","s":"25N-H56N100F-80-F1"},{"r":"112","t":"23:24:00","h":"Est","s":"25N-H56N200F-80-F2"},{"r":"112","t":"23:24:00","h":"Est","s":"25N-H56N300F-80-F3"},{"r":"112","t":"23:24:00","h":"Est","s":"25N-H56N400F-80-F4"},{"r":"112","t":"23:24:00","h":"Est","s":"25N-H56NV10I-80-I"},{"r":"112","t":"23:24:00","h":"Est","s":"25N-H56NV20I-80-I"},{"r":"112","t":"23:24:00","h":"Est","s":"25S-H56S000I-80-I"},{"r":"112","t":"23:24:00","h":"Est","s":"25S-H56S100F-80-F1"},{"r":"112","t":"23:24:00","h":"Est","s":"25S-H56S200F-81-F2"},{"r":"112","t":"23:48:00","h":"Est","s":"25N-H56N000S-80-S"},{"r":"112","t":"23:48:00","h":"Est","s":"25N-H56NV10S-80-S"},{"r":"112","t":"23:48:00","h":"Est","s":"25N-H56NV20S-80-S"},{"r":"112","t":"23:48:00","h":"Est","s":"25S-H56S000S-80-S"},{"r":"112","t":"23:50:00","h":"Est","s":"25N-H56N000I-80-I"},{"r":"112","t":"23:50:00","h":"Est","s":"25N-H56N100F-80-F1"},{"r":"112","t":"23:50:00","h":"Est","s":"25N-H56N200F-80-F2"},{"r":"112","t":"23:50:00","h":"Est","s":"25N-H56N300F-80-F3"},{"r":"112","t":"23:50:00","h":"Est","s":"25N-H56N400F-80-F4"},{"r":"112","t":"23:50:00","h":"Est","s":"25N-H56NV10I-80-I"},{"r":"112","t":"23:50:00","h":"Est","s":"25N-H56NV20I-80-I"},{"r":"112","t":"23:50:00","h":"Est","s":"25S-H56S000I-80-I"},{"r":"112","t":"23:50:00","h":"Est","s":"25S-H56S100F-80-F1"},{"r":"112","t":"23:50:00","h":"Est","s":"25S-H56S200F-81-F2"},{"r":"112","t":"23:51:00","h":"Est","s":"25N-H56N000A-80-A"},{"r":"112","t":"23:51:00","h":"Est","s":"25N-H56NV10A-80-A"},{"r":"112","t":"23:51:00","h":"Est","s":"25N-H56NV20A-80-A"},{"r":"112","t":"23:51:00","h":"Est","s":"25S-H56S000A-80-A"},{"r":"112","t":"24:19:00","h":"Est","s":"25N-H56N000I-80-I"},{"r":"112","t":"24:19:00","h":"Est","s":"25N-H56N000S-80-S"},{"r":"112","t":"24:19:00","h":"Est","s":"25N-H56N100F-80-F1"},{"r":"112","t":"24:19:00","h":"Est","s":"25N-H56N200F-80-F2"},{"r":"112","t":"24:19:00","h":"Est","s":"25N-H56N300F-80-F3"},{"r":"112","t":"24:19:00","h":"Est","s":"25N-H56N400F-80-F4"},{"r":"112","t":"24:19:00","h":"Est","s":"25N-H56NV10I-80-I"},{"r":"112","t":"24:19:00","h":"Est","s":"25N-H56NV10S-80-S"},{"r":"112","t":"24:19:00","h":"Est","s":"25N-H56NV20I-80-I"},{"r":"112","t":"24:19:00","h":"Est","s":"25N-H56NV20S-80-S"},{"r":"112","t":"24:19:00","h":"Est","s":"25S-H56S000I-80-I"},{"r":"112","t":"24:19:00","h":"Est","s":"25S-H56S000S-80-S"},{"r":"112","t":"24:19:00","h":"Est","s":"25S-H56S100F-80-F1"},{"r":"112","t":"24:19:00","h":"Est","s":"25S-H56S200F-81-F2"},{"r":"112","t":"24:21:00","h":"Est","s":"25N-H56N000A-80-A"},{"r":"112","t":"24:21:00","h":"Est","s":"25N-H56NV10A-80-A"},{"r":"112","t":"24:21:00","h":"Est","s":"25N-H56NV20A-80-A"},{"r":"112","t":"24:21:00","h":"Est","s":"25S-H56S000A-80-A"},{"r":"112","t":"24:49:00","h":"Est","s":"25N-H56N000I-80-I"},{"r":"112","t":"24:49:00","h":"Est","s":"25N-H56N100F-80-F1"},{"r":"112","t":"24:49:00","h":"Est","s":"25N-H56N200F-80-F2"},{"r":"112","t":"24:49:00","h":"Est","s":"25N-H56N300F-80-F3"},{"r":"112","t":"24:49:00","h":"Est","s":"25N-H56N400F-80-F4"},{"r":"112","t":"24:49:00","h":"Est","s":"25N-H56NV10I-80-I"},{"r":"112","t":"24:49:00","h":"Est","s":"25N-H56NV20I-80-I"},{"r":"112","t":"24:49:00","h":"Est","s":"25S-H56S000I-80-I"},{"r":"112","t":"24:49:00","h":"Est","s":"25S-H56S100F-80-F1"},{"r":"112","t":"24:49:00","h":"Est","s":"25S-H56S200F-81-F2"},{"r":"112","t":"24:51:00","h":"Est","s":"25N-H56N000A-80-A"},{"r":"112","t":"24:51:00","h":"Est","s":"25N-H56NV10A-80-A"},{"r":"112","t":"24:51:00","h":"Est","s":"25N-H56NV20A-80-A"},{"r":"112","t":"24:51:00","h":"Est","s":"25S-H56S000A-80-A"},{"r":"112","t":"24:52:00","h":"Est","s":"25N-H56N000S-80-S"},{"r":"112","t":"24:52:00","h":"Est","s":"25N-H56NV10S-80-S"},{"r":"112","t":"24:52:00","h":"Est","s":"25N-H56NV20S-80-S"},{"r":"112","t":"24:52:00","h":"Est","s":"25S-H56S000S-80-S"},{"r":"112","t":"25:19:00","h":"Est","s":"25N-H56N000I-80-I"},{"r":"112","t":"25:19:00","h":"Est","s":"25N-H56N100F-80-F1"},{"r":"112","t":"25:19:00","h":"Est","s":"25N-H56N200F-80-F2"},{"r":"112","t":"25:19:00","h":"Est","s":"25N-H56N300F-80-F3"},{"r":"112","t":"25:19:00","h":"Est","s":"25N-H56N400F-80-F4"},{"r":"112","t":"25:19:00","h":"Est","s":"25N-H56NV10I-80-I"},{"r":"112","t":"25:19:00","h":"Est","s":"25N-H56NV20I-80-I"},{"r":"112","t":"25:19:00","h":"Est","s":"25S-H56S000I-80-I"},{"r":"112","t":"25:19:00","h":"Est","s":"25S-H56S100F-80-F1"},{"r":"112","t":"25:19:00","h":"Est","s":"25S-H56S200F-81-F2"},{"r":"112","t":"25:20:00","h":"Est","s":"25N-H56N000A-80-A"},{"r":"112","t":"25:20:00","h":"Est","s":"25N-H56NV10A-80-A"},{"r":"112","t":"25:20:00","h":"Est","s":"25N-H56NV20A-80-A"},{"r":"112","t":"25:20:00","h":"Est","s":"25S-H56S000A-80-A"},{"r":"112","t":"25:21:00","h":"Est","s":"25N-H56N000S-80-S"},{"r":"112","t":"25:21:00","h":"Est","s":"25N-H56NV10S-80-S"},{"r":"112","t":"25:21:00","h":"Est","s":"25N-H56NV20S-80-S"},{"r":"112","t":"25:21:00","h":"Est","s":"25S-H56S000S-80-S"},{"r":"112","t":"25:47:00","h":"Est","s":"25N-H56N000I-80-I"},{"r":"112","t":"25:47:00","h":"Est","s":"25N-H56N100F-80-F1"},{"r":"112","t":"25:47:00","h":"Est","s":"25N-H56N200F-80-F2"},{"r":"112","t":"25:47:00","h":"Est","s":"25N-H56N300F-80-F3"},{"r":"112","t":"25:47:00","h":"Est","s":"25N-H56N400F-80-F4"},{"r":"112","t":"25:47:00","h":"Est","s":"25N-H56NV10I-80-I"},{"r":"112","t":"25:47:00","h":"Est","s":"25N-H56NV20I-80-I"},{"r":"112","t":"25:47:00","h":"Est","s":"25S-H56S000I-80-I"},{"r":"112","t":"25:47:00","h":"Est","s":"25S-H56S100F-80-F1"},{"r":"112","t":"25:47:00","h":"Est","s":"25S-H56S200F-81-F2"},{"r":"112","t":"25:49:00","h":"Est","s":"25N-H56N000A-80-A"},{"r":"112","t":"25:49:00","h":"Est","s":"25N-H56NV10A-80-A"},{"r":"112","t":"25:49:00","h":"Est","s":"25N-H56NV20A-80-A"},{"r":"112","t":"25:49:00","h":"Est","s":"25S-H56S000A-80-A"}]