[{"r":"196","t":"06:14:11","h":"Nord","s":"25N-H56N000S-80-S"},{"r":"196","t":"06:14:11","h":"Nord","s":"25N-H56NV10S-80-S"},{"r":"196","t":"06:14:11","h":"Nord","s":"25N-H56NV20S-80-S"},{"r":"196","t":"06:14:11","h":"Nord","s":"25N-H60N100F-81-F1"},{"r":"196","t":"06:14:11","h":"Nord","s":"25N-H60N200F-81-F2"},{"r":"196","t":"06:14:11","h":"Nord","s":"25N-H60N300F-82-F3"},{"r":"196","t":"06:14:11","h":"Nord","s":"25N-H60N400F-81-F4"},{"r":"196","t":"06:14:11","h":"Nord","s":"25S-H56S000S-80-S"},{"r":"196","t":"06:14:11","h":"Nord","s":"25S-H60S100F-82-F1"},{"r":"196","t":"06:14:11","h":"Nord","s":"25S-H60S200F-81-F2"},{"r":"196","t":"06:34:11","h":"Nord","s":"25N-H60N000S-80-S"},{"r":"196","t":"06:34:11","h":"Nord","s":"25N-H60N000S-98-S"},{"r":"196","t":"06:34:11","h":"Nord","s":"25N-H60NV10S-98-S"},{"r":"196","t":"06:34:11","h":"Nord","s":"25N-H60NV20S-98-S"},{"r":"196","t":"06:34:11","h":"Nord","s":"25S-H60S000S-80-S"},{"r":"196","t":"06:46:11","h":"Nord","s":"25N-H60N100F-81-F1"},{"r":"196","t":"06:46:11","h":"Nord","s":"25N-H60N200F-81-F2"},{"r":"196","t":"06:46:11","h":"Nord","s":"25N-H60N300F-82-F3"},{"r":"196","t":"06:46:11","h":"Nord","s":"25N-H60N400F-81-F4"},{"r":"196","t":"06:46:11","h":"Nord","s":"25S-H60S100F-82-F1"},{"r":"196","t":"06:46:11","h":"Nord","s":"25S-H60S200F-81-F2"},{"r":"196","t":"07:01:11","h":"Nord","s":"25N-H60N000S-80-S"},{"r":"196","t":"07:01:11","h":"Nord","s":"25N-H60N000S-98-S"},{"r":"196","t":"07:01:11","h":"Nord","s":"25N-H60NV10S-98-S"},{"r":"196","t":"07:01:11","h":"Nord","s":"25N-H60NV20S-98-S"},{"r":"196","t":"07:01:11","h":"Nord","s":"25S-H60S000S-80-S"},{"r":"196","t":"07:17:11","h":"Nord","s":"25N-H60N100F-81-F1"},{"r":"196","t":"07:17:11","h":"Nord","s":"25N-H60N200F-81-F2"},{"r":"196","t":"07:17:11","h":"Nord","s":"25N-H60N300F-82-F3"},{"r":"196","t":"07:17:11","h":"Nord","s":"25N-H60N400F-81-F4"},{"r":"196","t":"07:17:11","h":"Nord","s":"25S-H60S100F-82-F1"},{"r":"196","t":"07:17:11","h":"Nord","s":"25S-H60S200F-81-F2"},{"r":"196","t":"07:25:11","h":"Nord","s":"25N-H60N000S-80-S"},{"r":"196","t":"07:25:11","h":"Nord","s":"25N-H60N000S-98-S"},{"r":"196","t":"07:25:11","h":"Nord","s":"25N-H60NV10S-98-S"},{"r":"196","t":"07:25:11","h":"Nord","s":"25N-H60NV20S-98-S"},{"r":"196","t":"07:25:11","h":"Nord","s":"25S-H60S000S-80-S"},{"r":"196","t":"07:49:11","h":"Nord","s":"25N-H60N000S-80-S"},{"r":"196","t":"07:49:11","h":"Nord","s":"25N-H60N000S-98-S"},{"r":"196","t":"07:49:11","h":"Nord","s":"25N-H60N100F-81-F1"},{"r":"196","t":"07:49:11","h":"Nord","s":"25N-H60N200F-81-F2"},{"r":"196","t":"07:49:11","h":"Nord","s":"25N-H60N300F-82-F3"},{"r":"196","t":"07:49:11","h":"Nord","s":"25N-H60N400F-81-F4"},{"r":"196","t":"07:49:11","h":"Nord","s":"25N-H60NV10S-98-S"},{"r":"196","t":"07:49:11","h":"Nord","s":"25N-H60NV20S-98-S"},{"r":"196","t":"07:49:11","h":"Nord","s":"25S-H60S000S-80-S"},{"r":"196","t":"07:49:11","h":"Nord","s":"25S-H60S100F-82-F1"},{"r":"196","t":"07:49:11","h":"Nord","s":"25S-H60S200F-81-F2"},{"r":"196","t":"08:09:11","h":"Nord","s":"25N-H60N000S-80-S"},{"r":"196","t":"08:09:11","h":"Nord","s":"25N-H60N000S-98-S"},{"r":"196","t":"08:09:11","h":"Nord","s":"25N-H60NV10S-98-S"},{"r":"196","t":"08:09:11","h":"Nord","s":"25N-H60NV20S-98-S"},{"r":"196","t":"08:09:11","h":"Nord","s":"25S-H60S000S-80-S"},{"r":"196","t":"08:19:11","h":"Nord","s":"25N-H60N100F-81-F1"},{"r":"196","t":"08:19:11","h":"Nord","s":"25N-H60N200F-81-F2"},{"r":"196","t":"08:19:11","h":"Nord","s":"25N-H60N300F-82-F3"},{"r":"196","t":"08:19:11","h":"Nord","s":"25N-H60N400F-81-F4"},{"r":"196","t":"08:19:11","h":"Nord","s":"25S-H60S100F-82-F1"},{"r":"196","t":"08:19:11","h":"Nord","s":"25S-H60S200F-81-F2"},{"r":"196","t":"08:26:11","h":"Nord","s":"25N-H60N000S-80-S"},{"r":"196","t":"08:26:11","h":"Nord","s":"25N-H60N000S-98-S"},{"r":"196","t":"08:26:11","h":"Nord","s":"25N-H60NV10S-98-S"},{"r":"196","t":"08:26:11","h":"Nord","s":"25N-H60NV20S-98-S"},{"r":"196","t":"08:26:11","h":"Nord","s":"25S-H60S000S-80-S"},{"r":"196","t":"08:42:39","h":"Nord","s":"25N-H60N000S-80-S"},{"r":"196","t":"08:42:39","h":"Nord","s":"25N-H60N000S-98-S"},{"r":"196","t":"08:42:39","h":"Nord","s":"25N-H60NV10S-98-S"},{"r":"196","t":"08:42:39","h":"Nord","s":"25N-H60NV20S-98-S"},{"r":"196","t":"08:42:39","h":"Nord","s":"25S-H60S000S-80-S"},{"r":"196","t":"08:44:39","h":"Nord","s":"25N-H60N100F-81-F1"},{"r":"196","t":"08:44:39","h":"Nord","s":"25N-H60N200F-81-F2"},{"r":"196","t":"08:44:39","h":"Nord","s":"25N-H60N300F-82-F3"},{"r":"196","t":"08:44:39","h":"Nord","s":"25N-H60N400F-81-F4"},{"r":"196","t":"08:44:39","h":"Nord","s":"25S-H60S100F-82-F1"},{"r":"196","t":"08:44:39","h":"Nord","s":"25S-H60S200F-81-F2"},{"r":"196","t":"09:00:39","h":"Nord","s":"25N-H60N000S-80-S"},{"r":"196","t":"09:00:39","h":"Nord","s":"25N-H60N000S-98-S"},{"r":"196","t":"09:00:39","h":"Nord","s":"25N-H60NV10S-98-S"},{"r":"196","t":"09:00:39","h":"Nord","s":"25N-H60NV20S-98-S"},{"r":"196","t":"09:00:39","h":"Nord","s":"25S-H60S000S-80-S"},{"r":"196","t":"09:14:39","h":"Nord","s":"25N-H60N100F-81-F1"},{"r":"196","t":"09:14:39","h":"Nord","s":"25N-H60N200F-81-F2"},{"r":"196","t":"09:14:39","h":"Nord","s":"25N-H60N300F-82-F3"},{"r":"196","t":"09:14:39","h":"Nord","s":"25N-H60N400F-81-F4"},{"r":"196","t":"09:14:39","h":"Nord","s":"25S-H60S100F-82-F1"},{"r":"196","t":"09:14:39","h":"Nord","s":"25S-H60S200F-81-F2"},{"r":"196","t":"09:19:39","h":"Nord","s":"25N-H60N000S-80-S"},{"r":"196","t":"09:19:39","h":"Nord","s":"25N-H60N000S-98-S"},{"r":"196","t":"09:19:39","h":"Nord","s":"25N-H60NV10S-98-S"},{"r":"196","t":"09:19:39","h":"Nord","s":"25N-H60NV20S-98-S"},{"r":"196","t":"09:19:39","h":"Nord","s":"25S-H60S000S-80-S"},{"r":"196","t":"09:45:39","h":"Nord","s":"25N-H60N100F-81-F1"},{"r":"196","t":"09:45:39","h":"Nord","s":"25N-H60N200F-81-F2"},{"r":"196","t":"09:45:39","h":"Nord","s":"25N-H60N300F-82-F3"},{"r":"196","t":"09:45:39","h":"Nord","s":"25N-H60N400F-81-F4"},{"r":"196","t":"09:45:39","h":"Nord","s":"25S-H60S100F-82-F1"},{"r":"196","t":"09:45:39","h":"Nord","s":"25S-H60S200F-81-F2"},{"r":"196","t":"09:46:39","h":"Nord","s":"25N-H60N000S-80-S"},{"r":"196","t":"09:46:39","h":"Nord","s":"25N-H60N000S-98-S"},{"r":"196","t":"09:46:39","h":"Nord","s":"25N-H60NV10S-98-S"},{"r":"196","t":"09:46:39","h":"Nord","s":"25N-H60NV20S-98-S"},{"r":"196","t":"09:46:39","h":"Nord","s":"25S-H60S000S-80-S"},{"r":"196","t":"10:15:39","h":"Nord","s":"25N-H60N000S-80-S"},{"r":"196","t":"10:15:39","h":"Nord","s":"25N-H60N000S-98-S"},{"r":"196","t":"10:15:39","h":"Nord","s":"25N-H60N100F-81-F1"},{"r":"196","t":"10:15:39","h":"Nord","s":"25N-H60N200F-81-F2"},{"r":"196","t":"10:15:39","h":"Nord","s":"25N-H60N300F-82-F3"},{"r":"196","t":"10:15:39","h":"Nord","s":"25N-H60N400F-81-F4"},{"r":"196","t":"10:15:39","h":"Nord","s":"25N-H60NV10S-98-S"},{"r":"196","t":"10:15:39","h":"Nord","s":"25N-H60NV20S-98-S"},{"r":"196","t":"10:15:39","h":"Nord","s":"25S-H60S000S-80-S"},{"r":"196","t":"10:15:39","h":"Nord","s":"25S-H60S100F-82-F1"},{"r":"196","t":"10:15:39","h":"Nord","s":"25S-H60S200F-81-F2"},{"r":"196","t":"10:43:39","h":"Nord","s":"25N-H60N000S-80-S"},{"r":"196","t":"10:43:39","h":"Nord","s":"25N-H60N000S-98-S"},{"r":"196","t":"10:43:39","h":"Nord","s":"25N-H60N100F-81-F1"},{"r":"196","t":"10:43:39","h":"Nord","s":"25N-H60N200F-81-F2"},{"r":"196","t":"10:43:39","h":"Nord","s":"25N-H60N300F-82-F3"},{"r":"196","t":"10:43:39","h":"Nord","s":"25N-H60N400F-81-F4"},{"r":"196","t":"10:43:39","h":"Nord","s":"25N-H60NV10S-98-S"},{"r":"196","t":"10:43:39","h":"Nord","s":"25N-H60NV20S-98-S"},{"r":"196","t":"10:43:39","h":"Nord","s":"25S-H60S000S-80-S"},{"r":"196","t":"10:43:39","h":"Nord","s":"25S-H60S100F-82-F1"},{"r":"196","t":"10:43:39","h":"Nord","s":"25S-H60S200F-81-F2"},{"r":"196","t":"11:11:39","h":"Nord","s":"25N-H60N000S-80-S"},{"r":"196","t":"11:11:39","h":"Nord","s":"25N-H60N000S-98-S"},{"r":"196","t":"11:11:39","h":"Nord","s":"25N-H60N100F-81-F1"},{"r":"196","t":"11:11:39","h":"Nord","s":"25N-H60N200F-81-F2"},{"r":"196","t":"11:11:39","h":"Nord","s":"25N-H60N300F-82-F3"},{"r":"196","t":"11:11:39","h":"Nord","s":"25N-H60N400F-81-F4"},{"r":"196","t":"11:11:39","h":"Nord","s":"25N-H60NV10S-98-S"},{"r":"196","t":"11:11:39","h":"Nord","s":"25N-H60NV20S-98-S"},{"r":"196","t":"11:11:39","h":"Nord","s":"25S-H60S000S-80-S"},{"r":"196","t":"11:11:39","h":"Nord","s":"25S-H60S100F-82-F1"},{"r":"196","t":"11:11:39","h":"Nord","s":"25S-H60S200F-81-F2"},{"r":"196","t":"11:39:39","h":"Nord","s":"25N-H60N000S-80-S"},{"r":"196","t":"11:39:39","h":"Nord","s":"25N-H60N000S-98-S"},{"r":"196","t":"11:39:39","h":"Nord","s":"25N-H60N100F-81-F1"},{"r":"196","t":"11:39:39","h":"Nord","s":"25N-H60N200F-81-F2"},{"r":"196","t":"11:39:39","h":"Nord","s":"25N-H60N300F-82-F3"},{"r":"196","t":"11:39:39","h":"Nord","s":"25N-H60N400F-81-F4"},{"r":"196","t":"11:39:39","h":"Nord","s":"25N-H60NV10S-98-S"},{"r":"196","t":"11:39:39","h":"Nord","s":"25N-H60NV20S-98-S"},{"r":"196","t":"11:39:39","h":"Nord","s":"25S-H60S000S-80-S"},{"r":"196","t":"11:39:39","h":"Nord","s":"25S-H60S100F-82-F1"},{"r":"196","t":"11:39:39","h":"Nord","s":"25S-H60S200F-81-F2"},{"r":"196","t":"12:07:39","h":"Nord","s":"25N-H60N000S-80-S"},{"r":"196","t":"12:07:39","h":"Nord","s":"25N-H60N000S-98-S"},{"r":"196","t":"12:07:39","h":"Nord","s":"25N-H60N100F-81-F1"},{"r":"196","t":"12:07:39","h":"Nord","s":"25N-H60N200F-81-F2"},{"r":"196","t":"12:07:39","h":"Nord","s":"25N-H60N300F-82-F3"},{"r":"196","t":"12:07:39","h":"Nord","s":"25N-H60N400F-81-F4"},{"r":"196","t":"12:07:39","h":"Nord","s":"25N-H60NV10S-98-S"},{"r":"196","t":"12:07:39","h":"Nord","s":"25N-H60NV20S-98-S"},{"r":"196","t":"12:07:39","h":"Nord","s":"25S-H60S000S-80-S"},{"r":"196","t":"12:07:39","h":"Nord","s":"25S-H60S100F-82-F1"},{"r":"196","t":"12:07:39","h":"Nord","s":"25S-H60S200F-81-F2"},{"r":"196","t":"12:35:11","h":"Nord","s":"25N-H60N000S-80-S"},{"r":"196","t":"12:35:11","h":"Nord","s":"25N-H60N000S-98-S"},{"r":"196","t":"12:35:11","h":"Nord","s":"25N-H60N100F-81-F1"},{"r":"196","t":"12:35:11","h":"Nord","s":"25N-H60N200F-81-F2"},{"r":"196","t":"12:35:11","h":"Nord","s":"25N-H60N300F-82-F3"},{"r":"196","t":"12:35:11","h":"Nord","s":"25N-H60N400F-81-F4"},{"r":"196","t":"12:35:11","h":"Nord","s":"25N-H60NV10S-98-S"},{"r":"196","t":"12:35:11","h":"Nord","s":"25N-H60NV20S-98-S"},{"r":"196","t":"12:35:11","h":"Nord","s":"25S-H60S000S-80-S"},{"r":"196","t":"12:35:11","h":"Nord","s":"25S-H60S100F-82-F1"},{"r":"196","t":"12:35:11","h":"Nord","s":"25S-H60S200F-81-F2"},{"r":"196","t":"13:03:11","h":"Nord","s":"25N-H60N000S-80-S"},{"r":"196","t":"13:03:11","h":"Nord","s":"25N-H60N000S-98-S"},{"r":"196","t":"13:03:11","h":"Nord","s":"25N-H60N100F-81-F1"},{"r":"196","t":"13:03:11","h":"Nord","s":"25N-H60N200F-81-F2"},{"r":"196","t":"13:03:11","h":"Nord","s":"25N-H60N300F-82-F3"},{"r":"196","t":"13:03:11","h":"Nord","s":"25N-H60N400F-81-F4"},{"r":"196","t":"13:03:11","h":"Nord","s":"25N-H60NV10S-98-S"},{"r":"196","t":"13:03:11","h":"Nord","s":"25N-H60NV20S-98-S"},{"r":"196","t":"13:03:11","h":"Nord","s":"25S-H60S000S-80-S"},{"r":"196","t":"13:03:11","h":"Nord","s":"25S-H60S100F-82-F1"},{"r":"196","t":"13:03:11","h":"Nord","s":"25S-H60S200F-81-F2"},{"r":"196","t":"13:31:11","h":"Nord","s":"25N-H60N000S-80-S"},{"r":"196","t":"13:31:11","h":"Nord","s":"25N-H60N000S-98-S"},{"r":"196","t":"13:31:11","h":"Nord","s":"25N-H60N100F-81-F1"},{"r":"196","t":"13:31:11","h":"Nord","s":"25N-H60N200F-81-F2"},{"r":"196","t":"13:31:11","h":"Nord","s":"25N-H60N300F-82-F3"},{"r":"196","t":"13:31:11","h":"Nord","s":"25N-H60N400F-81-F4"},{"r":"196","t":"13:31:11","h":"Nord","s":"25N-H60NV10S-98-S"},{"r":"196","t":"13:31:11","h":"Nord","s":"25N-H60NV20S-98-S"},{"r":"196","t":"13:31:11","h":"Nord","s":"25S-H60S000S-80-S"},{"r":"196","t":"13:31:11","h":"Nord","s":"25S-H60S100F-82-F1"},{"r":"196","t":"13:31:11","h":"Nord","s":"25S-H60S200F-81-F2"},{"r":"196","t":"13:59:43","h":"Nord","s":"25N-H60N000S-80-S"},{"r":"196","t":"13:59:43","h":"Nord","s":"25N-H60N000S-98-S"},{"r":"196","t":"13:59:43","h":"Nord","s":"25N-H60N100F-81-F1"},{"r":"196","t":"13:59:43","h":"Nord","s":"25N-H60N200F-81-F2"},{"r":"196","t":"13:59:43","h":"Nord","s":"25N-H60N300F-82-F3"},{"r":"196","t":"13:59:43","h":"Nord","s":"25N-H60N400F-81-F4"},{"r":"196","t":"13:59:43","h":"Nord","s":"25N-H60NV10S-98-S"},{"r":"196","t":"13:59:43","h":"Nord","s":"25N-H60NV20S-98-S"},{"r":"196","t":"13:59:43","h":"Nord","s":"25S-H60S000S-80-S"},{"r":"196","t":"13:59:43","h":"Nord","s":"25S-H60S100F-82-F1"},{"r":"196","t":"13:59:43","h":"Nord","s":"25S-H60S200F-81-F2"},{"r":"196","t":"14:28:43","h":"Nord","s":"25N-H60N000S-80-S"},{"r":"196","t":"14:28:43","h":"Nord","s":"25N-H60N000S-98-S"},{"r":"196","t":"14:28:43","h":"Nord","s":"25N-H60N100F-81-F1"},{"r":"196","t":"14:28:43","h":"Nord","s":"25N-H60N200F-81-F2"},{"r":"196","t":"14:28:43","h":"Nord","s":"25N-H60N300F-82-F3"},{"r":"196","t":"14:28:43","h":"Nord","s":"25N-H60N400F-81-F4"},{"r":"196","t":"14:28:43","h":"Nord","s":"25N-H60NV10S-98-S"},{"r":"196","t":"14:28:43","h":"Nord","s":"25N-H60NV20S-98-S"},{"r":"196","t":"14:28:43","h":"Nord","s":"25S-H60S000S-80-S"},{"r":"196","t":"14:28:43","h":"Nord","s":"25S-H60S100F-82-F1"},{"r":"196","t":"14:28:43","h":"Nord","s":"25S-H60S200F-81-F2"},{"r":"196","t":"14:38:43","h":"Nord","s":"25N-H60N000S-80-S"},{"r":"196","t":"14:38:43","h":"Nord","s":"25N-H60N000S-98-S"},{"r":"196","t":"14:38:43","h":"Nord","s":"25N-H60NV10S-98-S"},{"r":"196","t":"14:38:43","h":"Nord","s":"25N-H60NV20S-98-S"},{"r":"196","t":"14:38:43","h":"Nord","s":"25S-H60S000S-80-S"},{"r":"196","t":"14:48:43","h":"Nord","s":"25N-H60N000S-80-S"},{"r":"196","t":"14:48:43","h":"Nord","s":"25N-H60N000S-98-S"},{"r":"196","t":"14:48:43","h":"Nord","s":"25N-H60NV10S-98-S"},{"r":"196","t":"14:48:43","h":"Nord","s":"25N-H60NV20S-98-S"},{"r":"196","t":"14:48:43","h":"Nord","s":"25S-H60S000S-80-S"},{"r":"196","t":"14:58:43","h":"Nord","s":"25N-H60N000S-80-S"},{"r":"196","t":"14:58:43","h":"Nord","s":"25N-H60N000S-98-S"},{"r":"196","t":"14:58:43","h":"Nord","s":"25N-H60N100F-81-F1"},{"r":"196","t":"14:58:43","h":"Nord","s":"25N-H60N200F-81-F2"},{"r":"196","t":"14:58:43","h":"Nord","s":"25N-H60N300F-82-F3"},{"r":"196","t":"14:58:43","h":"Nord","s":"25N-H60N400F-81-F4"},{"r":"196","t":"14:58:43","h":"Nord","s":"25N-H60NV10S-98-S"},{"r":"196","t":"14:58:43","h":"Nord","s":"25N-H60NV20S-98-S"},{"r":"196","t":"14:58:43","h":"Nord","s":"25S-H60S000S-80-S"},{"r":"196","t":"14:58:43","h":"Nord","s":"25S-H60S100F-82-F1"},{"r":"196","t":"14:58:43","h":"Nord","s":"25S-H60S200F-81-F2"},{"r":"196","t":"15:06:43","h":"Nord","s":"25N-H60N000S-80-S"},{"r":"196","t":"15:06:43","h":"Nord","s":"25N-H60N000S-98-S"},{"r":"196","t":"15:06:43","h":"Nord","s":"25N-H60NV10S-98-S"},{"r":"196","t":"15:06:43","h":"Nord","s":"25N-H60NV20S-98-S"},{"r":"196","t":"15:06:43","h":"Nord","s":"25S-H60S000S-80-S"},{"r":"196","t":"15:13:43","h":"Nord","s":"25N-H60N000S-80-S"},{"r":"196","t":"15:13:43","h":"Nord","s":"25N-H60N000S-98-S"},{"r":"196","t":"15:13:43","h":"Nord","s":"25N-H60NV10S-98-S"},{"r":"196","t":"15:13:43","h":"Nord","s":"25N-H60NV20S-98-S"},{"r":"196","t":"15:13:43","h":"Nord","s":"25S-H60S000S-80-S"},{"r":"196","t":"15:19:43","h":"Nord","s":"25N-H60N000S-80-S"},{"r":"196","t":"15:19:43","h":"Nord","s":"25N-H60N000S-98-S"},{"r":"196","t":"15:19:43","h":"Nord","s":"25N-H60NV10S-98-S"},{"r":"196","t":"15:19:43","h":"Nord","s":"25N-H60NV20S-98-S"},{"r":"196","t":"15:19:43","h":"Nord","s":"25S-H60S000S-80-S"},{"r":"196","t":"15:24:43","h":"Nord","s":"25N-H60N000S-80-S"},{"r":"196","t":"15:24:43","h":"Nord","s":"25N-H60N000S-98-S"},{"r":"196","t":"15:24:43","h":"Nord","s":"25N-H60NV10S-98-S"},{"r":"196","t":"15:24:43","h":"Nord","s":"25N-H60NV20S-98-S"},{"r":"196","t":"15:24:43","h":"Nord","s":"25S-H60S000S-80-S"},{"r":"196","t":"15:28:43","h":"Nord","s":"25N-H60N100F-81-F1"},{"r":"196","t":"15:28:43","h":"Nord","s":"25N-H60N200F-81-F2"},{"r":"196","t":"15:28:43","h":"Nord","s":"25N-H60N300F-82-F3"},{"r":"196","t":"15:28:43","h":"Nord","s":"25N-H60N400F-81-F4"},{"r":"196","t":"15:28:43","h":"Nord","s":"25S-H60S100F-82-F1"},{"r":"196","t":"15:28:43","h":"Nord","s":"25S-H60S200F-81-F2"},{"r":"196","t":"15:29:43","h":"Nord","s":"25N-H60N000S-80-S"},{"r":"196","t":"15:29:43","h":"Nord","s":"25N-H60N000S-98-S"},{"r":"196","t":"15:29:43","h":"Nord","s":"25N-H60NV10S-98-S"},{"r":"196","t":"15:29:43","h":"Nord","s":"25N-H60NV20S-98-S"},{"r":"196","t":"15:29:43","h":"Nord","s":"25S-H60S000S-80-S"},{"r":"196","t":"15:34:43","h":"Nord","s":"25N-H60N000S-80-S"},{"r":"196","t":"15:34:43","h":"Nord","s":"25N-H60N000S-98-S"},{"r":"196","t":"15:34:43","h":"Nord","s":"25N-H60NV10S-98-S"},{"r":"196","t":"15:34:43","h":"Nord","s":"25N-H60NV20S-98-S"},{"r":"196","t":"15:34:43","h":"Nord","s":"25S-H60S000S-80-S"},{"r":"196","t":"15:39:43","h":"Nord","s":"25N-H60N000S-80-S"},{"r":"196","t":"15:39:43","h":"Nord","s":"25N-H60N000S-98-S"},{"r":"196","t":"15:39:43","h":"Nord","s":"25N-H60NV10S-98-S"},{"r":"196","t":"15:39:43","h":"Nord","s":"25N-H60NV20S-98-S"},{"r":"196","t":"15:39:43","h":"Nord","s":"25S-H60S000S-80-S"},{"r":"196","t":"15:44:43","h":"Nord","s":"25N-H60N000S-80-S"},{"r":"196","t":"15:44:43","h":"Nord","s":"25N-H60N000S-98-S"},{"r":"196","t":"15:44:43","h":"Nord","s":"25N-H60NV10S-98-S"},{"r":"196","t":"15:44:43","h":"Nord","s":"25N-H60NV20S-98-S"},{"r":"196","t":"15:44:43","h":"Nord","s":"25S-H60S000S-80-S"},{"r":"196","t":"15:51:43","h":"Nord","s":"25N-H60N000S-80-S"},{"r":"196","t":"15:51:43","h":"Nord","s":"25N-H60N000S-98-S"},{"r":"196","t":"15:51:43","h":"Nord","s":"25N-H60NV10S-98-S"},{"r":"196","t":"15:51:43","h":"Nord","s":"25N-H60NV20S-98-S"},{"r":"196","t":"15:51:43","h":"Nord","s":"25S-H60S000S-80-S"},{"r":"196","t":"15:58:43","h":"Nord","s":"25N-H60N000S-80-S"},{"r":"196","t":"15:58:43","h":"Nord","s":"25N-H60N000S-98-S"},{"r":"196","t":"15:58:43","h":"Nord","s":"25N-H60N100F-81-F1"},{"r":"196","t":"15:58:43","h":"Nord","s":"25N-H60N200F-81-F2"},{"r":"196","t":"15:58:43","h":"Nord","s":"25N-H60N300F-82-F3"},{"r":"196","t":"15:58:43","h":"Nord","s":"25N-H60N400F-81-F4"},{"r":"196","t":"15:58:43","h":"Nord","s":"25N-H60NV10S-98-S"},{"r":"196","t":"15:58:43","h":"Nord","s":"25N-H60NV20S-98-S"},{"r":"196","t":"15:58:43","h":"Nord","s":"25S-H60S000S-80-S"},{"r":"196","t":"15:58:43","h":"Nord","s":"25S-H60S100F-82-F1"},{"r":"196","t":"15:58:43","h":"Nord","s":"25S-H60S200F-81-F2"},{"r":"196","t":"16:05:43","h":"Nord","s":"25N-H60N000S-80-S"},{"r":"196","t":"16:05:43","h":"Nord","s":"25N-H60N000S-98-S"},{"r":"196","t":"16:05:43","h":"Nord","s":"25N-H60NV10S-98-S"},{"r":"196","t":"16:05:43","h":"Nord","s":"25N-H60NV20S-98-S"},{"r":"196","t":"16:05:43","h":"Nord","s":"25S-H60S000S-80-S"},{"r":"196","t":"16:12:43","h":"Nord","s":"25N-H60N000S-80-S"},{"r":"196","t":"16:12:43","h":"Nord","s":"25N-H60N000S-98-S"},{"r":"196","t":"16:12:43","h":"Nord","s":"25N-H60NV10S-98-S"},{"r":"196","t":"16:12:43","h":"Nord","s":"25N-H60NV20S-98-S"},{"r":"196","t":"16:12:43","h":"Nord","s":"25S-H60S000S-80-S"},{"r":"196","t":"16:18:43","h":"Nord","s":"25N-H60N000S-80-S"},{"r":"196","t":"16:18:43","h":"Nord","s":"25N-H60N000S-98-S"},{"r":"196","t":"16:18:43","h":"Nord","s":"25N-H60NV10S-98-S"},{"r":"196","t":"16:18:43","h":"Nord","s":"25N-H60NV20S-98-S"},{"r":"196","t":"16:18:43","h":"Nord","s":"25S-H60S000S-80-S"},{"r":"196","t":"16:24:43","h":"Nord","s":"25N-H56N000S-80-S"},{"r":"196","t":"16:24:43","h":"Nord","s":"25N-H56NV10S-80-S"},{"r":"196","t":"16:24:43","h":"Nord","s":"25N-H56NV20S-80-S"},{"r":"196","t":"16:24:43","h":"Nord","s":"25S-H56S000S-80-S"},{"r":"196","t":"16:28:43","h":"Nord","s":"25N-H60N100F-81-F1"},{"r":"196","t":"16:28:43","h":"Nord","s":"25N-H60N200F-81-F2"},{"r":"196","t":"16:28:43","h":"Nord","s":"25N-H60N300F-82-F3"},{"r":"196","t":"16:28:43","h":"Nord","s":"25N-H60N400F-81-F4"},{"r":"196","t":"16:28:43","h":"Nord","s":"25S-H60S100F-82-F1"},{"r":"196","t":"16:28:43","h":"Nord","s":"25S-H60S200F-81-F2"},{"r":"196","t":"16:30:43","h":"Nord","s":"25N-H60N000S-80-S"},{"r":"196","t":"16:30:43","h":"Nord","s":"25N-H60N000S-98-S"},{"r":"196","t":"16:30:43","h":"Nord","s":"25N-H60NV10S-98-S"},{"r":"196","t":"16:30:43","h":"Nord","s":"25N-H60NV20S-98-S"},{"r":"196","t":"16:30:43","h":"Nord","s":"25S-H60S000S-80-S"},{"r":"196","t":"16:37:43","h":"Nord","s":"25N-H60N000S-80-S"},{"r":"196","t":"16:37:43","h":"Nord","s":"25N-H60N000S-98-S"},{"r":"196","t":"16:37:43","h":"Nord","s":"25N-H60NV10S-98-S"},{"r":"196","t":"16:37:43","h":"Nord","s":"25N-H60NV20S-98-S"},{"r":"196","t":"16:37:43","h":"Nord","s":"25S-H60S000S-80-S"},{"r":"196","t":"16:44:43","h":"Nord","s":"25N-H60N000S-80-S"},{"r":"196","t":"16:44:43","h":"Nord","s":"25N-H60N000S-98-S"},{"r":"196","t":"16:44:43","h":"Nord","s":"25N-H60NV10S-98-S"},{"r":"196","t":"16:44:43","h":"Nord","s":"25N-H60NV20S-98-S"},{"r":"196","t":"16:44:43","h":"Nord","s":"25S-H60S000S-80-S"},{"r":"196","t":"16:54:43","h":"Nord","s":"25N-H60N000S-80-S"},{"r":"196","t":"16:54:43","h":"Nord","s":"25N-H60N000S-98-S"},{"r":"196","t":"16:54:43","h":"Nord","s":"25N-H60NV10S-98-S"},{"r":"196","t":"16:54:43","h":"Nord","s":"25N-H60NV20S-98-S"},{"r":"196","t":"16:54:43","h":"Nord","s":"25S-H60S000S-80-S"},{"r":"196","t":"16:58:43","h":"Nord","s":"25N-H60N100F-81-F1"},{"r":"196","t":"16:58:43","h":"Nord","s":"25N-H60N200F-81-F2"},{"r":"196","t":"16:58:43","h":"Nord","s":"25N-H60N300F-82-F3"},{"r":"196","t":"16:58:43","h":"Nord","s":"25N-H60N400F-81-F4"},{"r":"196","t":"16:58:43","h":"Nord","s":"25S-H60S100F-82-F1"},{"r":"196","t":"16:58:43","h":"Nord","s":"25S-H60S200F-81-F2"},{"r":"196","t":"17:04:43","h":"Nord","s":"25N-H60N000S-80-S"},{"r":"196","t":"17:04:43","h":"Nord","s":"25N-H60N000S-98-S"},{"r":"196","t":"17:04:43","h":"Nord","s":"25N-H60NV10S-98-S"},{"r":"196","t":"17:04:43","h":"Nord","s":"25N-H60NV20S-98-S"},{"r":"196","t":"17:04:43","h":"Nord","s":"25S-H60S000S-80-S"},{"r":"196","t":"17:15:43","h":"Nord","s":"25N-H60N000S-80-S"},{"r":"196","t":"17:15:43","h":"Nord","s":"25N-H60N000S-98-S"},{"r":"196","t":"17:15:43","h":"Nord","s":"25N-H60NV10S-98-S"},{"r":"196","t":"17:15:43","h":"Nord","s":"25N-H60NV20S-98-S"},{"r":"196","t":"17:15:43","h":"Nord","s":"25S-H60S000S-80-S"},{"r":"196","t":"17:26:43","h":"Nord","s":"25N-H60N000S-80-S"},{"r":"196","t":"17:26:43","h":"Nord","s":"25N-H60N000S-98-S"},{"r":"196","t":"17:26:43","h":"Nord","s":"25N-H60NV10S-98-S"},{"r":"196","t":"17:26:43","h":"Nord","s":"25N-H60NV20S-98-S"},{"r":"196","t":"17:26:43","h":"Nord","s":"25S-H60S000S-80-S"},{"r":"196","t":"17:28:43","h":"Nord","s":"25N-H60N100F-81-F1"},{"r":"196","t":"17:28:43","h":"Nord","s":"25N-H60N200F-81-F2"},{"r":"196","t":"17:28:43","h":"Nord","s":"25N-H60N300F-82-F3"},{"r":"196","t":"17:28:43","h":"Nord","s":"25N-H60N400F-81-F4"},{"r":"196","t":"17:28:43","h":"Nord","s":"25S-H60S100F-82-F1"},{"r":"196","t":"17:28:43","h":"Nord","s":"25S-H60S200F-81-F2"},{"r":"196","t":"17:36:11","h":"Nord","s":"25N-H60N000S-80-S"},{"r":"196","t":"17:36:11","h":"Nord","s":"25N-H60N000S-98-S"},{"r":"196","t":"17:36:11","h":"Nord","s":"25N-H60NV10S-98-S"},{"r":"196","t":"17:36:11","h":"Nord","s":"25N-H60NV20S-98-S"},{"r":"196","t":"17:36:11","h":"Nord","s":"25S-H60S000S-80-S"},{"r":"196","t":"17:45:11","h":"Nord","s":"25N-H60N000S-80-S"},{"r":"196","t":"17:45:11","h":"Nord","s":"25N-H60N000S-98-S"},{"r":"196","t":"17:45:11","h":"Nord","s":"25N-H60NV10S-98-S"},{"r":"196","t":"17:45:11","h":"Nord","s":"25N-H60NV20S-98-S"},{"r":"196","t":"17:45:11","h":"Nord","s":"25S-H60S000S-80-S"},{"r":"196","t":"17:53:11","h":"Nord","s":"25N-H56N000S-80-S"},{"r":"196","t":"17:53:11","h":"Nord","s":"25N-H56NV10S-80-S"},{"r":"196","t":"17:53:11","h":"Nord","s":"25N-H56NV20S-80-S"},{"r":"196","t":"17:53:11","h":"Nord","s":"25S-H56S000S-80-S"},{"r":"196","t":"17:57:11","h":"Nord","s":"25N-H60N100F-81-F1"},{"r":"196","t":"17:57:11","h":"Nord","s":"25N-H60N200F-81-F2"},{"r":"196","t":"17:57:11","h":"Nord","s":"25N-H60N300F-82-F3"},{"r":"196","t":"17:57:11","h":"Nord","s":"25N-H60N400F-81-F4"},{"r":"196","t":"17:57:11","h":"Nord","s":"25S-H60S100F-82-F1"},{"r":"196","t":"17:57:11","h":"Nord","s":"25S-H60S200F-81-F2"},{"r":"196","t":"18:03:11","h":"Nord","s":"25N-H60N000S-80-S"},{"r":"196","t":"18:03:11","h":"Nord","s":"25N-H60N000S-98-S"},{"r":"196","t":"18:03:11","h":"Nord","s":"25N-H60NV10S-98-S"},{"r":"196","t":"18:03:11","h":"Nord","s":"25N-H60NV20S-98-S"},{"r":"196","t":"18:03:11","h":"Nord","s":"25S-H60S000S-80-S"},{"r":"196","t":"18:14:11","h":"Nord","s":"25N-H60N000S-80-S"},{"r":"196","t":"18:14:11","h":"Nord","s":"25N-H60N000S-98-S"},{"r":"196","t":"18:14:11","h":"Nord","s":"25N-H60NV10S-98-S"},{"r":"196","t":"18:14:11","h":"Nord","s":"25N-H60NV20S-98-S"},{"r":"196","t":"18:14:11","h":"Nord","s":"25S-H60S000S-80-S"},{"r":"196","t":"18:24:11","h":"Nord","s":"25N-H60N000S-80-S"},{"r":"196","t":"18:24:11","h":"Nord","s":"25N-H60N000S-98-S"},{"r":"196","t":"18:24:11","h":"Nord","s":"25N-H60NV10S-98-S"},{"r":"196","t":"18:24:11","h":"Nord","s":"25N-H60NV20S-98-S"},{"r":"196","t":"18:24:11","h":"Nord","s":"25S-H60S000S-80-S"},{"r":"196","t":"18:27:11","h":"Nord","s":"25N-H60N100F-81-F1"},{"r":"196","t":"18:27:11","h":"Nord","s":"25N-H60N200F-81-F2"},{"r":"196","t":"18:27:11","h":"Nord","s":"25N-H60N300F-82-F3"},{"r":"196","t":"18:27:11","h":"Nord","s":"25N-H60N400F-81-F4"},{"r":"196","t":"18:27:11","h":"Nord","s":"25S-H60S100F-82-F1"},{"r":"196","t":"18:27:11","h":"Nord","s":"25S-H60S200F-81-F2"},{"r":"196","t":"18:34:39","h":"Nord","s":"25N-H60N000S-80-S"},{"r":"196","t":"18:34:39","h":"Nord","s":"25N-H60N000S-98-S"},{"r":"196","t":"18:34:39","h":"Nord","s":"25N-H60NV10S-98-S"},{"r":"196","t":"18:34:39","h":"Nord","s":"25N-H60NV20S-98-S"},{"r":"196","t":"18:34:39","h":"Nord","s":"25S-H60S000S-80-S"},{"r":"196","t":"18:55:39","h":"Nord","s":"25N-H60N100F-81-F1"},{"r":"196","t":"18:55:39","h":"Nord","s":"25N-H60N200F-81-F2"},{"r":"196","t":"18:55:39","h":"Nord","s":"25N-H60N300F-82-F3"},{"r":"196","t":"18:55:39","h":"Nord","s":"25N-H60N400F-81-F4"},{"r":"196","t":"18:55:39","h":"Nord","s":"25S-H60S100F-82-F1"},{"r":"196","t":"18:55:39","h":"Nord","s":"25S-H60S200F-81-F2"},{"r":"196","t":"18:56:39","h":"Nord","s":"25N-H60N000S-80-S"},{"r":"196","t":"18:56:39","h":"Nord","s":"25N-H60N000S-98-S"},{"r":"196","t":"18:56:39","h":"Nord","s":"25N-H60NV10S-98-S"},{"r":"196","t":"18:56:39","h":"Nord","s":"25N-H60NV20S-98-S"},{"r":"196","t":"18:56:39","h":"Nord","s":"25S-H60S000S-80-S"},{"r":"196","t":"19:22:39","h":"Nord","s":"25N-H60N000S-80-S"},{"r":"196","t":"19:22:39","h":"Nord","s":"25N-H60N000S-98-S"},{"r":"196","t":"19:22:39","h":"Nord","s":"25N-H60NV10S-98-S"},{"r":"196","t":"19:22:39","h":"Nord","s":"25N-H60NV20S-98-S"},{"r":"196","t":"19:22:39","h":"Nord","s":"25S-H60S000S-80-S"},{"r":"196","t":"19:25:39","h":"Nord","s":"25N-H60N100F-81-F1"},{"r":"196","t":"19:25:39","h":"Nord","s":"25N-H60N200F-81-F2"},{"r":"196","t":"19:25:39","h":"Nord","s":"25N-H60N300F-82-F3"},{"r":"196","t":"19:25:39","h":"Nord","s":"25N-H60N400F-81-F4"},{"r":"196","t":"19:25:39","h":"Nord","s":"25S-H60S100F-82-F1"},{"r":"196","t":"19:25:39","h":"Nord","s":"25S-H60S200F-81-F2"},{"r":"196","t":"19:52:39","h":"Nord","s":"25N-H60N000S-80-S"},{"r":"196","t":"19:52:39","h":"Nord","s":"25N-H60N000S-98-S"},{"r":"196","t":"19:52:39","h":"Nord","s":"25N-H60NV10S-98-S"},{"r":"196","t":"19:52:39","h":"Nord","s":"25N-H60NV20S-98-S"},{"r":"196","t":"19:52:39","h":"Nord","s":"25S-H60S000S-80-S"},{"r":"196","t":"19:56:39","h":"Nord","s":"25N-H60N100F-81-F1"},{"r":"196","t":"19:56:39","h":"Nord","s":"25N-H60N200F-81-F2"},{"r":"196","t":"19:56:39","h":"Nord","s":"25N-H60N300F-82-F3"},{"r":"196","t":"19:56:39","h":"Nord","s":"25N-H60N400F-81-F4"},{"r":"196","t":"19:56:39","h":"Nord","s":"25S-H60S100F-82-F1"},{"r":"196","t":"19:56:39","h":"Nord","s":"25S-H60S200F-81-F2"},{"r":"196","t":"20:23:39","h":"Nord","s":"25N-H60N000S-80-S"},{"r":"196","t":"20:23:39","h":"Nord","s":"25N-H60N000S-98-S"},{"r":"196","t":"20:23:39","h":"Nord","s":"25N-H60NV10S-98-S"},{"r":"196","t":"20:23:39","h":"Nord","s":"25N-H60NV20S-98-S"},{"r":"196","t":"20:23:39","h":"Nord","s":"25S-H60S000S-80-S"},{"r":"196","t":"20:27:39","h":"Nord","s":"25N-H60N100F-81-F1"},{"r":"196","t":"20:27:39","h":"Nord","s":"25N-H60N200F-81-F2"},{"r":"196","t":"20:27:39","h":"Nord","s":"25N-H60N300F-82-F3"},{"r":"196","t":"20:27:39","h":"Nord","s":"25N-H60N400F-81-F4"},{"r":"196","t":"20:27:39","h":"Nord","s":"25S-H60S100F-82-F1"},{"r":"196","t":"20:27:39","h":"Nord","s":"25S-H60S200F-81-F2"},{"r":"196","t":"20:54:39","h":"Nord","s":"25N-H60N000S-80-S"},{"r":"196","t":"20:54:39","h":"Nord","s":"25N-H60N000S-98-S"},{"r":"196","t":"20:54:39","h":"Nord","s":"25N-H60NV10S-98-S"},{"r":"196","t":"20:54:39","h":"Nord","s":"25N-H60NV20S-98-S"},{"r":"196","t":"20:54:39","h":"Nord","s":"25S-H60S000S-80-S"},{"r":"196","t":"20:58:39","h":"Nord","s":"25N-H60N100F-81-F1"},{"r":"196","t":"20:58:39","h":"Nord","s":"25N-H60N200F-81-F2"},{"r":"196","t":"20:58:39","h":"Nord","s":"25N-H60N300F-82-F3"},{"r":"196","t":"20:58:39","h":"Nord","s":"25N-H60N400F-81-F4"},{"r":"196","t":"20:58:39","h":"Nord","s":"25S-H60S100F-82-F1"},{"r":"196","t":"20:58:39","h":"Nord","s":"25S-H60S200F-81-F2"},{"r":"196","t":"21:25:39","h":"Nord","s":"25N-H60N000S-80-S"},{"r":"196","t":"21:25:39","h":"Nord","s":"25N-H60N000S-98-S"},{"r":"196","t":"21:25:39","h":"Nord","s":"25N-H60NV10S-98-S"},{"r":"196","t":"21:25:39","h":"Nord","s":"25N-H60NV20S-98-S"},{"r":"196","t":"21:25:39","h":"Nord","s":"25S-H60S000S-80-S"},{"r":"196","t":"21:29:39","h":"Nord","s":"25N-H60N100F-81-F1"},{"r":"196","t":"21:29:39","h":"Nord","s":"25N-H60N200F-81-F2"},{"r":"196","t":"21:29:39","h":"Nord","s":"25N-H60N300F-82-F3"},{"r":"196","t":"21:29:39","h":"Nord","s":"25N-H60N400F-81-F4"},{"r":"196","t":"21:29:39","h":"Nord","s":"25S-H60S100F-82-F1"},{"r":"196","t":"21:29:39","h":"Nord","s":"25S-H60S200F-81-F2"},{"r":"196","t":"21:56:39","h":"Nord","s":"25N-H60N000S-80-S"},{"r":"196","t":"21:56:39","h":"Nord","s":"25N-H60N000S-98-S"},{"r":"196","t":"21:56:39","h":"Nord","s":"25N-H60NV10S-98-S"},{"r":"196","t":"21:56:39","h":"Nord","s":"25N-H60NV20S-98-S"},{"r":"196","t":"21:56:39","h":"Nord","s":"25S-H60S000S-80-S"},{"r":"196","t":"22:00:39","h":"Nord","s":"25N-H60N100F-81-F1"},{"r":"196","t":"22:00:39","h":"Nord","s":"25N-H60N200F-81-F2"},{"r":"196","t":"22:00:39","h":"Nord","s":"25N-H60N300F-82-F3"},{"r":"196","t":"22:00:39","h":"Nord","s":"25N-H60N400F-81-F4"},{"r":"196","t":"22:00:39","h":"Nord","s":"25S-H60S100F-82-F1"},{"r":"196","t":"22:00:39","h":"Nord","s":"25S-H60S200F-81-F2"},{"r":"196","t":"22:26:39","h":"Nord","s":"25N-H60N000S-80-S"},{"r":"196","t":"22:26:39","h":"Nord","s":"25N-H60N000S-98-S"},{"r":"196","t":"22:26:39","h":"Nord","s":"25N-H60NV10S-98-S"},{"r":"196","t":"22:26:39","h":"Nord","s":"25N-H60NV20S-98-S"},{"r":"196","t":"22:26:39","h":"Nord","s":"25S-H60S000S-80-S"},{"r":"196","t":"22:30:39","h":"Nord","s":"25N-H60N100F-81-F1"},{"r":"196","t":"22:30:39","h":"Nord","s":"25N-H60N200F-81-F2"},{"r":"196","t":"22:30:39","h":"Nord","s":"25N-H60N300F-82-F3"},{"r":"196","t":"22:30:39","h":"Nord","s":"25N-H60N400F-81-F4"},{"r":"196","t":"22:30:39","h":"Nord","s":"25S-H60S100F-82-F1"},{"r":"196","t":"22:30:39","h":"Nord","s":"25S-H60S200F-81-F2"},{"r":"196","t":"22:55:39","h":"Nord","s":"25N-H60N000S-80-S"},{"r":"196","t":"22:55:39","h":"Nord","s":"25N-H60N000S-98-S"},{"r":"196","t":"22:55:39","h":"Nord","s":"25N-H60NV10S-98-S"},{"r":"196","t":"22:55:39","h":"Nord","s":"25N-H60NV20S-98-S"},{"r":"196","t":"22:55:39","h":"Nord","s":"25S-H60S000S-80-S"},{"r":"196","t":"23:01:39","h":"Nord","s":"25N-H60N100F-81-F1"},{"r":"196","t":"23:01:39","h":"Nord","s":"25N-H60N200F-81-F2"},{"r":"196","t":"23:01:39","h":"Nord","s":"25N-H60N300F-82-F3"},{"r":"196","t":"23:01:39","h":"Nord","s":"25N-H60N400F-81-F4"},{"r":"196","t":"23:01:39","h":"Nord","s":"25S-H60S100F-82-F1"},{"r":"196","t":"23:01:39","h":"Nord","s":"25S-H60S200F-81-F2"},{"r":"196","t":"23:09:39","h":"Nord","s":"25N-H60N000S-80-S"},{"r":"196","t":"23:09:39","h":"Nord","s":"25N-H60N000S-98-S"},{"r":"196","t":"23:09:39","h":"Nord","s":"25N-H60NV10S-98-S"},{"r":"196","t":"23:09:39","h":"Nord","s":"25N-H60NV20S-98-S"},{"r":"196","t":"23:09:39","h":"Nord","s":"25S-H60S000S-80-S"},{"r":"196","t":"23:17:39","h":"Nord","s":"25N-H60N000S-80-S"},{"r":"196","t":"23:17:39","h":"Nord","s":"25N-H60N000S-98-S"},{"r":"196","t":"23:17:39","h":"Nord","s":"25N-H60NV10S-98-S"},{"r":"196","t":"23:17:39","h":"Nord","s":"25N-H60NV20S-98-S"},{"r":"196","t":"23:17:39","h":"Nord","s":"25S-H60S000S-80-S"},{"r":"196","t":"23:32:39","h":"Nord","s":"25N-H60N000S-80-S"},{"r":"196","t":"23:32:39","h":"Nord","s":"25N-H60N000S-98-S"},{"r":"196","t":"23:32:39","h":"Nord","s":"25N-H60N100F-81-F1"},{"r":"196","t":"23:32:39","h":"Nord","s":"25N-H60N200F-81-F2"},{"r":"196","t":"23:32:39","h":"Nord","s":"25N-H60N300F-82-F3"},{"r":"196","t":"23:32:39","h":"Nord","s":"25N-H60N400F-81-F4"},{"r":"196","t":"23:32:39","h":"Nord","s":"25N-H60NV10S-98-S"},{"r":"196","t":"23:32:39","h":"Nord","s":"25N-H60NV20S-98-S"},{"r":"196","t":"23:32:39","h":"Nord","s":"25S-H60S000S-80-S"},{"r":"196","t":"23:32:39","h":"Nord","s":"25S-H60S100F-82-F1"},{"r":"196","t":"23:32:39","h":"Nord","s":"25S-H60S200F-81-F2"}]