[{"r":"195","t":"05:41:00","h":"Ouest","s":"25N-H56N000S-80-S"},{"r":"195","t":"05:41:00","h":"Ouest","s":"25N-H56NV10S-80-S"},{"r":"195","t":"05:41:00","h":"Ouest","s":"25N-H56NV20S-80-S"},{"r":"195","t":"05:41:00","h":"Ouest","s":"25S-H56S000S-80-S"},{"r":"195","t":"06:06:15","h":"Ouest","s":"25N-H56N000A-80-A"},{"r":"195","t":"06:06:15","h":"Ouest","s":"25N-H56NV10A-80-A"},{"r":"195","t":"06:06:15","h":"Ouest","s":"25N-H56NV20A-80-A"},{"r":"195","t":"06:06:15","h":"Ouest","s":"25S-H56S000A-80-A"},{"r":"195","t":"06:07:00","h":"Ouest","s":"25N-H56N000I-80-I"},{"r":"195","t":"06:07:00","h":"Ouest","s":"25N-H56N100F-80-F1"},{"r":"195","t":"06:07:00","h":"Ouest","s":"25N-H56N200F-80-F2"},{"r":"195","t":"06:07:00","h":"Ouest","s":"25N-H56N300F-80-F3"},{"r":"195","t":"06:07:00","h":"Ouest","s":"25N-H56N400F-80-F4"},{"r":"195","t":"06:07:00","h":"Ouest","s":"25N-H56NV10I-80-I"},{"r":"195","t":"06:07:00","h":"Ouest","s":"25N-H56NV20I-80-I"},{"r":"195","t":"06:07:00","h":"Ouest","s":"25S-H56S000I-80-I"},{"r":"195","t":"06:07:00","h":"Ouest","s":"25S-H56S100F-80-F1"},{"r":"195","t":"06:07:00","h":"Ouest","s":"25S-H56S200F-81-F2"},{"r":"195","t":"06:10:00","h":"Ouest","s":"25N-H56N000S-80-S"},{"r":"195","t":"06:10:00","h":"Ouest","s":"25N-H56NV10S-80-S"},{"r":"195","t":"06:10:00","h":"Ouest","s":"25N-H56NV20S-80-S"},{"r":"195","t":"06:10:00","h":"Ouest","s":"25S-H56S000S-80-S"},{"r":"195","t":"06:38:15","h":"Ouest","s":"25N-H56N000A-80-A"},{"r":"195","t":"06:38:15","h":"Ouest","s":"25N-H56NV10A-80-A"},{"r":"195","t":"06:38:15","h":"Ouest","s":"25N-H56NV20A-80-A"},{"r":"195","t":"06:38:15","h":"Ouest","s":"25S-H56S000A-80-A"},{"r":"195","t":"06:39:00","h":"Ouest","s":"25N-H56N000I-80-I"},{"r":"195","t":"06:39:00","h":"Ouest","s":"25N-H56N100F-80-F1"},{"r":"195","t":"06:39:00","h":"Ouest","s":"25N-H56N200F-80-F2"},{"r":"195","t":"06:39:00","h":"Ouest","s":"25N-H56N300F-80-F3"},{"r":"195","t":"06:39:00","h":"Ouest","s":"25N-H56N400F-80-F4"},{"r":"195","t":"06:39:00","h":"Ouest","s":"25N-H56NV10I-80-I"},{"r":"195","t":"06:39:00","h":"Ouest","s":"25N-H56NV20I-80-I"},{"r":"195","t":"06:39:00","h":"Ouest","s":"25S-H56S000I-80-I"},{"r":"195","t":"06:39:00","h":"Ouest","s":"25S-H56S100F-80-F1"},{"r":"195","t":"06:39:00","h":"Ouest","s":"25S-H56S200F-81-F2"},{"r":"195","t":"06:43:00","h":"Ouest","s":"25N-H56N000S-80-S"},{"r":"195","t":"06:43:00","h":"Ouest","s":"25N-H56NV10S-80-S"},{"r":"195","t":"06:43:00","h":"Ouest","s":"25N-H56NV20S-80-S"},{"r":"195","t":"06:43:00","h":"Ouest","s":"25S-H56S000S-80-S"},{"r":"195","t":"07:09:00","h":"Ouest","s":"25N-H56N000S-80-S"},{"r":"195","t":"07:09:00","h":"Ouest","s":"25N-H56NV10S-80-S"},{"r":"195","t":"07:09:00","h":"Ouest","s":"25N-H56NV20S-80-S"},{"r":"195","t":"07:09:00","h":"Ouest","s":"25S-H56S000S-80-S"},{"r":"195","t":"07:09:15","h":"Ouest","s":"25N-H56N000A-80-A"},{"r":"195","t":"07:09:15","h":"Ouest","s":"25N-H56NV10A-80-A"},{"r":"195","t":"07:09:15","h":"Ouest","s":"25N-H56NV20A-80-A"},{"r":"195","t":"07:09:15","h":"Ouest","s":"25S-H56S000A-80-A"},{"r":"195","t":"07:10:00","h":"Ouest","s":"25N-H56N000I-80-I"},{"r":"195","t":"07:10:00","h":"Ouest","s":"25N-H56N100F-80-F1"},{"r":"195","t":"07:10:00","h":"Ouest","s":"25N-H56N200F-80-F2"},{"r":"195","t":"07:10:00","h":"Ouest","s":"25N-H56N300F-80-F3"},{"r":"195","t":"07:10:00","h":"Ouest","s":"25N-H56N400F-80-F4"},{"r":"195","t":"07:10:00","h":"Ouest","s":"25N-H56NV10I-80-I"},{"r":"195","t":"07:10:00","h":"Ouest","s":"25N-H56NV20I-80-I"},{"r":"195","t":"07:10:00","h":"Ouest","s":"25S-H56S000I-80-I"},{"r":"195","t":"07:10:00","h":"Ouest","s":"25S-H56S100F-80-F1"},{"r":"195","t":"07:10:00","h":"Ouest","s":"25S-H56S200F-81-F2"},{"r":"195","t":"07:39:00","h":"Ouest","s":"25N-H56N000S-80-S"},{"r":"195","t":"07:39:00","h":"Ouest","s":"25N-H56NV10S-80-S"},{"r":"195","t":"07:39:00","h":"Ouest","s":"25N-H56NV20S-80-S"},{"r":"195","t":"07:39:00","h":"Ouest","s":"25S-H56S000S-80-S"},{"r":"195","t":"07:40:15","h":"Ouest","s":"25N-H56N000A-80-A"},{"r":"195","t":"07:40:15","h":"Ouest","s":"25N-H56NV10A-80-A"},{"r":"195","t":"07:40:15","h":"Ouest","s":"25N-H56NV20A-80-A"},{"r":"195","t":"07:40:15","h":"Ouest","s":"25S-H56S000A-80-A"},{"r":"195","t":"07:41:00","h":"Ouest","s":"25N-H56N000I-80-I"},{"r":"195","t":"07:41:00","h":"Ouest","s":"25N-H56N100F-80-F1"},{"r":"195","t":"07:41:00","h":"Ouest","s":"25N-H56N200F-80-F2"},{"r":"195","t":"07:41:00","h":"Ouest","s":"25N-H56N300F-80-F3"},{"r":"195","t":"07:41:00","h":"Ouest","s":"25N-H56N400F-80-F4"},{"r":"195","t":"07:41:00","h":"Ouest","s":"25N-H56NV10I-80-I"},{"r":"195","t":"07:41:00","h":"Ouest","s":"25N-H56NV20I-80-I"},{"r":"195","t":"07:41:00","h":"Ouest","s":"25S-H56S000I-80-I"},{"r":"195","t":"07:41:00","h":"Ouest","s":"25S-H56S100F-80-F1"},{"r":"195","t":"07:41:00","h":"Ouest","s":"25S-H56S200F-81-F2"},{"r":"195","t":"08:02:30","h":"Ouest","s":"25N-H56N000S-80-S"},{"r":"195","t":"08:02:30","h":"Ouest","s":"25N-H56NV10S-80-S"},{"r":"195","t":"08:02:30","h":"Ouest","s":"25N-H56NV20S-80-S"},{"r":"195","t":"08:02:30","h":"Ouest","s":"25S-H56S000S-80-S"},{"r":"195","t":"08:11:15","h":"Ouest","s":"25N-H56N000A-80-A"},{"r":"195","t":"08:11:15","h":"Ouest","s":"25N-H56NV10A-80-A"},{"r":"195","t":"08:11:15","h":"Ouest","s":"25N-H56NV20A-80-A"},{"r":"195","t":"08:11:15","h":"Ouest","s":"25S-H56S000A-80-A"},{"r":"195","t":"08:12:00","h":"Ouest","s":"25N-H56N000I-80-I"},{"r":"195","t":"08:12:00","h":"Ouest","s":"25N-H56N100F-80-F1"},{"r":"195","t":"08:12:00","h":"Ouest","s":"25N-H56N200F-80-F2"},{"r":"195","t":"08:12:00","h":"Ouest","s":"25N-H56N300F-80-F3"},{"r":"195","t":"08:12:00","h":"Ouest","s":"25N-H56N400F-80-F4"},{"r":"195","t":"08:12:00","h":"Ouest","s":"25N-H56NV10I-80-I"},{"r":"195","t":"08:12:00","h":"Ouest","s":"25N-H56NV20I-80-I"},{"r":"195","t":"08:12:00","h":"Ouest","s":"25S-H56S000I-80-I"},{"r":"195","t":"08:12:00","h":"Ouest","s":"25S-H56S100F-80-F1"},{"r":"195","t":"08:12:00","h":"Ouest","s":"25S-H56S200F-81-F2"},{"r":"195","t":"08:17:30","h":"Ouest","s":"25N-H56N000S-80-S"},{"r":"195","t":"08:17:30","h":"Ouest","s":"25N-H56NV10S-80-S"},{"r":"195","t":"08:17:30","h":"Ouest","s":"25N-H56NV20S-80-S"},{"r":"195","t":"08:17:30","h":"Ouest","s":"25S-H56S000S-80-S"},{"r":"195","t":"08:32:30","h":"Ouest","s":"25N-H56N000S-80-S"},{"r":"195","t":"08:32:30","h":"Ouest","s":"25N-H56NV10S-80-S"},{"r":"195","t":"08:32:30","h":"Ouest","s":"25N-H56NV20S-80-S"},{"r":"195","t":"08:32:30","h":"Ouest","s":"25S-H56S000S-80-S"},{"r":"195","t":"08:35:30","h":"Ouest","s":"25N-H56N000S-80-S"},{"r":"195","t":"08:35:30","h":"Ouest","s":"25N-H56NV10S-80-S"},{"r":"195","t":"08:35:30","h":"Ouest","s":"25N-H56NV20S-80-S"},{"r":"195","t":"08:35:30","h":"Ouest","s":"25S-H56S000S-80-S"},{"r":"195","t":"08:43:00","h":"Ouest","s":"25N-H56N000I-80-I"},{"r":"195","t":"08:43:00","h":"Ouest","s":"25N-H56N100F-80-F1"},{"r":"195","t":"08:43:00","h":"Ouest","s":"25N-H56N200F-80-F2"},{"r":"195","t":"08:43:00","h":"Ouest","s":"25N-H56N300F-80-F3"},{"r":"195","t":"08:43:00","h":"Ouest","s":"25N-H56N400F-80-F4"},{"r":"195","t":"08:43:00","h":"Ouest","s":"25N-H56NV10I-80-I"},{"r":"195","t":"08:43:00","h":"Ouest","s":"25N-H56NV20I-80-I"},{"r":"195","t":"08:43:00","h":"Ouest","s":"25S-H56S000I-80-I"},{"r":"195","t":"08:43:00","h":"Ouest","s":"25S-H56S100F-80-F1"},{"r":"195","t":"08:43:00","h":"Ouest","s":"25S-H56S200F-81-F2"},{"r":"195","t":"08:44:15","h":"Ouest","s":"25N-H56N000A-80-A"},{"r":"195","t":"08:44:15","h":"Ouest","s":"25N-H56NV10A-80-A"},{"r":"195","t":"08:44:15","h":"Ouest","s":"25N-H56NV20A-80-A"},{"r":"195","t":"08:44:15","h":"Ouest","s":"25S-H56S000A-80-A"},{"r":"195","t":"08:58:30","h":"Ouest","s":"25N-H56N000S-80-S"},{"r":"195","t":"08:58:30","h":"Ouest","s":"25N-H56NV10S-80-S"},{"r":"195","t":"08:58:30","h":"Ouest","s":"25N-H56NV20S-80-S"},{"r":"195","t":"08:58:30","h":"Ouest","s":"25S-H56S000S-80-S"},{"r":"195","t":"09:13:00","h":"Ouest","s":"25N-H56N000I-80-I"},{"r":"195","t":"09:13:00","h":"Ouest","s":"25N-H56N100F-80-F1"},{"r":"195","t":"09:13:00","h":"Ouest","s":"25N-H56N200F-80-F2"},{"r":"195","t":"09:13:00","h":"Ouest","s":"25N-H56N300F-80-F3"},{"r":"195","t":"09:13:00","h":"Ouest","s":"25N-H56N400F-80-F4"},{"r":"195","t":"09:13:00","h":"Ouest","s":"25N-H56NV10I-80-I"},{"r":"195","t":"09:13:00","h":"Ouest","s":"25N-H56NV20I-80-I"},{"r":"195","t":"09:13:00","h":"Ouest","s":"25S-H56S000I-80-I"},{"r":"195","t":"09:13:00","h":"Ouest","s":"25S-H56S100F-80-F1"},{"r":"195","t":"09:13:00","h":"Ouest","s":"25S-H56S200F-81-F2"},{"r":"195","t":"09:15:15","h":"Ouest","s":"25N-H56N000A-80-A"},{"r":"195","t":"09:15:15","h":"Ouest","s":"25N-H56NV10A-80-A"},{"r":"195","t":"09:15:15","h":"Ouest","s":"25N-H56NV20A-80-A"},{"r":"195","t":"09:15:15","h":"Ouest","s":"25S-H56S000A-80-A"},{"r":"195","t":"09:21:15","h":"Ouest","s":"25N-H56N000S-80-S"},{"r":"195","t":"09:21:15","h":"Ouest","s":"25N-H56NV10S-80-S"},{"r":"195","t":"09:21:15","h":"Ouest","s":"25N-H56NV20S-80-S"},{"r":"195","t":"09:21:15","h":"Ouest","s":"25S-H56S000S-80-S"},{"r":"195","t":"09:44:15","h":"Ouest","s":"25N-H56N000S-80-S"},{"r":"195","t":"09:44:15","h":"Ouest","s":"25N-H56NV10S-80-S"},{"r":"195","t":"09:44:15","h":"Ouest","s":"25N-H56NV20S-80-S"},{"r":"195","t":"09:44:15","h":"Ouest","s":"25S-H56S000S-80-S"},{"r":"195","t":"09:45:00","h":"Ouest","s":"25N-H56N000I-80-I"},{"r":"195","t":"09:45:00","h":"Ouest","s":"25N-H56N100F-80-F1"},{"r":"195","t":"09:45:00","h":"Ouest","s":"25N-H56N200F-80-F2"},{"r":"195","t":"09:45:00","h":"Ouest","s":"25N-H56N300F-80-F3"},{"r":"195","t":"09:45:00","h":"Ouest","s":"25N-H56N400F-80-F4"},{"r":"195","t":"09:45:00","h":"Ouest","s":"25N-H56NV10I-80-I"},{"r":"195","t":"09:45:00","h":"Ouest","s":"25N-H56NV20I-80-I"},{"r":"195","t":"09:45:00","h":"Ouest","s":"25S-H56S000I-80-I"},{"r":"195","t":"09:45:00","h":"Ouest","s":"25S-H56S100F-80-F1"},{"r":"195","t":"09:45:00","h":"Ouest","s":"25S-H56S200F-81-F2"},{"r":"195","t":"09:46:15","h":"Ouest","s":"25N-H56N000A-80-A"},{"r":"195","t":"09:46:15","h":"Ouest","s":"25N-H56NV10A-80-A"},{"r":"195","t":"09:46:15","h":"Ouest","s":"25N-H56NV20A-80-A"},{"r":"195","t":"09:46:15","h":"Ouest","s":"25S-H56S000A-80-A"},{"r":"195","t":"10:14:15","h":"Ouest","s":"25N-H56N000S-80-S"},{"r":"195","t":"10:14:15","h":"Ouest","s":"25N-H56NV10S-80-S"},{"r":"195","t":"10:14:15","h":"Ouest","s":"25N-H56NV20S-80-S"},{"r":"195","t":"10:14:15","h":"Ouest","s":"25S-H56S000S-80-S"},{"r":"195","t":"10:16:00","h":"Ouest","s":"25N-H56N000I-80-I"},{"r":"195","t":"10:16:00","h":"Ouest","s":"25N-H56N100F-80-F1"},{"r":"195","t":"10:16:00","h":"Ouest","s":"25N-H56N200F-80-F2"},{"r":"195","t":"10:16:00","h":"Ouest","s":"25N-H56N300F-80-F3"},{"r":"195","t":"10:16:00","h":"Ouest","s":"25N-H56N400F-80-F4"},{"r":"195","t":"10:16:00","h":"Ouest","s":"25N-H56NV10I-80-I"},{"r":"195","t":"10:16:00","h":"Ouest","s":"25N-H56NV20I-80-I"},{"r":"195","t":"10:16:00","h":"Ouest","s":"25S-H56S000I-80-I"},{"r":"195","t":"10:16:00","h":"Ouest","s":"25S-H56S100F-80-F1"},{"r":"195","t":"10:16:00","h":"Ouest","s":"25S-H56S200F-81-F2"},{"r":"195","t":"10:17:15","h":"Ouest","s":"25N-H56N000A-80-A"},{"r":"195","t":"10:17:15","h":"Ouest","s":"25N-H56NV10A-80-A"},{"r":"195","t":"10:17:15","h":"Ouest","s":"25N-H56NV20A-80-A"},{"r":"195","t":"10:17:15","h":"Ouest","s":"25S-H56S000A-80-A"},{"r":"195","t":"10:44:15","h":"Ouest","s":"25N-H56N000S-80-S"},{"r":"195","t":"10:44:15","h":"Ouest","s":"25N-H56NV10S-80-S"},{"r":"195","t":"10:44:15","h":"Ouest","s":"25N-H56NV20S-80-S"},{"r":"195","t":"10:44:15","h":"Ouest","s":"25S-H56S000S-80-S"},{"r":"195","t":"10:47:00","h":"Ouest","s":"25N-H56N000I-80-I"},{"r":"195","t":"10:47:00","h":"Ouest","s":"25N-H56N100F-80-F1"},{"r":"195","t":"10:47:00","h":"Ouest","s":"25N-H56N200F-80-F2"},{"r":"195","t":"10:47:00","h":"Ouest","s":"25N-H56N300F-80-F3"},{"r":"195","t":"10:47:00","h":"Ouest","s":"25N-H56N400F-80-F4"},{"r":"195","t":"10:47:00","h":"Ouest","s":"25N-H56NV10I-80-I"},{"r":"195","t":"10:47:00","h":"Ouest","s":"25N-H56NV20I-80-I"},{"r":"195","t":"10:47:00","h":"Ouest","s":"25S-H56S000I-80-I"},{"r":"195","t":"10:47:00","h":"Ouest","s":"25S-H56S100F-80-F1"},{"r":"195","t":"10:47:00","h":"Ouest","s":"25S-H56S200F-81-F2"},{"r":"195","t":"10:48:15","h":"Ouest","s":"25N-H56N000A-80-A"},{"r":"195","t":"10:48:15","h":"Ouest","s":"25N-H56NV10A-80-A"},{"r":"195","t":"10:48:15","h":"Ouest","s":"25N-H56NV20A-80-A"},{"r":"195","t":"10:48:15","h":"Ouest","s":"25S-H56S000A-80-A"},{"r":"195","t":"11:15:15","h":"Ouest","s":"25N-H56N000S-80-S"},{"r":"195","t":"11:15:15","h":"Ouest","s":"25N-H56NV10S-80-S"},{"r":"195","t":"11:15:15","h":"Ouest","s":"25N-H56NV20S-80-S"},{"r":"195","t":"11:15:15","h":"Ouest","s":"25S-H56S000S-80-S"},{"r":"195","t":"11:19:15","h":"Ouest","s":"25N-H56N000A-80-A"},{"r":"195","t":"11:19:15","h":"Ouest","s":"25N-H56NV10A-80-A"},{"r":"195","t":"11:19:15","h":"Ouest","s":"25N-H56NV20A-80-A"},{"r":"195","t":"11:19:15","h":"Ouest","s":"25S-H56S000A-80-A"},{"r":"195","t":"11:20:00","h":"Ouest","s":"25N-H56N000I-80-I"},{"r":"195","t":"11:20:00","h":"Ouest","s":"25N-H56N100F-80-F1"},{"r":"195","t":"11:20:00","h":"Ouest","s":"25N-H56N200F-80-F2"},{"r":"195","t":"11:20:00","h":"Ouest","s":"25N-H56N300F-80-F3"},{"r":"195","t":"11:20:00","h":"Ouest","s":"25N-H56N400F-80-F4"},{"r":"195","t":"11:20:00","h":"Ouest","s":"25N-H56NV10I-80-I"},{"r":"195","t":"11:20:00","h":"Ouest","s":"25N-H56NV20I-80-I"},{"r":"195","t":"11:20:00","h":"Ouest","s":"25S-H56S000I-80-I"},{"r":"195","t":"11:20:00","h":"Ouest","s":"25S-H56S100F-80-F1"},{"r":"195","t":"11:20:00","h":"Ouest","s":"25S-H56S200F-81-F2"},{"r":"195","t":"11:46:15","h":"Ouest","s":"25N-H56N000S-80-S"},{"r":"195","t":"11:46:15","h":"Ouest","s":"25N-H56NV10S-80-S"},{"r":"195","t":"11:46:15","h":"Ouest","s":"25N-H56NV20S-80-S"},{"r":"195","t":"11:46:15","h":"Ouest","s":"25S-H56S000S-80-S"},{"r":"195","t":"11:49:00","h":"Ouest","s":"25N-H56N000I-80-I"},{"r":"195","t":"11:49:00","h":"Ouest","s":"25N-H56N100F-80-F1"},{"r":"195","t":"11:49:00","h":"Ouest","s":"25N-H56N200F-80-F2"},{"r":"195","t":"11:49:00","h":"Ouest","s":"25N-H56N300F-80-F3"},{"r":"195","t":"11:49:00","h":"Ouest","s":"25N-H56N400F-80-F4"},{"r":"195","t":"11:49:00","h":"Ouest","s":"25N-H56NV10I-80-I"},{"r":"195","t":"11:49:00","h":"Ouest","s":"25N-H56NV20I-80-I"},{"r":"195","t":"11:49:00","h":"Ouest","s":"25S-H56S000I-80-I"},{"r":"195","t":"11:49:00","h":"Ouest","s":"25S-H56S100F-80-F1"},{"r":"195","t":"11:49:00","h":"Ouest","s":"25S-H56S200F-81-F2"},{"r":"195","t":"11:49:30","h":"Ouest","s":"25N-H56N000A-80-A"},{"r":"195","t":"11:49:30","h":"Ouest","s":"25N-H56NV10A-80-A"},{"r":"195","t":"11:49:30","h":"Ouest","s":"25N-H56NV20A-80-A"},{"r":"195","t":"11:49:30","h":"Ouest","s":"25S-H56S000A-80-A"},{"r":"195","t":"12:17:15","h":"Ouest","s":"25N-H56N000S-80-S"},{"r":"195","t":"12:17:15","h":"Ouest","s":"25N-H56NV10S-80-S"},{"r":"195","t":"12:17:15","h":"Ouest","s":"25N-H56NV20S-80-S"},{"r":"195","t":"12:17:15","h":"Ouest","s":"25S-H56S000S-80-S"},{"r":"195","t":"12:19:00","h":"Ouest","s":"25N-H56N000I-80-I"},{"r":"195","t":"12:19:00","h":"Ouest","s":"25N-H56N100F-80-F1"},{"r":"195","t":"12:19:00","h":"Ouest","s":"25N-H56N200F-80-F2"},{"r":"195","t":"12:19:00","h":"Ouest","s":"25N-H56N300F-80-F3"},{"r":"195","t":"12:19:00","h":"Ouest","s":"25N-H56N400F-80-F4"},{"r":"195","t":"12:19:00","h":"Ouest","s":"25N-H56NV10I-80-I"},{"r":"195","t":"12:19:00","h":"Ouest","s":"25N-H56NV20I-80-I"},{"r":"195","t":"12:19:00","h":"Ouest","s":"25S-H56S000I-80-I"},{"r":"195","t":"12:19:00","h":"Ouest","s":"25S-H56S100F-80-F1"},{"r":"195","t":"12:19:00","h":"Ouest","s":"25S-H56S200F-81-F2"},{"r":"195","t":"12:22:30","h":"Ouest","s":"25N-H56N000A-80-A"},{"r":"195","t":"12:22:30","h":"Ouest","s":"25N-H56NV10A-80-A"},{"r":"195","t":"12:22:30","h":"Ouest","s":"25N-H56NV20A-80-A"},{"r":"195","t":"12:22:30","h":"Ouest","s":"25S-H56S000A-80-A"},{"r":"195","t":"12:49:00","h":"Ouest","s":"25N-H56N000I-80-I"},{"r":"195","t":"12:49:00","h":"Ouest","s":"25N-H56N100F-80-F1"},{"r":"195","t":"12:49:00","h":"Ouest","s":"25N-H56N200F-80-F2"},{"r":"195","t":"12:49:00","h":"Ouest","s":"25N-H56N300F-80-F3"},{"r":"195","t":"12:49:00","h":"Ouest","s":"25N-H56N400F-80-F4"},{"r":"195","t":"12:49:00","h":"Ouest","s":"25N-H56NV10I-80-I"},{"r":"195","t":"12:49:00","h":"Ouest","s":"25N-H56NV20I-80-I"},{"r":"195","t":"12:49:00","h":"Ouest","s":"25S-H56S000I-80-I"},{"r":"195","t":"12:49:00","h":"Ouest","s":"25S-H56S100F-80-F1"},{"r":"195","t":"12:49:00","h":"Ouest","s":"25S-H56S200F-81-F2"},{"r":"195","t":"12:49:15","h":"Ouest","s":"25N-H56N000S-80-S"},{"r":"195","t":"12:49:15","h":"Ouest","s":"25N-H56NV10S-80-S"},{"r":"195","t":"12:49:15","h":"Ouest","s":"25N-H56NV20S-80-S"},{"r":"195","t":"12:49:15","h":"Ouest","s":"25S-H56S000S-80-S"},{"r":"195","t":"12:52:30","h":"Ouest","s":"25N-H56N000A-80-A"},{"r":"195","t":"12:52:30","h":"Ouest","s":"25N-H56NV10A-80-A"},{"r":"195","t":"12:52:30","h":"Ouest","s":"25N-H56NV20A-80-A"},{"r":"195","t":"12:52:30","h":"Ouest","s":"25S-H56S000A-80-A"},{"r":"195","t":"13:19:00","h":"Ouest","s":"25N-H56N000I-80-I"},{"r":"195","t":"13:19:00","h":"Ouest","s":"25N-H56N100F-80-F1"},{"r":"195","t":"13:19:00","h":"Ouest","s":"25N-H56N200F-80-F2"},{"r":"195","t":"13:19:00","h":"Ouest","s":"25N-H56N300F-80-F3"},{"r":"195","t":"13:19:00","h":"Ouest","s":"25N-H56N400F-80-F4"},{"r":"195","t":"13:19:00","h":"Ouest","s":"25N-H56NV10I-80-I"},{"r":"195","t":"13:19:00","h":"Ouest","s":"25N-H56NV20I-80-I"},{"r":"195","t":"13:19:00","h":"Ouest","s":"25S-H56S000I-80-I"},{"r":"195","t":"13:19:00","h":"Ouest","s":"25S-H56S100F-80-F1"},{"r":"195","t":"13:19:00","h":"Ouest","s":"25S-H56S200F-81-F2"},{"r":"195","t":"13:20:15","h":"Ouest","s":"25N-H56N000S-80-S"},{"r":"195","t":"13:20:15","h":"Ouest","s":"25N-H56NV10S-80-S"},{"r":"195","t":"13:20:15","h":"Ouest","s":"25N-H56NV20S-80-S"},{"r":"195","t":"13:20:15","h":"Ouest","s":"25S-H56S000S-80-S"},{"r":"195","t":"13:22:30","h":"Ouest","s":"25N-H56N000A-80-A"},{"r":"195","t":"13:22:30","h":"Ouest","s":"25N-H56NV10A-80-A"},{"r":"195","t":"13:22:30","h":"Ouest","s":"25N-H56NV20A-80-A"},{"r":"195","t":"13:22:30","h":"Ouest","s":"25S-H56S000A-80-A"},{"r":"195","t":"13:50:00","h":"Ouest","s":"25N-H56N000I-80-I"},{"r":"195","t":"13:50:00","h":"Ouest","s":"25N-H56N100F-80-F1"},{"r":"195","t":"13:50:00","h":"Ouest","s":"25N-H56N200F-80-F2"},{"r":"195","t":"13:50:00","h":"Ouest","s":"25N-H56N300F-80-F3"},{"r":"195","t":"13:50:00","h":"Ouest","s":"25N-H56N400F-80-F4"},{"r":"195","t":"13:50:00","h":"Ouest","s":"25N-H56NV10I-80-I"},{"r":"195","t":"13:50:00","h":"Ouest","s":"25N-H56NV20I-80-I"},{"r":"195","t":"13:50:00","h":"Ouest","s":"25S-H56S000I-80-I"},{"r":"195","t":"13:50:00","h":"Ouest","s":"25S-H56S100F-80-F1"},{"r":"195","t":"13:50:00","h":"Ouest","s":"25S-H56S200F-81-F2"},{"r":"195","t":"13:50:15","h":"Ouest","s":"25N-H56N000S-80-S"},{"r":"195","t":"13:50:15","h":"Ouest","s":"25N-H56NV10S-80-S"},{"r":"195","t":"13:50:15","h":"Ouest","s":"25N-H56NV20S-80-S"},{"r":"195","t":"13:50:15","h":"Ouest","s":"25S-H56S000S-80-S"},{"r":"195","t":"13:54:30","h":"Ouest","s":"25N-H56N000A-80-A"},{"r":"195","t":"13:54:30","h":"Ouest","s":"25N-H56NV10A-80-A"},{"r":"195","t":"13:54:30","h":"Ouest","s":"25N-H56NV20A-80-A"},{"r":"195","t":"13:54:30","h":"Ouest","s":"25S-H56S000A-80-A"},{"r":"195","t":"14:16:15","h":"Ouest","s":"25N-H56N000S-80-S"},{"r":"195","t":"14:16:15","h":"Ouest","s":"25N-H56NV10S-80-S"},{"r":"195","t":"14:16:15","h":"Ouest","s":"25N-H56NV20S-80-S"},{"r":"195","t":"14:16:15","h":"Ouest","s":"25S-H56S000S-80-S"},{"r":"195","t":"14:21:00","h":"Ouest","s":"25N-H56N000I-80-I"},{"r":"195","t":"14:21:00","h":"Ouest","s":"25N-H56N100F-80-F1"},{"r":"195","t":"14:21:00","h":"Ouest","s":"25N-H56N200F-80-F2"},{"r":"195","t":"14:21:00","h":"Ouest","s":"25N-H56N300F-80-F3"},{"r":"195","t":"14:21:00","h":"Ouest","s":"25N-H56N400F-80-F4"},{"r":"195","t":"14:21:00","h":"Ouest","s":"25N-H56NV10I-80-I"},{"r":"195","t":"14:21:00","h":"Ouest","s":"25N-H56NV20I-80-I"},{"r":"195","t":"14:21:00","h":"Ouest","s":"25S-H56S000I-80-I"},{"r":"195","t":"14:21:00","h":"Ouest","s":"25S-H56S100F-80-F1"},{"r":"195","t":"14:21:00","h":"Ouest","s":"25S-H56S200F-81-F2"},{"r":"195","t":"14:25:30","h":"Ouest","s":"25N-H56N000A-80-A"},{"r":"195","t":"14:25:30","h":"Ouest","s":"25N-H56NV10A-80-A"},{"r":"195","t":"14:25:30","h":"Ouest","s":"25N-H56NV20A-80-A"},{"r":"195","t":"14:25:30","h":"Ouest","s":"25S-H56S000A-80-A"},{"r":"195","t":"14:42:15","h":"Ouest","s":"25N-H56N000S-80-S"},{"r":"195","t":"14:42:15","h":"Ouest","s":"25N-H56NV10S-80-S"},{"r":"195","t":"14:42:15","h":"Ouest","s":"25N-H56NV20S-80-S"},{"r":"195","t":"14:42:15","h":"Ouest","s":"25S-H56S000S-80-S"},{"r":"195","t":"14:51:00","h":"Ouest","s":"25N-H56N000I-80-I"},{"r":"195","t":"14:51:00","h":"Ouest","s":"25N-H56N100F-80-F1"},{"r":"195","t":"14:51:00","h":"Ouest","s":"25N-H56N200F-80-F2"},{"r":"195","t":"14:51:00","h":"Ouest","s":"25N-H56N300F-80-F3"},{"r":"195","t":"14:51:00","h":"Ouest","s":"25N-H56N400F-80-F4"},{"r":"195","t":"14:51:00","h":"Ouest","s":"25N-H56NV10I-80-I"},{"r":"195","t":"14:51:00","h":"Ouest","s":"25N-H56NV20I-80-I"},{"r":"195","t":"14:51:00","h":"Ouest","s":"25S-H56S000I-80-I"},{"r":"195","t":"14:51:00","h":"Ouest","s":"25S-H56S100F-80-F1"},{"r":"195","t":"14:51:00","h":"Ouest","s":"25S-H56S200F-81-F2"},{"r":"195","t":"14:56:30","h":"Ouest","s":"25N-H56N000A-80-A"},{"r":"195","t":"14:56:30","h":"Ouest","s":"25N-H56NV10A-80-A"},{"r":"195","t":"14:56:30","h":"Ouest","s":"25N-H56NV20A-80-A"},{"r":"195","t":"14:56:30","h":"Ouest","s":"25S-H56S000A-80-A"},{"r":"195","t":"15:08:15","h":"Ouest","s":"25N-H56N000S-80-S"},{"r":"195","t":"15:08:15","h":"Ouest","s":"25N-H56NV10S-80-S"},{"r":"195","t":"15:08:15","h":"Ouest","s":"25N-H56NV20S-80-S"},{"r":"195","t":"15:08:15","h":"Ouest","s":"25S-H56S000S-80-S"},{"r":"195","t":"15:21:00","h":"Ouest","s":"25N-H56N000I-80-I"},{"r":"195","t":"15:21:00","h":"Ouest","s":"25N-H56N100F-80-F1"},{"r":"195","t":"15:21:00","h":"Ouest","s":"25N-H56N200F-80-F2"},{"r":"195","t":"15:21:00","h":"Ouest","s":"25N-H56N300F-80-F3"},{"r":"195","t":"15:21:00","h":"Ouest","s":"25N-H56N400F-80-F4"},{"r":"195","t":"15:21:00","h":"Ouest","s":"25N-H56NV10I-80-I"},{"r":"195","t":"15:21:00","h":"Ouest","s":"25N-H56NV20I-80-I"},{"r":"195","t":"15:21:00","h":"Ouest","s":"25S-H56S000I-80-I"},{"r":"195","t":"15:21:00","h":"Ouest","s":"25S-H56S100F-80-F1"},{"r":"195","t":"15:21:00","h":"Ouest","s":"25S-H56S200F-81-F2"},{"r":"195","t":"15:25:30","h":"Ouest","s":"25N-H56N000A-80-A"},{"r":"195","t":"15:25:30","h":"Ouest","s":"25N-H56NV10A-80-A"},{"r":"195","t":"15:25:30","h":"Ouest","s":"25N-H56NV20A-80-A"},{"r":"195","t":"15:25:30","h":"Ouest","s":"25S-H56S000A-80-A"},{"r":"195","t":"15:40:30","h":"Ouest","s":"25N-H56N000S-80-S"},{"r":"195","t":"15:40:30","h":"Ouest","s":"25N-H56NV10S-80-S"},{"r":"195","t":"15:40:30","h":"Ouest","s":"25N-H56NV20S-80-S"},{"r":"195","t":"15:40:30","h":"Ouest","s":"25S-H56S000S-80-S"},{"r":"195","t":"15:50:15","h":"Ouest","s":"25N-H56N000I-80-I"},{"r":"195","t":"15:50:15","h":"Ouest","s":"25N-H56N100F-80-F1"},{"r":"195","t":"15:50:15","h":"Ouest","s":"25N-H56N200F-80-F2"},{"r":"195","t":"15:50:15","h":"Ouest","s":"25N-H56N300F-80-F3"},{"r":"195","t":"15:50:15","h":"Ouest","s":"25N-H56N400F-80-F4"},{"r":"195","t":"15:50:15","h":"Ouest","s":"25N-H56NV10I-80-I"},{"r":"195","t":"15:50:15","h":"Ouest","s":"25N-H56NV20I-80-I"},{"r":"195","t":"15:50:15","h":"Ouest","s":"25S-H56S000I-80-I"},{"r":"195","t":"15:50:15","h":"Ouest","s":"25S-H56S100F-80-F1"},{"r":"195","t":"15:50:15","h":"Ouest","s":"25S-H56S200F-81-F2"},{"r":"195","t":"15:59:30","h":"Ouest","s":"25N-H56N000A-80-A"},{"r":"195","t":"15:59:30","h":"Ouest","s":"25N-H56NV10A-80-A"},{"r":"195","t":"15:59:30","h":"Ouest","s":"25N-H56NV20A-80-A"},{"r":"195","t":"15:59:30","h":"Ouest","s":"25S-H56S000A-80-A"},{"r":"195","t":"16:15:30","h":"Ouest","s":"25N-H56N000S-80-S"},{"r":"195","t":"16:15:30","h":"Ouest","s":"25N-H56NV10S-80-S"},{"r":"195","t":"16:15:30","h":"Ouest","s":"25N-H56NV20S-80-S"},{"r":"195","t":"16:15:30","h":"Ouest","s":"25S-H56S000S-80-S"},{"r":"195","t":"16:20:15","h":"Ouest","s":"25N-H56N000I-80-I"},{"r":"195","t":"16:20:15","h":"Ouest","s":"25N-H56N100F-80-F1"},{"r":"195","t":"16:20:15","h":"Ouest","s":"25N-H56N200F-80-F2"},{"r":"195","t":"16:20:15","h":"Ouest","s":"25N-H56N300F-80-F3"},{"r":"195","t":"16:20:15","h":"Ouest","s":"25N-H56N400F-80-F4"},{"r":"195","t":"16:20:15","h":"Ouest","s":"25N-H56NV10I-80-I"},{"r":"195","t":"16:20:15","h":"Ouest","s":"25N-H56NV20I-80-I"},{"r":"195","t":"16:20:15","h":"Ouest","s":"25S-H56S000I-80-I"},{"r":"195","t":"16:20:15","h":"Ouest","s":"25S-H56S100F-80-F1"},{"r":"195","t":"16:20:15","h":"Ouest","s":"25S-H56S200F-81-F2"},{"r":"195","t":"16:29:30","h":"Ouest","s":"25N-H56N000A-80-A"},{"r":"195","t":"16:29:30","h":"Ouest","s":"25N-H56NV10A-80-A"},{"r":"195","t":"16:29:30","h":"Ouest","s":"25N-H56NV20A-80-A"},{"r":"195","t":"16:29:30","h":"Ouest","s":"25S-H56S000A-80-A"},{"r":"195","t":"16:47:30","h":"Ouest","s":"25N-H56N000S-80-S"},{"r":"195","t":"16:47:30","h":"Ouest","s":"25N-H56NV10S-80-S"},{"r":"195","t":"16:47:30","h":"Ouest","s":"25N-H56NV20S-80-S"},{"r":"195","t":"16:47:30","h":"Ouest","s":"25S-H56S000S-80-S"},{"r":"195","t":"16:51:15","h":"Ouest","s":"25N-H56N000I-80-I"},{"r":"195","t":"16:51:15","h":"Ouest","s":"25N-H56N100F-80-F1"},{"r":"195","t":"16:51:15","h":"Ouest","s":"25N-H56N200F-80-F2"},{"r":"195","t":"16:51:15","h":"Ouest","s":"25N-H56N300F-80-F3"},{"r":"195","t":"16:51:15","h":"Ouest","s":"25N-H56N400F-80-F4"},{"r":"195","t":"16:51:15","h":"Ouest","s":"25N-H56NV10I-80-I"},{"r":"195","t":"16:51:15","h":"Ouest","s":"25N-H56NV20I-80-I"},{"r":"195","t":"16:51:15","h":"Ouest","s":"25S-H56S000I-80-I"},{"r":"195","t":"16:51:15","h":"Ouest","s":"25S-H56S100F-80-F1"},{"r":"195","t":"16:51:15","h":"Ouest","s":"25S-H56S200F-81-F2"},{"r":"195","t":"17:00:30","h":"Ouest","s":"25N-H56N000A-80-A"},{"r":"195","t":"17:00:30","h":"Ouest","s":"25N-H56NV10A-80-A"},{"r":"195","t":"17:00:30","h":"Ouest","s":"25N-H56NV20A-80-A"},{"r":"195","t":"17:00:30","h":"Ouest","s":"25S-H56S000A-80-A"},{"r":"195","t":"17:19:30","h":"Ouest","s":"25N-H56N000S-80-S"},{"r":"195","t":"17:19:30","h":"Ouest","s":"25N-H56NV10S-80-S"},{"r":"195","t":"17:19:30","h":"Ouest","s":"25N-H56NV20S-80-S"},{"r":"195","t":"17:19:30","h":"Ouest","s":"25S-H56S000S-80-S"},{"r":"195","t":"17:21:15","h":"Ouest","s":"25N-H56N000I-80-I"},{"r":"195","t":"17:21:15","h":"Ouest","s":"25N-H56N100F-80-F1"},{"r":"195","t":"17:21:15","h":"Ouest","s":"25N-H56N200F-80-F2"},{"r":"195","t":"17:21:15","h":"Ouest","s":"25N-H56N300F-80-F3"},{"r":"195","t":"17:21:15","h":"Ouest","s":"25N-H56N400F-80-F4"},{"r":"195","t":"17:21:15","h":"Ouest","s":"25N-H56NV10I-80-I"},{"r":"195","t":"17:21:15","h":"Ouest","s":"25N-H56NV20I-80-I"},{"r":"195","t":"17:21:15","h":"Ouest","s":"25S-H56S000I-80-I"},{"r":"195","t":"17:21:15","h":"Ouest","s":"25S-H56S100F-80-F1"},{"r":"195","t":"17:21:15","h":"Ouest","s":"25S-H56S200F-81-F2"},{"r":"195","t":"17:31:30","h":"Ouest","s":"25N-H56N000A-80-A"},{"r":"195","t":"17:31:30","h":"Ouest","s":"25N-H56NV10A-80-A"},{"r":"195","t":"17:31:30","h":"Ouest","s":"25N-H56NV20A-80-A"},{"r":"195","t":"17:31:30","h":"Ouest","s":"25S-H56S000A-80-A"},{"r":"195","t":"17:51:15","h":"Ouest","s":"25N-H56N000I-80-I"},{"r":"195","t":"17:51:15","h":"Ouest","s":"25N-H56N100F-80-F1"},{"r":"195","t":"17:51:15","h":"Ouest","s":"25N-H56N200F-80-F2"},{"r":"195","t":"17:51:15","h":"Ouest","s":"25N-H56N300F-80-F3"},{"r":"195","t":"17:51:15","h":"Ouest","s":"25N-H56N400F-80-F4"},{"r":"195","t":"17:51:15","h":"Ouest","s":"25N-H56NV10I-80-I"},{"r":"195","t":"17:51:15","h":"Ouest","s":"25N-H56NV20I-80-I"},{"r":"195","t":"17:51:15","h":"Ouest","s":"25S-H56S000I-80-I"},{"r":"195","t":"17:51:15","h":"Ouest","s":"25S-H56S100F-80-F1"},{"r":"195","t":"17:51:15","h":"Ouest","s":"25S-H56S200F-81-F2"},{"r":"195","t":"17:52:00","h":"Ouest","s":"25N-H56N000S-80-S"},{"r":"195","t":"17:52:00","h":"Ouest","s":"25N-H56NV10S-80-S"},{"r":"195","t":"17:52:00","h":"Ouest","s":"25N-H56NV20S-80-S"},{"r":"195","t":"17:52:00","h":"Ouest","s":"25S-H56S000S-80-S"},{"r":"195","t":"18:00:30","h":"Ouest","s":"25N-H56N000A-80-A"},{"r":"195","t":"18:00:30","h":"Ouest","s":"25N-H56NV10A-80-A"},{"r":"195","t":"18:00:30","h":"Ouest","s":"25N-H56NV20A-80-A"},{"r":"195","t":"18:00:30","h":"Ouest","s":"25S-H56S000A-80-A"},{"r":"195","t":"18:21:15","h":"Ouest","s":"25N-H56N000I-80-I"},{"r":"195","t":"18:21:15","h":"Ouest","s":"25N-H56N100F-80-F1"},{"r":"195","t":"18:21:15","h":"Ouest","s":"25N-H56N200F-80-F2"},{"r":"195","t":"18:21:15","h":"Ouest","s":"25N-H56N300F-80-F3"},{"r":"195","t":"18:21:15","h":"Ouest","s":"25N-H56N400F-80-F4"},{"r":"195","t":"18:21:15","h":"Ouest","s":"25N-H56NV10I-80-I"},{"r":"195","t":"18:21:15","h":"Ouest","s":"25N-H56NV20I-80-I"},{"r":"195","t":"18:21:15","h":"Ouest","s":"25S-H56S000I-80-I"},{"r":"195","t":"18:21:15","h":"Ouest","s":"25S-H56S100F-80-F1"},{"r":"195","t":"18:21:15","h":"Ouest","s":"25S-H56S200F-81-F2"},{"r":"195","t":"18:23:00","h":"Ouest","s":"25N-H56N000S-80-S"},{"r":"195","t":"18:23:00","h":"Ouest","s":"25N-H56NV10S-80-S"},{"r":"195","t":"18:23:00","h":"Ouest","s":"25N-H56NV20S-80-S"},{"r":"195","t":"18:23:00","h":"Ouest","s":"25S-H56S000S-80-S"},{"r":"195","t":"18:28:30","h":"Ouest","s":"25N-H56N000A-80-A"},{"r":"195","t":"18:28:30","h":"Ouest","s":"25N-H56NV10A-80-A"},{"r":"195","t":"18:28:30","h":"Ouest","s":"25N-H56NV20A-80-A"},{"r":"195","t":"18:28:30","h":"Ouest","s":"25S-H56S000A-80-A"},{"r":"195","t":"18:49:15","h":"Ouest","s":"25N-H56N000I-80-I"},{"r":"195","t":"18:49:15","h":"Ouest","s":"25N-H56N100F-80-F1"},{"r":"195","t":"18:49:15","h":"Ouest","s":"25N-H56N200F-80-F2"},{"r":"195","t":"18:49:15","h":"Ouest","s":"25N-H56N300F-80-F3"},{"r":"195","t":"18:49:15","h":"Ouest","s":"25N-H56N400F-80-F4"},{"r":"195","t":"18:49:15","h":"Ouest","s":"25N-H56NV10I-80-I"},{"r":"195","t":"18:49:15","h":"Ouest","s":"25N-H56NV20I-80-I"},{"r":"195","t":"18:49:15","h":"Ouest","s":"25S-H56S000I-80-I"},{"r":"195","t":"18:49:15","h":"Ouest","s":"25S-H56S100F-80-F1"},{"r":"195","t":"18:49:15","h":"Ouest","s":"25S-H56S200F-81-F2"},{"r":"195","t":"18:54:00","h":"Ouest","s":"25N-H56N000S-80-S"},{"r":"195","t":"18:54:00","h":"Ouest","s":"25N-H56NV10S-80-S"},{"r":"195","t":"18:54:00","h":"Ouest","s":"25N-H56NV20S-80-S"},{"r":"195","t":"18:54:00","h":"Ouest","s":"25S-H56S000S-80-S"},{"r":"195","t":"18:58:30","h":"Ouest","s":"25N-H56N000A-80-A"},{"r":"195","t":"18:58:30","h":"Ouest","s":"25N-H56NV10A-80-A"},{"r":"195","t":"18:58:30","h":"Ouest","s":"25N-H56NV20A-80-A"},{"r":"195","t":"18:58:30","h":"Ouest","s":"25S-H56S000A-80-A"},{"r":"195","t":"19:19:15","h":"Ouest","s":"25N-H56N000I-80-I"},{"r":"195","t":"19:19:15","h":"Ouest","s":"25N-H56N100F-80-F1"},{"r":"195","t":"19:19:15","h":"Ouest","s":"25N-H56N200F-80-F2"},{"r":"195","t":"19:19:15","h":"Ouest","s":"25N-H56N300F-80-F3"},{"r":"195","t":"19:19:15","h":"Ouest","s":"25N-H56N400F-80-F4"},{"r":"195","t":"19:19:15","h":"Ouest","s":"25N-H56NV10I-80-I"},{"r":"195","t":"19:19:15","h":"Ouest","s":"25N-H56NV20I-80-I"},{"r":"195","t":"19:19:15","h":"Ouest","s":"25S-H56S000I-80-I"},{"r":"195","t":"19:19:15","h":"Ouest","s":"25S-H56S100F-80-F1"},{"r":"195","t":"19:19:15","h":"Ouest","s":"25S-H56S200F-81-F2"},{"r":"195","t":"19:25:00","h":"Ouest","s":"25N-H56N000S-80-S"},{"r":"195","t":"19:25:00","h":"Ouest","s":"25N-H56NV10S-80-S"},{"r":"195","t":"19:25:00","h":"Ouest","s":"25N-H56NV20S-80-S"},{"r":"195","t":"19:25:00","h":"Ouest","s":"25S-H56S000S-80-S"},{"r":"195","t":"19:26:15","h":"Ouest","s":"25N-H56N000A-80-A"},{"r":"195","t":"19:26:15","h":"Ouest","s":"25N-H56NV10A-80-A"},{"r":"195","t":"19:26:15","h":"Ouest","s":"25N-H56NV20A-80-A"},{"r":"195","t":"19:26:15","h":"Ouest","s":"25S-H56S000A-80-A"},{"r":"195","t":"19:48:15","h":"Ouest","s":"25N-H56N000I-80-I"},{"r":"195","t":"19:48:15","h":"Ouest","s":"25N-H56N100F-80-F1"},{"r":"195","t":"19:48:15","h":"Ouest","s":"25N-H56N200F-80-F2"},{"r":"195","t":"19:48:15","h":"Ouest","s":"25N-H56N300F-80-F3"},{"r":"195","t":"19:48:15","h":"Ouest","s":"25N-H56N400F-80-F4"},{"r":"195","t":"19:48:15","h":"Ouest","s":"25N-H56NV10I-80-I"},{"r":"195","t":"19:48:15","h":"Ouest","s":"25N-H56NV20I-80-I"},{"r":"195","t":"19:48:15","h":"Ouest","s":"25S-H56S000I-80-I"},{"r":"195","t":"19:48:15","h":"Ouest","s":"25S-H56S100F-80-F1"},{"r":"195","t":"19:48:15","h":"Ouest","s":"25S-H56S200F-81-F2"},{"r":"195","t":"19:53:15","h":"Ouest","s":"25N-H56N000A-80-A"},{"r":"195","t":"19:53:15","h":"Ouest","s":"25N-H56NV10A-80-A"},{"r":"195","t":"19:53:15","h":"Ouest","s":"25N-H56NV20A-80-A"},{"r":"195","t":"19:53:15","h":"Ouest","s":"25S-H56S000A-80-A"},{"r":"195","t":"19:54:00","h":"Ouest","s":"25N-H56N000S-80-S"},{"r":"195","t":"19:54:00","h":"Ouest","s":"25N-H56NV10S-80-S"},{"r":"195","t":"19:54:00","h":"Ouest","s":"25N-H56NV20S-80-S"},{"r":"195","t":"19:54:00","h":"Ouest","s":"25S-H56S000S-80-S"},{"r":"195","t":"20:15:15","h":"Ouest","s":"25N-H56N000I-80-I"},{"r":"195","t":"20:15:15","h":"Ouest","s":"25N-H56N100F-80-F1"},{"r":"195","t":"20:15:15","h":"Ouest","s":"25N-H56N200F-80-F2"},{"r":"195","t":"20:15:15","h":"Ouest","s":"25N-H56N300F-80-F3"},{"r":"195","t":"20:15:15","h":"Ouest","s":"25N-H56N400F-80-F4"},{"r":"195","t":"20:15:15","h":"Ouest","s":"25N-H56NV10I-80-I"},{"r":"195","t":"20:15:15","h":"Ouest","s":"25N-H56NV20I-80-I"},{"r":"195","t":"20:15:15","h":"Ouest","s":"25S-H56S000I-80-I"},{"r":"195","t":"20:15:15","h":"Ouest","s":"25S-H56S100F-80-F1"},{"r":"195","t":"20:15:15","h":"Ouest","s":"25S-H56S200F-81-F2"},{"r":"195","t":"20:22:15","h":"Ouest","s":"25N-H56N000A-80-A"},{"r":"195","t":"20:22:15","h":"Ouest","s":"25N-H56NV10A-80-A"},{"r":"195","t":"20:22:15","h":"Ouest","s":"25N-H56NV20A-80-A"},{"r":"195","t":"20:22:15","h":"Ouest","s":"25S-H56S000A-80-A"},{"r":"195","t":"20:23:00","h":"Ouest","s":"25N-H56N000S-80-S"},{"r":"195","t":"20:23:00","h":"Ouest","s":"25N-H56NV10S-80-S"},{"r":"195","t":"20:23:00","h":"Ouest","s":"25N-H56NV20S-80-S"},{"r":"195","t":"20:23:00","h":"Ouest","s":"25S-H56S000S-80-S"},{"r":"195","t":"20:45:15","h":"Ouest","s":"25N-H56N000I-80-I"},{"r":"195","t":"20:45:15","h":"Ouest","s":"25N-H56N100F-80-F1"},{"r":"195","t":"20:45:15","h":"Ouest","s":"25N-H56N200F-80-F2"},{"r":"195","t":"20:45:15","h":"Ouest","s":"25N-H56N300F-80-F3"},{"r":"195","t":"20:45:15","h":"Ouest","s":"25N-H56N400F-80-F4"},{"r":"195","t":"20:45:15","h":"Ouest","s":"25N-H56NV10I-80-I"},{"r":"195","t":"20:45:15","h":"Ouest","s":"25N-H56NV20I-80-I"},{"r":"195","t":"20:45:15","h":"Ouest","s":"25S-H56S000I-80-I"},{"r":"195","t":"20:45:15","h":"Ouest","s":"25S-H56S100F-80-F1"},{"r":"195","t":"20:45:15","h":"Ouest","s":"25S-H56S200F-81-F2"},{"r":"195","t":"20:51:00","h":"Ouest","s":"25N-H56N000S-80-S"},{"r":"195","t":"20:51:00","h":"Ouest","s":"25N-H56NV10S-80-S"},{"r":"195","t":"20:51:00","h":"Ouest","s":"25N-H56NV20S-80-S"},{"r":"195","t":"20:51:00","h":"Ouest","s":"25S-H56S000S-80-S"},{"r":"195","t":"20:51:15","h":"Ouest","s":"25N-H56N000A-80-A"},{"r":"195","t":"20:51:15","h":"Ouest","s":"25N-H56NV10A-80-A"},{"r":"195","t":"20:51:15","h":"Ouest","s":"25N-H56NV20A-80-A"},{"r":"195","t":"20:51:15","h":"Ouest","s":"25S-H56S000A-80-A"},{"r":"195","t":"21:15:15","h":"Ouest","s":"25N-H56N000I-80-I"},{"r":"195","t":"21:15:15","h":"Ouest","s":"25N-H56N100F-80-F1"},{"r":"195","t":"21:15:15","h":"Ouest","s":"25N-H56N200F-80-F2"},{"r":"195","t":"21:15:15","h":"Ouest","s":"25N-H56N300F-80-F3"},{"r":"195","t":"21:15:15","h":"Ouest","s":"25N-H56N400F-80-F4"},{"r":"195","t":"21:15:15","h":"Ouest","s":"25N-H56NV10I-80-I"},{"r":"195","t":"21:15:15","h":"Ouest","s":"25N-H56NV20I-80-I"},{"r":"195","t":"21:15:15","h":"Ouest","s":"25S-H56S000I-80-I"},{"r":"195","t":"21:15:15","h":"Ouest","s":"25S-H56S100F-80-F1"},{"r":"195","t":"21:15:15","h":"Ouest","s":"25S-H56S200F-81-F2"},{"r":"195","t":"21:20:00","h":"Ouest","s":"25N-H56N000S-80-S"},{"r":"195","t":"21:20:00","h":"Ouest","s":"25N-H56NV10S-80-S"},{"r":"195","t":"21:20:00","h":"Ouest","s":"25N-H56NV20S-80-S"},{"r":"195","t":"21:20:00","h":"Ouest","s":"25S-H56S000S-80-S"},{"r":"195","t":"21:21:15","h":"Ouest","s":"25N-H56N000A-80-A"},{"r":"195","t":"21:21:15","h":"Ouest","s":"25N-H56NV10A-80-A"},{"r":"195","t":"21:21:15","h":"Ouest","s":"25N-H56NV20A-80-A"},{"r":"195","t":"21:21:15","h":"Ouest","s":"25S-H56S000A-80-A"},{"r":"195","t":"21:45:15","h":"Ouest","s":"25N-H56N000I-80-I"},{"r":"195","t":"21:45:15","h":"Ouest","s":"25N-H56N100F-80-F1"},{"r":"195","t":"21:45:15","h":"Ouest","s":"25N-H56N200F-80-F2"},{"r":"195","t":"21:45:15","h":"Ouest","s":"25N-H56N300F-80-F3"},{"r":"195","t":"21:45:15","h":"Ouest","s":"25N-H56N400F-80-F4"},{"r":"195","t":"21:45:15","h":"Ouest","s":"25N-H56NV10I-80-I"},{"r":"195","t":"21:45:15","h":"Ouest","s":"25N-H56NV20I-80-I"},{"r":"195","t":"21:45:15","h":"Ouest","s":"25S-H56S000I-80-I"},{"r":"195","t":"21:45:15","h":"Ouest","s":"25S-H56S100F-80-F1"},{"r":"195","t":"21:45:15","h":"Ouest","s":"25S-H56S200F-81-F2"},{"r":"195","t":"21:50:00","h":"Ouest","s":"25N-H56N000S-80-S"},{"r":"195","t":"21:50:00","h":"Ouest","s":"25N-H56NV10S-80-S"},{"r":"195","t":"21:50:00","h":"Ouest","s":"25N-H56NV20S-80-S"},{"r":"195","t":"21:50:00","h":"Ouest","s":"25S-H56S000S-80-S"},{"r":"195","t":"21:51:15","h":"Ouest","s":"25N-H56N000A-80-A"},{"r":"195","t":"21:51:15","h":"Ouest","s":"25N-H56NV10A-80-A"},{"r":"195","t":"21:51:15","h":"Ouest","s":"25N-H56NV20A-80-A"},{"r":"195","t":"21:51:15","h":"Ouest","s":"25S-H56S000A-80-A"},{"r":"195","t":"22:15:15","h":"Ouest","s":"25N-H56N000I-80-I"},{"r":"195","t":"22:15:15","h":"Ouest","s":"25N-H56N100F-80-F1"},{"r":"195","t":"22:15:15","h":"Ouest","s":"25N-H56N200F-80-F2"},{"r":"195","t":"22:15:15","h":"Ouest","s":"25N-H56N300F-80-F3"},{"r":"195","t":"22:15:15","h":"Ouest","s":"25N-H56N400F-80-F4"},{"r":"195","t":"22:15:15","h":"Ouest","s":"25N-H56NV10I-80-I"},{"r":"195","t":"22:15:15","h":"Ouest","s":"25N-H56NV20I-80-I"},{"r":"195","t":"22:15:15","h":"Ouest","s":"25S-H56S000I-80-I"},{"r":"195","t":"22:15:15","h":"Ouest","s":"25S-H56S100F-80-F1"},{"r":"195","t":"22:15:15","h":"Ouest","s":"25S-H56S200F-81-F2"},{"r":"195","t":"22:19:00","h":"Ouest","s":"25N-H56N000S-80-S"},{"r":"195","t":"22:19:00","h":"Ouest","s":"25N-H56NV10S-80-S"},{"r":"195","t":"22:19:00","h":"Ouest","s":"25N-H56NV20S-80-S"},{"r":"195","t":"22:19:00","h":"Ouest","s":"25S-H56S000S-80-S"},{"r":"195","t":"22:20:15","h":"Ouest","s":"25N-H56N000A-80-A"},{"r":"195","t":"22:20:15","h":"Ouest","s":"25N-H56NV10A-80-A"},{"r":"195","t":"22:20:15","h":"Ouest","s":"25N-H56NV20A-80-A"},{"r":"195","t":"22:20:15","h":"Ouest","s":"25S-H56S000A-80-A"},{"r":"195","t":"22:45:15","h":"Ouest","s":"25N-H56N000I-80-I"},{"r":"195","t":"22:45:15","h":"Ouest","s":"25N-H56N100F-80-F1"},{"r":"195","t":"22:45:15","h":"Ouest","s":"25N-H56N200F-80-F2"},{"r":"195","t":"22:45:15","h":"Ouest","s":"25N-H56N300F-80-F3"},{"r":"195","t":"22:45:15","h":"Ouest","s":"25N-H56N400F-80-F4"},{"r":"195","t":"22:45:15","h":"Ouest","s":"25N-H56NV10I-80-I"},{"r":"195","t":"22:45:15","h":"Ouest","s":"25N-H56NV20I-80-I"},{"r":"195","t":"22:45:15","h":"Ouest","s":"25S-H56S000I-80-I"},{"r":"195","t":"22:45:15","h":"Ouest","s":"25S-H56S100F-80-F1"},{"r":"195","t":"22:45:15","h":"Ouest","s":"25S-H56S200F-81-F2"},{"r":"195","t":"22:47:00","h":"Ouest","s":"25N-H56N000S-80-S"},{"r":"195","t":"22:47:00","h":"Ouest","s":"25N-H56NV10S-80-S"},{"r":"195","t":"22:47:00","h":"Ouest","s":"25N-H56NV20S-80-S"},{"r":"195","t":"22:47:00","h":"Ouest","s":"25S-H56S000S-80-S"},{"r":"195","t":"22:49:15","h":"Ouest","s":"25N-H56N000A-80-A"},{"r":"195","t":"22:49:15","h":"Ouest","s":"25N-H56NV10A-80-A"},{"r":"195","t":"22:49:15","h":"Ouest","s":"25N-H56NV20A-80-A"},{"r":"195","t":"22:49:15","h":"Ouest","s":"25S-H56S000A-80-A"},{"r":"195","t":"23:15:00","h":"Ouest","s":"25N-H56N000S-80-S"},{"r":"195","t":"23:15:00","h":"Ouest","s":"25N-H56NV10S-80-S"},{"r":"195","t":"23:15:00","h":"Ouest","s":"25N-H56NV20S-80-S"},{"r":"195","t":"23:15:00","h":"Ouest","s":"25S-H56S000S-80-S"},{"r":"195","t":"23:16:15","h":"Ouest","s":"25N-H56N000A-80-A"},{"r":"195","t":"23:16:15","h":"Ouest","s":"25N-H56N000I-80-I"},{"r":"195","t":"23:16:15","h":"Ouest","s":"25N-H56N100F-80-F1"},{"r":"195","t":"23:16:15","h":"Ouest","s":"25N-H56N200F-80-F2"},{"r":"195","t":"23:16:15","h":"Ouest","s":"25N-H56N300F-80-F3"},{"r":"195","t":"23:16:15","h":"Ouest","s":"25N-H56N400F-80-F4"},{"r":"195","t":"23:16:15","h":"Ouest","s":"25N-H56NV10A-80-A"},{"r":"195","t":"23:16:15","h":"Ouest","s":"25N-H56NV10I-80-I"},{"r":"195","t":"23:16:15","h":"Ouest","s":"25N-H56NV20A-80-A"},{"r":"195","t":"23:16:15","h":"Ouest","s":"25N-H56NV20I-80-I"},{"r":"195","t":"23:16:15","h":"Ouest","s":"25S-H56S000A-80-A"},{"r":"195","t":"23:16:15","h":"Ouest","s":"25S-H56S000I-80-I"},{"r":"195","t":"23:16:15","h":"Ouest","s":"25S-H56S100F-80-F1"},{"r":"195","t":"23:16:15","h":"Ouest","s":"25S-H56S200F-81-F2"},{"r":"195","t":"23:43:00","h":"Ouest","s":"25N-H56N000S-80-S"},{"r":"195","t":"23:43:00","h":"Ouest","s":"25N-H56NV10S-80-S"},{"r":"195","t":"23:43:00","h":"Ouest","s":"25N-H56NV20S-80-S"},{"r":"195","t":"23:43:00","h":"Ouest","s":"25S-H56S000S-80-S"},{"r":"195","t":"23:46:15","h":"Ouest","s":"25N-H56N000A-80-A"},{"r":"195","t":"23:46:15","h":"Ouest","s":"25N-H56N000I-80-I"},{"r":"195","t":"23:46:15","h":"Ouest","s":"25N-H56N100F-80-F1"},{"r":"195","t":"23:46:15","h":"Ouest","s":"25N-H56N200F-80-F2"},{"r":"195","t":"23:46:15","h":"Ouest","s":"25N-H56N300F-80-F3"},{"r":"195","t":"23:46:15","h":"Ouest","s":"25N-H56N400F-80-F4"},{"r":"195","t":"23:46:15","h":"Ouest","s":"25N-H56NV10A-80-A"},{"r":"195","t":"23:46:15","h":"Ouest","s":"25N-H56NV10I-80-I"},{"r":"195","t":"23:46:15","h":"Ouest","s":"25N-H56NV20A-80-A"},{"r":"195","t":"23:46:15","h":"Ouest","s":"25N-H56NV20I-80-I"},{"r":"195","t":"23:46:15","h":"Ouest","s":"25S-H56S000A-80-A"},{"r":"195","t":"23:46:15","h":"Ouest","s":"25S-H56S000I-80-I"},{"r":"195","t":"23:46:15","h":"Ouest","s":"25S-H56S100F-80-F1"},{"r":"195","t":"23:46:15","h":"Ouest","s":"25S-H56S200F-81-F2"},{"r":"195","t":"24:12:00","h":"Ouest","s":"25N-H56N000S-80-S"},{"r":"195","t":"24:12:00","h":"Ouest","s":"25N-H56NV10S-80-S"},{"r":"195","t":"24:12:00","h":"Ouest","s":"25N-H56NV20S-80-S"},{"r":"195","t":"24:12:00","h":"Ouest","s":"25S-H56S000S-80-S"},{"r":"195","t":"24:15:15","h":"Ouest","s":"25N-H56N000I-80-I"},{"r":"195","t":"24:15:15","h":"Ouest","s":"25N-H56N100F-80-F1"},{"r":"195","t":"24:15:15","h":"Ouest","s":"25N-H56N200F-80-F2"},{"r":"195","t":"24:15:15","h":"Ouest","s":"25N-H56N300F-80-F3"},{"r":"195","t":"24:15:15","h":"Ouest","s":"25N-H56N400F-80-F4"},{"r":"195","t":"24:15:15","h":"Ouest","s":"25N-H56NV10I-80-I"},{"r":"195","t":"24:15:15","h":"Ouest","s":"25N-H56NV20I-80-I"},{"r":"195","t":"24:15:15","h":"Ouest","s":"25S-H56S000I-80-I"},{"r":"195","t":"24:15:15","h":"Ouest","s":"25S-H56S100F-80-F1"},{"r":"195","t":"24:15:15","h":"Ouest","s":"25S-H56S200F-81-F2"},{"r":"195","t":"24:16:15","h":"Ouest","s":"25N-H56N000A-80-A"},{"r":"195","t":"24:16:15","h":"Ouest","s":"25N-H56NV10A-80-A"},{"r":"195","t":"24:16:15","h":"Ouest","s":"25N-H56NV20A-80-A"},{"r":"195","t":"24:16:15","h":"Ouest","s":"25S-H56S000A-80-A"},{"r":"195","t":"24:41:00","h":"Ouest","s":"25N-H56N000S-80-S"},{"r":"195","t":"24:41:00","h":"Ouest","s":"25N-H56NV10S-80-S"},{"r":"195","t":"24:41:00","h":"Ouest","s":"25N-H56NV20S-80-S"},{"r":"195","t":"24:41:00","h":"Ouest","s":"25S-H56S000S-80-S"},{"r":"195","t":"24:44:15","h":"Ouest","s":"25N-H56N000I-80-I"},{"r":"195","t":"24:44:15","h":"Ouest","s":"25N-H56N100F-80-F1"},{"r":"195","t":"24:44:15","h":"Ouest","s":"25N-H56N200F-80-F2"},{"r":"195","t":"24:44:15","h":"Ouest","s":"25N-H56N300F-80-F3"},{"r":"195","t":"24:44:15","h":"Ouest","s":"25N-H56N400F-80-F4"},{"r":"195","t":"24:44:15","h":"Ouest","s":"25N-H56NV10I-80-I"},{"r":"195","t":"24:44:15","h":"Ouest","s":"25N-H56NV20I-80-I"},{"r":"195","t":"24:44:15","h":"Ouest","s":"25S-H56S000I-80-I"},{"r":"195","t":"24:44:15","h":"Ouest","s":"25S-H56S100F-80-F1"},{"r":"195","t":"24:44:15","h":"Ouest","s":"25S-H56S200F-81-F2"},{"r":"195","t":"24:45:15","h":"Ouest","s":"25N-H56N000A-80-A"},{"r":"195","t":"24:45:15","h":"Ouest","s":"25N-H56NV10A-80-A"},{"r":"195","t":"24:45:15","h":"Ouest","s":"25N-H56NV20A-80-A"},{"r":"195","t":"24:45:15","h":"Ouest","s":"25S-H56S000A-80-A"},{"r":"195","t":"25:11:00","h":"Ouest","s":"25N-H56N000S-80-S"},{"r":"195","t":"25:11:00","h":"Ouest","s":"25N-H56NV10S-80-S"},{"r":"195","t":"25:11:00","h":"Ouest","s":"25N-H56NV20S-80-S"},{"r":"195","t":"25:11:00","h":"Ouest","s":"25S-H56S000S-80-S"},{"r":"195","t":"25:13:15","h":"Ouest","s":"25N-H56N000A-80-A"},{"r":"195","t":"25:13:15","h":"Ouest","s":"25N-H56N000I-80-I"},{"r":"195","t":"25:13:15","h":"Ouest","s":"25N-H56N100F-80-F1"},{"r":"195","t":"25:13:15","h":"Ouest","s":"25N-H56N200F-80-F2"},{"r":"195","t":"25:13:15","h":"Ouest","s":"25N-H56N300F-80-F3"},{"r":"195","t":"25:13:15","h":"Ouest","s":"25N-H56N400F-80-F4"},{"r":"195","t":"25:13:15","h":"Ouest","s":"25N-H56NV10A-80-A"},{"r":"195","t":"25:13:15","h":"Ouest","s":"25N-H56NV10I-80-I"},{"r":"195","t":"25:13:15","h":"Ouest","s":"25N-H56NV20A-80-A"},{"r":"195","t":"25:13:15","h":"Ouest","s":"25N-H56NV20I-80-I"},{"r":"195","t":"25:13:15","h":"Ouest","s":"25S-H56S000A-80-A"},{"r":"195","t":"25:13:15","h":"Ouest","s":"25S-H56S000I-80-I"},{"r":"195","t":"25:13:15","h":"Ouest","s":"25S-H56S100F-80-F1"},{"r":"195","t":"25:13:15","h":"Ouest","s":"25S-H56S200F-81-F2"},{"r":"195","t":"25:41:00","h":"Ouest","s":"25N-H56N000S-80-S"},{"r":"195","t":"25:41:00","h":"Ouest","s":"25N-H56NV10S-80-S"},{"r":"195","t":"25:41:00","h":"Ouest","s":"25N-H56NV20S-80-S"},{"r":"195","t":"25:41:00","h":"Ouest","s":"25S-H56S000S-80-S"},{"r":"195","t":"25:42:15","h":"Ouest","s":"25N-H56N000A-80-A"},{"r":"195","t":"25:42:15","h":"Ouest","s":"25N-H56N000I-80-I"},{"r":"195","t":"25:42:15","h":"Ouest","s":"25N-H56N100F-80-F1"},{"r":"195","t":"25:42:15","h":"Ouest","s":"25N-H56N200F-80-F2"},{"r":"195","t":"25:42:15","h":"Ouest","s":"25N-H56N300F-80-F3"},{"r":"195","t":"25:42:15","h":"Ouest","s":"25N-H56N400F-80-F4"},{"r":"195","t":"25:42:15","h":"Ouest","s":"25N-H56NV10A-80-A"},{"r":"195","t":"25:42:15","h":"Ouest","s":"25N-H56NV10I-80-I"},{"r":"195","t":"25:42:15","h":"Ouest","s":"25N-H56NV20A-80-A"},{"r":"195","t":"25:42:15","h":"Ouest","s":"25N-H56NV20I-80-I"},{"r":"195","t":"25:42:15","h":"Ouest","s":"25S-H56S000A-80-A"},{"r":"195","t":"25:42:15","h":"Ouest","s":"25S-H56S000I-80-I"},{"r":"195","t":"25:42:15","h":"Ouest","s":"25S-H56S100F-80-F1"},{"r":"195","t":"25:42:15","h":"Ouest","s":"25S-H56S200F-81-F2"},{"r":"195","t":"26:10:15","h":"Ouest","s":"25N-H56N000I-80-I"},{"r":"195","t":"26:10:15","h":"Ouest","s":"25N-H56N100F-80-F1"},{"r":"195","t":"26:10:15","h":"Ouest","s":"25N-H56N200F-80-F2"},{"r":"195","t":"26:10:15","h":"Ouest","s":"25N-H56N300F-80-F3"},{"r":"195","t":"26:10:15","h":"Ouest","s":"25N-H56N400F-80-F4"},{"r":"195","t":"26:10:15","h":"Ouest","s":"25N-H56NV10I-80-I"},{"r":"195","t":"26:10:15","h":"Ouest","s":"25N-H56NV20I-80-I"},{"r":"195","t":"26:10:15","h":"Ouest","s":"25S-H56S000I-80-I"},{"r":"195","t":"26:10:15","h":"Ouest","s":"25S-H56S100F-80-F1"},{"r":"195","t":"26:10:15","h":"Ouest","s":"25S-H56S200F-81-F2"},{"r":"195","t":"26:11:00","h":"Ouest","s":"25N-H56N000S-80-S"},{"r":"195","t":"26:11:00","h":"Ouest","s":"25N-H56NV10S-80-S"},{"r":"195","t":"26:11:00","h":"Ouest","s":"25N-H56NV20S-80-S"},{"r":"195","t":"26:11:00","h":"Ouest","s":"25S-H56S000S-80-S"},{"r":"195","t":"26:11:15","h":"Ouest","s":"25N-H56N000A-80-A"},{"r":"195","t":"26:11:15","h":"Ouest","s":"25N-H56NV10A-80-A"},{"r":"195","t":"26:11:15","h":"Ouest","s":"25N-H56NV20A-80-A"},{"r":"195","t":"26:11:15","h":"Ouest","s":"25S-H56S000A-80-A"},{"r":"195","t":"26:40:15","h":"Ouest","s":"25N-H56N000A-80-A"},{"r":"195","t":"26:40:15","h":"Ouest","s":"25N-H56NV10A-80-A"},{"r":"195","t":"26:40:15","h":"Ouest","s":"25N-H56NV20A-80-A"},{"r":"195","t":"26:40:15","h":"Ouest","s":"25S-H56S000A-80-A"}]