[{"r":"356","t":"25:31:25","h":"Est","s":"25N-H56N000A-80-A"},{"r":"356","t":"25:31:25","h":"Est","s":"25N-H56NV10A-80-A"},{"r":"356","t":"25:31:25","h":"Est","s":"25N-H56NV20A-80-A"},{"r":"356","t":"25:31:25","h":"Est","s":"25S-H56S000A-80-A"},{"r":"356","t":"25:39:32","h":"Est","s":"25N-H56N000I-80-I"},{"r":"356","t":"25:39:32","h":"Est","s":"25N-H56N100F-80-F1"},{"r":"356","t":"25:39:32","h":"Est","s":"25N-H56N200F-80-F2"},{"r":"356","t":"25:39:32","h":"Est","s":"25N-H56N300F-80-F3"},{"r":"356","t":"25:39:32","h":"Est","s":"25N-H56N400F-80-F4"},{"r":"356","t":"25:39:32","h":"Est","s":"25N-H56NV10I-80-I"},{"r":"356","t":"25:39:32","h":"Est","s":"25N-H56NV20I-80-I"},{"r":"356","t":"25:39:32","h":"Est","s":"25S-H56S000I-80-I"},{"r":"356","t":"25:39:32","h":"Est","s":"25S-H56S100F-80-F1"},{"r":"356","t":"25:39:32","h":"Est","s":"25S-H56S200F-81-F2"},{"r":"356","t":"25:40:32","h":"Est","s":"25N-H56N000S-80-S"},{"r":"356","t":"25:40:32","h":"Est","s":"25N-H56NV10S-80-S"},{"r":"356","t":"25:40:32","h":"Est","s":"25N-H56NV20S-80-S"},{"r":"356","t":"25:40:32","h":"Est","s":"25S-H56S000S-80-S"},{"r":"354","t":"25:44:07","h":"Est","s":"25N-H56N000A-80-A"},{"r":"354","t":"25:44:07","h":"Est","s":"25N-H56N000S-80-S"},{"r":"354","t":"25:44:07","h":"Est","s":"25N-H56NV10A-80-A"},{"r":"354","t":"25:44:07","h":"Est","s":"25N-H56NV10S-80-S"},{"r":"354","t":"25:44:07","h":"Est","s":"25N-H56NV20A-80-A"},{"r":"354","t":"25:44:07","h":"Est","s":"25N-H56NV20S-80-S"},{"r":"354","t":"25:44:07","h":"Est","s":"25S-H56S000A-80-A"},{"r":"354","t":"25:44:07","h":"Est","s":"25S-H56S000S-80-S"},{"r":"354","t":"25:45:07","h":"Est","s":"25N-H56N000I-80-I"},{"r":"354","t":"25:45:07","h":"Est","s":"25N-H56N100F-80-F1"},{"r":"354","t":"25:45:07","h":"Est","s":"25N-H56N200F-80-F2"},{"r":"354","t":"25:45:07","h":"Est","s":"25N-H56N300F-80-F3"},{"r":"354","t":"25:45:07","h":"Est","s":"25N-H56N400F-80-F4"},{"r":"354","t":"25:45:07","h":"Est","s":"25N-H56NV10I-80-I"},{"r":"354","t":"25:45:07","h":"Est","s":"25N-H56NV20I-80-I"},{"r":"354","t":"25:45:07","h":"Est","s":"25S-H56S000I-80-I"},{"r":"354","t":"25:45:07","h":"Est","s":"25S-H56S100F-80-F1"},{"r":"354","t":"25:45:07","h":"Est","s":"25S-H56S200F-81-F2"},{"r":"356","t":"26:13:32","h":"Est","s":"25N-H56N000S-80-S"},{"r":"356","t":"26:13:32","h":"Est","s":"25N-H56NV10S-80-S"},{"r":"356","t":"26:13:32","h":"Est","s":"25N-H56NV20S-80-S"},{"r":"356","t":"26:13:32","h":"Est","s":"25S-H56S000S-80-S"},{"r":"356","t":"26:14:25","h":"Est","s":"25N-H56N000A-80-A"},{"r":"356","t":"26:14:25","h":"Est","s":"25N-H56NV10A-80-A"},{"r":"356","t":"26:14:25","h":"Est","s":"25N-H56NV20A-80-A"},{"r":"356","t":"26:14:25","h":"Est","s":"25S-H56S000A-80-A"},{"r":"356","t":"26:18:32","h":"Est","s":"25N-H56N000I-80-I"},{"r":"356","t":"26:18:32","h":"Est","s":"25N-H56N100F-80-F1"},{"r":"356","t":"26:18:32","h":"Est","s":"25N-H56N200F-80-F2"},{"r":"356","t":"26:18:32","h":"Est","s":"25N-H56N300F-80-F3"},{"r":"356","t":"26:18:32","h":"Est","s":"25N-H56N400F-80-F4"},{"r":"356","t":"26:18:32","h":"Est","s":"25N-H56NV10I-80-I"},{"r":"356","t":"26:18:32","h":"Est","s":"25N-H56NV20I-80-I"},{"r":"356","t":"26:18:32","h":"Est","s":"25S-H56S000I-80-I"},{"r":"356","t":"26:18:32","h":"Est","s":"25S-H56S100F-80-F1"},{"r":"356","t":"26:18:32","h":"Est","s":"25S-H56S200F-81-F2"},{"r":"354","t":"26:29:07","h":"Est","s":"25N-H56N000A-80-A"},{"r":"354","t":"26:29:07","h":"Est","s":"25N-H56NV10A-80-A"},{"r":"354","t":"26:29:07","h":"Est","s":"25N-H56NV20A-80-A"},{"r":"354","t":"26:29:07","h":"Est","s":"25S-H56S000A-80-A"},{"r":"354","t":"26:30:07","h":"Est","s":"25N-H56N000I-80-I"},{"r":"354","t":"26:30:07","h":"Est","s":"25N-H56N100F-80-F1"},{"r":"354","t":"26:30:07","h":"Est","s":"25N-H56N200F-80-F2"},{"r":"354","t":"26:30:07","h":"Est","s":"25N-H56N300F-80-F3"},{"r":"354","t":"26:30:07","h":"Est","s":"25N-H56N400F-80-F4"},{"r":"354","t":"26:30:07","h":"Est","s":"25N-H56NV10I-80-I"},{"r":"354","t":"26:30:07","h":"Est","s":"25N-H56NV20I-80-I"},{"r":"354","t":"26:30:07","h":"Est","s":"25S-H56S000I-80-I"},{"r":"354","t":"26:30:07","h":"Est","s":"25S-H56S100F-80-F1"},{"r":"354","t":"26:30:07","h":"Est","s":"25S-H56S200F-81-F2"},{"r":"354","t":"26:31:07","h":"Est","s":"25N-H56N000S-80-S"},{"r":"354","t":"26:31:07","h":"Est","s":"25N-H56NV10S-80-S"},{"r":"354","t":"26:31:07","h":"Est","s":"25N-H56NV20S-80-S"},{"r":"354","t":"26:31:07","h":"Est","s":"25S-H56S000S-80-S"},{"r":"356","t":"26:47:32","h":"Est","s":"25N-H56N000S-80-S"},{"r":"356","t":"26:47:32","h":"Est","s":"25N-H56NV10S-80-S"},{"r":"356","t":"26:47:32","h":"Est","s":"25N-H56NV20S-80-S"},{"r":"356","t":"26:47:32","h":"Est","s":"25S-H56S000S-80-S"},{"r":"356","t":"26:56:32","h":"Est","s":"25N-H56N000I-80-I"},{"r":"356","t":"26:56:32","h":"Est","s":"25N-H56N100F-80-F1"},{"r":"356","t":"26:56:32","h":"Est","s":"25N-H56N200F-80-F2"},{"r":"356","t":"26:56:32","h":"Est","s":"25N-H56N300F-80-F3"},{"r":"356","t":"26:56:32","h":"Est","s":"25N-H56N400F-80-F4"},{"r":"356","t":"26:56:32","h":"Est","s":"25N-H56NV10I-80-I"},{"r":"356","t":"26:56:32","h":"Est","s":"25N-H56NV20I-80-I"},{"r":"356","t":"26:56:32","h":"Est","s":"25S-H56S000I-80-I"},{"r":"356","t":"26:56:32","h":"Est","s":"25S-H56S100F-80-F1"},{"r":"356","t":"26:56:32","h":"Est","s":"25S-H56S200F-81-F2"},{"r":"356","t":"27:07:25","h":"Est","s":"25N-H56N000A-80-A"},{"r":"356","t":"27:07:25","h":"Est","s":"25N-H56NV10A-80-A"},{"r":"356","t":"27:07:25","h":"Est","s":"25N-H56NV20A-80-A"},{"r":"356","t":"27:07:25","h":"Est","s":"25S-H56S000A-80-A"},{"r":"354","t":"27:14:07","h":"Est","s":"25N-H56N000A-80-A"},{"r":"354","t":"27:14:07","h":"Est","s":"25N-H56NV10A-80-A"},{"r":"354","t":"27:14:07","h":"Est","s":"25N-H56NV20A-80-A"},{"r":"354","t":"27:14:07","h":"Est","s":"25S-H56S000A-80-A"},{"r":"354","t":"27:16:07","h":"Est","s":"25N-H56N000I-80-I"},{"r":"354","t":"27:16:07","h":"Est","s":"25N-H56N100F-80-F1"},{"r":"354","t":"27:16:07","h":"Est","s":"25N-H56N200F-80-F2"},{"r":"354","t":"27:16:07","h":"Est","s":"25N-H56N300F-80-F3"},{"r":"354","t":"27:16:07","h":"Est","s":"25N-H56N400F-80-F4"},{"r":"354","t":"27:16:07","h":"Est","s":"25N-H56NV10I-80-I"},{"r":"354","t":"27:16:07","h":"Est","s":"25N-H56NV20I-80-I"},{"r":"354","t":"27:16:07","h":"Est","s":"25S-H56S000I-80-I"},{"r":"354","t":"27:16:07","h":"Est","s":"25S-H56S100F-80-F1"},{"r":"354","t":"27:16:07","h":"Est","s":"25S-H56S200F-81-F2"},{"r":"354","t":"27:17:07","h":"Est","s":"25N-H56N000S-80-S"},{"r":"354","t":"27:17:07","h":"Est","s":"25N-H56NV10S-80-S"},{"r":"354","t":"27:17:07","h":"Est","s":"25N-H56NV20S-80-S"},{"r":"354","t":"27:17:07","h":"Est","s":"25S-H56S000S-80-S"},{"r":"356","t":"27:26:32","h":"Est","s":"25N-H56N000S-80-S"},{"r":"356","t":"27:26:32","h":"Est","s":"25N-H56NV10S-80-S"},{"r":"356","t":"27:26:32","h":"Est","s":"25N-H56NV20S-80-S"},{"r":"356","t":"27:26:32","h":"Est","s":"25S-H56S000S-80-S"},{"r":"356","t":"27:34:32","h":"Est","s":"25N-H56N000I-80-I"},{"r":"356","t":"27:34:32","h":"Est","s":"25N-H56N100F-80-F1"},{"r":"356","t":"27:34:32","h":"Est","s":"25N-H56N200F-80-F2"},{"r":"356","t":"27:34:32","h":"Est","s":"25N-H56N300F-80-F3"},{"r":"356","t":"27:34:32","h":"Est","s":"25N-H56N400F-80-F4"},{"r":"356","t":"27:34:32","h":"Est","s":"25N-H56NV10I-80-I"},{"r":"356","t":"27:34:32","h":"Est","s":"25N-H56NV20I-80-I"},{"r":"356","t":"27:34:32","h":"Est","s":"25S-H56S000I-80-I"},{"r":"356","t":"27:34:32","h":"Est","s":"25S-H56S100F-80-F1"},{"r":"356","t":"27:34:32","h":"Est","s":"25S-H56S200F-81-F2"},{"r":"354","t":"27:59:07","h":"Est","s":"25N-H56N000A-80-A"},{"r":"354","t":"27:59:07","h":"Est","s":"25N-H56NV10A-80-A"},{"r":"354","t":"27:59:07","h":"Est","s":"25N-H56NV20A-80-A"},{"r":"354","t":"27:59:07","h":"Est","s":"25S-H56S000A-80-A"},{"r":"356","t":"27:59:25","h":"Est","s":"25N-H56N000A-80-A"},{"r":"356","t":"27:59:25","h":"Est","s":"25N-H56NV10A-80-A"},{"r":"356","t":"27:59:25","h":"Est","s":"25N-H56NV20A-80-A"},{"r":"356","t":"27:59:25","h":"Est","s":"25S-H56S000A-80-A"},{"r":"354","t":"28:01:07","h":"Est","s":"25N-H56N000I-80-I"},{"r":"354","t":"28:01:07","h":"Est","s":"25N-H56N100F-80-F1"},{"r":"354","t":"28:01:07","h":"Est","s":"25N-H56N200F-80-F2"},{"r":"354","t":"28:01:07","h":"Est","s":"25N-H56N300F-80-F3"},{"r":"354","t":"28:01:07","h":"Est","s":"25N-H56N400F-80-F4"},{"r":"354","t":"28:01:07","h":"Est","s":"25N-H56NV10I-80-I"},{"r":"354","t":"28:01:07","h":"Est","s":"25N-H56NV20I-80-I"},{"r":"354","t":"28:01:07","h":"Est","s":"25S-H56S000I-80-I"},{"r":"354","t":"28:01:07","h":"Est","s":"25S-H56S100F-80-F1"},{"r":"354","t":"28:01:07","h":"Est","s":"25S-H56S200F-81-F2"},{"r":"354","t":"28:03:07","h":"Est","s":"25N-H56N000S-80-S"},{"r":"354","t":"28:03:07","h":"Est","s":"25N-H56NV10S-80-S"},{"r":"354","t":"28:03:07","h":"Est","s":"25N-H56NV20S-80-S"},{"r":"354","t":"28:03:07","h":"Est","s":"25S-H56S000S-80-S"},{"r":"356","t":"28:06:32","h":"Est","s":"25N-H56N000S-80-S"},{"r":"356","t":"28:06:32","h":"Est","s":"25N-H56NV10S-80-S"},{"r":"356","t":"28:06:32","h":"Est","s":"25N-H56NV20S-80-S"},{"r":"356","t":"28:06:32","h":"Est","s":"25S-H56S000S-80-S"},{"r":"356","t":"28:12:32","h":"Est","s":"25N-H56N000I-80-I"},{"r":"356","t":"28:12:32","h":"Est","s":"25N-H56N100F-80-F1"},{"r":"356","t":"28:12:32","h":"Est","s":"25N-H56N200F-80-F2"},{"r":"356","t":"28:12:32","h":"Est","s":"25N-H56N300F-80-F3"},{"r":"356","t":"28:12:32","h":"Est","s":"25N-H56N400F-80-F4"},{"r":"356","t":"28:12:32","h":"Est","s":"25N-H56NV10I-80-I"},{"r":"356","t":"28:12:32","h":"Est","s":"25N-H56NV20I-80-I"},{"r":"356","t":"28:12:32","h":"Est","s":"25S-H56S000I-80-I"},{"r":"356","t":"28:12:32","h":"Est","s":"25S-H56S100F-80-F1"},{"r":"356","t":"28:12:32","h":"Est","s":"25S-H56S200F-81-F2"},{"r":"356","t":"28:42:25","h":"Est","s":"25N-H56N000A-80-A"},{"r":"356","t":"28:42:25","h":"Est","s":"25N-H56NV10A-80-A"},{"r":"356","t":"28:42:25","h":"Est","s":"25N-H56NV20A-80-A"},{"r":"356","t":"28:42:25","h":"Est","s":"25S-H56S000A-80-A"},{"r":"354","t":"28:44:07","h":"Est","s":"25N-H56N000A-80-A"},{"r":"354","t":"28:44:07","h":"Est","s":"25N-H56NV10A-80-A"},{"r":"354","t":"28:44:07","h":"Est","s":"25N-H56NV20A-80-A"},{"r":"354","t":"28:44:07","h":"Est","s":"25S-H56S000A-80-A"},{"r":"354","t":"28:45:07","h":"Est","s":"25N-H56N000I-80-I"},{"r":"354","t":"28:45:07","h":"Est","s":"25N-H56N100F-80-F1"},{"r":"354","t":"28:45:07","h":"Est","s":"25N-H56N200F-80-F2"},{"r":"354","t":"28:45:07","h":"Est","s":"25N-H56N300F-80-F3"},{"r":"354","t":"28:45:07","h":"Est","s":"25N-H56N400F-80-F4"},{"r":"354","t":"28:45:07","h":"Est","s":"25N-H56NV10I-80-I"},{"r":"354","t":"28:45:07","h":"Est","s":"25N-H56NV20I-80-I"},{"r":"354","t":"28:45:07","h":"Est","s":"25S-H56S000I-80-I"},{"r":"354","t":"28:45:07","h":"Est","s":"25S-H56S100F-80-F1"},{"r":"354","t":"28:45:07","h":"Est","s":"25S-H56S200F-81-F2"},{"r":"354","t":"28:48:07","h":"Est","s":"25N-H56N000S-80-S"},{"r":"354","t":"28:48:07","h":"Est","s":"25N-H56NV10S-80-S"},{"r":"354","t":"28:48:07","h":"Est","s":"25N-H56NV20S-80-S"},{"r":"354","t":"28:48:07","h":"Est","s":"25S-H56S000S-80-S"},{"r":"356","t":"28:50:32","h":"Est","s":"25N-H56N000I-80-I"},{"r":"356","t":"28:50:32","h":"Est","s":"25N-H56N100F-80-F1"},{"r":"356","t":"28:50:32","h":"Est","s":"25N-H56N200F-80-F2"},{"r":"356","t":"28:50:32","h":"Est","s":"25N-H56N300F-80-F3"},{"r":"356","t":"28:50:32","h":"Est","s":"25N-H56N400F-80-F4"},{"r":"356","t":"28:50:32","h":"Est","s":"25N-H56NV10I-80-I"},{"r":"356","t":"28:50:32","h":"Est","s":"25N-H56NV20I-80-I"},{"r":"356","t":"28:50:32","h":"Est","s":"25S-H56S000I-80-I"},{"r":"356","t":"28:50:32","h":"Est","s":"25S-H56S100F-80-F1"},{"r":"356","t":"28:50:32","h":"Est","s":"25S-H56S200F-81-F2"},{"r":"356","t":"28:53:32","h":"Est","s":"25N-H56N000S-80-S"},{"r":"356","t":"28:53:32","h":"Est","s":"25N-H56NV10S-80-S"},{"r":"356","t":"28:53:32","h":"Est","s":"25N-H56NV20S-80-S"},{"r":"356","t":"28:53:32","h":"Est","s":"25S-H56S000S-80-S"}]