[{"r":"202","t":"06:10:26","h":"Ouest","s":"25N-H60N000S-80-S"},{"r":"202","t":"06:10:26","h":"Ouest","s":"25N-H60N000S-98-S"},{"r":"202","t":"06:10:26","h":"Ouest","s":"25N-H60NV10S-98-S"},{"r":"202","t":"06:10:26","h":"Ouest","s":"25N-H60NV20S-98-S"},{"r":"202","t":"06:10:26","h":"Ouest","s":"25S-H60S000S-80-S"},{"r":"202","t":"06:25:26","h":"Ouest","s":"25N-H60N000A-80-A"},{"r":"202","t":"06:25:26","h":"Ouest","s":"25N-H60N000I-80-I"},{"r":"202","t":"06:25:26","h":"Ouest","s":"25N-H60N100F-81-F1"},{"r":"202","t":"06:25:26","h":"Ouest","s":"25N-H60N200F-81-F2"},{"r":"202","t":"06:25:26","h":"Ouest","s":"25N-H60N300F-82-F3"},{"r":"202","t":"06:25:26","h":"Ouest","s":"25N-H60N400F-81-F4"},{"r":"202","t":"06:25:26","h":"Ouest","s":"25N-H60NV10A-80-A"},{"r":"202","t":"06:25:26","h":"Ouest","s":"25N-H60NV10I-80-I"},{"r":"202","t":"06:25:26","h":"Ouest","s":"25N-H60NV20A-80-A"},{"r":"202","t":"06:25:26","h":"Ouest","s":"25N-H60NV20I-80-I"},{"r":"202","t":"06:25:26","h":"Ouest","s":"25S-H60S000A-80-A"},{"r":"202","t":"06:25:26","h":"Ouest","s":"25S-H60S000I-80-I"},{"r":"202","t":"06:25:26","h":"Ouest","s":"25S-H60S100F-82-F1"},{"r":"202","t":"06:25:26","h":"Ouest","s":"25S-H60S200F-81-F2"},{"r":"202","t":"06:44:01","h":"Ouest","s":"25N-H60N000S-80-S"},{"r":"202","t":"06:44:01","h":"Ouest","s":"25N-H60N000S-98-S"},{"r":"202","t":"06:44:01","h":"Ouest","s":"25N-H60NV10S-98-S"},{"r":"202","t":"06:44:01","h":"Ouest","s":"25N-H60NV20S-98-S"},{"r":"202","t":"06:44:01","h":"Ouest","s":"25S-H60S000S-80-S"},{"r":"202","t":"06:47:26","h":"Ouest","s":"25N-H60N000A-80-A"},{"r":"202","t":"06:47:26","h":"Ouest","s":"25N-H60NV10A-80-A"},{"r":"202","t":"06:47:26","h":"Ouest","s":"25N-H60NV20A-80-A"},{"r":"202","t":"06:47:26","h":"Ouest","s":"25S-H60S000A-80-A"},{"r":"202","t":"06:55:26","h":"Ouest","s":"25N-H60N000I-80-I"},{"r":"202","t":"06:55:26","h":"Ouest","s":"25N-H60N100F-81-F1"},{"r":"202","t":"06:55:26","h":"Ouest","s":"25N-H60N200F-81-F2"},{"r":"202","t":"06:55:26","h":"Ouest","s":"25N-H60N300F-82-F3"},{"r":"202","t":"06:55:26","h":"Ouest","s":"25N-H60N400F-81-F4"},{"r":"202","t":"06:55:26","h":"Ouest","s":"25N-H60NV10I-80-I"},{"r":"202","t":"06:55:26","h":"Ouest","s":"25N-H60NV20I-80-I"},{"r":"202","t":"06:55:26","h":"Ouest","s":"25S-H60S000I-80-I"},{"r":"202","t":"06:55:26","h":"Ouest","s":"25S-H60S100F-82-F1"},{"r":"202","t":"06:55:26","h":"Ouest","s":"25S-H60S200F-81-F2"},{"r":"202","t":"07:06:26","h":"Ouest","s":"25N-H60N000A-80-A"},{"r":"202","t":"07:06:26","h":"Ouest","s":"25N-H60NV10A-80-A"},{"r":"202","t":"07:06:26","h":"Ouest","s":"25N-H60NV20A-80-A"},{"r":"202","t":"07:06:26","h":"Ouest","s":"25S-H60S000A-80-A"},{"r":"202","t":"07:18:01","h":"Ouest","s":"25N-H60N000S-80-S"},{"r":"202","t":"07:18:01","h":"Ouest","s":"25N-H60N000S-98-S"},{"r":"202","t":"07:18:01","h":"Ouest","s":"25N-H60NV10S-98-S"},{"r":"202","t":"07:18:01","h":"Ouest","s":"25N-H60NV20S-98-S"},{"r":"202","t":"07:18:01","h":"Ouest","s":"25S-H60S000S-80-S"},{"r":"202","t":"07:25:26","h":"Ouest","s":"25N-H60N000A-80-A"},{"r":"202","t":"07:25:26","h":"Ouest","s":"25N-H60N000I-80-I"},{"r":"202","t":"07:25:26","h":"Ouest","s":"25N-H60N100F-81-F1"},{"r":"202","t":"07:25:26","h":"Ouest","s":"25N-H60N200F-81-F2"},{"r":"202","t":"07:25:26","h":"Ouest","s":"25N-H60N300F-82-F3"},{"r":"202","t":"07:25:26","h":"Ouest","s":"25N-H60N400F-81-F4"},{"r":"202","t":"07:25:26","h":"Ouest","s":"25N-H60NV10A-80-A"},{"r":"202","t":"07:25:26","h":"Ouest","s":"25N-H60NV10I-80-I"},{"r":"202","t":"07:25:26","h":"Ouest","s":"25N-H60NV20A-80-A"},{"r":"202","t":"07:25:26","h":"Ouest","s":"25N-H60NV20I-80-I"},{"r":"202","t":"07:25:26","h":"Ouest","s":"25S-H60S000A-80-A"},{"r":"202","t":"07:25:26","h":"Ouest","s":"25S-H60S000I-80-I"},{"r":"202","t":"07:25:26","h":"Ouest","s":"25S-H60S100F-82-F1"},{"r":"202","t":"07:25:26","h":"Ouest","s":"25S-H60S200F-81-F2"},{"r":"202","t":"07:44:26","h":"Ouest","s":"25N-H60N000A-80-A"},{"r":"202","t":"07:44:26","h":"Ouest","s":"25N-H60NV10A-80-A"},{"r":"202","t":"07:44:26","h":"Ouest","s":"25N-H60NV20A-80-A"},{"r":"202","t":"07:44:26","h":"Ouest","s":"25S-H60S000A-80-A"},{"r":"202","t":"07:51:01","h":"Ouest","s":"25N-H60N000S-80-S"},{"r":"202","t":"07:51:01","h":"Ouest","s":"25N-H60N000S-98-S"},{"r":"202","t":"07:51:01","h":"Ouest","s":"25N-H60NV10S-98-S"},{"r":"202","t":"07:51:01","h":"Ouest","s":"25N-H60NV20S-98-S"},{"r":"202","t":"07:51:01","h":"Ouest","s":"25S-H60S000S-80-S"},{"r":"202","t":"07:56:26","h":"Ouest","s":"25N-H60N000I-80-I"},{"r":"202","t":"07:56:26","h":"Ouest","s":"25N-H60N100F-81-F1"},{"r":"202","t":"07:56:26","h":"Ouest","s":"25N-H60N200F-81-F2"},{"r":"202","t":"07:56:26","h":"Ouest","s":"25N-H60N300F-82-F3"},{"r":"202","t":"07:56:26","h":"Ouest","s":"25N-H60N400F-81-F4"},{"r":"202","t":"07:56:26","h":"Ouest","s":"25N-H60NV10I-80-I"},{"r":"202","t":"07:56:26","h":"Ouest","s":"25N-H60NV20I-80-I"},{"r":"202","t":"07:56:26","h":"Ouest","s":"25S-H60S000I-80-I"},{"r":"202","t":"07:56:26","h":"Ouest","s":"25S-H60S100F-82-F1"},{"r":"202","t":"07:56:26","h":"Ouest","s":"25S-H60S200F-81-F2"},{"r":"202","t":"08:03:26","h":"Ouest","s":"25N-H60N000A-80-A"},{"r":"202","t":"08:03:26","h":"Ouest","s":"25N-H60NV10A-80-A"},{"r":"202","t":"08:03:26","h":"Ouest","s":"25N-H60NV20A-80-A"},{"r":"202","t":"08:03:26","h":"Ouest","s":"25S-H60S000A-80-A"},{"r":"202","t":"08:22:01","h":"Ouest","s":"25N-H60N000S-80-S"},{"r":"202","t":"08:22:01","h":"Ouest","s":"25N-H60N000S-98-S"},{"r":"202","t":"08:22:01","h":"Ouest","s":"25N-H60NV10S-98-S"},{"r":"202","t":"08:22:01","h":"Ouest","s":"25N-H60NV20S-98-S"},{"r":"202","t":"08:22:01","h":"Ouest","s":"25S-H60S000S-80-S"},{"r":"202","t":"08:27:26","h":"Ouest","s":"25N-H60N000I-80-I"},{"r":"202","t":"08:27:26","h":"Ouest","s":"25N-H60N100F-81-F1"},{"r":"202","t":"08:27:26","h":"Ouest","s":"25N-H60N200F-81-F2"},{"r":"202","t":"08:27:26","h":"Ouest","s":"25N-H60N300F-82-F3"},{"r":"202","t":"08:27:26","h":"Ouest","s":"25N-H60N400F-81-F4"},{"r":"202","t":"08:27:26","h":"Ouest","s":"25N-H60NV10I-80-I"},{"r":"202","t":"08:27:26","h":"Ouest","s":"25N-H60NV20I-80-I"},{"r":"202","t":"08:27:26","h":"Ouest","s":"25S-H60S000I-80-I"},{"r":"202","t":"08:27:26","h":"Ouest","s":"25S-H60S100F-82-F1"},{"r":"202","t":"08:27:26","h":"Ouest","s":"25S-H60S200F-81-F2"},{"r":"202","t":"08:30:01","h":"Ouest","s":"25N-H60N000A-80-A"},{"r":"202","t":"08:30:01","h":"Ouest","s":"25N-H60NV10A-80-A"},{"r":"202","t":"08:30:01","h":"Ouest","s":"25N-H60NV20A-80-A"},{"r":"202","t":"08:30:01","h":"Ouest","s":"25S-H60S000A-80-A"},{"r":"202","t":"08:47:01","h":"Ouest","s":"25N-H60N000S-80-S"},{"r":"202","t":"08:47:01","h":"Ouest","s":"25N-H60N000S-98-S"},{"r":"202","t":"08:47:01","h":"Ouest","s":"25N-H60NV10S-98-S"},{"r":"202","t":"08:47:01","h":"Ouest","s":"25N-H60NV20S-98-S"},{"r":"202","t":"08:47:01","h":"Ouest","s":"25S-H60S000S-80-S"},{"r":"202","t":"08:57:26","h":"Ouest","s":"25N-H60N000I-80-I"},{"r":"202","t":"08:57:26","h":"Ouest","s":"25N-H60N100F-81-F1"},{"r":"202","t":"08:57:26","h":"Ouest","s":"25N-H60N200F-81-F2"},{"r":"202","t":"08:57:26","h":"Ouest","s":"25N-H60N300F-82-F3"},{"r":"202","t":"08:57:26","h":"Ouest","s":"25N-H60N400F-81-F4"},{"r":"202","t":"08:57:26","h":"Ouest","s":"25N-H60NV10I-80-I"},{"r":"202","t":"08:57:26","h":"Ouest","s":"25N-H60NV20I-80-I"},{"r":"202","t":"08:57:26","h":"Ouest","s":"25S-H60S000I-80-I"},{"r":"202","t":"08:57:26","h":"Ouest","s":"25S-H60S100F-82-F1"},{"r":"202","t":"08:57:26","h":"Ouest","s":"25S-H60S200F-81-F2"},{"r":"202","t":"09:01:01","h":"Ouest","s":"25N-H60N000A-80-A"},{"r":"202","t":"09:01:01","h":"Ouest","s":"25N-H60NV10A-80-A"},{"r":"202","t":"09:01:01","h":"Ouest","s":"25N-H60NV20A-80-A"},{"r":"202","t":"09:01:01","h":"Ouest","s":"25S-H60S000A-80-A"},{"r":"202","t":"09:12:01","h":"Ouest","s":"25N-H60N000S-80-S"},{"r":"202","t":"09:12:01","h":"Ouest","s":"25N-H60N000S-98-S"},{"r":"202","t":"09:12:01","h":"Ouest","s":"25N-H60NV10S-98-S"},{"r":"202","t":"09:12:01","h":"Ouest","s":"25N-H60NV20S-98-S"},{"r":"202","t":"09:12:01","h":"Ouest","s":"25S-H60S000S-80-S"},{"r":"202","t":"09:27:26","h":"Ouest","s":"25N-H60N000I-80-I"},{"r":"202","t":"09:27:26","h":"Ouest","s":"25N-H60N100F-81-F1"},{"r":"202","t":"09:27:26","h":"Ouest","s":"25N-H60N200F-81-F2"},{"r":"202","t":"09:27:26","h":"Ouest","s":"25N-H60N300F-82-F3"},{"r":"202","t":"09:27:26","h":"Ouest","s":"25N-H60N400F-81-F4"},{"r":"202","t":"09:27:26","h":"Ouest","s":"25N-H60NV10I-80-I"},{"r":"202","t":"09:27:26","h":"Ouest","s":"25N-H60NV20I-80-I"},{"r":"202","t":"09:27:26","h":"Ouest","s":"25S-H60S000I-80-I"},{"r":"202","t":"09:27:26","h":"Ouest","s":"25S-H60S100F-82-F1"},{"r":"202","t":"09:27:26","h":"Ouest","s":"25S-H60S200F-81-F2"},{"r":"202","t":"09:31:01","h":"Ouest","s":"25N-H60N000A-80-A"},{"r":"202","t":"09:31:01","h":"Ouest","s":"25N-H60NV10A-80-A"},{"r":"202","t":"09:31:01","h":"Ouest","s":"25N-H60NV20A-80-A"},{"r":"202","t":"09:31:01","h":"Ouest","s":"25S-H60S000A-80-A"},{"r":"202","t":"09:35:01","h":"Ouest","s":"25N-H60N000S-80-S"},{"r":"202","t":"09:35:01","h":"Ouest","s":"25N-H60N000S-98-S"},{"r":"202","t":"09:35:01","h":"Ouest","s":"25N-H60NV10S-98-S"},{"r":"202","t":"09:35:01","h":"Ouest","s":"25N-H60NV20S-98-S"},{"r":"202","t":"09:35:01","h":"Ouest","s":"25S-H60S000S-80-S"},{"r":"202","t":"09:59:26","h":"Ouest","s":"25N-H60N000I-80-I"},{"r":"202","t":"09:59:26","h":"Ouest","s":"25N-H60N100F-81-F1"},{"r":"202","t":"09:59:26","h":"Ouest","s":"25N-H60N200F-81-F2"},{"r":"202","t":"09:59:26","h":"Ouest","s":"25N-H60N300F-82-F3"},{"r":"202","t":"09:59:26","h":"Ouest","s":"25N-H60N400F-81-F4"},{"r":"202","t":"09:59:26","h":"Ouest","s":"25N-H60NV10I-80-I"},{"r":"202","t":"09:59:26","h":"Ouest","s":"25N-H60NV20I-80-I"},{"r":"202","t":"09:59:26","h":"Ouest","s":"25S-H60S000I-80-I"},{"r":"202","t":"09:59:26","h":"Ouest","s":"25S-H60S100F-82-F1"},{"r":"202","t":"09:59:26","h":"Ouest","s":"25S-H60S200F-81-F2"},{"r":"202","t":"10:00:01","h":"Ouest","s":"25N-H60N000S-80-S"},{"r":"202","t":"10:00:01","h":"Ouest","s":"25N-H60N000S-98-S"},{"r":"202","t":"10:00:01","h":"Ouest","s":"25N-H60NV10S-98-S"},{"r":"202","t":"10:00:01","h":"Ouest","s":"25N-H60NV20S-98-S"},{"r":"202","t":"10:00:01","h":"Ouest","s":"25S-H60S000S-80-S"},{"r":"202","t":"10:01:01","h":"Ouest","s":"25N-H60N000A-80-A"},{"r":"202","t":"10:01:01","h":"Ouest","s":"25N-H60NV10A-80-A"},{"r":"202","t":"10:01:01","h":"Ouest","s":"25N-H60NV20A-80-A"},{"r":"202","t":"10:01:01","h":"Ouest","s":"25S-H60S000A-80-A"},{"r":"202","t":"10:25:01","h":"Ouest","s":"25N-H60N000S-80-S"},{"r":"202","t":"10:25:01","h":"Ouest","s":"25N-H60N000S-98-S"},{"r":"202","t":"10:25:01","h":"Ouest","s":"25N-H60NV10S-98-S"},{"r":"202","t":"10:25:01","h":"Ouest","s":"25N-H60NV20S-98-S"},{"r":"202","t":"10:25:01","h":"Ouest","s":"25S-H60S000S-80-S"},{"r":"202","t":"10:31:26","h":"Ouest","s":"25N-H60N000I-80-I"},{"r":"202","t":"10:31:26","h":"Ouest","s":"25N-H60N100F-81-F1"},{"r":"202","t":"10:31:26","h":"Ouest","s":"25N-H60N200F-81-F2"},{"r":"202","t":"10:31:26","h":"Ouest","s":"25N-H60N300F-82-F3"},{"r":"202","t":"10:31:26","h":"Ouest","s":"25N-H60N400F-81-F4"},{"r":"202","t":"10:31:26","h":"Ouest","s":"25N-H60NV10I-80-I"},{"r":"202","t":"10:31:26","h":"Ouest","s":"25N-H60NV20I-80-I"},{"r":"202","t":"10:31:26","h":"Ouest","s":"25S-H60S000I-80-I"},{"r":"202","t":"10:31:26","h":"Ouest","s":"25S-H60S100F-82-F1"},{"r":"202","t":"10:31:26","h":"Ouest","s":"25S-H60S200F-81-F2"},{"r":"202","t":"10:32:01","h":"Ouest","s":"25N-H60N000A-80-A"},{"r":"202","t":"10:32:01","h":"Ouest","s":"25N-H60NV10A-80-A"},{"r":"202","t":"10:32:01","h":"Ouest","s":"25N-H60NV20A-80-A"},{"r":"202","t":"10:32:01","h":"Ouest","s":"25S-H60S000A-80-A"},{"r":"202","t":"10:49:01","h":"Ouest","s":"25N-H60N000S-80-S"},{"r":"202","t":"10:49:01","h":"Ouest","s":"25N-H60N000S-98-S"},{"r":"202","t":"10:49:01","h":"Ouest","s":"25N-H60NV10S-98-S"},{"r":"202","t":"10:49:01","h":"Ouest","s":"25N-H60NV20S-98-S"},{"r":"202","t":"10:49:01","h":"Ouest","s":"25S-H60S000S-80-S"},{"r":"202","t":"11:02:26","h":"Ouest","s":"25N-H60N000I-80-I"},{"r":"202","t":"11:02:26","h":"Ouest","s":"25N-H60N100F-81-F1"},{"r":"202","t":"11:02:26","h":"Ouest","s":"25N-H60N200F-81-F2"},{"r":"202","t":"11:02:26","h":"Ouest","s":"25N-H60N300F-82-F3"},{"r":"202","t":"11:02:26","h":"Ouest","s":"25N-H60N400F-81-F4"},{"r":"202","t":"11:02:26","h":"Ouest","s":"25N-H60NV10I-80-I"},{"r":"202","t":"11:02:26","h":"Ouest","s":"25N-H60NV20I-80-I"},{"r":"202","t":"11:02:26","h":"Ouest","s":"25S-H60S000I-80-I"},{"r":"202","t":"11:02:26","h":"Ouest","s":"25S-H60S100F-82-F1"},{"r":"202","t":"11:02:26","h":"Ouest","s":"25S-H60S200F-81-F2"},{"r":"202","t":"11:03:01","h":"Ouest","s":"25N-H60N000A-80-A"},{"r":"202","t":"11:03:01","h":"Ouest","s":"25N-H60NV10A-80-A"},{"r":"202","t":"11:03:01","h":"Ouest","s":"25N-H60NV20A-80-A"},{"r":"202","t":"11:03:01","h":"Ouest","s":"25S-H60S000A-80-A"},{"r":"202","t":"11:12:01","h":"Ouest","s":"25N-H58N000S-80-S"},{"r":"202","t":"11:12:01","h":"Ouest","s":"25N-H58NV10S-80-S"},{"r":"202","t":"11:12:01","h":"Ouest","s":"25N-H58NV20S-80-S"},{"r":"202","t":"11:12:01","h":"Ouest","s":"25S-H58S000S-80-S"},{"r":"202","t":"11:33:26","h":"Ouest","s":"25N-H60N000I-80-I"},{"r":"202","t":"11:33:26","h":"Ouest","s":"25N-H60N100F-81-F1"},{"r":"202","t":"11:33:26","h":"Ouest","s":"25N-H60N200F-81-F2"},{"r":"202","t":"11:33:26","h":"Ouest","s":"25N-H60N300F-82-F3"},{"r":"202","t":"11:33:26","h":"Ouest","s":"25N-H60N400F-81-F4"},{"r":"202","t":"11:33:26","h":"Ouest","s":"25N-H60NV10I-80-I"},{"r":"202","t":"11:33:26","h":"Ouest","s":"25N-H60NV20I-80-I"},{"r":"202","t":"11:33:26","h":"Ouest","s":"25S-H60S000I-80-I"},{"r":"202","t":"11:33:26","h":"Ouest","s":"25S-H60S100F-82-F1"},{"r":"202","t":"11:33:26","h":"Ouest","s":"25S-H60S200F-81-F2"},{"r":"202","t":"11:34:01","h":"Ouest","s":"25N-H60N000A-80-A"},{"r":"202","t":"11:34:01","h":"Ouest","s":"25N-H60NV10A-80-A"},{"r":"202","t":"11:34:01","h":"Ouest","s":"25N-H60NV20A-80-A"},{"r":"202","t":"11:34:01","h":"Ouest","s":"25S-H60S000A-80-A"},{"r":"202","t":"11:37:01","h":"Ouest","s":"25N-H60N000S-80-S"},{"r":"202","t":"11:37:01","h":"Ouest","s":"25N-H60N000S-98-S"},{"r":"202","t":"11:37:01","h":"Ouest","s":"25N-H60NV10S-98-S"},{"r":"202","t":"11:37:01","h":"Ouest","s":"25N-H60NV20S-98-S"},{"r":"202","t":"11:37:01","h":"Ouest","s":"25S-H60S000S-80-S"},{"r":"202","t":"12:00:01","h":"Ouest","s":"25N-H60N000S-80-S"},{"r":"202","t":"12:00:01","h":"Ouest","s":"25N-H60N000S-98-S"},{"r":"202","t":"12:00:01","h":"Ouest","s":"25N-H60NV10S-98-S"},{"r":"202","t":"12:00:01","h":"Ouest","s":"25N-H60NV20S-98-S"},{"r":"202","t":"12:00:01","h":"Ouest","s":"25S-H60S000S-80-S"},{"r":"202","t":"12:03:26","h":"Ouest","s":"25N-H60N000I-80-I"},{"r":"202","t":"12:03:26","h":"Ouest","s":"25N-H60N100F-81-F1"},{"r":"202","t":"12:03:26","h":"Ouest","s":"25N-H60N200F-81-F2"},{"r":"202","t":"12:03:26","h":"Ouest","s":"25N-H60N300F-82-F3"},{"r":"202","t":"12:03:26","h":"Ouest","s":"25N-H60N400F-81-F4"},{"r":"202","t":"12:03:26","h":"Ouest","s":"25N-H60NV10I-80-I"},{"r":"202","t":"12:03:26","h":"Ouest","s":"25N-H60NV20I-80-I"},{"r":"202","t":"12:03:26","h":"Ouest","s":"25S-H60S000I-80-I"},{"r":"202","t":"12:03:26","h":"Ouest","s":"25S-H60S100F-82-F1"},{"r":"202","t":"12:03:26","h":"Ouest","s":"25S-H60S200F-81-F2"},{"r":"202","t":"12:06:01","h":"Ouest","s":"25N-H60N000A-80-A"},{"r":"202","t":"12:06:01","h":"Ouest","s":"25N-H60NV10A-80-A"},{"r":"202","t":"12:06:01","h":"Ouest","s":"25N-H60NV20A-80-A"},{"r":"202","t":"12:06:01","h":"Ouest","s":"25S-H60S000A-80-A"},{"r":"202","t":"12:25:01","h":"Ouest","s":"25N-H60N000S-80-S"},{"r":"202","t":"12:25:01","h":"Ouest","s":"25N-H60N000S-98-S"},{"r":"202","t":"12:25:01","h":"Ouest","s":"25N-H60NV10S-98-S"},{"r":"202","t":"12:25:01","h":"Ouest","s":"25N-H60NV20S-98-S"},{"r":"202","t":"12:25:01","h":"Ouest","s":"25S-H60S000S-80-S"},{"r":"202","t":"12:33:26","h":"Ouest","s":"25N-H60N000I-80-I"},{"r":"202","t":"12:33:26","h":"Ouest","s":"25N-H60N100F-81-F1"},{"r":"202","t":"12:33:26","h":"Ouest","s":"25N-H60N200F-81-F2"},{"r":"202","t":"12:33:26","h":"Ouest","s":"25N-H60N300F-82-F3"},{"r":"202","t":"12:33:26","h":"Ouest","s":"25N-H60N400F-81-F4"},{"r":"202","t":"12:33:26","h":"Ouest","s":"25N-H60NV10I-80-I"},{"r":"202","t":"12:33:26","h":"Ouest","s":"25N-H60NV20I-80-I"},{"r":"202","t":"12:33:26","h":"Ouest","s":"25S-H60S000I-80-I"},{"r":"202","t":"12:33:26","h":"Ouest","s":"25S-H60S100F-82-F1"},{"r":"202","t":"12:33:26","h":"Ouest","s":"25S-H60S200F-81-F2"},{"r":"202","t":"12:38:01","h":"Ouest","s":"25N-H60N000A-80-A"},{"r":"202","t":"12:38:01","h":"Ouest","s":"25N-H60NV10A-80-A"},{"r":"202","t":"12:38:01","h":"Ouest","s":"25N-H60NV20A-80-A"},{"r":"202","t":"12:38:01","h":"Ouest","s":"25S-H60S000A-80-A"},{"r":"202","t":"12:52:01","h":"Ouest","s":"25N-H60N000S-80-S"},{"r":"202","t":"12:52:01","h":"Ouest","s":"25N-H60N000S-98-S"},{"r":"202","t":"12:52:01","h":"Ouest","s":"25N-H60NV10S-98-S"},{"r":"202","t":"12:52:01","h":"Ouest","s":"25N-H60NV20S-98-S"},{"r":"202","t":"12:52:01","h":"Ouest","s":"25S-H60S000S-80-S"},{"r":"202","t":"13:03:26","h":"Ouest","s":"25N-H60N000I-80-I"},{"r":"202","t":"13:03:26","h":"Ouest","s":"25N-H60N100F-81-F1"},{"r":"202","t":"13:03:26","h":"Ouest","s":"25N-H60N200F-81-F2"},{"r":"202","t":"13:03:26","h":"Ouest","s":"25N-H60N300F-82-F3"},{"r":"202","t":"13:03:26","h":"Ouest","s":"25N-H60N400F-81-F4"},{"r":"202","t":"13:03:26","h":"Ouest","s":"25N-H60NV10I-80-I"},{"r":"202","t":"13:03:26","h":"Ouest","s":"25N-H60NV20I-80-I"},{"r":"202","t":"13:03:26","h":"Ouest","s":"25S-H60S000I-80-I"},{"r":"202","t":"13:03:26","h":"Ouest","s":"25S-H60S100F-82-F1"},{"r":"202","t":"13:03:26","h":"Ouest","s":"25S-H60S200F-81-F2"},{"r":"202","t":"13:10:01","h":"Ouest","s":"25N-H60N000A-80-A"},{"r":"202","t":"13:10:01","h":"Ouest","s":"25N-H60N000S-80-S"},{"r":"202","t":"13:10:01","h":"Ouest","s":"25N-H60N000S-98-S"},{"r":"202","t":"13:10:01","h":"Ouest","s":"25N-H60NV10A-80-A"},{"r":"202","t":"13:10:01","h":"Ouest","s":"25N-H60NV10S-98-S"},{"r":"202","t":"13:10:01","h":"Ouest","s":"25N-H60NV20A-80-A"},{"r":"202","t":"13:10:01","h":"Ouest","s":"25N-H60NV20S-98-S"},{"r":"202","t":"13:10:01","h":"Ouest","s":"25S-H60S000A-80-A"},{"r":"202","t":"13:10:01","h":"Ouest","s":"25S-H60S000S-80-S"},{"r":"202","t":"13:28:01","h":"Ouest","s":"25N-H60N000S-80-S"},{"r":"202","t":"13:28:01","h":"Ouest","s":"25N-H60N000S-98-S"},{"r":"202","t":"13:28:01","h":"Ouest","s":"25N-H60NV10S-98-S"},{"r":"202","t":"13:28:01","h":"Ouest","s":"25N-H60NV20S-98-S"},{"r":"202","t":"13:28:01","h":"Ouest","s":"25S-H60S000S-80-S"},{"r":"202","t":"13:33:01","h":"Ouest","s":"25N-H60N000A-80-A"},{"r":"202","t":"13:33:01","h":"Ouest","s":"25N-H60NV10A-80-A"},{"r":"202","t":"13:33:01","h":"Ouest","s":"25N-H60NV20A-80-A"},{"r":"202","t":"13:33:01","h":"Ouest","s":"25S-H60S000A-80-A"},{"r":"202","t":"13:33:26","h":"Ouest","s":"25N-H60N000I-80-I"},{"r":"202","t":"13:33:26","h":"Ouest","s":"25N-H60N100F-81-F1"},{"r":"202","t":"13:33:26","h":"Ouest","s":"25N-H60N200F-81-F2"},{"r":"202","t":"13:33:26","h":"Ouest","s":"25N-H60N300F-82-F3"},{"r":"202","t":"13:33:26","h":"Ouest","s":"25N-H60N400F-81-F4"},{"r":"202","t":"13:33:26","h":"Ouest","s":"25N-H60NV10I-80-I"},{"r":"202","t":"13:33:26","h":"Ouest","s":"25N-H60NV20I-80-I"},{"r":"202","t":"13:33:26","h":"Ouest","s":"25S-H60S000I-80-I"},{"r":"202","t":"13:33:26","h":"Ouest","s":"25S-H60S100F-82-F1"},{"r":"202","t":"13:33:26","h":"Ouest","s":"25S-H60S200F-81-F2"},{"r":"202","t":"13:46:01","h":"Ouest","s":"25N-H60N000S-80-S"},{"r":"202","t":"13:46:01","h":"Ouest","s":"25N-H60N000S-98-S"},{"r":"202","t":"13:46:01","h":"Ouest","s":"25N-H60NV10S-98-S"},{"r":"202","t":"13:46:01","h":"Ouest","s":"25N-H60NV20S-98-S"},{"r":"202","t":"13:46:01","h":"Ouest","s":"25S-H60S000S-80-S"},{"r":"202","t":"13:56:01","h":"Ouest","s":"25N-H60N000A-80-A"},{"r":"202","t":"13:56:01","h":"Ouest","s":"25N-H60NV10A-80-A"},{"r":"202","t":"13:56:01","h":"Ouest","s":"25N-H60NV20A-80-A"},{"r":"202","t":"13:56:01","h":"Ouest","s":"25S-H60S000A-80-A"},{"r":"202","t":"14:03:01","h":"Ouest","s":"25N-H60N000S-80-S"},{"r":"202","t":"14:03:01","h":"Ouest","s":"25N-H60N000S-98-S"},{"r":"202","t":"14:03:01","h":"Ouest","s":"25N-H60NV10S-98-S"},{"r":"202","t":"14:03:01","h":"Ouest","s":"25N-H60NV20S-98-S"},{"r":"202","t":"14:03:01","h":"Ouest","s":"25S-H60S000S-80-S"},{"r":"202","t":"14:04:01","h":"Ouest","s":"25N-H60N000I-80-I"},{"r":"202","t":"14:04:01","h":"Ouest","s":"25N-H60N100F-81-F1"},{"r":"202","t":"14:04:01","h":"Ouest","s":"25N-H60N200F-81-F2"},{"r":"202","t":"14:04:01","h":"Ouest","s":"25N-H60N300F-82-F3"},{"r":"202","t":"14:04:01","h":"Ouest","s":"25N-H60N400F-81-F4"},{"r":"202","t":"14:04:01","h":"Ouest","s":"25N-H60NV10I-80-I"},{"r":"202","t":"14:04:01","h":"Ouest","s":"25N-H60NV20I-80-I"},{"r":"202","t":"14:04:01","h":"Ouest","s":"25S-H60S000I-80-I"},{"r":"202","t":"14:04:01","h":"Ouest","s":"25S-H60S100F-82-F1"},{"r":"202","t":"14:04:01","h":"Ouest","s":"25S-H60S200F-81-F2"},{"r":"202","t":"14:18:01","h":"Ouest","s":"25N-H50N000S-80-S"},{"r":"202","t":"14:18:01","h":"Ouest","s":"25N-H50N000S-90-S"},{"r":"202","t":"14:18:01","h":"Ouest","s":"25N-H50NV10S-90-S"},{"r":"202","t":"14:18:01","h":"Ouest","s":"25N-H50NV20S-90-S"},{"r":"202","t":"14:18:01","h":"Ouest","s":"25S-H50S000S-81-S"},{"r":"202","t":"14:19:01","h":"Ouest","s":"25N-H60N000A-80-A"},{"r":"202","t":"14:19:01","h":"Ouest","s":"25N-H60NV10A-80-A"},{"r":"202","t":"14:19:01","h":"Ouest","s":"25N-H60NV20A-80-A"},{"r":"202","t":"14:19:01","h":"Ouest","s":"25S-H60S000A-80-A"},{"r":"202","t":"14:34:01","h":"Ouest","s":"25N-H60N000S-80-S"},{"r":"202","t":"14:34:01","h":"Ouest","s":"25N-H60N000S-98-S"},{"r":"202","t":"14:34:01","h":"Ouest","s":"25N-H60NV10S-98-S"},{"r":"202","t":"14:34:01","h":"Ouest","s":"25N-H60NV20S-98-S"},{"r":"202","t":"14:34:01","h":"Ouest","s":"25S-H60S000S-80-S"},{"r":"202","t":"14:35:01","h":"Ouest","s":"25N-H60N000I-80-I"},{"r":"202","t":"14:35:01","h":"Ouest","s":"25N-H60N100F-81-F1"},{"r":"202","t":"14:35:01","h":"Ouest","s":"25N-H60N200F-81-F2"},{"r":"202","t":"14:35:01","h":"Ouest","s":"25N-H60N300F-82-F3"},{"r":"202","t":"14:35:01","h":"Ouest","s":"25N-H60N400F-81-F4"},{"r":"202","t":"14:35:01","h":"Ouest","s":"25N-H60NV10I-80-I"},{"r":"202","t":"14:35:01","h":"Ouest","s":"25N-H60NV20I-80-I"},{"r":"202","t":"14:35:01","h":"Ouest","s":"25S-H60S000I-80-I"},{"r":"202","t":"14:35:01","h":"Ouest","s":"25S-H60S100F-82-F1"},{"r":"202","t":"14:35:01","h":"Ouest","s":"25S-H60S200F-81-F2"},{"r":"202","t":"14:42:01","h":"Ouest","s":"25N-H60N000A-80-A"},{"r":"202","t":"14:42:01","h":"Ouest","s":"25N-H60NV10A-80-A"},{"r":"202","t":"14:42:01","h":"Ouest","s":"25N-H60NV20A-80-A"},{"r":"202","t":"14:42:01","h":"Ouest","s":"25S-H60S000A-80-A"},{"r":"202","t":"14:55:01","h":"Ouest","s":"25N-H60N000S-80-S"},{"r":"202","t":"14:55:01","h":"Ouest","s":"25N-H60N000S-98-S"},{"r":"202","t":"14:55:01","h":"Ouest","s":"25N-H60NV10S-98-S"},{"r":"202","t":"14:55:01","h":"Ouest","s":"25N-H60NV20S-98-S"},{"r":"202","t":"14:55:01","h":"Ouest","s":"25S-H60S000S-80-S"},{"r":"202","t":"15:05:01","h":"Ouest","s":"25N-H60N000A-80-A"},{"r":"202","t":"15:05:01","h":"Ouest","s":"25N-H60NV10A-80-A"},{"r":"202","t":"15:05:01","h":"Ouest","s":"25N-H60NV20A-80-A"},{"r":"202","t":"15:05:01","h":"Ouest","s":"25S-H60S000A-80-A"},{"r":"202","t":"15:06:01","h":"Ouest","s":"25N-H60N000I-80-I"},{"r":"202","t":"15:06:01","h":"Ouest","s":"25N-H60N100F-81-F1"},{"r":"202","t":"15:06:01","h":"Ouest","s":"25N-H60N200F-81-F2"},{"r":"202","t":"15:06:01","h":"Ouest","s":"25N-H60N300F-82-F3"},{"r":"202","t":"15:06:01","h":"Ouest","s":"25N-H60N400F-81-F4"},{"r":"202","t":"15:06:01","h":"Ouest","s":"25N-H60NV10I-80-I"},{"r":"202","t":"15:06:01","h":"Ouest","s":"25N-H60NV20I-80-I"},{"r":"202","t":"15:06:01","h":"Ouest","s":"25S-H60S000I-80-I"},{"r":"202","t":"15:06:01","h":"Ouest","s":"25S-H60S100F-82-F1"},{"r":"202","t":"15:06:01","h":"Ouest","s":"25S-H60S200F-81-F2"},{"r":"202","t":"15:19:35","h":"Ouest","s":"25N-H60N000S-80-S"},{"r":"202","t":"15:19:35","h":"Ouest","s":"25N-H60N000S-98-S"},{"r":"202","t":"15:19:35","h":"Ouest","s":"25N-H60NV10S-98-S"},{"r":"202","t":"15:19:35","h":"Ouest","s":"25N-H60NV20S-98-S"},{"r":"202","t":"15:19:35","h":"Ouest","s":"25S-H60S000S-80-S"},{"r":"202","t":"15:28:01","h":"Ouest","s":"25N-H60N000I-80-I"},{"r":"202","t":"15:28:01","h":"Ouest","s":"25N-H60N100F-81-F1"},{"r":"202","t":"15:28:01","h":"Ouest","s":"25N-H60N200F-81-F2"},{"r":"202","t":"15:28:01","h":"Ouest","s":"25N-H60N300F-82-F3"},{"r":"202","t":"15:28:01","h":"Ouest","s":"25N-H60N400F-81-F4"},{"r":"202","t":"15:28:01","h":"Ouest","s":"25N-H60NV10I-80-I"},{"r":"202","t":"15:28:01","h":"Ouest","s":"25N-H60NV20I-80-I"},{"r":"202","t":"15:28:01","h":"Ouest","s":"25S-H60S000I-80-I"},{"r":"202","t":"15:28:01","h":"Ouest","s":"25S-H60S100F-82-F1"},{"r":"202","t":"15:28:01","h":"Ouest","s":"25S-H60S200F-81-F2"},{"r":"202","t":"15:29:01","h":"Ouest","s":"25N-H60N000A-80-A"},{"r":"202","t":"15:29:01","h":"Ouest","s":"25N-H60NV10A-80-A"},{"r":"202","t":"15:29:01","h":"Ouest","s":"25N-H60NV20A-80-A"},{"r":"202","t":"15:29:01","h":"Ouest","s":"25S-H60S000A-80-A"},{"r":"202","t":"15:47:35","h":"Ouest","s":"25N-H50N000S-80-S"},{"r":"202","t":"15:47:35","h":"Ouest","s":"25N-H50N000S-90-S"},{"r":"202","t":"15:47:35","h":"Ouest","s":"25N-H50NV10S-90-S"},{"r":"202","t":"15:47:35","h":"Ouest","s":"25N-H50NV20S-90-S"},{"r":"202","t":"15:47:35","h":"Ouest","s":"25S-H50S000S-81-S"},{"r":"202","t":"15:49:01","h":"Ouest","s":"25N-H60N000I-80-I"},{"r":"202","t":"15:49:01","h":"Ouest","s":"25N-H60N100F-81-F1"},{"r":"202","t":"15:49:01","h":"Ouest","s":"25N-H60N200F-81-F2"},{"r":"202","t":"15:49:01","h":"Ouest","s":"25N-H60N300F-82-F3"},{"r":"202","t":"15:49:01","h":"Ouest","s":"25N-H60N400F-81-F4"},{"r":"202","t":"15:49:01","h":"Ouest","s":"25N-H60NV10I-80-I"},{"r":"202","t":"15:49:01","h":"Ouest","s":"25N-H60NV20I-80-I"},{"r":"202","t":"15:49:01","h":"Ouest","s":"25S-H60S000I-80-I"},{"r":"202","t":"15:49:01","h":"Ouest","s":"25S-H60S100F-82-F1"},{"r":"202","t":"15:49:01","h":"Ouest","s":"25S-H60S200F-81-F2"},{"r":"202","t":"15:52:01","h":"Ouest","s":"25N-H60N000A-80-A"},{"r":"202","t":"15:52:01","h":"Ouest","s":"25N-H60NV10A-80-A"},{"r":"202","t":"15:52:01","h":"Ouest","s":"25N-H60NV20A-80-A"},{"r":"202","t":"15:52:01","h":"Ouest","s":"25S-H60S000A-80-A"},{"r":"202","t":"16:09:26","h":"Ouest","s":"25N-H60N000I-80-I"},{"r":"202","t":"16:09:26","h":"Ouest","s":"25N-H60N100F-81-F1"},{"r":"202","t":"16:09:26","h":"Ouest","s":"25N-H60N200F-81-F2"},{"r":"202","t":"16:09:26","h":"Ouest","s":"25N-H60N300F-82-F3"},{"r":"202","t":"16:09:26","h":"Ouest","s":"25N-H60N400F-81-F4"},{"r":"202","t":"16:09:26","h":"Ouest","s":"25N-H60NV10I-80-I"},{"r":"202","t":"16:09:26","h":"Ouest","s":"25N-H60NV20I-80-I"},{"r":"202","t":"16:09:26","h":"Ouest","s":"25S-H60S000I-80-I"},{"r":"202","t":"16:09:26","h":"Ouest","s":"25S-H60S100F-82-F1"},{"r":"202","t":"16:09:26","h":"Ouest","s":"25S-H60S200F-81-F2"},{"r":"202","t":"16:13:35","h":"Ouest","s":"25N-H60N000S-80-S"},{"r":"202","t":"16:13:35","h":"Ouest","s":"25N-H60N000S-98-S"},{"r":"202","t":"16:13:35","h":"Ouest","s":"25N-H60NV10S-98-S"},{"r":"202","t":"16:13:35","h":"Ouest","s":"25N-H60NV20S-98-S"},{"r":"202","t":"16:13:35","h":"Ouest","s":"25S-H60S000S-80-S"},{"r":"202","t":"16:15:01","h":"Ouest","s":"25N-H60N000A-80-A"},{"r":"202","t":"16:15:01","h":"Ouest","s":"25N-H60NV10A-80-A"},{"r":"202","t":"16:15:01","h":"Ouest","s":"25N-H60NV20A-80-A"},{"r":"202","t":"16:15:01","h":"Ouest","s":"25S-H60S000A-80-A"},{"r":"202","t":"16:33:35","h":"Ouest","s":"25N-H60N000S-80-S"},{"r":"202","t":"16:33:35","h":"Ouest","s":"25N-H60N000S-98-S"},{"r":"202","t":"16:33:35","h":"Ouest","s":"25N-H60NV10S-98-S"},{"r":"202","t":"16:33:35","h":"Ouest","s":"25N-H60NV20S-98-S"},{"r":"202","t":"16:33:35","h":"Ouest","s":"25S-H60S000S-80-S"},{"r":"202","t":"16:38:26","h":"Ouest","s":"25N-H60N000I-80-I"},{"r":"202","t":"16:38:26","h":"Ouest","s":"25N-H60N100F-81-F1"},{"r":"202","t":"16:38:26","h":"Ouest","s":"25N-H60N200F-81-F2"},{"r":"202","t":"16:38:26","h":"Ouest","s":"25N-H60N300F-82-F3"},{"r":"202","t":"16:38:26","h":"Ouest","s":"25N-H60N400F-81-F4"},{"r":"202","t":"16:38:26","h":"Ouest","s":"25N-H60NV10I-80-I"},{"r":"202","t":"16:38:26","h":"Ouest","s":"25N-H60NV20I-80-I"},{"r":"202","t":"16:38:26","h":"Ouest","s":"25S-H60S000I-80-I"},{"r":"202","t":"16:38:26","h":"Ouest","s":"25S-H60S100F-82-F1"},{"r":"202","t":"16:38:26","h":"Ouest","s":"25S-H60S200F-81-F2"},{"r":"202","t":"16:41:01","h":"Ouest","s":"25N-H60N000A-80-A"},{"r":"202","t":"16:41:01","h":"Ouest","s":"25N-H60NV10A-80-A"},{"r":"202","t":"16:41:01","h":"Ouest","s":"25N-H60NV20A-80-A"},{"r":"202","t":"16:41:01","h":"Ouest","s":"25S-H60S000A-80-A"},{"r":"202","t":"16:51:35","h":"Ouest","s":"25N-H60N000S-80-S"},{"r":"202","t":"16:51:35","h":"Ouest","s":"25N-H60N000S-98-S"},{"r":"202","t":"16:51:35","h":"Ouest","s":"25N-H60NV10S-98-S"},{"r":"202","t":"16:51:35","h":"Ouest","s":"25N-H60NV20S-98-S"},{"r":"202","t":"16:51:35","h":"Ouest","s":"25S-H60S000S-80-S"},{"r":"202","t":"17:05:01","h":"Ouest","s":"25N-H60N000A-80-A"},{"r":"202","t":"17:05:01","h":"Ouest","s":"25N-H60NV10A-80-A"},{"r":"202","t":"17:05:01","h":"Ouest","s":"25N-H60NV20A-80-A"},{"r":"202","t":"17:05:01","h":"Ouest","s":"25S-H60S000A-80-A"},{"r":"202","t":"17:08:35","h":"Ouest","s":"25N-H60N000S-80-S"},{"r":"202","t":"17:08:35","h":"Ouest","s":"25N-H60N000S-98-S"},{"r":"202","t":"17:08:35","h":"Ouest","s":"25N-H60NV10S-98-S"},{"r":"202","t":"17:08:35","h":"Ouest","s":"25N-H60NV20S-98-S"},{"r":"202","t":"17:08:35","h":"Ouest","s":"25S-H60S000S-80-S"},{"r":"202","t":"17:09:26","h":"Ouest","s":"25N-H60N000I-80-I"},{"r":"202","t":"17:09:26","h":"Ouest","s":"25N-H60N100F-81-F1"},{"r":"202","t":"17:09:26","h":"Ouest","s":"25N-H60N200F-81-F2"},{"r":"202","t":"17:09:26","h":"Ouest","s":"25N-H60N300F-82-F3"},{"r":"202","t":"17:09:26","h":"Ouest","s":"25N-H60N400F-81-F4"},{"r":"202","t":"17:09:26","h":"Ouest","s":"25N-H60NV10I-80-I"},{"r":"202","t":"17:09:26","h":"Ouest","s":"25N-H60NV20I-80-I"},{"r":"202","t":"17:09:26","h":"Ouest","s":"25S-H60S000I-80-I"},{"r":"202","t":"17:09:26","h":"Ouest","s":"25S-H60S100F-82-F1"},{"r":"202","t":"17:09:26","h":"Ouest","s":"25S-H60S200F-81-F2"},{"r":"202","t":"17:30:01","h":"Ouest","s":"25N-H60N000A-80-A"},{"r":"202","t":"17:30:01","h":"Ouest","s":"25N-H60NV10A-80-A"},{"r":"202","t":"17:30:01","h":"Ouest","s":"25N-H60NV20A-80-A"},{"r":"202","t":"17:30:01","h":"Ouest","s":"25S-H60S000A-80-A"},{"r":"202","t":"17:37:35","h":"Ouest","s":"25N-H60N000S-80-S"},{"r":"202","t":"17:37:35","h":"Ouest","s":"25N-H60N000S-98-S"},{"r":"202","t":"17:37:35","h":"Ouest","s":"25N-H60NV10S-98-S"},{"r":"202","t":"17:37:35","h":"Ouest","s":"25N-H60NV20S-98-S"},{"r":"202","t":"17:37:35","h":"Ouest","s":"25S-H60S000S-80-S"},{"r":"202","t":"17:40:26","h":"Ouest","s":"25N-H60N000I-80-I"},{"r":"202","t":"17:40:26","h":"Ouest","s":"25N-H60N100F-81-F1"},{"r":"202","t":"17:40:26","h":"Ouest","s":"25N-H60N200F-81-F2"},{"r":"202","t":"17:40:26","h":"Ouest","s":"25N-H60N300F-82-F3"},{"r":"202","t":"17:40:26","h":"Ouest","s":"25N-H60N400F-81-F4"},{"r":"202","t":"17:40:26","h":"Ouest","s":"25N-H60NV10I-80-I"},{"r":"202","t":"17:40:26","h":"Ouest","s":"25N-H60NV20I-80-I"},{"r":"202","t":"17:40:26","h":"Ouest","s":"25S-H60S000I-80-I"},{"r":"202","t":"17:40:26","h":"Ouest","s":"25S-H60S100F-82-F1"},{"r":"202","t":"17:40:26","h":"Ouest","s":"25S-H60S200F-81-F2"},{"r":"202","t":"17:53:01","h":"Ouest","s":"25N-H60N000A-80-A"},{"r":"202","t":"17:53:01","h":"Ouest","s":"25N-H60NV10A-80-A"},{"r":"202","t":"17:53:01","h":"Ouest","s":"25N-H60NV20A-80-A"},{"r":"202","t":"17:53:01","h":"Ouest","s":"25S-H60S000A-80-A"},{"r":"202","t":"18:07:01","h":"Ouest","s":"25N-H60N000S-80-S"},{"r":"202","t":"18:07:01","h":"Ouest","s":"25N-H60N000S-98-S"},{"r":"202","t":"18:07:01","h":"Ouest","s":"25N-H60NV10S-98-S"},{"r":"202","t":"18:07:01","h":"Ouest","s":"25N-H60NV20S-98-S"},{"r":"202","t":"18:07:01","h":"Ouest","s":"25S-H60S000S-80-S"},{"r":"202","t":"18:11:26","h":"Ouest","s":"25N-H60N000I-80-I"},{"r":"202","t":"18:11:26","h":"Ouest","s":"25N-H60N100F-81-F1"},{"r":"202","t":"18:11:26","h":"Ouest","s":"25N-H60N200F-81-F2"},{"r":"202","t":"18:11:26","h":"Ouest","s":"25N-H60N300F-82-F3"},{"r":"202","t":"18:11:26","h":"Ouest","s":"25N-H60N400F-81-F4"},{"r":"202","t":"18:11:26","h":"Ouest","s":"25N-H60NV10I-80-I"},{"r":"202","t":"18:11:26","h":"Ouest","s":"25N-H60NV20I-80-I"},{"r":"202","t":"18:11:26","h":"Ouest","s":"25S-H60S000I-80-I"},{"r":"202","t":"18:11:26","h":"Ouest","s":"25S-H60S100F-82-F1"},{"r":"202","t":"18:11:26","h":"Ouest","s":"25S-H60S200F-81-F2"},{"r":"202","t":"18:14:01","h":"Ouest","s":"25N-H60N000A-80-A"},{"r":"202","t":"18:14:01","h":"Ouest","s":"25N-H60NV10A-80-A"},{"r":"202","t":"18:14:01","h":"Ouest","s":"25N-H60NV20A-80-A"},{"r":"202","t":"18:14:01","h":"Ouest","s":"25S-H60S000A-80-A"},{"r":"202","t":"18:37:01","h":"Ouest","s":"25N-H60N000A-80-A"},{"r":"202","t":"18:37:01","h":"Ouest","s":"25N-H60NV10A-80-A"},{"r":"202","t":"18:37:01","h":"Ouest","s":"25N-H60NV20A-80-A"},{"r":"202","t":"18:37:01","h":"Ouest","s":"25S-H60S000A-80-A"},{"r":"202","t":"18:39:01","h":"Ouest","s":"25N-H60N000S-80-S"},{"r":"202","t":"18:39:01","h":"Ouest","s":"25N-H60N000S-98-S"},{"r":"202","t":"18:39:01","h":"Ouest","s":"25N-H60NV10S-98-S"},{"r":"202","t":"18:39:01","h":"Ouest","s":"25N-H60NV20S-98-S"},{"r":"202","t":"18:39:01","h":"Ouest","s":"25S-H60S000S-80-S"},{"r":"202","t":"18:42:26","h":"Ouest","s":"25N-H60N000I-80-I"},{"r":"202","t":"18:42:26","h":"Ouest","s":"25N-H60N100F-81-F1"},{"r":"202","t":"18:42:26","h":"Ouest","s":"25N-H60N200F-81-F2"},{"r":"202","t":"18:42:26","h":"Ouest","s":"25N-H60N300F-82-F3"},{"r":"202","t":"18:42:26","h":"Ouest","s":"25N-H60N400F-81-F4"},{"r":"202","t":"18:42:26","h":"Ouest","s":"25N-H60NV10I-80-I"},{"r":"202","t":"18:42:26","h":"Ouest","s":"25N-H60NV20I-80-I"},{"r":"202","t":"18:42:26","h":"Ouest","s":"25S-H60S000I-80-I"},{"r":"202","t":"18:42:26","h":"Ouest","s":"25S-H60S100F-82-F1"},{"r":"202","t":"18:42:26","h":"Ouest","s":"25S-H60S200F-81-F2"},{"r":"202","t":"19:01:26","h":"Ouest","s":"25N-H60N000A-80-A"},{"r":"202","t":"19:01:26","h":"Ouest","s":"25N-H60NV10A-80-A"},{"r":"202","t":"19:01:26","h":"Ouest","s":"25N-H60NV20A-80-A"},{"r":"202","t":"19:01:26","h":"Ouest","s":"25S-H60S000A-80-A"},{"r":"202","t":"19:08:01","h":"Ouest","s":"25N-H60N000S-80-S"},{"r":"202","t":"19:08:01","h":"Ouest","s":"25N-H60N000S-98-S"},{"r":"202","t":"19:08:01","h":"Ouest","s":"25N-H60NV10S-98-S"},{"r":"202","t":"19:08:01","h":"Ouest","s":"25N-H60NV20S-98-S"},{"r":"202","t":"19:08:01","h":"Ouest","s":"25S-H60S000S-80-S"},{"r":"202","t":"19:11:26","h":"Ouest","s":"25N-H60N000I-80-I"},{"r":"202","t":"19:11:26","h":"Ouest","s":"25N-H60N100F-81-F1"},{"r":"202","t":"19:11:26","h":"Ouest","s":"25N-H60N200F-81-F2"},{"r":"202","t":"19:11:26","h":"Ouest","s":"25N-H60N300F-82-F3"},{"r":"202","t":"19:11:26","h":"Ouest","s":"25N-H60N400F-81-F4"},{"r":"202","t":"19:11:26","h":"Ouest","s":"25N-H60NV10I-80-I"},{"r":"202","t":"19:11:26","h":"Ouest","s":"25N-H60NV20I-80-I"},{"r":"202","t":"19:11:26","h":"Ouest","s":"25S-H60S000I-80-I"},{"r":"202","t":"19:11:26","h":"Ouest","s":"25S-H60S100F-82-F1"},{"r":"202","t":"19:11:26","h":"Ouest","s":"25S-H60S200F-81-F2"},{"r":"202","t":"19:32:26","h":"Ouest","s":"25N-H60N000A-80-A"},{"r":"202","t":"19:32:26","h":"Ouest","s":"25N-H60NV10A-80-A"},{"r":"202","t":"19:32:26","h":"Ouest","s":"25N-H60NV20A-80-A"},{"r":"202","t":"19:32:26","h":"Ouest","s":"25S-H60S000A-80-A"},{"r":"202","t":"19:37:01","h":"Ouest","s":"25N-H60N000S-80-S"},{"r":"202","t":"19:37:01","h":"Ouest","s":"25N-H60N000S-98-S"},{"r":"202","t":"19:37:01","h":"Ouest","s":"25N-H60NV10S-98-S"},{"r":"202","t":"19:37:01","h":"Ouest","s":"25N-H60NV20S-98-S"},{"r":"202","t":"19:37:01","h":"Ouest","s":"25S-H60S000S-80-S"},{"r":"202","t":"19:39:26","h":"Ouest","s":"25N-H60N000I-80-I"},{"r":"202","t":"19:39:26","h":"Ouest","s":"25N-H60N100F-81-F1"},{"r":"202","t":"19:39:26","h":"Ouest","s":"25N-H60N200F-81-F2"},{"r":"202","t":"19:39:26","h":"Ouest","s":"25N-H60N300F-82-F3"},{"r":"202","t":"19:39:26","h":"Ouest","s":"25N-H60N400F-81-F4"},{"r":"202","t":"19:39:26","h":"Ouest","s":"25N-H60NV10I-80-I"},{"r":"202","t":"19:39:26","h":"Ouest","s":"25N-H60NV20I-80-I"},{"r":"202","t":"19:39:26","h":"Ouest","s":"25S-H60S000I-80-I"},{"r":"202","t":"19:39:26","h":"Ouest","s":"25S-H60S100F-82-F1"},{"r":"202","t":"19:39:26","h":"Ouest","s":"25S-H60S200F-81-F2"},{"r":"202","t":"20:04:26","h":"Ouest","s":"25N-H60N000A-80-A"},{"r":"202","t":"20:04:26","h":"Ouest","s":"25N-H60N000S-80-S"},{"r":"202","t":"20:04:26","h":"Ouest","s":"25N-H60N000S-98-S"},{"r":"202","t":"20:04:26","h":"Ouest","s":"25N-H60NV10A-80-A"},{"r":"202","t":"20:04:26","h":"Ouest","s":"25N-H60NV10S-98-S"},{"r":"202","t":"20:04:26","h":"Ouest","s":"25N-H60NV20A-80-A"},{"r":"202","t":"20:04:26","h":"Ouest","s":"25N-H60NV20S-98-S"},{"r":"202","t":"20:04:26","h":"Ouest","s":"25S-H60S000A-80-A"},{"r":"202","t":"20:04:26","h":"Ouest","s":"25S-H60S000S-80-S"},{"r":"202","t":"20:08:26","h":"Ouest","s":"25N-H60N000I-80-I"},{"r":"202","t":"20:08:26","h":"Ouest","s":"25N-H60N100F-81-F1"},{"r":"202","t":"20:08:26","h":"Ouest","s":"25N-H60N200F-81-F2"},{"r":"202","t":"20:08:26","h":"Ouest","s":"25N-H60N300F-82-F3"},{"r":"202","t":"20:08:26","h":"Ouest","s":"25N-H60N400F-81-F4"},{"r":"202","t":"20:08:26","h":"Ouest","s":"25N-H60NV10I-80-I"},{"r":"202","t":"20:08:26","h":"Ouest","s":"25N-H60NV20I-80-I"},{"r":"202","t":"20:08:26","h":"Ouest","s":"25S-H60S000I-80-I"},{"r":"202","t":"20:08:26","h":"Ouest","s":"25S-H60S100F-82-F1"},{"r":"202","t":"20:08:26","h":"Ouest","s":"25S-H60S200F-81-F2"},{"r":"202","t":"20:30:26","h":"Ouest","s":"25N-H60N000S-80-S"},{"r":"202","t":"20:30:26","h":"Ouest","s":"25N-H60N000S-98-S"},{"r":"202","t":"20:30:26","h":"Ouest","s":"25N-H60NV10S-98-S"},{"r":"202","t":"20:30:26","h":"Ouest","s":"25N-H60NV20S-98-S"},{"r":"202","t":"20:30:26","h":"Ouest","s":"25S-H60S000S-80-S"},{"r":"202","t":"20:32:26","h":"Ouest","s":"25N-H60N000A-80-A"},{"r":"202","t":"20:32:26","h":"Ouest","s":"25N-H60NV10A-80-A"},{"r":"202","t":"20:32:26","h":"Ouest","s":"25N-H60NV20A-80-A"},{"r":"202","t":"20:32:26","h":"Ouest","s":"25S-H60S000A-80-A"},{"r":"202","t":"20:37:26","h":"Ouest","s":"25N-H60N000I-80-I"},{"r":"202","t":"20:37:26","h":"Ouest","s":"25N-H60N100F-81-F1"},{"r":"202","t":"20:37:26","h":"Ouest","s":"25N-H60N200F-81-F2"},{"r":"202","t":"20:37:26","h":"Ouest","s":"25N-H60N300F-82-F3"},{"r":"202","t":"20:37:26","h":"Ouest","s":"25N-H60N400F-81-F4"},{"r":"202","t":"20:37:26","h":"Ouest","s":"25N-H60NV10I-80-I"},{"r":"202","t":"20:37:26","h":"Ouest","s":"25N-H60NV20I-80-I"},{"r":"202","t":"20:37:26","h":"Ouest","s":"25S-H60S000I-80-I"},{"r":"202","t":"20:37:26","h":"Ouest","s":"25S-H60S100F-82-F1"},{"r":"202","t":"20:37:26","h":"Ouest","s":"25S-H60S200F-81-F2"},{"r":"202","t":"20:58:26","h":"Ouest","s":"25N-H60N000S-80-S"},{"r":"202","t":"20:58:26","h":"Ouest","s":"25N-H60N000S-98-S"},{"r":"202","t":"20:58:26","h":"Ouest","s":"25N-H60NV10S-98-S"},{"r":"202","t":"20:58:26","h":"Ouest","s":"25N-H60NV20S-98-S"},{"r":"202","t":"20:58:26","h":"Ouest","s":"25S-H60S000S-80-S"},{"r":"202","t":"21:01:26","h":"Ouest","s":"25N-H60N000A-80-A"},{"r":"202","t":"21:01:26","h":"Ouest","s":"25N-H60NV10A-80-A"},{"r":"202","t":"21:01:26","h":"Ouest","s":"25N-H60NV20A-80-A"},{"r":"202","t":"21:01:26","h":"Ouest","s":"25S-H60S000A-80-A"},{"r":"202","t":"21:06:26","h":"Ouest","s":"25N-H60N000I-80-I"},{"r":"202","t":"21:06:26","h":"Ouest","s":"25N-H60N100F-81-F1"},{"r":"202","t":"21:06:26","h":"Ouest","s":"25N-H60N200F-81-F2"},{"r":"202","t":"21:06:26","h":"Ouest","s":"25N-H60N300F-82-F3"},{"r":"202","t":"21:06:26","h":"Ouest","s":"25N-H60N400F-81-F4"},{"r":"202","t":"21:06:26","h":"Ouest","s":"25N-H60NV10I-80-I"},{"r":"202","t":"21:06:26","h":"Ouest","s":"25N-H60NV20I-80-I"},{"r":"202","t":"21:06:26","h":"Ouest","s":"25S-H60S000I-80-I"},{"r":"202","t":"21:06:26","h":"Ouest","s":"25S-H60S100F-82-F1"},{"r":"202","t":"21:06:26","h":"Ouest","s":"25S-H60S200F-81-F2"},{"r":"202","t":"21:26:26","h":"Ouest","s":"25N-H60N000S-80-S"},{"r":"202","t":"21:26:26","h":"Ouest","s":"25N-H60N000S-98-S"},{"r":"202","t":"21:26:26","h":"Ouest","s":"25N-H60NV10S-98-S"},{"r":"202","t":"21:26:26","h":"Ouest","s":"25N-H60NV20S-98-S"},{"r":"202","t":"21:26:26","h":"Ouest","s":"25S-H60S000S-80-S"},{"r":"202","t":"21:29:26","h":"Ouest","s":"25N-H60N000A-80-A"},{"r":"202","t":"21:29:26","h":"Ouest","s":"25N-H60NV10A-80-A"},{"r":"202","t":"21:29:26","h":"Ouest","s":"25N-H60NV20A-80-A"},{"r":"202","t":"21:29:26","h":"Ouest","s":"25S-H60S000A-80-A"},{"r":"202","t":"21:36:26","h":"Ouest","s":"25N-H60N000I-80-I"},{"r":"202","t":"21:36:26","h":"Ouest","s":"25N-H60N100F-81-F1"},{"r":"202","t":"21:36:26","h":"Ouest","s":"25N-H60N200F-81-F2"},{"r":"202","t":"21:36:26","h":"Ouest","s":"25N-H60N300F-82-F3"},{"r":"202","t":"21:36:26","h":"Ouest","s":"25N-H60N400F-81-F4"},{"r":"202","t":"21:36:26","h":"Ouest","s":"25N-H60NV10I-80-I"},{"r":"202","t":"21:36:26","h":"Ouest","s":"25N-H60NV20I-80-I"},{"r":"202","t":"21:36:26","h":"Ouest","s":"25S-H60S000I-80-I"},{"r":"202","t":"21:36:26","h":"Ouest","s":"25S-H60S100F-82-F1"},{"r":"202","t":"21:36:26","h":"Ouest","s":"25S-H60S200F-81-F2"},{"r":"202","t":"21:53:26","h":"Ouest","s":"25N-H60N000S-80-S"},{"r":"202","t":"21:53:26","h":"Ouest","s":"25N-H60N000S-98-S"},{"r":"202","t":"21:53:26","h":"Ouest","s":"25N-H60NV10S-98-S"},{"r":"202","t":"21:53:26","h":"Ouest","s":"25N-H60NV20S-98-S"},{"r":"202","t":"21:53:26","h":"Ouest","s":"25S-H60S000S-80-S"},{"r":"202","t":"21:59:26","h":"Ouest","s":"25N-H60N000A-80-A"},{"r":"202","t":"21:59:26","h":"Ouest","s":"25N-H60NV10A-80-A"},{"r":"202","t":"21:59:26","h":"Ouest","s":"25N-H60NV20A-80-A"},{"r":"202","t":"21:59:26","h":"Ouest","s":"25S-H60S000A-80-A"},{"r":"202","t":"22:04:26","h":"Ouest","s":"25N-H60N000I-80-I"},{"r":"202","t":"22:04:26","h":"Ouest","s":"25N-H60N100F-81-F1"},{"r":"202","t":"22:04:26","h":"Ouest","s":"25N-H60N200F-81-F2"},{"r":"202","t":"22:04:26","h":"Ouest","s":"25N-H60N300F-82-F3"},{"r":"202","t":"22:04:26","h":"Ouest","s":"25N-H60N400F-81-F4"},{"r":"202","t":"22:04:26","h":"Ouest","s":"25N-H60NV10I-80-I"},{"r":"202","t":"22:04:26","h":"Ouest","s":"25N-H60NV20I-80-I"},{"r":"202","t":"22:04:26","h":"Ouest","s":"25S-H60S000I-80-I"},{"r":"202","t":"22:04:26","h":"Ouest","s":"25S-H60S100F-82-F1"},{"r":"202","t":"22:04:26","h":"Ouest","s":"25S-H60S200F-81-F2"},{"r":"202","t":"22:20:26","h":"Ouest","s":"25N-H60N000S-80-S"},{"r":"202","t":"22:20:26","h":"Ouest","s":"25N-H60N000S-98-S"},{"r":"202","t":"22:20:26","h":"Ouest","s":"25N-H60NV10S-98-S"},{"r":"202","t":"22:20:26","h":"Ouest","s":"25N-H60NV20S-98-S"},{"r":"202","t":"22:20:26","h":"Ouest","s":"25S-H60S000S-80-S"},{"r":"202","t":"22:29:26","h":"Ouest","s":"25N-H60N000A-80-A"},{"r":"202","t":"22:29:26","h":"Ouest","s":"25N-H60NV10A-80-A"},{"r":"202","t":"22:29:26","h":"Ouest","s":"25N-H60NV20A-80-A"},{"r":"202","t":"22:29:26","h":"Ouest","s":"25S-H60S000A-80-A"},{"r":"202","t":"22:32:26","h":"Ouest","s":"25N-H60N000I-80-I"},{"r":"202","t":"22:32:26","h":"Ouest","s":"25N-H60N100F-81-F1"},{"r":"202","t":"22:32:26","h":"Ouest","s":"25N-H60N200F-81-F2"},{"r":"202","t":"22:32:26","h":"Ouest","s":"25N-H60N300F-82-F3"},{"r":"202","t":"22:32:26","h":"Ouest","s":"25N-H60N400F-81-F4"},{"r":"202","t":"22:32:26","h":"Ouest","s":"25N-H60NV10I-80-I"},{"r":"202","t":"22:32:26","h":"Ouest","s":"25N-H60NV20I-80-I"},{"r":"202","t":"22:32:26","h":"Ouest","s":"25S-H60S000I-80-I"},{"r":"202","t":"22:32:26","h":"Ouest","s":"25S-H60S100F-82-F1"},{"r":"202","t":"22:32:26","h":"Ouest","s":"25S-H60S200F-81-F2"},{"r":"202","t":"22:47:26","h":"Ouest","s":"25N-H60N000S-80-S"},{"r":"202","t":"22:47:26","h":"Ouest","s":"25N-H60N000S-98-S"},{"r":"202","t":"22:47:26","h":"Ouest","s":"25N-H60NV10S-98-S"},{"r":"202","t":"22:47:26","h":"Ouest","s":"25N-H60NV20S-98-S"},{"r":"202","t":"22:47:26","h":"Ouest","s":"25S-H60S000S-80-S"},{"r":"202","t":"22:58:26","h":"Ouest","s":"25N-H60N000A-80-A"},{"r":"202","t":"22:58:26","h":"Ouest","s":"25N-H60NV10A-80-A"},{"r":"202","t":"22:58:26","h":"Ouest","s":"25N-H60NV20A-80-A"},{"r":"202","t":"22:58:26","h":"Ouest","s":"25S-H60S000A-80-A"},{"r":"202","t":"23:00:26","h":"Ouest","s":"25N-H60N000I-80-I"},{"r":"202","t":"23:00:26","h":"Ouest","s":"25N-H60N100F-81-F1"},{"r":"202","t":"23:00:26","h":"Ouest","s":"25N-H60N200F-81-F2"},{"r":"202","t":"23:00:26","h":"Ouest","s":"25N-H60N300F-82-F3"},{"r":"202","t":"23:00:26","h":"Ouest","s":"25N-H60N400F-81-F4"},{"r":"202","t":"23:00:26","h":"Ouest","s":"25N-H60NV10I-80-I"},{"r":"202","t":"23:00:26","h":"Ouest","s":"25N-H60NV20I-80-I"},{"r":"202","t":"23:00:26","h":"Ouest","s":"25S-H60S000I-80-I"},{"r":"202","t":"23:00:26","h":"Ouest","s":"25S-H60S100F-82-F1"},{"r":"202","t":"23:00:26","h":"Ouest","s":"25S-H60S200F-81-F2"},{"r":"202","t":"23:20:26","h":"Ouest","s":"25N-H60N000S-80-S"},{"r":"202","t":"23:20:26","h":"Ouest","s":"25N-H60N000S-98-S"},{"r":"202","t":"23:20:26","h":"Ouest","s":"25N-H60NV10S-98-S"},{"r":"202","t":"23:20:26","h":"Ouest","s":"25N-H60NV20S-98-S"},{"r":"202","t":"23:20:26","h":"Ouest","s":"25S-H60S000S-80-S"},{"r":"202","t":"23:27:26","h":"Ouest","s":"25N-H60N000A-80-A"},{"r":"202","t":"23:27:26","h":"Ouest","s":"25N-H60NV10A-80-A"},{"r":"202","t":"23:27:26","h":"Ouest","s":"25N-H60NV20A-80-A"},{"r":"202","t":"23:27:26","h":"Ouest","s":"25S-H60S000A-80-A"},{"r":"202","t":"23:28:18","h":"Ouest","s":"25N-H60N000I-80-I"},{"r":"202","t":"23:28:18","h":"Ouest","s":"25N-H60N100F-81-F1"},{"r":"202","t":"23:28:18","h":"Ouest","s":"25N-H60N200F-81-F2"},{"r":"202","t":"23:28:18","h":"Ouest","s":"25N-H60N300F-82-F3"},{"r":"202","t":"23:28:18","h":"Ouest","s":"25N-H60N400F-81-F4"},{"r":"202","t":"23:28:18","h":"Ouest","s":"25N-H60NV10I-80-I"},{"r":"202","t":"23:28:18","h":"Ouest","s":"25N-H60NV20I-80-I"},{"r":"202","t":"23:28:18","h":"Ouest","s":"25S-H60S000I-80-I"},{"r":"202","t":"23:28:18","h":"Ouest","s":"25S-H60S100F-82-F1"},{"r":"202","t":"23:28:18","h":"Ouest","s":"25S-H60S200F-81-F2"},{"r":"202","t":"23:54:26","h":"Ouest","s":"25N-H60N000S-80-S"},{"r":"202","t":"23:54:26","h":"Ouest","s":"25N-H60N000S-98-S"},{"r":"202","t":"23:54:26","h":"Ouest","s":"25N-H60NV10S-98-S"},{"r":"202","t":"23:54:26","h":"Ouest","s":"25N-H60NV20S-98-S"},{"r":"202","t":"23:54:26","h":"Ouest","s":"25S-H60S000S-80-S"},{"r":"202","t":"23:56:18","h":"Ouest","s":"25N-H60N000I-80-I"},{"r":"202","t":"23:56:18","h":"Ouest","s":"25N-H60N100F-81-F1"},{"r":"202","t":"23:56:18","h":"Ouest","s":"25N-H60N200F-81-F2"},{"r":"202","t":"23:56:18","h":"Ouest","s":"25N-H60N300F-82-F3"},{"r":"202","t":"23:56:18","h":"Ouest","s":"25N-H60N400F-81-F4"},{"r":"202","t":"23:56:18","h":"Ouest","s":"25N-H60NV10I-80-I"},{"r":"202","t":"23:56:18","h":"Ouest","s":"25N-H60NV20I-80-I"},{"r":"202","t":"23:56:18","h":"Ouest","s":"25S-H60S000I-80-I"},{"r":"202","t":"23:56:18","h":"Ouest","s":"25S-H60S100F-82-F1"},{"r":"202","t":"23:56:18","h":"Ouest","s":"25S-H60S200F-81-F2"},{"r":"202","t":"23:58:26","h":"Ouest","s":"25N-H60N000A-80-A"},{"r":"202","t":"23:58:26","h":"Ouest","s":"25N-H60NV10A-80-A"},{"r":"202","t":"23:58:26","h":"Ouest","s":"25N-H60NV20A-80-A"},{"r":"202","t":"23:58:26","h":"Ouest","s":"25S-H60S000A-80-A"},{"r":"202","t":"24:24:18","h":"Ouest","s":"25N-H60N000I-80-I"},{"r":"202","t":"24:24:18","h":"Ouest","s":"25N-H60N100F-81-F1"},{"r":"202","t":"24:24:18","h":"Ouest","s":"25N-H60N200F-81-F2"},{"r":"202","t":"24:24:18","h":"Ouest","s":"25N-H60N300F-82-F3"},{"r":"202","t":"24:24:18","h":"Ouest","s":"25N-H60N400F-81-F4"},{"r":"202","t":"24:24:18","h":"Ouest","s":"25N-H60NV10I-80-I"},{"r":"202","t":"24:24:18","h":"Ouest","s":"25N-H60NV20I-80-I"},{"r":"202","t":"24:24:18","h":"Ouest","s":"25S-H60S000I-80-I"},{"r":"202","t":"24:24:18","h":"Ouest","s":"25S-H60S100F-82-F1"},{"r":"202","t":"24:24:18","h":"Ouest","s":"25S-H60S200F-81-F2"},{"r":"202","t":"24:25:26","h":"Ouest","s":"25N-H60N000A-80-A"},{"r":"202","t":"24:25:26","h":"Ouest","s":"25N-H60NV10A-80-A"},{"r":"202","t":"24:25:26","h":"Ouest","s":"25N-H60NV20A-80-A"},{"r":"202","t":"24:25:26","h":"Ouest","s":"25S-H60S000A-80-A"},{"r":"202","t":"24:27:26","h":"Ouest","s":"25N-H60N000S-80-S"},{"r":"202","t":"24:27:26","h":"Ouest","s":"25N-H60N000S-98-S"},{"r":"202","t":"24:27:26","h":"Ouest","s":"25N-H60NV10S-98-S"},{"r":"202","t":"24:27:26","h":"Ouest","s":"25N-H60NV20S-98-S"},{"r":"202","t":"24:27:26","h":"Ouest","s":"25S-H60S000S-80-S"}]