[{"r":"201","t":"06:00:00","h":"Sud","s":"25N-H60N000S-80-S"},{"r":"201","t":"06:00:00","h":"Sud","s":"25N-H60N000S-98-S"},{"r":"201","t":"06:00:00","h":"Sud","s":"25N-H60NV10S-98-S"},{"r":"201","t":"06:00:00","h":"Sud","s":"25N-H60NV20S-98-S"},{"r":"201","t":"06:00:00","h":"Sud","s":"25S-H60S000S-80-S"},{"r":"201","t":"06:06:00","h":"Sud","s":"25N-H60N000A-80-A"},{"r":"201","t":"06:06:00","h":"Sud","s":"25N-H60NV10A-80-A"},{"r":"201","t":"06:06:00","h":"Sud","s":"25N-H60NV20A-80-A"},{"r":"201","t":"06:06:00","h":"Sud","s":"25S-H60S000A-80-A"},{"r":"201","t":"06:25:00","h":"Sud","s":"25N-H60N000S-80-S"},{"r":"201","t":"06:25:00","h":"Sud","s":"25N-H60N000S-98-S"},{"r":"201","t":"06:25:00","h":"Sud","s":"25N-H60NV10S-98-S"},{"r":"201","t":"06:25:00","h":"Sud","s":"25N-H60NV20S-98-S"},{"r":"201","t":"06:25:00","h":"Sud","s":"25S-H60S000S-80-S"},{"r":"201","t":"06:35:00","h":"Sud","s":"25N-H60N000A-80-A"},{"r":"201","t":"06:35:00","h":"Sud","s":"25N-H60NV10A-80-A"},{"r":"201","t":"06:35:00","h":"Sud","s":"25N-H60NV20A-80-A"},{"r":"201","t":"06:35:00","h":"Sud","s":"25S-H60S000A-80-A"},{"r":"201","t":"06:55:00","h":"Sud","s":"25N-H60N000I-80-I"},{"r":"201","t":"06:55:00","h":"Sud","s":"25N-H60N100F-81-F1"},{"r":"201","t":"06:55:00","h":"Sud","s":"25N-H60N200F-81-F2"},{"r":"201","t":"06:55:00","h":"Sud","s":"25N-H60N300F-82-F3"},{"r":"201","t":"06:55:00","h":"Sud","s":"25N-H60N400F-81-F4"},{"r":"201","t":"06:55:00","h":"Sud","s":"25N-H60NV10I-80-I"},{"r":"201","t":"06:55:00","h":"Sud","s":"25N-H60NV20I-80-I"},{"r":"201","t":"06:55:00","h":"Sud","s":"25S-H60S000I-80-I"},{"r":"201","t":"06:55:00","h":"Sud","s":"25S-H60S100F-82-F1"},{"r":"201","t":"06:55:00","h":"Sud","s":"25S-H60S200F-81-F2"},{"r":"201","t":"06:59:00","h":"Sud","s":"25N-H60N000S-80-S"},{"r":"201","t":"06:59:00","h":"Sud","s":"25N-H60N000S-98-S"},{"r":"201","t":"06:59:00","h":"Sud","s":"25N-H60NV10S-98-S"},{"r":"201","t":"06:59:00","h":"Sud","s":"25N-H60NV20S-98-S"},{"r":"201","t":"06:59:00","h":"Sud","s":"25S-H60S000S-80-S"},{"r":"201","t":"07:05:00","h":"Sud","s":"25N-H60N000A-80-A"},{"r":"201","t":"07:05:00","h":"Sud","s":"25N-H60NV10A-80-A"},{"r":"201","t":"07:05:00","h":"Sud","s":"25N-H60NV20A-80-A"},{"r":"201","t":"07:05:00","h":"Sud","s":"25S-H60S000A-80-A"},{"r":"201","t":"07:27:00","h":"Sud","s":"25N-H60N000I-80-I"},{"r":"201","t":"07:27:00","h":"Sud","s":"25N-H60N100F-81-F1"},{"r":"201","t":"07:27:00","h":"Sud","s":"25N-H60N200F-81-F2"},{"r":"201","t":"07:27:00","h":"Sud","s":"25N-H60N300F-82-F3"},{"r":"201","t":"07:27:00","h":"Sud","s":"25N-H60N400F-81-F4"},{"r":"201","t":"07:27:00","h":"Sud","s":"25N-H60NV10I-80-I"},{"r":"201","t":"07:27:00","h":"Sud","s":"25N-H60NV20I-80-I"},{"r":"201","t":"07:27:00","h":"Sud","s":"25S-H60S000I-80-I"},{"r":"201","t":"07:27:00","h":"Sud","s":"25S-H60S100F-82-F1"},{"r":"201","t":"07:27:00","h":"Sud","s":"25S-H60S200F-81-F2"},{"r":"201","t":"07:36:00","h":"Sud","s":"25N-H60N000A-80-A"},{"r":"201","t":"07:36:00","h":"Sud","s":"25N-H60NV10A-80-A"},{"r":"201","t":"07:36:00","h":"Sud","s":"25N-H60NV20A-80-A"},{"r":"201","t":"07:36:00","h":"Sud","s":"25S-H60S000A-80-A"},{"r":"201","t":"07:40:00","h":"Sud","s":"25N-H60N000S-80-S"},{"r":"201","t":"07:40:00","h":"Sud","s":"25N-H60N000S-98-S"},{"r":"201","t":"07:40:00","h":"Sud","s":"25N-H60NV10S-98-S"},{"r":"201","t":"07:40:00","h":"Sud","s":"25N-H60NV20S-98-S"},{"r":"201","t":"07:40:00","h":"Sud","s":"25S-H60S000S-80-S"},{"r":"201","t":"08:00:00","h":"Sud","s":"25N-H60N000I-80-I"},{"r":"201","t":"08:00:00","h":"Sud","s":"25N-H60N100F-81-F1"},{"r":"201","t":"08:00:00","h":"Sud","s":"25N-H60N200F-81-F2"},{"r":"201","t":"08:00:00","h":"Sud","s":"25N-H60N300F-82-F3"},{"r":"201","t":"08:00:00","h":"Sud","s":"25N-H60N400F-81-F4"},{"r":"201","t":"08:00:00","h":"Sud","s":"25N-H60NV10I-80-I"},{"r":"201","t":"08:00:00","h":"Sud","s":"25N-H60NV20I-80-I"},{"r":"201","t":"08:00:00","h":"Sud","s":"25S-H60S000I-80-I"},{"r":"201","t":"08:00:00","h":"Sud","s":"25S-H60S100F-82-F1"},{"r":"201","t":"08:00:00","h":"Sud","s":"25S-H60S200F-81-F2"},{"r":"201","t":"08:08:00","h":"Sud","s":"25N-H60N000A-80-A"},{"r":"201","t":"08:08:00","h":"Sud","s":"25N-H60NV10A-80-A"},{"r":"201","t":"08:08:00","h":"Sud","s":"25N-H60NV20A-80-A"},{"r":"201","t":"08:08:00","h":"Sud","s":"25S-H60S000A-80-A"},{"r":"201","t":"08:22:00","h":"Sud","s":"25N-H60N000S-80-S"},{"r":"201","t":"08:22:00","h":"Sud","s":"25N-H60N000S-98-S"},{"r":"201","t":"08:22:00","h":"Sud","s":"25N-H60NV10S-98-S"},{"r":"201","t":"08:22:00","h":"Sud","s":"25N-H60NV20S-98-S"},{"r":"201","t":"08:22:00","h":"Sud","s":"25S-H60S000S-80-S"},{"r":"201","t":"08:33:00","h":"Sud","s":"25N-H60N000I-80-I"},{"r":"201","t":"08:33:00","h":"Sud","s":"25N-H60N100F-81-F1"},{"r":"201","t":"08:33:00","h":"Sud","s":"25N-H60N200F-81-F2"},{"r":"201","t":"08:33:00","h":"Sud","s":"25N-H60N300F-82-F3"},{"r":"201","t":"08:33:00","h":"Sud","s":"25N-H60N400F-81-F4"},{"r":"201","t":"08:33:00","h":"Sud","s":"25N-H60NV10I-80-I"},{"r":"201","t":"08:33:00","h":"Sud","s":"25N-H60NV20I-80-I"},{"r":"201","t":"08:33:00","h":"Sud","s":"25S-H60S000I-80-I"},{"r":"201","t":"08:33:00","h":"Sud","s":"25S-H60S100F-82-F1"},{"r":"201","t":"08:33:00","h":"Sud","s":"25S-H60S200F-81-F2"},{"r":"201","t":"08:40:00","h":"Sud","s":"25N-H60N000A-80-A"},{"r":"201","t":"08:40:00","h":"Sud","s":"25N-H60NV10A-80-A"},{"r":"201","t":"08:40:00","h":"Sud","s":"25N-H60NV20A-80-A"},{"r":"201","t":"08:40:00","h":"Sud","s":"25S-H60S000A-80-A"},{"r":"201","t":"09:04:00","h":"Sud","s":"25N-H60N000S-80-S"},{"r":"201","t":"09:04:00","h":"Sud","s":"25N-H60N000S-98-S"},{"r":"201","t":"09:04:00","h":"Sud","s":"25N-H60NV10S-98-S"},{"r":"201","t":"09:04:00","h":"Sud","s":"25N-H60NV20S-98-S"},{"r":"201","t":"09:04:00","h":"Sud","s":"25S-H60S000S-80-S"},{"r":"201","t":"09:06:00","h":"Sud","s":"25N-H60N000I-80-I"},{"r":"201","t":"09:06:00","h":"Sud","s":"25N-H60N100F-81-F1"},{"r":"201","t":"09:06:00","h":"Sud","s":"25N-H60N200F-81-F2"},{"r":"201","t":"09:06:00","h":"Sud","s":"25N-H60N300F-82-F3"},{"r":"201","t":"09:06:00","h":"Sud","s":"25N-H60N400F-81-F4"},{"r":"201","t":"09:06:00","h":"Sud","s":"25N-H60NV10I-80-I"},{"r":"201","t":"09:06:00","h":"Sud","s":"25N-H60NV20I-80-I"},{"r":"201","t":"09:06:00","h":"Sud","s":"25S-H60S000I-80-I"},{"r":"201","t":"09:06:00","h":"Sud","s":"25S-H60S100F-82-F1"},{"r":"201","t":"09:06:00","h":"Sud","s":"25S-H60S200F-81-F2"},{"r":"201","t":"09:12:00","h":"Sud","s":"25N-H60N000A-80-A"},{"r":"201","t":"09:12:00","h":"Sud","s":"25N-H60NV10A-80-A"},{"r":"201","t":"09:12:00","h":"Sud","s":"25N-H60NV20A-80-A"},{"r":"201","t":"09:12:00","h":"Sud","s":"25S-H60S000A-80-A"},{"r":"201","t":"09:39:00","h":"Sud","s":"25N-H60N000I-80-I"},{"r":"201","t":"09:39:00","h":"Sud","s":"25N-H60N100F-81-F1"},{"r":"201","t":"09:39:00","h":"Sud","s":"25N-H60N200F-81-F2"},{"r":"201","t":"09:39:00","h":"Sud","s":"25N-H60N300F-82-F3"},{"r":"201","t":"09:39:00","h":"Sud","s":"25N-H60N400F-81-F4"},{"r":"201","t":"09:39:00","h":"Sud","s":"25N-H60NV10I-80-I"},{"r":"201","t":"09:39:00","h":"Sud","s":"25N-H60NV20I-80-I"},{"r":"201","t":"09:39:00","h":"Sud","s":"25S-H60S000I-80-I"},{"r":"201","t":"09:39:00","h":"Sud","s":"25S-H60S100F-82-F1"},{"r":"201","t":"09:39:00","h":"Sud","s":"25S-H60S200F-81-F2"},{"r":"201","t":"09:42:00","h":"Sud","s":"25N-H60N000S-80-S"},{"r":"201","t":"09:42:00","h":"Sud","s":"25N-H60N000S-98-S"},{"r":"201","t":"09:42:00","h":"Sud","s":"25N-H60NV10S-98-S"},{"r":"201","t":"09:42:00","h":"Sud","s":"25N-H60NV20S-98-S"},{"r":"201","t":"09:42:00","h":"Sud","s":"25S-H60S000S-80-S"},{"r":"201","t":"09:44:00","h":"Sud","s":"25N-H60N000A-80-A"},{"r":"201","t":"09:44:00","h":"Sud","s":"25N-H60NV10A-80-A"},{"r":"201","t":"09:44:00","h":"Sud","s":"25N-H60NV20A-80-A"},{"r":"201","t":"09:44:00","h":"Sud","s":"25S-H60S000A-80-A"},{"r":"201","t":"10:14:00","h":"Sud","s":"25N-H60N000I-80-I"},{"r":"201","t":"10:14:00","h":"Sud","s":"25N-H60N100F-81-F1"},{"r":"201","t":"10:14:00","h":"Sud","s":"25N-H60N200F-81-F2"},{"r":"201","t":"10:14:00","h":"Sud","s":"25N-H60N300F-82-F3"},{"r":"201","t":"10:14:00","h":"Sud","s":"25N-H60N400F-81-F4"},{"r":"201","t":"10:14:00","h":"Sud","s":"25N-H60NV10I-80-I"},{"r":"201","t":"10:14:00","h":"Sud","s":"25N-H60NV20I-80-I"},{"r":"201","t":"10:14:00","h":"Sud","s":"25S-H60S000I-80-I"},{"r":"201","t":"10:14:00","h":"Sud","s":"25S-H60S100F-82-F1"},{"r":"201","t":"10:14:00","h":"Sud","s":"25S-H60S200F-81-F2"},{"r":"201","t":"10:15:00","h":"Sud","s":"25N-H60N000A-80-A"},{"r":"201","t":"10:15:00","h":"Sud","s":"25N-H60NV10A-80-A"},{"r":"201","t":"10:15:00","h":"Sud","s":"25N-H60NV20A-80-A"},{"r":"201","t":"10:15:00","h":"Sud","s":"25S-H60S000A-80-A"},{"r":"201","t":"10:19:00","h":"Sud","s":"25N-H60N000S-80-S"},{"r":"201","t":"10:19:00","h":"Sud","s":"25N-H60N000S-98-S"},{"r":"201","t":"10:19:00","h":"Sud","s":"25N-H60NV10S-98-S"},{"r":"201","t":"10:19:00","h":"Sud","s":"25N-H60NV20S-98-S"},{"r":"201","t":"10:19:00","h":"Sud","s":"25S-H60S000S-80-S"},{"r":"201","t":"10:46:00","h":"Sud","s":"25N-H60N000A-80-A"},{"r":"201","t":"10:46:00","h":"Sud","s":"25N-H60NV10A-80-A"},{"r":"201","t":"10:46:00","h":"Sud","s":"25N-H60NV20A-80-A"},{"r":"201","t":"10:46:00","h":"Sud","s":"25S-H60S000A-80-A"},{"r":"201","t":"10:48:00","h":"Sud","s":"25N-H60N000I-80-I"},{"r":"201","t":"10:48:00","h":"Sud","s":"25N-H60N100F-81-F1"},{"r":"201","t":"10:48:00","h":"Sud","s":"25N-H60N200F-81-F2"},{"r":"201","t":"10:48:00","h":"Sud","s":"25N-H60N300F-82-F3"},{"r":"201","t":"10:48:00","h":"Sud","s":"25N-H60N400F-81-F4"},{"r":"201","t":"10:48:00","h":"Sud","s":"25N-H60NV10I-80-I"},{"r":"201","t":"10:48:00","h":"Sud","s":"25N-H60NV20I-80-I"},{"r":"201","t":"10:48:00","h":"Sud","s":"25S-H60S000I-80-I"},{"r":"201","t":"10:48:00","h":"Sud","s":"25S-H60S100F-82-F1"},{"r":"201","t":"10:48:00","h":"Sud","s":"25S-H60S200F-81-F2"},{"r":"201","t":"10:53:00","h":"Sud","s":"25N-H60N000S-80-S"},{"r":"201","t":"10:53:00","h":"Sud","s":"25N-H60N000S-98-S"},{"r":"201","t":"10:53:00","h":"Sud","s":"25N-H60NV10S-98-S"},{"r":"201","t":"10:53:00","h":"Sud","s":"25N-H60NV20S-98-S"},{"r":"201","t":"10:53:00","h":"Sud","s":"25S-H60S000S-80-S"},{"r":"201","t":"11:17:00","h":"Sud","s":"25N-H60N000A-80-A"},{"r":"201","t":"11:17:00","h":"Sud","s":"25N-H60NV10A-80-A"},{"r":"201","t":"11:17:00","h":"Sud","s":"25N-H60NV20A-80-A"},{"r":"201","t":"11:17:00","h":"Sud","s":"25S-H60S000A-80-A"},{"r":"201","t":"11:22:00","h":"Sud","s":"25N-H60N000I-80-I"},{"r":"201","t":"11:22:00","h":"Sud","s":"25N-H60N100F-81-F1"},{"r":"201","t":"11:22:00","h":"Sud","s":"25N-H60N200F-81-F2"},{"r":"201","t":"11:22:00","h":"Sud","s":"25N-H60N300F-82-F3"},{"r":"201","t":"11:22:00","h":"Sud","s":"25N-H60N400F-81-F4"},{"r":"201","t":"11:22:00","h":"Sud","s":"25N-H60NV10I-80-I"},{"r":"201","t":"11:22:00","h":"Sud","s":"25N-H60NV20I-80-I"},{"r":"201","t":"11:22:00","h":"Sud","s":"25S-H60S000I-80-I"},{"r":"201","t":"11:22:00","h":"Sud","s":"25S-H60S100F-82-F1"},{"r":"201","t":"11:22:00","h":"Sud","s":"25S-H60S200F-81-F2"},{"r":"201","t":"11:26:00","h":"Sud","s":"25N-H60N000S-80-S"},{"r":"201","t":"11:26:00","h":"Sud","s":"25N-H60N000S-98-S"},{"r":"201","t":"11:26:00","h":"Sud","s":"25N-H60NV10S-98-S"},{"r":"201","t":"11:26:00","h":"Sud","s":"25N-H60NV20S-98-S"},{"r":"201","t":"11:26:00","h":"Sud","s":"25S-H60S000S-80-S"},{"r":"201","t":"11:48:00","h":"Sud","s":"25N-H60N000A-80-A"},{"r":"201","t":"11:48:00","h":"Sud","s":"25N-H60NV10A-80-A"},{"r":"201","t":"11:48:00","h":"Sud","s":"25N-H60NV20A-80-A"},{"r":"201","t":"11:48:00","h":"Sud","s":"25S-H60S000A-80-A"},{"r":"201","t":"11:56:00","h":"Sud","s":"25N-H60N000I-80-I"},{"r":"201","t":"11:56:00","h":"Sud","s":"25N-H60N100F-81-F1"},{"r":"201","t":"11:56:00","h":"Sud","s":"25N-H60N200F-81-F2"},{"r":"201","t":"11:56:00","h":"Sud","s":"25N-H60N300F-82-F3"},{"r":"201","t":"11:56:00","h":"Sud","s":"25N-H60N400F-81-F4"},{"r":"201","t":"11:56:00","h":"Sud","s":"25N-H60NV10I-80-I"},{"r":"201","t":"11:56:00","h":"Sud","s":"25N-H60NV20I-80-I"},{"r":"201","t":"11:56:00","h":"Sud","s":"25S-H60S000I-80-I"},{"r":"201","t":"11:56:00","h":"Sud","s":"25S-H60S100F-82-F1"},{"r":"201","t":"11:56:00","h":"Sud","s":"25S-H60S200F-81-F2"},{"r":"201","t":"11:59:00","h":"Sud","s":"25N-H60N000S-80-S"},{"r":"201","t":"11:59:00","h":"Sud","s":"25N-H60N000S-98-S"},{"r":"201","t":"11:59:00","h":"Sud","s":"25N-H60NV10S-98-S"},{"r":"201","t":"11:59:00","h":"Sud","s":"25N-H60NV20S-98-S"},{"r":"201","t":"11:59:00","h":"Sud","s":"25S-H60S000S-80-S"},{"r":"201","t":"12:19:00","h":"Sud","s":"25N-H60N000A-80-A"},{"r":"201","t":"12:19:00","h":"Sud","s":"25N-H60NV10A-80-A"},{"r":"201","t":"12:19:00","h":"Sud","s":"25N-H60NV20A-80-A"},{"r":"201","t":"12:19:00","h":"Sud","s":"25S-H60S000A-80-A"},{"r":"201","t":"12:30:00","h":"Sud","s":"25N-H60N000I-80-I"},{"r":"201","t":"12:30:00","h":"Sud","s":"25N-H60N100F-81-F1"},{"r":"201","t":"12:30:00","h":"Sud","s":"25N-H60N200F-81-F2"},{"r":"201","t":"12:30:00","h":"Sud","s":"25N-H60N300F-82-F3"},{"r":"201","t":"12:30:00","h":"Sud","s":"25N-H60N400F-81-F4"},{"r":"201","t":"12:30:00","h":"Sud","s":"25N-H60NV10I-80-I"},{"r":"201","t":"12:30:00","h":"Sud","s":"25N-H60NV20I-80-I"},{"r":"201","t":"12:30:00","h":"Sud","s":"25S-H60S000I-80-I"},{"r":"201","t":"12:30:00","h":"Sud","s":"25S-H60S100F-82-F1"},{"r":"201","t":"12:30:00","h":"Sud","s":"25S-H60S200F-81-F2"},{"r":"201","t":"12:32:00","h":"Sud","s":"25N-H60N000S-80-S"},{"r":"201","t":"12:32:00","h":"Sud","s":"25N-H60N000S-98-S"},{"r":"201","t":"12:32:00","h":"Sud","s":"25N-H60NV10S-98-S"},{"r":"201","t":"12:32:00","h":"Sud","s":"25N-H60NV20S-98-S"},{"r":"201","t":"12:32:00","h":"Sud","s":"25S-H60S000S-80-S"},{"r":"201","t":"12:49:00","h":"Sud","s":"25N-H60N000A-80-A"},{"r":"201","t":"12:49:00","h":"Sud","s":"25N-H60NV10A-80-A"},{"r":"201","t":"12:49:00","h":"Sud","s":"25N-H60NV20A-80-A"},{"r":"201","t":"12:49:00","h":"Sud","s":"25S-H60S000A-80-A"},{"r":"201","t":"13:03:00","h":"Sud","s":"25N-H60N000I-80-I"},{"r":"201","t":"13:03:00","h":"Sud","s":"25N-H60N100F-81-F1"},{"r":"201","t":"13:03:00","h":"Sud","s":"25N-H60N200F-81-F2"},{"r":"201","t":"13:03:00","h":"Sud","s":"25N-H60N300F-82-F3"},{"r":"201","t":"13:03:00","h":"Sud","s":"25N-H60N400F-81-F4"},{"r":"201","t":"13:03:00","h":"Sud","s":"25N-H60NV10I-80-I"},{"r":"201","t":"13:03:00","h":"Sud","s":"25N-H60NV20I-80-I"},{"r":"201","t":"13:03:00","h":"Sud","s":"25S-H60S000I-80-I"},{"r":"201","t":"13:03:00","h":"Sud","s":"25S-H60S100F-82-F1"},{"r":"201","t":"13:03:00","h":"Sud","s":"25S-H60S200F-81-F2"},{"r":"201","t":"13:06:00","h":"Sud","s":"25N-H60N000S-80-S"},{"r":"201","t":"13:06:00","h":"Sud","s":"25N-H60N000S-98-S"},{"r":"201","t":"13:06:00","h":"Sud","s":"25N-H60NV10S-98-S"},{"r":"201","t":"13:06:00","h":"Sud","s":"25N-H60NV20S-98-S"},{"r":"201","t":"13:06:00","h":"Sud","s":"25S-H60S000S-80-S"},{"r":"201","t":"13:20:00","h":"Sud","s":"25N-H60N000A-80-A"},{"r":"201","t":"13:20:00","h":"Sud","s":"25N-H60NV10A-80-A"},{"r":"201","t":"13:20:00","h":"Sud","s":"25N-H60NV20A-80-A"},{"r":"201","t":"13:20:00","h":"Sud","s":"25S-H60S000A-80-A"},{"r":"201","t":"13:37:00","h":"Sud","s":"25N-H60N000I-80-I"},{"r":"201","t":"13:37:00","h":"Sud","s":"25N-H60N100F-81-F1"},{"r":"201","t":"13:37:00","h":"Sud","s":"25N-H60N200F-81-F2"},{"r":"201","t":"13:37:00","h":"Sud","s":"25N-H60N300F-82-F3"},{"r":"201","t":"13:37:00","h":"Sud","s":"25N-H60N400F-81-F4"},{"r":"201","t":"13:37:00","h":"Sud","s":"25N-H60NV10I-80-I"},{"r":"201","t":"13:37:00","h":"Sud","s":"25N-H60NV20I-80-I"},{"r":"201","t":"13:37:00","h":"Sud","s":"25S-H60S000I-80-I"},{"r":"201","t":"13:37:00","h":"Sud","s":"25S-H60S100F-82-F1"},{"r":"201","t":"13:37:00","h":"Sud","s":"25S-H60S200F-81-F2"},{"r":"201","t":"13:39:00","h":"Sud","s":"25N-H60N000S-80-S"},{"r":"201","t":"13:39:00","h":"Sud","s":"25N-H60N000S-98-S"},{"r":"201","t":"13:39:00","h":"Sud","s":"25N-H60NV10S-98-S"},{"r":"201","t":"13:39:00","h":"Sud","s":"25N-H60NV20S-98-S"},{"r":"201","t":"13:39:00","h":"Sud","s":"25S-H60S000S-80-S"},{"r":"201","t":"13:50:00","h":"Sud","s":"25N-H60N000A-80-A"},{"r":"201","t":"13:50:00","h":"Sud","s":"25N-H60NV10A-80-A"},{"r":"201","t":"13:50:00","h":"Sud","s":"25N-H60NV20A-80-A"},{"r":"201","t":"13:50:00","h":"Sud","s":"25S-H60S000A-80-A"},{"r":"201","t":"14:10:00","h":"Sud","s":"25N-H60N000I-80-I"},{"r":"201","t":"14:10:00","h":"Sud","s":"25N-H60N100F-81-F1"},{"r":"201","t":"14:10:00","h":"Sud","s":"25N-H60N200F-81-F2"},{"r":"201","t":"14:10:00","h":"Sud","s":"25N-H60N300F-82-F3"},{"r":"201","t":"14:10:00","h":"Sud","s":"25N-H60N400F-81-F4"},{"r":"201","t":"14:10:00","h":"Sud","s":"25N-H60NV10I-80-I"},{"r":"201","t":"14:10:00","h":"Sud","s":"25N-H60NV20I-80-I"},{"r":"201","t":"14:10:00","h":"Sud","s":"25S-H60S000I-80-I"},{"r":"201","t":"14:10:00","h":"Sud","s":"25S-H60S100F-82-F1"},{"r":"201","t":"14:10:00","h":"Sud","s":"25S-H60S200F-81-F2"},{"r":"201","t":"14:13:00","h":"Sud","s":"25N-H60N000S-80-S"},{"r":"201","t":"14:13:00","h":"Sud","s":"25N-H60N000S-98-S"},{"r":"201","t":"14:13:00","h":"Sud","s":"25N-H60NV10S-98-S"},{"r":"201","t":"14:13:00","h":"Sud","s":"25N-H60NV20S-98-S"},{"r":"201","t":"14:13:00","h":"Sud","s":"25S-H60S000S-80-S"},{"r":"201","t":"14:21:00","h":"Sud","s":"25N-H60N000A-80-A"},{"r":"201","t":"14:21:00","h":"Sud","s":"25N-H60NV10A-80-A"},{"r":"201","t":"14:21:00","h":"Sud","s":"25N-H60NV20A-80-A"},{"r":"201","t":"14:21:00","h":"Sud","s":"25S-H60S000A-80-A"},{"r":"201","t":"14:43:00","h":"Sud","s":"25N-H60N000I-80-I"},{"r":"201","t":"14:43:00","h":"Sud","s":"25N-H60N100F-81-F1"},{"r":"201","t":"14:43:00","h":"Sud","s":"25N-H60N200F-81-F2"},{"r":"201","t":"14:43:00","h":"Sud","s":"25N-H60N300F-82-F3"},{"r":"201","t":"14:43:00","h":"Sud","s":"25N-H60N400F-81-F4"},{"r":"201","t":"14:43:00","h":"Sud","s":"25N-H60NV10I-80-I"},{"r":"201","t":"14:43:00","h":"Sud","s":"25N-H60NV20I-80-I"},{"r":"201","t":"14:43:00","h":"Sud","s":"25S-H60S000I-80-I"},{"r":"201","t":"14:43:00","h":"Sud","s":"25S-H60S100F-82-F1"},{"r":"201","t":"14:43:00","h":"Sud","s":"25S-H60S200F-81-F2"},{"r":"201","t":"14:44:00","h":"Sud","s":"25N-H60N000S-80-S"},{"r":"201","t":"14:44:00","h":"Sud","s":"25N-H60N000S-98-S"},{"r":"201","t":"14:44:00","h":"Sud","s":"25N-H60NV10S-98-S"},{"r":"201","t":"14:44:00","h":"Sud","s":"25N-H60NV20S-98-S"},{"r":"201","t":"14:44:00","h":"Sud","s":"25S-H60S000S-80-S"},{"r":"201","t":"14:51:00","h":"Sud","s":"25N-H60N000A-80-A"},{"r":"201","t":"14:51:00","h":"Sud","s":"25N-H60NV10A-80-A"},{"r":"201","t":"14:51:00","h":"Sud","s":"25N-H60NV20A-80-A"},{"r":"201","t":"14:51:00","h":"Sud","s":"25S-H60S000A-80-A"},{"r":"201","t":"15:14:00","h":"Sud","s":"25N-H60N000S-80-S"},{"r":"201","t":"15:14:00","h":"Sud","s":"25N-H60N000S-98-S"},{"r":"201","t":"15:14:00","h":"Sud","s":"25N-H60NV10S-98-S"},{"r":"201","t":"15:14:00","h":"Sud","s":"25N-H60NV20S-98-S"},{"r":"201","t":"15:14:00","h":"Sud","s":"25S-H60S000S-80-S"},{"r":"201","t":"15:16:00","h":"Sud","s":"25N-H60N000I-80-I"},{"r":"201","t":"15:16:00","h":"Sud","s":"25N-H60N100F-81-F1"},{"r":"201","t":"15:16:00","h":"Sud","s":"25N-H60N200F-81-F2"},{"r":"201","t":"15:16:00","h":"Sud","s":"25N-H60N300F-82-F3"},{"r":"201","t":"15:16:00","h":"Sud","s":"25N-H60N400F-81-F4"},{"r":"201","t":"15:16:00","h":"Sud","s":"25N-H60NV10I-80-I"},{"r":"201","t":"15:16:00","h":"Sud","s":"25N-H60NV20I-80-I"},{"r":"201","t":"15:16:00","h":"Sud","s":"25S-H60S000I-80-I"},{"r":"201","t":"15:16:00","h":"Sud","s":"25S-H60S100F-82-F1"},{"r":"201","t":"15:16:00","h":"Sud","s":"25S-H60S200F-81-F2"},{"r":"201","t":"15:21:00","h":"Sud","s":"25N-H60N000A-80-A"},{"r":"201","t":"15:21:00","h":"Sud","s":"25N-H60NV10A-80-A"},{"r":"201","t":"15:21:00","h":"Sud","s":"25N-H60NV20A-80-A"},{"r":"201","t":"15:21:00","h":"Sud","s":"25S-H60S000A-80-A"},{"r":"201","t":"15:40:00","h":"Sud","s":"25N-H60N000S-80-S"},{"r":"201","t":"15:40:00","h":"Sud","s":"25N-H60N000S-98-S"},{"r":"201","t":"15:40:00","h":"Sud","s":"25N-H60NV10S-98-S"},{"r":"201","t":"15:40:00","h":"Sud","s":"25N-H60NV20S-98-S"},{"r":"201","t":"15:40:00","h":"Sud","s":"25S-H60S000S-80-S"},{"r":"201","t":"15:48:00","h":"Sud","s":"25N-H60N000I-80-I"},{"r":"201","t":"15:48:00","h":"Sud","s":"25N-H60N100F-81-F1"},{"r":"201","t":"15:48:00","h":"Sud","s":"25N-H60N200F-81-F2"},{"r":"201","t":"15:48:00","h":"Sud","s":"25N-H60N300F-82-F3"},{"r":"201","t":"15:48:00","h":"Sud","s":"25N-H60N400F-81-F4"},{"r":"201","t":"15:48:00","h":"Sud","s":"25N-H60NV10I-80-I"},{"r":"201","t":"15:48:00","h":"Sud","s":"25N-H60NV20I-80-I"},{"r":"201","t":"15:48:00","h":"Sud","s":"25S-H60S000I-80-I"},{"r":"201","t":"15:48:00","h":"Sud","s":"25S-H60S100F-82-F1"},{"r":"201","t":"15:48:00","h":"Sud","s":"25S-H60S200F-81-F2"},{"r":"201","t":"15:51:00","h":"Sud","s":"25N-H60N000A-80-A"},{"r":"201","t":"15:51:00","h":"Sud","s":"25N-H60NV10A-80-A"},{"r":"201","t":"15:51:00","h":"Sud","s":"25N-H60NV20A-80-A"},{"r":"201","t":"15:51:00","h":"Sud","s":"25S-H60S000A-80-A"},{"r":"201","t":"16:06:00","h":"Sud","s":"25N-H60N000S-80-S"},{"r":"201","t":"16:06:00","h":"Sud","s":"25N-H60N000S-98-S"},{"r":"201","t":"16:06:00","h":"Sud","s":"25N-H60NV10S-98-S"},{"r":"201","t":"16:06:00","h":"Sud","s":"25N-H60NV20S-98-S"},{"r":"201","t":"16:06:00","h":"Sud","s":"25S-H60S000S-80-S"},{"r":"201","t":"16:21:00","h":"Sud","s":"25N-H60N000A-80-A"},{"r":"201","t":"16:21:00","h":"Sud","s":"25N-H60NV10A-80-A"},{"r":"201","t":"16:21:00","h":"Sud","s":"25N-H60NV20A-80-A"},{"r":"201","t":"16:21:00","h":"Sud","s":"25S-H60S000A-80-A"},{"r":"201","t":"16:22:00","h":"Sud","s":"25N-H60N000I-80-I"},{"r":"201","t":"16:22:00","h":"Sud","s":"25N-H60N100F-81-F1"},{"r":"201","t":"16:22:00","h":"Sud","s":"25N-H60N200F-81-F2"},{"r":"201","t":"16:22:00","h":"Sud","s":"25N-H60N300F-82-F3"},{"r":"201","t":"16:22:00","h":"Sud","s":"25N-H60N400F-81-F4"},{"r":"201","t":"16:22:00","h":"Sud","s":"25N-H60NV10I-80-I"},{"r":"201","t":"16:22:00","h":"Sud","s":"25N-H60NV20I-80-I"},{"r":"201","t":"16:22:00","h":"Sud","s":"25S-H60S000I-80-I"},{"r":"201","t":"16:22:00","h":"Sud","s":"25S-H60S100F-82-F1"},{"r":"201","t":"16:22:00","h":"Sud","s":"25S-H60S200F-81-F2"},{"r":"201","t":"16:36:00","h":"Sud","s":"25N-H60N000S-80-S"},{"r":"201","t":"16:36:00","h":"Sud","s":"25N-H60N000S-98-S"},{"r":"201","t":"16:36:00","h":"Sud","s":"25N-H60NV10S-98-S"},{"r":"201","t":"16:36:00","h":"Sud","s":"25N-H60NV20S-98-S"},{"r":"201","t":"16:36:00","h":"Sud","s":"25S-H60S000S-80-S"},{"r":"201","t":"16:52:00","h":"Sud","s":"25N-H60N000A-80-A"},{"r":"201","t":"16:52:00","h":"Sud","s":"25N-H60NV10A-80-A"},{"r":"201","t":"16:52:00","h":"Sud","s":"25N-H60NV20A-80-A"},{"r":"201","t":"16:52:00","h":"Sud","s":"25S-H60S000A-80-A"},{"r":"201","t":"16:55:00","h":"Sud","s":"25N-H60N000I-80-I"},{"r":"201","t":"16:55:00","h":"Sud","s":"25N-H60N100F-81-F1"},{"r":"201","t":"16:55:00","h":"Sud","s":"25N-H60N200F-81-F2"},{"r":"201","t":"16:55:00","h":"Sud","s":"25N-H60N300F-82-F3"},{"r":"201","t":"16:55:00","h":"Sud","s":"25N-H60N400F-81-F4"},{"r":"201","t":"16:55:00","h":"Sud","s":"25N-H60NV10I-80-I"},{"r":"201","t":"16:55:00","h":"Sud","s":"25N-H60NV20I-80-I"},{"r":"201","t":"16:55:00","h":"Sud","s":"25S-H60S000I-80-I"},{"r":"201","t":"16:55:00","h":"Sud","s":"25S-H60S100F-82-F1"},{"r":"201","t":"16:55:00","h":"Sud","s":"25S-H60S200F-81-F2"},{"r":"201","t":"17:06:00","h":"Sud","s":"25N-H60N000S-80-S"},{"r":"201","t":"17:06:00","h":"Sud","s":"25N-H60N000S-98-S"},{"r":"201","t":"17:06:00","h":"Sud","s":"25N-H60NV10S-98-S"},{"r":"201","t":"17:06:00","h":"Sud","s":"25N-H60NV20S-98-S"},{"r":"201","t":"17:06:00","h":"Sud","s":"25S-H60S000S-80-S"},{"r":"201","t":"17:23:00","h":"Sud","s":"25N-H60N000A-80-A"},{"r":"201","t":"17:23:00","h":"Sud","s":"25N-H60NV10A-80-A"},{"r":"201","t":"17:23:00","h":"Sud","s":"25N-H60NV20A-80-A"},{"r":"201","t":"17:23:00","h":"Sud","s":"25S-H60S000A-80-A"},{"r":"201","t":"17:27:00","h":"Sud","s":"25N-H60N000I-80-I"},{"r":"201","t":"17:27:00","h":"Sud","s":"25N-H60N100F-81-F1"},{"r":"201","t":"17:27:00","h":"Sud","s":"25N-H60N200F-81-F2"},{"r":"201","t":"17:27:00","h":"Sud","s":"25N-H60N300F-82-F3"},{"r":"201","t":"17:27:00","h":"Sud","s":"25N-H60N400F-81-F4"},{"r":"201","t":"17:27:00","h":"Sud","s":"25N-H60NV10I-80-I"},{"r":"201","t":"17:27:00","h":"Sud","s":"25N-H60NV20I-80-I"},{"r":"201","t":"17:27:00","h":"Sud","s":"25S-H60S000I-80-I"},{"r":"201","t":"17:27:00","h":"Sud","s":"25S-H60S100F-82-F1"},{"r":"201","t":"17:27:00","h":"Sud","s":"25S-H60S200F-81-F2"},{"r":"201","t":"17:36:00","h":"Sud","s":"25N-H60N000S-80-S"},{"r":"201","t":"17:36:00","h":"Sud","s":"25N-H60N000S-98-S"},{"r":"201","t":"17:36:00","h":"Sud","s":"25N-H60NV10S-98-S"},{"r":"201","t":"17:36:00","h":"Sud","s":"25N-H60NV20S-98-S"},{"r":"201","t":"17:36:00","h":"Sud","s":"25S-H60S000S-80-S"},{"r":"201","t":"17:54:00","h":"Sud","s":"25N-H60N000A-80-A"},{"r":"201","t":"17:54:00","h":"Sud","s":"25N-H60NV10A-80-A"},{"r":"201","t":"17:54:00","h":"Sud","s":"25N-H60NV20A-80-A"},{"r":"201","t":"17:54:00","h":"Sud","s":"25S-H60S000A-80-A"},{"r":"201","t":"18:00:00","h":"Sud","s":"25N-H60N000I-80-I"},{"r":"201","t":"18:00:00","h":"Sud","s":"25N-H60N100F-81-F1"},{"r":"201","t":"18:00:00","h":"Sud","s":"25N-H60N200F-81-F2"},{"r":"201","t":"18:00:00","h":"Sud","s":"25N-H60N300F-82-F3"},{"r":"201","t":"18:00:00","h":"Sud","s":"25N-H60N400F-81-F4"},{"r":"201","t":"18:00:00","h":"Sud","s":"25N-H60NV10I-80-I"},{"r":"201","t":"18:00:00","h":"Sud","s":"25N-H60NV20I-80-I"},{"r":"201","t":"18:00:00","h":"Sud","s":"25S-H60S000I-80-I"},{"r":"201","t":"18:00:00","h":"Sud","s":"25S-H60S100F-82-F1"},{"r":"201","t":"18:00:00","h":"Sud","s":"25S-H60S200F-81-F2"},{"r":"201","t":"18:05:00","h":"Sud","s":"25N-H60N000S-80-S"},{"r":"201","t":"18:05:00","h":"Sud","s":"25N-H60N000S-98-S"},{"r":"201","t":"18:05:00","h":"Sud","s":"25N-H60NV10S-98-S"},{"r":"201","t":"18:05:00","h":"Sud","s":"25N-H60NV20S-98-S"},{"r":"201","t":"18:05:00","h":"Sud","s":"25S-H60S000S-80-S"},{"r":"201","t":"18:27:00","h":"Sud","s":"25N-H60N000A-80-A"},{"r":"201","t":"18:27:00","h":"Sud","s":"25N-H60NV10A-80-A"},{"r":"201","t":"18:27:00","h":"Sud","s":"25N-H60NV20A-80-A"},{"r":"201","t":"18:27:00","h":"Sud","s":"25S-H60S000A-80-A"},{"r":"201","t":"18:32:00","h":"Sud","s":"25N-H60N000I-80-I"},{"r":"201","t":"18:32:00","h":"Sud","s":"25N-H60N100F-81-F1"},{"r":"201","t":"18:32:00","h":"Sud","s":"25N-H60N200F-81-F2"},{"r":"201","t":"18:32:00","h":"Sud","s":"25N-H60N300F-82-F3"},{"r":"201","t":"18:32:00","h":"Sud","s":"25N-H60N400F-81-F4"},{"r":"201","t":"18:32:00","h":"Sud","s":"25N-H60NV10I-80-I"},{"r":"201","t":"18:32:00","h":"Sud","s":"25N-H60NV20I-80-I"},{"r":"201","t":"18:32:00","h":"Sud","s":"25S-H60S000I-80-I"},{"r":"201","t":"18:32:00","h":"Sud","s":"25S-H60S100F-82-F1"},{"r":"201","t":"18:32:00","h":"Sud","s":"25S-H60S200F-81-F2"},{"r":"201","t":"18:35:00","h":"Sud","s":"25N-H60N000S-80-S"},{"r":"201","t":"18:35:00","h":"Sud","s":"25N-H60N000S-98-S"},{"r":"201","t":"18:35:00","h":"Sud","s":"25N-H60NV10S-98-S"},{"r":"201","t":"18:35:00","h":"Sud","s":"25N-H60NV20S-98-S"},{"r":"201","t":"18:35:00","h":"Sud","s":"25S-H60S000S-80-S"},{"r":"201","t":"18:59:00","h":"Sud","s":"25N-H60N000A-80-A"},{"r":"201","t":"18:59:00","h":"Sud","s":"25N-H60NV10A-80-A"},{"r":"201","t":"18:59:00","h":"Sud","s":"25N-H60NV20A-80-A"},{"r":"201","t":"18:59:00","h":"Sud","s":"25S-H60S000A-80-A"},{"r":"201","t":"19:05:00","h":"Sud","s":"25N-H60N000I-80-I"},{"r":"201","t":"19:05:00","h":"Sud","s":"25N-H60N000S-80-S"},{"r":"201","t":"19:05:00","h":"Sud","s":"25N-H60N000S-98-S"},{"r":"201","t":"19:05:00","h":"Sud","s":"25N-H60N100F-81-F1"},{"r":"201","t":"19:05:00","h":"Sud","s":"25N-H60N200F-81-F2"},{"r":"201","t":"19:05:00","h":"Sud","s":"25N-H60N300F-82-F3"},{"r":"201","t":"19:05:00","h":"Sud","s":"25N-H60N400F-81-F4"},{"r":"201","t":"19:05:00","h":"Sud","s":"25N-H60NV10I-80-I"},{"r":"201","t":"19:05:00","h":"Sud","s":"25N-H60NV10S-98-S"},{"r":"201","t":"19:05:00","h":"Sud","s":"25N-H60NV20I-80-I"},{"r":"201","t":"19:05:00","h":"Sud","s":"25N-H60NV20S-98-S"},{"r":"201","t":"19:05:00","h":"Sud","s":"25S-H60S000I-80-I"},{"r":"201","t":"19:05:00","h":"Sud","s":"25S-H60S000S-80-S"},{"r":"201","t":"19:05:00","h":"Sud","s":"25S-H60S100F-82-F1"},{"r":"201","t":"19:05:00","h":"Sud","s":"25S-H60S200F-81-F2"},{"r":"201","t":"19:22:00","h":"Sud","s":"25N-H60N000A-80-A"},{"r":"201","t":"19:22:00","h":"Sud","s":"25N-H60NV10A-80-A"},{"r":"201","t":"19:22:00","h":"Sud","s":"25N-H60NV20A-80-A"},{"r":"201","t":"19:22:00","h":"Sud","s":"25S-H60S000A-80-A"},{"r":"201","t":"19:37:00","h":"Sud","s":"25N-H60N000I-80-I"},{"r":"201","t":"19:37:00","h":"Sud","s":"25N-H60N000S-80-S"},{"r":"201","t":"19:37:00","h":"Sud","s":"25N-H60N000S-98-S"},{"r":"201","t":"19:37:00","h":"Sud","s":"25N-H60N100F-81-F1"},{"r":"201","t":"19:37:00","h":"Sud","s":"25N-H60N200F-81-F2"},{"r":"201","t":"19:37:00","h":"Sud","s":"25N-H60N300F-82-F3"},{"r":"201","t":"19:37:00","h":"Sud","s":"25N-H60N400F-81-F4"},{"r":"201","t":"19:37:00","h":"Sud","s":"25N-H60NV10I-80-I"},{"r":"201","t":"19:37:00","h":"Sud","s":"25N-H60NV10S-98-S"},{"r":"201","t":"19:37:00","h":"Sud","s":"25N-H60NV20I-80-I"},{"r":"201","t":"19:37:00","h":"Sud","s":"25N-H60NV20S-98-S"},{"r":"201","t":"19:37:00","h":"Sud","s":"25S-H60S000I-80-I"},{"r":"201","t":"19:37:00","h":"Sud","s":"25S-H60S000S-80-S"},{"r":"201","t":"19:37:00","h":"Sud","s":"25S-H60S100F-82-F1"},{"r":"201","t":"19:37:00","h":"Sud","s":"25S-H60S200F-81-F2"},{"r":"201","t":"19:55:00","h":"Sud","s":"25N-H60N000A-80-A"},{"r":"201","t":"19:55:00","h":"Sud","s":"25N-H60NV10A-80-A"},{"r":"201","t":"19:55:00","h":"Sud","s":"25N-H60NV20A-80-A"},{"r":"201","t":"19:55:00","h":"Sud","s":"25S-H60S000A-80-A"},{"r":"201","t":"20:02:00","h":"Sud","s":"25N-H60N000S-80-S"},{"r":"201","t":"20:02:00","h":"Sud","s":"25N-H60N000S-98-S"},{"r":"201","t":"20:02:00","h":"Sud","s":"25N-H60NV10S-98-S"},{"r":"201","t":"20:02:00","h":"Sud","s":"25N-H60NV20S-98-S"},{"r":"201","t":"20:02:00","h":"Sud","s":"25S-H60S000S-80-S"},{"r":"201","t":"20:09:00","h":"Sud","s":"25N-H60N000I-80-I"},{"r":"201","t":"20:09:00","h":"Sud","s":"25N-H60N100F-81-F1"},{"r":"201","t":"20:09:00","h":"Sud","s":"25N-H60N200F-81-F2"},{"r":"201","t":"20:09:00","h":"Sud","s":"25N-H60N300F-82-F3"},{"r":"201","t":"20:09:00","h":"Sud","s":"25N-H60N400F-81-F4"},{"r":"201","t":"20:09:00","h":"Sud","s":"25N-H60NV10I-80-I"},{"r":"201","t":"20:09:00","h":"Sud","s":"25N-H60NV20I-80-I"},{"r":"201","t":"20:09:00","h":"Sud","s":"25S-H60S000I-80-I"},{"r":"201","t":"20:09:00","h":"Sud","s":"25S-H60S100F-82-F1"},{"r":"201","t":"20:09:00","h":"Sud","s":"25S-H60S200F-81-F2"},{"r":"201","t":"20:28:00","h":"Sud","s":"25N-H60N000A-80-A"},{"r":"201","t":"20:28:00","h":"Sud","s":"25N-H60NV10A-80-A"},{"r":"201","t":"20:28:00","h":"Sud","s":"25N-H60NV20A-80-A"},{"r":"201","t":"20:28:00","h":"Sud","s":"25S-H60S000A-80-A"},{"r":"201","t":"20:32:00","h":"Sud","s":"25N-H60N000S-80-S"},{"r":"201","t":"20:32:00","h":"Sud","s":"25N-H60N000S-98-S"},{"r":"201","t":"20:32:00","h":"Sud","s":"25N-H60NV10S-98-S"},{"r":"201","t":"20:32:00","h":"Sud","s":"25N-H60NV20S-98-S"},{"r":"201","t":"20:32:00","h":"Sud","s":"25S-H60S000S-80-S"},{"r":"201","t":"20:39:00","h":"Sud","s":"25N-H60N000I-80-I"},{"r":"201","t":"20:39:00","h":"Sud","s":"25N-H60N100F-81-F1"},{"r":"201","t":"20:39:00","h":"Sud","s":"25N-H60N200F-81-F2"},{"r":"201","t":"20:39:00","h":"Sud","s":"25N-H60N300F-82-F3"},{"r":"201","t":"20:39:00","h":"Sud","s":"25N-H60N400F-81-F4"},{"r":"201","t":"20:39:00","h":"Sud","s":"25N-H60NV10I-80-I"},{"r":"201","t":"20:39:00","h":"Sud","s":"25N-H60NV20I-80-I"},{"r":"201","t":"20:39:00","h":"Sud","s":"25S-H60S000I-80-I"},{"r":"201","t":"20:39:00","h":"Sud","s":"25S-H60S100F-82-F1"},{"r":"201","t":"20:39:00","h":"Sud","s":"25S-H60S200F-81-F2"},{"r":"201","t":"21:00:00","h":"Sud","s":"25N-H60N000A-80-A"},{"r":"201","t":"21:00:00","h":"Sud","s":"25N-H60NV10A-80-A"},{"r":"201","t":"21:00:00","h":"Sud","s":"25N-H60NV20A-80-A"},{"r":"201","t":"21:00:00","h":"Sud","s":"25S-H60S000A-80-A"},{"r":"201","t":"21:03:00","h":"Sud","s":"25N-H60N000S-80-S"},{"r":"201","t":"21:03:00","h":"Sud","s":"25N-H60N000S-98-S"},{"r":"201","t":"21:03:00","h":"Sud","s":"25N-H60NV10S-98-S"},{"r":"201","t":"21:03:00","h":"Sud","s":"25N-H60NV20S-98-S"},{"r":"201","t":"21:03:00","h":"Sud","s":"25S-H60S000S-80-S"},{"r":"201","t":"21:08:00","h":"Sud","s":"25N-H60N000I-80-I"},{"r":"201","t":"21:08:00","h":"Sud","s":"25N-H60N100F-81-F1"},{"r":"201","t":"21:08:00","h":"Sud","s":"25N-H60N200F-81-F2"},{"r":"201","t":"21:08:00","h":"Sud","s":"25N-H60N300F-82-F3"},{"r":"201","t":"21:08:00","h":"Sud","s":"25N-H60N400F-81-F4"},{"r":"201","t":"21:08:00","h":"Sud","s":"25N-H60NV10I-80-I"},{"r":"201","t":"21:08:00","h":"Sud","s":"25N-H60NV20I-80-I"},{"r":"201","t":"21:08:00","h":"Sud","s":"25S-H60S000I-80-I"},{"r":"201","t":"21:08:00","h":"Sud","s":"25S-H60S100F-82-F1"},{"r":"201","t":"21:08:00","h":"Sud","s":"25S-H60S200F-81-F2"},{"r":"201","t":"21:32:00","h":"Sud","s":"25N-H60N000A-80-A"},{"r":"201","t":"21:32:00","h":"Sud","s":"25N-H60NV10A-80-A"},{"r":"201","t":"21:32:00","h":"Sud","s":"25N-H60NV20A-80-A"},{"r":"201","t":"21:32:00","h":"Sud","s":"25S-H60S000A-80-A"},{"r":"201","t":"21:33:00","h":"Sud","s":"25N-H60N000S-80-S"},{"r":"201","t":"21:33:00","h":"Sud","s":"25N-H60N000S-98-S"},{"r":"201","t":"21:33:00","h":"Sud","s":"25N-H60NV10S-98-S"},{"r":"201","t":"21:33:00","h":"Sud","s":"25N-H60NV20S-98-S"},{"r":"201","t":"21:33:00","h":"Sud","s":"25S-H60S000S-80-S"},{"r":"201","t":"21:38:00","h":"Sud","s":"25N-H60N000I-80-I"},{"r":"201","t":"21:38:00","h":"Sud","s":"25N-H60N100F-81-F1"},{"r":"201","t":"21:38:00","h":"Sud","s":"25N-H60N200F-81-F2"},{"r":"201","t":"21:38:00","h":"Sud","s":"25N-H60N300F-82-F3"},{"r":"201","t":"21:38:00","h":"Sud","s":"25N-H60N400F-81-F4"},{"r":"201","t":"21:38:00","h":"Sud","s":"25N-H60NV10I-80-I"},{"r":"201","t":"21:38:00","h":"Sud","s":"25N-H60NV20I-80-I"},{"r":"201","t":"21:38:00","h":"Sud","s":"25S-H60S000I-80-I"},{"r":"201","t":"21:38:00","h":"Sud","s":"25S-H60S100F-82-F1"},{"r":"201","t":"21:38:00","h":"Sud","s":"25S-H60S200F-81-F2"},{"r":"201","t":"22:03:00","h":"Sud","s":"25N-H60N000A-80-A"},{"r":"201","t":"22:03:00","h":"Sud","s":"25N-H60N000S-80-S"},{"r":"201","t":"22:03:00","h":"Sud","s":"25N-H60N000S-98-S"},{"r":"201","t":"22:03:00","h":"Sud","s":"25N-H60NV10A-80-A"},{"r":"201","t":"22:03:00","h":"Sud","s":"25N-H60NV10S-98-S"},{"r":"201","t":"22:03:00","h":"Sud","s":"25N-H60NV20A-80-A"},{"r":"201","t":"22:03:00","h":"Sud","s":"25N-H60NV20S-98-S"},{"r":"201","t":"22:03:00","h":"Sud","s":"25S-H60S000A-80-A"},{"r":"201","t":"22:03:00","h":"Sud","s":"25S-H60S000S-80-S"},{"r":"201","t":"22:08:00","h":"Sud","s":"25N-H60N000I-80-I"},{"r":"201","t":"22:08:00","h":"Sud","s":"25N-H60N100F-81-F1"},{"r":"201","t":"22:08:00","h":"Sud","s":"25N-H60N200F-81-F2"},{"r":"201","t":"22:08:00","h":"Sud","s":"25N-H60N300F-82-F3"},{"r":"201","t":"22:08:00","h":"Sud","s":"25N-H60N400F-81-F4"},{"r":"201","t":"22:08:00","h":"Sud","s":"25N-H60NV10I-80-I"},{"r":"201","t":"22:08:00","h":"Sud","s":"25N-H60NV20I-80-I"},{"r":"201","t":"22:08:00","h":"Sud","s":"25S-H60S000I-80-I"},{"r":"201","t":"22:08:00","h":"Sud","s":"25S-H60S100F-82-F1"},{"r":"201","t":"22:08:00","h":"Sud","s":"25S-H60S200F-81-F2"},{"r":"201","t":"22:32:00","h":"Sud","s":"25N-H60N000S-80-S"},{"r":"201","t":"22:32:00","h":"Sud","s":"25N-H60N000S-98-S"},{"r":"201","t":"22:32:00","h":"Sud","s":"25N-H60NV10S-98-S"},{"r":"201","t":"22:32:00","h":"Sud","s":"25N-H60NV20S-98-S"},{"r":"201","t":"22:32:00","h":"Sud","s":"25S-H60S000S-80-S"},{"r":"201","t":"22:34:00","h":"Sud","s":"25N-H60N000A-80-A"},{"r":"201","t":"22:34:00","h":"Sud","s":"25N-H60NV10A-80-A"},{"r":"201","t":"22:34:00","h":"Sud","s":"25N-H60NV20A-80-A"},{"r":"201","t":"22:34:00","h":"Sud","s":"25S-H60S000A-80-A"},{"r":"201","t":"22:37:00","h":"Sud","s":"25N-H60N000I-80-I"},{"r":"201","t":"22:37:00","h":"Sud","s":"25N-H60N100F-81-F1"},{"r":"201","t":"22:37:00","h":"Sud","s":"25N-H60N200F-81-F2"},{"r":"201","t":"22:37:00","h":"Sud","s":"25N-H60N300F-82-F3"},{"r":"201","t":"22:37:00","h":"Sud","s":"25N-H60N400F-81-F4"},{"r":"201","t":"22:37:00","h":"Sud","s":"25N-H60NV10I-80-I"},{"r":"201","t":"22:37:00","h":"Sud","s":"25N-H60NV20I-80-I"},{"r":"201","t":"22:37:00","h":"Sud","s":"25S-H60S000I-80-I"},{"r":"201","t":"22:37:00","h":"Sud","s":"25S-H60S100F-82-F1"},{"r":"201","t":"22:37:00","h":"Sud","s":"25S-H60S200F-81-F2"},{"r":"201","t":"23:02:00","h":"Sud","s":"25N-H60N000S-80-S"},{"r":"201","t":"23:02:00","h":"Sud","s":"25N-H60N000S-98-S"},{"r":"201","t":"23:02:00","h":"Sud","s":"25N-H60NV10S-98-S"},{"r":"201","t":"23:02:00","h":"Sud","s":"25N-H60NV20S-98-S"},{"r":"201","t":"23:02:00","h":"Sud","s":"25S-H60S000S-80-S"},{"r":"201","t":"23:05:00","h":"Sud","s":"25N-H60N000A-80-A"},{"r":"201","t":"23:05:00","h":"Sud","s":"25N-H60NV10A-80-A"},{"r":"201","t":"23:05:00","h":"Sud","s":"25N-H60NV20A-80-A"},{"r":"201","t":"23:05:00","h":"Sud","s":"25S-H60S000A-80-A"},{"r":"201","t":"23:06:00","h":"Sud","s":"25N-H60N000I-80-I"},{"r":"201","t":"23:06:00","h":"Sud","s":"25N-H60N100F-81-F1"},{"r":"201","t":"23:06:00","h":"Sud","s":"25N-H60N200F-81-F2"},{"r":"201","t":"23:06:00","h":"Sud","s":"25N-H60N300F-82-F3"},{"r":"201","t":"23:06:00","h":"Sud","s":"25N-H60N400F-81-F4"},{"r":"201","t":"23:06:00","h":"Sud","s":"25N-H60NV10I-80-I"},{"r":"201","t":"23:06:00","h":"Sud","s":"25N-H60NV20I-80-I"},{"r":"201","t":"23:06:00","h":"Sud","s":"25S-H60S000I-80-I"},{"r":"201","t":"23:06:00","h":"Sud","s":"25S-H60S100F-82-F1"},{"r":"201","t":"23:06:00","h":"Sud","s":"25S-H60S200F-81-F2"},{"r":"201","t":"23:33:00","h":"Sud","s":"25N-H60N000S-80-S"},{"r":"201","t":"23:33:00","h":"Sud","s":"25N-H60N000S-98-S"},{"r":"201","t":"23:33:00","h":"Sud","s":"25N-H60NV10S-98-S"},{"r":"201","t":"23:33:00","h":"Sud","s":"25N-H60NV20S-98-S"},{"r":"201","t":"23:33:00","h":"Sud","s":"25S-H60S000S-80-S"},{"r":"201","t":"23:35:00","h":"Sud","s":"25N-H60N000A-80-A"},{"r":"201","t":"23:35:00","h":"Sud","s":"25N-H60NV10A-80-A"},{"r":"201","t":"23:35:00","h":"Sud","s":"25N-H60NV20A-80-A"},{"r":"201","t":"23:35:00","h":"Sud","s":"25S-H60S000A-80-A"},{"r":"201","t":"23:36:00","h":"Sud","s":"25N-H60N000I-80-I"},{"r":"201","t":"23:36:00","h":"Sud","s":"25N-H60N100F-81-F1"},{"r":"201","t":"23:36:00","h":"Sud","s":"25N-H60N200F-81-F2"},{"r":"201","t":"23:36:00","h":"Sud","s":"25N-H60N300F-82-F3"},{"r":"201","t":"23:36:00","h":"Sud","s":"25N-H60N400F-81-F4"},{"r":"201","t":"23:36:00","h":"Sud","s":"25N-H60NV10I-80-I"},{"r":"201","t":"23:36:00","h":"Sud","s":"25N-H60NV20I-80-I"},{"r":"201","t":"23:36:00","h":"Sud","s":"25S-H60S000I-80-I"},{"r":"201","t":"23:36:00","h":"Sud","s":"25S-H60S100F-82-F1"},{"r":"201","t":"23:36:00","h":"Sud","s":"25S-H60S200F-81-F2"},{"r":"201","t":"24:05:00","h":"Sud","s":"25N-H60N000S-80-S"},{"r":"201","t":"24:05:00","h":"Sud","s":"25N-H60N000S-98-S"},{"r":"201","t":"24:05:00","h":"Sud","s":"25N-H60NV10S-98-S"},{"r":"201","t":"24:05:00","h":"Sud","s":"25N-H60NV20S-98-S"},{"r":"201","t":"24:05:00","h":"Sud","s":"25S-H60S000S-80-S"},{"r":"201","t":"24:06:00","h":"Sud","s":"25N-H60N000A-80-A"},{"r":"201","t":"24:06:00","h":"Sud","s":"25N-H60N000I-80-I"},{"r":"201","t":"24:06:00","h":"Sud","s":"25N-H60N100F-81-F1"},{"r":"201","t":"24:06:00","h":"Sud","s":"25N-H60N200F-81-F2"},{"r":"201","t":"24:06:00","h":"Sud","s":"25N-H60N300F-82-F3"},{"r":"201","t":"24:06:00","h":"Sud","s":"25N-H60N400F-81-F4"},{"r":"201","t":"24:06:00","h":"Sud","s":"25N-H60NV10A-80-A"},{"r":"201","t":"24:06:00","h":"Sud","s":"25N-H60NV10I-80-I"},{"r":"201","t":"24:06:00","h":"Sud","s":"25N-H60NV20A-80-A"},{"r":"201","t":"24:06:00","h":"Sud","s":"25N-H60NV20I-80-I"},{"r":"201","t":"24:06:00","h":"Sud","s":"25S-H60S000A-80-A"},{"r":"201","t":"24:06:00","h":"Sud","s":"25S-H60S000I-80-I"},{"r":"201","t":"24:06:00","h":"Sud","s":"25S-H60S100F-82-F1"},{"r":"201","t":"24:06:00","h":"Sud","s":"25S-H60S200F-81-F2"}]