[{"r":"202","t":"05:53:00","h":"Est","s":"25N-H60N000S-80-S"},{"r":"202","t":"05:53:00","h":"Est","s":"25N-H60N000S-98-S"},{"r":"202","t":"05:53:00","h":"Est","s":"25N-H60NV10S-98-S"},{"r":"202","t":"05:53:00","h":"Est","s":"25N-H60NV20S-98-S"},{"r":"202","t":"05:53:00","h":"Est","s":"25S-H60S000S-80-S"},{"r":"202","t":"06:12:00","h":"Est","s":"25N-H60N000A-80-A"},{"r":"202","t":"06:12:00","h":"Est","s":"25N-H60NV10A-80-A"},{"r":"202","t":"06:12:00","h":"Est","s":"25N-H60NV20A-80-A"},{"r":"202","t":"06:12:00","h":"Est","s":"25S-H60S000A-80-A"},{"r":"202","t":"06:20:00","h":"Est","s":"25N-H60N000S-80-S"},{"r":"202","t":"06:20:00","h":"Est","s":"25N-H60N000S-98-S"},{"r":"202","t":"06:20:00","h":"Est","s":"25N-H60NV10S-98-S"},{"r":"202","t":"06:20:00","h":"Est","s":"25N-H60NV20S-98-S"},{"r":"202","t":"06:20:00","h":"Est","s":"25S-H60S000S-80-S"},{"r":"202","t":"06:43:00","h":"Est","s":"25N-H60N000A-80-A"},{"r":"202","t":"06:43:00","h":"Est","s":"25N-H60NV10A-80-A"},{"r":"202","t":"06:43:00","h":"Est","s":"25N-H60NV20A-80-A"},{"r":"202","t":"06:43:00","h":"Est","s":"25S-H60S000A-80-A"},{"r":"202","t":"06:48:00","h":"Est","s":"25N-H60N000S-80-S"},{"r":"202","t":"06:48:00","h":"Est","s":"25N-H60N000S-98-S"},{"r":"202","t":"06:48:00","h":"Est","s":"25N-H60NV10S-98-S"},{"r":"202","t":"06:48:00","h":"Est","s":"25N-H60NV20S-98-S"},{"r":"202","t":"06:48:00","h":"Est","s":"25S-H60S000S-80-S"},{"r":"202","t":"07:09:00","h":"Est","s":"25N-H60N000S-80-S"},{"r":"202","t":"07:09:00","h":"Est","s":"25N-H60N000S-98-S"},{"r":"202","t":"07:09:00","h":"Est","s":"25N-H60NV10S-98-S"},{"r":"202","t":"07:09:00","h":"Est","s":"25N-H60NV20S-98-S"},{"r":"202","t":"07:09:00","h":"Est","s":"25S-H60S000S-80-S"},{"r":"202","t":"07:14:00","h":"Est","s":"25N-H60N000A-80-A"},{"r":"202","t":"07:14:00","h":"Est","s":"25N-H60N000I-80-I"},{"r":"202","t":"07:14:00","h":"Est","s":"25N-H60N100F-81-F1"},{"r":"202","t":"07:14:00","h":"Est","s":"25N-H60N200F-81-F2"},{"r":"202","t":"07:14:00","h":"Est","s":"25N-H60N300F-82-F3"},{"r":"202","t":"07:14:00","h":"Est","s":"25N-H60N400F-81-F4"},{"r":"202","t":"07:14:00","h":"Est","s":"25N-H60NV10A-80-A"},{"r":"202","t":"07:14:00","h":"Est","s":"25N-H60NV10I-80-I"},{"r":"202","t":"07:14:00","h":"Est","s":"25N-H60NV20A-80-A"},{"r":"202","t":"07:14:00","h":"Est","s":"25N-H60NV20I-80-I"},{"r":"202","t":"07:14:00","h":"Est","s":"25S-H60S000A-80-A"},{"r":"202","t":"07:14:00","h":"Est","s":"25S-H60S000I-80-I"},{"r":"202","t":"07:14:00","h":"Est","s":"25S-H60S100F-82-F1"},{"r":"202","t":"07:14:00","h":"Est","s":"25S-H60S200F-81-F2"},{"r":"202","t":"07:33:00","h":"Est","s":"25N-H60N000S-80-S"},{"r":"202","t":"07:33:00","h":"Est","s":"25N-H60N000S-98-S"},{"r":"202","t":"07:33:00","h":"Est","s":"25N-H60NV10S-98-S"},{"r":"202","t":"07:33:00","h":"Est","s":"25N-H60NV20S-98-S"},{"r":"202","t":"07:33:00","h":"Est","s":"25S-H60S000S-80-S"},{"r":"202","t":"07:44:00","h":"Est","s":"25N-H60N000A-80-A"},{"r":"202","t":"07:44:00","h":"Est","s":"25N-H60N000I-80-I"},{"r":"202","t":"07:44:00","h":"Est","s":"25N-H60N100F-81-F1"},{"r":"202","t":"07:44:00","h":"Est","s":"25N-H60N200F-81-F2"},{"r":"202","t":"07:44:00","h":"Est","s":"25N-H60N300F-82-F3"},{"r":"202","t":"07:44:00","h":"Est","s":"25N-H60N400F-81-F4"},{"r":"202","t":"07:44:00","h":"Est","s":"25N-H60NV10A-80-A"},{"r":"202","t":"07:44:00","h":"Est","s":"25N-H60NV10I-80-I"},{"r":"202","t":"07:44:00","h":"Est","s":"25N-H60NV20A-80-A"},{"r":"202","t":"07:44:00","h":"Est","s":"25N-H60NV20I-80-I"},{"r":"202","t":"07:44:00","h":"Est","s":"25S-H60S000A-80-A"},{"r":"202","t":"07:44:00","h":"Est","s":"25S-H60S000I-80-I"},{"r":"202","t":"07:44:00","h":"Est","s":"25S-H60S100F-82-F1"},{"r":"202","t":"07:44:00","h":"Est","s":"25S-H60S200F-81-F2"},{"r":"202","t":"08:00:00","h":"Est","s":"25N-H60N000S-80-S"},{"r":"202","t":"08:00:00","h":"Est","s":"25N-H60N000S-98-S"},{"r":"202","t":"08:00:00","h":"Est","s":"25N-H60NV10S-98-S"},{"r":"202","t":"08:00:00","h":"Est","s":"25N-H60NV20S-98-S"},{"r":"202","t":"08:00:00","h":"Est","s":"25S-H60S000S-80-S"},{"r":"202","t":"08:14:00","h":"Est","s":"25N-H60N000A-80-A"},{"r":"202","t":"08:14:00","h":"Est","s":"25N-H60N000I-80-I"},{"r":"202","t":"08:14:00","h":"Est","s":"25N-H60N100F-81-F1"},{"r":"202","t":"08:14:00","h":"Est","s":"25N-H60N200F-81-F2"},{"r":"202","t":"08:14:00","h":"Est","s":"25N-H60N300F-82-F3"},{"r":"202","t":"08:14:00","h":"Est","s":"25N-H60N400F-81-F4"},{"r":"202","t":"08:14:00","h":"Est","s":"25N-H60NV10A-80-A"},{"r":"202","t":"08:14:00","h":"Est","s":"25N-H60NV10I-80-I"},{"r":"202","t":"08:14:00","h":"Est","s":"25N-H60NV20A-80-A"},{"r":"202","t":"08:14:00","h":"Est","s":"25N-H60NV20I-80-I"},{"r":"202","t":"08:14:00","h":"Est","s":"25S-H60S000A-80-A"},{"r":"202","t":"08:14:00","h":"Est","s":"25S-H60S000I-80-I"},{"r":"202","t":"08:14:00","h":"Est","s":"25S-H60S100F-82-F1"},{"r":"202","t":"08:14:00","h":"Est","s":"25S-H60S200F-81-F2"},{"r":"202","t":"08:27:00","h":"Est","s":"25N-H60N000S-80-S"},{"r":"202","t":"08:27:00","h":"Est","s":"25N-H60N000S-98-S"},{"r":"202","t":"08:27:00","h":"Est","s":"25N-H60NV10S-98-S"},{"r":"202","t":"08:27:00","h":"Est","s":"25N-H60NV20S-98-S"},{"r":"202","t":"08:27:00","h":"Est","s":"25S-H60S000S-80-S"},{"r":"202","t":"08:44:00","h":"Est","s":"25N-H60N000A-80-A"},{"r":"202","t":"08:44:00","h":"Est","s":"25N-H60NV10A-80-A"},{"r":"202","t":"08:44:00","h":"Est","s":"25N-H60NV20A-80-A"},{"r":"202","t":"08:44:00","h":"Est","s":"25S-H60S000A-80-A"},{"r":"202","t":"08:45:00","h":"Est","s":"25N-H60N000I-80-I"},{"r":"202","t":"08:45:00","h":"Est","s":"25N-H60N100F-81-F1"},{"r":"202","t":"08:45:00","h":"Est","s":"25N-H60N200F-81-F2"},{"r":"202","t":"08:45:00","h":"Est","s":"25N-H60N300F-82-F3"},{"r":"202","t":"08:45:00","h":"Est","s":"25N-H60N400F-81-F4"},{"r":"202","t":"08:45:00","h":"Est","s":"25N-H60NV10I-80-I"},{"r":"202","t":"08:45:00","h":"Est","s":"25N-H60NV20I-80-I"},{"r":"202","t":"08:45:00","h":"Est","s":"25S-H60S000I-80-I"},{"r":"202","t":"08:45:00","h":"Est","s":"25S-H60S100F-82-F1"},{"r":"202","t":"08:45:00","h":"Est","s":"25S-H60S200F-81-F2"},{"r":"202","t":"08:55:00","h":"Est","s":"25N-H60N000S-80-S"},{"r":"202","t":"08:55:00","h":"Est","s":"25N-H60N000S-98-S"},{"r":"202","t":"08:55:00","h":"Est","s":"25N-H60NV10S-98-S"},{"r":"202","t":"08:55:00","h":"Est","s":"25N-H60NV20S-98-S"},{"r":"202","t":"08:55:00","h":"Est","s":"25S-H60S000S-80-S"},{"r":"202","t":"09:14:00","h":"Est","s":"25N-H60N000A-80-A"},{"r":"202","t":"09:14:00","h":"Est","s":"25N-H60NV10A-80-A"},{"r":"202","t":"09:14:00","h":"Est","s":"25N-H60NV20A-80-A"},{"r":"202","t":"09:14:00","h":"Est","s":"25S-H60S000A-80-A"},{"r":"202","t":"09:16:00","h":"Est","s":"25N-H60N000I-80-I"},{"r":"202","t":"09:16:00","h":"Est","s":"25N-H60N100F-81-F1"},{"r":"202","t":"09:16:00","h":"Est","s":"25N-H60N200F-81-F2"},{"r":"202","t":"09:16:00","h":"Est","s":"25N-H60N300F-82-F3"},{"r":"202","t":"09:16:00","h":"Est","s":"25N-H60N400F-81-F4"},{"r":"202","t":"09:16:00","h":"Est","s":"25N-H60NV10I-80-I"},{"r":"202","t":"09:16:00","h":"Est","s":"25N-H60NV20I-80-I"},{"r":"202","t":"09:16:00","h":"Est","s":"25S-H60S000I-80-I"},{"r":"202","t":"09:16:00","h":"Est","s":"25S-H60S100F-82-F1"},{"r":"202","t":"09:16:00","h":"Est","s":"25S-H60S200F-81-F2"},{"r":"202","t":"09:23:00","h":"Est","s":"25N-H60N000S-80-S"},{"r":"202","t":"09:23:00","h":"Est","s":"25N-H60N000S-98-S"},{"r":"202","t":"09:23:00","h":"Est","s":"25N-H60NV10S-98-S"},{"r":"202","t":"09:23:00","h":"Est","s":"25N-H60NV20S-98-S"},{"r":"202","t":"09:23:00","h":"Est","s":"25S-H60S000S-80-S"},{"r":"202","t":"09:44:00","h":"Est","s":"25N-H60N000A-80-A"},{"r":"202","t":"09:44:00","h":"Est","s":"25N-H60NV10A-80-A"},{"r":"202","t":"09:44:00","h":"Est","s":"25N-H60NV20A-80-A"},{"r":"202","t":"09:44:00","h":"Est","s":"25S-H60S000A-80-A"},{"r":"202","t":"09:46:00","h":"Est","s":"25N-H60N000I-80-I"},{"r":"202","t":"09:46:00","h":"Est","s":"25N-H60N100F-81-F1"},{"r":"202","t":"09:46:00","h":"Est","s":"25N-H60N200F-81-F2"},{"r":"202","t":"09:46:00","h":"Est","s":"25N-H60N300F-82-F3"},{"r":"202","t":"09:46:00","h":"Est","s":"25N-H60N400F-81-F4"},{"r":"202","t":"09:46:00","h":"Est","s":"25N-H60NV10I-80-I"},{"r":"202","t":"09:46:00","h":"Est","s":"25N-H60NV20I-80-I"},{"r":"202","t":"09:46:00","h":"Est","s":"25S-H60S000I-80-I"},{"r":"202","t":"09:46:00","h":"Est","s":"25S-H60S100F-82-F1"},{"r":"202","t":"09:46:00","h":"Est","s":"25S-H60S200F-81-F2"},{"r":"202","t":"09:47:00","h":"Est","s":"25N-H60N000S-80-S"},{"r":"202","t":"09:47:00","h":"Est","s":"25N-H60N000S-98-S"},{"r":"202","t":"09:47:00","h":"Est","s":"25N-H60NV10S-98-S"},{"r":"202","t":"09:47:00","h":"Est","s":"25N-H60NV20S-98-S"},{"r":"202","t":"09:47:00","h":"Est","s":"25S-H60S000S-80-S"},{"r":"202","t":"10:11:00","h":"Est","s":"25N-H60N000S-80-S"},{"r":"202","t":"10:11:00","h":"Est","s":"25N-H60N000S-98-S"},{"r":"202","t":"10:11:00","h":"Est","s":"25N-H60NV10S-98-S"},{"r":"202","t":"10:11:00","h":"Est","s":"25N-H60NV20S-98-S"},{"r":"202","t":"10:11:00","h":"Est","s":"25S-H60S000S-80-S"},{"r":"202","t":"10:15:00","h":"Est","s":"25N-H60N000A-80-A"},{"r":"202","t":"10:15:00","h":"Est","s":"25N-H60NV10A-80-A"},{"r":"202","t":"10:15:00","h":"Est","s":"25N-H60NV20A-80-A"},{"r":"202","t":"10:15:00","h":"Est","s":"25S-H60S000A-80-A"},{"r":"202","t":"10:17:00","h":"Est","s":"25N-H60N000I-80-I"},{"r":"202","t":"10:17:00","h":"Est","s":"25N-H60N100F-81-F1"},{"r":"202","t":"10:17:00","h":"Est","s":"25N-H60N200F-81-F2"},{"r":"202","t":"10:17:00","h":"Est","s":"25N-H60N300F-82-F3"},{"r":"202","t":"10:17:00","h":"Est","s":"25N-H60N400F-81-F4"},{"r":"202","t":"10:17:00","h":"Est","s":"25N-H60NV10I-80-I"},{"r":"202","t":"10:17:00","h":"Est","s":"25N-H60NV20I-80-I"},{"r":"202","t":"10:17:00","h":"Est","s":"25S-H60S000I-80-I"},{"r":"202","t":"10:17:00","h":"Est","s":"25S-H60S100F-82-F1"},{"r":"202","t":"10:17:00","h":"Est","s":"25S-H60S200F-81-F2"},{"r":"202","t":"10:35:00","h":"Est","s":"25N-H60N000S-80-S"},{"r":"202","t":"10:35:00","h":"Est","s":"25N-H60N000S-98-S"},{"r":"202","t":"10:35:00","h":"Est","s":"25N-H60NV10S-98-S"},{"r":"202","t":"10:35:00","h":"Est","s":"25N-H60NV20S-98-S"},{"r":"202","t":"10:35:00","h":"Est","s":"25S-H60S000S-80-S"},{"r":"202","t":"10:47:00","h":"Est","s":"25N-H60N000A-80-A"},{"r":"202","t":"10:47:00","h":"Est","s":"25N-H60NV10A-80-A"},{"r":"202","t":"10:47:00","h":"Est","s":"25N-H60NV20A-80-A"},{"r":"202","t":"10:47:00","h":"Est","s":"25S-H60S000A-80-A"},{"r":"202","t":"10:48:00","h":"Est","s":"25N-H60N000I-80-I"},{"r":"202","t":"10:48:00","h":"Est","s":"25N-H60N100F-81-F1"},{"r":"202","t":"10:48:00","h":"Est","s":"25N-H60N200F-81-F2"},{"r":"202","t":"10:48:00","h":"Est","s":"25N-H60N300F-82-F3"},{"r":"202","t":"10:48:00","h":"Est","s":"25N-H60N400F-81-F4"},{"r":"202","t":"10:48:00","h":"Est","s":"25N-H60NV10I-80-I"},{"r":"202","t":"10:48:00","h":"Est","s":"25N-H60NV20I-80-I"},{"r":"202","t":"10:48:00","h":"Est","s":"25S-H60S000I-80-I"},{"r":"202","t":"10:48:00","h":"Est","s":"25S-H60S100F-82-F1"},{"r":"202","t":"10:48:00","h":"Est","s":"25S-H60S200F-81-F2"},{"r":"202","t":"11:00:00","h":"Est","s":"25N-H60N000S-80-S"},{"r":"202","t":"11:00:00","h":"Est","s":"25N-H60N000S-98-S"},{"r":"202","t":"11:00:00","h":"Est","s":"25N-H60NV10S-98-S"},{"r":"202","t":"11:00:00","h":"Est","s":"25N-H60NV20S-98-S"},{"r":"202","t":"11:00:00","h":"Est","s":"25S-H60S000S-80-S"},{"r":"202","t":"11:18:00","h":"Est","s":"25N-H60N000A-80-A"},{"r":"202","t":"11:18:00","h":"Est","s":"25N-H60N000I-80-I"},{"r":"202","t":"11:18:00","h":"Est","s":"25N-H60N100F-81-F1"},{"r":"202","t":"11:18:00","h":"Est","s":"25N-H60N200F-81-F2"},{"r":"202","t":"11:18:00","h":"Est","s":"25N-H60N300F-82-F3"},{"r":"202","t":"11:18:00","h":"Est","s":"25N-H60N400F-81-F4"},{"r":"202","t":"11:18:00","h":"Est","s":"25N-H60NV10A-80-A"},{"r":"202","t":"11:18:00","h":"Est","s":"25N-H60NV10I-80-I"},{"r":"202","t":"11:18:00","h":"Est","s":"25N-H60NV20A-80-A"},{"r":"202","t":"11:18:00","h":"Est","s":"25N-H60NV20I-80-I"},{"r":"202","t":"11:18:00","h":"Est","s":"25S-H60S000A-80-A"},{"r":"202","t":"11:18:00","h":"Est","s":"25S-H60S000I-80-I"},{"r":"202","t":"11:18:00","h":"Est","s":"25S-H60S100F-82-F1"},{"r":"202","t":"11:18:00","h":"Est","s":"25S-H60S200F-81-F2"},{"r":"202","t":"11:25:00","h":"Est","s":"25N-H60N000S-80-S"},{"r":"202","t":"11:25:00","h":"Est","s":"25N-H60N000S-98-S"},{"r":"202","t":"11:25:00","h":"Est","s":"25N-H60NV10S-98-S"},{"r":"202","t":"11:25:00","h":"Est","s":"25N-H60NV20S-98-S"},{"r":"202","t":"11:25:00","h":"Est","s":"25S-H60S000S-80-S"},{"r":"202","t":"11:47:00","h":"Est","s":"25N-H60N000I-80-I"},{"r":"202","t":"11:47:00","h":"Est","s":"25N-H60N100F-81-F1"},{"r":"202","t":"11:47:00","h":"Est","s":"25N-H60N200F-81-F2"},{"r":"202","t":"11:47:00","h":"Est","s":"25N-H60N300F-82-F3"},{"r":"202","t":"11:47:00","h":"Est","s":"25N-H60N400F-81-F4"},{"r":"202","t":"11:47:00","h":"Est","s":"25N-H60NV10I-80-I"},{"r":"202","t":"11:47:00","h":"Est","s":"25N-H60NV20I-80-I"},{"r":"202","t":"11:47:00","h":"Est","s":"25S-H60S000I-80-I"},{"r":"202","t":"11:47:00","h":"Est","s":"25S-H60S100F-82-F1"},{"r":"202","t":"11:47:00","h":"Est","s":"25S-H60S200F-81-F2"},{"r":"202","t":"11:48:00","h":"Est","s":"25N-H60N000A-80-A"},{"r":"202","t":"11:48:00","h":"Est","s":"25N-H60NV10A-80-A"},{"r":"202","t":"11:48:00","h":"Est","s":"25N-H60NV20A-80-A"},{"r":"202","t":"11:48:00","h":"Est","s":"25S-H60S000A-80-A"},{"r":"202","t":"11:52:00","h":"Est","s":"25N-H60N000S-80-S"},{"r":"202","t":"11:52:00","h":"Est","s":"25N-H60N000S-98-S"},{"r":"202","t":"11:52:00","h":"Est","s":"25N-H60NV10S-98-S"},{"r":"202","t":"11:52:00","h":"Est","s":"25N-H60NV20S-98-S"},{"r":"202","t":"11:52:00","h":"Est","s":"25S-H60S000S-80-S"},{"r":"202","t":"12:11:00","h":"Est","s":"25N-H60N000A-80-A"},{"r":"202","t":"12:11:00","h":"Est","s":"25N-H60NV10A-80-A"},{"r":"202","t":"12:11:00","h":"Est","s":"25N-H60NV20A-80-A"},{"r":"202","t":"12:11:00","h":"Est","s":"25S-H60S000A-80-A"},{"r":"202","t":"12:16:00","h":"Est","s":"25N-H60N000I-80-I"},{"r":"202","t":"12:16:00","h":"Est","s":"25N-H60N100F-81-F1"},{"r":"202","t":"12:16:00","h":"Est","s":"25N-H60N200F-81-F2"},{"r":"202","t":"12:16:00","h":"Est","s":"25N-H60N300F-82-F3"},{"r":"202","t":"12:16:00","h":"Est","s":"25N-H60N400F-81-F4"},{"r":"202","t":"12:16:00","h":"Est","s":"25N-H60NV10I-80-I"},{"r":"202","t":"12:16:00","h":"Est","s":"25N-H60NV20I-80-I"},{"r":"202","t":"12:16:00","h":"Est","s":"25S-H60S000I-80-I"},{"r":"202","t":"12:16:00","h":"Est","s":"25S-H60S100F-82-F1"},{"r":"202","t":"12:16:00","h":"Est","s":"25S-H60S200F-81-F2"},{"r":"202","t":"12:24:00","h":"Est","s":"25N-H60N000S-80-S"},{"r":"202","t":"12:24:00","h":"Est","s":"25N-H60N000S-98-S"},{"r":"202","t":"12:24:00","h":"Est","s":"25N-H60NV10S-98-S"},{"r":"202","t":"12:24:00","h":"Est","s":"25N-H60NV20S-98-S"},{"r":"202","t":"12:24:00","h":"Est","s":"25S-H60S000S-80-S"},{"r":"202","t":"12:34:00","h":"Est","s":"25N-H60N000A-80-A"},{"r":"202","t":"12:34:00","h":"Est","s":"25N-H60NV10A-80-A"},{"r":"202","t":"12:34:00","h":"Est","s":"25N-H60NV20A-80-A"},{"r":"202","t":"12:34:00","h":"Est","s":"25S-H60S000A-80-A"},{"r":"202","t":"12:45:00","h":"Est","s":"25N-H60N000I-80-I"},{"r":"202","t":"12:45:00","h":"Est","s":"25N-H60N100F-81-F1"},{"r":"202","t":"12:45:00","h":"Est","s":"25N-H60N200F-81-F2"},{"r":"202","t":"12:45:00","h":"Est","s":"25N-H60N300F-82-F3"},{"r":"202","t":"12:45:00","h":"Est","s":"25N-H60N400F-81-F4"},{"r":"202","t":"12:45:00","h":"Est","s":"25N-H60NV10I-80-I"},{"r":"202","t":"12:45:00","h":"Est","s":"25N-H60NV20I-80-I"},{"r":"202","t":"12:45:00","h":"Est","s":"25S-H60S000I-80-I"},{"r":"202","t":"12:45:00","h":"Est","s":"25S-H60S100F-82-F1"},{"r":"202","t":"12:45:00","h":"Est","s":"25S-H60S200F-81-F2"},{"r":"202","t":"12:55:00","h":"Est","s":"25N-H60N000S-80-S"},{"r":"202","t":"12:55:00","h":"Est","s":"25N-H60N000S-98-S"},{"r":"202","t":"12:55:00","h":"Est","s":"25N-H60NV10S-98-S"},{"r":"202","t":"12:55:00","h":"Est","s":"25N-H60NV20S-98-S"},{"r":"202","t":"12:55:00","h":"Est","s":"25S-H60S000S-80-S"},{"r":"202","t":"12:57:00","h":"Est","s":"25N-H60N000A-80-A"},{"r":"202","t":"12:57:00","h":"Est","s":"25N-H60NV10A-80-A"},{"r":"202","t":"12:57:00","h":"Est","s":"25N-H60NV20A-80-A"},{"r":"202","t":"12:57:00","h":"Est","s":"25S-H60S000A-80-A"},{"r":"202","t":"13:16:00","h":"Est","s":"25N-H60N000I-80-I"},{"r":"202","t":"13:16:00","h":"Est","s":"25N-H60N100F-81-F1"},{"r":"202","t":"13:16:00","h":"Est","s":"25N-H60N200F-81-F2"},{"r":"202","t":"13:16:00","h":"Est","s":"25N-H60N300F-82-F3"},{"r":"202","t":"13:16:00","h":"Est","s":"25N-H60N400F-81-F4"},{"r":"202","t":"13:16:00","h":"Est","s":"25N-H60NV10I-80-I"},{"r":"202","t":"13:16:00","h":"Est","s":"25N-H60NV20I-80-I"},{"r":"202","t":"13:16:00","h":"Est","s":"25S-H60S000I-80-I"},{"r":"202","t":"13:16:00","h":"Est","s":"25S-H60S100F-82-F1"},{"r":"202","t":"13:16:00","h":"Est","s":"25S-H60S200F-81-F2"},{"r":"202","t":"13:18:00","h":"Est","s":"25N-H60N000A-80-A"},{"r":"202","t":"13:18:00","h":"Est","s":"25N-H60NV10A-80-A"},{"r":"202","t":"13:18:00","h":"Est","s":"25N-H60NV20A-80-A"},{"r":"202","t":"13:18:00","h":"Est","s":"25S-H60S000A-80-A"},{"r":"202","t":"13:23:00","h":"Est","s":"25N-H60N000S-80-S"},{"r":"202","t":"13:23:00","h":"Est","s":"25N-H60N000S-98-S"},{"r":"202","t":"13:23:00","h":"Est","s":"25N-H60NV10S-98-S"},{"r":"202","t":"13:23:00","h":"Est","s":"25N-H60NV20S-98-S"},{"r":"202","t":"13:23:00","h":"Est","s":"25S-H60S000S-80-S"},{"r":"202","t":"13:42:00","h":"Est","s":"25N-H60N000A-80-A"},{"r":"202","t":"13:42:00","h":"Est","s":"25N-H60NV10A-80-A"},{"r":"202","t":"13:42:00","h":"Est","s":"25N-H60NV20A-80-A"},{"r":"202","t":"13:42:00","h":"Est","s":"25S-H60S000A-80-A"},{"r":"202","t":"13:46:00","h":"Est","s":"25N-H60N000I-80-I"},{"r":"202","t":"13:46:00","h":"Est","s":"25N-H60N100F-81-F1"},{"r":"202","t":"13:46:00","h":"Est","s":"25N-H60N200F-81-F2"},{"r":"202","t":"13:46:00","h":"Est","s":"25N-H60N300F-82-F3"},{"r":"202","t":"13:46:00","h":"Est","s":"25N-H60N400F-81-F4"},{"r":"202","t":"13:46:00","h":"Est","s":"25N-H60NV10I-80-I"},{"r":"202","t":"13:46:00","h":"Est","s":"25N-H60NV20I-80-I"},{"r":"202","t":"13:46:00","h":"Est","s":"25S-H60S000I-80-I"},{"r":"202","t":"13:46:00","h":"Est","s":"25S-H60S100F-82-F1"},{"r":"202","t":"13:46:00","h":"Est","s":"25S-H60S200F-81-F2"},{"r":"202","t":"13:47:00","h":"Est","s":"25N-H60N000S-80-S"},{"r":"202","t":"13:47:00","h":"Est","s":"25N-H60N000S-98-S"},{"r":"202","t":"13:47:00","h":"Est","s":"25N-H60NV10S-98-S"},{"r":"202","t":"13:47:00","h":"Est","s":"25N-H60NV20S-98-S"},{"r":"202","t":"13:47:00","h":"Est","s":"25S-H60S000S-80-S"},{"r":"202","t":"14:06:00","h":"Est","s":"25N-H60N000A-80-A"},{"r":"202","t":"14:06:00","h":"Est","s":"25N-H60NV10A-80-A"},{"r":"202","t":"14:06:00","h":"Est","s":"25N-H60NV20A-80-A"},{"r":"202","t":"14:06:00","h":"Est","s":"25S-H60S000A-80-A"},{"r":"202","t":"14:11:00","h":"Est","s":"25N-H60N000S-80-S"},{"r":"202","t":"14:11:00","h":"Est","s":"25N-H60N000S-98-S"},{"r":"202","t":"14:11:00","h":"Est","s":"25N-H60NV10S-98-S"},{"r":"202","t":"14:11:00","h":"Est","s":"25N-H60NV20S-98-S"},{"r":"202","t":"14:11:00","h":"Est","s":"25S-H60S000S-80-S"},{"r":"202","t":"14:17:00","h":"Est","s":"25N-H60N000I-80-I"},{"r":"202","t":"14:17:00","h":"Est","s":"25N-H60N100F-81-F1"},{"r":"202","t":"14:17:00","h":"Est","s":"25N-H60N200F-81-F2"},{"r":"202","t":"14:17:00","h":"Est","s":"25N-H60N300F-82-F3"},{"r":"202","t":"14:17:00","h":"Est","s":"25N-H60N400F-81-F4"},{"r":"202","t":"14:17:00","h":"Est","s":"25N-H60NV10I-80-I"},{"r":"202","t":"14:17:00","h":"Est","s":"25N-H60NV20I-80-I"},{"r":"202","t":"14:17:00","h":"Est","s":"25S-H60S000I-80-I"},{"r":"202","t":"14:17:00","h":"Est","s":"25S-H60S100F-82-F1"},{"r":"202","t":"14:17:00","h":"Est","s":"25S-H60S200F-81-F2"},{"r":"202","t":"14:29:00","h":"Est","s":"25N-H60N000A-80-A"},{"r":"202","t":"14:29:00","h":"Est","s":"25N-H60NV10A-80-A"},{"r":"202","t":"14:29:00","h":"Est","s":"25N-H60NV20A-80-A"},{"r":"202","t":"14:29:00","h":"Est","s":"25S-H60S000A-80-A"},{"r":"202","t":"14:39:00","h":"Est","s":"25N-H60N000S-80-S"},{"r":"202","t":"14:39:00","h":"Est","s":"25N-H60N000S-98-S"},{"r":"202","t":"14:39:00","h":"Est","s":"25N-H60NV10S-98-S"},{"r":"202","t":"14:39:00","h":"Est","s":"25N-H60NV20S-98-S"},{"r":"202","t":"14:39:00","h":"Est","s":"25S-H60S000S-80-S"},{"r":"202","t":"14:48:00","h":"Est","s":"25N-H60N000I-80-I"},{"r":"202","t":"14:48:00","h":"Est","s":"25N-H60N100F-81-F1"},{"r":"202","t":"14:48:00","h":"Est","s":"25N-H60N200F-81-F2"},{"r":"202","t":"14:48:00","h":"Est","s":"25N-H60N300F-82-F3"},{"r":"202","t":"14:48:00","h":"Est","s":"25N-H60N400F-81-F4"},{"r":"202","t":"14:48:00","h":"Est","s":"25N-H60NV10I-80-I"},{"r":"202","t":"14:48:00","h":"Est","s":"25N-H60NV20I-80-I"},{"r":"202","t":"14:48:00","h":"Est","s":"25S-H60S000I-80-I"},{"r":"202","t":"14:48:00","h":"Est","s":"25S-H60S100F-82-F1"},{"r":"202","t":"14:48:00","h":"Est","s":"25S-H60S200F-81-F2"},{"r":"202","t":"14:52:00","h":"Est","s":"25N-H60N000A-80-A"},{"r":"202","t":"14:52:00","h":"Est","s":"25N-H60NV10A-80-A"},{"r":"202","t":"14:52:00","h":"Est","s":"25N-H60NV20A-80-A"},{"r":"202","t":"14:52:00","h":"Est","s":"25S-H60S000A-80-A"},{"r":"202","t":"15:06:00","h":"Est","s":"25N-H60N000S-80-S"},{"r":"202","t":"15:06:00","h":"Est","s":"25N-H60N000S-98-S"},{"r":"202","t":"15:06:00","h":"Est","s":"25N-H60NV10S-98-S"},{"r":"202","t":"15:06:00","h":"Est","s":"25N-H60NV20S-98-S"},{"r":"202","t":"15:06:00","h":"Est","s":"25S-H60S000S-80-S"},{"r":"202","t":"15:15:00","h":"Est","s":"25N-H60N000A-80-A"},{"r":"202","t":"15:15:00","h":"Est","s":"25N-H60NV10A-80-A"},{"r":"202","t":"15:15:00","h":"Est","s":"25N-H60NV20A-80-A"},{"r":"202","t":"15:15:00","h":"Est","s":"25S-H60S000A-80-A"},{"r":"202","t":"15:19:00","h":"Est","s":"25N-H60N000I-80-I"},{"r":"202","t":"15:19:00","h":"Est","s":"25N-H60N100F-81-F1"},{"r":"202","t":"15:19:00","h":"Est","s":"25N-H60N200F-81-F2"},{"r":"202","t":"15:19:00","h":"Est","s":"25N-H60N300F-82-F3"},{"r":"202","t":"15:19:00","h":"Est","s":"25N-H60N400F-81-F4"},{"r":"202","t":"15:19:00","h":"Est","s":"25N-H60NV10I-80-I"},{"r":"202","t":"15:19:00","h":"Est","s":"25N-H60NV20I-80-I"},{"r":"202","t":"15:19:00","h":"Est","s":"25S-H60S000I-80-I"},{"r":"202","t":"15:19:00","h":"Est","s":"25S-H60S100F-82-F1"},{"r":"202","t":"15:19:00","h":"Est","s":"25S-H60S200F-81-F2"},{"r":"202","t":"15:35:00","h":"Est","s":"25N-H60N000S-80-S"},{"r":"202","t":"15:35:00","h":"Est","s":"25N-H60N000S-98-S"},{"r":"202","t":"15:35:00","h":"Est","s":"25N-H60NV10S-98-S"},{"r":"202","t":"15:35:00","h":"Est","s":"25N-H60NV20S-98-S"},{"r":"202","t":"15:35:00","h":"Est","s":"25S-H60S000S-80-S"},{"r":"202","t":"15:38:00","h":"Est","s":"25N-H60N000A-80-A"},{"r":"202","t":"15:38:00","h":"Est","s":"25N-H60NV10A-80-A"},{"r":"202","t":"15:38:00","h":"Est","s":"25N-H60NV20A-80-A"},{"r":"202","t":"15:38:00","h":"Est","s":"25S-H60S000A-80-A"},{"r":"202","t":"15:50:00","h":"Est","s":"25N-H60N000I-80-I"},{"r":"202","t":"15:50:00","h":"Est","s":"25N-H60N100F-81-F1"},{"r":"202","t":"15:50:00","h":"Est","s":"25N-H60N200F-81-F2"},{"r":"202","t":"15:50:00","h":"Est","s":"25N-H60N300F-82-F3"},{"r":"202","t":"15:50:00","h":"Est","s":"25N-H60N400F-81-F4"},{"r":"202","t":"15:50:00","h":"Est","s":"25N-H60NV10I-80-I"},{"r":"202","t":"15:50:00","h":"Est","s":"25N-H60NV20I-80-I"},{"r":"202","t":"15:50:00","h":"Est","s":"25S-H60S000I-80-I"},{"r":"202","t":"15:50:00","h":"Est","s":"25S-H60S100F-82-F1"},{"r":"202","t":"15:50:00","h":"Est","s":"25S-H60S200F-81-F2"},{"r":"202","t":"15:55:00","h":"Est","s":"25N-H60N000A-80-A"},{"r":"202","t":"15:55:00","h":"Est","s":"25N-H60NV10A-80-A"},{"r":"202","t":"15:55:00","h":"Est","s":"25N-H60NV20A-80-A"},{"r":"202","t":"15:55:00","h":"Est","s":"25S-H60S000A-80-A"},{"r":"202","t":"16:05:00","h":"Est","s":"25N-H60N000S-80-S"},{"r":"202","t":"16:05:00","h":"Est","s":"25N-H60N000S-98-S"},{"r":"202","t":"16:05:00","h":"Est","s":"25N-H60NV10S-98-S"},{"r":"202","t":"16:05:00","h":"Est","s":"25N-H60NV20S-98-S"},{"r":"202","t":"16:05:00","h":"Est","s":"25S-H60S000S-80-S"},{"r":"202","t":"16:12:00","h":"Est","s":"25N-H60N000A-80-A"},{"r":"202","t":"16:12:00","h":"Est","s":"25N-H60NV10A-80-A"},{"r":"202","t":"16:12:00","h":"Est","s":"25N-H60NV20A-80-A"},{"r":"202","t":"16:12:00","h":"Est","s":"25S-H60S000A-80-A"},{"r":"202","t":"16:22:00","h":"Est","s":"25N-H60N000I-80-I"},{"r":"202","t":"16:22:00","h":"Est","s":"25N-H60N100F-81-F1"},{"r":"202","t":"16:22:00","h":"Est","s":"25N-H60N200F-81-F2"},{"r":"202","t":"16:22:00","h":"Est","s":"25N-H60N300F-82-F3"},{"r":"202","t":"16:22:00","h":"Est","s":"25N-H60N400F-81-F4"},{"r":"202","t":"16:22:00","h":"Est","s":"25N-H60NV10I-80-I"},{"r":"202","t":"16:22:00","h":"Est","s":"25N-H60NV20I-80-I"},{"r":"202","t":"16:22:00","h":"Est","s":"25S-H60S000I-80-I"},{"r":"202","t":"16:22:00","h":"Est","s":"25S-H60S100F-82-F1"},{"r":"202","t":"16:22:00","h":"Est","s":"25S-H60S200F-81-F2"},{"r":"202","t":"16:31:00","h":"Est","s":"25N-H60N000A-80-A"},{"r":"202","t":"16:31:00","h":"Est","s":"25N-H60NV10A-80-A"},{"r":"202","t":"16:31:00","h":"Est","s":"25N-H60NV20A-80-A"},{"r":"202","t":"16:31:00","h":"Est","s":"25S-H60S000A-80-A"},{"r":"202","t":"16:33:00","h":"Est","s":"25N-H60N000S-80-S"},{"r":"202","t":"16:33:00","h":"Est","s":"25N-H60N000S-98-S"},{"r":"202","t":"16:33:00","h":"Est","s":"25N-H60NV10S-98-S"},{"r":"202","t":"16:33:00","h":"Est","s":"25N-H60NV20S-98-S"},{"r":"202","t":"16:33:00","h":"Est","s":"25S-H60S000S-80-S"},{"r":"202","t":"16:50:00","h":"Est","s":"25N-H60N000A-80-A"},{"r":"202","t":"16:50:00","h":"Est","s":"25N-H60NV10A-80-A"},{"r":"202","t":"16:50:00","h":"Est","s":"25N-H60NV20A-80-A"},{"r":"202","t":"16:50:00","h":"Est","s":"25S-H60S000A-80-A"},{"r":"202","t":"16:54:00","h":"Est","s":"25N-H60N000I-80-I"},{"r":"202","t":"16:54:00","h":"Est","s":"25N-H60N100F-81-F1"},{"r":"202","t":"16:54:00","h":"Est","s":"25N-H60N200F-81-F2"},{"r":"202","t":"16:54:00","h":"Est","s":"25N-H60N300F-82-F3"},{"r":"202","t":"16:54:00","h":"Est","s":"25N-H60N400F-81-F4"},{"r":"202","t":"16:54:00","h":"Est","s":"25N-H60NV10I-80-I"},{"r":"202","t":"16:54:00","h":"Est","s":"25N-H60NV20I-80-I"},{"r":"202","t":"16:54:00","h":"Est","s":"25S-H60S000I-80-I"},{"r":"202","t":"16:54:00","h":"Est","s":"25S-H60S100F-82-F1"},{"r":"202","t":"16:54:00","h":"Est","s":"25S-H60S200F-81-F2"},{"r":"202","t":"17:06:00","h":"Est","s":"25N-H50N000S-80-S"},{"r":"202","t":"17:06:00","h":"Est","s":"25N-H50N000S-90-S"},{"r":"202","t":"17:06:00","h":"Est","s":"25N-H50NV10S-90-S"},{"r":"202","t":"17:06:00","h":"Est","s":"25N-H50NV20S-90-S"},{"r":"202","t":"17:06:00","h":"Est","s":"25S-H50S000S-81-S"},{"r":"202","t":"17:11:00","h":"Est","s":"25N-H60N000A-80-A"},{"r":"202","t":"17:11:00","h":"Est","s":"25N-H60NV10A-80-A"},{"r":"202","t":"17:11:00","h":"Est","s":"25N-H60NV20A-80-A"},{"r":"202","t":"17:11:00","h":"Est","s":"25S-H60S000A-80-A"},{"r":"202","t":"17:26:00","h":"Est","s":"25N-H60N000I-80-I"},{"r":"202","t":"17:26:00","h":"Est","s":"25N-H60N100F-81-F1"},{"r":"202","t":"17:26:00","h":"Est","s":"25N-H60N200F-81-F2"},{"r":"202","t":"17:26:00","h":"Est","s":"25N-H60N300F-82-F3"},{"r":"202","t":"17:26:00","h":"Est","s":"25N-H60N400F-81-F4"},{"r":"202","t":"17:26:00","h":"Est","s":"25N-H60NV10I-80-I"},{"r":"202","t":"17:26:00","h":"Est","s":"25N-H60NV20I-80-I"},{"r":"202","t":"17:26:00","h":"Est","s":"25S-H60S000I-80-I"},{"r":"202","t":"17:26:00","h":"Est","s":"25S-H60S100F-82-F1"},{"r":"202","t":"17:26:00","h":"Est","s":"25S-H60S200F-81-F2"},{"r":"202","t":"17:34:00","h":"Est","s":"25N-H60N000A-80-A"},{"r":"202","t":"17:34:00","h":"Est","s":"25N-H60NV10A-80-A"},{"r":"202","t":"17:34:00","h":"Est","s":"25N-H60NV20A-80-A"},{"r":"202","t":"17:34:00","h":"Est","s":"25S-H60S000A-80-A"},{"r":"202","t":"17:38:00","h":"Est","s":"25N-H60N000S-80-S"},{"r":"202","t":"17:38:00","h":"Est","s":"25N-H60N000S-98-S"},{"r":"202","t":"17:38:00","h":"Est","s":"25N-H60NV10S-98-S"},{"r":"202","t":"17:38:00","h":"Est","s":"25N-H60NV20S-98-S"},{"r":"202","t":"17:38:00","h":"Est","s":"25S-H60S000S-80-S"},{"r":"202","t":"17:58:00","h":"Est","s":"25N-H60N000A-80-A"},{"r":"202","t":"17:58:00","h":"Est","s":"25N-H60N000I-80-I"},{"r":"202","t":"17:58:00","h":"Est","s":"25N-H60N100F-81-F1"},{"r":"202","t":"17:58:00","h":"Est","s":"25N-H60N200F-81-F2"},{"r":"202","t":"17:58:00","h":"Est","s":"25N-H60N300F-82-F3"},{"r":"202","t":"17:58:00","h":"Est","s":"25N-H60N400F-81-F4"},{"r":"202","t":"17:58:00","h":"Est","s":"25N-H60NV10A-80-A"},{"r":"202","t":"17:58:00","h":"Est","s":"25N-H60NV10I-80-I"},{"r":"202","t":"17:58:00","h":"Est","s":"25N-H60NV20A-80-A"},{"r":"202","t":"17:58:00","h":"Est","s":"25N-H60NV20I-80-I"},{"r":"202","t":"17:58:00","h":"Est","s":"25S-H60S000A-80-A"},{"r":"202","t":"17:58:00","h":"Est","s":"25S-H60S000I-80-I"},{"r":"202","t":"17:58:00","h":"Est","s":"25S-H60S100F-82-F1"},{"r":"202","t":"17:58:00","h":"Est","s":"25S-H60S200F-81-F2"},{"r":"202","t":"18:09:00","h":"Est","s":"25N-H60N000S-80-S"},{"r":"202","t":"18:09:00","h":"Est","s":"25N-H60N000S-98-S"},{"r":"202","t":"18:09:00","h":"Est","s":"25N-H60NV10S-98-S"},{"r":"202","t":"18:09:00","h":"Est","s":"25N-H60NV20S-98-S"},{"r":"202","t":"18:09:00","h":"Est","s":"25S-H60S000S-80-S"},{"r":"202","t":"18:24:00","h":"Est","s":"25N-H60N000A-80-A"},{"r":"202","t":"18:24:00","h":"Est","s":"25N-H60NV10A-80-A"},{"r":"202","t":"18:24:00","h":"Est","s":"25N-H60NV20A-80-A"},{"r":"202","t":"18:24:00","h":"Est","s":"25S-H60S000A-80-A"},{"r":"202","t":"18:29:00","h":"Est","s":"25N-H60N000I-80-I"},{"r":"202","t":"18:29:00","h":"Est","s":"25N-H60N100F-81-F1"},{"r":"202","t":"18:29:00","h":"Est","s":"25N-H60N200F-81-F2"},{"r":"202","t":"18:29:00","h":"Est","s":"25N-H60N300F-82-F3"},{"r":"202","t":"18:29:00","h":"Est","s":"25N-H60N400F-81-F4"},{"r":"202","t":"18:29:00","h":"Est","s":"25N-H60NV10I-80-I"},{"r":"202","t":"18:29:00","h":"Est","s":"25N-H60NV20I-80-I"},{"r":"202","t":"18:29:00","h":"Est","s":"25S-H60S000I-80-I"},{"r":"202","t":"18:29:00","h":"Est","s":"25S-H60S100F-82-F1"},{"r":"202","t":"18:29:00","h":"Est","s":"25S-H60S200F-81-F2"},{"r":"202","t":"18:38:00","h":"Est","s":"25N-H60N000S-80-S"},{"r":"202","t":"18:38:00","h":"Est","s":"25N-H60N000S-98-S"},{"r":"202","t":"18:38:00","h":"Est","s":"25N-H60NV10S-98-S"},{"r":"202","t":"18:38:00","h":"Est","s":"25N-H60NV20S-98-S"},{"r":"202","t":"18:38:00","h":"Est","s":"25S-H60S000S-80-S"},{"r":"202","t":"18:49:00","h":"Est","s":"25N-H60N000A-80-A"},{"r":"202","t":"18:49:00","h":"Est","s":"25N-H60NV10A-80-A"},{"r":"202","t":"18:49:00","h":"Est","s":"25N-H60NV20A-80-A"},{"r":"202","t":"18:49:00","h":"Est","s":"25S-H60S000A-80-A"},{"r":"202","t":"19:00:00","h":"Est","s":"25N-H60N000I-80-I"},{"r":"202","t":"19:00:00","h":"Est","s":"25N-H60N100F-81-F1"},{"r":"202","t":"19:00:00","h":"Est","s":"25N-H60N200F-81-F2"},{"r":"202","t":"19:00:00","h":"Est","s":"25N-H60N300F-82-F3"},{"r":"202","t":"19:00:00","h":"Est","s":"25N-H60N400F-81-F4"},{"r":"202","t":"19:00:00","h":"Est","s":"25N-H60NV10I-80-I"},{"r":"202","t":"19:00:00","h":"Est","s":"25N-H60NV20I-80-I"},{"r":"202","t":"19:00:00","h":"Est","s":"25S-H60S000I-80-I"},{"r":"202","t":"19:00:00","h":"Est","s":"25S-H60S100F-82-F1"},{"r":"202","t":"19:00:00","h":"Est","s":"25S-H60S200F-81-F2"},{"r":"202","t":"19:07:00","h":"Est","s":"25N-H60N000S-80-S"},{"r":"202","t":"19:07:00","h":"Est","s":"25N-H60N000S-98-S"},{"r":"202","t":"19:07:00","h":"Est","s":"25N-H60NV10S-98-S"},{"r":"202","t":"19:07:00","h":"Est","s":"25N-H60NV20S-98-S"},{"r":"202","t":"19:07:00","h":"Est","s":"25S-H60S000S-80-S"},{"r":"202","t":"19:19:00","h":"Est","s":"25N-H60N000A-80-A"},{"r":"202","t":"19:19:00","h":"Est","s":"25N-H60NV10A-80-A"},{"r":"202","t":"19:19:00","h":"Est","s":"25N-H60NV20A-80-A"},{"r":"202","t":"19:19:00","h":"Est","s":"25S-H60S000A-80-A"},{"r":"202","t":"19:30:00","h":"Est","s":"25N-H60N000I-80-I"},{"r":"202","t":"19:30:00","h":"Est","s":"25N-H60N100F-81-F1"},{"r":"202","t":"19:30:00","h":"Est","s":"25N-H60N200F-81-F2"},{"r":"202","t":"19:30:00","h":"Est","s":"25N-H60N300F-82-F3"},{"r":"202","t":"19:30:00","h":"Est","s":"25N-H60N400F-81-F4"},{"r":"202","t":"19:30:00","h":"Est","s":"25N-H60NV10I-80-I"},{"r":"202","t":"19:30:00","h":"Est","s":"25N-H60NV20I-80-I"},{"r":"202","t":"19:30:00","h":"Est","s":"25S-H60S000I-80-I"},{"r":"202","t":"19:30:00","h":"Est","s":"25S-H60S100F-82-F1"},{"r":"202","t":"19:30:00","h":"Est","s":"25S-H60S200F-81-F2"},{"r":"202","t":"19:36:00","h":"Est","s":"25N-H60N000S-80-S"},{"r":"202","t":"19:36:00","h":"Est","s":"25N-H60N000S-98-S"},{"r":"202","t":"19:36:00","h":"Est","s":"25N-H60NV10S-98-S"},{"r":"202","t":"19:36:00","h":"Est","s":"25N-H60NV20S-98-S"},{"r":"202","t":"19:36:00","h":"Est","s":"25S-H60S000S-80-S"},{"r":"202","t":"19:50:00","h":"Est","s":"25N-H60N000A-80-A"},{"r":"202","t":"19:50:00","h":"Est","s":"25N-H60NV10A-80-A"},{"r":"202","t":"19:50:00","h":"Est","s":"25N-H60NV20A-80-A"},{"r":"202","t":"19:50:00","h":"Est","s":"25S-H60S000A-80-A"},{"r":"202","t":"19:59:00","h":"Est","s":"25N-H60N000I-80-I"},{"r":"202","t":"19:59:00","h":"Est","s":"25N-H60N100F-81-F1"},{"r":"202","t":"19:59:00","h":"Est","s":"25N-H60N200F-81-F2"},{"r":"202","t":"19:59:00","h":"Est","s":"25N-H60N300F-82-F3"},{"r":"202","t":"19:59:00","h":"Est","s":"25N-H60N400F-81-F4"},{"r":"202","t":"19:59:00","h":"Est","s":"25N-H60NV10I-80-I"},{"r":"202","t":"19:59:00","h":"Est","s":"25N-H60NV20I-80-I"},{"r":"202","t":"19:59:00","h":"Est","s":"25S-H60S000I-80-I"},{"r":"202","t":"19:59:00","h":"Est","s":"25S-H60S100F-82-F1"},{"r":"202","t":"19:59:00","h":"Est","s":"25S-H60S200F-81-F2"},{"r":"202","t":"20:03:00","h":"Est","s":"25N-H60N000S-80-S"},{"r":"202","t":"20:03:00","h":"Est","s":"25N-H60N000S-98-S"},{"r":"202","t":"20:03:00","h":"Est","s":"25N-H60NV10S-98-S"},{"r":"202","t":"20:03:00","h":"Est","s":"25N-H60NV20S-98-S"},{"r":"202","t":"20:03:00","h":"Est","s":"25S-H60S000S-80-S"},{"r":"202","t":"20:20:00","h":"Est","s":"25N-H60N000A-80-A"},{"r":"202","t":"20:20:00","h":"Est","s":"25N-H60NV10A-80-A"},{"r":"202","t":"20:20:00","h":"Est","s":"25N-H60NV20A-80-A"},{"r":"202","t":"20:20:00","h":"Est","s":"25S-H60S000A-80-A"},{"r":"202","t":"20:27:00","h":"Est","s":"25N-H60N000I-80-I"},{"r":"202","t":"20:27:00","h":"Est","s":"25N-H60N100F-81-F1"},{"r":"202","t":"20:27:00","h":"Est","s":"25N-H60N200F-81-F2"},{"r":"202","t":"20:27:00","h":"Est","s":"25N-H60N300F-82-F3"},{"r":"202","t":"20:27:00","h":"Est","s":"25N-H60N400F-81-F4"},{"r":"202","t":"20:27:00","h":"Est","s":"25N-H60NV10I-80-I"},{"r":"202","t":"20:27:00","h":"Est","s":"25N-H60NV20I-80-I"},{"r":"202","t":"20:27:00","h":"Est","s":"25S-H60S000I-80-I"},{"r":"202","t":"20:27:00","h":"Est","s":"25S-H60S100F-82-F1"},{"r":"202","t":"20:27:00","h":"Est","s":"25S-H60S200F-81-F2"},{"r":"202","t":"20:30:00","h":"Est","s":"25N-H60N000S-80-S"},{"r":"202","t":"20:30:00","h":"Est","s":"25N-H60N000S-98-S"},{"r":"202","t":"20:30:00","h":"Est","s":"25N-H60NV10S-98-S"},{"r":"202","t":"20:30:00","h":"Est","s":"25N-H60NV20S-98-S"},{"r":"202","t":"20:30:00","h":"Est","s":"25S-H60S000S-80-S"},{"r":"202","t":"20:51:00","h":"Est","s":"25N-H60N000A-80-A"},{"r":"202","t":"20:51:00","h":"Est","s":"25N-H60NV10A-80-A"},{"r":"202","t":"20:51:00","h":"Est","s":"25N-H60NV20A-80-A"},{"r":"202","t":"20:51:00","h":"Est","s":"25S-H60S000A-80-A"},{"r":"202","t":"20:56:00","h":"Est","s":"25N-H60N000I-80-I"},{"r":"202","t":"20:56:00","h":"Est","s":"25N-H60N100F-81-F1"},{"r":"202","t":"20:56:00","h":"Est","s":"25N-H60N200F-81-F2"},{"r":"202","t":"20:56:00","h":"Est","s":"25N-H60N300F-82-F3"},{"r":"202","t":"20:56:00","h":"Est","s":"25N-H60N400F-81-F4"},{"r":"202","t":"20:56:00","h":"Est","s":"25N-H60NV10I-80-I"},{"r":"202","t":"20:56:00","h":"Est","s":"25N-H60NV20I-80-I"},{"r":"202","t":"20:56:00","h":"Est","s":"25S-H60S000I-80-I"},{"r":"202","t":"20:56:00","h":"Est","s":"25S-H60S100F-82-F1"},{"r":"202","t":"20:56:00","h":"Est","s":"25S-H60S200F-81-F2"},{"r":"202","t":"20:57:00","h":"Est","s":"25N-H60N000S-80-S"},{"r":"202","t":"20:57:00","h":"Est","s":"25N-H60N000S-98-S"},{"r":"202","t":"20:57:00","h":"Est","s":"25N-H60NV10S-98-S"},{"r":"202","t":"20:57:00","h":"Est","s":"25N-H60NV20S-98-S"},{"r":"202","t":"20:57:00","h":"Est","s":"25S-H60S000S-80-S"},{"r":"202","t":"21:19:00","h":"Est","s":"25N-H60N000A-80-A"},{"r":"202","t":"21:19:00","h":"Est","s":"25N-H60NV10A-80-A"},{"r":"202","t":"21:19:00","h":"Est","s":"25N-H60NV20A-80-A"},{"r":"202","t":"21:19:00","h":"Est","s":"25S-H60S000A-80-A"},{"r":"202","t":"21:24:00","h":"Est","s":"25N-H60N000S-80-S"},{"r":"202","t":"21:24:00","h":"Est","s":"25N-H60N000S-98-S"},{"r":"202","t":"21:24:00","h":"Est","s":"25N-H60NV10S-98-S"},{"r":"202","t":"21:24:00","h":"Est","s":"25N-H60NV20S-98-S"},{"r":"202","t":"21:24:00","h":"Est","s":"25S-H60S000S-80-S"},{"r":"202","t":"21:25:00","h":"Est","s":"25N-H60N000I-80-I"},{"r":"202","t":"21:25:00","h":"Est","s":"25N-H60N100F-81-F1"},{"r":"202","t":"21:25:00","h":"Est","s":"25N-H60N200F-81-F2"},{"r":"202","t":"21:25:00","h":"Est","s":"25N-H60N300F-82-F3"},{"r":"202","t":"21:25:00","h":"Est","s":"25N-H60N400F-81-F4"},{"r":"202","t":"21:25:00","h":"Est","s":"25N-H60NV10I-80-I"},{"r":"202","t":"21:25:00","h":"Est","s":"25N-H60NV20I-80-I"},{"r":"202","t":"21:25:00","h":"Est","s":"25S-H60S000I-80-I"},{"r":"202","t":"21:25:00","h":"Est","s":"25S-H60S100F-82-F1"},{"r":"202","t":"21:25:00","h":"Est","s":"25S-H60S200F-81-F2"},{"r":"202","t":"21:48:00","h":"Est","s":"25N-H60N000A-80-A"},{"r":"202","t":"21:48:00","h":"Est","s":"25N-H60NV10A-80-A"},{"r":"202","t":"21:48:00","h":"Est","s":"25N-H60NV20A-80-A"},{"r":"202","t":"21:48:00","h":"Est","s":"25S-H60S000A-80-A"},{"r":"202","t":"21:50:00","h":"Est","s":"25N-H60N000S-80-S"},{"r":"202","t":"21:50:00","h":"Est","s":"25N-H60N000S-98-S"},{"r":"202","t":"21:50:00","h":"Est","s":"25N-H60NV10S-98-S"},{"r":"202","t":"21:50:00","h":"Est","s":"25N-H60NV20S-98-S"},{"r":"202","t":"21:50:00","h":"Est","s":"25S-H60S000S-80-S"},{"r":"202","t":"21:54:00","h":"Est","s":"25N-H60N000I-80-I"},{"r":"202","t":"21:54:00","h":"Est","s":"25N-H60N100F-81-F1"},{"r":"202","t":"21:54:00","h":"Est","s":"25N-H60N200F-81-F2"},{"r":"202","t":"21:54:00","h":"Est","s":"25N-H60N300F-82-F3"},{"r":"202","t":"21:54:00","h":"Est","s":"25N-H60N400F-81-F4"},{"r":"202","t":"21:54:00","h":"Est","s":"25N-H60NV10I-80-I"},{"r":"202","t":"21:54:00","h":"Est","s":"25N-H60NV20I-80-I"},{"r":"202","t":"21:54:00","h":"Est","s":"25S-H60S000I-80-I"},{"r":"202","t":"21:54:00","h":"Est","s":"25S-H60S100F-82-F1"},{"r":"202","t":"21:54:00","h":"Est","s":"25S-H60S200F-81-F2"},{"r":"202","t":"22:17:00","h":"Est","s":"25N-H60N000A-80-A"},{"r":"202","t":"22:17:00","h":"Est","s":"25N-H60N000S-80-S"},{"r":"202","t":"22:17:00","h":"Est","s":"25N-H60N000S-98-S"},{"r":"202","t":"22:17:00","h":"Est","s":"25N-H60NV10A-80-A"},{"r":"202","t":"22:17:00","h":"Est","s":"25N-H60NV10S-98-S"},{"r":"202","t":"22:17:00","h":"Est","s":"25N-H60NV20A-80-A"},{"r":"202","t":"22:17:00","h":"Est","s":"25N-H60NV20S-98-S"},{"r":"202","t":"22:17:00","h":"Est","s":"25S-H60S000A-80-A"},{"r":"202","t":"22:17:00","h":"Est","s":"25S-H60S000S-80-S"},{"r":"202","t":"22:22:00","h":"Est","s":"25N-H60N000I-80-I"},{"r":"202","t":"22:22:00","h":"Est","s":"25N-H60N100F-81-F1"},{"r":"202","t":"22:22:00","h":"Est","s":"25N-H60N200F-81-F2"},{"r":"202","t":"22:22:00","h":"Est","s":"25N-H60N300F-82-F3"},{"r":"202","t":"22:22:00","h":"Est","s":"25N-H60N400F-81-F4"},{"r":"202","t":"22:22:00","h":"Est","s":"25N-H60NV10I-80-I"},{"r":"202","t":"22:22:00","h":"Est","s":"25N-H60NV20I-80-I"},{"r":"202","t":"22:22:00","h":"Est","s":"25S-H60S000I-80-I"},{"r":"202","t":"22:22:00","h":"Est","s":"25S-H60S100F-82-F1"},{"r":"202","t":"22:22:00","h":"Est","s":"25S-H60S200F-81-F2"},{"r":"202","t":"22:44:00","h":"Est","s":"25N-H60N000S-80-S"},{"r":"202","t":"22:44:00","h":"Est","s":"25N-H60N000S-98-S"},{"r":"202","t":"22:44:00","h":"Est","s":"25N-H60NV10S-98-S"},{"r":"202","t":"22:44:00","h":"Est","s":"25N-H60NV20S-98-S"},{"r":"202","t":"22:44:00","h":"Est","s":"25S-H60S000S-80-S"},{"r":"202","t":"22:48:00","h":"Est","s":"25N-H60N000A-80-A"},{"r":"202","t":"22:48:00","h":"Est","s":"25N-H60NV10A-80-A"},{"r":"202","t":"22:48:00","h":"Est","s":"25N-H60NV20A-80-A"},{"r":"202","t":"22:48:00","h":"Est","s":"25S-H60S000A-80-A"},{"r":"202","t":"22:50:00","h":"Est","s":"25N-H60N000I-80-I"},{"r":"202","t":"22:50:00","h":"Est","s":"25N-H60N100F-81-F1"},{"r":"202","t":"22:50:00","h":"Est","s":"25N-H60N200F-81-F2"},{"r":"202","t":"22:50:00","h":"Est","s":"25N-H60N300F-82-F3"},{"r":"202","t":"22:50:00","h":"Est","s":"25N-H60N400F-81-F4"},{"r":"202","t":"22:50:00","h":"Est","s":"25N-H60NV10I-80-I"},{"r":"202","t":"22:50:00","h":"Est","s":"25N-H60NV20I-80-I"},{"r":"202","t":"22:50:00","h":"Est","s":"25S-H60S000I-80-I"},{"r":"202","t":"22:50:00","h":"Est","s":"25S-H60S100F-82-F1"},{"r":"202","t":"22:50:00","h":"Est","s":"25S-H60S200F-81-F2"},{"r":"202","t":"23:11:00","h":"Est","s":"25N-H60N000S-80-S"},{"r":"202","t":"23:11:00","h":"Est","s":"25N-H60N000S-98-S"},{"r":"202","t":"23:11:00","h":"Est","s":"25N-H60NV10S-98-S"},{"r":"202","t":"23:11:00","h":"Est","s":"25N-H60NV20S-98-S"},{"r":"202","t":"23:11:00","h":"Est","s":"25S-H60S000S-80-S"},{"r":"202","t":"23:16:00","h":"Est","s":"25N-H60N000A-80-A"},{"r":"202","t":"23:16:00","h":"Est","s":"25N-H60NV10A-80-A"},{"r":"202","t":"23:16:00","h":"Est","s":"25N-H60NV20A-80-A"},{"r":"202","t":"23:16:00","h":"Est","s":"25S-H60S000A-80-A"},{"r":"202","t":"23:18:00","h":"Est","s":"25N-H60N000I-80-I"},{"r":"202","t":"23:18:00","h":"Est","s":"25N-H60N100F-81-F1"},{"r":"202","t":"23:18:00","h":"Est","s":"25N-H60N200F-81-F2"},{"r":"202","t":"23:18:00","h":"Est","s":"25N-H60N300F-82-F3"},{"r":"202","t":"23:18:00","h":"Est","s":"25N-H60N400F-81-F4"},{"r":"202","t":"23:18:00","h":"Est","s":"25N-H60NV10I-80-I"},{"r":"202","t":"23:18:00","h":"Est","s":"25N-H60NV20I-80-I"},{"r":"202","t":"23:18:00","h":"Est","s":"25S-H60S000I-80-I"},{"r":"202","t":"23:18:00","h":"Est","s":"25S-H60S100F-82-F1"},{"r":"202","t":"23:18:00","h":"Est","s":"25S-H60S200F-81-F2"},{"r":"202","t":"23:37:00","h":"Est","s":"25N-H60N000S-80-S"},{"r":"202","t":"23:37:00","h":"Est","s":"25N-H60N000S-98-S"},{"r":"202","t":"23:37:00","h":"Est","s":"25N-H60NV10S-98-S"},{"r":"202","t":"23:37:00","h":"Est","s":"25N-H60NV20S-98-S"},{"r":"202","t":"23:37:00","h":"Est","s":"25S-H60S000S-80-S"},{"r":"202","t":"23:45:00","h":"Est","s":"25N-H60N000A-80-A"},{"r":"202","t":"23:45:00","h":"Est","s":"25N-H60N000I-80-I"},{"r":"202","t":"23:45:00","h":"Est","s":"25N-H60N100F-81-F1"},{"r":"202","t":"23:45:00","h":"Est","s":"25N-H60N200F-81-F2"},{"r":"202","t":"23:45:00","h":"Est","s":"25N-H60N300F-82-F3"},{"r":"202","t":"23:45:00","h":"Est","s":"25N-H60N400F-81-F4"},{"r":"202","t":"23:45:00","h":"Est","s":"25N-H60NV10A-80-A"},{"r":"202","t":"23:45:00","h":"Est","s":"25N-H60NV10I-80-I"},{"r":"202","t":"23:45:00","h":"Est","s":"25N-H60NV20A-80-A"},{"r":"202","t":"23:45:00","h":"Est","s":"25N-H60NV20I-80-I"},{"r":"202","t":"23:45:00","h":"Est","s":"25S-H60S000A-80-A"},{"r":"202","t":"23:45:00","h":"Est","s":"25S-H60S000I-80-I"},{"r":"202","t":"23:45:00","h":"Est","s":"25S-H60S100F-82-F1"},{"r":"202","t":"23:45:00","h":"Est","s":"25S-H60S200F-81-F2"},{"r":"202","t":"24:12:00","h":"Est","s":"25N-H60N000I-80-I"},{"r":"202","t":"24:12:00","h":"Est","s":"25N-H60N100F-81-F1"},{"r":"202","t":"24:12:00","h":"Est","s":"25N-H60N200F-81-F2"},{"r":"202","t":"24:12:00","h":"Est","s":"25N-H60N300F-82-F3"},{"r":"202","t":"24:12:00","h":"Est","s":"25N-H60N400F-81-F4"},{"r":"202","t":"24:12:00","h":"Est","s":"25N-H60NV10I-80-I"},{"r":"202","t":"24:12:00","h":"Est","s":"25N-H60NV20I-80-I"},{"r":"202","t":"24:12:00","h":"Est","s":"25S-H60S000I-80-I"},{"r":"202","t":"24:12:00","h":"Est","s":"25S-H60S100F-82-F1"},{"r":"202","t":"24:12:00","h":"Est","s":"25S-H60S200F-81-F2"},{"r":"202","t":"24:13:00","h":"Est","s":"25N-H60N000S-80-S"},{"r":"202","t":"24:13:00","h":"Est","s":"25N-H60N000S-98-S"},{"r":"202","t":"24:13:00","h":"Est","s":"25N-H60NV10S-98-S"},{"r":"202","t":"24:13:00","h":"Est","s":"25N-H60NV20S-98-S"},{"r":"202","t":"24:13:00","h":"Est","s":"25S-H60S000S-80-S"},{"r":"202","t":"24:14:00","h":"Est","s":"25N-H60N000A-80-A"},{"r":"202","t":"24:14:00","h":"Est","s":"25N-H60NV10A-80-A"},{"r":"202","t":"24:14:00","h":"Est","s":"25N-H60NV20A-80-A"},{"r":"202","t":"24:14:00","h":"Est","s":"25S-H60S000A-80-A"}]