[{"r":"203","t":"06:14:59","h":"Est","s":"25N-H60N000S-80-S"},{"r":"203","t":"06:14:59","h":"Est","s":"25N-H60N000S-98-S"},{"r":"203","t":"06:14:59","h":"Est","s":"25N-H60NV10S-98-S"},{"r":"203","t":"06:14:59","h":"Est","s":"25N-H60NV20S-98-S"},{"r":"203","t":"06:14:59","h":"Est","s":"25S-H60S000S-80-S"},{"r":"203","t":"06:20:59","h":"Est","s":"25N-H60N000A-80-A"},{"r":"203","t":"06:20:59","h":"Est","s":"25N-H60NV10A-80-A"},{"r":"203","t":"06:20:59","h":"Est","s":"25N-H60NV20A-80-A"},{"r":"203","t":"06:20:59","h":"Est","s":"25S-H60S000A-80-A"},{"r":"203","t":"06:48:59","h":"Est","s":"25N-H60N000S-80-S"},{"r":"203","t":"06:48:59","h":"Est","s":"25N-H60N000S-98-S"},{"r":"203","t":"06:48:59","h":"Est","s":"25N-H60NV10S-98-S"},{"r":"203","t":"06:48:59","h":"Est","s":"25N-H60NV20S-98-S"},{"r":"203","t":"06:48:59","h":"Est","s":"25S-H60S000S-80-S"},{"r":"203","t":"06:50:59","h":"Est","s":"25N-H60N000A-80-A"},{"r":"203","t":"06:50:59","h":"Est","s":"25N-H60NV10A-80-A"},{"r":"203","t":"06:50:59","h":"Est","s":"25N-H60NV20A-80-A"},{"r":"203","t":"06:50:59","h":"Est","s":"25S-H60S000A-80-A"},{"r":"203","t":"07:15:59","h":"Est","s":"25N-H60N000S-80-S"},{"r":"203","t":"07:15:59","h":"Est","s":"25N-H60N000S-98-S"},{"r":"203","t":"07:15:59","h":"Est","s":"25N-H60NV10S-98-S"},{"r":"203","t":"07:15:59","h":"Est","s":"25N-H60NV20S-98-S"},{"r":"203","t":"07:15:59","h":"Est","s":"25S-H60S000S-80-S"},{"r":"203","t":"07:20:59","h":"Est","s":"25N-H60N000I-80-I"},{"r":"203","t":"07:20:59","h":"Est","s":"25N-H60N100F-81-F1"},{"r":"203","t":"07:20:59","h":"Est","s":"25N-H60N200F-81-F2"},{"r":"203","t":"07:20:59","h":"Est","s":"25N-H60N300F-82-F3"},{"r":"203","t":"07:20:59","h":"Est","s":"25N-H60N400F-81-F4"},{"r":"203","t":"07:20:59","h":"Est","s":"25N-H60NV10I-80-I"},{"r":"203","t":"07:20:59","h":"Est","s":"25N-H60NV20I-80-I"},{"r":"203","t":"07:20:59","h":"Est","s":"25S-H60S000I-80-I"},{"r":"203","t":"07:20:59","h":"Est","s":"25S-H60S100F-82-F1"},{"r":"203","t":"07:20:59","h":"Est","s":"25S-H60S200F-81-F2"},{"r":"203","t":"07:21:59","h":"Est","s":"25N-H60N000A-80-A"},{"r":"203","t":"07:21:59","h":"Est","s":"25N-H60NV10A-80-A"},{"r":"203","t":"07:21:59","h":"Est","s":"25N-H60NV20A-80-A"},{"r":"203","t":"07:21:59","h":"Est","s":"25S-H60S000A-80-A"},{"r":"203","t":"07:27:59","h":"Est","s":"25N-H60N000S-80-S"},{"r":"203","t":"07:27:59","h":"Est","s":"25N-H60N000S-98-S"},{"r":"203","t":"07:27:59","h":"Est","s":"25N-H60NV10S-98-S"},{"r":"203","t":"07:27:59","h":"Est","s":"25N-H60NV20S-98-S"},{"r":"203","t":"07:27:59","h":"Est","s":"25S-H60S000S-80-S"},{"r":"203","t":"07:45:22","h":"Est","s":"25N-H60N000S-80-S"},{"r":"203","t":"07:45:22","h":"Est","s":"25N-H60N000S-98-S"},{"r":"203","t":"07:45:22","h":"Est","s":"25N-H60NV10S-98-S"},{"r":"203","t":"07:45:22","h":"Est","s":"25N-H60NV20S-98-S"},{"r":"203","t":"07:45:22","h":"Est","s":"25S-H60S000S-80-S"},{"r":"203","t":"07:50:59","h":"Est","s":"25N-H60N000I-80-I"},{"r":"203","t":"07:50:59","h":"Est","s":"25N-H60N100F-81-F1"},{"r":"203","t":"07:50:59","h":"Est","s":"25N-H60N200F-81-F2"},{"r":"203","t":"07:50:59","h":"Est","s":"25N-H60N300F-82-F3"},{"r":"203","t":"07:50:59","h":"Est","s":"25N-H60N400F-81-F4"},{"r":"203","t":"07:50:59","h":"Est","s":"25N-H60NV10I-80-I"},{"r":"203","t":"07:50:59","h":"Est","s":"25N-H60NV20I-80-I"},{"r":"203","t":"07:50:59","h":"Est","s":"25S-H60S000I-80-I"},{"r":"203","t":"07:50:59","h":"Est","s":"25S-H60S100F-82-F1"},{"r":"203","t":"07:50:59","h":"Est","s":"25S-H60S200F-81-F2"},{"r":"203","t":"07:51:59","h":"Est","s":"25N-H60N000A-80-A"},{"r":"203","t":"07:51:59","h":"Est","s":"25N-H60NV10A-80-A"},{"r":"203","t":"07:51:59","h":"Est","s":"25N-H60NV20A-80-A"},{"r":"203","t":"07:51:59","h":"Est","s":"25S-H60S000A-80-A"},{"r":"203","t":"08:15:22","h":"Est","s":"25N-H60N000S-80-S"},{"r":"203","t":"08:15:22","h":"Est","s":"25N-H60N000S-98-S"},{"r":"203","t":"08:15:22","h":"Est","s":"25N-H60NV10S-98-S"},{"r":"203","t":"08:15:22","h":"Est","s":"25N-H60NV20S-98-S"},{"r":"203","t":"08:15:22","h":"Est","s":"25S-H60S000S-80-S"},{"r":"203","t":"08:20:59","h":"Est","s":"25N-H60N000I-80-I"},{"r":"203","t":"08:20:59","h":"Est","s":"25N-H60N100F-81-F1"},{"r":"203","t":"08:20:59","h":"Est","s":"25N-H60N200F-81-F2"},{"r":"203","t":"08:20:59","h":"Est","s":"25N-H60N300F-82-F3"},{"r":"203","t":"08:20:59","h":"Est","s":"25N-H60N400F-81-F4"},{"r":"203","t":"08:20:59","h":"Est","s":"25N-H60NV10I-80-I"},{"r":"203","t":"08:20:59","h":"Est","s":"25N-H60NV20I-80-I"},{"r":"203","t":"08:20:59","h":"Est","s":"25S-H60S000I-80-I"},{"r":"203","t":"08:20:59","h":"Est","s":"25S-H60S100F-82-F1"},{"r":"203","t":"08:20:59","h":"Est","s":"25S-H60S200F-81-F2"},{"r":"203","t":"08:22:59","h":"Est","s":"25N-H60N000A-80-A"},{"r":"203","t":"08:22:59","h":"Est","s":"25N-H60NV10A-80-A"},{"r":"203","t":"08:22:59","h":"Est","s":"25N-H60NV20A-80-A"},{"r":"203","t":"08:22:59","h":"Est","s":"25S-H60S000A-80-A"},{"r":"203","t":"08:41:22","h":"Est","s":"25N-H60N000S-80-S"},{"r":"203","t":"08:41:22","h":"Est","s":"25N-H60N000S-98-S"},{"r":"203","t":"08:41:22","h":"Est","s":"25N-H60NV10S-98-S"},{"r":"203","t":"08:41:22","h":"Est","s":"25N-H60NV20S-98-S"},{"r":"203","t":"08:41:22","h":"Est","s":"25S-H60S000S-80-S"},{"r":"203","t":"08:50:59","h":"Est","s":"25N-H60N000I-80-I"},{"r":"203","t":"08:50:59","h":"Est","s":"25N-H60N100F-81-F1"},{"r":"203","t":"08:50:59","h":"Est","s":"25N-H60N200F-81-F2"},{"r":"203","t":"08:50:59","h":"Est","s":"25N-H60N300F-82-F3"},{"r":"203","t":"08:50:59","h":"Est","s":"25N-H60N400F-81-F4"},{"r":"203","t":"08:50:59","h":"Est","s":"25N-H60NV10I-80-I"},{"r":"203","t":"08:50:59","h":"Est","s":"25N-H60NV20I-80-I"},{"r":"203","t":"08:50:59","h":"Est","s":"25S-H60S000I-80-I"},{"r":"203","t":"08:50:59","h":"Est","s":"25S-H60S100F-82-F1"},{"r":"203","t":"08:50:59","h":"Est","s":"25S-H60S200F-81-F2"},{"r":"203","t":"08:51:59","h":"Est","s":"25N-H60N000S-80-S"},{"r":"203","t":"08:51:59","h":"Est","s":"25N-H60N000S-98-S"},{"r":"203","t":"08:51:59","h":"Est","s":"25N-H60NV10S-98-S"},{"r":"203","t":"08:51:59","h":"Est","s":"25N-H60NV20S-98-S"},{"r":"203","t":"08:51:59","h":"Est","s":"25S-H60S000S-80-S"},{"r":"203","t":"08:52:59","h":"Est","s":"25N-H60N000A-80-A"},{"r":"203","t":"08:52:59","h":"Est","s":"25N-H60NV10A-80-A"},{"r":"203","t":"08:52:59","h":"Est","s":"25N-H60NV20A-80-A"},{"r":"203","t":"08:52:59","h":"Est","s":"25S-H60S000A-80-A"},{"r":"203","t":"09:20:59","h":"Est","s":"25N-H60N000I-80-I"},{"r":"203","t":"09:20:59","h":"Est","s":"25N-H60N100F-81-F1"},{"r":"203","t":"09:20:59","h":"Est","s":"25N-H60N200F-81-F2"},{"r":"203","t":"09:20:59","h":"Est","s":"25N-H60N300F-82-F3"},{"r":"203","t":"09:20:59","h":"Est","s":"25N-H60N400F-81-F4"},{"r":"203","t":"09:20:59","h":"Est","s":"25N-H60NV10I-80-I"},{"r":"203","t":"09:20:59","h":"Est","s":"25N-H60NV20I-80-I"},{"r":"203","t":"09:20:59","h":"Est","s":"25S-H60S000I-80-I"},{"r":"203","t":"09:20:59","h":"Est","s":"25S-H60S100F-82-F1"},{"r":"203","t":"09:20:59","h":"Est","s":"25S-H60S200F-81-F2"},{"r":"203","t":"09:22:59","h":"Est","s":"25N-H60N000A-80-A"},{"r":"203","t":"09:22:59","h":"Est","s":"25N-H60NV10A-80-A"},{"r":"203","t":"09:22:59","h":"Est","s":"25N-H60NV20A-80-A"},{"r":"203","t":"09:22:59","h":"Est","s":"25S-H60S000A-80-A"},{"r":"203","t":"09:24:59","h":"Est","s":"25N-H60N000S-80-S"},{"r":"203","t":"09:24:59","h":"Est","s":"25N-H60N000S-98-S"},{"r":"203","t":"09:24:59","h":"Est","s":"25N-H60NV10S-98-S"},{"r":"203","t":"09:24:59","h":"Est","s":"25N-H60NV20S-98-S"},{"r":"203","t":"09:24:59","h":"Est","s":"25S-H60S000S-80-S"},{"r":"203","t":"09:50:59","h":"Est","s":"25N-H60N000I-80-I"},{"r":"203","t":"09:50:59","h":"Est","s":"25N-H60N100F-81-F1"},{"r":"203","t":"09:50:59","h":"Est","s":"25N-H60N200F-81-F2"},{"r":"203","t":"09:50:59","h":"Est","s":"25N-H60N300F-82-F3"},{"r":"203","t":"09:50:59","h":"Est","s":"25N-H60N400F-81-F4"},{"r":"203","t":"09:50:59","h":"Est","s":"25N-H60NV10I-80-I"},{"r":"203","t":"09:50:59","h":"Est","s":"25N-H60NV20I-80-I"},{"r":"203","t":"09:50:59","h":"Est","s":"25S-H60S000I-80-I"},{"r":"203","t":"09:50:59","h":"Est","s":"25S-H60S100F-82-F1"},{"r":"203","t":"09:50:59","h":"Est","s":"25S-H60S200F-81-F2"},{"r":"203","t":"09:54:59","h":"Est","s":"25N-H60N000A-80-A"},{"r":"203","t":"09:54:59","h":"Est","s":"25N-H60NV10A-80-A"},{"r":"203","t":"09:54:59","h":"Est","s":"25N-H60NV20A-80-A"},{"r":"203","t":"09:54:59","h":"Est","s":"25S-H60S000A-80-A"},{"r":"203","t":"09:55:59","h":"Est","s":"25N-H56N000S-80-S"},{"r":"203","t":"09:55:59","h":"Est","s":"25N-H56NV10S-80-S"},{"r":"203","t":"09:55:59","h":"Est","s":"25N-H56NV20S-80-S"},{"r":"203","t":"09:55:59","h":"Est","s":"25S-H56S000S-80-S"},{"r":"203","t":"10:20:59","h":"Est","s":"25N-H60N000I-80-I"},{"r":"203","t":"10:20:59","h":"Est","s":"25N-H60N100F-81-F1"},{"r":"203","t":"10:20:59","h":"Est","s":"25N-H60N200F-81-F2"},{"r":"203","t":"10:20:59","h":"Est","s":"25N-H60N300F-82-F3"},{"r":"203","t":"10:20:59","h":"Est","s":"25N-H60N400F-81-F4"},{"r":"203","t":"10:20:59","h":"Est","s":"25N-H60NV10I-80-I"},{"r":"203","t":"10:20:59","h":"Est","s":"25N-H60NV20I-80-I"},{"r":"203","t":"10:20:59","h":"Est","s":"25S-H60S000I-80-I"},{"r":"203","t":"10:20:59","h":"Est","s":"25S-H60S100F-82-F1"},{"r":"203","t":"10:20:59","h":"Est","s":"25S-H60S200F-81-F2"},{"r":"203","t":"10:27:59","h":"Est","s":"25N-H60N000A-80-A"},{"r":"203","t":"10:27:59","h":"Est","s":"25N-H60N000S-80-S"},{"r":"203","t":"10:27:59","h":"Est","s":"25N-H60N000S-98-S"},{"r":"203","t":"10:27:59","h":"Est","s":"25N-H60NV10A-80-A"},{"r":"203","t":"10:27:59","h":"Est","s":"25N-H60NV10S-98-S"},{"r":"203","t":"10:27:59","h":"Est","s":"25N-H60NV20A-80-A"},{"r":"203","t":"10:27:59","h":"Est","s":"25N-H60NV20S-98-S"},{"r":"203","t":"10:27:59","h":"Est","s":"25S-H60S000A-80-A"},{"r":"203","t":"10:27:59","h":"Est","s":"25S-H60S000S-80-S"},{"r":"203","t":"10:50:59","h":"Est","s":"25N-H60N000I-80-I"},{"r":"203","t":"10:50:59","h":"Est","s":"25N-H60N100F-81-F1"},{"r":"203","t":"10:50:59","h":"Est","s":"25N-H60N200F-81-F2"},{"r":"203","t":"10:50:59","h":"Est","s":"25N-H60N300F-82-F3"},{"r":"203","t":"10:50:59","h":"Est","s":"25N-H60N400F-81-F4"},{"r":"203","t":"10:50:59","h":"Est","s":"25N-H60NV10I-80-I"},{"r":"203","t":"10:50:59","h":"Est","s":"25N-H60NV20I-80-I"},{"r":"203","t":"10:50:59","h":"Est","s":"25S-H60S000I-80-I"},{"r":"203","t":"10:50:59","h":"Est","s":"25S-H60S100F-82-F1"},{"r":"203","t":"10:50:59","h":"Est","s":"25S-H60S200F-81-F2"},{"r":"203","t":"10:59:59","h":"Est","s":"25N-H60N000A-80-A"},{"r":"203","t":"10:59:59","h":"Est","s":"25N-H60N000S-80-S"},{"r":"203","t":"10:59:59","h":"Est","s":"25N-H60N000S-98-S"},{"r":"203","t":"10:59:59","h":"Est","s":"25N-H60NV10A-80-A"},{"r":"203","t":"10:59:59","h":"Est","s":"25N-H60NV10S-98-S"},{"r":"203","t":"10:59:59","h":"Est","s":"25N-H60NV20A-80-A"},{"r":"203","t":"10:59:59","h":"Est","s":"25N-H60NV20S-98-S"},{"r":"203","t":"10:59:59","h":"Est","s":"25S-H60S000A-80-A"},{"r":"203","t":"10:59:59","h":"Est","s":"25S-H60S000S-80-S"},{"r":"203","t":"11:20:59","h":"Est","s":"25N-H60N000I-80-I"},{"r":"203","t":"11:20:59","h":"Est","s":"25N-H60N100F-81-F1"},{"r":"203","t":"11:20:59","h":"Est","s":"25N-H60N200F-81-F2"},{"r":"203","t":"11:20:59","h":"Est","s":"25N-H60N300F-82-F3"},{"r":"203","t":"11:20:59","h":"Est","s":"25N-H60N400F-81-F4"},{"r":"203","t":"11:20:59","h":"Est","s":"25N-H60NV10I-80-I"},{"r":"203","t":"11:20:59","h":"Est","s":"25N-H60NV20I-80-I"},{"r":"203","t":"11:20:59","h":"Est","s":"25S-H60S000I-80-I"},{"r":"203","t":"11:20:59","h":"Est","s":"25S-H60S100F-82-F1"},{"r":"203","t":"11:20:59","h":"Est","s":"25S-H60S200F-81-F2"},{"r":"203","t":"11:31:59","h":"Est","s":"25N-H60N000S-80-S"},{"r":"203","t":"11:31:59","h":"Est","s":"25N-H60N000S-98-S"},{"r":"203","t":"11:31:59","h":"Est","s":"25N-H60NV10S-98-S"},{"r":"203","t":"11:31:59","h":"Est","s":"25N-H60NV20S-98-S"},{"r":"203","t":"11:31:59","h":"Est","s":"25S-H60S000S-80-S"},{"r":"203","t":"11:32:59","h":"Est","s":"25N-H60N000A-80-A"},{"r":"203","t":"11:32:59","h":"Est","s":"25N-H60NV10A-80-A"},{"r":"203","t":"11:32:59","h":"Est","s":"25N-H60NV20A-80-A"},{"r":"203","t":"11:32:59","h":"Est","s":"25S-H60S000A-80-A"},{"r":"203","t":"11:50:59","h":"Est","s":"25N-H60N000I-80-I"},{"r":"203","t":"11:50:59","h":"Est","s":"25N-H60N100F-81-F1"},{"r":"203","t":"11:50:59","h":"Est","s":"25N-H60N200F-81-F2"},{"r":"203","t":"11:50:59","h":"Est","s":"25N-H60N300F-82-F3"},{"r":"203","t":"11:50:59","h":"Est","s":"25N-H60N400F-81-F4"},{"r":"203","t":"11:50:59","h":"Est","s":"25N-H60NV10I-80-I"},{"r":"203","t":"11:50:59","h":"Est","s":"25N-H60NV20I-80-I"},{"r":"203","t":"11:50:59","h":"Est","s":"25S-H60S000I-80-I"},{"r":"203","t":"11:50:59","h":"Est","s":"25S-H60S100F-82-F1"},{"r":"203","t":"11:50:59","h":"Est","s":"25S-H60S200F-81-F2"},{"r":"203","t":"12:02:59","h":"Est","s":"25N-H60N000S-80-S"},{"r":"203","t":"12:02:59","h":"Est","s":"25N-H60N000S-98-S"},{"r":"203","t":"12:02:59","h":"Est","s":"25N-H60NV10S-98-S"},{"r":"203","t":"12:02:59","h":"Est","s":"25N-H60NV20S-98-S"},{"r":"203","t":"12:02:59","h":"Est","s":"25S-H60S000S-80-S"},{"r":"203","t":"12:05:59","h":"Est","s":"25N-H60N000A-80-A"},{"r":"203","t":"12:05:59","h":"Est","s":"25N-H60NV10A-80-A"},{"r":"203","t":"12:05:59","h":"Est","s":"25N-H60NV20A-80-A"},{"r":"203","t":"12:05:59","h":"Est","s":"25S-H60S000A-80-A"},{"r":"203","t":"12:20:59","h":"Est","s":"25N-H60N000I-80-I"},{"r":"203","t":"12:20:59","h":"Est","s":"25N-H60N100F-81-F1"},{"r":"203","t":"12:20:59","h":"Est","s":"25N-H60N200F-81-F2"},{"r":"203","t":"12:20:59","h":"Est","s":"25N-H60N300F-82-F3"},{"r":"203","t":"12:20:59","h":"Est","s":"25N-H60N400F-81-F4"},{"r":"203","t":"12:20:59","h":"Est","s":"25N-H60NV10I-80-I"},{"r":"203","t":"12:20:59","h":"Est","s":"25N-H60NV20I-80-I"},{"r":"203","t":"12:20:59","h":"Est","s":"25S-H60S000I-80-I"},{"r":"203","t":"12:20:59","h":"Est","s":"25S-H60S100F-82-F1"},{"r":"203","t":"12:20:59","h":"Est","s":"25S-H60S200F-81-F2"},{"r":"203","t":"12:31:59","h":"Est","s":"25N-H60N000S-80-S"},{"r":"203","t":"12:31:59","h":"Est","s":"25N-H60N000S-98-S"},{"r":"203","t":"12:31:59","h":"Est","s":"25N-H60NV10S-98-S"},{"r":"203","t":"12:31:59","h":"Est","s":"25N-H60NV20S-98-S"},{"r":"203","t":"12:31:59","h":"Est","s":"25S-H60S000S-80-S"},{"r":"203","t":"12:38:59","h":"Est","s":"25N-H60N000A-80-A"},{"r":"203","t":"12:38:59","h":"Est","s":"25N-H60NV10A-80-A"},{"r":"203","t":"12:38:59","h":"Est","s":"25N-H60NV20A-80-A"},{"r":"203","t":"12:38:59","h":"Est","s":"25S-H60S000A-80-A"},{"r":"203","t":"12:50:59","h":"Est","s":"25N-H60N000I-80-I"},{"r":"203","t":"12:50:59","h":"Est","s":"25N-H60N100F-81-F1"},{"r":"203","t":"12:50:59","h":"Est","s":"25N-H60N200F-81-F2"},{"r":"203","t":"12:50:59","h":"Est","s":"25N-H60N300F-82-F3"},{"r":"203","t":"12:50:59","h":"Est","s":"25N-H60N400F-81-F4"},{"r":"203","t":"12:50:59","h":"Est","s":"25N-H60NV10I-80-I"},{"r":"203","t":"12:50:59","h":"Est","s":"25N-H60NV20I-80-I"},{"r":"203","t":"12:50:59","h":"Est","s":"25S-H60S000I-80-I"},{"r":"203","t":"12:50:59","h":"Est","s":"25S-H60S100F-82-F1"},{"r":"203","t":"12:50:59","h":"Est","s":"25S-H60S200F-81-F2"},{"r":"203","t":"13:01:59","h":"Est","s":"25N-H60N000S-80-S"},{"r":"203","t":"13:01:59","h":"Est","s":"25N-H60N000S-98-S"},{"r":"203","t":"13:01:59","h":"Est","s":"25N-H60NV10S-98-S"},{"r":"203","t":"13:01:59","h":"Est","s":"25N-H60NV20S-98-S"},{"r":"203","t":"13:01:59","h":"Est","s":"25S-H60S000S-80-S"},{"r":"203","t":"13:11:59","h":"Est","s":"25N-H60N000A-80-A"},{"r":"203","t":"13:11:59","h":"Est","s":"25N-H60NV10A-80-A"},{"r":"203","t":"13:11:59","h":"Est","s":"25N-H60NV20A-80-A"},{"r":"203","t":"13:11:59","h":"Est","s":"25S-H60S000A-80-A"},{"r":"203","t":"13:22:59","h":"Est","s":"25N-H60N000I-80-I"},{"r":"203","t":"13:22:59","h":"Est","s":"25N-H60N100F-81-F1"},{"r":"203","t":"13:22:59","h":"Est","s":"25N-H60N200F-81-F2"},{"r":"203","t":"13:22:59","h":"Est","s":"25N-H60N300F-82-F3"},{"r":"203","t":"13:22:59","h":"Est","s":"25N-H60N400F-81-F4"},{"r":"203","t":"13:22:59","h":"Est","s":"25N-H60NV10I-80-I"},{"r":"203","t":"13:22:59","h":"Est","s":"25N-H60NV20I-80-I"},{"r":"203","t":"13:22:59","h":"Est","s":"25S-H60S000I-80-I"},{"r":"203","t":"13:22:59","h":"Est","s":"25S-H60S100F-82-F1"},{"r":"203","t":"13:22:59","h":"Est","s":"25S-H60S200F-81-F2"},{"r":"203","t":"13:30:59","h":"Est","s":"25N-H60N000S-80-S"},{"r":"203","t":"13:30:59","h":"Est","s":"25N-H60N000S-98-S"},{"r":"203","t":"13:30:59","h":"Est","s":"25N-H60NV10S-98-S"},{"r":"203","t":"13:30:59","h":"Est","s":"25N-H60NV20S-98-S"},{"r":"203","t":"13:30:59","h":"Est","s":"25S-H60S000S-80-S"},{"r":"203","t":"13:41:59","h":"Est","s":"25N-H60N000A-80-A"},{"r":"203","t":"13:41:59","h":"Est","s":"25N-H60NV10A-80-A"},{"r":"203","t":"13:41:59","h":"Est","s":"25N-H60NV20A-80-A"},{"r":"203","t":"13:41:59","h":"Est","s":"25S-H60S000A-80-A"},{"r":"203","t":"13:52:59","h":"Est","s":"25N-H60N000I-80-I"},{"r":"203","t":"13:52:59","h":"Est","s":"25N-H60N100F-81-F1"},{"r":"203","t":"13:52:59","h":"Est","s":"25N-H60N200F-81-F2"},{"r":"203","t":"13:52:59","h":"Est","s":"25N-H60N300F-82-F3"},{"r":"203","t":"13:52:59","h":"Est","s":"25N-H60N400F-81-F4"},{"r":"203","t":"13:52:59","h":"Est","s":"25N-H60NV10I-80-I"},{"r":"203","t":"13:52:59","h":"Est","s":"25N-H60NV20I-80-I"},{"r":"203","t":"13:52:59","h":"Est","s":"25S-H60S000I-80-I"},{"r":"203","t":"13:52:59","h":"Est","s":"25S-H60S100F-82-F1"},{"r":"203","t":"13:52:59","h":"Est","s":"25S-H60S200F-81-F2"},{"r":"203","t":"13:59:59","h":"Est","s":"25N-H60N000S-80-S"},{"r":"203","t":"13:59:59","h":"Est","s":"25N-H60N000S-98-S"},{"r":"203","t":"13:59:59","h":"Est","s":"25N-H60NV10S-98-S"},{"r":"203","t":"13:59:59","h":"Est","s":"25N-H60NV20S-98-S"},{"r":"203","t":"13:59:59","h":"Est","s":"25S-H60S000S-80-S"},{"r":"203","t":"14:10:59","h":"Est","s":"25N-H60N000A-80-A"},{"r":"203","t":"14:10:59","h":"Est","s":"25N-H60NV10A-80-A"},{"r":"203","t":"14:10:59","h":"Est","s":"25N-H60NV20A-80-A"},{"r":"203","t":"14:10:59","h":"Est","s":"25S-H60S000A-80-A"},{"r":"203","t":"14:22:59","h":"Est","s":"25N-H60N000I-80-I"},{"r":"203","t":"14:22:59","h":"Est","s":"25N-H60N100F-81-F1"},{"r":"203","t":"14:22:59","h":"Est","s":"25N-H60N200F-81-F2"},{"r":"203","t":"14:22:59","h":"Est","s":"25N-H60N300F-82-F3"},{"r":"203","t":"14:22:59","h":"Est","s":"25N-H60N400F-81-F4"},{"r":"203","t":"14:22:59","h":"Est","s":"25N-H60NV10I-80-I"},{"r":"203","t":"14:22:59","h":"Est","s":"25N-H60NV20I-80-I"},{"r":"203","t":"14:22:59","h":"Est","s":"25S-H60S000I-80-I"},{"r":"203","t":"14:22:59","h":"Est","s":"25S-H60S100F-82-F1"},{"r":"203","t":"14:22:59","h":"Est","s":"25S-H60S200F-81-F2"},{"r":"203","t":"14:28:59","h":"Est","s":"25N-H60N000S-80-S"},{"r":"203","t":"14:28:59","h":"Est","s":"25N-H60N000S-98-S"},{"r":"203","t":"14:28:59","h":"Est","s":"25N-H60NV10S-98-S"},{"r":"203","t":"14:28:59","h":"Est","s":"25N-H60NV20S-98-S"},{"r":"203","t":"14:28:59","h":"Est","s":"25S-H60S000S-80-S"},{"r":"203","t":"14:39:59","h":"Est","s":"25N-H60N000A-80-A"},{"r":"203","t":"14:39:59","h":"Est","s":"25N-H60NV10A-80-A"},{"r":"203","t":"14:39:59","h":"Est","s":"25N-H60NV20A-80-A"},{"r":"203","t":"14:39:59","h":"Est","s":"25S-H60S000A-80-A"},{"r":"203","t":"14:54:59","h":"Est","s":"25N-H60N000I-80-I"},{"r":"203","t":"14:54:59","h":"Est","s":"25N-H60N100F-81-F1"},{"r":"203","t":"14:54:59","h":"Est","s":"25N-H60N200F-81-F2"},{"r":"203","t":"14:54:59","h":"Est","s":"25N-H60N300F-82-F3"},{"r":"203","t":"14:54:59","h":"Est","s":"25N-H60N400F-81-F4"},{"r":"203","t":"14:54:59","h":"Est","s":"25N-H60NV10I-80-I"},{"r":"203","t":"14:54:59","h":"Est","s":"25N-H60NV20I-80-I"},{"r":"203","t":"14:54:59","h":"Est","s":"25S-H60S000I-80-I"},{"r":"203","t":"14:54:59","h":"Est","s":"25S-H60S100F-82-F1"},{"r":"203","t":"14:54:59","h":"Est","s":"25S-H60S200F-81-F2"},{"r":"203","t":"14:59:22","h":"Est","s":"25N-H60N000S-80-S"},{"r":"203","t":"14:59:22","h":"Est","s":"25N-H60N000S-98-S"},{"r":"203","t":"14:59:22","h":"Est","s":"25N-H60NV10S-98-S"},{"r":"203","t":"14:59:22","h":"Est","s":"25N-H60NV20S-98-S"},{"r":"203","t":"14:59:22","h":"Est","s":"25S-H60S000S-80-S"},{"r":"203","t":"15:08:59","h":"Est","s":"25N-H60N000A-80-A"},{"r":"203","t":"15:08:59","h":"Est","s":"25N-H60NV10A-80-A"},{"r":"203","t":"15:08:59","h":"Est","s":"25N-H60NV20A-80-A"},{"r":"203","t":"15:08:59","h":"Est","s":"25S-H60S000A-80-A"},{"r":"203","t":"15:24:59","h":"Est","s":"25N-H60N000I-80-I"},{"r":"203","t":"15:24:59","h":"Est","s":"25N-H60N100F-81-F1"},{"r":"203","t":"15:24:59","h":"Est","s":"25N-H60N200F-81-F2"},{"r":"203","t":"15:24:59","h":"Est","s":"25N-H60N300F-82-F3"},{"r":"203","t":"15:24:59","h":"Est","s":"25N-H60N400F-81-F4"},{"r":"203","t":"15:24:59","h":"Est","s":"25N-H60NV10I-80-I"},{"r":"203","t":"15:24:59","h":"Est","s":"25N-H60NV20I-80-I"},{"r":"203","t":"15:24:59","h":"Est","s":"25S-H60S000I-80-I"},{"r":"203","t":"15:24:59","h":"Est","s":"25S-H60S100F-82-F1"},{"r":"203","t":"15:24:59","h":"Est","s":"25S-H60S200F-81-F2"},{"r":"203","t":"15:31:22","h":"Est","s":"25N-H50N000S-80-S"},{"r":"203","t":"15:31:22","h":"Est","s":"25N-H50N000S-90-S"},{"r":"203","t":"15:31:22","h":"Est","s":"25N-H50NV10S-90-S"},{"r":"203","t":"15:31:22","h":"Est","s":"25N-H50NV20S-90-S"},{"r":"203","t":"15:31:22","h":"Est","s":"25S-H50S000S-81-S"},{"r":"203","t":"15:37:59","h":"Est","s":"25N-H60N000A-80-A"},{"r":"203","t":"15:37:59","h":"Est","s":"25N-H60NV10A-80-A"},{"r":"203","t":"15:37:59","h":"Est","s":"25N-H60NV20A-80-A"},{"r":"203","t":"15:37:59","h":"Est","s":"25S-H60S000A-80-A"},{"r":"203","t":"15:55:59","h":"Est","s":"25N-H60N000I-80-I"},{"r":"203","t":"15:55:59","h":"Est","s":"25N-H60N100F-81-F1"},{"r":"203","t":"15:55:59","h":"Est","s":"25N-H60N200F-81-F2"},{"r":"203","t":"15:55:59","h":"Est","s":"25N-H60N300F-82-F3"},{"r":"203","t":"15:55:59","h":"Est","s":"25N-H60N400F-81-F4"},{"r":"203","t":"15:55:59","h":"Est","s":"25N-H60NV10I-80-I"},{"r":"203","t":"15:55:59","h":"Est","s":"25N-H60NV20I-80-I"},{"r":"203","t":"15:55:59","h":"Est","s":"25S-H60S000I-80-I"},{"r":"203","t":"15:55:59","h":"Est","s":"25S-H60S100F-82-F1"},{"r":"203","t":"15:55:59","h":"Est","s":"25S-H60S200F-81-F2"},{"r":"203","t":"16:05:22","h":"Est","s":"25N-H60N000S-80-S"},{"r":"203","t":"16:05:22","h":"Est","s":"25N-H60N000S-98-S"},{"r":"203","t":"16:05:22","h":"Est","s":"25N-H60NV10S-98-S"},{"r":"203","t":"16:05:22","h":"Est","s":"25N-H60NV20S-98-S"},{"r":"203","t":"16:05:22","h":"Est","s":"25S-H60S000S-80-S"},{"r":"203","t":"16:06:59","h":"Est","s":"25N-H60N000A-80-A"},{"r":"203","t":"16:06:59","h":"Est","s":"25N-H60NV10A-80-A"},{"r":"203","t":"16:06:59","h":"Est","s":"25N-H60NV20A-80-A"},{"r":"203","t":"16:06:59","h":"Est","s":"25S-H60S000A-80-A"},{"r":"203","t":"16:26:59","h":"Est","s":"25N-H60N000I-80-I"},{"r":"203","t":"16:26:59","h":"Est","s":"25N-H60N100F-81-F1"},{"r":"203","t":"16:26:59","h":"Est","s":"25N-H60N200F-81-F2"},{"r":"203","t":"16:26:59","h":"Est","s":"25N-H60N300F-82-F3"},{"r":"203","t":"16:26:59","h":"Est","s":"25N-H60N400F-81-F4"},{"r":"203","t":"16:26:59","h":"Est","s":"25N-H60NV10I-80-I"},{"r":"203","t":"16:26:59","h":"Est","s":"25N-H60NV20I-80-I"},{"r":"203","t":"16:26:59","h":"Est","s":"25S-H60S000I-80-I"},{"r":"203","t":"16:26:59","h":"Est","s":"25S-H60S100F-82-F1"},{"r":"203","t":"16:26:59","h":"Est","s":"25S-H60S200F-81-F2"},{"r":"203","t":"16:29:59","h":"Est","s":"25N-H60N000S-80-S"},{"r":"203","t":"16:29:59","h":"Est","s":"25N-H60N000S-98-S"},{"r":"203","t":"16:29:59","h":"Est","s":"25N-H60NV10S-98-S"},{"r":"203","t":"16:29:59","h":"Est","s":"25N-H60NV20S-98-S"},{"r":"203","t":"16:29:59","h":"Est","s":"25S-H60S000S-80-S"},{"r":"203","t":"16:36:59","h":"Est","s":"25N-H60N000A-80-A"},{"r":"203","t":"16:36:59","h":"Est","s":"25N-H60NV10A-80-A"},{"r":"203","t":"16:36:59","h":"Est","s":"25N-H60NV20A-80-A"},{"r":"203","t":"16:36:59","h":"Est","s":"25S-H60S000A-80-A"},{"r":"203","t":"16:54:59","h":"Est","s":"25N-H60N000S-80-S"},{"r":"203","t":"16:54:59","h":"Est","s":"25N-H60N000S-98-S"},{"r":"203","t":"16:54:59","h":"Est","s":"25N-H60NV10S-98-S"},{"r":"203","t":"16:54:59","h":"Est","s":"25N-H60NV20S-98-S"},{"r":"203","t":"16:54:59","h":"Est","s":"25S-H60S000S-80-S"},{"r":"203","t":"16:56:59","h":"Est","s":"25N-H60N000I-80-I"},{"r":"203","t":"16:56:59","h":"Est","s":"25N-H60N100F-81-F1"},{"r":"203","t":"16:56:59","h":"Est","s":"25N-H60N200F-81-F2"},{"r":"203","t":"16:56:59","h":"Est","s":"25N-H60N300F-82-F3"},{"r":"203","t":"16:56:59","h":"Est","s":"25N-H60N400F-81-F4"},{"r":"203","t":"16:56:59","h":"Est","s":"25N-H60NV10I-80-I"},{"r":"203","t":"16:56:59","h":"Est","s":"25N-H60NV20I-80-I"},{"r":"203","t":"16:56:59","h":"Est","s":"25S-H60S000I-80-I"},{"r":"203","t":"16:56:59","h":"Est","s":"25S-H60S100F-82-F1"},{"r":"203","t":"16:56:59","h":"Est","s":"25S-H60S200F-81-F2"},{"r":"203","t":"17:06:59","h":"Est","s":"25N-H60N000A-80-A"},{"r":"203","t":"17:06:59","h":"Est","s":"25N-H60NV10A-80-A"},{"r":"203","t":"17:06:59","h":"Est","s":"25N-H60NV20A-80-A"},{"r":"203","t":"17:06:59","h":"Est","s":"25S-H60S000A-80-A"},{"r":"203","t":"17:17:59","h":"Est","s":"25N-H60N000S-80-S"},{"r":"203","t":"17:17:59","h":"Est","s":"25N-H60N000S-98-S"},{"r":"203","t":"17:17:59","h":"Est","s":"25N-H60NV10S-98-S"},{"r":"203","t":"17:17:59","h":"Est","s":"25N-H60NV20S-98-S"},{"r":"203","t":"17:17:59","h":"Est","s":"25S-H60S000S-80-S"},{"r":"203","t":"17:26:59","h":"Est","s":"25N-H60N000I-80-I"},{"r":"203","t":"17:26:59","h":"Est","s":"25N-H60N100F-81-F1"},{"r":"203","t":"17:26:59","h":"Est","s":"25N-H60N200F-81-F2"},{"r":"203","t":"17:26:59","h":"Est","s":"25N-H60N300F-82-F3"},{"r":"203","t":"17:26:59","h":"Est","s":"25N-H60N400F-81-F4"},{"r":"203","t":"17:26:59","h":"Est","s":"25N-H60NV10I-80-I"},{"r":"203","t":"17:26:59","h":"Est","s":"25N-H60NV20I-80-I"},{"r":"203","t":"17:26:59","h":"Est","s":"25S-H60S000I-80-I"},{"r":"203","t":"17:26:59","h":"Est","s":"25S-H60S100F-82-F1"},{"r":"203","t":"17:26:59","h":"Est","s":"25S-H60S200F-81-F2"},{"r":"203","t":"17:36:59","h":"Est","s":"25N-H60N000A-80-A"},{"r":"203","t":"17:36:59","h":"Est","s":"25N-H60NV10A-80-A"},{"r":"203","t":"17:36:59","h":"Est","s":"25N-H60NV20A-80-A"},{"r":"203","t":"17:36:59","h":"Est","s":"25S-H60S000A-80-A"},{"r":"203","t":"17:49:59","h":"Est","s":"25N-H60N000S-80-S"},{"r":"203","t":"17:49:59","h":"Est","s":"25N-H60N000S-98-S"},{"r":"203","t":"17:49:59","h":"Est","s":"25N-H60NV10S-98-S"},{"r":"203","t":"17:49:59","h":"Est","s":"25N-H60NV20S-98-S"},{"r":"203","t":"17:49:59","h":"Est","s":"25S-H60S000S-80-S"},{"r":"203","t":"17:56:59","h":"Est","s":"25N-H60N000I-80-I"},{"r":"203","t":"17:56:59","h":"Est","s":"25N-H60N100F-81-F1"},{"r":"203","t":"17:56:59","h":"Est","s":"25N-H60N200F-81-F2"},{"r":"203","t":"17:56:59","h":"Est","s":"25N-H60N300F-82-F3"},{"r":"203","t":"17:56:59","h":"Est","s":"25N-H60N400F-81-F4"},{"r":"203","t":"17:56:59","h":"Est","s":"25N-H60NV10I-80-I"},{"r":"203","t":"17:56:59","h":"Est","s":"25N-H60NV20I-80-I"},{"r":"203","t":"17:56:59","h":"Est","s":"25S-H60S000I-80-I"},{"r":"203","t":"17:56:59","h":"Est","s":"25S-H60S100F-82-F1"},{"r":"203","t":"17:56:59","h":"Est","s":"25S-H60S200F-81-F2"},{"r":"203","t":"18:03:59","h":"Est","s":"25N-H60N000A-80-A"},{"r":"203","t":"18:03:59","h":"Est","s":"25N-H60NV10A-80-A"},{"r":"203","t":"18:03:59","h":"Est","s":"25N-H60NV20A-80-A"},{"r":"203","t":"18:03:59","h":"Est","s":"25S-H60S000A-80-A"},{"r":"203","t":"18:20:59","h":"Est","s":"25N-H60N000S-80-S"},{"r":"203","t":"18:20:59","h":"Est","s":"25N-H60N000S-98-S"},{"r":"203","t":"18:20:59","h":"Est","s":"25N-H60NV10S-98-S"},{"r":"203","t":"18:20:59","h":"Est","s":"25N-H60NV20S-98-S"},{"r":"203","t":"18:20:59","h":"Est","s":"25S-H60S000S-80-S"},{"r":"203","t":"18:25:59","h":"Est","s":"25N-H60N000I-80-I"},{"r":"203","t":"18:25:59","h":"Est","s":"25N-H60N100F-81-F1"},{"r":"203","t":"18:25:59","h":"Est","s":"25N-H60N200F-81-F2"},{"r":"203","t":"18:25:59","h":"Est","s":"25N-H60N300F-82-F3"},{"r":"203","t":"18:25:59","h":"Est","s":"25N-H60N400F-81-F4"},{"r":"203","t":"18:25:59","h":"Est","s":"25N-H60NV10I-80-I"},{"r":"203","t":"18:25:59","h":"Est","s":"25N-H60NV20I-80-I"},{"r":"203","t":"18:25:59","h":"Est","s":"25S-H60S000I-80-I"},{"r":"203","t":"18:25:59","h":"Est","s":"25S-H60S100F-82-F1"},{"r":"203","t":"18:25:59","h":"Est","s":"25S-H60S200F-81-F2"},{"r":"203","t":"18:33:59","h":"Est","s":"25N-H60N000A-80-A"},{"r":"203","t":"18:33:59","h":"Est","s":"25N-H60NV10A-80-A"},{"r":"203","t":"18:33:59","h":"Est","s":"25N-H60NV20A-80-A"},{"r":"203","t":"18:33:59","h":"Est","s":"25S-H60S000A-80-A"},{"r":"203","t":"18:53:59","h":"Est","s":"25N-H60N000S-80-S"},{"r":"203","t":"18:53:59","h":"Est","s":"25N-H60N000S-98-S"},{"r":"203","t":"18:53:59","h":"Est","s":"25N-H60NV10S-98-S"},{"r":"203","t":"18:53:59","h":"Est","s":"25N-H60NV20S-98-S"},{"r":"203","t":"18:53:59","h":"Est","s":"25S-H60S000S-80-S"},{"r":"203","t":"18:54:59","h":"Est","s":"25N-H60N000I-80-I"},{"r":"203","t":"18:54:59","h":"Est","s":"25N-H60N100F-81-F1"},{"r":"203","t":"18:54:59","h":"Est","s":"25N-H60N200F-81-F2"},{"r":"203","t":"18:54:59","h":"Est","s":"25N-H60N300F-82-F3"},{"r":"203","t":"18:54:59","h":"Est","s":"25N-H60N400F-81-F4"},{"r":"203","t":"18:54:59","h":"Est","s":"25N-H60NV10I-80-I"},{"r":"203","t":"18:54:59","h":"Est","s":"25N-H60NV20I-80-I"},{"r":"203","t":"18:54:59","h":"Est","s":"25S-H60S000I-80-I"},{"r":"203","t":"18:54:59","h":"Est","s":"25S-H60S100F-82-F1"},{"r":"203","t":"18:54:59","h":"Est","s":"25S-H60S200F-81-F2"},{"r":"203","t":"19:04:35","h":"Est","s":"25N-H60N000A-80-A"},{"r":"203","t":"19:04:35","h":"Est","s":"25N-H60NV10A-80-A"},{"r":"203","t":"19:04:35","h":"Est","s":"25N-H60NV20A-80-A"},{"r":"203","t":"19:04:35","h":"Est","s":"25S-H60S000A-80-A"},{"r":"203","t":"19:22:59","h":"Est","s":"25N-H60N000I-80-I"},{"r":"203","t":"19:22:59","h":"Est","s":"25N-H60N100F-81-F1"},{"r":"203","t":"19:22:59","h":"Est","s":"25N-H60N200F-81-F2"},{"r":"203","t":"19:22:59","h":"Est","s":"25N-H60N300F-82-F3"},{"r":"203","t":"19:22:59","h":"Est","s":"25N-H60N400F-81-F4"},{"r":"203","t":"19:22:59","h":"Est","s":"25N-H60NV10I-80-I"},{"r":"203","t":"19:22:59","h":"Est","s":"25N-H60NV20I-80-I"},{"r":"203","t":"19:22:59","h":"Est","s":"25S-H60S000I-80-I"},{"r":"203","t":"19:22:59","h":"Est","s":"25S-H60S100F-82-F1"},{"r":"203","t":"19:22:59","h":"Est","s":"25S-H60S200F-81-F2"},{"r":"203","t":"19:24:59","h":"Est","s":"25N-H60N000S-80-S"},{"r":"203","t":"19:24:59","h":"Est","s":"25N-H60N000S-98-S"},{"r":"203","t":"19:24:59","h":"Est","s":"25N-H60NV10S-98-S"},{"r":"203","t":"19:24:59","h":"Est","s":"25N-H60NV20S-98-S"},{"r":"203","t":"19:24:59","h":"Est","s":"25S-H60S000S-80-S"},{"r":"203","t":"19:33:35","h":"Est","s":"25N-H60N000A-80-A"},{"r":"203","t":"19:33:35","h":"Est","s":"25N-H60NV10A-80-A"},{"r":"203","t":"19:33:35","h":"Est","s":"25N-H60NV20A-80-A"},{"r":"203","t":"19:33:35","h":"Est","s":"25S-H60S000A-80-A"},{"r":"203","t":"19:51:59","h":"Est","s":"25N-H60N000I-80-I"},{"r":"203","t":"19:51:59","h":"Est","s":"25N-H60N100F-81-F1"},{"r":"203","t":"19:51:59","h":"Est","s":"25N-H60N200F-81-F2"},{"r":"203","t":"19:51:59","h":"Est","s":"25N-H60N300F-82-F3"},{"r":"203","t":"19:51:59","h":"Est","s":"25N-H60N400F-81-F4"},{"r":"203","t":"19:51:59","h":"Est","s":"25N-H60NV10I-80-I"},{"r":"203","t":"19:51:59","h":"Est","s":"25N-H60NV20I-80-I"},{"r":"203","t":"19:51:59","h":"Est","s":"25S-H60S000I-80-I"},{"r":"203","t":"19:51:59","h":"Est","s":"25S-H60S100F-82-F1"},{"r":"203","t":"19:51:59","h":"Est","s":"25S-H60S200F-81-F2"},{"r":"203","t":"19:54:35","h":"Est","s":"25N-H60N000S-80-S"},{"r":"203","t":"19:54:35","h":"Est","s":"25N-H60N000S-98-S"},{"r":"203","t":"19:54:35","h":"Est","s":"25N-H60NV10S-98-S"},{"r":"203","t":"19:54:35","h":"Est","s":"25N-H60NV20S-98-S"},{"r":"203","t":"19:54:35","h":"Est","s":"25S-H60S000S-80-S"},{"r":"203","t":"20:03:35","h":"Est","s":"25N-H60N000A-80-A"},{"r":"203","t":"20:03:35","h":"Est","s":"25N-H60NV10A-80-A"},{"r":"203","t":"20:03:35","h":"Est","s":"25N-H60NV20A-80-A"},{"r":"203","t":"20:03:35","h":"Est","s":"25S-H60S000A-80-A"},{"r":"203","t":"20:20:59","h":"Est","s":"25N-H60N000I-80-I"},{"r":"203","t":"20:20:59","h":"Est","s":"25N-H60N100F-81-F1"},{"r":"203","t":"20:20:59","h":"Est","s":"25N-H60N200F-81-F2"},{"r":"203","t":"20:20:59","h":"Est","s":"25N-H60N300F-82-F3"},{"r":"203","t":"20:20:59","h":"Est","s":"25N-H60N400F-81-F4"},{"r":"203","t":"20:20:59","h":"Est","s":"25N-H60NV10I-80-I"},{"r":"203","t":"20:20:59","h":"Est","s":"25N-H60NV20I-80-I"},{"r":"203","t":"20:20:59","h":"Est","s":"25S-H60S000I-80-I"},{"r":"203","t":"20:20:59","h":"Est","s":"25S-H60S100F-82-F1"},{"r":"203","t":"20:20:59","h":"Est","s":"25S-H60S200F-81-F2"},{"r":"203","t":"20:26:35","h":"Est","s":"25N-H60N000S-80-S"},{"r":"203","t":"20:26:35","h":"Est","s":"25N-H60N000S-98-S"},{"r":"203","t":"20:26:35","h":"Est","s":"25N-H60NV10S-98-S"},{"r":"203","t":"20:26:35","h":"Est","s":"25N-H60NV20S-98-S"},{"r":"203","t":"20:26:35","h":"Est","s":"25S-H60S000S-80-S"},{"r":"203","t":"20:32:35","h":"Est","s":"25N-H60N000A-80-A"},{"r":"203","t":"20:32:35","h":"Est","s":"25N-H60NV10A-80-A"},{"r":"203","t":"20:32:35","h":"Est","s":"25N-H60NV20A-80-A"},{"r":"203","t":"20:32:35","h":"Est","s":"25S-H60S000A-80-A"},{"r":"203","t":"20:49:59","h":"Est","s":"25N-H60N000I-80-I"},{"r":"203","t":"20:49:59","h":"Est","s":"25N-H60N100F-81-F1"},{"r":"203","t":"20:49:59","h":"Est","s":"25N-H60N200F-81-F2"},{"r":"203","t":"20:49:59","h":"Est","s":"25N-H60N300F-82-F3"},{"r":"203","t":"20:49:59","h":"Est","s":"25N-H60N400F-81-F4"},{"r":"203","t":"20:49:59","h":"Est","s":"25N-H60NV10I-80-I"},{"r":"203","t":"20:49:59","h":"Est","s":"25N-H60NV20I-80-I"},{"r":"203","t":"20:49:59","h":"Est","s":"25S-H60S000I-80-I"},{"r":"203","t":"20:49:59","h":"Est","s":"25S-H60S100F-82-F1"},{"r":"203","t":"20:49:59","h":"Est","s":"25S-H60S200F-81-F2"},{"r":"203","t":"20:57:35","h":"Est","s":"25N-H60N000S-80-S"},{"r":"203","t":"20:57:35","h":"Est","s":"25N-H60N000S-98-S"},{"r":"203","t":"20:57:35","h":"Est","s":"25N-H60NV10S-98-S"},{"r":"203","t":"20:57:35","h":"Est","s":"25N-H60NV20S-98-S"},{"r":"203","t":"20:57:35","h":"Est","s":"25S-H60S000S-80-S"},{"r":"203","t":"21:01:35","h":"Est","s":"25N-H60N000A-80-A"},{"r":"203","t":"21:01:35","h":"Est","s":"25N-H60NV10A-80-A"},{"r":"203","t":"21:01:35","h":"Est","s":"25N-H60NV20A-80-A"},{"r":"203","t":"21:01:35","h":"Est","s":"25S-H60S000A-80-A"},{"r":"203","t":"21:18:35","h":"Est","s":"25N-H60N000I-80-I"},{"r":"203","t":"21:18:35","h":"Est","s":"25N-H60N100F-81-F1"},{"r":"203","t":"21:18:35","h":"Est","s":"25N-H60N200F-81-F2"},{"r":"203","t":"21:18:35","h":"Est","s":"25N-H60N300F-82-F3"},{"r":"203","t":"21:18:35","h":"Est","s":"25N-H60N400F-81-F4"},{"r":"203","t":"21:18:35","h":"Est","s":"25N-H60NV10I-80-I"},{"r":"203","t":"21:18:35","h":"Est","s":"25N-H60NV20I-80-I"},{"r":"203","t":"21:18:35","h":"Est","s":"25S-H60S000I-80-I"},{"r":"203","t":"21:18:35","h":"Est","s":"25S-H60S100F-82-F1"},{"r":"203","t":"21:18:35","h":"Est","s":"25S-H60S200F-81-F2"},{"r":"203","t":"21:27:35","h":"Est","s":"25N-H60N000S-80-S"},{"r":"203","t":"21:27:35","h":"Est","s":"25N-H60N000S-98-S"},{"r":"203","t":"21:27:35","h":"Est","s":"25N-H60NV10S-98-S"},{"r":"203","t":"21:27:35","h":"Est","s":"25N-H60NV20S-98-S"},{"r":"203","t":"21:27:35","h":"Est","s":"25S-H60S000S-80-S"},{"r":"203","t":"21:30:35","h":"Est","s":"25N-H60N000A-80-A"},{"r":"203","t":"21:30:35","h":"Est","s":"25N-H60NV10A-80-A"},{"r":"203","t":"21:30:35","h":"Est","s":"25N-H60NV20A-80-A"},{"r":"203","t":"21:30:35","h":"Est","s":"25S-H60S000A-80-A"},{"r":"203","t":"21:48:35","h":"Est","s":"25N-H60N000I-80-I"},{"r":"203","t":"21:48:35","h":"Est","s":"25N-H60N100F-81-F1"},{"r":"203","t":"21:48:35","h":"Est","s":"25N-H60N200F-81-F2"},{"r":"203","t":"21:48:35","h":"Est","s":"25N-H60N300F-82-F3"},{"r":"203","t":"21:48:35","h":"Est","s":"25N-H60N400F-81-F4"},{"r":"203","t":"21:48:35","h":"Est","s":"25N-H60NV10I-80-I"},{"r":"203","t":"21:48:35","h":"Est","s":"25N-H60NV20I-80-I"},{"r":"203","t":"21:48:35","h":"Est","s":"25S-H60S000I-80-I"},{"r":"203","t":"21:48:35","h":"Est","s":"25S-H60S100F-82-F1"},{"r":"203","t":"21:48:35","h":"Est","s":"25S-H60S200F-81-F2"},{"r":"203","t":"21:57:35","h":"Est","s":"25N-H60N000S-80-S"},{"r":"203","t":"21:57:35","h":"Est","s":"25N-H60N000S-98-S"},{"r":"203","t":"21:57:35","h":"Est","s":"25N-H60NV10S-98-S"},{"r":"203","t":"21:57:35","h":"Est","s":"25N-H60NV20S-98-S"},{"r":"203","t":"21:57:35","h":"Est","s":"25S-H60S000S-80-S"},{"r":"203","t":"21:59:35","h":"Est","s":"25N-H60N000A-80-A"},{"r":"203","t":"21:59:35","h":"Est","s":"25N-H60NV10A-80-A"},{"r":"203","t":"21:59:35","h":"Est","s":"25N-H60NV20A-80-A"},{"r":"203","t":"21:59:35","h":"Est","s":"25S-H60S000A-80-A"},{"r":"203","t":"22:18:35","h":"Est","s":"25N-H60N000I-80-I"},{"r":"203","t":"22:18:35","h":"Est","s":"25N-H60N100F-81-F1"},{"r":"203","t":"22:18:35","h":"Est","s":"25N-H60N200F-81-F2"},{"r":"203","t":"22:18:35","h":"Est","s":"25N-H60N300F-82-F3"},{"r":"203","t":"22:18:35","h":"Est","s":"25N-H60N400F-81-F4"},{"r":"203","t":"22:18:35","h":"Est","s":"25N-H60NV10I-80-I"},{"r":"203","t":"22:18:35","h":"Est","s":"25N-H60NV20I-80-I"},{"r":"203","t":"22:18:35","h":"Est","s":"25S-H60S000I-80-I"},{"r":"203","t":"22:18:35","h":"Est","s":"25S-H60S100F-82-F1"},{"r":"203","t":"22:18:35","h":"Est","s":"25S-H60S200F-81-F2"},{"r":"203","t":"22:27:35","h":"Est","s":"25N-H60N000A-80-A"},{"r":"203","t":"22:27:35","h":"Est","s":"25N-H60NV10A-80-A"},{"r":"203","t":"22:27:35","h":"Est","s":"25N-H60NV20A-80-A"},{"r":"203","t":"22:27:35","h":"Est","s":"25S-H60S000A-80-A"},{"r":"203","t":"22:28:35","h":"Est","s":"25N-H60N000S-80-S"},{"r":"203","t":"22:28:35","h":"Est","s":"25N-H60N000S-98-S"},{"r":"203","t":"22:28:35","h":"Est","s":"25N-H60NV10S-98-S"},{"r":"203","t":"22:28:35","h":"Est","s":"25N-H60NV20S-98-S"},{"r":"203","t":"22:28:35","h":"Est","s":"25S-H60S000S-80-S"},{"r":"203","t":"22:48:35","h":"Est","s":"25N-H60N000I-80-I"},{"r":"203","t":"22:48:35","h":"Est","s":"25N-H60N100F-81-F1"},{"r":"203","t":"22:48:35","h":"Est","s":"25N-H60N200F-81-F2"},{"r":"203","t":"22:48:35","h":"Est","s":"25N-H60N300F-82-F3"},{"r":"203","t":"22:48:35","h":"Est","s":"25N-H60N400F-81-F4"},{"r":"203","t":"22:48:35","h":"Est","s":"25N-H60NV10I-80-I"},{"r":"203","t":"22:48:35","h":"Est","s":"25N-H60NV20I-80-I"},{"r":"203","t":"22:48:35","h":"Est","s":"25S-H60S000I-80-I"},{"r":"203","t":"22:48:35","h":"Est","s":"25S-H60S100F-82-F1"},{"r":"203","t":"22:48:35","h":"Est","s":"25S-H60S200F-81-F2"},{"r":"203","t":"22:55:35","h":"Est","s":"25N-H60N000A-80-A"},{"r":"203","t":"22:55:35","h":"Est","s":"25N-H60N000S-80-S"},{"r":"203","t":"22:55:35","h":"Est","s":"25N-H60N000S-98-S"},{"r":"203","t":"22:55:35","h":"Est","s":"25N-H60NV10A-80-A"},{"r":"203","t":"22:55:35","h":"Est","s":"25N-H60NV10S-98-S"},{"r":"203","t":"22:55:35","h":"Est","s":"25N-H60NV20A-80-A"},{"r":"203","t":"22:55:35","h":"Est","s":"25N-H60NV20S-98-S"},{"r":"203","t":"22:55:35","h":"Est","s":"25S-H60S000A-80-A"},{"r":"203","t":"22:55:35","h":"Est","s":"25S-H60S000S-80-S"},{"r":"203","t":"23:17:35","h":"Est","s":"25N-H60N000I-80-I"},{"r":"203","t":"23:17:35","h":"Est","s":"25N-H60N100F-81-F1"},{"r":"203","t":"23:17:35","h":"Est","s":"25N-H60N200F-81-F2"},{"r":"203","t":"23:17:35","h":"Est","s":"25N-H60N300F-82-F3"},{"r":"203","t":"23:17:35","h":"Est","s":"25N-H60N400F-81-F4"},{"r":"203","t":"23:17:35","h":"Est","s":"25N-H60NV10I-80-I"},{"r":"203","t":"23:17:35","h":"Est","s":"25N-H60NV20I-80-I"},{"r":"203","t":"23:17:35","h":"Est","s":"25S-H60S000I-80-I"},{"r":"203","t":"23:17:35","h":"Est","s":"25S-H60S100F-82-F1"},{"r":"203","t":"23:17:35","h":"Est","s":"25S-H60S200F-81-F2"},{"r":"203","t":"23:23:35","h":"Est","s":"25N-H60N000A-80-A"},{"r":"203","t":"23:23:35","h":"Est","s":"25N-H60NV10A-80-A"},{"r":"203","t":"23:23:35","h":"Est","s":"25N-H60NV20A-80-A"},{"r":"203","t":"23:23:35","h":"Est","s":"25S-H60S000A-80-A"},{"r":"203","t":"23:24:35","h":"Est","s":"25N-H60N000S-80-S"},{"r":"203","t":"23:24:35","h":"Est","s":"25N-H60N000S-98-S"},{"r":"203","t":"23:24:35","h":"Est","s":"25N-H60NV10S-98-S"},{"r":"203","t":"23:24:35","h":"Est","s":"25N-H60NV20S-98-S"},{"r":"203","t":"23:24:35","h":"Est","s":"25S-H60S000S-80-S"},{"r":"203","t":"23:47:35","h":"Est","s":"25N-H60N000I-80-I"},{"r":"203","t":"23:47:35","h":"Est","s":"25N-H60N100F-81-F1"},{"r":"203","t":"23:47:35","h":"Est","s":"25N-H60N200F-81-F2"},{"r":"203","t":"23:47:35","h":"Est","s":"25N-H60N300F-82-F3"},{"r":"203","t":"23:47:35","h":"Est","s":"25N-H60N400F-81-F4"},{"r":"203","t":"23:47:35","h":"Est","s":"25N-H60NV10I-80-I"},{"r":"203","t":"23:47:35","h":"Est","s":"25N-H60NV20I-80-I"},{"r":"203","t":"23:47:35","h":"Est","s":"25S-H60S000I-80-I"},{"r":"203","t":"23:47:35","h":"Est","s":"25S-H60S100F-82-F1"},{"r":"203","t":"23:47:35","h":"Est","s":"25S-H60S200F-81-F2"},{"r":"203","t":"23:51:35","h":"Est","s":"25N-H60N000A-80-A"},{"r":"203","t":"23:51:35","h":"Est","s":"25N-H60NV10A-80-A"},{"r":"203","t":"23:51:35","h":"Est","s":"25N-H60NV20A-80-A"},{"r":"203","t":"23:51:35","h":"Est","s":"25S-H60S000A-80-A"},{"r":"203","t":"23:52:35","h":"Est","s":"25N-H60N000S-80-S"},{"r":"203","t":"23:52:35","h":"Est","s":"25N-H60N000S-98-S"},{"r":"203","t":"23:52:35","h":"Est","s":"25N-H60NV10S-98-S"},{"r":"203","t":"23:52:35","h":"Est","s":"25N-H60NV20S-98-S"},{"r":"203","t":"23:52:35","h":"Est","s":"25S-H60S000S-80-S"},{"r":"203","t":"24:17:35","h":"Est","s":"25N-H60N000I-80-I"},{"r":"203","t":"24:17:35","h":"Est","s":"25N-H60N100F-81-F1"},{"r":"203","t":"24:17:35","h":"Est","s":"25N-H60N200F-81-F2"},{"r":"203","t":"24:17:35","h":"Est","s":"25N-H60N300F-82-F3"},{"r":"203","t":"24:17:35","h":"Est","s":"25N-H60N400F-81-F4"},{"r":"203","t":"24:17:35","h":"Est","s":"25N-H60NV10I-80-I"},{"r":"203","t":"24:17:35","h":"Est","s":"25N-H60NV20I-80-I"},{"r":"203","t":"24:17:35","h":"Est","s":"25S-H60S000I-80-I"},{"r":"203","t":"24:17:35","h":"Est","s":"25S-H60S100F-82-F1"},{"r":"203","t":"24:17:35","h":"Est","s":"25S-H60S200F-81-F2"},{"r":"203","t":"24:19:35","h":"Est","s":"25N-H60N000A-80-A"},{"r":"203","t":"24:19:35","h":"Est","s":"25N-H60NV10A-80-A"},{"r":"203","t":"24:19:35","h":"Est","s":"25N-H60NV20A-80-A"},{"r":"203","t":"24:19:35","h":"Est","s":"25S-H60S000A-80-A"},{"r":"203","t":"24:20:35","h":"Est","s":"25N-H60N000S-80-S"},{"r":"203","t":"24:20:35","h":"Est","s":"25N-H60N000S-98-S"},{"r":"203","t":"24:20:35","h":"Est","s":"25N-H60NV10S-98-S"},{"r":"203","t":"24:20:35","h":"Est","s":"25N-H60NV20S-98-S"},{"r":"203","t":"24:20:35","h":"Est","s":"25S-H60S000S-80-S"}]