[{"r":"216","t":"06:36:34","h":"Est","s":"25N-H60N000S-80-S"},{"r":"216","t":"06:36:34","h":"Est","s":"25N-H60N000S-98-S"},{"r":"216","t":"06:36:34","h":"Est","s":"25N-H60N200F-81-F2"},{"r":"216","t":"06:36:34","h":"Est","s":"25N-H60N400F-81-F4"},{"r":"216","t":"06:36:34","h":"Est","s":"25N-H60NV10S-98-S"},{"r":"216","t":"06:36:34","h":"Est","s":"25N-H60NV20S-98-S"},{"r":"216","t":"06:36:34","h":"Est","s":"25S-H60S000S-80-S"},{"r":"216","t":"07:05:34","h":"Est","s":"25N-H60N000S-80-S"},{"r":"216","t":"07:05:34","h":"Est","s":"25N-H60N000S-98-S"},{"r":"216","t":"07:05:34","h":"Est","s":"25N-H60N200F-81-F2"},{"r":"216","t":"07:05:34","h":"Est","s":"25N-H60N400F-81-F4"},{"r":"216","t":"07:05:34","h":"Est","s":"25N-H60NV10S-98-S"},{"r":"216","t":"07:05:34","h":"Est","s":"25N-H60NV20S-98-S"},{"r":"216","t":"07:05:34","h":"Est","s":"25S-H60S000S-80-S"},{"r":"216","t":"07:38:34","h":"Est","s":"25N-H60N000S-80-S"},{"r":"216","t":"07:38:34","h":"Est","s":"25N-H60N000S-98-S"},{"r":"216","t":"07:38:34","h":"Est","s":"25N-H60N200F-81-F2"},{"r":"216","t":"07:38:34","h":"Est","s":"25N-H60N400F-81-F4"},{"r":"216","t":"07:38:34","h":"Est","s":"25N-H60NV10S-98-S"},{"r":"216","t":"07:38:34","h":"Est","s":"25N-H60NV20S-98-S"},{"r":"216","t":"07:38:34","h":"Est","s":"25S-H60S000S-80-S"},{"r":"216","t":"08:11:34","h":"Est","s":"25N-H60N000S-80-S"},{"r":"216","t":"08:11:34","h":"Est","s":"25N-H60N000S-98-S"},{"r":"216","t":"08:11:34","h":"Est","s":"25N-H60N200F-81-F2"},{"r":"216","t":"08:11:34","h":"Est","s":"25N-H60N400F-81-F4"},{"r":"216","t":"08:11:34","h":"Est","s":"25N-H60NV10S-98-S"},{"r":"216","t":"08:11:34","h":"Est","s":"25N-H60NV20S-98-S"},{"r":"216","t":"08:11:34","h":"Est","s":"25S-H60S000S-80-S"},{"r":"216","t":"08:40:34","h":"Est","s":"25N-H60N000S-80-S"},{"r":"216","t":"08:40:34","h":"Est","s":"25N-H60N000S-98-S"},{"r":"216","t":"08:40:34","h":"Est","s":"25N-H60N200F-81-F2"},{"r":"216","t":"08:40:34","h":"Est","s":"25N-H60N400F-81-F4"},{"r":"216","t":"08:40:34","h":"Est","s":"25N-H60NV10S-98-S"},{"r":"216","t":"08:40:34","h":"Est","s":"25N-H60NV20S-98-S"},{"r":"216","t":"08:40:34","h":"Est","s":"25S-H60S000S-80-S"},{"r":"216","t":"09:10:34","h":"Est","s":"25N-H60N000S-80-S"},{"r":"216","t":"09:10:34","h":"Est","s":"25N-H60N000S-98-S"},{"r":"216","t":"09:10:34","h":"Est","s":"25N-H60N200F-81-F2"},{"r":"216","t":"09:10:34","h":"Est","s":"25N-H60N400F-81-F4"},{"r":"216","t":"09:10:34","h":"Est","s":"25N-H60NV10S-98-S"},{"r":"216","t":"09:10:34","h":"Est","s":"25N-H60NV20S-98-S"},{"r":"216","t":"09:10:34","h":"Est","s":"25S-H60S000S-80-S"},{"r":"216","t":"09:32:34","h":"Est","s":"25N-H60N000S-80-S"},{"r":"216","t":"09:32:34","h":"Est","s":"25N-H60N000S-98-S"},{"r":"216","t":"09:32:34","h":"Est","s":"25N-H60N200F-81-F2"},{"r":"216","t":"09:32:34","h":"Est","s":"25N-H60N400F-81-F4"},{"r":"216","t":"09:32:34","h":"Est","s":"25N-H60NV10S-98-S"},{"r":"216","t":"09:32:34","h":"Est","s":"25N-H60NV20S-98-S"},{"r":"216","t":"09:32:34","h":"Est","s":"25S-H60S000S-80-S"},{"r":"216","t":"15:15:34","h":"Est","s":"25N-H60N000S-80-S"},{"r":"216","t":"15:15:34","h":"Est","s":"25N-H60N000S-98-S"},{"r":"216","t":"15:15:34","h":"Est","s":"25N-H60N200F-81-F2"},{"r":"216","t":"15:15:34","h":"Est","s":"25N-H60N400F-81-F4"},{"r":"216","t":"15:15:34","h":"Est","s":"25N-H60NV10S-98-S"},{"r":"216","t":"15:15:34","h":"Est","s":"25N-H60NV20S-98-S"},{"r":"216","t":"15:15:34","h":"Est","s":"25S-H60S000S-80-S"},{"r":"216","t":"15:46:34","h":"Est","s":"25N-H60N000S-80-S"},{"r":"216","t":"15:46:34","h":"Est","s":"25N-H60N000S-98-S"},{"r":"216","t":"15:46:34","h":"Est","s":"25N-H60N200F-81-F2"},{"r":"216","t":"15:46:34","h":"Est","s":"25N-H60N400F-81-F4"},{"r":"216","t":"15:46:34","h":"Est","s":"25N-H60NV10S-98-S"},{"r":"216","t":"15:46:34","h":"Est","s":"25N-H60NV20S-98-S"},{"r":"216","t":"15:46:34","h":"Est","s":"25S-H60S000S-80-S"},{"r":"216","t":"16:14:34","h":"Est","s":"25N-H60N000S-80-S"},{"r":"216","t":"16:14:34","h":"Est","s":"25N-H60N000S-98-S"},{"r":"216","t":"16:14:34","h":"Est","s":"25N-H60N200F-81-F2"},{"r":"216","t":"16:14:34","h":"Est","s":"25N-H60N400F-81-F4"},{"r":"216","t":"16:14:34","h":"Est","s":"25N-H60NV10S-98-S"},{"r":"216","t":"16:14:34","h":"Est","s":"25N-H60NV20S-98-S"},{"r":"216","t":"16:14:34","h":"Est","s":"25S-H60S000S-80-S"},{"r":"216","t":"16:45:05","h":"Est","s":"25N-H60N000S-80-S"},{"r":"216","t":"16:45:05","h":"Est","s":"25N-H60N000S-98-S"},{"r":"216","t":"16:45:05","h":"Est","s":"25N-H60N200F-81-F2"},{"r":"216","t":"16:45:05","h":"Est","s":"25N-H60N400F-81-F4"},{"r":"216","t":"16:45:05","h":"Est","s":"25N-H60NV10S-98-S"},{"r":"216","t":"16:45:05","h":"Est","s":"25N-H60NV20S-98-S"},{"r":"216","t":"16:45:05","h":"Est","s":"25S-H60S000S-80-S"},{"r":"216","t":"17:15:03","h":"Est","s":"25N-H60N000S-80-S"},{"r":"216","t":"17:15:03","h":"Est","s":"25N-H60N000S-98-S"},{"r":"216","t":"17:15:03","h":"Est","s":"25N-H60N200F-81-F2"},{"r":"216","t":"17:15:03","h":"Est","s":"25N-H60N400F-81-F4"},{"r":"216","t":"17:15:03","h":"Est","s":"25N-H60NV10S-98-S"},{"r":"216","t":"17:15:03","h":"Est","s":"25N-H60NV20S-98-S"},{"r":"216","t":"17:15:03","h":"Est","s":"25S-H60S000S-80-S"},{"r":"216","t":"17:45:03","h":"Est","s":"25N-H60N000S-80-S"},{"r":"216","t":"17:45:03","h":"Est","s":"25N-H60N000S-98-S"},{"r":"216","t":"17:45:03","h":"Est","s":"25N-H60N200F-81-F2"},{"r":"216","t":"17:45:03","h":"Est","s":"25N-H60N400F-81-F4"},{"r":"216","t":"17:45:03","h":"Est","s":"25N-H60NV10S-98-S"},{"r":"216","t":"17:45:03","h":"Est","s":"25N-H60NV20S-98-S"},{"r":"216","t":"17:45:03","h":"Est","s":"25S-H60S000S-80-S"},{"r":"216","t":"18:20:03","h":"Est","s":"25N-H60N000S-80-S"},{"r":"216","t":"18:20:03","h":"Est","s":"25N-H60N000S-98-S"},{"r":"216","t":"18:20:03","h":"Est","s":"25N-H60N200F-81-F2"},{"r":"216","t":"18:20:03","h":"Est","s":"25N-H60N400F-81-F4"},{"r":"216","t":"18:20:03","h":"Est","s":"25N-H60NV10S-98-S"},{"r":"216","t":"18:20:03","h":"Est","s":"25N-H60NV20S-98-S"},{"r":"216","t":"18:20:03","h":"Est","s":"25S-H60S000S-80-S"},{"r":"216","t":"18:57:03","h":"Est","s":"25N-H60N000S-80-S"},{"r":"216","t":"18:57:03","h":"Est","s":"25N-H60N000S-98-S"},{"r":"216","t":"18:57:03","h":"Est","s":"25N-H60N200F-81-F2"},{"r":"216","t":"18:57:03","h":"Est","s":"25N-H60N400F-81-F4"},{"r":"216","t":"18:57:03","h":"Est","s":"25N-H60NV10S-98-S"},{"r":"216","t":"18:57:03","h":"Est","s":"25N-H60NV20S-98-S"},{"r":"216","t":"18:57:03","h":"Est","s":"25S-H60S000S-80-S"}]