[{"r":"206","t":"06:09:00","h":"Ouest","s":"25N-H60N000S-80-S"},{"r":"206","t":"06:09:00","h":"Ouest","s":"25N-H60N000S-98-S"},{"r":"206","t":"06:09:00","h":"Ouest","s":"25N-H60NV10S-98-S"},{"r":"206","t":"06:09:00","h":"Ouest","s":"25N-H60NV20S-98-S"},{"r":"206","t":"06:09:00","h":"Ouest","s":"25S-H60S000S-80-S"},{"r":"409","t":"06:16:00","h":"Nord","s":"25N-H60N000S-80-S"},{"r":"409","t":"06:16:00","h":"Nord","s":"25N-H60N000S-98-S"},{"r":"409","t":"06:16:00","h":"Nord","s":"25N-H60NV10S-98-S"},{"r":"409","t":"06:16:00","h":"Nord","s":"25N-H60NV20S-98-S"},{"r":"409","t":"06:16:00","h":"Nord","s":"25S-H60S000S-80-S"},{"r":"206","t":"06:37:00","h":"Ouest","s":"25N-H60N000S-80-S"},{"r":"206","t":"06:37:00","h":"Ouest","s":"25N-H60N000S-98-S"},{"r":"206","t":"06:37:00","h":"Ouest","s":"25N-H60NV10S-98-S"},{"r":"206","t":"06:37:00","h":"Ouest","s":"25N-H60NV20S-98-S"},{"r":"206","t":"06:37:00","h":"Ouest","s":"25S-H60S000S-80-S"},{"r":"409","t":"06:50:00","h":"Nord","s":"25N-H60N000S-80-S"},{"r":"409","t":"06:50:00","h":"Nord","s":"25N-H60N000S-98-S"},{"r":"409","t":"06:50:00","h":"Nord","s":"25N-H60NV10S-98-S"},{"r":"409","t":"06:50:00","h":"Nord","s":"25N-H60NV20S-98-S"},{"r":"409","t":"06:50:00","h":"Nord","s":"25S-H60S000S-80-S"},{"r":"206","t":"07:05:00","h":"Ouest","s":"25N-H60N000S-80-S"},{"r":"206","t":"07:05:00","h":"Ouest","s":"25N-H60N000S-98-S"},{"r":"206","t":"07:05:00","h":"Ouest","s":"25N-H60NV10S-98-S"},{"r":"206","t":"07:05:00","h":"Ouest","s":"25N-H60NV20S-98-S"},{"r":"206","t":"07:05:00","h":"Ouest","s":"25S-H60S000S-80-S"},{"r":"206","t":"07:08:00","h":"Ouest","s":"25N-H60N000A-80-A"},{"r":"206","t":"07:08:00","h":"Ouest","s":"25N-H60NV10A-80-A"},{"r":"206","t":"07:08:00","h":"Ouest","s":"25N-H60NV20A-80-A"},{"r":"206","t":"07:08:00","h":"Ouest","s":"25S-H60S000A-80-A"},{"r":"409","t":"07:23:00","h":"Nord","s":"25N-H60N000S-80-S"},{"r":"409","t":"07:23:00","h":"Nord","s":"25N-H60N000S-98-S"},{"r":"409","t":"07:23:00","h":"Nord","s":"25N-H60NV10S-98-S"},{"r":"409","t":"07:23:00","h":"Nord","s":"25N-H60NV20S-98-S"},{"r":"409","t":"07:23:00","h":"Nord","s":"25S-H60S000S-80-S"},{"r":"206","t":"07:36:00","h":"Ouest","s":"25N-H60N000S-80-S"},{"r":"206","t":"07:36:00","h":"Ouest","s":"25N-H60N000S-98-S"},{"r":"206","t":"07:36:00","h":"Ouest","s":"25N-H60NV10S-98-S"},{"r":"206","t":"07:36:00","h":"Ouest","s":"25N-H60NV20S-98-S"},{"r":"206","t":"07:36:00","h":"Ouest","s":"25S-H60S000S-80-S"},{"r":"206","t":"07:38:00","h":"Ouest","s":"25N-H60N000A-80-A"},{"r":"206","t":"07:38:00","h":"Ouest","s":"25N-H60N000I-80-I"},{"r":"206","t":"07:38:00","h":"Ouest","s":"25N-H60N100F-81-F1"},{"r":"206","t":"07:38:00","h":"Ouest","s":"25N-H60N200F-81-F2"},{"r":"206","t":"07:38:00","h":"Ouest","s":"25N-H60N300F-82-F3"},{"r":"206","t":"07:38:00","h":"Ouest","s":"25N-H60N400F-81-F4"},{"r":"206","t":"07:38:00","h":"Ouest","s":"25N-H60NV10A-80-A"},{"r":"206","t":"07:38:00","h":"Ouest","s":"25N-H60NV10I-80-I"},{"r":"206","t":"07:38:00","h":"Ouest","s":"25N-H60NV20A-80-A"},{"r":"206","t":"07:38:00","h":"Ouest","s":"25N-H60NV20I-80-I"},{"r":"206","t":"07:38:00","h":"Ouest","s":"25S-H60S000A-80-A"},{"r":"206","t":"07:38:00","h":"Ouest","s":"25S-H60S000I-80-I"},{"r":"206","t":"07:38:00","h":"Ouest","s":"25S-H60S100F-82-F1"},{"r":"206","t":"07:38:00","h":"Ouest","s":"25S-H60S200F-81-F2"},{"r":"409","t":"07:44:00","h":"Nord","s":"25N-H60N000S-80-S"},{"r":"409","t":"07:44:00","h":"Nord","s":"25N-H60N000S-98-S"},{"r":"409","t":"07:44:00","h":"Nord","s":"25N-H60NV10S-98-S"},{"r":"409","t":"07:44:00","h":"Nord","s":"25N-H60NV20S-98-S"},{"r":"409","t":"07:44:00","h":"Nord","s":"25S-H60S000S-80-S"},{"r":"409","t":"08:03:00","h":"Nord","s":"25N-H60N000S-80-S"},{"r":"409","t":"08:03:00","h":"Nord","s":"25N-H60N000S-98-S"},{"r":"409","t":"08:03:00","h":"Nord","s":"25N-H60NV10S-98-S"},{"r":"409","t":"08:03:00","h":"Nord","s":"25N-H60NV20S-98-S"},{"r":"409","t":"08:03:00","h":"Nord","s":"25S-H60S000S-80-S"},{"r":"206","t":"08:06:00","h":"Ouest","s":"25N-H60N000S-80-S"},{"r":"206","t":"08:06:00","h":"Ouest","s":"25N-H60N000S-98-S"},{"r":"206","t":"08:06:00","h":"Ouest","s":"25N-H60NV10S-98-S"},{"r":"206","t":"08:06:00","h":"Ouest","s":"25N-H60NV20S-98-S"},{"r":"206","t":"08:06:00","h":"Ouest","s":"25S-H60S000S-80-S"},{"r":"206","t":"08:08:00","h":"Ouest","s":"25N-H60N000A-80-A"},{"r":"206","t":"08:08:00","h":"Ouest","s":"25N-H60N000I-80-I"},{"r":"206","t":"08:08:00","h":"Ouest","s":"25N-H60N100F-81-F1"},{"r":"206","t":"08:08:00","h":"Ouest","s":"25N-H60N200F-81-F2"},{"r":"206","t":"08:08:00","h":"Ouest","s":"25N-H60N300F-82-F3"},{"r":"206","t":"08:08:00","h":"Ouest","s":"25N-H60N400F-81-F4"},{"r":"206","t":"08:08:00","h":"Ouest","s":"25N-H60NV10A-80-A"},{"r":"206","t":"08:08:00","h":"Ouest","s":"25N-H60NV10I-80-I"},{"r":"206","t":"08:08:00","h":"Ouest","s":"25N-H60NV20A-80-A"},{"r":"206","t":"08:08:00","h":"Ouest","s":"25N-H60NV20I-80-I"},{"r":"206","t":"08:08:00","h":"Ouest","s":"25S-H60S000A-80-A"},{"r":"206","t":"08:08:00","h":"Ouest","s":"25S-H60S000I-80-I"},{"r":"206","t":"08:08:00","h":"Ouest","s":"25S-H60S100F-82-F1"},{"r":"206","t":"08:08:00","h":"Ouest","s":"25S-H60S200F-81-F2"},{"r":"409","t":"08:22:00","h":"Nord","s":"25N-H60N000S-80-S"},{"r":"409","t":"08:22:00","h":"Nord","s":"25N-H60N000S-98-S"},{"r":"409","t":"08:22:00","h":"Nord","s":"25N-H60NV10S-98-S"},{"r":"409","t":"08:22:00","h":"Nord","s":"25N-H60NV20S-98-S"},{"r":"409","t":"08:22:00","h":"Nord","s":"25S-H60S000S-80-S"},{"r":"206","t":"08:36:00","h":"Ouest","s":"25N-H60N000S-80-S"},{"r":"206","t":"08:36:00","h":"Ouest","s":"25N-H60N000S-98-S"},{"r":"206","t":"08:36:00","h":"Ouest","s":"25N-H60NV10S-98-S"},{"r":"206","t":"08:36:00","h":"Ouest","s":"25N-H60NV20S-98-S"},{"r":"206","t":"08:36:00","h":"Ouest","s":"25S-H60S000S-80-S"},{"r":"206","t":"08:38:00","h":"Ouest","s":"25N-H60N000A-80-A"},{"r":"206","t":"08:38:00","h":"Ouest","s":"25N-H60N000I-80-I"},{"r":"206","t":"08:38:00","h":"Ouest","s":"25N-H60N100F-81-F1"},{"r":"206","t":"08:38:00","h":"Ouest","s":"25N-H60N200F-81-F2"},{"r":"206","t":"08:38:00","h":"Ouest","s":"25N-H60N300F-82-F3"},{"r":"206","t":"08:38:00","h":"Ouest","s":"25N-H60N400F-81-F4"},{"r":"206","t":"08:38:00","h":"Ouest","s":"25N-H60NV10A-80-A"},{"r":"206","t":"08:38:00","h":"Ouest","s":"25N-H60NV10I-80-I"},{"r":"206","t":"08:38:00","h":"Ouest","s":"25N-H60NV20A-80-A"},{"r":"206","t":"08:38:00","h":"Ouest","s":"25N-H60NV20I-80-I"},{"r":"206","t":"08:38:00","h":"Ouest","s":"25S-H60S000A-80-A"},{"r":"206","t":"08:38:00","h":"Ouest","s":"25S-H60S000I-80-I"},{"r":"206","t":"08:38:00","h":"Ouest","s":"25S-H60S100F-82-F1"},{"r":"206","t":"08:38:00","h":"Ouest","s":"25S-H60S200F-81-F2"},{"r":"409","t":"08:42:00","h":"Nord","s":"25N-H60N000S-80-S"},{"r":"409","t":"08:42:00","h":"Nord","s":"25N-H60N000S-98-S"},{"r":"409","t":"08:42:00","h":"Nord","s":"25N-H60NV10S-98-S"},{"r":"409","t":"08:42:00","h":"Nord","s":"25N-H60NV20S-98-S"},{"r":"409","t":"08:42:00","h":"Nord","s":"25S-H60S000S-80-S"},{"r":"409","t":"09:00:00","h":"Nord","s":"25N-H60N000S-80-S"},{"r":"409","t":"09:00:00","h":"Nord","s":"25N-H60N000S-98-S"},{"r":"409","t":"09:00:00","h":"Nord","s":"25N-H60NV10S-98-S"},{"r":"409","t":"09:00:00","h":"Nord","s":"25N-H60NV20S-98-S"},{"r":"409","t":"09:00:00","h":"Nord","s":"25S-H60S000S-80-S"},{"r":"206","t":"09:06:00","h":"Ouest","s":"25N-H60N000S-80-S"},{"r":"206","t":"09:06:00","h":"Ouest","s":"25N-H60N000S-98-S"},{"r":"206","t":"09:06:00","h":"Ouest","s":"25N-H60NV10S-98-S"},{"r":"206","t":"09:06:00","h":"Ouest","s":"25N-H60NV20S-98-S"},{"r":"206","t":"09:06:00","h":"Ouest","s":"25S-H60S000S-80-S"},{"r":"206","t":"09:08:00","h":"Ouest","s":"25N-H60N000I-80-I"},{"r":"206","t":"09:08:00","h":"Ouest","s":"25N-H60N100F-81-F1"},{"r":"206","t":"09:08:00","h":"Ouest","s":"25N-H60N200F-81-F2"},{"r":"206","t":"09:08:00","h":"Ouest","s":"25N-H60N300F-82-F3"},{"r":"206","t":"09:08:00","h":"Ouest","s":"25N-H60N400F-81-F4"},{"r":"206","t":"09:08:00","h":"Ouest","s":"25N-H60NV10I-80-I"},{"r":"206","t":"09:08:00","h":"Ouest","s":"25N-H60NV20I-80-I"},{"r":"206","t":"09:08:00","h":"Ouest","s":"25S-H60S000I-80-I"},{"r":"206","t":"09:08:00","h":"Ouest","s":"25S-H60S100F-82-F1"},{"r":"206","t":"09:08:00","h":"Ouest","s":"25S-H60S200F-81-F2"},{"r":"206","t":"09:09:00","h":"Ouest","s":"25N-H60N000A-80-A"},{"r":"206","t":"09:09:00","h":"Ouest","s":"25N-H60NV10A-80-A"},{"r":"206","t":"09:09:00","h":"Ouest","s":"25N-H60NV20A-80-A"},{"r":"206","t":"09:09:00","h":"Ouest","s":"25S-H60S000A-80-A"},{"r":"409","t":"09:18:00","h":"Nord","s":"25N-H60N000S-80-S"},{"r":"409","t":"09:18:00","h":"Nord","s":"25N-H60N000S-98-S"},{"r":"409","t":"09:18:00","h":"Nord","s":"25N-H60NV10S-98-S"},{"r":"409","t":"09:18:00","h":"Nord","s":"25N-H60NV20S-98-S"},{"r":"409","t":"09:18:00","h":"Nord","s":"25S-H60S000S-80-S"},{"r":"206","t":"09:37:00","h":"Ouest","s":"25N-H60N000S-80-S"},{"r":"206","t":"09:37:00","h":"Ouest","s":"25N-H60N000S-98-S"},{"r":"206","t":"09:37:00","h":"Ouest","s":"25N-H60NV10S-98-S"},{"r":"206","t":"09:37:00","h":"Ouest","s":"25N-H60NV20S-98-S"},{"r":"206","t":"09:37:00","h":"Ouest","s":"25S-H60S000S-80-S"},{"r":"206","t":"09:38:00","h":"Ouest","s":"25N-H60N000I-80-I"},{"r":"409","t":"09:38:00","h":"Nord","s":"25N-H60N000S-80-S"},{"r":"409","t":"09:38:00","h":"Nord","s":"25N-H60N000S-98-S"},{"r":"206","t":"09:38:00","h":"Ouest","s":"25N-H60N100F-81-F1"},{"r":"206","t":"09:38:00","h":"Ouest","s":"25N-H60N200F-81-F2"},{"r":"206","t":"09:38:00","h":"Ouest","s":"25N-H60N300F-82-F3"},{"r":"206","t":"09:38:00","h":"Ouest","s":"25N-H60N400F-81-F4"},{"r":"206","t":"09:38:00","h":"Ouest","s":"25N-H60NV10I-80-I"},{"r":"409","t":"09:38:00","h":"Nord","s":"25N-H60NV10S-98-S"},{"r":"206","t":"09:38:00","h":"Ouest","s":"25N-H60NV20I-80-I"},{"r":"409","t":"09:38:00","h":"Nord","s":"25N-H60NV20S-98-S"},{"r":"206","t":"09:38:00","h":"Ouest","s":"25S-H60S000I-80-I"},{"r":"409","t":"09:38:00","h":"Nord","s":"25S-H60S000S-80-S"},{"r":"206","t":"09:38:00","h":"Ouest","s":"25S-H60S100F-82-F1"},{"r":"206","t":"09:38:00","h":"Ouest","s":"25S-H60S200F-81-F2"},{"r":"206","t":"09:39:00","h":"Ouest","s":"25N-H60N000A-80-A"},{"r":"206","t":"09:39:00","h":"Ouest","s":"25N-H60NV10A-80-A"},{"r":"206","t":"09:39:00","h":"Ouest","s":"25N-H60NV20A-80-A"},{"r":"206","t":"09:39:00","h":"Ouest","s":"25S-H60S000A-80-A"},{"r":"206","t":"10:07:00","h":"Ouest","s":"25N-H60N000S-80-S"},{"r":"206","t":"10:07:00","h":"Ouest","s":"25N-H60N000S-98-S"},{"r":"206","t":"10:07:00","h":"Ouest","s":"25N-H60NV10S-98-S"},{"r":"206","t":"10:07:00","h":"Ouest","s":"25N-H60NV20S-98-S"},{"r":"206","t":"10:07:00","h":"Ouest","s":"25S-H60S000S-80-S"},{"r":"206","t":"10:08:00","h":"Ouest","s":"25N-H60N000I-80-I"},{"r":"206","t":"10:08:00","h":"Ouest","s":"25N-H60N100F-81-F1"},{"r":"206","t":"10:08:00","h":"Ouest","s":"25N-H60N200F-81-F2"},{"r":"206","t":"10:08:00","h":"Ouest","s":"25N-H60N300F-82-F3"},{"r":"206","t":"10:08:00","h":"Ouest","s":"25N-H60N400F-81-F4"},{"r":"206","t":"10:08:00","h":"Ouest","s":"25N-H60NV10I-80-I"},{"r":"206","t":"10:08:00","h":"Ouest","s":"25N-H60NV20I-80-I"},{"r":"206","t":"10:08:00","h":"Ouest","s":"25S-H60S000I-80-I"},{"r":"206","t":"10:08:00","h":"Ouest","s":"25S-H60S100F-82-F1"},{"r":"206","t":"10:08:00","h":"Ouest","s":"25S-H60S200F-81-F2"},{"r":"206","t":"10:09:00","h":"Ouest","s":"25N-H60N000A-80-A"},{"r":"206","t":"10:09:00","h":"Ouest","s":"25N-H60NV10A-80-A"},{"r":"206","t":"10:09:00","h":"Ouest","s":"25N-H60NV20A-80-A"},{"r":"206","t":"10:09:00","h":"Ouest","s":"25S-H60S000A-80-A"},{"r":"206","t":"10:38:00","h":"Ouest","s":"25N-H60N000I-80-I"},{"r":"206","t":"10:38:00","h":"Ouest","s":"25N-H60N000S-80-S"},{"r":"206","t":"10:38:00","h":"Ouest","s":"25N-H60N000S-98-S"},{"r":"206","t":"10:38:00","h":"Ouest","s":"25N-H60N100F-81-F1"},{"r":"206","t":"10:38:00","h":"Ouest","s":"25N-H60N200F-81-F2"},{"r":"206","t":"10:38:00","h":"Ouest","s":"25N-H60N300F-82-F3"},{"r":"206","t":"10:38:00","h":"Ouest","s":"25N-H60N400F-81-F4"},{"r":"206","t":"10:38:00","h":"Ouest","s":"25N-H60NV10I-80-I"},{"r":"206","t":"10:38:00","h":"Ouest","s":"25N-H60NV10S-98-S"},{"r":"206","t":"10:38:00","h":"Ouest","s":"25N-H60NV20I-80-I"},{"r":"206","t":"10:38:00","h":"Ouest","s":"25N-H60NV20S-98-S"},{"r":"206","t":"10:38:00","h":"Ouest","s":"25S-H60S000I-80-I"},{"r":"206","t":"10:38:00","h":"Ouest","s":"25S-H60S000S-80-S"},{"r":"206","t":"10:38:00","h":"Ouest","s":"25S-H60S100F-82-F1"},{"r":"206","t":"10:38:00","h":"Ouest","s":"25S-H60S200F-81-F2"},{"r":"206","t":"10:39:00","h":"Ouest","s":"25N-H60N000A-80-A"},{"r":"206","t":"10:39:00","h":"Ouest","s":"25N-H60NV10A-80-A"},{"r":"206","t":"10:39:00","h":"Ouest","s":"25N-H60NV20A-80-A"},{"r":"206","t":"10:39:00","h":"Ouest","s":"25S-H60S000A-80-A"},{"r":"206","t":"11:08:00","h":"Ouest","s":"25N-H60N000A-80-A"},{"r":"206","t":"11:08:00","h":"Ouest","s":"25N-H60N000I-80-I"},{"r":"206","t":"11:08:00","h":"Ouest","s":"25N-H60N000S-80-S"},{"r":"206","t":"11:08:00","h":"Ouest","s":"25N-H60N000S-98-S"},{"r":"206","t":"11:08:00","h":"Ouest","s":"25N-H60N100F-81-F1"},{"r":"206","t":"11:08:00","h":"Ouest","s":"25N-H60N200F-81-F2"},{"r":"206","t":"11:08:00","h":"Ouest","s":"25N-H60N300F-82-F3"},{"r":"206","t":"11:08:00","h":"Ouest","s":"25N-H60N400F-81-F4"},{"r":"206","t":"11:08:00","h":"Ouest","s":"25N-H60NV10A-80-A"},{"r":"206","t":"11:08:00","h":"Ouest","s":"25N-H60NV10I-80-I"},{"r":"206","t":"11:08:00","h":"Ouest","s":"25N-H60NV10S-98-S"},{"r":"206","t":"11:08:00","h":"Ouest","s":"25N-H60NV20A-80-A"},{"r":"206","t":"11:08:00","h":"Ouest","s":"25N-H60NV20I-80-I"},{"r":"206","t":"11:08:00","h":"Ouest","s":"25N-H60NV20S-98-S"},{"r":"206","t":"11:08:00","h":"Ouest","s":"25S-H60S000A-80-A"},{"r":"206","t":"11:08:00","h":"Ouest","s":"25S-H60S000I-80-I"},{"r":"206","t":"11:08:00","h":"Ouest","s":"25S-H60S000S-80-S"},{"r":"206","t":"11:08:00","h":"Ouest","s":"25S-H60S100F-82-F1"},{"r":"206","t":"11:08:00","h":"Ouest","s":"25S-H60S200F-81-F2"},{"r":"206","t":"11:38:00","h":"Ouest","s":"25N-H60N000A-80-A"},{"r":"206","t":"11:38:00","h":"Ouest","s":"25N-H60N000I-80-I"},{"r":"206","t":"11:38:00","h":"Ouest","s":"25N-H60N100F-81-F1"},{"r":"206","t":"11:38:00","h":"Ouest","s":"25N-H60N200F-81-F2"},{"r":"206","t":"11:38:00","h":"Ouest","s":"25N-H60N300F-82-F3"},{"r":"206","t":"11:38:00","h":"Ouest","s":"25N-H60N400F-81-F4"},{"r":"206","t":"11:38:00","h":"Ouest","s":"25N-H60NV10A-80-A"},{"r":"206","t":"11:38:00","h":"Ouest","s":"25N-H60NV10I-80-I"},{"r":"206","t":"11:38:00","h":"Ouest","s":"25N-H60NV20A-80-A"},{"r":"206","t":"11:38:00","h":"Ouest","s":"25N-H60NV20I-80-I"},{"r":"206","t":"11:38:00","h":"Ouest","s":"25S-H60S000A-80-A"},{"r":"206","t":"11:38:00","h":"Ouest","s":"25S-H60S000I-80-I"},{"r":"206","t":"11:38:00","h":"Ouest","s":"25S-H60S100F-82-F1"},{"r":"206","t":"11:38:00","h":"Ouest","s":"25S-H60S200F-81-F2"},{"r":"206","t":"11:39:00","h":"Ouest","s":"25N-H60N000S-80-S"},{"r":"206","t":"11:39:00","h":"Ouest","s":"25N-H60N000S-98-S"},{"r":"206","t":"11:39:00","h":"Ouest","s":"25N-H60NV10S-98-S"},{"r":"206","t":"11:39:00","h":"Ouest","s":"25N-H60NV20S-98-S"},{"r":"206","t":"11:39:00","h":"Ouest","s":"25S-H60S000S-80-S"},{"r":"206","t":"12:08:00","h":"Ouest","s":"25N-H60N000A-80-A"},{"r":"206","t":"12:08:00","h":"Ouest","s":"25N-H60N000I-80-I"},{"r":"206","t":"12:08:00","h":"Ouest","s":"25N-H60N100F-81-F1"},{"r":"206","t":"12:08:00","h":"Ouest","s":"25N-H60N200F-81-F2"},{"r":"206","t":"12:08:00","h":"Ouest","s":"25N-H60N300F-82-F3"},{"r":"206","t":"12:08:00","h":"Ouest","s":"25N-H60N400F-81-F4"},{"r":"206","t":"12:08:00","h":"Ouest","s":"25N-H60NV10A-80-A"},{"r":"206","t":"12:08:00","h":"Ouest","s":"25N-H60NV10I-80-I"},{"r":"206","t":"12:08:00","h":"Ouest","s":"25N-H60NV20A-80-A"},{"r":"206","t":"12:08:00","h":"Ouest","s":"25N-H60NV20I-80-I"},{"r":"206","t":"12:08:00","h":"Ouest","s":"25S-H60S000A-80-A"},{"r":"206","t":"12:08:00","h":"Ouest","s":"25S-H60S000I-80-I"},{"r":"206","t":"12:08:00","h":"Ouest","s":"25S-H60S100F-82-F1"},{"r":"206","t":"12:08:00","h":"Ouest","s":"25S-H60S200F-81-F2"},{"r":"206","t":"12:09:00","h":"Ouest","s":"25N-H60N000S-80-S"},{"r":"206","t":"12:09:00","h":"Ouest","s":"25N-H60N000S-98-S"},{"r":"206","t":"12:09:00","h":"Ouest","s":"25N-H60NV10S-98-S"},{"r":"206","t":"12:09:00","h":"Ouest","s":"25N-H60NV20S-98-S"},{"r":"206","t":"12:09:00","h":"Ouest","s":"25S-H60S000S-80-S"},{"r":"206","t":"12:38:00","h":"Ouest","s":"25N-H60N000A-80-A"},{"r":"206","t":"12:38:00","h":"Ouest","s":"25N-H60N000I-80-I"},{"r":"206","t":"12:38:00","h":"Ouest","s":"25N-H60N100F-81-F1"},{"r":"206","t":"12:38:00","h":"Ouest","s":"25N-H60N200F-81-F2"},{"r":"206","t":"12:38:00","h":"Ouest","s":"25N-H60N300F-82-F3"},{"r":"206","t":"12:38:00","h":"Ouest","s":"25N-H60N400F-81-F4"},{"r":"206","t":"12:38:00","h":"Ouest","s":"25N-H60NV10A-80-A"},{"r":"206","t":"12:38:00","h":"Ouest","s":"25N-H60NV10I-80-I"},{"r":"206","t":"12:38:00","h":"Ouest","s":"25N-H60NV20A-80-A"},{"r":"206","t":"12:38:00","h":"Ouest","s":"25N-H60NV20I-80-I"},{"r":"206","t":"12:38:00","h":"Ouest","s":"25S-H60S000A-80-A"},{"r":"206","t":"12:38:00","h":"Ouest","s":"25S-H60S000I-80-I"},{"r":"206","t":"12:38:00","h":"Ouest","s":"25S-H60S100F-82-F1"},{"r":"206","t":"12:38:00","h":"Ouest","s":"25S-H60S200F-81-F2"},{"r":"206","t":"12:40:00","h":"Ouest","s":"25N-H60N000S-80-S"},{"r":"206","t":"12:40:00","h":"Ouest","s":"25N-H60N000S-98-S"},{"r":"206","t":"12:40:00","h":"Ouest","s":"25N-H60NV10S-98-S"},{"r":"206","t":"12:40:00","h":"Ouest","s":"25N-H60NV20S-98-S"},{"r":"206","t":"12:40:00","h":"Ouest","s":"25S-H60S000S-80-S"},{"r":"206","t":"13:08:00","h":"Ouest","s":"25N-H60N000A-80-A"},{"r":"206","t":"13:08:00","h":"Ouest","s":"25N-H60N000I-80-I"},{"r":"206","t":"13:08:00","h":"Ouest","s":"25N-H60N100F-81-F1"},{"r":"206","t":"13:08:00","h":"Ouest","s":"25N-H60N200F-81-F2"},{"r":"206","t":"13:08:00","h":"Ouest","s":"25N-H60N300F-82-F3"},{"r":"206","t":"13:08:00","h":"Ouest","s":"25N-H60N400F-81-F4"},{"r":"206","t":"13:08:00","h":"Ouest","s":"25N-H60NV10A-80-A"},{"r":"206","t":"13:08:00","h":"Ouest","s":"25N-H60NV10I-80-I"},{"r":"206","t":"13:08:00","h":"Ouest","s":"25N-H60NV20A-80-A"},{"r":"206","t":"13:08:00","h":"Ouest","s":"25N-H60NV20I-80-I"},{"r":"206","t":"13:08:00","h":"Ouest","s":"25S-H60S000A-80-A"},{"r":"206","t":"13:08:00","h":"Ouest","s":"25S-H60S000I-80-I"},{"r":"206","t":"13:08:00","h":"Ouest","s":"25S-H60S100F-82-F1"},{"r":"206","t":"13:08:00","h":"Ouest","s":"25S-H60S200F-81-F2"},{"r":"206","t":"13:11:00","h":"Ouest","s":"25N-H60N000S-80-S"},{"r":"206","t":"13:11:00","h":"Ouest","s":"25N-H60N000S-98-S"},{"r":"206","t":"13:11:00","h":"Ouest","s":"25N-H60NV10S-98-S"},{"r":"206","t":"13:11:00","h":"Ouest","s":"25N-H60NV20S-98-S"},{"r":"206","t":"13:11:00","h":"Ouest","s":"25S-H60S000S-80-S"},{"r":"206","t":"13:38:00","h":"Ouest","s":"25N-H60N000A-80-A"},{"r":"206","t":"13:38:00","h":"Ouest","s":"25N-H60N000I-80-I"},{"r":"206","t":"13:38:00","h":"Ouest","s":"25N-H60N100F-81-F1"},{"r":"206","t":"13:38:00","h":"Ouest","s":"25N-H60N200F-81-F2"},{"r":"206","t":"13:38:00","h":"Ouest","s":"25N-H60N300F-82-F3"},{"r":"206","t":"13:38:00","h":"Ouest","s":"25N-H60N400F-81-F4"},{"r":"206","t":"13:38:00","h":"Ouest","s":"25N-H60NV10A-80-A"},{"r":"206","t":"13:38:00","h":"Ouest","s":"25N-H60NV10I-80-I"},{"r":"206","t":"13:38:00","h":"Ouest","s":"25N-H60NV20A-80-A"},{"r":"206","t":"13:38:00","h":"Ouest","s":"25N-H60NV20I-80-I"},{"r":"206","t":"13:38:00","h":"Ouest","s":"25S-H60S000A-80-A"},{"r":"206","t":"13:38:00","h":"Ouest","s":"25S-H60S000I-80-I"},{"r":"206","t":"13:38:00","h":"Ouest","s":"25S-H60S100F-82-F1"},{"r":"206","t":"13:38:00","h":"Ouest","s":"25S-H60S200F-81-F2"},{"r":"206","t":"13:44:00","h":"Ouest","s":"25N-H60N000S-80-S"},{"r":"206","t":"13:44:00","h":"Ouest","s":"25N-H60N000S-98-S"},{"r":"206","t":"13:44:00","h":"Ouest","s":"25N-H60NV10S-98-S"},{"r":"206","t":"13:44:00","h":"Ouest","s":"25N-H60NV20S-98-S"},{"r":"206","t":"13:44:00","h":"Ouest","s":"25S-H60S000S-80-S"},{"r":"206","t":"14:08:00","h":"Ouest","s":"25N-H60N000A-80-A"},{"r":"206","t":"14:08:00","h":"Ouest","s":"25N-H60N000I-80-I"},{"r":"206","t":"14:08:00","h":"Ouest","s":"25N-H60N100F-81-F1"},{"r":"206","t":"14:08:00","h":"Ouest","s":"25N-H60N200F-81-F2"},{"r":"206","t":"14:08:00","h":"Ouest","s":"25N-H60N300F-82-F3"},{"r":"206","t":"14:08:00","h":"Ouest","s":"25N-H60N400F-81-F4"},{"r":"206","t":"14:08:00","h":"Ouest","s":"25N-H60NV10A-80-A"},{"r":"206","t":"14:08:00","h":"Ouest","s":"25N-H60NV10I-80-I"},{"r":"206","t":"14:08:00","h":"Ouest","s":"25N-H60NV20A-80-A"},{"r":"206","t":"14:08:00","h":"Ouest","s":"25N-H60NV20I-80-I"},{"r":"206","t":"14:08:00","h":"Ouest","s":"25S-H60S000A-80-A"},{"r":"206","t":"14:08:00","h":"Ouest","s":"25S-H60S000I-80-I"},{"r":"206","t":"14:08:00","h":"Ouest","s":"25S-H60S100F-82-F1"},{"r":"206","t":"14:08:00","h":"Ouest","s":"25S-H60S200F-81-F2"},{"r":"206","t":"14:17:00","h":"Ouest","s":"25N-H60N000S-80-S"},{"r":"206","t":"14:17:00","h":"Ouest","s":"25N-H60N000S-98-S"},{"r":"206","t":"14:17:00","h":"Ouest","s":"25N-H60NV10S-98-S"},{"r":"206","t":"14:17:00","h":"Ouest","s":"25N-H60NV20S-98-S"},{"r":"206","t":"14:17:00","h":"Ouest","s":"25S-H60S000S-80-S"},{"r":"206","t":"14:38:00","h":"Ouest","s":"25N-H60N000A-80-A"},{"r":"206","t":"14:38:00","h":"Ouest","s":"25N-H60N000I-80-I"},{"r":"206","t":"14:38:00","h":"Ouest","s":"25N-H60N100F-81-F1"},{"r":"206","t":"14:38:00","h":"Ouest","s":"25N-H60N200F-81-F2"},{"r":"206","t":"14:38:00","h":"Ouest","s":"25N-H60N300F-82-F3"},{"r":"206","t":"14:38:00","h":"Ouest","s":"25N-H60N400F-81-F4"},{"r":"206","t":"14:38:00","h":"Ouest","s":"25N-H60NV10A-80-A"},{"r":"206","t":"14:38:00","h":"Ouest","s":"25N-H60NV10I-80-I"},{"r":"206","t":"14:38:00","h":"Ouest","s":"25N-H60NV20A-80-A"},{"r":"206","t":"14:38:00","h":"Ouest","s":"25N-H60NV20I-80-I"},{"r":"206","t":"14:38:00","h":"Ouest","s":"25S-H60S000A-80-A"},{"r":"206","t":"14:38:00","h":"Ouest","s":"25S-H60S000I-80-I"},{"r":"206","t":"14:38:00","h":"Ouest","s":"25S-H60S100F-82-F1"},{"r":"206","t":"14:38:00","h":"Ouest","s":"25S-H60S200F-81-F2"},{"r":"206","t":"14:49:00","h":"Ouest","s":"25N-H60N000S-80-S"},{"r":"206","t":"14:49:00","h":"Ouest","s":"25N-H60N000S-98-S"},{"r":"206","t":"14:49:00","h":"Ouest","s":"25N-H60NV10S-98-S"},{"r":"206","t":"14:49:00","h":"Ouest","s":"25N-H60NV20S-98-S"},{"r":"206","t":"14:49:00","h":"Ouest","s":"25S-H60S000S-80-S"},{"r":"206","t":"15:08:00","h":"Ouest","s":"25N-H60N000A-80-A"},{"r":"206","t":"15:08:00","h":"Ouest","s":"25N-H60N000I-80-I"},{"r":"206","t":"15:08:00","h":"Ouest","s":"25N-H60N100F-81-F1"},{"r":"206","t":"15:08:00","h":"Ouest","s":"25N-H60N200F-81-F2"},{"r":"206","t":"15:08:00","h":"Ouest","s":"25N-H60N300F-82-F3"},{"r":"206","t":"15:08:00","h":"Ouest","s":"25N-H60N400F-81-F4"},{"r":"206","t":"15:08:00","h":"Ouest","s":"25N-H60NV10A-80-A"},{"r":"206","t":"15:08:00","h":"Ouest","s":"25N-H60NV10I-80-I"},{"r":"206","t":"15:08:00","h":"Ouest","s":"25N-H60NV20A-80-A"},{"r":"206","t":"15:08:00","h":"Ouest","s":"25N-H60NV20I-80-I"},{"r":"206","t":"15:08:00","h":"Ouest","s":"25S-H60S000A-80-A"},{"r":"206","t":"15:08:00","h":"Ouest","s":"25S-H60S000I-80-I"},{"r":"206","t":"15:08:00","h":"Ouest","s":"25S-H60S100F-82-F1"},{"r":"206","t":"15:08:00","h":"Ouest","s":"25S-H60S200F-81-F2"},{"r":"206","t":"15:22:00","h":"Ouest","s":"25N-H60N000S-80-S"},{"r":"206","t":"15:22:00","h":"Ouest","s":"25N-H60N000S-98-S"},{"r":"206","t":"15:22:00","h":"Ouest","s":"25N-H60NV10S-98-S"},{"r":"206","t":"15:22:00","h":"Ouest","s":"25N-H60NV20S-98-S"},{"r":"206","t":"15:22:00","h":"Ouest","s":"25S-H60S000S-80-S"},{"r":"409","t":"15:36:00","h":"Nord via Davignon","s":"25N-H50N000S-80-S"},{"r":"409","t":"15:36:00","h":"Nord via Davignon","s":"25N-H50N000S-90-S"},{"r":"409","t":"15:36:00","h":"Nord via Davignon","s":"25N-H50NV10S-90-S"},{"r":"409","t":"15:36:00","h":"Nord via Davignon","s":"25N-H50NV20S-90-S"},{"r":"409","t":"15:36:00","h":"Nord via Davignon","s":"25S-H50S000S-81-S"},{"r":"206","t":"15:38:00","h":"Ouest","s":"25N-H60N000A-80-A"},{"r":"206","t":"15:38:00","h":"Ouest","s":"25N-H60N000I-80-I"},{"r":"206","t":"15:38:00","h":"Ouest","s":"25N-H60N100F-81-F1"},{"r":"206","t":"15:38:00","h":"Ouest","s":"25N-H60N200F-81-F2"},{"r":"206","t":"15:38:00","h":"Ouest","s":"25N-H60N300F-82-F3"},{"r":"206","t":"15:38:00","h":"Ouest","s":"25N-H60N400F-81-F4"},{"r":"206","t":"15:38:00","h":"Ouest","s":"25N-H60NV10A-80-A"},{"r":"206","t":"15:38:00","h":"Ouest","s":"25N-H60NV10I-80-I"},{"r":"206","t":"15:38:00","h":"Ouest","s":"25N-H60NV20A-80-A"},{"r":"206","t":"15:38:00","h":"Ouest","s":"25N-H60NV20I-80-I"},{"r":"206","t":"15:38:00","h":"Ouest","s":"25S-H60S000A-80-A"},{"r":"206","t":"15:38:00","h":"Ouest","s":"25S-H60S000I-80-I"},{"r":"206","t":"15:38:00","h":"Ouest","s":"25S-H60S100F-82-F1"},{"r":"206","t":"15:38:00","h":"Ouest","s":"25S-H60S200F-81-F2"},{"r":"206","t":"15:55:00","h":"Ouest","s":"25N-H60N000S-80-S"},{"r":"206","t":"15:55:00","h":"Ouest","s":"25N-H60N000S-98-S"},{"r":"206","t":"15:55:00","h":"Ouest","s":"25N-H60NV10S-98-S"},{"r":"206","t":"15:55:00","h":"Ouest","s":"25N-H60NV20S-98-S"},{"r":"206","t":"15:55:00","h":"Ouest","s":"25S-H60S000S-80-S"},{"r":"206","t":"16:08:00","h":"Ouest","s":"25N-H60N000A-80-A"},{"r":"206","t":"16:08:00","h":"Ouest","s":"25N-H60N000I-80-I"},{"r":"206","t":"16:08:00","h":"Ouest","s":"25N-H60N100F-81-F1"},{"r":"206","t":"16:08:00","h":"Ouest","s":"25N-H60N200F-81-F2"},{"r":"206","t":"16:08:00","h":"Ouest","s":"25N-H60N300F-82-F3"},{"r":"206","t":"16:08:00","h":"Ouest","s":"25N-H60N400F-81-F4"},{"r":"206","t":"16:08:00","h":"Ouest","s":"25N-H60NV10A-80-A"},{"r":"206","t":"16:08:00","h":"Ouest","s":"25N-H60NV10I-80-I"},{"r":"206","t":"16:08:00","h":"Ouest","s":"25N-H60NV20A-80-A"},{"r":"206","t":"16:08:00","h":"Ouest","s":"25N-H60NV20I-80-I"},{"r":"206","t":"16:08:00","h":"Ouest","s":"25S-H60S000A-80-A"},{"r":"206","t":"16:08:00","h":"Ouest","s":"25S-H60S000I-80-I"},{"r":"206","t":"16:08:00","h":"Ouest","s":"25S-H60S100F-82-F1"},{"r":"206","t":"16:08:00","h":"Ouest","s":"25S-H60S200F-81-F2"},{"r":"409","t":"16:09:00","h":"Nord via Davignon","s":"25N-H60N000S-80-S"},{"r":"409","t":"16:09:00","h":"Nord via Davignon","s":"25N-H60N000S-98-S"},{"r":"409","t":"16:09:00","h":"Nord via Davignon","s":"25N-H60NV10S-98-S"},{"r":"409","t":"16:09:00","h":"Nord via Davignon","s":"25N-H60NV20S-98-S"},{"r":"409","t":"16:09:00","h":"Nord via Davignon","s":"25S-H60S000S-80-S"},{"r":"206","t":"16:28:00","h":"Ouest","s":"25N-H60N000S-80-S"},{"r":"206","t":"16:28:00","h":"Ouest","s":"25N-H60N000S-98-S"},{"r":"206","t":"16:28:00","h":"Ouest","s":"25N-H60NV10S-98-S"},{"r":"206","t":"16:28:00","h":"Ouest","s":"25N-H60NV20S-98-S"},{"r":"206","t":"16:28:00","h":"Ouest","s":"25S-H60S000S-80-S"},{"r":"206","t":"16:38:00","h":"Ouest","s":"25N-H60N000A-80-A"},{"r":"206","t":"16:38:00","h":"Ouest","s":"25N-H60N000I-80-I"},{"r":"206","t":"16:38:00","h":"Ouest","s":"25N-H60N100F-81-F1"},{"r":"206","t":"16:38:00","h":"Ouest","s":"25N-H60N200F-81-F2"},{"r":"206","t":"16:38:00","h":"Ouest","s":"25N-H60N300F-82-F3"},{"r":"206","t":"16:38:00","h":"Ouest","s":"25N-H60N400F-81-F4"},{"r":"206","t":"16:38:00","h":"Ouest","s":"25N-H60NV10A-80-A"},{"r":"206","t":"16:38:00","h":"Ouest","s":"25N-H60NV10I-80-I"},{"r":"206","t":"16:38:00","h":"Ouest","s":"25N-H60NV20A-80-A"},{"r":"206","t":"16:38:00","h":"Ouest","s":"25N-H60NV20I-80-I"},{"r":"206","t":"16:38:00","h":"Ouest","s":"25S-H60S000A-80-A"},{"r":"206","t":"16:38:00","h":"Ouest","s":"25S-H60S000I-80-I"},{"r":"206","t":"16:38:00","h":"Ouest","s":"25S-H60S100F-82-F1"},{"r":"206","t":"16:38:00","h":"Ouest","s":"25S-H60S200F-81-F2"},{"r":"409","t":"16:41:00","h":"Nord via Davignon","s":"25N-H60N000S-80-S"},{"r":"409","t":"16:41:00","h":"Nord via Davignon","s":"25N-H60N000S-98-S"},{"r":"409","t":"16:41:00","h":"Nord via Davignon","s":"25N-H60NV10S-98-S"},{"r":"409","t":"16:41:00","h":"Nord via Davignon","s":"25N-H60NV20S-98-S"},{"r":"409","t":"16:41:00","h":"Nord via Davignon","s":"25S-H60S000S-80-S"},{"r":"206","t":"17:01:00","h":"Ouest","s":"25N-H60N000S-80-S"},{"r":"206","t":"17:01:00","h":"Ouest","s":"25N-H60N000S-98-S"},{"r":"206","t":"17:01:00","h":"Ouest","s":"25N-H60NV10S-98-S"},{"r":"206","t":"17:01:00","h":"Ouest","s":"25N-H60NV20S-98-S"},{"r":"206","t":"17:01:00","h":"Ouest","s":"25S-H60S000S-80-S"},{"r":"206","t":"17:08:00","h":"Ouest","s":"25N-H60N000A-80-A"},{"r":"206","t":"17:08:00","h":"Ouest","s":"25N-H60N000I-80-I"},{"r":"206","t":"17:08:00","h":"Ouest","s":"25N-H60N100F-81-F1"},{"r":"206","t":"17:08:00","h":"Ouest","s":"25N-H60N200F-81-F2"},{"r":"206","t":"17:08:00","h":"Ouest","s":"25N-H60N300F-82-F3"},{"r":"206","t":"17:08:00","h":"Ouest","s":"25N-H60N400F-81-F4"},{"r":"206","t":"17:08:00","h":"Ouest","s":"25N-H60NV10A-80-A"},{"r":"206","t":"17:08:00","h":"Ouest","s":"25N-H60NV10I-80-I"},{"r":"206","t":"17:08:00","h":"Ouest","s":"25N-H60NV20A-80-A"},{"r":"206","t":"17:08:00","h":"Ouest","s":"25N-H60NV20I-80-I"},{"r":"206","t":"17:08:00","h":"Ouest","s":"25S-H60S000A-80-A"},{"r":"206","t":"17:08:00","h":"Ouest","s":"25S-H60S000I-80-I"},{"r":"206","t":"17:08:00","h":"Ouest","s":"25S-H60S100F-82-F1"},{"r":"206","t":"17:08:00","h":"Ouest","s":"25S-H60S200F-81-F2"},{"r":"409","t":"17:12:00","h":"Nord via Davignon","s":"25N-H60N000S-80-S"},{"r":"409","t":"17:12:00","h":"Nord via Davignon","s":"25N-H60N000S-98-S"},{"r":"409","t":"17:12:00","h":"Nord via Davignon","s":"25N-H60NV10S-98-S"},{"r":"409","t":"17:12:00","h":"Nord via Davignon","s":"25N-H60NV20S-98-S"},{"r":"409","t":"17:12:00","h":"Nord via Davignon","s":"25S-H60S000S-80-S"},{"r":"206","t":"17:34:00","h":"Ouest","s":"25N-H60N000S-80-S"},{"r":"206","t":"17:34:00","h":"Ouest","s":"25N-H60N000S-98-S"},{"r":"206","t":"17:34:00","h":"Ouest","s":"25N-H60NV10S-98-S"},{"r":"206","t":"17:34:00","h":"Ouest","s":"25N-H60NV20S-98-S"},{"r":"206","t":"17:34:00","h":"Ouest","s":"25S-H60S000S-80-S"},{"r":"206","t":"17:38:00","h":"Ouest","s":"25N-H60N000A-80-A"},{"r":"206","t":"17:38:00","h":"Ouest","s":"25N-H60N000I-80-I"},{"r":"206","t":"17:38:00","h":"Ouest","s":"25N-H60N100F-81-F1"},{"r":"206","t":"17:38:00","h":"Ouest","s":"25N-H60N200F-81-F2"},{"r":"206","t":"17:38:00","h":"Ouest","s":"25N-H60N300F-82-F3"},{"r":"206","t":"17:38:00","h":"Ouest","s":"25N-H60N400F-81-F4"},{"r":"206","t":"17:38:00","h":"Ouest","s":"25N-H60NV10A-80-A"},{"r":"206","t":"17:38:00","h":"Ouest","s":"25N-H60NV10I-80-I"},{"r":"206","t":"17:38:00","h":"Ouest","s":"25N-H60NV20A-80-A"},{"r":"206","t":"17:38:00","h":"Ouest","s":"25N-H60NV20I-80-I"},{"r":"206","t":"17:38:00","h":"Ouest","s":"25S-H60S000A-80-A"},{"r":"206","t":"17:38:00","h":"Ouest","s":"25S-H60S000I-80-I"},{"r":"206","t":"17:38:00","h":"Ouest","s":"25S-H60S100F-82-F1"},{"r":"206","t":"17:38:00","h":"Ouest","s":"25S-H60S200F-81-F2"},{"r":"409","t":"17:45:00","h":"Nord via Davignon","s":"25N-H60N000S-80-S"},{"r":"409","t":"17:45:00","h":"Nord via Davignon","s":"25N-H60N000S-98-S"},{"r":"409","t":"17:45:00","h":"Nord via Davignon","s":"25N-H60NV10S-98-S"},{"r":"409","t":"17:45:00","h":"Nord via Davignon","s":"25N-H60NV20S-98-S"},{"r":"409","t":"17:45:00","h":"Nord via Davignon","s":"25S-H60S000S-80-S"},{"r":"206","t":"18:05:00","h":"Ouest","s":"25N-H60N000S-80-S"},{"r":"206","t":"18:05:00","h":"Ouest","s":"25N-H60N000S-98-S"},{"r":"206","t":"18:05:00","h":"Ouest","s":"25N-H60NV10S-98-S"},{"r":"206","t":"18:05:00","h":"Ouest","s":"25N-H60NV20S-98-S"},{"r":"206","t":"18:05:00","h":"Ouest","s":"25S-H60S000S-80-S"},{"r":"206","t":"18:08:00","h":"Ouest","s":"25N-H60N000A-80-A"},{"r":"206","t":"18:08:00","h":"Ouest","s":"25N-H60N000I-80-I"},{"r":"206","t":"18:08:00","h":"Ouest","s":"25N-H60N100F-81-F1"},{"r":"206","t":"18:08:00","h":"Ouest","s":"25N-H60N200F-81-F2"},{"r":"206","t":"18:08:00","h":"Ouest","s":"25N-H60N300F-82-F3"},{"r":"206","t":"18:08:00","h":"Ouest","s":"25N-H60N400F-81-F4"},{"r":"206","t":"18:08:00","h":"Ouest","s":"25N-H60NV10A-80-A"},{"r":"206","t":"18:08:00","h":"Ouest","s":"25N-H60NV10I-80-I"},{"r":"206","t":"18:08:00","h":"Ouest","s":"25N-H60NV20A-80-A"},{"r":"206","t":"18:08:00","h":"Ouest","s":"25N-H60NV20I-80-I"},{"r":"206","t":"18:08:00","h":"Ouest","s":"25S-H60S000A-80-A"},{"r":"206","t":"18:08:00","h":"Ouest","s":"25S-H60S000I-80-I"},{"r":"206","t":"18:08:00","h":"Ouest","s":"25S-H60S100F-82-F1"},{"r":"206","t":"18:08:00","h":"Ouest","s":"25S-H60S200F-81-F2"},{"r":"409","t":"18:14:00","h":"Nord via Davignon","s":"25N-H60N000S-80-S"},{"r":"409","t":"18:14:00","h":"Nord via Davignon","s":"25N-H60N000S-98-S"},{"r":"409","t":"18:14:00","h":"Nord via Davignon","s":"25N-H60NV10S-98-S"},{"r":"409","t":"18:14:00","h":"Nord via Davignon","s":"25N-H60NV20S-98-S"},{"r":"409","t":"18:14:00","h":"Nord via Davignon","s":"25S-H60S000S-80-S"},{"r":"206","t":"18:35:00","h":"Ouest","s":"25N-H60N000S-80-S"},{"r":"206","t":"18:35:00","h":"Ouest","s":"25N-H60N000S-98-S"},{"r":"206","t":"18:35:00","h":"Ouest","s":"25N-H60NV10S-98-S"},{"r":"206","t":"18:35:00","h":"Ouest","s":"25N-H60NV20S-98-S"},{"r":"206","t":"18:35:00","h":"Ouest","s":"25S-H60S000S-80-S"},{"r":"206","t":"18:37:00","h":"Ouest","s":"25N-H60N000I-80-I"},{"r":"206","t":"18:37:00","h":"Ouest","s":"25N-H60N100F-81-F1"},{"r":"206","t":"18:37:00","h":"Ouest","s":"25N-H60N200F-81-F2"},{"r":"206","t":"18:37:00","h":"Ouest","s":"25N-H60N300F-82-F3"},{"r":"206","t":"18:37:00","h":"Ouest","s":"25N-H60N400F-81-F4"},{"r":"206","t":"18:37:00","h":"Ouest","s":"25N-H60NV10I-80-I"},{"r":"206","t":"18:37:00","h":"Ouest","s":"25N-H60NV20I-80-I"},{"r":"206","t":"18:37:00","h":"Ouest","s":"25S-H60S000I-80-I"},{"r":"206","t":"18:37:00","h":"Ouest","s":"25S-H60S100F-82-F1"},{"r":"206","t":"18:37:00","h":"Ouest","s":"25S-H60S200F-81-F2"},{"r":"206","t":"18:38:00","h":"Ouest","s":"25N-H60N000A-80-A"},{"r":"206","t":"18:38:00","h":"Ouest","s":"25N-H60NV10A-80-A"},{"r":"206","t":"18:38:00","h":"Ouest","s":"25N-H60NV20A-80-A"},{"r":"206","t":"18:38:00","h":"Ouest","s":"25S-H60S000A-80-A"},{"r":"409","t":"18:39:00","h":"Nord via Davignon","s":"25N-H60N000S-80-S"},{"r":"409","t":"18:39:00","h":"Nord via Davignon","s":"25N-H60N000S-98-S"},{"r":"409","t":"18:39:00","h":"Nord via Davignon","s":"25N-H60NV10S-98-S"},{"r":"409","t":"18:39:00","h":"Nord via Davignon","s":"25N-H60NV20S-98-S"},{"r":"409","t":"18:39:00","h":"Nord via Davignon","s":"25S-H60S000S-80-S"},{"r":"409","t":"19:03:00","h":"Nord via Davignon","s":"25N-H60N000S-80-S"},{"r":"409","t":"19:03:00","h":"Nord via Davignon","s":"25N-H60N000S-98-S"},{"r":"409","t":"19:03:00","h":"Nord via Davignon","s":"25N-H60NV10S-98-S"},{"r":"409","t":"19:03:00","h":"Nord via Davignon","s":"25N-H60NV20S-98-S"},{"r":"409","t":"19:03:00","h":"Nord via Davignon","s":"25S-H60S000S-80-S"},{"r":"206","t":"19:06:00","h":"Ouest","s":"25N-H60N000S-80-S"},{"r":"206","t":"19:06:00","h":"Ouest","s":"25N-H60N000S-98-S"},{"r":"206","t":"19:06:00","h":"Ouest","s":"25N-H60NV10S-98-S"},{"r":"206","t":"19:06:00","h":"Ouest","s":"25N-H60NV20S-98-S"},{"r":"206","t":"19:06:00","h":"Ouest","s":"25S-H60S000S-80-S"},{"r":"206","t":"19:07:00","h":"Ouest","s":"25N-H60N000I-80-I"},{"r":"206","t":"19:07:00","h":"Ouest","s":"25N-H60N100F-81-F1"},{"r":"206","t":"19:07:00","h":"Ouest","s":"25N-H60N200F-81-F2"},{"r":"206","t":"19:07:00","h":"Ouest","s":"25N-H60N300F-82-F3"},{"r":"206","t":"19:07:00","h":"Ouest","s":"25N-H60N400F-81-F4"},{"r":"206","t":"19:07:00","h":"Ouest","s":"25N-H60NV10I-80-I"},{"r":"206","t":"19:07:00","h":"Ouest","s":"25N-H60NV20I-80-I"},{"r":"206","t":"19:07:00","h":"Ouest","s":"25S-H60S000I-80-I"},{"r":"206","t":"19:07:00","h":"Ouest","s":"25S-H60S100F-82-F1"},{"r":"206","t":"19:07:00","h":"Ouest","s":"25S-H60S200F-81-F2"},{"r":"206","t":"19:08:00","h":"Ouest","s":"25N-H60N000A-80-A"},{"r":"206","t":"19:08:00","h":"Ouest","s":"25N-H60NV10A-80-A"},{"r":"206","t":"19:08:00","h":"Ouest","s":"25N-H60NV20A-80-A"},{"r":"206","t":"19:08:00","h":"Ouest","s":"25S-H60S000A-80-A"},{"r":"409","t":"19:28:00","h":"Nord via Davignon","s":"25N-H60N000S-80-S"},{"r":"409","t":"19:28:00","h":"Nord via Davignon","s":"25N-H60N000S-98-S"},{"r":"409","t":"19:28:00","h":"Nord via Davignon","s":"25N-H60NV10S-98-S"},{"r":"409","t":"19:28:00","h":"Nord via Davignon","s":"25N-H60NV20S-98-S"},{"r":"409","t":"19:28:00","h":"Nord via Davignon","s":"25S-H60S000S-80-S"},{"r":"206","t":"19:36:00","h":"Ouest","s":"25N-H60N000S-80-S"},{"r":"206","t":"19:36:00","h":"Ouest","s":"25N-H60N000S-98-S"},{"r":"206","t":"19:36:00","h":"Ouest","s":"25N-H60NV10S-98-S"},{"r":"206","t":"19:36:00","h":"Ouest","s":"25N-H60NV20S-98-S"},{"r":"206","t":"19:36:00","h":"Ouest","s":"25S-H60S000S-80-S"},{"r":"206","t":"19:37:00","h":"Ouest","s":"25N-H60N000I-80-I"},{"r":"206","t":"19:37:00","h":"Ouest","s":"25N-H60N100F-81-F1"},{"r":"206","t":"19:37:00","h":"Ouest","s":"25N-H60N200F-81-F2"},{"r":"206","t":"19:37:00","h":"Ouest","s":"25N-H60N300F-82-F3"},{"r":"206","t":"19:37:00","h":"Ouest","s":"25N-H60N400F-81-F4"},{"r":"206","t":"19:37:00","h":"Ouest","s":"25N-H60NV10I-80-I"},{"r":"206","t":"19:37:00","h":"Ouest","s":"25N-H60NV20I-80-I"},{"r":"206","t":"19:37:00","h":"Ouest","s":"25S-H60S000I-80-I"},{"r":"206","t":"19:37:00","h":"Ouest","s":"25S-H60S100F-82-F1"},{"r":"206","t":"19:37:00","h":"Ouest","s":"25S-H60S200F-81-F2"},{"r":"206","t":"19:38:00","h":"Ouest","s":"25N-H60N000A-80-A"},{"r":"206","t":"19:38:00","h":"Ouest","s":"25N-H60NV10A-80-A"},{"r":"206","t":"19:38:00","h":"Ouest","s":"25N-H60NV20A-80-A"},{"r":"206","t":"19:38:00","h":"Ouest","s":"25S-H60S000A-80-A"},{"r":"206","t":"20:06:00","h":"Ouest","s":"25N-H60N000S-80-S"},{"r":"206","t":"20:06:00","h":"Ouest","s":"25N-H60N000S-98-S"},{"r":"206","t":"20:06:00","h":"Ouest","s":"25N-H60NV10S-98-S"},{"r":"206","t":"20:06:00","h":"Ouest","s":"25N-H60NV20S-98-S"},{"r":"206","t":"20:06:00","h":"Ouest","s":"25S-H60S000S-80-S"},{"r":"206","t":"20:07:00","h":"Ouest","s":"25N-H60N000I-80-I"},{"r":"206","t":"20:07:00","h":"Ouest","s":"25N-H60N100F-81-F1"},{"r":"206","t":"20:07:00","h":"Ouest","s":"25N-H60N200F-81-F2"},{"r":"206","t":"20:07:00","h":"Ouest","s":"25N-H60N300F-82-F3"},{"r":"206","t":"20:07:00","h":"Ouest","s":"25N-H60N400F-81-F4"},{"r":"206","t":"20:07:00","h":"Ouest","s":"25N-H60NV10I-80-I"},{"r":"206","t":"20:07:00","h":"Ouest","s":"25N-H60NV20I-80-I"},{"r":"206","t":"20:07:00","h":"Ouest","s":"25S-H60S000I-80-I"},{"r":"206","t":"20:07:00","h":"Ouest","s":"25S-H60S100F-82-F1"},{"r":"206","t":"20:07:00","h":"Ouest","s":"25S-H60S200F-81-F2"},{"r":"206","t":"20:08:00","h":"Ouest","s":"25N-H60N000A-80-A"},{"r":"206","t":"20:08:00","h":"Ouest","s":"25N-H60NV10A-80-A"},{"r":"206","t":"20:08:00","h":"Ouest","s":"25N-H60NV20A-80-A"},{"r":"206","t":"20:08:00","h":"Ouest","s":"25S-H60S000A-80-A"},{"r":"206","t":"20:36:00","h":"Ouest","s":"25N-H60N000S-80-S"},{"r":"206","t":"20:36:00","h":"Ouest","s":"25N-H60N000S-98-S"},{"r":"206","t":"20:36:00","h":"Ouest","s":"25N-H60NV10S-98-S"},{"r":"206","t":"20:36:00","h":"Ouest","s":"25N-H60NV20S-98-S"},{"r":"206","t":"20:36:00","h":"Ouest","s":"25S-H60S000S-80-S"},{"r":"206","t":"20:37:00","h":"Ouest","s":"25N-H60N000I-80-I"},{"r":"206","t":"20:37:00","h":"Ouest","s":"25N-H60N100F-81-F1"},{"r":"206","t":"20:37:00","h":"Ouest","s":"25N-H60N200F-81-F2"},{"r":"206","t":"20:37:00","h":"Ouest","s":"25N-H60N300F-82-F3"},{"r":"206","t":"20:37:00","h":"Ouest","s":"25N-H60N400F-81-F4"},{"r":"206","t":"20:37:00","h":"Ouest","s":"25N-H60NV10I-80-I"},{"r":"206","t":"20:37:00","h":"Ouest","s":"25N-H60NV20I-80-I"},{"r":"206","t":"20:37:00","h":"Ouest","s":"25S-H60S000I-80-I"},{"r":"206","t":"20:37:00","h":"Ouest","s":"25S-H60S100F-82-F1"},{"r":"206","t":"20:37:00","h":"Ouest","s":"25S-H60S200F-81-F2"},{"r":"206","t":"20:38:00","h":"Ouest","s":"25N-H60N000A-80-A"},{"r":"206","t":"20:38:00","h":"Ouest","s":"25N-H60NV10A-80-A"},{"r":"206","t":"20:38:00","h":"Ouest","s":"25N-H60NV20A-80-A"},{"r":"206","t":"20:38:00","h":"Ouest","s":"25S-H60S000A-80-A"},{"r":"206","t":"21:06:00","h":"Ouest","s":"25N-H60N000S-80-S"},{"r":"206","t":"21:06:00","h":"Ouest","s":"25N-H60N000S-98-S"},{"r":"206","t":"21:06:00","h":"Ouest","s":"25N-H60NV10S-98-S"},{"r":"206","t":"21:06:00","h":"Ouest","s":"25N-H60NV20S-98-S"},{"r":"206","t":"21:06:00","h":"Ouest","s":"25S-H60S000S-80-S"},{"r":"206","t":"21:07:00","h":"Ouest","s":"25N-H60N000I-80-I"},{"r":"206","t":"21:07:00","h":"Ouest","s":"25N-H60N100F-81-F1"},{"r":"206","t":"21:07:00","h":"Ouest","s":"25N-H60N200F-81-F2"},{"r":"206","t":"21:07:00","h":"Ouest","s":"25N-H60N300F-82-F3"},{"r":"206","t":"21:07:00","h":"Ouest","s":"25N-H60N400F-81-F4"},{"r":"206","t":"21:07:00","h":"Ouest","s":"25N-H60NV10I-80-I"},{"r":"206","t":"21:07:00","h":"Ouest","s":"25N-H60NV20I-80-I"},{"r":"206","t":"21:07:00","h":"Ouest","s":"25S-H60S000I-80-I"},{"r":"206","t":"21:07:00","h":"Ouest","s":"25S-H60S100F-82-F1"},{"r":"206","t":"21:07:00","h":"Ouest","s":"25S-H60S200F-81-F2"},{"r":"206","t":"21:08:00","h":"Ouest","s":"25N-H60N000A-80-A"},{"r":"206","t":"21:08:00","h":"Ouest","s":"25N-H60NV10A-80-A"},{"r":"206","t":"21:08:00","h":"Ouest","s":"25N-H60NV20A-80-A"},{"r":"206","t":"21:08:00","h":"Ouest","s":"25S-H60S000A-80-A"},{"r":"206","t":"21:36:00","h":"Ouest","s":"25N-H60N000S-80-S"},{"r":"206","t":"21:36:00","h":"Ouest","s":"25N-H60N000S-98-S"},{"r":"206","t":"21:36:00","h":"Ouest","s":"25N-H60NV10S-98-S"},{"r":"206","t":"21:36:00","h":"Ouest","s":"25N-H60NV20S-98-S"},{"r":"206","t":"21:36:00","h":"Ouest","s":"25S-H60S000S-80-S"},{"r":"206","t":"21:37:00","h":"Ouest","s":"25N-H60N000I-80-I"},{"r":"206","t":"21:37:00","h":"Ouest","s":"25N-H60N100F-81-F1"},{"r":"206","t":"21:37:00","h":"Ouest","s":"25N-H60N200F-81-F2"},{"r":"206","t":"21:37:00","h":"Ouest","s":"25N-H60N300F-82-F3"},{"r":"206","t":"21:37:00","h":"Ouest","s":"25N-H60N400F-81-F4"},{"r":"206","t":"21:37:00","h":"Ouest","s":"25N-H60NV10I-80-I"},{"r":"206","t":"21:37:00","h":"Ouest","s":"25N-H60NV20I-80-I"},{"r":"206","t":"21:37:00","h":"Ouest","s":"25S-H60S000I-80-I"},{"r":"206","t":"21:37:00","h":"Ouest","s":"25S-H60S100F-82-F1"},{"r":"206","t":"21:37:00","h":"Ouest","s":"25S-H60S200F-81-F2"},{"r":"206","t":"21:38:00","h":"Ouest","s":"25N-H60N000A-80-A"},{"r":"206","t":"21:38:00","h":"Ouest","s":"25N-H60NV10A-80-A"},{"r":"206","t":"21:38:00","h":"Ouest","s":"25N-H60NV20A-80-A"},{"r":"206","t":"21:38:00","h":"Ouest","s":"25S-H60S000A-80-A"},{"r":"206","t":"22:07:00","h":"Ouest","s":"25N-H60N000I-80-I"},{"r":"206","t":"22:07:00","h":"Ouest","s":"25N-H60N100F-81-F1"},{"r":"206","t":"22:07:00","h":"Ouest","s":"25N-H60N200F-81-F2"},{"r":"206","t":"22:07:00","h":"Ouest","s":"25N-H60N300F-82-F3"},{"r":"206","t":"22:07:00","h":"Ouest","s":"25N-H60N400F-81-F4"},{"r":"206","t":"22:07:00","h":"Ouest","s":"25N-H60NV10I-80-I"},{"r":"206","t":"22:07:00","h":"Ouest","s":"25N-H60NV20I-80-I"},{"r":"206","t":"22:07:00","h":"Ouest","s":"25S-H60S000I-80-I"},{"r":"206","t":"22:07:00","h":"Ouest","s":"25S-H60S100F-82-F1"},{"r":"206","t":"22:07:00","h":"Ouest","s":"25S-H60S200F-81-F2"},{"r":"206","t":"22:08:00","h":"Ouest","s":"25N-H60N000A-80-A"},{"r":"206","t":"22:08:00","h":"Ouest","s":"25N-H60NV10A-80-A"},{"r":"206","t":"22:08:00","h":"Ouest","s":"25N-H60NV20A-80-A"},{"r":"206","t":"22:08:00","h":"Ouest","s":"25S-H60S000A-80-A"},{"r":"206","t":"22:16:00","h":"Ouest","s":"25N-H60N000S-80-S"},{"r":"206","t":"22:16:00","h":"Ouest","s":"25N-H60N000S-98-S"},{"r":"206","t":"22:16:00","h":"Ouest","s":"25N-H60NV10S-98-S"},{"r":"206","t":"22:16:00","h":"Ouest","s":"25N-H60NV20S-98-S"},{"r":"206","t":"22:16:00","h":"Ouest","s":"25S-H60S000S-80-S"},{"r":"206","t":"22:37:00","h":"Ouest","s":"25N-H60N000I-80-I"},{"r":"206","t":"22:37:00","h":"Ouest","s":"25N-H60N100F-81-F1"},{"r":"206","t":"22:37:00","h":"Ouest","s":"25N-H60N200F-81-F2"},{"r":"206","t":"22:37:00","h":"Ouest","s":"25N-H60N300F-82-F3"},{"r":"206","t":"22:37:00","h":"Ouest","s":"25N-H60N400F-81-F4"},{"r":"206","t":"22:37:00","h":"Ouest","s":"25N-H60NV10I-80-I"},{"r":"206","t":"22:37:00","h":"Ouest","s":"25N-H60NV20I-80-I"},{"r":"206","t":"22:37:00","h":"Ouest","s":"25S-H60S000I-80-I"},{"r":"206","t":"22:37:00","h":"Ouest","s":"25S-H60S100F-82-F1"},{"r":"206","t":"22:37:00","h":"Ouest","s":"25S-H60S200F-81-F2"},{"r":"206","t":"22:38:00","h":"Ouest","s":"25N-H60N000A-80-A"},{"r":"206","t":"22:38:00","h":"Ouest","s":"25N-H60NV10A-80-A"},{"r":"206","t":"22:38:00","h":"Ouest","s":"25N-H60NV20A-80-A"},{"r":"206","t":"22:38:00","h":"Ouest","s":"25S-H60S000A-80-A"},{"r":"206","t":"22:57:00","h":"Ouest","s":"25N-H60N000S-80-S"},{"r":"206","t":"22:57:00","h":"Ouest","s":"25N-H60N000S-98-S"},{"r":"206","t":"22:57:00","h":"Ouest","s":"25N-H60NV10S-98-S"},{"r":"206","t":"22:57:00","h":"Ouest","s":"25N-H60NV20S-98-S"},{"r":"206","t":"22:57:00","h":"Ouest","s":"25S-H60S000S-80-S"},{"r":"206","t":"23:37:00","h":"Ouest","s":"25N-H60N000I-80-I"},{"r":"206","t":"23:37:00","h":"Ouest","s":"25N-H60N000S-80-S"},{"r":"206","t":"23:37:00","h":"Ouest","s":"25N-H60N000S-98-S"},{"r":"206","t":"23:37:00","h":"Ouest","s":"25N-H60N100F-81-F1"},{"r":"206","t":"23:37:00","h":"Ouest","s":"25N-H60N200F-81-F2"},{"r":"206","t":"23:37:00","h":"Ouest","s":"25N-H60N300F-82-F3"},{"r":"206","t":"23:37:00","h":"Ouest","s":"25N-H60N400F-81-F4"},{"r":"206","t":"23:37:00","h":"Ouest","s":"25N-H60NV10I-80-I"},{"r":"206","t":"23:37:00","h":"Ouest","s":"25N-H60NV10S-98-S"},{"r":"206","t":"23:37:00","h":"Ouest","s":"25N-H60NV20I-80-I"},{"r":"206","t":"23:37:00","h":"Ouest","s":"25N-H60NV20S-98-S"},{"r":"206","t":"23:37:00","h":"Ouest","s":"25S-H60S000I-80-I"},{"r":"206","t":"23:37:00","h":"Ouest","s":"25S-H60S000S-80-S"},{"r":"206","t":"23:37:00","h":"Ouest","s":"25S-H60S100F-82-F1"},{"r":"206","t":"23:37:00","h":"Ouest","s":"25S-H60S200F-81-F2"},{"r":"206","t":"23:38:00","h":"Ouest","s":"25N-H60N000A-80-A"},{"r":"206","t":"23:38:00","h":"Ouest","s":"25N-H60NV10A-80-A"},{"r":"206","t":"23:38:00","h":"Ouest","s":"25N-H60NV20A-80-A"},{"r":"206","t":"23:38:00","h":"Ouest","s":"25S-H60S000A-80-A"}]