[{"r":"409","t":"06:13:07","h":"Nord","s":"25N-H60N000S-80-S"},{"r":"409","t":"06:13:07","h":"Nord","s":"25N-H60N000S-98-S"},{"r":"409","t":"06:13:07","h":"Nord","s":"25N-H60NV10S-98-S"},{"r":"409","t":"06:13:07","h":"Nord","s":"25N-H60NV20S-98-S"},{"r":"409","t":"06:13:07","h":"Nord","s":"25S-H60S000S-80-S"},{"r":"209","t":"06:28:38","h":"Nord","s":"25N-H60N000S-80-S"},{"r":"209","t":"06:28:38","h":"Nord","s":"25N-H60N000S-98-S"},{"r":"209","t":"06:28:38","h":"Nord","s":"25N-H60NV10S-98-S"},{"r":"209","t":"06:28:38","h":"Nord","s":"25N-H60NV20S-98-S"},{"r":"209","t":"06:28:38","h":"Nord","s":"25S-H60S000S-80-S"},{"r":"209","t":"06:31:10","h":"Nord","s":"25N-H60N000A-80-A"},{"r":"209","t":"06:31:10","h":"Nord","s":"25N-H60N000I-80-I"},{"r":"209","t":"06:31:10","h":"Nord","s":"25N-H60N100F-81-F1"},{"r":"209","t":"06:31:10","h":"Nord","s":"25N-H60N200F-81-F2"},{"r":"209","t":"06:31:10","h":"Nord","s":"25N-H60N300F-82-F3"},{"r":"209","t":"06:31:10","h":"Nord","s":"25N-H60N400F-81-F4"},{"r":"209","t":"06:31:10","h":"Nord","s":"25N-H60NV10A-80-A"},{"r":"209","t":"06:31:10","h":"Nord","s":"25N-H60NV10I-80-I"},{"r":"209","t":"06:31:10","h":"Nord","s":"25N-H60NV20A-80-A"},{"r":"209","t":"06:31:10","h":"Nord","s":"25N-H60NV20I-80-I"},{"r":"209","t":"06:31:10","h":"Nord","s":"25S-H60S000A-80-A"},{"r":"209","t":"06:31:10","h":"Nord","s":"25S-H60S000I-80-I"},{"r":"209","t":"06:31:10","h":"Nord","s":"25S-H60S100F-82-F1"},{"r":"209","t":"06:31:10","h":"Nord","s":"25S-H60S200F-81-F2"},{"r":"409","t":"06:47:07","h":"Nord","s":"25N-H60N000S-80-S"},{"r":"409","t":"06:47:07","h":"Nord","s":"25N-H60N000S-98-S"},{"r":"409","t":"06:47:07","h":"Nord","s":"25N-H60NV10S-98-S"},{"r":"409","t":"06:47:07","h":"Nord","s":"25N-H60NV20S-98-S"},{"r":"409","t":"06:47:07","h":"Nord","s":"25S-H60S000S-80-S"},{"r":"209","t":"07:02:42","h":"Nord","s":"25N-H60N000S-80-S"},{"r":"209","t":"07:02:42","h":"Nord","s":"25N-H60N000S-98-S"},{"r":"209","t":"07:02:42","h":"Nord","s":"25N-H60NV10S-98-S"},{"r":"209","t":"07:02:42","h":"Nord","s":"25N-H60NV20S-98-S"},{"r":"209","t":"07:02:42","h":"Nord","s":"25S-H60S000S-80-S"},{"r":"209","t":"07:07:10","h":"Nord","s":"25N-H60N000A-80-A"},{"r":"209","t":"07:07:10","h":"Nord","s":"25N-H60N000I-80-I"},{"r":"209","t":"07:07:10","h":"Nord","s":"25N-H60N100F-81-F1"},{"r":"209","t":"07:07:10","h":"Nord","s":"25N-H60N200F-81-F2"},{"r":"209","t":"07:07:10","h":"Nord","s":"25N-H60N300F-82-F3"},{"r":"209","t":"07:07:10","h":"Nord","s":"25N-H60N400F-81-F4"},{"r":"209","t":"07:07:10","h":"Nord","s":"25N-H60NV10A-80-A"},{"r":"209","t":"07:07:10","h":"Nord","s":"25N-H60NV10I-80-I"},{"r":"209","t":"07:07:10","h":"Nord","s":"25N-H60NV20A-80-A"},{"r":"209","t":"07:07:10","h":"Nord","s":"25N-H60NV20I-80-I"},{"r":"209","t":"07:07:10","h":"Nord","s":"25S-H60S000A-80-A"},{"r":"209","t":"07:07:10","h":"Nord","s":"25S-H60S000I-80-I"},{"r":"209","t":"07:07:10","h":"Nord","s":"25S-H60S100F-82-F1"},{"r":"209","t":"07:07:10","h":"Nord","s":"25S-H60S200F-81-F2"},{"r":"409","t":"07:20:07","h":"Nord","s":"25N-H60N000S-80-S"},{"r":"409","t":"07:20:07","h":"Nord","s":"25N-H60N000S-98-S"},{"r":"409","t":"07:20:07","h":"Nord","s":"25N-H60NV10S-98-S"},{"r":"409","t":"07:20:07","h":"Nord","s":"25N-H60NV20S-98-S"},{"r":"409","t":"07:20:07","h":"Nord","s":"25S-H60S000S-80-S"},{"r":"209","t":"07:28:42","h":"Nord","s":"25N-H60N000S-80-S"},{"r":"209","t":"07:28:42","h":"Nord","s":"25N-H60N000S-98-S"},{"r":"209","t":"07:28:42","h":"Nord","s":"25N-H60NV10S-98-S"},{"r":"209","t":"07:28:42","h":"Nord","s":"25N-H60NV20S-98-S"},{"r":"209","t":"07:28:42","h":"Nord","s":"25S-H60S000S-80-S"},{"r":"209","t":"07:40:10","h":"Nord","s":"25N-H60N000A-80-A"},{"r":"209","t":"07:40:10","h":"Nord","s":"25N-H60N000I-80-I"},{"r":"209","t":"07:40:10","h":"Nord","s":"25N-H60N100F-81-F1"},{"r":"209","t":"07:40:10","h":"Nord","s":"25N-H60N200F-81-F2"},{"r":"209","t":"07:40:10","h":"Nord","s":"25N-H60N300F-82-F3"},{"r":"209","t":"07:40:10","h":"Nord","s":"25N-H60N400F-81-F4"},{"r":"209","t":"07:40:10","h":"Nord","s":"25N-H60NV10A-80-A"},{"r":"209","t":"07:40:10","h":"Nord","s":"25N-H60NV10I-80-I"},{"r":"209","t":"07:40:10","h":"Nord","s":"25N-H60NV20A-80-A"},{"r":"209","t":"07:40:10","h":"Nord","s":"25N-H60NV20I-80-I"},{"r":"209","t":"07:40:10","h":"Nord","s":"25S-H60S000A-80-A"},{"r":"209","t":"07:40:10","h":"Nord","s":"25S-H60S000I-80-I"},{"r":"209","t":"07:40:10","h":"Nord","s":"25S-H60S100F-82-F1"},{"r":"209","t":"07:40:10","h":"Nord","s":"25S-H60S200F-81-F2"},{"r":"409","t":"07:40:24","h":"Nord","s":"25N-H60N000S-80-S"},{"r":"409","t":"07:40:24","h":"Nord","s":"25N-H60N000S-98-S"},{"r":"409","t":"07:40:24","h":"Nord","s":"25N-H60NV10S-98-S"},{"r":"409","t":"07:40:24","h":"Nord","s":"25N-H60NV20S-98-S"},{"r":"409","t":"07:40:24","h":"Nord","s":"25S-H60S000S-80-S"},{"r":"209","t":"07:54:42","h":"Nord","s":"25N-H60N000S-80-S"},{"r":"209","t":"07:54:42","h":"Nord","s":"25N-H60N000S-98-S"},{"r":"209","t":"07:54:42","h":"Nord","s":"25N-H60NV10S-98-S"},{"r":"209","t":"07:54:42","h":"Nord","s":"25N-H60NV20S-98-S"},{"r":"209","t":"07:54:42","h":"Nord","s":"25S-H60S000S-80-S"},{"r":"409","t":"07:59:24","h":"Nord","s":"25N-H60N000S-80-S"},{"r":"409","t":"07:59:24","h":"Nord","s":"25N-H60N000S-98-S"},{"r":"409","t":"07:59:24","h":"Nord","s":"25N-H60NV10S-98-S"},{"r":"409","t":"07:59:24","h":"Nord","s":"25N-H60NV20S-98-S"},{"r":"409","t":"07:59:24","h":"Nord","s":"25S-H60S000S-80-S"},{"r":"209","t":"08:13:10","h":"Nord","s":"25N-H60N000A-80-A"},{"r":"209","t":"08:13:10","h":"Nord","s":"25N-H60N000I-80-I"},{"r":"209","t":"08:13:10","h":"Nord","s":"25N-H60N100F-81-F1"},{"r":"209","t":"08:13:10","h":"Nord","s":"25N-H60N200F-81-F2"},{"r":"209","t":"08:13:10","h":"Nord","s":"25N-H60N300F-82-F3"},{"r":"209","t":"08:13:10","h":"Nord","s":"25N-H60N400F-81-F4"},{"r":"209","t":"08:13:10","h":"Nord","s":"25N-H60NV10A-80-A"},{"r":"209","t":"08:13:10","h":"Nord","s":"25N-H60NV10I-80-I"},{"r":"209","t":"08:13:10","h":"Nord","s":"25N-H60NV20A-80-A"},{"r":"209","t":"08:13:10","h":"Nord","s":"25N-H60NV20I-80-I"},{"r":"209","t":"08:13:10","h":"Nord","s":"25S-H60S000A-80-A"},{"r":"209","t":"08:13:10","h":"Nord","s":"25S-H60S000I-80-I"},{"r":"209","t":"08:13:10","h":"Nord","s":"25S-H60S100F-82-F1"},{"r":"209","t":"08:13:10","h":"Nord","s":"25S-H60S200F-81-F2"},{"r":"409","t":"08:18:24","h":"Nord","s":"25N-H60N000S-80-S"},{"r":"409","t":"08:18:24","h":"Nord","s":"25N-H60N000S-98-S"},{"r":"409","t":"08:18:24","h":"Nord","s":"25N-H60NV10S-98-S"},{"r":"409","t":"08:18:24","h":"Nord","s":"25N-H60NV20S-98-S"},{"r":"409","t":"08:18:24","h":"Nord","s":"25S-H60S000S-80-S"},{"r":"209","t":"08:22:42","h":"Nord","s":"25N-H60N000S-80-S"},{"r":"209","t":"08:22:42","h":"Nord","s":"25N-H60N000S-98-S"},{"r":"209","t":"08:22:42","h":"Nord","s":"25N-H60NV10S-98-S"},{"r":"209","t":"08:22:42","h":"Nord","s":"25N-H60NV20S-98-S"},{"r":"209","t":"08:22:42","h":"Nord","s":"25S-H60S000S-80-S"},{"r":"409","t":"08:38:24","h":"Nord","s":"25N-H60N000S-80-S"},{"r":"409","t":"08:38:24","h":"Nord","s":"25N-H60N000S-98-S"},{"r":"409","t":"08:38:24","h":"Nord","s":"25N-H60NV10S-98-S"},{"r":"409","t":"08:38:24","h":"Nord","s":"25N-H60NV20S-98-S"},{"r":"409","t":"08:38:24","h":"Nord","s":"25S-H60S000S-80-S"},{"r":"209","t":"08:46:10","h":"Nord","s":"25N-H60N000A-80-A"},{"r":"209","t":"08:46:10","h":"Nord","s":"25N-H60N000I-80-I"},{"r":"209","t":"08:46:10","h":"Nord","s":"25N-H60N100F-81-F1"},{"r":"209","t":"08:46:10","h":"Nord","s":"25N-H60N200F-81-F2"},{"r":"209","t":"08:46:10","h":"Nord","s":"25N-H60N300F-82-F3"},{"r":"209","t":"08:46:10","h":"Nord","s":"25N-H60N400F-81-F4"},{"r":"209","t":"08:46:10","h":"Nord","s":"25N-H60NV10A-80-A"},{"r":"209","t":"08:46:10","h":"Nord","s":"25N-H60NV10I-80-I"},{"r":"209","t":"08:46:10","h":"Nord","s":"25N-H60NV20A-80-A"},{"r":"209","t":"08:46:10","h":"Nord","s":"25N-H60NV20I-80-I"},{"r":"209","t":"08:46:10","h":"Nord","s":"25S-H60S000A-80-A"},{"r":"209","t":"08:46:10","h":"Nord","s":"25S-H60S000I-80-I"},{"r":"209","t":"08:46:10","h":"Nord","s":"25S-H60S100F-82-F1"},{"r":"209","t":"08:46:10","h":"Nord","s":"25S-H60S200F-81-F2"},{"r":"209","t":"08:50:42","h":"Nord","s":"25N-H60N000S-80-S"},{"r":"209","t":"08:50:42","h":"Nord","s":"25N-H60N000S-98-S"},{"r":"209","t":"08:50:42","h":"Nord","s":"25N-H60NV10S-98-S"},{"r":"209","t":"08:50:42","h":"Nord","s":"25N-H60NV20S-98-S"},{"r":"209","t":"08:50:42","h":"Nord","s":"25S-H60S000S-80-S"},{"r":"409","t":"08:56:24","h":"Nord","s":"25N-H60N000S-80-S"},{"r":"409","t":"08:56:24","h":"Nord","s":"25N-H60N000S-98-S"},{"r":"409","t":"08:56:24","h":"Nord","s":"25N-H60NV10S-98-S"},{"r":"409","t":"08:56:24","h":"Nord","s":"25N-H60NV20S-98-S"},{"r":"409","t":"08:56:24","h":"Nord","s":"25S-H60S000S-80-S"},{"r":"409","t":"09:14:24","h":"Nord","s":"25N-H60N000S-80-S"},{"r":"409","t":"09:14:24","h":"Nord","s":"25N-H60N000S-98-S"},{"r":"409","t":"09:14:24","h":"Nord","s":"25N-H60NV10S-98-S"},{"r":"409","t":"09:14:24","h":"Nord","s":"25N-H60NV20S-98-S"},{"r":"409","t":"09:14:24","h":"Nord","s":"25S-H60S000S-80-S"},{"r":"209","t":"09:19:10","h":"Nord","s":"25N-H60N000A-80-A"},{"r":"209","t":"09:19:10","h":"Nord","s":"25N-H60N000I-80-I"},{"r":"209","t":"09:19:10","h":"Nord","s":"25N-H60N100F-81-F1"},{"r":"209","t":"09:19:10","h":"Nord","s":"25N-H60N200F-81-F2"},{"r":"209","t":"09:19:10","h":"Nord","s":"25N-H60N300F-82-F3"},{"r":"209","t":"09:19:10","h":"Nord","s":"25N-H60N400F-81-F4"},{"r":"209","t":"09:19:10","h":"Nord","s":"25N-H60NV10A-80-A"},{"r":"209","t":"09:19:10","h":"Nord","s":"25N-H60NV10I-80-I"},{"r":"209","t":"09:19:10","h":"Nord","s":"25N-H60NV20A-80-A"},{"r":"209","t":"09:19:10","h":"Nord","s":"25N-H60NV20I-80-I"},{"r":"209","t":"09:19:10","h":"Nord","s":"25S-H60S000A-80-A"},{"r":"209","t":"09:19:10","h":"Nord","s":"25S-H60S000I-80-I"},{"r":"209","t":"09:19:10","h":"Nord","s":"25S-H60S100F-82-F1"},{"r":"209","t":"09:19:10","h":"Nord","s":"25S-H60S200F-81-F2"},{"r":"209","t":"09:20:10","h":"Nord","s":"25N-H60N000S-80-S"},{"r":"209","t":"09:20:10","h":"Nord","s":"25N-H60N000S-98-S"},{"r":"209","t":"09:20:10","h":"Nord","s":"25N-H60NV10S-98-S"},{"r":"209","t":"09:20:10","h":"Nord","s":"25N-H60NV20S-98-S"},{"r":"209","t":"09:20:10","h":"Nord","s":"25S-H60S000S-80-S"},{"r":"409","t":"09:34:24","h":"Nord","s":"25N-H60N000S-80-S"},{"r":"409","t":"09:34:24","h":"Nord","s":"25N-H60N000S-98-S"},{"r":"409","t":"09:34:24","h":"Nord","s":"25N-H60NV10S-98-S"},{"r":"409","t":"09:34:24","h":"Nord","s":"25N-H60NV20S-98-S"},{"r":"409","t":"09:34:24","h":"Nord","s":"25S-H60S000S-80-S"},{"r":"209","t":"09:52:10","h":"Nord","s":"25N-H60N000A-80-A"},{"r":"209","t":"09:52:10","h":"Nord","s":"25N-H60N000I-80-I"},{"r":"209","t":"09:52:10","h":"Nord","s":"25N-H60N100F-81-F1"},{"r":"209","t":"09:52:10","h":"Nord","s":"25N-H60N200F-81-F2"},{"r":"209","t":"09:52:10","h":"Nord","s":"25N-H60N300F-82-F3"},{"r":"209","t":"09:52:10","h":"Nord","s":"25N-H60N400F-81-F4"},{"r":"209","t":"09:52:10","h":"Nord","s":"25N-H60NV10A-80-A"},{"r":"209","t":"09:52:10","h":"Nord","s":"25N-H60NV10I-80-I"},{"r":"209","t":"09:52:10","h":"Nord","s":"25N-H60NV20A-80-A"},{"r":"209","t":"09:52:10","h":"Nord","s":"25N-H60NV20I-80-I"},{"r":"209","t":"09:52:10","h":"Nord","s":"25S-H60S000A-80-A"},{"r":"209","t":"09:52:10","h":"Nord","s":"25S-H60S000I-80-I"},{"r":"209","t":"09:52:10","h":"Nord","s":"25S-H60S100F-82-F1"},{"r":"209","t":"09:52:10","h":"Nord","s":"25S-H60S200F-81-F2"},{"r":"209","t":"09:53:10","h":"Nord","s":"25N-H60N000S-80-S"},{"r":"209","t":"09:53:10","h":"Nord","s":"25N-H60N000S-98-S"},{"r":"209","t":"09:53:10","h":"Nord","s":"25N-H60NV10S-98-S"},{"r":"209","t":"09:53:10","h":"Nord","s":"25N-H60NV20S-98-S"},{"r":"209","t":"09:53:10","h":"Nord","s":"25S-H60S000S-80-S"},{"r":"209","t":"10:25:10","h":"Nord","s":"25N-H60N000A-80-A"},{"r":"209","t":"10:25:10","h":"Nord","s":"25N-H60N000I-80-I"},{"r":"209","t":"10:25:10","h":"Nord","s":"25N-H60N000S-80-S"},{"r":"209","t":"10:25:10","h":"Nord","s":"25N-H60N000S-98-S"},{"r":"209","t":"10:25:10","h":"Nord","s":"25N-H60N100F-81-F1"},{"r":"209","t":"10:25:10","h":"Nord","s":"25N-H60N200F-81-F2"},{"r":"209","t":"10:25:10","h":"Nord","s":"25N-H60N300F-82-F3"},{"r":"209","t":"10:25:10","h":"Nord","s":"25N-H60N400F-81-F4"},{"r":"209","t":"10:25:10","h":"Nord","s":"25N-H60NV10A-80-A"},{"r":"209","t":"10:25:10","h":"Nord","s":"25N-H60NV10I-80-I"},{"r":"209","t":"10:25:10","h":"Nord","s":"25N-H60NV10S-98-S"},{"r":"209","t":"10:25:10","h":"Nord","s":"25N-H60NV20A-80-A"},{"r":"209","t":"10:25:10","h":"Nord","s":"25N-H60NV20I-80-I"},{"r":"209","t":"10:25:10","h":"Nord","s":"25N-H60NV20S-98-S"},{"r":"209","t":"10:25:10","h":"Nord","s":"25S-H60S000A-80-A"},{"r":"209","t":"10:25:10","h":"Nord","s":"25S-H60S000I-80-I"},{"r":"209","t":"10:25:10","h":"Nord","s":"25S-H60S000S-80-S"},{"r":"209","t":"10:25:10","h":"Nord","s":"25S-H60S100F-82-F1"},{"r":"209","t":"10:25:10","h":"Nord","s":"25S-H60S200F-81-F2"},{"r":"209","t":"10:57:10","h":"Nord","s":"25N-H60N000A-80-A"},{"r":"209","t":"10:57:10","h":"Nord","s":"25N-H60N000I-80-I"},{"r":"209","t":"10:57:10","h":"Nord","s":"25N-H60N100F-81-F1"},{"r":"209","t":"10:57:10","h":"Nord","s":"25N-H60N200F-81-F2"},{"r":"209","t":"10:57:10","h":"Nord","s":"25N-H60N300F-82-F3"},{"r":"209","t":"10:57:10","h":"Nord","s":"25N-H60N400F-81-F4"},{"r":"209","t":"10:57:10","h":"Nord","s":"25N-H60NV10A-80-A"},{"r":"209","t":"10:57:10","h":"Nord","s":"25N-H60NV10I-80-I"},{"r":"209","t":"10:57:10","h":"Nord","s":"25N-H60NV20A-80-A"},{"r":"209","t":"10:57:10","h":"Nord","s":"25N-H60NV20I-80-I"},{"r":"209","t":"10:57:10","h":"Nord","s":"25S-H60S000A-80-A"},{"r":"209","t":"10:57:10","h":"Nord","s":"25S-H60S000I-80-I"},{"r":"209","t":"10:57:10","h":"Nord","s":"25S-H60S100F-82-F1"},{"r":"209","t":"10:57:10","h":"Nord","s":"25S-H60S200F-81-F2"},{"r":"209","t":"10:58:10","h":"Nord","s":"25N-H60N000S-80-S"},{"r":"209","t":"10:58:10","h":"Nord","s":"25N-H60N000S-98-S"},{"r":"209","t":"10:58:10","h":"Nord","s":"25N-H60NV10S-98-S"},{"r":"209","t":"10:58:10","h":"Nord","s":"25N-H60NV20S-98-S"},{"r":"209","t":"10:58:10","h":"Nord","s":"25S-H60S000S-80-S"},{"r":"209","t":"11:30:10","h":"Nord","s":"25N-H60N000A-80-A"},{"r":"209","t":"11:30:10","h":"Nord","s":"25N-H60N000I-80-I"},{"r":"209","t":"11:30:10","h":"Nord","s":"25N-H60N100F-81-F1"},{"r":"209","t":"11:30:10","h":"Nord","s":"25N-H60N200F-81-F2"},{"r":"209","t":"11:30:10","h":"Nord","s":"25N-H60N300F-82-F3"},{"r":"209","t":"11:30:10","h":"Nord","s":"25N-H60N400F-81-F4"},{"r":"209","t":"11:30:10","h":"Nord","s":"25N-H60NV10A-80-A"},{"r":"209","t":"11:30:10","h":"Nord","s":"25N-H60NV10I-80-I"},{"r":"209","t":"11:30:10","h":"Nord","s":"25N-H60NV20A-80-A"},{"r":"209","t":"11:30:10","h":"Nord","s":"25N-H60NV20I-80-I"},{"r":"209","t":"11:30:10","h":"Nord","s":"25S-H60S000A-80-A"},{"r":"209","t":"11:30:10","h":"Nord","s":"25S-H60S000I-80-I"},{"r":"209","t":"11:30:10","h":"Nord","s":"25S-H60S100F-82-F1"},{"r":"209","t":"11:30:10","h":"Nord","s":"25S-H60S200F-81-F2"},{"r":"209","t":"11:31:10","h":"Nord","s":"25N-H60N000S-80-S"},{"r":"209","t":"11:31:10","h":"Nord","s":"25N-H60N000S-98-S"},{"r":"209","t":"11:31:10","h":"Nord","s":"25N-H60NV10S-98-S"},{"r":"209","t":"11:31:10","h":"Nord","s":"25N-H60NV20S-98-S"},{"r":"209","t":"11:31:10","h":"Nord","s":"25S-H60S000S-80-S"},{"r":"209","t":"12:03:10","h":"Nord","s":"25N-H60N000A-80-A"},{"r":"209","t":"12:03:10","h":"Nord","s":"25N-H60N000I-80-I"},{"r":"209","t":"12:03:10","h":"Nord","s":"25N-H60N000S-80-S"},{"r":"209","t":"12:03:10","h":"Nord","s":"25N-H60N000S-98-S"},{"r":"209","t":"12:03:10","h":"Nord","s":"25N-H60N100F-81-F1"},{"r":"209","t":"12:03:10","h":"Nord","s":"25N-H60N200F-81-F2"},{"r":"209","t":"12:03:10","h":"Nord","s":"25N-H60N300F-82-F3"},{"r":"209","t":"12:03:10","h":"Nord","s":"25N-H60N400F-81-F4"},{"r":"209","t":"12:03:10","h":"Nord","s":"25N-H60NV10A-80-A"},{"r":"209","t":"12:03:10","h":"Nord","s":"25N-H60NV10I-80-I"},{"r":"209","t":"12:03:10","h":"Nord","s":"25N-H60NV10S-98-S"},{"r":"209","t":"12:03:10","h":"Nord","s":"25N-H60NV20A-80-A"},{"r":"209","t":"12:03:10","h":"Nord","s":"25N-H60NV20I-80-I"},{"r":"209","t":"12:03:10","h":"Nord","s":"25N-H60NV20S-98-S"},{"r":"209","t":"12:03:10","h":"Nord","s":"25S-H60S000A-80-A"},{"r":"209","t":"12:03:10","h":"Nord","s":"25S-H60S000I-80-I"},{"r":"209","t":"12:03:10","h":"Nord","s":"25S-H60S000S-80-S"},{"r":"209","t":"12:03:10","h":"Nord","s":"25S-H60S100F-82-F1"},{"r":"209","t":"12:03:10","h":"Nord","s":"25S-H60S200F-81-F2"},{"r":"209","t":"12:35:10","h":"Nord","s":"25N-H60N000I-80-I"},{"r":"209","t":"12:35:10","h":"Nord","s":"25N-H60N100F-81-F1"},{"r":"209","t":"12:35:10","h":"Nord","s":"25N-H60N200F-81-F2"},{"r":"209","t":"12:35:10","h":"Nord","s":"25N-H60N300F-82-F3"},{"r":"209","t":"12:35:10","h":"Nord","s":"25N-H60N400F-81-F4"},{"r":"209","t":"12:35:10","h":"Nord","s":"25N-H60NV10I-80-I"},{"r":"209","t":"12:35:10","h":"Nord","s":"25N-H60NV20I-80-I"},{"r":"209","t":"12:35:10","h":"Nord","s":"25S-H60S000I-80-I"},{"r":"209","t":"12:35:10","h":"Nord","s":"25S-H60S100F-82-F1"},{"r":"209","t":"12:35:10","h":"Nord","s":"25S-H60S200F-81-F2"},{"r":"209","t":"12:36:10","h":"Nord","s":"25N-H60N000A-80-A"},{"r":"209","t":"12:36:10","h":"Nord","s":"25N-H60NV10A-80-A"},{"r":"209","t":"12:36:10","h":"Nord","s":"25N-H60NV20A-80-A"},{"r":"209","t":"12:36:10","h":"Nord","s":"25S-H60S000A-80-A"},{"r":"209","t":"12:37:10","h":"Nord","s":"25N-H60N000S-80-S"},{"r":"209","t":"12:37:10","h":"Nord","s":"25N-H60N000S-98-S"},{"r":"209","t":"12:37:10","h":"Nord","s":"25N-H60NV10S-98-S"},{"r":"209","t":"12:37:10","h":"Nord","s":"25N-H60NV20S-98-S"},{"r":"209","t":"12:37:10","h":"Nord","s":"25S-H60S000S-80-S"},{"r":"209","t":"13:08:10","h":"Nord","s":"25N-H60N000I-80-I"},{"r":"209","t":"13:08:10","h":"Nord","s":"25N-H60N100F-81-F1"},{"r":"209","t":"13:08:10","h":"Nord","s":"25N-H60N200F-81-F2"},{"r":"209","t":"13:08:10","h":"Nord","s":"25N-H60N300F-82-F3"},{"r":"209","t":"13:08:10","h":"Nord","s":"25N-H60N400F-81-F4"},{"r":"209","t":"13:08:10","h":"Nord","s":"25N-H60NV10I-80-I"},{"r":"209","t":"13:08:10","h":"Nord","s":"25N-H60NV20I-80-I"},{"r":"209","t":"13:08:10","h":"Nord","s":"25S-H60S000I-80-I"},{"r":"209","t":"13:08:10","h":"Nord","s":"25S-H60S100F-82-F1"},{"r":"209","t":"13:08:10","h":"Nord","s":"25S-H60S200F-81-F2"},{"r":"209","t":"13:09:10","h":"Nord","s":"25N-H60N000A-80-A"},{"r":"209","t":"13:09:10","h":"Nord","s":"25N-H60N000S-80-S"},{"r":"209","t":"13:09:10","h":"Nord","s":"25N-H60N000S-98-S"},{"r":"209","t":"13:09:10","h":"Nord","s":"25N-H60NV10A-80-A"},{"r":"209","t":"13:09:10","h":"Nord","s":"25N-H60NV10S-98-S"},{"r":"209","t":"13:09:10","h":"Nord","s":"25N-H60NV20A-80-A"},{"r":"209","t":"13:09:10","h":"Nord","s":"25N-H60NV20S-98-S"},{"r":"209","t":"13:09:10","h":"Nord","s":"25S-H60S000A-80-A"},{"r":"209","t":"13:09:10","h":"Nord","s":"25S-H60S000S-80-S"},{"r":"209","t":"13:40:10","h":"Nord","s":"25N-H60N000I-80-I"},{"r":"209","t":"13:40:10","h":"Nord","s":"25N-H60N000S-80-S"},{"r":"209","t":"13:40:10","h":"Nord","s":"25N-H60N000S-98-S"},{"r":"209","t":"13:40:10","h":"Nord","s":"25N-H60N100F-81-F1"},{"r":"209","t":"13:40:10","h":"Nord","s":"25N-H60N200F-81-F2"},{"r":"209","t":"13:40:10","h":"Nord","s":"25N-H60N300F-82-F3"},{"r":"209","t":"13:40:10","h":"Nord","s":"25N-H60N400F-81-F4"},{"r":"209","t":"13:40:10","h":"Nord","s":"25N-H60NV10I-80-I"},{"r":"209","t":"13:40:10","h":"Nord","s":"25N-H60NV10S-98-S"},{"r":"209","t":"13:40:10","h":"Nord","s":"25N-H60NV20I-80-I"},{"r":"209","t":"13:40:10","h":"Nord","s":"25N-H60NV20S-98-S"},{"r":"209","t":"13:40:10","h":"Nord","s":"25S-H60S000I-80-I"},{"r":"209","t":"13:40:10","h":"Nord","s":"25S-H60S000S-80-S"},{"r":"209","t":"13:40:10","h":"Nord","s":"25S-H60S100F-82-F1"},{"r":"209","t":"13:40:10","h":"Nord","s":"25S-H60S200F-81-F2"},{"r":"209","t":"13:42:10","h":"Nord","s":"25N-H60N000A-80-A"},{"r":"209","t":"13:42:10","h":"Nord","s":"25N-H60NV10A-80-A"},{"r":"209","t":"13:42:10","h":"Nord","s":"25N-H60NV20A-80-A"},{"r":"209","t":"13:42:10","h":"Nord","s":"25S-H60S000A-80-A"},{"r":"209","t":"14:11:10","h":"Nord","s":"25N-H60N000S-80-S"},{"r":"209","t":"14:11:10","h":"Nord","s":"25N-H60N000S-98-S"},{"r":"209","t":"14:11:10","h":"Nord","s":"25N-H60NV10S-98-S"},{"r":"209","t":"14:11:10","h":"Nord","s":"25N-H60NV20S-98-S"},{"r":"209","t":"14:11:10","h":"Nord","s":"25S-H60S000S-80-S"},{"r":"209","t":"14:13:10","h":"Nord","s":"25N-H60N000I-80-I"},{"r":"209","t":"14:13:10","h":"Nord","s":"25N-H60N100F-81-F1"},{"r":"209","t":"14:13:10","h":"Nord","s":"25N-H60N200F-81-F2"},{"r":"209","t":"14:13:10","h":"Nord","s":"25N-H60N300F-82-F3"},{"r":"209","t":"14:13:10","h":"Nord","s":"25N-H60N400F-81-F4"},{"r":"209","t":"14:13:10","h":"Nord","s":"25N-H60NV10I-80-I"},{"r":"209","t":"14:13:10","h":"Nord","s":"25N-H60NV20I-80-I"},{"r":"209","t":"14:13:10","h":"Nord","s":"25S-H60S000I-80-I"},{"r":"209","t":"14:13:10","h":"Nord","s":"25S-H60S100F-82-F1"},{"r":"209","t":"14:13:10","h":"Nord","s":"25S-H60S200F-81-F2"},{"r":"209","t":"14:15:10","h":"Nord","s":"25N-H60N000A-80-A"},{"r":"209","t":"14:15:10","h":"Nord","s":"25N-H60NV10A-80-A"},{"r":"209","t":"14:15:10","h":"Nord","s":"25N-H60NV20A-80-A"},{"r":"209","t":"14:15:10","h":"Nord","s":"25S-H60S000A-80-A"},{"r":"209","t":"14:42:10","h":"Nord","s":"25N-H60N000S-80-S"},{"r":"209","t":"14:42:10","h":"Nord","s":"25N-H60N000S-98-S"},{"r":"209","t":"14:42:10","h":"Nord","s":"25N-H60NV10S-98-S"},{"r":"209","t":"14:42:10","h":"Nord","s":"25N-H60NV20S-98-S"},{"r":"209","t":"14:42:10","h":"Nord","s":"25S-H60S000S-80-S"},{"r":"209","t":"14:46:10","h":"Nord","s":"25N-H60N000I-80-I"},{"r":"209","t":"14:46:10","h":"Nord","s":"25N-H60N100F-81-F1"},{"r":"209","t":"14:46:10","h":"Nord","s":"25N-H60N200F-81-F2"},{"r":"209","t":"14:46:10","h":"Nord","s":"25N-H60N300F-82-F3"},{"r":"209","t":"14:46:10","h":"Nord","s":"25N-H60N400F-81-F4"},{"r":"209","t":"14:46:10","h":"Nord","s":"25N-H60NV10I-80-I"},{"r":"209","t":"14:46:10","h":"Nord","s":"25N-H60NV20I-80-I"},{"r":"209","t":"14:46:10","h":"Nord","s":"25S-H60S000I-80-I"},{"r":"209","t":"14:46:10","h":"Nord","s":"25S-H60S100F-82-F1"},{"r":"209","t":"14:46:10","h":"Nord","s":"25S-H60S200F-81-F2"},{"r":"209","t":"14:48:10","h":"Nord","s":"25N-H60N000A-80-A"},{"r":"209","t":"14:48:10","h":"Nord","s":"25N-H60NV10A-80-A"},{"r":"209","t":"14:48:10","h":"Nord","s":"25N-H60NV20A-80-A"},{"r":"209","t":"14:48:10","h":"Nord","s":"25S-H60S000A-80-A"},{"r":"209","t":"15:09:10","h":"Nord","s":"25N-H60N000S-80-S"},{"r":"209","t":"15:09:10","h":"Nord","s":"25N-H60N000S-98-S"},{"r":"209","t":"15:09:10","h":"Nord","s":"25N-H60NV10S-98-S"},{"r":"209","t":"15:09:10","h":"Nord","s":"25N-H60NV20S-98-S"},{"r":"209","t":"15:09:10","h":"Nord","s":"25S-H60S000S-80-S"},{"r":"209","t":"15:18:10","h":"Nord","s":"25N-H60N000I-80-I"},{"r":"209","t":"15:18:10","h":"Nord","s":"25N-H60N100F-81-F1"},{"r":"209","t":"15:18:10","h":"Nord","s":"25N-H60N200F-81-F2"},{"r":"209","t":"15:18:10","h":"Nord","s":"25N-H60N300F-82-F3"},{"r":"209","t":"15:18:10","h":"Nord","s":"25N-H60N400F-81-F4"},{"r":"209","t":"15:18:10","h":"Nord","s":"25N-H60NV10I-80-I"},{"r":"209","t":"15:18:10","h":"Nord","s":"25N-H60NV20I-80-I"},{"r":"209","t":"15:18:10","h":"Nord","s":"25S-H60S000I-80-I"},{"r":"209","t":"15:18:10","h":"Nord","s":"25S-H60S100F-82-F1"},{"r":"209","t":"15:18:10","h":"Nord","s":"25S-H60S200F-81-F2"},{"r":"209","t":"15:19:10","h":"Nord","s":"25N-H60N000A-80-A"},{"r":"209","t":"15:19:10","h":"Nord","s":"25N-H60NV10A-80-A"},{"r":"209","t":"15:19:10","h":"Nord","s":"25N-H60NV20A-80-A"},{"r":"209","t":"15:19:10","h":"Nord","s":"25S-H60S000A-80-A"},{"r":"409","t":"15:31:41","h":"Nord via Davignon","s":"25N-H50N000S-80-S"},{"r":"409","t":"15:31:41","h":"Nord via Davignon","s":"25N-H50N000S-90-S"},{"r":"409","t":"15:31:41","h":"Nord via Davignon","s":"25N-H50NV10S-90-S"},{"r":"409","t":"15:31:41","h":"Nord via Davignon","s":"25N-H50NV20S-90-S"},{"r":"409","t":"15:31:41","h":"Nord via Davignon","s":"25S-H50S000S-81-S"},{"r":"209","t":"15:39:42","h":"Nord","s":"25N-H60N000S-80-S"},{"r":"209","t":"15:39:42","h":"Nord","s":"25N-H60N000S-98-S"},{"r":"209","t":"15:39:42","h":"Nord","s":"25N-H60NV10S-98-S"},{"r":"209","t":"15:39:42","h":"Nord","s":"25N-H60NV20S-98-S"},{"r":"209","t":"15:39:42","h":"Nord","s":"25S-H60S000S-80-S"},{"r":"209","t":"15:51:10","h":"Nord","s":"25N-H60N000I-80-I"},{"r":"209","t":"15:51:10","h":"Nord","s":"25N-H60N100F-81-F1"},{"r":"209","t":"15:51:10","h":"Nord","s":"25N-H60N200F-81-F2"},{"r":"209","t":"15:51:10","h":"Nord","s":"25N-H60N300F-82-F3"},{"r":"209","t":"15:51:10","h":"Nord","s":"25N-H60N400F-81-F4"},{"r":"209","t":"15:51:10","h":"Nord","s":"25N-H60NV10I-80-I"},{"r":"209","t":"15:51:10","h":"Nord","s":"25N-H60NV20I-80-I"},{"r":"209","t":"15:51:10","h":"Nord","s":"25S-H60S000I-80-I"},{"r":"209","t":"15:51:10","h":"Nord","s":"25S-H60S100F-82-F1"},{"r":"209","t":"15:51:10","h":"Nord","s":"25S-H60S200F-81-F2"},{"r":"209","t":"15:52:10","h":"Nord","s":"25N-H60N000A-80-A"},{"r":"209","t":"15:52:10","h":"Nord","s":"25N-H60NV10A-80-A"},{"r":"209","t":"15:52:10","h":"Nord","s":"25N-H60NV20A-80-A"},{"r":"209","t":"15:52:10","h":"Nord","s":"25S-H60S000A-80-A"},{"r":"409","t":"16:04:41","h":"Nord via Davignon","s":"25N-H60N000S-80-S"},{"r":"409","t":"16:04:41","h":"Nord via Davignon","s":"25N-H60N000S-98-S"},{"r":"409","t":"16:04:41","h":"Nord via Davignon","s":"25N-H60NV10S-98-S"},{"r":"409","t":"16:04:41","h":"Nord via Davignon","s":"25N-H60NV20S-98-S"},{"r":"409","t":"16:04:41","h":"Nord via Davignon","s":"25S-H60S000S-80-S"},{"r":"209","t":"16:08:42","h":"Nord","s":"25N-H60N000S-80-S"},{"r":"209","t":"16:08:42","h":"Nord","s":"25N-H60N000S-98-S"},{"r":"209","t":"16:08:42","h":"Nord","s":"25N-H60NV10S-98-S"},{"r":"209","t":"16:08:42","h":"Nord","s":"25N-H60NV20S-98-S"},{"r":"209","t":"16:08:42","h":"Nord","s":"25S-H60S000S-80-S"},{"r":"209","t":"16:24:10","h":"Nord","s":"25N-H60N000I-80-I"},{"r":"209","t":"16:24:10","h":"Nord","s":"25N-H60N100F-81-F1"},{"r":"209","t":"16:24:10","h":"Nord","s":"25N-H60N200F-81-F2"},{"r":"209","t":"16:24:10","h":"Nord","s":"25N-H60N300F-82-F3"},{"r":"209","t":"16:24:10","h":"Nord","s":"25N-H60N400F-81-F4"},{"r":"209","t":"16:24:10","h":"Nord","s":"25N-H60NV10I-80-I"},{"r":"209","t":"16:24:10","h":"Nord","s":"25N-H60NV20I-80-I"},{"r":"209","t":"16:24:10","h":"Nord","s":"25S-H60S000I-80-I"},{"r":"209","t":"16:24:10","h":"Nord","s":"25S-H60S100F-82-F1"},{"r":"209","t":"16:24:10","h":"Nord","s":"25S-H60S200F-81-F2"},{"r":"209","t":"16:25:10","h":"Nord","s":"25N-H60N000A-80-A"},{"r":"209","t":"16:25:10","h":"Nord","s":"25N-H60NV10A-80-A"},{"r":"209","t":"16:25:10","h":"Nord","s":"25N-H60NV20A-80-A"},{"r":"209","t":"16:25:10","h":"Nord","s":"25S-H60S000A-80-A"},{"r":"209","t":"16:35:42","h":"Nord","s":"25N-H60N000S-80-S"},{"r":"209","t":"16:35:42","h":"Nord","s":"25N-H60N000S-98-S"},{"r":"209","t":"16:35:42","h":"Nord","s":"25N-H60NV10S-98-S"},{"r":"209","t":"16:35:42","h":"Nord","s":"25N-H60NV20S-98-S"},{"r":"209","t":"16:35:42","h":"Nord","s":"25S-H60S000S-80-S"},{"r":"409","t":"16:36:41","h":"Nord via Davignon","s":"25N-H60N000S-80-S"},{"r":"409","t":"16:36:41","h":"Nord via Davignon","s":"25N-H60N000S-98-S"},{"r":"409","t":"16:36:41","h":"Nord via Davignon","s":"25N-H60NV10S-98-S"},{"r":"409","t":"16:36:41","h":"Nord via Davignon","s":"25N-H60NV20S-98-S"},{"r":"409","t":"16:36:41","h":"Nord via Davignon","s":"25S-H60S000S-80-S"},{"r":"209","t":"16:57:10","h":"Nord","s":"25N-H60N000I-80-I"},{"r":"209","t":"16:57:10","h":"Nord","s":"25N-H60N100F-81-F1"},{"r":"209","t":"16:57:10","h":"Nord","s":"25N-H60N200F-81-F2"},{"r":"209","t":"16:57:10","h":"Nord","s":"25N-H60N300F-82-F3"},{"r":"209","t":"16:57:10","h":"Nord","s":"25N-H60N400F-81-F4"},{"r":"209","t":"16:57:10","h":"Nord","s":"25N-H60NV10I-80-I"},{"r":"209","t":"16:57:10","h":"Nord","s":"25N-H60NV20I-80-I"},{"r":"209","t":"16:57:10","h":"Nord","s":"25S-H60S000I-80-I"},{"r":"209","t":"16:57:10","h":"Nord","s":"25S-H60S100F-82-F1"},{"r":"209","t":"16:57:10","h":"Nord","s":"25S-H60S200F-81-F2"},{"r":"209","t":"16:58:10","h":"Nord","s":"25N-H60N000A-80-A"},{"r":"209","t":"16:58:10","h":"Nord","s":"25N-H60NV10A-80-A"},{"r":"209","t":"16:58:10","h":"Nord","s":"25N-H60NV20A-80-A"},{"r":"209","t":"16:58:10","h":"Nord","s":"25S-H60S000A-80-A"},{"r":"209","t":"17:05:42","h":"Nord","s":"25N-H60N000S-80-S"},{"r":"209","t":"17:05:42","h":"Nord","s":"25N-H60N000S-98-S"},{"r":"209","t":"17:05:42","h":"Nord","s":"25N-H60NV10S-98-S"},{"r":"209","t":"17:05:42","h":"Nord","s":"25N-H60NV20S-98-S"},{"r":"209","t":"17:05:42","h":"Nord","s":"25S-H60S000S-80-S"},{"r":"409","t":"17:07:41","h":"Nord via Davignon","s":"25N-H60N000S-80-S"},{"r":"409","t":"17:07:41","h":"Nord via Davignon","s":"25N-H60N000S-98-S"},{"r":"409","t":"17:07:41","h":"Nord via Davignon","s":"25N-H60NV10S-98-S"},{"r":"409","t":"17:07:41","h":"Nord via Davignon","s":"25N-H60NV20S-98-S"},{"r":"409","t":"17:07:41","h":"Nord via Davignon","s":"25S-H60S000S-80-S"},{"r":"209","t":"17:30:10","h":"Nord","s":"25N-H60N000A-80-A"},{"r":"209","t":"17:30:10","h":"Nord","s":"25N-H60N000I-80-I"},{"r":"209","t":"17:30:10","h":"Nord","s":"25N-H60N100F-81-F1"},{"r":"209","t":"17:30:10","h":"Nord","s":"25N-H60N200F-81-F2"},{"r":"209","t":"17:30:10","h":"Nord","s":"25N-H60N300F-82-F3"},{"r":"209","t":"17:30:10","h":"Nord","s":"25N-H60N400F-81-F4"},{"r":"209","t":"17:30:10","h":"Nord","s":"25N-H60NV10A-80-A"},{"r":"209","t":"17:30:10","h":"Nord","s":"25N-H60NV10I-80-I"},{"r":"209","t":"17:30:10","h":"Nord","s":"25N-H60NV20A-80-A"},{"r":"209","t":"17:30:10","h":"Nord","s":"25N-H60NV20I-80-I"},{"r":"209","t":"17:30:10","h":"Nord","s":"25S-H60S000A-80-A"},{"r":"209","t":"17:30:10","h":"Nord","s":"25S-H60S000I-80-I"},{"r":"209","t":"17:30:10","h":"Nord","s":"25S-H60S100F-82-F1"},{"r":"209","t":"17:30:10","h":"Nord","s":"25S-H60S200F-81-F2"},{"r":"209","t":"17:33:42","h":"Nord","s":"25N-H60N000S-80-S"},{"r":"209","t":"17:33:42","h":"Nord","s":"25N-H60N000S-98-S"},{"r":"209","t":"17:33:42","h":"Nord","s":"25N-H60NV10S-98-S"},{"r":"209","t":"17:33:42","h":"Nord","s":"25N-H60NV20S-98-S"},{"r":"209","t":"17:33:42","h":"Nord","s":"25S-H60S000S-80-S"},{"r":"409","t":"17:40:41","h":"Nord via Davignon","s":"25N-H60N000S-80-S"},{"r":"409","t":"17:40:41","h":"Nord via Davignon","s":"25N-H60N000S-98-S"},{"r":"409","t":"17:40:41","h":"Nord via Davignon","s":"25N-H60NV10S-98-S"},{"r":"409","t":"17:40:41","h":"Nord via Davignon","s":"25N-H60NV20S-98-S"},{"r":"409","t":"17:40:41","h":"Nord via Davignon","s":"25S-H60S000S-80-S"},{"r":"209","t":"18:00:42","h":"Nord","s":"25N-H60N000S-80-S"},{"r":"209","t":"18:00:42","h":"Nord","s":"25N-H60N000S-98-S"},{"r":"209","t":"18:00:42","h":"Nord","s":"25N-H60NV10S-98-S"},{"r":"209","t":"18:00:42","h":"Nord","s":"25N-H60NV20S-98-S"},{"r":"209","t":"18:00:42","h":"Nord","s":"25S-H60S000S-80-S"},{"r":"209","t":"18:03:10","h":"Nord","s":"25N-H60N000A-80-A"},{"r":"209","t":"18:03:10","h":"Nord","s":"25N-H60N000I-80-I"},{"r":"209","t":"18:03:10","h":"Nord","s":"25N-H60N100F-81-F1"},{"r":"209","t":"18:03:10","h":"Nord","s":"25N-H60N200F-81-F2"},{"r":"209","t":"18:03:10","h":"Nord","s":"25N-H60N300F-82-F3"},{"r":"209","t":"18:03:10","h":"Nord","s":"25N-H60N400F-81-F4"},{"r":"209","t":"18:03:10","h":"Nord","s":"25N-H60NV10A-80-A"},{"r":"209","t":"18:03:10","h":"Nord","s":"25N-H60NV10I-80-I"},{"r":"209","t":"18:03:10","h":"Nord","s":"25N-H60NV20A-80-A"},{"r":"209","t":"18:03:10","h":"Nord","s":"25N-H60NV20I-80-I"},{"r":"209","t":"18:03:10","h":"Nord","s":"25S-H60S000A-80-A"},{"r":"209","t":"18:03:10","h":"Nord","s":"25S-H60S000I-80-I"},{"r":"209","t":"18:03:10","h":"Nord","s":"25S-H60S100F-82-F1"},{"r":"209","t":"18:03:10","h":"Nord","s":"25S-H60S200F-81-F2"},{"r":"409","t":"18:09:41","h":"Nord via Davignon","s":"25N-H60N000S-80-S"},{"r":"409","t":"18:09:41","h":"Nord via Davignon","s":"25N-H60N000S-98-S"},{"r":"409","t":"18:09:41","h":"Nord via Davignon","s":"25N-H60NV10S-98-S"},{"r":"409","t":"18:09:41","h":"Nord via Davignon","s":"25N-H60NV20S-98-S"},{"r":"409","t":"18:09:41","h":"Nord via Davignon","s":"25S-H60S000S-80-S"},{"r":"209","t":"18:28:42","h":"Nord","s":"25N-H60N000S-80-S"},{"r":"209","t":"18:28:42","h":"Nord","s":"25N-H60N000S-98-S"},{"r":"209","t":"18:28:42","h":"Nord","s":"25N-H60NV10S-98-S"},{"r":"209","t":"18:28:42","h":"Nord","s":"25N-H60NV20S-98-S"},{"r":"209","t":"18:28:42","h":"Nord","s":"25S-H60S000S-80-S"},{"r":"409","t":"18:34:41","h":"Nord via Davignon","s":"25N-H60N000S-80-S"},{"r":"409","t":"18:34:41","h":"Nord via Davignon","s":"25N-H60N000S-98-S"},{"r":"409","t":"18:34:41","h":"Nord via Davignon","s":"25N-H60NV10S-98-S"},{"r":"409","t":"18:34:41","h":"Nord via Davignon","s":"25N-H60NV20S-98-S"},{"r":"409","t":"18:34:41","h":"Nord via Davignon","s":"25S-H60S000S-80-S"},{"r":"209","t":"18:35:10","h":"Nord","s":"25N-H60N000I-80-I"},{"r":"209","t":"18:35:10","h":"Nord","s":"25N-H60N100F-81-F1"},{"r":"209","t":"18:35:10","h":"Nord","s":"25N-H60N200F-81-F2"},{"r":"209","t":"18:35:10","h":"Nord","s":"25N-H60N300F-82-F3"},{"r":"209","t":"18:35:10","h":"Nord","s":"25N-H60N400F-81-F4"},{"r":"209","t":"18:35:10","h":"Nord","s":"25N-H60NV10I-80-I"},{"r":"209","t":"18:35:10","h":"Nord","s":"25N-H60NV20I-80-I"},{"r":"209","t":"18:35:10","h":"Nord","s":"25S-H60S000I-80-I"},{"r":"209","t":"18:35:10","h":"Nord","s":"25S-H60S100F-82-F1"},{"r":"209","t":"18:35:10","h":"Nord","s":"25S-H60S200F-81-F2"},{"r":"209","t":"18:36:10","h":"Nord","s":"25N-H60N000A-80-A"},{"r":"209","t":"18:36:10","h":"Nord","s":"25N-H60NV10A-80-A"},{"r":"209","t":"18:36:10","h":"Nord","s":"25N-H60NV20A-80-A"},{"r":"209","t":"18:36:10","h":"Nord","s":"25S-H60S000A-80-A"},{"r":"209","t":"18:55:42","h":"Nord","s":"25N-H60N000S-80-S"},{"r":"209","t":"18:55:42","h":"Nord","s":"25N-H60N000S-98-S"},{"r":"209","t":"18:55:42","h":"Nord","s":"25N-H60NV10S-98-S"},{"r":"209","t":"18:55:42","h":"Nord","s":"25N-H60NV20S-98-S"},{"r":"209","t":"18:55:42","h":"Nord","s":"25S-H60S000S-80-S"},{"r":"409","t":"18:58:41","h":"Nord via Davignon","s":"25N-H60N000S-80-S"},{"r":"409","t":"18:58:41","h":"Nord via Davignon","s":"25N-H60N000S-98-S"},{"r":"409","t":"18:58:41","h":"Nord via Davignon","s":"25N-H60NV10S-98-S"},{"r":"409","t":"18:58:41","h":"Nord via Davignon","s":"25N-H60NV20S-98-S"},{"r":"409","t":"18:58:41","h":"Nord via Davignon","s":"25S-H60S000S-80-S"},{"r":"209","t":"19:06:10","h":"Nord","s":"25N-H60N000I-80-I"},{"r":"209","t":"19:06:10","h":"Nord","s":"25N-H60N100F-81-F1"},{"r":"209","t":"19:06:10","h":"Nord","s":"25N-H60N200F-81-F2"},{"r":"209","t":"19:06:10","h":"Nord","s":"25N-H60N300F-82-F3"},{"r":"209","t":"19:06:10","h":"Nord","s":"25N-H60N400F-81-F4"},{"r":"209","t":"19:06:10","h":"Nord","s":"25N-H60NV10I-80-I"},{"r":"209","t":"19:06:10","h":"Nord","s":"25N-H60NV20I-80-I"},{"r":"209","t":"19:06:10","h":"Nord","s":"25S-H60S000I-80-I"},{"r":"209","t":"19:06:10","h":"Nord","s":"25S-H60S100F-82-F1"},{"r":"209","t":"19:06:10","h":"Nord","s":"25S-H60S200F-81-F2"},{"r":"209","t":"19:07:10","h":"Nord","s":"25N-H60N000A-80-A"},{"r":"209","t":"19:07:10","h":"Nord","s":"25N-H60NV10A-80-A"},{"r":"209","t":"19:07:10","h":"Nord","s":"25N-H60NV20A-80-A"},{"r":"209","t":"19:07:10","h":"Nord","s":"25S-H60S000A-80-A"},{"r":"409","t":"19:23:41","h":"Nord via Davignon","s":"25N-H60N000S-80-S"},{"r":"409","t":"19:23:41","h":"Nord via Davignon","s":"25N-H60N000S-98-S"},{"r":"409","t":"19:23:41","h":"Nord via Davignon","s":"25N-H60NV10S-98-S"},{"r":"409","t":"19:23:41","h":"Nord via Davignon","s":"25N-H60NV20S-98-S"},{"r":"409","t":"19:23:41","h":"Nord via Davignon","s":"25S-H60S000S-80-S"},{"r":"209","t":"19:24:42","h":"Nord","s":"25N-H60N000S-80-S"},{"r":"209","t":"19:24:42","h":"Nord","s":"25N-H60N000S-98-S"},{"r":"209","t":"19:24:42","h":"Nord","s":"25N-H60NV10S-98-S"},{"r":"209","t":"19:24:42","h":"Nord","s":"25N-H60NV20S-98-S"},{"r":"209","t":"19:24:42","h":"Nord","s":"25S-H60S000S-80-S"},{"r":"209","t":"19:39:10","h":"Nord","s":"25N-H60N000A-80-A"},{"r":"209","t":"19:39:10","h":"Nord","s":"25N-H60N000I-80-I"},{"r":"209","t":"19:39:10","h":"Nord","s":"25N-H60N100F-81-F1"},{"r":"209","t":"19:39:10","h":"Nord","s":"25N-H60N200F-81-F2"},{"r":"209","t":"19:39:10","h":"Nord","s":"25N-H60N300F-82-F3"},{"r":"209","t":"19:39:10","h":"Nord","s":"25N-H60N400F-81-F4"},{"r":"209","t":"19:39:10","h":"Nord","s":"25N-H60NV10A-80-A"},{"r":"209","t":"19:39:10","h":"Nord","s":"25N-H60NV10I-80-I"},{"r":"209","t":"19:39:10","h":"Nord","s":"25N-H60NV20A-80-A"},{"r":"209","t":"19:39:10","h":"Nord","s":"25N-H60NV20I-80-I"},{"r":"209","t":"19:39:10","h":"Nord","s":"25S-H60S000A-80-A"},{"r":"209","t":"19:39:10","h":"Nord","s":"25S-H60S000I-80-I"},{"r":"209","t":"19:39:10","h":"Nord","s":"25S-H60S100F-82-F1"},{"r":"209","t":"19:39:10","h":"Nord","s":"25S-H60S200F-81-F2"},{"r":"209","t":"19:57:42","h":"Nord","s":"25N-H60N000S-80-S"},{"r":"209","t":"19:57:42","h":"Nord","s":"25N-H60N000S-98-S"},{"r":"209","t":"19:57:42","h":"Nord","s":"25N-H60NV10S-98-S"},{"r":"209","t":"19:57:42","h":"Nord","s":"25N-H60NV20S-98-S"},{"r":"209","t":"19:57:42","h":"Nord","s":"25S-H60S000S-80-S"},{"r":"209","t":"20:09:14","h":"Nord","s":"25N-H60N000I-80-I"},{"r":"209","t":"20:09:14","h":"Nord","s":"25N-H60N100F-81-F1"},{"r":"209","t":"20:09:14","h":"Nord","s":"25N-H60N200F-81-F2"},{"r":"209","t":"20:09:14","h":"Nord","s":"25N-H60N300F-82-F3"},{"r":"209","t":"20:09:14","h":"Nord","s":"25N-H60N400F-81-F4"},{"r":"209","t":"20:09:14","h":"Nord","s":"25N-H60NV10I-80-I"},{"r":"209","t":"20:09:14","h":"Nord","s":"25N-H60NV20I-80-I"},{"r":"209","t":"20:09:14","h":"Nord","s":"25S-H60S000I-80-I"},{"r":"209","t":"20:09:14","h":"Nord","s":"25S-H60S100F-82-F1"},{"r":"209","t":"20:09:14","h":"Nord","s":"25S-H60S200F-81-F2"},{"r":"209","t":"20:10:14","h":"Nord","s":"25N-H60N000A-80-A"},{"r":"209","t":"20:10:14","h":"Nord","s":"25N-H60NV10A-80-A"},{"r":"209","t":"20:10:14","h":"Nord","s":"25N-H60NV20A-80-A"},{"r":"209","t":"20:10:14","h":"Nord","s":"25S-H60S000A-80-A"},{"r":"209","t":"20:30:42","h":"Nord","s":"25N-H60N000S-80-S"},{"r":"209","t":"20:30:42","h":"Nord","s":"25N-H60N000S-98-S"},{"r":"209","t":"20:30:42","h":"Nord","s":"25N-H60NV10S-98-S"},{"r":"209","t":"20:30:42","h":"Nord","s":"25N-H60NV20S-98-S"},{"r":"209","t":"20:30:42","h":"Nord","s":"25S-H60S000S-80-S"},{"r":"209","t":"20:40:14","h":"Nord","s":"25N-H60N000I-80-I"},{"r":"209","t":"20:40:14","h":"Nord","s":"25N-H60N100F-81-F1"},{"r":"209","t":"20:40:14","h":"Nord","s":"25N-H60N200F-81-F2"},{"r":"209","t":"20:40:14","h":"Nord","s":"25N-H60N300F-82-F3"},{"r":"209","t":"20:40:14","h":"Nord","s":"25N-H60N400F-81-F4"},{"r":"209","t":"20:40:14","h":"Nord","s":"25N-H60NV10I-80-I"},{"r":"209","t":"20:40:14","h":"Nord","s":"25N-H60NV20I-80-I"},{"r":"209","t":"20:40:14","h":"Nord","s":"25S-H60S000I-80-I"},{"r":"209","t":"20:40:14","h":"Nord","s":"25S-H60S100F-82-F1"},{"r":"209","t":"20:40:14","h":"Nord","s":"25S-H60S200F-81-F2"},{"r":"209","t":"20:41:14","h":"Nord","s":"25N-H60N000A-80-A"},{"r":"209","t":"20:41:14","h":"Nord","s":"25N-H60NV10A-80-A"},{"r":"209","t":"20:41:14","h":"Nord","s":"25N-H60NV20A-80-A"},{"r":"209","t":"20:41:14","h":"Nord","s":"25S-H60S000A-80-A"},{"r":"209","t":"21:01:42","h":"Nord","s":"25N-H60N000S-80-S"},{"r":"209","t":"21:01:42","h":"Nord","s":"25N-H60N000S-98-S"},{"r":"209","t":"21:01:42","h":"Nord","s":"25N-H60NV10S-98-S"},{"r":"209","t":"21:01:42","h":"Nord","s":"25N-H60NV20S-98-S"},{"r":"209","t":"21:01:42","h":"Nord","s":"25S-H60S000S-80-S"},{"r":"209","t":"21:10:14","h":"Nord","s":"25N-H60N000A-80-A"},{"r":"209","t":"21:10:14","h":"Nord","s":"25N-H60NV10A-80-A"},{"r":"209","t":"21:10:14","h":"Nord","s":"25N-H60NV20A-80-A"},{"r":"209","t":"21:10:14","h":"Nord","s":"25S-H60S000A-80-A"},{"r":"209","t":"21:12:14","h":"Nord","s":"25N-H60N000I-80-I"},{"r":"209","t":"21:12:14","h":"Nord","s":"25N-H60N100F-81-F1"},{"r":"209","t":"21:12:14","h":"Nord","s":"25N-H60N200F-81-F2"},{"r":"209","t":"21:12:14","h":"Nord","s":"25N-H60N300F-82-F3"},{"r":"209","t":"21:12:14","h":"Nord","s":"25N-H60N400F-81-F4"},{"r":"209","t":"21:12:14","h":"Nord","s":"25N-H60NV10I-80-I"},{"r":"209","t":"21:12:14","h":"Nord","s":"25N-H60NV20I-80-I"},{"r":"209","t":"21:12:14","h":"Nord","s":"25S-H60S000I-80-I"},{"r":"209","t":"21:12:14","h":"Nord","s":"25S-H60S100F-82-F1"},{"r":"209","t":"21:12:14","h":"Nord","s":"25S-H60S200F-81-F2"},{"r":"209","t":"21:33:42","h":"Nord","s":"25N-H60N000S-80-S"},{"r":"209","t":"21:33:42","h":"Nord","s":"25N-H60N000S-98-S"},{"r":"209","t":"21:33:42","h":"Nord","s":"25N-H60NV10S-98-S"},{"r":"209","t":"21:33:42","h":"Nord","s":"25N-H60NV20S-98-S"},{"r":"209","t":"21:33:42","h":"Nord","s":"25S-H60S000S-80-S"},{"r":"209","t":"21:37:10","h":"Nord","s":"25N-H60N000I-80-I"},{"r":"209","t":"21:37:10","h":"Nord","s":"25N-H60N100F-81-F1"},{"r":"209","t":"21:37:10","h":"Nord","s":"25N-H60N200F-81-F2"},{"r":"209","t":"21:37:10","h":"Nord","s":"25N-H60N300F-82-F3"},{"r":"209","t":"21:37:10","h":"Nord","s":"25N-H60N400F-81-F4"},{"r":"209","t":"21:37:10","h":"Nord","s":"25N-H60NV10I-80-I"},{"r":"209","t":"21:37:10","h":"Nord","s":"25N-H60NV20I-80-I"},{"r":"209","t":"21:37:10","h":"Nord","s":"25S-H60S000I-80-I"},{"r":"209","t":"21:37:10","h":"Nord","s":"25S-H60S100F-82-F1"},{"r":"209","t":"21:37:10","h":"Nord","s":"25S-H60S200F-81-F2"},{"r":"209","t":"21:38:10","h":"Nord","s":"25N-H60N000A-80-A"},{"r":"209","t":"21:38:10","h":"Nord","s":"25N-H60NV10A-80-A"},{"r":"209","t":"21:38:10","h":"Nord","s":"25N-H60NV20A-80-A"},{"r":"209","t":"21:38:10","h":"Nord","s":"25S-H60S000A-80-A"},{"r":"209","t":"22:05:42","h":"Nord","s":"25N-H60N000S-80-S"},{"r":"209","t":"22:05:42","h":"Nord","s":"25N-H60N000S-98-S"},{"r":"209","t":"22:05:42","h":"Nord","s":"25N-H60NV10S-98-S"},{"r":"209","t":"22:05:42","h":"Nord","s":"25N-H60NV20S-98-S"},{"r":"209","t":"22:05:42","h":"Nord","s":"25S-H60S000S-80-S"},{"r":"209","t":"22:06:10","h":"Nord","s":"25N-H60N000I-80-I"},{"r":"209","t":"22:06:10","h":"Nord","s":"25N-H60N100F-81-F1"},{"r":"209","t":"22:06:10","h":"Nord","s":"25N-H60N200F-81-F2"},{"r":"209","t":"22:06:10","h":"Nord","s":"25N-H60N300F-82-F3"},{"r":"209","t":"22:06:10","h":"Nord","s":"25N-H60N400F-81-F4"},{"r":"209","t":"22:06:10","h":"Nord","s":"25N-H60NV10I-80-I"},{"r":"209","t":"22:06:10","h":"Nord","s":"25N-H60NV20I-80-I"},{"r":"209","t":"22:06:10","h":"Nord","s":"25S-H60S000I-80-I"},{"r":"209","t":"22:06:10","h":"Nord","s":"25S-H60S100F-82-F1"},{"r":"209","t":"22:06:10","h":"Nord","s":"25S-H60S200F-81-F2"},{"r":"209","t":"22:08:10","h":"Nord","s":"25N-H60N000A-80-A"},{"r":"209","t":"22:08:10","h":"Nord","s":"25N-H60NV10A-80-A"},{"r":"209","t":"22:08:10","h":"Nord","s":"25N-H60NV20A-80-A"},{"r":"209","t":"22:08:10","h":"Nord","s":"25S-H60S000A-80-A"},{"r":"209","t":"22:36:10","h":"Nord","s":"25N-H60N000A-80-A"},{"r":"209","t":"22:36:10","h":"Nord","s":"25N-H60NV10A-80-A"},{"r":"209","t":"22:36:10","h":"Nord","s":"25N-H60NV20A-80-A"},{"r":"209","t":"22:36:10","h":"Nord","s":"25S-H60S000A-80-A"},{"r":"209","t":"22:37:42","h":"Nord","s":"25N-H60N000S-80-S"},{"r":"209","t":"22:37:42","h":"Nord","s":"25N-H60N000S-98-S"},{"r":"209","t":"22:37:42","h":"Nord","s":"25N-H60NV10S-98-S"},{"r":"209","t":"22:37:42","h":"Nord","s":"25N-H60NV20S-98-S"},{"r":"209","t":"22:37:42","h":"Nord","s":"25S-H60S000S-80-S"},{"r":"209","t":"22:38:10","h":"Nord","s":"25N-H60N000I-80-I"},{"r":"209","t":"22:38:10","h":"Nord","s":"25N-H60N100F-81-F1"},{"r":"209","t":"22:38:10","h":"Nord","s":"25N-H60N200F-81-F2"},{"r":"209","t":"22:38:10","h":"Nord","s":"25N-H60N300F-82-F3"},{"r":"209","t":"22:38:10","h":"Nord","s":"25N-H60N400F-81-F4"},{"r":"209","t":"22:38:10","h":"Nord","s":"25N-H60NV10I-80-I"},{"r":"209","t":"22:38:10","h":"Nord","s":"25N-H60NV20I-80-I"},{"r":"209","t":"22:38:10","h":"Nord","s":"25S-H60S000I-80-I"},{"r":"209","t":"22:38:10","h":"Nord","s":"25S-H60S100F-82-F1"},{"r":"209","t":"22:38:10","h":"Nord","s":"25S-H60S200F-81-F2"},{"r":"209","t":"23:02:10","h":"Nord","s":"25N-H60N000I-80-I"},{"r":"209","t":"23:02:10","h":"Nord","s":"25N-H60N100F-81-F1"},{"r":"209","t":"23:02:10","h":"Nord","s":"25N-H60N200F-81-F2"},{"r":"209","t":"23:02:10","h":"Nord","s":"25N-H60N300F-82-F3"},{"r":"209","t":"23:02:10","h":"Nord","s":"25N-H60N400F-81-F4"},{"r":"209","t":"23:02:10","h":"Nord","s":"25N-H60NV10I-80-I"},{"r":"209","t":"23:02:10","h":"Nord","s":"25N-H60NV20I-80-I"},{"r":"209","t":"23:02:10","h":"Nord","s":"25S-H60S000I-80-I"},{"r":"209","t":"23:02:10","h":"Nord","s":"25S-H60S100F-82-F1"},{"r":"209","t":"23:02:10","h":"Nord","s":"25S-H60S200F-81-F2"},{"r":"209","t":"23:04:10","h":"Nord","s":"25N-H60N000A-80-A"},{"r":"209","t":"23:04:10","h":"Nord","s":"25N-H60NV10A-80-A"},{"r":"209","t":"23:04:10","h":"Nord","s":"25N-H60NV20A-80-A"},{"r":"209","t":"23:04:10","h":"Nord","s":"25S-H60S000A-80-A"},{"r":"209","t":"23:07:42","h":"Nord","s":"25N-H60N000S-80-S"},{"r":"209","t":"23:07:42","h":"Nord","s":"25N-H60N000S-98-S"},{"r":"209","t":"23:07:42","h":"Nord","s":"25N-H60NV10S-98-S"},{"r":"209","t":"23:07:42","h":"Nord","s":"25N-H60NV20S-98-S"},{"r":"209","t":"23:07:42","h":"Nord","s":"25S-H60S000S-80-S"},{"r":"209","t":"23:31:10","h":"Nord","s":"25N-H60N000I-80-I"},{"r":"209","t":"23:31:10","h":"Nord","s":"25N-H60N100F-81-F1"},{"r":"209","t":"23:31:10","h":"Nord","s":"25N-H60N200F-81-F2"},{"r":"209","t":"23:31:10","h":"Nord","s":"25N-H60N300F-82-F3"},{"r":"209","t":"23:31:10","h":"Nord","s":"25N-H60N400F-81-F4"},{"r":"209","t":"23:31:10","h":"Nord","s":"25N-H60NV10I-80-I"},{"r":"209","t":"23:31:10","h":"Nord","s":"25N-H60NV20I-80-I"},{"r":"209","t":"23:31:10","h":"Nord","s":"25S-H60S000I-80-I"},{"r":"209","t":"23:31:10","h":"Nord","s":"25S-H60S100F-82-F1"},{"r":"209","t":"23:31:10","h":"Nord","s":"25S-H60S200F-81-F2"},{"r":"209","t":"23:33:10","h":"Nord","s":"25N-H60N000A-80-A"},{"r":"209","t":"23:33:10","h":"Nord","s":"25N-H60NV10A-80-A"},{"r":"209","t":"23:33:10","h":"Nord","s":"25N-H60NV20A-80-A"},{"r":"209","t":"23:33:10","h":"Nord","s":"25S-H60S000A-80-A"},{"r":"209","t":"23:35:10","h":"Nord","s":"25N-H60N000S-80-S"},{"r":"209","t":"23:35:10","h":"Nord","s":"25N-H60N000S-98-S"},{"r":"209","t":"23:35:10","h":"Nord","s":"25N-H60NV10S-98-S"},{"r":"209","t":"23:35:10","h":"Nord","s":"25N-H60NV20S-98-S"},{"r":"209","t":"23:35:10","h":"Nord","s":"25S-H60S000S-80-S"},{"r":"209","t":"24:00:10","h":"Nord","s":"25N-H60N000A-80-A"},{"r":"209","t":"24:00:10","h":"Nord","s":"25N-H60NV10A-80-A"},{"r":"209","t":"24:00:10","h":"Nord","s":"25N-H60NV20A-80-A"},{"r":"209","t":"24:00:10","h":"Nord","s":"25S-H60S000A-80-A"},{"r":"209","t":"24:02:10","h":"Nord","s":"25N-H60N000I-80-I"},{"r":"209","t":"24:02:10","h":"Nord","s":"25N-H60N100F-81-F1"},{"r":"209","t":"24:02:10","h":"Nord","s":"25N-H60N200F-81-F2"},{"r":"209","t":"24:02:10","h":"Nord","s":"25N-H60N300F-82-F3"},{"r":"209","t":"24:02:10","h":"Nord","s":"25N-H60N400F-81-F4"},{"r":"209","t":"24:02:10","h":"Nord","s":"25N-H60NV10I-80-I"},{"r":"209","t":"24:02:10","h":"Nord","s":"25N-H60NV20I-80-I"},{"r":"209","t":"24:02:10","h":"Nord","s":"25S-H60S000I-80-I"},{"r":"209","t":"24:02:10","h":"Nord","s":"25S-H60S100F-82-F1"},{"r":"209","t":"24:02:10","h":"Nord","s":"25S-H60S200F-81-F2"},{"r":"209","t":"24:04:10","h":"Nord","s":"25N-H60N000S-80-S"},{"r":"209","t":"24:04:10","h":"Nord","s":"25N-H60N000S-98-S"},{"r":"209","t":"24:04:10","h":"Nord","s":"25N-H60NV10S-98-S"},{"r":"209","t":"24:04:10","h":"Nord","s":"25N-H60NV20S-98-S"},{"r":"209","t":"24:04:10","h":"Nord","s":"25S-H60S000S-80-S"},{"r":"209","t":"24:26:10","h":"Nord","s":"25N-H60N000I-80-I"},{"r":"209","t":"24:26:10","h":"Nord","s":"25N-H60N100F-81-F1"},{"r":"209","t":"24:26:10","h":"Nord","s":"25N-H60N200F-81-F2"},{"r":"209","t":"24:26:10","h":"Nord","s":"25N-H60N300F-82-F3"},{"r":"209","t":"24:26:10","h":"Nord","s":"25N-H60N400F-81-F4"},{"r":"209","t":"24:26:10","h":"Nord","s":"25N-H60NV10I-80-I"},{"r":"209","t":"24:26:10","h":"Nord","s":"25N-H60NV20I-80-I"},{"r":"209","t":"24:26:10","h":"Nord","s":"25S-H60S000I-80-I"},{"r":"209","t":"24:26:10","h":"Nord","s":"25S-H60S100F-82-F1"},{"r":"209","t":"24:26:10","h":"Nord","s":"25S-H60S200F-81-F2"},{"r":"209","t":"24:27:10","h":"Nord","s":"25N-H60N000A-80-A"},{"r":"209","t":"24:27:10","h":"Nord","s":"25N-H60NV10A-80-A"},{"r":"209","t":"24:27:10","h":"Nord","s":"25N-H60NV20A-80-A"},{"r":"209","t":"24:27:10","h":"Nord","s":"25S-H60S000A-80-A"}]