[{"r":"207","t":"05:22:38","h":"Nord","s":"25N-H60N000S-80-S"},{"r":"207","t":"05:22:38","h":"Nord","s":"25N-H60N000S-98-S"},{"r":"207","t":"05:22:38","h":"Nord","s":"25N-H60NV10S-98-S"},{"r":"207","t":"05:22:38","h":"Nord","s":"25N-H60NV20S-98-S"},{"r":"207","t":"05:22:38","h":"Nord","s":"25S-H60S000S-80-S"},{"r":"207","t":"05:51:38","h":"Nord","s":"25N-H60N000A-80-A"},{"r":"207","t":"05:51:38","h":"Nord","s":"25N-H60NV10A-80-A"},{"r":"207","t":"05:51:38","h":"Nord","s":"25N-H60NV20A-80-A"},{"r":"207","t":"05:51:38","h":"Nord","s":"25S-H60S000A-80-A"},{"r":"207","t":"05:53:38","h":"Nord","s":"25N-H60N000S-80-S"},{"r":"207","t":"05:53:38","h":"Nord","s":"25N-H60N000S-98-S"},{"r":"207","t":"05:53:38","h":"Nord","s":"25N-H60NV10S-98-S"},{"r":"207","t":"05:53:38","h":"Nord","s":"25N-H60NV20S-98-S"},{"r":"207","t":"05:53:38","h":"Nord","s":"25S-H60S000S-80-S"},{"r":"207","t":"06:22:38","h":"Nord","s":"25N-H60N000A-80-A"},{"r":"207","t":"06:22:38","h":"Nord","s":"25N-H60NV10A-80-A"},{"r":"207","t":"06:22:38","h":"Nord","s":"25N-H60NV20A-80-A"},{"r":"207","t":"06:22:38","h":"Nord","s":"25S-H60S000A-80-A"},{"r":"207","t":"06:25:38","h":"Nord","s":"25N-H50N000S-80-S"},{"r":"207","t":"06:25:38","h":"Nord","s":"25N-H50N000S-90-S"},{"r":"207","t":"06:25:38","h":"Nord","s":"25N-H50NV10S-90-S"},{"r":"207","t":"06:25:38","h":"Nord","s":"25N-H50NV20S-90-S"},{"r":"207","t":"06:25:38","h":"Nord","s":"25S-H50S000S-81-S"},{"r":"207","t":"06:52:38","h":"Nord","s":"25N-H60N000A-80-A"},{"r":"207","t":"06:52:38","h":"Nord","s":"25N-H60NV10A-80-A"},{"r":"207","t":"06:52:38","h":"Nord","s":"25N-H60NV20A-80-A"},{"r":"207","t":"06:52:38","h":"Nord","s":"25S-H60S000A-80-A"},{"r":"207","t":"06:57:38","h":"Nord","s":"25N-H60N000S-80-S"},{"r":"207","t":"06:57:38","h":"Nord","s":"25N-H60N000S-98-S"},{"r":"207","t":"06:57:38","h":"Nord","s":"25N-H60NV10S-98-S"},{"r":"207","t":"06:57:38","h":"Nord","s":"25N-H60NV20S-98-S"},{"r":"207","t":"06:57:38","h":"Nord","s":"25S-H60S000S-80-S"},{"r":"407","t":"07:13:26","h":"Ouest","s":"25N-H60N000S-80-S"},{"r":"407","t":"07:13:26","h":"Ouest","s":"25N-H60N000S-98-S"},{"r":"407","t":"07:13:26","h":"Ouest","s":"25N-H60NV10S-98-S"},{"r":"407","t":"07:13:26","h":"Ouest","s":"25N-H60NV20S-98-S"},{"r":"407","t":"07:13:26","h":"Ouest","s":"25S-H60S000S-80-S"},{"r":"207","t":"07:22:02","h":"Nord","s":"25N-H60N000I-80-I"},{"r":"207","t":"07:22:02","h":"Nord","s":"25N-H60N100F-81-F1"},{"r":"207","t":"07:22:02","h":"Nord","s":"25N-H60N200F-81-F2"},{"r":"207","t":"07:22:02","h":"Nord","s":"25N-H60N300F-82-F3"},{"r":"207","t":"07:22:02","h":"Nord","s":"25N-H60N400F-81-F4"},{"r":"207","t":"07:22:02","h":"Nord","s":"25N-H60NV10I-80-I"},{"r":"207","t":"07:22:02","h":"Nord","s":"25N-H60NV20I-80-I"},{"r":"207","t":"07:22:02","h":"Nord","s":"25S-H60S000I-80-I"},{"r":"207","t":"07:22:02","h":"Nord","s":"25S-H60S100F-82-F1"},{"r":"207","t":"07:22:02","h":"Nord","s":"25S-H60S200F-81-F2"},{"r":"207","t":"07:23:38","h":"Nord","s":"25N-H60N000A-80-A"},{"r":"207","t":"07:23:38","h":"Nord","s":"25N-H60NV10A-80-A"},{"r":"207","t":"07:23:38","h":"Nord","s":"25N-H60NV20A-80-A"},{"r":"207","t":"07:23:38","h":"Nord","s":"25S-H60S000A-80-A"},{"r":"207","t":"07:29:38","h":"Nord","s":"25N-H60N000S-80-S"},{"r":"207","t":"07:29:38","h":"Nord","s":"25N-H60N000S-98-S"},{"r":"207","t":"07:29:38","h":"Nord","s":"25N-H60NV10S-98-S"},{"r":"207","t":"07:29:38","h":"Nord","s":"25N-H60NV20S-98-S"},{"r":"207","t":"07:29:38","h":"Nord","s":"25S-H60S000S-80-S"},{"r":"207","t":"07:52:02","h":"Nord","s":"25N-H60N000I-80-I"},{"r":"207","t":"07:52:02","h":"Nord","s":"25N-H60N100F-81-F1"},{"r":"207","t":"07:52:02","h":"Nord","s":"25N-H60N200F-81-F2"},{"r":"207","t":"07:52:02","h":"Nord","s":"25N-H60N300F-82-F3"},{"r":"207","t":"07:52:02","h":"Nord","s":"25N-H60N400F-81-F4"},{"r":"207","t":"07:52:02","h":"Nord","s":"25N-H60NV10I-80-I"},{"r":"207","t":"07:52:02","h":"Nord","s":"25N-H60NV20I-80-I"},{"r":"207","t":"07:52:02","h":"Nord","s":"25S-H60S000I-80-I"},{"r":"207","t":"07:52:02","h":"Nord","s":"25S-H60S100F-82-F1"},{"r":"207","t":"07:52:02","h":"Nord","s":"25S-H60S200F-81-F2"},{"r":"407","t":"07:52:04","h":"Ouest","s":"25N-H60N000S-80-S"},{"r":"407","t":"07:52:04","h":"Ouest","s":"25N-H60N000S-98-S"},{"r":"407","t":"07:52:04","h":"Ouest","s":"25N-H60NV10S-98-S"},{"r":"407","t":"07:52:04","h":"Ouest","s":"25N-H60NV20S-98-S"},{"r":"407","t":"07:52:04","h":"Ouest","s":"25S-H60S000S-80-S"},{"r":"207","t":"07:53:38","h":"Nord","s":"25N-H60N000A-80-A"},{"r":"207","t":"07:53:38","h":"Nord","s":"25N-H60NV10A-80-A"},{"r":"207","t":"07:53:38","h":"Nord","s":"25N-H60NV20A-80-A"},{"r":"207","t":"07:53:38","h":"Nord","s":"25S-H60S000A-80-A"},{"r":"207","t":"07:58:38","h":"Nord","s":"25N-H60N000S-80-S"},{"r":"207","t":"07:58:38","h":"Nord","s":"25N-H60N000S-98-S"},{"r":"207","t":"07:58:38","h":"Nord","s":"25N-H60NV10S-98-S"},{"r":"207","t":"07:58:38","h":"Nord","s":"25N-H60NV20S-98-S"},{"r":"207","t":"07:58:38","h":"Nord","s":"25S-H60S000S-80-S"},{"r":"207","t":"08:22:02","h":"Nord","s":"25N-H60N000I-80-I"},{"r":"207","t":"08:22:02","h":"Nord","s":"25N-H60N100F-81-F1"},{"r":"207","t":"08:22:02","h":"Nord","s":"25N-H60N200F-81-F2"},{"r":"207","t":"08:22:02","h":"Nord","s":"25N-H60N300F-82-F3"},{"r":"207","t":"08:22:02","h":"Nord","s":"25N-H60N400F-81-F4"},{"r":"207","t":"08:22:02","h":"Nord","s":"25N-H60NV10I-80-I"},{"r":"207","t":"08:22:02","h":"Nord","s":"25N-H60NV20I-80-I"},{"r":"207","t":"08:22:02","h":"Nord","s":"25S-H60S000I-80-I"},{"r":"207","t":"08:22:02","h":"Nord","s":"25S-H60S100F-82-F1"},{"r":"207","t":"08:22:02","h":"Nord","s":"25S-H60S200F-81-F2"},{"r":"207","t":"08:23:38","h":"Nord","s":"25N-H60N000A-80-A"},{"r":"207","t":"08:23:38","h":"Nord","s":"25N-H60NV10A-80-A"},{"r":"207","t":"08:23:38","h":"Nord","s":"25N-H60NV20A-80-A"},{"r":"207","t":"08:23:38","h":"Nord","s":"25S-H60S000A-80-A"},{"r":"407","t":"08:27:04","h":"Ouest","s":"25N-H60N000S-80-S"},{"r":"407","t":"08:27:04","h":"Ouest","s":"25N-H60N000S-98-S"},{"r":"407","t":"08:27:04","h":"Ouest","s":"25N-H60NV10S-98-S"},{"r":"407","t":"08:27:04","h":"Ouest","s":"25N-H60NV20S-98-S"},{"r":"407","t":"08:27:04","h":"Ouest","s":"25S-H60S000S-80-S"},{"r":"207","t":"08:29:38","h":"Nord","s":"25N-H60N000S-80-S"},{"r":"207","t":"08:29:38","h":"Nord","s":"25N-H60N000S-98-S"},{"r":"207","t":"08:29:38","h":"Nord","s":"25N-H60NV10S-98-S"},{"r":"207","t":"08:29:38","h":"Nord","s":"25N-H60NV20S-98-S"},{"r":"207","t":"08:29:38","h":"Nord","s":"25S-H60S000S-80-S"},{"r":"207","t":"08:52:02","h":"Nord","s":"25N-H60N000I-80-I"},{"r":"207","t":"08:52:02","h":"Nord","s":"25N-H60N100F-81-F1"},{"r":"207","t":"08:52:02","h":"Nord","s":"25N-H60N200F-81-F2"},{"r":"207","t":"08:52:02","h":"Nord","s":"25N-H60N300F-82-F3"},{"r":"207","t":"08:52:02","h":"Nord","s":"25N-H60N400F-81-F4"},{"r":"207","t":"08:52:02","h":"Nord","s":"25N-H60NV10I-80-I"},{"r":"207","t":"08:52:02","h":"Nord","s":"25N-H60NV20I-80-I"},{"r":"207","t":"08:52:02","h":"Nord","s":"25S-H60S000I-80-I"},{"r":"207","t":"08:52:02","h":"Nord","s":"25S-H60S100F-82-F1"},{"r":"207","t":"08:52:02","h":"Nord","s":"25S-H60S200F-81-F2"},{"r":"207","t":"08:53:38","h":"Nord","s":"25N-H60N000A-80-A"},{"r":"207","t":"08:53:38","h":"Nord","s":"25N-H60NV10A-80-A"},{"r":"207","t":"08:53:38","h":"Nord","s":"25N-H60NV20A-80-A"},{"r":"207","t":"08:53:38","h":"Nord","s":"25S-H60S000A-80-A"},{"r":"207","t":"08:59:38","h":"Nord","s":"25N-H60N000S-80-S"},{"r":"207","t":"08:59:38","h":"Nord","s":"25N-H60N000S-98-S"},{"r":"207","t":"08:59:38","h":"Nord","s":"25N-H60NV10S-98-S"},{"r":"207","t":"08:59:38","h":"Nord","s":"25N-H60NV20S-98-S"},{"r":"207","t":"08:59:38","h":"Nord","s":"25S-H60S000S-80-S"},{"r":"407","t":"09:06:04","h":"Ouest","s":"25N-H60N000S-80-S"},{"r":"407","t":"09:06:04","h":"Ouest","s":"25N-H60N000S-98-S"},{"r":"407","t":"09:06:04","h":"Ouest","s":"25N-H60NV10S-98-S"},{"r":"407","t":"09:06:04","h":"Ouest","s":"25N-H60NV20S-98-S"},{"r":"407","t":"09:06:04","h":"Ouest","s":"25S-H60S000S-80-S"},{"r":"207","t":"09:22:02","h":"Nord","s":"25N-H60N000I-80-I"},{"r":"207","t":"09:22:02","h":"Nord","s":"25N-H60N100F-81-F1"},{"r":"207","t":"09:22:02","h":"Nord","s":"25N-H60N200F-81-F2"},{"r":"207","t":"09:22:02","h":"Nord","s":"25N-H60N300F-82-F3"},{"r":"207","t":"09:22:02","h":"Nord","s":"25N-H60N400F-81-F4"},{"r":"207","t":"09:22:02","h":"Nord","s":"25N-H60NV10I-80-I"},{"r":"207","t":"09:22:02","h":"Nord","s":"25N-H60NV20I-80-I"},{"r":"207","t":"09:22:02","h":"Nord","s":"25S-H60S000I-80-I"},{"r":"207","t":"09:22:02","h":"Nord","s":"25S-H60S100F-82-F1"},{"r":"207","t":"09:22:02","h":"Nord","s":"25S-H60S200F-81-F2"},{"r":"207","t":"09:24:38","h":"Nord","s":"25N-H60N000A-80-A"},{"r":"207","t":"09:24:38","h":"Nord","s":"25N-H60NV10A-80-A"},{"r":"207","t":"09:24:38","h":"Nord","s":"25N-H60NV20A-80-A"},{"r":"207","t":"09:24:38","h":"Nord","s":"25S-H60S000A-80-A"},{"r":"207","t":"09:29:38","h":"Nord","s":"25N-H60N000S-80-S"},{"r":"207","t":"09:29:38","h":"Nord","s":"25N-H60N000S-98-S"},{"r":"207","t":"09:29:38","h":"Nord","s":"25N-H60NV10S-98-S"},{"r":"207","t":"09:29:38","h":"Nord","s":"25N-H60NV20S-98-S"},{"r":"207","t":"09:29:38","h":"Nord","s":"25S-H60S000S-80-S"},{"r":"207","t":"09:52:02","h":"Nord","s":"25N-H60N000I-80-I"},{"r":"207","t":"09:52:02","h":"Nord","s":"25N-H60N100F-81-F1"},{"r":"207","t":"09:52:02","h":"Nord","s":"25N-H60N200F-81-F2"},{"r":"207","t":"09:52:02","h":"Nord","s":"25N-H60N300F-82-F3"},{"r":"207","t":"09:52:02","h":"Nord","s":"25N-H60N400F-81-F4"},{"r":"207","t":"09:52:02","h":"Nord","s":"25N-H60NV10I-80-I"},{"r":"207","t":"09:52:02","h":"Nord","s":"25N-H60NV20I-80-I"},{"r":"207","t":"09:52:02","h":"Nord","s":"25S-H60S000I-80-I"},{"r":"207","t":"09:52:02","h":"Nord","s":"25S-H60S100F-82-F1"},{"r":"207","t":"09:52:02","h":"Nord","s":"25S-H60S200F-81-F2"},{"r":"207","t":"09:54:38","h":"Nord","s":"25N-H60N000A-80-A"},{"r":"207","t":"09:54:38","h":"Nord","s":"25N-H60NV10A-80-A"},{"r":"207","t":"09:54:38","h":"Nord","s":"25N-H60NV20A-80-A"},{"r":"207","t":"09:54:38","h":"Nord","s":"25S-H60S000A-80-A"},{"r":"207","t":"09:59:38","h":"Nord","s":"25N-H60N000S-80-S"},{"r":"207","t":"09:59:38","h":"Nord","s":"25N-H60N000S-98-S"},{"r":"207","t":"09:59:38","h":"Nord","s":"25N-H60NV10S-98-S"},{"r":"207","t":"09:59:38","h":"Nord","s":"25N-H60NV20S-98-S"},{"r":"207","t":"09:59:38","h":"Nord","s":"25S-H60S000S-80-S"},{"r":"207","t":"10:23:38","h":"Nord","s":"25N-H60N000I-80-I"},{"r":"207","t":"10:23:38","h":"Nord","s":"25N-H60N100F-81-F1"},{"r":"207","t":"10:23:38","h":"Nord","s":"25N-H60N200F-81-F2"},{"r":"207","t":"10:23:38","h":"Nord","s":"25N-H60N300F-82-F3"},{"r":"207","t":"10:23:38","h":"Nord","s":"25N-H60N400F-81-F4"},{"r":"207","t":"10:23:38","h":"Nord","s":"25N-H60NV10I-80-I"},{"r":"207","t":"10:23:38","h":"Nord","s":"25N-H60NV20I-80-I"},{"r":"207","t":"10:23:38","h":"Nord","s":"25S-H60S000I-80-I"},{"r":"207","t":"10:23:38","h":"Nord","s":"25S-H60S100F-82-F1"},{"r":"207","t":"10:23:38","h":"Nord","s":"25S-H60S200F-81-F2"},{"r":"207","t":"10:24:38","h":"Nord","s":"25N-H60N000A-80-A"},{"r":"207","t":"10:24:38","h":"Nord","s":"25N-H60NV10A-80-A"},{"r":"207","t":"10:24:38","h":"Nord","s":"25N-H60NV20A-80-A"},{"r":"207","t":"10:24:38","h":"Nord","s":"25S-H60S000A-80-A"},{"r":"207","t":"10:29:38","h":"Nord","s":"25N-H60N000S-80-S"},{"r":"207","t":"10:29:38","h":"Nord","s":"25N-H60N000S-98-S"},{"r":"207","t":"10:29:38","h":"Nord","s":"25N-H60NV10S-98-S"},{"r":"207","t":"10:29:38","h":"Nord","s":"25N-H60NV20S-98-S"},{"r":"207","t":"10:29:38","h":"Nord","s":"25S-H60S000S-80-S"},{"r":"207","t":"10:53:38","h":"Nord","s":"25N-H60N000I-80-I"},{"r":"207","t":"10:53:38","h":"Nord","s":"25N-H60N100F-81-F1"},{"r":"207","t":"10:53:38","h":"Nord","s":"25N-H60N200F-81-F2"},{"r":"207","t":"10:53:38","h":"Nord","s":"25N-H60N300F-82-F3"},{"r":"207","t":"10:53:38","h":"Nord","s":"25N-H60N400F-81-F4"},{"r":"207","t":"10:53:38","h":"Nord","s":"25N-H60NV10I-80-I"},{"r":"207","t":"10:53:38","h":"Nord","s":"25N-H60NV20I-80-I"},{"r":"207","t":"10:53:38","h":"Nord","s":"25S-H60S000I-80-I"},{"r":"207","t":"10:53:38","h":"Nord","s":"25S-H60S100F-82-F1"},{"r":"207","t":"10:53:38","h":"Nord","s":"25S-H60S200F-81-F2"},{"r":"207","t":"10:54:38","h":"Nord","s":"25N-H60N000A-80-A"},{"r":"207","t":"10:54:38","h":"Nord","s":"25N-H60NV10A-80-A"},{"r":"207","t":"10:54:38","h":"Nord","s":"25N-H60NV20A-80-A"},{"r":"207","t":"10:54:38","h":"Nord","s":"25S-H60S000A-80-A"},{"r":"207","t":"11:00:38","h":"Nord","s":"25N-H60N000S-80-S"},{"r":"207","t":"11:00:38","h":"Nord","s":"25N-H60N000S-98-S"},{"r":"207","t":"11:00:38","h":"Nord","s":"25N-H60NV10S-98-S"},{"r":"207","t":"11:00:38","h":"Nord","s":"25N-H60NV20S-98-S"},{"r":"207","t":"11:00:38","h":"Nord","s":"25S-H60S000S-80-S"},{"r":"207","t":"11:23:38","h":"Nord","s":"25N-H60N000I-80-I"},{"r":"207","t":"11:23:38","h":"Nord","s":"25N-H60N100F-81-F1"},{"r":"207","t":"11:23:38","h":"Nord","s":"25N-H60N200F-81-F2"},{"r":"207","t":"11:23:38","h":"Nord","s":"25N-H60N300F-82-F3"},{"r":"207","t":"11:23:38","h":"Nord","s":"25N-H60N400F-81-F4"},{"r":"207","t":"11:23:38","h":"Nord","s":"25N-H60NV10I-80-I"},{"r":"207","t":"11:23:38","h":"Nord","s":"25N-H60NV20I-80-I"},{"r":"207","t":"11:23:38","h":"Nord","s":"25S-H60S000I-80-I"},{"r":"207","t":"11:23:38","h":"Nord","s":"25S-H60S100F-82-F1"},{"r":"207","t":"11:23:38","h":"Nord","s":"25S-H60S200F-81-F2"},{"r":"207","t":"11:24:38","h":"Nord","s":"25N-H60N000A-80-A"},{"r":"207","t":"11:24:38","h":"Nord","s":"25N-H60NV10A-80-A"},{"r":"207","t":"11:24:38","h":"Nord","s":"25N-H60NV20A-80-A"},{"r":"207","t":"11:24:38","h":"Nord","s":"25S-H60S000A-80-A"},{"r":"207","t":"11:29:38","h":"Nord","s":"25N-H60N000S-80-S"},{"r":"207","t":"11:29:38","h":"Nord","s":"25N-H60N000S-98-S"},{"r":"207","t":"11:29:38","h":"Nord","s":"25N-H60NV10S-98-S"},{"r":"207","t":"11:29:38","h":"Nord","s":"25N-H60NV20S-98-S"},{"r":"207","t":"11:29:38","h":"Nord","s":"25S-H60S000S-80-S"},{"r":"207","t":"11:53:38","h":"Nord","s":"25N-H60N000I-80-I"},{"r":"207","t":"11:53:38","h":"Nord","s":"25N-H60N100F-81-F1"},{"r":"207","t":"11:53:38","h":"Nord","s":"25N-H60N200F-81-F2"},{"r":"207","t":"11:53:38","h":"Nord","s":"25N-H60N300F-82-F3"},{"r":"207","t":"11:53:38","h":"Nord","s":"25N-H60N400F-81-F4"},{"r":"207","t":"11:53:38","h":"Nord","s":"25N-H60NV10I-80-I"},{"r":"207","t":"11:53:38","h":"Nord","s":"25N-H60NV20I-80-I"},{"r":"207","t":"11:53:38","h":"Nord","s":"25S-H60S000I-80-I"},{"r":"207","t":"11:53:38","h":"Nord","s":"25S-H60S100F-82-F1"},{"r":"207","t":"11:53:38","h":"Nord","s":"25S-H60S200F-81-F2"},{"r":"207","t":"11:55:38","h":"Nord","s":"25N-H60N000A-80-A"},{"r":"207","t":"11:55:38","h":"Nord","s":"25N-H60NV10A-80-A"},{"r":"207","t":"11:55:38","h":"Nord","s":"25N-H60NV20A-80-A"},{"r":"207","t":"11:55:38","h":"Nord","s":"25S-H60S000A-80-A"},{"r":"207","t":"11:59:38","h":"Nord","s":"25N-H60N000S-80-S"},{"r":"207","t":"11:59:38","h":"Nord","s":"25N-H60N000S-98-S"},{"r":"207","t":"11:59:38","h":"Nord","s":"25N-H60NV10S-98-S"},{"r":"207","t":"11:59:38","h":"Nord","s":"25N-H60NV20S-98-S"},{"r":"207","t":"11:59:38","h":"Nord","s":"25S-H60S000S-80-S"},{"r":"207","t":"12:25:38","h":"Nord","s":"25N-H60N000A-80-A"},{"r":"207","t":"12:25:38","h":"Nord","s":"25N-H60N000I-80-I"},{"r":"207","t":"12:25:38","h":"Nord","s":"25N-H60N100F-81-F1"},{"r":"207","t":"12:25:38","h":"Nord","s":"25N-H60N200F-81-F2"},{"r":"207","t":"12:25:38","h":"Nord","s":"25N-H60N300F-82-F3"},{"r":"207","t":"12:25:38","h":"Nord","s":"25N-H60N400F-81-F4"},{"r":"207","t":"12:25:38","h":"Nord","s":"25N-H60NV10A-80-A"},{"r":"207","t":"12:25:38","h":"Nord","s":"25N-H60NV10I-80-I"},{"r":"207","t":"12:25:38","h":"Nord","s":"25N-H60NV20A-80-A"},{"r":"207","t":"12:25:38","h":"Nord","s":"25N-H60NV20I-80-I"},{"r":"207","t":"12:25:38","h":"Nord","s":"25S-H60S000A-80-A"},{"r":"207","t":"12:25:38","h":"Nord","s":"25S-H60S000I-80-I"},{"r":"207","t":"12:25:38","h":"Nord","s":"25S-H60S100F-82-F1"},{"r":"207","t":"12:25:38","h":"Nord","s":"25S-H60S200F-81-F2"},{"r":"207","t":"12:29:38","h":"Nord","s":"25N-H60N000S-80-S"},{"r":"207","t":"12:29:38","h":"Nord","s":"25N-H60N000S-98-S"},{"r":"207","t":"12:29:38","h":"Nord","s":"25N-H60NV10S-98-S"},{"r":"207","t":"12:29:38","h":"Nord","s":"25N-H60NV20S-98-S"},{"r":"207","t":"12:29:38","h":"Nord","s":"25S-H60S000S-80-S"},{"r":"207","t":"12:55:38","h":"Nord","s":"25N-H60N000A-80-A"},{"r":"207","t":"12:55:38","h":"Nord","s":"25N-H60N000I-80-I"},{"r":"207","t":"12:55:38","h":"Nord","s":"25N-H60N100F-81-F1"},{"r":"207","t":"12:55:38","h":"Nord","s":"25N-H60N200F-81-F2"},{"r":"207","t":"12:55:38","h":"Nord","s":"25N-H60N300F-82-F3"},{"r":"207","t":"12:55:38","h":"Nord","s":"25N-H60N400F-81-F4"},{"r":"207","t":"12:55:38","h":"Nord","s":"25N-H60NV10A-80-A"},{"r":"207","t":"12:55:38","h":"Nord","s":"25N-H60NV10I-80-I"},{"r":"207","t":"12:55:38","h":"Nord","s":"25N-H60NV20A-80-A"},{"r":"207","t":"12:55:38","h":"Nord","s":"25N-H60NV20I-80-I"},{"r":"207","t":"12:55:38","h":"Nord","s":"25S-H60S000A-80-A"},{"r":"207","t":"12:55:38","h":"Nord","s":"25S-H60S000I-80-I"},{"r":"207","t":"12:55:38","h":"Nord","s":"25S-H60S100F-82-F1"},{"r":"207","t":"12:55:38","h":"Nord","s":"25S-H60S200F-81-F2"},{"r":"207","t":"12:59:38","h":"Nord","s":"25N-H60N000S-80-S"},{"r":"207","t":"12:59:38","h":"Nord","s":"25N-H60N000S-98-S"},{"r":"207","t":"12:59:38","h":"Nord","s":"25N-H60NV10S-98-S"},{"r":"207","t":"12:59:38","h":"Nord","s":"25N-H60NV20S-98-S"},{"r":"207","t":"12:59:38","h":"Nord","s":"25S-H60S000S-80-S"},{"r":"207","t":"13:25:38","h":"Nord","s":"25N-H60N000A-80-A"},{"r":"207","t":"13:25:38","h":"Nord","s":"25N-H60N000I-80-I"},{"r":"207","t":"13:25:38","h":"Nord","s":"25N-H60N100F-81-F1"},{"r":"207","t":"13:25:38","h":"Nord","s":"25N-H60N200F-81-F2"},{"r":"207","t":"13:25:38","h":"Nord","s":"25N-H60N300F-82-F3"},{"r":"207","t":"13:25:38","h":"Nord","s":"25N-H60N400F-81-F4"},{"r":"207","t":"13:25:38","h":"Nord","s":"25N-H60NV10A-80-A"},{"r":"207","t":"13:25:38","h":"Nord","s":"25N-H60NV10I-80-I"},{"r":"207","t":"13:25:38","h":"Nord","s":"25N-H60NV20A-80-A"},{"r":"207","t":"13:25:38","h":"Nord","s":"25N-H60NV20I-80-I"},{"r":"207","t":"13:25:38","h":"Nord","s":"25S-H60S000A-80-A"},{"r":"207","t":"13:25:38","h":"Nord","s":"25S-H60S000I-80-I"},{"r":"207","t":"13:25:38","h":"Nord","s":"25S-H60S100F-82-F1"},{"r":"207","t":"13:25:38","h":"Nord","s":"25S-H60S200F-81-F2"},{"r":"207","t":"13:29:38","h":"Nord","s":"25N-H60N000S-80-S"},{"r":"207","t":"13:29:38","h":"Nord","s":"25N-H60N000S-98-S"},{"r":"207","t":"13:29:38","h":"Nord","s":"25N-H60NV10S-98-S"},{"r":"207","t":"13:29:38","h":"Nord","s":"25N-H60NV20S-98-S"},{"r":"207","t":"13:29:38","h":"Nord","s":"25S-H60S000S-80-S"},{"r":"207","t":"13:55:38","h":"Nord","s":"25N-H60N000A-80-A"},{"r":"207","t":"13:55:38","h":"Nord","s":"25N-H60N000I-80-I"},{"r":"207","t":"13:55:38","h":"Nord","s":"25N-H60N100F-81-F1"},{"r":"207","t":"13:55:38","h":"Nord","s":"25N-H60N200F-81-F2"},{"r":"207","t":"13:55:38","h":"Nord","s":"25N-H60N300F-82-F3"},{"r":"207","t":"13:55:38","h":"Nord","s":"25N-H60N400F-81-F4"},{"r":"207","t":"13:55:38","h":"Nord","s":"25N-H60NV10A-80-A"},{"r":"207","t":"13:55:38","h":"Nord","s":"25N-H60NV10I-80-I"},{"r":"207","t":"13:55:38","h":"Nord","s":"25N-H60NV20A-80-A"},{"r":"207","t":"13:55:38","h":"Nord","s":"25N-H60NV20I-80-I"},{"r":"207","t":"13:55:38","h":"Nord","s":"25S-H60S000A-80-A"},{"r":"207","t":"13:55:38","h":"Nord","s":"25S-H60S000I-80-I"},{"r":"207","t":"13:55:38","h":"Nord","s":"25S-H60S100F-82-F1"},{"r":"207","t":"13:55:38","h":"Nord","s":"25S-H60S200F-81-F2"},{"r":"207","t":"13:59:38","h":"Nord","s":"25N-H60N000S-80-S"},{"r":"207","t":"13:59:38","h":"Nord","s":"25N-H60N000S-98-S"},{"r":"207","t":"13:59:38","h":"Nord","s":"25N-H60NV10S-98-S"},{"r":"207","t":"13:59:38","h":"Nord","s":"25N-H60NV20S-98-S"},{"r":"207","t":"13:59:38","h":"Nord","s":"25S-H60S000S-80-S"},{"r":"207","t":"14:25:38","h":"Nord","s":"25N-H60N000A-80-A"},{"r":"207","t":"14:25:38","h":"Nord","s":"25N-H60N000I-80-I"},{"r":"207","t":"14:25:38","h":"Nord","s":"25N-H60N100F-81-F1"},{"r":"207","t":"14:25:38","h":"Nord","s":"25N-H60N200F-81-F2"},{"r":"207","t":"14:25:38","h":"Nord","s":"25N-H60N300F-82-F3"},{"r":"207","t":"14:25:38","h":"Nord","s":"25N-H60N400F-81-F4"},{"r":"207","t":"14:25:38","h":"Nord","s":"25N-H60NV10A-80-A"},{"r":"207","t":"14:25:38","h":"Nord","s":"25N-H60NV10I-80-I"},{"r":"207","t":"14:25:38","h":"Nord","s":"25N-H60NV20A-80-A"},{"r":"207","t":"14:25:38","h":"Nord","s":"25N-H60NV20I-80-I"},{"r":"207","t":"14:25:38","h":"Nord","s":"25S-H60S000A-80-A"},{"r":"207","t":"14:25:38","h":"Nord","s":"25S-H60S000I-80-I"},{"r":"207","t":"14:25:38","h":"Nord","s":"25S-H60S100F-82-F1"},{"r":"207","t":"14:25:38","h":"Nord","s":"25S-H60S200F-81-F2"},{"r":"207","t":"14:29:38","h":"Nord","s":"25N-H60N000S-80-S"},{"r":"207","t":"14:29:38","h":"Nord","s":"25N-H60N000S-98-S"},{"r":"207","t":"14:29:38","h":"Nord","s":"25N-H60NV10S-98-S"},{"r":"207","t":"14:29:38","h":"Nord","s":"25N-H60NV20S-98-S"},{"r":"207","t":"14:29:38","h":"Nord","s":"25S-H60S000S-80-S"},{"r":"207","t":"14:55:38","h":"Nord","s":"25N-H60N000I-80-I"},{"r":"207","t":"14:55:38","h":"Nord","s":"25N-H60N100F-81-F1"},{"r":"207","t":"14:55:38","h":"Nord","s":"25N-H60N200F-81-F2"},{"r":"207","t":"14:55:38","h":"Nord","s":"25N-H60N300F-82-F3"},{"r":"207","t":"14:55:38","h":"Nord","s":"25N-H60N400F-81-F4"},{"r":"207","t":"14:55:38","h":"Nord","s":"25N-H60NV10I-80-I"},{"r":"207","t":"14:55:38","h":"Nord","s":"25N-H60NV20I-80-I"},{"r":"207","t":"14:55:38","h":"Nord","s":"25S-H60S000I-80-I"},{"r":"207","t":"14:55:38","h":"Nord","s":"25S-H60S100F-82-F1"},{"r":"207","t":"14:55:38","h":"Nord","s":"25S-H60S200F-81-F2"},{"r":"207","t":"14:56:38","h":"Nord","s":"25N-H60N000A-80-A"},{"r":"207","t":"14:56:38","h":"Nord","s":"25N-H60NV10A-80-A"},{"r":"207","t":"14:56:38","h":"Nord","s":"25N-H60NV20A-80-A"},{"r":"207","t":"14:56:38","h":"Nord","s":"25S-H60S000A-80-A"},{"r":"207","t":"14:59:15","h":"Nord","s":"25N-H60N000S-80-S"},{"r":"207","t":"14:59:15","h":"Nord","s":"25N-H60N000S-98-S"},{"r":"207","t":"14:59:15","h":"Nord","s":"25N-H60NV10S-98-S"},{"r":"207","t":"14:59:15","h":"Nord","s":"25N-H60NV20S-98-S"},{"r":"207","t":"14:59:15","h":"Nord","s":"25S-H60S000S-80-S"},{"r":"207","t":"15:25:38","h":"Nord","s":"25N-H60N000I-80-I"},{"r":"207","t":"15:25:38","h":"Nord","s":"25N-H60N100F-81-F1"},{"r":"207","t":"15:25:38","h":"Nord","s":"25N-H60N200F-81-F2"},{"r":"207","t":"15:25:38","h":"Nord","s":"25N-H60N300F-82-F3"},{"r":"207","t":"15:25:38","h":"Nord","s":"25N-H60N400F-81-F4"},{"r":"207","t":"15:25:38","h":"Nord","s":"25N-H60NV10I-80-I"},{"r":"207","t":"15:25:38","h":"Nord","s":"25N-H60NV20I-80-I"},{"r":"207","t":"15:25:38","h":"Nord","s":"25S-H60S000I-80-I"},{"r":"207","t":"15:25:38","h":"Nord","s":"25S-H60S100F-82-F1"},{"r":"207","t":"15:25:38","h":"Nord","s":"25S-H60S200F-81-F2"},{"r":"207","t":"15:26:38","h":"Nord","s":"25N-H60N000A-80-A"},{"r":"207","t":"15:26:38","h":"Nord","s":"25N-H60NV10A-80-A"},{"r":"207","t":"15:26:38","h":"Nord","s":"25N-H60NV20A-80-A"},{"r":"207","t":"15:26:38","h":"Nord","s":"25S-H60S000A-80-A"},{"r":"207","t":"15:29:15","h":"Nord","s":"25N-H60N000S-80-S"},{"r":"207","t":"15:29:15","h":"Nord","s":"25N-H60N000S-98-S"},{"r":"207","t":"15:29:15","h":"Nord","s":"25N-H60NV10S-98-S"},{"r":"207","t":"15:29:15","h":"Nord","s":"25N-H60NV20S-98-S"},{"r":"207","t":"15:29:15","h":"Nord","s":"25S-H60S000S-80-S"},{"r":"407","t":"15:54:26","h":"Ouest","s":"25N-H60N000S-80-S"},{"r":"407","t":"15:54:26","h":"Ouest","s":"25N-H60N000S-98-S"},{"r":"407","t":"15:54:26","h":"Ouest","s":"25N-H60NV10S-98-S"},{"r":"407","t":"15:54:26","h":"Ouest","s":"25N-H60NV20S-98-S"},{"r":"407","t":"15:54:26","h":"Ouest","s":"25S-H60S000S-80-S"},{"r":"207","t":"15:55:38","h":"Nord","s":"25N-H60N000I-80-I"},{"r":"207","t":"15:55:38","h":"Nord","s":"25N-H60N100F-81-F1"},{"r":"207","t":"15:55:38","h":"Nord","s":"25N-H60N200F-81-F2"},{"r":"207","t":"15:55:38","h":"Nord","s":"25N-H60N300F-82-F3"},{"r":"207","t":"15:55:38","h":"Nord","s":"25N-H60N400F-81-F4"},{"r":"207","t":"15:55:38","h":"Nord","s":"25N-H60NV10I-80-I"},{"r":"207","t":"15:55:38","h":"Nord","s":"25N-H60NV20I-80-I"},{"r":"207","t":"15:55:38","h":"Nord","s":"25S-H60S000I-80-I"},{"r":"207","t":"15:55:38","h":"Nord","s":"25S-H60S100F-82-F1"},{"r":"207","t":"15:55:38","h":"Nord","s":"25S-H60S200F-81-F2"},{"r":"207","t":"15:56:38","h":"Nord","s":"25N-H60N000A-80-A"},{"r":"207","t":"15:56:38","h":"Nord","s":"25N-H60NV10A-80-A"},{"r":"207","t":"15:56:38","h":"Nord","s":"25N-H60NV20A-80-A"},{"r":"207","t":"15:56:38","h":"Nord","s":"25S-H60S000A-80-A"},{"r":"207","t":"15:58:15","h":"Nord","s":"25N-H60N000S-80-S"},{"r":"207","t":"15:58:15","h":"Nord","s":"25N-H60N000S-98-S"},{"r":"207","t":"15:58:15","h":"Nord","s":"25N-H60NV10S-98-S"},{"r":"207","t":"15:58:15","h":"Nord","s":"25N-H60NV20S-98-S"},{"r":"207","t":"15:58:15","h":"Nord","s":"25S-H60S000S-80-S"},{"r":"407","t":"16:22:26","h":"Ouest","s":"25N-H60N000S-80-S"},{"r":"407","t":"16:22:26","h":"Ouest","s":"25N-H60N000S-98-S"},{"r":"407","t":"16:22:26","h":"Ouest","s":"25N-H60NV10S-98-S"},{"r":"407","t":"16:22:26","h":"Ouest","s":"25N-H60NV20S-98-S"},{"r":"407","t":"16:22:26","h":"Ouest","s":"25S-H60S000S-80-S"},{"r":"207","t":"16:24:38","h":"Nord","s":"25N-H60N000I-80-I"},{"r":"207","t":"16:24:38","h":"Nord","s":"25N-H60N100F-81-F1"},{"r":"207","t":"16:24:38","h":"Nord","s":"25N-H60N200F-81-F2"},{"r":"207","t":"16:24:38","h":"Nord","s":"25N-H60N300F-82-F3"},{"r":"207","t":"16:24:38","h":"Nord","s":"25N-H60N400F-81-F4"},{"r":"207","t":"16:24:38","h":"Nord","s":"25N-H60NV10I-80-I"},{"r":"207","t":"16:24:38","h":"Nord","s":"25N-H60NV20I-80-I"},{"r":"207","t":"16:24:38","h":"Nord","s":"25S-H60S000I-80-I"},{"r":"207","t":"16:24:38","h":"Nord","s":"25S-H60S100F-82-F1"},{"r":"207","t":"16:24:38","h":"Nord","s":"25S-H60S200F-81-F2"},{"r":"207","t":"16:26:38","h":"Nord","s":"25N-H60N000A-80-A"},{"r":"207","t":"16:26:38","h":"Nord","s":"25N-H60NV10A-80-A"},{"r":"207","t":"16:26:38","h":"Nord","s":"25N-H60NV20A-80-A"},{"r":"207","t":"16:26:38","h":"Nord","s":"25S-H60S000A-80-A"},{"r":"207","t":"16:29:15","h":"Nord","s":"25N-H60N000S-80-S"},{"r":"207","t":"16:29:15","h":"Nord","s":"25N-H60N000S-98-S"},{"r":"207","t":"16:29:15","h":"Nord","s":"25N-H60NV10S-98-S"},{"r":"207","t":"16:29:15","h":"Nord","s":"25N-H60NV20S-98-S"},{"r":"207","t":"16:29:15","h":"Nord","s":"25S-H60S000S-80-S"},{"r":"407","t":"16:49:26","h":"Ouest","s":"25N-H60N000S-80-S"},{"r":"407","t":"16:49:26","h":"Ouest","s":"25N-H60N000S-98-S"},{"r":"407","t":"16:49:26","h":"Ouest","s":"25N-H60NV10S-98-S"},{"r":"407","t":"16:49:26","h":"Ouest","s":"25N-H60NV20S-98-S"},{"r":"407","t":"16:49:26","h":"Ouest","s":"25S-H60S000S-80-S"},{"r":"207","t":"16:53:38","h":"Nord","s":"25N-H60N000I-80-I"},{"r":"207","t":"16:53:38","h":"Nord","s":"25N-H60N100F-81-F1"},{"r":"207","t":"16:53:38","h":"Nord","s":"25N-H60N200F-81-F2"},{"r":"207","t":"16:53:38","h":"Nord","s":"25N-H60N300F-82-F3"},{"r":"207","t":"16:53:38","h":"Nord","s":"25N-H60N400F-81-F4"},{"r":"207","t":"16:53:38","h":"Nord","s":"25N-H60NV10I-80-I"},{"r":"207","t":"16:53:38","h":"Nord","s":"25N-H60NV20I-80-I"},{"r":"207","t":"16:53:38","h":"Nord","s":"25S-H60S000I-80-I"},{"r":"207","t":"16:53:38","h":"Nord","s":"25S-H60S100F-82-F1"},{"r":"207","t":"16:53:38","h":"Nord","s":"25S-H60S200F-81-F2"},{"r":"207","t":"16:55:38","h":"Nord","s":"25N-H60N000A-80-A"},{"r":"207","t":"16:55:38","h":"Nord","s":"25N-H60NV10A-80-A"},{"r":"207","t":"16:55:38","h":"Nord","s":"25N-H60NV20A-80-A"},{"r":"207","t":"16:55:38","h":"Nord","s":"25S-H60S000A-80-A"},{"r":"207","t":"17:00:15","h":"Nord","s":"25N-H60N000S-80-S"},{"r":"207","t":"17:00:15","h":"Nord","s":"25N-H60N000S-98-S"},{"r":"207","t":"17:00:15","h":"Nord","s":"25N-H60NV10S-98-S"},{"r":"207","t":"17:00:15","h":"Nord","s":"25N-H60NV20S-98-S"},{"r":"207","t":"17:00:15","h":"Nord","s":"25S-H60S000S-80-S"},{"r":"407","t":"17:21:26","h":"Ouest","s":"25N-H60N000S-80-S"},{"r":"407","t":"17:21:26","h":"Ouest","s":"25N-H60N000S-98-S"},{"r":"407","t":"17:21:26","h":"Ouest","s":"25N-H60NV10S-98-S"},{"r":"407","t":"17:21:26","h":"Ouest","s":"25N-H60NV20S-98-S"},{"r":"407","t":"17:21:26","h":"Ouest","s":"25S-H60S000S-80-S"},{"r":"207","t":"17:22:38","h":"Nord","s":"25N-H60N000I-80-I"},{"r":"207","t":"17:22:38","h":"Nord","s":"25N-H60N100F-81-F1"},{"r":"207","t":"17:22:38","h":"Nord","s":"25N-H60N200F-81-F2"},{"r":"207","t":"17:22:38","h":"Nord","s":"25N-H60N300F-82-F3"},{"r":"207","t":"17:22:38","h":"Nord","s":"25N-H60N400F-81-F4"},{"r":"207","t":"17:22:38","h":"Nord","s":"25N-H60NV10I-80-I"},{"r":"207","t":"17:22:38","h":"Nord","s":"25N-H60NV20I-80-I"},{"r":"207","t":"17:22:38","h":"Nord","s":"25S-H60S000I-80-I"},{"r":"207","t":"17:22:38","h":"Nord","s":"25S-H60S100F-82-F1"},{"r":"207","t":"17:22:38","h":"Nord","s":"25S-H60S200F-81-F2"},{"r":"207","t":"17:25:38","h":"Nord","s":"25N-H60N000A-80-A"},{"r":"207","t":"17:25:38","h":"Nord","s":"25N-H60NV10A-80-A"},{"r":"207","t":"17:25:38","h":"Nord","s":"25N-H60NV20A-80-A"},{"r":"207","t":"17:25:38","h":"Nord","s":"25S-H60S000A-80-A"},{"r":"207","t":"17:31:15","h":"Nord","s":"25N-H60N000S-80-S"},{"r":"207","t":"17:31:15","h":"Nord","s":"25N-H60N000S-98-S"},{"r":"207","t":"17:31:15","h":"Nord","s":"25N-H60NV10S-98-S"},{"r":"207","t":"17:31:15","h":"Nord","s":"25N-H60NV20S-98-S"},{"r":"207","t":"17:31:15","h":"Nord","s":"25S-H60S000S-80-S"},{"r":"207","t":"17:51:38","h":"Nord","s":"25N-H60N000I-80-I"},{"r":"207","t":"17:51:38","h":"Nord","s":"25N-H60N100F-81-F1"},{"r":"207","t":"17:51:38","h":"Nord","s":"25N-H60N200F-81-F2"},{"r":"207","t":"17:51:38","h":"Nord","s":"25N-H60N300F-82-F3"},{"r":"207","t":"17:51:38","h":"Nord","s":"25N-H60N400F-81-F4"},{"r":"207","t":"17:51:38","h":"Nord","s":"25N-H60NV10I-80-I"},{"r":"207","t":"17:51:38","h":"Nord","s":"25N-H60NV20I-80-I"},{"r":"207","t":"17:51:38","h":"Nord","s":"25S-H60S000I-80-I"},{"r":"207","t":"17:51:38","h":"Nord","s":"25S-H60S100F-82-F1"},{"r":"207","t":"17:51:38","h":"Nord","s":"25S-H60S200F-81-F2"},{"r":"407","t":"17:52:26","h":"Ouest","s":"25N-H60N000S-80-S"},{"r":"407","t":"17:52:26","h":"Ouest","s":"25N-H60N000S-98-S"},{"r":"407","t":"17:52:26","h":"Ouest","s":"25N-H60NV10S-98-S"},{"r":"407","t":"17:52:26","h":"Ouest","s":"25N-H60NV20S-98-S"},{"r":"407","t":"17:52:26","h":"Ouest","s":"25S-H60S000S-80-S"},{"r":"207","t":"17:55:38","h":"Nord","s":"25N-H60N000A-80-A"},{"r":"207","t":"17:55:38","h":"Nord","s":"25N-H60NV10A-80-A"},{"r":"207","t":"17:55:38","h":"Nord","s":"25N-H60NV20A-80-A"},{"r":"207","t":"17:55:38","h":"Nord","s":"25S-H60S000A-80-A"},{"r":"207","t":"18:01:15","h":"Nord","s":"25N-H60N000S-80-S"},{"r":"207","t":"18:01:15","h":"Nord","s":"25N-H60N000S-98-S"},{"r":"207","t":"18:01:15","h":"Nord","s":"25N-H60NV10S-98-S"},{"r":"207","t":"18:01:15","h":"Nord","s":"25N-H60NV20S-98-S"},{"r":"207","t":"18:01:15","h":"Nord","s":"25S-H60S000S-80-S"},{"r":"207","t":"18:21:38","h":"Nord","s":"25N-H60N000I-80-I"},{"r":"207","t":"18:21:38","h":"Nord","s":"25N-H60N100F-81-F1"},{"r":"207","t":"18:21:38","h":"Nord","s":"25N-H60N200F-81-F2"},{"r":"207","t":"18:21:38","h":"Nord","s":"25N-H60N300F-82-F3"},{"r":"207","t":"18:21:38","h":"Nord","s":"25N-H60N400F-81-F4"},{"r":"207","t":"18:21:38","h":"Nord","s":"25N-H60NV10I-80-I"},{"r":"207","t":"18:21:38","h":"Nord","s":"25N-H60NV20I-80-I"},{"r":"207","t":"18:21:38","h":"Nord","s":"25S-H60S000I-80-I"},{"r":"207","t":"18:21:38","h":"Nord","s":"25S-H60S100F-82-F1"},{"r":"207","t":"18:21:38","h":"Nord","s":"25S-H60S200F-81-F2"},{"r":"407","t":"18:23:26","h":"Ouest","s":"25N-H60N000S-80-S"},{"r":"407","t":"18:23:26","h":"Ouest","s":"25N-H60N000S-98-S"},{"r":"407","t":"18:23:26","h":"Ouest","s":"25N-H60NV10S-98-S"},{"r":"407","t":"18:23:26","h":"Ouest","s":"25N-H60NV20S-98-S"},{"r":"407","t":"18:23:26","h":"Ouest","s":"25S-H60S000S-80-S"},{"r":"207","t":"18:25:38","h":"Nord","s":"25N-H60N000A-80-A"},{"r":"207","t":"18:25:38","h":"Nord","s":"25N-H60NV10A-80-A"},{"r":"207","t":"18:25:38","h":"Nord","s":"25N-H60NV20A-80-A"},{"r":"207","t":"18:25:38","h":"Nord","s":"25S-H60S000A-80-A"},{"r":"207","t":"18:29:38","h":"Nord","s":"25N-H60N000S-80-S"},{"r":"207","t":"18:29:38","h":"Nord","s":"25N-H60N000S-98-S"},{"r":"207","t":"18:29:38","h":"Nord","s":"25N-H60NV10S-98-S"},{"r":"207","t":"18:29:38","h":"Nord","s":"25N-H60NV20S-98-S"},{"r":"207","t":"18:29:38","h":"Nord","s":"25S-H60S000S-80-S"},{"r":"207","t":"18:51:38","h":"Nord","s":"25N-H60N000I-80-I"},{"r":"207","t":"18:51:38","h":"Nord","s":"25N-H60N100F-81-F1"},{"r":"207","t":"18:51:38","h":"Nord","s":"25N-H60N200F-81-F2"},{"r":"207","t":"18:51:38","h":"Nord","s":"25N-H60N300F-82-F3"},{"r":"207","t":"18:51:38","h":"Nord","s":"25N-H60N400F-81-F4"},{"r":"207","t":"18:51:38","h":"Nord","s":"25N-H60NV10I-80-I"},{"r":"207","t":"18:51:38","h":"Nord","s":"25N-H60NV20I-80-I"},{"r":"207","t":"18:51:38","h":"Nord","s":"25S-H60S000I-80-I"},{"r":"207","t":"18:51:38","h":"Nord","s":"25S-H60S100F-82-F1"},{"r":"207","t":"18:51:38","h":"Nord","s":"25S-H60S200F-81-F2"},{"r":"407","t":"18:54:26","h":"Ouest","s":"25N-H60N000S-80-S"},{"r":"407","t":"18:54:26","h":"Ouest","s":"25N-H60N000S-98-S"},{"r":"407","t":"18:54:26","h":"Ouest","s":"25N-H60NV10S-98-S"},{"r":"407","t":"18:54:26","h":"Ouest","s":"25N-H60NV20S-98-S"},{"r":"407","t":"18:54:26","h":"Ouest","s":"25S-H60S000S-80-S"},{"r":"207","t":"18:56:02","h":"Nord","s":"25N-H60N000A-80-A"},{"r":"207","t":"18:56:02","h":"Nord","s":"25N-H60NV10A-80-A"},{"r":"207","t":"18:56:02","h":"Nord","s":"25N-H60NV20A-80-A"},{"r":"207","t":"18:56:02","h":"Nord","s":"25S-H60S000A-80-A"},{"r":"207","t":"18:59:38","h":"Nord","s":"25N-H60N000S-80-S"},{"r":"207","t":"18:59:38","h":"Nord","s":"25N-H60N000S-98-S"},{"r":"207","t":"18:59:38","h":"Nord","s":"25N-H60NV10S-98-S"},{"r":"207","t":"18:59:38","h":"Nord","s":"25N-H60NV20S-98-S"},{"r":"207","t":"18:59:38","h":"Nord","s":"25S-H60S000S-80-S"},{"r":"207","t":"19:23:38","h":"Nord","s":"25N-H60N000I-80-I"},{"r":"207","t":"19:23:38","h":"Nord","s":"25N-H60N100F-81-F1"},{"r":"207","t":"19:23:38","h":"Nord","s":"25N-H60N200F-81-F2"},{"r":"207","t":"19:23:38","h":"Nord","s":"25N-H60N300F-82-F3"},{"r":"207","t":"19:23:38","h":"Nord","s":"25N-H60N400F-81-F4"},{"r":"207","t":"19:23:38","h":"Nord","s":"25N-H60NV10I-80-I"},{"r":"207","t":"19:23:38","h":"Nord","s":"25N-H60NV20I-80-I"},{"r":"207","t":"19:23:38","h":"Nord","s":"25S-H60S000I-80-I"},{"r":"207","t":"19:23:38","h":"Nord","s":"25S-H60S100F-82-F1"},{"r":"207","t":"19:23:38","h":"Nord","s":"25S-H60S200F-81-F2"},{"r":"407","t":"19:24:26","h":"Ouest","s":"25N-H60N000S-80-S"},{"r":"407","t":"19:24:26","h":"Ouest","s":"25N-H60N000S-98-S"},{"r":"407","t":"19:24:26","h":"Ouest","s":"25N-H60NV10S-98-S"},{"r":"407","t":"19:24:26","h":"Ouest","s":"25N-H60NV20S-98-S"},{"r":"407","t":"19:24:26","h":"Ouest","s":"25S-H60S000S-80-S"},{"r":"207","t":"19:25:02","h":"Nord","s":"25N-H60N000A-80-A"},{"r":"207","t":"19:25:02","h":"Nord","s":"25N-H60NV10A-80-A"},{"r":"207","t":"19:25:02","h":"Nord","s":"25N-H60NV20A-80-A"},{"r":"207","t":"19:25:02","h":"Nord","s":"25S-H60S000A-80-A"},{"r":"207","t":"19:29:38","h":"Nord","s":"25N-H60N000S-80-S"},{"r":"207","t":"19:29:38","h":"Nord","s":"25N-H60N000S-98-S"},{"r":"207","t":"19:29:38","h":"Nord","s":"25N-H60NV10S-98-S"},{"r":"207","t":"19:29:38","h":"Nord","s":"25N-H60NV20S-98-S"},{"r":"207","t":"19:29:38","h":"Nord","s":"25S-H60S000S-80-S"},{"r":"207","t":"19:52:38","h":"Nord","s":"25N-H60N000I-80-I"},{"r":"207","t":"19:52:38","h":"Nord","s":"25N-H60N100F-81-F1"},{"r":"207","t":"19:52:38","h":"Nord","s":"25N-H60N200F-81-F2"},{"r":"207","t":"19:52:38","h":"Nord","s":"25N-H60N300F-82-F3"},{"r":"207","t":"19:52:38","h":"Nord","s":"25N-H60N400F-81-F4"},{"r":"207","t":"19:52:38","h":"Nord","s":"25N-H60NV10I-80-I"},{"r":"207","t":"19:52:38","h":"Nord","s":"25N-H60NV20I-80-I"},{"r":"207","t":"19:52:38","h":"Nord","s":"25S-H60S000I-80-I"},{"r":"207","t":"19:52:38","h":"Nord","s":"25S-H60S100F-82-F1"},{"r":"207","t":"19:52:38","h":"Nord","s":"25S-H60S200F-81-F2"},{"r":"207","t":"19:55:02","h":"Nord","s":"25N-H60N000A-80-A"},{"r":"207","t":"19:55:02","h":"Nord","s":"25N-H60NV10A-80-A"},{"r":"207","t":"19:55:02","h":"Nord","s":"25N-H60NV20A-80-A"},{"r":"207","t":"19:55:02","h":"Nord","s":"25S-H60S000A-80-A"},{"r":"207","t":"19:59:38","h":"Nord","s":"25N-H60N000S-80-S"},{"r":"207","t":"19:59:38","h":"Nord","s":"25N-H60N000S-98-S"},{"r":"207","t":"19:59:38","h":"Nord","s":"25N-H60NV10S-98-S"},{"r":"207","t":"19:59:38","h":"Nord","s":"25N-H60NV20S-98-S"},{"r":"207","t":"19:59:38","h":"Nord","s":"25S-H60S000S-80-S"},{"r":"207","t":"20:23:38","h":"Nord","s":"25N-H60N000I-80-I"},{"r":"207","t":"20:23:38","h":"Nord","s":"25N-H60N100F-81-F1"},{"r":"207","t":"20:23:38","h":"Nord","s":"25N-H60N200F-81-F2"},{"r":"207","t":"20:23:38","h":"Nord","s":"25N-H60N300F-82-F3"},{"r":"207","t":"20:23:38","h":"Nord","s":"25N-H60N400F-81-F4"},{"r":"207","t":"20:23:38","h":"Nord","s":"25N-H60NV10I-80-I"},{"r":"207","t":"20:23:38","h":"Nord","s":"25N-H60NV20I-80-I"},{"r":"207","t":"20:23:38","h":"Nord","s":"25S-H60S000I-80-I"},{"r":"207","t":"20:23:38","h":"Nord","s":"25S-H60S100F-82-F1"},{"r":"207","t":"20:23:38","h":"Nord","s":"25S-H60S200F-81-F2"},{"r":"207","t":"20:25:02","h":"Nord","s":"25N-H60N000A-80-A"},{"r":"207","t":"20:25:02","h":"Nord","s":"25N-H60NV10A-80-A"},{"r":"207","t":"20:25:02","h":"Nord","s":"25N-H60NV20A-80-A"},{"r":"207","t":"20:25:02","h":"Nord","s":"25S-H60S000A-80-A"},{"r":"207","t":"20:29:38","h":"Nord","s":"25N-H60N000S-80-S"},{"r":"207","t":"20:29:38","h":"Nord","s":"25N-H60N000S-98-S"},{"r":"207","t":"20:29:38","h":"Nord","s":"25N-H60NV10S-98-S"},{"r":"207","t":"20:29:38","h":"Nord","s":"25N-H60NV20S-98-S"},{"r":"207","t":"20:29:38","h":"Nord","s":"25S-H60S000S-80-S"},{"r":"207","t":"20:54:38","h":"Nord","s":"25N-H60N000I-80-I"},{"r":"207","t":"20:54:38","h":"Nord","s":"25N-H60N100F-81-F1"},{"r":"207","t":"20:54:38","h":"Nord","s":"25N-H60N200F-81-F2"},{"r":"207","t":"20:54:38","h":"Nord","s":"25N-H60N300F-82-F3"},{"r":"207","t":"20:54:38","h":"Nord","s":"25N-H60N400F-81-F4"},{"r":"207","t":"20:54:38","h":"Nord","s":"25N-H60NV10I-80-I"},{"r":"207","t":"20:54:38","h":"Nord","s":"25N-H60NV20I-80-I"},{"r":"207","t":"20:54:38","h":"Nord","s":"25S-H60S000I-80-I"},{"r":"207","t":"20:54:38","h":"Nord","s":"25S-H60S100F-82-F1"},{"r":"207","t":"20:54:38","h":"Nord","s":"25S-H60S200F-81-F2"},{"r":"207","t":"20:55:02","h":"Nord","s":"25N-H60N000A-80-A"},{"r":"207","t":"20:55:02","h":"Nord","s":"25N-H60NV10A-80-A"},{"r":"207","t":"20:55:02","h":"Nord","s":"25N-H60NV20A-80-A"},{"r":"207","t":"20:55:02","h":"Nord","s":"25S-H60S000A-80-A"},{"r":"207","t":"20:59:38","h":"Nord","s":"25N-H60N000S-80-S"},{"r":"207","t":"20:59:38","h":"Nord","s":"25N-H60N000S-98-S"},{"r":"207","t":"20:59:38","h":"Nord","s":"25N-H60NV10S-98-S"},{"r":"207","t":"20:59:38","h":"Nord","s":"25N-H60NV20S-98-S"},{"r":"207","t":"20:59:38","h":"Nord","s":"25S-H60S000S-80-S"},{"r":"207","t":"21:25:38","h":"Nord","s":"25N-H60N000I-80-I"},{"r":"207","t":"21:25:38","h":"Nord","s":"25N-H60N100F-81-F1"},{"r":"207","t":"21:25:38","h":"Nord","s":"25N-H60N200F-81-F2"},{"r":"207","t":"21:25:38","h":"Nord","s":"25N-H60N300F-82-F3"},{"r":"207","t":"21:25:38","h":"Nord","s":"25N-H60N400F-81-F4"},{"r":"207","t":"21:25:38","h":"Nord","s":"25N-H60NV10I-80-I"},{"r":"207","t":"21:25:38","h":"Nord","s":"25N-H60NV20I-80-I"},{"r":"207","t":"21:25:38","h":"Nord","s":"25S-H60S000I-80-I"},{"r":"207","t":"21:25:38","h":"Nord","s":"25S-H60S100F-82-F1"},{"r":"207","t":"21:25:38","h":"Nord","s":"25S-H60S200F-81-F2"},{"r":"207","t":"21:27:02","h":"Nord","s":"25N-H60N000A-80-A"},{"r":"207","t":"21:27:02","h":"Nord","s":"25N-H60NV10A-80-A"},{"r":"207","t":"21:27:02","h":"Nord","s":"25N-H60NV20A-80-A"},{"r":"207","t":"21:27:02","h":"Nord","s":"25S-H60S000A-80-A"},{"r":"207","t":"21:29:38","h":"Nord","s":"25N-H60N000S-80-S"},{"r":"207","t":"21:29:38","h":"Nord","s":"25N-H60N000S-98-S"},{"r":"207","t":"21:29:38","h":"Nord","s":"25N-H60NV10S-98-S"},{"r":"207","t":"21:29:38","h":"Nord","s":"25N-H60NV20S-98-S"},{"r":"207","t":"21:29:38","h":"Nord","s":"25S-H60S000S-80-S"},{"r":"207","t":"21:56:38","h":"Nord","s":"25N-H60N000I-80-I"},{"r":"207","t":"21:56:38","h":"Nord","s":"25N-H60N100F-81-F1"},{"r":"207","t":"21:56:38","h":"Nord","s":"25N-H60N200F-81-F2"},{"r":"207","t":"21:56:38","h":"Nord","s":"25N-H60N300F-82-F3"},{"r":"207","t":"21:56:38","h":"Nord","s":"25N-H60N400F-81-F4"},{"r":"207","t":"21:56:38","h":"Nord","s":"25N-H60NV10I-80-I"},{"r":"207","t":"21:56:38","h":"Nord","s":"25N-H60NV20I-80-I"},{"r":"207","t":"21:56:38","h":"Nord","s":"25S-H60S000I-80-I"},{"r":"207","t":"21:56:38","h":"Nord","s":"25S-H60S100F-82-F1"},{"r":"207","t":"21:56:38","h":"Nord","s":"25S-H60S200F-81-F2"},{"r":"207","t":"21:58:02","h":"Nord","s":"25N-H60N000A-80-A"},{"r":"207","t":"21:58:02","h":"Nord","s":"25N-H60NV10A-80-A"},{"r":"207","t":"21:58:02","h":"Nord","s":"25N-H60NV20A-80-A"},{"r":"207","t":"21:58:02","h":"Nord","s":"25S-H60S000A-80-A"},{"r":"207","t":"22:01:38","h":"Nord","s":"25N-H60N000S-80-S"},{"r":"207","t":"22:01:38","h":"Nord","s":"25N-H60N000S-98-S"},{"r":"207","t":"22:01:38","h":"Nord","s":"25N-H60NV10S-98-S"},{"r":"207","t":"22:01:38","h":"Nord","s":"25N-H60NV20S-98-S"},{"r":"207","t":"22:01:38","h":"Nord","s":"25S-H60S000S-80-S"},{"r":"207","t":"22:28:02","h":"Nord","s":"25N-H60N000A-80-A"},{"r":"207","t":"22:28:02","h":"Nord","s":"25N-H60NV10A-80-A"},{"r":"207","t":"22:28:02","h":"Nord","s":"25N-H60NV20A-80-A"},{"r":"207","t":"22:28:02","h":"Nord","s":"25S-H60S000A-80-A"},{"r":"207","t":"22:31:38","h":"Nord","s":"25N-H60N000S-80-S"},{"r":"207","t":"22:31:38","h":"Nord","s":"25N-H60N000S-98-S"},{"r":"207","t":"22:31:38","h":"Nord","s":"25N-H60NV10S-98-S"},{"r":"207","t":"22:31:38","h":"Nord","s":"25N-H60NV20S-98-S"},{"r":"207","t":"22:31:38","h":"Nord","s":"25S-H60S000S-80-S"},{"r":"207","t":"22:54:38","h":"Nord","s":"25N-H60N000I-80-I"},{"r":"207","t":"22:54:38","h":"Nord","s":"25N-H60N100F-81-F1"},{"r":"207","t":"22:54:38","h":"Nord","s":"25N-H60N200F-81-F2"},{"r":"207","t":"22:54:38","h":"Nord","s":"25N-H60N300F-82-F3"},{"r":"207","t":"22:54:38","h":"Nord","s":"25N-H60N400F-81-F4"},{"r":"207","t":"22:54:38","h":"Nord","s":"25N-H60NV10I-80-I"},{"r":"207","t":"22:54:38","h":"Nord","s":"25N-H60NV20I-80-I"},{"r":"207","t":"22:54:38","h":"Nord","s":"25S-H60S000I-80-I"},{"r":"207","t":"22:54:38","h":"Nord","s":"25S-H60S100F-82-F1"},{"r":"207","t":"22:54:38","h":"Nord","s":"25S-H60S200F-81-F2"},{"r":"207","t":"22:58:02","h":"Nord","s":"25N-H60N000A-80-A"},{"r":"207","t":"22:58:02","h":"Nord","s":"25N-H60NV10A-80-A"},{"r":"207","t":"22:58:02","h":"Nord","s":"25N-H60NV20A-80-A"},{"r":"207","t":"22:58:02","h":"Nord","s":"25S-H60S000A-80-A"},{"r":"207","t":"23:00:38","h":"Nord","s":"25N-H60N000S-80-S"},{"r":"207","t":"23:00:38","h":"Nord","s":"25N-H60N000S-98-S"},{"r":"207","t":"23:00:38","h":"Nord","s":"25N-H60NV10S-98-S"},{"r":"207","t":"23:00:38","h":"Nord","s":"25N-H60NV20S-98-S"},{"r":"207","t":"23:00:38","h":"Nord","s":"25S-H60S000S-80-S"},{"r":"207","t":"23:52:38","h":"Nord","s":"25N-H60N000I-80-I"},{"r":"207","t":"23:52:38","h":"Nord","s":"25N-H60N100F-81-F1"},{"r":"207","t":"23:52:38","h":"Nord","s":"25N-H60N200F-81-F2"},{"r":"207","t":"23:52:38","h":"Nord","s":"25N-H60N300F-82-F3"},{"r":"207","t":"23:52:38","h":"Nord","s":"25N-H60N400F-81-F4"},{"r":"207","t":"23:52:38","h":"Nord","s":"25N-H60NV10I-80-I"},{"r":"207","t":"23:52:38","h":"Nord","s":"25N-H60NV20I-80-I"},{"r":"207","t":"23:52:38","h":"Nord","s":"25S-H60S000I-80-I"},{"r":"207","t":"23:52:38","h":"Nord","s":"25S-H60S100F-82-F1"},{"r":"207","t":"23:52:38","h":"Nord","s":"25S-H60S200F-81-F2"},{"r":"207","t":"23:55:02","h":"Nord","s":"25N-H60N000A-80-A"},{"r":"207","t":"23:55:02","h":"Nord","s":"25N-H60NV10A-80-A"},{"r":"207","t":"23:55:02","h":"Nord","s":"25N-H60NV20A-80-A"},{"r":"207","t":"23:55:02","h":"Nord","s":"25S-H60S000A-80-A"},{"r":"207","t":"24:00:02","h":"Nord","s":"25N-H60N000S-80-S"},{"r":"207","t":"24:00:02","h":"Nord","s":"25N-H60N000S-98-S"},{"r":"207","t":"24:00:02","h":"Nord","s":"25N-H60NV10S-98-S"},{"r":"207","t":"24:00:02","h":"Nord","s":"25N-H60NV20S-98-S"},{"r":"207","t":"24:00:02","h":"Nord","s":"25S-H60S000S-80-S"},{"r":"207","t":"24:50:02","h":"Nord","s":"25N-H60N000A-80-A"},{"r":"207","t":"24:50:02","h":"Nord","s":"25N-H60N000I-80-I"},{"r":"207","t":"24:50:02","h":"Nord","s":"25N-H60N100F-81-F1"},{"r":"207","t":"24:50:02","h":"Nord","s":"25N-H60N200F-81-F2"},{"r":"207","t":"24:50:02","h":"Nord","s":"25N-H60N300F-82-F3"},{"r":"207","t":"24:50:02","h":"Nord","s":"25N-H60N400F-81-F4"},{"r":"207","t":"24:50:02","h":"Nord","s":"25N-H60NV10A-80-A"},{"r":"207","t":"24:50:02","h":"Nord","s":"25N-H60NV10I-80-I"},{"r":"207","t":"24:50:02","h":"Nord","s":"25N-H60NV20A-80-A"},{"r":"207","t":"24:50:02","h":"Nord","s":"25N-H60NV20I-80-I"},{"r":"207","t":"24:50:02","h":"Nord","s":"25S-H60S000A-80-A"},{"r":"207","t":"24:50:02","h":"Nord","s":"25S-H60S000I-80-I"},{"r":"207","t":"24:50:02","h":"Nord","s":"25S-H60S100F-82-F1"},{"r":"207","t":"24:50:02","h":"Nord","s":"25S-H60S200F-81-F2"},{"r":"207","t":"24:59:02","h":"Nord","s":"25N-H60N000S-80-S"},{"r":"207","t":"24:59:02","h":"Nord","s":"25N-H60N000S-98-S"},{"r":"207","t":"24:59:02","h":"Nord","s":"25N-H60NV10S-98-S"},{"r":"207","t":"24:59:02","h":"Nord","s":"25N-H60NV20S-98-S"},{"r":"207","t":"24:59:02","h":"Nord","s":"25S-H60S000S-80-S"},{"r":"207","t":"25:42:02","h":"Nord","s":"25N-H60N000I-80-I"},{"r":"207","t":"25:42:02","h":"Nord","s":"25N-H60N100F-81-F1"},{"r":"207","t":"25:42:02","h":"Nord","s":"25N-H60N200F-81-F2"},{"r":"207","t":"25:42:02","h":"Nord","s":"25N-H60N300F-82-F3"},{"r":"207","t":"25:42:02","h":"Nord","s":"25N-H60N400F-81-F4"},{"r":"207","t":"25:42:02","h":"Nord","s":"25N-H60NV10I-80-I"},{"r":"207","t":"25:42:02","h":"Nord","s":"25N-H60NV20I-80-I"},{"r":"207","t":"25:42:02","h":"Nord","s":"25S-H60S000I-80-I"},{"r":"207","t":"25:42:02","h":"Nord","s":"25S-H60S100F-82-F1"},{"r":"207","t":"25:42:02","h":"Nord","s":"25S-H60S200F-81-F2"},{"r":"207","t":"25:45:02","h":"Nord","s":"25N-H60N000A-80-A"},{"r":"207","t":"25:45:02","h":"Nord","s":"25N-H60NV10A-80-A"},{"r":"207","t":"25:45:02","h":"Nord","s":"25N-H60NV20A-80-A"},{"r":"207","t":"25:45:02","h":"Nord","s":"25S-H60S000A-80-A"},{"r":"207","t":"25:47:02","h":"Nord","s":"25N-H60N000S-80-S"},{"r":"207","t":"25:47:02","h":"Nord","s":"25N-H60N000S-98-S"},{"r":"207","t":"25:47:02","h":"Nord","s":"25N-H60NV10S-98-S"},{"r":"207","t":"25:47:02","h":"Nord","s":"25N-H60NV20S-98-S"},{"r":"207","t":"25:47:02","h":"Nord","s":"25S-H60S000S-80-S"}]