[{"r":"68","t":"05:42:52","h":"Ouest","s":"25N-H60N000I-80-I"},{"r":"68","t":"05:42:52","h":"Ouest","s":"25N-H60N100F-81-F1"},{"r":"68","t":"05:42:52","h":"Ouest","s":"25N-H60N200F-81-F2"},{"r":"68","t":"05:42:52","h":"Ouest","s":"25N-H60N300F-82-F3"},{"r":"68","t":"05:42:52","h":"Ouest","s":"25N-H60N400F-81-F4"},{"r":"68","t":"05:42:52","h":"Ouest","s":"25N-H60NV10I-80-I"},{"r":"68","t":"05:42:52","h":"Ouest","s":"25N-H60NV20I-80-I"},{"r":"68","t":"05:42:52","h":"Ouest","s":"25S-H60S000I-80-I"},{"r":"68","t":"05:42:52","h":"Ouest","s":"25S-H60S100F-82-F1"},{"r":"68","t":"05:42:52","h":"Ouest","s":"25S-H60S200F-81-F2"},{"r":"68","t":"05:45:52","h":"Ouest","s":"25N-H60N000A-80-A"},{"r":"68","t":"05:45:52","h":"Ouest","s":"25N-H60NV10A-80-A"},{"r":"68","t":"05:45:52","h":"Ouest","s":"25N-H60NV20A-80-A"},{"r":"68","t":"05:45:52","h":"Ouest","s":"25S-H60S000A-80-A"},{"r":"68","t":"05:53:09","h":"Ouest destination Anse-\u00e0-l'Orme / Timberlea-Trail","s":"25N-H60N000S-80-S"},{"r":"68","t":"05:53:09","h":"Ouest destination Anse-\u00e0-l'Orme / Timberlea-Trail","s":"25N-H60N000S-98-S"},{"r":"68","t":"05:53:09","h":"Ouest destination Anse-\u00e0-l'Orme / Timberlea-Trail","s":"25N-H60NV10S-98-S"},{"r":"68","t":"05:53:09","h":"Ouest destination Anse-\u00e0-l'Orme / Timberlea-Trail","s":"25N-H60NV20S-98-S"},{"r":"68","t":"05:53:09","h":"Ouest destination Anse-\u00e0-l'Orme / Timberlea-Trail","s":"25S-H60S000S-80-S"},{"r":"68","t":"06:11:09","h":"Ouest","s":"25N-H60N000I-80-I"},{"r":"68","t":"06:11:09","h":"Ouest","s":"25N-H60N100F-81-F1"},{"r":"68","t":"06:11:09","h":"Ouest","s":"25N-H60N200F-81-F2"},{"r":"68","t":"06:11:09","h":"Ouest","s":"25N-H60N300F-82-F3"},{"r":"68","t":"06:11:09","h":"Ouest","s":"25N-H60N400F-81-F4"},{"r":"68","t":"06:11:09","h":"Ouest","s":"25N-H60NV10I-80-I"},{"r":"68","t":"06:11:09","h":"Ouest","s":"25N-H60NV20I-80-I"},{"r":"68","t":"06:11:09","h":"Ouest","s":"25S-H60S000I-80-I"},{"r":"68","t":"06:11:09","h":"Ouest","s":"25S-H60S100F-82-F1"},{"r":"68","t":"06:11:09","h":"Ouest","s":"25S-H60S200F-81-F2"},{"r":"68","t":"06:12:09","h":"Ouest destination Anse-\u00e0-l'Orme / Timberlea-Trail","s":"25N-H60N000S-80-S"},{"r":"68","t":"06:12:09","h":"Ouest destination Anse-\u00e0-l'Orme / Timberlea-Trail","s":"25N-H60N000S-98-S"},{"r":"68","t":"06:12:09","h":"Ouest destination Anse-\u00e0-l'Orme / Timberlea-Trail","s":"25N-H60NV10S-98-S"},{"r":"68","t":"06:12:09","h":"Ouest destination Anse-\u00e0-l'Orme / Timberlea-Trail","s":"25N-H60NV20S-98-S"},{"r":"68","t":"06:12:09","h":"Ouest destination Anse-\u00e0-l'Orme / Timberlea-Trail","s":"25S-H60S000S-80-S"},{"r":"68","t":"06:17:09","h":"Ouest","s":"25N-H60N000A-80-A"},{"r":"68","t":"06:17:09","h":"Ouest","s":"25N-H60NV10A-80-A"},{"r":"68","t":"06:17:09","h":"Ouest","s":"25N-H60NV20A-80-A"},{"r":"68","t":"06:17:09","h":"Ouest","s":"25S-H60S000A-80-A"},{"r":"68","t":"06:41:09","h":"Ouest destination Anse-\u00e0-l'Orme / Timberlea-Trail","s":"25N-H60N000S-80-S"},{"r":"68","t":"06:41:09","h":"Ouest destination Anse-\u00e0-l'Orme / Timberlea-Trail","s":"25N-H60N000S-98-S"},{"r":"68","t":"06:41:09","h":"Ouest destination Anse-\u00e0-l'Orme / Timberlea-Trail","s":"25N-H60NV10S-98-S"},{"r":"68","t":"06:41:09","h":"Ouest destination Anse-\u00e0-l'Orme / Timberlea-Trail","s":"25N-H60NV20S-98-S"},{"r":"68","t":"06:41:09","h":"Ouest destination Anse-\u00e0-l'Orme / Timberlea-Trail","s":"25S-H60S000S-80-S"},{"r":"68","t":"06:48:09","h":"Ouest","s":"25N-H60N000I-80-I"},{"r":"68","t":"06:48:09","h":"Ouest","s":"25N-H60N100F-81-F1"},{"r":"68","t":"06:48:09","h":"Ouest","s":"25N-H60N200F-81-F2"},{"r":"68","t":"06:48:09","h":"Ouest","s":"25N-H60N300F-82-F3"},{"r":"68","t":"06:48:09","h":"Ouest","s":"25N-H60N400F-81-F4"},{"r":"68","t":"06:48:09","h":"Ouest","s":"25N-H60NV10I-80-I"},{"r":"68","t":"06:48:09","h":"Ouest","s":"25N-H60NV20I-80-I"},{"r":"68","t":"06:48:09","h":"Ouest","s":"25S-H60S000I-80-I"},{"r":"68","t":"06:48:09","h":"Ouest","s":"25S-H60S100F-82-F1"},{"r":"68","t":"06:48:09","h":"Ouest","s":"25S-H60S200F-81-F2"},{"r":"68","t":"06:49:09","h":"Ouest","s":"25N-H60N000A-80-A"},{"r":"68","t":"06:49:09","h":"Ouest","s":"25N-H60NV10A-80-A"},{"r":"68","t":"06:49:09","h":"Ouest","s":"25N-H60NV20A-80-A"},{"r":"68","t":"06:49:09","h":"Ouest","s":"25S-H60S000A-80-A"},{"r":"68","t":"07:10:27","h":"Ouest destination Anse-\u00e0-l'Orme / Timberlea-Trail","s":"25N-H60N000S-80-S"},{"r":"68","t":"07:10:27","h":"Ouest destination Anse-\u00e0-l'Orme / Timberlea-Trail","s":"25N-H60N000S-98-S"},{"r":"68","t":"07:10:27","h":"Ouest destination Anse-\u00e0-l'Orme / Timberlea-Trail","s":"25N-H60NV10S-98-S"},{"r":"68","t":"07:10:27","h":"Ouest destination Anse-\u00e0-l'Orme / Timberlea-Trail","s":"25N-H60NV20S-98-S"},{"r":"68","t":"07:10:27","h":"Ouest destination Anse-\u00e0-l'Orme / Timberlea-Trail","s":"25S-H60S000S-80-S"},{"r":"68","t":"07:22:09","h":"Ouest","s":"25N-H60N000A-80-A"},{"r":"68","t":"07:22:09","h":"Ouest","s":"25N-H60NV10A-80-A"},{"r":"68","t":"07:22:09","h":"Ouest","s":"25N-H60NV20A-80-A"},{"r":"68","t":"07:22:09","h":"Ouest","s":"25S-H60S000A-80-A"},{"r":"68","t":"07:24:09","h":"Ouest","s":"25N-H60N000I-80-I"},{"r":"68","t":"07:24:09","h":"Ouest","s":"25N-H60N100F-81-F1"},{"r":"68","t":"07:24:09","h":"Ouest","s":"25N-H60N200F-81-F2"},{"r":"68","t":"07:24:09","h":"Ouest","s":"25N-H60N300F-82-F3"},{"r":"68","t":"07:24:09","h":"Ouest","s":"25N-H60N400F-81-F4"},{"r":"68","t":"07:24:09","h":"Ouest","s":"25N-H60NV10I-80-I"},{"r":"68","t":"07:24:09","h":"Ouest","s":"25N-H60NV20I-80-I"},{"r":"68","t":"07:24:09","h":"Ouest","s":"25S-H60S000I-80-I"},{"r":"68","t":"07:24:09","h":"Ouest","s":"25S-H60S100F-82-F1"},{"r":"68","t":"07:24:09","h":"Ouest","s":"25S-H60S200F-81-F2"},{"r":"68","t":"07:42:27","h":"Ouest destination Anse-\u00e0-l'Orme / Timberlea-Trail","s":"25N-H60N000S-80-S"},{"r":"68","t":"07:42:27","h":"Ouest destination Anse-\u00e0-l'Orme / Timberlea-Trail","s":"25N-H60N000S-98-S"},{"r":"68","t":"07:42:27","h":"Ouest destination Anse-\u00e0-l'Orme / Timberlea-Trail","s":"25N-H60NV10S-98-S"},{"r":"68","t":"07:42:27","h":"Ouest destination Anse-\u00e0-l'Orme / Timberlea-Trail","s":"25N-H60NV20S-98-S"},{"r":"68","t":"07:42:27","h":"Ouest destination Anse-\u00e0-l'Orme / Timberlea-Trail","s":"25S-H60S000S-80-S"},{"r":"68","t":"07:54:09","h":"Ouest","s":"25N-H60N000A-80-A"},{"r":"68","t":"07:54:09","h":"Ouest","s":"25N-H60NV10A-80-A"},{"r":"68","t":"07:54:09","h":"Ouest","s":"25N-H60NV20A-80-A"},{"r":"68","t":"07:54:09","h":"Ouest","s":"25S-H60S000A-80-A"},{"r":"68","t":"08:00:09","h":"Ouest","s":"25N-H60N000I-80-I"},{"r":"68","t":"08:00:09","h":"Ouest","s":"25N-H60N100F-81-F1"},{"r":"68","t":"08:00:09","h":"Ouest","s":"25N-H60N200F-81-F2"},{"r":"68","t":"08:00:09","h":"Ouest","s":"25N-H60N300F-82-F3"},{"r":"68","t":"08:00:09","h":"Ouest","s":"25N-H60N400F-81-F4"},{"r":"68","t":"08:00:09","h":"Ouest","s":"25N-H60NV10I-80-I"},{"r":"68","t":"08:00:09","h":"Ouest","s":"25N-H60NV20I-80-I"},{"r":"68","t":"08:00:09","h":"Ouest","s":"25S-H60S000I-80-I"},{"r":"68","t":"08:00:09","h":"Ouest","s":"25S-H60S100F-82-F1"},{"r":"68","t":"08:00:09","h":"Ouest","s":"25S-H60S200F-81-F2"},{"r":"68","t":"08:17:27","h":"Ouest destination Anse-\u00e0-l'Orme / Timberlea-Trail","s":"25N-H60N000S-80-S"},{"r":"68","t":"08:17:27","h":"Ouest destination Anse-\u00e0-l'Orme / Timberlea-Trail","s":"25N-H60N000S-98-S"},{"r":"68","t":"08:17:27","h":"Ouest destination Anse-\u00e0-l'Orme / Timberlea-Trail","s":"25N-H60NV10S-98-S"},{"r":"68","t":"08:17:27","h":"Ouest destination Anse-\u00e0-l'Orme / Timberlea-Trail","s":"25N-H60NV20S-98-S"},{"r":"68","t":"08:17:27","h":"Ouest destination Anse-\u00e0-l'Orme / Timberlea-Trail","s":"25S-H60S000S-80-S"},{"r":"68","t":"08:27:09","h":"Ouest","s":"25N-H60N000A-80-A"},{"r":"68","t":"08:27:09","h":"Ouest","s":"25N-H60NV10A-80-A"},{"r":"68","t":"08:27:09","h":"Ouest","s":"25N-H60NV20A-80-A"},{"r":"68","t":"08:27:09","h":"Ouest","s":"25S-H60S000A-80-A"},{"r":"68","t":"08:39:09","h":"Ouest","s":"25N-H60N000I-80-I"},{"r":"68","t":"08:39:09","h":"Ouest","s":"25N-H60N100F-81-F1"},{"r":"68","t":"08:39:09","h":"Ouest","s":"25N-H60N200F-81-F2"},{"r":"68","t":"08:39:09","h":"Ouest","s":"25N-H60N300F-82-F3"},{"r":"68","t":"08:39:09","h":"Ouest","s":"25N-H60N400F-81-F4"},{"r":"68","t":"08:39:09","h":"Ouest","s":"25N-H60NV10I-80-I"},{"r":"68","t":"08:39:09","h":"Ouest","s":"25N-H60NV20I-80-I"},{"r":"68","t":"08:39:09","h":"Ouest","s":"25S-H60S000I-80-I"},{"r":"68","t":"08:39:09","h":"Ouest","s":"25S-H60S100F-82-F1"},{"r":"68","t":"08:39:09","h":"Ouest","s":"25S-H60S200F-81-F2"},{"r":"68","t":"08:47:27","h":"Ouest destination Anse-\u00e0-l'Orme / Timberlea-Trail","s":"25N-H60N000S-80-S"},{"r":"68","t":"08:47:27","h":"Ouest destination Anse-\u00e0-l'Orme / Timberlea-Trail","s":"25N-H60N000S-98-S"},{"r":"68","t":"08:47:27","h":"Ouest destination Anse-\u00e0-l'Orme / Timberlea-Trail","s":"25N-H60NV10S-98-S"},{"r":"68","t":"08:47:27","h":"Ouest destination Anse-\u00e0-l'Orme / Timberlea-Trail","s":"25N-H60NV20S-98-S"},{"r":"68","t":"08:47:27","h":"Ouest destination Anse-\u00e0-l'Orme / Timberlea-Trail","s":"25S-H60S000S-80-S"},{"r":"68","t":"09:00:09","h":"Ouest","s":"25N-H60N000A-80-A"},{"r":"68","t":"09:00:09","h":"Ouest","s":"25N-H60NV10A-80-A"},{"r":"68","t":"09:00:09","h":"Ouest","s":"25N-H60NV20A-80-A"},{"r":"68","t":"09:00:09","h":"Ouest","s":"25S-H60S000A-80-A"},{"r":"68","t":"09:11:27","h":"Ouest destination Anse-\u00e0-l'Orme / Timberlea-Trail","s":"25N-H60N000S-80-S"},{"r":"68","t":"09:11:27","h":"Ouest destination Anse-\u00e0-l'Orme / Timberlea-Trail","s":"25N-H60N000S-98-S"},{"r":"68","t":"09:11:27","h":"Ouest destination Anse-\u00e0-l'Orme / Timberlea-Trail","s":"25N-H60NV10S-98-S"},{"r":"68","t":"09:11:27","h":"Ouest destination Anse-\u00e0-l'Orme / Timberlea-Trail","s":"25N-H60NV20S-98-S"},{"r":"68","t":"09:11:27","h":"Ouest destination Anse-\u00e0-l'Orme / Timberlea-Trail","s":"25S-H60S000S-80-S"},{"r":"68","t":"09:16:09","h":"Ouest","s":"25N-H60N000I-80-I"},{"r":"68","t":"09:16:09","h":"Ouest","s":"25N-H60N100F-81-F1"},{"r":"68","t":"09:16:09","h":"Ouest","s":"25N-H60N200F-81-F2"},{"r":"68","t":"09:16:09","h":"Ouest","s":"25N-H60N300F-82-F3"},{"r":"68","t":"09:16:09","h":"Ouest","s":"25N-H60N400F-81-F4"},{"r":"68","t":"09:16:09","h":"Ouest","s":"25N-H60NV10I-80-I"},{"r":"68","t":"09:16:09","h":"Ouest","s":"25N-H60NV20I-80-I"},{"r":"68","t":"09:16:09","h":"Ouest","s":"25S-H60S000I-80-I"},{"r":"68","t":"09:16:09","h":"Ouest","s":"25S-H60S100F-82-F1"},{"r":"68","t":"09:16:09","h":"Ouest","s":"25S-H60S200F-81-F2"},{"r":"68","t":"09:33:27","h":"Ouest destination Anse-\u00e0-l'Orme / Timberlea-Trail","s":"25N-H60N000S-80-S"},{"r":"68","t":"09:33:27","h":"Ouest destination Anse-\u00e0-l'Orme / Timberlea-Trail","s":"25N-H60N000S-98-S"},{"r":"68","t":"09:33:27","h":"Ouest destination Anse-\u00e0-l'Orme / Timberlea-Trail","s":"25N-H60NV10S-98-S"},{"r":"68","t":"09:33:27","h":"Ouest destination Anse-\u00e0-l'Orme / Timberlea-Trail","s":"25N-H60NV20S-98-S"},{"r":"68","t":"09:33:27","h":"Ouest destination Anse-\u00e0-l'Orme / Timberlea-Trail","s":"25S-H60S000S-80-S"},{"r":"68","t":"09:34:09","h":"Ouest","s":"25N-H60N000A-80-A"},{"r":"68","t":"09:34:09","h":"Ouest","s":"25N-H60NV10A-80-A"},{"r":"68","t":"09:34:09","h":"Ouest","s":"25N-H60NV20A-80-A"},{"r":"68","t":"09:34:09","h":"Ouest","s":"25S-H60S000A-80-A"},{"r":"68","t":"09:53:09","h":"Ouest","s":"25N-H60N000I-80-I"},{"r":"68","t":"09:53:09","h":"Ouest","s":"25N-H60N100F-81-F1"},{"r":"68","t":"09:53:09","h":"Ouest","s":"25N-H60N200F-81-F2"},{"r":"68","t":"09:53:09","h":"Ouest","s":"25N-H60N300F-82-F3"},{"r":"68","t":"09:53:09","h":"Ouest","s":"25N-H60N400F-81-F4"},{"r":"68","t":"09:53:09","h":"Ouest","s":"25N-H60NV10I-80-I"},{"r":"68","t":"09:53:09","h":"Ouest","s":"25N-H60NV20I-80-I"},{"r":"68","t":"09:53:09","h":"Ouest","s":"25S-H60S000I-80-I"},{"r":"68","t":"09:53:09","h":"Ouest","s":"25S-H60S100F-82-F1"},{"r":"68","t":"09:53:09","h":"Ouest","s":"25S-H60S200F-81-F2"},{"r":"68","t":"09:53:27","h":"Ouest","s":"25N-H60N000S-80-S"},{"r":"68","t":"09:53:27","h":"Ouest","s":"25N-H60N000S-98-S"},{"r":"68","t":"09:53:27","h":"Ouest","s":"25N-H60NV10S-98-S"},{"r":"68","t":"09:53:27","h":"Ouest","s":"25N-H60NV20S-98-S"},{"r":"68","t":"09:53:27","h":"Ouest","s":"25S-H60S000S-80-S"},{"r":"68","t":"10:08:09","h":"Ouest","s":"25N-H60N000A-80-A"},{"r":"68","t":"10:08:09","h":"Ouest","s":"25N-H60NV10A-80-A"},{"r":"68","t":"10:08:09","h":"Ouest","s":"25N-H60NV20A-80-A"},{"r":"68","t":"10:08:09","h":"Ouest","s":"25S-H60S000A-80-A"},{"r":"68","t":"10:22:27","h":"Ouest","s":"25N-H60N000S-80-S"},{"r":"68","t":"10:22:27","h":"Ouest","s":"25N-H60N000S-98-S"},{"r":"68","t":"10:22:27","h":"Ouest","s":"25N-H60NV10S-98-S"},{"r":"68","t":"10:22:27","h":"Ouest","s":"25N-H60NV20S-98-S"},{"r":"68","t":"10:22:27","h":"Ouest","s":"25S-H60S000S-80-S"},{"r":"68","t":"10:30:09","h":"Ouest","s":"25N-H60N000I-80-I"},{"r":"68","t":"10:30:09","h":"Ouest","s":"25N-H60N100F-81-F1"},{"r":"68","t":"10:30:09","h":"Ouest","s":"25N-H60N200F-81-F2"},{"r":"68","t":"10:30:09","h":"Ouest","s":"25N-H60N300F-82-F3"},{"r":"68","t":"10:30:09","h":"Ouest","s":"25N-H60N400F-81-F4"},{"r":"68","t":"10:30:09","h":"Ouest","s":"25N-H60NV10I-80-I"},{"r":"68","t":"10:30:09","h":"Ouest","s":"25N-H60NV20I-80-I"},{"r":"68","t":"10:30:09","h":"Ouest","s":"25S-H60S000I-80-I"},{"r":"68","t":"10:30:09","h":"Ouest","s":"25S-H60S100F-82-F1"},{"r":"68","t":"10:30:09","h":"Ouest","s":"25S-H60S200F-81-F2"},{"r":"68","t":"10:41:09","h":"Ouest","s":"25N-H60N000A-80-A"},{"r":"68","t":"10:41:09","h":"Ouest","s":"25N-H60NV10A-80-A"},{"r":"68","t":"10:41:09","h":"Ouest","s":"25N-H60NV20A-80-A"},{"r":"68","t":"10:41:09","h":"Ouest","s":"25S-H60S000A-80-A"},{"r":"68","t":"10:51:27","h":"Ouest","s":"25N-H60N000S-80-S"},{"r":"68","t":"10:51:27","h":"Ouest","s":"25N-H60N000S-98-S"},{"r":"68","t":"10:51:27","h":"Ouest","s":"25N-H60NV10S-98-S"},{"r":"68","t":"10:51:27","h":"Ouest","s":"25N-H60NV20S-98-S"},{"r":"68","t":"10:51:27","h":"Ouest","s":"25S-H60S000S-80-S"},{"r":"68","t":"11:06:09","h":"Ouest","s":"25N-H60N000I-80-I"},{"r":"68","t":"11:06:09","h":"Ouest","s":"25N-H60N100F-81-F1"},{"r":"68","t":"11:06:09","h":"Ouest","s":"25N-H60N200F-81-F2"},{"r":"68","t":"11:06:09","h":"Ouest","s":"25N-H60N300F-82-F3"},{"r":"68","t":"11:06:09","h":"Ouest","s":"25N-H60N400F-81-F4"},{"r":"68","t":"11:06:09","h":"Ouest","s":"25N-H60NV10I-80-I"},{"r":"68","t":"11:06:09","h":"Ouest","s":"25N-H60NV20I-80-I"},{"r":"68","t":"11:06:09","h":"Ouest","s":"25S-H60S000I-80-I"},{"r":"68","t":"11:06:09","h":"Ouest","s":"25S-H60S100F-82-F1"},{"r":"68","t":"11:06:09","h":"Ouest","s":"25S-H60S200F-81-F2"},{"r":"68","t":"11:14:09","h":"Ouest","s":"25N-H60N000A-80-A"},{"r":"68","t":"11:14:09","h":"Ouest","s":"25N-H60NV10A-80-A"},{"r":"68","t":"11:14:09","h":"Ouest","s":"25N-H60NV20A-80-A"},{"r":"68","t":"11:14:09","h":"Ouest","s":"25S-H60S000A-80-A"},{"r":"68","t":"11:19:27","h":"Ouest","s":"25N-H60N000S-80-S"},{"r":"68","t":"11:19:27","h":"Ouest","s":"25N-H60N000S-98-S"},{"r":"68","t":"11:19:27","h":"Ouest","s":"25N-H60NV10S-98-S"},{"r":"68","t":"11:19:27","h":"Ouest","s":"25N-H60NV20S-98-S"},{"r":"68","t":"11:19:27","h":"Ouest","s":"25S-H60S000S-80-S"},{"r":"68","t":"11:41:09","h":"Ouest","s":"25N-H60N000I-80-I"},{"r":"68","t":"11:41:09","h":"Ouest","s":"25N-H60N100F-81-F1"},{"r":"68","t":"11:41:09","h":"Ouest","s":"25N-H60N200F-81-F2"},{"r":"68","t":"11:41:09","h":"Ouest","s":"25N-H60N300F-82-F3"},{"r":"68","t":"11:41:09","h":"Ouest","s":"25N-H60N400F-81-F4"},{"r":"68","t":"11:41:09","h":"Ouest","s":"25N-H60NV10I-80-I"},{"r":"68","t":"11:41:09","h":"Ouest","s":"25N-H60NV20I-80-I"},{"r":"68","t":"11:41:09","h":"Ouest","s":"25S-H60S000I-80-I"},{"r":"68","t":"11:41:09","h":"Ouest","s":"25S-H60S100F-82-F1"},{"r":"68","t":"11:41:09","h":"Ouest","s":"25S-H60S200F-81-F2"},{"r":"68","t":"11:47:09","h":"Ouest","s":"25N-H60N000A-80-A"},{"r":"68","t":"11:47:09","h":"Ouest","s":"25N-H60NV10A-80-A"},{"r":"68","t":"11:47:09","h":"Ouest","s":"25N-H60NV20A-80-A"},{"r":"68","t":"11:47:09","h":"Ouest","s":"25S-H60S000A-80-A"},{"r":"68","t":"11:48:27","h":"Ouest","s":"25N-H60N000S-80-S"},{"r":"68","t":"11:48:27","h":"Ouest","s":"25N-H60N000S-98-S"},{"r":"68","t":"11:48:27","h":"Ouest","s":"25N-H60NV10S-98-S"},{"r":"68","t":"11:48:27","h":"Ouest","s":"25N-H60NV20S-98-S"},{"r":"68","t":"11:48:27","h":"Ouest","s":"25S-H60S000S-80-S"},{"r":"68","t":"12:13:09","h":"Ouest","s":"25N-H60N000I-80-I"},{"r":"68","t":"12:13:09","h":"Ouest","s":"25N-H60N100F-81-F1"},{"r":"68","t":"12:13:09","h":"Ouest","s":"25N-H60N200F-81-F2"},{"r":"68","t":"12:13:09","h":"Ouest","s":"25N-H60N300F-82-F3"},{"r":"68","t":"12:13:09","h":"Ouest","s":"25N-H60N400F-81-F4"},{"r":"68","t":"12:13:09","h":"Ouest","s":"25N-H60NV10I-80-I"},{"r":"68","t":"12:13:09","h":"Ouest","s":"25N-H60NV20I-80-I"},{"r":"68","t":"12:13:09","h":"Ouest","s":"25S-H60S000I-80-I"},{"r":"68","t":"12:13:09","h":"Ouest","s":"25S-H60S100F-82-F1"},{"r":"68","t":"12:13:09","h":"Ouest","s":"25S-H60S200F-81-F2"},{"r":"68","t":"12:17:27","h":"Ouest","s":"25N-H60N000S-80-S"},{"r":"68","t":"12:17:27","h":"Ouest","s":"25N-H60N000S-98-S"},{"r":"68","t":"12:17:27","h":"Ouest","s":"25N-H60NV10S-98-S"},{"r":"68","t":"12:17:27","h":"Ouest","s":"25N-H60NV20S-98-S"},{"r":"68","t":"12:17:27","h":"Ouest","s":"25S-H60S000S-80-S"},{"r":"68","t":"12:20:09","h":"Ouest","s":"25N-H60N000A-80-A"},{"r":"68","t":"12:20:09","h":"Ouest","s":"25N-H60NV10A-80-A"},{"r":"68","t":"12:20:09","h":"Ouest","s":"25N-H60NV20A-80-A"},{"r":"68","t":"12:20:09","h":"Ouest","s":"25S-H60S000A-80-A"},{"r":"68","t":"12:45:09","h":"Ouest","s":"25N-H60N000I-80-I"},{"r":"68","t":"12:45:09","h":"Ouest","s":"25N-H60N100F-81-F1"},{"r":"68","t":"12:45:09","h":"Ouest","s":"25N-H60N200F-81-F2"},{"r":"68","t":"12:45:09","h":"Ouest","s":"25N-H60N300F-82-F3"},{"r":"68","t":"12:45:09","h":"Ouest","s":"25N-H60N400F-81-F4"},{"r":"68","t":"12:45:09","h":"Ouest","s":"25N-H60NV10I-80-I"},{"r":"68","t":"12:45:09","h":"Ouest","s":"25N-H60NV20I-80-I"},{"r":"68","t":"12:45:09","h":"Ouest","s":"25S-H60S000I-80-I"},{"r":"68","t":"12:45:09","h":"Ouest","s":"25S-H60S100F-82-F1"},{"r":"68","t":"12:45:09","h":"Ouest","s":"25S-H60S200F-81-F2"},{"r":"68","t":"12:46:27","h":"Ouest","s":"25N-H60N000S-80-S"},{"r":"68","t":"12:46:27","h":"Ouest","s":"25N-H60N000S-98-S"},{"r":"68","t":"12:46:27","h":"Ouest","s":"25N-H60NV10S-98-S"},{"r":"68","t":"12:46:27","h":"Ouest","s":"25N-H60NV20S-98-S"},{"r":"68","t":"12:46:27","h":"Ouest","s":"25S-H60S000S-80-S"},{"r":"68","t":"12:52:09","h":"Ouest","s":"25N-H60N000A-80-A"},{"r":"68","t":"12:52:09","h":"Ouest","s":"25N-H60NV10A-80-A"},{"r":"68","t":"12:52:09","h":"Ouest","s":"25N-H60NV20A-80-A"},{"r":"68","t":"12:52:09","h":"Ouest","s":"25S-H60S000A-80-A"},{"r":"68","t":"13:15:27","h":"Ouest","s":"25N-H60N000S-80-S"},{"r":"68","t":"13:15:27","h":"Ouest","s":"25N-H60N000S-98-S"},{"r":"68","t":"13:15:27","h":"Ouest","s":"25N-H60NV10S-98-S"},{"r":"68","t":"13:15:27","h":"Ouest","s":"25N-H60NV20S-98-S"},{"r":"68","t":"13:15:27","h":"Ouest","s":"25S-H60S000S-80-S"},{"r":"68","t":"13:16:09","h":"Ouest","s":"25N-H60N000I-80-I"},{"r":"68","t":"13:16:09","h":"Ouest","s":"25N-H60N100F-81-F1"},{"r":"68","t":"13:16:09","h":"Ouest","s":"25N-H60N200F-81-F2"},{"r":"68","t":"13:16:09","h":"Ouest","s":"25N-H60N300F-82-F3"},{"r":"68","t":"13:16:09","h":"Ouest","s":"25N-H60N400F-81-F4"},{"r":"68","t":"13:16:09","h":"Ouest","s":"25N-H60NV10I-80-I"},{"r":"68","t":"13:16:09","h":"Ouest","s":"25N-H60NV20I-80-I"},{"r":"68","t":"13:16:09","h":"Ouest","s":"25S-H60S000I-80-I"},{"r":"68","t":"13:16:09","h":"Ouest","s":"25S-H60S100F-82-F1"},{"r":"68","t":"13:16:09","h":"Ouest","s":"25S-H60S200F-81-F2"},{"r":"68","t":"13:23:09","h":"Ouest","s":"25N-H60N000A-80-A"},{"r":"68","t":"13:23:09","h":"Ouest","s":"25N-H60NV10A-80-A"},{"r":"68","t":"13:23:09","h":"Ouest","s":"25N-H60NV20A-80-A"},{"r":"68","t":"13:23:09","h":"Ouest","s":"25S-H60S000A-80-A"},{"r":"68","t":"13:44:27","h":"Ouest","s":"25N-H60N000S-80-S"},{"r":"68","t":"13:44:27","h":"Ouest","s":"25N-H60N000S-98-S"},{"r":"68","t":"13:44:27","h":"Ouest","s":"25N-H60NV10S-98-S"},{"r":"68","t":"13:44:27","h":"Ouest","s":"25N-H60NV20S-98-S"},{"r":"68","t":"13:44:27","h":"Ouest","s":"25S-H60S000S-80-S"},{"r":"68","t":"13:46:09","h":"Ouest","s":"25N-H60N000I-80-I"},{"r":"68","t":"13:46:09","h":"Ouest","s":"25N-H60N100F-81-F1"},{"r":"68","t":"13:46:09","h":"Ouest","s":"25N-H60N200F-81-F2"},{"r":"68","t":"13:46:09","h":"Ouest","s":"25N-H60N300F-82-F3"},{"r":"68","t":"13:46:09","h":"Ouest","s":"25N-H60N400F-81-F4"},{"r":"68","t":"13:46:09","h":"Ouest","s":"25N-H60NV10I-80-I"},{"r":"68","t":"13:46:09","h":"Ouest","s":"25N-H60NV20I-80-I"},{"r":"68","t":"13:46:09","h":"Ouest","s":"25S-H60S000I-80-I"},{"r":"68","t":"13:46:09","h":"Ouest","s":"25S-H60S100F-82-F1"},{"r":"68","t":"13:46:09","h":"Ouest","s":"25S-H60S200F-81-F2"},{"r":"68","t":"13:53:09","h":"Ouest","s":"25N-H60N000A-80-A"},{"r":"68","t":"13:53:09","h":"Ouest","s":"25N-H60NV10A-80-A"},{"r":"68","t":"13:53:09","h":"Ouest","s":"25N-H60NV20A-80-A"},{"r":"68","t":"13:53:09","h":"Ouest","s":"25S-H60S000A-80-A"},{"r":"68","t":"14:13:27","h":"Ouest","s":"25N-H60N000S-80-S"},{"r":"68","t":"14:13:27","h":"Ouest","s":"25N-H60N000S-98-S"},{"r":"68","t":"14:13:27","h":"Ouest","s":"25N-H60NV10S-98-S"},{"r":"68","t":"14:13:27","h":"Ouest","s":"25N-H60NV20S-98-S"},{"r":"68","t":"14:13:27","h":"Ouest","s":"25S-H60S000S-80-S"},{"r":"68","t":"14:16:09","h":"Ouest","s":"25N-H60N000I-80-I"},{"r":"68","t":"14:16:09","h":"Ouest","s":"25N-H60N100F-81-F1"},{"r":"68","t":"14:16:09","h":"Ouest","s":"25N-H60N200F-81-F2"},{"r":"68","t":"14:16:09","h":"Ouest","s":"25N-H60N300F-82-F3"},{"r":"68","t":"14:16:09","h":"Ouest","s":"25N-H60N400F-81-F4"},{"r":"68","t":"14:16:09","h":"Ouest","s":"25N-H60NV10I-80-I"},{"r":"68","t":"14:16:09","h":"Ouest","s":"25N-H60NV20I-80-I"},{"r":"68","t":"14:16:09","h":"Ouest","s":"25S-H60S000I-80-I"},{"r":"68","t":"14:16:09","h":"Ouest","s":"25S-H60S100F-82-F1"},{"r":"68","t":"14:16:09","h":"Ouest","s":"25S-H60S200F-81-F2"},{"r":"68","t":"14:24:09","h":"Ouest","s":"25N-H60N000A-80-A"},{"r":"68","t":"14:24:09","h":"Ouest","s":"25N-H60NV10A-80-A"},{"r":"68","t":"14:24:09","h":"Ouest","s":"25N-H60NV20A-80-A"},{"r":"68","t":"14:24:09","h":"Ouest","s":"25S-H60S000A-80-A"},{"r":"68","t":"14:46:09","h":"Ouest","s":"25N-H60N000I-80-I"},{"r":"68","t":"14:46:09","h":"Ouest","s":"25N-H60N100F-81-F1"},{"r":"68","t":"14:46:09","h":"Ouest","s":"25N-H60N200F-81-F2"},{"r":"68","t":"14:46:09","h":"Ouest","s":"25N-H60N300F-82-F3"},{"r":"68","t":"14:46:09","h":"Ouest","s":"25N-H60N400F-81-F4"},{"r":"68","t":"14:46:09","h":"Ouest","s":"25N-H60NV10I-80-I"},{"r":"68","t":"14:46:09","h":"Ouest","s":"25N-H60NV20I-80-I"},{"r":"68","t":"14:46:09","h":"Ouest","s":"25S-H60S000I-80-I"},{"r":"68","t":"14:46:09","h":"Ouest","s":"25S-H60S100F-82-F1"},{"r":"68","t":"14:46:09","h":"Ouest","s":"25S-H60S200F-81-F2"},{"r":"68","t":"14:46:27","h":"Ouest","s":"25N-H60N000S-80-S"},{"r":"68","t":"14:46:27","h":"Ouest","s":"25N-H60N000S-98-S"},{"r":"68","t":"14:46:27","h":"Ouest","s":"25N-H60NV10S-98-S"},{"r":"68","t":"14:46:27","h":"Ouest","s":"25N-H60NV20S-98-S"},{"r":"68","t":"14:46:27","h":"Ouest","s":"25S-H60S000S-80-S"},{"r":"68","t":"14:53:09","h":"Ouest","s":"25N-H60N000A-80-A"},{"r":"68","t":"14:53:09","h":"Ouest","s":"25N-H60NV10A-80-A"},{"r":"68","t":"14:53:09","h":"Ouest","s":"25N-H60NV20A-80-A"},{"r":"68","t":"14:53:09","h":"Ouest","s":"25S-H60S000A-80-A"},{"r":"68","t":"15:13:27","h":"Ouest","s":"25N-H60N000S-80-S"},{"r":"68","t":"15:13:27","h":"Ouest","s":"25N-H60N000S-98-S"},{"r":"68","t":"15:13:27","h":"Ouest","s":"25N-H60NV10S-98-S"},{"r":"68","t":"15:13:27","h":"Ouest","s":"25N-H60NV20S-98-S"},{"r":"68","t":"15:13:27","h":"Ouest","s":"25S-H60S000S-80-S"},{"r":"68","t":"15:16:27","h":"Ouest","s":"25N-H60N000I-80-I"},{"r":"68","t":"15:16:27","h":"Ouest","s":"25N-H60N100F-81-F1"},{"r":"68","t":"15:16:27","h":"Ouest","s":"25N-H60N200F-81-F2"},{"r":"68","t":"15:16:27","h":"Ouest","s":"25N-H60N300F-82-F3"},{"r":"68","t":"15:16:27","h":"Ouest","s":"25N-H60N400F-81-F4"},{"r":"68","t":"15:16:27","h":"Ouest","s":"25N-H60NV10I-80-I"},{"r":"68","t":"15:16:27","h":"Ouest","s":"25N-H60NV20I-80-I"},{"r":"68","t":"15:16:27","h":"Ouest","s":"25S-H60S000I-80-I"},{"r":"68","t":"15:16:27","h":"Ouest","s":"25S-H60S100F-82-F1"},{"r":"68","t":"15:16:27","h":"Ouest","s":"25S-H60S200F-81-F2"},{"r":"68","t":"15:23:09","h":"Ouest","s":"25N-H60N000A-80-A"},{"r":"68","t":"15:23:09","h":"Ouest","s":"25N-H60NV10A-80-A"},{"r":"68","t":"15:23:09","h":"Ouest","s":"25N-H60NV20A-80-A"},{"r":"68","t":"15:23:09","h":"Ouest","s":"25S-H60S000A-80-A"},{"r":"68","t":"15:46:27","h":"Ouest destination Anse-\u00e0-l'Orme / Timberlea-Trail","s":"25N-H60N000S-80-S"},{"r":"68","t":"15:46:27","h":"Ouest destination Anse-\u00e0-l'Orme / Timberlea-Trail","s":"25N-H60N000S-98-S"},{"r":"68","t":"15:46:27","h":"Ouest destination Anse-\u00e0-l'Orme / Timberlea-Trail","s":"25N-H60NV10S-98-S"},{"r":"68","t":"15:46:27","h":"Ouest destination Anse-\u00e0-l'Orme / Timberlea-Trail","s":"25N-H60NV20S-98-S"},{"r":"68","t":"15:46:27","h":"Ouest destination Anse-\u00e0-l'Orme / Timberlea-Trail","s":"25S-H60S000S-80-S"},{"r":"68","t":"15:47:27","h":"Ouest","s":"25N-H60N000I-80-I"},{"r":"68","t":"15:47:27","h":"Ouest","s":"25N-H60N100F-81-F1"},{"r":"68","t":"15:47:27","h":"Ouest","s":"25N-H60N200F-81-F2"},{"r":"68","t":"15:47:27","h":"Ouest","s":"25N-H60N300F-82-F3"},{"r":"68","t":"15:47:27","h":"Ouest","s":"25N-H60N400F-81-F4"},{"r":"68","t":"15:47:27","h":"Ouest","s":"25N-H60NV10I-80-I"},{"r":"68","t":"15:47:27","h":"Ouest","s":"25N-H60NV20I-80-I"},{"r":"68","t":"15:47:27","h":"Ouest","s":"25S-H60S000I-80-I"},{"r":"68","t":"15:47:27","h":"Ouest","s":"25S-H60S100F-82-F1"},{"r":"68","t":"15:47:27","h":"Ouest","s":"25S-H60S200F-81-F2"},{"r":"68","t":"15:54:09","h":"Ouest","s":"25N-H60N000A-80-A"},{"r":"68","t":"15:54:09","h":"Ouest","s":"25N-H60NV10A-80-A"},{"r":"68","t":"15:54:09","h":"Ouest","s":"25N-H60NV20A-80-A"},{"r":"68","t":"15:54:09","h":"Ouest","s":"25S-H60S000A-80-A"},{"r":"68","t":"16:17:27","h":"Ouest","s":"25N-H60N000I-80-I"},{"r":"68","t":"16:17:27","h":"Ouest","s":"25N-H60N100F-81-F1"},{"r":"68","t":"16:17:27","h":"Ouest","s":"25N-H60N200F-81-F2"},{"r":"68","t":"16:17:27","h":"Ouest","s":"25N-H60N300F-82-F3"},{"r":"68","t":"16:17:27","h":"Ouest","s":"25N-H60N400F-81-F4"},{"r":"68","t":"16:17:27","h":"Ouest","s":"25N-H60NV10I-80-I"},{"r":"68","t":"16:17:27","h":"Ouest","s":"25N-H60NV20I-80-I"},{"r":"68","t":"16:17:27","h":"Ouest","s":"25S-H60S000I-80-I"},{"r":"68","t":"16:17:27","h":"Ouest","s":"25S-H60S100F-82-F1"},{"r":"68","t":"16:17:27","h":"Ouest","s":"25S-H60S200F-81-F2"},{"r":"68","t":"16:18:27","h":"Ouest destination Anse-\u00e0-l'Orme / Timberlea-Trail","s":"25N-H60N000S-80-S"},{"r":"68","t":"16:18:27","h":"Ouest destination Anse-\u00e0-l'Orme / Timberlea-Trail","s":"25N-H60N000S-98-S"},{"r":"68","t":"16:18:27","h":"Ouest destination Anse-\u00e0-l'Orme / Timberlea-Trail","s":"25N-H60NV10S-98-S"},{"r":"68","t":"16:18:27","h":"Ouest destination Anse-\u00e0-l'Orme / Timberlea-Trail","s":"25N-H60NV20S-98-S"},{"r":"68","t":"16:18:27","h":"Ouest destination Anse-\u00e0-l'Orme / Timberlea-Trail","s":"25S-H60S000S-80-S"},{"r":"68","t":"16:22:09","h":"Ouest","s":"25N-H60N000A-80-A"},{"r":"68","t":"16:22:09","h":"Ouest","s":"25N-H60NV10A-80-A"},{"r":"68","t":"16:22:09","h":"Ouest","s":"25N-H60NV20A-80-A"},{"r":"68","t":"16:22:09","h":"Ouest","s":"25S-H60S000A-80-A"},{"r":"68","t":"16:43:27","h":"Ouest destination Anse-\u00e0-l'Orme / Timberlea-Trail","s":"25N-H60N000S-80-S"},{"r":"68","t":"16:43:27","h":"Ouest destination Anse-\u00e0-l'Orme / Timberlea-Trail","s":"25N-H60N000S-98-S"},{"r":"68","t":"16:43:27","h":"Ouest destination Anse-\u00e0-l'Orme / Timberlea-Trail","s":"25N-H60NV10S-98-S"},{"r":"68","t":"16:43:27","h":"Ouest destination Anse-\u00e0-l'Orme / Timberlea-Trail","s":"25N-H60NV20S-98-S"},{"r":"68","t":"16:43:27","h":"Ouest destination Anse-\u00e0-l'Orme / Timberlea-Trail","s":"25S-H60S000S-80-S"},{"r":"68","t":"16:47:27","h":"Ouest","s":"25N-H60N000I-80-I"},{"r":"68","t":"16:47:27","h":"Ouest","s":"25N-H60N100F-81-F1"},{"r":"68","t":"16:47:27","h":"Ouest","s":"25N-H60N200F-81-F2"},{"r":"68","t":"16:47:27","h":"Ouest","s":"25N-H60N300F-82-F3"},{"r":"68","t":"16:47:27","h":"Ouest","s":"25N-H60N400F-81-F4"},{"r":"68","t":"16:47:27","h":"Ouest","s":"25N-H60NV10I-80-I"},{"r":"68","t":"16:47:27","h":"Ouest","s":"25N-H60NV20I-80-I"},{"r":"68","t":"16:47:27","h":"Ouest","s":"25S-H60S000I-80-I"},{"r":"68","t":"16:47:27","h":"Ouest","s":"25S-H60S100F-82-F1"},{"r":"68","t":"16:47:27","h":"Ouest","s":"25S-H60S200F-81-F2"},{"r":"68","t":"16:51:09","h":"Ouest","s":"25N-H60N000A-80-A"},{"r":"68","t":"16:51:09","h":"Ouest","s":"25N-H60NV10A-80-A"},{"r":"68","t":"16:51:09","h":"Ouest","s":"25N-H60NV20A-80-A"},{"r":"68","t":"16:51:09","h":"Ouest","s":"25S-H60S000A-80-A"},{"r":"68","t":"17:08:27","h":"Ouest destination Anse-\u00e0-l'Orme / Timberlea-Trail","s":"25N-H60N000S-80-S"},{"r":"68","t":"17:08:27","h":"Ouest destination Anse-\u00e0-l'Orme / Timberlea-Trail","s":"25N-H60N000S-98-S"},{"r":"68","t":"17:08:27","h":"Ouest destination Anse-\u00e0-l'Orme / Timberlea-Trail","s":"25N-H60NV10S-98-S"},{"r":"68","t":"17:08:27","h":"Ouest destination Anse-\u00e0-l'Orme / Timberlea-Trail","s":"25N-H60NV20S-98-S"},{"r":"68","t":"17:08:27","h":"Ouest destination Anse-\u00e0-l'Orme / Timberlea-Trail","s":"25S-H60S000S-80-S"},{"r":"68","t":"17:17:27","h":"Ouest","s":"25N-H60N000I-80-I"},{"r":"68","t":"17:17:27","h":"Ouest","s":"25N-H60N100F-81-F1"},{"r":"68","t":"17:17:27","h":"Ouest","s":"25N-H60N200F-81-F2"},{"r":"68","t":"17:17:27","h":"Ouest","s":"25N-H60N300F-82-F3"},{"r":"68","t":"17:17:27","h":"Ouest","s":"25N-H60N400F-81-F4"},{"r":"68","t":"17:17:27","h":"Ouest","s":"25N-H60NV10I-80-I"},{"r":"68","t":"17:17:27","h":"Ouest","s":"25N-H60NV20I-80-I"},{"r":"68","t":"17:17:27","h":"Ouest","s":"25S-H60S000I-80-I"},{"r":"68","t":"17:17:27","h":"Ouest","s":"25S-H60S100F-82-F1"},{"r":"68","t":"17:17:27","h":"Ouest","s":"25S-H60S200F-81-F2"},{"r":"68","t":"17:21:09","h":"Ouest","s":"25N-H60N000A-80-A"},{"r":"68","t":"17:21:09","h":"Ouest","s":"25N-H60NV10A-80-A"},{"r":"68","t":"17:21:09","h":"Ouest","s":"25N-H60NV20A-80-A"},{"r":"68","t":"17:21:09","h":"Ouest","s":"25S-H60S000A-80-A"},{"r":"68","t":"17:33:27","h":"Ouest destination Anse-\u00e0-l'Orme / Timberlea-Trail","s":"25N-H60N000S-80-S"},{"r":"68","t":"17:33:27","h":"Ouest destination Anse-\u00e0-l'Orme / Timberlea-Trail","s":"25N-H60N000S-98-S"},{"r":"68","t":"17:33:27","h":"Ouest destination Anse-\u00e0-l'Orme / Timberlea-Trail","s":"25N-H60NV10S-98-S"},{"r":"68","t":"17:33:27","h":"Ouest destination Anse-\u00e0-l'Orme / Timberlea-Trail","s":"25N-H60NV20S-98-S"},{"r":"68","t":"17:33:27","h":"Ouest destination Anse-\u00e0-l'Orme / Timberlea-Trail","s":"25S-H60S000S-80-S"},{"r":"68","t":"17:47:27","h":"Ouest","s":"25N-H60N000I-80-I"},{"r":"68","t":"17:47:27","h":"Ouest","s":"25N-H60N100F-81-F1"},{"r":"68","t":"17:47:27","h":"Ouest","s":"25N-H60N200F-81-F2"},{"r":"68","t":"17:47:27","h":"Ouest","s":"25N-H60N300F-82-F3"},{"r":"68","t":"17:47:27","h":"Ouest","s":"25N-H60N400F-81-F4"},{"r":"68","t":"17:47:27","h":"Ouest","s":"25N-H60NV10I-80-I"},{"r":"68","t":"17:47:27","h":"Ouest","s":"25N-H60NV20I-80-I"},{"r":"68","t":"17:47:27","h":"Ouest","s":"25S-H60S000I-80-I"},{"r":"68","t":"17:47:27","h":"Ouest","s":"25S-H60S100F-82-F1"},{"r":"68","t":"17:47:27","h":"Ouest","s":"25S-H60S200F-81-F2"},{"r":"68","t":"17:50:09","h":"Ouest","s":"25N-H60N000A-80-A"},{"r":"68","t":"17:50:09","h":"Ouest","s":"25N-H60NV10A-80-A"},{"r":"68","t":"17:50:09","h":"Ouest","s":"25N-H60NV20A-80-A"},{"r":"68","t":"17:50:09","h":"Ouest","s":"25S-H60S000A-80-A"},{"r":"68","t":"17:58:27","h":"Ouest destination Anse-\u00e0-l'Orme / Timberlea-Trail","s":"25N-H60N000S-80-S"},{"r":"68","t":"17:58:27","h":"Ouest destination Anse-\u00e0-l'Orme / Timberlea-Trail","s":"25N-H60N000S-98-S"},{"r":"68","t":"17:58:27","h":"Ouest destination Anse-\u00e0-l'Orme / Timberlea-Trail","s":"25N-H60NV10S-98-S"},{"r":"68","t":"17:58:27","h":"Ouest destination Anse-\u00e0-l'Orme / Timberlea-Trail","s":"25N-H60NV20S-98-S"},{"r":"68","t":"17:58:27","h":"Ouest destination Anse-\u00e0-l'Orme / Timberlea-Trail","s":"25S-H60S000S-80-S"},{"r":"68","t":"18:17:27","h":"Ouest","s":"25N-H60N000I-80-I"},{"r":"68","t":"18:17:27","h":"Ouest","s":"25N-H60N100F-81-F1"},{"r":"68","t":"18:17:27","h":"Ouest","s":"25N-H60N200F-81-F2"},{"r":"68","t":"18:17:27","h":"Ouest","s":"25N-H60N300F-82-F3"},{"r":"68","t":"18:17:27","h":"Ouest","s":"25N-H60N400F-81-F4"},{"r":"68","t":"18:17:27","h":"Ouest","s":"25N-H60NV10I-80-I"},{"r":"68","t":"18:17:27","h":"Ouest","s":"25N-H60NV20I-80-I"},{"r":"68","t":"18:17:27","h":"Ouest","s":"25S-H60S000I-80-I"},{"r":"68","t":"18:17:27","h":"Ouest","s":"25S-H60S100F-82-F1"},{"r":"68","t":"18:17:27","h":"Ouest","s":"25S-H60S200F-81-F2"},{"r":"68","t":"18:18:09","h":"Ouest","s":"25N-H60N000A-80-A"},{"r":"68","t":"18:18:09","h":"Ouest","s":"25N-H60NV10A-80-A"},{"r":"68","t":"18:18:09","h":"Ouest","s":"25N-H60NV20A-80-A"},{"r":"68","t":"18:18:09","h":"Ouest","s":"25S-H60S000A-80-A"},{"r":"68","t":"18:23:09","h":"Ouest destination Anse-\u00e0-l'Orme / Timberlea-Trail","s":"25N-H60N000S-80-S"},{"r":"68","t":"18:23:09","h":"Ouest destination Anse-\u00e0-l'Orme / Timberlea-Trail","s":"25N-H60N000S-98-S"},{"r":"68","t":"18:23:09","h":"Ouest destination Anse-\u00e0-l'Orme / Timberlea-Trail","s":"25N-H60NV10S-98-S"},{"r":"68","t":"18:23:09","h":"Ouest destination Anse-\u00e0-l'Orme / Timberlea-Trail","s":"25N-H60NV20S-98-S"},{"r":"68","t":"18:23:09","h":"Ouest destination Anse-\u00e0-l'Orme / Timberlea-Trail","s":"25S-H60S000S-80-S"},{"r":"68","t":"18:44:27","h":"Ouest","s":"25N-H60N000I-80-I"},{"r":"68","t":"18:44:27","h":"Ouest","s":"25N-H60N100F-81-F1"},{"r":"68","t":"18:44:27","h":"Ouest","s":"25N-H60N200F-81-F2"},{"r":"68","t":"18:44:27","h":"Ouest","s":"25N-H60N300F-82-F3"},{"r":"68","t":"18:44:27","h":"Ouest","s":"25N-H60N400F-81-F4"},{"r":"68","t":"18:44:27","h":"Ouest","s":"25N-H60NV10I-80-I"},{"r":"68","t":"18:44:27","h":"Ouest","s":"25N-H60NV20I-80-I"},{"r":"68","t":"18:44:27","h":"Ouest","s":"25S-H60S000I-80-I"},{"r":"68","t":"18:44:27","h":"Ouest","s":"25S-H60S100F-82-F1"},{"r":"68","t":"18:44:27","h":"Ouest","s":"25S-H60S200F-81-F2"},{"r":"68","t":"18:47:09","h":"Ouest","s":"25N-H60N000A-80-A"},{"r":"68","t":"18:47:09","h":"Ouest","s":"25N-H60NV10A-80-A"},{"r":"68","t":"18:47:09","h":"Ouest","s":"25N-H60NV20A-80-A"},{"r":"68","t":"18:47:09","h":"Ouest","s":"25S-H60S000A-80-A"},{"r":"68","t":"18:48:09","h":"Ouest destination Anse-\u00e0-l'Orme / Timberlea-Trail","s":"25N-H60N000S-80-S"},{"r":"68","t":"18:48:09","h":"Ouest destination Anse-\u00e0-l'Orme / Timberlea-Trail","s":"25N-H60N000S-98-S"},{"r":"68","t":"18:48:09","h":"Ouest destination Anse-\u00e0-l'Orme / Timberlea-Trail","s":"25N-H60NV10S-98-S"},{"r":"68","t":"18:48:09","h":"Ouest destination Anse-\u00e0-l'Orme / Timberlea-Trail","s":"25N-H60NV20S-98-S"},{"r":"68","t":"18:48:09","h":"Ouest destination Anse-\u00e0-l'Orme / Timberlea-Trail","s":"25S-H60S000S-80-S"},{"r":"68","t":"19:12:27","h":"Ouest","s":"25N-H60N000I-80-I"},{"r":"68","t":"19:12:27","h":"Ouest","s":"25N-H60N100F-81-F1"},{"r":"68","t":"19:12:27","h":"Ouest","s":"25N-H60N200F-81-F2"},{"r":"68","t":"19:12:27","h":"Ouest","s":"25N-H60N300F-82-F3"},{"r":"68","t":"19:12:27","h":"Ouest","s":"25N-H60N400F-81-F4"},{"r":"68","t":"19:12:27","h":"Ouest","s":"25N-H60NV10I-80-I"},{"r":"68","t":"19:12:27","h":"Ouest","s":"25N-H60NV20I-80-I"},{"r":"68","t":"19:12:27","h":"Ouest","s":"25S-H60S000I-80-I"},{"r":"68","t":"19:12:27","h":"Ouest","s":"25S-H60S100F-82-F1"},{"r":"68","t":"19:12:27","h":"Ouest","s":"25S-H60S200F-81-F2"},{"r":"68","t":"19:14:09","h":"Ouest destination Anse-\u00e0-l'Orme / Timberlea-Trail","s":"25N-H60N000S-80-S"},{"r":"68","t":"19:14:09","h":"Ouest destination Anse-\u00e0-l'Orme / Timberlea-Trail","s":"25N-H60N000S-98-S"},{"r":"68","t":"19:14:09","h":"Ouest destination Anse-\u00e0-l'Orme / Timberlea-Trail","s":"25N-H60NV10S-98-S"},{"r":"68","t":"19:14:09","h":"Ouest destination Anse-\u00e0-l'Orme / Timberlea-Trail","s":"25N-H60NV20S-98-S"},{"r":"68","t":"19:14:09","h":"Ouest destination Anse-\u00e0-l'Orme / Timberlea-Trail","s":"25S-H60S000S-80-S"},{"r":"68","t":"19:15:09","h":"Ouest","s":"25N-H60N000A-80-A"},{"r":"68","t":"19:15:09","h":"Ouest","s":"25N-H60NV10A-80-A"},{"r":"68","t":"19:15:09","h":"Ouest","s":"25N-H60NV20A-80-A"},{"r":"68","t":"19:15:09","h":"Ouest","s":"25S-H60S000A-80-A"},{"r":"68","t":"19:40:09","h":"Ouest destination Anse-\u00e0-l'Orme / Timberlea-Trail","s":"25N-H60N000S-80-S"},{"r":"68","t":"19:40:09","h":"Ouest destination Anse-\u00e0-l'Orme / Timberlea-Trail","s":"25N-H60N000S-98-S"},{"r":"68","t":"19:40:09","h":"Ouest destination Anse-\u00e0-l'Orme / Timberlea-Trail","s":"25N-H60NV10S-98-S"},{"r":"68","t":"19:40:09","h":"Ouest destination Anse-\u00e0-l'Orme / Timberlea-Trail","s":"25N-H60NV20S-98-S"},{"r":"68","t":"19:40:09","h":"Ouest destination Anse-\u00e0-l'Orme / Timberlea-Trail","s":"25S-H60S000S-80-S"},{"r":"68","t":"19:40:27","h":"Ouest","s":"25N-H60N000I-80-I"},{"r":"68","t":"19:40:27","h":"Ouest","s":"25N-H60N100F-81-F1"},{"r":"68","t":"19:40:27","h":"Ouest","s":"25N-H60N200F-81-F2"},{"r":"68","t":"19:40:27","h":"Ouest","s":"25N-H60N300F-82-F3"},{"r":"68","t":"19:40:27","h":"Ouest","s":"25N-H60N400F-81-F4"},{"r":"68","t":"19:40:27","h":"Ouest","s":"25N-H60NV10I-80-I"},{"r":"68","t":"19:40:27","h":"Ouest","s":"25N-H60NV20I-80-I"},{"r":"68","t":"19:40:27","h":"Ouest","s":"25S-H60S000I-80-I"},{"r":"68","t":"19:40:27","h":"Ouest","s":"25S-H60S100F-82-F1"},{"r":"68","t":"19:40:27","h":"Ouest","s":"25S-H60S200F-81-F2"},{"r":"68","t":"19:42:09","h":"Ouest","s":"25N-H60N000A-80-A"},{"r":"68","t":"19:42:09","h":"Ouest","s":"25N-H60NV10A-80-A"},{"r":"68","t":"19:42:09","h":"Ouest","s":"25N-H60NV20A-80-A"},{"r":"68","t":"19:42:09","h":"Ouest","s":"25S-H60S000A-80-A"},{"r":"68","t":"20:05:09","h":"Ouest destination Anse-\u00e0-l'Orme / Timberlea-Trail","s":"25N-H60N000S-80-S"},{"r":"68","t":"20:05:09","h":"Ouest destination Anse-\u00e0-l'Orme / Timberlea-Trail","s":"25N-H60N000S-98-S"},{"r":"68","t":"20:05:09","h":"Ouest destination Anse-\u00e0-l'Orme / Timberlea-Trail","s":"25N-H60NV10S-98-S"},{"r":"68","t":"20:05:09","h":"Ouest destination Anse-\u00e0-l'Orme / Timberlea-Trail","s":"25N-H60NV20S-98-S"},{"r":"68","t":"20:05:09","h":"Ouest destination Anse-\u00e0-l'Orme / Timberlea-Trail","s":"25S-H60S000S-80-S"},{"r":"68","t":"20:08:27","h":"Ouest","s":"25N-H60N000I-80-I"},{"r":"68","t":"20:08:27","h":"Ouest","s":"25N-H60N100F-81-F1"},{"r":"68","t":"20:08:27","h":"Ouest","s":"25N-H60N200F-81-F2"},{"r":"68","t":"20:08:27","h":"Ouest","s":"25N-H60N300F-82-F3"},{"r":"68","t":"20:08:27","h":"Ouest","s":"25N-H60N400F-81-F4"},{"r":"68","t":"20:08:27","h":"Ouest","s":"25N-H60NV10I-80-I"},{"r":"68","t":"20:08:27","h":"Ouest","s":"25N-H60NV20I-80-I"},{"r":"68","t":"20:08:27","h":"Ouest","s":"25S-H60S000I-80-I"},{"r":"68","t":"20:08:27","h":"Ouest","s":"25S-H60S100F-82-F1"},{"r":"68","t":"20:08:27","h":"Ouest","s":"25S-H60S200F-81-F2"},{"r":"68","t":"20:09:09","h":"Ouest","s":"25N-H60N000A-80-A"},{"r":"68","t":"20:09:09","h":"Ouest","s":"25N-H60NV10A-80-A"},{"r":"68","t":"20:09:09","h":"Ouest","s":"25N-H60NV20A-80-A"},{"r":"68","t":"20:09:09","h":"Ouest","s":"25S-H60S000A-80-A"},{"r":"68","t":"20:30:09","h":"Ouest","s":"25N-H60N000S-80-S"},{"r":"68","t":"20:30:09","h":"Ouest","s":"25N-H60N000S-98-S"},{"r":"68","t":"20:30:09","h":"Ouest","s":"25N-H60NV10S-98-S"},{"r":"68","t":"20:30:09","h":"Ouest","s":"25N-H60NV20S-98-S"},{"r":"68","t":"20:30:09","h":"Ouest","s":"25S-H60S000S-80-S"},{"r":"68","t":"20:34:09","h":"Ouest","s":"25N-H60N000A-80-A"},{"r":"68","t":"20:34:09","h":"Ouest","s":"25N-H60NV10A-80-A"},{"r":"68","t":"20:34:09","h":"Ouest","s":"25N-H60NV20A-80-A"},{"r":"68","t":"20:34:09","h":"Ouest","s":"25S-H60S000A-80-A"},{"r":"68","t":"20:36:27","h":"Ouest destination Anse-\u00e0-l'Orme / Timberlea-Trail","s":"25N-H60N000I-80-I"},{"r":"68","t":"20:36:27","h":"Ouest destination Anse-\u00e0-l'Orme / Timberlea-Trail","s":"25N-H60N100F-81-F1"},{"r":"68","t":"20:36:27","h":"Ouest","s":"25N-H60N200F-81-F2"},{"r":"68","t":"20:36:27","h":"Ouest destination Anse-\u00e0-l'Orme / Timberlea-Trail","s":"25N-H60N300F-82-F3"},{"r":"68","t":"20:36:27","h":"Ouest","s":"25N-H60N400F-81-F4"},{"r":"68","t":"20:36:27","h":"Ouest destination Anse-\u00e0-l'Orme / Timberlea-Trail","s":"25N-H60NV10I-80-I"},{"r":"68","t":"20:36:27","h":"Ouest destination Anse-\u00e0-l'Orme / Timberlea-Trail","s":"25N-H60NV20I-80-I"},{"r":"68","t":"20:36:27","h":"Ouest destination Anse-\u00e0-l'Orme / Timberlea-Trail","s":"25S-H60S000I-80-I"},{"r":"68","t":"20:36:27","h":"Ouest","s":"25S-H60S100F-82-F1"},{"r":"68","t":"20:36:27","h":"Ouest","s":"25S-H60S200F-81-F2"},{"r":"68","t":"20:56:09","h":"Ouest","s":"25N-H60N000S-80-S"},{"r":"68","t":"20:56:09","h":"Ouest","s":"25N-H60N000S-98-S"},{"r":"68","t":"20:56:09","h":"Ouest","s":"25N-H60NV10S-98-S"},{"r":"68","t":"20:56:09","h":"Ouest","s":"25N-H60NV20S-98-S"},{"r":"68","t":"20:56:09","h":"Ouest","s":"25S-H60S000S-80-S"},{"r":"68","t":"21:02:09","h":"Ouest","s":"25N-H60N000I-80-I"},{"r":"68","t":"21:02:09","h":"Ouest","s":"25N-H60N100F-81-F1"},{"r":"68","t":"21:02:09","h":"Ouest","s":"25N-H60N200F-81-F2"},{"r":"68","t":"21:02:09","h":"Ouest","s":"25N-H60N300F-82-F3"},{"r":"68","t":"21:02:09","h":"Ouest","s":"25N-H60N400F-81-F4"},{"r":"68","t":"21:02:09","h":"Ouest","s":"25N-H60NV10I-80-I"},{"r":"68","t":"21:02:09","h":"Ouest","s":"25N-H60NV20I-80-I"},{"r":"68","t":"21:02:09","h":"Ouest","s":"25S-H60S000I-80-I"},{"r":"68","t":"21:02:09","h":"Ouest","s":"25S-H60S100F-82-F1"},{"r":"68","t":"21:02:09","h":"Ouest","s":"25S-H60S200F-81-F2"},{"r":"68","t":"21:03:09","h":"Ouest destination Anse-\u00e0-l'Orme / Timberlea-Trail","s":"25N-H60N000A-80-A"},{"r":"68","t":"21:03:09","h":"Ouest destination Anse-\u00e0-l'Orme / Timberlea-Trail","s":"25N-H60NV10A-80-A"},{"r":"68","t":"21:03:09","h":"Ouest destination Anse-\u00e0-l'Orme / Timberlea-Trail","s":"25N-H60NV20A-80-A"},{"r":"68","t":"21:03:09","h":"Ouest destination Anse-\u00e0-l'Orme / Timberlea-Trail","s":"25S-H60S000A-80-A"},{"r":"68","t":"21:22:09","h":"Ouest","s":"25N-H60N000S-80-S"},{"r":"68","t":"21:22:09","h":"Ouest","s":"25N-H60N000S-98-S"},{"r":"68","t":"21:22:09","h":"Ouest","s":"25N-H60NV10S-98-S"},{"r":"68","t":"21:22:09","h":"Ouest","s":"25N-H60NV20S-98-S"},{"r":"68","t":"21:22:09","h":"Ouest","s":"25S-H60S000S-80-S"},{"r":"68","t":"21:29:09","h":"Ouest","s":"25N-H60N000A-80-A"},{"r":"68","t":"21:29:09","h":"Ouest","s":"25N-H60NV10A-80-A"},{"r":"68","t":"21:29:09","h":"Ouest","s":"25N-H60NV20A-80-A"},{"r":"68","t":"21:29:09","h":"Ouest","s":"25S-H60S000A-80-A"},{"r":"68","t":"21:30:09","h":"Ouest","s":"25N-H60N000I-80-I"},{"r":"68","t":"21:30:09","h":"Ouest","s":"25N-H60N100F-81-F1"},{"r":"68","t":"21:30:09","h":"Ouest","s":"25N-H60N200F-81-F2"},{"r":"68","t":"21:30:09","h":"Ouest","s":"25N-H60N300F-82-F3"},{"r":"68","t":"21:30:09","h":"Ouest","s":"25N-H60N400F-81-F4"},{"r":"68","t":"21:30:09","h":"Ouest","s":"25N-H60NV10I-80-I"},{"r":"68","t":"21:30:09","h":"Ouest","s":"25N-H60NV20I-80-I"},{"r":"68","t":"21:30:09","h":"Ouest","s":"25S-H60S000I-80-I"},{"r":"68","t":"21:30:09","h":"Ouest","s":"25S-H60S100F-82-F1"},{"r":"68","t":"21:30:09","h":"Ouest","s":"25S-H60S200F-81-F2"},{"r":"68","t":"21:51:09","h":"Ouest","s":"25N-H60N000S-80-S"},{"r":"68","t":"21:51:09","h":"Ouest","s":"25N-H60N000S-98-S"},{"r":"68","t":"21:51:09","h":"Ouest","s":"25N-H60NV10S-98-S"},{"r":"68","t":"21:51:09","h":"Ouest","s":"25N-H60NV20S-98-S"},{"r":"68","t":"21:51:09","h":"Ouest","s":"25S-H60S000S-80-S"},{"r":"68","t":"21:58:09","h":"Ouest","s":"25N-H60N000I-80-I"},{"r":"68","t":"21:58:09","h":"Ouest","s":"25N-H60N100F-81-F1"},{"r":"68","t":"21:58:09","h":"Ouest","s":"25N-H60N200F-81-F2"},{"r":"68","t":"21:58:09","h":"Ouest","s":"25N-H60N300F-82-F3"},{"r":"68","t":"21:58:09","h":"Ouest","s":"25N-H60N400F-81-F4"},{"r":"68","t":"21:58:09","h":"Ouest","s":"25N-H60NV10I-80-I"},{"r":"68","t":"21:58:09","h":"Ouest","s":"25N-H60NV20I-80-I"},{"r":"68","t":"21:58:09","h":"Ouest","s":"25S-H60S000I-80-I"},{"r":"68","t":"21:58:09","h":"Ouest","s":"25S-H60S100F-82-F1"},{"r":"68","t":"21:58:09","h":"Ouest","s":"25S-H60S200F-81-F2"},{"r":"68","t":"22:01:09","h":"Ouest","s":"25N-H60N000A-80-A"},{"r":"68","t":"22:01:09","h":"Ouest","s":"25N-H60NV10A-80-A"},{"r":"68","t":"22:01:09","h":"Ouest","s":"25N-H60NV20A-80-A"},{"r":"68","t":"22:01:09","h":"Ouest","s":"25S-H60S000A-80-A"},{"r":"68","t":"22:20:09","h":"Ouest","s":"25N-H60N000S-80-S"},{"r":"68","t":"22:20:09","h":"Ouest","s":"25N-H60N000S-98-S"},{"r":"68","t":"22:20:09","h":"Ouest","s":"25N-H60NV10S-98-S"},{"r":"68","t":"22:20:09","h":"Ouest","s":"25N-H60NV20S-98-S"},{"r":"68","t":"22:20:09","h":"Ouest","s":"25S-H60S000S-80-S"},{"r":"68","t":"22:26:09","h":"Ouest","s":"25N-H60N000I-80-I"},{"r":"68","t":"22:26:09","h":"Ouest","s":"25N-H60N100F-81-F1"},{"r":"68","t":"22:26:09","h":"Ouest","s":"25N-H60N200F-81-F2"},{"r":"68","t":"22:26:09","h":"Ouest","s":"25N-H60N300F-82-F3"},{"r":"68","t":"22:26:09","h":"Ouest","s":"25N-H60N400F-81-F4"},{"r":"68","t":"22:26:09","h":"Ouest","s":"25N-H60NV10I-80-I"},{"r":"68","t":"22:26:09","h":"Ouest","s":"25N-H60NV20I-80-I"},{"r":"68","t":"22:26:09","h":"Ouest","s":"25S-H60S000I-80-I"},{"r":"68","t":"22:26:09","h":"Ouest","s":"25S-H60S100F-82-F1"},{"r":"68","t":"22:26:09","h":"Ouest","s":"25S-H60S200F-81-F2"},{"r":"68","t":"22:33:09","h":"Ouest","s":"25N-H60N000A-80-A"},{"r":"68","t":"22:33:09","h":"Ouest","s":"25N-H60NV10A-80-A"},{"r":"68","t":"22:33:09","h":"Ouest","s":"25N-H60NV20A-80-A"},{"r":"68","t":"22:33:09","h":"Ouest","s":"25S-H60S000A-80-A"},{"r":"68","t":"22:47:09","h":"Ouest","s":"25N-H60N000S-80-S"},{"r":"68","t":"22:47:09","h":"Ouest","s":"25N-H60N000S-98-S"},{"r":"68","t":"22:47:09","h":"Ouest","s":"25N-H60NV10S-98-S"},{"r":"68","t":"22:47:09","h":"Ouest","s":"25N-H60NV20S-98-S"},{"r":"68","t":"22:47:09","h":"Ouest","s":"25S-H60S000S-80-S"},{"r":"68","t":"22:55:09","h":"Ouest","s":"25N-H60N000I-80-I"},{"r":"68","t":"22:55:09","h":"Ouest","s":"25N-H60N100F-81-F1"},{"r":"68","t":"22:55:09","h":"Ouest","s":"25N-H60N200F-81-F2"},{"r":"68","t":"22:55:09","h":"Ouest","s":"25N-H60N300F-82-F3"},{"r":"68","t":"22:55:09","h":"Ouest","s":"25N-H60N400F-81-F4"},{"r":"68","t":"22:55:09","h":"Ouest","s":"25N-H60NV10I-80-I"},{"r":"68","t":"22:55:09","h":"Ouest","s":"25N-H60NV20I-80-I"},{"r":"68","t":"22:55:09","h":"Ouest","s":"25S-H60S000I-80-I"},{"r":"68","t":"22:55:09","h":"Ouest","s":"25S-H60S100F-82-F1"},{"r":"68","t":"22:55:09","h":"Ouest","s":"25S-H60S200F-81-F2"},{"r":"68","t":"23:06:09","h":"Ouest","s":"25N-H60N000A-80-A"},{"r":"68","t":"23:06:09","h":"Ouest","s":"25N-H60NV10A-80-A"},{"r":"68","t":"23:06:09","h":"Ouest","s":"25N-H60NV20A-80-A"},{"r":"68","t":"23:06:09","h":"Ouest","s":"25S-H60S000A-80-A"},{"r":"68","t":"23:23:09","h":"Ouest","s":"25N-H60N000S-80-S"},{"r":"68","t":"23:23:09","h":"Ouest","s":"25N-H60N000S-98-S"},{"r":"68","t":"23:23:09","h":"Ouest","s":"25N-H60NV10S-98-S"},{"r":"68","t":"23:23:09","h":"Ouest","s":"25N-H60NV20S-98-S"},{"r":"68","t":"23:23:09","h":"Ouest","s":"25S-H60S000S-80-S"},{"r":"68","t":"23:26:09","h":"Ouest","s":"25N-H60N000I-80-I"},{"r":"68","t":"23:26:09","h":"Ouest","s":"25N-H60N100F-81-F1"},{"r":"68","t":"23:26:09","h":"Ouest","s":"25N-H60N200F-81-F2"},{"r":"68","t":"23:26:09","h":"Ouest","s":"25N-H60N300F-82-F3"},{"r":"68","t":"23:26:09","h":"Ouest","s":"25N-H60N400F-81-F4"},{"r":"68","t":"23:26:09","h":"Ouest","s":"25N-H60NV10I-80-I"},{"r":"68","t":"23:26:09","h":"Ouest","s":"25N-H60NV20I-80-I"},{"r":"68","t":"23:26:09","h":"Ouest","s":"25S-H60S000I-80-I"},{"r":"68","t":"23:26:09","h":"Ouest","s":"25S-H60S100F-82-F1"},{"r":"68","t":"23:26:09","h":"Ouest","s":"25S-H60S200F-81-F2"},{"r":"68","t":"23:37:09","h":"Ouest","s":"25N-H60N000A-80-A"},{"r":"68","t":"23:37:09","h":"Ouest","s":"25N-H60NV10A-80-A"},{"r":"68","t":"23:37:09","h":"Ouest","s":"25N-H60NV20A-80-A"},{"r":"68","t":"23:37:09","h":"Ouest","s":"25S-H60S000A-80-A"},{"r":"68","t":"23:59:09","h":"Ouest destination Anse-\u00e0-l'Orme / Timberlea-Trail","s":"25N-H60N000I-80-I"},{"r":"68","t":"23:59:09","h":"Ouest","s":"25N-H60N000S-80-S"},{"r":"68","t":"23:59:09","h":"Ouest","s":"25N-H60N000S-98-S"},{"r":"68","t":"23:59:09","h":"Ouest destination Anse-\u00e0-l'Orme / Timberlea-Trail","s":"25N-H60N100F-81-F1"},{"r":"68","t":"23:59:09","h":"Ouest destination Anse-\u00e0-l'Orme / Timberlea-Trail","s":"25N-H60N200F-81-F2"},{"r":"68","t":"23:59:09","h":"Ouest destination Anse-\u00e0-l'Orme / Timberlea-Trail","s":"25N-H60N300F-82-F3"},{"r":"68","t":"23:59:09","h":"Ouest destination Anse-\u00e0-l'Orme / Timberlea-Trail","s":"25N-H60N400F-81-F4"},{"r":"68","t":"23:59:09","h":"Ouest destination Anse-\u00e0-l'Orme / Timberlea-Trail","s":"25N-H60NV10I-80-I"},{"r":"68","t":"23:59:09","h":"Ouest","s":"25N-H60NV10S-98-S"},{"r":"68","t":"23:59:09","h":"Ouest destination Anse-\u00e0-l'Orme / Timberlea-Trail","s":"25N-H60NV20I-80-I"},{"r":"68","t":"23:59:09","h":"Ouest","s":"25N-H60NV20S-98-S"},{"r":"68","t":"23:59:09","h":"Ouest destination Anse-\u00e0-l'Orme / Timberlea-Trail","s":"25S-H60S000I-80-I"},{"r":"68","t":"23:59:09","h":"Ouest","s":"25S-H60S000S-80-S"},{"r":"68","t":"23:59:09","h":"Ouest destination Anse-\u00e0-l'Orme / Timberlea-Trail","s":"25S-H60S100F-82-F1"},{"r":"68","t":"23:59:09","h":"Ouest destination Anse-\u00e0-l'Orme / Timberlea-Trail","s":"25S-H60S200F-81-F2"},{"r":"68","t":"24:10:09","h":"Ouest","s":"25N-H60N000A-80-A"},{"r":"68","t":"24:10:09","h":"Ouest","s":"25N-H60NV10A-80-A"},{"r":"68","t":"24:10:09","h":"Ouest","s":"25N-H60NV20A-80-A"},{"r":"68","t":"24:10:09","h":"Ouest","s":"25S-H60S000A-80-A"},{"r":"68","t":"24:31:09","h":"Ouest","s":"25N-H60N000S-80-S"},{"r":"68","t":"24:31:09","h":"Ouest","s":"25N-H60N000S-98-S"},{"r":"68","t":"24:31:09","h":"Ouest","s":"25N-H60NV10S-98-S"},{"r":"68","t":"24:31:09","h":"Ouest","s":"25N-H60NV20S-98-S"},{"r":"68","t":"24:31:09","h":"Ouest","s":"25S-H60S000S-80-S"},{"r":"68","t":"24:32:09","h":"Ouest destination Anse-\u00e0-l'Orme / Timberlea-Trail","s":"25N-H60N000I-80-I"},{"r":"68","t":"24:32:09","h":"Ouest destination Anse-\u00e0-l'Orme / Timberlea-Trail","s":"25N-H60N100F-81-F1"},{"r":"68","t":"24:32:09","h":"Ouest destination Anse-\u00e0-l'Orme / Timberlea-Trail","s":"25N-H60N200F-81-F2"},{"r":"68","t":"24:32:09","h":"Ouest destination Anse-\u00e0-l'Orme / Timberlea-Trail","s":"25N-H60N300F-82-F3"},{"r":"68","t":"24:32:09","h":"Ouest destination Anse-\u00e0-l'Orme / Timberlea-Trail","s":"25N-H60N400F-81-F4"},{"r":"68","t":"24:32:09","h":"Ouest destination Anse-\u00e0-l'Orme / Timberlea-Trail","s":"25N-H60NV10I-80-I"},{"r":"68","t":"24:32:09","h":"Ouest destination Anse-\u00e0-l'Orme / Timberlea-Trail","s":"25N-H60NV20I-80-I"},{"r":"68","t":"24:32:09","h":"Ouest destination Anse-\u00e0-l'Orme / Timberlea-Trail","s":"25S-H60S000I-80-I"},{"r":"68","t":"24:32:09","h":"Ouest destination Anse-\u00e0-l'Orme / Timberlea-Trail","s":"25S-H60S100F-82-F1"},{"r":"68","t":"24:32:09","h":"Ouest destination Anse-\u00e0-l'Orme / Timberlea-Trail","s":"25S-H60S200F-81-F2"},{"r":"68","t":"24:42:09","h":"Ouest destination Anse-\u00e0-l'Orme / Timberlea-Trail","s":"25N-H60N000A-80-A"},{"r":"68","t":"24:42:09","h":"Ouest destination Anse-\u00e0-l'Orme / Timberlea-Trail","s":"25N-H60NV10A-80-A"},{"r":"68","t":"24:42:09","h":"Ouest destination Anse-\u00e0-l'Orme / Timberlea-Trail","s":"25N-H60NV20A-80-A"},{"r":"68","t":"24:42:09","h":"Ouest destination Anse-\u00e0-l'Orme / Timberlea-Trail","s":"25S-H60S000A-80-A"},{"r":"68","t":"25:01:52","h":"Ouest destination Anse-\u00e0-l'Orme / Timberlea-Trail","s":"25N-H60N000I-80-I"},{"r":"68","t":"25:01:52","h":"Ouest destination Anse-\u00e0-l'Orme / Timberlea-Trail","s":"25N-H60N100F-81-F1"},{"r":"68","t":"25:01:52","h":"Ouest destination Anse-\u00e0-l'Orme / Timberlea-Trail","s":"25N-H60N200F-81-F2"},{"r":"68","t":"25:01:52","h":"Ouest destination Anse-\u00e0-l'Orme / Timberlea-Trail","s":"25N-H60N300F-82-F3"},{"r":"68","t":"25:01:52","h":"Ouest destination Anse-\u00e0-l'Orme / Timberlea-Trail","s":"25N-H60N400F-81-F4"},{"r":"68","t":"25:01:52","h":"Ouest destination Anse-\u00e0-l'Orme / Timberlea-Trail","s":"25N-H60NV10I-80-I"},{"r":"68","t":"25:01:52","h":"Ouest destination Anse-\u00e0-l'Orme / Timberlea-Trail","s":"25N-H60NV20I-80-I"},{"r":"68","t":"25:01:52","h":"Ouest destination Anse-\u00e0-l'Orme / Timberlea-Trail","s":"25S-H60S000I-80-I"},{"r":"68","t":"25:01:52","h":"Ouest destination Anse-\u00e0-l'Orme / Timberlea-Trail","s":"25S-H60S100F-82-F1"},{"r":"68","t":"25:01:52","h":"Ouest destination Anse-\u00e0-l'Orme / Timberlea-Trail","s":"25S-H60S200F-81-F2"},{"r":"68","t":"25:05:09","h":"Ouest destination Anse-\u00e0-l'Orme / Timberlea-Trail","s":"25N-H60N000S-80-S"},{"r":"68","t":"25:05:09","h":"Ouest destination Anse-\u00e0-l'Orme / Timberlea-Trail","s":"25N-H60N000S-98-S"},{"r":"68","t":"25:05:09","h":"Ouest destination Anse-\u00e0-l'Orme / Timberlea-Trail","s":"25N-H60NV10S-98-S"},{"r":"68","t":"25:05:09","h":"Ouest destination Anse-\u00e0-l'Orme / Timberlea-Trail","s":"25N-H60NV20S-98-S"},{"r":"68","t":"25:05:09","h":"Ouest destination Anse-\u00e0-l'Orme / Timberlea-Trail","s":"25S-H60S000S-80-S"},{"r":"68","t":"25:13:09","h":"Ouest destination Anse-\u00e0-l'Orme / Timberlea-Trail","s":"25N-H60N000A-80-A"},{"r":"68","t":"25:13:09","h":"Ouest destination Anse-\u00e0-l'Orme / Timberlea-Trail","s":"25N-H60NV10A-80-A"},{"r":"68","t":"25:13:09","h":"Ouest destination Anse-\u00e0-l'Orme / Timberlea-Trail","s":"25N-H60NV20A-80-A"},{"r":"68","t":"25:13:09","h":"Ouest destination Anse-\u00e0-l'Orme / Timberlea-Trail","s":"25S-H60S000A-80-A"},{"r":"68","t":"25:33:52","h":"Ouest destination Anse-\u00e0-l'Orme / Timberlea-Trail","s":"25N-H60N000I-80-I"},{"r":"68","t":"25:33:52","h":"Ouest destination Anse-\u00e0-l'Orme / Timberlea-Trail","s":"25N-H60N100F-81-F1"},{"r":"68","t":"25:33:52","h":"Ouest destination Anse-\u00e0-l'Orme / Timberlea-Trail","s":"25N-H60N200F-81-F2"},{"r":"68","t":"25:33:52","h":"Ouest destination Anse-\u00e0-l'Orme / Timberlea-Trail","s":"25N-H60N300F-82-F3"},{"r":"68","t":"25:33:52","h":"Ouest destination Anse-\u00e0-l'Orme / Timberlea-Trail","s":"25N-H60N400F-81-F4"},{"r":"68","t":"25:33:52","h":"Ouest destination Anse-\u00e0-l'Orme / Timberlea-Trail","s":"25N-H60NV10I-80-I"},{"r":"68","t":"25:33:52","h":"Ouest destination Anse-\u00e0-l'Orme / Timberlea-Trail","s":"25N-H60NV20I-80-I"},{"r":"68","t":"25:33:52","h":"Ouest destination Anse-\u00e0-l'Orme / Timberlea-Trail","s":"25S-H60S000I-80-I"},{"r":"68","t":"25:33:52","h":"Ouest destination Anse-\u00e0-l'Orme / Timberlea-Trail","s":"25S-H60S100F-82-F1"},{"r":"68","t":"25:33:52","h":"Ouest destination Anse-\u00e0-l'Orme / Timberlea-Trail","s":"25S-H60S200F-81-F2"},{"r":"68","t":"25:41:09","h":"Ouest destination Anse-\u00e0-l'Orme / Timberlea-Trail","s":"25N-H60N000S-80-S"},{"r":"68","t":"25:41:09","h":"Ouest destination Anse-\u00e0-l'Orme / Timberlea-Trail","s":"25N-H60N000S-98-S"},{"r":"68","t":"25:41:09","h":"Ouest destination Anse-\u00e0-l'Orme / Timberlea-Trail","s":"25N-H60NV10S-98-S"},{"r":"68","t":"25:41:09","h":"Ouest destination Anse-\u00e0-l'Orme / Timberlea-Trail","s":"25N-H60NV20S-98-S"},{"r":"68","t":"25:41:09","h":"Ouest destination Anse-\u00e0-l'Orme / Timberlea-Trail","s":"25S-H60S000S-80-S"},{"r":"68","t":"25:42:09","h":"Ouest destination Anse-\u00e0-l'Orme / Timberlea-Trail","s":"25N-H60N000A-80-A"},{"r":"68","t":"25:42:09","h":"Ouest destination Anse-\u00e0-l'Orme / Timberlea-Trail","s":"25N-H60NV10A-80-A"},{"r":"68","t":"25:42:09","h":"Ouest destination Anse-\u00e0-l'Orme / Timberlea-Trail","s":"25N-H60NV20A-80-A"},{"r":"68","t":"25:42:09","h":"Ouest destination Anse-\u00e0-l'Orme / Timberlea-Trail","s":"25S-H60S000A-80-A"},{"r":"68","t":"26:11:09","h":"Ouest destination Anse-\u00e0-l'Orme / Timberlea-Trail","s":"25N-H60N000A-80-A"},{"r":"68","t":"26:11:09","h":"Ouest destination Anse-\u00e0-l'Orme / Timberlea-Trail","s":"25N-H60NV10A-80-A"},{"r":"68","t":"26:11:09","h":"Ouest destination Anse-\u00e0-l'Orme / Timberlea-Trail","s":"25N-H60NV20A-80-A"},{"r":"68","t":"26:11:09","h":"Ouest destination Anse-\u00e0-l'Orme / Timberlea-Trail","s":"25S-H60S000A-80-A"},{"r":"376","t":"26:18:08","h":"Ouest","s":"25N-H60N000S-80-S"},{"r":"376","t":"26:18:08","h":"Ouest","s":"25N-H60N000S-98-S"},{"r":"376","t":"26:18:08","h":"Ouest","s":"25N-H60NV10S-98-S"},{"r":"376","t":"26:18:08","h":"Ouest","s":"25N-H60NV20S-98-S"},{"r":"376","t":"26:18:08","h":"Ouest","s":"25S-H60S000S-80-S"},{"r":"376","t":"26:20:08","h":"Ouest","s":"25N-H60N000I-80-I"},{"r":"376","t":"26:20:08","h":"Ouest","s":"25N-H60N100F-81-F1"},{"r":"376","t":"26:20:08","h":"Ouest","s":"25N-H60N200F-81-F2"},{"r":"376","t":"26:20:08","h":"Ouest","s":"25N-H60N300F-82-F3"},{"r":"376","t":"26:20:08","h":"Ouest","s":"25N-H60N400F-81-F4"},{"r":"376","t":"26:20:08","h":"Ouest","s":"25N-H60NV10I-80-I"},{"r":"376","t":"26:20:08","h":"Ouest","s":"25N-H60NV20I-80-I"},{"r":"376","t":"26:20:08","h":"Ouest","s":"25S-H60S000I-80-I"},{"r":"376","t":"26:20:08","h":"Ouest","s":"25S-H60S100F-82-F1"},{"r":"376","t":"26:20:08","h":"Ouest","s":"25S-H60S200F-81-F2"},{"r":"376","t":"27:03:08","h":"Ouest","s":"25N-H60N000A-80-A"},{"r":"376","t":"27:03:08","h":"Ouest","s":"25N-H60N000S-80-S"},{"r":"376","t":"27:03:08","h":"Ouest","s":"25N-H60N000S-98-S"},{"r":"376","t":"27:03:08","h":"Ouest","s":"25N-H60NV10A-80-A"},{"r":"376","t":"27:03:08","h":"Ouest","s":"25N-H60NV10S-98-S"},{"r":"376","t":"27:03:08","h":"Ouest","s":"25N-H60NV20A-80-A"},{"r":"376","t":"27:03:08","h":"Ouest","s":"25N-H60NV20S-98-S"},{"r":"376","t":"27:03:08","h":"Ouest","s":"25S-H60S000A-80-A"},{"r":"376","t":"27:03:08","h":"Ouest","s":"25S-H60S000S-80-S"},{"r":"376","t":"27:05:08","h":"Ouest","s":"25N-H60N000I-80-I"},{"r":"376","t":"27:05:08","h":"Ouest","s":"25N-H60N100F-81-F1"},{"r":"376","t":"27:05:08","h":"Ouest","s":"25N-H60N200F-81-F2"},{"r":"376","t":"27:05:08","h":"Ouest","s":"25N-H60N300F-82-F3"},{"r":"376","t":"27:05:08","h":"Ouest","s":"25N-H60N400F-81-F4"},{"r":"376","t":"27:05:08","h":"Ouest","s":"25N-H60NV10I-80-I"},{"r":"376","t":"27:05:08","h":"Ouest","s":"25N-H60NV20I-80-I"},{"r":"376","t":"27:05:08","h":"Ouest","s":"25S-H60S000I-80-I"},{"r":"376","t":"27:05:08","h":"Ouest","s":"25S-H60S100F-82-F1"},{"r":"376","t":"27:05:08","h":"Ouest","s":"25S-H60S200F-81-F2"},{"r":"376","t":"27:48:08","h":"Ouest","s":"25N-H60N000A-80-A"},{"r":"376","t":"27:48:08","h":"Ouest","s":"25N-H60N000S-80-S"},{"r":"376","t":"27:48:08","h":"Ouest","s":"25N-H60N000S-98-S"},{"r":"376","t":"27:48:08","h":"Ouest","s":"25N-H60NV10A-80-A"},{"r":"376","t":"27:48:08","h":"Ouest","s":"25N-H60NV10S-98-S"},{"r":"376","t":"27:48:08","h":"Ouest","s":"25N-H60NV20A-80-A"},{"r":"376","t":"27:48:08","h":"Ouest","s":"25N-H60NV20S-98-S"},{"r":"376","t":"27:48:08","h":"Ouest","s":"25S-H60S000A-80-A"},{"r":"376","t":"27:48:08","h":"Ouest","s":"25S-H60S000S-80-S"},{"r":"376","t":"27:50:08","h":"Ouest","s":"25N-H60N000I-80-I"},{"r":"376","t":"27:50:08","h":"Ouest","s":"25N-H60N100F-81-F1"},{"r":"376","t":"27:50:08","h":"Ouest","s":"25N-H60N200F-81-F2"},{"r":"376","t":"27:50:08","h":"Ouest","s":"25N-H60N300F-82-F3"},{"r":"376","t":"27:50:08","h":"Ouest","s":"25N-H60N400F-81-F4"},{"r":"376","t":"27:50:08","h":"Ouest","s":"25N-H60NV10I-80-I"},{"r":"376","t":"27:50:08","h":"Ouest","s":"25N-H60NV20I-80-I"},{"r":"376","t":"27:50:08","h":"Ouest","s":"25S-H60S000I-80-I"},{"r":"376","t":"27:50:08","h":"Ouest","s":"25S-H60S100F-82-F1"},{"r":"376","t":"27:50:08","h":"Ouest","s":"25S-H60S200F-81-F2"},{"r":"376","t":"28:32:08","h":"Ouest","s":"25N-H60N000A-80-A"},{"r":"376","t":"28:32:08","h":"Ouest","s":"25N-H60NV10A-80-A"},{"r":"376","t":"28:32:08","h":"Ouest","s":"25N-H60NV20A-80-A"},{"r":"376","t":"28:32:08","h":"Ouest","s":"25S-H60S000A-80-A"},{"r":"376","t":"28:33:08","h":"Ouest","s":"25N-H60N000I-80-I"},{"r":"376","t":"28:33:08","h":"Ouest","s":"25N-H60N000S-80-S"},{"r":"376","t":"28:33:08","h":"Ouest","s":"25N-H60N000S-98-S"},{"r":"376","t":"28:33:08","h":"Ouest","s":"25N-H60N100F-81-F1"},{"r":"376","t":"28:33:08","h":"Ouest","s":"25N-H60N200F-81-F2"},{"r":"376","t":"28:33:08","h":"Ouest","s":"25N-H60N300F-82-F3"},{"r":"376","t":"28:33:08","h":"Ouest","s":"25N-H60N400F-81-F4"},{"r":"376","t":"28:33:08","h":"Ouest","s":"25N-H60NV10I-80-I"},{"r":"376","t":"28:33:08","h":"Ouest","s":"25N-H60NV10S-98-S"},{"r":"376","t":"28:33:08","h":"Ouest","s":"25N-H60NV20I-80-I"},{"r":"376","t":"28:33:08","h":"Ouest","s":"25N-H60NV20S-98-S"},{"r":"376","t":"28:33:08","h":"Ouest","s":"25S-H60S000I-80-I"},{"r":"376","t":"28:33:08","h":"Ouest","s":"25S-H60S000S-80-S"},{"r":"376","t":"28:33:08","h":"Ouest","s":"25S-H60S100F-82-F1"},{"r":"376","t":"28:33:08","h":"Ouest","s":"25S-H60S200F-81-F2"},{"r":"376","t":"29:17:08","h":"Ouest","s":"25N-H60N000A-80-A"},{"r":"376","t":"29:17:08","h":"Ouest","s":"25N-H60NV10A-80-A"},{"r":"376","t":"29:17:08","h":"Ouest","s":"25N-H60NV20A-80-A"},{"r":"376","t":"29:17:08","h":"Ouest","s":"25S-H60S000A-80-A"},{"r":"376","t":"29:18:08","h":"Ouest","s":"25N-H60N000I-80-I"},{"r":"376","t":"29:18:08","h":"Ouest","s":"25N-H60N000S-80-S"},{"r":"376","t":"29:18:08","h":"Ouest","s":"25N-H60N000S-98-S"},{"r":"376","t":"29:18:08","h":"Ouest","s":"25N-H60N100F-81-F1"},{"r":"376","t":"29:18:08","h":"Ouest","s":"25N-H60N200F-81-F2"},{"r":"376","t":"29:18:08","h":"Ouest","s":"25N-H60N300F-82-F3"},{"r":"376","t":"29:18:08","h":"Ouest","s":"25N-H60N400F-81-F4"},{"r":"376","t":"29:18:08","h":"Ouest","s":"25N-H60NV10I-80-I"},{"r":"376","t":"29:18:08","h":"Ouest","s":"25N-H60NV10S-98-S"},{"r":"376","t":"29:18:08","h":"Ouest","s":"25N-H60NV20I-80-I"},{"r":"376","t":"29:18:08","h":"Ouest","s":"25N-H60NV20S-98-S"},{"r":"376","t":"29:18:08","h":"Ouest","s":"25S-H60S000I-80-I"},{"r":"376","t":"29:18:08","h":"Ouest","s":"25S-H60S000S-80-S"},{"r":"376","t":"29:18:08","h":"Ouest","s":"25S-H60S100F-82-F1"},{"r":"376","t":"29:18:08","h":"Ouest","s":"25S-H60S200F-81-F2"}]