[{"r":"219","t":"05:51:35","h":"Ouest","s":"25N-H60N000S-80-S"},{"r":"219","t":"05:51:35","h":"Ouest","s":"25N-H60N000S-98-S"},{"r":"219","t":"05:51:35","h":"Ouest","s":"25N-H60N200F-81-F2"},{"r":"219","t":"05:51:35","h":"Ouest","s":"25N-H60N400F-81-F4"},{"r":"219","t":"05:51:35","h":"Ouest","s":"25N-H60NV10S-98-S"},{"r":"219","t":"05:51:35","h":"Ouest","s":"25N-H60NV20S-98-S"},{"r":"219","t":"05:51:35","h":"Ouest","s":"25S-H60S000S-80-S"},{"r":"419","t":"06:21:34","h":"Ouest","s":"25N-H60N000S-80-S"},{"r":"419","t":"06:21:34","h":"Ouest","s":"25N-H60N000S-98-S"},{"r":"419","t":"06:21:34","h":"Ouest","s":"25N-H60NV10S-98-S"},{"r":"419","t":"06:21:34","h":"Ouest","s":"25N-H60NV20S-98-S"},{"r":"419","t":"06:21:34","h":"Ouest","s":"25S-H60S000S-80-S"},{"r":"219","t":"06:22:35","h":"Ouest","s":"25N-H60N000S-80-S"},{"r":"219","t":"06:22:35","h":"Ouest","s":"25N-H60N000S-98-S"},{"r":"219","t":"06:22:35","h":"Ouest","s":"25N-H60N200F-81-F2"},{"r":"219","t":"06:22:35","h":"Ouest","s":"25N-H60N400F-81-F4"},{"r":"219","t":"06:22:35","h":"Ouest","s":"25N-H60NV10S-98-S"},{"r":"219","t":"06:22:35","h":"Ouest","s":"25N-H60NV20S-98-S"},{"r":"219","t":"06:22:35","h":"Ouest","s":"25S-H60S000S-80-S"},{"r":"419","t":"06:51:34","h":"Ouest","s":"25N-H60N000S-80-S"},{"r":"419","t":"06:51:34","h":"Ouest","s":"25N-H60N000S-98-S"},{"r":"419","t":"06:51:34","h":"Ouest","s":"25S-H60S000S-80-S"},{"r":"419","t":"06:54:34","h":"Ouest","s":"25N-H60NV10S-98-S"},{"r":"419","t":"06:54:34","h":"Ouest","s":"25N-H60NV20S-98-S"},{"r":"217","t":"06:55:00","h":"Ouest","s":"25N-H60N000A-80-A"},{"r":"217","t":"06:55:00","h":"Ouest","s":"25N-H60NV10A-80-A"},{"r":"217","t":"06:55:00","h":"Ouest","s":"25N-H60NV20A-80-A"},{"r":"217","t":"06:55:00","h":"Ouest","s":"25S-H60S000A-80-A"},{"r":"219","t":"06:57:35","h":"Ouest","s":"25N-H60N000S-80-S"},{"r":"219","t":"06:57:35","h":"Ouest","s":"25N-H60N000S-98-S"},{"r":"219","t":"06:57:35","h":"Ouest","s":"25N-H60N200F-81-F2"},{"r":"219","t":"06:57:35","h":"Ouest","s":"25N-H60N400F-81-F4"},{"r":"219","t":"06:57:35","h":"Ouest","s":"25N-H60NV10S-98-S"},{"r":"219","t":"06:57:35","h":"Ouest","s":"25N-H60NV20S-98-S"},{"r":"219","t":"06:57:35","h":"Ouest","s":"25S-H60S000S-80-S"},{"r":"217","t":"07:02:00","h":"Ouest","s":"25N-H60N000S-80-S"},{"r":"217","t":"07:02:00","h":"Ouest","s":"25N-H60N000S-98-S"},{"r":"217","t":"07:02:00","h":"Ouest","s":"25N-H60NV10S-98-S"},{"r":"217","t":"07:02:00","h":"Ouest","s":"25N-H60NV20S-98-S"},{"r":"217","t":"07:02:00","h":"Ouest","s":"25S-H60S000S-80-S"},{"r":"419","t":"07:10:56","h":"Ouest","s":"25N-H60N000S-80-S"},{"r":"419","t":"07:10:56","h":"Ouest","s":"25N-H60N000S-98-S"},{"r":"419","t":"07:10:56","h":"Ouest","s":"25S-H60S000S-80-S"},{"r":"419","t":"07:19:56","h":"Ouest","s":"25N-H60N000S-80-S"},{"r":"419","t":"07:19:56","h":"Ouest","s":"25N-H60N000S-98-S"},{"r":"419","t":"07:19:56","h":"Ouest","s":"25S-H60S000S-80-S"},{"r":"419","t":"07:25:56","h":"Ouest","s":"25N-H60NV10S-98-S"},{"r":"419","t":"07:25:56","h":"Ouest","s":"25N-H60NV20S-98-S"},{"r":"217","t":"07:26:00","h":"Ouest","s":"25N-H60N000A-80-A"},{"r":"217","t":"07:26:00","h":"Ouest","s":"25N-H60NV10A-80-A"},{"r":"217","t":"07:26:00","h":"Ouest","s":"25N-H60NV20A-80-A"},{"r":"217","t":"07:26:00","h":"Ouest","s":"25S-H60S000A-80-A"},{"r":"419","t":"07:27:56","h":"Ouest","s":"25N-H60N000S-80-S"},{"r":"419","t":"07:27:56","h":"Ouest","s":"25N-H60N000S-98-S"},{"r":"419","t":"07:27:56","h":"Ouest","s":"25S-H60S000S-80-S"},{"r":"219","t":"07:28:35","h":"Ouest","s":"25N-H60N000S-80-S"},{"r":"219","t":"07:28:35","h":"Ouest","s":"25N-H60N000S-98-S"},{"r":"219","t":"07:28:35","h":"Ouest","s":"25N-H60N200F-81-F2"},{"r":"219","t":"07:28:35","h":"Ouest","s":"25N-H60N400F-81-F4"},{"r":"219","t":"07:28:35","h":"Ouest","s":"25N-H60NV10S-98-S"},{"r":"219","t":"07:28:35","h":"Ouest","s":"25N-H60NV20S-98-S"},{"r":"219","t":"07:28:35","h":"Ouest","s":"25S-H60S000S-80-S"},{"r":"419","t":"07:35:56","h":"Ouest","s":"25N-H60N000S-80-S"},{"r":"419","t":"07:35:56","h":"Ouest","s":"25N-H60N000S-98-S"},{"r":"419","t":"07:35:56","h":"Ouest","s":"25S-H60S000S-80-S"},{"r":"217","t":"07:38:00","h":"Ouest","s":"25N-H60N000S-80-S"},{"r":"217","t":"07:38:00","h":"Ouest","s":"25N-H60N000S-98-S"},{"r":"217","t":"07:38:00","h":"Ouest","s":"25N-H60NV10S-98-S"},{"r":"217","t":"07:38:00","h":"Ouest","s":"25N-H60NV20S-98-S"},{"r":"217","t":"07:38:00","h":"Ouest","s":"25S-H60S000S-80-S"},{"r":"419","t":"07:44:56","h":"Ouest","s":"25N-H60N000S-80-S"},{"r":"419","t":"07:44:56","h":"Ouest","s":"25N-H60N000S-98-S"},{"r":"419","t":"07:44:56","h":"Ouest","s":"25S-H60S000S-80-S"},{"r":"217","t":"07:49:00","h":"Ouest","s":"25N-H60N000I-80-I"},{"r":"217","t":"07:49:00","h":"Ouest","s":"25N-H60N100F-81-F1"},{"r":"217","t":"07:49:00","h":"Ouest","s":"25N-H60N200F-81-F2"},{"r":"217","t":"07:49:00","h":"Ouest","s":"25N-H60N300F-82-F3"},{"r":"217","t":"07:49:00","h":"Ouest","s":"25N-H60N400F-81-F4"},{"r":"217","t":"07:49:00","h":"Ouest","s":"25N-H60NV10I-80-I"},{"r":"217","t":"07:49:00","h":"Ouest","s":"25N-H60NV20I-80-I"},{"r":"217","t":"07:49:00","h":"Ouest","s":"25S-H60S000I-80-I"},{"r":"217","t":"07:49:00","h":"Ouest","s":"25S-H60S100F-82-F1"},{"r":"217","t":"07:49:00","h":"Ouest","s":"25S-H60S200F-81-F2"},{"r":"419","t":"07:55:56","h":"Ouest","s":"25N-H60N000S-80-S"},{"r":"419","t":"07:55:56","h":"Ouest","s":"25N-H60N000S-98-S"},{"r":"419","t":"07:55:56","h":"Ouest","s":"25S-H60S000S-80-S"},{"r":"419","t":"07:56:56","h":"Ouest","s":"25N-H60NV10S-98-S"},{"r":"419","t":"07:56:56","h":"Ouest","s":"25N-H60NV20S-98-S"},{"r":"217","t":"07:58:00","h":"Ouest","s":"25N-H60N000A-80-A"},{"r":"217","t":"07:58:00","h":"Ouest","s":"25N-H60NV10A-80-A"},{"r":"217","t":"07:58:00","h":"Ouest","s":"25N-H60NV20A-80-A"},{"r":"217","t":"07:58:00","h":"Ouest","s":"25S-H60S000A-80-A"},{"r":"219","t":"08:03:35","h":"Ouest","s":"25N-H60N000S-80-S"},{"r":"219","t":"08:03:35","h":"Ouest","s":"25N-H60N000S-98-S"},{"r":"219","t":"08:03:35","h":"Ouest","s":"25N-H60N200F-81-F2"},{"r":"219","t":"08:03:35","h":"Ouest","s":"25N-H60N400F-81-F4"},{"r":"219","t":"08:03:35","h":"Ouest","s":"25N-H60NV10S-98-S"},{"r":"219","t":"08:03:35","h":"Ouest","s":"25N-H60NV20S-98-S"},{"r":"219","t":"08:03:35","h":"Ouest","s":"25S-H60S000S-80-S"},{"r":"419","t":"08:06:56","h":"Ouest","s":"25N-H60N000S-80-S"},{"r":"419","t":"08:06:56","h":"Ouest","s":"25N-H60N000S-98-S"},{"r":"419","t":"08:06:56","h":"Ouest","s":"25S-H60S000S-80-S"},{"r":"217","t":"08:11:00","h":"Ouest","s":"25N-H60N000S-80-S"},{"r":"217","t":"08:11:00","h":"Ouest","s":"25N-H60N000S-98-S"},{"r":"217","t":"08:11:00","h":"Ouest","s":"25N-H60NV10S-98-S"},{"r":"217","t":"08:11:00","h":"Ouest","s":"25N-H60NV20S-98-S"},{"r":"217","t":"08:11:00","h":"Ouest","s":"25S-H60S000S-80-S"},{"r":"419","t":"08:17:56","h":"Ouest","s":"25N-H60N000S-80-S"},{"r":"419","t":"08:17:56","h":"Ouest","s":"25N-H60N000S-98-S"},{"r":"419","t":"08:17:56","h":"Ouest","s":"25S-H60S000S-80-S"},{"r":"217","t":"08:19:00","h":"Ouest","s":"25N-H60N000I-80-I"},{"r":"217","t":"08:19:00","h":"Ouest","s":"25N-H60N100F-81-F1"},{"r":"217","t":"08:19:00","h":"Ouest","s":"25N-H60N200F-81-F2"},{"r":"217","t":"08:19:00","h":"Ouest","s":"25N-H60N300F-82-F3"},{"r":"217","t":"08:19:00","h":"Ouest","s":"25N-H60N400F-81-F4"},{"r":"217","t":"08:19:00","h":"Ouest","s":"25N-H60NV10I-80-I"},{"r":"217","t":"08:19:00","h":"Ouest","s":"25N-H60NV20I-80-I"},{"r":"217","t":"08:19:00","h":"Ouest","s":"25S-H60S000I-80-I"},{"r":"217","t":"08:19:00","h":"Ouest","s":"25S-H60S100F-82-F1"},{"r":"217","t":"08:19:00","h":"Ouest","s":"25S-H60S200F-81-F2"},{"r":"419","t":"08:27:56","h":"Ouest","s":"25N-H60NV10S-98-S"},{"r":"419","t":"08:27:56","h":"Ouest","s":"25N-H60NV20S-98-S"},{"r":"419","t":"08:28:56","h":"Ouest","s":"25N-H60N000S-80-S"},{"r":"419","t":"08:28:56","h":"Ouest","s":"25N-H60N000S-98-S"},{"r":"419","t":"08:28:56","h":"Ouest","s":"25S-H60S000S-80-S"},{"r":"217","t":"08:29:00","h":"Ouest","s":"25N-H60N000A-80-A"},{"r":"217","t":"08:29:00","h":"Ouest","s":"25N-H60NV10A-80-A"},{"r":"217","t":"08:29:00","h":"Ouest","s":"25N-H60NV20A-80-A"},{"r":"217","t":"08:29:00","h":"Ouest","s":"25S-H60S000A-80-A"},{"r":"219","t":"08:36:35","h":"Ouest","s":"25N-H60N000S-80-S"},{"r":"219","t":"08:36:35","h":"Ouest","s":"25N-H60N000S-98-S"},{"r":"219","t":"08:36:35","h":"Ouest","s":"25N-H60N200F-81-F2"},{"r":"219","t":"08:36:35","h":"Ouest","s":"25N-H60N400F-81-F4"},{"r":"219","t":"08:36:35","h":"Ouest","s":"25N-H60NV10S-98-S"},{"r":"219","t":"08:36:35","h":"Ouest","s":"25N-H60NV20S-98-S"},{"r":"219","t":"08:36:35","h":"Ouest","s":"25S-H60S000S-80-S"},{"r":"217","t":"08:44:00","h":"Ouest","s":"25N-H60N000S-80-S"},{"r":"217","t":"08:44:00","h":"Ouest","s":"25N-H60N000S-98-S"},{"r":"217","t":"08:44:00","h":"Ouest","s":"25N-H60NV10S-98-S"},{"r":"217","t":"08:44:00","h":"Ouest","s":"25N-H60NV20S-98-S"},{"r":"217","t":"08:44:00","h":"Ouest","s":"25S-H60S000S-80-S"},{"r":"419","t":"08:45:34","h":"Ouest","s":"25N-H60N000S-80-S"},{"r":"419","t":"08:45:34","h":"Ouest","s":"25N-H60N000S-98-S"},{"r":"419","t":"08:45:34","h":"Ouest","s":"25S-H60S000S-80-S"},{"r":"217","t":"08:50:00","h":"Ouest","s":"25N-H60N000I-80-I"},{"r":"217","t":"08:50:00","h":"Ouest","s":"25N-H60N100F-81-F1"},{"r":"217","t":"08:50:00","h":"Ouest","s":"25N-H60N200F-81-F2"},{"r":"217","t":"08:50:00","h":"Ouest","s":"25N-H60N300F-82-F3"},{"r":"217","t":"08:50:00","h":"Ouest","s":"25N-H60N400F-81-F4"},{"r":"217","t":"08:50:00","h":"Ouest","s":"25N-H60NV10I-80-I"},{"r":"217","t":"08:50:00","h":"Ouest","s":"25N-H60NV20I-80-I"},{"r":"217","t":"08:50:00","h":"Ouest","s":"25S-H60S000I-80-I"},{"r":"217","t":"08:50:00","h":"Ouest","s":"25S-H60S100F-82-F1"},{"r":"217","t":"08:50:00","h":"Ouest","s":"25S-H60S200F-81-F2"},{"r":"419","t":"08:58:34","h":"Ouest","s":"25N-H60NV10S-98-S"},{"r":"419","t":"08:58:34","h":"Ouest","s":"25N-H60NV20S-98-S"},{"r":"217","t":"09:00:00","h":"Ouest","s":"25N-H60N000A-80-A"},{"r":"217","t":"09:00:00","h":"Ouest","s":"25N-H60NV10A-80-A"},{"r":"217","t":"09:00:00","h":"Ouest","s":"25N-H60NV20A-80-A"},{"r":"217","t":"09:00:00","h":"Ouest","s":"25S-H60S000A-80-A"},{"r":"419","t":"09:03:34","h":"Ouest","s":"25N-H60N000S-80-S"},{"r":"419","t":"09:03:34","h":"Ouest","s":"25N-H60N000S-98-S"},{"r":"419","t":"09:03:34","h":"Ouest","s":"25S-H60S000S-80-S"},{"r":"217","t":"09:14:00","h":"Ouest","s":"25N-H60N000S-80-S"},{"r":"217","t":"09:14:00","h":"Ouest","s":"25N-H60N000S-98-S"},{"r":"217","t":"09:14:00","h":"Ouest","s":"25N-H60NV10S-98-S"},{"r":"217","t":"09:14:00","h":"Ouest","s":"25N-H60NV20S-98-S"},{"r":"217","t":"09:14:00","h":"Ouest","s":"25S-H60S000S-80-S"},{"r":"217","t":"09:22:00","h":"Ouest","s":"25N-H60N000I-80-I"},{"r":"217","t":"09:22:00","h":"Ouest","s":"25N-H60N100F-81-F1"},{"r":"217","t":"09:22:00","h":"Ouest","s":"25N-H60N200F-81-F2"},{"r":"217","t":"09:22:00","h":"Ouest","s":"25N-H60N300F-82-F3"},{"r":"217","t":"09:22:00","h":"Ouest","s":"25N-H60N400F-81-F4"},{"r":"217","t":"09:22:00","h":"Ouest","s":"25N-H60NV10I-80-I"},{"r":"217","t":"09:22:00","h":"Ouest","s":"25N-H60NV20I-80-I"},{"r":"217","t":"09:22:00","h":"Ouest","s":"25S-H60S000I-80-I"},{"r":"217","t":"09:22:00","h":"Ouest","s":"25S-H60S100F-82-F1"},{"r":"217","t":"09:22:00","h":"Ouest","s":"25S-H60S200F-81-F2"},{"r":"419","t":"09:22:34","h":"Ouest","s":"25N-H60N000S-80-S"},{"r":"419","t":"09:22:34","h":"Ouest","s":"25N-H60N000S-98-S"},{"r":"419","t":"09:22:34","h":"Ouest","s":"25S-H60S000S-80-S"},{"r":"419","t":"09:28:34","h":"Ouest","s":"25N-H60NV10S-98-S"},{"r":"419","t":"09:28:34","h":"Ouest","s":"25N-H60NV20S-98-S"},{"r":"217","t":"09:31:00","h":"Ouest","s":"25N-H60N000A-80-A"},{"r":"217","t":"09:31:00","h":"Ouest","s":"25N-H60NV10A-80-A"},{"r":"217","t":"09:31:00","h":"Ouest","s":"25N-H60NV20A-80-A"},{"r":"217","t":"09:31:00","h":"Ouest","s":"25S-H60S000A-80-A"},{"r":"419","t":"09:41:34","h":"Ouest","s":"25N-H60N000S-80-S"},{"r":"419","t":"09:41:34","h":"Ouest","s":"25N-H60N000S-98-S"},{"r":"419","t":"09:41:34","h":"Ouest","s":"25S-H60S000S-80-S"},{"r":"217","t":"09:47:00","h":"Ouest","s":"25N-H60N000S-80-S"},{"r":"217","t":"09:47:00","h":"Ouest","s":"25N-H60N000S-98-S"},{"r":"217","t":"09:47:00","h":"Ouest","s":"25N-H60NV10S-98-S"},{"r":"217","t":"09:47:00","h":"Ouest","s":"25N-H60NV20S-98-S"},{"r":"217","t":"09:47:00","h":"Ouest","s":"25S-H60S000S-80-S"},{"r":"217","t":"09:52:00","h":"Ouest","s":"25N-H60N000I-80-I"},{"r":"217","t":"09:52:00","h":"Ouest","s":"25N-H60N100F-81-F1"},{"r":"217","t":"09:52:00","h":"Ouest","s":"25N-H60N200F-81-F2"},{"r":"217","t":"09:52:00","h":"Ouest","s":"25N-H60N300F-82-F3"},{"r":"217","t":"09:52:00","h":"Ouest","s":"25N-H60N400F-81-F4"},{"r":"217","t":"09:52:00","h":"Ouest","s":"25N-H60NV10I-80-I"},{"r":"217","t":"09:52:00","h":"Ouest","s":"25N-H60NV20I-80-I"},{"r":"217","t":"09:52:00","h":"Ouest","s":"25S-H60S000I-80-I"},{"r":"217","t":"09:52:00","h":"Ouest","s":"25S-H60S100F-82-F1"},{"r":"217","t":"09:52:00","h":"Ouest","s":"25S-H60S200F-81-F2"},{"r":"419","t":"09:58:34","h":"Ouest","s":"25N-H60NV10S-98-S"},{"r":"419","t":"09:58:34","h":"Ouest","s":"25N-H60NV20S-98-S"},{"r":"419","t":"10:00:34","h":"Ouest","s":"25N-H60N000S-80-S"},{"r":"419","t":"10:00:34","h":"Ouest","s":"25N-H60N000S-98-S"},{"r":"419","t":"10:00:34","h":"Ouest","s":"25S-H60S000S-80-S"},{"r":"217","t":"10:02:00","h":"Ouest","s":"25N-H60N000A-80-A"},{"r":"217","t":"10:02:00","h":"Ouest","s":"25N-H60NV10A-80-A"},{"r":"217","t":"10:02:00","h":"Ouest","s":"25N-H60NV20A-80-A"},{"r":"217","t":"10:02:00","h":"Ouest","s":"25S-H60S000A-80-A"},{"r":"419","t":"10:19:34","h":"Ouest","s":"25N-H60N000S-80-S"},{"r":"419","t":"10:19:34","h":"Ouest","s":"25N-H60N000S-98-S"},{"r":"419","t":"10:19:34","h":"Ouest","s":"25S-H60S000S-80-S"},{"r":"217","t":"10:20:00","h":"Ouest","s":"25N-H60N000S-80-S"},{"r":"217","t":"10:20:00","h":"Ouest","s":"25N-H60N000S-98-S"},{"r":"217","t":"10:20:00","h":"Ouest","s":"25N-H60NV10S-98-S"},{"r":"217","t":"10:20:00","h":"Ouest","s":"25N-H60NV20S-98-S"},{"r":"217","t":"10:20:00","h":"Ouest","s":"25S-H60S000S-80-S"},{"r":"217","t":"10:25:00","h":"Ouest","s":"25N-H60N000I-80-I"},{"r":"217","t":"10:25:00","h":"Ouest","s":"25N-H60N100F-81-F1"},{"r":"217","t":"10:25:00","h":"Ouest","s":"25N-H60N200F-81-F2"},{"r":"217","t":"10:25:00","h":"Ouest","s":"25N-H60N300F-82-F3"},{"r":"217","t":"10:25:00","h":"Ouest","s":"25N-H60N400F-81-F4"},{"r":"217","t":"10:25:00","h":"Ouest","s":"25N-H60NV10I-80-I"},{"r":"217","t":"10:25:00","h":"Ouest","s":"25N-H60NV20I-80-I"},{"r":"217","t":"10:25:00","h":"Ouest","s":"25S-H60S000I-80-I"},{"r":"217","t":"10:25:00","h":"Ouest","s":"25S-H60S100F-82-F1"},{"r":"217","t":"10:25:00","h":"Ouest","s":"25S-H60S200F-81-F2"},{"r":"419","t":"10:28:34","h":"Ouest","s":"25N-H60NV10S-98-S"},{"r":"419","t":"10:28:34","h":"Ouest","s":"25N-H60NV20S-98-S"},{"r":"217","t":"10:33:00","h":"Ouest","s":"25N-H60N000A-80-A"},{"r":"217","t":"10:33:00","h":"Ouest","s":"25N-H60NV10A-80-A"},{"r":"217","t":"10:33:00","h":"Ouest","s":"25N-H60NV20A-80-A"},{"r":"217","t":"10:33:00","h":"Ouest","s":"25S-H60S000A-80-A"},{"r":"419","t":"10:38:34","h":"Ouest","s":"25N-H60N000S-80-S"},{"r":"419","t":"10:38:34","h":"Ouest","s":"25N-H60N000S-98-S"},{"r":"419","t":"10:38:34","h":"Ouest","s":"25S-H60S000S-80-S"},{"r":"217","t":"10:52:00","h":"Ouest","s":"25N-H60N000S-80-S"},{"r":"217","t":"10:52:00","h":"Ouest","s":"25N-H60N000S-98-S"},{"r":"217","t":"10:52:00","h":"Ouest","s":"25N-H60NV10S-98-S"},{"r":"217","t":"10:52:00","h":"Ouest","s":"25N-H60NV20S-98-S"},{"r":"217","t":"10:52:00","h":"Ouest","s":"25S-H60S000S-80-S"},{"r":"419","t":"10:57:34","h":"Ouest","s":"25N-H60N000S-80-S"},{"r":"419","t":"10:57:34","h":"Ouest","s":"25N-H60N000S-98-S"},{"r":"419","t":"10:57:34","h":"Ouest","s":"25S-H60S000S-80-S"},{"r":"217","t":"10:58:00","h":"Ouest","s":"25N-H60N000I-80-I"},{"r":"217","t":"10:58:00","h":"Ouest","s":"25N-H60N100F-81-F1"},{"r":"217","t":"10:58:00","h":"Ouest","s":"25N-H60N200F-81-F2"},{"r":"217","t":"10:58:00","h":"Ouest","s":"25N-H60N300F-82-F3"},{"r":"217","t":"10:58:00","h":"Ouest","s":"25N-H60N400F-81-F4"},{"r":"217","t":"10:58:00","h":"Ouest","s":"25N-H60NV10I-80-I"},{"r":"217","t":"10:58:00","h":"Ouest","s":"25N-H60NV20I-80-I"},{"r":"217","t":"10:58:00","h":"Ouest","s":"25S-H60S000I-80-I"},{"r":"217","t":"10:58:00","h":"Ouest","s":"25S-H60S100F-82-F1"},{"r":"217","t":"10:58:00","h":"Ouest","s":"25S-H60S200F-81-F2"},{"r":"419","t":"10:58:34","h":"Ouest","s":"25N-H60NV10S-98-S"},{"r":"419","t":"10:58:34","h":"Ouest","s":"25N-H60NV20S-98-S"},{"r":"217","t":"11:05:00","h":"Ouest","s":"25N-H60N000A-80-A"},{"r":"217","t":"11:05:00","h":"Ouest","s":"25N-H60NV10A-80-A"},{"r":"217","t":"11:05:00","h":"Ouest","s":"25N-H60NV20A-80-A"},{"r":"217","t":"11:05:00","h":"Ouest","s":"25S-H60S000A-80-A"},{"r":"419","t":"11:16:34","h":"Ouest","s":"25N-H60N000S-80-S"},{"r":"419","t":"11:16:34","h":"Ouest","s":"25N-H60N000S-98-S"},{"r":"419","t":"11:16:34","h":"Ouest","s":"25S-H60S000S-80-S"},{"r":"217","t":"11:24:00","h":"Ouest","s":"25N-H60N000S-80-S"},{"r":"217","t":"11:24:00","h":"Ouest","s":"25N-H60N000S-98-S"},{"r":"217","t":"11:24:00","h":"Ouest","s":"25N-H60NV10S-98-S"},{"r":"217","t":"11:24:00","h":"Ouest","s":"25N-H60NV20S-98-S"},{"r":"217","t":"11:24:00","h":"Ouest","s":"25S-H60S000S-80-S"},{"r":"419","t":"11:28:34","h":"Ouest","s":"25N-H60NV10S-98-S"},{"r":"419","t":"11:28:34","h":"Ouest","s":"25N-H60NV20S-98-S"},{"r":"217","t":"11:30:00","h":"Ouest","s":"25N-H60N000I-80-I"},{"r":"217","t":"11:30:00","h":"Ouest","s":"25N-H60N100F-81-F1"},{"r":"217","t":"11:30:00","h":"Ouest","s":"25N-H60N200F-81-F2"},{"r":"217","t":"11:30:00","h":"Ouest","s":"25N-H60N300F-82-F3"},{"r":"217","t":"11:30:00","h":"Ouest","s":"25N-H60N400F-81-F4"},{"r":"217","t":"11:30:00","h":"Ouest","s":"25N-H60NV10I-80-I"},{"r":"217","t":"11:30:00","h":"Ouest","s":"25N-H60NV20I-80-I"},{"r":"217","t":"11:30:00","h":"Ouest","s":"25S-H60S000I-80-I"},{"r":"217","t":"11:30:00","h":"Ouest","s":"25S-H60S100F-82-F1"},{"r":"217","t":"11:30:00","h":"Ouest","s":"25S-H60S200F-81-F2"},{"r":"419","t":"11:35:34","h":"Ouest","s":"25N-H60N000S-80-S"},{"r":"419","t":"11:35:34","h":"Ouest","s":"25N-H60N000S-98-S"},{"r":"419","t":"11:35:34","h":"Ouest","s":"25S-H60S000S-80-S"},{"r":"217","t":"11:37:00","h":"Ouest","s":"25N-H60N000A-80-A"},{"r":"217","t":"11:37:00","h":"Ouest","s":"25N-H60NV10A-80-A"},{"r":"217","t":"11:37:00","h":"Ouest","s":"25N-H60NV20A-80-A"},{"r":"217","t":"11:37:00","h":"Ouest","s":"25S-H60S000A-80-A"},{"r":"217","t":"11:56:00","h":"Ouest","s":"25N-H60N000S-80-S"},{"r":"217","t":"11:56:00","h":"Ouest","s":"25N-H60N000S-98-S"},{"r":"217","t":"11:56:00","h":"Ouest","s":"25N-H60NV10S-98-S"},{"r":"217","t":"11:56:00","h":"Ouest","s":"25N-H60NV20S-98-S"},{"r":"217","t":"11:56:00","h":"Ouest","s":"25S-H60S000S-80-S"},{"r":"419","t":"11:59:34","h":"Ouest","s":"25N-H60N000S-80-S"},{"r":"419","t":"11:59:34","h":"Ouest","s":"25N-H60N000S-98-S"},{"r":"419","t":"11:59:34","h":"Ouest","s":"25N-H60NV10S-98-S"},{"r":"419","t":"11:59:34","h":"Ouest","s":"25N-H60NV20S-98-S"},{"r":"419","t":"11:59:34","h":"Ouest","s":"25S-H60S000S-80-S"},{"r":"217","t":"12:01:00","h":"Ouest","s":"25N-H60N000I-80-I"},{"r":"217","t":"12:01:00","h":"Ouest","s":"25N-H60N100F-81-F1"},{"r":"217","t":"12:01:00","h":"Ouest","s":"25N-H60N200F-81-F2"},{"r":"217","t":"12:01:00","h":"Ouest","s":"25N-H60N300F-82-F3"},{"r":"217","t":"12:01:00","h":"Ouest","s":"25N-H60N400F-81-F4"},{"r":"217","t":"12:01:00","h":"Ouest","s":"25N-H60NV10I-80-I"},{"r":"217","t":"12:01:00","h":"Ouest","s":"25N-H60NV20I-80-I"},{"r":"217","t":"12:01:00","h":"Ouest","s":"25S-H60S000I-80-I"},{"r":"217","t":"12:01:00","h":"Ouest","s":"25S-H60S100F-82-F1"},{"r":"217","t":"12:01:00","h":"Ouest","s":"25S-H60S200F-81-F2"},{"r":"217","t":"12:09:00","h":"Ouest","s":"25N-H60N000A-80-A"},{"r":"217","t":"12:09:00","h":"Ouest","s":"25N-H60NV10A-80-A"},{"r":"217","t":"12:09:00","h":"Ouest","s":"25N-H60NV20A-80-A"},{"r":"217","t":"12:09:00","h":"Ouest","s":"25S-H60S000A-80-A"},{"r":"217","t":"12:28:00","h":"Ouest","s":"25N-H60N000S-80-S"},{"r":"217","t":"12:28:00","h":"Ouest","s":"25N-H60N000S-98-S"},{"r":"217","t":"12:28:00","h":"Ouest","s":"25N-H60NV10S-98-S"},{"r":"217","t":"12:28:00","h":"Ouest","s":"25N-H60NV20S-98-S"},{"r":"217","t":"12:28:00","h":"Ouest","s":"25S-H60S000S-80-S"},{"r":"419","t":"12:30:34","h":"Ouest","s":"25N-H60N000S-80-S"},{"r":"419","t":"12:30:34","h":"Ouest","s":"25N-H60N000S-98-S"},{"r":"419","t":"12:30:34","h":"Ouest","s":"25N-H60NV10S-98-S"},{"r":"419","t":"12:30:34","h":"Ouest","s":"25N-H60NV20S-98-S"},{"r":"419","t":"12:30:34","h":"Ouest","s":"25S-H60S000S-80-S"},{"r":"217","t":"12:33:00","h":"Ouest","s":"25N-H60N000I-80-I"},{"r":"217","t":"12:33:00","h":"Ouest","s":"25N-H60N100F-81-F1"},{"r":"217","t":"12:33:00","h":"Ouest","s":"25N-H60N200F-81-F2"},{"r":"217","t":"12:33:00","h":"Ouest","s":"25N-H60N300F-82-F3"},{"r":"217","t":"12:33:00","h":"Ouest","s":"25N-H60N400F-81-F4"},{"r":"217","t":"12:33:00","h":"Ouest","s":"25N-H60NV10I-80-I"},{"r":"217","t":"12:33:00","h":"Ouest","s":"25N-H60NV20I-80-I"},{"r":"217","t":"12:33:00","h":"Ouest","s":"25S-H60S000I-80-I"},{"r":"217","t":"12:33:00","h":"Ouest","s":"25S-H60S100F-82-F1"},{"r":"217","t":"12:33:00","h":"Ouest","s":"25S-H60S200F-81-F2"},{"r":"217","t":"12:41:00","h":"Ouest","s":"25N-H60N000A-80-A"},{"r":"217","t":"12:41:00","h":"Ouest","s":"25N-H60NV10A-80-A"},{"r":"217","t":"12:41:00","h":"Ouest","s":"25N-H60NV20A-80-A"},{"r":"217","t":"12:41:00","h":"Ouest","s":"25S-H60S000A-80-A"},{"r":"217","t":"12:59:00","h":"Ouest","s":"25N-H60N000S-80-S"},{"r":"217","t":"12:59:00","h":"Ouest","s":"25N-H60N000S-98-S"},{"r":"217","t":"12:59:00","h":"Ouest","s":"25N-H60NV10S-98-S"},{"r":"217","t":"12:59:00","h":"Ouest","s":"25N-H60NV20S-98-S"},{"r":"217","t":"12:59:00","h":"Ouest","s":"25S-H60S000S-80-S"},{"r":"419","t":"13:01:34","h":"Ouest","s":"25N-H60N000S-80-S"},{"r":"419","t":"13:01:34","h":"Ouest","s":"25N-H60N000S-98-S"},{"r":"419","t":"13:01:34","h":"Ouest","s":"25N-H60NV10S-98-S"},{"r":"419","t":"13:01:34","h":"Ouest","s":"25N-H60NV20S-98-S"},{"r":"419","t":"13:01:34","h":"Ouest","s":"25S-H60S000S-80-S"},{"r":"217","t":"13:05:00","h":"Ouest","s":"25N-H60N000I-80-I"},{"r":"217","t":"13:05:00","h":"Ouest","s":"25N-H60N100F-81-F1"},{"r":"217","t":"13:05:00","h":"Ouest","s":"25N-H60N200F-81-F2"},{"r":"217","t":"13:05:00","h":"Ouest","s":"25N-H60N300F-82-F3"},{"r":"217","t":"13:05:00","h":"Ouest","s":"25N-H60N400F-81-F4"},{"r":"217","t":"13:05:00","h":"Ouest","s":"25N-H60NV10I-80-I"},{"r":"217","t":"13:05:00","h":"Ouest","s":"25N-H60NV20I-80-I"},{"r":"217","t":"13:05:00","h":"Ouest","s":"25S-H60S000I-80-I"},{"r":"217","t":"13:05:00","h":"Ouest","s":"25S-H60S100F-82-F1"},{"r":"217","t":"13:05:00","h":"Ouest","s":"25S-H60S200F-81-F2"},{"r":"217","t":"13:14:00","h":"Ouest","s":"25N-H60N000A-80-A"},{"r":"217","t":"13:14:00","h":"Ouest","s":"25N-H60NV10A-80-A"},{"r":"217","t":"13:14:00","h":"Ouest","s":"25N-H60NV20A-80-A"},{"r":"217","t":"13:14:00","h":"Ouest","s":"25S-H60S000A-80-A"},{"r":"217","t":"13:31:00","h":"Ouest","s":"25N-H60N000S-80-S"},{"r":"217","t":"13:31:00","h":"Ouest","s":"25N-H60N000S-98-S"},{"r":"217","t":"13:31:00","h":"Ouest","s":"25N-H60NV10S-98-S"},{"r":"217","t":"13:31:00","h":"Ouest","s":"25N-H60NV20S-98-S"},{"r":"217","t":"13:31:00","h":"Ouest","s":"25S-H60S000S-80-S"},{"r":"419","t":"13:31:34","h":"Ouest","s":"25N-H60N000S-80-S"},{"r":"419","t":"13:31:34","h":"Ouest","s":"25N-H60N000S-98-S"},{"r":"419","t":"13:31:34","h":"Ouest","s":"25S-H60S000S-80-S"},{"r":"419","t":"13:32:34","h":"Ouest","s":"25N-H60NV10S-98-S"},{"r":"419","t":"13:32:34","h":"Ouest","s":"25N-H60NV20S-98-S"},{"r":"217","t":"13:38:00","h":"Ouest","s":"25N-H60N000I-80-I"},{"r":"217","t":"13:38:00","h":"Ouest","s":"25N-H60N100F-81-F1"},{"r":"217","t":"13:38:00","h":"Ouest","s":"25N-H60N200F-81-F2"},{"r":"217","t":"13:38:00","h":"Ouest","s":"25N-H60N300F-82-F3"},{"r":"217","t":"13:38:00","h":"Ouest","s":"25N-H60N400F-81-F4"},{"r":"217","t":"13:38:00","h":"Ouest","s":"25N-H60NV10I-80-I"},{"r":"217","t":"13:38:00","h":"Ouest","s":"25N-H60NV20I-80-I"},{"r":"217","t":"13:38:00","h":"Ouest","s":"25S-H60S000I-80-I"},{"r":"217","t":"13:38:00","h":"Ouest","s":"25S-H60S100F-82-F1"},{"r":"217","t":"13:38:00","h":"Ouest","s":"25S-H60S200F-81-F2"},{"r":"217","t":"13:47:00","h":"Ouest","s":"25N-H60N000A-80-A"},{"r":"217","t":"13:47:00","h":"Ouest","s":"25N-H60NV10A-80-A"},{"r":"217","t":"13:47:00","h":"Ouest","s":"25N-H60NV20A-80-A"},{"r":"217","t":"13:47:00","h":"Ouest","s":"25S-H60S000A-80-A"},{"r":"419","t":"14:02:34","h":"Ouest","s":"25N-H60N000S-80-S"},{"r":"419","t":"14:02:34","h":"Ouest","s":"25N-H60N000S-98-S"},{"r":"419","t":"14:02:34","h":"Ouest","s":"25S-H60S000S-80-S"},{"r":"419","t":"14:03:34","h":"Ouest","s":"25N-H60NV10S-98-S"},{"r":"419","t":"14:03:34","h":"Ouest","s":"25N-H60NV20S-98-S"},{"r":"217","t":"14:04:00","h":"Ouest","s":"25N-H60N000S-80-S"},{"r":"217","t":"14:04:00","h":"Ouest","s":"25N-H60N000S-98-S"},{"r":"217","t":"14:04:00","h":"Ouest","s":"25N-H60NV10S-98-S"},{"r":"217","t":"14:04:00","h":"Ouest","s":"25N-H60NV20S-98-S"},{"r":"217","t":"14:04:00","h":"Ouest","s":"25S-H60S000S-80-S"},{"r":"217","t":"14:10:00","h":"Ouest","s":"25N-H60N000I-80-I"},{"r":"217","t":"14:10:00","h":"Ouest","s":"25N-H60N100F-81-F1"},{"r":"217","t":"14:10:00","h":"Ouest","s":"25N-H60N200F-81-F2"},{"r":"217","t":"14:10:00","h":"Ouest","s":"25N-H60N300F-82-F3"},{"r":"217","t":"14:10:00","h":"Ouest","s":"25N-H60N400F-81-F4"},{"r":"217","t":"14:10:00","h":"Ouest","s":"25N-H60NV10I-80-I"},{"r":"217","t":"14:10:00","h":"Ouest","s":"25N-H60NV20I-80-I"},{"r":"217","t":"14:10:00","h":"Ouest","s":"25S-H60S000I-80-I"},{"r":"217","t":"14:10:00","h":"Ouest","s":"25S-H60S100F-82-F1"},{"r":"217","t":"14:10:00","h":"Ouest","s":"25S-H60S200F-81-F2"},{"r":"217","t":"14:19:00","h":"Ouest","s":"25N-H60N000A-80-A"},{"r":"217","t":"14:19:00","h":"Ouest","s":"25N-H60NV10A-80-A"},{"r":"217","t":"14:19:00","h":"Ouest","s":"25N-H60NV20A-80-A"},{"r":"217","t":"14:19:00","h":"Ouest","s":"25S-H60S000A-80-A"},{"r":"419","t":"14:33:34","h":"Ouest","s":"25N-H60N000S-80-S"},{"r":"419","t":"14:33:34","h":"Ouest","s":"25N-H60N000S-98-S"},{"r":"419","t":"14:33:34","h":"Ouest","s":"25S-H60S000S-80-S"},{"r":"419","t":"14:34:34","h":"Ouest","s":"25N-H60NV10S-98-S"},{"r":"419","t":"14:34:34","h":"Ouest","s":"25N-H60NV20S-98-S"},{"r":"217","t":"14:37:00","h":"Ouest","s":"25N-H60N000S-80-S"},{"r":"217","t":"14:37:00","h":"Ouest","s":"25N-H60N000S-98-S"},{"r":"217","t":"14:37:00","h":"Ouest","s":"25N-H60NV10S-98-S"},{"r":"217","t":"14:37:00","h":"Ouest","s":"25N-H60NV20S-98-S"},{"r":"217","t":"14:37:00","h":"Ouest","s":"25S-H60S000S-80-S"},{"r":"217","t":"14:42:00","h":"Ouest","s":"25N-H60N000I-80-I"},{"r":"217","t":"14:42:00","h":"Ouest","s":"25N-H60N100F-81-F1"},{"r":"217","t":"14:42:00","h":"Ouest","s":"25N-H60N200F-81-F2"},{"r":"217","t":"14:42:00","h":"Ouest","s":"25N-H60N300F-82-F3"},{"r":"217","t":"14:42:00","h":"Ouest","s":"25N-H60N400F-81-F4"},{"r":"217","t":"14:42:00","h":"Ouest","s":"25N-H60NV10I-80-I"},{"r":"217","t":"14:42:00","h":"Ouest","s":"25N-H60NV20I-80-I"},{"r":"217","t":"14:42:00","h":"Ouest","s":"25S-H60S000I-80-I"},{"r":"217","t":"14:42:00","h":"Ouest","s":"25S-H60S100F-82-F1"},{"r":"217","t":"14:42:00","h":"Ouest","s":"25S-H60S200F-81-F2"},{"r":"217","t":"14:51:00","h":"Ouest","s":"25N-H60N000A-80-A"},{"r":"217","t":"14:51:00","h":"Ouest","s":"25N-H60NV10A-80-A"},{"r":"217","t":"14:51:00","h":"Ouest","s":"25N-H60NV20A-80-A"},{"r":"217","t":"14:51:00","h":"Ouest","s":"25S-H60S000A-80-A"},{"r":"419","t":"15:05:34","h":"Ouest","s":"25N-H60N000S-80-S"},{"r":"419","t":"15:05:34","h":"Ouest","s":"25N-H60N000S-98-S"},{"r":"419","t":"15:05:34","h":"Ouest","s":"25N-H60NV10S-98-S"},{"r":"419","t":"15:05:34","h":"Ouest","s":"25N-H60NV20S-98-S"},{"r":"419","t":"15:05:34","h":"Ouest","s":"25S-H60S000S-80-S"},{"r":"219","t":"15:09:04","h":"Ouest","s":"25N-H60N000S-80-S"},{"r":"219","t":"15:09:04","h":"Ouest","s":"25N-H60N000S-98-S"},{"r":"219","t":"15:09:04","h":"Ouest","s":"25N-H60N200F-81-F2"},{"r":"219","t":"15:09:04","h":"Ouest","s":"25N-H60N400F-81-F4"},{"r":"219","t":"15:09:04","h":"Ouest","s":"25N-H60NV10S-98-S"},{"r":"219","t":"15:09:04","h":"Ouest","s":"25N-H60NV20S-98-S"},{"r":"219","t":"15:09:04","h":"Ouest","s":"25S-H60S000S-80-S"},{"r":"217","t":"15:11:00","h":"Ouest","s":"25N-H60N000S-80-S"},{"r":"217","t":"15:11:00","h":"Ouest","s":"25N-H60N000S-98-S"},{"r":"217","t":"15:11:00","h":"Ouest","s":"25N-H60NV10S-98-S"},{"r":"217","t":"15:11:00","h":"Ouest","s":"25N-H60NV20S-98-S"},{"r":"217","t":"15:11:00","h":"Ouest","s":"25S-H60S000S-80-S"},{"r":"217","t":"15:14:00","h":"Ouest","s":"25N-H60N000I-80-I"},{"r":"217","t":"15:14:00","h":"Ouest","s":"25N-H60N100F-81-F1"},{"r":"217","t":"15:14:00","h":"Ouest","s":"25N-H60N200F-81-F2"},{"r":"217","t":"15:14:00","h":"Ouest","s":"25N-H60N300F-82-F3"},{"r":"217","t":"15:14:00","h":"Ouest","s":"25N-H60N400F-81-F4"},{"r":"217","t":"15:14:00","h":"Ouest","s":"25N-H60NV10I-80-I"},{"r":"217","t":"15:14:00","h":"Ouest","s":"25N-H60NV20I-80-I"},{"r":"217","t":"15:14:00","h":"Ouest","s":"25S-H60S000I-80-I"},{"r":"217","t":"15:14:00","h":"Ouest","s":"25S-H60S100F-82-F1"},{"r":"217","t":"15:14:00","h":"Ouest","s":"25S-H60S200F-81-F2"},{"r":"217","t":"15:24:00","h":"Ouest","s":"25N-H60N000A-80-A"},{"r":"217","t":"15:24:00","h":"Ouest","s":"25N-H60NV10A-80-A"},{"r":"217","t":"15:24:00","h":"Ouest","s":"25N-H60NV20A-80-A"},{"r":"217","t":"15:24:00","h":"Ouest","s":"25S-H60S000A-80-A"},{"r":"419","t":"15:36:34","h":"Ouest","s":"25N-H60N000S-80-S"},{"r":"419","t":"15:36:34","h":"Ouest","s":"25N-H60N000S-98-S"},{"r":"419","t":"15:36:34","h":"Ouest","s":"25N-H60NV10S-98-S"},{"r":"419","t":"15:36:34","h":"Ouest","s":"25N-H60NV20S-98-S"},{"r":"419","t":"15:36:34","h":"Ouest","s":"25S-H60S000S-80-S"},{"r":"217","t":"15:43:00","h":"Ouest","s":"25N-H60N000S-80-S"},{"r":"217","t":"15:43:00","h":"Ouest","s":"25N-H60N000S-98-S"},{"r":"217","t":"15:43:00","h":"Ouest","s":"25N-H60NV10S-98-S"},{"r":"217","t":"15:43:00","h":"Ouest","s":"25N-H60NV20S-98-S"},{"r":"217","t":"15:43:00","h":"Ouest","s":"25S-H60S000S-80-S"},{"r":"217","t":"15:46:00","h":"Ouest","s":"25N-H60N000I-80-I"},{"r":"217","t":"15:46:00","h":"Ouest","s":"25N-H60N100F-81-F1"},{"r":"217","t":"15:46:00","h":"Ouest","s":"25N-H60N200F-81-F2"},{"r":"217","t":"15:46:00","h":"Ouest","s":"25N-H60N300F-82-F3"},{"r":"217","t":"15:46:00","h":"Ouest","s":"25N-H60N400F-81-F4"},{"r":"217","t":"15:46:00","h":"Ouest","s":"25N-H60NV10I-80-I"},{"r":"217","t":"15:46:00","h":"Ouest","s":"25N-H60NV20I-80-I"},{"r":"217","t":"15:46:00","h":"Ouest","s":"25S-H60S000I-80-I"},{"r":"217","t":"15:46:00","h":"Ouest","s":"25S-H60S100F-82-F1"},{"r":"217","t":"15:46:00","h":"Ouest","s":"25S-H60S200F-81-F2"},{"r":"219","t":"15:48:04","h":"Ouest","s":"25N-H60N000S-80-S"},{"r":"219","t":"15:48:04","h":"Ouest","s":"25N-H60N000S-98-S"},{"r":"219","t":"15:48:04","h":"Ouest","s":"25N-H60N200F-81-F2"},{"r":"219","t":"15:48:04","h":"Ouest","s":"25N-H60N400F-81-F4"},{"r":"219","t":"15:48:04","h":"Ouest","s":"25N-H60NV10S-98-S"},{"r":"219","t":"15:48:04","h":"Ouest","s":"25N-H60NV20S-98-S"},{"r":"219","t":"15:48:04","h":"Ouest","s":"25S-H60S000S-80-S"},{"r":"217","t":"15:56:00","h":"Ouest","s":"25N-H60N000A-80-A"},{"r":"217","t":"15:56:00","h":"Ouest","s":"25N-H60NV10A-80-A"},{"r":"217","t":"15:56:00","h":"Ouest","s":"25N-H60NV20A-80-A"},{"r":"217","t":"15:56:00","h":"Ouest","s":"25S-H60S000A-80-A"},{"r":"419","t":"16:07:34","h":"Ouest","s":"25N-H60N000S-80-S"},{"r":"419","t":"16:07:34","h":"Ouest","s":"25N-H60N000S-98-S"},{"r":"419","t":"16:07:34","h":"Ouest","s":"25N-H60NV10S-98-S"},{"r":"419","t":"16:07:34","h":"Ouest","s":"25N-H60NV20S-98-S"},{"r":"419","t":"16:07:34","h":"Ouest","s":"25S-H60S000S-80-S"},{"r":"217","t":"16:09:00","h":"Ouest","s":"25N-H60N000S-80-S"},{"r":"217","t":"16:09:00","h":"Ouest","s":"25N-H60N000S-98-S"},{"r":"217","t":"16:09:00","h":"Ouest","s":"25N-H60NV10S-98-S"},{"r":"217","t":"16:09:00","h":"Ouest","s":"25N-H60NV20S-98-S"},{"r":"217","t":"16:09:00","h":"Ouest","s":"25S-H60S000S-80-S"},{"r":"219","t":"16:14:04","h":"Ouest","s":"25N-H60N000S-80-S"},{"r":"219","t":"16:14:04","h":"Ouest","s":"25N-H60N000S-98-S"},{"r":"219","t":"16:14:04","h":"Ouest","s":"25N-H60N200F-81-F2"},{"r":"219","t":"16:14:04","h":"Ouest","s":"25N-H60N400F-81-F4"},{"r":"219","t":"16:14:04","h":"Ouest","s":"25N-H60NV10S-98-S"},{"r":"219","t":"16:14:04","h":"Ouest","s":"25N-H60NV20S-98-S"},{"r":"219","t":"16:14:04","h":"Ouest","s":"25S-H60S000S-80-S"},{"r":"217","t":"16:18:00","h":"Ouest","s":"25N-H60N000I-80-I"},{"r":"217","t":"16:18:00","h":"Ouest","s":"25N-H60N100F-81-F1"},{"r":"217","t":"16:18:00","h":"Ouest","s":"25N-H60N200F-81-F2"},{"r":"217","t":"16:18:00","h":"Ouest","s":"25N-H60N300F-82-F3"},{"r":"217","t":"16:18:00","h":"Ouest","s":"25N-H60N400F-81-F4"},{"r":"217","t":"16:18:00","h":"Ouest","s":"25N-H60NV10I-80-I"},{"r":"217","t":"16:18:00","h":"Ouest","s":"25N-H60NV20I-80-I"},{"r":"217","t":"16:18:00","h":"Ouest","s":"25S-H60S000I-80-I"},{"r":"217","t":"16:18:00","h":"Ouest","s":"25S-H60S100F-82-F1"},{"r":"217","t":"16:18:00","h":"Ouest","s":"25S-H60S200F-81-F2"},{"r":"217","t":"16:29:00","h":"Ouest","s":"25N-H60N000A-80-A"},{"r":"217","t":"16:29:00","h":"Ouest","s":"25N-H60NV10A-80-A"},{"r":"217","t":"16:29:00","h":"Ouest","s":"25N-H60NV20A-80-A"},{"r":"217","t":"16:29:00","h":"Ouest","s":"25S-H60S000A-80-A"},{"r":"419","t":"16:38:34","h":"Ouest","s":"25N-H60N000S-80-S"},{"r":"419","t":"16:38:34","h":"Ouest","s":"25N-H60N000S-98-S"},{"r":"419","t":"16:38:34","h":"Ouest","s":"25N-H60NV10S-98-S"},{"r":"419","t":"16:38:34","h":"Ouest","s":"25N-H60NV20S-98-S"},{"r":"419","t":"16:38:34","h":"Ouest","s":"25S-H60S000S-80-S"},{"r":"217","t":"16:42:00","h":"Ouest","s":"25N-H60N000S-80-S"},{"r":"217","t":"16:42:00","h":"Ouest","s":"25N-H60N000S-98-S"},{"r":"217","t":"16:42:00","h":"Ouest","s":"25N-H60NV10S-98-S"},{"r":"217","t":"16:42:00","h":"Ouest","s":"25N-H60NV20S-98-S"},{"r":"217","t":"16:42:00","h":"Ouest","s":"25S-H60S000S-80-S"},{"r":"217","t":"16:50:00","h":"Ouest","s":"25N-H60N000I-80-I"},{"r":"217","t":"16:50:00","h":"Ouest","s":"25N-H60N100F-81-F1"},{"r":"217","t":"16:50:00","h":"Ouest","s":"25N-H60N200F-81-F2"},{"r":"217","t":"16:50:00","h":"Ouest","s":"25N-H60N300F-82-F3"},{"r":"217","t":"16:50:00","h":"Ouest","s":"25N-H60N400F-81-F4"},{"r":"217","t":"16:50:00","h":"Ouest","s":"25N-H60NV10I-80-I"},{"r":"217","t":"16:50:00","h":"Ouest","s":"25N-H60NV20I-80-I"},{"r":"217","t":"16:50:00","h":"Ouest","s":"25S-H60S000I-80-I"},{"r":"217","t":"16:50:00","h":"Ouest","s":"25S-H60S100F-82-F1"},{"r":"217","t":"16:50:00","h":"Ouest","s":"25S-H60S200F-81-F2"},{"r":"219","t":"16:54:04","h":"Ouest","s":"25N-H60N000S-80-S"},{"r":"219","t":"16:54:04","h":"Ouest","s":"25N-H60N000S-98-S"},{"r":"219","t":"16:54:04","h":"Ouest","s":"25N-H60N200F-81-F2"},{"r":"219","t":"16:54:04","h":"Ouest","s":"25N-H60N400F-81-F4"},{"r":"219","t":"16:54:04","h":"Ouest","s":"25N-H60NV10S-98-S"},{"r":"219","t":"16:54:04","h":"Ouest","s":"25N-H60NV20S-98-S"},{"r":"219","t":"16:54:04","h":"Ouest","s":"25S-H60S000S-80-S"},{"r":"217","t":"17:00:00","h":"Ouest","s":"25N-H60N000A-80-A"},{"r":"217","t":"17:00:00","h":"Ouest","s":"25N-H60NV10A-80-A"},{"r":"217","t":"17:00:00","h":"Ouest","s":"25N-H60NV20A-80-A"},{"r":"217","t":"17:00:00","h":"Ouest","s":"25S-H60S000A-80-A"},{"r":"419","t":"17:10:34","h":"Ouest","s":"25N-H60N000S-80-S"},{"r":"419","t":"17:10:34","h":"Ouest","s":"25N-H60N000S-98-S"},{"r":"419","t":"17:10:34","h":"Ouest","s":"25N-H60NV10S-98-S"},{"r":"419","t":"17:10:34","h":"Ouest","s":"25N-H60NV20S-98-S"},{"r":"419","t":"17:10:34","h":"Ouest","s":"25S-H60S000S-80-S"},{"r":"217","t":"17:18:00","h":"Ouest","s":"25N-H60N000S-80-S"},{"r":"217","t":"17:18:00","h":"Ouest","s":"25N-H60N000S-98-S"},{"r":"217","t":"17:18:00","h":"Ouest","s":"25N-H60NV10S-98-S"},{"r":"217","t":"17:18:00","h":"Ouest","s":"25N-H60NV20S-98-S"},{"r":"217","t":"17:18:00","h":"Ouest","s":"25S-H60S000S-80-S"},{"r":"217","t":"17:22:00","h":"Ouest","s":"25N-H60N000I-80-I"},{"r":"217","t":"17:22:00","h":"Ouest","s":"25N-H60N100F-81-F1"},{"r":"217","t":"17:22:00","h":"Ouest","s":"25N-H60N200F-81-F2"},{"r":"217","t":"17:22:00","h":"Ouest","s":"25N-H60N300F-82-F3"},{"r":"217","t":"17:22:00","h":"Ouest","s":"25N-H60N400F-81-F4"},{"r":"217","t":"17:22:00","h":"Ouest","s":"25N-H60NV10I-80-I"},{"r":"217","t":"17:22:00","h":"Ouest","s":"25N-H60NV20I-80-I"},{"r":"217","t":"17:22:00","h":"Ouest","s":"25S-H60S000I-80-I"},{"r":"217","t":"17:22:00","h":"Ouest","s":"25S-H60S100F-82-F1"},{"r":"217","t":"17:22:00","h":"Ouest","s":"25S-H60S200F-81-F2"},{"r":"219","t":"17:27:04","h":"Ouest","s":"25N-H60N000S-80-S"},{"r":"219","t":"17:27:04","h":"Ouest","s":"25N-H60N000S-98-S"},{"r":"219","t":"17:27:04","h":"Ouest","s":"25N-H60N200F-81-F2"},{"r":"219","t":"17:27:04","h":"Ouest","s":"25N-H60N400F-81-F4"},{"r":"219","t":"17:27:04","h":"Ouest","s":"25N-H60NV10S-98-S"},{"r":"219","t":"17:27:04","h":"Ouest","s":"25N-H60NV20S-98-S"},{"r":"219","t":"17:27:04","h":"Ouest","s":"25S-H60S000S-80-S"},{"r":"217","t":"17:33:00","h":"Ouest","s":"25N-H60N000A-80-A"},{"r":"217","t":"17:33:00","h":"Ouest","s":"25N-H60NV10A-80-A"},{"r":"217","t":"17:33:00","h":"Ouest","s":"25N-H60NV20A-80-A"},{"r":"217","t":"17:33:00","h":"Ouest","s":"25S-H60S000A-80-A"},{"r":"419","t":"17:33:34","h":"Ouest","s":"25N-H60N000S-80-S"},{"r":"419","t":"17:33:34","h":"Ouest","s":"25N-H60N000S-98-S"},{"r":"419","t":"17:33:34","h":"Ouest","s":"25N-H60NV10S-98-S"},{"r":"419","t":"17:33:34","h":"Ouest","s":"25N-H60NV20S-98-S"},{"r":"419","t":"17:33:34","h":"Ouest","s":"25S-H60S000S-80-S"},{"r":"217","t":"17:42:00","h":"Ouest","s":"25N-H60N000S-80-S"},{"r":"217","t":"17:42:00","h":"Ouest","s":"25N-H60N000S-98-S"},{"r":"217","t":"17:42:00","h":"Ouest","s":"25N-H60NV10S-98-S"},{"r":"217","t":"17:42:00","h":"Ouest","s":"25N-H60NV20S-98-S"},{"r":"217","t":"17:42:00","h":"Ouest","s":"25S-H60S000S-80-S"},{"r":"217","t":"17:54:00","h":"Ouest","s":"25N-H60N000I-80-I"},{"r":"217","t":"17:54:00","h":"Ouest","s":"25N-H60N100F-81-F1"},{"r":"217","t":"17:54:00","h":"Ouest","s":"25N-H60N200F-81-F2"},{"r":"217","t":"17:54:00","h":"Ouest","s":"25N-H60N300F-82-F3"},{"r":"217","t":"17:54:00","h":"Ouest","s":"25N-H60N400F-81-F4"},{"r":"217","t":"17:54:00","h":"Ouest","s":"25N-H60NV10I-80-I"},{"r":"217","t":"17:54:00","h":"Ouest","s":"25N-H60NV20I-80-I"},{"r":"217","t":"17:54:00","h":"Ouest","s":"25S-H60S000I-80-I"},{"r":"217","t":"17:54:00","h":"Ouest","s":"25S-H60S100F-82-F1"},{"r":"217","t":"17:54:00","h":"Ouest","s":"25S-H60S200F-81-F2"},{"r":"419","t":"17:56:34","h":"Ouest","s":"25N-H60N000S-80-S"},{"r":"419","t":"17:56:34","h":"Ouest","s":"25N-H60N000S-98-S"},{"r":"419","t":"17:56:34","h":"Ouest","s":"25N-H60NV10S-98-S"},{"r":"419","t":"17:56:34","h":"Ouest","s":"25N-H60NV20S-98-S"},{"r":"419","t":"17:56:34","h":"Ouest","s":"25S-H60S000S-80-S"},{"r":"217","t":"17:58:00","h":"Ouest","s":"25N-H60N000S-80-S"},{"r":"217","t":"17:58:00","h":"Ouest","s":"25N-H60N000S-98-S"},{"r":"217","t":"17:58:00","h":"Ouest","s":"25N-H60NV10S-98-S"},{"r":"217","t":"17:58:00","h":"Ouest","s":"25N-H60NV20S-98-S"},{"r":"217","t":"17:58:00","h":"Ouest","s":"25S-H60S000S-80-S"},{"r":"219","t":"18:00:04","h":"Ouest","s":"25N-H60N000S-80-S"},{"r":"219","t":"18:00:04","h":"Ouest","s":"25N-H60N000S-98-S"},{"r":"219","t":"18:00:04","h":"Ouest","s":"25N-H60N200F-81-F2"},{"r":"219","t":"18:00:04","h":"Ouest","s":"25N-H60N400F-81-F4"},{"r":"219","t":"18:00:04","h":"Ouest","s":"25N-H60NV10S-98-S"},{"r":"219","t":"18:00:04","h":"Ouest","s":"25N-H60NV20S-98-S"},{"r":"219","t":"18:00:04","h":"Ouest","s":"25S-H60S000S-80-S"},{"r":"217","t":"18:04:00","h":"Ouest","s":"25N-H60N000A-80-A"},{"r":"217","t":"18:04:00","h":"Ouest","s":"25N-H60NV10A-80-A"},{"r":"217","t":"18:04:00","h":"Ouest","s":"25N-H60NV20A-80-A"},{"r":"217","t":"18:04:00","h":"Ouest","s":"25S-H60S000A-80-A"},{"r":"217","t":"18:17:00","h":"Ouest","s":"25N-H60N000S-80-S"},{"r":"217","t":"18:17:00","h":"Ouest","s":"25N-H60N000S-98-S"},{"r":"217","t":"18:17:00","h":"Ouest","s":"25N-H60NV10S-98-S"},{"r":"217","t":"18:17:00","h":"Ouest","s":"25N-H60NV20S-98-S"},{"r":"217","t":"18:17:00","h":"Ouest","s":"25S-H60S000S-80-S"},{"r":"217","t":"18:26:00","h":"Ouest","s":"25N-H60N000I-80-I"},{"r":"217","t":"18:26:00","h":"Ouest","s":"25N-H60N100F-81-F1"},{"r":"217","t":"18:26:00","h":"Ouest","s":"25N-H60N200F-81-F2"},{"r":"217","t":"18:26:00","h":"Ouest","s":"25N-H60N300F-82-F3"},{"r":"217","t":"18:26:00","h":"Ouest","s":"25N-H60N400F-81-F4"},{"r":"217","t":"18:26:00","h":"Ouest","s":"25N-H60NV10I-80-I"},{"r":"217","t":"18:26:00","h":"Ouest","s":"25N-H60NV20I-80-I"},{"r":"217","t":"18:26:00","h":"Ouest","s":"25S-H60S000I-80-I"},{"r":"217","t":"18:26:00","h":"Ouest","s":"25S-H60S100F-82-F1"},{"r":"217","t":"18:26:00","h":"Ouest","s":"25S-H60S200F-81-F2"},{"r":"217","t":"18:34:00","h":"Ouest","s":"25N-H60N000A-80-A"},{"r":"217","t":"18:34:00","h":"Ouest","s":"25N-H60NV10A-80-A"},{"r":"217","t":"18:34:00","h":"Ouest","s":"25N-H60NV20A-80-A"},{"r":"217","t":"18:34:00","h":"Ouest","s":"25S-H60S000A-80-A"},{"r":"217","t":"18:35:00","h":"Ouest","s":"25N-H60N000S-80-S"},{"r":"217","t":"18:35:00","h":"Ouest","s":"25N-H60N000S-98-S"},{"r":"217","t":"18:35:00","h":"Ouest","s":"25N-H60NV10S-98-S"},{"r":"217","t":"18:35:00","h":"Ouest","s":"25N-H60NV20S-98-S"},{"r":"217","t":"18:35:00","h":"Ouest","s":"25S-H60S000S-80-S"},{"r":"219","t":"18:45:04","h":"Ouest","s":"25N-H60N000S-80-S"},{"r":"219","t":"18:45:04","h":"Ouest","s":"25N-H60N000S-98-S"},{"r":"219","t":"18:45:04","h":"Ouest","s":"25N-H60N200F-81-F2"},{"r":"219","t":"18:45:04","h":"Ouest","s":"25N-H60N400F-81-F4"},{"r":"219","t":"18:45:04","h":"Ouest","s":"25N-H60NV10S-98-S"},{"r":"219","t":"18:45:04","h":"Ouest","s":"25N-H60NV20S-98-S"},{"r":"219","t":"18:45:04","h":"Ouest","s":"25S-H60S000S-80-S"},{"r":"217","t":"18:58:00","h":"Ouest","s":"25N-H60N000I-80-I"},{"r":"217","t":"18:58:00","h":"Ouest","s":"25N-H60N100F-81-F1"},{"r":"217","t":"18:58:00","h":"Ouest","s":"25N-H60N200F-81-F2"},{"r":"217","t":"18:58:00","h":"Ouest","s":"25N-H60N300F-82-F3"},{"r":"217","t":"18:58:00","h":"Ouest","s":"25N-H60N400F-81-F4"},{"r":"217","t":"18:58:00","h":"Ouest","s":"25N-H60NV10I-80-I"},{"r":"217","t":"18:58:00","h":"Ouest","s":"25N-H60NV20I-80-I"},{"r":"217","t":"18:58:00","h":"Ouest","s":"25S-H60S000I-80-I"},{"r":"217","t":"18:58:00","h":"Ouest","s":"25S-H60S100F-82-F1"},{"r":"217","t":"18:58:00","h":"Ouest","s":"25S-H60S200F-81-F2"},{"r":"217","t":"19:00:00","h":"Ouest","s":"25N-H60N000S-80-S"},{"r":"217","t":"19:00:00","h":"Ouest","s":"25N-H60N000S-98-S"},{"r":"217","t":"19:00:00","h":"Ouest","s":"25N-H60NV10S-98-S"},{"r":"217","t":"19:00:00","h":"Ouest","s":"25N-H60NV20S-98-S"},{"r":"217","t":"19:00:00","h":"Ouest","s":"25S-H60S000S-80-S"},{"r":"217","t":"19:05:00","h":"Ouest","s":"25N-H60N000A-80-A"},{"r":"217","t":"19:05:00","h":"Ouest","s":"25N-H60NV10A-80-A"},{"r":"217","t":"19:05:00","h":"Ouest","s":"25N-H60NV20A-80-A"},{"r":"217","t":"19:05:00","h":"Ouest","s":"25S-H60S000A-80-A"},{"r":"217","t":"19:29:00","h":"Ouest","s":"25N-H60N000I-80-I"},{"r":"217","t":"19:29:00","h":"Ouest","s":"25N-H60N000S-80-S"},{"r":"217","t":"19:29:00","h":"Ouest","s":"25N-H60N000S-98-S"},{"r":"217","t":"19:29:00","h":"Ouest","s":"25N-H60N100F-81-F1"},{"r":"217","t":"19:29:00","h":"Ouest","s":"25N-H60N200F-81-F2"},{"r":"217","t":"19:29:00","h":"Ouest","s":"25N-H60N300F-82-F3"},{"r":"217","t":"19:29:00","h":"Ouest","s":"25N-H60N400F-81-F4"},{"r":"217","t":"19:29:00","h":"Ouest","s":"25N-H60NV10I-80-I"},{"r":"217","t":"19:29:00","h":"Ouest","s":"25N-H60NV10S-98-S"},{"r":"217","t":"19:29:00","h":"Ouest","s":"25N-H60NV20I-80-I"},{"r":"217","t":"19:29:00","h":"Ouest","s":"25N-H60NV20S-98-S"},{"r":"217","t":"19:29:00","h":"Ouest","s":"25S-H60S000I-80-I"},{"r":"217","t":"19:29:00","h":"Ouest","s":"25S-H60S000S-80-S"},{"r":"217","t":"19:29:00","h":"Ouest","s":"25S-H60S100F-82-F1"},{"r":"217","t":"19:29:00","h":"Ouest","s":"25S-H60S200F-81-F2"},{"r":"217","t":"19:35:00","h":"Ouest","s":"25N-H60N000A-80-A"},{"r":"217","t":"19:35:00","h":"Ouest","s":"25N-H60NV10A-80-A"},{"r":"217","t":"19:35:00","h":"Ouest","s":"25N-H60NV20A-80-A"},{"r":"217","t":"19:35:00","h":"Ouest","s":"25S-H60S000A-80-A"},{"r":"217","t":"20:00:00","h":"Ouest","s":"25N-H60N000I-80-I"},{"r":"217","t":"20:00:00","h":"Ouest","s":"25N-H60N100F-81-F1"},{"r":"217","t":"20:00:00","h":"Ouest","s":"25N-H60N200F-81-F2"},{"r":"217","t":"20:00:00","h":"Ouest","s":"25N-H60N300F-82-F3"},{"r":"217","t":"20:00:00","h":"Ouest","s":"25N-H60N400F-81-F4"},{"r":"217","t":"20:00:00","h":"Ouest","s":"25N-H60NV10I-80-I"},{"r":"217","t":"20:00:00","h":"Ouest","s":"25N-H60NV20I-80-I"},{"r":"217","t":"20:00:00","h":"Ouest","s":"25S-H60S000I-80-I"},{"r":"217","t":"20:00:00","h":"Ouest","s":"25S-H60S100F-82-F1"},{"r":"217","t":"20:00:00","h":"Ouest","s":"25S-H60S200F-81-F2"},{"r":"217","t":"20:03:00","h":"Ouest","s":"25N-H60N000S-80-S"},{"r":"217","t":"20:03:00","h":"Ouest","s":"25N-H60N000S-98-S"},{"r":"217","t":"20:03:00","h":"Ouest","s":"25N-H60NV10S-98-S"},{"r":"217","t":"20:03:00","h":"Ouest","s":"25N-H60NV20S-98-S"},{"r":"217","t":"20:03:00","h":"Ouest","s":"25S-H60S000S-80-S"},{"r":"217","t":"20:06:00","h":"Ouest","s":"25N-H60N000A-80-A"},{"r":"217","t":"20:06:00","h":"Ouest","s":"25N-H60NV10A-80-A"},{"r":"217","t":"20:06:00","h":"Ouest","s":"25N-H60NV20A-80-A"},{"r":"217","t":"20:06:00","h":"Ouest","s":"25S-H60S000A-80-A"},{"r":"217","t":"20:32:00","h":"Ouest","s":"25N-H60N000I-80-I"},{"r":"217","t":"20:32:00","h":"Ouest","s":"25N-H60N100F-81-F1"},{"r":"217","t":"20:32:00","h":"Ouest","s":"25N-H60N200F-81-F2"},{"r":"217","t":"20:32:00","h":"Ouest","s":"25N-H60N300F-82-F3"},{"r":"217","t":"20:32:00","h":"Ouest","s":"25N-H60N400F-81-F4"},{"r":"217","t":"20:32:00","h":"Ouest","s":"25N-H60NV10I-80-I"},{"r":"217","t":"20:32:00","h":"Ouest","s":"25N-H60NV20I-80-I"},{"r":"217","t":"20:32:00","h":"Ouest","s":"25S-H60S000I-80-I"},{"r":"217","t":"20:32:00","h":"Ouest","s":"25S-H60S100F-82-F1"},{"r":"217","t":"20:32:00","h":"Ouest","s":"25S-H60S200F-81-F2"},{"r":"217","t":"20:36:00","h":"Ouest","s":"25N-H60N000A-80-A"},{"r":"217","t":"20:36:00","h":"Ouest","s":"25N-H60NV10A-80-A"},{"r":"217","t":"20:36:00","h":"Ouest","s":"25N-H60NV20A-80-A"},{"r":"217","t":"20:36:00","h":"Ouest","s":"25S-H60S000A-80-A"},{"r":"217","t":"20:37:00","h":"Ouest","s":"25N-H60N000S-80-S"},{"r":"217","t":"20:37:00","h":"Ouest","s":"25N-H60N000S-98-S"},{"r":"217","t":"20:37:00","h":"Ouest","s":"25N-H60NV10S-98-S"},{"r":"217","t":"20:37:00","h":"Ouest","s":"25N-H60NV20S-98-S"},{"r":"217","t":"20:37:00","h":"Ouest","s":"25S-H60S000S-80-S"},{"r":"217","t":"21:05:00","h":"Ouest","s":"25N-H60N000I-80-I"},{"r":"217","t":"21:05:00","h":"Ouest","s":"25N-H60N100F-81-F1"},{"r":"217","t":"21:05:00","h":"Ouest","s":"25N-H60N200F-81-F2"},{"r":"217","t":"21:05:00","h":"Ouest","s":"25N-H60N300F-82-F3"},{"r":"217","t":"21:05:00","h":"Ouest","s":"25N-H60N400F-81-F4"},{"r":"217","t":"21:05:00","h":"Ouest","s":"25N-H60NV10I-80-I"},{"r":"217","t":"21:05:00","h":"Ouest","s":"25N-H60NV20I-80-I"},{"r":"217","t":"21:05:00","h":"Ouest","s":"25S-H60S000I-80-I"},{"r":"217","t":"21:05:00","h":"Ouest","s":"25S-H60S100F-82-F1"},{"r":"217","t":"21:05:00","h":"Ouest","s":"25S-H60S200F-81-F2"},{"r":"217","t":"21:07:00","h":"Ouest","s":"25N-H60N000A-80-A"},{"r":"217","t":"21:07:00","h":"Ouest","s":"25N-H60NV10A-80-A"},{"r":"217","t":"21:07:00","h":"Ouest","s":"25N-H60NV20A-80-A"},{"r":"217","t":"21:07:00","h":"Ouest","s":"25S-H60S000A-80-A"},{"r":"217","t":"21:12:00","h":"Ouest","s":"25N-H60N000S-80-S"},{"r":"217","t":"21:12:00","h":"Ouest","s":"25N-H60N000S-98-S"},{"r":"217","t":"21:12:00","h":"Ouest","s":"25N-H60NV10S-98-S"},{"r":"217","t":"21:12:00","h":"Ouest","s":"25N-H60NV20S-98-S"},{"r":"217","t":"21:12:00","h":"Ouest","s":"25S-H60S000S-80-S"},{"r":"217","t":"21:38:00","h":"Ouest","s":"25N-H60N000A-80-A"},{"r":"217","t":"21:38:00","h":"Ouest","s":"25N-H60N000I-80-I"},{"r":"217","t":"21:38:00","h":"Ouest","s":"25N-H60N100F-81-F1"},{"r":"217","t":"21:38:00","h":"Ouest","s":"25N-H60N200F-81-F2"},{"r":"217","t":"21:38:00","h":"Ouest","s":"25N-H60N300F-82-F3"},{"r":"217","t":"21:38:00","h":"Ouest","s":"25N-H60N400F-81-F4"},{"r":"217","t":"21:38:00","h":"Ouest","s":"25N-H60NV10A-80-A"},{"r":"217","t":"21:38:00","h":"Ouest","s":"25N-H60NV10I-80-I"},{"r":"217","t":"21:38:00","h":"Ouest","s":"25N-H60NV20A-80-A"},{"r":"217","t":"21:38:00","h":"Ouest","s":"25N-H60NV20I-80-I"},{"r":"217","t":"21:38:00","h":"Ouest","s":"25S-H60S000A-80-A"},{"r":"217","t":"21:38:00","h":"Ouest","s":"25S-H60S000I-80-I"},{"r":"217","t":"21:38:00","h":"Ouest","s":"25S-H60S100F-82-F1"},{"r":"217","t":"21:38:00","h":"Ouest","s":"25S-H60S200F-81-F2"},{"r":"217","t":"21:47:00","h":"Ouest","s":"25N-H60N000S-80-S"},{"r":"217","t":"21:47:00","h":"Ouest","s":"25N-H60N000S-98-S"},{"r":"217","t":"21:47:00","h":"Ouest","s":"25N-H60NV10S-98-S"},{"r":"217","t":"21:47:00","h":"Ouest","s":"25N-H60NV20S-98-S"},{"r":"217","t":"21:47:00","h":"Ouest","s":"25S-H60S000S-80-S"},{"r":"217","t":"22:09:00","h":"Ouest","s":"25N-H60N000A-80-A"},{"r":"217","t":"22:09:00","h":"Ouest","s":"25N-H60NV10A-80-A"},{"r":"217","t":"22:09:00","h":"Ouest","s":"25N-H60NV20A-80-A"},{"r":"217","t":"22:09:00","h":"Ouest","s":"25S-H60S000A-80-A"},{"r":"217","t":"22:11:00","h":"Ouest","s":"25N-H60N000I-80-I"},{"r":"217","t":"22:11:00","h":"Ouest","s":"25N-H60N100F-81-F1"},{"r":"217","t":"22:11:00","h":"Ouest","s":"25N-H60N200F-81-F2"},{"r":"217","t":"22:11:00","h":"Ouest","s":"25N-H60N300F-82-F3"},{"r":"217","t":"22:11:00","h":"Ouest","s":"25N-H60N400F-81-F4"},{"r":"217","t":"22:11:00","h":"Ouest","s":"25N-H60NV10I-80-I"},{"r":"217","t":"22:11:00","h":"Ouest","s":"25N-H60NV20I-80-I"},{"r":"217","t":"22:11:00","h":"Ouest","s":"25S-H60S000I-80-I"},{"r":"217","t":"22:11:00","h":"Ouest","s":"25S-H60S100F-82-F1"},{"r":"217","t":"22:11:00","h":"Ouest","s":"25S-H60S200F-81-F2"},{"r":"217","t":"22:20:00","h":"Ouest","s":"25N-H60N000S-80-S"},{"r":"217","t":"22:20:00","h":"Ouest","s":"25N-H60N000S-98-S"},{"r":"217","t":"22:20:00","h":"Ouest","s":"25N-H60NV10S-98-S"},{"r":"217","t":"22:20:00","h":"Ouest","s":"25N-H60NV20S-98-S"},{"r":"217","t":"22:20:00","h":"Ouest","s":"25S-H60S000S-80-S"},{"r":"217","t":"22:40:00","h":"Ouest","s":"25N-H60N000A-80-A"},{"r":"217","t":"22:40:00","h":"Ouest","s":"25N-H60NV10A-80-A"},{"r":"217","t":"22:40:00","h":"Ouest","s":"25N-H60NV20A-80-A"},{"r":"217","t":"22:40:00","h":"Ouest","s":"25S-H60S000A-80-A"},{"r":"217","t":"22:44:00","h":"Ouest","s":"25N-H60N000I-80-I"},{"r":"217","t":"22:44:00","h":"Ouest","s":"25N-H60N100F-81-F1"},{"r":"217","t":"22:44:00","h":"Ouest","s":"25N-H60N200F-81-F2"},{"r":"217","t":"22:44:00","h":"Ouest","s":"25N-H60N300F-82-F3"},{"r":"217","t":"22:44:00","h":"Ouest","s":"25N-H60N400F-81-F4"},{"r":"217","t":"22:44:00","h":"Ouest","s":"25N-H60NV10I-80-I"},{"r":"217","t":"22:44:00","h":"Ouest","s":"25N-H60NV20I-80-I"},{"r":"217","t":"22:44:00","h":"Ouest","s":"25S-H60S000I-80-I"},{"r":"217","t":"22:44:00","h":"Ouest","s":"25S-H60S100F-82-F1"},{"r":"217","t":"22:44:00","h":"Ouest","s":"25S-H60S200F-81-F2"},{"r":"217","t":"23:11:00","h":"Ouest","s":"25N-H60N000A-80-A"},{"r":"217","t":"23:11:00","h":"Ouest","s":"25N-H60NV10A-80-A"},{"r":"217","t":"23:11:00","h":"Ouest","s":"25N-H60NV20A-80-A"},{"r":"217","t":"23:11:00","h":"Ouest","s":"25S-H60S000A-80-A"},{"r":"217","t":"23:17:00","h":"Ouest","s":"25N-H60N000I-80-I"},{"r":"217","t":"23:17:00","h":"Ouest","s":"25N-H60N100F-81-F1"},{"r":"217","t":"23:17:00","h":"Ouest","s":"25N-H60N200F-81-F2"},{"r":"217","t":"23:17:00","h":"Ouest","s":"25N-H60N300F-82-F3"},{"r":"217","t":"23:17:00","h":"Ouest","s":"25N-H60N400F-81-F4"},{"r":"217","t":"23:17:00","h":"Ouest","s":"25N-H60NV10I-80-I"},{"r":"217","t":"23:17:00","h":"Ouest","s":"25N-H60NV20I-80-I"},{"r":"217","t":"23:17:00","h":"Ouest","s":"25S-H60S000I-80-I"},{"r":"217","t":"23:17:00","h":"Ouest","s":"25S-H60S100F-82-F1"},{"r":"217","t":"23:17:00","h":"Ouest","s":"25S-H60S200F-81-F2"},{"r":"217","t":"23:21:00","h":"Ouest","s":"25N-H60N000S-80-S"},{"r":"217","t":"23:21:00","h":"Ouest","s":"25N-H60N000S-98-S"},{"r":"217","t":"23:21:00","h":"Ouest","s":"25N-H60NV10S-98-S"},{"r":"217","t":"23:21:00","h":"Ouest","s":"25N-H60NV20S-98-S"},{"r":"217","t":"23:21:00","h":"Ouest","s":"25S-H60S000S-80-S"},{"r":"217","t":"23:43:00","h":"Ouest","s":"25N-H60N000A-80-A"},{"r":"217","t":"23:43:00","h":"Ouest","s":"25N-H60NV10A-80-A"},{"r":"217","t":"23:43:00","h":"Ouest","s":"25N-H60NV20A-80-A"},{"r":"217","t":"23:43:00","h":"Ouest","s":"25S-H60S000A-80-A"},{"r":"217","t":"23:50:00","h":"Ouest","s":"25N-H60N000I-80-I"},{"r":"217","t":"23:50:00","h":"Ouest","s":"25N-H60N100F-81-F1"},{"r":"217","t":"23:50:00","h":"Ouest","s":"25N-H60N200F-81-F2"},{"r":"217","t":"23:50:00","h":"Ouest","s":"25N-H60N300F-82-F3"},{"r":"217","t":"23:50:00","h":"Ouest","s":"25N-H60N400F-81-F4"},{"r":"217","t":"23:50:00","h":"Ouest","s":"25N-H60NV10I-80-I"},{"r":"217","t":"23:50:00","h":"Ouest","s":"25N-H60NV20I-80-I"},{"r":"217","t":"23:50:00","h":"Ouest","s":"25S-H60S000I-80-I"},{"r":"217","t":"23:50:00","h":"Ouest","s":"25S-H60S100F-82-F1"},{"r":"217","t":"23:50:00","h":"Ouest","s":"25S-H60S200F-81-F2"},{"r":"217","t":"24:23:00","h":"Ouest","s":"25N-H60N000I-80-I"},{"r":"217","t":"24:23:00","h":"Ouest","s":"25N-H60N100F-81-F1"},{"r":"217","t":"24:23:00","h":"Ouest","s":"25N-H60N200F-81-F2"},{"r":"217","t":"24:23:00","h":"Ouest","s":"25N-H60N300F-82-F3"},{"r":"217","t":"24:23:00","h":"Ouest","s":"25N-H60N400F-81-F4"},{"r":"217","t":"24:23:00","h":"Ouest","s":"25N-H60NV10I-80-I"},{"r":"217","t":"24:23:00","h":"Ouest","s":"25N-H60NV20I-80-I"},{"r":"217","t":"24:23:00","h":"Ouest","s":"25S-H60S000I-80-I"},{"r":"217","t":"24:23:00","h":"Ouest","s":"25S-H60S100F-82-F1"},{"r":"217","t":"24:23:00","h":"Ouest","s":"25S-H60S200F-81-F2"},{"r":"217","t":"24:24:00","h":"Ouest","s":"25N-H60N000S-80-S"},{"r":"217","t":"24:24:00","h":"Ouest","s":"25N-H60N000S-98-S"},{"r":"217","t":"24:24:00","h":"Ouest","s":"25N-H60NV10S-98-S"},{"r":"217","t":"24:24:00","h":"Ouest","s":"25N-H60NV20S-98-S"},{"r":"217","t":"24:24:00","h":"Ouest","s":"25S-H60S000S-80-S"},{"r":"217","t":"24:26:00","h":"Ouest","s":"25N-H60N000A-80-A"},{"r":"217","t":"24:26:00","h":"Ouest","s":"25N-H60NV10A-80-A"},{"r":"217","t":"24:26:00","h":"Ouest","s":"25N-H60NV20A-80-A"},{"r":"217","t":"24:26:00","h":"Ouest","s":"25S-H60S000A-80-A"}]