[{"r":"212","t":"05:02:34","h":"Ouest","s":"25N-H62N000S-80-S"},{"r":"212","t":"05:02:34","h":"Ouest","s":"25N-H62NV10S-80-S"},{"r":"212","t":"05:02:34","h":"Ouest","s":"25N-H62NV20S-80-S"},{"r":"212","t":"05:02:34","h":"Ouest","s":"25S-H62S000S-80-S"},{"r":"212","t":"05:29:34","h":"Ouest","s":"25N-H62N000S-80-S"},{"r":"212","t":"05:29:34","h":"Ouest","s":"25N-H62NV10S-80-S"},{"r":"212","t":"05:29:34","h":"Ouest","s":"25N-H62NV20S-80-S"},{"r":"212","t":"05:29:34","h":"Ouest","s":"25S-H62S000S-80-S"},{"r":"212","t":"05:56:34","h":"Ouest","s":"25N-H62N000S-80-S"},{"r":"212","t":"05:56:34","h":"Ouest","s":"25N-H62NV10S-80-S"},{"r":"212","t":"05:56:34","h":"Ouest","s":"25N-H62NV20S-80-S"},{"r":"212","t":"05:56:34","h":"Ouest","s":"25S-H62S000S-80-S"},{"r":"212","t":"06:08:34","h":"Ouest","s":"25N-H62N000I-80-I"},{"r":"212","t":"06:08:34","h":"Ouest","s":"25N-H62N100F-80-F1"},{"r":"212","t":"06:08:34","h":"Ouest","s":"25N-H62N200F-80-F2"},{"r":"212","t":"06:08:34","h":"Ouest","s":"25N-H62N300F-80-F3"},{"r":"212","t":"06:08:34","h":"Ouest","s":"25N-H62N400F-80-F4"},{"r":"212","t":"06:08:34","h":"Ouest","s":"25N-H62NV10I-80-I"},{"r":"212","t":"06:08:34","h":"Ouest","s":"25N-H62NV20I-80-I"},{"r":"212","t":"06:08:34","h":"Ouest","s":"25S-H62S000I-80-I"},{"r":"212","t":"06:08:34","h":"Ouest","s":"25S-H62S100F-80-F1"},{"r":"212","t":"06:08:34","h":"Ouest","s":"25S-H62S200F-80-F2"},{"r":"212","t":"06:10:34","h":"Ouest","s":"25N-H62N000A-80-A"},{"r":"212","t":"06:10:34","h":"Ouest","s":"25N-H62N000S-80-S"},{"r":"212","t":"06:10:34","h":"Ouest","s":"25N-H62NV10A-80-A"},{"r":"212","t":"06:10:34","h":"Ouest","s":"25N-H62NV10S-80-S"},{"r":"212","t":"06:10:34","h":"Ouest","s":"25N-H62NV20A-80-A"},{"r":"212","t":"06:10:34","h":"Ouest","s":"25N-H62NV20S-80-S"},{"r":"212","t":"06:10:34","h":"Ouest","s":"25S-H62S000A-80-A"},{"r":"212","t":"06:10:34","h":"Ouest","s":"25S-H62S000S-80-S"},{"r":"212","t":"06:27:34","h":"Ouest","s":"25N-H62N000S-80-S"},{"r":"212","t":"06:27:34","h":"Ouest","s":"25N-H62NV10S-80-S"},{"r":"212","t":"06:27:34","h":"Ouest","s":"25N-H62NV20S-80-S"},{"r":"212","t":"06:27:34","h":"Ouest","s":"25S-H62S000S-80-S"},{"r":"212","t":"06:38:34","h":"Ouest","s":"25N-H62N000A-80-A"},{"r":"212","t":"06:38:34","h":"Ouest","s":"25N-H62N000I-80-I"},{"r":"212","t":"06:38:34","h":"Ouest","s":"25N-H62N100F-80-F1"},{"r":"212","t":"06:38:34","h":"Ouest","s":"25N-H62N200F-80-F2"},{"r":"212","t":"06:38:34","h":"Ouest","s":"25N-H62N300F-80-F3"},{"r":"212","t":"06:38:34","h":"Ouest","s":"25N-H62N400F-80-F4"},{"r":"212","t":"06:38:34","h":"Ouest","s":"25N-H62NV10A-80-A"},{"r":"212","t":"06:38:34","h":"Ouest","s":"25N-H62NV10I-80-I"},{"r":"212","t":"06:38:34","h":"Ouest","s":"25N-H62NV20A-80-A"},{"r":"212","t":"06:38:34","h":"Ouest","s":"25N-H62NV20I-80-I"},{"r":"212","t":"06:38:34","h":"Ouest","s":"25S-H62S000A-80-A"},{"r":"212","t":"06:38:34","h":"Ouest","s":"25S-H62S000I-80-I"},{"r":"212","t":"06:38:34","h":"Ouest","s":"25S-H62S100F-80-F1"},{"r":"212","t":"06:38:34","h":"Ouest","s":"25S-H62S200F-80-F2"},{"r":"212","t":"06:44:34","h":"Ouest","s":"25N-H62N000S-80-S"},{"r":"212","t":"06:44:34","h":"Ouest","s":"25N-H62NV10S-80-S"},{"r":"212","t":"06:44:34","h":"Ouest","s":"25N-H62NV20S-80-S"},{"r":"212","t":"06:44:34","h":"Ouest","s":"25S-H62S000S-80-S"},{"r":"212","t":"07:02:34","h":"Ouest","s":"25N-H62N000S-80-S"},{"r":"212","t":"07:02:34","h":"Ouest","s":"25N-H62NV10S-80-S"},{"r":"212","t":"07:02:34","h":"Ouest","s":"25N-H62NV20S-80-S"},{"r":"212","t":"07:02:34","h":"Ouest","s":"25S-H62S000S-80-S"},{"r":"212","t":"07:08:34","h":"Ouest","s":"25N-H62N000A-80-A"},{"r":"212","t":"07:08:34","h":"Ouest","s":"25N-H62N000I-80-I"},{"r":"212","t":"07:08:34","h":"Ouest","s":"25N-H62N100F-80-F1"},{"r":"212","t":"07:08:34","h":"Ouest","s":"25N-H62N200F-80-F2"},{"r":"212","t":"07:08:34","h":"Ouest","s":"25N-H62N300F-80-F3"},{"r":"212","t":"07:08:34","h":"Ouest","s":"25N-H62N400F-80-F4"},{"r":"212","t":"07:08:34","h":"Ouest","s":"25N-H62NV10A-80-A"},{"r":"212","t":"07:08:34","h":"Ouest","s":"25N-H62NV10I-80-I"},{"r":"212","t":"07:08:34","h":"Ouest","s":"25N-H62NV20A-80-A"},{"r":"212","t":"07:08:34","h":"Ouest","s":"25N-H62NV20I-80-I"},{"r":"212","t":"07:08:34","h":"Ouest","s":"25S-H62S000A-80-A"},{"r":"212","t":"07:08:34","h":"Ouest","s":"25S-H62S000I-80-I"},{"r":"212","t":"07:08:34","h":"Ouest","s":"25S-H62S100F-80-F1"},{"r":"212","t":"07:08:34","h":"Ouest","s":"25S-H62S200F-80-F2"},{"r":"212","t":"07:19:34","h":"Ouest","s":"25N-H62N000S-80-S"},{"r":"212","t":"07:19:34","h":"Ouest","s":"25N-H62NV10S-80-S"},{"r":"212","t":"07:19:34","h":"Ouest","s":"25N-H62NV20S-80-S"},{"r":"212","t":"07:19:34","h":"Ouest","s":"25S-H62S000S-80-S"},{"r":"212","t":"07:36:34","h":"Ouest","s":"25N-H62N000S-80-S"},{"r":"212","t":"07:36:34","h":"Ouest","s":"25N-H62NV10S-80-S"},{"r":"212","t":"07:36:34","h":"Ouest","s":"25N-H62NV20S-80-S"},{"r":"212","t":"07:36:34","h":"Ouest","s":"25S-H62S000S-80-S"},{"r":"212","t":"07:38:34","h":"Ouest","s":"25N-H62N000A-80-A"},{"r":"212","t":"07:38:34","h":"Ouest","s":"25N-H62N000I-80-I"},{"r":"212","t":"07:38:34","h":"Ouest","s":"25N-H62N100F-80-F1"},{"r":"212","t":"07:38:34","h":"Ouest","s":"25N-H62N200F-80-F2"},{"r":"212","t":"07:38:34","h":"Ouest","s":"25N-H62N300F-80-F3"},{"r":"212","t":"07:38:34","h":"Ouest","s":"25N-H62N400F-80-F4"},{"r":"212","t":"07:38:34","h":"Ouest","s":"25N-H62NV10A-80-A"},{"r":"212","t":"07:38:34","h":"Ouest","s":"25N-H62NV10I-80-I"},{"r":"212","t":"07:38:34","h":"Ouest","s":"25N-H62NV20A-80-A"},{"r":"212","t":"07:38:34","h":"Ouest","s":"25N-H62NV20I-80-I"},{"r":"212","t":"07:38:34","h":"Ouest","s":"25S-H62S000A-80-A"},{"r":"212","t":"07:38:34","h":"Ouest","s":"25S-H62S000I-80-I"},{"r":"212","t":"07:38:34","h":"Ouest","s":"25S-H62S100F-80-F1"},{"r":"212","t":"07:38:34","h":"Ouest","s":"25S-H62S200F-80-F2"},{"r":"212","t":"07:53:34","h":"Ouest","s":"25N-H62N000S-80-S"},{"r":"212","t":"07:53:34","h":"Ouest","s":"25N-H62NV10S-80-S"},{"r":"212","t":"07:53:34","h":"Ouest","s":"25N-H62NV20S-80-S"},{"r":"212","t":"07:53:34","h":"Ouest","s":"25S-H62S000S-80-S"},{"r":"212","t":"08:08:34","h":"Ouest","s":"25N-H62N000A-80-A"},{"r":"212","t":"08:08:34","h":"Ouest","s":"25N-H62N000I-80-I"},{"r":"212","t":"08:08:34","h":"Ouest","s":"25N-H62N100F-80-F1"},{"r":"212","t":"08:08:34","h":"Ouest","s":"25N-H62N200F-80-F2"},{"r":"212","t":"08:08:34","h":"Ouest","s":"25N-H62N300F-80-F3"},{"r":"212","t":"08:08:34","h":"Ouest","s":"25N-H62N400F-80-F4"},{"r":"212","t":"08:08:34","h":"Ouest","s":"25N-H62NV10A-80-A"},{"r":"212","t":"08:08:34","h":"Ouest","s":"25N-H62NV10I-80-I"},{"r":"212","t":"08:08:34","h":"Ouest","s":"25N-H62NV20A-80-A"},{"r":"212","t":"08:08:34","h":"Ouest","s":"25N-H62NV20I-80-I"},{"r":"212","t":"08:08:34","h":"Ouest","s":"25S-H62S000A-80-A"},{"r":"212","t":"08:08:34","h":"Ouest","s":"25S-H62S000I-80-I"},{"r":"212","t":"08:08:34","h":"Ouest","s":"25S-H62S100F-80-F1"},{"r":"212","t":"08:08:34","h":"Ouest","s":"25S-H62S200F-80-F2"},{"r":"212","t":"08:11:34","h":"Ouest","s":"25N-H62N000S-80-S"},{"r":"212","t":"08:11:34","h":"Ouest","s":"25N-H62NV10S-80-S"},{"r":"212","t":"08:11:34","h":"Ouest","s":"25N-H62NV20S-80-S"},{"r":"212","t":"08:11:34","h":"Ouest","s":"25S-H62S000S-80-S"},{"r":"212","t":"08:30:34","h":"Ouest","s":"25N-H62N000S-80-S"},{"r":"212","t":"08:30:34","h":"Ouest","s":"25N-H62NV10S-80-S"},{"r":"212","t":"08:30:34","h":"Ouest","s":"25N-H62NV20S-80-S"},{"r":"212","t":"08:30:34","h":"Ouest","s":"25S-H62S000S-80-S"},{"r":"212","t":"08:38:34","h":"Ouest","s":"25N-H62N000A-80-A"},{"r":"212","t":"08:38:34","h":"Ouest","s":"25N-H62N000I-80-I"},{"r":"212","t":"08:38:34","h":"Ouest","s":"25N-H62N100F-80-F1"},{"r":"212","t":"08:38:34","h":"Ouest","s":"25N-H62N200F-80-F2"},{"r":"212","t":"08:38:34","h":"Ouest","s":"25N-H62N300F-80-F3"},{"r":"212","t":"08:38:34","h":"Ouest","s":"25N-H62N400F-80-F4"},{"r":"212","t":"08:38:34","h":"Ouest","s":"25N-H62NV10A-80-A"},{"r":"212","t":"08:38:34","h":"Ouest","s":"25N-H62NV10I-80-I"},{"r":"212","t":"08:38:34","h":"Ouest","s":"25N-H62NV20A-80-A"},{"r":"212","t":"08:38:34","h":"Ouest","s":"25N-H62NV20I-80-I"},{"r":"212","t":"08:38:34","h":"Ouest","s":"25S-H62S000A-80-A"},{"r":"212","t":"08:38:34","h":"Ouest","s":"25S-H62S000I-80-I"},{"r":"212","t":"08:38:34","h":"Ouest","s":"25S-H62S100F-80-F1"},{"r":"212","t":"08:38:34","h":"Ouest","s":"25S-H62S200F-80-F2"},{"r":"212","t":"08:47:34","h":"Ouest","s":"25N-H62N000S-80-S"},{"r":"212","t":"08:47:34","h":"Ouest","s":"25N-H62NV10S-80-S"},{"r":"212","t":"08:47:34","h":"Ouest","s":"25N-H62NV20S-80-S"},{"r":"212","t":"08:47:34","h":"Ouest","s":"25S-H62S000S-80-S"},{"r":"212","t":"09:04:34","h":"Ouest","s":"25N-H62N000S-80-S"},{"r":"212","t":"09:04:34","h":"Ouest","s":"25N-H62NV10S-80-S"},{"r":"212","t":"09:04:34","h":"Ouest","s":"25N-H62NV20S-80-S"},{"r":"212","t":"09:04:34","h":"Ouest","s":"25S-H62S000S-80-S"},{"r":"212","t":"09:08:34","h":"Ouest","s":"25N-H62N000A-80-A"},{"r":"212","t":"09:08:34","h":"Ouest","s":"25N-H62N000I-80-I"},{"r":"212","t":"09:08:34","h":"Ouest","s":"25N-H62N100F-80-F1"},{"r":"212","t":"09:08:34","h":"Ouest","s":"25N-H62N200F-80-F2"},{"r":"212","t":"09:08:34","h":"Ouest","s":"25N-H62N300F-80-F3"},{"r":"212","t":"09:08:34","h":"Ouest","s":"25N-H62N400F-80-F4"},{"r":"212","t":"09:08:34","h":"Ouest","s":"25N-H62NV10A-80-A"},{"r":"212","t":"09:08:34","h":"Ouest","s":"25N-H62NV10I-80-I"},{"r":"212","t":"09:08:34","h":"Ouest","s":"25N-H62NV20A-80-A"},{"r":"212","t":"09:08:34","h":"Ouest","s":"25N-H62NV20I-80-I"},{"r":"212","t":"09:08:34","h":"Ouest","s":"25S-H62S000A-80-A"},{"r":"212","t":"09:08:34","h":"Ouest","s":"25S-H62S000I-80-I"},{"r":"212","t":"09:08:34","h":"Ouest","s":"25S-H62S100F-80-F1"},{"r":"212","t":"09:08:34","h":"Ouest","s":"25S-H62S200F-80-F2"},{"r":"212","t":"09:21:34","h":"Ouest","s":"25N-H62N000S-80-S"},{"r":"212","t":"09:21:34","h":"Ouest","s":"25N-H62NV10S-80-S"},{"r":"212","t":"09:21:34","h":"Ouest","s":"25N-H62NV20S-80-S"},{"r":"212","t":"09:21:34","h":"Ouest","s":"25S-H62S000S-80-S"},{"r":"212","t":"09:38:34","h":"Ouest","s":"25N-H62N000A-80-A"},{"r":"212","t":"09:38:34","h":"Ouest","s":"25N-H62N000I-80-I"},{"r":"212","t":"09:38:34","h":"Ouest","s":"25N-H62N000S-80-S"},{"r":"212","t":"09:38:34","h":"Ouest","s":"25N-H62N100F-80-F1"},{"r":"212","t":"09:38:34","h":"Ouest","s":"25N-H62N200F-80-F2"},{"r":"212","t":"09:38:34","h":"Ouest","s":"25N-H62N300F-80-F3"},{"r":"212","t":"09:38:34","h":"Ouest","s":"25N-H62N400F-80-F4"},{"r":"212","t":"09:38:34","h":"Ouest","s":"25N-H62NV10A-80-A"},{"r":"212","t":"09:38:34","h":"Ouest","s":"25N-H62NV10I-80-I"},{"r":"212","t":"09:38:34","h":"Ouest","s":"25N-H62NV10S-80-S"},{"r":"212","t":"09:38:34","h":"Ouest","s":"25N-H62NV20A-80-A"},{"r":"212","t":"09:38:34","h":"Ouest","s":"25N-H62NV20I-80-I"},{"r":"212","t":"09:38:34","h":"Ouest","s":"25N-H62NV20S-80-S"},{"r":"212","t":"09:38:34","h":"Ouest","s":"25S-H62S000A-80-A"},{"r":"212","t":"09:38:34","h":"Ouest","s":"25S-H62S000I-80-I"},{"r":"212","t":"09:38:34","h":"Ouest","s":"25S-H62S000S-80-S"},{"r":"212","t":"09:38:34","h":"Ouest","s":"25S-H62S100F-80-F1"},{"r":"212","t":"09:38:34","h":"Ouest","s":"25S-H62S200F-80-F2"},{"r":"212","t":"09:55:34","h":"Ouest","s":"25N-H62N000S-80-S"},{"r":"212","t":"09:55:34","h":"Ouest","s":"25N-H62NV10S-80-S"},{"r":"212","t":"09:55:34","h":"Ouest","s":"25N-H62NV20S-80-S"},{"r":"212","t":"09:55:34","h":"Ouest","s":"25S-H62S000S-80-S"},{"r":"212","t":"10:08:34","h":"Ouest","s":"25N-H62N000A-80-A"},{"r":"212","t":"10:08:34","h":"Ouest","s":"25N-H62N000I-80-I"},{"r":"212","t":"10:08:34","h":"Ouest","s":"25N-H62N100F-80-F1"},{"r":"212","t":"10:08:34","h":"Ouest","s":"25N-H62N200F-80-F2"},{"r":"212","t":"10:08:34","h":"Ouest","s":"25N-H62N300F-80-F3"},{"r":"212","t":"10:08:34","h":"Ouest","s":"25N-H62N400F-80-F4"},{"r":"212","t":"10:08:34","h":"Ouest","s":"25N-H62NV10A-80-A"},{"r":"212","t":"10:08:34","h":"Ouest","s":"25N-H62NV10I-80-I"},{"r":"212","t":"10:08:34","h":"Ouest","s":"25N-H62NV20A-80-A"},{"r":"212","t":"10:08:34","h":"Ouest","s":"25N-H62NV20I-80-I"},{"r":"212","t":"10:08:34","h":"Ouest","s":"25S-H62S000A-80-A"},{"r":"212","t":"10:08:34","h":"Ouest","s":"25S-H62S000I-80-I"},{"r":"212","t":"10:08:34","h":"Ouest","s":"25S-H62S100F-80-F1"},{"r":"212","t":"10:08:34","h":"Ouest","s":"25S-H62S200F-80-F2"},{"r":"212","t":"10:12:34","h":"Ouest","s":"25N-H62N000S-80-S"},{"r":"212","t":"10:12:34","h":"Ouest","s":"25N-H62NV10S-80-S"},{"r":"212","t":"10:12:34","h":"Ouest","s":"25N-H62NV20S-80-S"},{"r":"212","t":"10:12:34","h":"Ouest","s":"25S-H62S000S-80-S"},{"r":"212","t":"10:29:34","h":"Ouest","s":"25N-H62N000S-80-S"},{"r":"212","t":"10:29:34","h":"Ouest","s":"25N-H62NV10S-80-S"},{"r":"212","t":"10:29:34","h":"Ouest","s":"25N-H62NV20S-80-S"},{"r":"212","t":"10:29:34","h":"Ouest","s":"25S-H62S000S-80-S"},{"r":"212","t":"10:38:34","h":"Ouest","s":"25N-H62N000A-80-A"},{"r":"212","t":"10:38:34","h":"Ouest","s":"25N-H62N000I-80-I"},{"r":"212","t":"10:38:34","h":"Ouest","s":"25N-H62N100F-80-F1"},{"r":"212","t":"10:38:34","h":"Ouest","s":"25N-H62N200F-80-F2"},{"r":"212","t":"10:38:34","h":"Ouest","s":"25N-H62N300F-80-F3"},{"r":"212","t":"10:38:34","h":"Ouest","s":"25N-H62N400F-80-F4"},{"r":"212","t":"10:38:34","h":"Ouest","s":"25N-H62NV10A-80-A"},{"r":"212","t":"10:38:34","h":"Ouest","s":"25N-H62NV10I-80-I"},{"r":"212","t":"10:38:34","h":"Ouest","s":"25N-H62NV20A-80-A"},{"r":"212","t":"10:38:34","h":"Ouest","s":"25N-H62NV20I-80-I"},{"r":"212","t":"10:38:34","h":"Ouest","s":"25S-H62S000A-80-A"},{"r":"212","t":"10:38:34","h":"Ouest","s":"25S-H62S000I-80-I"},{"r":"212","t":"10:38:34","h":"Ouest","s":"25S-H62S100F-80-F1"},{"r":"212","t":"10:38:34","h":"Ouest","s":"25S-H62S200F-80-F2"},{"r":"212","t":"10:46:34","h":"Ouest","s":"25N-H62N000S-80-S"},{"r":"212","t":"10:46:34","h":"Ouest","s":"25N-H62NV10S-80-S"},{"r":"212","t":"10:46:34","h":"Ouest","s":"25N-H62NV20S-80-S"},{"r":"212","t":"10:46:34","h":"Ouest","s":"25S-H62S000S-80-S"},{"r":"212","t":"11:03:34","h":"Ouest","s":"25N-H62N000S-80-S"},{"r":"212","t":"11:03:34","h":"Ouest","s":"25N-H62NV10S-80-S"},{"r":"212","t":"11:03:34","h":"Ouest","s":"25N-H62NV20S-80-S"},{"r":"212","t":"11:03:34","h":"Ouest","s":"25S-H62S000S-80-S"},{"r":"212","t":"11:08:34","h":"Ouest","s":"25N-H62N000A-80-A"},{"r":"212","t":"11:08:34","h":"Ouest","s":"25N-H62N000I-80-I"},{"r":"212","t":"11:08:34","h":"Ouest","s":"25N-H62N100F-80-F1"},{"r":"212","t":"11:08:34","h":"Ouest","s":"25N-H62N200F-80-F2"},{"r":"212","t":"11:08:34","h":"Ouest","s":"25N-H62N300F-80-F3"},{"r":"212","t":"11:08:34","h":"Ouest","s":"25N-H62N400F-80-F4"},{"r":"212","t":"11:08:34","h":"Ouest","s":"25N-H62NV10A-80-A"},{"r":"212","t":"11:08:34","h":"Ouest","s":"25N-H62NV10I-80-I"},{"r":"212","t":"11:08:34","h":"Ouest","s":"25N-H62NV20A-80-A"},{"r":"212","t":"11:08:34","h":"Ouest","s":"25N-H62NV20I-80-I"},{"r":"212","t":"11:08:34","h":"Ouest","s":"25S-H62S000A-80-A"},{"r":"212","t":"11:08:34","h":"Ouest","s":"25S-H62S000I-80-I"},{"r":"212","t":"11:08:34","h":"Ouest","s":"25S-H62S100F-80-F1"},{"r":"212","t":"11:08:34","h":"Ouest","s":"25S-H62S200F-80-F2"},{"r":"212","t":"11:20:34","h":"Ouest","s":"25N-H62N000S-80-S"},{"r":"212","t":"11:20:34","h":"Ouest","s":"25N-H62NV10S-80-S"},{"r":"212","t":"11:20:34","h":"Ouest","s":"25N-H62NV20S-80-S"},{"r":"212","t":"11:20:34","h":"Ouest","s":"25S-H62S000S-80-S"},{"r":"212","t":"11:37:34","h":"Ouest","s":"25N-H62N000S-80-S"},{"r":"212","t":"11:37:34","h":"Ouest","s":"25N-H62NV10S-80-S"},{"r":"212","t":"11:37:34","h":"Ouest","s":"25N-H62NV20S-80-S"},{"r":"212","t":"11:37:34","h":"Ouest","s":"25S-H62S000S-80-S"},{"r":"212","t":"11:38:34","h":"Ouest","s":"25N-H62N000A-80-A"},{"r":"212","t":"11:38:34","h":"Ouest","s":"25N-H62N000I-80-I"},{"r":"212","t":"11:38:34","h":"Ouest","s":"25N-H62N100F-80-F1"},{"r":"212","t":"11:38:34","h":"Ouest","s":"25N-H62N200F-80-F2"},{"r":"212","t":"11:38:34","h":"Ouest","s":"25N-H62N300F-80-F3"},{"r":"212","t":"11:38:34","h":"Ouest","s":"25N-H62N400F-80-F4"},{"r":"212","t":"11:38:34","h":"Ouest","s":"25N-H62NV10A-80-A"},{"r":"212","t":"11:38:34","h":"Ouest","s":"25N-H62NV10I-80-I"},{"r":"212","t":"11:38:34","h":"Ouest","s":"25N-H62NV20A-80-A"},{"r":"212","t":"11:38:34","h":"Ouest","s":"25N-H62NV20I-80-I"},{"r":"212","t":"11:38:34","h":"Ouest","s":"25S-H62S000A-80-A"},{"r":"212","t":"11:38:34","h":"Ouest","s":"25S-H62S000I-80-I"},{"r":"212","t":"11:38:34","h":"Ouest","s":"25S-H62S100F-80-F1"},{"r":"212","t":"11:38:34","h":"Ouest","s":"25S-H62S200F-80-F2"},{"r":"212","t":"11:54:34","h":"Ouest","s":"25N-H62N000S-80-S"},{"r":"212","t":"11:54:34","h":"Ouest","s":"25N-H62NV10S-80-S"},{"r":"212","t":"11:54:34","h":"Ouest","s":"25N-H62NV20S-80-S"},{"r":"212","t":"11:54:34","h":"Ouest","s":"25S-H62S000S-80-S"},{"r":"212","t":"12:08:34","h":"Ouest","s":"25N-H62N000A-80-A"},{"r":"212","t":"12:08:34","h":"Ouest","s":"25N-H62N000I-80-I"},{"r":"212","t":"12:08:34","h":"Ouest","s":"25N-H62N100F-80-F1"},{"r":"212","t":"12:08:34","h":"Ouest","s":"25N-H62N200F-80-F2"},{"r":"212","t":"12:08:34","h":"Ouest","s":"25N-H62N300F-80-F3"},{"r":"212","t":"12:08:34","h":"Ouest","s":"25N-H62N400F-80-F4"},{"r":"212","t":"12:08:34","h":"Ouest","s":"25N-H62NV10A-80-A"},{"r":"212","t":"12:08:34","h":"Ouest","s":"25N-H62NV10I-80-I"},{"r":"212","t":"12:08:34","h":"Ouest","s":"25N-H62NV20A-80-A"},{"r":"212","t":"12:08:34","h":"Ouest","s":"25N-H62NV20I-80-I"},{"r":"212","t":"12:08:34","h":"Ouest","s":"25S-H62S000A-80-A"},{"r":"212","t":"12:08:34","h":"Ouest","s":"25S-H62S000I-80-I"},{"r":"212","t":"12:08:34","h":"Ouest","s":"25S-H62S100F-80-F1"},{"r":"212","t":"12:08:34","h":"Ouest","s":"25S-H62S200F-80-F2"},{"r":"212","t":"12:11:34","h":"Ouest","s":"25N-H62N000S-80-S"},{"r":"212","t":"12:11:34","h":"Ouest","s":"25N-H62NV10S-80-S"},{"r":"212","t":"12:11:34","h":"Ouest","s":"25N-H62NV20S-80-S"},{"r":"212","t":"12:11:34","h":"Ouest","s":"25S-H62S000S-80-S"},{"r":"212","t":"12:28:34","h":"Ouest","s":"25N-H62N000S-80-S"},{"r":"212","t":"12:28:34","h":"Ouest","s":"25N-H62NV10S-80-S"},{"r":"212","t":"12:28:34","h":"Ouest","s":"25N-H62NV20S-80-S"},{"r":"212","t":"12:28:34","h":"Ouest","s":"25S-H62S000S-80-S"},{"r":"212","t":"12:38:34","h":"Ouest","s":"25N-H62N000A-80-A"},{"r":"212","t":"12:38:34","h":"Ouest","s":"25N-H62N000I-80-I"},{"r":"212","t":"12:38:34","h":"Ouest","s":"25N-H62N100F-80-F1"},{"r":"212","t":"12:38:34","h":"Ouest","s":"25N-H62N200F-80-F2"},{"r":"212","t":"12:38:34","h":"Ouest","s":"25N-H62N300F-80-F3"},{"r":"212","t":"12:38:34","h":"Ouest","s":"25N-H62N400F-80-F4"},{"r":"212","t":"12:38:34","h":"Ouest","s":"25N-H62NV10A-80-A"},{"r":"212","t":"12:38:34","h":"Ouest","s":"25N-H62NV10I-80-I"},{"r":"212","t":"12:38:34","h":"Ouest","s":"25N-H62NV20A-80-A"},{"r":"212","t":"12:38:34","h":"Ouest","s":"25N-H62NV20I-80-I"},{"r":"212","t":"12:38:34","h":"Ouest","s":"25S-H62S000A-80-A"},{"r":"212","t":"12:38:34","h":"Ouest","s":"25S-H62S000I-80-I"},{"r":"212","t":"12:38:34","h":"Ouest","s":"25S-H62S100F-80-F1"},{"r":"212","t":"12:38:34","h":"Ouest","s":"25S-H62S200F-80-F2"},{"r":"212","t":"12:45:34","h":"Ouest","s":"25N-H62N000S-80-S"},{"r":"212","t":"12:45:34","h":"Ouest","s":"25N-H62NV10S-80-S"},{"r":"212","t":"12:45:34","h":"Ouest","s":"25N-H62NV20S-80-S"},{"r":"212","t":"12:45:34","h":"Ouest","s":"25S-H62S000S-80-S"},{"r":"212","t":"13:02:34","h":"Ouest","s":"25N-H62N000S-80-S"},{"r":"212","t":"13:02:34","h":"Ouest","s":"25N-H62NV10S-80-S"},{"r":"212","t":"13:02:34","h":"Ouest","s":"25N-H62NV20S-80-S"},{"r":"212","t":"13:02:34","h":"Ouest","s":"25S-H62S000S-80-S"},{"r":"212","t":"13:08:34","h":"Ouest","s":"25N-H62N000A-80-A"},{"r":"212","t":"13:08:34","h":"Ouest","s":"25N-H62N000I-80-I"},{"r":"212","t":"13:08:34","h":"Ouest","s":"25N-H62N100F-80-F1"},{"r":"212","t":"13:08:34","h":"Ouest","s":"25N-H62N200F-80-F2"},{"r":"212","t":"13:08:34","h":"Ouest","s":"25N-H62N300F-80-F3"},{"r":"212","t":"13:08:34","h":"Ouest","s":"25N-H62N400F-80-F4"},{"r":"212","t":"13:08:34","h":"Ouest","s":"25N-H62NV10A-80-A"},{"r":"212","t":"13:08:34","h":"Ouest","s":"25N-H62NV10I-80-I"},{"r":"212","t":"13:08:34","h":"Ouest","s":"25N-H62NV20A-80-A"},{"r":"212","t":"13:08:34","h":"Ouest","s":"25N-H62NV20I-80-I"},{"r":"212","t":"13:08:34","h":"Ouest","s":"25S-H62S000A-80-A"},{"r":"212","t":"13:08:34","h":"Ouest","s":"25S-H62S000I-80-I"},{"r":"212","t":"13:08:34","h":"Ouest","s":"25S-H62S100F-80-F1"},{"r":"212","t":"13:08:34","h":"Ouest","s":"25S-H62S200F-80-F2"},{"r":"212","t":"13:19:34","h":"Ouest","s":"25N-H62N000S-80-S"},{"r":"212","t":"13:19:34","h":"Ouest","s":"25N-H62NV10S-80-S"},{"r":"212","t":"13:19:34","h":"Ouest","s":"25N-H62NV20S-80-S"},{"r":"212","t":"13:19:34","h":"Ouest","s":"25S-H62S000S-80-S"},{"r":"212","t":"13:36:34","h":"Ouest","s":"25N-H62N000S-80-S"},{"r":"212","t":"13:36:34","h":"Ouest","s":"25N-H62NV10S-80-S"},{"r":"212","t":"13:36:34","h":"Ouest","s":"25N-H62NV20S-80-S"},{"r":"212","t":"13:36:34","h":"Ouest","s":"25S-H62S000S-80-S"},{"r":"212","t":"13:38:34","h":"Ouest","s":"25N-H62N000A-80-A"},{"r":"212","t":"13:38:34","h":"Ouest","s":"25N-H62N000I-80-I"},{"r":"212","t":"13:38:34","h":"Ouest","s":"25N-H62N100F-80-F1"},{"r":"212","t":"13:38:34","h":"Ouest","s":"25N-H62N200F-80-F2"},{"r":"212","t":"13:38:34","h":"Ouest","s":"25N-H62N300F-80-F3"},{"r":"212","t":"13:38:34","h":"Ouest","s":"25N-H62N400F-80-F4"},{"r":"212","t":"13:38:34","h":"Ouest","s":"25N-H62NV10A-80-A"},{"r":"212","t":"13:38:34","h":"Ouest","s":"25N-H62NV10I-80-I"},{"r":"212","t":"13:38:34","h":"Ouest","s":"25N-H62NV20A-80-A"},{"r":"212","t":"13:38:34","h":"Ouest","s":"25N-H62NV20I-80-I"},{"r":"212","t":"13:38:34","h":"Ouest","s":"25S-H62S000A-80-A"},{"r":"212","t":"13:38:34","h":"Ouest","s":"25S-H62S000I-80-I"},{"r":"212","t":"13:38:34","h":"Ouest","s":"25S-H62S100F-80-F1"},{"r":"212","t":"13:38:34","h":"Ouest","s":"25S-H62S200F-80-F2"},{"r":"212","t":"13:53:34","h":"Ouest","s":"25N-H62N000S-80-S"},{"r":"212","t":"13:53:34","h":"Ouest","s":"25N-H62NV10S-80-S"},{"r":"212","t":"13:53:34","h":"Ouest","s":"25N-H62NV20S-80-S"},{"r":"212","t":"13:53:34","h":"Ouest","s":"25S-H62S000S-80-S"},{"r":"212","t":"14:08:34","h":"Ouest","s":"25N-H62N000A-80-A"},{"r":"212","t":"14:08:34","h":"Ouest","s":"25N-H62N000I-80-I"},{"r":"212","t":"14:08:34","h":"Ouest","s":"25N-H62N100F-80-F1"},{"r":"212","t":"14:08:34","h":"Ouest","s":"25N-H62N200F-80-F2"},{"r":"212","t":"14:08:34","h":"Ouest","s":"25N-H62N300F-80-F3"},{"r":"212","t":"14:08:34","h":"Ouest","s":"25N-H62N400F-80-F4"},{"r":"212","t":"14:08:34","h":"Ouest","s":"25N-H62NV10A-80-A"},{"r":"212","t":"14:08:34","h":"Ouest","s":"25N-H62NV10I-80-I"},{"r":"212","t":"14:08:34","h":"Ouest","s":"25N-H62NV20A-80-A"},{"r":"212","t":"14:08:34","h":"Ouest","s":"25N-H62NV20I-80-I"},{"r":"212","t":"14:08:34","h":"Ouest","s":"25S-H62S000A-80-A"},{"r":"212","t":"14:08:34","h":"Ouest","s":"25S-H62S000I-80-I"},{"r":"212","t":"14:08:34","h":"Ouest","s":"25S-H62S100F-80-F1"},{"r":"212","t":"14:08:34","h":"Ouest","s":"25S-H62S200F-80-F2"},{"r":"212","t":"14:10:34","h":"Ouest","s":"25N-H62N000S-80-S"},{"r":"212","t":"14:10:34","h":"Ouest","s":"25N-H62NV10S-80-S"},{"r":"212","t":"14:10:34","h":"Ouest","s":"25N-H62NV20S-80-S"},{"r":"212","t":"14:10:34","h":"Ouest","s":"25S-H62S000S-80-S"},{"r":"212","t":"14:27:34","h":"Ouest","s":"25N-H62N000S-80-S"},{"r":"212","t":"14:27:34","h":"Ouest","s":"25N-H62NV10S-80-S"},{"r":"212","t":"14:27:34","h":"Ouest","s":"25N-H62NV20S-80-S"},{"r":"212","t":"14:27:34","h":"Ouest","s":"25S-H62S000S-80-S"},{"r":"212","t":"14:38:34","h":"Ouest","s":"25N-H62N000A-80-A"},{"r":"212","t":"14:38:34","h":"Ouest","s":"25N-H62N000I-80-I"},{"r":"212","t":"14:38:34","h":"Ouest","s":"25N-H62N100F-80-F1"},{"r":"212","t":"14:38:34","h":"Ouest","s":"25N-H62N200F-80-F2"},{"r":"212","t":"14:38:34","h":"Ouest","s":"25N-H62N300F-80-F3"},{"r":"212","t":"14:38:34","h":"Ouest","s":"25N-H62N400F-80-F4"},{"r":"212","t":"14:38:34","h":"Ouest","s":"25N-H62NV10A-80-A"},{"r":"212","t":"14:38:34","h":"Ouest","s":"25N-H62NV10I-80-I"},{"r":"212","t":"14:38:34","h":"Ouest","s":"25N-H62NV20A-80-A"},{"r":"212","t":"14:38:34","h":"Ouest","s":"25N-H62NV20I-80-I"},{"r":"212","t":"14:38:34","h":"Ouest","s":"25S-H62S000A-80-A"},{"r":"212","t":"14:38:34","h":"Ouest","s":"25S-H62S000I-80-I"},{"r":"212","t":"14:38:34","h":"Ouest","s":"25S-H62S100F-80-F1"},{"r":"212","t":"14:38:34","h":"Ouest","s":"25S-H62S200F-80-F2"},{"r":"212","t":"14:44:34","h":"Ouest","s":"25N-H62N000S-80-S"},{"r":"212","t":"14:44:34","h":"Ouest","s":"25N-H62NV10S-80-S"},{"r":"212","t":"14:44:34","h":"Ouest","s":"25N-H62NV20S-80-S"},{"r":"212","t":"14:44:34","h":"Ouest","s":"25S-H62S000S-80-S"},{"r":"212","t":"15:01:34","h":"Ouest","s":"25N-H62N000S-80-S"},{"r":"212","t":"15:01:34","h":"Ouest","s":"25N-H62NV10S-80-S"},{"r":"212","t":"15:01:34","h":"Ouest","s":"25N-H62NV20S-80-S"},{"r":"212","t":"15:01:34","h":"Ouest","s":"25S-H62S000S-80-S"},{"r":"212","t":"15:08:34","h":"Ouest","s":"25N-H62N000A-80-A"},{"r":"212","t":"15:08:34","h":"Ouest","s":"25N-H62N000I-80-I"},{"r":"212","t":"15:08:34","h":"Ouest","s":"25N-H62N100F-80-F1"},{"r":"212","t":"15:08:34","h":"Ouest","s":"25N-H62N200F-80-F2"},{"r":"212","t":"15:08:34","h":"Ouest","s":"25N-H62N300F-80-F3"},{"r":"212","t":"15:08:34","h":"Ouest","s":"25N-H62N400F-80-F4"},{"r":"212","t":"15:08:34","h":"Ouest","s":"25N-H62NV10A-80-A"},{"r":"212","t":"15:08:34","h":"Ouest","s":"25N-H62NV10I-80-I"},{"r":"212","t":"15:08:34","h":"Ouest","s":"25N-H62NV20A-80-A"},{"r":"212","t":"15:08:34","h":"Ouest","s":"25N-H62NV20I-80-I"},{"r":"212","t":"15:08:34","h":"Ouest","s":"25S-H62S000A-80-A"},{"r":"212","t":"15:08:34","h":"Ouest","s":"25S-H62S000I-80-I"},{"r":"212","t":"15:08:34","h":"Ouest","s":"25S-H62S100F-80-F1"},{"r":"212","t":"15:08:34","h":"Ouest","s":"25S-H62S200F-80-F2"},{"r":"212","t":"15:18:34","h":"Ouest","s":"25N-H62N000S-80-S"},{"r":"212","t":"15:18:34","h":"Ouest","s":"25N-H62NV10S-80-S"},{"r":"212","t":"15:18:34","h":"Ouest","s":"25N-H62NV20S-80-S"},{"r":"212","t":"15:18:34","h":"Ouest","s":"25S-H62S000S-80-S"},{"r":"212","t":"15:35:34","h":"Ouest","s":"25N-H62N000S-80-S"},{"r":"212","t":"15:35:34","h":"Ouest","s":"25N-H62NV10S-80-S"},{"r":"212","t":"15:35:34","h":"Ouest","s":"25N-H62NV20S-80-S"},{"r":"212","t":"15:35:34","h":"Ouest","s":"25S-H62S000S-80-S"},{"r":"212","t":"15:38:34","h":"Ouest","s":"25N-H62N000A-80-A"},{"r":"212","t":"15:38:34","h":"Ouest","s":"25N-H62N000I-80-I"},{"r":"212","t":"15:38:34","h":"Ouest","s":"25N-H62N100F-80-F1"},{"r":"212","t":"15:38:34","h":"Ouest","s":"25N-H62N200F-80-F2"},{"r":"212","t":"15:38:34","h":"Ouest","s":"25N-H62N300F-80-F3"},{"r":"212","t":"15:38:34","h":"Ouest","s":"25N-H62N400F-80-F4"},{"r":"212","t":"15:38:34","h":"Ouest","s":"25N-H62NV10A-80-A"},{"r":"212","t":"15:38:34","h":"Ouest","s":"25N-H62NV10I-80-I"},{"r":"212","t":"15:38:34","h":"Ouest","s":"25N-H62NV20A-80-A"},{"r":"212","t":"15:38:34","h":"Ouest","s":"25N-H62NV20I-80-I"},{"r":"212","t":"15:38:34","h":"Ouest","s":"25S-H62S000A-80-A"},{"r":"212","t":"15:38:34","h":"Ouest","s":"25S-H62S000I-80-I"},{"r":"212","t":"15:38:34","h":"Ouest","s":"25S-H62S100F-80-F1"},{"r":"212","t":"15:38:34","h":"Ouest","s":"25S-H62S200F-80-F2"},{"r":"212","t":"15:52:34","h":"Ouest","s":"25N-H62N000S-80-S"},{"r":"212","t":"15:52:34","h":"Ouest","s":"25N-H62NV10S-80-S"},{"r":"212","t":"15:52:34","h":"Ouest","s":"25N-H62NV20S-80-S"},{"r":"212","t":"15:52:34","h":"Ouest","s":"25S-H62S000S-80-S"},{"r":"212","t":"16:08:34","h":"Ouest","s":"25N-H62N000A-80-A"},{"r":"212","t":"16:08:34","h":"Ouest","s":"25N-H62N000I-80-I"},{"r":"212","t":"16:08:34","h":"Ouest","s":"25N-H62N100F-80-F1"},{"r":"212","t":"16:08:34","h":"Ouest","s":"25N-H62N200F-80-F2"},{"r":"212","t":"16:08:34","h":"Ouest","s":"25N-H62N300F-80-F3"},{"r":"212","t":"16:08:34","h":"Ouest","s":"25N-H62N400F-80-F4"},{"r":"212","t":"16:08:34","h":"Ouest","s":"25N-H62NV10A-80-A"},{"r":"212","t":"16:08:34","h":"Ouest","s":"25N-H62NV10I-80-I"},{"r":"212","t":"16:08:34","h":"Ouest","s":"25N-H62NV20A-80-A"},{"r":"212","t":"16:08:34","h":"Ouest","s":"25N-H62NV20I-80-I"},{"r":"212","t":"16:08:34","h":"Ouest","s":"25S-H62S000A-80-A"},{"r":"212","t":"16:08:34","h":"Ouest","s":"25S-H62S000I-80-I"},{"r":"212","t":"16:08:34","h":"Ouest","s":"25S-H62S100F-80-F1"},{"r":"212","t":"16:08:34","h":"Ouest","s":"25S-H62S200F-80-F2"},{"r":"212","t":"16:09:34","h":"Ouest","s":"25N-H62N000S-80-S"},{"r":"212","t":"16:09:34","h":"Ouest","s":"25N-H62NV10S-80-S"},{"r":"212","t":"16:09:34","h":"Ouest","s":"25N-H62NV20S-80-S"},{"r":"212","t":"16:09:34","h":"Ouest","s":"25S-H62S000S-80-S"},{"r":"212","t":"16:26:34","h":"Ouest","s":"25N-H62N000S-80-S"},{"r":"212","t":"16:26:34","h":"Ouest","s":"25N-H62NV10S-80-S"},{"r":"212","t":"16:26:34","h":"Ouest","s":"25N-H62NV20S-80-S"},{"r":"212","t":"16:26:34","h":"Ouest","s":"25S-H62S000S-80-S"},{"r":"212","t":"16:38:34","h":"Ouest","s":"25N-H62N000A-80-A"},{"r":"212","t":"16:38:34","h":"Ouest","s":"25N-H62N000I-80-I"},{"r":"212","t":"16:38:34","h":"Ouest","s":"25N-H62N100F-80-F1"},{"r":"212","t":"16:38:34","h":"Ouest","s":"25N-H62N200F-80-F2"},{"r":"212","t":"16:38:34","h":"Ouest","s":"25N-H62N300F-80-F3"},{"r":"212","t":"16:38:34","h":"Ouest","s":"25N-H62N400F-80-F4"},{"r":"212","t":"16:38:34","h":"Ouest","s":"25N-H62NV10A-80-A"},{"r":"212","t":"16:38:34","h":"Ouest","s":"25N-H62NV10I-80-I"},{"r":"212","t":"16:38:34","h":"Ouest","s":"25N-H62NV20A-80-A"},{"r":"212","t":"16:38:34","h":"Ouest","s":"25N-H62NV20I-80-I"},{"r":"212","t":"16:38:34","h":"Ouest","s":"25S-H62S000A-80-A"},{"r":"212","t":"16:38:34","h":"Ouest","s":"25S-H62S000I-80-I"},{"r":"212","t":"16:38:34","h":"Ouest","s":"25S-H62S100F-80-F1"},{"r":"212","t":"16:38:34","h":"Ouest","s":"25S-H62S200F-80-F2"},{"r":"212","t":"16:43:34","h":"Ouest","s":"25N-H62N000S-80-S"},{"r":"212","t":"16:43:34","h":"Ouest","s":"25N-H62NV10S-80-S"},{"r":"212","t":"16:43:34","h":"Ouest","s":"25N-H62NV20S-80-S"},{"r":"212","t":"16:43:34","h":"Ouest","s":"25S-H62S000S-80-S"},{"r":"212","t":"17:00:34","h":"Ouest","s":"25N-H62N000S-80-S"},{"r":"212","t":"17:00:34","h":"Ouest","s":"25N-H62NV10S-80-S"},{"r":"212","t":"17:00:34","h":"Ouest","s":"25N-H62NV20S-80-S"},{"r":"212","t":"17:00:34","h":"Ouest","s":"25S-H62S000S-80-S"},{"r":"212","t":"17:08:34","h":"Ouest","s":"25N-H62N000A-80-A"},{"r":"212","t":"17:08:34","h":"Ouest","s":"25N-H62N000I-80-I"},{"r":"212","t":"17:08:34","h":"Ouest","s":"25N-H62N100F-80-F1"},{"r":"212","t":"17:08:34","h":"Ouest","s":"25N-H62N200F-80-F2"},{"r":"212","t":"17:08:34","h":"Ouest","s":"25N-H62N300F-80-F3"},{"r":"212","t":"17:08:34","h":"Ouest","s":"25N-H62N400F-80-F4"},{"r":"212","t":"17:08:34","h":"Ouest","s":"25N-H62NV10A-80-A"},{"r":"212","t":"17:08:34","h":"Ouest","s":"25N-H62NV10I-80-I"},{"r":"212","t":"17:08:34","h":"Ouest","s":"25N-H62NV20A-80-A"},{"r":"212","t":"17:08:34","h":"Ouest","s":"25N-H62NV20I-80-I"},{"r":"212","t":"17:08:34","h":"Ouest","s":"25S-H62S000A-80-A"},{"r":"212","t":"17:08:34","h":"Ouest","s":"25S-H62S000I-80-I"},{"r":"212","t":"17:08:34","h":"Ouest","s":"25S-H62S100F-80-F1"},{"r":"212","t":"17:08:34","h":"Ouest","s":"25S-H62S200F-80-F2"},{"r":"212","t":"17:17:34","h":"Ouest","s":"25N-H62N000S-80-S"},{"r":"212","t":"17:17:34","h":"Ouest","s":"25N-H62NV10S-80-S"},{"r":"212","t":"17:17:34","h":"Ouest","s":"25N-H62NV20S-80-S"},{"r":"212","t":"17:17:34","h":"Ouest","s":"25S-H62S000S-80-S"},{"r":"212","t":"17:34:34","h":"Ouest","s":"25N-H62N000S-80-S"},{"r":"212","t":"17:34:34","h":"Ouest","s":"25N-H62NV10S-80-S"},{"r":"212","t":"17:34:34","h":"Ouest","s":"25N-H62NV20S-80-S"},{"r":"212","t":"17:34:34","h":"Ouest","s":"25S-H62S000S-80-S"},{"r":"212","t":"17:38:34","h":"Ouest","s":"25N-H62N000A-80-A"},{"r":"212","t":"17:38:34","h":"Ouest","s":"25N-H62N000I-80-I"},{"r":"212","t":"17:38:34","h":"Ouest","s":"25N-H62N100F-80-F1"},{"r":"212","t":"17:38:34","h":"Ouest","s":"25N-H62N200F-80-F2"},{"r":"212","t":"17:38:34","h":"Ouest","s":"25N-H62N300F-80-F3"},{"r":"212","t":"17:38:34","h":"Ouest","s":"25N-H62N400F-80-F4"},{"r":"212","t":"17:38:34","h":"Ouest","s":"25N-H62NV10A-80-A"},{"r":"212","t":"17:38:34","h":"Ouest","s":"25N-H62NV10I-80-I"},{"r":"212","t":"17:38:34","h":"Ouest","s":"25N-H62NV20A-80-A"},{"r":"212","t":"17:38:34","h":"Ouest","s":"25N-H62NV20I-80-I"},{"r":"212","t":"17:38:34","h":"Ouest","s":"25S-H62S000A-80-A"},{"r":"212","t":"17:38:34","h":"Ouest","s":"25S-H62S000I-80-I"},{"r":"212","t":"17:38:34","h":"Ouest","s":"25S-H62S100F-80-F1"},{"r":"212","t":"17:38:34","h":"Ouest","s":"25S-H62S200F-80-F2"},{"r":"212","t":"17:48:34","h":"Ouest","s":"25N-H62N000S-80-S"},{"r":"212","t":"17:48:34","h":"Ouest","s":"25N-H62NV10S-80-S"},{"r":"212","t":"17:48:34","h":"Ouest","s":"25N-H62NV20S-80-S"},{"r":"212","t":"17:48:34","h":"Ouest","s":"25S-H62S000S-80-S"},{"r":"212","t":"18:08:34","h":"Ouest","s":"25N-H62N000A-80-A"},{"r":"212","t":"18:08:34","h":"Ouest","s":"25N-H62N000I-80-I"},{"r":"212","t":"18:08:34","h":"Ouest","s":"25N-H62N000S-80-S"},{"r":"212","t":"18:08:34","h":"Ouest","s":"25N-H62N100F-80-F1"},{"r":"212","t":"18:08:34","h":"Ouest","s":"25N-H62N200F-80-F2"},{"r":"212","t":"18:08:34","h":"Ouest","s":"25N-H62N300F-80-F3"},{"r":"212","t":"18:08:34","h":"Ouest","s":"25N-H62N400F-80-F4"},{"r":"212","t":"18:08:34","h":"Ouest","s":"25N-H62NV10A-80-A"},{"r":"212","t":"18:08:34","h":"Ouest","s":"25N-H62NV10I-80-I"},{"r":"212","t":"18:08:34","h":"Ouest","s":"25N-H62NV10S-80-S"},{"r":"212","t":"18:08:34","h":"Ouest","s":"25N-H62NV20A-80-A"},{"r":"212","t":"18:08:34","h":"Ouest","s":"25N-H62NV20I-80-I"},{"r":"212","t":"18:08:34","h":"Ouest","s":"25N-H62NV20S-80-S"},{"r":"212","t":"18:08:34","h":"Ouest","s":"25S-H62S000A-80-A"},{"r":"212","t":"18:08:34","h":"Ouest","s":"25S-H62S000I-80-I"},{"r":"212","t":"18:08:34","h":"Ouest","s":"25S-H62S000S-80-S"},{"r":"212","t":"18:08:34","h":"Ouest","s":"25S-H62S100F-80-F1"},{"r":"212","t":"18:08:34","h":"Ouest","s":"25S-H62S200F-80-F2"},{"r":"212","t":"18:25:34","h":"Ouest","s":"25N-H62N000S-80-S"},{"r":"212","t":"18:25:34","h":"Ouest","s":"25N-H62NV10S-80-S"},{"r":"212","t":"18:25:34","h":"Ouest","s":"25N-H62NV20S-80-S"},{"r":"212","t":"18:25:34","h":"Ouest","s":"25S-H62S000S-80-S"},{"r":"212","t":"18:38:34","h":"Ouest","s":"25N-H62N000A-80-A"},{"r":"212","t":"18:38:34","h":"Ouest","s":"25N-H62N000I-80-I"},{"r":"212","t":"18:38:34","h":"Ouest","s":"25N-H62N100F-80-F1"},{"r":"212","t":"18:38:34","h":"Ouest","s":"25N-H62N200F-80-F2"},{"r":"212","t":"18:38:34","h":"Ouest","s":"25N-H62N300F-80-F3"},{"r":"212","t":"18:38:34","h":"Ouest","s":"25N-H62N400F-80-F4"},{"r":"212","t":"18:38:34","h":"Ouest","s":"25N-H62NV10A-80-A"},{"r":"212","t":"18:38:34","h":"Ouest","s":"25N-H62NV10I-80-I"},{"r":"212","t":"18:38:34","h":"Ouest","s":"25N-H62NV20A-80-A"},{"r":"212","t":"18:38:34","h":"Ouest","s":"25N-H62NV20I-80-I"},{"r":"212","t":"18:38:34","h":"Ouest","s":"25S-H62S000A-80-A"},{"r":"212","t":"18:38:34","h":"Ouest","s":"25S-H62S000I-80-I"},{"r":"212","t":"18:38:34","h":"Ouest","s":"25S-H62S100F-80-F1"},{"r":"212","t":"18:38:34","h":"Ouest","s":"25S-H62S200F-80-F2"},{"r":"212","t":"18:43:34","h":"Ouest","s":"25N-H62N000S-80-S"},{"r":"212","t":"18:43:34","h":"Ouest","s":"25N-H62NV10S-80-S"},{"r":"212","t":"18:43:34","h":"Ouest","s":"25N-H62NV20S-80-S"},{"r":"212","t":"18:43:34","h":"Ouest","s":"25S-H62S000S-80-S"},{"r":"212","t":"19:03:34","h":"Ouest","s":"25N-H62N000S-80-S"},{"r":"212","t":"19:03:34","h":"Ouest","s":"25N-H62NV10S-80-S"},{"r":"212","t":"19:03:34","h":"Ouest","s":"25N-H62NV20S-80-S"},{"r":"212","t":"19:03:34","h":"Ouest","s":"25S-H62S000S-80-S"},{"r":"212","t":"19:08:34","h":"Ouest","s":"25N-H62N000A-80-A"},{"r":"212","t":"19:08:34","h":"Ouest","s":"25N-H62N000I-80-I"},{"r":"212","t":"19:08:34","h":"Ouest","s":"25N-H62N100F-80-F1"},{"r":"212","t":"19:08:34","h":"Ouest","s":"25N-H62N200F-80-F2"},{"r":"212","t":"19:08:34","h":"Ouest","s":"25N-H62N300F-80-F3"},{"r":"212","t":"19:08:34","h":"Ouest","s":"25N-H62N400F-80-F4"},{"r":"212","t":"19:08:34","h":"Ouest","s":"25N-H62NV10A-80-A"},{"r":"212","t":"19:08:34","h":"Ouest","s":"25N-H62NV10I-80-I"},{"r":"212","t":"19:08:34","h":"Ouest","s":"25N-H62NV20A-80-A"},{"r":"212","t":"19:08:34","h":"Ouest","s":"25N-H62NV20I-80-I"},{"r":"212","t":"19:08:34","h":"Ouest","s":"25S-H62S000A-80-A"},{"r":"212","t":"19:08:34","h":"Ouest","s":"25S-H62S000I-80-I"},{"r":"212","t":"19:08:34","h":"Ouest","s":"25S-H62S100F-80-F1"},{"r":"212","t":"19:08:34","h":"Ouest","s":"25S-H62S200F-80-F2"},{"r":"212","t":"19:25:34","h":"Ouest","s":"25N-H62N000S-80-S"},{"r":"212","t":"19:25:34","h":"Ouest","s":"25N-H62NV10S-80-S"},{"r":"212","t":"19:25:34","h":"Ouest","s":"25N-H62NV20S-80-S"},{"r":"212","t":"19:25:34","h":"Ouest","s":"25S-H62S000S-80-S"},{"r":"212","t":"19:38:34","h":"Ouest","s":"25N-H62N000A-80-A"},{"r":"212","t":"19:38:34","h":"Ouest","s":"25N-H62N000I-80-I"},{"r":"212","t":"19:38:34","h":"Ouest","s":"25N-H62N100F-80-F1"},{"r":"212","t":"19:38:34","h":"Ouest","s":"25N-H62N200F-80-F2"},{"r":"212","t":"19:38:34","h":"Ouest","s":"25N-H62N300F-80-F3"},{"r":"212","t":"19:38:34","h":"Ouest","s":"25N-H62N400F-80-F4"},{"r":"212","t":"19:38:34","h":"Ouest","s":"25N-H62NV10A-80-A"},{"r":"212","t":"19:38:34","h":"Ouest","s":"25N-H62NV10I-80-I"},{"r":"212","t":"19:38:34","h":"Ouest","s":"25N-H62NV20A-80-A"},{"r":"212","t":"19:38:34","h":"Ouest","s":"25N-H62NV20I-80-I"},{"r":"212","t":"19:38:34","h":"Ouest","s":"25S-H62S000A-80-A"},{"r":"212","t":"19:38:34","h":"Ouest","s":"25S-H62S000I-80-I"},{"r":"212","t":"19:38:34","h":"Ouest","s":"25S-H62S100F-80-F1"},{"r":"212","t":"19:38:34","h":"Ouest","s":"25S-H62S200F-80-F2"},{"r":"212","t":"19:53:34","h":"Ouest","s":"25N-H62N000S-80-S"},{"r":"212","t":"19:53:34","h":"Ouest","s":"25N-H62NV10S-80-S"},{"r":"212","t":"19:53:34","h":"Ouest","s":"25N-H62NV20S-80-S"},{"r":"212","t":"19:53:34","h":"Ouest","s":"25S-H62S000S-80-S"},{"r":"212","t":"20:08:34","h":"Ouest","s":"25N-H62N000A-80-A"},{"r":"212","t":"20:08:34","h":"Ouest","s":"25N-H62N000I-80-I"},{"r":"212","t":"20:08:34","h":"Ouest","s":"25N-H62N100F-80-F1"},{"r":"212","t":"20:08:34","h":"Ouest","s":"25N-H62N200F-80-F2"},{"r":"212","t":"20:08:34","h":"Ouest","s":"25N-H62N300F-80-F3"},{"r":"212","t":"20:08:34","h":"Ouest","s":"25N-H62N400F-80-F4"},{"r":"212","t":"20:08:34","h":"Ouest","s":"25N-H62NV10A-80-A"},{"r":"212","t":"20:08:34","h":"Ouest","s":"25N-H62NV10I-80-I"},{"r":"212","t":"20:08:34","h":"Ouest","s":"25N-H62NV20A-80-A"},{"r":"212","t":"20:08:34","h":"Ouest","s":"25N-H62NV20I-80-I"},{"r":"212","t":"20:08:34","h":"Ouest","s":"25S-H62S000A-80-A"},{"r":"212","t":"20:08:34","h":"Ouest","s":"25S-H62S000I-80-I"},{"r":"212","t":"20:08:34","h":"Ouest","s":"25S-H62S100F-80-F1"},{"r":"212","t":"20:08:34","h":"Ouest","s":"25S-H62S200F-80-F2"},{"r":"212","t":"20:23:34","h":"Ouest","s":"25N-H62N000S-80-S"},{"r":"212","t":"20:23:34","h":"Ouest","s":"25N-H62NV10S-80-S"},{"r":"212","t":"20:23:34","h":"Ouest","s":"25N-H62NV20S-80-S"},{"r":"212","t":"20:23:34","h":"Ouest","s":"25S-H62S000S-80-S"},{"r":"212","t":"20:38:34","h":"Ouest","s":"25N-H62N000A-80-A"},{"r":"212","t":"20:38:34","h":"Ouest","s":"25N-H62N000I-80-I"},{"r":"212","t":"20:38:34","h":"Ouest","s":"25N-H62N100F-80-F1"},{"r":"212","t":"20:38:34","h":"Ouest","s":"25N-H62N200F-80-F2"},{"r":"212","t":"20:38:34","h":"Ouest","s":"25N-H62N300F-80-F3"},{"r":"212","t":"20:38:34","h":"Ouest","s":"25N-H62N400F-80-F4"},{"r":"212","t":"20:38:34","h":"Ouest","s":"25N-H62NV10A-80-A"},{"r":"212","t":"20:38:34","h":"Ouest","s":"25N-H62NV10I-80-I"},{"r":"212","t":"20:38:34","h":"Ouest","s":"25N-H62NV20A-80-A"},{"r":"212","t":"20:38:34","h":"Ouest","s":"25N-H62NV20I-80-I"},{"r":"212","t":"20:38:34","h":"Ouest","s":"25S-H62S000A-80-A"},{"r":"212","t":"20:38:34","h":"Ouest","s":"25S-H62S000I-80-I"},{"r":"212","t":"20:38:34","h":"Ouest","s":"25S-H62S100F-80-F1"},{"r":"212","t":"20:38:34","h":"Ouest","s":"25S-H62S200F-80-F2"},{"r":"212","t":"20:53:34","h":"Ouest","s":"25N-H62N000S-80-S"},{"r":"212","t":"20:53:34","h":"Ouest","s":"25N-H62NV10S-80-S"},{"r":"212","t":"20:53:34","h":"Ouest","s":"25N-H62NV20S-80-S"},{"r":"212","t":"20:53:34","h":"Ouest","s":"25S-H62S000S-80-S"},{"r":"212","t":"21:08:34","h":"Ouest","s":"25N-H62N000A-80-A"},{"r":"212","t":"21:08:34","h":"Ouest","s":"25N-H62N000I-80-I"},{"r":"212","t":"21:08:34","h":"Ouest","s":"25N-H62N100F-80-F1"},{"r":"212","t":"21:08:34","h":"Ouest","s":"25N-H62N200F-80-F2"},{"r":"212","t":"21:08:34","h":"Ouest","s":"25N-H62N300F-80-F3"},{"r":"212","t":"21:08:34","h":"Ouest","s":"25N-H62N400F-80-F4"},{"r":"212","t":"21:08:34","h":"Ouest","s":"25N-H62NV10A-80-A"},{"r":"212","t":"21:08:34","h":"Ouest","s":"25N-H62NV10I-80-I"},{"r":"212","t":"21:08:34","h":"Ouest","s":"25N-H62NV20A-80-A"},{"r":"212","t":"21:08:34","h":"Ouest","s":"25N-H62NV20I-80-I"},{"r":"212","t":"21:08:34","h":"Ouest","s":"25S-H62S000A-80-A"},{"r":"212","t":"21:08:34","h":"Ouest","s":"25S-H62S000I-80-I"},{"r":"212","t":"21:08:34","h":"Ouest","s":"25S-H62S100F-80-F1"},{"r":"212","t":"21:08:34","h":"Ouest","s":"25S-H62S200F-80-F2"},{"r":"212","t":"21:23:34","h":"Ouest","s":"25N-H62N000S-80-S"},{"r":"212","t":"21:23:34","h":"Ouest","s":"25N-H62NV10S-80-S"},{"r":"212","t":"21:23:34","h":"Ouest","s":"25N-H62NV20S-80-S"},{"r":"212","t":"21:23:34","h":"Ouest","s":"25S-H62S000S-80-S"},{"r":"212","t":"21:38:34","h":"Ouest","s":"25N-H62N000A-80-A"},{"r":"212","t":"21:38:34","h":"Ouest","s":"25N-H62N000I-80-I"},{"r":"212","t":"21:38:34","h":"Ouest","s":"25N-H62N100F-80-F1"},{"r":"212","t":"21:38:34","h":"Ouest","s":"25N-H62N200F-80-F2"},{"r":"212","t":"21:38:34","h":"Ouest","s":"25N-H62N300F-80-F3"},{"r":"212","t":"21:38:34","h":"Ouest","s":"25N-H62N400F-80-F4"},{"r":"212","t":"21:38:34","h":"Ouest","s":"25N-H62NV10A-80-A"},{"r":"212","t":"21:38:34","h":"Ouest","s":"25N-H62NV10I-80-I"},{"r":"212","t":"21:38:34","h":"Ouest","s":"25N-H62NV20A-80-A"},{"r":"212","t":"21:38:34","h":"Ouest","s":"25N-H62NV20I-80-I"},{"r":"212","t":"21:38:34","h":"Ouest","s":"25S-H62S000A-80-A"},{"r":"212","t":"21:38:34","h":"Ouest","s":"25S-H62S000I-80-I"},{"r":"212","t":"21:38:34","h":"Ouest","s":"25S-H62S100F-80-F1"},{"r":"212","t":"21:38:34","h":"Ouest","s":"25S-H62S200F-80-F2"},{"r":"212","t":"21:53:34","h":"Ouest","s":"25N-H62N000S-80-S"},{"r":"212","t":"21:53:34","h":"Ouest","s":"25N-H62NV10S-80-S"},{"r":"212","t":"21:53:34","h":"Ouest","s":"25N-H62NV20S-80-S"},{"r":"212","t":"21:53:34","h":"Ouest","s":"25S-H62S000S-80-S"},{"r":"212","t":"22:08:34","h":"Ouest","s":"25N-H62N000A-80-A"},{"r":"212","t":"22:08:34","h":"Ouest","s":"25N-H62N000I-80-I"},{"r":"212","t":"22:08:34","h":"Ouest","s":"25N-H62N100F-80-F1"},{"r":"212","t":"22:08:34","h":"Ouest","s":"25N-H62N200F-80-F2"},{"r":"212","t":"22:08:34","h":"Ouest","s":"25N-H62N300F-80-F3"},{"r":"212","t":"22:08:34","h":"Ouest","s":"25N-H62N400F-80-F4"},{"r":"212","t":"22:08:34","h":"Ouest","s":"25N-H62NV10A-80-A"},{"r":"212","t":"22:08:34","h":"Ouest","s":"25N-H62NV10I-80-I"},{"r":"212","t":"22:08:34","h":"Ouest","s":"25N-H62NV20A-80-A"},{"r":"212","t":"22:08:34","h":"Ouest","s":"25N-H62NV20I-80-I"},{"r":"212","t":"22:08:34","h":"Ouest","s":"25S-H62S000A-80-A"},{"r":"212","t":"22:08:34","h":"Ouest","s":"25S-H62S000I-80-I"},{"r":"212","t":"22:08:34","h":"Ouest","s":"25S-H62S100F-80-F1"},{"r":"212","t":"22:08:34","h":"Ouest","s":"25S-H62S200F-80-F2"},{"r":"212","t":"22:23:34","h":"Ouest","s":"25N-H62N000S-80-S"},{"r":"212","t":"22:23:34","h":"Ouest","s":"25N-H62NV10S-80-S"},{"r":"212","t":"22:23:34","h":"Ouest","s":"25N-H62NV20S-80-S"},{"r":"212","t":"22:23:34","h":"Ouest","s":"25S-H62S000S-80-S"},{"r":"212","t":"22:38:34","h":"Ouest","s":"25N-H62N000A-80-A"},{"r":"212","t":"22:38:34","h":"Ouest","s":"25N-H62N000I-80-I"},{"r":"212","t":"22:38:34","h":"Ouest","s":"25N-H62N100F-80-F1"},{"r":"212","t":"22:38:34","h":"Ouest","s":"25N-H62N200F-80-F2"},{"r":"212","t":"22:38:34","h":"Ouest","s":"25N-H62N300F-80-F3"},{"r":"212","t":"22:38:34","h":"Ouest","s":"25N-H62N400F-80-F4"},{"r":"212","t":"22:38:34","h":"Ouest","s":"25N-H62NV10A-80-A"},{"r":"212","t":"22:38:34","h":"Ouest","s":"25N-H62NV10I-80-I"},{"r":"212","t":"22:38:34","h":"Ouest","s":"25N-H62NV20A-80-A"},{"r":"212","t":"22:38:34","h":"Ouest","s":"25N-H62NV20I-80-I"},{"r":"212","t":"22:38:34","h":"Ouest","s":"25S-H62S000A-80-A"},{"r":"212","t":"22:38:34","h":"Ouest","s":"25S-H62S000I-80-I"},{"r":"212","t":"22:38:34","h":"Ouest","s":"25S-H62S100F-80-F1"},{"r":"212","t":"22:38:34","h":"Ouest","s":"25S-H62S200F-80-F2"},{"r":"212","t":"22:53:34","h":"Ouest","s":"25N-H62N000S-80-S"},{"r":"212","t":"22:53:34","h":"Ouest","s":"25N-H62NV10S-80-S"},{"r":"212","t":"22:53:34","h":"Ouest","s":"25N-H62NV20S-80-S"},{"r":"212","t":"22:53:34","h":"Ouest","s":"25S-H62S000S-80-S"},{"r":"212","t":"23:08:34","h":"Ouest","s":"25N-H62N000A-80-A"},{"r":"212","t":"23:08:34","h":"Ouest","s":"25N-H62N000I-80-I"},{"r":"212","t":"23:08:34","h":"Ouest","s":"25N-H62N100F-80-F1"},{"r":"212","t":"23:08:34","h":"Ouest","s":"25N-H62N200F-80-F2"},{"r":"212","t":"23:08:34","h":"Ouest","s":"25N-H62N300F-80-F3"},{"r":"212","t":"23:08:34","h":"Ouest","s":"25N-H62N400F-80-F4"},{"r":"212","t":"23:08:34","h":"Ouest","s":"25N-H62NV10A-80-A"},{"r":"212","t":"23:08:34","h":"Ouest","s":"25N-H62NV10I-80-I"},{"r":"212","t":"23:08:34","h":"Ouest","s":"25N-H62NV20A-80-A"},{"r":"212","t":"23:08:34","h":"Ouest","s":"25N-H62NV20I-80-I"},{"r":"212","t":"23:08:34","h":"Ouest","s":"25S-H62S000A-80-A"},{"r":"212","t":"23:08:34","h":"Ouest","s":"25S-H62S000I-80-I"},{"r":"212","t":"23:08:34","h":"Ouest","s":"25S-H62S100F-80-F1"},{"r":"212","t":"23:08:34","h":"Ouest","s":"25S-H62S200F-80-F2"},{"r":"212","t":"23:23:34","h":"Ouest","s":"25N-H62N000S-80-S"},{"r":"212","t":"23:23:34","h":"Ouest","s":"25N-H62NV10S-80-S"},{"r":"212","t":"23:23:34","h":"Ouest","s":"25N-H62NV20S-80-S"},{"r":"212","t":"23:23:34","h":"Ouest","s":"25S-H62S000S-80-S"},{"r":"212","t":"23:38:34","h":"Ouest","s":"25N-H62N000A-80-A"},{"r":"212","t":"23:38:34","h":"Ouest","s":"25N-H62N000I-80-I"},{"r":"212","t":"23:38:34","h":"Ouest","s":"25N-H62N100F-80-F1"},{"r":"212","t":"23:38:34","h":"Ouest","s":"25N-H62N200F-80-F2"},{"r":"212","t":"23:38:34","h":"Ouest","s":"25N-H62N300F-80-F3"},{"r":"212","t":"23:38:34","h":"Ouest","s":"25N-H62N400F-80-F4"},{"r":"212","t":"23:38:34","h":"Ouest","s":"25N-H62NV10A-80-A"},{"r":"212","t":"23:38:34","h":"Ouest","s":"25N-H62NV10I-80-I"},{"r":"212","t":"23:38:34","h":"Ouest","s":"25N-H62NV20A-80-A"},{"r":"212","t":"23:38:34","h":"Ouest","s":"25N-H62NV20I-80-I"},{"r":"212","t":"23:38:34","h":"Ouest","s":"25S-H62S000A-80-A"},{"r":"212","t":"23:38:34","h":"Ouest","s":"25S-H62S000I-80-I"},{"r":"212","t":"23:38:34","h":"Ouest","s":"25S-H62S100F-80-F1"},{"r":"212","t":"23:38:34","h":"Ouest","s":"25S-H62S200F-80-F2"},{"r":"212","t":"23:53:34","h":"Ouest","s":"25N-H62N000S-80-S"},{"r":"212","t":"23:53:34","h":"Ouest","s":"25N-H62NV10S-80-S"},{"r":"212","t":"23:53:34","h":"Ouest","s":"25N-H62NV20S-80-S"},{"r":"212","t":"23:53:34","h":"Ouest","s":"25S-H62S000S-80-S"},{"r":"212","t":"24:08:34","h":"Ouest","s":"25N-H62N000A-80-A"},{"r":"212","t":"24:08:34","h":"Ouest","s":"25N-H62N000I-80-I"},{"r":"212","t":"24:08:34","h":"Ouest","s":"25N-H62N100F-80-F1"},{"r":"212","t":"24:08:34","h":"Ouest","s":"25N-H62N200F-80-F2"},{"r":"212","t":"24:08:34","h":"Ouest","s":"25N-H62N300F-80-F3"},{"r":"212","t":"24:08:34","h":"Ouest","s":"25N-H62N400F-80-F4"},{"r":"212","t":"24:08:34","h":"Ouest","s":"25N-H62NV10A-80-A"},{"r":"212","t":"24:08:34","h":"Ouest","s":"25N-H62NV10I-80-I"},{"r":"212","t":"24:08:34","h":"Ouest","s":"25N-H62NV20A-80-A"},{"r":"212","t":"24:08:34","h":"Ouest","s":"25N-H62NV20I-80-I"},{"r":"212","t":"24:08:34","h":"Ouest","s":"25S-H62S000A-80-A"},{"r":"212","t":"24:08:34","h":"Ouest","s":"25S-H62S000I-80-I"},{"r":"212","t":"24:08:34","h":"Ouest","s":"25S-H62S100F-80-F1"},{"r":"212","t":"24:08:34","h":"Ouest","s":"25S-H62S200F-80-F2"},{"r":"212","t":"24:23:34","h":"Ouest","s":"25N-H62N000S-80-S"},{"r":"212","t":"24:23:34","h":"Ouest","s":"25N-H62NV10S-80-S"},{"r":"212","t":"24:23:34","h":"Ouest","s":"25N-H62NV20S-80-S"},{"r":"212","t":"24:23:34","h":"Ouest","s":"25S-H62S000S-80-S"},{"r":"212","t":"24:38:34","h":"Ouest","s":"25N-H62N000A-80-A"},{"r":"212","t":"24:38:34","h":"Ouest","s":"25N-H62N000I-80-I"},{"r":"212","t":"24:38:34","h":"Ouest","s":"25N-H62N100F-80-F1"},{"r":"212","t":"24:38:34","h":"Ouest","s":"25N-H62N200F-80-F2"},{"r":"212","t":"24:38:34","h":"Ouest","s":"25N-H62N300F-80-F3"},{"r":"212","t":"24:38:34","h":"Ouest","s":"25N-H62N400F-80-F4"},{"r":"212","t":"24:38:34","h":"Ouest","s":"25N-H62NV10A-80-A"},{"r":"212","t":"24:38:34","h":"Ouest","s":"25N-H62NV10I-80-I"},{"r":"212","t":"24:38:34","h":"Ouest","s":"25N-H62NV20A-80-A"},{"r":"212","t":"24:38:34","h":"Ouest","s":"25N-H62NV20I-80-I"},{"r":"212","t":"24:38:34","h":"Ouest","s":"25S-H62S000A-80-A"},{"r":"212","t":"24:38:34","h":"Ouest","s":"25S-H62S000I-80-I"},{"r":"212","t":"24:38:34","h":"Ouest","s":"25S-H62S100F-80-F1"},{"r":"212","t":"24:38:34","h":"Ouest","s":"25S-H62S200F-80-F2"},{"r":"212","t":"24:53:34","h":"Ouest","s":"25N-H62N000S-80-S"},{"r":"212","t":"24:53:34","h":"Ouest","s":"25N-H62NV10S-80-S"},{"r":"212","t":"24:53:34","h":"Ouest","s":"25N-H62NV20S-80-S"},{"r":"212","t":"24:53:34","h":"Ouest","s":"25S-H62S000S-80-S"},{"r":"212","t":"25:08:34","h":"Ouest","s":"25N-H62N000A-80-A"},{"r":"212","t":"25:08:34","h":"Ouest","s":"25N-H62NV10A-80-A"},{"r":"212","t":"25:08:34","h":"Ouest","s":"25N-H62NV20A-80-A"},{"r":"212","t":"25:08:34","h":"Ouest","s":"25S-H62S000A-80-A"},{"r":"212","t":"25:13:34","h":"Ouest","s":"25N-H62N000I-80-I"},{"r":"212","t":"25:13:34","h":"Ouest","s":"25N-H62N100F-80-F1"},{"r":"212","t":"25:13:34","h":"Ouest","s":"25N-H62N200F-80-F2"},{"r":"212","t":"25:13:34","h":"Ouest","s":"25N-H62N300F-80-F3"},{"r":"212","t":"25:13:34","h":"Ouest","s":"25N-H62N400F-80-F4"},{"r":"212","t":"25:13:34","h":"Ouest","s":"25N-H62NV10I-80-I"},{"r":"212","t":"25:13:34","h":"Ouest","s":"25N-H62NV20I-80-I"},{"r":"212","t":"25:13:34","h":"Ouest","s":"25S-H62S000I-80-I"},{"r":"212","t":"25:13:34","h":"Ouest","s":"25S-H62S100F-80-F1"},{"r":"212","t":"25:13:34","h":"Ouest","s":"25S-H62S200F-80-F2"},{"r":"212","t":"25:23:34","h":"Ouest","s":"25N-H62N000S-80-S"},{"r":"212","t":"25:23:34","h":"Ouest","s":"25N-H62NV10S-80-S"},{"r":"212","t":"25:23:34","h":"Ouest","s":"25N-H62NV20S-80-S"},{"r":"212","t":"25:23:34","h":"Ouest","s":"25S-H62S000S-80-S"},{"r":"212","t":"25:38:34","h":"Ouest","s":"25N-H62N000A-80-A"},{"r":"212","t":"25:38:34","h":"Ouest","s":"25N-H62NV10A-80-A"},{"r":"212","t":"25:38:34","h":"Ouest","s":"25N-H62NV20A-80-A"},{"r":"212","t":"25:38:34","h":"Ouest","s":"25S-H62S000A-80-A"},{"r":"212","t":"25:53:34","h":"Ouest","s":"25N-H62N000S-80-S"},{"r":"212","t":"25:53:34","h":"Ouest","s":"25N-H62NV10S-80-S"},{"r":"212","t":"25:53:34","h":"Ouest","s":"25N-H62NV20S-80-S"},{"r":"212","t":"25:53:34","h":"Ouest","s":"25S-H62S000S-80-S"},{"r":"212","t":"26:08:34","h":"Ouest","s":"25N-H62N000A-80-A"},{"r":"212","t":"26:08:34","h":"Ouest","s":"25N-H62NV10A-80-A"},{"r":"212","t":"26:08:34","h":"Ouest","s":"25N-H62NV20A-80-A"},{"r":"212","t":"26:08:34","h":"Ouest","s":"25S-H62S000A-80-A"},{"r":"212","t":"26:23:34","h":"Ouest","s":"25N-H62N000S-80-S"},{"r":"212","t":"26:23:34","h":"Ouest","s":"25N-H62NV10S-80-S"},{"r":"212","t":"26:23:34","h":"Ouest","s":"25N-H62NV20S-80-S"},{"r":"212","t":"26:23:34","h":"Ouest","s":"25S-H62S000S-80-S"},{"r":"212","t":"26:43:34","h":"Ouest","s":"25N-H62N000A-80-A"},{"r":"212","t":"26:43:34","h":"Ouest","s":"25N-H62NV10A-80-A"},{"r":"212","t":"26:43:34","h":"Ouest","s":"25N-H62NV20A-80-A"},{"r":"212","t":"26:43:34","h":"Ouest","s":"25S-H62S000A-80-A"}]