[{"r":"70","t":"05:46:19","h":"Ouest","s":"25N-H60N000S-80-S"},{"r":"70","t":"05:46:19","h":"Ouest","s":"25N-H60N000S-98-S"},{"r":"70","t":"05:46:19","h":"Ouest","s":"25N-H60NV10S-98-S"},{"r":"70","t":"05:46:19","h":"Ouest","s":"25N-H60NV20S-98-S"},{"r":"70","t":"05:46:19","h":"Ouest","s":"25S-H60S000S-80-S"},{"r":"70","t":"06:16:39","h":"Ouest","s":"25N-H60N000S-80-S"},{"r":"70","t":"06:16:39","h":"Ouest","s":"25N-H60N000S-98-S"},{"r":"70","t":"06:16:39","h":"Ouest","s":"25N-H60NV10S-98-S"},{"r":"70","t":"06:16:39","h":"Ouest","s":"25N-H60NV20S-98-S"},{"r":"70","t":"06:16:39","h":"Ouest","s":"25S-H60S000S-80-S"},{"r":"70","t":"06:35:39","h":"Ouest","s":"25N-H60N000S-80-S"},{"r":"70","t":"06:35:39","h":"Ouest","s":"25N-H60N000S-98-S"},{"r":"70","t":"06:35:39","h":"Ouest","s":"25N-H60NV10S-98-S"},{"r":"70","t":"06:35:39","h":"Ouest","s":"25N-H60NV20S-98-S"},{"r":"70","t":"06:35:39","h":"Ouest","s":"25S-H60S000S-80-S"},{"r":"70","t":"06:50:39","h":"Ouest","s":"25N-H60N000S-80-S"},{"r":"70","t":"06:50:39","h":"Ouest","s":"25N-H60N000S-98-S"},{"r":"70","t":"06:50:39","h":"Ouest","s":"25N-H60NV10S-98-S"},{"r":"70","t":"06:50:39","h":"Ouest","s":"25N-H60NV20S-98-S"},{"r":"70","t":"06:50:39","h":"Ouest","s":"25S-H60S000S-80-S"},{"r":"70","t":"07:11:39","h":"Ouest","s":"25N-H60N000S-80-S"},{"r":"70","t":"07:11:39","h":"Ouest","s":"25N-H60N000S-98-S"},{"r":"70","t":"07:11:39","h":"Ouest","s":"25N-H60NV10S-98-S"},{"r":"70","t":"07:11:39","h":"Ouest","s":"25N-H60NV20S-98-S"},{"r":"70","t":"07:11:39","h":"Ouest","s":"25S-H60S000S-80-S"},{"r":"70","t":"07:16:19","h":"Ouest","s":"25N-H60N000A-80-A"},{"r":"70","t":"07:16:19","h":"Ouest","s":"25N-H60N000I-80-I"},{"r":"70","t":"07:16:19","h":"Ouest","s":"25N-H60N100F-81-F1"},{"r":"70","t":"07:16:19","h":"Ouest","s":"25N-H60N200F-81-F2"},{"r":"70","t":"07:16:19","h":"Ouest","s":"25N-H60N300F-82-F3"},{"r":"70","t":"07:16:19","h":"Ouest","s":"25N-H60N400F-81-F4"},{"r":"70","t":"07:16:19","h":"Ouest","s":"25N-H60NV10A-80-A"},{"r":"70","t":"07:16:19","h":"Ouest","s":"25N-H60NV10I-80-I"},{"r":"70","t":"07:16:19","h":"Ouest","s":"25N-H60NV20A-80-A"},{"r":"70","t":"07:16:19","h":"Ouest","s":"25N-H60NV20I-80-I"},{"r":"70","t":"07:16:19","h":"Ouest","s":"25S-H60S000A-80-A"},{"r":"70","t":"07:16:19","h":"Ouest","s":"25S-H60S000I-80-I"},{"r":"70","t":"07:16:19","h":"Ouest","s":"25S-H60S100F-82-F1"},{"r":"70","t":"07:16:19","h":"Ouest","s":"25S-H60S200F-81-F2"},{"r":"70","t":"07:25:39","h":"Ouest","s":"25N-H60N000S-80-S"},{"r":"70","t":"07:25:39","h":"Ouest","s":"25N-H60N000S-98-S"},{"r":"70","t":"07:25:39","h":"Ouest","s":"25N-H60NV10S-98-S"},{"r":"70","t":"07:25:39","h":"Ouest","s":"25N-H60NV20S-98-S"},{"r":"70","t":"07:25:39","h":"Ouest","s":"25S-H60S000S-80-S"},{"r":"70","t":"07:46:19","h":"Ouest","s":"25N-H60N000A-80-A"},{"r":"70","t":"07:46:19","h":"Ouest","s":"25N-H60N000I-80-I"},{"r":"70","t":"07:46:19","h":"Ouest","s":"25N-H60N100F-81-F1"},{"r":"70","t":"07:46:19","h":"Ouest","s":"25N-H60N200F-81-F2"},{"r":"70","t":"07:46:19","h":"Ouest","s":"25N-H60N300F-82-F3"},{"r":"70","t":"07:46:19","h":"Ouest","s":"25N-H60N400F-81-F4"},{"r":"70","t":"07:46:19","h":"Ouest","s":"25N-H60NV10A-80-A"},{"r":"70","t":"07:46:19","h":"Ouest","s":"25N-H60NV10I-80-I"},{"r":"70","t":"07:46:19","h":"Ouest","s":"25N-H60NV20A-80-A"},{"r":"70","t":"07:46:19","h":"Ouest","s":"25N-H60NV20I-80-I"},{"r":"70","t":"07:46:19","h":"Ouest","s":"25S-H60S000A-80-A"},{"r":"70","t":"07:46:19","h":"Ouest","s":"25S-H60S000I-80-I"},{"r":"70","t":"07:46:19","h":"Ouest","s":"25S-H60S100F-82-F1"},{"r":"70","t":"07:46:19","h":"Ouest","s":"25S-H60S200F-81-F2"},{"r":"70","t":"07:47:39","h":"Ouest","s":"25N-H60N000S-80-S"},{"r":"70","t":"07:47:39","h":"Ouest","s":"25N-H60N000S-98-S"},{"r":"70","t":"07:47:39","h":"Ouest","s":"25N-H60NV10S-98-S"},{"r":"70","t":"07:47:39","h":"Ouest","s":"25N-H60NV20S-98-S"},{"r":"70","t":"07:47:39","h":"Ouest","s":"25S-H60S000S-80-S"},{"r":"70","t":"07:59:39","h":"Ouest","s":"25N-H60N000S-80-S"},{"r":"70","t":"07:59:39","h":"Ouest","s":"25N-H60N000S-98-S"},{"r":"70","t":"07:59:39","h":"Ouest","s":"25N-H60NV10S-98-S"},{"r":"70","t":"07:59:39","h":"Ouest","s":"25N-H60NV20S-98-S"},{"r":"70","t":"07:59:39","h":"Ouest","s":"25S-H60S000S-80-S"},{"r":"70","t":"08:11:19","h":"Ouest","s":"25N-H60N000A-80-A"},{"r":"70","t":"08:11:19","h":"Ouest","s":"25N-H60N000I-80-I"},{"r":"70","t":"08:11:19","h":"Ouest","s":"25N-H60N100F-81-F1"},{"r":"70","t":"08:11:19","h":"Ouest","s":"25N-H60N200F-81-F2"},{"r":"70","t":"08:11:19","h":"Ouest","s":"25N-H60N300F-82-F3"},{"r":"70","t":"08:11:19","h":"Ouest","s":"25N-H60N400F-81-F4"},{"r":"70","t":"08:11:19","h":"Ouest","s":"25N-H60NV10A-80-A"},{"r":"70","t":"08:11:19","h":"Ouest","s":"25N-H60NV10I-80-I"},{"r":"70","t":"08:11:19","h":"Ouest","s":"25N-H60NV20A-80-A"},{"r":"70","t":"08:11:19","h":"Ouest","s":"25N-H60NV20I-80-I"},{"r":"70","t":"08:11:19","h":"Ouest","s":"25S-H60S000A-80-A"},{"r":"70","t":"08:11:19","h":"Ouest","s":"25S-H60S000I-80-I"},{"r":"70","t":"08:11:19","h":"Ouest","s":"25S-H60S100F-82-F1"},{"r":"70","t":"08:11:19","h":"Ouest","s":"25S-H60S200F-81-F2"},{"r":"70","t":"08:17:39","h":"Ouest","s":"25N-H60N000S-80-S"},{"r":"70","t":"08:17:39","h":"Ouest","s":"25N-H60N000S-98-S"},{"r":"70","t":"08:17:39","h":"Ouest","s":"25N-H60NV10S-98-S"},{"r":"70","t":"08:17:39","h":"Ouest","s":"25N-H60NV20S-98-S"},{"r":"70","t":"08:17:39","h":"Ouest","s":"25S-H60S000S-80-S"},{"r":"70","t":"08:18:19","h":"Ouest","s":"25N-H60N000A-80-A"},{"r":"70","t":"08:18:19","h":"Ouest","s":"25N-H60N000I-80-I"},{"r":"70","t":"08:18:19","h":"Ouest","s":"25N-H60N100F-81-F1"},{"r":"70","t":"08:18:19","h":"Ouest","s":"25N-H60N200F-81-F2"},{"r":"70","t":"08:18:19","h":"Ouest","s":"25N-H60N300F-82-F3"},{"r":"70","t":"08:18:19","h":"Ouest","s":"25N-H60N400F-81-F4"},{"r":"70","t":"08:18:19","h":"Ouest","s":"25N-H60NV10A-80-A"},{"r":"70","t":"08:18:19","h":"Ouest","s":"25N-H60NV10I-80-I"},{"r":"70","t":"08:18:19","h":"Ouest","s":"25N-H60NV20A-80-A"},{"r":"70","t":"08:18:19","h":"Ouest","s":"25N-H60NV20I-80-I"},{"r":"70","t":"08:18:19","h":"Ouest","s":"25S-H60S000A-80-A"},{"r":"70","t":"08:18:19","h":"Ouest","s":"25S-H60S000I-80-I"},{"r":"70","t":"08:18:19","h":"Ouest","s":"25S-H60S100F-82-F1"},{"r":"70","t":"08:18:19","h":"Ouest","s":"25S-H60S200F-81-F2"},{"r":"70","t":"08:35:19","h":"Ouest","s":"25N-H60N000A-80-A"},{"r":"70","t":"08:35:19","h":"Ouest","s":"25N-H60NV10A-80-A"},{"r":"70","t":"08:35:19","h":"Ouest","s":"25N-H60NV20A-80-A"},{"r":"70","t":"08:35:19","h":"Ouest","s":"25S-H60S000A-80-A"},{"r":"70","t":"08:37:19","h":"Ouest","s":"25N-H60N000I-80-I"},{"r":"70","t":"08:37:19","h":"Ouest","s":"25N-H60N100F-81-F1"},{"r":"70","t":"08:37:19","h":"Ouest","s":"25N-H60N200F-81-F2"},{"r":"70","t":"08:37:19","h":"Ouest","s":"25N-H60N300F-82-F3"},{"r":"70","t":"08:37:19","h":"Ouest","s":"25N-H60N400F-81-F4"},{"r":"70","t":"08:37:19","h":"Ouest","s":"25N-H60NV10I-80-I"},{"r":"70","t":"08:37:19","h":"Ouest","s":"25N-H60NV20I-80-I"},{"r":"70","t":"08:37:19","h":"Ouest","s":"25S-H60S000I-80-I"},{"r":"70","t":"08:37:19","h":"Ouest","s":"25S-H60S100F-82-F1"},{"r":"70","t":"08:37:19","h":"Ouest","s":"25S-H60S200F-81-F2"},{"r":"70","t":"08:44:39","h":"Ouest","s":"25N-H60N000S-80-S"},{"r":"70","t":"08:44:39","h":"Ouest","s":"25N-H60N000S-98-S"},{"r":"70","t":"08:44:39","h":"Ouest","s":"25N-H60NV10S-98-S"},{"r":"70","t":"08:44:39","h":"Ouest","s":"25N-H60NV20S-98-S"},{"r":"70","t":"08:44:39","h":"Ouest","s":"25S-H60S000S-80-S"},{"r":"70","t":"08:57:19","h":"Ouest","s":"25N-H60N000A-80-A"},{"r":"70","t":"08:57:19","h":"Ouest","s":"25N-H60NV10A-80-A"},{"r":"70","t":"08:57:19","h":"Ouest","s":"25N-H60NV20A-80-A"},{"r":"70","t":"08:57:19","h":"Ouest","s":"25S-H60S000A-80-A"},{"r":"70","t":"09:01:19","h":"Ouest","s":"25N-H60N000I-80-I"},{"r":"70","t":"09:01:19","h":"Ouest","s":"25N-H60N100F-81-F1"},{"r":"70","t":"09:01:19","h":"Ouest","s":"25N-H60N200F-81-F2"},{"r":"70","t":"09:01:19","h":"Ouest","s":"25N-H60N300F-82-F3"},{"r":"70","t":"09:01:19","h":"Ouest","s":"25N-H60N400F-81-F4"},{"r":"70","t":"09:01:19","h":"Ouest","s":"25N-H60NV10I-80-I"},{"r":"70","t":"09:01:19","h":"Ouest","s":"25N-H60NV20I-80-I"},{"r":"70","t":"09:01:19","h":"Ouest","s":"25S-H60S000I-80-I"},{"r":"70","t":"09:01:19","h":"Ouest","s":"25S-H60S100F-82-F1"},{"r":"70","t":"09:01:19","h":"Ouest","s":"25S-H60S200F-81-F2"},{"r":"70","t":"09:08:39","h":"Ouest","s":"25N-H60N000S-80-S"},{"r":"70","t":"09:08:39","h":"Ouest","s":"25N-H60N000S-98-S"},{"r":"70","t":"09:08:39","h":"Ouest","s":"25N-H60NV10S-98-S"},{"r":"70","t":"09:08:39","h":"Ouest","s":"25N-H60NV20S-98-S"},{"r":"70","t":"09:08:39","h":"Ouest","s":"25S-H60S000S-80-S"},{"r":"70","t":"09:27:19","h":"Ouest","s":"25N-H60N000A-80-A"},{"r":"70","t":"09:27:19","h":"Ouest","s":"25N-H60N000I-80-I"},{"r":"70","t":"09:27:19","h":"Ouest","s":"25N-H60N100F-81-F1"},{"r":"70","t":"09:27:19","h":"Ouest","s":"25N-H60N200F-81-F2"},{"r":"70","t":"09:27:19","h":"Ouest","s":"25N-H60N300F-82-F3"},{"r":"70","t":"09:27:19","h":"Ouest","s":"25N-H60N400F-81-F4"},{"r":"70","t":"09:27:19","h":"Ouest","s":"25N-H60NV10A-80-A"},{"r":"70","t":"09:27:19","h":"Ouest","s":"25N-H60NV10I-80-I"},{"r":"70","t":"09:27:19","h":"Ouest","s":"25N-H60NV20A-80-A"},{"r":"70","t":"09:27:19","h":"Ouest","s":"25N-H60NV20I-80-I"},{"r":"70","t":"09:27:19","h":"Ouest","s":"25S-H60S000A-80-A"},{"r":"70","t":"09:27:19","h":"Ouest","s":"25S-H60S000I-80-I"},{"r":"70","t":"09:27:19","h":"Ouest","s":"25S-H60S100F-82-F1"},{"r":"70","t":"09:27:19","h":"Ouest","s":"25S-H60S200F-81-F2"},{"r":"70","t":"09:32:19","h":"Ouest","s":"25N-H60N000S-80-S"},{"r":"70","t":"09:32:19","h":"Ouest","s":"25N-H60N000S-98-S"},{"r":"70","t":"09:32:19","h":"Ouest","s":"25N-H60NV10S-98-S"},{"r":"70","t":"09:32:19","h":"Ouest","s":"25N-H60NV20S-98-S"},{"r":"70","t":"09:32:19","h":"Ouest","s":"25S-H60S000S-80-S"},{"r":"70","t":"09:56:19","h":"Ouest","s":"25N-H60N000S-80-S"},{"r":"70","t":"09:56:19","h":"Ouest","s":"25N-H60N000S-98-S"},{"r":"70","t":"09:56:19","h":"Ouest","s":"25N-H60NV10S-98-S"},{"r":"70","t":"09:56:19","h":"Ouest","s":"25N-H60NV20S-98-S"},{"r":"70","t":"09:56:19","h":"Ouest","s":"25S-H60S000S-80-S"},{"r":"70","t":"10:00:19","h":"Ouest","s":"25N-H60N000I-80-I"},{"r":"70","t":"10:00:19","h":"Ouest","s":"25N-H60N100F-81-F1"},{"r":"70","t":"10:00:19","h":"Ouest","s":"25N-H60N200F-81-F2"},{"r":"70","t":"10:00:19","h":"Ouest","s":"25N-H60N300F-82-F3"},{"r":"70","t":"10:00:19","h":"Ouest","s":"25N-H60N400F-81-F4"},{"r":"70","t":"10:00:19","h":"Ouest","s":"25N-H60NV10I-80-I"},{"r":"70","t":"10:00:19","h":"Ouest","s":"25N-H60NV20I-80-I"},{"r":"70","t":"10:00:19","h":"Ouest","s":"25S-H60S000I-80-I"},{"r":"70","t":"10:00:19","h":"Ouest","s":"25S-H60S100F-82-F1"},{"r":"70","t":"10:00:19","h":"Ouest","s":"25S-H60S200F-81-F2"},{"r":"70","t":"10:02:19","h":"Ouest","s":"25N-H60N000A-80-A"},{"r":"70","t":"10:02:19","h":"Ouest","s":"25N-H60NV10A-80-A"},{"r":"70","t":"10:02:19","h":"Ouest","s":"25N-H60NV20A-80-A"},{"r":"70","t":"10:02:19","h":"Ouest","s":"25S-H60S000A-80-A"},{"r":"70","t":"10:21:19","h":"Ouest","s":"25N-H60N000S-80-S"},{"r":"70","t":"10:21:19","h":"Ouest","s":"25N-H60N000S-98-S"},{"r":"70","t":"10:21:19","h":"Ouest","s":"25N-H60NV10S-98-S"},{"r":"70","t":"10:21:19","h":"Ouest","s":"25N-H60NV20S-98-S"},{"r":"70","t":"10:21:19","h":"Ouest","s":"25S-H60S000S-80-S"},{"r":"70","t":"10:35:19","h":"Ouest","s":"25N-H60N000I-80-I"},{"r":"70","t":"10:35:19","h":"Ouest","s":"25N-H60N100F-81-F1"},{"r":"70","t":"10:35:19","h":"Ouest","s":"25N-H60N200F-81-F2"},{"r":"70","t":"10:35:19","h":"Ouest","s":"25N-H60N300F-82-F3"},{"r":"70","t":"10:35:19","h":"Ouest","s":"25N-H60N400F-81-F4"},{"r":"70","t":"10:35:19","h":"Ouest","s":"25N-H60NV10I-80-I"},{"r":"70","t":"10:35:19","h":"Ouest","s":"25N-H60NV20I-80-I"},{"r":"70","t":"10:35:19","h":"Ouest","s":"25S-H60S000I-80-I"},{"r":"70","t":"10:35:19","h":"Ouest","s":"25S-H60S100F-82-F1"},{"r":"70","t":"10:35:19","h":"Ouest","s":"25S-H60S200F-81-F2"},{"r":"70","t":"10:38:19","h":"Ouest","s":"25N-H60N000A-80-A"},{"r":"70","t":"10:38:19","h":"Ouest","s":"25N-H60NV10A-80-A"},{"r":"70","t":"10:38:19","h":"Ouest","s":"25N-H60NV20A-80-A"},{"r":"70","t":"10:38:19","h":"Ouest","s":"25S-H60S000A-80-A"},{"r":"70","t":"10:52:19","h":"Ouest","s":"25N-H60N000S-80-S"},{"r":"70","t":"10:52:19","h":"Ouest","s":"25N-H60N000S-98-S"},{"r":"70","t":"10:52:19","h":"Ouest","s":"25N-H60NV10S-98-S"},{"r":"70","t":"10:52:19","h":"Ouest","s":"25N-H60NV20S-98-S"},{"r":"70","t":"10:52:19","h":"Ouest","s":"25S-H60S000S-80-S"},{"r":"70","t":"11:24:19","h":"Ouest","s":"25N-H60N000S-80-S"},{"r":"70","t":"11:24:19","h":"Ouest","s":"25N-H60N000S-98-S"},{"r":"70","t":"11:24:19","h":"Ouest","s":"25N-H60NV10S-98-S"},{"r":"70","t":"11:24:19","h":"Ouest","s":"25N-H60NV20S-98-S"},{"r":"70","t":"11:24:19","h":"Ouest","s":"25S-H60S000S-80-S"},{"r":"70","t":"11:56:19","h":"Ouest","s":"25N-H60N000S-80-S"},{"r":"70","t":"11:56:19","h":"Ouest","s":"25N-H60N000S-98-S"},{"r":"70","t":"11:56:19","h":"Ouest","s":"25N-H60NV10S-98-S"},{"r":"70","t":"11:56:19","h":"Ouest","s":"25N-H60NV20S-98-S"},{"r":"70","t":"11:56:19","h":"Ouest","s":"25S-H60S000S-80-S"},{"r":"70","t":"12:27:19","h":"Ouest","s":"25N-H60N000S-80-S"},{"r":"70","t":"12:27:19","h":"Ouest","s":"25N-H60N000S-98-S"},{"r":"70","t":"12:27:19","h":"Ouest","s":"25N-H60NV10S-98-S"},{"r":"70","t":"12:27:19","h":"Ouest","s":"25N-H60NV20S-98-S"},{"r":"70","t":"12:27:19","h":"Ouest","s":"25S-H60S000S-80-S"},{"r":"70","t":"12:59:39","h":"Ouest","s":"25N-H60N000S-80-S"},{"r":"70","t":"12:59:39","h":"Ouest","s":"25N-H60N000S-98-S"},{"r":"70","t":"12:59:39","h":"Ouest","s":"25N-H60NV10S-98-S"},{"r":"70","t":"12:59:39","h":"Ouest","s":"25N-H60NV20S-98-S"},{"r":"70","t":"12:59:39","h":"Ouest","s":"25S-H60S000S-80-S"},{"r":"70","t":"13:31:39","h":"Ouest","s":"25N-H60N000S-80-S"},{"r":"70","t":"13:31:39","h":"Ouest","s":"25N-H60N000S-98-S"},{"r":"70","t":"13:31:39","h":"Ouest","s":"25N-H60NV10S-98-S"},{"r":"70","t":"13:31:39","h":"Ouest","s":"25N-H60NV20S-98-S"},{"r":"70","t":"13:31:39","h":"Ouest","s":"25S-H60S000S-80-S"},{"r":"70","t":"13:52:39","h":"Ouest","s":"25N-H60N000S-80-S"},{"r":"70","t":"13:52:39","h":"Ouest","s":"25N-H60N000S-98-S"},{"r":"70","t":"13:52:39","h":"Ouest","s":"25N-H60NV10S-98-S"},{"r":"70","t":"13:52:39","h":"Ouest","s":"25N-H60NV20S-98-S"},{"r":"70","t":"13:52:39","h":"Ouest","s":"25S-H60S000S-80-S"},{"r":"70","t":"14:12:39","h":"Ouest","s":"25N-H60N000S-80-S"},{"r":"70","t":"14:12:39","h":"Ouest","s":"25N-H60N000S-98-S"},{"r":"70","t":"14:12:39","h":"Ouest","s":"25N-H60NV10S-98-S"},{"r":"70","t":"14:12:39","h":"Ouest","s":"25N-H60NV20S-98-S"},{"r":"70","t":"14:12:39","h":"Ouest","s":"25S-H60S000S-80-S"},{"r":"70","t":"14:31:39","h":"Ouest","s":"25N-H50N000S-80-S"},{"r":"70","t":"14:31:39","h":"Ouest","s":"25N-H50N000S-90-S"},{"r":"70","t":"14:31:39","h":"Ouest","s":"25N-H50NV10S-90-S"},{"r":"70","t":"14:31:39","h":"Ouest","s":"25N-H50NV20S-90-S"},{"r":"70","t":"14:31:39","h":"Ouest","s":"25S-H50S000S-81-S"},{"r":"70","t":"14:49:39","h":"Ouest","s":"25N-H60N000S-80-S"},{"r":"70","t":"14:49:39","h":"Ouest","s":"25N-H60N000S-98-S"},{"r":"70","t":"14:49:39","h":"Ouest","s":"25N-H60NV10S-98-S"},{"r":"70","t":"14:49:39","h":"Ouest","s":"25N-H60NV20S-98-S"},{"r":"70","t":"14:49:39","h":"Ouest","s":"25S-H60S000S-80-S"},{"r":"70","t":"15:10:39","h":"Ouest","s":"25N-H60N000S-80-S"},{"r":"70","t":"15:10:39","h":"Ouest","s":"25N-H60N000S-98-S"},{"r":"70","t":"15:10:39","h":"Ouest","s":"25N-H60NV10S-98-S"},{"r":"70","t":"15:10:39","h":"Ouest","s":"25N-H60NV20S-98-S"},{"r":"70","t":"15:10:39","h":"Ouest","s":"25S-H60S000S-80-S"},{"r":"70","t":"15:30:39","h":"Ouest","s":"25N-H60N000S-80-S"},{"r":"70","t":"15:30:39","h":"Ouest","s":"25N-H60N000S-98-S"},{"r":"70","t":"15:30:39","h":"Ouest","s":"25N-H60NV10S-98-S"},{"r":"70","t":"15:30:39","h":"Ouest","s":"25N-H60NV20S-98-S"},{"r":"70","t":"15:30:39","h":"Ouest","s":"25S-H60S000S-80-S"},{"r":"70","t":"15:50:39","h":"Ouest","s":"25N-H60N000S-80-S"},{"r":"70","t":"15:50:39","h":"Ouest","s":"25N-H60N000S-98-S"},{"r":"70","t":"15:50:39","h":"Ouest","s":"25N-H60NV10S-98-S"},{"r":"70","t":"15:50:39","h":"Ouest","s":"25N-H60NV20S-98-S"},{"r":"70","t":"15:50:39","h":"Ouest","s":"25S-H60S000S-80-S"},{"r":"70","t":"16:08:39","h":"Ouest","s":"25N-H60N000S-80-S"},{"r":"70","t":"16:08:39","h":"Ouest","s":"25N-H60N000S-98-S"},{"r":"70","t":"16:08:39","h":"Ouest","s":"25N-H60NV10S-98-S"},{"r":"70","t":"16:08:39","h":"Ouest","s":"25N-H60NV20S-98-S"},{"r":"70","t":"16:08:39","h":"Ouest","s":"25S-H60S000S-80-S"},{"r":"70","t":"16:22:39","h":"Ouest","s":"25N-H60N000S-80-S"},{"r":"70","t":"16:22:39","h":"Ouest","s":"25N-H60N000S-98-S"},{"r":"70","t":"16:22:39","h":"Ouest","s":"25N-H60NV10S-98-S"},{"r":"70","t":"16:22:39","h":"Ouest","s":"25N-H60NV20S-98-S"},{"r":"70","t":"16:22:39","h":"Ouest","s":"25S-H60S000S-80-S"},{"r":"70","t":"16:36:39","h":"Ouest","s":"25N-H60N000S-80-S"},{"r":"70","t":"16:36:39","h":"Ouest","s":"25N-H60N000S-98-S"},{"r":"70","t":"16:36:39","h":"Ouest","s":"25N-H60NV10S-98-S"},{"r":"70","t":"16:36:39","h":"Ouest","s":"25N-H60NV20S-98-S"},{"r":"70","t":"16:36:39","h":"Ouest","s":"25S-H60S000S-80-S"},{"r":"70","t":"16:50:39","h":"Ouest","s":"25N-H60N000S-80-S"},{"r":"70","t":"16:50:39","h":"Ouest","s":"25N-H60N000S-98-S"},{"r":"70","t":"16:50:39","h":"Ouest","s":"25N-H60NV10S-98-S"},{"r":"70","t":"16:50:39","h":"Ouest","s":"25N-H60NV20S-98-S"},{"r":"70","t":"16:50:39","h":"Ouest","s":"25S-H60S000S-80-S"},{"r":"70","t":"17:02:39","h":"Ouest","s":"25N-H60N000S-80-S"},{"r":"70","t":"17:02:39","h":"Ouest","s":"25N-H60N000S-98-S"},{"r":"70","t":"17:02:39","h":"Ouest","s":"25N-H60NV10S-98-S"},{"r":"70","t":"17:02:39","h":"Ouest","s":"25N-H60NV20S-98-S"},{"r":"70","t":"17:02:39","h":"Ouest","s":"25S-H60S000S-80-S"},{"r":"70","t":"17:12:39","h":"Ouest","s":"25N-H60N000S-80-S"},{"r":"70","t":"17:12:39","h":"Ouest","s":"25N-H60N000S-98-S"},{"r":"70","t":"17:12:39","h":"Ouest","s":"25N-H60NV10S-98-S"},{"r":"70","t":"17:12:39","h":"Ouest","s":"25N-H60NV20S-98-S"},{"r":"70","t":"17:12:39","h":"Ouest","s":"25S-H60S000S-80-S"},{"r":"70","t":"17:24:39","h":"Ouest","s":"25N-H60N000S-80-S"},{"r":"70","t":"17:24:39","h":"Ouest","s":"25N-H60N000S-98-S"},{"r":"70","t":"17:24:39","h":"Ouest","s":"25N-H60NV10S-98-S"},{"r":"70","t":"17:24:39","h":"Ouest","s":"25N-H60NV20S-98-S"},{"r":"70","t":"17:24:39","h":"Ouest","s":"25S-H60S000S-80-S"},{"r":"70","t":"17:35:19","h":"Ouest","s":"25N-H60N000S-80-S"},{"r":"70","t":"17:35:19","h":"Ouest","s":"25N-H60N000S-98-S"},{"r":"70","t":"17:35:19","h":"Ouest","s":"25N-H60NV10S-98-S"},{"r":"70","t":"17:35:19","h":"Ouest","s":"25N-H60NV20S-98-S"},{"r":"70","t":"17:35:19","h":"Ouest","s":"25S-H60S000S-80-S"},{"r":"70","t":"17:44:19","h":"Ouest","s":"25N-H60N000S-80-S"},{"r":"70","t":"17:44:19","h":"Ouest","s":"25N-H60N000S-98-S"},{"r":"70","t":"17:44:19","h":"Ouest","s":"25N-H60NV10S-98-S"},{"r":"70","t":"17:44:19","h":"Ouest","s":"25N-H60NV20S-98-S"},{"r":"70","t":"17:44:19","h":"Ouest","s":"25S-H60S000S-80-S"},{"r":"70","t":"17:59:19","h":"Ouest","s":"25N-H60N000S-80-S"},{"r":"70","t":"17:59:19","h":"Ouest","s":"25N-H60N000S-98-S"},{"r":"70","t":"17:59:19","h":"Ouest","s":"25N-H60NV10S-98-S"},{"r":"70","t":"17:59:19","h":"Ouest","s":"25N-H60NV20S-98-S"},{"r":"70","t":"17:59:19","h":"Ouest","s":"25S-H60S000S-80-S"},{"r":"70","t":"18:13:19","h":"Ouest","s":"25N-H60N000S-80-S"},{"r":"70","t":"18:13:19","h":"Ouest","s":"25N-H60N000S-98-S"},{"r":"70","t":"18:13:19","h":"Ouest","s":"25N-H60NV10S-98-S"},{"r":"70","t":"18:13:19","h":"Ouest","s":"25N-H60NV20S-98-S"},{"r":"70","t":"18:13:19","h":"Ouest","s":"25S-H60S000S-80-S"},{"r":"70","t":"18:28:19","h":"Ouest","s":"25N-H60N000S-80-S"},{"r":"70","t":"18:28:19","h":"Ouest","s":"25N-H60N000S-98-S"},{"r":"70","t":"18:28:19","h":"Ouest","s":"25N-H60NV10S-98-S"},{"r":"70","t":"18:28:19","h":"Ouest","s":"25N-H60NV20S-98-S"},{"r":"70","t":"18:28:19","h":"Ouest","s":"25S-H60S000S-80-S"},{"r":"70","t":"18:48:19","h":"Ouest","s":"25N-H60N000S-80-S"},{"r":"70","t":"18:48:19","h":"Ouest","s":"25N-H60N000S-98-S"},{"r":"70","t":"18:48:19","h":"Ouest","s":"25N-H60NV10S-98-S"},{"r":"70","t":"18:48:19","h":"Ouest","s":"25N-H60NV20S-98-S"},{"r":"70","t":"18:48:19","h":"Ouest","s":"25S-H60S000S-80-S"},{"r":"70","t":"19:09:19","h":"Ouest","s":"25N-H60N000S-80-S"},{"r":"70","t":"19:09:19","h":"Ouest","s":"25N-H60N000S-98-S"},{"r":"70","t":"19:09:19","h":"Ouest","s":"25N-H60NV10S-98-S"},{"r":"70","t":"19:09:19","h":"Ouest","s":"25N-H60NV20S-98-S"},{"r":"70","t":"19:09:19","h":"Ouest","s":"25S-H60S000S-80-S"},{"r":"70","t":"19:29:19","h":"Ouest","s":"25N-H60N000S-80-S"},{"r":"70","t":"19:29:19","h":"Ouest","s":"25N-H60N000S-98-S"},{"r":"70","t":"19:29:19","h":"Ouest","s":"25N-H60NV10S-98-S"},{"r":"70","t":"19:29:19","h":"Ouest","s":"25N-H60NV20S-98-S"},{"r":"70","t":"19:29:19","h":"Ouest","s":"25S-H60S000S-80-S"},{"r":"70","t":"19:50:19","h":"Ouest","s":"25N-H60N000S-80-S"},{"r":"70","t":"19:50:19","h":"Ouest","s":"25N-H60N000S-98-S"},{"r":"70","t":"19:50:19","h":"Ouest","s":"25N-H60NV10S-98-S"},{"r":"70","t":"19:50:19","h":"Ouest","s":"25N-H60NV20S-98-S"},{"r":"70","t":"19:50:19","h":"Ouest","s":"25S-H60S000S-80-S"},{"r":"70","t":"20:19:19","h":"Ouest","s":"25N-H60N000S-80-S"},{"r":"70","t":"20:19:19","h":"Ouest","s":"25N-H60N000S-98-S"},{"r":"70","t":"20:19:19","h":"Ouest","s":"25N-H60NV10S-98-S"},{"r":"70","t":"20:19:19","h":"Ouest","s":"25N-H60NV20S-98-S"},{"r":"70","t":"20:19:19","h":"Ouest","s":"25S-H60S000S-80-S"},{"r":"70","t":"20:49:19","h":"Ouest","s":"25N-H60N000S-80-S"},{"r":"70","t":"20:49:19","h":"Ouest","s":"25N-H60N000S-98-S"},{"r":"70","t":"20:49:19","h":"Ouest","s":"25N-H60NV10S-98-S"},{"r":"70","t":"20:49:19","h":"Ouest","s":"25N-H60NV20S-98-S"},{"r":"70","t":"20:49:19","h":"Ouest","s":"25S-H60S000S-80-S"},{"r":"70","t":"21:19:19","h":"Ouest","s":"25N-H60N000S-80-S"},{"r":"70","t":"21:19:19","h":"Ouest","s":"25N-H60N000S-98-S"},{"r":"70","t":"21:19:19","h":"Ouest","s":"25N-H60NV10S-98-S"},{"r":"70","t":"21:19:19","h":"Ouest","s":"25N-H60NV20S-98-S"},{"r":"70","t":"21:19:19","h":"Ouest","s":"25S-H60S000S-80-S"},{"r":"70","t":"21:48:19","h":"Ouest","s":"25N-H60N000S-80-S"},{"r":"70","t":"21:48:19","h":"Ouest","s":"25N-H60N000S-98-S"},{"r":"70","t":"21:48:19","h":"Ouest","s":"25N-H60NV10S-98-S"},{"r":"70","t":"21:48:19","h":"Ouest","s":"25N-H60NV20S-98-S"},{"r":"70","t":"21:48:19","h":"Ouest","s":"25S-H60S000S-80-S"},{"r":"70","t":"22:18:19","h":"Ouest","s":"25N-H60N000S-80-S"},{"r":"70","t":"22:18:19","h":"Ouest","s":"25N-H60N000S-98-S"},{"r":"70","t":"22:18:19","h":"Ouest","s":"25N-H60NV10S-98-S"},{"r":"70","t":"22:18:19","h":"Ouest","s":"25N-H60NV20S-98-S"},{"r":"70","t":"22:18:19","h":"Ouest","s":"25S-H60S000S-80-S"},{"r":"70","t":"22:48:19","h":"Ouest","s":"25N-H60N000S-80-S"},{"r":"70","t":"22:48:19","h":"Ouest","s":"25N-H60N000S-98-S"},{"r":"70","t":"22:48:19","h":"Ouest","s":"25N-H60NV10S-98-S"},{"r":"70","t":"22:48:19","h":"Ouest","s":"25N-H60NV20S-98-S"},{"r":"70","t":"22:48:19","h":"Ouest","s":"25S-H60S000S-80-S"},{"r":"70","t":"23:18:19","h":"Ouest","s":"25N-H60N000S-80-S"},{"r":"70","t":"23:18:19","h":"Ouest","s":"25N-H60N000S-98-S"},{"r":"70","t":"23:18:19","h":"Ouest","s":"25N-H60NV10S-98-S"},{"r":"70","t":"23:18:19","h":"Ouest","s":"25N-H60NV20S-98-S"},{"r":"70","t":"23:18:19","h":"Ouest","s":"25S-H60S000S-80-S"},{"r":"70","t":"23:49:19","h":"Ouest","s":"25N-H60N000S-80-S"},{"r":"70","t":"23:49:19","h":"Ouest","s":"25N-H60N000S-98-S"},{"r":"70","t":"23:49:19","h":"Ouest","s":"25N-H60NV10S-98-S"},{"r":"70","t":"23:49:19","h":"Ouest","s":"25N-H60NV20S-98-S"},{"r":"70","t":"23:49:19","h":"Ouest","s":"25S-H60S000S-80-S"},{"r":"70","t":"24:18:19","h":"Ouest","s":"25N-H60N000S-80-S"},{"r":"70","t":"24:18:19","h":"Ouest","s":"25N-H60N000S-98-S"},{"r":"70","t":"24:18:19","h":"Ouest","s":"25N-H60NV10S-98-S"},{"r":"70","t":"24:18:19","h":"Ouest","s":"25N-H60NV20S-98-S"},{"r":"70","t":"24:18:19","h":"Ouest","s":"25S-H60S000S-80-S"},{"r":"70","t":"24:46:19","h":"Ouest","s":"25N-H60N000S-80-S"},{"r":"70","t":"24:46:19","h":"Ouest","s":"25N-H60N000S-98-S"},{"r":"70","t":"24:46:19","h":"Ouest","s":"25N-H60NV10S-98-S"},{"r":"70","t":"24:46:19","h":"Ouest","s":"25N-H60NV20S-98-S"},{"r":"70","t":"24:46:19","h":"Ouest","s":"25S-H60S000S-80-S"},{"r":"70","t":"25:15:19","h":"Ouest","s":"25N-H60N000S-80-S"},{"r":"70","t":"25:15:19","h":"Ouest","s":"25N-H60N000S-98-S"},{"r":"70","t":"25:15:19","h":"Ouest","s":"25N-H60NV10S-98-S"},{"r":"70","t":"25:15:19","h":"Ouest","s":"25N-H60NV20S-98-S"},{"r":"70","t":"25:15:19","h":"Ouest","s":"25S-H60S000S-80-S"},{"r":"70","t":"25:44:19","h":"Ouest","s":"25N-H60N000S-80-S"},{"r":"70","t":"25:44:19","h":"Ouest","s":"25N-H60N000S-98-S"},{"r":"70","t":"25:44:19","h":"Ouest","s":"25N-H60NV10S-98-S"},{"r":"70","t":"25:44:19","h":"Ouest","s":"25N-H60NV20S-98-S"},{"r":"70","t":"25:44:19","h":"Ouest","s":"25S-H60S000S-80-S"}]