[{"r":"496","t":"05:49:09","h":"Ouest","s":"25N-H56N000S-80-S"},{"r":"496","t":"05:49:09","h":"Ouest","s":"25N-H56NV10S-80-S"},{"r":"496","t":"05:49:09","h":"Ouest","s":"25N-H56NV20S-80-S"},{"r":"496","t":"05:49:09","h":"Ouest","s":"25S-H56S000S-80-S"},{"r":"496","t":"06:22:09","h":"Ouest","s":"25N-H56N000S-80-S"},{"r":"496","t":"06:22:09","h":"Ouest","s":"25N-H56NV10S-80-S"},{"r":"496","t":"06:22:09","h":"Ouest","s":"25N-H56NV20S-80-S"},{"r":"496","t":"06:22:09","h":"Ouest","s":"25S-H56S000S-80-S"},{"r":"496","t":"06:45:09","h":"Ouest","s":"25N-H56N000S-80-S"},{"r":"496","t":"06:45:09","h":"Ouest","s":"25N-H56NV10S-80-S"},{"r":"496","t":"06:45:09","h":"Ouest","s":"25N-H56NV20S-80-S"},{"r":"496","t":"06:45:09","h":"Ouest","s":"25S-H56S000S-80-S"},{"r":"496","t":"07:10:09","h":"Ouest","s":"25N-H56N000S-80-S"},{"r":"496","t":"07:10:09","h":"Ouest","s":"25N-H56NV10S-80-S"},{"r":"496","t":"07:10:09","h":"Ouest","s":"25N-H56NV20S-80-S"},{"r":"496","t":"07:10:09","h":"Ouest","s":"25S-H56S000S-80-S"},{"r":"496","t":"07:16:09","h":"Ouest","s":"25N-H56N000A-80-A"},{"r":"496","t":"07:16:09","h":"Ouest","s":"25N-H56N000I-80-I"},{"r":"496","t":"07:16:09","h":"Ouest","s":"25N-H56N100F-80-F1"},{"r":"496","t":"07:16:09","h":"Ouest","s":"25N-H56N200F-80-F2"},{"r":"496","t":"07:16:09","h":"Ouest","s":"25N-H56N300F-80-F3"},{"r":"496","t":"07:16:09","h":"Ouest","s":"25N-H56N400F-80-F4"},{"r":"496","t":"07:16:09","h":"Ouest","s":"25N-H56NV10A-80-A"},{"r":"496","t":"07:16:09","h":"Ouest","s":"25N-H56NV10I-80-I"},{"r":"496","t":"07:16:09","h":"Ouest","s":"25N-H56NV20A-80-A"},{"r":"496","t":"07:16:09","h":"Ouest","s":"25N-H56NV20I-80-I"},{"r":"496","t":"07:16:09","h":"Ouest","s":"25S-H56S000A-80-A"},{"r":"496","t":"07:16:09","h":"Ouest","s":"25S-H56S000I-80-I"},{"r":"496","t":"07:16:09","h":"Ouest","s":"25S-H56S100F-80-F1"},{"r":"496","t":"07:16:09","h":"Ouest","s":"25S-H56S200F-81-F2"},{"r":"496","t":"07:22:09","h":"Ouest","s":"25N-H56N000S-80-S"},{"r":"496","t":"07:22:09","h":"Ouest","s":"25N-H56NV10S-80-S"},{"r":"496","t":"07:22:09","h":"Ouest","s":"25N-H56NV20S-80-S"},{"r":"496","t":"07:22:09","h":"Ouest","s":"25S-H56S000S-80-S"},{"r":"496","t":"07:33:09","h":"Ouest","s":"25N-H56N000S-80-S"},{"r":"496","t":"07:33:09","h":"Ouest","s":"25N-H56NV10S-80-S"},{"r":"496","t":"07:33:09","h":"Ouest","s":"25N-H56NV20S-80-S"},{"r":"496","t":"07:33:09","h":"Ouest","s":"25S-H56S000S-80-S"},{"r":"496","t":"07:38:09","h":"Ouest","s":"25N-H56N000S-80-S"},{"r":"496","t":"07:38:09","h":"Ouest","s":"25N-H56NV10S-80-S"},{"r":"496","t":"07:38:09","h":"Ouest","s":"25N-H56NV20S-80-S"},{"r":"496","t":"07:38:09","h":"Ouest","s":"25S-H56S000S-80-S"},{"r":"496","t":"07:44:09","h":"Ouest","s":"25N-H56N000A-80-A"},{"r":"496","t":"07:44:09","h":"Ouest","s":"25N-H56N000I-80-I"},{"r":"496","t":"07:44:09","h":"Ouest","s":"25N-H56N100F-80-F1"},{"r":"496","t":"07:44:09","h":"Ouest","s":"25N-H56N200F-80-F2"},{"r":"496","t":"07:44:09","h":"Ouest","s":"25N-H56N300F-80-F3"},{"r":"496","t":"07:44:09","h":"Ouest","s":"25N-H56N400F-80-F4"},{"r":"496","t":"07:44:09","h":"Ouest","s":"25N-H56NV10A-80-A"},{"r":"496","t":"07:44:09","h":"Ouest","s":"25N-H56NV10I-80-I"},{"r":"496","t":"07:44:09","h":"Ouest","s":"25N-H56NV20A-80-A"},{"r":"496","t":"07:44:09","h":"Ouest","s":"25N-H56NV20I-80-I"},{"r":"496","t":"07:44:09","h":"Ouest","s":"25S-H56S000A-80-A"},{"r":"496","t":"07:44:09","h":"Ouest","s":"25S-H56S000I-80-I"},{"r":"496","t":"07:44:09","h":"Ouest","s":"25S-H56S100F-80-F1"},{"r":"496","t":"07:44:09","h":"Ouest","s":"25S-H56S200F-81-F2"},{"r":"496","t":"07:55:09","h":"Ouest","s":"25N-H56N000S-80-S"},{"r":"496","t":"07:55:09","h":"Ouest","s":"25N-H56NV10S-80-S"},{"r":"496","t":"07:55:09","h":"Ouest","s":"25N-H56NV20S-80-S"},{"r":"496","t":"07:55:09","h":"Ouest","s":"25S-H56S000S-80-S"},{"r":"496","t":"08:11:09","h":"Ouest","s":"25N-H56N000S-80-S"},{"r":"496","t":"08:11:09","h":"Ouest","s":"25N-H56NV10S-80-S"},{"r":"496","t":"08:11:09","h":"Ouest","s":"25N-H56NV20S-80-S"},{"r":"496","t":"08:11:09","h":"Ouest","s":"25S-H56S000S-80-S"},{"r":"496","t":"08:12:09","h":"Ouest","s":"25N-H56N000A-80-A"},{"r":"496","t":"08:12:09","h":"Ouest","s":"25N-H56N000I-80-I"},{"r":"496","t":"08:12:09","h":"Ouest","s":"25N-H56N100F-80-F1"},{"r":"496","t":"08:12:09","h":"Ouest","s":"25N-H56N200F-80-F2"},{"r":"496","t":"08:12:09","h":"Ouest","s":"25N-H56N300F-80-F3"},{"r":"496","t":"08:12:09","h":"Ouest","s":"25N-H56N400F-80-F4"},{"r":"496","t":"08:12:09","h":"Ouest","s":"25N-H56NV10A-80-A"},{"r":"496","t":"08:12:09","h":"Ouest","s":"25N-H56NV10I-80-I"},{"r":"496","t":"08:12:09","h":"Ouest","s":"25N-H56NV20A-80-A"},{"r":"496","t":"08:12:09","h":"Ouest","s":"25N-H56NV20I-80-I"},{"r":"496","t":"08:12:09","h":"Ouest","s":"25S-H56S000A-80-A"},{"r":"496","t":"08:12:09","h":"Ouest","s":"25S-H56S000I-80-I"},{"r":"496","t":"08:12:09","h":"Ouest","s":"25S-H56S100F-80-F1"},{"r":"496","t":"08:12:09","h":"Ouest","s":"25S-H56S200F-81-F2"},{"r":"496","t":"08:25:09","h":"Ouest","s":"25N-H56N000S-80-S"},{"r":"496","t":"08:25:09","h":"Ouest","s":"25N-H56NV10S-80-S"},{"r":"496","t":"08:25:09","h":"Ouest","s":"25N-H56NV20S-80-S"},{"r":"496","t":"08:25:09","h":"Ouest","s":"25S-H56S000S-80-S"},{"r":"496","t":"08:41:09","h":"Ouest","s":"25N-H56N000A-80-A"},{"r":"496","t":"08:41:09","h":"Ouest","s":"25N-H56N000I-80-I"},{"r":"496","t":"08:41:09","h":"Ouest","s":"25N-H56N000S-80-S"},{"r":"496","t":"08:41:09","h":"Ouest","s":"25N-H56N100F-80-F1"},{"r":"496","t":"08:41:09","h":"Ouest","s":"25N-H56N200F-80-F2"},{"r":"496","t":"08:41:09","h":"Ouest","s":"25N-H56N300F-80-F3"},{"r":"496","t":"08:41:09","h":"Ouest","s":"25N-H56N400F-80-F4"},{"r":"496","t":"08:41:09","h":"Ouest","s":"25N-H56NV10A-80-A"},{"r":"496","t":"08:41:09","h":"Ouest","s":"25N-H56NV10I-80-I"},{"r":"496","t":"08:41:09","h":"Ouest","s":"25N-H56NV10S-80-S"},{"r":"496","t":"08:41:09","h":"Ouest","s":"25N-H56NV20A-80-A"},{"r":"496","t":"08:41:09","h":"Ouest","s":"25N-H56NV20I-80-I"},{"r":"496","t":"08:41:09","h":"Ouest","s":"25N-H56NV20S-80-S"},{"r":"496","t":"08:41:09","h":"Ouest","s":"25S-H56S000A-80-A"},{"r":"496","t":"08:41:09","h":"Ouest","s":"25S-H56S000I-80-I"},{"r":"496","t":"08:41:09","h":"Ouest","s":"25S-H56S000S-80-S"},{"r":"496","t":"08:41:09","h":"Ouest","s":"25S-H56S100F-80-F1"},{"r":"496","t":"08:41:09","h":"Ouest","s":"25S-H56S200F-81-F2"},{"r":"496","t":"08:59:09","h":"Ouest","s":"25N-H56N000S-80-S"},{"r":"496","t":"08:59:09","h":"Ouest","s":"25N-H56NV10S-80-S"},{"r":"496","t":"08:59:09","h":"Ouest","s":"25N-H56NV20S-80-S"},{"r":"496","t":"08:59:09","h":"Ouest","s":"25S-H56S000S-80-S"},{"r":"496","t":"09:11:09","h":"Ouest","s":"25N-H56N000A-80-A"},{"r":"496","t":"09:11:09","h":"Ouest","s":"25N-H56N000I-80-I"},{"r":"496","t":"09:11:09","h":"Ouest","s":"25N-H56N100F-80-F1"},{"r":"496","t":"09:11:09","h":"Ouest","s":"25N-H56N200F-80-F2"},{"r":"496","t":"09:11:09","h":"Ouest","s":"25N-H56N300F-80-F3"},{"r":"496","t":"09:11:09","h":"Ouest","s":"25N-H56N400F-80-F4"},{"r":"496","t":"09:11:09","h":"Ouest","s":"25N-H56NV10A-80-A"},{"r":"496","t":"09:11:09","h":"Ouest","s":"25N-H56NV10I-80-I"},{"r":"496","t":"09:11:09","h":"Ouest","s":"25N-H56NV20A-80-A"},{"r":"496","t":"09:11:09","h":"Ouest","s":"25N-H56NV20I-80-I"},{"r":"496","t":"09:11:09","h":"Ouest","s":"25S-H56S000A-80-A"},{"r":"496","t":"09:11:09","h":"Ouest","s":"25S-H56S000I-80-I"},{"r":"496","t":"09:11:09","h":"Ouest","s":"25S-H56S100F-80-F1"},{"r":"496","t":"09:11:09","h":"Ouest","s":"25S-H56S200F-81-F2"},{"r":"496","t":"09:19:09","h":"Ouest","s":"25N-H56N000S-80-S"},{"r":"496","t":"09:19:09","h":"Ouest","s":"25N-H56NV10S-80-S"},{"r":"496","t":"09:19:09","h":"Ouest","s":"25N-H56NV20S-80-S"},{"r":"496","t":"09:19:09","h":"Ouest","s":"25S-H56S000S-80-S"},{"r":"496","t":"09:36:09","h":"Ouest","s":"25N-H56N000S-80-S"},{"r":"496","t":"09:36:09","h":"Ouest","s":"25N-H56NV10S-80-S"},{"r":"496","t":"09:36:09","h":"Ouest","s":"25N-H56NV20S-80-S"},{"r":"496","t":"09:36:09","h":"Ouest","s":"25S-H56S000S-80-S"},{"r":"496","t":"09:42:09","h":"Ouest","s":"25N-H56N000A-80-A"},{"r":"496","t":"09:42:09","h":"Ouest","s":"25N-H56N000I-80-I"},{"r":"496","t":"09:42:09","h":"Ouest","s":"25N-H56N100F-80-F1"},{"r":"496","t":"09:42:09","h":"Ouest","s":"25N-H56N200F-80-F2"},{"r":"496","t":"09:42:09","h":"Ouest","s":"25N-H56N300F-80-F3"},{"r":"496","t":"09:42:09","h":"Ouest","s":"25N-H56N400F-80-F4"},{"r":"496","t":"09:42:09","h":"Ouest","s":"25N-H56NV10A-80-A"},{"r":"496","t":"09:42:09","h":"Ouest","s":"25N-H56NV10I-80-I"},{"r":"496","t":"09:42:09","h":"Ouest","s":"25N-H56NV20A-80-A"},{"r":"496","t":"09:42:09","h":"Ouest","s":"25N-H56NV20I-80-I"},{"r":"496","t":"09:42:09","h":"Ouest","s":"25S-H56S000A-80-A"},{"r":"496","t":"09:42:09","h":"Ouest","s":"25S-H56S000I-80-I"},{"r":"496","t":"09:42:09","h":"Ouest","s":"25S-H56S100F-80-F1"},{"r":"496","t":"09:42:09","h":"Ouest","s":"25S-H56S200F-81-F2"},{"r":"496","t":"09:56:09","h":"Ouest","s":"25N-H56N000S-80-S"},{"r":"496","t":"09:56:09","h":"Ouest","s":"25N-H56NV10S-80-S"},{"r":"496","t":"09:56:09","h":"Ouest","s":"25N-H56NV20S-80-S"},{"r":"496","t":"09:56:09","h":"Ouest","s":"25S-H56S000S-80-S"},{"r":"496","t":"10:13:09","h":"Ouest","s":"25N-H56N000A-80-A"},{"r":"496","t":"10:13:09","h":"Ouest","s":"25N-H56N000I-80-I"},{"r":"496","t":"10:13:09","h":"Ouest","s":"25N-H56N100F-80-F1"},{"r":"496","t":"10:13:09","h":"Ouest","s":"25N-H56N200F-80-F2"},{"r":"496","t":"10:13:09","h":"Ouest","s":"25N-H56N300F-80-F3"},{"r":"496","t":"10:13:09","h":"Ouest","s":"25N-H56N400F-80-F4"},{"r":"496","t":"10:13:09","h":"Ouest","s":"25N-H56NV10A-80-A"},{"r":"496","t":"10:13:09","h":"Ouest","s":"25N-H56NV10I-80-I"},{"r":"496","t":"10:13:09","h":"Ouest","s":"25N-H56NV20A-80-A"},{"r":"496","t":"10:13:09","h":"Ouest","s":"25N-H56NV20I-80-I"},{"r":"496","t":"10:13:09","h":"Ouest","s":"25S-H56S000A-80-A"},{"r":"496","t":"10:13:09","h":"Ouest","s":"25S-H56S000I-80-I"},{"r":"496","t":"10:13:09","h":"Ouest","s":"25S-H56S100F-80-F1"},{"r":"496","t":"10:13:09","h":"Ouest","s":"25S-H56S200F-81-F2"},{"r":"496","t":"10:16:09","h":"Ouest","s":"25N-H56N000S-80-S"},{"r":"496","t":"10:16:09","h":"Ouest","s":"25N-H56NV10S-80-S"},{"r":"496","t":"10:16:09","h":"Ouest","s":"25N-H56NV20S-80-S"},{"r":"496","t":"10:16:09","h":"Ouest","s":"25S-H56S000S-80-S"},{"r":"496","t":"10:37:09","h":"Ouest","s":"25N-H56N000S-80-S"},{"r":"496","t":"10:37:09","h":"Ouest","s":"25N-H56NV10S-80-S"},{"r":"496","t":"10:37:09","h":"Ouest","s":"25N-H56NV20S-80-S"},{"r":"496","t":"10:37:09","h":"Ouest","s":"25S-H56S000S-80-S"},{"r":"496","t":"10:44:09","h":"Ouest","s":"25N-H56N000A-80-A"},{"r":"496","t":"10:44:09","h":"Ouest","s":"25N-H56NV10A-80-A"},{"r":"496","t":"10:44:09","h":"Ouest","s":"25N-H56NV20A-80-A"},{"r":"496","t":"10:44:09","h":"Ouest","s":"25S-H56S000A-80-A"},{"r":"496","t":"10:45:09","h":"Ouest","s":"25N-H56N000I-80-I"},{"r":"496","t":"10:45:09","h":"Ouest","s":"25N-H56N100F-80-F1"},{"r":"496","t":"10:45:09","h":"Ouest","s":"25N-H56N200F-80-F2"},{"r":"496","t":"10:45:09","h":"Ouest","s":"25N-H56N300F-80-F3"},{"r":"496","t":"10:45:09","h":"Ouest","s":"25N-H56N400F-80-F4"},{"r":"496","t":"10:45:09","h":"Ouest","s":"25N-H56NV10I-80-I"},{"r":"496","t":"10:45:09","h":"Ouest","s":"25N-H56NV20I-80-I"},{"r":"496","t":"10:45:09","h":"Ouest","s":"25S-H56S000I-80-I"},{"r":"496","t":"10:45:09","h":"Ouest","s":"25S-H56S100F-80-F1"},{"r":"496","t":"10:45:09","h":"Ouest","s":"25S-H56S200F-81-F2"},{"r":"496","t":"10:57:09","h":"Ouest","s":"25N-H56N000S-80-S"},{"r":"496","t":"10:57:09","h":"Ouest","s":"25N-H56NV10S-80-S"},{"r":"496","t":"10:57:09","h":"Ouest","s":"25N-H56NV20S-80-S"},{"r":"496","t":"10:57:09","h":"Ouest","s":"25S-H56S000S-80-S"},{"r":"496","t":"11:15:09","h":"Ouest","s":"25N-H56N000A-80-A"},{"r":"496","t":"11:15:09","h":"Ouest","s":"25N-H56N000I-80-I"},{"r":"496","t":"11:15:09","h":"Ouest","s":"25N-H56N100F-80-F1"},{"r":"496","t":"11:15:09","h":"Ouest","s":"25N-H56N200F-80-F2"},{"r":"496","t":"11:15:09","h":"Ouest","s":"25N-H56N300F-80-F3"},{"r":"496","t":"11:15:09","h":"Ouest","s":"25N-H56N400F-80-F4"},{"r":"496","t":"11:15:09","h":"Ouest","s":"25N-H56NV10A-80-A"},{"r":"496","t":"11:15:09","h":"Ouest","s":"25N-H56NV10I-80-I"},{"r":"496","t":"11:15:09","h":"Ouest","s":"25N-H56NV20A-80-A"},{"r":"496","t":"11:15:09","h":"Ouest","s":"25N-H56NV20I-80-I"},{"r":"496","t":"11:15:09","h":"Ouest","s":"25S-H56S000A-80-A"},{"r":"496","t":"11:15:09","h":"Ouest","s":"25S-H56S000I-80-I"},{"r":"496","t":"11:15:09","h":"Ouest","s":"25S-H56S100F-80-F1"},{"r":"496","t":"11:15:09","h":"Ouest","s":"25S-H56S200F-81-F2"},{"r":"496","t":"11:16:09","h":"Ouest","s":"25N-H56N000S-80-S"},{"r":"496","t":"11:16:09","h":"Ouest","s":"25N-H56NV10S-80-S"},{"r":"496","t":"11:16:09","h":"Ouest","s":"25N-H56NV20S-80-S"},{"r":"496","t":"11:16:09","h":"Ouest","s":"25S-H56S000S-80-S"},{"r":"496","t":"11:35:09","h":"Ouest","s":"25N-H56N000S-80-S"},{"r":"496","t":"11:35:09","h":"Ouest","s":"25N-H56NV10S-80-S"},{"r":"496","t":"11:35:09","h":"Ouest","s":"25N-H56NV20S-80-S"},{"r":"496","t":"11:35:09","h":"Ouest","s":"25S-H56S000S-80-S"},{"r":"496","t":"11:45:09","h":"Ouest","s":"25N-H56N000A-80-A"},{"r":"496","t":"11:45:09","h":"Ouest","s":"25N-H56N000I-80-I"},{"r":"496","t":"11:45:09","h":"Ouest","s":"25N-H56N100F-80-F1"},{"r":"496","t":"11:45:09","h":"Ouest","s":"25N-H56N200F-80-F2"},{"r":"496","t":"11:45:09","h":"Ouest","s":"25N-H56N300F-80-F3"},{"r":"496","t":"11:45:09","h":"Ouest","s":"25N-H56N400F-80-F4"},{"r":"496","t":"11:45:09","h":"Ouest","s":"25N-H56NV10A-80-A"},{"r":"496","t":"11:45:09","h":"Ouest","s":"25N-H56NV10I-80-I"},{"r":"496","t":"11:45:09","h":"Ouest","s":"25N-H56NV20A-80-A"},{"r":"496","t":"11:45:09","h":"Ouest","s":"25N-H56NV20I-80-I"},{"r":"496","t":"11:45:09","h":"Ouest","s":"25S-H56S000A-80-A"},{"r":"496","t":"11:45:09","h":"Ouest","s":"25S-H56S000I-80-I"},{"r":"496","t":"11:45:09","h":"Ouest","s":"25S-H56S100F-80-F1"},{"r":"496","t":"11:45:09","h":"Ouest","s":"25S-H56S200F-81-F2"},{"r":"496","t":"11:56:09","h":"Ouest","s":"25N-H56N000S-80-S"},{"r":"496","t":"11:56:09","h":"Ouest","s":"25N-H56NV10S-80-S"},{"r":"496","t":"11:56:09","h":"Ouest","s":"25N-H56NV20S-80-S"},{"r":"496","t":"11:56:09","h":"Ouest","s":"25S-H56S000S-80-S"},{"r":"496","t":"12:14:09","h":"Ouest","s":"25N-H56N000A-80-A"},{"r":"496","t":"12:14:09","h":"Ouest","s":"25N-H56NV10A-80-A"},{"r":"496","t":"12:14:09","h":"Ouest","s":"25N-H56NV20A-80-A"},{"r":"496","t":"12:14:09","h":"Ouest","s":"25S-H56S000A-80-A"},{"r":"496","t":"12:15:09","h":"Ouest","s":"25N-H56N000I-80-I"},{"r":"496","t":"12:15:09","h":"Ouest","s":"25N-H56N100F-80-F1"},{"r":"496","t":"12:15:09","h":"Ouest","s":"25N-H56N200F-80-F2"},{"r":"496","t":"12:15:09","h":"Ouest","s":"25N-H56N300F-80-F3"},{"r":"496","t":"12:15:09","h":"Ouest","s":"25N-H56N400F-80-F4"},{"r":"496","t":"12:15:09","h":"Ouest","s":"25N-H56NV10I-80-I"},{"r":"496","t":"12:15:09","h":"Ouest","s":"25N-H56NV20I-80-I"},{"r":"496","t":"12:15:09","h":"Ouest","s":"25S-H56S000I-80-I"},{"r":"496","t":"12:15:09","h":"Ouest","s":"25S-H56S100F-80-F1"},{"r":"496","t":"12:15:09","h":"Ouest","s":"25S-H56S200F-81-F2"},{"r":"496","t":"12:16:09","h":"Ouest","s":"25N-H56N000S-80-S"},{"r":"496","t":"12:16:09","h":"Ouest","s":"25N-H56NV10S-80-S"},{"r":"496","t":"12:16:09","h":"Ouest","s":"25N-H56NV20S-80-S"},{"r":"496","t":"12:16:09","h":"Ouest","s":"25S-H56S000S-80-S"},{"r":"496","t":"12:37:09","h":"Ouest","s":"25N-H56N000S-80-S"},{"r":"496","t":"12:37:09","h":"Ouest","s":"25N-H56NV10S-80-S"},{"r":"496","t":"12:37:09","h":"Ouest","s":"25N-H56NV20S-80-S"},{"r":"496","t":"12:37:09","h":"Ouest","s":"25S-H56S000S-80-S"},{"r":"496","t":"12:44:09","h":"Ouest","s":"25N-H56N000A-80-A"},{"r":"496","t":"12:44:09","h":"Ouest","s":"25N-H56NV10A-80-A"},{"r":"496","t":"12:44:09","h":"Ouest","s":"25N-H56NV20A-80-A"},{"r":"496","t":"12:44:09","h":"Ouest","s":"25S-H56S000A-80-A"},{"r":"496","t":"12:45:09","h":"Ouest","s":"25N-H56N000I-80-I"},{"r":"496","t":"12:45:09","h":"Ouest","s":"25N-H56N100F-80-F1"},{"r":"496","t":"12:45:09","h":"Ouest","s":"25N-H56N200F-80-F2"},{"r":"496","t":"12:45:09","h":"Ouest","s":"25N-H56N300F-80-F3"},{"r":"496","t":"12:45:09","h":"Ouest","s":"25N-H56N400F-80-F4"},{"r":"496","t":"12:45:09","h":"Ouest","s":"25N-H56NV10I-80-I"},{"r":"496","t":"12:45:09","h":"Ouest","s":"25N-H56NV20I-80-I"},{"r":"496","t":"12:45:09","h":"Ouest","s":"25S-H56S000I-80-I"},{"r":"496","t":"12:45:09","h":"Ouest","s":"25S-H56S100F-80-F1"},{"r":"496","t":"12:45:09","h":"Ouest","s":"25S-H56S200F-81-F2"},{"r":"496","t":"12:56:09","h":"Ouest","s":"25N-H56N000S-80-S"},{"r":"496","t":"12:56:09","h":"Ouest","s":"25N-H56NV10S-80-S"},{"r":"496","t":"12:56:09","h":"Ouest","s":"25N-H56NV20S-80-S"},{"r":"496","t":"12:56:09","h":"Ouest","s":"25S-H56S000S-80-S"},{"r":"496","t":"13:14:09","h":"Ouest","s":"25N-H56N000A-80-A"},{"r":"496","t":"13:14:09","h":"Ouest","s":"25N-H56NV10A-80-A"},{"r":"496","t":"13:14:09","h":"Ouest","s":"25N-H56NV20A-80-A"},{"r":"496","t":"13:14:09","h":"Ouest","s":"25S-H56S000A-80-A"},{"r":"496","t":"13:15:09","h":"Ouest","s":"25N-H56N000I-80-I"},{"r":"496","t":"13:15:09","h":"Ouest","s":"25N-H56N100F-80-F1"},{"r":"496","t":"13:15:09","h":"Ouest","s":"25N-H56N200F-80-F2"},{"r":"496","t":"13:15:09","h":"Ouest","s":"25N-H56N300F-80-F3"},{"r":"496","t":"13:15:09","h":"Ouest","s":"25N-H56N400F-80-F4"},{"r":"496","t":"13:15:09","h":"Ouest","s":"25N-H56NV10I-80-I"},{"r":"496","t":"13:15:09","h":"Ouest","s":"25N-H56NV20I-80-I"},{"r":"496","t":"13:15:09","h":"Ouest","s":"25S-H56S000I-80-I"},{"r":"496","t":"13:15:09","h":"Ouest","s":"25S-H56S100F-80-F1"},{"r":"496","t":"13:15:09","h":"Ouest","s":"25S-H56S200F-81-F2"},{"r":"496","t":"13:16:09","h":"Ouest","s":"25N-H56N000S-80-S"},{"r":"496","t":"13:16:09","h":"Ouest","s":"25N-H56NV10S-80-S"},{"r":"496","t":"13:16:09","h":"Ouest","s":"25N-H56NV20S-80-S"},{"r":"496","t":"13:16:09","h":"Ouest","s":"25S-H56S000S-80-S"},{"r":"496","t":"13:36:09","h":"Ouest","s":"25N-H56N000S-80-S"},{"r":"496","t":"13:36:09","h":"Ouest","s":"25N-H56NV10S-80-S"},{"r":"496","t":"13:36:09","h":"Ouest","s":"25N-H56NV20S-80-S"},{"r":"496","t":"13:36:09","h":"Ouest","s":"25S-H56S000S-80-S"},{"r":"496","t":"13:43:09","h":"Ouest","s":"25N-H56N000A-80-A"},{"r":"496","t":"13:43:09","h":"Ouest","s":"25N-H56NV10A-80-A"},{"r":"496","t":"13:43:09","h":"Ouest","s":"25N-H56NV20A-80-A"},{"r":"496","t":"13:43:09","h":"Ouest","s":"25S-H56S000A-80-A"},{"r":"496","t":"13:45:09","h":"Ouest","s":"25N-H56N000I-80-I"},{"r":"496","t":"13:45:09","h":"Ouest","s":"25N-H56N100F-80-F1"},{"r":"496","t":"13:45:09","h":"Ouest","s":"25N-H56N200F-80-F2"},{"r":"496","t":"13:45:09","h":"Ouest","s":"25N-H56N300F-80-F3"},{"r":"496","t":"13:45:09","h":"Ouest","s":"25N-H56N400F-80-F4"},{"r":"496","t":"13:45:09","h":"Ouest","s":"25N-H56NV10I-80-I"},{"r":"496","t":"13:45:09","h":"Ouest","s":"25N-H56NV20I-80-I"},{"r":"496","t":"13:45:09","h":"Ouest","s":"25S-H56S000I-80-I"},{"r":"496","t":"13:45:09","h":"Ouest","s":"25S-H56S100F-80-F1"},{"r":"496","t":"13:45:09","h":"Ouest","s":"25S-H56S200F-81-F2"},{"r":"496","t":"13:56:09","h":"Ouest","s":"25N-H56N000S-80-S"},{"r":"496","t":"13:56:09","h":"Ouest","s":"25N-H56NV10S-80-S"},{"r":"496","t":"13:56:09","h":"Ouest","s":"25N-H56NV20S-80-S"},{"r":"496","t":"13:56:09","h":"Ouest","s":"25S-H56S000S-80-S"},{"r":"496","t":"14:08:09","h":"Ouest","s":"25N-H56N000A-80-A"},{"r":"496","t":"14:08:09","h":"Ouest","s":"25N-H56N000I-80-I"},{"r":"496","t":"14:08:09","h":"Ouest","s":"25N-H56N100F-80-F1"},{"r":"496","t":"14:08:09","h":"Ouest","s":"25N-H56N200F-80-F2"},{"r":"496","t":"14:08:09","h":"Ouest","s":"25N-H56N300F-80-F3"},{"r":"496","t":"14:08:09","h":"Ouest","s":"25N-H56N400F-80-F4"},{"r":"496","t":"14:08:09","h":"Ouest","s":"25N-H56NV10A-80-A"},{"r":"496","t":"14:08:09","h":"Ouest","s":"25N-H56NV10I-80-I"},{"r":"496","t":"14:08:09","h":"Ouest","s":"25N-H56NV20A-80-A"},{"r":"496","t":"14:08:09","h":"Ouest","s":"25N-H56NV20I-80-I"},{"r":"496","t":"14:08:09","h":"Ouest","s":"25S-H56S000A-80-A"},{"r":"496","t":"14:08:09","h":"Ouest","s":"25S-H56S000I-80-I"},{"r":"496","t":"14:08:09","h":"Ouest","s":"25S-H56S100F-80-F1"},{"r":"496","t":"14:08:09","h":"Ouest","s":"25S-H56S200F-81-F2"},{"r":"496","t":"14:19:09","h":"Ouest","s":"25N-H56N000S-80-S"},{"r":"496","t":"14:19:09","h":"Ouest","s":"25N-H56NV10S-80-S"},{"r":"496","t":"14:19:09","h":"Ouest","s":"25N-H56NV20S-80-S"},{"r":"496","t":"14:19:09","h":"Ouest","s":"25S-H56S000S-80-S"},{"r":"496","t":"14:28:09","h":"Ouest","s":"25N-H56N000A-80-A"},{"r":"496","t":"14:28:09","h":"Ouest","s":"25N-H56NV10A-80-A"},{"r":"496","t":"14:28:09","h":"Ouest","s":"25N-H56NV20A-80-A"},{"r":"496","t":"14:28:09","h":"Ouest","s":"25S-H56S000A-80-A"},{"r":"496","t":"14:31:09","h":"Ouest","s":"25N-H56N000I-80-I"},{"r":"496","t":"14:31:09","h":"Ouest","s":"25N-H56N100F-80-F1"},{"r":"496","t":"14:31:09","h":"Ouest","s":"25N-H56N200F-80-F2"},{"r":"496","t":"14:31:09","h":"Ouest","s":"25N-H56N300F-80-F3"},{"r":"496","t":"14:31:09","h":"Ouest","s":"25N-H56N400F-80-F4"},{"r":"496","t":"14:31:09","h":"Ouest","s":"25N-H56NV10I-80-I"},{"r":"496","t":"14:31:09","h":"Ouest","s":"25N-H56NV20I-80-I"},{"r":"496","t":"14:31:09","h":"Ouest","s":"25S-H56S000I-80-I"},{"r":"496","t":"14:31:09","h":"Ouest","s":"25S-H56S100F-80-F1"},{"r":"496","t":"14:31:09","h":"Ouest","s":"25S-H56S200F-81-F2"},{"r":"496","t":"14:39:09","h":"Ouest","s":"25N-H56N000S-80-S"},{"r":"496","t":"14:39:09","h":"Ouest","s":"25N-H56NV10S-80-S"},{"r":"496","t":"14:39:09","h":"Ouest","s":"25N-H56NV20S-80-S"},{"r":"496","t":"14:39:09","h":"Ouest","s":"25S-H56S000S-80-S"},{"r":"496","t":"14:48:09","h":"Ouest","s":"25N-H56N000A-80-A"},{"r":"496","t":"14:48:09","h":"Ouest","s":"25N-H56NV10A-80-A"},{"r":"496","t":"14:48:09","h":"Ouest","s":"25N-H56NV20A-80-A"},{"r":"496","t":"14:48:09","h":"Ouest","s":"25S-H56S000A-80-A"},{"r":"496","t":"14:52:09","h":"Ouest","s":"25N-H56N000I-80-I"},{"r":"496","t":"14:52:09","h":"Ouest","s":"25N-H56N100F-80-F1"},{"r":"496","t":"14:52:09","h":"Ouest","s":"25N-H56N200F-80-F2"},{"r":"496","t":"14:52:09","h":"Ouest","s":"25N-H56N300F-80-F3"},{"r":"496","t":"14:52:09","h":"Ouest","s":"25N-H56N400F-80-F4"},{"r":"496","t":"14:52:09","h":"Ouest","s":"25N-H56NV10I-80-I"},{"r":"496","t":"14:52:09","h":"Ouest","s":"25N-H56NV20I-80-I"},{"r":"496","t":"14:52:09","h":"Ouest","s":"25S-H56S000I-80-I"},{"r":"496","t":"14:52:09","h":"Ouest","s":"25S-H56S100F-80-F1"},{"r":"496","t":"14:52:09","h":"Ouest","s":"25S-H56S200F-81-F2"},{"r":"496","t":"15:00:09","h":"Ouest","s":"25N-H56N000S-80-S"},{"r":"496","t":"15:00:09","h":"Ouest","s":"25N-H56NV10S-80-S"},{"r":"496","t":"15:00:09","h":"Ouest","s":"25N-H56NV20S-80-S"},{"r":"496","t":"15:00:09","h":"Ouest","s":"25S-H56S000S-80-S"},{"r":"496","t":"15:08:09","h":"Ouest","s":"25N-H56N000A-80-A"},{"r":"496","t":"15:08:09","h":"Ouest","s":"25N-H56NV10A-80-A"},{"r":"496","t":"15:08:09","h":"Ouest","s":"25N-H56NV20A-80-A"},{"r":"496","t":"15:08:09","h":"Ouest","s":"25S-H56S000A-80-A"},{"r":"496","t":"15:11:09","h":"Ouest","s":"25N-H56N000I-80-I"},{"r":"496","t":"15:11:09","h":"Ouest","s":"25N-H56N100F-80-F1"},{"r":"496","t":"15:11:09","h":"Ouest","s":"25N-H56N200F-80-F2"},{"r":"496","t":"15:11:09","h":"Ouest","s":"25N-H56N300F-80-F3"},{"r":"496","t":"15:11:09","h":"Ouest","s":"25N-H56N400F-80-F4"},{"r":"496","t":"15:11:09","h":"Ouest","s":"25N-H56NV10I-80-I"},{"r":"496","t":"15:11:09","h":"Ouest","s":"25N-H56NV20I-80-I"},{"r":"496","t":"15:11:09","h":"Ouest","s":"25S-H56S000I-80-I"},{"r":"496","t":"15:11:09","h":"Ouest","s":"25S-H56S100F-80-F1"},{"r":"496","t":"15:11:09","h":"Ouest","s":"25S-H56S200F-81-F2"},{"r":"496","t":"15:23:09","h":"Ouest","s":"25N-H56N000S-80-S"},{"r":"496","t":"15:23:09","h":"Ouest","s":"25N-H56NV10S-80-S"},{"r":"496","t":"15:23:09","h":"Ouest","s":"25N-H56NV20S-80-S"},{"r":"496","t":"15:23:09","h":"Ouest","s":"25S-H56S000S-80-S"},{"r":"496","t":"15:28:09","h":"Ouest","s":"25N-H56N000A-80-A"},{"r":"496","t":"15:28:09","h":"Ouest","s":"25N-H56NV10A-80-A"},{"r":"496","t":"15:28:09","h":"Ouest","s":"25N-H56NV20A-80-A"},{"r":"496","t":"15:28:09","h":"Ouest","s":"25S-H56S000A-80-A"},{"r":"496","t":"15:31:09","h":"Ouest","s":"25N-H56N000I-80-I"},{"r":"496","t":"15:31:09","h":"Ouest","s":"25N-H56N100F-80-F1"},{"r":"496","t":"15:31:09","h":"Ouest","s":"25N-H56N200F-80-F2"},{"r":"496","t":"15:31:09","h":"Ouest","s":"25N-H56N300F-80-F3"},{"r":"496","t":"15:31:09","h":"Ouest","s":"25N-H56N400F-80-F4"},{"r":"496","t":"15:31:09","h":"Ouest","s":"25N-H56NV10I-80-I"},{"r":"496","t":"15:31:09","h":"Ouest","s":"25N-H56NV20I-80-I"},{"r":"496","t":"15:31:09","h":"Ouest","s":"25S-H56S000I-80-I"},{"r":"496","t":"15:31:09","h":"Ouest","s":"25S-H56S100F-80-F1"},{"r":"496","t":"15:31:09","h":"Ouest","s":"25S-H56S200F-81-F2"},{"r":"496","t":"15:36:09","h":"Ouest","s":"25N-H56N000S-80-S"},{"r":"496","t":"15:36:09","h":"Ouest","s":"25N-H56NV10S-80-S"},{"r":"496","t":"15:36:09","h":"Ouest","s":"25N-H56NV20S-80-S"},{"r":"496","t":"15:36:09","h":"Ouest","s":"25S-H56S000S-80-S"},{"r":"496","t":"15:48:09","h":"Ouest","s":"25N-H56N000A-80-A"},{"r":"496","t":"15:48:09","h":"Ouest","s":"25N-H56N000S-80-S"},{"r":"496","t":"15:48:09","h":"Ouest","s":"25N-H56NV10A-80-A"},{"r":"496","t":"15:48:09","h":"Ouest","s":"25N-H56NV10S-80-S"},{"r":"496","t":"15:48:09","h":"Ouest","s":"25N-H56NV20A-80-A"},{"r":"496","t":"15:48:09","h":"Ouest","s":"25N-H56NV20S-80-S"},{"r":"496","t":"15:48:09","h":"Ouest","s":"25S-H56S000A-80-A"},{"r":"496","t":"15:48:09","h":"Ouest","s":"25S-H56S000S-80-S"},{"r":"496","t":"15:51:09","h":"Ouest","s":"25N-H56N000I-80-I"},{"r":"496","t":"15:51:09","h":"Ouest","s":"25N-H56N100F-80-F1"},{"r":"496","t":"15:51:09","h":"Ouest","s":"25N-H56N200F-80-F2"},{"r":"496","t":"15:51:09","h":"Ouest","s":"25N-H56N300F-80-F3"},{"r":"496","t":"15:51:09","h":"Ouest","s":"25N-H56N400F-80-F4"},{"r":"496","t":"15:51:09","h":"Ouest","s":"25N-H56NV10I-80-I"},{"r":"496","t":"15:51:09","h":"Ouest","s":"25N-H56NV20I-80-I"},{"r":"496","t":"15:51:09","h":"Ouest","s":"25S-H56S000I-80-I"},{"r":"496","t":"15:51:09","h":"Ouest","s":"25S-H56S100F-80-F1"},{"r":"496","t":"15:51:09","h":"Ouest","s":"25S-H56S200F-81-F2"},{"r":"496","t":"16:00:09","h":"Ouest","s":"25N-H56N000S-80-S"},{"r":"496","t":"16:00:09","h":"Ouest","s":"25N-H56NV10S-80-S"},{"r":"496","t":"16:00:09","h":"Ouest","s":"25N-H56NV20S-80-S"},{"r":"496","t":"16:00:09","h":"Ouest","s":"25S-H56S000S-80-S"},{"r":"496","t":"16:08:09","h":"Ouest","s":"25N-H56N000A-80-A"},{"r":"496","t":"16:08:09","h":"Ouest","s":"25N-H56NV10A-80-A"},{"r":"496","t":"16:08:09","h":"Ouest","s":"25N-H56NV20A-80-A"},{"r":"496","t":"16:08:09","h":"Ouest","s":"25S-H56S000A-80-A"},{"r":"496","t":"16:11:09","h":"Ouest","s":"25N-H56N000S-80-S"},{"r":"496","t":"16:11:09","h":"Ouest","s":"25N-H56NV10S-80-S"},{"r":"496","t":"16:11:09","h":"Ouest","s":"25N-H56NV20S-80-S"},{"r":"496","t":"16:11:09","h":"Ouest","s":"25S-H56S000S-80-S"},{"r":"496","t":"16:12:09","h":"Ouest","s":"25N-H56N000I-80-I"},{"r":"496","t":"16:12:09","h":"Ouest","s":"25N-H56N100F-80-F1"},{"r":"496","t":"16:12:09","h":"Ouest","s":"25N-H56N200F-80-F2"},{"r":"496","t":"16:12:09","h":"Ouest","s":"25N-H56N300F-80-F3"},{"r":"496","t":"16:12:09","h":"Ouest","s":"25N-H56N400F-80-F4"},{"r":"496","t":"16:12:09","h":"Ouest","s":"25N-H56NV10I-80-I"},{"r":"496","t":"16:12:09","h":"Ouest","s":"25N-H56NV20I-80-I"},{"r":"496","t":"16:12:09","h":"Ouest","s":"25S-H56S000I-80-I"},{"r":"496","t":"16:12:09","h":"Ouest","s":"25S-H56S100F-80-F1"},{"r":"496","t":"16:12:09","h":"Ouest","s":"25S-H56S200F-81-F2"},{"r":"496","t":"16:20:09","h":"Ouest","s":"25N-H56N000S-80-S"},{"r":"496","t":"16:20:09","h":"Ouest","s":"25N-H56NV10S-80-S"},{"r":"496","t":"16:20:09","h":"Ouest","s":"25N-H56NV20S-80-S"},{"r":"496","t":"16:20:09","h":"Ouest","s":"25S-H56S000S-80-S"},{"r":"496","t":"16:27:09","h":"Ouest","s":"25N-H56N000A-80-A"},{"r":"496","t":"16:27:09","h":"Ouest","s":"25N-H56NV10A-80-A"},{"r":"496","t":"16:27:09","h":"Ouest","s":"25N-H56NV20A-80-A"},{"r":"496","t":"16:27:09","h":"Ouest","s":"25S-H56S000A-80-A"},{"r":"496","t":"16:28:09","h":"Ouest","s":"25N-H56N000S-80-S"},{"r":"496","t":"16:28:09","h":"Ouest","s":"25N-H56NV10S-80-S"},{"r":"496","t":"16:28:09","h":"Ouest","s":"25N-H56NV20S-80-S"},{"r":"496","t":"16:28:09","h":"Ouest","s":"25S-H56S000S-80-S"},{"r":"496","t":"16:29:09","h":"Ouest","s":"25N-H56N000I-80-I"},{"r":"496","t":"16:29:09","h":"Ouest","s":"25N-H56N100F-80-F1"},{"r":"496","t":"16:29:09","h":"Ouest","s":"25N-H56N200F-80-F2"},{"r":"496","t":"16:29:09","h":"Ouest","s":"25N-H56N300F-80-F3"},{"r":"496","t":"16:29:09","h":"Ouest","s":"25N-H56N400F-80-F4"},{"r":"496","t":"16:29:09","h":"Ouest","s":"25N-H56NV10I-80-I"},{"r":"496","t":"16:29:09","h":"Ouest","s":"25N-H56NV20I-80-I"},{"r":"496","t":"16:29:09","h":"Ouest","s":"25S-H56S000I-80-I"},{"r":"496","t":"16:29:09","h":"Ouest","s":"25S-H56S100F-80-F1"},{"r":"496","t":"16:29:09","h":"Ouest","s":"25S-H56S200F-81-F2"},{"r":"496","t":"16:38:09","h":"Ouest","s":"25N-H50N000S-80-S"},{"r":"496","t":"16:38:09","h":"Ouest","s":"25N-H50N000S-90-S"},{"r":"496","t":"16:38:09","h":"Ouest","s":"25N-H50NV10S-90-S"},{"r":"496","t":"16:38:09","h":"Ouest","s":"25N-H50NV20S-90-S"},{"r":"496","t":"16:38:09","h":"Ouest","s":"25S-H50S000S-81-S"},{"r":"496","t":"16:42:09","h":"Ouest","s":"25N-H56N000A-80-A"},{"r":"496","t":"16:42:09","h":"Ouest","s":"25N-H56NV10A-80-A"},{"r":"496","t":"16:42:09","h":"Ouest","s":"25N-H56NV20A-80-A"},{"r":"496","t":"16:42:09","h":"Ouest","s":"25S-H56S000A-80-A"},{"r":"496","t":"16:45:09","h":"Ouest","s":"25N-H56N000I-80-I"},{"r":"496","t":"16:45:09","h":"Ouest","s":"25N-H56N100F-80-F1"},{"r":"496","t":"16:45:09","h":"Ouest","s":"25N-H56N200F-80-F2"},{"r":"496","t":"16:45:09","h":"Ouest","s":"25N-H56N300F-80-F3"},{"r":"496","t":"16:45:09","h":"Ouest","s":"25N-H56N400F-80-F4"},{"r":"496","t":"16:45:09","h":"Ouest","s":"25N-H56NV10I-80-I"},{"r":"496","t":"16:45:09","h":"Ouest","s":"25N-H56NV20I-80-I"},{"r":"496","t":"16:45:09","h":"Ouest","s":"25S-H56S000I-80-I"},{"r":"496","t":"16:45:09","h":"Ouest","s":"25S-H56S100F-80-F1"},{"r":"496","t":"16:45:09","h":"Ouest","s":"25S-H56S200F-81-F2"},{"r":"496","t":"16:48:09","h":"Ouest","s":"25N-H56N000S-80-S"},{"r":"496","t":"16:48:09","h":"Ouest","s":"25N-H56NV10S-80-S"},{"r":"496","t":"16:48:09","h":"Ouest","s":"25N-H56NV20S-80-S"},{"r":"496","t":"16:48:09","h":"Ouest","s":"25S-H56S000S-80-S"},{"r":"496","t":"16:57:09","h":"Ouest","s":"25N-H56N000A-80-A"},{"r":"496","t":"16:57:09","h":"Ouest","s":"25N-H56NV10A-80-A"},{"r":"496","t":"16:57:09","h":"Ouest","s":"25N-H56NV20A-80-A"},{"r":"496","t":"16:57:09","h":"Ouest","s":"25S-H56S000A-80-A"},{"r":"496","t":"16:58:09","h":"Ouest","s":"25N-H56N000S-80-S"},{"r":"496","t":"16:58:09","h":"Ouest","s":"25N-H56NV10S-80-S"},{"r":"496","t":"16:58:09","h":"Ouest","s":"25N-H56NV20S-80-S"},{"r":"496","t":"16:58:09","h":"Ouest","s":"25S-H56S000S-80-S"},{"r":"496","t":"17:01:09","h":"Ouest","s":"25N-H56N000I-80-I"},{"r":"496","t":"17:01:09","h":"Ouest","s":"25N-H56N100F-80-F1"},{"r":"496","t":"17:01:09","h":"Ouest","s":"25N-H56N200F-80-F2"},{"r":"496","t":"17:01:09","h":"Ouest","s":"25N-H56N300F-80-F3"},{"r":"496","t":"17:01:09","h":"Ouest","s":"25N-H56N400F-80-F4"},{"r":"496","t":"17:01:09","h":"Ouest","s":"25N-H56NV10I-80-I"},{"r":"496","t":"17:01:09","h":"Ouest","s":"25N-H56NV20I-80-I"},{"r":"496","t":"17:01:09","h":"Ouest","s":"25S-H56S000I-80-I"},{"r":"496","t":"17:01:09","h":"Ouest","s":"25S-H56S100F-80-F1"},{"r":"496","t":"17:01:09","h":"Ouest","s":"25S-H56S200F-81-F2"},{"r":"496","t":"17:08:09","h":"Ouest","s":"25N-H56N000S-80-S"},{"r":"496","t":"17:08:09","h":"Ouest","s":"25N-H56NV10S-80-S"},{"r":"496","t":"17:08:09","h":"Ouest","s":"25N-H56NV20S-80-S"},{"r":"496","t":"17:08:09","h":"Ouest","s":"25S-H56S000S-80-S"},{"r":"496","t":"17:12:09","h":"Ouest","s":"25N-H56N000A-80-A"},{"r":"496","t":"17:12:09","h":"Ouest","s":"25N-H56NV10A-80-A"},{"r":"496","t":"17:12:09","h":"Ouest","s":"25N-H56NV20A-80-A"},{"r":"496","t":"17:12:09","h":"Ouest","s":"25S-H56S000A-80-A"},{"r":"496","t":"17:16:09","h":"Ouest","s":"25N-H56N000I-80-I"},{"r":"496","t":"17:16:09","h":"Ouest","s":"25N-H56N100F-80-F1"},{"r":"496","t":"17:16:09","h":"Ouest","s":"25N-H56N200F-80-F2"},{"r":"496","t":"17:16:09","h":"Ouest","s":"25N-H56N300F-80-F3"},{"r":"496","t":"17:16:09","h":"Ouest","s":"25N-H56N400F-80-F4"},{"r":"496","t":"17:16:09","h":"Ouest","s":"25N-H56NV10I-80-I"},{"r":"496","t":"17:16:09","h":"Ouest","s":"25N-H56NV20I-80-I"},{"r":"496","t":"17:16:09","h":"Ouest","s":"25S-H56S000I-80-I"},{"r":"496","t":"17:16:09","h":"Ouest","s":"25S-H56S100F-80-F1"},{"r":"496","t":"17:16:09","h":"Ouest","s":"25S-H56S200F-81-F2"},{"r":"496","t":"17:17:09","h":"Ouest","s":"25N-H59N000S-80-S"},{"r":"496","t":"17:17:09","h":"Ouest","s":"25N-H59NV10S-84-S"},{"r":"496","t":"17:17:09","h":"Ouest","s":"25N-H59NV20S-80-S"},{"r":"496","t":"17:17:09","h":"Ouest","s":"25S-H59S000S-81-S"},{"r":"496","t":"17:25:09","h":"Ouest","s":"25N-H56N000S-80-S"},{"r":"496","t":"17:25:09","h":"Ouest","s":"25N-H56NV10S-80-S"},{"r":"496","t":"17:25:09","h":"Ouest","s":"25N-H56NV20S-80-S"},{"r":"496","t":"17:25:09","h":"Ouest","s":"25S-H56S000S-80-S"},{"r":"496","t":"17:27:09","h":"Ouest","s":"25N-H56N000A-80-A"},{"r":"496","t":"17:27:09","h":"Ouest","s":"25N-H56NV10A-80-A"},{"r":"496","t":"17:27:09","h":"Ouest","s":"25N-H56NV20A-80-A"},{"r":"496","t":"17:27:09","h":"Ouest","s":"25S-H56S000A-80-A"},{"r":"496","t":"17:31:09","h":"Ouest","s":"25N-H56N000I-80-I"},{"r":"496","t":"17:31:09","h":"Ouest","s":"25N-H56N100F-80-F1"},{"r":"496","t":"17:31:09","h":"Ouest","s":"25N-H56N200F-80-F2"},{"r":"496","t":"17:31:09","h":"Ouest","s":"25N-H56N300F-80-F3"},{"r":"496","t":"17:31:09","h":"Ouest","s":"25N-H56N400F-80-F4"},{"r":"496","t":"17:31:09","h":"Ouest","s":"25N-H56NV10I-80-I"},{"r":"496","t":"17:31:09","h":"Ouest","s":"25N-H56NV20I-80-I"},{"r":"496","t":"17:31:09","h":"Ouest","s":"25S-H56S000I-80-I"},{"r":"496","t":"17:31:09","h":"Ouest","s":"25S-H56S100F-80-F1"},{"r":"496","t":"17:31:09","h":"Ouest","s":"25S-H56S200F-81-F2"},{"r":"496","t":"17:36:09","h":"Ouest","s":"25N-H56N000S-80-S"},{"r":"496","t":"17:36:09","h":"Ouest","s":"25N-H56NV10S-80-S"},{"r":"496","t":"17:36:09","h":"Ouest","s":"25N-H56NV20S-80-S"},{"r":"496","t":"17:36:09","h":"Ouest","s":"25S-H56S000S-80-S"},{"r":"496","t":"17:41:09","h":"Ouest","s":"25N-H56N000A-80-A"},{"r":"496","t":"17:41:09","h":"Ouest","s":"25N-H56NV10A-80-A"},{"r":"496","t":"17:41:09","h":"Ouest","s":"25N-H56NV20A-80-A"},{"r":"496","t":"17:41:09","h":"Ouest","s":"25S-H56S000A-80-A"},{"r":"496","t":"17:46:09","h":"Ouest","s":"25N-H56N000I-80-I"},{"r":"496","t":"17:46:09","h":"Ouest","s":"25N-H56N000S-80-S"},{"r":"496","t":"17:46:09","h":"Ouest","s":"25N-H56N100F-80-F1"},{"r":"496","t":"17:46:09","h":"Ouest","s":"25N-H56N200F-80-F2"},{"r":"496","t":"17:46:09","h":"Ouest","s":"25N-H56N300F-80-F3"},{"r":"496","t":"17:46:09","h":"Ouest","s":"25N-H56N400F-80-F4"},{"r":"496","t":"17:46:09","h":"Ouest","s":"25N-H56NV10I-80-I"},{"r":"496","t":"17:46:09","h":"Ouest","s":"25N-H56NV10S-80-S"},{"r":"496","t":"17:46:09","h":"Ouest","s":"25N-H56NV20I-80-I"},{"r":"496","t":"17:46:09","h":"Ouest","s":"25N-H56NV20S-80-S"},{"r":"496","t":"17:46:09","h":"Ouest","s":"25S-H56S000I-80-I"},{"r":"496","t":"17:46:09","h":"Ouest","s":"25S-H56S000S-80-S"},{"r":"496","t":"17:46:09","h":"Ouest","s":"25S-H56S100F-80-F1"},{"r":"496","t":"17:46:09","h":"Ouest","s":"25S-H56S200F-81-F2"},{"r":"496","t":"17:55:09","h":"Ouest","s":"25N-H56N000A-80-A"},{"r":"496","t":"17:55:09","h":"Ouest","s":"25N-H56NV10A-80-A"},{"r":"496","t":"17:55:09","h":"Ouest","s":"25N-H56NV20A-80-A"},{"r":"496","t":"17:55:09","h":"Ouest","s":"25S-H56S000A-80-A"},{"r":"496","t":"17:56:09","h":"Ouest","s":"25N-H56N000S-80-S"},{"r":"496","t":"17:56:09","h":"Ouest","s":"25N-H56NV10S-80-S"},{"r":"496","t":"17:56:09","h":"Ouest","s":"25N-H56NV20S-80-S"},{"r":"496","t":"17:56:09","h":"Ouest","s":"25S-H56S000S-80-S"},{"r":"496","t":"18:01:09","h":"Ouest","s":"25N-H56N000I-80-I"},{"r":"496","t":"18:01:09","h":"Ouest","s":"25N-H56N100F-80-F1"},{"r":"496","t":"18:01:09","h":"Ouest","s":"25N-H56N200F-80-F2"},{"r":"496","t":"18:01:09","h":"Ouest","s":"25N-H56N300F-80-F3"},{"r":"496","t":"18:01:09","h":"Ouest","s":"25N-H56N400F-80-F4"},{"r":"496","t":"18:01:09","h":"Ouest","s":"25N-H56NV10I-80-I"},{"r":"496","t":"18:01:09","h":"Ouest","s":"25N-H56NV20I-80-I"},{"r":"496","t":"18:01:09","h":"Ouest","s":"25S-H56S000I-80-I"},{"r":"496","t":"18:01:09","h":"Ouest","s":"25S-H56S100F-80-F1"},{"r":"496","t":"18:01:09","h":"Ouest","s":"25S-H56S200F-81-F2"},{"r":"496","t":"18:06:09","h":"Ouest","s":"25N-H56N000S-80-S"},{"r":"496","t":"18:06:09","h":"Ouest","s":"25N-H56NV10S-80-S"},{"r":"496","t":"18:06:09","h":"Ouest","s":"25N-H56NV20S-80-S"},{"r":"496","t":"18:06:09","h":"Ouest","s":"25S-H56S000S-80-S"},{"r":"496","t":"18:10:09","h":"Ouest","s":"25N-H56N000A-80-A"},{"r":"496","t":"18:10:09","h":"Ouest","s":"25N-H56NV10A-80-A"},{"r":"496","t":"18:10:09","h":"Ouest","s":"25N-H56NV20A-80-A"},{"r":"496","t":"18:10:09","h":"Ouest","s":"25S-H56S000A-80-A"},{"r":"496","t":"18:15:09","h":"Ouest","s":"25N-H56N000S-80-S"},{"r":"496","t":"18:15:09","h":"Ouest","s":"25N-H56NV10S-80-S"},{"r":"496","t":"18:15:09","h":"Ouest","s":"25N-H56NV20S-80-S"},{"r":"496","t":"18:15:09","h":"Ouest","s":"25S-H56S000S-80-S"},{"r":"496","t":"18:17:09","h":"Ouest","s":"25N-H56N000I-80-I"},{"r":"496","t":"18:17:09","h":"Ouest","s":"25N-H56N100F-80-F1"},{"r":"496","t":"18:17:09","h":"Ouest","s":"25N-H56N200F-80-F2"},{"r":"496","t":"18:17:09","h":"Ouest","s":"25N-H56N300F-80-F3"},{"r":"496","t":"18:17:09","h":"Ouest","s":"25N-H56N400F-80-F4"},{"r":"496","t":"18:17:09","h":"Ouest","s":"25N-H56NV10I-80-I"},{"r":"496","t":"18:17:09","h":"Ouest","s":"25N-H56NV20I-80-I"},{"r":"496","t":"18:17:09","h":"Ouest","s":"25S-H56S000I-80-I"},{"r":"496","t":"18:17:09","h":"Ouest","s":"25S-H56S100F-80-F1"},{"r":"496","t":"18:17:09","h":"Ouest","s":"25S-H56S200F-81-F2"},{"r":"496","t":"18:25:09","h":"Ouest","s":"25N-H56N000A-80-A"},{"r":"496","t":"18:25:09","h":"Ouest","s":"25N-H56NV10A-80-A"},{"r":"496","t":"18:25:09","h":"Ouest","s":"25N-H56NV20A-80-A"},{"r":"496","t":"18:25:09","h":"Ouest","s":"25S-H56S000A-80-A"},{"r":"496","t":"18:26:09","h":"Ouest","s":"25N-H56N000S-80-S"},{"r":"496","t":"18:26:09","h":"Ouest","s":"25N-H56NV10S-80-S"},{"r":"496","t":"18:26:09","h":"Ouest","s":"25N-H56NV20S-80-S"},{"r":"496","t":"18:26:09","h":"Ouest","s":"25S-H56S000S-80-S"},{"r":"496","t":"18:35:09","h":"Ouest","s":"25N-H56N000I-80-I"},{"r":"496","t":"18:35:09","h":"Ouest","s":"25N-H56N100F-80-F1"},{"r":"496","t":"18:35:09","h":"Ouest","s":"25N-H56N200F-80-F2"},{"r":"496","t":"18:35:09","h":"Ouest","s":"25N-H56N300F-80-F3"},{"r":"496","t":"18:35:09","h":"Ouest","s":"25N-H56N400F-80-F4"},{"r":"496","t":"18:35:09","h":"Ouest","s":"25N-H56NV10I-80-I"},{"r":"496","t":"18:35:09","h":"Ouest","s":"25N-H56NV20I-80-I"},{"r":"496","t":"18:35:09","h":"Ouest","s":"25S-H56S000I-80-I"},{"r":"496","t":"18:35:09","h":"Ouest","s":"25S-H56S100F-80-F1"},{"r":"496","t":"18:35:09","h":"Ouest","s":"25S-H56S200F-81-F2"},{"r":"496","t":"18:37:09","h":"Ouest","s":"25N-H56N000S-80-S"},{"r":"496","t":"18:37:09","h":"Ouest","s":"25N-H56NV10S-80-S"},{"r":"496","t":"18:37:09","h":"Ouest","s":"25N-H56NV20S-80-S"},{"r":"496","t":"18:37:09","h":"Ouest","s":"25S-H56S000S-80-S"},{"r":"496","t":"18:40:09","h":"Ouest","s":"25N-H56N000A-80-A"},{"r":"496","t":"18:40:09","h":"Ouest","s":"25N-H56NV10A-80-A"},{"r":"496","t":"18:40:09","h":"Ouest","s":"25N-H56NV20A-80-A"},{"r":"496","t":"18:40:09","h":"Ouest","s":"25S-H56S000A-80-A"},{"r":"496","t":"18:48:09","h":"Ouest","s":"25N-H56N000S-80-S"},{"r":"496","t":"18:48:09","h":"Ouest","s":"25N-H56NV10S-80-S"},{"r":"496","t":"18:48:09","h":"Ouest","s":"25N-H56NV20S-80-S"},{"r":"496","t":"18:48:09","h":"Ouest","s":"25S-H56S000S-80-S"},{"r":"496","t":"18:56:09","h":"Ouest","s":"25N-H56N000A-80-A"},{"r":"496","t":"18:56:09","h":"Ouest","s":"25N-H56N000I-80-I"},{"r":"496","t":"18:56:09","h":"Ouest","s":"25N-H56N100F-80-F1"},{"r":"496","t":"18:56:09","h":"Ouest","s":"25N-H56N200F-80-F2"},{"r":"496","t":"18:56:09","h":"Ouest","s":"25N-H56N300F-80-F3"},{"r":"496","t":"18:56:09","h":"Ouest","s":"25N-H56N400F-80-F4"},{"r":"496","t":"18:56:09","h":"Ouest","s":"25N-H56NV10A-80-A"},{"r":"496","t":"18:56:09","h":"Ouest","s":"25N-H56NV10I-80-I"},{"r":"496","t":"18:56:09","h":"Ouest","s":"25N-H56NV20A-80-A"},{"r":"496","t":"18:56:09","h":"Ouest","s":"25N-H56NV20I-80-I"},{"r":"496","t":"18:56:09","h":"Ouest","s":"25S-H56S000A-80-A"},{"r":"496","t":"18:56:09","h":"Ouest","s":"25S-H56S000I-80-I"},{"r":"496","t":"18:56:09","h":"Ouest","s":"25S-H56S100F-80-F1"},{"r":"496","t":"18:56:09","h":"Ouest","s":"25S-H56S200F-81-F2"},{"r":"496","t":"18:57:09","h":"Ouest","s":"25N-H56N000S-80-S"},{"r":"496","t":"18:57:09","h":"Ouest","s":"25N-H56NV10S-80-S"},{"r":"496","t":"18:57:09","h":"Ouest","s":"25N-H56NV20S-80-S"},{"r":"496","t":"18:57:09","h":"Ouest","s":"25S-H56S000S-80-S"},{"r":"496","t":"19:05:09","h":"Ouest","s":"25N-H56N000S-80-S"},{"r":"496","t":"19:05:09","h":"Ouest","s":"25N-H56NV10S-80-S"},{"r":"496","t":"19:05:09","h":"Ouest","s":"25N-H56NV20S-80-S"},{"r":"496","t":"19:05:09","h":"Ouest","s":"25S-H56S000S-80-S"},{"r":"496","t":"19:15:09","h":"Ouest","s":"25N-H56N000S-80-S"},{"r":"496","t":"19:15:09","h":"Ouest","s":"25N-H56NV10S-80-S"},{"r":"496","t":"19:15:09","h":"Ouest","s":"25N-H56NV20S-80-S"},{"r":"496","t":"19:15:09","h":"Ouest","s":"25S-H56S000S-80-S"},{"r":"496","t":"19:16:09","h":"Ouest","s":"25N-H56N000A-80-A"},{"r":"496","t":"19:16:09","h":"Ouest","s":"25N-H56NV10A-80-A"},{"r":"496","t":"19:16:09","h":"Ouest","s":"25N-H56NV20A-80-A"},{"r":"496","t":"19:16:09","h":"Ouest","s":"25S-H56S000A-80-A"},{"r":"496","t":"19:18:09","h":"Ouest","s":"25N-H56N000I-80-I"},{"r":"496","t":"19:18:09","h":"Ouest","s":"25N-H56N100F-80-F1"},{"r":"496","t":"19:18:09","h":"Ouest","s":"25N-H56N200F-80-F2"},{"r":"496","t":"19:18:09","h":"Ouest","s":"25N-H56N300F-80-F3"},{"r":"496","t":"19:18:09","h":"Ouest","s":"25N-H56N400F-80-F4"},{"r":"496","t":"19:18:09","h":"Ouest","s":"25N-H56NV10I-80-I"},{"r":"496","t":"19:18:09","h":"Ouest","s":"25N-H56NV20I-80-I"},{"r":"496","t":"19:18:09","h":"Ouest","s":"25S-H56S000I-80-I"},{"r":"496","t":"19:18:09","h":"Ouest","s":"25S-H56S100F-80-F1"},{"r":"496","t":"19:18:09","h":"Ouest","s":"25S-H56S200F-81-F2"},{"r":"496","t":"19:25:09","h":"Ouest","s":"25N-H56N000S-80-S"},{"r":"496","t":"19:25:09","h":"Ouest","s":"25N-H56NV10S-80-S"},{"r":"496","t":"19:25:09","h":"Ouest","s":"25N-H56NV20S-80-S"},{"r":"496","t":"19:25:09","h":"Ouest","s":"25S-H56S000S-80-S"},{"r":"496","t":"19:36:09","h":"Ouest","s":"25N-H56N000A-80-A"},{"r":"496","t":"19:36:09","h":"Ouest","s":"25N-H56N000S-80-S"},{"r":"496","t":"19:36:09","h":"Ouest","s":"25N-H56NV10A-80-A"},{"r":"496","t":"19:36:09","h":"Ouest","s":"25N-H56NV10S-80-S"},{"r":"496","t":"19:36:09","h":"Ouest","s":"25N-H56NV20A-80-A"},{"r":"496","t":"19:36:09","h":"Ouest","s":"25N-H56NV20S-80-S"},{"r":"496","t":"19:36:09","h":"Ouest","s":"25S-H56S000A-80-A"},{"r":"496","t":"19:36:09","h":"Ouest","s":"25S-H56S000S-80-S"},{"r":"496","t":"19:38:09","h":"Ouest","s":"25N-H56N000I-80-I"},{"r":"496","t":"19:38:09","h":"Ouest","s":"25N-H56N100F-80-F1"},{"r":"496","t":"19:38:09","h":"Ouest","s":"25N-H56N200F-80-F2"},{"r":"496","t":"19:38:09","h":"Ouest","s":"25N-H56N300F-80-F3"},{"r":"496","t":"19:38:09","h":"Ouest","s":"25N-H56N400F-80-F4"},{"r":"496","t":"19:38:09","h":"Ouest","s":"25N-H56NV10I-80-I"},{"r":"496","t":"19:38:09","h":"Ouest","s":"25N-H56NV20I-80-I"},{"r":"496","t":"19:38:09","h":"Ouest","s":"25S-H56S000I-80-I"},{"r":"496","t":"19:38:09","h":"Ouest","s":"25S-H56S100F-80-F1"},{"r":"496","t":"19:38:09","h":"Ouest","s":"25S-H56S200F-81-F2"},{"r":"496","t":"19:52:09","h":"Ouest","s":"25N-H56N000S-80-S"},{"r":"496","t":"19:52:09","h":"Ouest","s":"25N-H56NV10S-80-S"},{"r":"496","t":"19:52:09","h":"Ouest","s":"25N-H56NV20S-80-S"},{"r":"496","t":"19:52:09","h":"Ouest","s":"25S-H56S000S-80-S"},{"r":"496","t":"19:58:09","h":"Ouest","s":"25N-H56N000A-80-A"},{"r":"496","t":"19:58:09","h":"Ouest","s":"25N-H56NV10A-80-A"},{"r":"496","t":"19:58:09","h":"Ouest","s":"25N-H56NV20A-80-A"},{"r":"496","t":"19:58:09","h":"Ouest","s":"25S-H56S000A-80-A"},{"r":"496","t":"20:00:09","h":"Ouest","s":"25N-H56N000I-80-I"},{"r":"496","t":"20:00:09","h":"Ouest","s":"25N-H56N100F-80-F1"},{"r":"496","t":"20:00:09","h":"Ouest","s":"25N-H56N200F-80-F2"},{"r":"496","t":"20:00:09","h":"Ouest","s":"25N-H56N300F-80-F3"},{"r":"496","t":"20:00:09","h":"Ouest","s":"25N-H56N400F-80-F4"},{"r":"496","t":"20:00:09","h":"Ouest","s":"25N-H56NV10I-80-I"},{"r":"496","t":"20:00:09","h":"Ouest","s":"25N-H56NV20I-80-I"},{"r":"496","t":"20:00:09","h":"Ouest","s":"25S-H56S000I-80-I"},{"r":"496","t":"20:00:09","h":"Ouest","s":"25S-H56S100F-80-F1"},{"r":"496","t":"20:00:09","h":"Ouest","s":"25S-H56S200F-81-F2"},{"r":"496","t":"20:08:09","h":"Ouest","s":"25N-H56N000S-80-S"},{"r":"496","t":"20:08:09","h":"Ouest","s":"25N-H56NV10S-80-S"},{"r":"496","t":"20:08:09","h":"Ouest","s":"25N-H56NV20S-80-S"},{"r":"496","t":"20:08:09","h":"Ouest","s":"25S-H56S000S-80-S"},{"r":"496","t":"20:22:09","h":"Ouest","s":"25N-H56N000A-80-A"},{"r":"496","t":"20:22:09","h":"Ouest","s":"25N-H56NV10A-80-A"},{"r":"496","t":"20:22:09","h":"Ouest","s":"25N-H56NV20A-80-A"},{"r":"496","t":"20:22:09","h":"Ouest","s":"25S-H56S000A-80-A"},{"r":"496","t":"20:23:09","h":"Ouest","s":"25N-H56N000I-80-I"},{"r":"496","t":"20:23:09","h":"Ouest","s":"25N-H56N000S-80-S"},{"r":"496","t":"20:23:09","h":"Ouest","s":"25N-H56N100F-80-F1"},{"r":"496","t":"20:23:09","h":"Ouest","s":"25N-H56N200F-80-F2"},{"r":"496","t":"20:23:09","h":"Ouest","s":"25N-H56N300F-80-F3"},{"r":"496","t":"20:23:09","h":"Ouest","s":"25N-H56N400F-80-F4"},{"r":"496","t":"20:23:09","h":"Ouest","s":"25N-H56NV10I-80-I"},{"r":"496","t":"20:23:09","h":"Ouest","s":"25N-H56NV10S-80-S"},{"r":"496","t":"20:23:09","h":"Ouest","s":"25N-H56NV20I-80-I"},{"r":"496","t":"20:23:09","h":"Ouest","s":"25N-H56NV20S-80-S"},{"r":"496","t":"20:23:09","h":"Ouest","s":"25S-H56S000I-80-I"},{"r":"496","t":"20:23:09","h":"Ouest","s":"25S-H56S000S-80-S"},{"r":"496","t":"20:23:09","h":"Ouest","s":"25S-H56S100F-80-F1"},{"r":"496","t":"20:23:09","h":"Ouest","s":"25S-H56S200F-81-F2"},{"r":"496","t":"20:38:09","h":"Ouest","s":"25N-H56N000S-80-S"},{"r":"496","t":"20:38:09","h":"Ouest","s":"25N-H56NV10S-80-S"},{"r":"496","t":"20:38:09","h":"Ouest","s":"25N-H56NV20S-80-S"},{"r":"496","t":"20:38:09","h":"Ouest","s":"25S-H56S000S-80-S"},{"r":"496","t":"20:43:09","h":"Ouest","s":"25N-H56N000A-80-A"},{"r":"496","t":"20:43:09","h":"Ouest","s":"25N-H56NV10A-80-A"},{"r":"496","t":"20:43:09","h":"Ouest","s":"25N-H56NV20A-80-A"},{"r":"496","t":"20:43:09","h":"Ouest","s":"25S-H56S000A-80-A"},{"r":"496","t":"20:44:09","h":"Ouest","s":"25N-H56N000I-80-I"},{"r":"496","t":"20:44:09","h":"Ouest","s":"25N-H56N100F-80-F1"},{"r":"496","t":"20:44:09","h":"Ouest","s":"25N-H56N200F-80-F2"},{"r":"496","t":"20:44:09","h":"Ouest","s":"25N-H56N300F-80-F3"},{"r":"496","t":"20:44:09","h":"Ouest","s":"25N-H56N400F-80-F4"},{"r":"496","t":"20:44:09","h":"Ouest","s":"25N-H56NV10I-80-I"},{"r":"496","t":"20:44:09","h":"Ouest","s":"25N-H56NV20I-80-I"},{"r":"496","t":"20:44:09","h":"Ouest","s":"25S-H56S000I-80-I"},{"r":"496","t":"20:44:09","h":"Ouest","s":"25S-H56S100F-80-F1"},{"r":"496","t":"20:44:09","h":"Ouest","s":"25S-H56S200F-81-F2"},{"r":"496","t":"20:57:09","h":"Ouest","s":"25N-H56N000S-80-S"},{"r":"496","t":"20:57:09","h":"Ouest","s":"25N-H56NV10S-80-S"},{"r":"496","t":"20:57:09","h":"Ouest","s":"25N-H56NV20S-80-S"},{"r":"496","t":"20:57:09","h":"Ouest","s":"25S-H56S000S-80-S"},{"r":"496","t":"21:11:09","h":"Ouest","s":"25N-H56N000A-80-A"},{"r":"496","t":"21:11:09","h":"Ouest","s":"25N-H56NV10A-80-A"},{"r":"496","t":"21:11:09","h":"Ouest","s":"25N-H56NV20A-80-A"},{"r":"496","t":"21:11:09","h":"Ouest","s":"25S-H56S000A-80-A"},{"r":"496","t":"21:13:09","h":"Ouest","s":"25N-H56N000S-80-S"},{"r":"496","t":"21:13:09","h":"Ouest","s":"25N-H56NV10S-80-S"},{"r":"496","t":"21:13:09","h":"Ouest","s":"25N-H56NV20S-80-S"},{"r":"496","t":"21:13:09","h":"Ouest","s":"25S-H56S000S-80-S"},{"r":"496","t":"21:14:09","h":"Ouest","s":"25N-H56N000I-80-I"},{"r":"496","t":"21:14:09","h":"Ouest","s":"25N-H56N100F-80-F1"},{"r":"496","t":"21:14:09","h":"Ouest","s":"25N-H56N200F-80-F2"},{"r":"496","t":"21:14:09","h":"Ouest","s":"25N-H56N300F-80-F3"},{"r":"496","t":"21:14:09","h":"Ouest","s":"25N-H56N400F-80-F4"},{"r":"496","t":"21:14:09","h":"Ouest","s":"25N-H56NV10I-80-I"},{"r":"496","t":"21:14:09","h":"Ouest","s":"25N-H56NV20I-80-I"},{"r":"496","t":"21:14:09","h":"Ouest","s":"25S-H56S000I-80-I"},{"r":"496","t":"21:14:09","h":"Ouest","s":"25S-H56S100F-80-F1"},{"r":"496","t":"21:14:09","h":"Ouest","s":"25S-H56S200F-81-F2"},{"r":"496","t":"21:28:09","h":"Ouest","s":"25N-H56N000S-80-S"},{"r":"496","t":"21:28:09","h":"Ouest","s":"25N-H56NV10S-80-S"},{"r":"496","t":"21:28:09","h":"Ouest","s":"25N-H56NV20S-80-S"},{"r":"496","t":"21:28:09","h":"Ouest","s":"25S-H56S000S-80-S"},{"r":"496","t":"21:41:09","h":"Ouest","s":"25N-H56N000A-80-A"},{"r":"496","t":"21:41:09","h":"Ouest","s":"25N-H56NV10A-80-A"},{"r":"496","t":"21:41:09","h":"Ouest","s":"25N-H56NV20A-80-A"},{"r":"496","t":"21:41:09","h":"Ouest","s":"25S-H56S000A-80-A"},{"r":"496","t":"21:43:09","h":"Ouest","s":"25N-H56N000I-80-I"},{"r":"496","t":"21:43:09","h":"Ouest","s":"25N-H56N100F-80-F1"},{"r":"496","t":"21:43:09","h":"Ouest","s":"25N-H56N200F-80-F2"},{"r":"496","t":"21:43:09","h":"Ouest","s":"25N-H56N300F-80-F3"},{"r":"496","t":"21:43:09","h":"Ouest","s":"25N-H56N400F-80-F4"},{"r":"496","t":"21:43:09","h":"Ouest","s":"25N-H56NV10I-80-I"},{"r":"496","t":"21:43:09","h":"Ouest","s":"25N-H56NV20I-80-I"},{"r":"496","t":"21:43:09","h":"Ouest","s":"25S-H56S000I-80-I"},{"r":"496","t":"21:43:09","h":"Ouest","s":"25S-H56S100F-80-F1"},{"r":"496","t":"21:43:09","h":"Ouest","s":"25S-H56S200F-81-F2"},{"r":"496","t":"21:45:09","h":"Ouest","s":"25N-H56N000S-80-S"},{"r":"496","t":"21:45:09","h":"Ouest","s":"25N-H56NV10S-80-S"},{"r":"496","t":"21:45:09","h":"Ouest","s":"25N-H56NV20S-80-S"},{"r":"496","t":"21:45:09","h":"Ouest","s":"25S-H56S000S-80-S"},{"r":"496","t":"22:05:09","h":"Ouest","s":"25N-H56N000S-80-S"},{"r":"496","t":"22:05:09","h":"Ouest","s":"25N-H56NV10S-80-S"},{"r":"496","t":"22:05:09","h":"Ouest","s":"25N-H56NV20S-80-S"},{"r":"496","t":"22:05:09","h":"Ouest","s":"25S-H56S000S-80-S"},{"r":"496","t":"22:12:09","h":"Ouest","s":"25N-H56N000A-80-A"},{"r":"496","t":"22:12:09","h":"Ouest","s":"25N-H56N000I-80-I"},{"r":"496","t":"22:12:09","h":"Ouest","s":"25N-H56N100F-80-F1"},{"r":"496","t":"22:12:09","h":"Ouest","s":"25N-H56N200F-80-F2"},{"r":"496","t":"22:12:09","h":"Ouest","s":"25N-H56N300F-80-F3"},{"r":"496","t":"22:12:09","h":"Ouest","s":"25N-H56N400F-80-F4"},{"r":"496","t":"22:12:09","h":"Ouest","s":"25N-H56NV10A-80-A"},{"r":"496","t":"22:12:09","h":"Ouest","s":"25N-H56NV10I-80-I"},{"r":"496","t":"22:12:09","h":"Ouest","s":"25N-H56NV20A-80-A"},{"r":"496","t":"22:12:09","h":"Ouest","s":"25N-H56NV20I-80-I"},{"r":"496","t":"22:12:09","h":"Ouest","s":"25S-H56S000A-80-A"},{"r":"496","t":"22:12:09","h":"Ouest","s":"25S-H56S000I-80-I"},{"r":"496","t":"22:12:09","h":"Ouest","s":"25S-H56S100F-80-F1"},{"r":"496","t":"22:12:09","h":"Ouest","s":"25S-H56S200F-81-F2"},{"r":"496","t":"22:26:09","h":"Ouest","s":"25N-H56N000S-80-S"},{"r":"496","t":"22:26:09","h":"Ouest","s":"25N-H56NV10S-80-S"},{"r":"496","t":"22:26:09","h":"Ouest","s":"25N-H56NV20S-80-S"},{"r":"496","t":"22:26:09","h":"Ouest","s":"25S-H56S000S-80-S"},{"r":"496","t":"22:42:09","h":"Ouest","s":"25N-H56N000I-80-I"},{"r":"496","t":"22:42:09","h":"Ouest","s":"25N-H56N100F-80-F1"},{"r":"496","t":"22:42:09","h":"Ouest","s":"25N-H56N200F-80-F2"},{"r":"496","t":"22:42:09","h":"Ouest","s":"25N-H56N300F-80-F3"},{"r":"496","t":"22:42:09","h":"Ouest","s":"25N-H56N400F-80-F4"},{"r":"496","t":"22:42:09","h":"Ouest","s":"25N-H56NV10I-80-I"},{"r":"496","t":"22:42:09","h":"Ouest","s":"25N-H56NV20I-80-I"},{"r":"496","t":"22:42:09","h":"Ouest","s":"25S-H56S000I-80-I"},{"r":"496","t":"22:42:09","h":"Ouest","s":"25S-H56S100F-80-F1"},{"r":"496","t":"22:42:09","h":"Ouest","s":"25S-H56S200F-81-F2"},{"r":"496","t":"22:43:09","h":"Ouest","s":"25N-H56N000A-80-A"},{"r":"496","t":"22:43:09","h":"Ouest","s":"25N-H56NV10A-80-A"},{"r":"496","t":"22:43:09","h":"Ouest","s":"25N-H56NV20A-80-A"},{"r":"496","t":"22:43:09","h":"Ouest","s":"25S-H56S000A-80-A"},{"r":"496","t":"22:53:09","h":"Ouest","s":"25N-H56N000S-80-S"},{"r":"496","t":"22:53:09","h":"Ouest","s":"25N-H56NV10S-80-S"},{"r":"496","t":"22:53:09","h":"Ouest","s":"25N-H56NV20S-80-S"},{"r":"496","t":"22:53:09","h":"Ouest","s":"25S-H56S000S-80-S"},{"r":"496","t":"23:13:09","h":"Ouest","s":"25N-H56N000A-80-A"},{"r":"496","t":"23:13:09","h":"Ouest","s":"25N-H56N000I-80-I"},{"r":"496","t":"23:13:09","h":"Ouest","s":"25N-H56N100F-80-F1"},{"r":"496","t":"23:13:09","h":"Ouest","s":"25N-H56N200F-80-F2"},{"r":"496","t":"23:13:09","h":"Ouest","s":"25N-H56N300F-80-F3"},{"r":"496","t":"23:13:09","h":"Ouest","s":"25N-H56N400F-80-F4"},{"r":"496","t":"23:13:09","h":"Ouest","s":"25N-H56NV10A-80-A"},{"r":"496","t":"23:13:09","h":"Ouest","s":"25N-H56NV10I-80-I"},{"r":"496","t":"23:13:09","h":"Ouest","s":"25N-H56NV20A-80-A"},{"r":"496","t":"23:13:09","h":"Ouest","s":"25N-H56NV20I-80-I"},{"r":"496","t":"23:13:09","h":"Ouest","s":"25S-H56S000A-80-A"},{"r":"496","t":"23:13:09","h":"Ouest","s":"25S-H56S000I-80-I"},{"r":"496","t":"23:13:09","h":"Ouest","s":"25S-H56S100F-80-F1"},{"r":"496","t":"23:13:09","h":"Ouest","s":"25S-H56S200F-81-F2"},{"r":"496","t":"23:23:09","h":"Ouest","s":"25N-H56N000S-80-S"},{"r":"496","t":"23:23:09","h":"Ouest","s":"25N-H56NV10S-80-S"},{"r":"496","t":"23:23:09","h":"Ouest","s":"25N-H56NV20S-80-S"},{"r":"496","t":"23:23:09","h":"Ouest","s":"25S-H56S000S-80-S"},{"r":"496","t":"23:44:09","h":"Ouest","s":"25N-H56N000A-80-A"},{"r":"496","t":"23:44:09","h":"Ouest","s":"25N-H56N000I-80-I"},{"r":"496","t":"23:44:09","h":"Ouest","s":"25N-H56N100F-80-F1"},{"r":"496","t":"23:44:09","h":"Ouest","s":"25N-H56N200F-80-F2"},{"r":"496","t":"23:44:09","h":"Ouest","s":"25N-H56N300F-80-F3"},{"r":"496","t":"23:44:09","h":"Ouest","s":"25N-H56N400F-80-F4"},{"r":"496","t":"23:44:09","h":"Ouest","s":"25N-H56NV10A-80-A"},{"r":"496","t":"23:44:09","h":"Ouest","s":"25N-H56NV10I-80-I"},{"r":"496","t":"23:44:09","h":"Ouest","s":"25N-H56NV20A-80-A"},{"r":"496","t":"23:44:09","h":"Ouest","s":"25N-H56NV20I-80-I"},{"r":"496","t":"23:44:09","h":"Ouest","s":"25S-H56S000A-80-A"},{"r":"496","t":"23:44:09","h":"Ouest","s":"25S-H56S000I-80-I"},{"r":"496","t":"23:44:09","h":"Ouest","s":"25S-H56S100F-80-F1"},{"r":"496","t":"23:44:09","h":"Ouest","s":"25S-H56S200F-81-F2"},{"r":"496","t":"23:53:09","h":"Ouest","s":"25N-H56N000S-80-S"},{"r":"496","t":"23:53:09","h":"Ouest","s":"25N-H56NV10S-80-S"},{"r":"496","t":"23:53:09","h":"Ouest","s":"25N-H56NV20S-80-S"},{"r":"496","t":"23:53:09","h":"Ouest","s":"25S-H56S000S-80-S"},{"r":"496","t":"24:15:09","h":"Ouest","s":"25N-H56N000A-80-A"},{"r":"496","t":"24:15:09","h":"Ouest","s":"25N-H56N000I-80-I"},{"r":"496","t":"24:15:09","h":"Ouest","s":"25N-H56N100F-80-F1"},{"r":"496","t":"24:15:09","h":"Ouest","s":"25N-H56N200F-80-F2"},{"r":"496","t":"24:15:09","h":"Ouest","s":"25N-H56N300F-80-F3"},{"r":"496","t":"24:15:09","h":"Ouest","s":"25N-H56N400F-80-F4"},{"r":"496","t":"24:15:09","h":"Ouest","s":"25N-H56NV10A-80-A"},{"r":"496","t":"24:15:09","h":"Ouest","s":"25N-H56NV10I-80-I"},{"r":"496","t":"24:15:09","h":"Ouest","s":"25N-H56NV20A-80-A"},{"r":"496","t":"24:15:09","h":"Ouest","s":"25N-H56NV20I-80-I"},{"r":"496","t":"24:15:09","h":"Ouest","s":"25S-H56S000A-80-A"},{"r":"496","t":"24:15:09","h":"Ouest","s":"25S-H56S000I-80-I"},{"r":"496","t":"24:15:09","h":"Ouest","s":"25S-H56S100F-80-F1"},{"r":"496","t":"24:15:09","h":"Ouest","s":"25S-H56S200F-81-F2"},{"r":"496","t":"24:24:09","h":"Ouest","s":"25N-H56N000S-80-S"},{"r":"496","t":"24:24:09","h":"Ouest","s":"25N-H56NV10S-80-S"},{"r":"496","t":"24:24:09","h":"Ouest","s":"25N-H56NV20S-80-S"},{"r":"496","t":"24:24:09","h":"Ouest","s":"25S-H56S000S-80-S"},{"r":"496","t":"24:46:09","h":"Ouest","s":"25N-H56N000A-80-A"},{"r":"496","t":"24:46:09","h":"Ouest","s":"25N-H56N000I-80-I"},{"r":"496","t":"24:46:09","h":"Ouest","s":"25N-H56N100F-80-F1"},{"r":"496","t":"24:46:09","h":"Ouest","s":"25N-H56N200F-80-F2"},{"r":"496","t":"24:46:09","h":"Ouest","s":"25N-H56N300F-80-F3"},{"r":"496","t":"24:46:09","h":"Ouest","s":"25N-H56N400F-80-F4"},{"r":"496","t":"24:46:09","h":"Ouest","s":"25N-H56NV10A-80-A"},{"r":"496","t":"24:46:09","h":"Ouest","s":"25N-H56NV10I-80-I"},{"r":"496","t":"24:46:09","h":"Ouest","s":"25N-H56NV20A-80-A"},{"r":"496","t":"24:46:09","h":"Ouest","s":"25N-H56NV20I-80-I"},{"r":"496","t":"24:46:09","h":"Ouest","s":"25S-H56S000A-80-A"},{"r":"496","t":"24:46:09","h":"Ouest","s":"25S-H56S000I-80-I"},{"r":"496","t":"24:46:09","h":"Ouest","s":"25S-H56S100F-80-F1"},{"r":"496","t":"24:46:09","h":"Ouest","s":"25S-H56S200F-81-F2"},{"r":"496","t":"24:57:09","h":"Ouest","s":"25N-H56N000S-80-S"},{"r":"496","t":"24:57:09","h":"Ouest","s":"25N-H56NV10S-80-S"},{"r":"496","t":"24:57:09","h":"Ouest","s":"25N-H56NV20S-80-S"},{"r":"496","t":"24:57:09","h":"Ouest","s":"25S-H56S000S-80-S"},{"r":"496","t":"25:30:09","h":"Ouest","s":"25N-H56N000S-80-S"},{"r":"496","t":"25:30:09","h":"Ouest","s":"25N-H56NV10S-80-S"},{"r":"496","t":"25:30:09","h":"Ouest","s":"25N-H56NV20S-80-S"},{"r":"496","t":"25:30:09","h":"Ouest","s":"25S-H56S000S-80-S"}]