[{"r":"146","t":"05:17:16","h":"Ouest","s":"25N-H58N000S-80-S"},{"r":"146","t":"05:17:16","h":"Ouest","s":"25N-H58NV10S-80-S"},{"r":"146","t":"05:17:16","h":"Ouest","s":"25N-H58NV20S-80-S"},{"r":"146","t":"05:17:16","h":"Ouest","s":"25S-H58S000S-80-S"},{"r":"146","t":"05:44:16","h":"Ouest","s":"25N-H58N000S-80-S"},{"r":"146","t":"05:44:16","h":"Ouest","s":"25N-H58NV10S-80-S"},{"r":"146","t":"05:44:16","h":"Ouest","s":"25N-H58NV20S-80-S"},{"r":"146","t":"05:44:16","h":"Ouest","s":"25S-H58S000S-80-S"},{"r":"146","t":"06:11:50","h":"Ouest","s":"25N-H58N000S-80-S"},{"r":"146","t":"06:11:50","h":"Ouest","s":"25N-H58NV10S-80-S"},{"r":"146","t":"06:11:50","h":"Ouest","s":"25N-H58NV20S-80-S"},{"r":"146","t":"06:11:50","h":"Ouest","s":"25S-H58S000S-80-S"},{"r":"146","t":"06:18:42","h":"Ouest","s":"25N-H58N000A-80-A"},{"r":"146","t":"06:18:42","h":"Ouest","s":"25N-H58NV10A-80-A"},{"r":"146","t":"06:18:42","h":"Ouest","s":"25N-H58NV20A-80-A"},{"r":"146","t":"06:18:42","h":"Ouest","s":"25S-H58S000A-80-A"},{"r":"146","t":"06:37:50","h":"Ouest","s":"25N-H58N000S-80-S"},{"r":"146","t":"06:37:50","h":"Ouest","s":"25N-H58NV10S-80-S"},{"r":"146","t":"06:37:50","h":"Ouest","s":"25N-H58NV20S-80-S"},{"r":"146","t":"06:37:50","h":"Ouest","s":"25S-H58S000S-80-S"},{"r":"146","t":"06:48:42","h":"Ouest","s":"25N-H58N000A-80-A"},{"r":"146","t":"06:48:42","h":"Ouest","s":"25N-H58NV10A-80-A"},{"r":"146","t":"06:48:42","h":"Ouest","s":"25N-H58NV20A-80-A"},{"r":"146","t":"06:48:42","h":"Ouest","s":"25S-H58S000A-80-A"},{"r":"146","t":"07:03:50","h":"Ouest","s":"25N-H58N000S-80-S"},{"r":"146","t":"07:03:50","h":"Ouest","s":"25N-H58NV10S-80-S"},{"r":"146","t":"07:03:50","h":"Ouest","s":"25N-H58NV20S-80-S"},{"r":"146","t":"07:03:50","h":"Ouest","s":"25S-H58S000S-80-S"},{"r":"146","t":"07:18:42","h":"Ouest","s":"25N-H58N000A-80-A"},{"r":"146","t":"07:18:42","h":"Ouest","s":"25N-H58N000I-80-I"},{"r":"146","t":"07:18:42","h":"Ouest","s":"25N-H58N100F-80-F1"},{"r":"146","t":"07:18:42","h":"Ouest","s":"25N-H58N200F-80-F2"},{"r":"146","t":"07:18:42","h":"Ouest","s":"25N-H58N300F-80-F3"},{"r":"146","t":"07:18:42","h":"Ouest","s":"25N-H58N400F-80-F4"},{"r":"146","t":"07:18:42","h":"Ouest","s":"25N-H58NV10A-80-A"},{"r":"146","t":"07:18:42","h":"Ouest","s":"25N-H58NV10I-80-I"},{"r":"146","t":"07:18:42","h":"Ouest","s":"25N-H58NV20A-80-A"},{"r":"146","t":"07:18:42","h":"Ouest","s":"25N-H58NV20I-80-I"},{"r":"146","t":"07:18:42","h":"Ouest","s":"25S-H58S000A-80-A"},{"r":"146","t":"07:18:42","h":"Ouest","s":"25S-H58S000I-80-I"},{"r":"146","t":"07:18:42","h":"Ouest","s":"25S-H58S100F-80-F1"},{"r":"146","t":"07:18:42","h":"Ouest","s":"25S-H58S200F-80-F2"},{"r":"146","t":"07:26:50","h":"Ouest","s":"25N-H58N000S-80-S"},{"r":"146","t":"07:26:50","h":"Ouest","s":"25N-H58NV10S-80-S"},{"r":"146","t":"07:26:50","h":"Ouest","s":"25N-H58NV20S-80-S"},{"r":"146","t":"07:26:50","h":"Ouest","s":"25S-H58S000S-80-S"},{"r":"146","t":"07:47:42","h":"Ouest","s":"25N-H58N000A-80-A"},{"r":"146","t":"07:47:42","h":"Ouest","s":"25N-H58NV10A-80-A"},{"r":"146","t":"07:47:42","h":"Ouest","s":"25N-H58NV20A-80-A"},{"r":"146","t":"07:47:42","h":"Ouest","s":"25S-H58S000A-80-A"},{"r":"146","t":"07:48:42","h":"Ouest","s":"25N-H58N000I-80-I"},{"r":"146","t":"07:48:42","h":"Ouest","s":"25N-H58N100F-80-F1"},{"r":"146","t":"07:48:42","h":"Ouest","s":"25N-H58N200F-80-F2"},{"r":"146","t":"07:48:42","h":"Ouest","s":"25N-H58N300F-80-F3"},{"r":"146","t":"07:48:42","h":"Ouest","s":"25N-H58N400F-80-F4"},{"r":"146","t":"07:48:42","h":"Ouest","s":"25N-H58NV10I-80-I"},{"r":"146","t":"07:48:42","h":"Ouest","s":"25N-H58NV20I-80-I"},{"r":"146","t":"07:48:42","h":"Ouest","s":"25S-H58S000I-80-I"},{"r":"146","t":"07:48:42","h":"Ouest","s":"25S-H58S100F-80-F1"},{"r":"146","t":"07:48:42","h":"Ouest","s":"25S-H58S200F-80-F2"},{"r":"146","t":"07:56:50","h":"Ouest","s":"25N-H58N000S-80-S"},{"r":"146","t":"07:56:50","h":"Ouest","s":"25N-H58NV10S-80-S"},{"r":"146","t":"07:56:50","h":"Ouest","s":"25N-H58NV20S-80-S"},{"r":"146","t":"07:56:50","h":"Ouest","s":"25S-H58S000S-80-S"},{"r":"146","t":"08:15:42","h":"Ouest","s":"25N-H58N000A-80-A"},{"r":"146","t":"08:15:42","h":"Ouest","s":"25N-H58NV10A-80-A"},{"r":"146","t":"08:15:42","h":"Ouest","s":"25N-H58NV20A-80-A"},{"r":"146","t":"08:15:42","h":"Ouest","s":"25S-H58S000A-80-A"},{"r":"146","t":"08:18:42","h":"Ouest","s":"25N-H58N000I-80-I"},{"r":"146","t":"08:18:42","h":"Ouest","s":"25N-H58N100F-80-F1"},{"r":"146","t":"08:18:42","h":"Ouest","s":"25N-H58N200F-80-F2"},{"r":"146","t":"08:18:42","h":"Ouest","s":"25N-H58N300F-80-F3"},{"r":"146","t":"08:18:42","h":"Ouest","s":"25N-H58N400F-80-F4"},{"r":"146","t":"08:18:42","h":"Ouest","s":"25N-H58NV10I-80-I"},{"r":"146","t":"08:18:42","h":"Ouest","s":"25N-H58NV20I-80-I"},{"r":"146","t":"08:18:42","h":"Ouest","s":"25S-H58S000I-80-I"},{"r":"146","t":"08:18:42","h":"Ouest","s":"25S-H58S100F-80-F1"},{"r":"146","t":"08:18:42","h":"Ouest","s":"25S-H58S200F-80-F2"},{"r":"146","t":"08:25:50","h":"Ouest","s":"25N-H58N000S-80-S"},{"r":"146","t":"08:25:50","h":"Ouest","s":"25N-H58NV10S-80-S"},{"r":"146","t":"08:25:50","h":"Ouest","s":"25N-H58NV20S-80-S"},{"r":"146","t":"08:25:50","h":"Ouest","s":"25S-H58S000S-80-S"},{"r":"146","t":"08:45:42","h":"Ouest","s":"25N-H58N000A-80-A"},{"r":"146","t":"08:45:42","h":"Ouest","s":"25N-H58NV10A-80-A"},{"r":"146","t":"08:45:42","h":"Ouest","s":"25N-H58NV20A-80-A"},{"r":"146","t":"08:45:42","h":"Ouest","s":"25S-H58S000A-80-A"},{"r":"146","t":"08:48:42","h":"Ouest","s":"25N-H58N000I-80-I"},{"r":"146","t":"08:48:42","h":"Ouest","s":"25N-H58N100F-80-F1"},{"r":"146","t":"08:48:42","h":"Ouest","s":"25N-H58N200F-80-F2"},{"r":"146","t":"08:48:42","h":"Ouest","s":"25N-H58N300F-80-F3"},{"r":"146","t":"08:48:42","h":"Ouest","s":"25N-H58N400F-80-F4"},{"r":"146","t":"08:48:42","h":"Ouest","s":"25N-H58NV10I-80-I"},{"r":"146","t":"08:48:42","h":"Ouest","s":"25N-H58NV20I-80-I"},{"r":"146","t":"08:48:42","h":"Ouest","s":"25S-H58S000I-80-I"},{"r":"146","t":"08:48:42","h":"Ouest","s":"25S-H58S100F-80-F1"},{"r":"146","t":"08:48:42","h":"Ouest","s":"25S-H58S200F-80-F2"},{"r":"146","t":"08:53:50","h":"Ouest","s":"25N-H58N000S-80-S"},{"r":"146","t":"08:53:50","h":"Ouest","s":"25N-H58NV10S-80-S"},{"r":"146","t":"08:53:50","h":"Ouest","s":"25N-H58NV20S-80-S"},{"r":"146","t":"08:53:50","h":"Ouest","s":"25S-H58S000S-80-S"},{"r":"146","t":"09:15:42","h":"Ouest","s":"25N-H58N000A-80-A"},{"r":"146","t":"09:15:42","h":"Ouest","s":"25N-H58NV10A-80-A"},{"r":"146","t":"09:15:42","h":"Ouest","s":"25N-H58NV20A-80-A"},{"r":"146","t":"09:15:42","h":"Ouest","s":"25S-H58S000A-80-A"},{"r":"146","t":"09:18:16","h":"Ouest","s":"25N-H58N000I-80-I"},{"r":"146","t":"09:18:16","h":"Ouest","s":"25N-H58N100F-80-F1"},{"r":"146","t":"09:18:16","h":"Ouest","s":"25N-H58N200F-80-F2"},{"r":"146","t":"09:18:16","h":"Ouest","s":"25N-H58N300F-80-F3"},{"r":"146","t":"09:18:16","h":"Ouest","s":"25N-H58N400F-80-F4"},{"r":"146","t":"09:18:16","h":"Ouest","s":"25N-H58NV10I-80-I"},{"r":"146","t":"09:18:16","h":"Ouest","s":"25N-H58NV20I-80-I"},{"r":"146","t":"09:18:16","h":"Ouest","s":"25S-H58S000I-80-I"},{"r":"146","t":"09:18:16","h":"Ouest","s":"25S-H58S100F-80-F1"},{"r":"146","t":"09:18:16","h":"Ouest","s":"25S-H58S200F-80-F2"},{"r":"146","t":"09:21:16","h":"Ouest","s":"25N-H58N000S-80-S"},{"r":"146","t":"09:21:16","h":"Ouest","s":"25N-H58NV10S-80-S"},{"r":"146","t":"09:21:16","h":"Ouest","s":"25N-H58NV20S-80-S"},{"r":"146","t":"09:21:16","h":"Ouest","s":"25S-H58S000S-80-S"},{"r":"146","t":"09:46:42","h":"Ouest","s":"25N-H58N000A-80-A"},{"r":"146","t":"09:46:42","h":"Ouest","s":"25N-H58NV10A-80-A"},{"r":"146","t":"09:46:42","h":"Ouest","s":"25N-H58NV20A-80-A"},{"r":"146","t":"09:46:42","h":"Ouest","s":"25S-H58S000A-80-A"},{"r":"146","t":"09:48:16","h":"Ouest","s":"25N-H58N000I-80-I"},{"r":"146","t":"09:48:16","h":"Ouest","s":"25N-H58N100F-80-F1"},{"r":"146","t":"09:48:16","h":"Ouest","s":"25N-H58N200F-80-F2"},{"r":"146","t":"09:48:16","h":"Ouest","s":"25N-H58N300F-80-F3"},{"r":"146","t":"09:48:16","h":"Ouest","s":"25N-H58N400F-80-F4"},{"r":"146","t":"09:48:16","h":"Ouest","s":"25N-H58NV10I-80-I"},{"r":"146","t":"09:48:16","h":"Ouest","s":"25N-H58NV20I-80-I"},{"r":"146","t":"09:48:16","h":"Ouest","s":"25S-H58S000I-80-I"},{"r":"146","t":"09:48:16","h":"Ouest","s":"25S-H58S100F-80-F1"},{"r":"146","t":"09:48:16","h":"Ouest","s":"25S-H58S200F-80-F2"},{"r":"146","t":"09:52:16","h":"Ouest","s":"25N-H58N000S-80-S"},{"r":"146","t":"09:52:16","h":"Ouest","s":"25N-H58NV10S-80-S"},{"r":"146","t":"09:52:16","h":"Ouest","s":"25N-H58NV20S-80-S"},{"r":"146","t":"09:52:16","h":"Ouest","s":"25S-H58S000S-80-S"},{"r":"146","t":"10:17:16","h":"Ouest","s":"25N-H58N000A-80-A"},{"r":"146","t":"10:17:16","h":"Ouest","s":"25N-H58NV10A-80-A"},{"r":"146","t":"10:17:16","h":"Ouest","s":"25N-H58NV20A-80-A"},{"r":"146","t":"10:17:16","h":"Ouest","s":"25S-H58S000A-80-A"},{"r":"146","t":"10:18:16","h":"Ouest","s":"25N-H58N000I-80-I"},{"r":"146","t":"10:18:16","h":"Ouest","s":"25N-H58N100F-80-F1"},{"r":"146","t":"10:18:16","h":"Ouest","s":"25N-H58N200F-80-F2"},{"r":"146","t":"10:18:16","h":"Ouest","s":"25N-H58N300F-80-F3"},{"r":"146","t":"10:18:16","h":"Ouest","s":"25N-H58N400F-80-F4"},{"r":"146","t":"10:18:16","h":"Ouest","s":"25N-H58NV10I-80-I"},{"r":"146","t":"10:18:16","h":"Ouest","s":"25N-H58NV20I-80-I"},{"r":"146","t":"10:18:16","h":"Ouest","s":"25S-H58S000I-80-I"},{"r":"146","t":"10:18:16","h":"Ouest","s":"25S-H58S100F-80-F1"},{"r":"146","t":"10:18:16","h":"Ouest","s":"25S-H58S200F-80-F2"},{"r":"146","t":"10:23:16","h":"Ouest","s":"25N-H58N000S-80-S"},{"r":"146","t":"10:23:16","h":"Ouest","s":"25N-H58NV10S-80-S"},{"r":"146","t":"10:23:16","h":"Ouest","s":"25N-H58NV20S-80-S"},{"r":"146","t":"10:23:16","h":"Ouest","s":"25S-H58S000S-80-S"},{"r":"146","t":"10:46:16","h":"Ouest","s":"25N-H58N000A-80-A"},{"r":"146","t":"10:46:16","h":"Ouest","s":"25N-H58NV10A-80-A"},{"r":"146","t":"10:46:16","h":"Ouest","s":"25N-H58NV20A-80-A"},{"r":"146","t":"10:46:16","h":"Ouest","s":"25S-H58S000A-80-A"},{"r":"146","t":"10:47:16","h":"Ouest","s":"25N-H58N000I-80-I"},{"r":"146","t":"10:47:16","h":"Ouest","s":"25N-H58N100F-80-F1"},{"r":"146","t":"10:47:16","h":"Ouest","s":"25N-H58N200F-80-F2"},{"r":"146","t":"10:47:16","h":"Ouest","s":"25N-H58N300F-80-F3"},{"r":"146","t":"10:47:16","h":"Ouest","s":"25N-H58N400F-80-F4"},{"r":"146","t":"10:47:16","h":"Ouest","s":"25N-H58NV10I-80-I"},{"r":"146","t":"10:47:16","h":"Ouest","s":"25N-H58NV20I-80-I"},{"r":"146","t":"10:47:16","h":"Ouest","s":"25S-H58S000I-80-I"},{"r":"146","t":"10:47:16","h":"Ouest","s":"25S-H58S100F-80-F1"},{"r":"146","t":"10:47:16","h":"Ouest","s":"25S-H58S200F-80-F2"},{"r":"146","t":"10:55:16","h":"Ouest","s":"25N-H58N000S-80-S"},{"r":"146","t":"10:55:16","h":"Ouest","s":"25N-H58NV10S-80-S"},{"r":"146","t":"10:55:16","h":"Ouest","s":"25N-H58NV20S-80-S"},{"r":"146","t":"10:55:16","h":"Ouest","s":"25S-H58S000S-80-S"},{"r":"146","t":"11:14:16","h":"Ouest","s":"25N-H58N000A-80-A"},{"r":"146","t":"11:14:16","h":"Ouest","s":"25N-H58NV10A-80-A"},{"r":"146","t":"11:14:16","h":"Ouest","s":"25N-H58NV20A-80-A"},{"r":"146","t":"11:14:16","h":"Ouest","s":"25S-H58S000A-80-A"},{"r":"146","t":"11:17:50","h":"Ouest","s":"25N-H58N000I-80-I"},{"r":"146","t":"11:17:50","h":"Ouest","s":"25N-H58N100F-80-F1"},{"r":"146","t":"11:17:50","h":"Ouest","s":"25N-H58N200F-80-F2"},{"r":"146","t":"11:17:50","h":"Ouest","s":"25N-H58N300F-80-F3"},{"r":"146","t":"11:17:50","h":"Ouest","s":"25N-H58N400F-80-F4"},{"r":"146","t":"11:17:50","h":"Ouest","s":"25N-H58NV10I-80-I"},{"r":"146","t":"11:17:50","h":"Ouest","s":"25N-H58NV20I-80-I"},{"r":"146","t":"11:17:50","h":"Ouest","s":"25S-H58S000I-80-I"},{"r":"146","t":"11:17:50","h":"Ouest","s":"25S-H58S100F-80-F1"},{"r":"146","t":"11:17:50","h":"Ouest","s":"25S-H58S200F-80-F2"},{"r":"146","t":"11:27:16","h":"Ouest","s":"25N-H58N000S-80-S"},{"r":"146","t":"11:27:16","h":"Ouest","s":"25N-H58NV10S-80-S"},{"r":"146","t":"11:27:16","h":"Ouest","s":"25N-H58NV20S-80-S"},{"r":"146","t":"11:27:16","h":"Ouest","s":"25S-H58S000S-80-S"},{"r":"146","t":"11:47:16","h":"Ouest","s":"25N-H58N000A-80-A"},{"r":"146","t":"11:47:16","h":"Ouest","s":"25N-H58NV10A-80-A"},{"r":"146","t":"11:47:16","h":"Ouest","s":"25N-H58NV20A-80-A"},{"r":"146","t":"11:47:16","h":"Ouest","s":"25S-H58S000A-80-A"},{"r":"146","t":"11:49:50","h":"Ouest","s":"25N-H58N000I-80-I"},{"r":"146","t":"11:49:50","h":"Ouest","s":"25N-H58N100F-80-F1"},{"r":"146","t":"11:49:50","h":"Ouest","s":"25N-H58N200F-80-F2"},{"r":"146","t":"11:49:50","h":"Ouest","s":"25N-H58N300F-80-F3"},{"r":"146","t":"11:49:50","h":"Ouest","s":"25N-H58N400F-80-F4"},{"r":"146","t":"11:49:50","h":"Ouest","s":"25N-H58NV10I-80-I"},{"r":"146","t":"11:49:50","h":"Ouest","s":"25N-H58NV20I-80-I"},{"r":"146","t":"11:49:50","h":"Ouest","s":"25S-H58S000I-80-I"},{"r":"146","t":"11:49:50","h":"Ouest","s":"25S-H58S100F-80-F1"},{"r":"146","t":"11:49:50","h":"Ouest","s":"25S-H58S200F-80-F2"},{"r":"146","t":"11:59:16","h":"Ouest","s":"25N-H58N000S-80-S"},{"r":"146","t":"11:59:16","h":"Ouest","s":"25N-H58NV10S-80-S"},{"r":"146","t":"11:59:16","h":"Ouest","s":"25N-H58NV20S-80-S"},{"r":"146","t":"11:59:16","h":"Ouest","s":"25S-H58S000S-80-S"},{"r":"146","t":"12:19:16","h":"Ouest","s":"25N-H58N000A-80-A"},{"r":"146","t":"12:19:16","h":"Ouest","s":"25N-H58NV10A-80-A"},{"r":"146","t":"12:19:16","h":"Ouest","s":"25N-H58NV20A-80-A"},{"r":"146","t":"12:19:16","h":"Ouest","s":"25S-H58S000A-80-A"},{"r":"146","t":"12:19:50","h":"Ouest","s":"25N-H58N000I-80-I"},{"r":"146","t":"12:19:50","h":"Ouest","s":"25N-H58N100F-80-F1"},{"r":"146","t":"12:19:50","h":"Ouest","s":"25N-H58N200F-80-F2"},{"r":"146","t":"12:19:50","h":"Ouest","s":"25N-H58N300F-80-F3"},{"r":"146","t":"12:19:50","h":"Ouest","s":"25N-H58N400F-80-F4"},{"r":"146","t":"12:19:50","h":"Ouest","s":"25N-H58NV10I-80-I"},{"r":"146","t":"12:19:50","h":"Ouest","s":"25N-H58NV20I-80-I"},{"r":"146","t":"12:19:50","h":"Ouest","s":"25S-H58S000I-80-I"},{"r":"146","t":"12:19:50","h":"Ouest","s":"25S-H58S100F-80-F1"},{"r":"146","t":"12:19:50","h":"Ouest","s":"25S-H58S200F-80-F2"},{"r":"146","t":"12:31:16","h":"Ouest","s":"25N-H58N000S-80-S"},{"r":"146","t":"12:31:16","h":"Ouest","s":"25N-H58NV10S-80-S"},{"r":"146","t":"12:31:16","h":"Ouest","s":"25N-H58NV20S-80-S"},{"r":"146","t":"12:31:16","h":"Ouest","s":"25S-H58S000S-80-S"},{"r":"146","t":"12:51:50","h":"Ouest","s":"25N-H58N000I-80-I"},{"r":"146","t":"12:51:50","h":"Ouest","s":"25N-H58N100F-80-F1"},{"r":"146","t":"12:51:50","h":"Ouest","s":"25N-H58N200F-80-F2"},{"r":"146","t":"12:51:50","h":"Ouest","s":"25N-H58N300F-80-F3"},{"r":"146","t":"12:51:50","h":"Ouest","s":"25N-H58N400F-80-F4"},{"r":"146","t":"12:51:50","h":"Ouest","s":"25N-H58NV10I-80-I"},{"r":"146","t":"12:51:50","h":"Ouest","s":"25N-H58NV20I-80-I"},{"r":"146","t":"12:51:50","h":"Ouest","s":"25S-H58S000I-80-I"},{"r":"146","t":"12:51:50","h":"Ouest","s":"25S-H58S100F-80-F1"},{"r":"146","t":"12:51:50","h":"Ouest","s":"25S-H58S200F-80-F2"},{"r":"146","t":"12:52:16","h":"Ouest","s":"25N-H58N000A-80-A"},{"r":"146","t":"12:52:16","h":"Ouest","s":"25N-H58NV10A-80-A"},{"r":"146","t":"12:52:16","h":"Ouest","s":"25N-H58NV20A-80-A"},{"r":"146","t":"12:52:16","h":"Ouest","s":"25S-H58S000A-80-A"},{"r":"146","t":"13:02:16","h":"Ouest","s":"25N-H58N000S-80-S"},{"r":"146","t":"13:02:16","h":"Ouest","s":"25N-H58NV10S-80-S"},{"r":"146","t":"13:02:16","h":"Ouest","s":"25N-H58NV20S-80-S"},{"r":"146","t":"13:02:16","h":"Ouest","s":"25S-H58S000S-80-S"},{"r":"146","t":"13:22:50","h":"Ouest","s":"25N-H58N000I-80-I"},{"r":"146","t":"13:22:50","h":"Ouest","s":"25N-H58N100F-80-F1"},{"r":"146","t":"13:22:50","h":"Ouest","s":"25N-H58N200F-80-F2"},{"r":"146","t":"13:22:50","h":"Ouest","s":"25N-H58N300F-80-F3"},{"r":"146","t":"13:22:50","h":"Ouest","s":"25N-H58N400F-80-F4"},{"r":"146","t":"13:22:50","h":"Ouest","s":"25N-H58NV10I-80-I"},{"r":"146","t":"13:22:50","h":"Ouest","s":"25N-H58NV20I-80-I"},{"r":"146","t":"13:22:50","h":"Ouest","s":"25S-H58S000I-80-I"},{"r":"146","t":"13:22:50","h":"Ouest","s":"25S-H58S100F-80-F1"},{"r":"146","t":"13:22:50","h":"Ouest","s":"25S-H58S200F-80-F2"},{"r":"146","t":"13:24:16","h":"Ouest","s":"25N-H58N000A-80-A"},{"r":"146","t":"13:24:16","h":"Ouest","s":"25N-H58NV10A-80-A"},{"r":"146","t":"13:24:16","h":"Ouest","s":"25N-H58NV20A-80-A"},{"r":"146","t":"13:24:16","h":"Ouest","s":"25S-H58S000A-80-A"},{"r":"146","t":"13:32:16","h":"Ouest","s":"25N-H58N000S-80-S"},{"r":"146","t":"13:32:16","h":"Ouest","s":"25N-H58NV10S-80-S"},{"r":"146","t":"13:32:16","h":"Ouest","s":"25N-H58NV20S-80-S"},{"r":"146","t":"13:32:16","h":"Ouest","s":"25S-H58S000S-80-S"},{"r":"146","t":"13:53:50","h":"Ouest","s":"25N-H58N000I-80-I"},{"r":"146","t":"13:53:50","h":"Ouest","s":"25N-H58N100F-80-F1"},{"r":"146","t":"13:53:50","h":"Ouest","s":"25N-H58N200F-80-F2"},{"r":"146","t":"13:53:50","h":"Ouest","s":"25N-H58N300F-80-F3"},{"r":"146","t":"13:53:50","h":"Ouest","s":"25N-H58N400F-80-F4"},{"r":"146","t":"13:53:50","h":"Ouest","s":"25N-H58NV10I-80-I"},{"r":"146","t":"13:53:50","h":"Ouest","s":"25N-H58NV20I-80-I"},{"r":"146","t":"13:53:50","h":"Ouest","s":"25S-H58S000I-80-I"},{"r":"146","t":"13:53:50","h":"Ouest","s":"25S-H58S100F-80-F1"},{"r":"146","t":"13:53:50","h":"Ouest","s":"25S-H58S200F-80-F2"},{"r":"146","t":"13:56:16","h":"Ouest","s":"25N-H58N000A-80-A"},{"r":"146","t":"13:56:16","h":"Ouest","s":"25N-H58NV10A-80-A"},{"r":"146","t":"13:56:16","h":"Ouest","s":"25N-H58NV20A-80-A"},{"r":"146","t":"13:56:16","h":"Ouest","s":"25S-H58S000A-80-A"},{"r":"146","t":"14:03:16","h":"Ouest","s":"25N-H58N000S-80-S"},{"r":"146","t":"14:03:16","h":"Ouest","s":"25N-H58NV10S-80-S"},{"r":"146","t":"14:03:16","h":"Ouest","s":"25N-H58NV20S-80-S"},{"r":"146","t":"14:03:16","h":"Ouest","s":"25S-H58S000S-80-S"},{"r":"146","t":"14:22:50","h":"Ouest","s":"25N-H58N000I-80-I"},{"r":"146","t":"14:22:50","h":"Ouest","s":"25N-H58N100F-80-F1"},{"r":"146","t":"14:22:50","h":"Ouest","s":"25N-H58N200F-80-F2"},{"r":"146","t":"14:22:50","h":"Ouest","s":"25N-H58N300F-80-F3"},{"r":"146","t":"14:22:50","h":"Ouest","s":"25N-H58N400F-80-F4"},{"r":"146","t":"14:22:50","h":"Ouest","s":"25N-H58NV10I-80-I"},{"r":"146","t":"14:22:50","h":"Ouest","s":"25N-H58NV20I-80-I"},{"r":"146","t":"14:22:50","h":"Ouest","s":"25S-H58S000I-80-I"},{"r":"146","t":"14:22:50","h":"Ouest","s":"25S-H58S100F-80-F1"},{"r":"146","t":"14:22:50","h":"Ouest","s":"25S-H58S200F-80-F2"},{"r":"146","t":"14:28:16","h":"Ouest","s":"25N-H58N000A-80-A"},{"r":"146","t":"14:28:16","h":"Ouest","s":"25N-H58NV10A-80-A"},{"r":"146","t":"14:28:16","h":"Ouest","s":"25N-H58NV20A-80-A"},{"r":"146","t":"14:28:16","h":"Ouest","s":"25S-H58S000A-80-A"},{"r":"146","t":"14:33:16","h":"Ouest","s":"25N-H58N000S-80-S"},{"r":"146","t":"14:33:16","h":"Ouest","s":"25N-H58NV10S-80-S"},{"r":"146","t":"14:33:16","h":"Ouest","s":"25N-H58NV20S-80-S"},{"r":"146","t":"14:33:16","h":"Ouest","s":"25S-H58S000S-80-S"},{"r":"146","t":"14:53:50","h":"Ouest","s":"25N-H58N000I-80-I"},{"r":"146","t":"14:53:50","h":"Ouest","s":"25N-H58N100F-80-F1"},{"r":"146","t":"14:53:50","h":"Ouest","s":"25N-H58N200F-80-F2"},{"r":"146","t":"14:53:50","h":"Ouest","s":"25N-H58N300F-80-F3"},{"r":"146","t":"14:53:50","h":"Ouest","s":"25N-H58N400F-80-F4"},{"r":"146","t":"14:53:50","h":"Ouest","s":"25N-H58NV10I-80-I"},{"r":"146","t":"14:53:50","h":"Ouest","s":"25N-H58NV20I-80-I"},{"r":"146","t":"14:53:50","h":"Ouest","s":"25S-H58S000I-80-I"},{"r":"146","t":"14:53:50","h":"Ouest","s":"25S-H58S100F-80-F1"},{"r":"146","t":"14:53:50","h":"Ouest","s":"25S-H58S200F-80-F2"},{"r":"146","t":"14:59:50","h":"Ouest","s":"25N-H58N000S-80-S"},{"r":"146","t":"14:59:50","h":"Ouest","s":"25N-H58NV10S-80-S"},{"r":"146","t":"14:59:50","h":"Ouest","s":"25N-H58NV20S-80-S"},{"r":"146","t":"14:59:50","h":"Ouest","s":"25S-H58S000S-80-S"},{"r":"146","t":"15:01:16","h":"Ouest","s":"25N-H58N000A-80-A"},{"r":"146","t":"15:01:16","h":"Ouest","s":"25N-H58NV10A-80-A"},{"r":"146","t":"15:01:16","h":"Ouest","s":"25N-H58NV20A-80-A"},{"r":"146","t":"15:01:16","h":"Ouest","s":"25S-H58S000A-80-A"},{"r":"146","t":"15:24:50","h":"Ouest","s":"25N-H58N000I-80-I"},{"r":"146","t":"15:24:50","h":"Ouest","s":"25N-H58N100F-80-F1"},{"r":"146","t":"15:24:50","h":"Ouest","s":"25N-H58N200F-80-F2"},{"r":"146","t":"15:24:50","h":"Ouest","s":"25N-H58N300F-80-F3"},{"r":"146","t":"15:24:50","h":"Ouest","s":"25N-H58N400F-80-F4"},{"r":"146","t":"15:24:50","h":"Ouest","s":"25N-H58NV10I-80-I"},{"r":"146","t":"15:24:50","h":"Ouest","s":"25N-H58NV20I-80-I"},{"r":"146","t":"15:24:50","h":"Ouest","s":"25S-H58S000I-80-I"},{"r":"146","t":"15:24:50","h":"Ouest","s":"25S-H58S100F-80-F1"},{"r":"146","t":"15:24:50","h":"Ouest","s":"25S-H58S200F-80-F2"},{"r":"146","t":"15:28:50","h":"Ouest","s":"25N-H58N000S-80-S"},{"r":"146","t":"15:28:50","h":"Ouest","s":"25N-H58NV10S-80-S"},{"r":"146","t":"15:28:50","h":"Ouest","s":"25N-H58NV20S-80-S"},{"r":"146","t":"15:28:50","h":"Ouest","s":"25S-H58S000S-80-S"},{"r":"146","t":"15:33:16","h":"Ouest","s":"25N-H58N000A-80-A"},{"r":"146","t":"15:33:16","h":"Ouest","s":"25N-H58NV10A-80-A"},{"r":"146","t":"15:33:16","h":"Ouest","s":"25N-H58NV20A-80-A"},{"r":"146","t":"15:33:16","h":"Ouest","s":"25S-H58S000A-80-A"},{"r":"146","t":"15:55:50","h":"Ouest","s":"25N-H58N000I-80-I"},{"r":"146","t":"15:55:50","h":"Ouest","s":"25N-H58N100F-80-F1"},{"r":"146","t":"15:55:50","h":"Ouest","s":"25N-H58N200F-80-F2"},{"r":"146","t":"15:55:50","h":"Ouest","s":"25N-H58N300F-80-F3"},{"r":"146","t":"15:55:50","h":"Ouest","s":"25N-H58N400F-80-F4"},{"r":"146","t":"15:55:50","h":"Ouest","s":"25N-H58NV10I-80-I"},{"r":"146","t":"15:55:50","h":"Ouest","s":"25N-H58NV20I-80-I"},{"r":"146","t":"15:55:50","h":"Ouest","s":"25S-H58S000I-80-I"},{"r":"146","t":"15:55:50","h":"Ouest","s":"25S-H58S100F-80-F1"},{"r":"146","t":"15:55:50","h":"Ouest","s":"25S-H58S200F-80-F2"},{"r":"146","t":"15:58:50","h":"Ouest","s":"25N-H58N000S-80-S"},{"r":"146","t":"15:58:50","h":"Ouest","s":"25N-H58NV10S-80-S"},{"r":"146","t":"15:58:50","h":"Ouest","s":"25N-H58NV20S-80-S"},{"r":"146","t":"15:58:50","h":"Ouest","s":"25S-H58S000S-80-S"},{"r":"146","t":"16:06:16","h":"Ouest","s":"25N-H58N000A-80-A"},{"r":"146","t":"16:06:16","h":"Ouest","s":"25N-H58NV10A-80-A"},{"r":"146","t":"16:06:16","h":"Ouest","s":"25N-H58NV20A-80-A"},{"r":"146","t":"16:06:16","h":"Ouest","s":"25S-H58S000A-80-A"},{"r":"146","t":"16:26:50","h":"Ouest","s":"25N-H58N000I-80-I"},{"r":"146","t":"16:26:50","h":"Ouest","s":"25N-H58N100F-80-F1"},{"r":"146","t":"16:26:50","h":"Ouest","s":"25N-H58N200F-80-F2"},{"r":"146","t":"16:26:50","h":"Ouest","s":"25N-H58N300F-80-F3"},{"r":"146","t":"16:26:50","h":"Ouest","s":"25N-H58N400F-80-F4"},{"r":"146","t":"16:26:50","h":"Ouest","s":"25N-H58NV10I-80-I"},{"r":"146","t":"16:26:50","h":"Ouest","s":"25N-H58NV20I-80-I"},{"r":"146","t":"16:26:50","h":"Ouest","s":"25S-H58S000I-80-I"},{"r":"146","t":"16:26:50","h":"Ouest","s":"25S-H58S100F-80-F1"},{"r":"146","t":"16:26:50","h":"Ouest","s":"25S-H58S200F-80-F2"},{"r":"146","t":"16:28:50","h":"Ouest","s":"25N-H58N000S-80-S"},{"r":"146","t":"16:28:50","h":"Ouest","s":"25N-H58NV10S-80-S"},{"r":"146","t":"16:28:50","h":"Ouest","s":"25N-H58NV20S-80-S"},{"r":"146","t":"16:28:50","h":"Ouest","s":"25S-H58S000S-80-S"},{"r":"146","t":"16:37:16","h":"Ouest","s":"25N-H58N000A-80-A"},{"r":"146","t":"16:37:16","h":"Ouest","s":"25N-H58NV10A-80-A"},{"r":"146","t":"16:37:16","h":"Ouest","s":"25N-H58NV20A-80-A"},{"r":"146","t":"16:37:16","h":"Ouest","s":"25S-H58S000A-80-A"},{"r":"146","t":"16:57:50","h":"Ouest","s":"25N-H58N000I-80-I"},{"r":"146","t":"16:57:50","h":"Ouest","s":"25N-H58N100F-80-F1"},{"r":"146","t":"16:57:50","h":"Ouest","s":"25N-H58N200F-80-F2"},{"r":"146","t":"16:57:50","h":"Ouest","s":"25N-H58N300F-80-F3"},{"r":"146","t":"16:57:50","h":"Ouest","s":"25N-H58N400F-80-F4"},{"r":"146","t":"16:57:50","h":"Ouest","s":"25N-H58NV10I-80-I"},{"r":"146","t":"16:57:50","h":"Ouest","s":"25N-H58NV20I-80-I"},{"r":"146","t":"16:57:50","h":"Ouest","s":"25S-H58S000I-80-I"},{"r":"146","t":"16:57:50","h":"Ouest","s":"25S-H58S100F-80-F1"},{"r":"146","t":"16:57:50","h":"Ouest","s":"25S-H58S200F-80-F2"},{"r":"146","t":"17:00:50","h":"Ouest","s":"25N-H58N000S-80-S"},{"r":"146","t":"17:00:50","h":"Ouest","s":"25N-H58NV10S-80-S"},{"r":"146","t":"17:00:50","h":"Ouest","s":"25N-H58NV20S-80-S"},{"r":"146","t":"17:00:50","h":"Ouest","s":"25S-H58S000S-80-S"},{"r":"146","t":"17:10:16","h":"Ouest","s":"25N-H58N000A-80-A"},{"r":"146","t":"17:10:16","h":"Ouest","s":"25N-H58NV10A-80-A"},{"r":"146","t":"17:10:16","h":"Ouest","s":"25N-H58NV20A-80-A"},{"r":"146","t":"17:10:16","h":"Ouest","s":"25S-H58S000A-80-A"},{"r":"146","t":"17:28:50","h":"Ouest","s":"25N-H58N000I-80-I"},{"r":"146","t":"17:28:50","h":"Ouest","s":"25N-H58N100F-80-F1"},{"r":"146","t":"17:28:50","h":"Ouest","s":"25N-H58N200F-80-F2"},{"r":"146","t":"17:28:50","h":"Ouest","s":"25N-H58N300F-80-F3"},{"r":"146","t":"17:28:50","h":"Ouest","s":"25N-H58N400F-80-F4"},{"r":"146","t":"17:28:50","h":"Ouest","s":"25N-H58NV10I-80-I"},{"r":"146","t":"17:28:50","h":"Ouest","s":"25N-H58NV20I-80-I"},{"r":"146","t":"17:28:50","h":"Ouest","s":"25S-H58S000I-80-I"},{"r":"146","t":"17:28:50","h":"Ouest","s":"25S-H58S100F-80-F1"},{"r":"146","t":"17:28:50","h":"Ouest","s":"25S-H58S200F-80-F2"},{"r":"146","t":"17:32:50","h":"Ouest","s":"25N-H58N000S-80-S"},{"r":"146","t":"17:32:50","h":"Ouest","s":"25N-H58NV10S-80-S"},{"r":"146","t":"17:32:50","h":"Ouest","s":"25N-H58NV20S-80-S"},{"r":"146","t":"17:32:50","h":"Ouest","s":"25S-H58S000S-80-S"},{"r":"146","t":"17:42:16","h":"Ouest","s":"25N-H58N000A-80-A"},{"r":"146","t":"17:42:16","h":"Ouest","s":"25N-H58NV10A-80-A"},{"r":"146","t":"17:42:16","h":"Ouest","s":"25N-H58NV20A-80-A"},{"r":"146","t":"17:42:16","h":"Ouest","s":"25S-H58S000A-80-A"},{"r":"146","t":"18:00:50","h":"Ouest","s":"25N-H58N000I-80-I"},{"r":"146","t":"18:00:50","h":"Ouest","s":"25N-H58N100F-80-F1"},{"r":"146","t":"18:00:50","h":"Ouest","s":"25N-H58N200F-80-F2"},{"r":"146","t":"18:00:50","h":"Ouest","s":"25N-H58N300F-80-F3"},{"r":"146","t":"18:00:50","h":"Ouest","s":"25N-H58N400F-80-F4"},{"r":"146","t":"18:00:50","h":"Ouest","s":"25N-H58NV10I-80-I"},{"r":"146","t":"18:00:50","h":"Ouest","s":"25N-H58NV20I-80-I"},{"r":"146","t":"18:00:50","h":"Ouest","s":"25S-H58S000I-80-I"},{"r":"146","t":"18:00:50","h":"Ouest","s":"25S-H58S100F-80-F1"},{"r":"146","t":"18:00:50","h":"Ouest","s":"25S-H58S200F-80-F2"},{"r":"146","t":"18:04:50","h":"Ouest","s":"25N-H58N000S-80-S"},{"r":"146","t":"18:04:50","h":"Ouest","s":"25N-H58NV10S-80-S"},{"r":"146","t":"18:04:50","h":"Ouest","s":"25N-H58NV20S-80-S"},{"r":"146","t":"18:04:50","h":"Ouest","s":"25S-H58S000S-80-S"},{"r":"146","t":"18:10:16","h":"Ouest","s":"25N-H58N000A-80-A"},{"r":"146","t":"18:10:16","h":"Ouest","s":"25N-H58NV10A-80-A"},{"r":"146","t":"18:10:16","h":"Ouest","s":"25N-H58NV20A-80-A"},{"r":"146","t":"18:10:16","h":"Ouest","s":"25S-H58S000A-80-A"},{"r":"146","t":"18:30:16","h":"Ouest","s":"25N-H58N000I-80-I"},{"r":"146","t":"18:30:16","h":"Ouest","s":"25N-H58N100F-80-F1"},{"r":"146","t":"18:30:16","h":"Ouest","s":"25N-H58N200F-80-F2"},{"r":"146","t":"18:30:16","h":"Ouest","s":"25N-H58N300F-80-F3"},{"r":"146","t":"18:30:16","h":"Ouest","s":"25N-H58N400F-80-F4"},{"r":"146","t":"18:30:16","h":"Ouest","s":"25N-H58NV10I-80-I"},{"r":"146","t":"18:30:16","h":"Ouest","s":"25N-H58NV20I-80-I"},{"r":"146","t":"18:30:16","h":"Ouest","s":"25S-H58S000I-80-I"},{"r":"146","t":"18:30:16","h":"Ouest","s":"25S-H58S100F-80-F1"},{"r":"146","t":"18:30:16","h":"Ouest","s":"25S-H58S200F-80-F2"},{"r":"146","t":"18:35:50","h":"Ouest","s":"25N-H58N000S-80-S"},{"r":"146","t":"18:35:50","h":"Ouest","s":"25N-H58NV10S-80-S"},{"r":"146","t":"18:35:50","h":"Ouest","s":"25N-H58NV20S-80-S"},{"r":"146","t":"18:35:50","h":"Ouest","s":"25S-H58S000S-80-S"},{"r":"146","t":"18:39:16","h":"Ouest","s":"25N-H58N000A-80-A"},{"r":"146","t":"18:39:16","h":"Ouest","s":"25N-H58NV10A-80-A"},{"r":"146","t":"18:39:16","h":"Ouest","s":"25N-H58NV20A-80-A"},{"r":"146","t":"18:39:16","h":"Ouest","s":"25S-H58S000A-80-A"},{"r":"146","t":"19:01:16","h":"Ouest","s":"25N-H58N000I-80-I"},{"r":"146","t":"19:01:16","h":"Ouest","s":"25N-H58N100F-80-F1"},{"r":"146","t":"19:01:16","h":"Ouest","s":"25N-H58N200F-80-F2"},{"r":"146","t":"19:01:16","h":"Ouest","s":"25N-H58N300F-80-F3"},{"r":"146","t":"19:01:16","h":"Ouest","s":"25N-H58N400F-80-F4"},{"r":"146","t":"19:01:16","h":"Ouest","s":"25N-H58NV10I-80-I"},{"r":"146","t":"19:01:16","h":"Ouest","s":"25N-H58NV20I-80-I"},{"r":"146","t":"19:01:16","h":"Ouest","s":"25S-H58S000I-80-I"},{"r":"146","t":"19:01:16","h":"Ouest","s":"25S-H58S100F-80-F1"},{"r":"146","t":"19:01:16","h":"Ouest","s":"25S-H58S200F-80-F2"},{"r":"146","t":"19:08:16","h":"Ouest","s":"25N-H58N000A-80-A"},{"r":"146","t":"19:08:16","h":"Ouest","s":"25N-H58NV10A-80-A"},{"r":"146","t":"19:08:16","h":"Ouest","s":"25N-H58NV20A-80-A"},{"r":"146","t":"19:08:16","h":"Ouest","s":"25S-H58S000A-80-A"},{"r":"146","t":"19:08:50","h":"Ouest","s":"25N-H58N000S-80-S"},{"r":"146","t":"19:08:50","h":"Ouest","s":"25N-H58NV10S-80-S"},{"r":"146","t":"19:08:50","h":"Ouest","s":"25N-H58NV20S-80-S"},{"r":"146","t":"19:08:50","h":"Ouest","s":"25S-H58S000S-80-S"},{"r":"146","t":"19:31:16","h":"Ouest","s":"25N-H58N000I-80-I"},{"r":"146","t":"19:31:16","h":"Ouest","s":"25N-H58N100F-80-F1"},{"r":"146","t":"19:31:16","h":"Ouest","s":"25N-H58N200F-80-F2"},{"r":"146","t":"19:31:16","h":"Ouest","s":"25N-H58N300F-80-F3"},{"r":"146","t":"19:31:16","h":"Ouest","s":"25N-H58N400F-80-F4"},{"r":"146","t":"19:31:16","h":"Ouest","s":"25N-H58NV10I-80-I"},{"r":"146","t":"19:31:16","h":"Ouest","s":"25N-H58NV20I-80-I"},{"r":"146","t":"19:31:16","h":"Ouest","s":"25S-H58S000I-80-I"},{"r":"146","t":"19:31:16","h":"Ouest","s":"25S-H58S100F-80-F1"},{"r":"146","t":"19:31:16","h":"Ouest","s":"25S-H58S200F-80-F2"},{"r":"146","t":"19:38:16","h":"Ouest","s":"25N-H58N000A-80-A"},{"r":"146","t":"19:38:16","h":"Ouest","s":"25N-H58NV10A-80-A"},{"r":"146","t":"19:38:16","h":"Ouest","s":"25N-H58NV20A-80-A"},{"r":"146","t":"19:38:16","h":"Ouest","s":"25S-H58S000A-80-A"},{"r":"146","t":"19:41:16","h":"Ouest","s":"25N-H58N000S-80-S"},{"r":"146","t":"19:41:16","h":"Ouest","s":"25N-H58NV10S-80-S"},{"r":"146","t":"19:41:16","h":"Ouest","s":"25N-H58NV20S-80-S"},{"r":"146","t":"19:41:16","h":"Ouest","s":"25S-H58S000S-80-S"},{"r":"146","t":"20:02:16","h":"Ouest","s":"25N-H58N000I-80-I"},{"r":"146","t":"20:02:16","h":"Ouest","s":"25N-H58N100F-80-F1"},{"r":"146","t":"20:02:16","h":"Ouest","s":"25N-H58N200F-80-F2"},{"r":"146","t":"20:02:16","h":"Ouest","s":"25N-H58N300F-80-F3"},{"r":"146","t":"20:02:16","h":"Ouest","s":"25N-H58N400F-80-F4"},{"r":"146","t":"20:02:16","h":"Ouest","s":"25N-H58NV10I-80-I"},{"r":"146","t":"20:02:16","h":"Ouest","s":"25N-H58NV20I-80-I"},{"r":"146","t":"20:02:16","h":"Ouest","s":"25S-H58S000I-80-I"},{"r":"146","t":"20:02:16","h":"Ouest","s":"25S-H58S100F-80-F1"},{"r":"146","t":"20:02:16","h":"Ouest","s":"25S-H58S200F-80-F2"},{"r":"146","t":"20:07:16","h":"Ouest","s":"25N-H58N000A-80-A"},{"r":"146","t":"20:07:16","h":"Ouest","s":"25N-H58NV10A-80-A"},{"r":"146","t":"20:07:16","h":"Ouest","s":"25N-H58NV20A-80-A"},{"r":"146","t":"20:07:16","h":"Ouest","s":"25S-H58S000A-80-A"},{"r":"146","t":"20:13:16","h":"Ouest","s":"25N-H58N000S-80-S"},{"r":"146","t":"20:13:16","h":"Ouest","s":"25N-H58NV10S-80-S"},{"r":"146","t":"20:13:16","h":"Ouest","s":"25N-H58NV20S-80-S"},{"r":"146","t":"20:13:16","h":"Ouest","s":"25S-H58S000S-80-S"},{"r":"146","t":"20:32:16","h":"Ouest","s":"25N-H58N000A-80-A"},{"r":"146","t":"20:32:16","h":"Ouest","s":"25N-H58N000I-80-I"},{"r":"146","t":"20:32:16","h":"Ouest","s":"25N-H58N100F-80-F1"},{"r":"146","t":"20:32:16","h":"Ouest","s":"25N-H58N200F-80-F2"},{"r":"146","t":"20:32:16","h":"Ouest","s":"25N-H58N300F-80-F3"},{"r":"146","t":"20:32:16","h":"Ouest","s":"25N-H58N400F-80-F4"},{"r":"146","t":"20:32:16","h":"Ouest","s":"25N-H58NV10A-80-A"},{"r":"146","t":"20:32:16","h":"Ouest","s":"25N-H58NV10I-80-I"},{"r":"146","t":"20:32:16","h":"Ouest","s":"25N-H58NV20A-80-A"},{"r":"146","t":"20:32:16","h":"Ouest","s":"25N-H58NV20I-80-I"},{"r":"146","t":"20:32:16","h":"Ouest","s":"25S-H58S000A-80-A"},{"r":"146","t":"20:32:16","h":"Ouest","s":"25S-H58S000I-80-I"},{"r":"146","t":"20:32:16","h":"Ouest","s":"25S-H58S100F-80-F1"},{"r":"146","t":"20:32:16","h":"Ouest","s":"25S-H58S200F-80-F2"},{"r":"146","t":"20:44:16","h":"Ouest","s":"25N-H58N000S-80-S"},{"r":"146","t":"20:44:16","h":"Ouest","s":"25N-H58NV10S-80-S"},{"r":"146","t":"20:44:16","h":"Ouest","s":"25N-H58NV20S-80-S"},{"r":"146","t":"20:44:16","h":"Ouest","s":"25S-H58S000S-80-S"},{"r":"146","t":"20:57:42","h":"Ouest","s":"25N-H58N000A-80-A"},{"r":"146","t":"20:57:42","h":"Ouest","s":"25N-H58NV10A-80-A"},{"r":"146","t":"20:57:42","h":"Ouest","s":"25N-H58NV20A-80-A"},{"r":"146","t":"20:57:42","h":"Ouest","s":"25S-H58S000A-80-A"},{"r":"146","t":"21:00:16","h":"Ouest","s":"25N-H58N000I-80-I"},{"r":"146","t":"21:00:16","h":"Ouest","s":"25N-H58N100F-80-F1"},{"r":"146","t":"21:00:16","h":"Ouest","s":"25N-H58N200F-80-F2"},{"r":"146","t":"21:00:16","h":"Ouest","s":"25N-H58N300F-80-F3"},{"r":"146","t":"21:00:16","h":"Ouest","s":"25N-H58N400F-80-F4"},{"r":"146","t":"21:00:16","h":"Ouest","s":"25N-H58NV10I-80-I"},{"r":"146","t":"21:00:16","h":"Ouest","s":"25N-H58NV20I-80-I"},{"r":"146","t":"21:00:16","h":"Ouest","s":"25S-H58S000I-80-I"},{"r":"146","t":"21:00:16","h":"Ouest","s":"25S-H58S100F-80-F1"},{"r":"146","t":"21:00:16","h":"Ouest","s":"25S-H58S200F-80-F2"},{"r":"146","t":"21:15:16","h":"Ouest","s":"25N-H58N000S-80-S"},{"r":"146","t":"21:15:16","h":"Ouest","s":"25N-H58NV10S-80-S"},{"r":"146","t":"21:15:16","h":"Ouest","s":"25N-H58NV20S-80-S"},{"r":"146","t":"21:15:16","h":"Ouest","s":"25S-H58S000S-80-S"},{"r":"146","t":"21:23:42","h":"Ouest","s":"25N-H58N000A-80-A"},{"r":"146","t":"21:23:42","h":"Ouest","s":"25N-H58NV10A-80-A"},{"r":"146","t":"21:23:42","h":"Ouest","s":"25N-H58NV20A-80-A"},{"r":"146","t":"21:23:42","h":"Ouest","s":"25S-H58S000A-80-A"},{"r":"146","t":"21:28:16","h":"Ouest","s":"25N-H58N000I-80-I"},{"r":"146","t":"21:28:16","h":"Ouest","s":"25N-H58N100F-80-F1"},{"r":"146","t":"21:28:16","h":"Ouest","s":"25N-H58N200F-80-F2"},{"r":"146","t":"21:28:16","h":"Ouest","s":"25N-H58N300F-80-F3"},{"r":"146","t":"21:28:16","h":"Ouest","s":"25N-H58N400F-80-F4"},{"r":"146","t":"21:28:16","h":"Ouest","s":"25N-H58NV10I-80-I"},{"r":"146","t":"21:28:16","h":"Ouest","s":"25N-H58NV20I-80-I"},{"r":"146","t":"21:28:16","h":"Ouest","s":"25S-H58S000I-80-I"},{"r":"146","t":"21:28:16","h":"Ouest","s":"25S-H58S100F-80-F1"},{"r":"146","t":"21:28:16","h":"Ouest","s":"25S-H58S200F-80-F2"},{"r":"146","t":"21:45:16","h":"Ouest","s":"25N-H58N000S-80-S"},{"r":"146","t":"21:45:16","h":"Ouest","s":"25N-H58NV10S-80-S"},{"r":"146","t":"21:45:16","h":"Ouest","s":"25N-H58NV20S-80-S"},{"r":"146","t":"21:45:16","h":"Ouest","s":"25S-H58S000S-80-S"},{"r":"146","t":"21:50:42","h":"Ouest","s":"25N-H58N000A-80-A"},{"r":"146","t":"21:50:42","h":"Ouest","s":"25N-H58NV10A-80-A"},{"r":"146","t":"21:50:42","h":"Ouest","s":"25N-H58NV20A-80-A"},{"r":"146","t":"21:50:42","h":"Ouest","s":"25S-H58S000A-80-A"},{"r":"146","t":"21:55:16","h":"Ouest","s":"25N-H58N000I-80-I"},{"r":"146","t":"21:55:16","h":"Ouest","s":"25N-H58N100F-80-F1"},{"r":"146","t":"21:55:16","h":"Ouest","s":"25N-H58N200F-80-F2"},{"r":"146","t":"21:55:16","h":"Ouest","s":"25N-H58N300F-80-F3"},{"r":"146","t":"21:55:16","h":"Ouest","s":"25N-H58N400F-80-F4"},{"r":"146","t":"21:55:16","h":"Ouest","s":"25N-H58NV10I-80-I"},{"r":"146","t":"21:55:16","h":"Ouest","s":"25N-H58NV20I-80-I"},{"r":"146","t":"21:55:16","h":"Ouest","s":"25S-H58S000I-80-I"},{"r":"146","t":"21:55:16","h":"Ouest","s":"25S-H58S100F-80-F1"},{"r":"146","t":"21:55:16","h":"Ouest","s":"25S-H58S200F-80-F2"},{"r":"146","t":"22:15:42","h":"Ouest","s":"25N-H58N000S-80-S"},{"r":"146","t":"22:15:42","h":"Ouest","s":"25N-H58NV10S-80-S"},{"r":"146","t":"22:15:42","h":"Ouest","s":"25N-H58NV20S-80-S"},{"r":"146","t":"22:15:42","h":"Ouest","s":"25S-H58S000S-80-S"},{"r":"146","t":"22:19:42","h":"Ouest","s":"25N-H58N000A-80-A"},{"r":"146","t":"22:19:42","h":"Ouest","s":"25N-H58NV10A-80-A"},{"r":"146","t":"22:19:42","h":"Ouest","s":"25N-H58NV20A-80-A"},{"r":"146","t":"22:19:42","h":"Ouest","s":"25S-H58S000A-80-A"},{"r":"146","t":"22:22:16","h":"Ouest","s":"25N-H58N000I-80-I"},{"r":"146","t":"22:22:16","h":"Ouest","s":"25N-H58N100F-80-F1"},{"r":"146","t":"22:22:16","h":"Ouest","s":"25N-H58N200F-80-F2"},{"r":"146","t":"22:22:16","h":"Ouest","s":"25N-H58N300F-80-F3"},{"r":"146","t":"22:22:16","h":"Ouest","s":"25N-H58N400F-80-F4"},{"r":"146","t":"22:22:16","h":"Ouest","s":"25N-H58NV10I-80-I"},{"r":"146","t":"22:22:16","h":"Ouest","s":"25N-H58NV20I-80-I"},{"r":"146","t":"22:22:16","h":"Ouest","s":"25S-H58S000I-80-I"},{"r":"146","t":"22:22:16","h":"Ouest","s":"25S-H58S100F-80-F1"},{"r":"146","t":"22:22:16","h":"Ouest","s":"25S-H58S200F-80-F2"},{"r":"146","t":"22:44:42","h":"Ouest","s":"25N-H58N000S-80-S"},{"r":"146","t":"22:44:42","h":"Ouest","s":"25N-H58NV10S-80-S"},{"r":"146","t":"22:44:42","h":"Ouest","s":"25N-H58NV20S-80-S"},{"r":"146","t":"22:44:42","h":"Ouest","s":"25S-H58S000S-80-S"},{"r":"146","t":"22:48:42","h":"Ouest","s":"25N-H58N000A-80-A"},{"r":"146","t":"22:48:42","h":"Ouest","s":"25N-H58NV10A-80-A"},{"r":"146","t":"22:48:42","h":"Ouest","s":"25N-H58NV20A-80-A"},{"r":"146","t":"22:48:42","h":"Ouest","s":"25S-H58S000A-80-A"},{"r":"146","t":"22:49:42","h":"Ouest","s":"25N-H58N000I-80-I"},{"r":"146","t":"22:49:42","h":"Ouest","s":"25N-H58N100F-80-F1"},{"r":"146","t":"22:49:42","h":"Ouest","s":"25N-H58N200F-80-F2"},{"r":"146","t":"22:49:42","h":"Ouest","s":"25N-H58N300F-80-F3"},{"r":"146","t":"22:49:42","h":"Ouest","s":"25N-H58N400F-80-F4"},{"r":"146","t":"22:49:42","h":"Ouest","s":"25N-H58NV10I-80-I"},{"r":"146","t":"22:49:42","h":"Ouest","s":"25N-H58NV20I-80-I"},{"r":"146","t":"22:49:42","h":"Ouest","s":"25S-H58S000I-80-I"},{"r":"146","t":"22:49:42","h":"Ouest","s":"25S-H58S100F-80-F1"},{"r":"146","t":"22:49:42","h":"Ouest","s":"25S-H58S200F-80-F2"},{"r":"146","t":"23:13:42","h":"Ouest","s":"25N-H58N000S-80-S"},{"r":"146","t":"23:13:42","h":"Ouest","s":"25N-H58NV10S-80-S"},{"r":"146","t":"23:13:42","h":"Ouest","s":"25N-H58NV20S-80-S"},{"r":"146","t":"23:13:42","h":"Ouest","s":"25S-H58S000S-80-S"},{"r":"146","t":"23:18:42","h":"Ouest","s":"25N-H58N000A-80-A"},{"r":"146","t":"23:18:42","h":"Ouest","s":"25N-H58N000I-80-I"},{"r":"146","t":"23:18:42","h":"Ouest","s":"25N-H58N100F-80-F1"},{"r":"146","t":"23:18:42","h":"Ouest","s":"25N-H58N200F-80-F2"},{"r":"146","t":"23:18:42","h":"Ouest","s":"25N-H58N300F-80-F3"},{"r":"146","t":"23:18:42","h":"Ouest","s":"25N-H58N400F-80-F4"},{"r":"146","t":"23:18:42","h":"Ouest","s":"25N-H58NV10A-80-A"},{"r":"146","t":"23:18:42","h":"Ouest","s":"25N-H58NV10I-80-I"},{"r":"146","t":"23:18:42","h":"Ouest","s":"25N-H58NV20A-80-A"},{"r":"146","t":"23:18:42","h":"Ouest","s":"25N-H58NV20I-80-I"},{"r":"146","t":"23:18:42","h":"Ouest","s":"25S-H58S000A-80-A"},{"r":"146","t":"23:18:42","h":"Ouest","s":"25S-H58S000I-80-I"},{"r":"146","t":"23:18:42","h":"Ouest","s":"25S-H58S100F-80-F1"},{"r":"146","t":"23:18:42","h":"Ouest","s":"25S-H58S200F-80-F2"},{"r":"146","t":"23:43:42","h":"Ouest","s":"25N-H58N000S-80-S"},{"r":"146","t":"23:43:42","h":"Ouest","s":"25N-H58NV10S-80-S"},{"r":"146","t":"23:43:42","h":"Ouest","s":"25N-H58NV20S-80-S"},{"r":"146","t":"23:43:42","h":"Ouest","s":"25S-H58S000S-80-S"},{"r":"146","t":"23:48:42","h":"Ouest","s":"25N-H58N000A-80-A"},{"r":"146","t":"23:48:42","h":"Ouest","s":"25N-H58N000I-80-I"},{"r":"146","t":"23:48:42","h":"Ouest","s":"25N-H58N100F-80-F1"},{"r":"146","t":"23:48:42","h":"Ouest","s":"25N-H58N200F-80-F2"},{"r":"146","t":"23:48:42","h":"Ouest","s":"25N-H58N300F-80-F3"},{"r":"146","t":"23:48:42","h":"Ouest","s":"25N-H58N400F-80-F4"},{"r":"146","t":"23:48:42","h":"Ouest","s":"25N-H58NV10A-80-A"},{"r":"146","t":"23:48:42","h":"Ouest","s":"25N-H58NV10I-80-I"},{"r":"146","t":"23:48:42","h":"Ouest","s":"25N-H58NV20A-80-A"},{"r":"146","t":"23:48:42","h":"Ouest","s":"25N-H58NV20I-80-I"},{"r":"146","t":"23:48:42","h":"Ouest","s":"25S-H58S000A-80-A"},{"r":"146","t":"23:48:42","h":"Ouest","s":"25S-H58S000I-80-I"},{"r":"146","t":"23:48:42","h":"Ouest","s":"25S-H58S100F-80-F1"},{"r":"146","t":"23:48:42","h":"Ouest","s":"25S-H58S200F-80-F2"},{"r":"146","t":"24:14:42","h":"Ouest","s":"25N-H58N000S-80-S"},{"r":"146","t":"24:14:42","h":"Ouest","s":"25N-H58NV10S-80-S"},{"r":"146","t":"24:14:42","h":"Ouest","s":"25N-H58NV20S-80-S"},{"r":"146","t":"24:14:42","h":"Ouest","s":"25S-H58S000S-80-S"},{"r":"146","t":"24:18:42","h":"Ouest","s":"25N-H58N000A-80-A"},{"r":"146","t":"24:18:42","h":"Ouest","s":"25N-H58N000I-80-I"},{"r":"146","t":"24:18:42","h":"Ouest","s":"25N-H58N100F-80-F1"},{"r":"146","t":"24:18:42","h":"Ouest","s":"25N-H58N200F-80-F2"},{"r":"146","t":"24:18:42","h":"Ouest","s":"25N-H58N300F-80-F3"},{"r":"146","t":"24:18:42","h":"Ouest","s":"25N-H58N400F-80-F4"},{"r":"146","t":"24:18:42","h":"Ouest","s":"25N-H58NV10A-80-A"},{"r":"146","t":"24:18:42","h":"Ouest","s":"25N-H58NV10I-80-I"},{"r":"146","t":"24:18:42","h":"Ouest","s":"25N-H58NV20A-80-A"},{"r":"146","t":"24:18:42","h":"Ouest","s":"25N-H58NV20I-80-I"},{"r":"146","t":"24:18:42","h":"Ouest","s":"25S-H58S000A-80-A"},{"r":"146","t":"24:18:42","h":"Ouest","s":"25S-H58S000I-80-I"},{"r":"146","t":"24:18:42","h":"Ouest","s":"25S-H58S100F-80-F1"},{"r":"146","t":"24:18:42","h":"Ouest","s":"25S-H58S200F-80-F2"},{"r":"146","t":"24:47:42","h":"Ouest","s":"25N-H58N000S-80-S"},{"r":"146","t":"24:47:42","h":"Ouest","s":"25N-H58NV10S-80-S"},{"r":"146","t":"24:47:42","h":"Ouest","s":"25N-H58NV20S-80-S"},{"r":"146","t":"24:47:42","h":"Ouest","s":"25S-H58S000S-80-S"},{"r":"146","t":"24:48:42","h":"Ouest","s":"25N-H58N000A-80-A"},{"r":"146","t":"24:48:42","h":"Ouest","s":"25N-H58N000I-80-I"},{"r":"146","t":"24:48:42","h":"Ouest","s":"25N-H58N100F-80-F1"},{"r":"146","t":"24:48:42","h":"Ouest","s":"25N-H58N200F-80-F2"},{"r":"146","t":"24:48:42","h":"Ouest","s":"25N-H58N300F-80-F3"},{"r":"146","t":"24:48:42","h":"Ouest","s":"25N-H58N400F-80-F4"},{"r":"146","t":"24:48:42","h":"Ouest","s":"25N-H58NV10A-80-A"},{"r":"146","t":"24:48:42","h":"Ouest","s":"25N-H58NV10I-80-I"},{"r":"146","t":"24:48:42","h":"Ouest","s":"25N-H58NV20A-80-A"},{"r":"146","t":"24:48:42","h":"Ouest","s":"25N-H58NV20I-80-I"},{"r":"146","t":"24:48:42","h":"Ouest","s":"25S-H58S000A-80-A"},{"r":"146","t":"24:48:42","h":"Ouest","s":"25S-H58S000I-80-I"},{"r":"146","t":"24:48:42","h":"Ouest","s":"25S-H58S100F-80-F1"},{"r":"146","t":"24:48:42","h":"Ouest","s":"25S-H58S200F-80-F2"},{"r":"146","t":"25:18:42","h":"Ouest","s":"25N-H58N000A-80-A"},{"r":"146","t":"25:18:42","h":"Ouest","s":"25N-H58N000I-80-I"},{"r":"146","t":"25:18:42","h":"Ouest","s":"25N-H58N100F-80-F1"},{"r":"146","t":"25:18:42","h":"Ouest","s":"25N-H58N200F-80-F2"},{"r":"146","t":"25:18:42","h":"Ouest","s":"25N-H58N300F-80-F3"},{"r":"146","t":"25:18:42","h":"Ouest","s":"25N-H58N400F-80-F4"},{"r":"146","t":"25:18:42","h":"Ouest","s":"25N-H58NV10A-80-A"},{"r":"146","t":"25:18:42","h":"Ouest","s":"25N-H58NV10I-80-I"},{"r":"146","t":"25:18:42","h":"Ouest","s":"25N-H58NV20A-80-A"},{"r":"146","t":"25:18:42","h":"Ouest","s":"25N-H58NV20I-80-I"},{"r":"146","t":"25:18:42","h":"Ouest","s":"25S-H58S000A-80-A"},{"r":"146","t":"25:18:42","h":"Ouest","s":"25S-H58S000I-80-I"},{"r":"146","t":"25:18:42","h":"Ouest","s":"25S-H58S100F-80-F1"},{"r":"146","t":"25:18:42","h":"Ouest","s":"25S-H58S200F-80-F2"},{"r":"146","t":"25:20:42","h":"Ouest","s":"25N-H58N000S-80-S"},{"r":"146","t":"25:20:42","h":"Ouest","s":"25N-H58NV10S-80-S"},{"r":"146","t":"25:20:42","h":"Ouest","s":"25N-H58NV20S-80-S"},{"r":"146","t":"25:20:42","h":"Ouest","s":"25S-H58S000S-80-S"},{"r":"146","t":"25:48:08","h":"Ouest","s":"25N-H58N000A-80-A"},{"r":"146","t":"25:48:08","h":"Ouest","s":"25N-H58NV10A-80-A"},{"r":"146","t":"25:48:08","h":"Ouest","s":"25N-H58NV20A-80-A"},{"r":"146","t":"25:48:08","h":"Ouest","s":"25S-H58S000A-80-A"}]