[{"r":"144","t":"05:21:34","h":"Est","s":"25N-H55N000A-80-A"},{"r":"144","t":"05:21:34","h":"Est","s":"25N-H55NV10A-80-A"},{"r":"144","t":"05:21:34","h":"Est","s":"25N-H55NV20A-80-A"},{"r":"144","t":"05:21:34","h":"Est","s":"25S-H55S000A-80-A"},{"r":"144","t":"05:23:10","h":"Est","s":"25N-H55N000I-80-I"},{"r":"144","t":"05:23:10","h":"Est","s":"25N-H55N100F-80-F1"},{"r":"144","t":"05:23:10","h":"Est","s":"25N-H55N200F-80-F2"},{"r":"144","t":"05:23:10","h":"Est","s":"25N-H55N300F-80-F3"},{"r":"144","t":"05:23:10","h":"Est","s":"25N-H55N400F-80-F4"},{"r":"144","t":"05:23:10","h":"Est","s":"25N-H55NV10I-80-I"},{"r":"144","t":"05:23:10","h":"Est","s":"25N-H55NV20I-80-I"},{"r":"144","t":"05:23:10","h":"Est","s":"25S-H55S000I-80-I"},{"r":"144","t":"05:23:10","h":"Est","s":"25S-H55S100F-80-F1"},{"r":"144","t":"05:23:10","h":"Est","s":"25S-H55S200F-80-F2"},{"r":"144","t":"05:29:58","h":"Est","s":"25N-H55N000S-80-S"},{"r":"144","t":"05:29:58","h":"Est","s":"25N-H55N000S-82-S"},{"r":"144","t":"05:29:58","h":"Est","s":"25N-H55NV10S-85-S"},{"r":"144","t":"05:29:58","h":"Est","s":"25N-H55NV20S-81-S"},{"r":"144","t":"05:29:58","h":"Est","s":"25S-H55S000S-82-S"},{"r":"144","t":"05:43:34","h":"Est","s":"25N-H55N000A-80-A"},{"r":"144","t":"05:43:34","h":"Est","s":"25N-H55NV10A-80-A"},{"r":"144","t":"05:43:34","h":"Est","s":"25N-H55NV20A-80-A"},{"r":"144","t":"05:43:34","h":"Est","s":"25S-H55S000A-80-A"},{"r":"144","t":"05:44:10","h":"Est","s":"25N-H55N000I-80-I"},{"r":"144","t":"05:44:10","h":"Est","s":"25N-H55N100F-80-F1"},{"r":"144","t":"05:44:10","h":"Est","s":"25N-H55N200F-80-F2"},{"r":"144","t":"05:44:10","h":"Est","s":"25N-H55N300F-80-F3"},{"r":"144","t":"05:44:10","h":"Est","s":"25N-H55N400F-80-F4"},{"r":"144","t":"05:44:10","h":"Est","s":"25N-H55NV10I-80-I"},{"r":"144","t":"05:44:10","h":"Est","s":"25N-H55NV20I-80-I"},{"r":"144","t":"05:44:10","h":"Est","s":"25S-H55S000I-80-I"},{"r":"144","t":"05:44:10","h":"Est","s":"25S-H55S100F-80-F1"},{"r":"144","t":"05:44:10","h":"Est","s":"25S-H55S200F-80-F2"},{"r":"144","t":"05:57:58","h":"Est","s":"25N-H55N000S-80-S"},{"r":"144","t":"05:57:58","h":"Est","s":"25N-H55N000S-82-S"},{"r":"144","t":"05:57:58","h":"Est","s":"25N-H55NV10S-85-S"},{"r":"144","t":"05:57:58","h":"Est","s":"25N-H55NV20S-81-S"},{"r":"144","t":"05:57:58","h":"Est","s":"25S-H55S000S-82-S"},{"r":"144","t":"06:05:34","h":"Est","s":"25N-H55N000A-80-A"},{"r":"144","t":"06:05:34","h":"Est","s":"25N-H55NV10A-80-A"},{"r":"144","t":"06:05:34","h":"Est","s":"25N-H55NV20A-80-A"},{"r":"144","t":"06:05:34","h":"Est","s":"25S-H55S000A-80-A"},{"r":"144","t":"06:06:10","h":"Est","s":"25N-H55N000I-80-I"},{"r":"144","t":"06:06:10","h":"Est","s":"25N-H55N100F-80-F1"},{"r":"144","t":"06:06:10","h":"Est","s":"25N-H55N200F-80-F2"},{"r":"144","t":"06:06:10","h":"Est","s":"25N-H55N300F-80-F3"},{"r":"144","t":"06:06:10","h":"Est","s":"25N-H55N400F-80-F4"},{"r":"144","t":"06:06:10","h":"Est","s":"25N-H55NV10I-80-I"},{"r":"144","t":"06:06:10","h":"Est","s":"25N-H55NV20I-80-I"},{"r":"144","t":"06:06:10","h":"Est","s":"25S-H55S000I-80-I"},{"r":"144","t":"06:06:10","h":"Est","s":"25S-H55S100F-80-F1"},{"r":"144","t":"06:06:10","h":"Est","s":"25S-H55S200F-80-F2"},{"r":"144","t":"06:25:58","h":"Est","s":"25N-H55N000S-80-S"},{"r":"144","t":"06:25:58","h":"Est","s":"25N-H55N000S-82-S"},{"r":"144","t":"06:25:58","h":"Est","s":"25N-H55NV10S-85-S"},{"r":"144","t":"06:25:58","h":"Est","s":"25N-H55NV20S-81-S"},{"r":"144","t":"06:25:58","h":"Est","s":"25S-H55S000S-82-S"},{"r":"144","t":"06:27:34","h":"Est","s":"25N-H55N000A-80-A"},{"r":"144","t":"06:27:34","h":"Est","s":"25N-H55NV10A-80-A"},{"r":"144","t":"06:27:34","h":"Est","s":"25N-H55NV20A-80-A"},{"r":"144","t":"06:27:34","h":"Est","s":"25S-H55S000A-80-A"},{"r":"144","t":"06:28:10","h":"Est","s":"25N-H55N000I-80-I"},{"r":"144","t":"06:28:10","h":"Est","s":"25N-H55N100F-80-F1"},{"r":"144","t":"06:28:10","h":"Est","s":"25N-H55N200F-80-F2"},{"r":"144","t":"06:28:10","h":"Est","s":"25N-H55N300F-80-F3"},{"r":"144","t":"06:28:10","h":"Est","s":"25N-H55N400F-80-F4"},{"r":"144","t":"06:28:10","h":"Est","s":"25N-H55NV10I-80-I"},{"r":"144","t":"06:28:10","h":"Est","s":"25N-H55NV20I-80-I"},{"r":"144","t":"06:28:10","h":"Est","s":"25S-H55S000I-80-I"},{"r":"144","t":"06:28:10","h":"Est","s":"25S-H55S100F-80-F1"},{"r":"144","t":"06:28:10","h":"Est","s":"25S-H55S200F-80-F2"},{"r":"144","t":"06:49:34","h":"Est","s":"25N-H55N000A-80-A"},{"r":"144","t":"06:49:34","h":"Est","s":"25N-H55NV10A-80-A"},{"r":"144","t":"06:49:34","h":"Est","s":"25N-H55NV20A-80-A"},{"r":"144","t":"06:49:34","h":"Est","s":"25S-H55S000A-80-A"},{"r":"144","t":"06:51:10","h":"Est","s":"25N-H55N000I-80-I"},{"r":"144","t":"06:51:10","h":"Est","s":"25N-H55N100F-80-F1"},{"r":"144","t":"06:51:10","h":"Est","s":"25N-H55N200F-80-F2"},{"r":"144","t":"06:51:10","h":"Est","s":"25N-H55N300F-80-F3"},{"r":"144","t":"06:51:10","h":"Est","s":"25N-H55N400F-80-F4"},{"r":"144","t":"06:51:10","h":"Est","s":"25N-H55NV10I-80-I"},{"r":"144","t":"06:51:10","h":"Est","s":"25N-H55NV20I-80-I"},{"r":"144","t":"06:51:10","h":"Est","s":"25S-H55S000I-80-I"},{"r":"144","t":"06:51:10","h":"Est","s":"25S-H55S100F-80-F1"},{"r":"144","t":"06:51:10","h":"Est","s":"25S-H55S200F-80-F2"},{"r":"144","t":"06:56:58","h":"Est","s":"25N-H55N000S-80-S"},{"r":"144","t":"06:56:58","h":"Est","s":"25N-H55N000S-82-S"},{"r":"144","t":"06:56:58","h":"Est","s":"25N-H55NV10S-85-S"},{"r":"144","t":"06:56:58","h":"Est","s":"25N-H55NV20S-81-S"},{"r":"144","t":"06:56:58","h":"Est","s":"25S-H55S000S-82-S"},{"r":"144","t":"07:11:34","h":"Est","s":"25N-H55N000A-80-A"},{"r":"144","t":"07:11:34","h":"Est","s":"25N-H55NV10A-80-A"},{"r":"144","t":"07:11:34","h":"Est","s":"25N-H55NV20A-80-A"},{"r":"144","t":"07:11:34","h":"Est","s":"25S-H55S000A-80-A"},{"r":"144","t":"07:13:10","h":"Est","s":"25N-H55N000I-80-I"},{"r":"144","t":"07:13:10","h":"Est","s":"25N-H55N100F-80-F1"},{"r":"144","t":"07:13:10","h":"Est","s":"25N-H55N200F-80-F2"},{"r":"144","t":"07:13:10","h":"Est","s":"25N-H55N300F-80-F3"},{"r":"144","t":"07:13:10","h":"Est","s":"25N-H55N400F-80-F4"},{"r":"144","t":"07:13:10","h":"Est","s":"25N-H55NV10I-80-I"},{"r":"144","t":"07:13:10","h":"Est","s":"25N-H55NV20I-80-I"},{"r":"144","t":"07:13:10","h":"Est","s":"25S-H55S000I-80-I"},{"r":"144","t":"07:13:10","h":"Est","s":"25S-H55S100F-80-F1"},{"r":"144","t":"07:13:10","h":"Est","s":"25S-H55S200F-80-F2"},{"r":"144","t":"07:26:58","h":"Est","s":"25N-H55N000S-80-S"},{"r":"144","t":"07:26:58","h":"Est","s":"25N-H55N000S-82-S"},{"r":"144","t":"07:26:58","h":"Est","s":"25N-H55NV10S-85-S"},{"r":"144","t":"07:26:58","h":"Est","s":"25N-H55NV20S-81-S"},{"r":"144","t":"07:26:58","h":"Est","s":"25S-H55S000S-82-S"},{"r":"144","t":"07:33:34","h":"Est","s":"25N-H55N000A-80-A"},{"r":"144","t":"07:33:34","h":"Est","s":"25N-H55NV10A-80-A"},{"r":"144","t":"07:33:34","h":"Est","s":"25N-H55NV20A-80-A"},{"r":"144","t":"07:33:34","h":"Est","s":"25S-H55S000A-80-A"},{"r":"144","t":"07:35:10","h":"Est","s":"25N-H55N000I-80-I"},{"r":"144","t":"07:35:10","h":"Est","s":"25N-H55N100F-80-F1"},{"r":"144","t":"07:35:10","h":"Est","s":"25N-H55N200F-80-F2"},{"r":"144","t":"07:35:10","h":"Est","s":"25N-H55N300F-80-F3"},{"r":"144","t":"07:35:10","h":"Est","s":"25N-H55N400F-80-F4"},{"r":"144","t":"07:35:10","h":"Est","s":"25N-H55NV10I-80-I"},{"r":"144","t":"07:35:10","h":"Est","s":"25N-H55NV20I-80-I"},{"r":"144","t":"07:35:10","h":"Est","s":"25S-H55S000I-80-I"},{"r":"144","t":"07:35:10","h":"Est","s":"25S-H55S100F-80-F1"},{"r":"144","t":"07:35:10","h":"Est","s":"25S-H55S200F-80-F2"},{"r":"144","t":"07:54:34","h":"Est","s":"25N-H55N000A-80-A"},{"r":"144","t":"07:54:34","h":"Est","s":"25N-H55NV10A-80-A"},{"r":"144","t":"07:54:34","h":"Est","s":"25N-H55NV20A-80-A"},{"r":"144","t":"07:54:34","h":"Est","s":"25S-H55S000A-80-A"},{"r":"144","t":"07:57:10","h":"Est","s":"25N-H55N000I-80-I"},{"r":"144","t":"07:57:10","h":"Est","s":"25N-H55N100F-80-F1"},{"r":"144","t":"07:57:10","h":"Est","s":"25N-H55N200F-80-F2"},{"r":"144","t":"07:57:10","h":"Est","s":"25N-H55N300F-80-F3"},{"r":"144","t":"07:57:10","h":"Est","s":"25N-H55N400F-80-F4"},{"r":"144","t":"07:57:10","h":"Est","s":"25N-H55NV10I-80-I"},{"r":"144","t":"07:57:10","h":"Est","s":"25N-H55NV20I-80-I"},{"r":"144","t":"07:57:10","h":"Est","s":"25S-H55S000I-80-I"},{"r":"144","t":"07:57:10","h":"Est","s":"25S-H55S100F-80-F1"},{"r":"144","t":"07:57:10","h":"Est","s":"25S-H55S200F-80-F2"},{"r":"144","t":"08:01:34","h":"Est","s":"25N-H55N000S-80-S"},{"r":"144","t":"08:01:34","h":"Est","s":"25N-H55N000S-82-S"},{"r":"144","t":"08:01:34","h":"Est","s":"25N-H55NV10S-85-S"},{"r":"144","t":"08:01:34","h":"Est","s":"25N-H55NV20S-81-S"},{"r":"144","t":"08:01:34","h":"Est","s":"25S-H55S000S-82-S"},{"r":"144","t":"08:15:34","h":"Est","s":"25N-H55N000A-80-A"},{"r":"144","t":"08:15:34","h":"Est","s":"25N-H55NV10A-80-A"},{"r":"144","t":"08:15:34","h":"Est","s":"25N-H55NV20A-80-A"},{"r":"144","t":"08:15:34","h":"Est","s":"25S-H55S000A-80-A"},{"r":"144","t":"08:19:10","h":"Est","s":"25N-H55N000I-80-I"},{"r":"144","t":"08:19:10","h":"Est","s":"25N-H55N100F-80-F1"},{"r":"144","t":"08:19:10","h":"Est","s":"25N-H55N200F-80-F2"},{"r":"144","t":"08:19:10","h":"Est","s":"25N-H55N300F-80-F3"},{"r":"144","t":"08:19:10","h":"Est","s":"25N-H55N400F-80-F4"},{"r":"144","t":"08:19:10","h":"Est","s":"25N-H55NV10I-80-I"},{"r":"144","t":"08:19:10","h":"Est","s":"25N-H55NV20I-80-I"},{"r":"144","t":"08:19:10","h":"Est","s":"25S-H55S000I-80-I"},{"r":"144","t":"08:19:10","h":"Est","s":"25S-H55S100F-80-F1"},{"r":"144","t":"08:19:10","h":"Est","s":"25S-H55S200F-80-F2"},{"r":"144","t":"08:31:34","h":"Est","s":"25N-H55N000S-80-S"},{"r":"144","t":"08:31:34","h":"Est","s":"25N-H55N000S-82-S"},{"r":"144","t":"08:31:34","h":"Est","s":"25N-H55NV10S-85-S"},{"r":"144","t":"08:31:34","h":"Est","s":"25N-H55NV20S-81-S"},{"r":"144","t":"08:31:34","h":"Est","s":"25S-H55S000S-82-S"},{"r":"144","t":"08:36:34","h":"Est","s":"25N-H55N000A-80-A"},{"r":"144","t":"08:36:34","h":"Est","s":"25N-H55NV10A-80-A"},{"r":"144","t":"08:36:34","h":"Est","s":"25N-H55NV20A-80-A"},{"r":"144","t":"08:36:34","h":"Est","s":"25S-H55S000A-80-A"},{"r":"144","t":"08:41:10","h":"Est","s":"25N-H55N000I-80-I"},{"r":"144","t":"08:41:10","h":"Est","s":"25N-H55N100F-80-F1"},{"r":"144","t":"08:41:10","h":"Est","s":"25N-H55N200F-80-F2"},{"r":"144","t":"08:41:10","h":"Est","s":"25N-H55N300F-80-F3"},{"r":"144","t":"08:41:10","h":"Est","s":"25N-H55N400F-80-F4"},{"r":"144","t":"08:41:10","h":"Est","s":"25N-H55NV10I-80-I"},{"r":"144","t":"08:41:10","h":"Est","s":"25N-H55NV20I-80-I"},{"r":"144","t":"08:41:10","h":"Est","s":"25S-H55S000I-80-I"},{"r":"144","t":"08:41:10","h":"Est","s":"25S-H55S100F-80-F1"},{"r":"144","t":"08:41:10","h":"Est","s":"25S-H55S200F-80-F2"},{"r":"144","t":"08:57:34","h":"Est","s":"25N-H55N000A-80-A"},{"r":"144","t":"08:57:34","h":"Est","s":"25N-H55NV10A-80-A"},{"r":"144","t":"08:57:34","h":"Est","s":"25N-H55NV20A-80-A"},{"r":"144","t":"08:57:34","h":"Est","s":"25S-H55S000A-80-A"},{"r":"144","t":"09:03:10","h":"Est","s":"25N-H55N000I-80-I"},{"r":"144","t":"09:03:10","h":"Est","s":"25N-H55N100F-80-F1"},{"r":"144","t":"09:03:10","h":"Est","s":"25N-H55N200F-80-F2"},{"r":"144","t":"09:03:10","h":"Est","s":"25N-H55N300F-80-F3"},{"r":"144","t":"09:03:10","h":"Est","s":"25N-H55N400F-80-F4"},{"r":"144","t":"09:03:10","h":"Est","s":"25N-H55NV10I-80-I"},{"r":"144","t":"09:03:10","h":"Est","s":"25N-H55NV20I-80-I"},{"r":"144","t":"09:03:10","h":"Est","s":"25S-H55S000I-80-I"},{"r":"144","t":"09:03:10","h":"Est","s":"25S-H55S100F-80-F1"},{"r":"144","t":"09:03:10","h":"Est","s":"25S-H55S200F-80-F2"},{"r":"144","t":"09:03:34","h":"Est","s":"25N-H55N000S-80-S"},{"r":"144","t":"09:03:34","h":"Est","s":"25N-H55N000S-82-S"},{"r":"144","t":"09:03:34","h":"Est","s":"25N-H55NV10S-85-S"},{"r":"144","t":"09:03:34","h":"Est","s":"25N-H55NV20S-81-S"},{"r":"144","t":"09:03:34","h":"Est","s":"25S-H55S000S-82-S"},{"r":"144","t":"09:18:34","h":"Est","s":"25N-H55N000A-80-A"},{"r":"144","t":"09:18:34","h":"Est","s":"25N-H55NV10A-80-A"},{"r":"144","t":"09:18:34","h":"Est","s":"25N-H55NV20A-80-A"},{"r":"144","t":"09:18:34","h":"Est","s":"25S-H55S000A-80-A"},{"r":"144","t":"09:25:10","h":"Est","s":"25N-H55N000I-80-I"},{"r":"144","t":"09:25:10","h":"Est","s":"25N-H55N100F-80-F1"},{"r":"144","t":"09:25:10","h":"Est","s":"25N-H55N200F-80-F2"},{"r":"144","t":"09:25:10","h":"Est","s":"25N-H55N300F-80-F3"},{"r":"144","t":"09:25:10","h":"Est","s":"25N-H55N400F-80-F4"},{"r":"144","t":"09:25:10","h":"Est","s":"25N-H55NV10I-80-I"},{"r":"144","t":"09:25:10","h":"Est","s":"25N-H55NV20I-80-I"},{"r":"144","t":"09:25:10","h":"Est","s":"25S-H55S000I-80-I"},{"r":"144","t":"09:25:10","h":"Est","s":"25S-H55S100F-80-F1"},{"r":"144","t":"09:25:10","h":"Est","s":"25S-H55S200F-80-F2"},{"r":"144","t":"09:36:34","h":"Est","s":"25N-H55N000S-80-S"},{"r":"144","t":"09:36:34","h":"Est","s":"25N-H55N000S-82-S"},{"r":"144","t":"09:36:34","h":"Est","s":"25N-H55NV10S-85-S"},{"r":"144","t":"09:36:34","h":"Est","s":"25N-H55NV20S-81-S"},{"r":"144","t":"09:36:34","h":"Est","s":"25S-H55S000S-82-S"},{"r":"144","t":"09:39:34","h":"Est","s":"25N-H55N000A-80-A"},{"r":"144","t":"09:39:34","h":"Est","s":"25N-H55NV10A-80-A"},{"r":"144","t":"09:39:34","h":"Est","s":"25N-H55NV20A-80-A"},{"r":"144","t":"09:39:34","h":"Est","s":"25S-H55S000A-80-A"},{"r":"144","t":"09:46:10","h":"Est","s":"25N-H55N000I-80-I"},{"r":"144","t":"09:46:10","h":"Est","s":"25N-H55N100F-80-F1"},{"r":"144","t":"09:46:10","h":"Est","s":"25N-H55N200F-80-F2"},{"r":"144","t":"09:46:10","h":"Est","s":"25N-H55N300F-80-F3"},{"r":"144","t":"09:46:10","h":"Est","s":"25N-H55N400F-80-F4"},{"r":"144","t":"09:46:10","h":"Est","s":"25N-H55NV10I-80-I"},{"r":"144","t":"09:46:10","h":"Est","s":"25N-H55NV20I-80-I"},{"r":"144","t":"09:46:10","h":"Est","s":"25S-H55S000I-80-I"},{"r":"144","t":"09:46:10","h":"Est","s":"25S-H55S100F-80-F1"},{"r":"144","t":"09:46:10","h":"Est","s":"25S-H55S200F-80-F2"},{"r":"144","t":"10:01:34","h":"Est","s":"25N-H55N000A-80-A"},{"r":"144","t":"10:01:34","h":"Est","s":"25N-H55NV10A-80-A"},{"r":"144","t":"10:01:34","h":"Est","s":"25N-H55NV20A-80-A"},{"r":"144","t":"10:01:34","h":"Est","s":"25S-H55S000A-80-A"},{"r":"144","t":"10:06:10","h":"Est","s":"25N-H55N000I-80-I"},{"r":"144","t":"10:06:10","h":"Est","s":"25N-H55N100F-80-F1"},{"r":"144","t":"10:06:10","h":"Est","s":"25N-H55N200F-80-F2"},{"r":"144","t":"10:06:10","h":"Est","s":"25N-H55N300F-80-F3"},{"r":"144","t":"10:06:10","h":"Est","s":"25N-H55N400F-80-F4"},{"r":"144","t":"10:06:10","h":"Est","s":"25N-H55NV10I-80-I"},{"r":"144","t":"10:06:10","h":"Est","s":"25N-H55NV20I-80-I"},{"r":"144","t":"10:06:10","h":"Est","s":"25S-H55S000I-80-I"},{"r":"144","t":"10:06:10","h":"Est","s":"25S-H55S100F-80-F1"},{"r":"144","t":"10:06:10","h":"Est","s":"25S-H55S200F-80-F2"},{"r":"144","t":"10:07:34","h":"Est","s":"25N-H55N000S-80-S"},{"r":"144","t":"10:07:34","h":"Est","s":"25N-H55N000S-82-S"},{"r":"144","t":"10:07:34","h":"Est","s":"25N-H55NV10S-85-S"},{"r":"144","t":"10:07:34","h":"Est","s":"25N-H55NV20S-81-S"},{"r":"144","t":"10:07:34","h":"Est","s":"25S-H55S000S-82-S"},{"r":"144","t":"10:23:34","h":"Est","s":"25N-H55N000A-80-A"},{"r":"144","t":"10:23:34","h":"Est","s":"25N-H55NV10A-80-A"},{"r":"144","t":"10:23:34","h":"Est","s":"25N-H55NV20A-80-A"},{"r":"144","t":"10:23:34","h":"Est","s":"25S-H55S000A-80-A"},{"r":"144","t":"10:26:10","h":"Est","s":"25N-H55N000I-80-I"},{"r":"144","t":"10:26:10","h":"Est","s":"25N-H55N100F-80-F1"},{"r":"144","t":"10:26:10","h":"Est","s":"25N-H55N200F-80-F2"},{"r":"144","t":"10:26:10","h":"Est","s":"25N-H55N300F-80-F3"},{"r":"144","t":"10:26:10","h":"Est","s":"25N-H55N400F-80-F4"},{"r":"144","t":"10:26:10","h":"Est","s":"25N-H55NV10I-80-I"},{"r":"144","t":"10:26:10","h":"Est","s":"25N-H55NV20I-80-I"},{"r":"144","t":"10:26:10","h":"Est","s":"25S-H55S000I-80-I"},{"r":"144","t":"10:26:10","h":"Est","s":"25S-H55S100F-80-F1"},{"r":"144","t":"10:26:10","h":"Est","s":"25S-H55S200F-80-F2"},{"r":"144","t":"10:37:34","h":"Est","s":"25N-H55N000S-80-S"},{"r":"144","t":"10:37:34","h":"Est","s":"25N-H55N000S-82-S"},{"r":"144","t":"10:37:34","h":"Est","s":"25N-H55NV10S-85-S"},{"r":"144","t":"10:37:34","h":"Est","s":"25N-H55NV20S-81-S"},{"r":"144","t":"10:37:34","h":"Est","s":"25S-H55S000S-82-S"},{"r":"144","t":"10:45:34","h":"Est","s":"25N-H55N000A-80-A"},{"r":"144","t":"10:45:34","h":"Est","s":"25N-H55NV10A-80-A"},{"r":"144","t":"10:45:34","h":"Est","s":"25N-H55NV20A-80-A"},{"r":"144","t":"10:45:34","h":"Est","s":"25S-H55S000A-80-A"},{"r":"144","t":"10:46:10","h":"Est","s":"25N-H55N000I-80-I"},{"r":"144","t":"10:46:10","h":"Est","s":"25N-H55N100F-80-F1"},{"r":"144","t":"10:46:10","h":"Est","s":"25N-H55N200F-80-F2"},{"r":"144","t":"10:46:10","h":"Est","s":"25N-H55N300F-80-F3"},{"r":"144","t":"10:46:10","h":"Est","s":"25N-H55N400F-80-F4"},{"r":"144","t":"10:46:10","h":"Est","s":"25N-H55NV10I-80-I"},{"r":"144","t":"10:46:10","h":"Est","s":"25N-H55NV20I-80-I"},{"r":"144","t":"10:46:10","h":"Est","s":"25S-H55S000I-80-I"},{"r":"144","t":"10:46:10","h":"Est","s":"25S-H55S100F-80-F1"},{"r":"144","t":"10:46:10","h":"Est","s":"25S-H55S200F-80-F2"},{"r":"144","t":"11:06:10","h":"Est","s":"25N-H55N000I-80-I"},{"r":"144","t":"11:06:10","h":"Est","s":"25N-H55N100F-80-F1"},{"r":"144","t":"11:06:10","h":"Est","s":"25N-H55N200F-80-F2"},{"r":"144","t":"11:06:10","h":"Est","s":"25N-H55N300F-80-F3"},{"r":"144","t":"11:06:10","h":"Est","s":"25N-H55N400F-80-F4"},{"r":"144","t":"11:06:10","h":"Est","s":"25N-H55NV10I-80-I"},{"r":"144","t":"11:06:10","h":"Est","s":"25N-H55NV20I-80-I"},{"r":"144","t":"11:06:10","h":"Est","s":"25S-H55S000I-80-I"},{"r":"144","t":"11:06:10","h":"Est","s":"25S-H55S100F-80-F1"},{"r":"144","t":"11:06:10","h":"Est","s":"25S-H55S200F-80-F2"},{"r":"144","t":"11:06:34","h":"Est","s":"25N-H55N000S-80-S"},{"r":"144","t":"11:06:34","h":"Est","s":"25N-H55N000S-82-S"},{"r":"144","t":"11:06:34","h":"Est","s":"25N-H55NV10S-85-S"},{"r":"144","t":"11:06:34","h":"Est","s":"25N-H55NV20S-81-S"},{"r":"144","t":"11:06:34","h":"Est","s":"25S-H55S000S-82-S"},{"r":"144","t":"11:09:34","h":"Est","s":"25N-H55N000A-80-A"},{"r":"144","t":"11:09:34","h":"Est","s":"25N-H55NV10A-80-A"},{"r":"144","t":"11:09:34","h":"Est","s":"25N-H55NV20A-80-A"},{"r":"144","t":"11:09:34","h":"Est","s":"25S-H55S000A-80-A"},{"r":"144","t":"11:26:10","h":"Est","s":"25N-H55N000I-80-I"},{"r":"144","t":"11:26:10","h":"Est","s":"25N-H55N100F-80-F1"},{"r":"144","t":"11:26:10","h":"Est","s":"25N-H55N200F-80-F2"},{"r":"144","t":"11:26:10","h":"Est","s":"25N-H55N300F-80-F3"},{"r":"144","t":"11:26:10","h":"Est","s":"25N-H55N400F-80-F4"},{"r":"144","t":"11:26:10","h":"Est","s":"25N-H55NV10I-80-I"},{"r":"144","t":"11:26:10","h":"Est","s":"25N-H55NV20I-80-I"},{"r":"144","t":"11:26:10","h":"Est","s":"25S-H55S000I-80-I"},{"r":"144","t":"11:26:10","h":"Est","s":"25S-H55S100F-80-F1"},{"r":"144","t":"11:26:10","h":"Est","s":"25S-H55S200F-80-F2"},{"r":"144","t":"11:34:10","h":"Est","s":"25N-H55N000A-80-A"},{"r":"144","t":"11:34:10","h":"Est","s":"25N-H55NV10A-80-A"},{"r":"144","t":"11:34:10","h":"Est","s":"25N-H55NV20A-80-A"},{"r":"144","t":"11:34:10","h":"Est","s":"25S-H55S000A-80-A"},{"r":"144","t":"11:35:34","h":"Est","s":"25N-H55N000S-80-S"},{"r":"144","t":"11:35:34","h":"Est","s":"25N-H55N000S-82-S"},{"r":"144","t":"11:35:34","h":"Est","s":"25N-H55NV10S-85-S"},{"r":"144","t":"11:35:34","h":"Est","s":"25N-H55NV20S-81-S"},{"r":"144","t":"11:35:34","h":"Est","s":"25S-H55S000S-82-S"},{"r":"144","t":"11:49:46","h":"Est","s":"25N-H55N000I-80-I"},{"r":"144","t":"11:49:46","h":"Est","s":"25N-H55N100F-80-F1"},{"r":"144","t":"11:49:46","h":"Est","s":"25N-H55N200F-80-F2"},{"r":"144","t":"11:49:46","h":"Est","s":"25N-H55N300F-80-F3"},{"r":"144","t":"11:49:46","h":"Est","s":"25N-H55N400F-80-F4"},{"r":"144","t":"11:49:46","h":"Est","s":"25N-H55NV10I-80-I"},{"r":"144","t":"11:49:46","h":"Est","s":"25N-H55NV20I-80-I"},{"r":"144","t":"11:49:46","h":"Est","s":"25S-H55S000I-80-I"},{"r":"144","t":"11:49:46","h":"Est","s":"25S-H55S100F-80-F1"},{"r":"144","t":"11:49:46","h":"Est","s":"25S-H55S200F-80-F2"},{"r":"144","t":"12:02:10","h":"Est","s":"25N-H55N000A-80-A"},{"r":"144","t":"12:02:10","h":"Est","s":"25N-H55NV10A-80-A"},{"r":"144","t":"12:02:10","h":"Est","s":"25N-H55NV20A-80-A"},{"r":"144","t":"12:02:10","h":"Est","s":"25S-H55S000A-80-A"},{"r":"144","t":"12:04:34","h":"Est","s":"25N-H55N000S-80-S"},{"r":"144","t":"12:04:34","h":"Est","s":"25N-H55N000S-82-S"},{"r":"144","t":"12:04:34","h":"Est","s":"25N-H55NV10S-85-S"},{"r":"144","t":"12:04:34","h":"Est","s":"25N-H55NV20S-81-S"},{"r":"144","t":"12:04:34","h":"Est","s":"25S-H55S000S-82-S"},{"r":"144","t":"12:13:46","h":"Est","s":"25N-H55N000I-80-I"},{"r":"144","t":"12:13:46","h":"Est","s":"25N-H55N100F-80-F1"},{"r":"144","t":"12:13:46","h":"Est","s":"25N-H55N200F-80-F2"},{"r":"144","t":"12:13:46","h":"Est","s":"25N-H55N300F-80-F3"},{"r":"144","t":"12:13:46","h":"Est","s":"25N-H55N400F-80-F4"},{"r":"144","t":"12:13:46","h":"Est","s":"25N-H55NV10I-80-I"},{"r":"144","t":"12:13:46","h":"Est","s":"25N-H55NV20I-80-I"},{"r":"144","t":"12:13:46","h":"Est","s":"25S-H55S000I-80-I"},{"r":"144","t":"12:13:46","h":"Est","s":"25S-H55S100F-80-F1"},{"r":"144","t":"12:13:46","h":"Est","s":"25S-H55S200F-80-F2"},{"r":"144","t":"12:29:10","h":"Est","s":"25N-H55N000A-80-A"},{"r":"144","t":"12:29:10","h":"Est","s":"25N-H55NV10A-80-A"},{"r":"144","t":"12:29:10","h":"Est","s":"25N-H55NV20A-80-A"},{"r":"144","t":"12:29:10","h":"Est","s":"25S-H55S000A-80-A"},{"r":"144","t":"12:32:34","h":"Est","s":"25N-H55N000S-80-S"},{"r":"144","t":"12:32:34","h":"Est","s":"25N-H55N000S-82-S"},{"r":"144","t":"12:32:34","h":"Est","s":"25N-H55NV10S-85-S"},{"r":"144","t":"12:32:34","h":"Est","s":"25N-H55NV20S-81-S"},{"r":"144","t":"12:32:34","h":"Est","s":"25S-H55S000S-82-S"},{"r":"144","t":"12:41:46","h":"Est","s":"25N-H55N000I-80-I"},{"r":"144","t":"12:41:46","h":"Est","s":"25N-H55N100F-80-F1"},{"r":"144","t":"12:41:46","h":"Est","s":"25N-H55N200F-80-F2"},{"r":"144","t":"12:41:46","h":"Est","s":"25N-H55N300F-80-F3"},{"r":"144","t":"12:41:46","h":"Est","s":"25N-H55N400F-80-F4"},{"r":"144","t":"12:41:46","h":"Est","s":"25N-H55NV10I-80-I"},{"r":"144","t":"12:41:46","h":"Est","s":"25N-H55NV20I-80-I"},{"r":"144","t":"12:41:46","h":"Est","s":"25S-H55S000I-80-I"},{"r":"144","t":"12:41:46","h":"Est","s":"25S-H55S100F-80-F1"},{"r":"144","t":"12:41:46","h":"Est","s":"25S-H55S200F-80-F2"},{"r":"144","t":"12:56:10","h":"Est","s":"25N-H55N000A-80-A"},{"r":"144","t":"12:56:10","h":"Est","s":"25N-H55NV10A-80-A"},{"r":"144","t":"12:56:10","h":"Est","s":"25N-H55NV20A-80-A"},{"r":"144","t":"12:56:10","h":"Est","s":"25S-H55S000A-80-A"},{"r":"144","t":"13:00:34","h":"Est","s":"25N-H55N000S-80-S"},{"r":"144","t":"13:00:34","h":"Est","s":"25N-H55N000S-82-S"},{"r":"144","t":"13:00:34","h":"Est","s":"25N-H55NV10S-85-S"},{"r":"144","t":"13:00:34","h":"Est","s":"25N-H55NV20S-81-S"},{"r":"144","t":"13:00:34","h":"Est","s":"25S-H55S000S-82-S"},{"r":"144","t":"13:09:46","h":"Est","s":"25N-H55N000I-80-I"},{"r":"144","t":"13:09:46","h":"Est","s":"25N-H55N100F-80-F1"},{"r":"144","t":"13:09:46","h":"Est","s":"25N-H55N200F-80-F2"},{"r":"144","t":"13:09:46","h":"Est","s":"25N-H55N300F-80-F3"},{"r":"144","t":"13:09:46","h":"Est","s":"25N-H55N400F-80-F4"},{"r":"144","t":"13:09:46","h":"Est","s":"25N-H55NV10I-80-I"},{"r":"144","t":"13:09:46","h":"Est","s":"25N-H55NV20I-80-I"},{"r":"144","t":"13:09:46","h":"Est","s":"25S-H55S000I-80-I"},{"r":"144","t":"13:09:46","h":"Est","s":"25S-H55S100F-80-F1"},{"r":"144","t":"13:09:46","h":"Est","s":"25S-H55S200F-80-F2"},{"r":"144","t":"13:23:10","h":"Est","s":"25N-H55N000A-80-A"},{"r":"144","t":"13:23:10","h":"Est","s":"25N-H55NV10A-80-A"},{"r":"144","t":"13:23:10","h":"Est","s":"25N-H55NV20A-80-A"},{"r":"144","t":"13:23:10","h":"Est","s":"25S-H55S000A-80-A"},{"r":"144","t":"13:28:34","h":"Est","s":"25N-H55N000S-80-S"},{"r":"144","t":"13:28:34","h":"Est","s":"25N-H55N000S-82-S"},{"r":"144","t":"13:28:34","h":"Est","s":"25N-H55NV10S-85-S"},{"r":"144","t":"13:28:34","h":"Est","s":"25N-H55NV20S-81-S"},{"r":"144","t":"13:28:34","h":"Est","s":"25S-H55S000S-82-S"},{"r":"144","t":"13:37:46","h":"Est","s":"25N-H55N000I-80-I"},{"r":"144","t":"13:37:46","h":"Est","s":"25N-H55N100F-80-F1"},{"r":"144","t":"13:37:46","h":"Est","s":"25N-H55N200F-80-F2"},{"r":"144","t":"13:37:46","h":"Est","s":"25N-H55N300F-80-F3"},{"r":"144","t":"13:37:46","h":"Est","s":"25N-H55N400F-80-F4"},{"r":"144","t":"13:37:46","h":"Est","s":"25N-H55NV10I-80-I"},{"r":"144","t":"13:37:46","h":"Est","s":"25N-H55NV20I-80-I"},{"r":"144","t":"13:37:46","h":"Est","s":"25S-H55S000I-80-I"},{"r":"144","t":"13:37:46","h":"Est","s":"25S-H55S100F-80-F1"},{"r":"144","t":"13:37:46","h":"Est","s":"25S-H55S200F-80-F2"},{"r":"144","t":"13:50:10","h":"Est","s":"25N-H55N000A-80-A"},{"r":"144","t":"13:50:10","h":"Est","s":"25N-H55NV10A-80-A"},{"r":"144","t":"13:50:10","h":"Est","s":"25N-H55NV20A-80-A"},{"r":"144","t":"13:50:10","h":"Est","s":"25S-H55S000A-80-A"},{"r":"144","t":"13:56:34","h":"Est","s":"25N-H55N000S-80-S"},{"r":"144","t":"13:56:34","h":"Est","s":"25N-H55N000S-82-S"},{"r":"144","t":"13:56:34","h":"Est","s":"25N-H55NV10S-85-S"},{"r":"144","t":"13:56:34","h":"Est","s":"25N-H55NV20S-81-S"},{"r":"144","t":"13:56:34","h":"Est","s":"25S-H55S000S-82-S"},{"r":"144","t":"14:05:46","h":"Est","s":"25N-H55N000I-80-I"},{"r":"144","t":"14:05:46","h":"Est","s":"25N-H55N100F-80-F1"},{"r":"144","t":"14:05:46","h":"Est","s":"25N-H55N200F-80-F2"},{"r":"144","t":"14:05:46","h":"Est","s":"25N-H55N300F-80-F3"},{"r":"144","t":"14:05:46","h":"Est","s":"25N-H55N400F-80-F4"},{"r":"144","t":"14:05:46","h":"Est","s":"25N-H55NV10I-80-I"},{"r":"144","t":"14:05:46","h":"Est","s":"25N-H55NV20I-80-I"},{"r":"144","t":"14:05:46","h":"Est","s":"25S-H55S000I-80-I"},{"r":"144","t":"14:05:46","h":"Est","s":"25S-H55S100F-80-F1"},{"r":"144","t":"14:05:46","h":"Est","s":"25S-H55S200F-80-F2"},{"r":"144","t":"14:17:10","h":"Est","s":"25N-H55N000A-80-A"},{"r":"144","t":"14:17:10","h":"Est","s":"25N-H55NV10A-80-A"},{"r":"144","t":"14:17:10","h":"Est","s":"25N-H55NV20A-80-A"},{"r":"144","t":"14:17:10","h":"Est","s":"25S-H55S000A-80-A"},{"r":"144","t":"14:25:46","h":"Est","s":"25N-H55N000S-80-S"},{"r":"144","t":"14:25:46","h":"Est","s":"25N-H55N000S-82-S"},{"r":"144","t":"14:25:46","h":"Est","s":"25N-H55NV10S-85-S"},{"r":"144","t":"14:25:46","h":"Est","s":"25N-H55NV20S-81-S"},{"r":"144","t":"14:25:46","h":"Est","s":"25S-H55S000S-82-S"},{"r":"144","t":"14:33:46","h":"Est","s":"25N-H55N000I-80-I"},{"r":"144","t":"14:33:46","h":"Est","s":"25N-H55N100F-80-F1"},{"r":"144","t":"14:33:46","h":"Est","s":"25N-H55N200F-80-F2"},{"r":"144","t":"14:33:46","h":"Est","s":"25N-H55N300F-80-F3"},{"r":"144","t":"14:33:46","h":"Est","s":"25N-H55N400F-80-F4"},{"r":"144","t":"14:33:46","h":"Est","s":"25N-H55NV10I-80-I"},{"r":"144","t":"14:33:46","h":"Est","s":"25N-H55NV20I-80-I"},{"r":"144","t":"14:33:46","h":"Est","s":"25S-H55S000I-80-I"},{"r":"144","t":"14:33:46","h":"Est","s":"25S-H55S100F-80-F1"},{"r":"144","t":"14:33:46","h":"Est","s":"25S-H55S200F-80-F2"},{"r":"144","t":"14:44:10","h":"Est","s":"25N-H55N000A-80-A"},{"r":"144","t":"14:44:10","h":"Est","s":"25N-H55NV10A-80-A"},{"r":"144","t":"14:44:10","h":"Est","s":"25N-H55NV20A-80-A"},{"r":"144","t":"14:44:10","h":"Est","s":"25S-H55S000A-80-A"},{"r":"144","t":"14:53:46","h":"Est","s":"25N-H55N000S-80-S"},{"r":"144","t":"14:53:46","h":"Est","s":"25N-H55N000S-82-S"},{"r":"144","t":"14:53:46","h":"Est","s":"25N-H55NV10S-85-S"},{"r":"144","t":"14:53:46","h":"Est","s":"25N-H55NV20S-81-S"},{"r":"144","t":"14:53:46","h":"Est","s":"25S-H55S000S-82-S"},{"r":"144","t":"15:01:46","h":"Est","s":"25N-H55N000I-80-I"},{"r":"144","t":"15:01:46","h":"Est","s":"25N-H55N100F-80-F1"},{"r":"144","t":"15:01:46","h":"Est","s":"25N-H55N200F-80-F2"},{"r":"144","t":"15:01:46","h":"Est","s":"25N-H55N300F-80-F3"},{"r":"144","t":"15:01:46","h":"Est","s":"25N-H55N400F-80-F4"},{"r":"144","t":"15:01:46","h":"Est","s":"25N-H55NV10I-80-I"},{"r":"144","t":"15:01:46","h":"Est","s":"25N-H55NV20I-80-I"},{"r":"144","t":"15:01:46","h":"Est","s":"25S-H55S000I-80-I"},{"r":"144","t":"15:01:46","h":"Est","s":"25S-H55S100F-80-F1"},{"r":"144","t":"15:01:46","h":"Est","s":"25S-H55S200F-80-F2"},{"r":"144","t":"15:11:10","h":"Est","s":"25N-H55N000A-80-A"},{"r":"144","t":"15:11:10","h":"Est","s":"25N-H55NV10A-80-A"},{"r":"144","t":"15:11:10","h":"Est","s":"25N-H55NV20A-80-A"},{"r":"144","t":"15:11:10","h":"Est","s":"25S-H55S000A-80-A"},{"r":"144","t":"15:22:46","h":"Est","s":"25N-H55N000S-80-S"},{"r":"144","t":"15:22:46","h":"Est","s":"25N-H55N000S-82-S"},{"r":"144","t":"15:22:46","h":"Est","s":"25N-H55NV10S-85-S"},{"r":"144","t":"15:22:46","h":"Est","s":"25N-H55NV20S-81-S"},{"r":"144","t":"15:22:46","h":"Est","s":"25S-H55S000S-82-S"},{"r":"144","t":"15:29:46","h":"Est","s":"25N-H55N000I-80-I"},{"r":"144","t":"15:29:46","h":"Est","s":"25N-H55N100F-80-F1"},{"r":"144","t":"15:29:46","h":"Est","s":"25N-H55N200F-80-F2"},{"r":"144","t":"15:29:46","h":"Est","s":"25N-H55N300F-80-F3"},{"r":"144","t":"15:29:46","h":"Est","s":"25N-H55N400F-80-F4"},{"r":"144","t":"15:29:46","h":"Est","s":"25N-H55NV10I-80-I"},{"r":"144","t":"15:29:46","h":"Est","s":"25N-H55NV20I-80-I"},{"r":"144","t":"15:29:46","h":"Est","s":"25S-H55S000I-80-I"},{"r":"144","t":"15:29:46","h":"Est","s":"25S-H55S100F-80-F1"},{"r":"144","t":"15:29:46","h":"Est","s":"25S-H55S200F-80-F2"},{"r":"144","t":"15:38:10","h":"Est","s":"25N-H55N000A-80-A"},{"r":"144","t":"15:38:10","h":"Est","s":"25N-H55NV10A-80-A"},{"r":"144","t":"15:38:10","h":"Est","s":"25N-H55NV20A-80-A"},{"r":"144","t":"15:38:10","h":"Est","s":"25S-H55S000A-80-A"},{"r":"144","t":"15:52:46","h":"Est","s":"25N-H55N000S-80-S"},{"r":"144","t":"15:52:46","h":"Est","s":"25N-H55N000S-82-S"},{"r":"144","t":"15:52:46","h":"Est","s":"25N-H55NV10S-85-S"},{"r":"144","t":"15:52:46","h":"Est","s":"25N-H55NV20S-81-S"},{"r":"144","t":"15:52:46","h":"Est","s":"25S-H55S000S-82-S"},{"r":"144","t":"15:57:46","h":"Est","s":"25N-H55N000I-80-I"},{"r":"144","t":"15:57:46","h":"Est","s":"25N-H55N100F-80-F1"},{"r":"144","t":"15:57:46","h":"Est","s":"25N-H55N200F-80-F2"},{"r":"144","t":"15:57:46","h":"Est","s":"25N-H55N300F-80-F3"},{"r":"144","t":"15:57:46","h":"Est","s":"25N-H55N400F-80-F4"},{"r":"144","t":"15:57:46","h":"Est","s":"25N-H55NV10I-80-I"},{"r":"144","t":"15:57:46","h":"Est","s":"25N-H55NV20I-80-I"},{"r":"144","t":"15:57:46","h":"Est","s":"25S-H55S000I-80-I"},{"r":"144","t":"15:57:46","h":"Est","s":"25S-H55S100F-80-F1"},{"r":"144","t":"15:57:46","h":"Est","s":"25S-H55S200F-80-F2"},{"r":"144","t":"16:04:10","h":"Est","s":"25N-H55N000A-80-A"},{"r":"144","t":"16:04:10","h":"Est","s":"25N-H55NV10A-80-A"},{"r":"144","t":"16:04:10","h":"Est","s":"25N-H55NV20A-80-A"},{"r":"144","t":"16:04:10","h":"Est","s":"25S-H55S000A-80-A"},{"r":"144","t":"16:21:46","h":"Est","s":"25N-H55N000S-80-S"},{"r":"144","t":"16:21:46","h":"Est","s":"25N-H55N000S-82-S"},{"r":"144","t":"16:21:46","h":"Est","s":"25N-H55NV10S-85-S"},{"r":"144","t":"16:21:46","h":"Est","s":"25N-H55NV20S-81-S"},{"r":"144","t":"16:21:46","h":"Est","s":"25S-H55S000S-82-S"},{"r":"144","t":"16:25:46","h":"Est","s":"25N-H55N000I-80-I"},{"r":"144","t":"16:25:46","h":"Est","s":"25N-H55N100F-80-F1"},{"r":"144","t":"16:25:46","h":"Est","s":"25N-H55N200F-80-F2"},{"r":"144","t":"16:25:46","h":"Est","s":"25N-H55N300F-80-F3"},{"r":"144","t":"16:25:46","h":"Est","s":"25N-H55N400F-80-F4"},{"r":"144","t":"16:25:46","h":"Est","s":"25N-H55NV10I-80-I"},{"r":"144","t":"16:25:46","h":"Est","s":"25N-H55NV20I-80-I"},{"r":"144","t":"16:25:46","h":"Est","s":"25S-H55S000I-80-I"},{"r":"144","t":"16:25:46","h":"Est","s":"25S-H55S100F-80-F1"},{"r":"144","t":"16:25:46","h":"Est","s":"25S-H55S200F-80-F2"},{"r":"144","t":"16:30:10","h":"Est","s":"25N-H55N000A-80-A"},{"r":"144","t":"16:30:10","h":"Est","s":"25N-H55NV10A-80-A"},{"r":"144","t":"16:30:10","h":"Est","s":"25N-H55NV20A-80-A"},{"r":"144","t":"16:30:10","h":"Est","s":"25S-H55S000A-80-A"},{"r":"144","t":"16:49:46","h":"Est","s":"25N-H55N000S-80-S"},{"r":"144","t":"16:49:46","h":"Est","s":"25N-H55N000S-82-S"},{"r":"144","t":"16:49:46","h":"Est","s":"25N-H55NV10S-85-S"},{"r":"144","t":"16:49:46","h":"Est","s":"25N-H55NV20S-81-S"},{"r":"144","t":"16:49:46","h":"Est","s":"25S-H55S000S-82-S"},{"r":"144","t":"16:53:46","h":"Est","s":"25N-H55N000I-80-I"},{"r":"144","t":"16:53:46","h":"Est","s":"25N-H55N100F-80-F1"},{"r":"144","t":"16:53:46","h":"Est","s":"25N-H55N200F-80-F2"},{"r":"144","t":"16:53:46","h":"Est","s":"25N-H55N300F-80-F3"},{"r":"144","t":"16:53:46","h":"Est","s":"25N-H55N400F-80-F4"},{"r":"144","t":"16:53:46","h":"Est","s":"25N-H55NV10I-80-I"},{"r":"144","t":"16:53:46","h":"Est","s":"25N-H55NV20I-80-I"},{"r":"144","t":"16:53:46","h":"Est","s":"25S-H55S000I-80-I"},{"r":"144","t":"16:53:46","h":"Est","s":"25S-H55S100F-80-F1"},{"r":"144","t":"16:53:46","h":"Est","s":"25S-H55S200F-80-F2"},{"r":"144","t":"16:56:10","h":"Est","s":"25N-H55N000A-80-A"},{"r":"144","t":"16:56:10","h":"Est","s":"25N-H55NV10A-80-A"},{"r":"144","t":"16:56:10","h":"Est","s":"25N-H55NV20A-80-A"},{"r":"144","t":"16:56:10","h":"Est","s":"25S-H55S000A-80-A"},{"r":"144","t":"17:19:21","h":"Est","s":"25N-H55N000S-80-S"},{"r":"144","t":"17:19:21","h":"Est","s":"25N-H55N000S-82-S"},{"r":"144","t":"17:19:21","h":"Est","s":"25N-H55NV10S-85-S"},{"r":"144","t":"17:19:21","h":"Est","s":"25N-H55NV20S-81-S"},{"r":"144","t":"17:19:21","h":"Est","s":"25S-H55S000S-82-S"},{"r":"144","t":"17:21:46","h":"Est","s":"25N-H55N000I-80-I"},{"r":"144","t":"17:21:46","h":"Est","s":"25N-H55N100F-80-F1"},{"r":"144","t":"17:21:46","h":"Est","s":"25N-H55N200F-80-F2"},{"r":"144","t":"17:21:46","h":"Est","s":"25N-H55N300F-80-F3"},{"r":"144","t":"17:21:46","h":"Est","s":"25N-H55N400F-80-F4"},{"r":"144","t":"17:21:46","h":"Est","s":"25N-H55NV10I-80-I"},{"r":"144","t":"17:21:46","h":"Est","s":"25N-H55NV20I-80-I"},{"r":"144","t":"17:21:46","h":"Est","s":"25S-H55S000I-80-I"},{"r":"144","t":"17:21:46","h":"Est","s":"25S-H55S100F-80-F1"},{"r":"144","t":"17:21:46","h":"Est","s":"25S-H55S200F-80-F2"},{"r":"144","t":"17:22:10","h":"Est","s":"25N-H55N000A-80-A"},{"r":"144","t":"17:22:10","h":"Est","s":"25N-H55NV10A-80-A"},{"r":"144","t":"17:22:10","h":"Est","s":"25N-H55NV20A-80-A"},{"r":"144","t":"17:22:10","h":"Est","s":"25S-H55S000A-80-A"},{"r":"144","t":"17:47:46","h":"Est","s":"25N-H55N000I-80-I"},{"r":"144","t":"17:47:46","h":"Est","s":"25N-H55N100F-80-F1"},{"r":"144","t":"17:47:46","h":"Est","s":"25N-H55N200F-80-F2"},{"r":"144","t":"17:47:46","h":"Est","s":"25N-H55N300F-80-F3"},{"r":"144","t":"17:47:46","h":"Est","s":"25N-H55N400F-80-F4"},{"r":"144","t":"17:47:46","h":"Est","s":"25N-H55NV10I-80-I"},{"r":"144","t":"17:47:46","h":"Est","s":"25N-H55NV20I-80-I"},{"r":"144","t":"17:47:46","h":"Est","s":"25S-H55S000I-80-I"},{"r":"144","t":"17:47:46","h":"Est","s":"25S-H55S100F-80-F1"},{"r":"144","t":"17:47:46","h":"Est","s":"25S-H55S200F-80-F2"},{"r":"144","t":"17:48:10","h":"Est","s":"25N-H55N000A-80-A"},{"r":"144","t":"17:48:10","h":"Est","s":"25N-H55NV10A-80-A"},{"r":"144","t":"17:48:10","h":"Est","s":"25N-H55NV20A-80-A"},{"r":"144","t":"17:48:10","h":"Est","s":"25S-H55S000A-80-A"},{"r":"144","t":"17:49:21","h":"Est","s":"25N-H55N000S-80-S"},{"r":"144","t":"17:49:21","h":"Est","s":"25N-H55N000S-82-S"},{"r":"144","t":"17:49:21","h":"Est","s":"25N-H55NV10S-85-S"},{"r":"144","t":"17:49:21","h":"Est","s":"25N-H55NV20S-81-S"},{"r":"144","t":"17:49:21","h":"Est","s":"25S-H55S000S-82-S"},{"r":"144","t":"18:13:46","h":"Est","s":"25N-H55N000I-80-I"},{"r":"144","t":"18:13:46","h":"Est","s":"25N-H55N100F-80-F1"},{"r":"144","t":"18:13:46","h":"Est","s":"25N-H55N200F-80-F2"},{"r":"144","t":"18:13:46","h":"Est","s":"25N-H55N300F-80-F3"},{"r":"144","t":"18:13:46","h":"Est","s":"25N-H55N400F-80-F4"},{"r":"144","t":"18:13:46","h":"Est","s":"25N-H55NV10I-80-I"},{"r":"144","t":"18:13:46","h":"Est","s":"25N-H55NV20I-80-I"},{"r":"144","t":"18:13:46","h":"Est","s":"25S-H55S000I-80-I"},{"r":"144","t":"18:13:46","h":"Est","s":"25S-H55S100F-80-F1"},{"r":"144","t":"18:13:46","h":"Est","s":"25S-H55S200F-80-F2"},{"r":"144","t":"18:14:10","h":"Est","s":"25N-H55N000A-80-A"},{"r":"144","t":"18:14:10","h":"Est","s":"25N-H55NV10A-80-A"},{"r":"144","t":"18:14:10","h":"Est","s":"25N-H55NV20A-80-A"},{"r":"144","t":"18:14:10","h":"Est","s":"25S-H55S000A-80-A"},{"r":"144","t":"18:17:21","h":"Est","s":"25N-H55N000S-80-S"},{"r":"144","t":"18:17:21","h":"Est","s":"25N-H55N000S-82-S"},{"r":"144","t":"18:17:21","h":"Est","s":"25N-H55NV10S-85-S"},{"r":"144","t":"18:17:21","h":"Est","s":"25N-H55NV20S-81-S"},{"r":"144","t":"18:17:21","h":"Est","s":"25S-H55S000S-82-S"},{"r":"144","t":"18:39:46","h":"Est","s":"25N-H55N000I-80-I"},{"r":"144","t":"18:39:46","h":"Est","s":"25N-H55N100F-80-F1"},{"r":"144","t":"18:39:46","h":"Est","s":"25N-H55N200F-80-F2"},{"r":"144","t":"18:39:46","h":"Est","s":"25N-H55N300F-80-F3"},{"r":"144","t":"18:39:46","h":"Est","s":"25N-H55N400F-80-F4"},{"r":"144","t":"18:39:46","h":"Est","s":"25N-H55NV10I-80-I"},{"r":"144","t":"18:39:46","h":"Est","s":"25N-H55NV20I-80-I"},{"r":"144","t":"18:39:46","h":"Est","s":"25S-H55S000I-80-I"},{"r":"144","t":"18:39:46","h":"Est","s":"25S-H55S100F-80-F1"},{"r":"144","t":"18:39:46","h":"Est","s":"25S-H55S200F-80-F2"},{"r":"144","t":"18:40:10","h":"Est","s":"25N-H55N000A-80-A"},{"r":"144","t":"18:40:10","h":"Est","s":"25N-H55NV10A-80-A"},{"r":"144","t":"18:40:10","h":"Est","s":"25N-H55NV20A-80-A"},{"r":"144","t":"18:40:10","h":"Est","s":"25S-H55S000A-80-A"},{"r":"144","t":"18:46:46","h":"Est","s":"25N-H55N000S-80-S"},{"r":"144","t":"18:46:46","h":"Est","s":"25N-H55N000S-82-S"},{"r":"144","t":"18:46:46","h":"Est","s":"25N-H55NV10S-85-S"},{"r":"144","t":"18:46:46","h":"Est","s":"25N-H55NV20S-81-S"},{"r":"144","t":"18:46:46","h":"Est","s":"25S-H55S000S-82-S"},{"r":"144","t":"19:05:46","h":"Est","s":"25N-H55N000I-80-I"},{"r":"144","t":"19:05:46","h":"Est","s":"25N-H55N100F-80-F1"},{"r":"144","t":"19:05:46","h":"Est","s":"25N-H55N200F-80-F2"},{"r":"144","t":"19:05:46","h":"Est","s":"25N-H55N300F-80-F3"},{"r":"144","t":"19:05:46","h":"Est","s":"25N-H55N400F-80-F4"},{"r":"144","t":"19:05:46","h":"Est","s":"25N-H55NV10I-80-I"},{"r":"144","t":"19:05:46","h":"Est","s":"25N-H55NV20I-80-I"},{"r":"144","t":"19:05:46","h":"Est","s":"25S-H55S000I-80-I"},{"r":"144","t":"19:05:46","h":"Est","s":"25S-H55S100F-80-F1"},{"r":"144","t":"19:05:46","h":"Est","s":"25S-H55S200F-80-F2"},{"r":"144","t":"19:06:10","h":"Est","s":"25N-H55N000A-80-A"},{"r":"144","t":"19:06:10","h":"Est","s":"25N-H55NV10A-80-A"},{"r":"144","t":"19:06:10","h":"Est","s":"25N-H55NV20A-80-A"},{"r":"144","t":"19:06:10","h":"Est","s":"25S-H55S000A-80-A"},{"r":"144","t":"19:14:46","h":"Est","s":"25N-H55N000S-80-S"},{"r":"144","t":"19:14:46","h":"Est","s":"25N-H55N000S-82-S"},{"r":"144","t":"19:14:46","h":"Est","s":"25N-H55NV10S-85-S"},{"r":"144","t":"19:14:46","h":"Est","s":"25N-H55NV20S-81-S"},{"r":"144","t":"19:14:46","h":"Est","s":"25S-H55S000S-82-S"},{"r":"144","t":"19:31:46","h":"Est","s":"25N-H55N000I-80-I"},{"r":"144","t":"19:31:46","h":"Est","s":"25N-H55N100F-80-F1"},{"r":"144","t":"19:31:46","h":"Est","s":"25N-H55N200F-80-F2"},{"r":"144","t":"19:31:46","h":"Est","s":"25N-H55N300F-80-F3"},{"r":"144","t":"19:31:46","h":"Est","s":"25N-H55N400F-80-F4"},{"r":"144","t":"19:31:46","h":"Est","s":"25N-H55NV10I-80-I"},{"r":"144","t":"19:31:46","h":"Est","s":"25N-H55NV20I-80-I"},{"r":"144","t":"19:31:46","h":"Est","s":"25S-H55S000I-80-I"},{"r":"144","t":"19:31:46","h":"Est","s":"25S-H55S100F-80-F1"},{"r":"144","t":"19:31:46","h":"Est","s":"25S-H55S200F-80-F2"},{"r":"144","t":"19:32:10","h":"Est","s":"25N-H55N000A-80-A"},{"r":"144","t":"19:32:10","h":"Est","s":"25N-H55NV10A-80-A"},{"r":"144","t":"19:32:10","h":"Est","s":"25N-H55NV20A-80-A"},{"r":"144","t":"19:32:10","h":"Est","s":"25S-H55S000A-80-A"},{"r":"144","t":"19:44:46","h":"Est","s":"25N-H55N000S-80-S"},{"r":"144","t":"19:44:46","h":"Est","s":"25N-H55N000S-82-S"},{"r":"144","t":"19:44:46","h":"Est","s":"25N-H55NV10S-85-S"},{"r":"144","t":"19:44:46","h":"Est","s":"25N-H55NV20S-81-S"},{"r":"144","t":"19:44:46","h":"Est","s":"25S-H55S000S-82-S"},{"r":"144","t":"19:56:46","h":"Est","s":"25N-H55N000I-80-I"},{"r":"144","t":"19:56:46","h":"Est","s":"25N-H55N100F-80-F1"},{"r":"144","t":"19:56:46","h":"Est","s":"25N-H55N200F-80-F2"},{"r":"144","t":"19:56:46","h":"Est","s":"25N-H55N300F-80-F3"},{"r":"144","t":"19:56:46","h":"Est","s":"25N-H55N400F-80-F4"},{"r":"144","t":"19:56:46","h":"Est","s":"25N-H55NV10I-80-I"},{"r":"144","t":"19:56:46","h":"Est","s":"25N-H55NV20I-80-I"},{"r":"144","t":"19:56:46","h":"Est","s":"25S-H55S000I-80-I"},{"r":"144","t":"19:56:46","h":"Est","s":"25S-H55S100F-80-F1"},{"r":"144","t":"19:56:46","h":"Est","s":"25S-H55S200F-80-F2"},{"r":"144","t":"19:57:10","h":"Est","s":"25N-H55N000A-80-A"},{"r":"144","t":"19:57:10","h":"Est","s":"25N-H55NV10A-80-A"},{"r":"144","t":"19:57:10","h":"Est","s":"25N-H55NV20A-80-A"},{"r":"144","t":"19:57:10","h":"Est","s":"25S-H55S000A-80-A"},{"r":"144","t":"20:12:34","h":"Est","s":"25N-H55N000S-80-S"},{"r":"144","t":"20:12:34","h":"Est","s":"25N-H55N000S-82-S"},{"r":"144","t":"20:12:34","h":"Est","s":"25N-H55NV10S-85-S"},{"r":"144","t":"20:12:34","h":"Est","s":"25N-H55NV20S-81-S"},{"r":"144","t":"20:12:34","h":"Est","s":"25S-H55S000S-82-S"},{"r":"144","t":"20:22:46","h":"Est","s":"25N-H55N000I-80-I"},{"r":"144","t":"20:22:46","h":"Est","s":"25N-H55N100F-80-F1"},{"r":"144","t":"20:22:46","h":"Est","s":"25N-H55N200F-80-F2"},{"r":"144","t":"20:22:46","h":"Est","s":"25N-H55N300F-80-F3"},{"r":"144","t":"20:22:46","h":"Est","s":"25N-H55N400F-80-F4"},{"r":"144","t":"20:22:46","h":"Est","s":"25N-H55NV10I-80-I"},{"r":"144","t":"20:22:46","h":"Est","s":"25N-H55NV20I-80-I"},{"r":"144","t":"20:22:46","h":"Est","s":"25S-H55S000I-80-I"},{"r":"144","t":"20:22:46","h":"Est","s":"25S-H55S100F-80-F1"},{"r":"144","t":"20:22:46","h":"Est","s":"25S-H55S200F-80-F2"},{"r":"144","t":"20:23:10","h":"Est","s":"25N-H55N000A-80-A"},{"r":"144","t":"20:23:10","h":"Est","s":"25N-H55NV10A-80-A"},{"r":"144","t":"20:23:10","h":"Est","s":"25N-H55NV20A-80-A"},{"r":"144","t":"20:23:10","h":"Est","s":"25S-H55S000A-80-A"},{"r":"144","t":"20:42:34","h":"Est","s":"25N-H55N000S-80-S"},{"r":"144","t":"20:42:34","h":"Est","s":"25N-H55N000S-82-S"},{"r":"144","t":"20:42:34","h":"Est","s":"25N-H55NV10S-85-S"},{"r":"144","t":"20:42:34","h":"Est","s":"25N-H55NV20S-81-S"},{"r":"144","t":"20:42:34","h":"Est","s":"25S-H55S000S-82-S"},{"r":"144","t":"20:48:10","h":"Est","s":"25N-H55N000A-80-A"},{"r":"144","t":"20:48:10","h":"Est","s":"25N-H55NV10A-80-A"},{"r":"144","t":"20:48:10","h":"Est","s":"25N-H55NV20A-80-A"},{"r":"144","t":"20:48:10","h":"Est","s":"25S-H55S000A-80-A"},{"r":"144","t":"20:48:46","h":"Est","s":"25N-H55N000I-80-I"},{"r":"144","t":"20:48:46","h":"Est","s":"25N-H55N100F-80-F1"},{"r":"144","t":"20:48:46","h":"Est","s":"25N-H55N200F-80-F2"},{"r":"144","t":"20:48:46","h":"Est","s":"25N-H55N300F-80-F3"},{"r":"144","t":"20:48:46","h":"Est","s":"25N-H55N400F-80-F4"},{"r":"144","t":"20:48:46","h":"Est","s":"25N-H55NV10I-80-I"},{"r":"144","t":"20:48:46","h":"Est","s":"25N-H55NV20I-80-I"},{"r":"144","t":"20:48:46","h":"Est","s":"25S-H55S000I-80-I"},{"r":"144","t":"20:48:46","h":"Est","s":"25S-H55S100F-80-F1"},{"r":"144","t":"20:48:46","h":"Est","s":"25S-H55S200F-80-F2"},{"r":"144","t":"21:12:34","h":"Est","s":"25N-H55N000S-80-S"},{"r":"144","t":"21:12:34","h":"Est","s":"25N-H55N000S-82-S"},{"r":"144","t":"21:12:34","h":"Est","s":"25N-H55NV10S-85-S"},{"r":"144","t":"21:12:34","h":"Est","s":"25N-H55NV20S-81-S"},{"r":"144","t":"21:12:34","h":"Est","s":"25S-H55S000S-82-S"},{"r":"144","t":"21:12:46","h":"Est","s":"25N-H55N000I-80-I"},{"r":"144","t":"21:12:46","h":"Est","s":"25N-H55N100F-80-F1"},{"r":"144","t":"21:12:46","h":"Est","s":"25N-H55N200F-80-F2"},{"r":"144","t":"21:12:46","h":"Est","s":"25N-H55N300F-80-F3"},{"r":"144","t":"21:12:46","h":"Est","s":"25N-H55N400F-80-F4"},{"r":"144","t":"21:12:46","h":"Est","s":"25N-H55NV10I-80-I"},{"r":"144","t":"21:12:46","h":"Est","s":"25N-H55NV20I-80-I"},{"r":"144","t":"21:12:46","h":"Est","s":"25S-H55S000I-80-I"},{"r":"144","t":"21:12:46","h":"Est","s":"25S-H55S100F-80-F1"},{"r":"144","t":"21:12:46","h":"Est","s":"25S-H55S200F-80-F2"},{"r":"144","t":"21:13:10","h":"Est","s":"25N-H55N000A-80-A"},{"r":"144","t":"21:13:10","h":"Est","s":"25N-H55NV10A-80-A"},{"r":"144","t":"21:13:10","h":"Est","s":"25N-H55NV20A-80-A"},{"r":"144","t":"21:13:10","h":"Est","s":"25S-H55S000A-80-A"},{"r":"144","t":"21:36:46","h":"Est","s":"25N-H55N000I-80-I"},{"r":"144","t":"21:36:46","h":"Est","s":"25N-H55N100F-80-F1"},{"r":"144","t":"21:36:46","h":"Est","s":"25N-H55N200F-80-F2"},{"r":"144","t":"21:36:46","h":"Est","s":"25N-H55N300F-80-F3"},{"r":"144","t":"21:36:46","h":"Est","s":"25N-H55N400F-80-F4"},{"r":"144","t":"21:36:46","h":"Est","s":"25N-H55NV10I-80-I"},{"r":"144","t":"21:36:46","h":"Est","s":"25N-H55NV20I-80-I"},{"r":"144","t":"21:36:46","h":"Est","s":"25S-H55S000I-80-I"},{"r":"144","t":"21:36:46","h":"Est","s":"25S-H55S100F-80-F1"},{"r":"144","t":"21:36:46","h":"Est","s":"25S-H55S200F-80-F2"},{"r":"144","t":"21:38:10","h":"Est","s":"25N-H55N000A-80-A"},{"r":"144","t":"21:38:10","h":"Est","s":"25N-H55NV10A-80-A"},{"r":"144","t":"21:38:10","h":"Est","s":"25N-H55NV20A-80-A"},{"r":"144","t":"21:38:10","h":"Est","s":"25S-H55S000A-80-A"},{"r":"144","t":"21:42:34","h":"Est","s":"25N-H55N000S-80-S"},{"r":"144","t":"21:42:34","h":"Est","s":"25N-H55N000S-82-S"},{"r":"144","t":"21:42:34","h":"Est","s":"25N-H55NV10S-85-S"},{"r":"144","t":"21:42:34","h":"Est","s":"25N-H55NV20S-81-S"},{"r":"144","t":"21:42:34","h":"Est","s":"25S-H55S000S-82-S"},{"r":"144","t":"21:58:46","h":"Est","s":"25N-H55N000I-80-I"},{"r":"144","t":"21:58:46","h":"Est","s":"25N-H55N100F-80-F1"},{"r":"144","t":"21:58:46","h":"Est","s":"25N-H55N200F-80-F2"},{"r":"144","t":"21:58:46","h":"Est","s":"25N-H55N300F-80-F3"},{"r":"144","t":"21:58:46","h":"Est","s":"25N-H55N400F-80-F4"},{"r":"144","t":"21:58:46","h":"Est","s":"25N-H55NV10I-80-I"},{"r":"144","t":"21:58:46","h":"Est","s":"25N-H55NV20I-80-I"},{"r":"144","t":"21:58:46","h":"Est","s":"25S-H55S000I-80-I"},{"r":"144","t":"21:58:46","h":"Est","s":"25S-H55S100F-80-F1"},{"r":"144","t":"21:58:46","h":"Est","s":"25S-H55S200F-80-F2"},{"r":"144","t":"22:03:10","h":"Est","s":"25N-H55N000A-80-A"},{"r":"144","t":"22:03:10","h":"Est","s":"25N-H55NV10A-80-A"},{"r":"144","t":"22:03:10","h":"Est","s":"25N-H55NV20A-80-A"},{"r":"144","t":"22:03:10","h":"Est","s":"25S-H55S000A-80-A"},{"r":"144","t":"22:11:34","h":"Est","s":"25N-H55N000S-80-S"},{"r":"144","t":"22:11:34","h":"Est","s":"25N-H55N000S-82-S"},{"r":"144","t":"22:11:34","h":"Est","s":"25N-H55NV10S-85-S"},{"r":"144","t":"22:11:34","h":"Est","s":"25N-H55NV20S-81-S"},{"r":"144","t":"22:11:34","h":"Est","s":"25S-H55S000S-82-S"},{"r":"144","t":"22:20:46","h":"Est","s":"25N-H55N000I-80-I"},{"r":"144","t":"22:20:46","h":"Est","s":"25N-H55N100F-80-F1"},{"r":"144","t":"22:20:46","h":"Est","s":"25N-H55N200F-80-F2"},{"r":"144","t":"22:20:46","h":"Est","s":"25N-H55N300F-80-F3"},{"r":"144","t":"22:20:46","h":"Est","s":"25N-H55N400F-80-F4"},{"r":"144","t":"22:20:46","h":"Est","s":"25N-H55NV10I-80-I"},{"r":"144","t":"22:20:46","h":"Est","s":"25N-H55NV20I-80-I"},{"r":"144","t":"22:20:46","h":"Est","s":"25S-H55S000I-80-I"},{"r":"144","t":"22:20:46","h":"Est","s":"25S-H55S100F-80-F1"},{"r":"144","t":"22:20:46","h":"Est","s":"25S-H55S200F-80-F2"},{"r":"144","t":"22:27:10","h":"Est","s":"25N-H55N000A-80-A"},{"r":"144","t":"22:27:10","h":"Est","s":"25N-H55NV10A-80-A"},{"r":"144","t":"22:27:10","h":"Est","s":"25N-H55NV20A-80-A"},{"r":"144","t":"22:27:10","h":"Est","s":"25S-H55S000A-80-A"},{"r":"144","t":"22:41:34","h":"Est","s":"25N-H55N000S-80-S"},{"r":"144","t":"22:41:34","h":"Est","s":"25N-H55N000S-82-S"},{"r":"144","t":"22:41:34","h":"Est","s":"25N-H55NV10S-85-S"},{"r":"144","t":"22:41:34","h":"Est","s":"25N-H55NV20S-81-S"},{"r":"144","t":"22:41:34","h":"Est","s":"25S-H55S000S-82-S"},{"r":"144","t":"22:42:46","h":"Est","s":"25N-H55N000I-80-I"},{"r":"144","t":"22:42:46","h":"Est","s":"25N-H55N100F-80-F1"},{"r":"144","t":"22:42:46","h":"Est","s":"25N-H55N200F-80-F2"},{"r":"144","t":"22:42:46","h":"Est","s":"25N-H55N300F-80-F3"},{"r":"144","t":"22:42:46","h":"Est","s":"25N-H55N400F-80-F4"},{"r":"144","t":"22:42:46","h":"Est","s":"25N-H55NV10I-80-I"},{"r":"144","t":"22:42:46","h":"Est","s":"25N-H55NV20I-80-I"},{"r":"144","t":"22:42:46","h":"Est","s":"25S-H55S000I-80-I"},{"r":"144","t":"22:42:46","h":"Est","s":"25S-H55S100F-80-F1"},{"r":"144","t":"22:42:46","h":"Est","s":"25S-H55S200F-80-F2"},{"r":"144","t":"22:49:10","h":"Est","s":"25N-H55N000A-80-A"},{"r":"144","t":"22:49:10","h":"Est","s":"25N-H55NV10A-80-A"},{"r":"144","t":"22:49:10","h":"Est","s":"25N-H55NV20A-80-A"},{"r":"144","t":"22:49:10","h":"Est","s":"25S-H55S000A-80-A"},{"r":"144","t":"23:04:46","h":"Est","s":"25N-H55N000I-80-I"},{"r":"144","t":"23:04:46","h":"Est","s":"25N-H55N100F-80-F1"},{"r":"144","t":"23:04:46","h":"Est","s":"25N-H55N200F-80-F2"},{"r":"144","t":"23:04:46","h":"Est","s":"25N-H55N300F-80-F3"},{"r":"144","t":"23:04:46","h":"Est","s":"25N-H55N400F-80-F4"},{"r":"144","t":"23:04:46","h":"Est","s":"25N-H55NV10I-80-I"},{"r":"144","t":"23:04:46","h":"Est","s":"25N-H55NV20I-80-I"},{"r":"144","t":"23:04:46","h":"Est","s":"25S-H55S000I-80-I"},{"r":"144","t":"23:04:46","h":"Est","s":"25S-H55S100F-80-F1"},{"r":"144","t":"23:04:46","h":"Est","s":"25S-H55S200F-80-F2"},{"r":"144","t":"23:11:10","h":"Est","s":"25N-H55N000A-80-A"},{"r":"144","t":"23:11:10","h":"Est","s":"25N-H55NV10A-80-A"},{"r":"144","t":"23:11:10","h":"Est","s":"25N-H55NV20A-80-A"},{"r":"144","t":"23:11:10","h":"Est","s":"25S-H55S000A-80-A"},{"r":"144","t":"23:11:34","h":"Est","s":"25N-H55N000S-80-S"},{"r":"144","t":"23:11:34","h":"Est","s":"25N-H55N000S-82-S"},{"r":"144","t":"23:11:34","h":"Est","s":"25N-H55NV10S-85-S"},{"r":"144","t":"23:11:34","h":"Est","s":"25N-H55NV20S-81-S"},{"r":"144","t":"23:11:34","h":"Est","s":"25S-H55S000S-82-S"},{"r":"144","t":"23:26:46","h":"Est","s":"25N-H55N000I-80-I"},{"r":"144","t":"23:26:46","h":"Est","s":"25N-H55N100F-80-F1"},{"r":"144","t":"23:26:46","h":"Est","s":"25N-H55N200F-80-F2"},{"r":"144","t":"23:26:46","h":"Est","s":"25N-H55N300F-80-F3"},{"r":"144","t":"23:26:46","h":"Est","s":"25N-H55N400F-80-F4"},{"r":"144","t":"23:26:46","h":"Est","s":"25N-H55NV10I-80-I"},{"r":"144","t":"23:26:46","h":"Est","s":"25N-H55NV20I-80-I"},{"r":"144","t":"23:26:46","h":"Est","s":"25S-H55S000I-80-I"},{"r":"144","t":"23:26:46","h":"Est","s":"25S-H55S100F-80-F1"},{"r":"144","t":"23:26:46","h":"Est","s":"25S-H55S200F-80-F2"},{"r":"144","t":"23:33:10","h":"Est","s":"25N-H55N000A-80-A"},{"r":"144","t":"23:33:10","h":"Est","s":"25N-H55NV10A-80-A"},{"r":"144","t":"23:33:10","h":"Est","s":"25N-H55NV20A-80-A"},{"r":"144","t":"23:33:10","h":"Est","s":"25S-H55S000A-80-A"},{"r":"144","t":"23:41:34","h":"Est","s":"25N-H55N000S-80-S"},{"r":"144","t":"23:41:34","h":"Est","s":"25N-H55N000S-82-S"},{"r":"144","t":"23:41:34","h":"Est","s":"25N-H55NV10S-85-S"},{"r":"144","t":"23:41:34","h":"Est","s":"25N-H55NV20S-81-S"},{"r":"144","t":"23:41:34","h":"Est","s":"25S-H55S000S-82-S"},{"r":"144","t":"23:48:46","h":"Est","s":"25N-H55N000I-80-I"},{"r":"144","t":"23:48:46","h":"Est","s":"25N-H55N100F-80-F1"},{"r":"144","t":"23:48:46","h":"Est","s":"25N-H55N200F-80-F2"},{"r":"144","t":"23:48:46","h":"Est","s":"25N-H55N300F-80-F3"},{"r":"144","t":"23:48:46","h":"Est","s":"25N-H55N400F-80-F4"},{"r":"144","t":"23:48:46","h":"Est","s":"25N-H55NV10I-80-I"},{"r":"144","t":"23:48:46","h":"Est","s":"25N-H55NV20I-80-I"},{"r":"144","t":"23:48:46","h":"Est","s":"25S-H55S000I-80-I"},{"r":"144","t":"23:48:46","h":"Est","s":"25S-H55S100F-80-F1"},{"r":"144","t":"23:48:46","h":"Est","s":"25S-H55S200F-80-F2"},{"r":"144","t":"23:54:10","h":"Est","s":"25N-H55N000A-80-A"},{"r":"144","t":"23:54:10","h":"Est","s":"25N-H55NV10A-80-A"},{"r":"144","t":"23:54:10","h":"Est","s":"25N-H55NV20A-80-A"},{"r":"144","t":"23:54:10","h":"Est","s":"25S-H55S000A-80-A"},{"r":"144","t":"24:10:34","h":"Est","s":"25N-H55N000S-80-S"},{"r":"144","t":"24:10:34","h":"Est","s":"25N-H55N000S-82-S"},{"r":"144","t":"24:10:34","h":"Est","s":"25N-H55NV10S-85-S"},{"r":"144","t":"24:10:34","h":"Est","s":"25N-H55NV20S-81-S"},{"r":"144","t":"24:10:34","h":"Est","s":"25S-H55S000S-82-S"},{"r":"144","t":"24:10:46","h":"Est","s":"25N-H55N000I-80-I"},{"r":"144","t":"24:10:46","h":"Est","s":"25N-H55N100F-80-F1"},{"r":"144","t":"24:10:46","h":"Est","s":"25N-H55N200F-80-F2"},{"r":"144","t":"24:10:46","h":"Est","s":"25N-H55N300F-80-F3"},{"r":"144","t":"24:10:46","h":"Est","s":"25N-H55N400F-80-F4"},{"r":"144","t":"24:10:46","h":"Est","s":"25N-H55NV10I-80-I"},{"r":"144","t":"24:10:46","h":"Est","s":"25N-H55NV20I-80-I"},{"r":"144","t":"24:10:46","h":"Est","s":"25S-H55S000I-80-I"},{"r":"144","t":"24:10:46","h":"Est","s":"25S-H55S100F-80-F1"},{"r":"144","t":"24:10:46","h":"Est","s":"25S-H55S200F-80-F2"},{"r":"144","t":"24:16:10","h":"Est","s":"25N-H55N000A-80-A"},{"r":"144","t":"24:16:10","h":"Est","s":"25N-H55NV10A-80-A"},{"r":"144","t":"24:16:10","h":"Est","s":"25N-H55NV20A-80-A"},{"r":"144","t":"24:16:10","h":"Est","s":"25S-H55S000A-80-A"},{"r":"144","t":"24:30:58","h":"Est","s":"25N-H55N000I-80-I"},{"r":"144","t":"24:30:58","h":"Est","s":"25N-H55N100F-80-F1"},{"r":"144","t":"24:30:58","h":"Est","s":"25N-H55N200F-80-F2"},{"r":"144","t":"24:30:58","h":"Est","s":"25N-H55N300F-80-F3"},{"r":"144","t":"24:30:58","h":"Est","s":"25N-H55N400F-80-F4"},{"r":"144","t":"24:30:58","h":"Est","s":"25N-H55NV10I-80-I"},{"r":"144","t":"24:30:58","h":"Est","s":"25N-H55NV20I-80-I"},{"r":"144","t":"24:30:58","h":"Est","s":"25S-H55S000I-80-I"},{"r":"144","t":"24:30:58","h":"Est","s":"25S-H55S100F-80-F1"},{"r":"144","t":"24:30:58","h":"Est","s":"25S-H55S200F-80-F2"},{"r":"144","t":"24:37:10","h":"Est","s":"25N-H55N000A-80-A"},{"r":"144","t":"24:37:10","h":"Est","s":"25N-H55NV10A-80-A"},{"r":"144","t":"24:37:10","h":"Est","s":"25N-H55NV20A-80-A"},{"r":"144","t":"24:37:10","h":"Est","s":"25S-H55S000A-80-A"},{"r":"144","t":"24:39:23","h":"Est","s":"25N-H55N000S-80-S"},{"r":"144","t":"24:39:23","h":"Est","s":"25N-H55N000S-82-S"},{"r":"144","t":"24:39:23","h":"Est","s":"25N-H55NV10S-85-S"},{"r":"144","t":"24:39:23","h":"Est","s":"25N-H55NV20S-81-S"},{"r":"144","t":"24:39:23","h":"Est","s":"25S-H55S000S-82-S"},{"r":"144","t":"24:52:23","h":"Est","s":"25N-H55N000I-80-I"},{"r":"144","t":"24:52:23","h":"Est","s":"25N-H55N100F-80-F1"},{"r":"144","t":"24:52:23","h":"Est","s":"25N-H55N200F-80-F2"},{"r":"144","t":"24:52:23","h":"Est","s":"25N-H55N300F-80-F3"},{"r":"144","t":"24:52:23","h":"Est","s":"25N-H55N400F-80-F4"},{"r":"144","t":"24:52:23","h":"Est","s":"25N-H55NV10I-80-I"},{"r":"144","t":"24:52:23","h":"Est","s":"25N-H55NV20I-80-I"},{"r":"144","t":"24:52:23","h":"Est","s":"25S-H55S000I-80-I"},{"r":"144","t":"24:52:23","h":"Est","s":"25S-H55S100F-80-F1"},{"r":"144","t":"24:52:23","h":"Est","s":"25S-H55S200F-80-F2"},{"r":"144","t":"24:58:10","h":"Est","s":"25N-H55N000A-80-A"},{"r":"144","t":"24:58:10","h":"Est","s":"25N-H55NV10A-80-A"},{"r":"144","t":"24:58:10","h":"Est","s":"25N-H55NV20A-80-A"},{"r":"144","t":"24:58:10","h":"Est","s":"25S-H55S000A-80-A"},{"r":"144","t":"25:09:23","h":"Est","s":"25N-H55N000S-80-S"},{"r":"144","t":"25:09:23","h":"Est","s":"25N-H55N000S-82-S"},{"r":"144","t":"25:09:23","h":"Est","s":"25N-H55NV10S-85-S"},{"r":"144","t":"25:09:23","h":"Est","s":"25N-H55NV20S-81-S"},{"r":"144","t":"25:09:23","h":"Est","s":"25S-H55S000S-82-S"},{"r":"144","t":"25:15:23","h":"Est","s":"25N-H55N000I-80-I"},{"r":"144","t":"25:15:23","h":"Est","s":"25N-H55N100F-80-F1"},{"r":"144","t":"25:15:23","h":"Est","s":"25N-H55N200F-80-F2"},{"r":"144","t":"25:15:23","h":"Est","s":"25N-H55N300F-80-F3"},{"r":"144","t":"25:15:23","h":"Est","s":"25N-H55N400F-80-F4"},{"r":"144","t":"25:15:23","h":"Est","s":"25N-H55NV10I-80-I"},{"r":"144","t":"25:15:23","h":"Est","s":"25N-H55NV20I-80-I"},{"r":"144","t":"25:15:23","h":"Est","s":"25S-H55S000I-80-I"},{"r":"144","t":"25:15:23","h":"Est","s":"25S-H55S100F-80-F1"},{"r":"144","t":"25:15:23","h":"Est","s":"25S-H55S200F-80-F2"},{"r":"144","t":"25:19:10","h":"Est","s":"25N-H55N000A-80-A"},{"r":"144","t":"25:19:10","h":"Est","s":"25N-H55NV10A-80-A"},{"r":"144","t":"25:19:10","h":"Est","s":"25N-H55NV20A-80-A"},{"r":"144","t":"25:19:10","h":"Est","s":"25S-H55S000A-80-A"},{"r":"144","t":"25:38:23","h":"Est","s":"25N-H55N000I-80-I"},{"r":"144","t":"25:38:23","h":"Est","s":"25N-H55N100F-80-F1"},{"r":"144","t":"25:38:23","h":"Est","s":"25N-H55N200F-80-F2"},{"r":"144","t":"25:38:23","h":"Est","s":"25N-H55N300F-80-F3"},{"r":"144","t":"25:38:23","h":"Est","s":"25N-H55N400F-80-F4"},{"r":"144","t":"25:38:23","h":"Est","s":"25N-H55NV10I-80-I"},{"r":"144","t":"25:38:23","h":"Est","s":"25N-H55NV20I-80-I"},{"r":"144","t":"25:38:23","h":"Est","s":"25S-H55S000I-80-I"},{"r":"144","t":"25:38:23","h":"Est","s":"25S-H55S100F-80-F1"},{"r":"144","t":"25:38:23","h":"Est","s":"25S-H55S200F-80-F2"},{"r":"144","t":"25:39:10","h":"Est","s":"25N-H55N000A-80-A"},{"r":"144","t":"25:39:10","h":"Est","s":"25N-H55NV10A-80-A"},{"r":"144","t":"25:39:10","h":"Est","s":"25N-H55NV20A-80-A"},{"r":"144","t":"25:39:10","h":"Est","s":"25S-H55S000A-80-A"},{"r":"144","t":"25:39:23","h":"Est","s":"25N-H55N000S-80-S"},{"r":"144","t":"25:39:23","h":"Est","s":"25N-H55N000S-82-S"},{"r":"144","t":"25:39:23","h":"Est","s":"25N-H55NV10S-85-S"},{"r":"144","t":"25:39:23","h":"Est","s":"25N-H55NV20S-81-S"},{"r":"144","t":"25:39:23","h":"Est","s":"25S-H55S000S-82-S"},{"r":"360","t":"26:09:34","h":"Est","s":"25N-H56N000I-80-I"},{"r":"360","t":"26:09:34","h":"Est","s":"25N-H56N100F-80-F1"},{"r":"360","t":"26:09:34","h":"Est","s":"25N-H56N200F-80-F2"},{"r":"360","t":"26:09:34","h":"Est","s":"25N-H56N300F-80-F3"},{"r":"360","t":"26:09:34","h":"Est","s":"25N-H56N400F-80-F4"},{"r":"360","t":"26:09:34","h":"Est","s":"25N-H56NV10I-80-I"},{"r":"360","t":"26:09:34","h":"Est","s":"25N-H56NV20I-80-I"},{"r":"360","t":"26:09:34","h":"Est","s":"25S-H56S000I-80-I"},{"r":"360","t":"26:09:34","h":"Est","s":"25S-H56S100F-80-F1"},{"r":"360","t":"26:09:34","h":"Est","s":"25S-H56S200F-81-F2"},{"r":"360","t":"26:10:34","h":"Est","s":"25N-H56N000S-80-S"},{"r":"360","t":"26:10:34","h":"Est","s":"25N-H56NV10S-80-S"},{"r":"360","t":"26:10:34","h":"Est","s":"25N-H56NV20S-80-S"},{"r":"360","t":"26:10:34","h":"Est","s":"25S-H56S000S-80-S"},{"r":"360","t":"26:10:58","h":"Est","s":"25N-H56N000A-80-A"},{"r":"360","t":"26:10:58","h":"Est","s":"25N-H56NV10A-80-A"},{"r":"360","t":"26:10:58","h":"Est","s":"25N-H56NV20A-80-A"},{"r":"360","t":"26:10:58","h":"Est","s":"25S-H56S000A-80-A"},{"r":"360","t":"26:52:58","h":"Est","s":"25N-H56N000A-80-A"},{"r":"360","t":"26:52:58","h":"Est","s":"25N-H56NV10A-80-A"},{"r":"360","t":"26:52:58","h":"Est","s":"25N-H56NV20A-80-A"},{"r":"360","t":"26:52:58","h":"Est","s":"25S-H56S000A-80-A"},{"r":"360","t":"26:54:34","h":"Est","s":"25N-H56N000I-80-I"},{"r":"360","t":"26:54:34","h":"Est","s":"25N-H56N100F-80-F1"},{"r":"360","t":"26:54:34","h":"Est","s":"25N-H56N200F-80-F2"},{"r":"360","t":"26:54:34","h":"Est","s":"25N-H56N300F-80-F3"},{"r":"360","t":"26:54:34","h":"Est","s":"25N-H56N400F-80-F4"},{"r":"360","t":"26:54:34","h":"Est","s":"25N-H56NV10I-80-I"},{"r":"360","t":"26:54:34","h":"Est","s":"25N-H56NV20I-80-I"},{"r":"360","t":"26:54:34","h":"Est","s":"25S-H56S000I-80-I"},{"r":"360","t":"26:54:34","h":"Est","s":"25S-H56S100F-80-F1"},{"r":"360","t":"26:54:34","h":"Est","s":"25S-H56S200F-81-F2"},{"r":"360","t":"26:55:34","h":"Est","s":"25N-H56N000S-80-S"},{"r":"360","t":"26:55:34","h":"Est","s":"25N-H56NV10S-80-S"},{"r":"360","t":"26:55:34","h":"Est","s":"25N-H56NV20S-80-S"},{"r":"360","t":"26:55:34","h":"Est","s":"25S-H56S000S-80-S"},{"r":"360","t":"27:37:58","h":"Est","s":"25N-H56N000A-80-A"},{"r":"360","t":"27:37:58","h":"Est","s":"25N-H56NV10A-80-A"},{"r":"360","t":"27:37:58","h":"Est","s":"25N-H56NV20A-80-A"},{"r":"360","t":"27:37:58","h":"Est","s":"25S-H56S000A-80-A"},{"r":"360","t":"27:39:34","h":"Est","s":"25N-H56N000I-80-I"},{"r":"360","t":"27:39:34","h":"Est","s":"25N-H56N100F-80-F1"},{"r":"360","t":"27:39:34","h":"Est","s":"25N-H56N200F-80-F2"},{"r":"360","t":"27:39:34","h":"Est","s":"25N-H56N300F-80-F3"},{"r":"360","t":"27:39:34","h":"Est","s":"25N-H56N400F-80-F4"},{"r":"360","t":"27:39:34","h":"Est","s":"25N-H56NV10I-80-I"},{"r":"360","t":"27:39:34","h":"Est","s":"25N-H56NV20I-80-I"},{"r":"360","t":"27:39:34","h":"Est","s":"25S-H56S000I-80-I"},{"r":"360","t":"27:39:34","h":"Est","s":"25S-H56S100F-80-F1"},{"r":"360","t":"27:39:34","h":"Est","s":"25S-H56S200F-81-F2"},{"r":"360","t":"27:40:34","h":"Est","s":"25N-H56N000S-80-S"},{"r":"360","t":"27:40:34","h":"Est","s":"25N-H56NV10S-80-S"},{"r":"360","t":"27:40:34","h":"Est","s":"25N-H56NV20S-80-S"},{"r":"360","t":"27:40:34","h":"Est","s":"25S-H56S000S-80-S"},{"r":"360","t":"28:23:34","h":"Est","s":"25N-H56N000I-80-I"},{"r":"360","t":"28:23:34","h":"Est","s":"25N-H56N100F-80-F1"},{"r":"360","t":"28:23:34","h":"Est","s":"25N-H56N200F-80-F2"},{"r":"360","t":"28:23:34","h":"Est","s":"25N-H56N300F-80-F3"},{"r":"360","t":"28:23:34","h":"Est","s":"25N-H56N400F-80-F4"},{"r":"360","t":"28:23:34","h":"Est","s":"25N-H56NV10I-80-I"},{"r":"360","t":"28:23:34","h":"Est","s":"25N-H56NV20I-80-I"},{"r":"360","t":"28:23:34","h":"Est","s":"25S-H56S000I-80-I"},{"r":"360","t":"28:23:34","h":"Est","s":"25S-H56S100F-80-F1"},{"r":"360","t":"28:23:34","h":"Est","s":"25S-H56S200F-81-F2"},{"r":"360","t":"28:23:58","h":"Est","s":"25N-H56N000A-80-A"},{"r":"360","t":"28:23:58","h":"Est","s":"25N-H56NV10A-80-A"},{"r":"360","t":"28:23:58","h":"Est","s":"25N-H56NV20A-80-A"},{"r":"360","t":"28:23:58","h":"Est","s":"25S-H56S000A-80-A"},{"r":"360","t":"28:25:34","h":"Est","s":"25N-H56N000S-80-S"},{"r":"360","t":"28:25:34","h":"Est","s":"25N-H56NV10S-80-S"},{"r":"360","t":"28:25:34","h":"Est","s":"25N-H56NV20S-80-S"},{"r":"360","t":"28:25:34","h":"Est","s":"25S-H56S000S-80-S"},{"r":"360","t":"29:09:58","h":"Est","s":"25N-H56N000A-80-A"},{"r":"360","t":"29:09:58","h":"Est","s":"25N-H56N000S-80-S"},{"r":"360","t":"29:09:58","h":"Est","s":"25N-H56NV10A-80-A"},{"r":"360","t":"29:09:58","h":"Est","s":"25N-H56NV10S-80-S"},{"r":"360","t":"29:09:58","h":"Est","s":"25N-H56NV20A-80-A"},{"r":"360","t":"29:09:58","h":"Est","s":"25N-H56NV20S-80-S"},{"r":"360","t":"29:09:58","h":"Est","s":"25S-H56S000A-80-A"},{"r":"360","t":"29:09:58","h":"Est","s":"25S-H56S000S-80-S"},{"r":"360","t":"29:10:34","h":"Est","s":"25N-H56N000I-80-I"},{"r":"360","t":"29:10:34","h":"Est","s":"25N-H56N100F-80-F1"},{"r":"360","t":"29:10:34","h":"Est","s":"25N-H56N200F-80-F2"},{"r":"360","t":"29:10:34","h":"Est","s":"25N-H56N300F-80-F3"},{"r":"360","t":"29:10:34","h":"Est","s":"25N-H56N400F-80-F4"},{"r":"360","t":"29:10:34","h":"Est","s":"25N-H56NV10I-80-I"},{"r":"360","t":"29:10:34","h":"Est","s":"25N-H56NV20I-80-I"},{"r":"360","t":"29:10:34","h":"Est","s":"25S-H56S000I-80-I"},{"r":"360","t":"29:10:34","h":"Est","s":"25S-H56S100F-80-F1"},{"r":"360","t":"29:10:34","h":"Est","s":"25S-H56S200F-81-F2"}]