[{"r":"164","t":"05:47:24","h":"Est","s":"25N-H60N000S-80-S"},{"r":"164","t":"05:47:24","h":"Est","s":"25N-H60N000S-98-S"},{"r":"164","t":"05:47:24","h":"Est","s":"25N-H60NV10S-98-S"},{"r":"164","t":"05:47:24","h":"Est","s":"25N-H60NV20S-98-S"},{"r":"164","t":"05:47:24","h":"Est","s":"25S-H60S000S-80-S"},{"r":"164","t":"05:50:24","h":"Est","s":"25N-H60N000I-80-I"},{"r":"164","t":"05:50:24","h":"Est","s":"25N-H60N100F-81-F1"},{"r":"164","t":"05:50:24","h":"Est","s":"25N-H60N200F-81-F2"},{"r":"164","t":"05:50:24","h":"Est","s":"25N-H60N300F-82-F3"},{"r":"164","t":"05:50:24","h":"Est","s":"25N-H60N400F-81-F4"},{"r":"164","t":"05:50:24","h":"Est","s":"25N-H60NV10I-80-I"},{"r":"164","t":"05:50:24","h":"Est","s":"25N-H60NV20I-80-I"},{"r":"164","t":"05:50:24","h":"Est","s":"25S-H60S000I-80-I"},{"r":"164","t":"05:50:24","h":"Est","s":"25S-H60S100F-82-F1"},{"r":"164","t":"05:50:24","h":"Est","s":"25S-H60S200F-81-F2"},{"r":"164","t":"05:56:24","h":"Est","s":"25N-H60N000A-80-A"},{"r":"164","t":"05:56:24","h":"Est","s":"25N-H60NV10A-80-A"},{"r":"164","t":"05:56:24","h":"Est","s":"25N-H60NV20A-80-A"},{"r":"164","t":"05:56:24","h":"Est","s":"25S-H60S000A-80-A"},{"r":"164","t":"06:16:24","h":"Est","s":"25N-H60N000S-80-S"},{"r":"164","t":"06:16:24","h":"Est","s":"25N-H60N000S-98-S"},{"r":"164","t":"06:16:24","h":"Est","s":"25N-H60NV10S-98-S"},{"r":"164","t":"06:16:24","h":"Est","s":"25N-H60NV20S-98-S"},{"r":"164","t":"06:16:24","h":"Est","s":"25S-H60S000S-80-S"},{"r":"164","t":"06:27:24","h":"Est","s":"25N-H60N000I-80-I"},{"r":"164","t":"06:27:24","h":"Est","s":"25N-H60N100F-81-F1"},{"r":"164","t":"06:27:24","h":"Est","s":"25N-H60N200F-81-F2"},{"r":"164","t":"06:27:24","h":"Est","s":"25N-H60N300F-82-F3"},{"r":"164","t":"06:27:24","h":"Est","s":"25N-H60N400F-81-F4"},{"r":"164","t":"06:27:24","h":"Est","s":"25N-H60NV10I-80-I"},{"r":"164","t":"06:27:24","h":"Est","s":"25N-H60NV20I-80-I"},{"r":"164","t":"06:27:24","h":"Est","s":"25S-H60S000I-80-I"},{"r":"164","t":"06:27:24","h":"Est","s":"25S-H60S100F-82-F1"},{"r":"164","t":"06:27:24","h":"Est","s":"25S-H60S200F-81-F2"},{"r":"164","t":"06:33:24","h":"Est","s":"25N-H60N000A-80-A"},{"r":"164","t":"06:33:24","h":"Est","s":"25N-H60NV10A-80-A"},{"r":"164","t":"06:33:24","h":"Est","s":"25N-H60NV20A-80-A"},{"r":"164","t":"06:33:24","h":"Est","s":"25S-H60S000A-80-A"},{"r":"164","t":"06:44:10","h":"Est","s":"25N-H60N000S-80-S"},{"r":"164","t":"06:44:10","h":"Est","s":"25N-H60N000S-98-S"},{"r":"164","t":"06:44:10","h":"Est","s":"25N-H60NV10S-98-S"},{"r":"164","t":"06:44:10","h":"Est","s":"25N-H60NV20S-98-S"},{"r":"164","t":"06:44:10","h":"Est","s":"25S-H60S000S-80-S"},{"r":"164","t":"06:56:10","h":"Est","s":"25N-H60N000S-80-S"},{"r":"164","t":"06:56:10","h":"Est","s":"25N-H60N000S-98-S"},{"r":"164","t":"06:56:10","h":"Est","s":"25N-H60NV10S-98-S"},{"r":"164","t":"06:56:10","h":"Est","s":"25N-H60NV20S-98-S"},{"r":"164","t":"06:56:10","h":"Est","s":"25S-H60S000S-80-S"},{"r":"164","t":"07:05:24","h":"Est","s":"25N-H60N000I-80-I"},{"r":"164","t":"07:05:24","h":"Est","s":"25N-H60N100F-81-F1"},{"r":"164","t":"07:05:24","h":"Est","s":"25N-H60N200F-81-F2"},{"r":"164","t":"07:05:24","h":"Est","s":"25N-H60N300F-82-F3"},{"r":"164","t":"07:05:24","h":"Est","s":"25N-H60N400F-81-F4"},{"r":"164","t":"07:05:24","h":"Est","s":"25N-H60NV10I-80-I"},{"r":"164","t":"07:05:24","h":"Est","s":"25N-H60NV20I-80-I"},{"r":"164","t":"07:05:24","h":"Est","s":"25S-H60S000I-80-I"},{"r":"164","t":"07:05:24","h":"Est","s":"25S-H60S100F-82-F1"},{"r":"164","t":"07:05:24","h":"Est","s":"25S-H60S200F-81-F2"},{"r":"164","t":"07:07:10","h":"Est","s":"25N-H60N000S-80-S"},{"r":"164","t":"07:07:10","h":"Est","s":"25N-H60N000S-98-S"},{"r":"164","t":"07:07:10","h":"Est","s":"25N-H60NV10S-98-S"},{"r":"164","t":"07:07:10","h":"Est","s":"25N-H60NV20S-98-S"},{"r":"164","t":"07:07:10","h":"Est","s":"25S-H60S000S-80-S"},{"r":"164","t":"07:09:24","h":"Est","s":"25N-H60N000A-80-A"},{"r":"164","t":"07:09:24","h":"Est","s":"25N-H60NV10A-80-A"},{"r":"164","t":"07:09:24","h":"Est","s":"25N-H60NV20A-80-A"},{"r":"164","t":"07:09:24","h":"Est","s":"25S-H60S000A-80-A"},{"r":"164","t":"07:18:56","h":"Est","s":"25N-H60N000S-80-S"},{"r":"164","t":"07:18:56","h":"Est","s":"25N-H60N000S-98-S"},{"r":"164","t":"07:18:56","h":"Est","s":"25N-H60NV10S-98-S"},{"r":"164","t":"07:18:56","h":"Est","s":"25N-H60NV20S-98-S"},{"r":"164","t":"07:18:56","h":"Est","s":"25S-H60S000S-80-S"},{"r":"164","t":"07:31:56","h":"Est","s":"25N-H60N000S-80-S"},{"r":"164","t":"07:31:56","h":"Est","s":"25N-H60N000S-98-S"},{"r":"164","t":"07:31:56","h":"Est","s":"25N-H60NV10S-98-S"},{"r":"164","t":"07:31:56","h":"Est","s":"25N-H60NV20S-98-S"},{"r":"164","t":"07:31:56","h":"Est","s":"25S-H60S000S-80-S"},{"r":"164","t":"07:42:24","h":"Est","s":"25N-H60N000I-80-I"},{"r":"164","t":"07:42:24","h":"Est","s":"25N-H60N100F-81-F1"},{"r":"164","t":"07:42:24","h":"Est","s":"25N-H60N200F-81-F2"},{"r":"164","t":"07:42:24","h":"Est","s":"25N-H60N300F-82-F3"},{"r":"164","t":"07:42:24","h":"Est","s":"25N-H60N400F-81-F4"},{"r":"164","t":"07:42:24","h":"Est","s":"25N-H60NV10I-80-I"},{"r":"164","t":"07:42:24","h":"Est","s":"25N-H60NV20I-80-I"},{"r":"164","t":"07:42:24","h":"Est","s":"25S-H60S000I-80-I"},{"r":"164","t":"07:42:24","h":"Est","s":"25S-H60S100F-82-F1"},{"r":"164","t":"07:42:24","h":"Est","s":"25S-H60S200F-81-F2"},{"r":"164","t":"07:44:56","h":"Est","s":"25N-H60N000S-80-S"},{"r":"164","t":"07:44:56","h":"Est","s":"25N-H60N000S-98-S"},{"r":"164","t":"07:44:56","h":"Est","s":"25N-H60NV10S-98-S"},{"r":"164","t":"07:44:56","h":"Est","s":"25N-H60NV20S-98-S"},{"r":"164","t":"07:44:56","h":"Est","s":"25S-H60S000S-80-S"},{"r":"164","t":"07:45:24","h":"Est","s":"25N-H60N000A-80-A"},{"r":"164","t":"07:45:24","h":"Est","s":"25N-H60NV10A-80-A"},{"r":"164","t":"07:45:24","h":"Est","s":"25N-H60NV20A-80-A"},{"r":"164","t":"07:45:24","h":"Est","s":"25S-H60S000A-80-A"},{"r":"164","t":"07:55:56","h":"Est","s":"25N-H60N000S-80-S"},{"r":"164","t":"07:55:56","h":"Est","s":"25N-H60N000S-98-S"},{"r":"164","t":"07:55:56","h":"Est","s":"25N-H60NV10S-98-S"},{"r":"164","t":"07:55:56","h":"Est","s":"25N-H60NV20S-98-S"},{"r":"164","t":"07:55:56","h":"Est","s":"25S-H60S000S-80-S"},{"r":"164","t":"08:06:56","h":"Est","s":"25N-H60N000S-80-S"},{"r":"164","t":"08:06:56","h":"Est","s":"25N-H60N000S-98-S"},{"r":"164","t":"08:06:56","h":"Est","s":"25N-H60NV10S-98-S"},{"r":"164","t":"08:06:56","h":"Est","s":"25N-H60NV20S-98-S"},{"r":"164","t":"08:06:56","h":"Est","s":"25S-H60S000S-80-S"},{"r":"164","t":"08:15:56","h":"Est","s":"25N-H60N000S-80-S"},{"r":"164","t":"08:15:56","h":"Est","s":"25N-H60N000S-98-S"},{"r":"164","t":"08:15:56","h":"Est","s":"25N-H60NV10S-98-S"},{"r":"164","t":"08:15:56","h":"Est","s":"25N-H60NV20S-98-S"},{"r":"164","t":"08:15:56","h":"Est","s":"25S-H60S000S-80-S"},{"r":"164","t":"08:16:24","h":"Est","s":"25N-H60N000A-80-A"},{"r":"164","t":"08:16:24","h":"Est","s":"25N-H60NV10A-80-A"},{"r":"164","t":"08:16:24","h":"Est","s":"25N-H60NV20A-80-A"},{"r":"164","t":"08:16:24","h":"Est","s":"25S-H60S000A-80-A"},{"r":"164","t":"08:20:24","h":"Est","s":"25N-H60N000I-80-I"},{"r":"164","t":"08:20:24","h":"Est","s":"25N-H60N100F-81-F1"},{"r":"164","t":"08:20:24","h":"Est","s":"25N-H60N200F-81-F2"},{"r":"164","t":"08:20:24","h":"Est","s":"25N-H60N300F-82-F3"},{"r":"164","t":"08:20:24","h":"Est","s":"25N-H60N400F-81-F4"},{"r":"164","t":"08:20:24","h":"Est","s":"25N-H60NV10I-80-I"},{"r":"164","t":"08:20:24","h":"Est","s":"25N-H60NV20I-80-I"},{"r":"164","t":"08:20:24","h":"Est","s":"25S-H60S000I-80-I"},{"r":"164","t":"08:20:24","h":"Est","s":"25S-H60S100F-82-F1"},{"r":"164","t":"08:20:24","h":"Est","s":"25S-H60S200F-81-F2"},{"r":"164","t":"08:25:56","h":"Est","s":"25N-H60N000S-80-S"},{"r":"164","t":"08:25:56","h":"Est","s":"25N-H60N000S-98-S"},{"r":"164","t":"08:25:56","h":"Est","s":"25N-H60NV10S-98-S"},{"r":"164","t":"08:25:56","h":"Est","s":"25N-H60NV20S-98-S"},{"r":"164","t":"08:25:56","h":"Est","s":"25S-H60S000S-80-S"},{"r":"164","t":"08:35:56","h":"Est","s":"25N-H60N000S-80-S"},{"r":"164","t":"08:35:56","h":"Est","s":"25N-H60N000S-98-S"},{"r":"164","t":"08:35:56","h":"Est","s":"25N-H60NV10S-98-S"},{"r":"164","t":"08:35:56","h":"Est","s":"25N-H60NV20S-98-S"},{"r":"164","t":"08:35:56","h":"Est","s":"25S-H60S000S-80-S"},{"r":"164","t":"08:44:56","h":"Est","s":"25N-H50N000S-80-S"},{"r":"164","t":"08:44:56","h":"Est","s":"25N-H50N000S-90-S"},{"r":"164","t":"08:44:56","h":"Est","s":"25N-H50NV10S-90-S"},{"r":"164","t":"08:44:56","h":"Est","s":"25N-H50NV20S-90-S"},{"r":"164","t":"08:44:56","h":"Est","s":"25S-H50S000S-81-S"},{"r":"164","t":"08:47:24","h":"Est","s":"25N-H60N000A-80-A"},{"r":"164","t":"08:47:24","h":"Est","s":"25N-H60NV10A-80-A"},{"r":"164","t":"08:47:24","h":"Est","s":"25N-H60NV20A-80-A"},{"r":"164","t":"08:47:24","h":"Est","s":"25S-H60S000A-80-A"},{"r":"164","t":"08:58:24","h":"Est","s":"25N-H60N000I-80-I"},{"r":"164","t":"08:58:24","h":"Est","s":"25N-H60N100F-81-F1"},{"r":"164","t":"08:58:24","h":"Est","s":"25N-H60N200F-81-F2"},{"r":"164","t":"08:58:24","h":"Est","s":"25N-H60N300F-82-F3"},{"r":"164","t":"08:58:24","h":"Est","s":"25N-H60N400F-81-F4"},{"r":"164","t":"08:58:24","h":"Est","s":"25N-H60NV10I-80-I"},{"r":"164","t":"08:58:24","h":"Est","s":"25N-H60NV20I-80-I"},{"r":"164","t":"08:58:24","h":"Est","s":"25S-H60S000I-80-I"},{"r":"164","t":"08:58:24","h":"Est","s":"25S-H60S100F-82-F1"},{"r":"164","t":"08:58:24","h":"Est","s":"25S-H60S200F-81-F2"},{"r":"164","t":"09:02:56","h":"Est","s":"25N-H60N000S-80-S"},{"r":"164","t":"09:02:56","h":"Est","s":"25N-H60N000S-98-S"},{"r":"164","t":"09:02:56","h":"Est","s":"25N-H60NV10S-98-S"},{"r":"164","t":"09:02:56","h":"Est","s":"25N-H60NV20S-98-S"},{"r":"164","t":"09:02:56","h":"Est","s":"25S-H60S000S-80-S"},{"r":"164","t":"09:18:24","h":"Est","s":"25N-H60N000A-80-A"},{"r":"164","t":"09:18:24","h":"Est","s":"25N-H60NV10A-80-A"},{"r":"164","t":"09:18:24","h":"Est","s":"25N-H60NV20A-80-A"},{"r":"164","t":"09:18:24","h":"Est","s":"25S-H60S000A-80-A"},{"r":"164","t":"09:23:56","h":"Est","s":"25N-H60N000S-80-S"},{"r":"164","t":"09:23:56","h":"Est","s":"25N-H60N000S-98-S"},{"r":"164","t":"09:23:56","h":"Est","s":"25N-H60NV10S-98-S"},{"r":"164","t":"09:23:56","h":"Est","s":"25N-H60NV20S-98-S"},{"r":"164","t":"09:23:56","h":"Est","s":"25S-H60S000S-80-S"},{"r":"164","t":"09:37:24","h":"Est","s":"25N-H60N000I-80-I"},{"r":"164","t":"09:37:24","h":"Est","s":"25N-H60N100F-81-F1"},{"r":"164","t":"09:37:24","h":"Est","s":"25N-H60N200F-81-F2"},{"r":"164","t":"09:37:24","h":"Est","s":"25N-H60N300F-82-F3"},{"r":"164","t":"09:37:24","h":"Est","s":"25N-H60N400F-81-F4"},{"r":"164","t":"09:37:24","h":"Est","s":"25N-H60NV10I-80-I"},{"r":"164","t":"09:37:24","h":"Est","s":"25N-H60NV20I-80-I"},{"r":"164","t":"09:37:24","h":"Est","s":"25S-H60S000I-80-I"},{"r":"164","t":"09:37:24","h":"Est","s":"25S-H60S100F-82-F1"},{"r":"164","t":"09:37:24","h":"Est","s":"25S-H60S200F-81-F2"},{"r":"164","t":"09:48:24","h":"Est","s":"25N-H60N000A-80-A"},{"r":"164","t":"09:48:24","h":"Est","s":"25N-H60NV10A-80-A"},{"r":"164","t":"09:48:24","h":"Est","s":"25N-H60NV20A-80-A"},{"r":"164","t":"09:48:24","h":"Est","s":"25S-H60S000A-80-A"},{"r":"164","t":"09:48:56","h":"Est","s":"25N-H58N000S-80-S"},{"r":"164","t":"09:48:56","h":"Est","s":"25N-H58NV10S-80-S"},{"r":"164","t":"09:48:56","h":"Est","s":"25N-H58NV20S-80-S"},{"r":"164","t":"09:48:56","h":"Est","s":"25S-H58S000S-80-S"},{"r":"164","t":"10:14:56","h":"Est","s":"25N-H60N000S-80-S"},{"r":"164","t":"10:14:56","h":"Est","s":"25N-H60N000S-98-S"},{"r":"164","t":"10:14:56","h":"Est","s":"25N-H60NV10S-98-S"},{"r":"164","t":"10:14:56","h":"Est","s":"25N-H60NV20S-98-S"},{"r":"164","t":"10:14:56","h":"Est","s":"25S-H60S000S-80-S"},{"r":"164","t":"10:16:24","h":"Est","s":"25N-H60N000I-80-I"},{"r":"164","t":"10:16:24","h":"Est","s":"25N-H60N100F-81-F1"},{"r":"164","t":"10:16:24","h":"Est","s":"25N-H60N200F-81-F2"},{"r":"164","t":"10:16:24","h":"Est","s":"25N-H60N300F-82-F3"},{"r":"164","t":"10:16:24","h":"Est","s":"25N-H60N400F-81-F4"},{"r":"164","t":"10:16:24","h":"Est","s":"25N-H60NV10I-80-I"},{"r":"164","t":"10:16:24","h":"Est","s":"25N-H60NV20I-80-I"},{"r":"164","t":"10:16:24","h":"Est","s":"25S-H60S000I-80-I"},{"r":"164","t":"10:16:24","h":"Est","s":"25S-H60S100F-82-F1"},{"r":"164","t":"10:16:24","h":"Est","s":"25S-H60S200F-81-F2"},{"r":"164","t":"10:18:24","h":"Est","s":"25N-H60N000A-80-A"},{"r":"164","t":"10:18:24","h":"Est","s":"25N-H60NV10A-80-A"},{"r":"164","t":"10:18:24","h":"Est","s":"25N-H60NV20A-80-A"},{"r":"164","t":"10:18:24","h":"Est","s":"25S-H60S000A-80-A"},{"r":"164","t":"10:42:56","h":"Est","s":"25N-H60N000S-80-S"},{"r":"164","t":"10:42:56","h":"Est","s":"25N-H60N000S-98-S"},{"r":"164","t":"10:42:56","h":"Est","s":"25N-H60NV10S-98-S"},{"r":"164","t":"10:42:56","h":"Est","s":"25N-H60NV20S-98-S"},{"r":"164","t":"10:42:56","h":"Est","s":"25S-H60S000S-80-S"},{"r":"164","t":"10:47:24","h":"Est","s":"25N-H60N000I-80-I"},{"r":"164","t":"10:47:24","h":"Est","s":"25N-H60N100F-81-F1"},{"r":"164","t":"10:47:24","h":"Est","s":"25N-H60N200F-81-F2"},{"r":"164","t":"10:47:24","h":"Est","s":"25N-H60N300F-82-F3"},{"r":"164","t":"10:47:24","h":"Est","s":"25N-H60N400F-81-F4"},{"r":"164","t":"10:47:24","h":"Est","s":"25N-H60NV10I-80-I"},{"r":"164","t":"10:47:24","h":"Est","s":"25N-H60NV20I-80-I"},{"r":"164","t":"10:47:24","h":"Est","s":"25S-H60S000I-80-I"},{"r":"164","t":"10:47:24","h":"Est","s":"25S-H60S100F-82-F1"},{"r":"164","t":"10:47:24","h":"Est","s":"25S-H60S200F-81-F2"},{"r":"164","t":"10:48:24","h":"Est","s":"25N-H60N000A-80-A"},{"r":"164","t":"10:48:24","h":"Est","s":"25N-H60NV10A-80-A"},{"r":"164","t":"10:48:24","h":"Est","s":"25N-H60NV20A-80-A"},{"r":"164","t":"10:48:24","h":"Est","s":"25S-H60S000A-80-A"},{"r":"164","t":"11:10:56","h":"Est","s":"25N-H60N000S-80-S"},{"r":"164","t":"11:10:56","h":"Est","s":"25N-H60N000S-98-S"},{"r":"164","t":"11:10:56","h":"Est","s":"25N-H60NV10S-98-S"},{"r":"164","t":"11:10:56","h":"Est","s":"25N-H60NV20S-98-S"},{"r":"164","t":"11:10:56","h":"Est","s":"25S-H60S000S-80-S"},{"r":"164","t":"11:17:24","h":"Est","s":"25N-H60N000A-80-A"},{"r":"164","t":"11:17:24","h":"Est","s":"25N-H60N000I-80-I"},{"r":"164","t":"11:17:24","h":"Est","s":"25N-H60N100F-81-F1"},{"r":"164","t":"11:17:24","h":"Est","s":"25N-H60N200F-81-F2"},{"r":"164","t":"11:17:24","h":"Est","s":"25N-H60N300F-82-F3"},{"r":"164","t":"11:17:24","h":"Est","s":"25N-H60N400F-81-F4"},{"r":"164","t":"11:17:24","h":"Est","s":"25N-H60NV10A-80-A"},{"r":"164","t":"11:17:24","h":"Est","s":"25N-H60NV10I-80-I"},{"r":"164","t":"11:17:24","h":"Est","s":"25N-H60NV20A-80-A"},{"r":"164","t":"11:17:24","h":"Est","s":"25N-H60NV20I-80-I"},{"r":"164","t":"11:17:24","h":"Est","s":"25S-H60S000A-80-A"},{"r":"164","t":"11:17:24","h":"Est","s":"25S-H60S000I-80-I"},{"r":"164","t":"11:17:24","h":"Est","s":"25S-H60S100F-82-F1"},{"r":"164","t":"11:17:24","h":"Est","s":"25S-H60S200F-81-F2"},{"r":"164","t":"11:38:56","h":"Est","s":"25N-H60N000S-80-S"},{"r":"164","t":"11:38:56","h":"Est","s":"25N-H60N000S-98-S"},{"r":"164","t":"11:38:56","h":"Est","s":"25N-H60NV10S-98-S"},{"r":"164","t":"11:38:56","h":"Est","s":"25N-H60NV20S-98-S"},{"r":"164","t":"11:38:56","h":"Est","s":"25S-H60S000S-80-S"},{"r":"164","t":"11:46:24","h":"Est","s":"25N-H60N000A-80-A"},{"r":"164","t":"11:46:24","h":"Est","s":"25N-H60N000I-80-I"},{"r":"164","t":"11:46:24","h":"Est","s":"25N-H60N100F-81-F1"},{"r":"164","t":"11:46:24","h":"Est","s":"25N-H60N200F-81-F2"},{"r":"164","t":"11:46:24","h":"Est","s":"25N-H60N300F-82-F3"},{"r":"164","t":"11:46:24","h":"Est","s":"25N-H60N400F-81-F4"},{"r":"164","t":"11:46:24","h":"Est","s":"25N-H60NV10A-80-A"},{"r":"164","t":"11:46:24","h":"Est","s":"25N-H60NV10I-80-I"},{"r":"164","t":"11:46:24","h":"Est","s":"25N-H60NV20A-80-A"},{"r":"164","t":"11:46:24","h":"Est","s":"25N-H60NV20I-80-I"},{"r":"164","t":"11:46:24","h":"Est","s":"25S-H60S000A-80-A"},{"r":"164","t":"11:46:24","h":"Est","s":"25S-H60S000I-80-I"},{"r":"164","t":"11:46:24","h":"Est","s":"25S-H60S100F-82-F1"},{"r":"164","t":"11:46:24","h":"Est","s":"25S-H60S200F-81-F2"},{"r":"164","t":"11:58:56","h":"Est","s":"25N-H60N000S-80-S"},{"r":"164","t":"11:58:56","h":"Est","s":"25N-H60N000S-98-S"},{"r":"164","t":"11:58:56","h":"Est","s":"25N-H60NV10S-98-S"},{"r":"164","t":"11:58:56","h":"Est","s":"25N-H60NV20S-98-S"},{"r":"164","t":"11:58:56","h":"Est","s":"25S-H60S000S-80-S"},{"r":"164","t":"12:15:24","h":"Est","s":"25N-H60N000A-80-A"},{"r":"164","t":"12:15:24","h":"Est","s":"25N-H60N000I-80-I"},{"r":"164","t":"12:15:24","h":"Est","s":"25N-H60N100F-81-F1"},{"r":"164","t":"12:15:24","h":"Est","s":"25N-H60N200F-81-F2"},{"r":"164","t":"12:15:24","h":"Est","s":"25N-H60N300F-82-F3"},{"r":"164","t":"12:15:24","h":"Est","s":"25N-H60N400F-81-F4"},{"r":"164","t":"12:15:24","h":"Est","s":"25N-H60NV10A-80-A"},{"r":"164","t":"12:15:24","h":"Est","s":"25N-H60NV10I-80-I"},{"r":"164","t":"12:15:24","h":"Est","s":"25N-H60NV20A-80-A"},{"r":"164","t":"12:15:24","h":"Est","s":"25N-H60NV20I-80-I"},{"r":"164","t":"12:15:24","h":"Est","s":"25S-H60S000A-80-A"},{"r":"164","t":"12:15:24","h":"Est","s":"25S-H60S000I-80-I"},{"r":"164","t":"12:15:24","h":"Est","s":"25S-H60S100F-82-F1"},{"r":"164","t":"12:15:24","h":"Est","s":"25S-H60S200F-81-F2"},{"r":"164","t":"12:18:56","h":"Est","s":"25N-H60N000S-80-S"},{"r":"164","t":"12:18:56","h":"Est","s":"25N-H60N000S-98-S"},{"r":"164","t":"12:18:56","h":"Est","s":"25N-H60NV10S-98-S"},{"r":"164","t":"12:18:56","h":"Est","s":"25N-H60NV20S-98-S"},{"r":"164","t":"12:18:56","h":"Est","s":"25S-H60S000S-80-S"},{"r":"164","t":"12:44:24","h":"Est","s":"25N-H60N000A-80-A"},{"r":"164","t":"12:44:24","h":"Est","s":"25N-H60N000I-80-I"},{"r":"164","t":"12:44:24","h":"Est","s":"25N-H60N100F-81-F1"},{"r":"164","t":"12:44:24","h":"Est","s":"25N-H60N200F-81-F2"},{"r":"164","t":"12:44:24","h":"Est","s":"25N-H60N300F-82-F3"},{"r":"164","t":"12:44:24","h":"Est","s":"25N-H60N400F-81-F4"},{"r":"164","t":"12:44:24","h":"Est","s":"25N-H60NV10A-80-A"},{"r":"164","t":"12:44:24","h":"Est","s":"25N-H60NV10I-80-I"},{"r":"164","t":"12:44:24","h":"Est","s":"25N-H60NV20A-80-A"},{"r":"164","t":"12:44:24","h":"Est","s":"25N-H60NV20I-80-I"},{"r":"164","t":"12:44:24","h":"Est","s":"25S-H60S000A-80-A"},{"r":"164","t":"12:44:24","h":"Est","s":"25S-H60S000I-80-I"},{"r":"164","t":"12:44:24","h":"Est","s":"25S-H60S100F-82-F1"},{"r":"164","t":"12:44:24","h":"Est","s":"25S-H60S200F-81-F2"},{"r":"164","t":"12:45:56","h":"Est","s":"25N-H60N000S-80-S"},{"r":"164","t":"12:45:56","h":"Est","s":"25N-H60N000S-98-S"},{"r":"164","t":"12:45:56","h":"Est","s":"25N-H60NV10S-98-S"},{"r":"164","t":"12:45:56","h":"Est","s":"25N-H60NV20S-98-S"},{"r":"164","t":"12:45:56","h":"Est","s":"25S-H60S000S-80-S"},{"r":"164","t":"13:11:56","h":"Est","s":"25N-H60N000S-80-S"},{"r":"164","t":"13:11:56","h":"Est","s":"25N-H60N000S-98-S"},{"r":"164","t":"13:11:56","h":"Est","s":"25N-H60NV10S-98-S"},{"r":"164","t":"13:11:56","h":"Est","s":"25N-H60NV20S-98-S"},{"r":"164","t":"13:11:56","h":"Est","s":"25S-H60S000S-80-S"},{"r":"164","t":"13:13:24","h":"Est","s":"25N-H60N000A-80-A"},{"r":"164","t":"13:13:24","h":"Est","s":"25N-H60N000I-80-I"},{"r":"164","t":"13:13:24","h":"Est","s":"25N-H60N100F-81-F1"},{"r":"164","t":"13:13:24","h":"Est","s":"25N-H60N200F-81-F2"},{"r":"164","t":"13:13:24","h":"Est","s":"25N-H60N300F-82-F3"},{"r":"164","t":"13:13:24","h":"Est","s":"25N-H60N400F-81-F4"},{"r":"164","t":"13:13:24","h":"Est","s":"25N-H60NV10A-80-A"},{"r":"164","t":"13:13:24","h":"Est","s":"25N-H60NV10I-80-I"},{"r":"164","t":"13:13:24","h":"Est","s":"25N-H60NV20A-80-A"},{"r":"164","t":"13:13:24","h":"Est","s":"25N-H60NV20I-80-I"},{"r":"164","t":"13:13:24","h":"Est","s":"25S-H60S000A-80-A"},{"r":"164","t":"13:13:24","h":"Est","s":"25S-H60S000I-80-I"},{"r":"164","t":"13:13:24","h":"Est","s":"25S-H60S100F-82-F1"},{"r":"164","t":"13:13:24","h":"Est","s":"25S-H60S200F-81-F2"},{"r":"164","t":"13:35:56","h":"Est","s":"25N-H60N000S-80-S"},{"r":"164","t":"13:35:56","h":"Est","s":"25N-H60N000S-98-S"},{"r":"164","t":"13:35:56","h":"Est","s":"25N-H60NV10S-98-S"},{"r":"164","t":"13:35:56","h":"Est","s":"25N-H60NV20S-98-S"},{"r":"164","t":"13:35:56","h":"Est","s":"25S-H60S000S-80-S"},{"r":"164","t":"13:42:24","h":"Est","s":"25N-H60N000I-80-I"},{"r":"164","t":"13:42:24","h":"Est","s":"25N-H60N100F-81-F1"},{"r":"164","t":"13:42:24","h":"Est","s":"25N-H60N200F-81-F2"},{"r":"164","t":"13:42:24","h":"Est","s":"25N-H60N300F-82-F3"},{"r":"164","t":"13:42:24","h":"Est","s":"25N-H60N400F-81-F4"},{"r":"164","t":"13:42:24","h":"Est","s":"25N-H60NV10I-80-I"},{"r":"164","t":"13:42:24","h":"Est","s":"25N-H60NV20I-80-I"},{"r":"164","t":"13:42:24","h":"Est","s":"25S-H60S000I-80-I"},{"r":"164","t":"13:42:24","h":"Est","s":"25S-H60S100F-82-F1"},{"r":"164","t":"13:42:24","h":"Est","s":"25S-H60S200F-81-F2"},{"r":"164","t":"13:43:24","h":"Est","s":"25N-H60N000A-80-A"},{"r":"164","t":"13:43:24","h":"Est","s":"25N-H60NV10A-80-A"},{"r":"164","t":"13:43:24","h":"Est","s":"25N-H60NV20A-80-A"},{"r":"164","t":"13:43:24","h":"Est","s":"25S-H60S000A-80-A"},{"r":"164","t":"13:59:56","h":"Est","s":"25N-H60N000S-80-S"},{"r":"164","t":"13:59:56","h":"Est","s":"25N-H60N000S-98-S"},{"r":"164","t":"13:59:56","h":"Est","s":"25N-H60NV10S-98-S"},{"r":"164","t":"13:59:56","h":"Est","s":"25N-H60NV20S-98-S"},{"r":"164","t":"13:59:56","h":"Est","s":"25S-H60S000S-80-S"},{"r":"164","t":"14:11:24","h":"Est","s":"25N-H60N000I-80-I"},{"r":"164","t":"14:11:24","h":"Est","s":"25N-H60N100F-81-F1"},{"r":"164","t":"14:11:24","h":"Est","s":"25N-H60N200F-81-F2"},{"r":"164","t":"14:11:24","h":"Est","s":"25N-H60N300F-82-F3"},{"r":"164","t":"14:11:24","h":"Est","s":"25N-H60N400F-81-F4"},{"r":"164","t":"14:11:24","h":"Est","s":"25N-H60NV10I-80-I"},{"r":"164","t":"14:11:24","h":"Est","s":"25N-H60NV20I-80-I"},{"r":"164","t":"14:11:24","h":"Est","s":"25S-H60S000I-80-I"},{"r":"164","t":"14:11:24","h":"Est","s":"25S-H60S100F-82-F1"},{"r":"164","t":"14:11:24","h":"Est","s":"25S-H60S200F-81-F2"},{"r":"164","t":"14:13:24","h":"Est","s":"25N-H60N000A-80-A"},{"r":"164","t":"14:13:24","h":"Est","s":"25N-H60NV10A-80-A"},{"r":"164","t":"14:13:24","h":"Est","s":"25N-H60NV20A-80-A"},{"r":"164","t":"14:13:24","h":"Est","s":"25S-H60S000A-80-A"},{"r":"164","t":"14:23:56","h":"Est","s":"25N-H60N000S-80-S"},{"r":"164","t":"14:23:56","h":"Est","s":"25N-H60N000S-98-S"},{"r":"164","t":"14:23:56","h":"Est","s":"25N-H60NV10S-98-S"},{"r":"164","t":"14:23:56","h":"Est","s":"25N-H60NV20S-98-S"},{"r":"164","t":"14:23:56","h":"Est","s":"25S-H60S000S-80-S"},{"r":"164","t":"14:35:24","h":"Est","s":"25N-H60N000A-80-A"},{"r":"164","t":"14:35:24","h":"Est","s":"25N-H60NV10A-80-A"},{"r":"164","t":"14:35:24","h":"Est","s":"25N-H60NV20A-80-A"},{"r":"164","t":"14:35:24","h":"Est","s":"25S-H60S000A-80-A"},{"r":"164","t":"14:40:24","h":"Est","s":"25N-H60N000I-80-I"},{"r":"164","t":"14:40:24","h":"Est","s":"25N-H60N100F-81-F1"},{"r":"164","t":"14:40:24","h":"Est","s":"25N-H60N200F-81-F2"},{"r":"164","t":"14:40:24","h":"Est","s":"25N-H60N300F-82-F3"},{"r":"164","t":"14:40:24","h":"Est","s":"25N-H60N400F-81-F4"},{"r":"164","t":"14:40:24","h":"Est","s":"25N-H60NV10I-80-I"},{"r":"164","t":"14:40:24","h":"Est","s":"25N-H60NV20I-80-I"},{"r":"164","t":"14:40:24","h":"Est","s":"25S-H60S000I-80-I"},{"r":"164","t":"14:40:24","h":"Est","s":"25S-H60S100F-82-F1"},{"r":"164","t":"14:40:24","h":"Est","s":"25S-H60S200F-81-F2"},{"r":"164","t":"14:45:56","h":"Est","s":"25N-H60N000S-80-S"},{"r":"164","t":"14:45:56","h":"Est","s":"25N-H60N000S-98-S"},{"r":"164","t":"14:45:56","h":"Est","s":"25N-H60NV10S-98-S"},{"r":"164","t":"14:45:56","h":"Est","s":"25N-H60NV20S-98-S"},{"r":"164","t":"14:45:56","h":"Est","s":"25S-H60S000S-80-S"},{"r":"164","t":"14:57:24","h":"Est","s":"25N-H60N000A-80-A"},{"r":"164","t":"14:57:24","h":"Est","s":"25N-H60NV10A-80-A"},{"r":"164","t":"14:57:24","h":"Est","s":"25N-H60NV20A-80-A"},{"r":"164","t":"14:57:24","h":"Est","s":"25S-H60S000A-80-A"},{"r":"164","t":"15:04:56","h":"Est","s":"25N-H60N000S-80-S"},{"r":"164","t":"15:04:56","h":"Est","s":"25N-H60N000S-98-S"},{"r":"164","t":"15:04:56","h":"Est","s":"25N-H60NV10S-98-S"},{"r":"164","t":"15:04:56","h":"Est","s":"25N-H60NV20S-98-S"},{"r":"164","t":"15:04:56","h":"Est","s":"25S-H60S000S-80-S"},{"r":"164","t":"15:10:24","h":"Est","s":"25N-H60N000I-80-I"},{"r":"164","t":"15:10:24","h":"Est","s":"25N-H60N100F-81-F1"},{"r":"164","t":"15:10:24","h":"Est","s":"25N-H60N200F-81-F2"},{"r":"164","t":"15:10:24","h":"Est","s":"25N-H60N300F-82-F3"},{"r":"164","t":"15:10:24","h":"Est","s":"25N-H60N400F-81-F4"},{"r":"164","t":"15:10:24","h":"Est","s":"25N-H60NV10I-80-I"},{"r":"164","t":"15:10:24","h":"Est","s":"25N-H60NV20I-80-I"},{"r":"164","t":"15:10:24","h":"Est","s":"25S-H60S000I-80-I"},{"r":"164","t":"15:10:24","h":"Est","s":"25S-H60S100F-82-F1"},{"r":"164","t":"15:10:24","h":"Est","s":"25S-H60S200F-81-F2"},{"r":"164","t":"15:21:56","h":"Est","s":"25N-H58N000S-80-S"},{"r":"164","t":"15:21:56","h":"Est","s":"25N-H58NV10S-80-S"},{"r":"164","t":"15:21:56","h":"Est","s":"25N-H58NV20S-80-S"},{"r":"164","t":"15:21:56","h":"Est","s":"25S-H58S000S-80-S"},{"r":"164","t":"15:27:24","h":"Est","s":"25N-H60N000A-80-A"},{"r":"164","t":"15:27:24","h":"Est","s":"25N-H60NV10A-80-A"},{"r":"164","t":"15:27:24","h":"Est","s":"25N-H60NV20A-80-A"},{"r":"164","t":"15:27:24","h":"Est","s":"25S-H60S000A-80-A"},{"r":"164","t":"15:37:56","h":"Est","s":"25N-H58N000S-80-S"},{"r":"164","t":"15:37:56","h":"Est","s":"25N-H58NV10S-80-S"},{"r":"164","t":"15:37:56","h":"Est","s":"25N-H58NV20S-80-S"},{"r":"164","t":"15:37:56","h":"Est","s":"25S-H58S000S-80-S"},{"r":"164","t":"15:39:24","h":"Est","s":"25N-H60N000I-80-I"},{"r":"164","t":"15:39:24","h":"Est","s":"25N-H60N100F-81-F1"},{"r":"164","t":"15:39:24","h":"Est","s":"25N-H60N200F-81-F2"},{"r":"164","t":"15:39:24","h":"Est","s":"25N-H60N300F-82-F3"},{"r":"164","t":"15:39:24","h":"Est","s":"25N-H60N400F-81-F4"},{"r":"164","t":"15:39:24","h":"Est","s":"25N-H60NV10I-80-I"},{"r":"164","t":"15:39:24","h":"Est","s":"25N-H60NV20I-80-I"},{"r":"164","t":"15:39:24","h":"Est","s":"25S-H60S000I-80-I"},{"r":"164","t":"15:39:24","h":"Est","s":"25S-H60S100F-82-F1"},{"r":"164","t":"15:39:24","h":"Est","s":"25S-H60S200F-81-F2"},{"r":"164","t":"15:57:24","h":"Est","s":"25N-H60N000A-80-A"},{"r":"164","t":"15:57:24","h":"Est","s":"25N-H60NV10A-80-A"},{"r":"164","t":"15:57:24","h":"Est","s":"25N-H60NV20A-80-A"},{"r":"164","t":"15:57:24","h":"Est","s":"25S-H60S000A-80-A"},{"r":"164","t":"15:57:56","h":"Est","s":"25N-H60N000S-80-S"},{"r":"164","t":"15:57:56","h":"Est","s":"25N-H60N000S-98-S"},{"r":"164","t":"15:57:56","h":"Est","s":"25N-H60NV10S-98-S"},{"r":"164","t":"15:57:56","h":"Est","s":"25N-H60NV20S-98-S"},{"r":"164","t":"15:57:56","h":"Est","s":"25S-H60S000S-80-S"},{"r":"164","t":"16:08:24","h":"Est","s":"25N-H60N000I-80-I"},{"r":"164","t":"16:08:24","h":"Est","s":"25N-H60N100F-81-F1"},{"r":"164","t":"16:08:24","h":"Est","s":"25N-H60N200F-81-F2"},{"r":"164","t":"16:08:24","h":"Est","s":"25N-H60N300F-82-F3"},{"r":"164","t":"16:08:24","h":"Est","s":"25N-H60N400F-81-F4"},{"r":"164","t":"16:08:24","h":"Est","s":"25N-H60NV10I-80-I"},{"r":"164","t":"16:08:24","h":"Est","s":"25N-H60NV20I-80-I"},{"r":"164","t":"16:08:24","h":"Est","s":"25S-H60S000I-80-I"},{"r":"164","t":"16:08:24","h":"Est","s":"25S-H60S100F-82-F1"},{"r":"164","t":"16:08:24","h":"Est","s":"25S-H60S200F-81-F2"},{"r":"164","t":"16:17:56","h":"Est","s":"25N-H60N000S-80-S"},{"r":"164","t":"16:17:56","h":"Est","s":"25N-H60N000S-98-S"},{"r":"164","t":"16:17:56","h":"Est","s":"25N-H60NV10S-98-S"},{"r":"164","t":"16:17:56","h":"Est","s":"25N-H60NV20S-98-S"},{"r":"164","t":"16:17:56","h":"Est","s":"25S-H60S000S-80-S"},{"r":"164","t":"16:27:24","h":"Est","s":"25N-H60N000A-80-A"},{"r":"164","t":"16:27:24","h":"Est","s":"25N-H60NV10A-80-A"},{"r":"164","t":"16:27:24","h":"Est","s":"25N-H60NV20A-80-A"},{"r":"164","t":"16:27:24","h":"Est","s":"25S-H60S000A-80-A"},{"r":"164","t":"16:37:24","h":"Est","s":"25N-H60N000I-80-I"},{"r":"164","t":"16:37:24","h":"Est","s":"25N-H60N100F-81-F1"},{"r":"164","t":"16:37:24","h":"Est","s":"25N-H60N200F-81-F2"},{"r":"164","t":"16:37:24","h":"Est","s":"25N-H60N300F-82-F3"},{"r":"164","t":"16:37:24","h":"Est","s":"25N-H60N400F-81-F4"},{"r":"164","t":"16:37:24","h":"Est","s":"25N-H60NV10I-80-I"},{"r":"164","t":"16:37:24","h":"Est","s":"25N-H60NV20I-80-I"},{"r":"164","t":"16:37:24","h":"Est","s":"25S-H60S000I-80-I"},{"r":"164","t":"16:37:24","h":"Est","s":"25S-H60S100F-82-F1"},{"r":"164","t":"16:37:24","h":"Est","s":"25S-H60S200F-81-F2"},{"r":"164","t":"16:37:56","h":"Est","s":"25N-H60N000S-80-S"},{"r":"164","t":"16:37:56","h":"Est","s":"25N-H60N000S-98-S"},{"r":"164","t":"16:37:56","h":"Est","s":"25N-H60NV10S-98-S"},{"r":"164","t":"16:37:56","h":"Est","s":"25N-H60NV20S-98-S"},{"r":"164","t":"16:37:56","h":"Est","s":"25S-H60S000S-80-S"},{"r":"164","t":"16:55:56","h":"Est","s":"25N-H60N000S-80-S"},{"r":"164","t":"16:55:56","h":"Est","s":"25N-H60N000S-98-S"},{"r":"164","t":"16:55:56","h":"Est","s":"25N-H60NV10S-98-S"},{"r":"164","t":"16:55:56","h":"Est","s":"25N-H60NV20S-98-S"},{"r":"164","t":"16:55:56","h":"Est","s":"25S-H60S000S-80-S"},{"r":"164","t":"16:58:24","h":"Est","s":"25N-H60N000A-80-A"},{"r":"164","t":"16:58:24","h":"Est","s":"25N-H60NV10A-80-A"},{"r":"164","t":"16:58:24","h":"Est","s":"25N-H60NV20A-80-A"},{"r":"164","t":"16:58:24","h":"Est","s":"25S-H60S000A-80-A"},{"r":"164","t":"17:06:24","h":"Est","s":"25N-H60N000I-80-I"},{"r":"164","t":"17:06:24","h":"Est","s":"25N-H60N100F-81-F1"},{"r":"164","t":"17:06:24","h":"Est","s":"25N-H60N200F-81-F2"},{"r":"164","t":"17:06:24","h":"Est","s":"25N-H60N300F-82-F3"},{"r":"164","t":"17:06:24","h":"Est","s":"25N-H60N400F-81-F4"},{"r":"164","t":"17:06:24","h":"Est","s":"25N-H60NV10I-80-I"},{"r":"164","t":"17:06:24","h":"Est","s":"25N-H60NV20I-80-I"},{"r":"164","t":"17:06:24","h":"Est","s":"25S-H60S000I-80-I"},{"r":"164","t":"17:06:24","h":"Est","s":"25S-H60S100F-82-F1"},{"r":"164","t":"17:06:24","h":"Est","s":"25S-H60S200F-81-F2"},{"r":"164","t":"17:15:56","h":"Est","s":"25N-H60N000S-80-S"},{"r":"164","t":"17:15:56","h":"Est","s":"25N-H60N000S-98-S"},{"r":"164","t":"17:15:56","h":"Est","s":"25N-H60NV10S-98-S"},{"r":"164","t":"17:15:56","h":"Est","s":"25N-H60NV20S-98-S"},{"r":"164","t":"17:15:56","h":"Est","s":"25S-H60S000S-80-S"},{"r":"164","t":"17:29:24","h":"Est","s":"25N-H60N000A-80-A"},{"r":"164","t":"17:29:24","h":"Est","s":"25N-H60NV10A-80-A"},{"r":"164","t":"17:29:24","h":"Est","s":"25N-H60NV20A-80-A"},{"r":"164","t":"17:29:24","h":"Est","s":"25S-H60S000A-80-A"},{"r":"164","t":"17:35:10","h":"Est","s":"25N-H60N000S-80-S"},{"r":"164","t":"17:35:10","h":"Est","s":"25N-H60N000S-98-S"},{"r":"164","t":"17:35:10","h":"Est","s":"25N-H60NV10S-98-S"},{"r":"164","t":"17:35:10","h":"Est","s":"25N-H60NV20S-98-S"},{"r":"164","t":"17:35:10","h":"Est","s":"25S-H60S000S-80-S"},{"r":"164","t":"17:35:24","h":"Est","s":"25N-H60N000I-80-I"},{"r":"164","t":"17:35:24","h":"Est","s":"25N-H60N100F-81-F1"},{"r":"164","t":"17:35:24","h":"Est","s":"25N-H60N200F-81-F2"},{"r":"164","t":"17:35:24","h":"Est","s":"25N-H60N300F-82-F3"},{"r":"164","t":"17:35:24","h":"Est","s":"25N-H60N400F-81-F4"},{"r":"164","t":"17:35:24","h":"Est","s":"25N-H60NV10I-80-I"},{"r":"164","t":"17:35:24","h":"Est","s":"25N-H60NV20I-80-I"},{"r":"164","t":"17:35:24","h":"Est","s":"25S-H60S000I-80-I"},{"r":"164","t":"17:35:24","h":"Est","s":"25S-H60S100F-82-F1"},{"r":"164","t":"17:35:24","h":"Est","s":"25S-H60S200F-81-F2"},{"r":"164","t":"17:55:10","h":"Est","s":"25N-H60N000S-80-S"},{"r":"164","t":"17:55:10","h":"Est","s":"25N-H60N000S-98-S"},{"r":"164","t":"17:55:10","h":"Est","s":"25N-H60NV10S-98-S"},{"r":"164","t":"17:55:10","h":"Est","s":"25N-H60NV20S-98-S"},{"r":"164","t":"17:55:10","h":"Est","s":"25S-H60S000S-80-S"},{"r":"164","t":"18:01:24","h":"Est","s":"25N-H60N000A-80-A"},{"r":"164","t":"18:01:24","h":"Est","s":"25N-H60NV10A-80-A"},{"r":"164","t":"18:01:24","h":"Est","s":"25N-H60NV20A-80-A"},{"r":"164","t":"18:01:24","h":"Est","s":"25S-H60S000A-80-A"},{"r":"164","t":"18:03:24","h":"Est","s":"25N-H60N000I-80-I"},{"r":"164","t":"18:03:24","h":"Est","s":"25N-H60N100F-81-F1"},{"r":"164","t":"18:03:24","h":"Est","s":"25N-H60N200F-81-F2"},{"r":"164","t":"18:03:24","h":"Est","s":"25N-H60N300F-82-F3"},{"r":"164","t":"18:03:24","h":"Est","s":"25N-H60N400F-81-F4"},{"r":"164","t":"18:03:24","h":"Est","s":"25N-H60NV10I-80-I"},{"r":"164","t":"18:03:24","h":"Est","s":"25N-H60NV20I-80-I"},{"r":"164","t":"18:03:24","h":"Est","s":"25S-H60S000I-80-I"},{"r":"164","t":"18:03:24","h":"Est","s":"25S-H60S100F-82-F1"},{"r":"164","t":"18:03:24","h":"Est","s":"25S-H60S200F-81-F2"},{"r":"164","t":"18:14:24","h":"Est","s":"25N-H60N000S-80-S"},{"r":"164","t":"18:14:24","h":"Est","s":"25N-H60N000S-98-S"},{"r":"164","t":"18:14:24","h":"Est","s":"25N-H60NV10S-98-S"},{"r":"164","t":"18:14:24","h":"Est","s":"25N-H60NV20S-98-S"},{"r":"164","t":"18:14:24","h":"Est","s":"25S-H60S000S-80-S"},{"r":"164","t":"18:32:24","h":"Est","s":"25N-H60N000I-80-I"},{"r":"164","t":"18:32:24","h":"Est","s":"25N-H60N100F-81-F1"},{"r":"164","t":"18:32:24","h":"Est","s":"25N-H60N200F-81-F2"},{"r":"164","t":"18:32:24","h":"Est","s":"25N-H60N300F-82-F3"},{"r":"164","t":"18:32:24","h":"Est","s":"25N-H60N400F-81-F4"},{"r":"164","t":"18:32:24","h":"Est","s":"25N-H60NV10I-80-I"},{"r":"164","t":"18:32:24","h":"Est","s":"25N-H60NV20I-80-I"},{"r":"164","t":"18:32:24","h":"Est","s":"25S-H60S000I-80-I"},{"r":"164","t":"18:32:24","h":"Est","s":"25S-H60S100F-82-F1"},{"r":"164","t":"18:32:24","h":"Est","s":"25S-H60S200F-81-F2"},{"r":"164","t":"18:32:37","h":"Est","s":"25N-H60N000A-80-A"},{"r":"164","t":"18:32:37","h":"Est","s":"25N-H60NV10A-80-A"},{"r":"164","t":"18:32:37","h":"Est","s":"25N-H60NV20A-80-A"},{"r":"164","t":"18:32:37","h":"Est","s":"25S-H60S000A-80-A"},{"r":"164","t":"18:36:24","h":"Est","s":"25N-H60N000S-80-S"},{"r":"164","t":"18:36:24","h":"Est","s":"25N-H60N000S-98-S"},{"r":"164","t":"18:36:24","h":"Est","s":"25N-H60NV10S-98-S"},{"r":"164","t":"18:36:24","h":"Est","s":"25N-H60NV20S-98-S"},{"r":"164","t":"18:36:24","h":"Est","s":"25S-H60S000S-80-S"},{"r":"164","t":"19:01:24","h":"Est","s":"25N-H60N000I-80-I"},{"r":"164","t":"19:01:24","h":"Est","s":"25N-H60N100F-81-F1"},{"r":"164","t":"19:01:24","h":"Est","s":"25N-H60N200F-81-F2"},{"r":"164","t":"19:01:24","h":"Est","s":"25N-H60N300F-82-F3"},{"r":"164","t":"19:01:24","h":"Est","s":"25N-H60N400F-81-F4"},{"r":"164","t":"19:01:24","h":"Est","s":"25N-H60NV10I-80-I"},{"r":"164","t":"19:01:24","h":"Est","s":"25N-H60NV20I-80-I"},{"r":"164","t":"19:01:24","h":"Est","s":"25S-H60S000I-80-I"},{"r":"164","t":"19:01:24","h":"Est","s":"25S-H60S100F-82-F1"},{"r":"164","t":"19:01:24","h":"Est","s":"25S-H60S200F-81-F2"},{"r":"164","t":"19:03:37","h":"Est","s":"25N-H60N000A-80-A"},{"r":"164","t":"19:03:37","h":"Est","s":"25N-H60NV10A-80-A"},{"r":"164","t":"19:03:37","h":"Est","s":"25N-H60NV20A-80-A"},{"r":"164","t":"19:03:37","h":"Est","s":"25S-H60S000A-80-A"},{"r":"164","t":"19:04:37","h":"Est","s":"25N-H60N000S-80-S"},{"r":"164","t":"19:04:37","h":"Est","s":"25N-H60N000S-98-S"},{"r":"164","t":"19:04:37","h":"Est","s":"25N-H60NV10S-98-S"},{"r":"164","t":"19:04:37","h":"Est","s":"25N-H60NV20S-98-S"},{"r":"164","t":"19:04:37","h":"Est","s":"25S-H60S000S-80-S"},{"r":"164","t":"19:29:24","h":"Est","s":"25N-H60N000I-80-I"},{"r":"164","t":"19:29:24","h":"Est","s":"25N-H60N100F-81-F1"},{"r":"164","t":"19:29:24","h":"Est","s":"25N-H60N200F-81-F2"},{"r":"164","t":"19:29:24","h":"Est","s":"25N-H60N300F-82-F3"},{"r":"164","t":"19:29:24","h":"Est","s":"25N-H60N400F-81-F4"},{"r":"164","t":"19:29:24","h":"Est","s":"25N-H60NV10I-80-I"},{"r":"164","t":"19:29:24","h":"Est","s":"25N-H60NV20I-80-I"},{"r":"164","t":"19:29:24","h":"Est","s":"25S-H60S000I-80-I"},{"r":"164","t":"19:29:24","h":"Est","s":"25S-H60S100F-82-F1"},{"r":"164","t":"19:29:24","h":"Est","s":"25S-H60S200F-81-F2"},{"r":"164","t":"19:33:37","h":"Est","s":"25N-H60N000A-80-A"},{"r":"164","t":"19:33:37","h":"Est","s":"25N-H60N000S-80-S"},{"r":"164","t":"19:33:37","h":"Est","s":"25N-H60N000S-98-S"},{"r":"164","t":"19:33:37","h":"Est","s":"25N-H60NV10A-80-A"},{"r":"164","t":"19:33:37","h":"Est","s":"25N-H60NV10S-98-S"},{"r":"164","t":"19:33:37","h":"Est","s":"25N-H60NV20A-80-A"},{"r":"164","t":"19:33:37","h":"Est","s":"25N-H60NV20S-98-S"},{"r":"164","t":"19:33:37","h":"Est","s":"25S-H60S000A-80-A"},{"r":"164","t":"19:33:37","h":"Est","s":"25S-H60S000S-80-S"},{"r":"164","t":"19:58:24","h":"Est","s":"25N-H60N000I-80-I"},{"r":"164","t":"19:58:24","h":"Est","s":"25N-H60N100F-81-F1"},{"r":"164","t":"19:58:24","h":"Est","s":"25N-H60N200F-81-F2"},{"r":"164","t":"19:58:24","h":"Est","s":"25N-H60N300F-82-F3"},{"r":"164","t":"19:58:24","h":"Est","s":"25N-H60N400F-81-F4"},{"r":"164","t":"19:58:24","h":"Est","s":"25N-H60NV10I-80-I"},{"r":"164","t":"19:58:24","h":"Est","s":"25N-H60NV20I-80-I"},{"r":"164","t":"19:58:24","h":"Est","s":"25S-H60S000I-80-I"},{"r":"164","t":"19:58:24","h":"Est","s":"25S-H60S100F-82-F1"},{"r":"164","t":"19:58:24","h":"Est","s":"25S-H60S200F-81-F2"},{"r":"164","t":"20:03:37","h":"Est","s":"25N-H60N000A-80-A"},{"r":"164","t":"20:03:37","h":"Est","s":"25N-H60NV10A-80-A"},{"r":"164","t":"20:03:37","h":"Est","s":"25N-H60NV20A-80-A"},{"r":"164","t":"20:03:37","h":"Est","s":"25S-H60S000A-80-A"},{"r":"164","t":"20:04:37","h":"Est","s":"25N-H60N000S-80-S"},{"r":"164","t":"20:04:37","h":"Est","s":"25N-H60N000S-98-S"},{"r":"164","t":"20:04:37","h":"Est","s":"25N-H60NV10S-98-S"},{"r":"164","t":"20:04:37","h":"Est","s":"25N-H60NV20S-98-S"},{"r":"164","t":"20:04:37","h":"Est","s":"25S-H60S000S-80-S"},{"r":"164","t":"20:26:24","h":"Est","s":"25N-H60N000I-80-I"},{"r":"164","t":"20:26:24","h":"Est","s":"25N-H60N100F-81-F1"},{"r":"164","t":"20:26:24","h":"Est","s":"25N-H60N200F-81-F2"},{"r":"164","t":"20:26:24","h":"Est","s":"25N-H60N300F-82-F3"},{"r":"164","t":"20:26:24","h":"Est","s":"25N-H60N400F-81-F4"},{"r":"164","t":"20:26:24","h":"Est","s":"25N-H60NV10I-80-I"},{"r":"164","t":"20:26:24","h":"Est","s":"25N-H60NV20I-80-I"},{"r":"164","t":"20:26:24","h":"Est","s":"25S-H60S000I-80-I"},{"r":"164","t":"20:26:24","h":"Est","s":"25S-H60S100F-82-F1"},{"r":"164","t":"20:26:24","h":"Est","s":"25S-H60S200F-81-F2"},{"r":"164","t":"20:33:37","h":"Est","s":"25N-H60N000A-80-A"},{"r":"164","t":"20:33:37","h":"Est","s":"25N-H60NV10A-80-A"},{"r":"164","t":"20:33:37","h":"Est","s":"25N-H60NV20A-80-A"},{"r":"164","t":"20:33:37","h":"Est","s":"25S-H60S000A-80-A"},{"r":"164","t":"20:36:37","h":"Est","s":"25N-H60N000S-80-S"},{"r":"164","t":"20:36:37","h":"Est","s":"25N-H60N000S-98-S"},{"r":"164","t":"20:36:37","h":"Est","s":"25N-H60NV10S-98-S"},{"r":"164","t":"20:36:37","h":"Est","s":"25N-H60NV20S-98-S"},{"r":"164","t":"20:36:37","h":"Est","s":"25S-H60S000S-80-S"},{"r":"164","t":"20:55:24","h":"Est","s":"25N-H60N000I-80-I"},{"r":"164","t":"20:55:24","h":"Est","s":"25N-H60N100F-81-F1"},{"r":"164","t":"20:55:24","h":"Est","s":"25N-H60N200F-81-F2"},{"r":"164","t":"20:55:24","h":"Est","s":"25N-H60N300F-82-F3"},{"r":"164","t":"20:55:24","h":"Est","s":"25N-H60N400F-81-F4"},{"r":"164","t":"20:55:24","h":"Est","s":"25N-H60NV10I-80-I"},{"r":"164","t":"20:55:24","h":"Est","s":"25N-H60NV20I-80-I"},{"r":"164","t":"20:55:24","h":"Est","s":"25S-H60S000I-80-I"},{"r":"164","t":"20:55:24","h":"Est","s":"25S-H60S100F-82-F1"},{"r":"164","t":"20:55:24","h":"Est","s":"25S-H60S200F-81-F2"},{"r":"164","t":"21:03:37","h":"Est","s":"25N-H60N000A-80-A"},{"r":"164","t":"21:03:37","h":"Est","s":"25N-H60NV10A-80-A"},{"r":"164","t":"21:03:37","h":"Est","s":"25N-H60NV20A-80-A"},{"r":"164","t":"21:03:37","h":"Est","s":"25S-H60S000A-80-A"},{"r":"164","t":"21:08:37","h":"Est","s":"25N-H60N000S-80-S"},{"r":"164","t":"21:08:37","h":"Est","s":"25N-H60N000S-98-S"},{"r":"164","t":"21:08:37","h":"Est","s":"25N-H60NV10S-98-S"},{"r":"164","t":"21:08:37","h":"Est","s":"25N-H60NV20S-98-S"},{"r":"164","t":"21:08:37","h":"Est","s":"25S-H60S000S-80-S"},{"r":"164","t":"21:25:24","h":"Est","s":"25N-H60N000I-80-I"},{"r":"164","t":"21:25:24","h":"Est","s":"25N-H60N100F-81-F1"},{"r":"164","t":"21:25:24","h":"Est","s":"25N-H60N200F-81-F2"},{"r":"164","t":"21:25:24","h":"Est","s":"25N-H60N300F-82-F3"},{"r":"164","t":"21:25:24","h":"Est","s":"25N-H60N400F-81-F4"},{"r":"164","t":"21:25:24","h":"Est","s":"25N-H60NV10I-80-I"},{"r":"164","t":"21:25:24","h":"Est","s":"25N-H60NV20I-80-I"},{"r":"164","t":"21:25:24","h":"Est","s":"25S-H60S000I-80-I"},{"r":"164","t":"21:25:24","h":"Est","s":"25S-H60S100F-82-F1"},{"r":"164","t":"21:25:24","h":"Est","s":"25S-H60S200F-81-F2"},{"r":"164","t":"21:33:37","h":"Est","s":"25N-H60N000A-80-A"},{"r":"164","t":"21:33:37","h":"Est","s":"25N-H60NV10A-80-A"},{"r":"164","t":"21:33:37","h":"Est","s":"25N-H60NV20A-80-A"},{"r":"164","t":"21:33:37","h":"Est","s":"25S-H60S000A-80-A"},{"r":"164","t":"21:40:37","h":"Est","s":"25N-H60N000S-80-S"},{"r":"164","t":"21:40:37","h":"Est","s":"25N-H60N000S-98-S"},{"r":"164","t":"21:40:37","h":"Est","s":"25N-H60NV10S-98-S"},{"r":"164","t":"21:40:37","h":"Est","s":"25N-H60NV20S-98-S"},{"r":"164","t":"21:40:37","h":"Est","s":"25S-H60S000S-80-S"},{"r":"164","t":"21:54:37","h":"Est","s":"25N-H60N000I-80-I"},{"r":"164","t":"21:54:37","h":"Est","s":"25N-H60N100F-81-F1"},{"r":"164","t":"21:54:37","h":"Est","s":"25N-H60N200F-81-F2"},{"r":"164","t":"21:54:37","h":"Est","s":"25N-H60N300F-82-F3"},{"r":"164","t":"21:54:37","h":"Est","s":"25N-H60N400F-81-F4"},{"r":"164","t":"21:54:37","h":"Est","s":"25N-H60NV10I-80-I"},{"r":"164","t":"21:54:37","h":"Est","s":"25N-H60NV20I-80-I"},{"r":"164","t":"21:54:37","h":"Est","s":"25S-H60S000I-80-I"},{"r":"164","t":"21:54:37","h":"Est","s":"25S-H60S100F-82-F1"},{"r":"164","t":"21:54:37","h":"Est","s":"25S-H60S200F-81-F2"},{"r":"164","t":"22:03:37","h":"Est","s":"25N-H60N000A-80-A"},{"r":"164","t":"22:03:37","h":"Est","s":"25N-H60NV10A-80-A"},{"r":"164","t":"22:03:37","h":"Est","s":"25N-H60NV20A-80-A"},{"r":"164","t":"22:03:37","h":"Est","s":"25S-H60S000A-80-A"},{"r":"164","t":"22:13:37","h":"Est","s":"25N-H60N000S-80-S"},{"r":"164","t":"22:13:37","h":"Est","s":"25N-H60N000S-98-S"},{"r":"164","t":"22:13:37","h":"Est","s":"25N-H60NV10S-98-S"},{"r":"164","t":"22:13:37","h":"Est","s":"25N-H60NV20S-98-S"},{"r":"164","t":"22:13:37","h":"Est","s":"25S-H60S000S-80-S"},{"r":"164","t":"22:24:37","h":"Est","s":"25N-H60N000I-80-I"},{"r":"164","t":"22:24:37","h":"Est","s":"25N-H60N100F-81-F1"},{"r":"164","t":"22:24:37","h":"Est","s":"25N-H60N200F-81-F2"},{"r":"164","t":"22:24:37","h":"Est","s":"25N-H60N300F-82-F3"},{"r":"164","t":"22:24:37","h":"Est","s":"25N-H60N400F-81-F4"},{"r":"164","t":"22:24:37","h":"Est","s":"25N-H60NV10I-80-I"},{"r":"164","t":"22:24:37","h":"Est","s":"25N-H60NV20I-80-I"},{"r":"164","t":"22:24:37","h":"Est","s":"25S-H60S000I-80-I"},{"r":"164","t":"22:24:37","h":"Est","s":"25S-H60S100F-82-F1"},{"r":"164","t":"22:24:37","h":"Est","s":"25S-H60S200F-81-F2"},{"r":"164","t":"22:33:37","h":"Est","s":"25N-H60N000A-80-A"},{"r":"164","t":"22:33:37","h":"Est","s":"25N-H60NV10A-80-A"},{"r":"164","t":"22:33:37","h":"Est","s":"25N-H60NV20A-80-A"},{"r":"164","t":"22:33:37","h":"Est","s":"25S-H60S000A-80-A"},{"r":"164","t":"22:45:37","h":"Est","s":"25N-H60N000S-80-S"},{"r":"164","t":"22:45:37","h":"Est","s":"25N-H60N000S-98-S"},{"r":"164","t":"22:45:37","h":"Est","s":"25N-H60NV10S-98-S"},{"r":"164","t":"22:45:37","h":"Est","s":"25N-H60NV20S-98-S"},{"r":"164","t":"22:45:37","h":"Est","s":"25S-H60S000S-80-S"},{"r":"164","t":"22:55:37","h":"Est","s":"25N-H60N000I-80-I"},{"r":"164","t":"22:55:37","h":"Est","s":"25N-H60N100F-81-F1"},{"r":"164","t":"22:55:37","h":"Est","s":"25N-H60N200F-81-F2"},{"r":"164","t":"22:55:37","h":"Est","s":"25N-H60N300F-82-F3"},{"r":"164","t":"22:55:37","h":"Est","s":"25N-H60N400F-81-F4"},{"r":"164","t":"22:55:37","h":"Est","s":"25N-H60NV10I-80-I"},{"r":"164","t":"22:55:37","h":"Est","s":"25N-H60NV20I-80-I"},{"r":"164","t":"22:55:37","h":"Est","s":"25S-H60S000I-80-I"},{"r":"164","t":"22:55:37","h":"Est","s":"25S-H60S100F-82-F1"},{"r":"164","t":"22:55:37","h":"Est","s":"25S-H60S200F-81-F2"},{"r":"164","t":"23:04:37","h":"Est","s":"25N-H60N000A-80-A"},{"r":"164","t":"23:04:37","h":"Est","s":"25N-H60NV10A-80-A"},{"r":"164","t":"23:04:37","h":"Est","s":"25N-H60NV20A-80-A"},{"r":"164","t":"23:04:37","h":"Est","s":"25S-H60S000A-80-A"},{"r":"164","t":"23:18:37","h":"Est","s":"25N-H60N000S-80-S"},{"r":"164","t":"23:18:37","h":"Est","s":"25N-H60N000S-98-S"},{"r":"164","t":"23:18:37","h":"Est","s":"25N-H60NV10S-98-S"},{"r":"164","t":"23:18:37","h":"Est","s":"25N-H60NV20S-98-S"},{"r":"164","t":"23:18:37","h":"Est","s":"25S-H60S000S-80-S"},{"r":"164","t":"23:25:51","h":"Est","s":"25N-H60N000I-80-I"},{"r":"164","t":"23:25:51","h":"Est","s":"25N-H60N100F-81-F1"},{"r":"164","t":"23:25:51","h":"Est","s":"25N-H60N200F-81-F2"},{"r":"164","t":"23:25:51","h":"Est","s":"25N-H60N300F-82-F3"},{"r":"164","t":"23:25:51","h":"Est","s":"25N-H60N400F-81-F4"},{"r":"164","t":"23:25:51","h":"Est","s":"25N-H60NV10I-80-I"},{"r":"164","t":"23:25:51","h":"Est","s":"25N-H60NV20I-80-I"},{"r":"164","t":"23:25:51","h":"Est","s":"25S-H60S000I-80-I"},{"r":"164","t":"23:25:51","h":"Est","s":"25S-H60S100F-82-F1"},{"r":"164","t":"23:25:51","h":"Est","s":"25S-H60S200F-81-F2"},{"r":"164","t":"23:35:37","h":"Est","s":"25N-H60N000A-80-A"},{"r":"164","t":"23:35:37","h":"Est","s":"25N-H60NV10A-80-A"},{"r":"164","t":"23:35:37","h":"Est","s":"25N-H60NV20A-80-A"},{"r":"164","t":"23:35:37","h":"Est","s":"25S-H60S000A-80-A"},{"r":"164","t":"23:52:37","h":"Est","s":"25N-H60N000S-80-S"},{"r":"164","t":"23:52:37","h":"Est","s":"25N-H60N000S-98-S"},{"r":"164","t":"23:52:37","h":"Est","s":"25N-H60NV10S-98-S"},{"r":"164","t":"23:52:37","h":"Est","s":"25N-H60NV20S-98-S"},{"r":"164","t":"23:52:37","h":"Est","s":"25S-H60S000S-80-S"},{"r":"164","t":"23:57:51","h":"Est","s":"25N-H60N000I-80-I"},{"r":"164","t":"23:57:51","h":"Est","s":"25N-H60N100F-81-F1"},{"r":"164","t":"23:57:51","h":"Est","s":"25N-H60N200F-81-F2"},{"r":"164","t":"23:57:51","h":"Est","s":"25N-H60N300F-82-F3"},{"r":"164","t":"23:57:51","h":"Est","s":"25N-H60N400F-81-F4"},{"r":"164","t":"23:57:51","h":"Est","s":"25N-H60NV10I-80-I"},{"r":"164","t":"23:57:51","h":"Est","s":"25N-H60NV20I-80-I"},{"r":"164","t":"23:57:51","h":"Est","s":"25S-H60S000I-80-I"},{"r":"164","t":"23:57:51","h":"Est","s":"25S-H60S100F-82-F1"},{"r":"164","t":"23:57:51","h":"Est","s":"25S-H60S200F-81-F2"},{"r":"164","t":"24:05:37","h":"Est","s":"25N-H60N000A-80-A"},{"r":"164","t":"24:05:37","h":"Est","s":"25N-H60NV10A-80-A"},{"r":"164","t":"24:05:37","h":"Est","s":"25N-H60NV20A-80-A"},{"r":"164","t":"24:05:37","h":"Est","s":"25S-H60S000A-80-A"},{"r":"164","t":"24:28:51","h":"Est","s":"25N-H60N000I-80-I"},{"r":"164","t":"24:28:51","h":"Est","s":"25N-H60N100F-81-F1"},{"r":"164","t":"24:28:51","h":"Est","s":"25N-H60N200F-81-F2"},{"r":"164","t":"24:28:51","h":"Est","s":"25N-H60N300F-82-F3"},{"r":"164","t":"24:28:51","h":"Est","s":"25N-H60N400F-81-F4"},{"r":"164","t":"24:28:51","h":"Est","s":"25N-H60NV10I-80-I"},{"r":"164","t":"24:28:51","h":"Est","s":"25N-H60NV20I-80-I"},{"r":"164","t":"24:28:51","h":"Est","s":"25S-H60S000I-80-I"},{"r":"164","t":"24:28:51","h":"Est","s":"25S-H60S100F-82-F1"},{"r":"164","t":"24:28:51","h":"Est","s":"25S-H60S200F-81-F2"},{"r":"164","t":"24:31:37","h":"Est","s":"25N-H60N000S-80-S"},{"r":"164","t":"24:31:37","h":"Est","s":"25N-H60N000S-98-S"},{"r":"164","t":"24:31:37","h":"Est","s":"25N-H60NV10S-98-S"},{"r":"164","t":"24:31:37","h":"Est","s":"25N-H60NV20S-98-S"},{"r":"164","t":"24:31:37","h":"Est","s":"25S-H60S000S-80-S"},{"r":"164","t":"24:37:37","h":"Est","s":"25N-H60N000A-80-A"},{"r":"164","t":"24:37:37","h":"Est","s":"25N-H60NV10A-80-A"},{"r":"164","t":"24:37:37","h":"Est","s":"25N-H60NV20A-80-A"},{"r":"164","t":"24:37:37","h":"Est","s":"25S-H60S000A-80-A"},{"r":"164","t":"24:58:51","h":"Est","s":"25N-H60N000I-80-I"},{"r":"164","t":"24:58:51","h":"Est","s":"25N-H60N100F-81-F1"},{"r":"164","t":"24:58:51","h":"Est","s":"25N-H60N200F-81-F2"},{"r":"164","t":"24:58:51","h":"Est","s":"25N-H60N300F-82-F3"},{"r":"164","t":"24:58:51","h":"Est","s":"25N-H60N400F-81-F4"},{"r":"164","t":"24:58:51","h":"Est","s":"25N-H60NV10I-80-I"},{"r":"164","t":"24:58:51","h":"Est","s":"25N-H60NV20I-80-I"},{"r":"164","t":"24:58:51","h":"Est","s":"25S-H60S000I-80-I"},{"r":"164","t":"24:58:51","h":"Est","s":"25S-H60S100F-82-F1"},{"r":"164","t":"24:58:51","h":"Est","s":"25S-H60S200F-81-F2"},{"r":"164","t":"25:09:37","h":"Est","s":"25N-H60N000A-80-A"},{"r":"164","t":"25:09:37","h":"Est","s":"25N-H60NV10A-80-A"},{"r":"164","t":"25:09:37","h":"Est","s":"25N-H60NV20A-80-A"},{"r":"164","t":"25:09:37","h":"Est","s":"25S-H60S000A-80-A"},{"r":"164","t":"25:10:37","h":"Est","s":"25N-H60N000S-80-S"},{"r":"164","t":"25:10:37","h":"Est","s":"25N-H60N000S-98-S"},{"r":"164","t":"25:10:37","h":"Est","s":"25N-H60NV10S-98-S"},{"r":"164","t":"25:10:37","h":"Est","s":"25N-H60NV20S-98-S"},{"r":"164","t":"25:10:37","h":"Est","s":"25S-H60S000S-80-S"},{"r":"164","t":"25:40:37","h":"Est","s":"25N-H60N000A-80-A"},{"r":"164","t":"25:40:37","h":"Est","s":"25N-H60NV10A-80-A"},{"r":"164","t":"25:40:37","h":"Est","s":"25N-H60NV20A-80-A"},{"r":"164","t":"25:40:37","h":"Est","s":"25S-H60S000A-80-A"}]