[{"r":"69","t":"05:24:16","h":"Ouest","s":"25N-H58N000A-80-A"},{"r":"69","t":"05:24:16","h":"Ouest","s":"25N-H58NV10A-80-A"},{"r":"69","t":"05:24:16","h":"Ouest","s":"25N-H58NV20A-80-A"},{"r":"69","t":"05:24:16","h":"Ouest","s":"25S-H58S000A-80-A"},{"r":"69","t":"05:26:53","h":"Ouest","s":"25N-H58N000S-80-S"},{"r":"69","t":"05:26:53","h":"Ouest","s":"25N-H58NV10S-80-S"},{"r":"69","t":"05:26:53","h":"Ouest","s":"25N-H58NV20S-80-S"},{"r":"69","t":"05:26:53","h":"Ouest","s":"25S-H58S000S-80-S"},{"r":"69","t":"05:33:53","h":"Ouest","s":"25N-H58N000I-80-I"},{"r":"69","t":"05:33:53","h":"Ouest","s":"25N-H58N100F-80-F1"},{"r":"69","t":"05:33:53","h":"Ouest","s":"25N-H58N200F-80-F2"},{"r":"69","t":"05:33:53","h":"Ouest","s":"25N-H58N300F-80-F3"},{"r":"69","t":"05:33:53","h":"Ouest","s":"25N-H58N400F-80-F4"},{"r":"69","t":"05:33:53","h":"Ouest","s":"25N-H58NV10I-80-I"},{"r":"69","t":"05:33:53","h":"Ouest","s":"25N-H58NV20I-80-I"},{"r":"69","t":"05:33:53","h":"Ouest","s":"25S-H58S000I-80-I"},{"r":"69","t":"05:33:53","h":"Ouest","s":"25S-H58S100F-80-F1"},{"r":"69","t":"05:33:53","h":"Ouest","s":"25S-H58S200F-80-F2"},{"r":"69","t":"05:53:53","h":"Ouest","s":"25N-H58N000I-80-I"},{"r":"69","t":"05:53:53","h":"Ouest","s":"25N-H58N100F-80-F1"},{"r":"69","t":"05:53:53","h":"Ouest","s":"25N-H58N200F-80-F2"},{"r":"69","t":"05:53:53","h":"Ouest","s":"25N-H58N300F-80-F3"},{"r":"69","t":"05:53:53","h":"Ouest","s":"25N-H58N400F-80-F4"},{"r":"69","t":"05:53:53","h":"Ouest","s":"25N-H58NV10I-80-I"},{"r":"69","t":"05:53:53","h":"Ouest","s":"25N-H58NV20I-80-I"},{"r":"69","t":"05:53:53","h":"Ouest","s":"25S-H58S000I-80-I"},{"r":"69","t":"05:53:53","h":"Ouest","s":"25S-H58S100F-80-F1"},{"r":"69","t":"05:53:53","h":"Ouest","s":"25S-H58S200F-80-F2"},{"r":"69","t":"05:54:16","h":"Ouest","s":"25N-H58N000A-80-A"},{"r":"69","t":"05:54:16","h":"Ouest","s":"25N-H58NV10A-80-A"},{"r":"69","t":"05:54:16","h":"Ouest","s":"25N-H58NV20A-80-A"},{"r":"69","t":"05:54:16","h":"Ouest","s":"25S-H58S000A-80-A"},{"r":"69","t":"05:55:53","h":"Ouest","s":"25N-H58N000S-80-S"},{"r":"69","t":"05:55:53","h":"Ouest","s":"25N-H58NV10S-80-S"},{"r":"69","t":"05:55:53","h":"Ouest","s":"25N-H58NV20S-80-S"},{"r":"69","t":"05:55:53","h":"Ouest","s":"25S-H58S000S-80-S"},{"r":"69","t":"06:22:16","h":"Ouest","s":"25N-H58N000S-80-S"},{"r":"69","t":"06:22:16","h":"Ouest","s":"25N-H58NV10S-80-S"},{"r":"69","t":"06:22:16","h":"Ouest","s":"25N-H58NV20S-80-S"},{"r":"69","t":"06:22:16","h":"Ouest","s":"25S-H58S000S-80-S"},{"r":"69","t":"06:25:16","h":"Ouest","s":"25N-H58N000I-80-I"},{"r":"69","t":"06:25:16","h":"Ouest","s":"25N-H58N100F-80-F1"},{"r":"69","t":"06:25:16","h":"Ouest","s":"25N-H58N200F-80-F2"},{"r":"69","t":"06:25:16","h":"Ouest","s":"25N-H58N300F-80-F3"},{"r":"69","t":"06:25:16","h":"Ouest","s":"25N-H58N400F-80-F4"},{"r":"69","t":"06:25:16","h":"Ouest","s":"25N-H58NV10I-80-I"},{"r":"69","t":"06:25:16","h":"Ouest","s":"25N-H58NV20I-80-I"},{"r":"69","t":"06:25:16","h":"Ouest","s":"25S-H58S000I-80-I"},{"r":"69","t":"06:25:16","h":"Ouest","s":"25S-H58S100F-80-F1"},{"r":"69","t":"06:25:16","h":"Ouest","s":"25S-H58S200F-80-F2"},{"r":"69","t":"06:26:16","h":"Ouest","s":"25N-H58N000A-80-A"},{"r":"69","t":"06:26:16","h":"Ouest","s":"25N-H58NV10A-80-A"},{"r":"69","t":"06:26:16","h":"Ouest","s":"25N-H58NV20A-80-A"},{"r":"69","t":"06:26:16","h":"Ouest","s":"25S-H58S000A-80-A"},{"r":"69","t":"06:48:16","h":"Ouest","s":"25N-H58N000S-80-S"},{"r":"69","t":"06:48:16","h":"Ouest","s":"25N-H58NV10S-80-S"},{"r":"69","t":"06:48:16","h":"Ouest","s":"25N-H58NV20S-80-S"},{"r":"69","t":"06:48:16","h":"Ouest","s":"25S-H58S000S-80-S"},{"r":"69","t":"06:55:16","h":"Ouest","s":"25N-H58N000A-80-A"},{"r":"69","t":"06:55:16","h":"Ouest","s":"25N-H58NV10A-80-A"},{"r":"69","t":"06:55:16","h":"Ouest","s":"25N-H58NV20A-80-A"},{"r":"69","t":"06:55:16","h":"Ouest","s":"25S-H58S000A-80-A"},{"r":"69","t":"06:56:16","h":"Ouest","s":"25N-H58N000I-80-I"},{"r":"69","t":"06:56:16","h":"Ouest","s":"25N-H58N100F-80-F1"},{"r":"69","t":"06:56:16","h":"Ouest","s":"25N-H58N200F-80-F2"},{"r":"69","t":"06:56:16","h":"Ouest","s":"25N-H58N300F-80-F3"},{"r":"69","t":"06:56:16","h":"Ouest","s":"25N-H58N400F-80-F4"},{"r":"69","t":"06:56:16","h":"Ouest","s":"25N-H58NV10I-80-I"},{"r":"69","t":"06:56:16","h":"Ouest","s":"25N-H58NV20I-80-I"},{"r":"69","t":"06:56:16","h":"Ouest","s":"25S-H58S000I-80-I"},{"r":"69","t":"06:56:16","h":"Ouest","s":"25S-H58S100F-80-F1"},{"r":"69","t":"06:56:16","h":"Ouest","s":"25S-H58S200F-80-F2"},{"r":"69","t":"06:59:16","h":"Ouest","s":"25N-H58N000S-80-S"},{"r":"69","t":"06:59:16","h":"Ouest","s":"25N-H58NV10S-80-S"},{"r":"69","t":"06:59:16","h":"Ouest","s":"25N-H58NV20S-80-S"},{"r":"69","t":"06:59:16","h":"Ouest","s":"25S-H58S000S-80-S"},{"r":"69","t":"07:11:16","h":"Ouest","s":"25N-H58N000S-80-S"},{"r":"69","t":"07:11:16","h":"Ouest","s":"25N-H58NV10S-80-S"},{"r":"69","t":"07:11:16","h":"Ouest","s":"25N-H58NV20S-80-S"},{"r":"69","t":"07:11:16","h":"Ouest","s":"25S-H58S000S-80-S"},{"r":"69","t":"07:23:16","h":"Ouest","s":"25N-H58N000S-80-S"},{"r":"69","t":"07:23:16","h":"Ouest","s":"25N-H58NV10S-80-S"},{"r":"69","t":"07:23:16","h":"Ouest","s":"25N-H58NV20S-80-S"},{"r":"69","t":"07:23:16","h":"Ouest","s":"25S-H58S000S-80-S"},{"r":"69","t":"07:25:16","h":"Ouest","s":"25N-H58N000A-80-A"},{"r":"69","t":"07:25:16","h":"Ouest","s":"25N-H58NV10A-80-A"},{"r":"69","t":"07:25:16","h":"Ouest","s":"25N-H58NV20A-80-A"},{"r":"69","t":"07:25:16","h":"Ouest","s":"25S-H58S000A-80-A"},{"r":"69","t":"07:26:16","h":"Ouest","s":"25N-H58N000I-80-I"},{"r":"69","t":"07:26:16","h":"Ouest","s":"25N-H58N100F-80-F1"},{"r":"69","t":"07:26:16","h":"Ouest","s":"25N-H58N200F-80-F2"},{"r":"69","t":"07:26:16","h":"Ouest","s":"25N-H58N300F-80-F3"},{"r":"69","t":"07:26:16","h":"Ouest","s":"25N-H58N400F-80-F4"},{"r":"69","t":"07:26:16","h":"Ouest","s":"25N-H58NV10I-80-I"},{"r":"69","t":"07:26:16","h":"Ouest","s":"25N-H58NV20I-80-I"},{"r":"69","t":"07:26:16","h":"Ouest","s":"25S-H58S000I-80-I"},{"r":"69","t":"07:26:16","h":"Ouest","s":"25S-H58S100F-80-F1"},{"r":"69","t":"07:26:16","h":"Ouest","s":"25S-H58S200F-80-F2"},{"r":"69","t":"07:34:16","h":"Ouest","s":"25N-H58N000S-80-S"},{"r":"69","t":"07:34:16","h":"Ouest","s":"25N-H58NV10S-80-S"},{"r":"69","t":"07:34:16","h":"Ouest","s":"25N-H58NV20S-80-S"},{"r":"69","t":"07:34:16","h":"Ouest","s":"25S-H58S000S-80-S"},{"r":"69","t":"07:44:16","h":"Ouest","s":"25N-H58N000S-80-S"},{"r":"69","t":"07:44:16","h":"Ouest","s":"25N-H58NV10S-80-S"},{"r":"69","t":"07:44:16","h":"Ouest","s":"25N-H58NV20S-80-S"},{"r":"69","t":"07:44:16","h":"Ouest","s":"25S-H58S000S-80-S"},{"r":"69","t":"07:48:16","h":"Ouest","s":"25N-H58N000A-80-A"},{"r":"69","t":"07:48:16","h":"Ouest","s":"25N-H58NV10A-80-A"},{"r":"69","t":"07:48:16","h":"Ouest","s":"25N-H58NV20A-80-A"},{"r":"69","t":"07:48:16","h":"Ouest","s":"25S-H58S000A-80-A"},{"r":"69","t":"07:55:16","h":"Ouest","s":"25N-H58N000S-80-S"},{"r":"69","t":"07:55:16","h":"Ouest","s":"25N-H58NV10S-80-S"},{"r":"69","t":"07:55:16","h":"Ouest","s":"25N-H58NV20S-80-S"},{"r":"69","t":"07:55:16","h":"Ouest","s":"25S-H58S000S-80-S"},{"r":"69","t":"07:56:16","h":"Ouest","s":"25N-H58N000I-80-I"},{"r":"69","t":"07:56:16","h":"Ouest","s":"25N-H58N100F-80-F1"},{"r":"69","t":"07:56:16","h":"Ouest","s":"25N-H58N200F-80-F2"},{"r":"69","t":"07:56:16","h":"Ouest","s":"25N-H58N300F-80-F3"},{"r":"69","t":"07:56:16","h":"Ouest","s":"25N-H58N400F-80-F4"},{"r":"69","t":"07:56:16","h":"Ouest","s":"25N-H58NV10I-80-I"},{"r":"69","t":"07:56:16","h":"Ouest","s":"25N-H58NV20I-80-I"},{"r":"69","t":"07:56:16","h":"Ouest","s":"25S-H58S000I-80-I"},{"r":"69","t":"07:56:16","h":"Ouest","s":"25S-H58S100F-80-F1"},{"r":"69","t":"07:56:16","h":"Ouest","s":"25S-H58S200F-80-F2"},{"r":"69","t":"08:05:16","h":"Ouest","s":"25N-H58N000S-80-S"},{"r":"69","t":"08:05:16","h":"Ouest","s":"25N-H58NV10S-80-S"},{"r":"69","t":"08:05:16","h":"Ouest","s":"25N-H58NV20S-80-S"},{"r":"69","t":"08:05:16","h":"Ouest","s":"25S-H58S000S-80-S"},{"r":"69","t":"08:09:16","h":"Ouest","s":"25N-H58N000A-80-A"},{"r":"69","t":"08:09:16","h":"Ouest","s":"25N-H58NV10A-80-A"},{"r":"69","t":"08:09:16","h":"Ouest","s":"25N-H58NV20A-80-A"},{"r":"69","t":"08:09:16","h":"Ouest","s":"25S-H58S000A-80-A"},{"r":"69","t":"08:14:16","h":"Ouest","s":"25N-H58N000S-80-S"},{"r":"69","t":"08:14:16","h":"Ouest","s":"25N-H58NV10S-80-S"},{"r":"69","t":"08:14:16","h":"Ouest","s":"25N-H58NV20S-80-S"},{"r":"69","t":"08:14:16","h":"Ouest","s":"25S-H58S000S-80-S"},{"r":"69","t":"08:25:16","h":"Ouest","s":"25N-H58N000I-80-I"},{"r":"69","t":"08:25:16","h":"Ouest","s":"25N-H58N100F-80-F1"},{"r":"69","t":"08:25:16","h":"Ouest","s":"25N-H58N200F-80-F2"},{"r":"69","t":"08:25:16","h":"Ouest","s":"25N-H58N300F-80-F3"},{"r":"69","t":"08:25:16","h":"Ouest","s":"25N-H58N400F-80-F4"},{"r":"69","t":"08:25:16","h":"Ouest","s":"25N-H58NV10I-80-I"},{"r":"69","t":"08:25:16","h":"Ouest","s":"25N-H58NV20I-80-I"},{"r":"69","t":"08:25:16","h":"Ouest","s":"25S-H58S000I-80-I"},{"r":"69","t":"08:25:16","h":"Ouest","s":"25S-H58S100F-80-F1"},{"r":"69","t":"08:25:16","h":"Ouest","s":"25S-H58S200F-80-F2"},{"r":"69","t":"08:26:16","h":"Ouest","s":"25N-H58N000S-80-S"},{"r":"69","t":"08:26:16","h":"Ouest","s":"25N-H58NV10S-80-S"},{"r":"69","t":"08:26:16","h":"Ouest","s":"25N-H58NV20S-80-S"},{"r":"69","t":"08:26:16","h":"Ouest","s":"25S-H58S000S-80-S"},{"r":"69","t":"08:30:16","h":"Ouest","s":"25N-H58N000A-80-A"},{"r":"69","t":"08:30:16","h":"Ouest","s":"25N-H58NV10A-80-A"},{"r":"69","t":"08:30:16","h":"Ouest","s":"25N-H58NV20A-80-A"},{"r":"69","t":"08:30:16","h":"Ouest","s":"25S-H58S000A-80-A"},{"r":"69","t":"08:34:16","h":"Ouest","s":"25N-H58N000S-80-S"},{"r":"69","t":"08:34:16","h":"Ouest","s":"25N-H58NV10S-80-S"},{"r":"69","t":"08:34:16","h":"Ouest","s":"25N-H58NV20S-80-S"},{"r":"69","t":"08:34:16","h":"Ouest","s":"25S-H58S000S-80-S"},{"r":"69","t":"08:44:16","h":"Ouest","s":"25N-H58N000S-80-S"},{"r":"69","t":"08:44:16","h":"Ouest","s":"25N-H58NV10S-80-S"},{"r":"69","t":"08:44:16","h":"Ouest","s":"25N-H58NV20S-80-S"},{"r":"69","t":"08:44:16","h":"Ouest","s":"25S-H58S000S-80-S"},{"r":"69","t":"08:48:16","h":"Ouest","s":"25N-H58N000S-80-S"},{"r":"69","t":"08:48:16","h":"Ouest","s":"25N-H58NV10S-80-S"},{"r":"69","t":"08:48:16","h":"Ouest","s":"25N-H58NV20S-80-S"},{"r":"69","t":"08:48:16","h":"Ouest","s":"25S-H58S000S-80-S"},{"r":"69","t":"08:50:16","h":"Ouest","s":"25N-H58N000I-80-I"},{"r":"69","t":"08:50:16","h":"Ouest","s":"25N-H58N100F-80-F1"},{"r":"69","t":"08:50:16","h":"Ouest","s":"25N-H58N200F-80-F2"},{"r":"69","t":"08:50:16","h":"Ouest","s":"25N-H58N300F-80-F3"},{"r":"69","t":"08:50:16","h":"Ouest","s":"25N-H58N400F-80-F4"},{"r":"69","t":"08:50:16","h":"Ouest","s":"25N-H58NV10I-80-I"},{"r":"69","t":"08:50:16","h":"Ouest","s":"25N-H58NV20I-80-I"},{"r":"69","t":"08:50:16","h":"Ouest","s":"25S-H58S000I-80-I"},{"r":"69","t":"08:50:16","h":"Ouest","s":"25S-H58S100F-80-F1"},{"r":"69","t":"08:50:16","h":"Ouest","s":"25S-H58S200F-80-F2"},{"r":"69","t":"08:53:16","h":"Ouest","s":"25N-H58N000A-80-A"},{"r":"69","t":"08:53:16","h":"Ouest","s":"25N-H58NV10A-80-A"},{"r":"69","t":"08:53:16","h":"Ouest","s":"25N-H58NV20A-80-A"},{"r":"69","t":"08:53:16","h":"Ouest","s":"25S-H58S000A-80-A"},{"r":"69","t":"08:54:16","h":"Ouest","s":"25N-H58N000S-80-S"},{"r":"69","t":"08:54:16","h":"Ouest","s":"25N-H58NV10S-80-S"},{"r":"69","t":"08:54:16","h":"Ouest","s":"25N-H58NV20S-80-S"},{"r":"69","t":"08:54:16","h":"Ouest","s":"25S-H58S000S-80-S"},{"r":"69","t":"09:04:16","h":"Ouest","s":"25N-H58N000S-80-S"},{"r":"69","t":"09:04:16","h":"Ouest","s":"25N-H58NV10S-80-S"},{"r":"69","t":"09:04:16","h":"Ouest","s":"25N-H58NV20S-80-S"},{"r":"69","t":"09:04:16","h":"Ouest","s":"25S-H58S000S-80-S"},{"r":"69","t":"09:08:16","h":"Ouest","s":"25N-H58N000S-80-S"},{"r":"69","t":"09:08:16","h":"Ouest","s":"25N-H58NV10S-80-S"},{"r":"69","t":"09:08:16","h":"Ouest","s":"25N-H58NV20S-80-S"},{"r":"69","t":"09:08:16","h":"Ouest","s":"25S-H58S000S-80-S"},{"r":"69","t":"09:13:16","h":"Ouest","s":"25N-H58N000A-80-A"},{"r":"69","t":"09:13:16","h":"Ouest","s":"25N-H58NV10A-80-A"},{"r":"69","t":"09:13:16","h":"Ouest","s":"25N-H58NV20A-80-A"},{"r":"69","t":"09:13:16","h":"Ouest","s":"25S-H58S000A-80-A"},{"r":"69","t":"09:15:16","h":"Ouest","s":"25N-H58N000S-80-S"},{"r":"69","t":"09:15:16","h":"Ouest","s":"25N-H58NV10S-80-S"},{"r":"69","t":"09:15:16","h":"Ouest","s":"25N-H58NV20S-80-S"},{"r":"69","t":"09:15:16","h":"Ouest","s":"25S-H58S000S-80-S"},{"r":"69","t":"09:17:16","h":"Ouest","s":"25N-H58N000I-80-I"},{"r":"69","t":"09:17:16","h":"Ouest","s":"25N-H58N100F-80-F1"},{"r":"69","t":"09:17:16","h":"Ouest","s":"25N-H58N200F-80-F2"},{"r":"69","t":"09:17:16","h":"Ouest","s":"25N-H58N300F-80-F3"},{"r":"69","t":"09:17:16","h":"Ouest","s":"25N-H58N400F-80-F4"},{"r":"69","t":"09:17:16","h":"Ouest","s":"25N-H58NV10I-80-I"},{"r":"69","t":"09:17:16","h":"Ouest","s":"25N-H58NV20I-80-I"},{"r":"69","t":"09:17:16","h":"Ouest","s":"25S-H58S000I-80-I"},{"r":"69","t":"09:17:16","h":"Ouest","s":"25S-H58S100F-80-F1"},{"r":"69","t":"09:17:16","h":"Ouest","s":"25S-H58S200F-80-F2"},{"r":"69","t":"09:24:16","h":"Ouest","s":"25N-H58N000S-80-S"},{"r":"69","t":"09:24:16","h":"Ouest","s":"25N-H58NV10S-80-S"},{"r":"69","t":"09:24:16","h":"Ouest","s":"25N-H58NV20S-80-S"},{"r":"69","t":"09:24:16","h":"Ouest","s":"25S-H58S000S-80-S"},{"r":"69","t":"09:33:16","h":"Ouest","s":"25N-H58N000A-80-A"},{"r":"69","t":"09:33:16","h":"Ouest","s":"25N-H58NV10A-80-A"},{"r":"69","t":"09:33:16","h":"Ouest","s":"25N-H58NV20A-80-A"},{"r":"69","t":"09:33:16","h":"Ouest","s":"25S-H58S000A-80-A"},{"r":"69","t":"09:34:16","h":"Ouest","s":"25N-H58N000S-80-S"},{"r":"69","t":"09:34:16","h":"Ouest","s":"25N-H58NV10S-80-S"},{"r":"69","t":"09:34:16","h":"Ouest","s":"25N-H58NV20S-80-S"},{"r":"69","t":"09:34:16","h":"Ouest","s":"25S-H58S000S-80-S"},{"r":"69","t":"09:42:16","h":"Ouest","s":"25N-H58N000I-80-I"},{"r":"69","t":"09:42:16","h":"Ouest","s":"25N-H58N100F-80-F1"},{"r":"69","t":"09:42:16","h":"Ouest","s":"25N-H58N200F-80-F2"},{"r":"69","t":"09:42:16","h":"Ouest","s":"25N-H58N300F-80-F3"},{"r":"69","t":"09:42:16","h":"Ouest","s":"25N-H58N400F-80-F4"},{"r":"69","t":"09:42:16","h":"Ouest","s":"25N-H58NV10I-80-I"},{"r":"69","t":"09:42:16","h":"Ouest","s":"25N-H58NV20I-80-I"},{"r":"69","t":"09:42:16","h":"Ouest","s":"25S-H58S000I-80-I"},{"r":"69","t":"09:42:16","h":"Ouest","s":"25S-H58S100F-80-F1"},{"r":"69","t":"09:42:16","h":"Ouest","s":"25S-H58S200F-80-F2"},{"r":"69","t":"09:44:16","h":"Ouest","s":"25N-H58N000S-80-S"},{"r":"69","t":"09:44:16","h":"Ouest","s":"25N-H58NV10S-80-S"},{"r":"69","t":"09:44:16","h":"Ouest","s":"25N-H58NV20S-80-S"},{"r":"69","t":"09:44:16","h":"Ouest","s":"25S-H58S000S-80-S"},{"r":"69","t":"09:53:16","h":"Ouest","s":"25N-H58N000A-80-A"},{"r":"69","t":"09:53:16","h":"Ouest","s":"25N-H58NV10A-80-A"},{"r":"69","t":"09:53:16","h":"Ouest","s":"25N-H58NV20A-80-A"},{"r":"69","t":"09:53:16","h":"Ouest","s":"25S-H58S000A-80-A"},{"r":"69","t":"09:55:16","h":"Ouest","s":"25N-H58N000S-80-S"},{"r":"69","t":"09:55:16","h":"Ouest","s":"25N-H58NV10S-80-S"},{"r":"69","t":"09:55:16","h":"Ouest","s":"25N-H58NV20S-80-S"},{"r":"69","t":"09:55:16","h":"Ouest","s":"25S-H58S000S-80-S"},{"r":"69","t":"10:07:16","h":"Ouest","s":"25N-H58N000S-80-S"},{"r":"69","t":"10:07:16","h":"Ouest","s":"25N-H58NV10S-80-S"},{"r":"69","t":"10:07:16","h":"Ouest","s":"25N-H58NV20S-80-S"},{"r":"69","t":"10:07:16","h":"Ouest","s":"25S-H58S000S-80-S"},{"r":"69","t":"10:08:16","h":"Ouest","s":"25N-H58N000I-80-I"},{"r":"69","t":"10:08:16","h":"Ouest","s":"25N-H58N100F-80-F1"},{"r":"69","t":"10:08:16","h":"Ouest","s":"25N-H58N200F-80-F2"},{"r":"69","t":"10:08:16","h":"Ouest","s":"25N-H58N300F-80-F3"},{"r":"69","t":"10:08:16","h":"Ouest","s":"25N-H58N400F-80-F4"},{"r":"69","t":"10:08:16","h":"Ouest","s":"25N-H58NV10I-80-I"},{"r":"69","t":"10:08:16","h":"Ouest","s":"25N-H58NV20I-80-I"},{"r":"69","t":"10:08:16","h":"Ouest","s":"25S-H58S000I-80-I"},{"r":"69","t":"10:08:16","h":"Ouest","s":"25S-H58S100F-80-F1"},{"r":"69","t":"10:08:16","h":"Ouest","s":"25S-H58S200F-80-F2"},{"r":"69","t":"10:15:16","h":"Ouest","s":"25N-H58N000A-80-A"},{"r":"69","t":"10:15:16","h":"Ouest","s":"25N-H58NV10A-80-A"},{"r":"69","t":"10:15:16","h":"Ouest","s":"25N-H58NV20A-80-A"},{"r":"69","t":"10:15:16","h":"Ouest","s":"25S-H58S000A-80-A"},{"r":"69","t":"10:27:16","h":"Ouest","s":"25N-H58N000S-80-S"},{"r":"69","t":"10:27:16","h":"Ouest","s":"25N-H58NV10S-80-S"},{"r":"69","t":"10:27:16","h":"Ouest","s":"25N-H58NV20S-80-S"},{"r":"69","t":"10:27:16","h":"Ouest","s":"25S-H58S000S-80-S"},{"r":"69","t":"10:35:16","h":"Ouest","s":"25N-H58N000A-80-A"},{"r":"69","t":"10:35:16","h":"Ouest","s":"25N-H58NV10A-80-A"},{"r":"69","t":"10:35:16","h":"Ouest","s":"25N-H58NV20A-80-A"},{"r":"69","t":"10:35:16","h":"Ouest","s":"25S-H58S000A-80-A"},{"r":"69","t":"10:38:16","h":"Ouest","s":"25N-H58N000I-80-I"},{"r":"69","t":"10:38:16","h":"Ouest","s":"25N-H58N100F-80-F1"},{"r":"69","t":"10:38:16","h":"Ouest","s":"25N-H58N200F-80-F2"},{"r":"69","t":"10:38:16","h":"Ouest","s":"25N-H58N300F-80-F3"},{"r":"69","t":"10:38:16","h":"Ouest","s":"25N-H58N400F-80-F4"},{"r":"69","t":"10:38:16","h":"Ouest","s":"25N-H58NV10I-80-I"},{"r":"69","t":"10:38:16","h":"Ouest","s":"25N-H58NV20I-80-I"},{"r":"69","t":"10:38:16","h":"Ouest","s":"25S-H58S000I-80-I"},{"r":"69","t":"10:38:16","h":"Ouest","s":"25S-H58S100F-80-F1"},{"r":"69","t":"10:38:16","h":"Ouest","s":"25S-H58S200F-80-F2"},{"r":"69","t":"10:47:16","h":"Ouest","s":"25N-H58N000S-80-S"},{"r":"69","t":"10:47:16","h":"Ouest","s":"25N-H58NV10S-80-S"},{"r":"69","t":"10:47:16","h":"Ouest","s":"25N-H58NV20S-80-S"},{"r":"69","t":"10:47:16","h":"Ouest","s":"25S-H58S000S-80-S"},{"r":"69","t":"10:55:16","h":"Ouest","s":"25N-H58N000A-80-A"},{"r":"69","t":"10:55:16","h":"Ouest","s":"25N-H58NV10A-80-A"},{"r":"69","t":"10:55:16","h":"Ouest","s":"25N-H58NV20A-80-A"},{"r":"69","t":"10:55:16","h":"Ouest","s":"25S-H58S000A-80-A"},{"r":"69","t":"11:05:16","h":"Ouest","s":"25N-H58N000I-80-I"},{"r":"69","t":"11:05:16","h":"Ouest","s":"25N-H58N100F-80-F1"},{"r":"69","t":"11:05:16","h":"Ouest","s":"25N-H58N200F-80-F2"},{"r":"69","t":"11:05:16","h":"Ouest","s":"25N-H58N300F-80-F3"},{"r":"69","t":"11:05:16","h":"Ouest","s":"25N-H58N400F-80-F4"},{"r":"69","t":"11:05:16","h":"Ouest","s":"25N-H58NV10I-80-I"},{"r":"69","t":"11:05:16","h":"Ouest","s":"25N-H58NV20I-80-I"},{"r":"69","t":"11:05:16","h":"Ouest","s":"25S-H58S000I-80-I"},{"r":"69","t":"11:05:16","h":"Ouest","s":"25S-H58S100F-80-F1"},{"r":"69","t":"11:05:16","h":"Ouest","s":"25S-H58S200F-80-F2"},{"r":"69","t":"11:07:16","h":"Ouest","s":"25N-H58N000S-80-S"},{"r":"69","t":"11:07:16","h":"Ouest","s":"25N-H58NV10S-80-S"},{"r":"69","t":"11:07:16","h":"Ouest","s":"25N-H58NV20S-80-S"},{"r":"69","t":"11:07:16","h":"Ouest","s":"25S-H58S000S-80-S"},{"r":"69","t":"11:15:16","h":"Ouest","s":"25N-H58N000A-80-A"},{"r":"69","t":"11:15:16","h":"Ouest","s":"25N-H58NV10A-80-A"},{"r":"69","t":"11:15:16","h":"Ouest","s":"25N-H58NV20A-80-A"},{"r":"69","t":"11:15:16","h":"Ouest","s":"25S-H58S000A-80-A"},{"r":"69","t":"11:27:16","h":"Ouest","s":"25N-H58N000S-80-S"},{"r":"69","t":"11:27:16","h":"Ouest","s":"25N-H58NV10S-80-S"},{"r":"69","t":"11:27:16","h":"Ouest","s":"25N-H58NV20S-80-S"},{"r":"69","t":"11:27:16","h":"Ouest","s":"25S-H58S000S-80-S"},{"r":"69","t":"11:31:16","h":"Ouest","s":"25N-H58N000I-80-I"},{"r":"69","t":"11:31:16","h":"Ouest","s":"25N-H58N100F-80-F1"},{"r":"69","t":"11:31:16","h":"Ouest","s":"25N-H58N200F-80-F2"},{"r":"69","t":"11:31:16","h":"Ouest","s":"25N-H58N300F-80-F3"},{"r":"69","t":"11:31:16","h":"Ouest","s":"25N-H58N400F-80-F4"},{"r":"69","t":"11:31:16","h":"Ouest","s":"25N-H58NV10I-80-I"},{"r":"69","t":"11:31:16","h":"Ouest","s":"25N-H58NV20I-80-I"},{"r":"69","t":"11:31:16","h":"Ouest","s":"25S-H58S000I-80-I"},{"r":"69","t":"11:31:16","h":"Ouest","s":"25S-H58S100F-80-F1"},{"r":"69","t":"11:31:16","h":"Ouest","s":"25S-H58S200F-80-F2"},{"r":"69","t":"11:35:16","h":"Ouest","s":"25N-H58N000A-80-A"},{"r":"69","t":"11:35:16","h":"Ouest","s":"25N-H58NV10A-80-A"},{"r":"69","t":"11:35:16","h":"Ouest","s":"25N-H58NV20A-80-A"},{"r":"69","t":"11:35:16","h":"Ouest","s":"25S-H58S000A-80-A"},{"r":"69","t":"11:47:16","h":"Ouest","s":"25N-H58N000S-80-S"},{"r":"69","t":"11:47:16","h":"Ouest","s":"25N-H58NV10S-80-S"},{"r":"69","t":"11:47:16","h":"Ouest","s":"25N-H58NV20S-80-S"},{"r":"69","t":"11:47:16","h":"Ouest","s":"25S-H58S000S-80-S"},{"r":"69","t":"11:54:16","h":"Ouest","s":"25N-H58N000A-80-A"},{"r":"69","t":"11:54:16","h":"Ouest","s":"25N-H58NV10A-80-A"},{"r":"69","t":"11:54:16","h":"Ouest","s":"25N-H58NV20A-80-A"},{"r":"69","t":"11:54:16","h":"Ouest","s":"25S-H58S000A-80-A"},{"r":"69","t":"11:56:16","h":"Ouest","s":"25N-H58N000I-80-I"},{"r":"69","t":"11:56:16","h":"Ouest","s":"25N-H58N100F-80-F1"},{"r":"69","t":"11:56:16","h":"Ouest","s":"25N-H58N200F-80-F2"},{"r":"69","t":"11:56:16","h":"Ouest","s":"25N-H58N300F-80-F3"},{"r":"69","t":"11:56:16","h":"Ouest","s":"25N-H58N400F-80-F4"},{"r":"69","t":"11:56:16","h":"Ouest","s":"25N-H58NV10I-80-I"},{"r":"69","t":"11:56:16","h":"Ouest","s":"25N-H58NV20I-80-I"},{"r":"69","t":"11:56:16","h":"Ouest","s":"25S-H58S000I-80-I"},{"r":"69","t":"11:56:16","h":"Ouest","s":"25S-H58S100F-80-F1"},{"r":"69","t":"11:56:16","h":"Ouest","s":"25S-H58S200F-80-F2"},{"r":"69","t":"11:58:16","h":"Ouest","s":"25N-H58N000S-80-S"},{"r":"69","t":"11:58:16","h":"Ouest","s":"25N-H58NV10S-80-S"},{"r":"69","t":"11:58:16","h":"Ouest","s":"25N-H58NV20S-80-S"},{"r":"69","t":"11:58:16","h":"Ouest","s":"25S-H58S000S-80-S"},{"r":"69","t":"12:14:16","h":"Ouest","s":"25N-H58N000A-80-A"},{"r":"69","t":"12:14:16","h":"Ouest","s":"25N-H58NV10A-80-A"},{"r":"69","t":"12:14:16","h":"Ouest","s":"25N-H58NV20A-80-A"},{"r":"69","t":"12:14:16","h":"Ouest","s":"25S-H58S000A-80-A"},{"r":"69","t":"12:18:16","h":"Ouest","s":"25N-H58N000S-80-S"},{"r":"69","t":"12:18:16","h":"Ouest","s":"25N-H58NV10S-80-S"},{"r":"69","t":"12:18:16","h":"Ouest","s":"25N-H58NV20S-80-S"},{"r":"69","t":"12:18:16","h":"Ouest","s":"25S-H58S000S-80-S"},{"r":"69","t":"12:21:16","h":"Ouest","s":"25N-H58N000I-80-I"},{"r":"69","t":"12:21:16","h":"Ouest","s":"25N-H58N100F-80-F1"},{"r":"69","t":"12:21:16","h":"Ouest","s":"25N-H58N200F-80-F2"},{"r":"69","t":"12:21:16","h":"Ouest","s":"25N-H58N300F-80-F3"},{"r":"69","t":"12:21:16","h":"Ouest","s":"25N-H58N400F-80-F4"},{"r":"69","t":"12:21:16","h":"Ouest","s":"25N-H58NV10I-80-I"},{"r":"69","t":"12:21:16","h":"Ouest","s":"25N-H58NV20I-80-I"},{"r":"69","t":"12:21:16","h":"Ouest","s":"25S-H58S000I-80-I"},{"r":"69","t":"12:21:16","h":"Ouest","s":"25S-H58S100F-80-F1"},{"r":"69","t":"12:21:16","h":"Ouest","s":"25S-H58S200F-80-F2"},{"r":"69","t":"12:34:16","h":"Ouest","s":"25N-H58N000A-80-A"},{"r":"69","t":"12:34:16","h":"Ouest","s":"25N-H58NV10A-80-A"},{"r":"69","t":"12:34:16","h":"Ouest","s":"25N-H58NV20A-80-A"},{"r":"69","t":"12:34:16","h":"Ouest","s":"25S-H58S000A-80-A"},{"r":"69","t":"12:37:16","h":"Ouest","s":"25N-H58N000S-80-S"},{"r":"69","t":"12:37:16","h":"Ouest","s":"25N-H58NV10S-80-S"},{"r":"69","t":"12:37:16","h":"Ouest","s":"25N-H58NV20S-80-S"},{"r":"69","t":"12:37:16","h":"Ouest","s":"25S-H58S000S-80-S"},{"r":"69","t":"12:44:16","h":"Ouest","s":"25N-H58N000I-80-I"},{"r":"69","t":"12:44:16","h":"Ouest","s":"25N-H58N100F-80-F1"},{"r":"69","t":"12:44:16","h":"Ouest","s":"25N-H58N200F-80-F2"},{"r":"69","t":"12:44:16","h":"Ouest","s":"25N-H58N300F-80-F3"},{"r":"69","t":"12:44:16","h":"Ouest","s":"25N-H58N400F-80-F4"},{"r":"69","t":"12:44:16","h":"Ouest","s":"25N-H58NV10I-80-I"},{"r":"69","t":"12:44:16","h":"Ouest","s":"25N-H58NV20I-80-I"},{"r":"69","t":"12:44:16","h":"Ouest","s":"25S-H58S000I-80-I"},{"r":"69","t":"12:44:16","h":"Ouest","s":"25S-H58S100F-80-F1"},{"r":"69","t":"12:44:16","h":"Ouest","s":"25S-H58S200F-80-F2"},{"r":"69","t":"12:55:16","h":"Ouest","s":"25N-H58N000A-80-A"},{"r":"69","t":"12:55:16","h":"Ouest","s":"25N-H58NV10A-80-A"},{"r":"69","t":"12:55:16","h":"Ouest","s":"25N-H58NV20A-80-A"},{"r":"69","t":"12:55:16","h":"Ouest","s":"25S-H58S000A-80-A"},{"r":"69","t":"12:56:16","h":"Ouest","s":"25N-H58N000S-80-S"},{"r":"69","t":"12:56:16","h":"Ouest","s":"25N-H58NV10S-80-S"},{"r":"69","t":"12:56:16","h":"Ouest","s":"25N-H58NV20S-80-S"},{"r":"69","t":"12:56:16","h":"Ouest","s":"25S-H58S000S-80-S"},{"r":"69","t":"13:07:16","h":"Ouest","s":"25N-H58N000I-80-I"},{"r":"69","t":"13:07:16","h":"Ouest","s":"25N-H58N100F-80-F1"},{"r":"69","t":"13:07:16","h":"Ouest","s":"25N-H58N200F-80-F2"},{"r":"69","t":"13:07:16","h":"Ouest","s":"25N-H58N300F-80-F3"},{"r":"69","t":"13:07:16","h":"Ouest","s":"25N-H58N400F-80-F4"},{"r":"69","t":"13:07:16","h":"Ouest","s":"25N-H58NV10I-80-I"},{"r":"69","t":"13:07:16","h":"Ouest","s":"25N-H58NV20I-80-I"},{"r":"69","t":"13:07:16","h":"Ouest","s":"25S-H58S000I-80-I"},{"r":"69","t":"13:07:16","h":"Ouest","s":"25S-H58S100F-80-F1"},{"r":"69","t":"13:07:16","h":"Ouest","s":"25S-H58S200F-80-F2"},{"r":"69","t":"13:15:16","h":"Ouest","s":"25N-H58N000A-80-A"},{"r":"69","t":"13:15:16","h":"Ouest","s":"25N-H58N000S-80-S"},{"r":"69","t":"13:15:16","h":"Ouest","s":"25N-H58NV10A-80-A"},{"r":"69","t":"13:15:16","h":"Ouest","s":"25N-H58NV10S-80-S"},{"r":"69","t":"13:15:16","h":"Ouest","s":"25N-H58NV20A-80-A"},{"r":"69","t":"13:15:16","h":"Ouest","s":"25N-H58NV20S-80-S"},{"r":"69","t":"13:15:16","h":"Ouest","s":"25S-H58S000A-80-A"},{"r":"69","t":"13:15:16","h":"Ouest","s":"25S-H58S000S-80-S"},{"r":"69","t":"13:31:16","h":"Ouest","s":"25N-H58N000I-80-I"},{"r":"69","t":"13:31:16","h":"Ouest","s":"25N-H58N100F-80-F1"},{"r":"69","t":"13:31:16","h":"Ouest","s":"25N-H58N200F-80-F2"},{"r":"69","t":"13:31:16","h":"Ouest","s":"25N-H58N300F-80-F3"},{"r":"69","t":"13:31:16","h":"Ouest","s":"25N-H58N400F-80-F4"},{"r":"69","t":"13:31:16","h":"Ouest","s":"25N-H58NV10I-80-I"},{"r":"69","t":"13:31:16","h":"Ouest","s":"25N-H58NV20I-80-I"},{"r":"69","t":"13:31:16","h":"Ouest","s":"25S-H58S000I-80-I"},{"r":"69","t":"13:31:16","h":"Ouest","s":"25S-H58S100F-80-F1"},{"r":"69","t":"13:31:16","h":"Ouest","s":"25S-H58S200F-80-F2"},{"r":"69","t":"13:33:16","h":"Ouest","s":"25N-H58N000A-80-A"},{"r":"69","t":"13:33:16","h":"Ouest","s":"25N-H58NV10A-80-A"},{"r":"69","t":"13:33:16","h":"Ouest","s":"25N-H58NV20A-80-A"},{"r":"69","t":"13:33:16","h":"Ouest","s":"25S-H58S000A-80-A"},{"r":"69","t":"13:34:16","h":"Ouest","s":"25N-H58N000S-80-S"},{"r":"69","t":"13:34:16","h":"Ouest","s":"25N-H58NV10S-80-S"},{"r":"69","t":"13:34:16","h":"Ouest","s":"25N-H58NV20S-80-S"},{"r":"69","t":"13:34:16","h":"Ouest","s":"25S-H58S000S-80-S"},{"r":"69","t":"13:48:16","h":"Ouest","s":"25N-H58N000A-80-A"},{"r":"69","t":"13:48:16","h":"Ouest","s":"25N-H58NV10A-80-A"},{"r":"69","t":"13:48:16","h":"Ouest","s":"25N-H58NV20A-80-A"},{"r":"69","t":"13:48:16","h":"Ouest","s":"25S-H58S000A-80-A"},{"r":"69","t":"13:54:16","h":"Ouest","s":"25N-H58N000S-80-S"},{"r":"69","t":"13:54:16","h":"Ouest","s":"25N-H58NV10S-80-S"},{"r":"69","t":"13:54:16","h":"Ouest","s":"25N-H58NV20S-80-S"},{"r":"69","t":"13:54:16","h":"Ouest","s":"25S-H58S000S-80-S"},{"r":"69","t":"13:55:16","h":"Ouest","s":"25N-H58N000I-80-I"},{"r":"69","t":"13:55:16","h":"Ouest","s":"25N-H58N100F-80-F1"},{"r":"69","t":"13:55:16","h":"Ouest","s":"25N-H58N200F-80-F2"},{"r":"69","t":"13:55:16","h":"Ouest","s":"25N-H58N300F-80-F3"},{"r":"69","t":"13:55:16","h":"Ouest","s":"25N-H58N400F-80-F4"},{"r":"69","t":"13:55:16","h":"Ouest","s":"25N-H58NV10I-80-I"},{"r":"69","t":"13:55:16","h":"Ouest","s":"25N-H58NV20I-80-I"},{"r":"69","t":"13:55:16","h":"Ouest","s":"25S-H58S000I-80-I"},{"r":"69","t":"13:55:16","h":"Ouest","s":"25S-H58S100F-80-F1"},{"r":"69","t":"13:55:16","h":"Ouest","s":"25S-H58S200F-80-F2"},{"r":"69","t":"14:03:16","h":"Ouest","s":"25N-H58N000A-80-A"},{"r":"69","t":"14:03:16","h":"Ouest","s":"25N-H58NV10A-80-A"},{"r":"69","t":"14:03:16","h":"Ouest","s":"25N-H58NV20A-80-A"},{"r":"69","t":"14:03:16","h":"Ouest","s":"25S-H58S000A-80-A"},{"r":"69","t":"14:14:16","h":"Ouest","s":"25N-H58N000S-80-S"},{"r":"69","t":"14:14:16","h":"Ouest","s":"25N-H58NV10S-80-S"},{"r":"69","t":"14:14:16","h":"Ouest","s":"25N-H58NV20S-80-S"},{"r":"69","t":"14:14:16","h":"Ouest","s":"25S-H58S000S-80-S"},{"r":"69","t":"14:18:16","h":"Ouest","s":"25N-H58N000A-80-A"},{"r":"69","t":"14:18:16","h":"Ouest","s":"25N-H58N000I-80-I"},{"r":"69","t":"14:18:16","h":"Ouest","s":"25N-H58N100F-80-F1"},{"r":"69","t":"14:18:16","h":"Ouest","s":"25N-H58N200F-80-F2"},{"r":"69","t":"14:18:16","h":"Ouest","s":"25N-H58N300F-80-F3"},{"r":"69","t":"14:18:16","h":"Ouest","s":"25N-H58N400F-80-F4"},{"r":"69","t":"14:18:16","h":"Ouest","s":"25N-H58NV10A-80-A"},{"r":"69","t":"14:18:16","h":"Ouest","s":"25N-H58NV10I-80-I"},{"r":"69","t":"14:18:16","h":"Ouest","s":"25N-H58NV20A-80-A"},{"r":"69","t":"14:18:16","h":"Ouest","s":"25N-H58NV20I-80-I"},{"r":"69","t":"14:18:16","h":"Ouest","s":"25S-H58S000A-80-A"},{"r":"69","t":"14:18:16","h":"Ouest","s":"25S-H58S000I-80-I"},{"r":"69","t":"14:18:16","h":"Ouest","s":"25S-H58S100F-80-F1"},{"r":"69","t":"14:18:16","h":"Ouest","s":"25S-H58S200F-80-F2"},{"r":"69","t":"14:33:16","h":"Ouest","s":"25N-H58N000S-80-S"},{"r":"69","t":"14:33:16","h":"Ouest","s":"25N-H58NV10S-80-S"},{"r":"69","t":"14:33:16","h":"Ouest","s":"25N-H58NV20S-80-S"},{"r":"69","t":"14:33:16","h":"Ouest","s":"25S-H58S000S-80-S"},{"r":"69","t":"14:34:16","h":"Ouest","s":"25N-H58N000A-80-A"},{"r":"69","t":"14:34:16","h":"Ouest","s":"25N-H58NV10A-80-A"},{"r":"69","t":"14:34:16","h":"Ouest","s":"25N-H58NV20A-80-A"},{"r":"69","t":"14:34:16","h":"Ouest","s":"25S-H58S000A-80-A"},{"r":"69","t":"14:38:16","h":"Ouest","s":"25N-H58N000I-80-I"},{"r":"69","t":"14:38:16","h":"Ouest","s":"25N-H58N100F-80-F1"},{"r":"69","t":"14:38:16","h":"Ouest","s":"25N-H58N200F-80-F2"},{"r":"69","t":"14:38:16","h":"Ouest","s":"25N-H58N300F-80-F3"},{"r":"69","t":"14:38:16","h":"Ouest","s":"25N-H58N400F-80-F4"},{"r":"69","t":"14:38:16","h":"Ouest","s":"25N-H58NV10I-80-I"},{"r":"69","t":"14:38:16","h":"Ouest","s":"25N-H58NV20I-80-I"},{"r":"69","t":"14:38:16","h":"Ouest","s":"25S-H58S000I-80-I"},{"r":"69","t":"14:38:16","h":"Ouest","s":"25S-H58S100F-80-F1"},{"r":"69","t":"14:38:16","h":"Ouest","s":"25S-H58S200F-80-F2"},{"r":"69","t":"14:47:39","h":"Ouest","s":"25N-H58N000S-80-S"},{"r":"69","t":"14:47:39","h":"Ouest","s":"25N-H58NV10S-80-S"},{"r":"69","t":"14:47:39","h":"Ouest","s":"25N-H58NV20S-80-S"},{"r":"69","t":"14:47:39","h":"Ouest","s":"25S-H58S000S-80-S"},{"r":"69","t":"14:50:16","h":"Ouest","s":"25N-H58N000A-80-A"},{"r":"69","t":"14:50:16","h":"Ouest","s":"25N-H58NV10A-80-A"},{"r":"69","t":"14:50:16","h":"Ouest","s":"25N-H58NV20A-80-A"},{"r":"69","t":"14:50:16","h":"Ouest","s":"25S-H58S000A-80-A"},{"r":"69","t":"14:57:16","h":"Ouest","s":"25N-H58N000I-80-I"},{"r":"69","t":"14:57:16","h":"Ouest","s":"25N-H58N100F-80-F1"},{"r":"69","t":"14:57:16","h":"Ouest","s":"25N-H58N200F-80-F2"},{"r":"69","t":"14:57:16","h":"Ouest","s":"25N-H58N300F-80-F3"},{"r":"69","t":"14:57:16","h":"Ouest","s":"25N-H58N400F-80-F4"},{"r":"69","t":"14:57:16","h":"Ouest","s":"25N-H58NV10I-80-I"},{"r":"69","t":"14:57:16","h":"Ouest","s":"25N-H58NV20I-80-I"},{"r":"69","t":"14:57:16","h":"Ouest","s":"25S-H58S000I-80-I"},{"r":"69","t":"14:57:16","h":"Ouest","s":"25S-H58S100F-80-F1"},{"r":"69","t":"14:57:16","h":"Ouest","s":"25S-H58S200F-80-F2"},{"r":"69","t":"15:03:39","h":"Ouest","s":"25N-H58N000S-80-S"},{"r":"69","t":"15:03:39","h":"Ouest","s":"25N-H58NV10S-80-S"},{"r":"69","t":"15:03:39","h":"Ouest","s":"25N-H58NV20S-80-S"},{"r":"69","t":"15:03:39","h":"Ouest","s":"25S-H58S000S-80-S"},{"r":"69","t":"15:05:16","h":"Ouest","s":"25N-H58N000A-80-A"},{"r":"69","t":"15:05:16","h":"Ouest","s":"25N-H58NV10A-80-A"},{"r":"69","t":"15:05:16","h":"Ouest","s":"25N-H58NV20A-80-A"},{"r":"69","t":"15:05:16","h":"Ouest","s":"25S-H58S000A-80-A"},{"r":"69","t":"15:15:16","h":"Ouest","s":"25N-H58N000I-80-I"},{"r":"69","t":"15:15:16","h":"Ouest","s":"25N-H58N100F-80-F1"},{"r":"69","t":"15:15:16","h":"Ouest","s":"25N-H58N200F-80-F2"},{"r":"69","t":"15:15:16","h":"Ouest","s":"25N-H58N300F-80-F3"},{"r":"69","t":"15:15:16","h":"Ouest","s":"25N-H58N400F-80-F4"},{"r":"69","t":"15:15:16","h":"Ouest","s":"25N-H58NV10I-80-I"},{"r":"69","t":"15:15:16","h":"Ouest","s":"25N-H58NV20I-80-I"},{"r":"69","t":"15:15:16","h":"Ouest","s":"25S-H58S000I-80-I"},{"r":"69","t":"15:15:16","h":"Ouest","s":"25S-H58S100F-80-F1"},{"r":"69","t":"15:15:16","h":"Ouest","s":"25S-H58S200F-80-F2"},{"r":"69","t":"15:17:39","h":"Ouest","s":"25N-H58N000S-80-S"},{"r":"69","t":"15:17:39","h":"Ouest","s":"25N-H58NV10S-80-S"},{"r":"69","t":"15:17:39","h":"Ouest","s":"25N-H58NV20S-80-S"},{"r":"69","t":"15:17:39","h":"Ouest","s":"25S-H58S000S-80-S"},{"r":"69","t":"15:20:16","h":"Ouest","s":"25N-H58N000A-80-A"},{"r":"69","t":"15:20:16","h":"Ouest","s":"25N-H58NV10A-80-A"},{"r":"69","t":"15:20:16","h":"Ouest","s":"25N-H58NV20A-80-A"},{"r":"69","t":"15:20:16","h":"Ouest","s":"25S-H58S000A-80-A"},{"r":"69","t":"15:30:39","h":"Ouest","s":"25N-H58N000S-80-S"},{"r":"69","t":"15:30:39","h":"Ouest","s":"25N-H58NV10S-80-S"},{"r":"69","t":"15:30:39","h":"Ouest","s":"25N-H58NV20S-80-S"},{"r":"69","t":"15:30:39","h":"Ouest","s":"25S-H58S000S-80-S"},{"r":"69","t":"15:35:16","h":"Ouest","s":"25N-H58N000A-80-A"},{"r":"69","t":"15:35:16","h":"Ouest","s":"25N-H58N000I-80-I"},{"r":"69","t":"15:35:16","h":"Ouest","s":"25N-H58N100F-80-F1"},{"r":"69","t":"15:35:16","h":"Ouest","s":"25N-H58N200F-80-F2"},{"r":"69","t":"15:35:16","h":"Ouest","s":"25N-H58N300F-80-F3"},{"r":"69","t":"15:35:16","h":"Ouest","s":"25N-H58N400F-80-F4"},{"r":"69","t":"15:35:16","h":"Ouest","s":"25N-H58NV10A-80-A"},{"r":"69","t":"15:35:16","h":"Ouest","s":"25N-H58NV10I-80-I"},{"r":"69","t":"15:35:16","h":"Ouest","s":"25N-H58NV20A-80-A"},{"r":"69","t":"15:35:16","h":"Ouest","s":"25N-H58NV20I-80-I"},{"r":"69","t":"15:35:16","h":"Ouest","s":"25S-H58S000A-80-A"},{"r":"69","t":"15:35:16","h":"Ouest","s":"25S-H58S000I-80-I"},{"r":"69","t":"15:35:16","h":"Ouest","s":"25S-H58S100F-80-F1"},{"r":"69","t":"15:35:16","h":"Ouest","s":"25S-H58S200F-80-F2"},{"r":"69","t":"15:44:39","h":"Ouest","s":"25N-H58N000S-80-S"},{"r":"69","t":"15:44:39","h":"Ouest","s":"25N-H58NV10S-80-S"},{"r":"69","t":"15:44:39","h":"Ouest","s":"25N-H58NV20S-80-S"},{"r":"69","t":"15:44:39","h":"Ouest","s":"25S-H58S000S-80-S"},{"r":"69","t":"15:50:16","h":"Ouest","s":"25N-H58N000A-80-A"},{"r":"69","t":"15:50:16","h":"Ouest","s":"25N-H58NV10A-80-A"},{"r":"69","t":"15:50:16","h":"Ouest","s":"25N-H58NV20A-80-A"},{"r":"69","t":"15:50:16","h":"Ouest","s":"25S-H58S000A-80-A"},{"r":"69","t":"15:55:16","h":"Ouest","s":"25N-H58N000I-80-I"},{"r":"69","t":"15:55:16","h":"Ouest","s":"25N-H58N100F-80-F1"},{"r":"69","t":"15:55:16","h":"Ouest","s":"25N-H58N200F-80-F2"},{"r":"69","t":"15:55:16","h":"Ouest","s":"25N-H58N300F-80-F3"},{"r":"69","t":"15:55:16","h":"Ouest","s":"25N-H58N400F-80-F4"},{"r":"69","t":"15:55:16","h":"Ouest","s":"25N-H58NV10I-80-I"},{"r":"69","t":"15:55:16","h":"Ouest","s":"25N-H58NV20I-80-I"},{"r":"69","t":"15:55:16","h":"Ouest","s":"25S-H58S000I-80-I"},{"r":"69","t":"15:55:16","h":"Ouest","s":"25S-H58S100F-80-F1"},{"r":"69","t":"15:55:16","h":"Ouest","s":"25S-H58S200F-80-F2"},{"r":"69","t":"15:56:39","h":"Ouest","s":"25N-H58N000S-80-S"},{"r":"69","t":"15:56:39","h":"Ouest","s":"25N-H58NV10S-80-S"},{"r":"69","t":"15:56:39","h":"Ouest","s":"25N-H58NV20S-80-S"},{"r":"69","t":"15:56:39","h":"Ouest","s":"25S-H58S000S-80-S"},{"r":"69","t":"16:05:16","h":"Ouest","s":"25N-H58N000A-80-A"},{"r":"69","t":"16:05:16","h":"Ouest","s":"25N-H58NV10A-80-A"},{"r":"69","t":"16:05:16","h":"Ouest","s":"25N-H58NV20A-80-A"},{"r":"69","t":"16:05:16","h":"Ouest","s":"25S-H58S000A-80-A"},{"r":"69","t":"16:10:39","h":"Ouest","s":"25N-H58N000S-80-S"},{"r":"69","t":"16:10:39","h":"Ouest","s":"25N-H58NV10S-80-S"},{"r":"69","t":"16:10:39","h":"Ouest","s":"25N-H58NV20S-80-S"},{"r":"69","t":"16:10:39","h":"Ouest","s":"25S-H58S000S-80-S"},{"r":"69","t":"16:15:16","h":"Ouest","s":"25N-H58N000I-80-I"},{"r":"69","t":"16:15:16","h":"Ouest","s":"25N-H58N100F-80-F1"},{"r":"69","t":"16:15:16","h":"Ouest","s":"25N-H58N200F-80-F2"},{"r":"69","t":"16:15:16","h":"Ouest","s":"25N-H58N300F-80-F3"},{"r":"69","t":"16:15:16","h":"Ouest","s":"25N-H58N400F-80-F4"},{"r":"69","t":"16:15:16","h":"Ouest","s":"25N-H58NV10I-80-I"},{"r":"69","t":"16:15:16","h":"Ouest","s":"25N-H58NV20I-80-I"},{"r":"69","t":"16:15:16","h":"Ouest","s":"25S-H58S000I-80-I"},{"r":"69","t":"16:15:16","h":"Ouest","s":"25S-H58S100F-80-F1"},{"r":"69","t":"16:15:16","h":"Ouest","s":"25S-H58S200F-80-F2"},{"r":"69","t":"16:20:16","h":"Ouest","s":"25N-H58N000A-80-A"},{"r":"69","t":"16:20:16","h":"Ouest","s":"25N-H58NV10A-80-A"},{"r":"69","t":"16:20:16","h":"Ouest","s":"25N-H58NV20A-80-A"},{"r":"69","t":"16:20:16","h":"Ouest","s":"25S-H58S000A-80-A"},{"r":"69","t":"16:27:39","h":"Ouest","s":"25N-H58N000S-80-S"},{"r":"69","t":"16:27:39","h":"Ouest","s":"25N-H58NV10S-80-S"},{"r":"69","t":"16:27:39","h":"Ouest","s":"25N-H58NV20S-80-S"},{"r":"69","t":"16:27:39","h":"Ouest","s":"25S-H58S000S-80-S"},{"r":"69","t":"16:35:16","h":"Ouest","s":"25N-H58N000I-80-I"},{"r":"69","t":"16:35:16","h":"Ouest","s":"25N-H58N100F-80-F1"},{"r":"69","t":"16:35:16","h":"Ouest","s":"25N-H58N200F-80-F2"},{"r":"69","t":"16:35:16","h":"Ouest","s":"25N-H58N300F-80-F3"},{"r":"69","t":"16:35:16","h":"Ouest","s":"25N-H58N400F-80-F4"},{"r":"69","t":"16:35:16","h":"Ouest","s":"25N-H58NV10I-80-I"},{"r":"69","t":"16:35:16","h":"Ouest","s":"25N-H58NV20I-80-I"},{"r":"69","t":"16:35:16","h":"Ouest","s":"25S-H58S000I-80-I"},{"r":"69","t":"16:35:16","h":"Ouest","s":"25S-H58S100F-80-F1"},{"r":"69","t":"16:35:16","h":"Ouest","s":"25S-H58S200F-80-F2"},{"r":"69","t":"16:37:16","h":"Ouest","s":"25N-H58N000A-80-A"},{"r":"69","t":"16:37:16","h":"Ouest","s":"25N-H58NV10A-80-A"},{"r":"69","t":"16:37:16","h":"Ouest","s":"25N-H58NV20A-80-A"},{"r":"69","t":"16:37:16","h":"Ouest","s":"25S-H58S000A-80-A"},{"r":"69","t":"16:38:39","h":"Ouest","s":"25N-H58N000S-80-S"},{"r":"69","t":"16:38:39","h":"Ouest","s":"25N-H58NV10S-80-S"},{"r":"69","t":"16:38:39","h":"Ouest","s":"25N-H58NV20S-80-S"},{"r":"69","t":"16:38:39","h":"Ouest","s":"25S-H58S000S-80-S"},{"r":"69","t":"16:50:39","h":"Ouest","s":"25N-H58N000S-80-S"},{"r":"69","t":"16:50:39","h":"Ouest","s":"25N-H58NV10S-80-S"},{"r":"69","t":"16:50:39","h":"Ouest","s":"25N-H58NV20S-80-S"},{"r":"69","t":"16:50:39","h":"Ouest","s":"25S-H58S000S-80-S"},{"r":"69","t":"16:55:16","h":"Ouest","s":"25N-H58N000A-80-A"},{"r":"69","t":"16:55:16","h":"Ouest","s":"25N-H58NV10A-80-A"},{"r":"69","t":"16:55:16","h":"Ouest","s":"25N-H58NV20A-80-A"},{"r":"69","t":"16:55:16","h":"Ouest","s":"25S-H58S000A-80-A"},{"r":"69","t":"17:02:39","h":"Ouest","s":"25N-H58N000S-80-S"},{"r":"69","t":"17:02:39","h":"Ouest","s":"25N-H58NV10S-80-S"},{"r":"69","t":"17:02:39","h":"Ouest","s":"25N-H58NV20S-80-S"},{"r":"69","t":"17:02:39","h":"Ouest","s":"25S-H58S000S-80-S"},{"r":"69","t":"17:05:16","h":"Ouest","s":"25N-H58N000I-80-I"},{"r":"69","t":"17:05:16","h":"Ouest","s":"25N-H58N100F-80-F1"},{"r":"69","t":"17:05:16","h":"Ouest","s":"25N-H58N200F-80-F2"},{"r":"69","t":"17:05:16","h":"Ouest","s":"25N-H58N300F-80-F3"},{"r":"69","t":"17:05:16","h":"Ouest","s":"25N-H58N400F-80-F4"},{"r":"69","t":"17:05:16","h":"Ouest","s":"25N-H58NV10I-80-I"},{"r":"69","t":"17:05:16","h":"Ouest","s":"25N-H58NV20I-80-I"},{"r":"69","t":"17:05:16","h":"Ouest","s":"25S-H58S000I-80-I"},{"r":"69","t":"17:05:16","h":"Ouest","s":"25S-H58S100F-80-F1"},{"r":"69","t":"17:05:16","h":"Ouest","s":"25S-H58S200F-80-F2"},{"r":"69","t":"17:12:16","h":"Ouest","s":"25N-H58N000A-80-A"},{"r":"69","t":"17:12:16","h":"Ouest","s":"25N-H58NV10A-80-A"},{"r":"69","t":"17:12:16","h":"Ouest","s":"25N-H58NV20A-80-A"},{"r":"69","t":"17:12:16","h":"Ouest","s":"25S-H58S000A-80-A"},{"r":"69","t":"17:14:39","h":"Ouest","s":"25N-H58N000S-80-S"},{"r":"69","t":"17:14:39","h":"Ouest","s":"25N-H58NV10S-80-S"},{"r":"69","t":"17:14:39","h":"Ouest","s":"25N-H58NV20S-80-S"},{"r":"69","t":"17:14:39","h":"Ouest","s":"25S-H58S000S-80-S"},{"r":"69","t":"17:25:39","h":"Ouest","s":"25N-H58N000S-80-S"},{"r":"69","t":"17:25:39","h":"Ouest","s":"25N-H58NV10S-80-S"},{"r":"69","t":"17:25:39","h":"Ouest","s":"25N-H58NV20S-80-S"},{"r":"69","t":"17:25:39","h":"Ouest","s":"25S-H58S000S-80-S"},{"r":"69","t":"17:30:16","h":"Ouest","s":"25N-H58N000A-80-A"},{"r":"69","t":"17:30:16","h":"Ouest","s":"25N-H58NV10A-80-A"},{"r":"69","t":"17:30:16","h":"Ouest","s":"25N-H58NV20A-80-A"},{"r":"69","t":"17:30:16","h":"Ouest","s":"25S-H58S000A-80-A"},{"r":"69","t":"17:35:16","h":"Ouest","s":"25N-H58N000I-80-I"},{"r":"69","t":"17:35:16","h":"Ouest","s":"25N-H58N100F-80-F1"},{"r":"69","t":"17:35:16","h":"Ouest","s":"25N-H58N200F-80-F2"},{"r":"69","t":"17:35:16","h":"Ouest","s":"25N-H58N300F-80-F3"},{"r":"69","t":"17:35:16","h":"Ouest","s":"25N-H58N400F-80-F4"},{"r":"69","t":"17:35:16","h":"Ouest","s":"25N-H58NV10I-80-I"},{"r":"69","t":"17:35:16","h":"Ouest","s":"25N-H58NV20I-80-I"},{"r":"69","t":"17:35:16","h":"Ouest","s":"25S-H58S000I-80-I"},{"r":"69","t":"17:35:16","h":"Ouest","s":"25S-H58S100F-80-F1"},{"r":"69","t":"17:35:16","h":"Ouest","s":"25S-H58S200F-80-F2"},{"r":"69","t":"17:35:39","h":"Ouest","s":"25N-H58N000S-80-S"},{"r":"69","t":"17:35:39","h":"Ouest","s":"25N-H58NV10S-80-S"},{"r":"69","t":"17:35:39","h":"Ouest","s":"25N-H58NV20S-80-S"},{"r":"69","t":"17:35:39","h":"Ouest","s":"25S-H58S000S-80-S"},{"r":"69","t":"17:46:39","h":"Ouest","s":"25N-H58N000S-80-S"},{"r":"69","t":"17:46:39","h":"Ouest","s":"25N-H58NV10S-80-S"},{"r":"69","t":"17:46:39","h":"Ouest","s":"25N-H58NV20S-80-S"},{"r":"69","t":"17:46:39","h":"Ouest","s":"25S-H58S000S-80-S"},{"r":"69","t":"17:50:16","h":"Ouest","s":"25N-H58N000A-80-A"},{"r":"69","t":"17:50:16","h":"Ouest","s":"25N-H58NV10A-80-A"},{"r":"69","t":"17:50:16","h":"Ouest","s":"25N-H58NV20A-80-A"},{"r":"69","t":"17:50:16","h":"Ouest","s":"25S-H58S000A-80-A"},{"r":"69","t":"18:06:16","h":"Ouest","s":"25N-H58N000I-80-I"},{"r":"69","t":"18:06:16","h":"Ouest","s":"25N-H58N100F-80-F1"},{"r":"69","t":"18:06:16","h":"Ouest","s":"25N-H58N200F-80-F2"},{"r":"69","t":"18:06:16","h":"Ouest","s":"25N-H58N300F-80-F3"},{"r":"69","t":"18:06:16","h":"Ouest","s":"25N-H58N400F-80-F4"},{"r":"69","t":"18:06:16","h":"Ouest","s":"25N-H58NV10I-80-I"},{"r":"69","t":"18:06:16","h":"Ouest","s":"25N-H58NV20I-80-I"},{"r":"69","t":"18:06:16","h":"Ouest","s":"25S-H58S000I-80-I"},{"r":"69","t":"18:06:16","h":"Ouest","s":"25S-H58S100F-80-F1"},{"r":"69","t":"18:06:16","h":"Ouest","s":"25S-H58S200F-80-F2"},{"r":"69","t":"18:07:39","h":"Ouest","s":"25N-H58N000S-80-S"},{"r":"69","t":"18:07:39","h":"Ouest","s":"25N-H58NV10S-80-S"},{"r":"69","t":"18:07:39","h":"Ouest","s":"25N-H58NV20S-80-S"},{"r":"69","t":"18:07:39","h":"Ouest","s":"25S-H58S000S-80-S"},{"r":"69","t":"18:08:16","h":"Ouest","s":"25N-H58N000A-80-A"},{"r":"69","t":"18:08:16","h":"Ouest","s":"25N-H58NV10A-80-A"},{"r":"69","t":"18:08:16","h":"Ouest","s":"25N-H58NV20A-80-A"},{"r":"69","t":"18:08:16","h":"Ouest","s":"25S-H58S000A-80-A"},{"r":"69","t":"18:32:39","h":"Ouest","s":"25N-H58N000S-80-S"},{"r":"69","t":"18:32:39","h":"Ouest","s":"25N-H58NV10S-80-S"},{"r":"69","t":"18:32:39","h":"Ouest","s":"25N-H58NV20S-80-S"},{"r":"69","t":"18:32:39","h":"Ouest","s":"25S-H58S000S-80-S"},{"r":"69","t":"18:33:16","h":"Ouest","s":"25N-H58N000A-80-A"},{"r":"69","t":"18:33:16","h":"Ouest","s":"25N-H58NV10A-80-A"},{"r":"69","t":"18:33:16","h":"Ouest","s":"25N-H58NV20A-80-A"},{"r":"69","t":"18:33:16","h":"Ouest","s":"25S-H58S000A-80-A"},{"r":"69","t":"18:36:16","h":"Ouest","s":"25N-H58N000I-80-I"},{"r":"69","t":"18:36:16","h":"Ouest","s":"25N-H58N100F-80-F1"},{"r":"69","t":"18:36:16","h":"Ouest","s":"25N-H58N200F-80-F2"},{"r":"69","t":"18:36:16","h":"Ouest","s":"25N-H58N300F-80-F3"},{"r":"69","t":"18:36:16","h":"Ouest","s":"25N-H58N400F-80-F4"},{"r":"69","t":"18:36:16","h":"Ouest","s":"25N-H58NV10I-80-I"},{"r":"69","t":"18:36:16","h":"Ouest","s":"25N-H58NV20I-80-I"},{"r":"69","t":"18:36:16","h":"Ouest","s":"25S-H58S000I-80-I"},{"r":"69","t":"18:36:16","h":"Ouest","s":"25S-H58S100F-80-F1"},{"r":"69","t":"18:36:16","h":"Ouest","s":"25S-H58S200F-80-F2"},{"r":"69","t":"19:00:39","h":"Ouest","s":"25N-H58N000S-80-S"},{"r":"69","t":"19:00:39","h":"Ouest","s":"25N-H58NV10S-80-S"},{"r":"69","t":"19:00:39","h":"Ouest","s":"25N-H58NV20S-80-S"},{"r":"69","t":"19:00:39","h":"Ouest","s":"25S-H58S000S-80-S"},{"r":"69","t":"19:03:16","h":"Ouest","s":"25N-H58N000A-80-A"},{"r":"69","t":"19:03:16","h":"Ouest","s":"25N-H58NV10A-80-A"},{"r":"69","t":"19:03:16","h":"Ouest","s":"25N-H58NV20A-80-A"},{"r":"69","t":"19:03:16","h":"Ouest","s":"25S-H58S000A-80-A"},{"r":"69","t":"19:06:16","h":"Ouest","s":"25N-H58N000I-80-I"},{"r":"69","t":"19:06:16","h":"Ouest","s":"25N-H58N100F-80-F1"},{"r":"69","t":"19:06:16","h":"Ouest","s":"25N-H58N200F-80-F2"},{"r":"69","t":"19:06:16","h":"Ouest","s":"25N-H58N300F-80-F3"},{"r":"69","t":"19:06:16","h":"Ouest","s":"25N-H58N400F-80-F4"},{"r":"69","t":"19:06:16","h":"Ouest","s":"25N-H58NV10I-80-I"},{"r":"69","t":"19:06:16","h":"Ouest","s":"25N-H58NV20I-80-I"},{"r":"69","t":"19:06:16","h":"Ouest","s":"25S-H58S000I-80-I"},{"r":"69","t":"19:06:16","h":"Ouest","s":"25S-H58S100F-80-F1"},{"r":"69","t":"19:06:16","h":"Ouest","s":"25S-H58S200F-80-F2"},{"r":"69","t":"19:28:39","h":"Ouest","s":"25N-H58N000S-80-S"},{"r":"69","t":"19:28:39","h":"Ouest","s":"25N-H58NV10S-80-S"},{"r":"69","t":"19:28:39","h":"Ouest","s":"25N-H58NV20S-80-S"},{"r":"69","t":"19:28:39","h":"Ouest","s":"25S-H58S000S-80-S"},{"r":"69","t":"19:33:16","h":"Ouest","s":"25N-H58N000A-80-A"},{"r":"69","t":"19:33:16","h":"Ouest","s":"25N-H58NV10A-80-A"},{"r":"69","t":"19:33:16","h":"Ouest","s":"25N-H58NV20A-80-A"},{"r":"69","t":"19:33:16","h":"Ouest","s":"25S-H58S000A-80-A"},{"r":"69","t":"19:35:16","h":"Ouest","s":"25N-H58N000I-80-I"},{"r":"69","t":"19:35:16","h":"Ouest","s":"25N-H58N100F-80-F1"},{"r":"69","t":"19:35:16","h":"Ouest","s":"25N-H58N200F-80-F2"},{"r":"69","t":"19:35:16","h":"Ouest","s":"25N-H58N300F-80-F3"},{"r":"69","t":"19:35:16","h":"Ouest","s":"25N-H58N400F-80-F4"},{"r":"69","t":"19:35:16","h":"Ouest","s":"25N-H58NV10I-80-I"},{"r":"69","t":"19:35:16","h":"Ouest","s":"25N-H58NV20I-80-I"},{"r":"69","t":"19:35:16","h":"Ouest","s":"25S-H58S000I-80-I"},{"r":"69","t":"19:35:16","h":"Ouest","s":"25S-H58S100F-80-F1"},{"r":"69","t":"19:35:16","h":"Ouest","s":"25S-H58S200F-80-F2"},{"r":"69","t":"19:58:39","h":"Ouest","s":"25N-H58N000S-80-S"},{"r":"69","t":"19:58:39","h":"Ouest","s":"25N-H58NV10S-80-S"},{"r":"69","t":"19:58:39","h":"Ouest","s":"25N-H58NV20S-80-S"},{"r":"69","t":"19:58:39","h":"Ouest","s":"25S-H58S000S-80-S"},{"r":"69","t":"20:02:16","h":"Ouest","s":"25N-H58N000A-80-A"},{"r":"69","t":"20:02:16","h":"Ouest","s":"25N-H58NV10A-80-A"},{"r":"69","t":"20:02:16","h":"Ouest","s":"25N-H58NV20A-80-A"},{"r":"69","t":"20:02:16","h":"Ouest","s":"25S-H58S000A-80-A"},{"r":"69","t":"20:05:16","h":"Ouest","s":"25N-H58N000I-80-I"},{"r":"69","t":"20:05:16","h":"Ouest","s":"25N-H58N100F-80-F1"},{"r":"69","t":"20:05:16","h":"Ouest","s":"25N-H58N200F-80-F2"},{"r":"69","t":"20:05:16","h":"Ouest","s":"25N-H58N300F-80-F3"},{"r":"69","t":"20:05:16","h":"Ouest","s":"25N-H58N400F-80-F4"},{"r":"69","t":"20:05:16","h":"Ouest","s":"25N-H58NV10I-80-I"},{"r":"69","t":"20:05:16","h":"Ouest","s":"25N-H58NV20I-80-I"},{"r":"69","t":"20:05:16","h":"Ouest","s":"25S-H58S000I-80-I"},{"r":"69","t":"20:05:16","h":"Ouest","s":"25S-H58S100F-80-F1"},{"r":"69","t":"20:05:16","h":"Ouest","s":"25S-H58S200F-80-F2"},{"r":"69","t":"20:28:39","h":"Ouest","s":"25N-H58N000S-80-S"},{"r":"69","t":"20:28:39","h":"Ouest","s":"25N-H58NV10S-80-S"},{"r":"69","t":"20:28:39","h":"Ouest","s":"25N-H58NV20S-80-S"},{"r":"69","t":"20:28:39","h":"Ouest","s":"25S-H58S000S-80-S"},{"r":"69","t":"20:31:16","h":"Ouest","s":"25N-H58N000A-80-A"},{"r":"69","t":"20:31:16","h":"Ouest","s":"25N-H58NV10A-80-A"},{"r":"69","t":"20:31:16","h":"Ouest","s":"25N-H58NV20A-80-A"},{"r":"69","t":"20:31:16","h":"Ouest","s":"25S-H58S000A-80-A"},{"r":"69","t":"20:34:16","h":"Ouest","s":"25N-H58N000I-80-I"},{"r":"69","t":"20:34:16","h":"Ouest","s":"25N-H58N100F-80-F1"},{"r":"69","t":"20:34:16","h":"Ouest","s":"25N-H58N200F-80-F2"},{"r":"69","t":"20:34:16","h":"Ouest","s":"25N-H58N300F-80-F3"},{"r":"69","t":"20:34:16","h":"Ouest","s":"25N-H58N400F-80-F4"},{"r":"69","t":"20:34:16","h":"Ouest","s":"25N-H58NV10I-80-I"},{"r":"69","t":"20:34:16","h":"Ouest","s":"25N-H58NV20I-80-I"},{"r":"69","t":"20:34:16","h":"Ouest","s":"25S-H58S000I-80-I"},{"r":"69","t":"20:34:16","h":"Ouest","s":"25S-H58S100F-80-F1"},{"r":"69","t":"20:34:16","h":"Ouest","s":"25S-H58S200F-80-F2"},{"r":"69","t":"20:58:39","h":"Ouest","s":"25N-H58N000S-80-S"},{"r":"69","t":"20:58:39","h":"Ouest","s":"25N-H58NV10S-80-S"},{"r":"69","t":"20:58:39","h":"Ouest","s":"25N-H58NV20S-80-S"},{"r":"69","t":"20:58:39","h":"Ouest","s":"25S-H58S000S-80-S"},{"r":"69","t":"20:59:16","h":"Ouest","s":"25N-H58N000A-80-A"},{"r":"69","t":"20:59:16","h":"Ouest","s":"25N-H58NV10A-80-A"},{"r":"69","t":"20:59:16","h":"Ouest","s":"25N-H58NV20A-80-A"},{"r":"69","t":"20:59:16","h":"Ouest","s":"25S-H58S000A-80-A"},{"r":"69","t":"21:03:16","h":"Ouest","s":"25N-H58N000I-80-I"},{"r":"69","t":"21:03:16","h":"Ouest","s":"25N-H58N100F-80-F1"},{"r":"69","t":"21:03:16","h":"Ouest","s":"25N-H58N200F-80-F2"},{"r":"69","t":"21:03:16","h":"Ouest","s":"25N-H58N300F-80-F3"},{"r":"69","t":"21:03:16","h":"Ouest","s":"25N-H58N400F-80-F4"},{"r":"69","t":"21:03:16","h":"Ouest","s":"25N-H58NV10I-80-I"},{"r":"69","t":"21:03:16","h":"Ouest","s":"25N-H58NV20I-80-I"},{"r":"69","t":"21:03:16","h":"Ouest","s":"25S-H58S000I-80-I"},{"r":"69","t":"21:03:16","h":"Ouest","s":"25S-H58S100F-80-F1"},{"r":"69","t":"21:03:16","h":"Ouest","s":"25S-H58S200F-80-F2"},{"r":"69","t":"21:26:16","h":"Ouest","s":"25N-H58N000A-80-A"},{"r":"69","t":"21:26:16","h":"Ouest","s":"25N-H58NV10A-80-A"},{"r":"69","t":"21:26:16","h":"Ouest","s":"25N-H58NV20A-80-A"},{"r":"69","t":"21:26:16","h":"Ouest","s":"25S-H58S000A-80-A"},{"r":"69","t":"21:28:39","h":"Ouest","s":"25N-H58N000S-80-S"},{"r":"69","t":"21:28:39","h":"Ouest","s":"25N-H58NV10S-80-S"},{"r":"69","t":"21:28:39","h":"Ouest","s":"25N-H58NV20S-80-S"},{"r":"69","t":"21:28:39","h":"Ouest","s":"25S-H58S000S-80-S"},{"r":"69","t":"21:32:16","h":"Ouest","s":"25N-H58N000I-80-I"},{"r":"69","t":"21:32:16","h":"Ouest","s":"25N-H58N100F-80-F1"},{"r":"69","t":"21:32:16","h":"Ouest","s":"25N-H58N200F-80-F2"},{"r":"69","t":"21:32:16","h":"Ouest","s":"25N-H58N300F-80-F3"},{"r":"69","t":"21:32:16","h":"Ouest","s":"25N-H58N400F-80-F4"},{"r":"69","t":"21:32:16","h":"Ouest","s":"25N-H58NV10I-80-I"},{"r":"69","t":"21:32:16","h":"Ouest","s":"25N-H58NV20I-80-I"},{"r":"69","t":"21:32:16","h":"Ouest","s":"25S-H58S000I-80-I"},{"r":"69","t":"21:32:16","h":"Ouest","s":"25S-H58S100F-80-F1"},{"r":"69","t":"21:32:16","h":"Ouest","s":"25S-H58S200F-80-F2"},{"r":"69","t":"21:54:16","h":"Ouest","s":"25N-H58N000A-80-A"},{"r":"69","t":"21:54:16","h":"Ouest","s":"25N-H58NV10A-80-A"},{"r":"69","t":"21:54:16","h":"Ouest","s":"25N-H58NV20A-80-A"},{"r":"69","t":"21:54:16","h":"Ouest","s":"25S-H58S000A-80-A"},{"r":"69","t":"21:58:39","h":"Ouest","s":"25N-H58N000S-80-S"},{"r":"69","t":"21:58:39","h":"Ouest","s":"25N-H58NV10S-80-S"},{"r":"69","t":"21:58:39","h":"Ouest","s":"25N-H58NV20S-80-S"},{"r":"69","t":"21:58:39","h":"Ouest","s":"25S-H58S000S-80-S"},{"r":"69","t":"21:59:16","h":"Ouest","s":"25N-H58N000I-80-I"},{"r":"69","t":"21:59:16","h":"Ouest","s":"25N-H58N100F-80-F1"},{"r":"69","t":"21:59:16","h":"Ouest","s":"25N-H58N200F-80-F2"},{"r":"69","t":"21:59:16","h":"Ouest","s":"25N-H58N300F-80-F3"},{"r":"69","t":"21:59:16","h":"Ouest","s":"25N-H58N400F-80-F4"},{"r":"69","t":"21:59:16","h":"Ouest","s":"25N-H58NV10I-80-I"},{"r":"69","t":"21:59:16","h":"Ouest","s":"25N-H58NV20I-80-I"},{"r":"69","t":"21:59:16","h":"Ouest","s":"25S-H58S000I-80-I"},{"r":"69","t":"21:59:16","h":"Ouest","s":"25S-H58S100F-80-F1"},{"r":"69","t":"21:59:16","h":"Ouest","s":"25S-H58S200F-80-F2"},{"r":"69","t":"22:22:16","h":"Ouest","s":"25N-H58N000A-80-A"},{"r":"69","t":"22:22:16","h":"Ouest","s":"25N-H58NV10A-80-A"},{"r":"69","t":"22:22:16","h":"Ouest","s":"25N-H58NV20A-80-A"},{"r":"69","t":"22:22:16","h":"Ouest","s":"25S-H58S000A-80-A"},{"r":"69","t":"22:27:16","h":"Ouest","s":"25N-H58N000I-80-I"},{"r":"69","t":"22:27:16","h":"Ouest","s":"25N-H58N100F-80-F1"},{"r":"69","t":"22:27:16","h":"Ouest","s":"25N-H58N200F-80-F2"},{"r":"69","t":"22:27:16","h":"Ouest","s":"25N-H58N300F-80-F3"},{"r":"69","t":"22:27:16","h":"Ouest","s":"25N-H58N400F-80-F4"},{"r":"69","t":"22:27:16","h":"Ouest","s":"25N-H58NV10I-80-I"},{"r":"69","t":"22:27:16","h":"Ouest","s":"25N-H58NV20I-80-I"},{"r":"69","t":"22:27:16","h":"Ouest","s":"25S-H58S000I-80-I"},{"r":"69","t":"22:27:16","h":"Ouest","s":"25S-H58S100F-80-F1"},{"r":"69","t":"22:27:16","h":"Ouest","s":"25S-H58S200F-80-F2"},{"r":"69","t":"22:27:39","h":"Ouest","s":"25N-H58N000S-80-S"},{"r":"69","t":"22:27:39","h":"Ouest","s":"25N-H58NV10S-80-S"},{"r":"69","t":"22:27:39","h":"Ouest","s":"25N-H58NV20S-80-S"},{"r":"69","t":"22:27:39","h":"Ouest","s":"25S-H58S000S-80-S"},{"r":"69","t":"22:54:16","h":"Ouest","s":"25N-H58N000A-80-A"},{"r":"69","t":"22:54:16","h":"Ouest","s":"25N-H58N000I-80-I"},{"r":"69","t":"22:54:16","h":"Ouest","s":"25N-H58N100F-80-F1"},{"r":"69","t":"22:54:16","h":"Ouest","s":"25N-H58N200F-80-F2"},{"r":"69","t":"22:54:16","h":"Ouest","s":"25N-H58N300F-80-F3"},{"r":"69","t":"22:54:16","h":"Ouest","s":"25N-H58N400F-80-F4"},{"r":"69","t":"22:54:16","h":"Ouest","s":"25N-H58NV10A-80-A"},{"r":"69","t":"22:54:16","h":"Ouest","s":"25N-H58NV10I-80-I"},{"r":"69","t":"22:54:16","h":"Ouest","s":"25N-H58NV20A-80-A"},{"r":"69","t":"22:54:16","h":"Ouest","s":"25N-H58NV20I-80-I"},{"r":"69","t":"22:54:16","h":"Ouest","s":"25S-H58S000A-80-A"},{"r":"69","t":"22:54:16","h":"Ouest","s":"25S-H58S000I-80-I"},{"r":"69","t":"22:54:16","h":"Ouest","s":"25S-H58S100F-80-F1"},{"r":"69","t":"22:54:16","h":"Ouest","s":"25S-H58S200F-80-F2"},{"r":"69","t":"22:55:39","h":"Ouest","s":"25N-H58N000S-80-S"},{"r":"69","t":"22:55:39","h":"Ouest","s":"25N-H58NV10S-80-S"},{"r":"69","t":"22:55:39","h":"Ouest","s":"25N-H58NV20S-80-S"},{"r":"69","t":"22:55:39","h":"Ouest","s":"25S-H58S000S-80-S"},{"r":"69","t":"23:22:53","h":"Ouest","s":"25N-H58N000S-80-S"},{"r":"69","t":"23:22:53","h":"Ouest","s":"25N-H58NV10S-80-S"},{"r":"69","t":"23:22:53","h":"Ouest","s":"25N-H58NV20S-80-S"},{"r":"69","t":"23:22:53","h":"Ouest","s":"25S-H58S000S-80-S"},{"r":"69","t":"23:25:16","h":"Ouest","s":"25N-H58N000I-80-I"},{"r":"69","t":"23:25:16","h":"Ouest","s":"25N-H58N100F-80-F1"},{"r":"69","t":"23:25:16","h":"Ouest","s":"25N-H58N200F-80-F2"},{"r":"69","t":"23:25:16","h":"Ouest","s":"25N-H58N300F-80-F3"},{"r":"69","t":"23:25:16","h":"Ouest","s":"25N-H58N400F-80-F4"},{"r":"69","t":"23:25:16","h":"Ouest","s":"25N-H58NV10I-80-I"},{"r":"69","t":"23:25:16","h":"Ouest","s":"25N-H58NV20I-80-I"},{"r":"69","t":"23:25:16","h":"Ouest","s":"25S-H58S000I-80-I"},{"r":"69","t":"23:25:16","h":"Ouest","s":"25S-H58S100F-80-F1"},{"r":"69","t":"23:25:16","h":"Ouest","s":"25S-H58S200F-80-F2"},{"r":"69","t":"23:26:16","h":"Ouest","s":"25N-H58N000A-80-A"},{"r":"69","t":"23:26:16","h":"Ouest","s":"25N-H58NV10A-80-A"},{"r":"69","t":"23:26:16","h":"Ouest","s":"25N-H58NV20A-80-A"},{"r":"69","t":"23:26:16","h":"Ouest","s":"25S-H58S000A-80-A"},{"r":"69","t":"23:55:16","h":"Ouest","s":"25N-H58N000I-80-I"},{"r":"69","t":"23:55:16","h":"Ouest","s":"25N-H58N100F-80-F1"},{"r":"69","t":"23:55:16","h":"Ouest","s":"25N-H58N200F-80-F2"},{"r":"69","t":"23:55:16","h":"Ouest","s":"25N-H58N300F-80-F3"},{"r":"69","t":"23:55:16","h":"Ouest","s":"25N-H58N400F-80-F4"},{"r":"69","t":"23:55:16","h":"Ouest","s":"25N-H58NV10I-80-I"},{"r":"69","t":"23:55:16","h":"Ouest","s":"25N-H58NV20I-80-I"},{"r":"69","t":"23:55:16","h":"Ouest","s":"25S-H58S000I-80-I"},{"r":"69","t":"23:55:16","h":"Ouest","s":"25S-H58S100F-80-F1"},{"r":"69","t":"23:55:16","h":"Ouest","s":"25S-H58S200F-80-F2"},{"r":"69","t":"23:55:53","h":"Ouest","s":"25N-H58N000S-80-S"},{"r":"69","t":"23:55:53","h":"Ouest","s":"25N-H58NV10S-80-S"},{"r":"69","t":"23:55:53","h":"Ouest","s":"25N-H58NV20S-80-S"},{"r":"69","t":"23:55:53","h":"Ouest","s":"25S-H58S000S-80-S"},{"r":"69","t":"23:59:16","h":"Ouest","s":"25N-H58N000A-80-A"},{"r":"69","t":"23:59:16","h":"Ouest","s":"25N-H58NV10A-80-A"},{"r":"69","t":"23:59:16","h":"Ouest","s":"25N-H58NV20A-80-A"},{"r":"69","t":"23:59:16","h":"Ouest","s":"25S-H58S000A-80-A"},{"r":"69","t":"24:25:53","h":"Ouest","s":"25N-H58N000S-80-S"},{"r":"69","t":"24:25:53","h":"Ouest","s":"25N-H58NV10S-80-S"},{"r":"69","t":"24:25:53","h":"Ouest","s":"25N-H58NV20S-80-S"},{"r":"69","t":"24:25:53","h":"Ouest","s":"25S-H58S000S-80-S"},{"r":"69","t":"24:26:16","h":"Ouest","s":"25N-H58N000I-80-I"},{"r":"69","t":"24:26:16","h":"Ouest","s":"25N-H58N100F-80-F1"},{"r":"69","t":"24:26:16","h":"Ouest","s":"25N-H58N200F-80-F2"},{"r":"69","t":"24:26:16","h":"Ouest","s":"25N-H58N300F-80-F3"},{"r":"69","t":"24:26:16","h":"Ouest","s":"25N-H58N400F-80-F4"},{"r":"69","t":"24:26:16","h":"Ouest","s":"25N-H58NV10I-80-I"},{"r":"69","t":"24:26:16","h":"Ouest","s":"25N-H58NV20I-80-I"},{"r":"69","t":"24:26:16","h":"Ouest","s":"25S-H58S000I-80-I"},{"r":"69","t":"24:26:16","h":"Ouest","s":"25S-H58S100F-80-F1"},{"r":"69","t":"24:26:16","h":"Ouest","s":"25S-H58S200F-80-F2"},{"r":"69","t":"24:27:16","h":"Ouest","s":"25N-H58N000A-80-A"},{"r":"69","t":"24:27:16","h":"Ouest","s":"25N-H58NV10A-80-A"},{"r":"69","t":"24:27:16","h":"Ouest","s":"25N-H58NV20A-80-A"},{"r":"69","t":"24:27:16","h":"Ouest","s":"25S-H58S000A-80-A"},{"r":"69","t":"24:55:16","h":"Ouest","s":"25N-H58N000A-80-A"},{"r":"69","t":"24:55:16","h":"Ouest","s":"25N-H58NV10A-80-A"},{"r":"69","t":"24:55:16","h":"Ouest","s":"25N-H58NV20A-80-A"},{"r":"69","t":"24:55:16","h":"Ouest","s":"25S-H58S000A-80-A"},{"r":"69","t":"24:58:16","h":"Ouest","s":"25N-H58N000I-80-I"},{"r":"69","t":"24:58:16","h":"Ouest","s":"25N-H58N100F-80-F1"},{"r":"69","t":"24:58:16","h":"Ouest","s":"25N-H58N200F-80-F2"},{"r":"69","t":"24:58:16","h":"Ouest","s":"25N-H58N300F-80-F3"},{"r":"69","t":"24:58:16","h":"Ouest","s":"25N-H58N400F-80-F4"},{"r":"69","t":"24:58:16","h":"Ouest","s":"25N-H58NV10I-80-I"},{"r":"69","t":"24:58:16","h":"Ouest","s":"25N-H58NV20I-80-I"},{"r":"69","t":"24:58:16","h":"Ouest","s":"25S-H58S000I-80-I"},{"r":"69","t":"24:58:16","h":"Ouest","s":"25S-H58S100F-80-F1"},{"r":"69","t":"24:58:16","h":"Ouest","s":"25S-H58S200F-80-F2"},{"r":"69","t":"24:58:53","h":"Ouest","s":"25N-H58N000S-80-S"},{"r":"69","t":"24:58:53","h":"Ouest","s":"25N-H58NV10S-80-S"},{"r":"69","t":"24:58:53","h":"Ouest","s":"25N-H58NV20S-80-S"},{"r":"69","t":"24:58:53","h":"Ouest","s":"25S-H58S000S-80-S"},{"r":"69","t":"25:25:16","h":"Ouest","s":"25N-H58N000A-80-A"},{"r":"69","t":"25:25:16","h":"Ouest","s":"25N-H58NV10A-80-A"},{"r":"69","t":"25:25:16","h":"Ouest","s":"25N-H58NV20A-80-A"},{"r":"69","t":"25:25:16","h":"Ouest","s":"25S-H58S000A-80-A"},{"r":"69","t":"25:29:16","h":"Ouest","s":"25N-H58N000I-80-I"},{"r":"69","t":"25:29:16","h":"Ouest","s":"25N-H58N100F-80-F1"},{"r":"69","t":"25:29:16","h":"Ouest","s":"25N-H58N200F-80-F2"},{"r":"69","t":"25:29:16","h":"Ouest","s":"25N-H58N300F-80-F3"},{"r":"69","t":"25:29:16","h":"Ouest","s":"25N-H58N400F-80-F4"},{"r":"69","t":"25:29:16","h":"Ouest","s":"25N-H58NV10I-80-I"},{"r":"69","t":"25:29:16","h":"Ouest","s":"25N-H58NV20I-80-I"},{"r":"69","t":"25:29:16","h":"Ouest","s":"25S-H58S000I-80-I"},{"r":"69","t":"25:29:16","h":"Ouest","s":"25S-H58S100F-80-F1"},{"r":"69","t":"25:29:16","h":"Ouest","s":"25S-H58S200F-80-F2"},{"r":"69","t":"25:29:53","h":"Ouest","s":"25N-H58N000S-80-S"},{"r":"69","t":"25:29:53","h":"Ouest","s":"25N-H58NV10S-80-S"},{"r":"69","t":"25:29:53","h":"Ouest","s":"25N-H58NV20S-80-S"},{"r":"69","t":"25:29:53","h":"Ouest","s":"25S-H58S000S-80-S"},{"r":"69","t":"25:57:16","h":"Ouest","s":"25N-H58N000A-80-A"},{"r":"69","t":"25:57:16","h":"Ouest","s":"25N-H58NV10A-80-A"},{"r":"69","t":"25:57:16","h":"Ouest","s":"25N-H58NV20A-80-A"},{"r":"69","t":"25:57:16","h":"Ouest","s":"25S-H58S000A-80-A"}]