[{"r":"69","t":"05:11:31","h":"Est","s":"25N-H58N000S-80-S"},{"r":"69","t":"05:11:31","h":"Est","s":"25N-H58NV10S-80-S"},{"r":"69","t":"05:11:31","h":"Est","s":"25N-H58NV20S-80-S"},{"r":"69","t":"05:11:31","h":"Est","s":"25S-H58S000S-80-S"},{"r":"69","t":"05:21:31","h":"Est","s":"25N-H58N000I-80-I"},{"r":"69","t":"05:21:31","h":"Est","s":"25N-H58N100F-80-F1"},{"r":"69","t":"05:21:31","h":"Est","s":"25N-H58N200F-80-F2"},{"r":"69","t":"05:21:31","h":"Est","s":"25N-H58N300F-80-F3"},{"r":"69","t":"05:21:31","h":"Est","s":"25N-H58N400F-80-F4"},{"r":"69","t":"05:21:31","h":"Est","s":"25N-H58NV10I-80-I"},{"r":"69","t":"05:21:31","h":"Est","s":"25N-H58NV20I-80-I"},{"r":"69","t":"05:21:31","h":"Est","s":"25S-H58S000I-80-I"},{"r":"69","t":"05:21:31","h":"Est","s":"25S-H58S100F-80-F1"},{"r":"69","t":"05:21:31","h":"Est","s":"25S-H58S200F-80-F2"},{"r":"69","t":"05:24:31","h":"Est","s":"25N-H58N000A-80-A"},{"r":"69","t":"05:24:31","h":"Est","s":"25N-H58NV10A-80-A"},{"r":"69","t":"05:24:31","h":"Est","s":"25N-H58NV20A-80-A"},{"r":"69","t":"05:24:31","h":"Est","s":"25S-H58S000A-80-A"},{"r":"69","t":"05:39:31","h":"Est","s":"25N-H58N000S-80-S"},{"r":"69","t":"05:39:31","h":"Est","s":"25N-H58NV10S-80-S"},{"r":"69","t":"05:39:31","h":"Est","s":"25N-H58NV20S-80-S"},{"r":"69","t":"05:39:31","h":"Est","s":"25S-H58S000S-80-S"},{"r":"69","t":"05:53:31","h":"Est","s":"25N-H58N000I-80-I"},{"r":"69","t":"05:53:31","h":"Est","s":"25N-H58N100F-80-F1"},{"r":"69","t":"05:53:31","h":"Est","s":"25N-H58N200F-80-F2"},{"r":"69","t":"05:53:31","h":"Est","s":"25N-H58N300F-80-F3"},{"r":"69","t":"05:53:31","h":"Est","s":"25N-H58N400F-80-F4"},{"r":"69","t":"05:53:31","h":"Est","s":"25N-H58NV10I-80-I"},{"r":"69","t":"05:53:31","h":"Est","s":"25N-H58NV20I-80-I"},{"r":"69","t":"05:53:31","h":"Est","s":"25S-H58S000I-80-I"},{"r":"69","t":"05:53:31","h":"Est","s":"25S-H58S100F-80-F1"},{"r":"69","t":"05:53:31","h":"Est","s":"25S-H58S200F-80-F2"},{"r":"69","t":"05:57:31","h":"Est","s":"25N-H58N000A-80-A"},{"r":"69","t":"05:57:31","h":"Est","s":"25N-H58NV10A-80-A"},{"r":"69","t":"05:57:31","h":"Est","s":"25N-H58NV20A-80-A"},{"r":"69","t":"05:57:31","h":"Est","s":"25S-H58S000A-80-A"},{"r":"69","t":"06:08:31","h":"Est","s":"25N-H58N000S-80-S"},{"r":"69","t":"06:08:31","h":"Est","s":"25N-H58NV10S-80-S"},{"r":"69","t":"06:08:31","h":"Est","s":"25N-H58NV20S-80-S"},{"r":"69","t":"06:08:31","h":"Est","s":"25S-H58S000S-80-S"},{"r":"69","t":"06:27:31","h":"Est","s":"25N-H58N000I-80-I"},{"r":"69","t":"06:27:31","h":"Est","s":"25N-H58N100F-80-F1"},{"r":"69","t":"06:27:31","h":"Est","s":"25N-H58N200F-80-F2"},{"r":"69","t":"06:27:31","h":"Est","s":"25N-H58N300F-80-F3"},{"r":"69","t":"06:27:31","h":"Est","s":"25N-H58N400F-80-F4"},{"r":"69","t":"06:27:31","h":"Est","s":"25N-H58NV10I-80-I"},{"r":"69","t":"06:27:31","h":"Est","s":"25N-H58NV20I-80-I"},{"r":"69","t":"06:27:31","h":"Est","s":"25S-H58S000I-80-I"},{"r":"69","t":"06:27:31","h":"Est","s":"25S-H58S100F-80-F1"},{"r":"69","t":"06:27:31","h":"Est","s":"25S-H58S200F-80-F2"},{"r":"69","t":"06:29:31","h":"Est","s":"25N-H58N000A-80-A"},{"r":"69","t":"06:29:31","h":"Est","s":"25N-H58N000S-80-S"},{"r":"69","t":"06:29:31","h":"Est","s":"25N-H58NV10A-80-A"},{"r":"69","t":"06:29:31","h":"Est","s":"25N-H58NV10S-80-S"},{"r":"69","t":"06:29:31","h":"Est","s":"25N-H58NV20A-80-A"},{"r":"69","t":"06:29:31","h":"Est","s":"25N-H58NV20S-80-S"},{"r":"69","t":"06:29:31","h":"Est","s":"25S-H58S000A-80-A"},{"r":"69","t":"06:29:31","h":"Est","s":"25S-H58S000S-80-S"},{"r":"69","t":"06:47:21","h":"Est","s":"25N-H58N000S-80-S"},{"r":"69","t":"06:47:21","h":"Est","s":"25N-H58NV10S-80-S"},{"r":"69","t":"06:47:21","h":"Est","s":"25N-H58NV20S-80-S"},{"r":"69","t":"06:47:21","h":"Est","s":"25S-H58S000S-80-S"},{"r":"69","t":"06:58:31","h":"Est","s":"25N-H58N000I-80-I"},{"r":"69","t":"06:58:31","h":"Est","s":"25N-H58N100F-80-F1"},{"r":"69","t":"06:58:31","h":"Est","s":"25N-H58N200F-80-F2"},{"r":"69","t":"06:58:31","h":"Est","s":"25N-H58N300F-80-F3"},{"r":"69","t":"06:58:31","h":"Est","s":"25N-H58N400F-80-F4"},{"r":"69","t":"06:58:31","h":"Est","s":"25N-H58NV10I-80-I"},{"r":"69","t":"06:58:31","h":"Est","s":"25N-H58NV20I-80-I"},{"r":"69","t":"06:58:31","h":"Est","s":"25S-H58S000I-80-I"},{"r":"69","t":"06:58:31","h":"Est","s":"25S-H58S100F-80-F1"},{"r":"69","t":"06:58:31","h":"Est","s":"25S-H58S200F-80-F2"},{"r":"69","t":"07:00:31","h":"Est","s":"25N-H58N000A-80-A"},{"r":"69","t":"07:00:31","h":"Est","s":"25N-H58NV10A-80-A"},{"r":"69","t":"07:00:31","h":"Est","s":"25N-H58NV20A-80-A"},{"r":"69","t":"07:00:31","h":"Est","s":"25S-H58S000A-80-A"},{"r":"69","t":"07:03:11","h":"Est","s":"25N-H58N000S-80-S"},{"r":"69","t":"07:03:11","h":"Est","s":"25N-H58NV10S-80-S"},{"r":"69","t":"07:03:11","h":"Est","s":"25N-H58NV20S-80-S"},{"r":"69","t":"07:03:11","h":"Est","s":"25S-H58S000S-80-S"},{"r":"69","t":"07:13:11","h":"Est","s":"25N-H58N000S-80-S"},{"r":"69","t":"07:13:11","h":"Est","s":"25N-H58NV10S-80-S"},{"r":"69","t":"07:13:11","h":"Est","s":"25N-H58NV20S-80-S"},{"r":"69","t":"07:13:11","h":"Est","s":"25S-H58S000S-80-S"},{"r":"69","t":"07:24:11","h":"Est","s":"25N-H58N000S-80-S"},{"r":"69","t":"07:24:11","h":"Est","s":"25N-H58NV10S-80-S"},{"r":"69","t":"07:24:11","h":"Est","s":"25N-H58NV20S-80-S"},{"r":"69","t":"07:24:11","h":"Est","s":"25S-H58S000S-80-S"},{"r":"69","t":"07:30:31","h":"Est","s":"25N-H58N000A-80-A"},{"r":"69","t":"07:30:31","h":"Est","s":"25N-H58N000I-80-I"},{"r":"69","t":"07:30:31","h":"Est","s":"25N-H58N100F-80-F1"},{"r":"69","t":"07:30:31","h":"Est","s":"25N-H58N200F-80-F2"},{"r":"69","t":"07:30:31","h":"Est","s":"25N-H58N300F-80-F3"},{"r":"69","t":"07:30:31","h":"Est","s":"25N-H58N400F-80-F4"},{"r":"69","t":"07:30:31","h":"Est","s":"25N-H58NV10A-80-A"},{"r":"69","t":"07:30:31","h":"Est","s":"25N-H58NV10I-80-I"},{"r":"69","t":"07:30:31","h":"Est","s":"25N-H58NV20A-80-A"},{"r":"69","t":"07:30:31","h":"Est","s":"25N-H58NV20I-80-I"},{"r":"69","t":"07:30:31","h":"Est","s":"25S-H58S000A-80-A"},{"r":"69","t":"07:30:31","h":"Est","s":"25S-H58S000I-80-I"},{"r":"69","t":"07:30:31","h":"Est","s":"25S-H58S100F-80-F1"},{"r":"69","t":"07:30:31","h":"Est","s":"25S-H58S200F-80-F2"},{"r":"69","t":"07:33:21","h":"Est","s":"25N-H58N000S-80-S"},{"r":"69","t":"07:33:21","h":"Est","s":"25N-H58NV10S-80-S"},{"r":"69","t":"07:33:21","h":"Est","s":"25N-H58NV20S-80-S"},{"r":"69","t":"07:33:21","h":"Est","s":"25S-H58S000S-80-S"},{"r":"69","t":"07:42:21","h":"Est","s":"25N-H58N000S-80-S"},{"r":"69","t":"07:42:21","h":"Est","s":"25N-H58NV10S-80-S"},{"r":"69","t":"07:42:21","h":"Est","s":"25N-H58NV20S-80-S"},{"r":"69","t":"07:42:21","h":"Est","s":"25S-H58S000S-80-S"},{"r":"69","t":"07:50:21","h":"Est","s":"25N-H58N000S-80-S"},{"r":"69","t":"07:50:21","h":"Est","s":"25N-H58NV10S-80-S"},{"r":"69","t":"07:50:21","h":"Est","s":"25N-H58NV20S-80-S"},{"r":"69","t":"07:50:21","h":"Est","s":"25S-H58S000S-80-S"},{"r":"69","t":"07:58:21","h":"Est","s":"25N-H58N000S-80-S"},{"r":"69","t":"07:58:21","h":"Est","s":"25N-H58NV10S-80-S"},{"r":"69","t":"07:58:21","h":"Est","s":"25N-H58NV20S-80-S"},{"r":"69","t":"07:58:21","h":"Est","s":"25S-H58S000S-80-S"},{"r":"69","t":"07:59:31","h":"Est","s":"25N-H58N000A-80-A"},{"r":"69","t":"07:59:31","h":"Est","s":"25N-H58NV10A-80-A"},{"r":"69","t":"07:59:31","h":"Est","s":"25N-H58NV20A-80-A"},{"r":"69","t":"07:59:31","h":"Est","s":"25S-H58S000A-80-A"},{"r":"69","t":"08:02:31","h":"Est","s":"25N-H58N000I-80-I"},{"r":"69","t":"08:02:31","h":"Est","s":"25N-H58N100F-80-F1"},{"r":"69","t":"08:02:31","h":"Est","s":"25N-H58N200F-80-F2"},{"r":"69","t":"08:02:31","h":"Est","s":"25N-H58N300F-80-F3"},{"r":"69","t":"08:02:31","h":"Est","s":"25N-H58N400F-80-F4"},{"r":"69","t":"08:02:31","h":"Est","s":"25N-H58NV10I-80-I"},{"r":"69","t":"08:02:31","h":"Est","s":"25N-H58NV20I-80-I"},{"r":"69","t":"08:02:31","h":"Est","s":"25S-H58S000I-80-I"},{"r":"69","t":"08:02:31","h":"Est","s":"25S-H58S100F-80-F1"},{"r":"69","t":"08:02:31","h":"Est","s":"25S-H58S200F-80-F2"},{"r":"69","t":"08:07:21","h":"Est","s":"25N-H58N000S-80-S"},{"r":"69","t":"08:07:21","h":"Est","s":"25N-H58NV10S-80-S"},{"r":"69","t":"08:07:21","h":"Est","s":"25N-H58NV20S-80-S"},{"r":"69","t":"08:07:21","h":"Est","s":"25S-H58S000S-80-S"},{"r":"69","t":"08:15:21","h":"Est","s":"25N-H58N000S-80-S"},{"r":"69","t":"08:15:21","h":"Est","s":"25N-H58NV10S-80-S"},{"r":"69","t":"08:15:21","h":"Est","s":"25N-H58NV20S-80-S"},{"r":"69","t":"08:15:21","h":"Est","s":"25S-H58S000S-80-S"},{"r":"69","t":"08:23:21","h":"Est","s":"25N-H58N000S-80-S"},{"r":"69","t":"08:23:21","h":"Est","s":"25N-H58NV10S-80-S"},{"r":"69","t":"08:23:21","h":"Est","s":"25N-H58NV20S-80-S"},{"r":"69","t":"08:23:21","h":"Est","s":"25S-H58S000S-80-S"},{"r":"69","t":"08:28:31","h":"Est","s":"25N-H58N000A-80-A"},{"r":"69","t":"08:28:31","h":"Est","s":"25N-H58NV10A-80-A"},{"r":"69","t":"08:28:31","h":"Est","s":"25N-H58NV20A-80-A"},{"r":"69","t":"08:28:31","h":"Est","s":"25S-H58S000A-80-A"},{"r":"69","t":"08:32:31","h":"Est","s":"25N-H58N000I-80-I"},{"r":"69","t":"08:32:31","h":"Est","s":"25N-H58N100F-80-F1"},{"r":"69","t":"08:32:31","h":"Est","s":"25N-H58N200F-80-F2"},{"r":"69","t":"08:32:31","h":"Est","s":"25N-H58N300F-80-F3"},{"r":"69","t":"08:32:31","h":"Est","s":"25N-H58N400F-80-F4"},{"r":"69","t":"08:32:31","h":"Est","s":"25N-H58NV10I-80-I"},{"r":"69","t":"08:32:31","h":"Est","s":"25N-H58NV20I-80-I"},{"r":"69","t":"08:32:31","h":"Est","s":"25S-H58S000I-80-I"},{"r":"69","t":"08:32:31","h":"Est","s":"25S-H58S100F-80-F1"},{"r":"69","t":"08:32:31","h":"Est","s":"25S-H58S200F-80-F2"},{"r":"69","t":"08:37:31","h":"Est","s":"25N-H58N000S-80-S"},{"r":"69","t":"08:37:31","h":"Est","s":"25N-H58NV10S-80-S"},{"r":"69","t":"08:37:31","h":"Est","s":"25N-H58NV20S-80-S"},{"r":"69","t":"08:37:31","h":"Est","s":"25S-H58S000S-80-S"},{"r":"69","t":"08:48:31","h":"Est","s":"25N-H58N000S-80-S"},{"r":"69","t":"08:48:31","h":"Est","s":"25N-H58NV10S-80-S"},{"r":"69","t":"08:48:31","h":"Est","s":"25N-H58NV20S-80-S"},{"r":"69","t":"08:48:31","h":"Est","s":"25S-H58S000S-80-S"},{"r":"69","t":"08:56:31","h":"Est","s":"25N-H58N000S-80-S"},{"r":"69","t":"08:56:31","h":"Est","s":"25N-H58NV10S-80-S"},{"r":"69","t":"08:56:31","h":"Est","s":"25N-H58NV20S-80-S"},{"r":"69","t":"08:56:31","h":"Est","s":"25S-H58S000S-80-S"},{"r":"69","t":"08:58:31","h":"Est","s":"25N-H58N000A-80-A"},{"r":"69","t":"08:58:31","h":"Est","s":"25N-H58NV10A-80-A"},{"r":"69","t":"08:58:31","h":"Est","s":"25N-H58NV20A-80-A"},{"r":"69","t":"08:58:31","h":"Est","s":"25S-H58S000A-80-A"},{"r":"69","t":"09:02:31","h":"Est","s":"25N-H58N000I-80-I"},{"r":"69","t":"09:02:31","h":"Est","s":"25N-H58N100F-80-F1"},{"r":"69","t":"09:02:31","h":"Est","s":"25N-H58N200F-80-F2"},{"r":"69","t":"09:02:31","h":"Est","s":"25N-H58N300F-80-F3"},{"r":"69","t":"09:02:31","h":"Est","s":"25N-H58N400F-80-F4"},{"r":"69","t":"09:02:31","h":"Est","s":"25N-H58NV10I-80-I"},{"r":"69","t":"09:02:31","h":"Est","s":"25N-H58NV20I-80-I"},{"r":"69","t":"09:02:31","h":"Est","s":"25S-H58S000I-80-I"},{"r":"69","t":"09:02:31","h":"Est","s":"25S-H58S100F-80-F1"},{"r":"69","t":"09:02:31","h":"Est","s":"25S-H58S200F-80-F2"},{"r":"69","t":"09:09:31","h":"Est","s":"25N-H58N000S-80-S"},{"r":"69","t":"09:09:31","h":"Est","s":"25N-H58NV10S-80-S"},{"r":"69","t":"09:09:31","h":"Est","s":"25N-H58NV20S-80-S"},{"r":"69","t":"09:09:31","h":"Est","s":"25S-H58S000S-80-S"},{"r":"69","t":"09:28:31","h":"Est","s":"25N-H58N000I-80-I"},{"r":"69","t":"09:28:31","h":"Est","s":"25N-H58N100F-80-F1"},{"r":"69","t":"09:28:31","h":"Est","s":"25N-H58N200F-80-F2"},{"r":"69","t":"09:28:31","h":"Est","s":"25N-H58N300F-80-F3"},{"r":"69","t":"09:28:31","h":"Est","s":"25N-H58N400F-80-F4"},{"r":"69","t":"09:28:31","h":"Est","s":"25N-H58NV10I-80-I"},{"r":"69","t":"09:28:31","h":"Est","s":"25N-H58NV20I-80-I"},{"r":"69","t":"09:28:31","h":"Est","s":"25S-H58S000I-80-I"},{"r":"69","t":"09:28:31","h":"Est","s":"25S-H58S100F-80-F1"},{"r":"69","t":"09:28:31","h":"Est","s":"25S-H58S200F-80-F2"},{"r":"69","t":"09:31:21","h":"Est","s":"25N-H58N000A-80-A"},{"r":"69","t":"09:31:21","h":"Est","s":"25N-H58NV10A-80-A"},{"r":"69","t":"09:31:21","h":"Est","s":"25N-H58NV20A-80-A"},{"r":"69","t":"09:31:21","h":"Est","s":"25S-H58S000A-80-A"},{"r":"69","t":"09:34:31","h":"Est","s":"25N-H58N000S-80-S"},{"r":"69","t":"09:34:31","h":"Est","s":"25N-H58NV10S-80-S"},{"r":"69","t":"09:34:31","h":"Est","s":"25N-H58NV20S-80-S"},{"r":"69","t":"09:34:31","h":"Est","s":"25S-H58S000S-80-S"},{"r":"69","t":"09:53:31","h":"Est","s":"25N-H58N000I-80-I"},{"r":"69","t":"09:53:31","h":"Est","s":"25N-H58N100F-80-F1"},{"r":"69","t":"09:53:31","h":"Est","s":"25N-H58N200F-80-F2"},{"r":"69","t":"09:53:31","h":"Est","s":"25N-H58N300F-80-F3"},{"r":"69","t":"09:53:31","h":"Est","s":"25N-H58N400F-80-F4"},{"r":"69","t":"09:53:31","h":"Est","s":"25N-H58NV10I-80-I"},{"r":"69","t":"09:53:31","h":"Est","s":"25N-H58NV20I-80-I"},{"r":"69","t":"09:53:31","h":"Est","s":"25S-H58S000I-80-I"},{"r":"69","t":"09:53:31","h":"Est","s":"25S-H58S100F-80-F1"},{"r":"69","t":"09:53:31","h":"Est","s":"25S-H58S200F-80-F2"},{"r":"69","t":"09:59:31","h":"Est","s":"25N-H58N000S-80-S"},{"r":"69","t":"09:59:31","h":"Est","s":"25N-H58NV10S-80-S"},{"r":"69","t":"09:59:31","h":"Est","s":"25N-H58NV20S-80-S"},{"r":"69","t":"09:59:31","h":"Est","s":"25S-H58S000S-80-S"},{"r":"69","t":"10:01:21","h":"Est","s":"25N-H58N000A-80-A"},{"r":"69","t":"10:01:21","h":"Est","s":"25N-H58NV10A-80-A"},{"r":"69","t":"10:01:21","h":"Est","s":"25N-H58NV20A-80-A"},{"r":"69","t":"10:01:21","h":"Est","s":"25S-H58S000A-80-A"},{"r":"69","t":"10:18:31","h":"Est","s":"25N-H58N000I-80-I"},{"r":"69","t":"10:18:31","h":"Est","s":"25N-H58N100F-80-F1"},{"r":"69","t":"10:18:31","h":"Est","s":"25N-H58N200F-80-F2"},{"r":"69","t":"10:18:31","h":"Est","s":"25N-H58N300F-80-F3"},{"r":"69","t":"10:18:31","h":"Est","s":"25N-H58N400F-80-F4"},{"r":"69","t":"10:18:31","h":"Est","s":"25N-H58NV10I-80-I"},{"r":"69","t":"10:18:31","h":"Est","s":"25N-H58NV20I-80-I"},{"r":"69","t":"10:18:31","h":"Est","s":"25S-H58S000I-80-I"},{"r":"69","t":"10:18:31","h":"Est","s":"25S-H58S100F-80-F1"},{"r":"69","t":"10:18:31","h":"Est","s":"25S-H58S200F-80-F2"},{"r":"69","t":"10:24:31","h":"Est","s":"25N-H58N000S-80-S"},{"r":"69","t":"10:24:31","h":"Est","s":"25N-H58NV10S-80-S"},{"r":"69","t":"10:24:31","h":"Est","s":"25N-H58NV20S-80-S"},{"r":"69","t":"10:24:31","h":"Est","s":"25S-H58S000S-80-S"},{"r":"69","t":"10:31:21","h":"Est","s":"25N-H58N000A-80-A"},{"r":"69","t":"10:31:21","h":"Est","s":"25N-H58NV10A-80-A"},{"r":"69","t":"10:31:21","h":"Est","s":"25N-H58NV20A-80-A"},{"r":"69","t":"10:31:21","h":"Est","s":"25S-H58S000A-80-A"},{"r":"69","t":"10:45:31","h":"Est","s":"25N-H58N000I-80-I"},{"r":"69","t":"10:45:31","h":"Est","s":"25N-H58N100F-80-F1"},{"r":"69","t":"10:45:31","h":"Est","s":"25N-H58N200F-80-F2"},{"r":"69","t":"10:45:31","h":"Est","s":"25N-H58N300F-80-F3"},{"r":"69","t":"10:45:31","h":"Est","s":"25N-H58N400F-80-F4"},{"r":"69","t":"10:45:31","h":"Est","s":"25N-H58NV10I-80-I"},{"r":"69","t":"10:45:31","h":"Est","s":"25N-H58NV20I-80-I"},{"r":"69","t":"10:45:31","h":"Est","s":"25S-H58S000I-80-I"},{"r":"69","t":"10:45:31","h":"Est","s":"25S-H58S100F-80-F1"},{"r":"69","t":"10:45:31","h":"Est","s":"25S-H58S200F-80-F2"},{"r":"69","t":"10:50:31","h":"Est","s":"25N-H58N000S-80-S"},{"r":"69","t":"10:50:31","h":"Est","s":"25N-H58NV10S-80-S"},{"r":"69","t":"10:50:31","h":"Est","s":"25N-H58NV20S-80-S"},{"r":"69","t":"10:50:31","h":"Est","s":"25S-H58S000S-80-S"},{"r":"69","t":"10:56:21","h":"Est","s":"25N-H58N000A-80-A"},{"r":"69","t":"10:56:21","h":"Est","s":"25N-H58NV10A-80-A"},{"r":"69","t":"10:56:21","h":"Est","s":"25N-H58NV20A-80-A"},{"r":"69","t":"10:56:21","h":"Est","s":"25S-H58S000A-80-A"},{"r":"69","t":"11:15:31","h":"Est","s":"25N-H58N000I-80-I"},{"r":"69","t":"11:15:31","h":"Est","s":"25N-H58N000S-80-S"},{"r":"69","t":"11:15:31","h":"Est","s":"25N-H58N100F-80-F1"},{"r":"69","t":"11:15:31","h":"Est","s":"25N-H58N200F-80-F2"},{"r":"69","t":"11:15:31","h":"Est","s":"25N-H58N300F-80-F3"},{"r":"69","t":"11:15:31","h":"Est","s":"25N-H58N400F-80-F4"},{"r":"69","t":"11:15:31","h":"Est","s":"25N-H58NV10I-80-I"},{"r":"69","t":"11:15:31","h":"Est","s":"25N-H58NV10S-80-S"},{"r":"69","t":"11:15:31","h":"Est","s":"25N-H58NV20I-80-I"},{"r":"69","t":"11:15:31","h":"Est","s":"25N-H58NV20S-80-S"},{"r":"69","t":"11:15:31","h":"Est","s":"25S-H58S000I-80-I"},{"r":"69","t":"11:15:31","h":"Est","s":"25S-H58S000S-80-S"},{"r":"69","t":"11:15:31","h":"Est","s":"25S-H58S100F-80-F1"},{"r":"69","t":"11:15:31","h":"Est","s":"25S-H58S200F-80-F2"},{"r":"69","t":"11:16:21","h":"Est","s":"25N-H58N000A-80-A"},{"r":"69","t":"11:16:21","h":"Est","s":"25N-H58NV10A-80-A"},{"r":"69","t":"11:16:21","h":"Est","s":"25N-H58NV20A-80-A"},{"r":"69","t":"11:16:21","h":"Est","s":"25S-H58S000A-80-A"},{"r":"69","t":"11:36:21","h":"Est","s":"25N-H58N000A-80-A"},{"r":"69","t":"11:36:21","h":"Est","s":"25N-H58NV10A-80-A"},{"r":"69","t":"11:36:21","h":"Est","s":"25N-H58NV20A-80-A"},{"r":"69","t":"11:36:21","h":"Est","s":"25S-H58S000A-80-A"},{"r":"69","t":"11:39:31","h":"Est","s":"25N-H58N000S-80-S"},{"r":"69","t":"11:39:31","h":"Est","s":"25N-H58NV10S-80-S"},{"r":"69","t":"11:39:31","h":"Est","s":"25N-H58NV20S-80-S"},{"r":"69","t":"11:39:31","h":"Est","s":"25S-H58S000S-80-S"},{"r":"69","t":"11:45:31","h":"Est","s":"25N-H58N000I-80-I"},{"r":"69","t":"11:45:31","h":"Est","s":"25N-H58N100F-80-F1"},{"r":"69","t":"11:45:31","h":"Est","s":"25N-H58N200F-80-F2"},{"r":"69","t":"11:45:31","h":"Est","s":"25N-H58N300F-80-F3"},{"r":"69","t":"11:45:31","h":"Est","s":"25N-H58N400F-80-F4"},{"r":"69","t":"11:45:31","h":"Est","s":"25N-H58NV10I-80-I"},{"r":"69","t":"11:45:31","h":"Est","s":"25N-H58NV20I-80-I"},{"r":"69","t":"11:45:31","h":"Est","s":"25S-H58S000I-80-I"},{"r":"69","t":"11:45:31","h":"Est","s":"25S-H58S100F-80-F1"},{"r":"69","t":"11:45:31","h":"Est","s":"25S-H58S200F-80-F2"},{"r":"69","t":"11:56:21","h":"Est","s":"25N-H58N000A-80-A"},{"r":"69","t":"11:56:21","h":"Est","s":"25N-H58NV10A-80-A"},{"r":"69","t":"11:56:21","h":"Est","s":"25N-H58NV20A-80-A"},{"r":"69","t":"11:56:21","h":"Est","s":"25S-H58S000A-80-A"},{"r":"69","t":"12:00:31","h":"Est","s":"25N-H58N000S-80-S"},{"r":"69","t":"12:00:31","h":"Est","s":"25N-H58NV10S-80-S"},{"r":"69","t":"12:00:31","h":"Est","s":"25N-H58NV20S-80-S"},{"r":"69","t":"12:00:31","h":"Est","s":"25S-H58S000S-80-S"},{"r":"69","t":"12:15:31","h":"Est","s":"25N-H58N000I-80-I"},{"r":"69","t":"12:15:31","h":"Est","s":"25N-H58N100F-80-F1"},{"r":"69","t":"12:15:31","h":"Est","s":"25N-H58N200F-80-F2"},{"r":"69","t":"12:15:31","h":"Est","s":"25N-H58N300F-80-F3"},{"r":"69","t":"12:15:31","h":"Est","s":"25N-H58N400F-80-F4"},{"r":"69","t":"12:15:31","h":"Est","s":"25N-H58NV10I-80-I"},{"r":"69","t":"12:15:31","h":"Est","s":"25N-H58NV20I-80-I"},{"r":"69","t":"12:15:31","h":"Est","s":"25S-H58S000I-80-I"},{"r":"69","t":"12:15:31","h":"Est","s":"25S-H58S100F-80-F1"},{"r":"69","t":"12:15:31","h":"Est","s":"25S-H58S200F-80-F2"},{"r":"69","t":"12:16:21","h":"Est","s":"25N-H58N000A-80-A"},{"r":"69","t":"12:16:21","h":"Est","s":"25N-H58NV10A-80-A"},{"r":"69","t":"12:16:21","h":"Est","s":"25N-H58NV20A-80-A"},{"r":"69","t":"12:16:21","h":"Est","s":"25S-H58S000A-80-A"},{"r":"69","t":"12:20:31","h":"Est","s":"25N-H58N000S-80-S"},{"r":"69","t":"12:20:31","h":"Est","s":"25N-H58NV10S-80-S"},{"r":"69","t":"12:20:31","h":"Est","s":"25N-H58NV20S-80-S"},{"r":"69","t":"12:20:31","h":"Est","s":"25S-H58S000S-80-S"},{"r":"69","t":"12:36:21","h":"Est","s":"25N-H58N000A-80-A"},{"r":"69","t":"12:36:21","h":"Est","s":"25N-H58NV10A-80-A"},{"r":"69","t":"12:36:21","h":"Est","s":"25N-H58NV20A-80-A"},{"r":"69","t":"12:36:21","h":"Est","s":"25S-H58S000A-80-A"},{"r":"69","t":"12:40:31","h":"Est","s":"25N-H58N000S-80-S"},{"r":"69","t":"12:40:31","h":"Est","s":"25N-H58NV10S-80-S"},{"r":"69","t":"12:40:31","h":"Est","s":"25N-H58NV20S-80-S"},{"r":"69","t":"12:40:31","h":"Est","s":"25S-H58S000S-80-S"},{"r":"69","t":"12:45:31","h":"Est","s":"25N-H58N000I-80-I"},{"r":"69","t":"12:45:31","h":"Est","s":"25N-H58N100F-80-F1"},{"r":"69","t":"12:45:31","h":"Est","s":"25N-H58N200F-80-F2"},{"r":"69","t":"12:45:31","h":"Est","s":"25N-H58N300F-80-F3"},{"r":"69","t":"12:45:31","h":"Est","s":"25N-H58N400F-80-F4"},{"r":"69","t":"12:45:31","h":"Est","s":"25N-H58NV10I-80-I"},{"r":"69","t":"12:45:31","h":"Est","s":"25N-H58NV20I-80-I"},{"r":"69","t":"12:45:31","h":"Est","s":"25S-H58S000I-80-I"},{"r":"69","t":"12:45:31","h":"Est","s":"25S-H58S100F-80-F1"},{"r":"69","t":"12:45:31","h":"Est","s":"25S-H58S200F-80-F2"},{"r":"69","t":"12:56:21","h":"Est","s":"25N-H58N000A-80-A"},{"r":"69","t":"12:56:21","h":"Est","s":"25N-H58NV10A-80-A"},{"r":"69","t":"12:56:21","h":"Est","s":"25N-H58NV20A-80-A"},{"r":"69","t":"12:56:21","h":"Est","s":"25S-H58S000A-80-A"},{"r":"69","t":"13:00:31","h":"Est","s":"25N-H58N000S-80-S"},{"r":"69","t":"13:00:31","h":"Est","s":"25N-H58NV10S-80-S"},{"r":"69","t":"13:00:31","h":"Est","s":"25N-H58NV20S-80-S"},{"r":"69","t":"13:00:31","h":"Est","s":"25S-H58S000S-80-S"},{"r":"69","t":"13:15:31","h":"Est","s":"25N-H58N000I-80-I"},{"r":"69","t":"13:15:31","h":"Est","s":"25N-H58N100F-80-F1"},{"r":"69","t":"13:15:31","h":"Est","s":"25N-H58N200F-80-F2"},{"r":"69","t":"13:15:31","h":"Est","s":"25N-H58N300F-80-F3"},{"r":"69","t":"13:15:31","h":"Est","s":"25N-H58N400F-80-F4"},{"r":"69","t":"13:15:31","h":"Est","s":"25N-H58NV10I-80-I"},{"r":"69","t":"13:15:31","h":"Est","s":"25N-H58NV20I-80-I"},{"r":"69","t":"13:15:31","h":"Est","s":"25S-H58S000I-80-I"},{"r":"69","t":"13:15:31","h":"Est","s":"25S-H58S100F-80-F1"},{"r":"69","t":"13:15:31","h":"Est","s":"25S-H58S200F-80-F2"},{"r":"69","t":"13:16:21","h":"Est","s":"25N-H58N000A-80-A"},{"r":"69","t":"13:16:21","h":"Est","s":"25N-H58NV10A-80-A"},{"r":"69","t":"13:16:21","h":"Est","s":"25N-H58NV20A-80-A"},{"r":"69","t":"13:16:21","h":"Est","s":"25S-H58S000A-80-A"},{"r":"69","t":"13:20:31","h":"Est","s":"25N-H58N000S-80-S"},{"r":"69","t":"13:20:31","h":"Est","s":"25N-H58NV10S-80-S"},{"r":"69","t":"13:20:31","h":"Est","s":"25N-H58NV20S-80-S"},{"r":"69","t":"13:20:31","h":"Est","s":"25S-H58S000S-80-S"},{"r":"69","t":"13:35:31","h":"Est","s":"25N-H58N000I-80-I"},{"r":"69","t":"13:35:31","h":"Est","s":"25N-H58N100F-80-F1"},{"r":"69","t":"13:35:31","h":"Est","s":"25N-H58N200F-80-F2"},{"r":"69","t":"13:35:31","h":"Est","s":"25N-H58N300F-80-F3"},{"r":"69","t":"13:35:31","h":"Est","s":"25N-H58N400F-80-F4"},{"r":"69","t":"13:35:31","h":"Est","s":"25N-H58NV10I-80-I"},{"r":"69","t":"13:35:31","h":"Est","s":"25N-H58NV20I-80-I"},{"r":"69","t":"13:35:31","h":"Est","s":"25S-H58S000I-80-I"},{"r":"69","t":"13:35:31","h":"Est","s":"25S-H58S100F-80-F1"},{"r":"69","t":"13:35:31","h":"Est","s":"25S-H58S200F-80-F2"},{"r":"69","t":"13:36:21","h":"Est","s":"25N-H58N000A-80-A"},{"r":"69","t":"13:36:21","h":"Est","s":"25N-H58NV10A-80-A"},{"r":"69","t":"13:36:21","h":"Est","s":"25N-H58NV20A-80-A"},{"r":"69","t":"13:36:21","h":"Est","s":"25S-H58S000A-80-A"},{"r":"69","t":"13:38:31","h":"Est","s":"25N-H58N000S-80-S"},{"r":"69","t":"13:38:31","h":"Est","s":"25N-H58NV10S-80-S"},{"r":"69","t":"13:38:31","h":"Est","s":"25N-H58NV20S-80-S"},{"r":"69","t":"13:38:31","h":"Est","s":"25S-H58S000S-80-S"},{"r":"69","t":"13:55:31","h":"Est","s":"25N-H58N000I-80-I"},{"r":"69","t":"13:55:31","h":"Est","s":"25N-H58N000S-80-S"},{"r":"69","t":"13:55:31","h":"Est","s":"25N-H58N100F-80-F1"},{"r":"69","t":"13:55:31","h":"Est","s":"25N-H58N200F-80-F2"},{"r":"69","t":"13:55:31","h":"Est","s":"25N-H58N300F-80-F3"},{"r":"69","t":"13:55:31","h":"Est","s":"25N-H58N400F-80-F4"},{"r":"69","t":"13:55:31","h":"Est","s":"25N-H58NV10I-80-I"},{"r":"69","t":"13:55:31","h":"Est","s":"25N-H58NV10S-80-S"},{"r":"69","t":"13:55:31","h":"Est","s":"25N-H58NV20I-80-I"},{"r":"69","t":"13:55:31","h":"Est","s":"25N-H58NV20S-80-S"},{"r":"69","t":"13:55:31","h":"Est","s":"25S-H58S000I-80-I"},{"r":"69","t":"13:55:31","h":"Est","s":"25S-H58S000S-80-S"},{"r":"69","t":"13:55:31","h":"Est","s":"25S-H58S100F-80-F1"},{"r":"69","t":"13:55:31","h":"Est","s":"25S-H58S200F-80-F2"},{"r":"69","t":"13:56:21","h":"Est","s":"25N-H58N000A-80-A"},{"r":"69","t":"13:56:21","h":"Est","s":"25N-H58NV10A-80-A"},{"r":"69","t":"13:56:21","h":"Est","s":"25N-H58NV20A-80-A"},{"r":"69","t":"13:56:21","h":"Est","s":"25S-H58S000A-80-A"},{"r":"69","t":"14:12:31","h":"Est","s":"25N-H58N000S-80-S"},{"r":"69","t":"14:12:31","h":"Est","s":"25N-H58NV10S-80-S"},{"r":"69","t":"14:12:31","h":"Est","s":"25N-H58NV20S-80-S"},{"r":"69","t":"14:12:31","h":"Est","s":"25S-H58S000S-80-S"},{"r":"69","t":"14:15:31","h":"Est","s":"25N-H58N000I-80-I"},{"r":"69","t":"14:15:31","h":"Est","s":"25N-H58N100F-80-F1"},{"r":"69","t":"14:15:31","h":"Est","s":"25N-H58N200F-80-F2"},{"r":"69","t":"14:15:31","h":"Est","s":"25N-H58N300F-80-F3"},{"r":"69","t":"14:15:31","h":"Est","s":"25N-H58N400F-80-F4"},{"r":"69","t":"14:15:31","h":"Est","s":"25N-H58NV10I-80-I"},{"r":"69","t":"14:15:31","h":"Est","s":"25N-H58NV20I-80-I"},{"r":"69","t":"14:15:31","h":"Est","s":"25S-H58S000I-80-I"},{"r":"69","t":"14:15:31","h":"Est","s":"25S-H58S100F-80-F1"},{"r":"69","t":"14:15:31","h":"Est","s":"25S-H58S200F-80-F2"},{"r":"69","t":"14:16:21","h":"Est","s":"25N-H58N000A-80-A"},{"r":"69","t":"14:16:21","h":"Est","s":"25N-H58NV10A-80-A"},{"r":"69","t":"14:16:21","h":"Est","s":"25N-H58NV20A-80-A"},{"r":"69","t":"14:16:21","h":"Est","s":"25S-H58S000A-80-A"},{"r":"69","t":"14:28:31","h":"Est","s":"25N-H58N000S-80-S"},{"r":"69","t":"14:28:31","h":"Est","s":"25N-H58NV10S-80-S"},{"r":"69","t":"14:28:31","h":"Est","s":"25N-H58NV20S-80-S"},{"r":"69","t":"14:28:31","h":"Est","s":"25S-H58S000S-80-S"},{"r":"69","t":"14:35:31","h":"Est","s":"25N-H58N000I-80-I"},{"r":"69","t":"14:35:31","h":"Est","s":"25N-H58N100F-80-F1"},{"r":"69","t":"14:35:31","h":"Est","s":"25N-H58N200F-80-F2"},{"r":"69","t":"14:35:31","h":"Est","s":"25N-H58N300F-80-F3"},{"r":"69","t":"14:35:31","h":"Est","s":"25N-H58N400F-80-F4"},{"r":"69","t":"14:35:31","h":"Est","s":"25N-H58NV10I-80-I"},{"r":"69","t":"14:35:31","h":"Est","s":"25N-H58NV20I-80-I"},{"r":"69","t":"14:35:31","h":"Est","s":"25S-H58S000I-80-I"},{"r":"69","t":"14:35:31","h":"Est","s":"25S-H58S100F-80-F1"},{"r":"69","t":"14:35:31","h":"Est","s":"25S-H58S200F-80-F2"},{"r":"69","t":"14:36:21","h":"Est","s":"25N-H58N000A-80-A"},{"r":"69","t":"14:36:21","h":"Est","s":"25N-H58NV10A-80-A"},{"r":"69","t":"14:36:21","h":"Est","s":"25N-H58NV20A-80-A"},{"r":"69","t":"14:36:21","h":"Est","s":"25S-H58S000A-80-A"},{"r":"69","t":"14:45:31","h":"Est","s":"25N-H58N000S-80-S"},{"r":"69","t":"14:45:31","h":"Est","s":"25N-H58NV10S-80-S"},{"r":"69","t":"14:45:31","h":"Est","s":"25N-H58NV20S-80-S"},{"r":"69","t":"14:45:31","h":"Est","s":"25S-H58S000S-80-S"},{"r":"69","t":"14:55:31","h":"Est","s":"25N-H58N000I-80-I"},{"r":"69","t":"14:55:31","h":"Est","s":"25N-H58N100F-80-F1"},{"r":"69","t":"14:55:31","h":"Est","s":"25N-H58N200F-80-F2"},{"r":"69","t":"14:55:31","h":"Est","s":"25N-H58N300F-80-F3"},{"r":"69","t":"14:55:31","h":"Est","s":"25N-H58N400F-80-F4"},{"r":"69","t":"14:55:31","h":"Est","s":"25N-H58NV10I-80-I"},{"r":"69","t":"14:55:31","h":"Est","s":"25N-H58NV20I-80-I"},{"r":"69","t":"14:55:31","h":"Est","s":"25S-H58S000I-80-I"},{"r":"69","t":"14:55:31","h":"Est","s":"25S-H58S100F-80-F1"},{"r":"69","t":"14:55:31","h":"Est","s":"25S-H58S200F-80-F2"},{"r":"69","t":"14:56:21","h":"Est","s":"25N-H58N000A-80-A"},{"r":"69","t":"14:56:21","h":"Est","s":"25N-H58NV10A-80-A"},{"r":"69","t":"14:56:21","h":"Est","s":"25N-H58NV20A-80-A"},{"r":"69","t":"14:56:21","h":"Est","s":"25S-H58S000A-80-A"},{"r":"69","t":"15:03:21","h":"Est","s":"25N-H58N000S-80-S"},{"r":"69","t":"15:03:21","h":"Est","s":"25N-H58NV10S-80-S"},{"r":"69","t":"15:03:21","h":"Est","s":"25N-H58NV20S-80-S"},{"r":"69","t":"15:03:21","h":"Est","s":"25S-H58S000S-80-S"},{"r":"69","t":"15:15:31","h":"Est","s":"25N-H58N000I-80-I"},{"r":"69","t":"15:15:31","h":"Est","s":"25N-H58N100F-80-F1"},{"r":"69","t":"15:15:31","h":"Est","s":"25N-H58N200F-80-F2"},{"r":"69","t":"15:15:31","h":"Est","s":"25N-H58N300F-80-F3"},{"r":"69","t":"15:15:31","h":"Est","s":"25N-H58N400F-80-F4"},{"r":"69","t":"15:15:31","h":"Est","s":"25N-H58NV10I-80-I"},{"r":"69","t":"15:15:31","h":"Est","s":"25N-H58NV20I-80-I"},{"r":"69","t":"15:15:31","h":"Est","s":"25S-H58S000I-80-I"},{"r":"69","t":"15:15:31","h":"Est","s":"25S-H58S100F-80-F1"},{"r":"69","t":"15:15:31","h":"Est","s":"25S-H58S200F-80-F2"},{"r":"69","t":"15:16:21","h":"Est","s":"25N-H58N000A-80-A"},{"r":"69","t":"15:16:21","h":"Est","s":"25N-H58NV10A-80-A"},{"r":"69","t":"15:16:21","h":"Est","s":"25N-H58NV20A-80-A"},{"r":"69","t":"15:16:21","h":"Est","s":"25S-H58S000A-80-A"},{"r":"69","t":"15:18:21","h":"Est","s":"25N-H58N000S-80-S"},{"r":"69","t":"15:18:21","h":"Est","s":"25N-H58NV10S-80-S"},{"r":"69","t":"15:18:21","h":"Est","s":"25N-H58NV20S-80-S"},{"r":"69","t":"15:18:21","h":"Est","s":"25S-H58S000S-80-S"},{"r":"69","t":"15:30:21","h":"Est","s":"25N-H58N000S-80-S"},{"r":"69","t":"15:30:21","h":"Est","s":"25N-H58NV10S-80-S"},{"r":"69","t":"15:30:21","h":"Est","s":"25N-H58NV20S-80-S"},{"r":"69","t":"15:30:21","h":"Est","s":"25S-H58S000S-80-S"},{"r":"69","t":"15:31:21","h":"Est","s":"25N-H58N000A-80-A"},{"r":"69","t":"15:31:21","h":"Est","s":"25N-H58NV10A-80-A"},{"r":"69","t":"15:31:21","h":"Est","s":"25N-H58NV20A-80-A"},{"r":"69","t":"15:31:21","h":"Est","s":"25S-H58S000A-80-A"},{"r":"69","t":"15:35:31","h":"Est","s":"25N-H58N000I-80-I"},{"r":"69","t":"15:35:31","h":"Est","s":"25N-H58N100F-80-F1"},{"r":"69","t":"15:35:31","h":"Est","s":"25N-H58N200F-80-F2"},{"r":"69","t":"15:35:31","h":"Est","s":"25N-H58N300F-80-F3"},{"r":"69","t":"15:35:31","h":"Est","s":"25N-H58N400F-80-F4"},{"r":"69","t":"15:35:31","h":"Est","s":"25N-H58NV10I-80-I"},{"r":"69","t":"15:35:31","h":"Est","s":"25N-H58NV20I-80-I"},{"r":"69","t":"15:35:31","h":"Est","s":"25S-H58S000I-80-I"},{"r":"69","t":"15:35:31","h":"Est","s":"25S-H58S100F-80-F1"},{"r":"69","t":"15:35:31","h":"Est","s":"25S-H58S200F-80-F2"},{"r":"69","t":"15:40:21","h":"Est","s":"25N-H58N000S-80-S"},{"r":"69","t":"15:40:21","h":"Est","s":"25N-H58NV10S-80-S"},{"r":"69","t":"15:40:21","h":"Est","s":"25N-H58NV20S-80-S"},{"r":"69","t":"15:40:21","h":"Est","s":"25S-H58S000S-80-S"},{"r":"69","t":"15:46:21","h":"Est","s":"25N-H58N000A-80-A"},{"r":"69","t":"15:46:21","h":"Est","s":"25N-H58NV10A-80-A"},{"r":"69","t":"15:46:21","h":"Est","s":"25N-H58NV20A-80-A"},{"r":"69","t":"15:46:21","h":"Est","s":"25S-H58S000A-80-A"},{"r":"69","t":"15:51:21","h":"Est","s":"25N-H58N000S-80-S"},{"r":"69","t":"15:51:21","h":"Est","s":"25N-H58NV10S-80-S"},{"r":"69","t":"15:51:21","h":"Est","s":"25N-H58NV20S-80-S"},{"r":"69","t":"15:51:21","h":"Est","s":"25S-H58S000S-80-S"},{"r":"69","t":"15:55:31","h":"Est","s":"25N-H58N000I-80-I"},{"r":"69","t":"15:55:31","h":"Est","s":"25N-H58N100F-80-F1"},{"r":"69","t":"15:55:31","h":"Est","s":"25N-H58N200F-80-F2"},{"r":"69","t":"15:55:31","h":"Est","s":"25N-H58N300F-80-F3"},{"r":"69","t":"15:55:31","h":"Est","s":"25N-H58N400F-80-F4"},{"r":"69","t":"15:55:31","h":"Est","s":"25N-H58NV10I-80-I"},{"r":"69","t":"15:55:31","h":"Est","s":"25N-H58NV20I-80-I"},{"r":"69","t":"15:55:31","h":"Est","s":"25S-H58S000I-80-I"},{"r":"69","t":"15:55:31","h":"Est","s":"25S-H58S100F-80-F1"},{"r":"69","t":"15:55:31","h":"Est","s":"25S-H58S200F-80-F2"},{"r":"69","t":"16:01:21","h":"Est","s":"25N-H58N000A-80-A"},{"r":"69","t":"16:01:21","h":"Est","s":"25N-H58N000S-80-S"},{"r":"69","t":"16:01:21","h":"Est","s":"25N-H58NV10A-80-A"},{"r":"69","t":"16:01:21","h":"Est","s":"25N-H58NV10S-80-S"},{"r":"69","t":"16:01:21","h":"Est","s":"25N-H58NV20A-80-A"},{"r":"69","t":"16:01:21","h":"Est","s":"25N-H58NV20S-80-S"},{"r":"69","t":"16:01:21","h":"Est","s":"25S-H58S000A-80-A"},{"r":"69","t":"16:01:21","h":"Est","s":"25S-H58S000S-80-S"},{"r":"69","t":"16:10:21","h":"Est","s":"25N-H58N000S-80-S"},{"r":"69","t":"16:10:21","h":"Est","s":"25N-H58NV10S-80-S"},{"r":"69","t":"16:10:21","h":"Est","s":"25N-H58NV20S-80-S"},{"r":"69","t":"16:10:21","h":"Est","s":"25S-H58S000S-80-S"},{"r":"69","t":"16:15:31","h":"Est","s":"25N-H58N000I-80-I"},{"r":"69","t":"16:15:31","h":"Est","s":"25N-H58N100F-80-F1"},{"r":"69","t":"16:15:31","h":"Est","s":"25N-H58N200F-80-F2"},{"r":"69","t":"16:15:31","h":"Est","s":"25N-H58N300F-80-F3"},{"r":"69","t":"16:15:31","h":"Est","s":"25N-H58N400F-80-F4"},{"r":"69","t":"16:15:31","h":"Est","s":"25N-H58NV10I-80-I"},{"r":"69","t":"16:15:31","h":"Est","s":"25N-H58NV20I-80-I"},{"r":"69","t":"16:15:31","h":"Est","s":"25S-H58S000I-80-I"},{"r":"69","t":"16:15:31","h":"Est","s":"25S-H58S100F-80-F1"},{"r":"69","t":"16:15:31","h":"Est","s":"25S-H58S200F-80-F2"},{"r":"69","t":"16:16:21","h":"Est","s":"25N-H58N000A-80-A"},{"r":"69","t":"16:16:21","h":"Est","s":"25N-H58NV10A-80-A"},{"r":"69","t":"16:16:21","h":"Est","s":"25N-H58NV20A-80-A"},{"r":"69","t":"16:16:21","h":"Est","s":"25S-H58S000A-80-A"},{"r":"69","t":"16:19:21","h":"Est","s":"25N-H58N000S-80-S"},{"r":"69","t":"16:19:21","h":"Est","s":"25N-H58NV10S-80-S"},{"r":"69","t":"16:19:21","h":"Est","s":"25N-H58NV20S-80-S"},{"r":"69","t":"16:19:21","h":"Est","s":"25S-H58S000S-80-S"},{"r":"69","t":"16:29:21","h":"Est","s":"25N-H58N000S-80-S"},{"r":"69","t":"16:29:21","h":"Est","s":"25N-H58NV10S-80-S"},{"r":"69","t":"16:29:21","h":"Est","s":"25N-H58NV20S-80-S"},{"r":"69","t":"16:29:21","h":"Est","s":"25S-H58S000S-80-S"},{"r":"69","t":"16:35:31","h":"Est","s":"25N-H58N000I-80-I"},{"r":"69","t":"16:35:31","h":"Est","s":"25N-H58N100F-80-F1"},{"r":"69","t":"16:35:31","h":"Est","s":"25N-H58N200F-80-F2"},{"r":"69","t":"16:35:31","h":"Est","s":"25N-H58N300F-80-F3"},{"r":"69","t":"16:35:31","h":"Est","s":"25N-H58N400F-80-F4"},{"r":"69","t":"16:35:31","h":"Est","s":"25N-H58NV10I-80-I"},{"r":"69","t":"16:35:31","h":"Est","s":"25N-H58NV20I-80-I"},{"r":"69","t":"16:35:31","h":"Est","s":"25S-H58S000I-80-I"},{"r":"69","t":"16:35:31","h":"Est","s":"25S-H58S100F-80-F1"},{"r":"69","t":"16:35:31","h":"Est","s":"25S-H58S200F-80-F2"},{"r":"69","t":"16:36:21","h":"Est","s":"25N-H58N000A-80-A"},{"r":"69","t":"16:36:21","h":"Est","s":"25N-H58NV10A-80-A"},{"r":"69","t":"16:36:21","h":"Est","s":"25N-H58NV20A-80-A"},{"r":"69","t":"16:36:21","h":"Est","s":"25S-H58S000A-80-A"},{"r":"69","t":"16:39:21","h":"Est","s":"25N-H58N000S-80-S"},{"r":"69","t":"16:39:21","h":"Est","s":"25N-H58NV10S-80-S"},{"r":"69","t":"16:39:21","h":"Est","s":"25N-H58NV20S-80-S"},{"r":"69","t":"16:39:21","h":"Est","s":"25S-H58S000S-80-S"},{"r":"69","t":"16:50:21","h":"Est","s":"25N-H58N000S-80-S"},{"r":"69","t":"16:50:21","h":"Est","s":"25N-H58NV10S-80-S"},{"r":"69","t":"16:50:21","h":"Est","s":"25N-H58NV20S-80-S"},{"r":"69","t":"16:50:21","h":"Est","s":"25S-H58S000S-80-S"},{"r":"69","t":"16:55:31","h":"Est","s":"25N-H58N000I-80-I"},{"r":"69","t":"16:55:31","h":"Est","s":"25N-H58N100F-80-F1"},{"r":"69","t":"16:55:31","h":"Est","s":"25N-H58N200F-80-F2"},{"r":"69","t":"16:55:31","h":"Est","s":"25N-H58N300F-80-F3"},{"r":"69","t":"16:55:31","h":"Est","s":"25N-H58N400F-80-F4"},{"r":"69","t":"16:55:31","h":"Est","s":"25N-H58NV10I-80-I"},{"r":"69","t":"16:55:31","h":"Est","s":"25N-H58NV20I-80-I"},{"r":"69","t":"16:55:31","h":"Est","s":"25S-H58S000I-80-I"},{"r":"69","t":"16:55:31","h":"Est","s":"25S-H58S100F-80-F1"},{"r":"69","t":"16:55:31","h":"Est","s":"25S-H58S200F-80-F2"},{"r":"69","t":"16:56:21","h":"Est","s":"25N-H58N000A-80-A"},{"r":"69","t":"16:56:21","h":"Est","s":"25N-H58NV10A-80-A"},{"r":"69","t":"16:56:21","h":"Est","s":"25N-H58NV20A-80-A"},{"r":"69","t":"16:56:21","h":"Est","s":"25S-H58S000A-80-A"},{"r":"69","t":"17:01:21","h":"Est","s":"25N-H58N000S-80-S"},{"r":"69","t":"17:01:21","h":"Est","s":"25N-H58NV10S-80-S"},{"r":"69","t":"17:01:21","h":"Est","s":"25N-H58NV20S-80-S"},{"r":"69","t":"17:01:21","h":"Est","s":"25S-H58S000S-80-S"},{"r":"69","t":"17:11:21","h":"Est","s":"25N-H58N000S-80-S"},{"r":"69","t":"17:11:21","h":"Est","s":"25N-H58NV10S-80-S"},{"r":"69","t":"17:11:21","h":"Est","s":"25N-H58NV20S-80-S"},{"r":"69","t":"17:11:21","h":"Est","s":"25S-H58S000S-80-S"},{"r":"69","t":"17:13:31","h":"Est","s":"25N-H58N000I-80-I"},{"r":"69","t":"17:13:31","h":"Est","s":"25N-H58N100F-80-F1"},{"r":"69","t":"17:13:31","h":"Est","s":"25N-H58N200F-80-F2"},{"r":"69","t":"17:13:31","h":"Est","s":"25N-H58N300F-80-F3"},{"r":"69","t":"17:13:31","h":"Est","s":"25N-H58N400F-80-F4"},{"r":"69","t":"17:13:31","h":"Est","s":"25N-H58NV10I-80-I"},{"r":"69","t":"17:13:31","h":"Est","s":"25N-H58NV20I-80-I"},{"r":"69","t":"17:13:31","h":"Est","s":"25S-H58S000I-80-I"},{"r":"69","t":"17:13:31","h":"Est","s":"25S-H58S100F-80-F1"},{"r":"69","t":"17:13:31","h":"Est","s":"25S-H58S200F-80-F2"},{"r":"69","t":"17:15:21","h":"Est","s":"25N-H58N000A-80-A"},{"r":"69","t":"17:15:21","h":"Est","s":"25N-H58NV10A-80-A"},{"r":"69","t":"17:15:21","h":"Est","s":"25N-H58NV20A-80-A"},{"r":"69","t":"17:15:21","h":"Est","s":"25S-H58S000A-80-A"},{"r":"69","t":"17:21:21","h":"Est","s":"25N-H58N000S-80-S"},{"r":"69","t":"17:21:21","h":"Est","s":"25N-H58NV10S-80-S"},{"r":"69","t":"17:21:21","h":"Est","s":"25N-H58NV20S-80-S"},{"r":"69","t":"17:21:21","h":"Est","s":"25S-H58S000S-80-S"},{"r":"69","t":"17:31:21","h":"Est","s":"25N-H58N000S-80-S"},{"r":"69","t":"17:31:21","h":"Est","s":"25N-H58NV10S-80-S"},{"r":"69","t":"17:31:21","h":"Est","s":"25N-H58NV20S-80-S"},{"r":"69","t":"17:31:21","h":"Est","s":"25S-H58S000S-80-S"},{"r":"69","t":"17:33:31","h":"Est","s":"25N-H58N000I-80-I"},{"r":"69","t":"17:33:31","h":"Est","s":"25N-H58N100F-80-F1"},{"r":"69","t":"17:33:31","h":"Est","s":"25N-H58N200F-80-F2"},{"r":"69","t":"17:33:31","h":"Est","s":"25N-H58N300F-80-F3"},{"r":"69","t":"17:33:31","h":"Est","s":"25N-H58N400F-80-F4"},{"r":"69","t":"17:33:31","h":"Est","s":"25N-H58NV10I-80-I"},{"r":"69","t":"17:33:31","h":"Est","s":"25N-H58NV20I-80-I"},{"r":"69","t":"17:33:31","h":"Est","s":"25S-H58S000I-80-I"},{"r":"69","t":"17:33:31","h":"Est","s":"25S-H58S100F-80-F1"},{"r":"69","t":"17:33:31","h":"Est","s":"25S-H58S200F-80-F2"},{"r":"69","t":"17:34:21","h":"Est","s":"25N-H58N000A-80-A"},{"r":"69","t":"17:34:21","h":"Est","s":"25N-H58NV10A-80-A"},{"r":"69","t":"17:34:21","h":"Est","s":"25N-H58NV20A-80-A"},{"r":"69","t":"17:34:21","h":"Est","s":"25S-H58S000A-80-A"},{"r":"69","t":"17:41:21","h":"Est","s":"25N-H58N000S-80-S"},{"r":"69","t":"17:41:21","h":"Est","s":"25N-H58NV10S-80-S"},{"r":"69","t":"17:41:21","h":"Est","s":"25N-H58NV20S-80-S"},{"r":"69","t":"17:41:21","h":"Est","s":"25S-H58S000S-80-S"},{"r":"69","t":"17:51:21","h":"Est","s":"25N-H58N000S-80-S"},{"r":"69","t":"17:51:21","h":"Est","s":"25N-H58NV10S-80-S"},{"r":"69","t":"17:51:21","h":"Est","s":"25N-H58NV20S-80-S"},{"r":"69","t":"17:51:21","h":"Est","s":"25S-H58S000S-80-S"},{"r":"69","t":"17:53:21","h":"Est","s":"25N-H58N000A-80-A"},{"r":"69","t":"17:53:21","h":"Est","s":"25N-H58NV10A-80-A"},{"r":"69","t":"17:53:21","h":"Est","s":"25N-H58NV20A-80-A"},{"r":"69","t":"17:53:21","h":"Est","s":"25S-H58S000A-80-A"},{"r":"69","t":"17:53:31","h":"Est","s":"25N-H58N000I-80-I"},{"r":"69","t":"17:53:31","h":"Est","s":"25N-H58N100F-80-F1"},{"r":"69","t":"17:53:31","h":"Est","s":"25N-H58N200F-80-F2"},{"r":"69","t":"17:53:31","h":"Est","s":"25N-H58N300F-80-F3"},{"r":"69","t":"17:53:31","h":"Est","s":"25N-H58N400F-80-F4"},{"r":"69","t":"17:53:31","h":"Est","s":"25N-H58NV10I-80-I"},{"r":"69","t":"17:53:31","h":"Est","s":"25N-H58NV20I-80-I"},{"r":"69","t":"17:53:31","h":"Est","s":"25S-H58S000I-80-I"},{"r":"69","t":"17:53:31","h":"Est","s":"25S-H58S100F-80-F1"},{"r":"69","t":"17:53:31","h":"Est","s":"25S-H58S200F-80-F2"},{"r":"69","t":"18:01:21","h":"Est","s":"25N-H58N000S-80-S"},{"r":"69","t":"18:01:21","h":"Est","s":"25N-H58NV10S-80-S"},{"r":"69","t":"18:01:21","h":"Est","s":"25N-H58NV20S-80-S"},{"r":"69","t":"18:01:21","h":"Est","s":"25S-H58S000S-80-S"},{"r":"69","t":"18:09:31","h":"Est","s":"25N-H58N000S-80-S"},{"r":"69","t":"18:09:31","h":"Est","s":"25N-H58NV10S-80-S"},{"r":"69","t":"18:09:31","h":"Est","s":"25N-H58NV20S-80-S"},{"r":"69","t":"18:09:31","h":"Est","s":"25S-H58S000S-80-S"},{"r":"69","t":"18:12:21","h":"Est","s":"25N-H58N000A-80-A"},{"r":"69","t":"18:12:21","h":"Est","s":"25N-H58NV10A-80-A"},{"r":"69","t":"18:12:21","h":"Est","s":"25N-H58NV20A-80-A"},{"r":"69","t":"18:12:21","h":"Est","s":"25S-H58S000A-80-A"},{"r":"69","t":"18:14:31","h":"Est","s":"25N-H58N000I-80-I"},{"r":"69","t":"18:14:31","h":"Est","s":"25N-H58N100F-80-F1"},{"r":"69","t":"18:14:31","h":"Est","s":"25N-H58N200F-80-F2"},{"r":"69","t":"18:14:31","h":"Est","s":"25N-H58N300F-80-F3"},{"r":"69","t":"18:14:31","h":"Est","s":"25N-H58N400F-80-F4"},{"r":"69","t":"18:14:31","h":"Est","s":"25N-H58NV10I-80-I"},{"r":"69","t":"18:14:31","h":"Est","s":"25N-H58NV20I-80-I"},{"r":"69","t":"18:14:31","h":"Est","s":"25S-H58S000I-80-I"},{"r":"69","t":"18:14:31","h":"Est","s":"25S-H58S100F-80-F1"},{"r":"69","t":"18:14:31","h":"Est","s":"25S-H58S200F-80-F2"},{"r":"69","t":"18:18:31","h":"Est","s":"25N-H58N000S-80-S"},{"r":"69","t":"18:18:31","h":"Est","s":"25N-H58NV10S-80-S"},{"r":"69","t":"18:18:31","h":"Est","s":"25N-H58NV20S-80-S"},{"r":"69","t":"18:18:31","h":"Est","s":"25S-H58S000S-80-S"},{"r":"69","t":"18:27:31","h":"Est","s":"25N-H58N000S-80-S"},{"r":"69","t":"18:27:31","h":"Est","s":"25N-H58NV10S-80-S"},{"r":"69","t":"18:27:31","h":"Est","s":"25N-H58NV20S-80-S"},{"r":"69","t":"18:27:31","h":"Est","s":"25S-H58S000S-80-S"},{"r":"69","t":"18:31:21","h":"Est","s":"25N-H58N000A-80-A"},{"r":"69","t":"18:31:21","h":"Est","s":"25N-H58NV10A-80-A"},{"r":"69","t":"18:31:21","h":"Est","s":"25N-H58NV20A-80-A"},{"r":"69","t":"18:31:21","h":"Est","s":"25S-H58S000A-80-A"},{"r":"69","t":"18:34:31","h":"Est","s":"25N-H58N000I-80-I"},{"r":"69","t":"18:34:31","h":"Est","s":"25N-H58N100F-80-F1"},{"r":"69","t":"18:34:31","h":"Est","s":"25N-H58N200F-80-F2"},{"r":"69","t":"18:34:31","h":"Est","s":"25N-H58N300F-80-F3"},{"r":"69","t":"18:34:31","h":"Est","s":"25N-H58N400F-80-F4"},{"r":"69","t":"18:34:31","h":"Est","s":"25N-H58NV10I-80-I"},{"r":"69","t":"18:34:31","h":"Est","s":"25N-H58NV20I-80-I"},{"r":"69","t":"18:34:31","h":"Est","s":"25S-H58S000I-80-I"},{"r":"69","t":"18:34:31","h":"Est","s":"25S-H58S100F-80-F1"},{"r":"69","t":"18:34:31","h":"Est","s":"25S-H58S200F-80-F2"},{"r":"69","t":"18:35:31","h":"Est","s":"25N-H58N000S-80-S"},{"r":"69","t":"18:35:31","h":"Est","s":"25N-H58NV10S-80-S"},{"r":"69","t":"18:35:31","h":"Est","s":"25N-H58NV20S-80-S"},{"r":"69","t":"18:35:31","h":"Est","s":"25S-H58S000S-80-S"},{"r":"69","t":"18:46:31","h":"Est","s":"25N-H58N000S-80-S"},{"r":"69","t":"18:46:31","h":"Est","s":"25N-H58NV10S-80-S"},{"r":"69","t":"18:46:31","h":"Est","s":"25N-H58NV20S-80-S"},{"r":"69","t":"18:46:31","h":"Est","s":"25S-H58S000S-80-S"},{"r":"69","t":"18:53:21","h":"Est","s":"25N-H58N000A-80-A"},{"r":"69","t":"18:53:21","h":"Est","s":"25N-H58NV10A-80-A"},{"r":"69","t":"18:53:21","h":"Est","s":"25N-H58NV20A-80-A"},{"r":"69","t":"18:53:21","h":"Est","s":"25S-H58S000A-80-A"},{"r":"69","t":"18:54:31","h":"Est","s":"25N-H58N000I-80-I"},{"r":"69","t":"18:54:31","h":"Est","s":"25N-H58N100F-80-F1"},{"r":"69","t":"18:54:31","h":"Est","s":"25N-H58N200F-80-F2"},{"r":"69","t":"18:54:31","h":"Est","s":"25N-H58N300F-80-F3"},{"r":"69","t":"18:54:31","h":"Est","s":"25N-H58N400F-80-F4"},{"r":"69","t":"18:54:31","h":"Est","s":"25N-H58NV10I-80-I"},{"r":"69","t":"18:54:31","h":"Est","s":"25N-H58NV20I-80-I"},{"r":"69","t":"18:54:31","h":"Est","s":"25S-H58S000I-80-I"},{"r":"69","t":"18:54:31","h":"Est","s":"25S-H58S100F-80-F1"},{"r":"69","t":"18:54:31","h":"Est","s":"25S-H58S200F-80-F2"},{"r":"69","t":"18:59:31","h":"Est","s":"25N-H58N000S-80-S"},{"r":"69","t":"18:59:31","h":"Est","s":"25N-H58NV10S-80-S"},{"r":"69","t":"18:59:31","h":"Est","s":"25N-H58NV20S-80-S"},{"r":"69","t":"18:59:31","h":"Est","s":"25S-H58S000S-80-S"},{"r":"69","t":"19:15:21","h":"Est","s":"25N-H58N000A-80-A"},{"r":"69","t":"19:15:21","h":"Est","s":"25N-H58NV10A-80-A"},{"r":"69","t":"19:15:21","h":"Est","s":"25N-H58NV20A-80-A"},{"r":"69","t":"19:15:21","h":"Est","s":"25S-H58S000A-80-A"},{"r":"69","t":"19:20:31","h":"Est","s":"25N-H58N000S-80-S"},{"r":"69","t":"19:20:31","h":"Est","s":"25N-H58NV10S-80-S"},{"r":"69","t":"19:20:31","h":"Est","s":"25N-H58NV20S-80-S"},{"r":"69","t":"19:20:31","h":"Est","s":"25S-H58S000S-80-S"},{"r":"69","t":"19:23:31","h":"Est","s":"25N-H58N000I-80-I"},{"r":"69","t":"19:23:31","h":"Est","s":"25N-H58N100F-80-F1"},{"r":"69","t":"19:23:31","h":"Est","s":"25N-H58N200F-80-F2"},{"r":"69","t":"19:23:31","h":"Est","s":"25N-H58N300F-80-F3"},{"r":"69","t":"19:23:31","h":"Est","s":"25N-H58N400F-80-F4"},{"r":"69","t":"19:23:31","h":"Est","s":"25N-H58NV10I-80-I"},{"r":"69","t":"19:23:31","h":"Est","s":"25N-H58NV20I-80-I"},{"r":"69","t":"19:23:31","h":"Est","s":"25S-H58S000I-80-I"},{"r":"69","t":"19:23:31","h":"Est","s":"25S-H58S100F-80-F1"},{"r":"69","t":"19:23:31","h":"Est","s":"25S-H58S200F-80-F2"},{"r":"69","t":"19:42:21","h":"Est","s":"25N-H58N000A-80-A"},{"r":"69","t":"19:42:21","h":"Est","s":"25N-H58NV10A-80-A"},{"r":"69","t":"19:42:21","h":"Est","s":"25N-H58NV20A-80-A"},{"r":"69","t":"19:42:21","h":"Est","s":"25S-H58S000A-80-A"},{"r":"69","t":"19:46:31","h":"Est","s":"25N-H58N000S-80-S"},{"r":"69","t":"19:46:31","h":"Est","s":"25N-H58NV10S-80-S"},{"r":"69","t":"19:46:31","h":"Est","s":"25N-H58NV20S-80-S"},{"r":"69","t":"19:46:31","h":"Est","s":"25S-H58S000S-80-S"},{"r":"69","t":"19:53:31","h":"Est","s":"25N-H58N000I-80-I"},{"r":"69","t":"19:53:31","h":"Est","s":"25N-H58N100F-80-F1"},{"r":"69","t":"19:53:31","h":"Est","s":"25N-H58N200F-80-F2"},{"r":"69","t":"19:53:31","h":"Est","s":"25N-H58N300F-80-F3"},{"r":"69","t":"19:53:31","h":"Est","s":"25N-H58N400F-80-F4"},{"r":"69","t":"19:53:31","h":"Est","s":"25N-H58NV10I-80-I"},{"r":"69","t":"19:53:31","h":"Est","s":"25N-H58NV20I-80-I"},{"r":"69","t":"19:53:31","h":"Est","s":"25S-H58S000I-80-I"},{"r":"69","t":"19:53:31","h":"Est","s":"25S-H58S100F-80-F1"},{"r":"69","t":"19:53:31","h":"Est","s":"25S-H58S200F-80-F2"},{"r":"69","t":"20:10:21","h":"Est","s":"25N-H58N000A-80-A"},{"r":"69","t":"20:10:21","h":"Est","s":"25N-H58NV10A-80-A"},{"r":"69","t":"20:10:21","h":"Est","s":"25N-H58NV20A-80-A"},{"r":"69","t":"20:10:21","h":"Est","s":"25S-H58S000A-80-A"},{"r":"69","t":"20:12:31","h":"Est","s":"25N-H58N000S-80-S"},{"r":"69","t":"20:12:31","h":"Est","s":"25N-H58NV10S-80-S"},{"r":"69","t":"20:12:31","h":"Est","s":"25N-H58NV20S-80-S"},{"r":"69","t":"20:12:31","h":"Est","s":"25S-H58S000S-80-S"},{"r":"69","t":"20:23:31","h":"Est","s":"25N-H58N000I-80-I"},{"r":"69","t":"20:23:31","h":"Est","s":"25N-H58N100F-80-F1"},{"r":"69","t":"20:23:31","h":"Est","s":"25N-H58N200F-80-F2"},{"r":"69","t":"20:23:31","h":"Est","s":"25N-H58N300F-80-F3"},{"r":"69","t":"20:23:31","h":"Est","s":"25N-H58N400F-80-F4"},{"r":"69","t":"20:23:31","h":"Est","s":"25N-H58NV10I-80-I"},{"r":"69","t":"20:23:31","h":"Est","s":"25N-H58NV20I-80-I"},{"r":"69","t":"20:23:31","h":"Est","s":"25S-H58S000I-80-I"},{"r":"69","t":"20:23:31","h":"Est","s":"25S-H58S100F-80-F1"},{"r":"69","t":"20:23:31","h":"Est","s":"25S-H58S200F-80-F2"},{"r":"69","t":"20:38:21","h":"Est","s":"25N-H58N000A-80-A"},{"r":"69","t":"20:38:21","h":"Est","s":"25N-H58NV10A-80-A"},{"r":"69","t":"20:38:21","h":"Est","s":"25N-H58NV20A-80-A"},{"r":"69","t":"20:38:21","h":"Est","s":"25S-H58S000A-80-A"},{"r":"69","t":"20:38:31","h":"Est","s":"25N-H58N000S-80-S"},{"r":"69","t":"20:38:31","h":"Est","s":"25N-H58NV10S-80-S"},{"r":"69","t":"20:38:31","h":"Est","s":"25N-H58NV20S-80-S"},{"r":"69","t":"20:38:31","h":"Est","s":"25S-H58S000S-80-S"},{"r":"69","t":"20:51:31","h":"Est","s":"25N-H58N000I-80-I"},{"r":"69","t":"20:51:31","h":"Est","s":"25N-H58N100F-80-F1"},{"r":"69","t":"20:51:31","h":"Est","s":"25N-H58N200F-80-F2"},{"r":"69","t":"20:51:31","h":"Est","s":"25N-H58N300F-80-F3"},{"r":"69","t":"20:51:31","h":"Est","s":"25N-H58N400F-80-F4"},{"r":"69","t":"20:51:31","h":"Est","s":"25N-H58NV10I-80-I"},{"r":"69","t":"20:51:31","h":"Est","s":"25N-H58NV20I-80-I"},{"r":"69","t":"20:51:31","h":"Est","s":"25S-H58S000I-80-I"},{"r":"69","t":"20:51:31","h":"Est","s":"25S-H58S100F-80-F1"},{"r":"69","t":"20:51:31","h":"Est","s":"25S-H58S200F-80-F2"},{"r":"69","t":"21:05:31","h":"Est","s":"25N-H58N000S-80-S"},{"r":"69","t":"21:05:31","h":"Est","s":"25N-H58NV10S-80-S"},{"r":"69","t":"21:05:31","h":"Est","s":"25N-H58NV20S-80-S"},{"r":"69","t":"21:05:31","h":"Est","s":"25S-H58S000S-80-S"},{"r":"69","t":"21:07:21","h":"Est","s":"25N-H58N000A-80-A"},{"r":"69","t":"21:07:21","h":"Est","s":"25N-H58NV10A-80-A"},{"r":"69","t":"21:07:21","h":"Est","s":"25N-H58NV20A-80-A"},{"r":"69","t":"21:07:21","h":"Est","s":"25S-H58S000A-80-A"},{"r":"69","t":"21:20:31","h":"Est","s":"25N-H58N000I-80-I"},{"r":"69","t":"21:20:31","h":"Est","s":"25N-H58N100F-80-F1"},{"r":"69","t":"21:20:31","h":"Est","s":"25N-H58N200F-80-F2"},{"r":"69","t":"21:20:31","h":"Est","s":"25N-H58N300F-80-F3"},{"r":"69","t":"21:20:31","h":"Est","s":"25N-H58N400F-80-F4"},{"r":"69","t":"21:20:31","h":"Est","s":"25N-H58NV10I-80-I"},{"r":"69","t":"21:20:31","h":"Est","s":"25N-H58NV20I-80-I"},{"r":"69","t":"21:20:31","h":"Est","s":"25S-H58S000I-80-I"},{"r":"69","t":"21:20:31","h":"Est","s":"25S-H58S100F-80-F1"},{"r":"69","t":"21:20:31","h":"Est","s":"25S-H58S200F-80-F2"},{"r":"69","t":"21:30:31","h":"Est","s":"25N-H58N000S-80-S"},{"r":"69","t":"21:30:31","h":"Est","s":"25N-H58NV10S-80-S"},{"r":"69","t":"21:30:31","h":"Est","s":"25N-H58NV20S-80-S"},{"r":"69","t":"21:30:31","h":"Est","s":"25S-H58S000S-80-S"},{"r":"69","t":"21:35:21","h":"Est","s":"25N-H58N000A-80-A"},{"r":"69","t":"21:35:21","h":"Est","s":"25N-H58NV10A-80-A"},{"r":"69","t":"21:35:21","h":"Est","s":"25N-H58NV20A-80-A"},{"r":"69","t":"21:35:21","h":"Est","s":"25S-H58S000A-80-A"},{"r":"69","t":"21:52:31","h":"Est","s":"25N-H58N000I-80-I"},{"r":"69","t":"21:52:31","h":"Est","s":"25N-H58N100F-80-F1"},{"r":"69","t":"21:52:31","h":"Est","s":"25N-H58N200F-80-F2"},{"r":"69","t":"21:52:31","h":"Est","s":"25N-H58N300F-80-F3"},{"r":"69","t":"21:52:31","h":"Est","s":"25N-H58N400F-80-F4"},{"r":"69","t":"21:52:31","h":"Est","s":"25N-H58NV10I-80-I"},{"r":"69","t":"21:52:31","h":"Est","s":"25N-H58NV20I-80-I"},{"r":"69","t":"21:52:31","h":"Est","s":"25S-H58S000I-80-I"},{"r":"69","t":"21:52:31","h":"Est","s":"25S-H58S100F-80-F1"},{"r":"69","t":"21:52:31","h":"Est","s":"25S-H58S200F-80-F2"},{"r":"69","t":"21:56:31","h":"Est","s":"25N-H58N000S-80-S"},{"r":"69","t":"21:56:31","h":"Est","s":"25N-H58NV10S-80-S"},{"r":"69","t":"21:56:31","h":"Est","s":"25N-H58NV20S-80-S"},{"r":"69","t":"21:56:31","h":"Est","s":"25S-H58S000S-80-S"},{"r":"69","t":"22:02:21","h":"Est","s":"25N-H58N000A-80-A"},{"r":"69","t":"22:02:21","h":"Est","s":"25N-H58NV10A-80-A"},{"r":"69","t":"22:02:21","h":"Est","s":"25N-H58NV20A-80-A"},{"r":"69","t":"22:02:21","h":"Est","s":"25S-H58S000A-80-A"},{"r":"69","t":"22:21:31","h":"Est","s":"25N-H58N000S-80-S"},{"r":"69","t":"22:21:31","h":"Est","s":"25N-H58NV10S-80-S"},{"r":"69","t":"22:21:31","h":"Est","s":"25N-H58NV20S-80-S"},{"r":"69","t":"22:21:31","h":"Est","s":"25S-H58S000S-80-S"},{"r":"69","t":"22:24:31","h":"Est","s":"25N-H58N000I-80-I"},{"r":"69","t":"22:24:31","h":"Est","s":"25N-H58N100F-80-F1"},{"r":"69","t":"22:24:31","h":"Est","s":"25N-H58N200F-80-F2"},{"r":"69","t":"22:24:31","h":"Est","s":"25N-H58N300F-80-F3"},{"r":"69","t":"22:24:31","h":"Est","s":"25N-H58N400F-80-F4"},{"r":"69","t":"22:24:31","h":"Est","s":"25N-H58NV10I-80-I"},{"r":"69","t":"22:24:31","h":"Est","s":"25N-H58NV20I-80-I"},{"r":"69","t":"22:24:31","h":"Est","s":"25S-H58S000I-80-I"},{"r":"69","t":"22:24:31","h":"Est","s":"25S-H58S100F-80-F1"},{"r":"69","t":"22:24:31","h":"Est","s":"25S-H58S200F-80-F2"},{"r":"69","t":"22:30:21","h":"Est","s":"25N-H58N000A-80-A"},{"r":"69","t":"22:30:21","h":"Est","s":"25N-H58NV10A-80-A"},{"r":"69","t":"22:30:21","h":"Est","s":"25N-H58NV20A-80-A"},{"r":"69","t":"22:30:21","h":"Est","s":"25S-H58S000A-80-A"},{"r":"69","t":"22:50:31","h":"Est","s":"25N-H58N000S-80-S"},{"r":"69","t":"22:50:31","h":"Est","s":"25N-H58NV10S-80-S"},{"r":"69","t":"22:50:31","h":"Est","s":"25N-H58NV20S-80-S"},{"r":"69","t":"22:50:31","h":"Est","s":"25S-H58S000S-80-S"},{"r":"69","t":"22:56:31","h":"Est","s":"25N-H58N000I-80-I"},{"r":"69","t":"22:56:31","h":"Est","s":"25N-H58N100F-80-F1"},{"r":"69","t":"22:56:31","h":"Est","s":"25N-H58N200F-80-F2"},{"r":"69","t":"22:56:31","h":"Est","s":"25N-H58N300F-80-F3"},{"r":"69","t":"22:56:31","h":"Est","s":"25N-H58N400F-80-F4"},{"r":"69","t":"22:56:31","h":"Est","s":"25N-H58NV10I-80-I"},{"r":"69","t":"22:56:31","h":"Est","s":"25N-H58NV20I-80-I"},{"r":"69","t":"22:56:31","h":"Est","s":"25S-H58S000I-80-I"},{"r":"69","t":"22:56:31","h":"Est","s":"25S-H58S100F-80-F1"},{"r":"69","t":"22:56:31","h":"Est","s":"25S-H58S200F-80-F2"},{"r":"69","t":"22:58:21","h":"Est","s":"25N-H58N000A-80-A"},{"r":"69","t":"22:58:21","h":"Est","s":"25N-H58NV10A-80-A"},{"r":"69","t":"22:58:21","h":"Est","s":"25N-H58NV20A-80-A"},{"r":"69","t":"22:58:21","h":"Est","s":"25S-H58S000A-80-A"},{"r":"69","t":"23:10:31","h":"Est","s":"25N-H58N000S-80-S"},{"r":"69","t":"23:10:31","h":"Est","s":"25N-H58NV10S-80-S"},{"r":"69","t":"23:10:31","h":"Est","s":"25N-H58NV20S-80-S"},{"r":"69","t":"23:10:31","h":"Est","s":"25S-H58S000S-80-S"},{"r":"69","t":"23:29:31","h":"Est","s":"25N-H58N000A-80-A"},{"r":"69","t":"23:29:31","h":"Est","s":"25N-H58N000I-80-I"},{"r":"69","t":"23:29:31","h":"Est","s":"25N-H58N100F-80-F1"},{"r":"69","t":"23:29:31","h":"Est","s":"25N-H58N200F-80-F2"},{"r":"69","t":"23:29:31","h":"Est","s":"25N-H58N300F-80-F3"},{"r":"69","t":"23:29:31","h":"Est","s":"25N-H58N400F-80-F4"},{"r":"69","t":"23:29:31","h":"Est","s":"25N-H58NV10A-80-A"},{"r":"69","t":"23:29:31","h":"Est","s":"25N-H58NV10I-80-I"},{"r":"69","t":"23:29:31","h":"Est","s":"25N-H58NV20A-80-A"},{"r":"69","t":"23:29:31","h":"Est","s":"25N-H58NV20I-80-I"},{"r":"69","t":"23:29:31","h":"Est","s":"25S-H58S000A-80-A"},{"r":"69","t":"23:29:31","h":"Est","s":"25S-H58S000I-80-I"},{"r":"69","t":"23:29:31","h":"Est","s":"25S-H58S100F-80-F1"},{"r":"69","t":"23:29:31","h":"Est","s":"25S-H58S200F-80-F2"},{"r":"69","t":"23:33:31","h":"Est","s":"25N-H58N000S-80-S"},{"r":"69","t":"23:33:31","h":"Est","s":"25N-H58NV10S-80-S"},{"r":"69","t":"23:33:31","h":"Est","s":"25N-H58NV20S-80-S"},{"r":"69","t":"23:33:31","h":"Est","s":"25S-H58S000S-80-S"},{"r":"69","t":"23:57:31","h":"Est","s":"25N-H58N000S-80-S"},{"r":"69","t":"23:57:31","h":"Est","s":"25N-H58NV10S-80-S"},{"r":"69","t":"23:57:31","h":"Est","s":"25N-H58NV20S-80-S"},{"r":"69","t":"23:57:31","h":"Est","s":"25S-H58S000S-80-S"},{"r":"69","t":"24:00:31","h":"Est","s":"25N-H58N000I-80-I"},{"r":"69","t":"24:00:31","h":"Est","s":"25N-H58N100F-80-F1"},{"r":"69","t":"24:00:31","h":"Est","s":"25N-H58N200F-80-F2"},{"r":"69","t":"24:00:31","h":"Est","s":"25N-H58N300F-80-F3"},{"r":"69","t":"24:00:31","h":"Est","s":"25N-H58N400F-80-F4"},{"r":"69","t":"24:00:31","h":"Est","s":"25N-H58NV10I-80-I"},{"r":"69","t":"24:00:31","h":"Est","s":"25N-H58NV20I-80-I"},{"r":"69","t":"24:00:31","h":"Est","s":"25S-H58S000I-80-I"},{"r":"69","t":"24:00:31","h":"Est","s":"25S-H58S100F-80-F1"},{"r":"69","t":"24:00:31","h":"Est","s":"25S-H58S200F-80-F2"},{"r":"69","t":"24:01:31","h":"Est","s":"25N-H58N000A-80-A"},{"r":"69","t":"24:01:31","h":"Est","s":"25N-H58NV10A-80-A"},{"r":"69","t":"24:01:31","h":"Est","s":"25N-H58NV20A-80-A"},{"r":"69","t":"24:01:31","h":"Est","s":"25S-H58S000A-80-A"},{"r":"69","t":"24:29:31","h":"Est","s":"25N-H58N000S-80-S"},{"r":"69","t":"24:29:31","h":"Est","s":"25N-H58NV10S-80-S"},{"r":"69","t":"24:29:31","h":"Est","s":"25N-H58NV20S-80-S"},{"r":"69","t":"24:29:31","h":"Est","s":"25S-H58S000S-80-S"},{"r":"69","t":"24:30:31","h":"Est","s":"25N-H58N000I-80-I"},{"r":"69","t":"24:30:31","h":"Est","s":"25N-H58N100F-80-F1"},{"r":"69","t":"24:30:31","h":"Est","s":"25N-H58N200F-80-F2"},{"r":"69","t":"24:30:31","h":"Est","s":"25N-H58N300F-80-F3"},{"r":"69","t":"24:30:31","h":"Est","s":"25N-H58N400F-80-F4"},{"r":"69","t":"24:30:31","h":"Est","s":"25N-H58NV10I-80-I"},{"r":"69","t":"24:30:31","h":"Est","s":"25N-H58NV20I-80-I"},{"r":"69","t":"24:30:31","h":"Est","s":"25S-H58S000I-80-I"},{"r":"69","t":"24:30:31","h":"Est","s":"25S-H58S100F-80-F1"},{"r":"69","t":"24:30:31","h":"Est","s":"25S-H58S200F-80-F2"},{"r":"69","t":"24:33:31","h":"Est","s":"25N-H58N000A-80-A"},{"r":"69","t":"24:33:31","h":"Est","s":"25N-H58NV10A-80-A"},{"r":"69","t":"24:33:31","h":"Est","s":"25N-H58NV20A-80-A"},{"r":"69","t":"24:33:31","h":"Est","s":"25S-H58S000A-80-A"},{"r":"69","t":"24:57:31","h":"Est","s":"25N-H58N000S-80-S"},{"r":"69","t":"24:57:31","h":"Est","s":"25N-H58NV10S-80-S"},{"r":"69","t":"24:57:31","h":"Est","s":"25N-H58NV20S-80-S"},{"r":"69","t":"24:57:31","h":"Est","s":"25S-H58S000S-80-S"},{"r":"69","t":"24:59:31","h":"Est","s":"25N-H58N000I-80-I"},{"r":"69","t":"24:59:31","h":"Est","s":"25N-H58N100F-80-F1"},{"r":"69","t":"24:59:31","h":"Est","s":"25N-H58N200F-80-F2"},{"r":"69","t":"24:59:31","h":"Est","s":"25N-H58N300F-80-F3"},{"r":"69","t":"24:59:31","h":"Est","s":"25N-H58N400F-80-F4"},{"r":"69","t":"24:59:31","h":"Est","s":"25N-H58NV10I-80-I"},{"r":"69","t":"24:59:31","h":"Est","s":"25N-H58NV20I-80-I"},{"r":"69","t":"24:59:31","h":"Est","s":"25S-H58S000I-80-I"},{"r":"69","t":"24:59:31","h":"Est","s":"25S-H58S100F-80-F1"},{"r":"69","t":"24:59:31","h":"Est","s":"25S-H58S200F-80-F2"},{"r":"69","t":"25:01:31","h":"Est","s":"25N-H58N000A-80-A"},{"r":"69","t":"25:01:31","h":"Est","s":"25N-H58NV10A-80-A"},{"r":"69","t":"25:01:31","h":"Est","s":"25N-H58NV20A-80-A"},{"r":"69","t":"25:01:31","h":"Est","s":"25S-H58S000A-80-A"},{"r":"69","t":"25:20:31","h":"Est","s":"25N-H58N000I-80-I"},{"r":"69","t":"25:20:31","h":"Est","s":"25N-H58N100F-80-F1"},{"r":"69","t":"25:20:31","h":"Est","s":"25N-H58N200F-80-F2"},{"r":"69","t":"25:20:31","h":"Est","s":"25N-H58N300F-80-F3"},{"r":"69","t":"25:20:31","h":"Est","s":"25N-H58N400F-80-F4"},{"r":"69","t":"25:20:31","h":"Est","s":"25N-H58NV10I-80-I"},{"r":"69","t":"25:20:31","h":"Est","s":"25N-H58NV20I-80-I"},{"r":"69","t":"25:20:31","h":"Est","s":"25S-H58S000I-80-I"},{"r":"69","t":"25:20:31","h":"Est","s":"25S-H58S100F-80-F1"},{"r":"69","t":"25:20:31","h":"Est","s":"25S-H58S200F-80-F2"},{"r":"69","t":"25:22:31","h":"Est","s":"25N-H58N000S-80-S"},{"r":"69","t":"25:22:31","h":"Est","s":"25N-H58NV10S-80-S"},{"r":"69","t":"25:22:31","h":"Est","s":"25N-H58NV20S-80-S"},{"r":"69","t":"25:22:31","h":"Est","s":"25S-H58S000S-80-S"},{"r":"69","t":"25:27:31","h":"Est","s":"25N-H58N000A-80-A"},{"r":"69","t":"25:27:31","h":"Est","s":"25N-H58NV10A-80-A"},{"r":"69","t":"25:27:31","h":"Est","s":"25N-H58NV20A-80-A"},{"r":"69","t":"25:27:31","h":"Est","s":"25S-H58S000A-80-A"},{"r":"69","t":"25:49:31","h":"Est","s":"25N-H58N000A-80-A"},{"r":"69","t":"25:49:31","h":"Est","s":"25N-H58NV10A-80-A"},{"r":"69","t":"25:49:31","h":"Est","s":"25N-H58NV20A-80-A"},{"r":"69","t":"25:49:31","h":"Est","s":"25S-H58S000A-80-A"}]