[{"r":"31","t":"05:08:01","h":"Sud","s":"25N-H55N000A-80-A"},{"r":"31","t":"05:08:01","h":"Sud","s":"25N-H55N000I-80-I"},{"r":"31","t":"05:08:01","h":"Sud","s":"25N-H55N100F-80-F1"},{"r":"31","t":"05:08:01","h":"Sud","s":"25N-H55N200F-80-F2"},{"r":"31","t":"05:08:01","h":"Sud","s":"25N-H55N300F-80-F3"},{"r":"31","t":"05:08:01","h":"Sud","s":"25N-H55N400F-80-F4"},{"r":"31","t":"05:08:01","h":"Sud","s":"25N-H55NV10A-80-A"},{"r":"31","t":"05:08:01","h":"Sud","s":"25N-H55NV10I-80-I"},{"r":"31","t":"05:08:01","h":"Sud","s":"25N-H55NV20A-80-A"},{"r":"31","t":"05:08:01","h":"Sud","s":"25N-H55NV20I-80-I"},{"r":"31","t":"05:08:01","h":"Sud","s":"25S-H55S000A-80-A"},{"r":"31","t":"05:08:01","h":"Sud","s":"25S-H55S000I-80-I"},{"r":"31","t":"05:08:01","h":"Sud","s":"25S-H55S100F-80-F1"},{"r":"31","t":"05:08:01","h":"Sud","s":"25S-H55S200F-80-F2"},{"r":"31","t":"05:08:25","h":"Sud","s":"25N-H55N000S-80-S"},{"r":"31","t":"05:08:25","h":"Sud","s":"25N-H55N000S-82-S"},{"r":"31","t":"05:08:25","h":"Sud","s":"25N-H55NV10S-85-S"},{"r":"31","t":"05:08:25","h":"Sud","s":"25N-H55NV20S-81-S"},{"r":"31","t":"05:08:25","h":"Sud","s":"25S-H55S000S-82-S"},{"r":"31","t":"05:36:25","h":"Sud","s":"25N-H55N000S-80-S"},{"r":"31","t":"05:36:25","h":"Sud","s":"25N-H55N000S-82-S"},{"r":"31","t":"05:36:25","h":"Sud","s":"25N-H55NV10S-85-S"},{"r":"31","t":"05:36:25","h":"Sud","s":"25N-H55NV20S-81-S"},{"r":"31","t":"05:36:25","h":"Sud","s":"25S-H55S000S-82-S"},{"r":"31","t":"05:40:01","h":"Sud","s":"25N-H55N000A-80-A"},{"r":"31","t":"05:40:01","h":"Sud","s":"25N-H55NV10A-80-A"},{"r":"31","t":"05:40:01","h":"Sud","s":"25N-H55NV20A-80-A"},{"r":"31","t":"05:40:01","h":"Sud","s":"25S-H55S000A-80-A"},{"r":"31","t":"05:41:01","h":"Sud","s":"25N-H55N000I-80-I"},{"r":"31","t":"05:41:01","h":"Sud","s":"25N-H55N100F-80-F1"},{"r":"31","t":"05:41:01","h":"Sud","s":"25N-H55N200F-80-F2"},{"r":"31","t":"05:41:01","h":"Sud","s":"25N-H55N300F-80-F3"},{"r":"31","t":"05:41:01","h":"Sud","s":"25N-H55N400F-80-F4"},{"r":"31","t":"05:41:01","h":"Sud","s":"25N-H55NV10I-80-I"},{"r":"31","t":"05:41:01","h":"Sud","s":"25N-H55NV20I-80-I"},{"r":"31","t":"05:41:01","h":"Sud","s":"25S-H55S000I-80-I"},{"r":"31","t":"05:41:01","h":"Sud","s":"25S-H55S100F-80-F1"},{"r":"31","t":"05:41:01","h":"Sud","s":"25S-H55S200F-80-F2"},{"r":"31","t":"06:04:50","h":"Sud","s":"25N-H55N000S-80-S"},{"r":"31","t":"06:04:50","h":"Sud","s":"25N-H55N000S-82-S"},{"r":"31","t":"06:04:50","h":"Sud","s":"25N-H55NV10S-85-S"},{"r":"31","t":"06:04:50","h":"Sud","s":"25N-H55NV20S-81-S"},{"r":"31","t":"06:04:50","h":"Sud","s":"25S-H55S000S-82-S"},{"r":"31","t":"06:12:01","h":"Sud","s":"25N-H55N000A-80-A"},{"r":"31","t":"06:12:01","h":"Sud","s":"25N-H55NV10A-80-A"},{"r":"31","t":"06:12:01","h":"Sud","s":"25N-H55NV20A-80-A"},{"r":"31","t":"06:12:01","h":"Sud","s":"25S-H55S000A-80-A"},{"r":"31","t":"06:14:01","h":"Sud","s":"25N-H55N000I-80-I"},{"r":"31","t":"06:14:01","h":"Sud","s":"25N-H55N100F-80-F1"},{"r":"31","t":"06:14:01","h":"Sud","s":"25N-H55N200F-80-F2"},{"r":"31","t":"06:14:01","h":"Sud","s":"25N-H55N300F-80-F3"},{"r":"31","t":"06:14:01","h":"Sud","s":"25N-H55N400F-80-F4"},{"r":"31","t":"06:14:01","h":"Sud","s":"25N-H55NV10I-80-I"},{"r":"31","t":"06:14:01","h":"Sud","s":"25N-H55NV20I-80-I"},{"r":"31","t":"06:14:01","h":"Sud","s":"25S-H55S000I-80-I"},{"r":"31","t":"06:14:01","h":"Sud","s":"25S-H55S100F-80-F1"},{"r":"31","t":"06:14:01","h":"Sud","s":"25S-H55S200F-80-F2"},{"r":"31","t":"06:36:50","h":"Sud","s":"25N-H55N000S-80-S"},{"r":"31","t":"06:36:50","h":"Sud","s":"25N-H55N000S-82-S"},{"r":"31","t":"06:36:50","h":"Sud","s":"25N-H55NV10S-85-S"},{"r":"31","t":"06:36:50","h":"Sud","s":"25N-H55NV20S-81-S"},{"r":"31","t":"06:36:50","h":"Sud","s":"25S-H55S000S-82-S"},{"r":"31","t":"06:42:01","h":"Sud","s":"25N-H55N000A-80-A"},{"r":"31","t":"06:42:01","h":"Sud","s":"25N-H55NV10A-80-A"},{"r":"31","t":"06:42:01","h":"Sud","s":"25N-H55NV20A-80-A"},{"r":"31","t":"06:42:01","h":"Sud","s":"25S-H55S000A-80-A"},{"r":"31","t":"06:47:01","h":"Sud","s":"25N-H55N000I-80-I"},{"r":"31","t":"06:47:01","h":"Sud","s":"25N-H55N100F-80-F1"},{"r":"31","t":"06:47:01","h":"Sud","s":"25N-H55N200F-80-F2"},{"r":"31","t":"06:47:01","h":"Sud","s":"25N-H55N300F-80-F3"},{"r":"31","t":"06:47:01","h":"Sud","s":"25N-H55N400F-80-F4"},{"r":"31","t":"06:47:01","h":"Sud","s":"25N-H55NV10I-80-I"},{"r":"31","t":"06:47:01","h":"Sud","s":"25N-H55NV20I-80-I"},{"r":"31","t":"06:47:01","h":"Sud","s":"25S-H55S000I-80-I"},{"r":"31","t":"06:47:01","h":"Sud","s":"25S-H55S100F-80-F1"},{"r":"31","t":"06:47:01","h":"Sud","s":"25S-H55S200F-80-F2"},{"r":"31","t":"07:11:38","h":"Sud","s":"25N-H55N000S-80-S"},{"r":"31","t":"07:11:38","h":"Sud","s":"25N-H55N000S-82-S"},{"r":"31","t":"07:11:38","h":"Sud","s":"25N-H55NV10S-85-S"},{"r":"31","t":"07:11:38","h":"Sud","s":"25N-H55NV20S-81-S"},{"r":"31","t":"07:11:38","h":"Sud","s":"25S-H55S000S-82-S"},{"r":"31","t":"07:12:01","h":"Sud","s":"25N-H55N000A-80-A"},{"r":"31","t":"07:12:01","h":"Sud","s":"25N-H55NV10A-80-A"},{"r":"31","t":"07:12:01","h":"Sud","s":"25N-H55NV20A-80-A"},{"r":"31","t":"07:12:01","h":"Sud","s":"25S-H55S000A-80-A"},{"r":"31","t":"07:17:01","h":"Sud","s":"25N-H55N000I-80-I"},{"r":"31","t":"07:17:01","h":"Sud","s":"25N-H55N100F-80-F1"},{"r":"31","t":"07:17:01","h":"Sud","s":"25N-H55N200F-80-F2"},{"r":"31","t":"07:17:01","h":"Sud","s":"25N-H55N300F-80-F3"},{"r":"31","t":"07:17:01","h":"Sud","s":"25N-H55N400F-80-F4"},{"r":"31","t":"07:17:01","h":"Sud","s":"25N-H55NV10I-80-I"},{"r":"31","t":"07:17:01","h":"Sud","s":"25N-H55NV20I-80-I"},{"r":"31","t":"07:17:01","h":"Sud","s":"25S-H55S000I-80-I"},{"r":"31","t":"07:17:01","h":"Sud","s":"25S-H55S100F-80-F1"},{"r":"31","t":"07:17:01","h":"Sud","s":"25S-H55S200F-80-F2"},{"r":"31","t":"07:42:01","h":"Sud","s":"25N-H55N000A-80-A"},{"r":"31","t":"07:42:01","h":"Sud","s":"25N-H55NV10A-80-A"},{"r":"31","t":"07:42:01","h":"Sud","s":"25N-H55NV20A-80-A"},{"r":"31","t":"07:42:01","h":"Sud","s":"25S-H55S000A-80-A"},{"r":"31","t":"07:45:38","h":"Sud","s":"25N-H55N000S-80-S"},{"r":"31","t":"07:45:38","h":"Sud","s":"25N-H55N000S-82-S"},{"r":"31","t":"07:45:38","h":"Sud","s":"25N-H55NV10S-85-S"},{"r":"31","t":"07:45:38","h":"Sud","s":"25N-H55NV20S-81-S"},{"r":"31","t":"07:45:38","h":"Sud","s":"25S-H55S000S-82-S"},{"r":"31","t":"07:47:01","h":"Sud","s":"25N-H55N000I-80-I"},{"r":"31","t":"07:47:01","h":"Sud","s":"25N-H55N100F-80-F1"},{"r":"31","t":"07:47:01","h":"Sud","s":"25N-H55N200F-80-F2"},{"r":"31","t":"07:47:01","h":"Sud","s":"25N-H55N300F-80-F3"},{"r":"31","t":"07:47:01","h":"Sud","s":"25N-H55N400F-80-F4"},{"r":"31","t":"07:47:01","h":"Sud","s":"25N-H55NV10I-80-I"},{"r":"31","t":"07:47:01","h":"Sud","s":"25N-H55NV20I-80-I"},{"r":"31","t":"07:47:01","h":"Sud","s":"25S-H55S000I-80-I"},{"r":"31","t":"07:47:01","h":"Sud","s":"25S-H55S100F-80-F1"},{"r":"31","t":"07:47:01","h":"Sud","s":"25S-H55S200F-80-F2"},{"r":"31","t":"08:12:50","h":"Sud","s":"25N-H55N000A-80-A"},{"r":"31","t":"08:12:50","h":"Sud","s":"25N-H55NV10A-80-A"},{"r":"31","t":"08:12:50","h":"Sud","s":"25N-H55NV20A-80-A"},{"r":"31","t":"08:12:50","h":"Sud","s":"25S-H55S000A-80-A"},{"r":"31","t":"08:17:01","h":"Sud","s":"25N-H55N000I-80-I"},{"r":"31","t":"08:17:01","h":"Sud","s":"25N-H55N100F-80-F1"},{"r":"31","t":"08:17:01","h":"Sud","s":"25N-H55N200F-80-F2"},{"r":"31","t":"08:17:01","h":"Sud","s":"25N-H55N300F-80-F3"},{"r":"31","t":"08:17:01","h":"Sud","s":"25N-H55N400F-80-F4"},{"r":"31","t":"08:17:01","h":"Sud","s":"25N-H55NV10I-80-I"},{"r":"31","t":"08:17:01","h":"Sud","s":"25N-H55NV20I-80-I"},{"r":"31","t":"08:17:01","h":"Sud","s":"25S-H55S000I-80-I"},{"r":"31","t":"08:17:01","h":"Sud","s":"25S-H55S100F-80-F1"},{"r":"31","t":"08:17:01","h":"Sud","s":"25S-H55S200F-80-F2"},{"r":"31","t":"08:19:38","h":"Sud","s":"25N-H55N000S-80-S"},{"r":"31","t":"08:19:38","h":"Sud","s":"25N-H55N000S-82-S"},{"r":"31","t":"08:19:38","h":"Sud","s":"25N-H55NV10S-85-S"},{"r":"31","t":"08:19:38","h":"Sud","s":"25N-H55NV20S-81-S"},{"r":"31","t":"08:19:38","h":"Sud","s":"25S-H55S000S-82-S"},{"r":"31","t":"08:42:50","h":"Sud","s":"25N-H55N000A-80-A"},{"r":"31","t":"08:42:50","h":"Sud","s":"25N-H55NV10A-80-A"},{"r":"31","t":"08:42:50","h":"Sud","s":"25N-H55NV20A-80-A"},{"r":"31","t":"08:42:50","h":"Sud","s":"25S-H55S000A-80-A"},{"r":"31","t":"08:47:25","h":"Sud","s":"25N-H55N000I-80-I"},{"r":"31","t":"08:47:25","h":"Sud","s":"25N-H55N100F-80-F1"},{"r":"31","t":"08:47:25","h":"Sud","s":"25N-H55N200F-80-F2"},{"r":"31","t":"08:47:25","h":"Sud","s":"25N-H55N300F-80-F3"},{"r":"31","t":"08:47:25","h":"Sud","s":"25N-H55N400F-80-F4"},{"r":"31","t":"08:47:25","h":"Sud","s":"25N-H55NV10I-80-I"},{"r":"31","t":"08:47:25","h":"Sud","s":"25N-H55NV20I-80-I"},{"r":"31","t":"08:47:25","h":"Sud","s":"25S-H55S000I-80-I"},{"r":"31","t":"08:47:25","h":"Sud","s":"25S-H55S100F-80-F1"},{"r":"31","t":"08:47:25","h":"Sud","s":"25S-H55S200F-80-F2"},{"r":"31","t":"08:53:14","h":"Sud","s":"25N-H55N000S-80-S"},{"r":"31","t":"08:53:14","h":"Sud","s":"25N-H55N000S-82-S"},{"r":"31","t":"08:53:14","h":"Sud","s":"25N-H55NV10S-85-S"},{"r":"31","t":"08:53:14","h":"Sud","s":"25N-H55NV20S-81-S"},{"r":"31","t":"08:53:14","h":"Sud","s":"25S-H55S000S-82-S"},{"r":"31","t":"09:12:50","h":"Sud","s":"25N-H55N000A-80-A"},{"r":"31","t":"09:12:50","h":"Sud","s":"25N-H55NV10A-80-A"},{"r":"31","t":"09:12:50","h":"Sud","s":"25N-H55NV20A-80-A"},{"r":"31","t":"09:12:50","h":"Sud","s":"25S-H55S000A-80-A"},{"r":"31","t":"09:17:25","h":"Sud","s":"25N-H55N000I-80-I"},{"r":"31","t":"09:17:25","h":"Sud","s":"25N-H55N100F-80-F1"},{"r":"31","t":"09:17:25","h":"Sud","s":"25N-H55N200F-80-F2"},{"r":"31","t":"09:17:25","h":"Sud","s":"25N-H55N300F-80-F3"},{"r":"31","t":"09:17:25","h":"Sud","s":"25N-H55N400F-80-F4"},{"r":"31","t":"09:17:25","h":"Sud","s":"25N-H55NV10I-80-I"},{"r":"31","t":"09:17:25","h":"Sud","s":"25N-H55NV20I-80-I"},{"r":"31","t":"09:17:25","h":"Sud","s":"25S-H55S000I-80-I"},{"r":"31","t":"09:17:25","h":"Sud","s":"25S-H55S100F-80-F1"},{"r":"31","t":"09:17:25","h":"Sud","s":"25S-H55S200F-80-F2"},{"r":"31","t":"09:25:50","h":"Sud","s":"25N-H55N000S-80-S"},{"r":"31","t":"09:25:50","h":"Sud","s":"25N-H55N000S-82-S"},{"r":"31","t":"09:25:50","h":"Sud","s":"25N-H55NV10S-85-S"},{"r":"31","t":"09:25:50","h":"Sud","s":"25N-H55NV20S-81-S"},{"r":"31","t":"09:25:50","h":"Sud","s":"25S-H55S000S-82-S"},{"r":"31","t":"09:42:50","h":"Sud","s":"25N-H55N000A-80-A"},{"r":"31","t":"09:42:50","h":"Sud","s":"25N-H55NV10A-80-A"},{"r":"31","t":"09:42:50","h":"Sud","s":"25N-H55NV20A-80-A"},{"r":"31","t":"09:42:50","h":"Sud","s":"25S-H55S000A-80-A"},{"r":"31","t":"09:47:25","h":"Sud","s":"25N-H55N000I-80-I"},{"r":"31","t":"09:47:25","h":"Sud","s":"25N-H55N100F-80-F1"},{"r":"31","t":"09:47:25","h":"Sud","s":"25N-H55N200F-80-F2"},{"r":"31","t":"09:47:25","h":"Sud","s":"25N-H55N300F-80-F3"},{"r":"31","t":"09:47:25","h":"Sud","s":"25N-H55N400F-80-F4"},{"r":"31","t":"09:47:25","h":"Sud","s":"25N-H55NV10I-80-I"},{"r":"31","t":"09:47:25","h":"Sud","s":"25N-H55NV20I-80-I"},{"r":"31","t":"09:47:25","h":"Sud","s":"25S-H55S000I-80-I"},{"r":"31","t":"09:47:25","h":"Sud","s":"25S-H55S100F-80-F1"},{"r":"31","t":"09:47:25","h":"Sud","s":"25S-H55S200F-80-F2"},{"r":"31","t":"09:56:50","h":"Sud","s":"25N-H55N000S-80-S"},{"r":"31","t":"09:56:50","h":"Sud","s":"25N-H55N000S-82-S"},{"r":"31","t":"09:56:50","h":"Sud","s":"25N-H55NV10S-85-S"},{"r":"31","t":"09:56:50","h":"Sud","s":"25N-H55NV20S-81-S"},{"r":"31","t":"09:56:50","h":"Sud","s":"25S-H55S000S-82-S"},{"r":"31","t":"10:12:50","h":"Sud","s":"25N-H55N000A-80-A"},{"r":"31","t":"10:12:50","h":"Sud","s":"25N-H55NV10A-80-A"},{"r":"31","t":"10:12:50","h":"Sud","s":"25N-H55NV20A-80-A"},{"r":"31","t":"10:12:50","h":"Sud","s":"25S-H55S000A-80-A"},{"r":"31","t":"10:17:25","h":"Sud","s":"25N-H55N000I-80-I"},{"r":"31","t":"10:17:25","h":"Sud","s":"25N-H55N100F-80-F1"},{"r":"31","t":"10:17:25","h":"Sud","s":"25N-H55N200F-80-F2"},{"r":"31","t":"10:17:25","h":"Sud","s":"25N-H55N300F-80-F3"},{"r":"31","t":"10:17:25","h":"Sud","s":"25N-H55N400F-80-F4"},{"r":"31","t":"10:17:25","h":"Sud","s":"25N-H55NV10I-80-I"},{"r":"31","t":"10:17:25","h":"Sud","s":"25N-H55NV20I-80-I"},{"r":"31","t":"10:17:25","h":"Sud","s":"25S-H55S000I-80-I"},{"r":"31","t":"10:17:25","h":"Sud","s":"25S-H55S100F-80-F1"},{"r":"31","t":"10:17:25","h":"Sud","s":"25S-H55S200F-80-F2"},{"r":"31","t":"10:27:50","h":"Sud","s":"25N-H55N000S-80-S"},{"r":"31","t":"10:27:50","h":"Sud","s":"25N-H55N000S-82-S"},{"r":"31","t":"10:27:50","h":"Sud","s":"25N-H55NV10S-85-S"},{"r":"31","t":"10:27:50","h":"Sud","s":"25N-H55NV20S-81-S"},{"r":"31","t":"10:27:50","h":"Sud","s":"25S-H55S000S-82-S"},{"r":"31","t":"10:44:50","h":"Sud","s":"25N-H55N000A-80-A"},{"r":"31","t":"10:44:50","h":"Sud","s":"25N-H55NV10A-80-A"},{"r":"31","t":"10:44:50","h":"Sud","s":"25N-H55NV20A-80-A"},{"r":"31","t":"10:44:50","h":"Sud","s":"25S-H55S000A-80-A"},{"r":"31","t":"10:47:25","h":"Sud","s":"25N-H55N000I-80-I"},{"r":"31","t":"10:47:25","h":"Sud","s":"25N-H55N100F-80-F1"},{"r":"31","t":"10:47:25","h":"Sud","s":"25N-H55N200F-80-F2"},{"r":"31","t":"10:47:25","h":"Sud","s":"25N-H55N300F-80-F3"},{"r":"31","t":"10:47:25","h":"Sud","s":"25N-H55N400F-80-F4"},{"r":"31","t":"10:47:25","h":"Sud","s":"25N-H55NV10I-80-I"},{"r":"31","t":"10:47:25","h":"Sud","s":"25N-H55NV20I-80-I"},{"r":"31","t":"10:47:25","h":"Sud","s":"25S-H55S000I-80-I"},{"r":"31","t":"10:47:25","h":"Sud","s":"25S-H55S100F-80-F1"},{"r":"31","t":"10:47:25","h":"Sud","s":"25S-H55S200F-80-F2"},{"r":"31","t":"10:58:50","h":"Sud","s":"25N-H55N000S-80-S"},{"r":"31","t":"10:58:50","h":"Sud","s":"25N-H55N000S-82-S"},{"r":"31","t":"10:58:50","h":"Sud","s":"25N-H55NV10S-85-S"},{"r":"31","t":"10:58:50","h":"Sud","s":"25N-H55NV20S-81-S"},{"r":"31","t":"10:58:50","h":"Sud","s":"25S-H55S000S-82-S"},{"r":"31","t":"11:16:50","h":"Sud","s":"25N-H55N000A-80-A"},{"r":"31","t":"11:16:50","h":"Sud","s":"25N-H55NV10A-80-A"},{"r":"31","t":"11:16:50","h":"Sud","s":"25N-H55NV20A-80-A"},{"r":"31","t":"11:16:50","h":"Sud","s":"25S-H55S000A-80-A"},{"r":"31","t":"11:17:25","h":"Sud","s":"25N-H55N000I-80-I"},{"r":"31","t":"11:17:25","h":"Sud","s":"25N-H55N100F-80-F1"},{"r":"31","t":"11:17:25","h":"Sud","s":"25N-H55N200F-80-F2"},{"r":"31","t":"11:17:25","h":"Sud","s":"25N-H55N300F-80-F3"},{"r":"31","t":"11:17:25","h":"Sud","s":"25N-H55N400F-80-F4"},{"r":"31","t":"11:17:25","h":"Sud","s":"25N-H55NV10I-80-I"},{"r":"31","t":"11:17:25","h":"Sud","s":"25N-H55NV20I-80-I"},{"r":"31","t":"11:17:25","h":"Sud","s":"25S-H55S000I-80-I"},{"r":"31","t":"11:17:25","h":"Sud","s":"25S-H55S100F-80-F1"},{"r":"31","t":"11:17:25","h":"Sud","s":"25S-H55S200F-80-F2"},{"r":"31","t":"11:29:50","h":"Sud","s":"25N-H55N000S-80-S"},{"r":"31","t":"11:29:50","h":"Sud","s":"25N-H55N000S-82-S"},{"r":"31","t":"11:29:50","h":"Sud","s":"25N-H55NV10S-85-S"},{"r":"31","t":"11:29:50","h":"Sud","s":"25N-H55NV20S-81-S"},{"r":"31","t":"11:29:50","h":"Sud","s":"25S-H55S000S-82-S"},{"r":"31","t":"11:47:25","h":"Sud","s":"25N-H55N000I-80-I"},{"r":"31","t":"11:47:25","h":"Sud","s":"25N-H55N100F-80-F1"},{"r":"31","t":"11:47:25","h":"Sud","s":"25N-H55N200F-80-F2"},{"r":"31","t":"11:47:25","h":"Sud","s":"25N-H55N300F-80-F3"},{"r":"31","t":"11:47:25","h":"Sud","s":"25N-H55N400F-80-F4"},{"r":"31","t":"11:47:25","h":"Sud","s":"25N-H55NV10I-80-I"},{"r":"31","t":"11:47:25","h":"Sud","s":"25N-H55NV20I-80-I"},{"r":"31","t":"11:47:25","h":"Sud","s":"25S-H55S000I-80-I"},{"r":"31","t":"11:47:25","h":"Sud","s":"25S-H55S100F-80-F1"},{"r":"31","t":"11:47:25","h":"Sud","s":"25S-H55S200F-80-F2"},{"r":"31","t":"11:49:50","h":"Sud","s":"25N-H55N000A-80-A"},{"r":"31","t":"11:49:50","h":"Sud","s":"25N-H55NV10A-80-A"},{"r":"31","t":"11:49:50","h":"Sud","s":"25N-H55NV20A-80-A"},{"r":"31","t":"11:49:50","h":"Sud","s":"25S-H55S000A-80-A"},{"r":"31","t":"12:02:50","h":"Sud","s":"25N-H55N000S-80-S"},{"r":"31","t":"12:02:50","h":"Sud","s":"25N-H55N000S-82-S"},{"r":"31","t":"12:02:50","h":"Sud","s":"25N-H55NV10S-85-S"},{"r":"31","t":"12:02:50","h":"Sud","s":"25N-H55NV20S-81-S"},{"r":"31","t":"12:02:50","h":"Sud","s":"25S-H55S000S-82-S"},{"r":"31","t":"12:17:25","h":"Sud","s":"25N-H55N000I-80-I"},{"r":"31","t":"12:17:25","h":"Sud","s":"25N-H55N100F-80-F1"},{"r":"31","t":"12:17:25","h":"Sud","s":"25N-H55N200F-80-F2"},{"r":"31","t":"12:17:25","h":"Sud","s":"25N-H55N300F-80-F3"},{"r":"31","t":"12:17:25","h":"Sud","s":"25N-H55N400F-80-F4"},{"r":"31","t":"12:17:25","h":"Sud","s":"25N-H55NV10I-80-I"},{"r":"31","t":"12:17:25","h":"Sud","s":"25N-H55NV20I-80-I"},{"r":"31","t":"12:17:25","h":"Sud","s":"25S-H55S000I-80-I"},{"r":"31","t":"12:17:25","h":"Sud","s":"25S-H55S100F-80-F1"},{"r":"31","t":"12:17:25","h":"Sud","s":"25S-H55S200F-80-F2"},{"r":"31","t":"12:21:50","h":"Sud","s":"25N-H55N000A-80-A"},{"r":"31","t":"12:21:50","h":"Sud","s":"25N-H55NV10A-80-A"},{"r":"31","t":"12:21:50","h":"Sud","s":"25N-H55NV20A-80-A"},{"r":"31","t":"12:21:50","h":"Sud","s":"25S-H55S000A-80-A"},{"r":"31","t":"12:29:50","h":"Sud","s":"25N-H55N000S-80-S"},{"r":"31","t":"12:29:50","h":"Sud","s":"25N-H55N000S-82-S"},{"r":"31","t":"12:29:50","h":"Sud","s":"25N-H55NV10S-85-S"},{"r":"31","t":"12:29:50","h":"Sud","s":"25N-H55NV20S-81-S"},{"r":"31","t":"12:29:50","h":"Sud","s":"25S-H55S000S-82-S"},{"r":"31","t":"12:47:25","h":"Sud","s":"25N-H55N000I-80-I"},{"r":"31","t":"12:47:25","h":"Sud","s":"25N-H55N100F-80-F1"},{"r":"31","t":"12:47:25","h":"Sud","s":"25N-H55N200F-80-F2"},{"r":"31","t":"12:47:25","h":"Sud","s":"25N-H55N300F-80-F3"},{"r":"31","t":"12:47:25","h":"Sud","s":"25N-H55N400F-80-F4"},{"r":"31","t":"12:47:25","h":"Sud","s":"25N-H55NV10I-80-I"},{"r":"31","t":"12:47:25","h":"Sud","s":"25N-H55NV20I-80-I"},{"r":"31","t":"12:47:25","h":"Sud","s":"25S-H55S000I-80-I"},{"r":"31","t":"12:47:25","h":"Sud","s":"25S-H55S100F-80-F1"},{"r":"31","t":"12:47:25","h":"Sud","s":"25S-H55S200F-80-F2"},{"r":"31","t":"12:54:50","h":"Sud","s":"25N-H55N000A-80-A"},{"r":"31","t":"12:54:50","h":"Sud","s":"25N-H55NV10A-80-A"},{"r":"31","t":"12:54:50","h":"Sud","s":"25N-H55NV20A-80-A"},{"r":"31","t":"12:54:50","h":"Sud","s":"25S-H55S000A-80-A"},{"r":"31","t":"12:56:50","h":"Sud","s":"25N-H55N000S-80-S"},{"r":"31","t":"12:56:50","h":"Sud","s":"25N-H55N000S-82-S"},{"r":"31","t":"12:56:50","h":"Sud","s":"25N-H55NV10S-85-S"},{"r":"31","t":"12:56:50","h":"Sud","s":"25N-H55NV20S-81-S"},{"r":"31","t":"12:56:50","h":"Sud","s":"25S-H55S000S-82-S"},{"r":"31","t":"13:17:25","h":"Sud","s":"25N-H55N000I-80-I"},{"r":"31","t":"13:17:25","h":"Sud","s":"25N-H55N100F-80-F1"},{"r":"31","t":"13:17:25","h":"Sud","s":"25N-H55N200F-80-F2"},{"r":"31","t":"13:17:25","h":"Sud","s":"25N-H55N300F-80-F3"},{"r":"31","t":"13:17:25","h":"Sud","s":"25N-H55N400F-80-F4"},{"r":"31","t":"13:17:25","h":"Sud","s":"25N-H55NV10I-80-I"},{"r":"31","t":"13:17:25","h":"Sud","s":"25N-H55NV20I-80-I"},{"r":"31","t":"13:17:25","h":"Sud","s":"25S-H55S000I-80-I"},{"r":"31","t":"13:17:25","h":"Sud","s":"25S-H55S100F-80-F1"},{"r":"31","t":"13:17:25","h":"Sud","s":"25S-H55S200F-80-F2"},{"r":"31","t":"13:23:50","h":"Sud","s":"25N-H55N000S-80-S"},{"r":"31","t":"13:23:50","h":"Sud","s":"25N-H55N000S-82-S"},{"r":"31","t":"13:23:50","h":"Sud","s":"25N-H55NV10S-85-S"},{"r":"31","t":"13:23:50","h":"Sud","s":"25N-H55NV20S-81-S"},{"r":"31","t":"13:23:50","h":"Sud","s":"25S-H55S000S-82-S"},{"r":"31","t":"13:26:50","h":"Sud","s":"25N-H55N000A-80-A"},{"r":"31","t":"13:26:50","h":"Sud","s":"25N-H55NV10A-80-A"},{"r":"31","t":"13:26:50","h":"Sud","s":"25N-H55NV20A-80-A"},{"r":"31","t":"13:26:50","h":"Sud","s":"25S-H55S000A-80-A"},{"r":"31","t":"13:47:25","h":"Sud","s":"25N-H55N000I-80-I"},{"r":"31","t":"13:47:25","h":"Sud","s":"25N-H55N100F-80-F1"},{"r":"31","t":"13:47:25","h":"Sud","s":"25N-H55N200F-80-F2"},{"r":"31","t":"13:47:25","h":"Sud","s":"25N-H55N300F-80-F3"},{"r":"31","t":"13:47:25","h":"Sud","s":"25N-H55N400F-80-F4"},{"r":"31","t":"13:47:25","h":"Sud","s":"25N-H55NV10I-80-I"},{"r":"31","t":"13:47:25","h":"Sud","s":"25N-H55NV20I-80-I"},{"r":"31","t":"13:47:25","h":"Sud","s":"25S-H55S000I-80-I"},{"r":"31","t":"13:47:25","h":"Sud","s":"25S-H55S100F-80-F1"},{"r":"31","t":"13:47:25","h":"Sud","s":"25S-H55S200F-80-F2"},{"r":"31","t":"13:50:50","h":"Sud","s":"25N-H55N000S-80-S"},{"r":"31","t":"13:50:50","h":"Sud","s":"25N-H55N000S-82-S"},{"r":"31","t":"13:50:50","h":"Sud","s":"25N-H55NV10S-85-S"},{"r":"31","t":"13:50:50","h":"Sud","s":"25N-H55NV20S-81-S"},{"r":"31","t":"13:50:50","h":"Sud","s":"25S-H55S000S-82-S"},{"r":"31","t":"13:59:50","h":"Sud","s":"25N-H55N000A-80-A"},{"r":"31","t":"13:59:50","h":"Sud","s":"25N-H55NV10A-80-A"},{"r":"31","t":"13:59:50","h":"Sud","s":"25N-H55NV20A-80-A"},{"r":"31","t":"13:59:50","h":"Sud","s":"25S-H55S000A-80-A"},{"r":"31","t":"14:17:25","h":"Sud","s":"25N-H55N000I-80-I"},{"r":"31","t":"14:17:25","h":"Sud","s":"25N-H55N100F-80-F1"},{"r":"31","t":"14:17:25","h":"Sud","s":"25N-H55N200F-80-F2"},{"r":"31","t":"14:17:25","h":"Sud","s":"25N-H55N300F-80-F3"},{"r":"31","t":"14:17:25","h":"Sud","s":"25N-H55N400F-80-F4"},{"r":"31","t":"14:17:25","h":"Sud","s":"25N-H55NV10I-80-I"},{"r":"31","t":"14:17:25","h":"Sud","s":"25N-H55NV20I-80-I"},{"r":"31","t":"14:17:25","h":"Sud","s":"25S-H55S000I-80-I"},{"r":"31","t":"14:17:25","h":"Sud","s":"25S-H55S100F-80-F1"},{"r":"31","t":"14:17:25","h":"Sud","s":"25S-H55S200F-80-F2"},{"r":"31","t":"14:18:50","h":"Sud","s":"25N-H55N000S-80-S"},{"r":"31","t":"14:18:50","h":"Sud","s":"25N-H55N000S-82-S"},{"r":"31","t":"14:18:50","h":"Sud","s":"25N-H55NV10S-85-S"},{"r":"31","t":"14:18:50","h":"Sud","s":"25N-H55NV20S-81-S"},{"r":"31","t":"14:18:50","h":"Sud","s":"25S-H55S000S-82-S"},{"r":"31","t":"14:31:50","h":"Sud","s":"25N-H55N000A-80-A"},{"r":"31","t":"14:31:50","h":"Sud","s":"25N-H55NV10A-80-A"},{"r":"31","t":"14:31:50","h":"Sud","s":"25N-H55NV20A-80-A"},{"r":"31","t":"14:31:50","h":"Sud","s":"25S-H55S000A-80-A"},{"r":"31","t":"14:47:25","h":"Sud","s":"25N-H55N000I-80-I"},{"r":"31","t":"14:47:25","h":"Sud","s":"25N-H55N100F-80-F1"},{"r":"31","t":"14:47:25","h":"Sud","s":"25N-H55N200F-80-F2"},{"r":"31","t":"14:47:25","h":"Sud","s":"25N-H55N300F-80-F3"},{"r":"31","t":"14:47:25","h":"Sud","s":"25N-H55N400F-80-F4"},{"r":"31","t":"14:47:25","h":"Sud","s":"25N-H55NV10I-80-I"},{"r":"31","t":"14:47:25","h":"Sud","s":"25N-H55NV20I-80-I"},{"r":"31","t":"14:47:25","h":"Sud","s":"25S-H55S000I-80-I"},{"r":"31","t":"14:47:25","h":"Sud","s":"25S-H55S100F-80-F1"},{"r":"31","t":"14:47:25","h":"Sud","s":"25S-H55S200F-80-F2"},{"r":"31","t":"14:49:50","h":"Sud","s":"25N-H55N000A-80-A"},{"r":"31","t":"14:49:50","h":"Sud","s":"25N-H55NV10A-80-A"},{"r":"31","t":"14:49:50","h":"Sud","s":"25N-H55NV20A-80-A"},{"r":"31","t":"14:49:50","h":"Sud","s":"25S-H55S000A-80-A"},{"r":"31","t":"14:51:50","h":"Sud","s":"25N-H55N000S-80-S"},{"r":"31","t":"14:51:50","h":"Sud","s":"25N-H55N000S-82-S"},{"r":"31","t":"14:51:50","h":"Sud","s":"25N-H55NV10S-85-S"},{"r":"31","t":"14:51:50","h":"Sud","s":"25N-H55NV20S-81-S"},{"r":"31","t":"14:51:50","h":"Sud","s":"25S-H55S000S-82-S"},{"r":"31","t":"15:07:50","h":"Sud","s":"25N-H55N000A-80-A"},{"r":"31","t":"15:07:50","h":"Sud","s":"25N-H55NV10A-80-A"},{"r":"31","t":"15:07:50","h":"Sud","s":"25N-H55NV20A-80-A"},{"r":"31","t":"15:07:50","h":"Sud","s":"25S-H55S000A-80-A"},{"r":"31","t":"15:17:25","h":"Sud","s":"25N-H55N000I-80-I"},{"r":"31","t":"15:17:25","h":"Sud","s":"25N-H55N100F-80-F1"},{"r":"31","t":"15:17:25","h":"Sud","s":"25N-H55N200F-80-F2"},{"r":"31","t":"15:17:25","h":"Sud","s":"25N-H55N300F-80-F3"},{"r":"31","t":"15:17:25","h":"Sud","s":"25N-H55N400F-80-F4"},{"r":"31","t":"15:17:25","h":"Sud","s":"25N-H55NV10I-80-I"},{"r":"31","t":"15:17:25","h":"Sud","s":"25N-H55NV20I-80-I"},{"r":"31","t":"15:17:25","h":"Sud","s":"25S-H55S000I-80-I"},{"r":"31","t":"15:17:25","h":"Sud","s":"25S-H55S100F-80-F1"},{"r":"31","t":"15:17:25","h":"Sud","s":"25S-H55S200F-80-F2"},{"r":"31","t":"15:24:14","h":"Sud","s":"25N-H55N000S-80-S"},{"r":"31","t":"15:24:14","h":"Sud","s":"25N-H55N000S-82-S"},{"r":"31","t":"15:24:14","h":"Sud","s":"25N-H55NV10S-85-S"},{"r":"31","t":"15:24:14","h":"Sud","s":"25N-H55NV20S-81-S"},{"r":"31","t":"15:24:14","h":"Sud","s":"25S-H55S000S-82-S"},{"r":"31","t":"15:37:50","h":"Sud","s":"25N-H55N000A-80-A"},{"r":"31","t":"15:37:50","h":"Sud","s":"25N-H55NV10A-80-A"},{"r":"31","t":"15:37:50","h":"Sud","s":"25N-H55NV20A-80-A"},{"r":"31","t":"15:37:50","h":"Sud","s":"25S-H55S000A-80-A"},{"r":"31","t":"15:47:25","h":"Sud","s":"25N-H55N000I-80-I"},{"r":"31","t":"15:47:25","h":"Sud","s":"25N-H55N100F-80-F1"},{"r":"31","t":"15:47:25","h":"Sud","s":"25N-H55N200F-80-F2"},{"r":"31","t":"15:47:25","h":"Sud","s":"25N-H55N300F-80-F3"},{"r":"31","t":"15:47:25","h":"Sud","s":"25N-H55N400F-80-F4"},{"r":"31","t":"15:47:25","h":"Sud","s":"25N-H55NV10I-80-I"},{"r":"31","t":"15:47:25","h":"Sud","s":"25N-H55NV20I-80-I"},{"r":"31","t":"15:47:25","h":"Sud","s":"25S-H55S000I-80-I"},{"r":"31","t":"15:47:25","h":"Sud","s":"25S-H55S100F-80-F1"},{"r":"31","t":"15:47:25","h":"Sud","s":"25S-H55S200F-80-F2"},{"r":"31","t":"15:50:14","h":"Sud","s":"25N-H58N000S-80-S"},{"r":"31","t":"15:50:14","h":"Sud","s":"25N-H58NV10S-80-S"},{"r":"31","t":"15:50:14","h":"Sud","s":"25N-H58NV20S-80-S"},{"r":"31","t":"15:50:14","h":"Sud","s":"25S-H58S000S-80-S"},{"r":"31","t":"16:10:50","h":"Sud","s":"25N-H55N000A-80-A"},{"r":"31","t":"16:10:50","h":"Sud","s":"25N-H55NV10A-80-A"},{"r":"31","t":"16:10:50","h":"Sud","s":"25N-H55NV20A-80-A"},{"r":"31","t":"16:10:50","h":"Sud","s":"25S-H55S000A-80-A"},{"r":"31","t":"16:17:25","h":"Sud","s":"25N-H55N000I-80-I"},{"r":"31","t":"16:17:25","h":"Sud","s":"25N-H55N100F-80-F1"},{"r":"31","t":"16:17:25","h":"Sud","s":"25N-H55N200F-80-F2"},{"r":"31","t":"16:17:25","h":"Sud","s":"25N-H55N300F-80-F3"},{"r":"31","t":"16:17:25","h":"Sud","s":"25N-H55N400F-80-F4"},{"r":"31","t":"16:17:25","h":"Sud","s":"25N-H55NV10I-80-I"},{"r":"31","t":"16:17:25","h":"Sud","s":"25N-H55NV20I-80-I"},{"r":"31","t":"16:17:25","h":"Sud","s":"25S-H55S000I-80-I"},{"r":"31","t":"16:17:25","h":"Sud","s":"25S-H55S100F-80-F1"},{"r":"31","t":"16:17:25","h":"Sud","s":"25S-H55S200F-80-F2"},{"r":"31","t":"16:23:03","h":"Sud","s":"25N-H57N000S-80-S"},{"r":"31","t":"16:23:03","h":"Sud","s":"25N-H57NV10S-84-S"},{"r":"31","t":"16:23:03","h":"Sud","s":"25N-H57NV20S-80-S"},{"r":"31","t":"16:23:03","h":"Sud","s":"25S-H57S000S-82-S"},{"r":"31","t":"16:43:50","h":"Sud","s":"25N-H55N000A-80-A"},{"r":"31","t":"16:43:50","h":"Sud","s":"25N-H55NV10A-80-A"},{"r":"31","t":"16:43:50","h":"Sud","s":"25N-H55NV20A-80-A"},{"r":"31","t":"16:43:50","h":"Sud","s":"25S-H55S000A-80-A"},{"r":"31","t":"16:47:25","h":"Sud","s":"25N-H55N000I-80-I"},{"r":"31","t":"16:47:25","h":"Sud","s":"25N-H55N100F-80-F1"},{"r":"31","t":"16:47:25","h":"Sud","s":"25N-H55N200F-80-F2"},{"r":"31","t":"16:47:25","h":"Sud","s":"25N-H55N300F-80-F3"},{"r":"31","t":"16:47:25","h":"Sud","s":"25N-H55N400F-80-F4"},{"r":"31","t":"16:47:25","h":"Sud","s":"25N-H55NV10I-80-I"},{"r":"31","t":"16:47:25","h":"Sud","s":"25N-H55NV20I-80-I"},{"r":"31","t":"16:47:25","h":"Sud","s":"25S-H55S000I-80-I"},{"r":"31","t":"16:47:25","h":"Sud","s":"25S-H55S100F-80-F1"},{"r":"31","t":"16:47:25","h":"Sud","s":"25S-H55S200F-80-F2"},{"r":"31","t":"16:56:03","h":"Sud","s":"25N-H55N000S-80-S"},{"r":"31","t":"16:56:03","h":"Sud","s":"25N-H55N000S-82-S"},{"r":"31","t":"16:56:03","h":"Sud","s":"25N-H55NV10S-85-S"},{"r":"31","t":"16:56:03","h":"Sud","s":"25N-H55NV20S-81-S"},{"r":"31","t":"16:56:03","h":"Sud","s":"25S-H55S000S-82-S"},{"r":"31","t":"17:15:50","h":"Sud","s":"25N-H55N000A-80-A"},{"r":"31","t":"17:15:50","h":"Sud","s":"25N-H55NV10A-80-A"},{"r":"31","t":"17:15:50","h":"Sud","s":"25N-H55NV20A-80-A"},{"r":"31","t":"17:15:50","h":"Sud","s":"25S-H55S000A-80-A"},{"r":"31","t":"17:17:25","h":"Sud","s":"25N-H55N000I-80-I"},{"r":"31","t":"17:17:25","h":"Sud","s":"25N-H55N100F-80-F1"},{"r":"31","t":"17:17:25","h":"Sud","s":"25N-H55N200F-80-F2"},{"r":"31","t":"17:17:25","h":"Sud","s":"25N-H55N300F-80-F3"},{"r":"31","t":"17:17:25","h":"Sud","s":"25N-H55N400F-80-F4"},{"r":"31","t":"17:17:25","h":"Sud","s":"25N-H55NV10I-80-I"},{"r":"31","t":"17:17:25","h":"Sud","s":"25N-H55NV20I-80-I"},{"r":"31","t":"17:17:25","h":"Sud","s":"25S-H55S000I-80-I"},{"r":"31","t":"17:17:25","h":"Sud","s":"25S-H55S100F-80-F1"},{"r":"31","t":"17:17:25","h":"Sud","s":"25S-H55S200F-80-F2"},{"r":"31","t":"17:29:03","h":"Sud","s":"25N-H55N000S-80-S"},{"r":"31","t":"17:29:03","h":"Sud","s":"25N-H55N000S-82-S"},{"r":"31","t":"17:29:03","h":"Sud","s":"25N-H55NV10S-85-S"},{"r":"31","t":"17:29:03","h":"Sud","s":"25N-H55NV20S-81-S"},{"r":"31","t":"17:29:03","h":"Sud","s":"25S-H55S000S-82-S"},{"r":"31","t":"17:47:25","h":"Sud","s":"25N-H55N000I-80-I"},{"r":"31","t":"17:47:25","h":"Sud","s":"25N-H55N100F-80-F1"},{"r":"31","t":"17:47:25","h":"Sud","s":"25N-H55N200F-80-F2"},{"r":"31","t":"17:47:25","h":"Sud","s":"25N-H55N300F-80-F3"},{"r":"31","t":"17:47:25","h":"Sud","s":"25N-H55N400F-80-F4"},{"r":"31","t":"17:47:25","h":"Sud","s":"25N-H55NV10I-80-I"},{"r":"31","t":"17:47:25","h":"Sud","s":"25N-H55NV20I-80-I"},{"r":"31","t":"17:47:25","h":"Sud","s":"25S-H55S000I-80-I"},{"r":"31","t":"17:47:25","h":"Sud","s":"25S-H55S100F-80-F1"},{"r":"31","t":"17:47:25","h":"Sud","s":"25S-H55S200F-80-F2"},{"r":"31","t":"17:47:50","h":"Sud","s":"25N-H55N000A-80-A"},{"r":"31","t":"17:47:50","h":"Sud","s":"25N-H55NV10A-80-A"},{"r":"31","t":"17:47:50","h":"Sud","s":"25N-H55NV20A-80-A"},{"r":"31","t":"17:47:50","h":"Sud","s":"25S-H55S000A-80-A"},{"r":"31","t":"18:02:03","h":"Sud","s":"25N-H58N000S-80-S"},{"r":"31","t":"18:02:03","h":"Sud","s":"25N-H58NV10S-80-S"},{"r":"31","t":"18:02:03","h":"Sud","s":"25N-H58NV20S-80-S"},{"r":"31","t":"18:02:03","h":"Sud","s":"25S-H58S000S-80-S"},{"r":"31","t":"18:17:25","h":"Sud","s":"25N-H55N000I-80-I"},{"r":"31","t":"18:17:25","h":"Sud","s":"25N-H55N100F-80-F1"},{"r":"31","t":"18:17:25","h":"Sud","s":"25N-H55N200F-80-F2"},{"r":"31","t":"18:17:25","h":"Sud","s":"25N-H55N300F-80-F3"},{"r":"31","t":"18:17:25","h":"Sud","s":"25N-H55N400F-80-F4"},{"r":"31","t":"18:17:25","h":"Sud","s":"25N-H55NV10I-80-I"},{"r":"31","t":"18:17:25","h":"Sud","s":"25N-H55NV20I-80-I"},{"r":"31","t":"18:17:25","h":"Sud","s":"25S-H55S000I-80-I"},{"r":"31","t":"18:17:25","h":"Sud","s":"25S-H55S100F-80-F1"},{"r":"31","t":"18:17:25","h":"Sud","s":"25S-H55S200F-80-F2"},{"r":"31","t":"18:19:25","h":"Sud","s":"25N-H55N000A-80-A"},{"r":"31","t":"18:19:25","h":"Sud","s":"25N-H55NV10A-80-A"},{"r":"31","t":"18:19:25","h":"Sud","s":"25N-H55NV20A-80-A"},{"r":"31","t":"18:19:25","h":"Sud","s":"25S-H55S000A-80-A"},{"r":"31","t":"18:33:50","h":"Sud","s":"25N-H55N000S-80-S"},{"r":"31","t":"18:33:50","h":"Sud","s":"25N-H55N000S-82-S"},{"r":"31","t":"18:33:50","h":"Sud","s":"25N-H55NV10S-85-S"},{"r":"31","t":"18:33:50","h":"Sud","s":"25N-H55NV20S-81-S"},{"r":"31","t":"18:33:50","h":"Sud","s":"25S-H55S000S-82-S"},{"r":"31","t":"18:47:25","h":"Sud","s":"25N-H55N000I-80-I"},{"r":"31","t":"18:47:25","h":"Sud","s":"25N-H55N100F-80-F1"},{"r":"31","t":"18:47:25","h":"Sud","s":"25N-H55N200F-80-F2"},{"r":"31","t":"18:47:25","h":"Sud","s":"25N-H55N300F-80-F3"},{"r":"31","t":"18:47:25","h":"Sud","s":"25N-H55N400F-80-F4"},{"r":"31","t":"18:47:25","h":"Sud","s":"25N-H55NV10I-80-I"},{"r":"31","t":"18:47:25","h":"Sud","s":"25N-H55NV20I-80-I"},{"r":"31","t":"18:47:25","h":"Sud","s":"25S-H55S000I-80-I"},{"r":"31","t":"18:47:25","h":"Sud","s":"25S-H55S100F-80-F1"},{"r":"31","t":"18:47:25","h":"Sud","s":"25S-H55S200F-80-F2"},{"r":"31","t":"18:49:25","h":"Sud","s":"25N-H55N000A-80-A"},{"r":"31","t":"18:49:25","h":"Sud","s":"25N-H55NV10A-80-A"},{"r":"31","t":"18:49:25","h":"Sud","s":"25N-H55NV20A-80-A"},{"r":"31","t":"18:49:25","h":"Sud","s":"25S-H55S000A-80-A"},{"r":"31","t":"19:06:50","h":"Sud","s":"25N-H55N000S-80-S"},{"r":"31","t":"19:06:50","h":"Sud","s":"25N-H55N000S-82-S"},{"r":"31","t":"19:06:50","h":"Sud","s":"25N-H55NV10S-85-S"},{"r":"31","t":"19:06:50","h":"Sud","s":"25N-H55NV20S-81-S"},{"r":"31","t":"19:06:50","h":"Sud","s":"25S-H55S000S-82-S"},{"r":"31","t":"19:17:25","h":"Sud","s":"25N-H55N000A-80-A"},{"r":"31","t":"19:17:25","h":"Sud","s":"25N-H55N000I-80-I"},{"r":"31","t":"19:17:25","h":"Sud","s":"25N-H55N100F-80-F1"},{"r":"31","t":"19:17:25","h":"Sud","s":"25N-H55N200F-80-F2"},{"r":"31","t":"19:17:25","h":"Sud","s":"25N-H55N300F-80-F3"},{"r":"31","t":"19:17:25","h":"Sud","s":"25N-H55N400F-80-F4"},{"r":"31","t":"19:17:25","h":"Sud","s":"25N-H55NV10A-80-A"},{"r":"31","t":"19:17:25","h":"Sud","s":"25N-H55NV10I-80-I"},{"r":"31","t":"19:17:25","h":"Sud","s":"25N-H55NV20A-80-A"},{"r":"31","t":"19:17:25","h":"Sud","s":"25N-H55NV20I-80-I"},{"r":"31","t":"19:17:25","h":"Sud","s":"25S-H55S000A-80-A"},{"r":"31","t":"19:17:25","h":"Sud","s":"25S-H55S000I-80-I"},{"r":"31","t":"19:17:25","h":"Sud","s":"25S-H55S100F-80-F1"},{"r":"31","t":"19:17:25","h":"Sud","s":"25S-H55S200F-80-F2"},{"r":"31","t":"19:39:50","h":"Sud","s":"25N-H55N000S-80-S"},{"r":"31","t":"19:39:50","h":"Sud","s":"25N-H55N000S-82-S"},{"r":"31","t":"19:39:50","h":"Sud","s":"25N-H55NV10S-85-S"},{"r":"31","t":"19:39:50","h":"Sud","s":"25N-H55NV20S-81-S"},{"r":"31","t":"19:39:50","h":"Sud","s":"25S-H55S000S-82-S"},{"r":"31","t":"20:12:50","h":"Sud","s":"25N-H55N000S-80-S"},{"r":"31","t":"20:12:50","h":"Sud","s":"25N-H55N000S-82-S"},{"r":"31","t":"20:12:50","h":"Sud","s":"25N-H55NV10S-85-S"},{"r":"31","t":"20:12:50","h":"Sud","s":"25N-H55NV20S-81-S"},{"r":"31","t":"20:12:50","h":"Sud","s":"25S-H55S000S-82-S"},{"r":"31","t":"20:42:50","h":"Sud","s":"25N-H55N000S-80-S"},{"r":"31","t":"20:42:50","h":"Sud","s":"25N-H55N000S-82-S"},{"r":"31","t":"20:42:50","h":"Sud","s":"25N-H55NV10S-85-S"},{"r":"31","t":"20:42:50","h":"Sud","s":"25N-H55NV20S-81-S"},{"r":"31","t":"20:42:50","h":"Sud","s":"25S-H55S000S-82-S"},{"r":"31","t":"21:12:50","h":"Sud","s":"25N-H55N000S-80-S"},{"r":"31","t":"21:12:50","h":"Sud","s":"25N-H55N000S-82-S"},{"r":"31","t":"21:12:50","h":"Sud","s":"25N-H55NV10S-85-S"},{"r":"31","t":"21:12:50","h":"Sud","s":"25N-H55NV20S-81-S"},{"r":"31","t":"21:12:50","h":"Sud","s":"25S-H55S000S-82-S"},{"r":"31","t":"21:41:50","h":"Sud","s":"25N-H55N000S-80-S"},{"r":"31","t":"21:41:50","h":"Sud","s":"25N-H55N000S-82-S"},{"r":"31","t":"21:41:50","h":"Sud","s":"25N-H55NV10S-85-S"},{"r":"31","t":"21:41:50","h":"Sud","s":"25N-H55NV20S-81-S"},{"r":"31","t":"21:41:50","h":"Sud","s":"25S-H55S000S-82-S"},{"r":"31","t":"22:09:25","h":"Sud","s":"25N-H55N000S-80-S"},{"r":"31","t":"22:09:25","h":"Sud","s":"25N-H55N000S-82-S"},{"r":"31","t":"22:09:25","h":"Sud","s":"25N-H55NV10S-85-S"},{"r":"31","t":"22:09:25","h":"Sud","s":"25N-H55NV20S-81-S"},{"r":"31","t":"22:09:25","h":"Sud","s":"25S-H55S000S-82-S"},{"r":"31","t":"22:36:25","h":"Sud","s":"25N-H55N000S-80-S"},{"r":"31","t":"22:36:25","h":"Sud","s":"25N-H55N000S-82-S"},{"r":"31","t":"22:36:25","h":"Sud","s":"25N-H55NV10S-85-S"},{"r":"31","t":"22:36:25","h":"Sud","s":"25N-H55NV20S-81-S"},{"r":"31","t":"22:36:25","h":"Sud","s":"25S-H55S000S-82-S"},{"r":"31","t":"23:03:25","h":"Sud","s":"25N-H55N000S-80-S"},{"r":"31","t":"23:03:25","h":"Sud","s":"25N-H55N000S-82-S"},{"r":"31","t":"23:03:25","h":"Sud","s":"25N-H55NV10S-85-S"},{"r":"31","t":"23:03:25","h":"Sud","s":"25N-H55NV20S-81-S"},{"r":"31","t":"23:03:25","h":"Sud","s":"25S-H55S000S-82-S"},{"r":"31","t":"23:30:25","h":"Sud","s":"25N-H55N000S-80-S"},{"r":"31","t":"23:30:25","h":"Sud","s":"25N-H55N000S-82-S"},{"r":"31","t":"23:30:25","h":"Sud","s":"25N-H55NV10S-85-S"},{"r":"31","t":"23:30:25","h":"Sud","s":"25N-H55NV20S-81-S"},{"r":"31","t":"23:30:25","h":"Sud","s":"25S-H55S000S-82-S"},{"r":"31","t":"23:57:25","h":"Sud","s":"25N-H55N000S-80-S"},{"r":"31","t":"23:57:25","h":"Sud","s":"25N-H55N000S-82-S"},{"r":"31","t":"23:57:25","h":"Sud","s":"25N-H55NV10S-85-S"},{"r":"31","t":"23:57:25","h":"Sud","s":"25N-H55NV20S-81-S"},{"r":"31","t":"23:57:25","h":"Sud","s":"25S-H55S000S-82-S"},{"r":"361","t":"24:16:09","h":"Sud","s":"25N-H55N000A-80-A"},{"r":"361","t":"24:16:09","h":"Sud","s":"25N-H55NV10A-80-A"},{"r":"361","t":"24:16:09","h":"Sud","s":"25N-H55NV20A-80-A"},{"r":"361","t":"24:16:09","h":"Sud","s":"25S-H55S000A-80-A"},{"r":"31","t":"24:24:25","h":"Sud","s":"25N-H55N000S-80-S"},{"r":"31","t":"24:24:25","h":"Sud","s":"25N-H55N000S-82-S"},{"r":"31","t":"24:24:25","h":"Sud","s":"25N-H55NV10S-85-S"},{"r":"31","t":"24:24:25","h":"Sud","s":"25N-H55NV20S-81-S"},{"r":"31","t":"24:24:25","h":"Sud","s":"25S-H55S000S-82-S"},{"r":"361","t":"24:26:09","h":"Sud","s":"25N-H55N000S-80-S"},{"r":"361","t":"24:26:09","h":"Sud","s":"25N-H55N000S-82-S"},{"r":"361","t":"24:26:09","h":"Sud","s":"25N-H55NV10S-85-S"},{"r":"361","t":"24:26:09","h":"Sud","s":"25N-H55NV20S-81-S"},{"r":"361","t":"24:26:09","h":"Sud","s":"25S-H55S000S-82-S"},{"r":"361","t":"24:31:00","h":"Sud","s":"25N-H55N000I-80-I"},{"r":"361","t":"24:31:00","h":"Sud","s":"25N-H55N100F-80-F1"},{"r":"361","t":"24:31:00","h":"Sud","s":"25N-H55N200F-80-F2"},{"r":"361","t":"24:31:00","h":"Sud","s":"25N-H55N300F-80-F3"},{"r":"361","t":"24:31:00","h":"Sud","s":"25N-H55N400F-80-F4"},{"r":"361","t":"24:31:00","h":"Sud","s":"25N-H55NV10I-80-I"},{"r":"361","t":"24:31:00","h":"Sud","s":"25N-H55NV20I-80-I"},{"r":"361","t":"24:31:00","h":"Sud","s":"25S-H55S000I-80-I"},{"r":"361","t":"24:31:00","h":"Sud","s":"25S-H55S100F-80-F1"},{"r":"361","t":"24:31:00","h":"Sud","s":"25S-H55S200F-80-F2"},{"r":"31","t":"24:51:25","h":"Sud","s":"25N-H55N000S-80-S"},{"r":"31","t":"24:51:25","h":"Sud","s":"25N-H55N000S-82-S"},{"r":"31","t":"24:51:25","h":"Sud","s":"25N-H55NV10S-85-S"},{"r":"31","t":"24:51:25","h":"Sud","s":"25N-H55NV20S-81-S"},{"r":"31","t":"24:51:25","h":"Sud","s":"25S-H55S000S-82-S"},{"r":"361","t":"25:01:00","h":"Sud","s":"25N-H55N000I-80-I"},{"r":"361","t":"25:01:00","h":"Sud","s":"25N-H55N100F-80-F1"},{"r":"361","t":"25:01:00","h":"Sud","s":"25N-H55N200F-80-F2"},{"r":"361","t":"25:01:00","h":"Sud","s":"25N-H55N300F-80-F3"},{"r":"361","t":"25:01:00","h":"Sud","s":"25N-H55N400F-80-F4"},{"r":"361","t":"25:01:00","h":"Sud","s":"25N-H55NV10I-80-I"},{"r":"361","t":"25:01:00","h":"Sud","s":"25N-H55NV20I-80-I"},{"r":"361","t":"25:01:00","h":"Sud","s":"25S-H55S000I-80-I"},{"r":"361","t":"25:01:00","h":"Sud","s":"25S-H55S100F-80-F1"},{"r":"361","t":"25:01:00","h":"Sud","s":"25S-H55S200F-80-F2"},{"r":"361","t":"25:01:09","h":"Sud","s":"25N-H55N000A-80-A"},{"r":"361","t":"25:01:09","h":"Sud","s":"25N-H55N000S-80-S"},{"r":"361","t":"25:01:09","h":"Sud","s":"25N-H55N000S-82-S"},{"r":"361","t":"25:01:09","h":"Sud","s":"25N-H55NV10A-80-A"},{"r":"361","t":"25:01:09","h":"Sud","s":"25N-H55NV10S-85-S"},{"r":"361","t":"25:01:09","h":"Sud","s":"25N-H55NV20A-80-A"},{"r":"361","t":"25:01:09","h":"Sud","s":"25N-H55NV20S-81-S"},{"r":"361","t":"25:01:09","h":"Sud","s":"25S-H55S000A-80-A"},{"r":"361","t":"25:01:09","h":"Sud","s":"25S-H55S000S-82-S"},{"r":"31","t":"25:23:25","h":"Sud","s":"25N-H55N000S-80-S"},{"r":"31","t":"25:23:25","h":"Sud","s":"25N-H55N000S-82-S"},{"r":"31","t":"25:23:25","h":"Sud","s":"25N-H55NV10S-85-S"},{"r":"31","t":"25:23:25","h":"Sud","s":"25N-H55NV20S-81-S"},{"r":"31","t":"25:23:25","h":"Sud","s":"25S-H55S000S-82-S"},{"r":"361","t":"25:32:00","h":"Sud","s":"25N-H55N000I-80-I"},{"r":"361","t":"25:32:00","h":"Sud","s":"25N-H55N100F-80-F1"},{"r":"361","t":"25:32:00","h":"Sud","s":"25N-H55N200F-80-F2"},{"r":"361","t":"25:32:00","h":"Sud","s":"25N-H55N300F-80-F3"},{"r":"361","t":"25:32:00","h":"Sud","s":"25N-H55N400F-80-F4"},{"r":"361","t":"25:32:00","h":"Sud","s":"25N-H55NV10I-80-I"},{"r":"361","t":"25:32:00","h":"Sud","s":"25N-H55NV20I-80-I"},{"r":"361","t":"25:32:00","h":"Sud","s":"25S-H55S000I-80-I"},{"r":"361","t":"25:32:00","h":"Sud","s":"25S-H55S100F-80-F1"},{"r":"361","t":"25:32:00","h":"Sud","s":"25S-H55S200F-80-F2"},{"r":"361","t":"25:35:09","h":"Sud","s":"25N-H55N000S-80-S"},{"r":"361","t":"25:35:09","h":"Sud","s":"25N-H55N000S-82-S"},{"r":"361","t":"25:35:09","h":"Sud","s":"25N-H55NV10S-85-S"},{"r":"361","t":"25:35:09","h":"Sud","s":"25N-H55NV20S-81-S"},{"r":"361","t":"25:35:09","h":"Sud","s":"25S-H55S000S-82-S"},{"r":"361","t":"25:46:09","h":"Sud","s":"25N-H55N000A-80-A"},{"r":"361","t":"25:46:09","h":"Sud","s":"25N-H55NV10A-80-A"},{"r":"361","t":"25:46:09","h":"Sud","s":"25N-H55NV20A-80-A"},{"r":"361","t":"25:46:09","h":"Sud","s":"25S-H55S000A-80-A"},{"r":"361","t":"25:55:09","h":"Sud","s":"25N-H55N000S-80-S"},{"r":"361","t":"25:55:09","h":"Sud","s":"25N-H55N000S-82-S"},{"r":"361","t":"25:55:09","h":"Sud","s":"25N-H55NV10S-85-S"},{"r":"361","t":"25:55:09","h":"Sud","s":"25N-H55NV20S-81-S"},{"r":"361","t":"25:55:09","h":"Sud","s":"25S-H55S000S-82-S"},{"r":"361","t":"26:14:00","h":"Sud","s":"25N-H55N000I-80-I"},{"r":"361","t":"26:14:00","h":"Sud","s":"25N-H55N100F-80-F1"},{"r":"361","t":"26:14:00","h":"Sud","s":"25N-H55N200F-80-F2"},{"r":"361","t":"26:14:00","h":"Sud","s":"25N-H55N300F-80-F3"},{"r":"361","t":"26:14:00","h":"Sud","s":"25N-H55N400F-80-F4"},{"r":"361","t":"26:14:00","h":"Sud","s":"25N-H55NV10I-80-I"},{"r":"361","t":"26:14:00","h":"Sud","s":"25N-H55NV20I-80-I"},{"r":"361","t":"26:14:00","h":"Sud","s":"25S-H55S000I-80-I"},{"r":"361","t":"26:14:00","h":"Sud","s":"25S-H55S100F-80-F1"},{"r":"361","t":"26:14:00","h":"Sud","s":"25S-H55S200F-80-F2"},{"r":"361","t":"26:16:09","h":"Sud","s":"25N-H55N000A-80-A"},{"r":"361","t":"26:16:09","h":"Sud","s":"25N-H55N000S-80-S"},{"r":"361","t":"26:16:09","h":"Sud","s":"25N-H55N000S-82-S"},{"r":"361","t":"26:16:09","h":"Sud","s":"25N-H55NV10A-80-A"},{"r":"361","t":"26:16:09","h":"Sud","s":"25N-H55NV10S-85-S"},{"r":"361","t":"26:16:09","h":"Sud","s":"25N-H55NV20A-80-A"},{"r":"361","t":"26:16:09","h":"Sud","s":"25N-H55NV20S-81-S"},{"r":"361","t":"26:16:09","h":"Sud","s":"25S-H55S000A-80-A"},{"r":"361","t":"26:16:09","h":"Sud","s":"25S-H55S000S-82-S"},{"r":"361","t":"26:37:09","h":"Sud","s":"25N-H55N000S-80-S"},{"r":"361","t":"26:37:09","h":"Sud","s":"25N-H55N000S-82-S"},{"r":"361","t":"26:37:09","h":"Sud","s":"25N-H55NV10S-85-S"},{"r":"361","t":"26:37:09","h":"Sud","s":"25N-H55NV20S-81-S"},{"r":"361","t":"26:37:09","h":"Sud","s":"25S-H55S000S-82-S"},{"r":"361","t":"26:46:09","h":"Sud","s":"25N-H55N000A-80-A"},{"r":"361","t":"26:46:09","h":"Sud","s":"25N-H55NV10A-80-A"},{"r":"361","t":"26:46:09","h":"Sud","s":"25N-H55NV20A-80-A"},{"r":"361","t":"26:46:09","h":"Sud","s":"25S-H55S000A-80-A"},{"r":"361","t":"26:58:00","h":"Sud","s":"25N-H55N000I-80-I"},{"r":"361","t":"26:58:00","h":"Sud","s":"25N-H55N100F-80-F1"},{"r":"361","t":"26:58:00","h":"Sud","s":"25N-H55N200F-80-F2"},{"r":"361","t":"26:58:00","h":"Sud","s":"25N-H55N300F-80-F3"},{"r":"361","t":"26:58:00","h":"Sud","s":"25N-H55N400F-80-F4"},{"r":"361","t":"26:58:00","h":"Sud","s":"25N-H55NV10I-80-I"},{"r":"361","t":"26:58:00","h":"Sud","s":"25N-H55NV20I-80-I"},{"r":"361","t":"26:58:00","h":"Sud","s":"25S-H55S000I-80-I"},{"r":"361","t":"26:58:00","h":"Sud","s":"25S-H55S100F-80-F1"},{"r":"361","t":"26:58:00","h":"Sud","s":"25S-H55S200F-80-F2"},{"r":"361","t":"27:08:09","h":"Sud","s":"25N-H55N000S-80-S"},{"r":"361","t":"27:08:09","h":"Sud","s":"25N-H55N000S-82-S"},{"r":"361","t":"27:08:09","h":"Sud","s":"25N-H55NV10S-85-S"},{"r":"361","t":"27:08:09","h":"Sud","s":"25N-H55NV20S-81-S"},{"r":"361","t":"27:08:09","h":"Sud","s":"25S-H55S000S-82-S"},{"r":"361","t":"27:16:09","h":"Sud","s":"25N-H55N000A-80-A"},{"r":"361","t":"27:16:09","h":"Sud","s":"25N-H55NV10A-80-A"},{"r":"361","t":"27:16:09","h":"Sud","s":"25N-H55NV20A-80-A"},{"r":"361","t":"27:16:09","h":"Sud","s":"25S-H55S000A-80-A"},{"r":"361","t":"27:41:09","h":"Sud","s":"25N-H55N000S-80-S"},{"r":"361","t":"27:41:09","h":"Sud","s":"25N-H55N000S-82-S"},{"r":"361","t":"27:41:09","h":"Sud","s":"25N-H55NV10S-85-S"},{"r":"361","t":"27:41:09","h":"Sud","s":"25N-H55NV20S-81-S"},{"r":"361","t":"27:41:09","h":"Sud","s":"25S-H55S000S-82-S"},{"r":"361","t":"27:43:00","h":"Sud","s":"25N-H55N000I-80-I"},{"r":"361","t":"27:43:00","h":"Sud","s":"25N-H55N100F-80-F1"},{"r":"361","t":"27:43:00","h":"Sud","s":"25N-H55N200F-80-F2"},{"r":"361","t":"27:43:00","h":"Sud","s":"25N-H55N300F-80-F3"},{"r":"361","t":"27:43:00","h":"Sud","s":"25N-H55N400F-80-F4"},{"r":"361","t":"27:43:00","h":"Sud","s":"25N-H55NV10I-80-I"},{"r":"361","t":"27:43:00","h":"Sud","s":"25N-H55NV20I-80-I"},{"r":"361","t":"27:43:00","h":"Sud","s":"25S-H55S000I-80-I"},{"r":"361","t":"27:43:00","h":"Sud","s":"25S-H55S100F-80-F1"},{"r":"361","t":"27:43:00","h":"Sud","s":"25S-H55S200F-80-F2"},{"r":"361","t":"27:46:09","h":"Sud","s":"25N-H55N000A-80-A"},{"r":"361","t":"27:46:09","h":"Sud","s":"25N-H55NV10A-80-A"},{"r":"361","t":"27:46:09","h":"Sud","s":"25N-H55NV20A-80-A"},{"r":"361","t":"27:46:09","h":"Sud","s":"25S-H55S000A-80-A"},{"r":"361","t":"28:15:51","h":"Sud","s":"25N-H55N000A-80-A"},{"r":"361","t":"28:15:51","h":"Sud","s":"25N-H55NV10A-80-A"},{"r":"361","t":"28:15:51","h":"Sud","s":"25N-H55NV20A-80-A"},{"r":"361","t":"28:15:51","h":"Sud","s":"25S-H55S000A-80-A"},{"r":"361","t":"28:28:09","h":"Sud","s":"25N-H55N000S-80-S"},{"r":"361","t":"28:28:09","h":"Sud","s":"25N-H55N000S-82-S"},{"r":"361","t":"28:28:09","h":"Sud","s":"25N-H55NV10S-85-S"},{"r":"361","t":"28:28:09","h":"Sud","s":"25N-H55NV20S-81-S"},{"r":"361","t":"28:28:09","h":"Sud","s":"25S-H55S000S-82-S"},{"r":"361","t":"28:29:00","h":"Sud","s":"25N-H55N000I-80-I"},{"r":"361","t":"28:29:00","h":"Sud","s":"25N-H55N100F-80-F1"},{"r":"361","t":"28:29:00","h":"Sud","s":"25N-H55N200F-80-F2"},{"r":"361","t":"28:29:00","h":"Sud","s":"25N-H55N300F-80-F3"},{"r":"361","t":"28:29:00","h":"Sud","s":"25N-H55N400F-80-F4"},{"r":"361","t":"28:29:00","h":"Sud","s":"25N-H55NV10I-80-I"},{"r":"361","t":"28:29:00","h":"Sud","s":"25N-H55NV20I-80-I"},{"r":"361","t":"28:29:00","h":"Sud","s":"25S-H55S000I-80-I"},{"r":"361","t":"28:29:00","h":"Sud","s":"25S-H55S100F-80-F1"},{"r":"361","t":"28:29:00","h":"Sud","s":"25S-H55S200F-80-F2"}]