[{"r":"140","t":"05:38:35","h":"Est","s":"25N-H58N000S-80-S"},{"r":"140","t":"05:38:35","h":"Est","s":"25N-H58NV10S-80-S"},{"r":"140","t":"05:38:35","h":"Est","s":"25N-H58NV20S-80-S"},{"r":"140","t":"05:38:35","h":"Est","s":"25S-H58S000S-80-S"},{"r":"140","t":"05:54:35","h":"Est","s":"25N-H58N000A-80-A"},{"r":"140","t":"05:54:35","h":"Est","s":"25N-H58NV10A-80-A"},{"r":"140","t":"05:54:35","h":"Est","s":"25N-H58NV20A-80-A"},{"r":"140","t":"05:54:35","h":"Est","s":"25S-H58S000A-80-A"},{"r":"140","t":"06:03:56","h":"Est","s":"25N-H58N000I-80-I"},{"r":"140","t":"06:03:56","h":"Est","s":"25N-H58N100F-80-F1"},{"r":"140","t":"06:03:56","h":"Est","s":"25N-H58N200F-80-F2"},{"r":"140","t":"06:03:56","h":"Est","s":"25N-H58N300F-80-F3"},{"r":"140","t":"06:03:56","h":"Est","s":"25N-H58N400F-80-F4"},{"r":"140","t":"06:03:56","h":"Est","s":"25N-H58NV10I-80-I"},{"r":"140","t":"06:03:56","h":"Est","s":"25N-H58NV20I-80-I"},{"r":"140","t":"06:03:56","h":"Est","s":"25S-H58S000I-80-I"},{"r":"140","t":"06:03:56","h":"Est","s":"25S-H58S100F-80-F1"},{"r":"140","t":"06:03:56","h":"Est","s":"25S-H58S200F-80-F2"},{"r":"140","t":"06:07:35","h":"Est","s":"25N-H58N000S-80-S"},{"r":"140","t":"06:07:35","h":"Est","s":"25N-H58NV10S-80-S"},{"r":"140","t":"06:07:35","h":"Est","s":"25N-H58NV20S-80-S"},{"r":"140","t":"06:07:35","h":"Est","s":"25S-H58S000S-80-S"},{"r":"140","t":"06:24:35","h":"Est","s":"25N-H58N000A-80-A"},{"r":"140","t":"06:24:35","h":"Est","s":"25N-H58NV10A-80-A"},{"r":"140","t":"06:24:35","h":"Est","s":"25N-H58NV20A-80-A"},{"r":"140","t":"06:24:35","h":"Est","s":"25S-H58S000A-80-A"},{"r":"140","t":"06:35:56","h":"Est","s":"25N-H58N000I-80-I"},{"r":"140","t":"06:35:56","h":"Est","s":"25N-H58N100F-80-F1"},{"r":"140","t":"06:35:56","h":"Est","s":"25N-H58N200F-80-F2"},{"r":"140","t":"06:35:56","h":"Est","s":"25N-H58N300F-80-F3"},{"r":"140","t":"06:35:56","h":"Est","s":"25N-H58N400F-80-F4"},{"r":"140","t":"06:35:56","h":"Est","s":"25N-H58NV10I-80-I"},{"r":"140","t":"06:35:56","h":"Est","s":"25N-H58NV20I-80-I"},{"r":"140","t":"06:35:56","h":"Est","s":"25S-H58S000I-80-I"},{"r":"140","t":"06:35:56","h":"Est","s":"25S-H58S100F-80-F1"},{"r":"140","t":"06:35:56","h":"Est","s":"25S-H58S200F-80-F2"},{"r":"140","t":"06:37:35","h":"Est","s":"25N-H58N000S-80-S"},{"r":"140","t":"06:37:35","h":"Est","s":"25N-H58NV10S-80-S"},{"r":"140","t":"06:37:35","h":"Est","s":"25N-H58NV20S-80-S"},{"r":"140","t":"06:37:35","h":"Est","s":"25S-H58S000S-80-S"},{"r":"140","t":"06:54:35","h":"Est","s":"25N-H58N000A-80-A"},{"r":"140","t":"06:54:35","h":"Est","s":"25N-H58NV10A-80-A"},{"r":"140","t":"06:54:35","h":"Est","s":"25N-H58NV20A-80-A"},{"r":"140","t":"06:54:35","h":"Est","s":"25S-H58S000A-80-A"},{"r":"140","t":"07:04:34","h":"Est","s":"25N-H58N000S-80-S"},{"r":"140","t":"07:04:34","h":"Est","s":"25N-H58NV10S-80-S"},{"r":"140","t":"07:04:34","h":"Est","s":"25N-H58NV20S-80-S"},{"r":"140","t":"07:04:34","h":"Est","s":"25S-H58S000S-80-S"},{"r":"140","t":"07:07:56","h":"Est","s":"25N-H58N000I-80-I"},{"r":"140","t":"07:07:56","h":"Est","s":"25N-H58N100F-80-F1"},{"r":"140","t":"07:07:56","h":"Est","s":"25N-H58N200F-80-F2"},{"r":"140","t":"07:07:56","h":"Est","s":"25N-H58N300F-80-F3"},{"r":"140","t":"07:07:56","h":"Est","s":"25N-H58N400F-80-F4"},{"r":"140","t":"07:07:56","h":"Est","s":"25N-H58NV10I-80-I"},{"r":"140","t":"07:07:56","h":"Est","s":"25N-H58NV20I-80-I"},{"r":"140","t":"07:07:56","h":"Est","s":"25S-H58S000I-80-I"},{"r":"140","t":"07:07:56","h":"Est","s":"25S-H58S100F-80-F1"},{"r":"140","t":"07:07:56","h":"Est","s":"25S-H58S200F-80-F2"},{"r":"140","t":"07:24:35","h":"Est","s":"25N-H58N000A-80-A"},{"r":"140","t":"07:24:35","h":"Est","s":"25N-H58NV10A-80-A"},{"r":"140","t":"07:24:35","h":"Est","s":"25N-H58NV20A-80-A"},{"r":"140","t":"07:24:35","h":"Est","s":"25S-H58S000A-80-A"},{"r":"140","t":"07:37:13","h":"Est","s":"25N-H58N000S-80-S"},{"r":"140","t":"07:37:13","h":"Est","s":"25N-H58NV10S-80-S"},{"r":"140","t":"07:37:13","h":"Est","s":"25N-H58NV20S-80-S"},{"r":"140","t":"07:37:13","h":"Est","s":"25S-H58S000S-80-S"},{"r":"140","t":"07:38:15","h":"Est","s":"25N-H58N000I-80-I"},{"r":"140","t":"07:38:15","h":"Est","s":"25N-H58N100F-80-F1"},{"r":"140","t":"07:38:15","h":"Est","s":"25N-H58N200F-80-F2"},{"r":"140","t":"07:38:15","h":"Est","s":"25N-H58N300F-80-F3"},{"r":"140","t":"07:38:15","h":"Est","s":"25N-H58N400F-80-F4"},{"r":"140","t":"07:38:15","h":"Est","s":"25N-H58NV10I-80-I"},{"r":"140","t":"07:38:15","h":"Est","s":"25N-H58NV20I-80-I"},{"r":"140","t":"07:38:15","h":"Est","s":"25S-H58S000I-80-I"},{"r":"140","t":"07:38:15","h":"Est","s":"25S-H58S100F-80-F1"},{"r":"140","t":"07:38:15","h":"Est","s":"25S-H58S200F-80-F2"},{"r":"140","t":"07:54:35","h":"Est","s":"25N-H58N000A-80-A"},{"r":"140","t":"07:54:35","h":"Est","s":"25N-H58NV10A-80-A"},{"r":"140","t":"07:54:35","h":"Est","s":"25N-H58NV20A-80-A"},{"r":"140","t":"07:54:35","h":"Est","s":"25S-H58S000A-80-A"},{"r":"140","t":"08:08:15","h":"Est","s":"25N-H58N000I-80-I"},{"r":"140","t":"08:08:15","h":"Est","s":"25N-H58N100F-80-F1"},{"r":"140","t":"08:08:15","h":"Est","s":"25N-H58N200F-80-F2"},{"r":"140","t":"08:08:15","h":"Est","s":"25N-H58N300F-80-F3"},{"r":"140","t":"08:08:15","h":"Est","s":"25N-H58N400F-80-F4"},{"r":"140","t":"08:08:15","h":"Est","s":"25N-H58NV10I-80-I"},{"r":"140","t":"08:08:15","h":"Est","s":"25N-H58NV20I-80-I"},{"r":"140","t":"08:08:15","h":"Est","s":"25S-H58S000I-80-I"},{"r":"140","t":"08:08:15","h":"Est","s":"25S-H58S100F-80-F1"},{"r":"140","t":"08:08:15","h":"Est","s":"25S-H58S200F-80-F2"},{"r":"140","t":"08:09:13","h":"Est","s":"25N-H58N000S-80-S"},{"r":"140","t":"08:09:13","h":"Est","s":"25N-H58NV10S-80-S"},{"r":"140","t":"08:09:13","h":"Est","s":"25N-H58NV20S-80-S"},{"r":"140","t":"08:09:13","h":"Est","s":"25S-H58S000S-80-S"},{"r":"140","t":"08:23:35","h":"Est","s":"25N-H58N000A-80-A"},{"r":"140","t":"08:23:35","h":"Est","s":"25N-H58NV10A-80-A"},{"r":"140","t":"08:23:35","h":"Est","s":"25N-H58NV20A-80-A"},{"r":"140","t":"08:23:35","h":"Est","s":"25S-H58S000A-80-A"},{"r":"140","t":"08:37:15","h":"Est","s":"25N-H58N000I-80-I"},{"r":"140","t":"08:37:15","h":"Est","s":"25N-H58N100F-80-F1"},{"r":"140","t":"08:37:15","h":"Est","s":"25N-H58N200F-80-F2"},{"r":"140","t":"08:37:15","h":"Est","s":"25N-H58N300F-80-F3"},{"r":"140","t":"08:37:15","h":"Est","s":"25N-H58N400F-80-F4"},{"r":"140","t":"08:37:15","h":"Est","s":"25N-H58NV10I-80-I"},{"r":"140","t":"08:37:15","h":"Est","s":"25N-H58NV20I-80-I"},{"r":"140","t":"08:37:15","h":"Est","s":"25S-H58S000I-80-I"},{"r":"140","t":"08:37:15","h":"Est","s":"25S-H58S100F-80-F1"},{"r":"140","t":"08:37:15","h":"Est","s":"25S-H58S200F-80-F2"},{"r":"140","t":"08:40:54","h":"Est","s":"25N-H58N000S-80-S"},{"r":"140","t":"08:40:54","h":"Est","s":"25N-H58NV10S-80-S"},{"r":"140","t":"08:40:54","h":"Est","s":"25N-H58NV20S-80-S"},{"r":"140","t":"08:40:54","h":"Est","s":"25S-H58S000S-80-S"},{"r":"140","t":"08:52:35","h":"Est","s":"25N-H58N000A-80-A"},{"r":"140","t":"08:52:35","h":"Est","s":"25N-H58NV10A-80-A"},{"r":"140","t":"08:52:35","h":"Est","s":"25N-H58NV20A-80-A"},{"r":"140","t":"08:52:35","h":"Est","s":"25S-H58S000A-80-A"},{"r":"140","t":"09:07:15","h":"Est","s":"25N-H58N000I-80-I"},{"r":"140","t":"09:07:15","h":"Est","s":"25N-H58N100F-80-F1"},{"r":"140","t":"09:07:15","h":"Est","s":"25N-H58N200F-80-F2"},{"r":"140","t":"09:07:15","h":"Est","s":"25N-H58N300F-80-F3"},{"r":"140","t":"09:07:15","h":"Est","s":"25N-H58N400F-80-F4"},{"r":"140","t":"09:07:15","h":"Est","s":"25N-H58NV10I-80-I"},{"r":"140","t":"09:07:15","h":"Est","s":"25N-H58NV20I-80-I"},{"r":"140","t":"09:07:15","h":"Est","s":"25S-H58S000I-80-I"},{"r":"140","t":"09:07:15","h":"Est","s":"25S-H58S100F-80-F1"},{"r":"140","t":"09:07:15","h":"Est","s":"25S-H58S200F-80-F2"},{"r":"140","t":"09:11:54","h":"Est","s":"25N-H58N000S-80-S"},{"r":"140","t":"09:11:54","h":"Est","s":"25N-H58NV10S-80-S"},{"r":"140","t":"09:11:54","h":"Est","s":"25N-H58NV20S-80-S"},{"r":"140","t":"09:11:54","h":"Est","s":"25S-H58S000S-80-S"},{"r":"140","t":"09:21:35","h":"Est","s":"25N-H58N000A-80-A"},{"r":"140","t":"09:21:35","h":"Est","s":"25N-H58NV10A-80-A"},{"r":"140","t":"09:21:35","h":"Est","s":"25N-H58NV20A-80-A"},{"r":"140","t":"09:21:35","h":"Est","s":"25S-H58S000A-80-A"},{"r":"140","t":"09:37:15","h":"Est","s":"25N-H58N000I-80-I"},{"r":"140","t":"09:37:15","h":"Est","s":"25N-H58N100F-80-F1"},{"r":"140","t":"09:37:15","h":"Est","s":"25N-H58N200F-80-F2"},{"r":"140","t":"09:37:15","h":"Est","s":"25N-H58N300F-80-F3"},{"r":"140","t":"09:37:15","h":"Est","s":"25N-H58N400F-80-F4"},{"r":"140","t":"09:37:15","h":"Est","s":"25N-H58NV10I-80-I"},{"r":"140","t":"09:37:15","h":"Est","s":"25N-H58NV20I-80-I"},{"r":"140","t":"09:37:15","h":"Est","s":"25S-H58S000I-80-I"},{"r":"140","t":"09:37:15","h":"Est","s":"25S-H58S100F-80-F1"},{"r":"140","t":"09:37:15","h":"Est","s":"25S-H58S200F-80-F2"},{"r":"140","t":"09:40:54","h":"Est","s":"25N-H58N000S-80-S"},{"r":"140","t":"09:40:54","h":"Est","s":"25N-H58NV10S-80-S"},{"r":"140","t":"09:40:54","h":"Est","s":"25N-H58NV20S-80-S"},{"r":"140","t":"09:40:54","h":"Est","s":"25S-H58S000S-80-S"},{"r":"140","t":"09:51:54","h":"Est","s":"25N-H58N000A-80-A"},{"r":"140","t":"09:51:54","h":"Est","s":"25N-H58NV10A-80-A"},{"r":"140","t":"09:51:54","h":"Est","s":"25N-H58NV20A-80-A"},{"r":"140","t":"09:51:54","h":"Est","s":"25S-H58S000A-80-A"},{"r":"140","t":"10:07:15","h":"Est","s":"25N-H58N000I-80-I"},{"r":"140","t":"10:07:15","h":"Est","s":"25N-H58N100F-80-F1"},{"r":"140","t":"10:07:15","h":"Est","s":"25N-H58N200F-80-F2"},{"r":"140","t":"10:07:15","h":"Est","s":"25N-H58N300F-80-F3"},{"r":"140","t":"10:07:15","h":"Est","s":"25N-H58N400F-80-F4"},{"r":"140","t":"10:07:15","h":"Est","s":"25N-H58NV10I-80-I"},{"r":"140","t":"10:07:15","h":"Est","s":"25N-H58NV20I-80-I"},{"r":"140","t":"10:07:15","h":"Est","s":"25S-H58S000I-80-I"},{"r":"140","t":"10:07:15","h":"Est","s":"25S-H58S100F-80-F1"},{"r":"140","t":"10:07:15","h":"Est","s":"25S-H58S200F-80-F2"},{"r":"140","t":"10:09:54","h":"Est","s":"25N-H58N000S-80-S"},{"r":"140","t":"10:09:54","h":"Est","s":"25N-H58NV10S-80-S"},{"r":"140","t":"10:09:54","h":"Est","s":"25N-H58NV20S-80-S"},{"r":"140","t":"10:09:54","h":"Est","s":"25S-H58S000S-80-S"},{"r":"140","t":"10:21:54","h":"Est","s":"25N-H58N000A-80-A"},{"r":"140","t":"10:21:54","h":"Est","s":"25N-H58NV10A-80-A"},{"r":"140","t":"10:21:54","h":"Est","s":"25N-H58NV20A-80-A"},{"r":"140","t":"10:21:54","h":"Est","s":"25S-H58S000A-80-A"},{"r":"140","t":"10:38:54","h":"Est","s":"25N-H58N000S-80-S"},{"r":"140","t":"10:38:54","h":"Est","s":"25N-H58NV10S-80-S"},{"r":"140","t":"10:38:54","h":"Est","s":"25N-H58NV20S-80-S"},{"r":"140","t":"10:38:54","h":"Est","s":"25S-H58S000S-80-S"},{"r":"140","t":"10:39:15","h":"Est","s":"25N-H58N000I-80-I"},{"r":"140","t":"10:39:15","h":"Est","s":"25N-H58N100F-80-F1"},{"r":"140","t":"10:39:15","h":"Est","s":"25N-H58N200F-80-F2"},{"r":"140","t":"10:39:15","h":"Est","s":"25N-H58N300F-80-F3"},{"r":"140","t":"10:39:15","h":"Est","s":"25N-H58N400F-80-F4"},{"r":"140","t":"10:39:15","h":"Est","s":"25N-H58NV10I-80-I"},{"r":"140","t":"10:39:15","h":"Est","s":"25N-H58NV20I-80-I"},{"r":"140","t":"10:39:15","h":"Est","s":"25S-H58S000I-80-I"},{"r":"140","t":"10:39:15","h":"Est","s":"25S-H58S100F-80-F1"},{"r":"140","t":"10:39:15","h":"Est","s":"25S-H58S200F-80-F2"},{"r":"140","t":"10:53:54","h":"Est","s":"25N-H58N000A-80-A"},{"r":"140","t":"10:53:54","h":"Est","s":"25N-H58NV10A-80-A"},{"r":"140","t":"10:53:54","h":"Est","s":"25N-H58NV20A-80-A"},{"r":"140","t":"10:53:54","h":"Est","s":"25S-H58S000A-80-A"},{"r":"140","t":"11:07:54","h":"Est","s":"25N-H58N000S-80-S"},{"r":"140","t":"11:07:54","h":"Est","s":"25N-H58NV10S-80-S"},{"r":"140","t":"11:07:54","h":"Est","s":"25N-H58NV20S-80-S"},{"r":"140","t":"11:07:54","h":"Est","s":"25S-H58S000S-80-S"},{"r":"140","t":"11:10:15","h":"Est","s":"25N-H58N000I-80-I"},{"r":"140","t":"11:10:15","h":"Est","s":"25N-H58N100F-80-F1"},{"r":"140","t":"11:10:15","h":"Est","s":"25N-H58N200F-80-F2"},{"r":"140","t":"11:10:15","h":"Est","s":"25N-H58N300F-80-F3"},{"r":"140","t":"11:10:15","h":"Est","s":"25N-H58N400F-80-F4"},{"r":"140","t":"11:10:15","h":"Est","s":"25N-H58NV10I-80-I"},{"r":"140","t":"11:10:15","h":"Est","s":"25N-H58NV20I-80-I"},{"r":"140","t":"11:10:15","h":"Est","s":"25S-H58S000I-80-I"},{"r":"140","t":"11:10:15","h":"Est","s":"25S-H58S100F-80-F1"},{"r":"140","t":"11:10:15","h":"Est","s":"25S-H58S200F-80-F2"},{"r":"140","t":"11:25:54","h":"Est","s":"25N-H58N000A-80-A"},{"r":"140","t":"11:25:54","h":"Est","s":"25N-H58NV10A-80-A"},{"r":"140","t":"11:25:54","h":"Est","s":"25N-H58NV20A-80-A"},{"r":"140","t":"11:25:54","h":"Est","s":"25S-H58S000A-80-A"},{"r":"140","t":"11:38:54","h":"Est","s":"25N-H58N000S-80-S"},{"r":"140","t":"11:38:54","h":"Est","s":"25N-H58NV10S-80-S"},{"r":"140","t":"11:38:54","h":"Est","s":"25N-H58NV20S-80-S"},{"r":"140","t":"11:38:54","h":"Est","s":"25S-H58S000S-80-S"},{"r":"140","t":"11:40:15","h":"Est","s":"25N-H58N000I-80-I"},{"r":"140","t":"11:40:15","h":"Est","s":"25N-H58N100F-80-F1"},{"r":"140","t":"11:40:15","h":"Est","s":"25N-H58N200F-80-F2"},{"r":"140","t":"11:40:15","h":"Est","s":"25N-H58N300F-80-F3"},{"r":"140","t":"11:40:15","h":"Est","s":"25N-H58N400F-80-F4"},{"r":"140","t":"11:40:15","h":"Est","s":"25N-H58NV10I-80-I"},{"r":"140","t":"11:40:15","h":"Est","s":"25N-H58NV20I-80-I"},{"r":"140","t":"11:40:15","h":"Est","s":"25S-H58S000I-80-I"},{"r":"140","t":"11:40:15","h":"Est","s":"25S-H58S100F-80-F1"},{"r":"140","t":"11:40:15","h":"Est","s":"25S-H58S200F-80-F2"},{"r":"140","t":"11:57:54","h":"Est","s":"25N-H58N000A-80-A"},{"r":"140","t":"11:57:54","h":"Est","s":"25N-H58NV10A-80-A"},{"r":"140","t":"11:57:54","h":"Est","s":"25N-H58NV20A-80-A"},{"r":"140","t":"11:57:54","h":"Est","s":"25S-H58S000A-80-A"},{"r":"140","t":"12:08:54","h":"Est","s":"25N-H58N000S-80-S"},{"r":"140","t":"12:08:54","h":"Est","s":"25N-H58NV10S-80-S"},{"r":"140","t":"12:08:54","h":"Est","s":"25N-H58NV20S-80-S"},{"r":"140","t":"12:08:54","h":"Est","s":"25S-H58S000S-80-S"},{"r":"140","t":"12:10:15","h":"Est","s":"25N-H58N000I-80-I"},{"r":"140","t":"12:10:15","h":"Est","s":"25N-H58N100F-80-F1"},{"r":"140","t":"12:10:15","h":"Est","s":"25N-H58N200F-80-F2"},{"r":"140","t":"12:10:15","h":"Est","s":"25N-H58N300F-80-F3"},{"r":"140","t":"12:10:15","h":"Est","s":"25N-H58N400F-80-F4"},{"r":"140","t":"12:10:15","h":"Est","s":"25N-H58NV10I-80-I"},{"r":"140","t":"12:10:15","h":"Est","s":"25N-H58NV20I-80-I"},{"r":"140","t":"12:10:15","h":"Est","s":"25S-H58S000I-80-I"},{"r":"140","t":"12:10:15","h":"Est","s":"25S-H58S100F-80-F1"},{"r":"140","t":"12:10:15","h":"Est","s":"25S-H58S200F-80-F2"},{"r":"140","t":"12:27:54","h":"Est","s":"25N-H58N000A-80-A"},{"r":"140","t":"12:27:54","h":"Est","s":"25N-H58NV10A-80-A"},{"r":"140","t":"12:27:54","h":"Est","s":"25N-H58NV20A-80-A"},{"r":"140","t":"12:27:54","h":"Est","s":"25S-H58S000A-80-A"},{"r":"140","t":"12:37:54","h":"Est","s":"25N-H58N000S-80-S"},{"r":"140","t":"12:37:54","h":"Est","s":"25N-H58NV10S-80-S"},{"r":"140","t":"12:37:54","h":"Est","s":"25N-H58NV20S-80-S"},{"r":"140","t":"12:37:54","h":"Est","s":"25S-H58S000S-80-S"},{"r":"140","t":"12:40:15","h":"Est","s":"25N-H58N000I-80-I"},{"r":"140","t":"12:40:15","h":"Est","s":"25N-H58N100F-80-F1"},{"r":"140","t":"12:40:15","h":"Est","s":"25N-H58N200F-80-F2"},{"r":"140","t":"12:40:15","h":"Est","s":"25N-H58N300F-80-F3"},{"r":"140","t":"12:40:15","h":"Est","s":"25N-H58N400F-80-F4"},{"r":"140","t":"12:40:15","h":"Est","s":"25N-H58NV10I-80-I"},{"r":"140","t":"12:40:15","h":"Est","s":"25N-H58NV20I-80-I"},{"r":"140","t":"12:40:15","h":"Est","s":"25S-H58S000I-80-I"},{"r":"140","t":"12:40:15","h":"Est","s":"25S-H58S100F-80-F1"},{"r":"140","t":"12:40:15","h":"Est","s":"25S-H58S200F-80-F2"},{"r":"140","t":"12:56:54","h":"Est","s":"25N-H58N000A-80-A"},{"r":"140","t":"12:56:54","h":"Est","s":"25N-H58NV10A-80-A"},{"r":"140","t":"12:56:54","h":"Est","s":"25N-H58NV20A-80-A"},{"r":"140","t":"12:56:54","h":"Est","s":"25S-H58S000A-80-A"},{"r":"140","t":"13:05:54","h":"Est","s":"25N-H58N000S-80-S"},{"r":"140","t":"13:05:54","h":"Est","s":"25N-H58NV10S-80-S"},{"r":"140","t":"13:05:54","h":"Est","s":"25N-H58NV20S-80-S"},{"r":"140","t":"13:05:54","h":"Est","s":"25S-H58S000S-80-S"},{"r":"140","t":"13:09:15","h":"Est","s":"25N-H58N000I-80-I"},{"r":"140","t":"13:09:15","h":"Est","s":"25N-H58N100F-80-F1"},{"r":"140","t":"13:09:15","h":"Est","s":"25N-H58N200F-80-F2"},{"r":"140","t":"13:09:15","h":"Est","s":"25N-H58N300F-80-F3"},{"r":"140","t":"13:09:15","h":"Est","s":"25N-H58N400F-80-F4"},{"r":"140","t":"13:09:15","h":"Est","s":"25N-H58NV10I-80-I"},{"r":"140","t":"13:09:15","h":"Est","s":"25N-H58NV20I-80-I"},{"r":"140","t":"13:09:15","h":"Est","s":"25S-H58S000I-80-I"},{"r":"140","t":"13:09:15","h":"Est","s":"25S-H58S100F-80-F1"},{"r":"140","t":"13:09:15","h":"Est","s":"25S-H58S200F-80-F2"},{"r":"140","t":"13:24:54","h":"Est","s":"25N-H58N000A-80-A"},{"r":"140","t":"13:24:54","h":"Est","s":"25N-H58NV10A-80-A"},{"r":"140","t":"13:24:54","h":"Est","s":"25N-H58NV20A-80-A"},{"r":"140","t":"13:24:54","h":"Est","s":"25S-H58S000A-80-A"},{"r":"140","t":"13:33:54","h":"Est","s":"25N-H58N000S-80-S"},{"r":"140","t":"13:33:54","h":"Est","s":"25N-H58NV10S-80-S"},{"r":"140","t":"13:33:54","h":"Est","s":"25N-H58NV20S-80-S"},{"r":"140","t":"13:33:54","h":"Est","s":"25S-H58S000S-80-S"},{"r":"140","t":"13:39:15","h":"Est","s":"25N-H58N000I-80-I"},{"r":"140","t":"13:39:15","h":"Est","s":"25N-H58N100F-80-F1"},{"r":"140","t":"13:39:15","h":"Est","s":"25N-H58N200F-80-F2"},{"r":"140","t":"13:39:15","h":"Est","s":"25N-H58N300F-80-F3"},{"r":"140","t":"13:39:15","h":"Est","s":"25N-H58N400F-80-F4"},{"r":"140","t":"13:39:15","h":"Est","s":"25N-H58NV10I-80-I"},{"r":"140","t":"13:39:15","h":"Est","s":"25N-H58NV20I-80-I"},{"r":"140","t":"13:39:15","h":"Est","s":"25S-H58S000I-80-I"},{"r":"140","t":"13:39:15","h":"Est","s":"25S-H58S100F-80-F1"},{"r":"140","t":"13:39:15","h":"Est","s":"25S-H58S200F-80-F2"},{"r":"140","t":"13:53:54","h":"Est","s":"25N-H58N000A-80-A"},{"r":"140","t":"13:53:54","h":"Est","s":"25N-H58NV10A-80-A"},{"r":"140","t":"13:53:54","h":"Est","s":"25N-H58NV20A-80-A"},{"r":"140","t":"13:53:54","h":"Est","s":"25S-H58S000A-80-A"},{"r":"140","t":"14:00:54","h":"Est","s":"25N-H58N000S-80-S"},{"r":"140","t":"14:00:54","h":"Est","s":"25N-H58NV10S-80-S"},{"r":"140","t":"14:00:54","h":"Est","s":"25N-H58NV20S-80-S"},{"r":"140","t":"14:00:54","h":"Est","s":"25S-H58S000S-80-S"},{"r":"140","t":"14:09:15","h":"Est","s":"25N-H58N000I-80-I"},{"r":"140","t":"14:09:15","h":"Est","s":"25N-H58N100F-80-F1"},{"r":"140","t":"14:09:15","h":"Est","s":"25N-H58N200F-80-F2"},{"r":"140","t":"14:09:15","h":"Est","s":"25N-H58N300F-80-F3"},{"r":"140","t":"14:09:15","h":"Est","s":"25N-H58N400F-80-F4"},{"r":"140","t":"14:09:15","h":"Est","s":"25N-H58NV10I-80-I"},{"r":"140","t":"14:09:15","h":"Est","s":"25N-H58NV20I-80-I"},{"r":"140","t":"14:09:15","h":"Est","s":"25S-H58S000I-80-I"},{"r":"140","t":"14:09:15","h":"Est","s":"25S-H58S100F-80-F1"},{"r":"140","t":"14:09:15","h":"Est","s":"25S-H58S200F-80-F2"},{"r":"140","t":"14:22:54","h":"Est","s":"25N-H58N000A-80-A"},{"r":"140","t":"14:22:54","h":"Est","s":"25N-H58NV10A-80-A"},{"r":"140","t":"14:22:54","h":"Est","s":"25N-H58NV20A-80-A"},{"r":"140","t":"14:22:54","h":"Est","s":"25S-H58S000A-80-A"},{"r":"140","t":"14:27:54","h":"Est","s":"25N-H58N000S-80-S"},{"r":"140","t":"14:27:54","h":"Est","s":"25N-H58NV10S-80-S"},{"r":"140","t":"14:27:54","h":"Est","s":"25N-H58NV20S-80-S"},{"r":"140","t":"14:27:54","h":"Est","s":"25S-H58S000S-80-S"},{"r":"140","t":"14:39:15","h":"Est","s":"25N-H58N000I-80-I"},{"r":"140","t":"14:39:15","h":"Est","s":"25N-H58N100F-80-F1"},{"r":"140","t":"14:39:15","h":"Est","s":"25N-H58N200F-80-F2"},{"r":"140","t":"14:39:15","h":"Est","s":"25N-H58N300F-80-F3"},{"r":"140","t":"14:39:15","h":"Est","s":"25N-H58N400F-80-F4"},{"r":"140","t":"14:39:15","h":"Est","s":"25N-H58NV10I-80-I"},{"r":"140","t":"14:39:15","h":"Est","s":"25N-H58NV20I-80-I"},{"r":"140","t":"14:39:15","h":"Est","s":"25S-H58S000I-80-I"},{"r":"140","t":"14:39:15","h":"Est","s":"25S-H58S100F-80-F1"},{"r":"140","t":"14:39:15","h":"Est","s":"25S-H58S200F-80-F2"},{"r":"140","t":"14:44:54","h":"Est","s":"25N-H58N000A-80-A"},{"r":"140","t":"14:44:54","h":"Est","s":"25N-H58NV10A-80-A"},{"r":"140","t":"14:44:54","h":"Est","s":"25N-H58NV20A-80-A"},{"r":"140","t":"14:44:54","h":"Est","s":"25S-H58S000A-80-A"},{"r":"140","t":"14:52:54","h":"Est","s":"25N-H58N000S-80-S"},{"r":"140","t":"14:52:54","h":"Est","s":"25N-H58NV10S-80-S"},{"r":"140","t":"14:52:54","h":"Est","s":"25N-H58NV20S-80-S"},{"r":"140","t":"14:52:54","h":"Est","s":"25S-H58S000S-80-S"},{"r":"140","t":"15:08:54","h":"Est","s":"25N-H58N000A-80-A"},{"r":"140","t":"15:08:54","h":"Est","s":"25N-H58NV10A-80-A"},{"r":"140","t":"15:08:54","h":"Est","s":"25N-H58NV20A-80-A"},{"r":"140","t":"15:08:54","h":"Est","s":"25S-H58S000A-80-A"},{"r":"140","t":"15:09:15","h":"Est","s":"25N-H58N000I-80-I"},{"r":"140","t":"15:09:15","h":"Est","s":"25N-H58N100F-80-F1"},{"r":"140","t":"15:09:15","h":"Est","s":"25N-H58N200F-80-F2"},{"r":"140","t":"15:09:15","h":"Est","s":"25N-H58N300F-80-F3"},{"r":"140","t":"15:09:15","h":"Est","s":"25N-H58N400F-80-F4"},{"r":"140","t":"15:09:15","h":"Est","s":"25N-H58NV10I-80-I"},{"r":"140","t":"15:09:15","h":"Est","s":"25N-H58NV20I-80-I"},{"r":"140","t":"15:09:15","h":"Est","s":"25S-H58S000I-80-I"},{"r":"140","t":"15:09:15","h":"Est","s":"25S-H58S100F-80-F1"},{"r":"140","t":"15:09:15","h":"Est","s":"25S-H58S200F-80-F2"},{"r":"140","t":"15:21:13","h":"Est","s":"25N-H58N000S-80-S"},{"r":"140","t":"15:21:13","h":"Est","s":"25N-H58NV10S-80-S"},{"r":"140","t":"15:21:13","h":"Est","s":"25N-H58NV20S-80-S"},{"r":"140","t":"15:21:13","h":"Est","s":"25S-H58S000S-80-S"},{"r":"140","t":"15:32:54","h":"Est","s":"25N-H58N000A-80-A"},{"r":"140","t":"15:32:54","h":"Est","s":"25N-H58NV10A-80-A"},{"r":"140","t":"15:32:54","h":"Est","s":"25N-H58NV20A-80-A"},{"r":"140","t":"15:32:54","h":"Est","s":"25S-H58S000A-80-A"},{"r":"140","t":"15:39:15","h":"Est","s":"25N-H58N000I-80-I"},{"r":"140","t":"15:39:15","h":"Est","s":"25N-H58N100F-80-F1"},{"r":"140","t":"15:39:15","h":"Est","s":"25N-H58N200F-80-F2"},{"r":"140","t":"15:39:15","h":"Est","s":"25N-H58N300F-80-F3"},{"r":"140","t":"15:39:15","h":"Est","s":"25N-H58N400F-80-F4"},{"r":"140","t":"15:39:15","h":"Est","s":"25N-H58NV10I-80-I"},{"r":"140","t":"15:39:15","h":"Est","s":"25N-H58NV20I-80-I"},{"r":"140","t":"15:39:15","h":"Est","s":"25S-H58S000I-80-I"},{"r":"140","t":"15:39:15","h":"Est","s":"25S-H58S100F-80-F1"},{"r":"140","t":"15:39:15","h":"Est","s":"25S-H58S200F-80-F2"},{"r":"140","t":"15:46:13","h":"Est","s":"25N-H58N000S-80-S"},{"r":"140","t":"15:46:13","h":"Est","s":"25N-H58NV10S-80-S"},{"r":"140","t":"15:46:13","h":"Est","s":"25N-H58NV20S-80-S"},{"r":"140","t":"15:46:13","h":"Est","s":"25S-H58S000S-80-S"},{"r":"140","t":"15:56:54","h":"Est","s":"25N-H58N000A-80-A"},{"r":"140","t":"15:56:54","h":"Est","s":"25N-H58NV10A-80-A"},{"r":"140","t":"15:56:54","h":"Est","s":"25N-H58NV20A-80-A"},{"r":"140","t":"15:56:54","h":"Est","s":"25S-H58S000A-80-A"},{"r":"140","t":"16:06:13","h":"Est","s":"25N-H58N000S-80-S"},{"r":"140","t":"16:06:13","h":"Est","s":"25N-H58NV10S-80-S"},{"r":"140","t":"16:06:13","h":"Est","s":"25N-H58NV20S-80-S"},{"r":"140","t":"16:06:13","h":"Est","s":"25S-H58S000S-80-S"},{"r":"140","t":"16:09:15","h":"Est","s":"25N-H58N000I-80-I"},{"r":"140","t":"16:09:15","h":"Est","s":"25N-H58N100F-80-F1"},{"r":"140","t":"16:09:15","h":"Est","s":"25N-H58N200F-80-F2"},{"r":"140","t":"16:09:15","h":"Est","s":"25N-H58N300F-80-F3"},{"r":"140","t":"16:09:15","h":"Est","s":"25N-H58N400F-80-F4"},{"r":"140","t":"16:09:15","h":"Est","s":"25N-H58NV10I-80-I"},{"r":"140","t":"16:09:15","h":"Est","s":"25N-H58NV20I-80-I"},{"r":"140","t":"16:09:15","h":"Est","s":"25S-H58S000I-80-I"},{"r":"140","t":"16:09:15","h":"Est","s":"25S-H58S100F-80-F1"},{"r":"140","t":"16:09:15","h":"Est","s":"25S-H58S200F-80-F2"},{"r":"140","t":"16:16:54","h":"Est","s":"25N-H58N000A-80-A"},{"r":"140","t":"16:16:54","h":"Est","s":"25N-H58NV10A-80-A"},{"r":"140","t":"16:16:54","h":"Est","s":"25N-H58NV20A-80-A"},{"r":"140","t":"16:16:54","h":"Est","s":"25S-H58S000A-80-A"},{"r":"140","t":"16:24:13","h":"Est","s":"25N-H58N000S-80-S"},{"r":"140","t":"16:24:13","h":"Est","s":"25N-H58NV10S-80-S"},{"r":"140","t":"16:24:13","h":"Est","s":"25N-H58NV20S-80-S"},{"r":"140","t":"16:24:13","h":"Est","s":"25S-H58S000S-80-S"},{"r":"140","t":"16:35:15","h":"Est","s":"25N-H58N000I-80-I"},{"r":"140","t":"16:35:15","h":"Est","s":"25N-H58N100F-80-F1"},{"r":"140","t":"16:35:15","h":"Est","s":"25N-H58N200F-80-F2"},{"r":"140","t":"16:35:15","h":"Est","s":"25N-H58N300F-80-F3"},{"r":"140","t":"16:35:15","h":"Est","s":"25N-H58N400F-80-F4"},{"r":"140","t":"16:35:15","h":"Est","s":"25N-H58NV10I-80-I"},{"r":"140","t":"16:35:15","h":"Est","s":"25N-H58NV20I-80-I"},{"r":"140","t":"16:35:15","h":"Est","s":"25S-H58S000I-80-I"},{"r":"140","t":"16:35:15","h":"Est","s":"25S-H58S100F-80-F1"},{"r":"140","t":"16:35:15","h":"Est","s":"25S-H58S200F-80-F2"},{"r":"140","t":"16:36:54","h":"Est","s":"25N-H58N000A-80-A"},{"r":"140","t":"16:36:54","h":"Est","s":"25N-H58NV10A-80-A"},{"r":"140","t":"16:36:54","h":"Est","s":"25N-H58NV20A-80-A"},{"r":"140","t":"16:36:54","h":"Est","s":"25S-H58S000A-80-A"},{"r":"140","t":"16:46:13","h":"Est","s":"25N-H58N000S-80-S"},{"r":"140","t":"16:46:13","h":"Est","s":"25N-H58NV10S-80-S"},{"r":"140","t":"16:46:13","h":"Est","s":"25N-H58NV20S-80-S"},{"r":"140","t":"16:46:13","h":"Est","s":"25S-H58S000S-80-S"},{"r":"140","t":"16:56:54","h":"Est","s":"25N-H58N000A-80-A"},{"r":"140","t":"16:56:54","h":"Est","s":"25N-H58NV10A-80-A"},{"r":"140","t":"16:56:54","h":"Est","s":"25N-H58NV20A-80-A"},{"r":"140","t":"16:56:54","h":"Est","s":"25S-H58S000A-80-A"},{"r":"140","t":"17:00:15","h":"Est","s":"25N-H58N000I-80-I"},{"r":"140","t":"17:00:15","h":"Est","s":"25N-H58N100F-80-F1"},{"r":"140","t":"17:00:15","h":"Est","s":"25N-H58N200F-80-F2"},{"r":"140","t":"17:00:15","h":"Est","s":"25N-H58N300F-80-F3"},{"r":"140","t":"17:00:15","h":"Est","s":"25N-H58N400F-80-F4"},{"r":"140","t":"17:00:15","h":"Est","s":"25N-H58NV10I-80-I"},{"r":"140","t":"17:00:15","h":"Est","s":"25N-H58NV20I-80-I"},{"r":"140","t":"17:00:15","h":"Est","s":"25S-H58S000I-80-I"},{"r":"140","t":"17:00:15","h":"Est","s":"25S-H58S100F-80-F1"},{"r":"140","t":"17:00:15","h":"Est","s":"25S-H58S200F-80-F2"},{"r":"140","t":"17:03:13","h":"Est","s":"25N-H58N000S-80-S"},{"r":"140","t":"17:03:13","h":"Est","s":"25N-H58NV10S-80-S"},{"r":"140","t":"17:03:13","h":"Est","s":"25N-H58NV20S-80-S"},{"r":"140","t":"17:03:13","h":"Est","s":"25S-H58S000S-80-S"},{"r":"140","t":"17:17:54","h":"Est","s":"25N-H58N000A-80-A"},{"r":"140","t":"17:17:54","h":"Est","s":"25N-H58NV10A-80-A"},{"r":"140","t":"17:17:54","h":"Est","s":"25N-H58NV20A-80-A"},{"r":"140","t":"17:17:54","h":"Est","s":"25S-H58S000A-80-A"},{"r":"140","t":"17:20:13","h":"Est","s":"25N-H58N000S-80-S"},{"r":"140","t":"17:20:13","h":"Est","s":"25N-H58NV10S-80-S"},{"r":"140","t":"17:20:13","h":"Est","s":"25N-H58NV20S-80-S"},{"r":"140","t":"17:20:13","h":"Est","s":"25S-H58S000S-80-S"},{"r":"140","t":"17:26:15","h":"Est","s":"25N-H58N000I-80-I"},{"r":"140","t":"17:26:15","h":"Est","s":"25N-H58N100F-80-F1"},{"r":"140","t":"17:26:15","h":"Est","s":"25N-H58N200F-80-F2"},{"r":"140","t":"17:26:15","h":"Est","s":"25N-H58N300F-80-F3"},{"r":"140","t":"17:26:15","h":"Est","s":"25N-H58N400F-80-F4"},{"r":"140","t":"17:26:15","h":"Est","s":"25N-H58NV10I-80-I"},{"r":"140","t":"17:26:15","h":"Est","s":"25N-H58NV20I-80-I"},{"r":"140","t":"17:26:15","h":"Est","s":"25S-H58S000I-80-I"},{"r":"140","t":"17:26:15","h":"Est","s":"25S-H58S100F-80-F1"},{"r":"140","t":"17:26:15","h":"Est","s":"25S-H58S200F-80-F2"},{"r":"140","t":"17:38:13","h":"Est","s":"25N-H58N000S-80-S"},{"r":"140","t":"17:38:13","h":"Est","s":"25N-H58NV10S-80-S"},{"r":"140","t":"17:38:13","h":"Est","s":"25N-H58NV20S-80-S"},{"r":"140","t":"17:38:13","h":"Est","s":"25S-H58S000S-80-S"},{"r":"140","t":"17:38:54","h":"Est","s":"25N-H58N000A-80-A"},{"r":"140","t":"17:38:54","h":"Est","s":"25N-H58NV10A-80-A"},{"r":"140","t":"17:38:54","h":"Est","s":"25N-H58NV20A-80-A"},{"r":"140","t":"17:38:54","h":"Est","s":"25S-H58S000A-80-A"},{"r":"140","t":"17:54:54","h":"Est","s":"25N-H58N000S-80-S"},{"r":"140","t":"17:54:54","h":"Est","s":"25N-H58NV10S-80-S"},{"r":"140","t":"17:54:54","h":"Est","s":"25N-H58NV20S-80-S"},{"r":"140","t":"17:54:54","h":"Est","s":"25S-H58S000S-80-S"},{"r":"140","t":"17:55:15","h":"Est","s":"25N-H58N000I-80-I"},{"r":"140","t":"17:55:15","h":"Est","s":"25N-H58N100F-80-F1"},{"r":"140","t":"17:55:15","h":"Est","s":"25N-H58N200F-80-F2"},{"r":"140","t":"17:55:15","h":"Est","s":"25N-H58N300F-80-F3"},{"r":"140","t":"17:55:15","h":"Est","s":"25N-H58N400F-80-F4"},{"r":"140","t":"17:55:15","h":"Est","s":"25N-H58NV10I-80-I"},{"r":"140","t":"17:55:15","h":"Est","s":"25N-H58NV20I-80-I"},{"r":"140","t":"17:55:15","h":"Est","s":"25S-H58S000I-80-I"},{"r":"140","t":"17:55:15","h":"Est","s":"25S-H58S100F-80-F1"},{"r":"140","t":"17:55:15","h":"Est","s":"25S-H58S200F-80-F2"},{"r":"140","t":"18:03:54","h":"Est","s":"25N-H58N000A-80-A"},{"r":"140","t":"18:03:54","h":"Est","s":"25N-H58NV10A-80-A"},{"r":"140","t":"18:03:54","h":"Est","s":"25N-H58NV20A-80-A"},{"r":"140","t":"18:03:54","h":"Est","s":"25S-H58S000A-80-A"},{"r":"140","t":"18:15:54","h":"Est","s":"25N-H58N000S-80-S"},{"r":"140","t":"18:15:54","h":"Est","s":"25N-H58NV10S-80-S"},{"r":"140","t":"18:15:54","h":"Est","s":"25N-H58NV20S-80-S"},{"r":"140","t":"18:15:54","h":"Est","s":"25S-H58S000S-80-S"},{"r":"140","t":"18:25:15","h":"Est","s":"25N-H58N000I-80-I"},{"r":"140","t":"18:25:15","h":"Est","s":"25N-H58N100F-80-F1"},{"r":"140","t":"18:25:15","h":"Est","s":"25N-H58N200F-80-F2"},{"r":"140","t":"18:25:15","h":"Est","s":"25N-H58N300F-80-F3"},{"r":"140","t":"18:25:15","h":"Est","s":"25N-H58N400F-80-F4"},{"r":"140","t":"18:25:15","h":"Est","s":"25N-H58NV10I-80-I"},{"r":"140","t":"18:25:15","h":"Est","s":"25N-H58NV20I-80-I"},{"r":"140","t":"18:25:15","h":"Est","s":"25S-H58S000I-80-I"},{"r":"140","t":"18:25:15","h":"Est","s":"25S-H58S100F-80-F1"},{"r":"140","t":"18:25:15","h":"Est","s":"25S-H58S200F-80-F2"},{"r":"140","t":"18:33:54","h":"Est","s":"25N-H58N000A-80-A"},{"r":"140","t":"18:33:54","h":"Est","s":"25N-H58NV10A-80-A"},{"r":"140","t":"18:33:54","h":"Est","s":"25N-H58NV20A-80-A"},{"r":"140","t":"18:33:54","h":"Est","s":"25S-H58S000A-80-A"},{"r":"140","t":"18:41:54","h":"Est","s":"25N-H58N000S-80-S"},{"r":"140","t":"18:41:54","h":"Est","s":"25N-H58NV10S-80-S"},{"r":"140","t":"18:41:54","h":"Est","s":"25N-H58NV20S-80-S"},{"r":"140","t":"18:41:54","h":"Est","s":"25S-H58S000S-80-S"},{"r":"140","t":"18:54:15","h":"Est","s":"25N-H58N000I-80-I"},{"r":"140","t":"18:54:15","h":"Est","s":"25N-H58N100F-80-F1"},{"r":"140","t":"18:54:15","h":"Est","s":"25N-H58N200F-80-F2"},{"r":"140","t":"18:54:15","h":"Est","s":"25N-H58N300F-80-F3"},{"r":"140","t":"18:54:15","h":"Est","s":"25N-H58N400F-80-F4"},{"r":"140","t":"18:54:15","h":"Est","s":"25N-H58NV10I-80-I"},{"r":"140","t":"18:54:15","h":"Est","s":"25N-H58NV20I-80-I"},{"r":"140","t":"18:54:15","h":"Est","s":"25S-H58S000I-80-I"},{"r":"140","t":"18:54:15","h":"Est","s":"25S-H58S100F-80-F1"},{"r":"140","t":"18:54:15","h":"Est","s":"25S-H58S200F-80-F2"},{"r":"140","t":"19:02:35","h":"Est","s":"25N-H58N000A-80-A"},{"r":"140","t":"19:02:35","h":"Est","s":"25N-H58NV10A-80-A"},{"r":"140","t":"19:02:35","h":"Est","s":"25N-H58NV20A-80-A"},{"r":"140","t":"19:02:35","h":"Est","s":"25S-H58S000A-80-A"},{"r":"140","t":"19:07:15","h":"Est","s":"25N-H58N000S-80-S"},{"r":"140","t":"19:07:15","h":"Est","s":"25N-H58NV10S-80-S"},{"r":"140","t":"19:07:15","h":"Est","s":"25N-H58NV20S-80-S"},{"r":"140","t":"19:07:15","h":"Est","s":"25S-H58S000S-80-S"},{"r":"140","t":"19:25:15","h":"Est","s":"25N-H58N000I-80-I"},{"r":"140","t":"19:25:15","h":"Est","s":"25N-H58N100F-80-F1"},{"r":"140","t":"19:25:15","h":"Est","s":"25N-H58N200F-80-F2"},{"r":"140","t":"19:25:15","h":"Est","s":"25N-H58N300F-80-F3"},{"r":"140","t":"19:25:15","h":"Est","s":"25N-H58N400F-80-F4"},{"r":"140","t":"19:25:15","h":"Est","s":"25N-H58NV10I-80-I"},{"r":"140","t":"19:25:15","h":"Est","s":"25N-H58NV20I-80-I"},{"r":"140","t":"19:25:15","h":"Est","s":"25S-H58S000I-80-I"},{"r":"140","t":"19:25:15","h":"Est","s":"25S-H58S100F-80-F1"},{"r":"140","t":"19:25:15","h":"Est","s":"25S-H58S200F-80-F2"},{"r":"140","t":"19:32:35","h":"Est","s":"25N-H58N000A-80-A"},{"r":"140","t":"19:32:35","h":"Est","s":"25N-H58NV10A-80-A"},{"r":"140","t":"19:32:35","h":"Est","s":"25N-H58NV20A-80-A"},{"r":"140","t":"19:32:35","h":"Est","s":"25S-H58S000A-80-A"},{"r":"140","t":"19:37:15","h":"Est","s":"25N-H58N000S-80-S"},{"r":"140","t":"19:37:15","h":"Est","s":"25N-H58NV10S-80-S"},{"r":"140","t":"19:37:15","h":"Est","s":"25N-H58NV20S-80-S"},{"r":"140","t":"19:37:15","h":"Est","s":"25S-H58S000S-80-S"},{"r":"140","t":"19:54:15","h":"Est","s":"25N-H58N000I-80-I"},{"r":"140","t":"19:54:15","h":"Est","s":"25N-H58N100F-80-F1"},{"r":"140","t":"19:54:15","h":"Est","s":"25N-H58N200F-80-F2"},{"r":"140","t":"19:54:15","h":"Est","s":"25N-H58N300F-80-F3"},{"r":"140","t":"19:54:15","h":"Est","s":"25N-H58N400F-80-F4"},{"r":"140","t":"19:54:15","h":"Est","s":"25N-H58NV10I-80-I"},{"r":"140","t":"19:54:15","h":"Est","s":"25N-H58NV20I-80-I"},{"r":"140","t":"19:54:15","h":"Est","s":"25S-H58S000I-80-I"},{"r":"140","t":"19:54:15","h":"Est","s":"25S-H58S100F-80-F1"},{"r":"140","t":"19:54:15","h":"Est","s":"25S-H58S200F-80-F2"},{"r":"140","t":"20:02:35","h":"Est","s":"25N-H58N000A-80-A"},{"r":"140","t":"20:02:35","h":"Est","s":"25N-H58NV10A-80-A"},{"r":"140","t":"20:02:35","h":"Est","s":"25N-H58NV20A-80-A"},{"r":"140","t":"20:02:35","h":"Est","s":"25S-H58S000A-80-A"},{"r":"140","t":"20:06:15","h":"Est","s":"25N-H58N000S-80-S"},{"r":"140","t":"20:06:15","h":"Est","s":"25N-H58NV10S-80-S"},{"r":"140","t":"20:06:15","h":"Est","s":"25N-H58NV20S-80-S"},{"r":"140","t":"20:06:15","h":"Est","s":"25S-H58S000S-80-S"},{"r":"140","t":"20:23:15","h":"Est","s":"25N-H58N000I-80-I"},{"r":"140","t":"20:23:15","h":"Est","s":"25N-H58N100F-80-F1"},{"r":"140","t":"20:23:15","h":"Est","s":"25N-H58N200F-80-F2"},{"r":"140","t":"20:23:15","h":"Est","s":"25N-H58N300F-80-F3"},{"r":"140","t":"20:23:15","h":"Est","s":"25N-H58N400F-80-F4"},{"r":"140","t":"20:23:15","h":"Est","s":"25N-H58NV10I-80-I"},{"r":"140","t":"20:23:15","h":"Est","s":"25N-H58NV20I-80-I"},{"r":"140","t":"20:23:15","h":"Est","s":"25S-H58S000I-80-I"},{"r":"140","t":"20:23:15","h":"Est","s":"25S-H58S100F-80-F1"},{"r":"140","t":"20:23:15","h":"Est","s":"25S-H58S200F-80-F2"},{"r":"140","t":"20:35:15","h":"Est","s":"25N-H58N000S-80-S"},{"r":"140","t":"20:35:15","h":"Est","s":"25N-H58NV10S-80-S"},{"r":"140","t":"20:35:15","h":"Est","s":"25N-H58NV20S-80-S"},{"r":"140","t":"20:35:15","h":"Est","s":"25S-H58S000S-80-S"},{"r":"140","t":"20:38:35","h":"Est","s":"25N-H58N000A-80-A"},{"r":"140","t":"20:38:35","h":"Est","s":"25N-H58NV10A-80-A"},{"r":"140","t":"20:38:35","h":"Est","s":"25N-H58NV20A-80-A"},{"r":"140","t":"20:38:35","h":"Est","s":"25S-H58S000A-80-A"},{"r":"140","t":"20:52:35","h":"Est","s":"25N-H58N000I-80-I"},{"r":"140","t":"20:52:35","h":"Est","s":"25N-H58N100F-80-F1"},{"r":"140","t":"20:52:35","h":"Est","s":"25N-H58N200F-80-F2"},{"r":"140","t":"20:52:35","h":"Est","s":"25N-H58N300F-80-F3"},{"r":"140","t":"20:52:35","h":"Est","s":"25N-H58N400F-80-F4"},{"r":"140","t":"20:52:35","h":"Est","s":"25N-H58NV10I-80-I"},{"r":"140","t":"20:52:35","h":"Est","s":"25N-H58NV20I-80-I"},{"r":"140","t":"20:52:35","h":"Est","s":"25S-H58S000I-80-I"},{"r":"140","t":"20:52:35","h":"Est","s":"25S-H58S100F-80-F1"},{"r":"140","t":"20:52:35","h":"Est","s":"25S-H58S200F-80-F2"},{"r":"140","t":"21:05:15","h":"Est","s":"25N-H58N000S-80-S"},{"r":"140","t":"21:05:15","h":"Est","s":"25N-H58NV10S-80-S"},{"r":"140","t":"21:05:15","h":"Est","s":"25N-H58NV20S-80-S"},{"r":"140","t":"21:05:15","h":"Est","s":"25S-H58S000S-80-S"},{"r":"140","t":"21:14:35","h":"Est","s":"25N-H58N000A-80-A"},{"r":"140","t":"21:14:35","h":"Est","s":"25N-H58NV10A-80-A"},{"r":"140","t":"21:14:35","h":"Est","s":"25N-H58NV20A-80-A"},{"r":"140","t":"21:14:35","h":"Est","s":"25S-H58S000A-80-A"},{"r":"140","t":"21:23:35","h":"Est","s":"25N-H58N000I-80-I"},{"r":"140","t":"21:23:35","h":"Est","s":"25N-H58N100F-80-F1"},{"r":"140","t":"21:23:35","h":"Est","s":"25N-H58N200F-80-F2"},{"r":"140","t":"21:23:35","h":"Est","s":"25N-H58N300F-80-F3"},{"r":"140","t":"21:23:35","h":"Est","s":"25N-H58N400F-80-F4"},{"r":"140","t":"21:23:35","h":"Est","s":"25N-H58NV10I-80-I"},{"r":"140","t":"21:23:35","h":"Est","s":"25N-H58NV20I-80-I"},{"r":"140","t":"21:23:35","h":"Est","s":"25S-H58S000I-80-I"},{"r":"140","t":"21:23:35","h":"Est","s":"25S-H58S100F-80-F1"},{"r":"140","t":"21:23:35","h":"Est","s":"25S-H58S200F-80-F2"},{"r":"140","t":"21:35:15","h":"Est","s":"25N-H58N000S-80-S"},{"r":"140","t":"21:35:15","h":"Est","s":"25N-H58NV10S-80-S"},{"r":"140","t":"21:35:15","h":"Est","s":"25N-H58NV20S-80-S"},{"r":"140","t":"21:35:15","h":"Est","s":"25S-H58S000S-80-S"},{"r":"140","t":"21:49:35","h":"Est","s":"25N-H58N000A-80-A"},{"r":"140","t":"21:49:35","h":"Est","s":"25N-H58NV10A-80-A"},{"r":"140","t":"21:49:35","h":"Est","s":"25N-H58NV20A-80-A"},{"r":"140","t":"21:49:35","h":"Est","s":"25S-H58S000A-80-A"},{"r":"140","t":"21:56:35","h":"Est","s":"25N-H58N000I-80-I"},{"r":"140","t":"21:56:35","h":"Est","s":"25N-H58N100F-80-F1"},{"r":"140","t":"21:56:35","h":"Est","s":"25N-H58N200F-80-F2"},{"r":"140","t":"21:56:35","h":"Est","s":"25N-H58N300F-80-F3"},{"r":"140","t":"21:56:35","h":"Est","s":"25N-H58N400F-80-F4"},{"r":"140","t":"21:56:35","h":"Est","s":"25N-H58NV10I-80-I"},{"r":"140","t":"21:56:35","h":"Est","s":"25N-H58NV20I-80-I"},{"r":"140","t":"21:56:35","h":"Est","s":"25S-H58S000I-80-I"},{"r":"140","t":"21:56:35","h":"Est","s":"25S-H58S100F-80-F1"},{"r":"140","t":"21:56:35","h":"Est","s":"25S-H58S200F-80-F2"},{"r":"140","t":"22:06:15","h":"Est","s":"25N-H58N000S-80-S"},{"r":"140","t":"22:06:15","h":"Est","s":"25N-H58NV10S-80-S"},{"r":"140","t":"22:06:15","h":"Est","s":"25N-H58NV20S-80-S"},{"r":"140","t":"22:06:15","h":"Est","s":"25S-H58S000S-80-S"},{"r":"140","t":"22:24:35","h":"Est","s":"25N-H58N000A-80-A"},{"r":"140","t":"22:24:35","h":"Est","s":"25N-H58NV10A-80-A"},{"r":"140","t":"22:24:35","h":"Est","s":"25N-H58NV20A-80-A"},{"r":"140","t":"22:24:35","h":"Est","s":"25S-H58S000A-80-A"},{"r":"140","t":"22:29:35","h":"Est","s":"25N-H58N000I-80-I"},{"r":"140","t":"22:29:35","h":"Est","s":"25N-H58N100F-80-F1"},{"r":"140","t":"22:29:35","h":"Est","s":"25N-H58N200F-80-F2"},{"r":"140","t":"22:29:35","h":"Est","s":"25N-H58N300F-80-F3"},{"r":"140","t":"22:29:35","h":"Est","s":"25N-H58N400F-80-F4"},{"r":"140","t":"22:29:35","h":"Est","s":"25N-H58NV10I-80-I"},{"r":"140","t":"22:29:35","h":"Est","s":"25N-H58NV20I-80-I"},{"r":"140","t":"22:29:35","h":"Est","s":"25S-H58S000I-80-I"},{"r":"140","t":"22:29:35","h":"Est","s":"25S-H58S100F-80-F1"},{"r":"140","t":"22:29:35","h":"Est","s":"25S-H58S200F-80-F2"},{"r":"140","t":"22:40:15","h":"Est","s":"25N-H58N000S-80-S"},{"r":"140","t":"22:40:15","h":"Est","s":"25N-H58NV10S-80-S"},{"r":"140","t":"22:40:15","h":"Est","s":"25N-H58NV20S-80-S"},{"r":"140","t":"22:40:15","h":"Est","s":"25S-H58S000S-80-S"},{"r":"140","t":"22:58:35","h":"Est","s":"25N-H58N000A-80-A"},{"r":"140","t":"22:58:35","h":"Est","s":"25N-H58NV10A-80-A"},{"r":"140","t":"22:58:35","h":"Est","s":"25N-H58NV20A-80-A"},{"r":"140","t":"22:58:35","h":"Est","s":"25S-H58S000A-80-A"},{"r":"140","t":"23:01:35","h":"Est","s":"25N-H58N000I-80-I"},{"r":"140","t":"23:01:35","h":"Est","s":"25N-H58N100F-80-F1"},{"r":"140","t":"23:01:35","h":"Est","s":"25N-H58N200F-80-F2"},{"r":"140","t":"23:01:35","h":"Est","s":"25N-H58N300F-80-F3"},{"r":"140","t":"23:01:35","h":"Est","s":"25N-H58N400F-80-F4"},{"r":"140","t":"23:01:35","h":"Est","s":"25N-H58NV10I-80-I"},{"r":"140","t":"23:01:35","h":"Est","s":"25N-H58NV20I-80-I"},{"r":"140","t":"23:01:35","h":"Est","s":"25S-H58S000I-80-I"},{"r":"140","t":"23:01:35","h":"Est","s":"25S-H58S100F-80-F1"},{"r":"140","t":"23:01:35","h":"Est","s":"25S-H58S200F-80-F2"},{"r":"140","t":"23:14:15","h":"Est","s":"25N-H58N000S-80-S"},{"r":"140","t":"23:14:15","h":"Est","s":"25N-H58NV10S-80-S"},{"r":"140","t":"23:14:15","h":"Est","s":"25N-H58NV20S-80-S"},{"r":"140","t":"23:14:15","h":"Est","s":"25S-H58S000S-80-S"},{"r":"140","t":"23:31:35","h":"Est","s":"25N-H58N000A-80-A"},{"r":"140","t":"23:31:35","h":"Est","s":"25N-H58NV10A-80-A"},{"r":"140","t":"23:31:35","h":"Est","s":"25N-H58NV20A-80-A"},{"r":"140","t":"23:31:35","h":"Est","s":"25S-H58S000A-80-A"},{"r":"140","t":"23:33:35","h":"Est","s":"25N-H58N000I-80-I"},{"r":"140","t":"23:33:35","h":"Est","s":"25N-H58N100F-80-F1"},{"r":"140","t":"23:33:35","h":"Est","s":"25N-H58N200F-80-F2"},{"r":"140","t":"23:33:35","h":"Est","s":"25N-H58N300F-80-F3"},{"r":"140","t":"23:33:35","h":"Est","s":"25N-H58N400F-80-F4"},{"r":"140","t":"23:33:35","h":"Est","s":"25N-H58NV10I-80-I"},{"r":"140","t":"23:33:35","h":"Est","s":"25N-H58NV20I-80-I"},{"r":"140","t":"23:33:35","h":"Est","s":"25S-H58S000I-80-I"},{"r":"140","t":"23:33:35","h":"Est","s":"25S-H58S100F-80-F1"},{"r":"140","t":"23:33:35","h":"Est","s":"25S-H58S200F-80-F2"},{"r":"140","t":"23:51:15","h":"Est","s":"25N-H58N000S-80-S"},{"r":"140","t":"23:51:15","h":"Est","s":"25N-H58NV10S-80-S"},{"r":"140","t":"23:51:15","h":"Est","s":"25N-H58NV20S-80-S"},{"r":"140","t":"23:51:15","h":"Est","s":"25S-H58S000S-80-S"},{"r":"140","t":"24:04:35","h":"Est","s":"25N-H58N000I-80-I"},{"r":"140","t":"24:04:35","h":"Est","s":"25N-H58N100F-80-F1"},{"r":"140","t":"24:04:35","h":"Est","s":"25N-H58N200F-80-F2"},{"r":"140","t":"24:04:35","h":"Est","s":"25N-H58N300F-80-F3"},{"r":"140","t":"24:04:35","h":"Est","s":"25N-H58N400F-80-F4"},{"r":"140","t":"24:04:35","h":"Est","s":"25N-H58NV10I-80-I"},{"r":"140","t":"24:04:35","h":"Est","s":"25N-H58NV20I-80-I"},{"r":"140","t":"24:04:35","h":"Est","s":"25S-H58S000I-80-I"},{"r":"140","t":"24:04:35","h":"Est","s":"25S-H58S100F-80-F1"},{"r":"140","t":"24:04:35","h":"Est","s":"25S-H58S200F-80-F2"},{"r":"140","t":"24:05:35","h":"Est","s":"25N-H58N000A-80-A"},{"r":"140","t":"24:05:35","h":"Est","s":"25N-H58NV10A-80-A"},{"r":"140","t":"24:05:35","h":"Est","s":"25N-H58NV20A-80-A"},{"r":"140","t":"24:05:35","h":"Est","s":"25S-H58S000A-80-A"},{"r":"140","t":"24:28:15","h":"Est","s":"25N-H58N000S-80-S"},{"r":"140","t":"24:28:15","h":"Est","s":"25N-H58NV10S-80-S"},{"r":"140","t":"24:28:15","h":"Est","s":"25N-H58NV20S-80-S"},{"r":"140","t":"24:28:15","h":"Est","s":"25S-H58S000S-80-S"},{"r":"140","t":"24:34:35","h":"Est","s":"25N-H58N000I-80-I"},{"r":"140","t":"24:34:35","h":"Est","s":"25N-H58N100F-80-F1"},{"r":"140","t":"24:34:35","h":"Est","s":"25N-H58N200F-80-F2"},{"r":"140","t":"24:34:35","h":"Est","s":"25N-H58N300F-80-F3"},{"r":"140","t":"24:34:35","h":"Est","s":"25N-H58N400F-80-F4"},{"r":"140","t":"24:34:35","h":"Est","s":"25N-H58NV10I-80-I"},{"r":"140","t":"24:34:35","h":"Est","s":"25N-H58NV20I-80-I"},{"r":"140","t":"24:34:35","h":"Est","s":"25S-H58S000I-80-I"},{"r":"140","t":"24:34:35","h":"Est","s":"25S-H58S100F-80-F1"},{"r":"140","t":"24:34:35","h":"Est","s":"25S-H58S200F-80-F2"},{"r":"140","t":"24:38:35","h":"Est","s":"25N-H58N000A-80-A"},{"r":"140","t":"24:38:35","h":"Est","s":"25N-H58NV10A-80-A"},{"r":"140","t":"24:38:35","h":"Est","s":"25N-H58NV20A-80-A"},{"r":"140","t":"24:38:35","h":"Est","s":"25S-H58S000A-80-A"},{"r":"140","t":"25:05:15","h":"Est","s":"25N-H58N000S-80-S"},{"r":"140","t":"25:05:15","h":"Est","s":"25N-H58NV10S-80-S"},{"r":"140","t":"25:05:15","h":"Est","s":"25N-H58NV20S-80-S"},{"r":"140","t":"25:05:15","h":"Est","s":"25S-H58S000S-80-S"},{"r":"140","t":"25:06:35","h":"Est","s":"25N-H58N000I-80-I"},{"r":"140","t":"25:06:35","h":"Est","s":"25N-H58N100F-80-F1"},{"r":"140","t":"25:06:35","h":"Est","s":"25N-H58N200F-80-F2"},{"r":"140","t":"25:06:35","h":"Est","s":"25N-H58N300F-80-F3"},{"r":"140","t":"25:06:35","h":"Est","s":"25N-H58N400F-80-F4"},{"r":"140","t":"25:06:35","h":"Est","s":"25N-H58NV10I-80-I"},{"r":"140","t":"25:06:35","h":"Est","s":"25N-H58NV20I-80-I"},{"r":"140","t":"25:06:35","h":"Est","s":"25S-H58S000I-80-I"},{"r":"140","t":"25:06:35","h":"Est","s":"25S-H58S100F-80-F1"},{"r":"140","t":"25:06:35","h":"Est","s":"25S-H58S200F-80-F2"},{"r":"140","t":"25:10:35","h":"Est","s":"25N-H58N000A-80-A"},{"r":"140","t":"25:10:35","h":"Est","s":"25N-H58NV10A-80-A"},{"r":"140","t":"25:10:35","h":"Est","s":"25N-H58NV20A-80-A"},{"r":"140","t":"25:10:35","h":"Est","s":"25S-H58S000A-80-A"},{"r":"140","t":"25:35:15","h":"Est","s":"25N-H58N000S-80-S"},{"r":"140","t":"25:35:15","h":"Est","s":"25N-H58NV10S-80-S"},{"r":"140","t":"25:35:15","h":"Est","s":"25N-H58NV20S-80-S"},{"r":"140","t":"25:35:15","h":"Est","s":"25S-H58S000S-80-S"},{"r":"140","t":"25:36:35","h":"Est","s":"25N-H58N000I-80-I"},{"r":"140","t":"25:36:35","h":"Est","s":"25N-H58N100F-80-F1"},{"r":"140","t":"25:36:35","h":"Est","s":"25N-H58N200F-80-F2"},{"r":"140","t":"25:36:35","h":"Est","s":"25N-H58N300F-80-F3"},{"r":"140","t":"25:36:35","h":"Est","s":"25N-H58N400F-80-F4"},{"r":"140","t":"25:36:35","h":"Est","s":"25N-H58NV10I-80-I"},{"r":"140","t":"25:36:35","h":"Est","s":"25N-H58NV20I-80-I"},{"r":"140","t":"25:36:35","h":"Est","s":"25S-H58S000I-80-I"},{"r":"140","t":"25:36:35","h":"Est","s":"25S-H58S100F-80-F1"},{"r":"140","t":"25:36:35","h":"Est","s":"25S-H58S200F-80-F2"},{"r":"140","t":"25:38:56","h":"Est","s":"25N-H58N000A-80-A"},{"r":"140","t":"25:38:56","h":"Est","s":"25N-H58NV10A-80-A"},{"r":"140","t":"25:38:56","h":"Est","s":"25N-H58NV20A-80-A"},{"r":"140","t":"25:38:56","h":"Est","s":"25S-H58S000A-80-A"},{"r":"140","t":"26:07:56","h":"Est","s":"25N-H58N000A-80-A"},{"r":"140","t":"26:07:56","h":"Est","s":"25N-H58NV10A-80-A"},{"r":"140","t":"26:07:56","h":"Est","s":"25N-H58NV20A-80-A"},{"r":"140","t":"26:07:56","h":"Est","s":"25S-H58S000A-80-A"}]