[{"r":"69","t":"05:25:17","h":"Est","s":"25N-H58N000S-80-S"},{"r":"69","t":"05:25:17","h":"Est","s":"25N-H58NV10S-80-S"},{"r":"69","t":"05:25:17","h":"Est","s":"25N-H58NV20S-80-S"},{"r":"69","t":"05:25:17","h":"Est","s":"25S-H58S000S-80-S"},{"r":"69","t":"05:34:17","h":"Est","s":"25N-H58N000I-80-I"},{"r":"69","t":"05:34:17","h":"Est","s":"25N-H58N100F-80-F1"},{"r":"69","t":"05:34:17","h":"Est","s":"25N-H58N200F-80-F2"},{"r":"69","t":"05:34:17","h":"Est","s":"25N-H58N300F-80-F3"},{"r":"69","t":"05:34:17","h":"Est","s":"25N-H58N400F-80-F4"},{"r":"69","t":"05:34:17","h":"Est","s":"25N-H58NV10I-80-I"},{"r":"69","t":"05:34:17","h":"Est","s":"25N-H58NV20I-80-I"},{"r":"69","t":"05:34:17","h":"Est","s":"25S-H58S000I-80-I"},{"r":"69","t":"05:34:17","h":"Est","s":"25S-H58S100F-80-F1"},{"r":"69","t":"05:34:17","h":"Est","s":"25S-H58S200F-80-F2"},{"r":"69","t":"05:37:17","h":"Est","s":"25N-H58N000A-80-A"},{"r":"69","t":"05:37:17","h":"Est","s":"25N-H58NV10A-80-A"},{"r":"69","t":"05:37:17","h":"Est","s":"25N-H58NV20A-80-A"},{"r":"69","t":"05:37:17","h":"Est","s":"25S-H58S000A-80-A"},{"r":"69","t":"05:54:10","h":"Est","s":"25N-H58N000S-80-S"},{"r":"69","t":"05:54:10","h":"Est","s":"25N-H58NV10S-80-S"},{"r":"69","t":"05:54:10","h":"Est","s":"25N-H58NV20S-80-S"},{"r":"69","t":"05:54:10","h":"Est","s":"25S-H58S000S-80-S"},{"r":"69","t":"06:06:17","h":"Est","s":"25N-H58N000I-80-I"},{"r":"69","t":"06:06:17","h":"Est","s":"25N-H58N100F-80-F1"},{"r":"69","t":"06:06:17","h":"Est","s":"25N-H58N200F-80-F2"},{"r":"69","t":"06:06:17","h":"Est","s":"25N-H58N300F-80-F3"},{"r":"69","t":"06:06:17","h":"Est","s":"25N-H58N400F-80-F4"},{"r":"69","t":"06:06:17","h":"Est","s":"25N-H58NV10I-80-I"},{"r":"69","t":"06:06:17","h":"Est","s":"25N-H58NV20I-80-I"},{"r":"69","t":"06:06:17","h":"Est","s":"25S-H58S000I-80-I"},{"r":"69","t":"06:06:17","h":"Est","s":"25S-H58S100F-80-F1"},{"r":"69","t":"06:06:17","h":"Est","s":"25S-H58S200F-80-F2"},{"r":"69","t":"06:10:17","h":"Est","s":"25N-H58N000A-80-A"},{"r":"69","t":"06:10:17","h":"Est","s":"25N-H58NV10A-80-A"},{"r":"69","t":"06:10:17","h":"Est","s":"25N-H58NV20A-80-A"},{"r":"69","t":"06:10:17","h":"Est","s":"25S-H58S000A-80-A"},{"r":"69","t":"06:24:10","h":"Est","s":"25N-H58N000S-80-S"},{"r":"69","t":"06:24:10","h":"Est","s":"25N-H58NV10S-80-S"},{"r":"69","t":"06:24:10","h":"Est","s":"25N-H58NV20S-80-S"},{"r":"69","t":"06:24:10","h":"Est","s":"25S-H58S000S-80-S"},{"r":"69","t":"06:40:17","h":"Est","s":"25N-H58N000I-80-I"},{"r":"69","t":"06:40:17","h":"Est","s":"25N-H58N100F-80-F1"},{"r":"69","t":"06:40:17","h":"Est","s":"25N-H58N200F-80-F2"},{"r":"69","t":"06:40:17","h":"Est","s":"25N-H58N300F-80-F3"},{"r":"69","t":"06:40:17","h":"Est","s":"25N-H58N400F-80-F4"},{"r":"69","t":"06:40:17","h":"Est","s":"25N-H58NV10I-80-I"},{"r":"69","t":"06:40:17","h":"Est","s":"25N-H58NV20I-80-I"},{"r":"69","t":"06:40:17","h":"Est","s":"25S-H58S000I-80-I"},{"r":"69","t":"06:40:17","h":"Est","s":"25S-H58S100F-80-F1"},{"r":"69","t":"06:40:17","h":"Est","s":"25S-H58S200F-80-F2"},{"r":"69","t":"06:42:17","h":"Est","s":"25N-H58N000A-80-A"},{"r":"69","t":"06:42:17","h":"Est","s":"25N-H58NV10A-80-A"},{"r":"69","t":"06:42:17","h":"Est","s":"25N-H58NV20A-80-A"},{"r":"69","t":"06:42:17","h":"Est","s":"25S-H58S000A-80-A"},{"r":"69","t":"06:48:56","h":"Est","s":"25N-H58N000S-80-S"},{"r":"69","t":"06:48:56","h":"Est","s":"25N-H58NV10S-80-S"},{"r":"69","t":"06:48:56","h":"Est","s":"25N-H58NV20S-80-S"},{"r":"69","t":"06:48:56","h":"Est","s":"25S-H58S000S-80-S"},{"r":"69","t":"07:07:49","h":"Est","s":"25N-H58N000S-80-S"},{"r":"69","t":"07:07:49","h":"Est","s":"25N-H58NV10S-80-S"},{"r":"69","t":"07:07:49","h":"Est","s":"25N-H58NV20S-80-S"},{"r":"69","t":"07:07:49","h":"Est","s":"25S-H58S000S-80-S"},{"r":"69","t":"07:12:10","h":"Est","s":"25N-H58N000I-80-I"},{"r":"69","t":"07:12:10","h":"Est","s":"25N-H58N100F-80-F1"},{"r":"69","t":"07:12:10","h":"Est","s":"25N-H58N200F-80-F2"},{"r":"69","t":"07:12:10","h":"Est","s":"25N-H58N300F-80-F3"},{"r":"69","t":"07:12:10","h":"Est","s":"25N-H58N400F-80-F4"},{"r":"69","t":"07:12:10","h":"Est","s":"25N-H58NV10I-80-I"},{"r":"69","t":"07:12:10","h":"Est","s":"25N-H58NV20I-80-I"},{"r":"69","t":"07:12:10","h":"Est","s":"25S-H58S000I-80-I"},{"r":"69","t":"07:12:10","h":"Est","s":"25S-H58S100F-80-F1"},{"r":"69","t":"07:12:10","h":"Est","s":"25S-H58S200F-80-F2"},{"r":"69","t":"07:14:10","h":"Est","s":"25N-H58N000A-80-A"},{"r":"69","t":"07:14:10","h":"Est","s":"25N-H58NV10A-80-A"},{"r":"69","t":"07:14:10","h":"Est","s":"25N-H58NV20A-80-A"},{"r":"69","t":"07:14:10","h":"Est","s":"25S-H58S000A-80-A"},{"r":"69","t":"07:23:49","h":"Est","s":"25N-H58N000S-80-S"},{"r":"69","t":"07:23:49","h":"Est","s":"25N-H58NV10S-80-S"},{"r":"69","t":"07:23:49","h":"Est","s":"25N-H58NV20S-80-S"},{"r":"69","t":"07:23:49","h":"Est","s":"25S-H58S000S-80-S"},{"r":"69","t":"07:33:49","h":"Est","s":"25N-H58N000S-80-S"},{"r":"69","t":"07:33:49","h":"Est","s":"25N-H58NV10S-80-S"},{"r":"69","t":"07:33:49","h":"Est","s":"25N-H58NV20S-80-S"},{"r":"69","t":"07:33:49","h":"Est","s":"25S-H58S000S-80-S"},{"r":"69","t":"07:44:10","h":"Est","s":"25N-H58N000A-80-A"},{"r":"69","t":"07:44:10","h":"Est","s":"25N-H58N000I-80-I"},{"r":"69","t":"07:44:10","h":"Est","s":"25N-H58N100F-80-F1"},{"r":"69","t":"07:44:10","h":"Est","s":"25N-H58N200F-80-F2"},{"r":"69","t":"07:44:10","h":"Est","s":"25N-H58N300F-80-F3"},{"r":"69","t":"07:44:10","h":"Est","s":"25N-H58N400F-80-F4"},{"r":"69","t":"07:44:10","h":"Est","s":"25N-H58NV10A-80-A"},{"r":"69","t":"07:44:10","h":"Est","s":"25N-H58NV10I-80-I"},{"r":"69","t":"07:44:10","h":"Est","s":"25N-H58NV20A-80-A"},{"r":"69","t":"07:44:10","h":"Est","s":"25N-H58NV20I-80-I"},{"r":"69","t":"07:44:10","h":"Est","s":"25S-H58S000A-80-A"},{"r":"69","t":"07:44:10","h":"Est","s":"25S-H58S000I-80-I"},{"r":"69","t":"07:44:10","h":"Est","s":"25S-H58S100F-80-F1"},{"r":"69","t":"07:44:10","h":"Est","s":"25S-H58S200F-80-F2"},{"r":"69","t":"07:44:49","h":"Est","s":"25N-H58N000S-80-S"},{"r":"69","t":"07:44:49","h":"Est","s":"25N-H58NV10S-80-S"},{"r":"69","t":"07:44:49","h":"Est","s":"25N-H58NV20S-80-S"},{"r":"69","t":"07:44:49","h":"Est","s":"25S-H58S000S-80-S"},{"r":"69","t":"07:53:49","h":"Est","s":"25N-H58N000S-80-S"},{"r":"69","t":"07:53:49","h":"Est","s":"25N-H58NV10S-80-S"},{"r":"69","t":"07:53:49","h":"Est","s":"25N-H58NV20S-80-S"},{"r":"69","t":"07:53:49","h":"Est","s":"25S-H58S000S-80-S"},{"r":"69","t":"08:02:49","h":"Est","s":"25N-H58N000S-80-S"},{"r":"69","t":"08:02:49","h":"Est","s":"25N-H58NV10S-80-S"},{"r":"69","t":"08:02:49","h":"Est","s":"25N-H58NV20S-80-S"},{"r":"69","t":"08:02:49","h":"Est","s":"25S-H58S000S-80-S"},{"r":"69","t":"08:10:49","h":"Est","s":"25N-H58N000S-80-S"},{"r":"69","t":"08:10:49","h":"Est","s":"25N-H58NV10S-80-S"},{"r":"69","t":"08:10:49","h":"Est","s":"25N-H58NV20S-80-S"},{"r":"69","t":"08:10:49","h":"Est","s":"25S-H58S000S-80-S"},{"r":"69","t":"08:14:03","h":"Est","s":"25N-H58N000A-80-A"},{"r":"69","t":"08:14:03","h":"Est","s":"25N-H58NV10A-80-A"},{"r":"69","t":"08:14:03","h":"Est","s":"25N-H58NV20A-80-A"},{"r":"69","t":"08:14:03","h":"Est","s":"25S-H58S000A-80-A"},{"r":"69","t":"08:16:10","h":"Est","s":"25N-H58N000I-80-I"},{"r":"69","t":"08:16:10","h":"Est","s":"25N-H58N100F-80-F1"},{"r":"69","t":"08:16:10","h":"Est","s":"25N-H58N200F-80-F2"},{"r":"69","t":"08:16:10","h":"Est","s":"25N-H58N300F-80-F3"},{"r":"69","t":"08:16:10","h":"Est","s":"25N-H58N400F-80-F4"},{"r":"69","t":"08:16:10","h":"Est","s":"25N-H58NV10I-80-I"},{"r":"69","t":"08:16:10","h":"Est","s":"25N-H58NV20I-80-I"},{"r":"69","t":"08:16:10","h":"Est","s":"25S-H58S000I-80-I"},{"r":"69","t":"08:16:10","h":"Est","s":"25S-H58S100F-80-F1"},{"r":"69","t":"08:16:10","h":"Est","s":"25S-H58S200F-80-F2"},{"r":"69","t":"08:18:49","h":"Est","s":"25N-H58N000S-80-S"},{"r":"69","t":"08:18:49","h":"Est","s":"25N-H58NV10S-80-S"},{"r":"69","t":"08:18:49","h":"Est","s":"25N-H58NV20S-80-S"},{"r":"69","t":"08:18:49","h":"Est","s":"25S-H58S000S-80-S"},{"r":"69","t":"08:27:49","h":"Est","s":"25N-H58N000S-80-S"},{"r":"69","t":"08:27:49","h":"Est","s":"25N-H58NV10S-80-S"},{"r":"69","t":"08:27:49","h":"Est","s":"25N-H58NV20S-80-S"},{"r":"69","t":"08:27:49","h":"Est","s":"25S-H58S000S-80-S"},{"r":"69","t":"08:34:56","h":"Est","s":"25N-H58N000S-80-S"},{"r":"69","t":"08:34:56","h":"Est","s":"25N-H58NV10S-80-S"},{"r":"69","t":"08:34:56","h":"Est","s":"25N-H58NV20S-80-S"},{"r":"69","t":"08:34:56","h":"Est","s":"25S-H58S000S-80-S"},{"r":"69","t":"08:42:03","h":"Est","s":"25N-H58N000S-80-S"},{"r":"69","t":"08:42:03","h":"Est","s":"25N-H58NV10S-80-S"},{"r":"69","t":"08:42:03","h":"Est","s":"25N-H58NV20S-80-S"},{"r":"69","t":"08:42:03","h":"Est","s":"25S-H58S000S-80-S"},{"r":"69","t":"08:44:03","h":"Est","s":"25N-H58N000A-80-A"},{"r":"69","t":"08:44:03","h":"Est","s":"25N-H58NV10A-80-A"},{"r":"69","t":"08:44:03","h":"Est","s":"25N-H58NV20A-80-A"},{"r":"69","t":"08:44:03","h":"Est","s":"25S-H58S000A-80-A"},{"r":"69","t":"08:46:10","h":"Est","s":"25N-H58N000I-80-I"},{"r":"69","t":"08:46:10","h":"Est","s":"25N-H58N100F-80-F1"},{"r":"69","t":"08:46:10","h":"Est","s":"25N-H58N200F-80-F2"},{"r":"69","t":"08:46:10","h":"Est","s":"25N-H58N300F-80-F3"},{"r":"69","t":"08:46:10","h":"Est","s":"25N-H58N400F-80-F4"},{"r":"69","t":"08:46:10","h":"Est","s":"25N-H58NV10I-80-I"},{"r":"69","t":"08:46:10","h":"Est","s":"25N-H58NV20I-80-I"},{"r":"69","t":"08:46:10","h":"Est","s":"25S-H58S000I-80-I"},{"r":"69","t":"08:46:10","h":"Est","s":"25S-H58S100F-80-F1"},{"r":"69","t":"08:46:10","h":"Est","s":"25S-H58S200F-80-F2"},{"r":"69","t":"08:55:03","h":"Est","s":"25N-H58N000S-80-S"},{"r":"69","t":"08:55:03","h":"Est","s":"25N-H58NV10S-80-S"},{"r":"69","t":"08:55:03","h":"Est","s":"25N-H58NV20S-80-S"},{"r":"69","t":"08:55:03","h":"Est","s":"25S-H58S000S-80-S"},{"r":"69","t":"09:06:03","h":"Est","s":"25N-H58N000S-80-S"},{"r":"69","t":"09:06:03","h":"Est","s":"25N-H58NV10S-80-S"},{"r":"69","t":"09:06:03","h":"Est","s":"25N-H58NV20S-80-S"},{"r":"69","t":"09:06:03","h":"Est","s":"25S-H58S000S-80-S"},{"r":"69","t":"09:14:03","h":"Est","s":"25N-H58N000A-80-A"},{"r":"69","t":"09:14:03","h":"Est","s":"25N-H58N000S-80-S"},{"r":"69","t":"09:14:03","h":"Est","s":"25N-H58NV10A-80-A"},{"r":"69","t":"09:14:03","h":"Est","s":"25N-H58NV10S-80-S"},{"r":"69","t":"09:14:03","h":"Est","s":"25N-H58NV20A-80-A"},{"r":"69","t":"09:14:03","h":"Est","s":"25N-H58NV20S-80-S"},{"r":"69","t":"09:14:03","h":"Est","s":"25S-H58S000A-80-A"},{"r":"69","t":"09:14:03","h":"Est","s":"25S-H58S000S-80-S"},{"r":"69","t":"09:16:10","h":"Est","s":"25N-H58N000I-80-I"},{"r":"69","t":"09:16:10","h":"Est","s":"25N-H58N100F-80-F1"},{"r":"69","t":"09:16:10","h":"Est","s":"25N-H58N200F-80-F2"},{"r":"69","t":"09:16:10","h":"Est","s":"25N-H58N300F-80-F3"},{"r":"69","t":"09:16:10","h":"Est","s":"25N-H58N400F-80-F4"},{"r":"69","t":"09:16:10","h":"Est","s":"25N-H58NV10I-80-I"},{"r":"69","t":"09:16:10","h":"Est","s":"25N-H58NV20I-80-I"},{"r":"69","t":"09:16:10","h":"Est","s":"25S-H58S000I-80-I"},{"r":"69","t":"09:16:10","h":"Est","s":"25S-H58S100F-80-F1"},{"r":"69","t":"09:16:10","h":"Est","s":"25S-H58S200F-80-F2"},{"r":"69","t":"09:27:03","h":"Est","s":"25N-H58N000S-80-S"},{"r":"69","t":"09:27:03","h":"Est","s":"25N-H58NV10S-80-S"},{"r":"69","t":"09:27:03","h":"Est","s":"25N-H58NV20S-80-S"},{"r":"69","t":"09:27:03","h":"Est","s":"25S-H58S000S-80-S"},{"r":"69","t":"09:43:10","h":"Est","s":"25N-H58N000I-80-I"},{"r":"69","t":"09:43:10","h":"Est","s":"25N-H58N100F-80-F1"},{"r":"69","t":"09:43:10","h":"Est","s":"25N-H58N200F-80-F2"},{"r":"69","t":"09:43:10","h":"Est","s":"25N-H58N300F-80-F3"},{"r":"69","t":"09:43:10","h":"Est","s":"25N-H58N400F-80-F4"},{"r":"69","t":"09:43:10","h":"Est","s":"25N-H58NV10I-80-I"},{"r":"69","t":"09:43:10","h":"Est","s":"25N-H58NV20I-80-I"},{"r":"69","t":"09:43:10","h":"Est","s":"25S-H58S000I-80-I"},{"r":"69","t":"09:43:10","h":"Est","s":"25S-H58S100F-80-F1"},{"r":"69","t":"09:43:10","h":"Est","s":"25S-H58S200F-80-F2"},{"r":"69","t":"09:47:03","h":"Est","s":"25N-H58N000A-80-A"},{"r":"69","t":"09:47:03","h":"Est","s":"25N-H58NV10A-80-A"},{"r":"69","t":"09:47:03","h":"Est","s":"25N-H58NV20A-80-A"},{"r":"69","t":"09:47:03","h":"Est","s":"25S-H58S000A-80-A"},{"r":"69","t":"09:52:03","h":"Est","s":"25N-H58N000S-80-S"},{"r":"69","t":"09:52:03","h":"Est","s":"25N-H58NV10S-80-S"},{"r":"69","t":"09:52:03","h":"Est","s":"25N-H58NV20S-80-S"},{"r":"69","t":"09:52:03","h":"Est","s":"25S-H58S000S-80-S"},{"r":"69","t":"10:09:03","h":"Est","s":"25N-H58N000I-80-I"},{"r":"69","t":"10:09:03","h":"Est","s":"25N-H58N100F-80-F1"},{"r":"69","t":"10:09:03","h":"Est","s":"25N-H58N200F-80-F2"},{"r":"69","t":"10:09:03","h":"Est","s":"25N-H58N300F-80-F3"},{"r":"69","t":"10:09:03","h":"Est","s":"25N-H58N400F-80-F4"},{"r":"69","t":"10:09:03","h":"Est","s":"25N-H58NV10I-80-I"},{"r":"69","t":"10:09:03","h":"Est","s":"25N-H58NV20I-80-I"},{"r":"69","t":"10:09:03","h":"Est","s":"25S-H58S000I-80-I"},{"r":"69","t":"10:09:03","h":"Est","s":"25S-H58S100F-80-F1"},{"r":"69","t":"10:09:03","h":"Est","s":"25S-H58S200F-80-F2"},{"r":"69","t":"10:17:03","h":"Est","s":"25N-H58N000A-80-A"},{"r":"69","t":"10:17:03","h":"Est","s":"25N-H58N000S-80-S"},{"r":"69","t":"10:17:03","h":"Est","s":"25N-H58NV10A-80-A"},{"r":"69","t":"10:17:03","h":"Est","s":"25N-H58NV10S-80-S"},{"r":"69","t":"10:17:03","h":"Est","s":"25N-H58NV20A-80-A"},{"r":"69","t":"10:17:03","h":"Est","s":"25N-H58NV20S-80-S"},{"r":"69","t":"10:17:03","h":"Est","s":"25S-H58S000A-80-A"},{"r":"69","t":"10:17:03","h":"Est","s":"25S-H58S000S-80-S"},{"r":"69","t":"10:34:03","h":"Est","s":"25N-H58N000I-80-I"},{"r":"69","t":"10:34:03","h":"Est","s":"25N-H58N100F-80-F1"},{"r":"69","t":"10:34:03","h":"Est","s":"25N-H58N200F-80-F2"},{"r":"69","t":"10:34:03","h":"Est","s":"25N-H58N300F-80-F3"},{"r":"69","t":"10:34:03","h":"Est","s":"25N-H58N400F-80-F4"},{"r":"69","t":"10:34:03","h":"Est","s":"25N-H58NV10I-80-I"},{"r":"69","t":"10:34:03","h":"Est","s":"25N-H58NV20I-80-I"},{"r":"69","t":"10:34:03","h":"Est","s":"25S-H58S000I-80-I"},{"r":"69","t":"10:34:03","h":"Est","s":"25S-H58S100F-80-F1"},{"r":"69","t":"10:34:03","h":"Est","s":"25S-H58S200F-80-F2"},{"r":"69","t":"10:42:03","h":"Est","s":"25N-H58N000S-80-S"},{"r":"69","t":"10:42:03","h":"Est","s":"25N-H58NV10S-80-S"},{"r":"69","t":"10:42:03","h":"Est","s":"25N-H58NV20S-80-S"},{"r":"69","t":"10:42:03","h":"Est","s":"25S-H58S000S-80-S"},{"r":"69","t":"10:47:03","h":"Est","s":"25N-H58N000A-80-A"},{"r":"69","t":"10:47:03","h":"Est","s":"25N-H58NV10A-80-A"},{"r":"69","t":"10:47:03","h":"Est","s":"25N-H58NV20A-80-A"},{"r":"69","t":"10:47:03","h":"Est","s":"25S-H58S000A-80-A"},{"r":"69","t":"11:01:03","h":"Est","s":"25N-H58N000I-80-I"},{"r":"69","t":"11:01:03","h":"Est","s":"25N-H58N100F-80-F1"},{"r":"69","t":"11:01:03","h":"Est","s":"25N-H58N200F-80-F2"},{"r":"69","t":"11:01:03","h":"Est","s":"25N-H58N300F-80-F3"},{"r":"69","t":"11:01:03","h":"Est","s":"25N-H58N400F-80-F4"},{"r":"69","t":"11:01:03","h":"Est","s":"25N-H58NV10I-80-I"},{"r":"69","t":"11:01:03","h":"Est","s":"25N-H58NV20I-80-I"},{"r":"69","t":"11:01:03","h":"Est","s":"25S-H58S000I-80-I"},{"r":"69","t":"11:01:03","h":"Est","s":"25S-H58S100F-80-F1"},{"r":"69","t":"11:01:03","h":"Est","s":"25S-H58S200F-80-F2"},{"r":"69","t":"11:08:56","h":"Est","s":"25N-H58N000S-80-S"},{"r":"69","t":"11:08:56","h":"Est","s":"25N-H58NV10S-80-S"},{"r":"69","t":"11:08:56","h":"Est","s":"25N-H58NV20S-80-S"},{"r":"69","t":"11:08:56","h":"Est","s":"25S-H58S000S-80-S"},{"r":"69","t":"11:12:03","h":"Est","s":"25N-H58N000A-80-A"},{"r":"69","t":"11:12:03","h":"Est","s":"25N-H58NV10A-80-A"},{"r":"69","t":"11:12:03","h":"Est","s":"25N-H58NV20A-80-A"},{"r":"69","t":"11:12:03","h":"Est","s":"25S-H58S000A-80-A"},{"r":"69","t":"11:32:03","h":"Est","s":"25N-H58N000A-80-A"},{"r":"69","t":"11:32:03","h":"Est","s":"25N-H58N000I-80-I"},{"r":"69","t":"11:32:03","h":"Est","s":"25N-H58N100F-80-F1"},{"r":"69","t":"11:32:03","h":"Est","s":"25N-H58N200F-80-F2"},{"r":"69","t":"11:32:03","h":"Est","s":"25N-H58N300F-80-F3"},{"r":"69","t":"11:32:03","h":"Est","s":"25N-H58N400F-80-F4"},{"r":"69","t":"11:32:03","h":"Est","s":"25N-H58NV10A-80-A"},{"r":"69","t":"11:32:03","h":"Est","s":"25N-H58NV10I-80-I"},{"r":"69","t":"11:32:03","h":"Est","s":"25N-H58NV20A-80-A"},{"r":"69","t":"11:32:03","h":"Est","s":"25N-H58NV20I-80-I"},{"r":"69","t":"11:32:03","h":"Est","s":"25S-H58S000A-80-A"},{"r":"69","t":"11:32:03","h":"Est","s":"25S-H58S000I-80-I"},{"r":"69","t":"11:32:03","h":"Est","s":"25S-H58S100F-80-F1"},{"r":"69","t":"11:32:03","h":"Est","s":"25S-H58S200F-80-F2"},{"r":"69","t":"11:34:56","h":"Est","s":"25N-H58N000S-80-S"},{"r":"69","t":"11:34:56","h":"Est","s":"25N-H58NV10S-80-S"},{"r":"69","t":"11:34:56","h":"Est","s":"25N-H58NV20S-80-S"},{"r":"69","t":"11:34:56","h":"Est","s":"25S-H58S000S-80-S"},{"r":"69","t":"11:52:03","h":"Est","s":"25N-H58N000A-80-A"},{"r":"69","t":"11:52:03","h":"Est","s":"25N-H58NV10A-80-A"},{"r":"69","t":"11:52:03","h":"Est","s":"25N-H58NV20A-80-A"},{"r":"69","t":"11:52:03","h":"Est","s":"25S-H58S000A-80-A"},{"r":"69","t":"11:58:56","h":"Est","s":"25N-H58N000S-80-S"},{"r":"69","t":"11:58:56","h":"Est","s":"25N-H58NV10S-80-S"},{"r":"69","t":"11:58:56","h":"Est","s":"25N-H58NV20S-80-S"},{"r":"69","t":"11:58:56","h":"Est","s":"25S-H58S000S-80-S"},{"r":"69","t":"12:02:03","h":"Est","s":"25N-H58N000I-80-I"},{"r":"69","t":"12:02:03","h":"Est","s":"25N-H58N100F-80-F1"},{"r":"69","t":"12:02:03","h":"Est","s":"25N-H58N200F-80-F2"},{"r":"69","t":"12:02:03","h":"Est","s":"25N-H58N300F-80-F3"},{"r":"69","t":"12:02:03","h":"Est","s":"25N-H58N400F-80-F4"},{"r":"69","t":"12:02:03","h":"Est","s":"25N-H58NV10I-80-I"},{"r":"69","t":"12:02:03","h":"Est","s":"25N-H58NV20I-80-I"},{"r":"69","t":"12:02:03","h":"Est","s":"25S-H58S000I-80-I"},{"r":"69","t":"12:02:03","h":"Est","s":"25S-H58S100F-80-F1"},{"r":"69","t":"12:02:03","h":"Est","s":"25S-H58S200F-80-F2"},{"r":"69","t":"12:12:03","h":"Est","s":"25N-H58N000A-80-A"},{"r":"69","t":"12:12:03","h":"Est","s":"25N-H58NV10A-80-A"},{"r":"69","t":"12:12:03","h":"Est","s":"25N-H58NV20A-80-A"},{"r":"69","t":"12:12:03","h":"Est","s":"25S-H58S000A-80-A"},{"r":"69","t":"12:19:56","h":"Est","s":"25N-H58N000S-80-S"},{"r":"69","t":"12:19:56","h":"Est","s":"25N-H58NV10S-80-S"},{"r":"69","t":"12:19:56","h":"Est","s":"25N-H58NV20S-80-S"},{"r":"69","t":"12:19:56","h":"Est","s":"25S-H58S000S-80-S"},{"r":"69","t":"12:32:03","h":"Est","s":"25N-H58N000A-80-A"},{"r":"69","t":"12:32:03","h":"Est","s":"25N-H58N000I-80-I"},{"r":"69","t":"12:32:03","h":"Est","s":"25N-H58N100F-80-F1"},{"r":"69","t":"12:32:03","h":"Est","s":"25N-H58N200F-80-F2"},{"r":"69","t":"12:32:03","h":"Est","s":"25N-H58N300F-80-F3"},{"r":"69","t":"12:32:03","h":"Est","s":"25N-H58N400F-80-F4"},{"r":"69","t":"12:32:03","h":"Est","s":"25N-H58NV10A-80-A"},{"r":"69","t":"12:32:03","h":"Est","s":"25N-H58NV10I-80-I"},{"r":"69","t":"12:32:03","h":"Est","s":"25N-H58NV20A-80-A"},{"r":"69","t":"12:32:03","h":"Est","s":"25N-H58NV20I-80-I"},{"r":"69","t":"12:32:03","h":"Est","s":"25S-H58S000A-80-A"},{"r":"69","t":"12:32:03","h":"Est","s":"25S-H58S000I-80-I"},{"r":"69","t":"12:32:03","h":"Est","s":"25S-H58S100F-80-F1"},{"r":"69","t":"12:32:03","h":"Est","s":"25S-H58S200F-80-F2"},{"r":"69","t":"12:39:56","h":"Est","s":"25N-H58N000S-80-S"},{"r":"69","t":"12:39:56","h":"Est","s":"25N-H58NV10S-80-S"},{"r":"69","t":"12:39:56","h":"Est","s":"25N-H58NV20S-80-S"},{"r":"69","t":"12:39:56","h":"Est","s":"25S-H58S000S-80-S"},{"r":"69","t":"12:52:03","h":"Est","s":"25N-H58N000A-80-A"},{"r":"69","t":"12:52:03","h":"Est","s":"25N-H58NV10A-80-A"},{"r":"69","t":"12:52:03","h":"Est","s":"25N-H58NV20A-80-A"},{"r":"69","t":"12:52:03","h":"Est","s":"25S-H58S000A-80-A"},{"r":"69","t":"12:59:56","h":"Est","s":"25N-H58N000S-80-S"},{"r":"69","t":"12:59:56","h":"Est","s":"25N-H58NV10S-80-S"},{"r":"69","t":"12:59:56","h":"Est","s":"25N-H58NV20S-80-S"},{"r":"69","t":"12:59:56","h":"Est","s":"25S-H58S000S-80-S"},{"r":"69","t":"13:02:03","h":"Est","s":"25N-H58N000I-80-I"},{"r":"69","t":"13:02:03","h":"Est","s":"25N-H58N100F-80-F1"},{"r":"69","t":"13:02:03","h":"Est","s":"25N-H58N200F-80-F2"},{"r":"69","t":"13:02:03","h":"Est","s":"25N-H58N300F-80-F3"},{"r":"69","t":"13:02:03","h":"Est","s":"25N-H58N400F-80-F4"},{"r":"69","t":"13:02:03","h":"Est","s":"25N-H58NV10I-80-I"},{"r":"69","t":"13:02:03","h":"Est","s":"25N-H58NV20I-80-I"},{"r":"69","t":"13:02:03","h":"Est","s":"25S-H58S000I-80-I"},{"r":"69","t":"13:02:03","h":"Est","s":"25S-H58S100F-80-F1"},{"r":"69","t":"13:02:03","h":"Est","s":"25S-H58S200F-80-F2"},{"r":"69","t":"13:12:03","h":"Est","s":"25N-H58N000A-80-A"},{"r":"69","t":"13:12:03","h":"Est","s":"25N-H58NV10A-80-A"},{"r":"69","t":"13:12:03","h":"Est","s":"25N-H58NV20A-80-A"},{"r":"69","t":"13:12:03","h":"Est","s":"25S-H58S000A-80-A"},{"r":"69","t":"13:19:56","h":"Est","s":"25N-H58N000S-80-S"},{"r":"69","t":"13:19:56","h":"Est","s":"25N-H58NV10S-80-S"},{"r":"69","t":"13:19:56","h":"Est","s":"25N-H58NV20S-80-S"},{"r":"69","t":"13:19:56","h":"Est","s":"25S-H58S000S-80-S"},{"r":"69","t":"13:32:03","h":"Est","s":"25N-H58N000A-80-A"},{"r":"69","t":"13:32:03","h":"Est","s":"25N-H58N000I-80-I"},{"r":"69","t":"13:32:03","h":"Est","s":"25N-H58N100F-80-F1"},{"r":"69","t":"13:32:03","h":"Est","s":"25N-H58N200F-80-F2"},{"r":"69","t":"13:32:03","h":"Est","s":"25N-H58N300F-80-F3"},{"r":"69","t":"13:32:03","h":"Est","s":"25N-H58N400F-80-F4"},{"r":"69","t":"13:32:03","h":"Est","s":"25N-H58NV10A-80-A"},{"r":"69","t":"13:32:03","h":"Est","s":"25N-H58NV10I-80-I"},{"r":"69","t":"13:32:03","h":"Est","s":"25N-H58NV20A-80-A"},{"r":"69","t":"13:32:03","h":"Est","s":"25N-H58NV20I-80-I"},{"r":"69","t":"13:32:03","h":"Est","s":"25S-H58S000A-80-A"},{"r":"69","t":"13:32:03","h":"Est","s":"25S-H58S000I-80-I"},{"r":"69","t":"13:32:03","h":"Est","s":"25S-H58S100F-80-F1"},{"r":"69","t":"13:32:03","h":"Est","s":"25S-H58S200F-80-F2"},{"r":"69","t":"13:39:56","h":"Est","s":"25N-H58N000S-80-S"},{"r":"69","t":"13:39:56","h":"Est","s":"25N-H58NV10S-80-S"},{"r":"69","t":"13:39:56","h":"Est","s":"25N-H58NV20S-80-S"},{"r":"69","t":"13:39:56","h":"Est","s":"25S-H58S000S-80-S"},{"r":"69","t":"13:52:03","h":"Est","s":"25N-H58N000A-80-A"},{"r":"69","t":"13:52:03","h":"Est","s":"25N-H58N000I-80-I"},{"r":"69","t":"13:52:03","h":"Est","s":"25N-H58N100F-80-F1"},{"r":"69","t":"13:52:03","h":"Est","s":"25N-H58N200F-80-F2"},{"r":"69","t":"13:52:03","h":"Est","s":"25N-H58N300F-80-F3"},{"r":"69","t":"13:52:03","h":"Est","s":"25N-H58N400F-80-F4"},{"r":"69","t":"13:52:03","h":"Est","s":"25N-H58NV10A-80-A"},{"r":"69","t":"13:52:03","h":"Est","s":"25N-H58NV10I-80-I"},{"r":"69","t":"13:52:03","h":"Est","s":"25N-H58NV20A-80-A"},{"r":"69","t":"13:52:03","h":"Est","s":"25N-H58NV20I-80-I"},{"r":"69","t":"13:52:03","h":"Est","s":"25S-H58S000A-80-A"},{"r":"69","t":"13:52:03","h":"Est","s":"25S-H58S000I-80-I"},{"r":"69","t":"13:52:03","h":"Est","s":"25S-H58S100F-80-F1"},{"r":"69","t":"13:52:03","h":"Est","s":"25S-H58S200F-80-F2"},{"r":"69","t":"13:57:56","h":"Est","s":"25N-H58N000S-80-S"},{"r":"69","t":"13:57:56","h":"Est","s":"25N-H58NV10S-80-S"},{"r":"69","t":"13:57:56","h":"Est","s":"25N-H58NV20S-80-S"},{"r":"69","t":"13:57:56","h":"Est","s":"25S-H58S000S-80-S"},{"r":"69","t":"14:12:03","h":"Est","s":"25N-H58N000I-80-I"},{"r":"69","t":"14:12:03","h":"Est","s":"25N-H58N100F-80-F1"},{"r":"69","t":"14:12:03","h":"Est","s":"25N-H58N200F-80-F2"},{"r":"69","t":"14:12:03","h":"Est","s":"25N-H58N300F-80-F3"},{"r":"69","t":"14:12:03","h":"Est","s":"25N-H58N400F-80-F4"},{"r":"69","t":"14:12:03","h":"Est","s":"25N-H58NV10I-80-I"},{"r":"69","t":"14:12:03","h":"Est","s":"25N-H58NV20I-80-I"},{"r":"69","t":"14:12:03","h":"Est","s":"25S-H58S000I-80-I"},{"r":"69","t":"14:12:03","h":"Est","s":"25S-H58S100F-80-F1"},{"r":"69","t":"14:12:03","h":"Est","s":"25S-H58S200F-80-F2"},{"r":"69","t":"14:13:03","h":"Est","s":"25N-H58N000A-80-A"},{"r":"69","t":"14:13:03","h":"Est","s":"25N-H58NV10A-80-A"},{"r":"69","t":"14:13:03","h":"Est","s":"25N-H58NV20A-80-A"},{"r":"69","t":"14:13:03","h":"Est","s":"25S-H58S000A-80-A"},{"r":"69","t":"14:14:56","h":"Est","s":"25N-H58N000S-80-S"},{"r":"69","t":"14:14:56","h":"Est","s":"25N-H58NV10S-80-S"},{"r":"69","t":"14:14:56","h":"Est","s":"25N-H58NV20S-80-S"},{"r":"69","t":"14:14:56","h":"Est","s":"25S-H58S000S-80-S"},{"r":"69","t":"14:31:56","h":"Est","s":"25N-H58N000S-80-S"},{"r":"69","t":"14:31:56","h":"Est","s":"25N-H58NV10S-80-S"},{"r":"69","t":"14:31:56","h":"Est","s":"25N-H58NV20S-80-S"},{"r":"69","t":"14:31:56","h":"Est","s":"25S-H58S000S-80-S"},{"r":"69","t":"14:32:03","h":"Est","s":"25N-H58N000I-80-I"},{"r":"69","t":"14:32:03","h":"Est","s":"25N-H58N100F-80-F1"},{"r":"69","t":"14:32:03","h":"Est","s":"25N-H58N200F-80-F2"},{"r":"69","t":"14:32:03","h":"Est","s":"25N-H58N300F-80-F3"},{"r":"69","t":"14:32:03","h":"Est","s":"25N-H58N400F-80-F4"},{"r":"69","t":"14:32:03","h":"Est","s":"25N-H58NV10I-80-I"},{"r":"69","t":"14:32:03","h":"Est","s":"25N-H58NV20I-80-I"},{"r":"69","t":"14:32:03","h":"Est","s":"25S-H58S000I-80-I"},{"r":"69","t":"14:32:03","h":"Est","s":"25S-H58S100F-80-F1"},{"r":"69","t":"14:32:03","h":"Est","s":"25S-H58S200F-80-F2"},{"r":"69","t":"14:33:03","h":"Est","s":"25N-H58N000A-80-A"},{"r":"69","t":"14:33:03","h":"Est","s":"25N-H58NV10A-80-A"},{"r":"69","t":"14:33:03","h":"Est","s":"25N-H58NV20A-80-A"},{"r":"69","t":"14:33:03","h":"Est","s":"25S-H58S000A-80-A"},{"r":"69","t":"14:47:56","h":"Est","s":"25N-H58N000S-80-S"},{"r":"69","t":"14:47:56","h":"Est","s":"25N-H58NV10S-80-S"},{"r":"69","t":"14:47:56","h":"Est","s":"25N-H58NV20S-80-S"},{"r":"69","t":"14:47:56","h":"Est","s":"25S-H58S000S-80-S"},{"r":"69","t":"14:52:03","h":"Est","s":"25N-H58N000I-80-I"},{"r":"69","t":"14:52:03","h":"Est","s":"25N-H58N100F-80-F1"},{"r":"69","t":"14:52:03","h":"Est","s":"25N-H58N200F-80-F2"},{"r":"69","t":"14:52:03","h":"Est","s":"25N-H58N300F-80-F3"},{"r":"69","t":"14:52:03","h":"Est","s":"25N-H58N400F-80-F4"},{"r":"69","t":"14:52:03","h":"Est","s":"25N-H58NV10I-80-I"},{"r":"69","t":"14:52:03","h":"Est","s":"25N-H58NV20I-80-I"},{"r":"69","t":"14:52:03","h":"Est","s":"25S-H58S000I-80-I"},{"r":"69","t":"14:52:03","h":"Est","s":"25S-H58S100F-80-F1"},{"r":"69","t":"14:52:03","h":"Est","s":"25S-H58S200F-80-F2"},{"r":"69","t":"14:53:03","h":"Est","s":"25N-H58N000A-80-A"},{"r":"69","t":"14:53:03","h":"Est","s":"25N-H58NV10A-80-A"},{"r":"69","t":"14:53:03","h":"Est","s":"25N-H58NV20A-80-A"},{"r":"69","t":"14:53:03","h":"Est","s":"25S-H58S000A-80-A"},{"r":"69","t":"15:05:49","h":"Est","s":"25N-H58N000S-80-S"},{"r":"69","t":"15:05:49","h":"Est","s":"25N-H58NV10S-80-S"},{"r":"69","t":"15:05:49","h":"Est","s":"25N-H58NV20S-80-S"},{"r":"69","t":"15:05:49","h":"Est","s":"25S-H58S000S-80-S"},{"r":"69","t":"15:12:03","h":"Est","s":"25N-H58N000I-80-I"},{"r":"69","t":"15:12:03","h":"Est","s":"25N-H58N100F-80-F1"},{"r":"69","t":"15:12:03","h":"Est","s":"25N-H58N200F-80-F2"},{"r":"69","t":"15:12:03","h":"Est","s":"25N-H58N300F-80-F3"},{"r":"69","t":"15:12:03","h":"Est","s":"25N-H58N400F-80-F4"},{"r":"69","t":"15:12:03","h":"Est","s":"25N-H58NV10I-80-I"},{"r":"69","t":"15:12:03","h":"Est","s":"25N-H58NV20I-80-I"},{"r":"69","t":"15:12:03","h":"Est","s":"25S-H58S000I-80-I"},{"r":"69","t":"15:12:03","h":"Est","s":"25S-H58S100F-80-F1"},{"r":"69","t":"15:12:03","h":"Est","s":"25S-H58S200F-80-F2"},{"r":"69","t":"15:13:03","h":"Est","s":"25N-H58N000A-80-A"},{"r":"69","t":"15:13:03","h":"Est","s":"25N-H58NV10A-80-A"},{"r":"69","t":"15:13:03","h":"Est","s":"25N-H58NV20A-80-A"},{"r":"69","t":"15:13:03","h":"Est","s":"25S-H58S000A-80-A"},{"r":"69","t":"15:24:49","h":"Est","s":"25N-H58N000S-80-S"},{"r":"69","t":"15:24:49","h":"Est","s":"25N-H58NV10S-80-S"},{"r":"69","t":"15:24:49","h":"Est","s":"25N-H58NV20S-80-S"},{"r":"69","t":"15:24:49","h":"Est","s":"25S-H58S000S-80-S"},{"r":"69","t":"15:32:03","h":"Est","s":"25N-H58N000I-80-I"},{"r":"69","t":"15:32:03","h":"Est","s":"25N-H58N100F-80-F1"},{"r":"69","t":"15:32:03","h":"Est","s":"25N-H58N200F-80-F2"},{"r":"69","t":"15:32:03","h":"Est","s":"25N-H58N300F-80-F3"},{"r":"69","t":"15:32:03","h":"Est","s":"25N-H58N400F-80-F4"},{"r":"69","t":"15:32:03","h":"Est","s":"25N-H58NV10I-80-I"},{"r":"69","t":"15:32:03","h":"Est","s":"25N-H58NV20I-80-I"},{"r":"69","t":"15:32:03","h":"Est","s":"25S-H58S000I-80-I"},{"r":"69","t":"15:32:03","h":"Est","s":"25S-H58S100F-80-F1"},{"r":"69","t":"15:32:03","h":"Est","s":"25S-H58S200F-80-F2"},{"r":"69","t":"15:33:03","h":"Est","s":"25N-H58N000A-80-A"},{"r":"69","t":"15:33:03","h":"Est","s":"25N-H58NV10A-80-A"},{"r":"69","t":"15:33:03","h":"Est","s":"25N-H58NV20A-80-A"},{"r":"69","t":"15:33:03","h":"Est","s":"25S-H58S000A-80-A"},{"r":"69","t":"15:39:49","h":"Est","s":"25N-H58N000S-80-S"},{"r":"69","t":"15:39:49","h":"Est","s":"25N-H58NV10S-80-S"},{"r":"69","t":"15:39:49","h":"Est","s":"25N-H58NV20S-80-S"},{"r":"69","t":"15:39:49","h":"Est","s":"25S-H58S000S-80-S"},{"r":"69","t":"15:48:03","h":"Est","s":"25N-H58N000A-80-A"},{"r":"69","t":"15:48:03","h":"Est","s":"25N-H58NV10A-80-A"},{"r":"69","t":"15:48:03","h":"Est","s":"25N-H58NV20A-80-A"},{"r":"69","t":"15:48:03","h":"Est","s":"25S-H58S000A-80-A"},{"r":"69","t":"15:51:49","h":"Est","s":"25N-H58N000S-80-S"},{"r":"69","t":"15:51:49","h":"Est","s":"25N-H58NV10S-80-S"},{"r":"69","t":"15:51:49","h":"Est","s":"25N-H58NV20S-80-S"},{"r":"69","t":"15:51:49","h":"Est","s":"25S-H58S000S-80-S"},{"r":"69","t":"15:52:03","h":"Est","s":"25N-H58N000I-80-I"},{"r":"69","t":"15:52:03","h":"Est","s":"25N-H58N100F-80-F1"},{"r":"69","t":"15:52:03","h":"Est","s":"25N-H58N200F-80-F2"},{"r":"69","t":"15:52:03","h":"Est","s":"25N-H58N300F-80-F3"},{"r":"69","t":"15:52:03","h":"Est","s":"25N-H58N400F-80-F4"},{"r":"69","t":"15:52:03","h":"Est","s":"25N-H58NV10I-80-I"},{"r":"69","t":"15:52:03","h":"Est","s":"25N-H58NV20I-80-I"},{"r":"69","t":"15:52:03","h":"Est","s":"25S-H58S000I-80-I"},{"r":"69","t":"15:52:03","h":"Est","s":"25S-H58S100F-80-F1"},{"r":"69","t":"15:52:03","h":"Est","s":"25S-H58S200F-80-F2"},{"r":"69","t":"16:01:49","h":"Est","s":"25N-H58N000S-80-S"},{"r":"69","t":"16:01:49","h":"Est","s":"25N-H58NV10S-80-S"},{"r":"69","t":"16:01:49","h":"Est","s":"25N-H58NV20S-80-S"},{"r":"69","t":"16:01:49","h":"Est","s":"25S-H58S000S-80-S"},{"r":"69","t":"16:03:03","h":"Est","s":"25N-H58N000A-80-A"},{"r":"69","t":"16:03:03","h":"Est","s":"25N-H58NV10A-80-A"},{"r":"69","t":"16:03:03","h":"Est","s":"25N-H58NV20A-80-A"},{"r":"69","t":"16:03:03","h":"Est","s":"25S-H58S000A-80-A"},{"r":"69","t":"16:12:03","h":"Est","s":"25N-H58N000I-80-I"},{"r":"69","t":"16:12:03","h":"Est","s":"25N-H58N100F-80-F1"},{"r":"69","t":"16:12:03","h":"Est","s":"25N-H58N200F-80-F2"},{"r":"69","t":"16:12:03","h":"Est","s":"25N-H58N300F-80-F3"},{"r":"69","t":"16:12:03","h":"Est","s":"25N-H58N400F-80-F4"},{"r":"69","t":"16:12:03","h":"Est","s":"25N-H58NV10I-80-I"},{"r":"69","t":"16:12:03","h":"Est","s":"25N-H58NV20I-80-I"},{"r":"69","t":"16:12:03","h":"Est","s":"25S-H58S000I-80-I"},{"r":"69","t":"16:12:03","h":"Est","s":"25S-H58S100F-80-F1"},{"r":"69","t":"16:12:03","h":"Est","s":"25S-H58S200F-80-F2"},{"r":"69","t":"16:12:49","h":"Est","s":"25N-H58N000S-80-S"},{"r":"69","t":"16:12:49","h":"Est","s":"25N-H58NV10S-80-S"},{"r":"69","t":"16:12:49","h":"Est","s":"25N-H58NV20S-80-S"},{"r":"69","t":"16:12:49","h":"Est","s":"25S-H58S000S-80-S"},{"r":"69","t":"16:18:03","h":"Est","s":"25N-H58N000A-80-A"},{"r":"69","t":"16:18:03","h":"Est","s":"25N-H58NV10A-80-A"},{"r":"69","t":"16:18:03","h":"Est","s":"25N-H58NV20A-80-A"},{"r":"69","t":"16:18:03","h":"Est","s":"25S-H58S000A-80-A"},{"r":"69","t":"16:22:49","h":"Est","s":"25N-H58N000S-80-S"},{"r":"69","t":"16:22:49","h":"Est","s":"25N-H58NV10S-80-S"},{"r":"69","t":"16:22:49","h":"Est","s":"25N-H58NV20S-80-S"},{"r":"69","t":"16:22:49","h":"Est","s":"25S-H58S000S-80-S"},{"r":"69","t":"16:31:49","h":"Est","s":"25N-H58N000S-80-S"},{"r":"69","t":"16:31:49","h":"Est","s":"25N-H58NV10S-80-S"},{"r":"69","t":"16:31:49","h":"Est","s":"25N-H58NV20S-80-S"},{"r":"69","t":"16:31:49","h":"Est","s":"25S-H58S000S-80-S"},{"r":"69","t":"16:32:03","h":"Est","s":"25N-H58N000I-80-I"},{"r":"69","t":"16:32:03","h":"Est","s":"25N-H58N100F-80-F1"},{"r":"69","t":"16:32:03","h":"Est","s":"25N-H58N200F-80-F2"},{"r":"69","t":"16:32:03","h":"Est","s":"25N-H58N300F-80-F3"},{"r":"69","t":"16:32:03","h":"Est","s":"25N-H58N400F-80-F4"},{"r":"69","t":"16:32:03","h":"Est","s":"25N-H58NV10I-80-I"},{"r":"69","t":"16:32:03","h":"Est","s":"25N-H58NV20I-80-I"},{"r":"69","t":"16:32:03","h":"Est","s":"25S-H58S000I-80-I"},{"r":"69","t":"16:32:03","h":"Est","s":"25S-H58S100F-80-F1"},{"r":"69","t":"16:32:03","h":"Est","s":"25S-H58S200F-80-F2"},{"r":"69","t":"16:33:03","h":"Est","s":"25N-H58N000A-80-A"},{"r":"69","t":"16:33:03","h":"Est","s":"25N-H58NV10A-80-A"},{"r":"69","t":"16:33:03","h":"Est","s":"25N-H58NV20A-80-A"},{"r":"69","t":"16:33:03","h":"Est","s":"25S-H58S000A-80-A"},{"r":"69","t":"16:40:49","h":"Est","s":"25N-H58N000S-80-S"},{"r":"69","t":"16:40:49","h":"Est","s":"25N-H58NV10S-80-S"},{"r":"69","t":"16:40:49","h":"Est","s":"25N-H58NV20S-80-S"},{"r":"69","t":"16:40:49","h":"Est","s":"25S-H58S000S-80-S"},{"r":"69","t":"16:50:49","h":"Est","s":"25N-H58N000S-80-S"},{"r":"69","t":"16:50:49","h":"Est","s":"25N-H58NV10S-80-S"},{"r":"69","t":"16:50:49","h":"Est","s":"25N-H58NV20S-80-S"},{"r":"69","t":"16:50:49","h":"Est","s":"25S-H58S000S-80-S"},{"r":"69","t":"16:52:03","h":"Est","s":"25N-H58N000I-80-I"},{"r":"69","t":"16:52:03","h":"Est","s":"25N-H58N100F-80-F1"},{"r":"69","t":"16:52:03","h":"Est","s":"25N-H58N200F-80-F2"},{"r":"69","t":"16:52:03","h":"Est","s":"25N-H58N300F-80-F3"},{"r":"69","t":"16:52:03","h":"Est","s":"25N-H58N400F-80-F4"},{"r":"69","t":"16:52:03","h":"Est","s":"25N-H58NV10I-80-I"},{"r":"69","t":"16:52:03","h":"Est","s":"25N-H58NV20I-80-I"},{"r":"69","t":"16:52:03","h":"Est","s":"25S-H58S000I-80-I"},{"r":"69","t":"16:52:03","h":"Est","s":"25S-H58S100F-80-F1"},{"r":"69","t":"16:52:03","h":"Est","s":"25S-H58S200F-80-F2"},{"r":"69","t":"16:53:03","h":"Est","s":"25N-H58N000A-80-A"},{"r":"69","t":"16:53:03","h":"Est","s":"25N-H58NV10A-80-A"},{"r":"69","t":"16:53:03","h":"Est","s":"25N-H58NV20A-80-A"},{"r":"69","t":"16:53:03","h":"Est","s":"25S-H58S000A-80-A"},{"r":"69","t":"17:00:49","h":"Est","s":"25N-H58N000S-80-S"},{"r":"69","t":"17:00:49","h":"Est","s":"25N-H58NV10S-80-S"},{"r":"69","t":"17:00:49","h":"Est","s":"25N-H58NV20S-80-S"},{"r":"69","t":"17:00:49","h":"Est","s":"25S-H58S000S-80-S"},{"r":"69","t":"17:11:49","h":"Est","s":"25N-H58N000S-80-S"},{"r":"69","t":"17:11:49","h":"Est","s":"25N-H58NV10S-80-S"},{"r":"69","t":"17:11:49","h":"Est","s":"25N-H58NV20S-80-S"},{"r":"69","t":"17:11:49","h":"Est","s":"25S-H58S000S-80-S"},{"r":"69","t":"17:12:03","h":"Est","s":"25N-H58N000I-80-I"},{"r":"69","t":"17:12:03","h":"Est","s":"25N-H58N100F-80-F1"},{"r":"69","t":"17:12:03","h":"Est","s":"25N-H58N200F-80-F2"},{"r":"69","t":"17:12:03","h":"Est","s":"25N-H58N300F-80-F3"},{"r":"69","t":"17:12:03","h":"Est","s":"25N-H58N400F-80-F4"},{"r":"69","t":"17:12:03","h":"Est","s":"25N-H58NV10I-80-I"},{"r":"69","t":"17:12:03","h":"Est","s":"25N-H58NV20I-80-I"},{"r":"69","t":"17:12:03","h":"Est","s":"25S-H58S000I-80-I"},{"r":"69","t":"17:12:03","h":"Est","s":"25S-H58S100F-80-F1"},{"r":"69","t":"17:12:03","h":"Est","s":"25S-H58S200F-80-F2"},{"r":"69","t":"17:13:03","h":"Est","s":"25N-H58N000A-80-A"},{"r":"69","t":"17:13:03","h":"Est","s":"25N-H58NV10A-80-A"},{"r":"69","t":"17:13:03","h":"Est","s":"25N-H58NV20A-80-A"},{"r":"69","t":"17:13:03","h":"Est","s":"25S-H58S000A-80-A"},{"r":"69","t":"17:20:49","h":"Est","s":"25N-H58N000S-80-S"},{"r":"69","t":"17:20:49","h":"Est","s":"25N-H58NV10S-80-S"},{"r":"69","t":"17:20:49","h":"Est","s":"25N-H58NV20S-80-S"},{"r":"69","t":"17:20:49","h":"Est","s":"25S-H58S000S-80-S"},{"r":"69","t":"17:30:03","h":"Est","s":"25N-H58N000I-80-I"},{"r":"69","t":"17:30:03","h":"Est","s":"25N-H58N100F-80-F1"},{"r":"69","t":"17:30:03","h":"Est","s":"25N-H58N200F-80-F2"},{"r":"69","t":"17:30:03","h":"Est","s":"25N-H58N300F-80-F3"},{"r":"69","t":"17:30:03","h":"Est","s":"25N-H58N400F-80-F4"},{"r":"69","t":"17:30:03","h":"Est","s":"25N-H58NV10I-80-I"},{"r":"69","t":"17:30:03","h":"Est","s":"25N-H58NV20I-80-I"},{"r":"69","t":"17:30:03","h":"Est","s":"25S-H58S000I-80-I"},{"r":"69","t":"17:30:03","h":"Est","s":"25S-H58S100F-80-F1"},{"r":"69","t":"17:30:03","h":"Est","s":"25S-H58S200F-80-F2"},{"r":"69","t":"17:30:49","h":"Est","s":"25N-H58N000S-80-S"},{"r":"69","t":"17:30:49","h":"Est","s":"25N-H58NV10S-80-S"},{"r":"69","t":"17:30:49","h":"Est","s":"25N-H58NV20S-80-S"},{"r":"69","t":"17:30:49","h":"Est","s":"25S-H58S000S-80-S"},{"r":"69","t":"17:31:03","h":"Est","s":"25N-H58N000A-80-A"},{"r":"69","t":"17:31:03","h":"Est","s":"25N-H58NV10A-80-A"},{"r":"69","t":"17:31:03","h":"Est","s":"25N-H58NV20A-80-A"},{"r":"69","t":"17:31:03","h":"Est","s":"25S-H58S000A-80-A"},{"r":"69","t":"17:40:49","h":"Est","s":"25N-H58N000S-80-S"},{"r":"69","t":"17:40:49","h":"Est","s":"25N-H58NV10S-80-S"},{"r":"69","t":"17:40:49","h":"Est","s":"25N-H58NV20S-80-S"},{"r":"69","t":"17:40:49","h":"Est","s":"25S-H58S000S-80-S"},{"r":"69","t":"17:50:03","h":"Est","s":"25N-H58N000A-80-A"},{"r":"69","t":"17:50:03","h":"Est","s":"25N-H58N000I-80-I"},{"r":"69","t":"17:50:03","h":"Est","s":"25N-H58N100F-80-F1"},{"r":"69","t":"17:50:03","h":"Est","s":"25N-H58N200F-80-F2"},{"r":"69","t":"17:50:03","h":"Est","s":"25N-H58N300F-80-F3"},{"r":"69","t":"17:50:03","h":"Est","s":"25N-H58N400F-80-F4"},{"r":"69","t":"17:50:03","h":"Est","s":"25N-H58NV10A-80-A"},{"r":"69","t":"17:50:03","h":"Est","s":"25N-H58NV10I-80-I"},{"r":"69","t":"17:50:03","h":"Est","s":"25N-H58NV20A-80-A"},{"r":"69","t":"17:50:03","h":"Est","s":"25N-H58NV20I-80-I"},{"r":"69","t":"17:50:03","h":"Est","s":"25S-H58S000A-80-A"},{"r":"69","t":"17:50:03","h":"Est","s":"25S-H58S000I-80-I"},{"r":"69","t":"17:50:03","h":"Est","s":"25S-H58S100F-80-F1"},{"r":"69","t":"17:50:03","h":"Est","s":"25S-H58S200F-80-F2"},{"r":"69","t":"17:50:49","h":"Est","s":"25N-H58N000S-80-S"},{"r":"69","t":"17:50:49","h":"Est","s":"25N-H58NV10S-80-S"},{"r":"69","t":"17:50:49","h":"Est","s":"25N-H58NV20S-80-S"},{"r":"69","t":"17:50:49","h":"Est","s":"25S-H58S000S-80-S"},{"r":"69","t":"18:00:49","h":"Est","s":"25N-H58N000S-80-S"},{"r":"69","t":"18:00:49","h":"Est","s":"25N-H58NV10S-80-S"},{"r":"69","t":"18:00:49","h":"Est","s":"25N-H58NV20S-80-S"},{"r":"69","t":"18:00:49","h":"Est","s":"25S-H58S000S-80-S"},{"r":"69","t":"18:09:03","h":"Est","s":"25N-H58N000A-80-A"},{"r":"69","t":"18:09:03","h":"Est","s":"25N-H58NV10A-80-A"},{"r":"69","t":"18:09:03","h":"Est","s":"25N-H58NV20A-80-A"},{"r":"69","t":"18:09:03","h":"Est","s":"25S-H58S000A-80-A"},{"r":"69","t":"18:09:56","h":"Est","s":"25N-H58N000S-80-S"},{"r":"69","t":"18:09:56","h":"Est","s":"25N-H58NV10S-80-S"},{"r":"69","t":"18:09:56","h":"Est","s":"25N-H58NV20S-80-S"},{"r":"69","t":"18:09:56","h":"Est","s":"25S-H58S000S-80-S"},{"r":"69","t":"18:10:03","h":"Est","s":"25N-H58N000I-80-I"},{"r":"69","t":"18:10:03","h":"Est","s":"25N-H58N100F-80-F1"},{"r":"69","t":"18:10:03","h":"Est","s":"25N-H58N200F-80-F2"},{"r":"69","t":"18:10:03","h":"Est","s":"25N-H58N300F-80-F3"},{"r":"69","t":"18:10:03","h":"Est","s":"25N-H58N400F-80-F4"},{"r":"69","t":"18:10:03","h":"Est","s":"25N-H58NV10I-80-I"},{"r":"69","t":"18:10:03","h":"Est","s":"25N-H58NV20I-80-I"},{"r":"69","t":"18:10:03","h":"Est","s":"25S-H58S000I-80-I"},{"r":"69","t":"18:10:03","h":"Est","s":"25S-H58S100F-80-F1"},{"r":"69","t":"18:10:03","h":"Est","s":"25S-H58S200F-80-F2"},{"r":"69","t":"18:18:56","h":"Est","s":"25N-H58N000S-80-S"},{"r":"69","t":"18:18:56","h":"Est","s":"25N-H58NV10S-80-S"},{"r":"69","t":"18:18:56","h":"Est","s":"25N-H58NV20S-80-S"},{"r":"69","t":"18:18:56","h":"Est","s":"25S-H58S000S-80-S"},{"r":"69","t":"18:26:56","h":"Est","s":"25N-H58N000S-80-S"},{"r":"69","t":"18:26:56","h":"Est","s":"25N-H58NV10S-80-S"},{"r":"69","t":"18:26:56","h":"Est","s":"25N-H58NV20S-80-S"},{"r":"69","t":"18:26:56","h":"Est","s":"25S-H58S000S-80-S"},{"r":"69","t":"18:28:03","h":"Est","s":"25N-H58N000A-80-A"},{"r":"69","t":"18:28:03","h":"Est","s":"25N-H58NV10A-80-A"},{"r":"69","t":"18:28:03","h":"Est","s":"25N-H58NV20A-80-A"},{"r":"69","t":"18:28:03","h":"Est","s":"25S-H58S000A-80-A"},{"r":"69","t":"18:31:03","h":"Est","s":"25N-H58N000I-80-I"},{"r":"69","t":"18:31:03","h":"Est","s":"25N-H58N100F-80-F1"},{"r":"69","t":"18:31:03","h":"Est","s":"25N-H58N200F-80-F2"},{"r":"69","t":"18:31:03","h":"Est","s":"25N-H58N300F-80-F3"},{"r":"69","t":"18:31:03","h":"Est","s":"25N-H58N400F-80-F4"},{"r":"69","t":"18:31:03","h":"Est","s":"25N-H58NV10I-80-I"},{"r":"69","t":"18:31:03","h":"Est","s":"25N-H58NV20I-80-I"},{"r":"69","t":"18:31:03","h":"Est","s":"25S-H58S000I-80-I"},{"r":"69","t":"18:31:03","h":"Est","s":"25S-H58S100F-80-F1"},{"r":"69","t":"18:31:03","h":"Est","s":"25S-H58S200F-80-F2"},{"r":"69","t":"18:35:03","h":"Est","s":"25N-H58N000S-80-S"},{"r":"69","t":"18:35:03","h":"Est","s":"25N-H58NV10S-80-S"},{"r":"69","t":"18:35:03","h":"Est","s":"25N-H58NV20S-80-S"},{"r":"69","t":"18:35:03","h":"Est","s":"25S-H58S000S-80-S"},{"r":"69","t":"18:44:03","h":"Est","s":"25N-H58N000S-80-S"},{"r":"69","t":"18:44:03","h":"Est","s":"25N-H58NV10S-80-S"},{"r":"69","t":"18:44:03","h":"Est","s":"25N-H58NV20S-80-S"},{"r":"69","t":"18:44:03","h":"Est","s":"25S-H58S000S-80-S"},{"r":"69","t":"18:47:03","h":"Est","s":"25N-H58N000A-80-A"},{"r":"69","t":"18:47:03","h":"Est","s":"25N-H58NV10A-80-A"},{"r":"69","t":"18:47:03","h":"Est","s":"25N-H58NV20A-80-A"},{"r":"69","t":"18:47:03","h":"Est","s":"25S-H58S000A-80-A"},{"r":"69","t":"18:51:03","h":"Est","s":"25N-H58N000I-80-I"},{"r":"69","t":"18:51:03","h":"Est","s":"25N-H58N100F-80-F1"},{"r":"69","t":"18:51:03","h":"Est","s":"25N-H58N200F-80-F2"},{"r":"69","t":"18:51:03","h":"Est","s":"25N-H58N300F-80-F3"},{"r":"69","t":"18:51:03","h":"Est","s":"25N-H58N400F-80-F4"},{"r":"69","t":"18:51:03","h":"Est","s":"25N-H58NV10I-80-I"},{"r":"69","t":"18:51:03","h":"Est","s":"25N-H58NV20I-80-I"},{"r":"69","t":"18:51:03","h":"Est","s":"25S-H58S000I-80-I"},{"r":"69","t":"18:51:03","h":"Est","s":"25S-H58S100F-80-F1"},{"r":"69","t":"18:51:03","h":"Est","s":"25S-H58S200F-80-F2"},{"r":"69","t":"18:52:03","h":"Est","s":"25N-H58N000S-80-S"},{"r":"69","t":"18:52:03","h":"Est","s":"25N-H58NV10S-80-S"},{"r":"69","t":"18:52:03","h":"Est","s":"25N-H58NV20S-80-S"},{"r":"69","t":"18:52:03","h":"Est","s":"25S-H58S000S-80-S"},{"r":"69","t":"19:03:03","h":"Est","s":"25N-H58N000S-80-S"},{"r":"69","t":"19:03:03","h":"Est","s":"25N-H58NV10S-80-S"},{"r":"69","t":"19:03:03","h":"Est","s":"25N-H58NV20S-80-S"},{"r":"69","t":"19:03:03","h":"Est","s":"25S-H58S000S-80-S"},{"r":"69","t":"19:09:03","h":"Est","s":"25N-H58N000A-80-A"},{"r":"69","t":"19:09:03","h":"Est","s":"25N-H58NV10A-80-A"},{"r":"69","t":"19:09:03","h":"Est","s":"25N-H58NV20A-80-A"},{"r":"69","t":"19:09:03","h":"Est","s":"25S-H58S000A-80-A"},{"r":"69","t":"19:11:03","h":"Est","s":"25N-H58N000I-80-I"},{"r":"69","t":"19:11:03","h":"Est","s":"25N-H58N100F-80-F1"},{"r":"69","t":"19:11:03","h":"Est","s":"25N-H58N200F-80-F2"},{"r":"69","t":"19:11:03","h":"Est","s":"25N-H58N300F-80-F3"},{"r":"69","t":"19:11:03","h":"Est","s":"25N-H58N400F-80-F4"},{"r":"69","t":"19:11:03","h":"Est","s":"25N-H58NV10I-80-I"},{"r":"69","t":"19:11:03","h":"Est","s":"25N-H58NV20I-80-I"},{"r":"69","t":"19:11:03","h":"Est","s":"25S-H58S000I-80-I"},{"r":"69","t":"19:11:03","h":"Est","s":"25S-H58S100F-80-F1"},{"r":"69","t":"19:11:03","h":"Est","s":"25S-H58S200F-80-F2"},{"r":"69","t":"19:16:03","h":"Est","s":"25N-H58N000S-80-S"},{"r":"69","t":"19:16:03","h":"Est","s":"25N-H58NV10S-80-S"},{"r":"69","t":"19:16:03","h":"Est","s":"25N-H58NV20S-80-S"},{"r":"69","t":"19:16:03","h":"Est","s":"25S-H58S000S-80-S"},{"r":"69","t":"19:31:03","h":"Est","s":"25N-H58N000A-80-A"},{"r":"69","t":"19:31:03","h":"Est","s":"25N-H58NV10A-80-A"},{"r":"69","t":"19:31:03","h":"Est","s":"25N-H58NV20A-80-A"},{"r":"69","t":"19:31:03","h":"Est","s":"25S-H58S000A-80-A"},{"r":"69","t":"19:37:03","h":"Est","s":"25N-H58N000S-80-S"},{"r":"69","t":"19:37:03","h":"Est","s":"25N-H58NV10S-80-S"},{"r":"69","t":"19:37:03","h":"Est","s":"25N-H58NV20S-80-S"},{"r":"69","t":"19:37:03","h":"Est","s":"25S-H58S000S-80-S"},{"r":"69","t":"19:40:03","h":"Est","s":"25N-H58N000I-80-I"},{"r":"69","t":"19:40:03","h":"Est","s":"25N-H58N100F-80-F1"},{"r":"69","t":"19:40:03","h":"Est","s":"25N-H58N200F-80-F2"},{"r":"69","t":"19:40:03","h":"Est","s":"25N-H58N300F-80-F3"},{"r":"69","t":"19:40:03","h":"Est","s":"25N-H58N400F-80-F4"},{"r":"69","t":"19:40:03","h":"Est","s":"25N-H58NV10I-80-I"},{"r":"69","t":"19:40:03","h":"Est","s":"25N-H58NV20I-80-I"},{"r":"69","t":"19:40:03","h":"Est","s":"25S-H58S000I-80-I"},{"r":"69","t":"19:40:03","h":"Est","s":"25S-H58S100F-80-F1"},{"r":"69","t":"19:40:03","h":"Est","s":"25S-H58S200F-80-F2"},{"r":"69","t":"19:58:03","h":"Est","s":"25N-H58N000A-80-A"},{"r":"69","t":"19:58:03","h":"Est","s":"25N-H58NV10A-80-A"},{"r":"69","t":"19:58:03","h":"Est","s":"25N-H58NV20A-80-A"},{"r":"69","t":"19:58:03","h":"Est","s":"25S-H58S000A-80-A"},{"r":"69","t":"20:03:03","h":"Est","s":"25N-H58N000S-80-S"},{"r":"69","t":"20:03:03","h":"Est","s":"25N-H58NV10S-80-S"},{"r":"69","t":"20:03:03","h":"Est","s":"25N-H58NV20S-80-S"},{"r":"69","t":"20:03:03","h":"Est","s":"25S-H58S000S-80-S"},{"r":"69","t":"20:10:03","h":"Est","s":"25N-H58N000I-80-I"},{"r":"69","t":"20:10:03","h":"Est","s":"25N-H58N100F-80-F1"},{"r":"69","t":"20:10:03","h":"Est","s":"25N-H58N200F-80-F2"},{"r":"69","t":"20:10:03","h":"Est","s":"25N-H58N300F-80-F3"},{"r":"69","t":"20:10:03","h":"Est","s":"25N-H58N400F-80-F4"},{"r":"69","t":"20:10:03","h":"Est","s":"25N-H58NV10I-80-I"},{"r":"69","t":"20:10:03","h":"Est","s":"25N-H58NV20I-80-I"},{"r":"69","t":"20:10:03","h":"Est","s":"25S-H58S000I-80-I"},{"r":"69","t":"20:10:03","h":"Est","s":"25S-H58S100F-80-F1"},{"r":"69","t":"20:10:03","h":"Est","s":"25S-H58S200F-80-F2"},{"r":"69","t":"20:25:10","h":"Est","s":"25N-H58N000A-80-A"},{"r":"69","t":"20:25:10","h":"Est","s":"25N-H58NV10A-80-A"},{"r":"69","t":"20:25:10","h":"Est","s":"25N-H58NV20A-80-A"},{"r":"69","t":"20:25:10","h":"Est","s":"25S-H58S000A-80-A"},{"r":"69","t":"20:29:03","h":"Est","s":"25N-H58N000S-80-S"},{"r":"69","t":"20:29:03","h":"Est","s":"25N-H58NV10S-80-S"},{"r":"69","t":"20:29:03","h":"Est","s":"25N-H58NV20S-80-S"},{"r":"69","t":"20:29:03","h":"Est","s":"25S-H58S000S-80-S"},{"r":"69","t":"20:40:03","h":"Est","s":"25N-H58N000I-80-I"},{"r":"69","t":"20:40:03","h":"Est","s":"25N-H58N100F-80-F1"},{"r":"69","t":"20:40:03","h":"Est","s":"25N-H58N200F-80-F2"},{"r":"69","t":"20:40:03","h":"Est","s":"25N-H58N300F-80-F3"},{"r":"69","t":"20:40:03","h":"Est","s":"25N-H58N400F-80-F4"},{"r":"69","t":"20:40:03","h":"Est","s":"25N-H58NV10I-80-I"},{"r":"69","t":"20:40:03","h":"Est","s":"25N-H58NV20I-80-I"},{"r":"69","t":"20:40:03","h":"Est","s":"25S-H58S000I-80-I"},{"r":"69","t":"20:40:03","h":"Est","s":"25S-H58S100F-80-F1"},{"r":"69","t":"20:40:03","h":"Est","s":"25S-H58S200F-80-F2"},{"r":"69","t":"20:53:10","h":"Est","s":"25N-H58N000A-80-A"},{"r":"69","t":"20:53:10","h":"Est","s":"25N-H58NV10A-80-A"},{"r":"69","t":"20:53:10","h":"Est","s":"25N-H58NV20A-80-A"},{"r":"69","t":"20:53:10","h":"Est","s":"25S-H58S000A-80-A"},{"r":"69","t":"20:55:03","h":"Est","s":"25N-H58N000S-80-S"},{"r":"69","t":"20:55:03","h":"Est","s":"25N-H58NV10S-80-S"},{"r":"69","t":"20:55:03","h":"Est","s":"25N-H58NV20S-80-S"},{"r":"69","t":"20:55:03","h":"Est","s":"25S-H58S000S-80-S"},{"r":"69","t":"21:08:03","h":"Est","s":"25N-H58N000I-80-I"},{"r":"69","t":"21:08:03","h":"Est","s":"25N-H58N100F-80-F1"},{"r":"69","t":"21:08:03","h":"Est","s":"25N-H58N200F-80-F2"},{"r":"69","t":"21:08:03","h":"Est","s":"25N-H58N300F-80-F3"},{"r":"69","t":"21:08:03","h":"Est","s":"25N-H58N400F-80-F4"},{"r":"69","t":"21:08:03","h":"Est","s":"25N-H58NV10I-80-I"},{"r":"69","t":"21:08:03","h":"Est","s":"25N-H58NV20I-80-I"},{"r":"69","t":"21:08:03","h":"Est","s":"25S-H58S000I-80-I"},{"r":"69","t":"21:08:03","h":"Est","s":"25S-H58S100F-80-F1"},{"r":"69","t":"21:08:03","h":"Est","s":"25S-H58S200F-80-F2"},{"r":"69","t":"21:21:03","h":"Est","s":"25N-H58N000S-80-S"},{"r":"69","t":"21:21:03","h":"Est","s":"25N-H58NV10S-80-S"},{"r":"69","t":"21:21:03","h":"Est","s":"25N-H58NV20S-80-S"},{"r":"69","t":"21:21:03","h":"Est","s":"25S-H58S000S-80-S"},{"r":"69","t":"21:22:10","h":"Est","s":"25N-H58N000A-80-A"},{"r":"69","t":"21:22:10","h":"Est","s":"25N-H58NV10A-80-A"},{"r":"69","t":"21:22:10","h":"Est","s":"25N-H58NV20A-80-A"},{"r":"69","t":"21:22:10","h":"Est","s":"25S-H58S000A-80-A"},{"r":"69","t":"21:36:03","h":"Est","s":"25N-H58N000I-80-I"},{"r":"69","t":"21:36:03","h":"Est","s":"25N-H58N100F-80-F1"},{"r":"69","t":"21:36:03","h":"Est","s":"25N-H58N200F-80-F2"},{"r":"69","t":"21:36:03","h":"Est","s":"25N-H58N300F-80-F3"},{"r":"69","t":"21:36:03","h":"Est","s":"25N-H58N400F-80-F4"},{"r":"69","t":"21:36:03","h":"Est","s":"25N-H58NV10I-80-I"},{"r":"69","t":"21:36:03","h":"Est","s":"25N-H58NV20I-80-I"},{"r":"69","t":"21:36:03","h":"Est","s":"25S-H58S000I-80-I"},{"r":"69","t":"21:36:03","h":"Est","s":"25S-H58S100F-80-F1"},{"r":"69","t":"21:36:03","h":"Est","s":"25S-H58S200F-80-F2"},{"r":"69","t":"21:46:03","h":"Est","s":"25N-H58N000S-80-S"},{"r":"69","t":"21:46:03","h":"Est","s":"25N-H58NV10S-80-S"},{"r":"69","t":"21:46:03","h":"Est","s":"25N-H58NV20S-80-S"},{"r":"69","t":"21:46:03","h":"Est","s":"25S-H58S000S-80-S"},{"r":"69","t":"21:50:10","h":"Est","s":"25N-H58N000A-80-A"},{"r":"69","t":"21:50:10","h":"Est","s":"25N-H58NV10A-80-A"},{"r":"69","t":"21:50:10","h":"Est","s":"25N-H58NV20A-80-A"},{"r":"69","t":"21:50:10","h":"Est","s":"25S-H58S000A-80-A"},{"r":"69","t":"22:08:03","h":"Est","s":"25N-H58N000I-80-I"},{"r":"69","t":"22:08:03","h":"Est","s":"25N-H58N100F-80-F1"},{"r":"69","t":"22:08:03","h":"Est","s":"25N-H58N200F-80-F2"},{"r":"69","t":"22:08:03","h":"Est","s":"25N-H58N300F-80-F3"},{"r":"69","t":"22:08:03","h":"Est","s":"25N-H58N400F-80-F4"},{"r":"69","t":"22:08:03","h":"Est","s":"25N-H58NV10I-80-I"},{"r":"69","t":"22:08:03","h":"Est","s":"25N-H58NV20I-80-I"},{"r":"69","t":"22:08:03","h":"Est","s":"25S-H58S000I-80-I"},{"r":"69","t":"22:08:03","h":"Est","s":"25S-H58S100F-80-F1"},{"r":"69","t":"22:08:03","h":"Est","s":"25S-H58S200F-80-F2"},{"r":"69","t":"22:12:03","h":"Est","s":"25N-H58N000S-80-S"},{"r":"69","t":"22:12:03","h":"Est","s":"25N-H58NV10S-80-S"},{"r":"69","t":"22:12:03","h":"Est","s":"25N-H58NV20S-80-S"},{"r":"69","t":"22:12:03","h":"Est","s":"25S-H58S000S-80-S"},{"r":"69","t":"22:17:10","h":"Est","s":"25N-H58N000A-80-A"},{"r":"69","t":"22:17:10","h":"Est","s":"25N-H58NV10A-80-A"},{"r":"69","t":"22:17:10","h":"Est","s":"25N-H58NV20A-80-A"},{"r":"69","t":"22:17:10","h":"Est","s":"25S-H58S000A-80-A"},{"r":"69","t":"22:37:03","h":"Est","s":"25N-H58N000S-80-S"},{"r":"69","t":"22:37:03","h":"Est","s":"25N-H58NV10S-80-S"},{"r":"69","t":"22:37:03","h":"Est","s":"25N-H58NV20S-80-S"},{"r":"69","t":"22:37:03","h":"Est","s":"25S-H58S000S-80-S"},{"r":"69","t":"22:39:10","h":"Est","s":"25N-H58N000I-80-I"},{"r":"69","t":"22:39:10","h":"Est","s":"25N-H58N100F-80-F1"},{"r":"69","t":"22:39:10","h":"Est","s":"25N-H58N200F-80-F2"},{"r":"69","t":"22:39:10","h":"Est","s":"25N-H58N300F-80-F3"},{"r":"69","t":"22:39:10","h":"Est","s":"25N-H58N400F-80-F4"},{"r":"69","t":"22:39:10","h":"Est","s":"25N-H58NV10I-80-I"},{"r":"69","t":"22:39:10","h":"Est","s":"25N-H58NV20I-80-I"},{"r":"69","t":"22:39:10","h":"Est","s":"25S-H58S000I-80-I"},{"r":"69","t":"22:39:10","h":"Est","s":"25S-H58S100F-80-F1"},{"r":"69","t":"22:39:10","h":"Est","s":"25S-H58S200F-80-F2"},{"r":"69","t":"22:45:10","h":"Est","s":"25N-H58N000A-80-A"},{"r":"69","t":"22:45:10","h":"Est","s":"25N-H58NV10A-80-A"},{"r":"69","t":"22:45:10","h":"Est","s":"25N-H58NV20A-80-A"},{"r":"69","t":"22:45:10","h":"Est","s":"25S-H58S000A-80-A"},{"r":"69","t":"23:06:03","h":"Est","s":"25N-H58N000S-80-S"},{"r":"69","t":"23:06:03","h":"Est","s":"25N-H58NV10S-80-S"},{"r":"69","t":"23:06:03","h":"Est","s":"25N-H58NV20S-80-S"},{"r":"69","t":"23:06:03","h":"Est","s":"25S-H58S000S-80-S"},{"r":"69","t":"23:11:10","h":"Est","s":"25N-H58N000I-80-I"},{"r":"69","t":"23:11:10","h":"Est","s":"25N-H58N100F-80-F1"},{"r":"69","t":"23:11:10","h":"Est","s":"25N-H58N200F-80-F2"},{"r":"69","t":"23:11:10","h":"Est","s":"25N-H58N300F-80-F3"},{"r":"69","t":"23:11:10","h":"Est","s":"25N-H58N400F-80-F4"},{"r":"69","t":"23:11:10","h":"Est","s":"25N-H58NV10I-80-I"},{"r":"69","t":"23:11:10","h":"Est","s":"25N-H58NV20I-80-I"},{"r":"69","t":"23:11:10","h":"Est","s":"25S-H58S000I-80-I"},{"r":"69","t":"23:11:10","h":"Est","s":"25S-H58S100F-80-F1"},{"r":"69","t":"23:11:10","h":"Est","s":"25S-H58S200F-80-F2"},{"r":"69","t":"23:13:10","h":"Est","s":"25N-H58N000A-80-A"},{"r":"69","t":"23:13:10","h":"Est","s":"25N-H58NV10A-80-A"},{"r":"69","t":"23:13:10","h":"Est","s":"25N-H58NV20A-80-A"},{"r":"69","t":"23:13:10","h":"Est","s":"25S-H58S000A-80-A"},{"r":"69","t":"23:26:03","h":"Est","s":"25N-H58N000S-80-S"},{"r":"69","t":"23:26:03","h":"Est","s":"25N-H58NV10S-80-S"},{"r":"69","t":"23:26:03","h":"Est","s":"25N-H58NV20S-80-S"},{"r":"69","t":"23:26:03","h":"Est","s":"25S-H58S000S-80-S"},{"r":"69","t":"23:44:10","h":"Est","s":"25N-H58N000A-80-A"},{"r":"69","t":"23:44:10","h":"Est","s":"25N-H58N000I-80-I"},{"r":"69","t":"23:44:10","h":"Est","s":"25N-H58N100F-80-F1"},{"r":"69","t":"23:44:10","h":"Est","s":"25N-H58N200F-80-F2"},{"r":"69","t":"23:44:10","h":"Est","s":"25N-H58N300F-80-F3"},{"r":"69","t":"23:44:10","h":"Est","s":"25N-H58N400F-80-F4"},{"r":"69","t":"23:44:10","h":"Est","s":"25N-H58NV10A-80-A"},{"r":"69","t":"23:44:10","h":"Est","s":"25N-H58NV10I-80-I"},{"r":"69","t":"23:44:10","h":"Est","s":"25N-H58NV20A-80-A"},{"r":"69","t":"23:44:10","h":"Est","s":"25N-H58NV20I-80-I"},{"r":"69","t":"23:44:10","h":"Est","s":"25S-H58S000A-80-A"},{"r":"69","t":"23:44:10","h":"Est","s":"25S-H58S000I-80-I"},{"r":"69","t":"23:44:10","h":"Est","s":"25S-H58S100F-80-F1"},{"r":"69","t":"23:44:10","h":"Est","s":"25S-H58S200F-80-F2"},{"r":"69","t":"23:49:03","h":"Est","s":"25N-H58N000S-80-S"},{"r":"69","t":"23:49:03","h":"Est","s":"25N-H58NV10S-80-S"},{"r":"69","t":"23:49:03","h":"Est","s":"25N-H58NV20S-80-S"},{"r":"69","t":"23:49:03","h":"Est","s":"25S-H58S000S-80-S"},{"r":"69","t":"24:13:03","h":"Est","s":"25N-H58N000S-80-S"},{"r":"69","t":"24:13:03","h":"Est","s":"25N-H58NV10S-80-S"},{"r":"69","t":"24:13:03","h":"Est","s":"25N-H58NV20S-80-S"},{"r":"69","t":"24:13:03","h":"Est","s":"25S-H58S000S-80-S"},{"r":"69","t":"24:15:10","h":"Est","s":"25N-H58N000A-80-A"},{"r":"69","t":"24:15:10","h":"Est","s":"25N-H58N000I-80-I"},{"r":"69","t":"24:15:10","h":"Est","s":"25N-H58N100F-80-F1"},{"r":"69","t":"24:15:10","h":"Est","s":"25N-H58N200F-80-F2"},{"r":"69","t":"24:15:10","h":"Est","s":"25N-H58N300F-80-F3"},{"r":"69","t":"24:15:10","h":"Est","s":"25N-H58N400F-80-F4"},{"r":"69","t":"24:15:10","h":"Est","s":"25N-H58NV10A-80-A"},{"r":"69","t":"24:15:10","h":"Est","s":"25N-H58NV10I-80-I"},{"r":"69","t":"24:15:10","h":"Est","s":"25N-H58NV20A-80-A"},{"r":"69","t":"24:15:10","h":"Est","s":"25N-H58NV20I-80-I"},{"r":"69","t":"24:15:10","h":"Est","s":"25S-H58S000A-80-A"},{"r":"69","t":"24:15:10","h":"Est","s":"25S-H58S000I-80-I"},{"r":"69","t":"24:15:10","h":"Est","s":"25S-H58S100F-80-F1"},{"r":"69","t":"24:15:10","h":"Est","s":"25S-H58S200F-80-F2"},{"r":"69","t":"24:43:17","h":"Est","s":"25N-H58N000S-80-S"},{"r":"69","t":"24:43:17","h":"Est","s":"25N-H58NV10S-80-S"},{"r":"69","t":"24:43:17","h":"Est","s":"25N-H58NV20S-80-S"},{"r":"69","t":"24:43:17","h":"Est","s":"25S-H58S000S-80-S"},{"r":"69","t":"24:45:10","h":"Est","s":"25N-H58N000I-80-I"},{"r":"69","t":"24:45:10","h":"Est","s":"25N-H58N100F-80-F1"},{"r":"69","t":"24:45:10","h":"Est","s":"25N-H58N200F-80-F2"},{"r":"69","t":"24:45:10","h":"Est","s":"25N-H58N300F-80-F3"},{"r":"69","t":"24:45:10","h":"Est","s":"25N-H58N400F-80-F4"},{"r":"69","t":"24:45:10","h":"Est","s":"25N-H58NV10I-80-I"},{"r":"69","t":"24:45:10","h":"Est","s":"25N-H58NV20I-80-I"},{"r":"69","t":"24:45:10","h":"Est","s":"25S-H58S000I-80-I"},{"r":"69","t":"24:45:10","h":"Est","s":"25S-H58S100F-80-F1"},{"r":"69","t":"24:45:10","h":"Est","s":"25S-H58S200F-80-F2"},{"r":"69","t":"24:47:10","h":"Est","s":"25N-H58N000A-80-A"},{"r":"69","t":"24:47:10","h":"Est","s":"25N-H58NV10A-80-A"},{"r":"69","t":"24:47:10","h":"Est","s":"25N-H58NV20A-80-A"},{"r":"69","t":"24:47:10","h":"Est","s":"25S-H58S000A-80-A"},{"r":"69","t":"25:11:17","h":"Est","s":"25N-H58N000S-80-S"},{"r":"69","t":"25:11:17","h":"Est","s":"25N-H58NV10S-80-S"},{"r":"69","t":"25:11:17","h":"Est","s":"25N-H58NV20S-80-S"},{"r":"69","t":"25:11:17","h":"Est","s":"25S-H58S000S-80-S"},{"r":"69","t":"25:12:17","h":"Est","s":"25N-H58N000I-80-I"},{"r":"69","t":"25:12:17","h":"Est","s":"25N-H58N100F-80-F1"},{"r":"69","t":"25:12:17","h":"Est","s":"25N-H58N200F-80-F2"},{"r":"69","t":"25:12:17","h":"Est","s":"25N-H58N300F-80-F3"},{"r":"69","t":"25:12:17","h":"Est","s":"25N-H58N400F-80-F4"},{"r":"69","t":"25:12:17","h":"Est","s":"25N-H58NV10I-80-I"},{"r":"69","t":"25:12:17","h":"Est","s":"25N-H58NV20I-80-I"},{"r":"69","t":"25:12:17","h":"Est","s":"25S-H58S000I-80-I"},{"r":"69","t":"25:12:17","h":"Est","s":"25S-H58S100F-80-F1"},{"r":"69","t":"25:12:17","h":"Est","s":"25S-H58S200F-80-F2"},{"r":"69","t":"25:14:17","h":"Est","s":"25N-H58N000A-80-A"},{"r":"69","t":"25:14:17","h":"Est","s":"25N-H58NV10A-80-A"},{"r":"69","t":"25:14:17","h":"Est","s":"25N-H58NV20A-80-A"},{"r":"69","t":"25:14:17","h":"Est","s":"25S-H58S000A-80-A"},{"r":"69","t":"25:33:17","h":"Est","s":"25N-H58N000I-80-I"},{"r":"69","t":"25:33:17","h":"Est","s":"25N-H58N100F-80-F1"},{"r":"69","t":"25:33:17","h":"Est","s":"25N-H58N200F-80-F2"},{"r":"69","t":"25:33:17","h":"Est","s":"25N-H58N300F-80-F3"},{"r":"69","t":"25:33:17","h":"Est","s":"25N-H58N400F-80-F4"},{"r":"69","t":"25:33:17","h":"Est","s":"25N-H58NV10I-80-I"},{"r":"69","t":"25:33:17","h":"Est","s":"25N-H58NV20I-80-I"},{"r":"69","t":"25:33:17","h":"Est","s":"25S-H58S000I-80-I"},{"r":"69","t":"25:33:17","h":"Est","s":"25S-H58S100F-80-F1"},{"r":"69","t":"25:33:17","h":"Est","s":"25S-H58S200F-80-F2"},{"r":"69","t":"25:36:17","h":"Est","s":"25N-H58N000S-80-S"},{"r":"69","t":"25:36:17","h":"Est","s":"25N-H58NV10S-80-S"},{"r":"69","t":"25:36:17","h":"Est","s":"25N-H58NV20S-80-S"},{"r":"69","t":"25:36:17","h":"Est","s":"25S-H58S000S-80-S"},{"r":"380","t":"25:36:49","h":"Est","s":"25N-H50N000I-80-I"},{"r":"380","t":"25:36:49","h":"Est","s":"25N-H50N000I-90-I"},{"r":"380","t":"25:36:49","h":"Est","s":"25N-H50N100F-90-F1"},{"r":"380","t":"25:36:49","h":"Est","s":"25N-H50N200F-90-F2"},{"r":"380","t":"25:36:49","h":"Est","s":"25N-H50N300F-90-F3"},{"r":"380","t":"25:36:49","h":"Est","s":"25N-H50N400F-90-F4"},{"r":"380","t":"25:36:49","h":"Est","s":"25N-H50NV10I-90-I"},{"r":"380","t":"25:36:49","h":"Est","s":"25N-H50NV20I-90-I"},{"r":"380","t":"25:36:49","h":"Est","s":"25S-H50S000I-81-I"},{"r":"380","t":"25:36:49","h":"Est","s":"25S-H50S100F-80-F1"},{"r":"380","t":"25:36:49","h":"Est","s":"25S-H50S200F-80-F2"},{"r":"69","t":"25:40:17","h":"Est","s":"25N-H58N000A-80-A"},{"r":"69","t":"25:40:17","h":"Est","s":"25N-H58NV10A-80-A"},{"r":"69","t":"25:40:17","h":"Est","s":"25N-H58NV20A-80-A"},{"r":"69","t":"25:40:17","h":"Est","s":"25S-H58S000A-80-A"},{"r":"380","t":"25:50:13","h":"Est","s":"25N-H50N000S-80-S"},{"r":"380","t":"25:50:13","h":"Est","s":"25N-H50N000S-90-S"},{"r":"380","t":"25:50:13","h":"Est","s":"25N-H50NV10S-90-S"},{"r":"380","t":"25:50:13","h":"Est","s":"25N-H50NV20S-90-S"},{"r":"380","t":"25:50:13","h":"Est","s":"25S-H50S000S-81-S"},{"r":"69","t":"26:02:17","h":"Est","s":"25N-H58N000A-80-A"},{"r":"69","t":"26:02:17","h":"Est","s":"25N-H58NV10A-80-A"},{"r":"69","t":"26:02:17","h":"Est","s":"25N-H58NV20A-80-A"},{"r":"69","t":"26:02:17","h":"Est","s":"25S-H58S000A-80-A"},{"r":"380","t":"26:22:25","h":"Est","s":"25N-H50N000A-80-A"},{"r":"380","t":"26:22:25","h":"Est","s":"25N-H50N000A-90-A"},{"r":"380","t":"26:22:25","h":"Est","s":"25N-H50NV10A-90-A"},{"r":"380","t":"26:22:25","h":"Est","s":"25N-H50NV20A-90-A"},{"r":"380","t":"26:22:25","h":"Est","s":"25S-H50S000A-81-A"},{"r":"380","t":"26:24:37","h":"Est","s":"25N-H50N000I-80-I"},{"r":"380","t":"26:24:37","h":"Est","s":"25N-H50N000I-90-I"},{"r":"380","t":"26:24:37","h":"Est","s":"25N-H50N100F-90-F1"},{"r":"380","t":"26:24:37","h":"Est","s":"25N-H50N200F-90-F2"},{"r":"380","t":"26:24:37","h":"Est","s":"25N-H50N300F-90-F3"},{"r":"380","t":"26:24:37","h":"Est","s":"25N-H50N400F-90-F4"},{"r":"380","t":"26:24:37","h":"Est","s":"25N-H50NV10I-90-I"},{"r":"380","t":"26:24:37","h":"Est","s":"25N-H50NV20I-90-I"},{"r":"380","t":"26:24:37","h":"Est","s":"25S-H50S000I-81-I"},{"r":"380","t":"26:24:37","h":"Est","s":"25S-H50S100F-80-F1"},{"r":"380","t":"26:24:37","h":"Est","s":"25S-H50S200F-80-F2"},{"r":"380","t":"26:34:13","h":"Est","s":"25N-H50N000S-80-S"},{"r":"380","t":"26:34:13","h":"Est","s":"25N-H50N000S-90-S"},{"r":"380","t":"26:34:13","h":"Est","s":"25N-H50NV10S-90-S"},{"r":"380","t":"26:34:13","h":"Est","s":"25N-H50NV20S-90-S"},{"r":"380","t":"26:34:13","h":"Est","s":"25S-H50S000S-81-S"},{"r":"380","t":"27:07:13","h":"Est","s":"25N-H50N000I-80-I"},{"r":"380","t":"27:07:13","h":"Est","s":"25N-H50N000I-90-I"},{"r":"380","t":"27:07:13","h":"Est","s":"25N-H50N100F-90-F1"},{"r":"380","t":"27:07:13","h":"Est","s":"25N-H50N200F-90-F2"},{"r":"380","t":"27:07:13","h":"Est","s":"25N-H50N300F-90-F3"},{"r":"380","t":"27:07:13","h":"Est","s":"25N-H50N400F-90-F4"},{"r":"380","t":"27:07:13","h":"Est","s":"25N-H50NV10I-90-I"},{"r":"380","t":"27:07:13","h":"Est","s":"25N-H50NV20I-90-I"},{"r":"380","t":"27:07:13","h":"Est","s":"25S-H50S000I-81-I"},{"r":"380","t":"27:07:13","h":"Est","s":"25S-H50S100F-80-F1"},{"r":"380","t":"27:07:13","h":"Est","s":"25S-H50S200F-80-F2"},{"r":"380","t":"27:14:37","h":"Est","s":"25N-H50N000A-80-A"},{"r":"380","t":"27:14:37","h":"Est","s":"25N-H50N000A-90-A"},{"r":"380","t":"27:14:37","h":"Est","s":"25N-H50NV10A-90-A"},{"r":"380","t":"27:14:37","h":"Est","s":"25N-H50NV20A-90-A"},{"r":"380","t":"27:14:37","h":"Est","s":"25S-H50S000A-81-A"},{"r":"380","t":"27:22:13","h":"Est","s":"25N-H50N000S-80-S"},{"r":"380","t":"27:22:13","h":"Est","s":"25N-H50N000S-90-S"},{"r":"380","t":"27:22:13","h":"Est","s":"25N-H50NV10S-90-S"},{"r":"380","t":"27:22:13","h":"Est","s":"25N-H50NV20S-90-S"},{"r":"380","t":"27:22:13","h":"Est","s":"25S-H50S000S-81-S"},{"r":"380","t":"27:44:13","h":"Est","s":"25N-H50N000S-80-SV"},{"r":"380","t":"27:44:13","h":"Est","s":"25N-H50N000S-90-SV"},{"r":"380","t":"27:44:13","h":"Est","s":"25N-H50NV10S-90-SV"},{"r":"380","t":"27:44:13","h":"Est","s":"25N-H50NV20S-90-SV"},{"r":"380","t":"27:44:13","h":"Est","s":"25S-H50S000S-81-SV"},{"r":"380","t":"27:51:13","h":"Est","s":"25N-H50N000I-80-I"},{"r":"380","t":"27:51:13","h":"Est","s":"25N-H50N000I-90-I"},{"r":"380","t":"27:51:13","h":"Est","s":"25N-H50N100F-90-F1"},{"r":"380","t":"27:51:13","h":"Est","s":"25N-H50N200F-90-F2"},{"r":"380","t":"27:51:13","h":"Est","s":"25N-H50N300F-90-F3"},{"r":"380","t":"27:51:13","h":"Est","s":"25N-H50N400F-90-F4"},{"r":"380","t":"27:51:13","h":"Est","s":"25N-H50NV10I-90-I"},{"r":"380","t":"27:51:13","h":"Est","s":"25N-H50NV20I-90-I"},{"r":"380","t":"27:51:13","h":"Est","s":"25S-H50S000I-81-I"},{"r":"380","t":"27:51:13","h":"Est","s":"25S-H50S100F-80-F1"},{"r":"380","t":"27:51:13","h":"Est","s":"25S-H50S200F-80-F2"},{"r":"380","t":"27:59:37","h":"Est","s":"25N-H50N000A-80-A"},{"r":"380","t":"27:59:37","h":"Est","s":"25N-H50N000A-90-A"},{"r":"380","t":"27:59:37","h":"Est","s":"25N-H50NV10A-90-A"},{"r":"380","t":"27:59:37","h":"Est","s":"25N-H50NV20A-90-A"},{"r":"380","t":"27:59:37","h":"Est","s":"25S-H50S000A-81-A"},{"r":"380","t":"28:05:13","h":"Est","s":"25N-H50N000S-80-S"},{"r":"380","t":"28:05:13","h":"Est","s":"25N-H50N000S-90-S"},{"r":"380","t":"28:05:13","h":"Est","s":"25N-H50NV10S-90-S"},{"r":"380","t":"28:05:13","h":"Est","s":"25N-H50NV20S-90-S"},{"r":"380","t":"28:05:13","h":"Est","s":"25S-H50S000S-81-S"},{"r":"380","t":"28:24:37","h":"Est","s":"25N-H50N000A-80-A"},{"r":"380","t":"28:24:37","h":"Est","s":"25N-H50N000A-90-A"},{"r":"380","t":"28:24:37","h":"Est","s":"25N-H50NV10A-90-A"},{"r":"380","t":"28:24:37","h":"Est","s":"25N-H50NV20A-90-A"},{"r":"380","t":"28:24:37","h":"Est","s":"25S-H50S000A-81-A"},{"r":"380","t":"28:37:37","h":"Est","s":"25N-H50N000I-80-I"},{"r":"380","t":"28:37:37","h":"Est","s":"25N-H50N000I-90-I"},{"r":"380","t":"28:37:37","h":"Est","s":"25N-H50N100F-90-F1"},{"r":"380","t":"28:37:37","h":"Est","s":"25N-H50N200F-90-F2"},{"r":"380","t":"28:37:37","h":"Est","s":"25N-H50N300F-90-F3"},{"r":"380","t":"28:37:37","h":"Est","s":"25N-H50N400F-90-F4"},{"r":"380","t":"28:37:37","h":"Est","s":"25N-H50NV10I-90-I"},{"r":"380","t":"28:37:37","h":"Est","s":"25N-H50NV20I-90-I"},{"r":"380","t":"28:37:37","h":"Est","s":"25S-H50S000I-81-I"},{"r":"380","t":"28:37:37","h":"Est","s":"25S-H50S100F-80-F1"},{"r":"380","t":"28:37:37","h":"Est","s":"25S-H50S200F-80-F2"},{"r":"380","t":"28:44:37","h":"Est","s":"25N-H50N000A-80-A"},{"r":"380","t":"28:44:37","h":"Est","s":"25N-H50N000A-90-A"},{"r":"380","t":"28:44:37","h":"Est","s":"25N-H50NV10A-90-A"},{"r":"380","t":"28:44:37","h":"Est","s":"25N-H50NV20A-90-A"},{"r":"380","t":"28:44:37","h":"Est","s":"25S-H50S000A-81-A"},{"r":"380","t":"28:52:13","h":"Est","s":"25N-H50N000S-80-S"},{"r":"380","t":"28:52:13","h":"Est","s":"25N-H50N000S-90-S"},{"r":"380","t":"28:52:13","h":"Est","s":"25N-H50NV10S-90-S"},{"r":"380","t":"28:52:13","h":"Est","s":"25N-H50NV20S-90-S"},{"r":"380","t":"28:52:13","h":"Est","s":"25S-H50S000S-81-S"}]