[{"r":"69","t":"05:26:50","h":"Est","s":"25N-H58N000S-80-S"},{"r":"69","t":"05:26:50","h":"Est","s":"25N-H58NV10S-80-S"},{"r":"69","t":"05:26:50","h":"Est","s":"25N-H58NV20S-80-S"},{"r":"69","t":"05:26:50","h":"Est","s":"25S-H58S000S-80-S"},{"r":"69","t":"05:35:50","h":"Est","s":"25N-H58N000I-80-I"},{"r":"69","t":"05:35:50","h":"Est","s":"25N-H58N100F-80-F1"},{"r":"69","t":"05:35:50","h":"Est","s":"25N-H58N200F-80-F2"},{"r":"69","t":"05:35:50","h":"Est","s":"25N-H58N300F-80-F3"},{"r":"69","t":"05:35:50","h":"Est","s":"25N-H58N400F-80-F4"},{"r":"69","t":"05:35:50","h":"Est","s":"25N-H58NV10I-80-I"},{"r":"69","t":"05:35:50","h":"Est","s":"25N-H58NV20I-80-I"},{"r":"69","t":"05:35:50","h":"Est","s":"25S-H58S000I-80-I"},{"r":"69","t":"05:35:50","h":"Est","s":"25S-H58S100F-80-F1"},{"r":"69","t":"05:35:50","h":"Est","s":"25S-H58S200F-80-F2"},{"r":"69","t":"05:39:00","h":"Est","s":"25N-H58N000A-80-A"},{"r":"69","t":"05:39:00","h":"Est","s":"25N-H58NV10A-80-A"},{"r":"69","t":"05:39:00","h":"Est","s":"25N-H58NV20A-80-A"},{"r":"69","t":"05:39:00","h":"Est","s":"25S-H58S000A-80-A"},{"r":"69","t":"05:56:00","h":"Est","s":"25N-H58N000S-80-S"},{"r":"69","t":"05:56:00","h":"Est","s":"25N-H58NV10S-80-S"},{"r":"69","t":"05:56:00","h":"Est","s":"25N-H58NV20S-80-S"},{"r":"69","t":"05:56:00","h":"Est","s":"25S-H58S000S-80-S"},{"r":"69","t":"06:07:50","h":"Est","s":"25N-H58N000I-80-I"},{"r":"69","t":"06:07:50","h":"Est","s":"25N-H58N100F-80-F1"},{"r":"69","t":"06:07:50","h":"Est","s":"25N-H58N200F-80-F2"},{"r":"69","t":"06:07:50","h":"Est","s":"25N-H58N300F-80-F3"},{"r":"69","t":"06:07:50","h":"Est","s":"25N-H58N400F-80-F4"},{"r":"69","t":"06:07:50","h":"Est","s":"25N-H58NV10I-80-I"},{"r":"69","t":"06:07:50","h":"Est","s":"25N-H58NV20I-80-I"},{"r":"69","t":"06:07:50","h":"Est","s":"25S-H58S000I-80-I"},{"r":"69","t":"06:07:50","h":"Est","s":"25S-H58S100F-80-F1"},{"r":"69","t":"06:07:50","h":"Est","s":"25S-H58S200F-80-F2"},{"r":"69","t":"06:12:00","h":"Est","s":"25N-H58N000A-80-A"},{"r":"69","t":"06:12:00","h":"Est","s":"25N-H58NV10A-80-A"},{"r":"69","t":"06:12:00","h":"Est","s":"25N-H58NV20A-80-A"},{"r":"69","t":"06:12:00","h":"Est","s":"25S-H58S000A-80-A"},{"r":"69","t":"06:26:00","h":"Est","s":"25N-H58N000S-80-S"},{"r":"69","t":"06:26:00","h":"Est","s":"25N-H58NV10S-80-S"},{"r":"69","t":"06:26:00","h":"Est","s":"25N-H58NV20S-80-S"},{"r":"69","t":"06:26:00","h":"Est","s":"25S-H58S000S-80-S"},{"r":"69","t":"06:41:50","h":"Est","s":"25N-H58N000I-80-I"},{"r":"69","t":"06:41:50","h":"Est","s":"25N-H58N100F-80-F1"},{"r":"69","t":"06:41:50","h":"Est","s":"25N-H58N200F-80-F2"},{"r":"69","t":"06:41:50","h":"Est","s":"25N-H58N300F-80-F3"},{"r":"69","t":"06:41:50","h":"Est","s":"25N-H58N400F-80-F4"},{"r":"69","t":"06:41:50","h":"Est","s":"25N-H58NV10I-80-I"},{"r":"69","t":"06:41:50","h":"Est","s":"25N-H58NV20I-80-I"},{"r":"69","t":"06:41:50","h":"Est","s":"25S-H58S000I-80-I"},{"r":"69","t":"06:41:50","h":"Est","s":"25S-H58S100F-80-F1"},{"r":"69","t":"06:41:50","h":"Est","s":"25S-H58S200F-80-F2"},{"r":"69","t":"06:44:00","h":"Est","s":"25N-H58N000A-80-A"},{"r":"69","t":"06:44:00","h":"Est","s":"25N-H58NV10A-80-A"},{"r":"69","t":"06:44:00","h":"Est","s":"25N-H58NV20A-80-A"},{"r":"69","t":"06:44:00","h":"Est","s":"25S-H58S000A-80-A"},{"r":"69","t":"06:51:00","h":"Est","s":"25N-H58N000S-80-S"},{"r":"69","t":"06:51:00","h":"Est","s":"25N-H58NV10S-80-S"},{"r":"69","t":"06:51:00","h":"Est","s":"25N-H58NV20S-80-S"},{"r":"69","t":"06:51:00","h":"Est","s":"25S-H58S000S-80-S"},{"r":"69","t":"07:10:10","h":"Est","s":"25N-H58N000S-80-S"},{"r":"69","t":"07:10:10","h":"Est","s":"25N-H58NV10S-80-S"},{"r":"69","t":"07:10:10","h":"Est","s":"25N-H58NV20S-80-S"},{"r":"69","t":"07:10:10","h":"Est","s":"25S-H58S000S-80-S"},{"r":"69","t":"07:13:50","h":"Est","s":"25N-H58N000I-80-I"},{"r":"69","t":"07:13:50","h":"Est","s":"25N-H58N100F-80-F1"},{"r":"69","t":"07:13:50","h":"Est","s":"25N-H58N200F-80-F2"},{"r":"69","t":"07:13:50","h":"Est","s":"25N-H58N300F-80-F3"},{"r":"69","t":"07:13:50","h":"Est","s":"25N-H58N400F-80-F4"},{"r":"69","t":"07:13:50","h":"Est","s":"25N-H58NV10I-80-I"},{"r":"69","t":"07:13:50","h":"Est","s":"25N-H58NV20I-80-I"},{"r":"69","t":"07:13:50","h":"Est","s":"25S-H58S000I-80-I"},{"r":"69","t":"07:13:50","h":"Est","s":"25S-H58S100F-80-F1"},{"r":"69","t":"07:13:50","h":"Est","s":"25S-H58S200F-80-F2"},{"r":"69","t":"07:16:00","h":"Est","s":"25N-H58N000A-80-A"},{"r":"69","t":"07:16:00","h":"Est","s":"25N-H58NV10A-80-A"},{"r":"69","t":"07:16:00","h":"Est","s":"25N-H58NV20A-80-A"},{"r":"69","t":"07:16:00","h":"Est","s":"25S-H58S000A-80-A"},{"r":"69","t":"07:26:10","h":"Est","s":"25N-H58N000S-80-S"},{"r":"69","t":"07:26:10","h":"Est","s":"25N-H58NV10S-80-S"},{"r":"69","t":"07:26:10","h":"Est","s":"25N-H58NV20S-80-S"},{"r":"69","t":"07:26:10","h":"Est","s":"25S-H58S000S-80-S"},{"r":"69","t":"07:36:10","h":"Est","s":"25N-H58N000S-80-S"},{"r":"69","t":"07:36:10","h":"Est","s":"25N-H58NV10S-80-S"},{"r":"69","t":"07:36:10","h":"Est","s":"25N-H58NV20S-80-S"},{"r":"69","t":"07:36:10","h":"Est","s":"25S-H58S000S-80-S"},{"r":"69","t":"07:46:00","h":"Est","s":"25N-H58N000A-80-A"},{"r":"69","t":"07:46:00","h":"Est","s":"25N-H58N000I-80-I"},{"r":"69","t":"07:46:00","h":"Est","s":"25N-H58N100F-80-F1"},{"r":"69","t":"07:46:00","h":"Est","s":"25N-H58N200F-80-F2"},{"r":"69","t":"07:46:00","h":"Est","s":"25N-H58N300F-80-F3"},{"r":"69","t":"07:46:00","h":"Est","s":"25N-H58N400F-80-F4"},{"r":"69","t":"07:46:00","h":"Est","s":"25N-H58NV10A-80-A"},{"r":"69","t":"07:46:00","h":"Est","s":"25N-H58NV10I-80-I"},{"r":"69","t":"07:46:00","h":"Est","s":"25N-H58NV20A-80-A"},{"r":"69","t":"07:46:00","h":"Est","s":"25N-H58NV20I-80-I"},{"r":"69","t":"07:46:00","h":"Est","s":"25S-H58S000A-80-A"},{"r":"69","t":"07:46:00","h":"Est","s":"25S-H58S000I-80-I"},{"r":"69","t":"07:46:00","h":"Est","s":"25S-H58S100F-80-F1"},{"r":"69","t":"07:46:00","h":"Est","s":"25S-H58S200F-80-F2"},{"r":"69","t":"07:47:10","h":"Est","s":"25N-H58N000S-80-S"},{"r":"69","t":"07:47:10","h":"Est","s":"25N-H58NV10S-80-S"},{"r":"69","t":"07:47:10","h":"Est","s":"25N-H58NV20S-80-S"},{"r":"69","t":"07:47:10","h":"Est","s":"25S-H58S000S-80-S"},{"r":"69","t":"07:56:10","h":"Est","s":"25N-H58N000S-80-S"},{"r":"69","t":"07:56:10","h":"Est","s":"25N-H58NV10S-80-S"},{"r":"69","t":"07:56:10","h":"Est","s":"25N-H58NV20S-80-S"},{"r":"69","t":"07:56:10","h":"Est","s":"25S-H58S000S-80-S"},{"r":"69","t":"08:05:10","h":"Est","s":"25N-H58N000S-80-S"},{"r":"69","t":"08:05:10","h":"Est","s":"25N-H58NV10S-80-S"},{"r":"69","t":"08:05:10","h":"Est","s":"25N-H58NV20S-80-S"},{"r":"69","t":"08:05:10","h":"Est","s":"25S-H58S000S-80-S"},{"r":"69","t":"08:13:10","h":"Est","s":"25N-H58N000S-80-S"},{"r":"69","t":"08:13:10","h":"Est","s":"25N-H58NV10S-80-S"},{"r":"69","t":"08:13:10","h":"Est","s":"25N-H58NV20S-80-S"},{"r":"69","t":"08:13:10","h":"Est","s":"25S-H58S000S-80-S"},{"r":"69","t":"08:16:00","h":"Est","s":"25N-H58N000A-80-A"},{"r":"69","t":"08:16:00","h":"Est","s":"25N-H58NV10A-80-A"},{"r":"69","t":"08:16:00","h":"Est","s":"25N-H58NV20A-80-A"},{"r":"69","t":"08:16:00","h":"Est","s":"25S-H58S000A-80-A"},{"r":"69","t":"08:18:00","h":"Est","s":"25N-H58N000I-80-I"},{"r":"69","t":"08:18:00","h":"Est","s":"25N-H58N100F-80-F1"},{"r":"69","t":"08:18:00","h":"Est","s":"25N-H58N200F-80-F2"},{"r":"69","t":"08:18:00","h":"Est","s":"25N-H58N300F-80-F3"},{"r":"69","t":"08:18:00","h":"Est","s":"25N-H58N400F-80-F4"},{"r":"69","t":"08:18:00","h":"Est","s":"25N-H58NV10I-80-I"},{"r":"69","t":"08:18:00","h":"Est","s":"25N-H58NV20I-80-I"},{"r":"69","t":"08:18:00","h":"Est","s":"25S-H58S000I-80-I"},{"r":"69","t":"08:18:00","h":"Est","s":"25S-H58S100F-80-F1"},{"r":"69","t":"08:18:00","h":"Est","s":"25S-H58S200F-80-F2"},{"r":"69","t":"08:21:10","h":"Est","s":"25N-H58N000S-80-S"},{"r":"69","t":"08:21:10","h":"Est","s":"25N-H58NV10S-80-S"},{"r":"69","t":"08:21:10","h":"Est","s":"25N-H58NV20S-80-S"},{"r":"69","t":"08:21:10","h":"Est","s":"25S-H58S000S-80-S"},{"r":"69","t":"08:30:10","h":"Est","s":"25N-H58N000S-80-S"},{"r":"69","t":"08:30:10","h":"Est","s":"25N-H58NV10S-80-S"},{"r":"69","t":"08:30:10","h":"Est","s":"25N-H58NV20S-80-S"},{"r":"69","t":"08:30:10","h":"Est","s":"25S-H58S000S-80-S"},{"r":"69","t":"08:37:10","h":"Est","s":"25N-H58N000S-80-S"},{"r":"69","t":"08:37:10","h":"Est","s":"25N-H58NV10S-80-S"},{"r":"69","t":"08:37:10","h":"Est","s":"25N-H58NV20S-80-S"},{"r":"69","t":"08:37:10","h":"Est","s":"25S-H58S000S-80-S"},{"r":"69","t":"08:44:10","h":"Est","s":"25N-H58N000S-80-S"},{"r":"69","t":"08:44:10","h":"Est","s":"25N-H58NV10S-80-S"},{"r":"69","t":"08:44:10","h":"Est","s":"25N-H58NV20S-80-S"},{"r":"69","t":"08:44:10","h":"Est","s":"25S-H58S000S-80-S"},{"r":"69","t":"08:46:00","h":"Est","s":"25N-H58N000A-80-A"},{"r":"69","t":"08:46:00","h":"Est","s":"25N-H58NV10A-80-A"},{"r":"69","t":"08:46:00","h":"Est","s":"25N-H58NV20A-80-A"},{"r":"69","t":"08:46:00","h":"Est","s":"25S-H58S000A-80-A"},{"r":"69","t":"08:48:00","h":"Est","s":"25N-H58N000I-80-I"},{"r":"69","t":"08:48:00","h":"Est","s":"25N-H58N100F-80-F1"},{"r":"69","t":"08:48:00","h":"Est","s":"25N-H58N200F-80-F2"},{"r":"69","t":"08:48:00","h":"Est","s":"25N-H58N300F-80-F3"},{"r":"69","t":"08:48:00","h":"Est","s":"25N-H58N400F-80-F4"},{"r":"69","t":"08:48:00","h":"Est","s":"25N-H58NV10I-80-I"},{"r":"69","t":"08:48:00","h":"Est","s":"25N-H58NV20I-80-I"},{"r":"69","t":"08:48:00","h":"Est","s":"25S-H58S000I-80-I"},{"r":"69","t":"08:48:00","h":"Est","s":"25S-H58S100F-80-F1"},{"r":"69","t":"08:48:00","h":"Est","s":"25S-H58S200F-80-F2"},{"r":"69","t":"08:57:10","h":"Est","s":"25N-H58N000S-80-S"},{"r":"69","t":"08:57:10","h":"Est","s":"25N-H58NV10S-80-S"},{"r":"69","t":"08:57:10","h":"Est","s":"25N-H58NV20S-80-S"},{"r":"69","t":"08:57:10","h":"Est","s":"25S-H58S000S-80-S"},{"r":"69","t":"09:08:10","h":"Est","s":"25N-H58N000S-80-S"},{"r":"69","t":"09:08:10","h":"Est","s":"25N-H58NV10S-80-S"},{"r":"69","t":"09:08:10","h":"Est","s":"25N-H58NV20S-80-S"},{"r":"69","t":"09:08:10","h":"Est","s":"25S-H58S000S-80-S"},{"r":"69","t":"09:16:00","h":"Est","s":"25N-H58N000A-80-A"},{"r":"69","t":"09:16:00","h":"Est","s":"25N-H58NV10A-80-A"},{"r":"69","t":"09:16:00","h":"Est","s":"25N-H58NV20A-80-A"},{"r":"69","t":"09:16:00","h":"Est","s":"25S-H58S000A-80-A"},{"r":"69","t":"09:16:10","h":"Est","s":"25N-H58N000S-80-S"},{"r":"69","t":"09:16:10","h":"Est","s":"25N-H58NV10S-80-S"},{"r":"69","t":"09:16:10","h":"Est","s":"25N-H58NV20S-80-S"},{"r":"69","t":"09:16:10","h":"Est","s":"25S-H58S000S-80-S"},{"r":"69","t":"09:18:10","h":"Est","s":"25N-H58N000I-80-I"},{"r":"69","t":"09:18:10","h":"Est","s":"25N-H58N100F-80-F1"},{"r":"69","t":"09:18:10","h":"Est","s":"25N-H58N200F-80-F2"},{"r":"69","t":"09:18:10","h":"Est","s":"25N-H58N300F-80-F3"},{"r":"69","t":"09:18:10","h":"Est","s":"25N-H58N400F-80-F4"},{"r":"69","t":"09:18:10","h":"Est","s":"25N-H58NV10I-80-I"},{"r":"69","t":"09:18:10","h":"Est","s":"25N-H58NV20I-80-I"},{"r":"69","t":"09:18:10","h":"Est","s":"25S-H58S000I-80-I"},{"r":"69","t":"09:18:10","h":"Est","s":"25S-H58S100F-80-F1"},{"r":"69","t":"09:18:10","h":"Est","s":"25S-H58S200F-80-F2"},{"r":"69","t":"09:29:10","h":"Est","s":"25N-H58N000S-80-S"},{"r":"69","t":"09:29:10","h":"Est","s":"25N-H58NV10S-80-S"},{"r":"69","t":"09:29:10","h":"Est","s":"25N-H58NV20S-80-S"},{"r":"69","t":"09:29:10","h":"Est","s":"25S-H58S000S-80-S"},{"r":"69","t":"09:45:10","h":"Est","s":"25N-H58N000I-80-I"},{"r":"69","t":"09:45:10","h":"Est","s":"25N-H58N100F-80-F1"},{"r":"69","t":"09:45:10","h":"Est","s":"25N-H58N200F-80-F2"},{"r":"69","t":"09:45:10","h":"Est","s":"25N-H58N300F-80-F3"},{"r":"69","t":"09:45:10","h":"Est","s":"25N-H58N400F-80-F4"},{"r":"69","t":"09:45:10","h":"Est","s":"25N-H58NV10I-80-I"},{"r":"69","t":"09:45:10","h":"Est","s":"25N-H58NV20I-80-I"},{"r":"69","t":"09:45:10","h":"Est","s":"25S-H58S000I-80-I"},{"r":"69","t":"09:45:10","h":"Est","s":"25S-H58S100F-80-F1"},{"r":"69","t":"09:45:10","h":"Est","s":"25S-H58S200F-80-F2"},{"r":"69","t":"09:49:00","h":"Est","s":"25N-H58N000A-80-A"},{"r":"69","t":"09:49:00","h":"Est","s":"25N-H58NV10A-80-A"},{"r":"69","t":"09:49:00","h":"Est","s":"25N-H58NV20A-80-A"},{"r":"69","t":"09:49:00","h":"Est","s":"25S-H58S000A-80-A"},{"r":"69","t":"09:54:10","h":"Est","s":"25N-H58N000S-80-S"},{"r":"69","t":"09:54:10","h":"Est","s":"25N-H58NV10S-80-S"},{"r":"69","t":"09:54:10","h":"Est","s":"25N-H58NV20S-80-S"},{"r":"69","t":"09:54:10","h":"Est","s":"25S-H58S000S-80-S"},{"r":"69","t":"10:11:10","h":"Est","s":"25N-H58N000I-80-I"},{"r":"69","t":"10:11:10","h":"Est","s":"25N-H58N100F-80-F1"},{"r":"69","t":"10:11:10","h":"Est","s":"25N-H58N200F-80-F2"},{"r":"69","t":"10:11:10","h":"Est","s":"25N-H58N300F-80-F3"},{"r":"69","t":"10:11:10","h":"Est","s":"25N-H58N400F-80-F4"},{"r":"69","t":"10:11:10","h":"Est","s":"25N-H58NV10I-80-I"},{"r":"69","t":"10:11:10","h":"Est","s":"25N-H58NV20I-80-I"},{"r":"69","t":"10:11:10","h":"Est","s":"25S-H58S000I-80-I"},{"r":"69","t":"10:11:10","h":"Est","s":"25S-H58S100F-80-F1"},{"r":"69","t":"10:11:10","h":"Est","s":"25S-H58S200F-80-F2"},{"r":"69","t":"10:19:00","h":"Est","s":"25N-H58N000A-80-A"},{"r":"69","t":"10:19:00","h":"Est","s":"25N-H58NV10A-80-A"},{"r":"69","t":"10:19:00","h":"Est","s":"25N-H58NV20A-80-A"},{"r":"69","t":"10:19:00","h":"Est","s":"25S-H58S000A-80-A"},{"r":"69","t":"10:19:10","h":"Est","s":"25N-H58N000S-80-S"},{"r":"69","t":"10:19:10","h":"Est","s":"25N-H58NV10S-80-S"},{"r":"69","t":"10:19:10","h":"Est","s":"25N-H58NV20S-80-S"},{"r":"69","t":"10:19:10","h":"Est","s":"25S-H58S000S-80-S"},{"r":"69","t":"10:36:10","h":"Est","s":"25N-H58N000I-80-I"},{"r":"69","t":"10:36:10","h":"Est","s":"25N-H58N100F-80-F1"},{"r":"69","t":"10:36:10","h":"Est","s":"25N-H58N200F-80-F2"},{"r":"69","t":"10:36:10","h":"Est","s":"25N-H58N300F-80-F3"},{"r":"69","t":"10:36:10","h":"Est","s":"25N-H58N400F-80-F4"},{"r":"69","t":"10:36:10","h":"Est","s":"25N-H58NV10I-80-I"},{"r":"69","t":"10:36:10","h":"Est","s":"25N-H58NV20I-80-I"},{"r":"69","t":"10:36:10","h":"Est","s":"25S-H58S000I-80-I"},{"r":"69","t":"10:36:10","h":"Est","s":"25S-H58S100F-80-F1"},{"r":"69","t":"10:36:10","h":"Est","s":"25S-H58S200F-80-F2"},{"r":"69","t":"10:44:10","h":"Est","s":"25N-H58N000S-80-S"},{"r":"69","t":"10:44:10","h":"Est","s":"25N-H58NV10S-80-S"},{"r":"69","t":"10:44:10","h":"Est","s":"25N-H58NV20S-80-S"},{"r":"69","t":"10:44:10","h":"Est","s":"25S-H58S000S-80-S"},{"r":"69","t":"10:49:00","h":"Est","s":"25N-H58N000A-80-A"},{"r":"69","t":"10:49:00","h":"Est","s":"25N-H58NV10A-80-A"},{"r":"69","t":"10:49:00","h":"Est","s":"25N-H58NV20A-80-A"},{"r":"69","t":"10:49:00","h":"Est","s":"25S-H58S000A-80-A"},{"r":"69","t":"11:03:10","h":"Est","s":"25N-H58N000I-80-I"},{"r":"69","t":"11:03:10","h":"Est","s":"25N-H58N100F-80-F1"},{"r":"69","t":"11:03:10","h":"Est","s":"25N-H58N200F-80-F2"},{"r":"69","t":"11:03:10","h":"Est","s":"25N-H58N300F-80-F3"},{"r":"69","t":"11:03:10","h":"Est","s":"25N-H58N400F-80-F4"},{"r":"69","t":"11:03:10","h":"Est","s":"25N-H58NV10I-80-I"},{"r":"69","t":"11:03:10","h":"Est","s":"25N-H58NV20I-80-I"},{"r":"69","t":"11:03:10","h":"Est","s":"25S-H58S000I-80-I"},{"r":"69","t":"11:03:10","h":"Est","s":"25S-H58S100F-80-F1"},{"r":"69","t":"11:03:10","h":"Est","s":"25S-H58S200F-80-F2"},{"r":"69","t":"11:11:10","h":"Est","s":"25N-H58N000S-80-S"},{"r":"69","t":"11:11:10","h":"Est","s":"25N-H58NV10S-80-S"},{"r":"69","t":"11:11:10","h":"Est","s":"25N-H58NV20S-80-S"},{"r":"69","t":"11:11:10","h":"Est","s":"25S-H58S000S-80-S"},{"r":"69","t":"11:14:00","h":"Est","s":"25N-H58N000A-80-A"},{"r":"69","t":"11:14:00","h":"Est","s":"25N-H58NV10A-80-A"},{"r":"69","t":"11:14:00","h":"Est","s":"25N-H58NV20A-80-A"},{"r":"69","t":"11:14:00","h":"Est","s":"25S-H58S000A-80-A"},{"r":"69","t":"11:34:00","h":"Est","s":"25N-H58N000A-80-A"},{"r":"69","t":"11:34:00","h":"Est","s":"25N-H58NV10A-80-A"},{"r":"69","t":"11:34:00","h":"Est","s":"25N-H58NV20A-80-A"},{"r":"69","t":"11:34:00","h":"Est","s":"25S-H58S000A-80-A"},{"r":"69","t":"11:34:10","h":"Est","s":"25N-H58N000I-80-I"},{"r":"69","t":"11:34:10","h":"Est","s":"25N-H58N100F-80-F1"},{"r":"69","t":"11:34:10","h":"Est","s":"25N-H58N200F-80-F2"},{"r":"69","t":"11:34:10","h":"Est","s":"25N-H58N300F-80-F3"},{"r":"69","t":"11:34:10","h":"Est","s":"25N-H58N400F-80-F4"},{"r":"69","t":"11:34:10","h":"Est","s":"25N-H58NV10I-80-I"},{"r":"69","t":"11:34:10","h":"Est","s":"25N-H58NV20I-80-I"},{"r":"69","t":"11:34:10","h":"Est","s":"25S-H58S000I-80-I"},{"r":"69","t":"11:34:10","h":"Est","s":"25S-H58S100F-80-F1"},{"r":"69","t":"11:34:10","h":"Est","s":"25S-H58S200F-80-F2"},{"r":"69","t":"11:37:10","h":"Est","s":"25N-H58N000S-80-S"},{"r":"69","t":"11:37:10","h":"Est","s":"25N-H58NV10S-80-S"},{"r":"69","t":"11:37:10","h":"Est","s":"25N-H58NV20S-80-S"},{"r":"69","t":"11:37:10","h":"Est","s":"25S-H58S000S-80-S"},{"r":"69","t":"11:54:00","h":"Est","s":"25N-H58N000A-80-A"},{"r":"69","t":"11:54:00","h":"Est","s":"25N-H58NV10A-80-A"},{"r":"69","t":"11:54:00","h":"Est","s":"25N-H58NV20A-80-A"},{"r":"69","t":"11:54:00","h":"Est","s":"25S-H58S000A-80-A"},{"r":"69","t":"12:01:10","h":"Est","s":"25N-H58N000S-80-S"},{"r":"69","t":"12:01:10","h":"Est","s":"25N-H58NV10S-80-S"},{"r":"69","t":"12:01:10","h":"Est","s":"25N-H58NV20S-80-S"},{"r":"69","t":"12:01:10","h":"Est","s":"25S-H58S000S-80-S"},{"r":"69","t":"12:04:10","h":"Est","s":"25N-H58N000I-80-I"},{"r":"69","t":"12:04:10","h":"Est","s":"25N-H58N100F-80-F1"},{"r":"69","t":"12:04:10","h":"Est","s":"25N-H58N200F-80-F2"},{"r":"69","t":"12:04:10","h":"Est","s":"25N-H58N300F-80-F3"},{"r":"69","t":"12:04:10","h":"Est","s":"25N-H58N400F-80-F4"},{"r":"69","t":"12:04:10","h":"Est","s":"25N-H58NV10I-80-I"},{"r":"69","t":"12:04:10","h":"Est","s":"25N-H58NV20I-80-I"},{"r":"69","t":"12:04:10","h":"Est","s":"25S-H58S000I-80-I"},{"r":"69","t":"12:04:10","h":"Est","s":"25S-H58S100F-80-F1"},{"r":"69","t":"12:04:10","h":"Est","s":"25S-H58S200F-80-F2"},{"r":"69","t":"12:14:00","h":"Est","s":"25N-H58N000A-80-A"},{"r":"69","t":"12:14:00","h":"Est","s":"25N-H58NV10A-80-A"},{"r":"69","t":"12:14:00","h":"Est","s":"25N-H58NV20A-80-A"},{"r":"69","t":"12:14:00","h":"Est","s":"25S-H58S000A-80-A"},{"r":"69","t":"12:22:10","h":"Est","s":"25N-H58N000S-80-S"},{"r":"69","t":"12:22:10","h":"Est","s":"25N-H58NV10S-80-S"},{"r":"69","t":"12:22:10","h":"Est","s":"25N-H58NV20S-80-S"},{"r":"69","t":"12:22:10","h":"Est","s":"25S-H58S000S-80-S"},{"r":"69","t":"12:34:00","h":"Est","s":"25N-H58N000A-80-A"},{"r":"69","t":"12:34:00","h":"Est","s":"25N-H58NV10A-80-A"},{"r":"69","t":"12:34:00","h":"Est","s":"25N-H58NV20A-80-A"},{"r":"69","t":"12:34:00","h":"Est","s":"25S-H58S000A-80-A"},{"r":"69","t":"12:34:10","h":"Est","s":"25N-H58N000I-80-I"},{"r":"69","t":"12:34:10","h":"Est","s":"25N-H58N100F-80-F1"},{"r":"69","t":"12:34:10","h":"Est","s":"25N-H58N200F-80-F2"},{"r":"69","t":"12:34:10","h":"Est","s":"25N-H58N300F-80-F3"},{"r":"69","t":"12:34:10","h":"Est","s":"25N-H58N400F-80-F4"},{"r":"69","t":"12:34:10","h":"Est","s":"25N-H58NV10I-80-I"},{"r":"69","t":"12:34:10","h":"Est","s":"25N-H58NV20I-80-I"},{"r":"69","t":"12:34:10","h":"Est","s":"25S-H58S000I-80-I"},{"r":"69","t":"12:34:10","h":"Est","s":"25S-H58S100F-80-F1"},{"r":"69","t":"12:34:10","h":"Est","s":"25S-H58S200F-80-F2"},{"r":"69","t":"12:42:10","h":"Est","s":"25N-H58N000S-80-S"},{"r":"69","t":"12:42:10","h":"Est","s":"25N-H58NV10S-80-S"},{"r":"69","t":"12:42:10","h":"Est","s":"25N-H58NV20S-80-S"},{"r":"69","t":"12:42:10","h":"Est","s":"25S-H58S000S-80-S"},{"r":"69","t":"12:54:00","h":"Est","s":"25N-H58N000A-80-A"},{"r":"69","t":"12:54:00","h":"Est","s":"25N-H58NV10A-80-A"},{"r":"69","t":"12:54:00","h":"Est","s":"25N-H58NV20A-80-A"},{"r":"69","t":"12:54:00","h":"Est","s":"25S-H58S000A-80-A"},{"r":"69","t":"13:02:10","h":"Est","s":"25N-H58N000S-80-S"},{"r":"69","t":"13:02:10","h":"Est","s":"25N-H58NV10S-80-S"},{"r":"69","t":"13:02:10","h":"Est","s":"25N-H58NV20S-80-S"},{"r":"69","t":"13:02:10","h":"Est","s":"25S-H58S000S-80-S"},{"r":"69","t":"13:04:10","h":"Est","s":"25N-H58N000I-80-I"},{"r":"69","t":"13:04:10","h":"Est","s":"25N-H58N100F-80-F1"},{"r":"69","t":"13:04:10","h":"Est","s":"25N-H58N200F-80-F2"},{"r":"69","t":"13:04:10","h":"Est","s":"25N-H58N300F-80-F3"},{"r":"69","t":"13:04:10","h":"Est","s":"25N-H58N400F-80-F4"},{"r":"69","t":"13:04:10","h":"Est","s":"25N-H58NV10I-80-I"},{"r":"69","t":"13:04:10","h":"Est","s":"25N-H58NV20I-80-I"},{"r":"69","t":"13:04:10","h":"Est","s":"25S-H58S000I-80-I"},{"r":"69","t":"13:04:10","h":"Est","s":"25S-H58S100F-80-F1"},{"r":"69","t":"13:04:10","h":"Est","s":"25S-H58S200F-80-F2"},{"r":"69","t":"13:14:10","h":"Est","s":"25N-H58N000A-80-A"},{"r":"69","t":"13:14:10","h":"Est","s":"25N-H58NV10A-80-A"},{"r":"69","t":"13:14:10","h":"Est","s":"25N-H58NV20A-80-A"},{"r":"69","t":"13:14:10","h":"Est","s":"25S-H58S000A-80-A"},{"r":"69","t":"13:22:10","h":"Est","s":"25N-H58N000S-80-S"},{"r":"69","t":"13:22:10","h":"Est","s":"25N-H58NV10S-80-S"},{"r":"69","t":"13:22:10","h":"Est","s":"25N-H58NV20S-80-S"},{"r":"69","t":"13:22:10","h":"Est","s":"25S-H58S000S-80-S"},{"r":"69","t":"13:34:10","h":"Est","s":"25N-H58N000A-80-A"},{"r":"69","t":"13:34:10","h":"Est","s":"25N-H58N000I-80-I"},{"r":"69","t":"13:34:10","h":"Est","s":"25N-H58N100F-80-F1"},{"r":"69","t":"13:34:10","h":"Est","s":"25N-H58N200F-80-F2"},{"r":"69","t":"13:34:10","h":"Est","s":"25N-H58N300F-80-F3"},{"r":"69","t":"13:34:10","h":"Est","s":"25N-H58N400F-80-F4"},{"r":"69","t":"13:34:10","h":"Est","s":"25N-H58NV10A-80-A"},{"r":"69","t":"13:34:10","h":"Est","s":"25N-H58NV10I-80-I"},{"r":"69","t":"13:34:10","h":"Est","s":"25N-H58NV20A-80-A"},{"r":"69","t":"13:34:10","h":"Est","s":"25N-H58NV20I-80-I"},{"r":"69","t":"13:34:10","h":"Est","s":"25S-H58S000A-80-A"},{"r":"69","t":"13:34:10","h":"Est","s":"25S-H58S000I-80-I"},{"r":"69","t":"13:34:10","h":"Est","s":"25S-H58S100F-80-F1"},{"r":"69","t":"13:34:10","h":"Est","s":"25S-H58S200F-80-F2"},{"r":"69","t":"13:42:10","h":"Est","s":"25N-H58N000S-80-S"},{"r":"69","t":"13:42:10","h":"Est","s":"25N-H58NV10S-80-S"},{"r":"69","t":"13:42:10","h":"Est","s":"25N-H58NV20S-80-S"},{"r":"69","t":"13:42:10","h":"Est","s":"25S-H58S000S-80-S"},{"r":"69","t":"13:54:10","h":"Est","s":"25N-H58N000A-80-A"},{"r":"69","t":"13:54:10","h":"Est","s":"25N-H58N000I-80-I"},{"r":"69","t":"13:54:10","h":"Est","s":"25N-H58N100F-80-F1"},{"r":"69","t":"13:54:10","h":"Est","s":"25N-H58N200F-80-F2"},{"r":"69","t":"13:54:10","h":"Est","s":"25N-H58N300F-80-F3"},{"r":"69","t":"13:54:10","h":"Est","s":"25N-H58N400F-80-F4"},{"r":"69","t":"13:54:10","h":"Est","s":"25N-H58NV10A-80-A"},{"r":"69","t":"13:54:10","h":"Est","s":"25N-H58NV10I-80-I"},{"r":"69","t":"13:54:10","h":"Est","s":"25N-H58NV20A-80-A"},{"r":"69","t":"13:54:10","h":"Est","s":"25N-H58NV20I-80-I"},{"r":"69","t":"13:54:10","h":"Est","s":"25S-H58S000A-80-A"},{"r":"69","t":"13:54:10","h":"Est","s":"25S-H58S000I-80-I"},{"r":"69","t":"13:54:10","h":"Est","s":"25S-H58S100F-80-F1"},{"r":"69","t":"13:54:10","h":"Est","s":"25S-H58S200F-80-F2"},{"r":"69","t":"14:00:10","h":"Est","s":"25N-H58N000S-80-S"},{"r":"69","t":"14:00:10","h":"Est","s":"25N-H58NV10S-80-S"},{"r":"69","t":"14:00:10","h":"Est","s":"25N-H58NV20S-80-S"},{"r":"69","t":"14:00:10","h":"Est","s":"25S-H58S000S-80-S"},{"r":"69","t":"14:14:10","h":"Est","s":"25N-H58N000I-80-I"},{"r":"69","t":"14:14:10","h":"Est","s":"25N-H58N100F-80-F1"},{"r":"69","t":"14:14:10","h":"Est","s":"25N-H58N200F-80-F2"},{"r":"69","t":"14:14:10","h":"Est","s":"25N-H58N300F-80-F3"},{"r":"69","t":"14:14:10","h":"Est","s":"25N-H58N400F-80-F4"},{"r":"69","t":"14:14:10","h":"Est","s":"25N-H58NV10I-80-I"},{"r":"69","t":"14:14:10","h":"Est","s":"25N-H58NV20I-80-I"},{"r":"69","t":"14:14:10","h":"Est","s":"25S-H58S000I-80-I"},{"r":"69","t":"14:14:10","h":"Est","s":"25S-H58S100F-80-F1"},{"r":"69","t":"14:14:10","h":"Est","s":"25S-H58S200F-80-F2"},{"r":"69","t":"14:15:10","h":"Est","s":"25N-H58N000A-80-A"},{"r":"69","t":"14:15:10","h":"Est","s":"25N-H58NV10A-80-A"},{"r":"69","t":"14:15:10","h":"Est","s":"25N-H58NV20A-80-A"},{"r":"69","t":"14:15:10","h":"Est","s":"25S-H58S000A-80-A"},{"r":"69","t":"14:17:10","h":"Est","s":"25N-H58N000S-80-S"},{"r":"69","t":"14:17:10","h":"Est","s":"25N-H58NV10S-80-S"},{"r":"69","t":"14:17:10","h":"Est","s":"25N-H58NV20S-80-S"},{"r":"69","t":"14:17:10","h":"Est","s":"25S-H58S000S-80-S"},{"r":"69","t":"14:34:10","h":"Est","s":"25N-H58N000I-80-I"},{"r":"69","t":"14:34:10","h":"Est","s":"25N-H58N000S-80-S"},{"r":"69","t":"14:34:10","h":"Est","s":"25N-H58N100F-80-F1"},{"r":"69","t":"14:34:10","h":"Est","s":"25N-H58N200F-80-F2"},{"r":"69","t":"14:34:10","h":"Est","s":"25N-H58N300F-80-F3"},{"r":"69","t":"14:34:10","h":"Est","s":"25N-H58N400F-80-F4"},{"r":"69","t":"14:34:10","h":"Est","s":"25N-H58NV10I-80-I"},{"r":"69","t":"14:34:10","h":"Est","s":"25N-H58NV10S-80-S"},{"r":"69","t":"14:34:10","h":"Est","s":"25N-H58NV20I-80-I"},{"r":"69","t":"14:34:10","h":"Est","s":"25N-H58NV20S-80-S"},{"r":"69","t":"14:34:10","h":"Est","s":"25S-H58S000I-80-I"},{"r":"69","t":"14:34:10","h":"Est","s":"25S-H58S000S-80-S"},{"r":"69","t":"14:34:10","h":"Est","s":"25S-H58S100F-80-F1"},{"r":"69","t":"14:34:10","h":"Est","s":"25S-H58S200F-80-F2"},{"r":"69","t":"14:35:10","h":"Est","s":"25N-H58N000A-80-A"},{"r":"69","t":"14:35:10","h":"Est","s":"25N-H58NV10A-80-A"},{"r":"69","t":"14:35:10","h":"Est","s":"25N-H58NV20A-80-A"},{"r":"69","t":"14:35:10","h":"Est","s":"25S-H58S000A-80-A"},{"r":"69","t":"14:50:10","h":"Est","s":"25N-H58N000S-80-S"},{"r":"69","t":"14:50:10","h":"Est","s":"25N-H58NV10S-80-S"},{"r":"69","t":"14:50:10","h":"Est","s":"25N-H58NV20S-80-S"},{"r":"69","t":"14:50:10","h":"Est","s":"25S-H58S000S-80-S"},{"r":"69","t":"14:54:10","h":"Est","s":"25N-H58N000I-80-I"},{"r":"69","t":"14:54:10","h":"Est","s":"25N-H58N100F-80-F1"},{"r":"69","t":"14:54:10","h":"Est","s":"25N-H58N200F-80-F2"},{"r":"69","t":"14:54:10","h":"Est","s":"25N-H58N300F-80-F3"},{"r":"69","t":"14:54:10","h":"Est","s":"25N-H58N400F-80-F4"},{"r":"69","t":"14:54:10","h":"Est","s":"25N-H58NV10I-80-I"},{"r":"69","t":"14:54:10","h":"Est","s":"25N-H58NV20I-80-I"},{"r":"69","t":"14:54:10","h":"Est","s":"25S-H58S000I-80-I"},{"r":"69","t":"14:54:10","h":"Est","s":"25S-H58S100F-80-F1"},{"r":"69","t":"14:54:10","h":"Est","s":"25S-H58S200F-80-F2"},{"r":"69","t":"14:55:10","h":"Est","s":"25N-H58N000A-80-A"},{"r":"69","t":"14:55:10","h":"Est","s":"25N-H58NV10A-80-A"},{"r":"69","t":"14:55:10","h":"Est","s":"25N-H58NV20A-80-A"},{"r":"69","t":"14:55:10","h":"Est","s":"25S-H58S000A-80-A"},{"r":"69","t":"15:08:10","h":"Est","s":"25N-H58N000S-80-S"},{"r":"69","t":"15:08:10","h":"Est","s":"25N-H58NV10S-80-S"},{"r":"69","t":"15:08:10","h":"Est","s":"25N-H58NV20S-80-S"},{"r":"69","t":"15:08:10","h":"Est","s":"25S-H58S000S-80-S"},{"r":"69","t":"15:14:10","h":"Est","s":"25N-H58N000I-80-I"},{"r":"69","t":"15:14:10","h":"Est","s":"25N-H58N100F-80-F1"},{"r":"69","t":"15:14:10","h":"Est","s":"25N-H58N200F-80-F2"},{"r":"69","t":"15:14:10","h":"Est","s":"25N-H58N300F-80-F3"},{"r":"69","t":"15:14:10","h":"Est","s":"25N-H58N400F-80-F4"},{"r":"69","t":"15:14:10","h":"Est","s":"25N-H58NV10I-80-I"},{"r":"69","t":"15:14:10","h":"Est","s":"25N-H58NV20I-80-I"},{"r":"69","t":"15:14:10","h":"Est","s":"25S-H58S000I-80-I"},{"r":"69","t":"15:14:10","h":"Est","s":"25S-H58S100F-80-F1"},{"r":"69","t":"15:14:10","h":"Est","s":"25S-H58S200F-80-F2"},{"r":"69","t":"15:15:10","h":"Est","s":"25N-H58N000A-80-A"},{"r":"69","t":"15:15:10","h":"Est","s":"25N-H58NV10A-80-A"},{"r":"69","t":"15:15:10","h":"Est","s":"25N-H58NV20A-80-A"},{"r":"69","t":"15:15:10","h":"Est","s":"25S-H58S000A-80-A"},{"r":"69","t":"15:27:10","h":"Est","s":"25N-H58N000S-80-S"},{"r":"69","t":"15:27:10","h":"Est","s":"25N-H58NV10S-80-S"},{"r":"69","t":"15:27:10","h":"Est","s":"25N-H58NV20S-80-S"},{"r":"69","t":"15:27:10","h":"Est","s":"25S-H58S000S-80-S"},{"r":"69","t":"15:34:10","h":"Est","s":"25N-H58N000I-80-I"},{"r":"69","t":"15:34:10","h":"Est","s":"25N-H58N100F-80-F1"},{"r":"69","t":"15:34:10","h":"Est","s":"25N-H58N200F-80-F2"},{"r":"69","t":"15:34:10","h":"Est","s":"25N-H58N300F-80-F3"},{"r":"69","t":"15:34:10","h":"Est","s":"25N-H58N400F-80-F4"},{"r":"69","t":"15:34:10","h":"Est","s":"25N-H58NV10I-80-I"},{"r":"69","t":"15:34:10","h":"Est","s":"25N-H58NV20I-80-I"},{"r":"69","t":"15:34:10","h":"Est","s":"25S-H58S000I-80-I"},{"r":"69","t":"15:34:10","h":"Est","s":"25S-H58S100F-80-F1"},{"r":"69","t":"15:34:10","h":"Est","s":"25S-H58S200F-80-F2"},{"r":"69","t":"15:35:10","h":"Est","s":"25N-H58N000A-80-A"},{"r":"69","t":"15:35:10","h":"Est","s":"25N-H58NV10A-80-A"},{"r":"69","t":"15:35:10","h":"Est","s":"25N-H58NV20A-80-A"},{"r":"69","t":"15:35:10","h":"Est","s":"25S-H58S000A-80-A"},{"r":"69","t":"15:42:10","h":"Est","s":"25N-H58N000S-80-S"},{"r":"69","t":"15:42:10","h":"Est","s":"25N-H58NV10S-80-S"},{"r":"69","t":"15:42:10","h":"Est","s":"25N-H58NV20S-80-S"},{"r":"69","t":"15:42:10","h":"Est","s":"25S-H58S000S-80-S"},{"r":"69","t":"15:50:10","h":"Est","s":"25N-H58N000A-80-A"},{"r":"69","t":"15:50:10","h":"Est","s":"25N-H58NV10A-80-A"},{"r":"69","t":"15:50:10","h":"Est","s":"25N-H58NV20A-80-A"},{"r":"69","t":"15:50:10","h":"Est","s":"25S-H58S000A-80-A"},{"r":"69","t":"15:54:10","h":"Est","s":"25N-H58N000I-80-I"},{"r":"69","t":"15:54:10","h":"Est","s":"25N-H58N000S-80-S"},{"r":"69","t":"15:54:10","h":"Est","s":"25N-H58N100F-80-F1"},{"r":"69","t":"15:54:10","h":"Est","s":"25N-H58N200F-80-F2"},{"r":"69","t":"15:54:10","h":"Est","s":"25N-H58N300F-80-F3"},{"r":"69","t":"15:54:10","h":"Est","s":"25N-H58N400F-80-F4"},{"r":"69","t":"15:54:10","h":"Est","s":"25N-H58NV10I-80-I"},{"r":"69","t":"15:54:10","h":"Est","s":"25N-H58NV10S-80-S"},{"r":"69","t":"15:54:10","h":"Est","s":"25N-H58NV20I-80-I"},{"r":"69","t":"15:54:10","h":"Est","s":"25N-H58NV20S-80-S"},{"r":"69","t":"15:54:10","h":"Est","s":"25S-H58S000I-80-I"},{"r":"69","t":"15:54:10","h":"Est","s":"25S-H58S000S-80-S"},{"r":"69","t":"15:54:10","h":"Est","s":"25S-H58S100F-80-F1"},{"r":"69","t":"15:54:10","h":"Est","s":"25S-H58S200F-80-F2"},{"r":"69","t":"16:04:10","h":"Est","s":"25N-H58N000S-80-S"},{"r":"69","t":"16:04:10","h":"Est","s":"25N-H58NV10S-80-S"},{"r":"69","t":"16:04:10","h":"Est","s":"25N-H58NV20S-80-S"},{"r":"69","t":"16:04:10","h":"Est","s":"25S-H58S000S-80-S"},{"r":"69","t":"16:05:10","h":"Est","s":"25N-H58N000A-80-A"},{"r":"69","t":"16:05:10","h":"Est","s":"25N-H58NV10A-80-A"},{"r":"69","t":"16:05:10","h":"Est","s":"25N-H58NV20A-80-A"},{"r":"69","t":"16:05:10","h":"Est","s":"25S-H58S000A-80-A"},{"r":"69","t":"16:14:10","h":"Est","s":"25N-H58N000I-80-I"},{"r":"69","t":"16:14:10","h":"Est","s":"25N-H58N100F-80-F1"},{"r":"69","t":"16:14:10","h":"Est","s":"25N-H58N200F-80-F2"},{"r":"69","t":"16:14:10","h":"Est","s":"25N-H58N300F-80-F3"},{"r":"69","t":"16:14:10","h":"Est","s":"25N-H58N400F-80-F4"},{"r":"69","t":"16:14:10","h":"Est","s":"25N-H58NV10I-80-I"},{"r":"69","t":"16:14:10","h":"Est","s":"25N-H58NV20I-80-I"},{"r":"69","t":"16:14:10","h":"Est","s":"25S-H58S000I-80-I"},{"r":"69","t":"16:14:10","h":"Est","s":"25S-H58S100F-80-F1"},{"r":"69","t":"16:14:10","h":"Est","s":"25S-H58S200F-80-F2"},{"r":"69","t":"16:15:10","h":"Est","s":"25N-H58N000S-80-S"},{"r":"69","t":"16:15:10","h":"Est","s":"25N-H58NV10S-80-S"},{"r":"69","t":"16:15:10","h":"Est","s":"25N-H58NV20S-80-S"},{"r":"69","t":"16:15:10","h":"Est","s":"25S-H58S000S-80-S"},{"r":"69","t":"16:20:10","h":"Est","s":"25N-H58N000A-80-A"},{"r":"69","t":"16:20:10","h":"Est","s":"25N-H58NV10A-80-A"},{"r":"69","t":"16:20:10","h":"Est","s":"25N-H58NV20A-80-A"},{"r":"69","t":"16:20:10","h":"Est","s":"25S-H58S000A-80-A"},{"r":"69","t":"16:25:10","h":"Est","s":"25N-H58N000S-80-S"},{"r":"69","t":"16:25:10","h":"Est","s":"25N-H58NV10S-80-S"},{"r":"69","t":"16:25:10","h":"Est","s":"25N-H58NV20S-80-S"},{"r":"69","t":"16:25:10","h":"Est","s":"25S-H58S000S-80-S"},{"r":"69","t":"16:34:10","h":"Est","s":"25N-H58N000I-80-I"},{"r":"69","t":"16:34:10","h":"Est","s":"25N-H58N000S-80-S"},{"r":"69","t":"16:34:10","h":"Est","s":"25N-H58N100F-80-F1"},{"r":"69","t":"16:34:10","h":"Est","s":"25N-H58N200F-80-F2"},{"r":"69","t":"16:34:10","h":"Est","s":"25N-H58N300F-80-F3"},{"r":"69","t":"16:34:10","h":"Est","s":"25N-H58N400F-80-F4"},{"r":"69","t":"16:34:10","h":"Est","s":"25N-H58NV10I-80-I"},{"r":"69","t":"16:34:10","h":"Est","s":"25N-H58NV10S-80-S"},{"r":"69","t":"16:34:10","h":"Est","s":"25N-H58NV20I-80-I"},{"r":"69","t":"16:34:10","h":"Est","s":"25N-H58NV20S-80-S"},{"r":"69","t":"16:34:10","h":"Est","s":"25S-H58S000I-80-I"},{"r":"69","t":"16:34:10","h":"Est","s":"25S-H58S000S-80-S"},{"r":"69","t":"16:34:10","h":"Est","s":"25S-H58S100F-80-F1"},{"r":"69","t":"16:34:10","h":"Est","s":"25S-H58S200F-80-F2"},{"r":"69","t":"16:35:10","h":"Est","s":"25N-H58N000A-80-A"},{"r":"69","t":"16:35:10","h":"Est","s":"25N-H58NV10A-80-A"},{"r":"69","t":"16:35:10","h":"Est","s":"25N-H58NV20A-80-A"},{"r":"69","t":"16:35:10","h":"Est","s":"25S-H58S000A-80-A"},{"r":"69","t":"16:43:10","h":"Est","s":"25N-H58N000S-80-S"},{"r":"69","t":"16:43:10","h":"Est","s":"25N-H58NV10S-80-S"},{"r":"69","t":"16:43:10","h":"Est","s":"25N-H58NV20S-80-S"},{"r":"69","t":"16:43:10","h":"Est","s":"25S-H58S000S-80-S"},{"r":"69","t":"16:53:10","h":"Est","s":"25N-H58N000S-80-S"},{"r":"69","t":"16:53:10","h":"Est","s":"25N-H58NV10S-80-S"},{"r":"69","t":"16:53:10","h":"Est","s":"25N-H58NV20S-80-S"},{"r":"69","t":"16:53:10","h":"Est","s":"25S-H58S000S-80-S"},{"r":"69","t":"16:54:10","h":"Est","s":"25N-H58N000I-80-I"},{"r":"69","t":"16:54:10","h":"Est","s":"25N-H58N100F-80-F1"},{"r":"69","t":"16:54:10","h":"Est","s":"25N-H58N200F-80-F2"},{"r":"69","t":"16:54:10","h":"Est","s":"25N-H58N300F-80-F3"},{"r":"69","t":"16:54:10","h":"Est","s":"25N-H58N400F-80-F4"},{"r":"69","t":"16:54:10","h":"Est","s":"25N-H58NV10I-80-I"},{"r":"69","t":"16:54:10","h":"Est","s":"25N-H58NV20I-80-I"},{"r":"69","t":"16:54:10","h":"Est","s":"25S-H58S000I-80-I"},{"r":"69","t":"16:54:10","h":"Est","s":"25S-H58S100F-80-F1"},{"r":"69","t":"16:54:10","h":"Est","s":"25S-H58S200F-80-F2"},{"r":"69","t":"16:55:10","h":"Est","s":"25N-H58N000A-80-A"},{"r":"69","t":"16:55:10","h":"Est","s":"25N-H58NV10A-80-A"},{"r":"69","t":"16:55:10","h":"Est","s":"25N-H58NV20A-80-A"},{"r":"69","t":"16:55:10","h":"Est","s":"25S-H58S000A-80-A"},{"r":"69","t":"17:03:10","h":"Est","s":"25N-H58N000S-80-S"},{"r":"69","t":"17:03:10","h":"Est","s":"25N-H58NV10S-80-S"},{"r":"69","t":"17:03:10","h":"Est","s":"25N-H58NV20S-80-S"},{"r":"69","t":"17:03:10","h":"Est","s":"25S-H58S000S-80-S"},{"r":"69","t":"17:14:10","h":"Est","s":"25N-H58N000I-80-I"},{"r":"69","t":"17:14:10","h":"Est","s":"25N-H58N000S-80-S"},{"r":"69","t":"17:14:10","h":"Est","s":"25N-H58N100F-80-F1"},{"r":"69","t":"17:14:10","h":"Est","s":"25N-H58N200F-80-F2"},{"r":"69","t":"17:14:10","h":"Est","s":"25N-H58N300F-80-F3"},{"r":"69","t":"17:14:10","h":"Est","s":"25N-H58N400F-80-F4"},{"r":"69","t":"17:14:10","h":"Est","s":"25N-H58NV10I-80-I"},{"r":"69","t":"17:14:10","h":"Est","s":"25N-H58NV10S-80-S"},{"r":"69","t":"17:14:10","h":"Est","s":"25N-H58NV20I-80-I"},{"r":"69","t":"17:14:10","h":"Est","s":"25N-H58NV20S-80-S"},{"r":"69","t":"17:14:10","h":"Est","s":"25S-H58S000I-80-I"},{"r":"69","t":"17:14:10","h":"Est","s":"25S-H58S000S-80-S"},{"r":"69","t":"17:14:10","h":"Est","s":"25S-H58S100F-80-F1"},{"r":"69","t":"17:14:10","h":"Est","s":"25S-H58S200F-80-F2"},{"r":"69","t":"17:15:10","h":"Est","s":"25N-H58N000A-80-A"},{"r":"69","t":"17:15:10","h":"Est","s":"25N-H58NV10A-80-A"},{"r":"69","t":"17:15:10","h":"Est","s":"25N-H58NV20A-80-A"},{"r":"69","t":"17:15:10","h":"Est","s":"25S-H58S000A-80-A"},{"r":"69","t":"17:23:10","h":"Est","s":"25N-H58N000S-80-S"},{"r":"69","t":"17:23:10","h":"Est","s":"25N-H58NV10S-80-S"},{"r":"69","t":"17:23:10","h":"Est","s":"25N-H58NV20S-80-S"},{"r":"69","t":"17:23:10","h":"Est","s":"25S-H58S000S-80-S"},{"r":"69","t":"17:32:10","h":"Est","s":"25N-H58N000I-80-I"},{"r":"69","t":"17:32:10","h":"Est","s":"25N-H58N100F-80-F1"},{"r":"69","t":"17:32:10","h":"Est","s":"25N-H58N200F-80-F2"},{"r":"69","t":"17:32:10","h":"Est","s":"25N-H58N300F-80-F3"},{"r":"69","t":"17:32:10","h":"Est","s":"25N-H58N400F-80-F4"},{"r":"69","t":"17:32:10","h":"Est","s":"25N-H58NV10I-80-I"},{"r":"69","t":"17:32:10","h":"Est","s":"25N-H58NV20I-80-I"},{"r":"69","t":"17:32:10","h":"Est","s":"25S-H58S000I-80-I"},{"r":"69","t":"17:32:10","h":"Est","s":"25S-H58S100F-80-F1"},{"r":"69","t":"17:32:10","h":"Est","s":"25S-H58S200F-80-F2"},{"r":"69","t":"17:33:10","h":"Est","s":"25N-H58N000A-80-A"},{"r":"69","t":"17:33:10","h":"Est","s":"25N-H58N000S-80-S"},{"r":"69","t":"17:33:10","h":"Est","s":"25N-H58NV10A-80-A"},{"r":"69","t":"17:33:10","h":"Est","s":"25N-H58NV10S-80-S"},{"r":"69","t":"17:33:10","h":"Est","s":"25N-H58NV20A-80-A"},{"r":"69","t":"17:33:10","h":"Est","s":"25N-H58NV20S-80-S"},{"r":"69","t":"17:33:10","h":"Est","s":"25S-H58S000A-80-A"},{"r":"69","t":"17:33:10","h":"Est","s":"25S-H58S000S-80-S"},{"r":"69","t":"17:43:10","h":"Est","s":"25N-H58N000S-80-S"},{"r":"69","t":"17:43:10","h":"Est","s":"25N-H58NV10S-80-S"},{"r":"69","t":"17:43:10","h":"Est","s":"25N-H58NV20S-80-S"},{"r":"69","t":"17:43:10","h":"Est","s":"25S-H58S000S-80-S"},{"r":"69","t":"17:52:10","h":"Est","s":"25N-H58N000A-80-A"},{"r":"69","t":"17:52:10","h":"Est","s":"25N-H58N000I-80-I"},{"r":"69","t":"17:52:10","h":"Est","s":"25N-H58N100F-80-F1"},{"r":"69","t":"17:52:10","h":"Est","s":"25N-H58N200F-80-F2"},{"r":"69","t":"17:52:10","h":"Est","s":"25N-H58N300F-80-F3"},{"r":"69","t":"17:52:10","h":"Est","s":"25N-H58N400F-80-F4"},{"r":"69","t":"17:52:10","h":"Est","s":"25N-H58NV10A-80-A"},{"r":"69","t":"17:52:10","h":"Est","s":"25N-H58NV10I-80-I"},{"r":"69","t":"17:52:10","h":"Est","s":"25N-H58NV20A-80-A"},{"r":"69","t":"17:52:10","h":"Est","s":"25N-H58NV20I-80-I"},{"r":"69","t":"17:52:10","h":"Est","s":"25S-H58S000A-80-A"},{"r":"69","t":"17:52:10","h":"Est","s":"25S-H58S000I-80-I"},{"r":"69","t":"17:52:10","h":"Est","s":"25S-H58S100F-80-F1"},{"r":"69","t":"17:52:10","h":"Est","s":"25S-H58S200F-80-F2"},{"r":"69","t":"17:53:10","h":"Est","s":"25N-H58N000S-80-S"},{"r":"69","t":"17:53:10","h":"Est","s":"25N-H58NV10S-80-S"},{"r":"69","t":"17:53:10","h":"Est","s":"25N-H58NV20S-80-S"},{"r":"69","t":"17:53:10","h":"Est","s":"25S-H58S000S-80-S"},{"r":"69","t":"18:03:00","h":"Est","s":"25N-H58N000S-80-S"},{"r":"69","t":"18:03:00","h":"Est","s":"25N-H58NV10S-80-S"},{"r":"69","t":"18:03:00","h":"Est","s":"25N-H58NV20S-80-S"},{"r":"69","t":"18:03:00","h":"Est","s":"25S-H58S000S-80-S"},{"r":"69","t":"18:11:10","h":"Est","s":"25N-H58N000A-80-A"},{"r":"69","t":"18:11:10","h":"Est","s":"25N-H58NV10A-80-A"},{"r":"69","t":"18:11:10","h":"Est","s":"25N-H58NV20A-80-A"},{"r":"69","t":"18:11:10","h":"Est","s":"25S-H58S000A-80-A"},{"r":"69","t":"18:12:00","h":"Est","s":"25N-H58N000S-80-S"},{"r":"69","t":"18:12:00","h":"Est","s":"25N-H58NV10S-80-S"},{"r":"69","t":"18:12:00","h":"Est","s":"25N-H58NV20S-80-S"},{"r":"69","t":"18:12:00","h":"Est","s":"25S-H58S000S-80-S"},{"r":"69","t":"18:12:10","h":"Est","s":"25N-H58N000I-80-I"},{"r":"69","t":"18:12:10","h":"Est","s":"25N-H58N100F-80-F1"},{"r":"69","t":"18:12:10","h":"Est","s":"25N-H58N200F-80-F2"},{"r":"69","t":"18:12:10","h":"Est","s":"25N-H58N300F-80-F3"},{"r":"69","t":"18:12:10","h":"Est","s":"25N-H58N400F-80-F4"},{"r":"69","t":"18:12:10","h":"Est","s":"25N-H58NV10I-80-I"},{"r":"69","t":"18:12:10","h":"Est","s":"25N-H58NV20I-80-I"},{"r":"69","t":"18:12:10","h":"Est","s":"25S-H58S000I-80-I"},{"r":"69","t":"18:12:10","h":"Est","s":"25S-H58S100F-80-F1"},{"r":"69","t":"18:12:10","h":"Est","s":"25S-H58S200F-80-F2"},{"r":"69","t":"18:21:00","h":"Est","s":"25N-H58N000S-80-S"},{"r":"69","t":"18:21:00","h":"Est","s":"25N-H58NV10S-80-S"},{"r":"69","t":"18:21:00","h":"Est","s":"25N-H58NV20S-80-S"},{"r":"69","t":"18:21:00","h":"Est","s":"25S-H58S000S-80-S"},{"r":"69","t":"18:29:00","h":"Est","s":"25N-H58N000S-80-S"},{"r":"69","t":"18:29:00","h":"Est","s":"25N-H58NV10S-80-S"},{"r":"69","t":"18:29:00","h":"Est","s":"25N-H58NV20S-80-S"},{"r":"69","t":"18:29:00","h":"Est","s":"25S-H58S000S-80-S"},{"r":"69","t":"18:30:10","h":"Est","s":"25N-H58N000A-80-A"},{"r":"69","t":"18:30:10","h":"Est","s":"25N-H58NV10A-80-A"},{"r":"69","t":"18:30:10","h":"Est","s":"25N-H58NV20A-80-A"},{"r":"69","t":"18:30:10","h":"Est","s":"25S-H58S000A-80-A"},{"r":"69","t":"18:33:10","h":"Est","s":"25N-H58N000I-80-I"},{"r":"69","t":"18:33:10","h":"Est","s":"25N-H58N100F-80-F1"},{"r":"69","t":"18:33:10","h":"Est","s":"25N-H58N200F-80-F2"},{"r":"69","t":"18:33:10","h":"Est","s":"25N-H58N300F-80-F3"},{"r":"69","t":"18:33:10","h":"Est","s":"25N-H58N400F-80-F4"},{"r":"69","t":"18:33:10","h":"Est","s":"25N-H58NV10I-80-I"},{"r":"69","t":"18:33:10","h":"Est","s":"25N-H58NV20I-80-I"},{"r":"69","t":"18:33:10","h":"Est","s":"25S-H58S000I-80-I"},{"r":"69","t":"18:33:10","h":"Est","s":"25S-H58S100F-80-F1"},{"r":"69","t":"18:33:10","h":"Est","s":"25S-H58S200F-80-F2"},{"r":"69","t":"18:37:00","h":"Est","s":"25N-H58N000S-80-S"},{"r":"69","t":"18:37:00","h":"Est","s":"25N-H58NV10S-80-S"},{"r":"69","t":"18:37:00","h":"Est","s":"25N-H58NV20S-80-S"},{"r":"69","t":"18:37:00","h":"Est","s":"25S-H58S000S-80-S"},{"r":"69","t":"18:46:00","h":"Est","s":"25N-H58N000S-80-S"},{"r":"69","t":"18:46:00","h":"Est","s":"25N-H58NV10S-80-S"},{"r":"69","t":"18:46:00","h":"Est","s":"25N-H58NV20S-80-S"},{"r":"69","t":"18:46:00","h":"Est","s":"25S-H58S000S-80-S"},{"r":"69","t":"18:49:10","h":"Est","s":"25N-H58N000A-80-A"},{"r":"69","t":"18:49:10","h":"Est","s":"25N-H58NV10A-80-A"},{"r":"69","t":"18:49:10","h":"Est","s":"25N-H58NV20A-80-A"},{"r":"69","t":"18:49:10","h":"Est","s":"25S-H58S000A-80-A"},{"r":"69","t":"18:53:10","h":"Est","s":"25N-H58N000I-80-I"},{"r":"69","t":"18:53:10","h":"Est","s":"25N-H58N100F-80-F1"},{"r":"69","t":"18:53:10","h":"Est","s":"25N-H58N200F-80-F2"},{"r":"69","t":"18:53:10","h":"Est","s":"25N-H58N300F-80-F3"},{"r":"69","t":"18:53:10","h":"Est","s":"25N-H58N400F-80-F4"},{"r":"69","t":"18:53:10","h":"Est","s":"25N-H58NV10I-80-I"},{"r":"69","t":"18:53:10","h":"Est","s":"25N-H58NV20I-80-I"},{"r":"69","t":"18:53:10","h":"Est","s":"25S-H58S000I-80-I"},{"r":"69","t":"18:53:10","h":"Est","s":"25S-H58S100F-80-F1"},{"r":"69","t":"18:53:10","h":"Est","s":"25S-H58S200F-80-F2"},{"r":"69","t":"18:54:00","h":"Est","s":"25N-H58N000S-80-S"},{"r":"69","t":"18:54:00","h":"Est","s":"25N-H58NV10S-80-S"},{"r":"69","t":"18:54:00","h":"Est","s":"25N-H58NV20S-80-S"},{"r":"69","t":"18:54:00","h":"Est","s":"25S-H58S000S-80-S"},{"r":"69","t":"19:05:00","h":"Est","s":"25N-H58N000S-80-S"},{"r":"69","t":"19:05:00","h":"Est","s":"25N-H58NV10S-80-S"},{"r":"69","t":"19:05:00","h":"Est","s":"25N-H58NV20S-80-S"},{"r":"69","t":"19:05:00","h":"Est","s":"25S-H58S000S-80-S"},{"r":"69","t":"19:11:00","h":"Est","s":"25N-H58N000A-80-A"},{"r":"69","t":"19:11:00","h":"Est","s":"25N-H58NV10A-80-A"},{"r":"69","t":"19:11:00","h":"Est","s":"25N-H58NV20A-80-A"},{"r":"69","t":"19:11:00","h":"Est","s":"25S-H58S000A-80-A"},{"r":"69","t":"19:13:00","h":"Est","s":"25N-H58N000I-80-I"},{"r":"69","t":"19:13:00","h":"Est","s":"25N-H58N100F-80-F1"},{"r":"69","t":"19:13:00","h":"Est","s":"25N-H58N200F-80-F2"},{"r":"69","t":"19:13:00","h":"Est","s":"25N-H58N300F-80-F3"},{"r":"69","t":"19:13:00","h":"Est","s":"25N-H58N400F-80-F4"},{"r":"69","t":"19:13:00","h":"Est","s":"25N-H58NV10I-80-I"},{"r":"69","t":"19:13:00","h":"Est","s":"25N-H58NV20I-80-I"},{"r":"69","t":"19:13:00","h":"Est","s":"25S-H58S000I-80-I"},{"r":"69","t":"19:13:00","h":"Est","s":"25S-H58S100F-80-F1"},{"r":"69","t":"19:13:00","h":"Est","s":"25S-H58S200F-80-F2"},{"r":"69","t":"19:18:00","h":"Est","s":"25N-H58N000S-80-S"},{"r":"69","t":"19:18:00","h":"Est","s":"25N-H58NV10S-80-S"},{"r":"69","t":"19:18:00","h":"Est","s":"25N-H58NV20S-80-S"},{"r":"69","t":"19:18:00","h":"Est","s":"25S-H58S000S-80-S"},{"r":"69","t":"19:33:00","h":"Est","s":"25N-H58N000A-80-A"},{"r":"69","t":"19:33:00","h":"Est","s":"25N-H58NV10A-80-A"},{"r":"69","t":"19:33:00","h":"Est","s":"25N-H58NV20A-80-A"},{"r":"69","t":"19:33:00","h":"Est","s":"25S-H58S000A-80-A"},{"r":"69","t":"19:39:00","h":"Est","s":"25N-H58N000S-80-S"},{"r":"69","t":"19:39:00","h":"Est","s":"25N-H58NV10S-80-S"},{"r":"69","t":"19:39:00","h":"Est","s":"25N-H58NV20S-80-S"},{"r":"69","t":"19:39:00","h":"Est","s":"25S-H58S000S-80-S"},{"r":"69","t":"19:42:00","h":"Est","s":"25N-H58N000I-80-I"},{"r":"69","t":"19:42:00","h":"Est","s":"25N-H58N100F-80-F1"},{"r":"69","t":"19:42:00","h":"Est","s":"25N-H58N200F-80-F2"},{"r":"69","t":"19:42:00","h":"Est","s":"25N-H58N300F-80-F3"},{"r":"69","t":"19:42:00","h":"Est","s":"25N-H58N400F-80-F4"},{"r":"69","t":"19:42:00","h":"Est","s":"25N-H58NV10I-80-I"},{"r":"69","t":"19:42:00","h":"Est","s":"25N-H58NV20I-80-I"},{"r":"69","t":"19:42:00","h":"Est","s":"25S-H58S000I-80-I"},{"r":"69","t":"19:42:00","h":"Est","s":"25S-H58S100F-80-F1"},{"r":"69","t":"19:42:00","h":"Est","s":"25S-H58S200F-80-F2"},{"r":"69","t":"20:00:00","h":"Est","s":"25N-H58N000A-80-A"},{"r":"69","t":"20:00:00","h":"Est","s":"25N-H58NV10A-80-A"},{"r":"69","t":"20:00:00","h":"Est","s":"25N-H58NV20A-80-A"},{"r":"69","t":"20:00:00","h":"Est","s":"25S-H58S000A-80-A"},{"r":"69","t":"20:05:00","h":"Est","s":"25N-H58N000S-80-S"},{"r":"69","t":"20:05:00","h":"Est","s":"25N-H58NV10S-80-S"},{"r":"69","t":"20:05:00","h":"Est","s":"25N-H58NV20S-80-S"},{"r":"69","t":"20:05:00","h":"Est","s":"25S-H58S000S-80-S"},{"r":"69","t":"20:12:00","h":"Est","s":"25N-H58N000I-80-I"},{"r":"69","t":"20:12:00","h":"Est","s":"25N-H58N100F-80-F1"},{"r":"69","t":"20:12:00","h":"Est","s":"25N-H58N200F-80-F2"},{"r":"69","t":"20:12:00","h":"Est","s":"25N-H58N300F-80-F3"},{"r":"69","t":"20:12:00","h":"Est","s":"25N-H58N400F-80-F4"},{"r":"69","t":"20:12:00","h":"Est","s":"25N-H58NV10I-80-I"},{"r":"69","t":"20:12:00","h":"Est","s":"25N-H58NV20I-80-I"},{"r":"69","t":"20:12:00","h":"Est","s":"25S-H58S000I-80-I"},{"r":"69","t":"20:12:00","h":"Est","s":"25S-H58S100F-80-F1"},{"r":"69","t":"20:12:00","h":"Est","s":"25S-H58S200F-80-F2"},{"r":"69","t":"20:27:00","h":"Est","s":"25N-H58N000A-80-A"},{"r":"69","t":"20:27:00","h":"Est","s":"25N-H58NV10A-80-A"},{"r":"69","t":"20:27:00","h":"Est","s":"25N-H58NV20A-80-A"},{"r":"69","t":"20:27:00","h":"Est","s":"25S-H58S000A-80-A"},{"r":"69","t":"20:31:00","h":"Est","s":"25N-H58N000S-80-S"},{"r":"69","t":"20:31:00","h":"Est","s":"25N-H58NV10S-80-S"},{"r":"69","t":"20:31:00","h":"Est","s":"25N-H58NV20S-80-S"},{"r":"69","t":"20:31:00","h":"Est","s":"25S-H58S000S-80-S"},{"r":"69","t":"20:42:00","h":"Est","s":"25N-H58N000I-80-I"},{"r":"69","t":"20:42:00","h":"Est","s":"25N-H58N100F-80-F1"},{"r":"69","t":"20:42:00","h":"Est","s":"25N-H58N200F-80-F2"},{"r":"69","t":"20:42:00","h":"Est","s":"25N-H58N300F-80-F3"},{"r":"69","t":"20:42:00","h":"Est","s":"25N-H58N400F-80-F4"},{"r":"69","t":"20:42:00","h":"Est","s":"25N-H58NV10I-80-I"},{"r":"69","t":"20:42:00","h":"Est","s":"25N-H58NV20I-80-I"},{"r":"69","t":"20:42:00","h":"Est","s":"25S-H58S000I-80-I"},{"r":"69","t":"20:42:00","h":"Est","s":"25S-H58S100F-80-F1"},{"r":"69","t":"20:42:00","h":"Est","s":"25S-H58S200F-80-F2"},{"r":"69","t":"20:55:00","h":"Est","s":"25N-H58N000A-80-A"},{"r":"69","t":"20:55:00","h":"Est","s":"25N-H58NV10A-80-A"},{"r":"69","t":"20:55:00","h":"Est","s":"25N-H58NV20A-80-A"},{"r":"69","t":"20:55:00","h":"Est","s":"25S-H58S000A-80-A"},{"r":"69","t":"20:57:00","h":"Est","s":"25N-H58N000S-80-S"},{"r":"69","t":"20:57:00","h":"Est","s":"25N-H58NV10S-80-S"},{"r":"69","t":"20:57:00","h":"Est","s":"25N-H58NV20S-80-S"},{"r":"69","t":"20:57:00","h":"Est","s":"25S-H58S000S-80-S"},{"r":"69","t":"21:10:00","h":"Est","s":"25N-H58N000I-80-I"},{"r":"69","t":"21:10:00","h":"Est","s":"25N-H58N100F-80-F1"},{"r":"69","t":"21:10:00","h":"Est","s":"25N-H58N200F-80-F2"},{"r":"69","t":"21:10:00","h":"Est","s":"25N-H58N300F-80-F3"},{"r":"69","t":"21:10:00","h":"Est","s":"25N-H58N400F-80-F4"},{"r":"69","t":"21:10:00","h":"Est","s":"25N-H58NV10I-80-I"},{"r":"69","t":"21:10:00","h":"Est","s":"25N-H58NV20I-80-I"},{"r":"69","t":"21:10:00","h":"Est","s":"25S-H58S000I-80-I"},{"r":"69","t":"21:10:00","h":"Est","s":"25S-H58S100F-80-F1"},{"r":"69","t":"21:10:00","h":"Est","s":"25S-H58S200F-80-F2"},{"r":"69","t":"21:23:00","h":"Est","s":"25N-H58N000S-80-S"},{"r":"69","t":"21:23:00","h":"Est","s":"25N-H58NV10S-80-S"},{"r":"69","t":"21:23:00","h":"Est","s":"25N-H58NV20S-80-S"},{"r":"69","t":"21:23:00","h":"Est","s":"25S-H58S000S-80-S"},{"r":"69","t":"21:24:00","h":"Est","s":"25N-H58N000A-80-A"},{"r":"69","t":"21:24:00","h":"Est","s":"25N-H58NV10A-80-A"},{"r":"69","t":"21:24:00","h":"Est","s":"25N-H58NV20A-80-A"},{"r":"69","t":"21:24:00","h":"Est","s":"25S-H58S000A-80-A"},{"r":"69","t":"21:38:00","h":"Est","s":"25N-H58N000I-80-I"},{"r":"69","t":"21:38:00","h":"Est","s":"25N-H58N100F-80-F1"},{"r":"69","t":"21:38:00","h":"Est","s":"25N-H58N200F-80-F2"},{"r":"69","t":"21:38:00","h":"Est","s":"25N-H58N300F-80-F3"},{"r":"69","t":"21:38:00","h":"Est","s":"25N-H58N400F-80-F4"},{"r":"69","t":"21:38:00","h":"Est","s":"25N-H58NV10I-80-I"},{"r":"69","t":"21:38:00","h":"Est","s":"25N-H58NV20I-80-I"},{"r":"69","t":"21:38:00","h":"Est","s":"25S-H58S000I-80-I"},{"r":"69","t":"21:38:00","h":"Est","s":"25S-H58S100F-80-F1"},{"r":"69","t":"21:38:00","h":"Est","s":"25S-H58S200F-80-F2"},{"r":"69","t":"21:48:00","h":"Est","s":"25N-H58N000S-80-S"},{"r":"69","t":"21:48:00","h":"Est","s":"25N-H58NV10S-80-S"},{"r":"69","t":"21:48:00","h":"Est","s":"25N-H58NV20S-80-S"},{"r":"69","t":"21:48:00","h":"Est","s":"25S-H58S000S-80-S"},{"r":"69","t":"21:52:00","h":"Est","s":"25N-H58N000A-80-A"},{"r":"69","t":"21:52:00","h":"Est","s":"25N-H58NV10A-80-A"},{"r":"69","t":"21:52:00","h":"Est","s":"25N-H58NV20A-80-A"},{"r":"69","t":"21:52:00","h":"Est","s":"25S-H58S000A-80-A"},{"r":"69","t":"22:10:00","h":"Est","s":"25N-H58N000I-80-I"},{"r":"69","t":"22:10:00","h":"Est","s":"25N-H58N100F-80-F1"},{"r":"69","t":"22:10:00","h":"Est","s":"25N-H58N200F-80-F2"},{"r":"69","t":"22:10:00","h":"Est","s":"25N-H58N300F-80-F3"},{"r":"69","t":"22:10:00","h":"Est","s":"25N-H58N400F-80-F4"},{"r":"69","t":"22:10:00","h":"Est","s":"25N-H58NV10I-80-I"},{"r":"69","t":"22:10:00","h":"Est","s":"25N-H58NV20I-80-I"},{"r":"69","t":"22:10:00","h":"Est","s":"25S-H58S000I-80-I"},{"r":"69","t":"22:10:00","h":"Est","s":"25S-H58S100F-80-F1"},{"r":"69","t":"22:10:00","h":"Est","s":"25S-H58S200F-80-F2"},{"r":"69","t":"22:14:00","h":"Est","s":"25N-H58N000S-80-S"},{"r":"69","t":"22:14:00","h":"Est","s":"25N-H58NV10S-80-S"},{"r":"69","t":"22:14:00","h":"Est","s":"25N-H58NV20S-80-S"},{"r":"69","t":"22:14:00","h":"Est","s":"25S-H58S000S-80-S"},{"r":"69","t":"22:19:00","h":"Est","s":"25N-H58N000A-80-A"},{"r":"69","t":"22:19:00","h":"Est","s":"25N-H58NV10A-80-A"},{"r":"69","t":"22:19:00","h":"Est","s":"25N-H58NV20A-80-A"},{"r":"69","t":"22:19:00","h":"Est","s":"25S-H58S000A-80-A"},{"r":"69","t":"22:39:00","h":"Est","s":"25N-H58N000S-80-S"},{"r":"69","t":"22:39:00","h":"Est","s":"25N-H58NV10S-80-S"},{"r":"69","t":"22:39:00","h":"Est","s":"25N-H58NV20S-80-S"},{"r":"69","t":"22:39:00","h":"Est","s":"25S-H58S000S-80-S"},{"r":"69","t":"22:41:00","h":"Est","s":"25N-H58N000I-80-I"},{"r":"69","t":"22:41:00","h":"Est","s":"25N-H58N100F-80-F1"},{"r":"69","t":"22:41:00","h":"Est","s":"25N-H58N200F-80-F2"},{"r":"69","t":"22:41:00","h":"Est","s":"25N-H58N300F-80-F3"},{"r":"69","t":"22:41:00","h":"Est","s":"25N-H58N400F-80-F4"},{"r":"69","t":"22:41:00","h":"Est","s":"25N-H58NV10I-80-I"},{"r":"69","t":"22:41:00","h":"Est","s":"25N-H58NV20I-80-I"},{"r":"69","t":"22:41:00","h":"Est","s":"25S-H58S000I-80-I"},{"r":"69","t":"22:41:00","h":"Est","s":"25S-H58S100F-80-F1"},{"r":"69","t":"22:41:00","h":"Est","s":"25S-H58S200F-80-F2"},{"r":"69","t":"22:47:00","h":"Est","s":"25N-H58N000A-80-A"},{"r":"69","t":"22:47:00","h":"Est","s":"25N-H58NV10A-80-A"},{"r":"69","t":"22:47:00","h":"Est","s":"25N-H58NV20A-80-A"},{"r":"69","t":"22:47:00","h":"Est","s":"25S-H58S000A-80-A"},{"r":"69","t":"23:08:00","h":"Est","s":"25N-H58N000S-80-S"},{"r":"69","t":"23:08:00","h":"Est","s":"25N-H58NV10S-80-S"},{"r":"69","t":"23:08:00","h":"Est","s":"25N-H58NV20S-80-S"},{"r":"69","t":"23:08:00","h":"Est","s":"25S-H58S000S-80-S"},{"r":"69","t":"23:13:00","h":"Est","s":"25N-H58N000I-80-I"},{"r":"69","t":"23:13:00","h":"Est","s":"25N-H58N100F-80-F1"},{"r":"69","t":"23:13:00","h":"Est","s":"25N-H58N200F-80-F2"},{"r":"69","t":"23:13:00","h":"Est","s":"25N-H58N300F-80-F3"},{"r":"69","t":"23:13:00","h":"Est","s":"25N-H58N400F-80-F4"},{"r":"69","t":"23:13:00","h":"Est","s":"25N-H58NV10I-80-I"},{"r":"69","t":"23:13:00","h":"Est","s":"25N-H58NV20I-80-I"},{"r":"69","t":"23:13:00","h":"Est","s":"25S-H58S000I-80-I"},{"r":"69","t":"23:13:00","h":"Est","s":"25S-H58S100F-80-F1"},{"r":"69","t":"23:13:00","h":"Est","s":"25S-H58S200F-80-F2"},{"r":"69","t":"23:15:00","h":"Est","s":"25N-H58N000A-80-A"},{"r":"69","t":"23:15:00","h":"Est","s":"25N-H58NV10A-80-A"},{"r":"69","t":"23:15:00","h":"Est","s":"25N-H58NV20A-80-A"},{"r":"69","t":"23:15:00","h":"Est","s":"25S-H58S000A-80-A"},{"r":"69","t":"23:28:00","h":"Est","s":"25N-H58N000S-80-S"},{"r":"69","t":"23:28:00","h":"Est","s":"25N-H58NV10S-80-S"},{"r":"69","t":"23:28:00","h":"Est","s":"25N-H58NV20S-80-S"},{"r":"69","t":"23:28:00","h":"Est","s":"25S-H58S000S-80-S"},{"r":"69","t":"23:46:00","h":"Est","s":"25N-H58N000A-80-A"},{"r":"69","t":"23:46:00","h":"Est","s":"25N-H58N000I-80-I"},{"r":"69","t":"23:46:00","h":"Est","s":"25N-H58N100F-80-F1"},{"r":"69","t":"23:46:00","h":"Est","s":"25N-H58N200F-80-F2"},{"r":"69","t":"23:46:00","h":"Est","s":"25N-H58N300F-80-F3"},{"r":"69","t":"23:46:00","h":"Est","s":"25N-H58N400F-80-F4"},{"r":"69","t":"23:46:00","h":"Est","s":"25N-H58NV10A-80-A"},{"r":"69","t":"23:46:00","h":"Est","s":"25N-H58NV10I-80-I"},{"r":"69","t":"23:46:00","h":"Est","s":"25N-H58NV20A-80-A"},{"r":"69","t":"23:46:00","h":"Est","s":"25N-H58NV20I-80-I"},{"r":"69","t":"23:46:00","h":"Est","s":"25S-H58S000A-80-A"},{"r":"69","t":"23:46:00","h":"Est","s":"25S-H58S000I-80-I"},{"r":"69","t":"23:46:00","h":"Est","s":"25S-H58S100F-80-F1"},{"r":"69","t":"23:46:00","h":"Est","s":"25S-H58S200F-80-F2"},{"r":"69","t":"23:51:00","h":"Est","s":"25N-H58N000S-80-S"},{"r":"69","t":"23:51:00","h":"Est","s":"25N-H58NV10S-80-S"},{"r":"69","t":"23:51:00","h":"Est","s":"25N-H58NV20S-80-S"},{"r":"69","t":"23:51:00","h":"Est","s":"25S-H58S000S-80-S"},{"r":"69","t":"24:15:00","h":"Est","s":"25N-H58N000S-80-S"},{"r":"69","t":"24:15:00","h":"Est","s":"25N-H58NV10S-80-S"},{"r":"69","t":"24:15:00","h":"Est","s":"25N-H58NV20S-80-S"},{"r":"69","t":"24:15:00","h":"Est","s":"25S-H58S000S-80-S"},{"r":"69","t":"24:17:00","h":"Est","s":"25N-H58N000A-80-A"},{"r":"69","t":"24:17:00","h":"Est","s":"25N-H58N000I-80-I"},{"r":"69","t":"24:17:00","h":"Est","s":"25N-H58N100F-80-F1"},{"r":"69","t":"24:17:00","h":"Est","s":"25N-H58N200F-80-F2"},{"r":"69","t":"24:17:00","h":"Est","s":"25N-H58N300F-80-F3"},{"r":"69","t":"24:17:00","h":"Est","s":"25N-H58N400F-80-F4"},{"r":"69","t":"24:17:00","h":"Est","s":"25N-H58NV10A-80-A"},{"r":"69","t":"24:17:00","h":"Est","s":"25N-H58NV10I-80-I"},{"r":"69","t":"24:17:00","h":"Est","s":"25N-H58NV20A-80-A"},{"r":"69","t":"24:17:00","h":"Est","s":"25N-H58NV20I-80-I"},{"r":"69","t":"24:17:00","h":"Est","s":"25S-H58S000A-80-A"},{"r":"69","t":"24:17:00","h":"Est","s":"25S-H58S000I-80-I"},{"r":"69","t":"24:17:00","h":"Est","s":"25S-H58S100F-80-F1"},{"r":"69","t":"24:17:00","h":"Est","s":"25S-H58S200F-80-F2"},{"r":"69","t":"24:45:00","h":"Est","s":"25N-H58N000S-80-S"},{"r":"69","t":"24:45:00","h":"Est","s":"25N-H58NV10S-80-S"},{"r":"69","t":"24:45:00","h":"Est","s":"25N-H58NV20S-80-S"},{"r":"69","t":"24:45:00","h":"Est","s":"25S-H58S000S-80-S"},{"r":"69","t":"24:46:50","h":"Est","s":"25N-H58N000I-80-I"},{"r":"69","t":"24:46:50","h":"Est","s":"25N-H58N100F-80-F1"},{"r":"69","t":"24:46:50","h":"Est","s":"25N-H58N200F-80-F2"},{"r":"69","t":"24:46:50","h":"Est","s":"25N-H58N300F-80-F3"},{"r":"69","t":"24:46:50","h":"Est","s":"25N-H58N400F-80-F4"},{"r":"69","t":"24:46:50","h":"Est","s":"25N-H58NV10I-80-I"},{"r":"69","t":"24:46:50","h":"Est","s":"25N-H58NV20I-80-I"},{"r":"69","t":"24:46:50","h":"Est","s":"25S-H58S000I-80-I"},{"r":"69","t":"24:46:50","h":"Est","s":"25S-H58S100F-80-F1"},{"r":"69","t":"24:46:50","h":"Est","s":"25S-H58S200F-80-F2"},{"r":"69","t":"24:49:00","h":"Est","s":"25N-H58N000A-80-A"},{"r":"69","t":"24:49:00","h":"Est","s":"25N-H58NV10A-80-A"},{"r":"69","t":"24:49:00","h":"Est","s":"25N-H58NV20A-80-A"},{"r":"69","t":"24:49:00","h":"Est","s":"25S-H58S000A-80-A"},{"r":"69","t":"25:12:50","h":"Est","s":"25N-H58N000S-80-S"},{"r":"69","t":"25:12:50","h":"Est","s":"25N-H58NV10S-80-S"},{"r":"69","t":"25:12:50","h":"Est","s":"25N-H58NV20S-80-S"},{"r":"69","t":"25:12:50","h":"Est","s":"25S-H58S000S-80-S"},{"r":"69","t":"25:13:50","h":"Est","s":"25N-H58N000I-80-I"},{"r":"69","t":"25:13:50","h":"Est","s":"25N-H58N100F-80-F1"},{"r":"69","t":"25:13:50","h":"Est","s":"25N-H58N200F-80-F2"},{"r":"69","t":"25:13:50","h":"Est","s":"25N-H58N300F-80-F3"},{"r":"69","t":"25:13:50","h":"Est","s":"25N-H58N400F-80-F4"},{"r":"69","t":"25:13:50","h":"Est","s":"25N-H58NV10I-80-I"},{"r":"69","t":"25:13:50","h":"Est","s":"25N-H58NV20I-80-I"},{"r":"69","t":"25:13:50","h":"Est","s":"25S-H58S000I-80-I"},{"r":"69","t":"25:13:50","h":"Est","s":"25S-H58S100F-80-F1"},{"r":"69","t":"25:13:50","h":"Est","s":"25S-H58S200F-80-F2"},{"r":"69","t":"25:15:50","h":"Est","s":"25N-H58N000A-80-A"},{"r":"69","t":"25:15:50","h":"Est","s":"25N-H58NV10A-80-A"},{"r":"69","t":"25:15:50","h":"Est","s":"25N-H58NV20A-80-A"},{"r":"69","t":"25:15:50","h":"Est","s":"25S-H58S000A-80-A"},{"r":"69","t":"25:34:50","h":"Est","s":"25N-H58N000I-80-I"},{"r":"69","t":"25:34:50","h":"Est","s":"25N-H58N100F-80-F1"},{"r":"69","t":"25:34:50","h":"Est","s":"25N-H58N200F-80-F2"},{"r":"69","t":"25:34:50","h":"Est","s":"25N-H58N300F-80-F3"},{"r":"69","t":"25:34:50","h":"Est","s":"25N-H58N400F-80-F4"},{"r":"69","t":"25:34:50","h":"Est","s":"25N-H58NV10I-80-I"},{"r":"69","t":"25:34:50","h":"Est","s":"25N-H58NV20I-80-I"},{"r":"69","t":"25:34:50","h":"Est","s":"25S-H58S000I-80-I"},{"r":"69","t":"25:34:50","h":"Est","s":"25S-H58S100F-80-F1"},{"r":"69","t":"25:34:50","h":"Est","s":"25S-H58S200F-80-F2"},{"r":"69","t":"25:37:50","h":"Est","s":"25N-H58N000S-80-S"},{"r":"69","t":"25:37:50","h":"Est","s":"25N-H58NV10S-80-S"},{"r":"69","t":"25:37:50","h":"Est","s":"25N-H58NV20S-80-S"},{"r":"69","t":"25:37:50","h":"Est","s":"25S-H58S000S-80-S"},{"r":"380","t":"25:38:00","h":"Est","s":"25N-H50N000I-80-I"},{"r":"380","t":"25:38:00","h":"Est","s":"25N-H50N000I-90-I"},{"r":"380","t":"25:38:00","h":"Est","s":"25N-H50N100F-90-F1"},{"r":"380","t":"25:38:00","h":"Est","s":"25N-H50N200F-90-F2"},{"r":"380","t":"25:38:00","h":"Est","s":"25N-H50N300F-90-F3"},{"r":"380","t":"25:38:00","h":"Est","s":"25N-H50N400F-90-F4"},{"r":"380","t":"25:38:00","h":"Est","s":"25N-H50NV10I-90-I"},{"r":"380","t":"25:38:00","h":"Est","s":"25N-H50NV20I-90-I"},{"r":"380","t":"25:38:00","h":"Est","s":"25S-H50S000I-81-I"},{"r":"380","t":"25:38:00","h":"Est","s":"25S-H50S100F-80-F1"},{"r":"380","t":"25:38:00","h":"Est","s":"25S-H50S200F-80-F2"},{"r":"69","t":"25:41:50","h":"Est","s":"25N-H58N000A-80-A"},{"r":"69","t":"25:41:50","h":"Est","s":"25N-H58NV10A-80-A"},{"r":"69","t":"25:41:50","h":"Est","s":"25N-H58NV20A-80-A"},{"r":"69","t":"25:41:50","h":"Est","s":"25S-H58S000A-80-A"},{"r":"380","t":"25:51:35","h":"Est","s":"25N-H50N000S-80-S"},{"r":"380","t":"25:51:35","h":"Est","s":"25N-H50N000S-90-S"},{"r":"380","t":"25:51:35","h":"Est","s":"25N-H50NV10S-90-S"},{"r":"380","t":"25:51:35","h":"Est","s":"25N-H50NV20S-90-S"},{"r":"380","t":"25:51:35","h":"Est","s":"25S-H50S000S-81-S"},{"r":"69","t":"26:03:50","h":"Est","s":"25N-H58N000A-80-A"},{"r":"69","t":"26:03:50","h":"Est","s":"25N-H58NV10A-80-A"},{"r":"69","t":"26:03:50","h":"Est","s":"25N-H58NV20A-80-A"},{"r":"69","t":"26:03:50","h":"Est","s":"25S-H58S000A-80-A"},{"r":"380","t":"26:23:26","h":"Est","s":"25N-H50N000A-80-A"},{"r":"380","t":"26:23:26","h":"Est","s":"25N-H50N000A-90-A"},{"r":"380","t":"26:23:26","h":"Est","s":"25N-H50NV10A-90-A"},{"r":"380","t":"26:23:26","h":"Est","s":"25N-H50NV20A-90-A"},{"r":"380","t":"26:23:26","h":"Est","s":"25S-H50S000A-81-A"},{"r":"380","t":"26:26:09","h":"Est","s":"25N-H50N000I-80-I"},{"r":"380","t":"26:26:09","h":"Est","s":"25N-H50N000I-90-I"},{"r":"380","t":"26:26:09","h":"Est","s":"25N-H50N100F-90-F1"},{"r":"380","t":"26:26:09","h":"Est","s":"25N-H50N200F-90-F2"},{"r":"380","t":"26:26:09","h":"Est","s":"25N-H50N300F-90-F3"},{"r":"380","t":"26:26:09","h":"Est","s":"25N-H50N400F-90-F4"},{"r":"380","t":"26:26:09","h":"Est","s":"25N-H50NV10I-90-I"},{"r":"380","t":"26:26:09","h":"Est","s":"25N-H50NV20I-90-I"},{"r":"380","t":"26:26:09","h":"Est","s":"25S-H50S000I-81-I"},{"r":"380","t":"26:26:09","h":"Est","s":"25S-H50S100F-80-F1"},{"r":"380","t":"26:26:09","h":"Est","s":"25S-H50S200F-80-F2"},{"r":"380","t":"26:35:35","h":"Est","s":"25N-H50N000S-80-S"},{"r":"380","t":"26:35:35","h":"Est","s":"25N-H50N000S-90-S"},{"r":"380","t":"26:35:35","h":"Est","s":"25N-H50NV10S-90-S"},{"r":"380","t":"26:35:35","h":"Est","s":"25N-H50NV20S-90-S"},{"r":"380","t":"26:35:35","h":"Est","s":"25S-H50S000S-81-S"},{"r":"380","t":"27:08:35","h":"Est","s":"25N-H50N000I-80-I"},{"r":"380","t":"27:08:35","h":"Est","s":"25N-H50N000I-90-I"},{"r":"380","t":"27:08:35","h":"Est","s":"25N-H50N100F-90-F1"},{"r":"380","t":"27:08:35","h":"Est","s":"25N-H50N200F-90-F2"},{"r":"380","t":"27:08:35","h":"Est","s":"25N-H50N300F-90-F3"},{"r":"380","t":"27:08:35","h":"Est","s":"25N-H50N400F-90-F4"},{"r":"380","t":"27:08:35","h":"Est","s":"25N-H50NV10I-90-I"},{"r":"380","t":"27:08:35","h":"Est","s":"25N-H50NV20I-90-I"},{"r":"380","t":"27:08:35","h":"Est","s":"25S-H50S000I-81-I"},{"r":"380","t":"27:08:35","h":"Est","s":"25S-H50S100F-80-F1"},{"r":"380","t":"27:08:35","h":"Est","s":"25S-H50S200F-80-F2"},{"r":"380","t":"27:16:09","h":"Est","s":"25N-H50N000A-80-A"},{"r":"380","t":"27:16:09","h":"Est","s":"25N-H50N000A-90-A"},{"r":"380","t":"27:16:09","h":"Est","s":"25N-H50NV10A-90-A"},{"r":"380","t":"27:16:09","h":"Est","s":"25N-H50NV20A-90-A"},{"r":"380","t":"27:16:09","h":"Est","s":"25S-H50S000A-81-A"},{"r":"380","t":"27:23:35","h":"Est","s":"25N-H50N000S-80-S"},{"r":"380","t":"27:23:35","h":"Est","s":"25N-H50N000S-90-S"},{"r":"380","t":"27:23:35","h":"Est","s":"25N-H50NV10S-90-S"},{"r":"380","t":"27:23:35","h":"Est","s":"25N-H50NV20S-90-S"},{"r":"380","t":"27:23:35","h":"Est","s":"25S-H50S000S-81-S"},{"r":"380","t":"27:45:35","h":"Est","s":"25N-H50N000S-80-SV"},{"r":"380","t":"27:45:35","h":"Est","s":"25N-H50N000S-90-SV"},{"r":"380","t":"27:45:35","h":"Est","s":"25N-H50NV10S-90-SV"},{"r":"380","t":"27:45:35","h":"Est","s":"25N-H50NV20S-90-SV"},{"r":"380","t":"27:45:35","h":"Est","s":"25S-H50S000S-81-SV"},{"r":"380","t":"27:52:35","h":"Est","s":"25N-H50N000I-80-I"},{"r":"380","t":"27:52:35","h":"Est","s":"25N-H50N000I-90-I"},{"r":"380","t":"27:52:35","h":"Est","s":"25N-H50N100F-90-F1"},{"r":"380","t":"27:52:35","h":"Est","s":"25N-H50N200F-90-F2"},{"r":"380","t":"27:52:35","h":"Est","s":"25N-H50N300F-90-F3"},{"r":"380","t":"27:52:35","h":"Est","s":"25N-H50N400F-90-F4"},{"r":"380","t":"27:52:35","h":"Est","s":"25N-H50NV10I-90-I"},{"r":"380","t":"27:52:35","h":"Est","s":"25N-H50NV20I-90-I"},{"r":"380","t":"27:52:35","h":"Est","s":"25S-H50S000I-81-I"},{"r":"380","t":"27:52:35","h":"Est","s":"25S-H50S100F-80-F1"},{"r":"380","t":"27:52:35","h":"Est","s":"25S-H50S200F-80-F2"},{"r":"380","t":"28:01:09","h":"Est","s":"25N-H50N000A-80-A"},{"r":"380","t":"28:01:09","h":"Est","s":"25N-H50N000A-90-A"},{"r":"380","t":"28:01:09","h":"Est","s":"25N-H50NV10A-90-A"},{"r":"380","t":"28:01:09","h":"Est","s":"25N-H50NV20A-90-A"},{"r":"380","t":"28:01:09","h":"Est","s":"25S-H50S000A-81-A"},{"r":"380","t":"28:06:35","h":"Est","s":"25N-H50N000S-80-S"},{"r":"380","t":"28:06:35","h":"Est","s":"25N-H50N000S-90-S"},{"r":"380","t":"28:06:35","h":"Est","s":"25N-H50NV10S-90-S"},{"r":"380","t":"28:06:35","h":"Est","s":"25N-H50NV20S-90-S"},{"r":"380","t":"28:06:35","h":"Est","s":"25S-H50S000S-81-S"},{"r":"380","t":"28:26:09","h":"Est","s":"25N-H50N000A-80-A"},{"r":"380","t":"28:26:09","h":"Est","s":"25N-H50N000A-90-A"},{"r":"380","t":"28:26:09","h":"Est","s":"25N-H50NV10A-90-A"},{"r":"380","t":"28:26:09","h":"Est","s":"25N-H50NV20A-90-A"},{"r":"380","t":"28:26:09","h":"Est","s":"25S-H50S000A-81-A"},{"r":"380","t":"28:39:09","h":"Est","s":"25N-H50N000I-80-I"},{"r":"380","t":"28:39:09","h":"Est","s":"25N-H50N000I-90-I"},{"r":"380","t":"28:39:09","h":"Est","s":"25N-H50N100F-90-F1"},{"r":"380","t":"28:39:09","h":"Est","s":"25N-H50N200F-90-F2"},{"r":"380","t":"28:39:09","h":"Est","s":"25N-H50N300F-90-F3"},{"r":"380","t":"28:39:09","h":"Est","s":"25N-H50N400F-90-F4"},{"r":"380","t":"28:39:09","h":"Est","s":"25N-H50NV10I-90-I"},{"r":"380","t":"28:39:09","h":"Est","s":"25N-H50NV20I-90-I"},{"r":"380","t":"28:39:09","h":"Est","s":"25S-H50S000I-81-I"},{"r":"380","t":"28:39:09","h":"Est","s":"25S-H50S100F-80-F1"},{"r":"380","t":"28:39:09","h":"Est","s":"25S-H50S200F-80-F2"},{"r":"380","t":"28:46:09","h":"Est","s":"25N-H50N000A-80-A"},{"r":"380","t":"28:46:09","h":"Est","s":"25N-H50N000A-90-A"},{"r":"380","t":"28:46:09","h":"Est","s":"25N-H50NV10A-90-A"},{"r":"380","t":"28:46:09","h":"Est","s":"25N-H50NV20A-90-A"},{"r":"380","t":"28:46:09","h":"Est","s":"25S-H50S000A-81-A"},{"r":"380","t":"28:53:35","h":"Est","s":"25N-H50N000S-80-S"},{"r":"380","t":"28:53:35","h":"Est","s":"25N-H50N000S-90-S"},{"r":"380","t":"28:53:35","h":"Est","s":"25N-H50NV10S-90-S"},{"r":"380","t":"28:53:35","h":"Est","s":"25N-H50NV20S-90-S"},{"r":"380","t":"28:53:35","h":"Est","s":"25S-H50S000S-81-S"}]