[{"r":"121","t":"05:31:50","h":"Est","s":"25N-H58N000I-80-I"},{"r":"121","t":"05:31:50","h":"Est","s":"25N-H58N100F-80-F1"},{"r":"121","t":"05:31:50","h":"Est","s":"25N-H58N200F-80-F2"},{"r":"121","t":"05:31:50","h":"Est","s":"25N-H58N300F-80-F3"},{"r":"121","t":"05:31:50","h":"Est","s":"25N-H58N400F-80-F4"},{"r":"121","t":"05:31:50","h":"Est","s":"25N-H58NV10I-80-I"},{"r":"121","t":"05:31:50","h":"Est","s":"25N-H58NV20I-80-I"},{"r":"121","t":"05:31:50","h":"Est","s":"25S-H58S000I-80-I"},{"r":"121","t":"05:31:50","h":"Est","s":"25S-H58S100F-80-F1"},{"r":"121","t":"05:31:50","h":"Est","s":"25S-H58S200F-80-F2"},{"r":"121","t":"05:32:23","h":"Est","s":"25N-H58N000A-80-A"},{"r":"121","t":"05:32:23","h":"Est","s":"25N-H58N000S-80-S"},{"r":"121","t":"05:32:23","h":"Est","s":"25N-H58NV10A-80-A"},{"r":"121","t":"05:32:23","h":"Est","s":"25N-H58NV10S-80-S"},{"r":"121","t":"05:32:23","h":"Est","s":"25N-H58NV20A-80-A"},{"r":"121","t":"05:32:23","h":"Est","s":"25N-H58NV20S-80-S"},{"r":"121","t":"05:32:23","h":"Est","s":"25S-H58S000A-80-A"},{"r":"121","t":"05:32:23","h":"Est","s":"25S-H58S000S-80-S"},{"r":"121","t":"05:54:50","h":"Est","s":"25N-H58N000S-80-S"},{"r":"121","t":"05:54:50","h":"Est","s":"25N-H58NV10S-80-S"},{"r":"121","t":"05:54:50","h":"Est","s":"25N-H58NV20S-80-S"},{"r":"121","t":"05:54:50","h":"Est","s":"25S-H58S000S-80-S"},{"r":"121","t":"06:03:50","h":"Est","s":"25N-H58N000I-80-I"},{"r":"121","t":"06:03:50","h":"Est","s":"25N-H58N100F-80-F1"},{"r":"121","t":"06:03:50","h":"Est","s":"25N-H58N200F-80-F2"},{"r":"121","t":"06:03:50","h":"Est","s":"25N-H58N300F-80-F3"},{"r":"121","t":"06:03:50","h":"Est","s":"25N-H58N400F-80-F4"},{"r":"121","t":"06:03:50","h":"Est","s":"25N-H58NV10I-80-I"},{"r":"121","t":"06:03:50","h":"Est","s":"25N-H58NV20I-80-I"},{"r":"121","t":"06:03:50","h":"Est","s":"25S-H58S000I-80-I"},{"r":"121","t":"06:03:50","h":"Est","s":"25S-H58S100F-80-F1"},{"r":"121","t":"06:03:50","h":"Est","s":"25S-H58S200F-80-F2"},{"r":"121","t":"06:04:23","h":"Est","s":"25N-H58N000A-80-A"},{"r":"121","t":"06:04:23","h":"Est","s":"25N-H58NV10A-80-A"},{"r":"121","t":"06:04:23","h":"Est","s":"25N-H58NV20A-80-A"},{"r":"121","t":"06:04:23","h":"Est","s":"25S-H58S000A-80-A"},{"r":"121","t":"06:27:50","h":"Est","s":"25N-H58N000S-80-S"},{"r":"121","t":"06:27:50","h":"Est","s":"25N-H58NV10S-80-S"},{"r":"121","t":"06:27:50","h":"Est","s":"25N-H58NV20S-80-S"},{"r":"121","t":"06:27:50","h":"Est","s":"25S-H58S000S-80-S"},{"r":"121","t":"06:32:23","h":"Est","s":"25N-H58N000A-80-A"},{"r":"121","t":"06:32:23","h":"Est","s":"25N-H58NV10A-80-A"},{"r":"121","t":"06:32:23","h":"Est","s":"25N-H58NV20A-80-A"},{"r":"121","t":"06:32:23","h":"Est","s":"25S-H58S000A-80-A"},{"r":"121","t":"06:33:50","h":"Est","s":"25N-H58N000I-80-I"},{"r":"121","t":"06:33:50","h":"Est","s":"25N-H58N100F-80-F1"},{"r":"121","t":"06:33:50","h":"Est","s":"25N-H58N200F-80-F2"},{"r":"121","t":"06:33:50","h":"Est","s":"25N-H58N300F-80-F3"},{"r":"121","t":"06:33:50","h":"Est","s":"25N-H58N400F-80-F4"},{"r":"121","t":"06:33:50","h":"Est","s":"25N-H58NV10I-80-I"},{"r":"121","t":"06:33:50","h":"Est","s":"25N-H58NV20I-80-I"},{"r":"121","t":"06:33:50","h":"Est","s":"25S-H58S000I-80-I"},{"r":"121","t":"06:33:50","h":"Est","s":"25S-H58S100F-80-F1"},{"r":"121","t":"06:33:50","h":"Est","s":"25S-H58S200F-80-F2"},{"r":"121","t":"06:39:50","h":"Est","s":"25N-H58N000S-80-S"},{"r":"121","t":"06:39:50","h":"Est","s":"25N-H58NV10S-80-S"},{"r":"121","t":"06:39:50","h":"Est","s":"25N-H58NV20S-80-S"},{"r":"121","t":"06:39:50","h":"Est","s":"25S-H58S000S-80-S"},{"r":"121","t":"06:52:50","h":"Est","s":"25N-H58N000S-80-S"},{"r":"121","t":"06:52:50","h":"Est","s":"25N-H58NV10S-80-S"},{"r":"121","t":"06:52:50","h":"Est","s":"25N-H58NV20S-80-S"},{"r":"121","t":"06:52:50","h":"Est","s":"25S-H58S000S-80-S"},{"r":"121","t":"07:04:50","h":"Est","s":"25N-H58N000I-80-I"},{"r":"121","t":"07:04:50","h":"Est","s":"25N-H58N000S-80-S"},{"r":"121","t":"07:04:50","h":"Est","s":"25N-H58N100F-80-F1"},{"r":"121","t":"07:04:50","h":"Est","s":"25N-H58N200F-80-F2"},{"r":"121","t":"07:04:50","h":"Est","s":"25N-H58N300F-80-F3"},{"r":"121","t":"07:04:50","h":"Est","s":"25N-H58N400F-80-F4"},{"r":"121","t":"07:04:50","h":"Est","s":"25N-H58NV10I-80-I"},{"r":"121","t":"07:04:50","h":"Est","s":"25N-H58NV10S-80-S"},{"r":"121","t":"07:04:50","h":"Est","s":"25N-H58NV20I-80-I"},{"r":"121","t":"07:04:50","h":"Est","s":"25N-H58NV20S-80-S"},{"r":"121","t":"07:04:50","h":"Est","s":"25S-H58S000I-80-I"},{"r":"121","t":"07:04:50","h":"Est","s":"25S-H58S000S-80-S"},{"r":"121","t":"07:04:50","h":"Est","s":"25S-H58S100F-80-F1"},{"r":"121","t":"07:04:50","h":"Est","s":"25S-H58S200F-80-F2"},{"r":"121","t":"07:08:23","h":"Est","s":"25N-H58N000A-80-A"},{"r":"121","t":"07:08:23","h":"Est","s":"25N-H58NV10A-80-A"},{"r":"121","t":"07:08:23","h":"Est","s":"25N-H58NV20A-80-A"},{"r":"121","t":"07:08:23","h":"Est","s":"25S-H58S000A-80-A"},{"r":"121","t":"07:18:50","h":"Est","s":"25N-H58N000S-80-S"},{"r":"121","t":"07:18:50","h":"Est","s":"25N-H58NV10S-80-S"},{"r":"121","t":"07:18:50","h":"Est","s":"25N-H58NV20S-80-S"},{"r":"121","t":"07:18:50","h":"Est","s":"25S-H58S000S-80-S"},{"r":"121","t":"07:32:50","h":"Est","s":"25N-H58N000S-80-S"},{"r":"121","t":"07:32:50","h":"Est","s":"25N-H58NV10S-80-S"},{"r":"121","t":"07:32:50","h":"Est","s":"25N-H58NV20S-80-S"},{"r":"121","t":"07:32:50","h":"Est","s":"25S-H58S000S-80-S"},{"r":"121","t":"07:34:50","h":"Est","s":"25N-H58N000I-80-I"},{"r":"121","t":"07:34:50","h":"Est","s":"25N-H58N100F-80-F1"},{"r":"121","t":"07:34:50","h":"Est","s":"25N-H58N200F-80-F2"},{"r":"121","t":"07:34:50","h":"Est","s":"25N-H58N300F-80-F3"},{"r":"121","t":"07:34:50","h":"Est","s":"25N-H58N400F-80-F4"},{"r":"121","t":"07:34:50","h":"Est","s":"25N-H58NV10I-80-I"},{"r":"121","t":"07:34:50","h":"Est","s":"25N-H58NV20I-80-I"},{"r":"121","t":"07:34:50","h":"Est","s":"25S-H58S000I-80-I"},{"r":"121","t":"07:34:50","h":"Est","s":"25S-H58S100F-80-F1"},{"r":"121","t":"07:34:50","h":"Est","s":"25S-H58S200F-80-F2"},{"r":"121","t":"07:38:50","h":"Est","s":"25N-H58N000S-80-S"},{"r":"121","t":"07:38:50","h":"Est","s":"25N-H58NV10S-80-S"},{"r":"121","t":"07:38:50","h":"Est","s":"25N-H58NV20S-80-S"},{"r":"121","t":"07:38:50","h":"Est","s":"25S-H58S000S-80-S"},{"r":"121","t":"07:40:23","h":"Est","s":"25N-H58N000A-80-A"},{"r":"121","t":"07:40:23","h":"Est","s":"25N-H58NV10A-80-A"},{"r":"121","t":"07:40:23","h":"Est","s":"25N-H58NV20A-80-A"},{"r":"121","t":"07:40:23","h":"Est","s":"25S-H58S000A-80-A"},{"r":"121","t":"07:44:50","h":"Est","s":"25N-H58N000S-80-S"},{"r":"121","t":"07:44:50","h":"Est","s":"25N-H58NV10S-80-S"},{"r":"121","t":"07:44:50","h":"Est","s":"25N-H58NV20S-80-S"},{"r":"121","t":"07:44:50","h":"Est","s":"25S-H58S000S-80-S"},{"r":"121","t":"07:51:50","h":"Est","s":"25N-H58N000S-80-S"},{"r":"121","t":"07:51:50","h":"Est","s":"25N-H58NV10S-80-S"},{"r":"121","t":"07:51:50","h":"Est","s":"25N-H58NV20S-80-S"},{"r":"121","t":"07:51:50","h":"Est","s":"25S-H58S000S-80-S"},{"r":"121","t":"07:56:50","h":"Est","s":"25N-H58N000S-80-S"},{"r":"121","t":"07:56:50","h":"Est","s":"25N-H58NV10S-80-S"},{"r":"121","t":"07:56:50","h":"Est","s":"25N-H58NV20S-80-S"},{"r":"121","t":"07:56:50","h":"Est","s":"25S-H58S000S-80-S"},{"r":"121","t":"08:01:50","h":"Est","s":"25N-H58N000S-80-S"},{"r":"121","t":"08:01:50","h":"Est","s":"25N-H58NV10S-80-S"},{"r":"121","t":"08:01:50","h":"Est","s":"25N-H58NV20S-80-S"},{"r":"121","t":"08:01:50","h":"Est","s":"25S-H58S000S-80-S"},{"r":"121","t":"08:07:50","h":"Est","s":"25N-H58N000S-80-S"},{"r":"121","t":"08:07:50","h":"Est","s":"25N-H58NV10S-80-S"},{"r":"121","t":"08:07:50","h":"Est","s":"25N-H58NV20S-80-S"},{"r":"121","t":"08:07:50","h":"Est","s":"25S-H58S000S-80-S"},{"r":"121","t":"08:10:18","h":"Est","s":"25N-H58N000I-80-I"},{"r":"121","t":"08:10:18","h":"Est","s":"25N-H58N100F-80-F1"},{"r":"121","t":"08:10:18","h":"Est","s":"25N-H58N200F-80-F2"},{"r":"121","t":"08:10:18","h":"Est","s":"25N-H58N300F-80-F3"},{"r":"121","t":"08:10:18","h":"Est","s":"25N-H58N400F-80-F4"},{"r":"121","t":"08:10:18","h":"Est","s":"25N-H58NV10I-80-I"},{"r":"121","t":"08:10:18","h":"Est","s":"25N-H58NV20I-80-I"},{"r":"121","t":"08:10:18","h":"Est","s":"25S-H58S000I-80-I"},{"r":"121","t":"08:10:18","h":"Est","s":"25S-H58S100F-80-F1"},{"r":"121","t":"08:10:18","h":"Est","s":"25S-H58S200F-80-F2"},{"r":"121","t":"08:12:50","h":"Est","s":"25N-H58N000A-80-A"},{"r":"121","t":"08:12:50","h":"Est","s":"25N-H58NV10A-80-A"},{"r":"121","t":"08:12:50","h":"Est","s":"25N-H58NV20A-80-A"},{"r":"121","t":"08:12:50","h":"Est","s":"25S-H58S000A-80-A"},{"r":"121","t":"08:13:50","h":"Est","s":"25N-H58N000S-80-S"},{"r":"121","t":"08:13:50","h":"Est","s":"25N-H58NV10S-80-S"},{"r":"121","t":"08:13:50","h":"Est","s":"25N-H58NV20S-80-S"},{"r":"121","t":"08:13:50","h":"Est","s":"25S-H58S000S-80-S"},{"r":"121","t":"08:23:50","h":"Est","s":"25N-H58N000S-80-S"},{"r":"121","t":"08:23:50","h":"Est","s":"25N-H58NV10S-80-S"},{"r":"121","t":"08:23:50","h":"Est","s":"25N-H58NV20S-80-S"},{"r":"121","t":"08:23:50","h":"Est","s":"25S-H58S000S-80-S"},{"r":"121","t":"08:33:50","h":"Est","s":"25N-H58N000S-80-S"},{"r":"121","t":"08:33:50","h":"Est","s":"25N-H58NV10S-80-S"},{"r":"121","t":"08:33:50","h":"Est","s":"25N-H58NV20S-80-S"},{"r":"121","t":"08:33:50","h":"Est","s":"25S-H58S000S-80-S"},{"r":"121","t":"08:41:18","h":"Est","s":"25N-H58N000I-80-I"},{"r":"121","t":"08:41:18","h":"Est","s":"25N-H58N100F-80-F1"},{"r":"121","t":"08:41:18","h":"Est","s":"25N-H58N200F-80-F2"},{"r":"121","t":"08:41:18","h":"Est","s":"25N-H58N300F-80-F3"},{"r":"121","t":"08:41:18","h":"Est","s":"25N-H58N400F-80-F4"},{"r":"121","t":"08:41:18","h":"Est","s":"25N-H58NV10I-80-I"},{"r":"121","t":"08:41:18","h":"Est","s":"25N-H58NV20I-80-I"},{"r":"121","t":"08:41:18","h":"Est","s":"25S-H58S000I-80-I"},{"r":"121","t":"08:41:18","h":"Est","s":"25S-H58S100F-80-F1"},{"r":"121","t":"08:41:18","h":"Est","s":"25S-H58S200F-80-F2"},{"r":"121","t":"08:42:50","h":"Est","s":"25N-H58N000A-80-A"},{"r":"121","t":"08:42:50","h":"Est","s":"25N-H58NV10A-80-A"},{"r":"121","t":"08:42:50","h":"Est","s":"25N-H58NV20A-80-A"},{"r":"121","t":"08:42:50","h":"Est","s":"25S-H58S000A-80-A"},{"r":"121","t":"08:44:50","h":"Est","s":"25N-H58N000S-80-S"},{"r":"121","t":"08:44:50","h":"Est","s":"25N-H58NV10S-80-S"},{"r":"121","t":"08:44:50","h":"Est","s":"25N-H58NV20S-80-S"},{"r":"121","t":"08:44:50","h":"Est","s":"25S-H58S000S-80-S"},{"r":"121","t":"08:54:50","h":"Est","s":"25N-H58N000S-80-S"},{"r":"121","t":"08:54:50","h":"Est","s":"25N-H58NV10S-80-S"},{"r":"121","t":"08:54:50","h":"Est","s":"25N-H58NV20S-80-S"},{"r":"121","t":"08:54:50","h":"Est","s":"25S-H58S000S-80-S"},{"r":"121","t":"09:04:50","h":"Est","s":"25N-H58N000S-80-S"},{"r":"121","t":"09:04:50","h":"Est","s":"25N-H58NV10S-80-S"},{"r":"121","t":"09:04:50","h":"Est","s":"25N-H58NV20S-80-S"},{"r":"121","t":"09:04:50","h":"Est","s":"25S-H58S000S-80-S"},{"r":"121","t":"09:10:18","h":"Est","s":"25N-H58N000I-80-I"},{"r":"121","t":"09:10:18","h":"Est","s":"25N-H58N100F-80-F1"},{"r":"121","t":"09:10:18","h":"Est","s":"25N-H58N200F-80-F2"},{"r":"121","t":"09:10:18","h":"Est","s":"25N-H58N300F-80-F3"},{"r":"121","t":"09:10:18","h":"Est","s":"25N-H58N400F-80-F4"},{"r":"121","t":"09:10:18","h":"Est","s":"25N-H58NV10I-80-I"},{"r":"121","t":"09:10:18","h":"Est","s":"25N-H58NV20I-80-I"},{"r":"121","t":"09:10:18","h":"Est","s":"25S-H58S000I-80-I"},{"r":"121","t":"09:10:18","h":"Est","s":"25S-H58S100F-80-F1"},{"r":"121","t":"09:10:18","h":"Est","s":"25S-H58S200F-80-F2"},{"r":"121","t":"09:11:50","h":"Est","s":"25N-H58N000A-80-A"},{"r":"121","t":"09:11:50","h":"Est","s":"25N-H58NV10A-80-A"},{"r":"121","t":"09:11:50","h":"Est","s":"25N-H58NV20A-80-A"},{"r":"121","t":"09:11:50","h":"Est","s":"25S-H58S000A-80-A"},{"r":"121","t":"09:13:50","h":"Est","s":"25N-H58N000S-80-S"},{"r":"121","t":"09:13:50","h":"Est","s":"25N-H58NV10S-80-S"},{"r":"121","t":"09:13:50","h":"Est","s":"25N-H58NV20S-80-S"},{"r":"121","t":"09:13:50","h":"Est","s":"25S-H58S000S-80-S"},{"r":"121","t":"09:22:50","h":"Est","s":"25N-H58N000S-80-S"},{"r":"121","t":"09:22:50","h":"Est","s":"25N-H58NV10S-80-S"},{"r":"121","t":"09:22:50","h":"Est","s":"25N-H58NV20S-80-S"},{"r":"121","t":"09:22:50","h":"Est","s":"25S-H58S000S-80-S"},{"r":"121","t":"09:33:50","h":"Est","s":"25N-H58N000S-80-S"},{"r":"121","t":"09:33:50","h":"Est","s":"25N-H58NV10S-80-S"},{"r":"121","t":"09:33:50","h":"Est","s":"25N-H58NV20S-80-S"},{"r":"121","t":"09:33:50","h":"Est","s":"25S-H58S000S-80-S"},{"r":"121","t":"09:34:50","h":"Est","s":"25N-H58N000A-80-A"},{"r":"121","t":"09:34:50","h":"Est","s":"25N-H58NV10A-80-A"},{"r":"121","t":"09:34:50","h":"Est","s":"25N-H58NV20A-80-A"},{"r":"121","t":"09:34:50","h":"Est","s":"25S-H58S000A-80-A"},{"r":"121","t":"09:39:18","h":"Est","s":"25N-H58N000I-80-I"},{"r":"121","t":"09:39:18","h":"Est","s":"25N-H58N100F-80-F1"},{"r":"121","t":"09:39:18","h":"Est","s":"25N-H58N200F-80-F2"},{"r":"121","t":"09:39:18","h":"Est","s":"25N-H58N300F-80-F3"},{"r":"121","t":"09:39:18","h":"Est","s":"25N-H58N400F-80-F4"},{"r":"121","t":"09:39:18","h":"Est","s":"25N-H58NV10I-80-I"},{"r":"121","t":"09:39:18","h":"Est","s":"25N-H58NV20I-80-I"},{"r":"121","t":"09:39:18","h":"Est","s":"25S-H58S000I-80-I"},{"r":"121","t":"09:39:18","h":"Est","s":"25S-H58S100F-80-F1"},{"r":"121","t":"09:39:18","h":"Est","s":"25S-H58S200F-80-F2"},{"r":"121","t":"09:44:50","h":"Est","s":"25N-H58N000S-80-S"},{"r":"121","t":"09:44:50","h":"Est","s":"25N-H58NV10S-80-S"},{"r":"121","t":"09:44:50","h":"Est","s":"25N-H58NV20S-80-S"},{"r":"121","t":"09:44:50","h":"Est","s":"25S-H58S000S-80-S"},{"r":"121","t":"09:55:50","h":"Est","s":"25N-H58N000S-80-S"},{"r":"121","t":"09:55:50","h":"Est","s":"25N-H58NV10S-80-S"},{"r":"121","t":"09:55:50","h":"Est","s":"25N-H58NV20S-80-S"},{"r":"121","t":"09:55:50","h":"Est","s":"25S-H58S000S-80-S"},{"r":"121","t":"09:58:50","h":"Est","s":"25N-H58N000A-80-A"},{"r":"121","t":"09:58:50","h":"Est","s":"25N-H58NV10A-80-A"},{"r":"121","t":"09:58:50","h":"Est","s":"25N-H58NV20A-80-A"},{"r":"121","t":"09:58:50","h":"Est","s":"25S-H58S000A-80-A"},{"r":"121","t":"09:59:18","h":"Est","s":"25N-H58N000I-80-I"},{"r":"121","t":"09:59:18","h":"Est","s":"25N-H58N100F-80-F1"},{"r":"121","t":"09:59:18","h":"Est","s":"25N-H58N200F-80-F2"},{"r":"121","t":"09:59:18","h":"Est","s":"25N-H58N300F-80-F3"},{"r":"121","t":"09:59:18","h":"Est","s":"25N-H58N400F-80-F4"},{"r":"121","t":"09:59:18","h":"Est","s":"25N-H58NV10I-80-I"},{"r":"121","t":"09:59:18","h":"Est","s":"25N-H58NV20I-80-I"},{"r":"121","t":"09:59:18","h":"Est","s":"25S-H58S000I-80-I"},{"r":"121","t":"09:59:18","h":"Est","s":"25S-H58S100F-80-F1"},{"r":"121","t":"09:59:18","h":"Est","s":"25S-H58S200F-80-F2"},{"r":"121","t":"10:03:50","h":"Est","s":"25N-H58N000S-80-S"},{"r":"121","t":"10:03:50","h":"Est","s":"25N-H58NV10S-80-S"},{"r":"121","t":"10:03:50","h":"Est","s":"25N-H58NV20S-80-S"},{"r":"121","t":"10:03:50","h":"Est","s":"25S-H58S000S-80-S"},{"r":"121","t":"10:10:50","h":"Est","s":"25N-H58N000S-80-S"},{"r":"121","t":"10:10:50","h":"Est","s":"25N-H58NV10S-80-S"},{"r":"121","t":"10:10:50","h":"Est","s":"25N-H58NV20S-80-S"},{"r":"121","t":"10:10:50","h":"Est","s":"25S-H58S000S-80-S"},{"r":"121","t":"10:19:50","h":"Est","s":"25N-H58N000S-80-S"},{"r":"121","t":"10:19:50","h":"Est","s":"25N-H58NV10S-80-S"},{"r":"121","t":"10:19:50","h":"Est","s":"25N-H58NV20S-80-S"},{"r":"121","t":"10:19:50","h":"Est","s":"25S-H58S000S-80-S"},{"r":"121","t":"10:23:18","h":"Est","s":"25N-H58N000I-80-I"},{"r":"121","t":"10:23:18","h":"Est","s":"25N-H58N100F-80-F1"},{"r":"121","t":"10:23:18","h":"Est","s":"25N-H58N200F-80-F2"},{"r":"121","t":"10:23:18","h":"Est","s":"25N-H58N300F-80-F3"},{"r":"121","t":"10:23:18","h":"Est","s":"25N-H58N400F-80-F4"},{"r":"121","t":"10:23:18","h":"Est","s":"25N-H58NV10I-80-I"},{"r":"121","t":"10:23:18","h":"Est","s":"25N-H58NV20I-80-I"},{"r":"121","t":"10:23:18","h":"Est","s":"25S-H58S000I-80-I"},{"r":"121","t":"10:23:18","h":"Est","s":"25S-H58S100F-80-F1"},{"r":"121","t":"10:23:18","h":"Est","s":"25S-H58S200F-80-F2"},{"r":"121","t":"10:23:50","h":"Est","s":"25N-H58N000A-80-A"},{"r":"121","t":"10:23:50","h":"Est","s":"25N-H58NV10A-80-A"},{"r":"121","t":"10:23:50","h":"Est","s":"25N-H58NV20A-80-A"},{"r":"121","t":"10:23:50","h":"Est","s":"25S-H58S000A-80-A"},{"r":"121","t":"10:27:50","h":"Est","s":"25N-H58N000S-80-S"},{"r":"121","t":"10:27:50","h":"Est","s":"25N-H58NV10S-80-S"},{"r":"121","t":"10:27:50","h":"Est","s":"25N-H58NV20S-80-S"},{"r":"121","t":"10:27:50","h":"Est","s":"25S-H58S000S-80-S"},{"r":"121","t":"10:37:50","h":"Est","s":"25N-H58N000S-80-S"},{"r":"121","t":"10:37:50","h":"Est","s":"25N-H58NV10S-80-S"},{"r":"121","t":"10:37:50","h":"Est","s":"25N-H58NV20S-80-S"},{"r":"121","t":"10:37:50","h":"Est","s":"25S-H58S000S-80-S"},{"r":"121","t":"10:42:18","h":"Est","s":"25N-H58N000I-80-I"},{"r":"121","t":"10:42:18","h":"Est","s":"25N-H58N100F-80-F1"},{"r":"121","t":"10:42:18","h":"Est","s":"25N-H58N200F-80-F2"},{"r":"121","t":"10:42:18","h":"Est","s":"25N-H58N300F-80-F3"},{"r":"121","t":"10:42:18","h":"Est","s":"25N-H58N400F-80-F4"},{"r":"121","t":"10:42:18","h":"Est","s":"25N-H58NV10I-80-I"},{"r":"121","t":"10:42:18","h":"Est","s":"25N-H58NV20I-80-I"},{"r":"121","t":"10:42:18","h":"Est","s":"25S-H58S000I-80-I"},{"r":"121","t":"10:42:18","h":"Est","s":"25S-H58S100F-80-F1"},{"r":"121","t":"10:42:18","h":"Est","s":"25S-H58S200F-80-F2"},{"r":"121","t":"10:47:50","h":"Est","s":"25N-H58N000A-80-A"},{"r":"121","t":"10:47:50","h":"Est","s":"25N-H58NV10A-80-A"},{"r":"121","t":"10:47:50","h":"Est","s":"25N-H58NV20A-80-A"},{"r":"121","t":"10:47:50","h":"Est","s":"25S-H58S000A-80-A"},{"r":"121","t":"10:48:50","h":"Est","s":"25N-H58N000S-80-S"},{"r":"121","t":"10:48:50","h":"Est","s":"25N-H58NV10S-80-S"},{"r":"121","t":"10:48:50","h":"Est","s":"25N-H58NV20S-80-S"},{"r":"121","t":"10:48:50","h":"Est","s":"25S-H58S000S-80-S"},{"r":"121","t":"11:00:50","h":"Est","s":"25N-H58N000S-80-S"},{"r":"121","t":"11:00:50","h":"Est","s":"25N-H58NV10S-80-S"},{"r":"121","t":"11:00:50","h":"Est","s":"25N-H58NV20S-80-S"},{"r":"121","t":"11:00:50","h":"Est","s":"25S-H58S000S-80-S"},{"r":"121","t":"11:02:18","h":"Est","s":"25N-H58N000I-80-I"},{"r":"121","t":"11:02:18","h":"Est","s":"25N-H58N100F-80-F1"},{"r":"121","t":"11:02:18","h":"Est","s":"25N-H58N200F-80-F2"},{"r":"121","t":"11:02:18","h":"Est","s":"25N-H58N300F-80-F3"},{"r":"121","t":"11:02:18","h":"Est","s":"25N-H58N400F-80-F4"},{"r":"121","t":"11:02:18","h":"Est","s":"25N-H58NV10I-80-I"},{"r":"121","t":"11:02:18","h":"Est","s":"25N-H58NV20I-80-I"},{"r":"121","t":"11:02:18","h":"Est","s":"25S-H58S000I-80-I"},{"r":"121","t":"11:02:18","h":"Est","s":"25S-H58S100F-80-F1"},{"r":"121","t":"11:02:18","h":"Est","s":"25S-H58S200F-80-F2"},{"r":"121","t":"11:07:50","h":"Est","s":"25N-H58N000A-80-A"},{"r":"121","t":"11:07:50","h":"Est","s":"25N-H58NV10A-80-A"},{"r":"121","t":"11:07:50","h":"Est","s":"25N-H58NV20A-80-A"},{"r":"121","t":"11:07:50","h":"Est","s":"25S-H58S000A-80-A"},{"r":"121","t":"11:11:50","h":"Est","s":"25N-H58N000S-80-S"},{"r":"121","t":"11:11:50","h":"Est","s":"25N-H58NV10S-80-S"},{"r":"121","t":"11:11:50","h":"Est","s":"25N-H58NV20S-80-S"},{"r":"121","t":"11:11:50","h":"Est","s":"25S-H58S000S-80-S"},{"r":"121","t":"11:23:50","h":"Est","s":"25N-H58N000S-80-S"},{"r":"121","t":"11:23:50","h":"Est","s":"25N-H58NV10S-80-S"},{"r":"121","t":"11:23:50","h":"Est","s":"25N-H58NV20S-80-S"},{"r":"121","t":"11:23:50","h":"Est","s":"25S-H58S000S-80-S"},{"r":"121","t":"11:25:18","h":"Est","s":"25N-H58N000I-80-I"},{"r":"121","t":"11:25:18","h":"Est","s":"25N-H58N100F-80-F1"},{"r":"121","t":"11:25:18","h":"Est","s":"25N-H58N200F-80-F2"},{"r":"121","t":"11:25:18","h":"Est","s":"25N-H58N300F-80-F3"},{"r":"121","t":"11:25:18","h":"Est","s":"25N-H58N400F-80-F4"},{"r":"121","t":"11:25:18","h":"Est","s":"25N-H58NV10I-80-I"},{"r":"121","t":"11:25:18","h":"Est","s":"25N-H58NV20I-80-I"},{"r":"121","t":"11:25:18","h":"Est","s":"25S-H58S000I-80-I"},{"r":"121","t":"11:25:18","h":"Est","s":"25S-H58S100F-80-F1"},{"r":"121","t":"11:25:18","h":"Est","s":"25S-H58S200F-80-F2"},{"r":"121","t":"11:27:50","h":"Est","s":"25N-H58N000A-80-A"},{"r":"121","t":"11:27:50","h":"Est","s":"25N-H58NV10A-80-A"},{"r":"121","t":"11:27:50","h":"Est","s":"25N-H58NV20A-80-A"},{"r":"121","t":"11:27:50","h":"Est","s":"25S-H58S000A-80-A"},{"r":"121","t":"11:34:18","h":"Est","s":"25N-H58N000S-80-S"},{"r":"121","t":"11:34:18","h":"Est","s":"25N-H58NV10S-80-S"},{"r":"121","t":"11:34:18","h":"Est","s":"25N-H58NV20S-80-S"},{"r":"121","t":"11:34:18","h":"Est","s":"25S-H58S000S-80-S"},{"r":"121","t":"11:46:18","h":"Est","s":"25N-H58N000I-80-I"},{"r":"121","t":"11:46:18","h":"Est","s":"25N-H58N000S-80-S"},{"r":"121","t":"11:46:18","h":"Est","s":"25N-H58N100F-80-F1"},{"r":"121","t":"11:46:18","h":"Est","s":"25N-H58N200F-80-F2"},{"r":"121","t":"11:46:18","h":"Est","s":"25N-H58N300F-80-F3"},{"r":"121","t":"11:46:18","h":"Est","s":"25N-H58N400F-80-F4"},{"r":"121","t":"11:46:18","h":"Est","s":"25N-H58NV10I-80-I"},{"r":"121","t":"11:46:18","h":"Est","s":"25N-H58NV10S-80-S"},{"r":"121","t":"11:46:18","h":"Est","s":"25N-H58NV20I-80-I"},{"r":"121","t":"11:46:18","h":"Est","s":"25N-H58NV20S-80-S"},{"r":"121","t":"11:46:18","h":"Est","s":"25S-H58S000I-80-I"},{"r":"121","t":"11:46:18","h":"Est","s":"25S-H58S000S-80-S"},{"r":"121","t":"11:46:18","h":"Est","s":"25S-H58S100F-80-F1"},{"r":"121","t":"11:46:18","h":"Est","s":"25S-H58S200F-80-F2"},{"r":"121","t":"11:47:50","h":"Est","s":"25N-H58N000A-80-A"},{"r":"121","t":"11:47:50","h":"Est","s":"25N-H58NV10A-80-A"},{"r":"121","t":"11:47:50","h":"Est","s":"25N-H58NV20A-80-A"},{"r":"121","t":"11:47:50","h":"Est","s":"25S-H58S000A-80-A"},{"r":"121","t":"11:59:18","h":"Est","s":"25N-H58N000S-80-S"},{"r":"121","t":"11:59:18","h":"Est","s":"25N-H58NV10S-80-S"},{"r":"121","t":"11:59:18","h":"Est","s":"25N-H58NV20S-80-S"},{"r":"121","t":"11:59:18","h":"Est","s":"25S-H58S000S-80-S"},{"r":"121","t":"12:02:50","h":"Est","s":"25N-H58N000A-80-A"},{"r":"121","t":"12:02:50","h":"Est","s":"25N-H58NV10A-80-A"},{"r":"121","t":"12:02:50","h":"Est","s":"25N-H58NV20A-80-A"},{"r":"121","t":"12:02:50","h":"Est","s":"25S-H58S000A-80-A"},{"r":"121","t":"12:06:18","h":"Est","s":"25N-H58N000I-80-I"},{"r":"121","t":"12:06:18","h":"Est","s":"25N-H58N100F-80-F1"},{"r":"121","t":"12:06:18","h":"Est","s":"25N-H58N200F-80-F2"},{"r":"121","t":"12:06:18","h":"Est","s":"25N-H58N300F-80-F3"},{"r":"121","t":"12:06:18","h":"Est","s":"25N-H58N400F-80-F4"},{"r":"121","t":"12:06:18","h":"Est","s":"25N-H58NV10I-80-I"},{"r":"121","t":"12:06:18","h":"Est","s":"25N-H58NV20I-80-I"},{"r":"121","t":"12:06:18","h":"Est","s":"25S-H58S000I-80-I"},{"r":"121","t":"12:06:18","h":"Est","s":"25S-H58S100F-80-F1"},{"r":"121","t":"12:06:18","h":"Est","s":"25S-H58S200F-80-F2"},{"r":"121","t":"12:12:18","h":"Est","s":"25N-H58N000S-80-S"},{"r":"121","t":"12:12:18","h":"Est","s":"25N-H58NV10S-80-S"},{"r":"121","t":"12:12:18","h":"Est","s":"25N-H58NV20S-80-S"},{"r":"121","t":"12:12:18","h":"Est","s":"25S-H58S000S-80-S"},{"r":"121","t":"12:17:50","h":"Est","s":"25N-H58N000A-80-A"},{"r":"121","t":"12:17:50","h":"Est","s":"25N-H58NV10A-80-A"},{"r":"121","t":"12:17:50","h":"Est","s":"25N-H58NV20A-80-A"},{"r":"121","t":"12:17:50","h":"Est","s":"25S-H58S000A-80-A"},{"r":"121","t":"12:24:18","h":"Est","s":"25N-H58N000S-80-S"},{"r":"121","t":"12:24:18","h":"Est","s":"25N-H58NV10S-80-S"},{"r":"121","t":"12:24:18","h":"Est","s":"25N-H58NV20S-80-S"},{"r":"121","t":"12:24:18","h":"Est","s":"25S-H58S000S-80-S"},{"r":"121","t":"12:25:18","h":"Est","s":"25N-H58N000I-80-I"},{"r":"121","t":"12:25:18","h":"Est","s":"25N-H58N100F-80-F1"},{"r":"121","t":"12:25:18","h":"Est","s":"25N-H58N200F-80-F2"},{"r":"121","t":"12:25:18","h":"Est","s":"25N-H58N300F-80-F3"},{"r":"121","t":"12:25:18","h":"Est","s":"25N-H58N400F-80-F4"},{"r":"121","t":"12:25:18","h":"Est","s":"25N-H58NV10I-80-I"},{"r":"121","t":"12:25:18","h":"Est","s":"25N-H58NV20I-80-I"},{"r":"121","t":"12:25:18","h":"Est","s":"25S-H58S000I-80-I"},{"r":"121","t":"12:25:18","h":"Est","s":"25S-H58S100F-80-F1"},{"r":"121","t":"12:25:18","h":"Est","s":"25S-H58S200F-80-F2"},{"r":"121","t":"12:32:50","h":"Est","s":"25N-H58N000A-80-A"},{"r":"121","t":"12:32:50","h":"Est","s":"25N-H58NV10A-80-A"},{"r":"121","t":"12:32:50","h":"Est","s":"25N-H58NV20A-80-A"},{"r":"121","t":"12:32:50","h":"Est","s":"25S-H58S000A-80-A"},{"r":"121","t":"12:36:18","h":"Est","s":"25N-H58N000S-80-S"},{"r":"121","t":"12:36:18","h":"Est","s":"25N-H58NV10S-80-S"},{"r":"121","t":"12:36:18","h":"Est","s":"25N-H58NV20S-80-S"},{"r":"121","t":"12:36:18","h":"Est","s":"25S-H58S000S-80-S"},{"r":"121","t":"12:42:18","h":"Est","s":"25N-H58N000I-80-I"},{"r":"121","t":"12:42:18","h":"Est","s":"25N-H58N100F-80-F1"},{"r":"121","t":"12:42:18","h":"Est","s":"25N-H58N200F-80-F2"},{"r":"121","t":"12:42:18","h":"Est","s":"25N-H58N300F-80-F3"},{"r":"121","t":"12:42:18","h":"Est","s":"25N-H58N400F-80-F4"},{"r":"121","t":"12:42:18","h":"Est","s":"25N-H58NV10I-80-I"},{"r":"121","t":"12:42:18","h":"Est","s":"25N-H58NV20I-80-I"},{"r":"121","t":"12:42:18","h":"Est","s":"25S-H58S000I-80-I"},{"r":"121","t":"12:42:18","h":"Est","s":"25S-H58S100F-80-F1"},{"r":"121","t":"12:42:18","h":"Est","s":"25S-H58S200F-80-F2"},{"r":"121","t":"12:46:50","h":"Est","s":"25N-H58N000A-80-A"},{"r":"121","t":"12:46:50","h":"Est","s":"25N-H58NV10A-80-A"},{"r":"121","t":"12:46:50","h":"Est","s":"25N-H58NV20A-80-A"},{"r":"121","t":"12:46:50","h":"Est","s":"25S-H58S000A-80-A"},{"r":"121","t":"12:48:18","h":"Est","s":"25N-H58N000S-80-S"},{"r":"121","t":"12:48:18","h":"Est","s":"25N-H58NV10S-80-S"},{"r":"121","t":"12:48:18","h":"Est","s":"25N-H58NV20S-80-S"},{"r":"121","t":"12:48:18","h":"Est","s":"25S-H58S000S-80-S"},{"r":"121","t":"12:57:18","h":"Est","s":"25N-H58N000I-80-I"},{"r":"121","t":"12:57:18","h":"Est","s":"25N-H58N100F-80-F1"},{"r":"121","t":"12:57:18","h":"Est","s":"25N-H58N200F-80-F2"},{"r":"121","t":"12:57:18","h":"Est","s":"25N-H58N300F-80-F3"},{"r":"121","t":"12:57:18","h":"Est","s":"25N-H58N400F-80-F4"},{"r":"121","t":"12:57:18","h":"Est","s":"25N-H58NV10I-80-I"},{"r":"121","t":"12:57:18","h":"Est","s":"25N-H58NV20I-80-I"},{"r":"121","t":"12:57:18","h":"Est","s":"25S-H58S000I-80-I"},{"r":"121","t":"12:57:18","h":"Est","s":"25S-H58S100F-80-F1"},{"r":"121","t":"12:57:18","h":"Est","s":"25S-H58S200F-80-F2"},{"r":"121","t":"13:01:18","h":"Est","s":"25N-H58N000S-80-S"},{"r":"121","t":"13:01:18","h":"Est","s":"25N-H58NV10S-80-S"},{"r":"121","t":"13:01:18","h":"Est","s":"25N-H58NV20S-80-S"},{"r":"121","t":"13:01:18","h":"Est","s":"25S-H58S000S-80-S"},{"r":"121","t":"13:01:50","h":"Est","s":"25N-H58N000A-80-A"},{"r":"121","t":"13:01:50","h":"Est","s":"25N-H58NV10A-80-A"},{"r":"121","t":"13:01:50","h":"Est","s":"25N-H58NV20A-80-A"},{"r":"121","t":"13:01:50","h":"Est","s":"25S-H58S000A-80-A"},{"r":"121","t":"13:12:18","h":"Est","s":"25N-H58N000I-80-I"},{"r":"121","t":"13:12:18","h":"Est","s":"25N-H58N100F-80-F1"},{"r":"121","t":"13:12:18","h":"Est","s":"25N-H58N200F-80-F2"},{"r":"121","t":"13:12:18","h":"Est","s":"25N-H58N300F-80-F3"},{"r":"121","t":"13:12:18","h":"Est","s":"25N-H58N400F-80-F4"},{"r":"121","t":"13:12:18","h":"Est","s":"25N-H58NV10I-80-I"},{"r":"121","t":"13:12:18","h":"Est","s":"25N-H58NV20I-80-I"},{"r":"121","t":"13:12:18","h":"Est","s":"25S-H58S000I-80-I"},{"r":"121","t":"13:12:18","h":"Est","s":"25S-H58S100F-80-F1"},{"r":"121","t":"13:12:18","h":"Est","s":"25S-H58S200F-80-F2"},{"r":"121","t":"13:13:18","h":"Est","s":"25N-H58N000S-80-S"},{"r":"121","t":"13:13:18","h":"Est","s":"25N-H58NV10S-80-S"},{"r":"121","t":"13:13:18","h":"Est","s":"25N-H58NV20S-80-S"},{"r":"121","t":"13:13:18","h":"Est","s":"25S-H58S000S-80-S"},{"r":"121","t":"13:16:50","h":"Est","s":"25N-H58N000A-80-A"},{"r":"121","t":"13:16:50","h":"Est","s":"25N-H58NV10A-80-A"},{"r":"121","t":"13:16:50","h":"Est","s":"25N-H58NV20A-80-A"},{"r":"121","t":"13:16:50","h":"Est","s":"25S-H58S000A-80-A"},{"r":"121","t":"13:25:18","h":"Est","s":"25N-H58N000S-80-S"},{"r":"121","t":"13:25:18","h":"Est","s":"25N-H58NV10S-80-S"},{"r":"121","t":"13:25:18","h":"Est","s":"25N-H58NV20S-80-S"},{"r":"121","t":"13:25:18","h":"Est","s":"25S-H58S000S-80-S"},{"r":"121","t":"13:28:18","h":"Est","s":"25N-H58N000I-80-I"},{"r":"121","t":"13:28:18","h":"Est","s":"25N-H58N100F-80-F1"},{"r":"121","t":"13:28:18","h":"Est","s":"25N-H58N200F-80-F2"},{"r":"121","t":"13:28:18","h":"Est","s":"25N-H58N300F-80-F3"},{"r":"121","t":"13:28:18","h":"Est","s":"25N-H58N400F-80-F4"},{"r":"121","t":"13:28:18","h":"Est","s":"25N-H58NV10I-80-I"},{"r":"121","t":"13:28:18","h":"Est","s":"25N-H58NV20I-80-I"},{"r":"121","t":"13:28:18","h":"Est","s":"25S-H58S000I-80-I"},{"r":"121","t":"13:28:18","h":"Est","s":"25S-H58S100F-80-F1"},{"r":"121","t":"13:28:18","h":"Est","s":"25S-H58S200F-80-F2"},{"r":"121","t":"13:31:50","h":"Est","s":"25N-H58N000A-80-A"},{"r":"121","t":"13:31:50","h":"Est","s":"25N-H58NV10A-80-A"},{"r":"121","t":"13:31:50","h":"Est","s":"25N-H58NV20A-80-A"},{"r":"121","t":"13:31:50","h":"Est","s":"25S-H58S000A-80-A"},{"r":"121","t":"13:37:18","h":"Est","s":"25N-H58N000S-80-S"},{"r":"121","t":"13:37:18","h":"Est","s":"25N-H58NV10S-80-S"},{"r":"121","t":"13:37:18","h":"Est","s":"25N-H58NV20S-80-S"},{"r":"121","t":"13:37:18","h":"Est","s":"25S-H58S000S-80-S"},{"r":"121","t":"13:45:18","h":"Est","s":"25N-H58N000I-80-I"},{"r":"121","t":"13:45:18","h":"Est","s":"25N-H58N100F-80-F1"},{"r":"121","t":"13:45:18","h":"Est","s":"25N-H58N200F-80-F2"},{"r":"121","t":"13:45:18","h":"Est","s":"25N-H58N300F-80-F3"},{"r":"121","t":"13:45:18","h":"Est","s":"25N-H58N400F-80-F4"},{"r":"121","t":"13:45:18","h":"Est","s":"25N-H58NV10I-80-I"},{"r":"121","t":"13:45:18","h":"Est","s":"25N-H58NV20I-80-I"},{"r":"121","t":"13:45:18","h":"Est","s":"25S-H58S000I-80-I"},{"r":"121","t":"13:45:18","h":"Est","s":"25S-H58S100F-80-F1"},{"r":"121","t":"13:45:18","h":"Est","s":"25S-H58S200F-80-F2"},{"r":"121","t":"13:46:50","h":"Est","s":"25N-H58N000A-80-A"},{"r":"121","t":"13:46:50","h":"Est","s":"25N-H58NV10A-80-A"},{"r":"121","t":"13:46:50","h":"Est","s":"25N-H58NV20A-80-A"},{"r":"121","t":"13:46:50","h":"Est","s":"25S-H58S000A-80-A"},{"r":"121","t":"13:49:18","h":"Est","s":"25N-H58N000S-80-S"},{"r":"121","t":"13:49:18","h":"Est","s":"25N-H58NV10S-80-S"},{"r":"121","t":"13:49:18","h":"Est","s":"25N-H58NV20S-80-S"},{"r":"121","t":"13:49:18","h":"Est","s":"25S-H58S000S-80-S"},{"r":"121","t":"14:01:18","h":"Est","s":"25N-H58N000S-80-S"},{"r":"121","t":"14:01:18","h":"Est","s":"25N-H58NV10S-80-S"},{"r":"121","t":"14:01:18","h":"Est","s":"25N-H58NV20S-80-S"},{"r":"121","t":"14:01:18","h":"Est","s":"25S-H58S000S-80-S"},{"r":"121","t":"14:01:50","h":"Est","s":"25N-H58N000A-80-A"},{"r":"121","t":"14:01:50","h":"Est","s":"25N-H58NV10A-80-A"},{"r":"121","t":"14:01:50","h":"Est","s":"25N-H58NV20A-80-A"},{"r":"121","t":"14:01:50","h":"Est","s":"25S-H58S000A-80-A"},{"r":"121","t":"14:05:18","h":"Est","s":"25N-H58N000I-80-I"},{"r":"121","t":"14:05:18","h":"Est","s":"25N-H58N100F-80-F1"},{"r":"121","t":"14:05:18","h":"Est","s":"25N-H58N200F-80-F2"},{"r":"121","t":"14:05:18","h":"Est","s":"25N-H58N300F-80-F3"},{"r":"121","t":"14:05:18","h":"Est","s":"25N-H58N400F-80-F4"},{"r":"121","t":"14:05:18","h":"Est","s":"25N-H58NV10I-80-I"},{"r":"121","t":"14:05:18","h":"Est","s":"25N-H58NV20I-80-I"},{"r":"121","t":"14:05:18","h":"Est","s":"25S-H58S000I-80-I"},{"r":"121","t":"14:05:18","h":"Est","s":"25S-H58S100F-80-F1"},{"r":"121","t":"14:05:18","h":"Est","s":"25S-H58S200F-80-F2"},{"r":"121","t":"14:13:18","h":"Est","s":"25N-H58N000S-80-S"},{"r":"121","t":"14:13:18","h":"Est","s":"25N-H58NV10S-80-S"},{"r":"121","t":"14:13:18","h":"Est","s":"25N-H58NV20S-80-S"},{"r":"121","t":"14:13:18","h":"Est","s":"25S-H58S000S-80-S"},{"r":"121","t":"14:16:50","h":"Est","s":"25N-H58N000A-80-A"},{"r":"121","t":"14:16:50","h":"Est","s":"25N-H58NV10A-80-A"},{"r":"121","t":"14:16:50","h":"Est","s":"25N-H58NV20A-80-A"},{"r":"121","t":"14:16:50","h":"Est","s":"25S-H58S000A-80-A"},{"r":"121","t":"14:25:18","h":"Est","s":"25N-H58N000I-80-I"},{"r":"121","t":"14:25:18","h":"Est","s":"25N-H58N100F-80-F1"},{"r":"121","t":"14:25:18","h":"Est","s":"25N-H58N200F-80-F2"},{"r":"121","t":"14:25:18","h":"Est","s":"25N-H58N300F-80-F3"},{"r":"121","t":"14:25:18","h":"Est","s":"25N-H58N400F-80-F4"},{"r":"121","t":"14:25:18","h":"Est","s":"25N-H58NV10I-80-I"},{"r":"121","t":"14:25:18","h":"Est","s":"25N-H58NV20I-80-I"},{"r":"121","t":"14:25:18","h":"Est","s":"25S-H58S000I-80-I"},{"r":"121","t":"14:25:18","h":"Est","s":"25S-H58S100F-80-F1"},{"r":"121","t":"14:25:18","h":"Est","s":"25S-H58S200F-80-F2"},{"r":"121","t":"14:26:18","h":"Est","s":"25N-H58N000S-80-S"},{"r":"121","t":"14:26:18","h":"Est","s":"25N-H58NV10S-80-S"},{"r":"121","t":"14:26:18","h":"Est","s":"25N-H58NV20S-80-S"},{"r":"121","t":"14:26:18","h":"Est","s":"25S-H58S000S-80-S"},{"r":"121","t":"14:32:50","h":"Est","s":"25N-H58N000A-80-A"},{"r":"121","t":"14:32:50","h":"Est","s":"25N-H58NV10A-80-A"},{"r":"121","t":"14:32:50","h":"Est","s":"25N-H58NV20A-80-A"},{"r":"121","t":"14:32:50","h":"Est","s":"25S-H58S000A-80-A"},{"r":"121","t":"14:38:18","h":"Est","s":"25N-H58N000S-80-S"},{"r":"121","t":"14:38:18","h":"Est","s":"25N-H58NV10S-80-S"},{"r":"121","t":"14:38:18","h":"Est","s":"25N-H58NV20S-80-S"},{"r":"121","t":"14:38:18","h":"Est","s":"25S-H58S000S-80-S"},{"r":"121","t":"14:45:18","h":"Est","s":"25N-H58N000I-80-I"},{"r":"121","t":"14:45:18","h":"Est","s":"25N-H58N100F-80-F1"},{"r":"121","t":"14:45:18","h":"Est","s":"25N-H58N200F-80-F2"},{"r":"121","t":"14:45:18","h":"Est","s":"25N-H58N300F-80-F3"},{"r":"121","t":"14:45:18","h":"Est","s":"25N-H58N400F-80-F4"},{"r":"121","t":"14:45:18","h":"Est","s":"25N-H58NV10I-80-I"},{"r":"121","t":"14:45:18","h":"Est","s":"25N-H58NV20I-80-I"},{"r":"121","t":"14:45:18","h":"Est","s":"25S-H58S000I-80-I"},{"r":"121","t":"14:45:18","h":"Est","s":"25S-H58S100F-80-F1"},{"r":"121","t":"14:45:18","h":"Est","s":"25S-H58S200F-80-F2"},{"r":"121","t":"14:47:50","h":"Est","s":"25N-H58N000A-80-A"},{"r":"121","t":"14:47:50","h":"Est","s":"25N-H58NV10A-80-A"},{"r":"121","t":"14:47:50","h":"Est","s":"25N-H58NV20A-80-A"},{"r":"121","t":"14:47:50","h":"Est","s":"25S-H58S000A-80-A"},{"r":"121","t":"14:50:18","h":"Est","s":"25N-H58N000S-80-S"},{"r":"121","t":"14:50:18","h":"Est","s":"25N-H58NV10S-80-S"},{"r":"121","t":"14:50:18","h":"Est","s":"25N-H58NV20S-80-S"},{"r":"121","t":"14:50:18","h":"Est","s":"25S-H58S000S-80-S"},{"r":"121","t":"14:59:50","h":"Est","s":"25N-H58N000A-80-A"},{"r":"121","t":"14:59:50","h":"Est","s":"25N-H58NV10A-80-A"},{"r":"121","t":"14:59:50","h":"Est","s":"25N-H58NV20A-80-A"},{"r":"121","t":"14:59:50","h":"Est","s":"25S-H58S000A-80-A"},{"r":"121","t":"15:02:46","h":"Est","s":"25N-H58N000S-80-S"},{"r":"121","t":"15:02:46","h":"Est","s":"25N-H58NV10S-80-S"},{"r":"121","t":"15:02:46","h":"Est","s":"25N-H58NV20S-80-S"},{"r":"121","t":"15:02:46","h":"Est","s":"25S-H58S000S-80-S"},{"r":"121","t":"15:05:18","h":"Est","s":"25N-H58N000I-80-I"},{"r":"121","t":"15:05:18","h":"Est","s":"25N-H58N100F-80-F1"},{"r":"121","t":"15:05:18","h":"Est","s":"25N-H58N200F-80-F2"},{"r":"121","t":"15:05:18","h":"Est","s":"25N-H58N300F-80-F3"},{"r":"121","t":"15:05:18","h":"Est","s":"25N-H58N400F-80-F4"},{"r":"121","t":"15:05:18","h":"Est","s":"25N-H58NV10I-80-I"},{"r":"121","t":"15:05:18","h":"Est","s":"25N-H58NV20I-80-I"},{"r":"121","t":"15:05:18","h":"Est","s":"25S-H58S000I-80-I"},{"r":"121","t":"15:05:18","h":"Est","s":"25S-H58S100F-80-F1"},{"r":"121","t":"15:05:18","h":"Est","s":"25S-H58S200F-80-F2"},{"r":"121","t":"15:11:50","h":"Est","s":"25N-H58N000A-80-A"},{"r":"121","t":"15:11:50","h":"Est","s":"25N-H58NV10A-80-A"},{"r":"121","t":"15:11:50","h":"Est","s":"25N-H58NV20A-80-A"},{"r":"121","t":"15:11:50","h":"Est","s":"25S-H58S000A-80-A"},{"r":"121","t":"15:13:46","h":"Est","s":"25N-H58N000S-80-S"},{"r":"121","t":"15:13:46","h":"Est","s":"25N-H58NV10S-80-S"},{"r":"121","t":"15:13:46","h":"Est","s":"25N-H58NV20S-80-S"},{"r":"121","t":"15:13:46","h":"Est","s":"25S-H58S000S-80-S"},{"r":"121","t":"15:23:46","h":"Est","s":"25N-H58N000S-80-S"},{"r":"121","t":"15:23:46","h":"Est","s":"25N-H58NV10S-80-S"},{"r":"121","t":"15:23:46","h":"Est","s":"25N-H58NV20S-80-S"},{"r":"121","t":"15:23:46","h":"Est","s":"25S-H58S000S-80-S"},{"r":"121","t":"15:23:50","h":"Est","s":"25N-H58N000A-80-A"},{"r":"121","t":"15:23:50","h":"Est","s":"25N-H58NV10A-80-A"},{"r":"121","t":"15:23:50","h":"Est","s":"25N-H58NV20A-80-A"},{"r":"121","t":"15:23:50","h":"Est","s":"25S-H58S000A-80-A"},{"r":"121","t":"15:25:18","h":"Est","s":"25N-H58N000I-80-I"},{"r":"121","t":"15:25:18","h":"Est","s":"25N-H58N100F-80-F1"},{"r":"121","t":"15:25:18","h":"Est","s":"25N-H58N200F-80-F2"},{"r":"121","t":"15:25:18","h":"Est","s":"25N-H58N300F-80-F3"},{"r":"121","t":"15:25:18","h":"Est","s":"25N-H58N400F-80-F4"},{"r":"121","t":"15:25:18","h":"Est","s":"25N-H58NV10I-80-I"},{"r":"121","t":"15:25:18","h":"Est","s":"25N-H58NV20I-80-I"},{"r":"121","t":"15:25:18","h":"Est","s":"25S-H58S000I-80-I"},{"r":"121","t":"15:25:18","h":"Est","s":"25S-H58S100F-80-F1"},{"r":"121","t":"15:25:18","h":"Est","s":"25S-H58S200F-80-F2"},{"r":"121","t":"15:34:46","h":"Est","s":"25N-H58N000S-80-S"},{"r":"121","t":"15:34:46","h":"Est","s":"25N-H58NV10S-80-S"},{"r":"121","t":"15:34:46","h":"Est","s":"25N-H58NV20S-80-S"},{"r":"121","t":"15:34:46","h":"Est","s":"25S-H58S000S-80-S"},{"r":"121","t":"15:35:50","h":"Est","s":"25N-H58N000A-80-A"},{"r":"121","t":"15:35:50","h":"Est","s":"25N-H58NV10A-80-A"},{"r":"121","t":"15:35:50","h":"Est","s":"25N-H58NV20A-80-A"},{"r":"121","t":"15:35:50","h":"Est","s":"25S-H58S000A-80-A"},{"r":"121","t":"15:43:46","h":"Est","s":"25N-H58N000S-80-S"},{"r":"121","t":"15:43:46","h":"Est","s":"25N-H58NV10S-80-S"},{"r":"121","t":"15:43:46","h":"Est","s":"25N-H58NV20S-80-S"},{"r":"121","t":"15:43:46","h":"Est","s":"25S-H58S000S-80-S"},{"r":"121","t":"15:45:18","h":"Est","s":"25N-H58N000I-80-I"},{"r":"121","t":"15:45:18","h":"Est","s":"25N-H58N100F-80-F1"},{"r":"121","t":"15:45:18","h":"Est","s":"25N-H58N200F-80-F2"},{"r":"121","t":"15:45:18","h":"Est","s":"25N-H58N300F-80-F3"},{"r":"121","t":"15:45:18","h":"Est","s":"25N-H58N400F-80-F4"},{"r":"121","t":"15:45:18","h":"Est","s":"25N-H58NV10I-80-I"},{"r":"121","t":"15:45:18","h":"Est","s":"25N-H58NV20I-80-I"},{"r":"121","t":"15:45:18","h":"Est","s":"25S-H58S000I-80-I"},{"r":"121","t":"15:45:18","h":"Est","s":"25S-H58S100F-80-F1"},{"r":"121","t":"15:45:18","h":"Est","s":"25S-H58S200F-80-F2"},{"r":"121","t":"15:47:50","h":"Est","s":"25N-H58N000A-80-A"},{"r":"121","t":"15:47:50","h":"Est","s":"25N-H58NV10A-80-A"},{"r":"121","t":"15:47:50","h":"Est","s":"25N-H58NV20A-80-A"},{"r":"121","t":"15:47:50","h":"Est","s":"25S-H58S000A-80-A"},{"r":"121","t":"15:56:46","h":"Est","s":"25N-H58N000S-80-S"},{"r":"121","t":"15:56:46","h":"Est","s":"25N-H58NV10S-80-S"},{"r":"121","t":"15:56:46","h":"Est","s":"25N-H58NV20S-80-S"},{"r":"121","t":"15:56:46","h":"Est","s":"25S-H58S000S-80-S"},{"r":"121","t":"15:57:18","h":"Est","s":"25N-H58N000I-80-I"},{"r":"121","t":"15:57:18","h":"Est","s":"25N-H58N100F-80-F1"},{"r":"121","t":"15:57:18","h":"Est","s":"25N-H58N200F-80-F2"},{"r":"121","t":"15:57:18","h":"Est","s":"25N-H58N300F-80-F3"},{"r":"121","t":"15:57:18","h":"Est","s":"25N-H58N400F-80-F4"},{"r":"121","t":"15:57:18","h":"Est","s":"25N-H58NV10I-80-I"},{"r":"121","t":"15:57:18","h":"Est","s":"25N-H58NV20I-80-I"},{"r":"121","t":"15:57:18","h":"Est","s":"25S-H58S000I-80-I"},{"r":"121","t":"15:57:18","h":"Est","s":"25S-H58S100F-80-F1"},{"r":"121","t":"15:57:18","h":"Est","s":"25S-H58S200F-80-F2"},{"r":"121","t":"15:57:50","h":"Est","s":"25N-H58N000A-80-A"},{"r":"121","t":"15:57:50","h":"Est","s":"25N-H58NV10A-80-A"},{"r":"121","t":"15:57:50","h":"Est","s":"25N-H58NV20A-80-A"},{"r":"121","t":"15:57:50","h":"Est","s":"25S-H58S000A-80-A"},{"r":"121","t":"16:02:46","h":"Est","s":"25N-H58N000S-80-S"},{"r":"121","t":"16:02:46","h":"Est","s":"25N-H58NV10S-80-S"},{"r":"121","t":"16:02:46","h":"Est","s":"25N-H58NV20S-80-S"},{"r":"121","t":"16:02:46","h":"Est","s":"25S-H58S000S-80-S"},{"r":"121","t":"16:07:50","h":"Est","s":"25N-H58N000A-80-A"},{"r":"121","t":"16:07:50","h":"Est","s":"25N-H58NV10A-80-A"},{"r":"121","t":"16:07:50","h":"Est","s":"25N-H58NV20A-80-A"},{"r":"121","t":"16:07:50","h":"Est","s":"25S-H58S000A-80-A"},{"r":"121","t":"16:08:18","h":"Est","s":"25N-H58N000I-80-I"},{"r":"121","t":"16:08:18","h":"Est","s":"25N-H58N100F-80-F1"},{"r":"121","t":"16:08:18","h":"Est","s":"25N-H58N200F-80-F2"},{"r":"121","t":"16:08:18","h":"Est","s":"25N-H58N300F-80-F3"},{"r":"121","t":"16:08:18","h":"Est","s":"25N-H58N400F-80-F4"},{"r":"121","t":"16:08:18","h":"Est","s":"25N-H58NV10I-80-I"},{"r":"121","t":"16:08:18","h":"Est","s":"25N-H58NV20I-80-I"},{"r":"121","t":"16:08:18","h":"Est","s":"25S-H58S000I-80-I"},{"r":"121","t":"16:08:18","h":"Est","s":"25S-H58S100F-80-F1"},{"r":"121","t":"16:08:18","h":"Est","s":"25S-H58S200F-80-F2"},{"r":"121","t":"16:10:46","h":"Est","s":"25N-H58N000S-80-S"},{"r":"121","t":"16:10:46","h":"Est","s":"25N-H58NV10S-80-S"},{"r":"121","t":"16:10:46","h":"Est","s":"25N-H58NV20S-80-S"},{"r":"121","t":"16:10:46","h":"Est","s":"25S-H58S000S-80-S"},{"r":"121","t":"16:16:50","h":"Est","s":"25N-H58N000A-80-A"},{"r":"121","t":"16:16:50","h":"Est","s":"25N-H58NV10A-80-A"},{"r":"121","t":"16:16:50","h":"Est","s":"25N-H58NV20A-80-A"},{"r":"121","t":"16:16:50","h":"Est","s":"25S-H58S000A-80-A"},{"r":"121","t":"16:20:18","h":"Est","s":"25N-H58N000I-80-I"},{"r":"121","t":"16:20:18","h":"Est","s":"25N-H58N100F-80-F1"},{"r":"121","t":"16:20:18","h":"Est","s":"25N-H58N200F-80-F2"},{"r":"121","t":"16:20:18","h":"Est","s":"25N-H58N300F-80-F3"},{"r":"121","t":"16:20:18","h":"Est","s":"25N-H58N400F-80-F4"},{"r":"121","t":"16:20:18","h":"Est","s":"25N-H58NV10I-80-I"},{"r":"121","t":"16:20:18","h":"Est","s":"25N-H58NV20I-80-I"},{"r":"121","t":"16:20:18","h":"Est","s":"25S-H58S000I-80-I"},{"r":"121","t":"16:20:18","h":"Est","s":"25S-H58S100F-80-F1"},{"r":"121","t":"16:20:18","h":"Est","s":"25S-H58S200F-80-F2"},{"r":"121","t":"16:20:46","h":"Est","s":"25N-H58N000S-80-S"},{"r":"121","t":"16:20:46","h":"Est","s":"25N-H58NV10S-80-S"},{"r":"121","t":"16:20:46","h":"Est","s":"25N-H58NV20S-80-S"},{"r":"121","t":"16:20:46","h":"Est","s":"25S-H58S000S-80-S"},{"r":"121","t":"16:25:50","h":"Est","s":"25N-H58N000A-80-A"},{"r":"121","t":"16:25:50","h":"Est","s":"25N-H58NV10A-80-A"},{"r":"121","t":"16:25:50","h":"Est","s":"25N-H58NV20A-80-A"},{"r":"121","t":"16:25:50","h":"Est","s":"25S-H58S000A-80-A"},{"r":"121","t":"16:30:46","h":"Est","s":"25N-H58N000S-80-S"},{"r":"121","t":"16:30:46","h":"Est","s":"25N-H58NV10S-80-S"},{"r":"121","t":"16:30:46","h":"Est","s":"25N-H58NV20S-80-S"},{"r":"121","t":"16:30:46","h":"Est","s":"25S-H58S000S-80-S"},{"r":"121","t":"16:32:18","h":"Est","s":"25N-H58N000I-80-I"},{"r":"121","t":"16:32:18","h":"Est","s":"25N-H58N100F-80-F1"},{"r":"121","t":"16:32:18","h":"Est","s":"25N-H58N200F-80-F2"},{"r":"121","t":"16:32:18","h":"Est","s":"25N-H58N300F-80-F3"},{"r":"121","t":"16:32:18","h":"Est","s":"25N-H58N400F-80-F4"},{"r":"121","t":"16:32:18","h":"Est","s":"25N-H58NV10I-80-I"},{"r":"121","t":"16:32:18","h":"Est","s":"25N-H58NV20I-80-I"},{"r":"121","t":"16:32:18","h":"Est","s":"25S-H58S000I-80-I"},{"r":"121","t":"16:32:18","h":"Est","s":"25S-H58S100F-80-F1"},{"r":"121","t":"16:32:18","h":"Est","s":"25S-H58S200F-80-F2"},{"r":"121","t":"16:34:50","h":"Est","s":"25N-H58N000A-80-A"},{"r":"121","t":"16:34:50","h":"Est","s":"25N-H58NV10A-80-A"},{"r":"121","t":"16:34:50","h":"Est","s":"25N-H58NV20A-80-A"},{"r":"121","t":"16:34:50","h":"Est","s":"25S-H58S000A-80-A"},{"r":"121","t":"16:39:46","h":"Est","s":"25N-H58N000S-80-S"},{"r":"121","t":"16:39:46","h":"Est","s":"25N-H58NV10S-80-S"},{"r":"121","t":"16:39:46","h":"Est","s":"25N-H58NV20S-80-S"},{"r":"121","t":"16:39:46","h":"Est","s":"25S-H58S000S-80-S"},{"r":"121","t":"16:45:18","h":"Est","s":"25N-H58N000I-80-I"},{"r":"121","t":"16:45:18","h":"Est","s":"25N-H58N100F-80-F1"},{"r":"121","t":"16:45:18","h":"Est","s":"25N-H58N200F-80-F2"},{"r":"121","t":"16:45:18","h":"Est","s":"25N-H58N300F-80-F3"},{"r":"121","t":"16:45:18","h":"Est","s":"25N-H58N400F-80-F4"},{"r":"121","t":"16:45:18","h":"Est","s":"25N-H58NV10I-80-I"},{"r":"121","t":"16:45:18","h":"Est","s":"25N-H58NV20I-80-I"},{"r":"121","t":"16:45:18","h":"Est","s":"25S-H58S000I-80-I"},{"r":"121","t":"16:45:18","h":"Est","s":"25S-H58S100F-80-F1"},{"r":"121","t":"16:45:18","h":"Est","s":"25S-H58S200F-80-F2"},{"r":"121","t":"16:45:46","h":"Est","s":"25N-H58N000S-80-S"},{"r":"121","t":"16:45:46","h":"Est","s":"25N-H58NV10S-80-S"},{"r":"121","t":"16:45:46","h":"Est","s":"25N-H58NV20S-80-S"},{"r":"121","t":"16:45:46","h":"Est","s":"25S-H58S000S-80-S"},{"r":"121","t":"16:45:50","h":"Est","s":"25N-H58N000A-80-A"},{"r":"121","t":"16:45:50","h":"Est","s":"25N-H58NV10A-80-A"},{"r":"121","t":"16:45:50","h":"Est","s":"25N-H58NV20A-80-A"},{"r":"121","t":"16:45:50","h":"Est","s":"25S-H58S000A-80-A"},{"r":"121","t":"16:50:46","h":"Est","s":"25N-H58N000S-80-S"},{"r":"121","t":"16:50:46","h":"Est","s":"25N-H58NV10S-80-S"},{"r":"121","t":"16:50:46","h":"Est","s":"25N-H58NV20S-80-S"},{"r":"121","t":"16:50:46","h":"Est","s":"25S-H58S000S-80-S"},{"r":"121","t":"16:55:46","h":"Est","s":"25N-H58N000S-80-S"},{"r":"121","t":"16:55:46","h":"Est","s":"25N-H58NV10S-80-S"},{"r":"121","t":"16:55:46","h":"Est","s":"25N-H58NV20S-80-S"},{"r":"121","t":"16:55:46","h":"Est","s":"25S-H58S000S-80-S"},{"r":"121","t":"16:57:50","h":"Est","s":"25N-H58N000A-80-A"},{"r":"121","t":"16:57:50","h":"Est","s":"25N-H58NV10A-80-A"},{"r":"121","t":"16:57:50","h":"Est","s":"25N-H58NV20A-80-A"},{"r":"121","t":"16:57:50","h":"Est","s":"25S-H58S000A-80-A"},{"r":"121","t":"17:00:18","h":"Est","s":"25N-H58N000I-80-I"},{"r":"121","t":"17:00:18","h":"Est","s":"25N-H58N100F-80-F1"},{"r":"121","t":"17:00:18","h":"Est","s":"25N-H58N200F-80-F2"},{"r":"121","t":"17:00:18","h":"Est","s":"25N-H58N300F-80-F3"},{"r":"121","t":"17:00:18","h":"Est","s":"25N-H58N400F-80-F4"},{"r":"121","t":"17:00:18","h":"Est","s":"25N-H58NV10I-80-I"},{"r":"121","t":"17:00:18","h":"Est","s":"25N-H58NV20I-80-I"},{"r":"121","t":"17:00:18","h":"Est","s":"25S-H58S000I-80-I"},{"r":"121","t":"17:00:18","h":"Est","s":"25S-H58S100F-80-F1"},{"r":"121","t":"17:00:18","h":"Est","s":"25S-H58S200F-80-F2"},{"r":"121","t":"17:00:46","h":"Est","s":"25N-H58N000S-80-S"},{"r":"121","t":"17:00:46","h":"Est","s":"25N-H58NV10S-80-S"},{"r":"121","t":"17:00:46","h":"Est","s":"25N-H58NV20S-80-S"},{"r":"121","t":"17:00:46","h":"Est","s":"25S-H58S000S-80-S"},{"r":"121","t":"17:06:46","h":"Est","s":"25N-H58N000S-80-S"},{"r":"121","t":"17:06:46","h":"Est","s":"25N-H58NV10S-80-S"},{"r":"121","t":"17:06:46","h":"Est","s":"25N-H58NV20S-80-S"},{"r":"121","t":"17:06:46","h":"Est","s":"25S-H58S000S-80-S"},{"r":"121","t":"17:09:50","h":"Est","s":"25N-H58N000A-80-A"},{"r":"121","t":"17:09:50","h":"Est","s":"25N-H58NV10A-80-A"},{"r":"121","t":"17:09:50","h":"Est","s":"25N-H58NV20A-80-A"},{"r":"121","t":"17:09:50","h":"Est","s":"25S-H58S000A-80-A"},{"r":"121","t":"17:11:46","h":"Est","s":"25N-H58N000S-80-S"},{"r":"121","t":"17:11:46","h":"Est","s":"25N-H58NV10S-80-S"},{"r":"121","t":"17:11:46","h":"Est","s":"25N-H58NV20S-80-S"},{"r":"121","t":"17:11:46","h":"Est","s":"25S-H58S000S-80-S"},{"r":"121","t":"17:15:18","h":"Est","s":"25N-H58N000I-80-I"},{"r":"121","t":"17:15:18","h":"Est","s":"25N-H58N100F-80-F1"},{"r":"121","t":"17:15:18","h":"Est","s":"25N-H58N200F-80-F2"},{"r":"121","t":"17:15:18","h":"Est","s":"25N-H58N300F-80-F3"},{"r":"121","t":"17:15:18","h":"Est","s":"25N-H58N400F-80-F4"},{"r":"121","t":"17:15:18","h":"Est","s":"25N-H58NV10I-80-I"},{"r":"121","t":"17:15:18","h":"Est","s":"25N-H58NV20I-80-I"},{"r":"121","t":"17:15:18","h":"Est","s":"25S-H58S000I-80-I"},{"r":"121","t":"17:15:18","h":"Est","s":"25S-H58S100F-80-F1"},{"r":"121","t":"17:15:18","h":"Est","s":"25S-H58S200F-80-F2"},{"r":"121","t":"17:17:46","h":"Est","s":"25N-H58N000S-80-S"},{"r":"121","t":"17:17:46","h":"Est","s":"25N-H58NV10S-80-S"},{"r":"121","t":"17:17:46","h":"Est","s":"25N-H58NV20S-80-S"},{"r":"121","t":"17:17:46","h":"Est","s":"25S-H58S000S-80-S"},{"r":"121","t":"17:21:50","h":"Est","s":"25N-H58N000A-80-A"},{"r":"121","t":"17:21:50","h":"Est","s":"25N-H58NV10A-80-A"},{"r":"121","t":"17:21:50","h":"Est","s":"25N-H58NV20A-80-A"},{"r":"121","t":"17:21:50","h":"Est","s":"25S-H58S000A-80-A"},{"r":"121","t":"17:23:46","h":"Est","s":"25N-H58N000S-80-S"},{"r":"121","t":"17:23:46","h":"Est","s":"25N-H58NV10S-80-S"},{"r":"121","t":"17:23:46","h":"Est","s":"25N-H58NV20S-80-S"},{"r":"121","t":"17:23:46","h":"Est","s":"25S-H58S000S-80-S"},{"r":"121","t":"17:29:46","h":"Est","s":"25N-H58N000S-80-S"},{"r":"121","t":"17:29:46","h":"Est","s":"25N-H58NV10S-80-S"},{"r":"121","t":"17:29:46","h":"Est","s":"25N-H58NV20S-80-S"},{"r":"121","t":"17:29:46","h":"Est","s":"25S-H58S000S-80-S"},{"r":"121","t":"17:31:18","h":"Est","s":"25N-H58N000I-80-I"},{"r":"121","t":"17:31:18","h":"Est","s":"25N-H58N100F-80-F1"},{"r":"121","t":"17:31:18","h":"Est","s":"25N-H58N200F-80-F2"},{"r":"121","t":"17:31:18","h":"Est","s":"25N-H58N300F-80-F3"},{"r":"121","t":"17:31:18","h":"Est","s":"25N-H58N400F-80-F4"},{"r":"121","t":"17:31:18","h":"Est","s":"25N-H58NV10I-80-I"},{"r":"121","t":"17:31:18","h":"Est","s":"25N-H58NV20I-80-I"},{"r":"121","t":"17:31:18","h":"Est","s":"25S-H58S000I-80-I"},{"r":"121","t":"17:31:18","h":"Est","s":"25S-H58S100F-80-F1"},{"r":"121","t":"17:31:18","h":"Est","s":"25S-H58S200F-80-F2"},{"r":"121","t":"17:34:50","h":"Est","s":"25N-H58N000A-80-A"},{"r":"121","t":"17:34:50","h":"Est","s":"25N-H58NV10A-80-A"},{"r":"121","t":"17:34:50","h":"Est","s":"25N-H58NV20A-80-A"},{"r":"121","t":"17:34:50","h":"Est","s":"25S-H58S000A-80-A"},{"r":"121","t":"17:35:46","h":"Est","s":"25N-H58N000S-80-S"},{"r":"121","t":"17:35:46","h":"Est","s":"25N-H58NV10S-80-S"},{"r":"121","t":"17:35:46","h":"Est","s":"25N-H58NV20S-80-S"},{"r":"121","t":"17:35:46","h":"Est","s":"25S-H58S000S-80-S"},{"r":"121","t":"17:42:46","h":"Est","s":"25N-H58N000S-80-S"},{"r":"121","t":"17:42:46","h":"Est","s":"25N-H58NV10S-80-S"},{"r":"121","t":"17:42:46","h":"Est","s":"25N-H58NV20S-80-S"},{"r":"121","t":"17:42:46","h":"Est","s":"25S-H58S000S-80-S"},{"r":"121","t":"17:47:50","h":"Est","s":"25N-H58N000A-80-A"},{"r":"121","t":"17:47:50","h":"Est","s":"25N-H58NV10A-80-A"},{"r":"121","t":"17:47:50","h":"Est","s":"25N-H58NV20A-80-A"},{"r":"121","t":"17:47:50","h":"Est","s":"25S-H58S000A-80-A"},{"r":"121","t":"17:48:46","h":"Est","s":"25N-H58N000S-80-S"},{"r":"121","t":"17:48:46","h":"Est","s":"25N-H58NV10S-80-S"},{"r":"121","t":"17:48:46","h":"Est","s":"25N-H58NV20S-80-S"},{"r":"121","t":"17:48:46","h":"Est","s":"25S-H58S000S-80-S"},{"r":"121","t":"17:49:18","h":"Est","s":"25N-H58N000I-80-I"},{"r":"121","t":"17:49:18","h":"Est","s":"25N-H58N100F-80-F1"},{"r":"121","t":"17:49:18","h":"Est","s":"25N-H58N200F-80-F2"},{"r":"121","t":"17:49:18","h":"Est","s":"25N-H58N300F-80-F3"},{"r":"121","t":"17:49:18","h":"Est","s":"25N-H58N400F-80-F4"},{"r":"121","t":"17:49:18","h":"Est","s":"25N-H58NV10I-80-I"},{"r":"121","t":"17:49:18","h":"Est","s":"25N-H58NV20I-80-I"},{"r":"121","t":"17:49:18","h":"Est","s":"25S-H58S000I-80-I"},{"r":"121","t":"17:49:18","h":"Est","s":"25S-H58S100F-80-F1"},{"r":"121","t":"17:49:18","h":"Est","s":"25S-H58S200F-80-F2"},{"r":"121","t":"17:54:46","h":"Est","s":"25N-H58N000S-80-S"},{"r":"121","t":"17:54:46","h":"Est","s":"25N-H58NV10S-80-S"},{"r":"121","t":"17:54:46","h":"Est","s":"25N-H58NV20S-80-S"},{"r":"121","t":"17:54:46","h":"Est","s":"25S-H58S000S-80-S"},{"r":"121","t":"17:59:46","h":"Est","s":"25N-H58N000S-80-S"},{"r":"121","t":"17:59:46","h":"Est","s":"25N-H58NV10S-80-S"},{"r":"121","t":"17:59:46","h":"Est","s":"25N-H58NV20S-80-S"},{"r":"121","t":"17:59:46","h":"Est","s":"25S-H58S000S-80-S"},{"r":"121","t":"18:00:50","h":"Est","s":"25N-H58N000A-80-A"},{"r":"121","t":"18:00:50","h":"Est","s":"25N-H58NV10A-80-A"},{"r":"121","t":"18:00:50","h":"Est","s":"25N-H58NV20A-80-A"},{"r":"121","t":"18:00:50","h":"Est","s":"25S-H58S000A-80-A"},{"r":"121","t":"18:05:46","h":"Est","s":"25N-H58N000S-80-S"},{"r":"121","t":"18:05:46","h":"Est","s":"25N-H58NV10S-80-S"},{"r":"121","t":"18:05:46","h":"Est","s":"25N-H58NV20S-80-S"},{"r":"121","t":"18:05:46","h":"Est","s":"25S-H58S000S-80-S"},{"r":"121","t":"18:08:18","h":"Est","s":"25N-H58N000I-80-I"},{"r":"121","t":"18:08:18","h":"Est","s":"25N-H58N100F-80-F1"},{"r":"121","t":"18:08:18","h":"Est","s":"25N-H58N200F-80-F2"},{"r":"121","t":"18:08:18","h":"Est","s":"25N-H58N300F-80-F3"},{"r":"121","t":"18:08:18","h":"Est","s":"25N-H58N400F-80-F4"},{"r":"121","t":"18:08:18","h":"Est","s":"25N-H58NV10I-80-I"},{"r":"121","t":"18:08:18","h":"Est","s":"25N-H58NV20I-80-I"},{"r":"121","t":"18:08:18","h":"Est","s":"25S-H58S000I-80-I"},{"r":"121","t":"18:08:18","h":"Est","s":"25S-H58S100F-80-F1"},{"r":"121","t":"18:08:18","h":"Est","s":"25S-H58S200F-80-F2"},{"r":"121","t":"18:12:46","h":"Est","s":"25N-H58N000S-80-S"},{"r":"121","t":"18:12:46","h":"Est","s":"25N-H58NV10S-80-S"},{"r":"121","t":"18:12:46","h":"Est","s":"25N-H58NV20S-80-S"},{"r":"121","t":"18:12:46","h":"Est","s":"25S-H58S000S-80-S"},{"r":"121","t":"18:13:50","h":"Est","s":"25N-H58N000A-80-A"},{"r":"121","t":"18:13:50","h":"Est","s":"25N-H58NV10A-80-A"},{"r":"121","t":"18:13:50","h":"Est","s":"25N-H58NV20A-80-A"},{"r":"121","t":"18:13:50","h":"Est","s":"25S-H58S000A-80-A"},{"r":"121","t":"18:18:46","h":"Est","s":"25N-H58N000S-80-S"},{"r":"121","t":"18:18:46","h":"Est","s":"25N-H58NV10S-80-S"},{"r":"121","t":"18:18:46","h":"Est","s":"25N-H58NV20S-80-S"},{"r":"121","t":"18:18:46","h":"Est","s":"25S-H58S000S-80-S"},{"r":"121","t":"18:24:46","h":"Est","s":"25N-H58N000S-80-S"},{"r":"121","t":"18:24:46","h":"Est","s":"25N-H58NV10S-80-S"},{"r":"121","t":"18:24:46","h":"Est","s":"25N-H58NV20S-80-S"},{"r":"121","t":"18:24:46","h":"Est","s":"25S-H58S000S-80-S"},{"r":"121","t":"18:25:18","h":"Est","s":"25N-H58N000I-80-I"},{"r":"121","t":"18:25:18","h":"Est","s":"25N-H58N100F-80-F1"},{"r":"121","t":"18:25:18","h":"Est","s":"25N-H58N200F-80-F2"},{"r":"121","t":"18:25:18","h":"Est","s":"25N-H58N300F-80-F3"},{"r":"121","t":"18:25:18","h":"Est","s":"25N-H58N400F-80-F4"},{"r":"121","t":"18:25:18","h":"Est","s":"25N-H58NV10I-80-I"},{"r":"121","t":"18:25:18","h":"Est","s":"25N-H58NV20I-80-I"},{"r":"121","t":"18:25:18","h":"Est","s":"25S-H58S000I-80-I"},{"r":"121","t":"18:25:18","h":"Est","s":"25S-H58S100F-80-F1"},{"r":"121","t":"18:25:18","h":"Est","s":"25S-H58S200F-80-F2"},{"r":"121","t":"18:26:50","h":"Est","s":"25N-H58N000A-80-A"},{"r":"121","t":"18:26:50","h":"Est","s":"25N-H58NV10A-80-A"},{"r":"121","t":"18:26:50","h":"Est","s":"25N-H58NV20A-80-A"},{"r":"121","t":"18:26:50","h":"Est","s":"25S-H58S000A-80-A"},{"r":"121","t":"18:31:46","h":"Est","s":"25N-H58N000S-80-S"},{"r":"121","t":"18:31:46","h":"Est","s":"25N-H58NV10S-80-S"},{"r":"121","t":"18:31:46","h":"Est","s":"25N-H58NV20S-80-S"},{"r":"121","t":"18:31:46","h":"Est","s":"25S-H58S000S-80-S"},{"r":"121","t":"18:38:46","h":"Est","s":"25N-H58N000S-80-S"},{"r":"121","t":"18:38:46","h":"Est","s":"25N-H58NV10S-80-S"},{"r":"121","t":"18:38:46","h":"Est","s":"25N-H58NV20S-80-S"},{"r":"121","t":"18:38:46","h":"Est","s":"25S-H58S000S-80-S"},{"r":"121","t":"18:40:50","h":"Est","s":"25N-H58N000A-80-A"},{"r":"121","t":"18:40:50","h":"Est","s":"25N-H58NV10A-80-A"},{"r":"121","t":"18:40:50","h":"Est","s":"25N-H58NV20A-80-A"},{"r":"121","t":"18:40:50","h":"Est","s":"25S-H58S000A-80-A"},{"r":"121","t":"18:43:18","h":"Est","s":"25N-H58N000I-80-I"},{"r":"121","t":"18:43:18","h":"Est","s":"25N-H58N100F-80-F1"},{"r":"121","t":"18:43:18","h":"Est","s":"25N-H58N200F-80-F2"},{"r":"121","t":"18:43:18","h":"Est","s":"25N-H58N300F-80-F3"},{"r":"121","t":"18:43:18","h":"Est","s":"25N-H58N400F-80-F4"},{"r":"121","t":"18:43:18","h":"Est","s":"25N-H58NV10I-80-I"},{"r":"121","t":"18:43:18","h":"Est","s":"25N-H58NV20I-80-I"},{"r":"121","t":"18:43:18","h":"Est","s":"25S-H58S000I-80-I"},{"r":"121","t":"18:43:18","h":"Est","s":"25S-H58S100F-80-F1"},{"r":"121","t":"18:43:18","h":"Est","s":"25S-H58S200F-80-F2"},{"r":"121","t":"18:46:46","h":"Est","s":"25N-H58N000S-80-S"},{"r":"121","t":"18:46:46","h":"Est","s":"25N-H58NV10S-80-S"},{"r":"121","t":"18:46:46","h":"Est","s":"25N-H58NV20S-80-S"},{"r":"121","t":"18:46:46","h":"Est","s":"25S-H58S000S-80-S"},{"r":"121","t":"18:52:46","h":"Est","s":"25N-H58N000S-80-S"},{"r":"121","t":"18:52:46","h":"Est","s":"25N-H58NV10S-80-S"},{"r":"121","t":"18:52:46","h":"Est","s":"25N-H58NV20S-80-S"},{"r":"121","t":"18:52:46","h":"Est","s":"25S-H58S000S-80-S"},{"r":"121","t":"18:53:50","h":"Est","s":"25N-H58N000A-80-A"},{"r":"121","t":"18:53:50","h":"Est","s":"25N-H58NV10A-80-A"},{"r":"121","t":"18:53:50","h":"Est","s":"25N-H58NV20A-80-A"},{"r":"121","t":"18:53:50","h":"Est","s":"25S-H58S000A-80-A"},{"r":"121","t":"19:02:46","h":"Est","s":"25N-H58N000S-80-S"},{"r":"121","t":"19:02:46","h":"Est","s":"25N-H58NV10S-80-S"},{"r":"121","t":"19:02:46","h":"Est","s":"25N-H58NV20S-80-S"},{"r":"121","t":"19:02:46","h":"Est","s":"25S-H58S000S-80-S"},{"r":"121","t":"19:03:18","h":"Est","s":"25N-H58N000I-80-I"},{"r":"121","t":"19:03:18","h":"Est","s":"25N-H58N100F-80-F1"},{"r":"121","t":"19:03:18","h":"Est","s":"25N-H58N200F-80-F2"},{"r":"121","t":"19:03:18","h":"Est","s":"25N-H58N300F-80-F3"},{"r":"121","t":"19:03:18","h":"Est","s":"25N-H58N400F-80-F4"},{"r":"121","t":"19:03:18","h":"Est","s":"25N-H58NV10I-80-I"},{"r":"121","t":"19:03:18","h":"Est","s":"25N-H58NV20I-80-I"},{"r":"121","t":"19:03:18","h":"Est","s":"25S-H58S000I-80-I"},{"r":"121","t":"19:03:18","h":"Est","s":"25S-H58S100F-80-F1"},{"r":"121","t":"19:03:18","h":"Est","s":"25S-H58S200F-80-F2"},{"r":"121","t":"19:05:50","h":"Est","s":"25N-H58N000A-80-A"},{"r":"121","t":"19:05:50","h":"Est","s":"25N-H58NV10A-80-A"},{"r":"121","t":"19:05:50","h":"Est","s":"25N-H58NV20A-80-A"},{"r":"121","t":"19:05:50","h":"Est","s":"25S-H58S000A-80-A"},{"r":"121","t":"19:13:46","h":"Est","s":"25N-H58N000S-80-S"},{"r":"121","t":"19:13:46","h":"Est","s":"25N-H58NV10S-80-S"},{"r":"121","t":"19:13:46","h":"Est","s":"25N-H58NV20S-80-S"},{"r":"121","t":"19:13:46","h":"Est","s":"25S-H58S000S-80-S"},{"r":"121","t":"19:22:50","h":"Est","s":"25N-H58N000A-80-A"},{"r":"121","t":"19:22:50","h":"Est","s":"25N-H58NV10A-80-A"},{"r":"121","t":"19:22:50","h":"Est","s":"25N-H58NV20A-80-A"},{"r":"121","t":"19:22:50","h":"Est","s":"25S-H58S000A-80-A"},{"r":"121","t":"19:24:18","h":"Est","s":"25N-H58N000I-80-I"},{"r":"121","t":"19:24:18","h":"Est","s":"25N-H58N100F-80-F1"},{"r":"121","t":"19:24:18","h":"Est","s":"25N-H58N200F-80-F2"},{"r":"121","t":"19:24:18","h":"Est","s":"25N-H58N300F-80-F3"},{"r":"121","t":"19:24:18","h":"Est","s":"25N-H58N400F-80-F4"},{"r":"121","t":"19:24:18","h":"Est","s":"25N-H58NV10I-80-I"},{"r":"121","t":"19:24:18","h":"Est","s":"25N-H58NV20I-80-I"},{"r":"121","t":"19:24:18","h":"Est","s":"25S-H58S000I-80-I"},{"r":"121","t":"19:24:18","h":"Est","s":"25S-H58S100F-80-F1"},{"r":"121","t":"19:24:18","h":"Est","s":"25S-H58S200F-80-F2"},{"r":"121","t":"19:25:46","h":"Est","s":"25N-H58N000S-80-S"},{"r":"121","t":"19:25:46","h":"Est","s":"25N-H58NV10S-80-S"},{"r":"121","t":"19:25:46","h":"Est","s":"25N-H58NV20S-80-S"},{"r":"121","t":"19:25:46","h":"Est","s":"25S-H58S000S-80-S"},{"r":"121","t":"19:37:46","h":"Est","s":"25N-H58N000S-80-S"},{"r":"121","t":"19:37:46","h":"Est","s":"25N-H58NV10S-80-S"},{"r":"121","t":"19:37:46","h":"Est","s":"25N-H58NV20S-80-S"},{"r":"121","t":"19:37:46","h":"Est","s":"25S-H58S000S-80-S"},{"r":"121","t":"19:41:50","h":"Est","s":"25N-H58N000A-80-A"},{"r":"121","t":"19:41:50","h":"Est","s":"25N-H58NV10A-80-A"},{"r":"121","t":"19:41:50","h":"Est","s":"25N-H58NV20A-80-A"},{"r":"121","t":"19:41:50","h":"Est","s":"25S-H58S000A-80-A"},{"r":"121","t":"19:49:46","h":"Est","s":"25N-H58N000S-80-S"},{"r":"121","t":"19:49:46","h":"Est","s":"25N-H58NV10S-80-S"},{"r":"121","t":"19:49:46","h":"Est","s":"25N-H58NV20S-80-S"},{"r":"121","t":"19:49:46","h":"Est","s":"25S-H58S000S-80-S"},{"r":"121","t":"19:52:18","h":"Est","s":"25N-H58N000I-80-I"},{"r":"121","t":"19:52:18","h":"Est","s":"25N-H58N100F-80-F1"},{"r":"121","t":"19:52:18","h":"Est","s":"25N-H58N200F-80-F2"},{"r":"121","t":"19:52:18","h":"Est","s":"25N-H58N300F-80-F3"},{"r":"121","t":"19:52:18","h":"Est","s":"25N-H58N400F-80-F4"},{"r":"121","t":"19:52:18","h":"Est","s":"25N-H58NV10I-80-I"},{"r":"121","t":"19:52:18","h":"Est","s":"25N-H58NV20I-80-I"},{"r":"121","t":"19:52:18","h":"Est","s":"25S-H58S000I-80-I"},{"r":"121","t":"19:52:18","h":"Est","s":"25S-H58S100F-80-F1"},{"r":"121","t":"19:52:18","h":"Est","s":"25S-H58S200F-80-F2"},{"r":"121","t":"20:00:50","h":"Est","s":"25N-H58N000A-80-A"},{"r":"121","t":"20:00:50","h":"Est","s":"25N-H58NV10A-80-A"},{"r":"121","t":"20:00:50","h":"Est","s":"25N-H58NV20A-80-A"},{"r":"121","t":"20:00:50","h":"Est","s":"25S-H58S000A-80-A"},{"r":"121","t":"20:01:46","h":"Est","s":"25N-H58N000S-80-S"},{"r":"121","t":"20:01:46","h":"Est","s":"25N-H58NV10S-80-S"},{"r":"121","t":"20:01:46","h":"Est","s":"25N-H58NV20S-80-S"},{"r":"121","t":"20:01:46","h":"Est","s":"25S-H58S000S-80-S"},{"r":"121","t":"20:13:46","h":"Est","s":"25N-H58N000S-80-S"},{"r":"121","t":"20:13:46","h":"Est","s":"25N-H58NV10S-80-S"},{"r":"121","t":"20:13:46","h":"Est","s":"25N-H58NV20S-80-S"},{"r":"121","t":"20:13:46","h":"Est","s":"25S-H58S000S-80-S"},{"r":"121","t":"20:22:18","h":"Est","s":"25N-H58N000I-80-I"},{"r":"121","t":"20:22:18","h":"Est","s":"25N-H58N100F-80-F1"},{"r":"121","t":"20:22:18","h":"Est","s":"25N-H58N200F-80-F2"},{"r":"121","t":"20:22:18","h":"Est","s":"25N-H58N300F-80-F3"},{"r":"121","t":"20:22:18","h":"Est","s":"25N-H58N400F-80-F4"},{"r":"121","t":"20:22:18","h":"Est","s":"25N-H58NV10I-80-I"},{"r":"121","t":"20:22:18","h":"Est","s":"25N-H58NV20I-80-I"},{"r":"121","t":"20:22:18","h":"Est","s":"25S-H58S000I-80-I"},{"r":"121","t":"20:22:18","h":"Est","s":"25S-H58S100F-80-F1"},{"r":"121","t":"20:22:18","h":"Est","s":"25S-H58S200F-80-F2"},{"r":"121","t":"20:25:18","h":"Est","s":"25N-H58N000S-80-S"},{"r":"121","t":"20:25:18","h":"Est","s":"25N-H58NV10S-80-S"},{"r":"121","t":"20:25:18","h":"Est","s":"25N-H58NV20S-80-S"},{"r":"121","t":"20:25:18","h":"Est","s":"25S-H58S000S-80-S"},{"r":"121","t":"20:30:50","h":"Est","s":"25N-H58N000A-80-A"},{"r":"121","t":"20:30:50","h":"Est","s":"25N-H58NV10A-80-A"},{"r":"121","t":"20:30:50","h":"Est","s":"25N-H58NV20A-80-A"},{"r":"121","t":"20:30:50","h":"Est","s":"25S-H58S000A-80-A"},{"r":"121","t":"20:37:18","h":"Est","s":"25N-H58N000S-80-S"},{"r":"121","t":"20:37:18","h":"Est","s":"25N-H58NV10S-80-S"},{"r":"121","t":"20:37:18","h":"Est","s":"25N-H58NV20S-80-S"},{"r":"121","t":"20:37:18","h":"Est","s":"25S-H58S000S-80-S"},{"r":"121","t":"20:48:18","h":"Est","s":"25N-H58N000S-80-S"},{"r":"121","t":"20:48:18","h":"Est","s":"25N-H58NV10S-80-S"},{"r":"121","t":"20:48:18","h":"Est","s":"25N-H58NV20S-80-S"},{"r":"121","t":"20:48:18","h":"Est","s":"25S-H58S000S-80-S"},{"r":"121","t":"20:50:18","h":"Est","s":"25N-H58N000I-80-I"},{"r":"121","t":"20:50:18","h":"Est","s":"25N-H58N100F-80-F1"},{"r":"121","t":"20:50:18","h":"Est","s":"25N-H58N200F-80-F2"},{"r":"121","t":"20:50:18","h":"Est","s":"25N-H58N300F-80-F3"},{"r":"121","t":"20:50:18","h":"Est","s":"25N-H58N400F-80-F4"},{"r":"121","t":"20:50:18","h":"Est","s":"25N-H58NV10I-80-I"},{"r":"121","t":"20:50:18","h":"Est","s":"25N-H58NV20I-80-I"},{"r":"121","t":"20:50:18","h":"Est","s":"25S-H58S000I-80-I"},{"r":"121","t":"20:50:18","h":"Est","s":"25S-H58S100F-80-F1"},{"r":"121","t":"20:50:18","h":"Est","s":"25S-H58S200F-80-F2"},{"r":"121","t":"21:00:18","h":"Est","s":"25N-H58N000S-80-S"},{"r":"121","t":"21:00:18","h":"Est","s":"25N-H58NV10S-80-S"},{"r":"121","t":"21:00:18","h":"Est","s":"25N-H58NV20S-80-S"},{"r":"121","t":"21:00:18","h":"Est","s":"25S-H58S000S-80-S"},{"r":"121","t":"21:00:50","h":"Est","s":"25N-H58N000A-80-A"},{"r":"121","t":"21:00:50","h":"Est","s":"25N-H58NV10A-80-A"},{"r":"121","t":"21:00:50","h":"Est","s":"25N-H58NV20A-80-A"},{"r":"121","t":"21:00:50","h":"Est","s":"25S-H58S000A-80-A"},{"r":"121","t":"21:15:18","h":"Est","s":"25N-H58N000S-80-S"},{"r":"121","t":"21:15:18","h":"Est","s":"25N-H58NV10S-80-S"},{"r":"121","t":"21:15:18","h":"Est","s":"25N-H58NV20S-80-S"},{"r":"121","t":"21:15:18","h":"Est","s":"25S-H58S000S-80-S"},{"r":"121","t":"21:20:18","h":"Est","s":"25N-H58N000I-80-I"},{"r":"121","t":"21:20:18","h":"Est","s":"25N-H58N100F-80-F1"},{"r":"121","t":"21:20:18","h":"Est","s":"25N-H58N200F-80-F2"},{"r":"121","t":"21:20:18","h":"Est","s":"25N-H58N300F-80-F3"},{"r":"121","t":"21:20:18","h":"Est","s":"25N-H58N400F-80-F4"},{"r":"121","t":"21:20:18","h":"Est","s":"25N-H58NV10I-80-I"},{"r":"121","t":"21:20:18","h":"Est","s":"25N-H58NV20I-80-I"},{"r":"121","t":"21:20:18","h":"Est","s":"25S-H58S000I-80-I"},{"r":"121","t":"21:20:18","h":"Est","s":"25S-H58S100F-80-F1"},{"r":"121","t":"21:20:18","h":"Est","s":"25S-H58S200F-80-F2"},{"r":"121","t":"21:30:50","h":"Est","s":"25N-H58N000A-80-A"},{"r":"121","t":"21:30:50","h":"Est","s":"25N-H58NV10A-80-A"},{"r":"121","t":"21:30:50","h":"Est","s":"25N-H58NV20A-80-A"},{"r":"121","t":"21:30:50","h":"Est","s":"25S-H58S000A-80-A"},{"r":"121","t":"21:33:18","h":"Est","s":"25N-H58N000S-80-S"},{"r":"121","t":"21:33:18","h":"Est","s":"25N-H58NV10S-80-S"},{"r":"121","t":"21:33:18","h":"Est","s":"25N-H58NV20S-80-S"},{"r":"121","t":"21:33:18","h":"Est","s":"25S-H58S000S-80-S"},{"r":"121","t":"21:51:18","h":"Est","s":"25N-H58N000I-80-I"},{"r":"121","t":"21:51:18","h":"Est","s":"25N-H58N100F-80-F1"},{"r":"121","t":"21:51:18","h":"Est","s":"25N-H58N200F-80-F2"},{"r":"121","t":"21:51:18","h":"Est","s":"25N-H58N300F-80-F3"},{"r":"121","t":"21:51:18","h":"Est","s":"25N-H58N400F-80-F4"},{"r":"121","t":"21:51:18","h":"Est","s":"25N-H58NV10I-80-I"},{"r":"121","t":"21:51:18","h":"Est","s":"25N-H58NV20I-80-I"},{"r":"121","t":"21:51:18","h":"Est","s":"25S-H58S000I-80-I"},{"r":"121","t":"21:51:18","h":"Est","s":"25S-H58S100F-80-F1"},{"r":"121","t":"21:51:18","h":"Est","s":"25S-H58S200F-80-F2"},{"r":"121","t":"21:52:18","h":"Est","s":"25N-H58N000S-80-S"},{"r":"121","t":"21:52:18","h":"Est","s":"25N-H58NV10S-80-S"},{"r":"121","t":"21:52:18","h":"Est","s":"25N-H58NV20S-80-S"},{"r":"121","t":"21:52:18","h":"Est","s":"25S-H58S000S-80-S"},{"r":"121","t":"22:00:50","h":"Est","s":"25N-H58N000A-80-A"},{"r":"121","t":"22:00:50","h":"Est","s":"25N-H58NV10A-80-A"},{"r":"121","t":"22:00:50","h":"Est","s":"25N-H58NV20A-80-A"},{"r":"121","t":"22:00:50","h":"Est","s":"25S-H58S000A-80-A"},{"r":"121","t":"22:08:18","h":"Est","s":"25N-H58N000S-80-S"},{"r":"121","t":"22:08:18","h":"Est","s":"25N-H58NV10S-80-S"},{"r":"121","t":"22:08:18","h":"Est","s":"25N-H58NV20S-80-S"},{"r":"121","t":"22:08:18","h":"Est","s":"25S-H58S000S-80-S"},{"r":"121","t":"22:15:18","h":"Est","s":"25N-H58N000S-80-S"},{"r":"121","t":"22:15:18","h":"Est","s":"25N-H58NV10S-80-S"},{"r":"121","t":"22:15:18","h":"Est","s":"25N-H58NV20S-80-S"},{"r":"121","t":"22:15:18","h":"Est","s":"25S-H58S000S-80-S"},{"r":"121","t":"22:20:18","h":"Est","s":"25N-H58N000I-80-I"},{"r":"121","t":"22:20:18","h":"Est","s":"25N-H58N100F-80-F1"},{"r":"121","t":"22:20:18","h":"Est","s":"25N-H58N200F-80-F2"},{"r":"121","t":"22:20:18","h":"Est","s":"25N-H58N300F-80-F3"},{"r":"121","t":"22:20:18","h":"Est","s":"25N-H58N400F-80-F4"},{"r":"121","t":"22:20:18","h":"Est","s":"25N-H58NV10I-80-I"},{"r":"121","t":"22:20:18","h":"Est","s":"25N-H58NV20I-80-I"},{"r":"121","t":"22:20:18","h":"Est","s":"25S-H58S000I-80-I"},{"r":"121","t":"22:20:18","h":"Est","s":"25S-H58S100F-80-F1"},{"r":"121","t":"22:20:18","h":"Est","s":"25S-H58S200F-80-F2"},{"r":"121","t":"22:30:50","h":"Est","s":"25N-H58N000A-80-A"},{"r":"121","t":"22:30:50","h":"Est","s":"25N-H58NV10A-80-A"},{"r":"121","t":"22:30:50","h":"Est","s":"25N-H58NV20A-80-A"},{"r":"121","t":"22:30:50","h":"Est","s":"25S-H58S000A-80-A"},{"r":"121","t":"22:45:18","h":"Est","s":"25N-H58N000S-80-S"},{"r":"121","t":"22:45:18","h":"Est","s":"25N-H58NV10S-80-S"},{"r":"121","t":"22:45:18","h":"Est","s":"25N-H58NV20S-80-S"},{"r":"121","t":"22:45:18","h":"Est","s":"25S-H58S000S-80-S"},{"r":"121","t":"22:49:18","h":"Est","s":"25N-H58N000I-80-I"},{"r":"121","t":"22:49:18","h":"Est","s":"25N-H58N100F-80-F1"},{"r":"121","t":"22:49:18","h":"Est","s":"25N-H58N200F-80-F2"},{"r":"121","t":"22:49:18","h":"Est","s":"25N-H58N300F-80-F3"},{"r":"121","t":"22:49:18","h":"Est","s":"25N-H58N400F-80-F4"},{"r":"121","t":"22:49:18","h":"Est","s":"25N-H58NV10I-80-I"},{"r":"121","t":"22:49:18","h":"Est","s":"25N-H58NV20I-80-I"},{"r":"121","t":"22:49:18","h":"Est","s":"25S-H58S000I-80-I"},{"r":"121","t":"22:49:18","h":"Est","s":"25S-H58S100F-80-F1"},{"r":"121","t":"22:49:18","h":"Est","s":"25S-H58S200F-80-F2"},{"r":"121","t":"22:58:50","h":"Est","s":"25N-H58N000A-80-A"},{"r":"121","t":"22:58:50","h":"Est","s":"25N-H58NV10A-80-A"},{"r":"121","t":"22:58:50","h":"Est","s":"25N-H58NV20A-80-A"},{"r":"121","t":"22:58:50","h":"Est","s":"25S-H58S000A-80-A"},{"r":"121","t":"23:14:18","h":"Est","s":"25N-H58N000S-80-S"},{"r":"121","t":"23:14:18","h":"Est","s":"25N-H58NV10S-80-S"},{"r":"121","t":"23:14:18","h":"Est","s":"25N-H58NV20S-80-S"},{"r":"121","t":"23:14:18","h":"Est","s":"25S-H58S000S-80-S"},{"r":"121","t":"23:21:18","h":"Est","s":"25N-H58N000I-80-I"},{"r":"121","t":"23:21:18","h":"Est","s":"25N-H58N100F-80-F1"},{"r":"121","t":"23:21:18","h":"Est","s":"25N-H58N200F-80-F2"},{"r":"121","t":"23:21:18","h":"Est","s":"25N-H58N300F-80-F3"},{"r":"121","t":"23:21:18","h":"Est","s":"25N-H58N400F-80-F4"},{"r":"121","t":"23:21:18","h":"Est","s":"25N-H58NV10I-80-I"},{"r":"121","t":"23:21:18","h":"Est","s":"25N-H58NV20I-80-I"},{"r":"121","t":"23:21:18","h":"Est","s":"25S-H58S000I-80-I"},{"r":"121","t":"23:21:18","h":"Est","s":"25S-H58S100F-80-F1"},{"r":"121","t":"23:21:18","h":"Est","s":"25S-H58S200F-80-F2"},{"r":"121","t":"23:27:50","h":"Est","s":"25N-H58N000A-80-A"},{"r":"121","t":"23:27:50","h":"Est","s":"25N-H58NV10A-80-A"},{"r":"121","t":"23:27:50","h":"Est","s":"25N-H58NV20A-80-A"},{"r":"121","t":"23:27:50","h":"Est","s":"25S-H58S000A-80-A"},{"r":"121","t":"23:45:18","h":"Est","s":"25N-H58N000S-80-S"},{"r":"121","t":"23:45:18","h":"Est","s":"25N-H58NV10S-80-S"},{"r":"121","t":"23:45:18","h":"Est","s":"25N-H58NV20S-80-S"},{"r":"121","t":"23:45:18","h":"Est","s":"25S-H58S000S-80-S"},{"r":"121","t":"23:52:18","h":"Est","s":"25N-H58N000I-80-I"},{"r":"121","t":"23:52:18","h":"Est","s":"25N-H58N100F-80-F1"},{"r":"121","t":"23:52:18","h":"Est","s":"25N-H58N200F-80-F2"},{"r":"121","t":"23:52:18","h":"Est","s":"25N-H58N300F-80-F3"},{"r":"121","t":"23:52:18","h":"Est","s":"25N-H58N400F-80-F4"},{"r":"121","t":"23:52:18","h":"Est","s":"25N-H58NV10I-80-I"},{"r":"121","t":"23:52:18","h":"Est","s":"25N-H58NV20I-80-I"},{"r":"121","t":"23:52:18","h":"Est","s":"25S-H58S000I-80-I"},{"r":"121","t":"23:52:18","h":"Est","s":"25S-H58S100F-80-F1"},{"r":"121","t":"23:52:18","h":"Est","s":"25S-H58S200F-80-F2"},{"r":"121","t":"23:57:50","h":"Est","s":"25N-H58N000A-80-A"},{"r":"121","t":"23:57:50","h":"Est","s":"25N-H58NV10A-80-A"},{"r":"121","t":"23:57:50","h":"Est","s":"25N-H58NV20A-80-A"},{"r":"121","t":"23:57:50","h":"Est","s":"25S-H58S000A-80-A"},{"r":"121","t":"24:17:18","h":"Est","s":"25N-H58N000S-80-S"},{"r":"121","t":"24:17:18","h":"Est","s":"25N-H58NV10S-80-S"},{"r":"121","t":"24:17:18","h":"Est","s":"25N-H58NV20S-80-S"},{"r":"121","t":"24:17:18","h":"Est","s":"25S-H58S000S-80-S"},{"r":"121","t":"24:20:18","h":"Est","s":"25N-H58N000I-80-I"},{"r":"121","t":"24:20:18","h":"Est","s":"25N-H58N100F-80-F1"},{"r":"121","t":"24:20:18","h":"Est","s":"25N-H58N200F-80-F2"},{"r":"121","t":"24:20:18","h":"Est","s":"25N-H58N300F-80-F3"},{"r":"121","t":"24:20:18","h":"Est","s":"25N-H58N400F-80-F4"},{"r":"121","t":"24:20:18","h":"Est","s":"25N-H58NV10I-80-I"},{"r":"121","t":"24:20:18","h":"Est","s":"25N-H58NV20I-80-I"},{"r":"121","t":"24:20:18","h":"Est","s":"25S-H58S000I-80-I"},{"r":"121","t":"24:20:18","h":"Est","s":"25S-H58S100F-80-F1"},{"r":"121","t":"24:20:18","h":"Est","s":"25S-H58S200F-80-F2"},{"r":"121","t":"24:25:50","h":"Est","s":"25N-H58N000A-80-A"},{"r":"121","t":"24:25:50","h":"Est","s":"25N-H58NV10A-80-A"},{"r":"121","t":"24:25:50","h":"Est","s":"25N-H58NV20A-80-A"},{"r":"121","t":"24:25:50","h":"Est","s":"25S-H58S000A-80-A"},{"r":"121","t":"24:48:18","h":"Est","s":"25N-H58N000S-80-S"},{"r":"121","t":"24:48:18","h":"Est","s":"25N-H58NV10S-80-S"},{"r":"121","t":"24:48:18","h":"Est","s":"25N-H58NV20S-80-S"},{"r":"121","t":"24:48:18","h":"Est","s":"25S-H58S000S-80-S"},{"r":"121","t":"24:50:18","h":"Est","s":"25N-H58N000I-80-I"},{"r":"121","t":"24:50:18","h":"Est","s":"25N-H58N100F-80-F1"},{"r":"121","t":"24:50:18","h":"Est","s":"25N-H58N200F-80-F2"},{"r":"121","t":"24:50:18","h":"Est","s":"25N-H58N300F-80-F3"},{"r":"121","t":"24:50:18","h":"Est","s":"25N-H58N400F-80-F4"},{"r":"121","t":"24:50:18","h":"Est","s":"25N-H58NV10I-80-I"},{"r":"121","t":"24:50:18","h":"Est","s":"25N-H58NV20I-80-I"},{"r":"121","t":"24:50:18","h":"Est","s":"25S-H58S000I-80-I"},{"r":"121","t":"24:50:18","h":"Est","s":"25S-H58S100F-80-F1"},{"r":"121","t":"24:50:18","h":"Est","s":"25S-H58S200F-80-F2"},{"r":"121","t":"24:52:50","h":"Est","s":"25N-H58N000A-80-A"},{"r":"121","t":"24:52:50","h":"Est","s":"25N-H58NV10A-80-A"},{"r":"121","t":"24:52:50","h":"Est","s":"25N-H58NV20A-80-A"},{"r":"121","t":"24:52:50","h":"Est","s":"25S-H58S000A-80-A"},{"r":"121","t":"25:15:50","h":"Est","s":"25N-H58N000S-80-S"},{"r":"121","t":"25:15:50","h":"Est","s":"25N-H58NV10S-80-S"},{"r":"121","t":"25:15:50","h":"Est","s":"25N-H58NV20S-80-S"},{"r":"121","t":"25:15:50","h":"Est","s":"25S-H58S000S-80-S"},{"r":"121","t":"25:18:23","h":"Est","s":"25N-H58N000I-80-I"},{"r":"121","t":"25:18:23","h":"Est","s":"25N-H58N100F-80-F1"},{"r":"121","t":"25:18:23","h":"Est","s":"25N-H58N200F-80-F2"},{"r":"121","t":"25:18:23","h":"Est","s":"25N-H58N300F-80-F3"},{"r":"121","t":"25:18:23","h":"Est","s":"25N-H58N400F-80-F4"},{"r":"121","t":"25:18:23","h":"Est","s":"25N-H58NV10I-80-I"},{"r":"121","t":"25:18:23","h":"Est","s":"25N-H58NV20I-80-I"},{"r":"121","t":"25:18:23","h":"Est","s":"25S-H58S000I-80-I"},{"r":"121","t":"25:18:23","h":"Est","s":"25S-H58S100F-80-F1"},{"r":"121","t":"25:18:23","h":"Est","s":"25S-H58S200F-80-F2"},{"r":"121","t":"25:22:50","h":"Est","s":"25N-H58N000A-80-A"},{"r":"121","t":"25:22:50","h":"Est","s":"25N-H58NV10A-80-A"},{"r":"121","t":"25:22:50","h":"Est","s":"25N-H58NV20A-80-A"},{"r":"121","t":"25:22:50","h":"Est","s":"25S-H58S000A-80-A"},{"r":"121","t":"25:46:50","h":"Est","s":"25N-H58N000S-80-S"},{"r":"121","t":"25:46:50","h":"Est","s":"25N-H58NV10S-80-S"},{"r":"121","t":"25:46:50","h":"Est","s":"25N-H58NV20S-80-S"},{"r":"121","t":"25:46:50","h":"Est","s":"25S-H58S000S-80-S"},{"r":"121","t":"25:50:23","h":"Est","s":"25N-H58N000I-80-I"},{"r":"121","t":"25:50:23","h":"Est","s":"25N-H58N100F-80-F1"},{"r":"121","t":"25:50:23","h":"Est","s":"25N-H58N200F-80-F2"},{"r":"121","t":"25:50:23","h":"Est","s":"25N-H58N300F-80-F3"},{"r":"121","t":"25:50:23","h":"Est","s":"25N-H58N400F-80-F4"},{"r":"121","t":"25:50:23","h":"Est","s":"25N-H58NV10I-80-I"},{"r":"121","t":"25:50:23","h":"Est","s":"25N-H58NV20I-80-I"},{"r":"121","t":"25:50:23","h":"Est","s":"25S-H58S000I-80-I"},{"r":"121","t":"25:50:23","h":"Est","s":"25S-H58S100F-80-F1"},{"r":"121","t":"25:50:23","h":"Est","s":"25S-H58S200F-80-F2"},{"r":"121","t":"25:55:50","h":"Est","s":"25N-H58N000A-80-A"},{"r":"121","t":"25:55:50","h":"Est","s":"25N-H58NV10A-80-A"},{"r":"121","t":"25:55:50","h":"Est","s":"25N-H58NV20A-80-A"},{"r":"121","t":"25:55:50","h":"Est","s":"25S-H58S000A-80-A"},{"r":"378","t":"26:05:03","h":"Est","s":"25N-H60N000S-80-S"},{"r":"378","t":"26:05:03","h":"Est","s":"25N-H60N000S-98-S"},{"r":"378","t":"26:05:03","h":"Est","s":"25N-H60NV10S-98-S"},{"r":"378","t":"26:05:03","h":"Est","s":"25N-H60NV20S-98-S"},{"r":"378","t":"26:05:03","h":"Est","s":"25S-H60S000S-80-S"},{"r":"378","t":"26:07:03","h":"Est","s":"25N-H60N000A-80-A"},{"r":"378","t":"26:07:03","h":"Est","s":"25N-H60N000I-80-I"},{"r":"378","t":"26:07:03","h":"Est","s":"25N-H60N100F-81-F1"},{"r":"378","t":"26:07:03","h":"Est","s":"25N-H60N200F-81-F2"},{"r":"378","t":"26:07:03","h":"Est","s":"25N-H60N300F-82-F3"},{"r":"378","t":"26:07:03","h":"Est","s":"25N-H60N400F-81-F4"},{"r":"378","t":"26:07:03","h":"Est","s":"25N-H60NV10A-80-A"},{"r":"378","t":"26:07:03","h":"Est","s":"25N-H60NV10I-80-I"},{"r":"378","t":"26:07:03","h":"Est","s":"25N-H60NV20A-80-A"},{"r":"378","t":"26:07:03","h":"Est","s":"25N-H60NV20I-80-I"},{"r":"378","t":"26:07:03","h":"Est","s":"25S-H60S000A-80-A"},{"r":"378","t":"26:07:03","h":"Est","s":"25S-H60S000I-80-I"},{"r":"378","t":"26:07:03","h":"Est","s":"25S-H60S100F-82-F1"},{"r":"378","t":"26:07:03","h":"Est","s":"25S-H60S200F-81-F2"},{"r":"378","t":"26:56:03","h":"Est","s":"25N-H60N000S-80-S"},{"r":"378","t":"26:56:03","h":"Est","s":"25N-H60N000S-98-S"},{"r":"378","t":"26:56:03","h":"Est","s":"25N-H60NV10S-98-S"},{"r":"378","t":"26:56:03","h":"Est","s":"25N-H60NV20S-98-S"},{"r":"378","t":"26:56:03","h":"Est","s":"25S-H60S000S-80-S"},{"r":"378","t":"26:58:03","h":"Est","s":"25N-H60N000A-80-A"},{"r":"378","t":"26:58:03","h":"Est","s":"25N-H60NV10A-80-A"},{"r":"378","t":"26:58:03","h":"Est","s":"25N-H60NV20A-80-A"},{"r":"378","t":"26:58:03","h":"Est","s":"25S-H60S000A-80-A"},{"r":"378","t":"26:59:03","h":"Est","s":"25N-H60N000I-80-I"},{"r":"378","t":"26:59:03","h":"Est","s":"25N-H60N100F-81-F1"},{"r":"378","t":"26:59:03","h":"Est","s":"25N-H60N200F-81-F2"},{"r":"378","t":"26:59:03","h":"Est","s":"25N-H60N300F-82-F3"},{"r":"378","t":"26:59:03","h":"Est","s":"25N-H60N400F-81-F4"},{"r":"378","t":"26:59:03","h":"Est","s":"25N-H60NV10I-80-I"},{"r":"378","t":"26:59:03","h":"Est","s":"25N-H60NV20I-80-I"},{"r":"378","t":"26:59:03","h":"Est","s":"25S-H60S000I-80-I"},{"r":"378","t":"26:59:03","h":"Est","s":"25S-H60S100F-82-F1"},{"r":"378","t":"26:59:03","h":"Est","s":"25S-H60S200F-81-F2"},{"r":"378","t":"27:49:03","h":"Est","s":"25N-H60N000A-80-A"},{"r":"378","t":"27:49:03","h":"Est","s":"25N-H60N000I-80-I"},{"r":"378","t":"27:49:03","h":"Est","s":"25N-H60N100F-81-F1"},{"r":"378","t":"27:49:03","h":"Est","s":"25N-H60N200F-81-F2"},{"r":"378","t":"27:49:03","h":"Est","s":"25N-H60N300F-82-F3"},{"r":"378","t":"27:49:03","h":"Est","s":"25N-H60N400F-81-F4"},{"r":"378","t":"27:49:03","h":"Est","s":"25N-H60NV10A-80-A"},{"r":"378","t":"27:49:03","h":"Est","s":"25N-H60NV10I-80-I"},{"r":"378","t":"27:49:03","h":"Est","s":"25N-H60NV20A-80-A"},{"r":"378","t":"27:49:03","h":"Est","s":"25N-H60NV20I-80-I"},{"r":"378","t":"27:49:03","h":"Est","s":"25S-H60S000A-80-A"},{"r":"378","t":"27:49:03","h":"Est","s":"25S-H60S000I-80-I"},{"r":"378","t":"27:49:03","h":"Est","s":"25S-H60S100F-82-F1"},{"r":"378","t":"27:49:03","h":"Est","s":"25S-H60S200F-81-F2"},{"r":"378","t":"27:53:03","h":"Est","s":"25N-H60N000S-80-S"},{"r":"378","t":"27:53:03","h":"Est","s":"25N-H60N000S-98-S"},{"r":"378","t":"27:53:03","h":"Est","s":"25N-H60NV10S-98-S"},{"r":"378","t":"27:53:03","h":"Est","s":"25N-H60NV20S-98-S"},{"r":"378","t":"27:53:03","h":"Est","s":"25S-H60S000S-80-S"},{"r":"378","t":"28:40:03","h":"Est","s":"25N-H60N000A-80-A"},{"r":"378","t":"28:40:03","h":"Est","s":"25N-H60NV10A-80-A"},{"r":"378","t":"28:40:03","h":"Est","s":"25N-H60NV20A-80-A"},{"r":"378","t":"28:40:03","h":"Est","s":"25S-H60S000A-80-A"},{"r":"378","t":"28:42:03","h":"Est","s":"25N-H60N000I-80-I"},{"r":"378","t":"28:42:03","h":"Est","s":"25N-H60N100F-81-F1"},{"r":"378","t":"28:42:03","h":"Est","s":"25N-H60N200F-81-F2"},{"r":"378","t":"28:42:03","h":"Est","s":"25N-H60N300F-82-F3"},{"r":"378","t":"28:42:03","h":"Est","s":"25N-H60N400F-81-F4"},{"r":"378","t":"28:42:03","h":"Est","s":"25N-H60NV10I-80-I"},{"r":"378","t":"28:42:03","h":"Est","s":"25N-H60NV20I-80-I"},{"r":"378","t":"28:42:03","h":"Est","s":"25S-H60S000I-80-I"},{"r":"378","t":"28:42:03","h":"Est","s":"25S-H60S100F-82-F1"},{"r":"378","t":"28:42:03","h":"Est","s":"25S-H60S200F-81-F2"},{"r":"378","t":"28:43:03","h":"Est","s":"25N-H60N000S-80-S"},{"r":"378","t":"28:43:03","h":"Est","s":"25N-H60N000S-98-S"},{"r":"378","t":"28:43:03","h":"Est","s":"25N-H60NV10S-98-S"},{"r":"378","t":"28:43:03","h":"Est","s":"25N-H60NV20S-98-S"},{"r":"378","t":"28:43:03","h":"Est","s":"25S-H60S000S-80-S"}]