[{"r":"124","t":"05:57:08","h":"Nord","s":"25N-H50N000S-80-S"},{"r":"124","t":"05:57:08","h":"Nord","s":"25N-H50N000S-90-S"},{"r":"124","t":"05:57:08","h":"Nord","s":"25N-H50NV10S-90-S"},{"r":"124","t":"05:57:08","h":"Nord","s":"25N-H50NV20S-90-S"},{"r":"124","t":"05:57:08","h":"Nord","s":"25S-H50S000S-81-S"},{"r":"124","t":"06:19:37","h":"Nord","s":"25N-H50N000A-80-A"},{"r":"124","t":"06:19:37","h":"Nord","s":"25N-H50N000A-90-A"},{"r":"124","t":"06:19:37","h":"Nord","s":"25N-H50NV10A-90-A"},{"r":"124","t":"06:19:37","h":"Nord","s":"25N-H50NV20A-90-A"},{"r":"124","t":"06:19:37","h":"Nord","s":"25S-H50S000A-81-A"},{"r":"124","t":"06:23:08","h":"Nord","s":"25N-H50N000S-80-S"},{"r":"124","t":"06:23:08","h":"Nord","s":"25N-H50N000S-90-S"},{"r":"124","t":"06:23:08","h":"Nord","s":"25N-H50NV10S-90-S"},{"r":"124","t":"06:23:08","h":"Nord","s":"25N-H50NV20S-90-S"},{"r":"124","t":"06:23:08","h":"Nord","s":"25S-H50S000S-81-S"},{"r":"124","t":"06:48:08","h":"Nord","s":"25N-H50N000S-80-S"},{"r":"124","t":"06:48:08","h":"Nord","s":"25N-H50N000S-90-S"},{"r":"124","t":"06:48:08","h":"Nord","s":"25N-H50NV10S-90-S"},{"r":"124","t":"06:48:08","h":"Nord","s":"25N-H50NV20S-90-S"},{"r":"124","t":"06:48:08","h":"Nord","s":"25S-H50S000S-81-S"},{"r":"124","t":"06:53:37","h":"Nord","s":"25N-H50N000A-80-A"},{"r":"124","t":"06:53:37","h":"Nord","s":"25N-H50N000A-90-A"},{"r":"124","t":"06:53:37","h":"Nord","s":"25N-H50NV10A-90-A"},{"r":"124","t":"06:53:37","h":"Nord","s":"25N-H50NV20A-90-A"},{"r":"124","t":"06:53:37","h":"Nord","s":"25S-H50S000A-81-A"},{"r":"124","t":"07:01:37","h":"Nord","s":"25N-H50N000I-80-I"},{"r":"124","t":"07:01:37","h":"Nord","s":"25N-H50N000I-90-I"},{"r":"124","t":"07:01:37","h":"Nord","s":"25N-H50N100F-90-F1"},{"r":"124","t":"07:01:37","h":"Nord","s":"25N-H50N200F-90-F2"},{"r":"124","t":"07:01:37","h":"Nord","s":"25N-H50N300F-90-F3"},{"r":"124","t":"07:01:37","h":"Nord","s":"25N-H50N400F-90-F4"},{"r":"124","t":"07:01:37","h":"Nord","s":"25N-H50NV10I-90-I"},{"r":"124","t":"07:01:37","h":"Nord","s":"25N-H50NV20I-90-I"},{"r":"124","t":"07:01:37","h":"Nord","s":"25S-H50S000I-81-I"},{"r":"124","t":"07:01:37","h":"Nord","s":"25S-H50S100F-80-F1"},{"r":"124","t":"07:01:37","h":"Nord","s":"25S-H50S200F-80-F2"},{"r":"124","t":"07:22:40","h":"Nord","s":"25N-H50N000S-80-S"},{"r":"124","t":"07:22:40","h":"Nord","s":"25N-H50N000S-90-S"},{"r":"124","t":"07:22:40","h":"Nord","s":"25N-H50NV10S-90-S"},{"r":"124","t":"07:22:40","h":"Nord","s":"25N-H50NV20S-90-S"},{"r":"124","t":"07:22:40","h":"Nord","s":"25S-H50S000S-81-S"},{"r":"124","t":"07:29:37","h":"Nord","s":"25N-H50N000A-80-A"},{"r":"124","t":"07:29:37","h":"Nord","s":"25N-H50N000A-90-A"},{"r":"124","t":"07:29:37","h":"Nord","s":"25N-H50NV10A-90-A"},{"r":"124","t":"07:29:37","h":"Nord","s":"25N-H50NV20A-90-A"},{"r":"124","t":"07:29:37","h":"Nord","s":"25S-H50S000A-81-A"},{"r":"124","t":"07:32:37","h":"Nord","s":"25N-H50N000I-80-I"},{"r":"124","t":"07:32:37","h":"Nord","s":"25N-H50N000I-90-I"},{"r":"124","t":"07:32:37","h":"Nord","s":"25N-H50N100F-90-F1"},{"r":"124","t":"07:32:37","h":"Nord","s":"25N-H50N200F-90-F2"},{"r":"124","t":"07:32:37","h":"Nord","s":"25N-H50N300F-90-F3"},{"r":"124","t":"07:32:37","h":"Nord","s":"25N-H50N400F-90-F4"},{"r":"124","t":"07:32:37","h":"Nord","s":"25N-H50NV10I-90-I"},{"r":"124","t":"07:32:37","h":"Nord","s":"25N-H50NV20I-90-I"},{"r":"124","t":"07:32:37","h":"Nord","s":"25S-H50S000I-81-I"},{"r":"124","t":"07:32:37","h":"Nord","s":"25S-H50S100F-80-F1"},{"r":"124","t":"07:32:37","h":"Nord","s":"25S-H50S200F-80-F2"},{"r":"124","t":"07:50:11","h":"Nord","s":"25N-H50N000S-80-S"},{"r":"124","t":"07:50:11","h":"Nord","s":"25N-H50N000S-90-S"},{"r":"124","t":"07:50:11","h":"Nord","s":"25N-H50NV10S-90-S"},{"r":"124","t":"07:50:11","h":"Nord","s":"25N-H50NV20S-90-S"},{"r":"124","t":"07:50:11","h":"Nord","s":"25S-H50S000S-81-S"},{"r":"124","t":"08:03:37","h":"Nord","s":"25N-H50N000A-80-A"},{"r":"124","t":"08:03:37","h":"Nord","s":"25N-H50N000A-90-A"},{"r":"124","t":"08:03:37","h":"Nord","s":"25N-H50NV10A-90-A"},{"r":"124","t":"08:03:37","h":"Nord","s":"25N-H50NV20A-90-A"},{"r":"124","t":"08:03:37","h":"Nord","s":"25S-H50S000A-81-A"},{"r":"124","t":"08:09:37","h":"Nord","s":"25N-H50N000I-80-I"},{"r":"124","t":"08:09:37","h":"Nord","s":"25N-H50N000I-90-I"},{"r":"124","t":"08:09:37","h":"Nord","s":"25N-H50N100F-90-F1"},{"r":"124","t":"08:09:37","h":"Nord","s":"25N-H50N200F-90-F2"},{"r":"124","t":"08:09:37","h":"Nord","s":"25N-H50N300F-90-F3"},{"r":"124","t":"08:09:37","h":"Nord","s":"25N-H50N400F-90-F4"},{"r":"124","t":"08:09:37","h":"Nord","s":"25N-H50NV10I-90-I"},{"r":"124","t":"08:09:37","h":"Nord","s":"25N-H50NV20I-90-I"},{"r":"124","t":"08:09:37","h":"Nord","s":"25S-H50S000I-81-I"},{"r":"124","t":"08:09:37","h":"Nord","s":"25S-H50S100F-80-F1"},{"r":"124","t":"08:09:37","h":"Nord","s":"25S-H50S200F-80-F2"},{"r":"124","t":"08:22:11","h":"Nord","s":"25N-H50N000S-80-S"},{"r":"124","t":"08:22:11","h":"Nord","s":"25N-H50N000S-90-S"},{"r":"124","t":"08:22:11","h":"Nord","s":"25N-H50NV10S-90-S"},{"r":"124","t":"08:22:11","h":"Nord","s":"25N-H50NV20S-90-S"},{"r":"124","t":"08:22:11","h":"Nord","s":"25S-H50S000S-81-S"},{"r":"124","t":"08:39:37","h":"Nord","s":"25N-H50N000A-80-A"},{"r":"124","t":"08:39:37","h":"Nord","s":"25N-H50N000A-90-A"},{"r":"124","t":"08:39:37","h":"Nord","s":"25N-H50NV10A-90-A"},{"r":"124","t":"08:39:37","h":"Nord","s":"25N-H50NV20A-90-A"},{"r":"124","t":"08:39:37","h":"Nord","s":"25S-H50S000A-81-A"},{"r":"124","t":"08:43:37","h":"Nord","s":"25N-H50N000I-80-I"},{"r":"124","t":"08:43:37","h":"Nord","s":"25N-H50N000I-90-I"},{"r":"124","t":"08:43:37","h":"Nord","s":"25N-H50N100F-90-F1"},{"r":"124","t":"08:43:37","h":"Nord","s":"25N-H50N200F-90-F2"},{"r":"124","t":"08:43:37","h":"Nord","s":"25N-H50N300F-90-F3"},{"r":"124","t":"08:43:37","h":"Nord","s":"25N-H50N400F-90-F4"},{"r":"124","t":"08:43:37","h":"Nord","s":"25N-H50NV10I-90-I"},{"r":"124","t":"08:43:37","h":"Nord","s":"25N-H50NV20I-90-I"},{"r":"124","t":"08:43:37","h":"Nord","s":"25S-H50S000I-81-I"},{"r":"124","t":"08:43:37","h":"Nord","s":"25S-H50S100F-80-F1"},{"r":"124","t":"08:43:37","h":"Nord","s":"25S-H50S200F-80-F2"},{"r":"124","t":"08:52:11","h":"Nord","s":"25N-H50N000S-80-S"},{"r":"124","t":"08:52:11","h":"Nord","s":"25N-H50N000S-90-S"},{"r":"124","t":"08:52:11","h":"Nord","s":"25N-H50NV10S-90-S"},{"r":"124","t":"08:52:11","h":"Nord","s":"25N-H50NV20S-90-S"},{"r":"124","t":"08:52:11","h":"Nord","s":"25S-H50S000S-81-S"},{"r":"124","t":"09:15:37","h":"Nord","s":"25N-H50N000A-80-A"},{"r":"124","t":"09:15:37","h":"Nord","s":"25N-H50N000A-90-A"},{"r":"124","t":"09:15:37","h":"Nord","s":"25N-H50NV10A-90-A"},{"r":"124","t":"09:15:37","h":"Nord","s":"25N-H50NV20A-90-A"},{"r":"124","t":"09:15:37","h":"Nord","s":"25S-H50S000A-81-A"},{"r":"124","t":"09:20:37","h":"Nord","s":"25N-H50N000I-80-I"},{"r":"124","t":"09:20:37","h":"Nord","s":"25N-H50N000I-90-I"},{"r":"124","t":"09:20:37","h":"Nord","s":"25N-H50N100F-90-F1"},{"r":"124","t":"09:20:37","h":"Nord","s":"25N-H50N200F-90-F2"},{"r":"124","t":"09:20:37","h":"Nord","s":"25N-H50N300F-90-F3"},{"r":"124","t":"09:20:37","h":"Nord","s":"25N-H50N400F-90-F4"},{"r":"124","t":"09:20:37","h":"Nord","s":"25N-H50NV10I-90-I"},{"r":"124","t":"09:20:37","h":"Nord","s":"25N-H50NV20I-90-I"},{"r":"124","t":"09:20:37","h":"Nord","s":"25S-H50S000I-81-I"},{"r":"124","t":"09:20:37","h":"Nord","s":"25S-H50S100F-80-F1"},{"r":"124","t":"09:20:37","h":"Nord","s":"25S-H50S200F-80-F2"},{"r":"124","t":"09:24:40","h":"Nord","s":"25N-H50N000S-80-S"},{"r":"124","t":"09:24:40","h":"Nord","s":"25N-H50N000S-90-S"},{"r":"124","t":"09:24:40","h":"Nord","s":"25N-H50NV10S-90-S"},{"r":"124","t":"09:24:40","h":"Nord","s":"25N-H50NV20S-90-S"},{"r":"124","t":"09:24:40","h":"Nord","s":"25S-H50S000S-81-S"},{"r":"124","t":"09:54:37","h":"Nord","s":"25N-H50N000A-80-A"},{"r":"124","t":"09:54:37","h":"Nord","s":"25N-H50N000A-90-A"},{"r":"124","t":"09:54:37","h":"Nord","s":"25N-H50NV10A-90-A"},{"r":"124","t":"09:54:37","h":"Nord","s":"25N-H50NV20A-90-A"},{"r":"124","t":"09:54:37","h":"Nord","s":"25S-H50S000A-81-A"},{"r":"124","t":"09:55:37","h":"Nord","s":"25N-H50N000I-80-I"},{"r":"124","t":"09:55:37","h":"Nord","s":"25N-H50N000I-90-I"},{"r":"124","t":"09:55:37","h":"Nord","s":"25N-H50N100F-90-F1"},{"r":"124","t":"09:55:37","h":"Nord","s":"25N-H50N200F-90-F2"},{"r":"124","t":"09:55:37","h":"Nord","s":"25N-H50N300F-90-F3"},{"r":"124","t":"09:55:37","h":"Nord","s":"25N-H50N400F-90-F4"},{"r":"124","t":"09:55:37","h":"Nord","s":"25N-H50NV10I-90-I"},{"r":"124","t":"09:55:37","h":"Nord","s":"25N-H50NV20I-90-I"},{"r":"124","t":"09:55:37","h":"Nord","s":"25S-H50S000I-81-I"},{"r":"124","t":"09:55:37","h":"Nord","s":"25S-H50S100F-80-F1"},{"r":"124","t":"09:55:37","h":"Nord","s":"25S-H50S200F-80-F2"},{"r":"124","t":"09:55:40","h":"Nord","s":"25N-H50N000S-80-S"},{"r":"124","t":"09:55:40","h":"Nord","s":"25N-H50N000S-90-S"},{"r":"124","t":"09:55:40","h":"Nord","s":"25N-H50NV10S-90-S"},{"r":"124","t":"09:55:40","h":"Nord","s":"25N-H50NV20S-90-S"},{"r":"124","t":"09:55:40","h":"Nord","s":"25S-H50S000S-81-S"},{"r":"124","t":"10:24:40","h":"Nord","s":"25N-H50N000S-80-S"},{"r":"124","t":"10:24:40","h":"Nord","s":"25N-H50N000S-90-S"},{"r":"124","t":"10:24:40","h":"Nord","s":"25N-H50NV10S-90-S"},{"r":"124","t":"10:24:40","h":"Nord","s":"25N-H50NV20S-90-S"},{"r":"124","t":"10:24:40","h":"Nord","s":"25S-H50S000S-81-S"},{"r":"124","t":"10:30:37","h":"Nord","s":"25N-H50N000A-80-A"},{"r":"124","t":"10:30:37","h":"Nord","s":"25N-H50N000A-90-A"},{"r":"124","t":"10:30:37","h":"Nord","s":"25N-H50NV10A-90-A"},{"r":"124","t":"10:30:37","h":"Nord","s":"25N-H50NV20A-90-A"},{"r":"124","t":"10:30:37","h":"Nord","s":"25S-H50S000A-81-A"},{"r":"124","t":"10:33:37","h":"Nord","s":"25N-H50N000I-80-I"},{"r":"124","t":"10:33:37","h":"Nord","s":"25N-H50N000I-90-I"},{"r":"124","t":"10:33:37","h":"Nord","s":"25N-H50N100F-90-F1"},{"r":"124","t":"10:33:37","h":"Nord","s":"25N-H50N200F-90-F2"},{"r":"124","t":"10:33:37","h":"Nord","s":"25N-H50N300F-90-F3"},{"r":"124","t":"10:33:37","h":"Nord","s":"25N-H50N400F-90-F4"},{"r":"124","t":"10:33:37","h":"Nord","s":"25N-H50NV10I-90-I"},{"r":"124","t":"10:33:37","h":"Nord","s":"25N-H50NV20I-90-I"},{"r":"124","t":"10:33:37","h":"Nord","s":"25S-H50S000I-81-I"},{"r":"124","t":"10:33:37","h":"Nord","s":"25S-H50S100F-80-F1"},{"r":"124","t":"10:33:37","h":"Nord","s":"25S-H50S200F-80-F2"},{"r":"124","t":"10:53:37","h":"Nord","s":"25N-H50N000A-80-A"},{"r":"124","t":"10:53:37","h":"Nord","s":"25N-H50N000A-90-A"},{"r":"124","t":"10:53:37","h":"Nord","s":"25N-H50NV10A-90-A"},{"r":"124","t":"10:53:37","h":"Nord","s":"25N-H50NV20A-90-A"},{"r":"124","t":"10:53:37","h":"Nord","s":"25S-H50S000A-81-A"},{"r":"124","t":"10:53:40","h":"Nord","s":"25N-H60N000S-80-S"},{"r":"124","t":"10:53:40","h":"Nord","s":"25N-H60N000S-98-S"},{"r":"124","t":"10:53:40","h":"Nord","s":"25N-H60NV10S-98-S"},{"r":"124","t":"10:53:40","h":"Nord","s":"25N-H60NV20S-98-S"},{"r":"124","t":"10:53:40","h":"Nord","s":"25S-H60S000S-80-S"},{"r":"124","t":"11:11:08","h":"Nord","s":"25N-H50N000I-80-I"},{"r":"124","t":"11:11:08","h":"Nord","s":"25N-H50N000I-90-I"},{"r":"124","t":"11:11:08","h":"Nord","s":"25N-H50N100F-90-F1"},{"r":"124","t":"11:11:08","h":"Nord","s":"25N-H50N200F-90-F2"},{"r":"124","t":"11:11:08","h":"Nord","s":"25N-H50N300F-90-F3"},{"r":"124","t":"11:11:08","h":"Nord","s":"25N-H50N400F-90-F4"},{"r":"124","t":"11:11:08","h":"Nord","s":"25N-H50NV10I-90-I"},{"r":"124","t":"11:11:08","h":"Nord","s":"25N-H50NV20I-90-I"},{"r":"124","t":"11:11:08","h":"Nord","s":"25S-H50S000I-81-I"},{"r":"124","t":"11:11:08","h":"Nord","s":"25S-H50S100F-80-F1"},{"r":"124","t":"11:11:08","h":"Nord","s":"25S-H50S200F-80-F2"},{"r":"124","t":"11:21:37","h":"Nord","s":"25N-H50N000A-80-A"},{"r":"124","t":"11:21:37","h":"Nord","s":"25N-H50N000A-90-A"},{"r":"124","t":"11:21:37","h":"Nord","s":"25N-H50NV10A-90-A"},{"r":"124","t":"11:21:37","h":"Nord","s":"25N-H50NV20A-90-A"},{"r":"124","t":"11:21:37","h":"Nord","s":"25S-H50S000A-81-A"},{"r":"124","t":"11:24:40","h":"Nord","s":"25N-H50N000S-80-S"},{"r":"124","t":"11:24:40","h":"Nord","s":"25N-H50N000S-90-S"},{"r":"124","t":"11:24:40","h":"Nord","s":"25N-H50NV10S-90-S"},{"r":"124","t":"11:24:40","h":"Nord","s":"25N-H50NV20S-90-S"},{"r":"124","t":"11:24:40","h":"Nord","s":"25S-H50S000S-81-S"},{"r":"124","t":"11:50:08","h":"Nord","s":"25N-H50N000I-80-I"},{"r":"124","t":"11:50:08","h":"Nord","s":"25N-H50N000I-90-I"},{"r":"124","t":"11:50:08","h":"Nord","s":"25N-H50N100F-90-F1"},{"r":"124","t":"11:50:08","h":"Nord","s":"25N-H50N200F-90-F2"},{"r":"124","t":"11:50:08","h":"Nord","s":"25N-H50N300F-90-F3"},{"r":"124","t":"11:50:08","h":"Nord","s":"25N-H50N400F-90-F4"},{"r":"124","t":"11:50:08","h":"Nord","s":"25N-H50NV10I-90-I"},{"r":"124","t":"11:50:08","h":"Nord","s":"25N-H50NV20I-90-I"},{"r":"124","t":"11:50:08","h":"Nord","s":"25S-H50S000I-81-I"},{"r":"124","t":"11:50:08","h":"Nord","s":"25S-H50S100F-80-F1"},{"r":"124","t":"11:50:08","h":"Nord","s":"25S-H50S200F-80-F2"},{"r":"124","t":"11:50:37","h":"Nord","s":"25N-H50N000A-80-A"},{"r":"124","t":"11:50:37","h":"Nord","s":"25N-H50N000A-90-A"},{"r":"124","t":"11:50:37","h":"Nord","s":"25N-H50NV10A-90-A"},{"r":"124","t":"11:50:37","h":"Nord","s":"25N-H50NV20A-90-A"},{"r":"124","t":"11:50:37","h":"Nord","s":"25S-H50S000A-81-A"},{"r":"124","t":"11:54:40","h":"Nord","s":"25N-H50N000S-80-S"},{"r":"124","t":"11:54:40","h":"Nord","s":"25N-H50N000S-90-S"},{"r":"124","t":"11:54:40","h":"Nord","s":"25N-H50NV10S-90-S"},{"r":"124","t":"11:54:40","h":"Nord","s":"25N-H50NV20S-90-S"},{"r":"124","t":"11:54:40","h":"Nord","s":"25S-H50S000S-81-S"},{"r":"124","t":"12:16:37","h":"Nord","s":"25N-H50N000A-80-A"},{"r":"124","t":"12:16:37","h":"Nord","s":"25N-H50N000A-90-A"},{"r":"124","t":"12:16:37","h":"Nord","s":"25N-H50NV10A-90-A"},{"r":"124","t":"12:16:37","h":"Nord","s":"25N-H50NV20A-90-A"},{"r":"124","t":"12:16:37","h":"Nord","s":"25S-H50S000A-81-A"},{"r":"124","t":"12:24:40","h":"Nord","s":"25N-H50N000S-80-S"},{"r":"124","t":"12:24:40","h":"Nord","s":"25N-H50N000S-90-S"},{"r":"124","t":"12:24:40","h":"Nord","s":"25N-H50NV10S-90-S"},{"r":"124","t":"12:24:40","h":"Nord","s":"25N-H50NV20S-90-S"},{"r":"124","t":"12:24:40","h":"Nord","s":"25S-H50S000S-81-S"},{"r":"124","t":"12:28:08","h":"Nord","s":"25N-H50N000I-80-I"},{"r":"124","t":"12:28:08","h":"Nord","s":"25N-H50N000I-90-I"},{"r":"124","t":"12:28:08","h":"Nord","s":"25N-H50N100F-90-F1"},{"r":"124","t":"12:28:08","h":"Nord","s":"25N-H50N200F-90-F2"},{"r":"124","t":"12:28:08","h":"Nord","s":"25N-H50N300F-90-F3"},{"r":"124","t":"12:28:08","h":"Nord","s":"25N-H50N400F-90-F4"},{"r":"124","t":"12:28:08","h":"Nord","s":"25N-H50NV10I-90-I"},{"r":"124","t":"12:28:08","h":"Nord","s":"25N-H50NV20I-90-I"},{"r":"124","t":"12:28:08","h":"Nord","s":"25S-H50S000I-81-I"},{"r":"124","t":"12:28:08","h":"Nord","s":"25S-H50S100F-80-F1"},{"r":"124","t":"12:28:08","h":"Nord","s":"25S-H50S200F-80-F2"},{"r":"124","t":"12:43:37","h":"Nord","s":"25N-H50N000A-80-A"},{"r":"124","t":"12:43:37","h":"Nord","s":"25N-H50N000A-90-A"},{"r":"124","t":"12:43:37","h":"Nord","s":"25N-H50NV10A-90-A"},{"r":"124","t":"12:43:37","h":"Nord","s":"25N-H50NV20A-90-A"},{"r":"124","t":"12:43:37","h":"Nord","s":"25S-H50S000A-81-A"},{"r":"124","t":"12:55:40","h":"Nord","s":"25N-H50N000S-80-S"},{"r":"124","t":"12:55:40","h":"Nord","s":"25N-H50N000S-90-S"},{"r":"124","t":"12:55:40","h":"Nord","s":"25N-H50NV10S-90-S"},{"r":"124","t":"12:55:40","h":"Nord","s":"25N-H50NV20S-90-S"},{"r":"124","t":"12:55:40","h":"Nord","s":"25S-H50S000S-81-S"},{"r":"124","t":"13:01:08","h":"Nord","s":"25N-H50N000I-80-I"},{"r":"124","t":"13:01:08","h":"Nord","s":"25N-H50N000I-90-I"},{"r":"124","t":"13:01:08","h":"Nord","s":"25N-H50N100F-90-F1"},{"r":"124","t":"13:01:08","h":"Nord","s":"25N-H50N200F-90-F2"},{"r":"124","t":"13:01:08","h":"Nord","s":"25N-H50N300F-90-F3"},{"r":"124","t":"13:01:08","h":"Nord","s":"25N-H50N400F-90-F4"},{"r":"124","t":"13:01:08","h":"Nord","s":"25N-H50NV10I-90-I"},{"r":"124","t":"13:01:08","h":"Nord","s":"25N-H50NV20I-90-I"},{"r":"124","t":"13:01:08","h":"Nord","s":"25S-H50S000I-81-I"},{"r":"124","t":"13:01:08","h":"Nord","s":"25S-H50S100F-80-F1"},{"r":"124","t":"13:01:08","h":"Nord","s":"25S-H50S200F-80-F2"},{"r":"124","t":"13:12:37","h":"Nord","s":"25N-H50N000A-80-A"},{"r":"124","t":"13:12:37","h":"Nord","s":"25N-H50N000A-90-A"},{"r":"124","t":"13:12:37","h":"Nord","s":"25N-H50NV10A-90-A"},{"r":"124","t":"13:12:37","h":"Nord","s":"25N-H50NV20A-90-A"},{"r":"124","t":"13:12:37","h":"Nord","s":"25S-H50S000A-81-A"},{"r":"124","t":"13:25:40","h":"Nord","s":"25N-H50N000S-80-S"},{"r":"124","t":"13:25:40","h":"Nord","s":"25N-H50N000S-90-S"},{"r":"124","t":"13:25:40","h":"Nord","s":"25N-H50NV10S-90-S"},{"r":"124","t":"13:25:40","h":"Nord","s":"25N-H50NV20S-90-S"},{"r":"124","t":"13:25:40","h":"Nord","s":"25S-H50S000S-81-S"},{"r":"124","t":"13:32:08","h":"Nord","s":"25N-H50N000I-80-I"},{"r":"124","t":"13:32:08","h":"Nord","s":"25N-H50N000I-90-I"},{"r":"124","t":"13:32:08","h":"Nord","s":"25N-H50N100F-90-F1"},{"r":"124","t":"13:32:08","h":"Nord","s":"25N-H50N200F-90-F2"},{"r":"124","t":"13:32:08","h":"Nord","s":"25N-H50N300F-90-F3"},{"r":"124","t":"13:32:08","h":"Nord","s":"25N-H50N400F-90-F4"},{"r":"124","t":"13:32:08","h":"Nord","s":"25N-H50NV10I-90-I"},{"r":"124","t":"13:32:08","h":"Nord","s":"25N-H50NV20I-90-I"},{"r":"124","t":"13:32:08","h":"Nord","s":"25S-H50S000I-81-I"},{"r":"124","t":"13:32:08","h":"Nord","s":"25S-H50S100F-80-F1"},{"r":"124","t":"13:32:08","h":"Nord","s":"25S-H50S200F-80-F2"},{"r":"124","t":"13:39:37","h":"Nord","s":"25N-H50N000A-80-A"},{"r":"124","t":"13:39:37","h":"Nord","s":"25N-H50N000A-90-A"},{"r":"124","t":"13:39:37","h":"Nord","s":"25N-H50NV10A-90-A"},{"r":"124","t":"13:39:37","h":"Nord","s":"25N-H50NV20A-90-A"},{"r":"124","t":"13:39:37","h":"Nord","s":"25S-H50S000A-81-A"},{"r":"124","t":"13:56:40","h":"Nord","s":"25N-H50N000S-80-S"},{"r":"124","t":"13:56:40","h":"Nord","s":"25N-H50N000S-90-S"},{"r":"124","t":"13:56:40","h":"Nord","s":"25N-H50NV10S-90-S"},{"r":"124","t":"13:56:40","h":"Nord","s":"25N-H50NV20S-90-S"},{"r":"124","t":"13:56:40","h":"Nord","s":"25S-H50S000S-81-S"},{"r":"124","t":"14:02:08","h":"Nord","s":"25N-H50N000I-80-I"},{"r":"124","t":"14:02:08","h":"Nord","s":"25N-H50N000I-90-I"},{"r":"124","t":"14:02:08","h":"Nord","s":"25N-H50N100F-90-F1"},{"r":"124","t":"14:02:08","h":"Nord","s":"25N-H50N200F-90-F2"},{"r":"124","t":"14:02:08","h":"Nord","s":"25N-H50N300F-90-F3"},{"r":"124","t":"14:02:08","h":"Nord","s":"25N-H50N400F-90-F4"},{"r":"124","t":"14:02:08","h":"Nord","s":"25N-H50NV10I-90-I"},{"r":"124","t":"14:02:08","h":"Nord","s":"25N-H50NV20I-90-I"},{"r":"124","t":"14:02:08","h":"Nord","s":"25S-H50S000I-81-I"},{"r":"124","t":"14:02:08","h":"Nord","s":"25S-H50S100F-80-F1"},{"r":"124","t":"14:02:08","h":"Nord","s":"25S-H50S200F-80-F2"},{"r":"124","t":"14:06:37","h":"Nord","s":"25N-H50N000A-80-A"},{"r":"124","t":"14:06:37","h":"Nord","s":"25N-H50N000A-90-A"},{"r":"124","t":"14:06:37","h":"Nord","s":"25N-H50NV10A-90-A"},{"r":"124","t":"14:06:37","h":"Nord","s":"25N-H50NV20A-90-A"},{"r":"124","t":"14:06:37","h":"Nord","s":"25S-H50S000A-81-A"},{"r":"124","t":"14:27:40","h":"Nord","s":"25N-H50N000S-80-S"},{"r":"124","t":"14:27:40","h":"Nord","s":"25N-H50N000S-90-S"},{"r":"124","t":"14:27:40","h":"Nord","s":"25N-H50NV10S-90-S"},{"r":"124","t":"14:27:40","h":"Nord","s":"25N-H50NV20S-90-S"},{"r":"124","t":"14:27:40","h":"Nord","s":"25S-H50S000S-81-S"},{"r":"124","t":"14:30:08","h":"Nord","s":"25N-H50N000I-80-I"},{"r":"124","t":"14:30:08","h":"Nord","s":"25N-H50N000I-90-I"},{"r":"124","t":"14:30:08","h":"Nord","s":"25N-H50N100F-90-F1"},{"r":"124","t":"14:30:08","h":"Nord","s":"25N-H50N200F-90-F2"},{"r":"124","t":"14:30:08","h":"Nord","s":"25N-H50N300F-90-F3"},{"r":"124","t":"14:30:08","h":"Nord","s":"25N-H50N400F-90-F4"},{"r":"124","t":"14:30:08","h":"Nord","s":"25N-H50NV10I-90-I"},{"r":"124","t":"14:30:08","h":"Nord","s":"25N-H50NV20I-90-I"},{"r":"124","t":"14:30:08","h":"Nord","s":"25S-H50S000I-81-I"},{"r":"124","t":"14:30:08","h":"Nord","s":"25S-H50S100F-80-F1"},{"r":"124","t":"14:30:08","h":"Nord","s":"25S-H50S200F-80-F2"},{"r":"124","t":"14:35:37","h":"Nord","s":"25N-H50N000A-80-A"},{"r":"124","t":"14:35:37","h":"Nord","s":"25N-H50N000A-90-A"},{"r":"124","t":"14:35:37","h":"Nord","s":"25N-H50NV10A-90-A"},{"r":"124","t":"14:35:37","h":"Nord","s":"25N-H50NV20A-90-A"},{"r":"124","t":"14:35:37","h":"Nord","s":"25S-H50S000A-81-A"},{"r":"124","t":"14:53:40","h":"Nord","s":"25N-H50N000S-80-S"},{"r":"124","t":"14:53:40","h":"Nord","s":"25N-H50N000S-90-S"},{"r":"124","t":"14:53:40","h":"Nord","s":"25N-H50NV10S-90-S"},{"r":"124","t":"14:53:40","h":"Nord","s":"25N-H50NV20S-90-S"},{"r":"124","t":"14:53:40","h":"Nord","s":"25S-H50S000S-81-S"},{"r":"124","t":"14:58:08","h":"Nord","s":"25N-H50N000I-80-I"},{"r":"124","t":"14:58:08","h":"Nord","s":"25N-H50N000I-90-I"},{"r":"124","t":"14:58:08","h":"Nord","s":"25N-H50N100F-90-F1"},{"r":"124","t":"14:58:08","h":"Nord","s":"25N-H50N200F-90-F2"},{"r":"124","t":"14:58:08","h":"Nord","s":"25N-H50N300F-90-F3"},{"r":"124","t":"14:58:08","h":"Nord","s":"25N-H50N400F-90-F4"},{"r":"124","t":"14:58:08","h":"Nord","s":"25N-H50NV10I-90-I"},{"r":"124","t":"14:58:08","h":"Nord","s":"25N-H50NV20I-90-I"},{"r":"124","t":"14:58:08","h":"Nord","s":"25S-H50S000I-81-I"},{"r":"124","t":"14:58:08","h":"Nord","s":"25S-H50S100F-80-F1"},{"r":"124","t":"14:58:08","h":"Nord","s":"25S-H50S200F-80-F2"},{"r":"124","t":"15:02:37","h":"Nord","s":"25N-H50N000A-80-A"},{"r":"124","t":"15:02:37","h":"Nord","s":"25N-H50N000A-90-A"},{"r":"124","t":"15:02:37","h":"Nord","s":"25N-H50NV10A-90-A"},{"r":"124","t":"15:02:37","h":"Nord","s":"25N-H50NV20A-90-A"},{"r":"124","t":"15:02:37","h":"Nord","s":"25S-H50S000A-81-A"},{"r":"124","t":"15:25:11","h":"Nord","s":"25N-H50N000S-80-S"},{"r":"124","t":"15:25:11","h":"Nord","s":"25N-H50N000S-90-S"},{"r":"124","t":"15:25:11","h":"Nord","s":"25N-H50NV10S-90-S"},{"r":"124","t":"15:25:11","h":"Nord","s":"25N-H50NV20S-90-S"},{"r":"124","t":"15:25:11","h":"Nord","s":"25S-H50S000S-81-S"},{"r":"124","t":"15:28:08","h":"Nord","s":"25N-H50N000I-80-I"},{"r":"124","t":"15:28:08","h":"Nord","s":"25N-H50N000I-90-I"},{"r":"124","t":"15:28:08","h":"Nord","s":"25N-H50N100F-90-F1"},{"r":"124","t":"15:28:08","h":"Nord","s":"25N-H50N200F-90-F2"},{"r":"124","t":"15:28:08","h":"Nord","s":"25N-H50N300F-90-F3"},{"r":"124","t":"15:28:08","h":"Nord","s":"25N-H50N400F-90-F4"},{"r":"124","t":"15:28:08","h":"Nord","s":"25N-H50NV10I-90-I"},{"r":"124","t":"15:28:08","h":"Nord","s":"25N-H50NV20I-90-I"},{"r":"124","t":"15:28:08","h":"Nord","s":"25S-H50S000I-81-I"},{"r":"124","t":"15:28:08","h":"Nord","s":"25S-H50S100F-80-F1"},{"r":"124","t":"15:28:08","h":"Nord","s":"25S-H50S200F-80-F2"},{"r":"124","t":"15:30:37","h":"Nord","s":"25N-H50N000A-80-A"},{"r":"124","t":"15:30:37","h":"Nord","s":"25N-H50N000A-90-A"},{"r":"124","t":"15:30:37","h":"Nord","s":"25N-H50NV10A-90-A"},{"r":"124","t":"15:30:37","h":"Nord","s":"25N-H50NV20A-90-A"},{"r":"124","t":"15:30:37","h":"Nord","s":"25S-H50S000A-81-A"},{"r":"124","t":"15:55:11","h":"Nord","s":"25N-H50N000S-80-S"},{"r":"124","t":"15:55:11","h":"Nord","s":"25N-H50N000S-90-S"},{"r":"124","t":"15:55:11","h":"Nord","s":"25N-H50NV10S-90-S"},{"r":"124","t":"15:55:11","h":"Nord","s":"25N-H50NV20S-90-S"},{"r":"124","t":"15:55:11","h":"Nord","s":"25S-H50S000S-81-S"},{"r":"124","t":"15:56:08","h":"Nord","s":"25N-H50N000I-80-I"},{"r":"124","t":"15:56:08","h":"Nord","s":"25N-H50N000I-90-I"},{"r":"124","t":"15:56:08","h":"Nord","s":"25N-H50N100F-90-F1"},{"r":"124","t":"15:56:08","h":"Nord","s":"25N-H50N200F-90-F2"},{"r":"124","t":"15:56:08","h":"Nord","s":"25N-H50N300F-90-F3"},{"r":"124","t":"15:56:08","h":"Nord","s":"25N-H50N400F-90-F4"},{"r":"124","t":"15:56:08","h":"Nord","s":"25N-H50NV10I-90-I"},{"r":"124","t":"15:56:08","h":"Nord","s":"25N-H50NV20I-90-I"},{"r":"124","t":"15:56:08","h":"Nord","s":"25S-H50S000I-81-I"},{"r":"124","t":"15:56:08","h":"Nord","s":"25S-H50S100F-80-F1"},{"r":"124","t":"15:56:08","h":"Nord","s":"25S-H50S200F-80-F2"},{"r":"124","t":"15:58:37","h":"Nord","s":"25N-H50N000A-80-A"},{"r":"124","t":"15:58:37","h":"Nord","s":"25N-H50N000A-90-A"},{"r":"124","t":"15:58:37","h":"Nord","s":"25N-H50NV10A-90-A"},{"r":"124","t":"15:58:37","h":"Nord","s":"25N-H50NV20A-90-A"},{"r":"124","t":"15:58:37","h":"Nord","s":"25S-H50S000A-81-A"},{"r":"124","t":"16:23:08","h":"Nord","s":"25N-H50N000I-80-I"},{"r":"124","t":"16:23:08","h":"Nord","s":"25N-H50N000I-90-I"},{"r":"124","t":"16:23:08","h":"Nord","s":"25N-H50N100F-90-F1"},{"r":"124","t":"16:23:08","h":"Nord","s":"25N-H50N200F-90-F2"},{"r":"124","t":"16:23:08","h":"Nord","s":"25N-H50N300F-90-F3"},{"r":"124","t":"16:23:08","h":"Nord","s":"25N-H50N400F-90-F4"},{"r":"124","t":"16:23:08","h":"Nord","s":"25N-H50NV10I-90-I"},{"r":"124","t":"16:23:08","h":"Nord","s":"25N-H50NV20I-90-I"},{"r":"124","t":"16:23:08","h":"Nord","s":"25S-H50S000I-81-I"},{"r":"124","t":"16:23:08","h":"Nord","s":"25S-H50S100F-80-F1"},{"r":"124","t":"16:23:08","h":"Nord","s":"25S-H50S200F-80-F2"},{"r":"124","t":"16:27:37","h":"Nord","s":"25N-H50N000A-80-A"},{"r":"124","t":"16:27:37","h":"Nord","s":"25N-H50N000A-90-A"},{"r":"124","t":"16:27:37","h":"Nord","s":"25N-H50NV10A-90-A"},{"r":"124","t":"16:27:37","h":"Nord","s":"25N-H50NV20A-90-A"},{"r":"124","t":"16:27:37","h":"Nord","s":"25S-H50S000A-81-A"},{"r":"124","t":"16:32:43","h":"Nord","s":"25N-H50N000S-80-S"},{"r":"124","t":"16:32:43","h":"Nord","s":"25N-H50N000S-90-S"},{"r":"124","t":"16:32:43","h":"Nord","s":"25N-H50NV10S-90-S"},{"r":"124","t":"16:32:43","h":"Nord","s":"25N-H50NV20S-90-S"},{"r":"124","t":"16:32:43","h":"Nord","s":"25S-H50S000S-81-S"},{"r":"124","t":"16:53:08","h":"Nord","s":"25N-H50N000I-80-I"},{"r":"124","t":"16:53:08","h":"Nord","s":"25N-H50N000I-90-I"},{"r":"124","t":"16:53:08","h":"Nord","s":"25N-H50N100F-90-F1"},{"r":"124","t":"16:53:08","h":"Nord","s":"25N-H50N200F-90-F2"},{"r":"124","t":"16:53:08","h":"Nord","s":"25N-H50N300F-90-F3"},{"r":"124","t":"16:53:08","h":"Nord","s":"25N-H50N400F-90-F4"},{"r":"124","t":"16:53:08","h":"Nord","s":"25N-H50NV10I-90-I"},{"r":"124","t":"16:53:08","h":"Nord","s":"25N-H50NV20I-90-I"},{"r":"124","t":"16:53:08","h":"Nord","s":"25S-H50S000I-81-I"},{"r":"124","t":"16:53:08","h":"Nord","s":"25S-H50S100F-80-F1"},{"r":"124","t":"16:53:08","h":"Nord","s":"25S-H50S200F-80-F2"},{"r":"124","t":"16:55:40","h":"Nord","s":"25N-H50N000A-80-A"},{"r":"124","t":"16:55:40","h":"Nord","s":"25N-H50N000A-90-A"},{"r":"124","t":"16:55:40","h":"Nord","s":"25N-H50NV10A-90-A"},{"r":"124","t":"16:55:40","h":"Nord","s":"25N-H50NV20A-90-A"},{"r":"124","t":"16:55:40","h":"Nord","s":"25S-H50S000A-81-A"},{"r":"124","t":"17:05:11","h":"Nord","s":"25N-H50N000S-80-S"},{"r":"124","t":"17:05:11","h":"Nord","s":"25N-H50N000S-90-S"},{"r":"124","t":"17:05:11","h":"Nord","s":"25N-H50NV10S-90-S"},{"r":"124","t":"17:05:11","h":"Nord","s":"25N-H50NV20S-90-S"},{"r":"124","t":"17:05:11","h":"Nord","s":"25S-H50S000S-81-S"},{"r":"124","t":"17:16:08","h":"Nord","s":"25N-H50N000I-80-I"},{"r":"124","t":"17:16:08","h":"Nord","s":"25N-H50N000I-90-I"},{"r":"124","t":"17:16:08","h":"Nord","s":"25N-H50N100F-90-F1"},{"r":"124","t":"17:16:08","h":"Nord","s":"25N-H50N200F-90-F2"},{"r":"124","t":"17:16:08","h":"Nord","s":"25N-H50N300F-90-F3"},{"r":"124","t":"17:16:08","h":"Nord","s":"25N-H50N400F-90-F4"},{"r":"124","t":"17:16:08","h":"Nord","s":"25N-H50NV10I-90-I"},{"r":"124","t":"17:16:08","h":"Nord","s":"25N-H50NV20I-90-I"},{"r":"124","t":"17:16:08","h":"Nord","s":"25S-H50S000I-81-I"},{"r":"124","t":"17:16:08","h":"Nord","s":"25S-H50S100F-80-F1"},{"r":"124","t":"17:16:08","h":"Nord","s":"25S-H50S200F-80-F2"},{"r":"124","t":"17:22:08","h":"Nord","s":"25N-H50N000A-80-A"},{"r":"124","t":"17:22:08","h":"Nord","s":"25N-H50N000A-90-A"},{"r":"124","t":"17:22:08","h":"Nord","s":"25N-H50NV10A-90-A"},{"r":"124","t":"17:22:08","h":"Nord","s":"25N-H50NV20A-90-A"},{"r":"124","t":"17:22:08","h":"Nord","s":"25S-H50S000A-81-A"},{"r":"124","t":"17:42:11","h":"Nord","s":"25N-H50N000S-80-S"},{"r":"124","t":"17:42:11","h":"Nord","s":"25N-H50N000S-90-S"},{"r":"124","t":"17:42:11","h":"Nord","s":"25N-H50NV10S-90-S"},{"r":"124","t":"17:42:11","h":"Nord","s":"25N-H50NV20S-90-S"},{"r":"124","t":"17:42:11","h":"Nord","s":"25S-H50S000S-81-S"},{"r":"124","t":"17:43:08","h":"Nord","s":"25N-H50N000I-80-I"},{"r":"124","t":"17:43:08","h":"Nord","s":"25N-H50N000I-90-I"},{"r":"124","t":"17:43:08","h":"Nord","s":"25N-H50N100F-90-F1"},{"r":"124","t":"17:43:08","h":"Nord","s":"25N-H50N200F-90-F2"},{"r":"124","t":"17:43:08","h":"Nord","s":"25N-H50N300F-90-F3"},{"r":"124","t":"17:43:08","h":"Nord","s":"25N-H50N400F-90-F4"},{"r":"124","t":"17:43:08","h":"Nord","s":"25N-H50NV10I-90-I"},{"r":"124","t":"17:43:08","h":"Nord","s":"25N-H50NV20I-90-I"},{"r":"124","t":"17:43:08","h":"Nord","s":"25S-H50S000I-81-I"},{"r":"124","t":"17:43:08","h":"Nord","s":"25S-H50S100F-80-F1"},{"r":"124","t":"17:43:08","h":"Nord","s":"25S-H50S200F-80-F2"},{"r":"124","t":"17:49:08","h":"Nord","s":"25N-H50N000A-80-A"},{"r":"124","t":"17:49:08","h":"Nord","s":"25N-H50N000A-90-A"},{"r":"124","t":"17:49:08","h":"Nord","s":"25N-H50NV10A-90-A"},{"r":"124","t":"17:49:08","h":"Nord","s":"25N-H50NV20A-90-A"},{"r":"124","t":"17:49:08","h":"Nord","s":"25S-H50S000A-81-A"},{"r":"124","t":"18:10:08","h":"Nord","s":"25N-H50N000I-80-I"},{"r":"124","t":"18:10:08","h":"Nord","s":"25N-H50N000I-90-I"},{"r":"124","t":"18:10:08","h":"Nord","s":"25N-H50N100F-90-F1"},{"r":"124","t":"18:10:08","h":"Nord","s":"25N-H50N200F-90-F2"},{"r":"124","t":"18:10:08","h":"Nord","s":"25N-H50N300F-90-F3"},{"r":"124","t":"18:10:08","h":"Nord","s":"25N-H50N400F-90-F4"},{"r":"124","t":"18:10:08","h":"Nord","s":"25N-H50NV10I-90-I"},{"r":"124","t":"18:10:08","h":"Nord","s":"25N-H50NV20I-90-I"},{"r":"124","t":"18:10:08","h":"Nord","s":"25S-H50S000I-81-I"},{"r":"124","t":"18:10:08","h":"Nord","s":"25S-H50S100F-80-F1"},{"r":"124","t":"18:10:08","h":"Nord","s":"25S-H50S200F-80-F2"},{"r":"124","t":"18:18:08","h":"Nord","s":"25N-H50N000A-80-A"},{"r":"124","t":"18:18:08","h":"Nord","s":"25N-H50N000A-90-A"},{"r":"124","t":"18:18:08","h":"Nord","s":"25N-H50NV10A-90-A"},{"r":"124","t":"18:18:08","h":"Nord","s":"25N-H50NV20A-90-A"},{"r":"124","t":"18:18:08","h":"Nord","s":"25S-H50S000A-81-A"},{"r":"124","t":"18:18:40","h":"Nord","s":"25N-H50N000S-80-S"},{"r":"124","t":"18:18:40","h":"Nord","s":"25N-H50N000S-90-S"},{"r":"124","t":"18:18:40","h":"Nord","s":"25N-H50NV10S-90-S"},{"r":"124","t":"18:18:40","h":"Nord","s":"25N-H50NV20S-90-S"},{"r":"124","t":"18:18:40","h":"Nord","s":"25S-H50S000S-81-S"},{"r":"124","t":"18:40:08","h":"Nord","s":"25N-H50N000I-80-I"},{"r":"124","t":"18:40:08","h":"Nord","s":"25N-H50N000I-90-I"},{"r":"124","t":"18:40:08","h":"Nord","s":"25N-H50N100F-90-F1"},{"r":"124","t":"18:40:08","h":"Nord","s":"25N-H50N200F-90-F2"},{"r":"124","t":"18:40:08","h":"Nord","s":"25N-H50N300F-90-F3"},{"r":"124","t":"18:40:08","h":"Nord","s":"25N-H50N400F-90-F4"},{"r":"124","t":"18:40:08","h":"Nord","s":"25N-H50NV10I-90-I"},{"r":"124","t":"18:40:08","h":"Nord","s":"25N-H50NV20I-90-I"},{"r":"124","t":"18:40:08","h":"Nord","s":"25S-H50S000I-81-I"},{"r":"124","t":"18:40:08","h":"Nord","s":"25S-H50S100F-80-F1"},{"r":"124","t":"18:40:08","h":"Nord","s":"25S-H50S200F-80-F2"},{"r":"124","t":"18:44:40","h":"Nord","s":"25N-H50N000S-80-S"},{"r":"124","t":"18:44:40","h":"Nord","s":"25N-H50N000S-90-S"},{"r":"124","t":"18:44:40","h":"Nord","s":"25N-H50NV10S-90-S"},{"r":"124","t":"18:44:40","h":"Nord","s":"25N-H50NV20S-90-S"},{"r":"124","t":"18:44:40","h":"Nord","s":"25S-H50S000S-81-S"},{"r":"124","t":"18:45:08","h":"Nord","s":"25N-H50N000A-80-A"},{"r":"124","t":"18:45:08","h":"Nord","s":"25N-H50N000A-90-A"},{"r":"124","t":"18:45:08","h":"Nord","s":"25N-H50NV10A-90-A"},{"r":"124","t":"18:45:08","h":"Nord","s":"25N-H50NV20A-90-A"},{"r":"124","t":"18:45:08","h":"Nord","s":"25S-H50S000A-81-A"},{"r":"124","t":"19:12:08","h":"Nord","s":"25N-H50N000I-80-I"},{"r":"124","t":"19:12:08","h":"Nord","s":"25N-H50N000I-90-I"},{"r":"124","t":"19:12:08","h":"Nord","s":"25N-H50N100F-90-F1"},{"r":"124","t":"19:12:08","h":"Nord","s":"25N-H50N200F-90-F2"},{"r":"124","t":"19:12:08","h":"Nord","s":"25N-H50N300F-90-F3"},{"r":"124","t":"19:12:08","h":"Nord","s":"25N-H50N400F-90-F4"},{"r":"124","t":"19:12:08","h":"Nord","s":"25N-H50NV10I-90-I"},{"r":"124","t":"19:12:08","h":"Nord","s":"25N-H50NV20I-90-I"},{"r":"124","t":"19:12:08","h":"Nord","s":"25S-H50S000I-81-I"},{"r":"124","t":"19:12:08","h":"Nord","s":"25S-H50S100F-80-F1"},{"r":"124","t":"19:12:08","h":"Nord","s":"25S-H50S200F-80-F2"},{"r":"124","t":"19:13:08","h":"Nord","s":"25N-H50N000S-80-S"},{"r":"124","t":"19:13:08","h":"Nord","s":"25N-H50N000S-90-S"},{"r":"124","t":"19:13:08","h":"Nord","s":"25N-H50NV10S-90-S"},{"r":"124","t":"19:13:08","h":"Nord","s":"25N-H50NV20S-90-S"},{"r":"124","t":"19:13:08","h":"Nord","s":"25S-H50S000S-81-S"},{"r":"124","t":"19:16:08","h":"Nord","s":"25N-H50N000A-80-A"},{"r":"124","t":"19:16:08","h":"Nord","s":"25N-H50N000A-90-A"},{"r":"124","t":"19:16:08","h":"Nord","s":"25N-H50NV10A-90-A"},{"r":"124","t":"19:16:08","h":"Nord","s":"25N-H50NV20A-90-A"},{"r":"124","t":"19:16:08","h":"Nord","s":"25S-H50S000A-81-A"},{"r":"124","t":"19:42:37","h":"Nord","s":"25N-H50N000S-80-S"},{"r":"124","t":"19:42:37","h":"Nord","s":"25N-H50N000S-90-S"},{"r":"124","t":"19:42:37","h":"Nord","s":"25N-H50NV10S-90-S"},{"r":"124","t":"19:42:37","h":"Nord","s":"25N-H50NV20S-90-S"},{"r":"124","t":"19:42:37","h":"Nord","s":"25S-H50S000S-81-S"},{"r":"124","t":"19:44:08","h":"Nord","s":"25N-H50N000I-80-I"},{"r":"124","t":"19:44:08","h":"Nord","s":"25N-H50N000I-90-I"},{"r":"124","t":"19:44:08","h":"Nord","s":"25N-H50N100F-90-F1"},{"r":"124","t":"19:44:08","h":"Nord","s":"25N-H50N200F-90-F2"},{"r":"124","t":"19:44:08","h":"Nord","s":"25N-H50N300F-90-F3"},{"r":"124","t":"19:44:08","h":"Nord","s":"25N-H50N400F-90-F4"},{"r":"124","t":"19:44:08","h":"Nord","s":"25N-H50NV10I-90-I"},{"r":"124","t":"19:44:08","h":"Nord","s":"25N-H50NV20I-90-I"},{"r":"124","t":"19:44:08","h":"Nord","s":"25S-H50S000I-81-I"},{"r":"124","t":"19:44:08","h":"Nord","s":"25S-H50S100F-80-F1"},{"r":"124","t":"19:44:08","h":"Nord","s":"25S-H50S200F-80-F2"},{"r":"124","t":"19:50:05","h":"Nord","s":"25N-H50N000A-80-A"},{"r":"124","t":"19:50:05","h":"Nord","s":"25N-H50N000A-90-A"},{"r":"124","t":"19:50:05","h":"Nord","s":"25N-H50NV10A-90-A"},{"r":"124","t":"19:50:05","h":"Nord","s":"25N-H50NV20A-90-A"},{"r":"124","t":"19:50:05","h":"Nord","s":"25S-H50S000A-81-A"},{"r":"124","t":"20:08:05","h":"Nord","s":"25N-H50N000A-80-A"},{"r":"124","t":"20:08:05","h":"Nord","s":"25N-H50N000A-90-A"},{"r":"124","t":"20:08:05","h":"Nord","s":"25N-H50NV10A-90-A"},{"r":"124","t":"20:08:05","h":"Nord","s":"25N-H50NV20A-90-A"},{"r":"124","t":"20:08:05","h":"Nord","s":"25S-H50S000A-81-A"},{"r":"124","t":"20:10:37","h":"Nord","s":"25N-H50N000S-80-S"},{"r":"124","t":"20:10:37","h":"Nord","s":"25N-H50N000S-90-S"},{"r":"124","t":"20:10:37","h":"Nord","s":"25N-H50NV10S-90-S"},{"r":"124","t":"20:10:37","h":"Nord","s":"25N-H50NV20S-90-S"},{"r":"124","t":"20:10:37","h":"Nord","s":"25S-H50S000S-81-S"},{"r":"124","t":"20:16:08","h":"Nord","s":"25N-H50N000I-80-I"},{"r":"124","t":"20:16:08","h":"Nord","s":"25N-H50N000I-90-I"},{"r":"124","t":"20:16:08","h":"Nord","s":"25N-H50N100F-90-F1"},{"r":"124","t":"20:16:08","h":"Nord","s":"25N-H50N200F-90-F2"},{"r":"124","t":"20:16:08","h":"Nord","s":"25N-H50N300F-90-F3"},{"r":"124","t":"20:16:08","h":"Nord","s":"25N-H50N400F-90-F4"},{"r":"124","t":"20:16:08","h":"Nord","s":"25N-H50NV10I-90-I"},{"r":"124","t":"20:16:08","h":"Nord","s":"25N-H50NV20I-90-I"},{"r":"124","t":"20:16:08","h":"Nord","s":"25S-H50S000I-81-I"},{"r":"124","t":"20:16:08","h":"Nord","s":"25S-H50S100F-80-F1"},{"r":"124","t":"20:16:08","h":"Nord","s":"25S-H50S200F-80-F2"},{"r":"124","t":"20:37:37","h":"Nord","s":"25N-H50N000S-80-S"},{"r":"124","t":"20:37:37","h":"Nord","s":"25N-H50N000S-90-S"},{"r":"124","t":"20:37:37","h":"Nord","s":"25N-H50NV10S-90-S"},{"r":"124","t":"20:37:37","h":"Nord","s":"25N-H50NV20S-90-S"},{"r":"124","t":"20:37:37","h":"Nord","s":"25S-H50S000S-81-S"},{"r":"124","t":"20:46:05","h":"Nord","s":"25N-H50N000A-80-A"},{"r":"124","t":"20:46:05","h":"Nord","s":"25N-H50N000A-90-A"},{"r":"124","t":"20:46:05","h":"Nord","s":"25N-H50NV10A-90-A"},{"r":"124","t":"20:46:05","h":"Nord","s":"25N-H50NV20A-90-A"},{"r":"124","t":"20:46:05","h":"Nord","s":"25S-H50S000A-81-A"},{"r":"124","t":"20:47:08","h":"Nord","s":"25N-H50N000I-80-I"},{"r":"124","t":"20:47:08","h":"Nord","s":"25N-H50N000I-90-I"},{"r":"124","t":"20:47:08","h":"Nord","s":"25N-H50N100F-90-F1"},{"r":"124","t":"20:47:08","h":"Nord","s":"25N-H50N200F-90-F2"},{"r":"124","t":"20:47:08","h":"Nord","s":"25N-H50N300F-90-F3"},{"r":"124","t":"20:47:08","h":"Nord","s":"25N-H50N400F-90-F4"},{"r":"124","t":"20:47:08","h":"Nord","s":"25N-H50NV10I-90-I"},{"r":"124","t":"20:47:08","h":"Nord","s":"25N-H50NV20I-90-I"},{"r":"124","t":"20:47:08","h":"Nord","s":"25S-H50S000I-81-I"},{"r":"124","t":"20:47:08","h":"Nord","s":"25S-H50S100F-80-F1"},{"r":"124","t":"20:47:08","h":"Nord","s":"25S-H50S200F-80-F2"},{"r":"124","t":"21:04:37","h":"Nord","s":"25N-H50N000S-80-S"},{"r":"124","t":"21:04:37","h":"Nord","s":"25N-H50N000S-90-S"},{"r":"124","t":"21:04:37","h":"Nord","s":"25N-H50NV10S-90-S"},{"r":"124","t":"21:04:37","h":"Nord","s":"25N-H50NV20S-90-S"},{"r":"124","t":"21:04:37","h":"Nord","s":"25S-H50S000S-81-S"},{"r":"124","t":"21:16:05","h":"Nord","s":"25N-H50N000I-80-I"},{"r":"124","t":"21:16:05","h":"Nord","s":"25N-H50N000I-90-I"},{"r":"124","t":"21:16:05","h":"Nord","s":"25N-H50N100F-90-F1"},{"r":"124","t":"21:16:05","h":"Nord","s":"25N-H50N200F-90-F2"},{"r":"124","t":"21:16:05","h":"Nord","s":"25N-H50N300F-90-F3"},{"r":"124","t":"21:16:05","h":"Nord","s":"25N-H50N400F-90-F4"},{"r":"124","t":"21:16:05","h":"Nord","s":"25N-H50NV10I-90-I"},{"r":"124","t":"21:16:05","h":"Nord","s":"25N-H50NV20I-90-I"},{"r":"124","t":"21:16:05","h":"Nord","s":"25S-H50S000I-81-I"},{"r":"124","t":"21:16:05","h":"Nord","s":"25S-H50S100F-80-F1"},{"r":"124","t":"21:16:05","h":"Nord","s":"25S-H50S200F-80-F2"},{"r":"124","t":"21:24:05","h":"Nord","s":"25N-H50N000A-80-A"},{"r":"124","t":"21:24:05","h":"Nord","s":"25N-H50N000A-90-A"},{"r":"124","t":"21:24:05","h":"Nord","s":"25N-H50NV10A-90-A"},{"r":"124","t":"21:24:05","h":"Nord","s":"25N-H50NV20A-90-A"},{"r":"124","t":"21:24:05","h":"Nord","s":"25S-H50S000A-81-A"},{"r":"124","t":"21:28:05","h":"Nord","s":"25N-H50N000I-80-I"},{"r":"124","t":"21:28:05","h":"Nord","s":"25N-H50N000I-90-I"},{"r":"124","t":"21:28:05","h":"Nord","s":"25N-H50N100F-90-F1"},{"r":"124","t":"21:28:05","h":"Nord","s":"25N-H50N200F-90-F2"},{"r":"124","t":"21:28:05","h":"Nord","s":"25N-H50N300F-90-F3"},{"r":"124","t":"21:28:05","h":"Nord","s":"25N-H50N400F-90-F4"},{"r":"124","t":"21:28:05","h":"Nord","s":"25N-H50NV10I-90-I"},{"r":"124","t":"21:28:05","h":"Nord","s":"25N-H50NV20I-90-I"},{"r":"124","t":"21:28:05","h":"Nord","s":"25S-H50S000I-81-I"},{"r":"124","t":"21:28:05","h":"Nord","s":"25S-H50S100F-80-F1"},{"r":"124","t":"21:28:05","h":"Nord","s":"25S-H50S200F-80-F2"},{"r":"124","t":"21:28:37","h":"Nord","s":"25N-H50N000S-80-S"},{"r":"124","t":"21:28:37","h":"Nord","s":"25N-H50N000S-90-S"},{"r":"124","t":"21:28:37","h":"Nord","s":"25N-H50NV10S-90-S"},{"r":"124","t":"21:28:37","h":"Nord","s":"25N-H50NV20S-90-S"},{"r":"124","t":"21:28:37","h":"Nord","s":"25S-H50S000S-81-S"},{"r":"124","t":"21:49:37","h":"Nord","s":"25N-H50N000S-80-S"},{"r":"124","t":"21:49:37","h":"Nord","s":"25N-H50N000S-90-S"},{"r":"124","t":"21:49:37","h":"Nord","s":"25N-H50NV10S-90-S"},{"r":"124","t":"21:49:37","h":"Nord","s":"25N-H50NV20S-90-S"},{"r":"124","t":"21:49:37","h":"Nord","s":"25S-H50S000S-81-S"},{"r":"124","t":"21:58:05","h":"Nord","s":"25N-H50N000I-80-I"},{"r":"124","t":"21:58:05","h":"Nord","s":"25N-H50N000I-90-I"},{"r":"124","t":"21:58:05","h":"Nord","s":"25N-H50N100F-90-F1"},{"r":"124","t":"21:58:05","h":"Nord","s":"25N-H50N200F-90-F2"},{"r":"124","t":"21:58:05","h":"Nord","s":"25N-H50N300F-90-F3"},{"r":"124","t":"21:58:05","h":"Nord","s":"25N-H50N400F-90-F4"},{"r":"124","t":"21:58:05","h":"Nord","s":"25N-H50NV10I-90-I"},{"r":"124","t":"21:58:05","h":"Nord","s":"25N-H50NV20I-90-I"},{"r":"124","t":"21:58:05","h":"Nord","s":"25S-H50S000I-81-I"},{"r":"124","t":"21:58:05","h":"Nord","s":"25S-H50S100F-80-F1"},{"r":"124","t":"21:58:05","h":"Nord","s":"25S-H50S200F-80-F2"},{"r":"124","t":"21:59:05","h":"Nord","s":"25N-H50N000A-80-A"},{"r":"124","t":"21:59:05","h":"Nord","s":"25N-H50N000A-90-A"},{"r":"124","t":"21:59:05","h":"Nord","s":"25N-H50NV10A-90-A"},{"r":"124","t":"21:59:05","h":"Nord","s":"25N-H50NV20A-90-A"},{"r":"124","t":"21:59:05","h":"Nord","s":"25S-H50S000A-81-A"},{"r":"124","t":"22:20:37","h":"Nord","s":"25N-H50N000S-80-S"},{"r":"124","t":"22:20:37","h":"Nord","s":"25N-H50N000S-90-S"},{"r":"124","t":"22:20:37","h":"Nord","s":"25N-H50NV10S-90-S"},{"r":"124","t":"22:20:37","h":"Nord","s":"25N-H50NV20S-90-S"},{"r":"124","t":"22:20:37","h":"Nord","s":"25S-H50S000S-81-S"},{"r":"124","t":"22:30:05","h":"Nord","s":"25N-H50N000I-80-I"},{"r":"124","t":"22:30:05","h":"Nord","s":"25N-H50N000I-90-I"},{"r":"124","t":"22:30:05","h":"Nord","s":"25N-H50N100F-90-F1"},{"r":"124","t":"22:30:05","h":"Nord","s":"25N-H50N200F-90-F2"},{"r":"124","t":"22:30:05","h":"Nord","s":"25N-H50N300F-90-F3"},{"r":"124","t":"22:30:05","h":"Nord","s":"25N-H50N400F-90-F4"},{"r":"124","t":"22:30:05","h":"Nord","s":"25N-H50NV10I-90-I"},{"r":"124","t":"22:30:05","h":"Nord","s":"25N-H50NV20I-90-I"},{"r":"124","t":"22:30:05","h":"Nord","s":"25S-H50S000I-81-I"},{"r":"124","t":"22:30:05","h":"Nord","s":"25S-H50S100F-80-F1"},{"r":"124","t":"22:30:05","h":"Nord","s":"25S-H50S200F-80-F2"},{"r":"124","t":"22:35:05","h":"Nord","s":"25N-H50N000A-80-A"},{"r":"124","t":"22:35:05","h":"Nord","s":"25N-H50N000A-90-A"},{"r":"124","t":"22:35:05","h":"Nord","s":"25N-H50NV10A-90-A"},{"r":"124","t":"22:35:05","h":"Nord","s":"25N-H50NV20A-90-A"},{"r":"124","t":"22:35:05","h":"Nord","s":"25S-H50S000A-81-A"},{"r":"124","t":"22:51:37","h":"Nord","s":"25N-H50N000S-80-S"},{"r":"124","t":"22:51:37","h":"Nord","s":"25N-H50N000S-90-S"},{"r":"124","t":"22:51:37","h":"Nord","s":"25N-H50NV10S-90-S"},{"r":"124","t":"22:51:37","h":"Nord","s":"25N-H50NV20S-90-S"},{"r":"124","t":"22:51:37","h":"Nord","s":"25S-H50S000S-81-S"},{"r":"124","t":"23:03:05","h":"Nord","s":"25N-H50N000I-80-I"},{"r":"124","t":"23:03:05","h":"Nord","s":"25N-H50N000I-90-I"},{"r":"124","t":"23:03:05","h":"Nord","s":"25N-H50N100F-90-F1"},{"r":"124","t":"23:03:05","h":"Nord","s":"25N-H50N200F-90-F2"},{"r":"124","t":"23:03:05","h":"Nord","s":"25N-H50N300F-90-F3"},{"r":"124","t":"23:03:05","h":"Nord","s":"25N-H50N400F-90-F4"},{"r":"124","t":"23:03:05","h":"Nord","s":"25N-H50NV10I-90-I"},{"r":"124","t":"23:03:05","h":"Nord","s":"25N-H50NV20I-90-I"},{"r":"124","t":"23:03:05","h":"Nord","s":"25S-H50S000I-81-I"},{"r":"124","t":"23:03:05","h":"Nord","s":"25S-H50S100F-80-F1"},{"r":"124","t":"23:03:05","h":"Nord","s":"25S-H50S200F-80-F2"},{"r":"124","t":"23:09:05","h":"Nord","s":"25N-H50N000A-80-A"},{"r":"124","t":"23:09:05","h":"Nord","s":"25N-H50N000A-90-A"},{"r":"124","t":"23:09:05","h":"Nord","s":"25N-H50NV10A-90-A"},{"r":"124","t":"23:09:05","h":"Nord","s":"25N-H50NV20A-90-A"},{"r":"124","t":"23:09:05","h":"Nord","s":"25S-H50S000A-81-A"},{"r":"124","t":"23:24:37","h":"Nord","s":"25N-H50N000S-80-S"},{"r":"124","t":"23:24:37","h":"Nord","s":"25N-H50N000S-90-S"},{"r":"124","t":"23:24:37","h":"Nord","s":"25N-H50NV10S-90-S"},{"r":"124","t":"23:24:37","h":"Nord","s":"25N-H50NV20S-90-S"},{"r":"124","t":"23:24:37","h":"Nord","s":"25S-H50S000S-81-S"},{"r":"124","t":"23:33:05","h":"Nord","s":"25N-H50N000I-80-I"},{"r":"124","t":"23:33:05","h":"Nord","s":"25N-H50N000I-90-I"},{"r":"124","t":"23:33:05","h":"Nord","s":"25N-H50N100F-90-F1"},{"r":"124","t":"23:33:05","h":"Nord","s":"25N-H50N200F-90-F2"},{"r":"124","t":"23:33:05","h":"Nord","s":"25N-H50N300F-90-F3"},{"r":"124","t":"23:33:05","h":"Nord","s":"25N-H50N400F-90-F4"},{"r":"124","t":"23:33:05","h":"Nord","s":"25N-H50NV10I-90-I"},{"r":"124","t":"23:33:05","h":"Nord","s":"25N-H50NV20I-90-I"},{"r":"124","t":"23:33:05","h":"Nord","s":"25S-H50S000I-81-I"},{"r":"124","t":"23:33:05","h":"Nord","s":"25S-H50S100F-80-F1"},{"r":"124","t":"23:33:05","h":"Nord","s":"25S-H50S200F-80-F2"},{"r":"124","t":"23:43:05","h":"Nord","s":"25N-H50N000A-80-A"},{"r":"124","t":"23:43:05","h":"Nord","s":"25N-H50N000A-90-A"},{"r":"124","t":"23:43:05","h":"Nord","s":"25N-H50NV10A-90-A"},{"r":"124","t":"23:43:05","h":"Nord","s":"25N-H50NV20A-90-A"},{"r":"124","t":"23:43:05","h":"Nord","s":"25S-H50S000A-81-A"},{"r":"124","t":"23:59:37","h":"Nord","s":"25N-H50N000S-80-S"},{"r":"124","t":"23:59:37","h":"Nord","s":"25N-H50N000S-90-S"},{"r":"124","t":"23:59:37","h":"Nord","s":"25N-H50NV10S-90-S"},{"r":"124","t":"23:59:37","h":"Nord","s":"25N-H50NV20S-90-S"},{"r":"124","t":"23:59:37","h":"Nord","s":"25S-H50S000S-81-S"},{"r":"124","t":"24:10:05","h":"Nord","s":"25N-H50N000I-80-I"},{"r":"124","t":"24:10:05","h":"Nord","s":"25N-H50N000I-90-I"},{"r":"124","t":"24:10:05","h":"Nord","s":"25N-H50N100F-90-F1"},{"r":"124","t":"24:10:05","h":"Nord","s":"25N-H50N200F-90-F2"},{"r":"124","t":"24:10:05","h":"Nord","s":"25N-H50N300F-90-F3"},{"r":"124","t":"24:10:05","h":"Nord","s":"25N-H50N400F-90-F4"},{"r":"124","t":"24:10:05","h":"Nord","s":"25N-H50NV10I-90-I"},{"r":"124","t":"24:10:05","h":"Nord","s":"25N-H50NV20I-90-I"},{"r":"124","t":"24:10:05","h":"Nord","s":"25S-H50S000I-81-I"},{"r":"124","t":"24:10:05","h":"Nord","s":"25S-H50S100F-80-F1"},{"r":"124","t":"24:10:05","h":"Nord","s":"25S-H50S200F-80-F2"},{"r":"124","t":"24:16:05","h":"Nord","s":"25N-H50N000A-80-A"},{"r":"124","t":"24:16:05","h":"Nord","s":"25N-H50N000A-90-A"},{"r":"124","t":"24:16:05","h":"Nord","s":"25N-H50NV10A-90-A"},{"r":"124","t":"24:16:05","h":"Nord","s":"25N-H50NV20A-90-A"},{"r":"124","t":"24:16:05","h":"Nord","s":"25S-H50S000A-81-A"},{"r":"124","t":"24:31:37","h":"Nord","s":"25N-H50N000S-80-S"},{"r":"124","t":"24:31:37","h":"Nord","s":"25N-H50N000S-90-S"},{"r":"124","t":"24:31:37","h":"Nord","s":"25N-H50NV10S-90-S"},{"r":"124","t":"24:31:37","h":"Nord","s":"25N-H50NV20S-90-S"},{"r":"124","t":"24:31:37","h":"Nord","s":"25S-H50S000S-81-S"},{"r":"124","t":"24:38:05","h":"Nord","s":"25N-H50N000I-80-I"},{"r":"124","t":"24:38:05","h":"Nord","s":"25N-H50N000I-90-I"},{"r":"124","t":"24:38:05","h":"Nord","s":"25N-H50N100F-90-F1"},{"r":"124","t":"24:38:05","h":"Nord","s":"25N-H50N200F-90-F2"},{"r":"124","t":"24:38:05","h":"Nord","s":"25N-H50N300F-90-F3"},{"r":"124","t":"24:38:05","h":"Nord","s":"25N-H50N400F-90-F4"},{"r":"124","t":"24:38:05","h":"Nord","s":"25N-H50NV10I-90-I"},{"r":"124","t":"24:38:05","h":"Nord","s":"25N-H50NV20I-90-I"},{"r":"124","t":"24:38:05","h":"Nord","s":"25S-H50S000I-81-I"},{"r":"124","t":"24:38:05","h":"Nord","s":"25S-H50S100F-80-F1"},{"r":"124","t":"24:38:05","h":"Nord","s":"25S-H50S200F-80-F2"},{"r":"124","t":"24:45:05","h":"Nord","s":"25N-H50N000A-80-A"},{"r":"124","t":"24:45:05","h":"Nord","s":"25N-H50N000A-90-A"},{"r":"124","t":"24:45:05","h":"Nord","s":"25N-H50NV10A-90-A"},{"r":"124","t":"24:45:05","h":"Nord","s":"25N-H50NV20A-90-A"},{"r":"124","t":"24:45:05","h":"Nord","s":"25S-H50S000A-81-A"},{"r":"124","t":"25:07:37","h":"Nord","s":"25N-H50N000S-80-S"},{"r":"124","t":"25:07:37","h":"Nord","s":"25N-H50N000S-90-S"},{"r":"124","t":"25:07:37","h":"Nord","s":"25N-H50NV10S-90-S"},{"r":"124","t":"25:07:37","h":"Nord","s":"25N-H50NV20S-90-S"},{"r":"124","t":"25:07:37","h":"Nord","s":"25S-H50S000S-81-S"},{"r":"124","t":"25:11:05","h":"Nord","s":"25N-H50N000I-80-I"},{"r":"124","t":"25:11:05","h":"Nord","s":"25N-H50N000I-90-I"},{"r":"124","t":"25:11:05","h":"Nord","s":"25N-H50N100F-90-F1"},{"r":"124","t":"25:11:05","h":"Nord","s":"25N-H50N200F-90-F2"},{"r":"124","t":"25:11:05","h":"Nord","s":"25N-H50N300F-90-F3"},{"r":"124","t":"25:11:05","h":"Nord","s":"25N-H50N400F-90-F4"},{"r":"124","t":"25:11:05","h":"Nord","s":"25N-H50NV10I-90-I"},{"r":"124","t":"25:11:05","h":"Nord","s":"25N-H50NV20I-90-I"},{"r":"124","t":"25:11:05","h":"Nord","s":"25S-H50S000I-81-I"},{"r":"124","t":"25:11:05","h":"Nord","s":"25S-H50S100F-80-F1"},{"r":"124","t":"25:11:05","h":"Nord","s":"25S-H50S200F-80-F2"},{"r":"124","t":"25:18:05","h":"Nord","s":"25N-H50N000A-80-A"},{"r":"124","t":"25:18:05","h":"Nord","s":"25N-H50N000A-90-A"},{"r":"124","t":"25:18:05","h":"Nord","s":"25N-H50NV10A-90-A"},{"r":"124","t":"25:18:05","h":"Nord","s":"25N-H50NV20A-90-A"},{"r":"124","t":"25:18:05","h":"Nord","s":"25S-H50S000A-81-A"},{"r":"124","t":"25:36:37","h":"Nord","s":"25N-H50N000S-80-S"},{"r":"124","t":"25:36:37","h":"Nord","s":"25N-H50N000S-90-S"},{"r":"124","t":"25:36:37","h":"Nord","s":"25N-H50NV10S-90-S"},{"r":"124","t":"25:36:37","h":"Nord","s":"25N-H50NV20S-90-S"},{"r":"124","t":"25:36:37","h":"Nord","s":"25S-H50S000S-81-S"},{"r":"124","t":"25:44:05","h":"Nord","s":"25N-H50N000I-80-I"},{"r":"124","t":"25:44:05","h":"Nord","s":"25N-H50N000I-90-I"},{"r":"124","t":"25:44:05","h":"Nord","s":"25N-H50N100F-90-F1"},{"r":"124","t":"25:44:05","h":"Nord","s":"25N-H50N200F-90-F2"},{"r":"124","t":"25:44:05","h":"Nord","s":"25N-H50N300F-90-F3"},{"r":"124","t":"25:44:05","h":"Nord","s":"25N-H50N400F-90-F4"},{"r":"124","t":"25:44:05","h":"Nord","s":"25N-H50NV10I-90-I"},{"r":"124","t":"25:44:05","h":"Nord","s":"25N-H50NV20I-90-I"},{"r":"124","t":"25:44:05","h":"Nord","s":"25S-H50S000I-81-I"},{"r":"124","t":"25:44:05","h":"Nord","s":"25S-H50S100F-80-F1"},{"r":"124","t":"25:44:05","h":"Nord","s":"25S-H50S200F-80-F2"},{"r":"124","t":"25:46:05","h":"Nord","s":"25N-H50N000A-80-A"},{"r":"124","t":"25:46:05","h":"Nord","s":"25N-H50N000A-90-A"},{"r":"124","t":"25:46:05","h":"Nord","s":"25N-H50NV10A-90-A"},{"r":"124","t":"25:46:05","h":"Nord","s":"25N-H50NV20A-90-A"},{"r":"124","t":"25:46:05","h":"Nord","s":"25S-H50S000A-81-A"}]