[{"r":"54","t":"05:33:00","h":"Ouest","s":"25N-H55N000S-80-S"},{"r":"54","t":"05:33:00","h":"Ouest","s":"25N-H55N000S-82-S"},{"r":"54","t":"05:33:00","h":"Ouest","s":"25N-H55NV10S-85-S"},{"r":"54","t":"05:33:00","h":"Ouest","s":"25N-H55NV20S-81-S"},{"r":"54","t":"05:33:00","h":"Ouest","s":"25N-H58N200F-80-F2"},{"r":"54","t":"05:33:00","h":"Ouest","s":"25N-H58N400F-80-F4"},{"r":"54","t":"05:33:00","h":"Ouest","s":"25S-H55S000S-82-S"},{"r":"54","t":"05:33:00","h":"Ouest","s":"25S-H58S100F-80-F1"},{"r":"54","t":"05:33:00","h":"Ouest","s":"25S-H58S200F-80-F2"},{"r":"54","t":"05:56:00","h":"Ouest","s":"25N-H58N000S-80-S"},{"r":"54","t":"05:56:00","h":"Ouest","s":"25N-H58NV10S-80-S"},{"r":"54","t":"05:56:00","h":"Ouest","s":"25N-H58NV20S-80-S"},{"r":"54","t":"05:56:00","h":"Ouest","s":"25S-H58S000S-80-S"},{"r":"54","t":"06:04:00","h":"Ouest","s":"25N-H58N200F-80-F2"},{"r":"54","t":"06:04:00","h":"Ouest","s":"25N-H58N400F-80-F4"},{"r":"54","t":"06:04:00","h":"Ouest","s":"25S-H58S100F-80-F1"},{"r":"54","t":"06:04:00","h":"Ouest","s":"25S-H58S200F-80-F2"},{"r":"54","t":"06:11:00","h":"Ouest","s":"25N-H58N000S-80-S"},{"r":"54","t":"06:11:00","h":"Ouest","s":"25N-H58NV10S-80-S"},{"r":"54","t":"06:11:00","h":"Ouest","s":"25N-H58NV20S-80-S"},{"r":"54","t":"06:11:00","h":"Ouest","s":"25S-H58S000S-80-S"},{"r":"54","t":"06:33:00","h":"Ouest","s":"25N-H58N000S-80-S"},{"r":"54","t":"06:33:00","h":"Ouest","s":"25N-H58NV10S-80-S"},{"r":"54","t":"06:33:00","h":"Ouest","s":"25N-H58NV20S-80-S"},{"r":"54","t":"06:33:00","h":"Ouest","s":"25S-H58S000S-80-S"},{"r":"54","t":"06:34:00","h":"Ouest","s":"25N-H58N200F-80-F2"},{"r":"54","t":"06:34:00","h":"Ouest","s":"25N-H58N400F-80-F4"},{"r":"54","t":"06:34:00","h":"Ouest","s":"25S-H58S100F-80-F1"},{"r":"54","t":"06:34:00","h":"Ouest","s":"25S-H58S200F-80-F2"},{"r":"54","t":"06:53:00","h":"Ouest","s":"25N-H58N000S-80-S"},{"r":"54","t":"06:53:00","h":"Ouest","s":"25N-H58NV10S-80-S"},{"r":"54","t":"06:53:00","h":"Ouest","s":"25N-H58NV20S-80-S"},{"r":"54","t":"06:53:00","h":"Ouest","s":"25S-H58S000S-80-S"},{"r":"54","t":"07:04:00","h":"Ouest","s":"25N-H58N200F-80-F2"},{"r":"54","t":"07:04:00","h":"Ouest","s":"25N-H58N400F-80-F4"},{"r":"54","t":"07:04:00","h":"Ouest","s":"25S-H58S100F-80-F1"},{"r":"54","t":"07:04:00","h":"Ouest","s":"25S-H58S200F-80-F2"},{"r":"54","t":"07:10:00","h":"Ouest","s":"25N-H55N000S-80-S"},{"r":"54","t":"07:10:00","h":"Ouest","s":"25N-H55N000S-82-S"},{"r":"54","t":"07:10:00","h":"Ouest","s":"25N-H55NV10S-85-S"},{"r":"54","t":"07:10:00","h":"Ouest","s":"25N-H55NV20S-81-S"},{"r":"54","t":"07:10:00","h":"Ouest","s":"25S-H55S000S-82-S"},{"r":"54","t":"07:23:00","h":"Ouest","s":"25N-H58N000S-80-S"},{"r":"54","t":"07:23:00","h":"Ouest","s":"25N-H58NV10S-80-S"},{"r":"54","t":"07:23:00","h":"Ouest","s":"25N-H58NV20S-80-S"},{"r":"54","t":"07:23:00","h":"Ouest","s":"25S-H58S000S-80-S"},{"r":"54","t":"07:34:00","h":"Ouest","s":"25N-H58N000S-80-S"},{"r":"54","t":"07:34:00","h":"Ouest","s":"25N-H58NV10S-80-S"},{"r":"54","t":"07:34:00","h":"Ouest","s":"25N-H58NV20S-80-S"},{"r":"54","t":"07:34:00","h":"Ouest","s":"25S-H58S000S-80-S"},{"r":"54","t":"07:36:00","h":"Ouest","s":"25N-H58N200F-80-F2"},{"r":"54","t":"07:36:00","h":"Ouest","s":"25N-H58N400F-80-F4"},{"r":"54","t":"07:36:00","h":"Ouest","s":"25S-H58S100F-80-F1"},{"r":"54","t":"07:36:00","h":"Ouest","s":"25S-H58S200F-80-F2"},{"r":"54","t":"07:46:00","h":"Ouest","s":"25N-H58N000S-80-S"},{"r":"54","t":"07:46:00","h":"Ouest","s":"25N-H58NV10S-80-S"},{"r":"54","t":"07:46:00","h":"Ouest","s":"25N-H58NV20S-80-S"},{"r":"54","t":"07:46:00","h":"Ouest","s":"25S-H58S000S-80-S"},{"r":"54","t":"07:57:00","h":"Ouest","s":"25N-H58N000S-80-S"},{"r":"54","t":"07:57:00","h":"Ouest","s":"25N-H58NV10S-80-S"},{"r":"54","t":"07:57:00","h":"Ouest","s":"25N-H58NV20S-80-S"},{"r":"54","t":"07:57:00","h":"Ouest","s":"25S-H58S000S-80-S"},{"r":"54","t":"08:06:00","h":"Ouest","s":"25N-H58N200F-80-F2"},{"r":"54","t":"08:06:00","h":"Ouest","s":"25N-H58N400F-80-F4"},{"r":"54","t":"08:06:00","h":"Ouest","s":"25S-H58S100F-80-F1"},{"r":"54","t":"08:06:00","h":"Ouest","s":"25S-H58S200F-80-F2"},{"r":"54","t":"08:10:00","h":"Ouest","s":"25N-H58N000S-80-S"},{"r":"54","t":"08:10:00","h":"Ouest","s":"25N-H58NV10S-80-S"},{"r":"54","t":"08:10:00","h":"Ouest","s":"25N-H58NV20S-80-S"},{"r":"54","t":"08:10:00","h":"Ouest","s":"25S-H58S000S-80-S"},{"r":"54","t":"08:20:00","h":"Ouest","s":"25N-H58N000S-80-S"},{"r":"54","t":"08:20:00","h":"Ouest","s":"25N-H58NV10S-80-S"},{"r":"54","t":"08:20:00","h":"Ouest","s":"25N-H58NV20S-80-S"},{"r":"54","t":"08:20:00","h":"Ouest","s":"25S-H58S000S-80-S"},{"r":"54","t":"08:33:00","h":"Ouest","s":"25N-H58N200F-80-F2"},{"r":"54","t":"08:33:00","h":"Ouest","s":"25N-H58N400F-80-F4"},{"r":"54","t":"08:33:00","h":"Ouest","s":"25S-H58S100F-80-F1"},{"r":"54","t":"08:33:00","h":"Ouest","s":"25S-H58S200F-80-F2"},{"r":"54","t":"08:38:00","h":"Ouest","s":"25N-H58N000S-80-S"},{"r":"54","t":"08:38:00","h":"Ouest","s":"25N-H58NV10S-80-S"},{"r":"54","t":"08:38:00","h":"Ouest","s":"25N-H58NV20S-80-S"},{"r":"54","t":"08:38:00","h":"Ouest","s":"25S-H58S000S-80-S"},{"r":"54","t":"08:58:00","h":"Ouest","s":"25N-H58N000S-80-S"},{"r":"54","t":"08:58:00","h":"Ouest","s":"25N-H58N200F-80-F2"},{"r":"54","t":"08:58:00","h":"Ouest","s":"25N-H58N400F-80-F4"},{"r":"54","t":"08:58:00","h":"Ouest","s":"25N-H58NV10S-80-S"},{"r":"54","t":"08:58:00","h":"Ouest","s":"25N-H58NV20S-80-S"},{"r":"54","t":"08:58:00","h":"Ouest","s":"25S-H58S000S-80-S"},{"r":"54","t":"08:58:00","h":"Ouest","s":"25S-H58S100F-80-F1"},{"r":"54","t":"08:58:00","h":"Ouest","s":"25S-H58S200F-80-F2"},{"r":"54","t":"09:20:00","h":"Ouest","s":"25N-H58N000S-80-S"},{"r":"54","t":"09:20:00","h":"Ouest","s":"25N-H58N200F-80-F2"},{"r":"54","t":"09:20:00","h":"Ouest","s":"25N-H58N400F-80-F4"},{"r":"54","t":"09:20:00","h":"Ouest","s":"25N-H58NV10S-80-S"},{"r":"54","t":"09:20:00","h":"Ouest","s":"25N-H58NV20S-80-S"},{"r":"54","t":"09:20:00","h":"Ouest","s":"25S-H58S000S-80-S"},{"r":"54","t":"09:20:00","h":"Ouest","s":"25S-H58S100F-80-F1"},{"r":"54","t":"09:20:00","h":"Ouest","s":"25S-H58S200F-80-F2"},{"r":"54","t":"09:51:00","h":"Ouest","s":"25N-H58N000S-80-S"},{"r":"54","t":"09:51:00","h":"Ouest","s":"25N-H58N200F-80-F2"},{"r":"54","t":"09:51:00","h":"Ouest","s":"25N-H58N400F-80-F4"},{"r":"54","t":"09:51:00","h":"Ouest","s":"25N-H58NV10S-80-S"},{"r":"54","t":"09:51:00","h":"Ouest","s":"25N-H58NV20S-80-S"},{"r":"54","t":"09:51:00","h":"Ouest","s":"25S-H58S000S-80-S"},{"r":"54","t":"09:51:00","h":"Ouest","s":"25S-H58S100F-80-F1"},{"r":"54","t":"09:51:00","h":"Ouest","s":"25S-H58S200F-80-F2"},{"r":"54","t":"10:21:00","h":"Ouest","s":"25N-H58N200F-80-F2"},{"r":"54","t":"10:21:00","h":"Ouest","s":"25N-H58N400F-80-F4"},{"r":"54","t":"10:21:00","h":"Ouest","s":"25S-H58S100F-80-F1"},{"r":"54","t":"10:21:00","h":"Ouest","s":"25S-H58S200F-80-F2"},{"r":"54","t":"10:23:00","h":"Ouest","s":"25N-H58N000S-80-S"},{"r":"54","t":"10:23:00","h":"Ouest","s":"25N-H58NV10S-80-S"},{"r":"54","t":"10:23:00","h":"Ouest","s":"25N-H58NV20S-80-S"},{"r":"54","t":"10:23:00","h":"Ouest","s":"25S-H58S000S-80-S"},{"r":"54","t":"10:50:00","h":"Ouest","s":"25N-H55N000S-80-S"},{"r":"54","t":"10:50:00","h":"Ouest","s":"25N-H55N000S-82-S"},{"r":"54","t":"10:50:00","h":"Ouest","s":"25N-H55NV10S-85-S"},{"r":"54","t":"10:50:00","h":"Ouest","s":"25N-H55NV20S-81-S"},{"r":"54","t":"10:50:00","h":"Ouest","s":"25N-H58N200F-80-F2"},{"r":"54","t":"10:50:00","h":"Ouest","s":"25N-H58N400F-80-F4"},{"r":"54","t":"10:50:00","h":"Ouest","s":"25S-H55S000S-82-S"},{"r":"54","t":"10:50:00","h":"Ouest","s":"25S-H58S100F-80-F1"},{"r":"54","t":"10:50:00","h":"Ouest","s":"25S-H58S200F-80-F2"},{"r":"54","t":"11:15:00","h":"Ouest","s":"25N-H58N000S-80-S"},{"r":"54","t":"11:15:00","h":"Ouest","s":"25N-H58N200F-80-F2"},{"r":"54","t":"11:15:00","h":"Ouest","s":"25N-H58N400F-80-F4"},{"r":"54","t":"11:15:00","h":"Ouest","s":"25N-H58NV10S-80-S"},{"r":"54","t":"11:15:00","h":"Ouest","s":"25N-H58NV20S-80-S"},{"r":"54","t":"11:15:00","h":"Ouest","s":"25S-H58S000S-80-S"},{"r":"54","t":"11:15:00","h":"Ouest","s":"25S-H58S100F-80-F1"},{"r":"54","t":"11:15:00","h":"Ouest","s":"25S-H58S200F-80-F2"},{"r":"54","t":"11:37:00","h":"Ouest","s":"25N-H58N000S-80-S"},{"r":"54","t":"11:37:00","h":"Ouest","s":"25N-H58NV10S-80-S"},{"r":"54","t":"11:37:00","h":"Ouest","s":"25N-H58NV20S-80-S"},{"r":"54","t":"11:37:00","h":"Ouest","s":"25S-H58S000S-80-S"},{"r":"54","t":"11:40:00","h":"Ouest","s":"25N-H58N200F-80-F2"},{"r":"54","t":"11:40:00","h":"Ouest","s":"25N-H58N400F-80-F4"},{"r":"54","t":"11:40:00","h":"Ouest","s":"25S-H58S100F-80-F1"},{"r":"54","t":"11:40:00","h":"Ouest","s":"25S-H58S200F-80-F2"},{"r":"54","t":"12:07:00","h":"Ouest","s":"25N-H58N000S-80-S"},{"r":"54","t":"12:07:00","h":"Ouest","s":"25N-H58NV10S-80-S"},{"r":"54","t":"12:07:00","h":"Ouest","s":"25N-H58NV20S-80-S"},{"r":"54","t":"12:07:00","h":"Ouest","s":"25S-H58S000S-80-S"},{"r":"54","t":"12:10:00","h":"Ouest","s":"25N-H58N200F-80-F2"},{"r":"54","t":"12:10:00","h":"Ouest","s":"25N-H58N400F-80-F4"},{"r":"54","t":"12:10:00","h":"Ouest","s":"25S-H58S100F-80-F1"},{"r":"54","t":"12:10:00","h":"Ouest","s":"25S-H58S200F-80-F2"},{"r":"54","t":"12:37:00","h":"Ouest","s":"25N-H58N000S-80-S"},{"r":"54","t":"12:37:00","h":"Ouest","s":"25N-H58NV10S-80-S"},{"r":"54","t":"12:37:00","h":"Ouest","s":"25N-H58NV20S-80-S"},{"r":"54","t":"12:37:00","h":"Ouest","s":"25S-H58S000S-80-S"},{"r":"54","t":"12:39:00","h":"Ouest","s":"25N-H58N200F-80-F2"},{"r":"54","t":"12:39:00","h":"Ouest","s":"25N-H58N400F-80-F4"},{"r":"54","t":"12:39:00","h":"Ouest","s":"25S-H58S100F-80-F1"},{"r":"54","t":"12:39:00","h":"Ouest","s":"25S-H58S200F-80-F2"},{"r":"54","t":"13:03:00","h":"Ouest","s":"25N-H58N000S-80-S"},{"r":"54","t":"13:03:00","h":"Ouest","s":"25N-H58NV10S-80-S"},{"r":"54","t":"13:03:00","h":"Ouest","s":"25N-H58NV20S-80-S"},{"r":"54","t":"13:03:00","h":"Ouest","s":"25S-H58S000S-80-S"},{"r":"54","t":"13:05:00","h":"Ouest","s":"25N-H58N200F-80-F2"},{"r":"54","t":"13:05:00","h":"Ouest","s":"25N-H58N400F-80-F4"},{"r":"54","t":"13:05:00","h":"Ouest","s":"25S-H58S100F-80-F1"},{"r":"54","t":"13:05:00","h":"Ouest","s":"25S-H58S200F-80-F2"},{"r":"54","t":"13:29:00","h":"Ouest","s":"25N-H58N000S-80-S"},{"r":"54","t":"13:29:00","h":"Ouest","s":"25N-H58NV10S-80-S"},{"r":"54","t":"13:29:00","h":"Ouest","s":"25N-H58NV20S-80-S"},{"r":"54","t":"13:29:00","h":"Ouest","s":"25S-H58S000S-80-S"},{"r":"54","t":"13:31:00","h":"Ouest","s":"25N-H58N200F-80-F2"},{"r":"54","t":"13:31:00","h":"Ouest","s":"25N-H58N400F-80-F4"},{"r":"54","t":"13:31:00","h":"Ouest","s":"25S-H58S100F-80-F1"},{"r":"54","t":"13:31:00","h":"Ouest","s":"25S-H58S200F-80-F2"},{"r":"54","t":"13:55:00","h":"Ouest","s":"25N-H58N000S-80-S"},{"r":"54","t":"13:55:00","h":"Ouest","s":"25N-H58NV10S-80-S"},{"r":"54","t":"13:55:00","h":"Ouest","s":"25N-H58NV20S-80-S"},{"r":"54","t":"13:55:00","h":"Ouest","s":"25S-H58S000S-80-S"},{"r":"54","t":"14:02:00","h":"Ouest","s":"25N-H58N200F-80-F2"},{"r":"54","t":"14:02:00","h":"Ouest","s":"25N-H58N400F-80-F4"},{"r":"54","t":"14:02:00","h":"Ouest","s":"25S-H58S100F-80-F1"},{"r":"54","t":"14:02:00","h":"Ouest","s":"25S-H58S200F-80-F2"},{"r":"54","t":"14:21:00","h":"Ouest","s":"25N-H58N000S-80-S"},{"r":"54","t":"14:21:00","h":"Ouest","s":"25N-H58NV10S-80-S"},{"r":"54","t":"14:21:00","h":"Ouest","s":"25N-H58NV20S-80-S"},{"r":"54","t":"14:21:00","h":"Ouest","s":"25S-H58S000S-80-S"},{"r":"54","t":"14:33:00","h":"Ouest","s":"25N-H58N200F-80-F2"},{"r":"54","t":"14:33:00","h":"Ouest","s":"25N-H58N400F-80-F4"},{"r":"54","t":"14:33:00","h":"Ouest","s":"25S-H58S100F-80-F1"},{"r":"54","t":"14:33:00","h":"Ouest","s":"25S-H58S200F-80-F2"},{"r":"54","t":"14:47:00","h":"Ouest","s":"25N-H58N000S-80-S"},{"r":"54","t":"14:47:00","h":"Ouest","s":"25N-H58NV10S-80-S"},{"r":"54","t":"14:47:00","h":"Ouest","s":"25N-H58NV20S-80-S"},{"r":"54","t":"14:47:00","h":"Ouest","s":"25S-H58S000S-80-S"},{"r":"54","t":"15:04:00","h":"Ouest","s":"25N-H58N200F-80-F2"},{"r":"54","t":"15:04:00","h":"Ouest","s":"25N-H58N400F-80-F4"},{"r":"54","t":"15:04:00","h":"Ouest","s":"25S-H58S100F-80-F1"},{"r":"54","t":"15:04:00","h":"Ouest","s":"25S-H58S200F-80-F2"},{"r":"54","t":"15:15:00","h":"Ouest","s":"25N-H58N000S-80-S"},{"r":"54","t":"15:15:00","h":"Ouest","s":"25N-H58NV10S-80-S"},{"r":"54","t":"15:15:00","h":"Ouest","s":"25N-H58NV20S-80-S"},{"r":"54","t":"15:15:00","h":"Ouest","s":"25S-H58S000S-80-S"},{"r":"54","t":"15:35:00","h":"Ouest","s":"25N-H58N200F-80-F2"},{"r":"54","t":"15:35:00","h":"Ouest","s":"25N-H58N400F-80-F4"},{"r":"54","t":"15:35:00","h":"Ouest","s":"25S-H58S100F-80-F1"},{"r":"54","t":"15:35:00","h":"Ouest","s":"25S-H58S200F-80-F2"},{"r":"54","t":"15:44:00","h":"Ouest","s":"25N-H58N000S-80-S"},{"r":"54","t":"15:44:00","h":"Ouest","s":"25N-H58NV10S-80-S"},{"r":"54","t":"15:44:00","h":"Ouest","s":"25N-H58NV20S-80-S"},{"r":"54","t":"15:44:00","h":"Ouest","s":"25S-H58S000S-80-S"},{"r":"440","t":"15:56:00","h":"Ouest via Industriel","s":"25N-H58N000S-80-S"},{"r":"440","t":"15:56:00","h":"Ouest via Industriel","s":"25N-H58NV10S-80-S"},{"r":"440","t":"15:56:00","h":"Ouest via Industriel","s":"25N-H58NV20S-80-S"},{"r":"440","t":"15:56:00","h":"Ouest via Industriel","s":"25S-H58S000S-80-S"},{"r":"54","t":"16:00:00","h":"Ouest","s":"25N-H58N000S-80-S"},{"r":"54","t":"16:00:00","h":"Ouest","s":"25N-H58NV10S-80-S"},{"r":"54","t":"16:00:00","h":"Ouest","s":"25N-H58NV20S-80-S"},{"r":"54","t":"16:00:00","h":"Ouest","s":"25S-H58S000S-80-S"},{"r":"54","t":"16:06:00","h":"Ouest","s":"25N-H58N200F-80-F2"},{"r":"54","t":"16:06:00","h":"Ouest","s":"25N-H58N400F-80-F4"},{"r":"54","t":"16:06:00","h":"Ouest","s":"25S-H58S100F-80-F1"},{"r":"54","t":"16:06:00","h":"Ouest","s":"25S-H58S200F-80-F2"},{"r":"54","t":"16:19:00","h":"Ouest","s":"25N-H58N000S-80-S"},{"r":"54","t":"16:19:00","h":"Ouest","s":"25N-H58NV10S-80-S"},{"r":"54","t":"16:19:00","h":"Ouest","s":"25N-H58NV20S-80-S"},{"r":"54","t":"16:19:00","h":"Ouest","s":"25S-H58S000S-80-S"},{"r":"440","t":"16:21:00","h":"Ouest via Industriel","s":"25N-H58N000S-80-S"},{"r":"440","t":"16:21:00","h":"Ouest via Industriel","s":"25N-H58NV10S-80-S"},{"r":"440","t":"16:21:00","h":"Ouest via Industriel","s":"25N-H58NV20S-80-S"},{"r":"440","t":"16:21:00","h":"Ouest via Industriel","s":"25S-H58S000S-80-S"},{"r":"54","t":"16:37:00","h":"Ouest","s":"25N-H58N200F-80-F2"},{"r":"54","t":"16:37:00","h":"Ouest","s":"25N-H58N400F-80-F4"},{"r":"54","t":"16:37:00","h":"Ouest","s":"25S-H58S100F-80-F1"},{"r":"54","t":"16:37:00","h":"Ouest","s":"25S-H58S200F-80-F2"},{"r":"54","t":"16:44:00","h":"Ouest","s":"25N-H58N000S-80-S"},{"r":"54","t":"16:44:00","h":"Ouest","s":"25N-H58NV10S-80-S"},{"r":"54","t":"16:44:00","h":"Ouest","s":"25N-H58NV20S-80-S"},{"r":"54","t":"16:44:00","h":"Ouest","s":"25S-H58S000S-80-S"},{"r":"440","t":"16:56:00","h":"Ouest via Industriel","s":"25N-H58N000S-80-S"},{"r":"440","t":"16:56:00","h":"Ouest via Industriel","s":"25N-H58NV10S-80-S"},{"r":"440","t":"16:56:00","h":"Ouest via Industriel","s":"25N-H58NV20S-80-S"},{"r":"440","t":"16:56:00","h":"Ouest via Industriel","s":"25S-H58S000S-80-S"},{"r":"54","t":"17:10:00","h":"Ouest","s":"25N-H58N200F-80-F2"},{"r":"54","t":"17:10:00","h":"Ouest","s":"25N-H58N400F-80-F4"},{"r":"54","t":"17:10:00","h":"Ouest","s":"25S-H58S100F-80-F1"},{"r":"54","t":"17:10:00","h":"Ouest","s":"25S-H58S200F-80-F2"},{"r":"54","t":"17:11:00","h":"Ouest","s":"25N-H58N000S-80-S"},{"r":"54","t":"17:11:00","h":"Ouest","s":"25N-H58NV10S-80-S"},{"r":"54","t":"17:11:00","h":"Ouest","s":"25N-H58NV20S-80-S"},{"r":"54","t":"17:11:00","h":"Ouest","s":"25S-H58S000S-80-S"},{"r":"440","t":"17:26:00","h":"Ouest via Industriel","s":"25N-H54N000S-80-S"},{"r":"440","t":"17:26:00","h":"Ouest via Industriel","s":"25N-H54NV10S-82-S"},{"r":"440","t":"17:26:00","h":"Ouest via Industriel","s":"25N-H54NV20S-80-S"},{"r":"440","t":"17:26:00","h":"Ouest via Industriel","s":"25S-H54S000S-82-S"},{"r":"54","t":"17:43:00","h":"Ouest","s":"25N-H58N200F-80-F2"},{"r":"54","t":"17:43:00","h":"Ouest","s":"25N-H58N400F-80-F4"},{"r":"54","t":"17:43:00","h":"Ouest","s":"25S-H58S100F-80-F1"},{"r":"54","t":"17:43:00","h":"Ouest","s":"25S-H58S200F-80-F2"},{"r":"54","t":"17:44:00","h":"Ouest","s":"25N-H58N000S-80-S"},{"r":"54","t":"17:44:00","h":"Ouest","s":"25N-H58NV10S-80-S"},{"r":"54","t":"17:44:00","h":"Ouest","s":"25N-H58NV20S-80-S"},{"r":"54","t":"17:44:00","h":"Ouest","s":"25S-H58S000S-80-S"},{"r":"440","t":"18:00:00","h":"Ouest via Industriel","s":"25N-H58N000S-80-S"},{"r":"440","t":"18:00:00","h":"Ouest via Industriel","s":"25N-H58NV10S-80-S"},{"r":"440","t":"18:00:00","h":"Ouest via Industriel","s":"25N-H58NV20S-80-S"},{"r":"440","t":"18:00:00","h":"Ouest via Industriel","s":"25S-H58S000S-80-S"},{"r":"54","t":"18:15:00","h":"Ouest","s":"25N-H58N200F-80-F2"},{"r":"54","t":"18:15:00","h":"Ouest","s":"25N-H58N400F-80-F4"},{"r":"54","t":"18:15:00","h":"Ouest","s":"25S-H58S100F-80-F1"},{"r":"54","t":"18:15:00","h":"Ouest","s":"25S-H58S200F-80-F2"},{"r":"54","t":"18:16:00","h":"Ouest","s":"25N-H58N000S-80-S"},{"r":"54","t":"18:16:00","h":"Ouest","s":"25N-H58NV10S-80-S"},{"r":"54","t":"18:16:00","h":"Ouest","s":"25N-H58NV20S-80-S"},{"r":"54","t":"18:16:00","h":"Ouest","s":"25S-H58S000S-80-S"},{"r":"440","t":"18:32:00","h":"Ouest via Industriel","s":"25N-H58N000S-80-S"},{"r":"440","t":"18:32:00","h":"Ouest via Industriel","s":"25N-H58NV10S-80-S"},{"r":"440","t":"18:32:00","h":"Ouest via Industriel","s":"25N-H58NV20S-80-S"},{"r":"440","t":"18:32:00","h":"Ouest via Industriel","s":"25S-H58S000S-80-S"},{"r":"54","t":"18:48:00","h":"Ouest","s":"25N-H58N200F-80-F2"},{"r":"54","t":"18:48:00","h":"Ouest","s":"25N-H58N400F-80-F4"},{"r":"54","t":"18:48:00","h":"Ouest","s":"25S-H58S100F-80-F1"},{"r":"54","t":"18:48:00","h":"Ouest","s":"25S-H58S200F-80-F2"},{"r":"54","t":"18:49:00","h":"Ouest","s":"25N-H58N000S-80-S"},{"r":"54","t":"18:49:00","h":"Ouest","s":"25N-H58NV10S-80-S"},{"r":"54","t":"18:49:00","h":"Ouest","s":"25N-H58NV20S-80-S"},{"r":"54","t":"18:49:00","h":"Ouest","s":"25S-H58S000S-80-S"},{"r":"440","t":"19:06:00","h":"Ouest via Industriel","s":"25N-H58N000S-80-S"},{"r":"440","t":"19:06:00","h":"Ouest via Industriel","s":"25N-H58NV10S-80-S"},{"r":"440","t":"19:06:00","h":"Ouest via Industriel","s":"25N-H58NV20S-80-S"},{"r":"440","t":"19:06:00","h":"Ouest via Industriel","s":"25S-H58S000S-80-S"},{"r":"54","t":"19:22:00","h":"Ouest","s":"25N-H58N000S-80-S"},{"r":"54","t":"19:22:00","h":"Ouest","s":"25N-H58N200F-80-F2"},{"r":"54","t":"19:22:00","h":"Ouest","s":"25N-H58N400F-80-F4"},{"r":"54","t":"19:22:00","h":"Ouest","s":"25N-H58NV10S-80-S"},{"r":"54","t":"19:22:00","h":"Ouest","s":"25N-H58NV20S-80-S"},{"r":"54","t":"19:22:00","h":"Ouest","s":"25S-H58S000S-80-S"},{"r":"54","t":"19:22:00","h":"Ouest","s":"25S-H58S100F-80-F1"},{"r":"54","t":"19:22:00","h":"Ouest","s":"25S-H58S200F-80-F2"}]