[{"r":"52","t":"06:29:00","h":"Ouest","s":"25N-H58N000S-80-S"},{"r":"52","t":"06:29:00","h":"Est","s":"25N-H58N000S-80-S"},{"r":"52","t":"06:29:00","h":"Ouest","s":"25N-H58NV10S-80-S"},{"r":"52","t":"06:29:00","h":"Est","s":"25N-H58NV10S-80-S"},{"r":"52","t":"06:29:00","h":"Ouest","s":"25N-H58NV20S-80-S"},{"r":"52","t":"06:29:00","h":"Est","s":"25N-H58NV20S-80-S"},{"r":"52","t":"06:29:00","h":"Ouest","s":"25S-H58S000S-80-S"},{"r":"52","t":"06:29:00","h":"Est","s":"25S-H58S000S-80-S"},{"r":"135","t":"06:35:59","h":"Sud","s":"25N-H58N000S-80-S"},{"r":"135","t":"06:35:59","h":"Sud","s":"25N-H58NV10S-80-S"},{"r":"135","t":"06:35:59","h":"Sud","s":"25N-H58NV20S-80-S"},{"r":"135","t":"06:35:59","h":"Sud","s":"25S-H58S000S-80-S"},{"r":"52","t":"07:01:00","h":"Ouest","s":"25N-H58N000S-80-S"},{"r":"52","t":"07:01:00","h":"Est","s":"25N-H58N000S-80-S"},{"r":"52","t":"07:01:00","h":"Ouest","s":"25N-H58NV10S-80-S"},{"r":"52","t":"07:01:00","h":"Est","s":"25N-H58NV10S-80-S"},{"r":"52","t":"07:01:00","h":"Ouest","s":"25N-H58NV20S-80-S"},{"r":"52","t":"07:01:00","h":"Est","s":"25N-H58NV20S-80-S"},{"r":"52","t":"07:01:00","h":"Ouest","s":"25S-H58S000S-80-S"},{"r":"52","t":"07:01:00","h":"Est","s":"25S-H58S000S-80-S"},{"r":"135","t":"07:06:19","h":"Sud","s":"25N-H58N000S-80-S"},{"r":"135","t":"07:06:19","h":"Sud","s":"25N-H58NV10S-80-S"},{"r":"135","t":"07:06:19","h":"Sud","s":"25N-H58NV20S-80-S"},{"r":"135","t":"07:06:19","h":"Sud","s":"25S-H58S000S-80-S"},{"r":"52","t":"07:32:00","h":"Ouest","s":"25N-H58N000S-80-S"},{"r":"52","t":"07:32:00","h":"Est","s":"25N-H58N000S-80-S"},{"r":"52","t":"07:32:00","h":"Ouest","s":"25N-H58NV10S-80-S"},{"r":"52","t":"07:32:00","h":"Est","s":"25N-H58NV10S-80-S"},{"r":"52","t":"07:32:00","h":"Ouest","s":"25N-H58NV20S-80-S"},{"r":"52","t":"07:32:00","h":"Est","s":"25N-H58NV20S-80-S"},{"r":"52","t":"07:32:00","h":"Ouest","s":"25S-H58S000S-80-S"},{"r":"52","t":"07:32:00","h":"Est","s":"25S-H58S000S-80-S"},{"r":"135","t":"07:35:59","h":"Sud","s":"25N-H50N000S-80-S"},{"r":"135","t":"07:35:59","h":"Sud","s":"25N-H50N000S-90-S"},{"r":"135","t":"07:35:59","h":"Sud","s":"25N-H50NV10S-90-S"},{"r":"135","t":"07:35:59","h":"Sud","s":"25N-H50NV20S-90-S"},{"r":"135","t":"07:35:59","h":"Sud","s":"25S-H50S000S-81-S"},{"r":"52","t":"08:02:00","h":"Ouest","s":"25N-H58N000S-80-S"},{"r":"52","t":"08:02:00","h":"Est","s":"25N-H58N000S-80-S"},{"r":"52","t":"08:02:00","h":"Ouest","s":"25N-H58NV10S-80-S"},{"r":"52","t":"08:02:00","h":"Est","s":"25N-H58NV10S-80-S"},{"r":"52","t":"08:02:00","h":"Ouest","s":"25N-H58NV20S-80-S"},{"r":"52","t":"08:02:00","h":"Est","s":"25N-H58NV20S-80-S"},{"r":"52","t":"08:02:00","h":"Ouest","s":"25S-H58S000S-80-S"},{"r":"52","t":"08:02:00","h":"Est","s":"25S-H58S000S-80-S"},{"r":"135","t":"08:06:59","h":"Sud","s":"25N-H58N000S-80-S"},{"r":"135","t":"08:06:59","h":"Sud","s":"25N-H58NV10S-80-S"},{"r":"135","t":"08:06:59","h":"Sud","s":"25N-H58NV20S-80-S"},{"r":"135","t":"08:06:59","h":"Sud","s":"25S-H58S000S-80-S"},{"r":"52","t":"08:34:00","h":"Ouest","s":"25N-H58N000S-80-S"},{"r":"52","t":"08:34:00","h":"Est","s":"25N-H58N000S-80-S"},{"r":"52","t":"08:34:00","h":"Ouest","s":"25N-H58NV10S-80-S"},{"r":"52","t":"08:34:00","h":"Est","s":"25N-H58NV10S-80-S"},{"r":"52","t":"08:34:00","h":"Ouest","s":"25N-H58NV20S-80-S"},{"r":"52","t":"08:34:00","h":"Est","s":"25N-H58NV20S-80-S"},{"r":"52","t":"08:34:00","h":"Ouest","s":"25S-H58S000S-80-S"},{"r":"52","t":"08:34:00","h":"Est","s":"25S-H58S000S-80-S"},{"r":"135","t":"08:35:59","h":"Sud","s":"25N-H58N000S-80-S"},{"r":"135","t":"08:35:59","h":"Sud","s":"25N-H58NV10S-80-S"},{"r":"135","t":"08:35:59","h":"Sud","s":"25N-H58NV20S-80-S"},{"r":"135","t":"08:35:59","h":"Sud","s":"25S-H58S000S-80-S"},{"r":"52","t":"08:59:00","h":"Ouest","s":"25N-H58N000S-80-S"},{"r":"52","t":"08:59:00","h":"Est","s":"25N-H58N000S-80-S"},{"r":"52","t":"08:59:00","h":"Ouest","s":"25N-H58NV10S-80-S"},{"r":"52","t":"08:59:00","h":"Est","s":"25N-H58NV10S-80-S"},{"r":"52","t":"08:59:00","h":"Ouest","s":"25N-H58NV20S-80-S"},{"r":"52","t":"08:59:00","h":"Est","s":"25N-H58NV20S-80-S"},{"r":"52","t":"08:59:00","h":"Ouest","s":"25S-H58S000S-80-S"},{"r":"52","t":"08:59:00","h":"Est","s":"25S-H58S000S-80-S"},{"r":"135","t":"09:06:59","h":"Sud","s":"25N-H58N000S-80-S"},{"r":"135","t":"09:06:59","h":"Sud","s":"25N-H58NV10S-80-S"},{"r":"135","t":"09:06:59","h":"Sud","s":"25N-H58NV20S-80-S"},{"r":"135","t":"09:06:59","h":"Sud","s":"25S-H58S000S-80-S"},{"r":"135","t":"09:44:59","h":"Sud","s":"25N-H58N000S-80-S"},{"r":"135","t":"09:44:59","h":"Sud","s":"25N-H58NV10S-80-S"},{"r":"135","t":"09:44:59","h":"Sud","s":"25N-H58NV20S-80-S"},{"r":"135","t":"09:44:59","h":"Sud","s":"25S-H58S000S-80-S"},{"r":"135","t":"14:11:36","h":"Nord","s":"25N-H54N000S-80-S"},{"r":"135","t":"14:11:36","h":"Nord","s":"25N-H54NV10S-82-S"},{"r":"135","t":"14:11:36","h":"Nord","s":"25N-H54NV20S-80-S"},{"r":"135","t":"14:11:36","h":"Nord","s":"25S-H54S000S-82-S"},{"r":"135","t":"14:37:36","h":"Nord","s":"25N-H55N000S-80-S"},{"r":"135","t":"14:37:36","h":"Nord","s":"25N-H55N000S-82-S"},{"r":"135","t":"14:37:36","h":"Nord","s":"25N-H55NV10S-85-S"},{"r":"135","t":"14:37:36","h":"Nord","s":"25N-H55NV20S-81-S"},{"r":"135","t":"14:37:36","h":"Nord","s":"25S-H55S000S-82-S"},{"r":"135","t":"15:14:56","h":"Nord","s":"25N-H58N000S-80-S"},{"r":"135","t":"15:14:56","h":"Nord","s":"25N-H58NV10S-80-S"},{"r":"135","t":"15:14:56","h":"Nord","s":"25N-H58NV20S-80-S"},{"r":"135","t":"15:14:56","h":"Nord","s":"25S-H58S000S-80-S"},{"r":"52","t":"15:25:00","h":"Ouest","s":"25N-H58N000S-80-S"},{"r":"52","t":"15:25:00","h":"Est","s":"25N-H58N000S-80-S"},{"r":"52","t":"15:25:00","h":"Ouest","s":"25N-H58NV10S-80-S"},{"r":"52","t":"15:25:00","h":"Est","s":"25N-H58NV10S-80-S"},{"r":"52","t":"15:25:00","h":"Ouest","s":"25N-H58NV20S-80-S"},{"r":"52","t":"15:25:00","h":"Est","s":"25N-H58NV20S-80-S"},{"r":"52","t":"15:25:00","h":"Ouest","s":"25S-H58S000S-80-S"},{"r":"52","t":"15:25:00","h":"Est","s":"25S-H58S000S-80-S"},{"r":"135","t":"15:54:56","h":"Nord","s":"25N-H50N000S-80-S"},{"r":"135","t":"15:54:56","h":"Nord","s":"25N-H50N000S-90-S"},{"r":"135","t":"15:54:56","h":"Nord","s":"25N-H50NV10S-90-S"},{"r":"135","t":"15:54:56","h":"Nord","s":"25N-H50NV20S-90-S"},{"r":"135","t":"15:54:56","h":"Nord","s":"25S-H50S000S-81-S"},{"r":"52","t":"15:55:00","h":"Ouest","s":"25N-H58N000S-80-S"},{"r":"52","t":"15:55:00","h":"Est","s":"25N-H58N000S-80-S"},{"r":"52","t":"15:55:00","h":"Ouest","s":"25N-H58NV10S-80-S"},{"r":"52","t":"15:55:00","h":"Est","s":"25N-H58NV10S-80-S"},{"r":"52","t":"15:55:00","h":"Ouest","s":"25N-H58NV20S-80-S"},{"r":"52","t":"15:55:00","h":"Est","s":"25N-H58NV20S-80-S"},{"r":"52","t":"15:55:00","h":"Ouest","s":"25S-H58S000S-80-S"},{"r":"52","t":"15:55:00","h":"Est","s":"25S-H58S000S-80-S"},{"r":"135","t":"16:03:56","h":"Nord","s":"25N-H58N000S-80-S"},{"r":"135","t":"16:03:56","h":"Nord","s":"25N-H58NV10S-80-S"},{"r":"135","t":"16:03:56","h":"Nord","s":"25N-H58NV20S-80-S"},{"r":"135","t":"16:03:56","h":"Nord","s":"25S-H58S000S-80-S"},{"r":"52","t":"16:22:00","h":"Ouest","s":"25N-H58N000S-80-S"},{"r":"52","t":"16:22:00","h":"Est","s":"25N-H58N000S-80-S"},{"r":"52","t":"16:22:00","h":"Ouest","s":"25N-H58NV10S-80-S"},{"r":"52","t":"16:22:00","h":"Est","s":"25N-H58NV10S-80-S"},{"r":"52","t":"16:22:00","h":"Ouest","s":"25N-H58NV20S-80-S"},{"r":"52","t":"16:22:00","h":"Est","s":"25N-H58NV20S-80-S"},{"r":"52","t":"16:22:00","h":"Ouest","s":"25S-H58S000S-80-S"},{"r":"52","t":"16:22:00","h":"Est","s":"25S-H58S000S-80-S"},{"r":"135","t":"16:29:56","h":"Nord","s":"25N-H60N000S-80-S"},{"r":"135","t":"16:29:56","h":"Nord","s":"25N-H60N000S-98-S"},{"r":"135","t":"16:29:56","h":"Nord","s":"25N-H60NV10S-98-S"},{"r":"135","t":"16:29:56","h":"Nord","s":"25N-H60NV20S-98-S"},{"r":"135","t":"16:29:56","h":"Nord","s":"25S-H60S000S-80-S"},{"r":"52","t":"16:53:00","h":"Ouest","s":"25N-H58N000S-80-S"},{"r":"52","t":"16:53:00","h":"Est","s":"25N-H58N000S-80-S"},{"r":"52","t":"16:53:00","h":"Ouest","s":"25N-H58NV10S-80-S"},{"r":"52","t":"16:53:00","h":"Est","s":"25N-H58NV10S-80-S"},{"r":"52","t":"16:53:00","h":"Ouest","s":"25N-H58NV20S-80-S"},{"r":"52","t":"16:53:00","h":"Est","s":"25N-H58NV20S-80-S"},{"r":"52","t":"16:53:00","h":"Ouest","s":"25S-H58S000S-80-S"},{"r":"52","t":"16:53:00","h":"Est","s":"25S-H58S000S-80-S"},{"r":"135","t":"17:12:56","h":"Nord","s":"25N-H58N000S-80-S"},{"r":"135","t":"17:12:56","h":"Nord","s":"25N-H58NV10S-80-S"},{"r":"135","t":"17:12:56","h":"Nord","s":"25N-H58NV20S-80-S"},{"r":"135","t":"17:12:56","h":"Nord","s":"25S-H58S000S-80-S"},{"r":"52","t":"17:24:00","h":"Ouest","s":"25N-H58N000S-80-S"},{"r":"52","t":"17:24:00","h":"Est","s":"25N-H58N000S-80-S"},{"r":"52","t":"17:24:00","h":"Ouest","s":"25N-H58NV10S-80-S"},{"r":"52","t":"17:24:00","h":"Est","s":"25N-H58NV10S-80-S"},{"r":"52","t":"17:24:00","h":"Ouest","s":"25N-H58NV20S-80-S"},{"r":"52","t":"17:24:00","h":"Est","s":"25N-H58NV20S-80-S"},{"r":"52","t":"17:24:00","h":"Ouest","s":"25S-H58S000S-80-S"},{"r":"52","t":"17:24:00","h":"Est","s":"25S-H58S000S-80-S"},{"r":"52","t":"17:53:00","h":"Ouest","s":"25N-H58N000S-80-S"},{"r":"52","t":"17:53:00","h":"Est","s":"25N-H58N000S-80-S"},{"r":"52","t":"17:53:00","h":"Ouest","s":"25N-H58NV10S-80-S"},{"r":"52","t":"17:53:00","h":"Est","s":"25N-H58NV10S-80-S"},{"r":"52","t":"17:53:00","h":"Ouest","s":"25N-H58NV20S-80-S"},{"r":"52","t":"17:53:00","h":"Est","s":"25N-H58NV20S-80-S"},{"r":"52","t":"17:53:00","h":"Ouest","s":"25S-H58S000S-80-S"},{"r":"52","t":"17:53:00","h":"Est","s":"25S-H58S000S-80-S"},{"r":"135","t":"17:54:36","h":"Nord","s":"25N-H58N000S-80-S"},{"r":"135","t":"17:54:36","h":"Nord","s":"25N-H58NV10S-80-S"},{"r":"135","t":"17:54:36","h":"Nord","s":"25N-H58NV20S-80-S"},{"r":"135","t":"17:54:36","h":"Nord","s":"25S-H58S000S-80-S"}]