[{"r":"161","t":"05:07:08","h":"Est","s":"25N-H55N000I-80-I"},{"r":"161","t":"05:07:08","h":"Est","s":"25N-H55N100F-80-F1"},{"r":"161","t":"05:07:08","h":"Est","s":"25N-H55N200F-80-F2"},{"r":"161","t":"05:07:08","h":"Est","s":"25N-H55N300F-80-F3"},{"r":"161","t":"05:07:08","h":"Est","s":"25N-H55N400F-80-F4"},{"r":"161","t":"05:07:08","h":"Est","s":"25N-H55NV10I-80-I"},{"r":"161","t":"05:07:08","h":"Est","s":"25N-H55NV20I-80-I"},{"r":"161","t":"05:07:08","h":"Est","s":"25S-H55S000I-80-I"},{"r":"161","t":"05:07:08","h":"Est","s":"25S-H55S100F-80-F1"},{"r":"161","t":"05:07:08","h":"Est","s":"25S-H55S200F-80-F2"},{"r":"161","t":"05:07:21","h":"Est","s":"25N-H55N000A-80-A"},{"r":"161","t":"05:07:21","h":"Est","s":"25N-H55NV10A-80-A"},{"r":"161","t":"05:07:21","h":"Est","s":"25N-H55NV20A-80-A"},{"r":"161","t":"05:07:21","h":"Est","s":"25S-H55S000A-80-A"},{"r":"161","t":"05:09:08","h":"Est","s":"25N-H55N000S-80-S"},{"r":"161","t":"05:09:08","h":"Est","s":"25N-H55N000S-82-S"},{"r":"161","t":"05:09:08","h":"Est","s":"25N-H55NV10S-85-S"},{"r":"161","t":"05:09:08","h":"Est","s":"25N-H55NV20S-81-S"},{"r":"161","t":"05:09:08","h":"Est","s":"25S-H55S000S-82-S"},{"r":"161","t":"05:31:08","h":"Est","s":"25N-H55N000S-80-S"},{"r":"161","t":"05:31:08","h":"Est","s":"25N-H55N000S-82-S"},{"r":"161","t":"05:31:08","h":"Est","s":"25N-H55NV10S-85-S"},{"r":"161","t":"05:31:08","h":"Est","s":"25N-H55NV20S-81-S"},{"r":"161","t":"05:31:08","h":"Est","s":"25S-H55S000S-82-S"},{"r":"161","t":"05:40:08","h":"Est","s":"25N-H55N000I-80-I"},{"r":"161","t":"05:40:08","h":"Est","s":"25N-H55N100F-80-F1"},{"r":"161","t":"05:40:08","h":"Est","s":"25N-H55N200F-80-F2"},{"r":"161","t":"05:40:08","h":"Est","s":"25N-H55N300F-80-F3"},{"r":"161","t":"05:40:08","h":"Est","s":"25N-H55N400F-80-F4"},{"r":"161","t":"05:40:08","h":"Est","s":"25N-H55NV10I-80-I"},{"r":"161","t":"05:40:08","h":"Est","s":"25N-H55NV20I-80-I"},{"r":"161","t":"05:40:08","h":"Est","s":"25S-H55S000I-80-I"},{"r":"161","t":"05:40:08","h":"Est","s":"25S-H55S100F-80-F1"},{"r":"161","t":"05:40:08","h":"Est","s":"25S-H55S200F-80-F2"},{"r":"161","t":"05:40:21","h":"Est","s":"25N-H55N000A-80-A"},{"r":"161","t":"05:40:21","h":"Est","s":"25N-H55NV10A-80-A"},{"r":"161","t":"05:40:21","h":"Est","s":"25N-H55NV20A-80-A"},{"r":"161","t":"05:40:21","h":"Est","s":"25S-H55S000A-80-A"},{"r":"161","t":"05:53:08","h":"Est","s":"25N-H55N000S-80-S"},{"r":"161","t":"05:53:08","h":"Est","s":"25N-H55N000S-82-S"},{"r":"161","t":"05:53:08","h":"Est","s":"25N-H55NV10S-85-S"},{"r":"161","t":"05:53:08","h":"Est","s":"25N-H55NV20S-81-S"},{"r":"161","t":"05:53:08","h":"Est","s":"25S-H55S000S-82-S"},{"r":"161","t":"06:12:08","h":"Est","s":"25N-H55N000I-80-I"},{"r":"161","t":"06:12:08","h":"Est","s":"25N-H55N100F-80-F1"},{"r":"161","t":"06:12:08","h":"Est","s":"25N-H55N200F-80-F2"},{"r":"161","t":"06:12:08","h":"Est","s":"25N-H55N300F-80-F3"},{"r":"161","t":"06:12:08","h":"Est","s":"25N-H55N400F-80-F4"},{"r":"161","t":"06:12:08","h":"Est","s":"25N-H55NV10I-80-I"},{"r":"161","t":"06:12:08","h":"Est","s":"25N-H55NV20I-80-I"},{"r":"161","t":"06:12:08","h":"Est","s":"25S-H55S000I-80-I"},{"r":"161","t":"06:12:08","h":"Est","s":"25S-H55S100F-80-F1"},{"r":"161","t":"06:12:08","h":"Est","s":"25S-H55S200F-80-F2"},{"r":"161","t":"06:13:21","h":"Est","s":"25N-H55N000A-80-A"},{"r":"161","t":"06:13:21","h":"Est","s":"25N-H55NV10A-80-A"},{"r":"161","t":"06:13:21","h":"Est","s":"25N-H55NV20A-80-A"},{"r":"161","t":"06:13:21","h":"Est","s":"25S-H55S000A-80-A"},{"r":"161","t":"06:15:08","h":"Est","s":"25N-H55N000S-80-S"},{"r":"161","t":"06:15:08","h":"Est","s":"25N-H55N000S-82-S"},{"r":"161","t":"06:15:08","h":"Est","s":"25N-H55NV10S-85-S"},{"r":"161","t":"06:15:08","h":"Est","s":"25N-H55NV20S-81-S"},{"r":"161","t":"06:15:08","h":"Est","s":"25S-H55S000S-82-S"},{"r":"161","t":"06:37:08","h":"Est","s":"25N-H55N000S-80-S"},{"r":"161","t":"06:37:08","h":"Est","s":"25N-H55N000S-82-S"},{"r":"161","t":"06:37:08","h":"Est","s":"25N-H55NV10S-85-S"},{"r":"161","t":"06:37:08","h":"Est","s":"25N-H55NV20S-81-S"},{"r":"161","t":"06:37:08","h":"Est","s":"25S-H55S000S-82-S"},{"r":"161","t":"06:43:21","h":"Est","s":"25N-H55N000A-80-A"},{"r":"161","t":"06:43:21","h":"Est","s":"25N-H55NV10A-80-A"},{"r":"161","t":"06:43:21","h":"Est","s":"25N-H55NV20A-80-A"},{"r":"161","t":"06:43:21","h":"Est","s":"25S-H55S000A-80-A"},{"r":"161","t":"06:44:08","h":"Est","s":"25N-H55N000I-80-I"},{"r":"161","t":"06:44:08","h":"Est","s":"25N-H55N100F-80-F1"},{"r":"161","t":"06:44:08","h":"Est","s":"25N-H55N200F-80-F2"},{"r":"161","t":"06:44:08","h":"Est","s":"25N-H55N300F-80-F3"},{"r":"161","t":"06:44:08","h":"Est","s":"25N-H55N400F-80-F4"},{"r":"161","t":"06:44:08","h":"Est","s":"25N-H55NV10I-80-I"},{"r":"161","t":"06:44:08","h":"Est","s":"25N-H55NV20I-80-I"},{"r":"161","t":"06:44:08","h":"Est","s":"25S-H55S000I-80-I"},{"r":"161","t":"06:44:08","h":"Est","s":"25S-H55S100F-80-F1"},{"r":"161","t":"06:44:08","h":"Est","s":"25S-H55S200F-80-F2"},{"r":"161","t":"06:48:55","h":"Est","s":"25N-H55N000S-80-S"},{"r":"161","t":"06:48:55","h":"Est","s":"25N-H55N000S-82-S"},{"r":"161","t":"06:48:55","h":"Est","s":"25N-H55NV10S-85-S"},{"r":"161","t":"06:48:55","h":"Est","s":"25N-H55NV20S-81-S"},{"r":"161","t":"06:48:55","h":"Est","s":"25S-H55S000S-82-S"},{"r":"161","t":"06:59:55","h":"Est","s":"25N-H59N000S-80-S"},{"r":"161","t":"06:59:55","h":"Est","s":"25N-H59NV10S-84-S"},{"r":"161","t":"06:59:55","h":"Est","s":"25N-H59NV20S-80-S"},{"r":"161","t":"06:59:55","h":"Est","s":"25S-H59S000S-81-S"},{"r":"161","t":"07:07:55","h":"Est","s":"25N-H55N000S-80-S"},{"r":"161","t":"07:07:55","h":"Est","s":"25N-H55N000S-82-S"},{"r":"161","t":"07:07:55","h":"Est","s":"25N-H55NV10S-85-S"},{"r":"161","t":"07:07:55","h":"Est","s":"25N-H55NV20S-81-S"},{"r":"161","t":"07:07:55","h":"Est","s":"25S-H55S000S-82-S"},{"r":"161","t":"07:10:21","h":"Est","s":"25N-H55N000A-80-A"},{"r":"161","t":"07:10:21","h":"Est","s":"25N-H55NV10A-80-A"},{"r":"161","t":"07:10:21","h":"Est","s":"25N-H55NV20A-80-A"},{"r":"161","t":"07:10:21","h":"Est","s":"25S-H55S000A-80-A"},{"r":"161","t":"07:14:08","h":"Est","s":"25N-H55N000I-80-I"},{"r":"161","t":"07:14:08","h":"Est","s":"25N-H55N100F-80-F1"},{"r":"161","t":"07:14:08","h":"Est","s":"25N-H55N200F-80-F2"},{"r":"161","t":"07:14:08","h":"Est","s":"25N-H55N300F-80-F3"},{"r":"161","t":"07:14:08","h":"Est","s":"25N-H55N400F-80-F4"},{"r":"161","t":"07:14:08","h":"Est","s":"25N-H55NV10I-80-I"},{"r":"161","t":"07:14:08","h":"Est","s":"25N-H55NV20I-80-I"},{"r":"161","t":"07:14:08","h":"Est","s":"25S-H55S000I-80-I"},{"r":"161","t":"07:14:08","h":"Est","s":"25S-H55S100F-80-F1"},{"r":"161","t":"07:14:08","h":"Est","s":"25S-H55S200F-80-F2"},{"r":"161","t":"07:14:55","h":"Est","s":"25N-H55N000S-80-S"},{"r":"161","t":"07:14:55","h":"Est","s":"25N-H55N000S-82-S"},{"r":"161","t":"07:14:55","h":"Est","s":"25N-H55NV10S-85-S"},{"r":"161","t":"07:14:55","h":"Est","s":"25N-H55NV20S-81-S"},{"r":"161","t":"07:14:55","h":"Est","s":"25S-H55S000S-82-S"},{"r":"161","t":"07:23:43","h":"Est","s":"25N-H55N000S-80-S"},{"r":"161","t":"07:23:43","h":"Est","s":"25N-H55N000S-82-S"},{"r":"161","t":"07:23:43","h":"Est","s":"25N-H55NV10S-85-S"},{"r":"161","t":"07:23:43","h":"Est","s":"25N-H55NV20S-81-S"},{"r":"161","t":"07:23:43","h":"Est","s":"25S-H55S000S-82-S"},{"r":"161","t":"07:32:43","h":"Est","s":"25N-H55N000S-80-S"},{"r":"161","t":"07:32:43","h":"Est","s":"25N-H55N000S-82-S"},{"r":"161","t":"07:32:43","h":"Est","s":"25N-H55NV10S-85-S"},{"r":"161","t":"07:32:43","h":"Est","s":"25N-H55NV20S-81-S"},{"r":"161","t":"07:32:43","h":"Est","s":"25S-H55S000S-82-S"},{"r":"161","t":"07:36:21","h":"Est","s":"25N-H55N000A-80-A"},{"r":"161","t":"07:36:21","h":"Est","s":"25N-H55NV10A-80-A"},{"r":"161","t":"07:36:21","h":"Est","s":"25N-H55NV20A-80-A"},{"r":"161","t":"07:36:21","h":"Est","s":"25S-H55S000A-80-A"},{"r":"161","t":"07:39:43","h":"Est","s":"25N-H55N000S-80-S"},{"r":"161","t":"07:39:43","h":"Est","s":"25N-H55N000S-82-S"},{"r":"161","t":"07:39:43","h":"Est","s":"25N-H55NV10S-85-S"},{"r":"161","t":"07:39:43","h":"Est","s":"25N-H55NV20S-81-S"},{"r":"161","t":"07:39:43","h":"Est","s":"25S-H55S000S-82-S"},{"r":"161","t":"07:45:08","h":"Est","s":"25N-H55N000I-80-I"},{"r":"161","t":"07:45:08","h":"Est","s":"25N-H55N100F-80-F1"},{"r":"161","t":"07:45:08","h":"Est","s":"25N-H55N200F-80-F2"},{"r":"161","t":"07:45:08","h":"Est","s":"25N-H55N300F-80-F3"},{"r":"161","t":"07:45:08","h":"Est","s":"25N-H55N400F-80-F4"},{"r":"161","t":"07:45:08","h":"Est","s":"25N-H55NV10I-80-I"},{"r":"161","t":"07:45:08","h":"Est","s":"25N-H55NV20I-80-I"},{"r":"161","t":"07:45:08","h":"Est","s":"25S-H55S000I-80-I"},{"r":"161","t":"07:45:08","h":"Est","s":"25S-H55S100F-80-F1"},{"r":"161","t":"07:45:08","h":"Est","s":"25S-H55S200F-80-F2"},{"r":"161","t":"07:45:43","h":"Est","s":"25N-H55N000S-80-S"},{"r":"161","t":"07:45:43","h":"Est","s":"25N-H55N000S-82-S"},{"r":"161","t":"07:45:43","h":"Est","s":"25N-H55NV10S-85-S"},{"r":"161","t":"07:45:43","h":"Est","s":"25N-H55NV20S-81-S"},{"r":"161","t":"07:45:43","h":"Est","s":"25S-H55S000S-82-S"},{"r":"161","t":"07:53:30","h":"Est","s":"25N-H55N000S-80-S"},{"r":"161","t":"07:53:30","h":"Est","s":"25N-H55N000S-82-S"},{"r":"161","t":"07:53:30","h":"Est","s":"25N-H55NV10S-85-S"},{"r":"161","t":"07:53:30","h":"Est","s":"25N-H55NV20S-81-S"},{"r":"161","t":"07:53:30","h":"Est","s":"25S-H55S000S-82-S"},{"r":"161","t":"08:02:30","h":"Est","s":"25N-H57N000S-80-S"},{"r":"161","t":"08:02:30","h":"Est","s":"25N-H57NV10S-84-S"},{"r":"161","t":"08:02:30","h":"Est","s":"25N-H57NV20S-80-S"},{"r":"161","t":"08:02:30","h":"Est","s":"25S-H57S000S-82-S"},{"r":"161","t":"08:04:08","h":"Est","s":"25N-H55N000A-80-A"},{"r":"161","t":"08:04:08","h":"Est","s":"25N-H55NV10A-80-A"},{"r":"161","t":"08:04:08","h":"Est","s":"25N-H55NV20A-80-A"},{"r":"161","t":"08:04:08","h":"Est","s":"25S-H55S000A-80-A"},{"r":"161","t":"08:09:30","h":"Est","s":"25N-H55N000S-80-S"},{"r":"161","t":"08:09:30","h":"Est","s":"25N-H55N000S-82-S"},{"r":"161","t":"08:09:30","h":"Est","s":"25N-H55NV10S-85-S"},{"r":"161","t":"08:09:30","h":"Est","s":"25N-H55NV20S-81-S"},{"r":"161","t":"08:09:30","h":"Est","s":"25S-H55S000S-82-S"},{"r":"161","t":"08:14:08","h":"Est","s":"25N-H55N000I-80-I"},{"r":"161","t":"08:14:08","h":"Est","s":"25N-H55N100F-80-F1"},{"r":"161","t":"08:14:08","h":"Est","s":"25N-H55N200F-80-F2"},{"r":"161","t":"08:14:08","h":"Est","s":"25N-H55N300F-80-F3"},{"r":"161","t":"08:14:08","h":"Est","s":"25N-H55N400F-80-F4"},{"r":"161","t":"08:14:08","h":"Est","s":"25N-H55NV10I-80-I"},{"r":"161","t":"08:14:08","h":"Est","s":"25N-H55NV20I-80-I"},{"r":"161","t":"08:14:08","h":"Est","s":"25S-H55S000I-80-I"},{"r":"161","t":"08:14:08","h":"Est","s":"25S-H55S100F-80-F1"},{"r":"161","t":"08:14:08","h":"Est","s":"25S-H55S200F-80-F2"},{"r":"161","t":"08:14:30","h":"Est","s":"25N-H55N000S-80-S"},{"r":"161","t":"08:14:30","h":"Est","s":"25N-H55N000S-82-S"},{"r":"161","t":"08:14:30","h":"Est","s":"25N-H55NV10S-85-S"},{"r":"161","t":"08:14:30","h":"Est","s":"25N-H55NV20S-81-S"},{"r":"161","t":"08:14:30","h":"Est","s":"25S-H55S000S-82-S"},{"r":"161","t":"08:19:30","h":"Est","s":"25N-H55N000S-80-S"},{"r":"161","t":"08:19:30","h":"Est","s":"25N-H55N000S-82-S"},{"r":"161","t":"08:19:30","h":"Est","s":"25N-H55NV10S-85-S"},{"r":"161","t":"08:19:30","h":"Est","s":"25N-H55NV20S-81-S"},{"r":"161","t":"08:19:30","h":"Est","s":"25S-H55S000S-82-S"},{"r":"161","t":"08:24:30","h":"Est","s":"25N-H55N000S-80-S"},{"r":"161","t":"08:24:30","h":"Est","s":"25N-H55N000S-82-S"},{"r":"161","t":"08:24:30","h":"Est","s":"25N-H55NV10S-85-S"},{"r":"161","t":"08:24:30","h":"Est","s":"25N-H55NV20S-81-S"},{"r":"161","t":"08:24:30","h":"Est","s":"25S-H55S000S-82-S"},{"r":"161","t":"08:29:30","h":"Est","s":"25N-H55N000S-80-S"},{"r":"161","t":"08:29:30","h":"Est","s":"25N-H55N000S-82-S"},{"r":"161","t":"08:29:30","h":"Est","s":"25N-H55NV10S-85-S"},{"r":"161","t":"08:29:30","h":"Est","s":"25N-H55NV20S-81-S"},{"r":"161","t":"08:29:30","h":"Est","s":"25S-H55S000S-82-S"},{"r":"161","t":"08:30:08","h":"Est","s":"25N-H55N000A-80-A"},{"r":"161","t":"08:30:08","h":"Est","s":"25N-H55NV10A-80-A"},{"r":"161","t":"08:30:08","h":"Est","s":"25N-H55NV20A-80-A"},{"r":"161","t":"08:30:08","h":"Est","s":"25S-H55S000A-80-A"},{"r":"161","t":"08:34:30","h":"Est","s":"25N-H55N000S-80-S"},{"r":"161","t":"08:34:30","h":"Est","s":"25N-H55N000S-82-S"},{"r":"161","t":"08:34:30","h":"Est","s":"25N-H55NV10S-85-S"},{"r":"161","t":"08:34:30","h":"Est","s":"25N-H55NV20S-81-S"},{"r":"161","t":"08:34:30","h":"Est","s":"25S-H55S000S-82-S"},{"r":"161","t":"08:38:30","h":"Est","s":"25N-H55N000S-80-S"},{"r":"161","t":"08:38:30","h":"Est","s":"25N-H55N000S-82-S"},{"r":"161","t":"08:38:30","h":"Est","s":"25N-H55NV10S-85-S"},{"r":"161","t":"08:38:30","h":"Est","s":"25N-H55NV20S-81-S"},{"r":"161","t":"08:38:30","h":"Est","s":"25S-H55S000S-82-S"},{"r":"161","t":"08:39:55","h":"Est","s":"25N-H55N000I-80-I"},{"r":"161","t":"08:39:55","h":"Est","s":"25N-H55N100F-80-F1"},{"r":"161","t":"08:39:55","h":"Est","s":"25N-H55N200F-80-F2"},{"r":"161","t":"08:39:55","h":"Est","s":"25N-H55N300F-80-F3"},{"r":"161","t":"08:39:55","h":"Est","s":"25N-H55N400F-80-F4"},{"r":"161","t":"08:39:55","h":"Est","s":"25N-H55NV10I-80-I"},{"r":"161","t":"08:39:55","h":"Est","s":"25N-H55NV20I-80-I"},{"r":"161","t":"08:39:55","h":"Est","s":"25S-H55S000I-80-I"},{"r":"161","t":"08:39:55","h":"Est","s":"25S-H55S100F-80-F1"},{"r":"161","t":"08:39:55","h":"Est","s":"25S-H55S200F-80-F2"},{"r":"161","t":"08:44:30","h":"Est","s":"25N-H55N000S-80-S"},{"r":"161","t":"08:44:30","h":"Est","s":"25N-H55N000S-82-S"},{"r":"161","t":"08:44:30","h":"Est","s":"25N-H55NV10S-85-S"},{"r":"161","t":"08:44:30","h":"Est","s":"25N-H55NV20S-81-S"},{"r":"161","t":"08:44:30","h":"Est","s":"25S-H55S000S-82-S"},{"r":"161","t":"08:52:08","h":"Est","s":"25N-H55N000A-80-A"},{"r":"161","t":"08:52:08","h":"Est","s":"25N-H55NV10A-80-A"},{"r":"161","t":"08:52:08","h":"Est","s":"25N-H55NV20A-80-A"},{"r":"161","t":"08:52:08","h":"Est","s":"25S-H55S000A-80-A"},{"r":"161","t":"08:53:30","h":"Est","s":"25N-H55N000S-80-S"},{"r":"161","t":"08:53:30","h":"Est","s":"25N-H55N000S-82-S"},{"r":"161","t":"08:53:30","h":"Est","s":"25N-H55NV10S-85-S"},{"r":"161","t":"08:53:30","h":"Est","s":"25N-H55NV20S-81-S"},{"r":"161","t":"08:53:30","h":"Est","s":"25S-H55S000S-82-S"},{"r":"161","t":"09:03:30","h":"Est","s":"25N-H55N000S-80-S"},{"r":"161","t":"09:03:30","h":"Est","s":"25N-H55N000S-82-S"},{"r":"161","t":"09:03:30","h":"Est","s":"25N-H55NV10S-85-S"},{"r":"161","t":"09:03:30","h":"Est","s":"25N-H55NV20S-81-S"},{"r":"161","t":"09:03:30","h":"Est","s":"25S-H55S000S-82-S"},{"r":"161","t":"09:04:55","h":"Est","s":"25N-H55N000I-80-I"},{"r":"161","t":"09:04:55","h":"Est","s":"25N-H55N100F-80-F1"},{"r":"161","t":"09:04:55","h":"Est","s":"25N-H55N200F-80-F2"},{"r":"161","t":"09:04:55","h":"Est","s":"25N-H55N300F-80-F3"},{"r":"161","t":"09:04:55","h":"Est","s":"25N-H55N400F-80-F4"},{"r":"161","t":"09:04:55","h":"Est","s":"25N-H55NV10I-80-I"},{"r":"161","t":"09:04:55","h":"Est","s":"25N-H55NV20I-80-I"},{"r":"161","t":"09:04:55","h":"Est","s":"25S-H55S000I-80-I"},{"r":"161","t":"09:04:55","h":"Est","s":"25S-H55S100F-80-F1"},{"r":"161","t":"09:04:55","h":"Est","s":"25S-H55S200F-80-F2"},{"r":"161","t":"09:12:08","h":"Est","s":"25N-H55N000A-80-A"},{"r":"161","t":"09:12:08","h":"Est","s":"25N-H55NV10A-80-A"},{"r":"161","t":"09:12:08","h":"Est","s":"25N-H55NV20A-80-A"},{"r":"161","t":"09:12:08","h":"Est","s":"25S-H55S000A-80-A"},{"r":"161","t":"09:12:30","h":"Est","s":"25N-H55N000S-80-S"},{"r":"161","t":"09:12:30","h":"Est","s":"25N-H55N000S-82-S"},{"r":"161","t":"09:12:30","h":"Est","s":"25N-H55NV10S-85-S"},{"r":"161","t":"09:12:30","h":"Est","s":"25N-H55NV20S-81-S"},{"r":"161","t":"09:12:30","h":"Est","s":"25S-H55S000S-82-S"},{"r":"161","t":"09:20:55","h":"Est","s":"25N-H55N000S-80-S"},{"r":"161","t":"09:20:55","h":"Est","s":"25N-H55N000S-82-S"},{"r":"161","t":"09:20:55","h":"Est","s":"25N-H55NV10S-85-S"},{"r":"161","t":"09:20:55","h":"Est","s":"25N-H55NV20S-81-S"},{"r":"161","t":"09:20:55","h":"Est","s":"25S-H55S000S-82-S"},{"r":"161","t":"09:29:55","h":"Est","s":"25N-H55N000I-80-I"},{"r":"161","t":"09:29:55","h":"Est","s":"25N-H55N000S-80-S"},{"r":"161","t":"09:29:55","h":"Est","s":"25N-H55N000S-82-S"},{"r":"161","t":"09:29:55","h":"Est","s":"25N-H55N100F-80-F1"},{"r":"161","t":"09:29:55","h":"Est","s":"25N-H55N200F-80-F2"},{"r":"161","t":"09:29:55","h":"Est","s":"25N-H55N300F-80-F3"},{"r":"161","t":"09:29:55","h":"Est","s":"25N-H55N400F-80-F4"},{"r":"161","t":"09:29:55","h":"Est","s":"25N-H55NV10I-80-I"},{"r":"161","t":"09:29:55","h":"Est","s":"25N-H55NV10S-85-S"},{"r":"161","t":"09:29:55","h":"Est","s":"25N-H55NV20I-80-I"},{"r":"161","t":"09:29:55","h":"Est","s":"25N-H55NV20S-81-S"},{"r":"161","t":"09:29:55","h":"Est","s":"25S-H55S000I-80-I"},{"r":"161","t":"09:29:55","h":"Est","s":"25S-H55S000S-82-S"},{"r":"161","t":"09:29:55","h":"Est","s":"25S-H55S100F-80-F1"},{"r":"161","t":"09:29:55","h":"Est","s":"25S-H55S200F-80-F2"},{"r":"161","t":"09:32:08","h":"Est","s":"25N-H55N000A-80-A"},{"r":"161","t":"09:32:08","h":"Est","s":"25N-H55NV10A-80-A"},{"r":"161","t":"09:32:08","h":"Est","s":"25N-H55NV20A-80-A"},{"r":"161","t":"09:32:08","h":"Est","s":"25S-H55S000A-80-A"},{"r":"161","t":"09:39:55","h":"Est","s":"25N-H55N000S-80-S"},{"r":"161","t":"09:39:55","h":"Est","s":"25N-H55N000S-82-S"},{"r":"161","t":"09:39:55","h":"Est","s":"25N-H55NV10S-85-S"},{"r":"161","t":"09:39:55","h":"Est","s":"25N-H55NV20S-81-S"},{"r":"161","t":"09:39:55","h":"Est","s":"25S-H55S000S-82-S"},{"r":"161","t":"09:49:55","h":"Est","s":"25N-H55N000S-80-S"},{"r":"161","t":"09:49:55","h":"Est","s":"25N-H55N000S-82-S"},{"r":"161","t":"09:49:55","h":"Est","s":"25N-H55NV10S-85-S"},{"r":"161","t":"09:49:55","h":"Est","s":"25N-H55NV20S-81-S"},{"r":"161","t":"09:49:55","h":"Est","s":"25S-H55S000S-82-S"},{"r":"161","t":"09:52:08","h":"Est","s":"25N-H55N000A-80-A"},{"r":"161","t":"09:52:08","h":"Est","s":"25N-H55NV10A-80-A"},{"r":"161","t":"09:52:08","h":"Est","s":"25N-H55NV20A-80-A"},{"r":"161","t":"09:52:08","h":"Est","s":"25S-H55S000A-80-A"},{"r":"161","t":"09:53:55","h":"Est","s":"25N-H55N000I-80-I"},{"r":"161","t":"09:53:55","h":"Est","s":"25N-H55N100F-80-F1"},{"r":"161","t":"09:53:55","h":"Est","s":"25N-H55N200F-80-F2"},{"r":"161","t":"09:53:55","h":"Est","s":"25N-H55N300F-80-F3"},{"r":"161","t":"09:53:55","h":"Est","s":"25N-H55N400F-80-F4"},{"r":"161","t":"09:53:55","h":"Est","s":"25N-H55NV10I-80-I"},{"r":"161","t":"09:53:55","h":"Est","s":"25N-H55NV20I-80-I"},{"r":"161","t":"09:53:55","h":"Est","s":"25S-H55S000I-80-I"},{"r":"161","t":"09:53:55","h":"Est","s":"25S-H55S100F-80-F1"},{"r":"161","t":"09:53:55","h":"Est","s":"25S-H55S200F-80-F2"},{"r":"161","t":"10:02:55","h":"Est","s":"25N-H55N000S-80-S"},{"r":"161","t":"10:02:55","h":"Est","s":"25N-H55N000S-82-S"},{"r":"161","t":"10:02:55","h":"Est","s":"25N-H55NV10S-85-S"},{"r":"161","t":"10:02:55","h":"Est","s":"25N-H55NV20S-81-S"},{"r":"161","t":"10:02:55","h":"Est","s":"25S-H55S000S-82-S"},{"r":"161","t":"10:13:55","h":"Est","s":"25N-H55N000A-80-A"},{"r":"161","t":"10:13:55","h":"Est","s":"25N-H55NV10A-80-A"},{"r":"161","t":"10:13:55","h":"Est","s":"25N-H55NV20A-80-A"},{"r":"161","t":"10:13:55","h":"Est","s":"25S-H55S000A-80-A"},{"r":"161","t":"10:15:55","h":"Est","s":"25N-H55N000S-80-S"},{"r":"161","t":"10:15:55","h":"Est","s":"25N-H55N000S-82-S"},{"r":"161","t":"10:15:55","h":"Est","s":"25N-H55NV10S-85-S"},{"r":"161","t":"10:15:55","h":"Est","s":"25N-H55NV20S-81-S"},{"r":"161","t":"10:15:55","h":"Est","s":"25S-H55S000S-82-S"},{"r":"161","t":"10:17:55","h":"Est","s":"25N-H55N000I-80-I"},{"r":"161","t":"10:17:55","h":"Est","s":"25N-H55N100F-80-F1"},{"r":"161","t":"10:17:55","h":"Est","s":"25N-H55N200F-80-F2"},{"r":"161","t":"10:17:55","h":"Est","s":"25N-H55N300F-80-F3"},{"r":"161","t":"10:17:55","h":"Est","s":"25N-H55N400F-80-F4"},{"r":"161","t":"10:17:55","h":"Est","s":"25N-H55NV10I-80-I"},{"r":"161","t":"10:17:55","h":"Est","s":"25N-H55NV20I-80-I"},{"r":"161","t":"10:17:55","h":"Est","s":"25S-H55S000I-80-I"},{"r":"161","t":"10:17:55","h":"Est","s":"25S-H55S100F-80-F1"},{"r":"161","t":"10:17:55","h":"Est","s":"25S-H55S200F-80-F2"},{"r":"161","t":"10:30:55","h":"Est","s":"25N-H55N000S-80-S"},{"r":"161","t":"10:30:55","h":"Est","s":"25N-H55N000S-82-S"},{"r":"161","t":"10:30:55","h":"Est","s":"25N-H55NV10S-85-S"},{"r":"161","t":"10:30:55","h":"Est","s":"25N-H55NV20S-81-S"},{"r":"161","t":"10:30:55","h":"Est","s":"25S-H55S000S-82-S"},{"r":"161","t":"10:33:55","h":"Est","s":"25N-H55N000A-80-A"},{"r":"161","t":"10:33:55","h":"Est","s":"25N-H55NV10A-80-A"},{"r":"161","t":"10:33:55","h":"Est","s":"25N-H55NV20A-80-A"},{"r":"161","t":"10:33:55","h":"Est","s":"25S-H55S000A-80-A"},{"r":"161","t":"10:39:55","h":"Est","s":"25N-H55N000I-80-I"},{"r":"161","t":"10:39:55","h":"Est","s":"25N-H55N100F-80-F1"},{"r":"161","t":"10:39:55","h":"Est","s":"25N-H55N200F-80-F2"},{"r":"161","t":"10:39:55","h":"Est","s":"25N-H55N300F-80-F3"},{"r":"161","t":"10:39:55","h":"Est","s":"25N-H55N400F-80-F4"},{"r":"161","t":"10:39:55","h":"Est","s":"25N-H55NV10I-80-I"},{"r":"161","t":"10:39:55","h":"Est","s":"25N-H55NV20I-80-I"},{"r":"161","t":"10:39:55","h":"Est","s":"25S-H55S000I-80-I"},{"r":"161","t":"10:39:55","h":"Est","s":"25S-H55S100F-80-F1"},{"r":"161","t":"10:39:55","h":"Est","s":"25S-H55S200F-80-F2"},{"r":"161","t":"10:45:55","h":"Est","s":"25N-H55N000S-80-S"},{"r":"161","t":"10:45:55","h":"Est","s":"25N-H55N000S-82-S"},{"r":"161","t":"10:45:55","h":"Est","s":"25N-H55NV10S-85-S"},{"r":"161","t":"10:45:55","h":"Est","s":"25N-H55NV20S-81-S"},{"r":"161","t":"10:45:55","h":"Est","s":"25S-H55S000S-82-S"},{"r":"161","t":"10:52:55","h":"Est","s":"25N-H55N000A-80-A"},{"r":"161","t":"10:52:55","h":"Est","s":"25N-H55NV10A-80-A"},{"r":"161","t":"10:52:55","h":"Est","s":"25N-H55NV20A-80-A"},{"r":"161","t":"10:52:55","h":"Est","s":"25S-H55S000A-80-A"},{"r":"161","t":"10:58:43","h":"Est","s":"25N-H55N000I-80-I"},{"r":"161","t":"10:58:43","h":"Est","s":"25N-H55N100F-80-F1"},{"r":"161","t":"10:58:43","h":"Est","s":"25N-H55N200F-80-F2"},{"r":"161","t":"10:58:43","h":"Est","s":"25N-H55N300F-80-F3"},{"r":"161","t":"10:58:43","h":"Est","s":"25N-H55N400F-80-F4"},{"r":"161","t":"10:58:43","h":"Est","s":"25N-H55NV10I-80-I"},{"r":"161","t":"10:58:43","h":"Est","s":"25N-H55NV20I-80-I"},{"r":"161","t":"10:58:43","h":"Est","s":"25S-H55S000I-80-I"},{"r":"161","t":"10:58:43","h":"Est","s":"25S-H55S100F-80-F1"},{"r":"161","t":"10:58:43","h":"Est","s":"25S-H55S200F-80-F2"},{"r":"161","t":"11:00:55","h":"Est","s":"25N-H55N000S-80-S"},{"r":"161","t":"11:00:55","h":"Est","s":"25N-H55N000S-82-S"},{"r":"161","t":"11:00:55","h":"Est","s":"25N-H55NV10S-85-S"},{"r":"161","t":"11:00:55","h":"Est","s":"25N-H55NV20S-81-S"},{"r":"161","t":"11:00:55","h":"Est","s":"25S-H55S000S-82-S"},{"r":"161","t":"11:11:55","h":"Est","s":"25N-H55N000A-80-A"},{"r":"161","t":"11:11:55","h":"Est","s":"25N-H55NV10A-80-A"},{"r":"161","t":"11:11:55","h":"Est","s":"25N-H55NV20A-80-A"},{"r":"161","t":"11:11:55","h":"Est","s":"25S-H55S000A-80-A"},{"r":"161","t":"11:15:55","h":"Est","s":"25N-H55N000S-80-S"},{"r":"161","t":"11:15:55","h":"Est","s":"25N-H55N000S-82-S"},{"r":"161","t":"11:15:55","h":"Est","s":"25N-H55NV10S-85-S"},{"r":"161","t":"11:15:55","h":"Est","s":"25N-H55NV20S-81-S"},{"r":"161","t":"11:15:55","h":"Est","s":"25S-H55S000S-82-S"},{"r":"161","t":"11:16:43","h":"Est","s":"25N-H55N000I-80-I"},{"r":"161","t":"11:16:43","h":"Est","s":"25N-H55N100F-80-F1"},{"r":"161","t":"11:16:43","h":"Est","s":"25N-H55N200F-80-F2"},{"r":"161","t":"11:16:43","h":"Est","s":"25N-H55N300F-80-F3"},{"r":"161","t":"11:16:43","h":"Est","s":"25N-H55N400F-80-F4"},{"r":"161","t":"11:16:43","h":"Est","s":"25N-H55NV10I-80-I"},{"r":"161","t":"11:16:43","h":"Est","s":"25N-H55NV20I-80-I"},{"r":"161","t":"11:16:43","h":"Est","s":"25S-H55S000I-80-I"},{"r":"161","t":"11:16:43","h":"Est","s":"25S-H55S100F-80-F1"},{"r":"161","t":"11:16:43","h":"Est","s":"25S-H55S200F-80-F2"},{"r":"161","t":"11:26:55","h":"Est","s":"25N-H55N000A-80-A"},{"r":"161","t":"11:26:55","h":"Est","s":"25N-H55NV10A-80-A"},{"r":"161","t":"11:26:55","h":"Est","s":"25N-H55NV20A-80-A"},{"r":"161","t":"11:26:55","h":"Est","s":"25S-H55S000A-80-A"},{"r":"161","t":"11:31:55","h":"Est","s":"25N-H55N000S-80-S"},{"r":"161","t":"11:31:55","h":"Est","s":"25N-H55N000S-82-S"},{"r":"161","t":"11:31:55","h":"Est","s":"25N-H55NV10S-85-S"},{"r":"161","t":"11:31:55","h":"Est","s":"25N-H55NV20S-81-S"},{"r":"161","t":"11:31:55","h":"Est","s":"25S-H55S000S-82-S"},{"r":"161","t":"11:32:43","h":"Est","s":"25N-H55N000I-80-I"},{"r":"161","t":"11:32:43","h":"Est","s":"25N-H55N100F-80-F1"},{"r":"161","t":"11:32:43","h":"Est","s":"25N-H55N200F-80-F2"},{"r":"161","t":"11:32:43","h":"Est","s":"25N-H55N300F-80-F3"},{"r":"161","t":"11:32:43","h":"Est","s":"25N-H55N400F-80-F4"},{"r":"161","t":"11:32:43","h":"Est","s":"25N-H55NV10I-80-I"},{"r":"161","t":"11:32:43","h":"Est","s":"25N-H55NV20I-80-I"},{"r":"161","t":"11:32:43","h":"Est","s":"25S-H55S000I-80-I"},{"r":"161","t":"11:32:43","h":"Est","s":"25S-H55S100F-80-F1"},{"r":"161","t":"11:32:43","h":"Est","s":"25S-H55S200F-80-F2"},{"r":"161","t":"11:41:55","h":"Est","s":"25N-H55N000A-80-A"},{"r":"161","t":"11:41:55","h":"Est","s":"25N-H55NV10A-80-A"},{"r":"161","t":"11:41:55","h":"Est","s":"25N-H55NV20A-80-A"},{"r":"161","t":"11:41:55","h":"Est","s":"25S-H55S000A-80-A"},{"r":"161","t":"11:46:55","h":"Est","s":"25N-H55N000S-80-S"},{"r":"161","t":"11:46:55","h":"Est","s":"25N-H55N000S-82-S"},{"r":"161","t":"11:46:55","h":"Est","s":"25N-H55NV10S-85-S"},{"r":"161","t":"11:46:55","h":"Est","s":"25N-H55NV20S-81-S"},{"r":"161","t":"11:46:55","h":"Est","s":"25S-H55S000S-82-S"},{"r":"161","t":"11:48:43","h":"Est","s":"25N-H55N000I-80-I"},{"r":"161","t":"11:48:43","h":"Est","s":"25N-H55N100F-80-F1"},{"r":"161","t":"11:48:43","h":"Est","s":"25N-H55N200F-80-F2"},{"r":"161","t":"11:48:43","h":"Est","s":"25N-H55N300F-80-F3"},{"r":"161","t":"11:48:43","h":"Est","s":"25N-H55N400F-80-F4"},{"r":"161","t":"11:48:43","h":"Est","s":"25N-H55NV10I-80-I"},{"r":"161","t":"11:48:43","h":"Est","s":"25N-H55NV20I-80-I"},{"r":"161","t":"11:48:43","h":"Est","s":"25S-H55S000I-80-I"},{"r":"161","t":"11:48:43","h":"Est","s":"25S-H55S100F-80-F1"},{"r":"161","t":"11:48:43","h":"Est","s":"25S-H55S200F-80-F2"},{"r":"161","t":"11:59:55","h":"Est","s":"25N-H55N000A-80-A"},{"r":"161","t":"11:59:55","h":"Est","s":"25N-H55NV10A-80-A"},{"r":"161","t":"11:59:55","h":"Est","s":"25N-H55NV20A-80-A"},{"r":"161","t":"11:59:55","h":"Est","s":"25S-H55S000A-80-A"},{"r":"161","t":"12:00:55","h":"Est","s":"25N-H55N000S-80-S"},{"r":"161","t":"12:00:55","h":"Est","s":"25N-H55N000S-82-S"},{"r":"161","t":"12:00:55","h":"Est","s":"25N-H55NV10S-85-S"},{"r":"161","t":"12:00:55","h":"Est","s":"25N-H55NV20S-81-S"},{"r":"161","t":"12:00:55","h":"Est","s":"25S-H55S000S-82-S"},{"r":"161","t":"12:04:43","h":"Est","s":"25N-H55N000I-80-I"},{"r":"161","t":"12:04:43","h":"Est","s":"25N-H55N100F-80-F1"},{"r":"161","t":"12:04:43","h":"Est","s":"25N-H55N200F-80-F2"},{"r":"161","t":"12:04:43","h":"Est","s":"25N-H55N300F-80-F3"},{"r":"161","t":"12:04:43","h":"Est","s":"25N-H55N400F-80-F4"},{"r":"161","t":"12:04:43","h":"Est","s":"25N-H55NV10I-80-I"},{"r":"161","t":"12:04:43","h":"Est","s":"25N-H55NV20I-80-I"},{"r":"161","t":"12:04:43","h":"Est","s":"25S-H55S000I-80-I"},{"r":"161","t":"12:04:43","h":"Est","s":"25S-H55S100F-80-F1"},{"r":"161","t":"12:04:43","h":"Est","s":"25S-H55S200F-80-F2"},{"r":"161","t":"12:14:55","h":"Est","s":"25N-H55N000A-80-A"},{"r":"161","t":"12:14:55","h":"Est","s":"25N-H55NV10A-80-A"},{"r":"161","t":"12:14:55","h":"Est","s":"25N-H55NV20A-80-A"},{"r":"161","t":"12:14:55","h":"Est","s":"25S-H55S000A-80-A"},{"r":"161","t":"12:15:55","h":"Est","s":"25N-H55N000S-80-S"},{"r":"161","t":"12:15:55","h":"Est","s":"25N-H55N000S-82-S"},{"r":"161","t":"12:15:55","h":"Est","s":"25N-H55NV10S-85-S"},{"r":"161","t":"12:15:55","h":"Est","s":"25N-H55NV20S-81-S"},{"r":"161","t":"12:15:55","h":"Est","s":"25S-H55S000S-82-S"},{"r":"161","t":"12:20:43","h":"Est","s":"25N-H55N000I-80-I"},{"r":"161","t":"12:20:43","h":"Est","s":"25N-H55N100F-80-F1"},{"r":"161","t":"12:20:43","h":"Est","s":"25N-H55N200F-80-F2"},{"r":"161","t":"12:20:43","h":"Est","s":"25N-H55N300F-80-F3"},{"r":"161","t":"12:20:43","h":"Est","s":"25N-H55N400F-80-F4"},{"r":"161","t":"12:20:43","h":"Est","s":"25N-H55NV10I-80-I"},{"r":"161","t":"12:20:43","h":"Est","s":"25N-H55NV20I-80-I"},{"r":"161","t":"12:20:43","h":"Est","s":"25S-H55S000I-80-I"},{"r":"161","t":"12:20:43","h":"Est","s":"25S-H55S100F-80-F1"},{"r":"161","t":"12:20:43","h":"Est","s":"25S-H55S200F-80-F2"},{"r":"161","t":"12:28:55","h":"Est","s":"25N-H55N000A-80-A"},{"r":"161","t":"12:28:55","h":"Est","s":"25N-H55NV10A-80-A"},{"r":"161","t":"12:28:55","h":"Est","s":"25N-H55NV20A-80-A"},{"r":"161","t":"12:28:55","h":"Est","s":"25S-H55S000A-80-A"},{"r":"161","t":"12:30:55","h":"Est","s":"25N-H55N000S-80-S"},{"r":"161","t":"12:30:55","h":"Est","s":"25N-H55N000S-82-S"},{"r":"161","t":"12:30:55","h":"Est","s":"25N-H55NV10S-85-S"},{"r":"161","t":"12:30:55","h":"Est","s":"25N-H55NV20S-81-S"},{"r":"161","t":"12:30:55","h":"Est","s":"25S-H55S000S-82-S"},{"r":"161","t":"12:36:43","h":"Est","s":"25N-H55N000I-80-I"},{"r":"161","t":"12:36:43","h":"Est","s":"25N-H55N100F-80-F1"},{"r":"161","t":"12:36:43","h":"Est","s":"25N-H55N200F-80-F2"},{"r":"161","t":"12:36:43","h":"Est","s":"25N-H55N300F-80-F3"},{"r":"161","t":"12:36:43","h":"Est","s":"25N-H55N400F-80-F4"},{"r":"161","t":"12:36:43","h":"Est","s":"25N-H55NV10I-80-I"},{"r":"161","t":"12:36:43","h":"Est","s":"25N-H55NV20I-80-I"},{"r":"161","t":"12:36:43","h":"Est","s":"25S-H55S000I-80-I"},{"r":"161","t":"12:36:43","h":"Est","s":"25S-H55S100F-80-F1"},{"r":"161","t":"12:36:43","h":"Est","s":"25S-H55S200F-80-F2"},{"r":"161","t":"12:42:55","h":"Est","s":"25N-H55N000A-80-A"},{"r":"161","t":"12:42:55","h":"Est","s":"25N-H55NV10A-80-A"},{"r":"161","t":"12:42:55","h":"Est","s":"25N-H55NV20A-80-A"},{"r":"161","t":"12:42:55","h":"Est","s":"25S-H55S000A-80-A"},{"r":"161","t":"12:45:55","h":"Est","s":"25N-H55N000S-80-S"},{"r":"161","t":"12:45:55","h":"Est","s":"25N-H55N000S-82-S"},{"r":"161","t":"12:45:55","h":"Est","s":"25N-H55NV10S-85-S"},{"r":"161","t":"12:45:55","h":"Est","s":"25N-H55NV20S-81-S"},{"r":"161","t":"12:45:55","h":"Est","s":"25S-H55S000S-82-S"},{"r":"161","t":"12:51:43","h":"Est","s":"25N-H55N000I-80-I"},{"r":"161","t":"12:51:43","h":"Est","s":"25N-H55N100F-80-F1"},{"r":"161","t":"12:51:43","h":"Est","s":"25N-H55N200F-80-F2"},{"r":"161","t":"12:51:43","h":"Est","s":"25N-H55N300F-80-F3"},{"r":"161","t":"12:51:43","h":"Est","s":"25N-H55N400F-80-F4"},{"r":"161","t":"12:51:43","h":"Est","s":"25N-H55NV10I-80-I"},{"r":"161","t":"12:51:43","h":"Est","s":"25N-H55NV20I-80-I"},{"r":"161","t":"12:51:43","h":"Est","s":"25S-H55S000I-80-I"},{"r":"161","t":"12:51:43","h":"Est","s":"25S-H55S100F-80-F1"},{"r":"161","t":"12:51:43","h":"Est","s":"25S-H55S200F-80-F2"},{"r":"161","t":"12:56:55","h":"Est","s":"25N-H55N000A-80-A"},{"r":"161","t":"12:56:55","h":"Est","s":"25N-H55NV10A-80-A"},{"r":"161","t":"12:56:55","h":"Est","s":"25N-H55NV20A-80-A"},{"r":"161","t":"12:56:55","h":"Est","s":"25S-H55S000A-80-A"},{"r":"161","t":"12:58:55","h":"Est","s":"25N-H55N000S-80-S"},{"r":"161","t":"12:58:55","h":"Est","s":"25N-H55N000S-82-S"},{"r":"161","t":"12:58:55","h":"Est","s":"25N-H55NV10S-85-S"},{"r":"161","t":"12:58:55","h":"Est","s":"25N-H55NV20S-81-S"},{"r":"161","t":"12:58:55","h":"Est","s":"25S-H55S000S-82-S"},{"r":"161","t":"13:06:43","h":"Est","s":"25N-H55N000I-80-I"},{"r":"161","t":"13:06:43","h":"Est","s":"25N-H55N100F-80-F1"},{"r":"161","t":"13:06:43","h":"Est","s":"25N-H55N200F-80-F2"},{"r":"161","t":"13:06:43","h":"Est","s":"25N-H55N300F-80-F3"},{"r":"161","t":"13:06:43","h":"Est","s":"25N-H55N400F-80-F4"},{"r":"161","t":"13:06:43","h":"Est","s":"25N-H55NV10I-80-I"},{"r":"161","t":"13:06:43","h":"Est","s":"25N-H55NV20I-80-I"},{"r":"161","t":"13:06:43","h":"Est","s":"25S-H55S000I-80-I"},{"r":"161","t":"13:06:43","h":"Est","s":"25S-H55S100F-80-F1"},{"r":"161","t":"13:06:43","h":"Est","s":"25S-H55S200F-80-F2"},{"r":"161","t":"13:08:55","h":"Est","s":"25N-H55N000S-80-S"},{"r":"161","t":"13:08:55","h":"Est","s":"25N-H55N000S-82-S"},{"r":"161","t":"13:08:55","h":"Est","s":"25N-H55NV10S-85-S"},{"r":"161","t":"13:08:55","h":"Est","s":"25N-H55NV20S-81-S"},{"r":"161","t":"13:08:55","h":"Est","s":"25S-H55S000S-82-S"},{"r":"161","t":"13:10:55","h":"Est","s":"25N-H55N000A-80-A"},{"r":"161","t":"13:10:55","h":"Est","s":"25N-H55NV10A-80-A"},{"r":"161","t":"13:10:55","h":"Est","s":"25N-H55NV20A-80-A"},{"r":"161","t":"13:10:55","h":"Est","s":"25S-H55S000A-80-A"},{"r":"161","t":"13:18:55","h":"Est","s":"25N-H55N000S-80-S"},{"r":"161","t":"13:18:55","h":"Est","s":"25N-H55N000S-82-S"},{"r":"161","t":"13:18:55","h":"Est","s":"25N-H55NV10S-85-S"},{"r":"161","t":"13:18:55","h":"Est","s":"25N-H55NV20S-81-S"},{"r":"161","t":"13:18:55","h":"Est","s":"25S-H55S000S-82-S"},{"r":"161","t":"13:21:43","h":"Est","s":"25N-H55N000I-80-I"},{"r":"161","t":"13:21:43","h":"Est","s":"25N-H55N100F-80-F1"},{"r":"161","t":"13:21:43","h":"Est","s":"25N-H55N200F-80-F2"},{"r":"161","t":"13:21:43","h":"Est","s":"25N-H55N300F-80-F3"},{"r":"161","t":"13:21:43","h":"Est","s":"25N-H55N400F-80-F4"},{"r":"161","t":"13:21:43","h":"Est","s":"25N-H55NV10I-80-I"},{"r":"161","t":"13:21:43","h":"Est","s":"25N-H55NV20I-80-I"},{"r":"161","t":"13:21:43","h":"Est","s":"25S-H55S000I-80-I"},{"r":"161","t":"13:21:43","h":"Est","s":"25S-H55S100F-80-F1"},{"r":"161","t":"13:21:43","h":"Est","s":"25S-H55S200F-80-F2"},{"r":"161","t":"13:24:55","h":"Est","s":"25N-H55N000A-80-A"},{"r":"161","t":"13:24:55","h":"Est","s":"25N-H55NV10A-80-A"},{"r":"161","t":"13:24:55","h":"Est","s":"25N-H55NV20A-80-A"},{"r":"161","t":"13:24:55","h":"Est","s":"25S-H55S000A-80-A"},{"r":"161","t":"13:29:55","h":"Est","s":"25N-H55N000S-80-S"},{"r":"161","t":"13:29:55","h":"Est","s":"25N-H55N000S-82-S"},{"r":"161","t":"13:29:55","h":"Est","s":"25N-H55NV10S-85-S"},{"r":"161","t":"13:29:55","h":"Est","s":"25N-H55NV20S-81-S"},{"r":"161","t":"13:29:55","h":"Est","s":"25S-H55S000S-82-S"},{"r":"161","t":"13:36:43","h":"Est","s":"25N-H55N000I-80-I"},{"r":"161","t":"13:36:43","h":"Est","s":"25N-H55N100F-80-F1"},{"r":"161","t":"13:36:43","h":"Est","s":"25N-H55N200F-80-F2"},{"r":"161","t":"13:36:43","h":"Est","s":"25N-H55N300F-80-F3"},{"r":"161","t":"13:36:43","h":"Est","s":"25N-H55N400F-80-F4"},{"r":"161","t":"13:36:43","h":"Est","s":"25N-H55NV10I-80-I"},{"r":"161","t":"13:36:43","h":"Est","s":"25N-H55NV20I-80-I"},{"r":"161","t":"13:36:43","h":"Est","s":"25S-H55S000I-80-I"},{"r":"161","t":"13:36:43","h":"Est","s":"25S-H55S100F-80-F1"},{"r":"161","t":"13:36:43","h":"Est","s":"25S-H55S200F-80-F2"},{"r":"161","t":"13:38:55","h":"Est","s":"25N-H55N000A-80-A"},{"r":"161","t":"13:38:55","h":"Est","s":"25N-H55NV10A-80-A"},{"r":"161","t":"13:38:55","h":"Est","s":"25N-H55NV20A-80-A"},{"r":"161","t":"13:38:55","h":"Est","s":"25S-H55S000A-80-A"},{"r":"161","t":"13:39:55","h":"Est","s":"25N-H55N000S-80-S"},{"r":"161","t":"13:39:55","h":"Est","s":"25N-H55N000S-82-S"},{"r":"161","t":"13:39:55","h":"Est","s":"25N-H55NV10S-85-S"},{"r":"161","t":"13:39:55","h":"Est","s":"25N-H55NV20S-81-S"},{"r":"161","t":"13:39:55","h":"Est","s":"25S-H55S000S-82-S"},{"r":"161","t":"13:50:55","h":"Est","s":"25N-H55N000S-80-S"},{"r":"161","t":"13:50:55","h":"Est","s":"25N-H55N000S-82-S"},{"r":"161","t":"13:50:55","h":"Est","s":"25N-H55NV10S-85-S"},{"r":"161","t":"13:50:55","h":"Est","s":"25N-H55NV20S-81-S"},{"r":"161","t":"13:50:55","h":"Est","s":"25S-H55S000S-82-S"},{"r":"161","t":"13:51:43","h":"Est","s":"25N-H55N000I-80-I"},{"r":"161","t":"13:51:43","h":"Est","s":"25N-H55N100F-80-F1"},{"r":"161","t":"13:51:43","h":"Est","s":"25N-H55N200F-80-F2"},{"r":"161","t":"13:51:43","h":"Est","s":"25N-H55N300F-80-F3"},{"r":"161","t":"13:51:43","h":"Est","s":"25N-H55N400F-80-F4"},{"r":"161","t":"13:51:43","h":"Est","s":"25N-H55NV10I-80-I"},{"r":"161","t":"13:51:43","h":"Est","s":"25N-H55NV20I-80-I"},{"r":"161","t":"13:51:43","h":"Est","s":"25S-H55S000I-80-I"},{"r":"161","t":"13:51:43","h":"Est","s":"25S-H55S100F-80-F1"},{"r":"161","t":"13:51:43","h":"Est","s":"25S-H55S200F-80-F2"},{"r":"161","t":"13:52:55","h":"Est","s":"25N-H55N000A-80-A"},{"r":"161","t":"13:52:55","h":"Est","s":"25N-H55NV10A-80-A"},{"r":"161","t":"13:52:55","h":"Est","s":"25N-H55NV20A-80-A"},{"r":"161","t":"13:52:55","h":"Est","s":"25S-H55S000A-80-A"},{"r":"161","t":"14:01:55","h":"Est","s":"25N-H55N000S-80-S"},{"r":"161","t":"14:01:55","h":"Est","s":"25N-H55N000S-82-S"},{"r":"161","t":"14:01:55","h":"Est","s":"25N-H55NV10S-85-S"},{"r":"161","t":"14:01:55","h":"Est","s":"25N-H55NV20S-81-S"},{"r":"161","t":"14:01:55","h":"Est","s":"25S-H55S000S-82-S"},{"r":"161","t":"14:06:43","h":"Est","s":"25N-H55N000I-80-I"},{"r":"161","t":"14:06:43","h":"Est","s":"25N-H55N100F-80-F1"},{"r":"161","t":"14:06:43","h":"Est","s":"25N-H55N200F-80-F2"},{"r":"161","t":"14:06:43","h":"Est","s":"25N-H55N300F-80-F3"},{"r":"161","t":"14:06:43","h":"Est","s":"25N-H55N400F-80-F4"},{"r":"161","t":"14:06:43","h":"Est","s":"25N-H55NV10I-80-I"},{"r":"161","t":"14:06:43","h":"Est","s":"25N-H55NV20I-80-I"},{"r":"161","t":"14:06:43","h":"Est","s":"25S-H55S000I-80-I"},{"r":"161","t":"14:06:43","h":"Est","s":"25S-H55S100F-80-F1"},{"r":"161","t":"14:06:43","h":"Est","s":"25S-H55S200F-80-F2"},{"r":"161","t":"14:06:55","h":"Est","s":"25N-H55N000A-80-A"},{"r":"161","t":"14:06:55","h":"Est","s":"25N-H55NV10A-80-A"},{"r":"161","t":"14:06:55","h":"Est","s":"25N-H55NV20A-80-A"},{"r":"161","t":"14:06:55","h":"Est","s":"25S-H55S000A-80-A"},{"r":"161","t":"14:08:55","h":"Est","s":"25N-H55N000S-80-S"},{"r":"161","t":"14:08:55","h":"Est","s":"25N-H55N000S-82-S"},{"r":"161","t":"14:08:55","h":"Est","s":"25N-H55NV10S-85-S"},{"r":"161","t":"14:08:55","h":"Est","s":"25N-H55NV20S-81-S"},{"r":"161","t":"14:08:55","h":"Est","s":"25S-H55S000S-82-S"},{"r":"161","t":"14:15:55","h":"Est","s":"25N-H55N000S-80-S"},{"r":"161","t":"14:15:55","h":"Est","s":"25N-H55N000S-82-S"},{"r":"161","t":"14:15:55","h":"Est","s":"25N-H55NV10S-85-S"},{"r":"161","t":"14:15:55","h":"Est","s":"25N-H55NV20S-81-S"},{"r":"161","t":"14:15:55","h":"Est","s":"25S-H55S000S-82-S"},{"r":"161","t":"14:20:55","h":"Est","s":"25N-H55N000A-80-A"},{"r":"161","t":"14:20:55","h":"Est","s":"25N-H55NV10A-80-A"},{"r":"161","t":"14:20:55","h":"Est","s":"25N-H55NV20A-80-A"},{"r":"161","t":"14:20:55","h":"Est","s":"25S-H55S000A-80-A"},{"r":"161","t":"14:21:43","h":"Est","s":"25N-H55N000I-80-I"},{"r":"161","t":"14:21:43","h":"Est","s":"25N-H55N100F-80-F1"},{"r":"161","t":"14:21:43","h":"Est","s":"25N-H55N200F-80-F2"},{"r":"161","t":"14:21:43","h":"Est","s":"25N-H55N300F-80-F3"},{"r":"161","t":"14:21:43","h":"Est","s":"25N-H55N400F-80-F4"},{"r":"161","t":"14:21:43","h":"Est","s":"25N-H55NV10I-80-I"},{"r":"161","t":"14:21:43","h":"Est","s":"25N-H55NV20I-80-I"},{"r":"161","t":"14:21:43","h":"Est","s":"25S-H55S000I-80-I"},{"r":"161","t":"14:21:43","h":"Est","s":"25S-H55S100F-80-F1"},{"r":"161","t":"14:21:43","h":"Est","s":"25S-H55S200F-80-F2"},{"r":"161","t":"14:24:55","h":"Est","s":"25N-H55N000S-80-S"},{"r":"161","t":"14:24:55","h":"Est","s":"25N-H55N000S-82-S"},{"r":"161","t":"14:24:55","h":"Est","s":"25N-H55NV10S-85-S"},{"r":"161","t":"14:24:55","h":"Est","s":"25N-H55NV20S-81-S"},{"r":"161","t":"14:24:55","h":"Est","s":"25S-H55S000S-82-S"},{"r":"161","t":"14:32:55","h":"Est","s":"25N-H55N000A-80-A"},{"r":"161","t":"14:32:55","h":"Est","s":"25N-H55NV10A-80-A"},{"r":"161","t":"14:32:55","h":"Est","s":"25N-H55NV20A-80-A"},{"r":"161","t":"14:32:55","h":"Est","s":"25S-H55S000A-80-A"},{"r":"161","t":"14:33:55","h":"Est","s":"25N-H55N000S-80-S"},{"r":"161","t":"14:33:55","h":"Est","s":"25N-H55N000S-82-S"},{"r":"161","t":"14:33:55","h":"Est","s":"25N-H55NV10S-85-S"},{"r":"161","t":"14:33:55","h":"Est","s":"25N-H55NV20S-81-S"},{"r":"161","t":"14:33:55","h":"Est","s":"25S-H55S000S-82-S"},{"r":"161","t":"14:36:43","h":"Est","s":"25N-H55N000I-80-I"},{"r":"161","t":"14:36:43","h":"Est","s":"25N-H55N100F-80-F1"},{"r":"161","t":"14:36:43","h":"Est","s":"25N-H55N200F-80-F2"},{"r":"161","t":"14:36:43","h":"Est","s":"25N-H55N300F-80-F3"},{"r":"161","t":"14:36:43","h":"Est","s":"25N-H55N400F-80-F4"},{"r":"161","t":"14:36:43","h":"Est","s":"25N-H55NV10I-80-I"},{"r":"161","t":"14:36:43","h":"Est","s":"25N-H55NV20I-80-I"},{"r":"161","t":"14:36:43","h":"Est","s":"25S-H55S000I-80-I"},{"r":"161","t":"14:36:43","h":"Est","s":"25S-H55S100F-80-F1"},{"r":"161","t":"14:36:43","h":"Est","s":"25S-H55S200F-80-F2"},{"r":"161","t":"14:42:55","h":"Est","s":"25N-H55N000S-80-S"},{"r":"161","t":"14:42:55","h":"Est","s":"25N-H55N000S-82-S"},{"r":"161","t":"14:42:55","h":"Est","s":"25N-H55NV10S-85-S"},{"r":"161","t":"14:42:55","h":"Est","s":"25N-H55NV20S-81-S"},{"r":"161","t":"14:42:55","h":"Est","s":"25S-H55S000S-82-S"},{"r":"161","t":"14:44:55","h":"Est","s":"25N-H55N000A-80-A"},{"r":"161","t":"14:44:55","h":"Est","s":"25N-H55NV10A-80-A"},{"r":"161","t":"14:44:55","h":"Est","s":"25N-H55NV20A-80-A"},{"r":"161","t":"14:44:55","h":"Est","s":"25S-H55S000A-80-A"},{"r":"161","t":"14:51:43","h":"Est","s":"25N-H55N000I-80-I"},{"r":"161","t":"14:51:43","h":"Est","s":"25N-H55N100F-80-F1"},{"r":"161","t":"14:51:43","h":"Est","s":"25N-H55N200F-80-F2"},{"r":"161","t":"14:51:43","h":"Est","s":"25N-H55N300F-80-F3"},{"r":"161","t":"14:51:43","h":"Est","s":"25N-H55N400F-80-F4"},{"r":"161","t":"14:51:43","h":"Est","s":"25N-H55NV10I-80-I"},{"r":"161","t":"14:51:43","h":"Est","s":"25N-H55NV20I-80-I"},{"r":"161","t":"14:51:43","h":"Est","s":"25S-H55S000I-80-I"},{"r":"161","t":"14:51:43","h":"Est","s":"25S-H55S100F-80-F1"},{"r":"161","t":"14:51:43","h":"Est","s":"25S-H55S200F-80-F2"},{"r":"161","t":"14:52:55","h":"Est","s":"25N-H55N000S-80-S"},{"r":"161","t":"14:52:55","h":"Est","s":"25N-H55N000S-82-S"},{"r":"161","t":"14:52:55","h":"Est","s":"25N-H55NV10S-85-S"},{"r":"161","t":"14:52:55","h":"Est","s":"25N-H55NV20S-81-S"},{"r":"161","t":"14:52:55","h":"Est","s":"25S-H55S000S-82-S"},{"r":"161","t":"14:56:55","h":"Est","s":"25N-H55N000A-80-A"},{"r":"161","t":"14:56:55","h":"Est","s":"25N-H55NV10A-80-A"},{"r":"161","t":"14:56:55","h":"Est","s":"25N-H55NV20A-80-A"},{"r":"161","t":"14:56:55","h":"Est","s":"25S-H55S000A-80-A"},{"r":"161","t":"15:01:55","h":"Est","s":"25N-H55N000S-80-S"},{"r":"161","t":"15:01:55","h":"Est","s":"25N-H55N000S-82-S"},{"r":"161","t":"15:01:55","h":"Est","s":"25N-H55NV10S-85-S"},{"r":"161","t":"15:01:55","h":"Est","s":"25N-H55NV20S-81-S"},{"r":"161","t":"15:01:55","h":"Est","s":"25S-H55S000S-82-S"},{"r":"161","t":"15:05:43","h":"Est","s":"25N-H55N000I-80-I"},{"r":"161","t":"15:05:43","h":"Est","s":"25N-H55N100F-80-F1"},{"r":"161","t":"15:05:43","h":"Est","s":"25N-H55N200F-80-F2"},{"r":"161","t":"15:05:43","h":"Est","s":"25N-H55N300F-80-F3"},{"r":"161","t":"15:05:43","h":"Est","s":"25N-H55N400F-80-F4"},{"r":"161","t":"15:05:43","h":"Est","s":"25N-H55NV10I-80-I"},{"r":"161","t":"15:05:43","h":"Est","s":"25N-H55NV20I-80-I"},{"r":"161","t":"15:05:43","h":"Est","s":"25S-H55S000I-80-I"},{"r":"161","t":"15:05:43","h":"Est","s":"25S-H55S100F-80-F1"},{"r":"161","t":"15:05:43","h":"Est","s":"25S-H55S200F-80-F2"},{"r":"161","t":"15:06:55","h":"Est","s":"25N-H55N000A-80-A"},{"r":"161","t":"15:06:55","h":"Est","s":"25N-H55NV10A-80-A"},{"r":"161","t":"15:06:55","h":"Est","s":"25N-H55NV20A-80-A"},{"r":"161","t":"15:06:55","h":"Est","s":"25S-H55S000A-80-A"},{"r":"161","t":"15:10:55","h":"Est","s":"25N-H55N000S-80-S"},{"r":"161","t":"15:10:55","h":"Est","s":"25N-H55N000S-82-S"},{"r":"161","t":"15:10:55","h":"Est","s":"25N-H55NV10S-85-S"},{"r":"161","t":"15:10:55","h":"Est","s":"25N-H55NV20S-81-S"},{"r":"161","t":"15:10:55","h":"Est","s":"25S-H55S000S-82-S"},{"r":"161","t":"15:16:55","h":"Est","s":"25N-H55N000A-80-A"},{"r":"161","t":"15:16:55","h":"Est","s":"25N-H55NV10A-80-A"},{"r":"161","t":"15:16:55","h":"Est","s":"25N-H55NV20A-80-A"},{"r":"161","t":"15:16:55","h":"Est","s":"25S-H55S000A-80-A"},{"r":"161","t":"15:19:43","h":"Est","s":"25N-H55N000I-80-I"},{"r":"161","t":"15:19:43","h":"Est","s":"25N-H55N100F-80-F1"},{"r":"161","t":"15:19:43","h":"Est","s":"25N-H55N200F-80-F2"},{"r":"161","t":"15:19:43","h":"Est","s":"25N-H55N300F-80-F3"},{"r":"161","t":"15:19:43","h":"Est","s":"25N-H55N400F-80-F4"},{"r":"161","t":"15:19:43","h":"Est","s":"25N-H55NV10I-80-I"},{"r":"161","t":"15:19:43","h":"Est","s":"25N-H55NV20I-80-I"},{"r":"161","t":"15:19:43","h":"Est","s":"25S-H55S000I-80-I"},{"r":"161","t":"15:19:43","h":"Est","s":"25S-H55S100F-80-F1"},{"r":"161","t":"15:19:43","h":"Est","s":"25S-H55S200F-80-F2"},{"r":"161","t":"15:19:55","h":"Est","s":"25N-H55N000S-80-S"},{"r":"161","t":"15:19:55","h":"Est","s":"25N-H55N000S-82-S"},{"r":"161","t":"15:19:55","h":"Est","s":"25N-H55NV10S-85-S"},{"r":"161","t":"15:19:55","h":"Est","s":"25N-H55NV20S-81-S"},{"r":"161","t":"15:19:55","h":"Est","s":"25S-H55S000S-82-S"},{"r":"161","t":"15:26:55","h":"Est","s":"25N-H55N000A-80-A"},{"r":"161","t":"15:26:55","h":"Est","s":"25N-H55N000S-80-S"},{"r":"161","t":"15:26:55","h":"Est","s":"25N-H55N000S-82-S"},{"r":"161","t":"15:26:55","h":"Est","s":"25N-H55NV10A-80-A"},{"r":"161","t":"15:26:55","h":"Est","s":"25N-H55NV10S-85-S"},{"r":"161","t":"15:26:55","h":"Est","s":"25N-H55NV20A-80-A"},{"r":"161","t":"15:26:55","h":"Est","s":"25N-H55NV20S-81-S"},{"r":"161","t":"15:26:55","h":"Est","s":"25S-H55S000A-80-A"},{"r":"161","t":"15:26:55","h":"Est","s":"25S-H55S000S-82-S"},{"r":"161","t":"15:29:43","h":"Est","s":"25N-H55N000I-80-I"},{"r":"161","t":"15:29:43","h":"Est","s":"25N-H55N100F-80-F1"},{"r":"161","t":"15:29:43","h":"Est","s":"25N-H55N200F-80-F2"},{"r":"161","t":"15:29:43","h":"Est","s":"25N-H55N300F-80-F3"},{"r":"161","t":"15:29:43","h":"Est","s":"25N-H55N400F-80-F4"},{"r":"161","t":"15:29:43","h":"Est","s":"25N-H55NV10I-80-I"},{"r":"161","t":"15:29:43","h":"Est","s":"25N-H55NV20I-80-I"},{"r":"161","t":"15:29:43","h":"Est","s":"25S-H55S000I-80-I"},{"r":"161","t":"15:29:43","h":"Est","s":"25S-H55S100F-80-F1"},{"r":"161","t":"15:29:43","h":"Est","s":"25S-H55S200F-80-F2"},{"r":"161","t":"15:32:55","h":"Est","s":"25N-H57N000S-80-S"},{"r":"161","t":"15:32:55","h":"Est","s":"25N-H57NV10S-84-S"},{"r":"161","t":"15:32:55","h":"Est","s":"25N-H57NV20S-80-S"},{"r":"161","t":"15:32:55","h":"Est","s":"25S-H57S000S-82-S"},{"r":"161","t":"15:36:55","h":"Est","s":"25N-H55N000A-80-A"},{"r":"161","t":"15:36:55","h":"Est","s":"25N-H55NV10A-80-A"},{"r":"161","t":"15:36:55","h":"Est","s":"25N-H55NV20A-80-A"},{"r":"161","t":"15:36:55","h":"Est","s":"25S-H55S000A-80-A"},{"r":"161","t":"15:38:55","h":"Est","s":"25N-H57N000S-80-S"},{"r":"161","t":"15:38:55","h":"Est","s":"25N-H57NV10S-84-S"},{"r":"161","t":"15:38:55","h":"Est","s":"25N-H57NV20S-80-S"},{"r":"161","t":"15:38:55","h":"Est","s":"25S-H57S000S-82-S"},{"r":"161","t":"15:39:43","h":"Est","s":"25N-H55N000I-80-I"},{"r":"161","t":"15:39:43","h":"Est","s":"25N-H55N100F-80-F1"},{"r":"161","t":"15:39:43","h":"Est","s":"25N-H55N200F-80-F2"},{"r":"161","t":"15:39:43","h":"Est","s":"25N-H55N300F-80-F3"},{"r":"161","t":"15:39:43","h":"Est","s":"25N-H55N400F-80-F4"},{"r":"161","t":"15:39:43","h":"Est","s":"25N-H55NV10I-80-I"},{"r":"161","t":"15:39:43","h":"Est","s":"25N-H55NV20I-80-I"},{"r":"161","t":"15:39:43","h":"Est","s":"25S-H55S000I-80-I"},{"r":"161","t":"15:39:43","h":"Est","s":"25S-H55S100F-80-F1"},{"r":"161","t":"15:39:43","h":"Est","s":"25S-H55S200F-80-F2"},{"r":"161","t":"15:43:55","h":"Est","s":"25N-H55N000S-80-S"},{"r":"161","t":"15:43:55","h":"Est","s":"25N-H55N000S-82-S"},{"r":"161","t":"15:43:55","h":"Est","s":"25N-H55NV10S-85-S"},{"r":"161","t":"15:43:55","h":"Est","s":"25N-H55NV20S-81-S"},{"r":"161","t":"15:43:55","h":"Est","s":"25S-H55S000S-82-S"},{"r":"161","t":"15:49:43","h":"Est","s":"25N-H55N000I-80-I"},{"r":"161","t":"15:49:43","h":"Est","s":"25N-H55N100F-80-F1"},{"r":"161","t":"15:49:43","h":"Est","s":"25N-H55N200F-80-F2"},{"r":"161","t":"15:49:43","h":"Est","s":"25N-H55N300F-80-F3"},{"r":"161","t":"15:49:43","h":"Est","s":"25N-H55N400F-80-F4"},{"r":"161","t":"15:49:43","h":"Est","s":"25N-H55NV10I-80-I"},{"r":"161","t":"15:49:43","h":"Est","s":"25N-H55NV20I-80-I"},{"r":"161","t":"15:49:43","h":"Est","s":"25S-H55S000I-80-I"},{"r":"161","t":"15:49:43","h":"Est","s":"25S-H55S100F-80-F1"},{"r":"161","t":"15:49:43","h":"Est","s":"25S-H55S200F-80-F2"},{"r":"161","t":"15:49:55","h":"Est","s":"25N-H55N000A-80-A"},{"r":"161","t":"15:49:55","h":"Est","s":"25N-H55N000S-80-S"},{"r":"161","t":"15:49:55","h":"Est","s":"25N-H55N000S-82-S"},{"r":"161","t":"15:49:55","h":"Est","s":"25N-H55NV10A-80-A"},{"r":"161","t":"15:49:55","h":"Est","s":"25N-H55NV10S-85-S"},{"r":"161","t":"15:49:55","h":"Est","s":"25N-H55NV20A-80-A"},{"r":"161","t":"15:49:55","h":"Est","s":"25N-H55NV20S-81-S"},{"r":"161","t":"15:49:55","h":"Est","s":"25S-H55S000A-80-A"},{"r":"161","t":"15:49:55","h":"Est","s":"25S-H55S000S-82-S"},{"r":"161","t":"15:54:55","h":"Est","s":"25N-H59N000S-80-S"},{"r":"161","t":"15:54:55","h":"Est","s":"25N-H59NV10S-84-S"},{"r":"161","t":"15:54:55","h":"Est","s":"25N-H59NV20S-80-S"},{"r":"161","t":"15:54:55","h":"Est","s":"25S-H59S000S-81-S"},{"r":"161","t":"15:59:55","h":"Est","s":"25N-H55N000S-80-S"},{"r":"161","t":"15:59:55","h":"Est","s":"25N-H55N000S-82-S"},{"r":"161","t":"15:59:55","h":"Est","s":"25N-H55NV10S-85-S"},{"r":"161","t":"15:59:55","h":"Est","s":"25N-H55NV20S-81-S"},{"r":"161","t":"15:59:55","h":"Est","s":"25S-H55S000S-82-S"},{"r":"161","t":"16:01:43","h":"Est","s":"25N-H55N000I-80-I"},{"r":"161","t":"16:01:43","h":"Est","s":"25N-H55N100F-80-F1"},{"r":"161","t":"16:01:43","h":"Est","s":"25N-H55N200F-80-F2"},{"r":"161","t":"16:01:43","h":"Est","s":"25N-H55N300F-80-F3"},{"r":"161","t":"16:01:43","h":"Est","s":"25N-H55N400F-80-F4"},{"r":"161","t":"16:01:43","h":"Est","s":"25N-H55NV10I-80-I"},{"r":"161","t":"16:01:43","h":"Est","s":"25N-H55NV20I-80-I"},{"r":"161","t":"16:01:43","h":"Est","s":"25S-H55S000I-80-I"},{"r":"161","t":"16:01:43","h":"Est","s":"25S-H55S100F-80-F1"},{"r":"161","t":"16:01:43","h":"Est","s":"25S-H55S200F-80-F2"},{"r":"161","t":"16:03:55","h":"Est","s":"25N-H55N000A-80-A"},{"r":"161","t":"16:03:55","h":"Est","s":"25N-H55NV10A-80-A"},{"r":"161","t":"16:03:55","h":"Est","s":"25N-H55NV20A-80-A"},{"r":"161","t":"16:03:55","h":"Est","s":"25S-H55S000A-80-A"},{"r":"161","t":"16:05:55","h":"Est","s":"25N-H55N000S-80-S"},{"r":"161","t":"16:05:55","h":"Est","s":"25N-H55N000S-82-S"},{"r":"161","t":"16:05:55","h":"Est","s":"25N-H55NV10S-85-S"},{"r":"161","t":"16:05:55","h":"Est","s":"25N-H55NV20S-81-S"},{"r":"161","t":"16:05:55","h":"Est","s":"25S-H55S000S-82-S"},{"r":"161","t":"16:12:55","h":"Est","s":"25N-H55N000S-80-S"},{"r":"161","t":"16:12:55","h":"Est","s":"25N-H55N000S-82-S"},{"r":"161","t":"16:12:55","h":"Est","s":"25N-H55NV10S-85-S"},{"r":"161","t":"16:12:55","h":"Est","s":"25N-H55NV20S-81-S"},{"r":"161","t":"16:12:55","h":"Est","s":"25S-H55S000S-82-S"},{"r":"161","t":"16:13:43","h":"Est","s":"25N-H55N000I-80-I"},{"r":"161","t":"16:13:43","h":"Est","s":"25N-H55N100F-80-F1"},{"r":"161","t":"16:13:43","h":"Est","s":"25N-H55N200F-80-F2"},{"r":"161","t":"16:13:43","h":"Est","s":"25N-H55N300F-80-F3"},{"r":"161","t":"16:13:43","h":"Est","s":"25N-H55N400F-80-F4"},{"r":"161","t":"16:13:43","h":"Est","s":"25N-H55NV10I-80-I"},{"r":"161","t":"16:13:43","h":"Est","s":"25N-H55NV20I-80-I"},{"r":"161","t":"16:13:43","h":"Est","s":"25S-H55S000I-80-I"},{"r":"161","t":"16:13:43","h":"Est","s":"25S-H55S100F-80-F1"},{"r":"161","t":"16:13:43","h":"Est","s":"25S-H55S200F-80-F2"},{"r":"161","t":"16:16:55","h":"Est","s":"25N-H55N000A-80-A"},{"r":"161","t":"16:16:55","h":"Est","s":"25N-H55NV10A-80-A"},{"r":"161","t":"16:16:55","h":"Est","s":"25N-H55NV20A-80-A"},{"r":"161","t":"16:16:55","h":"Est","s":"25S-H55S000A-80-A"},{"r":"161","t":"16:20:55","h":"Est","s":"25N-H55N000S-80-S"},{"r":"161","t":"16:20:55","h":"Est","s":"25N-H55N000S-82-S"},{"r":"161","t":"16:20:55","h":"Est","s":"25N-H55NV10S-85-S"},{"r":"161","t":"16:20:55","h":"Est","s":"25N-H55NV20S-81-S"},{"r":"161","t":"16:20:55","h":"Est","s":"25S-H55S000S-82-S"},{"r":"161","t":"16:27:43","h":"Est","s":"25N-H55N000I-80-I"},{"r":"161","t":"16:27:43","h":"Est","s":"25N-H55N100F-80-F1"},{"r":"161","t":"16:27:43","h":"Est","s":"25N-H55N200F-80-F2"},{"r":"161","t":"16:27:43","h":"Est","s":"25N-H55N300F-80-F3"},{"r":"161","t":"16:27:43","h":"Est","s":"25N-H55N400F-80-F4"},{"r":"161","t":"16:27:43","h":"Est","s":"25N-H55NV10I-80-I"},{"r":"161","t":"16:27:43","h":"Est","s":"25N-H55NV20I-80-I"},{"r":"161","t":"16:27:43","h":"Est","s":"25S-H55S000I-80-I"},{"r":"161","t":"16:27:43","h":"Est","s":"25S-H55S100F-80-F1"},{"r":"161","t":"16:27:43","h":"Est","s":"25S-H55S200F-80-F2"},{"r":"161","t":"16:28:55","h":"Est","s":"25N-H55N000S-80-S"},{"r":"161","t":"16:28:55","h":"Est","s":"25N-H55N000S-82-S"},{"r":"161","t":"16:28:55","h":"Est","s":"25N-H55NV10S-85-S"},{"r":"161","t":"16:28:55","h":"Est","s":"25N-H55NV20S-81-S"},{"r":"161","t":"16:28:55","h":"Est","s":"25S-H55S000S-82-S"},{"r":"161","t":"16:29:55","h":"Est","s":"25N-H55N000A-80-A"},{"r":"161","t":"16:29:55","h":"Est","s":"25N-H55NV10A-80-A"},{"r":"161","t":"16:29:55","h":"Est","s":"25N-H55NV20A-80-A"},{"r":"161","t":"16:29:55","h":"Est","s":"25S-H55S000A-80-A"},{"r":"161","t":"16:36:55","h":"Est","s":"25N-H55N000S-80-S"},{"r":"161","t":"16:36:55","h":"Est","s":"25N-H55N000S-82-S"},{"r":"161","t":"16:36:55","h":"Est","s":"25N-H55NV10S-85-S"},{"r":"161","t":"16:36:55","h":"Est","s":"25N-H55NV20S-81-S"},{"r":"161","t":"16:36:55","h":"Est","s":"25S-H55S000S-82-S"},{"r":"161","t":"16:41:43","h":"Est","s":"25N-H55N000I-80-I"},{"r":"161","t":"16:41:43","h":"Est","s":"25N-H55N100F-80-F1"},{"r":"161","t":"16:41:43","h":"Est","s":"25N-H55N200F-80-F2"},{"r":"161","t":"16:41:43","h":"Est","s":"25N-H55N300F-80-F3"},{"r":"161","t":"16:41:43","h":"Est","s":"25N-H55N400F-80-F4"},{"r":"161","t":"16:41:43","h":"Est","s":"25N-H55NV10I-80-I"},{"r":"161","t":"16:41:43","h":"Est","s":"25N-H55NV20I-80-I"},{"r":"161","t":"16:41:43","h":"Est","s":"25S-H55S000I-80-I"},{"r":"161","t":"16:41:43","h":"Est","s":"25S-H55S100F-80-F1"},{"r":"161","t":"16:41:43","h":"Est","s":"25S-H55S200F-80-F2"},{"r":"161","t":"16:42:55","h":"Est","s":"25N-H55N000A-80-A"},{"r":"161","t":"16:42:55","h":"Est","s":"25N-H55NV10A-80-A"},{"r":"161","t":"16:42:55","h":"Est","s":"25N-H55NV20A-80-A"},{"r":"161","t":"16:42:55","h":"Est","s":"25S-H55S000A-80-A"},{"r":"161","t":"16:44:55","h":"Est","s":"25N-H55N000S-80-S"},{"r":"161","t":"16:44:55","h":"Est","s":"25N-H55N000S-82-S"},{"r":"161","t":"16:44:55","h":"Est","s":"25N-H55NV10S-85-S"},{"r":"161","t":"16:44:55","h":"Est","s":"25N-H55NV20S-81-S"},{"r":"161","t":"16:44:55","h":"Est","s":"25S-H55S000S-82-S"},{"r":"161","t":"16:51:55","h":"Est","s":"25N-H55N000S-80-S"},{"r":"161","t":"16:51:55","h":"Est","s":"25N-H55N000S-82-S"},{"r":"161","t":"16:51:55","h":"Est","s":"25N-H55NV10S-85-S"},{"r":"161","t":"16:51:55","h":"Est","s":"25N-H55NV20S-81-S"},{"r":"161","t":"16:51:55","h":"Est","s":"25S-H55S000S-82-S"},{"r":"161","t":"16:54:55","h":"Est","s":"25N-H55N000A-80-A"},{"r":"161","t":"16:54:55","h":"Est","s":"25N-H55NV10A-80-A"},{"r":"161","t":"16:54:55","h":"Est","s":"25N-H55NV20A-80-A"},{"r":"161","t":"16:54:55","h":"Est","s":"25S-H55S000A-80-A"},{"r":"161","t":"16:55:43","h":"Est","s":"25N-H55N000I-80-I"},{"r":"161","t":"16:55:43","h":"Est","s":"25N-H55N100F-80-F1"},{"r":"161","t":"16:55:43","h":"Est","s":"25N-H55N200F-80-F2"},{"r":"161","t":"16:55:43","h":"Est","s":"25N-H55N300F-80-F3"},{"r":"161","t":"16:55:43","h":"Est","s":"25N-H55N400F-80-F4"},{"r":"161","t":"16:55:43","h":"Est","s":"25N-H55NV10I-80-I"},{"r":"161","t":"16:55:43","h":"Est","s":"25N-H55NV20I-80-I"},{"r":"161","t":"16:55:43","h":"Est","s":"25S-H55S000I-80-I"},{"r":"161","t":"16:55:43","h":"Est","s":"25S-H55S100F-80-F1"},{"r":"161","t":"16:55:43","h":"Est","s":"25S-H55S200F-80-F2"},{"r":"161","t":"16:57:55","h":"Est","s":"25N-H55N000S-80-S"},{"r":"161","t":"16:57:55","h":"Est","s":"25N-H55N000S-82-S"},{"r":"161","t":"16:57:55","h":"Est","s":"25N-H55NV10S-85-S"},{"r":"161","t":"16:57:55","h":"Est","s":"25N-H55NV20S-81-S"},{"r":"161","t":"16:57:55","h":"Est","s":"25S-H55S000S-82-S"},{"r":"161","t":"17:02:55","h":"Est","s":"25N-H50N000S-80-S"},{"r":"161","t":"17:02:55","h":"Est","s":"25N-H50N000S-90-S"},{"r":"161","t":"17:02:55","h":"Est","s":"25N-H50NV10S-90-S"},{"r":"161","t":"17:02:55","h":"Est","s":"25N-H50NV20S-90-S"},{"r":"161","t":"17:02:55","h":"Est","s":"25S-H50S000S-81-S"},{"r":"161","t":"17:04:55","h":"Est","s":"25N-H55N000A-80-A"},{"r":"161","t":"17:04:55","h":"Est","s":"25N-H55NV10A-80-A"},{"r":"161","t":"17:04:55","h":"Est","s":"25N-H55NV20A-80-A"},{"r":"161","t":"17:04:55","h":"Est","s":"25S-H55S000A-80-A"},{"r":"161","t":"17:07:55","h":"Est","s":"25N-H55N000S-80-S"},{"r":"161","t":"17:07:55","h":"Est","s":"25N-H55N000S-82-S"},{"r":"161","t":"17:07:55","h":"Est","s":"25N-H55NV10S-85-S"},{"r":"161","t":"17:07:55","h":"Est","s":"25N-H55NV20S-81-S"},{"r":"161","t":"17:07:55","h":"Est","s":"25S-H55S000S-82-S"},{"r":"161","t":"17:09:43","h":"Est","s":"25N-H55N000I-80-I"},{"r":"161","t":"17:09:43","h":"Est","s":"25N-H55N100F-80-F1"},{"r":"161","t":"17:09:43","h":"Est","s":"25N-H55N200F-80-F2"},{"r":"161","t":"17:09:43","h":"Est","s":"25N-H55N300F-80-F3"},{"r":"161","t":"17:09:43","h":"Est","s":"25N-H55N400F-80-F4"},{"r":"161","t":"17:09:43","h":"Est","s":"25N-H55NV10I-80-I"},{"r":"161","t":"17:09:43","h":"Est","s":"25N-H55NV20I-80-I"},{"r":"161","t":"17:09:43","h":"Est","s":"25S-H55S000I-80-I"},{"r":"161","t":"17:09:43","h":"Est","s":"25S-H55S100F-80-F1"},{"r":"161","t":"17:09:43","h":"Est","s":"25S-H55S200F-80-F2"},{"r":"161","t":"17:12:55","h":"Est","s":"25N-H55N000S-80-S"},{"r":"161","t":"17:12:55","h":"Est","s":"25N-H55N000S-82-S"},{"r":"161","t":"17:12:55","h":"Est","s":"25N-H55NV10S-85-S"},{"r":"161","t":"17:12:55","h":"Est","s":"25N-H55NV20S-81-S"},{"r":"161","t":"17:12:55","h":"Est","s":"25S-H55S000S-82-S"},{"r":"161","t":"17:14:55","h":"Est","s":"25N-H55N000A-80-A"},{"r":"161","t":"17:14:55","h":"Est","s":"25N-H55NV10A-80-A"},{"r":"161","t":"17:14:55","h":"Est","s":"25N-H55NV20A-80-A"},{"r":"161","t":"17:14:55","h":"Est","s":"25S-H55S000A-80-A"},{"r":"161","t":"17:19:55","h":"Est","s":"25N-H55N000S-80-S"},{"r":"161","t":"17:19:55","h":"Est","s":"25N-H55N000S-82-S"},{"r":"161","t":"17:19:55","h":"Est","s":"25N-H55NV10S-85-S"},{"r":"161","t":"17:19:55","h":"Est","s":"25N-H55NV20S-81-S"},{"r":"161","t":"17:19:55","h":"Est","s":"25S-H55S000S-82-S"},{"r":"161","t":"17:23:43","h":"Est","s":"25N-H55N000I-80-I"},{"r":"161","t":"17:23:43","h":"Est","s":"25N-H55N100F-80-F1"},{"r":"161","t":"17:23:43","h":"Est","s":"25N-H55N200F-80-F2"},{"r":"161","t":"17:23:43","h":"Est","s":"25N-H55N300F-80-F3"},{"r":"161","t":"17:23:43","h":"Est","s":"25N-H55N400F-80-F4"},{"r":"161","t":"17:23:43","h":"Est","s":"25N-H55NV10I-80-I"},{"r":"161","t":"17:23:43","h":"Est","s":"25N-H55NV20I-80-I"},{"r":"161","t":"17:23:43","h":"Est","s":"25S-H55S000I-80-I"},{"r":"161","t":"17:23:43","h":"Est","s":"25S-H55S100F-80-F1"},{"r":"161","t":"17:23:43","h":"Est","s":"25S-H55S200F-80-F2"},{"r":"161","t":"17:24:55","h":"Est","s":"25N-H55N000A-80-A"},{"r":"161","t":"17:24:55","h":"Est","s":"25N-H55NV10A-80-A"},{"r":"161","t":"17:24:55","h":"Est","s":"25N-H55NV20A-80-A"},{"r":"161","t":"17:24:55","h":"Est","s":"25S-H55S000A-80-A"},{"r":"161","t":"17:27:55","h":"Est","s":"25N-H55N000S-80-S"},{"r":"161","t":"17:27:55","h":"Est","s":"25N-H55N000S-82-S"},{"r":"161","t":"17:27:55","h":"Est","s":"25N-H55NV10S-85-S"},{"r":"161","t":"17:27:55","h":"Est","s":"25N-H55NV20S-81-S"},{"r":"161","t":"17:27:55","h":"Est","s":"25S-H55S000S-82-S"},{"r":"161","t":"17:34:55","h":"Est","s":"25N-H55N000A-80-A"},{"r":"161","t":"17:34:55","h":"Est","s":"25N-H55NV10A-80-A"},{"r":"161","t":"17:34:55","h":"Est","s":"25N-H55NV20A-80-A"},{"r":"161","t":"17:34:55","h":"Est","s":"25S-H55S000A-80-A"},{"r":"161","t":"17:35:08","h":"Est","s":"25N-H55N000S-80-S"},{"r":"161","t":"17:35:08","h":"Est","s":"25N-H55N000S-82-S"},{"r":"161","t":"17:35:08","h":"Est","s":"25N-H55NV10S-85-S"},{"r":"161","t":"17:35:08","h":"Est","s":"25N-H55NV20S-81-S"},{"r":"161","t":"17:35:08","h":"Est","s":"25S-H55S000S-82-S"},{"r":"161","t":"17:36:43","h":"Est","s":"25N-H55N000I-80-I"},{"r":"161","t":"17:36:43","h":"Est","s":"25N-H55N100F-80-F1"},{"r":"161","t":"17:36:43","h":"Est","s":"25N-H55N200F-80-F2"},{"r":"161","t":"17:36:43","h":"Est","s":"25N-H55N300F-80-F3"},{"r":"161","t":"17:36:43","h":"Est","s":"25N-H55N400F-80-F4"},{"r":"161","t":"17:36:43","h":"Est","s":"25N-H55NV10I-80-I"},{"r":"161","t":"17:36:43","h":"Est","s":"25N-H55NV20I-80-I"},{"r":"161","t":"17:36:43","h":"Est","s":"25S-H55S000I-80-I"},{"r":"161","t":"17:36:43","h":"Est","s":"25S-H55S100F-80-F1"},{"r":"161","t":"17:36:43","h":"Est","s":"25S-H55S200F-80-F2"},{"r":"161","t":"17:43:08","h":"Est","s":"25N-H55N000S-80-S"},{"r":"161","t":"17:43:08","h":"Est","s":"25N-H55N000S-82-S"},{"r":"161","t":"17:43:08","h":"Est","s":"25N-H55NV10S-85-S"},{"r":"161","t":"17:43:08","h":"Est","s":"25N-H55NV20S-81-S"},{"r":"161","t":"17:43:08","h":"Est","s":"25S-H55S000S-82-S"},{"r":"161","t":"17:44:55","h":"Est","s":"25N-H55N000A-80-A"},{"r":"161","t":"17:44:55","h":"Est","s":"25N-H55NV10A-80-A"},{"r":"161","t":"17:44:55","h":"Est","s":"25N-H55NV20A-80-A"},{"r":"161","t":"17:44:55","h":"Est","s":"25S-H55S000A-80-A"},{"r":"161","t":"17:50:43","h":"Est","s":"25N-H55N000I-80-I"},{"r":"161","t":"17:50:43","h":"Est","s":"25N-H55N100F-80-F1"},{"r":"161","t":"17:50:43","h":"Est","s":"25N-H55N200F-80-F2"},{"r":"161","t":"17:50:43","h":"Est","s":"25N-H55N300F-80-F3"},{"r":"161","t":"17:50:43","h":"Est","s":"25N-H55N400F-80-F4"},{"r":"161","t":"17:50:43","h":"Est","s":"25N-H55NV10I-80-I"},{"r":"161","t":"17:50:43","h":"Est","s":"25N-H55NV20I-80-I"},{"r":"161","t":"17:50:43","h":"Est","s":"25S-H55S000I-80-I"},{"r":"161","t":"17:50:43","h":"Est","s":"25S-H55S100F-80-F1"},{"r":"161","t":"17:50:43","h":"Est","s":"25S-H55S200F-80-F2"},{"r":"161","t":"17:51:08","h":"Est","s":"25N-H55N000S-80-S"},{"r":"161","t":"17:51:08","h":"Est","s":"25N-H55N000S-82-S"},{"r":"161","t":"17:51:08","h":"Est","s":"25N-H55NV10S-85-S"},{"r":"161","t":"17:51:08","h":"Est","s":"25N-H55NV20S-81-S"},{"r":"161","t":"17:51:08","h":"Est","s":"25S-H55S000S-82-S"},{"r":"161","t":"17:54:55","h":"Est","s":"25N-H55N000A-80-A"},{"r":"161","t":"17:54:55","h":"Est","s":"25N-H55NV10A-80-A"},{"r":"161","t":"17:54:55","h":"Est","s":"25N-H55NV20A-80-A"},{"r":"161","t":"17:54:55","h":"Est","s":"25S-H55S000A-80-A"},{"r":"161","t":"18:01:08","h":"Est","s":"25N-H55N000S-80-S"},{"r":"161","t":"18:01:08","h":"Est","s":"25N-H55N000S-82-S"},{"r":"161","t":"18:01:08","h":"Est","s":"25N-H55NV10S-85-S"},{"r":"161","t":"18:01:08","h":"Est","s":"25N-H55NV20S-81-S"},{"r":"161","t":"18:01:08","h":"Est","s":"25S-H55S000S-82-S"},{"r":"161","t":"18:03:08","h":"Est","s":"25N-H55N000I-80-I"},{"r":"161","t":"18:03:08","h":"Est","s":"25N-H55N100F-80-F1"},{"r":"161","t":"18:03:08","h":"Est","s":"25N-H55N200F-80-F2"},{"r":"161","t":"18:03:08","h":"Est","s":"25N-H55N300F-80-F3"},{"r":"161","t":"18:03:08","h":"Est","s":"25N-H55N400F-80-F4"},{"r":"161","t":"18:03:08","h":"Est","s":"25N-H55NV10I-80-I"},{"r":"161","t":"18:03:08","h":"Est","s":"25N-H55NV20I-80-I"},{"r":"161","t":"18:03:08","h":"Est","s":"25S-H55S000I-80-I"},{"r":"161","t":"18:03:08","h":"Est","s":"25S-H55S100F-80-F1"},{"r":"161","t":"18:03:08","h":"Est","s":"25S-H55S200F-80-F2"},{"r":"161","t":"18:04:55","h":"Est","s":"25N-H55N000A-80-A"},{"r":"161","t":"18:04:55","h":"Est","s":"25N-H55NV10A-80-A"},{"r":"161","t":"18:04:55","h":"Est","s":"25N-H55NV20A-80-A"},{"r":"161","t":"18:04:55","h":"Est","s":"25S-H55S000A-80-A"},{"r":"161","t":"18:11:08","h":"Est","s":"25N-H55N000S-80-S"},{"r":"161","t":"18:11:08","h":"Est","s":"25N-H55N000S-82-S"},{"r":"161","t":"18:11:08","h":"Est","s":"25N-H55NV10S-85-S"},{"r":"161","t":"18:11:08","h":"Est","s":"25N-H55NV20S-81-S"},{"r":"161","t":"18:11:08","h":"Est","s":"25S-H55S000S-82-S"},{"r":"161","t":"18:16:55","h":"Est","s":"25N-H55N000A-80-A"},{"r":"161","t":"18:16:55","h":"Est","s":"25N-H55NV10A-80-A"},{"r":"161","t":"18:16:55","h":"Est","s":"25N-H55NV20A-80-A"},{"r":"161","t":"18:16:55","h":"Est","s":"25S-H55S000A-80-A"},{"r":"161","t":"18:18:08","h":"Est","s":"25N-H55N000I-80-I"},{"r":"161","t":"18:18:08","h":"Est","s":"25N-H55N100F-80-F1"},{"r":"161","t":"18:18:08","h":"Est","s":"25N-H55N200F-80-F2"},{"r":"161","t":"18:18:08","h":"Est","s":"25N-H55N300F-80-F3"},{"r":"161","t":"18:18:08","h":"Est","s":"25N-H55N400F-80-F4"},{"r":"161","t":"18:18:08","h":"Est","s":"25N-H55NV10I-80-I"},{"r":"161","t":"18:18:08","h":"Est","s":"25N-H55NV20I-80-I"},{"r":"161","t":"18:18:08","h":"Est","s":"25S-H55S000I-80-I"},{"r":"161","t":"18:18:08","h":"Est","s":"25S-H55S100F-80-F1"},{"r":"161","t":"18:18:08","h":"Est","s":"25S-H55S200F-80-F2"},{"r":"161","t":"18:21:08","h":"Est","s":"25N-H55N000S-80-S"},{"r":"161","t":"18:21:08","h":"Est","s":"25N-H55N000S-82-S"},{"r":"161","t":"18:21:08","h":"Est","s":"25N-H55NV10S-85-S"},{"r":"161","t":"18:21:08","h":"Est","s":"25N-H55NV20S-81-S"},{"r":"161","t":"18:21:08","h":"Est","s":"25S-H55S000S-82-S"},{"r":"161","t":"18:29:55","h":"Est","s":"25N-H55N000A-80-A"},{"r":"161","t":"18:29:55","h":"Est","s":"25N-H55NV10A-80-A"},{"r":"161","t":"18:29:55","h":"Est","s":"25N-H55NV20A-80-A"},{"r":"161","t":"18:29:55","h":"Est","s":"25S-H55S000A-80-A"},{"r":"161","t":"18:31:08","h":"Est","s":"25N-H55N000S-80-S"},{"r":"161","t":"18:31:08","h":"Est","s":"25N-H55N000S-82-S"},{"r":"161","t":"18:31:08","h":"Est","s":"25N-H55NV10S-85-S"},{"r":"161","t":"18:31:08","h":"Est","s":"25N-H55NV20S-81-S"},{"r":"161","t":"18:31:08","h":"Est","s":"25S-H55S000S-82-S"},{"r":"161","t":"18:34:08","h":"Est","s":"25N-H55N000I-80-I"},{"r":"161","t":"18:34:08","h":"Est","s":"25N-H55N100F-80-F1"},{"r":"161","t":"18:34:08","h":"Est","s":"25N-H55N200F-80-F2"},{"r":"161","t":"18:34:08","h":"Est","s":"25N-H55N300F-80-F3"},{"r":"161","t":"18:34:08","h":"Est","s":"25N-H55N400F-80-F4"},{"r":"161","t":"18:34:08","h":"Est","s":"25N-H55NV10I-80-I"},{"r":"161","t":"18:34:08","h":"Est","s":"25N-H55NV20I-80-I"},{"r":"161","t":"18:34:08","h":"Est","s":"25S-H55S000I-80-I"},{"r":"161","t":"18:34:08","h":"Est","s":"25S-H55S100F-80-F1"},{"r":"161","t":"18:34:08","h":"Est","s":"25S-H55S200F-80-F2"},{"r":"161","t":"18:41:08","h":"Est","s":"25N-H55N000S-80-S"},{"r":"161","t":"18:41:08","h":"Est","s":"25N-H55N000S-82-S"},{"r":"161","t":"18:41:08","h":"Est","s":"25N-H55NV10S-85-S"},{"r":"161","t":"18:41:08","h":"Est","s":"25N-H55NV20S-81-S"},{"r":"161","t":"18:41:08","h":"Est","s":"25S-H55S000S-82-S"},{"r":"161","t":"18:44:55","h":"Est","s":"25N-H55N000A-80-A"},{"r":"161","t":"18:44:55","h":"Est","s":"25N-H55NV10A-80-A"},{"r":"161","t":"18:44:55","h":"Est","s":"25N-H55NV20A-80-A"},{"r":"161","t":"18:44:55","h":"Est","s":"25S-H55S000A-80-A"},{"r":"161","t":"18:50:08","h":"Est","s":"25N-H55N000I-80-I"},{"r":"161","t":"18:50:08","h":"Est","s":"25N-H55N100F-80-F1"},{"r":"161","t":"18:50:08","h":"Est","s":"25N-H55N200F-80-F2"},{"r":"161","t":"18:50:08","h":"Est","s":"25N-H55N300F-80-F3"},{"r":"161","t":"18:50:08","h":"Est","s":"25N-H55N400F-80-F4"},{"r":"161","t":"18:50:08","h":"Est","s":"25N-H55NV10I-80-I"},{"r":"161","t":"18:50:08","h":"Est","s":"25N-H55NV20I-80-I"},{"r":"161","t":"18:50:08","h":"Est","s":"25S-H55S000I-80-I"},{"r":"161","t":"18:50:08","h":"Est","s":"25S-H55S100F-80-F1"},{"r":"161","t":"18:50:08","h":"Est","s":"25S-H55S200F-80-F2"},{"r":"161","t":"18:51:08","h":"Est","s":"25N-H55N000S-80-S"},{"r":"161","t":"18:51:08","h":"Est","s":"25N-H55N000S-82-S"},{"r":"161","t":"18:51:08","h":"Est","s":"25N-H55NV10S-85-S"},{"r":"161","t":"18:51:08","h":"Est","s":"25N-H55NV20S-81-S"},{"r":"161","t":"18:51:08","h":"Est","s":"25S-H55S000S-82-S"},{"r":"161","t":"18:59:55","h":"Est","s":"25N-H55N000A-80-A"},{"r":"161","t":"18:59:55","h":"Est","s":"25N-H55NV10A-80-A"},{"r":"161","t":"18:59:55","h":"Est","s":"25N-H55NV20A-80-A"},{"r":"161","t":"18:59:55","h":"Est","s":"25S-H55S000A-80-A"},{"r":"161","t":"19:01:08","h":"Est","s":"25N-H55N000S-80-S"},{"r":"161","t":"19:01:08","h":"Est","s":"25N-H55N000S-82-S"},{"r":"161","t":"19:01:08","h":"Est","s":"25N-H55NV10S-85-S"},{"r":"161","t":"19:01:08","h":"Est","s":"25N-H55NV20S-81-S"},{"r":"161","t":"19:01:08","h":"Est","s":"25S-H55S000S-82-S"},{"r":"161","t":"19:07:08","h":"Est","s":"25N-H55N000I-80-I"},{"r":"161","t":"19:07:08","h":"Est","s":"25N-H55N100F-80-F1"},{"r":"161","t":"19:07:08","h":"Est","s":"25N-H55N200F-80-F2"},{"r":"161","t":"19:07:08","h":"Est","s":"25N-H55N300F-80-F3"},{"r":"161","t":"19:07:08","h":"Est","s":"25N-H55N400F-80-F4"},{"r":"161","t":"19:07:08","h":"Est","s":"25N-H55NV10I-80-I"},{"r":"161","t":"19:07:08","h":"Est","s":"25N-H55NV20I-80-I"},{"r":"161","t":"19:07:08","h":"Est","s":"25S-H55S000I-80-I"},{"r":"161","t":"19:07:08","h":"Est","s":"25S-H55S100F-80-F1"},{"r":"161","t":"19:07:08","h":"Est","s":"25S-H55S200F-80-F2"},{"r":"161","t":"19:11:08","h":"Est","s":"25N-H55N000S-80-S"},{"r":"161","t":"19:11:08","h":"Est","s":"25N-H55N000S-82-S"},{"r":"161","t":"19:11:08","h":"Est","s":"25N-H55NV10S-85-S"},{"r":"161","t":"19:11:08","h":"Est","s":"25N-H55NV20S-81-S"},{"r":"161","t":"19:11:08","h":"Est","s":"25S-H55S000S-82-S"},{"r":"161","t":"19:15:08","h":"Est","s":"25N-H55N000A-80-A"},{"r":"161","t":"19:15:08","h":"Est","s":"25N-H55NV10A-80-A"},{"r":"161","t":"19:15:08","h":"Est","s":"25N-H55NV20A-80-A"},{"r":"161","t":"19:15:08","h":"Est","s":"25S-H55S000A-80-A"},{"r":"161","t":"19:21:08","h":"Est","s":"25N-H55N000S-80-S"},{"r":"161","t":"19:21:08","h":"Est","s":"25N-H55N000S-82-S"},{"r":"161","t":"19:21:08","h":"Est","s":"25N-H55NV10S-85-S"},{"r":"161","t":"19:21:08","h":"Est","s":"25N-H55NV20S-81-S"},{"r":"161","t":"19:21:08","h":"Est","s":"25S-H55S000S-82-S"},{"r":"161","t":"19:24:08","h":"Est","s":"25N-H55N000I-80-I"},{"r":"161","t":"19:24:08","h":"Est","s":"25N-H55N100F-80-F1"},{"r":"161","t":"19:24:08","h":"Est","s":"25N-H55N200F-80-F2"},{"r":"161","t":"19:24:08","h":"Est","s":"25N-H55N300F-80-F3"},{"r":"161","t":"19:24:08","h":"Est","s":"25N-H55N400F-80-F4"},{"r":"161","t":"19:24:08","h":"Est","s":"25N-H55NV10I-80-I"},{"r":"161","t":"19:24:08","h":"Est","s":"25N-H55NV20I-80-I"},{"r":"161","t":"19:24:08","h":"Est","s":"25S-H55S000I-80-I"},{"r":"161","t":"19:24:08","h":"Est","s":"25S-H55S100F-80-F1"},{"r":"161","t":"19:24:08","h":"Est","s":"25S-H55S200F-80-F2"},{"r":"161","t":"19:31:08","h":"Est","s":"25N-H55N000A-80-A"},{"r":"161","t":"19:31:08","h":"Est","s":"25N-H55N000S-80-S"},{"r":"161","t":"19:31:08","h":"Est","s":"25N-H55N000S-82-S"},{"r":"161","t":"19:31:08","h":"Est","s":"25N-H55NV10A-80-A"},{"r":"161","t":"19:31:08","h":"Est","s":"25N-H55NV10S-85-S"},{"r":"161","t":"19:31:08","h":"Est","s":"25N-H55NV20A-80-A"},{"r":"161","t":"19:31:08","h":"Est","s":"25N-H55NV20S-81-S"},{"r":"161","t":"19:31:08","h":"Est","s":"25S-H55S000A-80-A"},{"r":"161","t":"19:31:08","h":"Est","s":"25S-H55S000S-82-S"},{"r":"161","t":"19:41:08","h":"Est","s":"25N-H55N000S-80-S"},{"r":"161","t":"19:41:08","h":"Est","s":"25N-H55N000S-82-S"},{"r":"161","t":"19:41:08","h":"Est","s":"25N-H55NV10S-85-S"},{"r":"161","t":"19:41:08","h":"Est","s":"25N-H55NV20S-81-S"},{"r":"161","t":"19:41:08","h":"Est","s":"25S-H55S000S-82-S"},{"r":"161","t":"19:42:21","h":"Est","s":"25N-H55N000I-80-I"},{"r":"161","t":"19:42:21","h":"Est","s":"25N-H55N100F-80-F1"},{"r":"161","t":"19:42:21","h":"Est","s":"25N-H55N200F-80-F2"},{"r":"161","t":"19:42:21","h":"Est","s":"25N-H55N300F-80-F3"},{"r":"161","t":"19:42:21","h":"Est","s":"25N-H55N400F-80-F4"},{"r":"161","t":"19:42:21","h":"Est","s":"25N-H55NV10I-80-I"},{"r":"161","t":"19:42:21","h":"Est","s":"25N-H55NV20I-80-I"},{"r":"161","t":"19:42:21","h":"Est","s":"25S-H55S000I-80-I"},{"r":"161","t":"19:42:21","h":"Est","s":"25S-H55S100F-80-F1"},{"r":"161","t":"19:42:21","h":"Est","s":"25S-H55S200F-80-F2"},{"r":"161","t":"19:47:08","h":"Est","s":"25N-H55N000A-80-A"},{"r":"161","t":"19:47:08","h":"Est","s":"25N-H55NV10A-80-A"},{"r":"161","t":"19:47:08","h":"Est","s":"25N-H55NV20A-80-A"},{"r":"161","t":"19:47:08","h":"Est","s":"25S-H55S000A-80-A"},{"r":"161","t":"19:54:08","h":"Est","s":"25N-H55N000S-80-S"},{"r":"161","t":"19:54:08","h":"Est","s":"25N-H55N000S-82-S"},{"r":"161","t":"19:54:08","h":"Est","s":"25N-H55NV10S-85-S"},{"r":"161","t":"19:54:08","h":"Est","s":"25N-H55NV20S-81-S"},{"r":"161","t":"19:54:08","h":"Est","s":"25S-H55S000S-82-S"},{"r":"161","t":"20:04:21","h":"Est","s":"25N-H55N000I-80-I"},{"r":"161","t":"20:04:21","h":"Est","s":"25N-H55N100F-80-F1"},{"r":"161","t":"20:04:21","h":"Est","s":"25N-H55N200F-80-F2"},{"r":"161","t":"20:04:21","h":"Est","s":"25N-H55N300F-80-F3"},{"r":"161","t":"20:04:21","h":"Est","s":"25N-H55N400F-80-F4"},{"r":"161","t":"20:04:21","h":"Est","s":"25N-H55NV10I-80-I"},{"r":"161","t":"20:04:21","h":"Est","s":"25N-H55NV20I-80-I"},{"r":"161","t":"20:04:21","h":"Est","s":"25S-H55S000I-80-I"},{"r":"161","t":"20:04:21","h":"Est","s":"25S-H55S100F-80-F1"},{"r":"161","t":"20:04:21","h":"Est","s":"25S-H55S200F-80-F2"},{"r":"161","t":"20:07:08","h":"Est","s":"25N-H55N000S-80-S"},{"r":"161","t":"20:07:08","h":"Est","s":"25N-H55N000S-82-S"},{"r":"161","t":"20:07:08","h":"Est","s":"25N-H55NV10S-85-S"},{"r":"161","t":"20:07:08","h":"Est","s":"25N-H55NV20S-81-S"},{"r":"161","t":"20:07:08","h":"Est","s":"25S-H55S000S-82-S"},{"r":"161","t":"20:08:08","h":"Est","s":"25N-H55N000A-80-A"},{"r":"161","t":"20:08:08","h":"Est","s":"25N-H55NV10A-80-A"},{"r":"161","t":"20:08:08","h":"Est","s":"25N-H55NV20A-80-A"},{"r":"161","t":"20:08:08","h":"Est","s":"25S-H55S000A-80-A"},{"r":"161","t":"20:24:08","h":"Est","s":"25N-H55N000S-80-S"},{"r":"161","t":"20:24:08","h":"Est","s":"25N-H55N000S-82-S"},{"r":"161","t":"20:24:08","h":"Est","s":"25N-H55NV10S-85-S"},{"r":"161","t":"20:24:08","h":"Est","s":"25N-H55NV20S-81-S"},{"r":"161","t":"20:24:08","h":"Est","s":"25S-H55S000S-82-S"},{"r":"161","t":"20:26:21","h":"Est","s":"25N-H55N000I-80-I"},{"r":"161","t":"20:26:21","h":"Est","s":"25N-H55N100F-80-F1"},{"r":"161","t":"20:26:21","h":"Est","s":"25N-H55N200F-80-F2"},{"r":"161","t":"20:26:21","h":"Est","s":"25N-H55N300F-80-F3"},{"r":"161","t":"20:26:21","h":"Est","s":"25N-H55N400F-80-F4"},{"r":"161","t":"20:26:21","h":"Est","s":"25N-H55NV10I-80-I"},{"r":"161","t":"20:26:21","h":"Est","s":"25N-H55NV20I-80-I"},{"r":"161","t":"20:26:21","h":"Est","s":"25S-H55S000I-80-I"},{"r":"161","t":"20:26:21","h":"Est","s":"25S-H55S100F-80-F1"},{"r":"161","t":"20:26:21","h":"Est","s":"25S-H55S200F-80-F2"},{"r":"161","t":"20:30:08","h":"Est","s":"25N-H55N000A-80-A"},{"r":"161","t":"20:30:08","h":"Est","s":"25N-H55NV10A-80-A"},{"r":"161","t":"20:30:08","h":"Est","s":"25N-H55NV20A-80-A"},{"r":"161","t":"20:30:08","h":"Est","s":"25S-H55S000A-80-A"},{"r":"161","t":"20:44:08","h":"Est","s":"25N-H55N000S-80-S"},{"r":"161","t":"20:44:08","h":"Est","s":"25N-H55N000S-82-S"},{"r":"161","t":"20:44:08","h":"Est","s":"25N-H55NV10S-85-S"},{"r":"161","t":"20:44:08","h":"Est","s":"25N-H55NV20S-81-S"},{"r":"161","t":"20:44:08","h":"Est","s":"25S-H55S000S-82-S"},{"r":"161","t":"20:47:21","h":"Est","s":"25N-H55N000I-80-I"},{"r":"161","t":"20:47:21","h":"Est","s":"25N-H55N100F-80-F1"},{"r":"161","t":"20:47:21","h":"Est","s":"25N-H55N200F-80-F2"},{"r":"161","t":"20:47:21","h":"Est","s":"25N-H55N300F-80-F3"},{"r":"161","t":"20:47:21","h":"Est","s":"25N-H55N400F-80-F4"},{"r":"161","t":"20:47:21","h":"Est","s":"25N-H55NV10I-80-I"},{"r":"161","t":"20:47:21","h":"Est","s":"25N-H55NV20I-80-I"},{"r":"161","t":"20:47:21","h":"Est","s":"25S-H55S000I-80-I"},{"r":"161","t":"20:47:21","h":"Est","s":"25S-H55S100F-80-F1"},{"r":"161","t":"20:47:21","h":"Est","s":"25S-H55S200F-80-F2"},{"r":"161","t":"20:52:08","h":"Est","s":"25N-H55N000A-80-A"},{"r":"161","t":"20:52:08","h":"Est","s":"25N-H55NV10A-80-A"},{"r":"161","t":"20:52:08","h":"Est","s":"25N-H55NV20A-80-A"},{"r":"161","t":"20:52:08","h":"Est","s":"25S-H55S000A-80-A"},{"r":"161","t":"21:04:08","h":"Est","s":"25N-H55N000S-80-S"},{"r":"161","t":"21:04:08","h":"Est","s":"25N-H55N000S-82-S"},{"r":"161","t":"21:04:08","h":"Est","s":"25N-H55NV10S-85-S"},{"r":"161","t":"21:04:08","h":"Est","s":"25N-H55NV20S-81-S"},{"r":"161","t":"21:04:08","h":"Est","s":"25S-H55S000S-82-S"},{"r":"161","t":"21:09:21","h":"Est","s":"25N-H55N000I-80-I"},{"r":"161","t":"21:09:21","h":"Est","s":"25N-H55N100F-80-F1"},{"r":"161","t":"21:09:21","h":"Est","s":"25N-H55N200F-80-F2"},{"r":"161","t":"21:09:21","h":"Est","s":"25N-H55N300F-80-F3"},{"r":"161","t":"21:09:21","h":"Est","s":"25N-H55N400F-80-F4"},{"r":"161","t":"21:09:21","h":"Est","s":"25N-H55NV10I-80-I"},{"r":"161","t":"21:09:21","h":"Est","s":"25N-H55NV20I-80-I"},{"r":"161","t":"21:09:21","h":"Est","s":"25S-H55S000I-80-I"},{"r":"161","t":"21:09:21","h":"Est","s":"25S-H55S100F-80-F1"},{"r":"161","t":"21:09:21","h":"Est","s":"25S-H55S200F-80-F2"},{"r":"161","t":"21:22:21","h":"Est","s":"25N-H55N000A-80-A"},{"r":"161","t":"21:22:21","h":"Est","s":"25N-H55NV10A-80-A"},{"r":"161","t":"21:22:21","h":"Est","s":"25N-H55NV20A-80-A"},{"r":"161","t":"21:22:21","h":"Est","s":"25S-H55S000A-80-A"},{"r":"161","t":"21:28:08","h":"Est","s":"25N-H55N000S-80-S"},{"r":"161","t":"21:28:08","h":"Est","s":"25N-H55N000S-82-S"},{"r":"161","t":"21:28:08","h":"Est","s":"25N-H55NV10S-85-S"},{"r":"161","t":"21:28:08","h":"Est","s":"25N-H55NV20S-81-S"},{"r":"161","t":"21:28:08","h":"Est","s":"25S-H55S000S-82-S"},{"r":"161","t":"21:37:21","h":"Est","s":"25N-H55N000I-80-I"},{"r":"161","t":"21:37:21","h":"Est","s":"25N-H55N100F-80-F1"},{"r":"161","t":"21:37:21","h":"Est","s":"25N-H55N200F-80-F2"},{"r":"161","t":"21:37:21","h":"Est","s":"25N-H55N300F-80-F3"},{"r":"161","t":"21:37:21","h":"Est","s":"25N-H55N400F-80-F4"},{"r":"161","t":"21:37:21","h":"Est","s":"25N-H55NV10I-80-I"},{"r":"161","t":"21:37:21","h":"Est","s":"25N-H55NV20I-80-I"},{"r":"161","t":"21:37:21","h":"Est","s":"25S-H55S000I-80-I"},{"r":"161","t":"21:37:21","h":"Est","s":"25S-H55S100F-80-F1"},{"r":"161","t":"21:37:21","h":"Est","s":"25S-H55S200F-80-F2"},{"r":"161","t":"21:54:08","h":"Est","s":"25N-H55N000S-80-S"},{"r":"161","t":"21:54:08","h":"Est","s":"25N-H55N000S-82-S"},{"r":"161","t":"21:54:08","h":"Est","s":"25N-H55NV10S-85-S"},{"r":"161","t":"21:54:08","h":"Est","s":"25N-H55NV20S-81-S"},{"r":"161","t":"21:54:08","h":"Est","s":"25S-H55S000S-82-S"},{"r":"161","t":"21:54:21","h":"Est","s":"25N-H55N000A-80-A"},{"r":"161","t":"21:54:21","h":"Est","s":"25N-H55NV10A-80-A"},{"r":"161","t":"21:54:21","h":"Est","s":"25N-H55NV20A-80-A"},{"r":"161","t":"21:54:21","h":"Est","s":"25S-H55S000A-80-A"},{"r":"161","t":"22:07:21","h":"Est","s":"25N-H55N000I-80-I"},{"r":"161","t":"22:07:21","h":"Est","s":"25N-H55N100F-80-F1"},{"r":"161","t":"22:07:21","h":"Est","s":"25N-H55N200F-80-F2"},{"r":"161","t":"22:07:21","h":"Est","s":"25N-H55N300F-80-F3"},{"r":"161","t":"22:07:21","h":"Est","s":"25N-H55N400F-80-F4"},{"r":"161","t":"22:07:21","h":"Est","s":"25N-H55NV10I-80-I"},{"r":"161","t":"22:07:21","h":"Est","s":"25N-H55NV20I-80-I"},{"r":"161","t":"22:07:21","h":"Est","s":"25S-H55S000I-80-I"},{"r":"161","t":"22:07:21","h":"Est","s":"25S-H55S100F-80-F1"},{"r":"161","t":"22:07:21","h":"Est","s":"25S-H55S200F-80-F2"},{"r":"161","t":"22:20:08","h":"Est","s":"25N-H55N000S-80-S"},{"r":"161","t":"22:20:08","h":"Est","s":"25N-H55N000S-82-S"},{"r":"161","t":"22:20:08","h":"Est","s":"25N-H55NV10S-85-S"},{"r":"161","t":"22:20:08","h":"Est","s":"25N-H55NV20S-81-S"},{"r":"161","t":"22:20:08","h":"Est","s":"25S-H55S000S-82-S"},{"r":"161","t":"22:25:21","h":"Est","s":"25N-H55N000A-80-A"},{"r":"161","t":"22:25:21","h":"Est","s":"25N-H55NV10A-80-A"},{"r":"161","t":"22:25:21","h":"Est","s":"25N-H55NV20A-80-A"},{"r":"161","t":"22:25:21","h":"Est","s":"25S-H55S000A-80-A"},{"r":"161","t":"22:37:21","h":"Est","s":"25N-H55N000I-80-I"},{"r":"161","t":"22:37:21","h":"Est","s":"25N-H55N100F-80-F1"},{"r":"161","t":"22:37:21","h":"Est","s":"25N-H55N200F-80-F2"},{"r":"161","t":"22:37:21","h":"Est","s":"25N-H55N300F-80-F3"},{"r":"161","t":"22:37:21","h":"Est","s":"25N-H55N400F-80-F4"},{"r":"161","t":"22:37:21","h":"Est","s":"25N-H55NV10I-80-I"},{"r":"161","t":"22:37:21","h":"Est","s":"25N-H55NV20I-80-I"},{"r":"161","t":"22:37:21","h":"Est","s":"25S-H55S000I-80-I"},{"r":"161","t":"22:37:21","h":"Est","s":"25S-H55S100F-80-F1"},{"r":"161","t":"22:37:21","h":"Est","s":"25S-H55S200F-80-F2"},{"r":"161","t":"22:48:08","h":"Est","s":"25N-H55N000S-80-S"},{"r":"161","t":"22:48:08","h":"Est","s":"25N-H55N000S-82-S"},{"r":"161","t":"22:48:08","h":"Est","s":"25N-H55NV10S-85-S"},{"r":"161","t":"22:48:08","h":"Est","s":"25N-H55NV20S-81-S"},{"r":"161","t":"22:48:08","h":"Est","s":"25S-H55S000S-82-S"},{"r":"161","t":"22:55:21","h":"Est","s":"25N-H55N000A-80-A"},{"r":"161","t":"22:55:21","h":"Est","s":"25N-H55NV10A-80-A"},{"r":"161","t":"22:55:21","h":"Est","s":"25N-H55NV20A-80-A"},{"r":"161","t":"22:55:21","h":"Est","s":"25S-H55S000A-80-A"},{"r":"161","t":"23:05:21","h":"Est","s":"25N-H55N000I-80-I"},{"r":"161","t":"23:05:21","h":"Est","s":"25N-H55N100F-80-F1"},{"r":"161","t":"23:05:21","h":"Est","s":"25N-H55N200F-80-F2"},{"r":"161","t":"23:05:21","h":"Est","s":"25N-H55N300F-80-F3"},{"r":"161","t":"23:05:21","h":"Est","s":"25N-H55N400F-80-F4"},{"r":"161","t":"23:05:21","h":"Est","s":"25N-H55NV10I-80-I"},{"r":"161","t":"23:05:21","h":"Est","s":"25N-H55NV20I-80-I"},{"r":"161","t":"23:05:21","h":"Est","s":"25S-H55S000I-80-I"},{"r":"161","t":"23:05:21","h":"Est","s":"25S-H55S100F-80-F1"},{"r":"161","t":"23:05:21","h":"Est","s":"25S-H55S200F-80-F2"},{"r":"161","t":"23:16:08","h":"Est","s":"25N-H55N000S-80-S"},{"r":"161","t":"23:16:08","h":"Est","s":"25N-H55N000S-82-S"},{"r":"161","t":"23:16:08","h":"Est","s":"25N-H55NV10S-85-S"},{"r":"161","t":"23:16:08","h":"Est","s":"25N-H55NV20S-81-S"},{"r":"161","t":"23:16:08","h":"Est","s":"25S-H55S000S-82-S"},{"r":"161","t":"23:25:21","h":"Est","s":"25N-H55N000A-80-A"},{"r":"161","t":"23:25:21","h":"Est","s":"25N-H55NV10A-80-A"},{"r":"161","t":"23:25:21","h":"Est","s":"25N-H55NV20A-80-A"},{"r":"161","t":"23:25:21","h":"Est","s":"25S-H55S000A-80-A"},{"r":"161","t":"23:34:21","h":"Est","s":"25N-H55N000I-80-I"},{"r":"161","t":"23:34:21","h":"Est","s":"25N-H55N100F-80-F1"},{"r":"161","t":"23:34:21","h":"Est","s":"25N-H55N200F-80-F2"},{"r":"161","t":"23:34:21","h":"Est","s":"25N-H55N300F-80-F3"},{"r":"161","t":"23:34:21","h":"Est","s":"25N-H55N400F-80-F4"},{"r":"161","t":"23:34:21","h":"Est","s":"25N-H55NV10I-80-I"},{"r":"161","t":"23:34:21","h":"Est","s":"25N-H55NV20I-80-I"},{"r":"161","t":"23:34:21","h":"Est","s":"25S-H55S000I-80-I"},{"r":"161","t":"23:34:21","h":"Est","s":"25S-H55S100F-80-F1"},{"r":"161","t":"23:34:21","h":"Est","s":"25S-H55S200F-80-F2"},{"r":"161","t":"23:40:08","h":"Est","s":"25N-H55N000S-80-S"},{"r":"161","t":"23:40:08","h":"Est","s":"25N-H55N000S-82-S"},{"r":"161","t":"23:40:08","h":"Est","s":"25N-H55NV10S-85-S"},{"r":"161","t":"23:40:08","h":"Est","s":"25N-H55NV20S-81-S"},{"r":"161","t":"23:40:08","h":"Est","s":"25S-H55S000S-82-S"},{"r":"161","t":"23:56:21","h":"Est","s":"25N-H55N000A-80-A"},{"r":"161","t":"23:56:21","h":"Est","s":"25N-H55NV10A-80-A"},{"r":"161","t":"23:56:21","h":"Est","s":"25N-H55NV20A-80-A"},{"r":"161","t":"23:56:21","h":"Est","s":"25S-H55S000A-80-A"},{"r":"161","t":"24:00:08","h":"Est","s":"25N-H55N000S-80-S"},{"r":"161","t":"24:00:08","h":"Est","s":"25N-H55N000S-82-S"},{"r":"161","t":"24:00:08","h":"Est","s":"25N-H55NV10S-85-S"},{"r":"161","t":"24:00:08","h":"Est","s":"25N-H55NV20S-81-S"},{"r":"161","t":"24:00:08","h":"Est","s":"25S-H55S000S-82-S"},{"r":"161","t":"24:01:21","h":"Est","s":"25N-H55N000I-80-I"},{"r":"161","t":"24:01:21","h":"Est","s":"25N-H55N100F-80-F1"},{"r":"161","t":"24:01:21","h":"Est","s":"25N-H55N200F-80-F2"},{"r":"161","t":"24:01:21","h":"Est","s":"25N-H55N300F-80-F3"},{"r":"161","t":"24:01:21","h":"Est","s":"25N-H55N400F-80-F4"},{"r":"161","t":"24:01:21","h":"Est","s":"25N-H55NV10I-80-I"},{"r":"161","t":"24:01:21","h":"Est","s":"25N-H55NV20I-80-I"},{"r":"161","t":"24:01:21","h":"Est","s":"25S-H55S000I-80-I"},{"r":"161","t":"24:01:21","h":"Est","s":"25S-H55S100F-80-F1"},{"r":"161","t":"24:01:21","h":"Est","s":"25S-H55S200F-80-F2"},{"r":"161","t":"24:22:21","h":"Est","s":"25N-H55N000A-80-A"},{"r":"161","t":"24:22:21","h":"Est","s":"25N-H55NV10A-80-A"},{"r":"161","t":"24:22:21","h":"Est","s":"25N-H55NV20A-80-A"},{"r":"161","t":"24:22:21","h":"Est","s":"25S-H55S000A-80-A"},{"r":"161","t":"24:26:08","h":"Est","s":"25N-H55N000S-80-S"},{"r":"161","t":"24:26:08","h":"Est","s":"25N-H55N000S-82-S"},{"r":"161","t":"24:26:08","h":"Est","s":"25N-H55NV10S-85-S"},{"r":"161","t":"24:26:08","h":"Est","s":"25N-H55NV20S-81-S"},{"r":"161","t":"24:26:08","h":"Est","s":"25S-H55S000S-82-S"},{"r":"161","t":"24:27:21","h":"Est","s":"25N-H55N000I-80-I"},{"r":"161","t":"24:27:21","h":"Est","s":"25N-H55N100F-80-F1"},{"r":"161","t":"24:27:21","h":"Est","s":"25N-H55N200F-80-F2"},{"r":"161","t":"24:27:21","h":"Est","s":"25N-H55N300F-80-F3"},{"r":"161","t":"24:27:21","h":"Est","s":"25N-H55N400F-80-F4"},{"r":"161","t":"24:27:21","h":"Est","s":"25N-H55NV10I-80-I"},{"r":"161","t":"24:27:21","h":"Est","s":"25N-H55NV20I-80-I"},{"r":"161","t":"24:27:21","h":"Est","s":"25S-H55S000I-80-I"},{"r":"161","t":"24:27:21","h":"Est","s":"25S-H55S100F-80-F1"},{"r":"161","t":"24:27:21","h":"Est","s":"25S-H55S200F-80-F2"},{"r":"161","t":"24:50:21","h":"Est","s":"25N-H55N000A-80-A"},{"r":"161","t":"24:50:21","h":"Est","s":"25N-H55NV10A-80-A"},{"r":"161","t":"24:50:21","h":"Est","s":"25N-H55NV20A-80-A"},{"r":"161","t":"24:50:21","h":"Est","s":"25S-H55S000A-80-A"},{"r":"161","t":"24:53:21","h":"Est","s":"25N-H55N000I-80-I"},{"r":"161","t":"24:53:21","h":"Est","s":"25N-H55N100F-80-F1"},{"r":"161","t":"24:53:21","h":"Est","s":"25N-H55N200F-80-F2"},{"r":"161","t":"24:53:21","h":"Est","s":"25N-H55N300F-80-F3"},{"r":"161","t":"24:53:21","h":"Est","s":"25N-H55N400F-80-F4"},{"r":"161","t":"24:53:21","h":"Est","s":"25N-H55NV10I-80-I"},{"r":"161","t":"24:53:21","h":"Est","s":"25N-H55NV20I-80-I"},{"r":"161","t":"24:53:21","h":"Est","s":"25S-H55S000I-80-I"},{"r":"161","t":"24:53:21","h":"Est","s":"25S-H55S100F-80-F1"},{"r":"161","t":"24:53:21","h":"Est","s":"25S-H55S200F-80-F2"},{"r":"161","t":"24:54:08","h":"Est","s":"25N-H55N000S-80-S"},{"r":"161","t":"24:54:08","h":"Est","s":"25N-H55N000S-82-S"},{"r":"161","t":"24:54:08","h":"Est","s":"25N-H55NV10S-85-S"},{"r":"161","t":"24:54:08","h":"Est","s":"25N-H55NV20S-81-S"},{"r":"161","t":"24:54:08","h":"Est","s":"25S-H55S000S-82-S"},{"r":"161","t":"25:10:21","h":"Est","s":"25N-H55N000A-80-A"},{"r":"161","t":"25:10:21","h":"Est","s":"25N-H55NV10A-80-A"},{"r":"161","t":"25:10:21","h":"Est","s":"25N-H55NV20A-80-A"},{"r":"161","t":"25:10:21","h":"Est","s":"25S-H55S000A-80-A"},{"r":"370","t":"25:32:22","h":"Est","s":"25N-H55N000I-80-I"},{"r":"370","t":"25:32:22","h":"Est","s":"25N-H55N100F-80-F1"},{"r":"370","t":"25:32:22","h":"Est","s":"25N-H55N200F-80-F2"},{"r":"370","t":"25:32:22","h":"Est","s":"25N-H55N300F-80-F3"},{"r":"370","t":"25:32:22","h":"Est","s":"25N-H55N400F-80-F4"},{"r":"370","t":"25:32:22","h":"Est","s":"25N-H55NV10I-80-I"},{"r":"370","t":"25:32:22","h":"Est","s":"25N-H55NV20I-80-I"},{"r":"370","t":"25:32:22","h":"Est","s":"25S-H55S000I-80-I"},{"r":"370","t":"25:32:22","h":"Est","s":"25S-H55S100F-80-F1"},{"r":"370","t":"25:32:22","h":"Est","s":"25S-H55S200F-80-F2"},{"r":"370","t":"25:33:03","h":"Est","s":"25N-H55N000A-80-A"},{"r":"370","t":"25:33:03","h":"Est","s":"25N-H55N000S-80-S"},{"r":"370","t":"25:33:03","h":"Est","s":"25N-H55N000S-82-S"},{"r":"370","t":"25:33:03","h":"Est","s":"25N-H55NV10A-80-A"},{"r":"370","t":"25:33:03","h":"Est","s":"25N-H55NV10S-85-S"},{"r":"370","t":"25:33:03","h":"Est","s":"25N-H55NV20A-80-A"},{"r":"370","t":"25:33:03","h":"Est","s":"25N-H55NV20S-81-S"},{"r":"370","t":"25:33:03","h":"Est","s":"25S-H55S000A-80-A"},{"r":"370","t":"25:33:03","h":"Est","s":"25S-H55S000S-82-S"},{"r":"370","t":"26:17:22","h":"Est","s":"25N-H55N000I-80-I"},{"r":"370","t":"26:17:22","h":"Est","s":"25N-H55N100F-80-F1"},{"r":"370","t":"26:17:22","h":"Est","s":"25N-H55N200F-80-F2"},{"r":"370","t":"26:17:22","h":"Est","s":"25N-H55N300F-80-F3"},{"r":"370","t":"26:17:22","h":"Est","s":"25N-H55N400F-80-F4"},{"r":"370","t":"26:17:22","h":"Est","s":"25N-H55NV10I-80-I"},{"r":"370","t":"26:17:22","h":"Est","s":"25N-H55NV20I-80-I"},{"r":"370","t":"26:17:22","h":"Est","s":"25S-H55S000I-80-I"},{"r":"370","t":"26:17:22","h":"Est","s":"25S-H55S100F-80-F1"},{"r":"370","t":"26:17:22","h":"Est","s":"25S-H55S200F-80-F2"},{"r":"370","t":"26:18:03","h":"Est","s":"25N-H55N000A-80-A"},{"r":"370","t":"26:18:03","h":"Est","s":"25N-H55N000S-80-S"},{"r":"370","t":"26:18:03","h":"Est","s":"25N-H55N000S-82-S"},{"r":"370","t":"26:18:03","h":"Est","s":"25N-H55NV10A-80-A"},{"r":"370","t":"26:18:03","h":"Est","s":"25N-H55NV10S-85-S"},{"r":"370","t":"26:18:03","h":"Est","s":"25N-H55NV20A-80-A"},{"r":"370","t":"26:18:03","h":"Est","s":"25N-H55NV20S-81-S"},{"r":"370","t":"26:18:03","h":"Est","s":"25S-H55S000A-80-A"},{"r":"370","t":"26:18:03","h":"Est","s":"25S-H55S000S-82-S"},{"r":"370","t":"27:02:22","h":"Est","s":"25N-H55N000I-80-I"},{"r":"370","t":"27:02:22","h":"Est","s":"25N-H55N000S-80-S"},{"r":"370","t":"27:02:22","h":"Est","s":"25N-H55N000S-82-S"},{"r":"370","t":"27:02:22","h":"Est","s":"25N-H55N100F-80-F1"},{"r":"370","t":"27:02:22","h":"Est","s":"25N-H55N200F-80-F2"},{"r":"370","t":"27:02:22","h":"Est","s":"25N-H55N300F-80-F3"},{"r":"370","t":"27:02:22","h":"Est","s":"25N-H55N400F-80-F4"},{"r":"370","t":"27:02:22","h":"Est","s":"25N-H55NV10I-80-I"},{"r":"370","t":"27:02:22","h":"Est","s":"25N-H55NV10S-85-S"},{"r":"370","t":"27:02:22","h":"Est","s":"25N-H55NV20I-80-I"},{"r":"370","t":"27:02:22","h":"Est","s":"25N-H55NV20S-81-S"},{"r":"370","t":"27:02:22","h":"Est","s":"25S-H55S000I-80-I"},{"r":"370","t":"27:02:22","h":"Est","s":"25S-H55S000S-82-S"},{"r":"370","t":"27:02:22","h":"Est","s":"25S-H55S100F-80-F1"},{"r":"370","t":"27:02:22","h":"Est","s":"25S-H55S200F-80-F2"},{"r":"370","t":"27:03:03","h":"Est","s":"25N-H55N000A-80-A"},{"r":"370","t":"27:03:03","h":"Est","s":"25N-H55NV10A-80-A"},{"r":"370","t":"27:03:03","h":"Est","s":"25N-H55NV20A-80-A"},{"r":"370","t":"27:03:03","h":"Est","s":"25S-H55S000A-80-A"},{"r":"370","t":"27:47:22","h":"Est","s":"25N-H55N000I-80-I"},{"r":"370","t":"27:47:22","h":"Est","s":"25N-H55N000S-80-S"},{"r":"370","t":"27:47:22","h":"Est","s":"25N-H55N000S-82-S"},{"r":"370","t":"27:47:22","h":"Est","s":"25N-H55N100F-80-F1"},{"r":"370","t":"27:47:22","h":"Est","s":"25N-H55N200F-80-F2"},{"r":"370","t":"27:47:22","h":"Est","s":"25N-H55N300F-80-F3"},{"r":"370","t":"27:47:22","h":"Est","s":"25N-H55N400F-80-F4"},{"r":"370","t":"27:47:22","h":"Est","s":"25N-H55NV10I-80-I"},{"r":"370","t":"27:47:22","h":"Est","s":"25N-H55NV10S-85-S"},{"r":"370","t":"27:47:22","h":"Est","s":"25N-H55NV20I-80-I"},{"r":"370","t":"27:47:22","h":"Est","s":"25N-H55NV20S-81-S"},{"r":"370","t":"27:47:22","h":"Est","s":"25S-H55S000I-80-I"},{"r":"370","t":"27:47:22","h":"Est","s":"25S-H55S000S-82-S"},{"r":"370","t":"27:47:22","h":"Est","s":"25S-H55S100F-80-F1"},{"r":"370","t":"27:47:22","h":"Est","s":"25S-H55S200F-80-F2"},{"r":"370","t":"27:48:03","h":"Est","s":"25N-H55N000A-80-A"},{"r":"370","t":"27:48:03","h":"Est","s":"25N-H55NV10A-80-A"},{"r":"370","t":"27:48:03","h":"Est","s":"25N-H55NV20A-80-A"},{"r":"370","t":"27:48:03","h":"Est","s":"25S-H55S000A-80-A"},{"r":"370","t":"28:31:42","h":"Est","s":"25N-H55N000A-80-A"},{"r":"370","t":"28:31:42","h":"Est","s":"25N-H55NV10A-80-A"},{"r":"370","t":"28:31:42","h":"Est","s":"25N-H55NV20A-80-A"},{"r":"370","t":"28:31:42","h":"Est","s":"25S-H55S000A-80-A"},{"r":"370","t":"28:32:22","h":"Est","s":"25N-H55N000I-80-I"},{"r":"370","t":"28:32:22","h":"Est","s":"25N-H55N000S-80-S"},{"r":"370","t":"28:32:22","h":"Est","s":"25N-H55N000S-82-S"},{"r":"370","t":"28:32:22","h":"Est","s":"25N-H55N100F-80-F1"},{"r":"370","t":"28:32:22","h":"Est","s":"25N-H55N200F-80-F2"},{"r":"370","t":"28:32:22","h":"Est","s":"25N-H55N300F-80-F3"},{"r":"370","t":"28:32:22","h":"Est","s":"25N-H55N400F-80-F4"},{"r":"370","t":"28:32:22","h":"Est","s":"25N-H55NV10I-80-I"},{"r":"370","t":"28:32:22","h":"Est","s":"25N-H55NV10S-85-S"},{"r":"370","t":"28:32:22","h":"Est","s":"25N-H55NV20I-80-I"},{"r":"370","t":"28:32:22","h":"Est","s":"25N-H55NV20S-81-S"},{"r":"370","t":"28:32:22","h":"Est","s":"25S-H55S000I-80-I"},{"r":"370","t":"28:32:22","h":"Est","s":"25S-H55S000S-82-S"},{"r":"370","t":"28:32:22","h":"Est","s":"25S-H55S100F-80-F1"},{"r":"370","t":"28:32:22","h":"Est","s":"25S-H55S200F-80-F2"}]