[{"r":"129","t":"06:33:07","h":"Nord","s":"25N-H55N000S-80-S"},{"r":"129","t":"06:33:07","h":"Nord","s":"25N-H55N000S-82-S"},{"r":"129","t":"06:33:07","h":"Nord","s":"25N-H55NV10S-85-S"},{"r":"129","t":"06:33:07","h":"Nord","s":"25N-H55NV20S-81-S"},{"r":"129","t":"06:33:07","h":"Nord","s":"25S-H55S000S-82-S"},{"r":"129","t":"06:37:50","h":"Nord","s":"25N-H55N000I-80-I"},{"r":"129","t":"06:37:50","h":"Nord","s":"25N-H55N100F-80-F1"},{"r":"129","t":"06:37:50","h":"Nord","s":"25N-H55N200F-80-F2"},{"r":"129","t":"06:37:50","h":"Nord","s":"25N-H55N300F-80-F3"},{"r":"129","t":"06:37:50","h":"Nord","s":"25N-H55N400F-80-F4"},{"r":"129","t":"06:37:50","h":"Nord","s":"25N-H55NV10I-80-I"},{"r":"129","t":"06:37:50","h":"Nord","s":"25N-H55NV20I-80-I"},{"r":"129","t":"06:37:50","h":"Nord","s":"25S-H55S000I-80-I"},{"r":"129","t":"06:37:50","h":"Nord","s":"25S-H55S100F-80-F1"},{"r":"129","t":"06:37:50","h":"Nord","s":"25S-H55S200F-80-F2"},{"r":"129","t":"06:46:50","h":"Nord","s":"25N-H55N000A-80-A"},{"r":"129","t":"06:46:50","h":"Nord","s":"25N-H55NV10A-80-A"},{"r":"129","t":"06:46:50","h":"Nord","s":"25N-H55NV20A-80-A"},{"r":"129","t":"06:46:50","h":"Nord","s":"25S-H55S000A-80-A"},{"r":"129","t":"07:05:07","h":"Nord","s":"25N-H59N000S-80-S"},{"r":"129","t":"07:05:07","h":"Nord","s":"25N-H59NV10S-84-S"},{"r":"129","t":"07:05:07","h":"Nord","s":"25N-H59NV20S-80-S"},{"r":"129","t":"07:05:07","h":"Nord","s":"25S-H59S000S-81-S"},{"r":"129","t":"07:19:50","h":"Nord","s":"25N-H55N000I-80-I"},{"r":"129","t":"07:19:50","h":"Nord","s":"25N-H55N100F-80-F1"},{"r":"129","t":"07:19:50","h":"Nord","s":"25N-H55N200F-80-F2"},{"r":"129","t":"07:19:50","h":"Nord","s":"25N-H55N300F-80-F3"},{"r":"129","t":"07:19:50","h":"Nord","s":"25N-H55N400F-80-F4"},{"r":"129","t":"07:19:50","h":"Nord","s":"25N-H55NV10I-80-I"},{"r":"129","t":"07:19:50","h":"Nord","s":"25N-H55NV20I-80-I"},{"r":"129","t":"07:19:50","h":"Nord","s":"25S-H55S000I-80-I"},{"r":"129","t":"07:19:50","h":"Nord","s":"25S-H55S100F-80-F1"},{"r":"129","t":"07:19:50","h":"Nord","s":"25S-H55S200F-80-F2"},{"r":"129","t":"07:31:50","h":"Nord","s":"25N-H55N000A-80-A"},{"r":"129","t":"07:31:50","h":"Nord","s":"25N-H55NV10A-80-A"},{"r":"129","t":"07:31:50","h":"Nord","s":"25N-H55NV20A-80-A"},{"r":"129","t":"07:31:50","h":"Nord","s":"25S-H55S000A-80-A"},{"r":"129","t":"07:41:07","h":"Nord","s":"25N-H55N000S-80-S"},{"r":"129","t":"07:41:07","h":"Nord","s":"25N-H55N000S-82-S"},{"r":"129","t":"07:41:07","h":"Nord","s":"25N-H55NV10S-85-S"},{"r":"129","t":"07:41:07","h":"Nord","s":"25N-H55NV20S-81-S"},{"r":"129","t":"07:41:07","h":"Nord","s":"25S-H55S000S-82-S"},{"r":"129","t":"08:01:50","h":"Nord","s":"25N-H55N000I-80-I"},{"r":"129","t":"08:01:50","h":"Nord","s":"25N-H55N100F-80-F1"},{"r":"129","t":"08:01:50","h":"Nord","s":"25N-H55N200F-80-F2"},{"r":"129","t":"08:01:50","h":"Nord","s":"25N-H55N300F-80-F3"},{"r":"129","t":"08:01:50","h":"Nord","s":"25N-H55N400F-80-F4"},{"r":"129","t":"08:01:50","h":"Nord","s":"25N-H55NV10I-80-I"},{"r":"129","t":"08:01:50","h":"Nord","s":"25N-H55NV20I-80-I"},{"r":"129","t":"08:01:50","h":"Nord","s":"25S-H55S000I-80-I"},{"r":"129","t":"08:01:50","h":"Nord","s":"25S-H55S100F-80-F1"},{"r":"129","t":"08:01:50","h":"Nord","s":"25S-H55S200F-80-F2"},{"r":"129","t":"08:04:50","h":"Nord","s":"25N-H55N000A-80-A"},{"r":"129","t":"08:04:50","h":"Nord","s":"25N-H55NV10A-80-A"},{"r":"129","t":"08:04:50","h":"Nord","s":"25N-H55NV20A-80-A"},{"r":"129","t":"08:04:50","h":"Nord","s":"25S-H55S000A-80-A"},{"r":"129","t":"08:14:07","h":"Nord","s":"25N-H55N000S-80-S"},{"r":"129","t":"08:14:07","h":"Nord","s":"25N-H55N000S-82-S"},{"r":"129","t":"08:14:07","h":"Nord","s":"25N-H55NV10S-85-S"},{"r":"129","t":"08:14:07","h":"Nord","s":"25N-H55NV20S-81-S"},{"r":"129","t":"08:14:07","h":"Nord","s":"25S-H55S000S-82-S"},{"r":"129","t":"08:20:07","h":"Nord","s":"25N-H55N000S-80-S"},{"r":"129","t":"08:20:07","h":"Nord","s":"25N-H55N000S-82-S"},{"r":"129","t":"08:20:07","h":"Nord","s":"25N-H55NV10S-85-S"},{"r":"129","t":"08:20:07","h":"Nord","s":"25N-H55NV20S-81-S"},{"r":"129","t":"08:20:07","h":"Nord","s":"25S-H55S000S-82-S"},{"r":"129","t":"08:35:50","h":"Nord","s":"25N-H55N000A-80-A"},{"r":"129","t":"08:35:50","h":"Nord","s":"25N-H55NV10A-80-A"},{"r":"129","t":"08:35:50","h":"Nord","s":"25N-H55NV20A-80-A"},{"r":"129","t":"08:35:50","h":"Nord","s":"25S-H55S000A-80-A"},{"r":"129","t":"08:44:50","h":"Nord","s":"25N-H55N000I-80-I"},{"r":"129","t":"08:44:50","h":"Nord","s":"25N-H55N100F-80-F1"},{"r":"129","t":"08:44:50","h":"Nord","s":"25N-H55N200F-80-F2"},{"r":"129","t":"08:44:50","h":"Nord","s":"25N-H55N300F-80-F3"},{"r":"129","t":"08:44:50","h":"Nord","s":"25N-H55N400F-80-F4"},{"r":"129","t":"08:44:50","h":"Nord","s":"25N-H55NV10I-80-I"},{"r":"129","t":"08:44:50","h":"Nord","s":"25N-H55NV20I-80-I"},{"r":"129","t":"08:44:50","h":"Nord","s":"25S-H55S000I-80-I"},{"r":"129","t":"08:44:50","h":"Nord","s":"25S-H55S100F-80-F1"},{"r":"129","t":"08:44:50","h":"Nord","s":"25S-H55S200F-80-F2"},{"r":"129","t":"08:52:07","h":"Nord","s":"25N-H55N000S-80-S"},{"r":"129","t":"08:52:07","h":"Nord","s":"25N-H55N000S-82-S"},{"r":"129","t":"08:52:07","h":"Nord","s":"25N-H55NV10S-85-S"},{"r":"129","t":"08:52:07","h":"Nord","s":"25N-H55NV20S-81-S"},{"r":"129","t":"08:52:07","h":"Nord","s":"25S-H55S000S-82-S"},{"r":"129","t":"09:05:50","h":"Nord","s":"25N-H55N000A-80-A"},{"r":"129","t":"09:05:50","h":"Nord","s":"25N-H55NV10A-80-A"},{"r":"129","t":"09:05:50","h":"Nord","s":"25N-H55NV20A-80-A"},{"r":"129","t":"09:05:50","h":"Nord","s":"25S-H55S000A-80-A"},{"r":"129","t":"09:24:07","h":"Nord","s":"25N-H55N000S-80-S"},{"r":"129","t":"09:24:07","h":"Nord","s":"25N-H55N000S-82-S"},{"r":"129","t":"09:24:07","h":"Nord","s":"25N-H55NV10S-85-S"},{"r":"129","t":"09:24:07","h":"Nord","s":"25N-H55NV20S-81-S"},{"r":"129","t":"09:24:07","h":"Nord","s":"25S-H55S000S-82-S"},{"r":"129","t":"09:30:50","h":"Nord","s":"25N-H55N000I-80-I"},{"r":"129","t":"09:30:50","h":"Nord","s":"25N-H55N100F-80-F1"},{"r":"129","t":"09:30:50","h":"Nord","s":"25N-H55N200F-80-F2"},{"r":"129","t":"09:30:50","h":"Nord","s":"25N-H55N300F-80-F3"},{"r":"129","t":"09:30:50","h":"Nord","s":"25N-H55N400F-80-F4"},{"r":"129","t":"09:30:50","h":"Nord","s":"25N-H55NV10I-80-I"},{"r":"129","t":"09:30:50","h":"Nord","s":"25N-H55NV20I-80-I"},{"r":"129","t":"09:30:50","h":"Nord","s":"25S-H55S000I-80-I"},{"r":"129","t":"09:30:50","h":"Nord","s":"25S-H55S100F-80-F1"},{"r":"129","t":"09:30:50","h":"Nord","s":"25S-H55S200F-80-F2"},{"r":"129","t":"09:39:07","h":"Nord","s":"25N-H55N000A-80-A"},{"r":"129","t":"09:39:07","h":"Nord","s":"25N-H55NV10A-80-A"},{"r":"129","t":"09:39:07","h":"Nord","s":"25N-H55NV20A-80-A"},{"r":"129","t":"09:39:07","h":"Nord","s":"25S-H55S000A-80-A"},{"r":"129","t":"09:53:50","h":"Nord","s":"25N-H55N000S-80-S"},{"r":"129","t":"09:53:50","h":"Nord","s":"25N-H55N000S-82-S"},{"r":"129","t":"09:53:50","h":"Nord","s":"25N-H55NV10S-85-S"},{"r":"129","t":"09:53:50","h":"Nord","s":"25N-H55NV20S-81-S"},{"r":"129","t":"09:53:50","h":"Nord","s":"25S-H55S000S-82-S"},{"r":"129","t":"10:04:50","h":"Nord","s":"25N-H55N000I-80-I"},{"r":"129","t":"10:04:50","h":"Nord","s":"25N-H55N100F-80-F1"},{"r":"129","t":"10:04:50","h":"Nord","s":"25N-H55N200F-80-F2"},{"r":"129","t":"10:04:50","h":"Nord","s":"25N-H55N300F-80-F3"},{"r":"129","t":"10:04:50","h":"Nord","s":"25N-H55N400F-80-F4"},{"r":"129","t":"10:04:50","h":"Nord","s":"25N-H55NV10I-80-I"},{"r":"129","t":"10:04:50","h":"Nord","s":"25N-H55NV20I-80-I"},{"r":"129","t":"10:04:50","h":"Nord","s":"25S-H55S000I-80-I"},{"r":"129","t":"10:04:50","h":"Nord","s":"25S-H55S100F-80-F1"},{"r":"129","t":"10:04:50","h":"Nord","s":"25S-H55S200F-80-F2"},{"r":"129","t":"10:11:07","h":"Nord","s":"25N-H55N000A-80-A"},{"r":"129","t":"10:11:07","h":"Nord","s":"25N-H55NV10A-80-A"},{"r":"129","t":"10:11:07","h":"Nord","s":"25N-H55NV20A-80-A"},{"r":"129","t":"10:11:07","h":"Nord","s":"25S-H55S000A-80-A"},{"r":"129","t":"10:25:50","h":"Nord","s":"25N-H55N000S-80-S"},{"r":"129","t":"10:25:50","h":"Nord","s":"25N-H55N000S-82-S"},{"r":"129","t":"10:25:50","h":"Nord","s":"25N-H55NV10S-85-S"},{"r":"129","t":"10:25:50","h":"Nord","s":"25N-H55NV20S-81-S"},{"r":"129","t":"10:25:50","h":"Nord","s":"25S-H55S000S-82-S"},{"r":"129","t":"10:40:50","h":"Nord","s":"25N-H55N000I-80-I"},{"r":"129","t":"10:40:50","h":"Nord","s":"25N-H55N100F-80-F1"},{"r":"129","t":"10:40:50","h":"Nord","s":"25N-H55N200F-80-F2"},{"r":"129","t":"10:40:50","h":"Nord","s":"25N-H55N300F-80-F3"},{"r":"129","t":"10:40:50","h":"Nord","s":"25N-H55N400F-80-F4"},{"r":"129","t":"10:40:50","h":"Nord","s":"25N-H55NV10I-80-I"},{"r":"129","t":"10:40:50","h":"Nord","s":"25N-H55NV20I-80-I"},{"r":"129","t":"10:40:50","h":"Nord","s":"25S-H55S000I-80-I"},{"r":"129","t":"10:40:50","h":"Nord","s":"25S-H55S100F-80-F1"},{"r":"129","t":"10:40:50","h":"Nord","s":"25S-H55S200F-80-F2"},{"r":"129","t":"10:43:07","h":"Nord","s":"25N-H55N000A-80-A"},{"r":"129","t":"10:43:07","h":"Nord","s":"25N-H55NV10A-80-A"},{"r":"129","t":"10:43:07","h":"Nord","s":"25N-H55NV20A-80-A"},{"r":"129","t":"10:43:07","h":"Nord","s":"25S-H55S000A-80-A"},{"r":"129","t":"10:59:07","h":"Nord","s":"25N-H55N000S-80-S"},{"r":"129","t":"10:59:07","h":"Nord","s":"25N-H55N000S-82-S"},{"r":"129","t":"10:59:07","h":"Nord","s":"25N-H55NV10S-85-S"},{"r":"129","t":"10:59:07","h":"Nord","s":"25N-H55NV20S-81-S"},{"r":"129","t":"10:59:07","h":"Nord","s":"25S-H55S000S-82-S"},{"r":"129","t":"11:13:50","h":"Nord","s":"25N-H55N000I-80-I"},{"r":"129","t":"11:13:50","h":"Nord","s":"25N-H55N100F-80-F1"},{"r":"129","t":"11:13:50","h":"Nord","s":"25N-H55N200F-80-F2"},{"r":"129","t":"11:13:50","h":"Nord","s":"25N-H55N300F-80-F3"},{"r":"129","t":"11:13:50","h":"Nord","s":"25N-H55N400F-80-F4"},{"r":"129","t":"11:13:50","h":"Nord","s":"25N-H55NV10I-80-I"},{"r":"129","t":"11:13:50","h":"Nord","s":"25N-H55NV20I-80-I"},{"r":"129","t":"11:13:50","h":"Nord","s":"25S-H55S000I-80-I"},{"r":"129","t":"11:13:50","h":"Nord","s":"25S-H55S100F-80-F1"},{"r":"129","t":"11:13:50","h":"Nord","s":"25S-H55S200F-80-F2"},{"r":"129","t":"11:15:07","h":"Nord","s":"25N-H55N000A-80-A"},{"r":"129","t":"11:15:07","h":"Nord","s":"25N-H55NV10A-80-A"},{"r":"129","t":"11:15:07","h":"Nord","s":"25N-H55NV20A-80-A"},{"r":"129","t":"11:15:07","h":"Nord","s":"25S-H55S000A-80-A"},{"r":"129","t":"11:34:07","h":"Nord","s":"25N-H55N000S-80-S"},{"r":"129","t":"11:34:07","h":"Nord","s":"25N-H55N000S-82-S"},{"r":"129","t":"11:34:07","h":"Nord","s":"25N-H55NV10S-85-S"},{"r":"129","t":"11:34:07","h":"Nord","s":"25N-H55NV20S-81-S"},{"r":"129","t":"11:34:07","h":"Nord","s":"25S-H55S000S-82-S"},{"r":"129","t":"11:48:07","h":"Nord","s":"25N-H55N000A-80-A"},{"r":"129","t":"11:48:07","h":"Nord","s":"25N-H55NV10A-80-A"},{"r":"129","t":"11:48:07","h":"Nord","s":"25N-H55NV20A-80-A"},{"r":"129","t":"11:48:07","h":"Nord","s":"25S-H55S000A-80-A"},{"r":"129","t":"11:48:50","h":"Nord","s":"25N-H55N000I-80-I"},{"r":"129","t":"11:48:50","h":"Nord","s":"25N-H55N100F-80-F1"},{"r":"129","t":"11:48:50","h":"Nord","s":"25N-H55N200F-80-F2"},{"r":"129","t":"11:48:50","h":"Nord","s":"25N-H55N300F-80-F3"},{"r":"129","t":"11:48:50","h":"Nord","s":"25N-H55N400F-80-F4"},{"r":"129","t":"11:48:50","h":"Nord","s":"25N-H55NV10I-80-I"},{"r":"129","t":"11:48:50","h":"Nord","s":"25N-H55NV20I-80-I"},{"r":"129","t":"11:48:50","h":"Nord","s":"25S-H55S000I-80-I"},{"r":"129","t":"11:48:50","h":"Nord","s":"25S-H55S100F-80-F1"},{"r":"129","t":"11:48:50","h":"Nord","s":"25S-H55S200F-80-F2"},{"r":"129","t":"12:07:07","h":"Nord","s":"25N-H55N000S-80-S"},{"r":"129","t":"12:07:07","h":"Nord","s":"25N-H55N000S-82-S"},{"r":"129","t":"12:07:07","h":"Nord","s":"25N-H55NV10S-85-S"},{"r":"129","t":"12:07:07","h":"Nord","s":"25N-H55NV20S-81-S"},{"r":"129","t":"12:07:07","h":"Nord","s":"25S-H55S000S-82-S"},{"r":"129","t":"12:21:07","h":"Nord","s":"25N-H55N000A-80-A"},{"r":"129","t":"12:21:07","h":"Nord","s":"25N-H55NV10A-80-A"},{"r":"129","t":"12:21:07","h":"Nord","s":"25N-H55NV20A-80-A"},{"r":"129","t":"12:21:07","h":"Nord","s":"25S-H55S000A-80-A"},{"r":"129","t":"12:23:50","h":"Nord","s":"25N-H55N000I-80-I"},{"r":"129","t":"12:23:50","h":"Nord","s":"25N-H55N100F-80-F1"},{"r":"129","t":"12:23:50","h":"Nord","s":"25N-H55N200F-80-F2"},{"r":"129","t":"12:23:50","h":"Nord","s":"25N-H55N300F-80-F3"},{"r":"129","t":"12:23:50","h":"Nord","s":"25N-H55N400F-80-F4"},{"r":"129","t":"12:23:50","h":"Nord","s":"25N-H55NV10I-80-I"},{"r":"129","t":"12:23:50","h":"Nord","s":"25N-H55NV20I-80-I"},{"r":"129","t":"12:23:50","h":"Nord","s":"25S-H55S000I-80-I"},{"r":"129","t":"12:23:50","h":"Nord","s":"25S-H55S100F-80-F1"},{"r":"129","t":"12:23:50","h":"Nord","s":"25S-H55S200F-80-F2"},{"r":"129","t":"12:40:07","h":"Nord","s":"25N-H55N000S-80-S"},{"r":"129","t":"12:40:07","h":"Nord","s":"25N-H55N000S-82-S"},{"r":"129","t":"12:40:07","h":"Nord","s":"25N-H55NV10S-85-S"},{"r":"129","t":"12:40:07","h":"Nord","s":"25N-H55NV20S-81-S"},{"r":"129","t":"12:40:07","h":"Nord","s":"25S-H55S000S-82-S"},{"r":"129","t":"12:57:50","h":"Nord","s":"25N-H55N000I-80-I"},{"r":"129","t":"12:57:50","h":"Nord","s":"25N-H55N100F-80-F1"},{"r":"129","t":"12:57:50","h":"Nord","s":"25N-H55N200F-80-F2"},{"r":"129","t":"12:57:50","h":"Nord","s":"25N-H55N300F-80-F3"},{"r":"129","t":"12:57:50","h":"Nord","s":"25N-H55N400F-80-F4"},{"r":"129","t":"12:57:50","h":"Nord","s":"25N-H55NV10I-80-I"},{"r":"129","t":"12:57:50","h":"Nord","s":"25N-H55NV20I-80-I"},{"r":"129","t":"12:57:50","h":"Nord","s":"25S-H55S000I-80-I"},{"r":"129","t":"12:57:50","h":"Nord","s":"25S-H55S100F-80-F1"},{"r":"129","t":"12:57:50","h":"Nord","s":"25S-H55S200F-80-F2"},{"r":"129","t":"12:58:07","h":"Nord","s":"25N-H55N000A-80-A"},{"r":"129","t":"12:58:07","h":"Nord","s":"25N-H55NV10A-80-A"},{"r":"129","t":"12:58:07","h":"Nord","s":"25N-H55NV20A-80-A"},{"r":"129","t":"12:58:07","h":"Nord","s":"25S-H55S000A-80-A"},{"r":"129","t":"13:10:07","h":"Nord","s":"25N-H55N000S-80-S"},{"r":"129","t":"13:10:07","h":"Nord","s":"25N-H55N000S-82-S"},{"r":"129","t":"13:10:07","h":"Nord","s":"25N-H55NV10S-85-S"},{"r":"129","t":"13:10:07","h":"Nord","s":"25N-H55NV20S-81-S"},{"r":"129","t":"13:10:07","h":"Nord","s":"25S-H55S000S-82-S"},{"r":"129","t":"13:25:07","h":"Nord","s":"25N-H55N000A-80-A"},{"r":"129","t":"13:25:07","h":"Nord","s":"25N-H55NV10A-80-A"},{"r":"129","t":"13:25:07","h":"Nord","s":"25N-H55NV20A-80-A"},{"r":"129","t":"13:25:07","h":"Nord","s":"25S-H55S000A-80-A"},{"r":"129","t":"13:30:50","h":"Nord","s":"25N-H55N000I-80-I"},{"r":"129","t":"13:30:50","h":"Nord","s":"25N-H55N100F-80-F1"},{"r":"129","t":"13:30:50","h":"Nord","s":"25N-H55N200F-80-F2"},{"r":"129","t":"13:30:50","h":"Nord","s":"25N-H55N300F-80-F3"},{"r":"129","t":"13:30:50","h":"Nord","s":"25N-H55N400F-80-F4"},{"r":"129","t":"13:30:50","h":"Nord","s":"25N-H55NV10I-80-I"},{"r":"129","t":"13:30:50","h":"Nord","s":"25N-H55NV20I-80-I"},{"r":"129","t":"13:30:50","h":"Nord","s":"25S-H55S000I-80-I"},{"r":"129","t":"13:30:50","h":"Nord","s":"25S-H55S100F-80-F1"},{"r":"129","t":"13:30:50","h":"Nord","s":"25S-H55S200F-80-F2"},{"r":"129","t":"13:40:07","h":"Nord","s":"25N-H55N000S-80-S"},{"r":"129","t":"13:40:07","h":"Nord","s":"25N-H55N000S-82-S"},{"r":"129","t":"13:40:07","h":"Nord","s":"25N-H55NV10S-85-S"},{"r":"129","t":"13:40:07","h":"Nord","s":"25N-H55NV20S-81-S"},{"r":"129","t":"13:40:07","h":"Nord","s":"25S-H55S000S-82-S"},{"r":"129","t":"13:50:07","h":"Nord","s":"25N-H55N000A-80-A"},{"r":"129","t":"13:50:07","h":"Nord","s":"25N-H55NV10A-80-A"},{"r":"129","t":"13:50:07","h":"Nord","s":"25N-H55NV20A-80-A"},{"r":"129","t":"13:50:07","h":"Nord","s":"25S-H55S000A-80-A"},{"r":"129","t":"14:01:07","h":"Nord","s":"25N-H55N000S-80-S"},{"r":"129","t":"14:01:07","h":"Nord","s":"25N-H55N000S-82-S"},{"r":"129","t":"14:01:07","h":"Nord","s":"25N-H55NV10S-85-S"},{"r":"129","t":"14:01:07","h":"Nord","s":"25N-H55NV20S-81-S"},{"r":"129","t":"14:01:07","h":"Nord","s":"25S-H55S000S-82-S"},{"r":"129","t":"14:03:50","h":"Nord","s":"25N-H55N000I-80-I"},{"r":"129","t":"14:03:50","h":"Nord","s":"25N-H55N100F-80-F1"},{"r":"129","t":"14:03:50","h":"Nord","s":"25N-H55N200F-80-F2"},{"r":"129","t":"14:03:50","h":"Nord","s":"25N-H55N300F-80-F3"},{"r":"129","t":"14:03:50","h":"Nord","s":"25N-H55N400F-80-F4"},{"r":"129","t":"14:03:50","h":"Nord","s":"25N-H55NV10I-80-I"},{"r":"129","t":"14:03:50","h":"Nord","s":"25N-H55NV20I-80-I"},{"r":"129","t":"14:03:50","h":"Nord","s":"25S-H55S000I-80-I"},{"r":"129","t":"14:03:50","h":"Nord","s":"25S-H55S100F-80-F1"},{"r":"129","t":"14:03:50","h":"Nord","s":"25S-H55S200F-80-F2"},{"r":"129","t":"14:16:07","h":"Nord","s":"25N-H55N000A-80-A"},{"r":"129","t":"14:16:07","h":"Nord","s":"25N-H55NV10A-80-A"},{"r":"129","t":"14:16:07","h":"Nord","s":"25N-H55NV20A-80-A"},{"r":"129","t":"14:16:07","h":"Nord","s":"25S-H55S000A-80-A"},{"r":"129","t":"14:21:07","h":"Nord","s":"25N-H55N000S-80-S"},{"r":"129","t":"14:21:07","h":"Nord","s":"25N-H55N000S-82-S"},{"r":"129","t":"14:21:07","h":"Nord","s":"25N-H55NV10S-85-S"},{"r":"129","t":"14:21:07","h":"Nord","s":"25N-H55NV20S-81-S"},{"r":"129","t":"14:21:07","h":"Nord","s":"25S-H55S000S-82-S"},{"r":"129","t":"14:35:50","h":"Nord","s":"25N-H55N000I-80-I"},{"r":"129","t":"14:35:50","h":"Nord","s":"25N-H55N100F-80-F1"},{"r":"129","t":"14:35:50","h":"Nord","s":"25N-H55N200F-80-F2"},{"r":"129","t":"14:35:50","h":"Nord","s":"25N-H55N300F-80-F3"},{"r":"129","t":"14:35:50","h":"Nord","s":"25N-H55N400F-80-F4"},{"r":"129","t":"14:35:50","h":"Nord","s":"25N-H55NV10I-80-I"},{"r":"129","t":"14:35:50","h":"Nord","s":"25N-H55NV20I-80-I"},{"r":"129","t":"14:35:50","h":"Nord","s":"25S-H55S000I-80-I"},{"r":"129","t":"14:35:50","h":"Nord","s":"25S-H55S100F-80-F1"},{"r":"129","t":"14:35:50","h":"Nord","s":"25S-H55S200F-80-F2"},{"r":"129","t":"14:43:07","h":"Nord","s":"25N-H55N000S-80-S"},{"r":"129","t":"14:43:07","h":"Nord","s":"25N-H55N000S-82-S"},{"r":"129","t":"14:43:07","h":"Nord","s":"25N-H55NV10S-85-S"},{"r":"129","t":"14:43:07","h":"Nord","s":"25N-H55NV20S-81-S"},{"r":"129","t":"14:43:07","h":"Nord","s":"25S-H55S000S-82-S"},{"r":"129","t":"14:49:07","h":"Nord","s":"25N-H55N000A-80-A"},{"r":"129","t":"14:49:07","h":"Nord","s":"25N-H55NV10A-80-A"},{"r":"129","t":"14:49:07","h":"Nord","s":"25N-H55NV20A-80-A"},{"r":"129","t":"14:49:07","h":"Nord","s":"25S-H55S000A-80-A"},{"r":"129","t":"15:01:50","h":"Nord","s":"25N-H55N000I-80-I"},{"r":"129","t":"15:01:50","h":"Nord","s":"25N-H55N100F-80-F1"},{"r":"129","t":"15:01:50","h":"Nord","s":"25N-H55N200F-80-F2"},{"r":"129","t":"15:01:50","h":"Nord","s":"25N-H55N300F-80-F3"},{"r":"129","t":"15:01:50","h":"Nord","s":"25N-H55N400F-80-F4"},{"r":"129","t":"15:01:50","h":"Nord","s":"25N-H55NV10I-80-I"},{"r":"129","t":"15:01:50","h":"Nord","s":"25N-H55NV20I-80-I"},{"r":"129","t":"15:01:50","h":"Nord","s":"25S-H55S000I-80-I"},{"r":"129","t":"15:01:50","h":"Nord","s":"25S-H55S100F-80-F1"},{"r":"129","t":"15:01:50","h":"Nord","s":"25S-H55S200F-80-F2"},{"r":"129","t":"15:03:07","h":"Nord","s":"25N-H55N000S-80-S"},{"r":"129","t":"15:03:07","h":"Nord","s":"25N-H55N000S-82-S"},{"r":"129","t":"15:03:07","h":"Nord","s":"25N-H55NV10S-85-S"},{"r":"129","t":"15:03:07","h":"Nord","s":"25N-H55NV20S-81-S"},{"r":"129","t":"15:03:07","h":"Nord","s":"25S-H55S000S-82-S"},{"r":"129","t":"15:18:07","h":"Nord","s":"25N-H57N000S-80-S"},{"r":"129","t":"15:18:07","h":"Nord","s":"25N-H57NV10S-84-S"},{"r":"129","t":"15:18:07","h":"Nord","s":"25N-H57NV20S-80-S"},{"r":"129","t":"15:18:07","h":"Nord","s":"25S-H57S000S-82-S"},{"r":"129","t":"15:22:07","h":"Nord","s":"25N-H55N000A-80-A"},{"r":"129","t":"15:22:07","h":"Nord","s":"25N-H55NV10A-80-A"},{"r":"129","t":"15:22:07","h":"Nord","s":"25N-H55NV20A-80-A"},{"r":"129","t":"15:22:07","h":"Nord","s":"25S-H55S000A-80-A"},{"r":"129","t":"15:27:50","h":"Nord","s":"25N-H55N000I-80-I"},{"r":"129","t":"15:27:50","h":"Nord","s":"25N-H55N100F-80-F1"},{"r":"129","t":"15:27:50","h":"Nord","s":"25N-H55N200F-80-F2"},{"r":"129","t":"15:27:50","h":"Nord","s":"25N-H55N300F-80-F3"},{"r":"129","t":"15:27:50","h":"Nord","s":"25N-H55N400F-80-F4"},{"r":"129","t":"15:27:50","h":"Nord","s":"25N-H55NV10I-80-I"},{"r":"129","t":"15:27:50","h":"Nord","s":"25N-H55NV20I-80-I"},{"r":"129","t":"15:27:50","h":"Nord","s":"25S-H55S000I-80-I"},{"r":"129","t":"15:27:50","h":"Nord","s":"25S-H55S100F-80-F1"},{"r":"129","t":"15:27:50","h":"Nord","s":"25S-H55S200F-80-F2"},{"r":"129","t":"15:30:07","h":"Nord","s":"25N-H55N000S-80-S"},{"r":"129","t":"15:30:07","h":"Nord","s":"25N-H55N000S-82-S"},{"r":"129","t":"15:30:07","h":"Nord","s":"25N-H55NV10S-85-S"},{"r":"129","t":"15:30:07","h":"Nord","s":"25N-H55NV20S-81-S"},{"r":"129","t":"15:30:07","h":"Nord","s":"25S-H55S000S-82-S"},{"r":"129","t":"15:39:07","h":"Nord","s":"25N-H55N000S-80-S"},{"r":"129","t":"15:39:07","h":"Nord","s":"25N-H55N000S-82-S"},{"r":"129","t":"15:39:07","h":"Nord","s":"25N-H55NV10S-85-S"},{"r":"129","t":"15:39:07","h":"Nord","s":"25N-H55NV20S-81-S"},{"r":"129","t":"15:39:07","h":"Nord","s":"25S-H55S000S-82-S"},{"r":"129","t":"15:48:07","h":"Nord","s":"25N-H57N000S-80-S"},{"r":"129","t":"15:48:07","h":"Nord","s":"25N-H57NV10S-84-S"},{"r":"129","t":"15:48:07","h":"Nord","s":"25N-H57NV20S-80-S"},{"r":"129","t":"15:48:07","h":"Nord","s":"25S-H57S000S-82-S"},{"r":"129","t":"15:52:50","h":"Nord","s":"25N-H55N000I-80-I"},{"r":"129","t":"15:52:50","h":"Nord","s":"25N-H55N100F-80-F1"},{"r":"129","t":"15:52:50","h":"Nord","s":"25N-H55N200F-80-F2"},{"r":"129","t":"15:52:50","h":"Nord","s":"25N-H55N300F-80-F3"},{"r":"129","t":"15:52:50","h":"Nord","s":"25N-H55N400F-80-F4"},{"r":"129","t":"15:52:50","h":"Nord","s":"25N-H55NV10I-80-I"},{"r":"129","t":"15:52:50","h":"Nord","s":"25N-H55NV20I-80-I"},{"r":"129","t":"15:52:50","h":"Nord","s":"25S-H55S000I-80-I"},{"r":"129","t":"15:52:50","h":"Nord","s":"25S-H55S100F-80-F1"},{"r":"129","t":"15:52:50","h":"Nord","s":"25S-H55S200F-80-F2"},{"r":"129","t":"15:54:07","h":"Nord","s":"25N-H55N000A-80-A"},{"r":"129","t":"15:54:07","h":"Nord","s":"25N-H55NV10A-80-A"},{"r":"129","t":"15:54:07","h":"Nord","s":"25N-H55NV20A-80-A"},{"r":"129","t":"15:54:07","h":"Nord","s":"25S-H55S000A-80-A"},{"r":"129","t":"15:57:07","h":"Nord","s":"25N-H55N000S-80-S"},{"r":"129","t":"15:57:07","h":"Nord","s":"25N-H55N000S-82-S"},{"r":"129","t":"15:57:07","h":"Nord","s":"25N-H55NV10S-85-S"},{"r":"129","t":"15:57:07","h":"Nord","s":"25N-H55NV20S-81-S"},{"r":"129","t":"15:57:07","h":"Nord","s":"25S-H55S000S-82-S"},{"r":"129","t":"16:07:24","h":"Nord","s":"25N-H55N000S-80-S"},{"r":"129","t":"16:07:24","h":"Nord","s":"25N-H55N000S-82-S"},{"r":"129","t":"16:07:24","h":"Nord","s":"25N-H55NV10S-85-S"},{"r":"129","t":"16:07:24","h":"Nord","s":"25N-H55NV20S-81-S"},{"r":"129","t":"16:07:24","h":"Nord","s":"25S-H55S000S-82-S"},{"r":"129","t":"16:15:50","h":"Nord","s":"25N-H55N000I-80-I"},{"r":"129","t":"16:15:50","h":"Nord","s":"25N-H55N100F-80-F1"},{"r":"129","t":"16:15:50","h":"Nord","s":"25N-H55N200F-80-F2"},{"r":"129","t":"16:15:50","h":"Nord","s":"25N-H55N300F-80-F3"},{"r":"129","t":"16:15:50","h":"Nord","s":"25N-H55N400F-80-F4"},{"r":"129","t":"16:15:50","h":"Nord","s":"25N-H55NV10I-80-I"},{"r":"129","t":"16:15:50","h":"Nord","s":"25N-H55NV20I-80-I"},{"r":"129","t":"16:15:50","h":"Nord","s":"25S-H55S000I-80-I"},{"r":"129","t":"16:15:50","h":"Nord","s":"25S-H55S100F-80-F1"},{"r":"129","t":"16:15:50","h":"Nord","s":"25S-H55S200F-80-F2"},{"r":"129","t":"16:19:24","h":"Nord","s":"25N-H55N000S-80-S"},{"r":"129","t":"16:19:24","h":"Nord","s":"25N-H55N000S-82-S"},{"r":"129","t":"16:19:24","h":"Nord","s":"25N-H55NV10S-85-S"},{"r":"129","t":"16:19:24","h":"Nord","s":"25N-H55NV20S-81-S"},{"r":"129","t":"16:19:24","h":"Nord","s":"25S-H55S000S-82-S"},{"r":"129","t":"16:24:07","h":"Nord","s":"25N-H55N000A-80-A"},{"r":"129","t":"16:24:07","h":"Nord","s":"25N-H55NV10A-80-A"},{"r":"129","t":"16:24:07","h":"Nord","s":"25N-H55NV20A-80-A"},{"r":"129","t":"16:24:07","h":"Nord","s":"25S-H55S000A-80-A"},{"r":"129","t":"16:29:24","h":"Nord","s":"25N-H55N000S-80-S"},{"r":"129","t":"16:29:24","h":"Nord","s":"25N-H55N000S-82-S"},{"r":"129","t":"16:29:24","h":"Nord","s":"25N-H55NV10S-85-S"},{"r":"129","t":"16:29:24","h":"Nord","s":"25N-H55NV20S-81-S"},{"r":"129","t":"16:29:24","h":"Nord","s":"25S-H55S000S-82-S"},{"r":"129","t":"16:39:24","h":"Nord","s":"25N-H55N000S-80-S"},{"r":"129","t":"16:39:24","h":"Nord","s":"25N-H55N000S-82-S"},{"r":"129","t":"16:39:24","h":"Nord","s":"25N-H55NV10S-85-S"},{"r":"129","t":"16:39:24","h":"Nord","s":"25N-H55NV20S-81-S"},{"r":"129","t":"16:39:24","h":"Nord","s":"25S-H55S000S-82-S"},{"r":"129","t":"16:40:50","h":"Nord","s":"25N-H55N000I-80-I"},{"r":"129","t":"16:40:50","h":"Nord","s":"25N-H55N100F-80-F1"},{"r":"129","t":"16:40:50","h":"Nord","s":"25N-H55N200F-80-F2"},{"r":"129","t":"16:40:50","h":"Nord","s":"25N-H55N300F-80-F3"},{"r":"129","t":"16:40:50","h":"Nord","s":"25N-H55N400F-80-F4"},{"r":"129","t":"16:40:50","h":"Nord","s":"25N-H55NV10I-80-I"},{"r":"129","t":"16:40:50","h":"Nord","s":"25N-H55NV20I-80-I"},{"r":"129","t":"16:40:50","h":"Nord","s":"25S-H55S000I-80-I"},{"r":"129","t":"16:40:50","h":"Nord","s":"25S-H55S100F-80-F1"},{"r":"129","t":"16:40:50","h":"Nord","s":"25S-H55S200F-80-F2"},{"r":"129","t":"16:50:24","h":"Nord","s":"25N-H55N000S-80-S"},{"r":"129","t":"16:50:24","h":"Nord","s":"25N-H55N000S-82-S"},{"r":"129","t":"16:50:24","h":"Nord","s":"25N-H55NV10S-85-S"},{"r":"129","t":"16:50:24","h":"Nord","s":"25N-H55NV20S-81-S"},{"r":"129","t":"16:50:24","h":"Nord","s":"25S-H55S000S-82-S"},{"r":"129","t":"16:52:07","h":"Nord","s":"25N-H55N000A-80-A"},{"r":"129","t":"16:52:07","h":"Nord","s":"25N-H55NV10A-80-A"},{"r":"129","t":"16:52:07","h":"Nord","s":"25N-H55NV20A-80-A"},{"r":"129","t":"16:52:07","h":"Nord","s":"25S-H55S000A-80-A"},{"r":"129","t":"16:59:24","h":"Nord","s":"25N-H59N000S-80-S"},{"r":"129","t":"16:59:24","h":"Nord","s":"25N-H59NV10S-84-S"},{"r":"129","t":"16:59:24","h":"Nord","s":"25N-H59NV20S-80-S"},{"r":"129","t":"16:59:24","h":"Nord","s":"25S-H59S000S-81-S"},{"r":"129","t":"17:06:50","h":"Nord","s":"25N-H55N000I-80-I"},{"r":"129","t":"17:06:50","h":"Nord","s":"25N-H55N100F-80-F1"},{"r":"129","t":"17:06:50","h":"Nord","s":"25N-H55N200F-80-F2"},{"r":"129","t":"17:06:50","h":"Nord","s":"25N-H55N300F-80-F3"},{"r":"129","t":"17:06:50","h":"Nord","s":"25N-H55N400F-80-F4"},{"r":"129","t":"17:06:50","h":"Nord","s":"25N-H55NV10I-80-I"},{"r":"129","t":"17:06:50","h":"Nord","s":"25N-H55NV20I-80-I"},{"r":"129","t":"17:06:50","h":"Nord","s":"25S-H55S000I-80-I"},{"r":"129","t":"17:06:50","h":"Nord","s":"25S-H55S100F-80-F1"},{"r":"129","t":"17:06:50","h":"Nord","s":"25S-H55S200F-80-F2"},{"r":"129","t":"17:14:24","h":"Nord","s":"25N-H55N000S-80-S"},{"r":"129","t":"17:14:24","h":"Nord","s":"25N-H55N000S-82-S"},{"r":"129","t":"17:14:24","h":"Nord","s":"25N-H55NV10S-85-S"},{"r":"129","t":"17:14:24","h":"Nord","s":"25N-H55NV20S-81-S"},{"r":"129","t":"17:14:24","h":"Nord","s":"25S-H55S000S-82-S"},{"r":"129","t":"17:20:07","h":"Nord","s":"25N-H55N000A-80-A"},{"r":"129","t":"17:20:07","h":"Nord","s":"25N-H55NV10A-80-A"},{"r":"129","t":"17:20:07","h":"Nord","s":"25N-H55NV20A-80-A"},{"r":"129","t":"17:20:07","h":"Nord","s":"25S-H55S000A-80-A"},{"r":"129","t":"17:28:24","h":"Nord","s":"25N-H55N000S-80-S"},{"r":"129","t":"17:28:24","h":"Nord","s":"25N-H55N000S-82-S"},{"r":"129","t":"17:28:24","h":"Nord","s":"25N-H55NV10S-85-S"},{"r":"129","t":"17:28:24","h":"Nord","s":"25N-H55NV20S-81-S"},{"r":"129","t":"17:28:24","h":"Nord","s":"25S-H55S000S-82-S"},{"r":"129","t":"17:31:50","h":"Nord","s":"25N-H55N000I-80-I"},{"r":"129","t":"17:31:50","h":"Nord","s":"25N-H55N100F-80-F1"},{"r":"129","t":"17:31:50","h":"Nord","s":"25N-H55N200F-80-F2"},{"r":"129","t":"17:31:50","h":"Nord","s":"25N-H55N300F-80-F3"},{"r":"129","t":"17:31:50","h":"Nord","s":"25N-H55N400F-80-F4"},{"r":"129","t":"17:31:50","h":"Nord","s":"25N-H55NV10I-80-I"},{"r":"129","t":"17:31:50","h":"Nord","s":"25N-H55NV20I-80-I"},{"r":"129","t":"17:31:50","h":"Nord","s":"25S-H55S000I-80-I"},{"r":"129","t":"17:31:50","h":"Nord","s":"25S-H55S100F-80-F1"},{"r":"129","t":"17:31:50","h":"Nord","s":"25S-H55S200F-80-F2"},{"r":"129","t":"17:43:24","h":"Nord","s":"25N-H55N000S-80-S"},{"r":"129","t":"17:43:24","h":"Nord","s":"25N-H55N000S-82-S"},{"r":"129","t":"17:43:24","h":"Nord","s":"25N-H55NV10S-85-S"},{"r":"129","t":"17:43:24","h":"Nord","s":"25N-H55NV20S-81-S"},{"r":"129","t":"17:43:24","h":"Nord","s":"25S-H55S000S-82-S"},{"r":"129","t":"17:48:07","h":"Nord","s":"25N-H55N000A-80-A"},{"r":"129","t":"17:48:07","h":"Nord","s":"25N-H55NV10A-80-A"},{"r":"129","t":"17:48:07","h":"Nord","s":"25N-H55NV20A-80-A"},{"r":"129","t":"17:48:07","h":"Nord","s":"25S-H55S000A-80-A"},{"r":"129","t":"17:56:50","h":"Nord","s":"25N-H55N000I-80-I"},{"r":"129","t":"17:56:50","h":"Nord","s":"25N-H55N100F-80-F1"},{"r":"129","t":"17:56:50","h":"Nord","s":"25N-H55N200F-80-F2"},{"r":"129","t":"17:56:50","h":"Nord","s":"25N-H55N300F-80-F3"},{"r":"129","t":"17:56:50","h":"Nord","s":"25N-H55N400F-80-F4"},{"r":"129","t":"17:56:50","h":"Nord","s":"25N-H55NV10I-80-I"},{"r":"129","t":"17:56:50","h":"Nord","s":"25N-H55NV20I-80-I"},{"r":"129","t":"17:56:50","h":"Nord","s":"25S-H55S000I-80-I"},{"r":"129","t":"17:56:50","h":"Nord","s":"25S-H55S100F-80-F1"},{"r":"129","t":"17:56:50","h":"Nord","s":"25S-H55S200F-80-F2"},{"r":"129","t":"17:57:24","h":"Nord","s":"25N-H57N000S-80-S"},{"r":"129","t":"17:57:24","h":"Nord","s":"25N-H57NV10S-84-S"},{"r":"129","t":"17:57:24","h":"Nord","s":"25N-H57NV20S-80-S"},{"r":"129","t":"17:57:24","h":"Nord","s":"25S-H57S000S-82-S"},{"r":"129","t":"18:16:07","h":"Nord","s":"25N-H55N000A-80-A"},{"r":"129","t":"18:16:07","h":"Nord","s":"25N-H55NV10A-80-A"},{"r":"129","t":"18:16:07","h":"Nord","s":"25N-H55NV20A-80-A"},{"r":"129","t":"18:16:07","h":"Nord","s":"25S-H55S000A-80-A"},{"r":"129","t":"18:18:24","h":"Nord","s":"25N-H55N000S-80-S"},{"r":"129","t":"18:18:24","h":"Nord","s":"25N-H55N000S-82-S"},{"r":"129","t":"18:18:24","h":"Nord","s":"25N-H55NV10S-85-S"},{"r":"129","t":"18:18:24","h":"Nord","s":"25N-H55NV20S-81-S"},{"r":"129","t":"18:18:24","h":"Nord","s":"25S-H55S000S-82-S"},{"r":"129","t":"18:26:50","h":"Nord","s":"25N-H55N000I-80-I"},{"r":"129","t":"18:26:50","h":"Nord","s":"25N-H55N100F-80-F1"},{"r":"129","t":"18:26:50","h":"Nord","s":"25N-H55N200F-80-F2"},{"r":"129","t":"18:26:50","h":"Nord","s":"25N-H55N300F-80-F3"},{"r":"129","t":"18:26:50","h":"Nord","s":"25N-H55N400F-80-F4"},{"r":"129","t":"18:26:50","h":"Nord","s":"25N-H55NV10I-80-I"},{"r":"129","t":"18:26:50","h":"Nord","s":"25N-H55NV20I-80-I"},{"r":"129","t":"18:26:50","h":"Nord","s":"25S-H55S000I-80-I"},{"r":"129","t":"18:26:50","h":"Nord","s":"25S-H55S100F-80-F1"},{"r":"129","t":"18:26:50","h":"Nord","s":"25S-H55S200F-80-F2"},{"r":"129","t":"18:41:24","h":"Nord","s":"25N-H55N000S-80-S"},{"r":"129","t":"18:41:24","h":"Nord","s":"25N-H55N000S-82-S"},{"r":"129","t":"18:41:24","h":"Nord","s":"25N-H55NV10S-85-S"},{"r":"129","t":"18:41:24","h":"Nord","s":"25N-H55NV20S-81-S"},{"r":"129","t":"18:41:24","h":"Nord","s":"25S-H55S000S-82-S"},{"r":"129","t":"18:44:07","h":"Nord","s":"25N-H55N000A-80-A"},{"r":"129","t":"18:44:07","h":"Nord","s":"25N-H55NV10A-80-A"},{"r":"129","t":"18:44:07","h":"Nord","s":"25N-H55NV20A-80-A"},{"r":"129","t":"18:44:07","h":"Nord","s":"25S-H55S000A-80-A"},{"r":"129","t":"18:57:50","h":"Nord","s":"25N-H55N000I-80-I"},{"r":"129","t":"18:57:50","h":"Nord","s":"25N-H55N100F-80-F1"},{"r":"129","t":"18:57:50","h":"Nord","s":"25N-H55N200F-80-F2"},{"r":"129","t":"18:57:50","h":"Nord","s":"25N-H55N300F-80-F3"},{"r":"129","t":"18:57:50","h":"Nord","s":"25N-H55N400F-80-F4"},{"r":"129","t":"18:57:50","h":"Nord","s":"25N-H55NV10I-80-I"},{"r":"129","t":"18:57:50","h":"Nord","s":"25N-H55NV20I-80-I"},{"r":"129","t":"18:57:50","h":"Nord","s":"25S-H55S000I-80-I"},{"r":"129","t":"18:57:50","h":"Nord","s":"25S-H55S100F-80-F1"},{"r":"129","t":"18:57:50","h":"Nord","s":"25S-H55S200F-80-F2"},{"r":"129","t":"19:01:24","h":"Nord","s":"25N-H55N000S-80-S"},{"r":"129","t":"19:01:24","h":"Nord","s":"25N-H55N000S-82-S"},{"r":"129","t":"19:01:24","h":"Nord","s":"25N-H55NV10S-85-S"},{"r":"129","t":"19:01:24","h":"Nord","s":"25N-H55NV20S-81-S"},{"r":"129","t":"19:01:24","h":"Nord","s":"25S-H55S000S-82-S"},{"r":"129","t":"19:08:33","h":"Nord","s":"25N-H55N000A-80-A"},{"r":"129","t":"19:08:33","h":"Nord","s":"25N-H55NV10A-80-A"},{"r":"129","t":"19:08:33","h":"Nord","s":"25N-H55NV20A-80-A"},{"r":"129","t":"19:08:33","h":"Nord","s":"25S-H55S000A-80-A"},{"r":"129","t":"19:18:50","h":"Nord","s":"25N-H55N000I-80-I"},{"r":"129","t":"19:18:50","h":"Nord","s":"25N-H55N100F-80-F1"},{"r":"129","t":"19:18:50","h":"Nord","s":"25N-H55N200F-80-F2"},{"r":"129","t":"19:18:50","h":"Nord","s":"25N-H55N300F-80-F3"},{"r":"129","t":"19:18:50","h":"Nord","s":"25N-H55N400F-80-F4"},{"r":"129","t":"19:18:50","h":"Nord","s":"25N-H55NV10I-80-I"},{"r":"129","t":"19:18:50","h":"Nord","s":"25N-H55NV20I-80-I"},{"r":"129","t":"19:18:50","h":"Nord","s":"25S-H55S000I-80-I"},{"r":"129","t":"19:18:50","h":"Nord","s":"25S-H55S100F-80-F1"},{"r":"129","t":"19:18:50","h":"Nord","s":"25S-H55S200F-80-F2"},{"r":"129","t":"19:26:24","h":"Nord","s":"25N-H55N000S-80-S"},{"r":"129","t":"19:26:24","h":"Nord","s":"25N-H55N000S-82-S"},{"r":"129","t":"19:26:24","h":"Nord","s":"25N-H55NV10S-85-S"},{"r":"129","t":"19:26:24","h":"Nord","s":"25N-H55NV20S-81-S"},{"r":"129","t":"19:26:24","h":"Nord","s":"25S-H55S000S-82-S"},{"r":"129","t":"19:32:33","h":"Nord","s":"25N-H55N000A-80-A"},{"r":"129","t":"19:32:33","h":"Nord","s":"25N-H55NV10A-80-A"},{"r":"129","t":"19:32:33","h":"Nord","s":"25N-H55NV20A-80-A"},{"r":"129","t":"19:32:33","h":"Nord","s":"25S-H55S000A-80-A"},{"r":"129","t":"19:39:50","h":"Nord","s":"25N-H55N000I-80-I"},{"r":"129","t":"19:39:50","h":"Nord","s":"25N-H55N100F-80-F1"},{"r":"129","t":"19:39:50","h":"Nord","s":"25N-H55N200F-80-F2"},{"r":"129","t":"19:39:50","h":"Nord","s":"25N-H55N300F-80-F3"},{"r":"129","t":"19:39:50","h":"Nord","s":"25N-H55N400F-80-F4"},{"r":"129","t":"19:39:50","h":"Nord","s":"25N-H55NV10I-80-I"},{"r":"129","t":"19:39:50","h":"Nord","s":"25N-H55NV20I-80-I"},{"r":"129","t":"19:39:50","h":"Nord","s":"25S-H55S000I-80-I"},{"r":"129","t":"19:39:50","h":"Nord","s":"25S-H55S100F-80-F1"},{"r":"129","t":"19:39:50","h":"Nord","s":"25S-H55S200F-80-F2"},{"r":"129","t":"19:49:24","h":"Nord","s":"25N-H55N000S-80-S"},{"r":"129","t":"19:49:24","h":"Nord","s":"25N-H55N000S-82-S"},{"r":"129","t":"19:49:24","h":"Nord","s":"25N-H55NV10S-85-S"},{"r":"129","t":"19:49:24","h":"Nord","s":"25N-H55NV20S-81-S"},{"r":"129","t":"19:49:24","h":"Nord","s":"25S-H55S000S-82-S"},{"r":"129","t":"19:59:50","h":"Nord","s":"25N-H55N000I-80-I"},{"r":"129","t":"19:59:50","h":"Nord","s":"25N-H55N100F-80-F1"},{"r":"129","t":"19:59:50","h":"Nord","s":"25N-H55N200F-80-F2"},{"r":"129","t":"19:59:50","h":"Nord","s":"25N-H55N300F-80-F3"},{"r":"129","t":"19:59:50","h":"Nord","s":"25N-H55N400F-80-F4"},{"r":"129","t":"19:59:50","h":"Nord","s":"25N-H55NV10I-80-I"},{"r":"129","t":"19:59:50","h":"Nord","s":"25N-H55NV20I-80-I"},{"r":"129","t":"19:59:50","h":"Nord","s":"25S-H55S000I-80-I"},{"r":"129","t":"19:59:50","h":"Nord","s":"25S-H55S100F-80-F1"},{"r":"129","t":"19:59:50","h":"Nord","s":"25S-H55S200F-80-F2"},{"r":"129","t":"20:01:33","h":"Nord","s":"25N-H55N000A-80-A"},{"r":"129","t":"20:01:33","h":"Nord","s":"25N-H55NV10A-80-A"},{"r":"129","t":"20:01:33","h":"Nord","s":"25N-H55NV20A-80-A"},{"r":"129","t":"20:01:33","h":"Nord","s":"25S-H55S000A-80-A"},{"r":"129","t":"20:04:24","h":"Nord destination D\u00e9carie / Lucy","s":"25N-H55N000S-80-S"},{"r":"129","t":"20:04:24","h":"Nord destination D\u00e9carie / Lucy","s":"25N-H55N000S-82-S"},{"r":"129","t":"20:04:24","h":"Nord destination D\u00e9carie / Lucy","s":"25N-H55NV10S-85-S"},{"r":"129","t":"20:04:24","h":"Nord destination D\u00e9carie / Lucy","s":"25N-H55NV20S-81-S"},{"r":"129","t":"20:04:24","h":"Nord destination D\u00e9carie / Lucy","s":"25S-H55S000S-82-S"},{"r":"129","t":"20:21:50","h":"Nord destination D\u00e9carie / Lucy","s":"25N-H55N000I-80-I"},{"r":"129","t":"20:21:50","h":"Nord destination D\u00e9carie / Lucy","s":"25N-H55N100F-80-F1"},{"r":"129","t":"20:21:50","h":"Nord destination D\u00e9carie / Lucy","s":"25N-H55N200F-80-F2"},{"r":"129","t":"20:21:50","h":"Nord destination D\u00e9carie / Lucy","s":"25N-H55N300F-80-F3"},{"r":"129","t":"20:21:50","h":"Nord destination D\u00e9carie / Lucy","s":"25N-H55N400F-80-F4"},{"r":"129","t":"20:21:50","h":"Nord destination D\u00e9carie / Lucy","s":"25N-H55NV10I-80-I"},{"r":"129","t":"20:21:50","h":"Nord destination D\u00e9carie / Lucy","s":"25N-H55NV20I-80-I"},{"r":"129","t":"20:21:50","h":"Nord destination D\u00e9carie / Lucy","s":"25S-H55S000I-80-I"},{"r":"129","t":"20:21:50","h":"Nord destination D\u00e9carie / Lucy","s":"25S-H55S100F-80-F1"},{"r":"129","t":"20:21:50","h":"Nord destination D\u00e9carie / Lucy","s":"25S-H55S200F-80-F2"},{"r":"129","t":"20:27:33","h":"Nord destination D\u00e9carie / Lucy","s":"25N-H55N000A-80-A"},{"r":"129","t":"20:27:33","h":"Nord destination D\u00e9carie / Lucy","s":"25N-H55NV10A-80-A"},{"r":"129","t":"20:27:33","h":"Nord destination D\u00e9carie / Lucy","s":"25N-H55NV20A-80-A"},{"r":"129","t":"20:27:33","h":"Nord destination D\u00e9carie / Lucy","s":"25S-H55S000A-80-A"},{"r":"129","t":"20:32:24","h":"Nord destination D\u00e9carie / Lucy","s":"25N-H55N000S-80-S"},{"r":"129","t":"20:32:24","h":"Nord destination D\u00e9carie / Lucy","s":"25N-H55N000S-82-S"},{"r":"129","t":"20:32:24","h":"Nord destination D\u00e9carie / Lucy","s":"25N-H55NV10S-85-S"},{"r":"129","t":"20:32:24","h":"Nord destination D\u00e9carie / Lucy","s":"25N-H55NV20S-81-S"},{"r":"129","t":"20:32:24","h":"Nord destination D\u00e9carie / Lucy","s":"25S-H55S000S-82-S"},{"r":"129","t":"20:56:33","h":"Nord destination D\u00e9carie / Lucy","s":"25N-H55N000A-80-A"},{"r":"129","t":"20:56:33","h":"Nord destination D\u00e9carie / Lucy","s":"25N-H55NV10A-80-A"},{"r":"129","t":"20:56:33","h":"Nord destination D\u00e9carie / Lucy","s":"25N-H55NV20A-80-A"},{"r":"129","t":"20:56:33","h":"Nord destination D\u00e9carie / Lucy","s":"25S-H55S000A-80-A"},{"r":"129","t":"20:58:50","h":"Nord destination D\u00e9carie / Lucy","s":"25N-H55N000I-80-I"},{"r":"129","t":"20:58:50","h":"Nord destination D\u00e9carie / Lucy","s":"25N-H55N100F-80-F1"},{"r":"129","t":"20:58:50","h":"Nord destination D\u00e9carie / Lucy","s":"25N-H55N200F-80-F2"},{"r":"129","t":"20:58:50","h":"Nord destination D\u00e9carie / Lucy","s":"25N-H55N300F-80-F3"},{"r":"129","t":"20:58:50","h":"Nord destination D\u00e9carie / Lucy","s":"25N-H55N400F-80-F4"},{"r":"129","t":"20:58:50","h":"Nord destination D\u00e9carie / Lucy","s":"25N-H55NV10I-80-I"},{"r":"129","t":"20:58:50","h":"Nord destination D\u00e9carie / Lucy","s":"25N-H55NV20I-80-I"},{"r":"129","t":"20:58:50","h":"Nord destination D\u00e9carie / Lucy","s":"25S-H55S000I-80-I"},{"r":"129","t":"20:58:50","h":"Nord destination D\u00e9carie / Lucy","s":"25S-H55S100F-80-F1"},{"r":"129","t":"20:58:50","h":"Nord destination D\u00e9carie / Lucy","s":"25S-H55S200F-80-F2"},{"r":"129","t":"21:03:24","h":"Nord destination D\u00e9carie / Lucy","s":"25N-H55N000S-80-S"},{"r":"129","t":"21:03:24","h":"Nord destination D\u00e9carie / Lucy","s":"25N-H55N000S-82-S"},{"r":"129","t":"21:03:24","h":"Nord destination D\u00e9carie / Lucy","s":"25N-H55NV10S-85-S"},{"r":"129","t":"21:03:24","h":"Nord destination D\u00e9carie / Lucy","s":"25N-H55NV20S-81-S"},{"r":"129","t":"21:03:24","h":"Nord destination D\u00e9carie / Lucy","s":"25S-H55S000S-82-S"},{"r":"129","t":"21:26:33","h":"Nord destination D\u00e9carie / Lucy","s":"25N-H55N000A-80-A"},{"r":"129","t":"21:26:33","h":"Nord destination D\u00e9carie / Lucy","s":"25N-H55NV10A-80-A"},{"r":"129","t":"21:26:33","h":"Nord destination D\u00e9carie / Lucy","s":"25N-H55NV20A-80-A"},{"r":"129","t":"21:26:33","h":"Nord destination D\u00e9carie / Lucy","s":"25S-H55S000A-80-A"},{"r":"129","t":"21:34:24","h":"Nord destination D\u00e9carie / Lucy","s":"25N-H55N000S-80-S"},{"r":"129","t":"21:34:24","h":"Nord destination D\u00e9carie / Lucy","s":"25N-H55N000S-82-S"},{"r":"129","t":"21:34:24","h":"Nord destination D\u00e9carie / Lucy","s":"25N-H55NV10S-85-S"},{"r":"129","t":"21:34:24","h":"Nord destination D\u00e9carie / Lucy","s":"25N-H55NV20S-81-S"},{"r":"129","t":"21:34:24","h":"Nord destination D\u00e9carie / Lucy","s":"25S-H55S000S-82-S"},{"r":"129","t":"21:36:50","h":"Nord destination D\u00e9carie / Lucy","s":"25N-H55N000I-80-I"},{"r":"129","t":"21:36:50","h":"Nord destination D\u00e9carie / Lucy","s":"25N-H55N100F-80-F1"},{"r":"129","t":"21:36:50","h":"Nord destination D\u00e9carie / Lucy","s":"25N-H55N200F-80-F2"},{"r":"129","t":"21:36:50","h":"Nord destination D\u00e9carie / Lucy","s":"25N-H55N300F-80-F3"},{"r":"129","t":"21:36:50","h":"Nord destination D\u00e9carie / Lucy","s":"25N-H55N400F-80-F4"},{"r":"129","t":"21:36:50","h":"Nord destination D\u00e9carie / Lucy","s":"25N-H55NV10I-80-I"},{"r":"129","t":"21:36:50","h":"Nord destination D\u00e9carie / Lucy","s":"25N-H55NV20I-80-I"},{"r":"129","t":"21:36:50","h":"Nord destination D\u00e9carie / Lucy","s":"25S-H55S000I-80-I"},{"r":"129","t":"21:36:50","h":"Nord destination D\u00e9carie / Lucy","s":"25S-H55S100F-80-F1"},{"r":"129","t":"21:36:50","h":"Nord destination D\u00e9carie / Lucy","s":"25S-H55S200F-80-F2"},{"r":"129","t":"21:55:33","h":"Nord destination D\u00e9carie / Lucy","s":"25N-H55N000A-80-A"},{"r":"129","t":"21:55:33","h":"Nord destination D\u00e9carie / Lucy","s":"25N-H55NV10A-80-A"},{"r":"129","t":"21:55:33","h":"Nord destination D\u00e9carie / Lucy","s":"25N-H55NV20A-80-A"},{"r":"129","t":"21:55:33","h":"Nord destination D\u00e9carie / Lucy","s":"25S-H55S000A-80-A"},{"r":"129","t":"22:01:24","h":"Nord destination D\u00e9carie / Lucy","s":"25N-H55N000S-80-S"},{"r":"129","t":"22:01:24","h":"Nord destination D\u00e9carie / Lucy","s":"25N-H55N000S-82-S"},{"r":"129","t":"22:01:24","h":"Nord destination D\u00e9carie / Lucy","s":"25N-H55NV10S-85-S"},{"r":"129","t":"22:01:24","h":"Nord destination D\u00e9carie / Lucy","s":"25N-H55NV20S-81-S"},{"r":"129","t":"22:01:24","h":"Nord destination D\u00e9carie / Lucy","s":"25S-H55S000S-82-S"},{"r":"129","t":"22:14:50","h":"Nord destination D\u00e9carie / Lucy","s":"25N-H55N000I-80-I"},{"r":"129","t":"22:14:50","h":"Nord destination D\u00e9carie / Lucy","s":"25N-H55N100F-80-F1"},{"r":"129","t":"22:14:50","h":"Nord destination D\u00e9carie / Lucy","s":"25N-H55N200F-80-F2"},{"r":"129","t":"22:14:50","h":"Nord destination D\u00e9carie / Lucy","s":"25N-H55N300F-80-F3"},{"r":"129","t":"22:14:50","h":"Nord destination D\u00e9carie / Lucy","s":"25N-H55N400F-80-F4"},{"r":"129","t":"22:14:50","h":"Nord destination D\u00e9carie / Lucy","s":"25N-H55NV10I-80-I"},{"r":"129","t":"22:14:50","h":"Nord destination D\u00e9carie / Lucy","s":"25N-H55NV20I-80-I"},{"r":"129","t":"22:14:50","h":"Nord destination D\u00e9carie / Lucy","s":"25S-H55S000I-80-I"},{"r":"129","t":"22:14:50","h":"Nord destination D\u00e9carie / Lucy","s":"25S-H55S100F-80-F1"},{"r":"129","t":"22:14:50","h":"Nord destination D\u00e9carie / Lucy","s":"25S-H55S200F-80-F2"},{"r":"129","t":"22:25:33","h":"Nord destination D\u00e9carie / Lucy","s":"25N-H55N000A-80-A"},{"r":"129","t":"22:25:33","h":"Nord destination D\u00e9carie / Lucy","s":"25N-H55NV10A-80-A"},{"r":"129","t":"22:25:33","h":"Nord destination D\u00e9carie / Lucy","s":"25N-H55NV20A-80-A"},{"r":"129","t":"22:25:33","h":"Nord destination D\u00e9carie / Lucy","s":"25S-H55S000A-80-A"},{"r":"129","t":"22:30:24","h":"Nord destination D\u00e9carie / Lucy","s":"25N-H55N000S-80-S"},{"r":"129","t":"22:30:24","h":"Nord destination D\u00e9carie / Lucy","s":"25N-H55N000S-82-S"},{"r":"129","t":"22:30:24","h":"Nord destination D\u00e9carie / Lucy","s":"25N-H55NV10S-85-S"},{"r":"129","t":"22:30:24","h":"Nord destination D\u00e9carie / Lucy","s":"25N-H55NV20S-81-S"},{"r":"129","t":"22:30:24","h":"Nord destination D\u00e9carie / Lucy","s":"25S-H55S000S-82-S"},{"r":"129","t":"22:51:50","h":"Nord destination D\u00e9carie / Lucy","s":"25N-H55N000I-80-I"},{"r":"129","t":"22:51:50","h":"Nord destination D\u00e9carie / Lucy","s":"25N-H55N100F-80-F1"},{"r":"129","t":"22:51:50","h":"Nord destination D\u00e9carie / Lucy","s":"25N-H55N200F-80-F2"},{"r":"129","t":"22:51:50","h":"Nord destination D\u00e9carie / Lucy","s":"25N-H55N300F-80-F3"},{"r":"129","t":"22:51:50","h":"Nord destination D\u00e9carie / Lucy","s":"25N-H55N400F-80-F4"},{"r":"129","t":"22:51:50","h":"Nord destination D\u00e9carie / Lucy","s":"25N-H55NV10I-80-I"},{"r":"129","t":"22:51:50","h":"Nord destination D\u00e9carie / Lucy","s":"25N-H55NV20I-80-I"},{"r":"129","t":"22:51:50","h":"Nord destination D\u00e9carie / Lucy","s":"25S-H55S000I-80-I"},{"r":"129","t":"22:51:50","h":"Nord destination D\u00e9carie / Lucy","s":"25S-H55S100F-80-F1"},{"r":"129","t":"22:51:50","h":"Nord destination D\u00e9carie / Lucy","s":"25S-H55S200F-80-F2"},{"r":"129","t":"22:55:33","h":"Nord destination D\u00e9carie / Lucy","s":"25N-H55N000A-80-A"},{"r":"129","t":"22:55:33","h":"Nord destination D\u00e9carie / Lucy","s":"25N-H55NV10A-80-A"},{"r":"129","t":"22:55:33","h":"Nord destination D\u00e9carie / Lucy","s":"25N-H55NV20A-80-A"},{"r":"129","t":"22:55:33","h":"Nord destination D\u00e9carie / Lucy","s":"25S-H55S000A-80-A"},{"r":"129","t":"23:00:24","h":"Nord destination D\u00e9carie / Lucy","s":"25N-H55N000S-80-S"},{"r":"129","t":"23:00:24","h":"Nord destination D\u00e9carie / Lucy","s":"25N-H55N000S-82-S"},{"r":"129","t":"23:00:24","h":"Nord destination D\u00e9carie / Lucy","s":"25N-H55NV10S-85-S"},{"r":"129","t":"23:00:24","h":"Nord destination D\u00e9carie / Lucy","s":"25N-H55NV20S-81-S"},{"r":"129","t":"23:00:24","h":"Nord destination D\u00e9carie / Lucy","s":"25S-H55S000S-82-S"},{"r":"129","t":"23:21:33","h":"Nord destination D\u00e9carie / Lucy","s":"25N-H55N000A-80-A"},{"r":"129","t":"23:21:33","h":"Nord destination D\u00e9carie / Lucy","s":"25N-H55NV10A-80-A"},{"r":"129","t":"23:21:33","h":"Nord destination D\u00e9carie / Lucy","s":"25N-H55NV20A-80-A"},{"r":"129","t":"23:21:33","h":"Nord destination D\u00e9carie / Lucy","s":"25S-H55S000A-80-A"},{"r":"129","t":"23:27:50","h":"Nord destination D\u00e9carie / Lucy","s":"25N-H55N000I-80-I"},{"r":"129","t":"23:27:50","h":"Nord destination D\u00e9carie / Lucy","s":"25N-H55N100F-80-F1"},{"r":"129","t":"23:27:50","h":"Nord destination D\u00e9carie / Lucy","s":"25N-H55N200F-80-F2"},{"r":"129","t":"23:27:50","h":"Nord destination D\u00e9carie / Lucy","s":"25N-H55N300F-80-F3"},{"r":"129","t":"23:27:50","h":"Nord destination D\u00e9carie / Lucy","s":"25N-H55N400F-80-F4"},{"r":"129","t":"23:27:50","h":"Nord destination D\u00e9carie / Lucy","s":"25N-H55NV10I-80-I"},{"r":"129","t":"23:27:50","h":"Nord destination D\u00e9carie / Lucy","s":"25N-H55NV20I-80-I"},{"r":"129","t":"23:27:50","h":"Nord destination D\u00e9carie / Lucy","s":"25S-H55S000I-80-I"},{"r":"129","t":"23:27:50","h":"Nord destination D\u00e9carie / Lucy","s":"25S-H55S100F-80-F1"},{"r":"129","t":"23:27:50","h":"Nord destination D\u00e9carie / Lucy","s":"25S-H55S200F-80-F2"},{"r":"129","t":"23:30:24","h":"Nord destination D\u00e9carie / Lucy","s":"25N-H55N000S-80-S"},{"r":"129","t":"23:30:24","h":"Nord destination D\u00e9carie / Lucy","s":"25N-H55N000S-82-S"},{"r":"129","t":"23:30:24","h":"Nord destination D\u00e9carie / Lucy","s":"25N-H55NV10S-85-S"},{"r":"129","t":"23:30:24","h":"Nord destination D\u00e9carie / Lucy","s":"25N-H55NV20S-81-S"},{"r":"129","t":"23:30:24","h":"Nord destination D\u00e9carie / Lucy","s":"25S-H55S000S-82-S"},{"r":"129","t":"23:58:50","h":"Nord destination D\u00e9carie / Lucy","s":"25N-H55N000S-80-S"},{"r":"129","t":"23:58:50","h":"Nord destination D\u00e9carie / Lucy","s":"25N-H55N000S-82-S"},{"r":"129","t":"23:58:50","h":"Nord destination D\u00e9carie / Lucy","s":"25N-H55NV10S-85-S"},{"r":"129","t":"23:58:50","h":"Nord destination D\u00e9carie / Lucy","s":"25N-H55NV20S-81-S"},{"r":"129","t":"23:58:50","h":"Nord destination D\u00e9carie / Lucy","s":"25S-H55S000S-82-S"},{"r":"129","t":"24:03:33","h":"Nord destination D\u00e9carie / Lucy","s":"25N-H55N000A-80-A"},{"r":"129","t":"24:03:33","h":"Nord destination D\u00e9carie / Lucy","s":"25N-H55NV10A-80-A"},{"r":"129","t":"24:03:33","h":"Nord destination D\u00e9carie / Lucy","s":"25N-H55NV20A-80-A"},{"r":"129","t":"24:03:33","h":"Nord destination D\u00e9carie / Lucy","s":"25S-H55S000A-80-A"},{"r":"129","t":"24:03:50","h":"Nord destination D\u00e9carie / Lucy","s":"25N-H55N000I-80-I"},{"r":"129","t":"24:03:50","h":"Nord destination D\u00e9carie / Lucy","s":"25N-H55N100F-80-F1"},{"r":"129","t":"24:03:50","h":"Nord destination D\u00e9carie / Lucy","s":"25N-H55N200F-80-F2"},{"r":"129","t":"24:03:50","h":"Nord destination D\u00e9carie / Lucy","s":"25N-H55N300F-80-F3"},{"r":"129","t":"24:03:50","h":"Nord destination D\u00e9carie / Lucy","s":"25N-H55N400F-80-F4"},{"r":"129","t":"24:03:50","h":"Nord destination D\u00e9carie / Lucy","s":"25N-H55NV10I-80-I"},{"r":"129","t":"24:03:50","h":"Nord destination D\u00e9carie / Lucy","s":"25N-H55NV20I-80-I"},{"r":"129","t":"24:03:50","h":"Nord destination D\u00e9carie / Lucy","s":"25S-H55S000I-80-I"},{"r":"129","t":"24:03:50","h":"Nord destination D\u00e9carie / Lucy","s":"25S-H55S100F-80-F1"},{"r":"129","t":"24:03:50","h":"Nord destination D\u00e9carie / Lucy","s":"25S-H55S200F-80-F2"},{"r":"129","t":"24:26:50","h":"Nord destination D\u00e9carie / Lucy","s":"25N-H55N000S-80-S"},{"r":"129","t":"24:26:50","h":"Nord destination D\u00e9carie / Lucy","s":"25N-H55N000S-82-S"},{"r":"129","t":"24:26:50","h":"Nord destination D\u00e9carie / Lucy","s":"25N-H55NV10S-85-S"},{"r":"129","t":"24:26:50","h":"Nord destination D\u00e9carie / Lucy","s":"25N-H55NV20S-81-S"},{"r":"129","t":"24:26:50","h":"Nord destination D\u00e9carie / Lucy","s":"25S-H55S000S-82-S"},{"r":"129","t":"24:44:50","h":"Nord destination D\u00e9carie / Lucy","s":"25N-H55N000I-80-I"},{"r":"129","t":"24:44:50","h":"Nord destination D\u00e9carie / Lucy","s":"25N-H55N100F-80-F1"},{"r":"129","t":"24:44:50","h":"Nord destination D\u00e9carie / Lucy","s":"25N-H55N200F-80-F2"},{"r":"129","t":"24:44:50","h":"Nord destination D\u00e9carie / Lucy","s":"25N-H55N300F-80-F3"},{"r":"129","t":"24:44:50","h":"Nord destination D\u00e9carie / Lucy","s":"25N-H55N400F-80-F4"},{"r":"129","t":"24:44:50","h":"Nord destination D\u00e9carie / Lucy","s":"25N-H55NV10I-80-I"},{"r":"129","t":"24:44:50","h":"Nord destination D\u00e9carie / Lucy","s":"25N-H55NV20I-80-I"},{"r":"129","t":"24:44:50","h":"Nord destination D\u00e9carie / Lucy","s":"25S-H55S000I-80-I"},{"r":"129","t":"24:44:50","h":"Nord destination D\u00e9carie / Lucy","s":"25S-H55S100F-80-F1"},{"r":"129","t":"24:44:50","h":"Nord destination D\u00e9carie / Lucy","s":"25S-H55S200F-80-F2"},{"r":"129","t":"24:45:33","h":"Nord destination D\u00e9carie / Lucy","s":"25N-H55N000A-80-A"},{"r":"129","t":"24:45:33","h":"Nord destination D\u00e9carie / Lucy","s":"25N-H55NV10A-80-A"},{"r":"129","t":"24:45:33","h":"Nord destination D\u00e9carie / Lucy","s":"25N-H55NV20A-80-A"},{"r":"129","t":"24:45:33","h":"Nord destination D\u00e9carie / Lucy","s":"25S-H55S000A-80-A"},{"r":"129","t":"24:56:50","h":"Nord destination D\u00e9carie / Lucy","s":"25N-H55N000S-80-S"},{"r":"129","t":"24:56:50","h":"Nord destination D\u00e9carie / Lucy","s":"25N-H55N000S-82-S"},{"r":"129","t":"24:56:50","h":"Nord destination D\u00e9carie / Lucy","s":"25N-H55NV10S-85-S"},{"r":"129","t":"24:56:50","h":"Nord destination D\u00e9carie / Lucy","s":"25N-H55NV20S-81-S"},{"r":"129","t":"24:56:50","h":"Nord destination D\u00e9carie / Lucy","s":"25S-H55S000S-82-S"},{"r":"129","t":"25:25:33","h":"Nord destination D\u00e9carie / Lucy","s":"25N-H55N000A-80-A"},{"r":"129","t":"25:25:33","h":"Nord destination D\u00e9carie / Lucy","s":"25N-H55NV10A-80-A"},{"r":"129","t":"25:25:33","h":"Nord destination D\u00e9carie / Lucy","s":"25N-H55NV20A-80-A"},{"r":"129","t":"25:25:33","h":"Nord destination D\u00e9carie / Lucy","s":"25S-H55S000A-80-A"},{"r":"129","t":"25:26:50","h":"Nord destination D\u00e9carie / Lucy","s":"25N-H55N000I-80-I"},{"r":"129","t":"25:26:50","h":"Nord destination D\u00e9carie / Lucy","s":"25N-H55N100F-80-F1"},{"r":"129","t":"25:26:50","h":"Nord destination D\u00e9carie / Lucy","s":"25N-H55N200F-80-F2"},{"r":"129","t":"25:26:50","h":"Nord destination D\u00e9carie / Lucy","s":"25N-H55N300F-80-F3"},{"r":"129","t":"25:26:50","h":"Nord destination D\u00e9carie / Lucy","s":"25N-H55N400F-80-F4"},{"r":"129","t":"25:26:50","h":"Nord destination D\u00e9carie / Lucy","s":"25N-H55NV10I-80-I"},{"r":"129","t":"25:26:50","h":"Nord destination D\u00e9carie / Lucy","s":"25N-H55NV20I-80-I"},{"r":"129","t":"25:26:50","h":"Nord destination D\u00e9carie / Lucy","s":"25S-H55S000I-80-I"},{"r":"129","t":"25:26:50","h":"Nord destination D\u00e9carie / Lucy","s":"25S-H55S100F-80-F1"},{"r":"129","t":"25:26:50","h":"Nord destination D\u00e9carie / Lucy","s":"25S-H55S200F-80-F2"},{"r":"129","t":"25:28:50","h":"Nord destination D\u00e9carie / Lucy","s":"25N-H55N000S-80-S"},{"r":"129","t":"25:28:50","h":"Nord destination D\u00e9carie / Lucy","s":"25N-H55N000S-82-S"},{"r":"129","t":"25:28:50","h":"Nord destination D\u00e9carie / Lucy","s":"25N-H55NV10S-85-S"},{"r":"129","t":"25:28:50","h":"Nord destination D\u00e9carie / Lucy","s":"25N-H55NV20S-81-S"},{"r":"129","t":"25:28:50","h":"Nord destination D\u00e9carie / Lucy","s":"25S-H55S000S-82-S"}]