[{"r":"161","t":"05:09:16","h":"Est","s":"25N-H55N000A-80-A"},{"r":"161","t":"05:09:16","h":"Est","s":"25N-H55N000I-80-I"},{"r":"161","t":"05:09:16","h":"Est","s":"25N-H55N100F-80-F1"},{"r":"161","t":"05:09:16","h":"Est","s":"25N-H55N200F-80-F2"},{"r":"161","t":"05:09:16","h":"Est","s":"25N-H55N300F-80-F3"},{"r":"161","t":"05:09:16","h":"Est","s":"25N-H55N400F-80-F4"},{"r":"161","t":"05:09:16","h":"Est","s":"25N-H55NV10A-80-A"},{"r":"161","t":"05:09:16","h":"Est","s":"25N-H55NV10I-80-I"},{"r":"161","t":"05:09:16","h":"Est","s":"25N-H55NV20A-80-A"},{"r":"161","t":"05:09:16","h":"Est","s":"25N-H55NV20I-80-I"},{"r":"161","t":"05:09:16","h":"Est","s":"25S-H55S000A-80-A"},{"r":"161","t":"05:09:16","h":"Est","s":"25S-H55S000I-80-I"},{"r":"161","t":"05:09:16","h":"Est","s":"25S-H55S100F-80-F1"},{"r":"161","t":"05:09:16","h":"Est","s":"25S-H55S200F-80-F2"},{"r":"161","t":"05:13:54","h":"Est","s":"25N-H55N000S-80-S"},{"r":"161","t":"05:13:54","h":"Est","s":"25N-H55N000S-82-S"},{"r":"161","t":"05:13:54","h":"Est","s":"25N-H55NV10S-85-S"},{"r":"161","t":"05:13:54","h":"Est","s":"25N-H55NV20S-81-S"},{"r":"161","t":"05:13:54","h":"Est","s":"25S-H55S000S-82-S"},{"r":"161","t":"05:35:54","h":"Est","s":"25N-H55N000S-80-S"},{"r":"161","t":"05:35:54","h":"Est","s":"25N-H55N000S-82-S"},{"r":"161","t":"05:35:54","h":"Est","s":"25N-H55NV10S-85-S"},{"r":"161","t":"05:35:54","h":"Est","s":"25N-H55NV20S-81-S"},{"r":"161","t":"05:35:54","h":"Est","s":"25S-H55S000S-82-S"},{"r":"161","t":"05:42:16","h":"Est","s":"25N-H55N000A-80-A"},{"r":"161","t":"05:42:16","h":"Est","s":"25N-H55N000I-80-I"},{"r":"161","t":"05:42:16","h":"Est","s":"25N-H55N100F-80-F1"},{"r":"161","t":"05:42:16","h":"Est","s":"25N-H55N200F-80-F2"},{"r":"161","t":"05:42:16","h":"Est","s":"25N-H55N300F-80-F3"},{"r":"161","t":"05:42:16","h":"Est","s":"25N-H55N400F-80-F4"},{"r":"161","t":"05:42:16","h":"Est","s":"25N-H55NV10A-80-A"},{"r":"161","t":"05:42:16","h":"Est","s":"25N-H55NV10I-80-I"},{"r":"161","t":"05:42:16","h":"Est","s":"25N-H55NV20A-80-A"},{"r":"161","t":"05:42:16","h":"Est","s":"25N-H55NV20I-80-I"},{"r":"161","t":"05:42:16","h":"Est","s":"25S-H55S000A-80-A"},{"r":"161","t":"05:42:16","h":"Est","s":"25S-H55S000I-80-I"},{"r":"161","t":"05:42:16","h":"Est","s":"25S-H55S100F-80-F1"},{"r":"161","t":"05:42:16","h":"Est","s":"25S-H55S200F-80-F2"},{"r":"161","t":"05:57:54","h":"Est","s":"25N-H55N000S-80-S"},{"r":"161","t":"05:57:54","h":"Est","s":"25N-H55N000S-82-S"},{"r":"161","t":"05:57:54","h":"Est","s":"25N-H55NV10S-85-S"},{"r":"161","t":"05:57:54","h":"Est","s":"25N-H55NV20S-81-S"},{"r":"161","t":"05:57:54","h":"Est","s":"25S-H55S000S-82-S"},{"r":"161","t":"06:14:16","h":"Est","s":"25N-H55N000I-80-I"},{"r":"161","t":"06:14:16","h":"Est","s":"25N-H55N100F-80-F1"},{"r":"161","t":"06:14:16","h":"Est","s":"25N-H55N200F-80-F2"},{"r":"161","t":"06:14:16","h":"Est","s":"25N-H55N300F-80-F3"},{"r":"161","t":"06:14:16","h":"Est","s":"25N-H55N400F-80-F4"},{"r":"161","t":"06:14:16","h":"Est","s":"25N-H55NV10I-80-I"},{"r":"161","t":"06:14:16","h":"Est","s":"25N-H55NV20I-80-I"},{"r":"161","t":"06:14:16","h":"Est","s":"25S-H55S000I-80-I"},{"r":"161","t":"06:14:16","h":"Est","s":"25S-H55S100F-80-F1"},{"r":"161","t":"06:14:16","h":"Est","s":"25S-H55S200F-80-F2"},{"r":"161","t":"06:15:54","h":"Est","s":"25N-H55N000A-80-A"},{"r":"161","t":"06:15:54","h":"Est","s":"25N-H55NV10A-80-A"},{"r":"161","t":"06:15:54","h":"Est","s":"25N-H55NV20A-80-A"},{"r":"161","t":"06:15:54","h":"Est","s":"25S-H55S000A-80-A"},{"r":"161","t":"06:19:54","h":"Est","s":"25N-H55N000S-80-S"},{"r":"161","t":"06:19:54","h":"Est","s":"25N-H55N000S-82-S"},{"r":"161","t":"06:19:54","h":"Est","s":"25N-H55NV10S-85-S"},{"r":"161","t":"06:19:54","h":"Est","s":"25N-H55NV20S-81-S"},{"r":"161","t":"06:19:54","h":"Est","s":"25S-H55S000S-82-S"},{"r":"161","t":"06:41:54","h":"Est","s":"25N-H55N000S-80-S"},{"r":"161","t":"06:41:54","h":"Est","s":"25N-H55N000S-82-S"},{"r":"161","t":"06:41:54","h":"Est","s":"25N-H55NV10S-85-S"},{"r":"161","t":"06:41:54","h":"Est","s":"25N-H55NV20S-81-S"},{"r":"161","t":"06:41:54","h":"Est","s":"25S-H55S000S-82-S"},{"r":"161","t":"06:46:32","h":"Est","s":"25N-H55N000A-80-A"},{"r":"161","t":"06:46:32","h":"Est","s":"25N-H55NV10A-80-A"},{"r":"161","t":"06:46:32","h":"Est","s":"25N-H55NV20A-80-A"},{"r":"161","t":"06:46:32","h":"Est","s":"25S-H55S000A-80-A"},{"r":"161","t":"06:46:54","h":"Est","s":"25N-H55N000I-80-I"},{"r":"161","t":"06:46:54","h":"Est","s":"25N-H55N100F-80-F1"},{"r":"161","t":"06:46:54","h":"Est","s":"25N-H55N200F-80-F2"},{"r":"161","t":"06:46:54","h":"Est","s":"25N-H55N300F-80-F3"},{"r":"161","t":"06:46:54","h":"Est","s":"25N-H55N400F-80-F4"},{"r":"161","t":"06:46:54","h":"Est","s":"25N-H55NV10I-80-I"},{"r":"161","t":"06:46:54","h":"Est","s":"25N-H55NV20I-80-I"},{"r":"161","t":"06:46:54","h":"Est","s":"25S-H55S000I-80-I"},{"r":"161","t":"06:46:54","h":"Est","s":"25S-H55S100F-80-F1"},{"r":"161","t":"06:46:54","h":"Est","s":"25S-H55S200F-80-F2"},{"r":"161","t":"06:53:54","h":"Est","s":"25N-H55N000S-80-S"},{"r":"161","t":"06:53:54","h":"Est","s":"25N-H55N000S-82-S"},{"r":"161","t":"06:53:54","h":"Est","s":"25N-H55NV10S-85-S"},{"r":"161","t":"06:53:54","h":"Est","s":"25N-H55NV20S-81-S"},{"r":"161","t":"06:53:54","h":"Est","s":"25S-H55S000S-82-S"},{"r":"161","t":"07:04:54","h":"Est","s":"25N-H59N000S-80-S"},{"r":"161","t":"07:04:54","h":"Est","s":"25N-H59NV10S-84-S"},{"r":"161","t":"07:04:54","h":"Est","s":"25N-H59NV20S-80-S"},{"r":"161","t":"07:04:54","h":"Est","s":"25S-H59S000S-81-S"},{"r":"161","t":"07:12:54","h":"Est","s":"25N-H55N000S-80-S"},{"r":"161","t":"07:12:54","h":"Est","s":"25N-H55N000S-82-S"},{"r":"161","t":"07:12:54","h":"Est","s":"25N-H55NV10S-85-S"},{"r":"161","t":"07:12:54","h":"Est","s":"25N-H55NV20S-81-S"},{"r":"161","t":"07:12:54","h":"Est","s":"25S-H55S000S-82-S"},{"r":"161","t":"07:13:32","h":"Est","s":"25N-H55N000A-80-A"},{"r":"161","t":"07:13:32","h":"Est","s":"25N-H55NV10A-80-A"},{"r":"161","t":"07:13:32","h":"Est","s":"25N-H55NV20A-80-A"},{"r":"161","t":"07:13:32","h":"Est","s":"25S-H55S000A-80-A"},{"r":"161","t":"07:16:54","h":"Est","s":"25N-H55N000I-80-I"},{"r":"161","t":"07:16:54","h":"Est","s":"25N-H55N100F-80-F1"},{"r":"161","t":"07:16:54","h":"Est","s":"25N-H55N200F-80-F2"},{"r":"161","t":"07:16:54","h":"Est","s":"25N-H55N300F-80-F3"},{"r":"161","t":"07:16:54","h":"Est","s":"25N-H55N400F-80-F4"},{"r":"161","t":"07:16:54","h":"Est","s":"25N-H55NV10I-80-I"},{"r":"161","t":"07:16:54","h":"Est","s":"25N-H55NV20I-80-I"},{"r":"161","t":"07:16:54","h":"Est","s":"25S-H55S000I-80-I"},{"r":"161","t":"07:16:54","h":"Est","s":"25S-H55S100F-80-F1"},{"r":"161","t":"07:16:54","h":"Est","s":"25S-H55S200F-80-F2"},{"r":"161","t":"07:19:54","h":"Est","s":"25N-H55N000S-80-S"},{"r":"161","t":"07:19:54","h":"Est","s":"25N-H55N000S-82-S"},{"r":"161","t":"07:19:54","h":"Est","s":"25N-H55NV10S-85-S"},{"r":"161","t":"07:19:54","h":"Est","s":"25N-H55NV20S-81-S"},{"r":"161","t":"07:19:54","h":"Est","s":"25S-H55S000S-82-S"},{"r":"161","t":"07:28:54","h":"Est","s":"25N-H55N000S-80-S"},{"r":"161","t":"07:28:54","h":"Est","s":"25N-H55N000S-82-S"},{"r":"161","t":"07:28:54","h":"Est","s":"25N-H55NV10S-85-S"},{"r":"161","t":"07:28:54","h":"Est","s":"25N-H55NV20S-81-S"},{"r":"161","t":"07:28:54","h":"Est","s":"25S-H55S000S-82-S"},{"r":"161","t":"07:37:54","h":"Est","s":"25N-H55N000S-80-S"},{"r":"161","t":"07:37:54","h":"Est","s":"25N-H55N000S-82-S"},{"r":"161","t":"07:37:54","h":"Est","s":"25N-H55NV10S-85-S"},{"r":"161","t":"07:37:54","h":"Est","s":"25N-H55NV20S-81-S"},{"r":"161","t":"07:37:54","h":"Est","s":"25S-H55S000S-82-S"},{"r":"161","t":"07:39:32","h":"Est","s":"25N-H55N000A-80-A"},{"r":"161","t":"07:39:32","h":"Est","s":"25N-H55NV10A-80-A"},{"r":"161","t":"07:39:32","h":"Est","s":"25N-H55NV20A-80-A"},{"r":"161","t":"07:39:32","h":"Est","s":"25S-H55S000A-80-A"},{"r":"161","t":"07:44:54","h":"Est","s":"25N-H55N000S-80-S"},{"r":"161","t":"07:44:54","h":"Est","s":"25N-H55N000S-82-S"},{"r":"161","t":"07:44:54","h":"Est","s":"25N-H55NV10S-85-S"},{"r":"161","t":"07:44:54","h":"Est","s":"25N-H55NV20S-81-S"},{"r":"161","t":"07:44:54","h":"Est","s":"25S-H55S000S-82-S"},{"r":"161","t":"07:48:32","h":"Est","s":"25N-H55N000I-80-I"},{"r":"161","t":"07:48:32","h":"Est","s":"25N-H55N100F-80-F1"},{"r":"161","t":"07:48:32","h":"Est","s":"25N-H55N200F-80-F2"},{"r":"161","t":"07:48:32","h":"Est","s":"25N-H55N300F-80-F3"},{"r":"161","t":"07:48:32","h":"Est","s":"25N-H55N400F-80-F4"},{"r":"161","t":"07:48:32","h":"Est","s":"25N-H55NV10I-80-I"},{"r":"161","t":"07:48:32","h":"Est","s":"25N-H55NV20I-80-I"},{"r":"161","t":"07:48:32","h":"Est","s":"25S-H55S000I-80-I"},{"r":"161","t":"07:48:32","h":"Est","s":"25S-H55S100F-80-F1"},{"r":"161","t":"07:48:32","h":"Est","s":"25S-H55S200F-80-F2"},{"r":"161","t":"07:51:32","h":"Est","s":"25N-H55N000S-80-S"},{"r":"161","t":"07:51:32","h":"Est","s":"25N-H55N000S-82-S"},{"r":"161","t":"07:51:32","h":"Est","s":"25N-H55NV10S-85-S"},{"r":"161","t":"07:51:32","h":"Est","s":"25N-H55NV20S-81-S"},{"r":"161","t":"07:51:32","h":"Est","s":"25S-H55S000S-82-S"},{"r":"161","t":"07:59:32","h":"Est","s":"25N-H55N000S-80-S"},{"r":"161","t":"07:59:32","h":"Est","s":"25N-H55N000S-82-S"},{"r":"161","t":"07:59:32","h":"Est","s":"25N-H55NV10S-85-S"},{"r":"161","t":"07:59:32","h":"Est","s":"25N-H55NV20S-81-S"},{"r":"161","t":"07:59:32","h":"Est","s":"25S-H55S000S-82-S"},{"r":"161","t":"08:08:10","h":"Est","s":"25N-H55N000A-80-A"},{"r":"161","t":"08:08:10","h":"Est","s":"25N-H55NV10A-80-A"},{"r":"161","t":"08:08:10","h":"Est","s":"25N-H55NV20A-80-A"},{"r":"161","t":"08:08:10","h":"Est","s":"25S-H55S000A-80-A"},{"r":"161","t":"08:08:32","h":"Est","s":"25N-H57N000S-80-S"},{"r":"161","t":"08:08:32","h":"Est","s":"25N-H57NV10S-84-S"},{"r":"161","t":"08:08:32","h":"Est","s":"25N-H57NV20S-80-S"},{"r":"161","t":"08:08:32","h":"Est","s":"25S-H57S000S-82-S"},{"r":"161","t":"08:15:32","h":"Est","s":"25N-H55N000S-80-S"},{"r":"161","t":"08:15:32","h":"Est","s":"25N-H55N000S-82-S"},{"r":"161","t":"08:15:32","h":"Est","s":"25N-H55NV10S-85-S"},{"r":"161","t":"08:15:32","h":"Est","s":"25N-H55NV20S-81-S"},{"r":"161","t":"08:15:32","h":"Est","s":"25S-H55S000S-82-S"},{"r":"161","t":"08:17:32","h":"Est","s":"25N-H55N000I-80-I"},{"r":"161","t":"08:17:32","h":"Est","s":"25N-H55N100F-80-F1"},{"r":"161","t":"08:17:32","h":"Est","s":"25N-H55N200F-80-F2"},{"r":"161","t":"08:17:32","h":"Est","s":"25N-H55N300F-80-F3"},{"r":"161","t":"08:17:32","h":"Est","s":"25N-H55N400F-80-F4"},{"r":"161","t":"08:17:32","h":"Est","s":"25N-H55NV10I-80-I"},{"r":"161","t":"08:17:32","h":"Est","s":"25N-H55NV20I-80-I"},{"r":"161","t":"08:17:32","h":"Est","s":"25S-H55S000I-80-I"},{"r":"161","t":"08:17:32","h":"Est","s":"25S-H55S100F-80-F1"},{"r":"161","t":"08:17:32","h":"Est","s":"25S-H55S200F-80-F2"},{"r":"161","t":"08:20:32","h":"Est","s":"25N-H55N000S-80-S"},{"r":"161","t":"08:20:32","h":"Est","s":"25N-H55N000S-82-S"},{"r":"161","t":"08:20:32","h":"Est","s":"25N-H55NV10S-85-S"},{"r":"161","t":"08:20:32","h":"Est","s":"25N-H55NV20S-81-S"},{"r":"161","t":"08:20:32","h":"Est","s":"25S-H55S000S-82-S"},{"r":"161","t":"08:25:32","h":"Est","s":"25N-H55N000S-80-S"},{"r":"161","t":"08:25:32","h":"Est","s":"25N-H55N000S-82-S"},{"r":"161","t":"08:25:32","h":"Est","s":"25N-H55NV10S-85-S"},{"r":"161","t":"08:25:32","h":"Est","s":"25N-H55NV20S-81-S"},{"r":"161","t":"08:25:32","h":"Est","s":"25S-H55S000S-82-S"},{"r":"161","t":"08:30:32","h":"Est","s":"25N-H55N000S-80-S"},{"r":"161","t":"08:30:32","h":"Est","s":"25N-H55N000S-82-S"},{"r":"161","t":"08:30:32","h":"Est","s":"25N-H55NV10S-85-S"},{"r":"161","t":"08:30:32","h":"Est","s":"25N-H55NV20S-81-S"},{"r":"161","t":"08:30:32","h":"Est","s":"25S-H55S000S-82-S"},{"r":"161","t":"08:34:10","h":"Est","s":"25N-H55N000A-80-A"},{"r":"161","t":"08:34:10","h":"Est","s":"25N-H55NV10A-80-A"},{"r":"161","t":"08:34:10","h":"Est","s":"25N-H55NV20A-80-A"},{"r":"161","t":"08:34:10","h":"Est","s":"25S-H55S000A-80-A"},{"r":"161","t":"08:35:32","h":"Est","s":"25N-H55N000S-80-S"},{"r":"161","t":"08:35:32","h":"Est","s":"25N-H55N000S-82-S"},{"r":"161","t":"08:35:32","h":"Est","s":"25N-H55NV10S-85-S"},{"r":"161","t":"08:35:32","h":"Est","s":"25N-H55NV20S-81-S"},{"r":"161","t":"08:35:32","h":"Est","s":"25S-H55S000S-82-S"},{"r":"161","t":"08:40:32","h":"Est","s":"25N-H55N000S-80-S"},{"r":"161","t":"08:40:32","h":"Est","s":"25N-H55N000S-82-S"},{"r":"161","t":"08:40:32","h":"Est","s":"25N-H55NV10S-85-S"},{"r":"161","t":"08:40:32","h":"Est","s":"25N-H55NV20S-81-S"},{"r":"161","t":"08:40:32","h":"Est","s":"25S-H55S000S-82-S"},{"r":"161","t":"08:43:32","h":"Est","s":"25N-H55N000I-80-I"},{"r":"161","t":"08:43:32","h":"Est","s":"25N-H55N100F-80-F1"},{"r":"161","t":"08:43:32","h":"Est","s":"25N-H55N200F-80-F2"},{"r":"161","t":"08:43:32","h":"Est","s":"25N-H55N300F-80-F3"},{"r":"161","t":"08:43:32","h":"Est","s":"25N-H55N400F-80-F4"},{"r":"161","t":"08:43:32","h":"Est","s":"25N-H55NV10I-80-I"},{"r":"161","t":"08:43:32","h":"Est","s":"25N-H55NV20I-80-I"},{"r":"161","t":"08:43:32","h":"Est","s":"25S-H55S000I-80-I"},{"r":"161","t":"08:43:32","h":"Est","s":"25S-H55S100F-80-F1"},{"r":"161","t":"08:43:32","h":"Est","s":"25S-H55S200F-80-F2"},{"r":"161","t":"08:44:32","h":"Est","s":"25N-H55N000S-80-S"},{"r":"161","t":"08:44:32","h":"Est","s":"25N-H55N000S-82-S"},{"r":"161","t":"08:44:32","h":"Est","s":"25N-H55NV10S-85-S"},{"r":"161","t":"08:44:32","h":"Est","s":"25N-H55NV20S-81-S"},{"r":"161","t":"08:44:32","h":"Est","s":"25S-H55S000S-82-S"},{"r":"161","t":"08:50:32","h":"Est","s":"25N-H55N000S-80-S"},{"r":"161","t":"08:50:32","h":"Est","s":"25N-H55N000S-82-S"},{"r":"161","t":"08:50:32","h":"Est","s":"25N-H55NV10S-85-S"},{"r":"161","t":"08:50:32","h":"Est","s":"25N-H55NV20S-81-S"},{"r":"161","t":"08:50:32","h":"Est","s":"25S-H55S000S-82-S"},{"r":"161","t":"08:56:10","h":"Est","s":"25N-H55N000A-80-A"},{"r":"161","t":"08:56:10","h":"Est","s":"25N-H55NV10A-80-A"},{"r":"161","t":"08:56:10","h":"Est","s":"25N-H55NV20A-80-A"},{"r":"161","t":"08:56:10","h":"Est","s":"25S-H55S000A-80-A"},{"r":"161","t":"08:59:32","h":"Est","s":"25N-H55N000S-80-S"},{"r":"161","t":"08:59:32","h":"Est","s":"25N-H55N000S-82-S"},{"r":"161","t":"08:59:32","h":"Est","s":"25N-H55NV10S-85-S"},{"r":"161","t":"08:59:32","h":"Est","s":"25N-H55NV20S-81-S"},{"r":"161","t":"08:59:32","h":"Est","s":"25S-H55S000S-82-S"},{"r":"161","t":"09:08:32","h":"Est","s":"25N-H55N000I-80-I"},{"r":"161","t":"09:08:32","h":"Est","s":"25N-H55N100F-80-F1"},{"r":"161","t":"09:08:32","h":"Est","s":"25N-H55N200F-80-F2"},{"r":"161","t":"09:08:32","h":"Est","s":"25N-H55N300F-80-F3"},{"r":"161","t":"09:08:32","h":"Est","s":"25N-H55N400F-80-F4"},{"r":"161","t":"09:08:32","h":"Est","s":"25N-H55NV10I-80-I"},{"r":"161","t":"09:08:32","h":"Est","s":"25N-H55NV20I-80-I"},{"r":"161","t":"09:08:32","h":"Est","s":"25S-H55S000I-80-I"},{"r":"161","t":"09:08:32","h":"Est","s":"25S-H55S100F-80-F1"},{"r":"161","t":"09:08:32","h":"Est","s":"25S-H55S200F-80-F2"},{"r":"161","t":"09:09:32","h":"Est","s":"25N-H55N000S-80-S"},{"r":"161","t":"09:09:32","h":"Est","s":"25N-H55N000S-82-S"},{"r":"161","t":"09:09:32","h":"Est","s":"25N-H55NV10S-85-S"},{"r":"161","t":"09:09:32","h":"Est","s":"25N-H55NV20S-81-S"},{"r":"161","t":"09:09:32","h":"Est","s":"25S-H55S000S-82-S"},{"r":"161","t":"09:16:10","h":"Est","s":"25N-H55N000A-80-A"},{"r":"161","t":"09:16:10","h":"Est","s":"25N-H55NV10A-80-A"},{"r":"161","t":"09:16:10","h":"Est","s":"25N-H55NV20A-80-A"},{"r":"161","t":"09:16:10","h":"Est","s":"25S-H55S000A-80-A"},{"r":"161","t":"09:18:32","h":"Est","s":"25N-H55N000S-80-S"},{"r":"161","t":"09:18:32","h":"Est","s":"25N-H55N000S-82-S"},{"r":"161","t":"09:18:32","h":"Est","s":"25N-H55NV10S-85-S"},{"r":"161","t":"09:18:32","h":"Est","s":"25N-H55NV20S-81-S"},{"r":"161","t":"09:18:32","h":"Est","s":"25S-H55S000S-82-S"},{"r":"161","t":"09:26:32","h":"Est","s":"25N-H55N000S-80-S"},{"r":"161","t":"09:26:32","h":"Est","s":"25N-H55N000S-82-S"},{"r":"161","t":"09:26:32","h":"Est","s":"25N-H55NV10S-85-S"},{"r":"161","t":"09:26:32","h":"Est","s":"25N-H55NV20S-81-S"},{"r":"161","t":"09:26:32","h":"Est","s":"25S-H55S000S-82-S"},{"r":"161","t":"09:33:32","h":"Est","s":"25N-H55N000I-80-I"},{"r":"161","t":"09:33:32","h":"Est","s":"25N-H55N100F-80-F1"},{"r":"161","t":"09:33:32","h":"Est","s":"25N-H55N200F-80-F2"},{"r":"161","t":"09:33:32","h":"Est","s":"25N-H55N300F-80-F3"},{"r":"161","t":"09:33:32","h":"Est","s":"25N-H55N400F-80-F4"},{"r":"161","t":"09:33:32","h":"Est","s":"25N-H55NV10I-80-I"},{"r":"161","t":"09:33:32","h":"Est","s":"25N-H55NV20I-80-I"},{"r":"161","t":"09:33:32","h":"Est","s":"25S-H55S000I-80-I"},{"r":"161","t":"09:33:32","h":"Est","s":"25S-H55S100F-80-F1"},{"r":"161","t":"09:33:32","h":"Est","s":"25S-H55S200F-80-F2"},{"r":"161","t":"09:35:32","h":"Est","s":"25N-H55N000S-80-S"},{"r":"161","t":"09:35:32","h":"Est","s":"25N-H55N000S-82-S"},{"r":"161","t":"09:35:32","h":"Est","s":"25N-H55NV10S-85-S"},{"r":"161","t":"09:35:32","h":"Est","s":"25N-H55NV20S-81-S"},{"r":"161","t":"09:35:32","h":"Est","s":"25S-H55S000S-82-S"},{"r":"161","t":"09:36:10","h":"Est","s":"25N-H55N000A-80-A"},{"r":"161","t":"09:36:10","h":"Est","s":"25N-H55NV10A-80-A"},{"r":"161","t":"09:36:10","h":"Est","s":"25N-H55NV20A-80-A"},{"r":"161","t":"09:36:10","h":"Est","s":"25S-H55S000A-80-A"},{"r":"161","t":"09:45:32","h":"Est","s":"25N-H55N000S-80-S"},{"r":"161","t":"09:45:32","h":"Est","s":"25N-H55N000S-82-S"},{"r":"161","t":"09:45:32","h":"Est","s":"25N-H55NV10S-85-S"},{"r":"161","t":"09:45:32","h":"Est","s":"25N-H55NV20S-81-S"},{"r":"161","t":"09:45:32","h":"Est","s":"25S-H55S000S-82-S"},{"r":"161","t":"09:55:32","h":"Est","s":"25N-H55N000S-80-S"},{"r":"161","t":"09:55:32","h":"Est","s":"25N-H55N000S-82-S"},{"r":"161","t":"09:55:32","h":"Est","s":"25N-H55NV10S-85-S"},{"r":"161","t":"09:55:32","h":"Est","s":"25N-H55NV20S-81-S"},{"r":"161","t":"09:55:32","h":"Est","s":"25S-H55S000S-82-S"},{"r":"161","t":"09:56:10","h":"Est","s":"25N-H55N000A-80-A"},{"r":"161","t":"09:56:10","h":"Est","s":"25N-H55NV10A-80-A"},{"r":"161","t":"09:56:10","h":"Est","s":"25N-H55NV20A-80-A"},{"r":"161","t":"09:56:10","h":"Est","s":"25S-H55S000A-80-A"},{"r":"161","t":"09:57:32","h":"Est","s":"25N-H55N000I-80-I"},{"r":"161","t":"09:57:32","h":"Est","s":"25N-H55N100F-80-F1"},{"r":"161","t":"09:57:32","h":"Est","s":"25N-H55N200F-80-F2"},{"r":"161","t":"09:57:32","h":"Est","s":"25N-H55N300F-80-F3"},{"r":"161","t":"09:57:32","h":"Est","s":"25N-H55N400F-80-F4"},{"r":"161","t":"09:57:32","h":"Est","s":"25N-H55NV10I-80-I"},{"r":"161","t":"09:57:32","h":"Est","s":"25N-H55NV20I-80-I"},{"r":"161","t":"09:57:32","h":"Est","s":"25S-H55S000I-80-I"},{"r":"161","t":"09:57:32","h":"Est","s":"25S-H55S100F-80-F1"},{"r":"161","t":"09:57:32","h":"Est","s":"25S-H55S200F-80-F2"},{"r":"161","t":"10:08:32","h":"Est","s":"25N-H55N000S-80-S"},{"r":"161","t":"10:08:32","h":"Est","s":"25N-H55N000S-82-S"},{"r":"161","t":"10:08:32","h":"Est","s":"25N-H55NV10S-85-S"},{"r":"161","t":"10:08:32","h":"Est","s":"25N-H55NV20S-81-S"},{"r":"161","t":"10:08:32","h":"Est","s":"25S-H55S000S-82-S"},{"r":"161","t":"10:18:10","h":"Est","s":"25N-H55N000A-80-A"},{"r":"161","t":"10:18:10","h":"Est","s":"25N-H55NV10A-80-A"},{"r":"161","t":"10:18:10","h":"Est","s":"25N-H55NV20A-80-A"},{"r":"161","t":"10:18:10","h":"Est","s":"25S-H55S000A-80-A"},{"r":"161","t":"10:21:32","h":"Est","s":"25N-H55N000I-80-I"},{"r":"161","t":"10:21:32","h":"Est","s":"25N-H55N000S-80-S"},{"r":"161","t":"10:21:32","h":"Est","s":"25N-H55N000S-82-S"},{"r":"161","t":"10:21:32","h":"Est","s":"25N-H55N100F-80-F1"},{"r":"161","t":"10:21:32","h":"Est","s":"25N-H55N200F-80-F2"},{"r":"161","t":"10:21:32","h":"Est","s":"25N-H55N300F-80-F3"},{"r":"161","t":"10:21:32","h":"Est","s":"25N-H55N400F-80-F4"},{"r":"161","t":"10:21:32","h":"Est","s":"25N-H55NV10I-80-I"},{"r":"161","t":"10:21:32","h":"Est","s":"25N-H55NV10S-85-S"},{"r":"161","t":"10:21:32","h":"Est","s":"25N-H55NV20I-80-I"},{"r":"161","t":"10:21:32","h":"Est","s":"25N-H55NV20S-81-S"},{"r":"161","t":"10:21:32","h":"Est","s":"25S-H55S000I-80-I"},{"r":"161","t":"10:21:32","h":"Est","s":"25S-H55S000S-82-S"},{"r":"161","t":"10:21:32","h":"Est","s":"25S-H55S100F-80-F1"},{"r":"161","t":"10:21:32","h":"Est","s":"25S-H55S200F-80-F2"},{"r":"161","t":"10:36:32","h":"Est","s":"25N-H55N000S-80-S"},{"r":"161","t":"10:36:32","h":"Est","s":"25N-H55N000S-82-S"},{"r":"161","t":"10:36:32","h":"Est","s":"25N-H55NV10S-85-S"},{"r":"161","t":"10:36:32","h":"Est","s":"25N-H55NV20S-81-S"},{"r":"161","t":"10:36:32","h":"Est","s":"25S-H55S000S-82-S"},{"r":"161","t":"10:38:10","h":"Est","s":"25N-H55N000A-80-A"},{"r":"161","t":"10:38:10","h":"Est","s":"25N-H55NV10A-80-A"},{"r":"161","t":"10:38:10","h":"Est","s":"25N-H55NV20A-80-A"},{"r":"161","t":"10:38:10","h":"Est","s":"25S-H55S000A-80-A"},{"r":"161","t":"10:43:32","h":"Est","s":"25N-H55N000I-80-I"},{"r":"161","t":"10:43:32","h":"Est","s":"25N-H55N100F-80-F1"},{"r":"161","t":"10:43:32","h":"Est","s":"25N-H55N200F-80-F2"},{"r":"161","t":"10:43:32","h":"Est","s":"25N-H55N300F-80-F3"},{"r":"161","t":"10:43:32","h":"Est","s":"25N-H55N400F-80-F4"},{"r":"161","t":"10:43:32","h":"Est","s":"25N-H55NV10I-80-I"},{"r":"161","t":"10:43:32","h":"Est","s":"25N-H55NV20I-80-I"},{"r":"161","t":"10:43:32","h":"Est","s":"25S-H55S000I-80-I"},{"r":"161","t":"10:43:32","h":"Est","s":"25S-H55S100F-80-F1"},{"r":"161","t":"10:43:32","h":"Est","s":"25S-H55S200F-80-F2"},{"r":"161","t":"10:51:32","h":"Est","s":"25N-H55N000S-80-S"},{"r":"161","t":"10:51:32","h":"Est","s":"25N-H55N000S-82-S"},{"r":"161","t":"10:51:32","h":"Est","s":"25N-H55NV10S-85-S"},{"r":"161","t":"10:51:32","h":"Est","s":"25N-H55NV20S-81-S"},{"r":"161","t":"10:51:32","h":"Est","s":"25S-H55S000S-82-S"},{"r":"161","t":"10:57:10","h":"Est","s":"25N-H55N000A-80-A"},{"r":"161","t":"10:57:10","h":"Est","s":"25N-H55NV10A-80-A"},{"r":"161","t":"10:57:10","h":"Est","s":"25N-H55NV20A-80-A"},{"r":"161","t":"10:57:10","h":"Est","s":"25S-H55S000A-80-A"},{"r":"161","t":"11:03:10","h":"Est","s":"25N-H55N000I-80-I"},{"r":"161","t":"11:03:10","h":"Est","s":"25N-H55N100F-80-F1"},{"r":"161","t":"11:03:10","h":"Est","s":"25N-H55N200F-80-F2"},{"r":"161","t":"11:03:10","h":"Est","s":"25N-H55N300F-80-F3"},{"r":"161","t":"11:03:10","h":"Est","s":"25N-H55N400F-80-F4"},{"r":"161","t":"11:03:10","h":"Est","s":"25N-H55NV10I-80-I"},{"r":"161","t":"11:03:10","h":"Est","s":"25N-H55NV20I-80-I"},{"r":"161","t":"11:03:10","h":"Est","s":"25S-H55S000I-80-I"},{"r":"161","t":"11:03:10","h":"Est","s":"25S-H55S100F-80-F1"},{"r":"161","t":"11:03:10","h":"Est","s":"25S-H55S200F-80-F2"},{"r":"161","t":"11:06:32","h":"Est","s":"25N-H55N000S-80-S"},{"r":"161","t":"11:06:32","h":"Est","s":"25N-H55N000S-82-S"},{"r":"161","t":"11:06:32","h":"Est","s":"25N-H55NV10S-85-S"},{"r":"161","t":"11:06:32","h":"Est","s":"25N-H55NV20S-81-S"},{"r":"161","t":"11:06:32","h":"Est","s":"25S-H55S000S-82-S"},{"r":"161","t":"11:16:10","h":"Est","s":"25N-H55N000A-80-A"},{"r":"161","t":"11:16:10","h":"Est","s":"25N-H55NV10A-80-A"},{"r":"161","t":"11:16:10","h":"Est","s":"25N-H55NV20A-80-A"},{"r":"161","t":"11:16:10","h":"Est","s":"25S-H55S000A-80-A"},{"r":"161","t":"11:21:10","h":"Est","s":"25N-H55N000I-80-I"},{"r":"161","t":"11:21:10","h":"Est","s":"25N-H55N100F-80-F1"},{"r":"161","t":"11:21:10","h":"Est","s":"25N-H55N200F-80-F2"},{"r":"161","t":"11:21:10","h":"Est","s":"25N-H55N300F-80-F3"},{"r":"161","t":"11:21:10","h":"Est","s":"25N-H55N400F-80-F4"},{"r":"161","t":"11:21:10","h":"Est","s":"25N-H55NV10I-80-I"},{"r":"161","t":"11:21:10","h":"Est","s":"25N-H55NV20I-80-I"},{"r":"161","t":"11:21:10","h":"Est","s":"25S-H55S000I-80-I"},{"r":"161","t":"11:21:10","h":"Est","s":"25S-H55S100F-80-F1"},{"r":"161","t":"11:21:10","h":"Est","s":"25S-H55S200F-80-F2"},{"r":"161","t":"11:21:32","h":"Est","s":"25N-H55N000S-80-S"},{"r":"161","t":"11:21:32","h":"Est","s":"25N-H55N000S-82-S"},{"r":"161","t":"11:21:32","h":"Est","s":"25N-H55NV10S-85-S"},{"r":"161","t":"11:21:32","h":"Est","s":"25N-H55NV20S-81-S"},{"r":"161","t":"11:21:32","h":"Est","s":"25S-H55S000S-82-S"},{"r":"161","t":"11:31:10","h":"Est","s":"25N-H55N000A-80-A"},{"r":"161","t":"11:31:10","h":"Est","s":"25N-H55NV10A-80-A"},{"r":"161","t":"11:31:10","h":"Est","s":"25N-H55NV20A-80-A"},{"r":"161","t":"11:31:10","h":"Est","s":"25S-H55S000A-80-A"},{"r":"161","t":"11:37:10","h":"Est","s":"25N-H55N000I-80-I"},{"r":"161","t":"11:37:10","h":"Est","s":"25N-H55N100F-80-F1"},{"r":"161","t":"11:37:10","h":"Est","s":"25N-H55N200F-80-F2"},{"r":"161","t":"11:37:10","h":"Est","s":"25N-H55N300F-80-F3"},{"r":"161","t":"11:37:10","h":"Est","s":"25N-H55N400F-80-F4"},{"r":"161","t":"11:37:10","h":"Est","s":"25N-H55NV10I-80-I"},{"r":"161","t":"11:37:10","h":"Est","s":"25N-H55NV20I-80-I"},{"r":"161","t":"11:37:10","h":"Est","s":"25S-H55S000I-80-I"},{"r":"161","t":"11:37:10","h":"Est","s":"25S-H55S100F-80-F1"},{"r":"161","t":"11:37:10","h":"Est","s":"25S-H55S200F-80-F2"},{"r":"161","t":"11:37:32","h":"Est","s":"25N-H55N000S-80-S"},{"r":"161","t":"11:37:32","h":"Est","s":"25N-H55N000S-82-S"},{"r":"161","t":"11:37:32","h":"Est","s":"25N-H55NV10S-85-S"},{"r":"161","t":"11:37:32","h":"Est","s":"25N-H55NV20S-81-S"},{"r":"161","t":"11:37:32","h":"Est","s":"25S-H55S000S-82-S"},{"r":"161","t":"11:46:10","h":"Est","s":"25N-H55N000A-80-A"},{"r":"161","t":"11:46:10","h":"Est","s":"25N-H55NV10A-80-A"},{"r":"161","t":"11:46:10","h":"Est","s":"25N-H55NV20A-80-A"},{"r":"161","t":"11:46:10","h":"Est","s":"25S-H55S000A-80-A"},{"r":"161","t":"11:52:32","h":"Est","s":"25N-H55N000S-80-S"},{"r":"161","t":"11:52:32","h":"Est","s":"25N-H55N000S-82-S"},{"r":"161","t":"11:52:32","h":"Est","s":"25N-H55NV10S-85-S"},{"r":"161","t":"11:52:32","h":"Est","s":"25N-H55NV20S-81-S"},{"r":"161","t":"11:52:32","h":"Est","s":"25S-H55S000S-82-S"},{"r":"161","t":"11:53:10","h":"Est","s":"25N-H55N000I-80-I"},{"r":"161","t":"11:53:10","h":"Est","s":"25N-H55N100F-80-F1"},{"r":"161","t":"11:53:10","h":"Est","s":"25N-H55N200F-80-F2"},{"r":"161","t":"11:53:10","h":"Est","s":"25N-H55N300F-80-F3"},{"r":"161","t":"11:53:10","h":"Est","s":"25N-H55N400F-80-F4"},{"r":"161","t":"11:53:10","h":"Est","s":"25N-H55NV10I-80-I"},{"r":"161","t":"11:53:10","h":"Est","s":"25N-H55NV20I-80-I"},{"r":"161","t":"11:53:10","h":"Est","s":"25S-H55S000I-80-I"},{"r":"161","t":"11:53:10","h":"Est","s":"25S-H55S100F-80-F1"},{"r":"161","t":"11:53:10","h":"Est","s":"25S-H55S200F-80-F2"},{"r":"161","t":"12:04:10","h":"Est","s":"25N-H55N000A-80-A"},{"r":"161","t":"12:04:10","h":"Est","s":"25N-H55NV10A-80-A"},{"r":"161","t":"12:04:10","h":"Est","s":"25N-H55NV20A-80-A"},{"r":"161","t":"12:04:10","h":"Est","s":"25S-H55S000A-80-A"},{"r":"161","t":"12:06:32","h":"Est","s":"25N-H55N000S-80-S"},{"r":"161","t":"12:06:32","h":"Est","s":"25N-H55N000S-82-S"},{"r":"161","t":"12:06:32","h":"Est","s":"25N-H55NV10S-85-S"},{"r":"161","t":"12:06:32","h":"Est","s":"25N-H55NV20S-81-S"},{"r":"161","t":"12:06:32","h":"Est","s":"25S-H55S000S-82-S"},{"r":"161","t":"12:09:10","h":"Est","s":"25N-H55N000I-80-I"},{"r":"161","t":"12:09:10","h":"Est","s":"25N-H55N100F-80-F1"},{"r":"161","t":"12:09:10","h":"Est","s":"25N-H55N200F-80-F2"},{"r":"161","t":"12:09:10","h":"Est","s":"25N-H55N300F-80-F3"},{"r":"161","t":"12:09:10","h":"Est","s":"25N-H55N400F-80-F4"},{"r":"161","t":"12:09:10","h":"Est","s":"25N-H55NV10I-80-I"},{"r":"161","t":"12:09:10","h":"Est","s":"25N-H55NV20I-80-I"},{"r":"161","t":"12:09:10","h":"Est","s":"25S-H55S000I-80-I"},{"r":"161","t":"12:09:10","h":"Est","s":"25S-H55S100F-80-F1"},{"r":"161","t":"12:09:10","h":"Est","s":"25S-H55S200F-80-F2"},{"r":"161","t":"12:19:10","h":"Est","s":"25N-H55N000A-80-A"},{"r":"161","t":"12:19:10","h":"Est","s":"25N-H55NV10A-80-A"},{"r":"161","t":"12:19:10","h":"Est","s":"25N-H55NV20A-80-A"},{"r":"161","t":"12:19:10","h":"Est","s":"25S-H55S000A-80-A"},{"r":"161","t":"12:21:32","h":"Est","s":"25N-H55N000S-80-S"},{"r":"161","t":"12:21:32","h":"Est","s":"25N-H55N000S-82-S"},{"r":"161","t":"12:21:32","h":"Est","s":"25N-H55NV10S-85-S"},{"r":"161","t":"12:21:32","h":"Est","s":"25N-H55NV20S-81-S"},{"r":"161","t":"12:21:32","h":"Est","s":"25S-H55S000S-82-S"},{"r":"161","t":"12:25:10","h":"Est","s":"25N-H55N000I-80-I"},{"r":"161","t":"12:25:10","h":"Est","s":"25N-H55N100F-80-F1"},{"r":"161","t":"12:25:10","h":"Est","s":"25N-H55N200F-80-F2"},{"r":"161","t":"12:25:10","h":"Est","s":"25N-H55N300F-80-F3"},{"r":"161","t":"12:25:10","h":"Est","s":"25N-H55N400F-80-F4"},{"r":"161","t":"12:25:10","h":"Est","s":"25N-H55NV10I-80-I"},{"r":"161","t":"12:25:10","h":"Est","s":"25N-H55NV20I-80-I"},{"r":"161","t":"12:25:10","h":"Est","s":"25S-H55S000I-80-I"},{"r":"161","t":"12:25:10","h":"Est","s":"25S-H55S100F-80-F1"},{"r":"161","t":"12:25:10","h":"Est","s":"25S-H55S200F-80-F2"},{"r":"161","t":"12:33:10","h":"Est","s":"25N-H55N000A-80-A"},{"r":"161","t":"12:33:10","h":"Est","s":"25N-H55NV10A-80-A"},{"r":"161","t":"12:33:10","h":"Est","s":"25N-H55NV20A-80-A"},{"r":"161","t":"12:33:10","h":"Est","s":"25S-H55S000A-80-A"},{"r":"161","t":"12:36:32","h":"Est","s":"25N-H55N000S-80-S"},{"r":"161","t":"12:36:32","h":"Est","s":"25N-H55N000S-82-S"},{"r":"161","t":"12:36:32","h":"Est","s":"25N-H55NV10S-85-S"},{"r":"161","t":"12:36:32","h":"Est","s":"25N-H55NV20S-81-S"},{"r":"161","t":"12:36:32","h":"Est","s":"25S-H55S000S-82-S"},{"r":"161","t":"12:41:10","h":"Est","s":"25N-H55N000I-80-I"},{"r":"161","t":"12:41:10","h":"Est","s":"25N-H55N100F-80-F1"},{"r":"161","t":"12:41:10","h":"Est","s":"25N-H55N200F-80-F2"},{"r":"161","t":"12:41:10","h":"Est","s":"25N-H55N300F-80-F3"},{"r":"161","t":"12:41:10","h":"Est","s":"25N-H55N400F-80-F4"},{"r":"161","t":"12:41:10","h":"Est","s":"25N-H55NV10I-80-I"},{"r":"161","t":"12:41:10","h":"Est","s":"25N-H55NV20I-80-I"},{"r":"161","t":"12:41:10","h":"Est","s":"25S-H55S000I-80-I"},{"r":"161","t":"12:41:10","h":"Est","s":"25S-H55S100F-80-F1"},{"r":"161","t":"12:41:10","h":"Est","s":"25S-H55S200F-80-F2"},{"r":"161","t":"12:47:10","h":"Est","s":"25N-H55N000A-80-A"},{"r":"161","t":"12:47:10","h":"Est","s":"25N-H55NV10A-80-A"},{"r":"161","t":"12:47:10","h":"Est","s":"25N-H55NV20A-80-A"},{"r":"161","t":"12:47:10","h":"Est","s":"25S-H55S000A-80-A"},{"r":"161","t":"12:51:32","h":"Est","s":"25N-H55N000S-80-S"},{"r":"161","t":"12:51:32","h":"Est","s":"25N-H55N000S-82-S"},{"r":"161","t":"12:51:32","h":"Est","s":"25N-H55NV10S-85-S"},{"r":"161","t":"12:51:32","h":"Est","s":"25N-H55NV20S-81-S"},{"r":"161","t":"12:51:32","h":"Est","s":"25S-H55S000S-82-S"},{"r":"161","t":"12:56:10","h":"Est","s":"25N-H55N000I-80-I"},{"r":"161","t":"12:56:10","h":"Est","s":"25N-H55N100F-80-F1"},{"r":"161","t":"12:56:10","h":"Est","s":"25N-H55N200F-80-F2"},{"r":"161","t":"12:56:10","h":"Est","s":"25N-H55N300F-80-F3"},{"r":"161","t":"12:56:10","h":"Est","s":"25N-H55N400F-80-F4"},{"r":"161","t":"12:56:10","h":"Est","s":"25N-H55NV10I-80-I"},{"r":"161","t":"12:56:10","h":"Est","s":"25N-H55NV20I-80-I"},{"r":"161","t":"12:56:10","h":"Est","s":"25S-H55S000I-80-I"},{"r":"161","t":"12:56:10","h":"Est","s":"25S-H55S100F-80-F1"},{"r":"161","t":"12:56:10","h":"Est","s":"25S-H55S200F-80-F2"},{"r":"161","t":"13:01:10","h":"Est","s":"25N-H55N000A-80-A"},{"r":"161","t":"13:01:10","h":"Est","s":"25N-H55NV10A-80-A"},{"r":"161","t":"13:01:10","h":"Est","s":"25N-H55NV20A-80-A"},{"r":"161","t":"13:01:10","h":"Est","s":"25S-H55S000A-80-A"},{"r":"161","t":"13:04:32","h":"Est","s":"25N-H55N000S-80-S"},{"r":"161","t":"13:04:32","h":"Est","s":"25N-H55N000S-82-S"},{"r":"161","t":"13:04:32","h":"Est","s":"25N-H55NV10S-85-S"},{"r":"161","t":"13:04:32","h":"Est","s":"25N-H55NV20S-81-S"},{"r":"161","t":"13:04:32","h":"Est","s":"25S-H55S000S-82-S"},{"r":"161","t":"13:11:10","h":"Est","s":"25N-H55N000I-80-I"},{"r":"161","t":"13:11:10","h":"Est","s":"25N-H55N100F-80-F1"},{"r":"161","t":"13:11:10","h":"Est","s":"25N-H55N200F-80-F2"},{"r":"161","t":"13:11:10","h":"Est","s":"25N-H55N300F-80-F3"},{"r":"161","t":"13:11:10","h":"Est","s":"25N-H55N400F-80-F4"},{"r":"161","t":"13:11:10","h":"Est","s":"25N-H55NV10I-80-I"},{"r":"161","t":"13:11:10","h":"Est","s":"25N-H55NV20I-80-I"},{"r":"161","t":"13:11:10","h":"Est","s":"25S-H55S000I-80-I"},{"r":"161","t":"13:11:10","h":"Est","s":"25S-H55S100F-80-F1"},{"r":"161","t":"13:11:10","h":"Est","s":"25S-H55S200F-80-F2"},{"r":"161","t":"13:14:32","h":"Est","s":"25N-H55N000S-80-S"},{"r":"161","t":"13:14:32","h":"Est","s":"25N-H55N000S-82-S"},{"r":"161","t":"13:14:32","h":"Est","s":"25N-H55NV10S-85-S"},{"r":"161","t":"13:14:32","h":"Est","s":"25N-H55NV20S-81-S"},{"r":"161","t":"13:14:32","h":"Est","s":"25S-H55S000S-82-S"},{"r":"161","t":"13:15:10","h":"Est","s":"25N-H55N000A-80-A"},{"r":"161","t":"13:15:10","h":"Est","s":"25N-H55NV10A-80-A"},{"r":"161","t":"13:15:10","h":"Est","s":"25N-H55NV20A-80-A"},{"r":"161","t":"13:15:10","h":"Est","s":"25S-H55S000A-80-A"},{"r":"161","t":"13:24:32","h":"Est","s":"25N-H55N000S-80-S"},{"r":"161","t":"13:24:32","h":"Est","s":"25N-H55N000S-82-S"},{"r":"161","t":"13:24:32","h":"Est","s":"25N-H55NV10S-85-S"},{"r":"161","t":"13:24:32","h":"Est","s":"25N-H55NV20S-81-S"},{"r":"161","t":"13:24:32","h":"Est","s":"25S-H55S000S-82-S"},{"r":"161","t":"13:26:48","h":"Est","s":"25N-H55N000I-80-I"},{"r":"161","t":"13:26:48","h":"Est","s":"25N-H55N100F-80-F1"},{"r":"161","t":"13:26:48","h":"Est","s":"25N-H55N200F-80-F2"},{"r":"161","t":"13:26:48","h":"Est","s":"25N-H55N300F-80-F3"},{"r":"161","t":"13:26:48","h":"Est","s":"25N-H55N400F-80-F4"},{"r":"161","t":"13:26:48","h":"Est","s":"25N-H55NV10I-80-I"},{"r":"161","t":"13:26:48","h":"Est","s":"25N-H55NV20I-80-I"},{"r":"161","t":"13:26:48","h":"Est","s":"25S-H55S000I-80-I"},{"r":"161","t":"13:26:48","h":"Est","s":"25S-H55S100F-80-F1"},{"r":"161","t":"13:26:48","h":"Est","s":"25S-H55S200F-80-F2"},{"r":"161","t":"13:29:10","h":"Est","s":"25N-H55N000A-80-A"},{"r":"161","t":"13:29:10","h":"Est","s":"25N-H55NV10A-80-A"},{"r":"161","t":"13:29:10","h":"Est","s":"25N-H55NV20A-80-A"},{"r":"161","t":"13:29:10","h":"Est","s":"25S-H55S000A-80-A"},{"r":"161","t":"13:35:32","h":"Est","s":"25N-H55N000S-80-S"},{"r":"161","t":"13:35:32","h":"Est","s":"25N-H55N000S-82-S"},{"r":"161","t":"13:35:32","h":"Est","s":"25N-H55NV10S-85-S"},{"r":"161","t":"13:35:32","h":"Est","s":"25N-H55NV20S-81-S"},{"r":"161","t":"13:35:32","h":"Est","s":"25S-H55S000S-82-S"},{"r":"161","t":"13:41:48","h":"Est","s":"25N-H55N000I-80-I"},{"r":"161","t":"13:41:48","h":"Est","s":"25N-H55N100F-80-F1"},{"r":"161","t":"13:41:48","h":"Est","s":"25N-H55N200F-80-F2"},{"r":"161","t":"13:41:48","h":"Est","s":"25N-H55N300F-80-F3"},{"r":"161","t":"13:41:48","h":"Est","s":"25N-H55N400F-80-F4"},{"r":"161","t":"13:41:48","h":"Est","s":"25N-H55NV10I-80-I"},{"r":"161","t":"13:41:48","h":"Est","s":"25N-H55NV20I-80-I"},{"r":"161","t":"13:41:48","h":"Est","s":"25S-H55S000I-80-I"},{"r":"161","t":"13:41:48","h":"Est","s":"25S-H55S100F-80-F1"},{"r":"161","t":"13:41:48","h":"Est","s":"25S-H55S200F-80-F2"},{"r":"161","t":"13:43:10","h":"Est","s":"25N-H55N000A-80-A"},{"r":"161","t":"13:43:10","h":"Est","s":"25N-H55NV10A-80-A"},{"r":"161","t":"13:43:10","h":"Est","s":"25N-H55NV20A-80-A"},{"r":"161","t":"13:43:10","h":"Est","s":"25S-H55S000A-80-A"},{"r":"161","t":"13:45:32","h":"Est","s":"25N-H55N000S-80-S"},{"r":"161","t":"13:45:32","h":"Est","s":"25N-H55N000S-82-S"},{"r":"161","t":"13:45:32","h":"Est","s":"25N-H55NV10S-85-S"},{"r":"161","t":"13:45:32","h":"Est","s":"25N-H55NV20S-81-S"},{"r":"161","t":"13:45:32","h":"Est","s":"25S-H55S000S-82-S"},{"r":"161","t":"13:56:32","h":"Est","s":"25N-H55N000S-80-S"},{"r":"161","t":"13:56:32","h":"Est","s":"25N-H55N000S-82-S"},{"r":"161","t":"13:56:32","h":"Est","s":"25N-H55NV10S-85-S"},{"r":"161","t":"13:56:32","h":"Est","s":"25N-H55NV20S-81-S"},{"r":"161","t":"13:56:32","h":"Est","s":"25S-H55S000S-82-S"},{"r":"161","t":"13:56:48","h":"Est","s":"25N-H55N000I-80-I"},{"r":"161","t":"13:56:48","h":"Est","s":"25N-H55N100F-80-F1"},{"r":"161","t":"13:56:48","h":"Est","s":"25N-H55N200F-80-F2"},{"r":"161","t":"13:56:48","h":"Est","s":"25N-H55N300F-80-F3"},{"r":"161","t":"13:56:48","h":"Est","s":"25N-H55N400F-80-F4"},{"r":"161","t":"13:56:48","h":"Est","s":"25N-H55NV10I-80-I"},{"r":"161","t":"13:56:48","h":"Est","s":"25N-H55NV20I-80-I"},{"r":"161","t":"13:56:48","h":"Est","s":"25S-H55S000I-80-I"},{"r":"161","t":"13:56:48","h":"Est","s":"25S-H55S100F-80-F1"},{"r":"161","t":"13:56:48","h":"Est","s":"25S-H55S200F-80-F2"},{"r":"161","t":"13:57:10","h":"Est","s":"25N-H55N000A-80-A"},{"r":"161","t":"13:57:10","h":"Est","s":"25N-H55NV10A-80-A"},{"r":"161","t":"13:57:10","h":"Est","s":"25N-H55NV20A-80-A"},{"r":"161","t":"13:57:10","h":"Est","s":"25S-H55S000A-80-A"},{"r":"161","t":"14:07:32","h":"Est","s":"25N-H55N000S-80-S"},{"r":"161","t":"14:07:32","h":"Est","s":"25N-H55N000S-82-S"},{"r":"161","t":"14:07:32","h":"Est","s":"25N-H55NV10S-85-S"},{"r":"161","t":"14:07:32","h":"Est","s":"25N-H55NV20S-81-S"},{"r":"161","t":"14:07:32","h":"Est","s":"25S-H55S000S-82-S"},{"r":"161","t":"14:11:10","h":"Est","s":"25N-H55N000A-80-A"},{"r":"161","t":"14:11:10","h":"Est","s":"25N-H55NV10A-80-A"},{"r":"161","t":"14:11:10","h":"Est","s":"25N-H55NV20A-80-A"},{"r":"161","t":"14:11:10","h":"Est","s":"25S-H55S000A-80-A"},{"r":"161","t":"14:11:48","h":"Est","s":"25N-H55N000I-80-I"},{"r":"161","t":"14:11:48","h":"Est","s":"25N-H55N100F-80-F1"},{"r":"161","t":"14:11:48","h":"Est","s":"25N-H55N200F-80-F2"},{"r":"161","t":"14:11:48","h":"Est","s":"25N-H55N300F-80-F3"},{"r":"161","t":"14:11:48","h":"Est","s":"25N-H55N400F-80-F4"},{"r":"161","t":"14:11:48","h":"Est","s":"25N-H55NV10I-80-I"},{"r":"161","t":"14:11:48","h":"Est","s":"25N-H55NV20I-80-I"},{"r":"161","t":"14:11:48","h":"Est","s":"25S-H55S000I-80-I"},{"r":"161","t":"14:11:48","h":"Est","s":"25S-H55S100F-80-F1"},{"r":"161","t":"14:11:48","h":"Est","s":"25S-H55S200F-80-F2"},{"r":"161","t":"14:14:32","h":"Est","s":"25N-H55N000S-80-S"},{"r":"161","t":"14:14:32","h":"Est","s":"25N-H55N000S-82-S"},{"r":"161","t":"14:14:32","h":"Est","s":"25N-H55NV10S-85-S"},{"r":"161","t":"14:14:32","h":"Est","s":"25N-H55NV20S-81-S"},{"r":"161","t":"14:14:32","h":"Est","s":"25S-H55S000S-82-S"},{"r":"161","t":"14:21:32","h":"Est","s":"25N-H55N000S-80-S"},{"r":"161","t":"14:21:32","h":"Est","s":"25N-H55N000S-82-S"},{"r":"161","t":"14:21:32","h":"Est","s":"25N-H55NV10S-85-S"},{"r":"161","t":"14:21:32","h":"Est","s":"25N-H55NV20S-81-S"},{"r":"161","t":"14:21:32","h":"Est","s":"25S-H55S000S-82-S"},{"r":"161","t":"14:25:10","h":"Est","s":"25N-H55N000A-80-A"},{"r":"161","t":"14:25:10","h":"Est","s":"25N-H55NV10A-80-A"},{"r":"161","t":"14:25:10","h":"Est","s":"25N-H55NV20A-80-A"},{"r":"161","t":"14:25:10","h":"Est","s":"25S-H55S000A-80-A"},{"r":"161","t":"14:26:48","h":"Est","s":"25N-H55N000I-80-I"},{"r":"161","t":"14:26:48","h":"Est","s":"25N-H55N100F-80-F1"},{"r":"161","t":"14:26:48","h":"Est","s":"25N-H55N200F-80-F2"},{"r":"161","t":"14:26:48","h":"Est","s":"25N-H55N300F-80-F3"},{"r":"161","t":"14:26:48","h":"Est","s":"25N-H55N400F-80-F4"},{"r":"161","t":"14:26:48","h":"Est","s":"25N-H55NV10I-80-I"},{"r":"161","t":"14:26:48","h":"Est","s":"25N-H55NV20I-80-I"},{"r":"161","t":"14:26:48","h":"Est","s":"25S-H55S000I-80-I"},{"r":"161","t":"14:26:48","h":"Est","s":"25S-H55S100F-80-F1"},{"r":"161","t":"14:26:48","h":"Est","s":"25S-H55S200F-80-F2"},{"r":"161","t":"14:30:32","h":"Est","s":"25N-H55N000S-80-S"},{"r":"161","t":"14:30:32","h":"Est","s":"25N-H55N000S-82-S"},{"r":"161","t":"14:30:32","h":"Est","s":"25N-H55NV10S-85-S"},{"r":"161","t":"14:30:32","h":"Est","s":"25N-H55NV20S-81-S"},{"r":"161","t":"14:30:32","h":"Est","s":"25S-H55S000S-82-S"},{"r":"161","t":"14:37:10","h":"Est","s":"25N-H55N000A-80-A"},{"r":"161","t":"14:37:10","h":"Est","s":"25N-H55NV10A-80-A"},{"r":"161","t":"14:37:10","h":"Est","s":"25N-H55NV20A-80-A"},{"r":"161","t":"14:37:10","h":"Est","s":"25S-H55S000A-80-A"},{"r":"161","t":"14:39:32","h":"Est","s":"25N-H55N000S-80-S"},{"r":"161","t":"14:39:32","h":"Est","s":"25N-H55N000S-82-S"},{"r":"161","t":"14:39:32","h":"Est","s":"25N-H55NV10S-85-S"},{"r":"161","t":"14:39:32","h":"Est","s":"25N-H55NV20S-81-S"},{"r":"161","t":"14:39:32","h":"Est","s":"25S-H55S000S-82-S"},{"r":"161","t":"14:41:48","h":"Est","s":"25N-H55N000I-80-I"},{"r":"161","t":"14:41:48","h":"Est","s":"25N-H55N100F-80-F1"},{"r":"161","t":"14:41:48","h":"Est","s":"25N-H55N200F-80-F2"},{"r":"161","t":"14:41:48","h":"Est","s":"25N-H55N300F-80-F3"},{"r":"161","t":"14:41:48","h":"Est","s":"25N-H55N400F-80-F4"},{"r":"161","t":"14:41:48","h":"Est","s":"25N-H55NV10I-80-I"},{"r":"161","t":"14:41:48","h":"Est","s":"25N-H55NV20I-80-I"},{"r":"161","t":"14:41:48","h":"Est","s":"25S-H55S000I-80-I"},{"r":"161","t":"14:41:48","h":"Est","s":"25S-H55S100F-80-F1"},{"r":"161","t":"14:41:48","h":"Est","s":"25S-H55S200F-80-F2"},{"r":"161","t":"14:48:32","h":"Est","s":"25N-H55N000S-80-S"},{"r":"161","t":"14:48:32","h":"Est","s":"25N-H55N000S-82-S"},{"r":"161","t":"14:48:32","h":"Est","s":"25N-H55NV10S-85-S"},{"r":"161","t":"14:48:32","h":"Est","s":"25N-H55NV20S-81-S"},{"r":"161","t":"14:48:32","h":"Est","s":"25S-H55S000S-82-S"},{"r":"161","t":"14:49:10","h":"Est","s":"25N-H55N000A-80-A"},{"r":"161","t":"14:49:10","h":"Est","s":"25N-H55NV10A-80-A"},{"r":"161","t":"14:49:10","h":"Est","s":"25N-H55NV20A-80-A"},{"r":"161","t":"14:49:10","h":"Est","s":"25S-H55S000A-80-A"},{"r":"161","t":"14:56:48","h":"Est","s":"25N-H55N000I-80-I"},{"r":"161","t":"14:56:48","h":"Est","s":"25N-H55N100F-80-F1"},{"r":"161","t":"14:56:48","h":"Est","s":"25N-H55N200F-80-F2"},{"r":"161","t":"14:56:48","h":"Est","s":"25N-H55N300F-80-F3"},{"r":"161","t":"14:56:48","h":"Est","s":"25N-H55N400F-80-F4"},{"r":"161","t":"14:56:48","h":"Est","s":"25N-H55NV10I-80-I"},{"r":"161","t":"14:56:48","h":"Est","s":"25N-H55NV20I-80-I"},{"r":"161","t":"14:56:48","h":"Est","s":"25S-H55S000I-80-I"},{"r":"161","t":"14:56:48","h":"Est","s":"25S-H55S100F-80-F1"},{"r":"161","t":"14:56:48","h":"Est","s":"25S-H55S200F-80-F2"},{"r":"161","t":"14:58:32","h":"Est","s":"25N-H55N000S-80-S"},{"r":"161","t":"14:58:32","h":"Est","s":"25N-H55N000S-82-S"},{"r":"161","t":"14:58:32","h":"Est","s":"25N-H55NV10S-85-S"},{"r":"161","t":"14:58:32","h":"Est","s":"25N-H55NV20S-81-S"},{"r":"161","t":"14:58:32","h":"Est","s":"25S-H55S000S-82-S"},{"r":"161","t":"15:01:10","h":"Est","s":"25N-H55N000A-80-A"},{"r":"161","t":"15:01:10","h":"Est","s":"25N-H55NV10A-80-A"},{"r":"161","t":"15:01:10","h":"Est","s":"25N-H55NV20A-80-A"},{"r":"161","t":"15:01:10","h":"Est","s":"25S-H55S000A-80-A"},{"r":"161","t":"15:07:32","h":"Est","s":"25N-H55N000S-80-S"},{"r":"161","t":"15:07:32","h":"Est","s":"25N-H55N000S-82-S"},{"r":"161","t":"15:07:32","h":"Est","s":"25N-H55NV10S-85-S"},{"r":"161","t":"15:07:32","h":"Est","s":"25N-H55NV20S-81-S"},{"r":"161","t":"15:07:32","h":"Est","s":"25S-H55S000S-82-S"},{"r":"161","t":"15:10:48","h":"Est","s":"25N-H55N000I-80-I"},{"r":"161","t":"15:10:48","h":"Est","s":"25N-H55N100F-80-F1"},{"r":"161","t":"15:10:48","h":"Est","s":"25N-H55N200F-80-F2"},{"r":"161","t":"15:10:48","h":"Est","s":"25N-H55N300F-80-F3"},{"r":"161","t":"15:10:48","h":"Est","s":"25N-H55N400F-80-F4"},{"r":"161","t":"15:10:48","h":"Est","s":"25N-H55NV10I-80-I"},{"r":"161","t":"15:10:48","h":"Est","s":"25N-H55NV20I-80-I"},{"r":"161","t":"15:10:48","h":"Est","s":"25S-H55S000I-80-I"},{"r":"161","t":"15:10:48","h":"Est","s":"25S-H55S100F-80-F1"},{"r":"161","t":"15:10:48","h":"Est","s":"25S-H55S200F-80-F2"},{"r":"161","t":"15:11:10","h":"Est","s":"25N-H55N000A-80-A"},{"r":"161","t":"15:11:10","h":"Est","s":"25N-H55NV10A-80-A"},{"r":"161","t":"15:11:10","h":"Est","s":"25N-H55NV20A-80-A"},{"r":"161","t":"15:11:10","h":"Est","s":"25S-H55S000A-80-A"},{"r":"161","t":"15:16:32","h":"Est","s":"25N-H55N000S-80-S"},{"r":"161","t":"15:16:32","h":"Est","s":"25N-H55N000S-82-S"},{"r":"161","t":"15:16:32","h":"Est","s":"25N-H55NV10S-85-S"},{"r":"161","t":"15:16:32","h":"Est","s":"25N-H55NV20S-81-S"},{"r":"161","t":"15:16:32","h":"Est","s":"25S-H55S000S-82-S"},{"r":"161","t":"15:21:10","h":"Est","s":"25N-H55N000A-80-A"},{"r":"161","t":"15:21:10","h":"Est","s":"25N-H55NV10A-80-A"},{"r":"161","t":"15:21:10","h":"Est","s":"25N-H55NV20A-80-A"},{"r":"161","t":"15:21:10","h":"Est","s":"25S-H55S000A-80-A"},{"r":"161","t":"15:24:48","h":"Est","s":"25N-H55N000I-80-I"},{"r":"161","t":"15:24:48","h":"Est","s":"25N-H55N100F-80-F1"},{"r":"161","t":"15:24:48","h":"Est","s":"25N-H55N200F-80-F2"},{"r":"161","t":"15:24:48","h":"Est","s":"25N-H55N300F-80-F3"},{"r":"161","t":"15:24:48","h":"Est","s":"25N-H55N400F-80-F4"},{"r":"161","t":"15:24:48","h":"Est","s":"25N-H55NV10I-80-I"},{"r":"161","t":"15:24:48","h":"Est","s":"25N-H55NV20I-80-I"},{"r":"161","t":"15:24:48","h":"Est","s":"25S-H55S000I-80-I"},{"r":"161","t":"15:24:48","h":"Est","s":"25S-H55S100F-80-F1"},{"r":"161","t":"15:24:48","h":"Est","s":"25S-H55S200F-80-F2"},{"r":"161","t":"15:25:32","h":"Est","s":"25N-H55N000S-80-S"},{"r":"161","t":"15:25:32","h":"Est","s":"25N-H55N000S-82-S"},{"r":"161","t":"15:25:32","h":"Est","s":"25N-H55NV10S-85-S"},{"r":"161","t":"15:25:32","h":"Est","s":"25N-H55NV20S-81-S"},{"r":"161","t":"15:25:32","h":"Est","s":"25S-H55S000S-82-S"},{"r":"161","t":"15:31:10","h":"Est","s":"25N-H55N000A-80-A"},{"r":"161","t":"15:31:10","h":"Est","s":"25N-H55NV10A-80-A"},{"r":"161","t":"15:31:10","h":"Est","s":"25N-H55NV20A-80-A"},{"r":"161","t":"15:31:10","h":"Est","s":"25S-H55S000A-80-A"},{"r":"161","t":"15:32:32","h":"Est","s":"25N-H55N000S-80-S"},{"r":"161","t":"15:32:32","h":"Est","s":"25N-H55N000S-82-S"},{"r":"161","t":"15:32:32","h":"Est","s":"25N-H55NV10S-85-S"},{"r":"161","t":"15:32:32","h":"Est","s":"25N-H55NV20S-81-S"},{"r":"161","t":"15:32:32","h":"Est","s":"25S-H55S000S-82-S"},{"r":"161","t":"15:34:48","h":"Est","s":"25N-H55N000I-80-I"},{"r":"161","t":"15:34:48","h":"Est","s":"25N-H55N100F-80-F1"},{"r":"161","t":"15:34:48","h":"Est","s":"25N-H55N200F-80-F2"},{"r":"161","t":"15:34:48","h":"Est","s":"25N-H55N300F-80-F3"},{"r":"161","t":"15:34:48","h":"Est","s":"25N-H55N400F-80-F4"},{"r":"161","t":"15:34:48","h":"Est","s":"25N-H55NV10I-80-I"},{"r":"161","t":"15:34:48","h":"Est","s":"25N-H55NV20I-80-I"},{"r":"161","t":"15:34:48","h":"Est","s":"25S-H55S000I-80-I"},{"r":"161","t":"15:34:48","h":"Est","s":"25S-H55S100F-80-F1"},{"r":"161","t":"15:34:48","h":"Est","s":"25S-H55S200F-80-F2"},{"r":"161","t":"15:38:32","h":"Est","s":"25N-H57N000S-80-S"},{"r":"161","t":"15:38:32","h":"Est","s":"25N-H57NV10S-84-S"},{"r":"161","t":"15:38:32","h":"Est","s":"25N-H57NV20S-80-S"},{"r":"161","t":"15:38:32","h":"Est","s":"25S-H57S000S-82-S"},{"r":"161","t":"15:41:10","h":"Est","s":"25N-H55N000A-80-A"},{"r":"161","t":"15:41:10","h":"Est","s":"25N-H55NV10A-80-A"},{"r":"161","t":"15:41:10","h":"Est","s":"25N-H55NV20A-80-A"},{"r":"161","t":"15:41:10","h":"Est","s":"25S-H55S000A-80-A"},{"r":"161","t":"15:44:32","h":"Est","s":"25N-H57N000S-80-S"},{"r":"161","t":"15:44:32","h":"Est","s":"25N-H57NV10S-84-S"},{"r":"161","t":"15:44:32","h":"Est","s":"25N-H57NV20S-80-S"},{"r":"161","t":"15:44:32","h":"Est","s":"25S-H57S000S-82-S"},{"r":"161","t":"15:44:48","h":"Est","s":"25N-H55N000I-80-I"},{"r":"161","t":"15:44:48","h":"Est","s":"25N-H55N100F-80-F1"},{"r":"161","t":"15:44:48","h":"Est","s":"25N-H55N200F-80-F2"},{"r":"161","t":"15:44:48","h":"Est","s":"25N-H55N300F-80-F3"},{"r":"161","t":"15:44:48","h":"Est","s":"25N-H55N400F-80-F4"},{"r":"161","t":"15:44:48","h":"Est","s":"25N-H55NV10I-80-I"},{"r":"161","t":"15:44:48","h":"Est","s":"25N-H55NV20I-80-I"},{"r":"161","t":"15:44:48","h":"Est","s":"25S-H55S000I-80-I"},{"r":"161","t":"15:44:48","h":"Est","s":"25S-H55S100F-80-F1"},{"r":"161","t":"15:44:48","h":"Est","s":"25S-H55S200F-80-F2"},{"r":"161","t":"15:49:32","h":"Est","s":"25N-H55N000S-80-S"},{"r":"161","t":"15:49:32","h":"Est","s":"25N-H55N000S-82-S"},{"r":"161","t":"15:49:32","h":"Est","s":"25N-H55NV10S-85-S"},{"r":"161","t":"15:49:32","h":"Est","s":"25N-H55NV20S-81-S"},{"r":"161","t":"15:49:32","h":"Est","s":"25S-H55S000S-82-S"},{"r":"161","t":"15:53:32","h":"Est","s":"25N-H55N000A-80-A"},{"r":"161","t":"15:53:32","h":"Est","s":"25N-H55NV10A-80-A"},{"r":"161","t":"15:53:32","h":"Est","s":"25N-H55NV20A-80-A"},{"r":"161","t":"15:53:32","h":"Est","s":"25S-H55S000A-80-A"},{"r":"161","t":"15:54:48","h":"Est","s":"25N-H55N000I-80-I"},{"r":"161","t":"15:54:48","h":"Est","s":"25N-H55N100F-80-F1"},{"r":"161","t":"15:54:48","h":"Est","s":"25N-H55N200F-80-F2"},{"r":"161","t":"15:54:48","h":"Est","s":"25N-H55N300F-80-F3"},{"r":"161","t":"15:54:48","h":"Est","s":"25N-H55N400F-80-F4"},{"r":"161","t":"15:54:48","h":"Est","s":"25N-H55NV10I-80-I"},{"r":"161","t":"15:54:48","h":"Est","s":"25N-H55NV20I-80-I"},{"r":"161","t":"15:54:48","h":"Est","s":"25S-H55S000I-80-I"},{"r":"161","t":"15:54:48","h":"Est","s":"25S-H55S100F-80-F1"},{"r":"161","t":"15:54:48","h":"Est","s":"25S-H55S200F-80-F2"},{"r":"161","t":"15:55:32","h":"Est","s":"25N-H55N000S-80-S"},{"r":"161","t":"15:55:32","h":"Est","s":"25N-H55N000S-82-S"},{"r":"161","t":"15:55:32","h":"Est","s":"25N-H55NV10S-85-S"},{"r":"161","t":"15:55:32","h":"Est","s":"25N-H55NV20S-81-S"},{"r":"161","t":"15:55:32","h":"Est","s":"25S-H55S000S-82-S"},{"r":"161","t":"16:00:32","h":"Est","s":"25N-H59N000S-80-S"},{"r":"161","t":"16:00:32","h":"Est","s":"25N-H59NV10S-84-S"},{"r":"161","t":"16:00:32","h":"Est","s":"25N-H59NV20S-80-S"},{"r":"161","t":"16:00:32","h":"Est","s":"25S-H59S000S-81-S"},{"r":"161","t":"16:05:32","h":"Est","s":"25N-H55N000S-80-S"},{"r":"161","t":"16:05:32","h":"Est","s":"25N-H55N000S-82-S"},{"r":"161","t":"16:05:32","h":"Est","s":"25N-H55NV10S-85-S"},{"r":"161","t":"16:05:32","h":"Est","s":"25N-H55NV20S-81-S"},{"r":"161","t":"16:05:32","h":"Est","s":"25S-H55S000S-82-S"},{"r":"161","t":"16:06:48","h":"Est","s":"25N-H55N000I-80-I"},{"r":"161","t":"16:06:48","h":"Est","s":"25N-H55N100F-80-F1"},{"r":"161","t":"16:06:48","h":"Est","s":"25N-H55N200F-80-F2"},{"r":"161","t":"16:06:48","h":"Est","s":"25N-H55N300F-80-F3"},{"r":"161","t":"16:06:48","h":"Est","s":"25N-H55N400F-80-F4"},{"r":"161","t":"16:06:48","h":"Est","s":"25N-H55NV10I-80-I"},{"r":"161","t":"16:06:48","h":"Est","s":"25N-H55NV20I-80-I"},{"r":"161","t":"16:06:48","h":"Est","s":"25S-H55S000I-80-I"},{"r":"161","t":"16:06:48","h":"Est","s":"25S-H55S100F-80-F1"},{"r":"161","t":"16:06:48","h":"Est","s":"25S-H55S200F-80-F2"},{"r":"161","t":"16:07:32","h":"Est","s":"25N-H55N000A-80-A"},{"r":"161","t":"16:07:32","h":"Est","s":"25N-H55NV10A-80-A"},{"r":"161","t":"16:07:32","h":"Est","s":"25N-H55NV20A-80-A"},{"r":"161","t":"16:07:32","h":"Est","s":"25S-H55S000A-80-A"},{"r":"161","t":"16:11:32","h":"Est","s":"25N-H55N000S-80-S"},{"r":"161","t":"16:11:32","h":"Est","s":"25N-H55N000S-82-S"},{"r":"161","t":"16:11:32","h":"Est","s":"25N-H55NV10S-85-S"},{"r":"161","t":"16:11:32","h":"Est","s":"25N-H55NV20S-81-S"},{"r":"161","t":"16:11:32","h":"Est","s":"25S-H55S000S-82-S"},{"r":"161","t":"16:18:32","h":"Est","s":"25N-H55N000S-80-S"},{"r":"161","t":"16:18:32","h":"Est","s":"25N-H55N000S-82-S"},{"r":"161","t":"16:18:32","h":"Est","s":"25N-H55NV10S-85-S"},{"r":"161","t":"16:18:32","h":"Est","s":"25N-H55NV20S-81-S"},{"r":"161","t":"16:18:32","h":"Est","s":"25S-H55S000S-82-S"},{"r":"161","t":"16:18:48","h":"Est","s":"25N-H55N000I-80-I"},{"r":"161","t":"16:18:48","h":"Est","s":"25N-H55N100F-80-F1"},{"r":"161","t":"16:18:48","h":"Est","s":"25N-H55N200F-80-F2"},{"r":"161","t":"16:18:48","h":"Est","s":"25N-H55N300F-80-F3"},{"r":"161","t":"16:18:48","h":"Est","s":"25N-H55N400F-80-F4"},{"r":"161","t":"16:18:48","h":"Est","s":"25N-H55NV10I-80-I"},{"r":"161","t":"16:18:48","h":"Est","s":"25N-H55NV20I-80-I"},{"r":"161","t":"16:18:48","h":"Est","s":"25S-H55S000I-80-I"},{"r":"161","t":"16:18:48","h":"Est","s":"25S-H55S100F-80-F1"},{"r":"161","t":"16:18:48","h":"Est","s":"25S-H55S200F-80-F2"},{"r":"161","t":"16:20:32","h":"Est","s":"25N-H55N000A-80-A"},{"r":"161","t":"16:20:32","h":"Est","s":"25N-H55NV10A-80-A"},{"r":"161","t":"16:20:32","h":"Est","s":"25N-H55NV20A-80-A"},{"r":"161","t":"16:20:32","h":"Est","s":"25S-H55S000A-80-A"},{"r":"161","t":"16:26:32","h":"Est","s":"25N-H55N000S-80-S"},{"r":"161","t":"16:26:32","h":"Est","s":"25N-H55N000S-82-S"},{"r":"161","t":"16:26:32","h":"Est","s":"25N-H55NV10S-85-S"},{"r":"161","t":"16:26:32","h":"Est","s":"25N-H55NV20S-81-S"},{"r":"161","t":"16:26:32","h":"Est","s":"25S-H55S000S-82-S"},{"r":"161","t":"16:32:48","h":"Est","s":"25N-H55N000I-80-I"},{"r":"161","t":"16:32:48","h":"Est","s":"25N-H55N100F-80-F1"},{"r":"161","t":"16:32:48","h":"Est","s":"25N-H55N200F-80-F2"},{"r":"161","t":"16:32:48","h":"Est","s":"25N-H55N300F-80-F3"},{"r":"161","t":"16:32:48","h":"Est","s":"25N-H55N400F-80-F4"},{"r":"161","t":"16:32:48","h":"Est","s":"25N-H55NV10I-80-I"},{"r":"161","t":"16:32:48","h":"Est","s":"25N-H55NV20I-80-I"},{"r":"161","t":"16:32:48","h":"Est","s":"25S-H55S000I-80-I"},{"r":"161","t":"16:32:48","h":"Est","s":"25S-H55S100F-80-F1"},{"r":"161","t":"16:32:48","h":"Est","s":"25S-H55S200F-80-F2"},{"r":"161","t":"16:33:32","h":"Est","s":"25N-H55N000A-80-A"},{"r":"161","t":"16:33:32","h":"Est","s":"25N-H55NV10A-80-A"},{"r":"161","t":"16:33:32","h":"Est","s":"25N-H55NV20A-80-A"},{"r":"161","t":"16:33:32","h":"Est","s":"25S-H55S000A-80-A"},{"r":"161","t":"16:34:32","h":"Est","s":"25N-H55N000S-80-S"},{"r":"161","t":"16:34:32","h":"Est","s":"25N-H55N000S-82-S"},{"r":"161","t":"16:34:32","h":"Est","s":"25N-H55NV10S-85-S"},{"r":"161","t":"16:34:32","h":"Est","s":"25N-H55NV20S-81-S"},{"r":"161","t":"16:34:32","h":"Est","s":"25S-H55S000S-82-S"},{"r":"161","t":"16:42:32","h":"Est","s":"25N-H55N000S-80-S"},{"r":"161","t":"16:42:32","h":"Est","s":"25N-H55N000S-82-S"},{"r":"161","t":"16:42:32","h":"Est","s":"25N-H55NV10S-85-S"},{"r":"161","t":"16:42:32","h":"Est","s":"25N-H55NV20S-81-S"},{"r":"161","t":"16:42:32","h":"Est","s":"25S-H55S000S-82-S"},{"r":"161","t":"16:46:32","h":"Est","s":"25N-H55N000A-80-A"},{"r":"161","t":"16:46:32","h":"Est","s":"25N-H55NV10A-80-A"},{"r":"161","t":"16:46:32","h":"Est","s":"25N-H55NV20A-80-A"},{"r":"161","t":"16:46:32","h":"Est","s":"25S-H55S000A-80-A"},{"r":"161","t":"16:46:48","h":"Est","s":"25N-H55N000I-80-I"},{"r":"161","t":"16:46:48","h":"Est","s":"25N-H55N100F-80-F1"},{"r":"161","t":"16:46:48","h":"Est","s":"25N-H55N200F-80-F2"},{"r":"161","t":"16:46:48","h":"Est","s":"25N-H55N300F-80-F3"},{"r":"161","t":"16:46:48","h":"Est","s":"25N-H55N400F-80-F4"},{"r":"161","t":"16:46:48","h":"Est","s":"25N-H55NV10I-80-I"},{"r":"161","t":"16:46:48","h":"Est","s":"25N-H55NV20I-80-I"},{"r":"161","t":"16:46:48","h":"Est","s":"25S-H55S000I-80-I"},{"r":"161","t":"16:46:48","h":"Est","s":"25S-H55S100F-80-F1"},{"r":"161","t":"16:46:48","h":"Est","s":"25S-H55S200F-80-F2"},{"r":"161","t":"16:50:32","h":"Est","s":"25N-H55N000S-80-S"},{"r":"161","t":"16:50:32","h":"Est","s":"25N-H55N000S-82-S"},{"r":"161","t":"16:50:32","h":"Est","s":"25N-H55NV10S-85-S"},{"r":"161","t":"16:50:32","h":"Est","s":"25N-H55NV20S-81-S"},{"r":"161","t":"16:50:32","h":"Est","s":"25S-H55S000S-82-S"},{"r":"161","t":"16:57:32","h":"Est","s":"25N-H55N000S-80-S"},{"r":"161","t":"16:57:32","h":"Est","s":"25N-H55N000S-82-S"},{"r":"161","t":"16:57:32","h":"Est","s":"25N-H55NV10S-85-S"},{"r":"161","t":"16:57:32","h":"Est","s":"25N-H55NV20S-81-S"},{"r":"161","t":"16:57:32","h":"Est","s":"25S-H55S000S-82-S"},{"r":"161","t":"16:58:32","h":"Est","s":"25N-H55N000A-80-A"},{"r":"161","t":"16:58:32","h":"Est","s":"25N-H55NV10A-80-A"},{"r":"161","t":"16:58:32","h":"Est","s":"25N-H55NV20A-80-A"},{"r":"161","t":"16:58:32","h":"Est","s":"25S-H55S000A-80-A"},{"r":"161","t":"17:00:48","h":"Est","s":"25N-H55N000I-80-I"},{"r":"161","t":"17:00:48","h":"Est","s":"25N-H55N100F-80-F1"},{"r":"161","t":"17:00:48","h":"Est","s":"25N-H55N200F-80-F2"},{"r":"161","t":"17:00:48","h":"Est","s":"25N-H55N300F-80-F3"},{"r":"161","t":"17:00:48","h":"Est","s":"25N-H55N400F-80-F4"},{"r":"161","t":"17:00:48","h":"Est","s":"25N-H55NV10I-80-I"},{"r":"161","t":"17:00:48","h":"Est","s":"25N-H55NV20I-80-I"},{"r":"161","t":"17:00:48","h":"Est","s":"25S-H55S000I-80-I"},{"r":"161","t":"17:00:48","h":"Est","s":"25S-H55S100F-80-F1"},{"r":"161","t":"17:00:48","h":"Est","s":"25S-H55S200F-80-F2"},{"r":"161","t":"17:03:32","h":"Est","s":"25N-H55N000S-80-S"},{"r":"161","t":"17:03:32","h":"Est","s":"25N-H55N000S-82-S"},{"r":"161","t":"17:03:32","h":"Est","s":"25N-H55NV10S-85-S"},{"r":"161","t":"17:03:32","h":"Est","s":"25N-H55NV20S-81-S"},{"r":"161","t":"17:03:32","h":"Est","s":"25S-H55S000S-82-S"},{"r":"161","t":"17:08:32","h":"Est","s":"25N-H50N000S-80-S"},{"r":"161","t":"17:08:32","h":"Est","s":"25N-H50N000S-90-S"},{"r":"161","t":"17:08:32","h":"Est","s":"25N-H50NV10S-90-S"},{"r":"161","t":"17:08:32","h":"Est","s":"25N-H50NV20S-90-S"},{"r":"161","t":"17:08:32","h":"Est","s":"25N-H55N000A-80-A"},{"r":"161","t":"17:08:32","h":"Est","s":"25N-H55NV10A-80-A"},{"r":"161","t":"17:08:32","h":"Est","s":"25N-H55NV20A-80-A"},{"r":"161","t":"17:08:32","h":"Est","s":"25S-H50S000S-81-S"},{"r":"161","t":"17:08:32","h":"Est","s":"25S-H55S000A-80-A"},{"r":"161","t":"17:13:32","h":"Est","s":"25N-H55N000S-80-S"},{"r":"161","t":"17:13:32","h":"Est","s":"25N-H55N000S-82-S"},{"r":"161","t":"17:13:32","h":"Est","s":"25N-H55NV10S-85-S"},{"r":"161","t":"17:13:32","h":"Est","s":"25N-H55NV20S-81-S"},{"r":"161","t":"17:13:32","h":"Est","s":"25S-H55S000S-82-S"},{"r":"161","t":"17:14:48","h":"Est","s":"25N-H55N000I-80-I"},{"r":"161","t":"17:14:48","h":"Est","s":"25N-H55N100F-80-F1"},{"r":"161","t":"17:14:48","h":"Est","s":"25N-H55N200F-80-F2"},{"r":"161","t":"17:14:48","h":"Est","s":"25N-H55N300F-80-F3"},{"r":"161","t":"17:14:48","h":"Est","s":"25N-H55N400F-80-F4"},{"r":"161","t":"17:14:48","h":"Est","s":"25N-H55NV10I-80-I"},{"r":"161","t":"17:14:48","h":"Est","s":"25N-H55NV20I-80-I"},{"r":"161","t":"17:14:48","h":"Est","s":"25S-H55S000I-80-I"},{"r":"161","t":"17:14:48","h":"Est","s":"25S-H55S100F-80-F1"},{"r":"161","t":"17:14:48","h":"Est","s":"25S-H55S200F-80-F2"},{"r":"161","t":"17:18:32","h":"Est","s":"25N-H55N000A-80-A"},{"r":"161","t":"17:18:32","h":"Est","s":"25N-H55N000S-80-S"},{"r":"161","t":"17:18:32","h":"Est","s":"25N-H55N000S-82-S"},{"r":"161","t":"17:18:32","h":"Est","s":"25N-H55NV10A-80-A"},{"r":"161","t":"17:18:32","h":"Est","s":"25N-H55NV10S-85-S"},{"r":"161","t":"17:18:32","h":"Est","s":"25N-H55NV20A-80-A"},{"r":"161","t":"17:18:32","h":"Est","s":"25N-H55NV20S-81-S"},{"r":"161","t":"17:18:32","h":"Est","s":"25S-H55S000A-80-A"},{"r":"161","t":"17:18:32","h":"Est","s":"25S-H55S000S-82-S"},{"r":"161","t":"17:25:32","h":"Est","s":"25N-H55N000S-80-S"},{"r":"161","t":"17:25:32","h":"Est","s":"25N-H55N000S-82-S"},{"r":"161","t":"17:25:32","h":"Est","s":"25N-H55NV10S-85-S"},{"r":"161","t":"17:25:32","h":"Est","s":"25N-H55NV20S-81-S"},{"r":"161","t":"17:25:32","h":"Est","s":"25S-H55S000S-82-S"},{"r":"161","t":"17:28:32","h":"Est","s":"25N-H55N000A-80-A"},{"r":"161","t":"17:28:32","h":"Est","s":"25N-H55NV10A-80-A"},{"r":"161","t":"17:28:32","h":"Est","s":"25N-H55NV20A-80-A"},{"r":"161","t":"17:28:32","h":"Est","s":"25S-H55S000A-80-A"},{"r":"161","t":"17:28:48","h":"Est","s":"25N-H55N000I-80-I"},{"r":"161","t":"17:28:48","h":"Est","s":"25N-H55N100F-80-F1"},{"r":"161","t":"17:28:48","h":"Est","s":"25N-H55N200F-80-F2"},{"r":"161","t":"17:28:48","h":"Est","s":"25N-H55N300F-80-F3"},{"r":"161","t":"17:28:48","h":"Est","s":"25N-H55N400F-80-F4"},{"r":"161","t":"17:28:48","h":"Est","s":"25N-H55NV10I-80-I"},{"r":"161","t":"17:28:48","h":"Est","s":"25N-H55NV20I-80-I"},{"r":"161","t":"17:28:48","h":"Est","s":"25S-H55S000I-80-I"},{"r":"161","t":"17:28:48","h":"Est","s":"25S-H55S100F-80-F1"},{"r":"161","t":"17:28:48","h":"Est","s":"25S-H55S200F-80-F2"},{"r":"161","t":"17:33:32","h":"Est","s":"25N-H55N000S-80-S"},{"r":"161","t":"17:33:32","h":"Est","s":"25N-H55N000S-82-S"},{"r":"161","t":"17:33:32","h":"Est","s":"25N-H55NV10S-85-S"},{"r":"161","t":"17:33:32","h":"Est","s":"25N-H55NV20S-81-S"},{"r":"161","t":"17:33:32","h":"Est","s":"25S-H55S000S-82-S"},{"r":"161","t":"17:38:32","h":"Est","s":"25N-H55N000A-80-A"},{"r":"161","t":"17:38:32","h":"Est","s":"25N-H55NV10A-80-A"},{"r":"161","t":"17:38:32","h":"Est","s":"25N-H55NV20A-80-A"},{"r":"161","t":"17:38:32","h":"Est","s":"25S-H55S000A-80-A"},{"r":"161","t":"17:40:32","h":"Est","s":"25N-H55N000S-80-S"},{"r":"161","t":"17:40:32","h":"Est","s":"25N-H55N000S-82-S"},{"r":"161","t":"17:40:32","h":"Est","s":"25N-H55NV10S-85-S"},{"r":"161","t":"17:40:32","h":"Est","s":"25N-H55NV20S-81-S"},{"r":"161","t":"17:40:32","h":"Est","s":"25S-H55S000S-82-S"},{"r":"161","t":"17:41:48","h":"Est","s":"25N-H55N000I-80-I"},{"r":"161","t":"17:41:48","h":"Est","s":"25N-H55N100F-80-F1"},{"r":"161","t":"17:41:48","h":"Est","s":"25N-H55N200F-80-F2"},{"r":"161","t":"17:41:48","h":"Est","s":"25N-H55N300F-80-F3"},{"r":"161","t":"17:41:48","h":"Est","s":"25N-H55N400F-80-F4"},{"r":"161","t":"17:41:48","h":"Est","s":"25N-H55NV10I-80-I"},{"r":"161","t":"17:41:48","h":"Est","s":"25N-H55NV20I-80-I"},{"r":"161","t":"17:41:48","h":"Est","s":"25S-H55S000I-80-I"},{"r":"161","t":"17:41:48","h":"Est","s":"25S-H55S100F-80-F1"},{"r":"161","t":"17:41:48","h":"Est","s":"25S-H55S200F-80-F2"},{"r":"161","t":"17:48:32","h":"Est","s":"25N-H55N000A-80-A"},{"r":"161","t":"17:48:32","h":"Est","s":"25N-H55N000S-80-S"},{"r":"161","t":"17:48:32","h":"Est","s":"25N-H55N000S-82-S"},{"r":"161","t":"17:48:32","h":"Est","s":"25N-H55NV10A-80-A"},{"r":"161","t":"17:48:32","h":"Est","s":"25N-H55NV10S-85-S"},{"r":"161","t":"17:48:32","h":"Est","s":"25N-H55NV20A-80-A"},{"r":"161","t":"17:48:32","h":"Est","s":"25N-H55NV20S-81-S"},{"r":"161","t":"17:48:32","h":"Est","s":"25S-H55S000A-80-A"},{"r":"161","t":"17:48:32","h":"Est","s":"25S-H55S000S-82-S"},{"r":"161","t":"17:55:48","h":"Est","s":"25N-H55N000I-80-I"},{"r":"161","t":"17:55:48","h":"Est","s":"25N-H55N100F-80-F1"},{"r":"161","t":"17:55:48","h":"Est","s":"25N-H55N200F-80-F2"},{"r":"161","t":"17:55:48","h":"Est","s":"25N-H55N300F-80-F3"},{"r":"161","t":"17:55:48","h":"Est","s":"25N-H55N400F-80-F4"},{"r":"161","t":"17:55:48","h":"Est","s":"25N-H55NV10I-80-I"},{"r":"161","t":"17:55:48","h":"Est","s":"25N-H55NV20I-80-I"},{"r":"161","t":"17:55:48","h":"Est","s":"25S-H55S000I-80-I"},{"r":"161","t":"17:55:48","h":"Est","s":"25S-H55S100F-80-F1"},{"r":"161","t":"17:55:48","h":"Est","s":"25S-H55S200F-80-F2"},{"r":"161","t":"17:56:32","h":"Est","s":"25N-H55N000S-80-S"},{"r":"161","t":"17:56:32","h":"Est","s":"25N-H55N000S-82-S"},{"r":"161","t":"17:56:32","h":"Est","s":"25N-H55NV10S-85-S"},{"r":"161","t":"17:56:32","h":"Est","s":"25N-H55NV20S-81-S"},{"r":"161","t":"17:56:32","h":"Est","s":"25S-H55S000S-82-S"},{"r":"161","t":"17:58:32","h":"Est","s":"25N-H55N000A-80-A"},{"r":"161","t":"17:58:32","h":"Est","s":"25N-H55NV10A-80-A"},{"r":"161","t":"17:58:32","h":"Est","s":"25N-H55NV20A-80-A"},{"r":"161","t":"17:58:32","h":"Est","s":"25S-H55S000A-80-A"},{"r":"161","t":"18:06:32","h":"Est","s":"25N-H55N000S-80-S"},{"r":"161","t":"18:06:32","h":"Est","s":"25N-H55N000S-82-S"},{"r":"161","t":"18:06:32","h":"Est","s":"25N-H55NV10S-85-S"},{"r":"161","t":"18:06:32","h":"Est","s":"25N-H55NV20S-81-S"},{"r":"161","t":"18:06:32","h":"Est","s":"25S-H55S000S-82-S"},{"r":"161","t":"18:07:48","h":"Est","s":"25N-H55N000I-80-I"},{"r":"161","t":"18:07:48","h":"Est","s":"25N-H55N100F-80-F1"},{"r":"161","t":"18:07:48","h":"Est","s":"25N-H55N200F-80-F2"},{"r":"161","t":"18:07:48","h":"Est","s":"25N-H55N300F-80-F3"},{"r":"161","t":"18:07:48","h":"Est","s":"25N-H55N400F-80-F4"},{"r":"161","t":"18:07:48","h":"Est","s":"25N-H55NV10I-80-I"},{"r":"161","t":"18:07:48","h":"Est","s":"25N-H55NV20I-80-I"},{"r":"161","t":"18:07:48","h":"Est","s":"25S-H55S000I-80-I"},{"r":"161","t":"18:07:48","h":"Est","s":"25S-H55S100F-80-F1"},{"r":"161","t":"18:07:48","h":"Est","s":"25S-H55S200F-80-F2"},{"r":"161","t":"18:08:32","h":"Est","s":"25N-H55N000A-80-A"},{"r":"161","t":"18:08:32","h":"Est","s":"25N-H55NV10A-80-A"},{"r":"161","t":"18:08:32","h":"Est","s":"25N-H55NV20A-80-A"},{"r":"161","t":"18:08:32","h":"Est","s":"25S-H55S000A-80-A"},{"r":"161","t":"18:16:32","h":"Est","s":"25N-H55N000S-80-S"},{"r":"161","t":"18:16:32","h":"Est","s":"25N-H55N000S-82-S"},{"r":"161","t":"18:16:32","h":"Est","s":"25N-H55NV10S-85-S"},{"r":"161","t":"18:16:32","h":"Est","s":"25N-H55NV20S-81-S"},{"r":"161","t":"18:16:32","h":"Est","s":"25S-H55S000S-82-S"},{"r":"161","t":"18:20:32","h":"Est","s":"25N-H55N000A-80-A"},{"r":"161","t":"18:20:32","h":"Est","s":"25N-H55NV10A-80-A"},{"r":"161","t":"18:20:32","h":"Est","s":"25N-H55NV20A-80-A"},{"r":"161","t":"18:20:32","h":"Est","s":"25S-H55S000A-80-A"},{"r":"161","t":"18:22:48","h":"Est","s":"25N-H55N000I-80-I"},{"r":"161","t":"18:22:48","h":"Est","s":"25N-H55N100F-80-F1"},{"r":"161","t":"18:22:48","h":"Est","s":"25N-H55N200F-80-F2"},{"r":"161","t":"18:22:48","h":"Est","s":"25N-H55N300F-80-F3"},{"r":"161","t":"18:22:48","h":"Est","s":"25N-H55N400F-80-F4"},{"r":"161","t":"18:22:48","h":"Est","s":"25N-H55NV10I-80-I"},{"r":"161","t":"18:22:48","h":"Est","s":"25N-H55NV20I-80-I"},{"r":"161","t":"18:22:48","h":"Est","s":"25S-H55S000I-80-I"},{"r":"161","t":"18:22:48","h":"Est","s":"25S-H55S100F-80-F1"},{"r":"161","t":"18:22:48","h":"Est","s":"25S-H55S200F-80-F2"},{"r":"161","t":"18:26:32","h":"Est","s":"25N-H55N000S-80-S"},{"r":"161","t":"18:26:32","h":"Est","s":"25N-H55N000S-82-S"},{"r":"161","t":"18:26:32","h":"Est","s":"25N-H55NV10S-85-S"},{"r":"161","t":"18:26:32","h":"Est","s":"25N-H55NV20S-81-S"},{"r":"161","t":"18:26:32","h":"Est","s":"25S-H55S000S-82-S"},{"r":"161","t":"18:33:32","h":"Est","s":"25N-H55N000A-80-A"},{"r":"161","t":"18:33:32","h":"Est","s":"25N-H55NV10A-80-A"},{"r":"161","t":"18:33:32","h":"Est","s":"25N-H55NV20A-80-A"},{"r":"161","t":"18:33:32","h":"Est","s":"25S-H55S000A-80-A"},{"r":"161","t":"18:36:32","h":"Est","s":"25N-H55N000S-80-S"},{"r":"161","t":"18:36:32","h":"Est","s":"25N-H55N000S-82-S"},{"r":"161","t":"18:36:32","h":"Est","s":"25N-H55NV10S-85-S"},{"r":"161","t":"18:36:32","h":"Est","s":"25N-H55NV20S-81-S"},{"r":"161","t":"18:36:32","h":"Est","s":"25S-H55S000S-82-S"},{"r":"161","t":"18:38:48","h":"Est","s":"25N-H55N000I-80-I"},{"r":"161","t":"18:38:48","h":"Est","s":"25N-H55N100F-80-F1"},{"r":"161","t":"18:38:48","h":"Est","s":"25N-H55N200F-80-F2"},{"r":"161","t":"18:38:48","h":"Est","s":"25N-H55N300F-80-F3"},{"r":"161","t":"18:38:48","h":"Est","s":"25N-H55N400F-80-F4"},{"r":"161","t":"18:38:48","h":"Est","s":"25N-H55NV10I-80-I"},{"r":"161","t":"18:38:48","h":"Est","s":"25N-H55NV20I-80-I"},{"r":"161","t":"18:38:48","h":"Est","s":"25S-H55S000I-80-I"},{"r":"161","t":"18:38:48","h":"Est","s":"25S-H55S100F-80-F1"},{"r":"161","t":"18:38:48","h":"Est","s":"25S-H55S200F-80-F2"},{"r":"161","t":"18:46:32","h":"Est","s":"25N-H55N000S-80-S"},{"r":"161","t":"18:46:32","h":"Est","s":"25N-H55N000S-82-S"},{"r":"161","t":"18:46:32","h":"Est","s":"25N-H55NV10S-85-S"},{"r":"161","t":"18:46:32","h":"Est","s":"25N-H55NV20S-81-S"},{"r":"161","t":"18:46:32","h":"Est","s":"25S-H55S000S-82-S"},{"r":"161","t":"18:48:32","h":"Est","s":"25N-H55N000A-80-A"},{"r":"161","t":"18:48:32","h":"Est","s":"25N-H55NV10A-80-A"},{"r":"161","t":"18:48:32","h":"Est","s":"25N-H55NV20A-80-A"},{"r":"161","t":"18:48:32","h":"Est","s":"25S-H55S000A-80-A"},{"r":"161","t":"18:54:48","h":"Est","s":"25N-H55N000I-80-I"},{"r":"161","t":"18:54:48","h":"Est","s":"25N-H55N100F-80-F1"},{"r":"161","t":"18:54:48","h":"Est","s":"25N-H55N200F-80-F2"},{"r":"161","t":"18:54:48","h":"Est","s":"25N-H55N300F-80-F3"},{"r":"161","t":"18:54:48","h":"Est","s":"25N-H55N400F-80-F4"},{"r":"161","t":"18:54:48","h":"Est","s":"25N-H55NV10I-80-I"},{"r":"161","t":"18:54:48","h":"Est","s":"25N-H55NV20I-80-I"},{"r":"161","t":"18:54:48","h":"Est","s":"25S-H55S000I-80-I"},{"r":"161","t":"18:54:48","h":"Est","s":"25S-H55S100F-80-F1"},{"r":"161","t":"18:54:48","h":"Est","s":"25S-H55S200F-80-F2"},{"r":"161","t":"18:56:32","h":"Est","s":"25N-H55N000S-80-S"},{"r":"161","t":"18:56:32","h":"Est","s":"25N-H55N000S-82-S"},{"r":"161","t":"18:56:32","h":"Est","s":"25N-H55NV10S-85-S"},{"r":"161","t":"18:56:32","h":"Est","s":"25N-H55NV20S-81-S"},{"r":"161","t":"18:56:32","h":"Est","s":"25S-H55S000S-82-S"},{"r":"161","t":"19:03:32","h":"Est","s":"25N-H55N000A-80-A"},{"r":"161","t":"19:03:32","h":"Est","s":"25N-H55NV10A-80-A"},{"r":"161","t":"19:03:32","h":"Est","s":"25N-H55NV20A-80-A"},{"r":"161","t":"19:03:32","h":"Est","s":"25S-H55S000A-80-A"},{"r":"161","t":"19:06:32","h":"Est","s":"25N-H55N000S-80-S"},{"r":"161","t":"19:06:32","h":"Est","s":"25N-H55N000S-82-S"},{"r":"161","t":"19:06:32","h":"Est","s":"25N-H55NV10S-85-S"},{"r":"161","t":"19:06:32","h":"Est","s":"25N-H55NV20S-81-S"},{"r":"161","t":"19:06:32","h":"Est","s":"25S-H55S000S-82-S"},{"r":"161","t":"19:11:48","h":"Est","s":"25N-H55N000I-80-I"},{"r":"161","t":"19:11:48","h":"Est","s":"25N-H55N100F-80-F1"},{"r":"161","t":"19:11:48","h":"Est","s":"25N-H55N200F-80-F2"},{"r":"161","t":"19:11:48","h":"Est","s":"25N-H55N300F-80-F3"},{"r":"161","t":"19:11:48","h":"Est","s":"25N-H55N400F-80-F4"},{"r":"161","t":"19:11:48","h":"Est","s":"25N-H55NV10I-80-I"},{"r":"161","t":"19:11:48","h":"Est","s":"25N-H55NV20I-80-I"},{"r":"161","t":"19:11:48","h":"Est","s":"25S-H55S000I-80-I"},{"r":"161","t":"19:11:48","h":"Est","s":"25S-H55S100F-80-F1"},{"r":"161","t":"19:11:48","h":"Est","s":"25S-H55S200F-80-F2"},{"r":"161","t":"19:16:32","h":"Est","s":"25N-H55N000S-80-S"},{"r":"161","t":"19:16:32","h":"Est","s":"25N-H55N000S-82-S"},{"r":"161","t":"19:16:32","h":"Est","s":"25N-H55NV10S-85-S"},{"r":"161","t":"19:16:32","h":"Est","s":"25N-H55NV20S-81-S"},{"r":"161","t":"19:16:32","h":"Est","s":"25S-H55S000S-82-S"},{"r":"161","t":"19:18:32","h":"Est","s":"25N-H55N000A-80-A"},{"r":"161","t":"19:18:32","h":"Est","s":"25N-H55NV10A-80-A"},{"r":"161","t":"19:18:32","h":"Est","s":"25N-H55NV20A-80-A"},{"r":"161","t":"19:18:32","h":"Est","s":"25S-H55S000A-80-A"},{"r":"161","t":"19:26:32","h":"Est","s":"25N-H55N000S-80-S"},{"r":"161","t":"19:26:32","h":"Est","s":"25N-H55N000S-82-S"},{"r":"161","t":"19:26:32","h":"Est","s":"25N-H55NV10S-85-S"},{"r":"161","t":"19:26:32","h":"Est","s":"25N-H55NV20S-81-S"},{"r":"161","t":"19:26:32","h":"Est","s":"25S-H55S000S-82-S"},{"r":"161","t":"19:28:48","h":"Est","s":"25N-H55N000I-80-I"},{"r":"161","t":"19:28:48","h":"Est","s":"25N-H55N100F-80-F1"},{"r":"161","t":"19:28:48","h":"Est","s":"25N-H55N200F-80-F2"},{"r":"161","t":"19:28:48","h":"Est","s":"25N-H55N300F-80-F3"},{"r":"161","t":"19:28:48","h":"Est","s":"25N-H55N400F-80-F4"},{"r":"161","t":"19:28:48","h":"Est","s":"25N-H55NV10I-80-I"},{"r":"161","t":"19:28:48","h":"Est","s":"25N-H55NV20I-80-I"},{"r":"161","t":"19:28:48","h":"Est","s":"25S-H55S000I-80-I"},{"r":"161","t":"19:28:48","h":"Est","s":"25S-H55S100F-80-F1"},{"r":"161","t":"19:28:48","h":"Est","s":"25S-H55S200F-80-F2"},{"r":"161","t":"19:34:32","h":"Est","s":"25N-H55N000A-80-A"},{"r":"161","t":"19:34:32","h":"Est","s":"25N-H55NV10A-80-A"},{"r":"161","t":"19:34:32","h":"Est","s":"25N-H55NV20A-80-A"},{"r":"161","t":"19:34:32","h":"Est","s":"25S-H55S000A-80-A"},{"r":"161","t":"19:36:32","h":"Est","s":"25N-H55N000S-80-S"},{"r":"161","t":"19:36:32","h":"Est","s":"25N-H55N000S-82-S"},{"r":"161","t":"19:36:32","h":"Est","s":"25N-H55NV10S-85-S"},{"r":"161","t":"19:36:32","h":"Est","s":"25N-H55NV20S-81-S"},{"r":"161","t":"19:36:32","h":"Est","s":"25S-H55S000S-82-S"},{"r":"161","t":"19:46:10","h":"Est","s":"25N-H55N000I-80-I"},{"r":"161","t":"19:46:10","h":"Est","s":"25N-H55N100F-80-F1"},{"r":"161","t":"19:46:10","h":"Est","s":"25N-H55N200F-80-F2"},{"r":"161","t":"19:46:10","h":"Est","s":"25N-H55N300F-80-F3"},{"r":"161","t":"19:46:10","h":"Est","s":"25N-H55N400F-80-F4"},{"r":"161","t":"19:46:10","h":"Est","s":"25N-H55NV10I-80-I"},{"r":"161","t":"19:46:10","h":"Est","s":"25N-H55NV20I-80-I"},{"r":"161","t":"19:46:10","h":"Est","s":"25S-H55S000I-80-I"},{"r":"161","t":"19:46:10","h":"Est","s":"25S-H55S100F-80-F1"},{"r":"161","t":"19:46:10","h":"Est","s":"25S-H55S200F-80-F2"},{"r":"161","t":"19:46:32","h":"Est","s":"25N-H55N000S-80-S"},{"r":"161","t":"19:46:32","h":"Est","s":"25N-H55N000S-82-S"},{"r":"161","t":"19:46:32","h":"Est","s":"25N-H55NV10S-85-S"},{"r":"161","t":"19:46:32","h":"Est","s":"25N-H55NV20S-81-S"},{"r":"161","t":"19:46:32","h":"Est","s":"25S-H55S000S-82-S"},{"r":"161","t":"19:50:32","h":"Est","s":"25N-H55N000A-80-A"},{"r":"161","t":"19:50:32","h":"Est","s":"25N-H55NV10A-80-A"},{"r":"161","t":"19:50:32","h":"Est","s":"25N-H55NV20A-80-A"},{"r":"161","t":"19:50:32","h":"Est","s":"25S-H55S000A-80-A"},{"r":"161","t":"19:59:32","h":"Est","s":"25N-H55N000S-80-S"},{"r":"161","t":"19:59:32","h":"Est","s":"25N-H55N000S-82-S"},{"r":"161","t":"19:59:32","h":"Est","s":"25N-H55NV10S-85-S"},{"r":"161","t":"19:59:32","h":"Est","s":"25N-H55NV20S-81-S"},{"r":"161","t":"19:59:32","h":"Est","s":"25S-H55S000S-82-S"},{"r":"161","t":"20:08:10","h":"Est","s":"25N-H55N000I-80-I"},{"r":"161","t":"20:08:10","h":"Est","s":"25N-H55N100F-80-F1"},{"r":"161","t":"20:08:10","h":"Est","s":"25N-H55N200F-80-F2"},{"r":"161","t":"20:08:10","h":"Est","s":"25N-H55N300F-80-F3"},{"r":"161","t":"20:08:10","h":"Est","s":"25N-H55N400F-80-F4"},{"r":"161","t":"20:08:10","h":"Est","s":"25N-H55NV10I-80-I"},{"r":"161","t":"20:08:10","h":"Est","s":"25N-H55NV20I-80-I"},{"r":"161","t":"20:08:10","h":"Est","s":"25S-H55S000I-80-I"},{"r":"161","t":"20:08:10","h":"Est","s":"25S-H55S100F-80-F1"},{"r":"161","t":"20:08:10","h":"Est","s":"25S-H55S200F-80-F2"},{"r":"161","t":"20:11:32","h":"Est","s":"25N-H55N000A-80-A"},{"r":"161","t":"20:11:32","h":"Est","s":"25N-H55NV10A-80-A"},{"r":"161","t":"20:11:32","h":"Est","s":"25N-H55NV20A-80-A"},{"r":"161","t":"20:11:32","h":"Est","s":"25S-H55S000A-80-A"},{"r":"161","t":"20:12:32","h":"Est","s":"25N-H55N000S-80-S"},{"r":"161","t":"20:12:32","h":"Est","s":"25N-H55N000S-82-S"},{"r":"161","t":"20:12:32","h":"Est","s":"25N-H55NV10S-85-S"},{"r":"161","t":"20:12:32","h":"Est","s":"25N-H55NV20S-81-S"},{"r":"161","t":"20:12:32","h":"Est","s":"25S-H55S000S-82-S"},{"r":"161","t":"20:29:32","h":"Est","s":"25N-H55N000S-80-S"},{"r":"161","t":"20:29:32","h":"Est","s":"25N-H55N000S-82-S"},{"r":"161","t":"20:29:32","h":"Est","s":"25N-H55NV10S-85-S"},{"r":"161","t":"20:29:32","h":"Est","s":"25N-H55NV20S-81-S"},{"r":"161","t":"20:29:32","h":"Est","s":"25S-H55S000S-82-S"},{"r":"161","t":"20:30:10","h":"Est","s":"25N-H55N000I-80-I"},{"r":"161","t":"20:30:10","h":"Est","s":"25N-H55N100F-80-F1"},{"r":"161","t":"20:30:10","h":"Est","s":"25N-H55N200F-80-F2"},{"r":"161","t":"20:30:10","h":"Est","s":"25N-H55N300F-80-F3"},{"r":"161","t":"20:30:10","h":"Est","s":"25N-H55N400F-80-F4"},{"r":"161","t":"20:30:10","h":"Est","s":"25N-H55NV10I-80-I"},{"r":"161","t":"20:30:10","h":"Est","s":"25N-H55NV20I-80-I"},{"r":"161","t":"20:30:10","h":"Est","s":"25S-H55S000I-80-I"},{"r":"161","t":"20:30:10","h":"Est","s":"25S-H55S100F-80-F1"},{"r":"161","t":"20:30:10","h":"Est","s":"25S-H55S200F-80-F2"},{"r":"161","t":"20:33:32","h":"Est","s":"25N-H55N000A-80-A"},{"r":"161","t":"20:33:32","h":"Est","s":"25N-H55NV10A-80-A"},{"r":"161","t":"20:33:32","h":"Est","s":"25N-H55NV20A-80-A"},{"r":"161","t":"20:33:32","h":"Est","s":"25S-H55S000A-80-A"},{"r":"161","t":"20:48:54","h":"Est","s":"25N-H55N000S-80-S"},{"r":"161","t":"20:48:54","h":"Est","s":"25N-H55N000S-82-S"},{"r":"161","t":"20:48:54","h":"Est","s":"25N-H55NV10S-85-S"},{"r":"161","t":"20:48:54","h":"Est","s":"25N-H55NV20S-81-S"},{"r":"161","t":"20:48:54","h":"Est","s":"25S-H55S000S-82-S"},{"r":"161","t":"20:51:10","h":"Est","s":"25N-H55N000I-80-I"},{"r":"161","t":"20:51:10","h":"Est","s":"25N-H55N100F-80-F1"},{"r":"161","t":"20:51:10","h":"Est","s":"25N-H55N200F-80-F2"},{"r":"161","t":"20:51:10","h":"Est","s":"25N-H55N300F-80-F3"},{"r":"161","t":"20:51:10","h":"Est","s":"25N-H55N400F-80-F4"},{"r":"161","t":"20:51:10","h":"Est","s":"25N-H55NV10I-80-I"},{"r":"161","t":"20:51:10","h":"Est","s":"25N-H55NV20I-80-I"},{"r":"161","t":"20:51:10","h":"Est","s":"25S-H55S000I-80-I"},{"r":"161","t":"20:51:10","h":"Est","s":"25S-H55S100F-80-F1"},{"r":"161","t":"20:51:10","h":"Est","s":"25S-H55S200F-80-F2"},{"r":"161","t":"20:55:32","h":"Est","s":"25N-H55N000A-80-A"},{"r":"161","t":"20:55:32","h":"Est","s":"25N-H55NV10A-80-A"},{"r":"161","t":"20:55:32","h":"Est","s":"25N-H55NV20A-80-A"},{"r":"161","t":"20:55:32","h":"Est","s":"25S-H55S000A-80-A"},{"r":"161","t":"21:08:54","h":"Est","s":"25N-H55N000S-80-S"},{"r":"161","t":"21:08:54","h":"Est","s":"25N-H55N000S-82-S"},{"r":"161","t":"21:08:54","h":"Est","s":"25N-H55NV10S-85-S"},{"r":"161","t":"21:08:54","h":"Est","s":"25N-H55NV20S-81-S"},{"r":"161","t":"21:08:54","h":"Est","s":"25S-H55S000S-82-S"},{"r":"161","t":"21:13:10","h":"Est","s":"25N-H55N000I-80-I"},{"r":"161","t":"21:13:10","h":"Est","s":"25N-H55N100F-80-F1"},{"r":"161","t":"21:13:10","h":"Est","s":"25N-H55N200F-80-F2"},{"r":"161","t":"21:13:10","h":"Est","s":"25N-H55N300F-80-F3"},{"r":"161","t":"21:13:10","h":"Est","s":"25N-H55N400F-80-F4"},{"r":"161","t":"21:13:10","h":"Est","s":"25N-H55NV10I-80-I"},{"r":"161","t":"21:13:10","h":"Est","s":"25N-H55NV20I-80-I"},{"r":"161","t":"21:13:10","h":"Est","s":"25S-H55S000I-80-I"},{"r":"161","t":"21:13:10","h":"Est","s":"25S-H55S100F-80-F1"},{"r":"161","t":"21:13:10","h":"Est","s":"25S-H55S200F-80-F2"},{"r":"161","t":"21:25:32","h":"Est","s":"25N-H55N000A-80-A"},{"r":"161","t":"21:25:32","h":"Est","s":"25N-H55NV10A-80-A"},{"r":"161","t":"21:25:32","h":"Est","s":"25N-H55NV20A-80-A"},{"r":"161","t":"21:25:32","h":"Est","s":"25S-H55S000A-80-A"},{"r":"161","t":"21:32:54","h":"Est","s":"25N-H55N000S-80-S"},{"r":"161","t":"21:32:54","h":"Est","s":"25N-H55N000S-82-S"},{"r":"161","t":"21:32:54","h":"Est","s":"25N-H55NV10S-85-S"},{"r":"161","t":"21:32:54","h":"Est","s":"25N-H55NV20S-81-S"},{"r":"161","t":"21:32:54","h":"Est","s":"25S-H55S000S-82-S"},{"r":"161","t":"21:41:10","h":"Est","s":"25N-H55N000I-80-I"},{"r":"161","t":"21:41:10","h":"Est","s":"25N-H55N100F-80-F1"},{"r":"161","t":"21:41:10","h":"Est","s":"25N-H55N200F-80-F2"},{"r":"161","t":"21:41:10","h":"Est","s":"25N-H55N300F-80-F3"},{"r":"161","t":"21:41:10","h":"Est","s":"25N-H55N400F-80-F4"},{"r":"161","t":"21:41:10","h":"Est","s":"25N-H55NV10I-80-I"},{"r":"161","t":"21:41:10","h":"Est","s":"25N-H55NV20I-80-I"},{"r":"161","t":"21:41:10","h":"Est","s":"25S-H55S000I-80-I"},{"r":"161","t":"21:41:10","h":"Est","s":"25S-H55S100F-80-F1"},{"r":"161","t":"21:41:10","h":"Est","s":"25S-H55S200F-80-F2"},{"r":"161","t":"21:56:54","h":"Est","s":"25N-H55N000A-80-A"},{"r":"161","t":"21:56:54","h":"Est","s":"25N-H55NV10A-80-A"},{"r":"161","t":"21:56:54","h":"Est","s":"25N-H55NV20A-80-A"},{"r":"161","t":"21:56:54","h":"Est","s":"25S-H55S000A-80-A"},{"r":"161","t":"21:58:54","h":"Est","s":"25N-H55N000S-80-S"},{"r":"161","t":"21:58:54","h":"Est","s":"25N-H55N000S-82-S"},{"r":"161","t":"21:58:54","h":"Est","s":"25N-H55NV10S-85-S"},{"r":"161","t":"21:58:54","h":"Est","s":"25N-H55NV20S-81-S"},{"r":"161","t":"21:58:54","h":"Est","s":"25S-H55S000S-82-S"},{"r":"161","t":"22:11:10","h":"Est","s":"25N-H55N000I-80-I"},{"r":"161","t":"22:11:10","h":"Est","s":"25N-H55N100F-80-F1"},{"r":"161","t":"22:11:10","h":"Est","s":"25N-H55N200F-80-F2"},{"r":"161","t":"22:11:10","h":"Est","s":"25N-H55N300F-80-F3"},{"r":"161","t":"22:11:10","h":"Est","s":"25N-H55N400F-80-F4"},{"r":"161","t":"22:11:10","h":"Est","s":"25N-H55NV10I-80-I"},{"r":"161","t":"22:11:10","h":"Est","s":"25N-H55NV20I-80-I"},{"r":"161","t":"22:11:10","h":"Est","s":"25S-H55S000I-80-I"},{"r":"161","t":"22:11:10","h":"Est","s":"25S-H55S100F-80-F1"},{"r":"161","t":"22:11:10","h":"Est","s":"25S-H55S200F-80-F2"},{"r":"161","t":"22:24:54","h":"Est","s":"25N-H55N000S-80-S"},{"r":"161","t":"22:24:54","h":"Est","s":"25N-H55N000S-82-S"},{"r":"161","t":"22:24:54","h":"Est","s":"25N-H55NV10S-85-S"},{"r":"161","t":"22:24:54","h":"Est","s":"25N-H55NV20S-81-S"},{"r":"161","t":"22:24:54","h":"Est","s":"25S-H55S000S-82-S"},{"r":"161","t":"22:27:54","h":"Est","s":"25N-H55N000A-80-A"},{"r":"161","t":"22:27:54","h":"Est","s":"25N-H55NV10A-80-A"},{"r":"161","t":"22:27:54","h":"Est","s":"25N-H55NV20A-80-A"},{"r":"161","t":"22:27:54","h":"Est","s":"25S-H55S000A-80-A"},{"r":"161","t":"22:39:54","h":"Est","s":"25N-H55N000I-80-I"},{"r":"161","t":"22:39:54","h":"Est","s":"25N-H55N100F-80-F1"},{"r":"161","t":"22:39:54","h":"Est","s":"25N-H55N200F-80-F2"},{"r":"161","t":"22:39:54","h":"Est","s":"25N-H55N300F-80-F3"},{"r":"161","t":"22:39:54","h":"Est","s":"25N-H55N400F-80-F4"},{"r":"161","t":"22:39:54","h":"Est","s":"25N-H55NV10I-80-I"},{"r":"161","t":"22:39:54","h":"Est","s":"25N-H55NV20I-80-I"},{"r":"161","t":"22:39:54","h":"Est","s":"25S-H55S000I-80-I"},{"r":"161","t":"22:39:54","h":"Est","s":"25S-H55S100F-80-F1"},{"r":"161","t":"22:39:54","h":"Est","s":"25S-H55S200F-80-F2"},{"r":"161","t":"22:52:54","h":"Est","s":"25N-H55N000S-80-S"},{"r":"161","t":"22:52:54","h":"Est","s":"25N-H55N000S-82-S"},{"r":"161","t":"22:52:54","h":"Est","s":"25N-H55NV10S-85-S"},{"r":"161","t":"22:52:54","h":"Est","s":"25N-H55NV20S-81-S"},{"r":"161","t":"22:52:54","h":"Est","s":"25S-H55S000S-82-S"},{"r":"161","t":"22:57:54","h":"Est","s":"25N-H55N000A-80-A"},{"r":"161","t":"22:57:54","h":"Est","s":"25N-H55NV10A-80-A"},{"r":"161","t":"22:57:54","h":"Est","s":"25N-H55NV20A-80-A"},{"r":"161","t":"22:57:54","h":"Est","s":"25S-H55S000A-80-A"},{"r":"161","t":"23:07:54","h":"Est","s":"25N-H55N000I-80-I"},{"r":"161","t":"23:07:54","h":"Est","s":"25N-H55N100F-80-F1"},{"r":"161","t":"23:07:54","h":"Est","s":"25N-H55N200F-80-F2"},{"r":"161","t":"23:07:54","h":"Est","s":"25N-H55N300F-80-F3"},{"r":"161","t":"23:07:54","h":"Est","s":"25N-H55N400F-80-F4"},{"r":"161","t":"23:07:54","h":"Est","s":"25N-H55NV10I-80-I"},{"r":"161","t":"23:07:54","h":"Est","s":"25N-H55NV20I-80-I"},{"r":"161","t":"23:07:54","h":"Est","s":"25S-H55S000I-80-I"},{"r":"161","t":"23:07:54","h":"Est","s":"25S-H55S100F-80-F1"},{"r":"161","t":"23:07:54","h":"Est","s":"25S-H55S200F-80-F2"},{"r":"161","t":"23:20:54","h":"Est","s":"25N-H55N000S-80-S"},{"r":"161","t":"23:20:54","h":"Est","s":"25N-H55N000S-82-S"},{"r":"161","t":"23:20:54","h":"Est","s":"25N-H55NV10S-85-S"},{"r":"161","t":"23:20:54","h":"Est","s":"25N-H55NV20S-81-S"},{"r":"161","t":"23:20:54","h":"Est","s":"25S-H55S000S-82-S"},{"r":"161","t":"23:27:54","h":"Est","s":"25N-H55N000A-80-A"},{"r":"161","t":"23:27:54","h":"Est","s":"25N-H55NV10A-80-A"},{"r":"161","t":"23:27:54","h":"Est","s":"25N-H55NV20A-80-A"},{"r":"161","t":"23:27:54","h":"Est","s":"25S-H55S000A-80-A"},{"r":"161","t":"23:36:54","h":"Est","s":"25N-H55N000I-80-I"},{"r":"161","t":"23:36:54","h":"Est","s":"25N-H55N100F-80-F1"},{"r":"161","t":"23:36:54","h":"Est","s":"25N-H55N200F-80-F2"},{"r":"161","t":"23:36:54","h":"Est","s":"25N-H55N300F-80-F3"},{"r":"161","t":"23:36:54","h":"Est","s":"25N-H55N400F-80-F4"},{"r":"161","t":"23:36:54","h":"Est","s":"25N-H55NV10I-80-I"},{"r":"161","t":"23:36:54","h":"Est","s":"25N-H55NV20I-80-I"},{"r":"161","t":"23:36:54","h":"Est","s":"25S-H55S000I-80-I"},{"r":"161","t":"23:36:54","h":"Est","s":"25S-H55S100F-80-F1"},{"r":"161","t":"23:36:54","h":"Est","s":"25S-H55S200F-80-F2"},{"r":"161","t":"23:44:54","h":"Est","s":"25N-H55N000S-80-S"},{"r":"161","t":"23:44:54","h":"Est","s":"25N-H55N000S-82-S"},{"r":"161","t":"23:44:54","h":"Est","s":"25N-H55NV10S-85-S"},{"r":"161","t":"23:44:54","h":"Est","s":"25N-H55NV20S-81-S"},{"r":"161","t":"23:44:54","h":"Est","s":"25S-H55S000S-82-S"},{"r":"161","t":"23:58:54","h":"Est","s":"25N-H55N000A-80-A"},{"r":"161","t":"23:58:54","h":"Est","s":"25N-H55NV10A-80-A"},{"r":"161","t":"23:58:54","h":"Est","s":"25N-H55NV20A-80-A"},{"r":"161","t":"23:58:54","h":"Est","s":"25S-H55S000A-80-A"},{"r":"161","t":"24:03:54","h":"Est","s":"25N-H55N000I-80-I"},{"r":"161","t":"24:03:54","h":"Est","s":"25N-H55N100F-80-F1"},{"r":"161","t":"24:03:54","h":"Est","s":"25N-H55N200F-80-F2"},{"r":"161","t":"24:03:54","h":"Est","s":"25N-H55N300F-80-F3"},{"r":"161","t":"24:03:54","h":"Est","s":"25N-H55N400F-80-F4"},{"r":"161","t":"24:03:54","h":"Est","s":"25N-H55NV10I-80-I"},{"r":"161","t":"24:03:54","h":"Est","s":"25N-H55NV20I-80-I"},{"r":"161","t":"24:03:54","h":"Est","s":"25S-H55S000I-80-I"},{"r":"161","t":"24:03:54","h":"Est","s":"25S-H55S100F-80-F1"},{"r":"161","t":"24:03:54","h":"Est","s":"25S-H55S200F-80-F2"},{"r":"161","t":"24:04:54","h":"Est","s":"25N-H55N000S-80-S"},{"r":"161","t":"24:04:54","h":"Est","s":"25N-H55N000S-82-S"},{"r":"161","t":"24:04:54","h":"Est","s":"25N-H55NV10S-85-S"},{"r":"161","t":"24:04:54","h":"Est","s":"25N-H55NV20S-81-S"},{"r":"161","t":"24:04:54","h":"Est","s":"25S-H55S000S-82-S"},{"r":"161","t":"24:24:54","h":"Est","s":"25N-H55N000A-80-A"},{"r":"161","t":"24:24:54","h":"Est","s":"25N-H55NV10A-80-A"},{"r":"161","t":"24:24:54","h":"Est","s":"25N-H55NV20A-80-A"},{"r":"161","t":"24:24:54","h":"Est","s":"25S-H55S000A-80-A"},{"r":"161","t":"24:29:54","h":"Est","s":"25N-H55N000I-80-I"},{"r":"161","t":"24:29:54","h":"Est","s":"25N-H55N100F-80-F1"},{"r":"161","t":"24:29:54","h":"Est","s":"25N-H55N200F-80-F2"},{"r":"161","t":"24:29:54","h":"Est","s":"25N-H55N300F-80-F3"},{"r":"161","t":"24:29:54","h":"Est","s":"25N-H55N400F-80-F4"},{"r":"161","t":"24:29:54","h":"Est","s":"25N-H55NV10I-80-I"},{"r":"161","t":"24:29:54","h":"Est","s":"25N-H55NV20I-80-I"},{"r":"161","t":"24:29:54","h":"Est","s":"25S-H55S000I-80-I"},{"r":"161","t":"24:29:54","h":"Est","s":"25S-H55S100F-80-F1"},{"r":"161","t":"24:29:54","h":"Est","s":"25S-H55S200F-80-F2"},{"r":"161","t":"24:30:54","h":"Est","s":"25N-H55N000S-80-S"},{"r":"161","t":"24:30:54","h":"Est","s":"25N-H55N000S-82-S"},{"r":"161","t":"24:30:54","h":"Est","s":"25N-H55NV10S-85-S"},{"r":"161","t":"24:30:54","h":"Est","s":"25N-H55NV20S-81-S"},{"r":"161","t":"24:30:54","h":"Est","s":"25S-H55S000S-82-S"},{"r":"161","t":"24:52:54","h":"Est","s":"25N-H55N000A-80-A"},{"r":"161","t":"24:52:54","h":"Est","s":"25N-H55NV10A-80-A"},{"r":"161","t":"24:52:54","h":"Est","s":"25N-H55NV20A-80-A"},{"r":"161","t":"24:52:54","h":"Est","s":"25S-H55S000A-80-A"},{"r":"161","t":"24:55:54","h":"Est","s":"25N-H55N000I-80-I"},{"r":"161","t":"24:55:54","h":"Est","s":"25N-H55N100F-80-F1"},{"r":"161","t":"24:55:54","h":"Est","s":"25N-H55N200F-80-F2"},{"r":"161","t":"24:55:54","h":"Est","s":"25N-H55N300F-80-F3"},{"r":"161","t":"24:55:54","h":"Est","s":"25N-H55N400F-80-F4"},{"r":"161","t":"24:55:54","h":"Est","s":"25N-H55NV10I-80-I"},{"r":"161","t":"24:55:54","h":"Est","s":"25N-H55NV20I-80-I"},{"r":"161","t":"24:55:54","h":"Est","s":"25S-H55S000I-80-I"},{"r":"161","t":"24:55:54","h":"Est","s":"25S-H55S100F-80-F1"},{"r":"161","t":"24:55:54","h":"Est","s":"25S-H55S200F-80-F2"},{"r":"161","t":"24:58:54","h":"Est","s":"25N-H55N000S-80-S"},{"r":"161","t":"24:58:54","h":"Est","s":"25N-H55N000S-82-S"},{"r":"161","t":"24:58:54","h":"Est","s":"25N-H55NV10S-85-S"},{"r":"161","t":"24:58:54","h":"Est","s":"25N-H55NV20S-81-S"},{"r":"161","t":"24:58:54","h":"Est","s":"25S-H55S000S-82-S"},{"r":"161","t":"25:12:54","h":"Est","s":"25N-H55N000A-80-A"},{"r":"161","t":"25:12:54","h":"Est","s":"25N-H55NV10A-80-A"},{"r":"161","t":"25:12:54","h":"Est","s":"25N-H55NV20A-80-A"},{"r":"161","t":"25:12:54","h":"Est","s":"25S-H55S000A-80-A"},{"r":"370","t":"25:34:14","h":"Est","s":"25N-H55N000I-80-I"},{"r":"370","t":"25:34:14","h":"Est","s":"25N-H55N100F-80-F1"},{"r":"370","t":"25:34:14","h":"Est","s":"25N-H55N200F-80-F2"},{"r":"370","t":"25:34:14","h":"Est","s":"25N-H55N300F-80-F3"},{"r":"370","t":"25:34:14","h":"Est","s":"25N-H55N400F-80-F4"},{"r":"370","t":"25:34:14","h":"Est","s":"25N-H55NV10I-80-I"},{"r":"370","t":"25:34:14","h":"Est","s":"25N-H55NV20I-80-I"},{"r":"370","t":"25:34:14","h":"Est","s":"25S-H55S000I-80-I"},{"r":"370","t":"25:34:14","h":"Est","s":"25S-H55S100F-80-F1"},{"r":"370","t":"25:34:14","h":"Est","s":"25S-H55S200F-80-F2"},{"r":"370","t":"25:35:09","h":"Est","s":"25N-H55N000A-80-A"},{"r":"370","t":"25:35:09","h":"Est","s":"25N-H55N000S-80-S"},{"r":"370","t":"25:35:09","h":"Est","s":"25N-H55N000S-82-S"},{"r":"370","t":"25:35:09","h":"Est","s":"25N-H55NV10A-80-A"},{"r":"370","t":"25:35:09","h":"Est","s":"25N-H55NV10S-85-S"},{"r":"370","t":"25:35:09","h":"Est","s":"25N-H55NV20A-80-A"},{"r":"370","t":"25:35:09","h":"Est","s":"25N-H55NV20S-81-S"},{"r":"370","t":"25:35:09","h":"Est","s":"25S-H55S000A-80-A"},{"r":"370","t":"25:35:09","h":"Est","s":"25S-H55S000S-82-S"},{"r":"370","t":"26:19:14","h":"Est","s":"25N-H55N000I-80-I"},{"r":"370","t":"26:19:14","h":"Est","s":"25N-H55N100F-80-F1"},{"r":"370","t":"26:19:14","h":"Est","s":"25N-H55N200F-80-F2"},{"r":"370","t":"26:19:14","h":"Est","s":"25N-H55N300F-80-F3"},{"r":"370","t":"26:19:14","h":"Est","s":"25N-H55N400F-80-F4"},{"r":"370","t":"26:19:14","h":"Est","s":"25N-H55NV10I-80-I"},{"r":"370","t":"26:19:14","h":"Est","s":"25N-H55NV20I-80-I"},{"r":"370","t":"26:19:14","h":"Est","s":"25S-H55S000I-80-I"},{"r":"370","t":"26:19:14","h":"Est","s":"25S-H55S100F-80-F1"},{"r":"370","t":"26:19:14","h":"Est","s":"25S-H55S200F-80-F2"},{"r":"370","t":"26:20:09","h":"Est","s":"25N-H55N000A-80-A"},{"r":"370","t":"26:20:09","h":"Est","s":"25N-H55N000S-80-S"},{"r":"370","t":"26:20:09","h":"Est","s":"25N-H55N000S-82-S"},{"r":"370","t":"26:20:09","h":"Est","s":"25N-H55NV10A-80-A"},{"r":"370","t":"26:20:09","h":"Est","s":"25N-H55NV10S-85-S"},{"r":"370","t":"26:20:09","h":"Est","s":"25N-H55NV20A-80-A"},{"r":"370","t":"26:20:09","h":"Est","s":"25N-H55NV20S-81-S"},{"r":"370","t":"26:20:09","h":"Est","s":"25S-H55S000A-80-A"},{"r":"370","t":"26:20:09","h":"Est","s":"25S-H55S000S-82-S"},{"r":"370","t":"27:04:14","h":"Est","s":"25N-H55N000I-80-I"},{"r":"370","t":"27:04:14","h":"Est","s":"25N-H55N000S-80-S"},{"r":"370","t":"27:04:14","h":"Est","s":"25N-H55N000S-82-S"},{"r":"370","t":"27:04:14","h":"Est","s":"25N-H55N100F-80-F1"},{"r":"370","t":"27:04:14","h":"Est","s":"25N-H55N200F-80-F2"},{"r":"370","t":"27:04:14","h":"Est","s":"25N-H55N300F-80-F3"},{"r":"370","t":"27:04:14","h":"Est","s":"25N-H55N400F-80-F4"},{"r":"370","t":"27:04:14","h":"Est","s":"25N-H55NV10I-80-I"},{"r":"370","t":"27:04:14","h":"Est","s":"25N-H55NV10S-85-S"},{"r":"370","t":"27:04:14","h":"Est","s":"25N-H55NV20I-80-I"},{"r":"370","t":"27:04:14","h":"Est","s":"25N-H55NV20S-81-S"},{"r":"370","t":"27:04:14","h":"Est","s":"25S-H55S000I-80-I"},{"r":"370","t":"27:04:14","h":"Est","s":"25S-H55S000S-82-S"},{"r":"370","t":"27:04:14","h":"Est","s":"25S-H55S100F-80-F1"},{"r":"370","t":"27:04:14","h":"Est","s":"25S-H55S200F-80-F2"},{"r":"370","t":"27:05:09","h":"Est","s":"25N-H55N000A-80-A"},{"r":"370","t":"27:05:09","h":"Est","s":"25N-H55NV10A-80-A"},{"r":"370","t":"27:05:09","h":"Est","s":"25N-H55NV20A-80-A"},{"r":"370","t":"27:05:09","h":"Est","s":"25S-H55S000A-80-A"},{"r":"370","t":"27:49:14","h":"Est","s":"25N-H55N000I-80-I"},{"r":"370","t":"27:49:14","h":"Est","s":"25N-H55N000S-80-S"},{"r":"370","t":"27:49:14","h":"Est","s":"25N-H55N000S-82-S"},{"r":"370","t":"27:49:14","h":"Est","s":"25N-H55N100F-80-F1"},{"r":"370","t":"27:49:14","h":"Est","s":"25N-H55N200F-80-F2"},{"r":"370","t":"27:49:14","h":"Est","s":"25N-H55N300F-80-F3"},{"r":"370","t":"27:49:14","h":"Est","s":"25N-H55N400F-80-F4"},{"r":"370","t":"27:49:14","h":"Est","s":"25N-H55NV10I-80-I"},{"r":"370","t":"27:49:14","h":"Est","s":"25N-H55NV10S-85-S"},{"r":"370","t":"27:49:14","h":"Est","s":"25N-H55NV20I-80-I"},{"r":"370","t":"27:49:14","h":"Est","s":"25N-H55NV20S-81-S"},{"r":"370","t":"27:49:14","h":"Est","s":"25S-H55S000I-80-I"},{"r":"370","t":"27:49:14","h":"Est","s":"25S-H55S000S-82-S"},{"r":"370","t":"27:49:14","h":"Est","s":"25S-H55S100F-80-F1"},{"r":"370","t":"27:49:14","h":"Est","s":"25S-H55S200F-80-F2"},{"r":"370","t":"27:50:09","h":"Est","s":"25N-H55N000A-80-A"},{"r":"370","t":"27:50:09","h":"Est","s":"25N-H55NV10A-80-A"},{"r":"370","t":"27:50:09","h":"Est","s":"25N-H55NV20A-80-A"},{"r":"370","t":"27:50:09","h":"Est","s":"25S-H55S000A-80-A"},{"r":"370","t":"28:33:20","h":"Est","s":"25N-H55N000A-80-A"},{"r":"370","t":"28:33:20","h":"Est","s":"25N-H55NV10A-80-A"},{"r":"370","t":"28:33:20","h":"Est","s":"25N-H55NV20A-80-A"},{"r":"370","t":"28:33:20","h":"Est","s":"25S-H55S000A-80-A"},{"r":"370","t":"28:34:14","h":"Est","s":"25N-H55N000I-80-I"},{"r":"370","t":"28:34:14","h":"Est","s":"25N-H55N000S-80-S"},{"r":"370","t":"28:34:14","h":"Est","s":"25N-H55N000S-82-S"},{"r":"370","t":"28:34:14","h":"Est","s":"25N-H55N100F-80-F1"},{"r":"370","t":"28:34:14","h":"Est","s":"25N-H55N200F-80-F2"},{"r":"370","t":"28:34:14","h":"Est","s":"25N-H55N300F-80-F3"},{"r":"370","t":"28:34:14","h":"Est","s":"25N-H55N400F-80-F4"},{"r":"370","t":"28:34:14","h":"Est","s":"25N-H55NV10I-80-I"},{"r":"370","t":"28:34:14","h":"Est","s":"25N-H55NV10S-85-S"},{"r":"370","t":"28:34:14","h":"Est","s":"25N-H55NV20I-80-I"},{"r":"370","t":"28:34:14","h":"Est","s":"25N-H55NV20S-81-S"},{"r":"370","t":"28:34:14","h":"Est","s":"25S-H55S000I-80-I"},{"r":"370","t":"28:34:14","h":"Est","s":"25S-H55S000S-82-S"},{"r":"370","t":"28:34:14","h":"Est","s":"25S-H55S100F-80-F1"},{"r":"370","t":"28:34:14","h":"Est","s":"25S-H55S200F-80-F2"}]