[{"r":"16","t":"06:22:00","h":"Est","s":"25N-H50N000A-80-A"},{"r":"16","t":"06:22:00","h":"Est","s":"25N-H50N000A-90-A"},{"r":"16","t":"06:22:00","h":"Est","s":"25N-H50N000S-80-S"},{"r":"16","t":"06:22:00","h":"Est","s":"25N-H50N000S-90-S"},{"r":"16","t":"06:22:00","h":"Est","s":"25N-H50NV10A-90-A"},{"r":"16","t":"06:22:00","h":"Est","s":"25N-H50NV10S-90-S"},{"r":"16","t":"06:22:00","h":"Est","s":"25N-H50NV20A-90-A"},{"r":"16","t":"06:22:00","h":"Est","s":"25N-H50NV20S-90-S"},{"r":"16","t":"06:22:00","h":"Est","s":"25S-H50S000A-81-A"},{"r":"16","t":"06:22:00","h":"Est","s":"25S-H50S000S-81-S"},{"r":"16","t":"06:25:00","h":"Est","s":"25N-H50N000I-80-I"},{"r":"16","t":"06:25:00","h":"Est","s":"25N-H50N000I-90-I"},{"r":"16","t":"06:25:00","h":"Est","s":"25N-H50N100F-90-F1"},{"r":"16","t":"06:25:00","h":"Est","s":"25N-H50N200F-90-F2"},{"r":"16","t":"06:25:00","h":"Est","s":"25N-H50N300F-90-F3"},{"r":"16","t":"06:25:00","h":"Est","s":"25N-H50N400F-90-F4"},{"r":"16","t":"06:25:00","h":"Est","s":"25N-H50NV10I-90-I"},{"r":"16","t":"06:25:00","h":"Est","s":"25N-H50NV20I-90-I"},{"r":"16","t":"06:25:00","h":"Est","s":"25S-H50S000I-81-I"},{"r":"16","t":"06:25:00","h":"Est","s":"25S-H50S100F-80-F1"},{"r":"16","t":"06:25:00","h":"Est","s":"25S-H50S200F-80-F2"},{"r":"16","t":"06:50:00","h":"Est","s":"25N-H50N000A-80-A"},{"r":"16","t":"06:50:00","h":"Est","s":"25N-H50N000A-90-A"},{"r":"16","t":"06:50:00","h":"Est","s":"25N-H50N000S-80-S"},{"r":"16","t":"06:50:00","h":"Est","s":"25N-H50N000S-90-S"},{"r":"16","t":"06:50:00","h":"Est","s":"25N-H50NV10A-90-A"},{"r":"16","t":"06:50:00","h":"Est","s":"25N-H50NV10S-90-S"},{"r":"16","t":"06:50:00","h":"Est","s":"25N-H50NV20A-90-A"},{"r":"16","t":"06:50:00","h":"Est","s":"25N-H50NV20S-90-S"},{"r":"16","t":"06:50:00","h":"Est","s":"25S-H50S000A-81-A"},{"r":"16","t":"06:50:00","h":"Est","s":"25S-H50S000S-81-S"},{"r":"16","t":"06:54:00","h":"Est","s":"25N-H50N000I-80-I"},{"r":"16","t":"06:54:00","h":"Est","s":"25N-H50N000I-90-I"},{"r":"16","t":"06:54:00","h":"Est","s":"25N-H50N100F-90-F1"},{"r":"16","t":"06:54:00","h":"Est","s":"25N-H50N200F-90-F2"},{"r":"16","t":"06:54:00","h":"Est","s":"25N-H50N300F-90-F3"},{"r":"16","t":"06:54:00","h":"Est","s":"25N-H50N400F-90-F4"},{"r":"16","t":"06:54:00","h":"Est","s":"25N-H50NV10I-90-I"},{"r":"16","t":"06:54:00","h":"Est","s":"25N-H50NV20I-90-I"},{"r":"16","t":"06:54:00","h":"Est","s":"25S-H50S000I-81-I"},{"r":"16","t":"06:54:00","h":"Est","s":"25S-H50S100F-80-F1"},{"r":"16","t":"06:54:00","h":"Est","s":"25S-H50S200F-80-F2"},{"r":"16","t":"07:18:00","h":"Est","s":"25N-H50N000S-80-S"},{"r":"16","t":"07:18:00","h":"Est","s":"25N-H50N000S-90-S"},{"r":"16","t":"07:18:00","h":"Est","s":"25N-H50NV10S-90-S"},{"r":"16","t":"07:18:00","h":"Est","s":"25N-H50NV20S-90-S"},{"r":"16","t":"07:18:00","h":"Est","s":"25S-H50S000S-81-S"},{"r":"16","t":"07:20:00","h":"Est","s":"25N-H50N000A-80-A"},{"r":"16","t":"07:20:00","h":"Est","s":"25N-H50N000A-90-A"},{"r":"16","t":"07:20:00","h":"Est","s":"25N-H50NV10A-90-A"},{"r":"16","t":"07:20:00","h":"Est","s":"25N-H50NV20A-90-A"},{"r":"16","t":"07:20:00","h":"Est","s":"25S-H50S000A-81-A"},{"r":"16","t":"07:23:00","h":"Est","s":"25N-H50N000I-80-I"},{"r":"16","t":"07:23:00","h":"Est","s":"25N-H50N000I-90-I"},{"r":"16","t":"07:23:00","h":"Est","s":"25N-H50N100F-90-F1"},{"r":"16","t":"07:23:00","h":"Est","s":"25N-H50N200F-90-F2"},{"r":"16","t":"07:23:00","h":"Est","s":"25N-H50N300F-90-F3"},{"r":"16","t":"07:23:00","h":"Est","s":"25N-H50N400F-90-F4"},{"r":"16","t":"07:23:00","h":"Est","s":"25N-H50NV10I-90-I"},{"r":"16","t":"07:23:00","h":"Est","s":"25N-H50NV20I-90-I"},{"r":"16","t":"07:23:00","h":"Est","s":"25S-H50S000I-81-I"},{"r":"16","t":"07:23:00","h":"Est","s":"25S-H50S100F-80-F1"},{"r":"16","t":"07:23:00","h":"Est","s":"25S-H50S200F-80-F2"},{"r":"16","t":"07:49:00","h":"Est","s":"25N-H50N000S-80-S"},{"r":"16","t":"07:49:00","h":"Est","s":"25N-H50N000S-90-S"},{"r":"16","t":"07:49:00","h":"Est","s":"25N-H50NV10S-90-S"},{"r":"16","t":"07:49:00","h":"Est","s":"25N-H50NV20S-90-S"},{"r":"16","t":"07:49:00","h":"Est","s":"25S-H50S000S-81-S"},{"r":"16","t":"07:51:00","h":"Est","s":"25N-H50N000A-80-A"},{"r":"16","t":"07:51:00","h":"Est","s":"25N-H50N000A-90-A"},{"r":"16","t":"07:51:00","h":"Est","s":"25N-H50NV10A-90-A"},{"r":"16","t":"07:51:00","h":"Est","s":"25N-H50NV20A-90-A"},{"r":"16","t":"07:51:00","h":"Est","s":"25S-H50S000A-81-A"},{"r":"16","t":"07:52:00","h":"Est","s":"25N-H50N000I-80-I"},{"r":"16","t":"07:52:00","h":"Est","s":"25N-H50N000I-90-I"},{"r":"16","t":"07:52:00","h":"Est","s":"25N-H50N100F-90-F1"},{"r":"16","t":"07:52:00","h":"Est","s":"25N-H50N200F-90-F2"},{"r":"16","t":"07:52:00","h":"Est","s":"25N-H50N300F-90-F3"},{"r":"16","t":"07:52:00","h":"Est","s":"25N-H50N400F-90-F4"},{"r":"16","t":"07:52:00","h":"Est","s":"25N-H50NV10I-90-I"},{"r":"16","t":"07:52:00","h":"Est","s":"25N-H50NV20I-90-I"},{"r":"16","t":"07:52:00","h":"Est","s":"25S-H50S000I-81-I"},{"r":"16","t":"07:52:00","h":"Est","s":"25S-H50S100F-80-F1"},{"r":"16","t":"07:52:00","h":"Est","s":"25S-H50S200F-80-F2"},{"r":"16","t":"08:19:00","h":"Est","s":"25N-H50N000S-80-S"},{"r":"16","t":"08:19:00","h":"Est","s":"25N-H50N000S-90-S"},{"r":"16","t":"08:19:00","h":"Est","s":"25N-H50NV10S-90-S"},{"r":"16","t":"08:19:00","h":"Est","s":"25N-H50NV20S-90-S"},{"r":"16","t":"08:19:00","h":"Est","s":"25S-H50S000S-81-S"},{"r":"16","t":"08:21:00","h":"Est","s":"25N-H50N000A-80-A"},{"r":"16","t":"08:21:00","h":"Est","s":"25N-H50N000A-90-A"},{"r":"16","t":"08:21:00","h":"Est","s":"25N-H50NV10A-90-A"},{"r":"16","t":"08:21:00","h":"Est","s":"25N-H50NV20A-90-A"},{"r":"16","t":"08:21:00","h":"Est","s":"25S-H50S000A-81-A"},{"r":"16","t":"08:22:00","h":"Est","s":"25N-H50N000I-80-I"},{"r":"16","t":"08:22:00","h":"Est","s":"25N-H50N000I-90-I"},{"r":"16","t":"08:22:00","h":"Est","s":"25N-H50N100F-90-F1"},{"r":"16","t":"08:22:00","h":"Est","s":"25N-H50N200F-90-F2"},{"r":"16","t":"08:22:00","h":"Est","s":"25N-H50N300F-90-F3"},{"r":"16","t":"08:22:00","h":"Est","s":"25N-H50N400F-90-F4"},{"r":"16","t":"08:22:00","h":"Est","s":"25N-H50NV10I-90-I"},{"r":"16","t":"08:22:00","h":"Est","s":"25N-H50NV20I-90-I"},{"r":"16","t":"08:22:00","h":"Est","s":"25S-H50S000I-81-I"},{"r":"16","t":"08:22:00","h":"Est","s":"25S-H50S100F-80-F1"},{"r":"16","t":"08:22:00","h":"Est","s":"25S-H50S200F-80-F2"},{"r":"16","t":"08:46:00","h":"Est","s":"25N-H50N000S-80-S"},{"r":"16","t":"08:46:00","h":"Est","s":"25N-H50N000S-90-S"},{"r":"16","t":"08:46:00","h":"Est","s":"25N-H50NV10S-90-S"},{"r":"16","t":"08:46:00","h":"Est","s":"25N-H50NV20S-90-S"},{"r":"16","t":"08:46:00","h":"Est","s":"25S-H50S000S-81-S"},{"r":"16","t":"08:51:00","h":"Est","s":"25N-H50N000I-80-I"},{"r":"16","t":"08:51:00","h":"Est","s":"25N-H50N000I-90-I"},{"r":"16","t":"08:51:00","h":"Est","s":"25N-H50N100F-90-F1"},{"r":"16","t":"08:51:00","h":"Est","s":"25N-H50N200F-90-F2"},{"r":"16","t":"08:51:00","h":"Est","s":"25N-H50N300F-90-F3"},{"r":"16","t":"08:51:00","h":"Est","s":"25N-H50N400F-90-F4"},{"r":"16","t":"08:51:00","h":"Est","s":"25N-H50NV10I-90-I"},{"r":"16","t":"08:51:00","h":"Est","s":"25N-H50NV20I-90-I"},{"r":"16","t":"08:51:00","h":"Est","s":"25S-H50S000I-81-I"},{"r":"16","t":"08:51:00","h":"Est","s":"25S-H50S100F-80-F1"},{"r":"16","t":"08:51:00","h":"Est","s":"25S-H50S200F-80-F2"},{"r":"16","t":"08:52:00","h":"Est","s":"25N-H50N000A-80-A"},{"r":"16","t":"08:52:00","h":"Est","s":"25N-H50N000A-90-A"},{"r":"16","t":"08:52:00","h":"Est","s":"25N-H50NV10A-90-A"},{"r":"16","t":"08:52:00","h":"Est","s":"25N-H50NV20A-90-A"},{"r":"16","t":"08:52:00","h":"Est","s":"25S-H50S000A-81-A"},{"r":"16","t":"09:09:00","h":"Est","s":"25N-H50N000S-80-S"},{"r":"16","t":"09:09:00","h":"Est","s":"25N-H50N000S-90-S"},{"r":"16","t":"09:09:00","h":"Est","s":"25N-H50NV10S-90-S"},{"r":"16","t":"09:09:00","h":"Est","s":"25N-H50NV20S-90-S"},{"r":"16","t":"09:09:00","h":"Est","s":"25S-H50S000S-81-S"},{"r":"16","t":"09:22:00","h":"Est","s":"25N-H50N000I-80-I"},{"r":"16","t":"09:22:00","h":"Est","s":"25N-H50N000I-90-I"},{"r":"16","t":"09:22:00","h":"Est","s":"25N-H50N100F-90-F1"},{"r":"16","t":"09:22:00","h":"Est","s":"25N-H50N200F-90-F2"},{"r":"16","t":"09:22:00","h":"Est","s":"25N-H50N300F-90-F3"},{"r":"16","t":"09:22:00","h":"Est","s":"25N-H50N400F-90-F4"},{"r":"16","t":"09:22:00","h":"Est","s":"25N-H50NV10I-90-I"},{"r":"16","t":"09:22:00","h":"Est","s":"25N-H50NV20I-90-I"},{"r":"16","t":"09:22:00","h":"Est","s":"25S-H50S000I-81-I"},{"r":"16","t":"09:22:00","h":"Est","s":"25S-H50S100F-80-F1"},{"r":"16","t":"09:22:00","h":"Est","s":"25S-H50S200F-80-F2"},{"r":"16","t":"09:25:00","h":"Est","s":"25N-H50N000A-80-A"},{"r":"16","t":"09:25:00","h":"Est","s":"25N-H50N000A-90-A"},{"r":"16","t":"09:25:00","h":"Est","s":"25N-H50NV10A-90-A"},{"r":"16","t":"09:25:00","h":"Est","s":"25N-H50NV20A-90-A"},{"r":"16","t":"09:25:00","h":"Est","s":"25S-H50S000A-81-A"},{"r":"16","t":"09:33:00","h":"Est","s":"25N-H50N000S-80-S"},{"r":"16","t":"09:33:00","h":"Est","s":"25N-H50N000S-90-S"},{"r":"16","t":"09:33:00","h":"Est","s":"25N-H50NV10S-90-S"},{"r":"16","t":"09:33:00","h":"Est","s":"25N-H50NV20S-90-S"},{"r":"16","t":"09:33:00","h":"Est","s":"25S-H50S000S-81-S"},{"r":"16","t":"09:53:00","h":"Est","s":"25N-H50N000I-80-I"},{"r":"16","t":"09:53:00","h":"Est","s":"25N-H50N000I-90-I"},{"r":"16","t":"09:53:00","h":"Est","s":"25N-H50N100F-90-F1"},{"r":"16","t":"09:53:00","h":"Est","s":"25N-H50N200F-90-F2"},{"r":"16","t":"09:53:00","h":"Est","s":"25N-H50N300F-90-F3"},{"r":"16","t":"09:53:00","h":"Est","s":"25N-H50N400F-90-F4"},{"r":"16","t":"09:53:00","h":"Est","s":"25N-H50NV10I-90-I"},{"r":"16","t":"09:53:00","h":"Est","s":"25N-H50NV20I-90-I"},{"r":"16","t":"09:53:00","h":"Est","s":"25S-H50S000I-81-I"},{"r":"16","t":"09:53:00","h":"Est","s":"25S-H50S100F-80-F1"},{"r":"16","t":"09:53:00","h":"Est","s":"25S-H50S200F-80-F2"},{"r":"16","t":"09:57:00","h":"Est","s":"25N-H50N000A-80-A"},{"r":"16","t":"09:57:00","h":"Est","s":"25N-H50N000A-90-A"},{"r":"16","t":"09:57:00","h":"Est","s":"25N-H50NV10A-90-A"},{"r":"16","t":"09:57:00","h":"Est","s":"25N-H50NV20A-90-A"},{"r":"16","t":"09:57:00","h":"Est","s":"25S-H50S000A-81-A"},{"r":"16","t":"09:58:00","h":"Est","s":"25N-H50N000S-80-S"},{"r":"16","t":"09:58:00","h":"Est","s":"25N-H50N000S-90-S"},{"r":"16","t":"09:58:00","h":"Est","s":"25N-H50NV10S-90-S"},{"r":"16","t":"09:58:00","h":"Est","s":"25N-H50NV20S-90-S"},{"r":"16","t":"09:58:00","h":"Est","s":"25S-H50S000S-81-S"},{"r":"16","t":"10:24:00","h":"Est","s":"25N-H50N000I-80-I"},{"r":"16","t":"10:24:00","h":"Est","s":"25N-H50N000I-90-I"},{"r":"16","t":"10:24:00","h":"Est","s":"25N-H50N000S-80-S"},{"r":"16","t":"10:24:00","h":"Est","s":"25N-H50N000S-90-S"},{"r":"16","t":"10:24:00","h":"Est","s":"25N-H50N100F-90-F1"},{"r":"16","t":"10:24:00","h":"Est","s":"25N-H50N200F-90-F2"},{"r":"16","t":"10:24:00","h":"Est","s":"25N-H50N300F-90-F3"},{"r":"16","t":"10:24:00","h":"Est","s":"25N-H50N400F-90-F4"},{"r":"16","t":"10:24:00","h":"Est","s":"25N-H50NV10I-90-I"},{"r":"16","t":"10:24:00","h":"Est","s":"25N-H50NV10S-90-S"},{"r":"16","t":"10:24:00","h":"Est","s":"25N-H50NV20I-90-I"},{"r":"16","t":"10:24:00","h":"Est","s":"25N-H50NV20S-90-S"},{"r":"16","t":"10:24:00","h":"Est","s":"25S-H50S000I-81-I"},{"r":"16","t":"10:24:00","h":"Est","s":"25S-H50S000S-81-S"},{"r":"16","t":"10:24:00","h":"Est","s":"25S-H50S100F-80-F1"},{"r":"16","t":"10:24:00","h":"Est","s":"25S-H50S200F-80-F2"},{"r":"16","t":"10:28:00","h":"Est","s":"25N-H50N000A-80-A"},{"r":"16","t":"10:28:00","h":"Est","s":"25N-H50N000A-90-A"},{"r":"16","t":"10:28:00","h":"Est","s":"25N-H50NV10A-90-A"},{"r":"16","t":"10:28:00","h":"Est","s":"25N-H50NV20A-90-A"},{"r":"16","t":"10:28:00","h":"Est","s":"25S-H50S000A-81-A"},{"r":"16","t":"10:54:00","h":"Est","s":"25N-H50N000S-80-S"},{"r":"16","t":"10:54:00","h":"Est","s":"25N-H50N000S-90-S"},{"r":"16","t":"10:54:00","h":"Est","s":"25N-H50NV10S-90-S"},{"r":"16","t":"10:54:00","h":"Est","s":"25N-H50NV20S-90-S"},{"r":"16","t":"10:54:00","h":"Est","s":"25S-H50S000S-81-S"},{"r":"16","t":"10:55:00","h":"Est","s":"25N-H50N000I-80-I"},{"r":"16","t":"10:55:00","h":"Est","s":"25N-H50N000I-90-I"},{"r":"16","t":"10:55:00","h":"Est","s":"25N-H50N100F-90-F1"},{"r":"16","t":"10:55:00","h":"Est","s":"25N-H50N200F-90-F2"},{"r":"16","t":"10:55:00","h":"Est","s":"25N-H50N300F-90-F3"},{"r":"16","t":"10:55:00","h":"Est","s":"25N-H50N400F-90-F4"},{"r":"16","t":"10:55:00","h":"Est","s":"25N-H50NV10I-90-I"},{"r":"16","t":"10:55:00","h":"Est","s":"25N-H50NV20I-90-I"},{"r":"16","t":"10:55:00","h":"Est","s":"25S-H50S000I-81-I"},{"r":"16","t":"10:55:00","h":"Est","s":"25S-H50S100F-80-F1"},{"r":"16","t":"10:55:00","h":"Est","s":"25S-H50S200F-80-F2"},{"r":"16","t":"11:01:00","h":"Est","s":"25N-H50N000A-80-A"},{"r":"16","t":"11:01:00","h":"Est","s":"25N-H50N000A-90-A"},{"r":"16","t":"11:01:00","h":"Est","s":"25N-H50NV10A-90-A"},{"r":"16","t":"11:01:00","h":"Est","s":"25N-H50NV20A-90-A"},{"r":"16","t":"11:01:00","h":"Est","s":"25S-H50S000A-81-A"},{"r":"16","t":"11:24:00","h":"Est","s":"25N-H50N000S-80-S"},{"r":"16","t":"11:24:00","h":"Est","s":"25N-H50N000S-90-S"},{"r":"16","t":"11:24:00","h":"Est","s":"25N-H50NV10S-90-S"},{"r":"16","t":"11:24:00","h":"Est","s":"25N-H50NV20S-90-S"},{"r":"16","t":"11:24:00","h":"Est","s":"25S-H50S000S-81-S"},{"r":"16","t":"11:27:00","h":"Est","s":"25N-H50N000I-80-I"},{"r":"16","t":"11:27:00","h":"Est","s":"25N-H50N000I-90-I"},{"r":"16","t":"11:27:00","h":"Est","s":"25N-H50N100F-90-F1"},{"r":"16","t":"11:27:00","h":"Est","s":"25N-H50N200F-90-F2"},{"r":"16","t":"11:27:00","h":"Est","s":"25N-H50N300F-90-F3"},{"r":"16","t":"11:27:00","h":"Est","s":"25N-H50N400F-90-F4"},{"r":"16","t":"11:27:00","h":"Est","s":"25N-H50NV10I-90-I"},{"r":"16","t":"11:27:00","h":"Est","s":"25N-H50NV20I-90-I"},{"r":"16","t":"11:27:00","h":"Est","s":"25S-H50S000I-81-I"},{"r":"16","t":"11:27:00","h":"Est","s":"25S-H50S100F-80-F1"},{"r":"16","t":"11:27:00","h":"Est","s":"25S-H50S200F-80-F2"},{"r":"16","t":"11:32:00","h":"Est","s":"25N-H50N000A-80-A"},{"r":"16","t":"11:32:00","h":"Est","s":"25N-H50N000A-90-A"},{"r":"16","t":"11:32:00","h":"Est","s":"25N-H50NV10A-90-A"},{"r":"16","t":"11:32:00","h":"Est","s":"25N-H50NV20A-90-A"},{"r":"16","t":"11:32:00","h":"Est","s":"25S-H50S000A-81-A"},{"r":"16","t":"11:54:00","h":"Est","s":"25N-H50N000S-80-S"},{"r":"16","t":"11:54:00","h":"Est","s":"25N-H50N000S-90-S"},{"r":"16","t":"11:54:00","h":"Est","s":"25N-H50NV10S-90-S"},{"r":"16","t":"11:54:00","h":"Est","s":"25N-H50NV20S-90-S"},{"r":"16","t":"11:54:00","h":"Est","s":"25S-H50S000S-81-S"},{"r":"16","t":"11:59:00","h":"Est","s":"25N-H50N000I-80-I"},{"r":"16","t":"11:59:00","h":"Est","s":"25N-H50N000I-90-I"},{"r":"16","t":"11:59:00","h":"Est","s":"25N-H50N100F-90-F1"},{"r":"16","t":"11:59:00","h":"Est","s":"25N-H50N200F-90-F2"},{"r":"16","t":"11:59:00","h":"Est","s":"25N-H50N300F-90-F3"},{"r":"16","t":"11:59:00","h":"Est","s":"25N-H50N400F-90-F4"},{"r":"16","t":"11:59:00","h":"Est","s":"25N-H50NV10I-90-I"},{"r":"16","t":"11:59:00","h":"Est","s":"25N-H50NV20I-90-I"},{"r":"16","t":"11:59:00","h":"Est","s":"25S-H50S000I-81-I"},{"r":"16","t":"11:59:00","h":"Est","s":"25S-H50S100F-80-F1"},{"r":"16","t":"11:59:00","h":"Est","s":"25S-H50S200F-80-F2"},{"r":"16","t":"12:00:00","h":"Est","s":"25N-H50N000A-80-A"},{"r":"16","t":"12:00:00","h":"Est","s":"25N-H50N000A-90-A"},{"r":"16","t":"12:00:00","h":"Est","s":"25N-H50NV10A-90-A"},{"r":"16","t":"12:00:00","h":"Est","s":"25N-H50NV20A-90-A"},{"r":"16","t":"12:00:00","h":"Est","s":"25S-H50S000A-81-A"},{"r":"16","t":"12:25:00","h":"Est","s":"25N-H50N000S-80-S"},{"r":"16","t":"12:25:00","h":"Est","s":"25N-H50N000S-90-S"},{"r":"16","t":"12:25:00","h":"Est","s":"25N-H50NV10S-90-S"},{"r":"16","t":"12:25:00","h":"Est","s":"25N-H50NV20S-90-S"},{"r":"16","t":"12:25:00","h":"Est","s":"25S-H50S000S-81-S"},{"r":"16","t":"12:30:00","h":"Est","s":"25N-H50N000A-80-A"},{"r":"16","t":"12:30:00","h":"Est","s":"25N-H50N000A-90-A"},{"r":"16","t":"12:30:00","h":"Est","s":"25N-H50NV10A-90-A"},{"r":"16","t":"12:30:00","h":"Est","s":"25N-H50NV20A-90-A"},{"r":"16","t":"12:30:00","h":"Est","s":"25S-H50S000A-81-A"},{"r":"16","t":"12:31:00","h":"Est","s":"25N-H50N000I-80-I"},{"r":"16","t":"12:31:00","h":"Est","s":"25N-H50N000I-90-I"},{"r":"16","t":"12:31:00","h":"Est","s":"25N-H50N100F-90-F1"},{"r":"16","t":"12:31:00","h":"Est","s":"25N-H50N200F-90-F2"},{"r":"16","t":"12:31:00","h":"Est","s":"25N-H50N300F-90-F3"},{"r":"16","t":"12:31:00","h":"Est","s":"25N-H50N400F-90-F4"},{"r":"16","t":"12:31:00","h":"Est","s":"25N-H50NV10I-90-I"},{"r":"16","t":"12:31:00","h":"Est","s":"25N-H50NV20I-90-I"},{"r":"16","t":"12:31:00","h":"Est","s":"25S-H50S000I-81-I"},{"r":"16","t":"12:31:00","h":"Est","s":"25S-H50S100F-80-F1"},{"r":"16","t":"12:31:00","h":"Est","s":"25S-H50S200F-80-F2"},{"r":"16","t":"12:55:00","h":"Est","s":"25N-H50N000S-80-S"},{"r":"16","t":"12:55:00","h":"Est","s":"25N-H50N000S-90-S"},{"r":"16","t":"12:55:00","h":"Est","s":"25N-H50NV10S-90-S"},{"r":"16","t":"12:55:00","h":"Est","s":"25N-H50NV20S-90-S"},{"r":"16","t":"12:55:00","h":"Est","s":"25S-H50S000S-81-S"},{"r":"16","t":"13:01:00","h":"Est","s":"25N-H50N000A-80-A"},{"r":"16","t":"13:01:00","h":"Est","s":"25N-H50N000A-90-A"},{"r":"16","t":"13:01:00","h":"Est","s":"25N-H50NV10A-90-A"},{"r":"16","t":"13:01:00","h":"Est","s":"25N-H50NV20A-90-A"},{"r":"16","t":"13:01:00","h":"Est","s":"25S-H50S000A-81-A"},{"r":"16","t":"13:03:00","h":"Est","s":"25N-H50N000I-80-I"},{"r":"16","t":"13:03:00","h":"Est","s":"25N-H50N000I-90-I"},{"r":"16","t":"13:03:00","h":"Est","s":"25N-H50N100F-90-F1"},{"r":"16","t":"13:03:00","h":"Est","s":"25N-H50N200F-90-F2"},{"r":"16","t":"13:03:00","h":"Est","s":"25N-H50N300F-90-F3"},{"r":"16","t":"13:03:00","h":"Est","s":"25N-H50N400F-90-F4"},{"r":"16","t":"13:03:00","h":"Est","s":"25N-H50NV10I-90-I"},{"r":"16","t":"13:03:00","h":"Est","s":"25N-H50NV20I-90-I"},{"r":"16","t":"13:03:00","h":"Est","s":"25S-H50S000I-81-I"},{"r":"16","t":"13:03:00","h":"Est","s":"25S-H50S100F-80-F1"},{"r":"16","t":"13:03:00","h":"Est","s":"25S-H50S200F-80-F2"},{"r":"16","t":"13:25:00","h":"Est","s":"25N-H50N000S-80-S"},{"r":"16","t":"13:25:00","h":"Est","s":"25N-H50N000S-90-S"},{"r":"16","t":"13:25:00","h":"Est","s":"25N-H50NV10S-90-S"},{"r":"16","t":"13:25:00","h":"Est","s":"25N-H50NV20S-90-S"},{"r":"16","t":"13:25:00","h":"Est","s":"25S-H50S000S-81-S"},{"r":"16","t":"13:30:00","h":"Est","s":"25N-H50N000A-80-A"},{"r":"16","t":"13:30:00","h":"Est","s":"25N-H50N000A-90-A"},{"r":"16","t":"13:30:00","h":"Est","s":"25N-H50NV10A-90-A"},{"r":"16","t":"13:30:00","h":"Est","s":"25N-H50NV20A-90-A"},{"r":"16","t":"13:30:00","h":"Est","s":"25S-H50S000A-81-A"},{"r":"16","t":"13:35:00","h":"Est","s":"25N-H50N000I-80-I"},{"r":"16","t":"13:35:00","h":"Est","s":"25N-H50N000I-90-I"},{"r":"16","t":"13:35:00","h":"Est","s":"25N-H50N100F-90-F1"},{"r":"16","t":"13:35:00","h":"Est","s":"25N-H50N200F-90-F2"},{"r":"16","t":"13:35:00","h":"Est","s":"25N-H50N300F-90-F3"},{"r":"16","t":"13:35:00","h":"Est","s":"25N-H50N400F-90-F4"},{"r":"16","t":"13:35:00","h":"Est","s":"25N-H50NV10I-90-I"},{"r":"16","t":"13:35:00","h":"Est","s":"25N-H50NV20I-90-I"},{"r":"16","t":"13:35:00","h":"Est","s":"25S-H50S000I-81-I"},{"r":"16","t":"13:35:00","h":"Est","s":"25S-H50S100F-80-F1"},{"r":"16","t":"13:35:00","h":"Est","s":"25S-H50S200F-80-F2"},{"r":"16","t":"13:56:00","h":"Est","s":"25N-H50N000S-80-S"},{"r":"16","t":"13:56:00","h":"Est","s":"25N-H50N000S-90-S"},{"r":"16","t":"13:56:00","h":"Est","s":"25N-H50NV10S-90-S"},{"r":"16","t":"13:56:00","h":"Est","s":"25N-H50NV20S-90-S"},{"r":"16","t":"13:56:00","h":"Est","s":"25S-H50S000S-81-S"},{"r":"16","t":"14:00:00","h":"Est","s":"25N-H50N000A-80-A"},{"r":"16","t":"14:00:00","h":"Est","s":"25N-H50N000A-90-A"},{"r":"16","t":"14:00:00","h":"Est","s":"25N-H50NV10A-90-A"},{"r":"16","t":"14:00:00","h":"Est","s":"25N-H50NV20A-90-A"},{"r":"16","t":"14:00:00","h":"Est","s":"25S-H50S000A-81-A"},{"r":"16","t":"14:04:00","h":"Est","s":"25N-H50N000I-80-I"},{"r":"16","t":"14:04:00","h":"Est","s":"25N-H50N000I-90-I"},{"r":"16","t":"14:04:00","h":"Est","s":"25N-H50N100F-90-F1"},{"r":"16","t":"14:04:00","h":"Est","s":"25N-H50N200F-90-F2"},{"r":"16","t":"14:04:00","h":"Est","s":"25N-H50N300F-90-F3"},{"r":"16","t":"14:04:00","h":"Est","s":"25N-H50N400F-90-F4"},{"r":"16","t":"14:04:00","h":"Est","s":"25N-H50NV10I-90-I"},{"r":"16","t":"14:04:00","h":"Est","s":"25N-H50NV20I-90-I"},{"r":"16","t":"14:04:00","h":"Est","s":"25S-H50S000I-81-I"},{"r":"16","t":"14:04:00","h":"Est","s":"25S-H50S100F-80-F1"},{"r":"16","t":"14:04:00","h":"Est","s":"25S-H50S200F-80-F2"},{"r":"16","t":"14:27:00","h":"Est","s":"25N-H50N000S-80-S"},{"r":"16","t":"14:27:00","h":"Est","s":"25N-H50N000S-90-S"},{"r":"16","t":"14:27:00","h":"Est","s":"25N-H50NV10S-90-S"},{"r":"16","t":"14:27:00","h":"Est","s":"25N-H50NV20S-90-S"},{"r":"16","t":"14:27:00","h":"Est","s":"25S-H50S000S-81-S"},{"r":"16","t":"14:30:00","h":"Est","s":"25N-H50N000A-80-A"},{"r":"16","t":"14:30:00","h":"Est","s":"25N-H50N000A-90-A"},{"r":"16","t":"14:30:00","h":"Est","s":"25N-H50NV10A-90-A"},{"r":"16","t":"14:30:00","h":"Est","s":"25N-H50NV20A-90-A"},{"r":"16","t":"14:30:00","h":"Est","s":"25S-H50S000A-81-A"},{"r":"16","t":"14:31:00","h":"Est","s":"25N-H50N000I-80-I"},{"r":"16","t":"14:31:00","h":"Est","s":"25N-H50N000I-90-I"},{"r":"16","t":"14:31:00","h":"Est","s":"25N-H50N100F-90-F1"},{"r":"16","t":"14:31:00","h":"Est","s":"25N-H50N200F-90-F2"},{"r":"16","t":"14:31:00","h":"Est","s":"25N-H50N300F-90-F3"},{"r":"16","t":"14:31:00","h":"Est","s":"25N-H50N400F-90-F4"},{"r":"16","t":"14:31:00","h":"Est","s":"25N-H50NV10I-90-I"},{"r":"16","t":"14:31:00","h":"Est","s":"25N-H50NV20I-90-I"},{"r":"16","t":"14:31:00","h":"Est","s":"25S-H50S000I-81-I"},{"r":"16","t":"14:31:00","h":"Est","s":"25S-H50S100F-80-F1"},{"r":"16","t":"14:31:00","h":"Est","s":"25S-H50S200F-80-F2"},{"r":"16","t":"14:57:00","h":"Est","s":"25N-H50N000I-80-I"},{"r":"16","t":"14:57:00","h":"Est","s":"25N-H50N000I-90-I"},{"r":"16","t":"14:57:00","h":"Est","s":"25N-H50N100F-90-F1"},{"r":"16","t":"14:57:00","h":"Est","s":"25N-H50N200F-90-F2"},{"r":"16","t":"14:57:00","h":"Est","s":"25N-H50N300F-90-F3"},{"r":"16","t":"14:57:00","h":"Est","s":"25N-H50N400F-90-F4"},{"r":"16","t":"14:57:00","h":"Est","s":"25N-H50NV10I-90-I"},{"r":"16","t":"14:57:00","h":"Est","s":"25N-H50NV20I-90-I"},{"r":"16","t":"14:57:00","h":"Est","s":"25S-H50S000I-81-I"},{"r":"16","t":"14:57:00","h":"Est","s":"25S-H50S100F-80-F1"},{"r":"16","t":"14:57:00","h":"Est","s":"25S-H50S200F-80-F2"},{"r":"16","t":"14:59:00","h":"Est","s":"25N-H50N000S-80-S"},{"r":"16","t":"14:59:00","h":"Est","s":"25N-H50N000S-90-S"},{"r":"16","t":"14:59:00","h":"Est","s":"25N-H50NV10S-90-S"},{"r":"16","t":"14:59:00","h":"Est","s":"25N-H50NV20S-90-S"},{"r":"16","t":"14:59:00","h":"Est","s":"25S-H50S000S-81-S"},{"r":"16","t":"15:00:00","h":"Est","s":"25N-H50N000A-80-A"},{"r":"16","t":"15:00:00","h":"Est","s":"25N-H50N000A-90-A"},{"r":"16","t":"15:00:00","h":"Est","s":"25N-H50NV10A-90-A"},{"r":"16","t":"15:00:00","h":"Est","s":"25N-H50NV20A-90-A"},{"r":"16","t":"15:00:00","h":"Est","s":"25S-H50S000A-81-A"},{"r":"16","t":"15:23:00","h":"Est","s":"25N-H50N000I-80-I"},{"r":"16","t":"15:23:00","h":"Est","s":"25N-H50N000I-90-I"},{"r":"16","t":"15:23:00","h":"Est","s":"25N-H50N100F-90-F1"},{"r":"16","t":"15:23:00","h":"Est","s":"25N-H50N200F-90-F2"},{"r":"16","t":"15:23:00","h":"Est","s":"25N-H50N300F-90-F3"},{"r":"16","t":"15:23:00","h":"Est","s":"25N-H50N400F-90-F4"},{"r":"16","t":"15:23:00","h":"Est","s":"25N-H50NV10I-90-I"},{"r":"16","t":"15:23:00","h":"Est","s":"25N-H50NV20I-90-I"},{"r":"16","t":"15:23:00","h":"Est","s":"25S-H50S000I-81-I"},{"r":"16","t":"15:23:00","h":"Est","s":"25S-H50S100F-80-F1"},{"r":"16","t":"15:23:00","h":"Est","s":"25S-H50S200F-80-F2"},{"r":"16","t":"15:30:00","h":"Est","s":"25N-H50N000A-80-A"},{"r":"16","t":"15:30:00","h":"Est","s":"25N-H50N000A-90-A"},{"r":"16","t":"15:30:00","h":"Est","s":"25N-H50NV10A-90-A"},{"r":"16","t":"15:30:00","h":"Est","s":"25N-H50NV20A-90-A"},{"r":"16","t":"15:30:00","h":"Est","s":"25S-H50S000A-81-A"},{"r":"16","t":"15:31:00","h":"Est","s":"25N-H50N000S-80-S"},{"r":"16","t":"15:31:00","h":"Est","s":"25N-H50N000S-90-S"},{"r":"16","t":"15:31:00","h":"Est","s":"25N-H50NV10S-90-S"},{"r":"16","t":"15:31:00","h":"Est","s":"25N-H50NV20S-90-S"},{"r":"16","t":"15:31:00","h":"Est","s":"25S-H50S000S-81-S"},{"r":"16","t":"15:49:00","h":"Est","s":"25N-H50N000I-80-I"},{"r":"16","t":"15:49:00","h":"Est","s":"25N-H50N000I-90-I"},{"r":"16","t":"15:49:00","h":"Est","s":"25N-H50N100F-90-F1"},{"r":"16","t":"15:49:00","h":"Est","s":"25N-H50N200F-90-F2"},{"r":"16","t":"15:49:00","h":"Est","s":"25N-H50N300F-90-F3"},{"r":"16","t":"15:49:00","h":"Est","s":"25N-H50N400F-90-F4"},{"r":"16","t":"15:49:00","h":"Est","s":"25N-H50NV10I-90-I"},{"r":"16","t":"15:49:00","h":"Est","s":"25N-H50NV20I-90-I"},{"r":"16","t":"15:49:00","h":"Est","s":"25S-H50S000I-81-I"},{"r":"16","t":"15:49:00","h":"Est","s":"25S-H50S100F-80-F1"},{"r":"16","t":"15:49:00","h":"Est","s":"25S-H50S200F-80-F2"},{"r":"16","t":"16:00:00","h":"Est","s":"25N-H50N000A-80-A"},{"r":"16","t":"16:00:00","h":"Est","s":"25N-H50N000A-90-A"},{"r":"16","t":"16:00:00","h":"Est","s":"25N-H50NV10A-90-A"},{"r":"16","t":"16:00:00","h":"Est","s":"25N-H50NV20A-90-A"},{"r":"16","t":"16:00:00","h":"Est","s":"25S-H50S000A-81-A"},{"r":"16","t":"16:06:00","h":"Est","s":"25N-H50N000S-80-S"},{"r":"16","t":"16:06:00","h":"Est","s":"25N-H50N000S-90-S"},{"r":"16","t":"16:06:00","h":"Est","s":"25N-H50NV10S-90-S"},{"r":"16","t":"16:06:00","h":"Est","s":"25N-H50NV20S-90-S"},{"r":"16","t":"16:06:00","h":"Est","s":"25S-H50S000S-81-S"},{"r":"16","t":"16:16:00","h":"Est","s":"25N-H50N000I-80-I"},{"r":"16","t":"16:16:00","h":"Est","s":"25N-H50N000I-90-I"},{"r":"16","t":"16:16:00","h":"Est","s":"25N-H50N100F-90-F1"},{"r":"16","t":"16:16:00","h":"Est","s":"25N-H50N200F-90-F2"},{"r":"16","t":"16:16:00","h":"Est","s":"25N-H50N300F-90-F3"},{"r":"16","t":"16:16:00","h":"Est","s":"25N-H50N400F-90-F4"},{"r":"16","t":"16:16:00","h":"Est","s":"25N-H50NV10I-90-I"},{"r":"16","t":"16:16:00","h":"Est","s":"25N-H50NV20I-90-I"},{"r":"16","t":"16:16:00","h":"Est","s":"25S-H50S000I-81-I"},{"r":"16","t":"16:16:00","h":"Est","s":"25S-H50S100F-80-F1"},{"r":"16","t":"16:16:00","h":"Est","s":"25S-H50S200F-80-F2"},{"r":"16","t":"16:30:00","h":"Est","s":"25N-H50N000A-80-A"},{"r":"16","t":"16:30:00","h":"Est","s":"25N-H50N000A-90-A"},{"r":"16","t":"16:30:00","h":"Est","s":"25N-H50NV10A-90-A"},{"r":"16","t":"16:30:00","h":"Est","s":"25N-H50NV20A-90-A"},{"r":"16","t":"16:30:00","h":"Est","s":"25S-H50S000A-81-A"},{"r":"16","t":"16:42:00","h":"Est","s":"25N-H50N000S-80-S"},{"r":"16","t":"16:42:00","h":"Est","s":"25N-H50N000S-90-S"},{"r":"16","t":"16:42:00","h":"Est","s":"25N-H50NV10S-90-S"},{"r":"16","t":"16:42:00","h":"Est","s":"25N-H50NV20S-90-S"},{"r":"16","t":"16:42:00","h":"Est","s":"25S-H50S000S-81-S"},{"r":"16","t":"16:44:00","h":"Est","s":"25N-H50N000I-80-I"},{"r":"16","t":"16:44:00","h":"Est","s":"25N-H50N000I-90-I"},{"r":"16","t":"16:44:00","h":"Est","s":"25N-H50N100F-90-F1"},{"r":"16","t":"16:44:00","h":"Est","s":"25N-H50N200F-90-F2"},{"r":"16","t":"16:44:00","h":"Est","s":"25N-H50N300F-90-F3"},{"r":"16","t":"16:44:00","h":"Est","s":"25N-H50N400F-90-F4"},{"r":"16","t":"16:44:00","h":"Est","s":"25N-H50NV10I-90-I"},{"r":"16","t":"16:44:00","h":"Est","s":"25N-H50NV20I-90-I"},{"r":"16","t":"16:44:00","h":"Est","s":"25S-H50S000I-81-I"},{"r":"16","t":"16:44:00","h":"Est","s":"25S-H50S100F-80-F1"},{"r":"16","t":"16:44:00","h":"Est","s":"25S-H50S200F-80-F2"},{"r":"16","t":"16:59:00","h":"Est","s":"25N-H50N000A-80-A"},{"r":"16","t":"16:59:00","h":"Est","s":"25N-H50N000A-90-A"},{"r":"16","t":"16:59:00","h":"Est","s":"25N-H50NV10A-90-A"},{"r":"16","t":"16:59:00","h":"Est","s":"25N-H50NV20A-90-A"},{"r":"16","t":"16:59:00","h":"Est","s":"25S-H50S000A-81-A"},{"r":"16","t":"17:12:00","h":"Est","s":"25N-H50N000I-80-I"},{"r":"16","t":"17:12:00","h":"Est","s":"25N-H50N000I-90-I"},{"r":"16","t":"17:12:00","h":"Est","s":"25N-H50N100F-90-F1"},{"r":"16","t":"17:12:00","h":"Est","s":"25N-H50N200F-90-F2"},{"r":"16","t":"17:12:00","h":"Est","s":"25N-H50N300F-90-F3"},{"r":"16","t":"17:12:00","h":"Est","s":"25N-H50N400F-90-F4"},{"r":"16","t":"17:12:00","h":"Est","s":"25N-H50NV10I-90-I"},{"r":"16","t":"17:12:00","h":"Est","s":"25N-H50NV20I-90-I"},{"r":"16","t":"17:12:00","h":"Est","s":"25S-H50S000I-81-I"},{"r":"16","t":"17:12:00","h":"Est","s":"25S-H50S100F-80-F1"},{"r":"16","t":"17:12:00","h":"Est","s":"25S-H50S200F-80-F2"},{"r":"16","t":"17:16:00","h":"Est","s":"25N-H50N000S-80-S"},{"r":"16","t":"17:16:00","h":"Est","s":"25N-H50N000S-90-S"},{"r":"16","t":"17:16:00","h":"Est","s":"25N-H50NV10S-90-S"},{"r":"16","t":"17:16:00","h":"Est","s":"25N-H50NV20S-90-S"},{"r":"16","t":"17:16:00","h":"Est","s":"25S-H50S000S-81-S"},{"r":"16","t":"17:32:00","h":"Est","s":"25N-H50N000A-80-A"},{"r":"16","t":"17:32:00","h":"Est","s":"25N-H50N000A-90-A"},{"r":"16","t":"17:32:00","h":"Est","s":"25N-H50NV10A-90-A"},{"r":"16","t":"17:32:00","h":"Est","s":"25N-H50NV20A-90-A"},{"r":"16","t":"17:32:00","h":"Est","s":"25S-H50S000A-81-A"},{"r":"16","t":"17:40:00","h":"Est","s":"25N-H50N000I-80-I"},{"r":"16","t":"17:40:00","h":"Est","s":"25N-H50N000I-90-I"},{"r":"16","t":"17:40:00","h":"Est","s":"25N-H50N100F-90-F1"},{"r":"16","t":"17:40:00","h":"Est","s":"25N-H50N200F-90-F2"},{"r":"16","t":"17:40:00","h":"Est","s":"25N-H50N300F-90-F3"},{"r":"16","t":"17:40:00","h":"Est","s":"25N-H50N400F-90-F4"},{"r":"16","t":"17:40:00","h":"Est","s":"25N-H50NV10I-90-I"},{"r":"16","t":"17:40:00","h":"Est","s":"25N-H50NV20I-90-I"},{"r":"16","t":"17:40:00","h":"Est","s":"25S-H50S000I-81-I"},{"r":"16","t":"17:40:00","h":"Est","s":"25S-H50S100F-80-F1"},{"r":"16","t":"17:40:00","h":"Est","s":"25S-H50S200F-80-F2"},{"r":"16","t":"17:47:00","h":"Est","s":"25N-H50N000S-80-S"},{"r":"16","t":"17:47:00","h":"Est","s":"25N-H50N000S-90-S"},{"r":"16","t":"17:47:00","h":"Est","s":"25N-H50NV10S-90-S"},{"r":"16","t":"17:47:00","h":"Est","s":"25N-H50NV20S-90-S"},{"r":"16","t":"17:47:00","h":"Est","s":"25S-H50S000S-81-S"},{"r":"16","t":"17:58:00","h":"Est","s":"25N-H50N000A-80-A"},{"r":"16","t":"17:58:00","h":"Est","s":"25N-H50N000A-90-A"},{"r":"16","t":"17:58:00","h":"Est","s":"25N-H50NV10A-90-A"},{"r":"16","t":"17:58:00","h":"Est","s":"25N-H50NV20A-90-A"},{"r":"16","t":"17:58:00","h":"Est","s":"25S-H50S000A-81-A"},{"r":"16","t":"18:07:00","h":"Est","s":"25N-H50N000I-80-I"},{"r":"16","t":"18:07:00","h":"Est","s":"25N-H50N000I-90-I"},{"r":"16","t":"18:07:00","h":"Est","s":"25N-H50N100F-90-F1"},{"r":"16","t":"18:07:00","h":"Est","s":"25N-H50N200F-90-F2"},{"r":"16","t":"18:07:00","h":"Est","s":"25N-H50N300F-90-F3"},{"r":"16","t":"18:07:00","h":"Est","s":"25N-H50N400F-90-F4"},{"r":"16","t":"18:07:00","h":"Est","s":"25N-H50NV10I-90-I"},{"r":"16","t":"18:07:00","h":"Est","s":"25N-H50NV20I-90-I"},{"r":"16","t":"18:07:00","h":"Est","s":"25S-H50S000I-81-I"},{"r":"16","t":"18:07:00","h":"Est","s":"25S-H50S100F-80-F1"},{"r":"16","t":"18:07:00","h":"Est","s":"25S-H50S200F-80-F2"},{"r":"16","t":"18:18:00","h":"Est","s":"25N-H50N000S-80-S"},{"r":"16","t":"18:18:00","h":"Est","s":"25N-H50N000S-90-S"},{"r":"16","t":"18:18:00","h":"Est","s":"25N-H50NV10S-90-S"},{"r":"16","t":"18:18:00","h":"Est","s":"25N-H50NV20S-90-S"},{"r":"16","t":"18:18:00","h":"Est","s":"25S-H50S000S-81-S"},{"r":"16","t":"18:26:00","h":"Est","s":"25N-H50N000A-80-A"},{"r":"16","t":"18:26:00","h":"Est","s":"25N-H50N000A-90-A"},{"r":"16","t":"18:26:00","h":"Est","s":"25N-H50NV10A-90-A"},{"r":"16","t":"18:26:00","h":"Est","s":"25N-H50NV20A-90-A"},{"r":"16","t":"18:26:00","h":"Est","s":"25S-H50S000A-81-A"},{"r":"16","t":"18:31:00","h":"Est","s":"25N-H50N000I-80-I"},{"r":"16","t":"18:31:00","h":"Est","s":"25N-H50N000I-90-I"},{"r":"16","t":"18:31:00","h":"Est","s":"25N-H50N100F-90-F1"},{"r":"16","t":"18:31:00","h":"Est","s":"25N-H50N200F-90-F2"},{"r":"16","t":"18:31:00","h":"Est","s":"25N-H50N300F-90-F3"},{"r":"16","t":"18:31:00","h":"Est","s":"25N-H50N400F-90-F4"},{"r":"16","t":"18:31:00","h":"Est","s":"25N-H50NV10I-90-I"},{"r":"16","t":"18:31:00","h":"Est","s":"25N-H50NV20I-90-I"},{"r":"16","t":"18:31:00","h":"Est","s":"25S-H50S000I-81-I"},{"r":"16","t":"18:31:00","h":"Est","s":"25S-H50S100F-80-F1"},{"r":"16","t":"18:31:00","h":"Est","s":"25S-H50S200F-80-F2"},{"r":"16","t":"18:47:00","h":"Est","s":"25N-H50N000S-80-S"},{"r":"16","t":"18:47:00","h":"Est","s":"25N-H50N000S-90-S"},{"r":"16","t":"18:47:00","h":"Est","s":"25N-H50NV10S-90-S"},{"r":"16","t":"18:47:00","h":"Est","s":"25N-H50NV20S-90-S"},{"r":"16","t":"18:47:00","h":"Est","s":"25S-H50S000S-81-S"},{"r":"16","t":"18:56:00","h":"Est","s":"25N-H50N000A-80-A"},{"r":"16","t":"18:56:00","h":"Est","s":"25N-H50N000A-90-A"},{"r":"16","t":"18:56:00","h":"Est","s":"25N-H50NV10A-90-A"},{"r":"16","t":"18:56:00","h":"Est","s":"25N-H50NV20A-90-A"},{"r":"16","t":"18:56:00","h":"Est","s":"25S-H50S000A-81-A"},{"r":"16","t":"18:58:00","h":"Est","s":"25N-H50N000I-80-I"},{"r":"16","t":"18:58:00","h":"Est","s":"25N-H50N000I-90-I"},{"r":"16","t":"18:58:00","h":"Est","s":"25N-H50N100F-90-F1"},{"r":"16","t":"18:58:00","h":"Est","s":"25N-H50N200F-90-F2"},{"r":"16","t":"18:58:00","h":"Est","s":"25N-H50N300F-90-F3"},{"r":"16","t":"18:58:00","h":"Est","s":"25N-H50N400F-90-F4"},{"r":"16","t":"18:58:00","h":"Est","s":"25N-H50NV10I-90-I"},{"r":"16","t":"18:58:00","h":"Est","s":"25N-H50NV20I-90-I"},{"r":"16","t":"18:58:00","h":"Est","s":"25S-H50S000I-81-I"},{"r":"16","t":"18:58:00","h":"Est","s":"25S-H50S100F-80-F1"},{"r":"16","t":"18:58:00","h":"Est","s":"25S-H50S200F-80-F2"},{"r":"16","t":"19:15:00","h":"Est","s":"25N-H50N000S-80-S"},{"r":"16","t":"19:15:00","h":"Est","s":"25N-H50N000S-90-S"},{"r":"16","t":"19:15:00","h":"Est","s":"25N-H50NV10S-90-S"},{"r":"16","t":"19:15:00","h":"Est","s":"25N-H50NV20S-90-S"},{"r":"16","t":"19:15:00","h":"Est","s":"25S-H50S000S-81-S"},{"r":"16","t":"19:28:00","h":"Est","s":"25N-H50N000I-80-I"},{"r":"16","t":"19:28:00","h":"Est","s":"25N-H50N000I-90-I"},{"r":"16","t":"19:28:00","h":"Est","s":"25N-H50N100F-90-F1"},{"r":"16","t":"19:28:00","h":"Est","s":"25N-H50N200F-90-F2"},{"r":"16","t":"19:28:00","h":"Est","s":"25N-H50N300F-90-F3"},{"r":"16","t":"19:28:00","h":"Est","s":"25N-H50N400F-90-F4"},{"r":"16","t":"19:28:00","h":"Est","s":"25N-H50NV10I-90-I"},{"r":"16","t":"19:28:00","h":"Est","s":"25N-H50NV20I-90-I"},{"r":"16","t":"19:28:00","h":"Est","s":"25S-H50S000I-81-I"},{"r":"16","t":"19:28:00","h":"Est","s":"25S-H50S100F-80-F1"},{"r":"16","t":"19:28:00","h":"Est","s":"25S-H50S200F-80-F2"},{"r":"16","t":"19:29:00","h":"Est","s":"25N-H50N000A-80-A"},{"r":"16","t":"19:29:00","h":"Est","s":"25N-H50N000A-90-A"},{"r":"16","t":"19:29:00","h":"Est","s":"25N-H50NV10A-90-A"},{"r":"16","t":"19:29:00","h":"Est","s":"25N-H50NV20A-90-A"},{"r":"16","t":"19:29:00","h":"Est","s":"25S-H50S000A-81-A"},{"r":"16","t":"19:48:00","h":"Est","s":"25N-H50N000S-80-S"},{"r":"16","t":"19:48:00","h":"Est","s":"25N-H50N000S-90-S"},{"r":"16","t":"19:48:00","h":"Est","s":"25N-H50NV10S-90-S"},{"r":"16","t":"19:48:00","h":"Est","s":"25N-H50NV20S-90-S"},{"r":"16","t":"19:48:00","h":"Est","s":"25S-H50S000S-81-S"},{"r":"16","t":"19:58:00","h":"Est","s":"25N-H50N000I-80-I"},{"r":"16","t":"19:58:00","h":"Est","s":"25N-H50N000I-90-I"},{"r":"16","t":"19:58:00","h":"Est","s":"25N-H50N100F-90-F1"},{"r":"16","t":"19:58:00","h":"Est","s":"25N-H50N200F-90-F2"},{"r":"16","t":"19:58:00","h":"Est","s":"25N-H50N300F-90-F3"},{"r":"16","t":"19:58:00","h":"Est","s":"25N-H50N400F-90-F4"},{"r":"16","t":"19:58:00","h":"Est","s":"25N-H50NV10I-90-I"},{"r":"16","t":"19:58:00","h":"Est","s":"25N-H50NV20I-90-I"},{"r":"16","t":"19:58:00","h":"Est","s":"25S-H50S000I-81-I"},{"r":"16","t":"19:58:00","h":"Est","s":"25S-H50S100F-80-F1"},{"r":"16","t":"19:58:00","h":"Est","s":"25S-H50S200F-80-F2"},{"r":"16","t":"19:59:00","h":"Est","s":"25N-H50N000A-80-A"},{"r":"16","t":"19:59:00","h":"Est","s":"25N-H50N000A-90-A"},{"r":"16","t":"19:59:00","h":"Est","s":"25N-H50NV10A-90-A"},{"r":"16","t":"19:59:00","h":"Est","s":"25N-H50NV20A-90-A"},{"r":"16","t":"19:59:00","h":"Est","s":"25S-H50S000A-81-A"},{"r":"16","t":"20:18:00","h":"Est","s":"25N-H50N000S-80-S"},{"r":"16","t":"20:18:00","h":"Est","s":"25N-H50N000S-90-S"},{"r":"16","t":"20:18:00","h":"Est","s":"25N-H50NV10S-90-S"},{"r":"16","t":"20:18:00","h":"Est","s":"25N-H50NV20S-90-S"},{"r":"16","t":"20:18:00","h":"Est","s":"25S-H50S000S-81-S"},{"r":"16","t":"20:28:00","h":"Est","s":"25N-H50N000I-80-I"},{"r":"16","t":"20:28:00","h":"Est","s":"25N-H50N000I-90-I"},{"r":"16","t":"20:28:00","h":"Est","s":"25N-H50N100F-90-F1"},{"r":"16","t":"20:28:00","h":"Est","s":"25N-H50N200F-90-F2"},{"r":"16","t":"20:28:00","h":"Est","s":"25N-H50N300F-90-F3"},{"r":"16","t":"20:28:00","h":"Est","s":"25N-H50N400F-90-F4"},{"r":"16","t":"20:28:00","h":"Est","s":"25N-H50NV10I-90-I"},{"r":"16","t":"20:28:00","h":"Est","s":"25N-H50NV20I-90-I"},{"r":"16","t":"20:28:00","h":"Est","s":"25S-H50S000I-81-I"},{"r":"16","t":"20:28:00","h":"Est","s":"25S-H50S100F-80-F1"},{"r":"16","t":"20:28:00","h":"Est","s":"25S-H50S200F-80-F2"},{"r":"16","t":"20:29:00","h":"Est","s":"25N-H50N000A-80-A"},{"r":"16","t":"20:29:00","h":"Est","s":"25N-H50N000A-90-A"},{"r":"16","t":"20:29:00","h":"Est","s":"25N-H50NV10A-90-A"},{"r":"16","t":"20:29:00","h":"Est","s":"25N-H50NV20A-90-A"},{"r":"16","t":"20:29:00","h":"Est","s":"25S-H50S000A-81-A"},{"r":"16","t":"20:50:00","h":"Est","s":"25N-H50N000S-80-S"},{"r":"16","t":"20:50:00","h":"Est","s":"25N-H50N000S-90-S"},{"r":"16","t":"20:50:00","h":"Est","s":"25N-H50NV10S-90-S"},{"r":"16","t":"20:50:00","h":"Est","s":"25N-H50NV20S-90-S"},{"r":"16","t":"20:50:00","h":"Est","s":"25S-H50S000S-81-S"},{"r":"16","t":"20:57:00","h":"Est","s":"25N-H50N000I-80-I"},{"r":"16","t":"20:57:00","h":"Est","s":"25N-H50N000I-90-I"},{"r":"16","t":"20:57:00","h":"Est","s":"25N-H50N100F-90-F1"},{"r":"16","t":"20:57:00","h":"Est","s":"25N-H50N200F-90-F2"},{"r":"16","t":"20:57:00","h":"Est","s":"25N-H50N300F-90-F3"},{"r":"16","t":"20:57:00","h":"Est","s":"25N-H50N400F-90-F4"},{"r":"16","t":"20:57:00","h":"Est","s":"25N-H50NV10I-90-I"},{"r":"16","t":"20:57:00","h":"Est","s":"25N-H50NV20I-90-I"},{"r":"16","t":"20:57:00","h":"Est","s":"25S-H50S000I-81-I"},{"r":"16","t":"20:57:00","h":"Est","s":"25S-H50S100F-80-F1"},{"r":"16","t":"20:57:00","h":"Est","s":"25S-H50S200F-80-F2"},{"r":"16","t":"20:59:00","h":"Est","s":"25N-H50N000A-80-A"},{"r":"16","t":"20:59:00","h":"Est","s":"25N-H50N000A-90-A"},{"r":"16","t":"20:59:00","h":"Est","s":"25N-H50NV10A-90-A"},{"r":"16","t":"20:59:00","h":"Est","s":"25N-H50NV20A-90-A"},{"r":"16","t":"20:59:00","h":"Est","s":"25S-H50S000A-81-A"},{"r":"16","t":"21:22:00","h":"Est","s":"25N-H50N000S-80-S"},{"r":"16","t":"21:22:00","h":"Est","s":"25N-H50N000S-90-S"},{"r":"16","t":"21:22:00","h":"Est","s":"25N-H50NV10S-90-S"},{"r":"16","t":"21:22:00","h":"Est","s":"25N-H50NV20S-90-S"},{"r":"16","t":"21:22:00","h":"Est","s":"25S-H50S000S-81-S"},{"r":"16","t":"21:27:00","h":"Est","s":"25N-H50N000A-80-A"},{"r":"16","t":"21:27:00","h":"Est","s":"25N-H50N000A-90-A"},{"r":"16","t":"21:27:00","h":"Est","s":"25N-H50N000I-80-I"},{"r":"16","t":"21:27:00","h":"Est","s":"25N-H50N000I-90-I"},{"r":"16","t":"21:27:00","h":"Est","s":"25N-H50N100F-90-F1"},{"r":"16","t":"21:27:00","h":"Est","s":"25N-H50N200F-90-F2"},{"r":"16","t":"21:27:00","h":"Est","s":"25N-H50N300F-90-F3"},{"r":"16","t":"21:27:00","h":"Est","s":"25N-H50N400F-90-F4"},{"r":"16","t":"21:27:00","h":"Est","s":"25N-H50NV10A-90-A"},{"r":"16","t":"21:27:00","h":"Est","s":"25N-H50NV10I-90-I"},{"r":"16","t":"21:27:00","h":"Est","s":"25N-H50NV20A-90-A"},{"r":"16","t":"21:27:00","h":"Est","s":"25N-H50NV20I-90-I"},{"r":"16","t":"21:27:00","h":"Est","s":"25S-H50S000A-81-A"},{"r":"16","t":"21:27:00","h":"Est","s":"25S-H50S000I-81-I"},{"r":"16","t":"21:27:00","h":"Est","s":"25S-H50S100F-80-F1"},{"r":"16","t":"21:27:00","h":"Est","s":"25S-H50S200F-80-F2"},{"r":"16","t":"21:54:00","h":"Est","s":"25N-H50N000S-80-S"},{"r":"16","t":"21:54:00","h":"Est","s":"25N-H50N000S-90-S"},{"r":"16","t":"21:54:00","h":"Est","s":"25N-H50NV10S-90-S"},{"r":"16","t":"21:54:00","h":"Est","s":"25N-H50NV20S-90-S"},{"r":"16","t":"21:54:00","h":"Est","s":"25S-H50S000S-81-S"},{"r":"16","t":"21:56:00","h":"Est","s":"25N-H50N000A-80-A"},{"r":"16","t":"21:56:00","h":"Est","s":"25N-H50N000A-90-A"},{"r":"16","t":"21:56:00","h":"Est","s":"25N-H50N000I-80-I"},{"r":"16","t":"21:56:00","h":"Est","s":"25N-H50N000I-90-I"},{"r":"16","t":"21:56:00","h":"Est","s":"25N-H50N100F-90-F1"},{"r":"16","t":"21:56:00","h":"Est","s":"25N-H50N200F-90-F2"},{"r":"16","t":"21:56:00","h":"Est","s":"25N-H50N300F-90-F3"},{"r":"16","t":"21:56:00","h":"Est","s":"25N-H50N400F-90-F4"},{"r":"16","t":"21:56:00","h":"Est","s":"25N-H50NV10A-90-A"},{"r":"16","t":"21:56:00","h":"Est","s":"25N-H50NV10I-90-I"},{"r":"16","t":"21:56:00","h":"Est","s":"25N-H50NV20A-90-A"},{"r":"16","t":"21:56:00","h":"Est","s":"25N-H50NV20I-90-I"},{"r":"16","t":"21:56:00","h":"Est","s":"25S-H50S000A-81-A"},{"r":"16","t":"21:56:00","h":"Est","s":"25S-H50S000I-81-I"},{"r":"16","t":"21:56:00","h":"Est","s":"25S-H50S100F-80-F1"},{"r":"16","t":"21:56:00","h":"Est","s":"25S-H50S200F-80-F2"}]