[{"r":"93","t":"05:26:00","h":"Est","s":"25N-H50N000A-80-A"},{"r":"93","t":"05:26:00","h":"Est","s":"25N-H50N000A-90-A"},{"r":"93","t":"05:26:00","h":"Est","s":"25N-H50NV10A-90-A"},{"r":"93","t":"05:26:00","h":"Est","s":"25N-H50NV20A-90-A"},{"r":"93","t":"05:26:00","h":"Est","s":"25S-H50S000A-81-A"},{"r":"93","t":"05:27:00","h":"Est","s":"25N-H50N000S-80-S"},{"r":"93","t":"05:27:00","h":"Est","s":"25N-H50N000S-90-S"},{"r":"93","t":"05:27:00","h":"Est","s":"25N-H50NV10S-90-S"},{"r":"93","t":"05:27:00","h":"Est","s":"25N-H50NV20S-90-S"},{"r":"93","t":"05:27:00","h":"Est","s":"25S-H50S000S-81-S"},{"r":"93","t":"05:45:00","h":"Est","s":"25N-H50N000I-80-I"},{"r":"93","t":"05:45:00","h":"Est","s":"25N-H50N000I-90-I"},{"r":"93","t":"05:45:00","h":"Est","s":"25N-H50N100F-90-F1"},{"r":"93","t":"05:45:00","h":"Est","s":"25N-H50N200F-90-F2"},{"r":"93","t":"05:45:00","h":"Est","s":"25N-H50N300F-90-F3"},{"r":"93","t":"05:45:00","h":"Est","s":"25N-H50N400F-90-F4"},{"r":"93","t":"05:45:00","h":"Est","s":"25N-H50NV10I-90-I"},{"r":"93","t":"05:45:00","h":"Est","s":"25N-H50NV20I-90-I"},{"r":"93","t":"05:45:00","h":"Est","s":"25S-H50S000I-81-I"},{"r":"93","t":"05:45:00","h":"Est","s":"25S-H50S100F-80-F1"},{"r":"93","t":"05:45:00","h":"Est","s":"25S-H50S200F-80-F2"},{"r":"93","t":"05:50:00","h":"Est","s":"25N-H50N000S-80-S"},{"r":"93","t":"05:50:00","h":"Est","s":"25N-H50N000S-90-S"},{"r":"93","t":"05:50:00","h":"Est","s":"25N-H50NV10S-90-S"},{"r":"93","t":"05:50:00","h":"Est","s":"25N-H50NV20S-90-S"},{"r":"93","t":"05:50:00","h":"Est","s":"25S-H50S000S-81-S"},{"r":"93","t":"05:56:00","h":"Est","s":"25N-H50N000A-80-A"},{"r":"93","t":"05:56:00","h":"Est","s":"25N-H50N000A-90-A"},{"r":"93","t":"05:56:00","h":"Est","s":"25N-H50NV10A-90-A"},{"r":"93","t":"05:56:00","h":"Est","s":"25N-H50NV20A-90-A"},{"r":"93","t":"05:56:00","h":"Est","s":"25S-H50S000A-81-A"},{"r":"93","t":"06:13:00","h":"Est","s":"25N-H50N000S-80-S"},{"r":"93","t":"06:13:00","h":"Est","s":"25N-H50N000S-90-S"},{"r":"93","t":"06:13:00","h":"Est","s":"25N-H50NV10S-90-S"},{"r":"93","t":"06:13:00","h":"Est","s":"25N-H50NV20S-90-S"},{"r":"93","t":"06:13:00","h":"Est","s":"25S-H50S000S-81-S"},{"r":"93","t":"06:15:00","h":"Est","s":"25N-H50N000I-80-I"},{"r":"93","t":"06:15:00","h":"Est","s":"25N-H50N000I-90-I"},{"r":"93","t":"06:15:00","h":"Est","s":"25N-H50N100F-90-F1"},{"r":"93","t":"06:15:00","h":"Est","s":"25N-H50N200F-90-F2"},{"r":"93","t":"06:15:00","h":"Est","s":"25N-H50N300F-90-F3"},{"r":"93","t":"06:15:00","h":"Est","s":"25N-H50N400F-90-F4"},{"r":"93","t":"06:15:00","h":"Est","s":"25N-H50NV10I-90-I"},{"r":"93","t":"06:15:00","h":"Est","s":"25N-H50NV20I-90-I"},{"r":"93","t":"06:15:00","h":"Est","s":"25S-H50S000I-81-I"},{"r":"93","t":"06:15:00","h":"Est","s":"25S-H50S100F-80-F1"},{"r":"93","t":"06:15:00","h":"Est","s":"25S-H50S200F-80-F2"},{"r":"93","t":"06:26:00","h":"Est","s":"25N-H50N000A-80-A"},{"r":"93","t":"06:26:00","h":"Est","s":"25N-H50N000A-90-A"},{"r":"93","t":"06:26:00","h":"Est","s":"25N-H50NV10A-90-A"},{"r":"93","t":"06:26:00","h":"Est","s":"25N-H50NV20A-90-A"},{"r":"93","t":"06:26:00","h":"Est","s":"25S-H50S000A-81-A"},{"r":"93","t":"06:38:00","h":"Est","s":"25N-H50N000S-80-S"},{"r":"93","t":"06:38:00","h":"Est","s":"25N-H50N000S-90-S"},{"r":"93","t":"06:38:00","h":"Est","s":"25N-H50NV10S-90-S"},{"r":"93","t":"06:38:00","h":"Est","s":"25N-H50NV20S-90-S"},{"r":"93","t":"06:38:00","h":"Est","s":"25S-H50S000S-81-S"},{"r":"93","t":"06:45:00","h":"Est","s":"25N-H50N000I-80-I"},{"r":"93","t":"06:45:00","h":"Est","s":"25N-H50N000I-90-I"},{"r":"93","t":"06:45:00","h":"Est","s":"25N-H50N100F-90-F1"},{"r":"93","t":"06:45:00","h":"Est","s":"25N-H50N200F-90-F2"},{"r":"93","t":"06:45:00","h":"Est","s":"25N-H50N300F-90-F3"},{"r":"93","t":"06:45:00","h":"Est","s":"25N-H50N400F-90-F4"},{"r":"93","t":"06:45:00","h":"Est","s":"25N-H50NV10I-90-I"},{"r":"93","t":"06:45:00","h":"Est","s":"25N-H50NV20I-90-I"},{"r":"93","t":"06:45:00","h":"Est","s":"25S-H50S000I-81-I"},{"r":"93","t":"06:45:00","h":"Est","s":"25S-H50S100F-80-F1"},{"r":"93","t":"06:45:00","h":"Est","s":"25S-H50S200F-80-F2"},{"r":"93","t":"06:56:00","h":"Est","s":"25N-H50N000A-80-A"},{"r":"93","t":"06:56:00","h":"Est","s":"25N-H50N000A-90-A"},{"r":"93","t":"06:56:00","h":"Est","s":"25N-H50NV10A-90-A"},{"r":"93","t":"06:56:00","h":"Est","s":"25N-H50NV20A-90-A"},{"r":"93","t":"06:56:00","h":"Est","s":"25S-H50S000A-81-A"},{"r":"93","t":"07:03:00","h":"Est","s":"25N-H50N000S-80-S"},{"r":"93","t":"07:03:00","h":"Est","s":"25N-H50N000S-90-S"},{"r":"93","t":"07:03:00","h":"Est","s":"25N-H50NV10S-90-S"},{"r":"93","t":"07:03:00","h":"Est","s":"25N-H50NV20S-90-S"},{"r":"93","t":"07:03:00","h":"Est","s":"25S-H50S000S-81-S"},{"r":"93","t":"07:15:00","h":"Est","s":"25N-H50N000I-80-I"},{"r":"93","t":"07:15:00","h":"Est","s":"25N-H50N000I-90-I"},{"r":"93","t":"07:15:00","h":"Est","s":"25N-H50N100F-90-F1"},{"r":"93","t":"07:15:00","h":"Est","s":"25N-H50N200F-90-F2"},{"r":"93","t":"07:15:00","h":"Est","s":"25N-H50N300F-90-F3"},{"r":"93","t":"07:15:00","h":"Est","s":"25N-H50N400F-90-F4"},{"r":"93","t":"07:15:00","h":"Est","s":"25N-H50NV10I-90-I"},{"r":"93","t":"07:15:00","h":"Est","s":"25N-H50NV20I-90-I"},{"r":"93","t":"07:15:00","h":"Est","s":"25S-H50S000I-81-I"},{"r":"93","t":"07:15:00","h":"Est","s":"25S-H50S100F-80-F1"},{"r":"93","t":"07:15:00","h":"Est","s":"25S-H50S200F-80-F2"},{"r":"93","t":"07:26:00","h":"Est","s":"25N-H50N000A-80-A"},{"r":"93","t":"07:26:00","h":"Est","s":"25N-H50N000A-90-A"},{"r":"93","t":"07:26:00","h":"Est","s":"25N-H50NV10A-90-A"},{"r":"93","t":"07:26:00","h":"Est","s":"25N-H50NV20A-90-A"},{"r":"93","t":"07:26:00","h":"Est","s":"25S-H50S000A-81-A"},{"r":"93","t":"07:30:00","h":"Est","s":"25N-H50N000S-80-S"},{"r":"93","t":"07:30:00","h":"Est","s":"25N-H50N000S-90-S"},{"r":"93","t":"07:30:00","h":"Est","s":"25N-H50NV10S-90-S"},{"r":"93","t":"07:30:00","h":"Est","s":"25N-H50NV20S-90-S"},{"r":"93","t":"07:30:00","h":"Est","s":"25S-H50S000S-81-S"},{"r":"93","t":"07:45:00","h":"Est","s":"25N-H50N000I-80-I"},{"r":"93","t":"07:45:00","h":"Est","s":"25N-H50N000I-90-I"},{"r":"93","t":"07:45:00","h":"Est","s":"25N-H50N100F-90-F1"},{"r":"93","t":"07:45:00","h":"Est","s":"25N-H50N200F-90-F2"},{"r":"93","t":"07:45:00","h":"Est","s":"25N-H50N300F-90-F3"},{"r":"93","t":"07:45:00","h":"Est","s":"25N-H50N400F-90-F4"},{"r":"93","t":"07:45:00","h":"Est","s":"25N-H50NV10I-90-I"},{"r":"93","t":"07:45:00","h":"Est","s":"25N-H50NV20I-90-I"},{"r":"93","t":"07:45:00","h":"Est","s":"25S-H50S000I-81-I"},{"r":"93","t":"07:45:00","h":"Est","s":"25S-H50S100F-80-F1"},{"r":"93","t":"07:45:00","h":"Est","s":"25S-H50S200F-80-F2"},{"r":"93","t":"07:58:00","h":"Est","s":"25N-H50N000A-80-A"},{"r":"93","t":"07:58:00","h":"Est","s":"25N-H50N000A-90-A"},{"r":"93","t":"07:58:00","h":"Est","s":"25N-H50NV10A-90-A"},{"r":"93","t":"07:58:00","h":"Est","s":"25N-H50NV20A-90-A"},{"r":"93","t":"07:58:00","h":"Est","s":"25S-H50S000A-81-A"},{"r":"93","t":"08:00:00","h":"Est","s":"25N-H50N000S-80-S"},{"r":"93","t":"08:00:00","h":"Est","s":"25N-H50N000S-90-S"},{"r":"93","t":"08:00:00","h":"Est","s":"25N-H50NV10S-90-S"},{"r":"93","t":"08:00:00","h":"Est","s":"25N-H50NV20S-90-S"},{"r":"93","t":"08:00:00","h":"Est","s":"25S-H50S000S-81-S"},{"r":"93","t":"08:15:00","h":"Est","s":"25N-H50N000I-80-I"},{"r":"93","t":"08:15:00","h":"Est","s":"25N-H50N000I-90-I"},{"r":"93","t":"08:15:00","h":"Est","s":"25N-H50N100F-90-F1"},{"r":"93","t":"08:15:00","h":"Est","s":"25N-H50N200F-90-F2"},{"r":"93","t":"08:15:00","h":"Est","s":"25N-H50N300F-90-F3"},{"r":"93","t":"08:15:00","h":"Est","s":"25N-H50N400F-90-F4"},{"r":"93","t":"08:15:00","h":"Est","s":"25N-H50NV10I-90-I"},{"r":"93","t":"08:15:00","h":"Est","s":"25N-H50NV20I-90-I"},{"r":"93","t":"08:15:00","h":"Est","s":"25S-H50S000I-81-I"},{"r":"93","t":"08:15:00","h":"Est","s":"25S-H50S100F-80-F1"},{"r":"93","t":"08:15:00","h":"Est","s":"25S-H50S200F-80-F2"},{"r":"93","t":"08:28:00","h":"Est","s":"25N-H50N000A-80-A"},{"r":"93","t":"08:28:00","h":"Est","s":"25N-H50N000A-90-A"},{"r":"93","t":"08:28:00","h":"Est","s":"25N-H50NV10A-90-A"},{"r":"93","t":"08:28:00","h":"Est","s":"25N-H50NV20A-90-A"},{"r":"93","t":"08:28:00","h":"Est","s":"25S-H50S000A-81-A"},{"r":"93","t":"08:29:00","h":"Est","s":"25N-H50N000S-80-S"},{"r":"93","t":"08:29:00","h":"Est","s":"25N-H50N000S-90-S"},{"r":"93","t":"08:29:00","h":"Est","s":"25N-H50NV10S-90-S"},{"r":"93","t":"08:29:00","h":"Est","s":"25N-H50NV20S-90-S"},{"r":"93","t":"08:29:00","h":"Est","s":"25S-H50S000S-81-S"},{"r":"93","t":"08:47:00","h":"Est","s":"25N-H50N000I-80-I"},{"r":"93","t":"08:47:00","h":"Est","s":"25N-H50N000I-90-I"},{"r":"93","t":"08:47:00","h":"Est","s":"25N-H50N100F-90-F1"},{"r":"93","t":"08:47:00","h":"Est","s":"25N-H50N200F-90-F2"},{"r":"93","t":"08:47:00","h":"Est","s":"25N-H50N300F-90-F3"},{"r":"93","t":"08:47:00","h":"Est","s":"25N-H50N400F-90-F4"},{"r":"93","t":"08:47:00","h":"Est","s":"25N-H50NV10I-90-I"},{"r":"93","t":"08:47:00","h":"Est","s":"25N-H50NV20I-90-I"},{"r":"93","t":"08:47:00","h":"Est","s":"25S-H50S000I-81-I"},{"r":"93","t":"08:47:00","h":"Est","s":"25S-H50S100F-80-F1"},{"r":"93","t":"08:47:00","h":"Est","s":"25S-H50S200F-80-F2"},{"r":"93","t":"08:57:00","h":"Est","s":"25N-H50N000A-80-A"},{"r":"93","t":"08:57:00","h":"Est","s":"25N-H50N000A-90-A"},{"r":"93","t":"08:57:00","h":"Est","s":"25N-H50NV10A-90-A"},{"r":"93","t":"08:57:00","h":"Est","s":"25N-H50NV20A-90-A"},{"r":"93","t":"08:57:00","h":"Est","s":"25S-H50S000A-81-A"},{"r":"93","t":"09:00:00","h":"Est","s":"25N-H50N000S-80-S"},{"r":"93","t":"09:00:00","h":"Est","s":"25N-H50N000S-90-S"},{"r":"93","t":"09:00:00","h":"Est","s":"25N-H50NV10S-90-S"},{"r":"93","t":"09:00:00","h":"Est","s":"25N-H50NV20S-90-S"},{"r":"93","t":"09:00:00","h":"Est","s":"25S-H50S000S-81-S"},{"r":"93","t":"09:17:00","h":"Est","s":"25N-H50N000I-80-I"},{"r":"93","t":"09:17:00","h":"Est","s":"25N-H50N000I-90-I"},{"r":"93","t":"09:17:00","h":"Est","s":"25N-H50N100F-90-F1"},{"r":"93","t":"09:17:00","h":"Est","s":"25N-H50N200F-90-F2"},{"r":"93","t":"09:17:00","h":"Est","s":"25N-H50N300F-90-F3"},{"r":"93","t":"09:17:00","h":"Est","s":"25N-H50N400F-90-F4"},{"r":"93","t":"09:17:00","h":"Est","s":"25N-H50NV10I-90-I"},{"r":"93","t":"09:17:00","h":"Est","s":"25N-H50NV20I-90-I"},{"r":"93","t":"09:17:00","h":"Est","s":"25S-H50S000I-81-I"},{"r":"93","t":"09:17:00","h":"Est","s":"25S-H50S100F-80-F1"},{"r":"93","t":"09:17:00","h":"Est","s":"25S-H50S200F-80-F2"},{"r":"93","t":"09:27:00","h":"Est","s":"25N-H50N000A-80-A"},{"r":"93","t":"09:27:00","h":"Est","s":"25N-H50N000A-90-A"},{"r":"93","t":"09:27:00","h":"Est","s":"25N-H50NV10A-90-A"},{"r":"93","t":"09:27:00","h":"Est","s":"25N-H50NV20A-90-A"},{"r":"93","t":"09:27:00","h":"Est","s":"25S-H50S000A-81-A"},{"r":"93","t":"09:30:00","h":"Est","s":"25N-H50N000S-80-S"},{"r":"93","t":"09:30:00","h":"Est","s":"25N-H50N000S-90-S"},{"r":"93","t":"09:30:00","h":"Est","s":"25N-H50NV10S-90-S"},{"r":"93","t":"09:30:00","h":"Est","s":"25N-H50NV20S-90-S"},{"r":"93","t":"09:30:00","h":"Est","s":"25S-H50S000S-81-S"},{"r":"93","t":"09:50:00","h":"Est","s":"25N-H50N000I-80-I"},{"r":"93","t":"09:50:00","h":"Est","s":"25N-H50N000I-90-I"},{"r":"93","t":"09:50:00","h":"Est","s":"25N-H50N100F-90-F1"},{"r":"93","t":"09:50:00","h":"Est","s":"25N-H50N200F-90-F2"},{"r":"93","t":"09:50:00","h":"Est","s":"25N-H50N300F-90-F3"},{"r":"93","t":"09:50:00","h":"Est","s":"25N-H50N400F-90-F4"},{"r":"93","t":"09:50:00","h":"Est","s":"25N-H50NV10I-90-I"},{"r":"93","t":"09:50:00","h":"Est","s":"25N-H50NV20I-90-I"},{"r":"93","t":"09:50:00","h":"Est","s":"25S-H50S000I-81-I"},{"r":"93","t":"09:50:00","h":"Est","s":"25S-H50S100F-80-F1"},{"r":"93","t":"09:50:00","h":"Est","s":"25S-H50S200F-80-F2"},{"r":"93","t":"09:57:00","h":"Est","s":"25N-H50N000A-80-A"},{"r":"93","t":"09:57:00","h":"Est","s":"25N-H50N000A-90-A"},{"r":"93","t":"09:57:00","h":"Est","s":"25N-H50NV10A-90-A"},{"r":"93","t":"09:57:00","h":"Est","s":"25N-H50NV20A-90-A"},{"r":"93","t":"09:57:00","h":"Est","s":"25S-H50S000A-81-A"},{"r":"93","t":"10:01:00","h":"Est","s":"25N-H50N000S-80-S"},{"r":"93","t":"10:01:00","h":"Est","s":"25N-H50N000S-90-S"},{"r":"93","t":"10:01:00","h":"Est","s":"25N-H50NV10S-90-S"},{"r":"93","t":"10:01:00","h":"Est","s":"25N-H50NV20S-90-S"},{"r":"93","t":"10:01:00","h":"Est","s":"25S-H50S000S-81-S"},{"r":"93","t":"10:20:00","h":"Est","s":"25N-H50N000I-80-I"},{"r":"93","t":"10:20:00","h":"Est","s":"25N-H50N000I-90-I"},{"r":"93","t":"10:20:00","h":"Est","s":"25N-H50N100F-90-F1"},{"r":"93","t":"10:20:00","h":"Est","s":"25N-H50N200F-90-F2"},{"r":"93","t":"10:20:00","h":"Est","s":"25N-H50N300F-90-F3"},{"r":"93","t":"10:20:00","h":"Est","s":"25N-H50N400F-90-F4"},{"r":"93","t":"10:20:00","h":"Est","s":"25N-H50NV10I-90-I"},{"r":"93","t":"10:20:00","h":"Est","s":"25N-H50NV20I-90-I"},{"r":"93","t":"10:20:00","h":"Est","s":"25S-H50S000I-81-I"},{"r":"93","t":"10:20:00","h":"Est","s":"25S-H50S100F-80-F1"},{"r":"93","t":"10:20:00","h":"Est","s":"25S-H50S200F-80-F2"},{"r":"93","t":"10:27:00","h":"Est","s":"25N-H50N000A-80-A"},{"r":"93","t":"10:27:00","h":"Est","s":"25N-H50N000A-90-A"},{"r":"93","t":"10:27:00","h":"Est","s":"25N-H50NV10A-90-A"},{"r":"93","t":"10:27:00","h":"Est","s":"25N-H50NV20A-90-A"},{"r":"93","t":"10:27:00","h":"Est","s":"25S-H50S000A-81-A"},{"r":"93","t":"10:30:00","h":"Est","s":"25N-H50N000S-80-S"},{"r":"93","t":"10:30:00","h":"Est","s":"25N-H50N000S-90-S"},{"r":"93","t":"10:30:00","h":"Est","s":"25N-H50NV10S-90-S"},{"r":"93","t":"10:30:00","h":"Est","s":"25N-H50NV20S-90-S"},{"r":"93","t":"10:30:00","h":"Est","s":"25S-H50S000S-81-S"},{"r":"93","t":"10:50:00","h":"Est","s":"25N-H50N000I-80-I"},{"r":"93","t":"10:50:00","h":"Est","s":"25N-H50N000I-90-I"},{"r":"93","t":"10:50:00","h":"Est","s":"25N-H50N100F-90-F1"},{"r":"93","t":"10:50:00","h":"Est","s":"25N-H50N200F-90-F2"},{"r":"93","t":"10:50:00","h":"Est","s":"25N-H50N300F-90-F3"},{"r":"93","t":"10:50:00","h":"Est","s":"25N-H50N400F-90-F4"},{"r":"93","t":"10:50:00","h":"Est","s":"25N-H50NV10I-90-I"},{"r":"93","t":"10:50:00","h":"Est","s":"25N-H50NV20I-90-I"},{"r":"93","t":"10:50:00","h":"Est","s":"25S-H50S000I-81-I"},{"r":"93","t":"10:50:00","h":"Est","s":"25S-H50S100F-80-F1"},{"r":"93","t":"10:50:00","h":"Est","s":"25S-H50S200F-80-F2"},{"r":"93","t":"11:00:00","h":"Est","s":"25N-H50N000A-80-A"},{"r":"93","t":"11:00:00","h":"Est","s":"25N-H50N000A-90-A"},{"r":"93","t":"11:00:00","h":"Est","s":"25N-H50NV10A-90-A"},{"r":"93","t":"11:00:00","h":"Est","s":"25N-H50NV20A-90-A"},{"r":"93","t":"11:00:00","h":"Est","s":"25S-H50S000A-81-A"},{"r":"93","t":"11:01:00","h":"Est","s":"25N-H54N000S-80-S"},{"r":"93","t":"11:01:00","h":"Est","s":"25N-H54NV10S-82-S"},{"r":"93","t":"11:01:00","h":"Est","s":"25N-H54NV20S-80-S"},{"r":"93","t":"11:01:00","h":"Est","s":"25S-H54S000S-82-S"},{"r":"93","t":"11:20:00","h":"Est","s":"25N-H50N000I-80-I"},{"r":"93","t":"11:20:00","h":"Est","s":"25N-H50N000I-90-I"},{"r":"93","t":"11:20:00","h":"Est","s":"25N-H50N100F-90-F1"},{"r":"93","t":"11:20:00","h":"Est","s":"25N-H50N200F-90-F2"},{"r":"93","t":"11:20:00","h":"Est","s":"25N-H50N300F-90-F3"},{"r":"93","t":"11:20:00","h":"Est","s":"25N-H50N400F-90-F4"},{"r":"93","t":"11:20:00","h":"Est","s":"25N-H50NV10I-90-I"},{"r":"93","t":"11:20:00","h":"Est","s":"25N-H50NV20I-90-I"},{"r":"93","t":"11:20:00","h":"Est","s":"25S-H50S000I-81-I"},{"r":"93","t":"11:20:00","h":"Est","s":"25S-H50S100F-80-F1"},{"r":"93","t":"11:20:00","h":"Est","s":"25S-H50S200F-80-F2"},{"r":"93","t":"11:31:00","h":"Est","s":"25N-H50N000A-80-A"},{"r":"93","t":"11:31:00","h":"Est","s":"25N-H50N000A-90-A"},{"r":"93","t":"11:31:00","h":"Est","s":"25N-H50N000S-80-S"},{"r":"93","t":"11:31:00","h":"Est","s":"25N-H50N000S-90-S"},{"r":"93","t":"11:31:00","h":"Est","s":"25N-H50NV10A-90-A"},{"r":"93","t":"11:31:00","h":"Est","s":"25N-H50NV10S-90-S"},{"r":"93","t":"11:31:00","h":"Est","s":"25N-H50NV20A-90-A"},{"r":"93","t":"11:31:00","h":"Est","s":"25N-H50NV20S-90-S"},{"r":"93","t":"11:31:00","h":"Est","s":"25S-H50S000A-81-A"},{"r":"93","t":"11:31:00","h":"Est","s":"25S-H50S000S-81-S"},{"r":"93","t":"11:50:00","h":"Est","s":"25N-H50N000I-80-I"},{"r":"93","t":"11:50:00","h":"Est","s":"25N-H50N000I-90-I"},{"r":"93","t":"11:50:00","h":"Est","s":"25N-H50N100F-90-F1"},{"r":"93","t":"11:50:00","h":"Est","s":"25N-H50N200F-90-F2"},{"r":"93","t":"11:50:00","h":"Est","s":"25N-H50N300F-90-F3"},{"r":"93","t":"11:50:00","h":"Est","s":"25N-H50N400F-90-F4"},{"r":"93","t":"11:50:00","h":"Est","s":"25N-H50NV10I-90-I"},{"r":"93","t":"11:50:00","h":"Est","s":"25N-H50NV20I-90-I"},{"r":"93","t":"11:50:00","h":"Est","s":"25S-H50S000I-81-I"},{"r":"93","t":"11:50:00","h":"Est","s":"25S-H50S100F-80-F1"},{"r":"93","t":"11:50:00","h":"Est","s":"25S-H50S200F-80-F2"},{"r":"93","t":"12:01:00","h":"Est","s":"25N-H50N000S-80-S"},{"r":"93","t":"12:01:00","h":"Est","s":"25N-H50N000S-90-S"},{"r":"93","t":"12:01:00","h":"Est","s":"25N-H50NV10S-90-S"},{"r":"93","t":"12:01:00","h":"Est","s":"25N-H50NV20S-90-S"},{"r":"93","t":"12:01:00","h":"Est","s":"25S-H50S000S-81-S"},{"r":"93","t":"12:02:00","h":"Est","s":"25N-H50N000A-80-A"},{"r":"93","t":"12:02:00","h":"Est","s":"25N-H50N000A-90-A"},{"r":"93","t":"12:02:00","h":"Est","s":"25N-H50NV10A-90-A"},{"r":"93","t":"12:02:00","h":"Est","s":"25N-H50NV20A-90-A"},{"r":"93","t":"12:02:00","h":"Est","s":"25S-H50S000A-81-A"},{"r":"93","t":"12:20:00","h":"Est","s":"25N-H50N000I-80-I"},{"r":"93","t":"12:20:00","h":"Est","s":"25N-H50N000I-90-I"},{"r":"93","t":"12:20:00","h":"Est","s":"25N-H50N100F-90-F1"},{"r":"93","t":"12:20:00","h":"Est","s":"25N-H50N200F-90-F2"},{"r":"93","t":"12:20:00","h":"Est","s":"25N-H50N300F-90-F3"},{"r":"93","t":"12:20:00","h":"Est","s":"25N-H50N400F-90-F4"},{"r":"93","t":"12:20:00","h":"Est","s":"25N-H50NV10I-90-I"},{"r":"93","t":"12:20:00","h":"Est","s":"25N-H50NV20I-90-I"},{"r":"93","t":"12:20:00","h":"Est","s":"25S-H50S000I-81-I"},{"r":"93","t":"12:20:00","h":"Est","s":"25S-H50S100F-80-F1"},{"r":"93","t":"12:20:00","h":"Est","s":"25S-H50S200F-80-F2"},{"r":"93","t":"12:33:00","h":"Est","s":"25N-H50N000A-80-A"},{"r":"93","t":"12:33:00","h":"Est","s":"25N-H50N000A-90-A"},{"r":"93","t":"12:33:00","h":"Est","s":"25N-H50N000S-80-S"},{"r":"93","t":"12:33:00","h":"Est","s":"25N-H50N000S-90-S"},{"r":"93","t":"12:33:00","h":"Est","s":"25N-H50NV10A-90-A"},{"r":"93","t":"12:33:00","h":"Est","s":"25N-H50NV10S-90-S"},{"r":"93","t":"12:33:00","h":"Est","s":"25N-H50NV20A-90-A"},{"r":"93","t":"12:33:00","h":"Est","s":"25N-H50NV20S-90-S"},{"r":"93","t":"12:33:00","h":"Est","s":"25S-H50S000A-81-A"},{"r":"93","t":"12:33:00","h":"Est","s":"25S-H50S000S-81-S"},{"r":"93","t":"12:53:00","h":"Est","s":"25N-H50N000I-80-I"},{"r":"93","t":"12:53:00","h":"Est","s":"25N-H50N000I-90-I"},{"r":"93","t":"12:53:00","h":"Est","s":"25N-H50N100F-90-F1"},{"r":"93","t":"12:53:00","h":"Est","s":"25N-H50N200F-90-F2"},{"r":"93","t":"12:53:00","h":"Est","s":"25N-H50N300F-90-F3"},{"r":"93","t":"12:53:00","h":"Est","s":"25N-H50N400F-90-F4"},{"r":"93","t":"12:53:00","h":"Est","s":"25N-H50NV10I-90-I"},{"r":"93","t":"12:53:00","h":"Est","s":"25N-H50NV20I-90-I"},{"r":"93","t":"12:53:00","h":"Est","s":"25S-H50S000I-81-I"},{"r":"93","t":"12:53:00","h":"Est","s":"25S-H50S100F-80-F1"},{"r":"93","t":"12:53:00","h":"Est","s":"25S-H50S200F-80-F2"},{"r":"93","t":"13:01:00","h":"Est","s":"25N-H50N000S-80-S"},{"r":"93","t":"13:01:00","h":"Est","s":"25N-H50N000S-90-S"},{"r":"93","t":"13:01:00","h":"Est","s":"25N-H50NV10S-90-S"},{"r":"93","t":"13:01:00","h":"Est","s":"25N-H50NV20S-90-S"},{"r":"93","t":"13:01:00","h":"Est","s":"25S-H50S000S-81-S"},{"r":"93","t":"13:07:00","h":"Est","s":"25N-H50N000A-80-A"},{"r":"93","t":"13:07:00","h":"Est","s":"25N-H50N000A-90-A"},{"r":"93","t":"13:07:00","h":"Est","s":"25N-H50NV10A-90-A"},{"r":"93","t":"13:07:00","h":"Est","s":"25N-H50NV20A-90-A"},{"r":"93","t":"13:07:00","h":"Est","s":"25S-H50S000A-81-A"},{"r":"93","t":"13:23:00","h":"Est","s":"25N-H50N000I-80-I"},{"r":"93","t":"13:23:00","h":"Est","s":"25N-H50N000I-90-I"},{"r":"93","t":"13:23:00","h":"Est","s":"25N-H50N100F-90-F1"},{"r":"93","t":"13:23:00","h":"Est","s":"25N-H50N200F-90-F2"},{"r":"93","t":"13:23:00","h":"Est","s":"25N-H50N300F-90-F3"},{"r":"93","t":"13:23:00","h":"Est","s":"25N-H50N400F-90-F4"},{"r":"93","t":"13:23:00","h":"Est","s":"25N-H50NV10I-90-I"},{"r":"93","t":"13:23:00","h":"Est","s":"25N-H50NV20I-90-I"},{"r":"93","t":"13:23:00","h":"Est","s":"25S-H50S000I-81-I"},{"r":"93","t":"13:23:00","h":"Est","s":"25S-H50S100F-80-F1"},{"r":"93","t":"13:23:00","h":"Est","s":"25S-H50S200F-80-F2"},{"r":"93","t":"13:36:00","h":"Est","s":"25N-H50N000S-80-S"},{"r":"93","t":"13:36:00","h":"Est","s":"25N-H50N000S-90-S"},{"r":"93","t":"13:36:00","h":"Est","s":"25N-H50NV10S-90-S"},{"r":"93","t":"13:36:00","h":"Est","s":"25N-H50NV20S-90-S"},{"r":"93","t":"13:36:00","h":"Est","s":"25S-H50S000S-81-S"},{"r":"93","t":"13:40:00","h":"Est","s":"25N-H50N000A-80-A"},{"r":"93","t":"13:40:00","h":"Est","s":"25N-H50N000A-90-A"},{"r":"93","t":"13:40:00","h":"Est","s":"25N-H50NV10A-90-A"},{"r":"93","t":"13:40:00","h":"Est","s":"25N-H50NV20A-90-A"},{"r":"93","t":"13:40:00","h":"Est","s":"25S-H50S000A-81-A"},{"r":"93","t":"13:53:00","h":"Est","s":"25N-H50N000I-80-I"},{"r":"93","t":"13:53:00","h":"Est","s":"25N-H50N000I-90-I"},{"r":"93","t":"13:53:00","h":"Est","s":"25N-H50N100F-90-F1"},{"r":"93","t":"13:53:00","h":"Est","s":"25N-H50N200F-90-F2"},{"r":"93","t":"13:53:00","h":"Est","s":"25N-H50N300F-90-F3"},{"r":"93","t":"13:53:00","h":"Est","s":"25N-H50N400F-90-F4"},{"r":"93","t":"13:53:00","h":"Est","s":"25N-H50NV10I-90-I"},{"r":"93","t":"13:53:00","h":"Est","s":"25N-H50NV20I-90-I"},{"r":"93","t":"13:53:00","h":"Est","s":"25S-H50S000I-81-I"},{"r":"93","t":"13:53:00","h":"Est","s":"25S-H50S100F-80-F1"},{"r":"93","t":"13:53:00","h":"Est","s":"25S-H50S200F-80-F2"},{"r":"93","t":"14:08:00","h":"Est","s":"25N-H50N000S-80-S"},{"r":"93","t":"14:08:00","h":"Est","s":"25N-H50N000S-90-S"},{"r":"93","t":"14:08:00","h":"Est","s":"25N-H50NV10S-90-S"},{"r":"93","t":"14:08:00","h":"Est","s":"25N-H50NV20S-90-S"},{"r":"93","t":"14:08:00","h":"Est","s":"25S-H50S000S-81-S"},{"r":"93","t":"14:13:00","h":"Est","s":"25N-H50N000A-80-A"},{"r":"93","t":"14:13:00","h":"Est","s":"25N-H50N000A-90-A"},{"r":"93","t":"14:13:00","h":"Est","s":"25N-H50NV10A-90-A"},{"r":"93","t":"14:13:00","h":"Est","s":"25N-H50NV20A-90-A"},{"r":"93","t":"14:13:00","h":"Est","s":"25S-H50S000A-81-A"},{"r":"93","t":"14:23:00","h":"Est","s":"25N-H50N000I-80-I"},{"r":"93","t":"14:23:00","h":"Est","s":"25N-H50N000I-90-I"},{"r":"93","t":"14:23:00","h":"Est","s":"25N-H50N100F-90-F1"},{"r":"93","t":"14:23:00","h":"Est","s":"25N-H50N200F-90-F2"},{"r":"93","t":"14:23:00","h":"Est","s":"25N-H50N300F-90-F3"},{"r":"93","t":"14:23:00","h":"Est","s":"25N-H50N400F-90-F4"},{"r":"93","t":"14:23:00","h":"Est","s":"25N-H50NV10I-90-I"},{"r":"93","t":"14:23:00","h":"Est","s":"25N-H50NV20I-90-I"},{"r":"93","t":"14:23:00","h":"Est","s":"25S-H50S000I-81-I"},{"r":"93","t":"14:23:00","h":"Est","s":"25S-H50S100F-80-F1"},{"r":"93","t":"14:23:00","h":"Est","s":"25S-H50S200F-80-F2"},{"r":"93","t":"14:41:00","h":"Est","s":"25N-H50N000S-80-S"},{"r":"93","t":"14:41:00","h":"Est","s":"25N-H50N000S-90-S"},{"r":"93","t":"14:41:00","h":"Est","s":"25N-H50NV10S-90-S"},{"r":"93","t":"14:41:00","h":"Est","s":"25N-H50NV20S-90-S"},{"r":"93","t":"14:41:00","h":"Est","s":"25S-H50S000S-81-S"},{"r":"93","t":"14:45:00","h":"Est","s":"25N-H50N000A-80-A"},{"r":"93","t":"14:45:00","h":"Est","s":"25N-H50N000A-90-A"},{"r":"93","t":"14:45:00","h":"Est","s":"25N-H50NV10A-90-A"},{"r":"93","t":"14:45:00","h":"Est","s":"25N-H50NV20A-90-A"},{"r":"93","t":"14:45:00","h":"Est","s":"25S-H50S000A-81-A"},{"r":"93","t":"14:53:00","h":"Est","s":"25N-H50N000I-80-I"},{"r":"93","t":"14:53:00","h":"Est","s":"25N-H50N000I-90-I"},{"r":"93","t":"14:53:00","h":"Est","s":"25N-H50N100F-90-F1"},{"r":"93","t":"14:53:00","h":"Est","s":"25N-H50N200F-90-F2"},{"r":"93","t":"14:53:00","h":"Est","s":"25N-H50N300F-90-F3"},{"r":"93","t":"14:53:00","h":"Est","s":"25N-H50N400F-90-F4"},{"r":"93","t":"14:53:00","h":"Est","s":"25N-H50NV10I-90-I"},{"r":"93","t":"14:53:00","h":"Est","s":"25N-H50NV20I-90-I"},{"r":"93","t":"14:53:00","h":"Est","s":"25S-H50S000I-81-I"},{"r":"93","t":"14:53:00","h":"Est","s":"25S-H50S100F-80-F1"},{"r":"93","t":"14:53:00","h":"Est","s":"25S-H50S200F-80-F2"},{"r":"93","t":"15:11:00","h":"Est","s":"25N-H50N000A-80-A"},{"r":"93","t":"15:11:00","h":"Est","s":"25N-H50N000A-90-A"},{"r":"93","t":"15:11:00","h":"Est","s":"25N-H50NV10A-90-A"},{"r":"93","t":"15:11:00","h":"Est","s":"25N-H50NV20A-90-A"},{"r":"93","t":"15:11:00","h":"Est","s":"25S-H50S000A-81-A"},{"r":"93","t":"15:13:00","h":"Est","s":"25N-H50N000S-80-S"},{"r":"93","t":"15:13:00","h":"Est","s":"25N-H50N000S-90-S"},{"r":"93","t":"15:13:00","h":"Est","s":"25N-H50NV10S-90-S"},{"r":"93","t":"15:13:00","h":"Est","s":"25N-H50NV20S-90-S"},{"r":"93","t":"15:13:00","h":"Est","s":"25S-H50S000S-81-S"},{"r":"93","t":"15:23:00","h":"Est","s":"25N-H50N000I-80-I"},{"r":"93","t":"15:23:00","h":"Est","s":"25N-H50N000I-90-I"},{"r":"93","t":"15:23:00","h":"Est","s":"25N-H50N100F-90-F1"},{"r":"93","t":"15:23:00","h":"Est","s":"25N-H50N200F-90-F2"},{"r":"93","t":"15:23:00","h":"Est","s":"25N-H50N300F-90-F3"},{"r":"93","t":"15:23:00","h":"Est","s":"25N-H50N400F-90-F4"},{"r":"93","t":"15:23:00","h":"Est","s":"25N-H50NV10I-90-I"},{"r":"93","t":"15:23:00","h":"Est","s":"25N-H50NV20I-90-I"},{"r":"93","t":"15:23:00","h":"Est","s":"25S-H50S000I-81-I"},{"r":"93","t":"15:23:00","h":"Est","s":"25S-H50S100F-80-F1"},{"r":"93","t":"15:23:00","h":"Est","s":"25S-H50S200F-80-F2"},{"r":"93","t":"15:44:00","h":"Est","s":"25N-H50N000A-80-A"},{"r":"93","t":"15:44:00","h":"Est","s":"25N-H50N000A-90-A"},{"r":"93","t":"15:44:00","h":"Est","s":"25N-H50NV10A-90-A"},{"r":"93","t":"15:44:00","h":"Est","s":"25N-H50NV20A-90-A"},{"r":"93","t":"15:44:00","h":"Est","s":"25S-H50S000A-81-A"},{"r":"93","t":"15:45:00","h":"Est","s":"25N-H50N000S-80-S"},{"r":"93","t":"15:45:00","h":"Est","s":"25N-H50N000S-90-S"},{"r":"93","t":"15:45:00","h":"Est","s":"25N-H50NV10S-90-S"},{"r":"93","t":"15:45:00","h":"Est","s":"25N-H50NV20S-90-S"},{"r":"93","t":"15:45:00","h":"Est","s":"25S-H50S000S-81-S"},{"r":"93","t":"15:55:00","h":"Est","s":"25N-H50N000I-80-I"},{"r":"93","t":"15:55:00","h":"Est","s":"25N-H50N000I-90-I"},{"r":"93","t":"15:55:00","h":"Est","s":"25N-H50N100F-90-F1"},{"r":"93","t":"15:55:00","h":"Est","s":"25N-H50N200F-90-F2"},{"r":"93","t":"15:55:00","h":"Est","s":"25N-H50N300F-90-F3"},{"r":"93","t":"15:55:00","h":"Est","s":"25N-H50N400F-90-F4"},{"r":"93","t":"15:55:00","h":"Est","s":"25N-H50NV10I-90-I"},{"r":"93","t":"15:55:00","h":"Est","s":"25N-H50NV20I-90-I"},{"r":"93","t":"15:55:00","h":"Est","s":"25S-H50S000I-81-I"},{"r":"93","t":"15:55:00","h":"Est","s":"25S-H50S100F-80-F1"},{"r":"93","t":"15:55:00","h":"Est","s":"25S-H50S200F-80-F2"},{"r":"93","t":"16:16:00","h":"Est","s":"25N-H50N000A-80-A"},{"r":"93","t":"16:16:00","h":"Est","s":"25N-H50N000A-90-A"},{"r":"93","t":"16:16:00","h":"Est","s":"25N-H50N000S-80-S"},{"r":"93","t":"16:16:00","h":"Est","s":"25N-H50N000S-90-S"},{"r":"93","t":"16:16:00","h":"Est","s":"25N-H50NV10A-90-A"},{"r":"93","t":"16:16:00","h":"Est","s":"25N-H50NV10S-90-S"},{"r":"93","t":"16:16:00","h":"Est","s":"25N-H50NV20A-90-A"},{"r":"93","t":"16:16:00","h":"Est","s":"25N-H50NV20S-90-S"},{"r":"93","t":"16:16:00","h":"Est","s":"25S-H50S000A-81-A"},{"r":"93","t":"16:16:00","h":"Est","s":"25S-H50S000S-81-S"},{"r":"93","t":"16:24:00","h":"Est","s":"25N-H50N000I-80-I"},{"r":"93","t":"16:24:00","h":"Est","s":"25N-H50N000I-90-I"},{"r":"93","t":"16:24:00","h":"Est","s":"25N-H50N100F-90-F1"},{"r":"93","t":"16:24:00","h":"Est","s":"25N-H50N200F-90-F2"},{"r":"93","t":"16:24:00","h":"Est","s":"25N-H50N300F-90-F3"},{"r":"93","t":"16:24:00","h":"Est","s":"25N-H50N400F-90-F4"},{"r":"93","t":"16:24:00","h":"Est","s":"25N-H50NV10I-90-I"},{"r":"93","t":"16:24:00","h":"Est","s":"25N-H50NV20I-90-I"},{"r":"93","t":"16:24:00","h":"Est","s":"25S-H50S000I-81-I"},{"r":"93","t":"16:24:00","h":"Est","s":"25S-H50S100F-80-F1"},{"r":"93","t":"16:24:00","h":"Est","s":"25S-H50S200F-80-F2"},{"r":"93","t":"16:49:00","h":"Est","s":"25N-H50N000A-80-A"},{"r":"93","t":"16:49:00","h":"Est","s":"25N-H50N000A-90-A"},{"r":"93","t":"16:49:00","h":"Est","s":"25N-H50N000S-80-S"},{"r":"93","t":"16:49:00","h":"Est","s":"25N-H50N000S-90-S"},{"r":"93","t":"16:49:00","h":"Est","s":"25N-H50NV10A-90-A"},{"r":"93","t":"16:49:00","h":"Est","s":"25N-H50NV10S-90-S"},{"r":"93","t":"16:49:00","h":"Est","s":"25N-H50NV20A-90-A"},{"r":"93","t":"16:49:00","h":"Est","s":"25N-H50NV20S-90-S"},{"r":"93","t":"16:49:00","h":"Est","s":"25S-H50S000A-81-A"},{"r":"93","t":"16:49:00","h":"Est","s":"25S-H50S000S-81-S"},{"r":"93","t":"16:56:00","h":"Est","s":"25N-H50N000I-80-I"},{"r":"93","t":"16:56:00","h":"Est","s":"25N-H50N000I-90-I"},{"r":"93","t":"16:56:00","h":"Est","s":"25N-H50N100F-90-F1"},{"r":"93","t":"16:56:00","h":"Est","s":"25N-H50N200F-90-F2"},{"r":"93","t":"16:56:00","h":"Est","s":"25N-H50N300F-90-F3"},{"r":"93","t":"16:56:00","h":"Est","s":"25N-H50N400F-90-F4"},{"r":"93","t":"16:56:00","h":"Est","s":"25N-H50NV10I-90-I"},{"r":"93","t":"16:56:00","h":"Est","s":"25N-H50NV20I-90-I"},{"r":"93","t":"16:56:00","h":"Est","s":"25S-H50S000I-81-I"},{"r":"93","t":"16:56:00","h":"Est","s":"25S-H50S100F-80-F1"},{"r":"93","t":"16:56:00","h":"Est","s":"25S-H50S200F-80-F2"},{"r":"93","t":"17:21:00","h":"Est","s":"25N-H50N000S-80-S"},{"r":"93","t":"17:21:00","h":"Est","s":"25N-H50N000S-90-S"},{"r":"93","t":"17:21:00","h":"Est","s":"25N-H50NV10S-90-S"},{"r":"93","t":"17:21:00","h":"Est","s":"25N-H50NV20S-90-S"},{"r":"93","t":"17:21:00","h":"Est","s":"25S-H50S000S-81-S"},{"r":"93","t":"17:22:00","h":"Est","s":"25N-H50N000A-80-A"},{"r":"93","t":"17:22:00","h":"Est","s":"25N-H50N000A-90-A"},{"r":"93","t":"17:22:00","h":"Est","s":"25N-H50NV10A-90-A"},{"r":"93","t":"17:22:00","h":"Est","s":"25N-H50NV20A-90-A"},{"r":"93","t":"17:22:00","h":"Est","s":"25S-H50S000A-81-A"},{"r":"93","t":"17:25:00","h":"Est","s":"25N-H50N000I-80-I"},{"r":"93","t":"17:25:00","h":"Est","s":"25N-H50N000I-90-I"},{"r":"93","t":"17:25:00","h":"Est","s":"25N-H50N100F-90-F1"},{"r":"93","t":"17:25:00","h":"Est","s":"25N-H50N200F-90-F2"},{"r":"93","t":"17:25:00","h":"Est","s":"25N-H50N300F-90-F3"},{"r":"93","t":"17:25:00","h":"Est","s":"25N-H50N400F-90-F4"},{"r":"93","t":"17:25:00","h":"Est","s":"25N-H50NV10I-90-I"},{"r":"93","t":"17:25:00","h":"Est","s":"25N-H50NV20I-90-I"},{"r":"93","t":"17:25:00","h":"Est","s":"25S-H50S000I-81-I"},{"r":"93","t":"17:25:00","h":"Est","s":"25S-H50S100F-80-F1"},{"r":"93","t":"17:25:00","h":"Est","s":"25S-H50S200F-80-F2"},{"r":"93","t":"17:51:00","h":"Est","s":"25N-H50N000A-80-A"},{"r":"93","t":"17:51:00","h":"Est","s":"25N-H50N000A-90-A"},{"r":"93","t":"17:51:00","h":"Est","s":"25N-H50NV10A-90-A"},{"r":"93","t":"17:51:00","h":"Est","s":"25N-H50NV20A-90-A"},{"r":"93","t":"17:51:00","h":"Est","s":"25S-H50S000A-81-A"},{"r":"93","t":"17:53:00","h":"Est","s":"25N-H50N000S-80-S"},{"r":"93","t":"17:53:00","h":"Est","s":"25N-H50N000S-90-S"},{"r":"93","t":"17:53:00","h":"Est","s":"25N-H50NV10S-90-S"},{"r":"93","t":"17:53:00","h":"Est","s":"25N-H50NV20S-90-S"},{"r":"93","t":"17:53:00","h":"Est","s":"25S-H50S000S-81-S"},{"r":"93","t":"17:56:00","h":"Est","s":"25N-H50N000I-80-I"},{"r":"93","t":"17:56:00","h":"Est","s":"25N-H50N000I-90-I"},{"r":"93","t":"17:56:00","h":"Est","s":"25N-H50N100F-90-F1"},{"r":"93","t":"17:56:00","h":"Est","s":"25N-H50N200F-90-F2"},{"r":"93","t":"17:56:00","h":"Est","s":"25N-H50N300F-90-F3"},{"r":"93","t":"17:56:00","h":"Est","s":"25N-H50N400F-90-F4"},{"r":"93","t":"17:56:00","h":"Est","s":"25N-H50NV10I-90-I"},{"r":"93","t":"17:56:00","h":"Est","s":"25N-H50NV20I-90-I"},{"r":"93","t":"17:56:00","h":"Est","s":"25S-H50S000I-81-I"},{"r":"93","t":"17:56:00","h":"Est","s":"25S-H50S100F-80-F1"},{"r":"93","t":"17:56:00","h":"Est","s":"25S-H50S200F-80-F2"},{"r":"93","t":"18:22:00","h":"Est","s":"25N-H50N000A-80-A"},{"r":"93","t":"18:22:00","h":"Est","s":"25N-H50N000A-90-A"},{"r":"93","t":"18:22:00","h":"Est","s":"25N-H50NV10A-90-A"},{"r":"93","t":"18:22:00","h":"Est","s":"25N-H50NV20A-90-A"},{"r":"93","t":"18:22:00","h":"Est","s":"25S-H50S000A-81-A"},{"r":"93","t":"18:24:00","h":"Est","s":"25N-H50N000S-80-S"},{"r":"93","t":"18:24:00","h":"Est","s":"25N-H50N000S-90-S"},{"r":"93","t":"18:24:00","h":"Est","s":"25N-H50NV10S-90-S"},{"r":"93","t":"18:24:00","h":"Est","s":"25N-H50NV20S-90-S"},{"r":"93","t":"18:24:00","h":"Est","s":"25S-H50S000S-81-S"},{"r":"93","t":"18:25:00","h":"Est","s":"25N-H50N000I-80-I"},{"r":"93","t":"18:25:00","h":"Est","s":"25N-H50N000I-90-I"},{"r":"93","t":"18:25:00","h":"Est","s":"25N-H50N100F-90-F1"},{"r":"93","t":"18:25:00","h":"Est","s":"25N-H50N200F-90-F2"},{"r":"93","t":"18:25:00","h":"Est","s":"25N-H50N300F-90-F3"},{"r":"93","t":"18:25:00","h":"Est","s":"25N-H50N400F-90-F4"},{"r":"93","t":"18:25:00","h":"Est","s":"25N-H50NV10I-90-I"},{"r":"93","t":"18:25:00","h":"Est","s":"25N-H50NV20I-90-I"},{"r":"93","t":"18:25:00","h":"Est","s":"25S-H50S000I-81-I"},{"r":"93","t":"18:25:00","h":"Est","s":"25S-H50S100F-80-F1"},{"r":"93","t":"18:25:00","h":"Est","s":"25S-H50S200F-80-F2"},{"r":"93","t":"18:50:00","h":"Est","s":"25N-H50N000A-80-A"},{"r":"93","t":"18:50:00","h":"Est","s":"25N-H50N000A-90-A"},{"r":"93","t":"18:50:00","h":"Est","s":"25N-H50NV10A-90-A"},{"r":"93","t":"18:50:00","h":"Est","s":"25N-H50NV20A-90-A"},{"r":"93","t":"18:50:00","h":"Est","s":"25S-H50S000A-81-A"},{"r":"93","t":"18:52:00","h":"Est","s":"25N-H50N000I-80-I"},{"r":"93","t":"18:52:00","h":"Est","s":"25N-H50N000I-90-I"},{"r":"93","t":"18:52:00","h":"Est","s":"25N-H50N100F-90-F1"},{"r":"93","t":"18:52:00","h":"Est","s":"25N-H50N200F-90-F2"},{"r":"93","t":"18:52:00","h":"Est","s":"25N-H50N300F-90-F3"},{"r":"93","t":"18:52:00","h":"Est","s":"25N-H50N400F-90-F4"},{"r":"93","t":"18:52:00","h":"Est","s":"25N-H50NV10I-90-I"},{"r":"93","t":"18:52:00","h":"Est","s":"25N-H50NV20I-90-I"},{"r":"93","t":"18:52:00","h":"Est","s":"25S-H50S000I-81-I"},{"r":"93","t":"18:52:00","h":"Est","s":"25S-H50S100F-80-F1"},{"r":"93","t":"18:52:00","h":"Est","s":"25S-H50S200F-80-F2"},{"r":"93","t":"18:55:00","h":"Est","s":"25N-H50N000S-80-S"},{"r":"93","t":"18:55:00","h":"Est","s":"25N-H50N000S-90-S"},{"r":"93","t":"18:55:00","h":"Est","s":"25N-H50NV10S-90-S"},{"r":"93","t":"18:55:00","h":"Est","s":"25N-H50NV20S-90-S"},{"r":"93","t":"18:55:00","h":"Est","s":"25S-H50S000S-81-S"},{"r":"93","t":"19:20:00","h":"Est","s":"25N-H50N000A-80-A"},{"r":"93","t":"19:20:00","h":"Est","s":"25N-H50N000A-90-A"},{"r":"93","t":"19:20:00","h":"Est","s":"25N-H50NV10A-90-A"},{"r":"93","t":"19:20:00","h":"Est","s":"25N-H50NV20A-90-A"},{"r":"93","t":"19:20:00","h":"Est","s":"25S-H50S000A-81-A"},{"r":"93","t":"19:21:00","h":"Est","s":"25N-H50N000I-80-I"},{"r":"93","t":"19:21:00","h":"Est","s":"25N-H50N000I-90-I"},{"r":"93","t":"19:21:00","h":"Est","s":"25N-H50N100F-90-F1"},{"r":"93","t":"19:21:00","h":"Est","s":"25N-H50N200F-90-F2"},{"r":"93","t":"19:21:00","h":"Est","s":"25N-H50N300F-90-F3"},{"r":"93","t":"19:21:00","h":"Est","s":"25N-H50N400F-90-F4"},{"r":"93","t":"19:21:00","h":"Est","s":"25N-H50NV10I-90-I"},{"r":"93","t":"19:21:00","h":"Est","s":"25N-H50NV20I-90-I"},{"r":"93","t":"19:21:00","h":"Est","s":"25S-H50S000I-81-I"},{"r":"93","t":"19:21:00","h":"Est","s":"25S-H50S100F-80-F1"},{"r":"93","t":"19:21:00","h":"Est","s":"25S-H50S200F-80-F2"},{"r":"93","t":"19:25:00","h":"Est","s":"25N-H50N000S-80-S"},{"r":"93","t":"19:25:00","h":"Est","s":"25N-H50N000S-90-S"},{"r":"93","t":"19:25:00","h":"Est","s":"25N-H50NV10S-90-S"},{"r":"93","t":"19:25:00","h":"Est","s":"25N-H50NV20S-90-S"},{"r":"93","t":"19:25:00","h":"Est","s":"25S-H50S000S-81-S"},{"r":"93","t":"19:47:00","h":"Est","s":"25N-H50N000A-80-A"},{"r":"93","t":"19:47:00","h":"Est","s":"25N-H50N000A-90-A"},{"r":"93","t":"19:47:00","h":"Est","s":"25N-H50NV10A-90-A"},{"r":"93","t":"19:47:00","h":"Est","s":"25N-H50NV20A-90-A"},{"r":"93","t":"19:47:00","h":"Est","s":"25S-H50S000A-81-A"},{"r":"93","t":"19:50:00","h":"Est","s":"25N-H50N000I-80-I"},{"r":"93","t":"19:50:00","h":"Est","s":"25N-H50N000I-90-I"},{"r":"93","t":"19:50:00","h":"Est","s":"25N-H50N100F-90-F1"},{"r":"93","t":"19:50:00","h":"Est","s":"25N-H50N200F-90-F2"},{"r":"93","t":"19:50:00","h":"Est","s":"25N-H50N300F-90-F3"},{"r":"93","t":"19:50:00","h":"Est","s":"25N-H50N400F-90-F4"},{"r":"93","t":"19:50:00","h":"Est","s":"25N-H50NV10I-90-I"},{"r":"93","t":"19:50:00","h":"Est","s":"25N-H50NV20I-90-I"},{"r":"93","t":"19:50:00","h":"Est","s":"25S-H50S000I-81-I"},{"r":"93","t":"19:50:00","h":"Est","s":"25S-H50S100F-80-F1"},{"r":"93","t":"19:50:00","h":"Est","s":"25S-H50S200F-80-F2"},{"r":"93","t":"19:54:00","h":"Est","s":"25N-H50N000S-80-S"},{"r":"93","t":"19:54:00","h":"Est","s":"25N-H50N000S-90-S"},{"r":"93","t":"19:54:00","h":"Est","s":"25N-H50NV10S-90-S"},{"r":"93","t":"19:54:00","h":"Est","s":"25N-H50NV20S-90-S"},{"r":"93","t":"19:54:00","h":"Est","s":"25S-H50S000S-81-S"},{"r":"93","t":"20:16:00","h":"Est","s":"25N-H50N000A-80-A"},{"r":"93","t":"20:16:00","h":"Est","s":"25N-H50N000A-90-A"},{"r":"93","t":"20:16:00","h":"Est","s":"25N-H50NV10A-90-A"},{"r":"93","t":"20:16:00","h":"Est","s":"25N-H50NV20A-90-A"},{"r":"93","t":"20:16:00","h":"Est","s":"25S-H50S000A-81-A"},{"r":"93","t":"20:20:00","h":"Est","s":"25N-H50N000I-80-I"},{"r":"93","t":"20:20:00","h":"Est","s":"25N-H50N000I-90-I"},{"r":"93","t":"20:20:00","h":"Est","s":"25N-H50N100F-90-F1"},{"r":"93","t":"20:20:00","h":"Est","s":"25N-H50N200F-90-F2"},{"r":"93","t":"20:20:00","h":"Est","s":"25N-H50N300F-90-F3"},{"r":"93","t":"20:20:00","h":"Est","s":"25N-H50N400F-90-F4"},{"r":"93","t":"20:20:00","h":"Est","s":"25N-H50NV10I-90-I"},{"r":"93","t":"20:20:00","h":"Est","s":"25N-H50NV20I-90-I"},{"r":"93","t":"20:20:00","h":"Est","s":"25S-H50S000I-81-I"},{"r":"93","t":"20:20:00","h":"Est","s":"25S-H50S100F-80-F1"},{"r":"93","t":"20:20:00","h":"Est","s":"25S-H50S200F-80-F2"},{"r":"93","t":"20:23:00","h":"Est","s":"25N-H50N000S-80-S"},{"r":"93","t":"20:23:00","h":"Est","s":"25N-H50N000S-90-S"},{"r":"93","t":"20:23:00","h":"Est","s":"25N-H50NV10S-90-S"},{"r":"93","t":"20:23:00","h":"Est","s":"25N-H50NV20S-90-S"},{"r":"93","t":"20:23:00","h":"Est","s":"25S-H50S000S-81-S"},{"r":"93","t":"20:44:00","h":"Est","s":"25N-H50N000A-80-A"},{"r":"93","t":"20:44:00","h":"Est","s":"25N-H50N000A-90-A"},{"r":"93","t":"20:44:00","h":"Est","s":"25N-H50NV10A-90-A"},{"r":"93","t":"20:44:00","h":"Est","s":"25N-H50NV20A-90-A"},{"r":"93","t":"20:44:00","h":"Est","s":"25S-H50S000A-81-A"},{"r":"93","t":"20:50:00","h":"Est","s":"25N-H50N000I-80-I"},{"r":"93","t":"20:50:00","h":"Est","s":"25N-H50N000I-90-I"},{"r":"93","t":"20:50:00","h":"Est","s":"25N-H50N000S-80-S"},{"r":"93","t":"20:50:00","h":"Est","s":"25N-H50N000S-90-S"},{"r":"93","t":"20:50:00","h":"Est","s":"25N-H50N100F-90-F1"},{"r":"93","t":"20:50:00","h":"Est","s":"25N-H50N200F-90-F2"},{"r":"93","t":"20:50:00","h":"Est","s":"25N-H50N300F-90-F3"},{"r":"93","t":"20:50:00","h":"Est","s":"25N-H50N400F-90-F4"},{"r":"93","t":"20:50:00","h":"Est","s":"25N-H50NV10I-90-I"},{"r":"93","t":"20:50:00","h":"Est","s":"25N-H50NV10S-90-S"},{"r":"93","t":"20:50:00","h":"Est","s":"25N-H50NV20I-90-I"},{"r":"93","t":"20:50:00","h":"Est","s":"25N-H50NV20S-90-S"},{"r":"93","t":"20:50:00","h":"Est","s":"25S-H50S000I-81-I"},{"r":"93","t":"20:50:00","h":"Est","s":"25S-H50S000S-81-S"},{"r":"93","t":"20:50:00","h":"Est","s":"25S-H50S100F-80-F1"},{"r":"93","t":"20:50:00","h":"Est","s":"25S-H50S200F-80-F2"},{"r":"93","t":"21:13:00","h":"Est","s":"25N-H50N000A-80-A"},{"r":"93","t":"21:13:00","h":"Est","s":"25N-H50N000A-90-A"},{"r":"93","t":"21:13:00","h":"Est","s":"25N-H50NV10A-90-A"},{"r":"93","t":"21:13:00","h":"Est","s":"25N-H50NV20A-90-A"},{"r":"93","t":"21:13:00","h":"Est","s":"25S-H50S000A-81-A"},{"r":"93","t":"21:17:00","h":"Est","s":"25N-H50N000S-80-S"},{"r":"93","t":"21:17:00","h":"Est","s":"25N-H50N000S-90-S"},{"r":"93","t":"21:17:00","h":"Est","s":"25N-H50NV10S-90-S"},{"r":"93","t":"21:17:00","h":"Est","s":"25N-H50NV20S-90-S"},{"r":"93","t":"21:17:00","h":"Est","s":"25S-H50S000S-81-S"},{"r":"93","t":"21:20:00","h":"Est","s":"25N-H50N000I-80-I"},{"r":"93","t":"21:20:00","h":"Est","s":"25N-H50N000I-90-I"},{"r":"93","t":"21:20:00","h":"Est","s":"25N-H50N100F-90-F1"},{"r":"93","t":"21:20:00","h":"Est","s":"25N-H50N200F-90-F2"},{"r":"93","t":"21:20:00","h":"Est","s":"25N-H50N300F-90-F3"},{"r":"93","t":"21:20:00","h":"Est","s":"25N-H50N400F-90-F4"},{"r":"93","t":"21:20:00","h":"Est","s":"25N-H50NV10I-90-I"},{"r":"93","t":"21:20:00","h":"Est","s":"25N-H50NV20I-90-I"},{"r":"93","t":"21:20:00","h":"Est","s":"25S-H50S000I-81-I"},{"r":"93","t":"21:20:00","h":"Est","s":"25S-H50S100F-80-F1"},{"r":"93","t":"21:20:00","h":"Est","s":"25S-H50S200F-80-F2"},{"r":"93","t":"21:42:00","h":"Est","s":"25N-H50N000A-80-A"},{"r":"93","t":"21:42:00","h":"Est","s":"25N-H50N000A-90-A"},{"r":"93","t":"21:42:00","h":"Est","s":"25N-H50N000S-80-S"},{"r":"93","t":"21:42:00","h":"Est","s":"25N-H50N000S-90-S"},{"r":"93","t":"21:42:00","h":"Est","s":"25N-H50NV10A-90-A"},{"r":"93","t":"21:42:00","h":"Est","s":"25N-H50NV10S-90-S"},{"r":"93","t":"21:42:00","h":"Est","s":"25N-H50NV20A-90-A"},{"r":"93","t":"21:42:00","h":"Est","s":"25N-H50NV20S-90-S"},{"r":"93","t":"21:42:00","h":"Est","s":"25S-H50S000A-81-A"},{"r":"93","t":"21:42:00","h":"Est","s":"25S-H50S000S-81-S"},{"r":"93","t":"21:50:00","h":"Est","s":"25N-H50N000I-80-I"},{"r":"93","t":"21:50:00","h":"Est","s":"25N-H50N000I-90-I"},{"r":"93","t":"21:50:00","h":"Est","s":"25N-H50N100F-90-F1"},{"r":"93","t":"21:50:00","h":"Est","s":"25N-H50N200F-90-F2"},{"r":"93","t":"21:50:00","h":"Est","s":"25N-H50N300F-90-F3"},{"r":"93","t":"21:50:00","h":"Est","s":"25N-H50N400F-90-F4"},{"r":"93","t":"21:50:00","h":"Est","s":"25N-H50NV10I-90-I"},{"r":"93","t":"21:50:00","h":"Est","s":"25N-H50NV20I-90-I"},{"r":"93","t":"21:50:00","h":"Est","s":"25S-H50S000I-81-I"},{"r":"93","t":"21:50:00","h":"Est","s":"25S-H50S100F-80-F1"},{"r":"93","t":"21:50:00","h":"Est","s":"25S-H50S200F-80-F2"},{"r":"93","t":"22:08:00","h":"Est","s":"25N-H50N000S-80-S"},{"r":"93","t":"22:08:00","h":"Est","s":"25N-H50N000S-90-S"},{"r":"93","t":"22:08:00","h":"Est","s":"25N-H50NV10S-90-S"},{"r":"93","t":"22:08:00","h":"Est","s":"25N-H50NV20S-90-S"},{"r":"93","t":"22:08:00","h":"Est","s":"25S-H50S000S-81-S"},{"r":"93","t":"22:10:00","h":"Est","s":"25N-H50N000A-80-A"},{"r":"93","t":"22:10:00","h":"Est","s":"25N-H50N000A-90-A"},{"r":"93","t":"22:10:00","h":"Est","s":"25N-H50NV10A-90-A"},{"r":"93","t":"22:10:00","h":"Est","s":"25N-H50NV20A-90-A"},{"r":"93","t":"22:10:00","h":"Est","s":"25S-H50S000A-81-A"},{"r":"93","t":"22:20:00","h":"Est","s":"25N-H50N000I-80-I"},{"r":"93","t":"22:20:00","h":"Est","s":"25N-H50N000I-90-I"},{"r":"93","t":"22:20:00","h":"Est","s":"25N-H50N100F-90-F1"},{"r":"93","t":"22:20:00","h":"Est","s":"25N-H50N200F-90-F2"},{"r":"93","t":"22:20:00","h":"Est","s":"25N-H50N300F-90-F3"},{"r":"93","t":"22:20:00","h":"Est","s":"25N-H50N400F-90-F4"},{"r":"93","t":"22:20:00","h":"Est","s":"25N-H50NV10I-90-I"},{"r":"93","t":"22:20:00","h":"Est","s":"25N-H50NV20I-90-I"},{"r":"93","t":"22:20:00","h":"Est","s":"25S-H50S000I-81-I"},{"r":"93","t":"22:20:00","h":"Est","s":"25S-H50S100F-80-F1"},{"r":"93","t":"22:20:00","h":"Est","s":"25S-H50S200F-80-F2"},{"r":"93","t":"22:33:00","h":"Est","s":"25N-H50N000S-80-S"},{"r":"93","t":"22:33:00","h":"Est","s":"25N-H50N000S-90-S"},{"r":"93","t":"22:33:00","h":"Est","s":"25N-H50NV10S-90-S"},{"r":"93","t":"22:33:00","h":"Est","s":"25N-H50NV20S-90-S"},{"r":"93","t":"22:33:00","h":"Est","s":"25S-H50S000S-81-S"},{"r":"93","t":"22:39:00","h":"Est","s":"25N-H50N000A-80-A"},{"r":"93","t":"22:39:00","h":"Est","s":"25N-H50N000A-90-A"},{"r":"93","t":"22:39:00","h":"Est","s":"25N-H50NV10A-90-A"},{"r":"93","t":"22:39:00","h":"Est","s":"25N-H50NV20A-90-A"},{"r":"93","t":"22:39:00","h":"Est","s":"25S-H50S000A-81-A"},{"r":"93","t":"22:50:00","h":"Est","s":"25N-H50N000I-80-I"},{"r":"93","t":"22:50:00","h":"Est","s":"25N-H50N000I-90-I"},{"r":"93","t":"22:50:00","h":"Est","s":"25N-H50N100F-90-F1"},{"r":"93","t":"22:50:00","h":"Est","s":"25N-H50N200F-90-F2"},{"r":"93","t":"22:50:00","h":"Est","s":"25N-H50N300F-90-F3"},{"r":"93","t":"22:50:00","h":"Est","s":"25N-H50N400F-90-F4"},{"r":"93","t":"22:50:00","h":"Est","s":"25N-H50NV10I-90-I"},{"r":"93","t":"22:50:00","h":"Est","s":"25N-H50NV20I-90-I"},{"r":"93","t":"22:50:00","h":"Est","s":"25S-H50S000I-81-I"},{"r":"93","t":"22:50:00","h":"Est","s":"25S-H50S100F-80-F1"},{"r":"93","t":"22:50:00","h":"Est","s":"25S-H50S200F-80-F2"},{"r":"93","t":"22:56:00","h":"Est","s":"25N-H50N000S-80-S"},{"r":"93","t":"22:56:00","h":"Est","s":"25N-H50N000S-90-S"},{"r":"93","t":"22:56:00","h":"Est","s":"25N-H50NV10S-90-S"},{"r":"93","t":"22:56:00","h":"Est","s":"25N-H50NV20S-90-S"},{"r":"93","t":"22:56:00","h":"Est","s":"25S-H50S000S-81-S"},{"r":"93","t":"23:08:00","h":"Est","s":"25N-H50N000A-80-A"},{"r":"93","t":"23:08:00","h":"Est","s":"25N-H50N000A-90-A"},{"r":"93","t":"23:08:00","h":"Est","s":"25N-H50NV10A-90-A"},{"r":"93","t":"23:08:00","h":"Est","s":"25N-H50NV20A-90-A"},{"r":"93","t":"23:08:00","h":"Est","s":"25S-H50S000A-81-A"},{"r":"93","t":"23:19:00","h":"Est","s":"25N-H50N000I-80-I"},{"r":"93","t":"23:19:00","h":"Est","s":"25N-H50N000I-90-I"},{"r":"93","t":"23:19:00","h":"Est","s":"25N-H50N100F-90-F1"},{"r":"93","t":"23:19:00","h":"Est","s":"25N-H50N200F-90-F2"},{"r":"93","t":"23:19:00","h":"Est","s":"25N-H50N300F-90-F3"},{"r":"93","t":"23:19:00","h":"Est","s":"25N-H50N400F-90-F4"},{"r":"93","t":"23:19:00","h":"Est","s":"25N-H50NV10I-90-I"},{"r":"93","t":"23:19:00","h":"Est","s":"25N-H50NV20I-90-I"},{"r":"93","t":"23:19:00","h":"Est","s":"25S-H50S000I-81-I"},{"r":"93","t":"23:19:00","h":"Est","s":"25S-H50S100F-80-F1"},{"r":"93","t":"23:19:00","h":"Est","s":"25S-H50S200F-80-F2"},{"r":"93","t":"23:21:00","h":"Est","s":"25N-H50N000S-80-S"},{"r":"93","t":"23:21:00","h":"Est","s":"25N-H50N000S-90-S"},{"r":"93","t":"23:21:00","h":"Est","s":"25N-H50NV10S-90-S"},{"r":"93","t":"23:21:00","h":"Est","s":"25N-H50NV20S-90-S"},{"r":"93","t":"23:21:00","h":"Est","s":"25S-H50S000S-81-S"},{"r":"93","t":"23:38:00","h":"Est","s":"25N-H50N000A-80-A"},{"r":"93","t":"23:38:00","h":"Est","s":"25N-H50N000A-90-A"},{"r":"93","t":"23:38:00","h":"Est","s":"25N-H50NV10A-90-A"},{"r":"93","t":"23:38:00","h":"Est","s":"25N-H50NV20A-90-A"},{"r":"93","t":"23:38:00","h":"Est","s":"25S-H50S000A-81-A"},{"r":"93","t":"23:46:00","h":"Est","s":"25N-H50N000S-80-S"},{"r":"93","t":"23:46:00","h":"Est","s":"25N-H50N000S-90-S"},{"r":"93","t":"23:46:00","h":"Est","s":"25N-H50NV10S-90-S"},{"r":"93","t":"23:46:00","h":"Est","s":"25N-H50NV20S-90-S"},{"r":"93","t":"23:46:00","h":"Est","s":"25S-H50S000S-81-S"},{"r":"93","t":"23:48:00","h":"Est","s":"25N-H50N000I-80-I"},{"r":"93","t":"23:48:00","h":"Est","s":"25N-H50N000I-90-I"},{"r":"93","t":"23:48:00","h":"Est","s":"25N-H50N100F-90-F1"},{"r":"93","t":"23:48:00","h":"Est","s":"25N-H50N200F-90-F2"},{"r":"93","t":"23:48:00","h":"Est","s":"25N-H50N300F-90-F3"},{"r":"93","t":"23:48:00","h":"Est","s":"25N-H50N400F-90-F4"},{"r":"93","t":"23:48:00","h":"Est","s":"25N-H50NV10I-90-I"},{"r":"93","t":"23:48:00","h":"Est","s":"25N-H50NV20I-90-I"},{"r":"93","t":"23:48:00","h":"Est","s":"25S-H50S000I-81-I"},{"r":"93","t":"23:48:00","h":"Est","s":"25S-H50S100F-80-F1"},{"r":"93","t":"23:48:00","h":"Est","s":"25S-H50S200F-80-F2"},{"r":"93","t":"24:08:00","h":"Est","s":"25N-H50N000A-80-A"},{"r":"93","t":"24:08:00","h":"Est","s":"25N-H50N000A-90-A"},{"r":"93","t":"24:08:00","h":"Est","s":"25N-H50NV10A-90-A"},{"r":"93","t":"24:08:00","h":"Est","s":"25N-H50NV20A-90-A"},{"r":"93","t":"24:08:00","h":"Est","s":"25S-H50S000A-81-A"},{"r":"93","t":"24:12:00","h":"Est","s":"25N-H50N000S-80-S"},{"r":"93","t":"24:12:00","h":"Est","s":"25N-H50N000S-90-S"},{"r":"93","t":"24:12:00","h":"Est","s":"25N-H50NV10S-90-S"},{"r":"93","t":"24:12:00","h":"Est","s":"25N-H50NV20S-90-S"},{"r":"93","t":"24:12:00","h":"Est","s":"25S-H50S000S-81-S"},{"r":"93","t":"24:18:00","h":"Est","s":"25N-H50N000I-80-I"},{"r":"93","t":"24:18:00","h":"Est","s":"25N-H50N000I-90-I"},{"r":"93","t":"24:18:00","h":"Est","s":"25N-H50N100F-90-F1"},{"r":"93","t":"24:18:00","h":"Est","s":"25N-H50N200F-90-F2"},{"r":"93","t":"24:18:00","h":"Est","s":"25N-H50N300F-90-F3"},{"r":"93","t":"24:18:00","h":"Est","s":"25N-H50N400F-90-F4"},{"r":"93","t":"24:18:00","h":"Est","s":"25N-H50NV10I-90-I"},{"r":"93","t":"24:18:00","h":"Est","s":"25N-H50NV20I-90-I"},{"r":"93","t":"24:18:00","h":"Est","s":"25S-H50S000I-81-I"},{"r":"93","t":"24:18:00","h":"Est","s":"25S-H50S100F-80-F1"},{"r":"93","t":"24:18:00","h":"Est","s":"25S-H50S200F-80-F2"},{"r":"93","t":"24:38:00","h":"Est","s":"25N-H50N000A-80-A"},{"r":"93","t":"24:38:00","h":"Est","s":"25N-H50N000A-90-A"},{"r":"93","t":"24:38:00","h":"Est","s":"25N-H50N000S-80-S"},{"r":"93","t":"24:38:00","h":"Est","s":"25N-H50N000S-90-S"},{"r":"93","t":"24:38:00","h":"Est","s":"25N-H50NV10A-90-A"},{"r":"93","t":"24:38:00","h":"Est","s":"25N-H50NV10S-90-S"},{"r":"93","t":"24:38:00","h":"Est","s":"25N-H50NV20A-90-A"},{"r":"93","t":"24:38:00","h":"Est","s":"25N-H50NV20S-90-S"},{"r":"93","t":"24:38:00","h":"Est","s":"25S-H50S000A-81-A"},{"r":"93","t":"24:38:00","h":"Est","s":"25S-H50S000S-81-S"},{"r":"93","t":"24:47:00","h":"Est","s":"25N-H50N000I-80-I"},{"r":"93","t":"24:47:00","h":"Est","s":"25N-H50N000I-90-I"},{"r":"93","t":"24:47:00","h":"Est","s":"25N-H50N100F-90-F1"},{"r":"93","t":"24:47:00","h":"Est","s":"25N-H50N200F-90-F2"},{"r":"93","t":"24:47:00","h":"Est","s":"25N-H50N300F-90-F3"},{"r":"93","t":"24:47:00","h":"Est","s":"25N-H50N400F-90-F4"},{"r":"93","t":"24:47:00","h":"Est","s":"25N-H50NV10I-90-I"},{"r":"93","t":"24:47:00","h":"Est","s":"25N-H50NV20I-90-I"},{"r":"93","t":"24:47:00","h":"Est","s":"25S-H50S000I-81-I"},{"r":"93","t":"24:47:00","h":"Est","s":"25S-H50S100F-80-F1"},{"r":"93","t":"24:47:00","h":"Est","s":"25S-H50S200F-80-F2"},{"r":"93","t":"25:05:00","h":"Est","s":"25N-H50N000S-80-S"},{"r":"93","t":"25:05:00","h":"Est","s":"25N-H50N000S-90-S"},{"r":"93","t":"25:05:00","h":"Est","s":"25N-H50NV10S-90-S"},{"r":"93","t":"25:05:00","h":"Est","s":"25N-H50NV20S-90-S"},{"r":"93","t":"25:05:00","h":"Est","s":"25S-H50S000S-81-S"},{"r":"93","t":"25:08:00","h":"Est","s":"25N-H50N000A-80-A"},{"r":"93","t":"25:08:00","h":"Est","s":"25N-H50N000A-90-A"},{"r":"93","t":"25:08:00","h":"Est","s":"25N-H50NV10A-90-A"},{"r":"93","t":"25:08:00","h":"Est","s":"25N-H50NV20A-90-A"},{"r":"93","t":"25:08:00","h":"Est","s":"25S-H50S000A-81-A"},{"r":"93","t":"25:16:00","h":"Est","s":"25N-H50N000I-80-I"},{"r":"93","t":"25:16:00","h":"Est","s":"25N-H50N000I-90-I"},{"r":"93","t":"25:16:00","h":"Est","s":"25N-H50N100F-90-F1"},{"r":"93","t":"25:16:00","h":"Est","s":"25N-H50N200F-90-F2"},{"r":"93","t":"25:16:00","h":"Est","s":"25N-H50N300F-90-F3"},{"r":"93","t":"25:16:00","h":"Est","s":"25N-H50N400F-90-F4"},{"r":"93","t":"25:16:00","h":"Est","s":"25N-H50NV10I-90-I"},{"r":"93","t":"25:16:00","h":"Est","s":"25N-H50NV20I-90-I"},{"r":"93","t":"25:16:00","h":"Est","s":"25S-H50S000I-81-I"},{"r":"93","t":"25:16:00","h":"Est","s":"25S-H50S100F-80-F1"},{"r":"93","t":"25:16:00","h":"Est","s":"25S-H50S200F-80-F2"},{"r":"372","t":"25:39:41","h":"Est","s":"25N-H54N000I-80-I"},{"r":"372","t":"25:39:41","h":"Est","s":"25N-H54N100F-80-F1"},{"r":"372","t":"25:39:41","h":"Est","s":"25N-H54N200F-80-F2"},{"r":"372","t":"25:39:41","h":"Est","s":"25N-H54N300F-80-F3"},{"r":"372","t":"25:39:41","h":"Est","s":"25N-H54N400F-80-F4"},{"r":"372","t":"25:39:41","h":"Est","s":"25N-H54NV10I-80-I"},{"r":"372","t":"25:39:41","h":"Est","s":"25N-H54NV20I-80-I"},{"r":"372","t":"25:39:41","h":"Est","s":"25S-H54S000I-82-I"},{"r":"372","t":"25:39:41","h":"Est","s":"25S-H54S100F-80-F1"},{"r":"372","t":"25:39:41","h":"Est","s":"25S-H54S200F-80-F2"},{"r":"372","t":"25:39:49","h":"Est","s":"25N-H54N000A-80-A"},{"r":"372","t":"25:39:49","h":"Est","s":"25N-H54NV10A-80-A"},{"r":"372","t":"25:39:49","h":"Est","s":"25N-H54NV20A-80-A"},{"r":"372","t":"25:39:49","h":"Est","s":"25S-H54S000A-83-A"},{"r":"372","t":"25:41:07","h":"Est","s":"25N-H54N000S-80-S"},{"r":"372","t":"25:41:07","h":"Est","s":"25N-H54NV10S-82-S"},{"r":"372","t":"25:41:07","h":"Est","s":"25N-H54NV20S-80-S"},{"r":"372","t":"25:41:07","h":"Est","s":"25S-H54S000S-82-S"},{"r":"372","t":"26:14:41","h":"Est","s":"25N-H54N000S-80-S"},{"r":"372","t":"26:14:41","h":"Est","s":"25N-H54NV10S-82-S"},{"r":"372","t":"26:14:41","h":"Est","s":"25N-H54NV20S-80-S"},{"r":"372","t":"26:14:41","h":"Est","s":"25S-H54S000S-82-S"},{"r":"372","t":"26:24:49","h":"Est","s":"25N-H54N000A-80-A"},{"r":"372","t":"26:24:49","h":"Est","s":"25N-H54NV10A-80-A"},{"r":"372","t":"26:24:49","h":"Est","s":"25N-H54NV20A-80-A"},{"r":"372","t":"26:24:49","h":"Est","s":"25S-H54S000A-83-A"},{"r":"372","t":"26:26:41","h":"Est","s":"25N-H54N000I-80-I"},{"r":"372","t":"26:26:41","h":"Est","s":"25N-H54N100F-80-F1"},{"r":"372","t":"26:26:41","h":"Est","s":"25N-H54N200F-80-F2"},{"r":"372","t":"26:26:41","h":"Est","s":"25N-H54N300F-80-F3"},{"r":"372","t":"26:26:41","h":"Est","s":"25N-H54N400F-80-F4"},{"r":"372","t":"26:26:41","h":"Est","s":"25N-H54NV10I-80-I"},{"r":"372","t":"26:26:41","h":"Est","s":"25N-H54NV20I-80-I"},{"r":"372","t":"26:26:41","h":"Est","s":"25S-H54S000I-82-I"},{"r":"372","t":"26:26:41","h":"Est","s":"25S-H54S100F-80-F1"},{"r":"372","t":"26:26:41","h":"Est","s":"25S-H54S200F-80-F2"},{"r":"372","t":"26:52:41","h":"Est","s":"25N-H54N000S-80-S"},{"r":"372","t":"26:52:41","h":"Est","s":"25N-H54NV10S-82-S"},{"r":"372","t":"26:52:41","h":"Est","s":"25N-H54NV20S-80-S"},{"r":"372","t":"26:52:41","h":"Est","s":"25S-H54S000S-82-S"},{"r":"372","t":"27:08:49","h":"Est","s":"25N-H54N000A-80-A"},{"r":"372","t":"27:08:49","h":"Est","s":"25N-H54NV10A-80-A"},{"r":"372","t":"27:08:49","h":"Est","s":"25N-H54NV20A-80-A"},{"r":"372","t":"27:08:49","h":"Est","s":"25S-H54S000A-83-A"},{"r":"372","t":"27:12:41","h":"Est","s":"25N-H54N000I-80-I"},{"r":"372","t":"27:12:41","h":"Est","s":"25N-H54N100F-80-F1"},{"r":"372","t":"27:12:41","h":"Est","s":"25N-H54N200F-80-F2"},{"r":"372","t":"27:12:41","h":"Est","s":"25N-H54N300F-80-F3"},{"r":"372","t":"27:12:41","h":"Est","s":"25N-H54N400F-80-F4"},{"r":"372","t":"27:12:41","h":"Est","s":"25N-H54NV10I-80-I"},{"r":"372","t":"27:12:41","h":"Est","s":"25N-H54NV20I-80-I"},{"r":"372","t":"27:12:41","h":"Est","s":"25S-H54S000I-82-I"},{"r":"372","t":"27:12:41","h":"Est","s":"25S-H54S100F-80-F1"},{"r":"372","t":"27:12:41","h":"Est","s":"25S-H54S200F-80-F2"},{"r":"372","t":"27:32:41","h":"Est","s":"25N-H54N000S-80-S"},{"r":"372","t":"27:32:41","h":"Est","s":"25N-H54NV10S-82-S"},{"r":"372","t":"27:32:41","h":"Est","s":"25N-H54NV20S-80-S"},{"r":"372","t":"27:32:41","h":"Est","s":"25S-H54S000S-82-S"},{"r":"372","t":"27:58:41","h":"Est","s":"25N-H54N000I-80-I"},{"r":"372","t":"27:58:41","h":"Est","s":"25N-H54N100F-80-F1"},{"r":"372","t":"27:58:41","h":"Est","s":"25N-H54N200F-80-F2"},{"r":"372","t":"27:58:41","h":"Est","s":"25N-H54N300F-80-F3"},{"r":"372","t":"27:58:41","h":"Est","s":"25N-H54N400F-80-F4"},{"r":"372","t":"27:58:41","h":"Est","s":"25N-H54NV10I-80-I"},{"r":"372","t":"27:58:41","h":"Est","s":"25N-H54NV20I-80-I"},{"r":"372","t":"27:58:41","h":"Est","s":"25S-H54S000I-82-I"},{"r":"372","t":"27:58:41","h":"Est","s":"25S-H54S100F-80-F1"},{"r":"372","t":"27:58:41","h":"Est","s":"25S-H54S200F-80-F2"},{"r":"372","t":"27:58:49","h":"Est","s":"25N-H54N000A-80-A"},{"r":"372","t":"27:58:49","h":"Est","s":"25N-H54NV10A-80-A"},{"r":"372","t":"27:58:49","h":"Est","s":"25N-H54NV20A-80-A"},{"r":"372","t":"27:58:49","h":"Est","s":"25S-H54S000A-83-A"},{"r":"372","t":"28:12:41","h":"Est","s":"25N-H54N000S-80-S"},{"r":"372","t":"28:12:41","h":"Est","s":"25N-H54NV10S-82-S"},{"r":"372","t":"28:12:41","h":"Est","s":"25N-H54NV20S-80-S"},{"r":"372","t":"28:12:41","h":"Est","s":"25S-H54S000S-82-S"},{"r":"372","t":"28:43:41","h":"Est","s":"25N-H54N000I-80-I"},{"r":"372","t":"28:43:41","h":"Est","s":"25N-H54N100F-80-F1"},{"r":"372","t":"28:43:41","h":"Est","s":"25N-H54N200F-80-F2"},{"r":"372","t":"28:43:41","h":"Est","s":"25N-H54N300F-80-F3"},{"r":"372","t":"28:43:41","h":"Est","s":"25N-H54N400F-80-F4"},{"r":"372","t":"28:43:41","h":"Est","s":"25N-H54NV10I-80-I"},{"r":"372","t":"28:43:41","h":"Est","s":"25N-H54NV20I-80-I"},{"r":"372","t":"28:43:41","h":"Est","s":"25S-H54S000I-82-I"},{"r":"372","t":"28:43:41","h":"Est","s":"25S-H54S100F-80-F1"},{"r":"372","t":"28:43:41","h":"Est","s":"25S-H54S200F-80-F2"},{"r":"372","t":"28:43:49","h":"Est","s":"25N-H54N000A-80-A"},{"r":"372","t":"28:43:49","h":"Est","s":"25N-H54NV10A-80-A"},{"r":"372","t":"28:43:49","h":"Est","s":"25N-H54NV20A-80-A"},{"r":"372","t":"28:43:49","h":"Est","s":"25S-H54S000A-83-A"},{"r":"372","t":"28:53:41","h":"Est","s":"25N-H54N000S-80-S"},{"r":"372","t":"28:53:41","h":"Est","s":"25N-H54NV10S-82-S"},{"r":"372","t":"28:53:41","h":"Est","s":"25N-H54NV20S-80-S"},{"r":"372","t":"28:53:41","h":"Est","s":"25S-H54S000S-82-S"},{"r":"372","t":"29:27:49","h":"Est destination Station St-Michel","s":"25N-H54N000A-80-A"},{"r":"372","t":"29:27:49","h":"Est destination Station St-Michel","s":"25N-H54NV10A-80-A"},{"r":"372","t":"29:27:49","h":"Est destination Station St-Michel","s":"25N-H54NV20A-80-A"},{"r":"372","t":"29:27:49","h":"Est destination Station St-Michel","s":"25S-H54S000A-83-A"},{"r":"372","t":"29:28:41","h":"Est destination Station St-Michel","s":"25N-H54N000I-80-I"},{"r":"372","t":"29:28:41","h":"Est destination Station St-Michel","s":"25N-H54N100F-80-F1"},{"r":"372","t":"29:28:41","h":"Est destination Station St-Michel","s":"25N-H54N200F-80-F2"},{"r":"372","t":"29:28:41","h":"Est destination Station St-Michel","s":"25N-H54N300F-80-F3"},{"r":"372","t":"29:28:41","h":"Est destination Station St-Michel","s":"25N-H54N400F-80-F4"},{"r":"372","t":"29:28:41","h":"Est destination Station St-Michel","s":"25N-H54NV10I-80-I"},{"r":"372","t":"29:28:41","h":"Est destination Station St-Michel","s":"25N-H54NV20I-80-I"},{"r":"372","t":"29:28:41","h":"Est destination Station St-Michel","s":"25S-H54S000I-82-I"},{"r":"372","t":"29:28:41","h":"Est destination Station St-Michel","s":"25S-H54S100F-80-F1"},{"r":"372","t":"29:28:41","h":"Est destination Station St-Michel","s":"25S-H54S200F-80-F2"},{"r":"372","t":"29:38:41","h":"Est destination Station St-Michel","s":"25N-H54N000S-80-S"},{"r":"372","t":"29:38:41","h":"Est destination Station St-Michel","s":"25N-H54NV10S-82-S"},{"r":"372","t":"29:38:41","h":"Est destination Station St-Michel","s":"25N-H54NV20S-80-S"},{"r":"372","t":"29:38:41","h":"Est destination Station St-Michel","s":"25S-H54S000S-82-S"}]