[{"r":"10","t":"05:58:21","h":"Nord","s":"25N-H59N000I-80-I"},{"r":"10","t":"05:58:21","h":"Nord","s":"25N-H59N100F-80-F1"},{"r":"10","t":"05:58:21","h":"Nord","s":"25N-H59N200F-81-F2"},{"r":"10","t":"05:58:21","h":"Nord","s":"25N-H59N300F-80-F3"},{"r":"10","t":"05:58:21","h":"Nord","s":"25N-H59N400F-80-F4"},{"r":"10","t":"05:58:21","h":"Nord","s":"25N-H59NV10I-80-I"},{"r":"10","t":"05:58:21","h":"Nord","s":"25N-H59NV20I-80-I"},{"r":"10","t":"05:58:21","h":"Nord","s":"25S-H59S000I-81-I"},{"r":"10","t":"05:58:21","h":"Nord","s":"25S-H59S100F-81-F1"},{"r":"10","t":"05:58:21","h":"Nord","s":"25S-H59S200F-81-F2"},{"r":"10","t":"05:59:47","h":"Nord","s":"25N-H59N000A-80-A"},{"r":"10","t":"05:59:47","h":"Nord","s":"25N-H59N000S-80-S"},{"r":"10","t":"05:59:47","h":"Nord","s":"25N-H59NV10A-80-A"},{"r":"10","t":"05:59:47","h":"Nord","s":"25N-H59NV10S-84-S"},{"r":"10","t":"05:59:47","h":"Nord","s":"25N-H59NV20S-80-S"},{"r":"10","t":"05:59:47","h":"Nord","s":"25N-H59VN20A-80-A"},{"r":"10","t":"05:59:47","h":"Nord","s":"25S-H59S000A-81-A"},{"r":"10","t":"05:59:47","h":"Nord","s":"25S-H59S000S-81-S"},{"r":"10","t":"06:25:21","h":"Nord","s":"25N-H59N000I-80-I"},{"r":"10","t":"06:25:21","h":"Nord","s":"25N-H59N100F-80-F1"},{"r":"10","t":"06:25:21","h":"Nord","s":"25N-H59N200F-81-F2"},{"r":"10","t":"06:25:21","h":"Nord","s":"25N-H59N300F-80-F3"},{"r":"10","t":"06:25:21","h":"Nord","s":"25N-H59N400F-80-F4"},{"r":"10","t":"06:25:21","h":"Nord","s":"25N-H59NV10I-80-I"},{"r":"10","t":"06:25:21","h":"Nord","s":"25N-H59NV20I-80-I"},{"r":"10","t":"06:25:21","h":"Nord","s":"25S-H59S000I-81-I"},{"r":"10","t":"06:25:21","h":"Nord","s":"25S-H59S100F-81-F1"},{"r":"10","t":"06:25:21","h":"Nord","s":"25S-H59S200F-81-F2"},{"r":"10","t":"06:26:47","h":"Nord","s":"25N-H59N000A-80-A"},{"r":"10","t":"06:26:47","h":"Nord","s":"25N-H59NV10A-80-A"},{"r":"10","t":"06:26:47","h":"Nord","s":"25N-H59VN20A-80-A"},{"r":"10","t":"06:26:47","h":"Nord","s":"25S-H59S000A-81-A"},{"r":"10","t":"06:30:47","h":"Nord","s":"25N-H59N000S-80-S"},{"r":"10","t":"06:30:47","h":"Nord","s":"25N-H59NV10S-84-S"},{"r":"10","t":"06:30:47","h":"Nord","s":"25N-H59NV20S-80-S"},{"r":"10","t":"06:30:47","h":"Nord","s":"25S-H59S000S-81-S"},{"r":"10","t":"06:53:21","h":"Nord","s":"25N-H59N000I-80-I"},{"r":"10","t":"06:53:21","h":"Nord","s":"25N-H59N100F-80-F1"},{"r":"10","t":"06:53:21","h":"Nord","s":"25N-H59N200F-81-F2"},{"r":"10","t":"06:53:21","h":"Nord","s":"25N-H59N300F-80-F3"},{"r":"10","t":"06:53:21","h":"Nord","s":"25N-H59N400F-80-F4"},{"r":"10","t":"06:53:21","h":"Nord","s":"25N-H59NV10I-80-I"},{"r":"10","t":"06:53:21","h":"Nord","s":"25N-H59NV20I-80-I"},{"r":"10","t":"06:53:21","h":"Nord","s":"25S-H59S000I-81-I"},{"r":"10","t":"06:53:21","h":"Nord","s":"25S-H59S100F-81-F1"},{"r":"10","t":"06:53:21","h":"Nord","s":"25S-H59S200F-81-F2"},{"r":"10","t":"06:56:47","h":"Nord","s":"25N-H59N000A-80-A"},{"r":"10","t":"06:56:47","h":"Nord","s":"25N-H59NV10A-80-A"},{"r":"10","t":"06:56:47","h":"Nord","s":"25N-H59VN20A-80-A"},{"r":"10","t":"06:56:47","h":"Nord","s":"25S-H59S000A-81-A"},{"r":"10","t":"07:03:47","h":"Nord","s":"25N-H59N000S-80-S"},{"r":"10","t":"07:03:47","h":"Nord","s":"25N-H59NV10S-84-S"},{"r":"10","t":"07:03:47","h":"Nord","s":"25N-H59NV20S-80-S"},{"r":"10","t":"07:03:47","h":"Nord","s":"25S-H59S000S-81-S"},{"r":"10","t":"07:24:21","h":"Nord","s":"25N-H59N000I-80-I"},{"r":"10","t":"07:24:21","h":"Nord","s":"25N-H59N100F-80-F1"},{"r":"10","t":"07:24:21","h":"Nord","s":"25N-H59N200F-81-F2"},{"r":"10","t":"07:24:21","h":"Nord","s":"25N-H59N300F-80-F3"},{"r":"10","t":"07:24:21","h":"Nord","s":"25N-H59N400F-80-F4"},{"r":"10","t":"07:24:21","h":"Nord","s":"25N-H59NV10I-80-I"},{"r":"10","t":"07:24:21","h":"Nord","s":"25N-H59NV20I-80-I"},{"r":"10","t":"07:24:21","h":"Nord","s":"25S-H59S000I-81-I"},{"r":"10","t":"07:24:21","h":"Nord","s":"25S-H59S100F-81-F1"},{"r":"10","t":"07:24:21","h":"Nord","s":"25S-H59S200F-81-F2"},{"r":"10","t":"07:25:47","h":"Nord","s":"25N-H59N000A-80-A"},{"r":"10","t":"07:25:47","h":"Nord","s":"25N-H59NV10A-80-A"},{"r":"10","t":"07:25:47","h":"Nord","s":"25N-H59VN20A-80-A"},{"r":"10","t":"07:25:47","h":"Nord","s":"25S-H59S000A-81-A"},{"r":"10","t":"07:40:54","h":"Nord","s":"25N-H59N000S-80-S"},{"r":"10","t":"07:40:54","h":"Nord","s":"25N-H59NV10S-84-S"},{"r":"10","t":"07:40:54","h":"Nord","s":"25N-H59NV20S-80-S"},{"r":"10","t":"07:40:54","h":"Nord","s":"25S-H59S000S-81-S"},{"r":"10","t":"07:52:21","h":"Nord","s":"25N-H59N000I-80-I"},{"r":"10","t":"07:52:21","h":"Nord","s":"25N-H59N100F-80-F1"},{"r":"10","t":"07:52:21","h":"Nord","s":"25N-H59N200F-81-F2"},{"r":"10","t":"07:52:21","h":"Nord","s":"25N-H59N300F-80-F3"},{"r":"10","t":"07:52:21","h":"Nord","s":"25N-H59N400F-80-F4"},{"r":"10","t":"07:52:21","h":"Nord","s":"25N-H59NV10I-80-I"},{"r":"10","t":"07:52:21","h":"Nord","s":"25N-H59NV20I-80-I"},{"r":"10","t":"07:52:21","h":"Nord","s":"25S-H59S000I-81-I"},{"r":"10","t":"07:52:21","h":"Nord","s":"25S-H59S100F-81-F1"},{"r":"10","t":"07:52:21","h":"Nord","s":"25S-H59S200F-81-F2"},{"r":"10","t":"07:54:47","h":"Nord","s":"25N-H59N000A-80-A"},{"r":"10","t":"07:54:47","h":"Nord","s":"25N-H59NV10A-80-A"},{"r":"10","t":"07:54:47","h":"Nord","s":"25N-H59VN20A-80-A"},{"r":"10","t":"07:54:47","h":"Nord","s":"25S-H59S000A-81-A"},{"r":"10","t":"08:08:54","h":"Nord","s":"25N-H59N000S-80-S"},{"r":"10","t":"08:08:54","h":"Nord","s":"25N-H59NV10S-84-S"},{"r":"10","t":"08:08:54","h":"Nord","s":"25N-H59NV20S-80-S"},{"r":"10","t":"08:08:54","h":"Nord","s":"25S-H59S000S-81-S"},{"r":"10","t":"08:21:21","h":"Nord","s":"25N-H59N000I-80-I"},{"r":"10","t":"08:21:21","h":"Nord","s":"25N-H59N100F-80-F1"},{"r":"10","t":"08:21:21","h":"Nord","s":"25N-H59N200F-81-F2"},{"r":"10","t":"08:21:21","h":"Nord","s":"25N-H59N300F-80-F3"},{"r":"10","t":"08:21:21","h":"Nord","s":"25N-H59N400F-80-F4"},{"r":"10","t":"08:21:21","h":"Nord","s":"25N-H59NV10I-80-I"},{"r":"10","t":"08:21:21","h":"Nord","s":"25N-H59NV20I-80-I"},{"r":"10","t":"08:21:21","h":"Nord","s":"25S-H59S000I-81-I"},{"r":"10","t":"08:21:21","h":"Nord","s":"25S-H59S100F-81-F1"},{"r":"10","t":"08:21:21","h":"Nord","s":"25S-H59S200F-81-F2"},{"r":"10","t":"08:24:47","h":"Nord","s":"25N-H59N000A-80-A"},{"r":"10","t":"08:24:47","h":"Nord","s":"25N-H59NV10A-80-A"},{"r":"10","t":"08:24:47","h":"Nord","s":"25N-H59VN20A-80-A"},{"r":"10","t":"08:24:47","h":"Nord","s":"25S-H59S000A-81-A"},{"r":"10","t":"08:41:54","h":"Nord","s":"25N-H59N000S-80-S"},{"r":"10","t":"08:41:54","h":"Nord","s":"25N-H59NV10S-84-S"},{"r":"10","t":"08:41:54","h":"Nord","s":"25N-H59NV20S-80-S"},{"r":"10","t":"08:41:54","h":"Nord","s":"25S-H59S000S-81-S"},{"r":"10","t":"08:52:21","h":"Nord","s":"25N-H59N000I-80-I"},{"r":"10","t":"08:52:21","h":"Nord","s":"25N-H59N100F-80-F1"},{"r":"10","t":"08:52:21","h":"Nord","s":"25N-H59N200F-81-F2"},{"r":"10","t":"08:52:21","h":"Nord","s":"25N-H59N300F-80-F3"},{"r":"10","t":"08:52:21","h":"Nord","s":"25N-H59N400F-80-F4"},{"r":"10","t":"08:52:21","h":"Nord","s":"25N-H59NV10I-80-I"},{"r":"10","t":"08:52:21","h":"Nord","s":"25N-H59NV20I-80-I"},{"r":"10","t":"08:52:21","h":"Nord","s":"25S-H59S000I-81-I"},{"r":"10","t":"08:52:21","h":"Nord","s":"25S-H59S100F-81-F1"},{"r":"10","t":"08:52:21","h":"Nord","s":"25S-H59S200F-81-F2"},{"r":"10","t":"08:54:47","h":"Nord","s":"25N-H59N000A-80-A"},{"r":"10","t":"08:54:47","h":"Nord","s":"25N-H59NV10A-80-A"},{"r":"10","t":"08:54:47","h":"Nord","s":"25N-H59VN20A-80-A"},{"r":"10","t":"08:54:47","h":"Nord","s":"25S-H59S000A-81-A"},{"r":"10","t":"09:10:21","h":"Nord","s":"25N-H59N000S-80-S"},{"r":"10","t":"09:10:21","h":"Nord","s":"25N-H59NV10S-84-S"},{"r":"10","t":"09:10:21","h":"Nord","s":"25N-H59NV20S-80-S"},{"r":"10","t":"09:10:21","h":"Nord","s":"25S-H59S000S-81-S"},{"r":"10","t":"09:21:47","h":"Nord","s":"25N-H59N000A-80-A"},{"r":"10","t":"09:21:47","h":"Nord","s":"25N-H59NV10A-80-A"},{"r":"10","t":"09:21:47","h":"Nord","s":"25N-H59VN20A-80-A"},{"r":"10","t":"09:21:47","h":"Nord","s":"25S-H59S000A-81-A"},{"r":"10","t":"09:22:21","h":"Nord","s":"25N-H59N000I-80-I"},{"r":"10","t":"09:22:21","h":"Nord","s":"25N-H59N100F-80-F1"},{"r":"10","t":"09:22:21","h":"Nord","s":"25N-H59N200F-81-F2"},{"r":"10","t":"09:22:21","h":"Nord","s":"25N-H59N300F-80-F3"},{"r":"10","t":"09:22:21","h":"Nord","s":"25N-H59N400F-80-F4"},{"r":"10","t":"09:22:21","h":"Nord","s":"25N-H59NV10I-80-I"},{"r":"10","t":"09:22:21","h":"Nord","s":"25N-H59NV20I-80-I"},{"r":"10","t":"09:22:21","h":"Nord","s":"25S-H59S000I-81-I"},{"r":"10","t":"09:22:21","h":"Nord","s":"25S-H59S100F-81-F1"},{"r":"10","t":"09:22:21","h":"Nord","s":"25S-H59S200F-81-F2"},{"r":"10","t":"09:36:21","h":"Nord","s":"25N-H59N000S-80-S"},{"r":"10","t":"09:36:21","h":"Nord","s":"25N-H59NV10S-84-S"},{"r":"10","t":"09:36:21","h":"Nord","s":"25N-H59NV20S-80-S"},{"r":"10","t":"09:36:21","h":"Nord","s":"25S-H59S000S-81-S"},{"r":"10","t":"09:47:47","h":"Nord","s":"25N-H59N000A-80-A"},{"r":"10","t":"09:47:47","h":"Nord","s":"25N-H59NV10A-80-A"},{"r":"10","t":"09:47:47","h":"Nord","s":"25N-H59VN20A-80-A"},{"r":"10","t":"09:47:47","h":"Nord","s":"25S-H59S000A-81-A"},{"r":"10","t":"09:51:21","h":"Nord","s":"25N-H59N000I-80-I"},{"r":"10","t":"09:51:21","h":"Nord","s":"25N-H59N100F-80-F1"},{"r":"10","t":"09:51:21","h":"Nord","s":"25N-H59N200F-81-F2"},{"r":"10","t":"09:51:21","h":"Nord","s":"25N-H59N300F-80-F3"},{"r":"10","t":"09:51:21","h":"Nord","s":"25N-H59N400F-80-F4"},{"r":"10","t":"09:51:21","h":"Nord","s":"25N-H59NV10I-80-I"},{"r":"10","t":"09:51:21","h":"Nord","s":"25N-H59NV20I-80-I"},{"r":"10","t":"09:51:21","h":"Nord","s":"25S-H59S000I-81-I"},{"r":"10","t":"09:51:21","h":"Nord","s":"25S-H59S100F-81-F1"},{"r":"10","t":"09:51:21","h":"Nord","s":"25S-H59S200F-81-F2"},{"r":"10","t":"10:05:21","h":"Nord","s":"25N-H59N000S-80-S"},{"r":"10","t":"10:05:21","h":"Nord","s":"25N-H59NV10S-84-S"},{"r":"10","t":"10:05:21","h":"Nord","s":"25N-H59NV20S-80-S"},{"r":"10","t":"10:05:21","h":"Nord","s":"25S-H59S000S-81-S"},{"r":"10","t":"10:13:47","h":"Nord","s":"25N-H59N000A-80-A"},{"r":"10","t":"10:13:47","h":"Nord","s":"25N-H59NV10A-80-A"},{"r":"10","t":"10:13:47","h":"Nord","s":"25N-H59VN20A-80-A"},{"r":"10","t":"10:13:47","h":"Nord","s":"25S-H59S000A-81-A"},{"r":"10","t":"10:21:21","h":"Nord","s":"25N-H59N000I-80-I"},{"r":"10","t":"10:21:21","h":"Nord","s":"25N-H59N100F-80-F1"},{"r":"10","t":"10:21:21","h":"Nord","s":"25N-H59N200F-81-F2"},{"r":"10","t":"10:21:21","h":"Nord","s":"25N-H59N300F-80-F3"},{"r":"10","t":"10:21:21","h":"Nord","s":"25N-H59N400F-80-F4"},{"r":"10","t":"10:21:21","h":"Nord","s":"25N-H59NV10I-80-I"},{"r":"10","t":"10:21:21","h":"Nord","s":"25N-H59NV20I-80-I"},{"r":"10","t":"10:21:21","h":"Nord","s":"25S-H59S000I-81-I"},{"r":"10","t":"10:21:21","h":"Nord","s":"25S-H59S100F-81-F1"},{"r":"10","t":"10:21:21","h":"Nord","s":"25S-H59S200F-81-F2"},{"r":"10","t":"10:34:21","h":"Nord","s":"25N-H59N000S-80-S"},{"r":"10","t":"10:34:21","h":"Nord","s":"25N-H59NV10S-84-S"},{"r":"10","t":"10:34:21","h":"Nord","s":"25N-H59NV20S-80-S"},{"r":"10","t":"10:34:21","h":"Nord","s":"25S-H59S000S-81-S"},{"r":"10","t":"10:38:47","h":"Nord","s":"25N-H59N000A-80-A"},{"r":"10","t":"10:38:47","h":"Nord","s":"25N-H59NV10A-80-A"},{"r":"10","t":"10:38:47","h":"Nord","s":"25N-H59VN20A-80-A"},{"r":"10","t":"10:38:47","h":"Nord","s":"25S-H59S000A-81-A"},{"r":"10","t":"10:51:21","h":"Nord","s":"25N-H59N000I-80-I"},{"r":"10","t":"10:51:21","h":"Nord","s":"25N-H59N100F-80-F1"},{"r":"10","t":"10:51:21","h":"Nord","s":"25N-H59N200F-81-F2"},{"r":"10","t":"10:51:21","h":"Nord","s":"25N-H59N300F-80-F3"},{"r":"10","t":"10:51:21","h":"Nord","s":"25N-H59N400F-80-F4"},{"r":"10","t":"10:51:21","h":"Nord","s":"25N-H59NV10I-80-I"},{"r":"10","t":"10:51:21","h":"Nord","s":"25N-H59NV20I-80-I"},{"r":"10","t":"10:51:21","h":"Nord","s":"25S-H59S000I-81-I"},{"r":"10","t":"10:51:21","h":"Nord","s":"25S-H59S100F-81-F1"},{"r":"10","t":"10:51:21","h":"Nord","s":"25S-H59S200F-81-F2"},{"r":"10","t":"11:04:21","h":"Nord","s":"25N-H59N000S-80-S"},{"r":"10","t":"11:04:21","h":"Nord","s":"25N-H59NV10S-84-S"},{"r":"10","t":"11:04:21","h":"Nord","s":"25N-H59NV20S-80-S"},{"r":"10","t":"11:04:21","h":"Nord","s":"25S-H59S000S-81-S"},{"r":"10","t":"11:04:47","h":"Nord","s":"25N-H59N000A-80-A"},{"r":"10","t":"11:04:47","h":"Nord","s":"25N-H59NV10A-80-A"},{"r":"10","t":"11:04:47","h":"Nord","s":"25N-H59VN20A-80-A"},{"r":"10","t":"11:04:47","h":"Nord","s":"25S-H59S000A-81-A"},{"r":"10","t":"11:21:21","h":"Nord","s":"25N-H59N000I-80-I"},{"r":"10","t":"11:21:21","h":"Nord","s":"25N-H59N100F-80-F1"},{"r":"10","t":"11:21:21","h":"Nord","s":"25N-H59N200F-81-F2"},{"r":"10","t":"11:21:21","h":"Nord","s":"25N-H59N300F-80-F3"},{"r":"10","t":"11:21:21","h":"Nord","s":"25N-H59N400F-80-F4"},{"r":"10","t":"11:21:21","h":"Nord","s":"25N-H59NV10I-80-I"},{"r":"10","t":"11:21:21","h":"Nord","s":"25N-H59NV20I-80-I"},{"r":"10","t":"11:21:21","h":"Nord","s":"25S-H59S000I-81-I"},{"r":"10","t":"11:21:21","h":"Nord","s":"25S-H59S100F-81-F1"},{"r":"10","t":"11:21:21","h":"Nord","s":"25S-H59S200F-81-F2"},{"r":"10","t":"11:31:54","h":"Nord","s":"25N-H59N000A-80-A"},{"r":"10","t":"11:31:54","h":"Nord","s":"25N-H59NV10A-80-A"},{"r":"10","t":"11:31:54","h":"Nord","s":"25N-H59VN20A-80-A"},{"r":"10","t":"11:31:54","h":"Nord","s":"25S-H59S000A-81-A"},{"r":"10","t":"11:32:21","h":"Nord","s":"25N-H59N000S-80-S"},{"r":"10","t":"11:32:21","h":"Nord","s":"25N-H59NV10S-84-S"},{"r":"10","t":"11:32:21","h":"Nord","s":"25N-H59NV20S-80-S"},{"r":"10","t":"11:32:21","h":"Nord","s":"25S-H59S000S-81-S"},{"r":"10","t":"11:51:21","h":"Nord","s":"25N-H59N000I-80-I"},{"r":"10","t":"11:51:21","h":"Nord","s":"25N-H59N100F-80-F1"},{"r":"10","t":"11:51:21","h":"Nord","s":"25N-H59N200F-81-F2"},{"r":"10","t":"11:51:21","h":"Nord","s":"25N-H59N300F-80-F3"},{"r":"10","t":"11:51:21","h":"Nord","s":"25N-H59N400F-80-F4"},{"r":"10","t":"11:51:21","h":"Nord","s":"25N-H59NV10I-80-I"},{"r":"10","t":"11:51:21","h":"Nord","s":"25N-H59NV20I-80-I"},{"r":"10","t":"11:51:21","h":"Nord","s":"25S-H59S000I-81-I"},{"r":"10","t":"11:51:21","h":"Nord","s":"25S-H59S100F-81-F1"},{"r":"10","t":"11:51:21","h":"Nord","s":"25S-H59S200F-81-F2"},{"r":"10","t":"12:00:21","h":"Nord","s":"25N-H59N000S-80-S"},{"r":"10","t":"12:00:21","h":"Nord","s":"25N-H59NV10S-84-S"},{"r":"10","t":"12:00:21","h":"Nord","s":"25N-H59NV20S-80-S"},{"r":"10","t":"12:00:21","h":"Nord","s":"25S-H59S000S-81-S"},{"r":"10","t":"12:00:28","h":"Nord","s":"25N-H59N000A-80-A"},{"r":"10","t":"12:00:28","h":"Nord","s":"25N-H59NV10A-80-A"},{"r":"10","t":"12:00:28","h":"Nord","s":"25N-H59VN20A-80-A"},{"r":"10","t":"12:00:28","h":"Nord","s":"25S-H59S000A-81-A"},{"r":"10","t":"12:21:21","h":"Nord","s":"25N-H59N000I-80-I"},{"r":"10","t":"12:21:21","h":"Nord","s":"25N-H59N100F-80-F1"},{"r":"10","t":"12:21:21","h":"Nord","s":"25N-H59N200F-81-F2"},{"r":"10","t":"12:21:21","h":"Nord","s":"25N-H59N300F-80-F3"},{"r":"10","t":"12:21:21","h":"Nord","s":"25N-H59N400F-80-F4"},{"r":"10","t":"12:21:21","h":"Nord","s":"25N-H59NV10I-80-I"},{"r":"10","t":"12:21:21","h":"Nord","s":"25N-H59NV20I-80-I"},{"r":"10","t":"12:21:21","h":"Nord","s":"25S-H59S000I-81-I"},{"r":"10","t":"12:21:21","h":"Nord","s":"25S-H59S100F-81-F1"},{"r":"10","t":"12:21:21","h":"Nord","s":"25S-H59S200F-81-F2"},{"r":"10","t":"12:28:21","h":"Nord","s":"25N-H59N000S-80-S"},{"r":"10","t":"12:28:21","h":"Nord","s":"25N-H59NV10S-84-S"},{"r":"10","t":"12:28:21","h":"Nord","s":"25N-H59NV20S-80-S"},{"r":"10","t":"12:28:21","h":"Nord","s":"25S-H59S000S-81-S"},{"r":"10","t":"12:28:28","h":"Nord","s":"25N-H59N000A-80-A"},{"r":"10","t":"12:28:28","h":"Nord","s":"25N-H59NV10A-80-A"},{"r":"10","t":"12:28:28","h":"Nord","s":"25N-H59VN20A-80-A"},{"r":"10","t":"12:28:28","h":"Nord","s":"25S-H59S000A-81-A"},{"r":"10","t":"12:51:21","h":"Nord","s":"25N-H59N000I-80-I"},{"r":"10","t":"12:51:21","h":"Nord","s":"25N-H59N100F-80-F1"},{"r":"10","t":"12:51:21","h":"Nord","s":"25N-H59N200F-81-F2"},{"r":"10","t":"12:51:21","h":"Nord","s":"25N-H59N300F-80-F3"},{"r":"10","t":"12:51:21","h":"Nord","s":"25N-H59N400F-80-F4"},{"r":"10","t":"12:51:21","h":"Nord","s":"25N-H59NV10I-80-I"},{"r":"10","t":"12:51:21","h":"Nord","s":"25N-H59NV20I-80-I"},{"r":"10","t":"12:51:21","h":"Nord","s":"25S-H59S000I-81-I"},{"r":"10","t":"12:51:21","h":"Nord","s":"25S-H59S100F-81-F1"},{"r":"10","t":"12:51:21","h":"Nord","s":"25S-H59S200F-81-F2"},{"r":"10","t":"12:56:28","h":"Nord","s":"25N-H59N000A-80-A"},{"r":"10","t":"12:56:28","h":"Nord","s":"25N-H59NV10A-80-A"},{"r":"10","t":"12:56:28","h":"Nord","s":"25N-H59VN20A-80-A"},{"r":"10","t":"12:56:28","h":"Nord","s":"25S-H59S000A-81-A"},{"r":"10","t":"12:56:54","h":"Nord","s":"25N-H59N000S-80-S"},{"r":"10","t":"12:56:54","h":"Nord","s":"25N-H59NV10S-84-S"},{"r":"10","t":"12:56:54","h":"Nord","s":"25N-H59NV20S-80-S"},{"r":"10","t":"12:56:54","h":"Nord","s":"25S-H59S000S-81-S"},{"r":"10","t":"13:17:21","h":"Nord","s":"25N-H59N000I-80-I"},{"r":"10","t":"13:17:21","h":"Nord","s":"25N-H59N100F-80-F1"},{"r":"10","t":"13:17:21","h":"Nord","s":"25N-H59N200F-81-F2"},{"r":"10","t":"13:17:21","h":"Nord","s":"25N-H59N300F-80-F3"},{"r":"10","t":"13:17:21","h":"Nord","s":"25N-H59N400F-80-F4"},{"r":"10","t":"13:17:21","h":"Nord","s":"25N-H59NV10I-80-I"},{"r":"10","t":"13:17:21","h":"Nord","s":"25N-H59NV20I-80-I"},{"r":"10","t":"13:17:21","h":"Nord","s":"25S-H59S000I-81-I"},{"r":"10","t":"13:17:21","h":"Nord","s":"25S-H59S100F-81-F1"},{"r":"10","t":"13:17:21","h":"Nord","s":"25S-H59S200F-81-F2"},{"r":"10","t":"13:23:54","h":"Nord","s":"25N-H59N000S-80-S"},{"r":"10","t":"13:23:54","h":"Nord","s":"25N-H59NV10S-84-S"},{"r":"10","t":"13:23:54","h":"Nord","s":"25N-H59NV20S-80-S"},{"r":"10","t":"13:23:54","h":"Nord","s":"25S-H59S000S-81-S"},{"r":"10","t":"13:24:28","h":"Nord","s":"25N-H59N000A-80-A"},{"r":"10","t":"13:24:28","h":"Nord","s":"25N-H59NV10A-80-A"},{"r":"10","t":"13:24:28","h":"Nord","s":"25N-H59VN20A-80-A"},{"r":"10","t":"13:24:28","h":"Nord","s":"25S-H59S000A-81-A"},{"r":"10","t":"13:48:21","h":"Nord","s":"25N-H59N000I-80-I"},{"r":"10","t":"13:48:21","h":"Nord","s":"25N-H59N100F-80-F1"},{"r":"10","t":"13:48:21","h":"Nord","s":"25N-H59N200F-81-F2"},{"r":"10","t":"13:48:21","h":"Nord","s":"25N-H59N300F-80-F3"},{"r":"10","t":"13:48:21","h":"Nord","s":"25N-H59N400F-80-F4"},{"r":"10","t":"13:48:21","h":"Nord","s":"25N-H59NV10I-80-I"},{"r":"10","t":"13:48:21","h":"Nord","s":"25N-H59NV20I-80-I"},{"r":"10","t":"13:48:21","h":"Nord","s":"25S-H59S000I-81-I"},{"r":"10","t":"13:48:21","h":"Nord","s":"25S-H59S100F-81-F1"},{"r":"10","t":"13:48:21","h":"Nord","s":"25S-H59S200F-81-F2"},{"r":"10","t":"13:51:28","h":"Nord","s":"25N-H59N000A-80-A"},{"r":"10","t":"13:51:28","h":"Nord","s":"25N-H59NV10A-80-A"},{"r":"10","t":"13:51:28","h":"Nord","s":"25N-H59VN20A-80-A"},{"r":"10","t":"13:51:28","h":"Nord","s":"25S-H59S000A-81-A"},{"r":"10","t":"13:51:54","h":"Nord","s":"25N-H59N000S-80-S"},{"r":"10","t":"13:51:54","h":"Nord","s":"25N-H59NV10S-84-S"},{"r":"10","t":"13:51:54","h":"Nord","s":"25N-H59NV20S-80-S"},{"r":"10","t":"13:51:54","h":"Nord","s":"25S-H59S000S-81-S"},{"r":"10","t":"14:16:21","h":"Nord","s":"25N-H59N000I-80-I"},{"r":"10","t":"14:16:21","h":"Nord","s":"25N-H59N100F-80-F1"},{"r":"10","t":"14:16:21","h":"Nord","s":"25N-H59N200F-81-F2"},{"r":"10","t":"14:16:21","h":"Nord","s":"25N-H59N300F-80-F3"},{"r":"10","t":"14:16:21","h":"Nord","s":"25N-H59N400F-80-F4"},{"r":"10","t":"14:16:21","h":"Nord","s":"25N-H59NV10I-80-I"},{"r":"10","t":"14:16:21","h":"Nord","s":"25N-H59NV20I-80-I"},{"r":"10","t":"14:16:21","h":"Nord","s":"25S-H59S000I-81-I"},{"r":"10","t":"14:16:21","h":"Nord","s":"25S-H59S100F-81-F1"},{"r":"10","t":"14:16:21","h":"Nord","s":"25S-H59S200F-81-F2"},{"r":"10","t":"14:18:01","h":"Nord","s":"25N-H59N000A-80-A"},{"r":"10","t":"14:18:01","h":"Nord","s":"25N-H59NV10A-80-A"},{"r":"10","t":"14:18:01","h":"Nord","s":"25N-H59VN20A-80-A"},{"r":"10","t":"14:18:01","h":"Nord","s":"25S-H59S000A-81-A"},{"r":"10","t":"14:20:54","h":"Nord","s":"25N-H59N000S-80-S"},{"r":"10","t":"14:20:54","h":"Nord","s":"25N-H59NV10S-84-S"},{"r":"10","t":"14:20:54","h":"Nord","s":"25N-H59NV20S-80-S"},{"r":"10","t":"14:20:54","h":"Nord","s":"25S-H59S000S-81-S"},{"r":"10","t":"14:45:21","h":"Nord","s":"25N-H59N000I-80-I"},{"r":"10","t":"14:45:21","h":"Nord","s":"25N-H59N100F-80-F1"},{"r":"10","t":"14:45:21","h":"Nord","s":"25N-H59N200F-81-F2"},{"r":"10","t":"14:45:21","h":"Nord","s":"25N-H59N300F-80-F3"},{"r":"10","t":"14:45:21","h":"Nord","s":"25N-H59N400F-80-F4"},{"r":"10","t":"14:45:21","h":"Nord","s":"25N-H59NV10I-80-I"},{"r":"10","t":"14:45:21","h":"Nord","s":"25N-H59NV20I-80-I"},{"r":"10","t":"14:45:21","h":"Nord","s":"25S-H59S000I-81-I"},{"r":"10","t":"14:45:21","h":"Nord","s":"25S-H59S100F-81-F1"},{"r":"10","t":"14:45:21","h":"Nord","s":"25S-H59S200F-81-F2"},{"r":"10","t":"14:48:01","h":"Nord","s":"25N-H59N000A-80-A"},{"r":"10","t":"14:48:01","h":"Nord","s":"25N-H59NV10A-80-A"},{"r":"10","t":"14:48:01","h":"Nord","s":"25N-H59VN20A-80-A"},{"r":"10","t":"14:48:01","h":"Nord","s":"25S-H59S000A-81-A"},{"r":"10","t":"14:53:54","h":"Nord","s":"25N-H59N000S-80-S"},{"r":"10","t":"14:53:54","h":"Nord","s":"25N-H59NV10S-84-S"},{"r":"10","t":"14:53:54","h":"Nord","s":"25N-H59NV20S-80-S"},{"r":"10","t":"14:53:54","h":"Nord","s":"25S-H59S000S-81-S"},{"r":"10","t":"15:14:21","h":"Nord","s":"25N-H59N000I-80-I"},{"r":"10","t":"15:14:21","h":"Nord","s":"25N-H59N100F-80-F1"},{"r":"10","t":"15:14:21","h":"Nord","s":"25N-H59N200F-81-F2"},{"r":"10","t":"15:14:21","h":"Nord","s":"25N-H59N300F-80-F3"},{"r":"10","t":"15:14:21","h":"Nord","s":"25N-H59N400F-80-F4"},{"r":"10","t":"15:14:21","h":"Nord","s":"25N-H59NV10I-80-I"},{"r":"10","t":"15:14:21","h":"Nord","s":"25N-H59NV20I-80-I"},{"r":"10","t":"15:14:21","h":"Nord","s":"25S-H59S000I-81-I"},{"r":"10","t":"15:14:21","h":"Nord","s":"25S-H59S100F-81-F1"},{"r":"10","t":"15:14:21","h":"Nord","s":"25S-H59S200F-81-F2"},{"r":"10","t":"15:19:01","h":"Nord","s":"25N-H59N000A-80-A"},{"r":"10","t":"15:19:01","h":"Nord","s":"25N-H59NV10A-80-A"},{"r":"10","t":"15:19:01","h":"Nord","s":"25N-H59VN20A-80-A"},{"r":"10","t":"15:19:01","h":"Nord","s":"25S-H59S000A-81-A"},{"r":"10","t":"15:25:54","h":"Nord","s":"25N-H59N000S-80-S"},{"r":"10","t":"15:25:54","h":"Nord","s":"25N-H59NV10S-84-S"},{"r":"10","t":"15:25:54","h":"Nord","s":"25N-H59NV20S-80-S"},{"r":"10","t":"15:25:54","h":"Nord","s":"25S-H59S000S-81-S"},{"r":"10","t":"15:42:21","h":"Nord","s":"25N-H59N000I-80-I"},{"r":"10","t":"15:42:21","h":"Nord","s":"25N-H59N100F-80-F1"},{"r":"10","t":"15:42:21","h":"Nord","s":"25N-H59N200F-81-F2"},{"r":"10","t":"15:42:21","h":"Nord","s":"25N-H59N300F-80-F3"},{"r":"10","t":"15:42:21","h":"Nord","s":"25N-H59N400F-80-F4"},{"r":"10","t":"15:42:21","h":"Nord","s":"25N-H59NV10I-80-I"},{"r":"10","t":"15:42:21","h":"Nord","s":"25N-H59NV20I-80-I"},{"r":"10","t":"15:42:21","h":"Nord","s":"25S-H59S000I-81-I"},{"r":"10","t":"15:42:21","h":"Nord","s":"25S-H59S100F-81-F1"},{"r":"10","t":"15:42:21","h":"Nord","s":"25S-H59S200F-81-F2"},{"r":"10","t":"15:49:01","h":"Nord","s":"25N-H59N000A-80-A"},{"r":"10","t":"15:49:01","h":"Nord","s":"25N-H59NV10A-80-A"},{"r":"10","t":"15:49:01","h":"Nord","s":"25N-H59VN20A-80-A"},{"r":"10","t":"15:49:01","h":"Nord","s":"25S-H59S000A-81-A"},{"r":"10","t":"15:56:54","h":"Nord","s":"25N-H59N000S-80-S"},{"r":"10","t":"15:56:54","h":"Nord","s":"25N-H59NV10S-84-S"},{"r":"10","t":"15:56:54","h":"Nord","s":"25N-H59NV20S-80-S"},{"r":"10","t":"15:56:54","h":"Nord","s":"25S-H59S000S-81-S"},{"r":"10","t":"16:11:21","h":"Nord","s":"25N-H59N000I-80-I"},{"r":"10","t":"16:11:21","h":"Nord","s":"25N-H59N100F-80-F1"},{"r":"10","t":"16:11:21","h":"Nord","s":"25N-H59N200F-81-F2"},{"r":"10","t":"16:11:21","h":"Nord","s":"25N-H59N300F-80-F3"},{"r":"10","t":"16:11:21","h":"Nord","s":"25N-H59N400F-80-F4"},{"r":"10","t":"16:11:21","h":"Nord","s":"25N-H59NV10I-80-I"},{"r":"10","t":"16:11:21","h":"Nord","s":"25N-H59NV20I-80-I"},{"r":"10","t":"16:11:21","h":"Nord","s":"25S-H59S000I-81-I"},{"r":"10","t":"16:11:21","h":"Nord","s":"25S-H59S100F-81-F1"},{"r":"10","t":"16:11:21","h":"Nord","s":"25S-H59S200F-81-F2"},{"r":"10","t":"16:15:01","h":"Nord","s":"25N-H59N000A-80-A"},{"r":"10","t":"16:15:01","h":"Nord","s":"25N-H59NV10A-80-A"},{"r":"10","t":"16:15:01","h":"Nord","s":"25N-H59VN20A-80-A"},{"r":"10","t":"16:15:01","h":"Nord","s":"25S-H59S000A-81-A"},{"r":"10","t":"16:28:54","h":"Nord","s":"25N-H59N000S-80-S"},{"r":"10","t":"16:28:54","h":"Nord","s":"25N-H59NV10S-84-S"},{"r":"10","t":"16:28:54","h":"Nord","s":"25N-H59NV20S-80-S"},{"r":"10","t":"16:28:54","h":"Nord","s":"25S-H59S000S-81-S"},{"r":"10","t":"16:41:21","h":"Nord","s":"25N-H59N000I-80-I"},{"r":"10","t":"16:41:21","h":"Nord","s":"25N-H59N100F-80-F1"},{"r":"10","t":"16:41:21","h":"Nord","s":"25N-H59N200F-81-F2"},{"r":"10","t":"16:41:21","h":"Nord","s":"25N-H59N300F-80-F3"},{"r":"10","t":"16:41:21","h":"Nord","s":"25N-H59N400F-80-F4"},{"r":"10","t":"16:41:21","h":"Nord","s":"25N-H59NV10I-80-I"},{"r":"10","t":"16:41:21","h":"Nord","s":"25N-H59NV20I-80-I"},{"r":"10","t":"16:41:21","h":"Nord","s":"25S-H59S000I-81-I"},{"r":"10","t":"16:41:21","h":"Nord","s":"25S-H59S100F-81-F1"},{"r":"10","t":"16:41:21","h":"Nord","s":"25S-H59S200F-81-F2"},{"r":"10","t":"16:42:01","h":"Nord","s":"25N-H59N000A-80-A"},{"r":"10","t":"16:42:01","h":"Nord","s":"25N-H59NV10A-80-A"},{"r":"10","t":"16:42:01","h":"Nord","s":"25N-H59VN20A-80-A"},{"r":"10","t":"16:42:01","h":"Nord","s":"25S-H59S000A-81-A"},{"r":"10","t":"17:01:54","h":"Nord","s":"25N-H59N000S-80-S"},{"r":"10","t":"17:01:54","h":"Nord","s":"25N-H59NV10S-84-S"},{"r":"10","t":"17:01:54","h":"Nord","s":"25N-H59NV20S-80-S"},{"r":"10","t":"17:01:54","h":"Nord","s":"25S-H59S000S-81-S"},{"r":"10","t":"17:11:01","h":"Nord","s":"25N-H59N000A-80-A"},{"r":"10","t":"17:11:01","h":"Nord","s":"25N-H59NV10A-80-A"},{"r":"10","t":"17:11:01","h":"Nord","s":"25N-H59VN20A-80-A"},{"r":"10","t":"17:11:01","h":"Nord","s":"25S-H59S000A-81-A"},{"r":"10","t":"17:12:21","h":"Nord","s":"25N-H59N000I-80-I"},{"r":"10","t":"17:12:21","h":"Nord","s":"25N-H59N100F-80-F1"},{"r":"10","t":"17:12:21","h":"Nord","s":"25N-H59N200F-81-F2"},{"r":"10","t":"17:12:21","h":"Nord","s":"25N-H59N300F-80-F3"},{"r":"10","t":"17:12:21","h":"Nord","s":"25N-H59N400F-80-F4"},{"r":"10","t":"17:12:21","h":"Nord","s":"25N-H59NV10I-80-I"},{"r":"10","t":"17:12:21","h":"Nord","s":"25N-H59NV20I-80-I"},{"r":"10","t":"17:12:21","h":"Nord","s":"25S-H59S000I-81-I"},{"r":"10","t":"17:12:21","h":"Nord","s":"25S-H59S100F-81-F1"},{"r":"10","t":"17:12:21","h":"Nord","s":"25S-H59S200F-81-F2"},{"r":"10","t":"17:32:54","h":"Nord","s":"25N-H59N000S-80-S"},{"r":"10","t":"17:32:54","h":"Nord","s":"25N-H59NV10S-84-S"},{"r":"10","t":"17:32:54","h":"Nord","s":"25N-H59NV20S-80-S"},{"r":"10","t":"17:32:54","h":"Nord","s":"25S-H59S000S-81-S"},{"r":"10","t":"17:41:01","h":"Nord","s":"25N-H59N000A-80-A"},{"r":"10","t":"17:41:01","h":"Nord","s":"25N-H59NV10A-80-A"},{"r":"10","t":"17:41:01","h":"Nord","s":"25N-H59VN20A-80-A"},{"r":"10","t":"17:41:01","h":"Nord","s":"25S-H59S000A-81-A"},{"r":"10","t":"17:45:21","h":"Nord","s":"25N-H59N000I-80-I"},{"r":"10","t":"17:45:21","h":"Nord","s":"25N-H59N100F-80-F1"},{"r":"10","t":"17:45:21","h":"Nord","s":"25N-H59N200F-81-F2"},{"r":"10","t":"17:45:21","h":"Nord","s":"25N-H59N300F-80-F3"},{"r":"10","t":"17:45:21","h":"Nord","s":"25N-H59N400F-80-F4"},{"r":"10","t":"17:45:21","h":"Nord","s":"25N-H59NV10I-80-I"},{"r":"10","t":"17:45:21","h":"Nord","s":"25N-H59NV20I-80-I"},{"r":"10","t":"17:45:21","h":"Nord","s":"25S-H59S000I-81-I"},{"r":"10","t":"17:45:21","h":"Nord","s":"25S-H59S100F-81-F1"},{"r":"10","t":"17:45:21","h":"Nord","s":"25S-H59S200F-81-F2"},{"r":"10","t":"18:05:54","h":"Nord","s":"25N-H59N000S-80-S"},{"r":"10","t":"18:05:54","h":"Nord","s":"25N-H59NV10S-84-S"},{"r":"10","t":"18:05:54","h":"Nord","s":"25N-H59NV20S-80-S"},{"r":"10","t":"18:05:54","h":"Nord","s":"25S-H59S000S-81-S"},{"r":"10","t":"18:08:01","h":"Nord","s":"25N-H59N000A-80-A"},{"r":"10","t":"18:08:01","h":"Nord","s":"25N-H59NV10A-80-A"},{"r":"10","t":"18:08:01","h":"Nord","s":"25N-H59VN20A-80-A"},{"r":"10","t":"18:08:01","h":"Nord","s":"25S-H59S000A-81-A"},{"r":"10","t":"18:17:47","h":"Nord","s":"25N-H59N000I-80-I"},{"r":"10","t":"18:17:47","h":"Nord","s":"25N-H59N100F-80-F1"},{"r":"10","t":"18:17:47","h":"Nord","s":"25N-H59N200F-81-F2"},{"r":"10","t":"18:17:47","h":"Nord","s":"25N-H59N300F-80-F3"},{"r":"10","t":"18:17:47","h":"Nord","s":"25N-H59N400F-80-F4"},{"r":"10","t":"18:17:47","h":"Nord","s":"25N-H59NV10I-80-I"},{"r":"10","t":"18:17:47","h":"Nord","s":"25N-H59NV20I-80-I"},{"r":"10","t":"18:17:47","h":"Nord","s":"25S-H59S000I-81-I"},{"r":"10","t":"18:17:47","h":"Nord","s":"25S-H59S100F-81-F1"},{"r":"10","t":"18:17:47","h":"Nord","s":"25S-H59S200F-81-F2"},{"r":"10","t":"18:32:54","h":"Nord","s":"25N-H59N000S-80-S"},{"r":"10","t":"18:32:54","h":"Nord","s":"25N-H59NV10S-84-S"},{"r":"10","t":"18:32:54","h":"Nord","s":"25N-H59NV20S-80-S"},{"r":"10","t":"18:32:54","h":"Nord","s":"25S-H59S000S-81-S"},{"r":"10","t":"18:34:21","h":"Nord","s":"25N-H59N000A-80-A"},{"r":"10","t":"18:34:21","h":"Nord","s":"25N-H59NV10A-80-A"},{"r":"10","t":"18:34:21","h":"Nord","s":"25N-H59VN20A-80-A"},{"r":"10","t":"18:34:21","h":"Nord","s":"25S-H59S000A-81-A"},{"r":"10","t":"18:49:47","h":"Nord","s":"25N-H59N000I-80-I"},{"r":"10","t":"18:49:47","h":"Nord","s":"25N-H59N100F-80-F1"},{"r":"10","t":"18:49:47","h":"Nord","s":"25N-H59N200F-81-F2"},{"r":"10","t":"18:49:47","h":"Nord","s":"25N-H59N300F-80-F3"},{"r":"10","t":"18:49:47","h":"Nord","s":"25N-H59N400F-80-F4"},{"r":"10","t":"18:49:47","h":"Nord","s":"25N-H59NV10I-80-I"},{"r":"10","t":"18:49:47","h":"Nord","s":"25N-H59NV20I-80-I"},{"r":"10","t":"18:49:47","h":"Nord","s":"25S-H59S000I-81-I"},{"r":"10","t":"18:49:47","h":"Nord","s":"25S-H59S100F-81-F1"},{"r":"10","t":"18:49:47","h":"Nord","s":"25S-H59S200F-81-F2"},{"r":"10","t":"18:59:21","h":"Nord","s":"25N-H59N000S-80-S"},{"r":"10","t":"18:59:21","h":"Nord","s":"25N-H59NV10S-84-S"},{"r":"10","t":"18:59:21","h":"Nord","s":"25N-H59NV20S-80-S"},{"r":"10","t":"18:59:21","h":"Nord","s":"25S-H59S000S-81-S"},{"r":"10","t":"19:02:21","h":"Nord","s":"25N-H59N000A-80-A"},{"r":"10","t":"19:02:21","h":"Nord","s":"25N-H59NV10A-80-A"},{"r":"10","t":"19:02:21","h":"Nord","s":"25N-H59VN20A-80-A"},{"r":"10","t":"19:02:21","h":"Nord","s":"25S-H59S000A-81-A"},{"r":"10","t":"19:21:47","h":"Nord","s":"25N-H59N000I-80-I"},{"r":"10","t":"19:21:47","h":"Nord","s":"25N-H59N100F-80-F1"},{"r":"10","t":"19:21:47","h":"Nord","s":"25N-H59N200F-81-F2"},{"r":"10","t":"19:21:47","h":"Nord","s":"25N-H59N300F-80-F3"},{"r":"10","t":"19:21:47","h":"Nord","s":"25N-H59N400F-80-F4"},{"r":"10","t":"19:21:47","h":"Nord","s":"25N-H59NV10I-80-I"},{"r":"10","t":"19:21:47","h":"Nord","s":"25N-H59NV20I-80-I"},{"r":"10","t":"19:21:47","h":"Nord","s":"25S-H59S000I-81-I"},{"r":"10","t":"19:21:47","h":"Nord","s":"25S-H59S100F-81-F1"},{"r":"10","t":"19:21:47","h":"Nord","s":"25S-H59S200F-81-F2"},{"r":"10","t":"19:25:21","h":"Nord","s":"25N-H59N000S-80-S"},{"r":"10","t":"19:25:21","h":"Nord","s":"25N-H59NV10S-84-S"},{"r":"10","t":"19:25:21","h":"Nord","s":"25N-H59NV20S-80-S"},{"r":"10","t":"19:25:21","h":"Nord","s":"25S-H59S000S-81-S"},{"r":"10","t":"19:30:21","h":"Nord","s":"25N-H59N000A-80-A"},{"r":"10","t":"19:30:21","h":"Nord","s":"25N-H59NV10A-80-A"},{"r":"10","t":"19:30:21","h":"Nord","s":"25N-H59VN20A-80-A"},{"r":"10","t":"19:30:21","h":"Nord","s":"25S-H59S000A-81-A"},{"r":"10","t":"19:50:21","h":"Nord","s":"25N-H59N000S-80-S"},{"r":"10","t":"19:50:21","h":"Nord","s":"25N-H59NV10S-84-S"},{"r":"10","t":"19:50:21","h":"Nord","s":"25N-H59NV20S-80-S"},{"r":"10","t":"19:50:21","h":"Nord","s":"25S-H59S000S-81-S"},{"r":"10","t":"19:50:47","h":"Nord","s":"25N-H59N000I-80-I"},{"r":"10","t":"19:50:47","h":"Nord","s":"25N-H59N100F-80-F1"},{"r":"10","t":"19:50:47","h":"Nord","s":"25N-H59N200F-81-F2"},{"r":"10","t":"19:50:47","h":"Nord","s":"25N-H59N300F-80-F3"},{"r":"10","t":"19:50:47","h":"Nord","s":"25N-H59N400F-80-F4"},{"r":"10","t":"19:50:47","h":"Nord","s":"25N-H59NV10I-80-I"},{"r":"10","t":"19:50:47","h":"Nord","s":"25N-H59NV20I-80-I"},{"r":"10","t":"19:50:47","h":"Nord","s":"25S-H59S000I-81-I"},{"r":"10","t":"19:50:47","h":"Nord","s":"25S-H59S100F-81-F1"},{"r":"10","t":"19:50:47","h":"Nord","s":"25S-H59S200F-81-F2"},{"r":"10","t":"19:58:21","h":"Nord","s":"25N-H59N000A-80-A"},{"r":"10","t":"19:58:21","h":"Nord","s":"25N-H59NV10A-80-A"},{"r":"10","t":"19:58:21","h":"Nord","s":"25N-H59VN20A-80-A"},{"r":"10","t":"19:58:21","h":"Nord","s":"25S-H59S000A-81-A"},{"r":"10","t":"20:16:21","h":"Nord","s":"25N-H59N000S-80-S"},{"r":"10","t":"20:16:21","h":"Nord","s":"25N-H59NV10S-84-S"},{"r":"10","t":"20:16:21","h":"Nord","s":"25N-H59NV20S-80-S"},{"r":"10","t":"20:16:21","h":"Nord","s":"25S-H59S000S-81-S"},{"r":"10","t":"20:20:47","h":"Nord","s":"25N-H59N000I-80-I"},{"r":"10","t":"20:20:47","h":"Nord","s":"25N-H59N100F-80-F1"},{"r":"10","t":"20:20:47","h":"Nord","s":"25N-H59N200F-81-F2"},{"r":"10","t":"20:20:47","h":"Nord","s":"25N-H59N300F-80-F3"},{"r":"10","t":"20:20:47","h":"Nord","s":"25N-H59N400F-80-F4"},{"r":"10","t":"20:20:47","h":"Nord","s":"25N-H59NV10I-80-I"},{"r":"10","t":"20:20:47","h":"Nord","s":"25N-H59NV20I-80-I"},{"r":"10","t":"20:20:47","h":"Nord","s":"25S-H59S000I-81-I"},{"r":"10","t":"20:20:47","h":"Nord","s":"25S-H59S100F-81-F1"},{"r":"10","t":"20:20:47","h":"Nord","s":"25S-H59S200F-81-F2"},{"r":"10","t":"20:31:21","h":"Nord","s":"25N-H59N000A-80-A"},{"r":"10","t":"20:31:21","h":"Nord","s":"25N-H59NV10A-80-A"},{"r":"10","t":"20:31:21","h":"Nord","s":"25N-H59VN20A-80-A"},{"r":"10","t":"20:31:21","h":"Nord","s":"25S-H59S000A-81-A"},{"r":"10","t":"20:44:21","h":"Nord","s":"25N-H59N000S-80-S"},{"r":"10","t":"20:44:21","h":"Nord","s":"25N-H59NV10S-84-S"},{"r":"10","t":"20:44:21","h":"Nord","s":"25N-H59NV20S-80-S"},{"r":"10","t":"20:44:21","h":"Nord","s":"25S-H59S000S-81-S"},{"r":"10","t":"20:49:47","h":"Nord","s":"25N-H59N000I-80-I"},{"r":"10","t":"20:49:47","h":"Nord","s":"25N-H59N100F-80-F1"},{"r":"10","t":"20:49:47","h":"Nord","s":"25N-H59N200F-81-F2"},{"r":"10","t":"20:49:47","h":"Nord","s":"25N-H59N300F-80-F3"},{"r":"10","t":"20:49:47","h":"Nord","s":"25N-H59N400F-80-F4"},{"r":"10","t":"20:49:47","h":"Nord","s":"25N-H59NV10I-80-I"},{"r":"10","t":"20:49:47","h":"Nord","s":"25N-H59NV20I-80-I"},{"r":"10","t":"20:49:47","h":"Nord","s":"25S-H59S000I-81-I"},{"r":"10","t":"20:49:47","h":"Nord","s":"25S-H59S100F-81-F1"},{"r":"10","t":"20:49:47","h":"Nord","s":"25S-H59S200F-81-F2"},{"r":"10","t":"21:04:21","h":"Nord","s":"25N-H59N000A-80-A"},{"r":"10","t":"21:04:21","h":"Nord","s":"25N-H59NV10A-80-A"},{"r":"10","t":"21:04:21","h":"Nord","s":"25N-H59VN20A-80-A"},{"r":"10","t":"21:04:21","h":"Nord","s":"25S-H59S000A-81-A"},{"r":"10","t":"21:12:21","h":"Nord","s":"25N-H59N000S-80-S"},{"r":"10","t":"21:12:21","h":"Nord","s":"25N-H59NV10S-84-S"},{"r":"10","t":"21:12:21","h":"Nord","s":"25N-H59NV20S-80-S"},{"r":"10","t":"21:12:21","h":"Nord","s":"25S-H59S000S-81-S"},{"r":"10","t":"21:19:47","h":"Nord","s":"25N-H59N000I-80-I"},{"r":"10","t":"21:19:47","h":"Nord","s":"25N-H59N100F-80-F1"},{"r":"10","t":"21:19:47","h":"Nord","s":"25N-H59N200F-81-F2"},{"r":"10","t":"21:19:47","h":"Nord","s":"25N-H59N300F-80-F3"},{"r":"10","t":"21:19:47","h":"Nord","s":"25N-H59N400F-80-F4"},{"r":"10","t":"21:19:47","h":"Nord","s":"25N-H59NV10I-80-I"},{"r":"10","t":"21:19:47","h":"Nord","s":"25N-H59NV20I-80-I"},{"r":"10","t":"21:19:47","h":"Nord","s":"25S-H59S000I-81-I"},{"r":"10","t":"21:19:47","h":"Nord","s":"25S-H59S100F-81-F1"},{"r":"10","t":"21:19:47","h":"Nord","s":"25S-H59S200F-81-F2"},{"r":"10","t":"21:36:21","h":"Nord","s":"25N-H59N000A-80-A"},{"r":"10","t":"21:36:21","h":"Nord","s":"25N-H59NV10A-80-A"},{"r":"10","t":"21:36:21","h":"Nord","s":"25N-H59VN20A-80-A"},{"r":"10","t":"21:36:21","h":"Nord","s":"25S-H59S000A-81-A"},{"r":"10","t":"21:41:21","h":"Nord","s":"25N-H59N000S-80-S"},{"r":"10","t":"21:41:21","h":"Nord","s":"25N-H59NV10S-84-S"},{"r":"10","t":"21:41:21","h":"Nord","s":"25N-H59NV20S-80-S"},{"r":"10","t":"21:41:21","h":"Nord","s":"25S-H59S000S-81-S"},{"r":"10","t":"21:46:47","h":"Nord","s":"25N-H59N000I-80-I"},{"r":"10","t":"21:46:47","h":"Nord","s":"25N-H59N100F-80-F1"},{"r":"10","t":"21:46:47","h":"Nord","s":"25N-H59N200F-81-F2"},{"r":"10","t":"21:46:47","h":"Nord","s":"25N-H59N300F-80-F3"},{"r":"10","t":"21:46:47","h":"Nord","s":"25N-H59N400F-80-F4"},{"r":"10","t":"21:46:47","h":"Nord","s":"25N-H59NV10I-80-I"},{"r":"10","t":"21:46:47","h":"Nord","s":"25N-H59NV20I-80-I"},{"r":"10","t":"21:46:47","h":"Nord","s":"25S-H59S000I-81-I"},{"r":"10","t":"21:46:47","h":"Nord","s":"25S-H59S100F-81-F1"},{"r":"10","t":"21:46:47","h":"Nord","s":"25S-H59S200F-81-F2"},{"r":"10","t":"22:06:14","h":"Nord","s":"25N-H59N000A-80-A"},{"r":"10","t":"22:06:14","h":"Nord","s":"25N-H59NV10A-80-A"},{"r":"10","t":"22:06:14","h":"Nord","s":"25N-H59VN20A-80-A"},{"r":"10","t":"22:06:14","h":"Nord","s":"25S-H59S000A-81-A"},{"r":"10","t":"22:10:21","h":"Nord","s":"25N-H59N000S-80-S"},{"r":"10","t":"22:10:21","h":"Nord","s":"25N-H59NV10S-84-S"},{"r":"10","t":"22:10:21","h":"Nord","s":"25N-H59NV20S-80-S"},{"r":"10","t":"22:10:21","h":"Nord","s":"25S-H59S000S-81-S"},{"r":"10","t":"22:15:47","h":"Nord","s":"25N-H59N000I-80-I"},{"r":"10","t":"22:15:47","h":"Nord","s":"25N-H59N100F-80-F1"},{"r":"10","t":"22:15:47","h":"Nord","s":"25N-H59N200F-81-F2"},{"r":"10","t":"22:15:47","h":"Nord","s":"25N-H59N300F-80-F3"},{"r":"10","t":"22:15:47","h":"Nord","s":"25N-H59N400F-80-F4"},{"r":"10","t":"22:15:47","h":"Nord","s":"25N-H59NV10I-80-I"},{"r":"10","t":"22:15:47","h":"Nord","s":"25N-H59NV20I-80-I"},{"r":"10","t":"22:15:47","h":"Nord","s":"25S-H59S000I-81-I"},{"r":"10","t":"22:15:47","h":"Nord","s":"25S-H59S100F-81-F1"},{"r":"10","t":"22:15:47","h":"Nord","s":"25S-H59S200F-81-F2"},{"r":"10","t":"22:38:21","h":"Nord","s":"25N-H59N000S-80-S"},{"r":"10","t":"22:38:21","h":"Nord","s":"25N-H59NV10S-84-S"},{"r":"10","t":"22:38:21","h":"Nord","s":"25N-H59NV20S-80-S"},{"r":"10","t":"22:38:21","h":"Nord","s":"25S-H59S000S-81-S"},{"r":"10","t":"22:39:14","h":"Nord","s":"25N-H59N000A-80-A"},{"r":"10","t":"22:39:14","h":"Nord","s":"25N-H59NV10A-80-A"},{"r":"10","t":"22:39:14","h":"Nord","s":"25N-H59VN20A-80-A"},{"r":"10","t":"22:39:14","h":"Nord","s":"25S-H59S000A-81-A"},{"r":"10","t":"22:43:47","h":"Nord","s":"25N-H59N000I-80-I"},{"r":"10","t":"22:43:47","h":"Nord","s":"25N-H59N100F-80-F1"},{"r":"10","t":"22:43:47","h":"Nord","s":"25N-H59N200F-81-F2"},{"r":"10","t":"22:43:47","h":"Nord","s":"25N-H59N300F-80-F3"},{"r":"10","t":"22:43:47","h":"Nord","s":"25N-H59N400F-80-F4"},{"r":"10","t":"22:43:47","h":"Nord","s":"25N-H59NV10I-80-I"},{"r":"10","t":"22:43:47","h":"Nord","s":"25N-H59NV20I-80-I"},{"r":"10","t":"22:43:47","h":"Nord","s":"25S-H59S000I-81-I"},{"r":"10","t":"22:43:47","h":"Nord","s":"25S-H59S100F-81-F1"},{"r":"10","t":"22:43:47","h":"Nord","s":"25S-H59S200F-81-F2"},{"r":"10","t":"23:03:47","h":"Nord","s":"25N-H59N000S-80-S"},{"r":"10","t":"23:03:47","h":"Nord","s":"25N-H59NV10S-84-S"},{"r":"10","t":"23:03:47","h":"Nord","s":"25N-H59NV20S-80-S"},{"r":"10","t":"23:03:47","h":"Nord","s":"25S-H59S000S-81-S"},{"r":"10","t":"23:07:14","h":"Nord","s":"25N-H59N000A-80-A"},{"r":"10","t":"23:07:14","h":"Nord","s":"25N-H59NV10A-80-A"},{"r":"10","t":"23:07:14","h":"Nord","s":"25N-H59VN20A-80-A"},{"r":"10","t":"23:07:14","h":"Nord","s":"25S-H59S000A-81-A"},{"r":"10","t":"23:11:47","h":"Nord","s":"25N-H59N000I-80-I"},{"r":"10","t":"23:11:47","h":"Nord","s":"25N-H59N100F-80-F1"},{"r":"10","t":"23:11:47","h":"Nord","s":"25N-H59N200F-81-F2"},{"r":"10","t":"23:11:47","h":"Nord","s":"25N-H59N300F-80-F3"},{"r":"10","t":"23:11:47","h":"Nord","s":"25N-H59N400F-80-F4"},{"r":"10","t":"23:11:47","h":"Nord","s":"25N-H59NV10I-80-I"},{"r":"10","t":"23:11:47","h":"Nord","s":"25N-H59NV20I-80-I"},{"r":"10","t":"23:11:47","h":"Nord","s":"25S-H59S000I-81-I"},{"r":"10","t":"23:11:47","h":"Nord","s":"25S-H59S100F-81-F1"},{"r":"10","t":"23:11:47","h":"Nord","s":"25S-H59S200F-81-F2"},{"r":"10","t":"23:33:47","h":"Nord","s":"25N-H59N000S-80-S"},{"r":"10","t":"23:33:47","h":"Nord","s":"25N-H59NV10S-84-S"},{"r":"10","t":"23:33:47","h":"Nord","s":"25N-H59NV20S-80-S"},{"r":"10","t":"23:33:47","h":"Nord","s":"25S-H59S000S-81-S"},{"r":"10","t":"23:37:47","h":"Nord","s":"25N-H59N000I-80-I"},{"r":"10","t":"23:37:47","h":"Nord","s":"25N-H59N100F-80-F1"},{"r":"10","t":"23:37:47","h":"Nord","s":"25N-H59N200F-81-F2"},{"r":"10","t":"23:37:47","h":"Nord","s":"25N-H59N300F-80-F3"},{"r":"10","t":"23:37:47","h":"Nord","s":"25N-H59N400F-80-F4"},{"r":"10","t":"23:37:47","h":"Nord","s":"25N-H59NV10I-80-I"},{"r":"10","t":"23:37:47","h":"Nord","s":"25N-H59NV20I-80-I"},{"r":"10","t":"23:37:47","h":"Nord","s":"25S-H59S000I-81-I"},{"r":"10","t":"23:37:47","h":"Nord","s":"25S-H59S100F-81-F1"},{"r":"10","t":"23:37:47","h":"Nord","s":"25S-H59S200F-81-F2"},{"r":"10","t":"23:39:14","h":"Nord","s":"25N-H59N000A-80-A"},{"r":"10","t":"23:39:14","h":"Nord","s":"25N-H59NV10A-80-A"},{"r":"10","t":"23:39:14","h":"Nord","s":"25N-H59VN20A-80-A"},{"r":"10","t":"23:39:14","h":"Nord","s":"25S-H59S000A-81-A"},{"r":"10","t":"24:03:47","h":"Nord","s":"25N-H59N000S-80-S"},{"r":"10","t":"24:03:47","h":"Nord","s":"25N-H59NV10S-84-S"},{"r":"10","t":"24:03:47","h":"Nord","s":"25N-H59NV20S-80-S"},{"r":"10","t":"24:03:47","h":"Nord","s":"25S-H59S000S-81-S"},{"r":"10","t":"24:04:47","h":"Nord","s":"25N-H59N000I-80-I"},{"r":"10","t":"24:04:47","h":"Nord","s":"25N-H59N100F-80-F1"},{"r":"10","t":"24:04:47","h":"Nord","s":"25N-H59N200F-81-F2"},{"r":"10","t":"24:04:47","h":"Nord","s":"25N-H59N300F-80-F3"},{"r":"10","t":"24:04:47","h":"Nord","s":"25N-H59N400F-80-F4"},{"r":"10","t":"24:04:47","h":"Nord","s":"25N-H59NV10I-80-I"},{"r":"10","t":"24:04:47","h":"Nord","s":"25N-H59NV20I-80-I"},{"r":"10","t":"24:04:47","h":"Nord","s":"25S-H59S000I-81-I"},{"r":"10","t":"24:04:47","h":"Nord","s":"25S-H59S100F-81-F1"},{"r":"10","t":"24:04:47","h":"Nord","s":"25S-H59S200F-81-F2"},{"r":"10","t":"24:08:14","h":"Nord","s":"25N-H59N000A-80-A"},{"r":"10","t":"24:08:14","h":"Nord","s":"25N-H59NV10A-80-A"},{"r":"10","t":"24:08:14","h":"Nord","s":"25N-H59VN20A-80-A"},{"r":"10","t":"24:08:14","h":"Nord","s":"25S-H59S000A-81-A"},{"r":"10","t":"24:30:47","h":"Nord","s":"25N-H59N000I-80-I"},{"r":"10","t":"24:30:47","h":"Nord","s":"25N-H59N000S-80-S"},{"r":"10","t":"24:30:47","h":"Nord","s":"25N-H59N100F-80-F1"},{"r":"10","t":"24:30:47","h":"Nord","s":"25N-H59N200F-81-F2"},{"r":"10","t":"24:30:47","h":"Nord","s":"25N-H59N300F-80-F3"},{"r":"10","t":"24:30:47","h":"Nord","s":"25N-H59N400F-80-F4"},{"r":"10","t":"24:30:47","h":"Nord","s":"25N-H59NV10I-80-I"},{"r":"10","t":"24:30:47","h":"Nord","s":"25N-H59NV10S-84-S"},{"r":"10","t":"24:30:47","h":"Nord","s":"25N-H59NV20I-80-I"},{"r":"10","t":"24:30:47","h":"Nord","s":"25N-H59NV20S-80-S"},{"r":"10","t":"24:30:47","h":"Nord","s":"25S-H59S000I-81-I"},{"r":"10","t":"24:30:47","h":"Nord","s":"25S-H59S000S-81-S"},{"r":"10","t":"24:30:47","h":"Nord","s":"25S-H59S100F-81-F1"},{"r":"10","t":"24:30:47","h":"Nord","s":"25S-H59S200F-81-F2"},{"r":"10","t":"24:38:14","h":"Nord","s":"25N-H59N000A-80-A"},{"r":"10","t":"24:38:14","h":"Nord","s":"25N-H59NV10A-80-A"},{"r":"10","t":"24:38:14","h":"Nord","s":"25N-H59VN20A-80-A"},{"r":"10","t":"24:38:14","h":"Nord","s":"25S-H59S000A-81-A"},{"r":"10","t":"24:55:47","h":"Nord","s":"25N-H59N000I-80-I"},{"r":"10","t":"24:55:47","h":"Nord","s":"25N-H59N100F-80-F1"},{"r":"10","t":"24:55:47","h":"Nord","s":"25N-H59N200F-81-F2"},{"r":"10","t":"24:55:47","h":"Nord","s":"25N-H59N300F-80-F3"},{"r":"10","t":"24:55:47","h":"Nord","s":"25N-H59N400F-80-F4"},{"r":"10","t":"24:55:47","h":"Nord","s":"25N-H59NV10I-80-I"},{"r":"10","t":"24:55:47","h":"Nord","s":"25N-H59NV20I-80-I"},{"r":"10","t":"24:55:47","h":"Nord","s":"25S-H59S000I-81-I"},{"r":"10","t":"24:55:47","h":"Nord","s":"25S-H59S100F-81-F1"},{"r":"10","t":"24:55:47","h":"Nord","s":"25S-H59S200F-81-F2"},{"r":"10","t":"24:59:47","h":"Nord","s":"25N-H59N000S-80-S"},{"r":"10","t":"24:59:47","h":"Nord","s":"25N-H59NV10S-84-S"},{"r":"10","t":"24:59:47","h":"Nord","s":"25N-H59NV20S-80-S"},{"r":"10","t":"24:59:47","h":"Nord","s":"25S-H59S000S-81-S"},{"r":"10","t":"25:07:14","h":"Nord","s":"25N-H59N000A-80-A"},{"r":"10","t":"25:07:14","h":"Nord","s":"25N-H59NV10A-80-A"},{"r":"10","t":"25:07:14","h":"Nord","s":"25N-H59VN20A-80-A"},{"r":"10","t":"25:07:14","h":"Nord","s":"25S-H59S000A-81-A"},{"r":"10","t":"25:21:47","h":"Nord","s":"25N-H59N000I-80-I"},{"r":"10","t":"25:21:47","h":"Nord","s":"25N-H59N100F-80-F1"},{"r":"10","t":"25:21:47","h":"Nord","s":"25N-H59N200F-81-F2"},{"r":"10","t":"25:21:47","h":"Nord","s":"25N-H59N300F-80-F3"},{"r":"10","t":"25:21:47","h":"Nord","s":"25N-H59N400F-80-F4"},{"r":"10","t":"25:21:47","h":"Nord","s":"25N-H59NV10I-80-I"},{"r":"10","t":"25:21:47","h":"Nord","s":"25N-H59NV20I-80-I"},{"r":"10","t":"25:21:47","h":"Nord","s":"25S-H59S000I-81-I"},{"r":"10","t":"25:21:47","h":"Nord","s":"25S-H59S100F-81-F1"},{"r":"10","t":"25:21:47","h":"Nord","s":"25S-H59S200F-81-F2"},{"r":"10","t":"25:24:47","h":"Nord","s":"25N-H59N000S-80-S"},{"r":"10","t":"25:24:47","h":"Nord","s":"25N-H59NV10S-84-S"},{"r":"10","t":"25:24:47","h":"Nord","s":"25N-H59NV20S-80-S"},{"r":"10","t":"25:24:47","h":"Nord","s":"25S-H59S000S-81-S"},{"r":"10","t":"25:36:14","h":"Nord","s":"25N-H59N000A-80-A"},{"r":"10","t":"25:36:14","h":"Nord","s":"25N-H59NV10A-80-A"},{"r":"10","t":"25:36:14","h":"Nord","s":"25N-H59VN20A-80-A"},{"r":"10","t":"25:36:14","h":"Nord","s":"25S-H59S000A-81-A"},{"r":"10","t":"25:54:14","h":"Nord","s":"25N-H59N000A-80-A"},{"r":"10","t":"25:54:14","h":"Nord","s":"25N-H59NV10A-80-A"},{"r":"10","t":"25:54:14","h":"Nord","s":"25N-H59VN20A-80-A"},{"r":"10","t":"25:54:14","h":"Nord","s":"25S-H59S000A-81-A"}]