[{"r":"197","t":"04:59:19","h":"Est","s":"25N-H55N000S-80-S"},{"r":"197","t":"04:59:19","h":"Est","s":"25N-H55N000S-82-S"},{"r":"197","t":"04:59:19","h":"Est","s":"25N-H55NV10S-85-S"},{"r":"197","t":"04:59:19","h":"Est","s":"25N-H55NV20S-81-S"},{"r":"197","t":"04:59:19","h":"Est","s":"25S-H55S000S-82-S"},{"r":"197","t":"05:01:09","h":"Est","s":"25N-H55N000I-80-I"},{"r":"197","t":"05:01:09","h":"Est","s":"25N-H55N100F-80-F1"},{"r":"197","t":"05:01:09","h":"Est","s":"25N-H55N200F-80-F2"},{"r":"197","t":"05:01:09","h":"Est","s":"25N-H55N300F-80-F3"},{"r":"197","t":"05:01:09","h":"Est","s":"25N-H55N400F-80-F4"},{"r":"197","t":"05:01:09","h":"Est","s":"25N-H55NV10I-80-I"},{"r":"197","t":"05:01:09","h":"Est","s":"25N-H55NV20I-80-I"},{"r":"197","t":"05:01:09","h":"Est","s":"25S-H55S000I-80-I"},{"r":"197","t":"05:01:09","h":"Est","s":"25S-H55S100F-80-F1"},{"r":"197","t":"05:01:09","h":"Est","s":"25S-H55S200F-80-F2"},{"r":"197","t":"05:02:19","h":"Est","s":"25N-H55N000A-80-A"},{"r":"197","t":"05:02:19","h":"Est","s":"25N-H55NV10A-80-A"},{"r":"197","t":"05:02:19","h":"Est","s":"25N-H55NV20A-80-A"},{"r":"197","t":"05:02:19","h":"Est","s":"25S-H55S000A-80-A"},{"r":"197","t":"05:30:19","h":"Est","s":"25N-H55N000A-80-A"},{"r":"197","t":"05:30:19","h":"Est","s":"25N-H55NV10A-80-A"},{"r":"197","t":"05:30:19","h":"Est","s":"25N-H55NV20A-80-A"},{"r":"197","t":"05:30:19","h":"Est","s":"25S-H55S000A-80-A"},{"r":"197","t":"05:31:09","h":"Est","s":"25N-H55N000I-80-I"},{"r":"197","t":"05:31:09","h":"Est","s":"25N-H55N100F-80-F1"},{"r":"197","t":"05:31:09","h":"Est","s":"25N-H55N200F-80-F2"},{"r":"197","t":"05:31:09","h":"Est","s":"25N-H55N300F-80-F3"},{"r":"197","t":"05:31:09","h":"Est","s":"25N-H55N400F-80-F4"},{"r":"197","t":"05:31:09","h":"Est","s":"25N-H55NV10I-80-I"},{"r":"197","t":"05:31:09","h":"Est","s":"25N-H55NV20I-80-I"},{"r":"197","t":"05:31:09","h":"Est","s":"25S-H55S000I-80-I"},{"r":"197","t":"05:31:09","h":"Est","s":"25S-H55S100F-80-F1"},{"r":"197","t":"05:31:09","h":"Est","s":"25S-H55S200F-80-F2"},{"r":"197","t":"05:32:19","h":"Est","s":"25N-H55N000S-80-S"},{"r":"197","t":"05:32:19","h":"Est","s":"25N-H55N000S-82-S"},{"r":"197","t":"05:32:19","h":"Est","s":"25N-H55NV10S-85-S"},{"r":"197","t":"05:32:19","h":"Est","s":"25N-H55NV20S-81-S"},{"r":"197","t":"05:32:19","h":"Est","s":"25S-H55S000S-82-S"},{"r":"197","t":"06:01:19","h":"Est","s":"25N-H55N000A-80-A"},{"r":"197","t":"06:01:19","h":"Est","s":"25N-H55NV10A-80-A"},{"r":"197","t":"06:01:19","h":"Est","s":"25N-H55NV20A-80-A"},{"r":"197","t":"06:01:19","h":"Est","s":"25S-H55S000A-80-A"},{"r":"197","t":"06:02:19","h":"Est","s":"25N-H55N000I-80-I"},{"r":"197","t":"06:02:19","h":"Est","s":"25N-H55N100F-80-F1"},{"r":"197","t":"06:02:19","h":"Est","s":"25N-H55N200F-80-F2"},{"r":"197","t":"06:02:19","h":"Est","s":"25N-H55N300F-80-F3"},{"r":"197","t":"06:02:19","h":"Est","s":"25N-H55N400F-80-F4"},{"r":"197","t":"06:02:19","h":"Est","s":"25N-H55NV10I-80-I"},{"r":"197","t":"06:02:19","h":"Est","s":"25N-H55NV20I-80-I"},{"r":"197","t":"06:02:19","h":"Est","s":"25S-H55S000I-80-I"},{"r":"197","t":"06:02:19","h":"Est","s":"25S-H55S100F-80-F1"},{"r":"197","t":"06:02:19","h":"Est","s":"25S-H55S200F-80-F2"},{"r":"197","t":"06:02:53","h":"Est","s":"25N-H55N000S-80-S"},{"r":"197","t":"06:02:53","h":"Est","s":"25N-H55N000S-82-S"},{"r":"197","t":"06:02:53","h":"Est","s":"25N-H55NV10S-85-S"},{"r":"197","t":"06:02:53","h":"Est","s":"25N-H55NV20S-81-S"},{"r":"197","t":"06:02:53","h":"Est","s":"25S-H55S000S-82-S"},{"r":"197","t":"06:32:19","h":"Est","s":"25N-H55N000I-80-I"},{"r":"197","t":"06:32:19","h":"Est","s":"25N-H55N100F-80-F1"},{"r":"197","t":"06:32:19","h":"Est","s":"25N-H55N200F-80-F2"},{"r":"197","t":"06:32:19","h":"Est","s":"25N-H55N300F-80-F3"},{"r":"197","t":"06:32:19","h":"Est","s":"25N-H55N400F-80-F4"},{"r":"197","t":"06:32:19","h":"Est","s":"25N-H55NV10I-80-I"},{"r":"197","t":"06:32:19","h":"Est","s":"25N-H55NV20I-80-I"},{"r":"197","t":"06:32:19","h":"Est","s":"25S-H55S000I-80-I"},{"r":"197","t":"06:32:19","h":"Est","s":"25S-H55S100F-80-F1"},{"r":"197","t":"06:32:19","h":"Est","s":"25S-H55S200F-80-F2"},{"r":"197","t":"06:32:53","h":"Est","s":"25N-H55N000S-80-S"},{"r":"197","t":"06:32:53","h":"Est","s":"25N-H55N000S-82-S"},{"r":"197","t":"06:32:53","h":"Est","s":"25N-H55NV10S-85-S"},{"r":"197","t":"06:32:53","h":"Est","s":"25N-H55NV20S-81-S"},{"r":"197","t":"06:32:53","h":"Est","s":"25S-H55S000S-82-S"},{"r":"197","t":"06:34:19","h":"Est","s":"25N-H55N000A-80-A"},{"r":"197","t":"06:34:19","h":"Est","s":"25N-H55NV10A-80-A"},{"r":"197","t":"06:34:19","h":"Est","s":"25N-H55NV20A-80-A"},{"r":"197","t":"06:34:19","h":"Est","s":"25S-H55S000A-80-A"},{"r":"25","t":"06:39:08","h":"Sud","s":"25N-H57N000S-80-S"},{"r":"25","t":"06:39:08","h":"Sud","s":"25N-H57NV10S-84-S"},{"r":"25","t":"06:39:08","h":"Sud","s":"25N-H57NV20S-80-S"},{"r":"25","t":"06:39:08","h":"Sud","s":"25S-H57S000S-82-S"},{"r":"197","t":"06:51:53","h":"Est","s":"25N-H55N000S-80-S"},{"r":"197","t":"06:51:53","h":"Est","s":"25N-H55N000S-82-S"},{"r":"197","t":"06:51:53","h":"Est","s":"25N-H55NV10S-85-S"},{"r":"197","t":"06:51:53","h":"Est","s":"25N-H55NV20S-81-S"},{"r":"197","t":"06:51:53","h":"Est","s":"25S-H55S000S-82-S"},{"r":"197","t":"07:02:53","h":"Est via de la P\u00e9pini\u00e8re","s":"25N-H55N000S-80-S"},{"r":"197","t":"07:02:53","h":"Est via de la P\u00e9pini\u00e8re","s":"25N-H55N000S-82-S"},{"r":"197","t":"07:02:53","h":"Est via de la P\u00e9pini\u00e8re","s":"25N-H55NV10S-85-S"},{"r":"197","t":"07:02:53","h":"Est via de la P\u00e9pini\u00e8re","s":"25N-H55NV20S-81-S"},{"r":"197","t":"07:02:53","h":"Est via de la P\u00e9pini\u00e8re","s":"25S-H55S000S-82-S"},{"r":"25","t":"07:03:08","h":"Sud","s":"25N-H57N000S-80-S"},{"r":"25","t":"07:03:08","h":"Sud","s":"25N-H57NV10S-84-S"},{"r":"25","t":"07:03:08","h":"Sud","s":"25N-H57NV20S-80-S"},{"r":"25","t":"07:03:08","h":"Sud","s":"25S-H57S000S-82-S"},{"r":"197","t":"07:04:19","h":"Est","s":"25N-H55N000I-80-I"},{"r":"197","t":"07:04:19","h":"Est","s":"25N-H55N100F-80-F1"},{"r":"197","t":"07:04:19","h":"Est","s":"25N-H55N200F-80-F2"},{"r":"197","t":"07:04:19","h":"Est","s":"25N-H55N300F-80-F3"},{"r":"197","t":"07:04:19","h":"Est","s":"25N-H55N400F-80-F4"},{"r":"197","t":"07:04:19","h":"Est","s":"25N-H55NV10I-80-I"},{"r":"197","t":"07:04:19","h":"Est","s":"25N-H55NV20I-80-I"},{"r":"197","t":"07:04:19","h":"Est","s":"25S-H55S000I-80-I"},{"r":"197","t":"07:04:19","h":"Est","s":"25S-H55S100F-80-F1"},{"r":"197","t":"07:04:19","h":"Est","s":"25S-H55S200F-80-F2"},{"r":"197","t":"07:05:19","h":"Est","s":"25N-H55N000A-80-A"},{"r":"197","t":"07:05:19","h":"Est","s":"25N-H55NV10A-80-A"},{"r":"197","t":"07:05:19","h":"Est","s":"25N-H55NV20A-80-A"},{"r":"197","t":"07:05:19","h":"Est","s":"25S-H55S000A-80-A"},{"r":"197","t":"07:14:53","h":"Est via de la P\u00e9pini\u00e8re","s":"25N-H55N000S-80-S"},{"r":"197","t":"07:14:53","h":"Est via de la P\u00e9pini\u00e8re","s":"25N-H55N000S-82-S"},{"r":"197","t":"07:14:53","h":"Est via de la P\u00e9pini\u00e8re","s":"25N-H55NV10S-85-S"},{"r":"197","t":"07:14:53","h":"Est via de la P\u00e9pini\u00e8re","s":"25N-H55NV20S-81-S"},{"r":"197","t":"07:14:53","h":"Est via de la P\u00e9pini\u00e8re","s":"25S-H55S000S-82-S"},{"r":"197","t":"07:22:53","h":"Est via de la P\u00e9pini\u00e8re","s":"25N-H55N000S-80-S"},{"r":"197","t":"07:22:53","h":"Est via de la P\u00e9pini\u00e8re","s":"25N-H55N000S-82-S"},{"r":"197","t":"07:22:53","h":"Est via de la P\u00e9pini\u00e8re","s":"25N-H55NV10S-85-S"},{"r":"197","t":"07:22:53","h":"Est via de la P\u00e9pini\u00e8re","s":"25N-H55NV20S-81-S"},{"r":"197","t":"07:22:53","h":"Est via de la P\u00e9pini\u00e8re","s":"25S-H55S000S-82-S"},{"r":"25","t":"07:27:08","h":"Sud","s":"25N-H57N000S-80-S"},{"r":"25","t":"07:27:08","h":"Sud","s":"25N-H57NV10S-84-S"},{"r":"25","t":"07:27:08","h":"Sud","s":"25N-H57NV20S-80-S"},{"r":"25","t":"07:27:08","h":"Sud","s":"25S-H57S000S-82-S"},{"r":"197","t":"07:34:28","h":"Est via de la P\u00e9pini\u00e8re","s":"25N-H55N000S-80-S"},{"r":"197","t":"07:34:28","h":"Est via de la P\u00e9pini\u00e8re","s":"25N-H55N000S-82-S"},{"r":"197","t":"07:34:28","h":"Est via de la P\u00e9pini\u00e8re","s":"25N-H55NV10S-85-S"},{"r":"197","t":"07:34:28","h":"Est via de la P\u00e9pini\u00e8re","s":"25N-H55NV20S-81-S"},{"r":"197","t":"07:34:28","h":"Est via de la P\u00e9pini\u00e8re","s":"25S-H55S000S-82-S"},{"r":"197","t":"07:35:19","h":"Est","s":"25N-H55N000A-80-A"},{"r":"197","t":"07:35:19","h":"Est","s":"25N-H55NV10A-80-A"},{"r":"197","t":"07:35:19","h":"Est","s":"25N-H55NV20A-80-A"},{"r":"197","t":"07:35:19","h":"Est","s":"25S-H55S000A-80-A"},{"r":"197","t":"07:36:19","h":"Est","s":"25N-H55N000I-80-I"},{"r":"197","t":"07:36:19","h":"Est","s":"25N-H55N100F-80-F1"},{"r":"197","t":"07:36:19","h":"Est","s":"25N-H55N200F-80-F2"},{"r":"197","t":"07:36:19","h":"Est","s":"25N-H55N300F-80-F3"},{"r":"197","t":"07:36:19","h":"Est","s":"25N-H55N400F-80-F4"},{"r":"197","t":"07:36:19","h":"Est","s":"25N-H55NV10I-80-I"},{"r":"197","t":"07:36:19","h":"Est","s":"25N-H55NV20I-80-I"},{"r":"197","t":"07:36:19","h":"Est","s":"25S-H55S000I-80-I"},{"r":"197","t":"07:36:19","h":"Est","s":"25S-H55S100F-80-F1"},{"r":"197","t":"07:36:19","h":"Est","s":"25S-H55S200F-80-F2"},{"r":"197","t":"07:46:28","h":"Est via de la P\u00e9pini\u00e8re","s":"25N-H59N000S-80-S"},{"r":"197","t":"07:46:28","h":"Est via de la P\u00e9pini\u00e8re","s":"25N-H59NV10S-84-S"},{"r":"197","t":"07:46:28","h":"Est via de la P\u00e9pini\u00e8re","s":"25N-H59NV20S-80-S"},{"r":"197","t":"07:46:28","h":"Est via de la P\u00e9pini\u00e8re","s":"25S-H59S000S-81-S"},{"r":"25","t":"07:49:51","h":"Sud","s":"25N-H57N000S-80-S"},{"r":"25","t":"07:49:51","h":"Sud","s":"25N-H57NV10S-84-S"},{"r":"25","t":"07:49:51","h":"Sud","s":"25N-H57NV20S-80-S"},{"r":"25","t":"07:49:51","h":"Sud","s":"25S-H57S000S-82-S"},{"r":"197","t":"08:05:19","h":"Est","s":"25N-H55N000A-80-A"},{"r":"197","t":"08:05:19","h":"Est","s":"25N-H55NV10A-80-A"},{"r":"197","t":"08:05:19","h":"Est","s":"25N-H55NV20A-80-A"},{"r":"197","t":"08:05:19","h":"Est","s":"25S-H55S000A-80-A"},{"r":"197","t":"08:08:19","h":"Est","s":"25N-H55N000I-80-I"},{"r":"197","t":"08:08:19","h":"Est","s":"25N-H55N100F-80-F1"},{"r":"197","t":"08:08:19","h":"Est","s":"25N-H55N200F-80-F2"},{"r":"197","t":"08:08:19","h":"Est","s":"25N-H55N300F-80-F3"},{"r":"197","t":"08:08:19","h":"Est","s":"25N-H55N400F-80-F4"},{"r":"197","t":"08:08:19","h":"Est","s":"25N-H55NV10I-80-I"},{"r":"197","t":"08:08:19","h":"Est","s":"25N-H55NV20I-80-I"},{"r":"197","t":"08:08:19","h":"Est","s":"25S-H55S000I-80-I"},{"r":"197","t":"08:08:19","h":"Est","s":"25S-H55S100F-80-F1"},{"r":"197","t":"08:08:19","h":"Est","s":"25S-H55S200F-80-F2"},{"r":"197","t":"08:08:28","h":"Est via de la P\u00e9pini\u00e8re","s":"25N-H55N000S-80-S"},{"r":"197","t":"08:08:28","h":"Est via de la P\u00e9pini\u00e8re","s":"25N-H55N000S-82-S"},{"r":"197","t":"08:08:28","h":"Est via de la P\u00e9pini\u00e8re","s":"25N-H55NV10S-85-S"},{"r":"197","t":"08:08:28","h":"Est via de la P\u00e9pini\u00e8re","s":"25N-H55NV20S-81-S"},{"r":"197","t":"08:08:28","h":"Est via de la P\u00e9pini\u00e8re","s":"25S-H55S000S-82-S"},{"r":"25","t":"08:10:51","h":"Sud","s":"25N-H57N000S-80-S"},{"r":"25","t":"08:10:51","h":"Sud","s":"25N-H57NV10S-84-S"},{"r":"25","t":"08:10:51","h":"Sud","s":"25N-H57NV20S-80-S"},{"r":"25","t":"08:10:51","h":"Sud","s":"25S-H57S000S-82-S"},{"r":"25","t":"08:32:08","h":"Sud","s":"25N-H57N000S-80-S"},{"r":"25","t":"08:32:08","h":"Sud","s":"25N-H57NV10S-84-S"},{"r":"25","t":"08:32:08","h":"Sud","s":"25N-H57NV20S-80-S"},{"r":"25","t":"08:32:08","h":"Sud","s":"25S-H57S000S-82-S"},{"r":"197","t":"08:35:19","h":"Est","s":"25N-H55N000A-80-A"},{"r":"197","t":"08:35:19","h":"Est","s":"25N-H55NV10A-80-A"},{"r":"197","t":"08:35:19","h":"Est","s":"25N-H55NV20A-80-A"},{"r":"197","t":"08:35:19","h":"Est","s":"25S-H55S000A-80-A"},{"r":"197","t":"08:38:19","h":"Est","s":"25N-H55N000I-80-I"},{"r":"197","t":"08:38:19","h":"Est","s":"25N-H55N100F-80-F1"},{"r":"197","t":"08:38:19","h":"Est","s":"25N-H55N200F-80-F2"},{"r":"197","t":"08:38:19","h":"Est","s":"25N-H55N300F-80-F3"},{"r":"197","t":"08:38:19","h":"Est","s":"25N-H55N400F-80-F4"},{"r":"197","t":"08:38:19","h":"Est","s":"25N-H55NV10I-80-I"},{"r":"197","t":"08:38:19","h":"Est","s":"25N-H55NV20I-80-I"},{"r":"197","t":"08:38:19","h":"Est","s":"25S-H55S000I-80-I"},{"r":"197","t":"08:38:19","h":"Est","s":"25S-H55S100F-80-F1"},{"r":"197","t":"08:38:19","h":"Est","s":"25S-H55S200F-80-F2"},{"r":"197","t":"08:39:28","h":"Est via de la P\u00e9pini\u00e8re","s":"25N-H55N000S-80-S"},{"r":"197","t":"08:39:28","h":"Est via de la P\u00e9pini\u00e8re","s":"25N-H55N000S-82-S"},{"r":"197","t":"08:39:28","h":"Est via de la P\u00e9pini\u00e8re","s":"25N-H55NV10S-85-S"},{"r":"197","t":"08:39:28","h":"Est via de la P\u00e9pini\u00e8re","s":"25N-H55NV20S-81-S"},{"r":"197","t":"08:39:28","h":"Est via de la P\u00e9pini\u00e8re","s":"25S-H55S000S-82-S"},{"r":"25","t":"09:00:08","h":"Sud","s":"25N-H57N000S-80-S"},{"r":"25","t":"09:00:08","h":"Sud","s":"25N-H57NV10S-84-S"},{"r":"25","t":"09:00:08","h":"Sud","s":"25N-H57NV20S-80-S"},{"r":"25","t":"09:00:08","h":"Sud","s":"25S-H57S000S-82-S"},{"r":"197","t":"09:04:53","h":"Est via de la P\u00e9pini\u00e8re","s":"25N-H55N000A-80-A"},{"r":"197","t":"09:04:53","h":"Est via de la P\u00e9pini\u00e8re","s":"25N-H55NV10A-80-A"},{"r":"197","t":"09:04:53","h":"Est via de la P\u00e9pini\u00e8re","s":"25N-H55NV20A-80-A"},{"r":"197","t":"09:04:53","h":"Est via de la P\u00e9pini\u00e8re","s":"25S-H55S000A-80-A"},{"r":"197","t":"09:07:19","h":"Est via de la P\u00e9pini\u00e8re","s":"25N-H55N000I-80-I"},{"r":"197","t":"09:07:19","h":"Est via de la P\u00e9pini\u00e8re","s":"25N-H55N100F-80-F1"},{"r":"197","t":"09:07:19","h":"Est via de la P\u00e9pini\u00e8re","s":"25N-H55N200F-80-F2"},{"r":"197","t":"09:07:19","h":"Est via de la P\u00e9pini\u00e8re","s":"25N-H55N300F-80-F3"},{"r":"197","t":"09:07:19","h":"Est via de la P\u00e9pini\u00e8re","s":"25N-H55N400F-80-F4"},{"r":"197","t":"09:07:19","h":"Est via de la P\u00e9pini\u00e8re","s":"25N-H55NV10I-80-I"},{"r":"197","t":"09:07:19","h":"Est via de la P\u00e9pini\u00e8re","s":"25N-H55NV20I-80-I"},{"r":"197","t":"09:07:19","h":"Est via de la P\u00e9pini\u00e8re","s":"25S-H55S000I-80-I"},{"r":"197","t":"09:07:19","h":"Est via de la P\u00e9pini\u00e8re","s":"25S-H55S100F-80-F1"},{"r":"197","t":"09:07:19","h":"Est via de la P\u00e9pini\u00e8re","s":"25S-H55S200F-80-F2"},{"r":"197","t":"09:11:28","h":"Est via de la P\u00e9pini\u00e8re","s":"25N-H54N000S-80-S"},{"r":"197","t":"09:11:28","h":"Est via de la P\u00e9pini\u00e8re","s":"25N-H54NV10S-82-S"},{"r":"197","t":"09:11:28","h":"Est via de la P\u00e9pini\u00e8re","s":"25N-H54NV20S-80-S"},{"r":"197","t":"09:11:28","h":"Est via de la P\u00e9pini\u00e8re","s":"25S-H54S000S-82-S"},{"r":"25","t":"09:29:08","h":"Sud","s":"25N-H57N000S-80-S"},{"r":"25","t":"09:29:08","h":"Sud","s":"25N-H57NV10S-84-S"},{"r":"25","t":"09:29:08","h":"Sud","s":"25N-H57NV20S-80-S"},{"r":"25","t":"09:29:08","h":"Sud","s":"25S-H57S000S-82-S"},{"r":"197","t":"09:33:53","h":"Est via de la P\u00e9pini\u00e8re","s":"25N-H55N000A-80-A"},{"r":"197","t":"09:33:53","h":"Est via de la P\u00e9pini\u00e8re","s":"25N-H55NV10A-80-A"},{"r":"197","t":"09:33:53","h":"Est via de la P\u00e9pini\u00e8re","s":"25N-H55NV20A-80-A"},{"r":"197","t":"09:33:53","h":"Est via de la P\u00e9pini\u00e8re","s":"25S-H55S000A-80-A"},{"r":"197","t":"09:36:19","h":"Est via de la P\u00e9pini\u00e8re","s":"25N-H55N000I-80-I"},{"r":"197","t":"09:36:19","h":"Est via de la P\u00e9pini\u00e8re","s":"25N-H55N100F-80-F1"},{"r":"197","t":"09:36:19","h":"Est via de la P\u00e9pini\u00e8re","s":"25N-H55N200F-80-F2"},{"r":"197","t":"09:36:19","h":"Est via de la P\u00e9pini\u00e8re","s":"25N-H55N300F-80-F3"},{"r":"197","t":"09:36:19","h":"Est via de la P\u00e9pini\u00e8re","s":"25N-H55N400F-80-F4"},{"r":"197","t":"09:36:19","h":"Est via de la P\u00e9pini\u00e8re","s":"25N-H55NV10I-80-I"},{"r":"197","t":"09:36:19","h":"Est via de la P\u00e9pini\u00e8re","s":"25N-H55NV20I-80-I"},{"r":"197","t":"09:36:19","h":"Est via de la P\u00e9pini\u00e8re","s":"25S-H55S000I-80-I"},{"r":"197","t":"09:36:19","h":"Est via de la P\u00e9pini\u00e8re","s":"25S-H55S100F-80-F1"},{"r":"197","t":"09:36:19","h":"Est via de la P\u00e9pini\u00e8re","s":"25S-H55S200F-80-F2"},{"r":"197","t":"09:41:28","h":"Est via de la P\u00e9pini\u00e8re","s":"25N-H55N000S-80-S"},{"r":"197","t":"09:41:28","h":"Est via de la P\u00e9pini\u00e8re","s":"25N-H55N000S-82-S"},{"r":"197","t":"09:41:28","h":"Est via de la P\u00e9pini\u00e8re","s":"25N-H55NV10S-85-S"},{"r":"197","t":"09:41:28","h":"Est via de la P\u00e9pini\u00e8re","s":"25N-H55NV20S-81-S"},{"r":"197","t":"09:41:28","h":"Est via de la P\u00e9pini\u00e8re","s":"25S-H55S000S-82-S"},{"r":"25","t":"09:58:08","h":"Sud","s":"25N-H57N000S-80-S"},{"r":"25","t":"09:58:08","h":"Sud","s":"25N-H57NV10S-84-S"},{"r":"25","t":"09:58:08","h":"Sud","s":"25N-H57NV20S-80-S"},{"r":"25","t":"09:58:08","h":"Sud","s":"25S-H57S000S-82-S"},{"r":"197","t":"10:02:53","h":"Est via de la P\u00e9pini\u00e8re","s":"25N-H55N000A-80-A"},{"r":"197","t":"10:02:53","h":"Est via de la P\u00e9pini\u00e8re","s":"25N-H55NV10A-80-A"},{"r":"197","t":"10:02:53","h":"Est via de la P\u00e9pini\u00e8re","s":"25N-H55NV20A-80-A"},{"r":"197","t":"10:02:53","h":"Est via de la P\u00e9pini\u00e8re","s":"25S-H55S000A-80-A"},{"r":"197","t":"10:05:53","h":"Est via de la P\u00e9pini\u00e8re","s":"25N-H55N000I-80-I"},{"r":"197","t":"10:05:53","h":"Est via de la P\u00e9pini\u00e8re","s":"25N-H55N100F-80-F1"},{"r":"197","t":"10:05:53","h":"Est via de la P\u00e9pini\u00e8re","s":"25N-H55N200F-80-F2"},{"r":"197","t":"10:05:53","h":"Est via de la P\u00e9pini\u00e8re","s":"25N-H55N300F-80-F3"},{"r":"197","t":"10:05:53","h":"Est via de la P\u00e9pini\u00e8re","s":"25N-H55N400F-80-F4"},{"r":"197","t":"10:05:53","h":"Est via de la P\u00e9pini\u00e8re","s":"25N-H55NV10I-80-I"},{"r":"197","t":"10:05:53","h":"Est via de la P\u00e9pini\u00e8re","s":"25N-H55NV20I-80-I"},{"r":"197","t":"10:05:53","h":"Est via de la P\u00e9pini\u00e8re","s":"25S-H55S000I-80-I"},{"r":"197","t":"10:05:53","h":"Est via de la P\u00e9pini\u00e8re","s":"25S-H55S100F-80-F1"},{"r":"197","t":"10:05:53","h":"Est via de la P\u00e9pini\u00e8re","s":"25S-H55S200F-80-F2"},{"r":"197","t":"10:11:28","h":"Est via de la P\u00e9pini\u00e8re","s":"25N-H55N000S-80-S"},{"r":"197","t":"10:11:28","h":"Est via de la P\u00e9pini\u00e8re","s":"25N-H55N000S-82-S"},{"r":"197","t":"10:11:28","h":"Est via de la P\u00e9pini\u00e8re","s":"25N-H55NV10S-85-S"},{"r":"197","t":"10:11:28","h":"Est via de la P\u00e9pini\u00e8re","s":"25N-H55NV20S-81-S"},{"r":"197","t":"10:11:28","h":"Est via de la P\u00e9pini\u00e8re","s":"25S-H55S000S-82-S"},{"r":"25","t":"10:26:08","h":"Sud","s":"25N-H57N000S-80-S"},{"r":"25","t":"10:26:08","h":"Sud","s":"25N-H57NV10S-84-S"},{"r":"25","t":"10:26:08","h":"Sud","s":"25N-H57NV20S-80-S"},{"r":"25","t":"10:26:08","h":"Sud","s":"25S-H57S000S-82-S"},{"r":"197","t":"10:32:53","h":"Est via de la P\u00e9pini\u00e8re","s":"25N-H55N000A-80-A"},{"r":"197","t":"10:32:53","h":"Est via de la P\u00e9pini\u00e8re","s":"25N-H55NV10A-80-A"},{"r":"197","t":"10:32:53","h":"Est via de la P\u00e9pini\u00e8re","s":"25N-H55NV20A-80-A"},{"r":"197","t":"10:32:53","h":"Est via de la P\u00e9pini\u00e8re","s":"25S-H55S000A-80-A"},{"r":"197","t":"10:34:53","h":"Est via de la P\u00e9pini\u00e8re","s":"25N-H55N000I-80-I"},{"r":"197","t":"10:34:53","h":"Est via de la P\u00e9pini\u00e8re","s":"25N-H55N100F-80-F1"},{"r":"197","t":"10:34:53","h":"Est via de la P\u00e9pini\u00e8re","s":"25N-H55N200F-80-F2"},{"r":"197","t":"10:34:53","h":"Est via de la P\u00e9pini\u00e8re","s":"25N-H55N300F-80-F3"},{"r":"197","t":"10:34:53","h":"Est via de la P\u00e9pini\u00e8re","s":"25N-H55N400F-80-F4"},{"r":"197","t":"10:34:53","h":"Est via de la P\u00e9pini\u00e8re","s":"25N-H55NV10I-80-I"},{"r":"197","t":"10:34:53","h":"Est via de la P\u00e9pini\u00e8re","s":"25N-H55NV20I-80-I"},{"r":"197","t":"10:34:53","h":"Est via de la P\u00e9pini\u00e8re","s":"25S-H55S000I-80-I"},{"r":"197","t":"10:34:53","h":"Est via de la P\u00e9pini\u00e8re","s":"25S-H55S100F-80-F1"},{"r":"197","t":"10:34:53","h":"Est via de la P\u00e9pini\u00e8re","s":"25S-H55S200F-80-F2"},{"r":"197","t":"10:41:28","h":"Est via de la P\u00e9pini\u00e8re","s":"25N-H55N000S-80-S"},{"r":"197","t":"10:41:28","h":"Est via de la P\u00e9pini\u00e8re","s":"25N-H55N000S-82-S"},{"r":"197","t":"10:41:28","h":"Est via de la P\u00e9pini\u00e8re","s":"25N-H55NV10S-85-S"},{"r":"197","t":"10:41:28","h":"Est via de la P\u00e9pini\u00e8re","s":"25N-H55NV20S-81-S"},{"r":"197","t":"10:41:28","h":"Est via de la P\u00e9pini\u00e8re","s":"25S-H55S000S-82-S"},{"r":"25","t":"10:55:08","h":"Sud","s":"25N-H57N000S-80-S"},{"r":"25","t":"10:55:08","h":"Sud","s":"25N-H57NV10S-84-S"},{"r":"25","t":"10:55:08","h":"Sud","s":"25N-H57NV20S-80-S"},{"r":"25","t":"10:55:08","h":"Sud","s":"25S-H57S000S-82-S"},{"r":"197","t":"11:03:53","h":"Est via de la P\u00e9pini\u00e8re","s":"25N-H55N000I-80-I"},{"r":"197","t":"11:03:53","h":"Est via de la P\u00e9pini\u00e8re","s":"25N-H55N100F-80-F1"},{"r":"197","t":"11:03:53","h":"Est via de la P\u00e9pini\u00e8re","s":"25N-H55N200F-80-F2"},{"r":"197","t":"11:03:53","h":"Est via de la P\u00e9pini\u00e8re","s":"25N-H55N300F-80-F3"},{"r":"197","t":"11:03:53","h":"Est via de la P\u00e9pini\u00e8re","s":"25N-H55N400F-80-F4"},{"r":"197","t":"11:03:53","h":"Est via de la P\u00e9pini\u00e8re","s":"25N-H55NV10I-80-I"},{"r":"197","t":"11:03:53","h":"Est via de la P\u00e9pini\u00e8re","s":"25N-H55NV20I-80-I"},{"r":"197","t":"11:03:53","h":"Est via de la P\u00e9pini\u00e8re","s":"25S-H55S000I-80-I"},{"r":"197","t":"11:03:53","h":"Est via de la P\u00e9pini\u00e8re","s":"25S-H55S100F-80-F1"},{"r":"197","t":"11:03:53","h":"Est via de la P\u00e9pini\u00e8re","s":"25S-H55S200F-80-F2"},{"r":"197","t":"11:04:53","h":"Est via de la P\u00e9pini\u00e8re","s":"25N-H55N000A-80-A"},{"r":"197","t":"11:04:53","h":"Est via de la P\u00e9pini\u00e8re","s":"25N-H55NV10A-80-A"},{"r":"197","t":"11:04:53","h":"Est via de la P\u00e9pini\u00e8re","s":"25N-H55NV20A-80-A"},{"r":"197","t":"11:04:53","h":"Est via de la P\u00e9pini\u00e8re","s":"25S-H55S000A-80-A"},{"r":"197","t":"11:13:28","h":"Est via de la P\u00e9pini\u00e8re","s":"25N-H55N000S-80-S"},{"r":"197","t":"11:13:28","h":"Est via de la P\u00e9pini\u00e8re","s":"25N-H55N000S-82-S"},{"r":"197","t":"11:13:28","h":"Est via de la P\u00e9pini\u00e8re","s":"25N-H55NV10S-85-S"},{"r":"197","t":"11:13:28","h":"Est via de la P\u00e9pini\u00e8re","s":"25N-H55NV20S-81-S"},{"r":"197","t":"11:13:28","h":"Est via de la P\u00e9pini\u00e8re","s":"25S-H55S000S-82-S"},{"r":"25","t":"11:24:08","h":"Sud","s":"25N-H57N000S-80-S"},{"r":"25","t":"11:24:08","h":"Sud","s":"25N-H57NV10S-84-S"},{"r":"25","t":"11:24:08","h":"Sud","s":"25N-H57NV20S-80-S"},{"r":"25","t":"11:24:08","h":"Sud","s":"25S-H57S000S-82-S"},{"r":"197","t":"11:32:53","h":"Est via de la P\u00e9pini\u00e8re","s":"25N-H55N000I-80-I"},{"r":"197","t":"11:32:53","h":"Est via de la P\u00e9pini\u00e8re","s":"25N-H55N100F-80-F1"},{"r":"197","t":"11:32:53","h":"Est via de la P\u00e9pini\u00e8re","s":"25N-H55N200F-80-F2"},{"r":"197","t":"11:32:53","h":"Est via de la P\u00e9pini\u00e8re","s":"25N-H55N300F-80-F3"},{"r":"197","t":"11:32:53","h":"Est via de la P\u00e9pini\u00e8re","s":"25N-H55N400F-80-F4"},{"r":"197","t":"11:32:53","h":"Est via de la P\u00e9pini\u00e8re","s":"25N-H55NV10I-80-I"},{"r":"197","t":"11:32:53","h":"Est via de la P\u00e9pini\u00e8re","s":"25N-H55NV20I-80-I"},{"r":"197","t":"11:32:53","h":"Est via de la P\u00e9pini\u00e8re","s":"25S-H55S000I-80-I"},{"r":"197","t":"11:32:53","h":"Est via de la P\u00e9pini\u00e8re","s":"25S-H55S100F-80-F1"},{"r":"197","t":"11:32:53","h":"Est via de la P\u00e9pini\u00e8re","s":"25S-H55S200F-80-F2"},{"r":"197","t":"11:35:53","h":"Est via de la P\u00e9pini\u00e8re","s":"25N-H55N000A-80-A"},{"r":"197","t":"11:35:53","h":"Est via de la P\u00e9pini\u00e8re","s":"25N-H55NV10A-80-A"},{"r":"197","t":"11:35:53","h":"Est via de la P\u00e9pini\u00e8re","s":"25N-H55NV20A-80-A"},{"r":"197","t":"11:35:53","h":"Est via de la P\u00e9pini\u00e8re","s":"25S-H55S000A-80-A"},{"r":"197","t":"11:41:28","h":"Est via de la P\u00e9pini\u00e8re","s":"25N-H55N000S-80-S"},{"r":"197","t":"11:41:28","h":"Est via de la P\u00e9pini\u00e8re","s":"25N-H55N000S-82-S"},{"r":"197","t":"11:41:28","h":"Est via de la P\u00e9pini\u00e8re","s":"25N-H55NV10S-85-S"},{"r":"197","t":"11:41:28","h":"Est via de la P\u00e9pini\u00e8re","s":"25N-H55NV20S-81-S"},{"r":"197","t":"11:41:28","h":"Est via de la P\u00e9pini\u00e8re","s":"25S-H55S000S-82-S"},{"r":"25","t":"11:54:08","h":"Sud","s":"25N-H57N000S-80-S"},{"r":"25","t":"11:54:08","h":"Sud","s":"25N-H57NV10S-84-S"},{"r":"25","t":"11:54:08","h":"Sud","s":"25N-H57NV20S-80-S"},{"r":"25","t":"11:54:08","h":"Sud","s":"25S-H57S000S-82-S"},{"r":"197","t":"12:05:53","h":"Est via de la P\u00e9pini\u00e8re","s":"25N-H55N000A-80-A"},{"r":"197","t":"12:05:53","h":"Est via de la P\u00e9pini\u00e8re","s":"25N-H55N000I-80-I"},{"r":"197","t":"12:05:53","h":"Est via de la P\u00e9pini\u00e8re","s":"25N-H55N100F-80-F1"},{"r":"197","t":"12:05:53","h":"Est via de la P\u00e9pini\u00e8re","s":"25N-H55N200F-80-F2"},{"r":"197","t":"12:05:53","h":"Est via de la P\u00e9pini\u00e8re","s":"25N-H55N300F-80-F3"},{"r":"197","t":"12:05:53","h":"Est via de la P\u00e9pini\u00e8re","s":"25N-H55N400F-80-F4"},{"r":"197","t":"12:05:53","h":"Est via de la P\u00e9pini\u00e8re","s":"25N-H55NV10A-80-A"},{"r":"197","t":"12:05:53","h":"Est via de la P\u00e9pini\u00e8re","s":"25N-H55NV10I-80-I"},{"r":"197","t":"12:05:53","h":"Est via de la P\u00e9pini\u00e8re","s":"25N-H55NV20A-80-A"},{"r":"197","t":"12:05:53","h":"Est via de la P\u00e9pini\u00e8re","s":"25N-H55NV20I-80-I"},{"r":"197","t":"12:05:53","h":"Est via de la P\u00e9pini\u00e8re","s":"25S-H55S000A-80-A"},{"r":"197","t":"12:05:53","h":"Est via de la P\u00e9pini\u00e8re","s":"25S-H55S000I-80-I"},{"r":"197","t":"12:05:53","h":"Est via de la P\u00e9pini\u00e8re","s":"25S-H55S100F-80-F1"},{"r":"197","t":"12:05:53","h":"Est via de la P\u00e9pini\u00e8re","s":"25S-H55S200F-80-F2"},{"r":"197","t":"12:09:28","h":"Est via de la P\u00e9pini\u00e8re","s":"25N-H55N000S-80-S"},{"r":"197","t":"12:09:28","h":"Est via de la P\u00e9pini\u00e8re","s":"25N-H55N000S-82-S"},{"r":"197","t":"12:09:28","h":"Est via de la P\u00e9pini\u00e8re","s":"25N-H55NV10S-85-S"},{"r":"197","t":"12:09:28","h":"Est via de la P\u00e9pini\u00e8re","s":"25N-H55NV20S-81-S"},{"r":"197","t":"12:09:28","h":"Est via de la P\u00e9pini\u00e8re","s":"25S-H55S000S-82-S"},{"r":"25","t":"12:24:08","h":"Sud","s":"25N-H57N000S-80-S"},{"r":"25","t":"12:24:08","h":"Sud","s":"25N-H57NV10S-84-S"},{"r":"25","t":"12:24:08","h":"Sud","s":"25N-H57NV20S-80-S"},{"r":"25","t":"12:24:08","h":"Sud","s":"25S-H57S000S-82-S"},{"r":"197","t":"12:33:28","h":"Est via de la P\u00e9pini\u00e8re","s":"25N-H55N000S-80-S"},{"r":"197","t":"12:33:28","h":"Est via de la P\u00e9pini\u00e8re","s":"25N-H55N000S-82-S"},{"r":"197","t":"12:33:28","h":"Est via de la P\u00e9pini\u00e8re","s":"25N-H55NV10S-85-S"},{"r":"197","t":"12:33:28","h":"Est via de la P\u00e9pini\u00e8re","s":"25N-H55NV20S-81-S"},{"r":"197","t":"12:33:28","h":"Est via de la P\u00e9pini\u00e8re","s":"25S-H55S000S-82-S"},{"r":"197","t":"12:35:53","h":"Est via de la P\u00e9pini\u00e8re","s":"25N-H55N000A-80-A"},{"r":"197","t":"12:35:53","h":"Est via de la P\u00e9pini\u00e8re","s":"25N-H55NV10A-80-A"},{"r":"197","t":"12:35:53","h":"Est via de la P\u00e9pini\u00e8re","s":"25N-H55NV20A-80-A"},{"r":"197","t":"12:35:53","h":"Est via de la P\u00e9pini\u00e8re","s":"25S-H55S000A-80-A"},{"r":"197","t":"12:38:53","h":"Est via de la P\u00e9pini\u00e8re","s":"25N-H55N000I-80-I"},{"r":"197","t":"12:38:53","h":"Est via de la P\u00e9pini\u00e8re","s":"25N-H55N100F-80-F1"},{"r":"197","t":"12:38:53","h":"Est via de la P\u00e9pini\u00e8re","s":"25N-H55N200F-80-F2"},{"r":"197","t":"12:38:53","h":"Est via de la P\u00e9pini\u00e8re","s":"25N-H55N300F-80-F3"},{"r":"197","t":"12:38:53","h":"Est via de la P\u00e9pini\u00e8re","s":"25N-H55N400F-80-F4"},{"r":"197","t":"12:38:53","h":"Est via de la P\u00e9pini\u00e8re","s":"25N-H55NV10I-80-I"},{"r":"197","t":"12:38:53","h":"Est via de la P\u00e9pini\u00e8re","s":"25N-H55NV20I-80-I"},{"r":"197","t":"12:38:53","h":"Est via de la P\u00e9pini\u00e8re","s":"25S-H55S000I-80-I"},{"r":"197","t":"12:38:53","h":"Est via de la P\u00e9pini\u00e8re","s":"25S-H55S100F-80-F1"},{"r":"197","t":"12:38:53","h":"Est via de la P\u00e9pini\u00e8re","s":"25S-H55S200F-80-F2"},{"r":"25","t":"12:54:08","h":"Sud","s":"25N-H57N000S-80-S"},{"r":"25","t":"12:54:08","h":"Sud","s":"25N-H57NV10S-84-S"},{"r":"25","t":"12:54:08","h":"Sud","s":"25N-H57NV20S-80-S"},{"r":"25","t":"12:54:08","h":"Sud","s":"25S-H57S000S-82-S"},{"r":"197","t":"12:57:28","h":"Est via de la P\u00e9pini\u00e8re","s":"25N-H55N000S-80-S"},{"r":"197","t":"12:57:28","h":"Est via de la P\u00e9pini\u00e8re","s":"25N-H55N000S-82-S"},{"r":"197","t":"12:57:28","h":"Est via de la P\u00e9pini\u00e8re","s":"25N-H55NV10S-85-S"},{"r":"197","t":"12:57:28","h":"Est via de la P\u00e9pini\u00e8re","s":"25N-H55NV20S-81-S"},{"r":"197","t":"12:57:28","h":"Est via de la P\u00e9pini\u00e8re","s":"25S-H55S000S-82-S"},{"r":"197","t":"13:05:53","h":"Est via de la P\u00e9pini\u00e8re","s":"25N-H55N000A-80-A"},{"r":"197","t":"13:05:53","h":"Est via de la P\u00e9pini\u00e8re","s":"25N-H55NV10A-80-A"},{"r":"197","t":"13:05:53","h":"Est via de la P\u00e9pini\u00e8re","s":"25N-H55NV20A-80-A"},{"r":"197","t":"13:05:53","h":"Est via de la P\u00e9pini\u00e8re","s":"25S-H55S000A-80-A"},{"r":"197","t":"13:10:53","h":"Est via de la P\u00e9pini\u00e8re","s":"25N-H55N000I-80-I"},{"r":"197","t":"13:10:53","h":"Est via de la P\u00e9pini\u00e8re","s":"25N-H55N100F-80-F1"},{"r":"197","t":"13:10:53","h":"Est via de la P\u00e9pini\u00e8re","s":"25N-H55N200F-80-F2"},{"r":"197","t":"13:10:53","h":"Est via de la P\u00e9pini\u00e8re","s":"25N-H55N300F-80-F3"},{"r":"197","t":"13:10:53","h":"Est via de la P\u00e9pini\u00e8re","s":"25N-H55N400F-80-F4"},{"r":"197","t":"13:10:53","h":"Est via de la P\u00e9pini\u00e8re","s":"25N-H55NV10I-80-I"},{"r":"197","t":"13:10:53","h":"Est via de la P\u00e9pini\u00e8re","s":"25N-H55NV20I-80-I"},{"r":"197","t":"13:10:53","h":"Est via de la P\u00e9pini\u00e8re","s":"25S-H55S000I-80-I"},{"r":"197","t":"13:10:53","h":"Est via de la P\u00e9pini\u00e8re","s":"25S-H55S100F-80-F1"},{"r":"197","t":"13:10:53","h":"Est via de la P\u00e9pini\u00e8re","s":"25S-H55S200F-80-F2"},{"r":"197","t":"13:19:28","h":"Est via de la P\u00e9pini\u00e8re","s":"25N-H55N000S-80-S"},{"r":"197","t":"13:19:28","h":"Est via de la P\u00e9pini\u00e8re","s":"25N-H55N000S-82-S"},{"r":"197","t":"13:19:28","h":"Est via de la P\u00e9pini\u00e8re","s":"25N-H55NV10S-85-S"},{"r":"197","t":"13:19:28","h":"Est via de la P\u00e9pini\u00e8re","s":"25N-H55NV20S-81-S"},{"r":"197","t":"13:19:28","h":"Est via de la P\u00e9pini\u00e8re","s":"25S-H55S000S-82-S"},{"r":"25","t":"13:24:08","h":"Sud","s":"25N-H57N000S-80-S"},{"r":"25","t":"13:24:08","h":"Sud","s":"25N-H57NV10S-84-S"},{"r":"25","t":"13:24:08","h":"Sud","s":"25N-H57NV20S-80-S"},{"r":"25","t":"13:24:08","h":"Sud","s":"25S-H57S000S-82-S"},{"r":"197","t":"13:34:53","h":"Est via de la P\u00e9pini\u00e8re","s":"25N-H55N000A-80-A"},{"r":"197","t":"13:34:53","h":"Est via de la P\u00e9pini\u00e8re","s":"25N-H55NV10A-80-A"},{"r":"197","t":"13:34:53","h":"Est via de la P\u00e9pini\u00e8re","s":"25N-H55NV20A-80-A"},{"r":"197","t":"13:34:53","h":"Est via de la P\u00e9pini\u00e8re","s":"25S-H55S000A-80-A"},{"r":"197","t":"13:40:53","h":"Est via de la P\u00e9pini\u00e8re","s":"25N-H55N000I-80-I"},{"r":"197","t":"13:40:53","h":"Est via de la P\u00e9pini\u00e8re","s":"25N-H55N100F-80-F1"},{"r":"197","t":"13:40:53","h":"Est via de la P\u00e9pini\u00e8re","s":"25N-H55N200F-80-F2"},{"r":"197","t":"13:40:53","h":"Est via de la P\u00e9pini\u00e8re","s":"25N-H55N300F-80-F3"},{"r":"197","t":"13:40:53","h":"Est via de la P\u00e9pini\u00e8re","s":"25N-H55N400F-80-F4"},{"r":"197","t":"13:40:53","h":"Est via de la P\u00e9pini\u00e8re","s":"25N-H55NV10I-80-I"},{"r":"197","t":"13:40:53","h":"Est via de la P\u00e9pini\u00e8re","s":"25N-H55NV20I-80-I"},{"r":"197","t":"13:40:53","h":"Est via de la P\u00e9pini\u00e8re","s":"25S-H55S000I-80-I"},{"r":"197","t":"13:40:53","h":"Est via de la P\u00e9pini\u00e8re","s":"25S-H55S100F-80-F1"},{"r":"197","t":"13:40:53","h":"Est via de la P\u00e9pini\u00e8re","s":"25S-H55S200F-80-F2"},{"r":"197","t":"13:41:28","h":"Est via de la P\u00e9pini\u00e8re","s":"25N-H55N000S-80-S"},{"r":"197","t":"13:41:28","h":"Est via de la P\u00e9pini\u00e8re","s":"25N-H55N000S-82-S"},{"r":"197","t":"13:41:28","h":"Est via de la P\u00e9pini\u00e8re","s":"25N-H55NV10S-85-S"},{"r":"197","t":"13:41:28","h":"Est via de la P\u00e9pini\u00e8re","s":"25N-H55NV20S-81-S"},{"r":"197","t":"13:41:28","h":"Est via de la P\u00e9pini\u00e8re","s":"25S-H55S000S-82-S"},{"r":"25","t":"13:54:08","h":"Sud","s":"25N-H57N000S-80-S"},{"r":"25","t":"13:54:08","h":"Sud","s":"25N-H57NV10S-84-S"},{"r":"25","t":"13:54:08","h":"Sud","s":"25N-H57NV20S-80-S"},{"r":"25","t":"13:54:08","h":"Sud","s":"25S-H57S000S-82-S"},{"r":"197","t":"14:03:28","h":"Est via de la P\u00e9pini\u00e8re","s":"25N-H55N000S-80-S"},{"r":"197","t":"14:03:28","h":"Est via de la P\u00e9pini\u00e8re","s":"25N-H55N000S-82-S"},{"r":"197","t":"14:03:28","h":"Est via de la P\u00e9pini\u00e8re","s":"25N-H55NV10S-85-S"},{"r":"197","t":"14:03:28","h":"Est via de la P\u00e9pini\u00e8re","s":"25N-H55NV20S-81-S"},{"r":"197","t":"14:03:28","h":"Est via de la P\u00e9pini\u00e8re","s":"25S-H55S000S-82-S"},{"r":"197","t":"14:03:53","h":"Est via de la P\u00e9pini\u00e8re","s":"25N-H55N000A-80-A"},{"r":"197","t":"14:03:53","h":"Est via de la P\u00e9pini\u00e8re","s":"25N-H55NV10A-80-A"},{"r":"197","t":"14:03:53","h":"Est via de la P\u00e9pini\u00e8re","s":"25N-H55NV20A-80-A"},{"r":"197","t":"14:03:53","h":"Est via de la P\u00e9pini\u00e8re","s":"25S-H55S000A-80-A"},{"r":"197","t":"14:09:53","h":"Est via de la P\u00e9pini\u00e8re","s":"25N-H55N000I-80-I"},{"r":"197","t":"14:09:53","h":"Est via de la P\u00e9pini\u00e8re","s":"25N-H55N100F-80-F1"},{"r":"197","t":"14:09:53","h":"Est via de la P\u00e9pini\u00e8re","s":"25N-H55N200F-80-F2"},{"r":"197","t":"14:09:53","h":"Est via de la P\u00e9pini\u00e8re","s":"25N-H55N300F-80-F3"},{"r":"197","t":"14:09:53","h":"Est via de la P\u00e9pini\u00e8re","s":"25N-H55N400F-80-F4"},{"r":"197","t":"14:09:53","h":"Est via de la P\u00e9pini\u00e8re","s":"25N-H55NV10I-80-I"},{"r":"197","t":"14:09:53","h":"Est via de la P\u00e9pini\u00e8re","s":"25N-H55NV20I-80-I"},{"r":"197","t":"14:09:53","h":"Est via de la P\u00e9pini\u00e8re","s":"25S-H55S000I-80-I"},{"r":"197","t":"14:09:53","h":"Est via de la P\u00e9pini\u00e8re","s":"25S-H55S100F-80-F1"},{"r":"197","t":"14:09:53","h":"Est via de la P\u00e9pini\u00e8re","s":"25S-H55S200F-80-F2"},{"r":"197","t":"14:18:28","h":"Est via de la P\u00e9pini\u00e8re","s":"25N-H55N000S-80-S"},{"r":"197","t":"14:18:28","h":"Est via de la P\u00e9pini\u00e8re","s":"25N-H55N000S-82-S"},{"r":"197","t":"14:18:28","h":"Est via de la P\u00e9pini\u00e8re","s":"25N-H55NV10S-85-S"},{"r":"197","t":"14:18:28","h":"Est via de la P\u00e9pini\u00e8re","s":"25N-H55NV20S-81-S"},{"r":"197","t":"14:18:28","h":"Est via de la P\u00e9pini\u00e8re","s":"25S-H55S000S-82-S"},{"r":"25","t":"14:25:08","h":"Sud","s":"25N-H57N000S-80-S"},{"r":"25","t":"14:25:08","h":"Sud","s":"25N-H57NV10S-84-S"},{"r":"25","t":"14:25:08","h":"Sud","s":"25N-H57NV20S-80-S"},{"r":"25","t":"14:25:08","h":"Sud","s":"25S-H57S000S-82-S"},{"r":"197","t":"14:32:53","h":"Est via de la P\u00e9pini\u00e8re","s":"25N-H55N000A-80-A"},{"r":"197","t":"14:32:53","h":"Est via de la P\u00e9pini\u00e8re","s":"25N-H55NV10A-80-A"},{"r":"197","t":"14:32:53","h":"Est via de la P\u00e9pini\u00e8re","s":"25N-H55NV20A-80-A"},{"r":"197","t":"14:32:53","h":"Est via de la P\u00e9pini\u00e8re","s":"25S-H55S000A-80-A"},{"r":"197","t":"14:33:28","h":"Est via de la P\u00e9pini\u00e8re","s":"25N-H55N000S-80-S"},{"r":"197","t":"14:33:28","h":"Est via de la P\u00e9pini\u00e8re","s":"25N-H55N000S-82-S"},{"r":"197","t":"14:33:28","h":"Est via de la P\u00e9pini\u00e8re","s":"25N-H55NV10S-85-S"},{"r":"197","t":"14:33:28","h":"Est via de la P\u00e9pini\u00e8re","s":"25N-H55NV20S-81-S"},{"r":"197","t":"14:33:28","h":"Est via de la P\u00e9pini\u00e8re","s":"25S-H55S000S-82-S"},{"r":"197","t":"14:37:53","h":"Est via de la P\u00e9pini\u00e8re","s":"25N-H55N000I-80-I"},{"r":"197","t":"14:37:53","h":"Est via de la P\u00e9pini\u00e8re","s":"25N-H55N100F-80-F1"},{"r":"197","t":"14:37:53","h":"Est via de la P\u00e9pini\u00e8re","s":"25N-H55N200F-80-F2"},{"r":"197","t":"14:37:53","h":"Est via de la P\u00e9pini\u00e8re","s":"25N-H55N300F-80-F3"},{"r":"197","t":"14:37:53","h":"Est via de la P\u00e9pini\u00e8re","s":"25N-H55N400F-80-F4"},{"r":"197","t":"14:37:53","h":"Est via de la P\u00e9pini\u00e8re","s":"25N-H55NV10I-80-I"},{"r":"197","t":"14:37:53","h":"Est via de la P\u00e9pini\u00e8re","s":"25N-H55NV20I-80-I"},{"r":"197","t":"14:37:53","h":"Est via de la P\u00e9pini\u00e8re","s":"25S-H55S000I-80-I"},{"r":"197","t":"14:37:53","h":"Est via de la P\u00e9pini\u00e8re","s":"25S-H55S100F-80-F1"},{"r":"197","t":"14:37:53","h":"Est via de la P\u00e9pini\u00e8re","s":"25S-H55S200F-80-F2"},{"r":"197","t":"14:45:28","h":"Est via de la P\u00e9pini\u00e8re","s":"25N-H55N000S-80-S"},{"r":"197","t":"14:45:28","h":"Est via de la P\u00e9pini\u00e8re","s":"25N-H55N000S-82-S"},{"r":"197","t":"14:45:28","h":"Est via de la P\u00e9pini\u00e8re","s":"25N-H55NV10S-85-S"},{"r":"197","t":"14:45:28","h":"Est via de la P\u00e9pini\u00e8re","s":"25N-H55NV20S-81-S"},{"r":"197","t":"14:45:28","h":"Est via de la P\u00e9pini\u00e8re","s":"25S-H55S000S-82-S"},{"r":"25","t":"14:56:08","h":"Sud","s":"25N-H57N000S-80-S"},{"r":"25","t":"14:56:08","h":"Sud","s":"25N-H57NV10S-84-S"},{"r":"25","t":"14:56:08","h":"Sud","s":"25N-H57NV20S-80-S"},{"r":"25","t":"14:56:08","h":"Sud","s":"25S-H57S000S-82-S"},{"r":"197","t":"14:57:28","h":"Est via de la P\u00e9pini\u00e8re","s":"25N-H55N000S-80-S"},{"r":"197","t":"14:57:28","h":"Est via de la P\u00e9pini\u00e8re","s":"25N-H55N000S-82-S"},{"r":"197","t":"14:57:28","h":"Est via de la P\u00e9pini\u00e8re","s":"25N-H55NV10S-85-S"},{"r":"197","t":"14:57:28","h":"Est via de la P\u00e9pini\u00e8re","s":"25N-H55NV20S-81-S"},{"r":"197","t":"14:57:28","h":"Est via de la P\u00e9pini\u00e8re","s":"25S-H55S000S-82-S"},{"r":"197","t":"15:02:53","h":"Est via de la P\u00e9pini\u00e8re","s":"25N-H55N000A-80-A"},{"r":"197","t":"15:02:53","h":"Est via de la P\u00e9pini\u00e8re","s":"25N-H55NV10A-80-A"},{"r":"197","t":"15:02:53","h":"Est via de la P\u00e9pini\u00e8re","s":"25N-H55NV20A-80-A"},{"r":"197","t":"15:02:53","h":"Est via de la P\u00e9pini\u00e8re","s":"25S-H55S000A-80-A"},{"r":"197","t":"15:05:53","h":"Est via de la P\u00e9pini\u00e8re","s":"25N-H55N000I-80-I"},{"r":"197","t":"15:05:53","h":"Est via de la P\u00e9pini\u00e8re","s":"25N-H55N100F-80-F1"},{"r":"197","t":"15:05:53","h":"Est via de la P\u00e9pini\u00e8re","s":"25N-H55N200F-80-F2"},{"r":"197","t":"15:05:53","h":"Est via de la P\u00e9pini\u00e8re","s":"25N-H55N300F-80-F3"},{"r":"197","t":"15:05:53","h":"Est via de la P\u00e9pini\u00e8re","s":"25N-H55N400F-80-F4"},{"r":"197","t":"15:05:53","h":"Est via de la P\u00e9pini\u00e8re","s":"25N-H55NV10I-80-I"},{"r":"197","t":"15:05:53","h":"Est via de la P\u00e9pini\u00e8re","s":"25N-H55NV20I-80-I"},{"r":"197","t":"15:05:53","h":"Est via de la P\u00e9pini\u00e8re","s":"25S-H55S000I-80-I"},{"r":"197","t":"15:05:53","h":"Est via de la P\u00e9pini\u00e8re","s":"25S-H55S100F-80-F1"},{"r":"197","t":"15:05:53","h":"Est via de la P\u00e9pini\u00e8re","s":"25S-H55S200F-80-F2"},{"r":"197","t":"15:07:28","h":"Est via de la P\u00e9pini\u00e8re","s":"25N-H55N000S-80-S"},{"r":"197","t":"15:07:28","h":"Est via de la P\u00e9pini\u00e8re","s":"25N-H55N000S-82-S"},{"r":"197","t":"15:07:28","h":"Est via de la P\u00e9pini\u00e8re","s":"25N-H55NV10S-85-S"},{"r":"197","t":"15:07:28","h":"Est via de la P\u00e9pini\u00e8re","s":"25N-H55NV20S-81-S"},{"r":"197","t":"15:07:28","h":"Est via de la P\u00e9pini\u00e8re","s":"25S-H55S000S-82-S"},{"r":"197","t":"15:18:28","h":"Est via de la P\u00e9pini\u00e8re","s":"25N-H55N000S-80-S"},{"r":"197","t":"15:18:28","h":"Est via de la P\u00e9pini\u00e8re","s":"25N-H55N000S-82-S"},{"r":"197","t":"15:18:28","h":"Est via de la P\u00e9pini\u00e8re","s":"25N-H55NV10S-85-S"},{"r":"197","t":"15:18:28","h":"Est via de la P\u00e9pini\u00e8re","s":"25N-H55NV20S-81-S"},{"r":"197","t":"15:18:28","h":"Est via de la P\u00e9pini\u00e8re","s":"25S-H55S000S-82-S"},{"r":"197","t":"15:24:53","h":"Est via de la P\u00e9pini\u00e8re","s":"25N-H55N000A-80-A"},{"r":"197","t":"15:24:53","h":"Est via de la P\u00e9pini\u00e8re","s":"25N-H55NV10A-80-A"},{"r":"197","t":"15:24:53","h":"Est via de la P\u00e9pini\u00e8re","s":"25N-H55NV20A-80-A"},{"r":"197","t":"15:24:53","h":"Est via de la P\u00e9pini\u00e8re","s":"25S-H55S000A-80-A"},{"r":"25","t":"15:27:33","h":"Sud","s":"25N-H57N000S-80-S"},{"r":"25","t":"15:27:33","h":"Sud","s":"25N-H57NV10S-84-S"},{"r":"25","t":"15:27:33","h":"Sud","s":"25N-H57NV20S-80-S"},{"r":"25","t":"15:27:33","h":"Sud","s":"25S-H57S000S-82-S"},{"r":"197","t":"15:28:28","h":"Est via de la P\u00e9pini\u00e8re","s":"25N-H55N000S-80-S"},{"r":"197","t":"15:28:28","h":"Est via de la P\u00e9pini\u00e8re","s":"25N-H55N000S-82-S"},{"r":"197","t":"15:28:28","h":"Est via de la P\u00e9pini\u00e8re","s":"25N-H55NV10S-85-S"},{"r":"197","t":"15:28:28","h":"Est via de la P\u00e9pini\u00e8re","s":"25N-H55NV20S-81-S"},{"r":"197","t":"15:28:28","h":"Est via de la P\u00e9pini\u00e8re","s":"25S-H55S000S-82-S"},{"r":"197","t":"15:33:53","h":"Est via de la P\u00e9pini\u00e8re","s":"25N-H55N000I-80-I"},{"r":"197","t":"15:33:53","h":"Est via de la P\u00e9pini\u00e8re","s":"25N-H55N100F-80-F1"},{"r":"197","t":"15:33:53","h":"Est via de la P\u00e9pini\u00e8re","s":"25N-H55N200F-80-F2"},{"r":"197","t":"15:33:53","h":"Est via de la P\u00e9pini\u00e8re","s":"25N-H55N300F-80-F3"},{"r":"197","t":"15:33:53","h":"Est via de la P\u00e9pini\u00e8re","s":"25N-H55N400F-80-F4"},{"r":"197","t":"15:33:53","h":"Est via de la P\u00e9pini\u00e8re","s":"25N-H55NV10I-80-I"},{"r":"197","t":"15:33:53","h":"Est via de la P\u00e9pini\u00e8re","s":"25N-H55NV20I-80-I"},{"r":"197","t":"15:33:53","h":"Est via de la P\u00e9pini\u00e8re","s":"25S-H55S000I-80-I"},{"r":"197","t":"15:33:53","h":"Est via de la P\u00e9pini\u00e8re","s":"25S-H55S100F-80-F1"},{"r":"197","t":"15:33:53","h":"Est via de la P\u00e9pini\u00e8re","s":"25S-H55S200F-80-F2"},{"r":"197","t":"15:36:28","h":"Est","s":"25N-H59N000S-80-S"},{"r":"197","t":"15:36:28","h":"Est","s":"25N-H59NV10S-84-S"},{"r":"197","t":"15:36:28","h":"Est","s":"25N-H59NV20S-80-S"},{"r":"197","t":"15:36:28","h":"Est","s":"25S-H59S000S-81-S"},{"r":"197","t":"15:43:28","h":"Est","s":"25N-H55N000S-80-S"},{"r":"197","t":"15:43:28","h":"Est","s":"25N-H55N000S-82-S"},{"r":"197","t":"15:43:28","h":"Est","s":"25N-H55NV10S-85-S"},{"r":"197","t":"15:43:28","h":"Est","s":"25N-H55NV20S-81-S"},{"r":"197","t":"15:43:28","h":"Est","s":"25S-H55S000S-82-S"},{"r":"197","t":"15:46:53","h":"Est via de la P\u00e9pini\u00e8re","s":"25N-H55N000A-80-A"},{"r":"197","t":"15:46:53","h":"Est via de la P\u00e9pini\u00e8re","s":"25N-H55NV10A-80-A"},{"r":"197","t":"15:46:53","h":"Est via de la P\u00e9pini\u00e8re","s":"25N-H55NV20A-80-A"},{"r":"197","t":"15:46:53","h":"Est via de la P\u00e9pini\u00e8re","s":"25S-H55S000A-80-A"},{"r":"25","t":"15:49:33","h":"Sud","s":"25N-H57N000S-80-S"},{"r":"25","t":"15:49:33","h":"Sud","s":"25N-H57NV10S-84-S"},{"r":"25","t":"15:49:33","h":"Sud","s":"25N-H57NV20S-80-S"},{"r":"25","t":"15:49:33","h":"Sud","s":"25S-H57S000S-82-S"},{"r":"197","t":"15:51:28","h":"Est","s":"25N-H55N000S-80-S"},{"r":"197","t":"15:51:28","h":"Est","s":"25N-H55N000S-82-S"},{"r":"197","t":"15:51:28","h":"Est","s":"25N-H55NV10S-85-S"},{"r":"197","t":"15:51:28","h":"Est","s":"25N-H55NV20S-81-S"},{"r":"197","t":"15:51:28","h":"Est","s":"25S-H55S000S-82-S"},{"r":"197","t":"15:59:28","h":"Est","s":"25N-H55N000S-80-S"},{"r":"197","t":"15:59:28","h":"Est","s":"25N-H55N000S-82-S"},{"r":"197","t":"15:59:28","h":"Est","s":"25N-H55NV10S-85-S"},{"r":"197","t":"15:59:28","h":"Est","s":"25N-H55NV20S-81-S"},{"r":"197","t":"15:59:28","h":"Est","s":"25S-H55S000S-82-S"},{"r":"197","t":"16:01:53","h":"Est via de la P\u00e9pini\u00e8re","s":"25N-H55N000I-80-I"},{"r":"197","t":"16:01:53","h":"Est via de la P\u00e9pini\u00e8re","s":"25N-H55N100F-80-F1"},{"r":"197","t":"16:01:53","h":"Est via de la P\u00e9pini\u00e8re","s":"25N-H55N200F-80-F2"},{"r":"197","t":"16:01:53","h":"Est via de la P\u00e9pini\u00e8re","s":"25N-H55N300F-80-F3"},{"r":"197","t":"16:01:53","h":"Est via de la P\u00e9pini\u00e8re","s":"25N-H55N400F-80-F4"},{"r":"197","t":"16:01:53","h":"Est via de la P\u00e9pini\u00e8re","s":"25N-H55NV10I-80-I"},{"r":"197","t":"16:01:53","h":"Est via de la P\u00e9pini\u00e8re","s":"25N-H55NV20I-80-I"},{"r":"197","t":"16:01:53","h":"Est via de la P\u00e9pini\u00e8re","s":"25S-H55S000I-80-I"},{"r":"197","t":"16:01:53","h":"Est via de la P\u00e9pini\u00e8re","s":"25S-H55S100F-80-F1"},{"r":"197","t":"16:01:53","h":"Est via de la P\u00e9pini\u00e8re","s":"25S-H55S200F-80-F2"},{"r":"197","t":"16:02:53","h":"Est via de la P\u00e9pini\u00e8re","s":"25N-H55N000A-80-A"},{"r":"197","t":"16:02:53","h":"Est via de la P\u00e9pini\u00e8re","s":"25N-H55NV10A-80-A"},{"r":"197","t":"16:02:53","h":"Est via de la P\u00e9pini\u00e8re","s":"25N-H55NV20A-80-A"},{"r":"197","t":"16:02:53","h":"Est via de la P\u00e9pini\u00e8re","s":"25S-H55S000A-80-A"},{"r":"197","t":"16:07:28","h":"Est","s":"25N-H55N000S-80-S"},{"r":"197","t":"16:07:28","h":"Est","s":"25N-H55N000S-82-S"},{"r":"197","t":"16:07:28","h":"Est","s":"25N-H55NV10S-85-S"},{"r":"197","t":"16:07:28","h":"Est","s":"25N-H55NV20S-81-S"},{"r":"197","t":"16:07:28","h":"Est","s":"25S-H55S000S-82-S"},{"r":"25","t":"16:10:33","h":"Sud","s":"25N-H59N000S-80-S"},{"r":"25","t":"16:10:33","h":"Sud","s":"25N-H59NV10S-84-S"},{"r":"25","t":"16:10:33","h":"Sud","s":"25N-H59NV20S-80-S"},{"r":"25","t":"16:10:33","h":"Sud","s":"25S-H59S000S-81-S"},{"r":"197","t":"16:15:28","h":"Est","s":"25N-H59N000S-80-S"},{"r":"197","t":"16:15:28","h":"Est","s":"25N-H59NV10S-84-S"},{"r":"197","t":"16:15:28","h":"Est","s":"25N-H59NV20S-80-S"},{"r":"197","t":"16:15:28","h":"Est","s":"25S-H59S000S-81-S"},{"r":"197","t":"16:17:53","h":"Est via de la P\u00e9pini\u00e8re","s":"25N-H55N000A-80-A"},{"r":"197","t":"16:17:53","h":"Est via de la P\u00e9pini\u00e8re","s":"25N-H55NV10A-80-A"},{"r":"197","t":"16:17:53","h":"Est via de la P\u00e9pini\u00e8re","s":"25N-H55NV20A-80-A"},{"r":"197","t":"16:17:53","h":"Est via de la P\u00e9pini\u00e8re","s":"25S-H55S000A-80-A"},{"r":"197","t":"16:24:28","h":"Est","s":"25N-H55N000S-80-S"},{"r":"197","t":"16:24:28","h":"Est","s":"25N-H55N000S-82-S"},{"r":"197","t":"16:24:28","h":"Est","s":"25N-H55NV10S-85-S"},{"r":"197","t":"16:24:28","h":"Est","s":"25N-H55NV20S-81-S"},{"r":"197","t":"16:24:28","h":"Est","s":"25S-H55S000S-82-S"},{"r":"197","t":"16:29:53","h":"Est via de la P\u00e9pini\u00e8re","s":"25N-H55N000I-80-I"},{"r":"197","t":"16:29:53","h":"Est via de la P\u00e9pini\u00e8re","s":"25N-H55N100F-80-F1"},{"r":"197","t":"16:29:53","h":"Est via de la P\u00e9pini\u00e8re","s":"25N-H55N200F-80-F2"},{"r":"197","t":"16:29:53","h":"Est via de la P\u00e9pini\u00e8re","s":"25N-H55N300F-80-F3"},{"r":"197","t":"16:29:53","h":"Est via de la P\u00e9pini\u00e8re","s":"25N-H55N400F-80-F4"},{"r":"197","t":"16:29:53","h":"Est via de la P\u00e9pini\u00e8re","s":"25N-H55NV10I-80-I"},{"r":"197","t":"16:29:53","h":"Est via de la P\u00e9pini\u00e8re","s":"25N-H55NV20I-80-I"},{"r":"197","t":"16:29:53","h":"Est via de la P\u00e9pini\u00e8re","s":"25S-H55S000I-80-I"},{"r":"197","t":"16:29:53","h":"Est via de la P\u00e9pini\u00e8re","s":"25S-H55S100F-80-F1"},{"r":"197","t":"16:29:53","h":"Est via de la P\u00e9pini\u00e8re","s":"25S-H55S200F-80-F2"},{"r":"25","t":"16:31:08","h":"Sud","s":"25N-H57N000S-80-S"},{"r":"25","t":"16:31:08","h":"Sud","s":"25N-H57NV10S-84-S"},{"r":"25","t":"16:31:08","h":"Sud","s":"25N-H57NV20S-80-S"},{"r":"25","t":"16:31:08","h":"Sud","s":"25S-H57S000S-82-S"},{"r":"197","t":"16:32:28","h":"Est","s":"25N-H55N000S-80-S"},{"r":"197","t":"16:32:28","h":"Est","s":"25N-H55N000S-82-S"},{"r":"197","t":"16:32:28","h":"Est","s":"25N-H55NV10S-85-S"},{"r":"197","t":"16:32:28","h":"Est","s":"25N-H55NV20S-81-S"},{"r":"197","t":"16:32:28","h":"Est","s":"25S-H55S000S-82-S"},{"r":"197","t":"16:32:53","h":"Est via de la P\u00e9pini\u00e8re","s":"25N-H55N000A-80-A"},{"r":"197","t":"16:32:53","h":"Est via de la P\u00e9pini\u00e8re","s":"25N-H55NV10A-80-A"},{"r":"197","t":"16:32:53","h":"Est via de la P\u00e9pini\u00e8re","s":"25N-H55NV20A-80-A"},{"r":"197","t":"16:32:53","h":"Est via de la P\u00e9pini\u00e8re","s":"25S-H55S000A-80-A"},{"r":"197","t":"16:40:28","h":"Est","s":"25N-H55N000S-80-S"},{"r":"197","t":"16:40:28","h":"Est","s":"25N-H55N000S-82-S"},{"r":"197","t":"16:40:28","h":"Est","s":"25N-H55NV10S-85-S"},{"r":"197","t":"16:40:28","h":"Est","s":"25N-H55NV20S-81-S"},{"r":"197","t":"16:40:28","h":"Est","s":"25S-H55S000S-82-S"},{"r":"197","t":"16:46:53","h":"Est","s":"25N-H57N000S-80-S"},{"r":"197","t":"16:46:53","h":"Est","s":"25N-H57NV10S-84-S"},{"r":"197","t":"16:46:53","h":"Est","s":"25N-H57NV20S-80-S"},{"r":"197","t":"16:46:53","h":"Est","s":"25S-H57S000S-82-S"},{"r":"197","t":"16:47:53","h":"Est","s":"25N-H55N000A-80-A"},{"r":"197","t":"16:47:53","h":"Est","s":"25N-H55NV10A-80-A"},{"r":"197","t":"16:47:53","h":"Est","s":"25N-H55NV20A-80-A"},{"r":"197","t":"16:47:53","h":"Est","s":"25S-H55S000A-80-A"},{"r":"197","t":"16:53:53","h":"Est","s":"25N-H55N000I-80-I"},{"r":"197","t":"16:53:53","h":"Est","s":"25N-H55N100F-80-F1"},{"r":"197","t":"16:53:53","h":"Est","s":"25N-H55N200F-80-F2"},{"r":"197","t":"16:53:53","h":"Est","s":"25N-H55N300F-80-F3"},{"r":"197","t":"16:53:53","h":"Est","s":"25N-H55N400F-80-F4"},{"r":"197","t":"16:53:53","h":"Est","s":"25N-H55NV10I-80-I"},{"r":"197","t":"16:53:53","h":"Est","s":"25N-H55NV20I-80-I"},{"r":"197","t":"16:53:53","h":"Est","s":"25S-H55S000I-80-I"},{"r":"197","t":"16:53:53","h":"Est","s":"25S-H55S100F-80-F1"},{"r":"197","t":"16:53:53","h":"Est","s":"25S-H55S200F-80-F2"},{"r":"197","t":"16:54:53","h":"Est","s":"25N-H59N000S-80-S"},{"r":"197","t":"16:54:53","h":"Est","s":"25N-H59NV10S-84-S"},{"r":"197","t":"16:54:53","h":"Est","s":"25N-H59NV20S-80-S"},{"r":"197","t":"16:54:53","h":"Est","s":"25S-H59S000S-81-S"},{"r":"25","t":"16:58:08","h":"Sud","s":"25N-H57N000S-80-S"},{"r":"25","t":"16:58:08","h":"Sud","s":"25N-H57NV10S-84-S"},{"r":"25","t":"16:58:08","h":"Sud","s":"25N-H57NV20S-80-S"},{"r":"25","t":"16:58:08","h":"Sud","s":"25S-H57S000S-82-S"},{"r":"197","t":"17:02:53","h":"Est","s":"25N-H55N000S-80-S"},{"r":"197","t":"17:02:53","h":"Est","s":"25N-H55N000S-82-S"},{"r":"197","t":"17:02:53","h":"Est","s":"25N-H55NV10S-85-S"},{"r":"197","t":"17:02:53","h":"Est","s":"25N-H55NV20S-81-S"},{"r":"197","t":"17:02:53","h":"Est","s":"25S-H55S000S-82-S"},{"r":"197","t":"17:03:53","h":"Est","s":"25N-H55N000A-80-A"},{"r":"197","t":"17:03:53","h":"Est","s":"25N-H55NV10A-80-A"},{"r":"197","t":"17:03:53","h":"Est","s":"25N-H55NV20A-80-A"},{"r":"197","t":"17:03:53","h":"Est","s":"25S-H55S000A-80-A"},{"r":"197","t":"17:11:53","h":"Est","s":"25N-H55N000S-80-S"},{"r":"197","t":"17:11:53","h":"Est","s":"25N-H55N000S-82-S"},{"r":"197","t":"17:11:53","h":"Est","s":"25N-H55NV10S-85-S"},{"r":"197","t":"17:11:53","h":"Est","s":"25N-H55NV20S-81-S"},{"r":"197","t":"17:11:53","h":"Est","s":"25S-H55S000S-82-S"},{"r":"197","t":"17:13:53","h":"Est","s":"25N-H55N000I-80-I"},{"r":"197","t":"17:13:53","h":"Est","s":"25N-H55N100F-80-F1"},{"r":"197","t":"17:13:53","h":"Est","s":"25N-H55N200F-80-F2"},{"r":"197","t":"17:13:53","h":"Est","s":"25N-H55N300F-80-F3"},{"r":"197","t":"17:13:53","h":"Est","s":"25N-H55N400F-80-F4"},{"r":"197","t":"17:13:53","h":"Est","s":"25N-H55NV10I-80-I"},{"r":"197","t":"17:13:53","h":"Est","s":"25N-H55NV20I-80-I"},{"r":"197","t":"17:13:53","h":"Est","s":"25S-H55S000I-80-I"},{"r":"197","t":"17:13:53","h":"Est","s":"25S-H55S100F-80-F1"},{"r":"197","t":"17:13:53","h":"Est","s":"25S-H55S200F-80-F2"},{"r":"197","t":"17:18:53","h":"Est","s":"25N-H55N000A-80-A"},{"r":"197","t":"17:18:53","h":"Est","s":"25N-H55NV10A-80-A"},{"r":"197","t":"17:18:53","h":"Est","s":"25N-H55NV20A-80-A"},{"r":"197","t":"17:18:53","h":"Est","s":"25S-H55S000A-80-A"},{"r":"197","t":"17:20:53","h":"Est","s":"25N-H55N000S-80-S"},{"r":"197","t":"17:20:53","h":"Est","s":"25N-H55N000S-82-S"},{"r":"197","t":"17:20:53","h":"Est","s":"25N-H55NV10S-85-S"},{"r":"197","t":"17:20:53","h":"Est","s":"25N-H55NV20S-81-S"},{"r":"197","t":"17:20:53","h":"Est","s":"25S-H55S000S-82-S"},{"r":"197","t":"17:28:53","h":"Est","s":"25N-H55N000S-80-S"},{"r":"197","t":"17:28:53","h":"Est","s":"25N-H55N000S-82-S"},{"r":"197","t":"17:28:53","h":"Est","s":"25N-H55NV10S-85-S"},{"r":"197","t":"17:28:53","h":"Est","s":"25N-H55NV20S-81-S"},{"r":"197","t":"17:28:53","h":"Est","s":"25S-H55S000S-82-S"},{"r":"25","t":"17:29:08","h":"Sud","s":"25N-H57N000S-80-S"},{"r":"25","t":"17:29:08","h":"Sud","s":"25N-H57NV10S-84-S"},{"r":"25","t":"17:29:08","h":"Sud","s":"25N-H57NV20S-80-S"},{"r":"25","t":"17:29:08","h":"Sud","s":"25S-H57S000S-82-S"},{"r":"197","t":"17:33:53","h":"Est","s":"25N-H55N000A-80-A"},{"r":"197","t":"17:33:53","h":"Est","s":"25N-H55N000I-80-I"},{"r":"197","t":"17:33:53","h":"Est","s":"25N-H55N100F-80-F1"},{"r":"197","t":"17:33:53","h":"Est","s":"25N-H55N200F-80-F2"},{"r":"197","t":"17:33:53","h":"Est","s":"25N-H55N300F-80-F3"},{"r":"197","t":"17:33:53","h":"Est","s":"25N-H55N400F-80-F4"},{"r":"197","t":"17:33:53","h":"Est","s":"25N-H55NV10A-80-A"},{"r":"197","t":"17:33:53","h":"Est","s":"25N-H55NV10I-80-I"},{"r":"197","t":"17:33:53","h":"Est","s":"25N-H55NV20A-80-A"},{"r":"197","t":"17:33:53","h":"Est","s":"25N-H55NV20I-80-I"},{"r":"197","t":"17:33:53","h":"Est","s":"25S-H55S000A-80-A"},{"r":"197","t":"17:33:53","h":"Est","s":"25S-H55S000I-80-I"},{"r":"197","t":"17:33:53","h":"Est","s":"25S-H55S100F-80-F1"},{"r":"197","t":"17:33:53","h":"Est","s":"25S-H55S200F-80-F2"},{"r":"197","t":"17:35:53","h":"Est","s":"25N-H55N000S-80-S"},{"r":"197","t":"17:35:53","h":"Est","s":"25N-H55N000S-82-S"},{"r":"197","t":"17:35:53","h":"Est","s":"25N-H55NV10S-85-S"},{"r":"197","t":"17:35:53","h":"Est","s":"25N-H55NV20S-81-S"},{"r":"197","t":"17:35:53","h":"Est","s":"25S-H55S000S-82-S"},{"r":"197","t":"17:42:53","h":"Est","s":"25N-H55N000S-80-S"},{"r":"197","t":"17:42:53","h":"Est","s":"25N-H55N000S-82-S"},{"r":"197","t":"17:42:53","h":"Est","s":"25N-H55NV10S-85-S"},{"r":"197","t":"17:42:53","h":"Est","s":"25N-H55NV20S-81-S"},{"r":"197","t":"17:42:53","h":"Est","s":"25S-H55S000S-82-S"},{"r":"197","t":"17:48:53","h":"Est","s":"25N-H55N000A-80-A"},{"r":"197","t":"17:48:53","h":"Est","s":"25N-H55NV10A-80-A"},{"r":"197","t":"17:48:53","h":"Est","s":"25N-H55NV20A-80-A"},{"r":"197","t":"17:48:53","h":"Est","s":"25S-H55S000A-80-A"},{"r":"197","t":"17:49:53","h":"Est","s":"25N-H55N000S-80-S"},{"r":"197","t":"17:49:53","h":"Est","s":"25N-H55N000S-82-S"},{"r":"197","t":"17:49:53","h":"Est","s":"25N-H55NV10S-85-S"},{"r":"197","t":"17:49:53","h":"Est","s":"25N-H55NV20S-81-S"},{"r":"197","t":"17:49:53","h":"Est","s":"25S-H55S000S-82-S"},{"r":"197","t":"17:56:53","h":"Est","s":"25N-H55N000S-80-S"},{"r":"197","t":"17:56:53","h":"Est","s":"25N-H55N000S-82-S"},{"r":"197","t":"17:56:53","h":"Est","s":"25N-H55NV10S-85-S"},{"r":"197","t":"17:56:53","h":"Est","s":"25N-H55NV20S-81-S"},{"r":"197","t":"17:56:53","h":"Est","s":"25S-H55S000S-82-S"},{"r":"197","t":"17:57:53","h":"Est","s":"25N-H55N000I-80-I"},{"r":"197","t":"17:57:53","h":"Est","s":"25N-H55N100F-80-F1"},{"r":"197","t":"17:57:53","h":"Est","s":"25N-H55N200F-80-F2"},{"r":"197","t":"17:57:53","h":"Est","s":"25N-H55N300F-80-F3"},{"r":"197","t":"17:57:53","h":"Est","s":"25N-H55N400F-80-F4"},{"r":"197","t":"17:57:53","h":"Est","s":"25N-H55NV10I-80-I"},{"r":"197","t":"17:57:53","h":"Est","s":"25N-H55NV20I-80-I"},{"r":"197","t":"17:57:53","h":"Est","s":"25S-H55S000I-80-I"},{"r":"197","t":"17:57:53","h":"Est","s":"25S-H55S100F-80-F1"},{"r":"197","t":"17:57:53","h":"Est","s":"25S-H55S200F-80-F2"},{"r":"25","t":"18:00:08","h":"Sud","s":"25N-H57N000S-80-S"},{"r":"25","t":"18:00:08","h":"Sud","s":"25N-H57NV10S-84-S"},{"r":"25","t":"18:00:08","h":"Sud","s":"25N-H57NV20S-80-S"},{"r":"25","t":"18:00:08","h":"Sud","s":"25S-H57S000S-82-S"},{"r":"197","t":"18:03:53","h":"Est","s":"25N-H55N000A-80-A"},{"r":"197","t":"18:03:53","h":"Est","s":"25N-H55NV10A-80-A"},{"r":"197","t":"18:03:53","h":"Est","s":"25N-H55NV20A-80-A"},{"r":"197","t":"18:03:53","h":"Est","s":"25S-H55S000A-80-A"},{"r":"197","t":"18:04:53","h":"Est","s":"25N-H55N000S-80-S"},{"r":"197","t":"18:04:53","h":"Est","s":"25N-H55N000S-82-S"},{"r":"197","t":"18:04:53","h":"Est","s":"25N-H55NV10S-85-S"},{"r":"197","t":"18:04:53","h":"Est","s":"25N-H55NV20S-81-S"},{"r":"197","t":"18:04:53","h":"Est","s":"25S-H55S000S-82-S"},{"r":"197","t":"18:12:53","h":"Est","s":"25N-H55N000S-80-S"},{"r":"197","t":"18:12:53","h":"Est","s":"25N-H55N000S-82-S"},{"r":"197","t":"18:12:53","h":"Est","s":"25N-H55NV10S-85-S"},{"r":"197","t":"18:12:53","h":"Est","s":"25N-H55NV20S-81-S"},{"r":"197","t":"18:12:53","h":"Est","s":"25S-H55S000S-82-S"},{"r":"197","t":"18:18:53","h":"Est","s":"25N-H55N000A-80-A"},{"r":"197","t":"18:18:53","h":"Est","s":"25N-H55NV10A-80-A"},{"r":"197","t":"18:18:53","h":"Est","s":"25N-H55NV20A-80-A"},{"r":"197","t":"18:18:53","h":"Est","s":"25S-H55S000A-80-A"},{"r":"197","t":"18:21:53","h":"Est","s":"25N-H57N000S-80-S"},{"r":"197","t":"18:21:53","h":"Est","s":"25N-H57NV10S-84-S"},{"r":"197","t":"18:21:53","h":"Est","s":"25N-H57NV20S-80-S"},{"r":"197","t":"18:21:53","h":"Est","s":"25S-H57S000S-82-S"},{"r":"197","t":"18:23:53","h":"Est","s":"25N-H55N000I-80-I"},{"r":"197","t":"18:23:53","h":"Est","s":"25N-H55N100F-80-F1"},{"r":"197","t":"18:23:53","h":"Est","s":"25N-H55N200F-80-F2"},{"r":"197","t":"18:23:53","h":"Est","s":"25N-H55N300F-80-F3"},{"r":"197","t":"18:23:53","h":"Est","s":"25N-H55N400F-80-F4"},{"r":"197","t":"18:23:53","h":"Est","s":"25N-H55NV10I-80-I"},{"r":"197","t":"18:23:53","h":"Est","s":"25N-H55NV20I-80-I"},{"r":"197","t":"18:23:53","h":"Est","s":"25S-H55S000I-80-I"},{"r":"197","t":"18:23:53","h":"Est","s":"25S-H55S100F-80-F1"},{"r":"197","t":"18:23:53","h":"Est","s":"25S-H55S200F-80-F2"},{"r":"25","t":"18:30:08","h":"Sud","s":"25N-H57N000S-80-S"},{"r":"25","t":"18:30:08","h":"Sud","s":"25N-H57NV10S-84-S"},{"r":"25","t":"18:30:08","h":"Sud","s":"25N-H57NV20S-80-S"},{"r":"25","t":"18:30:08","h":"Sud","s":"25S-H57S000S-82-S"},{"r":"197","t":"18:31:53","h":"Est","s":"25N-H59N000S-80-S"},{"r":"197","t":"18:31:53","h":"Est","s":"25N-H59NV10S-84-S"},{"r":"197","t":"18:31:53","h":"Est","s":"25N-H59NV20S-80-S"},{"r":"197","t":"18:31:53","h":"Est","s":"25S-H59S000S-81-S"},{"r":"197","t":"18:34:53","h":"Est","s":"25N-H55N000A-80-A"},{"r":"197","t":"18:34:53","h":"Est","s":"25N-H55NV10A-80-A"},{"r":"197","t":"18:34:53","h":"Est","s":"25N-H55NV20A-80-A"},{"r":"197","t":"18:34:53","h":"Est","s":"25S-H55S000A-80-A"},{"r":"197","t":"18:42:53","h":"Est","s":"25N-H55N000S-80-S"},{"r":"197","t":"18:42:53","h":"Est","s":"25N-H55N000S-82-S"},{"r":"197","t":"18:42:53","h":"Est","s":"25N-H55NV10S-85-S"},{"r":"197","t":"18:42:53","h":"Est","s":"25N-H55NV20S-81-S"},{"r":"197","t":"18:42:53","h":"Est","s":"25S-H55S000S-82-S"},{"r":"197","t":"18:50:53","h":"Est","s":"25N-H55N000A-80-A"},{"r":"197","t":"18:50:53","h":"Est","s":"25N-H55N000I-80-I"},{"r":"197","t":"18:50:53","h":"Est","s":"25N-H55N100F-80-F1"},{"r":"197","t":"18:50:53","h":"Est","s":"25N-H55N200F-80-F2"},{"r":"197","t":"18:50:53","h":"Est","s":"25N-H55N300F-80-F3"},{"r":"197","t":"18:50:53","h":"Est","s":"25N-H55N400F-80-F4"},{"r":"197","t":"18:50:53","h":"Est","s":"25N-H55NV10A-80-A"},{"r":"197","t":"18:50:53","h":"Est","s":"25N-H55NV10I-80-I"},{"r":"197","t":"18:50:53","h":"Est","s":"25N-H55NV20A-80-A"},{"r":"197","t":"18:50:53","h":"Est","s":"25N-H55NV20I-80-I"},{"r":"197","t":"18:50:53","h":"Est","s":"25S-H55S000A-80-A"},{"r":"197","t":"18:50:53","h":"Est","s":"25S-H55S000I-80-I"},{"r":"197","t":"18:50:53","h":"Est","s":"25S-H55S100F-80-F1"},{"r":"197","t":"18:50:53","h":"Est","s":"25S-H55S200F-80-F2"},{"r":"197","t":"18:56:53","h":"Est","s":"25N-H55N000S-80-S"},{"r":"197","t":"18:56:53","h":"Est","s":"25N-H55N000S-82-S"},{"r":"197","t":"18:56:53","h":"Est","s":"25N-H55NV10S-85-S"},{"r":"197","t":"18:56:53","h":"Est","s":"25N-H55NV20S-81-S"},{"r":"197","t":"18:56:53","h":"Est","s":"25S-H55S000S-82-S"},{"r":"25","t":"19:00:08","h":"Sud","s":"25N-H57N000S-80-S"},{"r":"25","t":"19:00:08","h":"Sud","s":"25N-H57NV10S-84-S"},{"r":"25","t":"19:00:08","h":"Sud","s":"25N-H57NV20S-80-S"},{"r":"25","t":"19:00:08","h":"Sud","s":"25S-H57S000S-82-S"},{"r":"197","t":"19:08:53","h":"Est","s":"25N-H55N000A-80-A"},{"r":"197","t":"19:08:53","h":"Est","s":"25N-H55NV10A-80-A"},{"r":"197","t":"19:08:53","h":"Est","s":"25N-H55NV20A-80-A"},{"r":"197","t":"19:08:53","h":"Est","s":"25S-H55S000A-80-A"},{"r":"197","t":"19:10:53","h":"Est","s":"25N-H55N000S-80-S"},{"r":"197","t":"19:10:53","h":"Est","s":"25N-H55N000S-82-S"},{"r":"197","t":"19:10:53","h":"Est","s":"25N-H55NV10S-85-S"},{"r":"197","t":"19:10:53","h":"Est","s":"25N-H55NV20S-81-S"},{"r":"197","t":"19:10:53","h":"Est","s":"25S-H55S000S-82-S"},{"r":"197","t":"19:18:53","h":"Est","s":"25N-H55N000I-80-I"},{"r":"197","t":"19:18:53","h":"Est","s":"25N-H55N100F-80-F1"},{"r":"197","t":"19:18:53","h":"Est","s":"25N-H55N200F-80-F2"},{"r":"197","t":"19:18:53","h":"Est","s":"25N-H55N300F-80-F3"},{"r":"197","t":"19:18:53","h":"Est","s":"25N-H55N400F-80-F4"},{"r":"197","t":"19:18:53","h":"Est","s":"25N-H55NV10I-80-I"},{"r":"197","t":"19:18:53","h":"Est","s":"25N-H55NV20I-80-I"},{"r":"197","t":"19:18:53","h":"Est","s":"25S-H55S000I-80-I"},{"r":"197","t":"19:18:53","h":"Est","s":"25S-H55S100F-80-F1"},{"r":"197","t":"19:18:53","h":"Est","s":"25S-H55S200F-80-F2"},{"r":"197","t":"19:26:53","h":"Est","s":"25N-H55N000S-80-S"},{"r":"197","t":"19:26:53","h":"Est","s":"25N-H55N000S-82-S"},{"r":"197","t":"19:26:53","h":"Est","s":"25N-H55NV10S-85-S"},{"r":"197","t":"19:26:53","h":"Est","s":"25N-H55NV20S-81-S"},{"r":"197","t":"19:26:53","h":"Est","s":"25S-H55S000S-82-S"},{"r":"25","t":"19:28:08","h":"Sud","s":"25N-H57N000S-80-S"},{"r":"25","t":"19:28:08","h":"Sud","s":"25N-H57NV10S-84-S"},{"r":"25","t":"19:28:08","h":"Sud","s":"25N-H57NV20S-80-S"},{"r":"25","t":"19:28:08","h":"Sud","s":"25S-H57S000S-82-S"},{"r":"197","t":"19:34:53","h":"Est","s":"25N-H55N000A-80-A"},{"r":"197","t":"19:34:53","h":"Est","s":"25N-H55NV10A-80-A"},{"r":"197","t":"19:34:53","h":"Est","s":"25N-H55NV20A-80-A"},{"r":"197","t":"19:34:53","h":"Est","s":"25S-H55S000A-80-A"},{"r":"197","t":"19:42:53","h":"Est","s":"25N-H55N000S-80-S"},{"r":"197","t":"19:42:53","h":"Est","s":"25N-H55N000S-82-S"},{"r":"197","t":"19:42:53","h":"Est","s":"25N-H55NV10S-85-S"},{"r":"197","t":"19:42:53","h":"Est","s":"25N-H55NV20S-81-S"},{"r":"197","t":"19:42:53","h":"Est","s":"25S-H55S000S-82-S"},{"r":"197","t":"19:46:53","h":"Est","s":"25N-H55N000I-80-I"},{"r":"197","t":"19:46:53","h":"Est","s":"25N-H55N100F-80-F1"},{"r":"197","t":"19:46:53","h":"Est","s":"25N-H55N200F-80-F2"},{"r":"197","t":"19:46:53","h":"Est","s":"25N-H55N300F-80-F3"},{"r":"197","t":"19:46:53","h":"Est","s":"25N-H55N400F-80-F4"},{"r":"197","t":"19:46:53","h":"Est","s":"25N-H55NV10I-80-I"},{"r":"197","t":"19:46:53","h":"Est","s":"25N-H55NV20I-80-I"},{"r":"197","t":"19:46:53","h":"Est","s":"25S-H55S000I-80-I"},{"r":"197","t":"19:46:53","h":"Est","s":"25S-H55S100F-80-F1"},{"r":"197","t":"19:46:53","h":"Est","s":"25S-H55S200F-80-F2"},{"r":"25","t":"19:56:08","h":"Sud","s":"25N-H57N000S-80-S"},{"r":"25","t":"19:56:08","h":"Sud","s":"25N-H57NV10S-84-S"},{"r":"25","t":"19:56:08","h":"Sud","s":"25N-H57NV20S-80-S"},{"r":"25","t":"19:56:08","h":"Sud","s":"25S-H57S000S-82-S"},{"r":"197","t":"20:00:53","h":"Est","s":"25N-H55N000A-80-A"},{"r":"197","t":"20:00:53","h":"Est","s":"25N-H55NV10A-80-A"},{"r":"197","t":"20:00:53","h":"Est","s":"25N-H55NV20A-80-A"},{"r":"197","t":"20:00:53","h":"Est","s":"25S-H55S000A-80-A"},{"r":"197","t":"20:06:53","h":"Est","s":"25N-H55N000S-80-S"},{"r":"197","t":"20:06:53","h":"Est","s":"25N-H55N000S-82-S"},{"r":"197","t":"20:06:53","h":"Est","s":"25N-H55NV10S-85-S"},{"r":"197","t":"20:06:53","h":"Est","s":"25N-H55NV20S-81-S"},{"r":"197","t":"20:06:53","h":"Est","s":"25S-H55S000S-82-S"},{"r":"197","t":"20:14:53","h":"Est","s":"25N-H55N000I-80-I"},{"r":"197","t":"20:14:53","h":"Est","s":"25N-H55N100F-80-F1"},{"r":"197","t":"20:14:53","h":"Est","s":"25N-H55N200F-80-F2"},{"r":"197","t":"20:14:53","h":"Est","s":"25N-H55N300F-80-F3"},{"r":"197","t":"20:14:53","h":"Est","s":"25N-H55N400F-80-F4"},{"r":"197","t":"20:14:53","h":"Est","s":"25N-H55NV10I-80-I"},{"r":"197","t":"20:14:53","h":"Est","s":"25N-H55NV20I-80-I"},{"r":"197","t":"20:14:53","h":"Est","s":"25S-H55S000I-80-I"},{"r":"197","t":"20:14:53","h":"Est","s":"25S-H55S100F-80-F1"},{"r":"197","t":"20:14:53","h":"Est","s":"25S-H55S200F-80-F2"},{"r":"25","t":"20:24:08","h":"Sud","s":"25N-H57N000S-80-S"},{"r":"25","t":"20:24:08","h":"Sud","s":"25N-H57NV10S-84-S"},{"r":"25","t":"20:24:08","h":"Sud","s":"25N-H57NV20S-80-S"},{"r":"25","t":"20:24:08","h":"Sud","s":"25S-H57S000S-82-S"},{"r":"197","t":"20:26:53","h":"Est","s":"25N-H55N000A-80-A"},{"r":"197","t":"20:26:53","h":"Est","s":"25N-H55NV10A-80-A"},{"r":"197","t":"20:26:53","h":"Est","s":"25N-H55NV20A-80-A"},{"r":"197","t":"20:26:53","h":"Est","s":"25S-H55S000A-80-A"},{"r":"197","t":"20:34:53","h":"Est","s":"25N-H55N000S-80-S"},{"r":"197","t":"20:34:53","h":"Est","s":"25N-H55N000S-82-S"},{"r":"197","t":"20:34:53","h":"Est","s":"25N-H55NV10S-85-S"},{"r":"197","t":"20:34:53","h":"Est","s":"25N-H55NV20S-81-S"},{"r":"197","t":"20:34:53","h":"Est","s":"25S-H55S000S-82-S"},{"r":"197","t":"20:42:53","h":"Est","s":"25N-H55N000I-80-I"},{"r":"197","t":"20:42:53","h":"Est","s":"25N-H55N100F-80-F1"},{"r":"197","t":"20:42:53","h":"Est","s":"25N-H55N200F-80-F2"},{"r":"197","t":"20:42:53","h":"Est","s":"25N-H55N300F-80-F3"},{"r":"197","t":"20:42:53","h":"Est","s":"25N-H55N400F-80-F4"},{"r":"197","t":"20:42:53","h":"Est","s":"25N-H55NV10I-80-I"},{"r":"197","t":"20:42:53","h":"Est","s":"25N-H55NV20I-80-I"},{"r":"197","t":"20:42:53","h":"Est","s":"25S-H55S000I-80-I"},{"r":"197","t":"20:42:53","h":"Est","s":"25S-H55S100F-80-F1"},{"r":"197","t":"20:42:53","h":"Est","s":"25S-H55S200F-80-F2"},{"r":"25","t":"20:51:08","h":"Sud","s":"25N-H57N000S-80-S"},{"r":"25","t":"20:51:08","h":"Sud","s":"25N-H57NV10S-84-S"},{"r":"25","t":"20:51:08","h":"Sud","s":"25N-H57NV20S-80-S"},{"r":"25","t":"20:51:08","h":"Sud","s":"25S-H57S000S-82-S"},{"r":"197","t":"20:52:53","h":"Est","s":"25N-H55N000A-80-A"},{"r":"197","t":"20:52:53","h":"Est","s":"25N-H55NV10A-80-A"},{"r":"197","t":"20:52:53","h":"Est","s":"25N-H55NV20A-80-A"},{"r":"197","t":"20:52:53","h":"Est","s":"25S-H55S000A-80-A"},{"r":"197","t":"21:04:53","h":"Est","s":"25N-H55N000S-80-S"},{"r":"197","t":"21:04:53","h":"Est","s":"25N-H55N000S-82-S"},{"r":"197","t":"21:04:53","h":"Est","s":"25N-H55NV10S-85-S"},{"r":"197","t":"21:04:53","h":"Est","s":"25N-H55NV20S-81-S"},{"r":"197","t":"21:04:53","h":"Est","s":"25S-H55S000S-82-S"},{"r":"197","t":"21:10:53","h":"Est","s":"25N-H55N000I-80-I"},{"r":"197","t":"21:10:53","h":"Est","s":"25N-H55N100F-80-F1"},{"r":"197","t":"21:10:53","h":"Est","s":"25N-H55N200F-80-F2"},{"r":"197","t":"21:10:53","h":"Est","s":"25N-H55N300F-80-F3"},{"r":"197","t":"21:10:53","h":"Est","s":"25N-H55N400F-80-F4"},{"r":"197","t":"21:10:53","h":"Est","s":"25N-H55NV10I-80-I"},{"r":"197","t":"21:10:53","h":"Est","s":"25N-H55NV20I-80-I"},{"r":"197","t":"21:10:53","h":"Est","s":"25S-H55S000I-80-I"},{"r":"197","t":"21:10:53","h":"Est","s":"25S-H55S100F-80-F1"},{"r":"197","t":"21:10:53","h":"Est","s":"25S-H55S200F-80-F2"},{"r":"25","t":"21:18:08","h":"Sud","s":"25N-H57N000S-80-S"},{"r":"25","t":"21:18:08","h":"Sud","s":"25N-H57NV10S-84-S"},{"r":"25","t":"21:18:08","h":"Sud","s":"25N-H57NV20S-80-S"},{"r":"25","t":"21:18:08","h":"Sud","s":"25S-H57S000S-82-S"},{"r":"197","t":"21:18:53","h":"Est","s":"25N-H55N000A-80-A"},{"r":"197","t":"21:18:53","h":"Est","s":"25N-H55NV10A-80-A"},{"r":"197","t":"21:18:53","h":"Est","s":"25N-H55NV20A-80-A"},{"r":"197","t":"21:18:53","h":"Est","s":"25S-H55S000A-80-A"},{"r":"197","t":"21:34:53","h":"Est","s":"25N-H55N000S-80-S"},{"r":"197","t":"21:34:53","h":"Est","s":"25N-H55N000S-82-S"},{"r":"197","t":"21:34:53","h":"Est","s":"25N-H55NV10S-85-S"},{"r":"197","t":"21:34:53","h":"Est","s":"25N-H55NV20S-81-S"},{"r":"197","t":"21:34:53","h":"Est","s":"25S-H55S000S-82-S"},{"r":"197","t":"21:38:53","h":"Est","s":"25N-H55N000I-80-I"},{"r":"197","t":"21:38:53","h":"Est","s":"25N-H55N100F-80-F1"},{"r":"197","t":"21:38:53","h":"Est","s":"25N-H55N200F-80-F2"},{"r":"197","t":"21:38:53","h":"Est","s":"25N-H55N300F-80-F3"},{"r":"197","t":"21:38:53","h":"Est","s":"25N-H55N400F-80-F4"},{"r":"197","t":"21:38:53","h":"Est","s":"25N-H55NV10I-80-I"},{"r":"197","t":"21:38:53","h":"Est","s":"25N-H55NV20I-80-I"},{"r":"197","t":"21:38:53","h":"Est","s":"25S-H55S000I-80-I"},{"r":"197","t":"21:38:53","h":"Est","s":"25S-H55S100F-80-F1"},{"r":"197","t":"21:38:53","h":"Est","s":"25S-H55S200F-80-F2"},{"r":"197","t":"21:44:53","h":"Est","s":"25N-H55N000A-80-A"},{"r":"197","t":"21:44:53","h":"Est","s":"25N-H55NV10A-80-A"},{"r":"197","t":"21:44:53","h":"Est","s":"25N-H55NV20A-80-A"},{"r":"197","t":"21:44:53","h":"Est","s":"25S-H55S000A-80-A"},{"r":"197","t":"22:04:53","h":"Est","s":"25N-H55N000S-80-S"},{"r":"197","t":"22:04:53","h":"Est","s":"25N-H55N000S-82-S"},{"r":"197","t":"22:04:53","h":"Est","s":"25N-H55NV10S-85-S"},{"r":"197","t":"22:04:53","h":"Est","s":"25N-H55NV20S-81-S"},{"r":"197","t":"22:04:53","h":"Est","s":"25S-H55S000S-82-S"},{"r":"197","t":"22:06:53","h":"Est","s":"25N-H55N000I-80-I"},{"r":"197","t":"22:06:53","h":"Est","s":"25N-H55N100F-80-F1"},{"r":"197","t":"22:06:53","h":"Est","s":"25N-H55N200F-80-F2"},{"r":"197","t":"22:06:53","h":"Est","s":"25N-H55N300F-80-F3"},{"r":"197","t":"22:06:53","h":"Est","s":"25N-H55N400F-80-F4"},{"r":"197","t":"22:06:53","h":"Est","s":"25N-H55NV10I-80-I"},{"r":"197","t":"22:06:53","h":"Est","s":"25N-H55NV20I-80-I"},{"r":"197","t":"22:06:53","h":"Est","s":"25S-H55S000I-80-I"},{"r":"197","t":"22:06:53","h":"Est","s":"25S-H55S100F-80-F1"},{"r":"197","t":"22:06:53","h":"Est","s":"25S-H55S200F-80-F2"},{"r":"197","t":"22:10:53","h":"Est","s":"25N-H55N000A-80-A"},{"r":"197","t":"22:10:53","h":"Est","s":"25N-H55NV10A-80-A"},{"r":"197","t":"22:10:53","h":"Est","s":"25N-H55NV20A-80-A"},{"r":"197","t":"22:10:53","h":"Est","s":"25S-H55S000A-80-A"},{"r":"197","t":"22:34:53","h":"Est","s":"25N-H55N000S-80-S"},{"r":"197","t":"22:34:53","h":"Est","s":"25N-H55N000S-82-S"},{"r":"197","t":"22:34:53","h":"Est","s":"25N-H55NV10S-85-S"},{"r":"197","t":"22:34:53","h":"Est","s":"25N-H55NV20S-81-S"},{"r":"197","t":"22:34:53","h":"Est","s":"25S-H55S000S-82-S"},{"r":"197","t":"22:38:53","h":"Est","s":"25N-H55N000A-80-A"},{"r":"197","t":"22:38:53","h":"Est","s":"25N-H55N000I-80-I"},{"r":"197","t":"22:38:53","h":"Est","s":"25N-H55N100F-80-F1"},{"r":"197","t":"22:38:53","h":"Est","s":"25N-H55N200F-80-F2"},{"r":"197","t":"22:38:53","h":"Est","s":"25N-H55N300F-80-F3"},{"r":"197","t":"22:38:53","h":"Est","s":"25N-H55N400F-80-F4"},{"r":"197","t":"22:38:53","h":"Est","s":"25N-H55NV10A-80-A"},{"r":"197","t":"22:38:53","h":"Est","s":"25N-H55NV10I-80-I"},{"r":"197","t":"22:38:53","h":"Est","s":"25N-H55NV20A-80-A"},{"r":"197","t":"22:38:53","h":"Est","s":"25N-H55NV20I-80-I"},{"r":"197","t":"22:38:53","h":"Est","s":"25S-H55S000A-80-A"},{"r":"197","t":"22:38:53","h":"Est","s":"25S-H55S000I-80-I"},{"r":"197","t":"22:38:53","h":"Est","s":"25S-H55S100F-80-F1"},{"r":"197","t":"22:38:53","h":"Est","s":"25S-H55S200F-80-F2"},{"r":"197","t":"23:04:53","h":"Est","s":"25N-H55N000S-80-S"},{"r":"197","t":"23:04:53","h":"Est","s":"25N-H55N000S-82-S"},{"r":"197","t":"23:04:53","h":"Est","s":"25N-H55NV10S-85-S"},{"r":"197","t":"23:04:53","h":"Est","s":"25N-H55NV20S-81-S"},{"r":"197","t":"23:04:53","h":"Est","s":"25S-H55S000S-82-S"},{"r":"197","t":"23:06:53","h":"Est","s":"25N-H55N000A-80-A"},{"r":"197","t":"23:06:53","h":"Est","s":"25N-H55NV10A-80-A"},{"r":"197","t":"23:06:53","h":"Est","s":"25N-H55NV20A-80-A"},{"r":"197","t":"23:06:53","h":"Est","s":"25S-H55S000A-80-A"},{"r":"197","t":"23:11:53","h":"Est","s":"25N-H55N000I-80-I"},{"r":"197","t":"23:11:53","h":"Est","s":"25N-H55N100F-80-F1"},{"r":"197","t":"23:11:53","h":"Est","s":"25N-H55N200F-80-F2"},{"r":"197","t":"23:11:53","h":"Est","s":"25N-H55N300F-80-F3"},{"r":"197","t":"23:11:53","h":"Est","s":"25N-H55N400F-80-F4"},{"r":"197","t":"23:11:53","h":"Est","s":"25N-H55NV10I-80-I"},{"r":"197","t":"23:11:53","h":"Est","s":"25N-H55NV20I-80-I"},{"r":"197","t":"23:11:53","h":"Est","s":"25S-H55S000I-80-I"},{"r":"197","t":"23:11:53","h":"Est","s":"25S-H55S100F-80-F1"},{"r":"197","t":"23:11:53","h":"Est","s":"25S-H55S200F-80-F2"},{"r":"197","t":"23:34:53","h":"Est","s":"25N-H55N000S-80-S"},{"r":"197","t":"23:34:53","h":"Est","s":"25N-H55N000S-82-S"},{"r":"197","t":"23:34:53","h":"Est","s":"25N-H55NV10S-85-S"},{"r":"197","t":"23:34:53","h":"Est","s":"25N-H55NV20S-81-S"},{"r":"197","t":"23:34:53","h":"Est","s":"25S-H55S000S-82-S"},{"r":"197","t":"23:35:53","h":"Est","s":"25N-H55N000A-80-A"},{"r":"197","t":"23:35:53","h":"Est","s":"25N-H55NV10A-80-A"},{"r":"197","t":"23:35:53","h":"Est","s":"25N-H55NV20A-80-A"},{"r":"197","t":"23:35:53","h":"Est","s":"25S-H55S000A-80-A"},{"r":"197","t":"23:44:53","h":"Est","s":"25N-H55N000I-80-I"},{"r":"197","t":"23:44:53","h":"Est","s":"25N-H55N100F-80-F1"},{"r":"197","t":"23:44:53","h":"Est","s":"25N-H55N200F-80-F2"},{"r":"197","t":"23:44:53","h":"Est","s":"25N-H55N300F-80-F3"},{"r":"197","t":"23:44:53","h":"Est","s":"25N-H55N400F-80-F4"},{"r":"197","t":"23:44:53","h":"Est","s":"25N-H55NV10I-80-I"},{"r":"197","t":"23:44:53","h":"Est","s":"25N-H55NV20I-80-I"},{"r":"197","t":"23:44:53","h":"Est","s":"25S-H55S000I-80-I"},{"r":"197","t":"23:44:53","h":"Est","s":"25S-H55S100F-80-F1"},{"r":"197","t":"23:44:53","h":"Est","s":"25S-H55S200F-80-F2"},{"r":"197","t":"23:56:53","h":"Est","s":"25N-H55N000S-80-S"},{"r":"197","t":"23:56:53","h":"Est","s":"25N-H55N000S-82-S"},{"r":"197","t":"23:56:53","h":"Est","s":"25N-H55NV10S-85-S"},{"r":"197","t":"23:56:53","h":"Est","s":"25N-H55NV20S-81-S"},{"r":"197","t":"23:56:53","h":"Est","s":"25S-H55S000S-82-S"},{"r":"197","t":"24:06:53","h":"Est","s":"25N-H55N000A-80-A"},{"r":"197","t":"24:06:53","h":"Est","s":"25N-H55NV10A-80-A"},{"r":"197","t":"24:06:53","h":"Est","s":"25N-H55NV20A-80-A"},{"r":"197","t":"24:06:53","h":"Est","s":"25S-H55S000A-80-A"},{"r":"197","t":"24:16:19","h":"Est","s":"25N-H55N000I-80-I"},{"r":"197","t":"24:16:19","h":"Est","s":"25N-H55N100F-80-F1"},{"r":"197","t":"24:16:19","h":"Est","s":"25N-H55N200F-80-F2"},{"r":"197","t":"24:16:19","h":"Est","s":"25N-H55N300F-80-F3"},{"r":"197","t":"24:16:19","h":"Est","s":"25N-H55N400F-80-F4"},{"r":"197","t":"24:16:19","h":"Est","s":"25N-H55NV10I-80-I"},{"r":"197","t":"24:16:19","h":"Est","s":"25N-H55NV20I-80-I"},{"r":"197","t":"24:16:19","h":"Est","s":"25S-H55S000I-80-I"},{"r":"197","t":"24:16:19","h":"Est","s":"25S-H55S100F-80-F1"},{"r":"197","t":"24:16:19","h":"Est","s":"25S-H55S200F-80-F2"},{"r":"197","t":"24:17:53","h":"Est","s":"25N-H55N000S-80-S"},{"r":"197","t":"24:17:53","h":"Est","s":"25N-H55N000S-82-S"},{"r":"197","t":"24:17:53","h":"Est","s":"25N-H55NV10S-85-S"},{"r":"197","t":"24:17:53","h":"Est","s":"25N-H55NV20S-81-S"},{"r":"197","t":"24:17:53","h":"Est","s":"25S-H55S000S-82-S"},{"r":"197","t":"24:39:53","h":"Est","s":"25N-H55N000A-80-A"},{"r":"197","t":"24:39:53","h":"Est","s":"25N-H55NV10A-80-A"},{"r":"197","t":"24:39:53","h":"Est","s":"25N-H55NV20A-80-A"},{"r":"197","t":"24:39:53","h":"Est","s":"25S-H55S000A-80-A"},{"r":"197","t":"24:45:19","h":"Est","s":"25N-H55N000I-80-I"},{"r":"197","t":"24:45:19","h":"Est","s":"25N-H55N100F-80-F1"},{"r":"197","t":"24:45:19","h":"Est","s":"25N-H55N200F-80-F2"},{"r":"197","t":"24:45:19","h":"Est","s":"25N-H55N300F-80-F3"},{"r":"197","t":"24:45:19","h":"Est","s":"25N-H55N400F-80-F4"},{"r":"197","t":"24:45:19","h":"Est","s":"25N-H55NV10I-80-I"},{"r":"197","t":"24:45:19","h":"Est","s":"25N-H55NV20I-80-I"},{"r":"197","t":"24:45:19","h":"Est","s":"25S-H55S000I-80-I"},{"r":"197","t":"24:45:19","h":"Est","s":"25S-H55S100F-80-F1"},{"r":"197","t":"24:45:19","h":"Est","s":"25S-H55S200F-80-F2"},{"r":"197","t":"24:45:53","h":"Est","s":"25N-H55N000S-80-S"},{"r":"197","t":"24:45:53","h":"Est","s":"25N-H55N000S-82-S"},{"r":"197","t":"24:45:53","h":"Est","s":"25N-H55NV10S-85-S"},{"r":"197","t":"24:45:53","h":"Est","s":"25N-H55NV20S-81-S"},{"r":"197","t":"24:45:53","h":"Est","s":"25S-H55S000S-82-S"},{"r":"197","t":"25:12:53","h":"Est","s":"25N-H55N000A-80-A"},{"r":"197","t":"25:12:53","h":"Est","s":"25N-H55NV10A-80-A"},{"r":"197","t":"25:12:53","h":"Est","s":"25N-H55NV20A-80-A"},{"r":"197","t":"25:12:53","h":"Est","s":"25S-H55S000A-80-A"},{"r":"197","t":"25:13:19","h":"Est","s":"25N-H55N000I-80-I"},{"r":"197","t":"25:13:19","h":"Est","s":"25N-H55N100F-80-F1"},{"r":"197","t":"25:13:19","h":"Est","s":"25N-H55N200F-80-F2"},{"r":"197","t":"25:13:19","h":"Est","s":"25N-H55N300F-80-F3"},{"r":"197","t":"25:13:19","h":"Est","s":"25N-H55N400F-80-F4"},{"r":"197","t":"25:13:19","h":"Est","s":"25N-H55NV10I-80-I"},{"r":"197","t":"25:13:19","h":"Est","s":"25N-H55NV20I-80-I"},{"r":"197","t":"25:13:19","h":"Est","s":"25S-H55S000I-80-I"},{"r":"197","t":"25:13:19","h":"Est","s":"25S-H55S100F-80-F1"},{"r":"197","t":"25:13:19","h":"Est","s":"25S-H55S200F-80-F2"},{"r":"197","t":"25:13:53","h":"Est","s":"25N-H55N000S-80-S"},{"r":"197","t":"25:13:53","h":"Est","s":"25N-H55N000S-82-S"},{"r":"197","t":"25:13:53","h":"Est","s":"25N-H55NV10S-85-S"},{"r":"197","t":"25:13:53","h":"Est","s":"25N-H55NV20S-81-S"},{"r":"197","t":"25:13:53","h":"Est","s":"25S-H55S000S-82-S"},{"r":"197","t":"25:45:53","h":"Est","s":"25N-H55N000A-80-A"},{"r":"197","t":"25:45:53","h":"Est","s":"25N-H55NV10A-80-A"},{"r":"197","t":"25:45:53","h":"Est","s":"25N-H55NV20A-80-A"},{"r":"197","t":"25:45:53","h":"Est","s":"25S-H55S000A-80-A"},{"r":"370","t":"25:49:12","h":"Est","s":"25N-H55N000I-80-I"},{"r":"370","t":"25:49:12","h":"Est","s":"25N-H55N100F-80-F1"},{"r":"370","t":"25:49:12","h":"Est","s":"25N-H55N200F-80-F2"},{"r":"370","t":"25:49:12","h":"Est","s":"25N-H55N300F-80-F3"},{"r":"370","t":"25:49:12","h":"Est","s":"25N-H55N400F-80-F4"},{"r":"370","t":"25:49:12","h":"Est","s":"25N-H55NV10I-80-I"},{"r":"370","t":"25:49:12","h":"Est","s":"25N-H55NV20I-80-I"},{"r":"370","t":"25:49:12","h":"Est","s":"25S-H55S000I-80-I"},{"r":"370","t":"25:49:12","h":"Est","s":"25S-H55S100F-80-F1"},{"r":"370","t":"25:49:12","h":"Est","s":"25S-H55S200F-80-F2"},{"r":"370","t":"25:50:53","h":"Est","s":"25N-H55N000S-80-S"},{"r":"370","t":"25:50:53","h":"Est","s":"25N-H55N000S-82-S"},{"r":"370","t":"25:50:53","h":"Est","s":"25N-H55NV10S-85-S"},{"r":"370","t":"25:50:53","h":"Est","s":"25N-H55NV20S-81-S"},{"r":"370","t":"25:50:53","h":"Est","s":"25S-H55S000S-82-S"},{"r":"370","t":"25:52:12","h":"Est","s":"25N-H55N000A-80-A"},{"r":"370","t":"25:52:12","h":"Est","s":"25N-H55NV10A-80-A"},{"r":"370","t":"25:52:12","h":"Est","s":"25N-H55NV20A-80-A"},{"r":"370","t":"25:52:12","h":"Est","s":"25S-H55S000A-80-A"},{"r":"370","t":"26:34:12","h":"Est","s":"25N-H55N000I-80-I"},{"r":"370","t":"26:34:12","h":"Est","s":"25N-H55N100F-80-F1"},{"r":"370","t":"26:34:12","h":"Est","s":"25N-H55N200F-80-F2"},{"r":"370","t":"26:34:12","h":"Est","s":"25N-H55N300F-80-F3"},{"r":"370","t":"26:34:12","h":"Est","s":"25N-H55N400F-80-F4"},{"r":"370","t":"26:34:12","h":"Est","s":"25N-H55NV10I-80-I"},{"r":"370","t":"26:34:12","h":"Est","s":"25N-H55NV20I-80-I"},{"r":"370","t":"26:34:12","h":"Est","s":"25S-H55S000I-80-I"},{"r":"370","t":"26:34:12","h":"Est","s":"25S-H55S100F-80-F1"},{"r":"370","t":"26:34:12","h":"Est","s":"25S-H55S200F-80-F2"},{"r":"370","t":"26:35:53","h":"Est","s":"25N-H55N000S-80-S"},{"r":"370","t":"26:35:53","h":"Est","s":"25N-H55N000S-82-S"},{"r":"370","t":"26:35:53","h":"Est","s":"25N-H55NV10S-85-S"},{"r":"370","t":"26:35:53","h":"Est","s":"25N-H55NV20S-81-S"},{"r":"370","t":"26:35:53","h":"Est","s":"25S-H55S000S-82-S"},{"r":"370","t":"26:37:12","h":"Est","s":"25N-H55N000A-80-A"},{"r":"370","t":"26:37:12","h":"Est","s":"25N-H55NV10A-80-A"},{"r":"370","t":"26:37:12","h":"Est","s":"25N-H55NV20A-80-A"},{"r":"370","t":"26:37:12","h":"Est","s":"25S-H55S000A-80-A"},{"r":"370","t":"27:18:53","h":"Est","s":"25N-H55N000S-80-S"},{"r":"370","t":"27:18:53","h":"Est","s":"25N-H55N000S-82-S"},{"r":"370","t":"27:18:53","h":"Est","s":"25N-H55NV10S-85-S"},{"r":"370","t":"27:18:53","h":"Est","s":"25N-H55NV20S-81-S"},{"r":"370","t":"27:18:53","h":"Est","s":"25S-H55S000S-82-S"},{"r":"370","t":"27:19:12","h":"Est","s":"25N-H55N000I-80-I"},{"r":"370","t":"27:19:12","h":"Est","s":"25N-H55N100F-80-F1"},{"r":"370","t":"27:19:12","h":"Est","s":"25N-H55N200F-80-F2"},{"r":"370","t":"27:19:12","h":"Est","s":"25N-H55N300F-80-F3"},{"r":"370","t":"27:19:12","h":"Est","s":"25N-H55N400F-80-F4"},{"r":"370","t":"27:19:12","h":"Est","s":"25N-H55NV10I-80-I"},{"r":"370","t":"27:19:12","h":"Est","s":"25N-H55NV20I-80-I"},{"r":"370","t":"27:19:12","h":"Est","s":"25S-H55S000I-80-I"},{"r":"370","t":"27:19:12","h":"Est","s":"25S-H55S100F-80-F1"},{"r":"370","t":"27:19:12","h":"Est","s":"25S-H55S200F-80-F2"},{"r":"370","t":"27:22:12","h":"Est","s":"25N-H55N000A-80-A"},{"r":"370","t":"27:22:12","h":"Est","s":"25N-H55NV10A-80-A"},{"r":"370","t":"27:22:12","h":"Est","s":"25N-H55NV20A-80-A"},{"r":"370","t":"27:22:12","h":"Est","s":"25S-H55S000A-80-A"},{"r":"370","t":"28:03:53","h":"Est","s":"25N-H55N000S-80-S"},{"r":"370","t":"28:03:53","h":"Est","s":"25N-H55N000S-82-S"},{"r":"370","t":"28:03:53","h":"Est","s":"25N-H55NV10S-85-S"},{"r":"370","t":"28:03:53","h":"Est","s":"25N-H55NV20S-81-S"},{"r":"370","t":"28:03:53","h":"Est","s":"25S-H55S000S-82-S"},{"r":"370","t":"28:04:12","h":"Est","s":"25N-H55N000I-80-I"},{"r":"370","t":"28:04:12","h":"Est","s":"25N-H55N100F-80-F1"},{"r":"370","t":"28:04:12","h":"Est","s":"25N-H55N200F-80-F2"},{"r":"370","t":"28:04:12","h":"Est","s":"25N-H55N300F-80-F3"},{"r":"370","t":"28:04:12","h":"Est","s":"25N-H55N400F-80-F4"},{"r":"370","t":"28:04:12","h":"Est","s":"25N-H55NV10I-80-I"},{"r":"370","t":"28:04:12","h":"Est","s":"25N-H55NV20I-80-I"},{"r":"370","t":"28:04:12","h":"Est","s":"25S-H55S000I-80-I"},{"r":"370","t":"28:04:12","h":"Est","s":"25S-H55S100F-80-F1"},{"r":"370","t":"28:04:12","h":"Est","s":"25S-H55S200F-80-F2"},{"r":"370","t":"28:07:12","h":"Est","s":"25N-H55N000A-80-A"},{"r":"370","t":"28:07:12","h":"Est","s":"25N-H55NV10A-80-A"},{"r":"370","t":"28:07:12","h":"Est","s":"25N-H55NV20A-80-A"},{"r":"370","t":"28:07:12","h":"Est","s":"25S-H55S000A-80-A"},{"r":"370","t":"28:49:12","h":"Est","s":"25N-H55N000I-80-I"},{"r":"370","t":"28:49:12","h":"Est","s":"25N-H55N100F-80-F1"},{"r":"370","t":"28:49:12","h":"Est","s":"25N-H55N200F-80-F2"},{"r":"370","t":"28:49:12","h":"Est","s":"25N-H55N300F-80-F3"},{"r":"370","t":"28:49:12","h":"Est","s":"25N-H55N400F-80-F4"},{"r":"370","t":"28:49:12","h":"Est","s":"25N-H55NV10I-80-I"},{"r":"370","t":"28:49:12","h":"Est","s":"25N-H55NV20I-80-I"},{"r":"370","t":"28:49:12","h":"Est","s":"25S-H55S000I-80-I"},{"r":"370","t":"28:49:12","h":"Est","s":"25S-H55S100F-80-F1"},{"r":"370","t":"28:49:12","h":"Est","s":"25S-H55S200F-80-F2"},{"r":"370","t":"28:49:53","h":"Est","s":"25N-H55N000S-80-S"},{"r":"370","t":"28:49:53","h":"Est","s":"25N-H55N000S-82-S"},{"r":"370","t":"28:49:53","h":"Est","s":"25N-H55NV10S-85-S"},{"r":"370","t":"28:49:53","h":"Est","s":"25N-H55NV20S-81-S"},{"r":"370","t":"28:49:53","h":"Est","s":"25S-H55S000S-82-S"},{"r":"370","t":"28:50:12","h":"Est","s":"25N-H55N000A-80-A"},{"r":"370","t":"28:50:12","h":"Est","s":"25N-H55NV10A-80-A"},{"r":"370","t":"28:50:12","h":"Est","s":"25N-H55NV20A-80-A"},{"r":"370","t":"28:50:12","h":"Est","s":"25S-H55S000A-80-A"}]