[{"r":"38","t":"05:41:53","h":"Sud","s":"25N-H56N000A-80-A"},{"r":"38","t":"05:41:53","h":"Sud","s":"25N-H56N000I-80-I"},{"r":"38","t":"05:41:53","h":"Sud","s":"25N-H56N100F-80-F1"},{"r":"38","t":"05:41:53","h":"Sud","s":"25N-H56N200F-80-F2"},{"r":"38","t":"05:41:53","h":"Sud","s":"25N-H56N300F-80-F3"},{"r":"38","t":"05:41:53","h":"Sud","s":"25N-H56N400F-80-F4"},{"r":"38","t":"05:41:53","h":"Sud","s":"25N-H56NV10A-80-A"},{"r":"38","t":"05:41:53","h":"Sud","s":"25N-H56NV10I-80-I"},{"r":"38","t":"05:41:53","h":"Sud","s":"25N-H56NV20A-80-A"},{"r":"38","t":"05:41:53","h":"Sud","s":"25N-H56NV20I-80-I"},{"r":"38","t":"05:41:53","h":"Sud","s":"25S-H56S000A-80-A"},{"r":"38","t":"05:41:53","h":"Sud","s":"25S-H56S000I-80-I"},{"r":"38","t":"05:41:53","h":"Sud","s":"25S-H56S100F-80-F1"},{"r":"38","t":"05:41:53","h":"Sud","s":"25S-H56S200F-81-F2"},{"r":"38","t":"05:42:53","h":"Sud","s":"25N-H56N000S-80-S"},{"r":"38","t":"05:42:53","h":"Sud","s":"25N-H56NV10S-80-S"},{"r":"38","t":"05:42:53","h":"Sud","s":"25N-H56NV20S-80-S"},{"r":"38","t":"05:42:53","h":"Sud","s":"25S-H56S000S-80-S"},{"r":"38","t":"06:11:53","h":"Sud","s":"25N-H56N000A-80-A"},{"r":"38","t":"06:11:53","h":"Sud","s":"25N-H56N000I-80-I"},{"r":"38","t":"06:11:53","h":"Sud","s":"25N-H56N000S-80-S"},{"r":"38","t":"06:11:53","h":"Sud","s":"25N-H56N100F-80-F1"},{"r":"38","t":"06:11:53","h":"Sud","s":"25N-H56N200F-80-F2"},{"r":"38","t":"06:11:53","h":"Sud","s":"25N-H56N300F-80-F3"},{"r":"38","t":"06:11:53","h":"Sud","s":"25N-H56N400F-80-F4"},{"r":"38","t":"06:11:53","h":"Sud","s":"25N-H56NV10A-80-A"},{"r":"38","t":"06:11:53","h":"Sud","s":"25N-H56NV10I-80-I"},{"r":"38","t":"06:11:53","h":"Sud","s":"25N-H56NV10S-80-S"},{"r":"38","t":"06:11:53","h":"Sud","s":"25N-H56NV20A-80-A"},{"r":"38","t":"06:11:53","h":"Sud","s":"25N-H56NV20I-80-I"},{"r":"38","t":"06:11:53","h":"Sud","s":"25N-H56NV20S-80-S"},{"r":"38","t":"06:11:53","h":"Sud","s":"25S-H56S000A-80-A"},{"r":"38","t":"06:11:53","h":"Sud","s":"25S-H56S000I-80-I"},{"r":"38","t":"06:11:53","h":"Sud","s":"25S-H56S000S-80-S"},{"r":"38","t":"06:11:53","h":"Sud","s":"25S-H56S100F-80-F1"},{"r":"38","t":"06:11:53","h":"Sud","s":"25S-H56S200F-81-F2"},{"r":"38","t":"06:41:36","h":"Sud","s":"25N-H56N000A-80-A"},{"r":"38","t":"06:41:36","h":"Sud","s":"25N-H56NV10A-80-A"},{"r":"38","t":"06:41:36","h":"Sud","s":"25N-H56NV20A-80-A"},{"r":"38","t":"06:41:36","h":"Sud","s":"25S-H56S000A-80-A"},{"r":"38","t":"06:41:53","h":"Sud","s":"25N-H56N000I-80-I"},{"r":"38","t":"06:41:53","h":"Sud","s":"25N-H56N100F-80-F1"},{"r":"38","t":"06:41:53","h":"Sud","s":"25N-H56N200F-80-F2"},{"r":"38","t":"06:41:53","h":"Sud","s":"25N-H56N300F-80-F3"},{"r":"38","t":"06:41:53","h":"Sud","s":"25N-H56N400F-80-F4"},{"r":"38","t":"06:41:53","h":"Sud","s":"25N-H56NV10I-80-I"},{"r":"38","t":"06:41:53","h":"Sud","s":"25N-H56NV20I-80-I"},{"r":"38","t":"06:41:53","h":"Sud","s":"25S-H56S000I-80-I"},{"r":"38","t":"06:41:53","h":"Sud","s":"25S-H56S100F-80-F1"},{"r":"38","t":"06:41:53","h":"Sud","s":"25S-H56S200F-81-F2"},{"r":"38","t":"06:43:36","h":"Sud","s":"25N-H56N000S-80-S"},{"r":"38","t":"06:43:36","h":"Sud","s":"25N-H56NV10S-80-S"},{"r":"38","t":"06:43:36","h":"Sud","s":"25N-H56NV20S-80-S"},{"r":"38","t":"06:43:36","h":"Sud","s":"25S-H56S000S-80-S"},{"r":"38","t":"07:10:53","h":"Sud","s":"25N-H56N000I-80-I"},{"r":"38","t":"07:10:53","h":"Sud","s":"25N-H56N100F-80-F1"},{"r":"38","t":"07:10:53","h":"Sud","s":"25N-H56N200F-80-F2"},{"r":"38","t":"07:10:53","h":"Sud","s":"25N-H56N300F-80-F3"},{"r":"38","t":"07:10:53","h":"Sud","s":"25N-H56N400F-80-F4"},{"r":"38","t":"07:10:53","h":"Sud","s":"25N-H56NV10I-80-I"},{"r":"38","t":"07:10:53","h":"Sud","s":"25N-H56NV20I-80-I"},{"r":"38","t":"07:10:53","h":"Sud","s":"25S-H56S000I-80-I"},{"r":"38","t":"07:10:53","h":"Sud","s":"25S-H56S100F-80-F1"},{"r":"38","t":"07:10:53","h":"Sud","s":"25S-H56S200F-81-F2"},{"r":"38","t":"07:11:36","h":"Sud","s":"25N-H56N000A-80-A"},{"r":"38","t":"07:11:36","h":"Sud","s":"25N-H56NV10A-80-A"},{"r":"38","t":"07:11:36","h":"Sud","s":"25N-H56NV20A-80-A"},{"r":"38","t":"07:11:36","h":"Sud","s":"25S-H56S000A-80-A"},{"r":"38","t":"07:18:19","h":"Sud","s":"25N-H56N000S-80-S"},{"r":"38","t":"07:18:19","h":"Sud","s":"25N-H56NV10S-80-S"},{"r":"38","t":"07:18:19","h":"Sud","s":"25N-H56NV20S-80-S"},{"r":"38","t":"07:18:19","h":"Sud","s":"25S-H56S000S-80-S"},{"r":"38","t":"07:39:53","h":"Sud","s":"25N-H56N000I-80-I"},{"r":"38","t":"07:39:53","h":"Sud","s":"25N-H56N100F-80-F1"},{"r":"38","t":"07:39:53","h":"Sud","s":"25N-H56N200F-80-F2"},{"r":"38","t":"07:39:53","h":"Sud","s":"25N-H56N300F-80-F3"},{"r":"38","t":"07:39:53","h":"Sud","s":"25N-H56N400F-80-F4"},{"r":"38","t":"07:39:53","h":"Sud","s":"25N-H56NV10I-80-I"},{"r":"38","t":"07:39:53","h":"Sud","s":"25N-H56NV20I-80-I"},{"r":"38","t":"07:39:53","h":"Sud","s":"25S-H56S000I-80-I"},{"r":"38","t":"07:39:53","h":"Sud","s":"25S-H56S100F-80-F1"},{"r":"38","t":"07:39:53","h":"Sud","s":"25S-H56S200F-81-F2"},{"r":"38","t":"07:40:36","h":"Sud","s":"25N-H56N000A-80-A"},{"r":"38","t":"07:40:36","h":"Sud","s":"25N-H56NV10A-80-A"},{"r":"38","t":"07:40:36","h":"Sud","s":"25N-H56NV20A-80-A"},{"r":"38","t":"07:40:36","h":"Sud","s":"25S-H56S000A-80-A"},{"r":"38","t":"07:52:19","h":"Sud","s":"25N-H56N000S-80-S"},{"r":"38","t":"07:52:19","h":"Sud","s":"25N-H56NV10S-80-S"},{"r":"38","t":"07:52:19","h":"Sud","s":"25N-H56NV20S-80-S"},{"r":"38","t":"07:52:19","h":"Sud","s":"25S-H56S000S-80-S"},{"r":"38","t":"08:10:53","h":"Sud","s":"25N-H56N000I-80-I"},{"r":"38","t":"08:10:53","h":"Sud","s":"25N-H56N100F-80-F1"},{"r":"38","t":"08:10:53","h":"Sud","s":"25N-H56N200F-80-F2"},{"r":"38","t":"08:10:53","h":"Sud","s":"25N-H56N300F-80-F3"},{"r":"38","t":"08:10:53","h":"Sud","s":"25N-H56N400F-80-F4"},{"r":"38","t":"08:10:53","h":"Sud","s":"25N-H56NV10I-80-I"},{"r":"38","t":"08:10:53","h":"Sud","s":"25N-H56NV20I-80-I"},{"r":"38","t":"08:10:53","h":"Sud","s":"25S-H56S000I-80-I"},{"r":"38","t":"08:10:53","h":"Sud","s":"25S-H56S100F-80-F1"},{"r":"38","t":"08:10:53","h":"Sud","s":"25S-H56S200F-81-F2"},{"r":"38","t":"08:11:36","h":"Sud","s":"25N-H56N000A-80-A"},{"r":"38","t":"08:11:36","h":"Sud","s":"25N-H56NV10A-80-A"},{"r":"38","t":"08:11:36","h":"Sud","s":"25N-H56NV20A-80-A"},{"r":"38","t":"08:11:36","h":"Sud","s":"25S-H56S000A-80-A"},{"r":"38","t":"08:27:19","h":"Sud","s":"25N-H56N000S-80-S"},{"r":"38","t":"08:27:19","h":"Sud","s":"25N-H56NV10S-80-S"},{"r":"38","t":"08:27:19","h":"Sud","s":"25N-H56NV20S-80-S"},{"r":"38","t":"08:27:19","h":"Sud","s":"25S-H56S000S-80-S"},{"r":"38","t":"08:41:36","h":"Sud","s":"25N-H56N000A-80-A"},{"r":"38","t":"08:41:36","h":"Sud","s":"25N-H56N000I-80-I"},{"r":"38","t":"08:41:36","h":"Sud","s":"25N-H56N100F-80-F1"},{"r":"38","t":"08:41:36","h":"Sud","s":"25N-H56N200F-80-F2"},{"r":"38","t":"08:41:36","h":"Sud","s":"25N-H56N300F-80-F3"},{"r":"38","t":"08:41:36","h":"Sud","s":"25N-H56N400F-80-F4"},{"r":"38","t":"08:41:36","h":"Sud","s":"25N-H56NV10A-80-A"},{"r":"38","t":"08:41:36","h":"Sud","s":"25N-H56NV10I-80-I"},{"r":"38","t":"08:41:36","h":"Sud","s":"25N-H56NV20A-80-A"},{"r":"38","t":"08:41:36","h":"Sud","s":"25N-H56NV20I-80-I"},{"r":"38","t":"08:41:36","h":"Sud","s":"25S-H56S000A-80-A"},{"r":"38","t":"08:41:36","h":"Sud","s":"25S-H56S000I-80-I"},{"r":"38","t":"08:41:36","h":"Sud","s":"25S-H56S100F-80-F1"},{"r":"38","t":"08:41:36","h":"Sud","s":"25S-H56S200F-81-F2"},{"r":"38","t":"08:55:19","h":"Sud","s":"25N-H56N000S-80-S"},{"r":"38","t":"08:55:19","h":"Sud","s":"25N-H56NV10S-80-S"},{"r":"38","t":"08:55:19","h":"Sud","s":"25N-H56NV20S-80-S"},{"r":"38","t":"08:55:19","h":"Sud","s":"25S-H56S000S-80-S"},{"r":"38","t":"09:11:36","h":"Sud","s":"25N-H56N000A-80-A"},{"r":"38","t":"09:11:36","h":"Sud","s":"25N-H56N000I-80-I"},{"r":"38","t":"09:11:36","h":"Sud","s":"25N-H56N100F-80-F1"},{"r":"38","t":"09:11:36","h":"Sud","s":"25N-H56N200F-80-F2"},{"r":"38","t":"09:11:36","h":"Sud","s":"25N-H56N300F-80-F3"},{"r":"38","t":"09:11:36","h":"Sud","s":"25N-H56N400F-80-F4"},{"r":"38","t":"09:11:36","h":"Sud","s":"25N-H56NV10A-80-A"},{"r":"38","t":"09:11:36","h":"Sud","s":"25N-H56NV10I-80-I"},{"r":"38","t":"09:11:36","h":"Sud","s":"25N-H56NV20A-80-A"},{"r":"38","t":"09:11:36","h":"Sud","s":"25N-H56NV20I-80-I"},{"r":"38","t":"09:11:36","h":"Sud","s":"25S-H56S000A-80-A"},{"r":"38","t":"09:11:36","h":"Sud","s":"25S-H56S000I-80-I"},{"r":"38","t":"09:11:36","h":"Sud","s":"25S-H56S100F-80-F1"},{"r":"38","t":"09:11:36","h":"Sud","s":"25S-H56S200F-81-F2"},{"r":"38","t":"09:22:36","h":"Sud","s":"25N-H56N000S-80-S"},{"r":"38","t":"09:22:36","h":"Sud","s":"25N-H56NV10S-80-S"},{"r":"38","t":"09:22:36","h":"Sud","s":"25N-H56NV20S-80-S"},{"r":"38","t":"09:22:36","h":"Sud","s":"25S-H56S000S-80-S"},{"r":"38","t":"09:41:36","h":"Sud","s":"25N-H56N000I-80-I"},{"r":"38","t":"09:41:36","h":"Sud","s":"25N-H56N100F-80-F1"},{"r":"38","t":"09:41:36","h":"Sud","s":"25N-H56N200F-80-F2"},{"r":"38","t":"09:41:36","h":"Sud","s":"25N-H56N300F-80-F3"},{"r":"38","t":"09:41:36","h":"Sud","s":"25N-H56N400F-80-F4"},{"r":"38","t":"09:41:36","h":"Sud","s":"25N-H56NV10I-80-I"},{"r":"38","t":"09:41:36","h":"Sud","s":"25N-H56NV20I-80-I"},{"r":"38","t":"09:41:36","h":"Sud","s":"25S-H56S000I-80-I"},{"r":"38","t":"09:41:36","h":"Sud","s":"25S-H56S100F-80-F1"},{"r":"38","t":"09:41:36","h":"Sud","s":"25S-H56S200F-81-F2"},{"r":"38","t":"09:42:36","h":"Sud","s":"25N-H56N000A-80-A"},{"r":"38","t":"09:42:36","h":"Sud","s":"25N-H56NV10A-80-A"},{"r":"38","t":"09:42:36","h":"Sud","s":"25N-H56NV20A-80-A"},{"r":"38","t":"09:42:36","h":"Sud","s":"25S-H56S000A-80-A"},{"r":"38","t":"09:52:36","h":"Sud","s":"25N-H56N000S-80-S"},{"r":"38","t":"09:52:36","h":"Sud","s":"25N-H56NV10S-80-S"},{"r":"38","t":"09:52:36","h":"Sud","s":"25N-H56NV20S-80-S"},{"r":"38","t":"09:52:36","h":"Sud","s":"25S-H56S000S-80-S"},{"r":"38","t":"10:13:36","h":"Sud","s":"25N-H56N000A-80-A"},{"r":"38","t":"10:13:36","h":"Sud","s":"25N-H56N000I-80-I"},{"r":"38","t":"10:13:36","h":"Sud","s":"25N-H56N100F-80-F1"},{"r":"38","t":"10:13:36","h":"Sud","s":"25N-H56N200F-80-F2"},{"r":"38","t":"10:13:36","h":"Sud","s":"25N-H56N300F-80-F3"},{"r":"38","t":"10:13:36","h":"Sud","s":"25N-H56N400F-80-F4"},{"r":"38","t":"10:13:36","h":"Sud","s":"25N-H56NV10A-80-A"},{"r":"38","t":"10:13:36","h":"Sud","s":"25N-H56NV10I-80-I"},{"r":"38","t":"10:13:36","h":"Sud","s":"25N-H56NV20A-80-A"},{"r":"38","t":"10:13:36","h":"Sud","s":"25N-H56NV20I-80-I"},{"r":"38","t":"10:13:36","h":"Sud","s":"25S-H56S000A-80-A"},{"r":"38","t":"10:13:36","h":"Sud","s":"25S-H56S000I-80-I"},{"r":"38","t":"10:13:36","h":"Sud","s":"25S-H56S100F-80-F1"},{"r":"38","t":"10:13:36","h":"Sud","s":"25S-H56S200F-81-F2"},{"r":"38","t":"10:22:36","h":"Sud","s":"25N-H56N000S-80-S"},{"r":"38","t":"10:22:36","h":"Sud","s":"25N-H56NV10S-80-S"},{"r":"38","t":"10:22:36","h":"Sud","s":"25N-H56NV20S-80-S"},{"r":"38","t":"10:22:36","h":"Sud","s":"25S-H56S000S-80-S"},{"r":"38","t":"10:43:36","h":"Sud","s":"25N-H56N000I-80-I"},{"r":"38","t":"10:43:36","h":"Sud","s":"25N-H56N100F-80-F1"},{"r":"38","t":"10:43:36","h":"Sud","s":"25N-H56N200F-80-F2"},{"r":"38","t":"10:43:36","h":"Sud","s":"25N-H56N300F-80-F3"},{"r":"38","t":"10:43:36","h":"Sud","s":"25N-H56N400F-80-F4"},{"r":"38","t":"10:43:36","h":"Sud","s":"25N-H56NV10I-80-I"},{"r":"38","t":"10:43:36","h":"Sud","s":"25N-H56NV20I-80-I"},{"r":"38","t":"10:43:36","h":"Sud","s":"25S-H56S000I-80-I"},{"r":"38","t":"10:43:36","h":"Sud","s":"25S-H56S100F-80-F1"},{"r":"38","t":"10:43:36","h":"Sud","s":"25S-H56S200F-81-F2"},{"r":"38","t":"10:44:36","h":"Sud","s":"25N-H56N000A-80-A"},{"r":"38","t":"10:44:36","h":"Sud","s":"25N-H56NV10A-80-A"},{"r":"38","t":"10:44:36","h":"Sud","s":"25N-H56NV20A-80-A"},{"r":"38","t":"10:44:36","h":"Sud","s":"25S-H56S000A-80-A"},{"r":"38","t":"10:52:36","h":"Sud","s":"25N-H56N000S-80-S"},{"r":"38","t":"10:52:36","h":"Sud","s":"25N-H56NV10S-80-S"},{"r":"38","t":"10:52:36","h":"Sud","s":"25N-H56NV20S-80-S"},{"r":"38","t":"10:52:36","h":"Sud","s":"25S-H56S000S-80-S"},{"r":"38","t":"11:13:36","h":"Sud","s":"25N-H56N000A-80-A"},{"r":"38","t":"11:13:36","h":"Sud","s":"25N-H56N000I-80-I"},{"r":"38","t":"11:13:36","h":"Sud","s":"25N-H56N100F-80-F1"},{"r":"38","t":"11:13:36","h":"Sud","s":"25N-H56N200F-80-F2"},{"r":"38","t":"11:13:36","h":"Sud","s":"25N-H56N300F-80-F3"},{"r":"38","t":"11:13:36","h":"Sud","s":"25N-H56N400F-80-F4"},{"r":"38","t":"11:13:36","h":"Sud","s":"25N-H56NV10A-80-A"},{"r":"38","t":"11:13:36","h":"Sud","s":"25N-H56NV10I-80-I"},{"r":"38","t":"11:13:36","h":"Sud","s":"25N-H56NV20A-80-A"},{"r":"38","t":"11:13:36","h":"Sud","s":"25N-H56NV20I-80-I"},{"r":"38","t":"11:13:36","h":"Sud","s":"25S-H56S000A-80-A"},{"r":"38","t":"11:13:36","h":"Sud","s":"25S-H56S000I-80-I"},{"r":"38","t":"11:13:36","h":"Sud","s":"25S-H56S100F-80-F1"},{"r":"38","t":"11:13:36","h":"Sud","s":"25S-H56S200F-81-F2"},{"r":"38","t":"11:22:36","h":"Sud","s":"25N-H56N000S-80-S"},{"r":"38","t":"11:22:36","h":"Sud","s":"25N-H56NV10S-80-S"},{"r":"38","t":"11:22:36","h":"Sud","s":"25N-H56NV20S-80-S"},{"r":"38","t":"11:22:36","h":"Sud","s":"25S-H56S000S-80-S"},{"r":"38","t":"11:43:36","h":"Sud","s":"25N-H56N000A-80-A"},{"r":"38","t":"11:43:36","h":"Sud","s":"25N-H56N000I-80-I"},{"r":"38","t":"11:43:36","h":"Sud","s":"25N-H56N100F-80-F1"},{"r":"38","t":"11:43:36","h":"Sud","s":"25N-H56N200F-80-F2"},{"r":"38","t":"11:43:36","h":"Sud","s":"25N-H56N300F-80-F3"},{"r":"38","t":"11:43:36","h":"Sud","s":"25N-H56N400F-80-F4"},{"r":"38","t":"11:43:36","h":"Sud","s":"25N-H56NV10A-80-A"},{"r":"38","t":"11:43:36","h":"Sud","s":"25N-H56NV10I-80-I"},{"r":"38","t":"11:43:36","h":"Sud","s":"25N-H56NV20A-80-A"},{"r":"38","t":"11:43:36","h":"Sud","s":"25N-H56NV20I-80-I"},{"r":"38","t":"11:43:36","h":"Sud","s":"25S-H56S000A-80-A"},{"r":"38","t":"11:43:36","h":"Sud","s":"25S-H56S000I-80-I"},{"r":"38","t":"11:43:36","h":"Sud","s":"25S-H56S100F-80-F1"},{"r":"38","t":"11:43:36","h":"Sud","s":"25S-H56S200F-81-F2"},{"r":"38","t":"11:51:36","h":"Sud","s":"25N-H56N000S-80-S"},{"r":"38","t":"11:51:36","h":"Sud","s":"25N-H56NV10S-80-S"},{"r":"38","t":"11:51:36","h":"Sud","s":"25N-H56NV20S-80-S"},{"r":"38","t":"11:51:36","h":"Sud","s":"25S-H56S000S-80-S"},{"r":"38","t":"12:14:36","h":"Sud","s":"25N-H56N000A-80-A"},{"r":"38","t":"12:14:36","h":"Sud","s":"25N-H56N000I-80-I"},{"r":"38","t":"12:14:36","h":"Sud","s":"25N-H56N100F-80-F1"},{"r":"38","t":"12:14:36","h":"Sud","s":"25N-H56N200F-80-F2"},{"r":"38","t":"12:14:36","h":"Sud","s":"25N-H56N300F-80-F3"},{"r":"38","t":"12:14:36","h":"Sud","s":"25N-H56N400F-80-F4"},{"r":"38","t":"12:14:36","h":"Sud","s":"25N-H56NV10A-80-A"},{"r":"38","t":"12:14:36","h":"Sud","s":"25N-H56NV10I-80-I"},{"r":"38","t":"12:14:36","h":"Sud","s":"25N-H56NV20A-80-A"},{"r":"38","t":"12:14:36","h":"Sud","s":"25N-H56NV20I-80-I"},{"r":"38","t":"12:14:36","h":"Sud","s":"25S-H56S000A-80-A"},{"r":"38","t":"12:14:36","h":"Sud","s":"25S-H56S000I-80-I"},{"r":"38","t":"12:14:36","h":"Sud","s":"25S-H56S100F-80-F1"},{"r":"38","t":"12:14:36","h":"Sud","s":"25S-H56S200F-81-F2"},{"r":"38","t":"12:20:36","h":"Sud","s":"25N-H56N000S-80-S"},{"r":"38","t":"12:20:36","h":"Sud","s":"25N-H56NV10S-80-S"},{"r":"38","t":"12:20:36","h":"Sud","s":"25N-H56NV20S-80-S"},{"r":"38","t":"12:20:36","h":"Sud","s":"25S-H56S000S-80-S"},{"r":"38","t":"12:42:36","h":"Sud","s":"25N-H56N000A-80-A"},{"r":"38","t":"12:42:36","h":"Sud","s":"25N-H56NV10A-80-A"},{"r":"38","t":"12:42:36","h":"Sud","s":"25N-H56NV20A-80-A"},{"r":"38","t":"12:42:36","h":"Sud","s":"25S-H56S000A-80-A"},{"r":"38","t":"12:44:36","h":"Sud","s":"25N-H56N000I-80-I"},{"r":"38","t":"12:44:36","h":"Sud","s":"25N-H56N100F-80-F1"},{"r":"38","t":"12:44:36","h":"Sud","s":"25N-H56N200F-80-F2"},{"r":"38","t":"12:44:36","h":"Sud","s":"25N-H56N300F-80-F3"},{"r":"38","t":"12:44:36","h":"Sud","s":"25N-H56N400F-80-F4"},{"r":"38","t":"12:44:36","h":"Sud","s":"25N-H56NV10I-80-I"},{"r":"38","t":"12:44:36","h":"Sud","s":"25N-H56NV20I-80-I"},{"r":"38","t":"12:44:36","h":"Sud","s":"25S-H56S000I-80-I"},{"r":"38","t":"12:44:36","h":"Sud","s":"25S-H56S100F-80-F1"},{"r":"38","t":"12:44:36","h":"Sud","s":"25S-H56S200F-81-F2"},{"r":"38","t":"12:49:36","h":"Sud","s":"25N-H56N000S-80-S"},{"r":"38","t":"12:49:36","h":"Sud","s":"25N-H56NV10S-80-S"},{"r":"38","t":"12:49:36","h":"Sud","s":"25N-H56NV20S-80-S"},{"r":"38","t":"12:49:36","h":"Sud","s":"25S-H56S000S-80-S"},{"r":"38","t":"13:13:36","h":"Sud","s":"25N-H56N000A-80-A"},{"r":"38","t":"13:13:36","h":"Sud","s":"25N-H56NV10A-80-A"},{"r":"38","t":"13:13:36","h":"Sud","s":"25N-H56NV20A-80-A"},{"r":"38","t":"13:13:36","h":"Sud","s":"25S-H56S000A-80-A"},{"r":"38","t":"13:14:36","h":"Sud","s":"25N-H56N000I-80-I"},{"r":"38","t":"13:14:36","h":"Sud","s":"25N-H56N100F-80-F1"},{"r":"38","t":"13:14:36","h":"Sud","s":"25N-H56N200F-80-F2"},{"r":"38","t":"13:14:36","h":"Sud","s":"25N-H56N300F-80-F3"},{"r":"38","t":"13:14:36","h":"Sud","s":"25N-H56N400F-80-F4"},{"r":"38","t":"13:14:36","h":"Sud","s":"25N-H56NV10I-80-I"},{"r":"38","t":"13:14:36","h":"Sud","s":"25N-H56NV20I-80-I"},{"r":"38","t":"13:14:36","h":"Sud","s":"25S-H56S000I-80-I"},{"r":"38","t":"13:14:36","h":"Sud","s":"25S-H56S100F-80-F1"},{"r":"38","t":"13:14:36","h":"Sud","s":"25S-H56S200F-81-F2"},{"r":"38","t":"13:18:36","h":"Sud","s":"25N-H56N000S-80-S"},{"r":"38","t":"13:18:36","h":"Sud","s":"25N-H56NV10S-80-S"},{"r":"38","t":"13:18:36","h":"Sud","s":"25N-H56NV20S-80-S"},{"r":"38","t":"13:18:36","h":"Sud","s":"25S-H56S000S-80-S"},{"r":"38","t":"13:43:36","h":"Sud","s":"25N-H56N000A-80-A"},{"r":"38","t":"13:43:36","h":"Sud","s":"25N-H56NV10A-80-A"},{"r":"38","t":"13:43:36","h":"Sud","s":"25N-H56NV20A-80-A"},{"r":"38","t":"13:43:36","h":"Sud","s":"25S-H56S000A-80-A"},{"r":"38","t":"13:44:36","h":"Sud","s":"25N-H56N000I-80-I"},{"r":"38","t":"13:44:36","h":"Sud","s":"25N-H56N100F-80-F1"},{"r":"38","t":"13:44:36","h":"Sud","s":"25N-H56N200F-80-F2"},{"r":"38","t":"13:44:36","h":"Sud","s":"25N-H56N300F-80-F3"},{"r":"38","t":"13:44:36","h":"Sud","s":"25N-H56N400F-80-F4"},{"r":"38","t":"13:44:36","h":"Sud","s":"25N-H56NV10I-80-I"},{"r":"38","t":"13:44:36","h":"Sud","s":"25N-H56NV20I-80-I"},{"r":"38","t":"13:44:36","h":"Sud","s":"25S-H56S000I-80-I"},{"r":"38","t":"13:44:36","h":"Sud","s":"25S-H56S100F-80-F1"},{"r":"38","t":"13:44:36","h":"Sud","s":"25S-H56S200F-81-F2"},{"r":"38","t":"13:47:36","h":"Sud","s":"25N-H56N000S-80-S"},{"r":"38","t":"13:47:36","h":"Sud","s":"25N-H56NV10S-80-S"},{"r":"38","t":"13:47:36","h":"Sud","s":"25N-H56NV20S-80-S"},{"r":"38","t":"13:47:36","h":"Sud","s":"25S-H56S000S-80-S"},{"r":"38","t":"14:14:36","h":"Sud","s":"25N-H56N000A-80-A"},{"r":"38","t":"14:14:36","h":"Sud","s":"25N-H56N000I-80-I"},{"r":"38","t":"14:14:36","h":"Sud","s":"25N-H56N100F-80-F1"},{"r":"38","t":"14:14:36","h":"Sud","s":"25N-H56N200F-80-F2"},{"r":"38","t":"14:14:36","h":"Sud","s":"25N-H56N300F-80-F3"},{"r":"38","t":"14:14:36","h":"Sud","s":"25N-H56N400F-80-F4"},{"r":"38","t":"14:14:36","h":"Sud","s":"25N-H56NV10A-80-A"},{"r":"38","t":"14:14:36","h":"Sud","s":"25N-H56NV10I-80-I"},{"r":"38","t":"14:14:36","h":"Sud","s":"25N-H56NV20A-80-A"},{"r":"38","t":"14:14:36","h":"Sud","s":"25N-H56NV20I-80-I"},{"r":"38","t":"14:14:36","h":"Sud","s":"25S-H56S000A-80-A"},{"r":"38","t":"14:14:36","h":"Sud","s":"25S-H56S000I-80-I"},{"r":"38","t":"14:14:36","h":"Sud","s":"25S-H56S100F-80-F1"},{"r":"38","t":"14:14:36","h":"Sud","s":"25S-H56S200F-81-F2"},{"r":"38","t":"14:17:19","h":"Sud","s":"25N-H56N000S-80-S"},{"r":"38","t":"14:17:19","h":"Sud","s":"25N-H56NV10S-80-S"},{"r":"38","t":"14:17:19","h":"Sud","s":"25N-H56NV20S-80-S"},{"r":"38","t":"14:17:19","h":"Sud","s":"25S-H56S000S-80-S"},{"r":"38","t":"14:45:36","h":"Sud","s":"25N-H56N000A-80-A"},{"r":"38","t":"14:45:36","h":"Sud","s":"25N-H56N000I-80-I"},{"r":"38","t":"14:45:36","h":"Sud","s":"25N-H56N100F-80-F1"},{"r":"38","t":"14:45:36","h":"Sud","s":"25N-H56N200F-80-F2"},{"r":"38","t":"14:45:36","h":"Sud","s":"25N-H56N300F-80-F3"},{"r":"38","t":"14:45:36","h":"Sud","s":"25N-H56N400F-80-F4"},{"r":"38","t":"14:45:36","h":"Sud","s":"25N-H56NV10A-80-A"},{"r":"38","t":"14:45:36","h":"Sud","s":"25N-H56NV10I-80-I"},{"r":"38","t":"14:45:36","h":"Sud","s":"25N-H56NV20A-80-A"},{"r":"38","t":"14:45:36","h":"Sud","s":"25N-H56NV20I-80-I"},{"r":"38","t":"14:45:36","h":"Sud","s":"25S-H56S000A-80-A"},{"r":"38","t":"14:45:36","h":"Sud","s":"25S-H56S000I-80-I"},{"r":"38","t":"14:45:36","h":"Sud","s":"25S-H56S100F-80-F1"},{"r":"38","t":"14:45:36","h":"Sud","s":"25S-H56S200F-81-F2"},{"r":"38","t":"14:46:19","h":"Sud","s":"25N-H56N000S-80-S"},{"r":"38","t":"14:46:19","h":"Sud","s":"25N-H56NV10S-80-S"},{"r":"38","t":"14:46:19","h":"Sud","s":"25N-H56NV20S-80-S"},{"r":"38","t":"14:46:19","h":"Sud","s":"25S-H56S000S-80-S"},{"r":"38","t":"15:15:19","h":"Sud","s":"25N-H56N000S-80-S"},{"r":"38","t":"15:15:19","h":"Sud","s":"25N-H56NV10S-80-S"},{"r":"38","t":"15:15:19","h":"Sud","s":"25N-H56NV20S-80-S"},{"r":"38","t":"15:15:19","h":"Sud","s":"25S-H56S000S-80-S"},{"r":"38","t":"15:15:36","h":"Sud","s":"25N-H56N000A-80-A"},{"r":"38","t":"15:15:36","h":"Sud","s":"25N-H56N000I-80-I"},{"r":"38","t":"15:15:36","h":"Sud","s":"25N-H56N100F-80-F1"},{"r":"38","t":"15:15:36","h":"Sud","s":"25N-H56N200F-80-F2"},{"r":"38","t":"15:15:36","h":"Sud","s":"25N-H56N300F-80-F3"},{"r":"38","t":"15:15:36","h":"Sud","s":"25N-H56N400F-80-F4"},{"r":"38","t":"15:15:36","h":"Sud","s":"25N-H56NV10A-80-A"},{"r":"38","t":"15:15:36","h":"Sud","s":"25N-H56NV10I-80-I"},{"r":"38","t":"15:15:36","h":"Sud","s":"25N-H56NV20A-80-A"},{"r":"38","t":"15:15:36","h":"Sud","s":"25N-H56NV20I-80-I"},{"r":"38","t":"15:15:36","h":"Sud","s":"25S-H56S000A-80-A"},{"r":"38","t":"15:15:36","h":"Sud","s":"25S-H56S000I-80-I"},{"r":"38","t":"15:15:36","h":"Sud","s":"25S-H56S100F-80-F1"},{"r":"38","t":"15:15:36","h":"Sud","s":"25S-H56S200F-81-F2"},{"r":"38","t":"15:44:19","h":"Sud","s":"25N-H56N000S-80-S"},{"r":"38","t":"15:44:19","h":"Sud","s":"25N-H56NV10S-80-S"},{"r":"38","t":"15:44:19","h":"Sud","s":"25N-H56NV20S-80-S"},{"r":"38","t":"15:44:19","h":"Sud","s":"25S-H56S000S-80-S"},{"r":"38","t":"15:45:36","h":"Sud","s":"25N-H56N000A-80-A"},{"r":"38","t":"15:45:36","h":"Sud","s":"25N-H56N000I-80-I"},{"r":"38","t":"15:45:36","h":"Sud","s":"25N-H56N100F-80-F1"},{"r":"38","t":"15:45:36","h":"Sud","s":"25N-H56N200F-80-F2"},{"r":"38","t":"15:45:36","h":"Sud","s":"25N-H56N300F-80-F3"},{"r":"38","t":"15:45:36","h":"Sud","s":"25N-H56N400F-80-F4"},{"r":"38","t":"15:45:36","h":"Sud","s":"25N-H56NV10A-80-A"},{"r":"38","t":"15:45:36","h":"Sud","s":"25N-H56NV10I-80-I"},{"r":"38","t":"15:45:36","h":"Sud","s":"25N-H56NV20A-80-A"},{"r":"38","t":"15:45:36","h":"Sud","s":"25N-H56NV20I-80-I"},{"r":"38","t":"15:45:36","h":"Sud","s":"25S-H56S000A-80-A"},{"r":"38","t":"15:45:36","h":"Sud","s":"25S-H56S000I-80-I"},{"r":"38","t":"15:45:36","h":"Sud","s":"25S-H56S100F-80-F1"},{"r":"38","t":"15:45:36","h":"Sud","s":"25S-H56S200F-81-F2"},{"r":"38","t":"16:15:19","h":"Sud","s":"25N-H56N000S-80-S"},{"r":"38","t":"16:15:19","h":"Sud","s":"25N-H56NV10S-80-S"},{"r":"38","t":"16:15:19","h":"Sud","s":"25N-H56NV20S-80-S"},{"r":"38","t":"16:15:19","h":"Sud","s":"25S-H56S000S-80-S"},{"r":"38","t":"16:15:36","h":"Sud","s":"25N-H56N000A-80-A"},{"r":"38","t":"16:15:36","h":"Sud","s":"25N-H56N000I-80-I"},{"r":"38","t":"16:15:36","h":"Sud","s":"25N-H56N100F-80-F1"},{"r":"38","t":"16:15:36","h":"Sud","s":"25N-H56N200F-80-F2"},{"r":"38","t":"16:15:36","h":"Sud","s":"25N-H56N300F-80-F3"},{"r":"38","t":"16:15:36","h":"Sud","s":"25N-H56N400F-80-F4"},{"r":"38","t":"16:15:36","h":"Sud","s":"25N-H56NV10A-80-A"},{"r":"38","t":"16:15:36","h":"Sud","s":"25N-H56NV10I-80-I"},{"r":"38","t":"16:15:36","h":"Sud","s":"25N-H56NV20A-80-A"},{"r":"38","t":"16:15:36","h":"Sud","s":"25N-H56NV20I-80-I"},{"r":"38","t":"16:15:36","h":"Sud","s":"25S-H56S000A-80-A"},{"r":"38","t":"16:15:36","h":"Sud","s":"25S-H56S000I-80-I"},{"r":"38","t":"16:15:36","h":"Sud","s":"25S-H56S100F-80-F1"},{"r":"38","t":"16:15:36","h":"Sud","s":"25S-H56S200F-81-F2"},{"r":"38","t":"16:45:36","h":"Sud","s":"25N-H56N000A-80-A"},{"r":"38","t":"16:45:36","h":"Sud","s":"25N-H56N000I-80-I"},{"r":"38","t":"16:45:36","h":"Sud","s":"25N-H56N100F-80-F1"},{"r":"38","t":"16:45:36","h":"Sud","s":"25N-H56N200F-80-F2"},{"r":"38","t":"16:45:36","h":"Sud","s":"25N-H56N300F-80-F3"},{"r":"38","t":"16:45:36","h":"Sud","s":"25N-H56N400F-80-F4"},{"r":"38","t":"16:45:36","h":"Sud","s":"25N-H56NV10A-80-A"},{"r":"38","t":"16:45:36","h":"Sud","s":"25N-H56NV10I-80-I"},{"r":"38","t":"16:45:36","h":"Sud","s":"25N-H56NV20A-80-A"},{"r":"38","t":"16:45:36","h":"Sud","s":"25N-H56NV20I-80-I"},{"r":"38","t":"16:45:36","h":"Sud","s":"25S-H56S000A-80-A"},{"r":"38","t":"16:45:36","h":"Sud","s":"25S-H56S000I-80-I"},{"r":"38","t":"16:45:36","h":"Sud","s":"25S-H56S100F-80-F1"},{"r":"38","t":"16:45:36","h":"Sud","s":"25S-H56S200F-81-F2"},{"r":"38","t":"16:46:19","h":"Sud","s":"25N-H56N000S-80-S"},{"r":"38","t":"16:46:19","h":"Sud","s":"25N-H56NV10S-80-S"},{"r":"38","t":"16:46:19","h":"Sud","s":"25N-H56NV20S-80-S"},{"r":"38","t":"16:46:19","h":"Sud","s":"25S-H56S000S-80-S"},{"r":"38","t":"17:14:36","h":"Sud","s":"25N-H56N000I-80-I"},{"r":"38","t":"17:14:36","h":"Sud","s":"25N-H56N100F-80-F1"},{"r":"38","t":"17:14:36","h":"Sud","s":"25N-H56N200F-80-F2"},{"r":"38","t":"17:14:36","h":"Sud","s":"25N-H56N300F-80-F3"},{"r":"38","t":"17:14:36","h":"Sud","s":"25N-H56N400F-80-F4"},{"r":"38","t":"17:14:36","h":"Sud","s":"25N-H56NV10I-80-I"},{"r":"38","t":"17:14:36","h":"Sud","s":"25N-H56NV20I-80-I"},{"r":"38","t":"17:14:36","h":"Sud","s":"25S-H56S000I-80-I"},{"r":"38","t":"17:14:36","h":"Sud","s":"25S-H56S100F-80-F1"},{"r":"38","t":"17:14:36","h":"Sud","s":"25S-H56S200F-81-F2"},{"r":"38","t":"17:16:19","h":"Sud","s":"25N-H56N000S-80-S"},{"r":"38","t":"17:16:19","h":"Sud","s":"25N-H56NV10S-80-S"},{"r":"38","t":"17:16:19","h":"Sud","s":"25N-H56NV20S-80-S"},{"r":"38","t":"17:16:19","h":"Sud","s":"25S-H56S000S-80-S"},{"r":"38","t":"17:16:36","h":"Sud","s":"25N-H56N000A-80-A"},{"r":"38","t":"17:16:36","h":"Sud","s":"25N-H56NV10A-80-A"},{"r":"38","t":"17:16:36","h":"Sud","s":"25N-H56NV20A-80-A"},{"r":"38","t":"17:16:36","h":"Sud","s":"25S-H56S000A-80-A"},{"r":"38","t":"17:44:36","h":"Sud","s":"25N-H56N000I-80-I"},{"r":"38","t":"17:44:36","h":"Sud","s":"25N-H56N100F-80-F1"},{"r":"38","t":"17:44:36","h":"Sud","s":"25N-H56N200F-80-F2"},{"r":"38","t":"17:44:36","h":"Sud","s":"25N-H56N300F-80-F3"},{"r":"38","t":"17:44:36","h":"Sud","s":"25N-H56N400F-80-F4"},{"r":"38","t":"17:44:36","h":"Sud","s":"25N-H56NV10I-80-I"},{"r":"38","t":"17:44:36","h":"Sud","s":"25N-H56NV20I-80-I"},{"r":"38","t":"17:44:36","h":"Sud","s":"25S-H56S000I-80-I"},{"r":"38","t":"17:44:36","h":"Sud","s":"25S-H56S100F-80-F1"},{"r":"38","t":"17:44:36","h":"Sud","s":"25S-H56S200F-81-F2"},{"r":"38","t":"17:45:19","h":"Sud","s":"25N-H56N000S-80-S"},{"r":"38","t":"17:45:19","h":"Sud","s":"25N-H56NV10S-80-S"},{"r":"38","t":"17:45:19","h":"Sud","s":"25N-H56NV20S-80-S"},{"r":"38","t":"17:45:19","h":"Sud","s":"25S-H56S000S-80-S"},{"r":"38","t":"17:47:36","h":"Sud","s":"25N-H56N000A-80-A"},{"r":"38","t":"17:47:36","h":"Sud","s":"25N-H56NV10A-80-A"},{"r":"38","t":"17:47:36","h":"Sud","s":"25N-H56NV20A-80-A"},{"r":"38","t":"17:47:36","h":"Sud","s":"25S-H56S000A-80-A"},{"r":"38","t":"18:12:36","h":"Sud","s":"25N-H56N000S-80-S"},{"r":"38","t":"18:12:36","h":"Sud","s":"25N-H56NV10S-80-S"},{"r":"38","t":"18:12:36","h":"Sud","s":"25N-H56NV20S-80-S"},{"r":"38","t":"18:12:36","h":"Sud","s":"25S-H56S000S-80-S"},{"r":"38","t":"18:14:36","h":"Sud","s":"25N-H56N000I-80-I"},{"r":"38","t":"18:14:36","h":"Sud","s":"25N-H56N100F-80-F1"},{"r":"38","t":"18:14:36","h":"Sud","s":"25N-H56N200F-80-F2"},{"r":"38","t":"18:14:36","h":"Sud","s":"25N-H56N300F-80-F3"},{"r":"38","t":"18:14:36","h":"Sud","s":"25N-H56N400F-80-F4"},{"r":"38","t":"18:14:36","h":"Sud","s":"25N-H56NV10I-80-I"},{"r":"38","t":"18:14:36","h":"Sud","s":"25N-H56NV20I-80-I"},{"r":"38","t":"18:14:36","h":"Sud","s":"25S-H56S000I-80-I"},{"r":"38","t":"18:14:36","h":"Sud","s":"25S-H56S100F-80-F1"},{"r":"38","t":"18:14:36","h":"Sud","s":"25S-H56S200F-81-F2"},{"r":"38","t":"18:17:36","h":"Sud","s":"25N-H56N000A-80-A"},{"r":"38","t":"18:17:36","h":"Sud","s":"25N-H56NV10A-80-A"},{"r":"38","t":"18:17:36","h":"Sud","s":"25N-H56NV20A-80-A"},{"r":"38","t":"18:17:36","h":"Sud","s":"25S-H56S000A-80-A"},{"r":"38","t":"18:42:36","h":"Sud","s":"25N-H56N000S-80-S"},{"r":"38","t":"18:42:36","h":"Sud","s":"25N-H56NV10S-80-S"},{"r":"38","t":"18:42:36","h":"Sud","s":"25N-H56NV20S-80-S"},{"r":"38","t":"18:42:36","h":"Sud","s":"25S-H56S000S-80-S"},{"r":"38","t":"18:43:36","h":"Sud","s":"25N-H56N000I-80-I"},{"r":"38","t":"18:43:36","h":"Sud","s":"25N-H56N100F-80-F1"},{"r":"38","t":"18:43:36","h":"Sud","s":"25N-H56N200F-80-F2"},{"r":"38","t":"18:43:36","h":"Sud","s":"25N-H56N300F-80-F3"},{"r":"38","t":"18:43:36","h":"Sud","s":"25N-H56N400F-80-F4"},{"r":"38","t":"18:43:36","h":"Sud","s":"25N-H56NV10I-80-I"},{"r":"38","t":"18:43:36","h":"Sud","s":"25N-H56NV20I-80-I"},{"r":"38","t":"18:43:36","h":"Sud","s":"25S-H56S000I-80-I"},{"r":"38","t":"18:43:36","h":"Sud","s":"25S-H56S100F-80-F1"},{"r":"38","t":"18:43:36","h":"Sud","s":"25S-H56S200F-81-F2"},{"r":"38","t":"18:47:36","h":"Sud","s":"25N-H56N000A-80-A"},{"r":"38","t":"18:47:36","h":"Sud","s":"25N-H56NV10A-80-A"},{"r":"38","t":"18:47:36","h":"Sud","s":"25N-H56NV20A-80-A"},{"r":"38","t":"18:47:36","h":"Sud","s":"25S-H56S000A-80-A"},{"r":"38","t":"19:10:36","h":"Sud","s":"25N-H56N000S-80-S"},{"r":"38","t":"19:10:36","h":"Sud","s":"25N-H56NV10S-80-S"},{"r":"38","t":"19:10:36","h":"Sud","s":"25N-H56NV20S-80-S"},{"r":"38","t":"19:10:36","h":"Sud","s":"25S-H56S000S-80-S"},{"r":"38","t":"19:11:36","h":"Sud","s":"25N-H56N000I-80-I"},{"r":"38","t":"19:11:36","h":"Sud","s":"25N-H56N100F-80-F1"},{"r":"38","t":"19:11:36","h":"Sud","s":"25N-H56N200F-80-F2"},{"r":"38","t":"19:11:36","h":"Sud","s":"25N-H56N300F-80-F3"},{"r":"38","t":"19:11:36","h":"Sud","s":"25N-H56N400F-80-F4"},{"r":"38","t":"19:11:36","h":"Sud","s":"25N-H56NV10I-80-I"},{"r":"38","t":"19:11:36","h":"Sud","s":"25N-H56NV20I-80-I"},{"r":"38","t":"19:11:36","h":"Sud","s":"25S-H56S000I-80-I"},{"r":"38","t":"19:11:36","h":"Sud","s":"25S-H56S100F-80-F1"},{"r":"38","t":"19:11:36","h":"Sud","s":"25S-H56S200F-81-F2"},{"r":"38","t":"19:17:36","h":"Sud","s":"25N-H56N000A-80-A"},{"r":"38","t":"19:17:36","h":"Sud","s":"25N-H56NV10A-80-A"},{"r":"38","t":"19:17:36","h":"Sud","s":"25N-H56NV20A-80-A"},{"r":"38","t":"19:17:36","h":"Sud","s":"25S-H56S000A-80-A"},{"r":"38","t":"19:38:36","h":"Sud","s":"25N-H56N000S-80-S"},{"r":"38","t":"19:38:36","h":"Sud","s":"25N-H56NV10S-80-S"},{"r":"38","t":"19:38:36","h":"Sud","s":"25N-H56NV20S-80-S"},{"r":"38","t":"19:38:36","h":"Sud","s":"25S-H56S000S-80-S"},{"r":"38","t":"19:39:36","h":"Sud","s":"25N-H56N000I-80-I"},{"r":"38","t":"19:39:36","h":"Sud","s":"25N-H56N100F-80-F1"},{"r":"38","t":"19:39:36","h":"Sud","s":"25N-H56N200F-80-F2"},{"r":"38","t":"19:39:36","h":"Sud","s":"25N-H56N300F-80-F3"},{"r":"38","t":"19:39:36","h":"Sud","s":"25N-H56N400F-80-F4"},{"r":"38","t":"19:39:36","h":"Sud","s":"25N-H56NV10I-80-I"},{"r":"38","t":"19:39:36","h":"Sud","s":"25N-H56NV20I-80-I"},{"r":"38","t":"19:39:36","h":"Sud","s":"25S-H56S000I-80-I"},{"r":"38","t":"19:39:36","h":"Sud","s":"25S-H56S100F-80-F1"},{"r":"38","t":"19:39:36","h":"Sud","s":"25S-H56S200F-81-F2"},{"r":"38","t":"19:45:36","h":"Sud","s":"25N-H56N000A-80-A"},{"r":"38","t":"19:45:36","h":"Sud","s":"25N-H56NV10A-80-A"},{"r":"38","t":"19:45:36","h":"Sud","s":"25N-H56NV20A-80-A"},{"r":"38","t":"19:45:36","h":"Sud","s":"25S-H56S000A-80-A"},{"r":"38","t":"20:05:36","h":"Sud","s":"25N-H56N000S-80-S"},{"r":"38","t":"20:05:36","h":"Sud","s":"25N-H56NV10S-80-S"},{"r":"38","t":"20:05:36","h":"Sud","s":"25N-H56NV20S-80-S"},{"r":"38","t":"20:05:36","h":"Sud","s":"25S-H56S000S-80-S"},{"r":"38","t":"20:11:36","h":"Sud","s":"25N-H56N000I-80-I"},{"r":"38","t":"20:11:36","h":"Sud","s":"25N-H56N100F-80-F1"},{"r":"38","t":"20:11:36","h":"Sud","s":"25N-H56N200F-80-F2"},{"r":"38","t":"20:11:36","h":"Sud","s":"25N-H56N300F-80-F3"},{"r":"38","t":"20:11:36","h":"Sud","s":"25N-H56N400F-80-F4"},{"r":"38","t":"20:11:36","h":"Sud","s":"25N-H56NV10I-80-I"},{"r":"38","t":"20:11:36","h":"Sud","s":"25N-H56NV20I-80-I"},{"r":"38","t":"20:11:36","h":"Sud","s":"25S-H56S000I-80-I"},{"r":"38","t":"20:11:36","h":"Sud","s":"25S-H56S100F-80-F1"},{"r":"38","t":"20:11:36","h":"Sud","s":"25S-H56S200F-81-F2"},{"r":"38","t":"20:14:36","h":"Sud","s":"25N-H56N000A-80-A"},{"r":"38","t":"20:14:36","h":"Sud","s":"25N-H56NV10A-80-A"},{"r":"38","t":"20:14:36","h":"Sud","s":"25N-H56NV20A-80-A"},{"r":"38","t":"20:14:36","h":"Sud","s":"25S-H56S000A-80-A"},{"r":"38","t":"20:37:36","h":"Sud","s":"25N-H56N000S-80-S"},{"r":"38","t":"20:37:36","h":"Sud","s":"25N-H56NV10S-80-S"},{"r":"38","t":"20:37:36","h":"Sud","s":"25N-H56NV20S-80-S"},{"r":"38","t":"20:37:36","h":"Sud","s":"25S-H56S000S-80-S"},{"r":"38","t":"20:41:53","h":"Sud","s":"25N-H56N000I-80-I"},{"r":"38","t":"20:41:53","h":"Sud","s":"25N-H56N100F-80-F1"},{"r":"38","t":"20:41:53","h":"Sud","s":"25N-H56N200F-80-F2"},{"r":"38","t":"20:41:53","h":"Sud","s":"25N-H56N300F-80-F3"},{"r":"38","t":"20:41:53","h":"Sud","s":"25N-H56N400F-80-F4"},{"r":"38","t":"20:41:53","h":"Sud","s":"25N-H56NV10I-80-I"},{"r":"38","t":"20:41:53","h":"Sud","s":"25N-H56NV20I-80-I"},{"r":"38","t":"20:41:53","h":"Sud","s":"25S-H56S000I-80-I"},{"r":"38","t":"20:41:53","h":"Sud","s":"25S-H56S100F-80-F1"},{"r":"38","t":"20:41:53","h":"Sud","s":"25S-H56S200F-81-F2"},{"r":"38","t":"20:43:36","h":"Sud","s":"25N-H56N000A-80-A"},{"r":"38","t":"20:43:36","h":"Sud","s":"25N-H56NV10A-80-A"},{"r":"38","t":"20:43:36","h":"Sud","s":"25N-H56NV20A-80-A"},{"r":"38","t":"20:43:36","h":"Sud","s":"25S-H56S000A-80-A"},{"r":"38","t":"21:09:36","h":"Sud","s":"25N-H56N000S-80-S"},{"r":"38","t":"21:09:36","h":"Sud","s":"25N-H56NV10S-80-S"},{"r":"38","t":"21:09:36","h":"Sud","s":"25N-H56NV20S-80-S"},{"r":"38","t":"21:09:36","h":"Sud","s":"25S-H56S000S-80-S"},{"r":"38","t":"21:11:53","h":"Sud","s":"25N-H56N000I-80-I"},{"r":"38","t":"21:11:53","h":"Sud","s":"25N-H56N100F-80-F1"},{"r":"38","t":"21:11:53","h":"Sud","s":"25N-H56N200F-80-F2"},{"r":"38","t":"21:11:53","h":"Sud","s":"25N-H56N300F-80-F3"},{"r":"38","t":"21:11:53","h":"Sud","s":"25N-H56N400F-80-F4"},{"r":"38","t":"21:11:53","h":"Sud","s":"25N-H56NV10I-80-I"},{"r":"38","t":"21:11:53","h":"Sud","s":"25N-H56NV20I-80-I"},{"r":"38","t":"21:11:53","h":"Sud","s":"25S-H56S000I-80-I"},{"r":"38","t":"21:11:53","h":"Sud","s":"25S-H56S100F-80-F1"},{"r":"38","t":"21:11:53","h":"Sud","s":"25S-H56S200F-81-F2"},{"r":"38","t":"21:12:36","h":"Sud","s":"25N-H56N000A-80-A"},{"r":"38","t":"21:12:36","h":"Sud","s":"25N-H56NV10A-80-A"},{"r":"38","t":"21:12:36","h":"Sud","s":"25N-H56NV20A-80-A"},{"r":"38","t":"21:12:36","h":"Sud","s":"25S-H56S000A-80-A"},{"r":"38","t":"21:41:36","h":"Sud","s":"25N-H56N000S-80-S"},{"r":"38","t":"21:41:36","h":"Sud","s":"25N-H56NV10S-80-S"},{"r":"38","t":"21:41:36","h":"Sud","s":"25N-H56NV20S-80-S"},{"r":"38","t":"21:41:36","h":"Sud","s":"25S-H56S000S-80-S"},{"r":"38","t":"21:41:53","h":"Sud","s":"25N-H56N000I-80-I"},{"r":"38","t":"21:41:53","h":"Sud","s":"25N-H56N100F-80-F1"},{"r":"38","t":"21:41:53","h":"Sud","s":"25N-H56N200F-80-F2"},{"r":"38","t":"21:41:53","h":"Sud","s":"25N-H56N300F-80-F3"},{"r":"38","t":"21:41:53","h":"Sud","s":"25N-H56N400F-80-F4"},{"r":"38","t":"21:41:53","h":"Sud","s":"25N-H56NV10I-80-I"},{"r":"38","t":"21:41:53","h":"Sud","s":"25N-H56NV20I-80-I"},{"r":"38","t":"21:41:53","h":"Sud","s":"25S-H56S000I-80-I"},{"r":"38","t":"21:41:53","h":"Sud","s":"25S-H56S100F-80-F1"},{"r":"38","t":"21:41:53","h":"Sud","s":"25S-H56S200F-81-F2"},{"r":"38","t":"21:43:53","h":"Sud","s":"25N-H56N000A-80-A"},{"r":"38","t":"21:43:53","h":"Sud","s":"25N-H56NV10A-80-A"},{"r":"38","t":"21:43:53","h":"Sud","s":"25N-H56NV20A-80-A"},{"r":"38","t":"21:43:53","h":"Sud","s":"25S-H56S000A-80-A"},{"r":"38","t":"22:11:53","h":"Sud","s":"25N-H56N000I-80-I"},{"r":"38","t":"22:11:53","h":"Sud","s":"25N-H56N100F-80-F1"},{"r":"38","t":"22:11:53","h":"Sud","s":"25N-H56N200F-80-F2"},{"r":"38","t":"22:11:53","h":"Sud","s":"25N-H56N300F-80-F3"},{"r":"38","t":"22:11:53","h":"Sud","s":"25N-H56N400F-80-F4"},{"r":"38","t":"22:11:53","h":"Sud","s":"25N-H56NV10I-80-I"},{"r":"38","t":"22:11:53","h":"Sud","s":"25N-H56NV20I-80-I"},{"r":"38","t":"22:11:53","h":"Sud","s":"25S-H56S000I-80-I"},{"r":"38","t":"22:11:53","h":"Sud","s":"25S-H56S100F-80-F1"},{"r":"38","t":"22:11:53","h":"Sud","s":"25S-H56S200F-81-F2"},{"r":"38","t":"22:12:53","h":"Sud","s":"25N-H56N000A-80-A"},{"r":"38","t":"22:12:53","h":"Sud","s":"25N-H56NV10A-80-A"},{"r":"38","t":"22:12:53","h":"Sud","s":"25N-H56NV20A-80-A"},{"r":"38","t":"22:12:53","h":"Sud","s":"25S-H56S000A-80-A"},{"r":"38","t":"22:14:36","h":"Sud","s":"25N-H56N000S-80-S"},{"r":"38","t":"22:14:36","h":"Sud","s":"25N-H56NV10S-80-S"},{"r":"38","t":"22:14:36","h":"Sud","s":"25N-H56NV20S-80-S"},{"r":"38","t":"22:14:36","h":"Sud","s":"25S-H56S000S-80-S"},{"r":"38","t":"22:41:53","h":"Sud","s":"25N-H56N000I-80-I"},{"r":"38","t":"22:41:53","h":"Sud","s":"25N-H56N100F-80-F1"},{"r":"38","t":"22:41:53","h":"Sud","s":"25N-H56N200F-80-F2"},{"r":"38","t":"22:41:53","h":"Sud","s":"25N-H56N300F-80-F3"},{"r":"38","t":"22:41:53","h":"Sud","s":"25N-H56N400F-80-F4"},{"r":"38","t":"22:41:53","h":"Sud","s":"25N-H56NV10I-80-I"},{"r":"38","t":"22:41:53","h":"Sud","s":"25N-H56NV20I-80-I"},{"r":"38","t":"22:41:53","h":"Sud","s":"25S-H56S000I-80-I"},{"r":"38","t":"22:41:53","h":"Sud","s":"25S-H56S100F-80-F1"},{"r":"38","t":"22:41:53","h":"Sud","s":"25S-H56S200F-81-F2"},{"r":"38","t":"22:42:53","h":"Sud","s":"25N-H56N000A-80-A"},{"r":"38","t":"22:42:53","h":"Sud","s":"25N-H56NV10A-80-A"},{"r":"38","t":"22:42:53","h":"Sud","s":"25N-H56NV20A-80-A"},{"r":"38","t":"22:42:53","h":"Sud","s":"25S-H56S000A-80-A"},{"r":"38","t":"22:45:36","h":"Sud","s":"25N-H56N000S-80-S"},{"r":"38","t":"22:45:36","h":"Sud","s":"25N-H56NV10S-80-S"},{"r":"38","t":"22:45:36","h":"Sud","s":"25N-H56NV20S-80-S"},{"r":"38","t":"22:45:36","h":"Sud","s":"25S-H56S000S-80-S"},{"r":"38","t":"23:11:53","h":"Sud","s":"25N-H56N000I-80-I"},{"r":"38","t":"23:11:53","h":"Sud","s":"25N-H56N100F-80-F1"},{"r":"38","t":"23:11:53","h":"Sud","s":"25N-H56N200F-80-F2"},{"r":"38","t":"23:11:53","h":"Sud","s":"25N-H56N300F-80-F3"},{"r":"38","t":"23:11:53","h":"Sud","s":"25N-H56N400F-80-F4"},{"r":"38","t":"23:11:53","h":"Sud","s":"25N-H56NV10I-80-I"},{"r":"38","t":"23:11:53","h":"Sud","s":"25N-H56NV20I-80-I"},{"r":"38","t":"23:11:53","h":"Sud","s":"25S-H56S000I-80-I"},{"r":"38","t":"23:11:53","h":"Sud","s":"25S-H56S100F-80-F1"},{"r":"38","t":"23:11:53","h":"Sud","s":"25S-H56S200F-81-F2"},{"r":"38","t":"23:12:53","h":"Sud","s":"25N-H56N000A-80-A"},{"r":"38","t":"23:12:53","h":"Sud","s":"25N-H56NV10A-80-A"},{"r":"38","t":"23:12:53","h":"Sud","s":"25N-H56NV20A-80-A"},{"r":"38","t":"23:12:53","h":"Sud","s":"25S-H56S000A-80-A"},{"r":"38","t":"23:16:36","h":"Sud","s":"25N-H56N000S-80-S"},{"r":"38","t":"23:16:36","h":"Sud","s":"25N-H56NV10S-80-S"},{"r":"38","t":"23:16:36","h":"Sud","s":"25N-H56NV20S-80-S"},{"r":"38","t":"23:16:36","h":"Sud","s":"25S-H56S000S-80-S"},{"r":"38","t":"23:41:53","h":"Sud","s":"25N-H56N000A-80-A"},{"r":"38","t":"23:41:53","h":"Sud","s":"25N-H56N000I-80-I"},{"r":"38","t":"23:41:53","h":"Sud","s":"25N-H56N100F-80-F1"},{"r":"38","t":"23:41:53","h":"Sud","s":"25N-H56N200F-80-F2"},{"r":"38","t":"23:41:53","h":"Sud","s":"25N-H56N300F-80-F3"},{"r":"38","t":"23:41:53","h":"Sud","s":"25N-H56N400F-80-F4"},{"r":"38","t":"23:41:53","h":"Sud","s":"25N-H56NV10A-80-A"},{"r":"38","t":"23:41:53","h":"Sud","s":"25N-H56NV10I-80-I"},{"r":"38","t":"23:41:53","h":"Sud","s":"25N-H56NV20A-80-A"},{"r":"38","t":"23:41:53","h":"Sud","s":"25N-H56NV20I-80-I"},{"r":"38","t":"23:41:53","h":"Sud","s":"25S-H56S000A-80-A"},{"r":"38","t":"23:41:53","h":"Sud","s":"25S-H56S000I-80-I"},{"r":"38","t":"23:41:53","h":"Sud","s":"25S-H56S100F-80-F1"},{"r":"38","t":"23:41:53","h":"Sud","s":"25S-H56S200F-81-F2"},{"r":"38","t":"23:46:53","h":"Sud","s":"25N-H56N000S-80-S"},{"r":"38","t":"23:46:53","h":"Sud","s":"25N-H56NV10S-80-S"},{"r":"38","t":"23:46:53","h":"Sud","s":"25N-H56NV20S-80-S"},{"r":"38","t":"23:46:53","h":"Sud","s":"25S-H56S000S-80-S"},{"r":"38","t":"24:11:53","h":"Sud","s":"25N-H56N000A-80-A"},{"r":"38","t":"24:11:53","h":"Sud","s":"25N-H56N000I-80-I"},{"r":"38","t":"24:11:53","h":"Sud","s":"25N-H56N100F-80-F1"},{"r":"38","t":"24:11:53","h":"Sud","s":"25N-H56N200F-80-F2"},{"r":"38","t":"24:11:53","h":"Sud","s":"25N-H56N300F-80-F3"},{"r":"38","t":"24:11:53","h":"Sud","s":"25N-H56N400F-80-F4"},{"r":"38","t":"24:11:53","h":"Sud","s":"25N-H56NV10A-80-A"},{"r":"38","t":"24:11:53","h":"Sud","s":"25N-H56NV10I-80-I"},{"r":"38","t":"24:11:53","h":"Sud","s":"25N-H56NV20A-80-A"},{"r":"38","t":"24:11:53","h":"Sud","s":"25N-H56NV20I-80-I"},{"r":"38","t":"24:11:53","h":"Sud","s":"25S-H56S000A-80-A"},{"r":"38","t":"24:11:53","h":"Sud","s":"25S-H56S000I-80-I"},{"r":"38","t":"24:11:53","h":"Sud","s":"25S-H56S100F-80-F1"},{"r":"38","t":"24:11:53","h":"Sud","s":"25S-H56S200F-81-F2"},{"r":"38","t":"24:15:53","h":"Sud","s":"25N-H56N000S-80-S"},{"r":"38","t":"24:15:53","h":"Sud","s":"25N-H56NV10S-80-S"},{"r":"38","t":"24:15:53","h":"Sud","s":"25N-H56NV20S-80-S"},{"r":"38","t":"24:15:53","h":"Sud","s":"25S-H56S000S-80-S"},{"r":"38","t":"24:41:53","h":"Sud","s":"25N-H56N000A-80-A"},{"r":"38","t":"24:41:53","h":"Sud","s":"25N-H56N000I-80-I"},{"r":"38","t":"24:41:53","h":"Sud","s":"25N-H56N100F-80-F1"},{"r":"38","t":"24:41:53","h":"Sud","s":"25N-H56N200F-80-F2"},{"r":"38","t":"24:41:53","h":"Sud","s":"25N-H56N300F-80-F3"},{"r":"38","t":"24:41:53","h":"Sud","s":"25N-H56N400F-80-F4"},{"r":"38","t":"24:41:53","h":"Sud","s":"25N-H56NV10A-80-A"},{"r":"38","t":"24:41:53","h":"Sud","s":"25N-H56NV10I-80-I"},{"r":"38","t":"24:41:53","h":"Sud","s":"25N-H56NV20A-80-A"},{"r":"38","t":"24:41:53","h":"Sud","s":"25N-H56NV20I-80-I"},{"r":"38","t":"24:41:53","h":"Sud","s":"25S-H56S000A-80-A"},{"r":"38","t":"24:41:53","h":"Sud","s":"25S-H56S000I-80-I"},{"r":"38","t":"24:41:53","h":"Sud","s":"25S-H56S100F-80-F1"},{"r":"38","t":"24:41:53","h":"Sud","s":"25S-H56S200F-81-F2"},{"r":"38","t":"24:43:53","h":"Sud","s":"25N-H56N000S-80-S"},{"r":"38","t":"24:43:53","h":"Sud","s":"25N-H56NV10S-80-S"},{"r":"38","t":"24:43:53","h":"Sud","s":"25N-H56NV20S-80-S"},{"r":"38","t":"24:43:53","h":"Sud","s":"25S-H56S000S-80-S"},{"r":"38","t":"25:11:53","h":"Sud","s":"25N-H56N000A-80-A"},{"r":"38","t":"25:11:53","h":"Sud","s":"25N-H56N000I-80-I"},{"r":"38","t":"25:11:53","h":"Sud","s":"25N-H56N100F-80-F1"},{"r":"38","t":"25:11:53","h":"Sud","s":"25N-H56N200F-80-F2"},{"r":"38","t":"25:11:53","h":"Sud","s":"25N-H56N300F-80-F3"},{"r":"38","t":"25:11:53","h":"Sud","s":"25N-H56N400F-80-F4"},{"r":"38","t":"25:11:53","h":"Sud","s":"25N-H56NV10A-80-A"},{"r":"38","t":"25:11:53","h":"Sud","s":"25N-H56NV10I-80-I"},{"r":"38","t":"25:11:53","h":"Sud","s":"25N-H56NV20A-80-A"},{"r":"38","t":"25:11:53","h":"Sud","s":"25N-H56NV20I-80-I"},{"r":"38","t":"25:11:53","h":"Sud","s":"25S-H56S000A-80-A"},{"r":"38","t":"25:11:53","h":"Sud","s":"25S-H56S000I-80-I"},{"r":"38","t":"25:11:53","h":"Sud","s":"25S-H56S100F-80-F1"},{"r":"38","t":"25:11:53","h":"Sud","s":"25S-H56S200F-81-F2"},{"r":"38","t":"25:12:53","h":"Sud","s":"25N-H56N000S-80-S"},{"r":"38","t":"25:12:53","h":"Sud","s":"25N-H56NV10S-80-S"},{"r":"38","t":"25:12:53","h":"Sud","s":"25N-H56NV20S-80-S"},{"r":"38","t":"25:12:53","h":"Sud","s":"25S-H56S000S-80-S"}]