[{"r":"197","t":"05:03:12","h":"Est","s":"25N-H55N000S-80-S"},{"r":"197","t":"05:03:12","h":"Est","s":"25N-H55N000S-82-S"},{"r":"197","t":"05:03:12","h":"Est","s":"25N-H55NV10S-85-S"},{"r":"197","t":"05:03:12","h":"Est","s":"25N-H55NV20S-81-S"},{"r":"197","t":"05:03:12","h":"Est","s":"25S-H55S000S-82-S"},{"r":"197","t":"05:04:36","h":"Est","s":"25N-H55N000I-80-I"},{"r":"197","t":"05:04:36","h":"Est","s":"25N-H55N100F-80-F1"},{"r":"197","t":"05:04:36","h":"Est","s":"25N-H55N200F-80-F2"},{"r":"197","t":"05:04:36","h":"Est","s":"25N-H55N300F-80-F3"},{"r":"197","t":"05:04:36","h":"Est","s":"25N-H55N400F-80-F4"},{"r":"197","t":"05:04:36","h":"Est","s":"25N-H55NV10I-80-I"},{"r":"197","t":"05:04:36","h":"Est","s":"25N-H55NV20I-80-I"},{"r":"197","t":"05:04:36","h":"Est","s":"25S-H55S000I-80-I"},{"r":"197","t":"05:04:36","h":"Est","s":"25S-H55S100F-80-F1"},{"r":"197","t":"05:04:36","h":"Est","s":"25S-H55S200F-80-F2"},{"r":"197","t":"05:06:12","h":"Est","s":"25N-H55N000A-80-A"},{"r":"197","t":"05:06:12","h":"Est","s":"25N-H55NV10A-80-A"},{"r":"197","t":"05:06:12","h":"Est","s":"25N-H55NV20A-80-A"},{"r":"197","t":"05:06:12","h":"Est","s":"25S-H55S000A-80-A"},{"r":"197","t":"05:34:12","h":"Est","s":"25N-H55N000A-80-A"},{"r":"197","t":"05:34:12","h":"Est","s":"25N-H55NV10A-80-A"},{"r":"197","t":"05:34:12","h":"Est","s":"25N-H55NV20A-80-A"},{"r":"197","t":"05:34:12","h":"Est","s":"25S-H55S000A-80-A"},{"r":"197","t":"05:34:36","h":"Est","s":"25N-H55N000I-80-I"},{"r":"197","t":"05:34:36","h":"Est","s":"25N-H55N100F-80-F1"},{"r":"197","t":"05:34:36","h":"Est","s":"25N-H55N200F-80-F2"},{"r":"197","t":"05:34:36","h":"Est","s":"25N-H55N300F-80-F3"},{"r":"197","t":"05:34:36","h":"Est","s":"25N-H55N400F-80-F4"},{"r":"197","t":"05:34:36","h":"Est","s":"25N-H55NV10I-80-I"},{"r":"197","t":"05:34:36","h":"Est","s":"25N-H55NV20I-80-I"},{"r":"197","t":"05:34:36","h":"Est","s":"25S-H55S000I-80-I"},{"r":"197","t":"05:34:36","h":"Est","s":"25S-H55S100F-80-F1"},{"r":"197","t":"05:34:36","h":"Est","s":"25S-H55S200F-80-F2"},{"r":"197","t":"05:36:12","h":"Est","s":"25N-H55N000S-80-S"},{"r":"197","t":"05:36:12","h":"Est","s":"25N-H55N000S-82-S"},{"r":"197","t":"05:36:12","h":"Est","s":"25N-H55NV10S-85-S"},{"r":"197","t":"05:36:12","h":"Est","s":"25N-H55NV20S-81-S"},{"r":"197","t":"05:36:12","h":"Est","s":"25S-H55S000S-82-S"},{"r":"197","t":"06:05:12","h":"Est","s":"25N-H55N000A-80-A"},{"r":"197","t":"06:05:12","h":"Est","s":"25N-H55NV10A-80-A"},{"r":"197","t":"06:05:12","h":"Est","s":"25N-H55NV20A-80-A"},{"r":"197","t":"06:05:12","h":"Est","s":"25S-H55S000A-80-A"},{"r":"197","t":"06:07:12","h":"Est","s":"25N-H55N000I-80-I"},{"r":"197","t":"06:07:12","h":"Est","s":"25N-H55N000S-80-S"},{"r":"197","t":"06:07:12","h":"Est","s":"25N-H55N000S-82-S"},{"r":"197","t":"06:07:12","h":"Est","s":"25N-H55N100F-80-F1"},{"r":"197","t":"06:07:12","h":"Est","s":"25N-H55N200F-80-F2"},{"r":"197","t":"06:07:12","h":"Est","s":"25N-H55N300F-80-F3"},{"r":"197","t":"06:07:12","h":"Est","s":"25N-H55N400F-80-F4"},{"r":"197","t":"06:07:12","h":"Est","s":"25N-H55NV10I-80-I"},{"r":"197","t":"06:07:12","h":"Est","s":"25N-H55NV10S-85-S"},{"r":"197","t":"06:07:12","h":"Est","s":"25N-H55NV20I-80-I"},{"r":"197","t":"06:07:12","h":"Est","s":"25N-H55NV20S-81-S"},{"r":"197","t":"06:07:12","h":"Est","s":"25S-H55S000I-80-I"},{"r":"197","t":"06:07:12","h":"Est","s":"25S-H55S000S-82-S"},{"r":"197","t":"06:07:12","h":"Est","s":"25S-H55S100F-80-F1"},{"r":"197","t":"06:07:12","h":"Est","s":"25S-H55S200F-80-F2"},{"r":"197","t":"06:37:12","h":"Est","s":"25N-H55N000I-80-I"},{"r":"197","t":"06:37:12","h":"Est","s":"25N-H55N000S-80-S"},{"r":"197","t":"06:37:12","h":"Est","s":"25N-H55N000S-82-S"},{"r":"197","t":"06:37:12","h":"Est","s":"25N-H55N100F-80-F1"},{"r":"197","t":"06:37:12","h":"Est","s":"25N-H55N200F-80-F2"},{"r":"197","t":"06:37:12","h":"Est","s":"25N-H55N300F-80-F3"},{"r":"197","t":"06:37:12","h":"Est","s":"25N-H55N400F-80-F4"},{"r":"197","t":"06:37:12","h":"Est","s":"25N-H55NV10I-80-I"},{"r":"197","t":"06:37:12","h":"Est","s":"25N-H55NV10S-85-S"},{"r":"197","t":"06:37:12","h":"Est","s":"25N-H55NV20I-80-I"},{"r":"197","t":"06:37:12","h":"Est","s":"25N-H55NV20S-81-S"},{"r":"197","t":"06:37:12","h":"Est","s":"25S-H55S000I-80-I"},{"r":"197","t":"06:37:12","h":"Est","s":"25S-H55S000S-82-S"},{"r":"197","t":"06:37:12","h":"Est","s":"25S-H55S100F-80-F1"},{"r":"197","t":"06:37:12","h":"Est","s":"25S-H55S200F-80-F2"},{"r":"197","t":"06:38:12","h":"Est","s":"25N-H55N000A-80-A"},{"r":"197","t":"06:38:12","h":"Est","s":"25N-H55NV10A-80-A"},{"r":"197","t":"06:38:12","h":"Est","s":"25N-H55NV20A-80-A"},{"r":"197","t":"06:38:12","h":"Est","s":"25S-H55S000A-80-A"},{"r":"25","t":"06:43:54","h":"Sud","s":"25N-H57N000S-80-S"},{"r":"25","t":"06:43:54","h":"Sud","s":"25N-H57NV10S-84-S"},{"r":"25","t":"06:43:54","h":"Sud","s":"25N-H57NV20S-80-S"},{"r":"25","t":"06:43:54","h":"Sud","s":"25S-H57S000S-82-S"},{"r":"197","t":"06:56:12","h":"Est","s":"25N-H55N000S-80-S"},{"r":"197","t":"06:56:12","h":"Est","s":"25N-H55N000S-82-S"},{"r":"197","t":"06:56:12","h":"Est","s":"25N-H55NV10S-85-S"},{"r":"197","t":"06:56:12","h":"Est","s":"25N-H55NV20S-81-S"},{"r":"197","t":"06:56:12","h":"Est","s":"25S-H55S000S-82-S"},{"r":"25","t":"07:07:54","h":"Sud","s":"25N-H57N000S-80-S"},{"r":"25","t":"07:07:54","h":"Sud","s":"25N-H57NV10S-84-S"},{"r":"25","t":"07:07:54","h":"Sud","s":"25N-H57NV20S-80-S"},{"r":"25","t":"07:07:54","h":"Sud","s":"25S-H57S000S-82-S"},{"r":"197","t":"07:08:12","h":"Est via de la P\u00e9pini\u00e8re","s":"25N-H55N000S-80-S"},{"r":"197","t":"07:08:12","h":"Est via de la P\u00e9pini\u00e8re","s":"25N-H55N000S-82-S"},{"r":"197","t":"07:08:12","h":"Est via de la P\u00e9pini\u00e8re","s":"25N-H55NV10S-85-S"},{"r":"197","t":"07:08:12","h":"Est via de la P\u00e9pini\u00e8re","s":"25N-H55NV20S-81-S"},{"r":"197","t":"07:08:12","h":"Est via de la P\u00e9pini\u00e8re","s":"25S-H55S000S-82-S"},{"r":"197","t":"07:09:12","h":"Est","s":"25N-H55N000I-80-I"},{"r":"197","t":"07:09:12","h":"Est","s":"25N-H55N100F-80-F1"},{"r":"197","t":"07:09:12","h":"Est","s":"25N-H55N200F-80-F2"},{"r":"197","t":"07:09:12","h":"Est","s":"25N-H55N300F-80-F3"},{"r":"197","t":"07:09:12","h":"Est","s":"25N-H55N400F-80-F4"},{"r":"197","t":"07:09:12","h":"Est","s":"25N-H55NV10I-80-I"},{"r":"197","t":"07:09:12","h":"Est","s":"25N-H55NV20I-80-I"},{"r":"197","t":"07:09:12","h":"Est","s":"25S-H55S000I-80-I"},{"r":"197","t":"07:09:12","h":"Est","s":"25S-H55S100F-80-F1"},{"r":"197","t":"07:09:12","h":"Est","s":"25S-H55S200F-80-F2"},{"r":"197","t":"07:09:49","h":"Est","s":"25N-H55N000A-80-A"},{"r":"197","t":"07:09:49","h":"Est","s":"25N-H55NV10A-80-A"},{"r":"197","t":"07:09:49","h":"Est","s":"25N-H55NV20A-80-A"},{"r":"197","t":"07:09:49","h":"Est","s":"25S-H55S000A-80-A"},{"r":"197","t":"07:20:12","h":"Est via de la P\u00e9pini\u00e8re","s":"25N-H55N000S-80-S"},{"r":"197","t":"07:20:12","h":"Est via de la P\u00e9pini\u00e8re","s":"25N-H55N000S-82-S"},{"r":"197","t":"07:20:12","h":"Est via de la P\u00e9pini\u00e8re","s":"25N-H55NV10S-85-S"},{"r":"197","t":"07:20:12","h":"Est via de la P\u00e9pini\u00e8re","s":"25N-H55NV20S-81-S"},{"r":"197","t":"07:20:12","h":"Est via de la P\u00e9pini\u00e8re","s":"25S-H55S000S-82-S"},{"r":"197","t":"07:28:12","h":"Est via de la P\u00e9pini\u00e8re","s":"25N-H55N000S-80-S"},{"r":"197","t":"07:28:12","h":"Est via de la P\u00e9pini\u00e8re","s":"25N-H55N000S-82-S"},{"r":"197","t":"07:28:12","h":"Est via de la P\u00e9pini\u00e8re","s":"25N-H55NV10S-85-S"},{"r":"197","t":"07:28:12","h":"Est via de la P\u00e9pini\u00e8re","s":"25N-H55NV20S-81-S"},{"r":"197","t":"07:28:12","h":"Est via de la P\u00e9pini\u00e8re","s":"25S-H55S000S-82-S"},{"r":"25","t":"07:32:28","h":"Sud","s":"25N-H57N000S-80-S"},{"r":"25","t":"07:32:28","h":"Sud","s":"25N-H57NV10S-84-S"},{"r":"25","t":"07:32:28","h":"Sud","s":"25N-H57NV20S-80-S"},{"r":"25","t":"07:32:28","h":"Sud","s":"25S-H57S000S-82-S"},{"r":"197","t":"07:39:49","h":"Est","s":"25N-H55N000A-80-A"},{"r":"197","t":"07:39:49","h":"Est","s":"25N-H55NV10A-80-A"},{"r":"197","t":"07:39:49","h":"Est","s":"25N-H55NV20A-80-A"},{"r":"197","t":"07:39:49","h":"Est","s":"25S-H55S000A-80-A"},{"r":"197","t":"07:40:12","h":"Est via de la P\u00e9pini\u00e8re","s":"25N-H55N000S-80-S"},{"r":"197","t":"07:40:12","h":"Est via de la P\u00e9pini\u00e8re","s":"25N-H55N000S-82-S"},{"r":"197","t":"07:40:12","h":"Est via de la P\u00e9pini\u00e8re","s":"25N-H55NV10S-85-S"},{"r":"197","t":"07:40:12","h":"Est via de la P\u00e9pini\u00e8re","s":"25N-H55NV20S-81-S"},{"r":"197","t":"07:40:12","h":"Est via de la P\u00e9pini\u00e8re","s":"25S-H55S000S-82-S"},{"r":"197","t":"07:41:12","h":"Est","s":"25N-H55N000I-80-I"},{"r":"197","t":"07:41:12","h":"Est","s":"25N-H55N100F-80-F1"},{"r":"197","t":"07:41:12","h":"Est","s":"25N-H55N200F-80-F2"},{"r":"197","t":"07:41:12","h":"Est","s":"25N-H55N300F-80-F3"},{"r":"197","t":"07:41:12","h":"Est","s":"25N-H55N400F-80-F4"},{"r":"197","t":"07:41:12","h":"Est","s":"25N-H55NV10I-80-I"},{"r":"197","t":"07:41:12","h":"Est","s":"25N-H55NV20I-80-I"},{"r":"197","t":"07:41:12","h":"Est","s":"25S-H55S000I-80-I"},{"r":"197","t":"07:41:12","h":"Est","s":"25S-H55S100F-80-F1"},{"r":"197","t":"07:41:12","h":"Est","s":"25S-H55S200F-80-F2"},{"r":"197","t":"07:52:12","h":"Est via de la P\u00e9pini\u00e8re","s":"25N-H59N000S-80-S"},{"r":"197","t":"07:52:12","h":"Est via de la P\u00e9pini\u00e8re","s":"25N-H59NV10S-84-S"},{"r":"197","t":"07:52:12","h":"Est via de la P\u00e9pini\u00e8re","s":"25N-H59NV20S-80-S"},{"r":"197","t":"07:52:12","h":"Est via de la P\u00e9pini\u00e8re","s":"25S-H59S000S-81-S"},{"r":"25","t":"07:55:28","h":"Sud","s":"25N-H57N000S-80-S"},{"r":"25","t":"07:55:28","h":"Sud","s":"25N-H57NV10S-84-S"},{"r":"25","t":"07:55:28","h":"Sud","s":"25N-H57NV20S-80-S"},{"r":"25","t":"07:55:28","h":"Sud","s":"25S-H57S000S-82-S"},{"r":"197","t":"08:09:49","h":"Est","s":"25N-H55N000A-80-A"},{"r":"197","t":"08:09:49","h":"Est","s":"25N-H55NV10A-80-A"},{"r":"197","t":"08:09:49","h":"Est","s":"25N-H55NV20A-80-A"},{"r":"197","t":"08:09:49","h":"Est","s":"25S-H55S000A-80-A"},{"r":"197","t":"08:13:12","h":"Est","s":"25N-H55N000I-80-I"},{"r":"197","t":"08:13:12","h":"Est","s":"25N-H55N100F-80-F1"},{"r":"197","t":"08:13:12","h":"Est","s":"25N-H55N200F-80-F2"},{"r":"197","t":"08:13:12","h":"Est","s":"25N-H55N300F-80-F3"},{"r":"197","t":"08:13:12","h":"Est","s":"25N-H55N400F-80-F4"},{"r":"197","t":"08:13:12","h":"Est","s":"25N-H55NV10I-80-I"},{"r":"197","t":"08:13:12","h":"Est","s":"25N-H55NV20I-80-I"},{"r":"197","t":"08:13:12","h":"Est","s":"25S-H55S000I-80-I"},{"r":"197","t":"08:13:12","h":"Est","s":"25S-H55S100F-80-F1"},{"r":"197","t":"08:13:12","h":"Est","s":"25S-H55S200F-80-F2"},{"r":"197","t":"08:14:12","h":"Est via de la P\u00e9pini\u00e8re","s":"25N-H55N000S-80-S"},{"r":"197","t":"08:14:12","h":"Est via de la P\u00e9pini\u00e8re","s":"25N-H55N000S-82-S"},{"r":"197","t":"08:14:12","h":"Est via de la P\u00e9pini\u00e8re","s":"25N-H55NV10S-85-S"},{"r":"197","t":"08:14:12","h":"Est via de la P\u00e9pini\u00e8re","s":"25N-H55NV20S-81-S"},{"r":"197","t":"08:14:12","h":"Est via de la P\u00e9pini\u00e8re","s":"25S-H55S000S-82-S"},{"r":"25","t":"08:16:28","h":"Sud","s":"25N-H57N000S-80-S"},{"r":"25","t":"08:16:28","h":"Sud","s":"25N-H57NV10S-84-S"},{"r":"25","t":"08:16:28","h":"Sud","s":"25N-H57NV20S-80-S"},{"r":"25","t":"08:16:28","h":"Sud","s":"25S-H57S000S-82-S"},{"r":"25","t":"08:36:54","h":"Sud","s":"25N-H57N000S-80-S"},{"r":"25","t":"08:36:54","h":"Sud","s":"25N-H57NV10S-84-S"},{"r":"25","t":"08:36:54","h":"Sud","s":"25N-H57NV20S-80-S"},{"r":"25","t":"08:36:54","h":"Sud","s":"25S-H57S000S-82-S"},{"r":"197","t":"08:39:49","h":"Est","s":"25N-H55N000A-80-A"},{"r":"197","t":"08:39:49","h":"Est","s":"25N-H55NV10A-80-A"},{"r":"197","t":"08:39:49","h":"Est","s":"25N-H55NV20A-80-A"},{"r":"197","t":"08:39:49","h":"Est","s":"25S-H55S000A-80-A"},{"r":"197","t":"08:43:12","h":"Est","s":"25N-H55N000I-80-I"},{"r":"197","t":"08:43:12","h":"Est","s":"25N-H55N100F-80-F1"},{"r":"197","t":"08:43:12","h":"Est","s":"25N-H55N200F-80-F2"},{"r":"197","t":"08:43:12","h":"Est","s":"25N-H55N300F-80-F3"},{"r":"197","t":"08:43:12","h":"Est","s":"25N-H55N400F-80-F4"},{"r":"197","t":"08:43:12","h":"Est","s":"25N-H55NV10I-80-I"},{"r":"197","t":"08:43:12","h":"Est","s":"25N-H55NV20I-80-I"},{"r":"197","t":"08:43:12","h":"Est","s":"25S-H55S000I-80-I"},{"r":"197","t":"08:43:12","h":"Est","s":"25S-H55S100F-80-F1"},{"r":"197","t":"08:43:12","h":"Est","s":"25S-H55S200F-80-F2"},{"r":"197","t":"08:45:12","h":"Est via de la P\u00e9pini\u00e8re","s":"25N-H55N000S-80-S"},{"r":"197","t":"08:45:12","h":"Est via de la P\u00e9pini\u00e8re","s":"25N-H55N000S-82-S"},{"r":"197","t":"08:45:12","h":"Est via de la P\u00e9pini\u00e8re","s":"25N-H55NV10S-85-S"},{"r":"197","t":"08:45:12","h":"Est via de la P\u00e9pini\u00e8re","s":"25N-H55NV20S-81-S"},{"r":"197","t":"08:45:12","h":"Est via de la P\u00e9pini\u00e8re","s":"25S-H55S000S-82-S"},{"r":"25","t":"09:04:21","h":"Sud","s":"25N-H57N000S-80-S"},{"r":"25","t":"09:04:21","h":"Sud","s":"25N-H57NV10S-84-S"},{"r":"25","t":"09:04:21","h":"Sud","s":"25N-H57NV20S-80-S"},{"r":"25","t":"09:04:21","h":"Sud","s":"25S-H57S000S-82-S"},{"r":"197","t":"09:09:49","h":"Est via de la P\u00e9pini\u00e8re","s":"25N-H55N000A-80-A"},{"r":"197","t":"09:09:49","h":"Est via de la P\u00e9pini\u00e8re","s":"25N-H55NV10A-80-A"},{"r":"197","t":"09:09:49","h":"Est via de la P\u00e9pini\u00e8re","s":"25N-H55NV20A-80-A"},{"r":"197","t":"09:09:49","h":"Est via de la P\u00e9pini\u00e8re","s":"25S-H55S000A-80-A"},{"r":"197","t":"09:12:12","h":"Est via de la P\u00e9pini\u00e8re","s":"25N-H55N000I-80-I"},{"r":"197","t":"09:12:12","h":"Est via de la P\u00e9pini\u00e8re","s":"25N-H55N100F-80-F1"},{"r":"197","t":"09:12:12","h":"Est via de la P\u00e9pini\u00e8re","s":"25N-H55N200F-80-F2"},{"r":"197","t":"09:12:12","h":"Est via de la P\u00e9pini\u00e8re","s":"25N-H55N300F-80-F3"},{"r":"197","t":"09:12:12","h":"Est via de la P\u00e9pini\u00e8re","s":"25N-H55N400F-80-F4"},{"r":"197","t":"09:12:12","h":"Est via de la P\u00e9pini\u00e8re","s":"25N-H55NV10I-80-I"},{"r":"197","t":"09:12:12","h":"Est via de la P\u00e9pini\u00e8re","s":"25N-H55NV20I-80-I"},{"r":"197","t":"09:12:12","h":"Est via de la P\u00e9pini\u00e8re","s":"25S-H55S000I-80-I"},{"r":"197","t":"09:12:12","h":"Est via de la P\u00e9pini\u00e8re","s":"25S-H55S100F-80-F1"},{"r":"197","t":"09:12:12","h":"Est via de la P\u00e9pini\u00e8re","s":"25S-H55S200F-80-F2"},{"r":"197","t":"09:17:12","h":"Est via de la P\u00e9pini\u00e8re","s":"25N-H54N000S-80-S"},{"r":"197","t":"09:17:12","h":"Est via de la P\u00e9pini\u00e8re","s":"25N-H54NV10S-82-S"},{"r":"197","t":"09:17:12","h":"Est via de la P\u00e9pini\u00e8re","s":"25N-H54NV20S-80-S"},{"r":"197","t":"09:17:12","h":"Est via de la P\u00e9pini\u00e8re","s":"25S-H54S000S-82-S"},{"r":"25","t":"09:33:54","h":"Sud","s":"25N-H57N000S-80-S"},{"r":"25","t":"09:33:54","h":"Sud","s":"25N-H57NV10S-84-S"},{"r":"25","t":"09:33:54","h":"Sud","s":"25N-H57NV20S-80-S"},{"r":"25","t":"09:33:54","h":"Sud","s":"25S-H57S000S-82-S"},{"r":"197","t":"09:38:49","h":"Est via de la P\u00e9pini\u00e8re","s":"25N-H55N000A-80-A"},{"r":"197","t":"09:38:49","h":"Est via de la P\u00e9pini\u00e8re","s":"25N-H55NV10A-80-A"},{"r":"197","t":"09:38:49","h":"Est via de la P\u00e9pini\u00e8re","s":"25N-H55NV20A-80-A"},{"r":"197","t":"09:38:49","h":"Est via de la P\u00e9pini\u00e8re","s":"25S-H55S000A-80-A"},{"r":"197","t":"09:41:12","h":"Est via de la P\u00e9pini\u00e8re","s":"25N-H55N000I-80-I"},{"r":"197","t":"09:41:12","h":"Est via de la P\u00e9pini\u00e8re","s":"25N-H55N100F-80-F1"},{"r":"197","t":"09:41:12","h":"Est via de la P\u00e9pini\u00e8re","s":"25N-H55N200F-80-F2"},{"r":"197","t":"09:41:12","h":"Est via de la P\u00e9pini\u00e8re","s":"25N-H55N300F-80-F3"},{"r":"197","t":"09:41:12","h":"Est via de la P\u00e9pini\u00e8re","s":"25N-H55N400F-80-F4"},{"r":"197","t":"09:41:12","h":"Est via de la P\u00e9pini\u00e8re","s":"25N-H55NV10I-80-I"},{"r":"197","t":"09:41:12","h":"Est via de la P\u00e9pini\u00e8re","s":"25N-H55NV20I-80-I"},{"r":"197","t":"09:41:12","h":"Est via de la P\u00e9pini\u00e8re","s":"25S-H55S000I-80-I"},{"r":"197","t":"09:41:12","h":"Est via de la P\u00e9pini\u00e8re","s":"25S-H55S100F-80-F1"},{"r":"197","t":"09:41:12","h":"Est via de la P\u00e9pini\u00e8re","s":"25S-H55S200F-80-F2"},{"r":"197","t":"09:47:12","h":"Est via de la P\u00e9pini\u00e8re","s":"25N-H55N000S-80-S"},{"r":"197","t":"09:47:12","h":"Est via de la P\u00e9pini\u00e8re","s":"25N-H55N000S-82-S"},{"r":"197","t":"09:47:12","h":"Est via de la P\u00e9pini\u00e8re","s":"25N-H55NV10S-85-S"},{"r":"197","t":"09:47:12","h":"Est via de la P\u00e9pini\u00e8re","s":"25N-H55NV20S-81-S"},{"r":"197","t":"09:47:12","h":"Est via de la P\u00e9pini\u00e8re","s":"25S-H55S000S-82-S"},{"r":"25","t":"10:02:54","h":"Sud","s":"25N-H57N000S-80-S"},{"r":"25","t":"10:02:54","h":"Sud","s":"25N-H57NV10S-84-S"},{"r":"25","t":"10:02:54","h":"Sud","s":"25N-H57NV20S-80-S"},{"r":"25","t":"10:02:54","h":"Sud","s":"25S-H57S000S-82-S"},{"r":"197","t":"10:08:49","h":"Est via de la P\u00e9pini\u00e8re","s":"25N-H55N000A-80-A"},{"r":"197","t":"10:08:49","h":"Est via de la P\u00e9pini\u00e8re","s":"25N-H55NV10A-80-A"},{"r":"197","t":"10:08:49","h":"Est via de la P\u00e9pini\u00e8re","s":"25N-H55NV20A-80-A"},{"r":"197","t":"10:08:49","h":"Est via de la P\u00e9pini\u00e8re","s":"25S-H55S000A-80-A"},{"r":"197","t":"10:11:12","h":"Est via de la P\u00e9pini\u00e8re","s":"25N-H55N000I-80-I"},{"r":"197","t":"10:11:12","h":"Est via de la P\u00e9pini\u00e8re","s":"25N-H55N100F-80-F1"},{"r":"197","t":"10:11:12","h":"Est via de la P\u00e9pini\u00e8re","s":"25N-H55N200F-80-F2"},{"r":"197","t":"10:11:12","h":"Est via de la P\u00e9pini\u00e8re","s":"25N-H55N300F-80-F3"},{"r":"197","t":"10:11:12","h":"Est via de la P\u00e9pini\u00e8re","s":"25N-H55N400F-80-F4"},{"r":"197","t":"10:11:12","h":"Est via de la P\u00e9pini\u00e8re","s":"25N-H55NV10I-80-I"},{"r":"197","t":"10:11:12","h":"Est via de la P\u00e9pini\u00e8re","s":"25N-H55NV20I-80-I"},{"r":"197","t":"10:11:12","h":"Est via de la P\u00e9pini\u00e8re","s":"25S-H55S000I-80-I"},{"r":"197","t":"10:11:12","h":"Est via de la P\u00e9pini\u00e8re","s":"25S-H55S100F-80-F1"},{"r":"197","t":"10:11:12","h":"Est via de la P\u00e9pini\u00e8re","s":"25S-H55S200F-80-F2"},{"r":"197","t":"10:17:12","h":"Est via de la P\u00e9pini\u00e8re","s":"25N-H55N000S-80-S"},{"r":"197","t":"10:17:12","h":"Est via de la P\u00e9pini\u00e8re","s":"25N-H55N000S-82-S"},{"r":"197","t":"10:17:12","h":"Est via de la P\u00e9pini\u00e8re","s":"25N-H55NV10S-85-S"},{"r":"197","t":"10:17:12","h":"Est via de la P\u00e9pini\u00e8re","s":"25N-H55NV20S-81-S"},{"r":"197","t":"10:17:12","h":"Est via de la P\u00e9pini\u00e8re","s":"25S-H55S000S-82-S"},{"r":"25","t":"10:30:54","h":"Sud","s":"25N-H57N000S-80-S"},{"r":"25","t":"10:30:54","h":"Sud","s":"25N-H57NV10S-84-S"},{"r":"25","t":"10:30:54","h":"Sud","s":"25N-H57NV20S-80-S"},{"r":"25","t":"10:30:54","h":"Sud","s":"25S-H57S000S-82-S"},{"r":"197","t":"10:38:49","h":"Est via de la P\u00e9pini\u00e8re","s":"25N-H55N000A-80-A"},{"r":"197","t":"10:38:49","h":"Est via de la P\u00e9pini\u00e8re","s":"25N-H55NV10A-80-A"},{"r":"197","t":"10:38:49","h":"Est via de la P\u00e9pini\u00e8re","s":"25N-H55NV20A-80-A"},{"r":"197","t":"10:38:49","h":"Est via de la P\u00e9pini\u00e8re","s":"25S-H55S000A-80-A"},{"r":"197","t":"10:40:12","h":"Est via de la P\u00e9pini\u00e8re","s":"25N-H55N000I-80-I"},{"r":"197","t":"10:40:12","h":"Est via de la P\u00e9pini\u00e8re","s":"25N-H55N100F-80-F1"},{"r":"197","t":"10:40:12","h":"Est via de la P\u00e9pini\u00e8re","s":"25N-H55N200F-80-F2"},{"r":"197","t":"10:40:12","h":"Est via de la P\u00e9pini\u00e8re","s":"25N-H55N300F-80-F3"},{"r":"197","t":"10:40:12","h":"Est via de la P\u00e9pini\u00e8re","s":"25N-H55N400F-80-F4"},{"r":"197","t":"10:40:12","h":"Est via de la P\u00e9pini\u00e8re","s":"25N-H55NV10I-80-I"},{"r":"197","t":"10:40:12","h":"Est via de la P\u00e9pini\u00e8re","s":"25N-H55NV20I-80-I"},{"r":"197","t":"10:40:12","h":"Est via de la P\u00e9pini\u00e8re","s":"25S-H55S000I-80-I"},{"r":"197","t":"10:40:12","h":"Est via de la P\u00e9pini\u00e8re","s":"25S-H55S100F-80-F1"},{"r":"197","t":"10:40:12","h":"Est via de la P\u00e9pini\u00e8re","s":"25S-H55S200F-80-F2"},{"r":"197","t":"10:47:12","h":"Est via de la P\u00e9pini\u00e8re","s":"25N-H55N000S-80-S"},{"r":"197","t":"10:47:12","h":"Est via de la P\u00e9pini\u00e8re","s":"25N-H55N000S-82-S"},{"r":"197","t":"10:47:12","h":"Est via de la P\u00e9pini\u00e8re","s":"25N-H55NV10S-85-S"},{"r":"197","t":"10:47:12","h":"Est via de la P\u00e9pini\u00e8re","s":"25N-H55NV20S-81-S"},{"r":"197","t":"10:47:12","h":"Est via de la P\u00e9pini\u00e8re","s":"25S-H55S000S-82-S"},{"r":"25","t":"10:59:54","h":"Sud","s":"25N-H57N000S-80-S"},{"r":"25","t":"10:59:54","h":"Sud","s":"25N-H57NV10S-84-S"},{"r":"25","t":"10:59:54","h":"Sud","s":"25N-H57NV20S-80-S"},{"r":"25","t":"10:59:54","h":"Sud","s":"25S-H57S000S-82-S"},{"r":"197","t":"11:09:12","h":"Est via de la P\u00e9pini\u00e8re","s":"25N-H55N000I-80-I"},{"r":"197","t":"11:09:12","h":"Est via de la P\u00e9pini\u00e8re","s":"25N-H55N100F-80-F1"},{"r":"197","t":"11:09:12","h":"Est via de la P\u00e9pini\u00e8re","s":"25N-H55N200F-80-F2"},{"r":"197","t":"11:09:12","h":"Est via de la P\u00e9pini\u00e8re","s":"25N-H55N300F-80-F3"},{"r":"197","t":"11:09:12","h":"Est via de la P\u00e9pini\u00e8re","s":"25N-H55N400F-80-F4"},{"r":"197","t":"11:09:12","h":"Est via de la P\u00e9pini\u00e8re","s":"25N-H55NV10I-80-I"},{"r":"197","t":"11:09:12","h":"Est via de la P\u00e9pini\u00e8re","s":"25N-H55NV20I-80-I"},{"r":"197","t":"11:09:12","h":"Est via de la P\u00e9pini\u00e8re","s":"25S-H55S000I-80-I"},{"r":"197","t":"11:09:12","h":"Est via de la P\u00e9pini\u00e8re","s":"25S-H55S100F-80-F1"},{"r":"197","t":"11:09:12","h":"Est via de la P\u00e9pini\u00e8re","s":"25S-H55S200F-80-F2"},{"r":"197","t":"11:10:49","h":"Est via de la P\u00e9pini\u00e8re","s":"25N-H55N000A-80-A"},{"r":"197","t":"11:10:49","h":"Est via de la P\u00e9pini\u00e8re","s":"25N-H55NV10A-80-A"},{"r":"197","t":"11:10:49","h":"Est via de la P\u00e9pini\u00e8re","s":"25N-H55NV20A-80-A"},{"r":"197","t":"11:10:49","h":"Est via de la P\u00e9pini\u00e8re","s":"25S-H55S000A-80-A"},{"r":"197","t":"11:19:12","h":"Est via de la P\u00e9pini\u00e8re","s":"25N-H55N000S-80-S"},{"r":"197","t":"11:19:12","h":"Est via de la P\u00e9pini\u00e8re","s":"25N-H55N000S-82-S"},{"r":"197","t":"11:19:12","h":"Est via de la P\u00e9pini\u00e8re","s":"25N-H55NV10S-85-S"},{"r":"197","t":"11:19:12","h":"Est via de la P\u00e9pini\u00e8re","s":"25N-H55NV20S-81-S"},{"r":"197","t":"11:19:12","h":"Est via de la P\u00e9pini\u00e8re","s":"25S-H55S000S-82-S"},{"r":"25","t":"11:28:54","h":"Sud","s":"25N-H57N000S-80-S"},{"r":"25","t":"11:28:54","h":"Sud","s":"25N-H57NV10S-84-S"},{"r":"25","t":"11:28:54","h":"Sud","s":"25N-H57NV20S-80-S"},{"r":"25","t":"11:28:54","h":"Sud","s":"25S-H57S000S-82-S"},{"r":"197","t":"11:38:12","h":"Est via de la P\u00e9pini\u00e8re","s":"25N-H55N000I-80-I"},{"r":"197","t":"11:38:12","h":"Est via de la P\u00e9pini\u00e8re","s":"25N-H55N100F-80-F1"},{"r":"197","t":"11:38:12","h":"Est via de la P\u00e9pini\u00e8re","s":"25N-H55N200F-80-F2"},{"r":"197","t":"11:38:12","h":"Est via de la P\u00e9pini\u00e8re","s":"25N-H55N300F-80-F3"},{"r":"197","t":"11:38:12","h":"Est via de la P\u00e9pini\u00e8re","s":"25N-H55N400F-80-F4"},{"r":"197","t":"11:38:12","h":"Est via de la P\u00e9pini\u00e8re","s":"25N-H55NV10I-80-I"},{"r":"197","t":"11:38:12","h":"Est via de la P\u00e9pini\u00e8re","s":"25N-H55NV20I-80-I"},{"r":"197","t":"11:38:12","h":"Est via de la P\u00e9pini\u00e8re","s":"25S-H55S000I-80-I"},{"r":"197","t":"11:38:12","h":"Est via de la P\u00e9pini\u00e8re","s":"25S-H55S100F-80-F1"},{"r":"197","t":"11:38:12","h":"Est via de la P\u00e9pini\u00e8re","s":"25S-H55S200F-80-F2"},{"r":"197","t":"11:41:49","h":"Est via de la P\u00e9pini\u00e8re","s":"25N-H55N000A-80-A"},{"r":"197","t":"11:41:49","h":"Est via de la P\u00e9pini\u00e8re","s":"25N-H55NV10A-80-A"},{"r":"197","t":"11:41:49","h":"Est via de la P\u00e9pini\u00e8re","s":"25N-H55NV20A-80-A"},{"r":"197","t":"11:41:49","h":"Est via de la P\u00e9pini\u00e8re","s":"25S-H55S000A-80-A"},{"r":"197","t":"11:47:12","h":"Est via de la P\u00e9pini\u00e8re","s":"25N-H55N000S-80-S"},{"r":"197","t":"11:47:12","h":"Est via de la P\u00e9pini\u00e8re","s":"25N-H55N000S-82-S"},{"r":"197","t":"11:47:12","h":"Est via de la P\u00e9pini\u00e8re","s":"25N-H55NV10S-85-S"},{"r":"197","t":"11:47:12","h":"Est via de la P\u00e9pini\u00e8re","s":"25N-H55NV20S-81-S"},{"r":"197","t":"11:47:12","h":"Est via de la P\u00e9pini\u00e8re","s":"25S-H55S000S-82-S"},{"r":"25","t":"11:58:54","h":"Sud","s":"25N-H57N000S-80-S"},{"r":"25","t":"11:58:54","h":"Sud","s":"25N-H57NV10S-84-S"},{"r":"25","t":"11:58:54","h":"Sud","s":"25N-H57NV20S-80-S"},{"r":"25","t":"11:58:54","h":"Sud","s":"25S-H57S000S-82-S"},{"r":"197","t":"12:11:12","h":"Est via de la P\u00e9pini\u00e8re","s":"25N-H55N000I-80-I"},{"r":"197","t":"12:11:12","h":"Est via de la P\u00e9pini\u00e8re","s":"25N-H55N100F-80-F1"},{"r":"197","t":"12:11:12","h":"Est via de la P\u00e9pini\u00e8re","s":"25N-H55N200F-80-F2"},{"r":"197","t":"12:11:12","h":"Est via de la P\u00e9pini\u00e8re","s":"25N-H55N300F-80-F3"},{"r":"197","t":"12:11:12","h":"Est via de la P\u00e9pini\u00e8re","s":"25N-H55N400F-80-F4"},{"r":"197","t":"12:11:12","h":"Est via de la P\u00e9pini\u00e8re","s":"25N-H55NV10I-80-I"},{"r":"197","t":"12:11:12","h":"Est via de la P\u00e9pini\u00e8re","s":"25N-H55NV20I-80-I"},{"r":"197","t":"12:11:12","h":"Est via de la P\u00e9pini\u00e8re","s":"25S-H55S000I-80-I"},{"r":"197","t":"12:11:12","h":"Est via de la P\u00e9pini\u00e8re","s":"25S-H55S100F-80-F1"},{"r":"197","t":"12:11:12","h":"Est via de la P\u00e9pini\u00e8re","s":"25S-H55S200F-80-F2"},{"r":"197","t":"12:11:49","h":"Est via de la P\u00e9pini\u00e8re","s":"25N-H55N000A-80-A"},{"r":"197","t":"12:11:49","h":"Est via de la P\u00e9pini\u00e8re","s":"25N-H55NV10A-80-A"},{"r":"197","t":"12:11:49","h":"Est via de la P\u00e9pini\u00e8re","s":"25N-H55NV20A-80-A"},{"r":"197","t":"12:11:49","h":"Est via de la P\u00e9pini\u00e8re","s":"25S-H55S000A-80-A"},{"r":"197","t":"12:15:12","h":"Est via de la P\u00e9pini\u00e8re","s":"25N-H55N000S-80-S"},{"r":"197","t":"12:15:12","h":"Est via de la P\u00e9pini\u00e8re","s":"25N-H55N000S-82-S"},{"r":"197","t":"12:15:12","h":"Est via de la P\u00e9pini\u00e8re","s":"25N-H55NV10S-85-S"},{"r":"197","t":"12:15:12","h":"Est via de la P\u00e9pini\u00e8re","s":"25N-H55NV20S-81-S"},{"r":"197","t":"12:15:12","h":"Est via de la P\u00e9pini\u00e8re","s":"25S-H55S000S-82-S"},{"r":"25","t":"12:28:54","h":"Sud","s":"25N-H57N000S-80-S"},{"r":"25","t":"12:28:54","h":"Sud","s":"25N-H57NV10S-84-S"},{"r":"25","t":"12:28:54","h":"Sud","s":"25N-H57NV20S-80-S"},{"r":"25","t":"12:28:54","h":"Sud","s":"25S-H57S000S-82-S"},{"r":"197","t":"12:39:12","h":"Est via de la P\u00e9pini\u00e8re","s":"25N-H55N000S-80-S"},{"r":"197","t":"12:39:12","h":"Est via de la P\u00e9pini\u00e8re","s":"25N-H55N000S-82-S"},{"r":"197","t":"12:39:12","h":"Est via de la P\u00e9pini\u00e8re","s":"25N-H55NV10S-85-S"},{"r":"197","t":"12:39:12","h":"Est via de la P\u00e9pini\u00e8re","s":"25N-H55NV20S-81-S"},{"r":"197","t":"12:39:12","h":"Est via de la P\u00e9pini\u00e8re","s":"25S-H55S000S-82-S"},{"r":"197","t":"12:41:49","h":"Est via de la P\u00e9pini\u00e8re","s":"25N-H55N000A-80-A"},{"r":"197","t":"12:41:49","h":"Est via de la P\u00e9pini\u00e8re","s":"25N-H55NV10A-80-A"},{"r":"197","t":"12:41:49","h":"Est via de la P\u00e9pini\u00e8re","s":"25N-H55NV20A-80-A"},{"r":"197","t":"12:41:49","h":"Est via de la P\u00e9pini\u00e8re","s":"25S-H55S000A-80-A"},{"r":"197","t":"12:44:12","h":"Est via de la P\u00e9pini\u00e8re","s":"25N-H55N000I-80-I"},{"r":"197","t":"12:44:12","h":"Est via de la P\u00e9pini\u00e8re","s":"25N-H55N100F-80-F1"},{"r":"197","t":"12:44:12","h":"Est via de la P\u00e9pini\u00e8re","s":"25N-H55N200F-80-F2"},{"r":"197","t":"12:44:12","h":"Est via de la P\u00e9pini\u00e8re","s":"25N-H55N300F-80-F3"},{"r":"197","t":"12:44:12","h":"Est via de la P\u00e9pini\u00e8re","s":"25N-H55N400F-80-F4"},{"r":"197","t":"12:44:12","h":"Est via de la P\u00e9pini\u00e8re","s":"25N-H55NV10I-80-I"},{"r":"197","t":"12:44:12","h":"Est via de la P\u00e9pini\u00e8re","s":"25N-H55NV20I-80-I"},{"r":"197","t":"12:44:12","h":"Est via de la P\u00e9pini\u00e8re","s":"25S-H55S000I-80-I"},{"r":"197","t":"12:44:12","h":"Est via de la P\u00e9pini\u00e8re","s":"25S-H55S100F-80-F1"},{"r":"197","t":"12:44:12","h":"Est via de la P\u00e9pini\u00e8re","s":"25S-H55S200F-80-F2"},{"r":"25","t":"12:58:54","h":"Sud","s":"25N-H57N000S-80-S"},{"r":"25","t":"12:58:54","h":"Sud","s":"25N-H57NV10S-84-S"},{"r":"25","t":"12:58:54","h":"Sud","s":"25N-H57NV20S-80-S"},{"r":"25","t":"12:58:54","h":"Sud","s":"25S-H57S000S-82-S"},{"r":"197","t":"13:03:12","h":"Est via de la P\u00e9pini\u00e8re","s":"25N-H55N000S-80-S"},{"r":"197","t":"13:03:12","h":"Est via de la P\u00e9pini\u00e8re","s":"25N-H55N000S-82-S"},{"r":"197","t":"13:03:12","h":"Est via de la P\u00e9pini\u00e8re","s":"25N-H55NV10S-85-S"},{"r":"197","t":"13:03:12","h":"Est via de la P\u00e9pini\u00e8re","s":"25N-H55NV20S-81-S"},{"r":"197","t":"13:03:12","h":"Est via de la P\u00e9pini\u00e8re","s":"25S-H55S000S-82-S"},{"r":"197","t":"13:11:49","h":"Est via de la P\u00e9pini\u00e8re","s":"25N-H55N000A-80-A"},{"r":"197","t":"13:11:49","h":"Est via de la P\u00e9pini\u00e8re","s":"25N-H55NV10A-80-A"},{"r":"197","t":"13:11:49","h":"Est via de la P\u00e9pini\u00e8re","s":"25N-H55NV20A-80-A"},{"r":"197","t":"13:11:49","h":"Est via de la P\u00e9pini\u00e8re","s":"25S-H55S000A-80-A"},{"r":"197","t":"13:16:12","h":"Est via de la P\u00e9pini\u00e8re","s":"25N-H55N000I-80-I"},{"r":"197","t":"13:16:12","h":"Est via de la P\u00e9pini\u00e8re","s":"25N-H55N100F-80-F1"},{"r":"197","t":"13:16:12","h":"Est via de la P\u00e9pini\u00e8re","s":"25N-H55N200F-80-F2"},{"r":"197","t":"13:16:12","h":"Est via de la P\u00e9pini\u00e8re","s":"25N-H55N300F-80-F3"},{"r":"197","t":"13:16:12","h":"Est via de la P\u00e9pini\u00e8re","s":"25N-H55N400F-80-F4"},{"r":"197","t":"13:16:12","h":"Est via de la P\u00e9pini\u00e8re","s":"25N-H55NV10I-80-I"},{"r":"197","t":"13:16:12","h":"Est via de la P\u00e9pini\u00e8re","s":"25N-H55NV20I-80-I"},{"r":"197","t":"13:16:12","h":"Est via de la P\u00e9pini\u00e8re","s":"25S-H55S000I-80-I"},{"r":"197","t":"13:16:12","h":"Est via de la P\u00e9pini\u00e8re","s":"25S-H55S100F-80-F1"},{"r":"197","t":"13:16:12","h":"Est via de la P\u00e9pini\u00e8re","s":"25S-H55S200F-80-F2"},{"r":"197","t":"13:25:12","h":"Est via de la P\u00e9pini\u00e8re","s":"25N-H55N000S-80-S"},{"r":"197","t":"13:25:12","h":"Est via de la P\u00e9pini\u00e8re","s":"25N-H55N000S-82-S"},{"r":"197","t":"13:25:12","h":"Est via de la P\u00e9pini\u00e8re","s":"25N-H55NV10S-85-S"},{"r":"197","t":"13:25:12","h":"Est via de la P\u00e9pini\u00e8re","s":"25N-H55NV20S-81-S"},{"r":"197","t":"13:25:12","h":"Est via de la P\u00e9pini\u00e8re","s":"25S-H55S000S-82-S"},{"r":"25","t":"13:28:54","h":"Sud","s":"25N-H57N000S-80-S"},{"r":"25","t":"13:28:54","h":"Sud","s":"25N-H57NV10S-84-S"},{"r":"25","t":"13:28:54","h":"Sud","s":"25N-H57NV20S-80-S"},{"r":"25","t":"13:28:54","h":"Sud","s":"25S-H57S000S-82-S"},{"r":"197","t":"13:40:49","h":"Est via de la P\u00e9pini\u00e8re","s":"25N-H55N000A-80-A"},{"r":"197","t":"13:40:49","h":"Est via de la P\u00e9pini\u00e8re","s":"25N-H55NV10A-80-A"},{"r":"197","t":"13:40:49","h":"Est via de la P\u00e9pini\u00e8re","s":"25N-H55NV20A-80-A"},{"r":"197","t":"13:40:49","h":"Est via de la P\u00e9pini\u00e8re","s":"25S-H55S000A-80-A"},{"r":"197","t":"13:47:12","h":"Est via de la P\u00e9pini\u00e8re","s":"25N-H55N000I-80-I"},{"r":"197","t":"13:47:12","h":"Est via de la P\u00e9pini\u00e8re","s":"25N-H55N000S-80-S"},{"r":"197","t":"13:47:12","h":"Est via de la P\u00e9pini\u00e8re","s":"25N-H55N000S-82-S"},{"r":"197","t":"13:47:12","h":"Est via de la P\u00e9pini\u00e8re","s":"25N-H55N100F-80-F1"},{"r":"197","t":"13:47:12","h":"Est via de la P\u00e9pini\u00e8re","s":"25N-H55N200F-80-F2"},{"r":"197","t":"13:47:12","h":"Est via de la P\u00e9pini\u00e8re","s":"25N-H55N300F-80-F3"},{"r":"197","t":"13:47:12","h":"Est via de la P\u00e9pini\u00e8re","s":"25N-H55N400F-80-F4"},{"r":"197","t":"13:47:12","h":"Est via de la P\u00e9pini\u00e8re","s":"25N-H55NV10I-80-I"},{"r":"197","t":"13:47:12","h":"Est via de la P\u00e9pini\u00e8re","s":"25N-H55NV10S-85-S"},{"r":"197","t":"13:47:12","h":"Est via de la P\u00e9pini\u00e8re","s":"25N-H55NV20I-80-I"},{"r":"197","t":"13:47:12","h":"Est via de la P\u00e9pini\u00e8re","s":"25N-H55NV20S-81-S"},{"r":"197","t":"13:47:12","h":"Est via de la P\u00e9pini\u00e8re","s":"25S-H55S000I-80-I"},{"r":"197","t":"13:47:12","h":"Est via de la P\u00e9pini\u00e8re","s":"25S-H55S000S-82-S"},{"r":"197","t":"13:47:12","h":"Est via de la P\u00e9pini\u00e8re","s":"25S-H55S100F-80-F1"},{"r":"197","t":"13:47:12","h":"Est via de la P\u00e9pini\u00e8re","s":"25S-H55S200F-80-F2"},{"r":"25","t":"13:58:54","h":"Sud","s":"25N-H57N000S-80-S"},{"r":"25","t":"13:58:54","h":"Sud","s":"25N-H57NV10S-84-S"},{"r":"25","t":"13:58:54","h":"Sud","s":"25N-H57NV20S-80-S"},{"r":"25","t":"13:58:54","h":"Sud","s":"25S-H57S000S-82-S"},{"r":"197","t":"14:09:12","h":"Est via de la P\u00e9pini\u00e8re","s":"25N-H55N000S-80-S"},{"r":"197","t":"14:09:12","h":"Est via de la P\u00e9pini\u00e8re","s":"25N-H55N000S-82-S"},{"r":"197","t":"14:09:12","h":"Est via de la P\u00e9pini\u00e8re","s":"25N-H55NV10S-85-S"},{"r":"197","t":"14:09:12","h":"Est via de la P\u00e9pini\u00e8re","s":"25N-H55NV20S-81-S"},{"r":"197","t":"14:09:12","h":"Est via de la P\u00e9pini\u00e8re","s":"25S-H55S000S-82-S"},{"r":"197","t":"14:09:49","h":"Est via de la P\u00e9pini\u00e8re","s":"25N-H55N000A-80-A"},{"r":"197","t":"14:09:49","h":"Est via de la P\u00e9pini\u00e8re","s":"25N-H55NV10A-80-A"},{"r":"197","t":"14:09:49","h":"Est via de la P\u00e9pini\u00e8re","s":"25N-H55NV20A-80-A"},{"r":"197","t":"14:09:49","h":"Est via de la P\u00e9pini\u00e8re","s":"25S-H55S000A-80-A"},{"r":"197","t":"14:16:12","h":"Est via de la P\u00e9pini\u00e8re","s":"25N-H55N000I-80-I"},{"r":"197","t":"14:16:12","h":"Est via de la P\u00e9pini\u00e8re","s":"25N-H55N100F-80-F1"},{"r":"197","t":"14:16:12","h":"Est via de la P\u00e9pini\u00e8re","s":"25N-H55N200F-80-F2"},{"r":"197","t":"14:16:12","h":"Est via de la P\u00e9pini\u00e8re","s":"25N-H55N300F-80-F3"},{"r":"197","t":"14:16:12","h":"Est via de la P\u00e9pini\u00e8re","s":"25N-H55N400F-80-F4"},{"r":"197","t":"14:16:12","h":"Est via de la P\u00e9pini\u00e8re","s":"25N-H55NV10I-80-I"},{"r":"197","t":"14:16:12","h":"Est via de la P\u00e9pini\u00e8re","s":"25N-H55NV20I-80-I"},{"r":"197","t":"14:16:12","h":"Est via de la P\u00e9pini\u00e8re","s":"25S-H55S000I-80-I"},{"r":"197","t":"14:16:12","h":"Est via de la P\u00e9pini\u00e8re","s":"25S-H55S100F-80-F1"},{"r":"197","t":"14:16:12","h":"Est via de la P\u00e9pini\u00e8re","s":"25S-H55S200F-80-F2"},{"r":"197","t":"14:24:12","h":"Est via de la P\u00e9pini\u00e8re","s":"25N-H55N000S-80-S"},{"r":"197","t":"14:24:12","h":"Est via de la P\u00e9pini\u00e8re","s":"25N-H55N000S-82-S"},{"r":"197","t":"14:24:12","h":"Est via de la P\u00e9pini\u00e8re","s":"25N-H55NV10S-85-S"},{"r":"197","t":"14:24:12","h":"Est via de la P\u00e9pini\u00e8re","s":"25N-H55NV20S-81-S"},{"r":"197","t":"14:24:12","h":"Est via de la P\u00e9pini\u00e8re","s":"25S-H55S000S-82-S"},{"r":"25","t":"14:29:54","h":"Sud","s":"25N-H57N000S-80-S"},{"r":"25","t":"14:29:54","h":"Sud","s":"25N-H57NV10S-84-S"},{"r":"25","t":"14:29:54","h":"Sud","s":"25N-H57NV20S-80-S"},{"r":"25","t":"14:29:54","h":"Sud","s":"25S-H57S000S-82-S"},{"r":"197","t":"14:38:49","h":"Est via de la P\u00e9pini\u00e8re","s":"25N-H55N000A-80-A"},{"r":"197","t":"14:38:49","h":"Est via de la P\u00e9pini\u00e8re","s":"25N-H55NV10A-80-A"},{"r":"197","t":"14:38:49","h":"Est via de la P\u00e9pini\u00e8re","s":"25N-H55NV20A-80-A"},{"r":"197","t":"14:38:49","h":"Est via de la P\u00e9pini\u00e8re","s":"25S-H55S000A-80-A"},{"r":"197","t":"14:39:12","h":"Est via de la P\u00e9pini\u00e8re","s":"25N-H55N000S-80-S"},{"r":"197","t":"14:39:12","h":"Est via de la P\u00e9pini\u00e8re","s":"25N-H55N000S-82-S"},{"r":"197","t":"14:39:12","h":"Est via de la P\u00e9pini\u00e8re","s":"25N-H55NV10S-85-S"},{"r":"197","t":"14:39:12","h":"Est via de la P\u00e9pini\u00e8re","s":"25N-H55NV20S-81-S"},{"r":"197","t":"14:39:12","h":"Est via de la P\u00e9pini\u00e8re","s":"25S-H55S000S-82-S"},{"r":"197","t":"14:44:12","h":"Est via de la P\u00e9pini\u00e8re","s":"25N-H55N000I-80-I"},{"r":"197","t":"14:44:12","h":"Est via de la P\u00e9pini\u00e8re","s":"25N-H55N100F-80-F1"},{"r":"197","t":"14:44:12","h":"Est via de la P\u00e9pini\u00e8re","s":"25N-H55N200F-80-F2"},{"r":"197","t":"14:44:12","h":"Est via de la P\u00e9pini\u00e8re","s":"25N-H55N300F-80-F3"},{"r":"197","t":"14:44:12","h":"Est via de la P\u00e9pini\u00e8re","s":"25N-H55N400F-80-F4"},{"r":"197","t":"14:44:12","h":"Est via de la P\u00e9pini\u00e8re","s":"25N-H55NV10I-80-I"},{"r":"197","t":"14:44:12","h":"Est via de la P\u00e9pini\u00e8re","s":"25N-H55NV20I-80-I"},{"r":"197","t":"14:44:12","h":"Est via de la P\u00e9pini\u00e8re","s":"25S-H55S000I-80-I"},{"r":"197","t":"14:44:12","h":"Est via de la P\u00e9pini\u00e8re","s":"25S-H55S100F-80-F1"},{"r":"197","t":"14:44:12","h":"Est via de la P\u00e9pini\u00e8re","s":"25S-H55S200F-80-F2"},{"r":"197","t":"14:51:12","h":"Est via de la P\u00e9pini\u00e8re","s":"25N-H55N000S-80-S"},{"r":"197","t":"14:51:12","h":"Est via de la P\u00e9pini\u00e8re","s":"25N-H55N000S-82-S"},{"r":"197","t":"14:51:12","h":"Est via de la P\u00e9pini\u00e8re","s":"25N-H55NV10S-85-S"},{"r":"197","t":"14:51:12","h":"Est via de la P\u00e9pini\u00e8re","s":"25N-H55NV20S-81-S"},{"r":"197","t":"14:51:12","h":"Est via de la P\u00e9pini\u00e8re","s":"25S-H55S000S-82-S"},{"r":"25","t":"15:02:01","h":"Sud","s":"25N-H57N000S-80-S"},{"r":"25","t":"15:02:01","h":"Sud","s":"25N-H57NV10S-84-S"},{"r":"25","t":"15:02:01","h":"Sud","s":"25N-H57NV20S-80-S"},{"r":"25","t":"15:02:01","h":"Sud","s":"25S-H57S000S-82-S"},{"r":"197","t":"15:04:12","h":"Est via de la P\u00e9pini\u00e8re","s":"25N-H55N000S-80-S"},{"r":"197","t":"15:04:12","h":"Est via de la P\u00e9pini\u00e8re","s":"25N-H55N000S-82-S"},{"r":"197","t":"15:04:12","h":"Est via de la P\u00e9pini\u00e8re","s":"25N-H55NV10S-85-S"},{"r":"197","t":"15:04:12","h":"Est via de la P\u00e9pini\u00e8re","s":"25N-H55NV20S-81-S"},{"r":"197","t":"15:04:12","h":"Est via de la P\u00e9pini\u00e8re","s":"25S-H55S000S-82-S"},{"r":"197","t":"15:08:49","h":"Est via de la P\u00e9pini\u00e8re","s":"25N-H55N000A-80-A"},{"r":"197","t":"15:08:49","h":"Est via de la P\u00e9pini\u00e8re","s":"25N-H55NV10A-80-A"},{"r":"197","t":"15:08:49","h":"Est via de la P\u00e9pini\u00e8re","s":"25N-H55NV20A-80-A"},{"r":"197","t":"15:08:49","h":"Est via de la P\u00e9pini\u00e8re","s":"25S-H55S000A-80-A"},{"r":"197","t":"15:12:12","h":"Est via de la P\u00e9pini\u00e8re","s":"25N-H55N000I-80-I"},{"r":"197","t":"15:12:12","h":"Est via de la P\u00e9pini\u00e8re","s":"25N-H55N100F-80-F1"},{"r":"197","t":"15:12:12","h":"Est via de la P\u00e9pini\u00e8re","s":"25N-H55N200F-80-F2"},{"r":"197","t":"15:12:12","h":"Est via de la P\u00e9pini\u00e8re","s":"25N-H55N300F-80-F3"},{"r":"197","t":"15:12:12","h":"Est via de la P\u00e9pini\u00e8re","s":"25N-H55N400F-80-F4"},{"r":"197","t":"15:12:12","h":"Est via de la P\u00e9pini\u00e8re","s":"25N-H55NV10I-80-I"},{"r":"197","t":"15:12:12","h":"Est via de la P\u00e9pini\u00e8re","s":"25N-H55NV20I-80-I"},{"r":"197","t":"15:12:12","h":"Est via de la P\u00e9pini\u00e8re","s":"25S-H55S000I-80-I"},{"r":"197","t":"15:12:12","h":"Est via de la P\u00e9pini\u00e8re","s":"25S-H55S100F-80-F1"},{"r":"197","t":"15:12:12","h":"Est via de la P\u00e9pini\u00e8re","s":"25S-H55S200F-80-F2"},{"r":"197","t":"15:14:12","h":"Est via de la P\u00e9pini\u00e8re","s":"25N-H55N000S-80-S"},{"r":"197","t":"15:14:12","h":"Est via de la P\u00e9pini\u00e8re","s":"25N-H55N000S-82-S"},{"r":"197","t":"15:14:12","h":"Est via de la P\u00e9pini\u00e8re","s":"25N-H55NV10S-85-S"},{"r":"197","t":"15:14:12","h":"Est via de la P\u00e9pini\u00e8re","s":"25N-H55NV20S-81-S"},{"r":"197","t":"15:14:12","h":"Est via de la P\u00e9pini\u00e8re","s":"25S-H55S000S-82-S"},{"r":"197","t":"15:25:12","h":"Est via de la P\u00e9pini\u00e8re","s":"25N-H55N000S-80-S"},{"r":"197","t":"15:25:12","h":"Est via de la P\u00e9pini\u00e8re","s":"25N-H55N000S-82-S"},{"r":"197","t":"15:25:12","h":"Est via de la P\u00e9pini\u00e8re","s":"25N-H55NV10S-85-S"},{"r":"197","t":"15:25:12","h":"Est via de la P\u00e9pini\u00e8re","s":"25N-H55NV20S-81-S"},{"r":"197","t":"15:25:12","h":"Est via de la P\u00e9pini\u00e8re","s":"25S-H55S000S-82-S"},{"r":"197","t":"15:30:49","h":"Est via de la P\u00e9pini\u00e8re","s":"25N-H55N000A-80-A"},{"r":"197","t":"15:30:49","h":"Est via de la P\u00e9pini\u00e8re","s":"25N-H55NV10A-80-A"},{"r":"197","t":"15:30:49","h":"Est via de la P\u00e9pini\u00e8re","s":"25N-H55NV20A-80-A"},{"r":"197","t":"15:30:49","h":"Est via de la P\u00e9pini\u00e8re","s":"25S-H55S000A-80-A"},{"r":"25","t":"15:34:01","h":"Sud","s":"25N-H57N000S-80-S"},{"r":"25","t":"15:34:01","h":"Sud","s":"25N-H57NV10S-84-S"},{"r":"25","t":"15:34:01","h":"Sud","s":"25N-H57NV20S-80-S"},{"r":"25","t":"15:34:01","h":"Sud","s":"25S-H57S000S-82-S"},{"r":"197","t":"15:35:12","h":"Est via de la P\u00e9pini\u00e8re","s":"25N-H55N000S-80-S"},{"r":"197","t":"15:35:12","h":"Est via de la P\u00e9pini\u00e8re","s":"25N-H55N000S-82-S"},{"r":"197","t":"15:35:12","h":"Est via de la P\u00e9pini\u00e8re","s":"25N-H55NV10S-85-S"},{"r":"197","t":"15:35:12","h":"Est via de la P\u00e9pini\u00e8re","s":"25N-H55NV20S-81-S"},{"r":"197","t":"15:35:12","h":"Est via de la P\u00e9pini\u00e8re","s":"25S-H55S000S-82-S"},{"r":"197","t":"15:39:12","h":"Est via de la P\u00e9pini\u00e8re","s":"25N-H55N000I-80-I"},{"r":"197","t":"15:39:12","h":"Est via de la P\u00e9pini\u00e8re","s":"25N-H55N100F-80-F1"},{"r":"197","t":"15:39:12","h":"Est via de la P\u00e9pini\u00e8re","s":"25N-H55N200F-80-F2"},{"r":"197","t":"15:39:12","h":"Est via de la P\u00e9pini\u00e8re","s":"25N-H55N300F-80-F3"},{"r":"197","t":"15:39:12","h":"Est via de la P\u00e9pini\u00e8re","s":"25N-H55N400F-80-F4"},{"r":"197","t":"15:39:12","h":"Est via de la P\u00e9pini\u00e8re","s":"25N-H55NV10I-80-I"},{"r":"197","t":"15:39:12","h":"Est via de la P\u00e9pini\u00e8re","s":"25N-H55NV20I-80-I"},{"r":"197","t":"15:39:12","h":"Est via de la P\u00e9pini\u00e8re","s":"25S-H55S000I-80-I"},{"r":"197","t":"15:39:12","h":"Est via de la P\u00e9pini\u00e8re","s":"25S-H55S100F-80-F1"},{"r":"197","t":"15:39:12","h":"Est via de la P\u00e9pini\u00e8re","s":"25S-H55S200F-80-F2"},{"r":"197","t":"15:43:12","h":"Est","s":"25N-H59N000S-80-S"},{"r":"197","t":"15:43:12","h":"Est","s":"25N-H59NV10S-84-S"},{"r":"197","t":"15:43:12","h":"Est","s":"25N-H59NV20S-80-S"},{"r":"197","t":"15:43:12","h":"Est","s":"25S-H59S000S-81-S"},{"r":"197","t":"15:50:12","h":"Est","s":"25N-H55N000S-80-S"},{"r":"197","t":"15:50:12","h":"Est","s":"25N-H55N000S-82-S"},{"r":"197","t":"15:50:12","h":"Est","s":"25N-H55NV10S-85-S"},{"r":"197","t":"15:50:12","h":"Est","s":"25N-H55NV20S-81-S"},{"r":"197","t":"15:50:12","h":"Est","s":"25S-H55S000S-82-S"},{"r":"197","t":"15:52:49","h":"Est via de la P\u00e9pini\u00e8re","s":"25N-H55N000A-80-A"},{"r":"197","t":"15:52:49","h":"Est via de la P\u00e9pini\u00e8re","s":"25N-H55NV10A-80-A"},{"r":"197","t":"15:52:49","h":"Est via de la P\u00e9pini\u00e8re","s":"25N-H55NV20A-80-A"},{"r":"197","t":"15:52:49","h":"Est via de la P\u00e9pini\u00e8re","s":"25S-H55S000A-80-A"},{"r":"25","t":"15:56:01","h":"Sud","s":"25N-H57N000S-80-S"},{"r":"25","t":"15:56:01","h":"Sud","s":"25N-H57NV10S-84-S"},{"r":"25","t":"15:56:01","h":"Sud","s":"25N-H57NV20S-80-S"},{"r":"25","t":"15:56:01","h":"Sud","s":"25S-H57S000S-82-S"},{"r":"197","t":"15:58:12","h":"Est","s":"25N-H55N000S-80-S"},{"r":"197","t":"15:58:12","h":"Est","s":"25N-H55N000S-82-S"},{"r":"197","t":"15:58:12","h":"Est","s":"25N-H55NV10S-85-S"},{"r":"197","t":"15:58:12","h":"Est","s":"25N-H55NV20S-81-S"},{"r":"197","t":"15:58:12","h":"Est","s":"25S-H55S000S-82-S"},{"r":"197","t":"16:05:12","h":"Est","s":"25N-H55N000S-80-S"},{"r":"197","t":"16:05:12","h":"Est","s":"25N-H55N000S-82-S"},{"r":"197","t":"16:05:12","h":"Est","s":"25N-H55NV10S-85-S"},{"r":"197","t":"16:05:12","h":"Est","s":"25N-H55NV20S-81-S"},{"r":"197","t":"16:05:12","h":"Est","s":"25S-H55S000S-82-S"},{"r":"197","t":"16:07:12","h":"Est via de la P\u00e9pini\u00e8re","s":"25N-H55N000I-80-I"},{"r":"197","t":"16:07:12","h":"Est via de la P\u00e9pini\u00e8re","s":"25N-H55N100F-80-F1"},{"r":"197","t":"16:07:12","h":"Est via de la P\u00e9pini\u00e8re","s":"25N-H55N200F-80-F2"},{"r":"197","t":"16:07:12","h":"Est via de la P\u00e9pini\u00e8re","s":"25N-H55N300F-80-F3"},{"r":"197","t":"16:07:12","h":"Est via de la P\u00e9pini\u00e8re","s":"25N-H55N400F-80-F4"},{"r":"197","t":"16:07:12","h":"Est via de la P\u00e9pini\u00e8re","s":"25N-H55NV10I-80-I"},{"r":"197","t":"16:07:12","h":"Est via de la P\u00e9pini\u00e8re","s":"25N-H55NV20I-80-I"},{"r":"197","t":"16:07:12","h":"Est via de la P\u00e9pini\u00e8re","s":"25S-H55S000I-80-I"},{"r":"197","t":"16:07:12","h":"Est via de la P\u00e9pini\u00e8re","s":"25S-H55S100F-80-F1"},{"r":"197","t":"16:07:12","h":"Est via de la P\u00e9pini\u00e8re","s":"25S-H55S200F-80-F2"},{"r":"197","t":"16:08:49","h":"Est via de la P\u00e9pini\u00e8re","s":"25N-H55N000A-80-A"},{"r":"197","t":"16:08:49","h":"Est via de la P\u00e9pini\u00e8re","s":"25N-H55NV10A-80-A"},{"r":"197","t":"16:08:49","h":"Est via de la P\u00e9pini\u00e8re","s":"25N-H55NV20A-80-A"},{"r":"197","t":"16:08:49","h":"Est via de la P\u00e9pini\u00e8re","s":"25S-H55S000A-80-A"},{"r":"197","t":"16:13:12","h":"Est","s":"25N-H55N000S-80-S"},{"r":"197","t":"16:13:12","h":"Est","s":"25N-H55N000S-82-S"},{"r":"197","t":"16:13:12","h":"Est","s":"25N-H55NV10S-85-S"},{"r":"197","t":"16:13:12","h":"Est","s":"25N-H55NV20S-81-S"},{"r":"197","t":"16:13:12","h":"Est","s":"25S-H55S000S-82-S"},{"r":"25","t":"16:17:01","h":"Sud","s":"25N-H59N000S-80-S"},{"r":"25","t":"16:17:01","h":"Sud","s":"25N-H59NV10S-84-S"},{"r":"25","t":"16:17:01","h":"Sud","s":"25N-H59NV20S-80-S"},{"r":"25","t":"16:17:01","h":"Sud","s":"25S-H59S000S-81-S"},{"r":"197","t":"16:21:12","h":"Est","s":"25N-H59N000S-80-S"},{"r":"197","t":"16:21:12","h":"Est","s":"25N-H59NV10S-84-S"},{"r":"197","t":"16:21:12","h":"Est","s":"25N-H59NV20S-80-S"},{"r":"197","t":"16:21:12","h":"Est","s":"25S-H59S000S-81-S"},{"r":"197","t":"16:23:49","h":"Est via de la P\u00e9pini\u00e8re","s":"25N-H55N000A-80-A"},{"r":"197","t":"16:23:49","h":"Est via de la P\u00e9pini\u00e8re","s":"25N-H55NV10A-80-A"},{"r":"197","t":"16:23:49","h":"Est via de la P\u00e9pini\u00e8re","s":"25N-H55NV20A-80-A"},{"r":"197","t":"16:23:49","h":"Est via de la P\u00e9pini\u00e8re","s":"25S-H55S000A-80-A"},{"r":"197","t":"16:30:12","h":"Est","s":"25N-H55N000S-80-S"},{"r":"197","t":"16:30:12","h":"Est","s":"25N-H55N000S-82-S"},{"r":"197","t":"16:30:12","h":"Est","s":"25N-H55NV10S-85-S"},{"r":"197","t":"16:30:12","h":"Est","s":"25N-H55NV20S-81-S"},{"r":"197","t":"16:30:12","h":"Est","s":"25S-H55S000S-82-S"},{"r":"197","t":"16:35:12","h":"Est via de la P\u00e9pini\u00e8re","s":"25N-H55N000I-80-I"},{"r":"197","t":"16:35:12","h":"Est via de la P\u00e9pini\u00e8re","s":"25N-H55N100F-80-F1"},{"r":"197","t":"16:35:12","h":"Est via de la P\u00e9pini\u00e8re","s":"25N-H55N200F-80-F2"},{"r":"197","t":"16:35:12","h":"Est via de la P\u00e9pini\u00e8re","s":"25N-H55N300F-80-F3"},{"r":"197","t":"16:35:12","h":"Est via de la P\u00e9pini\u00e8re","s":"25N-H55N400F-80-F4"},{"r":"197","t":"16:35:12","h":"Est via de la P\u00e9pini\u00e8re","s":"25N-H55NV10I-80-I"},{"r":"197","t":"16:35:12","h":"Est via de la P\u00e9pini\u00e8re","s":"25N-H55NV20I-80-I"},{"r":"197","t":"16:35:12","h":"Est via de la P\u00e9pini\u00e8re","s":"25S-H55S000I-80-I"},{"r":"197","t":"16:35:12","h":"Est via de la P\u00e9pini\u00e8re","s":"25S-H55S100F-80-F1"},{"r":"197","t":"16:35:12","h":"Est via de la P\u00e9pini\u00e8re","s":"25S-H55S200F-80-F2"},{"r":"25","t":"16:37:01","h":"Sud","s":"25N-H57N000S-80-S"},{"r":"25","t":"16:37:01","h":"Sud","s":"25N-H57NV10S-84-S"},{"r":"25","t":"16:37:01","h":"Sud","s":"25N-H57NV20S-80-S"},{"r":"25","t":"16:37:01","h":"Sud","s":"25S-H57S000S-82-S"},{"r":"197","t":"16:38:12","h":"Est","s":"25N-H55N000S-80-S"},{"r":"197","t":"16:38:12","h":"Est","s":"25N-H55N000S-82-S"},{"r":"197","t":"16:38:12","h":"Est","s":"25N-H55NV10S-85-S"},{"r":"197","t":"16:38:12","h":"Est","s":"25N-H55NV20S-81-S"},{"r":"197","t":"16:38:12","h":"Est","s":"25S-H55S000S-82-S"},{"r":"197","t":"16:38:49","h":"Est via de la P\u00e9pini\u00e8re","s":"25N-H55N000A-80-A"},{"r":"197","t":"16:38:49","h":"Est via de la P\u00e9pini\u00e8re","s":"25N-H55NV10A-80-A"},{"r":"197","t":"16:38:49","h":"Est via de la P\u00e9pini\u00e8re","s":"25N-H55NV20A-80-A"},{"r":"197","t":"16:38:49","h":"Est via de la P\u00e9pini\u00e8re","s":"25S-H55S000A-80-A"},{"r":"197","t":"16:46:12","h":"Est","s":"25N-H55N000S-80-S"},{"r":"197","t":"16:46:12","h":"Est","s":"25N-H55N000S-82-S"},{"r":"197","t":"16:46:12","h":"Est","s":"25N-H55NV10S-85-S"},{"r":"197","t":"16:46:12","h":"Est","s":"25N-H55NV20S-81-S"},{"r":"197","t":"16:46:12","h":"Est","s":"25S-H55S000S-82-S"},{"r":"197","t":"16:52:12","h":"Est","s":"25N-H57N000S-80-S"},{"r":"197","t":"16:52:12","h":"Est","s":"25N-H57NV10S-84-S"},{"r":"197","t":"16:52:12","h":"Est","s":"25N-H57NV20S-80-S"},{"r":"197","t":"16:52:12","h":"Est","s":"25S-H57S000S-82-S"},{"r":"197","t":"16:53:49","h":"Est","s":"25N-H55N000A-80-A"},{"r":"197","t":"16:53:49","h":"Est","s":"25N-H55NV10A-80-A"},{"r":"197","t":"16:53:49","h":"Est","s":"25N-H55NV20A-80-A"},{"r":"197","t":"16:53:49","h":"Est","s":"25S-H55S000A-80-A"},{"r":"197","t":"16:59:12","h":"Est","s":"25N-H55N000I-80-I"},{"r":"197","t":"16:59:12","h":"Est","s":"25N-H55N100F-80-F1"},{"r":"197","t":"16:59:12","h":"Est","s":"25N-H55N200F-80-F2"},{"r":"197","t":"16:59:12","h":"Est","s":"25N-H55N300F-80-F3"},{"r":"197","t":"16:59:12","h":"Est","s":"25N-H55N400F-80-F4"},{"r":"197","t":"16:59:12","h":"Est","s":"25N-H55NV10I-80-I"},{"r":"197","t":"16:59:12","h":"Est","s":"25N-H55NV20I-80-I"},{"r":"197","t":"16:59:12","h":"Est","s":"25S-H55S000I-80-I"},{"r":"197","t":"16:59:12","h":"Est","s":"25S-H55S100F-80-F1"},{"r":"197","t":"16:59:12","h":"Est","s":"25S-H55S200F-80-F2"},{"r":"197","t":"17:00:12","h":"Est","s":"25N-H59N000S-80-S"},{"r":"197","t":"17:00:12","h":"Est","s":"25N-H59NV10S-84-S"},{"r":"197","t":"17:00:12","h":"Est","s":"25N-H59NV20S-80-S"},{"r":"197","t":"17:00:12","h":"Est","s":"25S-H59S000S-81-S"},{"r":"25","t":"17:04:01","h":"Sud","s":"25N-H57N000S-80-S"},{"r":"25","t":"17:04:01","h":"Sud","s":"25N-H57NV10S-84-S"},{"r":"25","t":"17:04:01","h":"Sud","s":"25N-H57NV20S-80-S"},{"r":"25","t":"17:04:01","h":"Sud","s":"25S-H57S000S-82-S"},{"r":"197","t":"17:08:12","h":"Est","s":"25N-H55N000S-80-S"},{"r":"197","t":"17:08:12","h":"Est","s":"25N-H55N000S-82-S"},{"r":"197","t":"17:08:12","h":"Est","s":"25N-H55NV10S-85-S"},{"r":"197","t":"17:08:12","h":"Est","s":"25N-H55NV20S-81-S"},{"r":"197","t":"17:08:12","h":"Est","s":"25S-H55S000S-82-S"},{"r":"197","t":"17:09:49","h":"Est","s":"25N-H55N000A-80-A"},{"r":"197","t":"17:09:49","h":"Est","s":"25N-H55NV10A-80-A"},{"r":"197","t":"17:09:49","h":"Est","s":"25N-H55NV20A-80-A"},{"r":"197","t":"17:09:49","h":"Est","s":"25S-H55S000A-80-A"},{"r":"197","t":"17:17:12","h":"Est","s":"25N-H55N000S-80-S"},{"r":"197","t":"17:17:12","h":"Est","s":"25N-H55N000S-82-S"},{"r":"197","t":"17:17:12","h":"Est","s":"25N-H55NV10S-85-S"},{"r":"197","t":"17:17:12","h":"Est","s":"25N-H55NV20S-81-S"},{"r":"197","t":"17:17:12","h":"Est","s":"25S-H55S000S-82-S"},{"r":"197","t":"17:18:36","h":"Est","s":"25N-H55N000I-80-I"},{"r":"197","t":"17:18:36","h":"Est","s":"25N-H55N100F-80-F1"},{"r":"197","t":"17:18:36","h":"Est","s":"25N-H55N200F-80-F2"},{"r":"197","t":"17:18:36","h":"Est","s":"25N-H55N300F-80-F3"},{"r":"197","t":"17:18:36","h":"Est","s":"25N-H55N400F-80-F4"},{"r":"197","t":"17:18:36","h":"Est","s":"25N-H55NV10I-80-I"},{"r":"197","t":"17:18:36","h":"Est","s":"25N-H55NV20I-80-I"},{"r":"197","t":"17:18:36","h":"Est","s":"25S-H55S000I-80-I"},{"r":"197","t":"17:18:36","h":"Est","s":"25S-H55S100F-80-F1"},{"r":"197","t":"17:18:36","h":"Est","s":"25S-H55S200F-80-F2"},{"r":"197","t":"17:24:12","h":"Est","s":"25N-H55N000A-80-A"},{"r":"197","t":"17:24:12","h":"Est","s":"25N-H55NV10A-80-A"},{"r":"197","t":"17:24:12","h":"Est","s":"25N-H55NV20A-80-A"},{"r":"197","t":"17:24:12","h":"Est","s":"25S-H55S000A-80-A"},{"r":"197","t":"17:26:12","h":"Est","s":"25N-H55N000S-80-S"},{"r":"197","t":"17:26:12","h":"Est","s":"25N-H55N000S-82-S"},{"r":"197","t":"17:26:12","h":"Est","s":"25N-H55NV10S-85-S"},{"r":"197","t":"17:26:12","h":"Est","s":"25N-H55NV20S-81-S"},{"r":"197","t":"17:26:12","h":"Est","s":"25S-H55S000S-82-S"},{"r":"197","t":"17:34:12","h":"Est","s":"25N-H55N000S-80-S"},{"r":"197","t":"17:34:12","h":"Est","s":"25N-H55N000S-82-S"},{"r":"197","t":"17:34:12","h":"Est","s":"25N-H55NV10S-85-S"},{"r":"197","t":"17:34:12","h":"Est","s":"25N-H55NV20S-81-S"},{"r":"197","t":"17:34:12","h":"Est","s":"25S-H55S000S-82-S"},{"r":"25","t":"17:35:01","h":"Sud","s":"25N-H57N000S-80-S"},{"r":"25","t":"17:35:01","h":"Sud","s":"25N-H57NV10S-84-S"},{"r":"25","t":"17:35:01","h":"Sud","s":"25N-H57NV20S-80-S"},{"r":"25","t":"17:35:01","h":"Sud","s":"25S-H57S000S-82-S"},{"r":"197","t":"17:38:36","h":"Est","s":"25N-H55N000I-80-I"},{"r":"197","t":"17:38:36","h":"Est","s":"25N-H55N100F-80-F1"},{"r":"197","t":"17:38:36","h":"Est","s":"25N-H55N200F-80-F2"},{"r":"197","t":"17:38:36","h":"Est","s":"25N-H55N300F-80-F3"},{"r":"197","t":"17:38:36","h":"Est","s":"25N-H55N400F-80-F4"},{"r":"197","t":"17:38:36","h":"Est","s":"25N-H55NV10I-80-I"},{"r":"197","t":"17:38:36","h":"Est","s":"25N-H55NV20I-80-I"},{"r":"197","t":"17:38:36","h":"Est","s":"25S-H55S000I-80-I"},{"r":"197","t":"17:38:36","h":"Est","s":"25S-H55S100F-80-F1"},{"r":"197","t":"17:38:36","h":"Est","s":"25S-H55S200F-80-F2"},{"r":"197","t":"17:39:12","h":"Est","s":"25N-H55N000A-80-A"},{"r":"197","t":"17:39:12","h":"Est","s":"25N-H55NV10A-80-A"},{"r":"197","t":"17:39:12","h":"Est","s":"25N-H55NV20A-80-A"},{"r":"197","t":"17:39:12","h":"Est","s":"25S-H55S000A-80-A"},{"r":"197","t":"17:41:12","h":"Est","s":"25N-H55N000S-80-S"},{"r":"197","t":"17:41:12","h":"Est","s":"25N-H55N000S-82-S"},{"r":"197","t":"17:41:12","h":"Est","s":"25N-H55NV10S-85-S"},{"r":"197","t":"17:41:12","h":"Est","s":"25N-H55NV20S-81-S"},{"r":"197","t":"17:41:12","h":"Est","s":"25S-H55S000S-82-S"},{"r":"197","t":"17:48:12","h":"Est","s":"25N-H55N000S-80-S"},{"r":"197","t":"17:48:12","h":"Est","s":"25N-H55N000S-82-S"},{"r":"197","t":"17:48:12","h":"Est","s":"25N-H55NV10S-85-S"},{"r":"197","t":"17:48:12","h":"Est","s":"25N-H55NV20S-81-S"},{"r":"197","t":"17:48:12","h":"Est","s":"25S-H55S000S-82-S"},{"r":"197","t":"17:54:12","h":"Est","s":"25N-H55N000A-80-A"},{"r":"197","t":"17:54:12","h":"Est","s":"25N-H55NV10A-80-A"},{"r":"197","t":"17:54:12","h":"Est","s":"25N-H55NV20A-80-A"},{"r":"197","t":"17:54:12","h":"Est","s":"25S-H55S000A-80-A"},{"r":"197","t":"17:55:12","h":"Est","s":"25N-H55N000S-80-S"},{"r":"197","t":"17:55:12","h":"Est","s":"25N-H55N000S-82-S"},{"r":"197","t":"17:55:12","h":"Est","s":"25N-H55NV10S-85-S"},{"r":"197","t":"17:55:12","h":"Est","s":"25N-H55NV20S-81-S"},{"r":"197","t":"17:55:12","h":"Est","s":"25S-H55S000S-82-S"},{"r":"197","t":"18:02:12","h":"Est","s":"25N-H55N000S-80-S"},{"r":"197","t":"18:02:12","h":"Est","s":"25N-H55N000S-82-S"},{"r":"197","t":"18:02:12","h":"Est","s":"25N-H55NV10S-85-S"},{"r":"197","t":"18:02:12","h":"Est","s":"25N-H55NV20S-81-S"},{"r":"197","t":"18:02:12","h":"Est","s":"25S-H55S000S-82-S"},{"r":"197","t":"18:02:36","h":"Est","s":"25N-H55N000I-80-I"},{"r":"197","t":"18:02:36","h":"Est","s":"25N-H55N100F-80-F1"},{"r":"197","t":"18:02:36","h":"Est","s":"25N-H55N200F-80-F2"},{"r":"197","t":"18:02:36","h":"Est","s":"25N-H55N300F-80-F3"},{"r":"197","t":"18:02:36","h":"Est","s":"25N-H55N400F-80-F4"},{"r":"197","t":"18:02:36","h":"Est","s":"25N-H55NV10I-80-I"},{"r":"197","t":"18:02:36","h":"Est","s":"25N-H55NV20I-80-I"},{"r":"197","t":"18:02:36","h":"Est","s":"25S-H55S000I-80-I"},{"r":"197","t":"18:02:36","h":"Est","s":"25S-H55S100F-80-F1"},{"r":"197","t":"18:02:36","h":"Est","s":"25S-H55S200F-80-F2"},{"r":"25","t":"18:06:01","h":"Sud","s":"25N-H57N000S-80-S"},{"r":"25","t":"18:06:01","h":"Sud","s":"25N-H57NV10S-84-S"},{"r":"25","t":"18:06:01","h":"Sud","s":"25N-H57NV20S-80-S"},{"r":"25","t":"18:06:01","h":"Sud","s":"25S-H57S000S-82-S"},{"r":"197","t":"18:09:12","h":"Est","s":"25N-H55N000A-80-A"},{"r":"197","t":"18:09:12","h":"Est","s":"25N-H55NV10A-80-A"},{"r":"197","t":"18:09:12","h":"Est","s":"25N-H55NV20A-80-A"},{"r":"197","t":"18:09:12","h":"Est","s":"25S-H55S000A-80-A"},{"r":"197","t":"18:10:12","h":"Est","s":"25N-H55N000S-80-S"},{"r":"197","t":"18:10:12","h":"Est","s":"25N-H55N000S-82-S"},{"r":"197","t":"18:10:12","h":"Est","s":"25N-H55NV10S-85-S"},{"r":"197","t":"18:10:12","h":"Est","s":"25N-H55NV20S-81-S"},{"r":"197","t":"18:10:12","h":"Est","s":"25S-H55S000S-82-S"},{"r":"197","t":"18:18:12","h":"Est","s":"25N-H55N000S-80-S"},{"r":"197","t":"18:18:12","h":"Est","s":"25N-H55N000S-82-S"},{"r":"197","t":"18:18:12","h":"Est","s":"25N-H55NV10S-85-S"},{"r":"197","t":"18:18:12","h":"Est","s":"25N-H55NV20S-81-S"},{"r":"197","t":"18:18:12","h":"Est","s":"25S-H55S000S-82-S"},{"r":"197","t":"18:24:12","h":"Est","s":"25N-H55N000A-80-A"},{"r":"197","t":"18:24:12","h":"Est","s":"25N-H55NV10A-80-A"},{"r":"197","t":"18:24:12","h":"Est","s":"25N-H55NV20A-80-A"},{"r":"197","t":"18:24:12","h":"Est","s":"25S-H55S000A-80-A"},{"r":"197","t":"18:27:12","h":"Est","s":"25N-H57N000S-80-S"},{"r":"197","t":"18:27:12","h":"Est","s":"25N-H57NV10S-84-S"},{"r":"197","t":"18:27:12","h":"Est","s":"25N-H57NV20S-80-S"},{"r":"197","t":"18:27:12","h":"Est","s":"25S-H57S000S-82-S"},{"r":"197","t":"18:28:36","h":"Est","s":"25N-H55N000I-80-I"},{"r":"197","t":"18:28:36","h":"Est","s":"25N-H55N100F-80-F1"},{"r":"197","t":"18:28:36","h":"Est","s":"25N-H55N200F-80-F2"},{"r":"197","t":"18:28:36","h":"Est","s":"25N-H55N300F-80-F3"},{"r":"197","t":"18:28:36","h":"Est","s":"25N-H55N400F-80-F4"},{"r":"197","t":"18:28:36","h":"Est","s":"25N-H55NV10I-80-I"},{"r":"197","t":"18:28:36","h":"Est","s":"25N-H55NV20I-80-I"},{"r":"197","t":"18:28:36","h":"Est","s":"25S-H55S000I-80-I"},{"r":"197","t":"18:28:36","h":"Est","s":"25S-H55S100F-80-F1"},{"r":"197","t":"18:28:36","h":"Est","s":"25S-H55S200F-80-F2"},{"r":"25","t":"18:35:28","h":"Sud","s":"25N-H57N000S-80-S"},{"r":"25","t":"18:35:28","h":"Sud","s":"25N-H57NV10S-84-S"},{"r":"25","t":"18:35:28","h":"Sud","s":"25N-H57NV20S-80-S"},{"r":"25","t":"18:35:28","h":"Sud","s":"25S-H57S000S-82-S"},{"r":"197","t":"18:37:12","h":"Est","s":"25N-H59N000S-80-S"},{"r":"197","t":"18:37:12","h":"Est","s":"25N-H59NV10S-84-S"},{"r":"197","t":"18:37:12","h":"Est","s":"25N-H59NV20S-80-S"},{"r":"197","t":"18:37:12","h":"Est","s":"25S-H59S000S-81-S"},{"r":"197","t":"18:40:12","h":"Est","s":"25N-H55N000A-80-A"},{"r":"197","t":"18:40:12","h":"Est","s":"25N-H55NV10A-80-A"},{"r":"197","t":"18:40:12","h":"Est","s":"25N-H55NV20A-80-A"},{"r":"197","t":"18:40:12","h":"Est","s":"25S-H55S000A-80-A"},{"r":"197","t":"18:48:12","h":"Est","s":"25N-H55N000S-80-S"},{"r":"197","t":"18:48:12","h":"Est","s":"25N-H55N000S-82-S"},{"r":"197","t":"18:48:12","h":"Est","s":"25N-H55NV10S-85-S"},{"r":"197","t":"18:48:12","h":"Est","s":"25N-H55NV20S-81-S"},{"r":"197","t":"18:48:12","h":"Est","s":"25S-H55S000S-82-S"},{"r":"197","t":"18:55:36","h":"Est","s":"25N-H55N000I-80-I"},{"r":"197","t":"18:55:36","h":"Est","s":"25N-H55N100F-80-F1"},{"r":"197","t":"18:55:36","h":"Est","s":"25N-H55N200F-80-F2"},{"r":"197","t":"18:55:36","h":"Est","s":"25N-H55N300F-80-F3"},{"r":"197","t":"18:55:36","h":"Est","s":"25N-H55N400F-80-F4"},{"r":"197","t":"18:55:36","h":"Est","s":"25N-H55NV10I-80-I"},{"r":"197","t":"18:55:36","h":"Est","s":"25N-H55NV20I-80-I"},{"r":"197","t":"18:55:36","h":"Est","s":"25S-H55S000I-80-I"},{"r":"197","t":"18:55:36","h":"Est","s":"25S-H55S100F-80-F1"},{"r":"197","t":"18:55:36","h":"Est","s":"25S-H55S200F-80-F2"},{"r":"197","t":"18:56:12","h":"Est","s":"25N-H55N000A-80-A"},{"r":"197","t":"18:56:12","h":"Est","s":"25N-H55NV10A-80-A"},{"r":"197","t":"18:56:12","h":"Est","s":"25N-H55NV20A-80-A"},{"r":"197","t":"18:56:12","h":"Est","s":"25S-H55S000A-80-A"},{"r":"197","t":"19:02:12","h":"Est","s":"25N-H55N000S-80-S"},{"r":"197","t":"19:02:12","h":"Est","s":"25N-H55N000S-82-S"},{"r":"197","t":"19:02:12","h":"Est","s":"25N-H55NV10S-85-S"},{"r":"197","t":"19:02:12","h":"Est","s":"25N-H55NV20S-81-S"},{"r":"197","t":"19:02:12","h":"Est","s":"25S-H55S000S-82-S"},{"r":"25","t":"19:05:28","h":"Sud","s":"25N-H57N000S-80-S"},{"r":"25","t":"19:05:28","h":"Sud","s":"25N-H57NV10S-84-S"},{"r":"25","t":"19:05:28","h":"Sud","s":"25N-H57NV20S-80-S"},{"r":"25","t":"19:05:28","h":"Sud","s":"25S-H57S000S-82-S"},{"r":"197","t":"19:14:12","h":"Est","s":"25N-H55N000A-80-A"},{"r":"197","t":"19:14:12","h":"Est","s":"25N-H55NV10A-80-A"},{"r":"197","t":"19:14:12","h":"Est","s":"25N-H55NV20A-80-A"},{"r":"197","t":"19:14:12","h":"Est","s":"25S-H55S000A-80-A"},{"r":"197","t":"19:16:12","h":"Est","s":"25N-H55N000S-80-S"},{"r":"197","t":"19:16:12","h":"Est","s":"25N-H55N000S-82-S"},{"r":"197","t":"19:16:12","h":"Est","s":"25N-H55NV10S-85-S"},{"r":"197","t":"19:16:12","h":"Est","s":"25N-H55NV20S-81-S"},{"r":"197","t":"19:16:12","h":"Est","s":"25S-H55S000S-82-S"},{"r":"197","t":"19:23:36","h":"Est","s":"25N-H55N000I-80-I"},{"r":"197","t":"19:23:36","h":"Est","s":"25N-H55N100F-80-F1"},{"r":"197","t":"19:23:36","h":"Est","s":"25N-H55N200F-80-F2"},{"r":"197","t":"19:23:36","h":"Est","s":"25N-H55N300F-80-F3"},{"r":"197","t":"19:23:36","h":"Est","s":"25N-H55N400F-80-F4"},{"r":"197","t":"19:23:36","h":"Est","s":"25N-H55NV10I-80-I"},{"r":"197","t":"19:23:36","h":"Est","s":"25N-H55NV20I-80-I"},{"r":"197","t":"19:23:36","h":"Est","s":"25S-H55S000I-80-I"},{"r":"197","t":"19:23:36","h":"Est","s":"25S-H55S100F-80-F1"},{"r":"197","t":"19:23:36","h":"Est","s":"25S-H55S200F-80-F2"},{"r":"197","t":"19:32:12","h":"Est","s":"25N-H55N000S-80-S"},{"r":"197","t":"19:32:12","h":"Est","s":"25N-H55N000S-82-S"},{"r":"197","t":"19:32:12","h":"Est","s":"25N-H55NV10S-85-S"},{"r":"197","t":"19:32:12","h":"Est","s":"25N-H55NV20S-81-S"},{"r":"197","t":"19:32:12","h":"Est","s":"25S-H55S000S-82-S"},{"r":"25","t":"19:33:28","h":"Sud","s":"25N-H57N000S-80-S"},{"r":"25","t":"19:33:28","h":"Sud","s":"25N-H57NV10S-84-S"},{"r":"25","t":"19:33:28","h":"Sud","s":"25N-H57NV20S-80-S"},{"r":"25","t":"19:33:28","h":"Sud","s":"25S-H57S000S-82-S"},{"r":"197","t":"19:40:12","h":"Est","s":"25N-H55N000A-80-A"},{"r":"197","t":"19:40:12","h":"Est","s":"25N-H55NV10A-80-A"},{"r":"197","t":"19:40:12","h":"Est","s":"25N-H55NV20A-80-A"},{"r":"197","t":"19:40:12","h":"Est","s":"25S-H55S000A-80-A"},{"r":"197","t":"19:48:12","h":"Est","s":"25N-H55N000S-80-S"},{"r":"197","t":"19:48:12","h":"Est","s":"25N-H55N000S-82-S"},{"r":"197","t":"19:48:12","h":"Est","s":"25N-H55NV10S-85-S"},{"r":"197","t":"19:48:12","h":"Est","s":"25N-H55NV20S-81-S"},{"r":"197","t":"19:48:12","h":"Est","s":"25S-H55S000S-82-S"},{"r":"197","t":"19:51:36","h":"Est","s":"25N-H55N000I-80-I"},{"r":"197","t":"19:51:36","h":"Est","s":"25N-H55N100F-80-F1"},{"r":"197","t":"19:51:36","h":"Est","s":"25N-H55N200F-80-F2"},{"r":"197","t":"19:51:36","h":"Est","s":"25N-H55N300F-80-F3"},{"r":"197","t":"19:51:36","h":"Est","s":"25N-H55N400F-80-F4"},{"r":"197","t":"19:51:36","h":"Est","s":"25N-H55NV10I-80-I"},{"r":"197","t":"19:51:36","h":"Est","s":"25N-H55NV20I-80-I"},{"r":"197","t":"19:51:36","h":"Est","s":"25S-H55S000I-80-I"},{"r":"197","t":"19:51:36","h":"Est","s":"25S-H55S100F-80-F1"},{"r":"197","t":"19:51:36","h":"Est","s":"25S-H55S200F-80-F2"},{"r":"25","t":"20:01:28","h":"Sud","s":"25N-H57N000S-80-S"},{"r":"25","t":"20:01:28","h":"Sud","s":"25N-H57NV10S-84-S"},{"r":"25","t":"20:01:28","h":"Sud","s":"25N-H57NV20S-80-S"},{"r":"25","t":"20:01:28","h":"Sud","s":"25S-H57S000S-82-S"},{"r":"197","t":"20:06:12","h":"Est","s":"25N-H55N000A-80-A"},{"r":"197","t":"20:06:12","h":"Est","s":"25N-H55NV10A-80-A"},{"r":"197","t":"20:06:12","h":"Est","s":"25N-H55NV20A-80-A"},{"r":"197","t":"20:06:12","h":"Est","s":"25S-H55S000A-80-A"},{"r":"197","t":"20:12:12","h":"Est","s":"25N-H55N000S-80-S"},{"r":"197","t":"20:12:12","h":"Est","s":"25N-H55N000S-82-S"},{"r":"197","t":"20:12:12","h":"Est","s":"25N-H55NV10S-85-S"},{"r":"197","t":"20:12:12","h":"Est","s":"25N-H55NV20S-81-S"},{"r":"197","t":"20:12:12","h":"Est","s":"25S-H55S000S-82-S"},{"r":"197","t":"20:19:36","h":"Est","s":"25N-H55N000I-80-I"},{"r":"197","t":"20:19:36","h":"Est","s":"25N-H55N100F-80-F1"},{"r":"197","t":"20:19:36","h":"Est","s":"25N-H55N200F-80-F2"},{"r":"197","t":"20:19:36","h":"Est","s":"25N-H55N300F-80-F3"},{"r":"197","t":"20:19:36","h":"Est","s":"25N-H55N400F-80-F4"},{"r":"197","t":"20:19:36","h":"Est","s":"25N-H55NV10I-80-I"},{"r":"197","t":"20:19:36","h":"Est","s":"25N-H55NV20I-80-I"},{"r":"197","t":"20:19:36","h":"Est","s":"25S-H55S000I-80-I"},{"r":"197","t":"20:19:36","h":"Est","s":"25S-H55S100F-80-F1"},{"r":"197","t":"20:19:36","h":"Est","s":"25S-H55S200F-80-F2"},{"r":"25","t":"20:29:28","h":"Sud","s":"25N-H57N000S-80-S"},{"r":"25","t":"20:29:28","h":"Sud","s":"25N-H57NV10S-84-S"},{"r":"25","t":"20:29:28","h":"Sud","s":"25N-H57NV20S-80-S"},{"r":"25","t":"20:29:28","h":"Sud","s":"25S-H57S000S-82-S"},{"r":"197","t":"20:32:12","h":"Est","s":"25N-H55N000A-80-A"},{"r":"197","t":"20:32:12","h":"Est","s":"25N-H55NV10A-80-A"},{"r":"197","t":"20:32:12","h":"Est","s":"25N-H55NV20A-80-A"},{"r":"197","t":"20:32:12","h":"Est","s":"25S-H55S000A-80-A"},{"r":"197","t":"20:40:12","h":"Est","s":"25N-H55N000S-80-S"},{"r":"197","t":"20:40:12","h":"Est","s":"25N-H55N000S-82-S"},{"r":"197","t":"20:40:12","h":"Est","s":"25N-H55NV10S-85-S"},{"r":"197","t":"20:40:12","h":"Est","s":"25N-H55NV20S-81-S"},{"r":"197","t":"20:40:12","h":"Est","s":"25S-H55S000S-82-S"},{"r":"197","t":"20:47:36","h":"Est","s":"25N-H55N000I-80-I"},{"r":"197","t":"20:47:36","h":"Est","s":"25N-H55N100F-80-F1"},{"r":"197","t":"20:47:36","h":"Est","s":"25N-H55N200F-80-F2"},{"r":"197","t":"20:47:36","h":"Est","s":"25N-H55N300F-80-F3"},{"r":"197","t":"20:47:36","h":"Est","s":"25N-H55N400F-80-F4"},{"r":"197","t":"20:47:36","h":"Est","s":"25N-H55NV10I-80-I"},{"r":"197","t":"20:47:36","h":"Est","s":"25N-H55NV20I-80-I"},{"r":"197","t":"20:47:36","h":"Est","s":"25S-H55S000I-80-I"},{"r":"197","t":"20:47:36","h":"Est","s":"25S-H55S100F-80-F1"},{"r":"197","t":"20:47:36","h":"Est","s":"25S-H55S200F-80-F2"},{"r":"25","t":"20:56:28","h":"Sud","s":"25N-H57N000S-80-S"},{"r":"25","t":"20:56:28","h":"Sud","s":"25N-H57NV10S-84-S"},{"r":"25","t":"20:56:28","h":"Sud","s":"25N-H57NV20S-80-S"},{"r":"25","t":"20:56:28","h":"Sud","s":"25S-H57S000S-82-S"},{"r":"197","t":"20:58:12","h":"Est","s":"25N-H55N000A-80-A"},{"r":"197","t":"20:58:12","h":"Est","s":"25N-H55NV10A-80-A"},{"r":"197","t":"20:58:12","h":"Est","s":"25N-H55NV20A-80-A"},{"r":"197","t":"20:58:12","h":"Est","s":"25S-H55S000A-80-A"},{"r":"197","t":"21:10:12","h":"Est","s":"25N-H55N000S-80-S"},{"r":"197","t":"21:10:12","h":"Est","s":"25N-H55N000S-82-S"},{"r":"197","t":"21:10:12","h":"Est","s":"25N-H55NV10S-85-S"},{"r":"197","t":"21:10:12","h":"Est","s":"25N-H55NV20S-81-S"},{"r":"197","t":"21:10:12","h":"Est","s":"25S-H55S000S-82-S"},{"r":"197","t":"21:15:36","h":"Est","s":"25N-H55N000I-80-I"},{"r":"197","t":"21:15:36","h":"Est","s":"25N-H55N100F-80-F1"},{"r":"197","t":"21:15:36","h":"Est","s":"25N-H55N200F-80-F2"},{"r":"197","t":"21:15:36","h":"Est","s":"25N-H55N300F-80-F3"},{"r":"197","t":"21:15:36","h":"Est","s":"25N-H55N400F-80-F4"},{"r":"197","t":"21:15:36","h":"Est","s":"25N-H55NV10I-80-I"},{"r":"197","t":"21:15:36","h":"Est","s":"25N-H55NV20I-80-I"},{"r":"197","t":"21:15:36","h":"Est","s":"25S-H55S000I-80-I"},{"r":"197","t":"21:15:36","h":"Est","s":"25S-H55S100F-80-F1"},{"r":"197","t":"21:15:36","h":"Est","s":"25S-H55S200F-80-F2"},{"r":"25","t":"21:23:28","h":"Sud","s":"25N-H57N000S-80-S"},{"r":"25","t":"21:23:28","h":"Sud","s":"25N-H57NV10S-84-S"},{"r":"25","t":"21:23:28","h":"Sud","s":"25N-H57NV20S-80-S"},{"r":"25","t":"21:23:28","h":"Sud","s":"25S-H57S000S-82-S"},{"r":"197","t":"21:24:12","h":"Est","s":"25N-H55N000A-80-A"},{"r":"197","t":"21:24:12","h":"Est","s":"25N-H55NV10A-80-A"},{"r":"197","t":"21:24:12","h":"Est","s":"25N-H55NV20A-80-A"},{"r":"197","t":"21:24:12","h":"Est","s":"25S-H55S000A-80-A"},{"r":"197","t":"21:40:12","h":"Est","s":"25N-H55N000S-80-S"},{"r":"197","t":"21:40:12","h":"Est","s":"25N-H55N000S-82-S"},{"r":"197","t":"21:40:12","h":"Est","s":"25N-H55NV10S-85-S"},{"r":"197","t":"21:40:12","h":"Est","s":"25N-H55NV20S-81-S"},{"r":"197","t":"21:40:12","h":"Est","s":"25S-H55S000S-82-S"},{"r":"197","t":"21:43:36","h":"Est","s":"25N-H55N000I-80-I"},{"r":"197","t":"21:43:36","h":"Est","s":"25N-H55N100F-80-F1"},{"r":"197","t":"21:43:36","h":"Est","s":"25N-H55N200F-80-F2"},{"r":"197","t":"21:43:36","h":"Est","s":"25N-H55N300F-80-F3"},{"r":"197","t":"21:43:36","h":"Est","s":"25N-H55N400F-80-F4"},{"r":"197","t":"21:43:36","h":"Est","s":"25N-H55NV10I-80-I"},{"r":"197","t":"21:43:36","h":"Est","s":"25N-H55NV20I-80-I"},{"r":"197","t":"21:43:36","h":"Est","s":"25S-H55S000I-80-I"},{"r":"197","t":"21:43:36","h":"Est","s":"25S-H55S100F-80-F1"},{"r":"197","t":"21:43:36","h":"Est","s":"25S-H55S200F-80-F2"},{"r":"197","t":"21:50:12","h":"Est","s":"25N-H55N000A-80-A"},{"r":"197","t":"21:50:12","h":"Est","s":"25N-H55NV10A-80-A"},{"r":"197","t":"21:50:12","h":"Est","s":"25N-H55NV20A-80-A"},{"r":"197","t":"21:50:12","h":"Est","s":"25S-H55S000A-80-A"},{"r":"197","t":"22:10:12","h":"Est","s":"25N-H55N000S-80-S"},{"r":"197","t":"22:10:12","h":"Est","s":"25N-H55N000S-82-S"},{"r":"197","t":"22:10:12","h":"Est","s":"25N-H55NV10S-85-S"},{"r":"197","t":"22:10:12","h":"Est","s":"25N-H55NV20S-81-S"},{"r":"197","t":"22:10:12","h":"Est","s":"25S-H55S000S-82-S"},{"r":"197","t":"22:11:36","h":"Est","s":"25N-H55N000I-80-I"},{"r":"197","t":"22:11:36","h":"Est","s":"25N-H55N100F-80-F1"},{"r":"197","t":"22:11:36","h":"Est","s":"25N-H55N200F-80-F2"},{"r":"197","t":"22:11:36","h":"Est","s":"25N-H55N300F-80-F3"},{"r":"197","t":"22:11:36","h":"Est","s":"25N-H55N400F-80-F4"},{"r":"197","t":"22:11:36","h":"Est","s":"25N-H55NV10I-80-I"},{"r":"197","t":"22:11:36","h":"Est","s":"25N-H55NV20I-80-I"},{"r":"197","t":"22:11:36","h":"Est","s":"25S-H55S000I-80-I"},{"r":"197","t":"22:11:36","h":"Est","s":"25S-H55S100F-80-F1"},{"r":"197","t":"22:11:36","h":"Est","s":"25S-H55S200F-80-F2"},{"r":"197","t":"22:16:12","h":"Est","s":"25N-H55N000A-80-A"},{"r":"197","t":"22:16:12","h":"Est","s":"25N-H55NV10A-80-A"},{"r":"197","t":"22:16:12","h":"Est","s":"25N-H55NV20A-80-A"},{"r":"197","t":"22:16:12","h":"Est","s":"25S-H55S000A-80-A"},{"r":"197","t":"22:40:12","h":"Est","s":"25N-H55N000S-80-S"},{"r":"197","t":"22:40:12","h":"Est","s":"25N-H55N000S-82-S"},{"r":"197","t":"22:40:12","h":"Est","s":"25N-H55NV10S-85-S"},{"r":"197","t":"22:40:12","h":"Est","s":"25N-H55NV20S-81-S"},{"r":"197","t":"22:40:12","h":"Est","s":"25S-H55S000S-82-S"},{"r":"197","t":"22:43:36","h":"Est","s":"25N-H55N000I-80-I"},{"r":"197","t":"22:43:36","h":"Est","s":"25N-H55N100F-80-F1"},{"r":"197","t":"22:43:36","h":"Est","s":"25N-H55N200F-80-F2"},{"r":"197","t":"22:43:36","h":"Est","s":"25N-H55N300F-80-F3"},{"r":"197","t":"22:43:36","h":"Est","s":"25N-H55N400F-80-F4"},{"r":"197","t":"22:43:36","h":"Est","s":"25N-H55NV10I-80-I"},{"r":"197","t":"22:43:36","h":"Est","s":"25N-H55NV20I-80-I"},{"r":"197","t":"22:43:36","h":"Est","s":"25S-H55S000I-80-I"},{"r":"197","t":"22:43:36","h":"Est","s":"25S-H55S100F-80-F1"},{"r":"197","t":"22:43:36","h":"Est","s":"25S-H55S200F-80-F2"},{"r":"197","t":"22:44:12","h":"Est","s":"25N-H55N000A-80-A"},{"r":"197","t":"22:44:12","h":"Est","s":"25N-H55NV10A-80-A"},{"r":"197","t":"22:44:12","h":"Est","s":"25N-H55NV20A-80-A"},{"r":"197","t":"22:44:12","h":"Est","s":"25S-H55S000A-80-A"},{"r":"197","t":"23:10:12","h":"Est","s":"25N-H55N000S-80-S"},{"r":"197","t":"23:10:12","h":"Est","s":"25N-H55N000S-82-S"},{"r":"197","t":"23:10:12","h":"Est","s":"25N-H55NV10S-85-S"},{"r":"197","t":"23:10:12","h":"Est","s":"25N-H55NV20S-81-S"},{"r":"197","t":"23:10:12","h":"Est","s":"25S-H55S000S-82-S"},{"r":"197","t":"23:12:12","h":"Est","s":"25N-H55N000A-80-A"},{"r":"197","t":"23:12:12","h":"Est","s":"25N-H55NV10A-80-A"},{"r":"197","t":"23:12:12","h":"Est","s":"25N-H55NV20A-80-A"},{"r":"197","t":"23:12:12","h":"Est","s":"25S-H55S000A-80-A"},{"r":"197","t":"23:16:36","h":"Est","s":"25N-H55N000I-80-I"},{"r":"197","t":"23:16:36","h":"Est","s":"25N-H55N100F-80-F1"},{"r":"197","t":"23:16:36","h":"Est","s":"25N-H55N200F-80-F2"},{"r":"197","t":"23:16:36","h":"Est","s":"25N-H55N300F-80-F3"},{"r":"197","t":"23:16:36","h":"Est","s":"25N-H55N400F-80-F4"},{"r":"197","t":"23:16:36","h":"Est","s":"25N-H55NV10I-80-I"},{"r":"197","t":"23:16:36","h":"Est","s":"25N-H55NV20I-80-I"},{"r":"197","t":"23:16:36","h":"Est","s":"25S-H55S000I-80-I"},{"r":"197","t":"23:16:36","h":"Est","s":"25S-H55S100F-80-F1"},{"r":"197","t":"23:16:36","h":"Est","s":"25S-H55S200F-80-F2"},{"r":"197","t":"23:40:12","h":"Est","s":"25N-H55N000S-80-S"},{"r":"197","t":"23:40:12","h":"Est","s":"25N-H55N000S-82-S"},{"r":"197","t":"23:40:12","h":"Est","s":"25N-H55NV10S-85-S"},{"r":"197","t":"23:40:12","h":"Est","s":"25N-H55NV20S-81-S"},{"r":"197","t":"23:40:12","h":"Est","s":"25S-H55S000S-82-S"},{"r":"197","t":"23:41:12","h":"Est","s":"25N-H55N000A-80-A"},{"r":"197","t":"23:41:12","h":"Est","s":"25N-H55NV10A-80-A"},{"r":"197","t":"23:41:12","h":"Est","s":"25N-H55NV20A-80-A"},{"r":"197","t":"23:41:12","h":"Est","s":"25S-H55S000A-80-A"},{"r":"197","t":"23:49:36","h":"Est","s":"25N-H55N000I-80-I"},{"r":"197","t":"23:49:36","h":"Est","s":"25N-H55N100F-80-F1"},{"r":"197","t":"23:49:36","h":"Est","s":"25N-H55N200F-80-F2"},{"r":"197","t":"23:49:36","h":"Est","s":"25N-H55N300F-80-F3"},{"r":"197","t":"23:49:36","h":"Est","s":"25N-H55N400F-80-F4"},{"r":"197","t":"23:49:36","h":"Est","s":"25N-H55NV10I-80-I"},{"r":"197","t":"23:49:36","h":"Est","s":"25N-H55NV20I-80-I"},{"r":"197","t":"23:49:36","h":"Est","s":"25S-H55S000I-80-I"},{"r":"197","t":"23:49:36","h":"Est","s":"25S-H55S100F-80-F1"},{"r":"197","t":"23:49:36","h":"Est","s":"25S-H55S200F-80-F2"},{"r":"197","t":"24:02:12","h":"Est","s":"25N-H55N000S-80-S"},{"r":"197","t":"24:02:12","h":"Est","s":"25N-H55N000S-82-S"},{"r":"197","t":"24:02:12","h":"Est","s":"25N-H55NV10S-85-S"},{"r":"197","t":"24:02:12","h":"Est","s":"25N-H55NV20S-81-S"},{"r":"197","t":"24:02:12","h":"Est","s":"25S-H55S000S-82-S"},{"r":"197","t":"24:12:12","h":"Est","s":"25N-H55N000A-80-A"},{"r":"197","t":"24:12:12","h":"Est","s":"25N-H55NV10A-80-A"},{"r":"197","t":"24:12:12","h":"Est","s":"25N-H55NV20A-80-A"},{"r":"197","t":"24:12:12","h":"Est","s":"25S-H55S000A-80-A"},{"r":"197","t":"24:20:36","h":"Est","s":"25N-H55N000I-80-I"},{"r":"197","t":"24:20:36","h":"Est","s":"25N-H55N100F-80-F1"},{"r":"197","t":"24:20:36","h":"Est","s":"25N-H55N200F-80-F2"},{"r":"197","t":"24:20:36","h":"Est","s":"25N-H55N300F-80-F3"},{"r":"197","t":"24:20:36","h":"Est","s":"25N-H55N400F-80-F4"},{"r":"197","t":"24:20:36","h":"Est","s":"25N-H55NV10I-80-I"},{"r":"197","t":"24:20:36","h":"Est","s":"25N-H55NV20I-80-I"},{"r":"197","t":"24:20:36","h":"Est","s":"25S-H55S000I-80-I"},{"r":"197","t":"24:20:36","h":"Est","s":"25S-H55S100F-80-F1"},{"r":"197","t":"24:20:36","h":"Est","s":"25S-H55S200F-80-F2"},{"r":"197","t":"24:23:12","h":"Est","s":"25N-H55N000S-80-S"},{"r":"197","t":"24:23:12","h":"Est","s":"25N-H55N000S-82-S"},{"r":"197","t":"24:23:12","h":"Est","s":"25N-H55NV10S-85-S"},{"r":"197","t":"24:23:12","h":"Est","s":"25N-H55NV20S-81-S"},{"r":"197","t":"24:23:12","h":"Est","s":"25S-H55S000S-82-S"},{"r":"197","t":"24:44:12","h":"Est","s":"25N-H55N000A-80-A"},{"r":"197","t":"24:44:12","h":"Est","s":"25N-H55NV10A-80-A"},{"r":"197","t":"24:44:12","h":"Est","s":"25N-H55NV20A-80-A"},{"r":"197","t":"24:44:12","h":"Est","s":"25S-H55S000A-80-A"},{"r":"197","t":"24:49:36","h":"Est","s":"25N-H55N000I-80-I"},{"r":"197","t":"24:49:36","h":"Est","s":"25N-H55N100F-80-F1"},{"r":"197","t":"24:49:36","h":"Est","s":"25N-H55N200F-80-F2"},{"r":"197","t":"24:49:36","h":"Est","s":"25N-H55N300F-80-F3"},{"r":"197","t":"24:49:36","h":"Est","s":"25N-H55N400F-80-F4"},{"r":"197","t":"24:49:36","h":"Est","s":"25N-H55NV10I-80-I"},{"r":"197","t":"24:49:36","h":"Est","s":"25N-H55NV20I-80-I"},{"r":"197","t":"24:49:36","h":"Est","s":"25S-H55S000I-80-I"},{"r":"197","t":"24:49:36","h":"Est","s":"25S-H55S100F-80-F1"},{"r":"197","t":"24:49:36","h":"Est","s":"25S-H55S200F-80-F2"},{"r":"197","t":"24:51:12","h":"Est","s":"25N-H55N000S-80-S"},{"r":"197","t":"24:51:12","h":"Est","s":"25N-H55N000S-82-S"},{"r":"197","t":"24:51:12","h":"Est","s":"25N-H55NV10S-85-S"},{"r":"197","t":"24:51:12","h":"Est","s":"25N-H55NV20S-81-S"},{"r":"197","t":"24:51:12","h":"Est","s":"25S-H55S000S-82-S"},{"r":"197","t":"25:17:12","h":"Est","s":"25N-H55N000A-80-A"},{"r":"197","t":"25:17:12","h":"Est","s":"25N-H55NV10A-80-A"},{"r":"197","t":"25:17:12","h":"Est","s":"25N-H55NV20A-80-A"},{"r":"197","t":"25:17:12","h":"Est","s":"25S-H55S000A-80-A"},{"r":"197","t":"25:17:36","h":"Est","s":"25N-H55N000I-80-I"},{"r":"197","t":"25:17:36","h":"Est","s":"25N-H55N100F-80-F1"},{"r":"197","t":"25:17:36","h":"Est","s":"25N-H55N200F-80-F2"},{"r":"197","t":"25:17:36","h":"Est","s":"25N-H55N300F-80-F3"},{"r":"197","t":"25:17:36","h":"Est","s":"25N-H55N400F-80-F4"},{"r":"197","t":"25:17:36","h":"Est","s":"25N-H55NV10I-80-I"},{"r":"197","t":"25:17:36","h":"Est","s":"25N-H55NV20I-80-I"},{"r":"197","t":"25:17:36","h":"Est","s":"25S-H55S000I-80-I"},{"r":"197","t":"25:17:36","h":"Est","s":"25S-H55S100F-80-F1"},{"r":"197","t":"25:17:36","h":"Est","s":"25S-H55S200F-80-F2"},{"r":"197","t":"25:19:12","h":"Est","s":"25N-H55N000S-80-S"},{"r":"197","t":"25:19:12","h":"Est","s":"25N-H55N000S-82-S"},{"r":"197","t":"25:19:12","h":"Est","s":"25N-H55NV10S-85-S"},{"r":"197","t":"25:19:12","h":"Est","s":"25N-H55NV20S-81-S"},{"r":"197","t":"25:19:12","h":"Est","s":"25S-H55S000S-82-S"},{"r":"197","t":"25:50:12","h":"Est","s":"25N-H55N000A-80-A"},{"r":"197","t":"25:50:12","h":"Est","s":"25N-H55NV10A-80-A"},{"r":"197","t":"25:50:12","h":"Est","s":"25N-H55NV20A-80-A"},{"r":"197","t":"25:50:12","h":"Est","s":"25S-H55S000A-80-A"},{"r":"370","t":"25:53:20","h":"Est","s":"25N-H55N000I-80-I"},{"r":"370","t":"25:53:20","h":"Est","s":"25N-H55N100F-80-F1"},{"r":"370","t":"25:53:20","h":"Est","s":"25N-H55N200F-80-F2"},{"r":"370","t":"25:53:20","h":"Est","s":"25N-H55N300F-80-F3"},{"r":"370","t":"25:53:20","h":"Est","s":"25N-H55N400F-80-F4"},{"r":"370","t":"25:53:20","h":"Est","s":"25N-H55NV10I-80-I"},{"r":"370","t":"25:53:20","h":"Est","s":"25N-H55NV20I-80-I"},{"r":"370","t":"25:53:20","h":"Est","s":"25S-H55S000I-80-I"},{"r":"370","t":"25:53:20","h":"Est","s":"25S-H55S100F-80-F1"},{"r":"370","t":"25:53:20","h":"Est","s":"25S-H55S200F-80-F2"},{"r":"370","t":"25:54:26","h":"Est","s":"25N-H55N000S-80-S"},{"r":"370","t":"25:54:26","h":"Est","s":"25N-H55N000S-82-S"},{"r":"370","t":"25:54:26","h":"Est","s":"25N-H55NV10S-85-S"},{"r":"370","t":"25:54:26","h":"Est","s":"25N-H55NV20S-81-S"},{"r":"370","t":"25:54:26","h":"Est","s":"25S-H55S000S-82-S"},{"r":"370","t":"25:56:20","h":"Est","s":"25N-H55N000A-80-A"},{"r":"370","t":"25:56:20","h":"Est","s":"25N-H55NV10A-80-A"},{"r":"370","t":"25:56:20","h":"Est","s":"25N-H55NV20A-80-A"},{"r":"370","t":"25:56:20","h":"Est","s":"25S-H55S000A-80-A"},{"r":"370","t":"26:38:20","h":"Est","s":"25N-H55N000I-80-I"},{"r":"370","t":"26:38:20","h":"Est","s":"25N-H55N100F-80-F1"},{"r":"370","t":"26:38:20","h":"Est","s":"25N-H55N200F-80-F2"},{"r":"370","t":"26:38:20","h":"Est","s":"25N-H55N300F-80-F3"},{"r":"370","t":"26:38:20","h":"Est","s":"25N-H55N400F-80-F4"},{"r":"370","t":"26:38:20","h":"Est","s":"25N-H55NV10I-80-I"},{"r":"370","t":"26:38:20","h":"Est","s":"25N-H55NV20I-80-I"},{"r":"370","t":"26:38:20","h":"Est","s":"25S-H55S000I-80-I"},{"r":"370","t":"26:38:20","h":"Est","s":"25S-H55S100F-80-F1"},{"r":"370","t":"26:38:20","h":"Est","s":"25S-H55S200F-80-F2"},{"r":"370","t":"26:39:26","h":"Est","s":"25N-H55N000S-80-S"},{"r":"370","t":"26:39:26","h":"Est","s":"25N-H55N000S-82-S"},{"r":"370","t":"26:39:26","h":"Est","s":"25N-H55NV10S-85-S"},{"r":"370","t":"26:39:26","h":"Est","s":"25N-H55NV20S-81-S"},{"r":"370","t":"26:39:26","h":"Est","s":"25S-H55S000S-82-S"},{"r":"370","t":"26:41:20","h":"Est","s":"25N-H55N000A-80-A"},{"r":"370","t":"26:41:20","h":"Est","s":"25N-H55NV10A-80-A"},{"r":"370","t":"26:41:20","h":"Est","s":"25N-H55NV20A-80-A"},{"r":"370","t":"26:41:20","h":"Est","s":"25S-H55S000A-80-A"},{"r":"370","t":"27:22:26","h":"Est","s":"25N-H55N000S-80-S"},{"r":"370","t":"27:22:26","h":"Est","s":"25N-H55N000S-82-S"},{"r":"370","t":"27:22:26","h":"Est","s":"25N-H55NV10S-85-S"},{"r":"370","t":"27:22:26","h":"Est","s":"25N-H55NV20S-81-S"},{"r":"370","t":"27:22:26","h":"Est","s":"25S-H55S000S-82-S"},{"r":"370","t":"27:23:20","h":"Est","s":"25N-H55N000I-80-I"},{"r":"370","t":"27:23:20","h":"Est","s":"25N-H55N100F-80-F1"},{"r":"370","t":"27:23:20","h":"Est","s":"25N-H55N200F-80-F2"},{"r":"370","t":"27:23:20","h":"Est","s":"25N-H55N300F-80-F3"},{"r":"370","t":"27:23:20","h":"Est","s":"25N-H55N400F-80-F4"},{"r":"370","t":"27:23:20","h":"Est","s":"25N-H55NV10I-80-I"},{"r":"370","t":"27:23:20","h":"Est","s":"25N-H55NV20I-80-I"},{"r":"370","t":"27:23:20","h":"Est","s":"25S-H55S000I-80-I"},{"r":"370","t":"27:23:20","h":"Est","s":"25S-H55S100F-80-F1"},{"r":"370","t":"27:23:20","h":"Est","s":"25S-H55S200F-80-F2"},{"r":"370","t":"27:26:20","h":"Est","s":"25N-H55N000A-80-A"},{"r":"370","t":"27:26:20","h":"Est","s":"25N-H55NV10A-80-A"},{"r":"370","t":"27:26:20","h":"Est","s":"25N-H55NV20A-80-A"},{"r":"370","t":"27:26:20","h":"Est","s":"25S-H55S000A-80-A"},{"r":"370","t":"28:07:26","h":"Est","s":"25N-H55N000S-80-S"},{"r":"370","t":"28:07:26","h":"Est","s":"25N-H55N000S-82-S"},{"r":"370","t":"28:07:26","h":"Est","s":"25N-H55NV10S-85-S"},{"r":"370","t":"28:07:26","h":"Est","s":"25N-H55NV20S-81-S"},{"r":"370","t":"28:07:26","h":"Est","s":"25S-H55S000S-82-S"},{"r":"370","t":"28:08:20","h":"Est","s":"25N-H55N000I-80-I"},{"r":"370","t":"28:08:20","h":"Est","s":"25N-H55N100F-80-F1"},{"r":"370","t":"28:08:20","h":"Est","s":"25N-H55N200F-80-F2"},{"r":"370","t":"28:08:20","h":"Est","s":"25N-H55N300F-80-F3"},{"r":"370","t":"28:08:20","h":"Est","s":"25N-H55N400F-80-F4"},{"r":"370","t":"28:08:20","h":"Est","s":"25N-H55NV10I-80-I"},{"r":"370","t":"28:08:20","h":"Est","s":"25N-H55NV20I-80-I"},{"r":"370","t":"28:08:20","h":"Est","s":"25S-H55S000I-80-I"},{"r":"370","t":"28:08:20","h":"Est","s":"25S-H55S100F-80-F1"},{"r":"370","t":"28:08:20","h":"Est","s":"25S-H55S200F-80-F2"},{"r":"370","t":"28:11:20","h":"Est","s":"25N-H55N000A-80-A"},{"r":"370","t":"28:11:20","h":"Est","s":"25N-H55NV10A-80-A"},{"r":"370","t":"28:11:20","h":"Est","s":"25N-H55NV20A-80-A"},{"r":"370","t":"28:11:20","h":"Est","s":"25S-H55S000A-80-A"},{"r":"370","t":"28:53:20","h":"Est","s":"25N-H55N000I-80-I"},{"r":"370","t":"28:53:20","h":"Est","s":"25N-H55N100F-80-F1"},{"r":"370","t":"28:53:20","h":"Est","s":"25N-H55N200F-80-F2"},{"r":"370","t":"28:53:20","h":"Est","s":"25N-H55N300F-80-F3"},{"r":"370","t":"28:53:20","h":"Est","s":"25N-H55N400F-80-F4"},{"r":"370","t":"28:53:20","h":"Est","s":"25N-H55NV10I-80-I"},{"r":"370","t":"28:53:20","h":"Est","s":"25N-H55NV20I-80-I"},{"r":"370","t":"28:53:20","h":"Est","s":"25S-H55S000I-80-I"},{"r":"370","t":"28:53:20","h":"Est","s":"25S-H55S100F-80-F1"},{"r":"370","t":"28:53:20","h":"Est","s":"25S-H55S200F-80-F2"},{"r":"370","t":"28:53:26","h":"Est","s":"25N-H55N000S-80-S"},{"r":"370","t":"28:53:26","h":"Est","s":"25N-H55N000S-82-S"},{"r":"370","t":"28:53:26","h":"Est","s":"25N-H55NV10S-85-S"},{"r":"370","t":"28:53:26","h":"Est","s":"25N-H55NV20S-81-S"},{"r":"370","t":"28:53:26","h":"Est","s":"25S-H55S000S-82-S"},{"r":"370","t":"28:54:20","h":"Est","s":"25N-H55N000A-80-A"},{"r":"370","t":"28:54:20","h":"Est","s":"25N-H55NV10A-80-A"},{"r":"370","t":"28:54:20","h":"Est","s":"25N-H55NV20A-80-A"},{"r":"370","t":"28:54:20","h":"Est","s":"25S-H55S000A-80-A"}]