[{"r":"24","t":"05:34:54","h":"Ouest","s":"25N-H59N000S-80-S"},{"r":"24","t":"05:34:54","h":"Ouest","s":"25N-H59NV10S-84-S"},{"r":"24","t":"05:34:54","h":"Ouest","s":"25N-H59NV20S-80-S"},{"r":"24","t":"05:34:54","h":"Ouest","s":"25S-H59S000S-81-S"},{"r":"24","t":"05:52:05","h":"Ouest","s":"25N-H59N000A-80-A"},{"r":"24","t":"05:52:05","h":"Ouest","s":"25N-H59N000I-80-I"},{"r":"24","t":"05:52:05","h":"Ouest","s":"25N-H59N100F-80-F1"},{"r":"24","t":"05:52:05","h":"Ouest","s":"25N-H59N200F-81-F2"},{"r":"24","t":"05:52:05","h":"Ouest","s":"25N-H59N300F-80-F3"},{"r":"24","t":"05:52:05","h":"Ouest","s":"25N-H59N400F-80-F4"},{"r":"24","t":"05:52:05","h":"Ouest","s":"25N-H59NV10A-80-A"},{"r":"24","t":"05:52:05","h":"Ouest","s":"25N-H59NV10I-80-I"},{"r":"24","t":"05:52:05","h":"Ouest","s":"25N-H59NV20I-80-I"},{"r":"24","t":"05:52:05","h":"Ouest","s":"25N-H59VN20A-80-A"},{"r":"24","t":"05:52:05","h":"Ouest","s":"25S-H59S000A-81-A"},{"r":"24","t":"05:52:05","h":"Ouest","s":"25S-H59S000I-81-I"},{"r":"24","t":"05:52:05","h":"Ouest","s":"25S-H59S100F-81-F1"},{"r":"24","t":"05:52:05","h":"Ouest","s":"25S-H59S200F-81-F2"},{"r":"24","t":"06:04:54","h":"Ouest","s":"25N-H59N000S-80-S"},{"r":"24","t":"06:04:54","h":"Ouest","s":"25N-H59NV10S-84-S"},{"r":"24","t":"06:04:54","h":"Ouest","s":"25N-H59NV20S-80-S"},{"r":"24","t":"06:04:54","h":"Ouest","s":"25S-H59S000S-81-S"},{"r":"24","t":"06:21:05","h":"Ouest","s":"25N-H59N000A-80-A"},{"r":"24","t":"06:21:05","h":"Ouest","s":"25N-H59NV10A-80-A"},{"r":"24","t":"06:21:05","h":"Ouest","s":"25N-H59VN20A-80-A"},{"r":"24","t":"06:21:05","h":"Ouest","s":"25S-H59S000A-81-A"},{"r":"24","t":"06:23:05","h":"Ouest","s":"25N-H59N000I-80-I"},{"r":"24","t":"06:23:05","h":"Ouest","s":"25N-H59N100F-80-F1"},{"r":"24","t":"06:23:05","h":"Ouest","s":"25N-H59N200F-81-F2"},{"r":"24","t":"06:23:05","h":"Ouest","s":"25N-H59N300F-80-F3"},{"r":"24","t":"06:23:05","h":"Ouest","s":"25N-H59N400F-80-F4"},{"r":"24","t":"06:23:05","h":"Ouest","s":"25N-H59NV10I-80-I"},{"r":"24","t":"06:23:05","h":"Ouest","s":"25N-H59NV20I-80-I"},{"r":"24","t":"06:23:05","h":"Ouest","s":"25S-H59S000I-81-I"},{"r":"24","t":"06:23:05","h":"Ouest","s":"25S-H59S100F-81-F1"},{"r":"24","t":"06:23:05","h":"Ouest","s":"25S-H59S200F-81-F2"},{"r":"24","t":"06:39:44","h":"Ouest","s":"25N-H59N000S-80-S"},{"r":"24","t":"06:39:44","h":"Ouest","s":"25N-H59NV10S-84-S"},{"r":"24","t":"06:39:44","h":"Ouest","s":"25N-H59NV20S-80-S"},{"r":"24","t":"06:39:44","h":"Ouest","s":"25S-H59S000S-81-S"},{"r":"24","t":"06:51:05","h":"Ouest","s":"25N-H59N000A-80-A"},{"r":"24","t":"06:51:05","h":"Ouest","s":"25N-H59NV10A-80-A"},{"r":"24","t":"06:51:05","h":"Ouest","s":"25N-H59VN20A-80-A"},{"r":"24","t":"06:51:05","h":"Ouest","s":"25S-H59S000A-81-A"},{"r":"24","t":"06:52:44","h":"Ouest","s":"25N-H59N000S-80-S"},{"r":"24","t":"06:52:44","h":"Ouest","s":"25N-H59NV10S-84-S"},{"r":"24","t":"06:52:44","h":"Ouest","s":"25N-H59NV20S-80-S"},{"r":"24","t":"06:52:44","h":"Ouest","s":"25S-H59S000S-81-S"},{"r":"24","t":"06:54:05","h":"Ouest","s":"25N-H59N000I-80-I"},{"r":"24","t":"06:54:05","h":"Ouest","s":"25N-H59N100F-80-F1"},{"r":"24","t":"06:54:05","h":"Ouest","s":"25N-H59N200F-81-F2"},{"r":"24","t":"06:54:05","h":"Ouest","s":"25N-H59N300F-80-F3"},{"r":"24","t":"06:54:05","h":"Ouest","s":"25N-H59N400F-80-F4"},{"r":"24","t":"06:54:05","h":"Ouest","s":"25N-H59NV10I-80-I"},{"r":"24","t":"06:54:05","h":"Ouest","s":"25N-H59NV20I-80-I"},{"r":"24","t":"06:54:05","h":"Ouest","s":"25S-H59S000I-81-I"},{"r":"24","t":"06:54:05","h":"Ouest","s":"25S-H59S100F-81-F1"},{"r":"24","t":"06:54:05","h":"Ouest","s":"25S-H59S200F-81-F2"},{"r":"24","t":"07:04:44","h":"Ouest","s":"25N-H59N000S-80-S"},{"r":"24","t":"07:04:44","h":"Ouest","s":"25N-H59NV10S-84-S"},{"r":"24","t":"07:04:44","h":"Ouest","s":"25N-H59NV20S-80-S"},{"r":"24","t":"07:04:44","h":"Ouest","s":"25S-H59S000S-81-S"},{"r":"24","t":"07:16:44","h":"Ouest","s":"25N-H59N000S-80-S"},{"r":"24","t":"07:16:44","h":"Ouest","s":"25N-H59NV10S-84-S"},{"r":"24","t":"07:16:44","h":"Ouest","s":"25N-H59NV20S-80-S"},{"r":"24","t":"07:16:44","h":"Ouest","s":"25S-H59S000S-81-S"},{"r":"24","t":"07:23:54","h":"Ouest","s":"25N-H59N000A-80-A"},{"r":"24","t":"07:23:54","h":"Ouest","s":"25N-H59NV10A-80-A"},{"r":"24","t":"07:23:54","h":"Ouest","s":"25N-H59VN20A-80-A"},{"r":"24","t":"07:23:54","h":"Ouest","s":"25S-H59S000A-81-A"},{"r":"24","t":"07:24:54","h":"Ouest","s":"25N-H59N000I-80-I"},{"r":"24","t":"07:24:54","h":"Ouest","s":"25N-H59N100F-80-F1"},{"r":"24","t":"07:24:54","h":"Ouest","s":"25N-H59N200F-81-F2"},{"r":"24","t":"07:24:54","h":"Ouest","s":"25N-H59N300F-80-F3"},{"r":"24","t":"07:24:54","h":"Ouest","s":"25N-H59N400F-80-F4"},{"r":"24","t":"07:24:54","h":"Ouest","s":"25N-H59NV10I-80-I"},{"r":"24","t":"07:24:54","h":"Ouest","s":"25N-H59NV20I-80-I"},{"r":"24","t":"07:24:54","h":"Ouest","s":"25S-H59S000I-81-I"},{"r":"24","t":"07:24:54","h":"Ouest","s":"25S-H59S100F-81-F1"},{"r":"24","t":"07:24:54","h":"Ouest","s":"25S-H59S200F-81-F2"},{"r":"24","t":"07:30:33","h":"Ouest","s":"25N-H59N000S-80-S"},{"r":"24","t":"07:30:33","h":"Ouest","s":"25N-H59NV10S-84-S"},{"r":"24","t":"07:30:33","h":"Ouest","s":"25N-H59NV20S-80-S"},{"r":"24","t":"07:30:33","h":"Ouest","s":"25S-H59S000S-81-S"},{"r":"24","t":"07:42:33","h":"Ouest","s":"25N-H59N000S-80-S"},{"r":"24","t":"07:42:33","h":"Ouest","s":"25N-H59NV10S-84-S"},{"r":"24","t":"07:42:33","h":"Ouest","s":"25N-H59NV20S-80-S"},{"r":"24","t":"07:42:33","h":"Ouest","s":"25S-H59S000S-81-S"},{"r":"24","t":"07:43:54","h":"Ouest","s":"25N-H59N000A-80-A"},{"r":"24","t":"07:43:54","h":"Ouest","s":"25N-H59NV10A-80-A"},{"r":"24","t":"07:43:54","h":"Ouest","s":"25N-H59VN20A-80-A"},{"r":"24","t":"07:43:54","h":"Ouest","s":"25S-H59S000A-81-A"},{"r":"24","t":"07:54:33","h":"Ouest","s":"25N-H59N000S-80-S"},{"r":"24","t":"07:54:33","h":"Ouest","s":"25N-H59NV10S-84-S"},{"r":"24","t":"07:54:33","h":"Ouest","s":"25N-H59NV20S-80-S"},{"r":"24","t":"07:54:33","h":"Ouest","s":"25S-H59S000S-81-S"},{"r":"24","t":"07:56:54","h":"Ouest","s":"25N-H59N000I-80-I"},{"r":"24","t":"07:56:54","h":"Ouest","s":"25N-H59N100F-80-F1"},{"r":"24","t":"07:56:54","h":"Ouest","s":"25N-H59N200F-81-F2"},{"r":"24","t":"07:56:54","h":"Ouest","s":"25N-H59N300F-80-F3"},{"r":"24","t":"07:56:54","h":"Ouest","s":"25N-H59N400F-80-F4"},{"r":"24","t":"07:56:54","h":"Ouest","s":"25N-H59NV10I-80-I"},{"r":"24","t":"07:56:54","h":"Ouest","s":"25N-H59NV20I-80-I"},{"r":"24","t":"07:56:54","h":"Ouest","s":"25S-H59S000I-81-I"},{"r":"24","t":"07:56:54","h":"Ouest","s":"25S-H59S100F-81-F1"},{"r":"24","t":"07:56:54","h":"Ouest","s":"25S-H59S200F-81-F2"},{"r":"24","t":"07:59:33","h":"Ouest","s":"25N-H59N000S-80-S"},{"r":"24","t":"07:59:33","h":"Ouest","s":"25N-H59NV10S-84-S"},{"r":"24","t":"07:59:33","h":"Ouest","s":"25N-H59NV20S-80-S"},{"r":"24","t":"07:59:33","h":"Ouest","s":"25S-H59S000S-81-S"},{"r":"24","t":"08:03:54","h":"Ouest","s":"25N-H59N000A-80-A"},{"r":"24","t":"08:03:54","h":"Ouest","s":"25N-H59NV10A-80-A"},{"r":"24","t":"08:03:54","h":"Ouest","s":"25N-H59VN20A-80-A"},{"r":"24","t":"08:03:54","h":"Ouest","s":"25S-H59S000A-81-A"},{"r":"24","t":"08:06:33","h":"Ouest","s":"25N-H59N000S-80-S"},{"r":"24","t":"08:06:33","h":"Ouest","s":"25N-H59NV10S-84-S"},{"r":"24","t":"08:06:33","h":"Ouest","s":"25N-H59NV20S-80-S"},{"r":"24","t":"08:06:33","h":"Ouest","s":"25S-H59S000S-81-S"},{"r":"24","t":"08:10:33","h":"Ouest","s":"25N-H56N000S-80-S"},{"r":"24","t":"08:10:33","h":"Ouest","s":"25N-H56NV10S-80-S"},{"r":"24","t":"08:10:33","h":"Ouest","s":"25N-H56NV20S-80-S"},{"r":"24","t":"08:10:33","h":"Ouest","s":"25S-H56S000S-80-S"},{"r":"24","t":"08:18:33","h":"Ouest","s":"25N-H59N000S-80-S"},{"r":"24","t":"08:18:33","h":"Ouest","s":"25N-H59NV10S-84-S"},{"r":"24","t":"08:18:33","h":"Ouest","s":"25N-H59NV20S-80-S"},{"r":"24","t":"08:18:33","h":"Ouest","s":"25S-H59S000S-81-S"},{"r":"24","t":"08:23:54","h":"Ouest","s":"25N-H59N000A-80-A"},{"r":"24","t":"08:23:54","h":"Ouest","s":"25N-H59NV10A-80-A"},{"r":"24","t":"08:23:54","h":"Ouest","s":"25N-H59VN20A-80-A"},{"r":"24","t":"08:23:54","h":"Ouest","s":"25S-H59S000A-81-A"},{"r":"24","t":"08:24:33","h":"Ouest","s":"25N-H59N000S-80-S"},{"r":"24","t":"08:24:33","h":"Ouest","s":"25N-H59NV10S-84-S"},{"r":"24","t":"08:24:33","h":"Ouest","s":"25N-H59NV20S-80-S"},{"r":"24","t":"08:24:33","h":"Ouest","s":"25S-H59S000S-81-S"},{"r":"24","t":"08:27:54","h":"Ouest","s":"25N-H59N000I-80-I"},{"r":"24","t":"08:27:54","h":"Ouest","s":"25N-H59N100F-80-F1"},{"r":"24","t":"08:27:54","h":"Ouest","s":"25N-H59N200F-81-F2"},{"r":"24","t":"08:27:54","h":"Ouest","s":"25N-H59N300F-80-F3"},{"r":"24","t":"08:27:54","h":"Ouest","s":"25N-H59N400F-80-F4"},{"r":"24","t":"08:27:54","h":"Ouest","s":"25N-H59NV10I-80-I"},{"r":"24","t":"08:27:54","h":"Ouest","s":"25N-H59NV20I-80-I"},{"r":"24","t":"08:27:54","h":"Ouest","s":"25S-H59S000I-81-I"},{"r":"24","t":"08:27:54","h":"Ouest","s":"25S-H59S100F-81-F1"},{"r":"24","t":"08:27:54","h":"Ouest","s":"25S-H59S200F-81-F2"},{"r":"24","t":"08:29:33","h":"Ouest","s":"25N-H59N000S-80-S"},{"r":"24","t":"08:29:33","h":"Ouest","s":"25N-H59NV10S-84-S"},{"r":"24","t":"08:29:33","h":"Ouest","s":"25N-H59NV20S-80-S"},{"r":"24","t":"08:29:33","h":"Ouest","s":"25S-H59S000S-81-S"},{"r":"24","t":"08:34:33","h":"Ouest","s":"25N-H59N000S-80-S"},{"r":"24","t":"08:34:33","h":"Ouest","s":"25N-H59NV10S-84-S"},{"r":"24","t":"08:34:33","h":"Ouest","s":"25N-H59NV20S-80-S"},{"r":"24","t":"08:34:33","h":"Ouest","s":"25S-H59S000S-81-S"},{"r":"24","t":"08:41:33","h":"Ouest","s":"25N-H59N000S-80-S"},{"r":"24","t":"08:41:33","h":"Ouest","s":"25N-H59NV10S-84-S"},{"r":"24","t":"08:41:33","h":"Ouest","s":"25N-H59NV20S-80-S"},{"r":"24","t":"08:41:33","h":"Ouest","s":"25S-H59S000S-81-S"},{"r":"24","t":"08:45:33","h":"Ouest","s":"25N-H59N000A-80-A"},{"r":"24","t":"08:45:33","h":"Ouest","s":"25N-H59N000S-80-S"},{"r":"24","t":"08:45:33","h":"Ouest","s":"25N-H59NV10A-80-A"},{"r":"24","t":"08:45:33","h":"Ouest","s":"25N-H59NV10S-84-S"},{"r":"24","t":"08:45:33","h":"Ouest","s":"25N-H59NV20S-80-S"},{"r":"24","t":"08:45:33","h":"Ouest","s":"25N-H59VN20A-80-A"},{"r":"24","t":"08:45:33","h":"Ouest","s":"25S-H59S000A-81-A"},{"r":"24","t":"08:45:33","h":"Ouest","s":"25S-H59S000S-81-S"},{"r":"24","t":"08:49:33","h":"Ouest","s":"25N-H59N000S-80-S"},{"r":"24","t":"08:49:33","h":"Ouest","s":"25N-H59NV10S-84-S"},{"r":"24","t":"08:49:33","h":"Ouest","s":"25N-H59NV20S-80-S"},{"r":"24","t":"08:49:33","h":"Ouest","s":"25S-H59S000S-81-S"},{"r":"24","t":"08:49:44","h":"Ouest","s":"25N-H59N000I-80-I"},{"r":"24","t":"08:49:44","h":"Ouest","s":"25N-H59N100F-80-F1"},{"r":"24","t":"08:49:44","h":"Ouest","s":"25N-H59N200F-81-F2"},{"r":"24","t":"08:49:44","h":"Ouest","s":"25N-H59N300F-80-F3"},{"r":"24","t":"08:49:44","h":"Ouest","s":"25N-H59N400F-80-F4"},{"r":"24","t":"08:49:44","h":"Ouest","s":"25N-H59NV10I-80-I"},{"r":"24","t":"08:49:44","h":"Ouest","s":"25N-H59NV20I-80-I"},{"r":"24","t":"08:49:44","h":"Ouest","s":"25S-H59S000I-81-I"},{"r":"24","t":"08:49:44","h":"Ouest","s":"25S-H59S100F-81-F1"},{"r":"24","t":"08:49:44","h":"Ouest","s":"25S-H59S200F-81-F2"},{"r":"24","t":"08:54:33","h":"Ouest","s":"25N-H59N000S-80-S"},{"r":"24","t":"08:54:33","h":"Ouest","s":"25N-H59NV10S-84-S"},{"r":"24","t":"08:54:33","h":"Ouest","s":"25N-H59NV20S-80-S"},{"r":"24","t":"08:54:33","h":"Ouest","s":"25S-H59S000S-81-S"},{"r":"24","t":"08:59:33","h":"Ouest","s":"25N-H59N000S-80-S"},{"r":"24","t":"08:59:33","h":"Ouest","s":"25N-H59NV10S-84-S"},{"r":"24","t":"08:59:33","h":"Ouest","s":"25N-H59NV20S-80-S"},{"r":"24","t":"08:59:33","h":"Ouest","s":"25S-H59S000S-81-S"},{"r":"24","t":"09:05:33","h":"Ouest","s":"25N-H59N000A-80-A"},{"r":"24","t":"09:05:33","h":"Ouest","s":"25N-H59N000S-80-S"},{"r":"24","t":"09:05:33","h":"Ouest","s":"25N-H59NV10A-80-A"},{"r":"24","t":"09:05:33","h":"Ouest","s":"25N-H59NV10S-84-S"},{"r":"24","t":"09:05:33","h":"Ouest","s":"25N-H59NV20S-80-S"},{"r":"24","t":"09:05:33","h":"Ouest","s":"25N-H59VN20A-80-A"},{"r":"24","t":"09:05:33","h":"Ouest","s":"25S-H59S000A-81-A"},{"r":"24","t":"09:05:33","h":"Ouest","s":"25S-H59S000S-81-S"},{"r":"24","t":"09:11:33","h":"Ouest","s":"25N-H59N000S-80-S"},{"r":"24","t":"09:11:33","h":"Ouest","s":"25N-H59NV10S-84-S"},{"r":"24","t":"09:11:33","h":"Ouest","s":"25N-H59NV20S-80-S"},{"r":"24","t":"09:11:33","h":"Ouest","s":"25S-H59S000S-81-S"},{"r":"24","t":"09:12:44","h":"Ouest","s":"25N-H59N000I-80-I"},{"r":"24","t":"09:12:44","h":"Ouest","s":"25N-H59N100F-80-F1"},{"r":"24","t":"09:12:44","h":"Ouest","s":"25N-H59N200F-81-F2"},{"r":"24","t":"09:12:44","h":"Ouest","s":"25N-H59N300F-80-F3"},{"r":"24","t":"09:12:44","h":"Ouest","s":"25N-H59N400F-80-F4"},{"r":"24","t":"09:12:44","h":"Ouest","s":"25N-H59NV10I-80-I"},{"r":"24","t":"09:12:44","h":"Ouest","s":"25N-H59NV20I-80-I"},{"r":"24","t":"09:12:44","h":"Ouest","s":"25S-H59S000I-81-I"},{"r":"24","t":"09:12:44","h":"Ouest","s":"25S-H59S100F-81-F1"},{"r":"24","t":"09:12:44","h":"Ouest","s":"25S-H59S200F-81-F2"},{"r":"24","t":"09:17:33","h":"Ouest","s":"25N-H59N000S-80-S"},{"r":"24","t":"09:17:33","h":"Ouest","s":"25N-H59NV10S-84-S"},{"r":"24","t":"09:17:33","h":"Ouest","s":"25N-H59NV20S-80-S"},{"r":"24","t":"09:17:33","h":"Ouest","s":"25S-H59S000S-81-S"},{"r":"24","t":"09:22:33","h":"Ouest","s":"25N-H59N000A-80-A"},{"r":"24","t":"09:22:33","h":"Ouest","s":"25N-H59NV10A-80-A"},{"r":"24","t":"09:22:33","h":"Ouest","s":"25N-H59VN20A-80-A"},{"r":"24","t":"09:22:33","h":"Ouest","s":"25S-H59S000A-81-A"},{"r":"24","t":"09:23:33","h":"Ouest","s":"25N-H59N000S-80-S"},{"r":"24","t":"09:23:33","h":"Ouest","s":"25N-H59NV10S-84-S"},{"r":"24","t":"09:23:33","h":"Ouest","s":"25N-H59NV20S-80-S"},{"r":"24","t":"09:23:33","h":"Ouest","s":"25S-H59S000S-81-S"},{"r":"24","t":"09:29:33","h":"Ouest","s":"25N-H59N000S-80-S"},{"r":"24","t":"09:29:33","h":"Ouest","s":"25N-H59NV10S-84-S"},{"r":"24","t":"09:29:33","h":"Ouest","s":"25N-H59NV20S-80-S"},{"r":"24","t":"09:29:33","h":"Ouest","s":"25S-H59S000S-81-S"},{"r":"24","t":"09:31:44","h":"Ouest","s":"25N-H59N000I-80-I"},{"r":"24","t":"09:31:44","h":"Ouest","s":"25N-H59N100F-80-F1"},{"r":"24","t":"09:31:44","h":"Ouest","s":"25N-H59N200F-81-F2"},{"r":"24","t":"09:31:44","h":"Ouest","s":"25N-H59N300F-80-F3"},{"r":"24","t":"09:31:44","h":"Ouest","s":"25N-H59N400F-80-F4"},{"r":"24","t":"09:31:44","h":"Ouest","s":"25N-H59NV10I-80-I"},{"r":"24","t":"09:31:44","h":"Ouest","s":"25N-H59NV20I-80-I"},{"r":"24","t":"09:31:44","h":"Ouest","s":"25S-H59S000I-81-I"},{"r":"24","t":"09:31:44","h":"Ouest","s":"25S-H59S100F-81-F1"},{"r":"24","t":"09:31:44","h":"Ouest","s":"25S-H59S200F-81-F2"},{"r":"24","t":"09:39:33","h":"Ouest","s":"25N-H59N000S-80-S"},{"r":"24","t":"09:39:33","h":"Ouest","s":"25N-H59NV10S-84-S"},{"r":"24","t":"09:39:33","h":"Ouest","s":"25N-H59NV20S-80-S"},{"r":"24","t":"09:39:33","h":"Ouest","s":"25S-H59S000S-81-S"},{"r":"24","t":"09:40:33","h":"Ouest","s":"25N-H59N000A-80-A"},{"r":"24","t":"09:40:33","h":"Ouest","s":"25N-H59NV10A-80-A"},{"r":"24","t":"09:40:33","h":"Ouest","s":"25N-H59VN20A-80-A"},{"r":"24","t":"09:40:33","h":"Ouest","s":"25S-H59S000A-81-A"},{"r":"24","t":"09:47:33","h":"Ouest","s":"25N-H59N000S-80-S"},{"r":"24","t":"09:47:33","h":"Ouest","s":"25N-H59NV10S-84-S"},{"r":"24","t":"09:47:33","h":"Ouest","s":"25N-H59NV20S-80-S"},{"r":"24","t":"09:47:33","h":"Ouest","s":"25S-H59S000S-81-S"},{"r":"24","t":"09:50:44","h":"Ouest","s":"25N-H59N000I-80-I"},{"r":"24","t":"09:50:44","h":"Ouest","s":"25N-H59N100F-80-F1"},{"r":"24","t":"09:50:44","h":"Ouest","s":"25N-H59N200F-81-F2"},{"r":"24","t":"09:50:44","h":"Ouest","s":"25N-H59N300F-80-F3"},{"r":"24","t":"09:50:44","h":"Ouest","s":"25N-H59N400F-80-F4"},{"r":"24","t":"09:50:44","h":"Ouest","s":"25N-H59NV10I-80-I"},{"r":"24","t":"09:50:44","h":"Ouest","s":"25N-H59NV20I-80-I"},{"r":"24","t":"09:50:44","h":"Ouest","s":"25S-H59S000I-81-I"},{"r":"24","t":"09:50:44","h":"Ouest","s":"25S-H59S100F-81-F1"},{"r":"24","t":"09:50:44","h":"Ouest","s":"25S-H59S200F-81-F2"},{"r":"24","t":"09:56:33","h":"Ouest","s":"25N-H59N000S-80-S"},{"r":"24","t":"09:56:33","h":"Ouest","s":"25N-H59NV10S-84-S"},{"r":"24","t":"09:56:33","h":"Ouest","s":"25N-H59NV20S-80-S"},{"r":"24","t":"09:56:33","h":"Ouest","s":"25S-H59S000S-81-S"},{"r":"24","t":"09:58:33","h":"Ouest","s":"25N-H59N000A-80-A"},{"r":"24","t":"09:58:33","h":"Ouest","s":"25N-H59NV10A-80-A"},{"r":"24","t":"09:58:33","h":"Ouest","s":"25N-H59VN20A-80-A"},{"r":"24","t":"09:58:33","h":"Ouest","s":"25S-H59S000A-81-A"},{"r":"24","t":"10:05:33","h":"Ouest","s":"25N-H59N000S-80-S"},{"r":"24","t":"10:05:33","h":"Ouest","s":"25N-H59NV10S-84-S"},{"r":"24","t":"10:05:33","h":"Ouest","s":"25N-H59NV20S-80-S"},{"r":"24","t":"10:05:33","h":"Ouest","s":"25S-H59S000S-81-S"},{"r":"24","t":"10:09:44","h":"Ouest","s":"25N-H59N000I-80-I"},{"r":"24","t":"10:09:44","h":"Ouest","s":"25N-H59N100F-80-F1"},{"r":"24","t":"10:09:44","h":"Ouest","s":"25N-H59N200F-81-F2"},{"r":"24","t":"10:09:44","h":"Ouest","s":"25N-H59N300F-80-F3"},{"r":"24","t":"10:09:44","h":"Ouest","s":"25N-H59N400F-80-F4"},{"r":"24","t":"10:09:44","h":"Ouest","s":"25N-H59NV10I-80-I"},{"r":"24","t":"10:09:44","h":"Ouest","s":"25N-H59NV20I-80-I"},{"r":"24","t":"10:09:44","h":"Ouest","s":"25S-H59S000I-81-I"},{"r":"24","t":"10:09:44","h":"Ouest","s":"25S-H59S100F-81-F1"},{"r":"24","t":"10:09:44","h":"Ouest","s":"25S-H59S200F-81-F2"},{"r":"24","t":"10:12:33","h":"Ouest","s":"25N-H59N000S-80-S"},{"r":"24","t":"10:12:33","h":"Ouest","s":"25N-H59NV10S-84-S"},{"r":"24","t":"10:12:33","h":"Ouest","s":"25N-H59NV20S-80-S"},{"r":"24","t":"10:12:33","h":"Ouest","s":"25S-H59S000S-81-S"},{"r":"24","t":"10:14:33","h":"Ouest","s":"25N-H59N000A-80-A"},{"r":"24","t":"10:14:33","h":"Ouest","s":"25N-H59NV10A-80-A"},{"r":"24","t":"10:14:33","h":"Ouest","s":"25N-H59VN20A-80-A"},{"r":"24","t":"10:14:33","h":"Ouest","s":"25S-H59S000A-81-A"},{"r":"24","t":"10:18:33","h":"Ouest","s":"25N-H59N000S-80-S"},{"r":"24","t":"10:18:33","h":"Ouest","s":"25N-H59NV10S-84-S"},{"r":"24","t":"10:18:33","h":"Ouest","s":"25N-H59NV20S-80-S"},{"r":"24","t":"10:18:33","h":"Ouest","s":"25S-H59S000S-81-S"},{"r":"24","t":"10:27:33","h":"Ouest","s":"25N-H59N000S-80-S"},{"r":"24","t":"10:27:33","h":"Ouest","s":"25N-H59NV10S-84-S"},{"r":"24","t":"10:27:33","h":"Ouest","s":"25N-H59NV20S-80-S"},{"r":"24","t":"10:27:33","h":"Ouest","s":"25S-H59S000S-81-S"},{"r":"24","t":"10:29:33","h":"Ouest","s":"25N-H59N000I-80-I"},{"r":"24","t":"10:29:33","h":"Ouest","s":"25N-H59N100F-80-F1"},{"r":"24","t":"10:29:33","h":"Ouest","s":"25N-H59N200F-81-F2"},{"r":"24","t":"10:29:33","h":"Ouest","s":"25N-H59N300F-80-F3"},{"r":"24","t":"10:29:33","h":"Ouest","s":"25N-H59N400F-80-F4"},{"r":"24","t":"10:29:33","h":"Ouest","s":"25N-H59NV10I-80-I"},{"r":"24","t":"10:29:33","h":"Ouest","s":"25N-H59NV20I-80-I"},{"r":"24","t":"10:29:33","h":"Ouest","s":"25S-H59S000I-81-I"},{"r":"24","t":"10:29:33","h":"Ouest","s":"25S-H59S100F-81-F1"},{"r":"24","t":"10:29:33","h":"Ouest","s":"25S-H59S200F-81-F2"},{"r":"24","t":"10:30:33","h":"Ouest","s":"25N-H59N000A-80-A"},{"r":"24","t":"10:30:33","h":"Ouest","s":"25N-H59NV10A-80-A"},{"r":"24","t":"10:30:33","h":"Ouest","s":"25N-H59VN20A-80-A"},{"r":"24","t":"10:30:33","h":"Ouest","s":"25S-H59S000A-81-A"},{"r":"24","t":"10:36:33","h":"Ouest","s":"25N-H55N000S-80-S"},{"r":"24","t":"10:36:33","h":"Ouest","s":"25N-H55N000S-82-S"},{"r":"24","t":"10:36:33","h":"Ouest","s":"25N-H55NV10S-85-S"},{"r":"24","t":"10:36:33","h":"Ouest","s":"25N-H55NV20S-81-S"},{"r":"24","t":"10:36:33","h":"Ouest","s":"25S-H55S000S-82-S"},{"r":"24","t":"10:46:33","h":"Ouest","s":"25N-H59N000S-80-S"},{"r":"24","t":"10:46:33","h":"Ouest","s":"25N-H59NV10S-84-S"},{"r":"24","t":"10:46:33","h":"Ouest","s":"25N-H59NV20S-80-S"},{"r":"24","t":"10:46:33","h":"Ouest","s":"25S-H59S000S-81-S"},{"r":"24","t":"10:47:33","h":"Ouest","s":"25N-H59N000A-80-A"},{"r":"24","t":"10:47:33","h":"Ouest","s":"25N-H59NV10A-80-A"},{"r":"24","t":"10:47:33","h":"Ouest","s":"25N-H59VN20A-80-A"},{"r":"24","t":"10:47:33","h":"Ouest","s":"25S-H59S000A-81-A"},{"r":"24","t":"10:48:33","h":"Ouest","s":"25N-H59N000I-80-I"},{"r":"24","t":"10:48:33","h":"Ouest","s":"25N-H59N100F-80-F1"},{"r":"24","t":"10:48:33","h":"Ouest","s":"25N-H59N200F-81-F2"},{"r":"24","t":"10:48:33","h":"Ouest","s":"25N-H59N300F-80-F3"},{"r":"24","t":"10:48:33","h":"Ouest","s":"25N-H59N400F-80-F4"},{"r":"24","t":"10:48:33","h":"Ouest","s":"25N-H59NV10I-80-I"},{"r":"24","t":"10:48:33","h":"Ouest","s":"25N-H59NV20I-80-I"},{"r":"24","t":"10:48:33","h":"Ouest","s":"25S-H59S000I-81-I"},{"r":"24","t":"10:48:33","h":"Ouest","s":"25S-H59S100F-81-F1"},{"r":"24","t":"10:48:33","h":"Ouest","s":"25S-H59S200F-81-F2"},{"r":"24","t":"10:56:33","h":"Ouest","s":"25N-H59N000S-80-S"},{"r":"24","t":"10:56:33","h":"Ouest","s":"25N-H59NV10S-84-S"},{"r":"24","t":"10:56:33","h":"Ouest","s":"25N-H59NV20S-80-S"},{"r":"24","t":"10:56:33","h":"Ouest","s":"25S-H59S000S-81-S"},{"r":"24","t":"11:06:22","h":"Ouest","s":"25N-H59N000A-80-A"},{"r":"24","t":"11:06:22","h":"Ouest","s":"25N-H59NV10A-80-A"},{"r":"24","t":"11:06:22","h":"Ouest","s":"25N-H59VN20A-80-A"},{"r":"24","t":"11:06:22","h":"Ouest","s":"25S-H59S000A-81-A"},{"r":"24","t":"11:06:33","h":"Ouest","s":"25N-H59N000S-80-S"},{"r":"24","t":"11:06:33","h":"Ouest","s":"25N-H59NV10S-84-S"},{"r":"24","t":"11:06:33","h":"Ouest","s":"25N-H59NV20S-80-S"},{"r":"24","t":"11:06:33","h":"Ouest","s":"25S-H59S000S-81-S"},{"r":"24","t":"11:09:33","h":"Ouest","s":"25N-H59N000I-80-I"},{"r":"24","t":"11:09:33","h":"Ouest","s":"25N-H59N100F-80-F1"},{"r":"24","t":"11:09:33","h":"Ouest","s":"25N-H59N200F-81-F2"},{"r":"24","t":"11:09:33","h":"Ouest","s":"25N-H59N300F-80-F3"},{"r":"24","t":"11:09:33","h":"Ouest","s":"25N-H59N400F-80-F4"},{"r":"24","t":"11:09:33","h":"Ouest","s":"25N-H59NV10I-80-I"},{"r":"24","t":"11:09:33","h":"Ouest","s":"25N-H59NV20I-80-I"},{"r":"24","t":"11:09:33","h":"Ouest","s":"25S-H59S000I-81-I"},{"r":"24","t":"11:09:33","h":"Ouest","s":"25S-H59S100F-81-F1"},{"r":"24","t":"11:09:33","h":"Ouest","s":"25S-H59S200F-81-F2"},{"r":"24","t":"11:16:33","h":"Ouest","s":"25N-H59N000S-80-S"},{"r":"24","t":"11:16:33","h":"Ouest","s":"25N-H59NV10S-84-S"},{"r":"24","t":"11:16:33","h":"Ouest","s":"25N-H59NV20S-80-S"},{"r":"24","t":"11:16:33","h":"Ouest","s":"25S-H59S000S-81-S"},{"r":"24","t":"11:24:22","h":"Ouest","s":"25N-H59N000A-80-A"},{"r":"24","t":"11:24:22","h":"Ouest","s":"25N-H59NV10A-80-A"},{"r":"24","t":"11:24:22","h":"Ouest","s":"25N-H59VN20A-80-A"},{"r":"24","t":"11:24:22","h":"Ouest","s":"25S-H59S000A-81-A"},{"r":"24","t":"11:25:33","h":"Ouest","s":"25N-H59N000S-80-S"},{"r":"24","t":"11:25:33","h":"Ouest","s":"25N-H59NV10S-84-S"},{"r":"24","t":"11:25:33","h":"Ouest","s":"25N-H59NV20S-80-S"},{"r":"24","t":"11:25:33","h":"Ouest","s":"25S-H59S000S-81-S"},{"r":"24","t":"11:31:33","h":"Ouest","s":"25N-H59N000I-80-I"},{"r":"24","t":"11:31:33","h":"Ouest","s":"25N-H59N100F-80-F1"},{"r":"24","t":"11:31:33","h":"Ouest","s":"25N-H59N200F-81-F2"},{"r":"24","t":"11:31:33","h":"Ouest","s":"25N-H59N300F-80-F3"},{"r":"24","t":"11:31:33","h":"Ouest","s":"25N-H59N400F-80-F4"},{"r":"24","t":"11:31:33","h":"Ouest","s":"25N-H59NV10I-80-I"},{"r":"24","t":"11:31:33","h":"Ouest","s":"25N-H59NV20I-80-I"},{"r":"24","t":"11:31:33","h":"Ouest","s":"25S-H59S000I-81-I"},{"r":"24","t":"11:31:33","h":"Ouest","s":"25S-H59S100F-81-F1"},{"r":"24","t":"11:31:33","h":"Ouest","s":"25S-H59S200F-81-F2"},{"r":"24","t":"11:33:33","h":"Ouest","s":"25N-H59N000S-80-S"},{"r":"24","t":"11:33:33","h":"Ouest","s":"25N-H59NV10S-84-S"},{"r":"24","t":"11:33:33","h":"Ouest","s":"25N-H59NV20S-80-S"},{"r":"24","t":"11:33:33","h":"Ouest","s":"25S-H59S000S-81-S"},{"r":"24","t":"11:41:22","h":"Ouest","s":"25N-H59N000A-80-A"},{"r":"24","t":"11:41:22","h":"Ouest","s":"25N-H59NV10A-80-A"},{"r":"24","t":"11:41:22","h":"Ouest","s":"25N-H59VN20A-80-A"},{"r":"24","t":"11:41:22","h":"Ouest","s":"25S-H59S000A-81-A"},{"r":"24","t":"11:41:33","h":"Ouest","s":"25N-H59N000S-80-S"},{"r":"24","t":"11:41:33","h":"Ouest","s":"25N-H59NV10S-84-S"},{"r":"24","t":"11:41:33","h":"Ouest","s":"25N-H59NV20S-80-S"},{"r":"24","t":"11:41:33","h":"Ouest","s":"25S-H59S000S-81-S"},{"r":"24","t":"11:49:33","h":"Ouest","s":"25N-H59N000S-80-S"},{"r":"24","t":"11:49:33","h":"Ouest","s":"25N-H59NV10S-84-S"},{"r":"24","t":"11:49:33","h":"Ouest","s":"25N-H59NV20S-80-S"},{"r":"24","t":"11:49:33","h":"Ouest","s":"25S-H59S000S-81-S"},{"r":"24","t":"11:54:33","h":"Ouest","s":"25N-H59N000I-80-I"},{"r":"24","t":"11:54:33","h":"Ouest","s":"25N-H59N100F-80-F1"},{"r":"24","t":"11:54:33","h":"Ouest","s":"25N-H59N200F-81-F2"},{"r":"24","t":"11:54:33","h":"Ouest","s":"25N-H59N300F-80-F3"},{"r":"24","t":"11:54:33","h":"Ouest","s":"25N-H59N400F-80-F4"},{"r":"24","t":"11:54:33","h":"Ouest","s":"25N-H59NV10I-80-I"},{"r":"24","t":"11:54:33","h":"Ouest","s":"25N-H59NV20I-80-I"},{"r":"24","t":"11:54:33","h":"Ouest","s":"25S-H59S000I-81-I"},{"r":"24","t":"11:54:33","h":"Ouest","s":"25S-H59S100F-81-F1"},{"r":"24","t":"11:54:33","h":"Ouest","s":"25S-H59S200F-81-F2"},{"r":"24","t":"11:58:22","h":"Ouest","s":"25N-H59N000A-80-A"},{"r":"24","t":"11:58:22","h":"Ouest","s":"25N-H59NV10A-80-A"},{"r":"24","t":"11:58:22","h":"Ouest","s":"25N-H59VN20A-80-A"},{"r":"24","t":"11:58:22","h":"Ouest","s":"25S-H59S000A-81-A"},{"r":"24","t":"11:58:33","h":"Ouest","s":"25N-H59N000S-80-S"},{"r":"24","t":"11:58:33","h":"Ouest","s":"25N-H59NV10S-84-S"},{"r":"24","t":"11:58:33","h":"Ouest","s":"25N-H59NV20S-80-S"},{"r":"24","t":"11:58:33","h":"Ouest","s":"25S-H59S000S-81-S"},{"r":"24","t":"12:06:33","h":"Ouest","s":"25N-H59N000S-80-S"},{"r":"24","t":"12:06:33","h":"Ouest","s":"25N-H59NV10S-84-S"},{"r":"24","t":"12:06:33","h":"Ouest","s":"25N-H59NV20S-80-S"},{"r":"24","t":"12:06:33","h":"Ouest","s":"25S-H59S000S-81-S"},{"r":"24","t":"12:15:22","h":"Ouest","s":"25N-H59N000A-80-A"},{"r":"24","t":"12:15:22","h":"Ouest","s":"25N-H59NV10A-80-A"},{"r":"24","t":"12:15:22","h":"Ouest","s":"25N-H59VN20A-80-A"},{"r":"24","t":"12:15:22","h":"Ouest","s":"25S-H59S000A-81-A"},{"r":"24","t":"12:15:33","h":"Ouest","s":"25N-H59N000S-80-S"},{"r":"24","t":"12:15:33","h":"Ouest","s":"25N-H59NV10S-84-S"},{"r":"24","t":"12:15:33","h":"Ouest","s":"25N-H59NV20S-80-S"},{"r":"24","t":"12:15:33","h":"Ouest","s":"25S-H59S000S-81-S"},{"r":"24","t":"12:16:33","h":"Ouest","s":"25N-H59N000I-80-I"},{"r":"24","t":"12:16:33","h":"Ouest","s":"25N-H59N100F-80-F1"},{"r":"24","t":"12:16:33","h":"Ouest","s":"25N-H59N200F-81-F2"},{"r":"24","t":"12:16:33","h":"Ouest","s":"25N-H59N300F-80-F3"},{"r":"24","t":"12:16:33","h":"Ouest","s":"25N-H59N400F-80-F4"},{"r":"24","t":"12:16:33","h":"Ouest","s":"25N-H59NV10I-80-I"},{"r":"24","t":"12:16:33","h":"Ouest","s":"25N-H59NV20I-80-I"},{"r":"24","t":"12:16:33","h":"Ouest","s":"25S-H59S000I-81-I"},{"r":"24","t":"12:16:33","h":"Ouest","s":"25S-H59S100F-81-F1"},{"r":"24","t":"12:16:33","h":"Ouest","s":"25S-H59S200F-81-F2"},{"r":"24","t":"12:26:22","h":"Ouest","s":"25N-H59N000S-80-S"},{"r":"24","t":"12:26:22","h":"Ouest","s":"25N-H59NV10S-84-S"},{"r":"24","t":"12:26:22","h":"Ouest","s":"25N-H59NV20S-80-S"},{"r":"24","t":"12:26:22","h":"Ouest","s":"25S-H59S000S-81-S"},{"r":"24","t":"12:30:22","h":"Ouest","s":"25N-H59N000A-80-A"},{"r":"24","t":"12:30:22","h":"Ouest","s":"25N-H59NV10A-80-A"},{"r":"24","t":"12:30:22","h":"Ouest","s":"25N-H59VN20A-80-A"},{"r":"24","t":"12:30:22","h":"Ouest","s":"25S-H59S000A-81-A"},{"r":"24","t":"12:31:33","h":"Ouest","s":"25N-H59N000I-80-I"},{"r":"24","t":"12:31:33","h":"Ouest","s":"25N-H59N100F-80-F1"},{"r":"24","t":"12:31:33","h":"Ouest","s":"25N-H59N200F-81-F2"},{"r":"24","t":"12:31:33","h":"Ouest","s":"25N-H59N300F-80-F3"},{"r":"24","t":"12:31:33","h":"Ouest","s":"25N-H59N400F-80-F4"},{"r":"24","t":"12:31:33","h":"Ouest","s":"25N-H59NV10I-80-I"},{"r":"24","t":"12:31:33","h":"Ouest","s":"25N-H59NV20I-80-I"},{"r":"24","t":"12:31:33","h":"Ouest","s":"25S-H59S000I-81-I"},{"r":"24","t":"12:31:33","h":"Ouest","s":"25S-H59S100F-81-F1"},{"r":"24","t":"12:31:33","h":"Ouest","s":"25S-H59S200F-81-F2"},{"r":"24","t":"12:37:22","h":"Ouest","s":"25N-H59N000S-80-S"},{"r":"24","t":"12:37:22","h":"Ouest","s":"25N-H59NV10S-84-S"},{"r":"24","t":"12:37:22","h":"Ouest","s":"25N-H59NV20S-80-S"},{"r":"24","t":"12:37:22","h":"Ouest","s":"25S-H59S000S-81-S"},{"r":"24","t":"12:44:22","h":"Ouest","s":"25N-H59N000A-80-A"},{"r":"24","t":"12:44:22","h":"Ouest","s":"25N-H59NV10A-80-A"},{"r":"24","t":"12:44:22","h":"Ouest","s":"25N-H59VN20A-80-A"},{"r":"24","t":"12:44:22","h":"Ouest","s":"25S-H59S000A-81-A"},{"r":"24","t":"12:45:33","h":"Ouest","s":"25N-H59N000I-80-I"},{"r":"24","t":"12:45:33","h":"Ouest","s":"25N-H59N100F-80-F1"},{"r":"24","t":"12:45:33","h":"Ouest","s":"25N-H59N200F-81-F2"},{"r":"24","t":"12:45:33","h":"Ouest","s":"25N-H59N300F-80-F3"},{"r":"24","t":"12:45:33","h":"Ouest","s":"25N-H59N400F-80-F4"},{"r":"24","t":"12:45:33","h":"Ouest","s":"25N-H59NV10I-80-I"},{"r":"24","t":"12:45:33","h":"Ouest","s":"25N-H59NV20I-80-I"},{"r":"24","t":"12:45:33","h":"Ouest","s":"25S-H59S000I-81-I"},{"r":"24","t":"12:45:33","h":"Ouest","s":"25S-H59S100F-81-F1"},{"r":"24","t":"12:45:33","h":"Ouest","s":"25S-H59S200F-81-F2"},{"r":"24","t":"12:47:22","h":"Ouest","s":"25N-H56N000S-80-S"},{"r":"24","t":"12:47:22","h":"Ouest","s":"25N-H56NV10S-80-S"},{"r":"24","t":"12:47:22","h":"Ouest","s":"25N-H56NV20S-80-S"},{"r":"24","t":"12:47:22","h":"Ouest","s":"25S-H56S000S-80-S"},{"r":"24","t":"12:56:22","h":"Ouest","s":"25N-H59N000A-80-A"},{"r":"24","t":"12:56:22","h":"Ouest","s":"25N-H59NV10A-80-A"},{"r":"24","t":"12:56:22","h":"Ouest","s":"25N-H59VN20A-80-A"},{"r":"24","t":"12:56:22","h":"Ouest","s":"25S-H59S000A-81-A"},{"r":"24","t":"12:57:22","h":"Ouest","s":"25N-H59N000S-80-S"},{"r":"24","t":"12:57:22","h":"Ouest","s":"25N-H59NV10S-84-S"},{"r":"24","t":"12:57:22","h":"Ouest","s":"25N-H59NV20S-80-S"},{"r":"24","t":"12:57:22","h":"Ouest","s":"25S-H59S000S-81-S"},{"r":"24","t":"12:58:33","h":"Ouest","s":"25N-H59N000I-80-I"},{"r":"24","t":"12:58:33","h":"Ouest","s":"25N-H59N100F-80-F1"},{"r":"24","t":"12:58:33","h":"Ouest","s":"25N-H59N200F-81-F2"},{"r":"24","t":"12:58:33","h":"Ouest","s":"25N-H59N300F-80-F3"},{"r":"24","t":"12:58:33","h":"Ouest","s":"25N-H59N400F-80-F4"},{"r":"24","t":"12:58:33","h":"Ouest","s":"25N-H59NV10I-80-I"},{"r":"24","t":"12:58:33","h":"Ouest","s":"25N-H59NV20I-80-I"},{"r":"24","t":"12:58:33","h":"Ouest","s":"25S-H59S000I-81-I"},{"r":"24","t":"12:58:33","h":"Ouest","s":"25S-H59S100F-81-F1"},{"r":"24","t":"12:58:33","h":"Ouest","s":"25S-H59S200F-81-F2"},{"r":"24","t":"13:07:22","h":"Ouest","s":"25N-H59N000S-80-S"},{"r":"24","t":"13:07:22","h":"Ouest","s":"25N-H59NV10S-84-S"},{"r":"24","t":"13:07:22","h":"Ouest","s":"25N-H59NV20S-80-S"},{"r":"24","t":"13:07:22","h":"Ouest","s":"25S-H59S000S-81-S"},{"r":"24","t":"13:08:22","h":"Ouest","s":"25N-H59N000A-80-A"},{"r":"24","t":"13:08:22","h":"Ouest","s":"25N-H59NV10A-80-A"},{"r":"24","t":"13:08:22","h":"Ouest","s":"25N-H59VN20A-80-A"},{"r":"24","t":"13:08:22","h":"Ouest","s":"25S-H59S000A-81-A"},{"r":"24","t":"13:11:33","h":"Ouest","s":"25N-H59N000I-80-I"},{"r":"24","t":"13:11:33","h":"Ouest","s":"25N-H59N100F-80-F1"},{"r":"24","t":"13:11:33","h":"Ouest","s":"25N-H59N200F-81-F2"},{"r":"24","t":"13:11:33","h":"Ouest","s":"25N-H59N300F-80-F3"},{"r":"24","t":"13:11:33","h":"Ouest","s":"25N-H59N400F-80-F4"},{"r":"24","t":"13:11:33","h":"Ouest","s":"25N-H59NV10I-80-I"},{"r":"24","t":"13:11:33","h":"Ouest","s":"25N-H59NV20I-80-I"},{"r":"24","t":"13:11:33","h":"Ouest","s":"25S-H59S000I-81-I"},{"r":"24","t":"13:11:33","h":"Ouest","s":"25S-H59S100F-81-F1"},{"r":"24","t":"13:11:33","h":"Ouest","s":"25S-H59S200F-81-F2"},{"r":"24","t":"13:17:22","h":"Ouest","s":"25N-H59N000S-80-S"},{"r":"24","t":"13:17:22","h":"Ouest","s":"25N-H59NV10S-84-S"},{"r":"24","t":"13:17:22","h":"Ouest","s":"25N-H59NV20S-80-S"},{"r":"24","t":"13:17:22","h":"Ouest","s":"25S-H59S000S-81-S"},{"r":"24","t":"13:19:22","h":"Ouest","s":"25N-H59N000A-80-A"},{"r":"24","t":"13:19:22","h":"Ouest","s":"25N-H59NV10A-80-A"},{"r":"24","t":"13:19:22","h":"Ouest","s":"25N-H59VN20A-80-A"},{"r":"24","t":"13:19:22","h":"Ouest","s":"25S-H59S000A-81-A"},{"r":"24","t":"13:25:33","h":"Ouest","s":"25N-H59N000I-80-I"},{"r":"24","t":"13:25:33","h":"Ouest","s":"25N-H59N100F-80-F1"},{"r":"24","t":"13:25:33","h":"Ouest","s":"25N-H59N200F-81-F2"},{"r":"24","t":"13:25:33","h":"Ouest","s":"25N-H59N300F-80-F3"},{"r":"24","t":"13:25:33","h":"Ouest","s":"25N-H59N400F-80-F4"},{"r":"24","t":"13:25:33","h":"Ouest","s":"25N-H59NV10I-80-I"},{"r":"24","t":"13:25:33","h":"Ouest","s":"25N-H59NV20I-80-I"},{"r":"24","t":"13:25:33","h":"Ouest","s":"25S-H59S000I-81-I"},{"r":"24","t":"13:25:33","h":"Ouest","s":"25S-H59S100F-81-F1"},{"r":"24","t":"13:25:33","h":"Ouest","s":"25S-H59S200F-81-F2"},{"r":"24","t":"13:26:22","h":"Ouest","s":"25N-H59N000S-80-S"},{"r":"24","t":"13:26:22","h":"Ouest","s":"25N-H59NV10S-84-S"},{"r":"24","t":"13:26:22","h":"Ouest","s":"25N-H59NV20S-80-S"},{"r":"24","t":"13:26:22","h":"Ouest","s":"25S-H59S000S-81-S"},{"r":"24","t":"13:30:22","h":"Ouest","s":"25N-H59N000A-80-A"},{"r":"24","t":"13:30:22","h":"Ouest","s":"25N-H59NV10A-80-A"},{"r":"24","t":"13:30:22","h":"Ouest","s":"25N-H59VN20A-80-A"},{"r":"24","t":"13:30:22","h":"Ouest","s":"25S-H59S000A-81-A"},{"r":"24","t":"13:36:22","h":"Ouest","s":"25N-H59N000S-80-S"},{"r":"24","t":"13:36:22","h":"Ouest","s":"25N-H59NV10S-84-S"},{"r":"24","t":"13:36:22","h":"Ouest","s":"25N-H59NV20S-80-S"},{"r":"24","t":"13:36:22","h":"Ouest","s":"25S-H59S000S-81-S"},{"r":"24","t":"13:38:33","h":"Ouest","s":"25N-H59N000I-80-I"},{"r":"24","t":"13:38:33","h":"Ouest","s":"25N-H59N100F-80-F1"},{"r":"24","t":"13:38:33","h":"Ouest","s":"25N-H59N200F-81-F2"},{"r":"24","t":"13:38:33","h":"Ouest","s":"25N-H59N300F-80-F3"},{"r":"24","t":"13:38:33","h":"Ouest","s":"25N-H59N400F-80-F4"},{"r":"24","t":"13:38:33","h":"Ouest","s":"25N-H59NV10I-80-I"},{"r":"24","t":"13:38:33","h":"Ouest","s":"25N-H59NV20I-80-I"},{"r":"24","t":"13:38:33","h":"Ouest","s":"25S-H59S000I-81-I"},{"r":"24","t":"13:38:33","h":"Ouest","s":"25S-H59S100F-81-F1"},{"r":"24","t":"13:38:33","h":"Ouest","s":"25S-H59S200F-81-F2"},{"r":"24","t":"13:42:22","h":"Ouest","s":"25N-H59N000A-80-A"},{"r":"24","t":"13:42:22","h":"Ouest","s":"25N-H59NV10A-80-A"},{"r":"24","t":"13:42:22","h":"Ouest","s":"25N-H59VN20A-80-A"},{"r":"24","t":"13:42:22","h":"Ouest","s":"25S-H59S000A-81-A"},{"r":"24","t":"13:46:22","h":"Ouest","s":"25N-H59N000S-80-S"},{"r":"24","t":"13:46:22","h":"Ouest","s":"25N-H59NV10S-84-S"},{"r":"24","t":"13:46:22","h":"Ouest","s":"25N-H59NV20S-80-S"},{"r":"24","t":"13:46:22","h":"Ouest","s":"25S-H59S000S-81-S"},{"r":"24","t":"13:52:33","h":"Ouest","s":"25N-H59N000I-80-I"},{"r":"24","t":"13:52:33","h":"Ouest","s":"25N-H59N100F-80-F1"},{"r":"24","t":"13:52:33","h":"Ouest","s":"25N-H59N200F-81-F2"},{"r":"24","t":"13:52:33","h":"Ouest","s":"25N-H59N300F-80-F3"},{"r":"24","t":"13:52:33","h":"Ouest","s":"25N-H59N400F-80-F4"},{"r":"24","t":"13:52:33","h":"Ouest","s":"25N-H59NV10I-80-I"},{"r":"24","t":"13:52:33","h":"Ouest","s":"25N-H59NV20I-80-I"},{"r":"24","t":"13:52:33","h":"Ouest","s":"25S-H59S000I-81-I"},{"r":"24","t":"13:52:33","h":"Ouest","s":"25S-H59S100F-81-F1"},{"r":"24","t":"13:52:33","h":"Ouest","s":"25S-H59S200F-81-F2"},{"r":"24","t":"13:54:22","h":"Ouest","s":"25N-H59N000A-80-A"},{"r":"24","t":"13:54:22","h":"Ouest","s":"25N-H59NV10A-80-A"},{"r":"24","t":"13:54:22","h":"Ouest","s":"25N-H59VN20A-80-A"},{"r":"24","t":"13:54:22","h":"Ouest","s":"25S-H59S000A-81-A"},{"r":"24","t":"13:55:22","h":"Ouest","s":"25N-H59N000S-80-S"},{"r":"24","t":"13:55:22","h":"Ouest","s":"25N-H59NV10S-84-S"},{"r":"24","t":"13:55:22","h":"Ouest","s":"25N-H59NV20S-80-S"},{"r":"24","t":"13:55:22","h":"Ouest","s":"25S-H59S000S-81-S"},{"r":"24","t":"14:05:22","h":"Ouest","s":"25N-H59N000A-80-A"},{"r":"24","t":"14:05:22","h":"Ouest","s":"25N-H59N000S-80-S"},{"r":"24","t":"14:05:22","h":"Ouest","s":"25N-H59NV10A-80-A"},{"r":"24","t":"14:05:22","h":"Ouest","s":"25N-H59NV10S-84-S"},{"r":"24","t":"14:05:22","h":"Ouest","s":"25N-H59NV20S-80-S"},{"r":"24","t":"14:05:22","h":"Ouest","s":"25N-H59VN20A-80-A"},{"r":"24","t":"14:05:22","h":"Ouest","s":"25S-H59S000A-81-A"},{"r":"24","t":"14:05:22","h":"Ouest","s":"25S-H59S000S-81-S"},{"r":"24","t":"14:06:33","h":"Ouest","s":"25N-H59N000I-80-I"},{"r":"24","t":"14:06:33","h":"Ouest","s":"25N-H59N100F-80-F1"},{"r":"24","t":"14:06:33","h":"Ouest","s":"25N-H59N200F-81-F2"},{"r":"24","t":"14:06:33","h":"Ouest","s":"25N-H59N300F-80-F3"},{"r":"24","t":"14:06:33","h":"Ouest","s":"25N-H59N400F-80-F4"},{"r":"24","t":"14:06:33","h":"Ouest","s":"25N-H59NV10I-80-I"},{"r":"24","t":"14:06:33","h":"Ouest","s":"25N-H59NV20I-80-I"},{"r":"24","t":"14:06:33","h":"Ouest","s":"25S-H59S000I-81-I"},{"r":"24","t":"14:06:33","h":"Ouest","s":"25S-H59S100F-81-F1"},{"r":"24","t":"14:06:33","h":"Ouest","s":"25S-H59S200F-81-F2"},{"r":"24","t":"14:15:22","h":"Ouest","s":"25N-H59N000S-80-S"},{"r":"24","t":"14:15:22","h":"Ouest","s":"25N-H59NV10S-84-S"},{"r":"24","t":"14:15:22","h":"Ouest","s":"25N-H59NV20S-80-S"},{"r":"24","t":"14:15:22","h":"Ouest","s":"25S-H59S000S-81-S"},{"r":"24","t":"14:16:22","h":"Ouest","s":"25N-H59N000A-80-A"},{"r":"24","t":"14:16:22","h":"Ouest","s":"25N-H59NV10A-80-A"},{"r":"24","t":"14:16:22","h":"Ouest","s":"25N-H59VN20A-80-A"},{"r":"24","t":"14:16:22","h":"Ouest","s":"25S-H59S000A-81-A"},{"r":"24","t":"14:20:33","h":"Ouest","s":"25N-H59N000I-80-I"},{"r":"24","t":"14:20:33","h":"Ouest","s":"25N-H59N100F-80-F1"},{"r":"24","t":"14:20:33","h":"Ouest","s":"25N-H59N200F-81-F2"},{"r":"24","t":"14:20:33","h":"Ouest","s":"25N-H59N300F-80-F3"},{"r":"24","t":"14:20:33","h":"Ouest","s":"25N-H59N400F-80-F4"},{"r":"24","t":"14:20:33","h":"Ouest","s":"25N-H59NV10I-80-I"},{"r":"24","t":"14:20:33","h":"Ouest","s":"25N-H59NV20I-80-I"},{"r":"24","t":"14:20:33","h":"Ouest","s":"25S-H59S000I-81-I"},{"r":"24","t":"14:20:33","h":"Ouest","s":"25S-H59S100F-81-F1"},{"r":"24","t":"14:20:33","h":"Ouest","s":"25S-H59S200F-81-F2"},{"r":"24","t":"14:26:22","h":"Ouest","s":"25N-H59N000S-80-S"},{"r":"24","t":"14:26:22","h":"Ouest","s":"25N-H59NV10S-84-S"},{"r":"24","t":"14:26:22","h":"Ouest","s":"25N-H59NV20S-80-S"},{"r":"24","t":"14:26:22","h":"Ouest","s":"25S-H59S000S-81-S"},{"r":"24","t":"14:27:22","h":"Ouest","s":"25N-H59N000A-80-A"},{"r":"24","t":"14:27:22","h":"Ouest","s":"25N-H59NV10A-80-A"},{"r":"24","t":"14:27:22","h":"Ouest","s":"25N-H59VN20A-80-A"},{"r":"24","t":"14:27:22","h":"Ouest","s":"25S-H59S000A-81-A"},{"r":"24","t":"14:33:33","h":"Ouest","s":"25N-H59N000I-80-I"},{"r":"24","t":"14:33:33","h":"Ouest","s":"25N-H59N100F-80-F1"},{"r":"24","t":"14:33:33","h":"Ouest","s":"25N-H59N200F-81-F2"},{"r":"24","t":"14:33:33","h":"Ouest","s":"25N-H59N300F-80-F3"},{"r":"24","t":"14:33:33","h":"Ouest","s":"25N-H59N400F-80-F4"},{"r":"24","t":"14:33:33","h":"Ouest","s":"25N-H59NV10I-80-I"},{"r":"24","t":"14:33:33","h":"Ouest","s":"25N-H59NV20I-80-I"},{"r":"24","t":"14:33:33","h":"Ouest","s":"25S-H59S000I-81-I"},{"r":"24","t":"14:33:33","h":"Ouest","s":"25S-H59S100F-81-F1"},{"r":"24","t":"14:33:33","h":"Ouest","s":"25S-H59S200F-81-F2"},{"r":"24","t":"14:36:22","h":"Ouest","s":"25N-H59N000S-80-S"},{"r":"24","t":"14:36:22","h":"Ouest","s":"25N-H59NV10S-84-S"},{"r":"24","t":"14:36:22","h":"Ouest","s":"25N-H59NV20S-80-S"},{"r":"24","t":"14:36:22","h":"Ouest","s":"25S-H59S000S-81-S"},{"r":"24","t":"14:39:22","h":"Ouest","s":"25N-H59N000A-80-A"},{"r":"24","t":"14:39:22","h":"Ouest","s":"25N-H59NV10A-80-A"},{"r":"24","t":"14:39:22","h":"Ouest","s":"25N-H59VN20A-80-A"},{"r":"24","t":"14:39:22","h":"Ouest","s":"25S-H59S000A-81-A"},{"r":"24","t":"14:46:33","h":"Ouest","s":"25N-H59N000I-80-I"},{"r":"24","t":"14:46:33","h":"Ouest","s":"25N-H59N100F-80-F1"},{"r":"24","t":"14:46:33","h":"Ouest","s":"25N-H59N200F-81-F2"},{"r":"24","t":"14:46:33","h":"Ouest","s":"25N-H59N300F-80-F3"},{"r":"24","t":"14:46:33","h":"Ouest","s":"25N-H59N400F-80-F4"},{"r":"24","t":"14:46:33","h":"Ouest","s":"25N-H59NV10I-80-I"},{"r":"24","t":"14:46:33","h":"Ouest","s":"25N-H59NV20I-80-I"},{"r":"24","t":"14:46:33","h":"Ouest","s":"25S-H59S000I-81-I"},{"r":"24","t":"14:46:33","h":"Ouest","s":"25S-H59S100F-81-F1"},{"r":"24","t":"14:46:33","h":"Ouest","s":"25S-H59S200F-81-F2"},{"r":"24","t":"14:47:22","h":"Ouest","s":"25N-H59N000S-80-S"},{"r":"24","t":"14:47:22","h":"Ouest","s":"25N-H59NV10S-84-S"},{"r":"24","t":"14:47:22","h":"Ouest","s":"25N-H59NV20S-80-S"},{"r":"24","t":"14:47:22","h":"Ouest","s":"25S-H59S000S-81-S"},{"r":"24","t":"14:50:22","h":"Ouest","s":"25N-H59N000A-80-A"},{"r":"24","t":"14:50:22","h":"Ouest","s":"25N-H59NV10A-80-A"},{"r":"24","t":"14:50:22","h":"Ouest","s":"25N-H59VN20A-80-A"},{"r":"24","t":"14:50:22","h":"Ouest","s":"25S-H59S000A-81-A"},{"r":"24","t":"14:58:22","h":"Ouest","s":"25N-H59N000S-80-S"},{"r":"24","t":"14:58:22","h":"Ouest","s":"25N-H59NV10S-84-S"},{"r":"24","t":"14:58:22","h":"Ouest","s":"25N-H59NV20S-80-S"},{"r":"24","t":"14:58:22","h":"Ouest","s":"25S-H59S000S-81-S"},{"r":"24","t":"14:59:33","h":"Ouest","s":"25N-H59N000I-80-I"},{"r":"24","t":"14:59:33","h":"Ouest","s":"25N-H59N100F-80-F1"},{"r":"24","t":"14:59:33","h":"Ouest","s":"25N-H59N200F-81-F2"},{"r":"24","t":"14:59:33","h":"Ouest","s":"25N-H59N300F-80-F3"},{"r":"24","t":"14:59:33","h":"Ouest","s":"25N-H59N400F-80-F4"},{"r":"24","t":"14:59:33","h":"Ouest","s":"25N-H59NV10I-80-I"},{"r":"24","t":"14:59:33","h":"Ouest","s":"25N-H59NV20I-80-I"},{"r":"24","t":"14:59:33","h":"Ouest","s":"25S-H59S000I-81-I"},{"r":"24","t":"14:59:33","h":"Ouest","s":"25S-H59S100F-81-F1"},{"r":"24","t":"14:59:33","h":"Ouest","s":"25S-H59S200F-81-F2"},{"r":"24","t":"15:02:22","h":"Ouest","s":"25N-H59N000A-80-A"},{"r":"24","t":"15:02:22","h":"Ouest","s":"25N-H59NV10A-80-A"},{"r":"24","t":"15:02:22","h":"Ouest","s":"25N-H59VN20A-80-A"},{"r":"24","t":"15:02:22","h":"Ouest","s":"25S-H59S000A-81-A"},{"r":"24","t":"15:09:22","h":"Ouest","s":"25N-H59N000S-80-S"},{"r":"24","t":"15:09:22","h":"Ouest","s":"25N-H59NV10S-84-S"},{"r":"24","t":"15:09:22","h":"Ouest","s":"25N-H59NV20S-80-S"},{"r":"24","t":"15:09:22","h":"Ouest","s":"25S-H59S000S-81-S"},{"r":"24","t":"15:13:22","h":"Ouest","s":"25N-H59N000A-80-A"},{"r":"24","t":"15:13:22","h":"Ouest","s":"25N-H59NV10A-80-A"},{"r":"24","t":"15:13:22","h":"Ouest","s":"25N-H59VN20A-80-A"},{"r":"24","t":"15:13:22","h":"Ouest","s":"25S-H59S000A-81-A"},{"r":"24","t":"15:13:33","h":"Ouest","s":"25N-H59N000I-80-I"},{"r":"24","t":"15:13:33","h":"Ouest","s":"25N-H59N100F-80-F1"},{"r":"24","t":"15:13:33","h":"Ouest","s":"25N-H59N200F-81-F2"},{"r":"24","t":"15:13:33","h":"Ouest","s":"25N-H59N300F-80-F3"},{"r":"24","t":"15:13:33","h":"Ouest","s":"25N-H59N400F-80-F4"},{"r":"24","t":"15:13:33","h":"Ouest","s":"25N-H59NV10I-80-I"},{"r":"24","t":"15:13:33","h":"Ouest","s":"25N-H59NV20I-80-I"},{"r":"24","t":"15:13:33","h":"Ouest","s":"25S-H59S000I-81-I"},{"r":"24","t":"15:13:33","h":"Ouest","s":"25S-H59S100F-81-F1"},{"r":"24","t":"15:13:33","h":"Ouest","s":"25S-H59S200F-81-F2"},{"r":"24","t":"15:21:11","h":"Ouest","s":"25N-H59N000S-80-S"},{"r":"24","t":"15:21:11","h":"Ouest","s":"25N-H59NV10S-84-S"},{"r":"24","t":"15:21:11","h":"Ouest","s":"25N-H59NV20S-80-S"},{"r":"24","t":"15:21:11","h":"Ouest","s":"25S-H59S000S-81-S"},{"r":"24","t":"15:24:22","h":"Ouest","s":"25N-H59N000A-80-A"},{"r":"24","t":"15:24:22","h":"Ouest","s":"25N-H59NV10A-80-A"},{"r":"24","t":"15:24:22","h":"Ouest","s":"25N-H59VN20A-80-A"},{"r":"24","t":"15:24:22","h":"Ouest","s":"25S-H59S000A-81-A"},{"r":"24","t":"15:27:33","h":"Ouest","s":"25N-H59N000I-80-I"},{"r":"24","t":"15:27:33","h":"Ouest","s":"25N-H59N100F-80-F1"},{"r":"24","t":"15:27:33","h":"Ouest","s":"25N-H59N200F-81-F2"},{"r":"24","t":"15:27:33","h":"Ouest","s":"25N-H59N300F-80-F3"},{"r":"24","t":"15:27:33","h":"Ouest","s":"25N-H59N400F-80-F4"},{"r":"24","t":"15:27:33","h":"Ouest","s":"25N-H59NV10I-80-I"},{"r":"24","t":"15:27:33","h":"Ouest","s":"25N-H59NV20I-80-I"},{"r":"24","t":"15:27:33","h":"Ouest","s":"25S-H59S000I-81-I"},{"r":"24","t":"15:27:33","h":"Ouest","s":"25S-H59S100F-81-F1"},{"r":"24","t":"15:27:33","h":"Ouest","s":"25S-H59S200F-81-F2"},{"r":"24","t":"15:32:11","h":"Ouest","s":"25N-H59N000S-80-S"},{"r":"24","t":"15:32:11","h":"Ouest","s":"25N-H59NV10S-84-S"},{"r":"24","t":"15:32:11","h":"Ouest","s":"25N-H59NV20S-80-S"},{"r":"24","t":"15:32:11","h":"Ouest","s":"25S-H59S000S-81-S"},{"r":"24","t":"15:39:22","h":"Ouest","s":"25N-H59N000A-80-A"},{"r":"24","t":"15:39:22","h":"Ouest","s":"25N-H59NV10A-80-A"},{"r":"24","t":"15:39:22","h":"Ouest","s":"25N-H59VN20A-80-A"},{"r":"24","t":"15:39:22","h":"Ouest","s":"25S-H59S000A-81-A"},{"r":"24","t":"15:41:33","h":"Ouest","s":"25N-H59N000I-80-I"},{"r":"24","t":"15:41:33","h":"Ouest","s":"25N-H59N100F-80-F1"},{"r":"24","t":"15:41:33","h":"Ouest","s":"25N-H59N200F-81-F2"},{"r":"24","t":"15:41:33","h":"Ouest","s":"25N-H59N300F-80-F3"},{"r":"24","t":"15:41:33","h":"Ouest","s":"25N-H59N400F-80-F4"},{"r":"24","t":"15:41:33","h":"Ouest","s":"25N-H59NV10I-80-I"},{"r":"24","t":"15:41:33","h":"Ouest","s":"25N-H59NV20I-80-I"},{"r":"24","t":"15:41:33","h":"Ouest","s":"25S-H59S000I-81-I"},{"r":"24","t":"15:41:33","h":"Ouest","s":"25S-H59S100F-81-F1"},{"r":"24","t":"15:41:33","h":"Ouest","s":"25S-H59S200F-81-F2"},{"r":"24","t":"15:42:11","h":"Ouest","s":"25N-H59N000S-80-S"},{"r":"24","t":"15:42:11","h":"Ouest","s":"25N-H59NV10S-84-S"},{"r":"24","t":"15:42:11","h":"Ouest","s":"25N-H59NV20S-80-S"},{"r":"24","t":"15:42:11","h":"Ouest","s":"25S-H59S000S-81-S"},{"r":"24","t":"15:52:11","h":"Ouest","s":"25N-H59N000S-80-S"},{"r":"24","t":"15:52:11","h":"Ouest","s":"25N-H59NV10S-84-S"},{"r":"24","t":"15:52:11","h":"Ouest","s":"25N-H59NV20S-80-S"},{"r":"24","t":"15:52:11","h":"Ouest","s":"25S-H59S000S-81-S"},{"r":"24","t":"15:55:22","h":"Ouest","s":"25N-H59N000A-80-A"},{"r":"24","t":"15:55:22","h":"Ouest","s":"25N-H59NV10A-80-A"},{"r":"24","t":"15:55:22","h":"Ouest","s":"25N-H59VN20A-80-A"},{"r":"24","t":"15:55:22","h":"Ouest","s":"25S-H59S000A-81-A"},{"r":"24","t":"15:55:33","h":"Ouest","s":"25N-H59N000I-80-I"},{"r":"24","t":"15:55:33","h":"Ouest","s":"25N-H59N100F-80-F1"},{"r":"24","t":"15:55:33","h":"Ouest","s":"25N-H59N200F-81-F2"},{"r":"24","t":"15:55:33","h":"Ouest","s":"25N-H59N300F-80-F3"},{"r":"24","t":"15:55:33","h":"Ouest","s":"25N-H59N400F-80-F4"},{"r":"24","t":"15:55:33","h":"Ouest","s":"25N-H59NV10I-80-I"},{"r":"24","t":"15:55:33","h":"Ouest","s":"25N-H59NV20I-80-I"},{"r":"24","t":"15:55:33","h":"Ouest","s":"25S-H59S000I-81-I"},{"r":"24","t":"15:55:33","h":"Ouest","s":"25S-H59S100F-81-F1"},{"r":"24","t":"15:55:33","h":"Ouest","s":"25S-H59S200F-81-F2"},{"r":"24","t":"16:00:11","h":"Ouest","s":"25N-H59N000S-80-S"},{"r":"24","t":"16:00:11","h":"Ouest","s":"25N-H59NV10S-84-S"},{"r":"24","t":"16:00:11","h":"Ouest","s":"25N-H59NV20S-80-S"},{"r":"24","t":"16:00:11","h":"Ouest","s":"25S-H59S000S-81-S"},{"r":"24","t":"16:08:11","h":"Ouest","s":"25N-H59N000S-80-S"},{"r":"24","t":"16:08:11","h":"Ouest","s":"25N-H59NV10S-84-S"},{"r":"24","t":"16:08:11","h":"Ouest","s":"25N-H59NV20S-80-S"},{"r":"24","t":"16:08:11","h":"Ouest","s":"25S-H59S000S-81-S"},{"r":"24","t":"16:09:22","h":"Ouest","s":"25N-H59N000A-80-A"},{"r":"24","t":"16:09:22","h":"Ouest","s":"25N-H59NV10A-80-A"},{"r":"24","t":"16:09:22","h":"Ouest","s":"25N-H59VN20A-80-A"},{"r":"24","t":"16:09:22","h":"Ouest","s":"25S-H59S000A-81-A"},{"r":"24","t":"16:09:33","h":"Ouest","s":"25N-H59N000I-80-I"},{"r":"24","t":"16:09:33","h":"Ouest","s":"25N-H59N100F-80-F1"},{"r":"24","t":"16:09:33","h":"Ouest","s":"25N-H59N200F-81-F2"},{"r":"24","t":"16:09:33","h":"Ouest","s":"25N-H59N300F-80-F3"},{"r":"24","t":"16:09:33","h":"Ouest","s":"25N-H59N400F-80-F4"},{"r":"24","t":"16:09:33","h":"Ouest","s":"25N-H59NV10I-80-I"},{"r":"24","t":"16:09:33","h":"Ouest","s":"25N-H59NV20I-80-I"},{"r":"24","t":"16:09:33","h":"Ouest","s":"25S-H59S000I-81-I"},{"r":"24","t":"16:09:33","h":"Ouest","s":"25S-H59S100F-81-F1"},{"r":"24","t":"16:09:33","h":"Ouest","s":"25S-H59S200F-81-F2"},{"r":"24","t":"16:15:11","h":"Ouest","s":"25N-H59N000S-80-S"},{"r":"24","t":"16:15:11","h":"Ouest","s":"25N-H59NV10S-84-S"},{"r":"24","t":"16:15:11","h":"Ouest","s":"25N-H59NV20S-80-S"},{"r":"24","t":"16:15:11","h":"Ouest","s":"25S-H59S000S-81-S"},{"r":"24","t":"16:21:11","h":"Ouest","s":"25N-H57N000S-80-S"},{"r":"24","t":"16:21:11","h":"Ouest","s":"25N-H57NV10S-84-S"},{"r":"24","t":"16:21:11","h":"Ouest","s":"25N-H57NV20S-80-S"},{"r":"24","t":"16:21:11","h":"Ouest","s":"25S-H57S000S-82-S"},{"r":"24","t":"16:22:22","h":"Ouest","s":"25N-H59N000A-80-A"},{"r":"24","t":"16:22:22","h":"Ouest","s":"25N-H59NV10A-80-A"},{"r":"24","t":"16:22:22","h":"Ouest","s":"25N-H59VN20A-80-A"},{"r":"24","t":"16:22:22","h":"Ouest","s":"25S-H59S000A-81-A"},{"r":"24","t":"16:24:33","h":"Ouest","s":"25N-H59N000I-80-I"},{"r":"24","t":"16:24:33","h":"Ouest","s":"25N-H59N100F-80-F1"},{"r":"24","t":"16:24:33","h":"Ouest","s":"25N-H59N200F-81-F2"},{"r":"24","t":"16:24:33","h":"Ouest","s":"25N-H59N300F-80-F3"},{"r":"24","t":"16:24:33","h":"Ouest","s":"25N-H59N400F-80-F4"},{"r":"24","t":"16:24:33","h":"Ouest","s":"25N-H59NV10I-80-I"},{"r":"24","t":"16:24:33","h":"Ouest","s":"25N-H59NV20I-80-I"},{"r":"24","t":"16:24:33","h":"Ouest","s":"25S-H59S000I-81-I"},{"r":"24","t":"16:24:33","h":"Ouest","s":"25S-H59S100F-81-F1"},{"r":"24","t":"16:24:33","h":"Ouest","s":"25S-H59S200F-81-F2"},{"r":"24","t":"16:28:11","h":"Ouest","s":"25N-H57N000S-80-S"},{"r":"24","t":"16:28:11","h":"Ouest","s":"25N-H57NV10S-84-S"},{"r":"24","t":"16:28:11","h":"Ouest","s":"25N-H57NV20S-80-S"},{"r":"24","t":"16:28:11","h":"Ouest","s":"25S-H57S000S-82-S"},{"r":"24","t":"16:33:11","h":"Ouest","s":"25N-H59N000S-80-S"},{"r":"24","t":"16:33:11","h":"Ouest","s":"25N-H59NV10S-84-S"},{"r":"24","t":"16:33:11","h":"Ouest","s":"25N-H59NV20S-80-S"},{"r":"24","t":"16:33:11","h":"Ouest","s":"25S-H59S000S-81-S"},{"r":"24","t":"16:35:22","h":"Ouest","s":"25N-H59N000A-80-A"},{"r":"24","t":"16:35:22","h":"Ouest","s":"25N-H59NV10A-80-A"},{"r":"24","t":"16:35:22","h":"Ouest","s":"25N-H59VN20A-80-A"},{"r":"24","t":"16:35:22","h":"Ouest","s":"25S-H59S000A-81-A"},{"r":"24","t":"16:40:33","h":"Ouest","s":"25N-H59N000I-80-I"},{"r":"24","t":"16:40:33","h":"Ouest","s":"25N-H59N100F-80-F1"},{"r":"24","t":"16:40:33","h":"Ouest","s":"25N-H59N200F-81-F2"},{"r":"24","t":"16:40:33","h":"Ouest","s":"25N-H59N300F-80-F3"},{"r":"24","t":"16:40:33","h":"Ouest","s":"25N-H59N400F-80-F4"},{"r":"24","t":"16:40:33","h":"Ouest","s":"25N-H59NV10I-80-I"},{"r":"24","t":"16:40:33","h":"Ouest","s":"25N-H59NV20I-80-I"},{"r":"24","t":"16:40:33","h":"Ouest","s":"25S-H59S000I-81-I"},{"r":"24","t":"16:40:33","h":"Ouest","s":"25S-H59S100F-81-F1"},{"r":"24","t":"16:40:33","h":"Ouest","s":"25S-H59S200F-81-F2"},{"r":"24","t":"16:43:11","h":"Ouest","s":"25N-H59N000S-80-S"},{"r":"24","t":"16:43:11","h":"Ouest","s":"25N-H59NV10S-84-S"},{"r":"24","t":"16:43:11","h":"Ouest","s":"25N-H59NV20S-80-S"},{"r":"24","t":"16:43:11","h":"Ouest","s":"25S-H59S000S-81-S"},{"r":"24","t":"16:49:22","h":"Ouest","s":"25N-H59N000A-80-A"},{"r":"24","t":"16:49:22","h":"Ouest","s":"25N-H59NV10A-80-A"},{"r":"24","t":"16:49:22","h":"Ouest","s":"25N-H59VN20A-80-A"},{"r":"24","t":"16:49:22","h":"Ouest","s":"25S-H59S000A-81-A"},{"r":"24","t":"16:50:11","h":"Ouest","s":"25N-H59N000S-80-S"},{"r":"24","t":"16:50:11","h":"Ouest","s":"25N-H59NV10S-84-S"},{"r":"24","t":"16:50:11","h":"Ouest","s":"25N-H59NV20S-80-S"},{"r":"24","t":"16:50:11","h":"Ouest","s":"25S-H59S000S-81-S"},{"r":"24","t":"16:56:33","h":"Ouest","s":"25N-H59N000I-80-I"},{"r":"24","t":"16:56:33","h":"Ouest","s":"25N-H59N100F-80-F1"},{"r":"24","t":"16:56:33","h":"Ouest","s":"25N-H59N200F-81-F2"},{"r":"24","t":"16:56:33","h":"Ouest","s":"25N-H59N300F-80-F3"},{"r":"24","t":"16:56:33","h":"Ouest","s":"25N-H59N400F-80-F4"},{"r":"24","t":"16:56:33","h":"Ouest","s":"25N-H59NV10I-80-I"},{"r":"24","t":"16:56:33","h":"Ouest","s":"25N-H59NV20I-80-I"},{"r":"24","t":"16:56:33","h":"Ouest","s":"25S-H59S000I-81-I"},{"r":"24","t":"16:56:33","h":"Ouest","s":"25S-H59S100F-81-F1"},{"r":"24","t":"16:56:33","h":"Ouest","s":"25S-H59S200F-81-F2"},{"r":"24","t":"16:58:11","h":"Ouest","s":"25N-H59N000S-80-S"},{"r":"24","t":"16:58:11","h":"Ouest","s":"25N-H59NV10S-84-S"},{"r":"24","t":"16:58:11","h":"Ouest","s":"25N-H59NV20S-80-S"},{"r":"24","t":"16:58:11","h":"Ouest","s":"25S-H59S000S-81-S"},{"r":"24","t":"17:04:22","h":"Ouest","s":"25N-H59N000A-80-A"},{"r":"24","t":"17:04:22","h":"Ouest","s":"25N-H59NV10A-80-A"},{"r":"24","t":"17:04:22","h":"Ouest","s":"25N-H59VN20A-80-A"},{"r":"24","t":"17:04:22","h":"Ouest","s":"25S-H59S000A-81-A"},{"r":"24","t":"17:07:11","h":"Ouest","s":"25N-H59N000S-80-S"},{"r":"24","t":"17:07:11","h":"Ouest","s":"25N-H59NV10S-84-S"},{"r":"24","t":"17:07:11","h":"Ouest","s":"25N-H59NV20S-80-S"},{"r":"24","t":"17:07:11","h":"Ouest","s":"25S-H59S000S-81-S"},{"r":"24","t":"17:17:33","h":"Ouest","s":"25N-H59N000I-80-I"},{"r":"24","t":"17:17:33","h":"Ouest","s":"25N-H59N100F-80-F1"},{"r":"24","t":"17:17:33","h":"Ouest","s":"25N-H59N200F-81-F2"},{"r":"24","t":"17:17:33","h":"Ouest","s":"25N-H59N300F-80-F3"},{"r":"24","t":"17:17:33","h":"Ouest","s":"25N-H59N400F-80-F4"},{"r":"24","t":"17:17:33","h":"Ouest","s":"25N-H59NV10I-80-I"},{"r":"24","t":"17:17:33","h":"Ouest","s":"25N-H59NV20I-80-I"},{"r":"24","t":"17:17:33","h":"Ouest","s":"25S-H59S000I-81-I"},{"r":"24","t":"17:17:33","h":"Ouest","s":"25S-H59S100F-81-F1"},{"r":"24","t":"17:17:33","h":"Ouest","s":"25S-H59S200F-81-F2"},{"r":"24","t":"17:18:11","h":"Ouest","s":"25N-H59N000S-80-S"},{"r":"24","t":"17:18:11","h":"Ouest","s":"25N-H59NV10S-84-S"},{"r":"24","t":"17:18:11","h":"Ouest","s":"25N-H59NV20S-80-S"},{"r":"24","t":"17:18:11","h":"Ouest","s":"25S-H59S000S-81-S"},{"r":"24","t":"17:19:22","h":"Ouest","s":"25N-H59N000A-80-A"},{"r":"24","t":"17:19:22","h":"Ouest","s":"25N-H59NV10A-80-A"},{"r":"24","t":"17:19:22","h":"Ouest","s":"25N-H59VN20A-80-A"},{"r":"24","t":"17:19:22","h":"Ouest","s":"25S-H59S000A-81-A"},{"r":"24","t":"17:29:11","h":"Ouest","s":"25N-H59N000S-80-S"},{"r":"24","t":"17:29:11","h":"Ouest","s":"25N-H59NV10S-84-S"},{"r":"24","t":"17:29:11","h":"Ouest","s":"25N-H59NV20S-80-S"},{"r":"24","t":"17:29:11","h":"Ouest","s":"25S-H59S000S-81-S"},{"r":"24","t":"17:34:22","h":"Ouest","s":"25N-H59N000A-80-A"},{"r":"24","t":"17:34:22","h":"Ouest","s":"25N-H59NV10A-80-A"},{"r":"24","t":"17:34:22","h":"Ouest","s":"25N-H59VN20A-80-A"},{"r":"24","t":"17:34:22","h":"Ouest","s":"25S-H59S000A-81-A"},{"r":"24","t":"17:38:33","h":"Ouest","s":"25N-H59N000I-80-I"},{"r":"24","t":"17:38:33","h":"Ouest","s":"25N-H59N100F-80-F1"},{"r":"24","t":"17:38:33","h":"Ouest","s":"25N-H59N200F-81-F2"},{"r":"24","t":"17:38:33","h":"Ouest","s":"25N-H59N300F-80-F3"},{"r":"24","t":"17:38:33","h":"Ouest","s":"25N-H59N400F-80-F4"},{"r":"24","t":"17:38:33","h":"Ouest","s":"25N-H59NV10I-80-I"},{"r":"24","t":"17:38:33","h":"Ouest","s":"25N-H59NV20I-80-I"},{"r":"24","t":"17:38:33","h":"Ouest","s":"25S-H59S000I-81-I"},{"r":"24","t":"17:38:33","h":"Ouest","s":"25S-H59S100F-81-F1"},{"r":"24","t":"17:38:33","h":"Ouest","s":"25S-H59S200F-81-F2"},{"r":"24","t":"17:40:11","h":"Ouest","s":"25N-H59N000S-80-S"},{"r":"24","t":"17:40:11","h":"Ouest","s":"25N-H59NV10S-84-S"},{"r":"24","t":"17:40:11","h":"Ouest","s":"25N-H59NV20S-80-S"},{"r":"24","t":"17:40:11","h":"Ouest","s":"25S-H59S000S-81-S"},{"r":"24","t":"17:48:33","h":"Ouest","s":"25N-H59N000A-80-A"},{"r":"24","t":"17:48:33","h":"Ouest","s":"25N-H59NV10A-80-A"},{"r":"24","t":"17:48:33","h":"Ouest","s":"25N-H59VN20A-80-A"},{"r":"24","t":"17:48:33","h":"Ouest","s":"25S-H59S000A-81-A"},{"r":"24","t":"17:50:11","h":"Ouest","s":"25N-H59N000S-80-S"},{"r":"24","t":"17:50:11","h":"Ouest","s":"25N-H59NV10S-84-S"},{"r":"24","t":"17:50:11","h":"Ouest","s":"25N-H59NV20S-80-S"},{"r":"24","t":"17:50:11","h":"Ouest","s":"25S-H59S000S-81-S"},{"r":"24","t":"18:00:11","h":"Ouest","s":"25N-H59N000S-80-S"},{"r":"24","t":"18:00:11","h":"Ouest","s":"25N-H59NV10S-84-S"},{"r":"24","t":"18:00:11","h":"Ouest","s":"25N-H59NV20S-80-S"},{"r":"24","t":"18:00:11","h":"Ouest","s":"25S-H59S000S-81-S"},{"r":"24","t":"18:03:33","h":"Ouest","s":"25N-H59N000I-80-I"},{"r":"24","t":"18:03:33","h":"Ouest","s":"25N-H59N100F-80-F1"},{"r":"24","t":"18:03:33","h":"Ouest","s":"25N-H59N200F-81-F2"},{"r":"24","t":"18:03:33","h":"Ouest","s":"25N-H59N300F-80-F3"},{"r":"24","t":"18:03:33","h":"Ouest","s":"25N-H59N400F-80-F4"},{"r":"24","t":"18:03:33","h":"Ouest","s":"25N-H59NV10I-80-I"},{"r":"24","t":"18:03:33","h":"Ouest","s":"25N-H59NV20I-80-I"},{"r":"24","t":"18:03:33","h":"Ouest","s":"25S-H59S000I-81-I"},{"r":"24","t":"18:03:33","h":"Ouest","s":"25S-H59S100F-81-F1"},{"r":"24","t":"18:03:33","h":"Ouest","s":"25S-H59S200F-81-F2"},{"r":"24","t":"18:04:33","h":"Ouest","s":"25N-H59N000A-80-A"},{"r":"24","t":"18:04:33","h":"Ouest","s":"25N-H59NV10A-80-A"},{"r":"24","t":"18:04:33","h":"Ouest","s":"25N-H59VN20A-80-A"},{"r":"24","t":"18:04:33","h":"Ouest","s":"25S-H59S000A-81-A"},{"r":"24","t":"18:09:11","h":"Ouest","s":"25N-H59N000S-80-S"},{"r":"24","t":"18:09:11","h":"Ouest","s":"25N-H59NV10S-84-S"},{"r":"24","t":"18:09:11","h":"Ouest","s":"25N-H59NV20S-80-S"},{"r":"24","t":"18:09:11","h":"Ouest","s":"25S-H59S000S-81-S"},{"r":"24","t":"18:18:33","h":"Ouest","s":"25N-H59N000A-80-A"},{"r":"24","t":"18:18:33","h":"Ouest","s":"25N-H59NV10A-80-A"},{"r":"24","t":"18:18:33","h":"Ouest","s":"25N-H59VN20A-80-A"},{"r":"24","t":"18:18:33","h":"Ouest","s":"25S-H59S000A-81-A"},{"r":"24","t":"18:19:33","h":"Ouest","s":"25N-H59N000S-80-S"},{"r":"24","t":"18:19:33","h":"Ouest","s":"25N-H59NV10S-84-S"},{"r":"24","t":"18:19:33","h":"Ouest","s":"25N-H59NV20S-80-S"},{"r":"24","t":"18:19:33","h":"Ouest","s":"25S-H59S000S-81-S"},{"r":"24","t":"18:28:33","h":"Ouest","s":"25N-H59N000I-80-I"},{"r":"24","t":"18:28:33","h":"Ouest","s":"25N-H59N100F-80-F1"},{"r":"24","t":"18:28:33","h":"Ouest","s":"25N-H59N200F-81-F2"},{"r":"24","t":"18:28:33","h":"Ouest","s":"25N-H59N300F-80-F3"},{"r":"24","t":"18:28:33","h":"Ouest","s":"25N-H59N400F-80-F4"},{"r":"24","t":"18:28:33","h":"Ouest","s":"25N-H59NV10I-80-I"},{"r":"24","t":"18:28:33","h":"Ouest","s":"25N-H59NV20I-80-I"},{"r":"24","t":"18:28:33","h":"Ouest","s":"25S-H59S000I-81-I"},{"r":"24","t":"18:28:33","h":"Ouest","s":"25S-H59S100F-81-F1"},{"r":"24","t":"18:28:33","h":"Ouest","s":"25S-H59S200F-81-F2"},{"r":"24","t":"18:29:33","h":"Ouest","s":"25N-H59N000S-80-S"},{"r":"24","t":"18:29:33","h":"Ouest","s":"25N-H59NV10S-84-S"},{"r":"24","t":"18:29:33","h":"Ouest","s":"25N-H59NV20S-80-S"},{"r":"24","t":"18:29:33","h":"Ouest","s":"25S-H59S000S-81-S"},{"r":"24","t":"18:35:33","h":"Ouest","s":"25N-H59N000A-80-A"},{"r":"24","t":"18:35:33","h":"Ouest","s":"25N-H59NV10A-80-A"},{"r":"24","t":"18:35:33","h":"Ouest","s":"25N-H59VN20A-80-A"},{"r":"24","t":"18:35:33","h":"Ouest","s":"25S-H59S000A-81-A"},{"r":"24","t":"18:37:33","h":"Ouest","s":"25N-H59N000S-80-S"},{"r":"24","t":"18:37:33","h":"Ouest","s":"25N-H59NV10S-84-S"},{"r":"24","t":"18:37:33","h":"Ouest","s":"25N-H59NV20S-80-S"},{"r":"24","t":"18:37:33","h":"Ouest","s":"25S-H59S000S-81-S"},{"r":"24","t":"18:46:33","h":"Ouest","s":"25N-H59N000S-80-S"},{"r":"24","t":"18:46:33","h":"Ouest","s":"25N-H59NV10S-84-S"},{"r":"24","t":"18:46:33","h":"Ouest","s":"25N-H59NV20S-80-S"},{"r":"24","t":"18:46:33","h":"Ouest","s":"25S-H59S000S-81-S"},{"r":"24","t":"18:51:33","h":"Ouest","s":"25N-H59N000I-80-I"},{"r":"24","t":"18:51:33","h":"Ouest","s":"25N-H59N100F-80-F1"},{"r":"24","t":"18:51:33","h":"Ouest","s":"25N-H59N200F-81-F2"},{"r":"24","t":"18:51:33","h":"Ouest","s":"25N-H59N300F-80-F3"},{"r":"24","t":"18:51:33","h":"Ouest","s":"25N-H59N400F-80-F4"},{"r":"24","t":"18:51:33","h":"Ouest","s":"25N-H59NV10I-80-I"},{"r":"24","t":"18:51:33","h":"Ouest","s":"25N-H59NV20I-80-I"},{"r":"24","t":"18:51:33","h":"Ouest","s":"25S-H59S000I-81-I"},{"r":"24","t":"18:51:33","h":"Ouest","s":"25S-H59S100F-81-F1"},{"r":"24","t":"18:51:33","h":"Ouest","s":"25S-H59S200F-81-F2"},{"r":"24","t":"18:52:33","h":"Ouest","s":"25N-H59N000A-80-A"},{"r":"24","t":"18:52:33","h":"Ouest","s":"25N-H59NV10A-80-A"},{"r":"24","t":"18:52:33","h":"Ouest","s":"25N-H59VN20A-80-A"},{"r":"24","t":"18:52:33","h":"Ouest","s":"25S-H59S000A-81-A"},{"r":"24","t":"18:57:33","h":"Ouest","s":"25N-H59N000S-80-S"},{"r":"24","t":"18:57:33","h":"Ouest","s":"25N-H59NV10S-84-S"},{"r":"24","t":"18:57:33","h":"Ouest","s":"25N-H59NV20S-80-S"},{"r":"24","t":"18:57:33","h":"Ouest","s":"25S-H59S000S-81-S"},{"r":"24","t":"19:07:33","h":"Ouest","s":"25N-H59N000A-80-A"},{"r":"24","t":"19:07:33","h":"Ouest","s":"25N-H59NV10A-80-A"},{"r":"24","t":"19:07:33","h":"Ouest","s":"25N-H59VN20A-80-A"},{"r":"24","t":"19:07:33","h":"Ouest","s":"25S-H59S000A-81-A"},{"r":"24","t":"19:08:33","h":"Ouest","s":"25N-H59N000S-80-S"},{"r":"24","t":"19:08:33","h":"Ouest","s":"25N-H59NV10S-84-S"},{"r":"24","t":"19:08:33","h":"Ouest","s":"25N-H59NV20S-80-S"},{"r":"24","t":"19:08:33","h":"Ouest","s":"25S-H59S000S-81-S"},{"r":"24","t":"19:14:33","h":"Ouest","s":"25N-H59N000I-80-I"},{"r":"24","t":"19:14:33","h":"Ouest","s":"25N-H59N100F-80-F1"},{"r":"24","t":"19:14:33","h":"Ouest","s":"25N-H59N200F-81-F2"},{"r":"24","t":"19:14:33","h":"Ouest","s":"25N-H59N300F-80-F3"},{"r":"24","t":"19:14:33","h":"Ouest","s":"25N-H59N400F-80-F4"},{"r":"24","t":"19:14:33","h":"Ouest","s":"25N-H59NV10I-80-I"},{"r":"24","t":"19:14:33","h":"Ouest","s":"25N-H59NV20I-80-I"},{"r":"24","t":"19:14:33","h":"Ouest","s":"25S-H59S000I-81-I"},{"r":"24","t":"19:14:33","h":"Ouest","s":"25S-H59S100F-81-F1"},{"r":"24","t":"19:14:33","h":"Ouest","s":"25S-H59S200F-81-F2"},{"r":"24","t":"19:17:33","h":"Ouest","s":"25N-H59N000S-80-S"},{"r":"24","t":"19:17:33","h":"Ouest","s":"25N-H59NV10S-84-S"},{"r":"24","t":"19:17:33","h":"Ouest","s":"25N-H59NV20S-80-S"},{"r":"24","t":"19:17:33","h":"Ouest","s":"25S-H59S000S-81-S"},{"r":"24","t":"19:23:33","h":"Ouest","s":"25N-H59N000A-80-A"},{"r":"24","t":"19:23:33","h":"Ouest","s":"25N-H59NV10A-80-A"},{"r":"24","t":"19:23:33","h":"Ouest","s":"25N-H59VN20A-80-A"},{"r":"24","t":"19:23:33","h":"Ouest","s":"25S-H59S000A-81-A"},{"r":"24","t":"19:28:33","h":"Ouest","s":"25N-H59N000S-80-S"},{"r":"24","t":"19:28:33","h":"Ouest","s":"25N-H59NV10S-84-S"},{"r":"24","t":"19:28:33","h":"Ouest","s":"25N-H59NV20S-80-S"},{"r":"24","t":"19:28:33","h":"Ouest","s":"25S-H59S000S-81-S"},{"r":"24","t":"19:38:33","h":"Ouest","s":"25N-H59N000I-80-I"},{"r":"24","t":"19:38:33","h":"Ouest","s":"25N-H59N100F-80-F1"},{"r":"24","t":"19:38:33","h":"Ouest","s":"25N-H59N200F-81-F2"},{"r":"24","t":"19:38:33","h":"Ouest","s":"25N-H59N300F-80-F3"},{"r":"24","t":"19:38:33","h":"Ouest","s":"25N-H59N400F-80-F4"},{"r":"24","t":"19:38:33","h":"Ouest","s":"25N-H59NV10I-80-I"},{"r":"24","t":"19:38:33","h":"Ouest","s":"25N-H59NV20I-80-I"},{"r":"24","t":"19:38:33","h":"Ouest","s":"25S-H59S000I-81-I"},{"r":"24","t":"19:38:33","h":"Ouest","s":"25S-H59S100F-81-F1"},{"r":"24","t":"19:38:33","h":"Ouest","s":"25S-H59S200F-81-F2"},{"r":"24","t":"19:40:33","h":"Ouest","s":"25N-H59N000A-80-A"},{"r":"24","t":"19:40:33","h":"Ouest","s":"25N-H59N000S-80-S"},{"r":"24","t":"19:40:33","h":"Ouest","s":"25N-H59NV10A-80-A"},{"r":"24","t":"19:40:33","h":"Ouest","s":"25N-H59NV10S-84-S"},{"r":"24","t":"19:40:33","h":"Ouest","s":"25N-H59NV20S-80-S"},{"r":"24","t":"19:40:33","h":"Ouest","s":"25N-H59VN20A-80-A"},{"r":"24","t":"19:40:33","h":"Ouest","s":"25S-H59S000A-81-A"},{"r":"24","t":"19:40:33","h":"Ouest","s":"25S-H59S000S-81-S"},{"r":"24","t":"19:52:33","h":"Ouest","s":"25N-H59N000S-80-S"},{"r":"24","t":"19:52:33","h":"Ouest","s":"25N-H59NV10S-84-S"},{"r":"24","t":"19:52:33","h":"Ouest","s":"25N-H59NV20S-80-S"},{"r":"24","t":"19:52:33","h":"Ouest","s":"25S-H59S000S-81-S"},{"r":"24","t":"19:59:33","h":"Ouest","s":"25N-H59N000A-80-A"},{"r":"24","t":"19:59:33","h":"Ouest","s":"25N-H59NV10A-80-A"},{"r":"24","t":"19:59:33","h":"Ouest","s":"25N-H59VN20A-80-A"},{"r":"24","t":"19:59:33","h":"Ouest","s":"25S-H59S000A-81-A"},{"r":"24","t":"20:02:33","h":"Ouest","s":"25N-H59N000I-80-I"},{"r":"24","t":"20:02:33","h":"Ouest","s":"25N-H59N100F-80-F1"},{"r":"24","t":"20:02:33","h":"Ouest","s":"25N-H59N200F-81-F2"},{"r":"24","t":"20:02:33","h":"Ouest","s":"25N-H59N300F-80-F3"},{"r":"24","t":"20:02:33","h":"Ouest","s":"25N-H59N400F-80-F4"},{"r":"24","t":"20:02:33","h":"Ouest","s":"25N-H59NV10I-80-I"},{"r":"24","t":"20:02:33","h":"Ouest","s":"25N-H59NV20I-80-I"},{"r":"24","t":"20:02:33","h":"Ouest","s":"25S-H59S000I-81-I"},{"r":"24","t":"20:02:33","h":"Ouest","s":"25S-H59S100F-81-F1"},{"r":"24","t":"20:02:33","h":"Ouest","s":"25S-H59S200F-81-F2"},{"r":"24","t":"20:03:44","h":"Ouest","s":"25N-H59N000S-80-S"},{"r":"24","t":"20:03:44","h":"Ouest","s":"25N-H59NV10S-84-S"},{"r":"24","t":"20:03:44","h":"Ouest","s":"25N-H59NV20S-80-S"},{"r":"24","t":"20:03:44","h":"Ouest","s":"25S-H59S000S-81-S"},{"r":"24","t":"20:15:44","h":"Ouest","s":"25N-H59N000S-80-S"},{"r":"24","t":"20:15:44","h":"Ouest","s":"25N-H59NV10S-84-S"},{"r":"24","t":"20:15:44","h":"Ouest","s":"25N-H59NV20S-80-S"},{"r":"24","t":"20:15:44","h":"Ouest","s":"25S-H59S000S-81-S"},{"r":"24","t":"20:17:33","h":"Ouest","s":"25N-H59N000A-80-A"},{"r":"24","t":"20:17:33","h":"Ouest","s":"25N-H59NV10A-80-A"},{"r":"24","t":"20:17:33","h":"Ouest","s":"25N-H59VN20A-80-A"},{"r":"24","t":"20:17:33","h":"Ouest","s":"25S-H59S000A-81-A"},{"r":"24","t":"20:28:33","h":"Ouest","s":"25N-H59N000I-80-I"},{"r":"24","t":"20:28:33","h":"Ouest","s":"25N-H59N100F-80-F1"},{"r":"24","t":"20:28:33","h":"Ouest","s":"25N-H59N200F-81-F2"},{"r":"24","t":"20:28:33","h":"Ouest","s":"25N-H59N300F-80-F3"},{"r":"24","t":"20:28:33","h":"Ouest","s":"25N-H59N400F-80-F4"},{"r":"24","t":"20:28:33","h":"Ouest","s":"25N-H59NV10I-80-I"},{"r":"24","t":"20:28:33","h":"Ouest","s":"25N-H59NV20I-80-I"},{"r":"24","t":"20:28:33","h":"Ouest","s":"25S-H59S000I-81-I"},{"r":"24","t":"20:28:33","h":"Ouest","s":"25S-H59S100F-81-F1"},{"r":"24","t":"20:28:33","h":"Ouest","s":"25S-H59S200F-81-F2"},{"r":"24","t":"20:35:44","h":"Ouest","s":"25N-H56N000S-80-S"},{"r":"24","t":"20:35:44","h":"Ouest","s":"25N-H56NV10S-80-S"},{"r":"24","t":"20:35:44","h":"Ouest","s":"25N-H56NV20S-80-S"},{"r":"24","t":"20:35:44","h":"Ouest","s":"25S-H56S000S-80-S"},{"r":"24","t":"20:36:33","h":"Ouest","s":"25N-H59N000A-80-A"},{"r":"24","t":"20:36:33","h":"Ouest","s":"25N-H59NV10A-80-A"},{"r":"24","t":"20:36:33","h":"Ouest","s":"25N-H59VN20A-80-A"},{"r":"24","t":"20:36:33","h":"Ouest","s":"25S-H59S000A-81-A"},{"r":"24","t":"20:55:33","h":"Ouest","s":"25N-H59N000I-80-I"},{"r":"24","t":"20:55:33","h":"Ouest","s":"25N-H59N100F-80-F1"},{"r":"24","t":"20:55:33","h":"Ouest","s":"25N-H59N200F-81-F2"},{"r":"24","t":"20:55:33","h":"Ouest","s":"25N-H59N300F-80-F3"},{"r":"24","t":"20:55:33","h":"Ouest","s":"25N-H59N400F-80-F4"},{"r":"24","t":"20:55:33","h":"Ouest","s":"25N-H59NV10I-80-I"},{"r":"24","t":"20:55:33","h":"Ouest","s":"25N-H59NV20I-80-I"},{"r":"24","t":"20:55:33","h":"Ouest","s":"25S-H59S000I-81-I"},{"r":"24","t":"20:55:33","h":"Ouest","s":"25S-H59S100F-81-F1"},{"r":"24","t":"20:55:33","h":"Ouest","s":"25S-H59S200F-81-F2"},{"r":"24","t":"20:57:33","h":"Ouest","s":"25N-H59N000A-80-A"},{"r":"24","t":"20:57:33","h":"Ouest","s":"25N-H59NV10A-80-A"},{"r":"24","t":"20:57:33","h":"Ouest","s":"25N-H59VN20A-80-A"},{"r":"24","t":"20:57:33","h":"Ouest","s":"25S-H59S000A-81-A"},{"r":"24","t":"21:01:44","h":"Ouest","s":"25N-H59N000S-80-S"},{"r":"24","t":"21:01:44","h":"Ouest","s":"25N-H59NV10S-84-S"},{"r":"24","t":"21:01:44","h":"Ouest","s":"25N-H59NV20S-80-S"},{"r":"24","t":"21:01:44","h":"Ouest","s":"25S-H59S000S-81-S"},{"r":"24","t":"21:17:33","h":"Ouest","s":"25N-H59N000A-80-A"},{"r":"24","t":"21:17:33","h":"Ouest","s":"25N-H59NV10A-80-A"},{"r":"24","t":"21:17:33","h":"Ouest","s":"25N-H59VN20A-80-A"},{"r":"24","t":"21:17:33","h":"Ouest","s":"25S-H59S000A-81-A"},{"r":"24","t":"21:23:44","h":"Ouest","s":"25N-H59N000I-80-I"},{"r":"24","t":"21:23:44","h":"Ouest","s":"25N-H59N100F-80-F1"},{"r":"24","t":"21:23:44","h":"Ouest","s":"25N-H59N200F-81-F2"},{"r":"24","t":"21:23:44","h":"Ouest","s":"25N-H59N300F-80-F3"},{"r":"24","t":"21:23:44","h":"Ouest","s":"25N-H59N400F-80-F4"},{"r":"24","t":"21:23:44","h":"Ouest","s":"25N-H59NV10I-80-I"},{"r":"24","t":"21:23:44","h":"Ouest","s":"25N-H59NV20I-80-I"},{"r":"24","t":"21:23:44","h":"Ouest","s":"25S-H59S000I-81-I"},{"r":"24","t":"21:23:44","h":"Ouest","s":"25S-H59S100F-81-F1"},{"r":"24","t":"21:23:44","h":"Ouest","s":"25S-H59S200F-81-F2"},{"r":"24","t":"21:28:44","h":"Ouest","s":"25N-H59N000S-80-S"},{"r":"24","t":"21:28:44","h":"Ouest","s":"25N-H59NV10S-84-S"},{"r":"24","t":"21:28:44","h":"Ouest","s":"25N-H59NV20S-80-S"},{"r":"24","t":"21:28:44","h":"Ouest","s":"25S-H59S000S-81-S"},{"r":"24","t":"21:38:33","h":"Ouest","s":"25N-H59N000A-80-A"},{"r":"24","t":"21:38:33","h":"Ouest","s":"25N-H59NV10A-80-A"},{"r":"24","t":"21:38:33","h":"Ouest","s":"25N-H59VN20A-80-A"},{"r":"24","t":"21:38:33","h":"Ouest","s":"25S-H59S000A-81-A"},{"r":"24","t":"21:51:44","h":"Ouest","s":"25N-H59N000I-80-I"},{"r":"24","t":"21:51:44","h":"Ouest","s":"25N-H59N100F-80-F1"},{"r":"24","t":"21:51:44","h":"Ouest","s":"25N-H59N200F-81-F2"},{"r":"24","t":"21:51:44","h":"Ouest","s":"25N-H59N300F-80-F3"},{"r":"24","t":"21:51:44","h":"Ouest","s":"25N-H59N400F-80-F4"},{"r":"24","t":"21:51:44","h":"Ouest","s":"25N-H59NV10I-80-I"},{"r":"24","t":"21:51:44","h":"Ouest","s":"25N-H59NV20I-80-I"},{"r":"24","t":"21:51:44","h":"Ouest","s":"25S-H59S000I-81-I"},{"r":"24","t":"21:51:44","h":"Ouest","s":"25S-H59S100F-81-F1"},{"r":"24","t":"21:51:44","h":"Ouest","s":"25S-H59S200F-81-F2"},{"r":"24","t":"21:57:44","h":"Ouest","s":"25N-H59N000S-80-S"},{"r":"24","t":"21:57:44","h":"Ouest","s":"25N-H59NV10S-84-S"},{"r":"24","t":"21:57:44","h":"Ouest","s":"25N-H59NV20S-80-S"},{"r":"24","t":"21:57:44","h":"Ouest","s":"25S-H59S000S-81-S"},{"r":"24","t":"22:00:33","h":"Ouest","s":"25N-H59N000A-80-A"},{"r":"24","t":"22:00:33","h":"Ouest","s":"25N-H59NV10A-80-A"},{"r":"24","t":"22:00:33","h":"Ouest","s":"25N-H59VN20A-80-A"},{"r":"24","t":"22:00:33","h":"Ouest","s":"25S-H59S000A-81-A"},{"r":"24","t":"22:20:44","h":"Ouest","s":"25N-H59N000I-80-I"},{"r":"24","t":"22:20:44","h":"Ouest","s":"25N-H59N100F-80-F1"},{"r":"24","t":"22:20:44","h":"Ouest","s":"25N-H59N200F-81-F2"},{"r":"24","t":"22:20:44","h":"Ouest","s":"25N-H59N300F-80-F3"},{"r":"24","t":"22:20:44","h":"Ouest","s":"25N-H59N400F-80-F4"},{"r":"24","t":"22:20:44","h":"Ouest","s":"25N-H59NV10I-80-I"},{"r":"24","t":"22:20:44","h":"Ouest","s":"25N-H59NV20I-80-I"},{"r":"24","t":"22:20:44","h":"Ouest","s":"25S-H59S000I-81-I"},{"r":"24","t":"22:20:44","h":"Ouest","s":"25S-H59S100F-81-F1"},{"r":"24","t":"22:20:44","h":"Ouest","s":"25S-H59S200F-81-F2"},{"r":"24","t":"22:23:33","h":"Ouest","s":"25N-H59N000A-80-A"},{"r":"24","t":"22:23:33","h":"Ouest","s":"25N-H59NV10A-80-A"},{"r":"24","t":"22:23:33","h":"Ouest","s":"25N-H59VN20A-80-A"},{"r":"24","t":"22:23:33","h":"Ouest","s":"25S-H59S000A-81-A"},{"r":"24","t":"22:27:44","h":"Ouest","s":"25N-H59N000S-80-S"},{"r":"24","t":"22:27:44","h":"Ouest","s":"25N-H59NV10S-84-S"},{"r":"24","t":"22:27:44","h":"Ouest","s":"25N-H59NV20S-80-S"},{"r":"24","t":"22:27:44","h":"Ouest","s":"25S-H59S000S-81-S"},{"r":"24","t":"22:49:33","h":"Ouest","s":"25N-H59N000A-80-A"},{"r":"24","t":"22:49:33","h":"Ouest","s":"25N-H59NV10A-80-A"},{"r":"24","t":"22:49:33","h":"Ouest","s":"25N-H59VN20A-80-A"},{"r":"24","t":"22:49:33","h":"Ouest","s":"25S-H59S000A-81-A"},{"r":"24","t":"22:50:44","h":"Ouest","s":"25N-H59N000I-80-I"},{"r":"24","t":"22:50:44","h":"Ouest","s":"25N-H59N100F-80-F1"},{"r":"24","t":"22:50:44","h":"Ouest","s":"25N-H59N200F-81-F2"},{"r":"24","t":"22:50:44","h":"Ouest","s":"25N-H59N300F-80-F3"},{"r":"24","t":"22:50:44","h":"Ouest","s":"25N-H59N400F-80-F4"},{"r":"24","t":"22:50:44","h":"Ouest","s":"25N-H59NV10I-80-I"},{"r":"24","t":"22:50:44","h":"Ouest","s":"25N-H59NV20I-80-I"},{"r":"24","t":"22:50:44","h":"Ouest","s":"25S-H59S000I-81-I"},{"r":"24","t":"22:50:44","h":"Ouest","s":"25S-H59S100F-81-F1"},{"r":"24","t":"22:50:44","h":"Ouest","s":"25S-H59S200F-81-F2"},{"r":"24","t":"22:55:44","h":"Ouest","s":"25N-H59N000S-80-S"},{"r":"24","t":"22:55:44","h":"Ouest","s":"25N-H59NV10S-84-S"},{"r":"24","t":"22:55:44","h":"Ouest","s":"25N-H59NV20S-80-S"},{"r":"24","t":"22:55:44","h":"Ouest","s":"25S-H59S000S-81-S"},{"r":"24","t":"23:12:44","h":"Ouest","s":"25N-H59N000A-80-A"},{"r":"24","t":"23:12:44","h":"Ouest","s":"25N-H59NV10A-80-A"},{"r":"24","t":"23:12:44","h":"Ouest","s":"25N-H59VN20A-80-A"},{"r":"24","t":"23:12:44","h":"Ouest","s":"25S-H59S000A-81-A"},{"r":"24","t":"23:20:44","h":"Ouest","s":"25N-H59N000I-80-I"},{"r":"24","t":"23:20:44","h":"Ouest","s":"25N-H59N100F-80-F1"},{"r":"24","t":"23:20:44","h":"Ouest","s":"25N-H59N200F-81-F2"},{"r":"24","t":"23:20:44","h":"Ouest","s":"25N-H59N300F-80-F3"},{"r":"24","t":"23:20:44","h":"Ouest","s":"25N-H59N400F-80-F4"},{"r":"24","t":"23:20:44","h":"Ouest","s":"25N-H59NV10I-80-I"},{"r":"24","t":"23:20:44","h":"Ouest","s":"25N-H59NV20I-80-I"},{"r":"24","t":"23:20:44","h":"Ouest","s":"25S-H59S000I-81-I"},{"r":"24","t":"23:20:44","h":"Ouest","s":"25S-H59S100F-81-F1"},{"r":"24","t":"23:20:44","h":"Ouest","s":"25S-H59S200F-81-F2"},{"r":"24","t":"23:25:44","h":"Ouest","s":"25N-H59N000S-80-S"},{"r":"24","t":"23:25:44","h":"Ouest","s":"25N-H59NV10S-84-S"},{"r":"24","t":"23:25:44","h":"Ouest","s":"25N-H59NV20S-80-S"},{"r":"24","t":"23:25:44","h":"Ouest","s":"25S-H59S000S-81-S"},{"r":"24","t":"23:37:44","h":"Ouest","s":"25N-H59N000A-80-A"},{"r":"24","t":"23:37:44","h":"Ouest","s":"25N-H59NV10A-80-A"},{"r":"24","t":"23:37:44","h":"Ouest","s":"25N-H59VN20A-80-A"},{"r":"24","t":"23:37:44","h":"Ouest","s":"25S-H59S000A-81-A"},{"r":"24","t":"23:51:54","h":"Ouest","s":"25N-H59N000I-80-I"},{"r":"24","t":"23:51:54","h":"Ouest","s":"25N-H59N100F-80-F1"},{"r":"24","t":"23:51:54","h":"Ouest","s":"25N-H59N200F-81-F2"},{"r":"24","t":"23:51:54","h":"Ouest","s":"25N-H59N300F-80-F3"},{"r":"24","t":"23:51:54","h":"Ouest","s":"25N-H59N400F-80-F4"},{"r":"24","t":"23:51:54","h":"Ouest","s":"25N-H59NV10I-80-I"},{"r":"24","t":"23:51:54","h":"Ouest","s":"25N-H59NV20I-80-I"},{"r":"24","t":"23:51:54","h":"Ouest","s":"25S-H59S000I-81-I"},{"r":"24","t":"23:51:54","h":"Ouest","s":"25S-H59S100F-81-F1"},{"r":"24","t":"23:51:54","h":"Ouest","s":"25S-H59S200F-81-F2"},{"r":"24","t":"23:55:44","h":"Ouest","s":"25N-H59N000S-80-S"},{"r":"24","t":"23:55:44","h":"Ouest","s":"25N-H59NV10S-84-S"},{"r":"24","t":"23:55:44","h":"Ouest","s":"25N-H59NV20S-80-S"},{"r":"24","t":"23:55:44","h":"Ouest","s":"25S-H59S000S-81-S"},{"r":"24","t":"24:02:44","h":"Ouest","s":"25N-H59N000A-80-A"},{"r":"24","t":"24:02:44","h":"Ouest","s":"25N-H59NV10A-80-A"},{"r":"24","t":"24:02:44","h":"Ouest","s":"25N-H59VN20A-80-A"},{"r":"24","t":"24:02:44","h":"Ouest","s":"25S-H59S000A-81-A"},{"r":"24","t":"24:21:54","h":"Ouest","s":"25N-H59N000I-80-I"},{"r":"24","t":"24:21:54","h":"Ouest","s":"25N-H59N100F-80-F1"},{"r":"24","t":"24:21:54","h":"Ouest","s":"25N-H59N200F-81-F2"},{"r":"24","t":"24:21:54","h":"Ouest","s":"25N-H59N300F-80-F3"},{"r":"24","t":"24:21:54","h":"Ouest","s":"25N-H59N400F-80-F4"},{"r":"24","t":"24:21:54","h":"Ouest","s":"25N-H59NV10I-80-I"},{"r":"24","t":"24:21:54","h":"Ouest","s":"25N-H59NV20I-80-I"},{"r":"24","t":"24:21:54","h":"Ouest","s":"25S-H59S000I-81-I"},{"r":"24","t":"24:21:54","h":"Ouest","s":"25S-H59S100F-81-F1"},{"r":"24","t":"24:21:54","h":"Ouest","s":"25S-H59S200F-81-F2"},{"r":"24","t":"24:25:54","h":"Ouest","s":"25N-H59N000S-80-S"},{"r":"24","t":"24:25:54","h":"Ouest","s":"25N-H59NV10S-84-S"},{"r":"24","t":"24:25:54","h":"Ouest","s":"25N-H59NV20S-80-S"},{"r":"24","t":"24:25:54","h":"Ouest","s":"25S-H59S000S-81-S"},{"r":"24","t":"24:27:44","h":"Ouest","s":"25N-H59N000A-80-A"},{"r":"24","t":"24:27:44","h":"Ouest","s":"25N-H59NV10A-80-A"},{"r":"24","t":"24:27:44","h":"Ouest","s":"25N-H59VN20A-80-A"},{"r":"24","t":"24:27:44","h":"Ouest","s":"25S-H59S000A-81-A"},{"r":"24","t":"24:50:54","h":"Ouest","s":"25N-H59N000S-80-S"},{"r":"24","t":"24:50:54","h":"Ouest","s":"25N-H59NV10S-84-S"},{"r":"24","t":"24:50:54","h":"Ouest","s":"25N-H59NV20S-80-S"},{"r":"24","t":"24:50:54","h":"Ouest","s":"25S-H59S000S-81-S"},{"r":"24","t":"24:51:54","h":"Ouest","s":"25N-H59N000I-80-I"},{"r":"24","t":"24:51:54","h":"Ouest","s":"25N-H59N100F-80-F1"},{"r":"24","t":"24:51:54","h":"Ouest","s":"25N-H59N200F-81-F2"},{"r":"24","t":"24:51:54","h":"Ouest","s":"25N-H59N300F-80-F3"},{"r":"24","t":"24:51:54","h":"Ouest","s":"25N-H59N400F-80-F4"},{"r":"24","t":"24:51:54","h":"Ouest","s":"25N-H59NV10I-80-I"},{"r":"24","t":"24:51:54","h":"Ouest","s":"25N-H59NV20I-80-I"},{"r":"24","t":"24:51:54","h":"Ouest","s":"25S-H59S000I-81-I"},{"r":"24","t":"24:51:54","h":"Ouest","s":"25S-H59S100F-81-F1"},{"r":"24","t":"24:51:54","h":"Ouest","s":"25S-H59S200F-81-F2"},{"r":"24","t":"24:56:54","h":"Ouest","s":"25N-H59N000A-80-A"},{"r":"24","t":"24:56:54","h":"Ouest","s":"25N-H59NV10A-80-A"},{"r":"24","t":"24:56:54","h":"Ouest","s":"25N-H59VN20A-80-A"},{"r":"24","t":"24:56:54","h":"Ouest","s":"25S-H59S000A-81-A"},{"r":"24","t":"25:15:54","h":"Ouest","s":"25N-H59N000I-80-I"},{"r":"24","t":"25:15:54","h":"Ouest","s":"25N-H59N100F-80-F1"},{"r":"24","t":"25:15:54","h":"Ouest","s":"25N-H59N200F-81-F2"},{"r":"24","t":"25:15:54","h":"Ouest","s":"25N-H59N300F-80-F3"},{"r":"24","t":"25:15:54","h":"Ouest","s":"25N-H59N400F-80-F4"},{"r":"24","t":"25:15:54","h":"Ouest","s":"25N-H59NV10I-80-I"},{"r":"24","t":"25:15:54","h":"Ouest","s":"25N-H59NV20I-80-I"},{"r":"24","t":"25:15:54","h":"Ouest","s":"25S-H59S000I-81-I"},{"r":"24","t":"25:15:54","h":"Ouest","s":"25S-H59S100F-81-F1"},{"r":"24","t":"25:15:54","h":"Ouest","s":"25S-H59S200F-81-F2"},{"r":"24","t":"25:17:54","h":"Ouest","s":"25N-H59N000S-80-S"},{"r":"24","t":"25:17:54","h":"Ouest","s":"25N-H59NV10S-84-S"},{"r":"24","t":"25:17:54","h":"Ouest","s":"25N-H59NV20S-80-S"},{"r":"24","t":"25:17:54","h":"Ouest","s":"25S-H59S000S-81-S"},{"r":"356","t":"25:19:41","h":"Ouest","s":"25N-H56N000I-80-I"},{"r":"356","t":"25:19:41","h":"Ouest","s":"25N-H56N100F-80-F1"},{"r":"356","t":"25:19:41","h":"Ouest","s":"25N-H56N200F-80-F2"},{"r":"356","t":"25:19:41","h":"Ouest","s":"25N-H56N300F-80-F3"},{"r":"356","t":"25:19:41","h":"Ouest","s":"25N-H56N400F-80-F4"},{"r":"356","t":"25:19:41","h":"Ouest","s":"25N-H56NV10I-80-I"},{"r":"356","t":"25:19:41","h":"Ouest","s":"25N-H56NV20I-80-I"},{"r":"356","t":"25:19:41","h":"Ouest","s":"25S-H56S000I-80-I"},{"r":"356","t":"25:19:41","h":"Ouest","s":"25S-H56S100F-80-F1"},{"r":"356","t":"25:19:41","h":"Ouest","s":"25S-H56S200F-81-F2"},{"r":"356","t":"25:19:48","h":"Ouest","s":"25N-H56N000S-80-S"},{"r":"356","t":"25:19:48","h":"Ouest","s":"25N-H56NV10S-80-S"},{"r":"356","t":"25:19:48","h":"Ouest","s":"25N-H56NV20S-80-S"},{"r":"356","t":"25:19:48","h":"Ouest","s":"25S-H56S000S-80-S"},{"r":"356","t":"25:21:48","h":"Ouest","s":"25N-H56N000A-80-A"},{"r":"356","t":"25:21:48","h":"Ouest","s":"25N-H56NV10A-80-A"},{"r":"356","t":"25:21:48","h":"Ouest","s":"25N-H56NV20A-80-A"},{"r":"356","t":"25:21:48","h":"Ouest","s":"25S-H56S000A-80-A"},{"r":"24","t":"25:27:54","h":"Ouest","s":"25N-H59N000A-80-A"},{"r":"24","t":"25:27:54","h":"Ouest","s":"25N-H59NV10A-80-A"},{"r":"24","t":"25:27:54","h":"Ouest","s":"25N-H59VN20A-80-A"},{"r":"24","t":"25:27:54","h":"Ouest","s":"25S-H59S000A-81-A"},{"r":"356","t":"25:40:48","h":"Ouest","s":"25N-H56N000A-80-A"},{"r":"356","t":"25:40:48","h":"Ouest","s":"25N-H56NV10A-80-A"},{"r":"356","t":"25:40:48","h":"Ouest","s":"25N-H56NV20A-80-A"},{"r":"356","t":"25:40:48","h":"Ouest","s":"25S-H56S000A-80-A"},{"r":"24","t":"25:58:54","h":"Ouest","s":"25N-H59N000A-80-A"},{"r":"24","t":"25:58:54","h":"Ouest","s":"25N-H59NV10A-80-A"},{"r":"24","t":"25:58:54","h":"Ouest","s":"25N-H59VN20A-80-A"},{"r":"24","t":"25:58:54","h":"Ouest","s":"25S-H59S000A-81-A"},{"r":"356","t":"26:00:48","h":"Ouest","s":"25N-H56N000A-80-A"},{"r":"356","t":"26:00:48","h":"Ouest","s":"25N-H56NV10A-80-A"},{"r":"356","t":"26:00:48","h":"Ouest","s":"25N-H56NV20A-80-A"},{"r":"356","t":"26:00:48","h":"Ouest","s":"25S-H56S000A-80-A"},{"r":"356","t":"26:01:48","h":"Ouest","s":"25N-H56N000S-80-S"},{"r":"356","t":"26:01:48","h":"Ouest","s":"25N-H56NV10S-80-S"},{"r":"356","t":"26:01:48","h":"Ouest","s":"25N-H56NV20S-80-S"},{"r":"356","t":"26:01:48","h":"Ouest","s":"25S-H56S000S-80-S"},{"r":"356","t":"26:08:41","h":"Ouest","s":"25N-H56N000I-80-I"},{"r":"356","t":"26:08:41","h":"Ouest","s":"25N-H56N100F-80-F1"},{"r":"356","t":"26:08:41","h":"Ouest","s":"25N-H56N200F-80-F2"},{"r":"356","t":"26:08:41","h":"Ouest","s":"25N-H56N300F-80-F3"},{"r":"356","t":"26:08:41","h":"Ouest","s":"25N-H56N400F-80-F4"},{"r":"356","t":"26:08:41","h":"Ouest","s":"25N-H56NV10I-80-I"},{"r":"356","t":"26:08:41","h":"Ouest","s":"25N-H56NV20I-80-I"},{"r":"356","t":"26:08:41","h":"Ouest","s":"25S-H56S000I-80-I"},{"r":"356","t":"26:08:41","h":"Ouest","s":"25S-H56S100F-80-F1"},{"r":"356","t":"26:08:41","h":"Ouest","s":"25S-H56S200F-81-F2"},{"r":"356","t":"26:20:48","h":"Ouest","s":"25N-H56N000A-80-A"},{"r":"356","t":"26:20:48","h":"Ouest","s":"25N-H56NV10A-80-A"},{"r":"356","t":"26:20:48","h":"Ouest","s":"25N-H56NV20A-80-A"},{"r":"356","t":"26:20:48","h":"Ouest","s":"25S-H56S000A-80-A"},{"r":"356","t":"26:30:48","h":"Ouest","s":"25N-H56N000A-80-A"},{"r":"356","t":"26:30:48","h":"Ouest","s":"25N-H56NV10A-80-A"},{"r":"356","t":"26:30:48","h":"Ouest","s":"25N-H56NV20A-80-A"},{"r":"356","t":"26:30:48","h":"Ouest","s":"25S-H56S000A-80-A"},{"r":"356","t":"26:40:48","h":"Ouest","s":"25N-H56N000A-80-A"},{"r":"356","t":"26:40:48","h":"Ouest","s":"25N-H56NV10A-80-A"},{"r":"356","t":"26:40:48","h":"Ouest","s":"25N-H56NV20A-80-A"},{"r":"356","t":"26:40:48","h":"Ouest","s":"25S-H56S000A-80-A"},{"r":"356","t":"26:46:48","h":"Ouest","s":"25N-H56N000S-80-S"},{"r":"356","t":"26:46:48","h":"Ouest","s":"25N-H56NV10S-80-S"},{"r":"356","t":"26:46:48","h":"Ouest","s":"25N-H56NV20S-80-S"},{"r":"356","t":"26:46:48","h":"Ouest","s":"25S-H56S000S-80-S"},{"r":"356","t":"26:50:41","h":"Ouest","s":"25N-H56N000I-80-I"},{"r":"356","t":"26:50:41","h":"Ouest","s":"25N-H56N100F-80-F1"},{"r":"356","t":"26:50:41","h":"Ouest","s":"25N-H56N200F-80-F2"},{"r":"356","t":"26:50:41","h":"Ouest","s":"25N-H56N300F-80-F3"},{"r":"356","t":"26:50:41","h":"Ouest","s":"25N-H56N400F-80-F4"},{"r":"356","t":"26:50:41","h":"Ouest","s":"25N-H56NV10I-80-I"},{"r":"356","t":"26:50:41","h":"Ouest","s":"25N-H56NV20I-80-I"},{"r":"356","t":"26:50:41","h":"Ouest","s":"25S-H56S000I-80-I"},{"r":"356","t":"26:50:41","h":"Ouest","s":"25S-H56S100F-80-F1"},{"r":"356","t":"26:50:41","h":"Ouest","s":"25S-H56S200F-81-F2"},{"r":"356","t":"26:50:48","h":"Ouest","s":"25N-H56N000A-80-A"},{"r":"356","t":"26:50:48","h":"Ouest","s":"25N-H56NV10A-80-A"},{"r":"356","t":"26:50:48","h":"Ouest","s":"25N-H56NV20A-80-A"},{"r":"356","t":"26:50:48","h":"Ouest","s":"25S-H56S000A-80-A"},{"r":"356","t":"27:00:48","h":"Ouest","s":"25N-H56N000A-80-A"},{"r":"356","t":"27:00:48","h":"Ouest","s":"25N-H56NV10A-80-A"},{"r":"356","t":"27:00:48","h":"Ouest","s":"25N-H56NV20A-80-A"},{"r":"356","t":"27:00:48","h":"Ouest","s":"25S-H56S000A-80-A"},{"r":"356","t":"27:10:48","h":"Ouest","s":"25N-H56N000A-80-A"},{"r":"356","t":"27:10:48","h":"Ouest","s":"25N-H56NV10A-80-A"},{"r":"356","t":"27:10:48","h":"Ouest","s":"25N-H56NV20A-80-A"},{"r":"356","t":"27:10:48","h":"Ouest","s":"25S-H56S000A-80-A"},{"r":"356","t":"27:11:48","h":"Ouest","s":"25N-H56N000S-80-S"},{"r":"356","t":"27:11:48","h":"Ouest","s":"25N-H56NV10S-80-S"},{"r":"356","t":"27:11:48","h":"Ouest","s":"25N-H56NV20S-80-S"},{"r":"356","t":"27:11:48","h":"Ouest","s":"25S-H56S000S-80-S"},{"r":"356","t":"27:20:48","h":"Ouest","s":"25N-H56N000A-80-A"},{"r":"356","t":"27:20:48","h":"Ouest","s":"25N-H56NV10A-80-A"},{"r":"356","t":"27:20:48","h":"Ouest","s":"25N-H56NV20A-80-A"},{"r":"356","t":"27:20:48","h":"Ouest","s":"25S-H56S000A-80-A"},{"r":"356","t":"27:31:48","h":"Ouest","s":"25N-H56N000A-80-A"},{"r":"356","t":"27:31:48","h":"Ouest","s":"25N-H56NV10A-80-A"},{"r":"356","t":"27:31:48","h":"Ouest","s":"25N-H56NV20A-80-A"},{"r":"356","t":"27:31:48","h":"Ouest","s":"25S-H56S000A-80-A"},{"r":"356","t":"27:33:48","h":"Ouest","s":"25N-H56N000S-80-S"},{"r":"356","t":"27:33:48","h":"Ouest","s":"25N-H56NV10S-80-S"},{"r":"356","t":"27:33:48","h":"Ouest","s":"25N-H56NV20S-80-S"},{"r":"356","t":"27:33:48","h":"Ouest","s":"25S-H56S000S-80-S"},{"r":"356","t":"27:41:41","h":"Ouest","s":"25N-H56N000I-80-I"},{"r":"356","t":"27:41:41","h":"Ouest","s":"25N-H56N100F-80-F1"},{"r":"356","t":"27:41:41","h":"Ouest","s":"25N-H56N200F-80-F2"},{"r":"356","t":"27:41:41","h":"Ouest","s":"25N-H56N300F-80-F3"},{"r":"356","t":"27:41:41","h":"Ouest","s":"25N-H56N400F-80-F4"},{"r":"356","t":"27:41:41","h":"Ouest","s":"25N-H56NV10I-80-I"},{"r":"356","t":"27:41:41","h":"Ouest","s":"25N-H56NV20I-80-I"},{"r":"356","t":"27:41:41","h":"Ouest","s":"25S-H56S000I-80-I"},{"r":"356","t":"27:41:41","h":"Ouest","s":"25S-H56S100F-80-F1"},{"r":"356","t":"27:41:41","h":"Ouest","s":"25S-H56S200F-81-F2"},{"r":"356","t":"27:43:48","h":"Ouest","s":"25N-H56N000A-80-A"},{"r":"356","t":"27:43:48","h":"Ouest","s":"25N-H56NV10A-80-A"},{"r":"356","t":"27:43:48","h":"Ouest","s":"25N-H56NV20A-80-A"},{"r":"356","t":"27:43:48","h":"Ouest","s":"25S-H56S000A-80-A"},{"r":"356","t":"27:55:48","h":"Ouest","s":"25N-H56N000A-80-A"},{"r":"356","t":"27:55:48","h":"Ouest","s":"25N-H56NV10A-80-A"},{"r":"356","t":"27:55:48","h":"Ouest","s":"25N-H56NV20A-80-A"},{"r":"356","t":"27:55:48","h":"Ouest","s":"25S-H56S000A-80-A"},{"r":"356","t":"27:57:48","h":"Ouest","s":"25N-H56N000S-80-S"},{"r":"356","t":"27:57:48","h":"Ouest","s":"25N-H56NV10S-80-S"},{"r":"356","t":"27:57:48","h":"Ouest","s":"25N-H56NV20S-80-S"},{"r":"356","t":"27:57:48","h":"Ouest","s":"25S-H56S000S-80-S"},{"r":"356","t":"28:07:48","h":"Ouest","s":"25N-H56N000A-80-A"},{"r":"356","t":"28:07:48","h":"Ouest","s":"25N-H56NV10A-80-A"},{"r":"356","t":"28:07:48","h":"Ouest","s":"25N-H56NV20A-80-A"},{"r":"356","t":"28:07:48","h":"Ouest","s":"25S-H56S000A-80-A"},{"r":"356","t":"28:19:48","h":"Ouest","s":"25N-H56N000S-80-S"},{"r":"356","t":"28:19:48","h":"Ouest","s":"25N-H56NV10S-80-S"},{"r":"356","t":"28:19:48","h":"Ouest","s":"25N-H56NV20S-80-S"},{"r":"356","t":"28:19:48","h":"Ouest","s":"25S-H56S000S-80-S"},{"r":"356","t":"28:20:48","h":"Ouest","s":"25N-H56N000A-80-A"},{"r":"356","t":"28:20:48","h":"Ouest","s":"25N-H56NV10A-80-A"},{"r":"356","t":"28:20:48","h":"Ouest","s":"25N-H56NV20A-80-A"},{"r":"356","t":"28:20:48","h":"Ouest","s":"25S-H56S000A-80-A"},{"r":"356","t":"28:22:41","h":"Ouest","s":"25N-H56N000I-80-I"},{"r":"356","t":"28:22:41","h":"Ouest","s":"25N-H56N100F-80-F1"},{"r":"356","t":"28:22:41","h":"Ouest","s":"25N-H56N200F-80-F2"},{"r":"356","t":"28:22:41","h":"Ouest","s":"25N-H56N300F-80-F3"},{"r":"356","t":"28:22:41","h":"Ouest","s":"25N-H56N400F-80-F4"},{"r":"356","t":"28:22:41","h":"Ouest","s":"25N-H56NV10I-80-I"},{"r":"356","t":"28:22:41","h":"Ouest","s":"25N-H56NV20I-80-I"},{"r":"356","t":"28:22:41","h":"Ouest","s":"25S-H56S000I-80-I"},{"r":"356","t":"28:22:41","h":"Ouest","s":"25S-H56S100F-80-F1"},{"r":"356","t":"28:22:41","h":"Ouest","s":"25S-H56S200F-81-F2"}]