[{"r":"101","t":"06:03:30","h":"Est","s":"25N-H56N000S-80-S"},{"r":"101","t":"06:03:30","h":"Est","s":"25N-H56NV10S-80-S"},{"r":"101","t":"06:03:30","h":"Est","s":"25N-H56NV20S-80-S"},{"r":"101","t":"06:03:30","h":"Est","s":"25S-H56S000S-80-S"},{"r":"101","t":"06:34:30","h":"Est","s":"25N-H56N000S-80-S"},{"r":"101","t":"06:34:30","h":"Est","s":"25N-H56NV10S-80-S"},{"r":"101","t":"06:34:30","h":"Est","s":"25N-H56NV20S-80-S"},{"r":"101","t":"06:34:30","h":"Est","s":"25S-H56S000S-80-S"},{"r":"101","t":"07:06:30","h":"Est","s":"25N-H56N000S-80-S"},{"r":"101","t":"07:06:30","h":"Est","s":"25N-H56NV10S-80-S"},{"r":"101","t":"07:06:30","h":"Est","s":"25N-H56NV20S-80-S"},{"r":"101","t":"07:06:30","h":"Est","s":"25S-H56S000S-80-S"},{"r":"101","t":"07:39:30","h":"Est","s":"25N-H56N000S-80-S"},{"r":"101","t":"07:39:30","h":"Est","s":"25N-H56NV10S-80-S"},{"r":"101","t":"07:39:30","h":"Est","s":"25N-H56NV20S-80-S"},{"r":"101","t":"07:39:30","h":"Est","s":"25S-H56S000S-80-S"},{"r":"101","t":"08:10:30","h":"Est","s":"25N-H56N000S-80-S"},{"r":"101","t":"08:10:30","h":"Est","s":"25N-H56NV10S-80-S"},{"r":"101","t":"08:10:30","h":"Est","s":"25N-H56NV20S-80-S"},{"r":"101","t":"08:10:30","h":"Est","s":"25S-H56S000S-80-S"},{"r":"101","t":"08:41:30","h":"Est","s":"25N-H56N000S-80-S"},{"r":"101","t":"08:41:30","h":"Est","s":"25N-H56NV10S-80-S"},{"r":"101","t":"08:41:30","h":"Est","s":"25N-H56NV20S-80-S"},{"r":"101","t":"08:41:30","h":"Est","s":"25S-H56S000S-80-S"},{"r":"101","t":"09:12:30","h":"Est","s":"25N-H56N000S-80-S"},{"r":"101","t":"09:12:30","h":"Est","s":"25N-H56NV10S-80-S"},{"r":"101","t":"09:12:30","h":"Est","s":"25N-H56NV20S-80-S"},{"r":"101","t":"09:12:30","h":"Est","s":"25S-H56S000S-80-S"},{"r":"101","t":"09:40:30","h":"Est","s":"25N-H56N000S-80-S"},{"r":"101","t":"09:40:30","h":"Est","s":"25N-H56NV10S-80-S"},{"r":"101","t":"09:40:30","h":"Est","s":"25N-H56NV20S-80-S"},{"r":"101","t":"09:40:30","h":"Est","s":"25S-H56S000S-80-S"},{"r":"101","t":"10:09:30","h":"Est","s":"25N-H56N000S-80-S"},{"r":"101","t":"10:09:30","h":"Est","s":"25N-H56NV10S-80-S"},{"r":"101","t":"10:09:30","h":"Est","s":"25N-H56NV20S-80-S"},{"r":"101","t":"10:09:30","h":"Est","s":"25S-H56S000S-80-S"},{"r":"101","t":"10:39:30","h":"Est","s":"25N-H56N000S-80-S"},{"r":"101","t":"10:39:30","h":"Est","s":"25N-H56NV10S-80-S"},{"r":"101","t":"10:39:30","h":"Est","s":"25N-H56NV20S-80-S"},{"r":"101","t":"10:39:30","h":"Est","s":"25S-H56S000S-80-S"},{"r":"101","t":"11:09:30","h":"Est","s":"25N-H56N000S-80-S"},{"r":"101","t":"11:09:30","h":"Est","s":"25N-H56NV10S-80-S"},{"r":"101","t":"11:09:30","h":"Est","s":"25N-H56NV20S-80-S"},{"r":"101","t":"11:09:30","h":"Est","s":"25S-H56S000S-80-S"},{"r":"101","t":"11:38:30","h":"Est","s":"25N-H56N000S-80-S"},{"r":"101","t":"11:38:30","h":"Est","s":"25N-H56NV10S-80-S"},{"r":"101","t":"11:38:30","h":"Est","s":"25N-H56NV20S-80-S"},{"r":"101","t":"11:38:30","h":"Est","s":"25S-H56S000S-80-S"},{"r":"101","t":"12:08:30","h":"Est","s":"25N-H56N000S-80-S"},{"r":"101","t":"12:08:30","h":"Est","s":"25N-H56NV10S-80-S"},{"r":"101","t":"12:08:30","h":"Est","s":"25N-H56NV20S-80-S"},{"r":"101","t":"12:08:30","h":"Est","s":"25S-H56S000S-80-S"},{"r":"101","t":"12:40:30","h":"Est","s":"25N-H56N000S-80-S"},{"r":"101","t":"12:40:30","h":"Est","s":"25N-H56NV10S-80-S"},{"r":"101","t":"12:40:30","h":"Est","s":"25N-H56NV20S-80-S"},{"r":"101","t":"12:40:30","h":"Est","s":"25S-H56S000S-80-S"},{"r":"101","t":"13:11:30","h":"Est","s":"25N-H56N000S-80-S"},{"r":"101","t":"13:11:30","h":"Est","s":"25N-H56NV10S-80-S"},{"r":"101","t":"13:11:30","h":"Est","s":"25N-H56NV20S-80-S"},{"r":"101","t":"13:11:30","h":"Est","s":"25S-H56S000S-80-S"},{"r":"101","t":"13:42:30","h":"Est","s":"25N-H56N000S-80-S"},{"r":"101","t":"13:42:30","h":"Est","s":"25N-H56NV10S-80-S"},{"r":"101","t":"13:42:30","h":"Est","s":"25N-H56NV20S-80-S"},{"r":"101","t":"13:42:30","h":"Est","s":"25S-H56S000S-80-S"},{"r":"101","t":"14:16:30","h":"Est","s":"25N-H56N000S-80-S"},{"r":"101","t":"14:16:30","h":"Est","s":"25N-H56NV10S-80-S"},{"r":"101","t":"14:16:30","h":"Est","s":"25N-H56NV20S-80-S"},{"r":"101","t":"14:16:30","h":"Est","s":"25S-H56S000S-80-S"},{"r":"101","t":"14:47:11","h":"Est","s":"25N-H56N000S-80-S"},{"r":"101","t":"14:47:11","h":"Est","s":"25N-H56NV10S-80-S"},{"r":"101","t":"14:47:11","h":"Est","s":"25N-H56NV20S-80-S"},{"r":"101","t":"14:47:11","h":"Est","s":"25S-H56S000S-80-S"},{"r":"101","t":"15:20:11","h":"Est","s":"25N-H56N000S-80-S"},{"r":"101","t":"15:20:11","h":"Est","s":"25N-H56NV10S-80-S"},{"r":"101","t":"15:20:11","h":"Est","s":"25N-H56NV20S-80-S"},{"r":"101","t":"15:20:11","h":"Est","s":"25S-H56S000S-80-S"},{"r":"101","t":"15:51:11","h":"Est","s":"25N-H56N000S-80-S"},{"r":"101","t":"15:51:11","h":"Est","s":"25N-H56NV10S-80-S"},{"r":"101","t":"15:51:11","h":"Est","s":"25N-H56NV20S-80-S"},{"r":"101","t":"15:51:11","h":"Est","s":"25S-H56S000S-80-S"},{"r":"101","t":"16:23:11","h":"Est","s":"25N-H56N000S-80-S"},{"r":"101","t":"16:23:11","h":"Est","s":"25N-H56NV10S-80-S"},{"r":"101","t":"16:23:11","h":"Est","s":"25N-H56NV20S-80-S"},{"r":"101","t":"16:23:11","h":"Est","s":"25S-H56S000S-80-S"},{"r":"101","t":"16:51:11","h":"Est","s":"25N-H56N000S-80-S"},{"r":"101","t":"16:51:11","h":"Est","s":"25N-H56NV10S-80-S"},{"r":"101","t":"16:51:11","h":"Est","s":"25N-H56NV20S-80-S"},{"r":"101","t":"16:51:11","h":"Est","s":"25S-H56S000S-80-S"},{"r":"101","t":"17:16:11","h":"Est","s":"25N-H56N000S-80-S"},{"r":"101","t":"17:16:11","h":"Est","s":"25N-H56NV10S-80-S"},{"r":"101","t":"17:16:11","h":"Est","s":"25N-H56NV20S-80-S"},{"r":"101","t":"17:16:11","h":"Est","s":"25S-H56S000S-80-S"},{"r":"101","t":"17:43:11","h":"Est","s":"25N-H56N000S-80-S"},{"r":"101","t":"17:43:11","h":"Est","s":"25N-H56NV10S-80-S"},{"r":"101","t":"17:43:11","h":"Est","s":"25N-H56NV20S-80-S"},{"r":"101","t":"17:43:11","h":"Est","s":"25S-H56S000S-80-S"},{"r":"101","t":"18:12:30","h":"Est","s":"25N-H56N000S-80-S"},{"r":"101","t":"18:12:30","h":"Est","s":"25N-H56NV10S-80-S"},{"r":"101","t":"18:12:30","h":"Est","s":"25N-H56NV20S-80-S"},{"r":"101","t":"18:12:30","h":"Est","s":"25S-H56S000S-80-S"},{"r":"101","t":"18:40:30","h":"Est","s":"25N-H56N000S-80-S"},{"r":"101","t":"18:40:30","h":"Est","s":"25N-H56NV10S-80-S"},{"r":"101","t":"18:40:30","h":"Est","s":"25N-H56NV20S-80-S"},{"r":"101","t":"18:40:30","h":"Est","s":"25S-H56S000S-80-S"}]