[{"r":"14","t":"06:34:00","h":"Nord","s":"25N-H57N000S-80-S"},{"r":"14","t":"06:34:00","h":"Nord","s":"25N-H57NV10S-84-S"},{"r":"14","t":"06:34:00","h":"Nord","s":"25N-H57NV20S-80-S"},{"r":"14","t":"06:34:00","h":"Nord","s":"25S-H57S000S-82-S"},{"r":"14","t":"06:57:00","h":"Nord","s":"25N-H57N000S-80-S"},{"r":"14","t":"06:57:00","h":"Nord","s":"25N-H57NV10S-84-S"},{"r":"14","t":"06:57:00","h":"Nord","s":"25N-H57NV20S-80-S"},{"r":"14","t":"06:57:00","h":"Nord","s":"25S-H57S000S-82-S"},{"r":"14","t":"07:22:00","h":"Nord","s":"25N-H57N000S-80-S"},{"r":"14","t":"07:22:00","h":"Nord","s":"25N-H57NV10S-84-S"},{"r":"14","t":"07:22:00","h":"Nord","s":"25N-H57NV20S-80-S"},{"r":"14","t":"07:22:00","h":"Nord","s":"25S-H57S000S-82-S"},{"r":"14","t":"07:49:00","h":"Nord","s":"25N-H57N000S-80-S"},{"r":"14","t":"07:49:00","h":"Nord","s":"25N-H57NV10S-84-S"},{"r":"14","t":"07:49:00","h":"Nord","s":"25N-H57NV20S-80-S"},{"r":"14","t":"07:49:00","h":"Nord","s":"25S-H57S000S-82-S"},{"r":"14","t":"08:18:00","h":"Nord","s":"25N-H57N000S-80-S"},{"r":"14","t":"08:18:00","h":"Nord","s":"25N-H57NV10S-84-S"},{"r":"14","t":"08:18:00","h":"Nord","s":"25N-H57NV20S-80-S"},{"r":"14","t":"08:18:00","h":"Nord","s":"25S-H57S000S-82-S"},{"r":"14","t":"08:24:00","h":"Nord","s":"25N-H57N000A-80-A"},{"r":"14","t":"08:24:00","h":"Nord","s":"25N-H57NV10A-80-A"},{"r":"14","t":"08:24:00","h":"Nord","s":"25N-H57NV20A-80-A"},{"r":"14","t":"08:24:00","h":"Nord","s":"25S-H57S000A-80-A"},{"r":"14","t":"08:46:00","h":"Nord","s":"25N-H57N000S-80-S"},{"r":"14","t":"08:46:00","h":"Nord","s":"25N-H57NV10S-84-S"},{"r":"14","t":"08:46:00","h":"Nord","s":"25N-H57NV20S-80-S"},{"r":"14","t":"08:46:00","h":"Nord","s":"25S-H57S000S-82-S"},{"r":"14","t":"09:14:00","h":"Nord","s":"25N-H57N000A-80-A"},{"r":"14","t":"09:14:00","h":"Nord","s":"25N-H57N000S-80-S"},{"r":"14","t":"09:14:00","h":"Nord","s":"25N-H57NV10A-80-A"},{"r":"14","t":"09:14:00","h":"Nord","s":"25N-H57NV10S-84-S"},{"r":"14","t":"09:14:00","h":"Nord","s":"25N-H57NV20A-80-A"},{"r":"14","t":"09:14:00","h":"Nord","s":"25N-H57NV20S-80-S"},{"r":"14","t":"09:14:00","h":"Nord","s":"25S-H57S000A-80-A"},{"r":"14","t":"09:14:00","h":"Nord","s":"25S-H57S000S-82-S"},{"r":"14","t":"09:15:00","h":"Nord","s":"25N-H57N000I-80-I"},{"r":"14","t":"09:15:00","h":"Nord","s":"25N-H57N100F-80-F1"},{"r":"14","t":"09:15:00","h":"Nord","s":"25N-H57N200F-80-F2"},{"r":"14","t":"09:15:00","h":"Nord","s":"25N-H57N300F-80-F3"},{"r":"14","t":"09:15:00","h":"Nord","s":"25N-H57N400F-80-F4"},{"r":"14","t":"09:15:00","h":"Nord","s":"25N-H57NV10I-80-I"},{"r":"14","t":"09:15:00","h":"Nord","s":"25N-H57NV20I-80-I"},{"r":"14","t":"09:15:00","h":"Nord","s":"25S-H57S000I-80-I"},{"r":"14","t":"09:15:00","h":"Nord","s":"25S-H57S100F-80-F1"},{"r":"14","t":"09:15:00","h":"Nord","s":"25S-H57S200F-80-F2"},{"r":"14","t":"09:41:00","h":"Nord","s":"25N-H57N000S-80-S"},{"r":"14","t":"09:41:00","h":"Nord","s":"25N-H57NV10S-84-S"},{"r":"14","t":"09:41:00","h":"Nord","s":"25N-H57NV20S-80-S"},{"r":"14","t":"09:41:00","h":"Nord","s":"25S-H57S000S-82-S"},{"r":"14","t":"10:04:00","h":"Nord","s":"25N-H57N000A-80-A"},{"r":"14","t":"10:04:00","h":"Nord","s":"25N-H57NV10A-80-A"},{"r":"14","t":"10:04:00","h":"Nord","s":"25N-H57NV20A-80-A"},{"r":"14","t":"10:04:00","h":"Nord","s":"25S-H57S000A-80-A"},{"r":"14","t":"10:06:00","h":"Nord","s":"25N-H57N000I-80-I"},{"r":"14","t":"10:06:00","h":"Nord","s":"25N-H57N100F-80-F1"},{"r":"14","t":"10:06:00","h":"Nord","s":"25N-H57N200F-80-F2"},{"r":"14","t":"10:06:00","h":"Nord","s":"25N-H57N300F-80-F3"},{"r":"14","t":"10:06:00","h":"Nord","s":"25N-H57N400F-80-F4"},{"r":"14","t":"10:06:00","h":"Nord","s":"25N-H57NV10I-80-I"},{"r":"14","t":"10:06:00","h":"Nord","s":"25N-H57NV20I-80-I"},{"r":"14","t":"10:06:00","h":"Nord","s":"25S-H57S000I-80-I"},{"r":"14","t":"10:06:00","h":"Nord","s":"25S-H57S100F-80-F1"},{"r":"14","t":"10:06:00","h":"Nord","s":"25S-H57S200F-80-F2"},{"r":"14","t":"10:09:00","h":"Nord","s":"25N-H57N000S-80-S"},{"r":"14","t":"10:09:00","h":"Nord","s":"25N-H57NV10S-84-S"},{"r":"14","t":"10:09:00","h":"Nord","s":"25N-H57NV20S-80-S"},{"r":"14","t":"10:09:00","h":"Nord","s":"25S-H57S000S-82-S"},{"r":"14","t":"10:36:00","h":"Nord","s":"25N-H57N000S-80-S"},{"r":"14","t":"10:36:00","h":"Nord","s":"25N-H57NV10S-84-S"},{"r":"14","t":"10:36:00","h":"Nord","s":"25N-H57NV20S-80-S"},{"r":"14","t":"10:36:00","h":"Nord","s":"25S-H57S000S-82-S"},{"r":"14","t":"10:54:00","h":"Nord","s":"25N-H57N000A-80-A"},{"r":"14","t":"10:54:00","h":"Nord","s":"25N-H57NV10A-80-A"},{"r":"14","t":"10:54:00","h":"Nord","s":"25N-H57NV20A-80-A"},{"r":"14","t":"10:54:00","h":"Nord","s":"25S-H57S000A-80-A"},{"r":"14","t":"10:56:00","h":"Nord","s":"25N-H57N000I-80-I"},{"r":"14","t":"10:56:00","h":"Nord","s":"25N-H57N100F-80-F1"},{"r":"14","t":"10:56:00","h":"Nord","s":"25N-H57N200F-80-F2"},{"r":"14","t":"10:56:00","h":"Nord","s":"25N-H57N300F-80-F3"},{"r":"14","t":"10:56:00","h":"Nord","s":"25N-H57N400F-80-F4"},{"r":"14","t":"10:56:00","h":"Nord","s":"25N-H57NV10I-80-I"},{"r":"14","t":"10:56:00","h":"Nord","s":"25N-H57NV20I-80-I"},{"r":"14","t":"10:56:00","h":"Nord","s":"25S-H57S000I-80-I"},{"r":"14","t":"10:56:00","h":"Nord","s":"25S-H57S100F-80-F1"},{"r":"14","t":"10:56:00","h":"Nord","s":"25S-H57S200F-80-F2"},{"r":"14","t":"11:04:00","h":"Nord","s":"25N-H57N000S-80-S"},{"r":"14","t":"11:04:00","h":"Nord","s":"25N-H57NV10S-84-S"},{"r":"14","t":"11:04:00","h":"Nord","s":"25N-H57NV20S-80-S"},{"r":"14","t":"11:04:00","h":"Nord","s":"25S-H57S000S-82-S"},{"r":"14","t":"11:30:00","h":"Nord","s":"25N-H57N000S-80-S"},{"r":"14","t":"11:30:00","h":"Nord","s":"25N-H57NV10S-84-S"},{"r":"14","t":"11:30:00","h":"Nord","s":"25N-H57NV20S-80-S"},{"r":"14","t":"11:30:00","h":"Nord","s":"25S-H57S000S-82-S"},{"r":"14","t":"11:44:00","h":"Nord","s":"25N-H57N000A-80-A"},{"r":"14","t":"11:44:00","h":"Nord","s":"25N-H57NV10A-80-A"},{"r":"14","t":"11:44:00","h":"Nord","s":"25N-H57NV20A-80-A"},{"r":"14","t":"11:44:00","h":"Nord","s":"25S-H57S000A-80-A"},{"r":"14","t":"11:48:00","h":"Nord","s":"25N-H57N000I-80-I"},{"r":"14","t":"11:48:00","h":"Nord","s":"25N-H57N100F-80-F1"},{"r":"14","t":"11:48:00","h":"Nord","s":"25N-H57N200F-80-F2"},{"r":"14","t":"11:48:00","h":"Nord","s":"25N-H57N300F-80-F3"},{"r":"14","t":"11:48:00","h":"Nord","s":"25N-H57N400F-80-F4"},{"r":"14","t":"11:48:00","h":"Nord","s":"25N-H57NV10I-80-I"},{"r":"14","t":"11:48:00","h":"Nord","s":"25N-H57NV20I-80-I"},{"r":"14","t":"11:48:00","h":"Nord","s":"25S-H57S000I-80-I"},{"r":"14","t":"11:48:00","h":"Nord","s":"25S-H57S100F-80-F1"},{"r":"14","t":"11:48:00","h":"Nord","s":"25S-H57S200F-80-F2"},{"r":"14","t":"11:56:00","h":"Nord","s":"25N-H57N000S-80-S"},{"r":"14","t":"11:56:00","h":"Nord","s":"25N-H57NV10S-84-S"},{"r":"14","t":"11:56:00","h":"Nord","s":"25N-H57NV20S-80-S"},{"r":"14","t":"11:56:00","h":"Nord","s":"25S-H57S000S-82-S"},{"r":"14","t":"12:22:00","h":"Nord","s":"25N-H57N000S-80-S"},{"r":"14","t":"12:22:00","h":"Nord","s":"25N-H57NV10S-84-S"},{"r":"14","t":"12:22:00","h":"Nord","s":"25N-H57NV20S-80-S"},{"r":"14","t":"12:22:00","h":"Nord","s":"25S-H57S000S-82-S"},{"r":"14","t":"12:34:00","h":"Nord","s":"25N-H57N000A-80-A"},{"r":"14","t":"12:34:00","h":"Nord","s":"25N-H57NV10A-80-A"},{"r":"14","t":"12:34:00","h":"Nord","s":"25N-H57NV20A-80-A"},{"r":"14","t":"12:34:00","h":"Nord","s":"25S-H57S000A-80-A"},{"r":"14","t":"12:40:00","h":"Nord","s":"25N-H57N000I-80-I"},{"r":"14","t":"12:40:00","h":"Nord","s":"25N-H57N100F-80-F1"},{"r":"14","t":"12:40:00","h":"Nord","s":"25N-H57N200F-80-F2"},{"r":"14","t":"12:40:00","h":"Nord","s":"25N-H57N300F-80-F3"},{"r":"14","t":"12:40:00","h":"Nord","s":"25N-H57N400F-80-F4"},{"r":"14","t":"12:40:00","h":"Nord","s":"25N-H57NV10I-80-I"},{"r":"14","t":"12:40:00","h":"Nord","s":"25N-H57NV20I-80-I"},{"r":"14","t":"12:40:00","h":"Nord","s":"25S-H57S000I-80-I"},{"r":"14","t":"12:40:00","h":"Nord","s":"25S-H57S100F-80-F1"},{"r":"14","t":"12:40:00","h":"Nord","s":"25S-H57S200F-80-F2"},{"r":"14","t":"12:48:00","h":"Nord","s":"25N-H57N000S-80-S"},{"r":"14","t":"12:48:00","h":"Nord","s":"25N-H57NV10S-84-S"},{"r":"14","t":"12:48:00","h":"Nord","s":"25N-H57NV20S-80-S"},{"r":"14","t":"12:48:00","h":"Nord","s":"25S-H57S000S-82-S"},{"r":"14","t":"13:14:00","h":"Nord","s":"25N-H57N000S-80-S"},{"r":"14","t":"13:14:00","h":"Nord","s":"25N-H57NV10S-84-S"},{"r":"14","t":"13:14:00","h":"Nord","s":"25N-H57NV20S-80-S"},{"r":"14","t":"13:14:00","h":"Nord","s":"25S-H57S000S-82-S"},{"r":"14","t":"13:25:00","h":"Nord","s":"25N-H57N000A-80-A"},{"r":"14","t":"13:25:00","h":"Nord","s":"25N-H57NV10A-80-A"},{"r":"14","t":"13:25:00","h":"Nord","s":"25N-H57NV20A-80-A"},{"r":"14","t":"13:25:00","h":"Nord","s":"25S-H57S000A-80-A"},{"r":"14","t":"13:32:00","h":"Nord","s":"25N-H57N000I-80-I"},{"r":"14","t":"13:32:00","h":"Nord","s":"25N-H57N100F-80-F1"},{"r":"14","t":"13:32:00","h":"Nord","s":"25N-H57N200F-80-F2"},{"r":"14","t":"13:32:00","h":"Nord","s":"25N-H57N300F-80-F3"},{"r":"14","t":"13:32:00","h":"Nord","s":"25N-H57N400F-80-F4"},{"r":"14","t":"13:32:00","h":"Nord","s":"25N-H57NV10I-80-I"},{"r":"14","t":"13:32:00","h":"Nord","s":"25N-H57NV20I-80-I"},{"r":"14","t":"13:32:00","h":"Nord","s":"25S-H57S000I-80-I"},{"r":"14","t":"13:32:00","h":"Nord","s":"25S-H57S100F-80-F1"},{"r":"14","t":"13:32:00","h":"Nord","s":"25S-H57S200F-80-F2"},{"r":"14","t":"13:42:00","h":"Nord","s":"25N-H57N000S-80-S"},{"r":"14","t":"13:42:00","h":"Nord","s":"25N-H57NV10S-84-S"},{"r":"14","t":"13:42:00","h":"Nord","s":"25N-H57NV20S-80-S"},{"r":"14","t":"13:42:00","h":"Nord","s":"25S-H57S000S-82-S"},{"r":"14","t":"14:08:00","h":"Nord","s":"25N-H57N000S-80-S"},{"r":"14","t":"14:08:00","h":"Nord","s":"25N-H57NV10S-84-S"},{"r":"14","t":"14:08:00","h":"Nord","s":"25N-H57NV20S-80-S"},{"r":"14","t":"14:08:00","h":"Nord","s":"25S-H57S000S-82-S"},{"r":"14","t":"14:17:00","h":"Nord","s":"25N-H57N000A-80-A"},{"r":"14","t":"14:17:00","h":"Nord","s":"25N-H57NV10A-80-A"},{"r":"14","t":"14:17:00","h":"Nord","s":"25N-H57NV20A-80-A"},{"r":"14","t":"14:17:00","h":"Nord","s":"25S-H57S000A-80-A"},{"r":"14","t":"14:23:00","h":"Nord","s":"25N-H57N000I-80-I"},{"r":"14","t":"14:23:00","h":"Nord","s":"25N-H57N100F-80-F1"},{"r":"14","t":"14:23:00","h":"Nord","s":"25N-H57N200F-80-F2"},{"r":"14","t":"14:23:00","h":"Nord","s":"25N-H57N300F-80-F3"},{"r":"14","t":"14:23:00","h":"Nord","s":"25N-H57N400F-80-F4"},{"r":"14","t":"14:23:00","h":"Nord","s":"25N-H57NV10I-80-I"},{"r":"14","t":"14:23:00","h":"Nord","s":"25N-H57NV20I-80-I"},{"r":"14","t":"14:23:00","h":"Nord","s":"25S-H57S000I-80-I"},{"r":"14","t":"14:23:00","h":"Nord","s":"25S-H57S100F-80-F1"},{"r":"14","t":"14:23:00","h":"Nord","s":"25S-H57S200F-80-F2"},{"r":"14","t":"14:36:00","h":"Nord","s":"25N-H57N000S-80-S"},{"r":"14","t":"14:36:00","h":"Nord","s":"25N-H57NV10S-84-S"},{"r":"14","t":"14:36:00","h":"Nord","s":"25N-H57NV20S-80-S"},{"r":"14","t":"14:36:00","h":"Nord","s":"25S-H57S000S-82-S"},{"r":"14","t":"15:02:00","h":"Nord","s":"25N-H57N000S-80-S"},{"r":"14","t":"15:02:00","h":"Nord","s":"25N-H57NV10S-84-S"},{"r":"14","t":"15:02:00","h":"Nord","s":"25N-H57NV20S-80-S"},{"r":"14","t":"15:02:00","h":"Nord","s":"25S-H57S000S-82-S"},{"r":"14","t":"15:08:00","h":"Nord","s":"25N-H57N000A-80-A"},{"r":"14","t":"15:08:00","h":"Nord","s":"25N-H57NV10A-80-A"},{"r":"14","t":"15:08:00","h":"Nord","s":"25N-H57NV20A-80-A"},{"r":"14","t":"15:08:00","h":"Nord","s":"25S-H57S000A-80-A"},{"r":"14","t":"15:14:00","h":"Nord","s":"25N-H57N000I-80-I"},{"r":"14","t":"15:14:00","h":"Nord","s":"25N-H57N100F-80-F1"},{"r":"14","t":"15:14:00","h":"Nord","s":"25N-H57N200F-80-F2"},{"r":"14","t":"15:14:00","h":"Nord","s":"25N-H57N300F-80-F3"},{"r":"14","t":"15:14:00","h":"Nord","s":"25N-H57N400F-80-F4"},{"r":"14","t":"15:14:00","h":"Nord","s":"25N-H57NV10I-80-I"},{"r":"14","t":"15:14:00","h":"Nord","s":"25N-H57NV20I-80-I"},{"r":"14","t":"15:14:00","h":"Nord","s":"25S-H57S000I-80-I"},{"r":"14","t":"15:14:00","h":"Nord","s":"25S-H57S100F-80-F1"},{"r":"14","t":"15:14:00","h":"Nord","s":"25S-H57S200F-80-F2"},{"r":"14","t":"15:30:00","h":"Nord","s":"25N-H57N000S-80-S"},{"r":"14","t":"15:30:00","h":"Nord","s":"25N-H57NV10S-84-S"},{"r":"14","t":"15:30:00","h":"Nord","s":"25N-H57NV20S-80-S"},{"r":"14","t":"15:30:00","h":"Nord","s":"25S-H57S000S-82-S"},{"r":"14","t":"15:57:00","h":"Nord","s":"25N-H57N000S-80-S"},{"r":"14","t":"15:57:00","h":"Nord","s":"25N-H57NV10S-84-S"},{"r":"14","t":"15:57:00","h":"Nord","s":"25N-H57NV20S-80-S"},{"r":"14","t":"15:57:00","h":"Nord","s":"25S-H57S000S-82-S"},{"r":"14","t":"16:00:00","h":"Nord","s":"25N-H57N000A-80-A"},{"r":"14","t":"16:00:00","h":"Nord","s":"25N-H57NV10A-80-A"},{"r":"14","t":"16:00:00","h":"Nord","s":"25N-H57NV20A-80-A"},{"r":"14","t":"16:00:00","h":"Nord","s":"25S-H57S000A-80-A"},{"r":"14","t":"16:05:00","h":"Nord","s":"25N-H57N000I-80-I"},{"r":"14","t":"16:05:00","h":"Nord","s":"25N-H57N100F-80-F1"},{"r":"14","t":"16:05:00","h":"Nord","s":"25N-H57N200F-80-F2"},{"r":"14","t":"16:05:00","h":"Nord","s":"25N-H57N300F-80-F3"},{"r":"14","t":"16:05:00","h":"Nord","s":"25N-H57N400F-80-F4"},{"r":"14","t":"16:05:00","h":"Nord","s":"25N-H57NV10I-80-I"},{"r":"14","t":"16:05:00","h":"Nord","s":"25N-H57NV20I-80-I"},{"r":"14","t":"16:05:00","h":"Nord","s":"25S-H57S000I-80-I"},{"r":"14","t":"16:05:00","h":"Nord","s":"25S-H57S100F-80-F1"},{"r":"14","t":"16:05:00","h":"Nord","s":"25S-H57S200F-80-F2"},{"r":"14","t":"16:25:00","h":"Nord","s":"25N-H57N000S-80-S"},{"r":"14","t":"16:25:00","h":"Nord","s":"25N-H57NV10S-84-S"},{"r":"14","t":"16:25:00","h":"Nord","s":"25N-H57NV20S-80-S"},{"r":"14","t":"16:25:00","h":"Nord","s":"25S-H57S000S-82-S"},{"r":"14","t":"16:52:00","h":"Nord","s":"25N-H57N000A-80-A"},{"r":"14","t":"16:52:00","h":"Nord","s":"25N-H57NV10A-80-A"},{"r":"14","t":"16:52:00","h":"Nord","s":"25N-H57NV20A-80-A"},{"r":"14","t":"16:52:00","h":"Nord","s":"25S-H57S000A-80-A"},{"r":"14","t":"16:53:00","h":"Nord","s":"25N-H57N000S-80-S"},{"r":"14","t":"16:53:00","h":"Nord","s":"25N-H57NV10S-84-S"},{"r":"14","t":"16:53:00","h":"Nord","s":"25N-H57NV20S-80-S"},{"r":"14","t":"16:53:00","h":"Nord","s":"25S-H57S000S-82-S"},{"r":"14","t":"16:56:00","h":"Nord","s":"25N-H57N000I-80-I"},{"r":"14","t":"16:56:00","h":"Nord","s":"25N-H57N100F-80-F1"},{"r":"14","t":"16:56:00","h":"Nord","s":"25N-H57N200F-80-F2"},{"r":"14","t":"16:56:00","h":"Nord","s":"25N-H57N300F-80-F3"},{"r":"14","t":"16:56:00","h":"Nord","s":"25N-H57N400F-80-F4"},{"r":"14","t":"16:56:00","h":"Nord","s":"25N-H57NV10I-80-I"},{"r":"14","t":"16:56:00","h":"Nord","s":"25N-H57NV20I-80-I"},{"r":"14","t":"16:56:00","h":"Nord","s":"25S-H57S000I-80-I"},{"r":"14","t":"16:56:00","h":"Nord","s":"25S-H57S100F-80-F1"},{"r":"14","t":"16:56:00","h":"Nord","s":"25S-H57S200F-80-F2"},{"r":"14","t":"17:23:00","h":"Nord","s":"25N-H57N000S-80-S"},{"r":"14","t":"17:23:00","h":"Nord","s":"25N-H57NV10S-84-S"},{"r":"14","t":"17:23:00","h":"Nord","s":"25N-H57NV20S-80-S"},{"r":"14","t":"17:23:00","h":"Nord","s":"25S-H57S000S-82-S"},{"r":"14","t":"17:44:00","h":"Nord","s":"25N-H57N000A-80-A"},{"r":"14","t":"17:44:00","h":"Nord","s":"25N-H57NV10A-80-A"},{"r":"14","t":"17:44:00","h":"Nord","s":"25N-H57NV20A-80-A"},{"r":"14","t":"17:44:00","h":"Nord","s":"25S-H57S000A-80-A"},{"r":"14","t":"17:47:00","h":"Nord","s":"25N-H57N000I-80-I"},{"r":"14","t":"17:47:00","h":"Nord","s":"25N-H57N100F-80-F1"},{"r":"14","t":"17:47:00","h":"Nord","s":"25N-H57N200F-80-F2"},{"r":"14","t":"17:47:00","h":"Nord","s":"25N-H57N300F-80-F3"},{"r":"14","t":"17:47:00","h":"Nord","s":"25N-H57N400F-80-F4"},{"r":"14","t":"17:47:00","h":"Nord","s":"25N-H57NV10I-80-I"},{"r":"14","t":"17:47:00","h":"Nord","s":"25N-H57NV20I-80-I"},{"r":"14","t":"17:47:00","h":"Nord","s":"25S-H57S000I-80-I"},{"r":"14","t":"17:47:00","h":"Nord","s":"25S-H57S100F-80-F1"},{"r":"14","t":"17:47:00","h":"Nord","s":"25S-H57S200F-80-F2"},{"r":"14","t":"17:53:00","h":"Nord","s":"25N-H57N000S-80-S"},{"r":"14","t":"17:53:00","h":"Nord","s":"25N-H57NV10S-84-S"},{"r":"14","t":"17:53:00","h":"Nord","s":"25N-H57NV20S-80-S"},{"r":"14","t":"17:53:00","h":"Nord","s":"25S-H57S000S-82-S"},{"r":"14","t":"18:21:00","h":"Nord","s":"25N-H57N000S-80-S"},{"r":"14","t":"18:21:00","h":"Nord","s":"25N-H57NV10S-84-S"},{"r":"14","t":"18:21:00","h":"Nord","s":"25N-H57NV20S-80-S"},{"r":"14","t":"18:21:00","h":"Nord","s":"25S-H57S000S-82-S"},{"r":"14","t":"18:34:00","h":"Nord","s":"25N-H57N000A-80-A"},{"r":"14","t":"18:34:00","h":"Nord","s":"25N-H57NV10A-80-A"},{"r":"14","t":"18:34:00","h":"Nord","s":"25N-H57NV20A-80-A"},{"r":"14","t":"18:34:00","h":"Nord","s":"25S-H57S000A-80-A"},{"r":"14","t":"18:38:00","h":"Nord","s":"25N-H57N000I-80-I"},{"r":"14","t":"18:38:00","h":"Nord","s":"25N-H57N100F-80-F1"},{"r":"14","t":"18:38:00","h":"Nord","s":"25N-H57N200F-80-F2"},{"r":"14","t":"18:38:00","h":"Nord","s":"25N-H57N300F-80-F3"},{"r":"14","t":"18:38:00","h":"Nord","s":"25N-H57N400F-80-F4"},{"r":"14","t":"18:38:00","h":"Nord","s":"25N-H57NV10I-80-I"},{"r":"14","t":"18:38:00","h":"Nord","s":"25N-H57NV20I-80-I"},{"r":"14","t":"18:38:00","h":"Nord","s":"25S-H57S000I-80-I"},{"r":"14","t":"18:38:00","h":"Nord","s":"25S-H57S100F-80-F1"},{"r":"14","t":"18:38:00","h":"Nord","s":"25S-H57S200F-80-F2"},{"r":"14","t":"18:48:00","h":"Nord","s":"25N-H57N000S-80-S"},{"r":"14","t":"18:48:00","h":"Nord","s":"25N-H57NV10S-84-S"},{"r":"14","t":"18:48:00","h":"Nord","s":"25N-H57NV20S-80-S"},{"r":"14","t":"18:48:00","h":"Nord","s":"25S-H57S000S-82-S"},{"r":"14","t":"19:13:00","h":"Nord","s":"25N-H57N000S-80-S"},{"r":"14","t":"19:13:00","h":"Nord","s":"25N-H57NV10S-84-S"},{"r":"14","t":"19:13:00","h":"Nord","s":"25N-H57NV20S-80-S"},{"r":"14","t":"19:13:00","h":"Nord","s":"25S-H57S000S-82-S"},{"r":"14","t":"19:26:00","h":"Nord","s":"25N-H57N000A-80-A"},{"r":"14","t":"19:26:00","h":"Nord","s":"25N-H57NV10A-80-A"},{"r":"14","t":"19:26:00","h":"Nord","s":"25N-H57NV20A-80-A"},{"r":"14","t":"19:26:00","h":"Nord","s":"25S-H57S000A-80-A"},{"r":"14","t":"19:29:00","h":"Nord","s":"25N-H57N000I-80-I"},{"r":"14","t":"19:29:00","h":"Nord","s":"25N-H57N100F-80-F1"},{"r":"14","t":"19:29:00","h":"Nord","s":"25N-H57N200F-80-F2"},{"r":"14","t":"19:29:00","h":"Nord","s":"25N-H57N300F-80-F3"},{"r":"14","t":"19:29:00","h":"Nord","s":"25N-H57N400F-80-F4"},{"r":"14","t":"19:29:00","h":"Nord","s":"25N-H57NV10I-80-I"},{"r":"14","t":"19:29:00","h":"Nord","s":"25N-H57NV20I-80-I"},{"r":"14","t":"19:29:00","h":"Nord","s":"25S-H57S000I-80-I"},{"r":"14","t":"19:29:00","h":"Nord","s":"25S-H57S100F-80-F1"},{"r":"14","t":"19:29:00","h":"Nord","s":"25S-H57S200F-80-F2"},{"r":"14","t":"19:36:00","h":"Nord","s":"25N-H57N000S-80-S"},{"r":"14","t":"19:36:00","h":"Nord","s":"25N-H57NV10S-84-S"},{"r":"14","t":"19:36:00","h":"Nord","s":"25N-H57NV20S-80-S"},{"r":"14","t":"19:36:00","h":"Nord","s":"25S-H57S000S-82-S"}]