[{"r":"32","t":"05:33:00","h":"Nord","s":"25N-H54N000A-80-A"},{"r":"32","t":"05:33:00","h":"Nord","s":"25N-H54N000I-80-I"},{"r":"32","t":"05:33:00","h":"Nord","s":"25N-H54N100F-80-F1"},{"r":"32","t":"05:33:00","h":"Nord","s":"25N-H54N200F-80-F2"},{"r":"32","t":"05:33:00","h":"Nord","s":"25N-H54N300F-80-F3"},{"r":"32","t":"05:33:00","h":"Nord","s":"25N-H54N400F-80-F4"},{"r":"32","t":"05:33:00","h":"Nord","s":"25N-H54NV10A-80-A"},{"r":"32","t":"05:33:00","h":"Nord","s":"25N-H54NV10I-80-I"},{"r":"32","t":"05:33:00","h":"Nord","s":"25N-H54NV20A-80-A"},{"r":"32","t":"05:33:00","h":"Nord","s":"25N-H54NV20I-80-I"},{"r":"32","t":"05:33:00","h":"Nord","s":"25S-H54S000A-83-A"},{"r":"32","t":"05:33:00","h":"Nord","s":"25S-H54S000I-82-I"},{"r":"32","t":"05:33:00","h":"Nord","s":"25S-H54S100F-80-F1"},{"r":"32","t":"05:33:00","h":"Nord","s":"25S-H54S200F-80-F2"},{"r":"32","t":"05:35:00","h":"Nord","s":"25N-H54N000S-80-S"},{"r":"32","t":"05:35:00","h":"Nord","s":"25N-H54NV10S-82-S"},{"r":"32","t":"05:35:00","h":"Nord","s":"25N-H54NV20S-80-S"},{"r":"32","t":"05:35:00","h":"Nord","s":"25S-H54S000S-82-S"},{"r":"32","t":"06:01:00","h":"Nord","s":"25N-H54N000A-80-A"},{"r":"32","t":"06:01:00","h":"Nord","s":"25N-H54N000S-80-S"},{"r":"32","t":"06:01:00","h":"Nord","s":"25N-H54NV10A-80-A"},{"r":"32","t":"06:01:00","h":"Nord","s":"25N-H54NV10S-82-S"},{"r":"32","t":"06:01:00","h":"Nord","s":"25N-H54NV20A-80-A"},{"r":"32","t":"06:01:00","h":"Nord","s":"25N-H54NV20S-80-S"},{"r":"32","t":"06:01:00","h":"Nord","s":"25S-H54S000A-83-A"},{"r":"32","t":"06:01:00","h":"Nord","s":"25S-H54S000S-82-S"},{"r":"32","t":"06:03:00","h":"Nord","s":"25N-H54N000I-80-I"},{"r":"32","t":"06:03:00","h":"Nord","s":"25N-H54N100F-80-F1"},{"r":"32","t":"06:03:00","h":"Nord","s":"25N-H54N200F-80-F2"},{"r":"32","t":"06:03:00","h":"Nord","s":"25N-H54N300F-80-F3"},{"r":"32","t":"06:03:00","h":"Nord","s":"25N-H54N400F-80-F4"},{"r":"32","t":"06:03:00","h":"Nord","s":"25N-H54NV10I-80-I"},{"r":"32","t":"06:03:00","h":"Nord","s":"25N-H54NV20I-80-I"},{"r":"32","t":"06:03:00","h":"Nord","s":"25S-H54S000I-82-I"},{"r":"32","t":"06:03:00","h":"Nord","s":"25S-H54S100F-80-F1"},{"r":"32","t":"06:03:00","h":"Nord","s":"25S-H54S200F-80-F2"},{"r":"32","t":"06:29:00","h":"Nord","s":"25N-H54N000S-80-S"},{"r":"32","t":"06:29:00","h":"Nord","s":"25N-H54NV10S-82-S"},{"r":"32","t":"06:29:00","h":"Nord","s":"25N-H54NV20S-80-S"},{"r":"32","t":"06:29:00","h":"Nord","s":"25S-H54S000S-82-S"},{"r":"32","t":"06:32:00","h":"Nord","s":"25N-H54N000A-80-A"},{"r":"32","t":"06:32:00","h":"Nord","s":"25N-H54N000I-80-I"},{"r":"32","t":"06:32:00","h":"Nord","s":"25N-H54N100F-80-F1"},{"r":"32","t":"06:32:00","h":"Nord","s":"25N-H54N200F-80-F2"},{"r":"32","t":"06:32:00","h":"Nord","s":"25N-H54N300F-80-F3"},{"r":"32","t":"06:32:00","h":"Nord","s":"25N-H54N400F-80-F4"},{"r":"32","t":"06:32:00","h":"Nord","s":"25N-H54NV10A-80-A"},{"r":"32","t":"06:32:00","h":"Nord","s":"25N-H54NV10I-80-I"},{"r":"32","t":"06:32:00","h":"Nord","s":"25N-H54NV20A-80-A"},{"r":"32","t":"06:32:00","h":"Nord","s":"25N-H54NV20I-80-I"},{"r":"32","t":"06:32:00","h":"Nord","s":"25S-H54S000A-83-A"},{"r":"32","t":"06:32:00","h":"Nord","s":"25S-H54S000I-82-I"},{"r":"32","t":"06:32:00","h":"Nord","s":"25S-H54S100F-80-F1"},{"r":"32","t":"06:32:00","h":"Nord","s":"25S-H54S200F-80-F2"},{"r":"32","t":"06:40:00","h":"Nord","s":"25N-H54N000S-80-S"},{"r":"32","t":"06:40:00","h":"Nord","s":"25N-H54NV10S-82-S"},{"r":"32","t":"06:40:00","h":"Nord","s":"25N-H54NV20S-80-S"},{"r":"32","t":"06:40:00","h":"Nord","s":"25S-H54S000S-82-S"},{"r":"32","t":"06:50:00","h":"Nord","s":"25N-H54N000S-80-S"},{"r":"32","t":"06:50:00","h":"Nord","s":"25N-H54NV10S-82-S"},{"r":"32","t":"06:50:00","h":"Nord","s":"25N-H54NV20S-80-S"},{"r":"32","t":"06:50:00","h":"Nord","s":"25S-H54S000S-82-S"},{"r":"32","t":"07:00:00","h":"Nord","s":"25N-H57N000S-80-S"},{"r":"32","t":"07:00:00","h":"Nord","s":"25N-H57NV10S-84-S"},{"r":"32","t":"07:00:00","h":"Nord","s":"25N-H57NV20S-80-S"},{"r":"32","t":"07:00:00","h":"Nord","s":"25S-H57S000S-82-S"},{"r":"32","t":"07:01:00","h":"Nord","s":"25N-H54N000A-80-A"},{"r":"32","t":"07:01:00","h":"Nord","s":"25N-H54NV10A-80-A"},{"r":"32","t":"07:01:00","h":"Nord","s":"25N-H54NV20A-80-A"},{"r":"32","t":"07:01:00","h":"Nord","s":"25S-H54S000A-83-A"},{"r":"32","t":"07:02:00","h":"Nord","s":"25N-H54N000I-80-I"},{"r":"32","t":"07:02:00","h":"Nord","s":"25N-H54N100F-80-F1"},{"r":"32","t":"07:02:00","h":"Nord","s":"25N-H54N200F-80-F2"},{"r":"32","t":"07:02:00","h":"Nord","s":"25N-H54N300F-80-F3"},{"r":"32","t":"07:02:00","h":"Nord","s":"25N-H54N400F-80-F4"},{"r":"32","t":"07:02:00","h":"Nord","s":"25N-H54NV10I-80-I"},{"r":"32","t":"07:02:00","h":"Nord","s":"25N-H54NV20I-80-I"},{"r":"32","t":"07:02:00","h":"Nord","s":"25S-H54S000I-82-I"},{"r":"32","t":"07:02:00","h":"Nord","s":"25S-H54S100F-80-F1"},{"r":"32","t":"07:02:00","h":"Nord","s":"25S-H54S200F-80-F2"},{"r":"32","t":"07:11:00","h":"Nord","s":"25N-H54N000S-80-S"},{"r":"32","t":"07:11:00","h":"Nord","s":"25N-H54NV10S-82-S"},{"r":"32","t":"07:11:00","h":"Nord","s":"25N-H54NV20S-80-S"},{"r":"32","t":"07:11:00","h":"Nord","s":"25S-H54S000S-82-S"},{"r":"32","t":"07:22:00","h":"Nord","s":"25N-H54N000S-80-S"},{"r":"32","t":"07:22:00","h":"Nord","s":"25N-H54NV10S-82-S"},{"r":"32","t":"07:22:00","h":"Nord","s":"25N-H54NV20S-80-S"},{"r":"32","t":"07:22:00","h":"Nord","s":"25S-H54S000S-82-S"},{"r":"32","t":"07:30:00","h":"Nord","s":"25N-H54N000A-80-A"},{"r":"32","t":"07:30:00","h":"Nord","s":"25N-H54NV10A-80-A"},{"r":"32","t":"07:30:00","h":"Nord","s":"25N-H54NV20A-80-A"},{"r":"32","t":"07:30:00","h":"Nord","s":"25S-H54S000A-83-A"},{"r":"32","t":"07:31:00","h":"Nord","s":"25N-H54N000I-80-I"},{"r":"32","t":"07:31:00","h":"Nord","s":"25N-H54N100F-80-F1"},{"r":"32","t":"07:31:00","h":"Nord","s":"25N-H54N200F-80-F2"},{"r":"32","t":"07:31:00","h":"Nord","s":"25N-H54N300F-80-F3"},{"r":"32","t":"07:31:00","h":"Nord","s":"25N-H54N400F-80-F4"},{"r":"32","t":"07:31:00","h":"Nord","s":"25N-H54NV10I-80-I"},{"r":"32","t":"07:31:00","h":"Nord","s":"25N-H54NV20I-80-I"},{"r":"32","t":"07:31:00","h":"Nord","s":"25S-H54S000I-82-I"},{"r":"32","t":"07:31:00","h":"Nord","s":"25S-H54S100F-80-F1"},{"r":"32","t":"07:31:00","h":"Nord","s":"25S-H54S200F-80-F2"},{"r":"32","t":"07:33:00","h":"Nord","s":"25N-H54N000S-80-S"},{"r":"32","t":"07:33:00","h":"Nord","s":"25N-H54NV10S-82-S"},{"r":"32","t":"07:33:00","h":"Nord","s":"25N-H54NV20S-80-S"},{"r":"32","t":"07:33:00","h":"Nord","s":"25S-H54S000S-82-S"},{"r":"32","t":"07:41:00","h":"Nord","s":"25N-H54N000S-80-S"},{"r":"32","t":"07:41:00","h":"Nord","s":"25N-H54NV10S-82-S"},{"r":"32","t":"07:41:00","h":"Nord","s":"25N-H54NV20S-80-S"},{"r":"32","t":"07:41:00","h":"Nord","s":"25S-H54S000S-82-S"},{"r":"32","t":"07:48:00","h":"Nord","s":"25N-H54N000S-80-S"},{"r":"32","t":"07:48:00","h":"Nord","s":"25N-H54NV10S-82-S"},{"r":"32","t":"07:48:00","h":"Nord","s":"25N-H54NV20S-80-S"},{"r":"32","t":"07:48:00","h":"Nord","s":"25S-H54S000S-82-S"},{"r":"32","t":"07:55:00","h":"Nord","s":"25N-H54N000S-80-S"},{"r":"32","t":"07:55:00","h":"Nord","s":"25N-H54NV10S-82-S"},{"r":"32","t":"07:55:00","h":"Nord","s":"25N-H54NV20S-80-S"},{"r":"32","t":"07:55:00","h":"Nord","s":"25S-H54S000S-82-S"},{"r":"32","t":"07:59:00","h":"Nord","s":"25N-H54N000A-80-A"},{"r":"32","t":"07:59:00","h":"Nord","s":"25N-H54NV10A-80-A"},{"r":"32","t":"07:59:00","h":"Nord","s":"25N-H54NV20A-80-A"},{"r":"32","t":"07:59:00","h":"Nord","s":"25S-H54S000A-83-A"},{"r":"32","t":"08:00:00","h":"Nord","s":"25N-H54N000I-80-I"},{"r":"32","t":"08:00:00","h":"Nord","s":"25N-H54N100F-80-F1"},{"r":"32","t":"08:00:00","h":"Nord","s":"25N-H54N200F-80-F2"},{"r":"32","t":"08:00:00","h":"Nord","s":"25N-H54N300F-80-F3"},{"r":"32","t":"08:00:00","h":"Nord","s":"25N-H54N400F-80-F4"},{"r":"32","t":"08:00:00","h":"Nord","s":"25N-H54NV10I-80-I"},{"r":"32","t":"08:00:00","h":"Nord","s":"25N-H54NV20I-80-I"},{"r":"32","t":"08:00:00","h":"Nord","s":"25S-H54S000I-82-I"},{"r":"32","t":"08:00:00","h":"Nord","s":"25S-H54S100F-80-F1"},{"r":"32","t":"08:00:00","h":"Nord","s":"25S-H54S200F-80-F2"},{"r":"32","t":"08:03:00","h":"Nord","s":"25N-H54N000S-80-S"},{"r":"32","t":"08:03:00","h":"Nord","s":"25N-H54NV10S-82-S"},{"r":"32","t":"08:03:00","h":"Nord","s":"25N-H54NV20S-80-S"},{"r":"32","t":"08:03:00","h":"Nord","s":"25S-H54S000S-82-S"},{"r":"32","t":"08:10:00","h":"Nord","s":"25N-H54N000S-80-S"},{"r":"32","t":"08:10:00","h":"Nord","s":"25N-H54NV10S-82-S"},{"r":"32","t":"08:10:00","h":"Nord","s":"25N-H54NV20S-80-S"},{"r":"32","t":"08:10:00","h":"Nord","s":"25S-H54S000S-82-S"},{"r":"32","t":"08:17:00","h":"Nord","s":"25N-H54N000S-80-S"},{"r":"32","t":"08:17:00","h":"Nord","s":"25N-H54NV10S-82-S"},{"r":"32","t":"08:17:00","h":"Nord","s":"25N-H54NV20S-80-S"},{"r":"32","t":"08:17:00","h":"Nord","s":"25S-H54S000S-82-S"},{"r":"32","t":"08:28:00","h":"Nord","s":"25N-H54N000S-80-S"},{"r":"32","t":"08:28:00","h":"Nord","s":"25N-H54NV10S-82-S"},{"r":"32","t":"08:28:00","h":"Nord","s":"25N-H54NV20S-80-S"},{"r":"32","t":"08:28:00","h":"Nord","s":"25S-H54S000S-82-S"},{"r":"32","t":"08:30:00","h":"Nord","s":"25N-H54N000A-80-A"},{"r":"32","t":"08:30:00","h":"Nord","s":"25N-H54NV10A-80-A"},{"r":"32","t":"08:30:00","h":"Nord","s":"25N-H54NV20A-80-A"},{"r":"32","t":"08:30:00","h":"Nord","s":"25S-H54S000A-83-A"},{"r":"32","t":"08:31:00","h":"Nord","s":"25N-H54N000I-80-I"},{"r":"32","t":"08:31:00","h":"Nord","s":"25N-H54N100F-80-F1"},{"r":"32","t":"08:31:00","h":"Nord","s":"25N-H54N200F-80-F2"},{"r":"32","t":"08:31:00","h":"Nord","s":"25N-H54N300F-80-F3"},{"r":"32","t":"08:31:00","h":"Nord","s":"25N-H54N400F-80-F4"},{"r":"32","t":"08:31:00","h":"Nord","s":"25N-H54NV10I-80-I"},{"r":"32","t":"08:31:00","h":"Nord","s":"25N-H54NV20I-80-I"},{"r":"32","t":"08:31:00","h":"Nord","s":"25S-H54S000I-82-I"},{"r":"32","t":"08:31:00","h":"Nord","s":"25S-H54S100F-80-F1"},{"r":"32","t":"08:31:00","h":"Nord","s":"25S-H54S200F-80-F2"},{"r":"32","t":"08:46:00","h":"Nord","s":"25N-H55N000S-80-S"},{"r":"32","t":"08:46:00","h":"Nord","s":"25N-H55N000S-82-S"},{"r":"32","t":"08:46:00","h":"Nord","s":"25N-H55NV10S-85-S"},{"r":"32","t":"08:46:00","h":"Nord","s":"25N-H55NV20S-81-S"},{"r":"32","t":"08:46:00","h":"Nord","s":"25S-H55S000S-82-S"},{"r":"32","t":"09:00:00","h":"Nord","s":"25N-H54N000A-80-A"},{"r":"32","t":"09:00:00","h":"Nord","s":"25N-H54NV10A-80-A"},{"r":"32","t":"09:00:00","h":"Nord","s":"25N-H54NV20A-80-A"},{"r":"32","t":"09:00:00","h":"Nord","s":"25S-H54S000A-83-A"},{"r":"32","t":"09:02:00","h":"Nord","s":"25N-H54N000I-80-I"},{"r":"32","t":"09:02:00","h":"Nord","s":"25N-H54N100F-80-F1"},{"r":"32","t":"09:02:00","h":"Nord","s":"25N-H54N200F-80-F2"},{"r":"32","t":"09:02:00","h":"Nord","s":"25N-H54N300F-80-F3"},{"r":"32","t":"09:02:00","h":"Nord","s":"25N-H54N400F-80-F4"},{"r":"32","t":"09:02:00","h":"Nord","s":"25N-H54NV10I-80-I"},{"r":"32","t":"09:02:00","h":"Nord","s":"25N-H54NV20I-80-I"},{"r":"32","t":"09:02:00","h":"Nord","s":"25S-H54S000I-82-I"},{"r":"32","t":"09:02:00","h":"Nord","s":"25S-H54S100F-80-F1"},{"r":"32","t":"09:02:00","h":"Nord","s":"25S-H54S200F-80-F2"},{"r":"32","t":"09:07:00","h":"Nord","s":"25N-H54N000S-80-S"},{"r":"32","t":"09:07:00","h":"Nord","s":"25N-H54NV10S-82-S"},{"r":"32","t":"09:07:00","h":"Nord","s":"25N-H54NV20S-80-S"},{"r":"32","t":"09:07:00","h":"Nord","s":"25S-H54S000S-82-S"},{"r":"432","t":"09:21:55","h":"Nord via Lacordaire / Perras","s":"25N-H54N000S-80-S"},{"r":"432","t":"09:21:55","h":"Nord via Lacordaire / Perras","s":"25N-H54NV10S-82-S"},{"r":"432","t":"09:21:55","h":"Nord via Lacordaire / Perras","s":"25N-H54NV20S-80-S"},{"r":"432","t":"09:21:55","h":"Nord via Lacordaire / Perras","s":"25S-H54S000S-82-S"},{"r":"32","t":"09:28:00","h":"Nord","s":"25N-H54N000S-80-S"},{"r":"32","t":"09:28:00","h":"Nord","s":"25N-H54NV10S-82-S"},{"r":"32","t":"09:28:00","h":"Nord","s":"25N-H54NV20S-80-S"},{"r":"32","t":"09:28:00","h":"Nord","s":"25S-H54S000S-82-S"},{"r":"32","t":"09:30:00","h":"Nord","s":"25N-H54N000A-80-A"},{"r":"32","t":"09:30:00","h":"Nord","s":"25N-H54NV10A-80-A"},{"r":"32","t":"09:30:00","h":"Nord","s":"25N-H54NV20A-80-A"},{"r":"32","t":"09:30:00","h":"Nord","s":"25S-H54S000A-83-A"},{"r":"32","t":"09:33:00","h":"Nord","s":"25N-H54N000I-80-I"},{"r":"32","t":"09:33:00","h":"Nord","s":"25N-H54N100F-80-F1"},{"r":"32","t":"09:33:00","h":"Nord","s":"25N-H54N200F-80-F2"},{"r":"32","t":"09:33:00","h":"Nord","s":"25N-H54N300F-80-F3"},{"r":"32","t":"09:33:00","h":"Nord","s":"25N-H54N400F-80-F4"},{"r":"32","t":"09:33:00","h":"Nord","s":"25N-H54NV10I-80-I"},{"r":"32","t":"09:33:00","h":"Nord","s":"25N-H54NV20I-80-I"},{"r":"32","t":"09:33:00","h":"Nord","s":"25S-H54S000I-82-I"},{"r":"32","t":"09:33:00","h":"Nord","s":"25S-H54S100F-80-F1"},{"r":"32","t":"09:33:00","h":"Nord","s":"25S-H54S200F-80-F2"},{"r":"32","t":"09:48:00","h":"Nord","s":"25N-H54N000S-80-S"},{"r":"32","t":"09:48:00","h":"Nord","s":"25N-H54NV10S-82-S"},{"r":"32","t":"09:48:00","h":"Nord","s":"25N-H54NV20S-80-S"},{"r":"32","t":"09:48:00","h":"Nord","s":"25S-H54S000S-82-S"},{"r":"432","t":"09:53:55","h":"Nord via Lacordaire / Perras","s":"25N-H54N000S-80-S"},{"r":"432","t":"09:53:55","h":"Nord via Lacordaire / Perras","s":"25N-H54NV10S-82-S"},{"r":"432","t":"09:53:55","h":"Nord via Lacordaire / Perras","s":"25N-H54NV20S-80-S"},{"r":"432","t":"09:53:55","h":"Nord via Lacordaire / Perras","s":"25S-H54S000S-82-S"},{"r":"32","t":"10:00:00","h":"Nord","s":"25N-H54N000A-80-A"},{"r":"32","t":"10:00:00","h":"Nord","s":"25N-H54NV10A-80-A"},{"r":"32","t":"10:00:00","h":"Nord","s":"25N-H54NV20A-80-A"},{"r":"32","t":"10:00:00","h":"Nord","s":"25S-H54S000A-83-A"},{"r":"32","t":"10:03:00","h":"Nord","s":"25N-H54N000I-80-I"},{"r":"32","t":"10:03:00","h":"Nord","s":"25N-H54N100F-80-F1"},{"r":"32","t":"10:03:00","h":"Nord","s":"25N-H54N200F-80-F2"},{"r":"32","t":"10:03:00","h":"Nord","s":"25N-H54N300F-80-F3"},{"r":"32","t":"10:03:00","h":"Nord","s":"25N-H54N400F-80-F4"},{"r":"32","t":"10:03:00","h":"Nord","s":"25N-H54NV10I-80-I"},{"r":"32","t":"10:03:00","h":"Nord","s":"25N-H54NV20I-80-I"},{"r":"32","t":"10:03:00","h":"Nord","s":"25S-H54S000I-82-I"},{"r":"32","t":"10:03:00","h":"Nord","s":"25S-H54S100F-80-F1"},{"r":"32","t":"10:03:00","h":"Nord","s":"25S-H54S200F-80-F2"},{"r":"32","t":"10:10:00","h":"Nord","s":"25N-H54N000S-80-S"},{"r":"32","t":"10:10:00","h":"Nord","s":"25N-H54NV10S-82-S"},{"r":"32","t":"10:10:00","h":"Nord","s":"25N-H54NV20S-80-S"},{"r":"32","t":"10:10:00","h":"Nord","s":"25S-H54S000S-82-S"},{"r":"432","t":"10:25:55","h":"Nord via Lacordaire / Perras","s":"25N-H54N000S-80-S"},{"r":"432","t":"10:25:55","h":"Nord via Lacordaire / Perras","s":"25N-H54NV10S-82-S"},{"r":"432","t":"10:25:55","h":"Nord via Lacordaire / Perras","s":"25N-H54NV20S-80-S"},{"r":"432","t":"10:25:55","h":"Nord via Lacordaire / Perras","s":"25S-H54S000S-82-S"},{"r":"32","t":"10:28:00","h":"Nord","s":"25N-H54N000A-80-A"},{"r":"32","t":"10:28:00","h":"Nord","s":"25N-H54NV10A-80-A"},{"r":"32","t":"10:28:00","h":"Nord","s":"25N-H54NV20A-80-A"},{"r":"32","t":"10:28:00","h":"Nord","s":"25S-H54S000A-83-A"},{"r":"32","t":"10:31:00","h":"Nord","s":"25N-H54N000I-80-I"},{"r":"32","t":"10:31:00","h":"Nord","s":"25N-H54N100F-80-F1"},{"r":"32","t":"10:31:00","h":"Nord","s":"25N-H54N200F-80-F2"},{"r":"32","t":"10:31:00","h":"Nord","s":"25N-H54N300F-80-F3"},{"r":"32","t":"10:31:00","h":"Nord","s":"25N-H54N400F-80-F4"},{"r":"32","t":"10:31:00","h":"Nord","s":"25N-H54NV10I-80-I"},{"r":"32","t":"10:31:00","h":"Nord","s":"25N-H54NV20I-80-I"},{"r":"32","t":"10:31:00","h":"Nord","s":"25S-H54S000I-82-I"},{"r":"32","t":"10:31:00","h":"Nord","s":"25S-H54S100F-80-F1"},{"r":"32","t":"10:31:00","h":"Nord","s":"25S-H54S200F-80-F2"},{"r":"32","t":"10:32:00","h":"Nord","s":"25N-H54N000S-80-S"},{"r":"32","t":"10:32:00","h":"Nord","s":"25N-H54NV10S-82-S"},{"r":"32","t":"10:32:00","h":"Nord","s":"25N-H54NV20S-80-S"},{"r":"32","t":"10:32:00","h":"Nord","s":"25S-H54S000S-82-S"},{"r":"32","t":"10:52:00","h":"Nord","s":"25N-H54N000S-80-S"},{"r":"32","t":"10:52:00","h":"Nord","s":"25N-H54NV10S-82-S"},{"r":"32","t":"10:52:00","h":"Nord","s":"25N-H54NV20S-80-S"},{"r":"32","t":"10:52:00","h":"Nord","s":"25S-H54S000S-82-S"},{"r":"432","t":"10:55:55","h":"Nord via Lacordaire / Perras","s":"25N-H54N000S-80-S"},{"r":"432","t":"10:55:55","h":"Nord via Lacordaire / Perras","s":"25N-H54NV10S-82-S"},{"r":"432","t":"10:55:55","h":"Nord via Lacordaire / Perras","s":"25N-H54NV20S-80-S"},{"r":"432","t":"10:55:55","h":"Nord via Lacordaire / Perras","s":"25S-H54S000S-82-S"},{"r":"32","t":"10:56:00","h":"Nord","s":"25N-H54N000A-80-A"},{"r":"32","t":"10:56:00","h":"Nord","s":"25N-H54NV10A-80-A"},{"r":"32","t":"10:56:00","h":"Nord","s":"25N-H54NV20A-80-A"},{"r":"32","t":"10:56:00","h":"Nord","s":"25S-H54S000A-83-A"},{"r":"32","t":"11:01:00","h":"Nord","s":"25N-H54N000I-80-I"},{"r":"32","t":"11:01:00","h":"Nord","s":"25N-H54N100F-80-F1"},{"r":"32","t":"11:01:00","h":"Nord","s":"25N-H54N200F-80-F2"},{"r":"32","t":"11:01:00","h":"Nord","s":"25N-H54N300F-80-F3"},{"r":"32","t":"11:01:00","h":"Nord","s":"25N-H54N400F-80-F4"},{"r":"32","t":"11:01:00","h":"Nord","s":"25N-H54NV10I-80-I"},{"r":"32","t":"11:01:00","h":"Nord","s":"25N-H54NV20I-80-I"},{"r":"32","t":"11:01:00","h":"Nord","s":"25S-H54S000I-82-I"},{"r":"32","t":"11:01:00","h":"Nord","s":"25S-H54S100F-80-F1"},{"r":"32","t":"11:01:00","h":"Nord","s":"25S-H54S200F-80-F2"},{"r":"32","t":"11:12:00","h":"Nord","s":"25N-H54N000S-80-S"},{"r":"32","t":"11:12:00","h":"Nord","s":"25N-H54NV10S-82-S"},{"r":"32","t":"11:12:00","h":"Nord","s":"25N-H54NV20S-80-S"},{"r":"32","t":"11:12:00","h":"Nord","s":"25S-H54S000S-82-S"},{"r":"32","t":"11:24:00","h":"Nord","s":"25N-H54N000A-80-A"},{"r":"32","t":"11:24:00","h":"Nord","s":"25N-H54NV10A-80-A"},{"r":"32","t":"11:24:00","h":"Nord","s":"25N-H54NV20A-80-A"},{"r":"32","t":"11:24:00","h":"Nord","s":"25S-H54S000A-83-A"},{"r":"32","t":"11:25:00","h":"Nord","s":"25N-H54N000I-80-I"},{"r":"32","t":"11:25:00","h":"Nord","s":"25N-H54N100F-80-F1"},{"r":"32","t":"11:25:00","h":"Nord","s":"25N-H54N200F-80-F2"},{"r":"32","t":"11:25:00","h":"Nord","s":"25N-H54N300F-80-F3"},{"r":"32","t":"11:25:00","h":"Nord","s":"25N-H54N400F-80-F4"},{"r":"32","t":"11:25:00","h":"Nord","s":"25N-H54NV10I-80-I"},{"r":"32","t":"11:25:00","h":"Nord","s":"25N-H54NV20I-80-I"},{"r":"32","t":"11:25:00","h":"Nord","s":"25S-H54S000I-82-I"},{"r":"32","t":"11:25:00","h":"Nord","s":"25S-H54S100F-80-F1"},{"r":"32","t":"11:25:00","h":"Nord","s":"25S-H54S200F-80-F2"},{"r":"432","t":"11:25:55","h":"Nord via Lacordaire / Perras","s":"25N-H54N000S-80-S"},{"r":"432","t":"11:25:55","h":"Nord via Lacordaire / Perras","s":"25N-H54NV10S-82-S"},{"r":"432","t":"11:25:55","h":"Nord via Lacordaire / Perras","s":"25N-H54NV20S-80-S"},{"r":"432","t":"11:25:55","h":"Nord via Lacordaire / Perras","s":"25S-H54S000S-82-S"},{"r":"32","t":"11:33:00","h":"Nord","s":"25N-H54N000S-80-S"},{"r":"32","t":"11:33:00","h":"Nord","s":"25N-H54NV10S-82-S"},{"r":"32","t":"11:33:00","h":"Nord","s":"25N-H54NV20S-80-S"},{"r":"32","t":"11:33:00","h":"Nord","s":"25S-H54S000S-82-S"},{"r":"32","t":"11:47:00","h":"Nord","s":"25N-H54N000I-80-I"},{"r":"32","t":"11:47:00","h":"Nord","s":"25N-H54N100F-80-F1"},{"r":"32","t":"11:47:00","h":"Nord","s":"25N-H54N200F-80-F2"},{"r":"32","t":"11:47:00","h":"Nord","s":"25N-H54N300F-80-F3"},{"r":"32","t":"11:47:00","h":"Nord","s":"25N-H54N400F-80-F4"},{"r":"32","t":"11:47:00","h":"Nord","s":"25N-H54NV10I-80-I"},{"r":"32","t":"11:47:00","h":"Nord","s":"25N-H54NV20I-80-I"},{"r":"32","t":"11:47:00","h":"Nord","s":"25S-H54S000I-82-I"},{"r":"32","t":"11:47:00","h":"Nord","s":"25S-H54S100F-80-F1"},{"r":"32","t":"11:47:00","h":"Nord","s":"25S-H54S200F-80-F2"},{"r":"32","t":"11:51:00","h":"Nord","s":"25N-H54N000S-80-S"},{"r":"32","t":"11:51:00","h":"Nord","s":"25N-H54NV10S-82-S"},{"r":"32","t":"11:51:00","h":"Nord","s":"25N-H54NV20S-80-S"},{"r":"32","t":"11:51:00","h":"Nord","s":"25S-H54S000S-82-S"},{"r":"32","t":"11:52:00","h":"Nord","s":"25N-H54N000A-80-A"},{"r":"32","t":"11:52:00","h":"Nord","s":"25N-H54NV10A-80-A"},{"r":"32","t":"11:52:00","h":"Nord","s":"25N-H54NV20A-80-A"},{"r":"32","t":"11:52:00","h":"Nord","s":"25S-H54S000A-83-A"},{"r":"432","t":"11:55:55","h":"Nord via Lacordaire / Perras","s":"25N-H54N000S-80-S"},{"r":"432","t":"11:55:55","h":"Nord via Lacordaire / Perras","s":"25N-H54NV10S-82-S"},{"r":"432","t":"11:55:55","h":"Nord via Lacordaire / Perras","s":"25N-H54NV20S-80-S"},{"r":"432","t":"11:55:55","h":"Nord via Lacordaire / Perras","s":"25S-H54S000S-82-S"},{"r":"32","t":"12:06:00","h":"Nord","s":"25N-H54N000I-80-I"},{"r":"32","t":"12:06:00","h":"Nord","s":"25N-H54N100F-80-F1"},{"r":"32","t":"12:06:00","h":"Nord","s":"25N-H54N200F-80-F2"},{"r":"32","t":"12:06:00","h":"Nord","s":"25N-H54N300F-80-F3"},{"r":"32","t":"12:06:00","h":"Nord","s":"25N-H54N400F-80-F4"},{"r":"32","t":"12:06:00","h":"Nord","s":"25N-H54NV10I-80-I"},{"r":"32","t":"12:06:00","h":"Nord","s":"25N-H54NV20I-80-I"},{"r":"32","t":"12:06:00","h":"Nord","s":"25S-H54S000I-82-I"},{"r":"32","t":"12:06:00","h":"Nord","s":"25S-H54S100F-80-F1"},{"r":"32","t":"12:06:00","h":"Nord","s":"25S-H54S200F-80-F2"},{"r":"32","t":"12:09:00","h":"Nord","s":"25N-H54N000S-80-S"},{"r":"32","t":"12:09:00","h":"Nord","s":"25N-H54NV10S-82-S"},{"r":"32","t":"12:09:00","h":"Nord","s":"25N-H54NV20S-80-S"},{"r":"32","t":"12:09:00","h":"Nord","s":"25S-H54S000S-82-S"},{"r":"32","t":"12:19:00","h":"Nord","s":"25N-H54N000A-80-A"},{"r":"32","t":"12:19:00","h":"Nord","s":"25N-H54NV10A-80-A"},{"r":"32","t":"12:19:00","h":"Nord","s":"25N-H54NV20A-80-A"},{"r":"32","t":"12:19:00","h":"Nord","s":"25S-H54S000A-83-A"},{"r":"32","t":"12:25:00","h":"Nord","s":"25N-H54N000I-80-I"},{"r":"32","t":"12:25:00","h":"Nord","s":"25N-H54N100F-80-F1"},{"r":"32","t":"12:25:00","h":"Nord","s":"25N-H54N200F-80-F2"},{"r":"32","t":"12:25:00","h":"Nord","s":"25N-H54N300F-80-F3"},{"r":"32","t":"12:25:00","h":"Nord","s":"25N-H54N400F-80-F4"},{"r":"32","t":"12:25:00","h":"Nord","s":"25N-H54NV10I-80-I"},{"r":"32","t":"12:25:00","h":"Nord","s":"25N-H54NV20I-80-I"},{"r":"32","t":"12:25:00","h":"Nord","s":"25S-H54S000I-82-I"},{"r":"32","t":"12:25:00","h":"Nord","s":"25S-H54S100F-80-F1"},{"r":"32","t":"12:25:00","h":"Nord","s":"25S-H54S200F-80-F2"},{"r":"432","t":"12:25:55","h":"Nord via Lacordaire / Perras","s":"25N-H54N000S-80-S"},{"r":"432","t":"12:25:55","h":"Nord via Lacordaire / Perras","s":"25N-H54NV10S-82-S"},{"r":"432","t":"12:25:55","h":"Nord via Lacordaire / Perras","s":"25N-H54NV20S-80-S"},{"r":"432","t":"12:25:55","h":"Nord via Lacordaire / Perras","s":"25S-H54S000S-82-S"},{"r":"32","t":"12:26:00","h":"Nord","s":"25N-H54N000S-80-S"},{"r":"32","t":"12:26:00","h":"Nord","s":"25N-H54NV10S-82-S"},{"r":"32","t":"12:26:00","h":"Nord","s":"25N-H54NV20S-80-S"},{"r":"32","t":"12:26:00","h":"Nord","s":"25S-H54S000S-82-S"},{"r":"32","t":"12:40:00","h":"Nord","s":"25N-H54N000A-80-A"},{"r":"32","t":"12:40:00","h":"Nord","s":"25N-H54NV10A-80-A"},{"r":"32","t":"12:40:00","h":"Nord","s":"25N-H54NV20A-80-A"},{"r":"32","t":"12:40:00","h":"Nord","s":"25S-H54S000A-83-A"},{"r":"32","t":"12:42:00","h":"Nord","s":"25N-H54N000S-80-S"},{"r":"32","t":"12:42:00","h":"Nord","s":"25N-H54NV10S-82-S"},{"r":"32","t":"12:42:00","h":"Nord","s":"25N-H54NV20S-80-S"},{"r":"32","t":"12:42:00","h":"Nord","s":"25S-H54S000S-82-S"},{"r":"32","t":"12:43:00","h":"Nord","s":"25N-H54N000I-80-I"},{"r":"32","t":"12:43:00","h":"Nord","s":"25N-H54N100F-80-F1"},{"r":"32","t":"12:43:00","h":"Nord","s":"25N-H54N200F-80-F2"},{"r":"32","t":"12:43:00","h":"Nord","s":"25N-H54N300F-80-F3"},{"r":"32","t":"12:43:00","h":"Nord","s":"25N-H54N400F-80-F4"},{"r":"32","t":"12:43:00","h":"Nord","s":"25N-H54NV10I-80-I"},{"r":"32","t":"12:43:00","h":"Nord","s":"25N-H54NV20I-80-I"},{"r":"32","t":"12:43:00","h":"Nord","s":"25S-H54S000I-82-I"},{"r":"32","t":"12:43:00","h":"Nord","s":"25S-H54S100F-80-F1"},{"r":"32","t":"12:43:00","h":"Nord","s":"25S-H54S200F-80-F2"},{"r":"432","t":"12:55:55","h":"Nord via Lacordaire / Perras","s":"25N-H54N000S-80-S"},{"r":"432","t":"12:55:55","h":"Nord via Lacordaire / Perras","s":"25N-H54NV10S-82-S"},{"r":"432","t":"12:55:55","h":"Nord via Lacordaire / Perras","s":"25N-H54NV20S-80-S"},{"r":"432","t":"12:55:55","h":"Nord via Lacordaire / Perras","s":"25S-H54S000S-82-S"},{"r":"32","t":"12:58:00","h":"Nord","s":"25N-H54N000S-80-S"},{"r":"32","t":"12:58:00","h":"Nord","s":"25N-H54NV10S-82-S"},{"r":"32","t":"12:58:00","h":"Nord","s":"25N-H54NV20S-80-S"},{"r":"32","t":"12:58:00","h":"Nord","s":"25S-H54S000S-82-S"},{"r":"32","t":"13:01:00","h":"Nord","s":"25N-H54N000A-80-A"},{"r":"32","t":"13:01:00","h":"Nord","s":"25N-H54N000I-80-I"},{"r":"32","t":"13:01:00","h":"Nord","s":"25N-H54N100F-80-F1"},{"r":"32","t":"13:01:00","h":"Nord","s":"25N-H54N200F-80-F2"},{"r":"32","t":"13:01:00","h":"Nord","s":"25N-H54N300F-80-F3"},{"r":"32","t":"13:01:00","h":"Nord","s":"25N-H54N400F-80-F4"},{"r":"32","t":"13:01:00","h":"Nord","s":"25N-H54NV10A-80-A"},{"r":"32","t":"13:01:00","h":"Nord","s":"25N-H54NV10I-80-I"},{"r":"32","t":"13:01:00","h":"Nord","s":"25N-H54NV20A-80-A"},{"r":"32","t":"13:01:00","h":"Nord","s":"25N-H54NV20I-80-I"},{"r":"32","t":"13:01:00","h":"Nord","s":"25S-H54S000A-83-A"},{"r":"32","t":"13:01:00","h":"Nord","s":"25S-H54S000I-82-I"},{"r":"32","t":"13:01:00","h":"Nord","s":"25S-H54S100F-80-F1"},{"r":"32","t":"13:01:00","h":"Nord","s":"25S-H54S200F-80-F2"},{"r":"32","t":"13:14:00","h":"Nord","s":"25N-H54N000S-80-S"},{"r":"32","t":"13:14:00","h":"Nord","s":"25N-H54NV10S-82-S"},{"r":"32","t":"13:14:00","h":"Nord","s":"25N-H54NV20S-80-S"},{"r":"32","t":"13:14:00","h":"Nord","s":"25S-H54S000S-82-S"},{"r":"32","t":"13:21:00","h":"Nord","s":"25N-H54N000A-80-A"},{"r":"32","t":"13:21:00","h":"Nord","s":"25N-H54NV10A-80-A"},{"r":"32","t":"13:21:00","h":"Nord","s":"25N-H54NV20A-80-A"},{"r":"32","t":"13:21:00","h":"Nord","s":"25S-H54S000A-83-A"},{"r":"32","t":"13:22:00","h":"Nord","s":"25N-H54N000I-80-I"},{"r":"32","t":"13:22:00","h":"Nord","s":"25N-H54N100F-80-F1"},{"r":"32","t":"13:22:00","h":"Nord","s":"25N-H54N200F-80-F2"},{"r":"32","t":"13:22:00","h":"Nord","s":"25N-H54N300F-80-F3"},{"r":"32","t":"13:22:00","h":"Nord","s":"25N-H54N400F-80-F4"},{"r":"32","t":"13:22:00","h":"Nord","s":"25N-H54NV10I-80-I"},{"r":"32","t":"13:22:00","h":"Nord","s":"25N-H54NV20I-80-I"},{"r":"32","t":"13:22:00","h":"Nord","s":"25S-H54S000I-82-I"},{"r":"32","t":"13:22:00","h":"Nord","s":"25S-H54S100F-80-F1"},{"r":"32","t":"13:22:00","h":"Nord","s":"25S-H54S200F-80-F2"},{"r":"432","t":"13:25:27","h":"Nord via Lacordaire / Perras","s":"25N-H54N000S-80-S"},{"r":"432","t":"13:25:27","h":"Nord via Lacordaire / Perras","s":"25N-H54NV10S-82-S"},{"r":"432","t":"13:25:27","h":"Nord via Lacordaire / Perras","s":"25N-H54NV20S-80-S"},{"r":"432","t":"13:25:27","h":"Nord via Lacordaire / Perras","s":"25S-H54S000S-82-S"},{"r":"32","t":"13:31:00","h":"Nord","s":"25N-H54N000S-80-S"},{"r":"32","t":"13:31:00","h":"Nord","s":"25N-H54NV10S-82-S"},{"r":"32","t":"13:31:00","h":"Nord","s":"25N-H54NV20S-80-S"},{"r":"32","t":"13:31:00","h":"Nord","s":"25S-H54S000S-82-S"},{"r":"32","t":"13:40:00","h":"Nord","s":"25N-H54N000A-80-A"},{"r":"32","t":"13:40:00","h":"Nord","s":"25N-H54NV10A-80-A"},{"r":"32","t":"13:40:00","h":"Nord","s":"25N-H54NV20A-80-A"},{"r":"32","t":"13:40:00","h":"Nord","s":"25S-H54S000A-83-A"},{"r":"32","t":"13:43:00","h":"Nord","s":"25N-H54N000I-80-I"},{"r":"32","t":"13:43:00","h":"Nord","s":"25N-H54N100F-80-F1"},{"r":"32","t":"13:43:00","h":"Nord","s":"25N-H54N200F-80-F2"},{"r":"32","t":"13:43:00","h":"Nord","s":"25N-H54N300F-80-F3"},{"r":"32","t":"13:43:00","h":"Nord","s":"25N-H54N400F-80-F4"},{"r":"32","t":"13:43:00","h":"Nord","s":"25N-H54NV10I-80-I"},{"r":"32","t":"13:43:00","h":"Nord","s":"25N-H54NV20I-80-I"},{"r":"32","t":"13:43:00","h":"Nord","s":"25S-H54S000I-82-I"},{"r":"32","t":"13:43:00","h":"Nord","s":"25S-H54S100F-80-F1"},{"r":"32","t":"13:43:00","h":"Nord","s":"25S-H54S200F-80-F2"},{"r":"32","t":"13:49:00","h":"Nord","s":"25N-H54N000S-80-S"},{"r":"32","t":"13:49:00","h":"Nord","s":"25N-H54NV10S-82-S"},{"r":"32","t":"13:49:00","h":"Nord","s":"25N-H54NV20S-80-S"},{"r":"32","t":"13:49:00","h":"Nord","s":"25S-H54S000S-82-S"},{"r":"432","t":"13:53:27","h":"Nord via Lacordaire / Perras","s":"25N-H54N000S-80-S"},{"r":"432","t":"13:53:27","h":"Nord via Lacordaire / Perras","s":"25N-H54NV10S-82-S"},{"r":"432","t":"13:53:27","h":"Nord via Lacordaire / Perras","s":"25N-H54NV20S-80-S"},{"r":"432","t":"13:53:27","h":"Nord via Lacordaire / Perras","s":"25S-H54S000S-82-S"},{"r":"32","t":"14:00:00","h":"Nord","s":"25N-H54N000A-80-A"},{"r":"32","t":"14:00:00","h":"Nord","s":"25N-H54NV10A-80-A"},{"r":"32","t":"14:00:00","h":"Nord","s":"25N-H54NV20A-80-A"},{"r":"32","t":"14:00:00","h":"Nord","s":"25S-H54S000A-83-A"},{"r":"32","t":"14:04:00","h":"Nord","s":"25N-H54N000I-80-I"},{"r":"32","t":"14:04:00","h":"Nord","s":"25N-H54N100F-80-F1"},{"r":"32","t":"14:04:00","h":"Nord","s":"25N-H54N200F-80-F2"},{"r":"32","t":"14:04:00","h":"Nord","s":"25N-H54N300F-80-F3"},{"r":"32","t":"14:04:00","h":"Nord","s":"25N-H54N400F-80-F4"},{"r":"32","t":"14:04:00","h":"Nord","s":"25N-H54NV10I-80-I"},{"r":"32","t":"14:04:00","h":"Nord","s":"25N-H54NV20I-80-I"},{"r":"32","t":"14:04:00","h":"Nord","s":"25S-H54S000I-82-I"},{"r":"32","t":"14:04:00","h":"Nord","s":"25S-H54S100F-80-F1"},{"r":"32","t":"14:04:00","h":"Nord","s":"25S-H54S200F-80-F2"},{"r":"32","t":"14:06:00","h":"Nord","s":"25N-H54N000S-80-S"},{"r":"32","t":"14:06:00","h":"Nord","s":"25N-H54NV10S-82-S"},{"r":"32","t":"14:06:00","h":"Nord","s":"25N-H54NV20S-80-S"},{"r":"32","t":"14:06:00","h":"Nord","s":"25S-H54S000S-82-S"},{"r":"32","t":"14:19:00","h":"Nord","s":"25N-H54N000A-80-A"},{"r":"32","t":"14:19:00","h":"Nord","s":"25N-H54NV10A-80-A"},{"r":"32","t":"14:19:00","h":"Nord","s":"25N-H54NV20A-80-A"},{"r":"32","t":"14:19:00","h":"Nord","s":"25S-H54S000A-83-A"},{"r":"32","t":"14:22:00","h":"Nord","s":"25N-H54N000S-80-S"},{"r":"32","t":"14:22:00","h":"Nord","s":"25N-H54NV10S-82-S"},{"r":"32","t":"14:22:00","h":"Nord","s":"25N-H54NV20S-80-S"},{"r":"32","t":"14:22:00","h":"Nord","s":"25S-H54S000S-82-S"},{"r":"432","t":"14:22:31","h":"Nord via Lacordaire / Perras","s":"25N-H54N000S-80-S"},{"r":"432","t":"14:22:31","h":"Nord via Lacordaire / Perras","s":"25N-H54NV10S-82-S"},{"r":"432","t":"14:22:31","h":"Nord via Lacordaire / Perras","s":"25N-H54NV20S-80-S"},{"r":"432","t":"14:22:31","h":"Nord via Lacordaire / Perras","s":"25S-H54S000S-82-S"},{"r":"32","t":"14:26:00","h":"Nord","s":"25N-H54N000I-80-I"},{"r":"32","t":"14:26:00","h":"Nord","s":"25N-H54N100F-80-F1"},{"r":"32","t":"14:26:00","h":"Nord","s":"25N-H54N200F-80-F2"},{"r":"32","t":"14:26:00","h":"Nord","s":"25N-H54N300F-80-F3"},{"r":"32","t":"14:26:00","h":"Nord","s":"25N-H54N400F-80-F4"},{"r":"32","t":"14:26:00","h":"Nord","s":"25N-H54NV10I-80-I"},{"r":"32","t":"14:26:00","h":"Nord","s":"25N-H54NV20I-80-I"},{"r":"32","t":"14:26:00","h":"Nord","s":"25S-H54S000I-82-I"},{"r":"32","t":"14:26:00","h":"Nord","s":"25S-H54S100F-80-F1"},{"r":"32","t":"14:26:00","h":"Nord","s":"25S-H54S200F-80-F2"},{"r":"32","t":"14:34:00","h":"Nord","s":"25N-H54N000S-80-S"},{"r":"32","t":"14:34:00","h":"Nord","s":"25N-H54NV10S-82-S"},{"r":"32","t":"14:34:00","h":"Nord","s":"25N-H54NV20S-80-S"},{"r":"32","t":"14:34:00","h":"Nord","s":"25S-H54S000S-82-S"},{"r":"32","t":"14:38:00","h":"Nord","s":"25N-H54N000A-80-A"},{"r":"32","t":"14:38:00","h":"Nord","s":"25N-H54NV10A-80-A"},{"r":"32","t":"14:38:00","h":"Nord","s":"25N-H54NV20A-80-A"},{"r":"32","t":"14:38:00","h":"Nord","s":"25S-H54S000A-83-A"},{"r":"32","t":"14:44:00","h":"Nord","s":"25N-H54N000S-80-S"},{"r":"32","t":"14:44:00","h":"Nord","s":"25N-H54NV10S-82-S"},{"r":"32","t":"14:44:00","h":"Nord","s":"25N-H54NV20S-80-S"},{"r":"32","t":"14:44:00","h":"Nord","s":"25S-H54S000S-82-S"},{"r":"32","t":"14:49:00","h":"Nord","s":"25N-H54N000I-80-I"},{"r":"32","t":"14:49:00","h":"Nord","s":"25N-H54N100F-80-F1"},{"r":"32","t":"14:49:00","h":"Nord","s":"25N-H54N200F-80-F2"},{"r":"32","t":"14:49:00","h":"Nord","s":"25N-H54N300F-80-F3"},{"r":"32","t":"14:49:00","h":"Nord","s":"25N-H54N400F-80-F4"},{"r":"32","t":"14:49:00","h":"Nord","s":"25N-H54NV10I-80-I"},{"r":"32","t":"14:49:00","h":"Nord","s":"25N-H54NV20I-80-I"},{"r":"32","t":"14:49:00","h":"Nord","s":"25S-H54S000I-82-I"},{"r":"32","t":"14:49:00","h":"Nord","s":"25S-H54S100F-80-F1"},{"r":"32","t":"14:49:00","h":"Nord","s":"25S-H54S200F-80-F2"},{"r":"432","t":"14:49:31","h":"Nord via Lacordaire / Perras","s":"25N-H54N000S-80-S"},{"r":"432","t":"14:49:31","h":"Nord via Lacordaire / Perras","s":"25N-H54NV10S-82-S"},{"r":"432","t":"14:49:31","h":"Nord via Lacordaire / Perras","s":"25N-H54NV20S-80-S"},{"r":"432","t":"14:49:31","h":"Nord via Lacordaire / Perras","s":"25S-H54S000S-82-S"},{"r":"32","t":"14:53:00","h":"Nord","s":"25N-H54N000S-80-S"},{"r":"32","t":"14:53:00","h":"Nord","s":"25N-H54NV10S-82-S"},{"r":"32","t":"14:53:00","h":"Nord","s":"25N-H54NV20S-80-S"},{"r":"32","t":"14:53:00","h":"Nord","s":"25S-H54S000S-82-S"},{"r":"32","t":"14:57:00","h":"Nord","s":"25N-H54N000A-80-A"},{"r":"32","t":"14:57:00","h":"Nord","s":"25N-H54NV10A-80-A"},{"r":"32","t":"14:57:00","h":"Nord","s":"25N-H54NV20A-80-A"},{"r":"32","t":"14:57:00","h":"Nord","s":"25S-H54S000A-83-A"},{"r":"32","t":"15:02:00","h":"Nord","s":"25N-H54N000S-80-S"},{"r":"32","t":"15:02:00","h":"Nord","s":"25N-H54NV10S-82-S"},{"r":"32","t":"15:02:00","h":"Nord","s":"25N-H54NV20S-80-S"},{"r":"32","t":"15:02:00","h":"Nord","s":"25S-H54S000S-82-S"},{"r":"32","t":"15:11:00","h":"Nord","s":"25N-H54N000S-80-S"},{"r":"32","t":"15:11:00","h":"Nord","s":"25N-H54NV10S-82-S"},{"r":"32","t":"15:11:00","h":"Nord","s":"25N-H54NV20S-80-S"},{"r":"32","t":"15:11:00","h":"Nord","s":"25S-H54S000S-82-S"},{"r":"32","t":"15:12:00","h":"Nord","s":"25N-H54N000I-80-I"},{"r":"32","t":"15:12:00","h":"Nord","s":"25N-H54N100F-80-F1"},{"r":"32","t":"15:12:00","h":"Nord","s":"25N-H54N200F-80-F2"},{"r":"32","t":"15:12:00","h":"Nord","s":"25N-H54N300F-80-F3"},{"r":"32","t":"15:12:00","h":"Nord","s":"25N-H54N400F-80-F4"},{"r":"32","t":"15:12:00","h":"Nord","s":"25N-H54NV10I-80-I"},{"r":"32","t":"15:12:00","h":"Nord","s":"25N-H54NV20I-80-I"},{"r":"32","t":"15:12:00","h":"Nord","s":"25S-H54S000I-82-I"},{"r":"32","t":"15:12:00","h":"Nord","s":"25S-H54S100F-80-F1"},{"r":"32","t":"15:12:00","h":"Nord","s":"25S-H54S200F-80-F2"},{"r":"32","t":"15:16:00","h":"Nord","s":"25N-H54N000A-80-A"},{"r":"32","t":"15:16:00","h":"Nord","s":"25N-H54NV10A-80-A"},{"r":"32","t":"15:16:00","h":"Nord","s":"25N-H54NV20A-80-A"},{"r":"32","t":"15:16:00","h":"Nord","s":"25S-H54S000A-83-A"},{"r":"432","t":"15:17:31","h":"Nord via Lacordaire / Perras","s":"25N-H54N000S-80-S"},{"r":"432","t":"15:17:31","h":"Nord via Lacordaire / Perras","s":"25N-H54NV10S-82-S"},{"r":"432","t":"15:17:31","h":"Nord via Lacordaire / Perras","s":"25N-H54NV20S-80-S"},{"r":"432","t":"15:17:31","h":"Nord via Lacordaire / Perras","s":"25S-H54S000S-82-S"},{"r":"32","t":"15:19:00","h":"Nord","s":"25N-H54N000S-80-S"},{"r":"32","t":"15:19:00","h":"Nord","s":"25N-H54NV10S-82-S"},{"r":"32","t":"15:19:00","h":"Nord","s":"25N-H54NV20S-80-S"},{"r":"32","t":"15:19:00","h":"Nord","s":"25S-H54S000S-82-S"},{"r":"32","t":"15:27:00","h":"Nord","s":"25N-H54N000S-80-S"},{"r":"32","t":"15:27:00","h":"Nord","s":"25N-H54NV10S-82-S"},{"r":"32","t":"15:27:00","h":"Nord","s":"25N-H54NV20S-80-S"},{"r":"32","t":"15:27:00","h":"Nord","s":"25S-H54S000S-82-S"},{"r":"32","t":"15:33:00","h":"Nord","s":"25N-H54N000I-80-I"},{"r":"32","t":"15:33:00","h":"Nord","s":"25N-H54N100F-80-F1"},{"r":"32","t":"15:33:00","h":"Nord","s":"25N-H54N200F-80-F2"},{"r":"32","t":"15:33:00","h":"Nord","s":"25N-H54N300F-80-F3"},{"r":"32","t":"15:33:00","h":"Nord","s":"25N-H54N400F-80-F4"},{"r":"32","t":"15:33:00","h":"Nord","s":"25N-H54NV10I-80-I"},{"r":"32","t":"15:33:00","h":"Nord","s":"25N-H54NV20I-80-I"},{"r":"32","t":"15:33:00","h":"Nord","s":"25S-H54S000I-82-I"},{"r":"32","t":"15:33:00","h":"Nord","s":"25S-H54S100F-80-F1"},{"r":"32","t":"15:33:00","h":"Nord","s":"25S-H54S200F-80-F2"},{"r":"32","t":"15:35:00","h":"Nord","s":"25N-H54N000A-80-A"},{"r":"32","t":"15:35:00","h":"Nord","s":"25N-H54NV10A-80-A"},{"r":"32","t":"15:35:00","h":"Nord","s":"25N-H54NV20A-80-A"},{"r":"32","t":"15:35:00","h":"Nord","s":"25S-H54S000A-83-A"},{"r":"32","t":"15:36:00","h":"Nord","s":"25N-H54N000S-80-S"},{"r":"32","t":"15:36:00","h":"Nord","s":"25N-H54NV10S-82-S"},{"r":"32","t":"15:36:00","h":"Nord","s":"25N-H54NV20S-80-S"},{"r":"32","t":"15:36:00","h":"Nord","s":"25S-H54S000S-82-S"},{"r":"32","t":"15:44:00","h":"Nord","s":"25N-H55N000S-80-S"},{"r":"32","t":"15:44:00","h":"Nord","s":"25N-H55N000S-82-S"},{"r":"32","t":"15:44:00","h":"Nord","s":"25N-H55NV10S-85-S"},{"r":"32","t":"15:44:00","h":"Nord","s":"25N-H55NV20S-81-S"},{"r":"32","t":"15:44:00","h":"Nord","s":"25S-H55S000S-82-S"},{"r":"432","t":"15:49:07","h":"Nord via Lacordaire / Perras","s":"25N-H54N000S-80-S"},{"r":"432","t":"15:49:07","h":"Nord via Lacordaire / Perras","s":"25N-H54NV10S-82-S"},{"r":"432","t":"15:49:07","h":"Nord via Lacordaire / Perras","s":"25N-H54NV20S-80-S"},{"r":"432","t":"15:49:07","h":"Nord via Lacordaire / Perras","s":"25S-H54S000S-82-S"},{"r":"32","t":"15:52:00","h":"Nord","s":"25N-H54N000S-80-S"},{"r":"32","t":"15:52:00","h":"Nord","s":"25N-H54NV10S-82-S"},{"r":"32","t":"15:52:00","h":"Nord","s":"25N-H54NV20S-80-S"},{"r":"32","t":"15:52:00","h":"Nord","s":"25S-H54S000S-82-S"},{"r":"32","t":"15:54:00","h":"Nord","s":"25N-H54N000A-80-A"},{"r":"32","t":"15:54:00","h":"Nord","s":"25N-H54N000I-80-I"},{"r":"32","t":"15:54:00","h":"Nord","s":"25N-H54N100F-80-F1"},{"r":"32","t":"15:54:00","h":"Nord","s":"25N-H54N200F-80-F2"},{"r":"32","t":"15:54:00","h":"Nord","s":"25N-H54N300F-80-F3"},{"r":"32","t":"15:54:00","h":"Nord","s":"25N-H54N400F-80-F4"},{"r":"32","t":"15:54:00","h":"Nord","s":"25N-H54NV10A-80-A"},{"r":"32","t":"15:54:00","h":"Nord","s":"25N-H54NV10I-80-I"},{"r":"32","t":"15:54:00","h":"Nord","s":"25N-H54NV20A-80-A"},{"r":"32","t":"15:54:00","h":"Nord","s":"25N-H54NV20I-80-I"},{"r":"32","t":"15:54:00","h":"Nord","s":"25S-H54S000A-83-A"},{"r":"32","t":"15:54:00","h":"Nord","s":"25S-H54S000I-82-I"},{"r":"32","t":"15:54:00","h":"Nord","s":"25S-H54S100F-80-F1"},{"r":"32","t":"15:54:00","h":"Nord","s":"25S-H54S200F-80-F2"},{"r":"32","t":"16:01:00","h":"Nord","s":"25N-H54N000S-80-S"},{"r":"32","t":"16:01:00","h":"Nord","s":"25N-H54NV10S-82-S"},{"r":"32","t":"16:01:00","h":"Nord","s":"25N-H54NV20S-80-S"},{"r":"32","t":"16:01:00","h":"Nord","s":"25S-H54S000S-82-S"},{"r":"32","t":"16:10:00","h":"Nord","s":"25N-H54N000S-80-S"},{"r":"32","t":"16:10:00","h":"Nord","s":"25N-H54NV10S-82-S"},{"r":"32","t":"16:10:00","h":"Nord","s":"25N-H54NV20S-80-S"},{"r":"32","t":"16:10:00","h":"Nord","s":"25S-H54S000S-82-S"},{"r":"432","t":"16:10:39","h":"Nord via Lacordaire / Perras","s":"25N-H54N000S-80-S"},{"r":"432","t":"16:10:39","h":"Nord via Lacordaire / Perras","s":"25N-H54NV10S-82-S"},{"r":"432","t":"16:10:39","h":"Nord via Lacordaire / Perras","s":"25N-H54NV20S-80-S"},{"r":"432","t":"16:10:39","h":"Nord via Lacordaire / Perras","s":"25S-H54S000S-82-S"},{"r":"32","t":"16:12:00","h":"Nord","s":"25N-H54N000A-80-A"},{"r":"32","t":"16:12:00","h":"Nord","s":"25N-H54NV10A-80-A"},{"r":"32","t":"16:12:00","h":"Nord","s":"25N-H54NV20A-80-A"},{"r":"32","t":"16:12:00","h":"Nord","s":"25S-H54S000A-83-A"},{"r":"32","t":"16:14:00","h":"Nord","s":"25N-H54N000I-80-I"},{"r":"32","t":"16:14:00","h":"Nord","s":"25N-H54N100F-80-F1"},{"r":"32","t":"16:14:00","h":"Nord","s":"25N-H54N200F-80-F2"},{"r":"32","t":"16:14:00","h":"Nord","s":"25N-H54N300F-80-F3"},{"r":"32","t":"16:14:00","h":"Nord","s":"25N-H54N400F-80-F4"},{"r":"32","t":"16:14:00","h":"Nord","s":"25N-H54NV10I-80-I"},{"r":"32","t":"16:14:00","h":"Nord","s":"25N-H54NV20I-80-I"},{"r":"32","t":"16:14:00","h":"Nord","s":"25S-H54S000I-82-I"},{"r":"32","t":"16:14:00","h":"Nord","s":"25S-H54S100F-80-F1"},{"r":"32","t":"16:14:00","h":"Nord","s":"25S-H54S200F-80-F2"},{"r":"32","t":"16:20:00","h":"Nord","s":"25N-H54N000S-80-S"},{"r":"32","t":"16:20:00","h":"Nord","s":"25N-H54NV10S-82-S"},{"r":"32","t":"16:20:00","h":"Nord","s":"25N-H54NV20S-80-S"},{"r":"32","t":"16:20:00","h":"Nord","s":"25S-H54S000S-82-S"},{"r":"432","t":"16:26:39","h":"Nord via Lacordaire / Perras","s":"25N-H54N000S-80-S"},{"r":"432","t":"16:26:39","h":"Nord via Lacordaire / Perras","s":"25N-H54NV10S-82-S"},{"r":"432","t":"16:26:39","h":"Nord via Lacordaire / Perras","s":"25N-H54NV20S-80-S"},{"r":"432","t":"16:26:39","h":"Nord via Lacordaire / Perras","s":"25S-H54S000S-82-S"},{"r":"32","t":"16:30:00","h":"Nord","s":"25N-H54N000A-80-A"},{"r":"32","t":"16:30:00","h":"Nord","s":"25N-H54N000S-80-S"},{"r":"32","t":"16:30:00","h":"Nord","s":"25N-H54NV10A-80-A"},{"r":"32","t":"16:30:00","h":"Nord","s":"25N-H54NV10S-82-S"},{"r":"32","t":"16:30:00","h":"Nord","s":"25N-H54NV20A-80-A"},{"r":"32","t":"16:30:00","h":"Nord","s":"25N-H54NV20S-80-S"},{"r":"32","t":"16:30:00","h":"Nord","s":"25S-H54S000A-83-A"},{"r":"32","t":"16:30:00","h":"Nord","s":"25S-H54S000S-82-S"},{"r":"32","t":"16:34:00","h":"Nord","s":"25N-H54N000I-80-I"},{"r":"32","t":"16:34:00","h":"Nord","s":"25N-H54N100F-80-F1"},{"r":"32","t":"16:34:00","h":"Nord","s":"25N-H54N200F-80-F2"},{"r":"32","t":"16:34:00","h":"Nord","s":"25N-H54N300F-80-F3"},{"r":"32","t":"16:34:00","h":"Nord","s":"25N-H54N400F-80-F4"},{"r":"32","t":"16:34:00","h":"Nord","s":"25N-H54NV10I-80-I"},{"r":"32","t":"16:34:00","h":"Nord","s":"25N-H54NV20I-80-I"},{"r":"32","t":"16:34:00","h":"Nord","s":"25S-H54S000I-82-I"},{"r":"32","t":"16:34:00","h":"Nord","s":"25S-H54S100F-80-F1"},{"r":"32","t":"16:34:00","h":"Nord","s":"25S-H54S200F-80-F2"},{"r":"32","t":"16:40:00","h":"Nord","s":"25N-H54N000S-80-S"},{"r":"32","t":"16:40:00","h":"Nord","s":"25N-H54NV10S-82-S"},{"r":"32","t":"16:40:00","h":"Nord","s":"25N-H54NV20S-80-S"},{"r":"32","t":"16:40:00","h":"Nord","s":"25S-H54S000S-82-S"},{"r":"432","t":"16:41:07","h":"Nord via Lacordaire / Perras","s":"25N-H54N000S-80-S"},{"r":"432","t":"16:41:07","h":"Nord via Lacordaire / Perras","s":"25N-H54NV10S-82-S"},{"r":"432","t":"16:41:07","h":"Nord via Lacordaire / Perras","s":"25N-H54NV20S-80-S"},{"r":"432","t":"16:41:07","h":"Nord via Lacordaire / Perras","s":"25S-H54S000S-82-S"},{"r":"32","t":"16:48:00","h":"Nord","s":"25N-H54N000A-80-A"},{"r":"32","t":"16:48:00","h":"Nord","s":"25N-H54NV10A-80-A"},{"r":"32","t":"16:48:00","h":"Nord","s":"25N-H54NV20A-80-A"},{"r":"32","t":"16:48:00","h":"Nord","s":"25S-H54S000A-83-A"},{"r":"32","t":"16:50:00","h":"Nord","s":"25N-H54N000S-80-S"},{"r":"32","t":"16:50:00","h":"Nord","s":"25N-H54NV10S-82-S"},{"r":"32","t":"16:50:00","h":"Nord","s":"25N-H54NV20S-80-S"},{"r":"32","t":"16:50:00","h":"Nord","s":"25S-H54S000S-82-S"},{"r":"32","t":"16:54:00","h":"Nord","s":"25N-H54N000I-80-I"},{"r":"32","t":"16:54:00","h":"Nord","s":"25N-H54N100F-80-F1"},{"r":"32","t":"16:54:00","h":"Nord","s":"25N-H54N200F-80-F2"},{"r":"32","t":"16:54:00","h":"Nord","s":"25N-H54N300F-80-F3"},{"r":"32","t":"16:54:00","h":"Nord","s":"25N-H54N400F-80-F4"},{"r":"32","t":"16:54:00","h":"Nord","s":"25N-H54NV10I-80-I"},{"r":"32","t":"16:54:00","h":"Nord","s":"25N-H54NV20I-80-I"},{"r":"32","t":"16:54:00","h":"Nord","s":"25S-H54S000I-82-I"},{"r":"32","t":"16:54:00","h":"Nord","s":"25S-H54S100F-80-F1"},{"r":"32","t":"16:54:00","h":"Nord","s":"25S-H54S200F-80-F2"},{"r":"432","t":"16:55:03","h":"Nord via Lacordaire / Perras","s":"25N-H54N000S-80-S"},{"r":"432","t":"16:55:03","h":"Nord via Lacordaire / Perras","s":"25N-H54NV10S-82-S"},{"r":"432","t":"16:55:03","h":"Nord via Lacordaire / Perras","s":"25N-H54NV20S-80-S"},{"r":"432","t":"16:55:03","h":"Nord via Lacordaire / Perras","s":"25S-H54S000S-82-S"},{"r":"32","t":"17:00:00","h":"Nord","s":"25N-H54N000S-80-S"},{"r":"32","t":"17:00:00","h":"Nord","s":"25N-H54NV10S-82-S"},{"r":"32","t":"17:00:00","h":"Nord","s":"25N-H54NV20S-80-S"},{"r":"32","t":"17:00:00","h":"Nord","s":"25S-H54S000S-82-S"},{"r":"32","t":"17:07:00","h":"Nord","s":"25N-H54N000A-80-A"},{"r":"32","t":"17:07:00","h":"Nord","s":"25N-H54N000S-80-S"},{"r":"32","t":"17:07:00","h":"Nord","s":"25N-H54NV10A-80-A"},{"r":"32","t":"17:07:00","h":"Nord","s":"25N-H54NV10S-82-S"},{"r":"32","t":"17:07:00","h":"Nord","s":"25N-H54NV20A-80-A"},{"r":"32","t":"17:07:00","h":"Nord","s":"25N-H54NV20S-80-S"},{"r":"32","t":"17:07:00","h":"Nord","s":"25S-H54S000A-83-A"},{"r":"32","t":"17:07:00","h":"Nord","s":"25S-H54S000S-82-S"},{"r":"432","t":"17:11:03","h":"Nord via Lacordaire / Perras","s":"25N-H54N000S-80-S"},{"r":"432","t":"17:11:03","h":"Nord via Lacordaire / Perras","s":"25N-H54NV10S-82-S"},{"r":"432","t":"17:11:03","h":"Nord via Lacordaire / Perras","s":"25N-H54NV20S-80-S"},{"r":"432","t":"17:11:03","h":"Nord via Lacordaire / Perras","s":"25S-H54S000S-82-S"},{"r":"32","t":"17:14:00","h":"Nord","s":"25N-H54N000I-80-I"},{"r":"32","t":"17:14:00","h":"Nord","s":"25N-H54N000S-80-S"},{"r":"32","t":"17:14:00","h":"Nord","s":"25N-H54N100F-80-F1"},{"r":"32","t":"17:14:00","h":"Nord","s":"25N-H54N200F-80-F2"},{"r":"32","t":"17:14:00","h":"Nord","s":"25N-H54N300F-80-F3"},{"r":"32","t":"17:14:00","h":"Nord","s":"25N-H54N400F-80-F4"},{"r":"32","t":"17:14:00","h":"Nord","s":"25N-H54NV10I-80-I"},{"r":"32","t":"17:14:00","h":"Nord","s":"25N-H54NV10S-82-S"},{"r":"32","t":"17:14:00","h":"Nord","s":"25N-H54NV20I-80-I"},{"r":"32","t":"17:14:00","h":"Nord","s":"25N-H54NV20S-80-S"},{"r":"32","t":"17:14:00","h":"Nord","s":"25S-H54S000I-82-I"},{"r":"32","t":"17:14:00","h":"Nord","s":"25S-H54S000S-82-S"},{"r":"32","t":"17:14:00","h":"Nord","s":"25S-H54S100F-80-F1"},{"r":"32","t":"17:14:00","h":"Nord","s":"25S-H54S200F-80-F2"},{"r":"32","t":"17:22:00","h":"Nord","s":"25N-H54N000S-80-S"},{"r":"32","t":"17:22:00","h":"Nord","s":"25N-H54NV10S-82-S"},{"r":"32","t":"17:22:00","h":"Nord","s":"25N-H54NV20S-80-S"},{"r":"32","t":"17:22:00","h":"Nord","s":"25S-H54S000S-82-S"},{"r":"32","t":"17:25:00","h":"Nord","s":"25N-H54N000A-80-A"},{"r":"32","t":"17:25:00","h":"Nord","s":"25N-H54NV10A-80-A"},{"r":"32","t":"17:25:00","h":"Nord","s":"25N-H54NV20A-80-A"},{"r":"32","t":"17:25:00","h":"Nord","s":"25S-H54S000A-83-A"},{"r":"432","t":"17:27:03","h":"Nord via Lacordaire / Perras","s":"25N-H54N000S-80-S"},{"r":"432","t":"17:27:03","h":"Nord via Lacordaire / Perras","s":"25N-H54NV10S-82-S"},{"r":"432","t":"17:27:03","h":"Nord via Lacordaire / Perras","s":"25N-H54NV20S-80-S"},{"r":"432","t":"17:27:03","h":"Nord via Lacordaire / Perras","s":"25S-H54S000S-82-S"},{"r":"32","t":"17:31:00","h":"Nord","s":"25N-H54N000I-80-I"},{"r":"32","t":"17:31:00","h":"Nord","s":"25N-H54N000S-80-S"},{"r":"32","t":"17:31:00","h":"Nord","s":"25N-H54N100F-80-F1"},{"r":"32","t":"17:31:00","h":"Nord","s":"25N-H54N200F-80-F2"},{"r":"32","t":"17:31:00","h":"Nord","s":"25N-H54N300F-80-F3"},{"r":"32","t":"17:31:00","h":"Nord","s":"25N-H54N400F-80-F4"},{"r":"32","t":"17:31:00","h":"Nord","s":"25N-H54NV10I-80-I"},{"r":"32","t":"17:31:00","h":"Nord","s":"25N-H54NV10S-82-S"},{"r":"32","t":"17:31:00","h":"Nord","s":"25N-H54NV20I-80-I"},{"r":"32","t":"17:31:00","h":"Nord","s":"25N-H54NV20S-80-S"},{"r":"32","t":"17:31:00","h":"Nord","s":"25S-H54S000I-82-I"},{"r":"32","t":"17:31:00","h":"Nord","s":"25S-H54S000S-82-S"},{"r":"32","t":"17:31:00","h":"Nord","s":"25S-H54S100F-80-F1"},{"r":"32","t":"17:31:00","h":"Nord","s":"25S-H54S200F-80-F2"},{"r":"32","t":"17:40:00","h":"Nord","s":"25N-H54N000S-80-S"},{"r":"32","t":"17:40:00","h":"Nord","s":"25N-H54NV10S-82-S"},{"r":"32","t":"17:40:00","h":"Nord","s":"25N-H54NV20S-80-S"},{"r":"32","t":"17:40:00","h":"Nord","s":"25S-H54S000S-82-S"},{"r":"32","t":"17:41:00","h":"Nord","s":"25N-H54N000A-80-A"},{"r":"32","t":"17:41:00","h":"Nord","s":"25N-H54NV10A-80-A"},{"r":"32","t":"17:41:00","h":"Nord","s":"25N-H54NV20A-80-A"},{"r":"32","t":"17:41:00","h":"Nord","s":"25S-H54S000A-83-A"},{"r":"32","t":"17:47:00","h":"Nord","s":"25N-H54N000I-80-I"},{"r":"32","t":"17:47:00","h":"Nord","s":"25N-H54N100F-80-F1"},{"r":"32","t":"17:47:00","h":"Nord","s":"25N-H54N200F-80-F2"},{"r":"32","t":"17:47:00","h":"Nord","s":"25N-H54N300F-80-F3"},{"r":"32","t":"17:47:00","h":"Nord","s":"25N-H54N400F-80-F4"},{"r":"32","t":"17:47:00","h":"Nord","s":"25N-H54NV10I-80-I"},{"r":"32","t":"17:47:00","h":"Nord","s":"25N-H54NV20I-80-I"},{"r":"32","t":"17:47:00","h":"Nord","s":"25S-H54S000I-82-I"},{"r":"32","t":"17:47:00","h":"Nord","s":"25S-H54S100F-80-F1"},{"r":"32","t":"17:47:00","h":"Nord","s":"25S-H54S200F-80-F2"},{"r":"32","t":"17:49:00","h":"Nord","s":"25N-H54N000S-80-S"},{"r":"32","t":"17:49:00","h":"Nord","s":"25N-H54NV10S-82-S"},{"r":"32","t":"17:49:00","h":"Nord","s":"25N-H54NV20S-80-S"},{"r":"32","t":"17:49:00","h":"Nord","s":"25S-H54S000S-82-S"},{"r":"432","t":"17:51:31","h":"Nord via Lacordaire / Perras","s":"25N-H54N000S-80-S"},{"r":"432","t":"17:51:31","h":"Nord via Lacordaire / Perras","s":"25N-H54NV10S-82-S"},{"r":"432","t":"17:51:31","h":"Nord via Lacordaire / Perras","s":"25N-H54NV20S-80-S"},{"r":"432","t":"17:51:31","h":"Nord via Lacordaire / Perras","s":"25S-H54S000S-82-S"},{"r":"32","t":"17:57:00","h":"Nord","s":"25N-H54N000A-80-A"},{"r":"32","t":"17:57:00","h":"Nord","s":"25N-H54NV10A-80-A"},{"r":"32","t":"17:57:00","h":"Nord","s":"25N-H54NV20A-80-A"},{"r":"32","t":"17:57:00","h":"Nord","s":"25N-H55N000S-80-S"},{"r":"32","t":"17:57:00","h":"Nord","s":"25N-H55N000S-82-S"},{"r":"32","t":"17:57:00","h":"Nord","s":"25N-H55NV10S-85-S"},{"r":"32","t":"17:57:00","h":"Nord","s":"25N-H55NV20S-81-S"},{"r":"32","t":"17:57:00","h":"Nord","s":"25S-H54S000A-83-A"},{"r":"32","t":"17:57:00","h":"Nord","s":"25S-H55S000S-82-S"},{"r":"32","t":"18:03:00","h":"Nord","s":"25N-H54N000I-80-I"},{"r":"32","t":"18:03:00","h":"Nord","s":"25N-H54N100F-80-F1"},{"r":"32","t":"18:03:00","h":"Nord","s":"25N-H54N200F-80-F2"},{"r":"32","t":"18:03:00","h":"Nord","s":"25N-H54N300F-80-F3"},{"r":"32","t":"18:03:00","h":"Nord","s":"25N-H54N400F-80-F4"},{"r":"32","t":"18:03:00","h":"Nord","s":"25N-H54NV10I-80-I"},{"r":"32","t":"18:03:00","h":"Nord","s":"25N-H54NV20I-80-I"},{"r":"32","t":"18:03:00","h":"Nord","s":"25S-H54S000I-82-I"},{"r":"32","t":"18:03:00","h":"Nord","s":"25S-H54S100F-80-F1"},{"r":"32","t":"18:03:00","h":"Nord","s":"25S-H54S200F-80-F2"},{"r":"32","t":"18:07:00","h":"Nord","s":"25N-H54N000S-80-S"},{"r":"32","t":"18:07:00","h":"Nord","s":"25N-H54NV10S-82-S"},{"r":"32","t":"18:07:00","h":"Nord","s":"25N-H54NV20S-80-S"},{"r":"32","t":"18:07:00","h":"Nord","s":"25S-H54S000S-82-S"},{"r":"32","t":"18:13:00","h":"Nord","s":"25N-H54N000A-80-A"},{"r":"32","t":"18:13:00","h":"Nord","s":"25N-H54NV10A-80-A"},{"r":"32","t":"18:13:00","h":"Nord","s":"25N-H54NV20A-80-A"},{"r":"32","t":"18:13:00","h":"Nord","s":"25S-H54S000A-83-A"},{"r":"32","t":"18:17:00","h":"Nord","s":"25N-H54N000S-80-S"},{"r":"32","t":"18:17:00","h":"Nord","s":"25N-H54NV10S-82-S"},{"r":"32","t":"18:17:00","h":"Nord","s":"25N-H54NV20S-80-S"},{"r":"32","t":"18:17:00","h":"Nord","s":"25S-H54S000S-82-S"},{"r":"432","t":"18:18:59","h":"Nord via Lacordaire / Perras","s":"25N-H54N000S-80-S"},{"r":"432","t":"18:18:59","h":"Nord via Lacordaire / Perras","s":"25N-H54NV10S-82-S"},{"r":"432","t":"18:18:59","h":"Nord via Lacordaire / Perras","s":"25N-H54NV20S-80-S"},{"r":"432","t":"18:18:59","h":"Nord via Lacordaire / Perras","s":"25S-H54S000S-82-S"},{"r":"32","t":"18:24:00","h":"Nord","s":"25N-H54N000I-80-I"},{"r":"32","t":"18:24:00","h":"Nord","s":"25N-H54N100F-80-F1"},{"r":"32","t":"18:24:00","h":"Nord","s":"25N-H54N200F-80-F2"},{"r":"32","t":"18:24:00","h":"Nord","s":"25N-H54N300F-80-F3"},{"r":"32","t":"18:24:00","h":"Nord","s":"25N-H54N400F-80-F4"},{"r":"32","t":"18:24:00","h":"Nord","s":"25N-H54NV10I-80-I"},{"r":"32","t":"18:24:00","h":"Nord","s":"25N-H54NV20I-80-I"},{"r":"32","t":"18:24:00","h":"Nord","s":"25S-H54S000I-82-I"},{"r":"32","t":"18:24:00","h":"Nord","s":"25S-H54S100F-80-F1"},{"r":"32","t":"18:24:00","h":"Nord","s":"25S-H54S200F-80-F2"},{"r":"32","t":"18:27:00","h":"Nord","s":"25N-H54N000S-80-S"},{"r":"32","t":"18:27:00","h":"Nord","s":"25N-H54NV10S-82-S"},{"r":"32","t":"18:27:00","h":"Nord","s":"25N-H54NV20S-80-S"},{"r":"32","t":"18:27:00","h":"Nord","s":"25S-H54S000S-82-S"},{"r":"32","t":"18:30:00","h":"Nord","s":"25N-H54N000A-80-A"},{"r":"32","t":"18:30:00","h":"Nord","s":"25N-H54NV10A-80-A"},{"r":"32","t":"18:30:00","h":"Nord","s":"25N-H54NV20A-80-A"},{"r":"32","t":"18:30:00","h":"Nord","s":"25S-H54S000A-83-A"},{"r":"32","t":"18:39:00","h":"Nord","s":"25N-H54N000S-80-S"},{"r":"32","t":"18:39:00","h":"Nord","s":"25N-H54NV10S-82-S"},{"r":"32","t":"18:39:00","h":"Nord","s":"25N-H54NV20S-80-S"},{"r":"32","t":"18:39:00","h":"Nord","s":"25S-H54S000S-82-S"},{"r":"32","t":"18:45:00","h":"Nord","s":"25N-H54N000I-80-I"},{"r":"32","t":"18:45:00","h":"Nord","s":"25N-H54N100F-80-F1"},{"r":"32","t":"18:45:00","h":"Nord","s":"25N-H54N200F-80-F2"},{"r":"32","t":"18:45:00","h":"Nord","s":"25N-H54N300F-80-F3"},{"r":"32","t":"18:45:00","h":"Nord","s":"25N-H54N400F-80-F4"},{"r":"32","t":"18:45:00","h":"Nord","s":"25N-H54NV10I-80-I"},{"r":"32","t":"18:45:00","h":"Nord","s":"25N-H54NV20I-80-I"},{"r":"32","t":"18:45:00","h":"Nord","s":"25S-H54S000I-82-I"},{"r":"32","t":"18:45:00","h":"Nord","s":"25S-H54S100F-80-F1"},{"r":"32","t":"18:45:00","h":"Nord","s":"25S-H54S200F-80-F2"},{"r":"432","t":"18:46:59","h":"Nord via Lacordaire / Perras","s":"25N-H54N000S-80-S"},{"r":"432","t":"18:46:59","h":"Nord via Lacordaire / Perras","s":"25N-H54NV10S-82-S"},{"r":"432","t":"18:46:59","h":"Nord via Lacordaire / Perras","s":"25N-H54NV20S-80-S"},{"r":"432","t":"18:46:59","h":"Nord via Lacordaire / Perras","s":"25S-H54S000S-82-S"},{"r":"32","t":"18:47:00","h":"Nord","s":"25N-H54N000A-80-A"},{"r":"32","t":"18:47:00","h":"Nord","s":"25N-H54NV10A-80-A"},{"r":"32","t":"18:47:00","h":"Nord","s":"25N-H54NV20A-80-A"},{"r":"32","t":"18:47:00","h":"Nord","s":"25S-H54S000A-83-A"},{"r":"32","t":"18:52:00","h":"Nord","s":"25N-H54N000S-80-S"},{"r":"32","t":"18:52:00","h":"Nord","s":"25N-H54NV10S-82-S"},{"r":"32","t":"18:52:00","h":"Nord","s":"25N-H54NV20S-80-S"},{"r":"32","t":"18:52:00","h":"Nord","s":"25S-H54S000S-82-S"},{"r":"32","t":"19:03:00","h":"Nord","s":"25N-H54N000A-80-A"},{"r":"32","t":"19:03:00","h":"Nord","s":"25N-H54NV10A-80-A"},{"r":"32","t":"19:03:00","h":"Nord","s":"25N-H54NV20A-80-A"},{"r":"32","t":"19:03:00","h":"Nord","s":"25S-H54S000A-83-A"},{"r":"32","t":"19:04:00","h":"Nord","s":"25N-H54N000S-80-S"},{"r":"32","t":"19:04:00","h":"Nord","s":"25N-H54NV10S-82-S"},{"r":"32","t":"19:04:00","h":"Nord","s":"25N-H54NV20S-80-S"},{"r":"32","t":"19:04:00","h":"Nord","s":"25S-H54S000S-82-S"},{"r":"32","t":"19:10:00","h":"Nord","s":"25N-H54N000I-80-I"},{"r":"32","t":"19:10:00","h":"Nord","s":"25N-H54N100F-80-F1"},{"r":"32","t":"19:10:00","h":"Nord","s":"25N-H54N200F-80-F2"},{"r":"32","t":"19:10:00","h":"Nord","s":"25N-H54N300F-80-F3"},{"r":"32","t":"19:10:00","h":"Nord","s":"25N-H54N400F-80-F4"},{"r":"32","t":"19:10:00","h":"Nord","s":"25N-H54NV10I-80-I"},{"r":"32","t":"19:10:00","h":"Nord","s":"25N-H54NV20I-80-I"},{"r":"32","t":"19:10:00","h":"Nord","s":"25S-H54S000I-82-I"},{"r":"32","t":"19:10:00","h":"Nord","s":"25S-H54S100F-80-F1"},{"r":"32","t":"19:10:00","h":"Nord","s":"25S-H54S200F-80-F2"},{"r":"32","t":"19:15:00","h":"Nord","s":"25N-H54N000S-80-S"},{"r":"32","t":"19:15:00","h":"Nord","s":"25N-H54NV10S-82-S"},{"r":"32","t":"19:15:00","h":"Nord","s":"25N-H54NV20S-80-S"},{"r":"32","t":"19:15:00","h":"Nord","s":"25S-H54S000S-82-S"},{"r":"432","t":"19:15:59","h":"Nord via Lacordaire / Perras","s":"25N-H54N000S-80-S"},{"r":"432","t":"19:15:59","h":"Nord via Lacordaire / Perras","s":"25N-H54NV10S-82-S"},{"r":"432","t":"19:15:59","h":"Nord via Lacordaire / Perras","s":"25N-H54NV20S-80-S"},{"r":"432","t":"19:15:59","h":"Nord via Lacordaire / Perras","s":"25S-H54S000S-82-S"},{"r":"32","t":"19:26:00","h":"Nord","s":"25N-H54N000S-80-S"},{"r":"32","t":"19:26:00","h":"Nord","s":"25N-H54NV10S-82-S"},{"r":"32","t":"19:26:00","h":"Nord","s":"25N-H54NV20S-80-S"},{"r":"32","t":"19:26:00","h":"Nord","s":"25S-H54S000S-82-S"},{"r":"32","t":"19:28:00","h":"Nord","s":"25N-H54N000A-80-A"},{"r":"32","t":"19:28:00","h":"Nord","s":"25N-H54NV10A-80-A"},{"r":"32","t":"19:28:00","h":"Nord","s":"25N-H54NV20A-80-A"},{"r":"32","t":"19:28:00","h":"Nord","s":"25S-H54S000A-83-A"},{"r":"32","t":"19:32:00","h":"Nord","s":"25N-H54N000I-80-I"},{"r":"32","t":"19:32:00","h":"Nord","s":"25N-H54N100F-80-F1"},{"r":"32","t":"19:32:00","h":"Nord","s":"25N-H54N200F-80-F2"},{"r":"32","t":"19:32:00","h":"Nord","s":"25N-H54N300F-80-F3"},{"r":"32","t":"19:32:00","h":"Nord","s":"25N-H54N400F-80-F4"},{"r":"32","t":"19:32:00","h":"Nord","s":"25N-H54NV10I-80-I"},{"r":"32","t":"19:32:00","h":"Nord","s":"25N-H54NV20I-80-I"},{"r":"32","t":"19:32:00","h":"Nord","s":"25S-H54S000I-82-I"},{"r":"32","t":"19:32:00","h":"Nord","s":"25S-H54S100F-80-F1"},{"r":"32","t":"19:32:00","h":"Nord","s":"25S-H54S200F-80-F2"},{"r":"32","t":"19:48:00","h":"Nord","s":"25N-H55N000S-80-S"},{"r":"32","t":"19:48:00","h":"Nord","s":"25N-H55N000S-82-S"},{"r":"32","t":"19:48:00","h":"Nord","s":"25N-H55NV10S-85-S"},{"r":"32","t":"19:48:00","h":"Nord","s":"25N-H55NV20S-81-S"},{"r":"32","t":"19:48:00","h":"Nord","s":"25S-H55S000S-82-S"},{"r":"32","t":"19:54:00","h":"Nord","s":"25N-H54N000I-80-I"},{"r":"32","t":"19:54:00","h":"Nord","s":"25N-H54N100F-80-F1"},{"r":"32","t":"19:54:00","h":"Nord","s":"25N-H54N200F-80-F2"},{"r":"32","t":"19:54:00","h":"Nord","s":"25N-H54N300F-80-F3"},{"r":"32","t":"19:54:00","h":"Nord","s":"25N-H54N400F-80-F4"},{"r":"32","t":"19:54:00","h":"Nord","s":"25N-H54NV10I-80-I"},{"r":"32","t":"19:54:00","h":"Nord","s":"25N-H54NV20I-80-I"},{"r":"32","t":"19:54:00","h":"Nord","s":"25S-H54S000I-82-I"},{"r":"32","t":"19:54:00","h":"Nord","s":"25S-H54S100F-80-F1"},{"r":"32","t":"19:54:00","h":"Nord","s":"25S-H54S200F-80-F2"},{"r":"32","t":"19:57:00","h":"Nord","s":"25N-H54N000A-80-A"},{"r":"32","t":"19:57:00","h":"Nord","s":"25N-H54NV10A-80-A"},{"r":"32","t":"19:57:00","h":"Nord","s":"25N-H54NV20A-80-A"},{"r":"32","t":"19:57:00","h":"Nord","s":"25S-H54S000A-83-A"},{"r":"32","t":"20:13:00","h":"Nord","s":"25N-H54N000S-80-S"},{"r":"32","t":"20:13:00","h":"Nord","s":"25N-H54NV10S-82-S"},{"r":"32","t":"20:13:00","h":"Nord","s":"25N-H54NV20S-80-S"},{"r":"32","t":"20:13:00","h":"Nord","s":"25S-H54S000S-82-S"},{"r":"32","t":"20:25:00","h":"Nord","s":"25N-H54N000I-80-I"},{"r":"32","t":"20:25:00","h":"Nord","s":"25N-H54N100F-80-F1"},{"r":"32","t":"20:25:00","h":"Nord","s":"25N-H54N200F-80-F2"},{"r":"32","t":"20:25:00","h":"Nord","s":"25N-H54N300F-80-F3"},{"r":"32","t":"20:25:00","h":"Nord","s":"25N-H54N400F-80-F4"},{"r":"32","t":"20:25:00","h":"Nord","s":"25N-H54NV10I-80-I"},{"r":"32","t":"20:25:00","h":"Nord","s":"25N-H54NV20I-80-I"},{"r":"32","t":"20:25:00","h":"Nord","s":"25S-H54S000I-82-I"},{"r":"32","t":"20:25:00","h":"Nord","s":"25S-H54S100F-80-F1"},{"r":"32","t":"20:25:00","h":"Nord","s":"25S-H54S200F-80-F2"},{"r":"32","t":"20:26:00","h":"Nord","s":"25N-H54N000A-80-A"},{"r":"32","t":"20:26:00","h":"Nord","s":"25N-H54NV10A-80-A"},{"r":"32","t":"20:26:00","h":"Nord","s":"25N-H54NV20A-80-A"},{"r":"32","t":"20:26:00","h":"Nord","s":"25S-H54S000A-83-A"},{"r":"32","t":"20:39:00","h":"Nord","s":"25N-H54N000S-80-S"},{"r":"32","t":"20:39:00","h":"Nord","s":"25N-H54NV10S-82-S"},{"r":"32","t":"20:39:00","h":"Nord","s":"25N-H54NV20S-80-S"},{"r":"32","t":"20:39:00","h":"Nord","s":"25S-H54S000S-82-S"},{"r":"32","t":"20:54:00","h":"Nord","s":"25N-H54N000A-80-A"},{"r":"32","t":"20:54:00","h":"Nord","s":"25N-H54NV10A-80-A"},{"r":"32","t":"20:54:00","h":"Nord","s":"25N-H54NV20A-80-A"},{"r":"32","t":"20:54:00","h":"Nord","s":"25S-H54S000A-83-A"},{"r":"32","t":"20:56:00","h":"Nord","s":"25N-H54N000I-80-I"},{"r":"32","t":"20:56:00","h":"Nord","s":"25N-H54N100F-80-F1"},{"r":"32","t":"20:56:00","h":"Nord","s":"25N-H54N200F-80-F2"},{"r":"32","t":"20:56:00","h":"Nord","s":"25N-H54N300F-80-F3"},{"r":"32","t":"20:56:00","h":"Nord","s":"25N-H54N400F-80-F4"},{"r":"32","t":"20:56:00","h":"Nord","s":"25N-H54NV10I-80-I"},{"r":"32","t":"20:56:00","h":"Nord","s":"25N-H54NV20I-80-I"},{"r":"32","t":"20:56:00","h":"Nord","s":"25S-H54S000I-82-I"},{"r":"32","t":"20:56:00","h":"Nord","s":"25S-H54S100F-80-F1"},{"r":"32","t":"20:56:00","h":"Nord","s":"25S-H54S200F-80-F2"},{"r":"32","t":"21:04:00","h":"Nord","s":"25N-H54N000S-80-S"},{"r":"32","t":"21:04:00","h":"Nord","s":"25N-H54NV10S-82-S"},{"r":"32","t":"21:04:00","h":"Nord","s":"25N-H54NV20S-80-S"},{"r":"32","t":"21:04:00","h":"Nord","s":"25S-H54S000S-82-S"},{"r":"32","t":"21:22:00","h":"Nord","s":"25N-H54N000S-80-S"},{"r":"32","t":"21:22:00","h":"Nord","s":"25N-H54NV10S-82-S"},{"r":"32","t":"21:22:00","h":"Nord","s":"25N-H54NV20S-80-S"},{"r":"32","t":"21:22:00","h":"Nord","s":"25S-H54S000S-82-S"},{"r":"32","t":"21:23:00","h":"Nord","s":"25N-H54N000A-80-A"},{"r":"32","t":"21:23:00","h":"Nord","s":"25N-H54NV10A-80-A"},{"r":"32","t":"21:23:00","h":"Nord","s":"25N-H54NV20A-80-A"},{"r":"32","t":"21:23:00","h":"Nord","s":"25S-H54S000A-83-A"},{"r":"32","t":"21:27:00","h":"Nord","s":"25N-H54N000I-80-I"},{"r":"32","t":"21:27:00","h":"Nord","s":"25N-H54N100F-80-F1"},{"r":"32","t":"21:27:00","h":"Nord","s":"25N-H54N200F-80-F2"},{"r":"32","t":"21:27:00","h":"Nord","s":"25N-H54N300F-80-F3"},{"r":"32","t":"21:27:00","h":"Nord","s":"25N-H54N400F-80-F4"},{"r":"32","t":"21:27:00","h":"Nord","s":"25N-H54NV10I-80-I"},{"r":"32","t":"21:27:00","h":"Nord","s":"25N-H54NV20I-80-I"},{"r":"32","t":"21:27:00","h":"Nord","s":"25S-H54S000I-82-I"},{"r":"32","t":"21:27:00","h":"Nord","s":"25S-H54S100F-80-F1"},{"r":"32","t":"21:27:00","h":"Nord","s":"25S-H54S200F-80-F2"},{"r":"32","t":"21:42:00","h":"Nord","s":"25N-H54N000S-80-S"},{"r":"32","t":"21:42:00","h":"Nord","s":"25N-H54NV10S-82-S"},{"r":"32","t":"21:42:00","h":"Nord","s":"25N-H54NV20S-80-S"},{"r":"32","t":"21:42:00","h":"Nord","s":"25S-H54S000S-82-S"},{"r":"32","t":"21:52:00","h":"Nord","s":"25N-H54N000A-80-A"},{"r":"32","t":"21:52:00","h":"Nord","s":"25N-H54NV10A-80-A"},{"r":"32","t":"21:52:00","h":"Nord","s":"25N-H54NV20A-80-A"},{"r":"32","t":"21:52:00","h":"Nord","s":"25S-H54S000A-83-A"},{"r":"32","t":"21:58:00","h":"Nord","s":"25N-H54N000I-80-I"},{"r":"32","t":"21:58:00","h":"Nord","s":"25N-H54N100F-80-F1"},{"r":"32","t":"21:58:00","h":"Nord","s":"25N-H54N200F-80-F2"},{"r":"32","t":"21:58:00","h":"Nord","s":"25N-H54N300F-80-F3"},{"r":"32","t":"21:58:00","h":"Nord","s":"25N-H54N400F-80-F4"},{"r":"32","t":"21:58:00","h":"Nord","s":"25N-H54NV10I-80-I"},{"r":"32","t":"21:58:00","h":"Nord","s":"25N-H54NV20I-80-I"},{"r":"32","t":"21:58:00","h":"Nord","s":"25S-H54S000I-82-I"},{"r":"32","t":"21:58:00","h":"Nord","s":"25S-H54S100F-80-F1"},{"r":"32","t":"21:58:00","h":"Nord","s":"25S-H54S200F-80-F2"},{"r":"32","t":"22:02:00","h":"Nord","s":"25N-H54N000S-80-S"},{"r":"32","t":"22:02:00","h":"Nord","s":"25N-H54NV10S-82-S"},{"r":"32","t":"22:02:00","h":"Nord","s":"25N-H54NV20S-80-S"},{"r":"32","t":"22:02:00","h":"Nord","s":"25S-H54S000S-82-S"},{"r":"32","t":"22:21:00","h":"Nord","s":"25N-H54N000A-80-A"},{"r":"32","t":"22:21:00","h":"Nord","s":"25N-H54NV10A-80-A"},{"r":"32","t":"22:21:00","h":"Nord","s":"25N-H54NV20A-80-A"},{"r":"32","t":"22:21:00","h":"Nord","s":"25S-H54S000A-83-A"},{"r":"32","t":"22:22:00","h":"Nord","s":"25N-H54N000S-80-S"},{"r":"32","t":"22:22:00","h":"Nord","s":"25N-H54NV10S-82-S"},{"r":"32","t":"22:22:00","h":"Nord","s":"25N-H54NV20S-80-S"},{"r":"32","t":"22:22:00","h":"Nord","s":"25S-H54S000S-82-S"},{"r":"32","t":"22:31:00","h":"Nord","s":"25N-H54N000I-80-I"},{"r":"32","t":"22:31:00","h":"Nord","s":"25N-H54N100F-80-F1"},{"r":"32","t":"22:31:00","h":"Nord","s":"25N-H54N200F-80-F2"},{"r":"32","t":"22:31:00","h":"Nord","s":"25N-H54N300F-80-F3"},{"r":"32","t":"22:31:00","h":"Nord","s":"25N-H54N400F-80-F4"},{"r":"32","t":"22:31:00","h":"Nord","s":"25N-H54NV10I-80-I"},{"r":"32","t":"22:31:00","h":"Nord","s":"25N-H54NV20I-80-I"},{"r":"32","t":"22:31:00","h":"Nord","s":"25S-H54S000I-82-I"},{"r":"32","t":"22:31:00","h":"Nord","s":"25S-H54S100F-80-F1"},{"r":"32","t":"22:31:00","h":"Nord","s":"25S-H54S200F-80-F2"},{"r":"32","t":"22:50:00","h":"Nord","s":"25N-H54N000A-80-A"},{"r":"32","t":"22:50:00","h":"Nord","s":"25N-H54NV10A-80-A"},{"r":"32","t":"22:50:00","h":"Nord","s":"25N-H54NV20A-80-A"},{"r":"32","t":"22:50:00","h":"Nord","s":"25S-H54S000A-83-A"},{"r":"32","t":"22:52:00","h":"Nord","s":"25N-H54N000S-80-S"},{"r":"32","t":"22:52:00","h":"Nord","s":"25N-H54NV10S-82-S"},{"r":"32","t":"22:52:00","h":"Nord","s":"25N-H54NV20S-80-S"},{"r":"32","t":"22:52:00","h":"Nord","s":"25S-H54S000S-82-S"},{"r":"32","t":"22:59:00","h":"Nord","s":"25N-H54N000I-80-I"},{"r":"32","t":"22:59:00","h":"Nord","s":"25N-H54N100F-80-F1"},{"r":"32","t":"22:59:00","h":"Nord","s":"25N-H54N200F-80-F2"},{"r":"32","t":"22:59:00","h":"Nord","s":"25N-H54N300F-80-F3"},{"r":"32","t":"22:59:00","h":"Nord","s":"25N-H54N400F-80-F4"},{"r":"32","t":"22:59:00","h":"Nord","s":"25N-H54NV10I-80-I"},{"r":"32","t":"22:59:00","h":"Nord","s":"25N-H54NV20I-80-I"},{"r":"32","t":"22:59:00","h":"Nord","s":"25S-H54S000I-82-I"},{"r":"32","t":"22:59:00","h":"Nord","s":"25S-H54S100F-80-F1"},{"r":"32","t":"22:59:00","h":"Nord","s":"25S-H54S200F-80-F2"},{"r":"32","t":"23:21:00","h":"Nord","s":"25N-H54N000A-80-A"},{"r":"32","t":"23:21:00","h":"Nord","s":"25N-H54NV10A-80-A"},{"r":"32","t":"23:21:00","h":"Nord","s":"25N-H54NV20A-80-A"},{"r":"32","t":"23:21:00","h":"Nord","s":"25S-H54S000A-83-A"},{"r":"32","t":"23:22:00","h":"Nord","s":"25N-H54N000S-80-S"},{"r":"32","t":"23:22:00","h":"Nord","s":"25N-H54NV10S-82-S"},{"r":"32","t":"23:22:00","h":"Nord","s":"25N-H54NV20S-80-S"},{"r":"32","t":"23:22:00","h":"Nord","s":"25S-H54S000S-82-S"},{"r":"32","t":"23:28:00","h":"Nord","s":"25N-H54N000I-80-I"},{"r":"32","t":"23:28:00","h":"Nord","s":"25N-H54N100F-80-F1"},{"r":"32","t":"23:28:00","h":"Nord","s":"25N-H54N200F-80-F2"},{"r":"32","t":"23:28:00","h":"Nord","s":"25N-H54N300F-80-F3"},{"r":"32","t":"23:28:00","h":"Nord","s":"25N-H54N400F-80-F4"},{"r":"32","t":"23:28:00","h":"Nord","s":"25N-H54NV10I-80-I"},{"r":"32","t":"23:28:00","h":"Nord","s":"25N-H54NV20I-80-I"},{"r":"32","t":"23:28:00","h":"Nord","s":"25S-H54S000I-82-I"},{"r":"32","t":"23:28:00","h":"Nord","s":"25S-H54S100F-80-F1"},{"r":"32","t":"23:28:00","h":"Nord","s":"25S-H54S200F-80-F2"},{"r":"32","t":"23:53:00","h":"Nord","s":"25N-H54N000A-80-A"},{"r":"32","t":"23:53:00","h":"Nord","s":"25N-H54N000S-80-S"},{"r":"32","t":"23:53:00","h":"Nord","s":"25N-H54NV10A-80-A"},{"r":"32","t":"23:53:00","h":"Nord","s":"25N-H54NV10S-82-S"},{"r":"32","t":"23:53:00","h":"Nord","s":"25N-H54NV20A-80-A"},{"r":"32","t":"23:53:00","h":"Nord","s":"25N-H54NV20S-80-S"},{"r":"32","t":"23:53:00","h":"Nord","s":"25S-H54S000A-83-A"},{"r":"32","t":"23:53:00","h":"Nord","s":"25S-H54S000S-82-S"},{"r":"32","t":"23:55:00","h":"Nord","s":"25N-H54N000I-80-I"},{"r":"32","t":"23:55:00","h":"Nord","s":"25N-H54N100F-80-F1"},{"r":"32","t":"23:55:00","h":"Nord","s":"25N-H54N200F-80-F2"},{"r":"32","t":"23:55:00","h":"Nord","s":"25N-H54N300F-80-F3"},{"r":"32","t":"23:55:00","h":"Nord","s":"25N-H54N400F-80-F4"},{"r":"32","t":"23:55:00","h":"Nord","s":"25N-H54NV10I-80-I"},{"r":"32","t":"23:55:00","h":"Nord","s":"25N-H54NV20I-80-I"},{"r":"32","t":"23:55:00","h":"Nord","s":"25S-H54S000I-82-I"},{"r":"32","t":"23:55:00","h":"Nord","s":"25S-H54S100F-80-F1"},{"r":"32","t":"23:55:00","h":"Nord","s":"25S-H54S200F-80-F2"},{"r":"32","t":"24:20:00","h":"Nord","s":"25N-H54N000A-80-A"},{"r":"32","t":"24:20:00","h":"Nord","s":"25N-H54N000S-80-S"},{"r":"32","t":"24:20:00","h":"Nord","s":"25N-H54NV10A-80-A"},{"r":"32","t":"24:20:00","h":"Nord","s":"25N-H54NV10S-82-S"},{"r":"32","t":"24:20:00","h":"Nord","s":"25N-H54NV20A-80-A"},{"r":"32","t":"24:20:00","h":"Nord","s":"25N-H54NV20S-80-S"},{"r":"32","t":"24:20:00","h":"Nord","s":"25S-H54S000A-83-A"},{"r":"32","t":"24:20:00","h":"Nord","s":"25S-H54S000S-82-S"},{"r":"32","t":"24:22:00","h":"Nord","s":"25N-H54N000I-80-I"},{"r":"32","t":"24:22:00","h":"Nord","s":"25N-H54N100F-80-F1"},{"r":"32","t":"24:22:00","h":"Nord","s":"25N-H54N200F-80-F2"},{"r":"32","t":"24:22:00","h":"Nord","s":"25N-H54N300F-80-F3"},{"r":"32","t":"24:22:00","h":"Nord","s":"25N-H54N400F-80-F4"},{"r":"32","t":"24:22:00","h":"Nord","s":"25N-H54NV10I-80-I"},{"r":"32","t":"24:22:00","h":"Nord","s":"25N-H54NV20I-80-I"},{"r":"32","t":"24:22:00","h":"Nord","s":"25S-H54S000I-82-I"},{"r":"32","t":"24:22:00","h":"Nord","s":"25S-H54S100F-80-F1"},{"r":"32","t":"24:22:00","h":"Nord","s":"25S-H54S200F-80-F2"},{"r":"32","t":"24:47:00","h":"Nord","s":"25N-H54N000I-80-I"},{"r":"32","t":"24:47:00","h":"Nord","s":"25N-H54N000S-80-S"},{"r":"32","t":"24:47:00","h":"Nord","s":"25N-H54N100F-80-F1"},{"r":"32","t":"24:47:00","h":"Nord","s":"25N-H54N200F-80-F2"},{"r":"32","t":"24:47:00","h":"Nord","s":"25N-H54N300F-80-F3"},{"r":"32","t":"24:47:00","h":"Nord","s":"25N-H54N400F-80-F4"},{"r":"32","t":"24:47:00","h":"Nord","s":"25N-H54NV10I-80-I"},{"r":"32","t":"24:47:00","h":"Nord","s":"25N-H54NV10S-82-S"},{"r":"32","t":"24:47:00","h":"Nord","s":"25N-H54NV20I-80-I"},{"r":"32","t":"24:47:00","h":"Nord","s":"25N-H54NV20S-80-S"},{"r":"32","t":"24:47:00","h":"Nord","s":"25S-H54S000I-82-I"},{"r":"32","t":"24:47:00","h":"Nord","s":"25S-H54S000S-82-S"},{"r":"32","t":"24:47:00","h":"Nord","s":"25S-H54S100F-80-F1"},{"r":"32","t":"24:47:00","h":"Nord","s":"25S-H54S200F-80-F2"},{"r":"32","t":"24:49:00","h":"Nord","s":"25N-H54N000A-80-A"},{"r":"32","t":"24:49:00","h":"Nord","s":"25N-H54NV10A-80-A"},{"r":"32","t":"24:49:00","h":"Nord","s":"25N-H54NV20A-80-A"},{"r":"32","t":"24:49:00","h":"Nord","s":"25S-H54S000A-83-A"},{"r":"32","t":"25:10:00","h":"Nord","s":"25N-H54N000I-80-I"},{"r":"32","t":"25:10:00","h":"Nord","s":"25N-H54N100F-80-F1"},{"r":"32","t":"25:10:00","h":"Nord","s":"25N-H54N200F-80-F2"},{"r":"32","t":"25:10:00","h":"Nord","s":"25N-H54N300F-80-F3"},{"r":"32","t":"25:10:00","h":"Nord","s":"25N-H54N400F-80-F4"},{"r":"32","t":"25:10:00","h":"Nord","s":"25N-H54NV10I-80-I"},{"r":"32","t":"25:10:00","h":"Nord","s":"25N-H54NV20I-80-I"},{"r":"32","t":"25:10:00","h":"Nord","s":"25S-H54S000I-82-I"},{"r":"32","t":"25:10:00","h":"Nord","s":"25S-H54S100F-80-F1"},{"r":"32","t":"25:10:00","h":"Nord","s":"25S-H54S200F-80-F2"},{"r":"32","t":"25:17:00","h":"Nord","s":"25N-H54N000A-80-A"},{"r":"32","t":"25:17:00","h":"Nord","s":"25N-H54NV10A-80-A"},{"r":"32","t":"25:17:00","h":"Nord","s":"25N-H54NV20A-80-A"},{"r":"32","t":"25:17:00","h":"Nord","s":"25S-H54S000A-83-A"},{"r":"32","t":"25:20:00","h":"Nord","s":"25N-H54N000S-80-S"},{"r":"32","t":"25:20:00","h":"Nord","s":"25N-H54NV10S-82-S"},{"r":"32","t":"25:20:00","h":"Nord","s":"25N-H54NV20S-80-S"},{"r":"32","t":"25:20:00","h":"Nord","s":"25S-H54S000S-82-S"},{"r":"32","t":"25:39:00","h":"Nord","s":"25N-H54N000I-80-I"},{"r":"32","t":"25:39:00","h":"Nord","s":"25N-H54N100F-80-F1"},{"r":"32","t":"25:39:00","h":"Nord","s":"25N-H54N200F-80-F2"},{"r":"32","t":"25:39:00","h":"Nord","s":"25N-H54N300F-80-F3"},{"r":"32","t":"25:39:00","h":"Nord","s":"25N-H54N400F-80-F4"},{"r":"32","t":"25:39:00","h":"Nord","s":"25N-H54NV10I-80-I"},{"r":"32","t":"25:39:00","h":"Nord","s":"25N-H54NV20I-80-I"},{"r":"32","t":"25:39:00","h":"Nord","s":"25S-H54S000I-82-I"},{"r":"32","t":"25:39:00","h":"Nord","s":"25S-H54S100F-80-F1"},{"r":"32","t":"25:39:00","h":"Nord","s":"25S-H54S200F-80-F2"},{"r":"32","t":"25:43:00","h":"Nord","s":"25N-H54N000A-80-A"},{"r":"32","t":"25:43:00","h":"Nord","s":"25N-H54N000S-80-S"},{"r":"32","t":"25:43:00","h":"Nord","s":"25N-H54NV10A-80-A"},{"r":"32","t":"25:43:00","h":"Nord","s":"25N-H54NV10S-82-S"},{"r":"32","t":"25:43:00","h":"Nord","s":"25N-H54NV20A-80-A"},{"r":"32","t":"25:43:00","h":"Nord","s":"25N-H54NV20S-80-S"},{"r":"32","t":"25:43:00","h":"Nord","s":"25S-H54S000A-83-A"},{"r":"32","t":"25:43:00","h":"Nord","s":"25S-H54S000S-82-S"},{"r":"353","t":"25:58:03","h":"Est","s":"25N-H54N000S-80-S"},{"r":"353","t":"25:58:03","h":"Est","s":"25N-H54NV10S-82-S"},{"r":"353","t":"25:58:03","h":"Est","s":"25N-H54NV20S-80-S"},{"r":"353","t":"25:58:03","h":"Est","s":"25S-H54S000S-82-S"},{"r":"353","t":"25:58:16","h":"Est","s":"25N-H54N000I-80-I"},{"r":"353","t":"25:58:16","h":"Est","s":"25N-H54N100F-80-F1"},{"r":"353","t":"25:58:16","h":"Est","s":"25N-H54N200F-80-F2"},{"r":"353","t":"25:58:16","h":"Est","s":"25N-H54N300F-80-F3"},{"r":"353","t":"25:58:16","h":"Est","s":"25N-H54N400F-80-F4"},{"r":"353","t":"25:58:16","h":"Est","s":"25N-H54NV10I-80-I"},{"r":"353","t":"25:58:16","h":"Est","s":"25N-H54NV20I-80-I"},{"r":"353","t":"25:58:16","h":"Est","s":"25S-H54S000I-82-I"},{"r":"353","t":"25:58:16","h":"Est","s":"25S-H54S100F-80-F1"},{"r":"353","t":"25:58:16","h":"Est","s":"25S-H54S200F-80-F2"},{"r":"32","t":"26:09:00","h":"Nord","s":"25N-H54N000A-80-A"},{"r":"32","t":"26:09:00","h":"Nord","s":"25N-H54NV10A-80-A"},{"r":"32","t":"26:09:00","h":"Nord","s":"25N-H54NV20A-80-A"},{"r":"32","t":"26:09:00","h":"Nord","s":"25S-H54S000A-83-A"},{"r":"353","t":"26:42:16","h":"Est","s":"25N-H54N000A-80-A"},{"r":"353","t":"26:42:16","h":"Est","s":"25N-H54NV10A-80-A"},{"r":"353","t":"26:42:16","h":"Est","s":"25N-H54NV20A-80-A"},{"r":"353","t":"26:42:16","h":"Est","s":"25S-H54S000A-83-A"},{"r":"353","t":"26:43:03","h":"Est","s":"25N-H54N000S-80-S"},{"r":"353","t":"26:43:03","h":"Est","s":"25N-H54NV10S-82-S"},{"r":"353","t":"26:43:03","h":"Est","s":"25N-H54NV20S-80-S"},{"r":"353","t":"26:43:03","h":"Est","s":"25S-H54S000S-82-S"},{"r":"353","t":"26:44:16","h":"Est","s":"25N-H54N000I-80-I"},{"r":"353","t":"26:44:16","h":"Est","s":"25N-H54N100F-80-F1"},{"r":"353","t":"26:44:16","h":"Est","s":"25N-H54N200F-80-F2"},{"r":"353","t":"26:44:16","h":"Est","s":"25N-H54N300F-80-F3"},{"r":"353","t":"26:44:16","h":"Est","s":"25N-H54N400F-80-F4"},{"r":"353","t":"26:44:16","h":"Est","s":"25N-H54NV10I-80-I"},{"r":"353","t":"26:44:16","h":"Est","s":"25N-H54NV20I-80-I"},{"r":"353","t":"26:44:16","h":"Est","s":"25S-H54S000I-82-I"},{"r":"353","t":"26:44:16","h":"Est","s":"25S-H54S100F-80-F1"},{"r":"353","t":"26:44:16","h":"Est","s":"25S-H54S200F-80-F2"},{"r":"353","t":"27:28:03","h":"Est","s":"25N-H54N000S-80-S"},{"r":"353","t":"27:28:03","h":"Est","s":"25N-H54NV10S-82-S"},{"r":"353","t":"27:28:03","h":"Est","s":"25N-H54NV20S-80-S"},{"r":"353","t":"27:28:03","h":"Est","s":"25S-H54S000S-82-S"},{"r":"353","t":"27:29:16","h":"Est","s":"25N-H54N000I-80-I"},{"r":"353","t":"27:29:16","h":"Est","s":"25N-H54N100F-80-F1"},{"r":"353","t":"27:29:16","h":"Est","s":"25N-H54N200F-80-F2"},{"r":"353","t":"27:29:16","h":"Est","s":"25N-H54N300F-80-F3"},{"r":"353","t":"27:29:16","h":"Est","s":"25N-H54N400F-80-F4"},{"r":"353","t":"27:29:16","h":"Est","s":"25N-H54NV10I-80-I"},{"r":"353","t":"27:29:16","h":"Est","s":"25N-H54NV20I-80-I"},{"r":"353","t":"27:29:16","h":"Est","s":"25S-H54S000I-82-I"},{"r":"353","t":"27:29:16","h":"Est","s":"25S-H54S100F-80-F1"},{"r":"353","t":"27:29:16","h":"Est","s":"25S-H54S200F-80-F2"},{"r":"353","t":"27:30:03","h":"Est","s":"25N-H54N000A-80-A"},{"r":"353","t":"27:30:03","h":"Est","s":"25N-H54NV10A-80-A"},{"r":"353","t":"27:30:03","h":"Est","s":"25N-H54NV20A-80-A"},{"r":"353","t":"27:30:03","h":"Est","s":"25S-H54S000A-83-A"},{"r":"353","t":"28:13:03","h":"Est","s":"25N-H54N000S-80-S"},{"r":"353","t":"28:13:03","h":"Est","s":"25N-H54NV10S-82-S"},{"r":"353","t":"28:13:03","h":"Est","s":"25N-H54NV20S-80-S"},{"r":"353","t":"28:13:03","h":"Est","s":"25S-H54S000S-82-S"},{"r":"353","t":"28:14:16","h":"Est","s":"25N-H54N000I-80-I"},{"r":"353","t":"28:14:16","h":"Est","s":"25N-H54N100F-80-F1"},{"r":"353","t":"28:14:16","h":"Est","s":"25N-H54N200F-80-F2"},{"r":"353","t":"28:14:16","h":"Est","s":"25N-H54N300F-80-F3"},{"r":"353","t":"28:14:16","h":"Est","s":"25N-H54N400F-80-F4"},{"r":"353","t":"28:14:16","h":"Est","s":"25N-H54NV10I-80-I"},{"r":"353","t":"28:14:16","h":"Est","s":"25N-H54NV20I-80-I"},{"r":"353","t":"28:14:16","h":"Est","s":"25S-H54S000I-82-I"},{"r":"353","t":"28:14:16","h":"Est","s":"25S-H54S100F-80-F1"},{"r":"353","t":"28:14:16","h":"Est","s":"25S-H54S200F-80-F2"},{"r":"353","t":"28:15:03","h":"Est","s":"25N-H54N000A-80-A"},{"r":"353","t":"28:15:03","h":"Est","s":"25N-H54NV10A-80-A"},{"r":"353","t":"28:15:03","h":"Est","s":"25N-H54NV20A-80-A"},{"r":"353","t":"28:15:03","h":"Est","s":"25S-H54S000A-83-A"},{"r":"353","t":"28:53:03","h":"Est","s":"25N-H54N000S-80-S"},{"r":"353","t":"28:53:03","h":"Est","s":"25N-H54NV10S-82-S"},{"r":"353","t":"28:53:03","h":"Est","s":"25N-H54NV20S-80-S"},{"r":"353","t":"28:53:03","h":"Est","s":"25S-H54S000S-82-S"},{"r":"353","t":"28:55:16","h":"Est","s":"25N-H54N000I-80-I"},{"r":"353","t":"28:55:16","h":"Est","s":"25N-H54N100F-80-F1"},{"r":"353","t":"28:55:16","h":"Est","s":"25N-H54N200F-80-F2"},{"r":"353","t":"28:55:16","h":"Est","s":"25N-H54N300F-80-F3"},{"r":"353","t":"28:55:16","h":"Est","s":"25N-H54N400F-80-F4"},{"r":"353","t":"28:55:16","h":"Est","s":"25N-H54NV10I-80-I"},{"r":"353","t":"28:55:16","h":"Est","s":"25N-H54NV20I-80-I"},{"r":"353","t":"28:55:16","h":"Est","s":"25S-H54S000I-82-I"},{"r":"353","t":"28:55:16","h":"Est","s":"25S-H54S100F-80-F1"},{"r":"353","t":"28:55:16","h":"Est","s":"25S-H54S200F-80-F2"},{"r":"353","t":"28:56:03","h":"Est","s":"25N-H54N000A-80-A"},{"r":"353","t":"28:56:03","h":"Est","s":"25N-H54NV10A-80-A"},{"r":"353","t":"28:56:03","h":"Est","s":"25N-H54NV20A-80-A"},{"r":"353","t":"28:56:03","h":"Est","s":"25S-H54S000A-83-A"}]