[{"r":"29","t":"06:10:00","h":"Ouest","s":"25N-H59N000I-80-I"},{"r":"29","t":"06:10:00","h":"Ouest","s":"25N-H59N100F-80-F1"},{"r":"29","t":"06:10:00","h":"Ouest","s":"25N-H59N200F-81-F2"},{"r":"29","t":"06:10:00","h":"Ouest","s":"25N-H59N300F-80-F3"},{"r":"29","t":"06:10:00","h":"Ouest","s":"25N-H59N400F-80-F4"},{"r":"29","t":"06:10:00","h":"Ouest","s":"25N-H59NV10I-80-I"},{"r":"29","t":"06:10:00","h":"Ouest","s":"25N-H59NV20I-80-I"},{"r":"29","t":"06:10:00","h":"Ouest","s":"25S-H59S000I-81-I"},{"r":"29","t":"06:10:00","h":"Ouest","s":"25S-H59S100F-81-F1"},{"r":"29","t":"06:10:00","h":"Ouest","s":"25S-H59S200F-81-F2"},{"r":"29","t":"06:11:00","h":"Ouest","s":"25N-H59N000A-80-A"},{"r":"29","t":"06:11:00","h":"Ouest","s":"25N-H59NV10A-80-A"},{"r":"29","t":"06:11:00","h":"Ouest","s":"25N-H59VN20A-80-A"},{"r":"29","t":"06:11:00","h":"Ouest","s":"25S-H59S000A-81-A"},{"r":"29","t":"06:15:00","h":"Ouest","s":"25N-H59N000S-80-S"},{"r":"29","t":"06:15:00","h":"Ouest","s":"25N-H59NV10S-84-S"},{"r":"29","t":"06:15:00","h":"Ouest","s":"25N-H59NV20S-80-S"},{"r":"29","t":"06:15:00","h":"Ouest","s":"25S-H59S000S-81-S"},{"r":"29","t":"06:40:00","h":"Ouest","s":"25N-H59N000I-80-I"},{"r":"29","t":"06:40:00","h":"Ouest","s":"25N-H59N100F-80-F1"},{"r":"29","t":"06:40:00","h":"Ouest","s":"25N-H59N200F-81-F2"},{"r":"29","t":"06:40:00","h":"Ouest","s":"25N-H59N300F-80-F3"},{"r":"29","t":"06:40:00","h":"Ouest","s":"25N-H59N400F-80-F4"},{"r":"29","t":"06:40:00","h":"Ouest","s":"25N-H59NV10I-80-I"},{"r":"29","t":"06:40:00","h":"Ouest","s":"25N-H59NV20I-80-I"},{"r":"29","t":"06:40:00","h":"Ouest","s":"25S-H59S000I-81-I"},{"r":"29","t":"06:40:00","h":"Ouest","s":"25S-H59S100F-81-F1"},{"r":"29","t":"06:40:00","h":"Ouest","s":"25S-H59S200F-81-F2"},{"r":"29","t":"06:41:00","h":"Ouest","s":"25N-H59N000A-80-A"},{"r":"29","t":"06:41:00","h":"Ouest","s":"25N-H59NV10A-80-A"},{"r":"29","t":"06:41:00","h":"Ouest","s":"25N-H59VN20A-80-A"},{"r":"29","t":"06:41:00","h":"Ouest","s":"25S-H59S000A-81-A"},{"r":"29","t":"06:45:00","h":"Ouest","s":"25N-H59N000S-80-S"},{"r":"29","t":"06:45:00","h":"Ouest","s":"25N-H59NV10S-84-S"},{"r":"29","t":"06:45:00","h":"Ouest","s":"25N-H59NV20S-80-S"},{"r":"29","t":"06:45:00","h":"Ouest","s":"25S-H59S000S-81-S"},{"r":"29","t":"07:11:00","h":"Ouest","s":"25N-H59N000A-80-A"},{"r":"29","t":"07:11:00","h":"Ouest","s":"25N-H59NV10A-80-A"},{"r":"29","t":"07:11:00","h":"Ouest","s":"25N-H59VN20A-80-A"},{"r":"29","t":"07:11:00","h":"Ouest","s":"25S-H59S000A-81-A"},{"r":"29","t":"07:12:00","h":"Ouest","s":"25N-H59N000I-80-I"},{"r":"29","t":"07:12:00","h":"Ouest","s":"25N-H59N100F-80-F1"},{"r":"29","t":"07:12:00","h":"Ouest","s":"25N-H59N200F-81-F2"},{"r":"29","t":"07:12:00","h":"Ouest","s":"25N-H59N300F-80-F3"},{"r":"29","t":"07:12:00","h":"Ouest","s":"25N-H59N400F-80-F4"},{"r":"29","t":"07:12:00","h":"Ouest","s":"25N-H59NV10I-80-I"},{"r":"29","t":"07:12:00","h":"Ouest","s":"25N-H59NV20I-80-I"},{"r":"29","t":"07:12:00","h":"Ouest","s":"25S-H59S000I-81-I"},{"r":"29","t":"07:12:00","h":"Ouest","s":"25S-H59S100F-81-F1"},{"r":"29","t":"07:12:00","h":"Ouest","s":"25S-H59S200F-81-F2"},{"r":"29","t":"07:14:00","h":"Ouest","s":"25N-H59N000S-80-S"},{"r":"29","t":"07:14:00","h":"Ouest","s":"25N-H59NV10S-84-S"},{"r":"29","t":"07:14:00","h":"Ouest","s":"25N-H59NV20S-80-S"},{"r":"29","t":"07:14:00","h":"Ouest","s":"25S-H59S000S-81-S"},{"r":"29","t":"07:38:00","h":"Ouest","s":"25N-H59N000S-80-S"},{"r":"29","t":"07:38:00","h":"Ouest","s":"25N-H59NV10S-84-S"},{"r":"29","t":"07:38:00","h":"Ouest","s":"25N-H59NV20S-80-S"},{"r":"29","t":"07:38:00","h":"Ouest","s":"25S-H59S000S-81-S"},{"r":"29","t":"07:40:00","h":"Ouest","s":"25N-H59N000A-80-A"},{"r":"29","t":"07:40:00","h":"Ouest","s":"25N-H59NV10A-80-A"},{"r":"29","t":"07:40:00","h":"Ouest","s":"25N-H59VN20A-80-A"},{"r":"29","t":"07:40:00","h":"Ouest","s":"25S-H59S000A-81-A"},{"r":"29","t":"07:43:00","h":"Ouest","s":"25N-H59N000I-80-I"},{"r":"29","t":"07:43:00","h":"Ouest","s":"25N-H59N100F-80-F1"},{"r":"29","t":"07:43:00","h":"Ouest","s":"25N-H59N200F-81-F2"},{"r":"29","t":"07:43:00","h":"Ouest","s":"25N-H59N300F-80-F3"},{"r":"29","t":"07:43:00","h":"Ouest","s":"25N-H59N400F-80-F4"},{"r":"29","t":"07:43:00","h":"Ouest","s":"25N-H59NV10I-80-I"},{"r":"29","t":"07:43:00","h":"Ouest","s":"25N-H59NV20I-80-I"},{"r":"29","t":"07:43:00","h":"Ouest","s":"25S-H59S000I-81-I"},{"r":"29","t":"07:43:00","h":"Ouest","s":"25S-H59S100F-81-F1"},{"r":"29","t":"07:43:00","h":"Ouest","s":"25S-H59S200F-81-F2"},{"r":"29","t":"08:07:00","h":"Ouest","s":"25N-H59N000S-80-S"},{"r":"29","t":"08:07:00","h":"Ouest","s":"25N-H59NV10S-84-S"},{"r":"29","t":"08:07:00","h":"Ouest","s":"25N-H59NV20S-80-S"},{"r":"29","t":"08:07:00","h":"Ouest","s":"25S-H59S000S-81-S"},{"r":"29","t":"08:09:00","h":"Ouest","s":"25N-H59N000A-80-A"},{"r":"29","t":"08:09:00","h":"Ouest","s":"25N-H59NV10A-80-A"},{"r":"29","t":"08:09:00","h":"Ouest","s":"25N-H59VN20A-80-A"},{"r":"29","t":"08:09:00","h":"Ouest","s":"25S-H59S000A-81-A"},{"r":"29","t":"08:12:00","h":"Ouest","s":"25N-H59N000I-80-I"},{"r":"29","t":"08:12:00","h":"Ouest","s":"25N-H59N100F-80-F1"},{"r":"29","t":"08:12:00","h":"Ouest","s":"25N-H59N200F-81-F2"},{"r":"29","t":"08:12:00","h":"Ouest","s":"25N-H59N300F-80-F3"},{"r":"29","t":"08:12:00","h":"Ouest","s":"25N-H59N400F-80-F4"},{"r":"29","t":"08:12:00","h":"Ouest","s":"25N-H59NV10I-80-I"},{"r":"29","t":"08:12:00","h":"Ouest","s":"25N-H59NV20I-80-I"},{"r":"29","t":"08:12:00","h":"Ouest","s":"25S-H59S000I-81-I"},{"r":"29","t":"08:12:00","h":"Ouest","s":"25S-H59S100F-81-F1"},{"r":"29","t":"08:12:00","h":"Ouest","s":"25S-H59S200F-81-F2"},{"r":"29","t":"08:31:00","h":"Ouest","s":"25N-H59N000S-80-S"},{"r":"29","t":"08:31:00","h":"Ouest","s":"25N-H59NV10S-84-S"},{"r":"29","t":"08:31:00","h":"Ouest","s":"25N-H59NV20S-80-S"},{"r":"29","t":"08:31:00","h":"Ouest","s":"25S-H59S000S-81-S"},{"r":"29","t":"08:38:00","h":"Ouest","s":"25N-H59N000A-80-A"},{"r":"29","t":"08:38:00","h":"Ouest","s":"25N-H59NV10A-80-A"},{"r":"29","t":"08:38:00","h":"Ouest","s":"25N-H59VN20A-80-A"},{"r":"29","t":"08:38:00","h":"Ouest","s":"25S-H59S000A-81-A"},{"r":"29","t":"08:42:00","h":"Ouest","s":"25N-H59N000I-80-I"},{"r":"29","t":"08:42:00","h":"Ouest","s":"25N-H59N100F-80-F1"},{"r":"29","t":"08:42:00","h":"Ouest","s":"25N-H59N200F-81-F2"},{"r":"29","t":"08:42:00","h":"Ouest","s":"25N-H59N300F-80-F3"},{"r":"29","t":"08:42:00","h":"Ouest","s":"25N-H59N400F-80-F4"},{"r":"29","t":"08:42:00","h":"Ouest","s":"25N-H59NV10I-80-I"},{"r":"29","t":"08:42:00","h":"Ouest","s":"25N-H59NV20I-80-I"},{"r":"29","t":"08:42:00","h":"Ouest","s":"25S-H59S000I-81-I"},{"r":"29","t":"08:42:00","h":"Ouest","s":"25S-H59S100F-81-F1"},{"r":"29","t":"08:42:00","h":"Ouest","s":"25S-H59S200F-81-F2"},{"r":"29","t":"08:58:00","h":"Ouest","s":"25N-H59N000S-80-S"},{"r":"29","t":"08:58:00","h":"Ouest","s":"25N-H59NV10S-84-S"},{"r":"29","t":"08:58:00","h":"Ouest","s":"25N-H59NV20S-80-S"},{"r":"29","t":"08:58:00","h":"Ouest","s":"25S-H59S000S-81-S"},{"r":"29","t":"09:07:00","h":"Ouest","s":"25N-H59N000A-80-A"},{"r":"29","t":"09:07:00","h":"Ouest","s":"25N-H59NV10A-80-A"},{"r":"29","t":"09:07:00","h":"Ouest","s":"25N-H59VN20A-80-A"},{"r":"29","t":"09:07:00","h":"Ouest","s":"25S-H59S000A-81-A"},{"r":"29","t":"09:14:00","h":"Ouest","s":"25N-H59N000I-80-I"},{"r":"29","t":"09:14:00","h":"Ouest","s":"25N-H59N100F-80-F1"},{"r":"29","t":"09:14:00","h":"Ouest","s":"25N-H59N200F-81-F2"},{"r":"29","t":"09:14:00","h":"Ouest","s":"25N-H59N300F-80-F3"},{"r":"29","t":"09:14:00","h":"Ouest","s":"25N-H59N400F-80-F4"},{"r":"29","t":"09:14:00","h":"Ouest","s":"25N-H59NV10I-80-I"},{"r":"29","t":"09:14:00","h":"Ouest","s":"25N-H59NV20I-80-I"},{"r":"29","t":"09:14:00","h":"Ouest","s":"25S-H59S000I-81-I"},{"r":"29","t":"09:14:00","h":"Ouest","s":"25S-H59S100F-81-F1"},{"r":"29","t":"09:14:00","h":"Ouest","s":"25S-H59S200F-81-F2"},{"r":"29","t":"09:24:00","h":"Ouest","s":"25N-H59N000S-80-S"},{"r":"29","t":"09:24:00","h":"Ouest","s":"25N-H59NV10S-84-S"},{"r":"29","t":"09:24:00","h":"Ouest","s":"25N-H59NV20S-80-S"},{"r":"29","t":"09:24:00","h":"Ouest","s":"25S-H59S000S-81-S"},{"r":"29","t":"09:37:00","h":"Ouest","s":"25N-H59N000A-80-A"},{"r":"29","t":"09:37:00","h":"Ouest","s":"25N-H59NV10A-80-A"},{"r":"29","t":"09:37:00","h":"Ouest","s":"25N-H59VN20A-80-A"},{"r":"29","t":"09:37:00","h":"Ouest","s":"25S-H59S000A-81-A"},{"r":"29","t":"09:43:00","h":"Ouest","s":"25N-H59N000I-80-I"},{"r":"29","t":"09:43:00","h":"Ouest","s":"25N-H59N100F-80-F1"},{"r":"29","t":"09:43:00","h":"Ouest","s":"25N-H59N200F-81-F2"},{"r":"29","t":"09:43:00","h":"Ouest","s":"25N-H59N300F-80-F3"},{"r":"29","t":"09:43:00","h":"Ouest","s":"25N-H59N400F-80-F4"},{"r":"29","t":"09:43:00","h":"Ouest","s":"25N-H59NV10I-80-I"},{"r":"29","t":"09:43:00","h":"Ouest","s":"25N-H59NV20I-80-I"},{"r":"29","t":"09:43:00","h":"Ouest","s":"25S-H59S000I-81-I"},{"r":"29","t":"09:43:00","h":"Ouest","s":"25S-H59S100F-81-F1"},{"r":"29","t":"09:43:00","h":"Ouest","s":"25S-H59S200F-81-F2"},{"r":"29","t":"09:55:00","h":"Ouest","s":"25N-H59N000S-80-S"},{"r":"29","t":"09:55:00","h":"Ouest","s":"25N-H59NV10S-84-S"},{"r":"29","t":"09:55:00","h":"Ouest","s":"25N-H59NV20S-80-S"},{"r":"29","t":"09:55:00","h":"Ouest","s":"25S-H59S000S-81-S"},{"r":"29","t":"10:09:00","h":"Ouest","s":"25N-H59N000A-80-A"},{"r":"29","t":"10:09:00","h":"Ouest","s":"25N-H59NV10A-80-A"},{"r":"29","t":"10:09:00","h":"Ouest","s":"25N-H59VN20A-80-A"},{"r":"29","t":"10:09:00","h":"Ouest","s":"25S-H59S000A-81-A"},{"r":"29","t":"10:15:00","h":"Ouest","s":"25N-H59N000I-80-I"},{"r":"29","t":"10:15:00","h":"Ouest","s":"25N-H59N100F-80-F1"},{"r":"29","t":"10:15:00","h":"Ouest","s":"25N-H59N200F-81-F2"},{"r":"29","t":"10:15:00","h":"Ouest","s":"25N-H59N300F-80-F3"},{"r":"29","t":"10:15:00","h":"Ouest","s":"25N-H59N400F-80-F4"},{"r":"29","t":"10:15:00","h":"Ouest","s":"25N-H59NV10I-80-I"},{"r":"29","t":"10:15:00","h":"Ouest","s":"25N-H59NV20I-80-I"},{"r":"29","t":"10:15:00","h":"Ouest","s":"25S-H59S000I-81-I"},{"r":"29","t":"10:15:00","h":"Ouest","s":"25S-H59S100F-81-F1"},{"r":"29","t":"10:15:00","h":"Ouest","s":"25S-H59S200F-81-F2"},{"r":"29","t":"10:26:00","h":"Ouest","s":"25N-H59N000S-80-S"},{"r":"29","t":"10:26:00","h":"Ouest","s":"25N-H59NV10S-84-S"},{"r":"29","t":"10:26:00","h":"Ouest","s":"25N-H59NV20S-80-S"},{"r":"29","t":"10:26:00","h":"Ouest","s":"25S-H59S000S-81-S"},{"r":"29","t":"10:40:00","h":"Ouest","s":"25N-H59N000A-80-A"},{"r":"29","t":"10:40:00","h":"Ouest","s":"25N-H59NV10A-80-A"},{"r":"29","t":"10:40:00","h":"Ouest","s":"25N-H59VN20A-80-A"},{"r":"29","t":"10:40:00","h":"Ouest","s":"25S-H59S000A-81-A"},{"r":"29","t":"10:45:00","h":"Ouest","s":"25N-H59N000I-80-I"},{"r":"29","t":"10:45:00","h":"Ouest","s":"25N-H59N100F-80-F1"},{"r":"29","t":"10:45:00","h":"Ouest","s":"25N-H59N200F-81-F2"},{"r":"29","t":"10:45:00","h":"Ouest","s":"25N-H59N300F-80-F3"},{"r":"29","t":"10:45:00","h":"Ouest","s":"25N-H59N400F-80-F4"},{"r":"29","t":"10:45:00","h":"Ouest","s":"25N-H59NV10I-80-I"},{"r":"29","t":"10:45:00","h":"Ouest","s":"25N-H59NV20I-80-I"},{"r":"29","t":"10:45:00","h":"Ouest","s":"25S-H59S000I-81-I"},{"r":"29","t":"10:45:00","h":"Ouest","s":"25S-H59S100F-81-F1"},{"r":"29","t":"10:45:00","h":"Ouest","s":"25S-H59S200F-81-F2"},{"r":"29","t":"10:57:00","h":"Ouest","s":"25N-H59N000S-80-S"},{"r":"29","t":"10:57:00","h":"Ouest","s":"25N-H59NV10S-84-S"},{"r":"29","t":"10:57:00","h":"Ouest","s":"25N-H59NV20S-80-S"},{"r":"29","t":"10:57:00","h":"Ouest","s":"25S-H59S000S-81-S"},{"r":"29","t":"11:11:00","h":"Ouest","s":"25N-H59N000A-80-A"},{"r":"29","t":"11:11:00","h":"Ouest","s":"25N-H59NV10A-80-A"},{"r":"29","t":"11:11:00","h":"Ouest","s":"25N-H59VN20A-80-A"},{"r":"29","t":"11:11:00","h":"Ouest","s":"25S-H59S000A-81-A"},{"r":"29","t":"11:18:00","h":"Ouest","s":"25N-H59N000I-80-I"},{"r":"29","t":"11:18:00","h":"Ouest","s":"25N-H59N100F-80-F1"},{"r":"29","t":"11:18:00","h":"Ouest","s":"25N-H59N200F-81-F2"},{"r":"29","t":"11:18:00","h":"Ouest","s":"25N-H59N300F-80-F3"},{"r":"29","t":"11:18:00","h":"Ouest","s":"25N-H59N400F-80-F4"},{"r":"29","t":"11:18:00","h":"Ouest","s":"25N-H59NV10I-80-I"},{"r":"29","t":"11:18:00","h":"Ouest","s":"25N-H59NV20I-80-I"},{"r":"29","t":"11:18:00","h":"Ouest","s":"25S-H59S000I-81-I"},{"r":"29","t":"11:18:00","h":"Ouest","s":"25S-H59S100F-81-F1"},{"r":"29","t":"11:18:00","h":"Ouest","s":"25S-H59S200F-81-F2"},{"r":"29","t":"11:28:00","h":"Ouest","s":"25N-H59N000S-80-S"},{"r":"29","t":"11:28:00","h":"Ouest","s":"25N-H59NV10S-84-S"},{"r":"29","t":"11:28:00","h":"Ouest","s":"25N-H59NV20S-80-S"},{"r":"29","t":"11:28:00","h":"Ouest","s":"25S-H59S000S-81-S"},{"r":"29","t":"11:42:00","h":"Ouest","s":"25N-H59N000A-80-A"},{"r":"29","t":"11:42:00","h":"Ouest","s":"25N-H59NV10A-80-A"},{"r":"29","t":"11:42:00","h":"Ouest","s":"25N-H59VN20A-80-A"},{"r":"29","t":"11:42:00","h":"Ouest","s":"25S-H59S000A-81-A"},{"r":"29","t":"11:51:00","h":"Ouest","s":"25N-H59N000I-80-I"},{"r":"29","t":"11:51:00","h":"Ouest","s":"25N-H59N100F-80-F1"},{"r":"29","t":"11:51:00","h":"Ouest","s":"25N-H59N200F-81-F2"},{"r":"29","t":"11:51:00","h":"Ouest","s":"25N-H59N300F-80-F3"},{"r":"29","t":"11:51:00","h":"Ouest","s":"25N-H59N400F-80-F4"},{"r":"29","t":"11:51:00","h":"Ouest","s":"25N-H59NV10I-80-I"},{"r":"29","t":"11:51:00","h":"Ouest","s":"25N-H59NV20I-80-I"},{"r":"29","t":"11:51:00","h":"Ouest","s":"25S-H59S000I-81-I"},{"r":"29","t":"11:51:00","h":"Ouest","s":"25S-H59S100F-81-F1"},{"r":"29","t":"11:51:00","h":"Ouest","s":"25S-H59S200F-81-F2"},{"r":"29","t":"11:59:00","h":"Ouest","s":"25N-H59N000S-80-S"},{"r":"29","t":"11:59:00","h":"Ouest","s":"25N-H59NV10S-84-S"},{"r":"29","t":"11:59:00","h":"Ouest","s":"25N-H59NV20S-80-S"},{"r":"29","t":"11:59:00","h":"Ouest","s":"25S-H59S000S-81-S"},{"r":"29","t":"12:13:00","h":"Ouest","s":"25N-H59N000A-80-A"},{"r":"29","t":"12:13:00","h":"Ouest","s":"25N-H59NV10A-80-A"},{"r":"29","t":"12:13:00","h":"Ouest","s":"25N-H59VN20A-80-A"},{"r":"29","t":"12:13:00","h":"Ouest","s":"25S-H59S000A-81-A"},{"r":"29","t":"12:23:00","h":"Ouest","s":"25N-H59N000I-80-I"},{"r":"29","t":"12:23:00","h":"Ouest","s":"25N-H59N100F-80-F1"},{"r":"29","t":"12:23:00","h":"Ouest","s":"25N-H59N200F-81-F2"},{"r":"29","t":"12:23:00","h":"Ouest","s":"25N-H59N300F-80-F3"},{"r":"29","t":"12:23:00","h":"Ouest","s":"25N-H59N400F-80-F4"},{"r":"29","t":"12:23:00","h":"Ouest","s":"25N-H59NV10I-80-I"},{"r":"29","t":"12:23:00","h":"Ouest","s":"25N-H59NV20I-80-I"},{"r":"29","t":"12:23:00","h":"Ouest","s":"25S-H59S000I-81-I"},{"r":"29","t":"12:23:00","h":"Ouest","s":"25S-H59S100F-81-F1"},{"r":"29","t":"12:23:00","h":"Ouest","s":"25S-H59S200F-81-F2"},{"r":"29","t":"12:32:00","h":"Ouest","s":"25N-H59N000S-80-S"},{"r":"29","t":"12:32:00","h":"Ouest","s":"25N-H59NV10S-84-S"},{"r":"29","t":"12:32:00","h":"Ouest","s":"25N-H59NV20S-80-S"},{"r":"29","t":"12:32:00","h":"Ouest","s":"25S-H59S000S-81-S"},{"r":"29","t":"12:41:00","h":"Ouest","s":"25N-H59N000A-80-A"},{"r":"29","t":"12:41:00","h":"Ouest","s":"25N-H59NV10A-80-A"},{"r":"29","t":"12:41:00","h":"Ouest","s":"25N-H59VN20A-80-A"},{"r":"29","t":"12:41:00","h":"Ouest","s":"25S-H59S000A-81-A"},{"r":"29","t":"12:56:00","h":"Ouest","s":"25N-H59N000I-80-I"},{"r":"29","t":"12:56:00","h":"Ouest","s":"25N-H59N100F-80-F1"},{"r":"29","t":"12:56:00","h":"Ouest","s":"25N-H59N200F-81-F2"},{"r":"29","t":"12:56:00","h":"Ouest","s":"25N-H59N300F-80-F3"},{"r":"29","t":"12:56:00","h":"Ouest","s":"25N-H59N400F-80-F4"},{"r":"29","t":"12:56:00","h":"Ouest","s":"25N-H59NV10I-80-I"},{"r":"29","t":"12:56:00","h":"Ouest","s":"25N-H59NV20I-80-I"},{"r":"29","t":"12:56:00","h":"Ouest","s":"25S-H59S000I-81-I"},{"r":"29","t":"12:56:00","h":"Ouest","s":"25S-H59S100F-81-F1"},{"r":"29","t":"12:56:00","h":"Ouest","s":"25S-H59S200F-81-F2"},{"r":"29","t":"13:02:00","h":"Ouest","s":"25N-H59N000S-80-S"},{"r":"29","t":"13:02:00","h":"Ouest","s":"25N-H59NV10S-84-S"},{"r":"29","t":"13:02:00","h":"Ouest","s":"25N-H59NV20S-80-S"},{"r":"29","t":"13:02:00","h":"Ouest","s":"25S-H59S000S-81-S"},{"r":"29","t":"13:09:00","h":"Ouest","s":"25N-H59N000A-80-A"},{"r":"29","t":"13:09:00","h":"Ouest","s":"25N-H59NV10A-80-A"},{"r":"29","t":"13:09:00","h":"Ouest","s":"25N-H59VN20A-80-A"},{"r":"29","t":"13:09:00","h":"Ouest","s":"25S-H59S000A-81-A"},{"r":"29","t":"13:29:00","h":"Ouest","s":"25N-H59N000I-80-I"},{"r":"29","t":"13:29:00","h":"Ouest","s":"25N-H59N100F-80-F1"},{"r":"29","t":"13:29:00","h":"Ouest","s":"25N-H59N200F-81-F2"},{"r":"29","t":"13:29:00","h":"Ouest","s":"25N-H59N300F-80-F3"},{"r":"29","t":"13:29:00","h":"Ouest","s":"25N-H59N400F-80-F4"},{"r":"29","t":"13:29:00","h":"Ouest","s":"25N-H59NV10I-80-I"},{"r":"29","t":"13:29:00","h":"Ouest","s":"25N-H59NV20I-80-I"},{"r":"29","t":"13:29:00","h":"Ouest","s":"25S-H59S000I-81-I"},{"r":"29","t":"13:29:00","h":"Ouest","s":"25S-H59S100F-81-F1"},{"r":"29","t":"13:29:00","h":"Ouest","s":"25S-H59S200F-81-F2"},{"r":"29","t":"13:33:00","h":"Ouest","s":"25N-H59N000S-80-S"},{"r":"29","t":"13:33:00","h":"Ouest","s":"25N-H59NV10S-84-S"},{"r":"29","t":"13:33:00","h":"Ouest","s":"25N-H59NV20S-80-S"},{"r":"29","t":"13:33:00","h":"Ouest","s":"25S-H59S000S-81-S"},{"r":"29","t":"13:38:00","h":"Ouest","s":"25N-H59N000A-80-A"},{"r":"29","t":"13:38:00","h":"Ouest","s":"25N-H59NV10A-80-A"},{"r":"29","t":"13:38:00","h":"Ouest","s":"25N-H59VN20A-80-A"},{"r":"29","t":"13:38:00","h":"Ouest","s":"25S-H59S000A-81-A"},{"r":"29","t":"14:01:00","h":"Ouest","s":"25N-H59N000I-80-I"},{"r":"29","t":"14:01:00","h":"Ouest","s":"25N-H59N100F-80-F1"},{"r":"29","t":"14:01:00","h":"Ouest","s":"25N-H59N200F-81-F2"},{"r":"29","t":"14:01:00","h":"Ouest","s":"25N-H59N300F-80-F3"},{"r":"29","t":"14:01:00","h":"Ouest","s":"25N-H59N400F-80-F4"},{"r":"29","t":"14:01:00","h":"Ouest","s":"25N-H59NV10I-80-I"},{"r":"29","t":"14:01:00","h":"Ouest","s":"25N-H59NV20I-80-I"},{"r":"29","t":"14:01:00","h":"Ouest","s":"25S-H59S000I-81-I"},{"r":"29","t":"14:01:00","h":"Ouest","s":"25S-H59S100F-81-F1"},{"r":"29","t":"14:01:00","h":"Ouest","s":"25S-H59S200F-81-F2"},{"r":"29","t":"14:05:00","h":"Ouest","s":"25N-H59N000S-80-S"},{"r":"29","t":"14:05:00","h":"Ouest","s":"25N-H59NV10S-84-S"},{"r":"29","t":"14:05:00","h":"Ouest","s":"25N-H59NV20S-80-S"},{"r":"29","t":"14:05:00","h":"Ouest","s":"25S-H59S000S-81-S"},{"r":"29","t":"14:08:00","h":"Ouest","s":"25N-H59N000A-80-A"},{"r":"29","t":"14:08:00","h":"Ouest","s":"25N-H59NV10A-80-A"},{"r":"29","t":"14:08:00","h":"Ouest","s":"25N-H59VN20A-80-A"},{"r":"29","t":"14:08:00","h":"Ouest","s":"25S-H59S000A-81-A"},{"r":"29","t":"14:33:00","h":"Ouest","s":"25N-H59N000I-80-I"},{"r":"29","t":"14:33:00","h":"Ouest","s":"25N-H59N100F-80-F1"},{"r":"29","t":"14:33:00","h":"Ouest","s":"25N-H59N200F-81-F2"},{"r":"29","t":"14:33:00","h":"Ouest","s":"25N-H59N300F-80-F3"},{"r":"29","t":"14:33:00","h":"Ouest","s":"25N-H59N400F-80-F4"},{"r":"29","t":"14:33:00","h":"Ouest","s":"25N-H59NV10I-80-I"},{"r":"29","t":"14:33:00","h":"Ouest","s":"25N-H59NV20I-80-I"},{"r":"29","t":"14:33:00","h":"Ouest","s":"25S-H59S000I-81-I"},{"r":"29","t":"14:33:00","h":"Ouest","s":"25S-H59S100F-81-F1"},{"r":"29","t":"14:33:00","h":"Ouest","s":"25S-H59S200F-81-F2"},{"r":"29","t":"14:38:00","h":"Ouest","s":"25N-H59N000A-80-A"},{"r":"29","t":"14:38:00","h":"Ouest","s":"25N-H59NV10A-80-A"},{"r":"29","t":"14:38:00","h":"Ouest","s":"25N-H59VN20A-80-A"},{"r":"29","t":"14:38:00","h":"Ouest","s":"25S-H59S000A-81-A"},{"r":"29","t":"14:39:00","h":"Ouest","s":"25N-H57N000S-80-S"},{"r":"29","t":"14:39:00","h":"Ouest","s":"25N-H57NV10S-84-S"},{"r":"29","t":"14:39:00","h":"Ouest","s":"25N-H57NV20S-80-S"},{"r":"29","t":"14:39:00","h":"Ouest","s":"25S-H57S000S-82-S"},{"r":"29","t":"15:05:00","h":"Ouest","s":"25N-H59N000I-80-I"},{"r":"29","t":"15:05:00","h":"Ouest","s":"25N-H59N100F-80-F1"},{"r":"29","t":"15:05:00","h":"Ouest","s":"25N-H59N200F-81-F2"},{"r":"29","t":"15:05:00","h":"Ouest","s":"25N-H59N300F-80-F3"},{"r":"29","t":"15:05:00","h":"Ouest","s":"25N-H59N400F-80-F4"},{"r":"29","t":"15:05:00","h":"Ouest","s":"25N-H59NV10I-80-I"},{"r":"29","t":"15:05:00","h":"Ouest","s":"25N-H59NV20I-80-I"},{"r":"29","t":"15:05:00","h":"Ouest","s":"25S-H59S000I-81-I"},{"r":"29","t":"15:05:00","h":"Ouest","s":"25S-H59S100F-81-F1"},{"r":"29","t":"15:05:00","h":"Ouest","s":"25S-H59S200F-81-F2"},{"r":"29","t":"15:08:00","h":"Ouest","s":"25N-H59N000A-80-A"},{"r":"29","t":"15:08:00","h":"Ouest","s":"25N-H59NV10A-80-A"},{"r":"29","t":"15:08:00","h":"Ouest","s":"25N-H59VN20A-80-A"},{"r":"29","t":"15:08:00","h":"Ouest","s":"25S-H59S000A-81-A"},{"r":"29","t":"15:12:00","h":"Ouest","s":"25N-H59N000S-80-S"},{"r":"29","t":"15:12:00","h":"Ouest","s":"25N-H59NV10S-84-S"},{"r":"29","t":"15:12:00","h":"Ouest","s":"25N-H59NV20S-80-S"},{"r":"29","t":"15:12:00","h":"Ouest","s":"25S-H59S000S-81-S"},{"r":"29","t":"15:34:00","h":"Ouest","s":"25N-H59N000I-80-I"},{"r":"29","t":"15:34:00","h":"Ouest","s":"25N-H59N100F-80-F1"},{"r":"29","t":"15:34:00","h":"Ouest","s":"25N-H59N200F-81-F2"},{"r":"29","t":"15:34:00","h":"Ouest","s":"25N-H59N300F-80-F3"},{"r":"29","t":"15:34:00","h":"Ouest","s":"25N-H59N400F-80-F4"},{"r":"29","t":"15:34:00","h":"Ouest","s":"25N-H59NV10I-80-I"},{"r":"29","t":"15:34:00","h":"Ouest","s":"25N-H59NV20I-80-I"},{"r":"29","t":"15:34:00","h":"Ouest","s":"25S-H59S000I-81-I"},{"r":"29","t":"15:34:00","h":"Ouest","s":"25S-H59S100F-81-F1"},{"r":"29","t":"15:34:00","h":"Ouest","s":"25S-H59S200F-81-F2"},{"r":"29","t":"15:38:00","h":"Ouest","s":"25N-H59N000A-80-A"},{"r":"29","t":"15:38:00","h":"Ouest","s":"25N-H59NV10A-80-A"},{"r":"29","t":"15:38:00","h":"Ouest","s":"25N-H59VN20A-80-A"},{"r":"29","t":"15:38:00","h":"Ouest","s":"25S-H59S000A-81-A"},{"r":"29","t":"15:44:00","h":"Ouest","s":"25N-H57N000S-80-S"},{"r":"29","t":"15:44:00","h":"Ouest","s":"25N-H57NV10S-84-S"},{"r":"29","t":"15:44:00","h":"Ouest","s":"25N-H57NV20S-80-S"},{"r":"29","t":"15:44:00","h":"Ouest","s":"25S-H57S000S-82-S"},{"r":"29","t":"16:03:00","h":"Ouest","s":"25N-H59N000I-80-I"},{"r":"29","t":"16:03:00","h":"Ouest","s":"25N-H59N100F-80-F1"},{"r":"29","t":"16:03:00","h":"Ouest","s":"25N-H59N200F-81-F2"},{"r":"29","t":"16:03:00","h":"Ouest","s":"25N-H59N300F-80-F3"},{"r":"29","t":"16:03:00","h":"Ouest","s":"25N-H59N400F-80-F4"},{"r":"29","t":"16:03:00","h":"Ouest","s":"25N-H59NV10I-80-I"},{"r":"29","t":"16:03:00","h":"Ouest","s":"25N-H59NV20I-80-I"},{"r":"29","t":"16:03:00","h":"Ouest","s":"25S-H59S000I-81-I"},{"r":"29","t":"16:03:00","h":"Ouest","s":"25S-H59S100F-81-F1"},{"r":"29","t":"16:03:00","h":"Ouest","s":"25S-H59S200F-81-F2"},{"r":"29","t":"16:08:00","h":"Ouest","s":"25N-H59N000A-80-A"},{"r":"29","t":"16:08:00","h":"Ouest","s":"25N-H59NV10A-80-A"},{"r":"29","t":"16:08:00","h":"Ouest","s":"25N-H59VN20A-80-A"},{"r":"29","t":"16:08:00","h":"Ouest","s":"25S-H59S000A-81-A"},{"r":"29","t":"16:17:00","h":"Ouest","s":"25N-H59N000S-80-S"},{"r":"29","t":"16:17:00","h":"Ouest","s":"25N-H59NV10S-84-S"},{"r":"29","t":"16:17:00","h":"Ouest","s":"25N-H59NV20S-80-S"},{"r":"29","t":"16:17:00","h":"Ouest","s":"25S-H59S000S-81-S"},{"r":"29","t":"16:33:00","h":"Ouest","s":"25N-H59N000I-80-I"},{"r":"29","t":"16:33:00","h":"Ouest","s":"25N-H59N100F-80-F1"},{"r":"29","t":"16:33:00","h":"Ouest","s":"25N-H59N200F-81-F2"},{"r":"29","t":"16:33:00","h":"Ouest","s":"25N-H59N300F-80-F3"},{"r":"29","t":"16:33:00","h":"Ouest","s":"25N-H59N400F-80-F4"},{"r":"29","t":"16:33:00","h":"Ouest","s":"25N-H59NV10I-80-I"},{"r":"29","t":"16:33:00","h":"Ouest","s":"25N-H59NV20I-80-I"},{"r":"29","t":"16:33:00","h":"Ouest","s":"25S-H59S000I-81-I"},{"r":"29","t":"16:33:00","h":"Ouest","s":"25S-H59S100F-81-F1"},{"r":"29","t":"16:33:00","h":"Ouest","s":"25S-H59S200F-81-F2"},{"r":"29","t":"16:38:00","h":"Ouest","s":"25N-H59N000A-80-A"},{"r":"29","t":"16:38:00","h":"Ouest","s":"25N-H59NV10A-80-A"},{"r":"29","t":"16:38:00","h":"Ouest","s":"25N-H59VN20A-80-A"},{"r":"29","t":"16:38:00","h":"Ouest","s":"25S-H59S000A-81-A"},{"r":"29","t":"16:50:00","h":"Ouest","s":"25N-H59N000S-80-S"},{"r":"29","t":"16:50:00","h":"Ouest","s":"25N-H59NV10S-84-S"},{"r":"29","t":"16:50:00","h":"Ouest","s":"25N-H59NV20S-80-S"},{"r":"29","t":"16:50:00","h":"Ouest","s":"25S-H59S000S-81-S"},{"r":"29","t":"17:02:00","h":"Ouest","s":"25N-H59N000I-80-I"},{"r":"29","t":"17:02:00","h":"Ouest","s":"25N-H59N100F-80-F1"},{"r":"29","t":"17:02:00","h":"Ouest","s":"25N-H59N200F-81-F2"},{"r":"29","t":"17:02:00","h":"Ouest","s":"25N-H59N300F-80-F3"},{"r":"29","t":"17:02:00","h":"Ouest","s":"25N-H59N400F-80-F4"},{"r":"29","t":"17:02:00","h":"Ouest","s":"25N-H59NV10I-80-I"},{"r":"29","t":"17:02:00","h":"Ouest","s":"25N-H59NV20I-80-I"},{"r":"29","t":"17:02:00","h":"Ouest","s":"25S-H59S000I-81-I"},{"r":"29","t":"17:02:00","h":"Ouest","s":"25S-H59S100F-81-F1"},{"r":"29","t":"17:02:00","h":"Ouest","s":"25S-H59S200F-81-F2"},{"r":"29","t":"17:09:00","h":"Ouest","s":"25N-H59N000A-80-A"},{"r":"29","t":"17:09:00","h":"Ouest","s":"25N-H59NV10A-80-A"},{"r":"29","t":"17:09:00","h":"Ouest","s":"25N-H59VN20A-80-A"},{"r":"29","t":"17:09:00","h":"Ouest","s":"25S-H59S000A-81-A"},{"r":"29","t":"17:23:00","h":"Ouest","s":"25N-H57N000S-80-S"},{"r":"29","t":"17:23:00","h":"Ouest","s":"25N-H57NV10S-84-S"},{"r":"29","t":"17:23:00","h":"Ouest","s":"25N-H57NV20S-80-S"},{"r":"29","t":"17:23:00","h":"Ouest","s":"25S-H57S000S-82-S"},{"r":"29","t":"17:34:00","h":"Ouest","s":"25N-H59N000I-80-I"},{"r":"29","t":"17:34:00","h":"Ouest","s":"25N-H59N100F-80-F1"},{"r":"29","t":"17:34:00","h":"Ouest","s":"25N-H59N200F-81-F2"},{"r":"29","t":"17:34:00","h":"Ouest","s":"25N-H59N300F-80-F3"},{"r":"29","t":"17:34:00","h":"Ouest","s":"25N-H59N400F-80-F4"},{"r":"29","t":"17:34:00","h":"Ouest","s":"25N-H59NV10I-80-I"},{"r":"29","t":"17:34:00","h":"Ouest","s":"25N-H59NV20I-80-I"},{"r":"29","t":"17:34:00","h":"Ouest","s":"25S-H59S000I-81-I"},{"r":"29","t":"17:34:00","h":"Ouest","s":"25S-H59S100F-81-F1"},{"r":"29","t":"17:34:00","h":"Ouest","s":"25S-H59S200F-81-F2"},{"r":"29","t":"17:40:00","h":"Ouest","s":"25N-H59N000A-80-A"},{"r":"29","t":"17:40:00","h":"Ouest","s":"25N-H59NV10A-80-A"},{"r":"29","t":"17:40:00","h":"Ouest","s":"25N-H59VN20A-80-A"},{"r":"29","t":"17:40:00","h":"Ouest","s":"25S-H59S000A-81-A"},{"r":"29","t":"17:56:00","h":"Ouest","s":"25N-H57N000S-80-S"},{"r":"29","t":"17:56:00","h":"Ouest","s":"25N-H57NV10S-84-S"},{"r":"29","t":"17:56:00","h":"Ouest","s":"25N-H57NV20S-80-S"},{"r":"29","t":"17:56:00","h":"Ouest","s":"25S-H57S000S-82-S"},{"r":"29","t":"18:06:00","h":"Ouest","s":"25N-H59N000I-80-I"},{"r":"29","t":"18:06:00","h":"Ouest","s":"25N-H59N100F-80-F1"},{"r":"29","t":"18:06:00","h":"Ouest","s":"25N-H59N200F-81-F2"},{"r":"29","t":"18:06:00","h":"Ouest","s":"25N-H59N300F-80-F3"},{"r":"29","t":"18:06:00","h":"Ouest","s":"25N-H59N400F-80-F4"},{"r":"29","t":"18:06:00","h":"Ouest","s":"25N-H59NV10I-80-I"},{"r":"29","t":"18:06:00","h":"Ouest","s":"25N-H59NV20I-80-I"},{"r":"29","t":"18:06:00","h":"Ouest","s":"25S-H59S000I-81-I"},{"r":"29","t":"18:06:00","h":"Ouest","s":"25S-H59S100F-81-F1"},{"r":"29","t":"18:06:00","h":"Ouest","s":"25S-H59S200F-81-F2"},{"r":"29","t":"18:11:00","h":"Ouest","s":"25N-H59N000A-80-A"},{"r":"29","t":"18:11:00","h":"Ouest","s":"25N-H59NV10A-80-A"},{"r":"29","t":"18:11:00","h":"Ouest","s":"25N-H59VN20A-80-A"},{"r":"29","t":"18:11:00","h":"Ouest","s":"25S-H59S000A-81-A"},{"r":"29","t":"18:27:00","h":"Ouest","s":"25N-H59N000S-80-S"},{"r":"29","t":"18:27:00","h":"Ouest","s":"25N-H59NV10S-84-S"},{"r":"29","t":"18:27:00","h":"Ouest","s":"25N-H59NV20S-80-S"},{"r":"29","t":"18:27:00","h":"Ouest","s":"25S-H59S000S-81-S"},{"r":"29","t":"18:39:00","h":"Ouest","s":"25N-H59N000I-80-I"},{"r":"29","t":"18:39:00","h":"Ouest","s":"25N-H59N100F-80-F1"},{"r":"29","t":"18:39:00","h":"Ouest","s":"25N-H59N200F-81-F2"},{"r":"29","t":"18:39:00","h":"Ouest","s":"25N-H59N300F-80-F3"},{"r":"29","t":"18:39:00","h":"Ouest","s":"25N-H59N400F-80-F4"},{"r":"29","t":"18:39:00","h":"Ouest","s":"25N-H59NV10I-80-I"},{"r":"29","t":"18:39:00","h":"Ouest","s":"25N-H59NV20I-80-I"},{"r":"29","t":"18:39:00","h":"Ouest","s":"25S-H59S000I-81-I"},{"r":"29","t":"18:39:00","h":"Ouest","s":"25S-H59S100F-81-F1"},{"r":"29","t":"18:39:00","h":"Ouest","s":"25S-H59S200F-81-F2"},{"r":"29","t":"18:44:00","h":"Ouest","s":"25N-H59N000A-80-A"},{"r":"29","t":"18:44:00","h":"Ouest","s":"25N-H59NV10A-80-A"},{"r":"29","t":"18:44:00","h":"Ouest","s":"25N-H59VN20A-80-A"},{"r":"29","t":"18:44:00","h":"Ouest","s":"25S-H59S000A-81-A"},{"r":"29","t":"19:00:00","h":"Ouest","s":"25N-H59N000S-80-S"},{"r":"29","t":"19:00:00","h":"Ouest","s":"25N-H59NV10S-84-S"},{"r":"29","t":"19:00:00","h":"Ouest","s":"25N-H59NV20S-80-S"},{"r":"29","t":"19:00:00","h":"Ouest","s":"25S-H59S000S-81-S"},{"r":"29","t":"19:12:00","h":"Ouest","s":"25N-H59N000I-80-I"},{"r":"29","t":"19:12:00","h":"Ouest","s":"25N-H59N100F-80-F1"},{"r":"29","t":"19:12:00","h":"Ouest","s":"25N-H59N200F-81-F2"},{"r":"29","t":"19:12:00","h":"Ouest","s":"25N-H59N300F-80-F3"},{"r":"29","t":"19:12:00","h":"Ouest","s":"25N-H59N400F-80-F4"},{"r":"29","t":"19:12:00","h":"Ouest","s":"25N-H59NV10I-80-I"},{"r":"29","t":"19:12:00","h":"Ouest","s":"25N-H59NV20I-80-I"},{"r":"29","t":"19:12:00","h":"Ouest","s":"25S-H59S000I-81-I"},{"r":"29","t":"19:12:00","h":"Ouest","s":"25S-H59S100F-81-F1"},{"r":"29","t":"19:12:00","h":"Ouest","s":"25S-H59S200F-81-F2"},{"r":"29","t":"19:22:00","h":"Ouest","s":"25N-H59N000A-80-A"},{"r":"29","t":"19:22:00","h":"Ouest","s":"25N-H59NV10A-80-A"},{"r":"29","t":"19:22:00","h":"Ouest","s":"25N-H59VN20A-80-A"},{"r":"29","t":"19:22:00","h":"Ouest","s":"25S-H59S000A-81-A"},{"r":"29","t":"19:41:00","h":"Ouest","s":"25N-H59N000S-80-S"},{"r":"29","t":"19:41:00","h":"Ouest","s":"25N-H59NV10S-84-S"},{"r":"29","t":"19:41:00","h":"Ouest","s":"25N-H59NV20S-80-S"},{"r":"29","t":"19:41:00","h":"Ouest","s":"25S-H59S000S-81-S"},{"r":"29","t":"19:45:00","h":"Ouest","s":"25N-H59N000I-80-I"},{"r":"29","t":"19:45:00","h":"Ouest","s":"25N-H59N100F-80-F1"},{"r":"29","t":"19:45:00","h":"Ouest","s":"25N-H59N200F-81-F2"},{"r":"29","t":"19:45:00","h":"Ouest","s":"25N-H59N300F-80-F3"},{"r":"29","t":"19:45:00","h":"Ouest","s":"25N-H59N400F-80-F4"},{"r":"29","t":"19:45:00","h":"Ouest","s":"25N-H59NV10I-80-I"},{"r":"29","t":"19:45:00","h":"Ouest","s":"25N-H59NV20I-80-I"},{"r":"29","t":"19:45:00","h":"Ouest","s":"25S-H59S000I-81-I"},{"r":"29","t":"19:45:00","h":"Ouest","s":"25S-H59S100F-81-F1"},{"r":"29","t":"19:45:00","h":"Ouest","s":"25S-H59S200F-81-F2"},{"r":"29","t":"19:59:00","h":"Ouest","s":"25N-H59N000A-80-A"},{"r":"29","t":"19:59:00","h":"Ouest","s":"25N-H59NV10A-80-A"},{"r":"29","t":"19:59:00","h":"Ouest","s":"25N-H59VN20A-80-A"},{"r":"29","t":"19:59:00","h":"Ouest","s":"25S-H59S000A-81-A"},{"r":"29","t":"20:39:00","h":"Ouest","s":"25N-H59N000A-80-A"},{"r":"29","t":"20:39:00","h":"Ouest","s":"25N-H59NV10A-80-A"},{"r":"29","t":"20:39:00","h":"Ouest","s":"25N-H59VN20A-80-A"},{"r":"29","t":"20:39:00","h":"Ouest","s":"25S-H59S000A-81-A"},{"r":"29","t":"20:47:00","h":"Ouest","s":"25N-H59N000S-80-S"},{"r":"29","t":"20:47:00","h":"Ouest","s":"25N-H59NV10S-84-S"},{"r":"29","t":"20:47:00","h":"Ouest","s":"25N-H59NV20S-80-S"},{"r":"29","t":"20:47:00","h":"Ouest","s":"25S-H59S000S-81-S"},{"r":"29","t":"20:51:00","h":"Ouest","s":"25N-H59N000I-80-I"},{"r":"29","t":"20:51:00","h":"Ouest","s":"25N-H59N100F-80-F1"},{"r":"29","t":"20:51:00","h":"Ouest","s":"25N-H59N200F-81-F2"},{"r":"29","t":"20:51:00","h":"Ouest","s":"25N-H59N300F-80-F3"},{"r":"29","t":"20:51:00","h":"Ouest","s":"25N-H59N400F-80-F4"},{"r":"29","t":"20:51:00","h":"Ouest","s":"25N-H59NV10I-80-I"},{"r":"29","t":"20:51:00","h":"Ouest","s":"25N-H59NV20I-80-I"},{"r":"29","t":"20:51:00","h":"Ouest","s":"25S-H59S000I-81-I"},{"r":"29","t":"20:51:00","h":"Ouest","s":"25S-H59S100F-81-F1"},{"r":"29","t":"20:51:00","h":"Ouest","s":"25S-H59S200F-81-F2"},{"r":"29","t":"21:46:00","h":"Ouest","s":"25N-H59N000A-80-A"},{"r":"29","t":"21:46:00","h":"Ouest","s":"25N-H59NV10A-80-A"},{"r":"29","t":"21:46:00","h":"Ouest","s":"25N-H59VN20A-80-A"},{"r":"29","t":"21:46:00","h":"Ouest","s":"25S-H59S000A-81-A"},{"r":"29","t":"21:50:00","h":"Ouest","s":"25N-H59N000S-80-S"},{"r":"29","t":"21:50:00","h":"Ouest","s":"25N-H59NV10S-84-S"},{"r":"29","t":"21:50:00","h":"Ouest","s":"25N-H59NV20S-80-S"},{"r":"29","t":"21:50:00","h":"Ouest","s":"25S-H59S000S-81-S"},{"r":"29","t":"21:55:00","h":"Ouest","s":"25N-H59N000I-80-I"},{"r":"29","t":"21:55:00","h":"Ouest","s":"25N-H59N100F-80-F1"},{"r":"29","t":"21:55:00","h":"Ouest","s":"25N-H59N200F-81-F2"},{"r":"29","t":"21:55:00","h":"Ouest","s":"25N-H59N300F-80-F3"},{"r":"29","t":"21:55:00","h":"Ouest","s":"25N-H59N400F-80-F4"},{"r":"29","t":"21:55:00","h":"Ouest","s":"25N-H59NV10I-80-I"},{"r":"29","t":"21:55:00","h":"Ouest","s":"25N-H59NV20I-80-I"},{"r":"29","t":"21:55:00","h":"Ouest","s":"25S-H59S000I-81-I"},{"r":"29","t":"21:55:00","h":"Ouest","s":"25S-H59S100F-81-F1"},{"r":"29","t":"21:55:00","h":"Ouest","s":"25S-H59S200F-81-F2"},{"r":"29","t":"22:52:00","h":"Ouest","s":"25N-H59N000A-80-A"},{"r":"29","t":"22:52:00","h":"Ouest","s":"25N-H59NV10A-80-A"},{"r":"29","t":"22:52:00","h":"Ouest","s":"25N-H59VN20A-80-A"},{"r":"29","t":"22:52:00","h":"Ouest","s":"25S-H59S000A-81-A"},{"r":"29","t":"22:54:00","h":"Ouest","s":"25N-H59N000S-80-S"},{"r":"29","t":"22:54:00","h":"Ouest","s":"25N-H59NV10S-84-S"},{"r":"29","t":"22:54:00","h":"Ouest","s":"25N-H59NV20S-80-S"},{"r":"29","t":"22:54:00","h":"Ouest","s":"25S-H59S000S-81-S"},{"r":"29","t":"22:56:00","h":"Ouest","s":"25N-H59N000I-80-I"},{"r":"29","t":"22:56:00","h":"Ouest","s":"25N-H59N100F-80-F1"},{"r":"29","t":"22:56:00","h":"Ouest","s":"25N-H59N200F-81-F2"},{"r":"29","t":"22:56:00","h":"Ouest","s":"25N-H59N300F-80-F3"},{"r":"29","t":"22:56:00","h":"Ouest","s":"25N-H59N400F-80-F4"},{"r":"29","t":"22:56:00","h":"Ouest","s":"25N-H59NV10I-80-I"},{"r":"29","t":"22:56:00","h":"Ouest","s":"25N-H59NV20I-80-I"},{"r":"29","t":"22:56:00","h":"Ouest","s":"25S-H59S000I-81-I"},{"r":"29","t":"22:56:00","h":"Ouest","s":"25S-H59S100F-81-F1"},{"r":"29","t":"22:56:00","h":"Ouest","s":"25S-H59S200F-81-F2"},{"r":"29","t":"23:56:00","h":"Ouest","s":"25N-H59N000I-80-I"},{"r":"29","t":"23:56:00","h":"Ouest","s":"25N-H59N100F-80-F1"},{"r":"29","t":"23:56:00","h":"Ouest","s":"25N-H59N200F-81-F2"},{"r":"29","t":"23:56:00","h":"Ouest","s":"25N-H59N300F-80-F3"},{"r":"29","t":"23:56:00","h":"Ouest","s":"25N-H59N400F-80-F4"},{"r":"29","t":"23:56:00","h":"Ouest","s":"25N-H59NV10I-80-I"},{"r":"29","t":"23:56:00","h":"Ouest","s":"25N-H59NV20I-80-I"},{"r":"29","t":"23:56:00","h":"Ouest","s":"25S-H59S000I-81-I"},{"r":"29","t":"23:56:00","h":"Ouest","s":"25S-H59S100F-81-F1"},{"r":"29","t":"23:56:00","h":"Ouest","s":"25S-H59S200F-81-F2"},{"r":"29","t":"23:57:00","h":"Ouest","s":"25N-H59N000A-80-A"},{"r":"29","t":"23:57:00","h":"Ouest","s":"25N-H59NV10A-80-A"},{"r":"29","t":"23:57:00","h":"Ouest","s":"25N-H59VN20A-80-A"},{"r":"29","t":"23:57:00","h":"Ouest","s":"25S-H59S000A-81-A"},{"r":"29","t":"23:58:00","h":"Ouest","s":"25N-H59N000S-80-S"},{"r":"29","t":"23:58:00","h":"Ouest","s":"25N-H59NV10S-84-S"},{"r":"29","t":"23:58:00","h":"Ouest","s":"25N-H59NV20S-80-S"},{"r":"29","t":"23:58:00","h":"Ouest","s":"25S-H59S000S-81-S"},{"r":"29","t":"24:56:00","h":"Ouest","s":"25N-H59N000S-80-S"},{"r":"29","t":"24:56:00","h":"Ouest","s":"25N-H59NV10S-84-S"},{"r":"29","t":"24:56:00","h":"Ouest","s":"25N-H59NV20S-80-S"},{"r":"29","t":"24:56:00","h":"Ouest","s":"25S-H59S000S-81-S"}]