[{"r":"97","t":"05:14:04","h":"Ouest","s":"25N-H57N000I-80-I"},{"r":"97","t":"05:14:04","h":"Ouest","s":"25N-H57N100F-80-F1"},{"r":"97","t":"05:14:04","h":"Ouest","s":"25N-H57N200F-80-F2"},{"r":"97","t":"05:14:04","h":"Ouest","s":"25N-H57N300F-80-F3"},{"r":"97","t":"05:14:04","h":"Ouest","s":"25N-H57N400F-80-F4"},{"r":"97","t":"05:14:04","h":"Ouest","s":"25N-H57NV10I-80-I"},{"r":"97","t":"05:14:04","h":"Ouest","s":"25N-H57NV20I-80-I"},{"r":"97","t":"05:14:04","h":"Ouest","s":"25S-H57S000I-80-I"},{"r":"97","t":"05:14:04","h":"Ouest","s":"25S-H57S100F-80-F1"},{"r":"97","t":"05:14:04","h":"Ouest","s":"25S-H57S200F-80-F2"},{"r":"97","t":"05:31:04","h":"Ouest","s":"25N-H57N000A-80-A"},{"r":"97","t":"05:31:04","h":"Ouest","s":"25N-H57NV10A-80-A"},{"r":"97","t":"05:31:04","h":"Ouest","s":"25N-H57NV20A-80-A"},{"r":"97","t":"05:31:04","h":"Ouest","s":"25S-H57S000A-80-A"},{"r":"97","t":"05:32:04","h":"Ouest","s":"25N-H57N000S-80-S"},{"r":"97","t":"05:32:04","h":"Ouest","s":"25N-H57NV10S-84-S"},{"r":"97","t":"05:32:04","h":"Ouest","s":"25N-H57NV20S-80-S"},{"r":"97","t":"05:32:04","h":"Ouest","s":"25S-H57S000S-82-S"},{"r":"97","t":"05:46:04","h":"Ouest","s":"25N-H57N000I-80-I"},{"r":"97","t":"05:46:04","h":"Ouest","s":"25N-H57N100F-80-F1"},{"r":"97","t":"05:46:04","h":"Ouest","s":"25N-H57N200F-80-F2"},{"r":"97","t":"05:46:04","h":"Ouest","s":"25N-H57N300F-80-F3"},{"r":"97","t":"05:46:04","h":"Ouest","s":"25N-H57N400F-80-F4"},{"r":"97","t":"05:46:04","h":"Ouest","s":"25N-H57NV10I-80-I"},{"r":"97","t":"05:46:04","h":"Ouest","s":"25N-H57NV20I-80-I"},{"r":"97","t":"05:46:04","h":"Ouest","s":"25S-H57S000I-80-I"},{"r":"97","t":"05:46:04","h":"Ouest","s":"25S-H57S100F-80-F1"},{"r":"97","t":"05:46:04","h":"Ouest","s":"25S-H57S200F-80-F2"},{"r":"97","t":"05:55:04","h":"Ouest","s":"25N-H57N000A-80-A"},{"r":"97","t":"05:55:04","h":"Ouest","s":"25N-H57NV10A-80-A"},{"r":"97","t":"05:55:04","h":"Ouest","s":"25N-H57NV20A-80-A"},{"r":"97","t":"05:55:04","h":"Ouest","s":"25S-H57S000A-80-A"},{"r":"97","t":"06:04:04","h":"Ouest","s":"25N-H57N000S-80-S"},{"r":"97","t":"06:04:04","h":"Ouest","s":"25N-H57NV10S-84-S"},{"r":"97","t":"06:04:04","h":"Ouest","s":"25N-H57NV20S-80-S"},{"r":"97","t":"06:04:04","h":"Ouest","s":"25S-H57S000S-82-S"},{"r":"97","t":"06:19:04","h":"Ouest","s":"25N-H57N000I-80-I"},{"r":"97","t":"06:19:04","h":"Ouest","s":"25N-H57N100F-80-F1"},{"r":"97","t":"06:19:04","h":"Ouest","s":"25N-H57N200F-80-F2"},{"r":"97","t":"06:19:04","h":"Ouest","s":"25N-H57N300F-80-F3"},{"r":"97","t":"06:19:04","h":"Ouest","s":"25N-H57N400F-80-F4"},{"r":"97","t":"06:19:04","h":"Ouest","s":"25N-H57NV10I-80-I"},{"r":"97","t":"06:19:04","h":"Ouest","s":"25N-H57NV20I-80-I"},{"r":"97","t":"06:19:04","h":"Ouest","s":"25S-H57S000I-80-I"},{"r":"97","t":"06:19:04","h":"Ouest","s":"25S-H57S100F-80-F1"},{"r":"97","t":"06:19:04","h":"Ouest","s":"25S-H57S200F-80-F2"},{"r":"97","t":"06:20:04","h":"Ouest","s":"25N-H57N000A-80-A"},{"r":"97","t":"06:20:04","h":"Ouest","s":"25N-H57NV10A-80-A"},{"r":"97","t":"06:20:04","h":"Ouest","s":"25N-H57NV20A-80-A"},{"r":"97","t":"06:20:04","h":"Ouest","s":"25S-H57S000A-80-A"},{"r":"97","t":"06:30:04","h":"Ouest","s":"25N-H57N000S-80-S"},{"r":"97","t":"06:30:04","h":"Ouest","s":"25N-H57NV10S-84-S"},{"r":"97","t":"06:30:04","h":"Ouest","s":"25N-H57NV20S-80-S"},{"r":"97","t":"06:30:04","h":"Ouest","s":"25S-H57S000S-82-S"},{"r":"97","t":"06:49:04","h":"Ouest","s":"25N-H57N000A-80-A"},{"r":"97","t":"06:49:04","h":"Ouest","s":"25N-H57NV10A-80-A"},{"r":"97","t":"06:49:04","h":"Ouest","s":"25N-H57NV20A-80-A"},{"r":"97","t":"06:49:04","h":"Ouest","s":"25S-H57S000A-80-A"},{"r":"97","t":"06:51:04","h":"Ouest","s":"25N-H57N000I-80-I"},{"r":"97","t":"06:51:04","h":"Ouest","s":"25N-H57N000S-80-S"},{"r":"97","t":"06:51:04","h":"Ouest","s":"25N-H57N100F-80-F1"},{"r":"97","t":"06:51:04","h":"Ouest","s":"25N-H57N200F-80-F2"},{"r":"97","t":"06:51:04","h":"Ouest","s":"25N-H57N300F-80-F3"},{"r":"97","t":"06:51:04","h":"Ouest","s":"25N-H57N400F-80-F4"},{"r":"97","t":"06:51:04","h":"Ouest","s":"25N-H57NV10I-80-I"},{"r":"97","t":"06:51:04","h":"Ouest","s":"25N-H57NV10S-84-S"},{"r":"97","t":"06:51:04","h":"Ouest","s":"25N-H57NV20I-80-I"},{"r":"97","t":"06:51:04","h":"Ouest","s":"25N-H57NV20S-80-S"},{"r":"97","t":"06:51:04","h":"Ouest","s":"25S-H57S000I-80-I"},{"r":"97","t":"06:51:04","h":"Ouest","s":"25S-H57S000S-82-S"},{"r":"97","t":"06:51:04","h":"Ouest","s":"25S-H57S100F-80-F1"},{"r":"97","t":"06:51:04","h":"Ouest","s":"25S-H57S200F-80-F2"},{"r":"97","t":"07:02:04","h":"Ouest","s":"25N-H57N000S-80-S"},{"r":"97","t":"07:02:04","h":"Ouest","s":"25N-H57NV10S-84-S"},{"r":"97","t":"07:02:04","h":"Ouest","s":"25N-H57NV20S-80-S"},{"r":"97","t":"07:02:04","h":"Ouest","s":"25S-H57S000S-82-S"},{"r":"97","t":"07:11:04","h":"Ouest","s":"25N-H57N000S-80-S"},{"r":"97","t":"07:11:04","h":"Ouest","s":"25N-H57NV10S-84-S"},{"r":"97","t":"07:11:04","h":"Ouest","s":"25N-H57NV20S-80-S"},{"r":"97","t":"07:11:04","h":"Ouest","s":"25S-H57S000S-82-S"},{"r":"97","t":"07:18:04","h":"Ouest","s":"25N-H57N000A-80-A"},{"r":"97","t":"07:18:04","h":"Ouest","s":"25N-H57NV10A-80-A"},{"r":"97","t":"07:18:04","h":"Ouest","s":"25N-H57NV20A-80-A"},{"r":"97","t":"07:18:04","h":"Ouest","s":"25S-H57S000A-80-A"},{"r":"97","t":"07:22:04","h":"Ouest","s":"25N-H57N000I-80-I"},{"r":"97","t":"07:22:04","h":"Ouest","s":"25N-H57N000S-80-S"},{"r":"97","t":"07:22:04","h":"Ouest","s":"25N-H57N100F-80-F1"},{"r":"97","t":"07:22:04","h":"Ouest","s":"25N-H57N200F-80-F2"},{"r":"97","t":"07:22:04","h":"Ouest","s":"25N-H57N300F-80-F3"},{"r":"97","t":"07:22:04","h":"Ouest","s":"25N-H57N400F-80-F4"},{"r":"97","t":"07:22:04","h":"Ouest","s":"25N-H57NV10I-80-I"},{"r":"97","t":"07:22:04","h":"Ouest","s":"25N-H57NV10S-84-S"},{"r":"97","t":"07:22:04","h":"Ouest","s":"25N-H57NV20I-80-I"},{"r":"97","t":"07:22:04","h":"Ouest","s":"25N-H57NV20S-80-S"},{"r":"97","t":"07:22:04","h":"Ouest","s":"25S-H57S000I-80-I"},{"r":"97","t":"07:22:04","h":"Ouest","s":"25S-H57S000S-82-S"},{"r":"97","t":"07:22:04","h":"Ouest","s":"25S-H57S100F-80-F1"},{"r":"97","t":"07:22:04","h":"Ouest","s":"25S-H57S200F-80-F2"},{"r":"97","t":"07:33:37","h":"Ouest","s":"25N-H57N000S-80-S"},{"r":"97","t":"07:33:37","h":"Ouest","s":"25N-H57NV10S-84-S"},{"r":"97","t":"07:33:37","h":"Ouest","s":"25N-H57NV20S-80-S"},{"r":"97","t":"07:33:37","h":"Ouest","s":"25S-H57S000S-82-S"},{"r":"97","t":"07:37:37","h":"Ouest","s":"25N-H57N000S-80-S"},{"r":"97","t":"07:37:37","h":"Ouest","s":"25N-H57NV10S-84-S"},{"r":"97","t":"07:37:37","h":"Ouest","s":"25N-H57NV20S-80-S"},{"r":"97","t":"07:37:37","h":"Ouest","s":"25S-H57S000S-82-S"},{"r":"97","t":"07:39:37","h":"Ouest","s":"25N-H57N000S-80-S"},{"r":"97","t":"07:39:37","h":"Ouest","s":"25N-H57NV10S-84-S"},{"r":"97","t":"07:39:37","h":"Ouest","s":"25N-H57NV20S-80-S"},{"r":"97","t":"07:39:37","h":"Ouest","s":"25S-H57S000S-82-S"},{"r":"97","t":"07:41:37","h":"Ouest","s":"25N-H57N000S-80-S"},{"r":"97","t":"07:41:37","h":"Ouest","s":"25N-H57NV10S-84-S"},{"r":"97","t":"07:41:37","h":"Ouest","s":"25N-H57NV20S-80-S"},{"r":"97","t":"07:41:37","h":"Ouest","s":"25S-H57S000S-82-S"},{"r":"97","t":"07:48:37","h":"Ouest","s":"25N-H57N000S-80-S"},{"r":"97","t":"07:48:37","h":"Ouest","s":"25N-H57NV10S-84-S"},{"r":"97","t":"07:48:37","h":"Ouest","s":"25N-H57NV20S-80-S"},{"r":"97","t":"07:48:37","h":"Ouest","s":"25S-H57S000S-82-S"},{"r":"97","t":"07:50:04","h":"Ouest","s":"25N-H57N000A-80-A"},{"r":"97","t":"07:50:04","h":"Ouest","s":"25N-H57NV10A-80-A"},{"r":"97","t":"07:50:04","h":"Ouest","s":"25N-H57NV20A-80-A"},{"r":"97","t":"07:50:04","h":"Ouest","s":"25S-H57S000A-80-A"},{"r":"97","t":"07:53:04","h":"Ouest","s":"25N-H57N000I-80-I"},{"r":"97","t":"07:53:04","h":"Ouest","s":"25N-H57N100F-80-F1"},{"r":"97","t":"07:53:04","h":"Ouest","s":"25N-H57N200F-80-F2"},{"r":"97","t":"07:53:04","h":"Ouest","s":"25N-H57N300F-80-F3"},{"r":"97","t":"07:53:04","h":"Ouest","s":"25N-H57N400F-80-F4"},{"r":"97","t":"07:53:04","h":"Ouest","s":"25N-H57NV10I-80-I"},{"r":"97","t":"07:53:04","h":"Ouest","s":"25N-H57NV20I-80-I"},{"r":"97","t":"07:53:04","h":"Ouest","s":"25S-H57S000I-80-I"},{"r":"97","t":"07:53:04","h":"Ouest","s":"25S-H57S100F-80-F1"},{"r":"97","t":"07:53:04","h":"Ouest","s":"25S-H57S200F-80-F2"},{"r":"97","t":"08:01:37","h":"Ouest","s":"25N-H57N000S-80-S"},{"r":"97","t":"08:01:37","h":"Ouest","s":"25N-H57NV10S-84-S"},{"r":"97","t":"08:01:37","h":"Ouest","s":"25N-H57NV20S-80-S"},{"r":"97","t":"08:01:37","h":"Ouest","s":"25S-H57S000S-82-S"},{"r":"97","t":"08:06:37","h":"Ouest","s":"25N-H57N000S-80-S"},{"r":"97","t":"08:06:37","h":"Ouest","s":"25N-H57NV10S-84-S"},{"r":"97","t":"08:06:37","h":"Ouest","s":"25N-H57NV20S-80-S"},{"r":"97","t":"08:06:37","h":"Ouest","s":"25S-H57S000S-82-S"},{"r":"97","t":"08:12:37","h":"Ouest","s":"25N-H57N000S-80-S"},{"r":"97","t":"08:12:37","h":"Ouest","s":"25N-H57NV10S-84-S"},{"r":"97","t":"08:12:37","h":"Ouest","s":"25N-H57NV20S-80-S"},{"r":"97","t":"08:12:37","h":"Ouest","s":"25S-H57S000S-82-S"},{"r":"97","t":"08:17:09","h":"Ouest","s":"25N-H57N000S-80-S"},{"r":"97","t":"08:17:09","h":"Ouest","s":"25N-H57NV10S-84-S"},{"r":"97","t":"08:17:09","h":"Ouest","s":"25N-H57NV20S-80-S"},{"r":"97","t":"08:17:09","h":"Ouest","s":"25S-H57S000S-82-S"},{"r":"97","t":"08:20:04","h":"Ouest","s":"25N-H57N000A-80-A"},{"r":"97","t":"08:20:04","h":"Ouest","s":"25N-H57NV10A-80-A"},{"r":"97","t":"08:20:04","h":"Ouest","s":"25N-H57NV20A-80-A"},{"r":"97","t":"08:20:04","h":"Ouest","s":"25S-H57S000A-80-A"},{"r":"97","t":"08:21:09","h":"Ouest","s":"25N-H57N000S-80-S"},{"r":"97","t":"08:21:09","h":"Ouest","s":"25N-H57NV10S-84-S"},{"r":"97","t":"08:21:09","h":"Ouest","s":"25N-H57NV20S-80-S"},{"r":"97","t":"08:21:09","h":"Ouest","s":"25S-H57S000S-82-S"},{"r":"97","t":"08:23:04","h":"Ouest","s":"25N-H57N000I-80-I"},{"r":"97","t":"08:23:04","h":"Ouest","s":"25N-H57N100F-80-F1"},{"r":"97","t":"08:23:04","h":"Ouest","s":"25N-H57N200F-80-F2"},{"r":"97","t":"08:23:04","h":"Ouest","s":"25N-H57N300F-80-F3"},{"r":"97","t":"08:23:04","h":"Ouest","s":"25N-H57N400F-80-F4"},{"r":"97","t":"08:23:04","h":"Ouest","s":"25N-H57NV10I-80-I"},{"r":"97","t":"08:23:04","h":"Ouest","s":"25N-H57NV20I-80-I"},{"r":"97","t":"08:23:04","h":"Ouest","s":"25S-H57S000I-80-I"},{"r":"97","t":"08:23:04","h":"Ouest","s":"25S-H57S100F-80-F1"},{"r":"97","t":"08:23:04","h":"Ouest","s":"25S-H57S200F-80-F2"},{"r":"97","t":"08:24:09","h":"Ouest","s":"25N-H57N000S-80-S"},{"r":"97","t":"08:24:09","h":"Ouest","s":"25N-H57NV10S-84-S"},{"r":"97","t":"08:24:09","h":"Ouest","s":"25N-H57NV20S-80-S"},{"r":"97","t":"08:24:09","h":"Ouest","s":"25S-H57S000S-82-S"},{"r":"97","t":"08:34:09","h":"Ouest","s":"25N-H57N000S-80-S"},{"r":"97","t":"08:34:09","h":"Ouest","s":"25N-H57NV10S-84-S"},{"r":"97","t":"08:34:09","h":"Ouest","s":"25N-H57NV20S-80-S"},{"r":"97","t":"08:34:09","h":"Ouest","s":"25S-H57S000S-82-S"},{"r":"97","t":"08:38:09","h":"Ouest","s":"25N-H57N000S-80-S"},{"r":"97","t":"08:38:09","h":"Ouest","s":"25N-H57NV10S-84-S"},{"r":"97","t":"08:38:09","h":"Ouest","s":"25N-H57NV20S-80-S"},{"r":"97","t":"08:38:09","h":"Ouest","s":"25S-H57S000S-82-S"},{"r":"97","t":"08:50:04","h":"Ouest","s":"25N-H57N000A-80-A"},{"r":"97","t":"08:50:04","h":"Ouest","s":"25N-H57NV10A-80-A"},{"r":"97","t":"08:50:04","h":"Ouest","s":"25N-H57NV20A-80-A"},{"r":"97","t":"08:50:04","h":"Ouest","s":"25S-H57S000A-80-A"},{"r":"97","t":"08:50:09","h":"Ouest","s":"25N-H57N000S-80-S"},{"r":"97","t":"08:50:09","h":"Ouest","s":"25N-H57NV10S-84-S"},{"r":"97","t":"08:50:09","h":"Ouest","s":"25N-H57NV20S-80-S"},{"r":"97","t":"08:50:09","h":"Ouest","s":"25S-H57S000S-82-S"},{"r":"97","t":"08:53:04","h":"Ouest","s":"25N-H57N000I-80-I"},{"r":"97","t":"08:53:04","h":"Ouest","s":"25N-H57N100F-80-F1"},{"r":"97","t":"08:53:04","h":"Ouest","s":"25N-H57N200F-80-F2"},{"r":"97","t":"08:53:04","h":"Ouest","s":"25N-H57N300F-80-F3"},{"r":"97","t":"08:53:04","h":"Ouest","s":"25N-H57N400F-80-F4"},{"r":"97","t":"08:53:04","h":"Ouest","s":"25N-H57NV10I-80-I"},{"r":"97","t":"08:53:04","h":"Ouest","s":"25N-H57NV20I-80-I"},{"r":"97","t":"08:53:04","h":"Ouest","s":"25S-H57S000I-80-I"},{"r":"97","t":"08:53:04","h":"Ouest","s":"25S-H57S100F-80-F1"},{"r":"97","t":"08:53:04","h":"Ouest","s":"25S-H57S200F-80-F2"},{"r":"97","t":"09:00:09","h":"Ouest","s":"25N-H57N000S-80-S"},{"r":"97","t":"09:00:09","h":"Ouest","s":"25N-H57NV10S-84-S"},{"r":"97","t":"09:00:09","h":"Ouest","s":"25N-H57NV20S-80-S"},{"r":"97","t":"09:00:09","h":"Ouest","s":"25S-H57S000S-82-S"},{"r":"97","t":"09:11:09","h":"Ouest","s":"25N-H57N000S-80-S"},{"r":"97","t":"09:11:09","h":"Ouest","s":"25N-H57NV10S-84-S"},{"r":"97","t":"09:11:09","h":"Ouest","s":"25N-H57NV20S-80-S"},{"r":"97","t":"09:11:09","h":"Ouest","s":"25S-H57S000S-82-S"},{"r":"97","t":"09:20:04","h":"Ouest","s":"25N-H57N000A-80-A"},{"r":"97","t":"09:20:04","h":"Ouest","s":"25N-H57NV10A-80-A"},{"r":"97","t":"09:20:04","h":"Ouest","s":"25N-H57NV20A-80-A"},{"r":"97","t":"09:20:04","h":"Ouest","s":"25S-H57S000A-80-A"},{"r":"97","t":"09:22:04","h":"Ouest","s":"25N-H57N000I-80-I"},{"r":"97","t":"09:22:04","h":"Ouest","s":"25N-H57N100F-80-F1"},{"r":"97","t":"09:22:04","h":"Ouest","s":"25N-H57N200F-80-F2"},{"r":"97","t":"09:22:04","h":"Ouest","s":"25N-H57N300F-80-F3"},{"r":"97","t":"09:22:04","h":"Ouest","s":"25N-H57N400F-80-F4"},{"r":"97","t":"09:22:04","h":"Ouest","s":"25N-H57NV10I-80-I"},{"r":"97","t":"09:22:04","h":"Ouest","s":"25N-H57NV20I-80-I"},{"r":"97","t":"09:22:04","h":"Ouest","s":"25S-H57S000I-80-I"},{"r":"97","t":"09:22:04","h":"Ouest","s":"25S-H57S100F-80-F1"},{"r":"97","t":"09:22:04","h":"Ouest","s":"25S-H57S200F-80-F2"},{"r":"97","t":"09:23:09","h":"Ouest","s":"25N-H57N000S-80-S"},{"r":"97","t":"09:23:09","h":"Ouest","s":"25N-H57NV10S-84-S"},{"r":"97","t":"09:23:09","h":"Ouest","s":"25N-H57NV20S-80-S"},{"r":"97","t":"09:23:09","h":"Ouest","s":"25S-H57S000S-82-S"},{"r":"97","t":"09:35:09","h":"Ouest","s":"25N-H57N000S-80-S"},{"r":"97","t":"09:35:09","h":"Ouest","s":"25N-H57NV10S-84-S"},{"r":"97","t":"09:35:09","h":"Ouest","s":"25N-H57NV20S-80-S"},{"r":"97","t":"09:35:09","h":"Ouest","s":"25S-H57S000S-82-S"},{"r":"97","t":"09:46:37","h":"Ouest","s":"25N-H54N000S-80-S"},{"r":"97","t":"09:46:37","h":"Ouest","s":"25N-H54NV10S-82-S"},{"r":"97","t":"09:46:37","h":"Ouest","s":"25N-H54NV20S-80-S"},{"r":"97","t":"09:46:37","h":"Ouest","s":"25S-H54S000S-82-S"},{"r":"97","t":"09:50:04","h":"Ouest","s":"25N-H57N000A-80-A"},{"r":"97","t":"09:50:04","h":"Ouest","s":"25N-H57NV10A-80-A"},{"r":"97","t":"09:50:04","h":"Ouest","s":"25N-H57NV20A-80-A"},{"r":"97","t":"09:50:04","h":"Ouest","s":"25S-H57S000A-80-A"},{"r":"97","t":"09:51:04","h":"Ouest","s":"25N-H57N000I-80-I"},{"r":"97","t":"09:51:04","h":"Ouest","s":"25N-H57N100F-80-F1"},{"r":"97","t":"09:51:04","h":"Ouest","s":"25N-H57N200F-80-F2"},{"r":"97","t":"09:51:04","h":"Ouest","s":"25N-H57N300F-80-F3"},{"r":"97","t":"09:51:04","h":"Ouest","s":"25N-H57N400F-80-F4"},{"r":"97","t":"09:51:04","h":"Ouest","s":"25N-H57NV10I-80-I"},{"r":"97","t":"09:51:04","h":"Ouest","s":"25N-H57NV20I-80-I"},{"r":"97","t":"09:51:04","h":"Ouest","s":"25S-H57S000I-80-I"},{"r":"97","t":"09:51:04","h":"Ouest","s":"25S-H57S100F-80-F1"},{"r":"97","t":"09:51:04","h":"Ouest","s":"25S-H57S200F-80-F2"},{"r":"97","t":"10:01:37","h":"Ouest","s":"25N-H57N000S-80-S"},{"r":"97","t":"10:01:37","h":"Ouest","s":"25N-H57NV10S-84-S"},{"r":"97","t":"10:01:37","h":"Ouest","s":"25N-H57NV20S-80-S"},{"r":"97","t":"10:01:37","h":"Ouest","s":"25S-H57S000S-82-S"},{"r":"97","t":"10:12:04","h":"Ouest","s":"25N-H57N000A-80-A"},{"r":"97","t":"10:12:04","h":"Ouest","s":"25N-H57NV10A-80-A"},{"r":"97","t":"10:12:04","h":"Ouest","s":"25N-H57NV20A-80-A"},{"r":"97","t":"10:12:04","h":"Ouest","s":"25S-H57S000A-80-A"},{"r":"97","t":"10:18:37","h":"Ouest","s":"25N-H57N000S-80-S"},{"r":"97","t":"10:18:37","h":"Ouest","s":"25N-H57NV10S-84-S"},{"r":"97","t":"10:18:37","h":"Ouest","s":"25N-H57NV20S-80-S"},{"r":"97","t":"10:18:37","h":"Ouest","s":"25S-H57S000S-82-S"},{"r":"97","t":"10:23:04","h":"Ouest","s":"25N-H57N000I-80-I"},{"r":"97","t":"10:23:04","h":"Ouest","s":"25N-H57N100F-80-F1"},{"r":"97","t":"10:23:04","h":"Ouest","s":"25N-H57N200F-80-F2"},{"r":"97","t":"10:23:04","h":"Ouest","s":"25N-H57N300F-80-F3"},{"r":"97","t":"10:23:04","h":"Ouest","s":"25N-H57N400F-80-F4"},{"r":"97","t":"10:23:04","h":"Ouest","s":"25N-H57NV10I-80-I"},{"r":"97","t":"10:23:04","h":"Ouest","s":"25N-H57NV20I-80-I"},{"r":"97","t":"10:23:04","h":"Ouest","s":"25S-H57S000I-80-I"},{"r":"97","t":"10:23:04","h":"Ouest","s":"25S-H57S100F-80-F1"},{"r":"97","t":"10:23:04","h":"Ouest","s":"25S-H57S200F-80-F2"},{"r":"97","t":"10:33:37","h":"Ouest","s":"25N-H57N000A-80-A"},{"r":"97","t":"10:33:37","h":"Ouest","s":"25N-H57NV10A-80-A"},{"r":"97","t":"10:33:37","h":"Ouest","s":"25N-H57NV20A-80-A"},{"r":"97","t":"10:33:37","h":"Ouest","s":"25S-H57S000A-80-A"},{"r":"97","t":"10:39:37","h":"Ouest","s":"25N-H57N000S-80-S"},{"r":"97","t":"10:39:37","h":"Ouest","s":"25N-H57NV10S-84-S"},{"r":"97","t":"10:39:37","h":"Ouest","s":"25N-H57NV20S-80-S"},{"r":"97","t":"10:39:37","h":"Ouest","s":"25S-H57S000S-82-S"},{"r":"97","t":"10:54:04","h":"Ouest","s":"25N-H57N000I-80-I"},{"r":"97","t":"10:54:04","h":"Ouest","s":"25N-H57N100F-80-F1"},{"r":"97","t":"10:54:04","h":"Ouest","s":"25N-H57N200F-80-F2"},{"r":"97","t":"10:54:04","h":"Ouest","s":"25N-H57N300F-80-F3"},{"r":"97","t":"10:54:04","h":"Ouest","s":"25N-H57N400F-80-F4"},{"r":"97","t":"10:54:04","h":"Ouest","s":"25N-H57NV10I-80-I"},{"r":"97","t":"10:54:04","h":"Ouest","s":"25N-H57NV20I-80-I"},{"r":"97","t":"10:54:04","h":"Ouest","s":"25S-H57S000I-80-I"},{"r":"97","t":"10:54:04","h":"Ouest","s":"25S-H57S100F-80-F1"},{"r":"97","t":"10:54:04","h":"Ouest","s":"25S-H57S200F-80-F2"},{"r":"97","t":"10:56:37","h":"Ouest","s":"25N-H57N000A-80-A"},{"r":"97","t":"10:56:37","h":"Ouest","s":"25N-H57NV10A-80-A"},{"r":"97","t":"10:56:37","h":"Ouest","s":"25N-H57NV20A-80-A"},{"r":"97","t":"10:56:37","h":"Ouest","s":"25S-H57S000A-80-A"},{"r":"97","t":"11:03:37","h":"Ouest","s":"25N-H57N000S-80-S"},{"r":"97","t":"11:03:37","h":"Ouest","s":"25N-H57NV10S-84-S"},{"r":"97","t":"11:03:37","h":"Ouest","s":"25N-H57NV20S-80-S"},{"r":"97","t":"11:03:37","h":"Ouest","s":"25S-H57S000S-82-S"},{"r":"97","t":"11:18:37","h":"Ouest","s":"25N-H57N000A-80-A"},{"r":"97","t":"11:18:37","h":"Ouest","s":"25N-H57NV10A-80-A"},{"r":"97","t":"11:18:37","h":"Ouest","s":"25N-H57NV20A-80-A"},{"r":"97","t":"11:18:37","h":"Ouest","s":"25S-H57S000A-80-A"},{"r":"97","t":"11:24:04","h":"Ouest","s":"25N-H57N000I-80-I"},{"r":"97","t":"11:24:04","h":"Ouest","s":"25N-H57N100F-80-F1"},{"r":"97","t":"11:24:04","h":"Ouest","s":"25N-H57N200F-80-F2"},{"r":"97","t":"11:24:04","h":"Ouest","s":"25N-H57N300F-80-F3"},{"r":"97","t":"11:24:04","h":"Ouest","s":"25N-H57N400F-80-F4"},{"r":"97","t":"11:24:04","h":"Ouest","s":"25N-H57NV10I-80-I"},{"r":"97","t":"11:24:04","h":"Ouest","s":"25N-H57NV20I-80-I"},{"r":"97","t":"11:24:04","h":"Ouest","s":"25S-H57S000I-80-I"},{"r":"97","t":"11:24:04","h":"Ouest","s":"25S-H57S100F-80-F1"},{"r":"97","t":"11:24:04","h":"Ouest","s":"25S-H57S200F-80-F2"},{"r":"97","t":"11:25:37","h":"Ouest","s":"25N-H57N000S-80-S"},{"r":"97","t":"11:25:37","h":"Ouest","s":"25N-H57NV10S-84-S"},{"r":"97","t":"11:25:37","h":"Ouest","s":"25N-H57NV20S-80-S"},{"r":"97","t":"11:25:37","h":"Ouest","s":"25S-H57S000S-82-S"},{"r":"97","t":"11:40:37","h":"Ouest","s":"25N-H57N000A-80-A"},{"r":"97","t":"11:40:37","h":"Ouest","s":"25N-H57NV10A-80-A"},{"r":"97","t":"11:40:37","h":"Ouest","s":"25N-H57NV20A-80-A"},{"r":"97","t":"11:40:37","h":"Ouest","s":"25S-H57S000A-80-A"},{"r":"97","t":"11:47:37","h":"Ouest","s":"25N-H57N000S-80-S"},{"r":"97","t":"11:47:37","h":"Ouest","s":"25N-H57NV10S-84-S"},{"r":"97","t":"11:47:37","h":"Ouest","s":"25N-H57NV20S-80-S"},{"r":"97","t":"11:47:37","h":"Ouest","s":"25S-H57S000S-82-S"},{"r":"97","t":"11:48:04","h":"Ouest","s":"25N-H57N000I-80-I"},{"r":"97","t":"11:48:04","h":"Ouest","s":"25N-H57N100F-80-F1"},{"r":"97","t":"11:48:04","h":"Ouest","s":"25N-H57N200F-80-F2"},{"r":"97","t":"11:48:04","h":"Ouest","s":"25N-H57N300F-80-F3"},{"r":"97","t":"11:48:04","h":"Ouest","s":"25N-H57N400F-80-F4"},{"r":"97","t":"11:48:04","h":"Ouest","s":"25N-H57NV10I-80-I"},{"r":"97","t":"11:48:04","h":"Ouest","s":"25N-H57NV20I-80-I"},{"r":"97","t":"11:48:04","h":"Ouest","s":"25S-H57S000I-80-I"},{"r":"97","t":"11:48:04","h":"Ouest","s":"25S-H57S100F-80-F1"},{"r":"97","t":"11:48:04","h":"Ouest","s":"25S-H57S200F-80-F2"},{"r":"97","t":"12:02:37","h":"Ouest","s":"25N-H57N000A-80-A"},{"r":"97","t":"12:02:37","h":"Ouest","s":"25N-H57NV10A-80-A"},{"r":"97","t":"12:02:37","h":"Ouest","s":"25N-H57NV20A-80-A"},{"r":"97","t":"12:02:37","h":"Ouest","s":"25S-H57S000A-80-A"},{"r":"97","t":"12:09:37","h":"Ouest","s":"25N-H57N000S-80-S"},{"r":"97","t":"12:09:37","h":"Ouest","s":"25N-H57NV10S-84-S"},{"r":"97","t":"12:09:37","h":"Ouest","s":"25N-H57NV20S-80-S"},{"r":"97","t":"12:09:37","h":"Ouest","s":"25S-H57S000S-82-S"},{"r":"97","t":"12:12:04","h":"Ouest","s":"25N-H57N000I-80-I"},{"r":"97","t":"12:12:04","h":"Ouest","s":"25N-H57N100F-80-F1"},{"r":"97","t":"12:12:04","h":"Ouest","s":"25N-H57N200F-80-F2"},{"r":"97","t":"12:12:04","h":"Ouest","s":"25N-H57N300F-80-F3"},{"r":"97","t":"12:12:04","h":"Ouest","s":"25N-H57N400F-80-F4"},{"r":"97","t":"12:12:04","h":"Ouest","s":"25N-H57NV10I-80-I"},{"r":"97","t":"12:12:04","h":"Ouest","s":"25N-H57NV20I-80-I"},{"r":"97","t":"12:12:04","h":"Ouest","s":"25S-H57S000I-80-I"},{"r":"97","t":"12:12:04","h":"Ouest","s":"25S-H57S100F-80-F1"},{"r":"97","t":"12:12:04","h":"Ouest","s":"25S-H57S200F-80-F2"},{"r":"97","t":"12:21:37","h":"Ouest","s":"25N-H57N000A-80-A"},{"r":"97","t":"12:21:37","h":"Ouest","s":"25N-H57NV10A-80-A"},{"r":"97","t":"12:21:37","h":"Ouest","s":"25N-H57NV20A-80-A"},{"r":"97","t":"12:21:37","h":"Ouest","s":"25S-H57S000A-80-A"},{"r":"97","t":"12:32:37","h":"Ouest","s":"25N-H57N000S-80-S"},{"r":"97","t":"12:32:37","h":"Ouest","s":"25N-H57NV10S-84-S"},{"r":"97","t":"12:32:37","h":"Ouest","s":"25N-H57NV20S-80-S"},{"r":"97","t":"12:32:37","h":"Ouest","s":"25S-H57S000S-82-S"},{"r":"97","t":"12:37:04","h":"Ouest","s":"25N-H57N000I-80-I"},{"r":"97","t":"12:37:04","h":"Ouest","s":"25N-H57N100F-80-F1"},{"r":"97","t":"12:37:04","h":"Ouest","s":"25N-H57N200F-80-F2"},{"r":"97","t":"12:37:04","h":"Ouest","s":"25N-H57N300F-80-F3"},{"r":"97","t":"12:37:04","h":"Ouest","s":"25N-H57N400F-80-F4"},{"r":"97","t":"12:37:04","h":"Ouest","s":"25N-H57NV10I-80-I"},{"r":"97","t":"12:37:04","h":"Ouest","s":"25N-H57NV20I-80-I"},{"r":"97","t":"12:37:04","h":"Ouest","s":"25S-H57S000I-80-I"},{"r":"97","t":"12:37:04","h":"Ouest","s":"25S-H57S100F-80-F1"},{"r":"97","t":"12:37:04","h":"Ouest","s":"25S-H57S200F-80-F2"},{"r":"97","t":"12:39:37","h":"Ouest","s":"25N-H57N000A-80-A"},{"r":"97","t":"12:39:37","h":"Ouest","s":"25N-H57NV10A-80-A"},{"r":"97","t":"12:39:37","h":"Ouest","s":"25N-H57NV20A-80-A"},{"r":"97","t":"12:39:37","h":"Ouest","s":"25S-H57S000A-80-A"},{"r":"97","t":"12:55:37","h":"Ouest","s":"25N-H57N000A-80-A"},{"r":"97","t":"12:55:37","h":"Ouest","s":"25N-H57N000S-80-S"},{"r":"97","t":"12:55:37","h":"Ouest","s":"25N-H57NV10A-80-A"},{"r":"97","t":"12:55:37","h":"Ouest","s":"25N-H57NV10S-84-S"},{"r":"97","t":"12:55:37","h":"Ouest","s":"25N-H57NV20A-80-A"},{"r":"97","t":"12:55:37","h":"Ouest","s":"25N-H57NV20S-80-S"},{"r":"97","t":"12:55:37","h":"Ouest","s":"25S-H57S000A-80-A"},{"r":"97","t":"12:55:37","h":"Ouest","s":"25S-H57S000S-82-S"},{"r":"97","t":"13:02:37","h":"Ouest","s":"25N-H57N000I-80-I"},{"r":"97","t":"13:02:37","h":"Ouest","s":"25N-H57N100F-80-F1"},{"r":"97","t":"13:02:37","h":"Ouest","s":"25N-H57N200F-80-F2"},{"r":"97","t":"13:02:37","h":"Ouest","s":"25N-H57N300F-80-F3"},{"r":"97","t":"13:02:37","h":"Ouest","s":"25N-H57N400F-80-F4"},{"r":"97","t":"13:02:37","h":"Ouest","s":"25N-H57NV10I-80-I"},{"r":"97","t":"13:02:37","h":"Ouest","s":"25N-H57NV20I-80-I"},{"r":"97","t":"13:02:37","h":"Ouest","s":"25S-H57S000I-80-I"},{"r":"97","t":"13:02:37","h":"Ouest","s":"25S-H57S100F-80-F1"},{"r":"97","t":"13:02:37","h":"Ouest","s":"25S-H57S200F-80-F2"},{"r":"97","t":"13:11:37","h":"Ouest","s":"25N-H57N000A-80-A"},{"r":"97","t":"13:11:37","h":"Ouest","s":"25N-H57NV10A-80-A"},{"r":"97","t":"13:11:37","h":"Ouest","s":"25N-H57NV20A-80-A"},{"r":"97","t":"13:11:37","h":"Ouest","s":"25S-H57S000A-80-A"},{"r":"97","t":"13:18:37","h":"Ouest","s":"25N-H57N000S-80-S"},{"r":"97","t":"13:18:37","h":"Ouest","s":"25N-H57NV10S-84-S"},{"r":"97","t":"13:18:37","h":"Ouest","s":"25N-H57NV20S-80-S"},{"r":"97","t":"13:18:37","h":"Ouest","s":"25S-H57S000S-82-S"},{"r":"97","t":"13:26:37","h":"Ouest","s":"25N-H57N000I-80-I"},{"r":"97","t":"13:26:37","h":"Ouest","s":"25N-H57N100F-80-F1"},{"r":"97","t":"13:26:37","h":"Ouest","s":"25N-H57N200F-80-F2"},{"r":"97","t":"13:26:37","h":"Ouest","s":"25N-H57N300F-80-F3"},{"r":"97","t":"13:26:37","h":"Ouest","s":"25N-H57N400F-80-F4"},{"r":"97","t":"13:26:37","h":"Ouest","s":"25N-H57NV10I-80-I"},{"r":"97","t":"13:26:37","h":"Ouest","s":"25N-H57NV20I-80-I"},{"r":"97","t":"13:26:37","h":"Ouest","s":"25S-H57S000I-80-I"},{"r":"97","t":"13:26:37","h":"Ouest","s":"25S-H57S100F-80-F1"},{"r":"97","t":"13:26:37","h":"Ouest","s":"25S-H57S200F-80-F2"},{"r":"97","t":"13:28:37","h":"Ouest","s":"25N-H57N000A-80-A"},{"r":"97","t":"13:28:37","h":"Ouest","s":"25N-H57NV10A-80-A"},{"r":"97","t":"13:28:37","h":"Ouest","s":"25N-H57NV20A-80-A"},{"r":"97","t":"13:28:37","h":"Ouest","s":"25S-H57S000A-80-A"},{"r":"97","t":"13:37:37","h":"Ouest","s":"25N-H57N000S-80-S"},{"r":"97","t":"13:37:37","h":"Ouest","s":"25N-H57NV10S-84-S"},{"r":"97","t":"13:37:37","h":"Ouest","s":"25N-H57NV20S-80-S"},{"r":"97","t":"13:37:37","h":"Ouest","s":"25S-H57S000S-82-S"},{"r":"97","t":"13:42:37","h":"Ouest","s":"25N-H57N000A-80-A"},{"r":"97","t":"13:42:37","h":"Ouest","s":"25N-H57NV10A-80-A"},{"r":"97","t":"13:42:37","h":"Ouest","s":"25N-H57NV20A-80-A"},{"r":"97","t":"13:42:37","h":"Ouest","s":"25S-H57S000A-80-A"},{"r":"97","t":"13:43:37","h":"Ouest","s":"25N-H57N000I-80-I"},{"r":"97","t":"13:43:37","h":"Ouest","s":"25N-H57N100F-80-F1"},{"r":"97","t":"13:43:37","h":"Ouest","s":"25N-H57N200F-80-F2"},{"r":"97","t":"13:43:37","h":"Ouest","s":"25N-H57N300F-80-F3"},{"r":"97","t":"13:43:37","h":"Ouest","s":"25N-H57N400F-80-F4"},{"r":"97","t":"13:43:37","h":"Ouest","s":"25N-H57NV10I-80-I"},{"r":"97","t":"13:43:37","h":"Ouest","s":"25N-H57NV20I-80-I"},{"r":"97","t":"13:43:37","h":"Ouest","s":"25S-H57S000I-80-I"},{"r":"97","t":"13:43:37","h":"Ouest","s":"25S-H57S100F-80-F1"},{"r":"97","t":"13:43:37","h":"Ouest","s":"25S-H57S200F-80-F2"},{"r":"97","t":"13:55:37","h":"Ouest","s":"25N-H57N000S-80-S"},{"r":"97","t":"13:55:37","h":"Ouest","s":"25N-H57NV10S-84-S"},{"r":"97","t":"13:55:37","h":"Ouest","s":"25N-H57NV20S-80-S"},{"r":"97","t":"13:55:37","h":"Ouest","s":"25S-H57S000S-82-S"},{"r":"97","t":"13:56:37","h":"Ouest","s":"25N-H57N000A-80-A"},{"r":"97","t":"13:56:37","h":"Ouest","s":"25N-H57NV10A-80-A"},{"r":"97","t":"13:56:37","h":"Ouest","s":"25N-H57NV20A-80-A"},{"r":"97","t":"13:56:37","h":"Ouest","s":"25S-H57S000A-80-A"},{"r":"97","t":"14:00:37","h":"Ouest","s":"25N-H57N000I-80-I"},{"r":"97","t":"14:00:37","h":"Ouest","s":"25N-H57N100F-80-F1"},{"r":"97","t":"14:00:37","h":"Ouest","s":"25N-H57N200F-80-F2"},{"r":"97","t":"14:00:37","h":"Ouest","s":"25N-H57N300F-80-F3"},{"r":"97","t":"14:00:37","h":"Ouest","s":"25N-H57N400F-80-F4"},{"r":"97","t":"14:00:37","h":"Ouest","s":"25N-H57NV10I-80-I"},{"r":"97","t":"14:00:37","h":"Ouest","s":"25N-H57NV20I-80-I"},{"r":"97","t":"14:00:37","h":"Ouest","s":"25S-H57S000I-80-I"},{"r":"97","t":"14:00:37","h":"Ouest","s":"25S-H57S100F-80-F1"},{"r":"97","t":"14:00:37","h":"Ouest","s":"25S-H57S200F-80-F2"},{"r":"97","t":"14:10:37","h":"Ouest","s":"25N-H57N000A-80-A"},{"r":"97","t":"14:10:37","h":"Ouest","s":"25N-H57NV10A-80-A"},{"r":"97","t":"14:10:37","h":"Ouest","s":"25N-H57NV20A-80-A"},{"r":"97","t":"14:10:37","h":"Ouest","s":"25S-H57S000A-80-A"},{"r":"97","t":"14:13:37","h":"Ouest","s":"25N-H57N000S-80-S"},{"r":"97","t":"14:13:37","h":"Ouest","s":"25N-H57NV10S-84-S"},{"r":"97","t":"14:13:37","h":"Ouest","s":"25N-H57NV20S-80-S"},{"r":"97","t":"14:13:37","h":"Ouest","s":"25S-H57S000S-82-S"},{"r":"97","t":"14:17:37","h":"Ouest","s":"25N-H57N000I-80-I"},{"r":"97","t":"14:17:37","h":"Ouest","s":"25N-H57N100F-80-F1"},{"r":"97","t":"14:17:37","h":"Ouest","s":"25N-H57N200F-80-F2"},{"r":"97","t":"14:17:37","h":"Ouest","s":"25N-H57N300F-80-F3"},{"r":"97","t":"14:17:37","h":"Ouest","s":"25N-H57N400F-80-F4"},{"r":"97","t":"14:17:37","h":"Ouest","s":"25N-H57NV10I-80-I"},{"r":"97","t":"14:17:37","h":"Ouest","s":"25N-H57NV20I-80-I"},{"r":"97","t":"14:17:37","h":"Ouest","s":"25S-H57S000I-80-I"},{"r":"97","t":"14:17:37","h":"Ouest","s":"25S-H57S100F-80-F1"},{"r":"97","t":"14:17:37","h":"Ouest","s":"25S-H57S200F-80-F2"},{"r":"97","t":"14:24:37","h":"Ouest","s":"25N-H57N000A-80-A"},{"r":"97","t":"14:24:37","h":"Ouest","s":"25N-H57NV10A-80-A"},{"r":"97","t":"14:24:37","h":"Ouest","s":"25N-H57NV20A-80-A"},{"r":"97","t":"14:24:37","h":"Ouest","s":"25S-H57S000A-80-A"},{"r":"97","t":"14:32:37","h":"Ouest","s":"25N-H57N000S-80-S"},{"r":"97","t":"14:32:37","h":"Ouest","s":"25N-H57NV10S-84-S"},{"r":"97","t":"14:32:37","h":"Ouest","s":"25N-H57NV20S-80-S"},{"r":"97","t":"14:32:37","h":"Ouest","s":"25S-H57S000S-82-S"},{"r":"97","t":"14:34:37","h":"Ouest","s":"25N-H57N000I-80-I"},{"r":"97","t":"14:34:37","h":"Ouest","s":"25N-H57N100F-80-F1"},{"r":"97","t":"14:34:37","h":"Ouest","s":"25N-H57N200F-80-F2"},{"r":"97","t":"14:34:37","h":"Ouest","s":"25N-H57N300F-80-F3"},{"r":"97","t":"14:34:37","h":"Ouest","s":"25N-H57N400F-80-F4"},{"r":"97","t":"14:34:37","h":"Ouest","s":"25N-H57NV10I-80-I"},{"r":"97","t":"14:34:37","h":"Ouest","s":"25N-H57NV20I-80-I"},{"r":"97","t":"14:34:37","h":"Ouest","s":"25S-H57S000I-80-I"},{"r":"97","t":"14:34:37","h":"Ouest","s":"25S-H57S100F-80-F1"},{"r":"97","t":"14:34:37","h":"Ouest","s":"25S-H57S200F-80-F2"},{"r":"97","t":"14:39:37","h":"Ouest","s":"25N-H57N000A-80-A"},{"r":"97","t":"14:39:37","h":"Ouest","s":"25N-H57NV10A-80-A"},{"r":"97","t":"14:39:37","h":"Ouest","s":"25N-H57NV20A-80-A"},{"r":"97","t":"14:39:37","h":"Ouest","s":"25S-H57S000A-80-A"},{"r":"97","t":"14:52:37","h":"Ouest","s":"25N-H57N000I-80-I"},{"r":"97","t":"14:52:37","h":"Ouest","s":"25N-H57N000S-80-S"},{"r":"97","t":"14:52:37","h":"Ouest","s":"25N-H57N100F-80-F1"},{"r":"97","t":"14:52:37","h":"Ouest","s":"25N-H57N200F-80-F2"},{"r":"97","t":"14:52:37","h":"Ouest","s":"25N-H57N300F-80-F3"},{"r":"97","t":"14:52:37","h":"Ouest","s":"25N-H57N400F-80-F4"},{"r":"97","t":"14:52:37","h":"Ouest","s":"25N-H57NV10I-80-I"},{"r":"97","t":"14:52:37","h":"Ouest","s":"25N-H57NV10S-84-S"},{"r":"97","t":"14:52:37","h":"Ouest","s":"25N-H57NV20I-80-I"},{"r":"97","t":"14:52:37","h":"Ouest","s":"25N-H57NV20S-80-S"},{"r":"97","t":"14:52:37","h":"Ouest","s":"25S-H57S000I-80-I"},{"r":"97","t":"14:52:37","h":"Ouest","s":"25S-H57S000S-82-S"},{"r":"97","t":"14:52:37","h":"Ouest","s":"25S-H57S100F-80-F1"},{"r":"97","t":"14:52:37","h":"Ouest","s":"25S-H57S200F-80-F2"},{"r":"97","t":"14:54:37","h":"Ouest","s":"25N-H57N000A-80-A"},{"r":"97","t":"14:54:37","h":"Ouest","s":"25N-H57NV10A-80-A"},{"r":"97","t":"14:54:37","h":"Ouest","s":"25N-H57NV20A-80-A"},{"r":"97","t":"14:54:37","h":"Ouest","s":"25S-H57S000A-80-A"},{"r":"97","t":"15:09:37","h":"Ouest","s":"25N-H57N000A-80-A"},{"r":"97","t":"15:09:37","h":"Ouest","s":"25N-H57N000I-80-I"},{"r":"97","t":"15:09:37","h":"Ouest","s":"25N-H57N100F-80-F1"},{"r":"97","t":"15:09:37","h":"Ouest","s":"25N-H57N200F-80-F2"},{"r":"97","t":"15:09:37","h":"Ouest","s":"25N-H57N300F-80-F3"},{"r":"97","t":"15:09:37","h":"Ouest","s":"25N-H57N400F-80-F4"},{"r":"97","t":"15:09:37","h":"Ouest","s":"25N-H57NV10A-80-A"},{"r":"97","t":"15:09:37","h":"Ouest","s":"25N-H57NV10I-80-I"},{"r":"97","t":"15:09:37","h":"Ouest","s":"25N-H57NV20A-80-A"},{"r":"97","t":"15:09:37","h":"Ouest","s":"25N-H57NV20I-80-I"},{"r":"97","t":"15:09:37","h":"Ouest","s":"25S-H57S000A-80-A"},{"r":"97","t":"15:09:37","h":"Ouest","s":"25S-H57S000I-80-I"},{"r":"97","t":"15:09:37","h":"Ouest","s":"25S-H57S100F-80-F1"},{"r":"97","t":"15:09:37","h":"Ouest","s":"25S-H57S200F-80-F2"},{"r":"97","t":"15:11:37","h":"Ouest","s":"25N-H57N000S-80-S"},{"r":"97","t":"15:11:37","h":"Ouest","s":"25N-H57NV10S-84-S"},{"r":"97","t":"15:11:37","h":"Ouest","s":"25N-H57NV20S-80-S"},{"r":"97","t":"15:11:37","h":"Ouest","s":"25S-H57S000S-82-S"},{"r":"97","t":"15:24:37","h":"Ouest","s":"25N-H57N000A-80-A"},{"r":"97","t":"15:24:37","h":"Ouest","s":"25N-H57NV10A-80-A"},{"r":"97","t":"15:24:37","h":"Ouest","s":"25N-H57NV20A-80-A"},{"r":"97","t":"15:24:37","h":"Ouest","s":"25S-H57S000A-80-A"},{"r":"97","t":"15:26:37","h":"Ouest","s":"25N-H57N000I-80-I"},{"r":"97","t":"15:26:37","h":"Ouest","s":"25N-H57N100F-80-F1"},{"r":"97","t":"15:26:37","h":"Ouest","s":"25N-H57N200F-80-F2"},{"r":"97","t":"15:26:37","h":"Ouest","s":"25N-H57N300F-80-F3"},{"r":"97","t":"15:26:37","h":"Ouest","s":"25N-H57N400F-80-F4"},{"r":"97","t":"15:26:37","h":"Ouest","s":"25N-H57NV10I-80-I"},{"r":"97","t":"15:26:37","h":"Ouest","s":"25N-H57NV20I-80-I"},{"r":"97","t":"15:26:37","h":"Ouest","s":"25S-H57S000I-80-I"},{"r":"97","t":"15:26:37","h":"Ouest","s":"25S-H57S100F-80-F1"},{"r":"97","t":"15:26:37","h":"Ouest","s":"25S-H57S200F-80-F2"},{"r":"97","t":"15:29:37","h":"Ouest","s":"25N-H57N000S-80-S"},{"r":"97","t":"15:29:37","h":"Ouest","s":"25N-H57NV10S-84-S"},{"r":"97","t":"15:29:37","h":"Ouest","s":"25N-H57NV20S-80-S"},{"r":"97","t":"15:29:37","h":"Ouest","s":"25S-H57S000S-82-S"},{"r":"97","t":"15:40:37","h":"Ouest","s":"25N-H57N000A-80-A"},{"r":"97","t":"15:40:37","h":"Ouest","s":"25N-H57NV10A-80-A"},{"r":"97","t":"15:40:37","h":"Ouest","s":"25N-H57NV20A-80-A"},{"r":"97","t":"15:40:37","h":"Ouest","s":"25S-H57S000A-80-A"},{"r":"97","t":"15:43:37","h":"Ouest","s":"25N-H57N000I-80-I"},{"r":"97","t":"15:43:37","h":"Ouest","s":"25N-H57N100F-80-F1"},{"r":"97","t":"15:43:37","h":"Ouest","s":"25N-H57N200F-80-F2"},{"r":"97","t":"15:43:37","h":"Ouest","s":"25N-H57N300F-80-F3"},{"r":"97","t":"15:43:37","h":"Ouest","s":"25N-H57N400F-80-F4"},{"r":"97","t":"15:43:37","h":"Ouest","s":"25N-H57NV10I-80-I"},{"r":"97","t":"15:43:37","h":"Ouest","s":"25N-H57NV20I-80-I"},{"r":"97","t":"15:43:37","h":"Ouest","s":"25S-H57S000I-80-I"},{"r":"97","t":"15:43:37","h":"Ouest","s":"25S-H57S100F-80-F1"},{"r":"97","t":"15:43:37","h":"Ouest","s":"25S-H57S200F-80-F2"},{"r":"97","t":"15:48:37","h":"Ouest","s":"25N-H57N000S-80-S"},{"r":"97","t":"15:48:37","h":"Ouest","s":"25N-H57NV10S-84-S"},{"r":"97","t":"15:48:37","h":"Ouest","s":"25N-H57NV20S-80-S"},{"r":"97","t":"15:48:37","h":"Ouest","s":"25S-H57S000S-82-S"},{"r":"97","t":"15:56:37","h":"Ouest","s":"25N-H57N000A-80-A"},{"r":"97","t":"15:56:37","h":"Ouest","s":"25N-H57NV10A-80-A"},{"r":"97","t":"15:56:37","h":"Ouest","s":"25N-H57NV20A-80-A"},{"r":"97","t":"15:56:37","h":"Ouest","s":"25S-H57S000A-80-A"},{"r":"97","t":"16:01:37","h":"Ouest","s":"25N-H57N000I-80-I"},{"r":"97","t":"16:01:37","h":"Ouest","s":"25N-H57N100F-80-F1"},{"r":"97","t":"16:01:37","h":"Ouest","s":"25N-H57N200F-80-F2"},{"r":"97","t":"16:01:37","h":"Ouest","s":"25N-H57N300F-80-F3"},{"r":"97","t":"16:01:37","h":"Ouest","s":"25N-H57N400F-80-F4"},{"r":"97","t":"16:01:37","h":"Ouest","s":"25N-H57NV10I-80-I"},{"r":"97","t":"16:01:37","h":"Ouest","s":"25N-H57NV20I-80-I"},{"r":"97","t":"16:01:37","h":"Ouest","s":"25S-H57S000I-80-I"},{"r":"97","t":"16:01:37","h":"Ouest","s":"25S-H57S100F-80-F1"},{"r":"97","t":"16:01:37","h":"Ouest","s":"25S-H57S200F-80-F2"},{"r":"97","t":"16:08:37","h":"Ouest","s":"25N-H57N000S-80-S"},{"r":"97","t":"16:08:37","h":"Ouest","s":"25N-H57NV10S-84-S"},{"r":"97","t":"16:08:37","h":"Ouest","s":"25N-H57NV20S-80-S"},{"r":"97","t":"16:08:37","h":"Ouest","s":"25S-H57S000S-82-S"},{"r":"97","t":"16:16:37","h":"Ouest","s":"25N-H57N000A-80-A"},{"r":"97","t":"16:16:37","h":"Ouest","s":"25N-H57NV10A-80-A"},{"r":"97","t":"16:16:37","h":"Ouest","s":"25N-H57NV20A-80-A"},{"r":"97","t":"16:16:37","h":"Ouest","s":"25S-H57S000A-80-A"},{"r":"97","t":"16:19:37","h":"Ouest","s":"25N-H57N000I-80-I"},{"r":"97","t":"16:19:37","h":"Ouest","s":"25N-H57N100F-80-F1"},{"r":"97","t":"16:19:37","h":"Ouest","s":"25N-H57N200F-80-F2"},{"r":"97","t":"16:19:37","h":"Ouest","s":"25N-H57N300F-80-F3"},{"r":"97","t":"16:19:37","h":"Ouest","s":"25N-H57N400F-80-F4"},{"r":"97","t":"16:19:37","h":"Ouest","s":"25N-H57NV10I-80-I"},{"r":"97","t":"16:19:37","h":"Ouest","s":"25N-H57NV20I-80-I"},{"r":"97","t":"16:19:37","h":"Ouest","s":"25S-H57S000I-80-I"},{"r":"97","t":"16:19:37","h":"Ouest","s":"25S-H57S100F-80-F1"},{"r":"97","t":"16:19:37","h":"Ouest","s":"25S-H57S200F-80-F2"},{"r":"97","t":"16:30:37","h":"Ouest","s":"25N-H57N000S-80-S"},{"r":"97","t":"16:30:37","h":"Ouest","s":"25N-H57NV10S-84-S"},{"r":"97","t":"16:30:37","h":"Ouest","s":"25N-H57NV20S-80-S"},{"r":"97","t":"16:30:37","h":"Ouest","s":"25S-H57S000S-82-S"},{"r":"97","t":"16:36:37","h":"Ouest","s":"25N-H57N000A-80-A"},{"r":"97","t":"16:36:37","h":"Ouest","s":"25N-H57NV10A-80-A"},{"r":"97","t":"16:36:37","h":"Ouest","s":"25N-H57NV20A-80-A"},{"r":"97","t":"16:36:37","h":"Ouest","s":"25S-H57S000A-80-A"},{"r":"97","t":"16:38:37","h":"Ouest","s":"25N-H57N000I-80-I"},{"r":"97","t":"16:38:37","h":"Ouest","s":"25N-H57N100F-80-F1"},{"r":"97","t":"16:38:37","h":"Ouest","s":"25N-H57N200F-80-F2"},{"r":"97","t":"16:38:37","h":"Ouest","s":"25N-H57N300F-80-F3"},{"r":"97","t":"16:38:37","h":"Ouest","s":"25N-H57N400F-80-F4"},{"r":"97","t":"16:38:37","h":"Ouest","s":"25N-H57NV10I-80-I"},{"r":"97","t":"16:38:37","h":"Ouest","s":"25N-H57NV20I-80-I"},{"r":"97","t":"16:38:37","h":"Ouest","s":"25S-H57S000I-80-I"},{"r":"97","t":"16:38:37","h":"Ouest","s":"25S-H57S100F-80-F1"},{"r":"97","t":"16:38:37","h":"Ouest","s":"25S-H57S200F-80-F2"},{"r":"97","t":"16:53:37","h":"Ouest","s":"25N-H57N000S-80-S"},{"r":"97","t":"16:53:37","h":"Ouest","s":"25N-H57NV10S-84-S"},{"r":"97","t":"16:53:37","h":"Ouest","s":"25N-H57NV20S-80-S"},{"r":"97","t":"16:53:37","h":"Ouest","s":"25S-H57S000S-82-S"},{"r":"97","t":"16:56:37","h":"Ouest","s":"25N-H57N000A-80-A"},{"r":"97","t":"16:56:37","h":"Ouest","s":"25N-H57NV10A-80-A"},{"r":"97","t":"16:56:37","h":"Ouest","s":"25N-H57NV20A-80-A"},{"r":"97","t":"16:56:37","h":"Ouest","s":"25S-H57S000A-80-A"},{"r":"97","t":"16:57:37","h":"Ouest","s":"25N-H57N000I-80-I"},{"r":"97","t":"16:57:37","h":"Ouest","s":"25N-H57N100F-80-F1"},{"r":"97","t":"16:57:37","h":"Ouest","s":"25N-H57N200F-80-F2"},{"r":"97","t":"16:57:37","h":"Ouest","s":"25N-H57N300F-80-F3"},{"r":"97","t":"16:57:37","h":"Ouest","s":"25N-H57N400F-80-F4"},{"r":"97","t":"16:57:37","h":"Ouest","s":"25N-H57NV10I-80-I"},{"r":"97","t":"16:57:37","h":"Ouest","s":"25N-H57NV20I-80-I"},{"r":"97","t":"16:57:37","h":"Ouest","s":"25S-H57S000I-80-I"},{"r":"97","t":"16:57:37","h":"Ouest","s":"25S-H57S100F-80-F1"},{"r":"97","t":"16:57:37","h":"Ouest","s":"25S-H57S200F-80-F2"},{"r":"97","t":"17:15:37","h":"Ouest","s":"25N-H57N000S-80-S"},{"r":"97","t":"17:15:37","h":"Ouest","s":"25N-H57NV10S-84-S"},{"r":"97","t":"17:15:37","h":"Ouest","s":"25N-H57NV20S-80-S"},{"r":"97","t":"17:15:37","h":"Ouest","s":"25S-H57S000S-82-S"},{"r":"97","t":"17:16:37","h":"Ouest","s":"25N-H57N000A-80-A"},{"r":"97","t":"17:16:37","h":"Ouest","s":"25N-H57NV10A-80-A"},{"r":"97","t":"17:16:37","h":"Ouest","s":"25N-H57NV20A-80-A"},{"r":"97","t":"17:16:37","h":"Ouest","s":"25S-H57S000A-80-A"},{"r":"97","t":"17:18:37","h":"Ouest","s":"25N-H57N000I-80-I"},{"r":"97","t":"17:18:37","h":"Ouest","s":"25N-H57N100F-80-F1"},{"r":"97","t":"17:18:37","h":"Ouest","s":"25N-H57N200F-80-F2"},{"r":"97","t":"17:18:37","h":"Ouest","s":"25N-H57N300F-80-F3"},{"r":"97","t":"17:18:37","h":"Ouest","s":"25N-H57N400F-80-F4"},{"r":"97","t":"17:18:37","h":"Ouest","s":"25N-H57NV10I-80-I"},{"r":"97","t":"17:18:37","h":"Ouest","s":"25N-H57NV20I-80-I"},{"r":"97","t":"17:18:37","h":"Ouest","s":"25S-H57S000I-80-I"},{"r":"97","t":"17:18:37","h":"Ouest","s":"25S-H57S100F-80-F1"},{"r":"97","t":"17:18:37","h":"Ouest","s":"25S-H57S200F-80-F2"},{"r":"97","t":"17:33:37","h":"Ouest","s":"25N-H57N000A-80-A"},{"r":"97","t":"17:33:37","h":"Ouest","s":"25N-H57NV10A-80-A"},{"r":"97","t":"17:33:37","h":"Ouest","s":"25N-H57NV20A-80-A"},{"r":"97","t":"17:33:37","h":"Ouest","s":"25S-H57S000A-80-A"},{"r":"97","t":"17:37:37","h":"Ouest","s":"25N-H57N000S-80-S"},{"r":"97","t":"17:37:37","h":"Ouest","s":"25N-H57NV10S-84-S"},{"r":"97","t":"17:37:37","h":"Ouest","s":"25N-H57NV20S-80-S"},{"r":"97","t":"17:37:37","h":"Ouest","s":"25S-H57S000S-82-S"},{"r":"97","t":"17:44:37","h":"Ouest","s":"25N-H57N000I-80-I"},{"r":"97","t":"17:44:37","h":"Ouest","s":"25N-H57N100F-80-F1"},{"r":"97","t":"17:44:37","h":"Ouest","s":"25N-H57N200F-80-F2"},{"r":"97","t":"17:44:37","h":"Ouest","s":"25N-H57N300F-80-F3"},{"r":"97","t":"17:44:37","h":"Ouest","s":"25N-H57N400F-80-F4"},{"r":"97","t":"17:44:37","h":"Ouest","s":"25N-H57NV10I-80-I"},{"r":"97","t":"17:44:37","h":"Ouest","s":"25N-H57NV20I-80-I"},{"r":"97","t":"17:44:37","h":"Ouest","s":"25S-H57S000I-80-I"},{"r":"97","t":"17:44:37","h":"Ouest","s":"25S-H57S100F-80-F1"},{"r":"97","t":"17:44:37","h":"Ouest","s":"25S-H57S200F-80-F2"},{"r":"97","t":"17:52:37","h":"Ouest","s":"25N-H57N000A-80-A"},{"r":"97","t":"17:52:37","h":"Ouest","s":"25N-H57NV10A-80-A"},{"r":"97","t":"17:52:37","h":"Ouest","s":"25N-H57NV20A-80-A"},{"r":"97","t":"17:52:37","h":"Ouest","s":"25S-H57S000A-80-A"},{"r":"97","t":"17:58:37","h":"Ouest","s":"25N-H57N000S-80-S"},{"r":"97","t":"17:58:37","h":"Ouest","s":"25N-H57NV10S-84-S"},{"r":"97","t":"17:58:37","h":"Ouest","s":"25N-H57NV20S-80-S"},{"r":"97","t":"17:58:37","h":"Ouest","s":"25S-H57S000S-82-S"},{"r":"97","t":"18:12:37","h":"Ouest","s":"25N-H57N000A-80-A"},{"r":"97","t":"18:12:37","h":"Ouest","s":"25N-H57N000I-80-I"},{"r":"97","t":"18:12:37","h":"Ouest","s":"25N-H57N100F-80-F1"},{"r":"97","t":"18:12:37","h":"Ouest","s":"25N-H57N200F-80-F2"},{"r":"97","t":"18:12:37","h":"Ouest","s":"25N-H57N300F-80-F3"},{"r":"97","t":"18:12:37","h":"Ouest","s":"25N-H57N400F-80-F4"},{"r":"97","t":"18:12:37","h":"Ouest","s":"25N-H57NV10A-80-A"},{"r":"97","t":"18:12:37","h":"Ouest","s":"25N-H57NV10I-80-I"},{"r":"97","t":"18:12:37","h":"Ouest","s":"25N-H57NV20A-80-A"},{"r":"97","t":"18:12:37","h":"Ouest","s":"25N-H57NV20I-80-I"},{"r":"97","t":"18:12:37","h":"Ouest","s":"25S-H57S000A-80-A"},{"r":"97","t":"18:12:37","h":"Ouest","s":"25S-H57S000I-80-I"},{"r":"97","t":"18:12:37","h":"Ouest","s":"25S-H57S100F-80-F1"},{"r":"97","t":"18:12:37","h":"Ouest","s":"25S-H57S200F-80-F2"},{"r":"97","t":"18:29:37","h":"Ouest","s":"25N-H57N000S-80-S"},{"r":"97","t":"18:29:37","h":"Ouest","s":"25N-H57NV10S-84-S"},{"r":"97","t":"18:29:37","h":"Ouest","s":"25N-H57NV20S-80-S"},{"r":"97","t":"18:29:37","h":"Ouest","s":"25S-H57S000S-82-S"},{"r":"97","t":"18:32:04","h":"Ouest","s":"25N-H57N000A-80-A"},{"r":"97","t":"18:32:04","h":"Ouest","s":"25N-H57NV10A-80-A"},{"r":"97","t":"18:32:04","h":"Ouest","s":"25N-H57NV20A-80-A"},{"r":"97","t":"18:32:04","h":"Ouest","s":"25S-H57S000A-80-A"},{"r":"97","t":"18:44:37","h":"Ouest","s":"25N-H57N000I-80-I"},{"r":"97","t":"18:44:37","h":"Ouest","s":"25N-H57N100F-80-F1"},{"r":"97","t":"18:44:37","h":"Ouest","s":"25N-H57N200F-80-F2"},{"r":"97","t":"18:44:37","h":"Ouest","s":"25N-H57N300F-80-F3"},{"r":"97","t":"18:44:37","h":"Ouest","s":"25N-H57N400F-80-F4"},{"r":"97","t":"18:44:37","h":"Ouest","s":"25N-H57NV10I-80-I"},{"r":"97","t":"18:44:37","h":"Ouest","s":"25N-H57NV20I-80-I"},{"r":"97","t":"18:44:37","h":"Ouest","s":"25S-H57S000I-80-I"},{"r":"97","t":"18:44:37","h":"Ouest","s":"25S-H57S100F-80-F1"},{"r":"97","t":"18:44:37","h":"Ouest","s":"25S-H57S200F-80-F2"},{"r":"97","t":"18:51:04","h":"Ouest","s":"25N-H57N000A-80-A"},{"r":"97","t":"18:51:04","h":"Ouest","s":"25N-H57NV10A-80-A"},{"r":"97","t":"18:51:04","h":"Ouest","s":"25N-H57NV20A-80-A"},{"r":"97","t":"18:51:04","h":"Ouest","s":"25S-H57S000A-80-A"},{"r":"97","t":"18:59:37","h":"Ouest","s":"25N-H57N000S-80-S"},{"r":"97","t":"18:59:37","h":"Ouest","s":"25N-H57NV10S-84-S"},{"r":"97","t":"18:59:37","h":"Ouest","s":"25N-H57NV20S-80-S"},{"r":"97","t":"18:59:37","h":"Ouest","s":"25S-H57S000S-82-S"},{"r":"97","t":"19:14:04","h":"Ouest","s":"25N-H57N000A-80-A"},{"r":"97","t":"19:14:04","h":"Ouest","s":"25N-H57NV10A-80-A"},{"r":"97","t":"19:14:04","h":"Ouest","s":"25N-H57NV20A-80-A"},{"r":"97","t":"19:14:04","h":"Ouest","s":"25S-H57S000A-80-A"},{"r":"97","t":"19:15:04","h":"Ouest","s":"25N-H57N000I-80-I"},{"r":"97","t":"19:15:04","h":"Ouest","s":"25N-H57N100F-80-F1"},{"r":"97","t":"19:15:04","h":"Ouest","s":"25N-H57N200F-80-F2"},{"r":"97","t":"19:15:04","h":"Ouest","s":"25N-H57N300F-80-F3"},{"r":"97","t":"19:15:04","h":"Ouest","s":"25N-H57N400F-80-F4"},{"r":"97","t":"19:15:04","h":"Ouest","s":"25N-H57NV10I-80-I"},{"r":"97","t":"19:15:04","h":"Ouest","s":"25N-H57NV20I-80-I"},{"r":"97","t":"19:15:04","h":"Ouest","s":"25S-H57S000I-80-I"},{"r":"97","t":"19:15:04","h":"Ouest","s":"25S-H57S100F-80-F1"},{"r":"97","t":"19:15:04","h":"Ouest","s":"25S-H57S200F-80-F2"},{"r":"97","t":"19:28:37","h":"Ouest","s":"25N-H57N000S-80-S"},{"r":"97","t":"19:28:37","h":"Ouest","s":"25N-H57NV10S-84-S"},{"r":"97","t":"19:28:37","h":"Ouest","s":"25N-H57NV20S-80-S"},{"r":"97","t":"19:28:37","h":"Ouest","s":"25S-H57S000S-82-S"},{"r":"97","t":"19:37:04","h":"Ouest","s":"25N-H57N000A-80-A"},{"r":"97","t":"19:37:04","h":"Ouest","s":"25N-H57NV10A-80-A"},{"r":"97","t":"19:37:04","h":"Ouest","s":"25N-H57NV20A-80-A"},{"r":"97","t":"19:37:04","h":"Ouest","s":"25S-H57S000A-80-A"},{"r":"97","t":"19:47:04","h":"Ouest","s":"25N-H57N000I-80-I"},{"r":"97","t":"19:47:04","h":"Ouest","s":"25N-H57N100F-80-F1"},{"r":"97","t":"19:47:04","h":"Ouest","s":"25N-H57N200F-80-F2"},{"r":"97","t":"19:47:04","h":"Ouest","s":"25N-H57N300F-80-F3"},{"r":"97","t":"19:47:04","h":"Ouest","s":"25N-H57N400F-80-F4"},{"r":"97","t":"19:47:04","h":"Ouest","s":"25N-H57NV10I-80-I"},{"r":"97","t":"19:47:04","h":"Ouest","s":"25N-H57NV20I-80-I"},{"r":"97","t":"19:47:04","h":"Ouest","s":"25S-H57S000I-80-I"},{"r":"97","t":"19:47:04","h":"Ouest","s":"25S-H57S100F-80-F1"},{"r":"97","t":"19:47:04","h":"Ouest","s":"25S-H57S200F-80-F2"},{"r":"97","t":"20:00:37","h":"Ouest","s":"25N-H57N000S-80-S"},{"r":"97","t":"20:00:37","h":"Ouest","s":"25N-H57NV10S-84-S"},{"r":"97","t":"20:00:37","h":"Ouest","s":"25N-H57NV20S-80-S"},{"r":"97","t":"20:00:37","h":"Ouest","s":"25S-H57S000S-82-S"},{"r":"97","t":"20:01:04","h":"Ouest","s":"25N-H57N000A-80-A"},{"r":"97","t":"20:01:04","h":"Ouest","s":"25N-H57NV10A-80-A"},{"r":"97","t":"20:01:04","h":"Ouest","s":"25N-H57NV20A-80-A"},{"r":"97","t":"20:01:04","h":"Ouest","s":"25S-H57S000A-80-A"},{"r":"97","t":"20:18:04","h":"Ouest","s":"25N-H57N000I-80-I"},{"r":"97","t":"20:18:04","h":"Ouest","s":"25N-H57N100F-80-F1"},{"r":"97","t":"20:18:04","h":"Ouest","s":"25N-H57N200F-80-F2"},{"r":"97","t":"20:18:04","h":"Ouest","s":"25N-H57N300F-80-F3"},{"r":"97","t":"20:18:04","h":"Ouest","s":"25N-H57N400F-80-F4"},{"r":"97","t":"20:18:04","h":"Ouest","s":"25N-H57NV10I-80-I"},{"r":"97","t":"20:18:04","h":"Ouest","s":"25N-H57NV20I-80-I"},{"r":"97","t":"20:18:04","h":"Ouest","s":"25S-H57S000I-80-I"},{"r":"97","t":"20:18:04","h":"Ouest","s":"25S-H57S100F-80-F1"},{"r":"97","t":"20:18:04","h":"Ouest","s":"25S-H57S200F-80-F2"},{"r":"97","t":"20:25:04","h":"Ouest","s":"25N-H57N000A-80-A"},{"r":"97","t":"20:25:04","h":"Ouest","s":"25N-H57NV10A-80-A"},{"r":"97","t":"20:25:04","h":"Ouest","s":"25N-H57NV20A-80-A"},{"r":"97","t":"20:25:04","h":"Ouest","s":"25S-H57S000A-80-A"},{"r":"97","t":"20:28:37","h":"Ouest","s":"25N-H57N000S-80-S"},{"r":"97","t":"20:28:37","h":"Ouest","s":"25N-H57NV10S-84-S"},{"r":"97","t":"20:28:37","h":"Ouest","s":"25N-H57NV20S-80-S"},{"r":"97","t":"20:28:37","h":"Ouest","s":"25S-H57S000S-82-S"},{"r":"97","t":"20:48:04","h":"Ouest","s":"25N-H57N000I-80-I"},{"r":"97","t":"20:48:04","h":"Ouest","s":"25N-H57N100F-80-F1"},{"r":"97","t":"20:48:04","h":"Ouest","s":"25N-H57N200F-80-F2"},{"r":"97","t":"20:48:04","h":"Ouest","s":"25N-H57N300F-80-F3"},{"r":"97","t":"20:48:04","h":"Ouest","s":"25N-H57N400F-80-F4"},{"r":"97","t":"20:48:04","h":"Ouest","s":"25N-H57NV10I-80-I"},{"r":"97","t":"20:48:04","h":"Ouest","s":"25N-H57NV20I-80-I"},{"r":"97","t":"20:48:04","h":"Ouest","s":"25S-H57S000I-80-I"},{"r":"97","t":"20:48:04","h":"Ouest","s":"25S-H57S100F-80-F1"},{"r":"97","t":"20:48:04","h":"Ouest","s":"25S-H57S200F-80-F2"},{"r":"97","t":"20:53:04","h":"Ouest","s":"25N-H57N000A-80-A"},{"r":"97","t":"20:53:04","h":"Ouest","s":"25N-H57NV10A-80-A"},{"r":"97","t":"20:53:04","h":"Ouest","s":"25N-H57NV20A-80-A"},{"r":"97","t":"20:53:04","h":"Ouest","s":"25S-H57S000A-80-A"},{"r":"97","t":"21:00:37","h":"Ouest","s":"25N-H57N000S-80-S"},{"r":"97","t":"21:00:37","h":"Ouest","s":"25N-H57NV10S-84-S"},{"r":"97","t":"21:00:37","h":"Ouest","s":"25N-H57NV20S-80-S"},{"r":"97","t":"21:00:37","h":"Ouest","s":"25S-H57S000S-82-S"},{"r":"97","t":"21:18:04","h":"Ouest","s":"25N-H57N000I-80-I"},{"r":"97","t":"21:18:04","h":"Ouest","s":"25N-H57N100F-80-F1"},{"r":"97","t":"21:18:04","h":"Ouest","s":"25N-H57N200F-80-F2"},{"r":"97","t":"21:18:04","h":"Ouest","s":"25N-H57N300F-80-F3"},{"r":"97","t":"21:18:04","h":"Ouest","s":"25N-H57N400F-80-F4"},{"r":"97","t":"21:18:04","h":"Ouest","s":"25N-H57NV10I-80-I"},{"r":"97","t":"21:18:04","h":"Ouest","s":"25N-H57NV20I-80-I"},{"r":"97","t":"21:18:04","h":"Ouest","s":"25S-H57S000I-80-I"},{"r":"97","t":"21:18:04","h":"Ouest","s":"25S-H57S100F-80-F1"},{"r":"97","t":"21:18:04","h":"Ouest","s":"25S-H57S200F-80-F2"},{"r":"97","t":"21:22:04","h":"Ouest","s":"25N-H57N000A-80-A"},{"r":"97","t":"21:22:04","h":"Ouest","s":"25N-H57NV10A-80-A"},{"r":"97","t":"21:22:04","h":"Ouest","s":"25N-H57NV20A-80-A"},{"r":"97","t":"21:22:04","h":"Ouest","s":"25S-H57S000A-80-A"},{"r":"97","t":"21:32:37","h":"Ouest","s":"25N-H57N000S-80-S"},{"r":"97","t":"21:32:37","h":"Ouest","s":"25N-H57NV10S-84-S"},{"r":"97","t":"21:32:37","h":"Ouest","s":"25N-H57NV20S-80-S"},{"r":"97","t":"21:32:37","h":"Ouest","s":"25S-H57S000S-82-S"},{"r":"97","t":"21:50:04","h":"Ouest","s":"25N-H57N000I-80-I"},{"r":"97","t":"21:50:04","h":"Ouest","s":"25N-H57N100F-80-F1"},{"r":"97","t":"21:50:04","h":"Ouest","s":"25N-H57N200F-80-F2"},{"r":"97","t":"21:50:04","h":"Ouest","s":"25N-H57N300F-80-F3"},{"r":"97","t":"21:50:04","h":"Ouest","s":"25N-H57N400F-80-F4"},{"r":"97","t":"21:50:04","h":"Ouest","s":"25N-H57NV10I-80-I"},{"r":"97","t":"21:50:04","h":"Ouest","s":"25N-H57NV20I-80-I"},{"r":"97","t":"21:50:04","h":"Ouest","s":"25S-H57S000I-80-I"},{"r":"97","t":"21:50:04","h":"Ouest","s":"25S-H57S100F-80-F1"},{"r":"97","t":"21:50:04","h":"Ouest","s":"25S-H57S200F-80-F2"},{"r":"97","t":"21:54:04","h":"Ouest","s":"25N-H57N000A-80-A"},{"r":"97","t":"21:54:04","h":"Ouest","s":"25N-H57NV10A-80-A"},{"r":"97","t":"21:54:04","h":"Ouest","s":"25N-H57NV20A-80-A"},{"r":"97","t":"21:54:04","h":"Ouest","s":"25S-H57S000A-80-A"},{"r":"97","t":"22:03:04","h":"Ouest","s":"25N-H57N000S-80-S"},{"r":"97","t":"22:03:04","h":"Ouest","s":"25N-H57NV10S-84-S"},{"r":"97","t":"22:03:04","h":"Ouest","s":"25N-H57NV20S-80-S"},{"r":"97","t":"22:03:04","h":"Ouest","s":"25S-H57S000S-82-S"},{"r":"97","t":"22:21:04","h":"Ouest","s":"25N-H57N000I-80-I"},{"r":"97","t":"22:21:04","h":"Ouest","s":"25N-H57N100F-80-F1"},{"r":"97","t":"22:21:04","h":"Ouest","s":"25N-H57N200F-80-F2"},{"r":"97","t":"22:21:04","h":"Ouest","s":"25N-H57N300F-80-F3"},{"r":"97","t":"22:21:04","h":"Ouest","s":"25N-H57N400F-80-F4"},{"r":"97","t":"22:21:04","h":"Ouest","s":"25N-H57NV10I-80-I"},{"r":"97","t":"22:21:04","h":"Ouest","s":"25N-H57NV20I-80-I"},{"r":"97","t":"22:21:04","h":"Ouest","s":"25S-H57S000I-80-I"},{"r":"97","t":"22:21:04","h":"Ouest","s":"25S-H57S100F-80-F1"},{"r":"97","t":"22:21:04","h":"Ouest","s":"25S-H57S200F-80-F2"},{"r":"97","t":"22:27:04","h":"Ouest","s":"25N-H57N000A-80-A"},{"r":"97","t":"22:27:04","h":"Ouest","s":"25N-H57NV10A-80-A"},{"r":"97","t":"22:27:04","h":"Ouest","s":"25N-H57NV20A-80-A"},{"r":"97","t":"22:27:04","h":"Ouest","s":"25S-H57S000A-80-A"},{"r":"97","t":"22:35:04","h":"Ouest","s":"25N-H57N000S-80-S"},{"r":"97","t":"22:35:04","h":"Ouest","s":"25N-H57NV10S-84-S"},{"r":"97","t":"22:35:04","h":"Ouest","s":"25N-H57NV20S-80-S"},{"r":"97","t":"22:35:04","h":"Ouest","s":"25S-H57S000S-82-S"},{"r":"97","t":"22:53:04","h":"Ouest","s":"25N-H57N000I-80-I"},{"r":"97","t":"22:53:04","h":"Ouest","s":"25N-H57N100F-80-F1"},{"r":"97","t":"22:53:04","h":"Ouest","s":"25N-H57N200F-80-F2"},{"r":"97","t":"22:53:04","h":"Ouest","s":"25N-H57N300F-80-F3"},{"r":"97","t":"22:53:04","h":"Ouest","s":"25N-H57N400F-80-F4"},{"r":"97","t":"22:53:04","h":"Ouest","s":"25N-H57NV10I-80-I"},{"r":"97","t":"22:53:04","h":"Ouest","s":"25N-H57NV20I-80-I"},{"r":"97","t":"22:53:04","h":"Ouest","s":"25S-H57S000I-80-I"},{"r":"97","t":"22:53:04","h":"Ouest","s":"25S-H57S100F-80-F1"},{"r":"97","t":"22:53:04","h":"Ouest","s":"25S-H57S200F-80-F2"},{"r":"97","t":"23:00:04","h":"Ouest","s":"25N-H57N000A-80-A"},{"r":"97","t":"23:00:04","h":"Ouest","s":"25N-H57NV10A-80-A"},{"r":"97","t":"23:00:04","h":"Ouest","s":"25N-H57NV20A-80-A"},{"r":"97","t":"23:00:04","h":"Ouest","s":"25S-H57S000A-80-A"},{"r":"97","t":"23:06:04","h":"Ouest","s":"25N-H57N000S-80-S"},{"r":"97","t":"23:06:04","h":"Ouest","s":"25N-H57NV10S-84-S"},{"r":"97","t":"23:06:04","h":"Ouest","s":"25N-H57NV20S-80-S"},{"r":"97","t":"23:06:04","h":"Ouest","s":"25S-H57S000S-82-S"},{"r":"97","t":"23:24:04","h":"Ouest","s":"25N-H57N000I-80-I"},{"r":"97","t":"23:24:04","h":"Ouest","s":"25N-H57N100F-80-F1"},{"r":"97","t":"23:24:04","h":"Ouest","s":"25N-H57N200F-80-F2"},{"r":"97","t":"23:24:04","h":"Ouest","s":"25N-H57N300F-80-F3"},{"r":"97","t":"23:24:04","h":"Ouest","s":"25N-H57N400F-80-F4"},{"r":"97","t":"23:24:04","h":"Ouest","s":"25N-H57NV10I-80-I"},{"r":"97","t":"23:24:04","h":"Ouest","s":"25N-H57NV20I-80-I"},{"r":"97","t":"23:24:04","h":"Ouest","s":"25S-H57S000I-80-I"},{"r":"97","t":"23:24:04","h":"Ouest","s":"25S-H57S100F-80-F1"},{"r":"97","t":"23:24:04","h":"Ouest","s":"25S-H57S200F-80-F2"},{"r":"97","t":"23:32:04","h":"Ouest","s":"25N-H57N000A-80-A"},{"r":"97","t":"23:32:04","h":"Ouest","s":"25N-H57NV10A-80-A"},{"r":"97","t":"23:32:04","h":"Ouest","s":"25N-H57NV20A-80-A"},{"r":"97","t":"23:32:04","h":"Ouest","s":"25S-H57S000A-80-A"},{"r":"97","t":"23:35:32","h":"Ouest","s":"25N-H57N000S-80-S"},{"r":"97","t":"23:35:32","h":"Ouest","s":"25N-H57NV10S-84-S"},{"r":"97","t":"23:35:32","h":"Ouest","s":"25N-H57NV20S-80-S"},{"r":"97","t":"23:35:32","h":"Ouest","s":"25S-H57S000S-82-S"},{"r":"97","t":"23:54:04","h":"Ouest","s":"25N-H57N000I-80-I"},{"r":"97","t":"23:54:04","h":"Ouest","s":"25N-H57N100F-80-F1"},{"r":"97","t":"23:54:04","h":"Ouest","s":"25N-H57N200F-80-F2"},{"r":"97","t":"23:54:04","h":"Ouest","s":"25N-H57N300F-80-F3"},{"r":"97","t":"23:54:04","h":"Ouest","s":"25N-H57N400F-80-F4"},{"r":"97","t":"23:54:04","h":"Ouest","s":"25N-H57NV10I-80-I"},{"r":"97","t":"23:54:04","h":"Ouest","s":"25N-H57NV20I-80-I"},{"r":"97","t":"23:54:04","h":"Ouest","s":"25S-H57S000I-80-I"},{"r":"97","t":"23:54:04","h":"Ouest","s":"25S-H57S100F-80-F1"},{"r":"97","t":"23:54:04","h":"Ouest","s":"25S-H57S200F-80-F2"},{"r":"97","t":"24:02:04","h":"Ouest","s":"25N-H57N000A-80-A"},{"r":"97","t":"24:02:04","h":"Ouest","s":"25N-H57NV10A-80-A"},{"r":"97","t":"24:02:04","h":"Ouest","s":"25N-H57NV20A-80-A"},{"r":"97","t":"24:02:04","h":"Ouest","s":"25S-H57S000A-80-A"},{"r":"97","t":"24:04:32","h":"Ouest","s":"25N-H57N000S-80-S"},{"r":"97","t":"24:04:32","h":"Ouest","s":"25N-H57NV10S-84-S"},{"r":"97","t":"24:04:32","h":"Ouest","s":"25N-H57NV20S-80-S"},{"r":"97","t":"24:04:32","h":"Ouest","s":"25S-H57S000S-82-S"},{"r":"97","t":"24:25:32","h":"Ouest","s":"25N-H57N000I-80-I"},{"r":"97","t":"24:25:32","h":"Ouest","s":"25N-H57N100F-80-F1"},{"r":"97","t":"24:25:32","h":"Ouest","s":"25N-H57N200F-80-F2"},{"r":"97","t":"24:25:32","h":"Ouest","s":"25N-H57N300F-80-F3"},{"r":"97","t":"24:25:32","h":"Ouest","s":"25N-H57N400F-80-F4"},{"r":"97","t":"24:25:32","h":"Ouest","s":"25N-H57NV10I-80-I"},{"r":"97","t":"24:25:32","h":"Ouest","s":"25N-H57NV20I-80-I"},{"r":"97","t":"24:25:32","h":"Ouest","s":"25S-H57S000I-80-I"},{"r":"97","t":"24:25:32","h":"Ouest","s":"25S-H57S100F-80-F1"},{"r":"97","t":"24:25:32","h":"Ouest","s":"25S-H57S200F-80-F2"},{"r":"97","t":"24:31:04","h":"Ouest","s":"25N-H57N000A-80-A"},{"r":"97","t":"24:31:04","h":"Ouest","s":"25N-H57NV10A-80-A"},{"r":"97","t":"24:31:04","h":"Ouest","s":"25N-H57NV20A-80-A"},{"r":"97","t":"24:31:04","h":"Ouest","s":"25S-H57S000A-80-A"},{"r":"97","t":"24:35:32","h":"Ouest","s":"25N-H57N000S-80-S"},{"r":"97","t":"24:35:32","h":"Ouest","s":"25N-H57NV10S-84-S"},{"r":"97","t":"24:35:32","h":"Ouest","s":"25N-H57NV20S-80-S"},{"r":"97","t":"24:35:32","h":"Ouest","s":"25S-H57S000S-82-S"},{"r":"97","t":"24:57:32","h":"Ouest","s":"25N-H57N000I-80-I"},{"r":"97","t":"24:57:32","h":"Ouest","s":"25N-H57N100F-80-F1"},{"r":"97","t":"24:57:32","h":"Ouest","s":"25N-H57N200F-80-F2"},{"r":"97","t":"24:57:32","h":"Ouest","s":"25N-H57N300F-80-F3"},{"r":"97","t":"24:57:32","h":"Ouest","s":"25N-H57N400F-80-F4"},{"r":"97","t":"24:57:32","h":"Ouest","s":"25N-H57NV10I-80-I"},{"r":"97","t":"24:57:32","h":"Ouest","s":"25N-H57NV20I-80-I"},{"r":"97","t":"24:57:32","h":"Ouest","s":"25S-H57S000I-80-I"},{"r":"97","t":"24:57:32","h":"Ouest","s":"25S-H57S100F-80-F1"},{"r":"97","t":"24:57:32","h":"Ouest","s":"25S-H57S200F-80-F2"},{"r":"97","t":"25:00:04","h":"Ouest","s":"25N-H57N000A-80-A"},{"r":"97","t":"25:00:04","h":"Ouest","s":"25N-H57NV10A-80-A"},{"r":"97","t":"25:00:04","h":"Ouest","s":"25N-H57NV20A-80-A"},{"r":"97","t":"25:00:04","h":"Ouest","s":"25S-H57S000A-80-A"},{"r":"97","t":"25:01:32","h":"Ouest","s":"25N-H57N000S-80-S"},{"r":"97","t":"25:01:32","h":"Ouest","s":"25N-H57NV10S-84-S"},{"r":"97","t":"25:01:32","h":"Ouest","s":"25N-H57NV20S-80-S"},{"r":"97","t":"25:01:32","h":"Ouest","s":"25S-H57S000S-82-S"},{"r":"97","t":"25:28:04","h":"Ouest","s":"25N-H57N000A-80-A"},{"r":"97","t":"25:28:04","h":"Ouest","s":"25N-H57NV10A-80-A"},{"r":"97","t":"25:28:04","h":"Ouest","s":"25N-H57NV20A-80-A"},{"r":"97","t":"25:28:04","h":"Ouest","s":"25S-H57S000A-80-A"},{"r":"97","t":"25:29:32","h":"Ouest","s":"25N-H57N000S-80-S"},{"r":"97","t":"25:29:32","h":"Ouest","s":"25N-H57NV10S-84-S"},{"r":"97","t":"25:29:32","h":"Ouest","s":"25N-H57NV20S-80-S"},{"r":"97","t":"25:29:32","h":"Ouest","s":"25S-H57S000S-82-S"},{"r":"97","t":"25:30:32","h":"Ouest","s":"25N-H57N000I-80-I"},{"r":"97","t":"25:30:32","h":"Ouest","s":"25N-H57N100F-80-F1"},{"r":"97","t":"25:30:32","h":"Ouest","s":"25N-H57N200F-80-F2"},{"r":"97","t":"25:30:32","h":"Ouest","s":"25N-H57N300F-80-F3"},{"r":"97","t":"25:30:32","h":"Ouest","s":"25N-H57N400F-80-F4"},{"r":"97","t":"25:30:32","h":"Ouest","s":"25N-H57NV10I-80-I"},{"r":"97","t":"25:30:32","h":"Ouest","s":"25N-H57NV20I-80-I"},{"r":"97","t":"25:30:32","h":"Ouest","s":"25S-H57S000I-80-I"},{"r":"97","t":"25:30:32","h":"Ouest","s":"25S-H57S100F-80-F1"},{"r":"97","t":"25:30:32","h":"Ouest","s":"25S-H57S200F-80-F2"},{"r":"368","t":"25:54:23","h":"Ouest","s":"25N-H57N000S-80-S"},{"r":"368","t":"25:54:23","h":"Ouest","s":"25N-H57NV10S-84-S"},{"r":"368","t":"25:54:23","h":"Ouest","s":"25N-H57NV20S-80-S"},{"r":"368","t":"25:54:23","h":"Ouest","s":"25S-H57S000S-82-S"},{"r":"368","t":"25:54:33","h":"Ouest","s":"25N-H57N000A-80-A"},{"r":"368","t":"25:54:33","h":"Ouest","s":"25N-H57NV10A-80-A"},{"r":"368","t":"25:54:33","h":"Ouest","s":"25N-H57NV20A-80-A"},{"r":"368","t":"25:54:33","h":"Ouest","s":"25S-H57S000A-80-A"},{"r":"368","t":"25:55:02","h":"Ouest","s":"25N-H57N000I-80-I"},{"r":"368","t":"25:55:02","h":"Ouest","s":"25N-H57N100F-80-F1"},{"r":"368","t":"25:55:02","h":"Ouest","s":"25N-H57N200F-80-F2"},{"r":"368","t":"25:55:02","h":"Ouest","s":"25N-H57N300F-80-F3"},{"r":"368","t":"25:55:02","h":"Ouest","s":"25N-H57N400F-80-F4"},{"r":"368","t":"25:55:02","h":"Ouest","s":"25N-H57NV10I-80-I"},{"r":"368","t":"25:55:02","h":"Ouest","s":"25N-H57NV20I-80-I"},{"r":"368","t":"25:55:02","h":"Ouest","s":"25S-H57S000I-80-I"},{"r":"368","t":"25:55:02","h":"Ouest","s":"25S-H57S100F-80-F1"},{"r":"368","t":"25:55:02","h":"Ouest","s":"25S-H57S200F-80-F2"},{"r":"97","t":"26:00:04","h":"Ouest","s":"25N-H57N000A-80-A"},{"r":"97","t":"26:00:04","h":"Ouest","s":"25N-H57NV10A-80-A"},{"r":"97","t":"26:00:04","h":"Ouest","s":"25N-H57NV20A-80-A"},{"r":"97","t":"26:00:04","h":"Ouest","s":"25S-H57S000A-80-A"},{"r":"368","t":"26:15:33","h":"Ouest","s":"25N-H57N000A-80-A"},{"r":"368","t":"26:15:33","h":"Ouest","s":"25N-H57NV10A-80-A"},{"r":"368","t":"26:15:33","h":"Ouest","s":"25N-H57NV20A-80-A"},{"r":"368","t":"26:15:33","h":"Ouest","s":"25S-H57S000A-80-A"},{"r":"368","t":"26:34:33","h":"Ouest","s":"25N-H57N000A-80-A"},{"r":"368","t":"26:34:33","h":"Ouest","s":"25N-H57NV10A-80-A"},{"r":"368","t":"26:34:33","h":"Ouest","s":"25N-H57NV20A-80-A"},{"r":"368","t":"26:34:33","h":"Ouest","s":"25S-H57S000A-80-A"},{"r":"368","t":"26:35:23","h":"Ouest","s":"25N-H57N000S-80-S"},{"r":"368","t":"26:35:23","h":"Ouest","s":"25N-H57NV10S-84-S"},{"r":"368","t":"26:35:23","h":"Ouest","s":"25N-H57NV20S-80-S"},{"r":"368","t":"26:35:23","h":"Ouest","s":"25S-H57S000S-82-S"},{"r":"368","t":"26:40:12","h":"Ouest","s":"25N-H57N000I-80-I"},{"r":"368","t":"26:40:12","h":"Ouest","s":"25N-H57N100F-80-F1"},{"r":"368","t":"26:40:12","h":"Ouest","s":"25N-H57N200F-80-F2"},{"r":"368","t":"26:40:12","h":"Ouest","s":"25N-H57N300F-80-F3"},{"r":"368","t":"26:40:12","h":"Ouest","s":"25N-H57N400F-80-F4"},{"r":"368","t":"26:40:12","h":"Ouest","s":"25N-H57NV10I-80-I"},{"r":"368","t":"26:40:12","h":"Ouest","s":"25N-H57NV20I-80-I"},{"r":"368","t":"26:40:12","h":"Ouest","s":"25S-H57S000I-80-I"},{"r":"368","t":"26:40:12","h":"Ouest","s":"25S-H57S100F-80-F1"},{"r":"368","t":"26:40:12","h":"Ouest","s":"25S-H57S200F-80-F2"},{"r":"368","t":"27:04:33","h":"Ouest","s":"25N-H57N000A-80-A"},{"r":"368","t":"27:04:33","h":"Ouest","s":"25N-H57NV10A-80-A"},{"r":"368","t":"27:04:33","h":"Ouest","s":"25N-H57NV20A-80-A"},{"r":"368","t":"27:04:33","h":"Ouest","s":"25S-H57S000A-80-A"},{"r":"368","t":"27:25:12","h":"Ouest","s":"25N-H57N000I-80-I"},{"r":"368","t":"27:25:12","h":"Ouest","s":"25N-H57N100F-80-F1"},{"r":"368","t":"27:25:12","h":"Ouest","s":"25N-H57N200F-80-F2"},{"r":"368","t":"27:25:12","h":"Ouest","s":"25N-H57N300F-80-F3"},{"r":"368","t":"27:25:12","h":"Ouest","s":"25N-H57N400F-80-F4"},{"r":"368","t":"27:25:12","h":"Ouest","s":"25N-H57NV10I-80-I"},{"r":"368","t":"27:25:12","h":"Ouest","s":"25N-H57NV20I-80-I"},{"r":"368","t":"27:25:12","h":"Ouest","s":"25S-H57S000I-80-I"},{"r":"368","t":"27:25:12","h":"Ouest","s":"25S-H57S100F-80-F1"},{"r":"368","t":"27:25:12","h":"Ouest","s":"25S-H57S200F-80-F2"},{"r":"368","t":"27:29:12","h":"Ouest","s":"25N-H57N000S-80-S"},{"r":"368","t":"27:29:12","h":"Ouest","s":"25N-H57NV10S-84-S"},{"r":"368","t":"27:29:12","h":"Ouest","s":"25N-H57NV20S-80-S"},{"r":"368","t":"27:29:12","h":"Ouest","s":"25S-H57S000S-82-S"},{"r":"368","t":"27:34:33","h":"Ouest","s":"25N-H57N000A-80-A"},{"r":"368","t":"27:34:33","h":"Ouest","s":"25N-H57NV10A-80-A"},{"r":"368","t":"27:34:33","h":"Ouest","s":"25N-H57NV20A-80-A"},{"r":"368","t":"27:34:33","h":"Ouest","s":"25S-H57S000A-80-A"},{"r":"368","t":"28:10:12","h":"Ouest","s":"25N-H57N000I-80-I"},{"r":"368","t":"28:10:12","h":"Ouest","s":"25N-H57N100F-80-F1"},{"r":"368","t":"28:10:12","h":"Ouest","s":"25N-H57N200F-80-F2"},{"r":"368","t":"28:10:12","h":"Ouest","s":"25N-H57N300F-80-F3"},{"r":"368","t":"28:10:12","h":"Ouest","s":"25N-H57N400F-80-F4"},{"r":"368","t":"28:10:12","h":"Ouest","s":"25N-H57NV10I-80-I"},{"r":"368","t":"28:10:12","h":"Ouest","s":"25N-H57NV20I-80-I"},{"r":"368","t":"28:10:12","h":"Ouest","s":"25S-H57S000I-80-I"},{"r":"368","t":"28:10:12","h":"Ouest","s":"25S-H57S100F-80-F1"},{"r":"368","t":"28:10:12","h":"Ouest","s":"25S-H57S200F-80-F2"},{"r":"368","t":"28:11:12","h":"Ouest","s":"25N-H57N000A-80-A"},{"r":"368","t":"28:11:12","h":"Ouest","s":"25N-H57NV10A-80-A"},{"r":"368","t":"28:11:12","h":"Ouest","s":"25N-H57NV20A-80-A"},{"r":"368","t":"28:11:12","h":"Ouest","s":"25S-H57S000A-80-A"},{"r":"368","t":"28:22:12","h":"Ouest","s":"25N-H57N000S-80-S"},{"r":"368","t":"28:22:12","h":"Ouest","s":"25N-H57NV10S-84-S"},{"r":"368","t":"28:22:12","h":"Ouest","s":"25N-H57NV20S-80-S"},{"r":"368","t":"28:22:12","h":"Ouest","s":"25S-H57S000S-82-S"},{"r":"368","t":"28:54:12","h":"Ouest","s":"25N-H57N000A-80-A"},{"r":"368","t":"28:54:12","h":"Ouest","s":"25N-H57NV10A-80-A"},{"r":"368","t":"28:54:12","h":"Ouest","s":"25N-H57NV20A-80-A"},{"r":"368","t":"28:54:12","h":"Ouest","s":"25S-H57S000A-80-A"},{"r":"368","t":"28:56:23","h":"Ouest","s":"25N-H57N000I-80-I"},{"r":"368","t":"28:56:23","h":"Ouest","s":"25N-H57N100F-80-F1"},{"r":"368","t":"28:56:23","h":"Ouest","s":"25N-H57N200F-80-F2"},{"r":"368","t":"28:56:23","h":"Ouest","s":"25N-H57N300F-80-F3"},{"r":"368","t":"28:56:23","h":"Ouest","s":"25N-H57N400F-80-F4"},{"r":"368","t":"28:56:23","h":"Ouest","s":"25N-H57NV10I-80-I"},{"r":"368","t":"28:56:23","h":"Ouest","s":"25N-H57NV20I-80-I"},{"r":"368","t":"28:56:23","h":"Ouest","s":"25S-H57S000I-80-I"},{"r":"368","t":"28:56:23","h":"Ouest","s":"25S-H57S100F-80-F1"},{"r":"368","t":"28:56:23","h":"Ouest","s":"25S-H57S200F-80-F2"},{"r":"368","t":"29:00:12","h":"Ouest","s":"25N-H57N000S-80-S"},{"r":"368","t":"29:00:12","h":"Ouest","s":"25N-H57NV10S-84-S"},{"r":"368","t":"29:00:12","h":"Ouest","s":"25N-H57NV20S-80-S"},{"r":"368","t":"29:00:12","h":"Ouest","s":"25S-H57S000S-82-S"}]