[{"r":"97","t":"05:13:00","h":"Ouest","s":"25N-H57N000I-80-I"},{"r":"97","t":"05:13:00","h":"Ouest","s":"25N-H57N100F-80-F1"},{"r":"97","t":"05:13:00","h":"Ouest","s":"25N-H57N200F-80-F2"},{"r":"97","t":"05:13:00","h":"Ouest","s":"25N-H57N300F-80-F3"},{"r":"97","t":"05:13:00","h":"Ouest","s":"25N-H57N400F-80-F4"},{"r":"97","t":"05:13:00","h":"Ouest","s":"25N-H57NV10I-80-I"},{"r":"97","t":"05:13:00","h":"Ouest","s":"25N-H57NV20I-80-I"},{"r":"97","t":"05:13:00","h":"Ouest","s":"25S-H57S000I-80-I"},{"r":"97","t":"05:13:00","h":"Ouest","s":"25S-H57S100F-80-F1"},{"r":"97","t":"05:13:00","h":"Ouest","s":"25S-H57S200F-80-F2"},{"r":"97","t":"05:30:00","h":"Ouest","s":"25N-H57N000A-80-A"},{"r":"97","t":"05:30:00","h":"Ouest","s":"25N-H57NV10A-80-A"},{"r":"97","t":"05:30:00","h":"Ouest","s":"25N-H57NV20A-80-A"},{"r":"97","t":"05:30:00","h":"Ouest","s":"25S-H57S000A-80-A"},{"r":"97","t":"05:31:00","h":"Ouest","s":"25N-H57N000S-80-S"},{"r":"97","t":"05:31:00","h":"Ouest","s":"25N-H57NV10S-84-S"},{"r":"97","t":"05:31:00","h":"Ouest","s":"25N-H57NV20S-80-S"},{"r":"97","t":"05:31:00","h":"Ouest","s":"25S-H57S000S-82-S"},{"r":"97","t":"05:45:00","h":"Ouest","s":"25N-H57N000I-80-I"},{"r":"97","t":"05:45:00","h":"Ouest","s":"25N-H57N100F-80-F1"},{"r":"97","t":"05:45:00","h":"Ouest","s":"25N-H57N200F-80-F2"},{"r":"97","t":"05:45:00","h":"Ouest","s":"25N-H57N300F-80-F3"},{"r":"97","t":"05:45:00","h":"Ouest","s":"25N-H57N400F-80-F4"},{"r":"97","t":"05:45:00","h":"Ouest","s":"25N-H57NV10I-80-I"},{"r":"97","t":"05:45:00","h":"Ouest","s":"25N-H57NV20I-80-I"},{"r":"97","t":"05:45:00","h":"Ouest","s":"25S-H57S000I-80-I"},{"r":"97","t":"05:45:00","h":"Ouest","s":"25S-H57S100F-80-F1"},{"r":"97","t":"05:45:00","h":"Ouest","s":"25S-H57S200F-80-F2"},{"r":"97","t":"05:54:00","h":"Ouest","s":"25N-H57N000A-80-A"},{"r":"97","t":"05:54:00","h":"Ouest","s":"25N-H57NV10A-80-A"},{"r":"97","t":"05:54:00","h":"Ouest","s":"25N-H57NV20A-80-A"},{"r":"97","t":"05:54:00","h":"Ouest","s":"25S-H57S000A-80-A"},{"r":"97","t":"06:03:00","h":"Ouest","s":"25N-H57N000S-80-S"},{"r":"97","t":"06:03:00","h":"Ouest","s":"25N-H57NV10S-84-S"},{"r":"97","t":"06:03:00","h":"Ouest","s":"25N-H57NV20S-80-S"},{"r":"97","t":"06:03:00","h":"Ouest","s":"25S-H57S000S-82-S"},{"r":"97","t":"06:18:00","h":"Ouest","s":"25N-H57N000I-80-I"},{"r":"97","t":"06:18:00","h":"Ouest","s":"25N-H57N100F-80-F1"},{"r":"97","t":"06:18:00","h":"Ouest","s":"25N-H57N200F-80-F2"},{"r":"97","t":"06:18:00","h":"Ouest","s":"25N-H57N300F-80-F3"},{"r":"97","t":"06:18:00","h":"Ouest","s":"25N-H57N400F-80-F4"},{"r":"97","t":"06:18:00","h":"Ouest","s":"25N-H57NV10I-80-I"},{"r":"97","t":"06:18:00","h":"Ouest","s":"25N-H57NV20I-80-I"},{"r":"97","t":"06:18:00","h":"Ouest","s":"25S-H57S000I-80-I"},{"r":"97","t":"06:18:00","h":"Ouest","s":"25S-H57S100F-80-F1"},{"r":"97","t":"06:18:00","h":"Ouest","s":"25S-H57S200F-80-F2"},{"r":"97","t":"06:19:00","h":"Ouest","s":"25N-H57N000A-80-A"},{"r":"97","t":"06:19:00","h":"Ouest","s":"25N-H57NV10A-80-A"},{"r":"97","t":"06:19:00","h":"Ouest","s":"25N-H57NV20A-80-A"},{"r":"97","t":"06:19:00","h":"Ouest","s":"25S-H57S000A-80-A"},{"r":"97","t":"06:29:00","h":"Ouest","s":"25N-H57N000S-80-S"},{"r":"97","t":"06:29:00","h":"Ouest","s":"25N-H57NV10S-84-S"},{"r":"97","t":"06:29:00","h":"Ouest","s":"25N-H57NV20S-80-S"},{"r":"97","t":"06:29:00","h":"Ouest","s":"25S-H57S000S-82-S"},{"r":"97","t":"06:48:00","h":"Ouest","s":"25N-H57N000A-80-A"},{"r":"97","t":"06:48:00","h":"Ouest","s":"25N-H57NV10A-80-A"},{"r":"97","t":"06:48:00","h":"Ouest","s":"25N-H57NV20A-80-A"},{"r":"97","t":"06:48:00","h":"Ouest","s":"25S-H57S000A-80-A"},{"r":"97","t":"06:50:00","h":"Ouest","s":"25N-H57N000I-80-I"},{"r":"97","t":"06:50:00","h":"Ouest","s":"25N-H57N000S-80-S"},{"r":"97","t":"06:50:00","h":"Ouest","s":"25N-H57N100F-80-F1"},{"r":"97","t":"06:50:00","h":"Ouest","s":"25N-H57N200F-80-F2"},{"r":"97","t":"06:50:00","h":"Ouest","s":"25N-H57N300F-80-F3"},{"r":"97","t":"06:50:00","h":"Ouest","s":"25N-H57N400F-80-F4"},{"r":"97","t":"06:50:00","h":"Ouest","s":"25N-H57NV10I-80-I"},{"r":"97","t":"06:50:00","h":"Ouest","s":"25N-H57NV10S-84-S"},{"r":"97","t":"06:50:00","h":"Ouest","s":"25N-H57NV20I-80-I"},{"r":"97","t":"06:50:00","h":"Ouest","s":"25N-H57NV20S-80-S"},{"r":"97","t":"06:50:00","h":"Ouest","s":"25S-H57S000I-80-I"},{"r":"97","t":"06:50:00","h":"Ouest","s":"25S-H57S000S-82-S"},{"r":"97","t":"06:50:00","h":"Ouest","s":"25S-H57S100F-80-F1"},{"r":"97","t":"06:50:00","h":"Ouest","s":"25S-H57S200F-80-F2"},{"r":"97","t":"07:01:00","h":"Ouest","s":"25N-H57N000S-80-S"},{"r":"97","t":"07:01:00","h":"Ouest","s":"25N-H57NV10S-84-S"},{"r":"97","t":"07:01:00","h":"Ouest","s":"25N-H57NV20S-80-S"},{"r":"97","t":"07:01:00","h":"Ouest","s":"25S-H57S000S-82-S"},{"r":"97","t":"07:10:00","h":"Ouest","s":"25N-H57N000S-80-S"},{"r":"97","t":"07:10:00","h":"Ouest","s":"25N-H57NV10S-84-S"},{"r":"97","t":"07:10:00","h":"Ouest","s":"25N-H57NV20S-80-S"},{"r":"97","t":"07:10:00","h":"Ouest","s":"25S-H57S000S-82-S"},{"r":"97","t":"07:17:00","h":"Ouest","s":"25N-H57N000A-80-A"},{"r":"97","t":"07:17:00","h":"Ouest","s":"25N-H57NV10A-80-A"},{"r":"97","t":"07:17:00","h":"Ouest","s":"25N-H57NV20A-80-A"},{"r":"97","t":"07:17:00","h":"Ouest","s":"25S-H57S000A-80-A"},{"r":"97","t":"07:21:00","h":"Ouest","s":"25N-H57N000I-80-I"},{"r":"97","t":"07:21:00","h":"Ouest","s":"25N-H57N000S-80-S"},{"r":"97","t":"07:21:00","h":"Ouest","s":"25N-H57N100F-80-F1"},{"r":"97","t":"07:21:00","h":"Ouest","s":"25N-H57N200F-80-F2"},{"r":"97","t":"07:21:00","h":"Ouest","s":"25N-H57N300F-80-F3"},{"r":"97","t":"07:21:00","h":"Ouest","s":"25N-H57N400F-80-F4"},{"r":"97","t":"07:21:00","h":"Ouest","s":"25N-H57NV10I-80-I"},{"r":"97","t":"07:21:00","h":"Ouest","s":"25N-H57NV10S-84-S"},{"r":"97","t":"07:21:00","h":"Ouest","s":"25N-H57NV20I-80-I"},{"r":"97","t":"07:21:00","h":"Ouest","s":"25N-H57NV20S-80-S"},{"r":"97","t":"07:21:00","h":"Ouest","s":"25S-H57S000I-80-I"},{"r":"97","t":"07:21:00","h":"Ouest","s":"25S-H57S000S-82-S"},{"r":"97","t":"07:21:00","h":"Ouest","s":"25S-H57S100F-80-F1"},{"r":"97","t":"07:21:00","h":"Ouest","s":"25S-H57S200F-80-F2"},{"r":"97","t":"07:32:00","h":"Ouest","s":"25N-H57N000S-80-S"},{"r":"97","t":"07:32:00","h":"Ouest","s":"25N-H57NV10S-84-S"},{"r":"97","t":"07:32:00","h":"Ouest","s":"25N-H57NV20S-80-S"},{"r":"97","t":"07:32:00","h":"Ouest","s":"25S-H57S000S-82-S"},{"r":"97","t":"07:36:00","h":"Ouest","s":"25N-H57N000S-80-S"},{"r":"97","t":"07:36:00","h":"Ouest","s":"25N-H57NV10S-84-S"},{"r":"97","t":"07:36:00","h":"Ouest","s":"25N-H57NV20S-80-S"},{"r":"97","t":"07:36:00","h":"Ouest","s":"25S-H57S000S-82-S"},{"r":"97","t":"07:38:00","h":"Ouest","s":"25N-H57N000S-80-S"},{"r":"97","t":"07:38:00","h":"Ouest","s":"25N-H57NV10S-84-S"},{"r":"97","t":"07:38:00","h":"Ouest","s":"25N-H57NV20S-80-S"},{"r":"97","t":"07:38:00","h":"Ouest","s":"25S-H57S000S-82-S"},{"r":"97","t":"07:40:00","h":"Ouest","s":"25N-H57N000S-80-S"},{"r":"97","t":"07:40:00","h":"Ouest","s":"25N-H57NV10S-84-S"},{"r":"97","t":"07:40:00","h":"Ouest","s":"25N-H57NV20S-80-S"},{"r":"97","t":"07:40:00","h":"Ouest","s":"25S-H57S000S-82-S"},{"r":"97","t":"07:47:00","h":"Ouest","s":"25N-H57N000S-80-S"},{"r":"97","t":"07:47:00","h":"Ouest","s":"25N-H57NV10S-84-S"},{"r":"97","t":"07:47:00","h":"Ouest","s":"25N-H57NV20S-80-S"},{"r":"97","t":"07:47:00","h":"Ouest","s":"25S-H57S000S-82-S"},{"r":"97","t":"07:49:00","h":"Ouest","s":"25N-H57N000A-80-A"},{"r":"97","t":"07:49:00","h":"Ouest","s":"25N-H57NV10A-80-A"},{"r":"97","t":"07:49:00","h":"Ouest","s":"25N-H57NV20A-80-A"},{"r":"97","t":"07:49:00","h":"Ouest","s":"25S-H57S000A-80-A"},{"r":"97","t":"07:52:00","h":"Ouest","s":"25N-H57N000I-80-I"},{"r":"97","t":"07:52:00","h":"Ouest","s":"25N-H57N100F-80-F1"},{"r":"97","t":"07:52:00","h":"Ouest","s":"25N-H57N200F-80-F2"},{"r":"97","t":"07:52:00","h":"Ouest","s":"25N-H57N300F-80-F3"},{"r":"97","t":"07:52:00","h":"Ouest","s":"25N-H57N400F-80-F4"},{"r":"97","t":"07:52:00","h":"Ouest","s":"25N-H57NV10I-80-I"},{"r":"97","t":"07:52:00","h":"Ouest","s":"25N-H57NV20I-80-I"},{"r":"97","t":"07:52:00","h":"Ouest","s":"25S-H57S000I-80-I"},{"r":"97","t":"07:52:00","h":"Ouest","s":"25S-H57S100F-80-F1"},{"r":"97","t":"07:52:00","h":"Ouest","s":"25S-H57S200F-80-F2"},{"r":"97","t":"08:00:00","h":"Ouest","s":"25N-H57N000S-80-S"},{"r":"97","t":"08:00:00","h":"Ouest","s":"25N-H57NV10S-84-S"},{"r":"97","t":"08:00:00","h":"Ouest","s":"25N-H57NV20S-80-S"},{"r":"97","t":"08:00:00","h":"Ouest","s":"25S-H57S000S-82-S"},{"r":"97","t":"08:05:00","h":"Ouest","s":"25N-H57N000S-80-S"},{"r":"97","t":"08:05:00","h":"Ouest","s":"25N-H57NV10S-84-S"},{"r":"97","t":"08:05:00","h":"Ouest","s":"25N-H57NV20S-80-S"},{"r":"97","t":"08:05:00","h":"Ouest","s":"25S-H57S000S-82-S"},{"r":"97","t":"08:11:00","h":"Ouest","s":"25N-H57N000S-80-S"},{"r":"97","t":"08:11:00","h":"Ouest","s":"25N-H57NV10S-84-S"},{"r":"97","t":"08:11:00","h":"Ouest","s":"25N-H57NV20S-80-S"},{"r":"97","t":"08:11:00","h":"Ouest","s":"25S-H57S000S-82-S"},{"r":"97","t":"08:15:00","h":"Ouest","s":"25N-H57N000S-80-S"},{"r":"97","t":"08:15:00","h":"Ouest","s":"25N-H57NV10S-84-S"},{"r":"97","t":"08:15:00","h":"Ouest","s":"25N-H57NV20S-80-S"},{"r":"97","t":"08:15:00","h":"Ouest","s":"25S-H57S000S-82-S"},{"r":"97","t":"08:19:00","h":"Ouest","s":"25N-H57N000A-80-A"},{"r":"97","t":"08:19:00","h":"Ouest","s":"25N-H57N000S-80-S"},{"r":"97","t":"08:19:00","h":"Ouest","s":"25N-H57NV10A-80-A"},{"r":"97","t":"08:19:00","h":"Ouest","s":"25N-H57NV10S-84-S"},{"r":"97","t":"08:19:00","h":"Ouest","s":"25N-H57NV20A-80-A"},{"r":"97","t":"08:19:00","h":"Ouest","s":"25N-H57NV20S-80-S"},{"r":"97","t":"08:19:00","h":"Ouest","s":"25S-H57S000A-80-A"},{"r":"97","t":"08:19:00","h":"Ouest","s":"25S-H57S000S-82-S"},{"r":"97","t":"08:22:00","h":"Ouest","s":"25N-H57N000I-80-I"},{"r":"97","t":"08:22:00","h":"Ouest","s":"25N-H57N000S-80-S"},{"r":"97","t":"08:22:00","h":"Ouest","s":"25N-H57N100F-80-F1"},{"r":"97","t":"08:22:00","h":"Ouest","s":"25N-H57N200F-80-F2"},{"r":"97","t":"08:22:00","h":"Ouest","s":"25N-H57N300F-80-F3"},{"r":"97","t":"08:22:00","h":"Ouest","s":"25N-H57N400F-80-F4"},{"r":"97","t":"08:22:00","h":"Ouest","s":"25N-H57NV10I-80-I"},{"r":"97","t":"08:22:00","h":"Ouest","s":"25N-H57NV10S-84-S"},{"r":"97","t":"08:22:00","h":"Ouest","s":"25N-H57NV20I-80-I"},{"r":"97","t":"08:22:00","h":"Ouest","s":"25N-H57NV20S-80-S"},{"r":"97","t":"08:22:00","h":"Ouest","s":"25S-H57S000I-80-I"},{"r":"97","t":"08:22:00","h":"Ouest","s":"25S-H57S000S-82-S"},{"r":"97","t":"08:22:00","h":"Ouest","s":"25S-H57S100F-80-F1"},{"r":"97","t":"08:22:00","h":"Ouest","s":"25S-H57S200F-80-F2"},{"r":"97","t":"08:32:00","h":"Ouest","s":"25N-H57N000S-80-S"},{"r":"97","t":"08:32:00","h":"Ouest","s":"25N-H57NV10S-84-S"},{"r":"97","t":"08:32:00","h":"Ouest","s":"25N-H57NV20S-80-S"},{"r":"97","t":"08:32:00","h":"Ouest","s":"25S-H57S000S-82-S"},{"r":"97","t":"08:36:00","h":"Ouest","s":"25N-H57N000S-80-S"},{"r":"97","t":"08:36:00","h":"Ouest","s":"25N-H57NV10S-84-S"},{"r":"97","t":"08:36:00","h":"Ouest","s":"25N-H57NV20S-80-S"},{"r":"97","t":"08:36:00","h":"Ouest","s":"25S-H57S000S-82-S"},{"r":"97","t":"08:48:00","h":"Ouest","s":"25N-H57N000S-80-S"},{"r":"97","t":"08:48:00","h":"Ouest","s":"25N-H57NV10S-84-S"},{"r":"97","t":"08:48:00","h":"Ouest","s":"25N-H57NV20S-80-S"},{"r":"97","t":"08:48:00","h":"Ouest","s":"25S-H57S000S-82-S"},{"r":"97","t":"08:49:00","h":"Ouest","s":"25N-H57N000A-80-A"},{"r":"97","t":"08:49:00","h":"Ouest","s":"25N-H57NV10A-80-A"},{"r":"97","t":"08:49:00","h":"Ouest","s":"25N-H57NV20A-80-A"},{"r":"97","t":"08:49:00","h":"Ouest","s":"25S-H57S000A-80-A"},{"r":"97","t":"08:52:00","h":"Ouest","s":"25N-H57N000I-80-I"},{"r":"97","t":"08:52:00","h":"Ouest","s":"25N-H57N100F-80-F1"},{"r":"97","t":"08:52:00","h":"Ouest","s":"25N-H57N200F-80-F2"},{"r":"97","t":"08:52:00","h":"Ouest","s":"25N-H57N300F-80-F3"},{"r":"97","t":"08:52:00","h":"Ouest","s":"25N-H57N400F-80-F4"},{"r":"97","t":"08:52:00","h":"Ouest","s":"25N-H57NV10I-80-I"},{"r":"97","t":"08:52:00","h":"Ouest","s":"25N-H57NV20I-80-I"},{"r":"97","t":"08:52:00","h":"Ouest","s":"25S-H57S000I-80-I"},{"r":"97","t":"08:52:00","h":"Ouest","s":"25S-H57S100F-80-F1"},{"r":"97","t":"08:52:00","h":"Ouest","s":"25S-H57S200F-80-F2"},{"r":"97","t":"08:58:00","h":"Ouest","s":"25N-H57N000S-80-S"},{"r":"97","t":"08:58:00","h":"Ouest","s":"25N-H57NV10S-84-S"},{"r":"97","t":"08:58:00","h":"Ouest","s":"25N-H57NV20S-80-S"},{"r":"97","t":"08:58:00","h":"Ouest","s":"25S-H57S000S-82-S"},{"r":"97","t":"09:09:00","h":"Ouest","s":"25N-H57N000S-80-S"},{"r":"97","t":"09:09:00","h":"Ouest","s":"25N-H57NV10S-84-S"},{"r":"97","t":"09:09:00","h":"Ouest","s":"25N-H57NV20S-80-S"},{"r":"97","t":"09:09:00","h":"Ouest","s":"25S-H57S000S-82-S"},{"r":"97","t":"09:19:00","h":"Ouest","s":"25N-H57N000A-80-A"},{"r":"97","t":"09:19:00","h":"Ouest","s":"25N-H57NV10A-80-A"},{"r":"97","t":"09:19:00","h":"Ouest","s":"25N-H57NV20A-80-A"},{"r":"97","t":"09:19:00","h":"Ouest","s":"25S-H57S000A-80-A"},{"r":"97","t":"09:21:00","h":"Ouest","s":"25N-H57N000I-80-I"},{"r":"97","t":"09:21:00","h":"Ouest","s":"25N-H57N000S-80-S"},{"r":"97","t":"09:21:00","h":"Ouest","s":"25N-H57N100F-80-F1"},{"r":"97","t":"09:21:00","h":"Ouest","s":"25N-H57N200F-80-F2"},{"r":"97","t":"09:21:00","h":"Ouest","s":"25N-H57N300F-80-F3"},{"r":"97","t":"09:21:00","h":"Ouest","s":"25N-H57N400F-80-F4"},{"r":"97","t":"09:21:00","h":"Ouest","s":"25N-H57NV10I-80-I"},{"r":"97","t":"09:21:00","h":"Ouest","s":"25N-H57NV10S-84-S"},{"r":"97","t":"09:21:00","h":"Ouest","s":"25N-H57NV20I-80-I"},{"r":"97","t":"09:21:00","h":"Ouest","s":"25N-H57NV20S-80-S"},{"r":"97","t":"09:21:00","h":"Ouest","s":"25S-H57S000I-80-I"},{"r":"97","t":"09:21:00","h":"Ouest","s":"25S-H57S000S-82-S"},{"r":"97","t":"09:21:00","h":"Ouest","s":"25S-H57S100F-80-F1"},{"r":"97","t":"09:21:00","h":"Ouest","s":"25S-H57S200F-80-F2"},{"r":"97","t":"09:33:00","h":"Ouest","s":"25N-H57N000S-80-S"},{"r":"97","t":"09:33:00","h":"Ouest","s":"25N-H57NV10S-84-S"},{"r":"97","t":"09:33:00","h":"Ouest","s":"25N-H57NV20S-80-S"},{"r":"97","t":"09:33:00","h":"Ouest","s":"25S-H57S000S-82-S"},{"r":"97","t":"09:45:00","h":"Ouest","s":"25N-H54N000S-80-S"},{"r":"97","t":"09:45:00","h":"Ouest","s":"25N-H54NV10S-82-S"},{"r":"97","t":"09:45:00","h":"Ouest","s":"25N-H54NV20S-80-S"},{"r":"97","t":"09:45:00","h":"Ouest","s":"25S-H54S000S-82-S"},{"r":"97","t":"09:49:00","h":"Ouest","s":"25N-H57N000A-80-A"},{"r":"97","t":"09:49:00","h":"Ouest","s":"25N-H57NV10A-80-A"},{"r":"97","t":"09:49:00","h":"Ouest","s":"25N-H57NV20A-80-A"},{"r":"97","t":"09:49:00","h":"Ouest","s":"25S-H57S000A-80-A"},{"r":"97","t":"09:50:00","h":"Ouest","s":"25N-H57N000I-80-I"},{"r":"97","t":"09:50:00","h":"Ouest","s":"25N-H57N100F-80-F1"},{"r":"97","t":"09:50:00","h":"Ouest","s":"25N-H57N200F-80-F2"},{"r":"97","t":"09:50:00","h":"Ouest","s":"25N-H57N300F-80-F3"},{"r":"97","t":"09:50:00","h":"Ouest","s":"25N-H57N400F-80-F4"},{"r":"97","t":"09:50:00","h":"Ouest","s":"25N-H57NV10I-80-I"},{"r":"97","t":"09:50:00","h":"Ouest","s":"25N-H57NV20I-80-I"},{"r":"97","t":"09:50:00","h":"Ouest","s":"25S-H57S000I-80-I"},{"r":"97","t":"09:50:00","h":"Ouest","s":"25S-H57S100F-80-F1"},{"r":"97","t":"09:50:00","h":"Ouest","s":"25S-H57S200F-80-F2"},{"r":"97","t":"10:00:00","h":"Ouest","s":"25N-H57N000S-80-S"},{"r":"97","t":"10:00:00","h":"Ouest","s":"25N-H57NV10S-84-S"},{"r":"97","t":"10:00:00","h":"Ouest","s":"25N-H57NV20S-80-S"},{"r":"97","t":"10:00:00","h":"Ouest","s":"25S-H57S000S-82-S"},{"r":"97","t":"10:11:00","h":"Ouest","s":"25N-H57N000A-80-A"},{"r":"97","t":"10:11:00","h":"Ouest","s":"25N-H57NV10A-80-A"},{"r":"97","t":"10:11:00","h":"Ouest","s":"25N-H57NV20A-80-A"},{"r":"97","t":"10:11:00","h":"Ouest","s":"25S-H57S000A-80-A"},{"r":"97","t":"10:17:00","h":"Ouest","s":"25N-H57N000S-80-S"},{"r":"97","t":"10:17:00","h":"Ouest","s":"25N-H57NV10S-84-S"},{"r":"97","t":"10:17:00","h":"Ouest","s":"25N-H57NV20S-80-S"},{"r":"97","t":"10:17:00","h":"Ouest","s":"25S-H57S000S-82-S"},{"r":"97","t":"10:22:00","h":"Ouest","s":"25N-H57N000I-80-I"},{"r":"97","t":"10:22:00","h":"Ouest","s":"25N-H57N100F-80-F1"},{"r":"97","t":"10:22:00","h":"Ouest","s":"25N-H57N200F-80-F2"},{"r":"97","t":"10:22:00","h":"Ouest","s":"25N-H57N300F-80-F3"},{"r":"97","t":"10:22:00","h":"Ouest","s":"25N-H57N400F-80-F4"},{"r":"97","t":"10:22:00","h":"Ouest","s":"25N-H57NV10I-80-I"},{"r":"97","t":"10:22:00","h":"Ouest","s":"25N-H57NV20I-80-I"},{"r":"97","t":"10:22:00","h":"Ouest","s":"25S-H57S000I-80-I"},{"r":"97","t":"10:22:00","h":"Ouest","s":"25S-H57S100F-80-F1"},{"r":"97","t":"10:22:00","h":"Ouest","s":"25S-H57S200F-80-F2"},{"r":"97","t":"10:32:00","h":"Ouest","s":"25N-H57N000A-80-A"},{"r":"97","t":"10:32:00","h":"Ouest","s":"25N-H57NV10A-80-A"},{"r":"97","t":"10:32:00","h":"Ouest","s":"25N-H57NV20A-80-A"},{"r":"97","t":"10:32:00","h":"Ouest","s":"25S-H57S000A-80-A"},{"r":"97","t":"10:38:00","h":"Ouest","s":"25N-H57N000S-80-S"},{"r":"97","t":"10:38:00","h":"Ouest","s":"25N-H57NV10S-84-S"},{"r":"97","t":"10:38:00","h":"Ouest","s":"25N-H57NV20S-80-S"},{"r":"97","t":"10:38:00","h":"Ouest","s":"25S-H57S000S-82-S"},{"r":"97","t":"10:53:00","h":"Ouest","s":"25N-H57N000I-80-I"},{"r":"97","t":"10:53:00","h":"Ouest","s":"25N-H57N100F-80-F1"},{"r":"97","t":"10:53:00","h":"Ouest","s":"25N-H57N200F-80-F2"},{"r":"97","t":"10:53:00","h":"Ouest","s":"25N-H57N300F-80-F3"},{"r":"97","t":"10:53:00","h":"Ouest","s":"25N-H57N400F-80-F4"},{"r":"97","t":"10:53:00","h":"Ouest","s":"25N-H57NV10I-80-I"},{"r":"97","t":"10:53:00","h":"Ouest","s":"25N-H57NV20I-80-I"},{"r":"97","t":"10:53:00","h":"Ouest","s":"25S-H57S000I-80-I"},{"r":"97","t":"10:53:00","h":"Ouest","s":"25S-H57S100F-80-F1"},{"r":"97","t":"10:53:00","h":"Ouest","s":"25S-H57S200F-80-F2"},{"r":"97","t":"10:55:00","h":"Ouest","s":"25N-H57N000A-80-A"},{"r":"97","t":"10:55:00","h":"Ouest","s":"25N-H57NV10A-80-A"},{"r":"97","t":"10:55:00","h":"Ouest","s":"25N-H57NV20A-80-A"},{"r":"97","t":"10:55:00","h":"Ouest","s":"25S-H57S000A-80-A"},{"r":"97","t":"11:02:00","h":"Ouest","s":"25N-H57N000S-80-S"},{"r":"97","t":"11:02:00","h":"Ouest","s":"25N-H57NV10S-84-S"},{"r":"97","t":"11:02:00","h":"Ouest","s":"25N-H57NV20S-80-S"},{"r":"97","t":"11:02:00","h":"Ouest","s":"25S-H57S000S-82-S"},{"r":"97","t":"11:17:00","h":"Ouest","s":"25N-H57N000A-80-A"},{"r":"97","t":"11:17:00","h":"Ouest","s":"25N-H57NV10A-80-A"},{"r":"97","t":"11:17:00","h":"Ouest","s":"25N-H57NV20A-80-A"},{"r":"97","t":"11:17:00","h":"Ouest","s":"25S-H57S000A-80-A"},{"r":"97","t":"11:23:00","h":"Ouest","s":"25N-H57N000I-80-I"},{"r":"97","t":"11:23:00","h":"Ouest","s":"25N-H57N100F-80-F1"},{"r":"97","t":"11:23:00","h":"Ouest","s":"25N-H57N200F-80-F2"},{"r":"97","t":"11:23:00","h":"Ouest","s":"25N-H57N300F-80-F3"},{"r":"97","t":"11:23:00","h":"Ouest","s":"25N-H57N400F-80-F4"},{"r":"97","t":"11:23:00","h":"Ouest","s":"25N-H57NV10I-80-I"},{"r":"97","t":"11:23:00","h":"Ouest","s":"25N-H57NV20I-80-I"},{"r":"97","t":"11:23:00","h":"Ouest","s":"25S-H57S000I-80-I"},{"r":"97","t":"11:23:00","h":"Ouest","s":"25S-H57S100F-80-F1"},{"r":"97","t":"11:23:00","h":"Ouest","s":"25S-H57S200F-80-F2"},{"r":"97","t":"11:24:00","h":"Ouest","s":"25N-H57N000S-80-S"},{"r":"97","t":"11:24:00","h":"Ouest","s":"25N-H57NV10S-84-S"},{"r":"97","t":"11:24:00","h":"Ouest","s":"25N-H57NV20S-80-S"},{"r":"97","t":"11:24:00","h":"Ouest","s":"25S-H57S000S-82-S"},{"r":"97","t":"11:39:00","h":"Ouest","s":"25N-H57N000A-80-A"},{"r":"97","t":"11:39:00","h":"Ouest","s":"25N-H57NV10A-80-A"},{"r":"97","t":"11:39:00","h":"Ouest","s":"25N-H57NV20A-80-A"},{"r":"97","t":"11:39:00","h":"Ouest","s":"25S-H57S000A-80-A"},{"r":"97","t":"11:46:00","h":"Ouest","s":"25N-H57N000S-80-S"},{"r":"97","t":"11:46:00","h":"Ouest","s":"25N-H57NV10S-84-S"},{"r":"97","t":"11:46:00","h":"Ouest","s":"25N-H57NV20S-80-S"},{"r":"97","t":"11:46:00","h":"Ouest","s":"25S-H57S000S-82-S"},{"r":"97","t":"11:47:00","h":"Ouest","s":"25N-H57N000I-80-I"},{"r":"97","t":"11:47:00","h":"Ouest","s":"25N-H57N100F-80-F1"},{"r":"97","t":"11:47:00","h":"Ouest","s":"25N-H57N200F-80-F2"},{"r":"97","t":"11:47:00","h":"Ouest","s":"25N-H57N300F-80-F3"},{"r":"97","t":"11:47:00","h":"Ouest","s":"25N-H57N400F-80-F4"},{"r":"97","t":"11:47:00","h":"Ouest","s":"25N-H57NV10I-80-I"},{"r":"97","t":"11:47:00","h":"Ouest","s":"25N-H57NV20I-80-I"},{"r":"97","t":"11:47:00","h":"Ouest","s":"25S-H57S000I-80-I"},{"r":"97","t":"11:47:00","h":"Ouest","s":"25S-H57S100F-80-F1"},{"r":"97","t":"11:47:00","h":"Ouest","s":"25S-H57S200F-80-F2"},{"r":"97","t":"12:01:00","h":"Ouest","s":"25N-H57N000A-80-A"},{"r":"97","t":"12:01:00","h":"Ouest","s":"25N-H57NV10A-80-A"},{"r":"97","t":"12:01:00","h":"Ouest","s":"25N-H57NV20A-80-A"},{"r":"97","t":"12:01:00","h":"Ouest","s":"25S-H57S000A-80-A"},{"r":"97","t":"12:08:00","h":"Ouest","s":"25N-H57N000S-80-S"},{"r":"97","t":"12:08:00","h":"Ouest","s":"25N-H57NV10S-84-S"},{"r":"97","t":"12:08:00","h":"Ouest","s":"25N-H57NV20S-80-S"},{"r":"97","t":"12:08:00","h":"Ouest","s":"25S-H57S000S-82-S"},{"r":"97","t":"12:11:00","h":"Ouest","s":"25N-H57N000I-80-I"},{"r":"97","t":"12:11:00","h":"Ouest","s":"25N-H57N100F-80-F1"},{"r":"97","t":"12:11:00","h":"Ouest","s":"25N-H57N200F-80-F2"},{"r":"97","t":"12:11:00","h":"Ouest","s":"25N-H57N300F-80-F3"},{"r":"97","t":"12:11:00","h":"Ouest","s":"25N-H57N400F-80-F4"},{"r":"97","t":"12:11:00","h":"Ouest","s":"25N-H57NV10I-80-I"},{"r":"97","t":"12:11:00","h":"Ouest","s":"25N-H57NV20I-80-I"},{"r":"97","t":"12:11:00","h":"Ouest","s":"25S-H57S000I-80-I"},{"r":"97","t":"12:11:00","h":"Ouest","s":"25S-H57S100F-80-F1"},{"r":"97","t":"12:11:00","h":"Ouest","s":"25S-H57S200F-80-F2"},{"r":"97","t":"12:20:00","h":"Ouest","s":"25N-H57N000A-80-A"},{"r":"97","t":"12:20:00","h":"Ouest","s":"25N-H57NV10A-80-A"},{"r":"97","t":"12:20:00","h":"Ouest","s":"25N-H57NV20A-80-A"},{"r":"97","t":"12:20:00","h":"Ouest","s":"25S-H57S000A-80-A"},{"r":"97","t":"12:31:00","h":"Ouest","s":"25N-H57N000S-80-S"},{"r":"97","t":"12:31:00","h":"Ouest","s":"25N-H57NV10S-84-S"},{"r":"97","t":"12:31:00","h":"Ouest","s":"25N-H57NV20S-80-S"},{"r":"97","t":"12:31:00","h":"Ouest","s":"25S-H57S000S-82-S"},{"r":"97","t":"12:36:00","h":"Ouest","s":"25N-H57N000I-80-I"},{"r":"97","t":"12:36:00","h":"Ouest","s":"25N-H57N100F-80-F1"},{"r":"97","t":"12:36:00","h":"Ouest","s":"25N-H57N200F-80-F2"},{"r":"97","t":"12:36:00","h":"Ouest","s":"25N-H57N300F-80-F3"},{"r":"97","t":"12:36:00","h":"Ouest","s":"25N-H57N400F-80-F4"},{"r":"97","t":"12:36:00","h":"Ouest","s":"25N-H57NV10I-80-I"},{"r":"97","t":"12:36:00","h":"Ouest","s":"25N-H57NV20I-80-I"},{"r":"97","t":"12:36:00","h":"Ouest","s":"25S-H57S000I-80-I"},{"r":"97","t":"12:36:00","h":"Ouest","s":"25S-H57S100F-80-F1"},{"r":"97","t":"12:36:00","h":"Ouest","s":"25S-H57S200F-80-F2"},{"r":"97","t":"12:38:00","h":"Ouest","s":"25N-H57N000A-80-A"},{"r":"97","t":"12:38:00","h":"Ouest","s":"25N-H57NV10A-80-A"},{"r":"97","t":"12:38:00","h":"Ouest","s":"25N-H57NV20A-80-A"},{"r":"97","t":"12:38:00","h":"Ouest","s":"25S-H57S000A-80-A"},{"r":"97","t":"12:54:00","h":"Ouest","s":"25N-H57N000A-80-A"},{"r":"97","t":"12:54:00","h":"Ouest","s":"25N-H57N000S-80-S"},{"r":"97","t":"12:54:00","h":"Ouest","s":"25N-H57NV10A-80-A"},{"r":"97","t":"12:54:00","h":"Ouest","s":"25N-H57NV10S-84-S"},{"r":"97","t":"12:54:00","h":"Ouest","s":"25N-H57NV20A-80-A"},{"r":"97","t":"12:54:00","h":"Ouest","s":"25N-H57NV20S-80-S"},{"r":"97","t":"12:54:00","h":"Ouest","s":"25S-H57S000A-80-A"},{"r":"97","t":"12:54:00","h":"Ouest","s":"25S-H57S000S-82-S"},{"r":"97","t":"13:01:00","h":"Ouest","s":"25N-H57N000I-80-I"},{"r":"97","t":"13:01:00","h":"Ouest","s":"25N-H57N100F-80-F1"},{"r":"97","t":"13:01:00","h":"Ouest","s":"25N-H57N200F-80-F2"},{"r":"97","t":"13:01:00","h":"Ouest","s":"25N-H57N300F-80-F3"},{"r":"97","t":"13:01:00","h":"Ouest","s":"25N-H57N400F-80-F4"},{"r":"97","t":"13:01:00","h":"Ouest","s":"25N-H57NV10I-80-I"},{"r":"97","t":"13:01:00","h":"Ouest","s":"25N-H57NV20I-80-I"},{"r":"97","t":"13:01:00","h":"Ouest","s":"25S-H57S000I-80-I"},{"r":"97","t":"13:01:00","h":"Ouest","s":"25S-H57S100F-80-F1"},{"r":"97","t":"13:01:00","h":"Ouest","s":"25S-H57S200F-80-F2"},{"r":"97","t":"13:10:00","h":"Ouest","s":"25N-H57N000A-80-A"},{"r":"97","t":"13:10:00","h":"Ouest","s":"25N-H57NV10A-80-A"},{"r":"97","t":"13:10:00","h":"Ouest","s":"25N-H57NV20A-80-A"},{"r":"97","t":"13:10:00","h":"Ouest","s":"25S-H57S000A-80-A"},{"r":"97","t":"13:17:00","h":"Ouest","s":"25N-H57N000S-80-S"},{"r":"97","t":"13:17:00","h":"Ouest","s":"25N-H57NV10S-84-S"},{"r":"97","t":"13:17:00","h":"Ouest","s":"25N-H57NV20S-80-S"},{"r":"97","t":"13:17:00","h":"Ouest","s":"25S-H57S000S-82-S"},{"r":"97","t":"13:25:00","h":"Ouest","s":"25N-H57N000I-80-I"},{"r":"97","t":"13:25:00","h":"Ouest","s":"25N-H57N100F-80-F1"},{"r":"97","t":"13:25:00","h":"Ouest","s":"25N-H57N200F-80-F2"},{"r":"97","t":"13:25:00","h":"Ouest","s":"25N-H57N300F-80-F3"},{"r":"97","t":"13:25:00","h":"Ouest","s":"25N-H57N400F-80-F4"},{"r":"97","t":"13:25:00","h":"Ouest","s":"25N-H57NV10I-80-I"},{"r":"97","t":"13:25:00","h":"Ouest","s":"25N-H57NV20I-80-I"},{"r":"97","t":"13:25:00","h":"Ouest","s":"25S-H57S000I-80-I"},{"r":"97","t":"13:25:00","h":"Ouest","s":"25S-H57S100F-80-F1"},{"r":"97","t":"13:25:00","h":"Ouest","s":"25S-H57S200F-80-F2"},{"r":"97","t":"13:27:00","h":"Ouest","s":"25N-H57N000A-80-A"},{"r":"97","t":"13:27:00","h":"Ouest","s":"25N-H57NV10A-80-A"},{"r":"97","t":"13:27:00","h":"Ouest","s":"25N-H57NV20A-80-A"},{"r":"97","t":"13:27:00","h":"Ouest","s":"25S-H57S000A-80-A"},{"r":"97","t":"13:36:00","h":"Ouest","s":"25N-H57N000S-80-S"},{"r":"97","t":"13:36:00","h":"Ouest","s":"25N-H57NV10S-84-S"},{"r":"97","t":"13:36:00","h":"Ouest","s":"25N-H57NV20S-80-S"},{"r":"97","t":"13:36:00","h":"Ouest","s":"25S-H57S000S-82-S"},{"r":"97","t":"13:41:00","h":"Ouest","s":"25N-H57N000A-80-A"},{"r":"97","t":"13:41:00","h":"Ouest","s":"25N-H57NV10A-80-A"},{"r":"97","t":"13:41:00","h":"Ouest","s":"25N-H57NV20A-80-A"},{"r":"97","t":"13:41:00","h":"Ouest","s":"25S-H57S000A-80-A"},{"r":"97","t":"13:42:00","h":"Ouest","s":"25N-H57N000I-80-I"},{"r":"97","t":"13:42:00","h":"Ouest","s":"25N-H57N100F-80-F1"},{"r":"97","t":"13:42:00","h":"Ouest","s":"25N-H57N200F-80-F2"},{"r":"97","t":"13:42:00","h":"Ouest","s":"25N-H57N300F-80-F3"},{"r":"97","t":"13:42:00","h":"Ouest","s":"25N-H57N400F-80-F4"},{"r":"97","t":"13:42:00","h":"Ouest","s":"25N-H57NV10I-80-I"},{"r":"97","t":"13:42:00","h":"Ouest","s":"25N-H57NV20I-80-I"},{"r":"97","t":"13:42:00","h":"Ouest","s":"25S-H57S000I-80-I"},{"r":"97","t":"13:42:00","h":"Ouest","s":"25S-H57S100F-80-F1"},{"r":"97","t":"13:42:00","h":"Ouest","s":"25S-H57S200F-80-F2"},{"r":"97","t":"13:54:00","h":"Ouest","s":"25N-H57N000S-80-S"},{"r":"97","t":"13:54:00","h":"Ouest","s":"25N-H57NV10S-84-S"},{"r":"97","t":"13:54:00","h":"Ouest","s":"25N-H57NV20S-80-S"},{"r":"97","t":"13:54:00","h":"Ouest","s":"25S-H57S000S-82-S"},{"r":"97","t":"13:55:00","h":"Ouest","s":"25N-H57N000A-80-A"},{"r":"97","t":"13:55:00","h":"Ouest","s":"25N-H57NV10A-80-A"},{"r":"97","t":"13:55:00","h":"Ouest","s":"25N-H57NV20A-80-A"},{"r":"97","t":"13:55:00","h":"Ouest","s":"25S-H57S000A-80-A"},{"r":"97","t":"13:59:00","h":"Ouest","s":"25N-H57N000I-80-I"},{"r":"97","t":"13:59:00","h":"Ouest","s":"25N-H57N100F-80-F1"},{"r":"97","t":"13:59:00","h":"Ouest","s":"25N-H57N200F-80-F2"},{"r":"97","t":"13:59:00","h":"Ouest","s":"25N-H57N300F-80-F3"},{"r":"97","t":"13:59:00","h":"Ouest","s":"25N-H57N400F-80-F4"},{"r":"97","t":"13:59:00","h":"Ouest","s":"25N-H57NV10I-80-I"},{"r":"97","t":"13:59:00","h":"Ouest","s":"25N-H57NV20I-80-I"},{"r":"97","t":"13:59:00","h":"Ouest","s":"25S-H57S000I-80-I"},{"r":"97","t":"13:59:00","h":"Ouest","s":"25S-H57S100F-80-F1"},{"r":"97","t":"13:59:00","h":"Ouest","s":"25S-H57S200F-80-F2"},{"r":"97","t":"14:09:00","h":"Ouest","s":"25N-H57N000A-80-A"},{"r":"97","t":"14:09:00","h":"Ouest","s":"25N-H57NV10A-80-A"},{"r":"97","t":"14:09:00","h":"Ouest","s":"25N-H57NV20A-80-A"},{"r":"97","t":"14:09:00","h":"Ouest","s":"25S-H57S000A-80-A"},{"r":"97","t":"14:12:00","h":"Ouest","s":"25N-H57N000S-80-S"},{"r":"97","t":"14:12:00","h":"Ouest","s":"25N-H57NV10S-84-S"},{"r":"97","t":"14:12:00","h":"Ouest","s":"25N-H57NV20S-80-S"},{"r":"97","t":"14:12:00","h":"Ouest","s":"25S-H57S000S-82-S"},{"r":"97","t":"14:16:00","h":"Ouest","s":"25N-H57N000I-80-I"},{"r":"97","t":"14:16:00","h":"Ouest","s":"25N-H57N100F-80-F1"},{"r":"97","t":"14:16:00","h":"Ouest","s":"25N-H57N200F-80-F2"},{"r":"97","t":"14:16:00","h":"Ouest","s":"25N-H57N300F-80-F3"},{"r":"97","t":"14:16:00","h":"Ouest","s":"25N-H57N400F-80-F4"},{"r":"97","t":"14:16:00","h":"Ouest","s":"25N-H57NV10I-80-I"},{"r":"97","t":"14:16:00","h":"Ouest","s":"25N-H57NV20I-80-I"},{"r":"97","t":"14:16:00","h":"Ouest","s":"25S-H57S000I-80-I"},{"r":"97","t":"14:16:00","h":"Ouest","s":"25S-H57S100F-80-F1"},{"r":"97","t":"14:16:00","h":"Ouest","s":"25S-H57S200F-80-F2"},{"r":"97","t":"14:23:00","h":"Ouest","s":"25N-H57N000A-80-A"},{"r":"97","t":"14:23:00","h":"Ouest","s":"25N-H57NV10A-80-A"},{"r":"97","t":"14:23:00","h":"Ouest","s":"25N-H57NV20A-80-A"},{"r":"97","t":"14:23:00","h":"Ouest","s":"25S-H57S000A-80-A"},{"r":"97","t":"14:31:00","h":"Ouest","s":"25N-H57N000S-80-S"},{"r":"97","t":"14:31:00","h":"Ouest","s":"25N-H57NV10S-84-S"},{"r":"97","t":"14:31:00","h":"Ouest","s":"25N-H57NV20S-80-S"},{"r":"97","t":"14:31:00","h":"Ouest","s":"25S-H57S000S-82-S"},{"r":"97","t":"14:33:00","h":"Ouest","s":"25N-H57N000I-80-I"},{"r":"97","t":"14:33:00","h":"Ouest","s":"25N-H57N100F-80-F1"},{"r":"97","t":"14:33:00","h":"Ouest","s":"25N-H57N200F-80-F2"},{"r":"97","t":"14:33:00","h":"Ouest","s":"25N-H57N300F-80-F3"},{"r":"97","t":"14:33:00","h":"Ouest","s":"25N-H57N400F-80-F4"},{"r":"97","t":"14:33:00","h":"Ouest","s":"25N-H57NV10I-80-I"},{"r":"97","t":"14:33:00","h":"Ouest","s":"25N-H57NV20I-80-I"},{"r":"97","t":"14:33:00","h":"Ouest","s":"25S-H57S000I-80-I"},{"r":"97","t":"14:33:00","h":"Ouest","s":"25S-H57S100F-80-F1"},{"r":"97","t":"14:33:00","h":"Ouest","s":"25S-H57S200F-80-F2"},{"r":"97","t":"14:38:00","h":"Ouest","s":"25N-H57N000A-80-A"},{"r":"97","t":"14:38:00","h":"Ouest","s":"25N-H57NV10A-80-A"},{"r":"97","t":"14:38:00","h":"Ouest","s":"25N-H57NV20A-80-A"},{"r":"97","t":"14:38:00","h":"Ouest","s":"25S-H57S000A-80-A"},{"r":"97","t":"14:51:00","h":"Ouest","s":"25N-H57N000I-80-I"},{"r":"97","t":"14:51:00","h":"Ouest","s":"25N-H57N000S-80-S"},{"r":"97","t":"14:51:00","h":"Ouest","s":"25N-H57N100F-80-F1"},{"r":"97","t":"14:51:00","h":"Ouest","s":"25N-H57N200F-80-F2"},{"r":"97","t":"14:51:00","h":"Ouest","s":"25N-H57N300F-80-F3"},{"r":"97","t":"14:51:00","h":"Ouest","s":"25N-H57N400F-80-F4"},{"r":"97","t":"14:51:00","h":"Ouest","s":"25N-H57NV10I-80-I"},{"r":"97","t":"14:51:00","h":"Ouest","s":"25N-H57NV10S-84-S"},{"r":"97","t":"14:51:00","h":"Ouest","s":"25N-H57NV20I-80-I"},{"r":"97","t":"14:51:00","h":"Ouest","s":"25N-H57NV20S-80-S"},{"r":"97","t":"14:51:00","h":"Ouest","s":"25S-H57S000I-80-I"},{"r":"97","t":"14:51:00","h":"Ouest","s":"25S-H57S000S-82-S"},{"r":"97","t":"14:51:00","h":"Ouest","s":"25S-H57S100F-80-F1"},{"r":"97","t":"14:51:00","h":"Ouest","s":"25S-H57S200F-80-F2"},{"r":"97","t":"14:53:00","h":"Ouest","s":"25N-H57N000A-80-A"},{"r":"97","t":"14:53:00","h":"Ouest","s":"25N-H57NV10A-80-A"},{"r":"97","t":"14:53:00","h":"Ouest","s":"25N-H57NV20A-80-A"},{"r":"97","t":"14:53:00","h":"Ouest","s":"25S-H57S000A-80-A"},{"r":"97","t":"15:08:00","h":"Ouest","s":"25N-H57N000A-80-A"},{"r":"97","t":"15:08:00","h":"Ouest","s":"25N-H57N000I-80-I"},{"r":"97","t":"15:08:00","h":"Ouest","s":"25N-H57N100F-80-F1"},{"r":"97","t":"15:08:00","h":"Ouest","s":"25N-H57N200F-80-F2"},{"r":"97","t":"15:08:00","h":"Ouest","s":"25N-H57N300F-80-F3"},{"r":"97","t":"15:08:00","h":"Ouest","s":"25N-H57N400F-80-F4"},{"r":"97","t":"15:08:00","h":"Ouest","s":"25N-H57NV10A-80-A"},{"r":"97","t":"15:08:00","h":"Ouest","s":"25N-H57NV10I-80-I"},{"r":"97","t":"15:08:00","h":"Ouest","s":"25N-H57NV20A-80-A"},{"r":"97","t":"15:08:00","h":"Ouest","s":"25N-H57NV20I-80-I"},{"r":"97","t":"15:08:00","h":"Ouest","s":"25S-H57S000A-80-A"},{"r":"97","t":"15:08:00","h":"Ouest","s":"25S-H57S000I-80-I"},{"r":"97","t":"15:08:00","h":"Ouest","s":"25S-H57S100F-80-F1"},{"r":"97","t":"15:08:00","h":"Ouest","s":"25S-H57S200F-80-F2"},{"r":"97","t":"15:10:00","h":"Ouest","s":"25N-H57N000S-80-S"},{"r":"97","t":"15:10:00","h":"Ouest","s":"25N-H57NV10S-84-S"},{"r":"97","t":"15:10:00","h":"Ouest","s":"25N-H57NV20S-80-S"},{"r":"97","t":"15:10:00","h":"Ouest","s":"25S-H57S000S-82-S"},{"r":"97","t":"15:23:00","h":"Ouest","s":"25N-H57N000A-80-A"},{"r":"97","t":"15:23:00","h":"Ouest","s":"25N-H57NV10A-80-A"},{"r":"97","t":"15:23:00","h":"Ouest","s":"25N-H57NV20A-80-A"},{"r":"97","t":"15:23:00","h":"Ouest","s":"25S-H57S000A-80-A"},{"r":"97","t":"15:25:00","h":"Ouest","s":"25N-H57N000I-80-I"},{"r":"97","t":"15:25:00","h":"Ouest","s":"25N-H57N100F-80-F1"},{"r":"97","t":"15:25:00","h":"Ouest","s":"25N-H57N200F-80-F2"},{"r":"97","t":"15:25:00","h":"Ouest","s":"25N-H57N300F-80-F3"},{"r":"97","t":"15:25:00","h":"Ouest","s":"25N-H57N400F-80-F4"},{"r":"97","t":"15:25:00","h":"Ouest","s":"25N-H57NV10I-80-I"},{"r":"97","t":"15:25:00","h":"Ouest","s":"25N-H57NV20I-80-I"},{"r":"97","t":"15:25:00","h":"Ouest","s":"25S-H57S000I-80-I"},{"r":"97","t":"15:25:00","h":"Ouest","s":"25S-H57S100F-80-F1"},{"r":"97","t":"15:25:00","h":"Ouest","s":"25S-H57S200F-80-F2"},{"r":"97","t":"15:28:00","h":"Ouest","s":"25N-H57N000S-80-S"},{"r":"97","t":"15:28:00","h":"Ouest","s":"25N-H57NV10S-84-S"},{"r":"97","t":"15:28:00","h":"Ouest","s":"25N-H57NV20S-80-S"},{"r":"97","t":"15:28:00","h":"Ouest","s":"25S-H57S000S-82-S"},{"r":"97","t":"15:39:00","h":"Ouest","s":"25N-H57N000A-80-A"},{"r":"97","t":"15:39:00","h":"Ouest","s":"25N-H57NV10A-80-A"},{"r":"97","t":"15:39:00","h":"Ouest","s":"25N-H57NV20A-80-A"},{"r":"97","t":"15:39:00","h":"Ouest","s":"25S-H57S000A-80-A"},{"r":"97","t":"15:42:00","h":"Ouest","s":"25N-H57N000I-80-I"},{"r":"97","t":"15:42:00","h":"Ouest","s":"25N-H57N100F-80-F1"},{"r":"97","t":"15:42:00","h":"Ouest","s":"25N-H57N200F-80-F2"},{"r":"97","t":"15:42:00","h":"Ouest","s":"25N-H57N300F-80-F3"},{"r":"97","t":"15:42:00","h":"Ouest","s":"25N-H57N400F-80-F4"},{"r":"97","t":"15:42:00","h":"Ouest","s":"25N-H57NV10I-80-I"},{"r":"97","t":"15:42:00","h":"Ouest","s":"25N-H57NV20I-80-I"},{"r":"97","t":"15:42:00","h":"Ouest","s":"25S-H57S000I-80-I"},{"r":"97","t":"15:42:00","h":"Ouest","s":"25S-H57S100F-80-F1"},{"r":"97","t":"15:42:00","h":"Ouest","s":"25S-H57S200F-80-F2"},{"r":"97","t":"15:47:00","h":"Ouest","s":"25N-H57N000S-80-S"},{"r":"97","t":"15:47:00","h":"Ouest","s":"25N-H57NV10S-84-S"},{"r":"97","t":"15:47:00","h":"Ouest","s":"25N-H57NV20S-80-S"},{"r":"97","t":"15:47:00","h":"Ouest","s":"25S-H57S000S-82-S"},{"r":"97","t":"15:55:00","h":"Ouest","s":"25N-H57N000A-80-A"},{"r":"97","t":"15:55:00","h":"Ouest","s":"25N-H57NV10A-80-A"},{"r":"97","t":"15:55:00","h":"Ouest","s":"25N-H57NV20A-80-A"},{"r":"97","t":"15:55:00","h":"Ouest","s":"25S-H57S000A-80-A"},{"r":"97","t":"16:00:00","h":"Ouest","s":"25N-H57N000I-80-I"},{"r":"97","t":"16:00:00","h":"Ouest","s":"25N-H57N100F-80-F1"},{"r":"97","t":"16:00:00","h":"Ouest","s":"25N-H57N200F-80-F2"},{"r":"97","t":"16:00:00","h":"Ouest","s":"25N-H57N300F-80-F3"},{"r":"97","t":"16:00:00","h":"Ouest","s":"25N-H57N400F-80-F4"},{"r":"97","t":"16:00:00","h":"Ouest","s":"25N-H57NV10I-80-I"},{"r":"97","t":"16:00:00","h":"Ouest","s":"25N-H57NV20I-80-I"},{"r":"97","t":"16:00:00","h":"Ouest","s":"25S-H57S000I-80-I"},{"r":"97","t":"16:00:00","h":"Ouest","s":"25S-H57S100F-80-F1"},{"r":"97","t":"16:00:00","h":"Ouest","s":"25S-H57S200F-80-F2"},{"r":"97","t":"16:07:00","h":"Ouest","s":"25N-H57N000S-80-S"},{"r":"97","t":"16:07:00","h":"Ouest","s":"25N-H57NV10S-84-S"},{"r":"97","t":"16:07:00","h":"Ouest","s":"25N-H57NV20S-80-S"},{"r":"97","t":"16:07:00","h":"Ouest","s":"25S-H57S000S-82-S"},{"r":"97","t":"16:15:00","h":"Ouest","s":"25N-H57N000A-80-A"},{"r":"97","t":"16:15:00","h":"Ouest","s":"25N-H57NV10A-80-A"},{"r":"97","t":"16:15:00","h":"Ouest","s":"25N-H57NV20A-80-A"},{"r":"97","t":"16:15:00","h":"Ouest","s":"25S-H57S000A-80-A"},{"r":"97","t":"16:18:00","h":"Ouest","s":"25N-H57N000I-80-I"},{"r":"97","t":"16:18:00","h":"Ouest","s":"25N-H57N100F-80-F1"},{"r":"97","t":"16:18:00","h":"Ouest","s":"25N-H57N200F-80-F2"},{"r":"97","t":"16:18:00","h":"Ouest","s":"25N-H57N300F-80-F3"},{"r":"97","t":"16:18:00","h":"Ouest","s":"25N-H57N400F-80-F4"},{"r":"97","t":"16:18:00","h":"Ouest","s":"25N-H57NV10I-80-I"},{"r":"97","t":"16:18:00","h":"Ouest","s":"25N-H57NV20I-80-I"},{"r":"97","t":"16:18:00","h":"Ouest","s":"25S-H57S000I-80-I"},{"r":"97","t":"16:18:00","h":"Ouest","s":"25S-H57S100F-80-F1"},{"r":"97","t":"16:18:00","h":"Ouest","s":"25S-H57S200F-80-F2"},{"r":"97","t":"16:29:00","h":"Ouest","s":"25N-H57N000S-80-S"},{"r":"97","t":"16:29:00","h":"Ouest","s":"25N-H57NV10S-84-S"},{"r":"97","t":"16:29:00","h":"Ouest","s":"25N-H57NV20S-80-S"},{"r":"97","t":"16:29:00","h":"Ouest","s":"25S-H57S000S-82-S"},{"r":"97","t":"16:35:00","h":"Ouest","s":"25N-H57N000A-80-A"},{"r":"97","t":"16:35:00","h":"Ouest","s":"25N-H57NV10A-80-A"},{"r":"97","t":"16:35:00","h":"Ouest","s":"25N-H57NV20A-80-A"},{"r":"97","t":"16:35:00","h":"Ouest","s":"25S-H57S000A-80-A"},{"r":"97","t":"16:37:00","h":"Ouest","s":"25N-H57N000I-80-I"},{"r":"97","t":"16:37:00","h":"Ouest","s":"25N-H57N100F-80-F1"},{"r":"97","t":"16:37:00","h":"Ouest","s":"25N-H57N200F-80-F2"},{"r":"97","t":"16:37:00","h":"Ouest","s":"25N-H57N300F-80-F3"},{"r":"97","t":"16:37:00","h":"Ouest","s":"25N-H57N400F-80-F4"},{"r":"97","t":"16:37:00","h":"Ouest","s":"25N-H57NV10I-80-I"},{"r":"97","t":"16:37:00","h":"Ouest","s":"25N-H57NV20I-80-I"},{"r":"97","t":"16:37:00","h":"Ouest","s":"25S-H57S000I-80-I"},{"r":"97","t":"16:37:00","h":"Ouest","s":"25S-H57S100F-80-F1"},{"r":"97","t":"16:37:00","h":"Ouest","s":"25S-H57S200F-80-F2"},{"r":"97","t":"16:52:00","h":"Ouest","s":"25N-H57N000S-80-S"},{"r":"97","t":"16:52:00","h":"Ouest","s":"25N-H57NV10S-84-S"},{"r":"97","t":"16:52:00","h":"Ouest","s":"25N-H57NV20S-80-S"},{"r":"97","t":"16:52:00","h":"Ouest","s":"25S-H57S000S-82-S"},{"r":"97","t":"16:55:00","h":"Ouest","s":"25N-H57N000A-80-A"},{"r":"97","t":"16:55:00","h":"Ouest","s":"25N-H57NV10A-80-A"},{"r":"97","t":"16:55:00","h":"Ouest","s":"25N-H57NV20A-80-A"},{"r":"97","t":"16:55:00","h":"Ouest","s":"25S-H57S000A-80-A"},{"r":"97","t":"16:56:00","h":"Ouest","s":"25N-H57N000I-80-I"},{"r":"97","t":"16:56:00","h":"Ouest","s":"25N-H57N100F-80-F1"},{"r":"97","t":"16:56:00","h":"Ouest","s":"25N-H57N200F-80-F2"},{"r":"97","t":"16:56:00","h":"Ouest","s":"25N-H57N300F-80-F3"},{"r":"97","t":"16:56:00","h":"Ouest","s":"25N-H57N400F-80-F4"},{"r":"97","t":"16:56:00","h":"Ouest","s":"25N-H57NV10I-80-I"},{"r":"97","t":"16:56:00","h":"Ouest","s":"25N-H57NV20I-80-I"},{"r":"97","t":"16:56:00","h":"Ouest","s":"25S-H57S000I-80-I"},{"r":"97","t":"16:56:00","h":"Ouest","s":"25S-H57S100F-80-F1"},{"r":"97","t":"16:56:00","h":"Ouest","s":"25S-H57S200F-80-F2"},{"r":"97","t":"17:14:00","h":"Ouest","s":"25N-H57N000S-80-S"},{"r":"97","t":"17:14:00","h":"Ouest","s":"25N-H57NV10S-84-S"},{"r":"97","t":"17:14:00","h":"Ouest","s":"25N-H57NV20S-80-S"},{"r":"97","t":"17:14:00","h":"Ouest","s":"25S-H57S000S-82-S"},{"r":"97","t":"17:15:00","h":"Ouest","s":"25N-H57N000A-80-A"},{"r":"97","t":"17:15:00","h":"Ouest","s":"25N-H57NV10A-80-A"},{"r":"97","t":"17:15:00","h":"Ouest","s":"25N-H57NV20A-80-A"},{"r":"97","t":"17:15:00","h":"Ouest","s":"25S-H57S000A-80-A"},{"r":"97","t":"17:17:00","h":"Ouest","s":"25N-H57N000I-80-I"},{"r":"97","t":"17:17:00","h":"Ouest","s":"25N-H57N100F-80-F1"},{"r":"97","t":"17:17:00","h":"Ouest","s":"25N-H57N200F-80-F2"},{"r":"97","t":"17:17:00","h":"Ouest","s":"25N-H57N300F-80-F3"},{"r":"97","t":"17:17:00","h":"Ouest","s":"25N-H57N400F-80-F4"},{"r":"97","t":"17:17:00","h":"Ouest","s":"25N-H57NV10I-80-I"},{"r":"97","t":"17:17:00","h":"Ouest","s":"25N-H57NV20I-80-I"},{"r":"97","t":"17:17:00","h":"Ouest","s":"25S-H57S000I-80-I"},{"r":"97","t":"17:17:00","h":"Ouest","s":"25S-H57S100F-80-F1"},{"r":"97","t":"17:17:00","h":"Ouest","s":"25S-H57S200F-80-F2"},{"r":"97","t":"17:32:00","h":"Ouest","s":"25N-H57N000A-80-A"},{"r":"97","t":"17:32:00","h":"Ouest","s":"25N-H57NV10A-80-A"},{"r":"97","t":"17:32:00","h":"Ouest","s":"25N-H57NV20A-80-A"},{"r":"97","t":"17:32:00","h":"Ouest","s":"25S-H57S000A-80-A"},{"r":"97","t":"17:36:00","h":"Ouest","s":"25N-H57N000S-80-S"},{"r":"97","t":"17:36:00","h":"Ouest","s":"25N-H57NV10S-84-S"},{"r":"97","t":"17:36:00","h":"Ouest","s":"25N-H57NV20S-80-S"},{"r":"97","t":"17:36:00","h":"Ouest","s":"25S-H57S000S-82-S"},{"r":"97","t":"17:43:00","h":"Ouest","s":"25N-H57N000I-80-I"},{"r":"97","t":"17:43:00","h":"Ouest","s":"25N-H57N100F-80-F1"},{"r":"97","t":"17:43:00","h":"Ouest","s":"25N-H57N200F-80-F2"},{"r":"97","t":"17:43:00","h":"Ouest","s":"25N-H57N300F-80-F3"},{"r":"97","t":"17:43:00","h":"Ouest","s":"25N-H57N400F-80-F4"},{"r":"97","t":"17:43:00","h":"Ouest","s":"25N-H57NV10I-80-I"},{"r":"97","t":"17:43:00","h":"Ouest","s":"25N-H57NV20I-80-I"},{"r":"97","t":"17:43:00","h":"Ouest","s":"25S-H57S000I-80-I"},{"r":"97","t":"17:43:00","h":"Ouest","s":"25S-H57S100F-80-F1"},{"r":"97","t":"17:43:00","h":"Ouest","s":"25S-H57S200F-80-F2"},{"r":"97","t":"17:51:00","h":"Ouest","s":"25N-H57N000A-80-A"},{"r":"97","t":"17:51:00","h":"Ouest","s":"25N-H57NV10A-80-A"},{"r":"97","t":"17:51:00","h":"Ouest","s":"25N-H57NV20A-80-A"},{"r":"97","t":"17:51:00","h":"Ouest","s":"25S-H57S000A-80-A"},{"r":"97","t":"17:57:00","h":"Ouest","s":"25N-H57N000S-80-S"},{"r":"97","t":"17:57:00","h":"Ouest","s":"25N-H57NV10S-84-S"},{"r":"97","t":"17:57:00","h":"Ouest","s":"25N-H57NV20S-80-S"},{"r":"97","t":"17:57:00","h":"Ouest","s":"25S-H57S000S-82-S"},{"r":"97","t":"18:11:00","h":"Ouest","s":"25N-H57N000A-80-A"},{"r":"97","t":"18:11:00","h":"Ouest","s":"25N-H57N000I-80-I"},{"r":"97","t":"18:11:00","h":"Ouest","s":"25N-H57N100F-80-F1"},{"r":"97","t":"18:11:00","h":"Ouest","s":"25N-H57N200F-80-F2"},{"r":"97","t":"18:11:00","h":"Ouest","s":"25N-H57N300F-80-F3"},{"r":"97","t":"18:11:00","h":"Ouest","s":"25N-H57N400F-80-F4"},{"r":"97","t":"18:11:00","h":"Ouest","s":"25N-H57NV10A-80-A"},{"r":"97","t":"18:11:00","h":"Ouest","s":"25N-H57NV10I-80-I"},{"r":"97","t":"18:11:00","h":"Ouest","s":"25N-H57NV20A-80-A"},{"r":"97","t":"18:11:00","h":"Ouest","s":"25N-H57NV20I-80-I"},{"r":"97","t":"18:11:00","h":"Ouest","s":"25S-H57S000A-80-A"},{"r":"97","t":"18:11:00","h":"Ouest","s":"25S-H57S000I-80-I"},{"r":"97","t":"18:11:00","h":"Ouest","s":"25S-H57S100F-80-F1"},{"r":"97","t":"18:11:00","h":"Ouest","s":"25S-H57S200F-80-F2"},{"r":"97","t":"18:28:00","h":"Ouest","s":"25N-H57N000S-80-S"},{"r":"97","t":"18:28:00","h":"Ouest","s":"25N-H57NV10S-84-S"},{"r":"97","t":"18:28:00","h":"Ouest","s":"25N-H57NV20S-80-S"},{"r":"97","t":"18:28:00","h":"Ouest","s":"25S-H57S000S-82-S"},{"r":"97","t":"18:31:00","h":"Ouest","s":"25N-H57N000A-80-A"},{"r":"97","t":"18:31:00","h":"Ouest","s":"25N-H57NV10A-80-A"},{"r":"97","t":"18:31:00","h":"Ouest","s":"25N-H57NV20A-80-A"},{"r":"97","t":"18:31:00","h":"Ouest","s":"25S-H57S000A-80-A"},{"r":"97","t":"18:43:00","h":"Ouest","s":"25N-H57N000I-80-I"},{"r":"97","t":"18:43:00","h":"Ouest","s":"25N-H57N100F-80-F1"},{"r":"97","t":"18:43:00","h":"Ouest","s":"25N-H57N200F-80-F2"},{"r":"97","t":"18:43:00","h":"Ouest","s":"25N-H57N300F-80-F3"},{"r":"97","t":"18:43:00","h":"Ouest","s":"25N-H57N400F-80-F4"},{"r":"97","t":"18:43:00","h":"Ouest","s":"25N-H57NV10I-80-I"},{"r":"97","t":"18:43:00","h":"Ouest","s":"25N-H57NV20I-80-I"},{"r":"97","t":"18:43:00","h":"Ouest","s":"25S-H57S000I-80-I"},{"r":"97","t":"18:43:00","h":"Ouest","s":"25S-H57S100F-80-F1"},{"r":"97","t":"18:43:00","h":"Ouest","s":"25S-H57S200F-80-F2"},{"r":"97","t":"18:50:00","h":"Ouest","s":"25N-H57N000A-80-A"},{"r":"97","t":"18:50:00","h":"Ouest","s":"25N-H57NV10A-80-A"},{"r":"97","t":"18:50:00","h":"Ouest","s":"25N-H57NV20A-80-A"},{"r":"97","t":"18:50:00","h":"Ouest","s":"25S-H57S000A-80-A"},{"r":"97","t":"18:58:00","h":"Ouest","s":"25N-H57N000S-80-S"},{"r":"97","t":"18:58:00","h":"Ouest","s":"25N-H57NV10S-84-S"},{"r":"97","t":"18:58:00","h":"Ouest","s":"25N-H57NV20S-80-S"},{"r":"97","t":"18:58:00","h":"Ouest","s":"25S-H57S000S-82-S"},{"r":"97","t":"19:13:00","h":"Ouest","s":"25N-H57N000A-80-A"},{"r":"97","t":"19:13:00","h":"Ouest","s":"25N-H57NV10A-80-A"},{"r":"97","t":"19:13:00","h":"Ouest","s":"25N-H57NV20A-80-A"},{"r":"97","t":"19:13:00","h":"Ouest","s":"25S-H57S000A-80-A"},{"r":"97","t":"19:14:00","h":"Ouest","s":"25N-H57N000I-80-I"},{"r":"97","t":"19:14:00","h":"Ouest","s":"25N-H57N100F-80-F1"},{"r":"97","t":"19:14:00","h":"Ouest","s":"25N-H57N200F-80-F2"},{"r":"97","t":"19:14:00","h":"Ouest","s":"25N-H57N300F-80-F3"},{"r":"97","t":"19:14:00","h":"Ouest","s":"25N-H57N400F-80-F4"},{"r":"97","t":"19:14:00","h":"Ouest","s":"25N-H57NV10I-80-I"},{"r":"97","t":"19:14:00","h":"Ouest","s":"25N-H57NV20I-80-I"},{"r":"97","t":"19:14:00","h":"Ouest","s":"25S-H57S000I-80-I"},{"r":"97","t":"19:14:00","h":"Ouest","s":"25S-H57S100F-80-F1"},{"r":"97","t":"19:14:00","h":"Ouest","s":"25S-H57S200F-80-F2"},{"r":"97","t":"19:27:00","h":"Ouest","s":"25N-H57N000S-80-S"},{"r":"97","t":"19:27:00","h":"Ouest","s":"25N-H57NV10S-84-S"},{"r":"97","t":"19:27:00","h":"Ouest","s":"25N-H57NV20S-80-S"},{"r":"97","t":"19:27:00","h":"Ouest","s":"25S-H57S000S-82-S"},{"r":"97","t":"19:36:00","h":"Ouest","s":"25N-H57N000A-80-A"},{"r":"97","t":"19:36:00","h":"Ouest","s":"25N-H57NV10A-80-A"},{"r":"97","t":"19:36:00","h":"Ouest","s":"25N-H57NV20A-80-A"},{"r":"97","t":"19:36:00","h":"Ouest","s":"25S-H57S000A-80-A"},{"r":"97","t":"19:46:00","h":"Ouest","s":"25N-H57N000I-80-I"},{"r":"97","t":"19:46:00","h":"Ouest","s":"25N-H57N100F-80-F1"},{"r":"97","t":"19:46:00","h":"Ouest","s":"25N-H57N200F-80-F2"},{"r":"97","t":"19:46:00","h":"Ouest","s":"25N-H57N300F-80-F3"},{"r":"97","t":"19:46:00","h":"Ouest","s":"25N-H57N400F-80-F4"},{"r":"97","t":"19:46:00","h":"Ouest","s":"25N-H57NV10I-80-I"},{"r":"97","t":"19:46:00","h":"Ouest","s":"25N-H57NV20I-80-I"},{"r":"97","t":"19:46:00","h":"Ouest","s":"25S-H57S000I-80-I"},{"r":"97","t":"19:46:00","h":"Ouest","s":"25S-H57S100F-80-F1"},{"r":"97","t":"19:46:00","h":"Ouest","s":"25S-H57S200F-80-F2"},{"r":"97","t":"19:59:00","h":"Ouest","s":"25N-H57N000S-80-S"},{"r":"97","t":"19:59:00","h":"Ouest","s":"25N-H57NV10S-84-S"},{"r":"97","t":"19:59:00","h":"Ouest","s":"25N-H57NV20S-80-S"},{"r":"97","t":"19:59:00","h":"Ouest","s":"25S-H57S000S-82-S"},{"r":"97","t":"20:00:00","h":"Ouest","s":"25N-H57N000A-80-A"},{"r":"97","t":"20:00:00","h":"Ouest","s":"25N-H57NV10A-80-A"},{"r":"97","t":"20:00:00","h":"Ouest","s":"25N-H57NV20A-80-A"},{"r":"97","t":"20:00:00","h":"Ouest","s":"25S-H57S000A-80-A"},{"r":"97","t":"20:17:00","h":"Ouest","s":"25N-H57N000I-80-I"},{"r":"97","t":"20:17:00","h":"Ouest","s":"25N-H57N100F-80-F1"},{"r":"97","t":"20:17:00","h":"Ouest","s":"25N-H57N200F-80-F2"},{"r":"97","t":"20:17:00","h":"Ouest","s":"25N-H57N300F-80-F3"},{"r":"97","t":"20:17:00","h":"Ouest","s":"25N-H57N400F-80-F4"},{"r":"97","t":"20:17:00","h":"Ouest","s":"25N-H57NV10I-80-I"},{"r":"97","t":"20:17:00","h":"Ouest","s":"25N-H57NV20I-80-I"},{"r":"97","t":"20:17:00","h":"Ouest","s":"25S-H57S000I-80-I"},{"r":"97","t":"20:17:00","h":"Ouest","s":"25S-H57S100F-80-F1"},{"r":"97","t":"20:17:00","h":"Ouest","s":"25S-H57S200F-80-F2"},{"r":"97","t":"20:24:00","h":"Ouest","s":"25N-H57N000A-80-A"},{"r":"97","t":"20:24:00","h":"Ouest","s":"25N-H57NV10A-80-A"},{"r":"97","t":"20:24:00","h":"Ouest","s":"25N-H57NV20A-80-A"},{"r":"97","t":"20:24:00","h":"Ouest","s":"25S-H57S000A-80-A"},{"r":"97","t":"20:27:00","h":"Ouest","s":"25N-H57N000S-80-S"},{"r":"97","t":"20:27:00","h":"Ouest","s":"25N-H57NV10S-84-S"},{"r":"97","t":"20:27:00","h":"Ouest","s":"25N-H57NV20S-80-S"},{"r":"97","t":"20:27:00","h":"Ouest","s":"25S-H57S000S-82-S"},{"r":"97","t":"20:47:00","h":"Ouest","s":"25N-H57N000I-80-I"},{"r":"97","t":"20:47:00","h":"Ouest","s":"25N-H57N100F-80-F1"},{"r":"97","t":"20:47:00","h":"Ouest","s":"25N-H57N200F-80-F2"},{"r":"97","t":"20:47:00","h":"Ouest","s":"25N-H57N300F-80-F3"},{"r":"97","t":"20:47:00","h":"Ouest","s":"25N-H57N400F-80-F4"},{"r":"97","t":"20:47:00","h":"Ouest","s":"25N-H57NV10I-80-I"},{"r":"97","t":"20:47:00","h":"Ouest","s":"25N-H57NV20I-80-I"},{"r":"97","t":"20:47:00","h":"Ouest","s":"25S-H57S000I-80-I"},{"r":"97","t":"20:47:00","h":"Ouest","s":"25S-H57S100F-80-F1"},{"r":"97","t":"20:47:00","h":"Ouest","s":"25S-H57S200F-80-F2"},{"r":"97","t":"20:52:00","h":"Ouest","s":"25N-H57N000A-80-A"},{"r":"97","t":"20:52:00","h":"Ouest","s":"25N-H57NV10A-80-A"},{"r":"97","t":"20:52:00","h":"Ouest","s":"25N-H57NV20A-80-A"},{"r":"97","t":"20:52:00","h":"Ouest","s":"25S-H57S000A-80-A"},{"r":"97","t":"20:59:00","h":"Ouest","s":"25N-H57N000S-80-S"},{"r":"97","t":"20:59:00","h":"Ouest","s":"25N-H57NV10S-84-S"},{"r":"97","t":"20:59:00","h":"Ouest","s":"25N-H57NV20S-80-S"},{"r":"97","t":"20:59:00","h":"Ouest","s":"25S-H57S000S-82-S"},{"r":"97","t":"21:17:00","h":"Ouest","s":"25N-H57N000I-80-I"},{"r":"97","t":"21:17:00","h":"Ouest","s":"25N-H57N100F-80-F1"},{"r":"97","t":"21:17:00","h":"Ouest","s":"25N-H57N200F-80-F2"},{"r":"97","t":"21:17:00","h":"Ouest","s":"25N-H57N300F-80-F3"},{"r":"97","t":"21:17:00","h":"Ouest","s":"25N-H57N400F-80-F4"},{"r":"97","t":"21:17:00","h":"Ouest","s":"25N-H57NV10I-80-I"},{"r":"97","t":"21:17:00","h":"Ouest","s":"25N-H57NV20I-80-I"},{"r":"97","t":"21:17:00","h":"Ouest","s":"25S-H57S000I-80-I"},{"r":"97","t":"21:17:00","h":"Ouest","s":"25S-H57S100F-80-F1"},{"r":"97","t":"21:17:00","h":"Ouest","s":"25S-H57S200F-80-F2"},{"r":"97","t":"21:21:00","h":"Ouest","s":"25N-H57N000A-80-A"},{"r":"97","t":"21:21:00","h":"Ouest","s":"25N-H57NV10A-80-A"},{"r":"97","t":"21:21:00","h":"Ouest","s":"25N-H57NV20A-80-A"},{"r":"97","t":"21:21:00","h":"Ouest","s":"25S-H57S000A-80-A"},{"r":"97","t":"21:31:00","h":"Ouest","s":"25N-H57N000S-80-S"},{"r":"97","t":"21:31:00","h":"Ouest","s":"25N-H57NV10S-84-S"},{"r":"97","t":"21:31:00","h":"Ouest","s":"25N-H57NV20S-80-S"},{"r":"97","t":"21:31:00","h":"Ouest","s":"25S-H57S000S-82-S"},{"r":"97","t":"21:49:00","h":"Ouest","s":"25N-H57N000I-80-I"},{"r":"97","t":"21:49:00","h":"Ouest","s":"25N-H57N100F-80-F1"},{"r":"97","t":"21:49:00","h":"Ouest","s":"25N-H57N200F-80-F2"},{"r":"97","t":"21:49:00","h":"Ouest","s":"25N-H57N300F-80-F3"},{"r":"97","t":"21:49:00","h":"Ouest","s":"25N-H57N400F-80-F4"},{"r":"97","t":"21:49:00","h":"Ouest","s":"25N-H57NV10I-80-I"},{"r":"97","t":"21:49:00","h":"Ouest","s":"25N-H57NV20I-80-I"},{"r":"97","t":"21:49:00","h":"Ouest","s":"25S-H57S000I-80-I"},{"r":"97","t":"21:49:00","h":"Ouest","s":"25S-H57S100F-80-F1"},{"r":"97","t":"21:49:00","h":"Ouest","s":"25S-H57S200F-80-F2"},{"r":"97","t":"21:53:00","h":"Ouest","s":"25N-H57N000A-80-A"},{"r":"97","t":"21:53:00","h":"Ouest","s":"25N-H57NV10A-80-A"},{"r":"97","t":"21:53:00","h":"Ouest","s":"25N-H57NV20A-80-A"},{"r":"97","t":"21:53:00","h":"Ouest","s":"25S-H57S000A-80-A"},{"r":"97","t":"22:02:00","h":"Ouest","s":"25N-H57N000S-80-S"},{"r":"97","t":"22:02:00","h":"Ouest","s":"25N-H57NV10S-84-S"},{"r":"97","t":"22:02:00","h":"Ouest","s":"25N-H57NV20S-80-S"},{"r":"97","t":"22:02:00","h":"Ouest","s":"25S-H57S000S-82-S"},{"r":"97","t":"22:20:00","h":"Ouest","s":"25N-H57N000I-80-I"},{"r":"97","t":"22:20:00","h":"Ouest","s":"25N-H57N100F-80-F1"},{"r":"97","t":"22:20:00","h":"Ouest","s":"25N-H57N200F-80-F2"},{"r":"97","t":"22:20:00","h":"Ouest","s":"25N-H57N300F-80-F3"},{"r":"97","t":"22:20:00","h":"Ouest","s":"25N-H57N400F-80-F4"},{"r":"97","t":"22:20:00","h":"Ouest","s":"25N-H57NV10I-80-I"},{"r":"97","t":"22:20:00","h":"Ouest","s":"25N-H57NV20I-80-I"},{"r":"97","t":"22:20:00","h":"Ouest","s":"25S-H57S000I-80-I"},{"r":"97","t":"22:20:00","h":"Ouest","s":"25S-H57S100F-80-F1"},{"r":"97","t":"22:20:00","h":"Ouest","s":"25S-H57S200F-80-F2"},{"r":"97","t":"22:26:00","h":"Ouest","s":"25N-H57N000A-80-A"},{"r":"97","t":"22:26:00","h":"Ouest","s":"25N-H57NV10A-80-A"},{"r":"97","t":"22:26:00","h":"Ouest","s":"25N-H57NV20A-80-A"},{"r":"97","t":"22:26:00","h":"Ouest","s":"25S-H57S000A-80-A"},{"r":"97","t":"22:34:00","h":"Ouest","s":"25N-H57N000S-80-S"},{"r":"97","t":"22:34:00","h":"Ouest","s":"25N-H57NV10S-84-S"},{"r":"97","t":"22:34:00","h":"Ouest","s":"25N-H57NV20S-80-S"},{"r":"97","t":"22:34:00","h":"Ouest","s":"25S-H57S000S-82-S"},{"r":"97","t":"22:52:00","h":"Ouest","s":"25N-H57N000I-80-I"},{"r":"97","t":"22:52:00","h":"Ouest","s":"25N-H57N100F-80-F1"},{"r":"97","t":"22:52:00","h":"Ouest","s":"25N-H57N200F-80-F2"},{"r":"97","t":"22:52:00","h":"Ouest","s":"25N-H57N300F-80-F3"},{"r":"97","t":"22:52:00","h":"Ouest","s":"25N-H57N400F-80-F4"},{"r":"97","t":"22:52:00","h":"Ouest","s":"25N-H57NV10I-80-I"},{"r":"97","t":"22:52:00","h":"Ouest","s":"25N-H57NV20I-80-I"},{"r":"97","t":"22:52:00","h":"Ouest","s":"25S-H57S000I-80-I"},{"r":"97","t":"22:52:00","h":"Ouest","s":"25S-H57S100F-80-F1"},{"r":"97","t":"22:52:00","h":"Ouest","s":"25S-H57S200F-80-F2"},{"r":"97","t":"22:59:00","h":"Ouest","s":"25N-H57N000A-80-A"},{"r":"97","t":"22:59:00","h":"Ouest","s":"25N-H57NV10A-80-A"},{"r":"97","t":"22:59:00","h":"Ouest","s":"25N-H57NV20A-80-A"},{"r":"97","t":"22:59:00","h":"Ouest","s":"25S-H57S000A-80-A"},{"r":"97","t":"23:05:00","h":"Ouest","s":"25N-H57N000S-80-S"},{"r":"97","t":"23:05:00","h":"Ouest","s":"25N-H57NV10S-84-S"},{"r":"97","t":"23:05:00","h":"Ouest","s":"25N-H57NV20S-80-S"},{"r":"97","t":"23:05:00","h":"Ouest","s":"25S-H57S000S-82-S"},{"r":"97","t":"23:23:00","h":"Ouest","s":"25N-H57N000I-80-I"},{"r":"97","t":"23:23:00","h":"Ouest","s":"25N-H57N100F-80-F1"},{"r":"97","t":"23:23:00","h":"Ouest","s":"25N-H57N200F-80-F2"},{"r":"97","t":"23:23:00","h":"Ouest","s":"25N-H57N300F-80-F3"},{"r":"97","t":"23:23:00","h":"Ouest","s":"25N-H57N400F-80-F4"},{"r":"97","t":"23:23:00","h":"Ouest","s":"25N-H57NV10I-80-I"},{"r":"97","t":"23:23:00","h":"Ouest","s":"25N-H57NV20I-80-I"},{"r":"97","t":"23:23:00","h":"Ouest","s":"25S-H57S000I-80-I"},{"r":"97","t":"23:23:00","h":"Ouest","s":"25S-H57S100F-80-F1"},{"r":"97","t":"23:23:00","h":"Ouest","s":"25S-H57S200F-80-F2"},{"r":"97","t":"23:31:00","h":"Ouest","s":"25N-H57N000A-80-A"},{"r":"97","t":"23:31:00","h":"Ouest","s":"25N-H57NV10A-80-A"},{"r":"97","t":"23:31:00","h":"Ouest","s":"25N-H57NV20A-80-A"},{"r":"97","t":"23:31:00","h":"Ouest","s":"25S-H57S000A-80-A"},{"r":"97","t":"23:35:00","h":"Ouest","s":"25N-H57N000S-80-S"},{"r":"97","t":"23:35:00","h":"Ouest","s":"25N-H57NV10S-84-S"},{"r":"97","t":"23:35:00","h":"Ouest","s":"25N-H57NV20S-80-S"},{"r":"97","t":"23:35:00","h":"Ouest","s":"25S-H57S000S-82-S"},{"r":"97","t":"23:53:00","h":"Ouest","s":"25N-H57N000I-80-I"},{"r":"97","t":"23:53:00","h":"Ouest","s":"25N-H57N100F-80-F1"},{"r":"97","t":"23:53:00","h":"Ouest","s":"25N-H57N200F-80-F2"},{"r":"97","t":"23:53:00","h":"Ouest","s":"25N-H57N300F-80-F3"},{"r":"97","t":"23:53:00","h":"Ouest","s":"25N-H57N400F-80-F4"},{"r":"97","t":"23:53:00","h":"Ouest","s":"25N-H57NV10I-80-I"},{"r":"97","t":"23:53:00","h":"Ouest","s":"25N-H57NV20I-80-I"},{"r":"97","t":"23:53:00","h":"Ouest","s":"25S-H57S000I-80-I"},{"r":"97","t":"23:53:00","h":"Ouest","s":"25S-H57S100F-80-F1"},{"r":"97","t":"23:53:00","h":"Ouest","s":"25S-H57S200F-80-F2"},{"r":"97","t":"24:01:00","h":"Ouest","s":"25N-H57N000A-80-A"},{"r":"97","t":"24:01:00","h":"Ouest","s":"25N-H57NV10A-80-A"},{"r":"97","t":"24:01:00","h":"Ouest","s":"25N-H57NV20A-80-A"},{"r":"97","t":"24:01:00","h":"Ouest","s":"25S-H57S000A-80-A"},{"r":"97","t":"24:04:00","h":"Ouest","s":"25N-H57N000S-80-S"},{"r":"97","t":"24:04:00","h":"Ouest","s":"25N-H57NV10S-84-S"},{"r":"97","t":"24:04:00","h":"Ouest","s":"25N-H57NV20S-80-S"},{"r":"97","t":"24:04:00","h":"Ouest","s":"25S-H57S000S-82-S"},{"r":"97","t":"24:25:00","h":"Ouest","s":"25N-H57N000I-80-I"},{"r":"97","t":"24:25:00","h":"Ouest","s":"25N-H57N100F-80-F1"},{"r":"97","t":"24:25:00","h":"Ouest","s":"25N-H57N200F-80-F2"},{"r":"97","t":"24:25:00","h":"Ouest","s":"25N-H57N300F-80-F3"},{"r":"97","t":"24:25:00","h":"Ouest","s":"25N-H57N400F-80-F4"},{"r":"97","t":"24:25:00","h":"Ouest","s":"25N-H57NV10I-80-I"},{"r":"97","t":"24:25:00","h":"Ouest","s":"25N-H57NV20I-80-I"},{"r":"97","t":"24:25:00","h":"Ouest","s":"25S-H57S000I-80-I"},{"r":"97","t":"24:25:00","h":"Ouest","s":"25S-H57S100F-80-F1"},{"r":"97","t":"24:25:00","h":"Ouest","s":"25S-H57S200F-80-F2"},{"r":"97","t":"24:30:00","h":"Ouest","s":"25N-H57N000A-80-A"},{"r":"97","t":"24:30:00","h":"Ouest","s":"25N-H57NV10A-80-A"},{"r":"97","t":"24:30:00","h":"Ouest","s":"25N-H57NV20A-80-A"},{"r":"97","t":"24:30:00","h":"Ouest","s":"25S-H57S000A-80-A"},{"r":"97","t":"24:35:00","h":"Ouest","s":"25N-H57N000S-80-S"},{"r":"97","t":"24:35:00","h":"Ouest","s":"25N-H57NV10S-84-S"},{"r":"97","t":"24:35:00","h":"Ouest","s":"25N-H57NV20S-80-S"},{"r":"97","t":"24:35:00","h":"Ouest","s":"25S-H57S000S-82-S"},{"r":"97","t":"24:57:00","h":"Ouest","s":"25N-H57N000I-80-I"},{"r":"97","t":"24:57:00","h":"Ouest","s":"25N-H57N100F-80-F1"},{"r":"97","t":"24:57:00","h":"Ouest","s":"25N-H57N200F-80-F2"},{"r":"97","t":"24:57:00","h":"Ouest","s":"25N-H57N300F-80-F3"},{"r":"97","t":"24:57:00","h":"Ouest","s":"25N-H57N400F-80-F4"},{"r":"97","t":"24:57:00","h":"Ouest","s":"25N-H57NV10I-80-I"},{"r":"97","t":"24:57:00","h":"Ouest","s":"25N-H57NV20I-80-I"},{"r":"97","t":"24:57:00","h":"Ouest","s":"25S-H57S000I-80-I"},{"r":"97","t":"24:57:00","h":"Ouest","s":"25S-H57S100F-80-F1"},{"r":"97","t":"24:57:00","h":"Ouest","s":"25S-H57S200F-80-F2"},{"r":"97","t":"24:59:00","h":"Ouest","s":"25N-H57N000A-80-A"},{"r":"97","t":"24:59:00","h":"Ouest","s":"25N-H57NV10A-80-A"},{"r":"97","t":"24:59:00","h":"Ouest","s":"25N-H57NV20A-80-A"},{"r":"97","t":"24:59:00","h":"Ouest","s":"25S-H57S000A-80-A"},{"r":"97","t":"25:01:00","h":"Ouest","s":"25N-H57N000S-80-S"},{"r":"97","t":"25:01:00","h":"Ouest","s":"25N-H57NV10S-84-S"},{"r":"97","t":"25:01:00","h":"Ouest","s":"25N-H57NV20S-80-S"},{"r":"97","t":"25:01:00","h":"Ouest","s":"25S-H57S000S-82-S"},{"r":"97","t":"25:27:00","h":"Ouest","s":"25N-H57N000A-80-A"},{"r":"97","t":"25:27:00","h":"Ouest","s":"25N-H57NV10A-80-A"},{"r":"97","t":"25:27:00","h":"Ouest","s":"25N-H57NV20A-80-A"},{"r":"97","t":"25:27:00","h":"Ouest","s":"25S-H57S000A-80-A"},{"r":"97","t":"25:29:00","h":"Ouest","s":"25N-H57N000S-80-S"},{"r":"97","t":"25:29:00","h":"Ouest","s":"25N-H57NV10S-84-S"},{"r":"97","t":"25:29:00","h":"Ouest","s":"25N-H57NV20S-80-S"},{"r":"97","t":"25:29:00","h":"Ouest","s":"25S-H57S000S-82-S"},{"r":"97","t":"25:30:00","h":"Ouest","s":"25N-H57N000I-80-I"},{"r":"97","t":"25:30:00","h":"Ouest","s":"25N-H57N100F-80-F1"},{"r":"97","t":"25:30:00","h":"Ouest","s":"25N-H57N200F-80-F2"},{"r":"97","t":"25:30:00","h":"Ouest","s":"25N-H57N300F-80-F3"},{"r":"97","t":"25:30:00","h":"Ouest","s":"25N-H57N400F-80-F4"},{"r":"97","t":"25:30:00","h":"Ouest","s":"25N-H57NV10I-80-I"},{"r":"97","t":"25:30:00","h":"Ouest","s":"25N-H57NV20I-80-I"},{"r":"97","t":"25:30:00","h":"Ouest","s":"25S-H57S000I-80-I"},{"r":"97","t":"25:30:00","h":"Ouest","s":"25S-H57S100F-80-F1"},{"r":"97","t":"25:30:00","h":"Ouest","s":"25S-H57S200F-80-F2"},{"r":"368","t":"25:53:36","h":"Ouest","s":"25N-H57N000S-80-S"},{"r":"368","t":"25:53:36","h":"Ouest","s":"25N-H57NV10S-84-S"},{"r":"368","t":"25:53:36","h":"Ouest","s":"25N-H57NV20S-80-S"},{"r":"368","t":"25:53:36","h":"Ouest","s":"25S-H57S000S-82-S"},{"r":"368","t":"25:53:41","h":"Ouest","s":"25N-H57N000A-80-A"},{"r":"368","t":"25:53:41","h":"Ouest","s":"25N-H57NV10A-80-A"},{"r":"368","t":"25:53:41","h":"Ouest","s":"25N-H57NV20A-80-A"},{"r":"368","t":"25:53:41","h":"Ouest","s":"25S-H57S000A-80-A"},{"r":"368","t":"25:54:27","h":"Ouest","s":"25N-H57N000I-80-I"},{"r":"368","t":"25:54:27","h":"Ouest","s":"25N-H57N100F-80-F1"},{"r":"368","t":"25:54:27","h":"Ouest","s":"25N-H57N200F-80-F2"},{"r":"368","t":"25:54:27","h":"Ouest","s":"25N-H57N300F-80-F3"},{"r":"368","t":"25:54:27","h":"Ouest","s":"25N-H57N400F-80-F4"},{"r":"368","t":"25:54:27","h":"Ouest","s":"25N-H57NV10I-80-I"},{"r":"368","t":"25:54:27","h":"Ouest","s":"25N-H57NV20I-80-I"},{"r":"368","t":"25:54:27","h":"Ouest","s":"25S-H57S000I-80-I"},{"r":"368","t":"25:54:27","h":"Ouest","s":"25S-H57S100F-80-F1"},{"r":"368","t":"25:54:27","h":"Ouest","s":"25S-H57S200F-80-F2"},{"r":"97","t":"25:59:00","h":"Ouest","s":"25N-H57N000A-80-A"},{"r":"97","t":"25:59:00","h":"Ouest","s":"25N-H57NV10A-80-A"},{"r":"97","t":"25:59:00","h":"Ouest","s":"25N-H57NV20A-80-A"},{"r":"97","t":"25:59:00","h":"Ouest","s":"25S-H57S000A-80-A"},{"r":"368","t":"26:14:41","h":"Ouest","s":"25N-H57N000A-80-A"},{"r":"368","t":"26:14:41","h":"Ouest","s":"25N-H57NV10A-80-A"},{"r":"368","t":"26:14:41","h":"Ouest","s":"25N-H57NV20A-80-A"},{"r":"368","t":"26:14:41","h":"Ouest","s":"25S-H57S000A-80-A"},{"r":"368","t":"26:33:41","h":"Ouest","s":"25N-H57N000A-80-A"},{"r":"368","t":"26:33:41","h":"Ouest","s":"25N-H57NV10A-80-A"},{"r":"368","t":"26:33:41","h":"Ouest","s":"25N-H57NV20A-80-A"},{"r":"368","t":"26:33:41","h":"Ouest","s":"25S-H57S000A-80-A"},{"r":"368","t":"26:34:36","h":"Ouest","s":"25N-H57N000S-80-S"},{"r":"368","t":"26:34:36","h":"Ouest","s":"25N-H57NV10S-84-S"},{"r":"368","t":"26:34:36","h":"Ouest","s":"25N-H57NV20S-80-S"},{"r":"368","t":"26:34:36","h":"Ouest","s":"25S-H57S000S-82-S"},{"r":"368","t":"26:39:32","h":"Ouest","s":"25N-H57N000I-80-I"},{"r":"368","t":"26:39:32","h":"Ouest","s":"25N-H57N100F-80-F1"},{"r":"368","t":"26:39:32","h":"Ouest","s":"25N-H57N200F-80-F2"},{"r":"368","t":"26:39:32","h":"Ouest","s":"25N-H57N300F-80-F3"},{"r":"368","t":"26:39:32","h":"Ouest","s":"25N-H57N400F-80-F4"},{"r":"368","t":"26:39:32","h":"Ouest","s":"25N-H57NV10I-80-I"},{"r":"368","t":"26:39:32","h":"Ouest","s":"25N-H57NV20I-80-I"},{"r":"368","t":"26:39:32","h":"Ouest","s":"25S-H57S000I-80-I"},{"r":"368","t":"26:39:32","h":"Ouest","s":"25S-H57S100F-80-F1"},{"r":"368","t":"26:39:32","h":"Ouest","s":"25S-H57S200F-80-F2"},{"r":"368","t":"27:03:41","h":"Ouest","s":"25N-H57N000A-80-A"},{"r":"368","t":"27:03:41","h":"Ouest","s":"25N-H57NV10A-80-A"},{"r":"368","t":"27:03:41","h":"Ouest","s":"25N-H57NV20A-80-A"},{"r":"368","t":"27:03:41","h":"Ouest","s":"25S-H57S000A-80-A"},{"r":"368","t":"27:24:32","h":"Ouest","s":"25N-H57N000I-80-I"},{"r":"368","t":"27:24:32","h":"Ouest","s":"25N-H57N100F-80-F1"},{"r":"368","t":"27:24:32","h":"Ouest","s":"25N-H57N200F-80-F2"},{"r":"368","t":"27:24:32","h":"Ouest","s":"25N-H57N300F-80-F3"},{"r":"368","t":"27:24:32","h":"Ouest","s":"25N-H57N400F-80-F4"},{"r":"368","t":"27:24:32","h":"Ouest","s":"25N-H57NV10I-80-I"},{"r":"368","t":"27:24:32","h":"Ouest","s":"25N-H57NV20I-80-I"},{"r":"368","t":"27:24:32","h":"Ouest","s":"25S-H57S000I-80-I"},{"r":"368","t":"27:24:32","h":"Ouest","s":"25S-H57S100F-80-F1"},{"r":"368","t":"27:24:32","h":"Ouest","s":"25S-H57S200F-80-F2"},{"r":"368","t":"27:28:32","h":"Ouest","s":"25N-H57N000S-80-S"},{"r":"368","t":"27:28:32","h":"Ouest","s":"25N-H57NV10S-84-S"},{"r":"368","t":"27:28:32","h":"Ouest","s":"25N-H57NV20S-80-S"},{"r":"368","t":"27:28:32","h":"Ouest","s":"25S-H57S000S-82-S"},{"r":"368","t":"27:33:41","h":"Ouest","s":"25N-H57N000A-80-A"},{"r":"368","t":"27:33:41","h":"Ouest","s":"25N-H57NV10A-80-A"},{"r":"368","t":"27:33:41","h":"Ouest","s":"25N-H57NV20A-80-A"},{"r":"368","t":"27:33:41","h":"Ouest","s":"25S-H57S000A-80-A"},{"r":"368","t":"28:09:32","h":"Ouest","s":"25N-H57N000I-80-I"},{"r":"368","t":"28:09:32","h":"Ouest","s":"25N-H57N100F-80-F1"},{"r":"368","t":"28:09:32","h":"Ouest","s":"25N-H57N200F-80-F2"},{"r":"368","t":"28:09:32","h":"Ouest","s":"25N-H57N300F-80-F3"},{"r":"368","t":"28:09:32","h":"Ouest","s":"25N-H57N400F-80-F4"},{"r":"368","t":"28:09:32","h":"Ouest","s":"25N-H57NV10I-80-I"},{"r":"368","t":"28:09:32","h":"Ouest","s":"25N-H57NV20I-80-I"},{"r":"368","t":"28:09:32","h":"Ouest","s":"25S-H57S000I-80-I"},{"r":"368","t":"28:09:32","h":"Ouest","s":"25S-H57S100F-80-F1"},{"r":"368","t":"28:09:32","h":"Ouest","s":"25S-H57S200F-80-F2"},{"r":"368","t":"28:10:32","h":"Ouest","s":"25N-H57N000A-80-A"},{"r":"368","t":"28:10:32","h":"Ouest","s":"25N-H57NV10A-80-A"},{"r":"368","t":"28:10:32","h":"Ouest","s":"25N-H57NV20A-80-A"},{"r":"368","t":"28:10:32","h":"Ouest","s":"25S-H57S000A-80-A"},{"r":"368","t":"28:21:32","h":"Ouest","s":"25N-H57N000S-80-S"},{"r":"368","t":"28:21:32","h":"Ouest","s":"25N-H57NV10S-84-S"},{"r":"368","t":"28:21:32","h":"Ouest","s":"25N-H57NV20S-80-S"},{"r":"368","t":"28:21:32","h":"Ouest","s":"25S-H57S000S-82-S"},{"r":"368","t":"28:53:32","h":"Ouest","s":"25N-H57N000A-80-A"},{"r":"368","t":"28:53:32","h":"Ouest","s":"25N-H57NV10A-80-A"},{"r":"368","t":"28:53:32","h":"Ouest","s":"25N-H57NV20A-80-A"},{"r":"368","t":"28:53:32","h":"Ouest","s":"25S-H57S000A-80-A"},{"r":"368","t":"28:55:36","h":"Ouest","s":"25N-H57N000I-80-I"},{"r":"368","t":"28:55:36","h":"Ouest","s":"25N-H57N100F-80-F1"},{"r":"368","t":"28:55:36","h":"Ouest","s":"25N-H57N200F-80-F2"},{"r":"368","t":"28:55:36","h":"Ouest","s":"25N-H57N300F-80-F3"},{"r":"368","t":"28:55:36","h":"Ouest","s":"25N-H57N400F-80-F4"},{"r":"368","t":"28:55:36","h":"Ouest","s":"25N-H57NV10I-80-I"},{"r":"368","t":"28:55:36","h":"Ouest","s":"25N-H57NV20I-80-I"},{"r":"368","t":"28:55:36","h":"Ouest","s":"25S-H57S000I-80-I"},{"r":"368","t":"28:55:36","h":"Ouest","s":"25S-H57S100F-80-F1"},{"r":"368","t":"28:55:36","h":"Ouest","s":"25S-H57S200F-80-F2"},{"r":"368","t":"28:59:32","h":"Ouest","s":"25N-H57N000S-80-S"},{"r":"368","t":"28:59:32","h":"Ouest","s":"25N-H57NV10S-84-S"},{"r":"368","t":"28:59:32","h":"Ouest","s":"25N-H57NV20S-80-S"},{"r":"368","t":"28:59:32","h":"Ouest","s":"25S-H57S000S-82-S"}]