[{"r":"14","t":"06:07:00","h":"Sud","s":"25N-H57N000S-80-S"},{"r":"14","t":"06:07:00","h":"Sud","s":"25N-H57NV10S-84-S"},{"r":"14","t":"06:07:00","h":"Sud","s":"25N-H57NV20S-80-S"},{"r":"14","t":"06:07:00","h":"Sud","s":"25S-H57S000S-82-S"},{"r":"14","t":"06:30:00","h":"Sud","s":"25N-H57N000S-80-S"},{"r":"14","t":"06:30:00","h":"Sud","s":"25N-H57NV10S-84-S"},{"r":"14","t":"06:30:00","h":"Sud","s":"25N-H57NV20S-80-S"},{"r":"14","t":"06:30:00","h":"Sud","s":"25S-H57S000S-82-S"},{"r":"14","t":"06:53:00","h":"Sud","s":"25N-H57N000S-80-S"},{"r":"14","t":"06:53:00","h":"Sud","s":"25N-H57NV10S-84-S"},{"r":"14","t":"06:53:00","h":"Sud","s":"25N-H57NV20S-80-S"},{"r":"14","t":"06:53:00","h":"Sud","s":"25S-H57S000S-82-S"},{"r":"14","t":"07:16:40","h":"Sud","s":"25N-H57N000S-80-S"},{"r":"14","t":"07:16:40","h":"Sud","s":"25N-H57NV10S-84-S"},{"r":"14","t":"07:16:40","h":"Sud","s":"25N-H57NV20S-80-S"},{"r":"14","t":"07:16:40","h":"Sud","s":"25S-H57S000S-82-S"},{"r":"14","t":"07:43:20","h":"Sud","s":"25N-H57N000S-80-S"},{"r":"14","t":"07:43:20","h":"Sud","s":"25N-H57NV10S-84-S"},{"r":"14","t":"07:43:20","h":"Sud","s":"25N-H57NV20S-80-S"},{"r":"14","t":"07:43:20","h":"Sud","s":"25S-H57S000S-82-S"},{"r":"14","t":"08:11:20","h":"Sud","s":"25N-H57N000S-80-S"},{"r":"14","t":"08:11:20","h":"Sud","s":"25N-H57NV10S-84-S"},{"r":"14","t":"08:11:20","h":"Sud","s":"25N-H57NV20S-80-S"},{"r":"14","t":"08:11:20","h":"Sud","s":"25S-H57S000S-82-S"},{"r":"14","t":"08:41:20","h":"Sud","s":"25N-H57N000S-80-S"},{"r":"14","t":"08:41:20","h":"Sud","s":"25N-H57NV10S-84-S"},{"r":"14","t":"08:41:20","h":"Sud","s":"25N-H57NV20S-80-S"},{"r":"14","t":"08:41:20","h":"Sud","s":"25S-H57S000S-82-S"},{"r":"14","t":"08:44:00","h":"Sud","s":"25N-H57N000A-80-A"},{"r":"14","t":"08:44:00","h":"Sud","s":"25N-H57NV10A-80-A"},{"r":"14","t":"08:44:00","h":"Sud","s":"25N-H57NV20A-80-A"},{"r":"14","t":"08:44:00","h":"Sud","s":"25S-H57S000A-80-A"},{"r":"14","t":"09:09:20","h":"Sud","s":"25N-H57N000S-80-S"},{"r":"14","t":"09:09:20","h":"Sud","s":"25N-H57NV10S-84-S"},{"r":"14","t":"09:09:20","h":"Sud","s":"25N-H57NV20S-80-S"},{"r":"14","t":"09:09:20","h":"Sud","s":"25S-H57S000S-82-S"},{"r":"14","t":"09:34:00","h":"Sud","s":"25N-H57N000A-80-A"},{"r":"14","t":"09:34:00","h":"Sud","s":"25N-H57NV10A-80-A"},{"r":"14","t":"09:34:00","h":"Sud","s":"25N-H57NV20A-80-A"},{"r":"14","t":"09:34:00","h":"Sud","s":"25S-H57S000A-80-A"},{"r":"14","t":"09:35:00","h":"Sud","s":"25N-H57N000I-80-I"},{"r":"14","t":"09:35:00","h":"Sud","s":"25N-H57N100F-80-F1"},{"r":"14","t":"09:35:00","h":"Sud","s":"25N-H57N200F-80-F2"},{"r":"14","t":"09:35:00","h":"Sud","s":"25N-H57N300F-80-F3"},{"r":"14","t":"09:35:00","h":"Sud","s":"25N-H57N400F-80-F4"},{"r":"14","t":"09:35:00","h":"Sud","s":"25N-H57NV10I-80-I"},{"r":"14","t":"09:35:00","h":"Sud","s":"25N-H57NV20I-80-I"},{"r":"14","t":"09:35:00","h":"Sud","s":"25S-H57S000I-80-I"},{"r":"14","t":"09:35:00","h":"Sud","s":"25S-H57S100F-80-F1"},{"r":"14","t":"09:35:00","h":"Sud","s":"25S-H57S200F-80-F2"},{"r":"14","t":"09:37:20","h":"Sud","s":"25N-H57N000S-80-S"},{"r":"14","t":"09:37:20","h":"Sud","s":"25N-H57NV10S-84-S"},{"r":"14","t":"09:37:20","h":"Sud","s":"25N-H57NV20S-80-S"},{"r":"14","t":"09:37:20","h":"Sud","s":"25S-H57S000S-82-S"},{"r":"14","t":"10:04:20","h":"Sud","s":"25N-H57N000S-80-S"},{"r":"14","t":"10:04:20","h":"Sud","s":"25N-H57NV10S-84-S"},{"r":"14","t":"10:04:20","h":"Sud","s":"25N-H57NV20S-80-S"},{"r":"14","t":"10:04:20","h":"Sud","s":"25S-H57S000S-82-S"},{"r":"14","t":"10:24:00","h":"Sud","s":"25N-H57N000A-80-A"},{"r":"14","t":"10:24:00","h":"Sud","s":"25N-H57NV10A-80-A"},{"r":"14","t":"10:24:00","h":"Sud","s":"25N-H57NV20A-80-A"},{"r":"14","t":"10:24:00","h":"Sud","s":"25S-H57S000A-80-A"},{"r":"14","t":"10:27:00","h":"Sud","s":"25N-H57N000I-80-I"},{"r":"14","t":"10:27:00","h":"Sud","s":"25N-H57N100F-80-F1"},{"r":"14","t":"10:27:00","h":"Sud","s":"25N-H57N200F-80-F2"},{"r":"14","t":"10:27:00","h":"Sud","s":"25N-H57N300F-80-F3"},{"r":"14","t":"10:27:00","h":"Sud","s":"25N-H57N400F-80-F4"},{"r":"14","t":"10:27:00","h":"Sud","s":"25N-H57NV10I-80-I"},{"r":"14","t":"10:27:00","h":"Sud","s":"25N-H57NV20I-80-I"},{"r":"14","t":"10:27:00","h":"Sud","s":"25S-H57S000I-80-I"},{"r":"14","t":"10:27:00","h":"Sud","s":"25S-H57S100F-80-F1"},{"r":"14","t":"10:27:00","h":"Sud","s":"25S-H57S200F-80-F2"},{"r":"14","t":"10:32:20","h":"Sud","s":"25N-H57N000S-80-S"},{"r":"14","t":"10:32:20","h":"Sud","s":"25N-H57NV10S-84-S"},{"r":"14","t":"10:32:20","h":"Sud","s":"25N-H57NV20S-80-S"},{"r":"14","t":"10:32:20","h":"Sud","s":"25S-H57S000S-82-S"},{"r":"14","t":"10:59:20","h":"Sud","s":"25N-H57N000S-80-S"},{"r":"14","t":"10:59:20","h":"Sud","s":"25N-H57NV10S-84-S"},{"r":"14","t":"10:59:20","h":"Sud","s":"25N-H57NV20S-80-S"},{"r":"14","t":"10:59:20","h":"Sud","s":"25S-H57S000S-82-S"},{"r":"14","t":"11:14:00","h":"Sud","s":"25N-H57N000A-80-A"},{"r":"14","t":"11:14:00","h":"Sud","s":"25N-H57NV10A-80-A"},{"r":"14","t":"11:14:00","h":"Sud","s":"25N-H57NV20A-80-A"},{"r":"14","t":"11:14:00","h":"Sud","s":"25S-H57S000A-80-A"},{"r":"14","t":"11:19:40","h":"Sud","s":"25N-H57N000I-80-I"},{"r":"14","t":"11:19:40","h":"Sud","s":"25N-H57N100F-80-F1"},{"r":"14","t":"11:19:40","h":"Sud","s":"25N-H57N200F-80-F2"},{"r":"14","t":"11:19:40","h":"Sud","s":"25N-H57N300F-80-F3"},{"r":"14","t":"11:19:40","h":"Sud","s":"25N-H57N400F-80-F4"},{"r":"14","t":"11:19:40","h":"Sud","s":"25N-H57NV10I-80-I"},{"r":"14","t":"11:19:40","h":"Sud","s":"25N-H57NV20I-80-I"},{"r":"14","t":"11:19:40","h":"Sud","s":"25S-H57S000I-80-I"},{"r":"14","t":"11:19:40","h":"Sud","s":"25S-H57S100F-80-F1"},{"r":"14","t":"11:19:40","h":"Sud","s":"25S-H57S200F-80-F2"},{"r":"14","t":"11:25:40","h":"Sud","s":"25N-H57N000S-80-S"},{"r":"14","t":"11:25:40","h":"Sud","s":"25N-H57NV10S-84-S"},{"r":"14","t":"11:25:40","h":"Sud","s":"25N-H57NV20S-80-S"},{"r":"14","t":"11:25:40","h":"Sud","s":"25S-H57S000S-82-S"},{"r":"14","t":"11:51:40","h":"Sud","s":"25N-H57N000S-80-S"},{"r":"14","t":"11:51:40","h":"Sud","s":"25N-H57NV10S-84-S"},{"r":"14","t":"11:51:40","h":"Sud","s":"25N-H57NV20S-80-S"},{"r":"14","t":"11:51:40","h":"Sud","s":"25S-H57S000S-82-S"},{"r":"14","t":"12:04:40","h":"Sud","s":"25N-H57N000A-80-A"},{"r":"14","t":"12:04:40","h":"Sud","s":"25N-H57NV10A-80-A"},{"r":"14","t":"12:04:40","h":"Sud","s":"25N-H57NV20A-80-A"},{"r":"14","t":"12:04:40","h":"Sud","s":"25S-H57S000A-80-A"},{"r":"14","t":"12:10:40","h":"Sud","s":"25N-H57N000I-80-I"},{"r":"14","t":"12:10:40","h":"Sud","s":"25N-H57N100F-80-F1"},{"r":"14","t":"12:10:40","h":"Sud","s":"25N-H57N200F-80-F2"},{"r":"14","t":"12:10:40","h":"Sud","s":"25N-H57N300F-80-F3"},{"r":"14","t":"12:10:40","h":"Sud","s":"25N-H57N400F-80-F4"},{"r":"14","t":"12:10:40","h":"Sud","s":"25N-H57NV10I-80-I"},{"r":"14","t":"12:10:40","h":"Sud","s":"25N-H57NV20I-80-I"},{"r":"14","t":"12:10:40","h":"Sud","s":"25S-H57S000I-80-I"},{"r":"14","t":"12:10:40","h":"Sud","s":"25S-H57S100F-80-F1"},{"r":"14","t":"12:10:40","h":"Sud","s":"25S-H57S200F-80-F2"},{"r":"14","t":"12:17:40","h":"Sud","s":"25N-H57N000S-80-S"},{"r":"14","t":"12:17:40","h":"Sud","s":"25N-H57NV10S-84-S"},{"r":"14","t":"12:17:40","h":"Sud","s":"25N-H57NV20S-80-S"},{"r":"14","t":"12:17:40","h":"Sud","s":"25S-H57S000S-82-S"},{"r":"14","t":"12:43:40","h":"Sud","s":"25N-H57N000S-80-S"},{"r":"14","t":"12:43:40","h":"Sud","s":"25N-H57NV10S-84-S"},{"r":"14","t":"12:43:40","h":"Sud","s":"25N-H57NV20S-80-S"},{"r":"14","t":"12:43:40","h":"Sud","s":"25S-H57S000S-82-S"},{"r":"14","t":"12:57:20","h":"Sud","s":"25N-H57N000A-80-A"},{"r":"14","t":"12:57:20","h":"Sud","s":"25N-H57NV10A-80-A"},{"r":"14","t":"12:57:20","h":"Sud","s":"25N-H57NV20A-80-A"},{"r":"14","t":"12:57:20","h":"Sud","s":"25S-H57S000A-80-A"},{"r":"14","t":"13:00:40","h":"Sud","s":"25N-H57N000I-80-I"},{"r":"14","t":"13:00:40","h":"Sud","s":"25N-H57N100F-80-F1"},{"r":"14","t":"13:00:40","h":"Sud","s":"25N-H57N200F-80-F2"},{"r":"14","t":"13:00:40","h":"Sud","s":"25N-H57N300F-80-F3"},{"r":"14","t":"13:00:40","h":"Sud","s":"25N-H57N400F-80-F4"},{"r":"14","t":"13:00:40","h":"Sud","s":"25N-H57NV10I-80-I"},{"r":"14","t":"13:00:40","h":"Sud","s":"25N-H57NV20I-80-I"},{"r":"14","t":"13:00:40","h":"Sud","s":"25S-H57S000I-80-I"},{"r":"14","t":"13:00:40","h":"Sud","s":"25S-H57S100F-80-F1"},{"r":"14","t":"13:00:40","h":"Sud","s":"25S-H57S200F-80-F2"},{"r":"14","t":"13:10:40","h":"Sud","s":"25N-H57N000S-80-S"},{"r":"14","t":"13:10:40","h":"Sud","s":"25N-H57NV10S-84-S"},{"r":"14","t":"13:10:40","h":"Sud","s":"25N-H57NV20S-80-S"},{"r":"14","t":"13:10:40","h":"Sud","s":"25S-H57S000S-82-S"},{"r":"14","t":"13:36:40","h":"Sud","s":"25N-H57N000S-80-S"},{"r":"14","t":"13:36:40","h":"Sud","s":"25N-H57NV10S-84-S"},{"r":"14","t":"13:36:40","h":"Sud","s":"25N-H57NV20S-80-S"},{"r":"14","t":"13:36:40","h":"Sud","s":"25S-H57S000S-82-S"},{"r":"14","t":"13:48:20","h":"Sud","s":"25N-H57N000A-80-A"},{"r":"14","t":"13:48:20","h":"Sud","s":"25N-H57NV10A-80-A"},{"r":"14","t":"13:48:20","h":"Sud","s":"25N-H57NV20A-80-A"},{"r":"14","t":"13:48:20","h":"Sud","s":"25S-H57S000A-80-A"},{"r":"14","t":"13:51:40","h":"Sud","s":"25N-H57N000I-80-I"},{"r":"14","t":"13:51:40","h":"Sud","s":"25N-H57N100F-80-F1"},{"r":"14","t":"13:51:40","h":"Sud","s":"25N-H57N200F-80-F2"},{"r":"14","t":"13:51:40","h":"Sud","s":"25N-H57N300F-80-F3"},{"r":"14","t":"13:51:40","h":"Sud","s":"25N-H57N400F-80-F4"},{"r":"14","t":"13:51:40","h":"Sud","s":"25N-H57NV10I-80-I"},{"r":"14","t":"13:51:40","h":"Sud","s":"25N-H57NV20I-80-I"},{"r":"14","t":"13:51:40","h":"Sud","s":"25S-H57S000I-80-I"},{"r":"14","t":"13:51:40","h":"Sud","s":"25S-H57S100F-80-F1"},{"r":"14","t":"13:51:40","h":"Sud","s":"25S-H57S200F-80-F2"},{"r":"14","t":"14:04:40","h":"Sud","s":"25N-H57N000S-80-S"},{"r":"14","t":"14:04:40","h":"Sud","s":"25N-H57NV10S-84-S"},{"r":"14","t":"14:04:40","h":"Sud","s":"25N-H57NV20S-80-S"},{"r":"14","t":"14:04:40","h":"Sud","s":"25S-H57S000S-82-S"},{"r":"14","t":"14:30:40","h":"Sud","s":"25N-H57N000S-80-S"},{"r":"14","t":"14:30:40","h":"Sud","s":"25N-H57NV10S-84-S"},{"r":"14","t":"14:30:40","h":"Sud","s":"25N-H57NV20S-80-S"},{"r":"14","t":"14:30:40","h":"Sud","s":"25S-H57S000S-82-S"},{"r":"14","t":"14:40:20","h":"Sud","s":"25N-H57N000A-80-A"},{"r":"14","t":"14:40:20","h":"Sud","s":"25N-H57NV10A-80-A"},{"r":"14","t":"14:40:20","h":"Sud","s":"25N-H57NV20A-80-A"},{"r":"14","t":"14:40:20","h":"Sud","s":"25S-H57S000A-80-A"},{"r":"14","t":"14:42:40","h":"Sud","s":"25N-H57N000I-80-I"},{"r":"14","t":"14:42:40","h":"Sud","s":"25N-H57N100F-80-F1"},{"r":"14","t":"14:42:40","h":"Sud","s":"25N-H57N200F-80-F2"},{"r":"14","t":"14:42:40","h":"Sud","s":"25N-H57N300F-80-F3"},{"r":"14","t":"14:42:40","h":"Sud","s":"25N-H57N400F-80-F4"},{"r":"14","t":"14:42:40","h":"Sud","s":"25N-H57NV10I-80-I"},{"r":"14","t":"14:42:40","h":"Sud","s":"25N-H57NV20I-80-I"},{"r":"14","t":"14:42:40","h":"Sud","s":"25S-H57S000I-80-I"},{"r":"14","t":"14:42:40","h":"Sud","s":"25S-H57S100F-80-F1"},{"r":"14","t":"14:42:40","h":"Sud","s":"25S-H57S200F-80-F2"},{"r":"14","t":"14:58:40","h":"Sud","s":"25N-H57N000S-80-S"},{"r":"14","t":"14:58:40","h":"Sud","s":"25N-H57NV10S-84-S"},{"r":"14","t":"14:58:40","h":"Sud","s":"25N-H57NV20S-80-S"},{"r":"14","t":"14:58:40","h":"Sud","s":"25S-H57S000S-82-S"},{"r":"14","t":"15:24:40","h":"Sud","s":"25N-H57N000S-80-S"},{"r":"14","t":"15:24:40","h":"Sud","s":"25N-H57NV10S-84-S"},{"r":"14","t":"15:24:40","h":"Sud","s":"25N-H57NV20S-80-S"},{"r":"14","t":"15:24:40","h":"Sud","s":"25S-H57S000S-82-S"},{"r":"14","t":"15:31:20","h":"Sud","s":"25N-H57N000A-80-A"},{"r":"14","t":"15:31:20","h":"Sud","s":"25N-H57NV10A-80-A"},{"r":"14","t":"15:31:20","h":"Sud","s":"25N-H57NV20A-80-A"},{"r":"14","t":"15:31:20","h":"Sud","s":"25S-H57S000A-80-A"},{"r":"14","t":"15:33:40","h":"Sud","s":"25N-H57N000I-80-I"},{"r":"14","t":"15:33:40","h":"Sud","s":"25N-H57N100F-80-F1"},{"r":"14","t":"15:33:40","h":"Sud","s":"25N-H57N200F-80-F2"},{"r":"14","t":"15:33:40","h":"Sud","s":"25N-H57N300F-80-F3"},{"r":"14","t":"15:33:40","h":"Sud","s":"25N-H57N400F-80-F4"},{"r":"14","t":"15:33:40","h":"Sud","s":"25N-H57NV10I-80-I"},{"r":"14","t":"15:33:40","h":"Sud","s":"25N-H57NV20I-80-I"},{"r":"14","t":"15:33:40","h":"Sud","s":"25S-H57S000I-80-I"},{"r":"14","t":"15:33:40","h":"Sud","s":"25S-H57S100F-80-F1"},{"r":"14","t":"15:33:40","h":"Sud","s":"25S-H57S200F-80-F2"},{"r":"14","t":"15:52:40","h":"Sud","s":"25N-H57N000S-80-S"},{"r":"14","t":"15:52:40","h":"Sud","s":"25N-H57NV10S-84-S"},{"r":"14","t":"15:52:40","h":"Sud","s":"25N-H57NV20S-80-S"},{"r":"14","t":"15:52:40","h":"Sud","s":"25S-H57S000S-82-S"},{"r":"14","t":"16:19:40","h":"Sud","s":"25N-H57N000S-80-S"},{"r":"14","t":"16:19:40","h":"Sud","s":"25N-H57NV10S-84-S"},{"r":"14","t":"16:19:40","h":"Sud","s":"25N-H57NV20S-80-S"},{"r":"14","t":"16:19:40","h":"Sud","s":"25S-H57S000S-82-S"},{"r":"14","t":"16:23:20","h":"Sud","s":"25N-H57N000A-80-A"},{"r":"14","t":"16:23:20","h":"Sud","s":"25N-H57NV10A-80-A"},{"r":"14","t":"16:23:20","h":"Sud","s":"25N-H57NV20A-80-A"},{"r":"14","t":"16:23:20","h":"Sud","s":"25S-H57S000A-80-A"},{"r":"14","t":"16:25:00","h":"Sud","s":"25N-H57N000I-80-I"},{"r":"14","t":"16:25:00","h":"Sud","s":"25N-H57N100F-80-F1"},{"r":"14","t":"16:25:00","h":"Sud","s":"25N-H57N200F-80-F2"},{"r":"14","t":"16:25:00","h":"Sud","s":"25N-H57N300F-80-F3"},{"r":"14","t":"16:25:00","h":"Sud","s":"25N-H57N400F-80-F4"},{"r":"14","t":"16:25:00","h":"Sud","s":"25N-H57NV10I-80-I"},{"r":"14","t":"16:25:00","h":"Sud","s":"25N-H57NV20I-80-I"},{"r":"14","t":"16:25:00","h":"Sud","s":"25S-H57S000I-80-I"},{"r":"14","t":"16:25:00","h":"Sud","s":"25S-H57S100F-80-F1"},{"r":"14","t":"16:25:00","h":"Sud","s":"25S-H57S200F-80-F2"},{"r":"14","t":"16:47:40","h":"Sud","s":"25N-H57N000S-80-S"},{"r":"14","t":"16:47:40","h":"Sud","s":"25N-H57NV10S-84-S"},{"r":"14","t":"16:47:40","h":"Sud","s":"25N-H57NV20S-80-S"},{"r":"14","t":"16:47:40","h":"Sud","s":"25S-H57S000S-82-S"},{"r":"14","t":"17:15:20","h":"Sud","s":"25N-H57N000A-80-A"},{"r":"14","t":"17:15:20","h":"Sud","s":"25N-H57NV10A-80-A"},{"r":"14","t":"17:15:20","h":"Sud","s":"25N-H57NV20A-80-A"},{"r":"14","t":"17:15:20","h":"Sud","s":"25S-H57S000A-80-A"},{"r":"14","t":"17:17:00","h":"Sud","s":"25N-H57N000I-80-I"},{"r":"14","t":"17:17:00","h":"Sud","s":"25N-H57N100F-80-F1"},{"r":"14","t":"17:17:00","h":"Sud","s":"25N-H57N200F-80-F2"},{"r":"14","t":"17:17:00","h":"Sud","s":"25N-H57N300F-80-F3"},{"r":"14","t":"17:17:00","h":"Sud","s":"25N-H57N400F-80-F4"},{"r":"14","t":"17:17:00","h":"Sud","s":"25N-H57NV10I-80-I"},{"r":"14","t":"17:17:00","h":"Sud","s":"25N-H57NV20I-80-I"},{"r":"14","t":"17:17:00","h":"Sud","s":"25S-H57S000I-80-I"},{"r":"14","t":"17:17:00","h":"Sud","s":"25S-H57S100F-80-F1"},{"r":"14","t":"17:17:00","h":"Sud","s":"25S-H57S200F-80-F2"},{"r":"14","t":"17:17:20","h":"Sud","s":"25N-H57N000S-80-S"},{"r":"14","t":"17:17:20","h":"Sud","s":"25N-H57NV10S-84-S"},{"r":"14","t":"17:17:20","h":"Sud","s":"25N-H57NV20S-80-S"},{"r":"14","t":"17:17:20","h":"Sud","s":"25S-H57S000S-82-S"},{"r":"14","t":"17:49:20","h":"Sud","s":"25N-H57N000S-80-S"},{"r":"14","t":"17:49:20","h":"Sud","s":"25N-H57NV10S-84-S"},{"r":"14","t":"17:49:20","h":"Sud","s":"25N-H57NV20S-80-S"},{"r":"14","t":"17:49:20","h":"Sud","s":"25S-H57S000S-82-S"},{"r":"14","t":"18:07:20","h":"Sud","s":"25N-H57N000A-80-A"},{"r":"14","t":"18:07:20","h":"Sud","s":"25N-H57NV10A-80-A"},{"r":"14","t":"18:07:20","h":"Sud","s":"25N-H57NV20A-80-A"},{"r":"14","t":"18:07:20","h":"Sud","s":"25S-H57S000A-80-A"},{"r":"14","t":"18:08:00","h":"Sud","s":"25N-H57N000I-80-I"},{"r":"14","t":"18:08:00","h":"Sud","s":"25N-H57N100F-80-F1"},{"r":"14","t":"18:08:00","h":"Sud","s":"25N-H57N200F-80-F2"},{"r":"14","t":"18:08:00","h":"Sud","s":"25N-H57N300F-80-F3"},{"r":"14","t":"18:08:00","h":"Sud","s":"25N-H57N400F-80-F4"},{"r":"14","t":"18:08:00","h":"Sud","s":"25N-H57NV10I-80-I"},{"r":"14","t":"18:08:00","h":"Sud","s":"25N-H57NV20I-80-I"},{"r":"14","t":"18:08:00","h":"Sud","s":"25S-H57S000I-80-I"},{"r":"14","t":"18:08:00","h":"Sud","s":"25S-H57S100F-80-F1"},{"r":"14","t":"18:08:00","h":"Sud","s":"25S-H57S200F-80-F2"},{"r":"14","t":"18:18:20","h":"Sud","s":"25N-H57N000S-80-S"},{"r":"14","t":"18:18:20","h":"Sud","s":"25N-H57NV10S-84-S"},{"r":"14","t":"18:18:20","h":"Sud","s":"25N-H57NV20S-80-S"},{"r":"14","t":"18:18:20","h":"Sud","s":"25S-H57S000S-82-S"},{"r":"14","t":"18:44:00","h":"Sud","s":"25N-H57N000S-80-S"},{"r":"14","t":"18:44:00","h":"Sud","s":"25N-H57NV10S-84-S"},{"r":"14","t":"18:44:00","h":"Sud","s":"25N-H57NV20S-80-S"},{"r":"14","t":"18:44:00","h":"Sud","s":"25S-H57S000S-82-S"},{"r":"14","t":"18:58:40","h":"Sud","s":"25N-H57N000A-80-A"},{"r":"14","t":"18:58:40","h":"Sud","s":"25N-H57NV10A-80-A"},{"r":"14","t":"18:58:40","h":"Sud","s":"25N-H57NV20A-80-A"},{"r":"14","t":"18:58:40","h":"Sud","s":"25S-H57S000A-80-A"},{"r":"14","t":"18:59:00","h":"Sud","s":"25N-H57N000I-80-I"},{"r":"14","t":"18:59:00","h":"Sud","s":"25N-H57N100F-80-F1"},{"r":"14","t":"18:59:00","h":"Sud","s":"25N-H57N200F-80-F2"},{"r":"14","t":"18:59:00","h":"Sud","s":"25N-H57N300F-80-F3"},{"r":"14","t":"18:59:00","h":"Sud","s":"25N-H57N400F-80-F4"},{"r":"14","t":"18:59:00","h":"Sud","s":"25N-H57NV10I-80-I"},{"r":"14","t":"18:59:00","h":"Sud","s":"25N-H57NV20I-80-I"},{"r":"14","t":"18:59:00","h":"Sud","s":"25S-H57S000I-80-I"},{"r":"14","t":"18:59:00","h":"Sud","s":"25S-H57S100F-80-F1"},{"r":"14","t":"18:59:00","h":"Sud","s":"25S-H57S200F-80-F2"},{"r":"14","t":"19:10:00","h":"Sud","s":"25N-H57N000S-80-S"},{"r":"14","t":"19:10:00","h":"Sud","s":"25N-H57NV10S-84-S"},{"r":"14","t":"19:10:00","h":"Sud","s":"25N-H57NV20S-80-S"},{"r":"14","t":"19:10:00","h":"Sud","s":"25S-H57S000S-82-S"}]