[{"r":"32","t":"05:31:15","h":"Nord","s":"25N-H54N000A-80-A"},{"r":"32","t":"05:31:15","h":"Nord","s":"25N-H54N000I-80-I"},{"r":"32","t":"05:31:15","h":"Nord","s":"25N-H54N100F-80-F1"},{"r":"32","t":"05:31:15","h":"Nord","s":"25N-H54N200F-80-F2"},{"r":"32","t":"05:31:15","h":"Nord","s":"25N-H54N300F-80-F3"},{"r":"32","t":"05:31:15","h":"Nord","s":"25N-H54N400F-80-F4"},{"r":"32","t":"05:31:15","h":"Nord","s":"25N-H54NV10A-80-A"},{"r":"32","t":"05:31:15","h":"Nord","s":"25N-H54NV10I-80-I"},{"r":"32","t":"05:31:15","h":"Nord","s":"25N-H54NV20A-80-A"},{"r":"32","t":"05:31:15","h":"Nord","s":"25N-H54NV20I-80-I"},{"r":"32","t":"05:31:15","h":"Nord","s":"25S-H54S000A-83-A"},{"r":"32","t":"05:31:15","h":"Nord","s":"25S-H54S000I-82-I"},{"r":"32","t":"05:31:15","h":"Nord","s":"25S-H54S100F-80-F1"},{"r":"32","t":"05:31:15","h":"Nord","s":"25S-H54S200F-80-F2"},{"r":"32","t":"05:33:15","h":"Nord","s":"25N-H54N000S-80-S"},{"r":"32","t":"05:33:15","h":"Nord","s":"25N-H54NV10S-82-S"},{"r":"32","t":"05:33:15","h":"Nord","s":"25N-H54NV20S-80-S"},{"r":"32","t":"05:33:15","h":"Nord","s":"25S-H54S000S-82-S"},{"r":"32","t":"05:59:15","h":"Nord","s":"25N-H54N000A-80-A"},{"r":"32","t":"05:59:15","h":"Nord","s":"25N-H54N000S-80-S"},{"r":"32","t":"05:59:15","h":"Nord","s":"25N-H54NV10A-80-A"},{"r":"32","t":"05:59:15","h":"Nord","s":"25N-H54NV10S-82-S"},{"r":"32","t":"05:59:15","h":"Nord","s":"25N-H54NV20A-80-A"},{"r":"32","t":"05:59:15","h":"Nord","s":"25N-H54NV20S-80-S"},{"r":"32","t":"05:59:15","h":"Nord","s":"25S-H54S000A-83-A"},{"r":"32","t":"05:59:15","h":"Nord","s":"25S-H54S000S-82-S"},{"r":"32","t":"06:01:15","h":"Nord","s":"25N-H54N000I-80-I"},{"r":"32","t":"06:01:15","h":"Nord","s":"25N-H54N100F-80-F1"},{"r":"32","t":"06:01:15","h":"Nord","s":"25N-H54N200F-80-F2"},{"r":"32","t":"06:01:15","h":"Nord","s":"25N-H54N300F-80-F3"},{"r":"32","t":"06:01:15","h":"Nord","s":"25N-H54N400F-80-F4"},{"r":"32","t":"06:01:15","h":"Nord","s":"25N-H54NV10I-80-I"},{"r":"32","t":"06:01:15","h":"Nord","s":"25N-H54NV20I-80-I"},{"r":"32","t":"06:01:15","h":"Nord","s":"25S-H54S000I-82-I"},{"r":"32","t":"06:01:15","h":"Nord","s":"25S-H54S100F-80-F1"},{"r":"32","t":"06:01:15","h":"Nord","s":"25S-H54S200F-80-F2"},{"r":"32","t":"06:26:41","h":"Nord","s":"25N-H54N000S-80-S"},{"r":"32","t":"06:26:41","h":"Nord","s":"25N-H54NV10S-82-S"},{"r":"32","t":"06:26:41","h":"Nord","s":"25N-H54NV20S-80-S"},{"r":"32","t":"06:26:41","h":"Nord","s":"25S-H54S000S-82-S"},{"r":"32","t":"06:29:41","h":"Nord","s":"25N-H54N000A-80-A"},{"r":"32","t":"06:29:41","h":"Nord","s":"25N-H54N000I-80-I"},{"r":"32","t":"06:29:41","h":"Nord","s":"25N-H54N100F-80-F1"},{"r":"32","t":"06:29:41","h":"Nord","s":"25N-H54N200F-80-F2"},{"r":"32","t":"06:29:41","h":"Nord","s":"25N-H54N300F-80-F3"},{"r":"32","t":"06:29:41","h":"Nord","s":"25N-H54N400F-80-F4"},{"r":"32","t":"06:29:41","h":"Nord","s":"25N-H54NV10A-80-A"},{"r":"32","t":"06:29:41","h":"Nord","s":"25N-H54NV10I-80-I"},{"r":"32","t":"06:29:41","h":"Nord","s":"25N-H54NV20A-80-A"},{"r":"32","t":"06:29:41","h":"Nord","s":"25N-H54NV20I-80-I"},{"r":"32","t":"06:29:41","h":"Nord","s":"25S-H54S000A-83-A"},{"r":"32","t":"06:29:41","h":"Nord","s":"25S-H54S000I-82-I"},{"r":"32","t":"06:29:41","h":"Nord","s":"25S-H54S100F-80-F1"},{"r":"32","t":"06:29:41","h":"Nord","s":"25S-H54S200F-80-F2"},{"r":"32","t":"06:37:41","h":"Nord","s":"25N-H54N000S-80-S"},{"r":"32","t":"06:37:41","h":"Nord","s":"25N-H54NV10S-82-S"},{"r":"32","t":"06:37:41","h":"Nord","s":"25N-H54NV20S-80-S"},{"r":"32","t":"06:37:41","h":"Nord","s":"25S-H54S000S-82-S"},{"r":"32","t":"06:47:41","h":"Nord","s":"25N-H54N000S-80-S"},{"r":"32","t":"06:47:41","h":"Nord","s":"25N-H54NV10S-82-S"},{"r":"32","t":"06:47:41","h":"Nord","s":"25N-H54NV20S-80-S"},{"r":"32","t":"06:47:41","h":"Nord","s":"25S-H54S000S-82-S"},{"r":"32","t":"06:57:41","h":"Nord","s":"25N-H57N000S-80-S"},{"r":"32","t":"06:57:41","h":"Nord","s":"25N-H57NV10S-84-S"},{"r":"32","t":"06:57:41","h":"Nord","s":"25N-H57NV20S-80-S"},{"r":"32","t":"06:57:41","h":"Nord","s":"25S-H57S000S-82-S"},{"r":"32","t":"06:58:41","h":"Nord","s":"25N-H54N000A-80-A"},{"r":"32","t":"06:58:41","h":"Nord","s":"25N-H54NV10A-80-A"},{"r":"32","t":"06:58:41","h":"Nord","s":"25N-H54NV20A-80-A"},{"r":"32","t":"06:58:41","h":"Nord","s":"25S-H54S000A-83-A"},{"r":"32","t":"06:59:06","h":"Nord","s":"25N-H54N000I-80-I"},{"r":"32","t":"06:59:06","h":"Nord","s":"25N-H54N100F-80-F1"},{"r":"32","t":"06:59:06","h":"Nord","s":"25N-H54N200F-80-F2"},{"r":"32","t":"06:59:06","h":"Nord","s":"25N-H54N300F-80-F3"},{"r":"32","t":"06:59:06","h":"Nord","s":"25N-H54N400F-80-F4"},{"r":"32","t":"06:59:06","h":"Nord","s":"25N-H54NV10I-80-I"},{"r":"32","t":"06:59:06","h":"Nord","s":"25N-H54NV20I-80-I"},{"r":"32","t":"06:59:06","h":"Nord","s":"25S-H54S000I-82-I"},{"r":"32","t":"06:59:06","h":"Nord","s":"25S-H54S100F-80-F1"},{"r":"32","t":"06:59:06","h":"Nord","s":"25S-H54S200F-80-F2"},{"r":"32","t":"07:08:41","h":"Nord","s":"25N-H54N000S-80-S"},{"r":"32","t":"07:08:41","h":"Nord","s":"25N-H54NV10S-82-S"},{"r":"32","t":"07:08:41","h":"Nord","s":"25N-H54NV20S-80-S"},{"r":"32","t":"07:08:41","h":"Nord","s":"25S-H54S000S-82-S"},{"r":"32","t":"07:19:41","h":"Nord","s":"25N-H54N000S-80-S"},{"r":"32","t":"07:19:41","h":"Nord","s":"25N-H54NV10S-82-S"},{"r":"32","t":"07:19:41","h":"Nord","s":"25N-H54NV20S-80-S"},{"r":"32","t":"07:19:41","h":"Nord","s":"25S-H54S000S-82-S"},{"r":"32","t":"07:27:41","h":"Nord","s":"25N-H54N000A-80-A"},{"r":"32","t":"07:27:41","h":"Nord","s":"25N-H54NV10A-80-A"},{"r":"32","t":"07:27:41","h":"Nord","s":"25N-H54NV20A-80-A"},{"r":"32","t":"07:27:41","h":"Nord","s":"25S-H54S000A-83-A"},{"r":"32","t":"07:28:06","h":"Nord","s":"25N-H54N000I-80-I"},{"r":"32","t":"07:28:06","h":"Nord","s":"25N-H54N100F-80-F1"},{"r":"32","t":"07:28:06","h":"Nord","s":"25N-H54N200F-80-F2"},{"r":"32","t":"07:28:06","h":"Nord","s":"25N-H54N300F-80-F3"},{"r":"32","t":"07:28:06","h":"Nord","s":"25N-H54N400F-80-F4"},{"r":"32","t":"07:28:06","h":"Nord","s":"25N-H54NV10I-80-I"},{"r":"32","t":"07:28:06","h":"Nord","s":"25N-H54NV20I-80-I"},{"r":"32","t":"07:28:06","h":"Nord","s":"25S-H54S000I-82-I"},{"r":"32","t":"07:28:06","h":"Nord","s":"25S-H54S100F-80-F1"},{"r":"32","t":"07:28:06","h":"Nord","s":"25S-H54S200F-80-F2"},{"r":"32","t":"07:30:41","h":"Nord","s":"25N-H54N000S-80-S"},{"r":"32","t":"07:30:41","h":"Nord","s":"25N-H54NV10S-82-S"},{"r":"32","t":"07:30:41","h":"Nord","s":"25N-H54NV20S-80-S"},{"r":"32","t":"07:30:41","h":"Nord","s":"25S-H54S000S-82-S"},{"r":"32","t":"07:38:41","h":"Nord","s":"25N-H54N000S-80-S"},{"r":"32","t":"07:38:41","h":"Nord","s":"25N-H54NV10S-82-S"},{"r":"32","t":"07:38:41","h":"Nord","s":"25N-H54NV20S-80-S"},{"r":"32","t":"07:38:41","h":"Nord","s":"25S-H54S000S-82-S"},{"r":"32","t":"07:45:41","h":"Nord","s":"25N-H54N000S-80-S"},{"r":"32","t":"07:45:41","h":"Nord","s":"25N-H54NV10S-82-S"},{"r":"32","t":"07:45:41","h":"Nord","s":"25N-H54NV20S-80-S"},{"r":"32","t":"07:45:41","h":"Nord","s":"25S-H54S000S-82-S"},{"r":"32","t":"07:52:41","h":"Nord","s":"25N-H54N000S-80-S"},{"r":"32","t":"07:52:41","h":"Nord","s":"25N-H54NV10S-82-S"},{"r":"32","t":"07:52:41","h":"Nord","s":"25N-H54NV20S-80-S"},{"r":"32","t":"07:52:41","h":"Nord","s":"25S-H54S000S-82-S"},{"r":"32","t":"07:56:41","h":"Nord","s":"25N-H54N000A-80-A"},{"r":"32","t":"07:56:41","h":"Nord","s":"25N-H54NV10A-80-A"},{"r":"32","t":"07:56:41","h":"Nord","s":"25N-H54NV20A-80-A"},{"r":"32","t":"07:56:41","h":"Nord","s":"25S-H54S000A-83-A"},{"r":"32","t":"07:57:06","h":"Nord","s":"25N-H54N000I-80-I"},{"r":"32","t":"07:57:06","h":"Nord","s":"25N-H54N100F-80-F1"},{"r":"32","t":"07:57:06","h":"Nord","s":"25N-H54N200F-80-F2"},{"r":"32","t":"07:57:06","h":"Nord","s":"25N-H54N300F-80-F3"},{"r":"32","t":"07:57:06","h":"Nord","s":"25N-H54N400F-80-F4"},{"r":"32","t":"07:57:06","h":"Nord","s":"25N-H54NV10I-80-I"},{"r":"32","t":"07:57:06","h":"Nord","s":"25N-H54NV20I-80-I"},{"r":"32","t":"07:57:06","h":"Nord","s":"25S-H54S000I-82-I"},{"r":"32","t":"07:57:06","h":"Nord","s":"25S-H54S100F-80-F1"},{"r":"32","t":"07:57:06","h":"Nord","s":"25S-H54S200F-80-F2"},{"r":"32","t":"08:00:41","h":"Nord","s":"25N-H54N000S-80-S"},{"r":"32","t":"08:00:41","h":"Nord","s":"25N-H54NV10S-82-S"},{"r":"32","t":"08:00:41","h":"Nord","s":"25N-H54NV20S-80-S"},{"r":"32","t":"08:00:41","h":"Nord","s":"25S-H54S000S-82-S"},{"r":"32","t":"08:07:41","h":"Nord","s":"25N-H54N000S-80-S"},{"r":"32","t":"08:07:41","h":"Nord","s":"25N-H54NV10S-82-S"},{"r":"32","t":"08:07:41","h":"Nord","s":"25N-H54NV20S-80-S"},{"r":"32","t":"08:07:41","h":"Nord","s":"25S-H54S000S-82-S"},{"r":"32","t":"08:14:41","h":"Nord","s":"25N-H54N000S-80-S"},{"r":"32","t":"08:14:41","h":"Nord","s":"25N-H54NV10S-82-S"},{"r":"32","t":"08:14:41","h":"Nord","s":"25N-H54NV20S-80-S"},{"r":"32","t":"08:14:41","h":"Nord","s":"25S-H54S000S-82-S"},{"r":"32","t":"08:25:41","h":"Nord","s":"25N-H54N000S-80-S"},{"r":"32","t":"08:25:41","h":"Nord","s":"25N-H54NV10S-82-S"},{"r":"32","t":"08:25:41","h":"Nord","s":"25N-H54NV20S-80-S"},{"r":"32","t":"08:25:41","h":"Nord","s":"25S-H54S000S-82-S"},{"r":"32","t":"08:27:06","h":"Nord","s":"25N-H54N000A-80-A"},{"r":"32","t":"08:27:06","h":"Nord","s":"25N-H54NV10A-80-A"},{"r":"32","t":"08:27:06","h":"Nord","s":"25N-H54NV20A-80-A"},{"r":"32","t":"08:27:06","h":"Nord","s":"25S-H54S000A-83-A"},{"r":"32","t":"08:28:06","h":"Nord","s":"25N-H54N000I-80-I"},{"r":"32","t":"08:28:06","h":"Nord","s":"25N-H54N100F-80-F1"},{"r":"32","t":"08:28:06","h":"Nord","s":"25N-H54N200F-80-F2"},{"r":"32","t":"08:28:06","h":"Nord","s":"25N-H54N300F-80-F3"},{"r":"32","t":"08:28:06","h":"Nord","s":"25N-H54N400F-80-F4"},{"r":"32","t":"08:28:06","h":"Nord","s":"25N-H54NV10I-80-I"},{"r":"32","t":"08:28:06","h":"Nord","s":"25N-H54NV20I-80-I"},{"r":"32","t":"08:28:06","h":"Nord","s":"25S-H54S000I-82-I"},{"r":"32","t":"08:28:06","h":"Nord","s":"25S-H54S100F-80-F1"},{"r":"32","t":"08:28:06","h":"Nord","s":"25S-H54S200F-80-F2"},{"r":"32","t":"08:43:41","h":"Nord","s":"25N-H55N000S-80-S"},{"r":"32","t":"08:43:41","h":"Nord","s":"25N-H55N000S-82-S"},{"r":"32","t":"08:43:41","h":"Nord","s":"25N-H55NV10S-85-S"},{"r":"32","t":"08:43:41","h":"Nord","s":"25N-H55NV20S-81-S"},{"r":"32","t":"08:43:41","h":"Nord","s":"25S-H55S000S-82-S"},{"r":"32","t":"08:57:06","h":"Nord","s":"25N-H54N000A-80-A"},{"r":"32","t":"08:57:06","h":"Nord","s":"25N-H54NV10A-80-A"},{"r":"32","t":"08:57:06","h":"Nord","s":"25N-H54NV20A-80-A"},{"r":"32","t":"08:57:06","h":"Nord","s":"25S-H54S000A-83-A"},{"r":"32","t":"08:59:06","h":"Nord","s":"25N-H54N000I-80-I"},{"r":"32","t":"08:59:06","h":"Nord","s":"25N-H54N100F-80-F1"},{"r":"32","t":"08:59:06","h":"Nord","s":"25N-H54N200F-80-F2"},{"r":"32","t":"08:59:06","h":"Nord","s":"25N-H54N300F-80-F3"},{"r":"32","t":"08:59:06","h":"Nord","s":"25N-H54N400F-80-F4"},{"r":"32","t":"08:59:06","h":"Nord","s":"25N-H54NV10I-80-I"},{"r":"32","t":"08:59:06","h":"Nord","s":"25N-H54NV20I-80-I"},{"r":"32","t":"08:59:06","h":"Nord","s":"25S-H54S000I-82-I"},{"r":"32","t":"08:59:06","h":"Nord","s":"25S-H54S100F-80-F1"},{"r":"32","t":"08:59:06","h":"Nord","s":"25S-H54S200F-80-F2"},{"r":"32","t":"09:04:41","h":"Nord","s":"25N-H54N000S-80-S"},{"r":"32","t":"09:04:41","h":"Nord","s":"25N-H54NV10S-82-S"},{"r":"32","t":"09:04:41","h":"Nord","s":"25N-H54NV20S-80-S"},{"r":"32","t":"09:04:41","h":"Nord","s":"25S-H54S000S-82-S"},{"r":"32","t":"09:25:41","h":"Nord","s":"25N-H54N000S-80-S"},{"r":"32","t":"09:25:41","h":"Nord","s":"25N-H54NV10S-82-S"},{"r":"32","t":"09:25:41","h":"Nord","s":"25N-H54NV20S-80-S"},{"r":"32","t":"09:25:41","h":"Nord","s":"25S-H54S000S-82-S"},{"r":"32","t":"09:27:06","h":"Nord","s":"25N-H54N000A-80-A"},{"r":"32","t":"09:27:06","h":"Nord","s":"25N-H54NV10A-80-A"},{"r":"32","t":"09:27:06","h":"Nord","s":"25N-H54NV20A-80-A"},{"r":"32","t":"09:27:06","h":"Nord","s":"25S-H54S000A-83-A"},{"r":"32","t":"09:30:06","h":"Nord","s":"25N-H54N000I-80-I"},{"r":"32","t":"09:30:06","h":"Nord","s":"25N-H54N100F-80-F1"},{"r":"32","t":"09:30:06","h":"Nord","s":"25N-H54N200F-80-F2"},{"r":"32","t":"09:30:06","h":"Nord","s":"25N-H54N300F-80-F3"},{"r":"32","t":"09:30:06","h":"Nord","s":"25N-H54N400F-80-F4"},{"r":"32","t":"09:30:06","h":"Nord","s":"25N-H54NV10I-80-I"},{"r":"32","t":"09:30:06","h":"Nord","s":"25N-H54NV20I-80-I"},{"r":"32","t":"09:30:06","h":"Nord","s":"25S-H54S000I-82-I"},{"r":"32","t":"09:30:06","h":"Nord","s":"25S-H54S100F-80-F1"},{"r":"32","t":"09:30:06","h":"Nord","s":"25S-H54S200F-80-F2"},{"r":"32","t":"09:45:41","h":"Nord","s":"25N-H54N000S-80-S"},{"r":"32","t":"09:45:41","h":"Nord","s":"25N-H54NV10S-82-S"},{"r":"32","t":"09:45:41","h":"Nord","s":"25N-H54NV20S-80-S"},{"r":"32","t":"09:45:41","h":"Nord","s":"25S-H54S000S-82-S"},{"r":"32","t":"09:57:06","h":"Nord","s":"25N-H54N000A-80-A"},{"r":"32","t":"09:57:06","h":"Nord","s":"25N-H54NV10A-80-A"},{"r":"32","t":"09:57:06","h":"Nord","s":"25N-H54NV20A-80-A"},{"r":"32","t":"09:57:06","h":"Nord","s":"25S-H54S000A-83-A"},{"r":"32","t":"10:00:06","h":"Nord","s":"25N-H54N000I-80-I"},{"r":"32","t":"10:00:06","h":"Nord","s":"25N-H54N100F-80-F1"},{"r":"32","t":"10:00:06","h":"Nord","s":"25N-H54N200F-80-F2"},{"r":"32","t":"10:00:06","h":"Nord","s":"25N-H54N300F-80-F3"},{"r":"32","t":"10:00:06","h":"Nord","s":"25N-H54N400F-80-F4"},{"r":"32","t":"10:00:06","h":"Nord","s":"25N-H54NV10I-80-I"},{"r":"32","t":"10:00:06","h":"Nord","s":"25N-H54NV20I-80-I"},{"r":"32","t":"10:00:06","h":"Nord","s":"25S-H54S000I-82-I"},{"r":"32","t":"10:00:06","h":"Nord","s":"25S-H54S100F-80-F1"},{"r":"32","t":"10:00:06","h":"Nord","s":"25S-H54S200F-80-F2"},{"r":"32","t":"10:07:41","h":"Nord","s":"25N-H54N000S-80-S"},{"r":"32","t":"10:07:41","h":"Nord","s":"25N-H54NV10S-82-S"},{"r":"32","t":"10:07:41","h":"Nord","s":"25N-H54NV20S-80-S"},{"r":"32","t":"10:07:41","h":"Nord","s":"25S-H54S000S-82-S"},{"r":"32","t":"10:25:06","h":"Nord","s":"25N-H54N000A-80-A"},{"r":"32","t":"10:25:06","h":"Nord","s":"25N-H54NV10A-80-A"},{"r":"32","t":"10:25:06","h":"Nord","s":"25N-H54NV20A-80-A"},{"r":"32","t":"10:25:06","h":"Nord","s":"25S-H54S000A-83-A"},{"r":"32","t":"10:28:06","h":"Nord","s":"25N-H54N000I-80-I"},{"r":"32","t":"10:28:06","h":"Nord","s":"25N-H54N100F-80-F1"},{"r":"32","t":"10:28:06","h":"Nord","s":"25N-H54N200F-80-F2"},{"r":"32","t":"10:28:06","h":"Nord","s":"25N-H54N300F-80-F3"},{"r":"32","t":"10:28:06","h":"Nord","s":"25N-H54N400F-80-F4"},{"r":"32","t":"10:28:06","h":"Nord","s":"25N-H54NV10I-80-I"},{"r":"32","t":"10:28:06","h":"Nord","s":"25N-H54NV20I-80-I"},{"r":"32","t":"10:28:06","h":"Nord","s":"25S-H54S000I-82-I"},{"r":"32","t":"10:28:06","h":"Nord","s":"25S-H54S100F-80-F1"},{"r":"32","t":"10:28:06","h":"Nord","s":"25S-H54S200F-80-F2"},{"r":"32","t":"10:29:41","h":"Nord","s":"25N-H54N000S-80-S"},{"r":"32","t":"10:29:41","h":"Nord","s":"25N-H54NV10S-82-S"},{"r":"32","t":"10:29:41","h":"Nord","s":"25N-H54NV20S-80-S"},{"r":"32","t":"10:29:41","h":"Nord","s":"25S-H54S000S-82-S"},{"r":"32","t":"10:49:41","h":"Nord","s":"25N-H54N000S-80-S"},{"r":"32","t":"10:49:41","h":"Nord","s":"25N-H54NV10S-82-S"},{"r":"32","t":"10:49:41","h":"Nord","s":"25N-H54NV20S-80-S"},{"r":"32","t":"10:49:41","h":"Nord","s":"25S-H54S000S-82-S"},{"r":"32","t":"10:53:06","h":"Nord","s":"25N-H54N000A-80-A"},{"r":"32","t":"10:53:06","h":"Nord","s":"25N-H54NV10A-80-A"},{"r":"32","t":"10:53:06","h":"Nord","s":"25N-H54NV20A-80-A"},{"r":"32","t":"10:53:06","h":"Nord","s":"25S-H54S000A-83-A"},{"r":"32","t":"10:58:06","h":"Nord","s":"25N-H54N000I-80-I"},{"r":"32","t":"10:58:06","h":"Nord","s":"25N-H54N100F-80-F1"},{"r":"32","t":"10:58:06","h":"Nord","s":"25N-H54N200F-80-F2"},{"r":"32","t":"10:58:06","h":"Nord","s":"25N-H54N300F-80-F3"},{"r":"32","t":"10:58:06","h":"Nord","s":"25N-H54N400F-80-F4"},{"r":"32","t":"10:58:06","h":"Nord","s":"25N-H54NV10I-80-I"},{"r":"32","t":"10:58:06","h":"Nord","s":"25N-H54NV20I-80-I"},{"r":"32","t":"10:58:06","h":"Nord","s":"25S-H54S000I-82-I"},{"r":"32","t":"10:58:06","h":"Nord","s":"25S-H54S100F-80-F1"},{"r":"32","t":"10:58:06","h":"Nord","s":"25S-H54S200F-80-F2"},{"r":"32","t":"11:09:41","h":"Nord","s":"25N-H54N000S-80-S"},{"r":"32","t":"11:09:41","h":"Nord","s":"25N-H54NV10S-82-S"},{"r":"32","t":"11:09:41","h":"Nord","s":"25N-H54NV20S-80-S"},{"r":"32","t":"11:09:41","h":"Nord","s":"25S-H54S000S-82-S"},{"r":"32","t":"11:21:06","h":"Nord","s":"25N-H54N000A-80-A"},{"r":"32","t":"11:21:06","h":"Nord","s":"25N-H54NV10A-80-A"},{"r":"32","t":"11:21:06","h":"Nord","s":"25N-H54NV20A-80-A"},{"r":"32","t":"11:21:06","h":"Nord","s":"25S-H54S000A-83-A"},{"r":"32","t":"11:22:06","h":"Nord","s":"25N-H54N000I-80-I"},{"r":"32","t":"11:22:06","h":"Nord","s":"25N-H54N100F-80-F1"},{"r":"32","t":"11:22:06","h":"Nord","s":"25N-H54N200F-80-F2"},{"r":"32","t":"11:22:06","h":"Nord","s":"25N-H54N300F-80-F3"},{"r":"32","t":"11:22:06","h":"Nord","s":"25N-H54N400F-80-F4"},{"r":"32","t":"11:22:06","h":"Nord","s":"25N-H54NV10I-80-I"},{"r":"32","t":"11:22:06","h":"Nord","s":"25N-H54NV20I-80-I"},{"r":"32","t":"11:22:06","h":"Nord","s":"25S-H54S000I-82-I"},{"r":"32","t":"11:22:06","h":"Nord","s":"25S-H54S100F-80-F1"},{"r":"32","t":"11:22:06","h":"Nord","s":"25S-H54S200F-80-F2"},{"r":"32","t":"11:30:41","h":"Nord","s":"25N-H54N000S-80-S"},{"r":"32","t":"11:30:41","h":"Nord","s":"25N-H54NV10S-82-S"},{"r":"32","t":"11:30:41","h":"Nord","s":"25N-H54NV20S-80-S"},{"r":"32","t":"11:30:41","h":"Nord","s":"25S-H54S000S-82-S"},{"r":"32","t":"11:44:06","h":"Nord","s":"25N-H54N000I-80-I"},{"r":"32","t":"11:44:06","h":"Nord","s":"25N-H54N100F-80-F1"},{"r":"32","t":"11:44:06","h":"Nord","s":"25N-H54N200F-80-F2"},{"r":"32","t":"11:44:06","h":"Nord","s":"25N-H54N300F-80-F3"},{"r":"32","t":"11:44:06","h":"Nord","s":"25N-H54N400F-80-F4"},{"r":"32","t":"11:44:06","h":"Nord","s":"25N-H54NV10I-80-I"},{"r":"32","t":"11:44:06","h":"Nord","s":"25N-H54NV20I-80-I"},{"r":"32","t":"11:44:06","h":"Nord","s":"25S-H54S000I-82-I"},{"r":"32","t":"11:44:06","h":"Nord","s":"25S-H54S100F-80-F1"},{"r":"32","t":"11:44:06","h":"Nord","s":"25S-H54S200F-80-F2"},{"r":"32","t":"11:48:41","h":"Nord","s":"25N-H54N000S-80-S"},{"r":"32","t":"11:48:41","h":"Nord","s":"25N-H54NV10S-82-S"},{"r":"32","t":"11:48:41","h":"Nord","s":"25N-H54NV20S-80-S"},{"r":"32","t":"11:48:41","h":"Nord","s":"25S-H54S000S-82-S"},{"r":"32","t":"11:49:06","h":"Nord","s":"25N-H54N000A-80-A"},{"r":"32","t":"11:49:06","h":"Nord","s":"25N-H54NV10A-80-A"},{"r":"32","t":"11:49:06","h":"Nord","s":"25N-H54NV20A-80-A"},{"r":"32","t":"11:49:06","h":"Nord","s":"25S-H54S000A-83-A"},{"r":"32","t":"12:03:06","h":"Nord","s":"25N-H54N000I-80-I"},{"r":"32","t":"12:03:06","h":"Nord","s":"25N-H54N100F-80-F1"},{"r":"32","t":"12:03:06","h":"Nord","s":"25N-H54N200F-80-F2"},{"r":"32","t":"12:03:06","h":"Nord","s":"25N-H54N300F-80-F3"},{"r":"32","t":"12:03:06","h":"Nord","s":"25N-H54N400F-80-F4"},{"r":"32","t":"12:03:06","h":"Nord","s":"25N-H54NV10I-80-I"},{"r":"32","t":"12:03:06","h":"Nord","s":"25N-H54NV20I-80-I"},{"r":"32","t":"12:03:06","h":"Nord","s":"25S-H54S000I-82-I"},{"r":"32","t":"12:03:06","h":"Nord","s":"25S-H54S100F-80-F1"},{"r":"32","t":"12:03:06","h":"Nord","s":"25S-H54S200F-80-F2"},{"r":"32","t":"12:06:41","h":"Nord","s":"25N-H54N000S-80-S"},{"r":"32","t":"12:06:41","h":"Nord","s":"25N-H54NV10S-82-S"},{"r":"32","t":"12:06:41","h":"Nord","s":"25N-H54NV20S-80-S"},{"r":"32","t":"12:06:41","h":"Nord","s":"25S-H54S000S-82-S"},{"r":"32","t":"12:16:06","h":"Nord","s":"25N-H54N000A-80-A"},{"r":"32","t":"12:16:06","h":"Nord","s":"25N-H54NV10A-80-A"},{"r":"32","t":"12:16:06","h":"Nord","s":"25N-H54NV20A-80-A"},{"r":"32","t":"12:16:06","h":"Nord","s":"25S-H54S000A-83-A"},{"r":"32","t":"12:22:06","h":"Nord","s":"25N-H54N000I-80-I"},{"r":"32","t":"12:22:06","h":"Nord","s":"25N-H54N100F-80-F1"},{"r":"32","t":"12:22:06","h":"Nord","s":"25N-H54N200F-80-F2"},{"r":"32","t":"12:22:06","h":"Nord","s":"25N-H54N300F-80-F3"},{"r":"32","t":"12:22:06","h":"Nord","s":"25N-H54N400F-80-F4"},{"r":"32","t":"12:22:06","h":"Nord","s":"25N-H54NV10I-80-I"},{"r":"32","t":"12:22:06","h":"Nord","s":"25N-H54NV20I-80-I"},{"r":"32","t":"12:22:06","h":"Nord","s":"25S-H54S000I-82-I"},{"r":"32","t":"12:22:06","h":"Nord","s":"25S-H54S100F-80-F1"},{"r":"32","t":"12:22:06","h":"Nord","s":"25S-H54S200F-80-F2"},{"r":"32","t":"12:23:41","h":"Nord","s":"25N-H54N000S-80-S"},{"r":"32","t":"12:23:41","h":"Nord","s":"25N-H54NV10S-82-S"},{"r":"32","t":"12:23:41","h":"Nord","s":"25N-H54NV20S-80-S"},{"r":"32","t":"12:23:41","h":"Nord","s":"25S-H54S000S-82-S"},{"r":"32","t":"12:37:06","h":"Nord","s":"25N-H54N000A-80-A"},{"r":"32","t":"12:37:06","h":"Nord","s":"25N-H54NV10A-80-A"},{"r":"32","t":"12:37:06","h":"Nord","s":"25N-H54NV20A-80-A"},{"r":"32","t":"12:37:06","h":"Nord","s":"25S-H54S000A-83-A"},{"r":"32","t":"12:39:41","h":"Nord","s":"25N-H54N000S-80-S"},{"r":"32","t":"12:39:41","h":"Nord","s":"25N-H54NV10S-82-S"},{"r":"32","t":"12:39:41","h":"Nord","s":"25N-H54NV20S-80-S"},{"r":"32","t":"12:39:41","h":"Nord","s":"25S-H54S000S-82-S"},{"r":"32","t":"12:40:06","h":"Nord","s":"25N-H54N000I-80-I"},{"r":"32","t":"12:40:06","h":"Nord","s":"25N-H54N100F-80-F1"},{"r":"32","t":"12:40:06","h":"Nord","s":"25N-H54N200F-80-F2"},{"r":"32","t":"12:40:06","h":"Nord","s":"25N-H54N300F-80-F3"},{"r":"32","t":"12:40:06","h":"Nord","s":"25N-H54N400F-80-F4"},{"r":"32","t":"12:40:06","h":"Nord","s":"25N-H54NV10I-80-I"},{"r":"32","t":"12:40:06","h":"Nord","s":"25N-H54NV20I-80-I"},{"r":"32","t":"12:40:06","h":"Nord","s":"25S-H54S000I-82-I"},{"r":"32","t":"12:40:06","h":"Nord","s":"25S-H54S100F-80-F1"},{"r":"32","t":"12:40:06","h":"Nord","s":"25S-H54S200F-80-F2"},{"r":"32","t":"12:55:41","h":"Nord","s":"25N-H54N000S-80-S"},{"r":"32","t":"12:55:41","h":"Nord","s":"25N-H54NV10S-82-S"},{"r":"32","t":"12:55:41","h":"Nord","s":"25N-H54NV20S-80-S"},{"r":"32","t":"12:55:41","h":"Nord","s":"25S-H54S000S-82-S"},{"r":"32","t":"12:58:06","h":"Nord","s":"25N-H54N000A-80-A"},{"r":"32","t":"12:58:06","h":"Nord","s":"25N-H54N000I-80-I"},{"r":"32","t":"12:58:06","h":"Nord","s":"25N-H54N100F-80-F1"},{"r":"32","t":"12:58:06","h":"Nord","s":"25N-H54N200F-80-F2"},{"r":"32","t":"12:58:06","h":"Nord","s":"25N-H54N300F-80-F3"},{"r":"32","t":"12:58:06","h":"Nord","s":"25N-H54N400F-80-F4"},{"r":"32","t":"12:58:06","h":"Nord","s":"25N-H54NV10A-80-A"},{"r":"32","t":"12:58:06","h":"Nord","s":"25N-H54NV10I-80-I"},{"r":"32","t":"12:58:06","h":"Nord","s":"25N-H54NV20A-80-A"},{"r":"32","t":"12:58:06","h":"Nord","s":"25N-H54NV20I-80-I"},{"r":"32","t":"12:58:06","h":"Nord","s":"25S-H54S000A-83-A"},{"r":"32","t":"12:58:06","h":"Nord","s":"25S-H54S000I-82-I"},{"r":"32","t":"12:58:06","h":"Nord","s":"25S-H54S100F-80-F1"},{"r":"32","t":"12:58:06","h":"Nord","s":"25S-H54S200F-80-F2"},{"r":"32","t":"13:11:41","h":"Nord","s":"25N-H54N000S-80-S"},{"r":"32","t":"13:11:41","h":"Nord","s":"25N-H54NV10S-82-S"},{"r":"32","t":"13:11:41","h":"Nord","s":"25N-H54NV20S-80-S"},{"r":"32","t":"13:11:41","h":"Nord","s":"25S-H54S000S-82-S"},{"r":"32","t":"13:18:06","h":"Nord","s":"25N-H54N000A-80-A"},{"r":"32","t":"13:18:06","h":"Nord","s":"25N-H54NV10A-80-A"},{"r":"32","t":"13:18:06","h":"Nord","s":"25N-H54NV20A-80-A"},{"r":"32","t":"13:18:06","h":"Nord","s":"25S-H54S000A-83-A"},{"r":"32","t":"13:19:06","h":"Nord","s":"25N-H54N000I-80-I"},{"r":"32","t":"13:19:06","h":"Nord","s":"25N-H54N100F-80-F1"},{"r":"32","t":"13:19:06","h":"Nord","s":"25N-H54N200F-80-F2"},{"r":"32","t":"13:19:06","h":"Nord","s":"25N-H54N300F-80-F3"},{"r":"32","t":"13:19:06","h":"Nord","s":"25N-H54N400F-80-F4"},{"r":"32","t":"13:19:06","h":"Nord","s":"25N-H54NV10I-80-I"},{"r":"32","t":"13:19:06","h":"Nord","s":"25N-H54NV20I-80-I"},{"r":"32","t":"13:19:06","h":"Nord","s":"25S-H54S000I-82-I"},{"r":"32","t":"13:19:06","h":"Nord","s":"25S-H54S100F-80-F1"},{"r":"32","t":"13:19:06","h":"Nord","s":"25S-H54S200F-80-F2"},{"r":"32","t":"13:28:41","h":"Nord","s":"25N-H54N000S-80-S"},{"r":"32","t":"13:28:41","h":"Nord","s":"25N-H54NV10S-82-S"},{"r":"32","t":"13:28:41","h":"Nord","s":"25N-H54NV20S-80-S"},{"r":"32","t":"13:28:41","h":"Nord","s":"25S-H54S000S-82-S"},{"r":"32","t":"13:37:06","h":"Nord","s":"25N-H54N000A-80-A"},{"r":"32","t":"13:37:06","h":"Nord","s":"25N-H54NV10A-80-A"},{"r":"32","t":"13:37:06","h":"Nord","s":"25N-H54NV20A-80-A"},{"r":"32","t":"13:37:06","h":"Nord","s":"25S-H54S000A-83-A"},{"r":"32","t":"13:40:06","h":"Nord","s":"25N-H54N000I-80-I"},{"r":"32","t":"13:40:06","h":"Nord","s":"25N-H54N100F-80-F1"},{"r":"32","t":"13:40:06","h":"Nord","s":"25N-H54N200F-80-F2"},{"r":"32","t":"13:40:06","h":"Nord","s":"25N-H54N300F-80-F3"},{"r":"32","t":"13:40:06","h":"Nord","s":"25N-H54N400F-80-F4"},{"r":"32","t":"13:40:06","h":"Nord","s":"25N-H54NV10I-80-I"},{"r":"32","t":"13:40:06","h":"Nord","s":"25N-H54NV20I-80-I"},{"r":"32","t":"13:40:06","h":"Nord","s":"25S-H54S000I-82-I"},{"r":"32","t":"13:40:06","h":"Nord","s":"25S-H54S100F-80-F1"},{"r":"32","t":"13:40:06","h":"Nord","s":"25S-H54S200F-80-F2"},{"r":"32","t":"13:46:41","h":"Nord","s":"25N-H54N000S-80-S"},{"r":"32","t":"13:46:41","h":"Nord","s":"25N-H54NV10S-82-S"},{"r":"32","t":"13:46:41","h":"Nord","s":"25N-H54NV20S-80-S"},{"r":"32","t":"13:46:41","h":"Nord","s":"25S-H54S000S-82-S"},{"r":"32","t":"13:57:06","h":"Nord","s":"25N-H54N000A-80-A"},{"r":"32","t":"13:57:06","h":"Nord","s":"25N-H54NV10A-80-A"},{"r":"32","t":"13:57:06","h":"Nord","s":"25N-H54NV20A-80-A"},{"r":"32","t":"13:57:06","h":"Nord","s":"25S-H54S000A-83-A"},{"r":"32","t":"14:01:06","h":"Nord","s":"25N-H54N000I-80-I"},{"r":"32","t":"14:01:06","h":"Nord","s":"25N-H54N100F-80-F1"},{"r":"32","t":"14:01:06","h":"Nord","s":"25N-H54N200F-80-F2"},{"r":"32","t":"14:01:06","h":"Nord","s":"25N-H54N300F-80-F3"},{"r":"32","t":"14:01:06","h":"Nord","s":"25N-H54N400F-80-F4"},{"r":"32","t":"14:01:06","h":"Nord","s":"25N-H54NV10I-80-I"},{"r":"32","t":"14:01:06","h":"Nord","s":"25N-H54NV20I-80-I"},{"r":"32","t":"14:01:06","h":"Nord","s":"25S-H54S000I-82-I"},{"r":"32","t":"14:01:06","h":"Nord","s":"25S-H54S100F-80-F1"},{"r":"32","t":"14:01:06","h":"Nord","s":"25S-H54S200F-80-F2"},{"r":"32","t":"14:03:41","h":"Nord","s":"25N-H54N000S-80-S"},{"r":"32","t":"14:03:41","h":"Nord","s":"25N-H54NV10S-82-S"},{"r":"32","t":"14:03:41","h":"Nord","s":"25N-H54NV20S-80-S"},{"r":"32","t":"14:03:41","h":"Nord","s":"25S-H54S000S-82-S"},{"r":"32","t":"14:16:06","h":"Nord","s":"25N-H54N000A-80-A"},{"r":"32","t":"14:16:06","h":"Nord","s":"25N-H54NV10A-80-A"},{"r":"32","t":"14:16:06","h":"Nord","s":"25N-H54NV20A-80-A"},{"r":"32","t":"14:16:06","h":"Nord","s":"25S-H54S000A-83-A"},{"r":"32","t":"14:19:41","h":"Nord","s":"25N-H54N000S-80-S"},{"r":"32","t":"14:19:41","h":"Nord","s":"25N-H54NV10S-82-S"},{"r":"32","t":"14:19:41","h":"Nord","s":"25N-H54NV20S-80-S"},{"r":"32","t":"14:19:41","h":"Nord","s":"25S-H54S000S-82-S"},{"r":"32","t":"14:23:06","h":"Nord","s":"25N-H54N000I-80-I"},{"r":"32","t":"14:23:06","h":"Nord","s":"25N-H54N100F-80-F1"},{"r":"32","t":"14:23:06","h":"Nord","s":"25N-H54N200F-80-F2"},{"r":"32","t":"14:23:06","h":"Nord","s":"25N-H54N300F-80-F3"},{"r":"32","t":"14:23:06","h":"Nord","s":"25N-H54N400F-80-F4"},{"r":"32","t":"14:23:06","h":"Nord","s":"25N-H54NV10I-80-I"},{"r":"32","t":"14:23:06","h":"Nord","s":"25N-H54NV20I-80-I"},{"r":"32","t":"14:23:06","h":"Nord","s":"25S-H54S000I-82-I"},{"r":"32","t":"14:23:06","h":"Nord","s":"25S-H54S100F-80-F1"},{"r":"32","t":"14:23:06","h":"Nord","s":"25S-H54S200F-80-F2"},{"r":"32","t":"14:31:41","h":"Nord","s":"25N-H54N000S-80-S"},{"r":"32","t":"14:31:41","h":"Nord","s":"25N-H54NV10S-82-S"},{"r":"32","t":"14:31:41","h":"Nord","s":"25N-H54NV20S-80-S"},{"r":"32","t":"14:31:41","h":"Nord","s":"25S-H54S000S-82-S"},{"r":"32","t":"14:35:06","h":"Nord","s":"25N-H54N000A-80-A"},{"r":"32","t":"14:35:06","h":"Nord","s":"25N-H54NV10A-80-A"},{"r":"32","t":"14:35:06","h":"Nord","s":"25N-H54NV20A-80-A"},{"r":"32","t":"14:35:06","h":"Nord","s":"25S-H54S000A-83-A"},{"r":"32","t":"14:41:41","h":"Nord","s":"25N-H54N000S-80-S"},{"r":"32","t":"14:41:41","h":"Nord","s":"25N-H54NV10S-82-S"},{"r":"32","t":"14:41:41","h":"Nord","s":"25N-H54NV20S-80-S"},{"r":"32","t":"14:41:41","h":"Nord","s":"25S-H54S000S-82-S"},{"r":"32","t":"14:46:06","h":"Nord","s":"25N-H54N000I-80-I"},{"r":"32","t":"14:46:06","h":"Nord","s":"25N-H54N100F-80-F1"},{"r":"32","t":"14:46:06","h":"Nord","s":"25N-H54N200F-80-F2"},{"r":"32","t":"14:46:06","h":"Nord","s":"25N-H54N300F-80-F3"},{"r":"32","t":"14:46:06","h":"Nord","s":"25N-H54N400F-80-F4"},{"r":"32","t":"14:46:06","h":"Nord","s":"25N-H54NV10I-80-I"},{"r":"32","t":"14:46:06","h":"Nord","s":"25N-H54NV20I-80-I"},{"r":"32","t":"14:46:06","h":"Nord","s":"25S-H54S000I-82-I"},{"r":"32","t":"14:46:06","h":"Nord","s":"25S-H54S100F-80-F1"},{"r":"32","t":"14:46:06","h":"Nord","s":"25S-H54S200F-80-F2"},{"r":"32","t":"14:50:41","h":"Nord","s":"25N-H54N000S-80-S"},{"r":"32","t":"14:50:41","h":"Nord","s":"25N-H54NV10S-82-S"},{"r":"32","t":"14:50:41","h":"Nord","s":"25N-H54NV20S-80-S"},{"r":"32","t":"14:50:41","h":"Nord","s":"25S-H54S000S-82-S"},{"r":"32","t":"14:54:06","h":"Nord","s":"25N-H54N000A-80-A"},{"r":"32","t":"14:54:06","h":"Nord","s":"25N-H54NV10A-80-A"},{"r":"32","t":"14:54:06","h":"Nord","s":"25N-H54NV20A-80-A"},{"r":"32","t":"14:54:06","h":"Nord","s":"25S-H54S000A-83-A"},{"r":"32","t":"14:59:06","h":"Nord","s":"25N-H54N000S-80-S"},{"r":"32","t":"14:59:06","h":"Nord","s":"25N-H54NV10S-82-S"},{"r":"32","t":"14:59:06","h":"Nord","s":"25N-H54NV20S-80-S"},{"r":"32","t":"14:59:06","h":"Nord","s":"25S-H54S000S-82-S"},{"r":"32","t":"15:07:31","h":"Nord","s":"25N-H54N000S-80-S"},{"r":"32","t":"15:07:31","h":"Nord","s":"25N-H54NV10S-82-S"},{"r":"32","t":"15:07:31","h":"Nord","s":"25N-H54NV20S-80-S"},{"r":"32","t":"15:07:31","h":"Nord","s":"25S-H54S000S-82-S"},{"r":"32","t":"15:09:06","h":"Nord","s":"25N-H54N000I-80-I"},{"r":"32","t":"15:09:06","h":"Nord","s":"25N-H54N100F-80-F1"},{"r":"32","t":"15:09:06","h":"Nord","s":"25N-H54N200F-80-F2"},{"r":"32","t":"15:09:06","h":"Nord","s":"25N-H54N300F-80-F3"},{"r":"32","t":"15:09:06","h":"Nord","s":"25N-H54N400F-80-F4"},{"r":"32","t":"15:09:06","h":"Nord","s":"25N-H54NV10I-80-I"},{"r":"32","t":"15:09:06","h":"Nord","s":"25N-H54NV20I-80-I"},{"r":"32","t":"15:09:06","h":"Nord","s":"25S-H54S000I-82-I"},{"r":"32","t":"15:09:06","h":"Nord","s":"25S-H54S100F-80-F1"},{"r":"32","t":"15:09:06","h":"Nord","s":"25S-H54S200F-80-F2"},{"r":"32","t":"15:13:06","h":"Nord","s":"25N-H54N000A-80-A"},{"r":"32","t":"15:13:06","h":"Nord","s":"25N-H54NV10A-80-A"},{"r":"32","t":"15:13:06","h":"Nord","s":"25N-H54NV20A-80-A"},{"r":"32","t":"15:13:06","h":"Nord","s":"25S-H54S000A-83-A"},{"r":"32","t":"15:15:31","h":"Nord","s":"25N-H54N000S-80-S"},{"r":"32","t":"15:15:31","h":"Nord","s":"25N-H54NV10S-82-S"},{"r":"32","t":"15:15:31","h":"Nord","s":"25N-H54NV20S-80-S"},{"r":"32","t":"15:15:31","h":"Nord","s":"25S-H54S000S-82-S"},{"r":"32","t":"15:23:31","h":"Nord","s":"25N-H54N000S-80-S"},{"r":"32","t":"15:23:31","h":"Nord","s":"25N-H54NV10S-82-S"},{"r":"32","t":"15:23:31","h":"Nord","s":"25N-H54NV20S-80-S"},{"r":"32","t":"15:23:31","h":"Nord","s":"25S-H54S000S-82-S"},{"r":"32","t":"15:30:06","h":"Nord","s":"25N-H54N000I-80-I"},{"r":"32","t":"15:30:06","h":"Nord","s":"25N-H54N100F-80-F1"},{"r":"32","t":"15:30:06","h":"Nord","s":"25N-H54N200F-80-F2"},{"r":"32","t":"15:30:06","h":"Nord","s":"25N-H54N300F-80-F3"},{"r":"32","t":"15:30:06","h":"Nord","s":"25N-H54N400F-80-F4"},{"r":"32","t":"15:30:06","h":"Nord","s":"25N-H54NV10I-80-I"},{"r":"32","t":"15:30:06","h":"Nord","s":"25N-H54NV20I-80-I"},{"r":"32","t":"15:30:06","h":"Nord","s":"25S-H54S000I-82-I"},{"r":"32","t":"15:30:06","h":"Nord","s":"25S-H54S100F-80-F1"},{"r":"32","t":"15:30:06","h":"Nord","s":"25S-H54S200F-80-F2"},{"r":"32","t":"15:32:06","h":"Nord","s":"25N-H54N000A-80-A"},{"r":"32","t":"15:32:06","h":"Nord","s":"25N-H54NV10A-80-A"},{"r":"32","t":"15:32:06","h":"Nord","s":"25N-H54NV20A-80-A"},{"r":"32","t":"15:32:06","h":"Nord","s":"25S-H54S000A-83-A"},{"r":"32","t":"15:32:31","h":"Nord","s":"25N-H54N000S-80-S"},{"r":"32","t":"15:32:31","h":"Nord","s":"25N-H54NV10S-82-S"},{"r":"32","t":"15:32:31","h":"Nord","s":"25N-H54NV20S-80-S"},{"r":"32","t":"15:32:31","h":"Nord","s":"25S-H54S000S-82-S"},{"r":"32","t":"15:40:31","h":"Nord","s":"25N-H55N000S-80-S"},{"r":"32","t":"15:40:31","h":"Nord","s":"25N-H55N000S-82-S"},{"r":"32","t":"15:40:31","h":"Nord","s":"25N-H55NV10S-85-S"},{"r":"32","t":"15:40:31","h":"Nord","s":"25N-H55NV20S-81-S"},{"r":"32","t":"15:40:31","h":"Nord","s":"25S-H55S000S-82-S"},{"r":"32","t":"15:48:31","h":"Nord","s":"25N-H54N000S-80-S"},{"r":"32","t":"15:48:31","h":"Nord","s":"25N-H54NV10S-82-S"},{"r":"32","t":"15:48:31","h":"Nord","s":"25N-H54NV20S-80-S"},{"r":"32","t":"15:48:31","h":"Nord","s":"25S-H54S000S-82-S"},{"r":"32","t":"15:51:06","h":"Nord","s":"25N-H54N000A-80-A"},{"r":"32","t":"15:51:06","h":"Nord","s":"25N-H54N000I-80-I"},{"r":"32","t":"15:51:06","h":"Nord","s":"25N-H54N100F-80-F1"},{"r":"32","t":"15:51:06","h":"Nord","s":"25N-H54N200F-80-F2"},{"r":"32","t":"15:51:06","h":"Nord","s":"25N-H54N300F-80-F3"},{"r":"32","t":"15:51:06","h":"Nord","s":"25N-H54N400F-80-F4"},{"r":"32","t":"15:51:06","h":"Nord","s":"25N-H54NV10A-80-A"},{"r":"32","t":"15:51:06","h":"Nord","s":"25N-H54NV10I-80-I"},{"r":"32","t":"15:51:06","h":"Nord","s":"25N-H54NV20A-80-A"},{"r":"32","t":"15:51:06","h":"Nord","s":"25N-H54NV20I-80-I"},{"r":"32","t":"15:51:06","h":"Nord","s":"25S-H54S000A-83-A"},{"r":"32","t":"15:51:06","h":"Nord","s":"25S-H54S000I-82-I"},{"r":"32","t":"15:51:06","h":"Nord","s":"25S-H54S100F-80-F1"},{"r":"32","t":"15:51:06","h":"Nord","s":"25S-H54S200F-80-F2"},{"r":"32","t":"15:57:31","h":"Nord","s":"25N-H54N000S-80-S"},{"r":"32","t":"15:57:31","h":"Nord","s":"25N-H54NV10S-82-S"},{"r":"32","t":"15:57:31","h":"Nord","s":"25N-H54NV20S-80-S"},{"r":"32","t":"15:57:31","h":"Nord","s":"25S-H54S000S-82-S"},{"r":"32","t":"16:06:31","h":"Nord","s":"25N-H54N000S-80-S"},{"r":"32","t":"16:06:31","h":"Nord","s":"25N-H54NV10S-82-S"},{"r":"32","t":"16:06:31","h":"Nord","s":"25N-H54NV20S-80-S"},{"r":"32","t":"16:06:31","h":"Nord","s":"25S-H54S000S-82-S"},{"r":"32","t":"16:09:06","h":"Nord","s":"25N-H54N000A-80-A"},{"r":"32","t":"16:09:06","h":"Nord","s":"25N-H54NV10A-80-A"},{"r":"32","t":"16:09:06","h":"Nord","s":"25N-H54NV20A-80-A"},{"r":"32","t":"16:09:06","h":"Nord","s":"25S-H54S000A-83-A"},{"r":"32","t":"16:11:06","h":"Nord","s":"25N-H54N000I-80-I"},{"r":"32","t":"16:11:06","h":"Nord","s":"25N-H54N100F-80-F1"},{"r":"32","t":"16:11:06","h":"Nord","s":"25N-H54N200F-80-F2"},{"r":"32","t":"16:11:06","h":"Nord","s":"25N-H54N300F-80-F3"},{"r":"32","t":"16:11:06","h":"Nord","s":"25N-H54N400F-80-F4"},{"r":"32","t":"16:11:06","h":"Nord","s":"25N-H54NV10I-80-I"},{"r":"32","t":"16:11:06","h":"Nord","s":"25N-H54NV20I-80-I"},{"r":"32","t":"16:11:06","h":"Nord","s":"25S-H54S000I-82-I"},{"r":"32","t":"16:11:06","h":"Nord","s":"25S-H54S100F-80-F1"},{"r":"32","t":"16:11:06","h":"Nord","s":"25S-H54S200F-80-F2"},{"r":"32","t":"16:16:31","h":"Nord","s":"25N-H54N000S-80-S"},{"r":"32","t":"16:16:31","h":"Nord","s":"25N-H54NV10S-82-S"},{"r":"32","t":"16:16:31","h":"Nord","s":"25N-H54NV20S-80-S"},{"r":"32","t":"16:16:31","h":"Nord","s":"25S-H54S000S-82-S"},{"r":"32","t":"16:26:31","h":"Nord","s":"25N-H54N000S-80-S"},{"r":"32","t":"16:26:31","h":"Nord","s":"25N-H54NV10S-82-S"},{"r":"32","t":"16:26:31","h":"Nord","s":"25N-H54NV20S-80-S"},{"r":"32","t":"16:26:31","h":"Nord","s":"25S-H54S000S-82-S"},{"r":"32","t":"16:27:06","h":"Nord","s":"25N-H54N000A-80-A"},{"r":"32","t":"16:27:06","h":"Nord","s":"25N-H54NV10A-80-A"},{"r":"32","t":"16:27:06","h":"Nord","s":"25N-H54NV20A-80-A"},{"r":"32","t":"16:27:06","h":"Nord","s":"25S-H54S000A-83-A"},{"r":"32","t":"16:31:06","h":"Nord","s":"25N-H54N000I-80-I"},{"r":"32","t":"16:31:06","h":"Nord","s":"25N-H54N100F-80-F1"},{"r":"32","t":"16:31:06","h":"Nord","s":"25N-H54N200F-80-F2"},{"r":"32","t":"16:31:06","h":"Nord","s":"25N-H54N300F-80-F3"},{"r":"32","t":"16:31:06","h":"Nord","s":"25N-H54N400F-80-F4"},{"r":"32","t":"16:31:06","h":"Nord","s":"25N-H54NV10I-80-I"},{"r":"32","t":"16:31:06","h":"Nord","s":"25N-H54NV20I-80-I"},{"r":"32","t":"16:31:06","h":"Nord","s":"25S-H54S000I-82-I"},{"r":"32","t":"16:31:06","h":"Nord","s":"25S-H54S100F-80-F1"},{"r":"32","t":"16:31:06","h":"Nord","s":"25S-H54S200F-80-F2"},{"r":"32","t":"16:36:31","h":"Nord","s":"25N-H54N000S-80-S"},{"r":"32","t":"16:36:31","h":"Nord","s":"25N-H54NV10S-82-S"},{"r":"32","t":"16:36:31","h":"Nord","s":"25N-H54NV20S-80-S"},{"r":"32","t":"16:36:31","h":"Nord","s":"25S-H54S000S-82-S"},{"r":"32","t":"16:45:06","h":"Nord","s":"25N-H54N000A-80-A"},{"r":"32","t":"16:45:06","h":"Nord","s":"25N-H54NV10A-80-A"},{"r":"32","t":"16:45:06","h":"Nord","s":"25N-H54NV20A-80-A"},{"r":"32","t":"16:45:06","h":"Nord","s":"25S-H54S000A-83-A"},{"r":"32","t":"16:46:31","h":"Nord","s":"25N-H54N000S-80-S"},{"r":"32","t":"16:46:31","h":"Nord","s":"25N-H54NV10S-82-S"},{"r":"32","t":"16:46:31","h":"Nord","s":"25N-H54NV20S-80-S"},{"r":"32","t":"16:46:31","h":"Nord","s":"25S-H54S000S-82-S"},{"r":"32","t":"16:51:06","h":"Nord","s":"25N-H54N000I-80-I"},{"r":"32","t":"16:51:06","h":"Nord","s":"25N-H54N100F-80-F1"},{"r":"32","t":"16:51:06","h":"Nord","s":"25N-H54N200F-80-F2"},{"r":"32","t":"16:51:06","h":"Nord","s":"25N-H54N300F-80-F3"},{"r":"32","t":"16:51:06","h":"Nord","s":"25N-H54N400F-80-F4"},{"r":"32","t":"16:51:06","h":"Nord","s":"25N-H54NV10I-80-I"},{"r":"32","t":"16:51:06","h":"Nord","s":"25N-H54NV20I-80-I"},{"r":"32","t":"16:51:06","h":"Nord","s":"25S-H54S000I-82-I"},{"r":"32","t":"16:51:06","h":"Nord","s":"25S-H54S100F-80-F1"},{"r":"32","t":"16:51:06","h":"Nord","s":"25S-H54S200F-80-F2"},{"r":"32","t":"16:56:31","h":"Nord","s":"25N-H54N000S-80-S"},{"r":"32","t":"16:56:31","h":"Nord","s":"25N-H54NV10S-82-S"},{"r":"32","t":"16:56:31","h":"Nord","s":"25N-H54NV20S-80-S"},{"r":"32","t":"16:56:31","h":"Nord","s":"25S-H54S000S-82-S"},{"r":"32","t":"17:04:06","h":"Nord","s":"25N-H54N000A-80-A"},{"r":"32","t":"17:04:06","h":"Nord","s":"25N-H54N000S-80-S"},{"r":"32","t":"17:04:06","h":"Nord","s":"25N-H54NV10A-80-A"},{"r":"32","t":"17:04:06","h":"Nord","s":"25N-H54NV10S-82-S"},{"r":"32","t":"17:04:06","h":"Nord","s":"25N-H54NV20A-80-A"},{"r":"32","t":"17:04:06","h":"Nord","s":"25N-H54NV20S-80-S"},{"r":"32","t":"17:04:06","h":"Nord","s":"25S-H54S000A-83-A"},{"r":"32","t":"17:04:06","h":"Nord","s":"25S-H54S000S-82-S"},{"r":"32","t":"17:11:06","h":"Nord","s":"25N-H54N000I-80-I"},{"r":"32","t":"17:11:06","h":"Nord","s":"25N-H54N000S-80-S"},{"r":"32","t":"17:11:06","h":"Nord","s":"25N-H54N100F-80-F1"},{"r":"32","t":"17:11:06","h":"Nord","s":"25N-H54N200F-80-F2"},{"r":"32","t":"17:11:06","h":"Nord","s":"25N-H54N300F-80-F3"},{"r":"32","t":"17:11:06","h":"Nord","s":"25N-H54N400F-80-F4"},{"r":"32","t":"17:11:06","h":"Nord","s":"25N-H54NV10I-80-I"},{"r":"32","t":"17:11:06","h":"Nord","s":"25N-H54NV10S-82-S"},{"r":"32","t":"17:11:06","h":"Nord","s":"25N-H54NV20I-80-I"},{"r":"32","t":"17:11:06","h":"Nord","s":"25N-H54NV20S-80-S"},{"r":"32","t":"17:11:06","h":"Nord","s":"25S-H54S000I-82-I"},{"r":"32","t":"17:11:06","h":"Nord","s":"25S-H54S000S-82-S"},{"r":"32","t":"17:11:06","h":"Nord","s":"25S-H54S100F-80-F1"},{"r":"32","t":"17:11:06","h":"Nord","s":"25S-H54S200F-80-F2"},{"r":"32","t":"17:19:06","h":"Nord","s":"25N-H54N000S-80-S"},{"r":"32","t":"17:19:06","h":"Nord","s":"25N-H54NV10S-82-S"},{"r":"32","t":"17:19:06","h":"Nord","s":"25N-H54NV20S-80-S"},{"r":"32","t":"17:19:06","h":"Nord","s":"25S-H54S000S-82-S"},{"r":"32","t":"17:22:06","h":"Nord","s":"25N-H54N000A-80-A"},{"r":"32","t":"17:22:06","h":"Nord","s":"25N-H54NV10A-80-A"},{"r":"32","t":"17:22:06","h":"Nord","s":"25N-H54NV20A-80-A"},{"r":"32","t":"17:22:06","h":"Nord","s":"25S-H54S000A-83-A"},{"r":"32","t":"17:28:06","h":"Nord","s":"25N-H54N000I-80-I"},{"r":"32","t":"17:28:06","h":"Nord","s":"25N-H54N000S-80-S"},{"r":"32","t":"17:28:06","h":"Nord","s":"25N-H54N100F-80-F1"},{"r":"32","t":"17:28:06","h":"Nord","s":"25N-H54N200F-80-F2"},{"r":"32","t":"17:28:06","h":"Nord","s":"25N-H54N300F-80-F3"},{"r":"32","t":"17:28:06","h":"Nord","s":"25N-H54N400F-80-F4"},{"r":"32","t":"17:28:06","h":"Nord","s":"25N-H54NV10I-80-I"},{"r":"32","t":"17:28:06","h":"Nord","s":"25N-H54NV10S-82-S"},{"r":"32","t":"17:28:06","h":"Nord","s":"25N-H54NV20I-80-I"},{"r":"32","t":"17:28:06","h":"Nord","s":"25N-H54NV20S-80-S"},{"r":"32","t":"17:28:06","h":"Nord","s":"25S-H54S000I-82-I"},{"r":"32","t":"17:28:06","h":"Nord","s":"25S-H54S000S-82-S"},{"r":"32","t":"17:28:06","h":"Nord","s":"25S-H54S100F-80-F1"},{"r":"32","t":"17:28:06","h":"Nord","s":"25S-H54S200F-80-F2"},{"r":"32","t":"17:37:06","h":"Nord","s":"25N-H54N000S-80-S"},{"r":"32","t":"17:37:06","h":"Nord","s":"25N-H54NV10S-82-S"},{"r":"32","t":"17:37:06","h":"Nord","s":"25N-H54NV20S-80-S"},{"r":"32","t":"17:37:06","h":"Nord","s":"25S-H54S000S-82-S"},{"r":"32","t":"17:38:06","h":"Nord","s":"25N-H54N000A-80-A"},{"r":"32","t":"17:38:06","h":"Nord","s":"25N-H54NV10A-80-A"},{"r":"32","t":"17:38:06","h":"Nord","s":"25N-H54NV20A-80-A"},{"r":"32","t":"17:38:06","h":"Nord","s":"25S-H54S000A-83-A"},{"r":"32","t":"17:44:06","h":"Nord","s":"25N-H54N000I-80-I"},{"r":"32","t":"17:44:06","h":"Nord","s":"25N-H54N100F-80-F1"},{"r":"32","t":"17:44:06","h":"Nord","s":"25N-H54N200F-80-F2"},{"r":"32","t":"17:44:06","h":"Nord","s":"25N-H54N300F-80-F3"},{"r":"32","t":"17:44:06","h":"Nord","s":"25N-H54N400F-80-F4"},{"r":"32","t":"17:44:06","h":"Nord","s":"25N-H54NV10I-80-I"},{"r":"32","t":"17:44:06","h":"Nord","s":"25N-H54NV20I-80-I"},{"r":"32","t":"17:44:06","h":"Nord","s":"25S-H54S000I-82-I"},{"r":"32","t":"17:44:06","h":"Nord","s":"25S-H54S100F-80-F1"},{"r":"32","t":"17:44:06","h":"Nord","s":"25S-H54S200F-80-F2"},{"r":"32","t":"17:46:06","h":"Nord","s":"25N-H54N000S-80-S"},{"r":"32","t":"17:46:06","h":"Nord","s":"25N-H54NV10S-82-S"},{"r":"32","t":"17:46:06","h":"Nord","s":"25N-H54NV20S-80-S"},{"r":"32","t":"17:46:06","h":"Nord","s":"25S-H54S000S-82-S"},{"r":"32","t":"17:54:06","h":"Nord","s":"25N-H54N000A-80-A"},{"r":"32","t":"17:54:06","h":"Nord","s":"25N-H54NV10A-80-A"},{"r":"32","t":"17:54:06","h":"Nord","s":"25N-H54NV20A-80-A"},{"r":"32","t":"17:54:06","h":"Nord","s":"25N-H55N000S-80-S"},{"r":"32","t":"17:54:06","h":"Nord","s":"25N-H55N000S-82-S"},{"r":"32","t":"17:54:06","h":"Nord","s":"25N-H55NV10S-85-S"},{"r":"32","t":"17:54:06","h":"Nord","s":"25N-H55NV20S-81-S"},{"r":"32","t":"17:54:06","h":"Nord","s":"25S-H54S000A-83-A"},{"r":"32","t":"17:54:06","h":"Nord","s":"25S-H55S000S-82-S"},{"r":"32","t":"18:00:06","h":"Nord","s":"25N-H54N000I-80-I"},{"r":"32","t":"18:00:06","h":"Nord","s":"25N-H54N100F-80-F1"},{"r":"32","t":"18:00:06","h":"Nord","s":"25N-H54N200F-80-F2"},{"r":"32","t":"18:00:06","h":"Nord","s":"25N-H54N300F-80-F3"},{"r":"32","t":"18:00:06","h":"Nord","s":"25N-H54N400F-80-F4"},{"r":"32","t":"18:00:06","h":"Nord","s":"25N-H54NV10I-80-I"},{"r":"32","t":"18:00:06","h":"Nord","s":"25N-H54NV20I-80-I"},{"r":"32","t":"18:00:06","h":"Nord","s":"25S-H54S000I-82-I"},{"r":"32","t":"18:00:06","h":"Nord","s":"25S-H54S100F-80-F1"},{"r":"32","t":"18:00:06","h":"Nord","s":"25S-H54S200F-80-F2"},{"r":"32","t":"18:04:06","h":"Nord","s":"25N-H54N000S-80-S"},{"r":"32","t":"18:04:06","h":"Nord","s":"25N-H54NV10S-82-S"},{"r":"32","t":"18:04:06","h":"Nord","s":"25N-H54NV20S-80-S"},{"r":"32","t":"18:04:06","h":"Nord","s":"25S-H54S000S-82-S"},{"r":"32","t":"18:10:06","h":"Nord","s":"25N-H54N000A-80-A"},{"r":"32","t":"18:10:06","h":"Nord","s":"25N-H54NV10A-80-A"},{"r":"32","t":"18:10:06","h":"Nord","s":"25N-H54NV20A-80-A"},{"r":"32","t":"18:10:06","h":"Nord","s":"25S-H54S000A-83-A"},{"r":"32","t":"18:14:06","h":"Nord","s":"25N-H54N000S-80-S"},{"r":"32","t":"18:14:06","h":"Nord","s":"25N-H54NV10S-82-S"},{"r":"32","t":"18:14:06","h":"Nord","s":"25N-H54NV20S-80-S"},{"r":"32","t":"18:14:06","h":"Nord","s":"25S-H54S000S-82-S"},{"r":"32","t":"18:21:06","h":"Nord","s":"25N-H54N000I-80-I"},{"r":"32","t":"18:21:06","h":"Nord","s":"25N-H54N100F-80-F1"},{"r":"32","t":"18:21:06","h":"Nord","s":"25N-H54N200F-80-F2"},{"r":"32","t":"18:21:06","h":"Nord","s":"25N-H54N300F-80-F3"},{"r":"32","t":"18:21:06","h":"Nord","s":"25N-H54N400F-80-F4"},{"r":"32","t":"18:21:06","h":"Nord","s":"25N-H54NV10I-80-I"},{"r":"32","t":"18:21:06","h":"Nord","s":"25N-H54NV20I-80-I"},{"r":"32","t":"18:21:06","h":"Nord","s":"25S-H54S000I-82-I"},{"r":"32","t":"18:21:06","h":"Nord","s":"25S-H54S100F-80-F1"},{"r":"32","t":"18:21:06","h":"Nord","s":"25S-H54S200F-80-F2"},{"r":"32","t":"18:24:41","h":"Nord","s":"25N-H54N000S-80-S"},{"r":"32","t":"18:24:41","h":"Nord","s":"25N-H54NV10S-82-S"},{"r":"32","t":"18:24:41","h":"Nord","s":"25N-H54NV20S-80-S"},{"r":"32","t":"18:24:41","h":"Nord","s":"25S-H54S000S-82-S"},{"r":"32","t":"18:27:06","h":"Nord","s":"25N-H54N000A-80-A"},{"r":"32","t":"18:27:06","h":"Nord","s":"25N-H54NV10A-80-A"},{"r":"32","t":"18:27:06","h":"Nord","s":"25N-H54NV20A-80-A"},{"r":"32","t":"18:27:06","h":"Nord","s":"25S-H54S000A-83-A"},{"r":"32","t":"18:36:41","h":"Nord","s":"25N-H54N000S-80-S"},{"r":"32","t":"18:36:41","h":"Nord","s":"25N-H54NV10S-82-S"},{"r":"32","t":"18:36:41","h":"Nord","s":"25N-H54NV20S-80-S"},{"r":"32","t":"18:36:41","h":"Nord","s":"25S-H54S000S-82-S"},{"r":"32","t":"18:42:06","h":"Nord","s":"25N-H54N000I-80-I"},{"r":"32","t":"18:42:06","h":"Nord","s":"25N-H54N100F-80-F1"},{"r":"32","t":"18:42:06","h":"Nord","s":"25N-H54N200F-80-F2"},{"r":"32","t":"18:42:06","h":"Nord","s":"25N-H54N300F-80-F3"},{"r":"32","t":"18:42:06","h":"Nord","s":"25N-H54N400F-80-F4"},{"r":"32","t":"18:42:06","h":"Nord","s":"25N-H54NV10I-80-I"},{"r":"32","t":"18:42:06","h":"Nord","s":"25N-H54NV20I-80-I"},{"r":"32","t":"18:42:06","h":"Nord","s":"25S-H54S000I-82-I"},{"r":"32","t":"18:42:06","h":"Nord","s":"25S-H54S100F-80-F1"},{"r":"32","t":"18:42:06","h":"Nord","s":"25S-H54S200F-80-F2"},{"r":"32","t":"18:44:06","h":"Nord","s":"25N-H54N000A-80-A"},{"r":"32","t":"18:44:06","h":"Nord","s":"25N-H54NV10A-80-A"},{"r":"32","t":"18:44:06","h":"Nord","s":"25N-H54NV20A-80-A"},{"r":"32","t":"18:44:06","h":"Nord","s":"25S-H54S000A-83-A"},{"r":"32","t":"18:49:41","h":"Nord","s":"25N-H54N000S-80-S"},{"r":"32","t":"18:49:41","h":"Nord","s":"25N-H54NV10S-82-S"},{"r":"32","t":"18:49:41","h":"Nord","s":"25N-H54NV20S-80-S"},{"r":"32","t":"18:49:41","h":"Nord","s":"25S-H54S000S-82-S"},{"r":"32","t":"19:00:41","h":"Nord","s":"25N-H54N000A-80-A"},{"r":"32","t":"19:00:41","h":"Nord","s":"25N-H54NV10A-80-A"},{"r":"32","t":"19:00:41","h":"Nord","s":"25N-H54NV20A-80-A"},{"r":"32","t":"19:00:41","h":"Nord","s":"25S-H54S000A-83-A"},{"r":"32","t":"19:01:41","h":"Nord","s":"25N-H54N000S-80-S"},{"r":"32","t":"19:01:41","h":"Nord","s":"25N-H54NV10S-82-S"},{"r":"32","t":"19:01:41","h":"Nord","s":"25N-H54NV20S-80-S"},{"r":"32","t":"19:01:41","h":"Nord","s":"25S-H54S000S-82-S"},{"r":"32","t":"19:07:06","h":"Nord","s":"25N-H54N000I-80-I"},{"r":"32","t":"19:07:06","h":"Nord","s":"25N-H54N100F-80-F1"},{"r":"32","t":"19:07:06","h":"Nord","s":"25N-H54N200F-80-F2"},{"r":"32","t":"19:07:06","h":"Nord","s":"25N-H54N300F-80-F3"},{"r":"32","t":"19:07:06","h":"Nord","s":"25N-H54N400F-80-F4"},{"r":"32","t":"19:07:06","h":"Nord","s":"25N-H54NV10I-80-I"},{"r":"32","t":"19:07:06","h":"Nord","s":"25N-H54NV20I-80-I"},{"r":"32","t":"19:07:06","h":"Nord","s":"25S-H54S000I-82-I"},{"r":"32","t":"19:07:06","h":"Nord","s":"25S-H54S100F-80-F1"},{"r":"32","t":"19:07:06","h":"Nord","s":"25S-H54S200F-80-F2"},{"r":"32","t":"19:12:41","h":"Nord","s":"25N-H54N000S-80-S"},{"r":"32","t":"19:12:41","h":"Nord","s":"25N-H54NV10S-82-S"},{"r":"32","t":"19:12:41","h":"Nord","s":"25N-H54NV20S-80-S"},{"r":"32","t":"19:12:41","h":"Nord","s":"25S-H54S000S-82-S"},{"r":"32","t":"19:23:41","h":"Nord","s":"25N-H54N000S-80-S"},{"r":"32","t":"19:23:41","h":"Nord","s":"25N-H54NV10S-82-S"},{"r":"32","t":"19:23:41","h":"Nord","s":"25N-H54NV20S-80-S"},{"r":"32","t":"19:23:41","h":"Nord","s":"25S-H54S000S-82-S"},{"r":"32","t":"19:25:41","h":"Nord","s":"25N-H54N000A-80-A"},{"r":"32","t":"19:25:41","h":"Nord","s":"25N-H54NV10A-80-A"},{"r":"32","t":"19:25:41","h":"Nord","s":"25N-H54NV20A-80-A"},{"r":"32","t":"19:25:41","h":"Nord","s":"25S-H54S000A-83-A"},{"r":"32","t":"19:29:06","h":"Nord","s":"25N-H54N000I-80-I"},{"r":"32","t":"19:29:06","h":"Nord","s":"25N-H54N100F-80-F1"},{"r":"32","t":"19:29:06","h":"Nord","s":"25N-H54N200F-80-F2"},{"r":"32","t":"19:29:06","h":"Nord","s":"25N-H54N300F-80-F3"},{"r":"32","t":"19:29:06","h":"Nord","s":"25N-H54N400F-80-F4"},{"r":"32","t":"19:29:06","h":"Nord","s":"25N-H54NV10I-80-I"},{"r":"32","t":"19:29:06","h":"Nord","s":"25N-H54NV20I-80-I"},{"r":"32","t":"19:29:06","h":"Nord","s":"25S-H54S000I-82-I"},{"r":"32","t":"19:29:06","h":"Nord","s":"25S-H54S100F-80-F1"},{"r":"32","t":"19:29:06","h":"Nord","s":"25S-H54S200F-80-F2"},{"r":"32","t":"19:45:41","h":"Nord","s":"25N-H55N000S-80-S"},{"r":"32","t":"19:45:41","h":"Nord","s":"25N-H55N000S-82-S"},{"r":"32","t":"19:45:41","h":"Nord","s":"25N-H55NV10S-85-S"},{"r":"32","t":"19:45:41","h":"Nord","s":"25N-H55NV20S-81-S"},{"r":"32","t":"19:45:41","h":"Nord","s":"25S-H55S000S-82-S"},{"r":"32","t":"19:51:06","h":"Nord","s":"25N-H54N000I-80-I"},{"r":"32","t":"19:51:06","h":"Nord","s":"25N-H54N100F-80-F1"},{"r":"32","t":"19:51:06","h":"Nord","s":"25N-H54N200F-80-F2"},{"r":"32","t":"19:51:06","h":"Nord","s":"25N-H54N300F-80-F3"},{"r":"32","t":"19:51:06","h":"Nord","s":"25N-H54N400F-80-F4"},{"r":"32","t":"19:51:06","h":"Nord","s":"25N-H54NV10I-80-I"},{"r":"32","t":"19:51:06","h":"Nord","s":"25N-H54NV20I-80-I"},{"r":"32","t":"19:51:06","h":"Nord","s":"25S-H54S000I-82-I"},{"r":"32","t":"19:51:06","h":"Nord","s":"25S-H54S100F-80-F1"},{"r":"32","t":"19:51:06","h":"Nord","s":"25S-H54S200F-80-F2"},{"r":"32","t":"19:54:41","h":"Nord","s":"25N-H54N000A-80-A"},{"r":"32","t":"19:54:41","h":"Nord","s":"25N-H54NV10A-80-A"},{"r":"32","t":"19:54:41","h":"Nord","s":"25N-H54NV20A-80-A"},{"r":"32","t":"19:54:41","h":"Nord","s":"25S-H54S000A-83-A"},{"r":"32","t":"20:10:41","h":"Nord","s":"25N-H54N000S-80-S"},{"r":"32","t":"20:10:41","h":"Nord","s":"25N-H54NV10S-82-S"},{"r":"32","t":"20:10:41","h":"Nord","s":"25N-H54NV20S-80-S"},{"r":"32","t":"20:10:41","h":"Nord","s":"25S-H54S000S-82-S"},{"r":"32","t":"20:22:06","h":"Nord","s":"25N-H54N000I-80-I"},{"r":"32","t":"20:22:06","h":"Nord","s":"25N-H54N100F-80-F1"},{"r":"32","t":"20:22:06","h":"Nord","s":"25N-H54N200F-80-F2"},{"r":"32","t":"20:22:06","h":"Nord","s":"25N-H54N300F-80-F3"},{"r":"32","t":"20:22:06","h":"Nord","s":"25N-H54N400F-80-F4"},{"r":"32","t":"20:22:06","h":"Nord","s":"25N-H54NV10I-80-I"},{"r":"32","t":"20:22:06","h":"Nord","s":"25N-H54NV20I-80-I"},{"r":"32","t":"20:22:06","h":"Nord","s":"25S-H54S000I-82-I"},{"r":"32","t":"20:22:06","h":"Nord","s":"25S-H54S100F-80-F1"},{"r":"32","t":"20:22:06","h":"Nord","s":"25S-H54S200F-80-F2"},{"r":"32","t":"20:23:41","h":"Nord","s":"25N-H54N000A-80-A"},{"r":"32","t":"20:23:41","h":"Nord","s":"25N-H54NV10A-80-A"},{"r":"32","t":"20:23:41","h":"Nord","s":"25N-H54NV20A-80-A"},{"r":"32","t":"20:23:41","h":"Nord","s":"25S-H54S000A-83-A"},{"r":"32","t":"20:36:41","h":"Nord","s":"25N-H54N000S-80-S"},{"r":"32","t":"20:36:41","h":"Nord","s":"25N-H54NV10S-82-S"},{"r":"32","t":"20:36:41","h":"Nord","s":"25N-H54NV20S-80-S"},{"r":"32","t":"20:36:41","h":"Nord","s":"25S-H54S000S-82-S"},{"r":"32","t":"20:51:41","h":"Nord","s":"25N-H54N000A-80-A"},{"r":"32","t":"20:51:41","h":"Nord","s":"25N-H54NV10A-80-A"},{"r":"32","t":"20:51:41","h":"Nord","s":"25N-H54NV20A-80-A"},{"r":"32","t":"20:51:41","h":"Nord","s":"25S-H54S000A-83-A"},{"r":"32","t":"20:53:06","h":"Nord","s":"25N-H54N000I-80-I"},{"r":"32","t":"20:53:06","h":"Nord","s":"25N-H54N100F-80-F1"},{"r":"32","t":"20:53:06","h":"Nord","s":"25N-H54N200F-80-F2"},{"r":"32","t":"20:53:06","h":"Nord","s":"25N-H54N300F-80-F3"},{"r":"32","t":"20:53:06","h":"Nord","s":"25N-H54N400F-80-F4"},{"r":"32","t":"20:53:06","h":"Nord","s":"25N-H54NV10I-80-I"},{"r":"32","t":"20:53:06","h":"Nord","s":"25N-H54NV20I-80-I"},{"r":"32","t":"20:53:06","h":"Nord","s":"25S-H54S000I-82-I"},{"r":"32","t":"20:53:06","h":"Nord","s":"25S-H54S100F-80-F1"},{"r":"32","t":"20:53:06","h":"Nord","s":"25S-H54S200F-80-F2"},{"r":"32","t":"21:01:41","h":"Nord","s":"25N-H54N000S-80-S"},{"r":"32","t":"21:01:41","h":"Nord","s":"25N-H54NV10S-82-S"},{"r":"32","t":"21:01:41","h":"Nord","s":"25N-H54NV20S-80-S"},{"r":"32","t":"21:01:41","h":"Nord","s":"25S-H54S000S-82-S"},{"r":"32","t":"21:19:41","h":"Nord","s":"25N-H54N000S-80-S"},{"r":"32","t":"21:19:41","h":"Nord","s":"25N-H54NV10S-82-S"},{"r":"32","t":"21:19:41","h":"Nord","s":"25N-H54NV20S-80-S"},{"r":"32","t":"21:19:41","h":"Nord","s":"25S-H54S000S-82-S"},{"r":"32","t":"21:20:41","h":"Nord","s":"25N-H54N000A-80-A"},{"r":"32","t":"21:20:41","h":"Nord","s":"25N-H54NV10A-80-A"},{"r":"32","t":"21:20:41","h":"Nord","s":"25N-H54NV20A-80-A"},{"r":"32","t":"21:20:41","h":"Nord","s":"25S-H54S000A-83-A"},{"r":"32","t":"21:24:06","h":"Nord","s":"25N-H54N000I-80-I"},{"r":"32","t":"21:24:06","h":"Nord","s":"25N-H54N100F-80-F1"},{"r":"32","t":"21:24:06","h":"Nord","s":"25N-H54N200F-80-F2"},{"r":"32","t":"21:24:06","h":"Nord","s":"25N-H54N300F-80-F3"},{"r":"32","t":"21:24:06","h":"Nord","s":"25N-H54N400F-80-F4"},{"r":"32","t":"21:24:06","h":"Nord","s":"25N-H54NV10I-80-I"},{"r":"32","t":"21:24:06","h":"Nord","s":"25N-H54NV20I-80-I"},{"r":"32","t":"21:24:06","h":"Nord","s":"25S-H54S000I-82-I"},{"r":"32","t":"21:24:06","h":"Nord","s":"25S-H54S100F-80-F1"},{"r":"32","t":"21:24:06","h":"Nord","s":"25S-H54S200F-80-F2"},{"r":"32","t":"21:39:41","h":"Nord","s":"25N-H54N000S-80-S"},{"r":"32","t":"21:39:41","h":"Nord","s":"25N-H54NV10S-82-S"},{"r":"32","t":"21:39:41","h":"Nord","s":"25N-H54NV20S-80-S"},{"r":"32","t":"21:39:41","h":"Nord","s":"25S-H54S000S-82-S"},{"r":"32","t":"21:49:41","h":"Nord","s":"25N-H54N000A-80-A"},{"r":"32","t":"21:49:41","h":"Nord","s":"25N-H54NV10A-80-A"},{"r":"32","t":"21:49:41","h":"Nord","s":"25N-H54NV20A-80-A"},{"r":"32","t":"21:49:41","h":"Nord","s":"25S-H54S000A-83-A"},{"r":"32","t":"21:55:06","h":"Nord","s":"25N-H54N000I-80-I"},{"r":"32","t":"21:55:06","h":"Nord","s":"25N-H54N100F-80-F1"},{"r":"32","t":"21:55:06","h":"Nord","s":"25N-H54N200F-80-F2"},{"r":"32","t":"21:55:06","h":"Nord","s":"25N-H54N300F-80-F3"},{"r":"32","t":"21:55:06","h":"Nord","s":"25N-H54N400F-80-F4"},{"r":"32","t":"21:55:06","h":"Nord","s":"25N-H54NV10I-80-I"},{"r":"32","t":"21:55:06","h":"Nord","s":"25N-H54NV20I-80-I"},{"r":"32","t":"21:55:06","h":"Nord","s":"25S-H54S000I-82-I"},{"r":"32","t":"21:55:06","h":"Nord","s":"25S-H54S100F-80-F1"},{"r":"32","t":"21:55:06","h":"Nord","s":"25S-H54S200F-80-F2"},{"r":"32","t":"21:59:41","h":"Nord","s":"25N-H54N000S-80-S"},{"r":"32","t":"21:59:41","h":"Nord","s":"25N-H54NV10S-82-S"},{"r":"32","t":"21:59:41","h":"Nord","s":"25N-H54NV20S-80-S"},{"r":"32","t":"21:59:41","h":"Nord","s":"25S-H54S000S-82-S"},{"r":"32","t":"22:18:41","h":"Nord","s":"25N-H54N000A-80-A"},{"r":"32","t":"22:18:41","h":"Nord","s":"25N-H54NV10A-80-A"},{"r":"32","t":"22:18:41","h":"Nord","s":"25N-H54NV20A-80-A"},{"r":"32","t":"22:18:41","h":"Nord","s":"25S-H54S000A-83-A"},{"r":"32","t":"22:19:41","h":"Nord","s":"25N-H54N000S-80-S"},{"r":"32","t":"22:19:41","h":"Nord","s":"25N-H54NV10S-82-S"},{"r":"32","t":"22:19:41","h":"Nord","s":"25N-H54NV20S-80-S"},{"r":"32","t":"22:19:41","h":"Nord","s":"25S-H54S000S-82-S"},{"r":"32","t":"22:28:06","h":"Nord","s":"25N-H54N000I-80-I"},{"r":"32","t":"22:28:06","h":"Nord","s":"25N-H54N100F-80-F1"},{"r":"32","t":"22:28:06","h":"Nord","s":"25N-H54N200F-80-F2"},{"r":"32","t":"22:28:06","h":"Nord","s":"25N-H54N300F-80-F3"},{"r":"32","t":"22:28:06","h":"Nord","s":"25N-H54N400F-80-F4"},{"r":"32","t":"22:28:06","h":"Nord","s":"25N-H54NV10I-80-I"},{"r":"32","t":"22:28:06","h":"Nord","s":"25N-H54NV20I-80-I"},{"r":"32","t":"22:28:06","h":"Nord","s":"25S-H54S000I-82-I"},{"r":"32","t":"22:28:06","h":"Nord","s":"25S-H54S100F-80-F1"},{"r":"32","t":"22:28:06","h":"Nord","s":"25S-H54S200F-80-F2"},{"r":"32","t":"22:47:41","h":"Nord","s":"25N-H54N000A-80-A"},{"r":"32","t":"22:47:41","h":"Nord","s":"25N-H54NV10A-80-A"},{"r":"32","t":"22:47:41","h":"Nord","s":"25N-H54NV20A-80-A"},{"r":"32","t":"22:47:41","h":"Nord","s":"25S-H54S000A-83-A"},{"r":"32","t":"22:50:15","h":"Nord","s":"25N-H54N000S-80-S"},{"r":"32","t":"22:50:15","h":"Nord","s":"25N-H54NV10S-82-S"},{"r":"32","t":"22:50:15","h":"Nord","s":"25N-H54NV20S-80-S"},{"r":"32","t":"22:50:15","h":"Nord","s":"25S-H54S000S-82-S"},{"r":"32","t":"22:56:41","h":"Nord","s":"25N-H54N000I-80-I"},{"r":"32","t":"22:56:41","h":"Nord","s":"25N-H54N100F-80-F1"},{"r":"32","t":"22:56:41","h":"Nord","s":"25N-H54N200F-80-F2"},{"r":"32","t":"22:56:41","h":"Nord","s":"25N-H54N300F-80-F3"},{"r":"32","t":"22:56:41","h":"Nord","s":"25N-H54N400F-80-F4"},{"r":"32","t":"22:56:41","h":"Nord","s":"25N-H54NV10I-80-I"},{"r":"32","t":"22:56:41","h":"Nord","s":"25N-H54NV20I-80-I"},{"r":"32","t":"22:56:41","h":"Nord","s":"25S-H54S000I-82-I"},{"r":"32","t":"22:56:41","h":"Nord","s":"25S-H54S100F-80-F1"},{"r":"32","t":"22:56:41","h":"Nord","s":"25S-H54S200F-80-F2"},{"r":"32","t":"23:18:41","h":"Nord","s":"25N-H54N000A-80-A"},{"r":"32","t":"23:18:41","h":"Nord","s":"25N-H54NV10A-80-A"},{"r":"32","t":"23:18:41","h":"Nord","s":"25N-H54NV20A-80-A"},{"r":"32","t":"23:18:41","h":"Nord","s":"25S-H54S000A-83-A"},{"r":"32","t":"23:20:15","h":"Nord","s":"25N-H54N000S-80-S"},{"r":"32","t":"23:20:15","h":"Nord","s":"25N-H54NV10S-82-S"},{"r":"32","t":"23:20:15","h":"Nord","s":"25N-H54NV20S-80-S"},{"r":"32","t":"23:20:15","h":"Nord","s":"25S-H54S000S-82-S"},{"r":"32","t":"23:25:41","h":"Nord","s":"25N-H54N000I-80-I"},{"r":"32","t":"23:25:41","h":"Nord","s":"25N-H54N100F-80-F1"},{"r":"32","t":"23:25:41","h":"Nord","s":"25N-H54N200F-80-F2"},{"r":"32","t":"23:25:41","h":"Nord","s":"25N-H54N300F-80-F3"},{"r":"32","t":"23:25:41","h":"Nord","s":"25N-H54N400F-80-F4"},{"r":"32","t":"23:25:41","h":"Nord","s":"25N-H54NV10I-80-I"},{"r":"32","t":"23:25:41","h":"Nord","s":"25N-H54NV20I-80-I"},{"r":"32","t":"23:25:41","h":"Nord","s":"25S-H54S000I-82-I"},{"r":"32","t":"23:25:41","h":"Nord","s":"25S-H54S100F-80-F1"},{"r":"32","t":"23:25:41","h":"Nord","s":"25S-H54S200F-80-F2"},{"r":"32","t":"23:50:41","h":"Nord","s":"25N-H54N000A-80-A"},{"r":"32","t":"23:50:41","h":"Nord","s":"25N-H54NV10A-80-A"},{"r":"32","t":"23:50:41","h":"Nord","s":"25N-H54NV20A-80-A"},{"r":"32","t":"23:50:41","h":"Nord","s":"25S-H54S000A-83-A"},{"r":"32","t":"23:51:15","h":"Nord","s":"25N-H54N000S-80-S"},{"r":"32","t":"23:51:15","h":"Nord","s":"25N-H54NV10S-82-S"},{"r":"32","t":"23:51:15","h":"Nord","s":"25N-H54NV20S-80-S"},{"r":"32","t":"23:51:15","h":"Nord","s":"25S-H54S000S-82-S"},{"r":"32","t":"23:52:41","h":"Nord","s":"25N-H54N000I-80-I"},{"r":"32","t":"23:52:41","h":"Nord","s":"25N-H54N100F-80-F1"},{"r":"32","t":"23:52:41","h":"Nord","s":"25N-H54N200F-80-F2"},{"r":"32","t":"23:52:41","h":"Nord","s":"25N-H54N300F-80-F3"},{"r":"32","t":"23:52:41","h":"Nord","s":"25N-H54N400F-80-F4"},{"r":"32","t":"23:52:41","h":"Nord","s":"25N-H54NV10I-80-I"},{"r":"32","t":"23:52:41","h":"Nord","s":"25N-H54NV20I-80-I"},{"r":"32","t":"23:52:41","h":"Nord","s":"25S-H54S000I-82-I"},{"r":"32","t":"23:52:41","h":"Nord","s":"25S-H54S100F-80-F1"},{"r":"32","t":"23:52:41","h":"Nord","s":"25S-H54S200F-80-F2"},{"r":"32","t":"24:18:15","h":"Nord","s":"25N-H54N000A-80-A"},{"r":"32","t":"24:18:15","h":"Nord","s":"25N-H54N000S-80-S"},{"r":"32","t":"24:18:15","h":"Nord","s":"25N-H54NV10A-80-A"},{"r":"32","t":"24:18:15","h":"Nord","s":"25N-H54NV10S-82-S"},{"r":"32","t":"24:18:15","h":"Nord","s":"25N-H54NV20A-80-A"},{"r":"32","t":"24:18:15","h":"Nord","s":"25N-H54NV20S-80-S"},{"r":"32","t":"24:18:15","h":"Nord","s":"25S-H54S000A-83-A"},{"r":"32","t":"24:18:15","h":"Nord","s":"25S-H54S000S-82-S"},{"r":"32","t":"24:19:41","h":"Nord","s":"25N-H54N000I-80-I"},{"r":"32","t":"24:19:41","h":"Nord","s":"25N-H54N100F-80-F1"},{"r":"32","t":"24:19:41","h":"Nord","s":"25N-H54N200F-80-F2"},{"r":"32","t":"24:19:41","h":"Nord","s":"25N-H54N300F-80-F3"},{"r":"32","t":"24:19:41","h":"Nord","s":"25N-H54N400F-80-F4"},{"r":"32","t":"24:19:41","h":"Nord","s":"25N-H54NV10I-80-I"},{"r":"32","t":"24:19:41","h":"Nord","s":"25N-H54NV20I-80-I"},{"r":"32","t":"24:19:41","h":"Nord","s":"25S-H54S000I-82-I"},{"r":"32","t":"24:19:41","h":"Nord","s":"25S-H54S100F-80-F1"},{"r":"32","t":"24:19:41","h":"Nord","s":"25S-H54S200F-80-F2"},{"r":"32","t":"24:45:15","h":"Nord","s":"25N-H54N000I-80-I"},{"r":"32","t":"24:45:15","h":"Nord","s":"25N-H54N000S-80-S"},{"r":"32","t":"24:45:15","h":"Nord","s":"25N-H54N100F-80-F1"},{"r":"32","t":"24:45:15","h":"Nord","s":"25N-H54N200F-80-F2"},{"r":"32","t":"24:45:15","h":"Nord","s":"25N-H54N300F-80-F3"},{"r":"32","t":"24:45:15","h":"Nord","s":"25N-H54N400F-80-F4"},{"r":"32","t":"24:45:15","h":"Nord","s":"25N-H54NV10I-80-I"},{"r":"32","t":"24:45:15","h":"Nord","s":"25N-H54NV10S-82-S"},{"r":"32","t":"24:45:15","h":"Nord","s":"25N-H54NV20I-80-I"},{"r":"32","t":"24:45:15","h":"Nord","s":"25N-H54NV20S-80-S"},{"r":"32","t":"24:45:15","h":"Nord","s":"25S-H54S000I-82-I"},{"r":"32","t":"24:45:15","h":"Nord","s":"25S-H54S000S-82-S"},{"r":"32","t":"24:45:15","h":"Nord","s":"25S-H54S100F-80-F1"},{"r":"32","t":"24:45:15","h":"Nord","s":"25S-H54S200F-80-F2"},{"r":"32","t":"24:47:15","h":"Nord","s":"25N-H54N000A-80-A"},{"r":"32","t":"24:47:15","h":"Nord","s":"25N-H54NV10A-80-A"},{"r":"32","t":"24:47:15","h":"Nord","s":"25N-H54NV20A-80-A"},{"r":"32","t":"24:47:15","h":"Nord","s":"25S-H54S000A-83-A"},{"r":"32","t":"25:08:50","h":"Nord","s":"25N-H54N000I-80-I"},{"r":"32","t":"25:08:50","h":"Nord","s":"25N-H54N100F-80-F1"},{"r":"32","t":"25:08:50","h":"Nord","s":"25N-H54N200F-80-F2"},{"r":"32","t":"25:08:50","h":"Nord","s":"25N-H54N300F-80-F3"},{"r":"32","t":"25:08:50","h":"Nord","s":"25N-H54N400F-80-F4"},{"r":"32","t":"25:08:50","h":"Nord","s":"25N-H54NV10I-80-I"},{"r":"32","t":"25:08:50","h":"Nord","s":"25N-H54NV20I-80-I"},{"r":"32","t":"25:08:50","h":"Nord","s":"25S-H54S000I-82-I"},{"r":"32","t":"25:08:50","h":"Nord","s":"25S-H54S100F-80-F1"},{"r":"32","t":"25:08:50","h":"Nord","s":"25S-H54S200F-80-F2"},{"r":"32","t":"25:15:15","h":"Nord","s":"25N-H54N000A-80-A"},{"r":"32","t":"25:15:15","h":"Nord","s":"25N-H54NV10A-80-A"},{"r":"32","t":"25:15:15","h":"Nord","s":"25N-H54NV20A-80-A"},{"r":"32","t":"25:15:15","h":"Nord","s":"25S-H54S000A-83-A"},{"r":"32","t":"25:18:50","h":"Nord","s":"25N-H54N000S-80-S"},{"r":"32","t":"25:18:50","h":"Nord","s":"25N-H54NV10S-82-S"},{"r":"32","t":"25:18:50","h":"Nord","s":"25N-H54NV20S-80-S"},{"r":"32","t":"25:18:50","h":"Nord","s":"25S-H54S000S-82-S"},{"r":"32","t":"25:37:50","h":"Nord","s":"25N-H54N000I-80-I"},{"r":"32","t":"25:37:50","h":"Nord","s":"25N-H54N100F-80-F1"},{"r":"32","t":"25:37:50","h":"Nord","s":"25N-H54N200F-80-F2"},{"r":"32","t":"25:37:50","h":"Nord","s":"25N-H54N300F-80-F3"},{"r":"32","t":"25:37:50","h":"Nord","s":"25N-H54N400F-80-F4"},{"r":"32","t":"25:37:50","h":"Nord","s":"25N-H54NV10I-80-I"},{"r":"32","t":"25:37:50","h":"Nord","s":"25N-H54NV20I-80-I"},{"r":"32","t":"25:37:50","h":"Nord","s":"25S-H54S000I-82-I"},{"r":"32","t":"25:37:50","h":"Nord","s":"25S-H54S100F-80-F1"},{"r":"32","t":"25:37:50","h":"Nord","s":"25S-H54S200F-80-F2"},{"r":"32","t":"25:41:15","h":"Nord","s":"25N-H54N000A-80-A"},{"r":"32","t":"25:41:15","h":"Nord","s":"25N-H54NV10A-80-A"},{"r":"32","t":"25:41:15","h":"Nord","s":"25N-H54NV20A-80-A"},{"r":"32","t":"25:41:15","h":"Nord","s":"25S-H54S000A-83-A"},{"r":"32","t":"25:41:50","h":"Nord","s":"25N-H54N000S-80-S"},{"r":"32","t":"25:41:50","h":"Nord","s":"25N-H54NV10S-82-S"},{"r":"32","t":"25:41:50","h":"Nord","s":"25N-H54NV20S-80-S"},{"r":"32","t":"25:41:50","h":"Nord","s":"25S-H54S000S-82-S"},{"r":"32","t":"26:07:15","h":"Nord","s":"25N-H54N000A-80-A"},{"r":"32","t":"26:07:15","h":"Nord","s":"25N-H54NV10A-80-A"},{"r":"32","t":"26:07:15","h":"Nord","s":"25N-H54NV20A-80-A"},{"r":"32","t":"26:07:15","h":"Nord","s":"25S-H54S000A-83-A"}]