[{"r":"131","t":"05:38:04","h":"Nord","s":"25N-H59N000S-80-S"},{"r":"131","t":"05:38:04","h":"Nord","s":"25N-H59NV10S-84-S"},{"r":"131","t":"05:38:04","h":"Nord","s":"25N-H59NV20S-80-S"},{"r":"131","t":"05:38:04","h":"Nord","s":"25S-H59S000S-81-S"},{"r":"131","t":"05:42:04","h":"Nord","s":"25N-H59N000I-80-I"},{"r":"131","t":"05:42:04","h":"Nord","s":"25N-H59N100F-80-F1"},{"r":"131","t":"05:42:04","h":"Nord","s":"25N-H59N200F-81-F2"},{"r":"131","t":"05:42:04","h":"Nord","s":"25N-H59N300F-80-F3"},{"r":"131","t":"05:42:04","h":"Nord","s":"25N-H59N400F-80-F4"},{"r":"131","t":"05:42:04","h":"Nord","s":"25N-H59NV10I-80-I"},{"r":"131","t":"05:42:04","h":"Nord","s":"25N-H59NV20I-80-I"},{"r":"131","t":"05:42:04","h":"Nord","s":"25S-H59S000I-81-I"},{"r":"131","t":"05:42:04","h":"Nord","s":"25S-H59S100F-81-F1"},{"r":"131","t":"05:42:04","h":"Nord","s":"25S-H59S200F-81-F2"},{"r":"131","t":"05:43:32","h":"Nord","s":"25N-H59N000A-80-A"},{"r":"131","t":"05:43:32","h":"Nord","s":"25N-H59NV10A-80-A"},{"r":"131","t":"05:43:32","h":"Nord","s":"25N-H59VN20A-80-A"},{"r":"131","t":"05:43:32","h":"Nord","s":"25S-H59S000A-81-A"},{"r":"131","t":"06:02:04","h":"Nord","s":"25N-H59N000I-80-I"},{"r":"131","t":"06:02:04","h":"Nord","s":"25N-H59N100F-80-F1"},{"r":"131","t":"06:02:04","h":"Nord","s":"25N-H59N200F-81-F2"},{"r":"131","t":"06:02:04","h":"Nord","s":"25N-H59N300F-80-F3"},{"r":"131","t":"06:02:04","h":"Nord","s":"25N-H59N400F-80-F4"},{"r":"131","t":"06:02:04","h":"Nord","s":"25N-H59NV10I-80-I"},{"r":"131","t":"06:02:04","h":"Nord","s":"25N-H59NV20I-80-I"},{"r":"131","t":"06:02:04","h":"Nord","s":"25S-H59S000I-81-I"},{"r":"131","t":"06:02:04","h":"Nord","s":"25S-H59S100F-81-F1"},{"r":"131","t":"06:02:04","h":"Nord","s":"25S-H59S200F-81-F2"},{"r":"131","t":"06:04:04","h":"Nord","s":"25N-H59N000A-80-A"},{"r":"131","t":"06:04:04","h":"Nord","s":"25N-H59NV10A-80-A"},{"r":"131","t":"06:04:04","h":"Nord","s":"25N-H59VN20A-80-A"},{"r":"131","t":"06:04:04","h":"Nord","s":"25S-H59S000A-81-A"},{"r":"131","t":"06:12:04","h":"Nord","s":"25N-H59N000S-80-S"},{"r":"131","t":"06:12:04","h":"Nord","s":"25N-H59NV10S-84-S"},{"r":"131","t":"06:12:04","h":"Nord","s":"25N-H59NV20S-80-S"},{"r":"131","t":"06:12:04","h":"Nord","s":"25S-H59S000S-81-S"},{"r":"131","t":"06:22:04","h":"Nord","s":"25N-H59N000I-80-I"},{"r":"131","t":"06:22:04","h":"Nord","s":"25N-H59N100F-80-F1"},{"r":"131","t":"06:22:04","h":"Nord","s":"25N-H59N200F-81-F2"},{"r":"131","t":"06:22:04","h":"Nord","s":"25N-H59N300F-80-F3"},{"r":"131","t":"06:22:04","h":"Nord","s":"25N-H59N400F-80-F4"},{"r":"131","t":"06:22:04","h":"Nord","s":"25N-H59NV10I-80-I"},{"r":"131","t":"06:22:04","h":"Nord","s":"25N-H59NV20I-80-I"},{"r":"131","t":"06:22:04","h":"Nord","s":"25S-H59S000I-81-I"},{"r":"131","t":"06:22:04","h":"Nord","s":"25S-H59S100F-81-F1"},{"r":"131","t":"06:22:04","h":"Nord","s":"25S-H59S200F-81-F2"},{"r":"131","t":"06:24:04","h":"Nord","s":"25N-H59N000A-80-A"},{"r":"131","t":"06:24:04","h":"Nord","s":"25N-H59NV10A-80-A"},{"r":"131","t":"06:24:04","h":"Nord","s":"25N-H59VN20A-80-A"},{"r":"131","t":"06:24:04","h":"Nord","s":"25S-H59S000A-81-A"},{"r":"131","t":"06:41:04","h":"Nord","s":"25N-H59N000S-80-S"},{"r":"131","t":"06:41:04","h":"Nord","s":"25N-H59NV10S-84-S"},{"r":"131","t":"06:41:04","h":"Nord","s":"25N-H59NV20S-80-S"},{"r":"131","t":"06:41:04","h":"Nord","s":"25S-H59S000S-81-S"},{"r":"131","t":"06:42:04","h":"Nord","s":"25N-H59N000I-80-I"},{"r":"131","t":"06:42:04","h":"Nord","s":"25N-H59N100F-80-F1"},{"r":"131","t":"06:42:04","h":"Nord","s":"25N-H59N200F-81-F2"},{"r":"131","t":"06:42:04","h":"Nord","s":"25N-H59N300F-80-F3"},{"r":"131","t":"06:42:04","h":"Nord","s":"25N-H59N400F-80-F4"},{"r":"131","t":"06:42:04","h":"Nord","s":"25N-H59NV10I-80-I"},{"r":"131","t":"06:42:04","h":"Nord","s":"25N-H59NV20I-80-I"},{"r":"131","t":"06:42:04","h":"Nord","s":"25S-H59S000I-81-I"},{"r":"131","t":"06:42:04","h":"Nord","s":"25S-H59S100F-81-F1"},{"r":"131","t":"06:42:04","h":"Nord","s":"25S-H59S200F-81-F2"},{"r":"131","t":"06:44:04","h":"Nord","s":"25N-H59N000A-80-A"},{"r":"131","t":"06:44:04","h":"Nord","s":"25N-H59NV10A-80-A"},{"r":"131","t":"06:44:04","h":"Nord","s":"25N-H59VN20A-80-A"},{"r":"131","t":"06:44:04","h":"Nord","s":"25S-H59S000A-81-A"},{"r":"131","t":"07:03:04","h":"Nord","s":"25N-H59N000I-80-I"},{"r":"131","t":"07:03:04","h":"Nord","s":"25N-H59N100F-80-F1"},{"r":"131","t":"07:03:04","h":"Nord","s":"25N-H59N200F-81-F2"},{"r":"131","t":"07:03:04","h":"Nord","s":"25N-H59N300F-80-F3"},{"r":"131","t":"07:03:04","h":"Nord","s":"25N-H59N400F-80-F4"},{"r":"131","t":"07:03:04","h":"Nord","s":"25N-H59NV10I-80-I"},{"r":"131","t":"07:03:04","h":"Nord","s":"25N-H59NV20I-80-I"},{"r":"131","t":"07:03:04","h":"Nord","s":"25S-H59S000I-81-I"},{"r":"131","t":"07:03:04","h":"Nord","s":"25S-H59S100F-81-F1"},{"r":"131","t":"07:03:04","h":"Nord","s":"25S-H59S200F-81-F2"},{"r":"131","t":"07:04:04","h":"Nord","s":"25N-H59N000A-80-A"},{"r":"131","t":"07:04:04","h":"Nord","s":"25N-H59NV10A-80-A"},{"r":"131","t":"07:04:04","h":"Nord","s":"25N-H59VN20A-80-A"},{"r":"131","t":"07:04:04","h":"Nord","s":"25S-H59S000A-81-A"},{"r":"131","t":"07:07:37","h":"Nord","s":"25N-H59N000S-80-S"},{"r":"131","t":"07:07:37","h":"Nord","s":"25N-H59NV10S-84-S"},{"r":"131","t":"07:07:37","h":"Nord","s":"25N-H59NV20S-80-S"},{"r":"131","t":"07:07:37","h":"Nord","s":"25S-H59S000S-81-S"},{"r":"131","t":"07:23:04","h":"Nord","s":"25N-H59N000I-80-I"},{"r":"131","t":"07:23:04","h":"Nord","s":"25N-H59N100F-80-F1"},{"r":"131","t":"07:23:04","h":"Nord","s":"25N-H59N200F-81-F2"},{"r":"131","t":"07:23:04","h":"Nord","s":"25N-H59N300F-80-F3"},{"r":"131","t":"07:23:04","h":"Nord","s":"25N-H59N400F-80-F4"},{"r":"131","t":"07:23:04","h":"Nord","s":"25N-H59NV10I-80-I"},{"r":"131","t":"07:23:04","h":"Nord","s":"25N-H59NV20I-80-I"},{"r":"131","t":"07:23:04","h":"Nord","s":"25S-H59S000I-81-I"},{"r":"131","t":"07:23:04","h":"Nord","s":"25S-H59S100F-81-F1"},{"r":"131","t":"07:23:04","h":"Nord","s":"25S-H59S200F-81-F2"},{"r":"131","t":"07:25:04","h":"Nord","s":"25N-H59N000A-80-A"},{"r":"131","t":"07:25:04","h":"Nord","s":"25N-H59NV10A-80-A"},{"r":"131","t":"07:25:04","h":"Nord","s":"25N-H59VN20A-80-A"},{"r":"131","t":"07:25:04","h":"Nord","s":"25S-H59S000A-81-A"},{"r":"131","t":"07:33:37","h":"Nord","s":"25N-H59N000S-80-S"},{"r":"131","t":"07:33:37","h":"Nord","s":"25N-H59NV10S-84-S"},{"r":"131","t":"07:33:37","h":"Nord","s":"25N-H59NV20S-80-S"},{"r":"131","t":"07:33:37","h":"Nord","s":"25S-H59S000S-81-S"},{"r":"131","t":"07:43:04","h":"Nord","s":"25N-H59N000I-80-I"},{"r":"131","t":"07:43:04","h":"Nord","s":"25N-H59N100F-80-F1"},{"r":"131","t":"07:43:04","h":"Nord","s":"25N-H59N200F-81-F2"},{"r":"131","t":"07:43:04","h":"Nord","s":"25N-H59N300F-80-F3"},{"r":"131","t":"07:43:04","h":"Nord","s":"25N-H59N400F-80-F4"},{"r":"131","t":"07:43:04","h":"Nord","s":"25N-H59NV10I-80-I"},{"r":"131","t":"07:43:04","h":"Nord","s":"25N-H59NV20I-80-I"},{"r":"131","t":"07:43:04","h":"Nord","s":"25S-H59S000I-81-I"},{"r":"131","t":"07:43:04","h":"Nord","s":"25S-H59S100F-81-F1"},{"r":"131","t":"07:43:04","h":"Nord","s":"25S-H59S200F-81-F2"},{"r":"131","t":"07:45:04","h":"Nord","s":"25N-H59N000A-80-A"},{"r":"131","t":"07:45:04","h":"Nord","s":"25N-H59NV10A-80-A"},{"r":"131","t":"07:45:04","h":"Nord","s":"25N-H59VN20A-80-A"},{"r":"131","t":"07:45:04","h":"Nord","s":"25S-H59S000A-81-A"},{"r":"131","t":"07:57:37","h":"Nord","s":"25N-H59N000S-80-S"},{"r":"131","t":"07:57:37","h":"Nord","s":"25N-H59NV10S-84-S"},{"r":"131","t":"07:57:37","h":"Nord","s":"25N-H59NV20S-80-S"},{"r":"131","t":"07:57:37","h":"Nord","s":"25S-H59S000S-81-S"},{"r":"131","t":"08:03:04","h":"Nord","s":"25N-H59N000I-80-I"},{"r":"131","t":"08:03:04","h":"Nord","s":"25N-H59N100F-80-F1"},{"r":"131","t":"08:03:04","h":"Nord","s":"25N-H59N200F-81-F2"},{"r":"131","t":"08:03:04","h":"Nord","s":"25N-H59N300F-80-F3"},{"r":"131","t":"08:03:04","h":"Nord","s":"25N-H59N400F-80-F4"},{"r":"131","t":"08:03:04","h":"Nord","s":"25N-H59NV10I-80-I"},{"r":"131","t":"08:03:04","h":"Nord","s":"25N-H59NV20I-80-I"},{"r":"131","t":"08:03:04","h":"Nord","s":"25S-H59S000I-81-I"},{"r":"131","t":"08:03:04","h":"Nord","s":"25S-H59S100F-81-F1"},{"r":"131","t":"08:03:04","h":"Nord","s":"25S-H59S200F-81-F2"},{"r":"131","t":"08:05:04","h":"Nord","s":"25N-H59N000A-80-A"},{"r":"131","t":"08:05:04","h":"Nord","s":"25N-H59NV10A-80-A"},{"r":"131","t":"08:05:04","h":"Nord","s":"25N-H59VN20A-80-A"},{"r":"131","t":"08:05:04","h":"Nord","s":"25S-H59S000A-81-A"},{"r":"131","t":"08:12:37","h":"Nord","s":"25N-H57N000S-80-S"},{"r":"131","t":"08:12:37","h":"Nord","s":"25N-H57NV10S-84-S"},{"r":"131","t":"08:12:37","h":"Nord","s":"25N-H57NV20S-80-S"},{"r":"131","t":"08:12:37","h":"Nord","s":"25S-H57S000S-82-S"},{"r":"131","t":"08:23:04","h":"Nord","s":"25N-H59N000I-80-I"},{"r":"131","t":"08:23:04","h":"Nord","s":"25N-H59N100F-80-F1"},{"r":"131","t":"08:23:04","h":"Nord","s":"25N-H59N200F-81-F2"},{"r":"131","t":"08:23:04","h":"Nord","s":"25N-H59N300F-80-F3"},{"r":"131","t":"08:23:04","h":"Nord","s":"25N-H59N400F-80-F4"},{"r":"131","t":"08:23:04","h":"Nord","s":"25N-H59NV10I-80-I"},{"r":"131","t":"08:23:04","h":"Nord","s":"25N-H59NV20I-80-I"},{"r":"131","t":"08:23:04","h":"Nord","s":"25S-H59S000I-81-I"},{"r":"131","t":"08:23:04","h":"Nord","s":"25S-H59S100F-81-F1"},{"r":"131","t":"08:23:04","h":"Nord","s":"25S-H59S200F-81-F2"},{"r":"131","t":"08:23:37","h":"Nord","s":"25N-H59N000S-80-S"},{"r":"131","t":"08:23:37","h":"Nord","s":"25N-H59NV10S-84-S"},{"r":"131","t":"08:23:37","h":"Nord","s":"25N-H59NV20S-80-S"},{"r":"131","t":"08:23:37","h":"Nord","s":"25S-H59S000S-81-S"},{"r":"131","t":"08:25:04","h":"Nord","s":"25N-H59N000A-80-A"},{"r":"131","t":"08:25:04","h":"Nord","s":"25N-H59NV10A-80-A"},{"r":"131","t":"08:25:04","h":"Nord","s":"25N-H59VN20A-80-A"},{"r":"131","t":"08:25:04","h":"Nord","s":"25S-H59S000A-81-A"},{"r":"131","t":"08:34:37","h":"Nord","s":"25N-H59N000S-80-S"},{"r":"131","t":"08:34:37","h":"Nord","s":"25N-H59NV10S-84-S"},{"r":"131","t":"08:34:37","h":"Nord","s":"25N-H59NV20S-80-S"},{"r":"131","t":"08:34:37","h":"Nord","s":"25S-H59S000S-81-S"},{"r":"131","t":"08:43:04","h":"Nord","s":"25N-H59N000I-80-I"},{"r":"131","t":"08:43:04","h":"Nord","s":"25N-H59N100F-80-F1"},{"r":"131","t":"08:43:04","h":"Nord","s":"25N-H59N200F-81-F2"},{"r":"131","t":"08:43:04","h":"Nord","s":"25N-H59N300F-80-F3"},{"r":"131","t":"08:43:04","h":"Nord","s":"25N-H59N400F-80-F4"},{"r":"131","t":"08:43:04","h":"Nord","s":"25N-H59NV10I-80-I"},{"r":"131","t":"08:43:04","h":"Nord","s":"25N-H59NV20I-80-I"},{"r":"131","t":"08:43:04","h":"Nord","s":"25S-H59S000I-81-I"},{"r":"131","t":"08:43:04","h":"Nord","s":"25S-H59S100F-81-F1"},{"r":"131","t":"08:43:04","h":"Nord","s":"25S-H59S200F-81-F2"},{"r":"131","t":"08:45:04","h":"Nord","s":"25N-H59N000A-80-A"},{"r":"131","t":"08:45:04","h":"Nord","s":"25N-H59NV10A-80-A"},{"r":"131","t":"08:45:04","h":"Nord","s":"25N-H59VN20A-80-A"},{"r":"131","t":"08:45:04","h":"Nord","s":"25S-H59S000A-81-A"},{"r":"131","t":"08:45:37","h":"Nord","s":"25N-H59N000S-80-S"},{"r":"131","t":"08:45:37","h":"Nord","s":"25N-H59NV10S-84-S"},{"r":"131","t":"08:45:37","h":"Nord","s":"25N-H59NV20S-80-S"},{"r":"131","t":"08:45:37","h":"Nord","s":"25S-H59S000S-81-S"},{"r":"131","t":"08:55:37","h":"Nord","s":"25N-H59N000S-80-S"},{"r":"131","t":"08:55:37","h":"Nord","s":"25N-H59NV10S-84-S"},{"r":"131","t":"08:55:37","h":"Nord","s":"25N-H59NV20S-80-S"},{"r":"131","t":"08:55:37","h":"Nord","s":"25S-H59S000S-81-S"},{"r":"131","t":"09:03:04","h":"Nord","s":"25N-H59N000I-80-I"},{"r":"131","t":"09:03:04","h":"Nord","s":"25N-H59N100F-80-F1"},{"r":"131","t":"09:03:04","h":"Nord","s":"25N-H59N200F-81-F2"},{"r":"131","t":"09:03:04","h":"Nord","s":"25N-H59N300F-80-F3"},{"r":"131","t":"09:03:04","h":"Nord","s":"25N-H59N400F-80-F4"},{"r":"131","t":"09:03:04","h":"Nord","s":"25N-H59NV10I-80-I"},{"r":"131","t":"09:03:04","h":"Nord","s":"25N-H59NV20I-80-I"},{"r":"131","t":"09:03:04","h":"Nord","s":"25S-H59S000I-81-I"},{"r":"131","t":"09:03:04","h":"Nord","s":"25S-H59S100F-81-F1"},{"r":"131","t":"09:03:04","h":"Nord","s":"25S-H59S200F-81-F2"},{"r":"131","t":"09:05:04","h":"Nord","s":"25N-H59N000A-80-A"},{"r":"131","t":"09:05:04","h":"Nord","s":"25N-H59NV10A-80-A"},{"r":"131","t":"09:05:04","h":"Nord","s":"25N-H59VN20A-80-A"},{"r":"131","t":"09:05:04","h":"Nord","s":"25S-H59S000A-81-A"},{"r":"131","t":"09:18:37","h":"Nord destination Antonio-Dagenais / Lespinay","s":"25N-H59N000S-80-S"},{"r":"131","t":"09:18:37","h":"Nord destination Antonio-Dagenais / Lespinay","s":"25N-H59NV10S-84-S"},{"r":"131","t":"09:18:37","h":"Nord destination Antonio-Dagenais / Lespinay","s":"25N-H59NV20S-80-S"},{"r":"131","t":"09:18:37","h":"Nord destination Antonio-Dagenais / Lespinay","s":"25S-H59S000S-81-S"},{"r":"131","t":"09:23:04","h":"Nord","s":"25N-H59N000I-80-I"},{"r":"131","t":"09:23:04","h":"Nord","s":"25N-H59N100F-80-F1"},{"r":"131","t":"09:23:04","h":"Nord","s":"25N-H59N200F-81-F2"},{"r":"131","t":"09:23:04","h":"Nord","s":"25N-H59N300F-80-F3"},{"r":"131","t":"09:23:04","h":"Nord","s":"25N-H59N400F-80-F4"},{"r":"131","t":"09:23:04","h":"Nord","s":"25N-H59NV10I-80-I"},{"r":"131","t":"09:23:04","h":"Nord","s":"25N-H59NV20I-80-I"},{"r":"131","t":"09:23:04","h":"Nord","s":"25S-H59S000I-81-I"},{"r":"131","t":"09:23:04","h":"Nord","s":"25S-H59S100F-81-F1"},{"r":"131","t":"09:23:04","h":"Nord","s":"25S-H59S200F-81-F2"},{"r":"131","t":"09:25:04","h":"Nord","s":"25N-H59N000A-80-A"},{"r":"131","t":"09:25:04","h":"Nord","s":"25N-H59NV10A-80-A"},{"r":"131","t":"09:25:04","h":"Nord","s":"25N-H59VN20A-80-A"},{"r":"131","t":"09:25:04","h":"Nord","s":"25S-H59S000A-81-A"},{"r":"131","t":"09:43:04","h":"Nord","s":"25N-H59N000I-80-I"},{"r":"131","t":"09:43:04","h":"Nord","s":"25N-H59N100F-80-F1"},{"r":"131","t":"09:43:04","h":"Nord","s":"25N-H59N200F-81-F2"},{"r":"131","t":"09:43:04","h":"Nord","s":"25N-H59N300F-80-F3"},{"r":"131","t":"09:43:04","h":"Nord","s":"25N-H59N400F-80-F4"},{"r":"131","t":"09:43:04","h":"Nord","s":"25N-H59NV10I-80-I"},{"r":"131","t":"09:43:04","h":"Nord","s":"25N-H59NV20I-80-I"},{"r":"131","t":"09:43:04","h":"Nord","s":"25S-H59S000I-81-I"},{"r":"131","t":"09:43:04","h":"Nord","s":"25S-H59S100F-81-F1"},{"r":"131","t":"09:43:04","h":"Nord","s":"25S-H59S200F-81-F2"},{"r":"131","t":"09:43:37","h":"Nord destination Antonio-Dagenais / Lespinay","s":"25N-H59N000S-80-S"},{"r":"131","t":"09:43:37","h":"Nord destination Antonio-Dagenais / Lespinay","s":"25N-H59NV10S-84-S"},{"r":"131","t":"09:43:37","h":"Nord destination Antonio-Dagenais / Lespinay","s":"25N-H59NV20S-80-S"},{"r":"131","t":"09:43:37","h":"Nord destination Antonio-Dagenais / Lespinay","s":"25S-H59S000S-81-S"},{"r":"131","t":"09:45:04","h":"Nord","s":"25N-H59N000A-80-A"},{"r":"131","t":"09:45:04","h":"Nord","s":"25N-H59NV10A-80-A"},{"r":"131","t":"09:45:04","h":"Nord","s":"25N-H59VN20A-80-A"},{"r":"131","t":"09:45:04","h":"Nord","s":"25S-H59S000A-81-A"},{"r":"131","t":"10:03:04","h":"Nord","s":"25N-H59N000I-80-I"},{"r":"131","t":"10:03:04","h":"Nord","s":"25N-H59N100F-80-F1"},{"r":"131","t":"10:03:04","h":"Nord","s":"25N-H59N200F-81-F2"},{"r":"131","t":"10:03:04","h":"Nord","s":"25N-H59N300F-80-F3"},{"r":"131","t":"10:03:04","h":"Nord","s":"25N-H59N400F-80-F4"},{"r":"131","t":"10:03:04","h":"Nord","s":"25N-H59NV10I-80-I"},{"r":"131","t":"10:03:04","h":"Nord","s":"25N-H59NV20I-80-I"},{"r":"131","t":"10:03:04","h":"Nord","s":"25S-H59S000I-81-I"},{"r":"131","t":"10:03:04","h":"Nord","s":"25S-H59S100F-81-F1"},{"r":"131","t":"10:03:04","h":"Nord","s":"25S-H59S200F-81-F2"},{"r":"131","t":"10:05:04","h":"Nord","s":"25N-H59N000A-80-A"},{"r":"131","t":"10:05:04","h":"Nord","s":"25N-H59NV10A-80-A"},{"r":"131","t":"10:05:04","h":"Nord","s":"25N-H59VN20A-80-A"},{"r":"131","t":"10:05:04","h":"Nord","s":"25S-H59S000A-81-A"},{"r":"131","t":"10:11:37","h":"Nord destination Antonio-Dagenais / Lespinay","s":"25N-H59N000S-80-S"},{"r":"131","t":"10:11:37","h":"Nord destination Antonio-Dagenais / Lespinay","s":"25N-H59NV10S-84-S"},{"r":"131","t":"10:11:37","h":"Nord destination Antonio-Dagenais / Lespinay","s":"25N-H59NV20S-80-S"},{"r":"131","t":"10:11:37","h":"Nord destination Antonio-Dagenais / Lespinay","s":"25S-H59S000S-81-S"},{"r":"131","t":"10:23:04","h":"Nord","s":"25N-H59N000I-80-I"},{"r":"131","t":"10:23:04","h":"Nord","s":"25N-H59N100F-80-F1"},{"r":"131","t":"10:23:04","h":"Nord","s":"25N-H59N200F-81-F2"},{"r":"131","t":"10:23:04","h":"Nord","s":"25N-H59N300F-80-F3"},{"r":"131","t":"10:23:04","h":"Nord","s":"25N-H59N400F-80-F4"},{"r":"131","t":"10:23:04","h":"Nord","s":"25N-H59NV10I-80-I"},{"r":"131","t":"10:23:04","h":"Nord","s":"25N-H59NV20I-80-I"},{"r":"131","t":"10:23:04","h":"Nord","s":"25S-H59S000I-81-I"},{"r":"131","t":"10:23:04","h":"Nord","s":"25S-H59S100F-81-F1"},{"r":"131","t":"10:23:04","h":"Nord","s":"25S-H59S200F-81-F2"},{"r":"131","t":"10:25:04","h":"Nord","s":"25N-H59N000A-80-A"},{"r":"131","t":"10:25:04","h":"Nord","s":"25N-H59NV10A-80-A"},{"r":"131","t":"10:25:04","h":"Nord","s":"25N-H59VN20A-80-A"},{"r":"131","t":"10:25:04","h":"Nord","s":"25S-H59S000A-81-A"},{"r":"131","t":"10:39:37","h":"Nord destination Antonio-Dagenais / Lespinay","s":"25N-H54N000S-80-S"},{"r":"131","t":"10:39:37","h":"Nord destination Antonio-Dagenais / Lespinay","s":"25N-H54NV10S-82-S"},{"r":"131","t":"10:39:37","h":"Nord destination Antonio-Dagenais / Lespinay","s":"25N-H54NV20S-80-S"},{"r":"131","t":"10:39:37","h":"Nord destination Antonio-Dagenais / Lespinay","s":"25S-H54S000S-82-S"},{"r":"131","t":"10:43:04","h":"Nord","s":"25N-H59N000I-80-I"},{"r":"131","t":"10:43:04","h":"Nord","s":"25N-H59N100F-80-F1"},{"r":"131","t":"10:43:04","h":"Nord","s":"25N-H59N200F-81-F2"},{"r":"131","t":"10:43:04","h":"Nord","s":"25N-H59N300F-80-F3"},{"r":"131","t":"10:43:04","h":"Nord","s":"25N-H59N400F-80-F4"},{"r":"131","t":"10:43:04","h":"Nord","s":"25N-H59NV10I-80-I"},{"r":"131","t":"10:43:04","h":"Nord","s":"25N-H59NV20I-80-I"},{"r":"131","t":"10:43:04","h":"Nord","s":"25S-H59S000I-81-I"},{"r":"131","t":"10:43:04","h":"Nord","s":"25S-H59S100F-81-F1"},{"r":"131","t":"10:43:04","h":"Nord","s":"25S-H59S200F-81-F2"},{"r":"131","t":"10:45:04","h":"Nord","s":"25N-H59N000A-80-A"},{"r":"131","t":"10:45:04","h":"Nord","s":"25N-H59NV10A-80-A"},{"r":"131","t":"10:45:04","h":"Nord","s":"25N-H59VN20A-80-A"},{"r":"131","t":"10:45:04","h":"Nord","s":"25S-H59S000A-81-A"},{"r":"131","t":"11:03:04","h":"Nord","s":"25N-H59N000I-80-I"},{"r":"131","t":"11:03:04","h":"Nord","s":"25N-H59N100F-80-F1"},{"r":"131","t":"11:03:04","h":"Nord","s":"25N-H59N200F-81-F2"},{"r":"131","t":"11:03:04","h":"Nord","s":"25N-H59N300F-80-F3"},{"r":"131","t":"11:03:04","h":"Nord","s":"25N-H59N400F-80-F4"},{"r":"131","t":"11:03:04","h":"Nord","s":"25N-H59NV10I-80-I"},{"r":"131","t":"11:03:04","h":"Nord","s":"25N-H59NV20I-80-I"},{"r":"131","t":"11:03:04","h":"Nord","s":"25S-H59S000I-81-I"},{"r":"131","t":"11:03:04","h":"Nord","s":"25S-H59S100F-81-F1"},{"r":"131","t":"11:03:04","h":"Nord","s":"25S-H59S200F-81-F2"},{"r":"131","t":"11:05:04","h":"Nord","s":"25N-H59N000A-80-A"},{"r":"131","t":"11:05:04","h":"Nord","s":"25N-H59NV10A-80-A"},{"r":"131","t":"11:05:04","h":"Nord","s":"25N-H59VN20A-80-A"},{"r":"131","t":"11:05:04","h":"Nord","s":"25S-H59S000A-81-A"},{"r":"131","t":"11:07:37","h":"Nord destination Antonio-Dagenais / Lespinay","s":"25N-H59N000S-80-S"},{"r":"131","t":"11:07:37","h":"Nord destination Antonio-Dagenais / Lespinay","s":"25N-H59NV10S-84-S"},{"r":"131","t":"11:07:37","h":"Nord destination Antonio-Dagenais / Lespinay","s":"25N-H59NV20S-80-S"},{"r":"131","t":"11:07:37","h":"Nord destination Antonio-Dagenais / Lespinay","s":"25S-H59S000S-81-S"},{"r":"131","t":"11:23:04","h":"Nord","s":"25N-H59N000I-80-I"},{"r":"131","t":"11:23:04","h":"Nord","s":"25N-H59N100F-80-F1"},{"r":"131","t":"11:23:04","h":"Nord","s":"25N-H59N200F-81-F2"},{"r":"131","t":"11:23:04","h":"Nord","s":"25N-H59N300F-80-F3"},{"r":"131","t":"11:23:04","h":"Nord","s":"25N-H59N400F-80-F4"},{"r":"131","t":"11:23:04","h":"Nord","s":"25N-H59NV10I-80-I"},{"r":"131","t":"11:23:04","h":"Nord","s":"25N-H59NV20I-80-I"},{"r":"131","t":"11:23:04","h":"Nord","s":"25S-H59S000I-81-I"},{"r":"131","t":"11:23:04","h":"Nord","s":"25S-H59S100F-81-F1"},{"r":"131","t":"11:23:04","h":"Nord","s":"25S-H59S200F-81-F2"},{"r":"131","t":"11:25:04","h":"Nord","s":"25N-H59N000A-80-A"},{"r":"131","t":"11:25:04","h":"Nord","s":"25N-H59NV10A-80-A"},{"r":"131","t":"11:25:04","h":"Nord","s":"25N-H59VN20A-80-A"},{"r":"131","t":"11:25:04","h":"Nord","s":"25S-H59S000A-81-A"},{"r":"131","t":"11:35:37","h":"Nord destination Antonio-Dagenais / Lespinay","s":"25N-H59N000S-80-S"},{"r":"131","t":"11:35:37","h":"Nord destination Antonio-Dagenais / Lespinay","s":"25N-H59NV10S-84-S"},{"r":"131","t":"11:35:37","h":"Nord destination Antonio-Dagenais / Lespinay","s":"25N-H59NV20S-80-S"},{"r":"131","t":"11:35:37","h":"Nord destination Antonio-Dagenais / Lespinay","s":"25S-H59S000S-81-S"},{"r":"131","t":"11:43:04","h":"Nord","s":"25N-H59N000I-80-I"},{"r":"131","t":"11:43:04","h":"Nord","s":"25N-H59N100F-80-F1"},{"r":"131","t":"11:43:04","h":"Nord","s":"25N-H59N200F-81-F2"},{"r":"131","t":"11:43:04","h":"Nord","s":"25N-H59N300F-80-F3"},{"r":"131","t":"11:43:04","h":"Nord","s":"25N-H59N400F-80-F4"},{"r":"131","t":"11:43:04","h":"Nord","s":"25N-H59NV10I-80-I"},{"r":"131","t":"11:43:04","h":"Nord","s":"25N-H59NV20I-80-I"},{"r":"131","t":"11:43:04","h":"Nord","s":"25S-H59S000I-81-I"},{"r":"131","t":"11:43:04","h":"Nord","s":"25S-H59S100F-81-F1"},{"r":"131","t":"11:43:04","h":"Nord","s":"25S-H59S200F-81-F2"},{"r":"131","t":"11:45:04","h":"Nord","s":"25N-H59N000A-80-A"},{"r":"131","t":"11:45:04","h":"Nord","s":"25N-H59NV10A-80-A"},{"r":"131","t":"11:45:04","h":"Nord","s":"25N-H59VN20A-80-A"},{"r":"131","t":"11:45:04","h":"Nord","s":"25S-H59S000A-81-A"},{"r":"131","t":"12:03:04","h":"Nord","s":"25N-H59N000I-80-I"},{"r":"131","t":"12:03:04","h":"Nord","s":"25N-H59N100F-80-F1"},{"r":"131","t":"12:03:04","h":"Nord","s":"25N-H59N200F-81-F2"},{"r":"131","t":"12:03:04","h":"Nord","s":"25N-H59N300F-80-F3"},{"r":"131","t":"12:03:04","h":"Nord","s":"25N-H59N400F-80-F4"},{"r":"131","t":"12:03:04","h":"Nord","s":"25N-H59NV10I-80-I"},{"r":"131","t":"12:03:04","h":"Nord","s":"25N-H59NV20I-80-I"},{"r":"131","t":"12:03:04","h":"Nord","s":"25S-H59S000I-81-I"},{"r":"131","t":"12:03:04","h":"Nord","s":"25S-H59S100F-81-F1"},{"r":"131","t":"12:03:04","h":"Nord","s":"25S-H59S200F-81-F2"},{"r":"131","t":"12:03:37","h":"Nord destination Antonio-Dagenais / Lespinay","s":"25N-H59N000S-80-S"},{"r":"131","t":"12:03:37","h":"Nord destination Antonio-Dagenais / Lespinay","s":"25N-H59NV10S-84-S"},{"r":"131","t":"12:03:37","h":"Nord destination Antonio-Dagenais / Lespinay","s":"25N-H59NV20S-80-S"},{"r":"131","t":"12:03:37","h":"Nord destination Antonio-Dagenais / Lespinay","s":"25S-H59S000S-81-S"},{"r":"131","t":"12:05:04","h":"Nord","s":"25N-H59N000A-80-A"},{"r":"131","t":"12:05:04","h":"Nord","s":"25N-H59NV10A-80-A"},{"r":"131","t":"12:05:04","h":"Nord","s":"25N-H59VN20A-80-A"},{"r":"131","t":"12:05:04","h":"Nord","s":"25S-H59S000A-81-A"},{"r":"131","t":"12:23:04","h":"Nord","s":"25N-H59N000I-80-I"},{"r":"131","t":"12:23:04","h":"Nord","s":"25N-H59N100F-80-F1"},{"r":"131","t":"12:23:04","h":"Nord","s":"25N-H59N200F-81-F2"},{"r":"131","t":"12:23:04","h":"Nord","s":"25N-H59N300F-80-F3"},{"r":"131","t":"12:23:04","h":"Nord","s":"25N-H59N400F-80-F4"},{"r":"131","t":"12:23:04","h":"Nord","s":"25N-H59NV10I-80-I"},{"r":"131","t":"12:23:04","h":"Nord","s":"25N-H59NV20I-80-I"},{"r":"131","t":"12:23:04","h":"Nord","s":"25S-H59S000I-81-I"},{"r":"131","t":"12:23:04","h":"Nord","s":"25S-H59S100F-81-F1"},{"r":"131","t":"12:23:04","h":"Nord","s":"25S-H59S200F-81-F2"},{"r":"131","t":"12:25:04","h":"Nord","s":"25N-H59N000A-80-A"},{"r":"131","t":"12:25:04","h":"Nord","s":"25N-H59NV10A-80-A"},{"r":"131","t":"12:25:04","h":"Nord","s":"25N-H59VN20A-80-A"},{"r":"131","t":"12:25:04","h":"Nord","s":"25S-H59S000A-81-A"},{"r":"131","t":"12:31:37","h":"Nord destination Antonio-Dagenais / Lespinay","s":"25N-H59N000S-80-S"},{"r":"131","t":"12:31:37","h":"Nord destination Antonio-Dagenais / Lespinay","s":"25N-H59NV10S-84-S"},{"r":"131","t":"12:31:37","h":"Nord destination Antonio-Dagenais / Lespinay","s":"25N-H59NV20S-80-S"},{"r":"131","t":"12:31:37","h":"Nord destination Antonio-Dagenais / Lespinay","s":"25S-H59S000S-81-S"},{"r":"131","t":"12:43:04","h":"Nord","s":"25N-H59N000I-80-I"},{"r":"131","t":"12:43:04","h":"Nord","s":"25N-H59N100F-80-F1"},{"r":"131","t":"12:43:04","h":"Nord","s":"25N-H59N200F-81-F2"},{"r":"131","t":"12:43:04","h":"Nord","s":"25N-H59N300F-80-F3"},{"r":"131","t":"12:43:04","h":"Nord","s":"25N-H59N400F-80-F4"},{"r":"131","t":"12:43:04","h":"Nord","s":"25N-H59NV10I-80-I"},{"r":"131","t":"12:43:04","h":"Nord","s":"25N-H59NV20I-80-I"},{"r":"131","t":"12:43:04","h":"Nord","s":"25S-H59S000I-81-I"},{"r":"131","t":"12:43:04","h":"Nord","s":"25S-H59S100F-81-F1"},{"r":"131","t":"12:43:04","h":"Nord","s":"25S-H59S200F-81-F2"},{"r":"131","t":"12:45:04","h":"Nord","s":"25N-H59N000A-80-A"},{"r":"131","t":"12:45:04","h":"Nord","s":"25N-H59NV10A-80-A"},{"r":"131","t":"12:45:04","h":"Nord","s":"25N-H59VN20A-80-A"},{"r":"131","t":"12:45:04","h":"Nord","s":"25S-H59S000A-81-A"},{"r":"131","t":"13:01:37","h":"Nord destination Antonio-Dagenais / Lespinay","s":"25N-H59N000S-80-S"},{"r":"131","t":"13:01:37","h":"Nord destination Antonio-Dagenais / Lespinay","s":"25N-H59NV10S-84-S"},{"r":"131","t":"13:01:37","h":"Nord destination Antonio-Dagenais / Lespinay","s":"25N-H59NV20S-80-S"},{"r":"131","t":"13:01:37","h":"Nord destination Antonio-Dagenais / Lespinay","s":"25S-H59S000S-81-S"},{"r":"131","t":"13:03:04","h":"Nord","s":"25N-H59N000I-80-I"},{"r":"131","t":"13:03:04","h":"Nord","s":"25N-H59N100F-80-F1"},{"r":"131","t":"13:03:04","h":"Nord","s":"25N-H59N200F-81-F2"},{"r":"131","t":"13:03:04","h":"Nord","s":"25N-H59N300F-80-F3"},{"r":"131","t":"13:03:04","h":"Nord","s":"25N-H59N400F-80-F4"},{"r":"131","t":"13:03:04","h":"Nord","s":"25N-H59NV10I-80-I"},{"r":"131","t":"13:03:04","h":"Nord","s":"25N-H59NV20I-80-I"},{"r":"131","t":"13:03:04","h":"Nord","s":"25S-H59S000I-81-I"},{"r":"131","t":"13:03:04","h":"Nord","s":"25S-H59S100F-81-F1"},{"r":"131","t":"13:03:04","h":"Nord","s":"25S-H59S200F-81-F2"},{"r":"131","t":"13:05:04","h":"Nord","s":"25N-H59N000A-80-A"},{"r":"131","t":"13:05:04","h":"Nord","s":"25N-H59NV10A-80-A"},{"r":"131","t":"13:05:04","h":"Nord","s":"25N-H59VN20A-80-A"},{"r":"131","t":"13:05:04","h":"Nord","s":"25S-H59S000A-81-A"},{"r":"131","t":"13:23:04","h":"Nord","s":"25N-H59N000I-80-I"},{"r":"131","t":"13:23:04","h":"Nord","s":"25N-H59N100F-80-F1"},{"r":"131","t":"13:23:04","h":"Nord","s":"25N-H59N200F-81-F2"},{"r":"131","t":"13:23:04","h":"Nord","s":"25N-H59N300F-80-F3"},{"r":"131","t":"13:23:04","h":"Nord","s":"25N-H59N400F-80-F4"},{"r":"131","t":"13:23:04","h":"Nord","s":"25N-H59NV10I-80-I"},{"r":"131","t":"13:23:04","h":"Nord","s":"25N-H59NV20I-80-I"},{"r":"131","t":"13:23:04","h":"Nord","s":"25S-H59S000I-81-I"},{"r":"131","t":"13:23:04","h":"Nord","s":"25S-H59S100F-81-F1"},{"r":"131","t":"13:23:04","h":"Nord","s":"25S-H59S200F-81-F2"},{"r":"131","t":"13:25:04","h":"Nord","s":"25N-H59N000A-80-A"},{"r":"131","t":"13:25:04","h":"Nord","s":"25N-H59NV10A-80-A"},{"r":"131","t":"13:25:04","h":"Nord","s":"25N-H59VN20A-80-A"},{"r":"131","t":"13:25:04","h":"Nord","s":"25S-H59S000A-81-A"},{"r":"131","t":"13:32:37","h":"Nord destination Antonio-Dagenais / Lespinay","s":"25N-H59N000S-80-S"},{"r":"131","t":"13:32:37","h":"Nord destination Antonio-Dagenais / Lespinay","s":"25N-H59NV10S-84-S"},{"r":"131","t":"13:32:37","h":"Nord destination Antonio-Dagenais / Lespinay","s":"25N-H59NV20S-80-S"},{"r":"131","t":"13:32:37","h":"Nord destination Antonio-Dagenais / Lespinay","s":"25S-H59S000S-81-S"},{"r":"131","t":"13:43:04","h":"Nord","s":"25N-H59N000I-80-I"},{"r":"131","t":"13:43:04","h":"Nord","s":"25N-H59N100F-80-F1"},{"r":"131","t":"13:43:04","h":"Nord","s":"25N-H59N200F-81-F2"},{"r":"131","t":"13:43:04","h":"Nord","s":"25N-H59N300F-80-F3"},{"r":"131","t":"13:43:04","h":"Nord","s":"25N-H59N400F-80-F4"},{"r":"131","t":"13:43:04","h":"Nord","s":"25N-H59NV10I-80-I"},{"r":"131","t":"13:43:04","h":"Nord","s":"25N-H59NV20I-80-I"},{"r":"131","t":"13:43:04","h":"Nord","s":"25S-H59S000I-81-I"},{"r":"131","t":"13:43:04","h":"Nord","s":"25S-H59S100F-81-F1"},{"r":"131","t":"13:43:04","h":"Nord","s":"25S-H59S200F-81-F2"},{"r":"131","t":"13:45:04","h":"Nord","s":"25N-H59N000A-80-A"},{"r":"131","t":"13:45:04","h":"Nord","s":"25N-H59NV10A-80-A"},{"r":"131","t":"13:45:04","h":"Nord","s":"25N-H59VN20A-80-A"},{"r":"131","t":"13:45:04","h":"Nord","s":"25S-H59S000A-81-A"},{"r":"131","t":"14:01:37","h":"Nord destination Antonio-Dagenais / Lespinay","s":"25N-H59N000S-80-S"},{"r":"131","t":"14:01:37","h":"Nord destination Antonio-Dagenais / Lespinay","s":"25N-H59NV10S-84-S"},{"r":"131","t":"14:01:37","h":"Nord destination Antonio-Dagenais / Lespinay","s":"25N-H59NV20S-80-S"},{"r":"131","t":"14:01:37","h":"Nord destination Antonio-Dagenais / Lespinay","s":"25S-H59S000S-81-S"},{"r":"131","t":"14:03:04","h":"Nord","s":"25N-H59N000I-80-I"},{"r":"131","t":"14:03:04","h":"Nord","s":"25N-H59N100F-80-F1"},{"r":"131","t":"14:03:04","h":"Nord","s":"25N-H59N200F-81-F2"},{"r":"131","t":"14:03:04","h":"Nord","s":"25N-H59N300F-80-F3"},{"r":"131","t":"14:03:04","h":"Nord","s":"25N-H59N400F-80-F4"},{"r":"131","t":"14:03:04","h":"Nord","s":"25N-H59NV10I-80-I"},{"r":"131","t":"14:03:04","h":"Nord","s":"25N-H59NV20I-80-I"},{"r":"131","t":"14:03:04","h":"Nord","s":"25S-H59S000I-81-I"},{"r":"131","t":"14:03:04","h":"Nord","s":"25S-H59S100F-81-F1"},{"r":"131","t":"14:03:04","h":"Nord","s":"25S-H59S200F-81-F2"},{"r":"131","t":"14:05:04","h":"Nord","s":"25N-H59N000A-80-A"},{"r":"131","t":"14:05:04","h":"Nord","s":"25N-H59NV10A-80-A"},{"r":"131","t":"14:05:04","h":"Nord","s":"25N-H59VN20A-80-A"},{"r":"131","t":"14:05:04","h":"Nord","s":"25S-H59S000A-81-A"},{"r":"131","t":"14:23:04","h":"Nord","s":"25N-H59N000I-80-I"},{"r":"131","t":"14:23:04","h":"Nord","s":"25N-H59N100F-80-F1"},{"r":"131","t":"14:23:04","h":"Nord","s":"25N-H59N200F-81-F2"},{"r":"131","t":"14:23:04","h":"Nord","s":"25N-H59N300F-80-F3"},{"r":"131","t":"14:23:04","h":"Nord","s":"25N-H59N400F-80-F4"},{"r":"131","t":"14:23:04","h":"Nord","s":"25N-H59NV10I-80-I"},{"r":"131","t":"14:23:04","h":"Nord","s":"25N-H59NV20I-80-I"},{"r":"131","t":"14:23:04","h":"Nord","s":"25S-H59S000I-81-I"},{"r":"131","t":"14:23:04","h":"Nord","s":"25S-H59S100F-81-F1"},{"r":"131","t":"14:23:04","h":"Nord","s":"25S-H59S200F-81-F2"},{"r":"131","t":"14:23:37","h":"Nord destination Antonio-Dagenais / Lespinay","s":"25N-H59N000S-80-S"},{"r":"131","t":"14:23:37","h":"Nord destination Antonio-Dagenais / Lespinay","s":"25N-H59NV10S-84-S"},{"r":"131","t":"14:23:37","h":"Nord destination Antonio-Dagenais / Lespinay","s":"25N-H59NV20S-80-S"},{"r":"131","t":"14:23:37","h":"Nord destination Antonio-Dagenais / Lespinay","s":"25S-H59S000S-81-S"},{"r":"131","t":"14:25:04","h":"Nord","s":"25N-H59N000A-80-A"},{"r":"131","t":"14:25:04","h":"Nord","s":"25N-H59NV10A-80-A"},{"r":"131","t":"14:25:04","h":"Nord","s":"25N-H59VN20A-80-A"},{"r":"131","t":"14:25:04","h":"Nord","s":"25S-H59S000A-81-A"},{"r":"131","t":"14:43:04","h":"Nord","s":"25N-H59N000I-80-I"},{"r":"131","t":"14:43:04","h":"Nord","s":"25N-H59N100F-80-F1"},{"r":"131","t":"14:43:04","h":"Nord","s":"25N-H59N200F-81-F2"},{"r":"131","t":"14:43:04","h":"Nord","s":"25N-H59N300F-80-F3"},{"r":"131","t":"14:43:04","h":"Nord","s":"25N-H59N400F-80-F4"},{"r":"131","t":"14:43:04","h":"Nord","s":"25N-H59NV10I-80-I"},{"r":"131","t":"14:43:04","h":"Nord","s":"25N-H59NV20I-80-I"},{"r":"131","t":"14:43:04","h":"Nord","s":"25S-H59S000I-81-I"},{"r":"131","t":"14:43:04","h":"Nord","s":"25S-H59S100F-81-F1"},{"r":"131","t":"14:43:04","h":"Nord","s":"25S-H59S200F-81-F2"},{"r":"131","t":"14:44:37","h":"Nord destination Antonio-Dagenais / Lespinay","s":"25N-H59N000S-80-S"},{"r":"131","t":"14:44:37","h":"Nord destination Antonio-Dagenais / Lespinay","s":"25N-H59NV10S-84-S"},{"r":"131","t":"14:44:37","h":"Nord destination Antonio-Dagenais / Lespinay","s":"25N-H59NV20S-80-S"},{"r":"131","t":"14:44:37","h":"Nord destination Antonio-Dagenais / Lespinay","s":"25S-H59S000S-81-S"},{"r":"131","t":"14:45:04","h":"Nord","s":"25N-H59N000A-80-A"},{"r":"131","t":"14:45:04","h":"Nord","s":"25N-H59NV10A-80-A"},{"r":"131","t":"14:45:04","h":"Nord","s":"25N-H59VN20A-80-A"},{"r":"131","t":"14:45:04","h":"Nord","s":"25S-H59S000A-81-A"},{"r":"131","t":"15:03:04","h":"Nord","s":"25N-H59N000I-80-I"},{"r":"131","t":"15:03:04","h":"Nord","s":"25N-H59N100F-80-F1"},{"r":"131","t":"15:03:04","h":"Nord","s":"25N-H59N200F-81-F2"},{"r":"131","t":"15:03:04","h":"Nord","s":"25N-H59N300F-80-F3"},{"r":"131","t":"15:03:04","h":"Nord","s":"25N-H59N400F-80-F4"},{"r":"131","t":"15:03:04","h":"Nord","s":"25N-H59NV10I-80-I"},{"r":"131","t":"15:03:04","h":"Nord","s":"25N-H59NV20I-80-I"},{"r":"131","t":"15:03:04","h":"Nord","s":"25S-H59S000I-81-I"},{"r":"131","t":"15:03:04","h":"Nord","s":"25S-H59S100F-81-F1"},{"r":"131","t":"15:03:04","h":"Nord","s":"25S-H59S200F-81-F2"},{"r":"131","t":"15:05:04","h":"Nord","s":"25N-H59N000A-80-A"},{"r":"131","t":"15:05:04","h":"Nord","s":"25N-H59NV10A-80-A"},{"r":"131","t":"15:05:04","h":"Nord","s":"25N-H59VN20A-80-A"},{"r":"131","t":"15:05:04","h":"Nord","s":"25S-H59S000A-81-A"},{"r":"131","t":"15:07:37","h":"Nord destination Antonio-Dagenais / Lespinay","s":"25N-H59N000S-80-S"},{"r":"131","t":"15:07:37","h":"Nord destination Antonio-Dagenais / Lespinay","s":"25N-H59NV10S-84-S"},{"r":"131","t":"15:07:37","h":"Nord destination Antonio-Dagenais / Lespinay","s":"25N-H59NV20S-80-S"},{"r":"131","t":"15:07:37","h":"Nord destination Antonio-Dagenais / Lespinay","s":"25S-H59S000S-81-S"},{"r":"131","t":"15:23:04","h":"Nord","s":"25N-H59N000I-80-I"},{"r":"131","t":"15:23:04","h":"Nord","s":"25N-H59N100F-80-F1"},{"r":"131","t":"15:23:04","h":"Nord","s":"25N-H59N200F-81-F2"},{"r":"131","t":"15:23:04","h":"Nord","s":"25N-H59N300F-80-F3"},{"r":"131","t":"15:23:04","h":"Nord","s":"25N-H59N400F-80-F4"},{"r":"131","t":"15:23:04","h":"Nord","s":"25N-H59NV10I-80-I"},{"r":"131","t":"15:23:04","h":"Nord","s":"25N-H59NV20I-80-I"},{"r":"131","t":"15:23:04","h":"Nord","s":"25S-H59S000I-81-I"},{"r":"131","t":"15:23:04","h":"Nord","s":"25S-H59S100F-81-F1"},{"r":"131","t":"15:23:04","h":"Nord","s":"25S-H59S200F-81-F2"},{"r":"131","t":"15:25:04","h":"Nord","s":"25N-H59N000A-80-A"},{"r":"131","t":"15:25:04","h":"Nord","s":"25N-H59NV10A-80-A"},{"r":"131","t":"15:25:04","h":"Nord","s":"25N-H59VN20A-80-A"},{"r":"131","t":"15:25:04","h":"Nord","s":"25S-H59S000A-81-A"},{"r":"131","t":"15:31:09","h":"Nord destination Antonio-Dagenais / Lespinay","s":"25N-H58N000S-80-S"},{"r":"131","t":"15:31:09","h":"Nord destination Antonio-Dagenais / Lespinay","s":"25N-H58NV10S-80-S"},{"r":"131","t":"15:31:09","h":"Nord destination Antonio-Dagenais / Lespinay","s":"25N-H58NV20S-80-S"},{"r":"131","t":"15:31:09","h":"Nord destination Antonio-Dagenais / Lespinay","s":"25S-H58S000S-80-S"},{"r":"131","t":"15:44:04","h":"Nord","s":"25N-H59N000I-80-I"},{"r":"131","t":"15:44:04","h":"Nord","s":"25N-H59N100F-80-F1"},{"r":"131","t":"15:44:04","h":"Nord","s":"25N-H59N200F-81-F2"},{"r":"131","t":"15:44:04","h":"Nord","s":"25N-H59N300F-80-F3"},{"r":"131","t":"15:44:04","h":"Nord","s":"25N-H59N400F-80-F4"},{"r":"131","t":"15:44:04","h":"Nord","s":"25N-H59NV10I-80-I"},{"r":"131","t":"15:44:04","h":"Nord","s":"25N-H59NV20I-80-I"},{"r":"131","t":"15:44:04","h":"Nord","s":"25S-H59S000I-81-I"},{"r":"131","t":"15:44:04","h":"Nord","s":"25S-H59S100F-81-F1"},{"r":"131","t":"15:44:04","h":"Nord","s":"25S-H59S200F-81-F2"},{"r":"131","t":"15:45:04","h":"Nord","s":"25N-H59N000A-80-A"},{"r":"131","t":"15:45:04","h":"Nord","s":"25N-H59NV10A-80-A"},{"r":"131","t":"15:45:04","h":"Nord","s":"25N-H59VN20A-80-A"},{"r":"131","t":"15:45:04","h":"Nord","s":"25S-H59S000A-81-A"},{"r":"131","t":"15:53:09","h":"Nord","s":"25N-H59N000S-80-S"},{"r":"131","t":"15:53:09","h":"Nord","s":"25N-H59NV10S-84-S"},{"r":"131","t":"15:53:09","h":"Nord","s":"25N-H59NV20S-80-S"},{"r":"131","t":"15:53:09","h":"Nord","s":"25S-H59S000S-81-S"},{"r":"131","t":"16:04:04","h":"Nord","s":"25N-H59N000I-80-I"},{"r":"131","t":"16:04:04","h":"Nord","s":"25N-H59N100F-80-F1"},{"r":"131","t":"16:04:04","h":"Nord","s":"25N-H59N200F-81-F2"},{"r":"131","t":"16:04:04","h":"Nord","s":"25N-H59N300F-80-F3"},{"r":"131","t":"16:04:04","h":"Nord","s":"25N-H59N400F-80-F4"},{"r":"131","t":"16:04:04","h":"Nord","s":"25N-H59NV10I-80-I"},{"r":"131","t":"16:04:04","h":"Nord","s":"25N-H59NV20I-80-I"},{"r":"131","t":"16:04:04","h":"Nord","s":"25S-H59S000I-81-I"},{"r":"131","t":"16:04:04","h":"Nord","s":"25S-H59S100F-81-F1"},{"r":"131","t":"16:04:04","h":"Nord","s":"25S-H59S200F-81-F2"},{"r":"131","t":"16:05:04","h":"Nord","s":"25N-H59N000A-80-A"},{"r":"131","t":"16:05:04","h":"Nord","s":"25N-H59NV10A-80-A"},{"r":"131","t":"16:05:04","h":"Nord","s":"25N-H59VN20A-80-A"},{"r":"131","t":"16:05:04","h":"Nord","s":"25S-H59S000A-81-A"},{"r":"131","t":"16:18:09","h":"Nord","s":"25N-H59N000S-80-S"},{"r":"131","t":"16:18:09","h":"Nord","s":"25N-H59NV10S-84-S"},{"r":"131","t":"16:18:09","h":"Nord","s":"25N-H59NV20S-80-S"},{"r":"131","t":"16:18:09","h":"Nord","s":"25S-H59S000S-81-S"},{"r":"131","t":"16:23:04","h":"Nord","s":"25N-H59N000I-80-I"},{"r":"131","t":"16:23:04","h":"Nord","s":"25N-H59N100F-80-F1"},{"r":"131","t":"16:23:04","h":"Nord","s":"25N-H59N200F-81-F2"},{"r":"131","t":"16:23:04","h":"Nord","s":"25N-H59N300F-80-F3"},{"r":"131","t":"16:23:04","h":"Nord","s":"25N-H59N400F-80-F4"},{"r":"131","t":"16:23:04","h":"Nord","s":"25N-H59NV10I-80-I"},{"r":"131","t":"16:23:04","h":"Nord","s":"25N-H59NV20I-80-I"},{"r":"131","t":"16:23:04","h":"Nord","s":"25S-H59S000I-81-I"},{"r":"131","t":"16:23:04","h":"Nord","s":"25S-H59S100F-81-F1"},{"r":"131","t":"16:23:04","h":"Nord","s":"25S-H59S200F-81-F2"},{"r":"131","t":"16:25:04","h":"Nord","s":"25N-H59N000A-80-A"},{"r":"131","t":"16:25:04","h":"Nord","s":"25N-H59NV10A-80-A"},{"r":"131","t":"16:25:04","h":"Nord","s":"25N-H59VN20A-80-A"},{"r":"131","t":"16:25:04","h":"Nord","s":"25S-H59S000A-81-A"},{"r":"131","t":"16:41:09","h":"Nord","s":"25N-H59N000S-80-S"},{"r":"131","t":"16:41:09","h":"Nord","s":"25N-H59NV10S-84-S"},{"r":"131","t":"16:41:09","h":"Nord","s":"25N-H59NV20S-80-S"},{"r":"131","t":"16:41:09","h":"Nord","s":"25S-H59S000S-81-S"},{"r":"131","t":"16:43:04","h":"Nord","s":"25N-H59N000I-80-I"},{"r":"131","t":"16:43:04","h":"Nord","s":"25N-H59N100F-80-F1"},{"r":"131","t":"16:43:04","h":"Nord","s":"25N-H59N200F-81-F2"},{"r":"131","t":"16:43:04","h":"Nord","s":"25N-H59N300F-80-F3"},{"r":"131","t":"16:43:04","h":"Nord","s":"25N-H59N400F-80-F4"},{"r":"131","t":"16:43:04","h":"Nord","s":"25N-H59NV10I-80-I"},{"r":"131","t":"16:43:04","h":"Nord","s":"25N-H59NV20I-80-I"},{"r":"131","t":"16:43:04","h":"Nord","s":"25S-H59S000I-81-I"},{"r":"131","t":"16:43:04","h":"Nord","s":"25S-H59S100F-81-F1"},{"r":"131","t":"16:43:04","h":"Nord","s":"25S-H59S200F-81-F2"},{"r":"131","t":"16:45:04","h":"Nord","s":"25N-H59N000A-80-A"},{"r":"131","t":"16:45:04","h":"Nord","s":"25N-H59NV10A-80-A"},{"r":"131","t":"16:45:04","h":"Nord","s":"25N-H59VN20A-80-A"},{"r":"131","t":"16:45:04","h":"Nord","s":"25S-H59S000A-81-A"},{"r":"131","t":"17:01:09","h":"Nord","s":"25N-H59N000S-80-S"},{"r":"131","t":"17:01:09","h":"Nord","s":"25N-H59NV10S-84-S"},{"r":"131","t":"17:01:09","h":"Nord","s":"25N-H59NV20S-80-S"},{"r":"131","t":"17:01:09","h":"Nord","s":"25S-H59S000S-81-S"},{"r":"131","t":"17:03:04","h":"Nord","s":"25N-H59N000I-80-I"},{"r":"131","t":"17:03:04","h":"Nord","s":"25N-H59N100F-80-F1"},{"r":"131","t":"17:03:04","h":"Nord","s":"25N-H59N200F-81-F2"},{"r":"131","t":"17:03:04","h":"Nord","s":"25N-H59N300F-80-F3"},{"r":"131","t":"17:03:04","h":"Nord","s":"25N-H59N400F-80-F4"},{"r":"131","t":"17:03:04","h":"Nord","s":"25N-H59NV10I-80-I"},{"r":"131","t":"17:03:04","h":"Nord","s":"25N-H59NV20I-80-I"},{"r":"131","t":"17:03:04","h":"Nord","s":"25S-H59S000I-81-I"},{"r":"131","t":"17:03:04","h":"Nord","s":"25S-H59S100F-81-F1"},{"r":"131","t":"17:03:04","h":"Nord","s":"25S-H59S200F-81-F2"},{"r":"131","t":"17:05:04","h":"Nord","s":"25N-H59N000A-80-A"},{"r":"131","t":"17:05:04","h":"Nord","s":"25N-H59NV10A-80-A"},{"r":"131","t":"17:05:04","h":"Nord","s":"25N-H59VN20A-80-A"},{"r":"131","t":"17:05:04","h":"Nord","s":"25S-H59S000A-81-A"},{"r":"131","t":"17:21:09","h":"Nord","s":"25N-H59N000S-80-S"},{"r":"131","t":"17:21:09","h":"Nord","s":"25N-H59NV10S-84-S"},{"r":"131","t":"17:21:09","h":"Nord","s":"25N-H59NV20S-80-S"},{"r":"131","t":"17:21:09","h":"Nord","s":"25S-H59S000S-81-S"},{"r":"131","t":"17:23:04","h":"Nord","s":"25N-H59N000I-80-I"},{"r":"131","t":"17:23:04","h":"Nord","s":"25N-H59N100F-80-F1"},{"r":"131","t":"17:23:04","h":"Nord","s":"25N-H59N200F-81-F2"},{"r":"131","t":"17:23:04","h":"Nord","s":"25N-H59N300F-80-F3"},{"r":"131","t":"17:23:04","h":"Nord","s":"25N-H59N400F-80-F4"},{"r":"131","t":"17:23:04","h":"Nord","s":"25N-H59NV10I-80-I"},{"r":"131","t":"17:23:04","h":"Nord","s":"25N-H59NV20I-80-I"},{"r":"131","t":"17:23:04","h":"Nord","s":"25S-H59S000I-81-I"},{"r":"131","t":"17:23:04","h":"Nord","s":"25S-H59S100F-81-F1"},{"r":"131","t":"17:23:04","h":"Nord","s":"25S-H59S200F-81-F2"},{"r":"131","t":"17:25:04","h":"Nord","s":"25N-H59N000A-80-A"},{"r":"131","t":"17:25:04","h":"Nord","s":"25N-H59NV10A-80-A"},{"r":"131","t":"17:25:04","h":"Nord","s":"25N-H59VN20A-80-A"},{"r":"131","t":"17:25:04","h":"Nord","s":"25S-H59S000A-81-A"},{"r":"131","t":"17:43:04","h":"Nord","s":"25N-H59N000I-80-I"},{"r":"131","t":"17:43:04","h":"Nord","s":"25N-H59N100F-80-F1"},{"r":"131","t":"17:43:04","h":"Nord","s":"25N-H59N200F-81-F2"},{"r":"131","t":"17:43:04","h":"Nord","s":"25N-H59N300F-80-F3"},{"r":"131","t":"17:43:04","h":"Nord","s":"25N-H59N400F-80-F4"},{"r":"131","t":"17:43:04","h":"Nord","s":"25N-H59NV10I-80-I"},{"r":"131","t":"17:43:04","h":"Nord","s":"25N-H59NV20I-80-I"},{"r":"131","t":"17:43:04","h":"Nord","s":"25S-H59S000I-81-I"},{"r":"131","t":"17:43:04","h":"Nord","s":"25S-H59S100F-81-F1"},{"r":"131","t":"17:43:04","h":"Nord","s":"25S-H59S200F-81-F2"},{"r":"131","t":"17:43:09","h":"Nord","s":"25N-H59N000S-80-S"},{"r":"131","t":"17:43:09","h":"Nord","s":"25N-H59NV10S-84-S"},{"r":"131","t":"17:43:09","h":"Nord","s":"25N-H59NV20S-80-S"},{"r":"131","t":"17:43:09","h":"Nord","s":"25S-H59S000S-81-S"},{"r":"131","t":"17:45:04","h":"Nord","s":"25N-H59N000A-80-A"},{"r":"131","t":"17:45:04","h":"Nord","s":"25N-H59NV10A-80-A"},{"r":"131","t":"17:45:04","h":"Nord","s":"25N-H59VN20A-80-A"},{"r":"131","t":"17:45:04","h":"Nord","s":"25S-H59S000A-81-A"},{"r":"131","t":"18:03:04","h":"Nord","s":"25N-H59N000I-80-I"},{"r":"131","t":"18:03:04","h":"Nord","s":"25N-H59N100F-80-F1"},{"r":"131","t":"18:03:04","h":"Nord","s":"25N-H59N200F-81-F2"},{"r":"131","t":"18:03:04","h":"Nord","s":"25N-H59N300F-80-F3"},{"r":"131","t":"18:03:04","h":"Nord","s":"25N-H59N400F-80-F4"},{"r":"131","t":"18:03:04","h":"Nord","s":"25N-H59NV10I-80-I"},{"r":"131","t":"18:03:04","h":"Nord","s":"25N-H59NV20I-80-I"},{"r":"131","t":"18:03:04","h":"Nord","s":"25S-H59S000I-81-I"},{"r":"131","t":"18:03:04","h":"Nord","s":"25S-H59S100F-81-F1"},{"r":"131","t":"18:03:04","h":"Nord","s":"25S-H59S200F-81-F2"},{"r":"131","t":"18:04:09","h":"Nord","s":"25N-H59N000S-80-S"},{"r":"131","t":"18:04:09","h":"Nord","s":"25N-H59NV10S-84-S"},{"r":"131","t":"18:04:09","h":"Nord","s":"25N-H59NV20S-80-S"},{"r":"131","t":"18:04:09","h":"Nord","s":"25S-H59S000S-81-S"},{"r":"131","t":"18:05:04","h":"Nord","s":"25N-H59N000A-80-A"},{"r":"131","t":"18:05:04","h":"Nord","s":"25N-H59NV10A-80-A"},{"r":"131","t":"18:05:04","h":"Nord","s":"25N-H59VN20A-80-A"},{"r":"131","t":"18:05:04","h":"Nord","s":"25S-H59S000A-81-A"},{"r":"131","t":"18:23:04","h":"Nord","s":"25N-H59N000I-80-I"},{"r":"131","t":"18:23:04","h":"Nord","s":"25N-H59N100F-80-F1"},{"r":"131","t":"18:23:04","h":"Nord","s":"25N-H59N200F-81-F2"},{"r":"131","t":"18:23:04","h":"Nord","s":"25N-H59N300F-80-F3"},{"r":"131","t":"18:23:04","h":"Nord","s":"25N-H59N400F-80-F4"},{"r":"131","t":"18:23:04","h":"Nord","s":"25N-H59NV10I-80-I"},{"r":"131","t":"18:23:04","h":"Nord","s":"25N-H59NV20I-80-I"},{"r":"131","t":"18:23:04","h":"Nord","s":"25S-H59S000I-81-I"},{"r":"131","t":"18:23:04","h":"Nord","s":"25S-H59S100F-81-F1"},{"r":"131","t":"18:23:04","h":"Nord","s":"25S-H59S200F-81-F2"},{"r":"131","t":"18:23:09","h":"Nord","s":"25N-H59N000S-80-S"},{"r":"131","t":"18:23:09","h":"Nord","s":"25N-H59NV10S-84-S"},{"r":"131","t":"18:23:09","h":"Nord","s":"25N-H59NV20S-80-S"},{"r":"131","t":"18:23:09","h":"Nord","s":"25S-H59S000S-81-S"},{"r":"131","t":"18:25:04","h":"Nord","s":"25N-H59N000A-80-A"},{"r":"131","t":"18:25:04","h":"Nord","s":"25N-H59NV10A-80-A"},{"r":"131","t":"18:25:04","h":"Nord","s":"25N-H59VN20A-80-A"},{"r":"131","t":"18:25:04","h":"Nord","s":"25S-H59S000A-81-A"},{"r":"131","t":"18:43:04","h":"Nord","s":"25N-H59N000I-80-I"},{"r":"131","t":"18:43:04","h":"Nord","s":"25N-H59N100F-80-F1"},{"r":"131","t":"18:43:04","h":"Nord","s":"25N-H59N200F-81-F2"},{"r":"131","t":"18:43:04","h":"Nord","s":"25N-H59N300F-80-F3"},{"r":"131","t":"18:43:04","h":"Nord","s":"25N-H59N400F-80-F4"},{"r":"131","t":"18:43:04","h":"Nord","s":"25N-H59NV10I-80-I"},{"r":"131","t":"18:43:04","h":"Nord","s":"25N-H59NV20I-80-I"},{"r":"131","t":"18:43:04","h":"Nord","s":"25S-H59S000I-81-I"},{"r":"131","t":"18:43:04","h":"Nord","s":"25S-H59S100F-81-F1"},{"r":"131","t":"18:43:04","h":"Nord","s":"25S-H59S200F-81-F2"},{"r":"131","t":"18:45:04","h":"Nord","s":"25N-H59N000A-80-A"},{"r":"131","t":"18:45:04","h":"Nord","s":"25N-H59NV10A-80-A"},{"r":"131","t":"18:45:04","h":"Nord","s":"25N-H59VN20A-80-A"},{"r":"131","t":"18:45:04","h":"Nord","s":"25S-H59S000A-81-A"},{"r":"131","t":"18:48:09","h":"Nord","s":"25N-H59N000S-80-S"},{"r":"131","t":"18:48:09","h":"Nord","s":"25N-H59NV10S-84-S"},{"r":"131","t":"18:48:09","h":"Nord","s":"25N-H59NV20S-80-S"},{"r":"131","t":"18:48:09","h":"Nord","s":"25S-H59S000S-81-S"},{"r":"131","t":"19:03:04","h":"Nord","s":"25N-H59N000I-80-I"},{"r":"131","t":"19:03:04","h":"Nord","s":"25N-H59N100F-80-F1"},{"r":"131","t":"19:03:04","h":"Nord","s":"25N-H59N200F-81-F2"},{"r":"131","t":"19:03:04","h":"Nord","s":"25N-H59N300F-80-F3"},{"r":"131","t":"19:03:04","h":"Nord","s":"25N-H59N400F-80-F4"},{"r":"131","t":"19:03:04","h":"Nord","s":"25N-H59NV10I-80-I"},{"r":"131","t":"19:03:04","h":"Nord","s":"25N-H59NV20I-80-I"},{"r":"131","t":"19:03:04","h":"Nord","s":"25S-H59S000I-81-I"},{"r":"131","t":"19:03:04","h":"Nord","s":"25S-H59S100F-81-F1"},{"r":"131","t":"19:03:04","h":"Nord","s":"25S-H59S200F-81-F2"},{"r":"131","t":"19:05:04","h":"Nord","s":"25N-H59N000A-80-A"},{"r":"131","t":"19:05:04","h":"Nord","s":"25N-H59NV10A-80-A"},{"r":"131","t":"19:05:04","h":"Nord","s":"25N-H59VN20A-80-A"},{"r":"131","t":"19:05:04","h":"Nord","s":"25S-H59S000A-81-A"},{"r":"131","t":"19:17:37","h":"Nord","s":"25N-H59N000S-80-S"},{"r":"131","t":"19:17:37","h":"Nord","s":"25N-H59NV10S-84-S"},{"r":"131","t":"19:17:37","h":"Nord","s":"25N-H59NV20S-80-S"},{"r":"131","t":"19:17:37","h":"Nord","s":"25S-H59S000S-81-S"},{"r":"131","t":"19:23:04","h":"Nord","s":"25N-H59N000I-80-I"},{"r":"131","t":"19:23:04","h":"Nord","s":"25N-H59N100F-80-F1"},{"r":"131","t":"19:23:04","h":"Nord","s":"25N-H59N200F-81-F2"},{"r":"131","t":"19:23:04","h":"Nord","s":"25N-H59N300F-80-F3"},{"r":"131","t":"19:23:04","h":"Nord","s":"25N-H59N400F-80-F4"},{"r":"131","t":"19:23:04","h":"Nord","s":"25N-H59NV10I-80-I"},{"r":"131","t":"19:23:04","h":"Nord","s":"25N-H59NV20I-80-I"},{"r":"131","t":"19:23:04","h":"Nord","s":"25S-H59S000I-81-I"},{"r":"131","t":"19:23:04","h":"Nord","s":"25S-H59S100F-81-F1"},{"r":"131","t":"19:23:04","h":"Nord","s":"25S-H59S200F-81-F2"},{"r":"131","t":"19:25:04","h":"Nord","s":"25N-H59N000A-80-A"},{"r":"131","t":"19:25:04","h":"Nord","s":"25N-H59NV10A-80-A"},{"r":"131","t":"19:25:04","h":"Nord","s":"25N-H59VN20A-80-A"},{"r":"131","t":"19:25:04","h":"Nord","s":"25S-H59S000A-81-A"},{"r":"131","t":"19:43:04","h":"Nord","s":"25N-H59N000I-80-I"},{"r":"131","t":"19:43:04","h":"Nord","s":"25N-H59N100F-80-F1"},{"r":"131","t":"19:43:04","h":"Nord","s":"25N-H59N200F-81-F2"},{"r":"131","t":"19:43:04","h":"Nord","s":"25N-H59N300F-80-F3"},{"r":"131","t":"19:43:04","h":"Nord","s":"25N-H59N400F-80-F4"},{"r":"131","t":"19:43:04","h":"Nord","s":"25N-H59NV10I-80-I"},{"r":"131","t":"19:43:04","h":"Nord","s":"25N-H59NV20I-80-I"},{"r":"131","t":"19:43:04","h":"Nord","s":"25S-H59S000I-81-I"},{"r":"131","t":"19:43:04","h":"Nord","s":"25S-H59S100F-81-F1"},{"r":"131","t":"19:43:04","h":"Nord","s":"25S-H59S200F-81-F2"},{"r":"131","t":"19:45:04","h":"Nord","s":"25N-H59N000A-80-A"},{"r":"131","t":"19:45:04","h":"Nord","s":"25N-H59NV10A-80-A"},{"r":"131","t":"19:45:04","h":"Nord","s":"25N-H59VN20A-80-A"},{"r":"131","t":"19:45:04","h":"Nord","s":"25S-H59S000A-81-A"},{"r":"131","t":"19:47:37","h":"Nord","s":"25N-H54N000S-80-S"},{"r":"131","t":"19:47:37","h":"Nord","s":"25N-H54NV10S-82-S"},{"r":"131","t":"19:47:37","h":"Nord","s":"25N-H54NV20S-80-S"},{"r":"131","t":"19:47:37","h":"Nord","s":"25S-H54S000S-82-S"},{"r":"131","t":"20:03:04","h":"Nord","s":"25N-H59N000I-80-I"},{"r":"131","t":"20:03:04","h":"Nord","s":"25N-H59N100F-80-F1"},{"r":"131","t":"20:03:04","h":"Nord","s":"25N-H59N200F-81-F2"},{"r":"131","t":"20:03:04","h":"Nord","s":"25N-H59N300F-80-F3"},{"r":"131","t":"20:03:04","h":"Nord","s":"25N-H59N400F-80-F4"},{"r":"131","t":"20:03:04","h":"Nord","s":"25N-H59NV10I-80-I"},{"r":"131","t":"20:03:04","h":"Nord","s":"25N-H59NV20I-80-I"},{"r":"131","t":"20:03:04","h":"Nord","s":"25S-H59S000I-81-I"},{"r":"131","t":"20:03:04","h":"Nord","s":"25S-H59S100F-81-F1"},{"r":"131","t":"20:03:04","h":"Nord","s":"25S-H59S200F-81-F2"},{"r":"131","t":"20:05:04","h":"Nord","s":"25N-H59N000A-80-A"},{"r":"131","t":"20:05:04","h":"Nord","s":"25N-H59NV10A-80-A"},{"r":"131","t":"20:05:04","h":"Nord","s":"25N-H59VN20A-80-A"},{"r":"131","t":"20:05:04","h":"Nord","s":"25S-H59S000A-81-A"},{"r":"131","t":"20:18:37","h":"Nord","s":"25N-H59N000S-80-S"},{"r":"131","t":"20:18:37","h":"Nord","s":"25N-H59NV10S-84-S"},{"r":"131","t":"20:18:37","h":"Nord","s":"25N-H59NV20S-80-S"},{"r":"131","t":"20:18:37","h":"Nord","s":"25S-H59S000S-81-S"},{"r":"131","t":"20:23:04","h":"Nord","s":"25N-H59N000I-80-I"},{"r":"131","t":"20:23:04","h":"Nord","s":"25N-H59N100F-80-F1"},{"r":"131","t":"20:23:04","h":"Nord","s":"25N-H59N200F-81-F2"},{"r":"131","t":"20:23:04","h":"Nord","s":"25N-H59N300F-80-F3"},{"r":"131","t":"20:23:04","h":"Nord","s":"25N-H59N400F-80-F4"},{"r":"131","t":"20:23:04","h":"Nord","s":"25N-H59NV10I-80-I"},{"r":"131","t":"20:23:04","h":"Nord","s":"25N-H59NV20I-80-I"},{"r":"131","t":"20:23:04","h":"Nord","s":"25S-H59S000I-81-I"},{"r":"131","t":"20:23:04","h":"Nord","s":"25S-H59S100F-81-F1"},{"r":"131","t":"20:23:04","h":"Nord","s":"25S-H59S200F-81-F2"},{"r":"131","t":"20:25:04","h":"Nord","s":"25N-H59N000A-80-A"},{"r":"131","t":"20:25:04","h":"Nord","s":"25N-H59NV10A-80-A"},{"r":"131","t":"20:25:04","h":"Nord","s":"25N-H59VN20A-80-A"},{"r":"131","t":"20:25:04","h":"Nord","s":"25S-H59S000A-81-A"},{"r":"131","t":"20:43:04","h":"Nord","s":"25N-H59N000I-80-I"},{"r":"131","t":"20:43:04","h":"Nord","s":"25N-H59N100F-80-F1"},{"r":"131","t":"20:43:04","h":"Nord","s":"25N-H59N200F-81-F2"},{"r":"131","t":"20:43:04","h":"Nord","s":"25N-H59N300F-80-F3"},{"r":"131","t":"20:43:04","h":"Nord","s":"25N-H59N400F-80-F4"},{"r":"131","t":"20:43:04","h":"Nord","s":"25N-H59NV10I-80-I"},{"r":"131","t":"20:43:04","h":"Nord","s":"25N-H59NV20I-80-I"},{"r":"131","t":"20:43:04","h":"Nord","s":"25S-H59S000I-81-I"},{"r":"131","t":"20:43:04","h":"Nord","s":"25S-H59S100F-81-F1"},{"r":"131","t":"20:43:04","h":"Nord","s":"25S-H59S200F-81-F2"},{"r":"131","t":"20:45:04","h":"Nord","s":"25N-H59N000A-80-A"},{"r":"131","t":"20:45:04","h":"Nord","s":"25N-H59NV10A-80-A"},{"r":"131","t":"20:45:04","h":"Nord","s":"25N-H59VN20A-80-A"},{"r":"131","t":"20:45:04","h":"Nord","s":"25S-H59S000A-81-A"},{"r":"131","t":"20:50:37","h":"Nord","s":"25N-H59N000S-80-S"},{"r":"131","t":"20:50:37","h":"Nord","s":"25N-H59NV10S-84-S"},{"r":"131","t":"20:50:37","h":"Nord","s":"25N-H59NV20S-80-S"},{"r":"131","t":"20:50:37","h":"Nord","s":"25S-H59S000S-81-S"},{"r":"131","t":"21:03:04","h":"Nord","s":"25N-H59N000I-80-I"},{"r":"131","t":"21:03:04","h":"Nord","s":"25N-H59N100F-80-F1"},{"r":"131","t":"21:03:04","h":"Nord","s":"25N-H59N200F-81-F2"},{"r":"131","t":"21:03:04","h":"Nord","s":"25N-H59N300F-80-F3"},{"r":"131","t":"21:03:04","h":"Nord","s":"25N-H59N400F-80-F4"},{"r":"131","t":"21:03:04","h":"Nord","s":"25N-H59NV10I-80-I"},{"r":"131","t":"21:03:04","h":"Nord","s":"25N-H59NV20I-80-I"},{"r":"131","t":"21:03:04","h":"Nord","s":"25S-H59S000I-81-I"},{"r":"131","t":"21:03:04","h":"Nord","s":"25S-H59S100F-81-F1"},{"r":"131","t":"21:03:04","h":"Nord","s":"25S-H59S200F-81-F2"},{"r":"131","t":"21:05:04","h":"Nord","s":"25N-H59N000A-80-A"},{"r":"131","t":"21:05:04","h":"Nord","s":"25N-H59NV10A-80-A"},{"r":"131","t":"21:05:04","h":"Nord","s":"25N-H59VN20A-80-A"},{"r":"131","t":"21:05:04","h":"Nord","s":"25S-H59S000A-81-A"},{"r":"131","t":"21:21:37","h":"Nord","s":"25N-H59N000S-80-S"},{"r":"131","t":"21:21:37","h":"Nord","s":"25N-H59NV10S-84-S"},{"r":"131","t":"21:21:37","h":"Nord","s":"25N-H59NV20S-80-S"},{"r":"131","t":"21:21:37","h":"Nord","s":"25S-H59S000S-81-S"},{"r":"131","t":"21:23:04","h":"Nord","s":"25N-H59N000I-80-I"},{"r":"131","t":"21:23:04","h":"Nord","s":"25N-H59N100F-80-F1"},{"r":"131","t":"21:23:04","h":"Nord","s":"25N-H59N200F-81-F2"},{"r":"131","t":"21:23:04","h":"Nord","s":"25N-H59N300F-80-F3"},{"r":"131","t":"21:23:04","h":"Nord","s":"25N-H59N400F-80-F4"},{"r":"131","t":"21:23:04","h":"Nord","s":"25N-H59NV10I-80-I"},{"r":"131","t":"21:23:04","h":"Nord","s":"25N-H59NV20I-80-I"},{"r":"131","t":"21:23:04","h":"Nord","s":"25S-H59S000I-81-I"},{"r":"131","t":"21:23:04","h":"Nord","s":"25S-H59S100F-81-F1"},{"r":"131","t":"21:23:04","h":"Nord","s":"25S-H59S200F-81-F2"},{"r":"131","t":"21:25:04","h":"Nord","s":"25N-H59N000A-80-A"},{"r":"131","t":"21:25:04","h":"Nord","s":"25N-H59NV10A-80-A"},{"r":"131","t":"21:25:04","h":"Nord","s":"25N-H59VN20A-80-A"},{"r":"131","t":"21:25:04","h":"Nord","s":"25S-H59S000A-81-A"},{"r":"131","t":"21:43:04","h":"Nord","s":"25N-H59N000I-80-I"},{"r":"131","t":"21:43:04","h":"Nord","s":"25N-H59N100F-80-F1"},{"r":"131","t":"21:43:04","h":"Nord","s":"25N-H59N200F-81-F2"},{"r":"131","t":"21:43:04","h":"Nord","s":"25N-H59N300F-80-F3"},{"r":"131","t":"21:43:04","h":"Nord","s":"25N-H59N400F-80-F4"},{"r":"131","t":"21:43:04","h":"Nord","s":"25N-H59NV10I-80-I"},{"r":"131","t":"21:43:04","h":"Nord","s":"25N-H59NV20I-80-I"},{"r":"131","t":"21:43:04","h":"Nord","s":"25S-H59S000I-81-I"},{"r":"131","t":"21:43:04","h":"Nord","s":"25S-H59S100F-81-F1"},{"r":"131","t":"21:43:04","h":"Nord","s":"25S-H59S200F-81-F2"},{"r":"131","t":"21:45:04","h":"Nord","s":"25N-H59N000A-80-A"},{"r":"131","t":"21:45:04","h":"Nord","s":"25N-H59NV10A-80-A"},{"r":"131","t":"21:45:04","h":"Nord","s":"25N-H59VN20A-80-A"},{"r":"131","t":"21:45:04","h":"Nord","s":"25S-H59S000A-81-A"},{"r":"131","t":"21:51:37","h":"Nord","s":"25N-H59N000S-80-S"},{"r":"131","t":"21:51:37","h":"Nord","s":"25N-H59NV10S-84-S"},{"r":"131","t":"21:51:37","h":"Nord","s":"25N-H59NV20S-80-S"},{"r":"131","t":"21:51:37","h":"Nord","s":"25S-H59S000S-81-S"},{"r":"131","t":"22:03:04","h":"Nord","s":"25N-H59N000I-80-I"},{"r":"131","t":"22:03:04","h":"Nord","s":"25N-H59N100F-80-F1"},{"r":"131","t":"22:03:04","h":"Nord","s":"25N-H59N200F-81-F2"},{"r":"131","t":"22:03:04","h":"Nord","s":"25N-H59N300F-80-F3"},{"r":"131","t":"22:03:04","h":"Nord","s":"25N-H59N400F-80-F4"},{"r":"131","t":"22:03:04","h":"Nord","s":"25N-H59NV10I-80-I"},{"r":"131","t":"22:03:04","h":"Nord","s":"25N-H59NV20I-80-I"},{"r":"131","t":"22:03:04","h":"Nord","s":"25S-H59S000I-81-I"},{"r":"131","t":"22:03:04","h":"Nord","s":"25S-H59S100F-81-F1"},{"r":"131","t":"22:03:04","h":"Nord","s":"25S-H59S200F-81-F2"},{"r":"131","t":"22:05:04","h":"Nord","s":"25N-H59N000A-80-A"},{"r":"131","t":"22:05:04","h":"Nord","s":"25N-H59NV10A-80-A"},{"r":"131","t":"22:05:04","h":"Nord","s":"25N-H59VN20A-80-A"},{"r":"131","t":"22:05:04","h":"Nord","s":"25S-H59S000A-81-A"},{"r":"131","t":"22:22:37","h":"Nord","s":"25N-H59N000S-80-S"},{"r":"131","t":"22:22:37","h":"Nord","s":"25N-H59NV10S-84-S"},{"r":"131","t":"22:22:37","h":"Nord","s":"25N-H59NV20S-80-S"},{"r":"131","t":"22:22:37","h":"Nord","s":"25S-H59S000S-81-S"},{"r":"131","t":"22:23:04","h":"Nord","s":"25N-H59N000I-80-I"},{"r":"131","t":"22:23:04","h":"Nord","s":"25N-H59N100F-80-F1"},{"r":"131","t":"22:23:04","h":"Nord","s":"25N-H59N200F-81-F2"},{"r":"131","t":"22:23:04","h":"Nord","s":"25N-H59N300F-80-F3"},{"r":"131","t":"22:23:04","h":"Nord","s":"25N-H59N400F-80-F4"},{"r":"131","t":"22:23:04","h":"Nord","s":"25N-H59NV10I-80-I"},{"r":"131","t":"22:23:04","h":"Nord","s":"25N-H59NV20I-80-I"},{"r":"131","t":"22:23:04","h":"Nord","s":"25S-H59S000I-81-I"},{"r":"131","t":"22:23:04","h":"Nord","s":"25S-H59S100F-81-F1"},{"r":"131","t":"22:23:04","h":"Nord","s":"25S-H59S200F-81-F2"},{"r":"131","t":"22:25:04","h":"Nord","s":"25N-H59N000A-80-A"},{"r":"131","t":"22:25:04","h":"Nord","s":"25N-H59NV10A-80-A"},{"r":"131","t":"22:25:04","h":"Nord","s":"25N-H59VN20A-80-A"},{"r":"131","t":"22:25:04","h":"Nord","s":"25S-H59S000A-81-A"},{"r":"131","t":"22:43:04","h":"Nord","s":"25N-H59N000I-80-I"},{"r":"131","t":"22:43:04","h":"Nord","s":"25N-H59N100F-80-F1"},{"r":"131","t":"22:43:04","h":"Nord","s":"25N-H59N200F-81-F2"},{"r":"131","t":"22:43:04","h":"Nord","s":"25N-H59N300F-80-F3"},{"r":"131","t":"22:43:04","h":"Nord","s":"25N-H59N400F-80-F4"},{"r":"131","t":"22:43:04","h":"Nord","s":"25N-H59NV10I-80-I"},{"r":"131","t":"22:43:04","h":"Nord","s":"25N-H59NV20I-80-I"},{"r":"131","t":"22:43:04","h":"Nord","s":"25S-H59S000I-81-I"},{"r":"131","t":"22:43:04","h":"Nord","s":"25S-H59S100F-81-F1"},{"r":"131","t":"22:43:04","h":"Nord","s":"25S-H59S200F-81-F2"},{"r":"131","t":"22:44:04","h":"Nord","s":"25N-H59N000A-80-A"},{"r":"131","t":"22:44:04","h":"Nord","s":"25N-H59NV10A-80-A"},{"r":"131","t":"22:44:04","h":"Nord","s":"25N-H59VN20A-80-A"},{"r":"131","t":"22:44:04","h":"Nord","s":"25S-H59S000A-81-A"},{"r":"131","t":"22:53:37","h":"Nord","s":"25N-H59N000S-80-S"},{"r":"131","t":"22:53:37","h":"Nord","s":"25N-H59NV10S-84-S"},{"r":"131","t":"22:53:37","h":"Nord","s":"25N-H59NV20S-80-S"},{"r":"131","t":"22:53:37","h":"Nord","s":"25S-H59S000S-81-S"},{"r":"131","t":"23:03:04","h":"Nord","s":"25N-H59N000A-80-A"},{"r":"131","t":"23:03:04","h":"Nord","s":"25N-H59N000I-80-I"},{"r":"131","t":"23:03:04","h":"Nord","s":"25N-H59N100F-80-F1"},{"r":"131","t":"23:03:04","h":"Nord","s":"25N-H59N200F-81-F2"},{"r":"131","t":"23:03:04","h":"Nord","s":"25N-H59N300F-80-F3"},{"r":"131","t":"23:03:04","h":"Nord","s":"25N-H59N400F-80-F4"},{"r":"131","t":"23:03:04","h":"Nord","s":"25N-H59NV10A-80-A"},{"r":"131","t":"23:03:04","h":"Nord","s":"25N-H59NV10I-80-I"},{"r":"131","t":"23:03:04","h":"Nord","s":"25N-H59NV20I-80-I"},{"r":"131","t":"23:03:04","h":"Nord","s":"25N-H59VN20A-80-A"},{"r":"131","t":"23:03:04","h":"Nord","s":"25S-H59S000A-81-A"},{"r":"131","t":"23:03:04","h":"Nord","s":"25S-H59S000I-81-I"},{"r":"131","t":"23:03:04","h":"Nord","s":"25S-H59S100F-81-F1"},{"r":"131","t":"23:03:04","h":"Nord","s":"25S-H59S200F-81-F2"},{"r":"131","t":"23:21:04","h":"Nord","s":"25N-H59N000A-80-A"},{"r":"131","t":"23:21:04","h":"Nord","s":"25N-H59NV10A-80-A"},{"r":"131","t":"23:21:04","h":"Nord","s":"25N-H59VN20A-80-A"},{"r":"131","t":"23:21:04","h":"Nord","s":"25S-H59S000A-81-A"},{"r":"131","t":"23:23:04","h":"Nord","s":"25N-H59N000I-80-I"},{"r":"131","t":"23:23:04","h":"Nord","s":"25N-H59N100F-80-F1"},{"r":"131","t":"23:23:04","h":"Nord","s":"25N-H59N200F-81-F2"},{"r":"131","t":"23:23:04","h":"Nord","s":"25N-H59N300F-80-F3"},{"r":"131","t":"23:23:04","h":"Nord","s":"25N-H59N400F-80-F4"},{"r":"131","t":"23:23:04","h":"Nord","s":"25N-H59NV10I-80-I"},{"r":"131","t":"23:23:04","h":"Nord","s":"25N-H59NV20I-80-I"},{"r":"131","t":"23:23:04","h":"Nord","s":"25S-H59S000I-81-I"},{"r":"131","t":"23:23:04","h":"Nord","s":"25S-H59S100F-81-F1"},{"r":"131","t":"23:23:04","h":"Nord","s":"25S-H59S200F-81-F2"},{"r":"131","t":"23:25:37","h":"Nord","s":"25N-H59N000S-80-S"},{"r":"131","t":"23:25:37","h":"Nord","s":"25N-H59NV10S-84-S"},{"r":"131","t":"23:25:37","h":"Nord","s":"25N-H59NV20S-80-S"},{"r":"131","t":"23:25:37","h":"Nord","s":"25S-H59S000S-81-S"},{"r":"131","t":"23:39:04","h":"Nord","s":"25N-H59N000A-80-A"},{"r":"131","t":"23:39:04","h":"Nord","s":"25N-H59NV10A-80-A"},{"r":"131","t":"23:39:04","h":"Nord","s":"25N-H59VN20A-80-A"},{"r":"131","t":"23:39:04","h":"Nord","s":"25S-H59S000A-81-A"},{"r":"131","t":"23:43:04","h":"Nord","s":"25N-H59N000I-80-I"},{"r":"131","t":"23:43:04","h":"Nord","s":"25N-H59N100F-80-F1"},{"r":"131","t":"23:43:04","h":"Nord","s":"25N-H59N200F-81-F2"},{"r":"131","t":"23:43:04","h":"Nord","s":"25N-H59N300F-80-F3"},{"r":"131","t":"23:43:04","h":"Nord","s":"25N-H59N400F-80-F4"},{"r":"131","t":"23:43:04","h":"Nord","s":"25N-H59NV10I-80-I"},{"r":"131","t":"23:43:04","h":"Nord","s":"25N-H59NV20I-80-I"},{"r":"131","t":"23:43:04","h":"Nord","s":"25S-H59S000I-81-I"},{"r":"131","t":"23:43:04","h":"Nord","s":"25S-H59S100F-81-F1"},{"r":"131","t":"23:43:04","h":"Nord","s":"25S-H59S200F-81-F2"},{"r":"131","t":"23:56:04","h":"Nord","s":"25N-H59N000A-80-A"},{"r":"131","t":"23:56:04","h":"Nord","s":"25N-H59NV10A-80-A"},{"r":"131","t":"23:56:04","h":"Nord","s":"25N-H59VN20A-80-A"},{"r":"131","t":"23:56:04","h":"Nord","s":"25S-H59S000A-81-A"},{"r":"131","t":"23:56:37","h":"Nord","s":"25N-H59N000S-80-S"},{"r":"131","t":"23:56:37","h":"Nord","s":"25N-H59NV10S-84-S"},{"r":"131","t":"23:56:37","h":"Nord","s":"25N-H59NV20S-80-S"},{"r":"131","t":"23:56:37","h":"Nord","s":"25S-H59S000S-81-S"},{"r":"131","t":"24:03:04","h":"Nord","s":"25N-H59N000I-80-I"},{"r":"131","t":"24:03:04","h":"Nord","s":"25N-H59N100F-80-F1"},{"r":"131","t":"24:03:04","h":"Nord","s":"25N-H59N200F-81-F2"},{"r":"131","t":"24:03:04","h":"Nord","s":"25N-H59N300F-80-F3"},{"r":"131","t":"24:03:04","h":"Nord","s":"25N-H59N400F-80-F4"},{"r":"131","t":"24:03:04","h":"Nord","s":"25N-H59NV10I-80-I"},{"r":"131","t":"24:03:04","h":"Nord","s":"25N-H59NV20I-80-I"},{"r":"131","t":"24:03:04","h":"Nord","s":"25S-H59S000I-81-I"},{"r":"131","t":"24:03:04","h":"Nord","s":"25S-H59S100F-81-F1"},{"r":"131","t":"24:03:04","h":"Nord","s":"25S-H59S200F-81-F2"},{"r":"131","t":"24:19:04","h":"Nord","s":"25N-H59N000A-80-A"},{"r":"131","t":"24:19:04","h":"Nord","s":"25N-H59NV10A-80-A"},{"r":"131","t":"24:19:04","h":"Nord","s":"25N-H59VN20A-80-A"},{"r":"131","t":"24:19:04","h":"Nord","s":"25S-H59S000A-81-A"},{"r":"131","t":"24:22:04","h":"Nord","s":"25N-H59N000I-80-I"},{"r":"131","t":"24:22:04","h":"Nord","s":"25N-H59N100F-80-F1"},{"r":"131","t":"24:22:04","h":"Nord","s":"25N-H59N200F-81-F2"},{"r":"131","t":"24:22:04","h":"Nord","s":"25N-H59N300F-80-F3"},{"r":"131","t":"24:22:04","h":"Nord","s":"25N-H59N400F-80-F4"},{"r":"131","t":"24:22:04","h":"Nord","s":"25N-H59NV10I-80-I"},{"r":"131","t":"24:22:04","h":"Nord","s":"25N-H59NV20I-80-I"},{"r":"131","t":"24:22:04","h":"Nord","s":"25S-H59S000I-81-I"},{"r":"131","t":"24:22:04","h":"Nord","s":"25S-H59S100F-81-F1"},{"r":"131","t":"24:22:04","h":"Nord","s":"25S-H59S200F-81-F2"},{"r":"131","t":"24:25:37","h":"Nord","s":"25N-H59N000S-80-S"},{"r":"131","t":"24:25:37","h":"Nord","s":"25N-H59NV10S-84-S"},{"r":"131","t":"24:25:37","h":"Nord","s":"25N-H59NV20S-80-S"},{"r":"131","t":"24:25:37","h":"Nord","s":"25S-H59S000S-81-S"},{"r":"131","t":"24:42:04","h":"Nord","s":"25N-H59N000A-80-A"},{"r":"131","t":"24:42:04","h":"Nord","s":"25N-H59N000I-80-I"},{"r":"131","t":"24:42:04","h":"Nord","s":"25N-H59N100F-80-F1"},{"r":"131","t":"24:42:04","h":"Nord","s":"25N-H59N200F-81-F2"},{"r":"131","t":"24:42:04","h":"Nord","s":"25N-H59N300F-80-F3"},{"r":"131","t":"24:42:04","h":"Nord","s":"25N-H59N400F-80-F4"},{"r":"131","t":"24:42:04","h":"Nord","s":"25N-H59NV10A-80-A"},{"r":"131","t":"24:42:04","h":"Nord","s":"25N-H59NV10I-80-I"},{"r":"131","t":"24:42:04","h":"Nord","s":"25N-H59NV20I-80-I"},{"r":"131","t":"24:42:04","h":"Nord","s":"25N-H59VN20A-80-A"},{"r":"131","t":"24:42:04","h":"Nord","s":"25S-H59S000A-81-A"},{"r":"131","t":"24:42:04","h":"Nord","s":"25S-H59S000I-81-I"},{"r":"131","t":"24:42:04","h":"Nord","s":"25S-H59S100F-81-F1"},{"r":"131","t":"24:42:04","h":"Nord","s":"25S-H59S200F-81-F2"},{"r":"131","t":"24:55:37","h":"Nord","s":"25N-H59N000S-80-S"},{"r":"131","t":"24:55:37","h":"Nord","s":"25N-H59NV10S-84-S"},{"r":"131","t":"24:55:37","h":"Nord","s":"25N-H59NV20S-80-S"},{"r":"131","t":"24:55:37","h":"Nord","s":"25S-H59S000S-81-S"},{"r":"131","t":"25:02:04","h":"Nord","s":"25N-H59N000I-80-I"},{"r":"131","t":"25:02:04","h":"Nord","s":"25N-H59N100F-80-F1"},{"r":"131","t":"25:02:04","h":"Nord","s":"25N-H59N200F-81-F2"},{"r":"131","t":"25:02:04","h":"Nord","s":"25N-H59N300F-80-F3"},{"r":"131","t":"25:02:04","h":"Nord","s":"25N-H59N400F-80-F4"},{"r":"131","t":"25:02:04","h":"Nord","s":"25N-H59NV10I-80-I"},{"r":"131","t":"25:02:04","h":"Nord","s":"25N-H59NV20I-80-I"},{"r":"131","t":"25:02:04","h":"Nord","s":"25S-H59S000I-81-I"},{"r":"131","t":"25:02:04","h":"Nord","s":"25S-H59S100F-81-F1"},{"r":"131","t":"25:02:04","h":"Nord","s":"25S-H59S200F-81-F2"},{"r":"131","t":"25:03:04","h":"Nord","s":"25N-H59N000A-80-A"},{"r":"131","t":"25:03:04","h":"Nord","s":"25N-H59NV10A-80-A"},{"r":"131","t":"25:03:04","h":"Nord","s":"25N-H59VN20A-80-A"},{"r":"131","t":"25:03:04","h":"Nord","s":"25S-H59S000A-81-A"},{"r":"131","t":"25:22:04","h":"Nord","s":"25N-H59N000S-80-S"},{"r":"131","t":"25:22:04","h":"Nord","s":"25N-H59NV10S-84-S"},{"r":"131","t":"25:22:04","h":"Nord","s":"25N-H59NV20S-80-S"},{"r":"131","t":"25:22:04","h":"Nord","s":"25S-H59S000S-81-S"},{"r":"131","t":"25:24:04","h":"Nord","s":"25N-H59N000A-80-A"},{"r":"131","t":"25:24:04","h":"Nord","s":"25N-H59NV10A-80-A"},{"r":"131","t":"25:24:04","h":"Nord","s":"25N-H59VN20A-80-A"},{"r":"131","t":"25:24:04","h":"Nord","s":"25S-H59S000A-81-A"},{"r":"131","t":"25:29:04","h":"Nord","s":"25N-H59N000I-80-I"},{"r":"131","t":"25:29:04","h":"Nord","s":"25N-H59N100F-80-F1"},{"r":"131","t":"25:29:04","h":"Nord","s":"25N-H59N200F-81-F2"},{"r":"131","t":"25:29:04","h":"Nord","s":"25N-H59N300F-80-F3"},{"r":"131","t":"25:29:04","h":"Nord","s":"25N-H59N400F-80-F4"},{"r":"131","t":"25:29:04","h":"Nord","s":"25N-H59NV10I-80-I"},{"r":"131","t":"25:29:04","h":"Nord","s":"25N-H59NV20I-80-I"},{"r":"131","t":"25:29:04","h":"Nord","s":"25S-H59S000I-81-I"},{"r":"131","t":"25:29:04","h":"Nord","s":"25S-H59S100F-81-F1"},{"r":"131","t":"25:29:04","h":"Nord","s":"25S-H59S200F-81-F2"},{"r":"131","t":"25:50:32","h":"Nord","s":"25N-H59N000A-80-A"},{"r":"131","t":"25:50:32","h":"Nord","s":"25N-H59NV10A-80-A"},{"r":"131","t":"25:50:32","h":"Nord","s":"25N-H59VN20A-80-A"},{"r":"131","t":"25:50:32","h":"Nord","s":"25S-H59S000A-81-A"}]