[{"r":"94","t":"05:19:22","h":"Nord","s":"25N-H59N000I-80-I"},{"r":"94","t":"05:19:22","h":"Nord","s":"25N-H59N100F-80-F1"},{"r":"94","t":"05:19:22","h":"Nord","s":"25N-H59N200F-81-F2"},{"r":"94","t":"05:19:22","h":"Nord","s":"25N-H59N300F-80-F3"},{"r":"94","t":"05:19:22","h":"Nord","s":"25N-H59N400F-80-F4"},{"r":"94","t":"05:19:22","h":"Nord","s":"25N-H59NV10I-80-I"},{"r":"94","t":"05:19:22","h":"Nord","s":"25N-H59NV20I-80-I"},{"r":"94","t":"05:19:22","h":"Nord","s":"25S-H59S000I-81-I"},{"r":"94","t":"05:19:22","h":"Nord","s":"25S-H59S100F-81-F1"},{"r":"94","t":"05:19:22","h":"Nord","s":"25S-H59S200F-81-F2"},{"r":"94","t":"05:20:10","h":"Nord","s":"25N-H59N000A-80-A"},{"r":"94","t":"05:20:10","h":"Nord","s":"25N-H59NV10A-80-A"},{"r":"94","t":"05:20:10","h":"Nord","s":"25N-H59VN20A-80-A"},{"r":"94","t":"05:20:10","h":"Nord","s":"25S-H59S000A-81-A"},{"r":"94","t":"05:21:10","h":"Nord","s":"25N-H59N000S-80-S"},{"r":"94","t":"05:21:10","h":"Nord","s":"25N-H59NV10S-84-S"},{"r":"94","t":"05:21:10","h":"Nord","s":"25N-H59NV20S-80-S"},{"r":"94","t":"05:21:10","h":"Nord","s":"25S-H59S000S-81-S"},{"r":"94","t":"05:42:22","h":"Nord","s":"25N-H59N000I-80-I"},{"r":"94","t":"05:42:22","h":"Nord","s":"25N-H59N100F-80-F1"},{"r":"94","t":"05:42:22","h":"Nord","s":"25N-H59N200F-81-F2"},{"r":"94","t":"05:42:22","h":"Nord","s":"25N-H59N300F-80-F3"},{"r":"94","t":"05:42:22","h":"Nord","s":"25N-H59N400F-80-F4"},{"r":"94","t":"05:42:22","h":"Nord","s":"25N-H59NV10I-80-I"},{"r":"94","t":"05:42:22","h":"Nord","s":"25N-H59NV20I-80-I"},{"r":"94","t":"05:42:22","h":"Nord","s":"25S-H59S000I-81-I"},{"r":"94","t":"05:42:22","h":"Nord","s":"25S-H59S100F-81-F1"},{"r":"94","t":"05:42:22","h":"Nord","s":"25S-H59S200F-81-F2"},{"r":"94","t":"05:47:10","h":"Nord","s":"25N-H59N000S-80-S"},{"r":"94","t":"05:47:10","h":"Nord","s":"25N-H59NV10S-84-S"},{"r":"94","t":"05:47:10","h":"Nord","s":"25N-H59NV20S-80-S"},{"r":"94","t":"05:47:10","h":"Nord","s":"25S-H59S000S-81-S"},{"r":"94","t":"05:50:10","h":"Nord","s":"25N-H59N000A-80-A"},{"r":"94","t":"05:50:10","h":"Nord","s":"25N-H59NV10A-80-A"},{"r":"94","t":"05:50:10","h":"Nord","s":"25N-H59VN20A-80-A"},{"r":"94","t":"05:50:10","h":"Nord","s":"25S-H59S000A-81-A"},{"r":"94","t":"06:11:22","h":"Nord","s":"25N-H59N000I-80-I"},{"r":"94","t":"06:11:22","h":"Nord","s":"25N-H59N100F-80-F1"},{"r":"94","t":"06:11:22","h":"Nord","s":"25N-H59N200F-81-F2"},{"r":"94","t":"06:11:22","h":"Nord","s":"25N-H59N300F-80-F3"},{"r":"94","t":"06:11:22","h":"Nord","s":"25N-H59N400F-80-F4"},{"r":"94","t":"06:11:22","h":"Nord","s":"25N-H59NV10I-80-I"},{"r":"94","t":"06:11:22","h":"Nord","s":"25N-H59NV20I-80-I"},{"r":"94","t":"06:11:22","h":"Nord","s":"25S-H59S000I-81-I"},{"r":"94","t":"06:11:22","h":"Nord","s":"25S-H59S100F-81-F1"},{"r":"94","t":"06:11:22","h":"Nord","s":"25S-H59S200F-81-F2"},{"r":"94","t":"06:17:10","h":"Nord","s":"25N-H59N000S-80-S"},{"r":"94","t":"06:17:10","h":"Nord","s":"25N-H59NV10S-84-S"},{"r":"94","t":"06:17:10","h":"Nord","s":"25N-H59NV20S-80-S"},{"r":"94","t":"06:17:10","h":"Nord","s":"25S-H59S000S-81-S"},{"r":"94","t":"06:22:10","h":"Nord","s":"25N-H59N000A-80-A"},{"r":"94","t":"06:22:10","h":"Nord","s":"25N-H59NV10A-80-A"},{"r":"94","t":"06:22:10","h":"Nord","s":"25N-H59VN20A-80-A"},{"r":"94","t":"06:22:10","h":"Nord","s":"25S-H59S000A-81-A"},{"r":"94","t":"06:34:10","h":"Nord","s":"25N-H59N000S-80-S"},{"r":"94","t":"06:34:10","h":"Nord","s":"25N-H59NV10S-84-S"},{"r":"94","t":"06:34:10","h":"Nord","s":"25N-H59NV20S-80-S"},{"r":"94","t":"06:34:10","h":"Nord","s":"25S-H59S000S-81-S"},{"r":"94","t":"06:40:22","h":"Nord","s":"25N-H59N000I-80-I"},{"r":"94","t":"06:40:22","h":"Nord","s":"25N-H59N100F-80-F1"},{"r":"94","t":"06:40:22","h":"Nord","s":"25N-H59N200F-81-F2"},{"r":"94","t":"06:40:22","h":"Nord","s":"25N-H59N300F-80-F3"},{"r":"94","t":"06:40:22","h":"Nord","s":"25N-H59N400F-80-F4"},{"r":"94","t":"06:40:22","h":"Nord","s":"25N-H59NV10I-80-I"},{"r":"94","t":"06:40:22","h":"Nord","s":"25N-H59NV20I-80-I"},{"r":"94","t":"06:40:22","h":"Nord","s":"25S-H59S000I-81-I"},{"r":"94","t":"06:40:22","h":"Nord","s":"25S-H59S100F-81-F1"},{"r":"94","t":"06:40:22","h":"Nord","s":"25S-H59S200F-81-F2"},{"r":"94","t":"06:50:10","h":"Nord","s":"25N-H59N000S-80-S"},{"r":"94","t":"06:50:10","h":"Nord","s":"25N-H59NV10S-84-S"},{"r":"94","t":"06:50:10","h":"Nord","s":"25N-H59NV20S-80-S"},{"r":"94","t":"06:50:10","h":"Nord","s":"25S-H59S000S-81-S"},{"r":"94","t":"06:51:10","h":"Nord","s":"25N-H59N000A-80-A"},{"r":"94","t":"06:51:10","h":"Nord","s":"25N-H59NV10A-80-A"},{"r":"94","t":"06:51:10","h":"Nord","s":"25N-H59VN20A-80-A"},{"r":"94","t":"06:51:10","h":"Nord","s":"25S-H59S000A-81-A"},{"r":"94","t":"07:09:22","h":"Nord","s":"25N-H59N000I-80-I"},{"r":"94","t":"07:09:22","h":"Nord","s":"25N-H59N100F-80-F1"},{"r":"94","t":"07:09:22","h":"Nord","s":"25N-H59N200F-81-F2"},{"r":"94","t":"07:09:22","h":"Nord","s":"25N-H59N300F-80-F3"},{"r":"94","t":"07:09:22","h":"Nord","s":"25N-H59N400F-80-F4"},{"r":"94","t":"07:09:22","h":"Nord","s":"25N-H59NV10I-80-I"},{"r":"94","t":"07:09:22","h":"Nord","s":"25N-H59NV20I-80-I"},{"r":"94","t":"07:09:22","h":"Nord","s":"25S-H59S000I-81-I"},{"r":"94","t":"07:09:22","h":"Nord","s":"25S-H59S100F-81-F1"},{"r":"94","t":"07:09:22","h":"Nord","s":"25S-H59S200F-81-F2"},{"r":"94","t":"07:10:45","h":"Nord","s":"25N-H59N000S-80-S"},{"r":"94","t":"07:10:45","h":"Nord","s":"25N-H59NV10S-84-S"},{"r":"94","t":"07:10:45","h":"Nord","s":"25N-H59NV20S-80-S"},{"r":"94","t":"07:10:45","h":"Nord","s":"25S-H59S000S-81-S"},{"r":"94","t":"07:14:10","h":"Nord","s":"25N-H59N000A-80-A"},{"r":"94","t":"07:14:10","h":"Nord","s":"25N-H59NV10A-80-A"},{"r":"94","t":"07:14:10","h":"Nord","s":"25N-H59VN20A-80-A"},{"r":"94","t":"07:14:10","h":"Nord","s":"25S-H59S000A-81-A"},{"r":"94","t":"07:29:45","h":"Nord","s":"25N-H59N000S-80-S"},{"r":"94","t":"07:29:45","h":"Nord","s":"25N-H59NV10S-84-S"},{"r":"94","t":"07:29:45","h":"Nord","s":"25N-H59NV20S-80-S"},{"r":"94","t":"07:29:45","h":"Nord","s":"25S-H59S000S-81-S"},{"r":"94","t":"07:36:22","h":"Nord","s":"25N-H59N000I-80-I"},{"r":"94","t":"07:36:22","h":"Nord","s":"25N-H59N100F-80-F1"},{"r":"94","t":"07:36:22","h":"Nord","s":"25N-H59N200F-81-F2"},{"r":"94","t":"07:36:22","h":"Nord","s":"25N-H59N300F-80-F3"},{"r":"94","t":"07:36:22","h":"Nord","s":"25N-H59N400F-80-F4"},{"r":"94","t":"07:36:22","h":"Nord","s":"25N-H59NV10I-80-I"},{"r":"94","t":"07:36:22","h":"Nord","s":"25N-H59NV20I-80-I"},{"r":"94","t":"07:36:22","h":"Nord","s":"25S-H59S000I-81-I"},{"r":"94","t":"07:36:22","h":"Nord","s":"25S-H59S100F-81-F1"},{"r":"94","t":"07:36:22","h":"Nord","s":"25S-H59S200F-81-F2"},{"r":"94","t":"07:43:10","h":"Nord","s":"25N-H59N000A-80-A"},{"r":"94","t":"07:43:10","h":"Nord","s":"25N-H59NV10A-80-A"},{"r":"94","t":"07:43:10","h":"Nord","s":"25N-H59VN20A-80-A"},{"r":"94","t":"07:43:10","h":"Nord","s":"25S-H59S000A-81-A"},{"r":"94","t":"07:50:45","h":"Nord","s":"25N-H59N000S-80-S"},{"r":"94","t":"07:50:45","h":"Nord","s":"25N-H59NV10S-84-S"},{"r":"94","t":"07:50:45","h":"Nord","s":"25N-H59NV20S-80-S"},{"r":"94","t":"07:50:45","h":"Nord","s":"25S-H59S000S-81-S"},{"r":"94","t":"08:04:57","h":"Nord","s":"25N-H59N000I-80-I"},{"r":"94","t":"08:04:57","h":"Nord","s":"25N-H59N100F-80-F1"},{"r":"94","t":"08:04:57","h":"Nord","s":"25N-H59N200F-81-F2"},{"r":"94","t":"08:04:57","h":"Nord","s":"25N-H59N300F-80-F3"},{"r":"94","t":"08:04:57","h":"Nord","s":"25N-H59N400F-80-F4"},{"r":"94","t":"08:04:57","h":"Nord","s":"25N-H59NV10I-80-I"},{"r":"94","t":"08:04:57","h":"Nord","s":"25N-H59NV20I-80-I"},{"r":"94","t":"08:04:57","h":"Nord","s":"25S-H59S000I-81-I"},{"r":"94","t":"08:04:57","h":"Nord","s":"25S-H59S100F-81-F1"},{"r":"94","t":"08:04:57","h":"Nord","s":"25S-H59S200F-81-F2"},{"r":"94","t":"08:11:10","h":"Nord","s":"25N-H59N000A-80-A"},{"r":"94","t":"08:11:10","h":"Nord","s":"25N-H59NV10A-80-A"},{"r":"94","t":"08:11:10","h":"Nord","s":"25N-H59VN20A-80-A"},{"r":"94","t":"08:11:10","h":"Nord","s":"25S-H59S000A-81-A"},{"r":"94","t":"08:20:45","h":"Nord","s":"25N-H59N000S-80-S"},{"r":"94","t":"08:20:45","h":"Nord","s":"25N-H59NV10S-84-S"},{"r":"94","t":"08:20:45","h":"Nord","s":"25N-H59NV20S-80-S"},{"r":"94","t":"08:20:45","h":"Nord","s":"25S-H59S000S-81-S"},{"r":"94","t":"08:33:57","h":"Nord","s":"25N-H59N000I-80-I"},{"r":"94","t":"08:33:57","h":"Nord","s":"25N-H59N100F-80-F1"},{"r":"94","t":"08:33:57","h":"Nord","s":"25N-H59N200F-81-F2"},{"r":"94","t":"08:33:57","h":"Nord","s":"25N-H59N300F-80-F3"},{"r":"94","t":"08:33:57","h":"Nord","s":"25N-H59N400F-80-F4"},{"r":"94","t":"08:33:57","h":"Nord","s":"25N-H59NV10I-80-I"},{"r":"94","t":"08:33:57","h":"Nord","s":"25N-H59NV20I-80-I"},{"r":"94","t":"08:33:57","h":"Nord","s":"25S-H59S000I-81-I"},{"r":"94","t":"08:33:57","h":"Nord","s":"25S-H59S100F-81-F1"},{"r":"94","t":"08:33:57","h":"Nord","s":"25S-H59S200F-81-F2"},{"r":"94","t":"08:42:10","h":"Nord","s":"25N-H59N000A-80-A"},{"r":"94","t":"08:42:10","h":"Nord","s":"25N-H59NV10A-80-A"},{"r":"94","t":"08:42:10","h":"Nord","s":"25N-H59VN20A-80-A"},{"r":"94","t":"08:42:10","h":"Nord","s":"25S-H59S000A-81-A"},{"r":"94","t":"08:50:45","h":"Nord","s":"25N-H59N000S-80-S"},{"r":"94","t":"08:50:45","h":"Nord","s":"25N-H59NV10S-84-S"},{"r":"94","t":"08:50:45","h":"Nord","s":"25N-H59NV20S-80-S"},{"r":"94","t":"08:50:45","h":"Nord","s":"25S-H59S000S-81-S"},{"r":"94","t":"09:03:57","h":"Nord","s":"25N-H59N000I-80-I"},{"r":"94","t":"09:03:57","h":"Nord","s":"25N-H59N100F-80-F1"},{"r":"94","t":"09:03:57","h":"Nord","s":"25N-H59N200F-81-F2"},{"r":"94","t":"09:03:57","h":"Nord","s":"25N-H59N300F-80-F3"},{"r":"94","t":"09:03:57","h":"Nord","s":"25N-H59N400F-80-F4"},{"r":"94","t":"09:03:57","h":"Nord","s":"25N-H59NV10I-80-I"},{"r":"94","t":"09:03:57","h":"Nord","s":"25N-H59NV20I-80-I"},{"r":"94","t":"09:03:57","h":"Nord","s":"25S-H59S000I-81-I"},{"r":"94","t":"09:03:57","h":"Nord","s":"25S-H59S100F-81-F1"},{"r":"94","t":"09:03:57","h":"Nord","s":"25S-H59S200F-81-F2"},{"r":"94","t":"09:13:10","h":"Nord","s":"25N-H59N000A-80-A"},{"r":"94","t":"09:13:10","h":"Nord","s":"25N-H59NV10A-80-A"},{"r":"94","t":"09:13:10","h":"Nord","s":"25N-H59VN20A-80-A"},{"r":"94","t":"09:13:10","h":"Nord","s":"25S-H59S000A-81-A"},{"r":"94","t":"09:17:45","h":"Nord","s":"25N-H59N000S-80-S"},{"r":"94","t":"09:17:45","h":"Nord","s":"25N-H59NV10S-84-S"},{"r":"94","t":"09:17:45","h":"Nord","s":"25N-H59NV20S-80-S"},{"r":"94","t":"09:17:45","h":"Nord","s":"25S-H59S000S-81-S"},{"r":"94","t":"09:32:57","h":"Nord","s":"25N-H59N000I-80-I"},{"r":"94","t":"09:32:57","h":"Nord","s":"25N-H59N100F-80-F1"},{"r":"94","t":"09:32:57","h":"Nord","s":"25N-H59N200F-81-F2"},{"r":"94","t":"09:32:57","h":"Nord","s":"25N-H59N300F-80-F3"},{"r":"94","t":"09:32:57","h":"Nord","s":"25N-H59N400F-80-F4"},{"r":"94","t":"09:32:57","h":"Nord","s":"25N-H59NV10I-80-I"},{"r":"94","t":"09:32:57","h":"Nord","s":"25N-H59NV20I-80-I"},{"r":"94","t":"09:32:57","h":"Nord","s":"25S-H59S000I-81-I"},{"r":"94","t":"09:32:57","h":"Nord","s":"25S-H59S100F-81-F1"},{"r":"94","t":"09:32:57","h":"Nord","s":"25S-H59S200F-81-F2"},{"r":"94","t":"09:37:45","h":"Nord","s":"25N-H59N000S-80-S"},{"r":"94","t":"09:37:45","h":"Nord","s":"25N-H59NV10S-84-S"},{"r":"94","t":"09:37:45","h":"Nord","s":"25N-H59NV20S-80-S"},{"r":"94","t":"09:37:45","h":"Nord","s":"25S-H59S000S-81-S"},{"r":"94","t":"09:44:10","h":"Nord","s":"25N-H59N000A-80-A"},{"r":"94","t":"09:44:10","h":"Nord","s":"25N-H59NV10A-80-A"},{"r":"94","t":"09:44:10","h":"Nord","s":"25N-H59VN20A-80-A"},{"r":"94","t":"09:44:10","h":"Nord","s":"25S-H59S000A-81-A"},{"r":"94","t":"09:57:45","h":"Nord","s":"25N-H59N000S-80-S"},{"r":"94","t":"09:57:45","h":"Nord","s":"25N-H59NV10S-84-S"},{"r":"94","t":"09:57:45","h":"Nord","s":"25N-H59NV20S-80-S"},{"r":"94","t":"09:57:45","h":"Nord","s":"25S-H59S000S-81-S"},{"r":"94","t":"10:01:57","h":"Nord","s":"25N-H59N000I-80-I"},{"r":"94","t":"10:01:57","h":"Nord","s":"25N-H59N100F-80-F1"},{"r":"94","t":"10:01:57","h":"Nord","s":"25N-H59N200F-81-F2"},{"r":"94","t":"10:01:57","h":"Nord","s":"25N-H59N300F-80-F3"},{"r":"94","t":"10:01:57","h":"Nord","s":"25N-H59N400F-80-F4"},{"r":"94","t":"10:01:57","h":"Nord","s":"25N-H59NV10I-80-I"},{"r":"94","t":"10:01:57","h":"Nord","s":"25N-H59NV20I-80-I"},{"r":"94","t":"10:01:57","h":"Nord","s":"25S-H59S000I-81-I"},{"r":"94","t":"10:01:57","h":"Nord","s":"25S-H59S100F-81-F1"},{"r":"94","t":"10:01:57","h":"Nord","s":"25S-H59S200F-81-F2"},{"r":"94","t":"10:15:57","h":"Nord","s":"25N-H59N000A-80-A"},{"r":"94","t":"10:15:57","h":"Nord","s":"25N-H59NV10A-80-A"},{"r":"94","t":"10:15:57","h":"Nord","s":"25N-H59VN20A-80-A"},{"r":"94","t":"10:15:57","h":"Nord","s":"25S-H59S000A-81-A"},{"r":"94","t":"10:16:57","h":"Nord","s":"25N-H59N000S-80-S"},{"r":"94","t":"10:16:57","h":"Nord","s":"25N-H59NV10S-84-S"},{"r":"94","t":"10:16:57","h":"Nord","s":"25N-H59NV20S-80-S"},{"r":"94","t":"10:16:57","h":"Nord","s":"25S-H59S000S-81-S"},{"r":"94","t":"10:30:57","h":"Nord","s":"25N-H59N000I-80-I"},{"r":"94","t":"10:30:57","h":"Nord","s":"25N-H59N100F-80-F1"},{"r":"94","t":"10:30:57","h":"Nord","s":"25N-H59N200F-81-F2"},{"r":"94","t":"10:30:57","h":"Nord","s":"25N-H59N300F-80-F3"},{"r":"94","t":"10:30:57","h":"Nord","s":"25N-H59N400F-80-F4"},{"r":"94","t":"10:30:57","h":"Nord","s":"25N-H59NV10I-80-I"},{"r":"94","t":"10:30:57","h":"Nord","s":"25N-H59NV20I-80-I"},{"r":"94","t":"10:30:57","h":"Nord","s":"25S-H59S000I-81-I"},{"r":"94","t":"10:30:57","h":"Nord","s":"25S-H59S100F-81-F1"},{"r":"94","t":"10:30:57","h":"Nord","s":"25S-H59S200F-81-F2"},{"r":"94","t":"10:39:57","h":"Nord","s":"25N-H59N000S-80-S"},{"r":"94","t":"10:39:57","h":"Nord","s":"25N-H59NV10S-84-S"},{"r":"94","t":"10:39:57","h":"Nord","s":"25N-H59NV20S-80-S"},{"r":"94","t":"10:39:57","h":"Nord","s":"25S-H59S000S-81-S"},{"r":"94","t":"10:46:57","h":"Nord","s":"25N-H59N000A-80-A"},{"r":"94","t":"10:46:57","h":"Nord","s":"25N-H59NV10A-80-A"},{"r":"94","t":"10:46:57","h":"Nord","s":"25N-H59VN20A-80-A"},{"r":"94","t":"10:46:57","h":"Nord","s":"25S-H59S000A-81-A"},{"r":"94","t":"10:59:57","h":"Nord","s":"25N-H59N000I-80-I"},{"r":"94","t":"10:59:57","h":"Nord","s":"25N-H59N100F-80-F1"},{"r":"94","t":"10:59:57","h":"Nord","s":"25N-H59N200F-81-F2"},{"r":"94","t":"10:59:57","h":"Nord","s":"25N-H59N300F-80-F3"},{"r":"94","t":"10:59:57","h":"Nord","s":"25N-H59N400F-80-F4"},{"r":"94","t":"10:59:57","h":"Nord","s":"25N-H59NV10I-80-I"},{"r":"94","t":"10:59:57","h":"Nord","s":"25N-H59NV20I-80-I"},{"r":"94","t":"10:59:57","h":"Nord","s":"25S-H59S000I-81-I"},{"r":"94","t":"10:59:57","h":"Nord","s":"25S-H59S100F-81-F1"},{"r":"94","t":"10:59:57","h":"Nord","s":"25S-H59S200F-81-F2"},{"r":"94","t":"11:05:57","h":"Nord","s":"25N-H59N000S-80-S"},{"r":"94","t":"11:05:57","h":"Nord","s":"25N-H59NV10S-84-S"},{"r":"94","t":"11:05:57","h":"Nord","s":"25N-H59NV20S-80-S"},{"r":"94","t":"11:05:57","h":"Nord","s":"25S-H59S000S-81-S"},{"r":"94","t":"11:17:57","h":"Nord","s":"25N-H59N000A-80-A"},{"r":"94","t":"11:17:57","h":"Nord","s":"25N-H59NV10A-80-A"},{"r":"94","t":"11:17:57","h":"Nord","s":"25N-H59VN20A-80-A"},{"r":"94","t":"11:17:57","h":"Nord","s":"25S-H59S000A-81-A"},{"r":"94","t":"11:28:57","h":"Nord","s":"25N-H59N000I-80-I"},{"r":"94","t":"11:28:57","h":"Nord","s":"25N-H59N100F-80-F1"},{"r":"94","t":"11:28:57","h":"Nord","s":"25N-H59N200F-81-F2"},{"r":"94","t":"11:28:57","h":"Nord","s":"25N-H59N300F-80-F3"},{"r":"94","t":"11:28:57","h":"Nord","s":"25N-H59N400F-80-F4"},{"r":"94","t":"11:28:57","h":"Nord","s":"25N-H59NV10I-80-I"},{"r":"94","t":"11:28:57","h":"Nord","s":"25N-H59NV20I-80-I"},{"r":"94","t":"11:28:57","h":"Nord","s":"25S-H59S000I-81-I"},{"r":"94","t":"11:28:57","h":"Nord","s":"25S-H59S100F-81-F1"},{"r":"94","t":"11:28:57","h":"Nord","s":"25S-H59S200F-81-F2"},{"r":"94","t":"11:30:57","h":"Nord","s":"25N-H59N000S-80-S"},{"r":"94","t":"11:30:57","h":"Nord","s":"25N-H59NV10S-84-S"},{"r":"94","t":"11:30:57","h":"Nord","s":"25N-H59NV20S-80-S"},{"r":"94","t":"11:30:57","h":"Nord","s":"25S-H59S000S-81-S"},{"r":"94","t":"11:49:57","h":"Nord","s":"25N-H59N000A-80-A"},{"r":"94","t":"11:49:57","h":"Nord","s":"25N-H59NV10A-80-A"},{"r":"94","t":"11:49:57","h":"Nord","s":"25N-H59VN20A-80-A"},{"r":"94","t":"11:49:57","h":"Nord","s":"25S-H59S000A-81-A"},{"r":"94","t":"11:57:45","h":"Nord","s":"25N-H59N000S-80-S"},{"r":"94","t":"11:57:45","h":"Nord","s":"25N-H59NV10S-84-S"},{"r":"94","t":"11:57:45","h":"Nord","s":"25N-H59NV20S-80-S"},{"r":"94","t":"11:57:45","h":"Nord","s":"25S-H59S000S-81-S"},{"r":"94","t":"11:57:57","h":"Nord","s":"25N-H59N000I-80-I"},{"r":"94","t":"11:57:57","h":"Nord","s":"25N-H59N100F-80-F1"},{"r":"94","t":"11:57:57","h":"Nord","s":"25N-H59N200F-81-F2"},{"r":"94","t":"11:57:57","h":"Nord","s":"25N-H59N300F-80-F3"},{"r":"94","t":"11:57:57","h":"Nord","s":"25N-H59N400F-80-F4"},{"r":"94","t":"11:57:57","h":"Nord","s":"25N-H59NV10I-80-I"},{"r":"94","t":"11:57:57","h":"Nord","s":"25N-H59NV20I-80-I"},{"r":"94","t":"11:57:57","h":"Nord","s":"25S-H59S000I-81-I"},{"r":"94","t":"11:57:57","h":"Nord","s":"25S-H59S100F-81-F1"},{"r":"94","t":"11:57:57","h":"Nord","s":"25S-H59S200F-81-F2"},{"r":"94","t":"12:22:45","h":"Nord","s":"25N-H59N000A-80-A"},{"r":"94","t":"12:22:45","h":"Nord","s":"25N-H59NV10A-80-A"},{"r":"94","t":"12:22:45","h":"Nord","s":"25N-H59VN20A-80-A"},{"r":"94","t":"12:22:45","h":"Nord","s":"25S-H59S000A-81-A"},{"r":"94","t":"12:24:45","h":"Nord","s":"25N-H59N000S-80-S"},{"r":"94","t":"12:24:45","h":"Nord","s":"25N-H59NV10S-84-S"},{"r":"94","t":"12:24:45","h":"Nord","s":"25N-H59NV20S-80-S"},{"r":"94","t":"12:24:45","h":"Nord","s":"25S-H59S000S-81-S"},{"r":"94","t":"12:26:57","h":"Nord","s":"25N-H59N000I-80-I"},{"r":"94","t":"12:26:57","h":"Nord","s":"25N-H59N100F-80-F1"},{"r":"94","t":"12:26:57","h":"Nord","s":"25N-H59N200F-81-F2"},{"r":"94","t":"12:26:57","h":"Nord","s":"25N-H59N300F-80-F3"},{"r":"94","t":"12:26:57","h":"Nord","s":"25N-H59N400F-80-F4"},{"r":"94","t":"12:26:57","h":"Nord","s":"25N-H59NV10I-80-I"},{"r":"94","t":"12:26:57","h":"Nord","s":"25N-H59NV20I-80-I"},{"r":"94","t":"12:26:57","h":"Nord","s":"25S-H59S000I-81-I"},{"r":"94","t":"12:26:57","h":"Nord","s":"25S-H59S100F-81-F1"},{"r":"94","t":"12:26:57","h":"Nord","s":"25S-H59S200F-81-F2"},{"r":"94","t":"12:53:45","h":"Nord","s":"25N-H59N000S-80-S"},{"r":"94","t":"12:53:45","h":"Nord","s":"25N-H59NV10S-84-S"},{"r":"94","t":"12:53:45","h":"Nord","s":"25N-H59NV20S-80-S"},{"r":"94","t":"12:53:45","h":"Nord","s":"25S-H59S000S-81-S"},{"r":"94","t":"12:55:45","h":"Nord","s":"25N-H59N000A-80-A"},{"r":"94","t":"12:55:45","h":"Nord","s":"25N-H59NV10A-80-A"},{"r":"94","t":"12:55:45","h":"Nord","s":"25N-H59VN20A-80-A"},{"r":"94","t":"12:55:45","h":"Nord","s":"25S-H59S000A-81-A"},{"r":"94","t":"12:57:45","h":"Nord","s":"25N-H59N000I-80-I"},{"r":"94","t":"12:57:45","h":"Nord","s":"25N-H59N100F-80-F1"},{"r":"94","t":"12:57:45","h":"Nord","s":"25N-H59N200F-81-F2"},{"r":"94","t":"12:57:45","h":"Nord","s":"25N-H59N300F-80-F3"},{"r":"94","t":"12:57:45","h":"Nord","s":"25N-H59N400F-80-F4"},{"r":"94","t":"12:57:45","h":"Nord","s":"25N-H59NV10I-80-I"},{"r":"94","t":"12:57:45","h":"Nord","s":"25N-H59NV20I-80-I"},{"r":"94","t":"12:57:45","h":"Nord","s":"25S-H59S000I-81-I"},{"r":"94","t":"12:57:45","h":"Nord","s":"25S-H59S100F-81-F1"},{"r":"94","t":"12:57:45","h":"Nord","s":"25S-H59S200F-81-F2"},{"r":"94","t":"13:22:45","h":"Nord","s":"25N-H59N000S-80-S"},{"r":"94","t":"13:22:45","h":"Nord","s":"25N-H59NV10S-84-S"},{"r":"94","t":"13:22:45","h":"Nord","s":"25N-H59NV20S-80-S"},{"r":"94","t":"13:22:45","h":"Nord","s":"25S-H59S000S-81-S"},{"r":"94","t":"13:26:45","h":"Nord","s":"25N-H59N000I-80-I"},{"r":"94","t":"13:26:45","h":"Nord","s":"25N-H59N100F-80-F1"},{"r":"94","t":"13:26:45","h":"Nord","s":"25N-H59N200F-81-F2"},{"r":"94","t":"13:26:45","h":"Nord","s":"25N-H59N300F-80-F3"},{"r":"94","t":"13:26:45","h":"Nord","s":"25N-H59N400F-80-F4"},{"r":"94","t":"13:26:45","h":"Nord","s":"25N-H59NV10I-80-I"},{"r":"94","t":"13:26:45","h":"Nord","s":"25N-H59NV20I-80-I"},{"r":"94","t":"13:26:45","h":"Nord","s":"25S-H59S000I-81-I"},{"r":"94","t":"13:26:45","h":"Nord","s":"25S-H59S100F-81-F1"},{"r":"94","t":"13:26:45","h":"Nord","s":"25S-H59S200F-81-F2"},{"r":"94","t":"13:28:45","h":"Nord","s":"25N-H59N000A-80-A"},{"r":"94","t":"13:28:45","h":"Nord","s":"25N-H59NV10A-80-A"},{"r":"94","t":"13:28:45","h":"Nord","s":"25N-H59VN20A-80-A"},{"r":"94","t":"13:28:45","h":"Nord","s":"25S-H59S000A-81-A"},{"r":"94","t":"13:51:45","h":"Nord","s":"25N-H59N000S-80-S"},{"r":"94","t":"13:51:45","h":"Nord","s":"25N-H59NV10S-84-S"},{"r":"94","t":"13:51:45","h":"Nord","s":"25N-H59NV20S-80-S"},{"r":"94","t":"13:51:45","h":"Nord","s":"25S-H59S000S-81-S"},{"r":"94","t":"13:54:45","h":"Nord","s":"25N-H59N000A-80-A"},{"r":"94","t":"13:54:45","h":"Nord","s":"25N-H59NV10A-80-A"},{"r":"94","t":"13:54:45","h":"Nord","s":"25N-H59VN20A-80-A"},{"r":"94","t":"13:54:45","h":"Nord","s":"25S-H59S000A-81-A"},{"r":"94","t":"13:56:45","h":"Nord","s":"25N-H59N000I-80-I"},{"r":"94","t":"13:56:45","h":"Nord","s":"25N-H59N100F-80-F1"},{"r":"94","t":"13:56:45","h":"Nord","s":"25N-H59N200F-81-F2"},{"r":"94","t":"13:56:45","h":"Nord","s":"25N-H59N300F-80-F3"},{"r":"94","t":"13:56:45","h":"Nord","s":"25N-H59N400F-80-F4"},{"r":"94","t":"13:56:45","h":"Nord","s":"25N-H59NV10I-80-I"},{"r":"94","t":"13:56:45","h":"Nord","s":"25N-H59NV20I-80-I"},{"r":"94","t":"13:56:45","h":"Nord","s":"25S-H59S000I-81-I"},{"r":"94","t":"13:56:45","h":"Nord","s":"25S-H59S100F-81-F1"},{"r":"94","t":"13:56:45","h":"Nord","s":"25S-H59S200F-81-F2"},{"r":"94","t":"14:20:45","h":"Nord","s":"25N-H59N000A-80-A"},{"r":"94","t":"14:20:45","h":"Nord","s":"25N-H59N000S-80-S"},{"r":"94","t":"14:20:45","h":"Nord","s":"25N-H59NV10A-80-A"},{"r":"94","t":"14:20:45","h":"Nord","s":"25N-H59NV10S-84-S"},{"r":"94","t":"14:20:45","h":"Nord","s":"25N-H59NV20S-80-S"},{"r":"94","t":"14:20:45","h":"Nord","s":"25N-H59VN20A-80-A"},{"r":"94","t":"14:20:45","h":"Nord","s":"25S-H59S000A-81-A"},{"r":"94","t":"14:20:45","h":"Nord","s":"25S-H59S000S-81-S"},{"r":"94","t":"14:27:45","h":"Nord","s":"25N-H59N000I-80-I"},{"r":"94","t":"14:27:45","h":"Nord","s":"25N-H59N100F-80-F1"},{"r":"94","t":"14:27:45","h":"Nord","s":"25N-H59N200F-81-F2"},{"r":"94","t":"14:27:45","h":"Nord","s":"25N-H59N300F-80-F3"},{"r":"94","t":"14:27:45","h":"Nord","s":"25N-H59N400F-80-F4"},{"r":"94","t":"14:27:45","h":"Nord","s":"25N-H59NV10I-80-I"},{"r":"94","t":"14:27:45","h":"Nord","s":"25N-H59NV20I-80-I"},{"r":"94","t":"14:27:45","h":"Nord","s":"25S-H59S000I-81-I"},{"r":"94","t":"14:27:45","h":"Nord","s":"25S-H59S100F-81-F1"},{"r":"94","t":"14:27:45","h":"Nord","s":"25S-H59S200F-81-F2"},{"r":"94","t":"14:46:45","h":"Nord","s":"25N-H59N000A-80-A"},{"r":"94","t":"14:46:45","h":"Nord","s":"25N-H59NV10A-80-A"},{"r":"94","t":"14:46:45","h":"Nord","s":"25N-H59VN20A-80-A"},{"r":"94","t":"14:46:45","h":"Nord","s":"25S-H59S000A-81-A"},{"r":"94","t":"14:51:32","h":"Nord","s":"25N-H59N000S-80-S"},{"r":"94","t":"14:51:32","h":"Nord","s":"25N-H59NV10S-84-S"},{"r":"94","t":"14:51:32","h":"Nord","s":"25N-H59NV20S-80-S"},{"r":"94","t":"14:51:32","h":"Nord","s":"25S-H59S000S-81-S"},{"r":"94","t":"14:58:45","h":"Nord","s":"25N-H59N000I-80-I"},{"r":"94","t":"14:58:45","h":"Nord","s":"25N-H59N100F-80-F1"},{"r":"94","t":"14:58:45","h":"Nord","s":"25N-H59N200F-81-F2"},{"r":"94","t":"14:58:45","h":"Nord","s":"25N-H59N300F-80-F3"},{"r":"94","t":"14:58:45","h":"Nord","s":"25N-H59N400F-80-F4"},{"r":"94","t":"14:58:45","h":"Nord","s":"25N-H59NV10I-80-I"},{"r":"94","t":"14:58:45","h":"Nord","s":"25N-H59NV20I-80-I"},{"r":"94","t":"14:58:45","h":"Nord","s":"25S-H59S000I-81-I"},{"r":"94","t":"14:58:45","h":"Nord","s":"25S-H59S100F-81-F1"},{"r":"94","t":"14:58:45","h":"Nord","s":"25S-H59S200F-81-F2"},{"r":"94","t":"15:12:45","h":"Nord","s":"25N-H59N000A-80-A"},{"r":"94","t":"15:12:45","h":"Nord","s":"25N-H59NV10A-80-A"},{"r":"94","t":"15:12:45","h":"Nord","s":"25N-H59VN20A-80-A"},{"r":"94","t":"15:12:45","h":"Nord","s":"25S-H59S000A-81-A"},{"r":"94","t":"15:21:32","h":"Nord","s":"25N-H59N000S-80-S"},{"r":"94","t":"15:21:32","h":"Nord","s":"25N-H59NV10S-84-S"},{"r":"94","t":"15:21:32","h":"Nord","s":"25N-H59NV20S-80-S"},{"r":"94","t":"15:21:32","h":"Nord","s":"25S-H59S000S-81-S"},{"r":"94","t":"15:29:45","h":"Nord","s":"25N-H59N000I-80-I"},{"r":"94","t":"15:29:45","h":"Nord","s":"25N-H59N100F-80-F1"},{"r":"94","t":"15:29:45","h":"Nord","s":"25N-H59N200F-81-F2"},{"r":"94","t":"15:29:45","h":"Nord","s":"25N-H59N300F-80-F3"},{"r":"94","t":"15:29:45","h":"Nord","s":"25N-H59N400F-80-F4"},{"r":"94","t":"15:29:45","h":"Nord","s":"25N-H59NV10I-80-I"},{"r":"94","t":"15:29:45","h":"Nord","s":"25N-H59NV20I-80-I"},{"r":"94","t":"15:29:45","h":"Nord","s":"25S-H59S000I-81-I"},{"r":"94","t":"15:29:45","h":"Nord","s":"25S-H59S100F-81-F1"},{"r":"94","t":"15:29:45","h":"Nord","s":"25S-H59S200F-81-F2"},{"r":"94","t":"15:39:45","h":"Nord","s":"25N-H59N000A-80-A"},{"r":"94","t":"15:39:45","h":"Nord","s":"25N-H59NV10A-80-A"},{"r":"94","t":"15:39:45","h":"Nord","s":"25N-H59VN20A-80-A"},{"r":"94","t":"15:39:45","h":"Nord","s":"25S-H59S000A-81-A"},{"r":"94","t":"15:50:32","h":"Nord","s":"25N-H59N000S-80-S"},{"r":"94","t":"15:50:32","h":"Nord","s":"25N-H59NV10S-84-S"},{"r":"94","t":"15:50:32","h":"Nord","s":"25N-H59NV20S-80-S"},{"r":"94","t":"15:50:32","h":"Nord","s":"25S-H59S000S-81-S"},{"r":"94","t":"16:02:45","h":"Nord","s":"25N-H59N000I-80-I"},{"r":"94","t":"16:02:45","h":"Nord","s":"25N-H59N100F-80-F1"},{"r":"94","t":"16:02:45","h":"Nord","s":"25N-H59N200F-81-F2"},{"r":"94","t":"16:02:45","h":"Nord","s":"25N-H59N300F-80-F3"},{"r":"94","t":"16:02:45","h":"Nord","s":"25N-H59N400F-80-F4"},{"r":"94","t":"16:02:45","h":"Nord","s":"25N-H59NV10I-80-I"},{"r":"94","t":"16:02:45","h":"Nord","s":"25N-H59NV20I-80-I"},{"r":"94","t":"16:02:45","h":"Nord","s":"25S-H59S000I-81-I"},{"r":"94","t":"16:02:45","h":"Nord","s":"25S-H59S100F-81-F1"},{"r":"94","t":"16:02:45","h":"Nord","s":"25S-H59S200F-81-F2"},{"r":"94","t":"16:05:45","h":"Nord","s":"25N-H59N000A-80-A"},{"r":"94","t":"16:05:45","h":"Nord","s":"25N-H59NV10A-80-A"},{"r":"94","t":"16:05:45","h":"Nord","s":"25N-H59VN20A-80-A"},{"r":"94","t":"16:05:45","h":"Nord","s":"25S-H59S000A-81-A"},{"r":"94","t":"16:16:32","h":"Nord","s":"25N-H59N000S-80-S"},{"r":"94","t":"16:16:32","h":"Nord","s":"25N-H59NV10S-84-S"},{"r":"94","t":"16:16:32","h":"Nord","s":"25N-H59NV20S-80-S"},{"r":"94","t":"16:16:32","h":"Nord","s":"25S-H59S000S-81-S"},{"r":"94","t":"16:32:45","h":"Nord","s":"25N-H59N000A-80-A"},{"r":"94","t":"16:32:45","h":"Nord","s":"25N-H59NV10A-80-A"},{"r":"94","t":"16:32:45","h":"Nord","s":"25N-H59VN20A-80-A"},{"r":"94","t":"16:32:45","h":"Nord","s":"25S-H59S000A-81-A"},{"r":"94","t":"16:33:45","h":"Nord","s":"25N-H59N000I-80-I"},{"r":"94","t":"16:33:45","h":"Nord","s":"25N-H59N100F-80-F1"},{"r":"94","t":"16:33:45","h":"Nord","s":"25N-H59N200F-81-F2"},{"r":"94","t":"16:33:45","h":"Nord","s":"25N-H59N300F-80-F3"},{"r":"94","t":"16:33:45","h":"Nord","s":"25N-H59N400F-80-F4"},{"r":"94","t":"16:33:45","h":"Nord","s":"25N-H59NV10I-80-I"},{"r":"94","t":"16:33:45","h":"Nord","s":"25N-H59NV20I-80-I"},{"r":"94","t":"16:33:45","h":"Nord","s":"25S-H59S000I-81-I"},{"r":"94","t":"16:33:45","h":"Nord","s":"25S-H59S100F-81-F1"},{"r":"94","t":"16:33:45","h":"Nord","s":"25S-H59S200F-81-F2"},{"r":"94","t":"16:37:32","h":"Nord","s":"25N-H59N000S-80-S"},{"r":"94","t":"16:37:32","h":"Nord","s":"25N-H59NV10S-84-S"},{"r":"94","t":"16:37:32","h":"Nord","s":"25N-H59NV20S-80-S"},{"r":"94","t":"16:37:32","h":"Nord","s":"25S-H59S000S-81-S"},{"r":"94","t":"16:57:45","h":"Nord","s":"25N-H59N000A-80-A"},{"r":"94","t":"16:57:45","h":"Nord","s":"25N-H59NV10A-80-A"},{"r":"94","t":"16:57:45","h":"Nord","s":"25N-H59VN20A-80-A"},{"r":"94","t":"16:57:45","h":"Nord","s":"25S-H59S000A-81-A"},{"r":"94","t":"16:58:32","h":"Nord","s":"25N-H59N000S-80-S"},{"r":"94","t":"16:58:32","h":"Nord","s":"25N-H59NV10S-84-S"},{"r":"94","t":"16:58:32","h":"Nord","s":"25N-H59NV20S-80-S"},{"r":"94","t":"16:58:32","h":"Nord","s":"25S-H59S000S-81-S"},{"r":"94","t":"17:04:45","h":"Nord","s":"25N-H59N000I-80-I"},{"r":"94","t":"17:04:45","h":"Nord","s":"25N-H59N100F-80-F1"},{"r":"94","t":"17:04:45","h":"Nord","s":"25N-H59N200F-81-F2"},{"r":"94","t":"17:04:45","h":"Nord","s":"25N-H59N300F-80-F3"},{"r":"94","t":"17:04:45","h":"Nord","s":"25N-H59N400F-80-F4"},{"r":"94","t":"17:04:45","h":"Nord","s":"25N-H59NV10I-80-I"},{"r":"94","t":"17:04:45","h":"Nord","s":"25N-H59NV20I-80-I"},{"r":"94","t":"17:04:45","h":"Nord","s":"25S-H59S000I-81-I"},{"r":"94","t":"17:04:45","h":"Nord","s":"25S-H59S100F-81-F1"},{"r":"94","t":"17:04:45","h":"Nord","s":"25S-H59S200F-81-F2"},{"r":"94","t":"17:19:32","h":"Nord","s":"25N-H59N000S-80-S"},{"r":"94","t":"17:19:32","h":"Nord","s":"25N-H59NV10S-84-S"},{"r":"94","t":"17:19:32","h":"Nord","s":"25N-H59NV20S-80-S"},{"r":"94","t":"17:19:32","h":"Nord","s":"25S-H59S000S-81-S"},{"r":"94","t":"17:25:45","h":"Nord","s":"25N-H59N000A-80-A"},{"r":"94","t":"17:25:45","h":"Nord","s":"25N-H59NV10A-80-A"},{"r":"94","t":"17:25:45","h":"Nord","s":"25N-H59VN20A-80-A"},{"r":"94","t":"17:25:45","h":"Nord","s":"25S-H59S000A-81-A"},{"r":"94","t":"17:36:45","h":"Nord","s":"25N-H59N000I-80-I"},{"r":"94","t":"17:36:45","h":"Nord","s":"25N-H59N100F-80-F1"},{"r":"94","t":"17:36:45","h":"Nord","s":"25N-H59N200F-81-F2"},{"r":"94","t":"17:36:45","h":"Nord","s":"25N-H59N300F-80-F3"},{"r":"94","t":"17:36:45","h":"Nord","s":"25N-H59N400F-80-F4"},{"r":"94","t":"17:36:45","h":"Nord","s":"25N-H59NV10I-80-I"},{"r":"94","t":"17:36:45","h":"Nord","s":"25N-H59NV20I-80-I"},{"r":"94","t":"17:36:45","h":"Nord","s":"25S-H59S000I-81-I"},{"r":"94","t":"17:36:45","h":"Nord","s":"25S-H59S100F-81-F1"},{"r":"94","t":"17:36:45","h":"Nord","s":"25S-H59S200F-81-F2"},{"r":"94","t":"17:41:32","h":"Nord","s":"25N-H59N000S-80-S"},{"r":"94","t":"17:41:32","h":"Nord","s":"25N-H59NV10S-84-S"},{"r":"94","t":"17:41:32","h":"Nord","s":"25N-H59NV20S-80-S"},{"r":"94","t":"17:41:32","h":"Nord","s":"25S-H59S000S-81-S"},{"r":"94","t":"17:49:57","h":"Nord","s":"25N-H59N000A-80-A"},{"r":"94","t":"17:49:57","h":"Nord","s":"25N-H59NV10A-80-A"},{"r":"94","t":"17:49:57","h":"Nord","s":"25N-H59VN20A-80-A"},{"r":"94","t":"17:49:57","h":"Nord","s":"25S-H59S000A-81-A"},{"r":"94","t":"18:03:32","h":"Nord","s":"25N-H59N000S-80-S"},{"r":"94","t":"18:03:32","h":"Nord","s":"25N-H59NV10S-84-S"},{"r":"94","t":"18:03:32","h":"Nord","s":"25N-H59NV20S-80-S"},{"r":"94","t":"18:03:32","h":"Nord","s":"25S-H59S000S-81-S"},{"r":"94","t":"18:09:45","h":"Nord","s":"25N-H59N000I-80-I"},{"r":"94","t":"18:09:45","h":"Nord","s":"25N-H59N100F-80-F1"},{"r":"94","t":"18:09:45","h":"Nord","s":"25N-H59N200F-81-F2"},{"r":"94","t":"18:09:45","h":"Nord","s":"25N-H59N300F-80-F3"},{"r":"94","t":"18:09:45","h":"Nord","s":"25N-H59N400F-80-F4"},{"r":"94","t":"18:09:45","h":"Nord","s":"25N-H59NV10I-80-I"},{"r":"94","t":"18:09:45","h":"Nord","s":"25N-H59NV20I-80-I"},{"r":"94","t":"18:09:45","h":"Nord","s":"25S-H59S000I-81-I"},{"r":"94","t":"18:09:45","h":"Nord","s":"25S-H59S100F-81-F1"},{"r":"94","t":"18:09:45","h":"Nord","s":"25S-H59S200F-81-F2"},{"r":"94","t":"18:15:57","h":"Nord","s":"25N-H59N000A-80-A"},{"r":"94","t":"18:15:57","h":"Nord","s":"25N-H59NV10A-80-A"},{"r":"94","t":"18:15:57","h":"Nord","s":"25N-H59VN20A-80-A"},{"r":"94","t":"18:15:57","h":"Nord","s":"25S-H59S000A-81-A"},{"r":"94","t":"18:21:57","h":"Nord","s":"25N-H59N000S-80-S"},{"r":"94","t":"18:21:57","h":"Nord","s":"25N-H59NV10S-84-S"},{"r":"94","t":"18:21:57","h":"Nord","s":"25N-H59NV20S-80-S"},{"r":"94","t":"18:21:57","h":"Nord","s":"25S-H59S000S-81-S"},{"r":"94","t":"18:41:45","h":"Nord","s":"25N-H59N000I-80-I"},{"r":"94","t":"18:41:45","h":"Nord","s":"25N-H59N100F-80-F1"},{"r":"94","t":"18:41:45","h":"Nord","s":"25N-H59N200F-81-F2"},{"r":"94","t":"18:41:45","h":"Nord","s":"25N-H59N300F-80-F3"},{"r":"94","t":"18:41:45","h":"Nord","s":"25N-H59N400F-80-F4"},{"r":"94","t":"18:41:45","h":"Nord","s":"25N-H59NV10I-80-I"},{"r":"94","t":"18:41:45","h":"Nord","s":"25N-H59NV20I-80-I"},{"r":"94","t":"18:41:45","h":"Nord","s":"25S-H59S000I-81-I"},{"r":"94","t":"18:41:45","h":"Nord","s":"25S-H59S100F-81-F1"},{"r":"94","t":"18:41:45","h":"Nord","s":"25S-H59S200F-81-F2"},{"r":"94","t":"18:43:57","h":"Nord","s":"25N-H59N000S-80-S"},{"r":"94","t":"18:43:57","h":"Nord","s":"25N-H59NV10S-84-S"},{"r":"94","t":"18:43:57","h":"Nord","s":"25N-H59NV20S-80-S"},{"r":"94","t":"18:43:57","h":"Nord","s":"25S-H59S000S-81-S"},{"r":"94","t":"18:45:57","h":"Nord","s":"25N-H59N000A-80-A"},{"r":"94","t":"18:45:57","h":"Nord","s":"25N-H59NV10A-80-A"},{"r":"94","t":"18:45:57","h":"Nord","s":"25N-H59VN20A-80-A"},{"r":"94","t":"18:45:57","h":"Nord","s":"25S-H59S000A-81-A"},{"r":"94","t":"19:06:57","h":"Nord","s":"25N-H59N000S-80-S"},{"r":"94","t":"19:06:57","h":"Nord","s":"25N-H59NV10S-84-S"},{"r":"94","t":"19:06:57","h":"Nord","s":"25N-H59NV20S-80-S"},{"r":"94","t":"19:06:57","h":"Nord","s":"25S-H59S000S-81-S"},{"r":"94","t":"19:13:57","h":"Nord","s":"25N-H59N000I-80-I"},{"r":"94","t":"19:13:57","h":"Nord","s":"25N-H59N100F-80-F1"},{"r":"94","t":"19:13:57","h":"Nord","s":"25N-H59N200F-81-F2"},{"r":"94","t":"19:13:57","h":"Nord","s":"25N-H59N300F-80-F3"},{"r":"94","t":"19:13:57","h":"Nord","s":"25N-H59N400F-80-F4"},{"r":"94","t":"19:13:57","h":"Nord","s":"25N-H59NV10I-80-I"},{"r":"94","t":"19:13:57","h":"Nord","s":"25N-H59NV20I-80-I"},{"r":"94","t":"19:13:57","h":"Nord","s":"25S-H59S000I-81-I"},{"r":"94","t":"19:13:57","h":"Nord","s":"25S-H59S100F-81-F1"},{"r":"94","t":"19:13:57","h":"Nord","s":"25S-H59S200F-81-F2"},{"r":"94","t":"19:16:10","h":"Nord","s":"25N-H59N000A-80-A"},{"r":"94","t":"19:16:10","h":"Nord","s":"25N-H59NV10A-80-A"},{"r":"94","t":"19:16:10","h":"Nord","s":"25N-H59VN20A-80-A"},{"r":"94","t":"19:16:10","h":"Nord","s":"25S-H59S000A-81-A"},{"r":"94","t":"19:30:57","h":"Nord","s":"25N-H59N000S-80-S"},{"r":"94","t":"19:30:57","h":"Nord","s":"25N-H59NV10S-84-S"},{"r":"94","t":"19:30:57","h":"Nord","s":"25N-H59NV20S-80-S"},{"r":"94","t":"19:30:57","h":"Nord","s":"25S-H59S000S-81-S"},{"r":"94","t":"19:45:57","h":"Nord","s":"25N-H59N000I-80-I"},{"r":"94","t":"19:45:57","h":"Nord","s":"25N-H59N100F-80-F1"},{"r":"94","t":"19:45:57","h":"Nord","s":"25N-H59N200F-81-F2"},{"r":"94","t":"19:45:57","h":"Nord","s":"25N-H59N300F-80-F3"},{"r":"94","t":"19:45:57","h":"Nord","s":"25N-H59N400F-80-F4"},{"r":"94","t":"19:45:57","h":"Nord","s":"25N-H59NV10I-80-I"},{"r":"94","t":"19:45:57","h":"Nord","s":"25N-H59NV20I-80-I"},{"r":"94","t":"19:45:57","h":"Nord","s":"25S-H59S000I-81-I"},{"r":"94","t":"19:45:57","h":"Nord","s":"25S-H59S100F-81-F1"},{"r":"94","t":"19:45:57","h":"Nord","s":"25S-H59S200F-81-F2"},{"r":"94","t":"19:46:10","h":"Nord","s":"25N-H59N000A-80-A"},{"r":"94","t":"19:46:10","h":"Nord","s":"25N-H59NV10A-80-A"},{"r":"94","t":"19:46:10","h":"Nord","s":"25N-H59VN20A-80-A"},{"r":"94","t":"19:46:10","h":"Nord","s":"25S-H59S000A-81-A"},{"r":"94","t":"19:52:57","h":"Nord","s":"25N-H59N000S-80-S"},{"r":"94","t":"19:52:57","h":"Nord","s":"25N-H59NV10S-84-S"},{"r":"94","t":"19:52:57","h":"Nord","s":"25N-H59NV20S-80-S"},{"r":"94","t":"19:52:57","h":"Nord","s":"25S-H59S000S-81-S"},{"r":"94","t":"20:15:57","h":"Nord","s":"25N-H59N000I-80-I"},{"r":"94","t":"20:15:57","h":"Nord","s":"25N-H59N100F-80-F1"},{"r":"94","t":"20:15:57","h":"Nord","s":"25N-H59N200F-81-F2"},{"r":"94","t":"20:15:57","h":"Nord","s":"25N-H59N300F-80-F3"},{"r":"94","t":"20:15:57","h":"Nord","s":"25N-H59N400F-80-F4"},{"r":"94","t":"20:15:57","h":"Nord","s":"25N-H59NV10I-80-I"},{"r":"94","t":"20:15:57","h":"Nord","s":"25N-H59NV20I-80-I"},{"r":"94","t":"20:15:57","h":"Nord","s":"25S-H59S000I-81-I"},{"r":"94","t":"20:15:57","h":"Nord","s":"25S-H59S100F-81-F1"},{"r":"94","t":"20:15:57","h":"Nord","s":"25S-H59S200F-81-F2"},{"r":"94","t":"20:16:57","h":"Nord","s":"25N-H59N000S-80-S"},{"r":"94","t":"20:16:57","h":"Nord","s":"25N-H59NV10S-84-S"},{"r":"94","t":"20:16:57","h":"Nord","s":"25N-H59NV20S-80-S"},{"r":"94","t":"20:16:57","h":"Nord","s":"25S-H59S000S-81-S"},{"r":"94","t":"20:18:10","h":"Nord","s":"25N-H59N000A-80-A"},{"r":"94","t":"20:18:10","h":"Nord","s":"25N-H59NV10A-80-A"},{"r":"94","t":"20:18:10","h":"Nord","s":"25N-H59VN20A-80-A"},{"r":"94","t":"20:18:10","h":"Nord","s":"25S-H59S000A-81-A"},{"r":"94","t":"20:41:57","h":"Nord","s":"25N-H59N000S-80-S"},{"r":"94","t":"20:41:57","h":"Nord","s":"25N-H59NV10S-84-S"},{"r":"94","t":"20:41:57","h":"Nord","s":"25N-H59NV20S-80-S"},{"r":"94","t":"20:41:57","h":"Nord","s":"25S-H59S000S-81-S"},{"r":"94","t":"20:46:57","h":"Nord","s":"25N-H59N000I-80-I"},{"r":"94","t":"20:46:57","h":"Nord","s":"25N-H59N100F-80-F1"},{"r":"94","t":"20:46:57","h":"Nord","s":"25N-H59N200F-81-F2"},{"r":"94","t":"20:46:57","h":"Nord","s":"25N-H59N300F-80-F3"},{"r":"94","t":"20:46:57","h":"Nord","s":"25N-H59N400F-80-F4"},{"r":"94","t":"20:46:57","h":"Nord","s":"25N-H59NV10I-80-I"},{"r":"94","t":"20:46:57","h":"Nord","s":"25N-H59NV20I-80-I"},{"r":"94","t":"20:46:57","h":"Nord","s":"25S-H59S000I-81-I"},{"r":"94","t":"20:46:57","h":"Nord","s":"25S-H59S100F-81-F1"},{"r":"94","t":"20:46:57","h":"Nord","s":"25S-H59S200F-81-F2"},{"r":"94","t":"20:49:10","h":"Nord","s":"25N-H59N000A-80-A"},{"r":"94","t":"20:49:10","h":"Nord","s":"25N-H59NV10A-80-A"},{"r":"94","t":"20:49:10","h":"Nord","s":"25N-H59VN20A-80-A"},{"r":"94","t":"20:49:10","h":"Nord","s":"25S-H59S000A-81-A"},{"r":"94","t":"21:11:57","h":"Nord","s":"25N-H59N000S-80-S"},{"r":"94","t":"21:11:57","h":"Nord","s":"25N-H59NV10S-84-S"},{"r":"94","t":"21:11:57","h":"Nord","s":"25N-H59NV20S-80-S"},{"r":"94","t":"21:11:57","h":"Nord","s":"25S-H59S000S-81-S"},{"r":"94","t":"21:15:57","h":"Nord","s":"25N-H59N000I-80-I"},{"r":"94","t":"21:15:57","h":"Nord","s":"25N-H59N100F-80-F1"},{"r":"94","t":"21:15:57","h":"Nord","s":"25N-H59N200F-81-F2"},{"r":"94","t":"21:15:57","h":"Nord","s":"25N-H59N300F-80-F3"},{"r":"94","t":"21:15:57","h":"Nord","s":"25N-H59N400F-80-F4"},{"r":"94","t":"21:15:57","h":"Nord","s":"25N-H59NV10I-80-I"},{"r":"94","t":"21:15:57","h":"Nord","s":"25N-H59NV20I-80-I"},{"r":"94","t":"21:15:57","h":"Nord","s":"25S-H59S000I-81-I"},{"r":"94","t":"21:15:57","h":"Nord","s":"25S-H59S100F-81-F1"},{"r":"94","t":"21:15:57","h":"Nord","s":"25S-H59S200F-81-F2"},{"r":"94","t":"21:20:10","h":"Nord","s":"25N-H59N000A-80-A"},{"r":"94","t":"21:20:10","h":"Nord","s":"25N-H59NV10A-80-A"},{"r":"94","t":"21:20:10","h":"Nord","s":"25N-H59VN20A-80-A"},{"r":"94","t":"21:20:10","h":"Nord","s":"25S-H59S000A-81-A"},{"r":"94","t":"21:44:57","h":"Nord","s":"25N-H59N000S-80-S"},{"r":"94","t":"21:44:57","h":"Nord","s":"25N-H59NV10S-84-S"},{"r":"94","t":"21:44:57","h":"Nord","s":"25N-H59NV20S-80-S"},{"r":"94","t":"21:44:57","h":"Nord","s":"25S-H59S000S-81-S"},{"r":"94","t":"21:45:57","h":"Nord","s":"25N-H59N000I-80-I"},{"r":"94","t":"21:45:57","h":"Nord","s":"25N-H59N100F-80-F1"},{"r":"94","t":"21:45:57","h":"Nord","s":"25N-H59N200F-81-F2"},{"r":"94","t":"21:45:57","h":"Nord","s":"25N-H59N300F-80-F3"},{"r":"94","t":"21:45:57","h":"Nord","s":"25N-H59N400F-80-F4"},{"r":"94","t":"21:45:57","h":"Nord","s":"25N-H59NV10I-80-I"},{"r":"94","t":"21:45:57","h":"Nord","s":"25N-H59NV20I-80-I"},{"r":"94","t":"21:45:57","h":"Nord","s":"25S-H59S000I-81-I"},{"r":"94","t":"21:45:57","h":"Nord","s":"25S-H59S100F-81-F1"},{"r":"94","t":"21:45:57","h":"Nord","s":"25S-H59S200F-81-F2"},{"r":"94","t":"21:51:10","h":"Nord","s":"25N-H59N000A-80-A"},{"r":"94","t":"21:51:10","h":"Nord","s":"25N-H59NV10A-80-A"},{"r":"94","t":"21:51:10","h":"Nord","s":"25N-H59VN20A-80-A"},{"r":"94","t":"21:51:10","h":"Nord","s":"25S-H59S000A-81-A"},{"r":"94","t":"22:14:57","h":"Nord","s":"25N-H59N000I-80-I"},{"r":"94","t":"22:14:57","h":"Nord","s":"25N-H59N100F-80-F1"},{"r":"94","t":"22:14:57","h":"Nord","s":"25N-H59N200F-81-F2"},{"r":"94","t":"22:14:57","h":"Nord","s":"25N-H59N300F-80-F3"},{"r":"94","t":"22:14:57","h":"Nord","s":"25N-H59N400F-80-F4"},{"r":"94","t":"22:14:57","h":"Nord","s":"25N-H59NV10I-80-I"},{"r":"94","t":"22:14:57","h":"Nord","s":"25N-H59NV20I-80-I"},{"r":"94","t":"22:14:57","h":"Nord","s":"25S-H59S000I-81-I"},{"r":"94","t":"22:14:57","h":"Nord","s":"25S-H59S100F-81-F1"},{"r":"94","t":"22:14:57","h":"Nord","s":"25S-H59S200F-81-F2"},{"r":"94","t":"22:17:10","h":"Nord","s":"25N-H59N000S-80-S"},{"r":"94","t":"22:17:10","h":"Nord","s":"25N-H59NV10S-84-S"},{"r":"94","t":"22:17:10","h":"Nord","s":"25N-H59NV20S-80-S"},{"r":"94","t":"22:17:10","h":"Nord","s":"25S-H59S000S-81-S"},{"r":"94","t":"22:22:10","h":"Nord","s":"25N-H59N000A-80-A"},{"r":"94","t":"22:22:10","h":"Nord","s":"25N-H59NV10A-80-A"},{"r":"94","t":"22:22:10","h":"Nord","s":"25N-H59VN20A-80-A"},{"r":"94","t":"22:22:10","h":"Nord","s":"25S-H59S000A-81-A"},{"r":"94","t":"22:44:57","h":"Nord","s":"25N-H59N000I-80-I"},{"r":"94","t":"22:44:57","h":"Nord","s":"25N-H59N100F-80-F1"},{"r":"94","t":"22:44:57","h":"Nord","s":"25N-H59N200F-81-F2"},{"r":"94","t":"22:44:57","h":"Nord","s":"25N-H59N300F-80-F3"},{"r":"94","t":"22:44:57","h":"Nord","s":"25N-H59N400F-80-F4"},{"r":"94","t":"22:44:57","h":"Nord","s":"25N-H59NV10I-80-I"},{"r":"94","t":"22:44:57","h":"Nord","s":"25N-H59NV20I-80-I"},{"r":"94","t":"22:44:57","h":"Nord","s":"25S-H59S000I-81-I"},{"r":"94","t":"22:44:57","h":"Nord","s":"25S-H59S100F-81-F1"},{"r":"94","t":"22:44:57","h":"Nord","s":"25S-H59S200F-81-F2"},{"r":"94","t":"22:50:10","h":"Nord","s":"25N-H59N000S-80-S"},{"r":"94","t":"22:50:10","h":"Nord","s":"25N-H59NV10S-84-S"},{"r":"94","t":"22:50:10","h":"Nord","s":"25N-H59NV20S-80-S"},{"r":"94","t":"22:50:10","h":"Nord","s":"25S-H59S000S-81-S"},{"r":"94","t":"22:53:10","h":"Nord","s":"25N-H59N000A-80-A"},{"r":"94","t":"22:53:10","h":"Nord","s":"25N-H59NV10A-80-A"},{"r":"94","t":"22:53:10","h":"Nord","s":"25N-H59VN20A-80-A"},{"r":"94","t":"22:53:10","h":"Nord","s":"25S-H59S000A-81-A"},{"r":"94","t":"23:17:57","h":"Nord","s":"25N-H59N000I-80-I"},{"r":"94","t":"23:17:57","h":"Nord","s":"25N-H59N100F-80-F1"},{"r":"94","t":"23:17:57","h":"Nord","s":"25N-H59N200F-81-F2"},{"r":"94","t":"23:17:57","h":"Nord","s":"25N-H59N300F-80-F3"},{"r":"94","t":"23:17:57","h":"Nord","s":"25N-H59N400F-80-F4"},{"r":"94","t":"23:17:57","h":"Nord","s":"25N-H59NV10I-80-I"},{"r":"94","t":"23:17:57","h":"Nord","s":"25N-H59NV20I-80-I"},{"r":"94","t":"23:17:57","h":"Nord","s":"25S-H59S000I-81-I"},{"r":"94","t":"23:17:57","h":"Nord","s":"25S-H59S100F-81-F1"},{"r":"94","t":"23:17:57","h":"Nord","s":"25S-H59S200F-81-F2"},{"r":"94","t":"23:21:10","h":"Nord","s":"25N-H59N000S-80-S"},{"r":"94","t":"23:21:10","h":"Nord","s":"25N-H59NV10S-84-S"},{"r":"94","t":"23:21:10","h":"Nord","s":"25N-H59NV20S-80-S"},{"r":"94","t":"23:21:10","h":"Nord","s":"25S-H59S000S-81-S"},{"r":"94","t":"23:23:10","h":"Nord","s":"25N-H59N000A-80-A"},{"r":"94","t":"23:23:10","h":"Nord","s":"25N-H59NV10A-80-A"},{"r":"94","t":"23:23:10","h":"Nord","s":"25N-H59VN20A-80-A"},{"r":"94","t":"23:23:10","h":"Nord","s":"25S-H59S000A-81-A"},{"r":"94","t":"23:50:57","h":"Nord","s":"25N-H59N000I-80-I"},{"r":"94","t":"23:50:57","h":"Nord","s":"25N-H59N100F-80-F1"},{"r":"94","t":"23:50:57","h":"Nord","s":"25N-H59N200F-81-F2"},{"r":"94","t":"23:50:57","h":"Nord","s":"25N-H59N300F-80-F3"},{"r":"94","t":"23:50:57","h":"Nord","s":"25N-H59N400F-80-F4"},{"r":"94","t":"23:50:57","h":"Nord","s":"25N-H59NV10I-80-I"},{"r":"94","t":"23:50:57","h":"Nord","s":"25N-H59NV20I-80-I"},{"r":"94","t":"23:50:57","h":"Nord","s":"25S-H59S000I-81-I"},{"r":"94","t":"23:50:57","h":"Nord","s":"25S-H59S100F-81-F1"},{"r":"94","t":"23:50:57","h":"Nord","s":"25S-H59S200F-81-F2"},{"r":"94","t":"23:52:22","h":"Nord","s":"25N-H59N000S-80-S"},{"r":"94","t":"23:52:22","h":"Nord","s":"25N-H59NV10S-84-S"},{"r":"94","t":"23:52:22","h":"Nord","s":"25N-H59NV20S-80-S"},{"r":"94","t":"23:52:22","h":"Nord","s":"25S-H59S000S-81-S"},{"r":"94","t":"23:53:10","h":"Nord","s":"25N-H59N000A-80-A"},{"r":"94","t":"23:53:10","h":"Nord","s":"25N-H59NV10A-80-A"},{"r":"94","t":"23:53:10","h":"Nord","s":"25N-H59VN20A-80-A"},{"r":"94","t":"23:53:10","h":"Nord","s":"25S-H59S000A-81-A"},{"r":"94","t":"24:23:10","h":"Nord","s":"25N-H59N000A-80-A"},{"r":"94","t":"24:23:10","h":"Nord","s":"25N-H59NV10A-80-A"},{"r":"94","t":"24:23:10","h":"Nord","s":"25N-H59VN20A-80-A"},{"r":"94","t":"24:23:10","h":"Nord","s":"25S-H59S000A-81-A"},{"r":"94","t":"24:30:57","h":"Nord","s":"25N-H59N000I-80-I"},{"r":"94","t":"24:30:57","h":"Nord","s":"25N-H59N100F-80-F1"},{"r":"94","t":"24:30:57","h":"Nord","s":"25N-H59N200F-81-F2"},{"r":"94","t":"24:30:57","h":"Nord","s":"25N-H59N300F-80-F3"},{"r":"94","t":"24:30:57","h":"Nord","s":"25N-H59N400F-80-F4"},{"r":"94","t":"24:30:57","h":"Nord","s":"25N-H59NV10I-80-I"},{"r":"94","t":"24:30:57","h":"Nord","s":"25N-H59NV20I-80-I"},{"r":"94","t":"24:30:57","h":"Nord","s":"25S-H59S000I-81-I"},{"r":"94","t":"24:30:57","h":"Nord","s":"25S-H59S100F-81-F1"},{"r":"94","t":"24:30:57","h":"Nord","s":"25S-H59S200F-81-F2"},{"r":"94","t":"24:33:22","h":"Nord","s":"25N-H59N000S-80-S"},{"r":"94","t":"24:33:22","h":"Nord","s":"25N-H59NV10S-84-S"},{"r":"94","t":"24:33:22","h":"Nord","s":"25N-H59NV20S-80-S"},{"r":"94","t":"24:33:22","h":"Nord","s":"25S-H59S000S-81-S"},{"r":"94","t":"24:54:10","h":"Nord","s":"25N-H59N000A-80-A"},{"r":"94","t":"24:54:10","h":"Nord","s":"25N-H59NV10A-80-A"},{"r":"94","t":"24:54:10","h":"Nord","s":"25N-H59VN20A-80-A"},{"r":"94","t":"24:54:10","h":"Nord","s":"25S-H59S000A-81-A"},{"r":"94","t":"25:10:57","h":"Nord","s":"25N-H59N000I-80-I"},{"r":"94","t":"25:10:57","h":"Nord","s":"25N-H59N100F-80-F1"},{"r":"94","t":"25:10:57","h":"Nord","s":"25N-H59N200F-81-F2"},{"r":"94","t":"25:10:57","h":"Nord","s":"25N-H59N300F-80-F3"},{"r":"94","t":"25:10:57","h":"Nord","s":"25N-H59N400F-80-F4"},{"r":"94","t":"25:10:57","h":"Nord","s":"25N-H59NV10I-80-I"},{"r":"94","t":"25:10:57","h":"Nord","s":"25N-H59NV20I-80-I"},{"r":"94","t":"25:10:57","h":"Nord","s":"25S-H59S000I-81-I"},{"r":"94","t":"25:10:57","h":"Nord","s":"25S-H59S100F-81-F1"},{"r":"94","t":"25:10:57","h":"Nord","s":"25S-H59S200F-81-F2"},{"r":"94","t":"25:13:22","h":"Nord","s":"25N-H59N000S-80-S"},{"r":"94","t":"25:13:22","h":"Nord","s":"25N-H59NV10S-84-S"},{"r":"94","t":"25:13:22","h":"Nord","s":"25N-H59NV20S-80-S"},{"r":"94","t":"25:13:22","h":"Nord","s":"25S-H59S000S-81-S"},{"r":"94","t":"25:27:10","h":"Nord","s":"25N-H59N000A-80-A"},{"r":"94","t":"25:27:10","h":"Nord","s":"25N-H59NV10A-80-A"},{"r":"94","t":"25:27:10","h":"Nord","s":"25N-H59VN20A-80-A"},{"r":"94","t":"25:27:10","h":"Nord","s":"25S-H59S000A-81-A"},{"r":"368","t":"25:50:48","h":"Ouest","s":"25N-H57N000A-80-A"},{"r":"368","t":"25:50:48","h":"Ouest","s":"25N-H57N000S-80-S"},{"r":"368","t":"25:50:48","h":"Ouest","s":"25N-H57NV10A-80-A"},{"r":"368","t":"25:50:48","h":"Ouest","s":"25N-H57NV10S-84-S"},{"r":"368","t":"25:50:48","h":"Ouest","s":"25N-H57NV20A-80-A"},{"r":"368","t":"25:50:48","h":"Ouest","s":"25N-H57NV20S-80-S"},{"r":"368","t":"25:50:48","h":"Ouest","s":"25S-H57S000A-80-A"},{"r":"368","t":"25:50:48","h":"Ouest","s":"25S-H57S000S-82-S"},{"r":"368","t":"25:51:48","h":"Ouest","s":"25N-H57N000I-80-I"},{"r":"368","t":"25:51:48","h":"Ouest","s":"25N-H57N100F-80-F1"},{"r":"368","t":"25:51:48","h":"Ouest","s":"25N-H57N200F-80-F2"},{"r":"368","t":"25:51:48","h":"Ouest","s":"25N-H57N300F-80-F3"},{"r":"368","t":"25:51:48","h":"Ouest","s":"25N-H57N400F-80-F4"},{"r":"368","t":"25:51:48","h":"Ouest","s":"25N-H57NV10I-80-I"},{"r":"368","t":"25:51:48","h":"Ouest","s":"25N-H57NV20I-80-I"},{"r":"368","t":"25:51:48","h":"Ouest","s":"25S-H57S000I-80-I"},{"r":"368","t":"25:51:48","h":"Ouest","s":"25S-H57S100F-80-F1"},{"r":"368","t":"25:51:48","h":"Ouest","s":"25S-H57S200F-80-F2"},{"r":"94","t":"25:59:10","h":"Nord","s":"25N-H59N000A-80-A"},{"r":"94","t":"25:59:10","h":"Nord","s":"25N-H59NV10A-80-A"},{"r":"94","t":"25:59:10","h":"Nord","s":"25N-H59VN20A-80-A"},{"r":"94","t":"25:59:10","h":"Nord","s":"25S-H59S000A-81-A"},{"r":"368","t":"26:11:48","h":"Ouest","s":"25N-H57N000A-80-A"},{"r":"368","t":"26:11:48","h":"Ouest","s":"25N-H57NV10A-80-A"},{"r":"368","t":"26:11:48","h":"Ouest","s":"25N-H57NV20A-80-A"},{"r":"368","t":"26:11:48","h":"Ouest","s":"25S-H57S000A-80-A"},{"r":"368","t":"26:30:48","h":"Ouest","s":"25N-H57N000A-80-A"},{"r":"368","t":"26:30:48","h":"Ouest","s":"25N-H57NV10A-80-A"},{"r":"368","t":"26:30:48","h":"Ouest","s":"25N-H57NV20A-80-A"},{"r":"368","t":"26:30:48","h":"Ouest","s":"25S-H57S000A-80-A"},{"r":"368","t":"26:31:48","h":"Ouest","s":"25N-H57N000S-80-S"},{"r":"368","t":"26:31:48","h":"Ouest","s":"25N-H57NV10S-84-S"},{"r":"368","t":"26:31:48","h":"Ouest","s":"25N-H57NV20S-80-S"},{"r":"368","t":"26:31:48","h":"Ouest","s":"25S-H57S000S-82-S"},{"r":"368","t":"26:36:48","h":"Ouest","s":"25N-H57N000I-80-I"},{"r":"368","t":"26:36:48","h":"Ouest","s":"25N-H57N100F-80-F1"},{"r":"368","t":"26:36:48","h":"Ouest","s":"25N-H57N200F-80-F2"},{"r":"368","t":"26:36:48","h":"Ouest","s":"25N-H57N300F-80-F3"},{"r":"368","t":"26:36:48","h":"Ouest","s":"25N-H57N400F-80-F4"},{"r":"368","t":"26:36:48","h":"Ouest","s":"25N-H57NV10I-80-I"},{"r":"368","t":"26:36:48","h":"Ouest","s":"25N-H57NV20I-80-I"},{"r":"368","t":"26:36:48","h":"Ouest","s":"25S-H57S000I-80-I"},{"r":"368","t":"26:36:48","h":"Ouest","s":"25S-H57S100F-80-F1"},{"r":"368","t":"26:36:48","h":"Ouest","s":"25S-H57S200F-80-F2"},{"r":"368","t":"27:00:48","h":"Ouest","s":"25N-H57N000A-80-A"},{"r":"368","t":"27:00:48","h":"Ouest","s":"25N-H57NV10A-80-A"},{"r":"368","t":"27:00:48","h":"Ouest","s":"25N-H57NV20A-80-A"},{"r":"368","t":"27:00:48","h":"Ouest","s":"25S-H57S000A-80-A"},{"r":"368","t":"27:21:48","h":"Ouest","s":"25N-H57N000I-80-I"},{"r":"368","t":"27:21:48","h":"Ouest","s":"25N-H57N100F-80-F1"},{"r":"368","t":"27:21:48","h":"Ouest","s":"25N-H57N200F-80-F2"},{"r":"368","t":"27:21:48","h":"Ouest","s":"25N-H57N300F-80-F3"},{"r":"368","t":"27:21:48","h":"Ouest","s":"25N-H57N400F-80-F4"},{"r":"368","t":"27:21:48","h":"Ouest","s":"25N-H57NV10I-80-I"},{"r":"368","t":"27:21:48","h":"Ouest","s":"25N-H57NV20I-80-I"},{"r":"368","t":"27:21:48","h":"Ouest","s":"25S-H57S000I-80-I"},{"r":"368","t":"27:21:48","h":"Ouest","s":"25S-H57S100F-80-F1"},{"r":"368","t":"27:21:48","h":"Ouest","s":"25S-H57S200F-80-F2"},{"r":"368","t":"27:25:48","h":"Ouest","s":"25N-H57N000S-80-S"},{"r":"368","t":"27:25:48","h":"Ouest","s":"25N-H57NV10S-84-S"},{"r":"368","t":"27:25:48","h":"Ouest","s":"25N-H57NV20S-80-S"},{"r":"368","t":"27:25:48","h":"Ouest","s":"25S-H57S000S-82-S"},{"r":"368","t":"27:30:48","h":"Ouest","s":"25N-H57N000A-80-A"},{"r":"368","t":"27:30:48","h":"Ouest","s":"25N-H57NV10A-80-A"},{"r":"368","t":"27:30:48","h":"Ouest","s":"25N-H57NV20A-80-A"},{"r":"368","t":"27:30:48","h":"Ouest","s":"25S-H57S000A-80-A"},{"r":"368","t":"28:06:48","h":"Ouest","s":"25N-H57N000I-80-I"},{"r":"368","t":"28:06:48","h":"Ouest","s":"25N-H57N100F-80-F1"},{"r":"368","t":"28:06:48","h":"Ouest","s":"25N-H57N200F-80-F2"},{"r":"368","t":"28:06:48","h":"Ouest","s":"25N-H57N300F-80-F3"},{"r":"368","t":"28:06:48","h":"Ouest","s":"25N-H57N400F-80-F4"},{"r":"368","t":"28:06:48","h":"Ouest","s":"25N-H57NV10I-80-I"},{"r":"368","t":"28:06:48","h":"Ouest","s":"25N-H57NV20I-80-I"},{"r":"368","t":"28:06:48","h":"Ouest","s":"25S-H57S000I-80-I"},{"r":"368","t":"28:06:48","h":"Ouest","s":"25S-H57S100F-80-F1"},{"r":"368","t":"28:06:48","h":"Ouest","s":"25S-H57S200F-80-F2"},{"r":"368","t":"28:07:48","h":"Ouest","s":"25N-H57N000A-80-A"},{"r":"368","t":"28:07:48","h":"Ouest","s":"25N-H57NV10A-80-A"},{"r":"368","t":"28:07:48","h":"Ouest","s":"25N-H57NV20A-80-A"},{"r":"368","t":"28:07:48","h":"Ouest","s":"25S-H57S000A-80-A"},{"r":"368","t":"28:18:48","h":"Ouest","s":"25N-H57N000S-80-S"},{"r":"368","t":"28:18:48","h":"Ouest","s":"25N-H57NV10S-84-S"},{"r":"368","t":"28:18:48","h":"Ouest","s":"25N-H57NV20S-80-S"},{"r":"368","t":"28:18:48","h":"Ouest","s":"25S-H57S000S-82-S"},{"r":"368","t":"28:50:48","h":"Ouest","s":"25N-H57N000A-80-A"},{"r":"368","t":"28:50:48","h":"Ouest","s":"25N-H57NV10A-80-A"},{"r":"368","t":"28:50:48","h":"Ouest","s":"25N-H57NV20A-80-A"},{"r":"368","t":"28:50:48","h":"Ouest","s":"25S-H57S000A-80-A"},{"r":"368","t":"28:52:22","h":"Ouest","s":"25N-H57N000I-80-I"},{"r":"368","t":"28:52:22","h":"Ouest","s":"25N-H57N100F-80-F1"},{"r":"368","t":"28:52:22","h":"Ouest","s":"25N-H57N200F-80-F2"},{"r":"368","t":"28:52:22","h":"Ouest","s":"25N-H57N300F-80-F3"},{"r":"368","t":"28:52:22","h":"Ouest","s":"25N-H57N400F-80-F4"},{"r":"368","t":"28:52:22","h":"Ouest","s":"25N-H57NV10I-80-I"},{"r":"368","t":"28:52:22","h":"Ouest","s":"25N-H57NV20I-80-I"},{"r":"368","t":"28:52:22","h":"Ouest","s":"25S-H57S000I-80-I"},{"r":"368","t":"28:52:22","h":"Ouest","s":"25S-H57S100F-80-F1"},{"r":"368","t":"28:52:22","h":"Ouest","s":"25S-H57S200F-80-F2"},{"r":"368","t":"28:56:22","h":"Ouest","s":"25N-H57N000S-80-S"},{"r":"368","t":"28:56:22","h":"Ouest","s":"25N-H57NV10S-84-S"},{"r":"368","t":"28:56:22","h":"Ouest","s":"25N-H57NV20S-80-S"},{"r":"368","t":"28:56:22","h":"Ouest","s":"25S-H57S000S-82-S"}]