[{"r":"14","t":"06:30:26","h":"Nord","s":"25N-H57N000S-80-S"},{"r":"14","t":"06:30:26","h":"Nord","s":"25N-H57NV10S-84-S"},{"r":"14","t":"06:30:26","h":"Nord","s":"25N-H57NV20S-80-S"},{"r":"14","t":"06:30:26","h":"Nord","s":"25S-H57S000S-82-S"},{"r":"14","t":"06:53:26","h":"Nord","s":"25N-H57N000S-80-S"},{"r":"14","t":"06:53:26","h":"Nord","s":"25N-H57NV10S-84-S"},{"r":"14","t":"06:53:26","h":"Nord","s":"25N-H57NV20S-80-S"},{"r":"14","t":"06:53:26","h":"Nord","s":"25S-H57S000S-82-S"},{"r":"14","t":"07:18:03","h":"Nord","s":"25N-H57N000S-80-S"},{"r":"14","t":"07:18:03","h":"Nord","s":"25N-H57NV10S-84-S"},{"r":"14","t":"07:18:03","h":"Nord","s":"25N-H57NV20S-80-S"},{"r":"14","t":"07:18:03","h":"Nord","s":"25S-H57S000S-82-S"},{"r":"14","t":"07:45:03","h":"Nord","s":"25N-H57N000S-80-S"},{"r":"14","t":"07:45:03","h":"Nord","s":"25N-H57NV10S-84-S"},{"r":"14","t":"07:45:03","h":"Nord","s":"25N-H57NV20S-80-S"},{"r":"14","t":"07:45:03","h":"Nord","s":"25S-H57S000S-82-S"},{"r":"14","t":"08:14:03","h":"Nord","s":"25N-H57N000S-80-S"},{"r":"14","t":"08:14:03","h":"Nord","s":"25N-H57NV10S-84-S"},{"r":"14","t":"08:14:03","h":"Nord","s":"25N-H57NV20S-80-S"},{"r":"14","t":"08:14:03","h":"Nord","s":"25S-H57S000S-82-S"},{"r":"14","t":"08:20:50","h":"Nord","s":"25N-H57N000A-80-A"},{"r":"14","t":"08:20:50","h":"Nord","s":"25N-H57NV10A-80-A"},{"r":"14","t":"08:20:50","h":"Nord","s":"25N-H57NV20A-80-A"},{"r":"14","t":"08:20:50","h":"Nord","s":"25S-H57S000A-80-A"},{"r":"14","t":"08:42:03","h":"Nord","s":"25N-H57N000S-80-S"},{"r":"14","t":"08:42:03","h":"Nord","s":"25N-H57NV10S-84-S"},{"r":"14","t":"08:42:03","h":"Nord","s":"25N-H57NV20S-80-S"},{"r":"14","t":"08:42:03","h":"Nord","s":"25S-H57S000S-82-S"},{"r":"14","t":"09:10:03","h":"Nord","s":"25N-H57N000S-80-S"},{"r":"14","t":"09:10:03","h":"Nord","s":"25N-H57NV10S-84-S"},{"r":"14","t":"09:10:03","h":"Nord","s":"25N-H57NV20S-80-S"},{"r":"14","t":"09:10:03","h":"Nord","s":"25S-H57S000S-82-S"},{"r":"14","t":"09:10:50","h":"Nord","s":"25N-H57N000A-80-A"},{"r":"14","t":"09:10:50","h":"Nord","s":"25N-H57N000I-80-I"},{"r":"14","t":"09:10:50","h":"Nord","s":"25N-H57N100F-80-F1"},{"r":"14","t":"09:10:50","h":"Nord","s":"25N-H57N200F-80-F2"},{"r":"14","t":"09:10:50","h":"Nord","s":"25N-H57N300F-80-F3"},{"r":"14","t":"09:10:50","h":"Nord","s":"25N-H57N400F-80-F4"},{"r":"14","t":"09:10:50","h":"Nord","s":"25N-H57NV10A-80-A"},{"r":"14","t":"09:10:50","h":"Nord","s":"25N-H57NV10I-80-I"},{"r":"14","t":"09:10:50","h":"Nord","s":"25N-H57NV20A-80-A"},{"r":"14","t":"09:10:50","h":"Nord","s":"25N-H57NV20I-80-I"},{"r":"14","t":"09:10:50","h":"Nord","s":"25S-H57S000A-80-A"},{"r":"14","t":"09:10:50","h":"Nord","s":"25S-H57S000I-80-I"},{"r":"14","t":"09:10:50","h":"Nord","s":"25S-H57S100F-80-F1"},{"r":"14","t":"09:10:50","h":"Nord","s":"25S-H57S200F-80-F2"},{"r":"14","t":"09:37:03","h":"Nord","s":"25N-H57N000S-80-S"},{"r":"14","t":"09:37:03","h":"Nord","s":"25N-H57NV10S-84-S"},{"r":"14","t":"09:37:03","h":"Nord","s":"25N-H57NV20S-80-S"},{"r":"14","t":"09:37:03","h":"Nord","s":"25S-H57S000S-82-S"},{"r":"14","t":"10:00:50","h":"Nord","s":"25N-H57N000A-80-A"},{"r":"14","t":"10:00:50","h":"Nord","s":"25N-H57NV10A-80-A"},{"r":"14","t":"10:00:50","h":"Nord","s":"25N-H57NV20A-80-A"},{"r":"14","t":"10:00:50","h":"Nord","s":"25S-H57S000A-80-A"},{"r":"14","t":"10:01:50","h":"Nord","s":"25N-H57N000I-80-I"},{"r":"14","t":"10:01:50","h":"Nord","s":"25N-H57N100F-80-F1"},{"r":"14","t":"10:01:50","h":"Nord","s":"25N-H57N200F-80-F2"},{"r":"14","t":"10:01:50","h":"Nord","s":"25N-H57N300F-80-F3"},{"r":"14","t":"10:01:50","h":"Nord","s":"25N-H57N400F-80-F4"},{"r":"14","t":"10:01:50","h":"Nord","s":"25N-H57NV10I-80-I"},{"r":"14","t":"10:01:50","h":"Nord","s":"25N-H57NV20I-80-I"},{"r":"14","t":"10:01:50","h":"Nord","s":"25S-H57S000I-80-I"},{"r":"14","t":"10:01:50","h":"Nord","s":"25S-H57S100F-80-F1"},{"r":"14","t":"10:01:50","h":"Nord","s":"25S-H57S200F-80-F2"},{"r":"14","t":"10:05:03","h":"Nord","s":"25N-H57N000S-80-S"},{"r":"14","t":"10:05:03","h":"Nord","s":"25N-H57NV10S-84-S"},{"r":"14","t":"10:05:03","h":"Nord","s":"25N-H57NV20S-80-S"},{"r":"14","t":"10:05:03","h":"Nord","s":"25S-H57S000S-82-S"},{"r":"14","t":"10:32:03","h":"Nord","s":"25N-H57N000S-80-S"},{"r":"14","t":"10:32:03","h":"Nord","s":"25N-H57NV10S-84-S"},{"r":"14","t":"10:32:03","h":"Nord","s":"25N-H57NV20S-80-S"},{"r":"14","t":"10:32:03","h":"Nord","s":"25S-H57S000S-82-S"},{"r":"14","t":"10:50:50","h":"Nord","s":"25N-H57N000A-80-A"},{"r":"14","t":"10:50:50","h":"Nord","s":"25N-H57NV10A-80-A"},{"r":"14","t":"10:50:50","h":"Nord","s":"25N-H57NV20A-80-A"},{"r":"14","t":"10:50:50","h":"Nord","s":"25S-H57S000A-80-A"},{"r":"14","t":"10:51:50","h":"Nord","s":"25N-H57N000I-80-I"},{"r":"14","t":"10:51:50","h":"Nord","s":"25N-H57N100F-80-F1"},{"r":"14","t":"10:51:50","h":"Nord","s":"25N-H57N200F-80-F2"},{"r":"14","t":"10:51:50","h":"Nord","s":"25N-H57N300F-80-F3"},{"r":"14","t":"10:51:50","h":"Nord","s":"25N-H57N400F-80-F4"},{"r":"14","t":"10:51:50","h":"Nord","s":"25N-H57NV10I-80-I"},{"r":"14","t":"10:51:50","h":"Nord","s":"25N-H57NV20I-80-I"},{"r":"14","t":"10:51:50","h":"Nord","s":"25S-H57S000I-80-I"},{"r":"14","t":"10:51:50","h":"Nord","s":"25S-H57S100F-80-F1"},{"r":"14","t":"10:51:50","h":"Nord","s":"25S-H57S200F-80-F2"},{"r":"14","t":"11:00:03","h":"Nord","s":"25N-H57N000S-80-S"},{"r":"14","t":"11:00:03","h":"Nord","s":"25N-H57NV10S-84-S"},{"r":"14","t":"11:00:03","h":"Nord","s":"25N-H57NV20S-80-S"},{"r":"14","t":"11:00:03","h":"Nord","s":"25S-H57S000S-82-S"},{"r":"14","t":"11:26:03","h":"Nord","s":"25N-H57N000S-80-S"},{"r":"14","t":"11:26:03","h":"Nord","s":"25N-H57NV10S-84-S"},{"r":"14","t":"11:26:03","h":"Nord","s":"25N-H57NV20S-80-S"},{"r":"14","t":"11:26:03","h":"Nord","s":"25S-H57S000S-82-S"},{"r":"14","t":"11:40:50","h":"Nord","s":"25N-H57N000A-80-A"},{"r":"14","t":"11:40:50","h":"Nord","s":"25N-H57NV10A-80-A"},{"r":"14","t":"11:40:50","h":"Nord","s":"25N-H57NV20A-80-A"},{"r":"14","t":"11:40:50","h":"Nord","s":"25S-H57S000A-80-A"},{"r":"14","t":"11:43:26","h":"Nord","s":"25N-H57N000I-80-I"},{"r":"14","t":"11:43:26","h":"Nord","s":"25N-H57N100F-80-F1"},{"r":"14","t":"11:43:26","h":"Nord","s":"25N-H57N200F-80-F2"},{"r":"14","t":"11:43:26","h":"Nord","s":"25N-H57N300F-80-F3"},{"r":"14","t":"11:43:26","h":"Nord","s":"25N-H57N400F-80-F4"},{"r":"14","t":"11:43:26","h":"Nord","s":"25N-H57NV10I-80-I"},{"r":"14","t":"11:43:26","h":"Nord","s":"25N-H57NV20I-80-I"},{"r":"14","t":"11:43:26","h":"Nord","s":"25S-H57S000I-80-I"},{"r":"14","t":"11:43:26","h":"Nord","s":"25S-H57S100F-80-F1"},{"r":"14","t":"11:43:26","h":"Nord","s":"25S-H57S200F-80-F2"},{"r":"14","t":"11:52:03","h":"Nord","s":"25N-H57N000S-80-S"},{"r":"14","t":"11:52:03","h":"Nord","s":"25N-H57NV10S-84-S"},{"r":"14","t":"11:52:03","h":"Nord","s":"25N-H57NV20S-80-S"},{"r":"14","t":"11:52:03","h":"Nord","s":"25S-H57S000S-82-S"},{"r":"14","t":"12:18:03","h":"Nord","s":"25N-H57N000S-80-S"},{"r":"14","t":"12:18:03","h":"Nord","s":"25N-H57NV10S-84-S"},{"r":"14","t":"12:18:03","h":"Nord","s":"25N-H57NV20S-80-S"},{"r":"14","t":"12:18:03","h":"Nord","s":"25S-H57S000S-82-S"},{"r":"14","t":"12:30:50","h":"Nord","s":"25N-H57N000A-80-A"},{"r":"14","t":"12:30:50","h":"Nord","s":"25N-H57NV10A-80-A"},{"r":"14","t":"12:30:50","h":"Nord","s":"25N-H57NV20A-80-A"},{"r":"14","t":"12:30:50","h":"Nord","s":"25S-H57S000A-80-A"},{"r":"14","t":"12:35:26","h":"Nord","s":"25N-H57N000I-80-I"},{"r":"14","t":"12:35:26","h":"Nord","s":"25N-H57N100F-80-F1"},{"r":"14","t":"12:35:26","h":"Nord","s":"25N-H57N200F-80-F2"},{"r":"14","t":"12:35:26","h":"Nord","s":"25N-H57N300F-80-F3"},{"r":"14","t":"12:35:26","h":"Nord","s":"25N-H57N400F-80-F4"},{"r":"14","t":"12:35:26","h":"Nord","s":"25N-H57NV10I-80-I"},{"r":"14","t":"12:35:26","h":"Nord","s":"25N-H57NV20I-80-I"},{"r":"14","t":"12:35:26","h":"Nord","s":"25S-H57S000I-80-I"},{"r":"14","t":"12:35:26","h":"Nord","s":"25S-H57S100F-80-F1"},{"r":"14","t":"12:35:26","h":"Nord","s":"25S-H57S200F-80-F2"},{"r":"14","t":"12:44:03","h":"Nord","s":"25N-H57N000S-80-S"},{"r":"14","t":"12:44:03","h":"Nord","s":"25N-H57NV10S-84-S"},{"r":"14","t":"12:44:03","h":"Nord","s":"25N-H57NV20S-80-S"},{"r":"14","t":"12:44:03","h":"Nord","s":"25S-H57S000S-82-S"},{"r":"14","t":"13:10:03","h":"Nord","s":"25N-H57N000S-80-S"},{"r":"14","t":"13:10:03","h":"Nord","s":"25N-H57NV10S-84-S"},{"r":"14","t":"13:10:03","h":"Nord","s":"25N-H57NV20S-80-S"},{"r":"14","t":"13:10:03","h":"Nord","s":"25S-H57S000S-82-S"},{"r":"14","t":"13:21:50","h":"Nord","s":"25N-H57N000A-80-A"},{"r":"14","t":"13:21:50","h":"Nord","s":"25N-H57NV10A-80-A"},{"r":"14","t":"13:21:50","h":"Nord","s":"25N-H57NV20A-80-A"},{"r":"14","t":"13:21:50","h":"Nord","s":"25S-H57S000A-80-A"},{"r":"14","t":"13:27:26","h":"Nord","s":"25N-H57N000I-80-I"},{"r":"14","t":"13:27:26","h":"Nord","s":"25N-H57N100F-80-F1"},{"r":"14","t":"13:27:26","h":"Nord","s":"25N-H57N200F-80-F2"},{"r":"14","t":"13:27:26","h":"Nord","s":"25N-H57N300F-80-F3"},{"r":"14","t":"13:27:26","h":"Nord","s":"25N-H57N400F-80-F4"},{"r":"14","t":"13:27:26","h":"Nord","s":"25N-H57NV10I-80-I"},{"r":"14","t":"13:27:26","h":"Nord","s":"25N-H57NV20I-80-I"},{"r":"14","t":"13:27:26","h":"Nord","s":"25S-H57S000I-80-I"},{"r":"14","t":"13:27:26","h":"Nord","s":"25S-H57S100F-80-F1"},{"r":"14","t":"13:27:26","h":"Nord","s":"25S-H57S200F-80-F2"},{"r":"14","t":"13:38:03","h":"Nord","s":"25N-H57N000S-80-S"},{"r":"14","t":"13:38:03","h":"Nord","s":"25N-H57NV10S-84-S"},{"r":"14","t":"13:38:03","h":"Nord","s":"25N-H57NV20S-80-S"},{"r":"14","t":"13:38:03","h":"Nord","s":"25S-H57S000S-82-S"},{"r":"14","t":"14:04:03","h":"Nord","s":"25N-H57N000S-80-S"},{"r":"14","t":"14:04:03","h":"Nord","s":"25N-H57NV10S-84-S"},{"r":"14","t":"14:04:03","h":"Nord","s":"25N-H57NV20S-80-S"},{"r":"14","t":"14:04:03","h":"Nord","s":"25S-H57S000S-82-S"},{"r":"14","t":"14:12:50","h":"Nord","s":"25N-H57N000A-80-A"},{"r":"14","t":"14:12:50","h":"Nord","s":"25N-H57NV10A-80-A"},{"r":"14","t":"14:12:50","h":"Nord","s":"25N-H57NV20A-80-A"},{"r":"14","t":"14:12:50","h":"Nord","s":"25S-H57S000A-80-A"},{"r":"14","t":"14:18:26","h":"Nord","s":"25N-H57N000I-80-I"},{"r":"14","t":"14:18:26","h":"Nord","s":"25N-H57N100F-80-F1"},{"r":"14","t":"14:18:26","h":"Nord","s":"25N-H57N200F-80-F2"},{"r":"14","t":"14:18:26","h":"Nord","s":"25N-H57N300F-80-F3"},{"r":"14","t":"14:18:26","h":"Nord","s":"25N-H57N400F-80-F4"},{"r":"14","t":"14:18:26","h":"Nord","s":"25N-H57NV10I-80-I"},{"r":"14","t":"14:18:26","h":"Nord","s":"25N-H57NV20I-80-I"},{"r":"14","t":"14:18:26","h":"Nord","s":"25S-H57S000I-80-I"},{"r":"14","t":"14:18:26","h":"Nord","s":"25S-H57S100F-80-F1"},{"r":"14","t":"14:18:26","h":"Nord","s":"25S-H57S200F-80-F2"},{"r":"14","t":"14:32:03","h":"Nord","s":"25N-H57N000S-80-S"},{"r":"14","t":"14:32:03","h":"Nord","s":"25N-H57NV10S-84-S"},{"r":"14","t":"14:32:03","h":"Nord","s":"25N-H57NV20S-80-S"},{"r":"14","t":"14:32:03","h":"Nord","s":"25S-H57S000S-82-S"},{"r":"14","t":"14:58:03","h":"Nord","s":"25N-H57N000S-80-S"},{"r":"14","t":"14:58:03","h":"Nord","s":"25N-H57NV10S-84-S"},{"r":"14","t":"14:58:03","h":"Nord","s":"25N-H57NV20S-80-S"},{"r":"14","t":"14:58:03","h":"Nord","s":"25S-H57S000S-82-S"},{"r":"14","t":"15:03:50","h":"Nord","s":"25N-H57N000A-80-A"},{"r":"14","t":"15:03:50","h":"Nord","s":"25N-H57NV10A-80-A"},{"r":"14","t":"15:03:50","h":"Nord","s":"25N-H57NV20A-80-A"},{"r":"14","t":"15:03:50","h":"Nord","s":"25S-H57S000A-80-A"},{"r":"14","t":"15:09:26","h":"Nord","s":"25N-H57N000I-80-I"},{"r":"14","t":"15:09:26","h":"Nord","s":"25N-H57N100F-80-F1"},{"r":"14","t":"15:09:26","h":"Nord","s":"25N-H57N200F-80-F2"},{"r":"14","t":"15:09:26","h":"Nord","s":"25N-H57N300F-80-F3"},{"r":"14","t":"15:09:26","h":"Nord","s":"25N-H57N400F-80-F4"},{"r":"14","t":"15:09:26","h":"Nord","s":"25N-H57NV10I-80-I"},{"r":"14","t":"15:09:26","h":"Nord","s":"25N-H57NV20I-80-I"},{"r":"14","t":"15:09:26","h":"Nord","s":"25S-H57S000I-80-I"},{"r":"14","t":"15:09:26","h":"Nord","s":"25S-H57S100F-80-F1"},{"r":"14","t":"15:09:26","h":"Nord","s":"25S-H57S200F-80-F2"},{"r":"14","t":"15:26:03","h":"Nord","s":"25N-H57N000S-80-S"},{"r":"14","t":"15:26:03","h":"Nord","s":"25N-H57NV10S-84-S"},{"r":"14","t":"15:26:03","h":"Nord","s":"25N-H57NV20S-80-S"},{"r":"14","t":"15:26:03","h":"Nord","s":"25S-H57S000S-82-S"},{"r":"14","t":"15:53:03","h":"Nord","s":"25N-H57N000S-80-S"},{"r":"14","t":"15:53:03","h":"Nord","s":"25N-H57NV10S-84-S"},{"r":"14","t":"15:53:03","h":"Nord","s":"25N-H57NV20S-80-S"},{"r":"14","t":"15:53:03","h":"Nord","s":"25S-H57S000S-82-S"},{"r":"14","t":"15:55:50","h":"Nord","s":"25N-H57N000A-80-A"},{"r":"14","t":"15:55:50","h":"Nord","s":"25N-H57NV10A-80-A"},{"r":"14","t":"15:55:50","h":"Nord","s":"25N-H57NV20A-80-A"},{"r":"14","t":"15:55:50","h":"Nord","s":"25S-H57S000A-80-A"},{"r":"14","t":"16:00:26","h":"Nord","s":"25N-H57N000I-80-I"},{"r":"14","t":"16:00:26","h":"Nord","s":"25N-H57N100F-80-F1"},{"r":"14","t":"16:00:26","h":"Nord","s":"25N-H57N200F-80-F2"},{"r":"14","t":"16:00:26","h":"Nord","s":"25N-H57N300F-80-F3"},{"r":"14","t":"16:00:26","h":"Nord","s":"25N-H57N400F-80-F4"},{"r":"14","t":"16:00:26","h":"Nord","s":"25N-H57NV10I-80-I"},{"r":"14","t":"16:00:26","h":"Nord","s":"25N-H57NV20I-80-I"},{"r":"14","t":"16:00:26","h":"Nord","s":"25S-H57S000I-80-I"},{"r":"14","t":"16:00:26","h":"Nord","s":"25S-H57S100F-80-F1"},{"r":"14","t":"16:00:26","h":"Nord","s":"25S-H57S200F-80-F2"},{"r":"14","t":"16:21:03","h":"Nord","s":"25N-H57N000S-80-S"},{"r":"14","t":"16:21:03","h":"Nord","s":"25N-H57NV10S-84-S"},{"r":"14","t":"16:21:03","h":"Nord","s":"25N-H57NV20S-80-S"},{"r":"14","t":"16:21:03","h":"Nord","s":"25S-H57S000S-82-S"},{"r":"14","t":"16:47:50","h":"Nord","s":"25N-H57N000A-80-A"},{"r":"14","t":"16:47:50","h":"Nord","s":"25N-H57NV10A-80-A"},{"r":"14","t":"16:47:50","h":"Nord","s":"25N-H57NV20A-80-A"},{"r":"14","t":"16:47:50","h":"Nord","s":"25S-H57S000A-80-A"},{"r":"14","t":"16:48:40","h":"Nord","s":"25N-H57N000S-80-S"},{"r":"14","t":"16:48:40","h":"Nord","s":"25N-H57NV10S-84-S"},{"r":"14","t":"16:48:40","h":"Nord","s":"25N-H57NV20S-80-S"},{"r":"14","t":"16:48:40","h":"Nord","s":"25S-H57S000S-82-S"},{"r":"14","t":"16:51:26","h":"Nord","s":"25N-H57N000I-80-I"},{"r":"14","t":"16:51:26","h":"Nord","s":"25N-H57N100F-80-F1"},{"r":"14","t":"16:51:26","h":"Nord","s":"25N-H57N200F-80-F2"},{"r":"14","t":"16:51:26","h":"Nord","s":"25N-H57N300F-80-F3"},{"r":"14","t":"16:51:26","h":"Nord","s":"25N-H57N400F-80-F4"},{"r":"14","t":"16:51:26","h":"Nord","s":"25N-H57NV10I-80-I"},{"r":"14","t":"16:51:26","h":"Nord","s":"25N-H57NV20I-80-I"},{"r":"14","t":"16:51:26","h":"Nord","s":"25S-H57S000I-80-I"},{"r":"14","t":"16:51:26","h":"Nord","s":"25S-H57S100F-80-F1"},{"r":"14","t":"16:51:26","h":"Nord","s":"25S-H57S200F-80-F2"},{"r":"14","t":"17:18:40","h":"Nord","s":"25N-H57N000S-80-S"},{"r":"14","t":"17:18:40","h":"Nord","s":"25N-H57NV10S-84-S"},{"r":"14","t":"17:18:40","h":"Nord","s":"25N-H57NV20S-80-S"},{"r":"14","t":"17:18:40","h":"Nord","s":"25S-H57S000S-82-S"},{"r":"14","t":"17:39:50","h":"Nord","s":"25N-H57N000A-80-A"},{"r":"14","t":"17:39:50","h":"Nord","s":"25N-H57NV10A-80-A"},{"r":"14","t":"17:39:50","h":"Nord","s":"25N-H57NV20A-80-A"},{"r":"14","t":"17:39:50","h":"Nord","s":"25S-H57S000A-80-A"},{"r":"14","t":"17:42:26","h":"Nord","s":"25N-H57N000I-80-I"},{"r":"14","t":"17:42:26","h":"Nord","s":"25N-H57N100F-80-F1"},{"r":"14","t":"17:42:26","h":"Nord","s":"25N-H57N200F-80-F2"},{"r":"14","t":"17:42:26","h":"Nord","s":"25N-H57N300F-80-F3"},{"r":"14","t":"17:42:26","h":"Nord","s":"25N-H57N400F-80-F4"},{"r":"14","t":"17:42:26","h":"Nord","s":"25N-H57NV10I-80-I"},{"r":"14","t":"17:42:26","h":"Nord","s":"25N-H57NV20I-80-I"},{"r":"14","t":"17:42:26","h":"Nord","s":"25S-H57S000I-80-I"},{"r":"14","t":"17:42:26","h":"Nord","s":"25S-H57S100F-80-F1"},{"r":"14","t":"17:42:26","h":"Nord","s":"25S-H57S200F-80-F2"},{"r":"14","t":"17:48:40","h":"Nord","s":"25N-H57N000S-80-S"},{"r":"14","t":"17:48:40","h":"Nord","s":"25N-H57NV10S-84-S"},{"r":"14","t":"17:48:40","h":"Nord","s":"25N-H57NV20S-80-S"},{"r":"14","t":"17:48:40","h":"Nord","s":"25S-H57S000S-82-S"},{"r":"14","t":"18:17:26","h":"Nord","s":"25N-H57N000S-80-S"},{"r":"14","t":"18:17:26","h":"Nord","s":"25N-H57NV10S-84-S"},{"r":"14","t":"18:17:26","h":"Nord","s":"25N-H57NV20S-80-S"},{"r":"14","t":"18:17:26","h":"Nord","s":"25S-H57S000S-82-S"},{"r":"14","t":"18:31:13","h":"Nord","s":"25N-H57N000A-80-A"},{"r":"14","t":"18:31:13","h":"Nord","s":"25N-H57NV10A-80-A"},{"r":"14","t":"18:31:13","h":"Nord","s":"25N-H57NV20A-80-A"},{"r":"14","t":"18:31:13","h":"Nord","s":"25S-H57S000A-80-A"},{"r":"14","t":"18:33:26","h":"Nord","s":"25N-H57N000I-80-I"},{"r":"14","t":"18:33:26","h":"Nord","s":"25N-H57N100F-80-F1"},{"r":"14","t":"18:33:26","h":"Nord","s":"25N-H57N200F-80-F2"},{"r":"14","t":"18:33:26","h":"Nord","s":"25N-H57N300F-80-F3"},{"r":"14","t":"18:33:26","h":"Nord","s":"25N-H57N400F-80-F4"},{"r":"14","t":"18:33:26","h":"Nord","s":"25N-H57NV10I-80-I"},{"r":"14","t":"18:33:26","h":"Nord","s":"25N-H57NV20I-80-I"},{"r":"14","t":"18:33:26","h":"Nord","s":"25S-H57S000I-80-I"},{"r":"14","t":"18:33:26","h":"Nord","s":"25S-H57S100F-80-F1"},{"r":"14","t":"18:33:26","h":"Nord","s":"25S-H57S200F-80-F2"},{"r":"14","t":"18:44:26","h":"Nord","s":"25N-H57N000S-80-S"},{"r":"14","t":"18:44:26","h":"Nord","s":"25N-H57NV10S-84-S"},{"r":"14","t":"18:44:26","h":"Nord","s":"25N-H57NV20S-80-S"},{"r":"14","t":"18:44:26","h":"Nord","s":"25S-H57S000S-82-S"},{"r":"14","t":"19:09:26","h":"Nord","s":"25N-H57N000S-80-S"},{"r":"14","t":"19:09:26","h":"Nord","s":"25N-H57NV10S-84-S"},{"r":"14","t":"19:09:26","h":"Nord","s":"25N-H57NV20S-80-S"},{"r":"14","t":"19:09:26","h":"Nord","s":"25S-H57S000S-82-S"},{"r":"14","t":"19:23:13","h":"Nord","s":"25N-H57N000A-80-A"},{"r":"14","t":"19:23:13","h":"Nord","s":"25N-H57NV10A-80-A"},{"r":"14","t":"19:23:13","h":"Nord","s":"25N-H57NV20A-80-A"},{"r":"14","t":"19:23:13","h":"Nord","s":"25S-H57S000A-80-A"},{"r":"14","t":"19:24:26","h":"Nord","s":"25N-H57N000I-80-I"},{"r":"14","t":"19:24:26","h":"Nord","s":"25N-H57N100F-80-F1"},{"r":"14","t":"19:24:26","h":"Nord","s":"25N-H57N200F-80-F2"},{"r":"14","t":"19:24:26","h":"Nord","s":"25N-H57N300F-80-F3"},{"r":"14","t":"19:24:26","h":"Nord","s":"25N-H57N400F-80-F4"},{"r":"14","t":"19:24:26","h":"Nord","s":"25N-H57NV10I-80-I"},{"r":"14","t":"19:24:26","h":"Nord","s":"25N-H57NV20I-80-I"},{"r":"14","t":"19:24:26","h":"Nord","s":"25S-H57S000I-80-I"},{"r":"14","t":"19:24:26","h":"Nord","s":"25S-H57S100F-80-F1"},{"r":"14","t":"19:24:26","h":"Nord","s":"25S-H57S200F-80-F2"},{"r":"14","t":"19:32:26","h":"Nord","s":"25N-H57N000S-80-S"},{"r":"14","t":"19:32:26","h":"Nord","s":"25N-H57NV10S-84-S"},{"r":"14","t":"19:32:26","h":"Nord","s":"25N-H57NV20S-80-S"},{"r":"14","t":"19:32:26","h":"Nord","s":"25S-H57S000S-82-S"}]