[{"r":"26","t":"05:16:00","h":"Ouest","s":"25N-H54N000A-80-A"},{"r":"26","t":"05:16:00","h":"Ouest","s":"25N-H54NV10A-80-A"},{"r":"26","t":"05:16:00","h":"Ouest","s":"25N-H54NV20A-80-A"},{"r":"26","t":"05:16:00","h":"Ouest","s":"25S-H54S000A-83-A"},{"r":"26","t":"05:17:00","h":"Ouest","s":"25N-H54N000I-80-I"},{"r":"26","t":"05:17:00","h":"Ouest","s":"25N-H54N100F-80-F1"},{"r":"26","t":"05:17:00","h":"Ouest","s":"25N-H54N200F-80-F2"},{"r":"26","t":"05:17:00","h":"Ouest","s":"25N-H54N300F-80-F3"},{"r":"26","t":"05:17:00","h":"Ouest","s":"25N-H54N400F-80-F4"},{"r":"26","t":"05:17:00","h":"Ouest","s":"25N-H54NV10I-80-I"},{"r":"26","t":"05:17:00","h":"Ouest","s":"25N-H54NV20I-80-I"},{"r":"26","t":"05:17:00","h":"Ouest","s":"25S-H54S000I-82-I"},{"r":"26","t":"05:17:00","h":"Ouest","s":"25S-H54S100F-80-F1"},{"r":"26","t":"05:17:00","h":"Ouest","s":"25S-H54S200F-80-F2"},{"r":"26","t":"05:19:00","h":"Ouest","s":"25N-H54N000S-80-S"},{"r":"26","t":"05:19:00","h":"Ouest","s":"25N-H54NV10S-82-S"},{"r":"26","t":"05:19:00","h":"Ouest","s":"25N-H54NV20S-80-S"},{"r":"26","t":"05:19:00","h":"Ouest","s":"25S-H54S000S-82-S"},{"r":"185","t":"05:28:31","h":"Ouest","s":"25N-H59N000S-80-S"},{"r":"185","t":"05:28:31","h":"Ouest","s":"25N-H59NV10S-84-S"},{"r":"185","t":"05:28:31","h":"Ouest","s":"25N-H59NV20S-80-S"},{"r":"185","t":"05:28:31","h":"Ouest","s":"25S-H59S000S-81-S"},{"r":"185","t":"05:29:53","h":"Ouest","s":"25N-H59N000A-80-A"},{"r":"185","t":"05:29:53","h":"Ouest","s":"25N-H59NV10A-80-A"},{"r":"185","t":"05:29:53","h":"Ouest","s":"25N-H59VN20A-80-A"},{"r":"185","t":"05:29:53","h":"Ouest","s":"25S-H59S000A-81-A"},{"r":"185","t":"05:30:34","h":"Ouest","s":"25N-H59N000I-80-I"},{"r":"185","t":"05:30:34","h":"Ouest","s":"25N-H59N100F-80-F1"},{"r":"185","t":"05:30:34","h":"Ouest","s":"25N-H59N200F-81-F2"},{"r":"185","t":"05:30:34","h":"Ouest","s":"25N-H59N300F-80-F3"},{"r":"185","t":"05:30:34","h":"Ouest","s":"25N-H59N400F-80-F4"},{"r":"185","t":"05:30:34","h":"Ouest","s":"25N-H59NV10I-80-I"},{"r":"185","t":"05:30:34","h":"Ouest","s":"25N-H59NV20I-80-I"},{"r":"185","t":"05:30:34","h":"Ouest","s":"25S-H59S000I-81-I"},{"r":"185","t":"05:30:34","h":"Ouest","s":"25S-H59S100F-81-F1"},{"r":"185","t":"05:30:34","h":"Ouest","s":"25S-H59S200F-81-F2"},{"r":"26","t":"05:46:00","h":"Ouest","s":"25N-H54N000I-80-I"},{"r":"26","t":"05:46:00","h":"Ouest","s":"25N-H54N100F-80-F1"},{"r":"26","t":"05:46:00","h":"Ouest","s":"25N-H54N200F-80-F2"},{"r":"26","t":"05:46:00","h":"Ouest","s":"25N-H54N300F-80-F3"},{"r":"26","t":"05:46:00","h":"Ouest","s":"25N-H54N400F-80-F4"},{"r":"26","t":"05:46:00","h":"Ouest","s":"25N-H54NV10I-80-I"},{"r":"26","t":"05:46:00","h":"Ouest","s":"25N-H54NV20I-80-I"},{"r":"26","t":"05:46:00","h":"Ouest","s":"25S-H54S000I-82-I"},{"r":"26","t":"05:46:00","h":"Ouest","s":"25S-H54S100F-80-F1"},{"r":"26","t":"05:46:00","h":"Ouest","s":"25S-H54S200F-80-F2"},{"r":"26","t":"05:47:00","h":"Ouest","s":"25N-H55N000S-80-S"},{"r":"26","t":"05:47:00","h":"Ouest","s":"25N-H55N000S-82-S"},{"r":"26","t":"05:47:00","h":"Ouest","s":"25N-H55NV10S-85-S"},{"r":"26","t":"05:47:00","h":"Ouest","s":"25N-H55NV20S-81-S"},{"r":"26","t":"05:47:00","h":"Ouest","s":"25S-H55S000S-82-S"},{"r":"26","t":"05:50:00","h":"Ouest","s":"25N-H54N000A-80-A"},{"r":"26","t":"05:50:00","h":"Ouest","s":"25N-H54NV10A-80-A"},{"r":"26","t":"05:50:00","h":"Ouest","s":"25N-H54NV20A-80-A"},{"r":"26","t":"05:50:00","h":"Ouest","s":"25S-H54S000A-83-A"},{"r":"185","t":"05:57:31","h":"Ouest","s":"25N-H59N000S-80-S"},{"r":"185","t":"05:57:31","h":"Ouest","s":"25N-H59NV10S-84-S"},{"r":"185","t":"05:57:31","h":"Ouest","s":"25N-H59NV20S-80-S"},{"r":"185","t":"05:57:31","h":"Ouest","s":"25S-H59S000S-81-S"},{"r":"185","t":"06:01:34","h":"Ouest","s":"25N-H59N000I-80-I"},{"r":"185","t":"06:01:34","h":"Ouest","s":"25N-H59N100F-80-F1"},{"r":"185","t":"06:01:34","h":"Ouest","s":"25N-H59N200F-81-F2"},{"r":"185","t":"06:01:34","h":"Ouest","s":"25N-H59N300F-80-F3"},{"r":"185","t":"06:01:34","h":"Ouest","s":"25N-H59N400F-80-F4"},{"r":"185","t":"06:01:34","h":"Ouest","s":"25N-H59NV10I-80-I"},{"r":"185","t":"06:01:34","h":"Ouest","s":"25N-H59NV20I-80-I"},{"r":"185","t":"06:01:34","h":"Ouest","s":"25S-H59S000I-81-I"},{"r":"185","t":"06:01:34","h":"Ouest","s":"25S-H59S100F-81-F1"},{"r":"185","t":"06:01:34","h":"Ouest","s":"25S-H59S200F-81-F2"},{"r":"185","t":"06:02:53","h":"Ouest","s":"25N-H59N000A-80-A"},{"r":"185","t":"06:02:53","h":"Ouest","s":"25N-H59NV10A-80-A"},{"r":"185","t":"06:02:53","h":"Ouest","s":"25N-H59VN20A-80-A"},{"r":"185","t":"06:02:53","h":"Ouest","s":"25S-H59S000A-81-A"},{"r":"26","t":"06:14:00","h":"Ouest","s":"25N-H54N000I-80-I"},{"r":"26","t":"06:14:00","h":"Ouest","s":"25N-H54N100F-80-F1"},{"r":"26","t":"06:14:00","h":"Ouest","s":"25N-H54N200F-80-F2"},{"r":"26","t":"06:14:00","h":"Ouest","s":"25N-H54N300F-80-F3"},{"r":"26","t":"06:14:00","h":"Ouest","s":"25N-H54N400F-80-F4"},{"r":"26","t":"06:14:00","h":"Ouest","s":"25N-H54NV10I-80-I"},{"r":"26","t":"06:14:00","h":"Ouest","s":"25N-H54NV20I-80-I"},{"r":"26","t":"06:14:00","h":"Ouest","s":"25S-H54S000I-82-I"},{"r":"26","t":"06:14:00","h":"Ouest","s":"25S-H54S100F-80-F1"},{"r":"26","t":"06:14:00","h":"Ouest","s":"25S-H54S200F-80-F2"},{"r":"26","t":"06:15:00","h":"Ouest","s":"25N-H54N000S-80-S"},{"r":"26","t":"06:15:00","h":"Ouest","s":"25N-H54NV10S-82-S"},{"r":"26","t":"06:15:00","h":"Ouest","s":"25N-H54NV20S-80-S"},{"r":"26","t":"06:15:00","h":"Ouest","s":"25S-H54S000S-82-S"},{"r":"26","t":"06:21:00","h":"Ouest","s":"25N-H54N000A-80-A"},{"r":"26","t":"06:21:00","h":"Ouest","s":"25N-H54NV10A-80-A"},{"r":"26","t":"06:21:00","h":"Ouest","s":"25N-H54NV20A-80-A"},{"r":"26","t":"06:21:00","h":"Ouest","s":"25S-H54S000A-83-A"},{"r":"185","t":"06:27:31","h":"Ouest","s":"25N-H59N000S-80-S"},{"r":"185","t":"06:27:31","h":"Ouest","s":"25N-H59NV10S-84-S"},{"r":"185","t":"06:27:31","h":"Ouest","s":"25N-H59NV20S-80-S"},{"r":"185","t":"06:27:31","h":"Ouest","s":"25S-H59S000S-81-S"},{"r":"185","t":"06:30:34","h":"Ouest","s":"25N-H59N000I-80-I"},{"r":"185","t":"06:30:34","h":"Ouest","s":"25N-H59N100F-80-F1"},{"r":"185","t":"06:30:34","h":"Ouest","s":"25N-H59N200F-81-F2"},{"r":"185","t":"06:30:34","h":"Ouest","s":"25N-H59N300F-80-F3"},{"r":"185","t":"06:30:34","h":"Ouest","s":"25N-H59N400F-80-F4"},{"r":"185","t":"06:30:34","h":"Ouest","s":"25N-H59NV10I-80-I"},{"r":"185","t":"06:30:34","h":"Ouest","s":"25N-H59NV20I-80-I"},{"r":"185","t":"06:30:34","h":"Ouest","s":"25S-H59S000I-81-I"},{"r":"185","t":"06:30:34","h":"Ouest","s":"25S-H59S100F-81-F1"},{"r":"185","t":"06:30:34","h":"Ouest","s":"25S-H59S200F-81-F2"},{"r":"185","t":"06:35:53","h":"Ouest","s":"25N-H59N000A-80-A"},{"r":"185","t":"06:35:53","h":"Ouest","s":"25N-H59NV10A-80-A"},{"r":"185","t":"06:35:53","h":"Ouest","s":"25N-H59VN20A-80-A"},{"r":"185","t":"06:35:53","h":"Ouest","s":"25S-H59S000A-81-A"},{"r":"26","t":"06:42:00","h":"Ouest","s":"25N-H54N000I-80-I"},{"r":"26","t":"06:42:00","h":"Ouest","s":"25N-H54N100F-80-F1"},{"r":"26","t":"06:42:00","h":"Ouest","s":"25N-H54N200F-80-F2"},{"r":"26","t":"06:42:00","h":"Ouest","s":"25N-H54N300F-80-F3"},{"r":"26","t":"06:42:00","h":"Ouest","s":"25N-H54N400F-80-F4"},{"r":"26","t":"06:42:00","h":"Ouest","s":"25N-H54NV10I-80-I"},{"r":"26","t":"06:42:00","h":"Ouest","s":"25N-H54NV20I-80-I"},{"r":"26","t":"06:42:00","h":"Ouest","s":"25N-H55N000S-80-S"},{"r":"26","t":"06:42:00","h":"Ouest","s":"25N-H55N000S-82-S"},{"r":"26","t":"06:42:00","h":"Ouest","s":"25N-H55NV10S-85-S"},{"r":"26","t":"06:42:00","h":"Ouest","s":"25N-H55NV20S-81-S"},{"r":"26","t":"06:42:00","h":"Ouest","s":"25S-H54S000I-82-I"},{"r":"26","t":"06:42:00","h":"Ouest","s":"25S-H54S100F-80-F1"},{"r":"26","t":"06:42:00","h":"Ouest","s":"25S-H54S200F-80-F2"},{"r":"26","t":"06:42:00","h":"Ouest","s":"25S-H55S000S-82-S"},{"r":"26","t":"06:51:00","h":"Ouest","s":"25N-H54N000A-80-A"},{"r":"26","t":"06:51:00","h":"Ouest","s":"25N-H54NV10A-80-A"},{"r":"26","t":"06:51:00","h":"Ouest","s":"25N-H54NV20A-80-A"},{"r":"26","t":"06:51:00","h":"Ouest","s":"25S-H54S000A-83-A"},{"r":"185","t":"06:57:50","h":"Ouest","s":"25N-H59N000S-80-S"},{"r":"185","t":"06:57:50","h":"Ouest","s":"25N-H59NV10S-84-S"},{"r":"185","t":"06:57:50","h":"Ouest","s":"25N-H59NV20S-80-S"},{"r":"185","t":"06:57:50","h":"Ouest","s":"25S-H59S000S-81-S"},{"r":"185","t":"06:59:53","h":"Ouest","s":"25N-H59N000I-80-I"},{"r":"185","t":"06:59:53","h":"Ouest","s":"25N-H59N100F-80-F1"},{"r":"185","t":"06:59:53","h":"Ouest","s":"25N-H59N200F-81-F2"},{"r":"185","t":"06:59:53","h":"Ouest","s":"25N-H59N300F-80-F3"},{"r":"185","t":"06:59:53","h":"Ouest","s":"25N-H59N400F-80-F4"},{"r":"185","t":"06:59:53","h":"Ouest","s":"25N-H59NV10I-80-I"},{"r":"185","t":"06:59:53","h":"Ouest","s":"25N-H59NV20I-80-I"},{"r":"185","t":"06:59:53","h":"Ouest","s":"25S-H59S000I-81-I"},{"r":"185","t":"06:59:53","h":"Ouest","s":"25S-H59S100F-81-F1"},{"r":"185","t":"06:59:53","h":"Ouest","s":"25S-H59S200F-81-F2"},{"r":"26","t":"07:10:00","h":"Ouest","s":"25N-H54N000I-80-I"},{"r":"26","t":"07:10:00","h":"Ouest","s":"25N-H54N000S-80-S"},{"r":"26","t":"07:10:00","h":"Ouest","s":"25N-H54N100F-80-F1"},{"r":"26","t":"07:10:00","h":"Ouest","s":"25N-H54N200F-80-F2"},{"r":"26","t":"07:10:00","h":"Ouest","s":"25N-H54N300F-80-F3"},{"r":"26","t":"07:10:00","h":"Ouest","s":"25N-H54N400F-80-F4"},{"r":"26","t":"07:10:00","h":"Ouest","s":"25N-H54NV10I-80-I"},{"r":"26","t":"07:10:00","h":"Ouest","s":"25N-H54NV10S-82-S"},{"r":"26","t":"07:10:00","h":"Ouest","s":"25N-H54NV20I-80-I"},{"r":"26","t":"07:10:00","h":"Ouest","s":"25N-H54NV20S-80-S"},{"r":"26","t":"07:10:00","h":"Ouest","s":"25S-H54S000I-82-I"},{"r":"26","t":"07:10:00","h":"Ouest","s":"25S-H54S000S-82-S"},{"r":"26","t":"07:10:00","h":"Ouest","s":"25S-H54S100F-80-F1"},{"r":"26","t":"07:10:00","h":"Ouest","s":"25S-H54S200F-80-F2"},{"r":"185","t":"07:12:12","h":"Ouest","s":"25N-H59N000A-80-A"},{"r":"185","t":"07:12:12","h":"Ouest","s":"25N-H59NV10A-80-A"},{"r":"185","t":"07:12:12","h":"Ouest","s":"25N-H59VN20A-80-A"},{"r":"185","t":"07:12:12","h":"Ouest","s":"25S-H59S000A-81-A"},{"r":"185","t":"07:13:28","h":"Ouest","s":"25N-H59N000S-80-S"},{"r":"185","t":"07:13:28","h":"Ouest","s":"25N-H59NV10S-84-S"},{"r":"185","t":"07:13:28","h":"Ouest","s":"25N-H59NV20S-80-S"},{"r":"185","t":"07:13:28","h":"Ouest","s":"25S-H59S000S-81-S"},{"r":"26","t":"07:22:00","h":"Ouest","s":"25N-H54N000A-80-A"},{"r":"26","t":"07:22:00","h":"Ouest","s":"25N-H54NV10A-80-A"},{"r":"26","t":"07:22:00","h":"Ouest","s":"25N-H54NV20A-80-A"},{"r":"26","t":"07:22:00","h":"Ouest","s":"25S-H54S000A-83-A"},{"r":"185","t":"07:29:53","h":"Ouest","s":"25N-H59N000I-80-I"},{"r":"185","t":"07:29:53","h":"Ouest","s":"25N-H59N100F-80-F1"},{"r":"185","t":"07:29:53","h":"Ouest","s":"25N-H59N200F-81-F2"},{"r":"185","t":"07:29:53","h":"Ouest","s":"25N-H59N300F-80-F3"},{"r":"185","t":"07:29:53","h":"Ouest","s":"25N-H59N400F-80-F4"},{"r":"185","t":"07:29:53","h":"Ouest","s":"25N-H59NV10I-80-I"},{"r":"185","t":"07:29:53","h":"Ouest","s":"25N-H59NV20I-80-I"},{"r":"185","t":"07:29:53","h":"Ouest","s":"25S-H59S000I-81-I"},{"r":"185","t":"07:29:53","h":"Ouest","s":"25S-H59S100F-81-F1"},{"r":"185","t":"07:29:53","h":"Ouest","s":"25S-H59S200F-81-F2"},{"r":"185","t":"07:35:28","h":"Ouest","s":"25N-H59N000S-80-S"},{"r":"185","t":"07:35:28","h":"Ouest","s":"25N-H59NV10S-84-S"},{"r":"185","t":"07:35:28","h":"Ouest","s":"25N-H59NV20S-80-S"},{"r":"185","t":"07:35:28","h":"Ouest","s":"25S-H59S000S-81-S"},{"r":"26","t":"07:38:00","h":"Ouest","s":"25N-H54N000I-80-I"},{"r":"26","t":"07:38:00","h":"Ouest","s":"25N-H54N100F-80-F1"},{"r":"26","t":"07:38:00","h":"Ouest","s":"25N-H54N200F-80-F2"},{"r":"26","t":"07:38:00","h":"Ouest","s":"25N-H54N300F-80-F3"},{"r":"26","t":"07:38:00","h":"Ouest","s":"25N-H54N400F-80-F4"},{"r":"26","t":"07:38:00","h":"Ouest","s":"25N-H54NV10I-80-I"},{"r":"26","t":"07:38:00","h":"Ouest","s":"25N-H54NV20I-80-I"},{"r":"26","t":"07:38:00","h":"Ouest","s":"25S-H54S000I-82-I"},{"r":"26","t":"07:38:00","h":"Ouest","s":"25S-H54S100F-80-F1"},{"r":"26","t":"07:38:00","h":"Ouest","s":"25S-H54S200F-80-F2"},{"r":"26","t":"07:41:00","h":"Ouest","s":"25N-H55N000S-80-S"},{"r":"26","t":"07:41:00","h":"Ouest","s":"25N-H55N000S-82-S"},{"r":"26","t":"07:41:00","h":"Ouest","s":"25N-H55NV10S-85-S"},{"r":"26","t":"07:41:00","h":"Ouest","s":"25N-H55NV20S-81-S"},{"r":"26","t":"07:41:00","h":"Ouest","s":"25S-H55S000S-82-S"},{"r":"185","t":"07:44:12","h":"Ouest","s":"25N-H59N000A-80-A"},{"r":"185","t":"07:44:12","h":"Ouest","s":"25N-H59NV10A-80-A"},{"r":"185","t":"07:44:12","h":"Ouest","s":"25N-H59VN20A-80-A"},{"r":"185","t":"07:44:12","h":"Ouest","s":"25S-H59S000A-81-A"},{"r":"26","t":"07:52:00","h":"Ouest","s":"25N-H54N000A-80-A"},{"r":"26","t":"07:52:00","h":"Ouest","s":"25N-H54NV10A-80-A"},{"r":"26","t":"07:52:00","h":"Ouest","s":"25N-H54NV20A-80-A"},{"r":"26","t":"07:52:00","h":"Ouest","s":"25S-H54S000A-83-A"},{"r":"185","t":"07:56:28","h":"Ouest","s":"25N-H59N000S-80-S"},{"r":"185","t":"07:56:28","h":"Ouest","s":"25N-H59NV10S-84-S"},{"r":"185","t":"07:56:28","h":"Ouest","s":"25N-H59NV20S-80-S"},{"r":"185","t":"07:56:28","h":"Ouest","s":"25S-H59S000S-81-S"},{"r":"26","t":"07:58:00","h":"Ouest","s":"25N-H54N000S-80-S"},{"r":"26","t":"07:58:00","h":"Ouest","s":"25N-H54NV10S-82-S"},{"r":"26","t":"07:58:00","h":"Ouest","s":"25N-H54NV20S-80-S"},{"r":"26","t":"07:58:00","h":"Ouest","s":"25S-H54S000S-82-S"},{"r":"185","t":"07:58:53","h":"Ouest","s":"25N-H59N000I-80-I"},{"r":"185","t":"07:58:53","h":"Ouest","s":"25N-H59N100F-80-F1"},{"r":"185","t":"07:58:53","h":"Ouest","s":"25N-H59N200F-81-F2"},{"r":"185","t":"07:58:53","h":"Ouest","s":"25N-H59N300F-80-F3"},{"r":"185","t":"07:58:53","h":"Ouest","s":"25N-H59N400F-80-F4"},{"r":"185","t":"07:58:53","h":"Ouest","s":"25N-H59NV10I-80-I"},{"r":"185","t":"07:58:53","h":"Ouest","s":"25N-H59NV20I-80-I"},{"r":"185","t":"07:58:53","h":"Ouest","s":"25S-H59S000I-81-I"},{"r":"185","t":"07:58:53","h":"Ouest","s":"25S-H59S100F-81-F1"},{"r":"185","t":"07:58:53","h":"Ouest","s":"25S-H59S200F-81-F2"},{"r":"26","t":"08:06:00","h":"Ouest","s":"25N-H54N000I-80-I"},{"r":"26","t":"08:06:00","h":"Ouest","s":"25N-H54N100F-80-F1"},{"r":"26","t":"08:06:00","h":"Ouest","s":"25N-H54N200F-80-F2"},{"r":"26","t":"08:06:00","h":"Ouest","s":"25N-H54N300F-80-F3"},{"r":"26","t":"08:06:00","h":"Ouest","s":"25N-H54N400F-80-F4"},{"r":"26","t":"08:06:00","h":"Ouest","s":"25N-H54NV10I-80-I"},{"r":"26","t":"08:06:00","h":"Ouest","s":"25N-H54NV20I-80-I"},{"r":"26","t":"08:06:00","h":"Ouest","s":"25S-H54S000I-82-I"},{"r":"26","t":"08:06:00","h":"Ouest","s":"25S-H54S100F-80-F1"},{"r":"26","t":"08:06:00","h":"Ouest","s":"25S-H54S200F-80-F2"},{"r":"26","t":"08:13:00","h":"Ouest","s":"25N-H54N000S-80-S"},{"r":"26","t":"08:13:00","h":"Ouest","s":"25N-H54NV10S-82-S"},{"r":"26","t":"08:13:00","h":"Ouest","s":"25N-H54NV20S-80-S"},{"r":"26","t":"08:13:00","h":"Ouest","s":"25S-H54S000S-82-S"},{"r":"185","t":"08:15:12","h":"Ouest","s":"25N-H59N000A-80-A"},{"r":"185","t":"08:15:12","h":"Ouest","s":"25N-H59NV10A-80-A"},{"r":"185","t":"08:15:12","h":"Ouest","s":"25N-H59VN20A-80-A"},{"r":"185","t":"08:15:12","h":"Ouest","s":"25S-H59S000A-81-A"},{"r":"185","t":"08:16:50","h":"Ouest","s":"25N-H59N000S-80-S"},{"r":"185","t":"08:16:50","h":"Ouest","s":"25N-H59NV10S-84-S"},{"r":"185","t":"08:16:50","h":"Ouest","s":"25N-H59NV20S-80-S"},{"r":"185","t":"08:16:50","h":"Ouest","s":"25S-H59S000S-81-S"},{"r":"26","t":"08:22:00","h":"Ouest","s":"25N-H54N000A-80-A"},{"r":"26","t":"08:22:00","h":"Ouest","s":"25N-H54NV10A-80-A"},{"r":"26","t":"08:22:00","h":"Ouest","s":"25N-H54NV20A-80-A"},{"r":"26","t":"08:22:00","h":"Ouest","s":"25S-H54S000A-83-A"},{"r":"185","t":"08:29:31","h":"Ouest","s":"25N-H59N000I-80-I"},{"r":"185","t":"08:29:31","h":"Ouest","s":"25N-H59N100F-80-F1"},{"r":"185","t":"08:29:31","h":"Ouest","s":"25N-H59N200F-81-F2"},{"r":"185","t":"08:29:31","h":"Ouest","s":"25N-H59N300F-80-F3"},{"r":"185","t":"08:29:31","h":"Ouest","s":"25N-H59N400F-80-F4"},{"r":"185","t":"08:29:31","h":"Ouest","s":"25N-H59NV10I-80-I"},{"r":"185","t":"08:29:31","h":"Ouest","s":"25N-H59NV20I-80-I"},{"r":"185","t":"08:29:31","h":"Ouest","s":"25S-H59S000I-81-I"},{"r":"185","t":"08:29:31","h":"Ouest","s":"25S-H59S100F-81-F1"},{"r":"185","t":"08:29:31","h":"Ouest","s":"25S-H59S200F-81-F2"},{"r":"185","t":"08:30:50","h":"Ouest","s":"25N-H59N000S-80-S"},{"r":"185","t":"08:30:50","h":"Ouest","s":"25N-H59NV10S-84-S"},{"r":"185","t":"08:30:50","h":"Ouest","s":"25N-H59NV20S-80-S"},{"r":"185","t":"08:30:50","h":"Ouest","s":"25S-H59S000S-81-S"},{"r":"26","t":"08:35:00","h":"Ouest","s":"25N-H54N000I-80-I"},{"r":"26","t":"08:35:00","h":"Ouest","s":"25N-H54N100F-80-F1"},{"r":"26","t":"08:35:00","h":"Ouest","s":"25N-H54N200F-80-F2"},{"r":"26","t":"08:35:00","h":"Ouest","s":"25N-H54N300F-80-F3"},{"r":"26","t":"08:35:00","h":"Ouest","s":"25N-H54N400F-80-F4"},{"r":"26","t":"08:35:00","h":"Ouest","s":"25N-H54NV10I-80-I"},{"r":"26","t":"08:35:00","h":"Ouest","s":"25N-H54NV20I-80-I"},{"r":"26","t":"08:35:00","h":"Ouest","s":"25S-H54S000I-82-I"},{"r":"26","t":"08:35:00","h":"Ouest","s":"25S-H54S100F-80-F1"},{"r":"26","t":"08:35:00","h":"Ouest","s":"25S-H54S200F-80-F2"},{"r":"26","t":"08:40:00","h":"Ouest","s":"25N-H54N000S-80-S"},{"r":"26","t":"08:40:00","h":"Ouest","s":"25N-H54NV10S-82-S"},{"r":"26","t":"08:40:00","h":"Ouest","s":"25N-H54NV20S-80-S"},{"r":"26","t":"08:40:00","h":"Ouest","s":"25S-H54S000S-82-S"},{"r":"185","t":"08:43:50","h":"Ouest","s":"25N-H59N000S-80-S"},{"r":"185","t":"08:43:50","h":"Ouest","s":"25N-H59NV10S-84-S"},{"r":"185","t":"08:43:50","h":"Ouest","s":"25N-H59NV20S-80-S"},{"r":"185","t":"08:43:50","h":"Ouest","s":"25S-H59S000S-81-S"},{"r":"185","t":"08:46:12","h":"Ouest","s":"25N-H59N000A-80-A"},{"r":"185","t":"08:46:12","h":"Ouest","s":"25N-H59NV10A-80-A"},{"r":"185","t":"08:46:12","h":"Ouest","s":"25N-H59VN20A-80-A"},{"r":"185","t":"08:46:12","h":"Ouest","s":"25S-H59S000A-81-A"},{"r":"26","t":"08:52:00","h":"Ouest","s":"25N-H54N000A-80-A"},{"r":"26","t":"08:52:00","h":"Ouest","s":"25N-H54NV10A-80-A"},{"r":"26","t":"08:52:00","h":"Ouest","s":"25N-H54NV20A-80-A"},{"r":"26","t":"08:52:00","h":"Ouest","s":"25S-H54S000A-83-A"},{"r":"185","t":"09:00:50","h":"Ouest","s":"25N-H59N000I-80-I"},{"r":"185","t":"09:00:50","h":"Ouest","s":"25N-H59N100F-80-F1"},{"r":"185","t":"09:00:50","h":"Ouest","s":"25N-H59N200F-81-F2"},{"r":"185","t":"09:00:50","h":"Ouest","s":"25N-H59N300F-80-F3"},{"r":"185","t":"09:00:50","h":"Ouest","s":"25N-H59N400F-80-F4"},{"r":"185","t":"09:00:50","h":"Ouest","s":"25N-H59NV10I-80-I"},{"r":"185","t":"09:00:50","h":"Ouest","s":"25N-H59NV20I-80-I"},{"r":"185","t":"09:00:50","h":"Ouest","s":"25S-H59S000I-81-I"},{"r":"185","t":"09:00:50","h":"Ouest","s":"25S-H59S100F-81-F1"},{"r":"185","t":"09:00:50","h":"Ouest","s":"25S-H59S200F-81-F2"},{"r":"185","t":"09:03:50","h":"Ouest","s":"25N-H59N000S-80-S"},{"r":"185","t":"09:03:50","h":"Ouest","s":"25N-H59NV10S-84-S"},{"r":"185","t":"09:03:50","h":"Ouest","s":"25N-H59NV20S-80-S"},{"r":"185","t":"09:03:50","h":"Ouest","s":"25S-H59S000S-81-S"},{"r":"26","t":"09:05:00","h":"Ouest","s":"25N-H54N000I-80-I"},{"r":"26","t":"09:05:00","h":"Ouest","s":"25N-H54N100F-80-F1"},{"r":"26","t":"09:05:00","h":"Ouest","s":"25N-H54N200F-80-F2"},{"r":"26","t":"09:05:00","h":"Ouest","s":"25N-H54N300F-80-F3"},{"r":"26","t":"09:05:00","h":"Ouest","s":"25N-H54N400F-80-F4"},{"r":"26","t":"09:05:00","h":"Ouest","s":"25N-H54NV10I-80-I"},{"r":"26","t":"09:05:00","h":"Ouest","s":"25N-H54NV20I-80-I"},{"r":"26","t":"09:05:00","h":"Ouest","s":"25S-H54S000I-82-I"},{"r":"26","t":"09:05:00","h":"Ouest","s":"25S-H54S100F-80-F1"},{"r":"26","t":"09:05:00","h":"Ouest","s":"25S-H54S200F-80-F2"},{"r":"26","t":"09:10:00","h":"Ouest","s":"25N-H54N000S-80-S"},{"r":"26","t":"09:10:00","h":"Ouest","s":"25N-H54NV10S-82-S"},{"r":"26","t":"09:10:00","h":"Ouest","s":"25N-H54NV20S-80-S"},{"r":"26","t":"09:10:00","h":"Ouest","s":"25S-H54S000S-82-S"},{"r":"185","t":"09:17:50","h":"Ouest","s":"25N-H59N000A-80-A"},{"r":"185","t":"09:17:50","h":"Ouest","s":"25N-H59NV10A-80-A"},{"r":"185","t":"09:17:50","h":"Ouest","s":"25N-H59VN20A-80-A"},{"r":"185","t":"09:17:50","h":"Ouest","s":"25S-H59S000A-81-A"},{"r":"26","t":"09:22:00","h":"Ouest","s":"25N-H54N000A-80-A"},{"r":"26","t":"09:22:00","h":"Ouest","s":"25N-H54NV10A-80-A"},{"r":"26","t":"09:22:00","h":"Ouest","s":"25N-H54NV20A-80-A"},{"r":"26","t":"09:22:00","h":"Ouest","s":"25S-H54S000A-83-A"},{"r":"185","t":"09:31:50","h":"Ouest","s":"25N-H59N000I-80-I"},{"r":"185","t":"09:31:50","h":"Ouest","s":"25N-H59N000S-80-S"},{"r":"185","t":"09:31:50","h":"Ouest","s":"25N-H59N100F-80-F1"},{"r":"185","t":"09:31:50","h":"Ouest","s":"25N-H59N200F-81-F2"},{"r":"185","t":"09:31:50","h":"Ouest","s":"25N-H59N300F-80-F3"},{"r":"185","t":"09:31:50","h":"Ouest","s":"25N-H59N400F-80-F4"},{"r":"185","t":"09:31:50","h":"Ouest","s":"25N-H59NV10I-80-I"},{"r":"185","t":"09:31:50","h":"Ouest","s":"25N-H59NV10S-84-S"},{"r":"185","t":"09:31:50","h":"Ouest","s":"25N-H59NV20I-80-I"},{"r":"185","t":"09:31:50","h":"Ouest","s":"25N-H59NV20S-80-S"},{"r":"185","t":"09:31:50","h":"Ouest","s":"25S-H59S000I-81-I"},{"r":"185","t":"09:31:50","h":"Ouest","s":"25S-H59S000S-81-S"},{"r":"185","t":"09:31:50","h":"Ouest","s":"25S-H59S100F-81-F1"},{"r":"185","t":"09:31:50","h":"Ouest","s":"25S-H59S200F-81-F2"},{"r":"26","t":"09:36:00","h":"Ouest","s":"25N-H54N000I-80-I"},{"r":"26","t":"09:36:00","h":"Ouest","s":"25N-H54N100F-80-F1"},{"r":"26","t":"09:36:00","h":"Ouest","s":"25N-H54N200F-80-F2"},{"r":"26","t":"09:36:00","h":"Ouest","s":"25N-H54N300F-80-F3"},{"r":"26","t":"09:36:00","h":"Ouest","s":"25N-H54N400F-80-F4"},{"r":"26","t":"09:36:00","h":"Ouest","s":"25N-H54NV10I-80-I"},{"r":"26","t":"09:36:00","h":"Ouest","s":"25N-H54NV20I-80-I"},{"r":"26","t":"09:36:00","h":"Ouest","s":"25S-H54S000I-82-I"},{"r":"26","t":"09:36:00","h":"Ouest","s":"25S-H54S100F-80-F1"},{"r":"26","t":"09:36:00","h":"Ouest","s":"25S-H54S200F-80-F2"},{"r":"26","t":"09:39:00","h":"Ouest","s":"25N-H54N000S-80-S"},{"r":"26","t":"09:39:00","h":"Ouest","s":"25N-H54NV10S-82-S"},{"r":"26","t":"09:39:00","h":"Ouest","s":"25N-H54NV20S-80-S"},{"r":"26","t":"09:39:00","h":"Ouest","s":"25S-H54S000S-82-S"},{"r":"185","t":"09:48:50","h":"Ouest","s":"25N-H59N000A-80-A"},{"r":"185","t":"09:48:50","h":"Ouest","s":"25N-H59NV10A-80-A"},{"r":"185","t":"09:48:50","h":"Ouest","s":"25N-H59VN20A-80-A"},{"r":"185","t":"09:48:50","h":"Ouest","s":"25S-H59S000A-81-A"},{"r":"26","t":"09:52:00","h":"Ouest","s":"25N-H54N000A-80-A"},{"r":"26","t":"09:52:00","h":"Ouest","s":"25N-H54NV10A-80-A"},{"r":"26","t":"09:52:00","h":"Ouest","s":"25N-H54NV20A-80-A"},{"r":"26","t":"09:52:00","h":"Ouest","s":"25S-H54S000A-83-A"},{"r":"185","t":"10:01:50","h":"Ouest","s":"25N-H59N000S-80-S"},{"r":"185","t":"10:01:50","h":"Ouest","s":"25N-H59NV10S-84-S"},{"r":"185","t":"10:01:50","h":"Ouest","s":"25N-H59NV20S-80-S"},{"r":"185","t":"10:01:50","h":"Ouest","s":"25S-H59S000S-81-S"},{"r":"185","t":"10:03:50","h":"Ouest","s":"25N-H59N000I-80-I"},{"r":"185","t":"10:03:50","h":"Ouest","s":"25N-H59N100F-80-F1"},{"r":"185","t":"10:03:50","h":"Ouest","s":"25N-H59N200F-81-F2"},{"r":"185","t":"10:03:50","h":"Ouest","s":"25N-H59N300F-80-F3"},{"r":"185","t":"10:03:50","h":"Ouest","s":"25N-H59N400F-80-F4"},{"r":"185","t":"10:03:50","h":"Ouest","s":"25N-H59NV10I-80-I"},{"r":"185","t":"10:03:50","h":"Ouest","s":"25N-H59NV20I-80-I"},{"r":"185","t":"10:03:50","h":"Ouest","s":"25S-H59S000I-81-I"},{"r":"185","t":"10:03:50","h":"Ouest","s":"25S-H59S100F-81-F1"},{"r":"185","t":"10:03:50","h":"Ouest","s":"25S-H59S200F-81-F2"},{"r":"26","t":"10:06:00","h":"Ouest","s":"25N-H54N000I-80-I"},{"r":"26","t":"10:06:00","h":"Ouest","s":"25N-H54N100F-80-F1"},{"r":"26","t":"10:06:00","h":"Ouest","s":"25N-H54N200F-80-F2"},{"r":"26","t":"10:06:00","h":"Ouest","s":"25N-H54N300F-80-F3"},{"r":"26","t":"10:06:00","h":"Ouest","s":"25N-H54N400F-80-F4"},{"r":"26","t":"10:06:00","h":"Ouest","s":"25N-H54NV10I-80-I"},{"r":"26","t":"10:06:00","h":"Ouest","s":"25N-H54NV20I-80-I"},{"r":"26","t":"10:06:00","h":"Ouest","s":"25S-H54S000I-82-I"},{"r":"26","t":"10:06:00","h":"Ouest","s":"25S-H54S100F-80-F1"},{"r":"26","t":"10:06:00","h":"Ouest","s":"25S-H54S200F-80-F2"},{"r":"26","t":"10:09:00","h":"Ouest","s":"25N-H54N000S-80-S"},{"r":"26","t":"10:09:00","h":"Ouest","s":"25N-H54NV10S-82-S"},{"r":"26","t":"10:09:00","h":"Ouest","s":"25N-H54NV20S-80-S"},{"r":"26","t":"10:09:00","h":"Ouest","s":"25S-H54S000S-82-S"},{"r":"185","t":"10:20:50","h":"Ouest","s":"25N-H59N000A-80-A"},{"r":"185","t":"10:20:50","h":"Ouest","s":"25N-H59NV10A-80-A"},{"r":"185","t":"10:20:50","h":"Ouest","s":"25N-H59VN20A-80-A"},{"r":"185","t":"10:20:50","h":"Ouest","s":"25S-H59S000A-81-A"},{"r":"26","t":"10:23:00","h":"Ouest","s":"25N-H54N000A-80-A"},{"r":"26","t":"10:23:00","h":"Ouest","s":"25N-H54NV10A-80-A"},{"r":"26","t":"10:23:00","h":"Ouest","s":"25N-H54NV20A-80-A"},{"r":"26","t":"10:23:00","h":"Ouest","s":"25S-H54S000A-83-A"},{"r":"185","t":"10:31:50","h":"Ouest","s":"25N-H59N000S-80-S"},{"r":"185","t":"10:31:50","h":"Ouest","s":"25N-H59NV10S-84-S"},{"r":"185","t":"10:31:50","h":"Ouest","s":"25N-H59NV20S-80-S"},{"r":"185","t":"10:31:50","h":"Ouest","s":"25S-H59S000S-81-S"},{"r":"26","t":"10:36:00","h":"Ouest","s":"25N-H54N000I-80-I"},{"r":"26","t":"10:36:00","h":"Ouest","s":"25N-H54N100F-80-F1"},{"r":"26","t":"10:36:00","h":"Ouest","s":"25N-H54N200F-80-F2"},{"r":"26","t":"10:36:00","h":"Ouest","s":"25N-H54N300F-80-F3"},{"r":"26","t":"10:36:00","h":"Ouest","s":"25N-H54N400F-80-F4"},{"r":"26","t":"10:36:00","h":"Ouest","s":"25N-H54NV10I-80-I"},{"r":"26","t":"10:36:00","h":"Ouest","s":"25N-H54NV20I-80-I"},{"r":"26","t":"10:36:00","h":"Ouest","s":"25S-H54S000I-82-I"},{"r":"26","t":"10:36:00","h":"Ouest","s":"25S-H54S100F-80-F1"},{"r":"26","t":"10:36:00","h":"Ouest","s":"25S-H54S200F-80-F2"},{"r":"185","t":"10:37:50","h":"Ouest","s":"25N-H59N000I-80-I"},{"r":"185","t":"10:37:50","h":"Ouest","s":"25N-H59N100F-80-F1"},{"r":"185","t":"10:37:50","h":"Ouest","s":"25N-H59N200F-81-F2"},{"r":"185","t":"10:37:50","h":"Ouest","s":"25N-H59N300F-80-F3"},{"r":"185","t":"10:37:50","h":"Ouest","s":"25N-H59N400F-80-F4"},{"r":"185","t":"10:37:50","h":"Ouest","s":"25N-H59NV10I-80-I"},{"r":"185","t":"10:37:50","h":"Ouest","s":"25N-H59NV20I-80-I"},{"r":"185","t":"10:37:50","h":"Ouest","s":"25S-H59S000I-81-I"},{"r":"185","t":"10:37:50","h":"Ouest","s":"25S-H59S100F-81-F1"},{"r":"185","t":"10:37:50","h":"Ouest","s":"25S-H59S200F-81-F2"},{"r":"26","t":"10:39:00","h":"Ouest","s":"25N-H54N000S-80-S"},{"r":"26","t":"10:39:00","h":"Ouest","s":"25N-H54NV10S-82-S"},{"r":"26","t":"10:39:00","h":"Ouest","s":"25N-H54NV20S-80-S"},{"r":"26","t":"10:39:00","h":"Ouest","s":"25S-H54S000S-82-S"},{"r":"185","t":"10:51:50","h":"Ouest","s":"25N-H59N000A-80-A"},{"r":"185","t":"10:51:50","h":"Ouest","s":"25N-H59NV10A-80-A"},{"r":"185","t":"10:51:50","h":"Ouest","s":"25N-H59VN20A-80-A"},{"r":"185","t":"10:51:50","h":"Ouest","s":"25S-H59S000A-81-A"},{"r":"26","t":"10:54:00","h":"Ouest","s":"25N-H54N000A-80-A"},{"r":"26","t":"10:54:00","h":"Ouest","s":"25N-H54NV10A-80-A"},{"r":"26","t":"10:54:00","h":"Ouest","s":"25N-H54NV20A-80-A"},{"r":"26","t":"10:54:00","h":"Ouest","s":"25S-H54S000A-83-A"},{"r":"185","t":"11:00:50","h":"Ouest","s":"25N-H59N000S-80-S"},{"r":"185","t":"11:00:50","h":"Ouest","s":"25N-H59NV10S-84-S"},{"r":"185","t":"11:00:50","h":"Ouest","s":"25N-H59NV20S-80-S"},{"r":"185","t":"11:00:50","h":"Ouest","s":"25S-H59S000S-81-S"},{"r":"26","t":"11:06:00","h":"Ouest","s":"25N-H54N000I-80-I"},{"r":"26","t":"11:06:00","h":"Ouest","s":"25N-H54N100F-80-F1"},{"r":"26","t":"11:06:00","h":"Ouest","s":"25N-H54N200F-80-F2"},{"r":"26","t":"11:06:00","h":"Ouest","s":"25N-H54N300F-80-F3"},{"r":"26","t":"11:06:00","h":"Ouest","s":"25N-H54N400F-80-F4"},{"r":"26","t":"11:06:00","h":"Ouest","s":"25N-H54NV10I-80-I"},{"r":"26","t":"11:06:00","h":"Ouest","s":"25N-H54NV20I-80-I"},{"r":"26","t":"11:06:00","h":"Ouest","s":"25S-H54S000I-82-I"},{"r":"26","t":"11:06:00","h":"Ouest","s":"25S-H54S100F-80-F1"},{"r":"26","t":"11:06:00","h":"Ouest","s":"25S-H54S200F-80-F2"},{"r":"26","t":"11:09:00","h":"Ouest","s":"25N-H54N000S-80-S"},{"r":"26","t":"11:09:00","h":"Ouest","s":"25N-H54NV10S-82-S"},{"r":"26","t":"11:09:00","h":"Ouest","s":"25N-H54NV20S-80-S"},{"r":"26","t":"11:09:00","h":"Ouest","s":"25S-H54S000S-82-S"},{"r":"185","t":"11:10:50","h":"Ouest","s":"25N-H59N000I-80-I"},{"r":"185","t":"11:10:50","h":"Ouest","s":"25N-H59N100F-80-F1"},{"r":"185","t":"11:10:50","h":"Ouest","s":"25N-H59N200F-81-F2"},{"r":"185","t":"11:10:50","h":"Ouest","s":"25N-H59N300F-80-F3"},{"r":"185","t":"11:10:50","h":"Ouest","s":"25N-H59N400F-80-F4"},{"r":"185","t":"11:10:50","h":"Ouest","s":"25N-H59NV10I-80-I"},{"r":"185","t":"11:10:50","h":"Ouest","s":"25N-H59NV20I-80-I"},{"r":"185","t":"11:10:50","h":"Ouest","s":"25S-H59S000I-81-I"},{"r":"185","t":"11:10:50","h":"Ouest","s":"25S-H59S100F-81-F1"},{"r":"185","t":"11:10:50","h":"Ouest","s":"25S-H59S200F-81-F2"},{"r":"26","t":"11:24:00","h":"Ouest","s":"25N-H54N000A-80-A"},{"r":"26","t":"11:24:00","h":"Ouest","s":"25N-H54NV10A-80-A"},{"r":"26","t":"11:24:00","h":"Ouest","s":"25N-H54NV20A-80-A"},{"r":"26","t":"11:24:00","h":"Ouest","s":"25S-H54S000A-83-A"},{"r":"185","t":"11:24:50","h":"Ouest","s":"25N-H59N000A-80-A"},{"r":"185","t":"11:24:50","h":"Ouest","s":"25N-H59NV10A-80-A"},{"r":"185","t":"11:24:50","h":"Ouest","s":"25N-H59VN20A-80-A"},{"r":"185","t":"11:24:50","h":"Ouest","s":"25S-H59S000A-81-A"},{"r":"185","t":"11:29:50","h":"Ouest","s":"25N-H59N000S-80-S"},{"r":"185","t":"11:29:50","h":"Ouest","s":"25N-H59NV10S-84-S"},{"r":"185","t":"11:29:50","h":"Ouest","s":"25N-H59NV20S-80-S"},{"r":"185","t":"11:29:50","h":"Ouest","s":"25S-H59S000S-81-S"},{"r":"26","t":"11:36:00","h":"Ouest","s":"25N-H54N000I-80-I"},{"r":"26","t":"11:36:00","h":"Ouest","s":"25N-H54N100F-80-F1"},{"r":"26","t":"11:36:00","h":"Ouest","s":"25N-H54N200F-80-F2"},{"r":"26","t":"11:36:00","h":"Ouest","s":"25N-H54N300F-80-F3"},{"r":"26","t":"11:36:00","h":"Ouest","s":"25N-H54N400F-80-F4"},{"r":"26","t":"11:36:00","h":"Ouest","s":"25N-H54NV10I-80-I"},{"r":"26","t":"11:36:00","h":"Ouest","s":"25N-H54NV20I-80-I"},{"r":"26","t":"11:36:00","h":"Ouest","s":"25S-H54S000I-82-I"},{"r":"26","t":"11:36:00","h":"Ouest","s":"25S-H54S100F-80-F1"},{"r":"26","t":"11:36:00","h":"Ouest","s":"25S-H54S200F-80-F2"},{"r":"26","t":"11:39:00","h":"Ouest","s":"25N-H54N000S-80-S"},{"r":"26","t":"11:39:00","h":"Ouest","s":"25N-H54NV10S-82-S"},{"r":"26","t":"11:39:00","h":"Ouest","s":"25N-H54NV20S-80-S"},{"r":"26","t":"11:39:00","h":"Ouest","s":"25S-H54S000S-82-S"},{"r":"185","t":"11:42:50","h":"Ouest","s":"25N-H59N000I-80-I"},{"r":"185","t":"11:42:50","h":"Ouest","s":"25N-H59N100F-80-F1"},{"r":"185","t":"11:42:50","h":"Ouest","s":"25N-H59N200F-81-F2"},{"r":"185","t":"11:42:50","h":"Ouest","s":"25N-H59N300F-80-F3"},{"r":"185","t":"11:42:50","h":"Ouest","s":"25N-H59N400F-80-F4"},{"r":"185","t":"11:42:50","h":"Ouest","s":"25N-H59NV10I-80-I"},{"r":"185","t":"11:42:50","h":"Ouest","s":"25N-H59NV20I-80-I"},{"r":"185","t":"11:42:50","h":"Ouest","s":"25S-H59S000I-81-I"},{"r":"185","t":"11:42:50","h":"Ouest","s":"25S-H59S100F-81-F1"},{"r":"185","t":"11:42:50","h":"Ouest","s":"25S-H59S200F-81-F2"},{"r":"26","t":"11:54:00","h":"Ouest","s":"25N-H54N000A-80-A"},{"r":"26","t":"11:54:00","h":"Ouest","s":"25N-H54NV10A-80-A"},{"r":"26","t":"11:54:00","h":"Ouest","s":"25N-H54NV20A-80-A"},{"r":"26","t":"11:54:00","h":"Ouest","s":"25S-H54S000A-83-A"},{"r":"185","t":"11:59:09","h":"Ouest","s":"25N-H59N000S-80-S"},{"r":"185","t":"11:59:09","h":"Ouest","s":"25N-H59NV10S-84-S"},{"r":"185","t":"11:59:09","h":"Ouest","s":"25N-H59NV20S-80-S"},{"r":"185","t":"11:59:09","h":"Ouest","s":"25S-H59S000S-81-S"},{"r":"185","t":"11:59:28","h":"Ouest","s":"25N-H59N000A-80-A"},{"r":"185","t":"11:59:28","h":"Ouest","s":"25N-H59NV10A-80-A"},{"r":"185","t":"11:59:28","h":"Ouest","s":"25N-H59VN20A-80-A"},{"r":"185","t":"11:59:28","h":"Ouest","s":"25S-H59S000A-81-A"},{"r":"26","t":"12:06:00","h":"Ouest","s":"25N-H54N000I-80-I"},{"r":"26","t":"12:06:00","h":"Ouest","s":"25N-H54N100F-80-F1"},{"r":"26","t":"12:06:00","h":"Ouest","s":"25N-H54N200F-80-F2"},{"r":"26","t":"12:06:00","h":"Ouest","s":"25N-H54N300F-80-F3"},{"r":"26","t":"12:06:00","h":"Ouest","s":"25N-H54N400F-80-F4"},{"r":"26","t":"12:06:00","h":"Ouest","s":"25N-H54NV10I-80-I"},{"r":"26","t":"12:06:00","h":"Ouest","s":"25N-H54NV20I-80-I"},{"r":"26","t":"12:06:00","h":"Ouest","s":"25S-H54S000I-82-I"},{"r":"26","t":"12:06:00","h":"Ouest","s":"25S-H54S100F-80-F1"},{"r":"26","t":"12:06:00","h":"Ouest","s":"25S-H54S200F-80-F2"},{"r":"26","t":"12:09:00","h":"Ouest","s":"25N-H54N000S-80-S"},{"r":"26","t":"12:09:00","h":"Ouest","s":"25N-H54NV10S-82-S"},{"r":"26","t":"12:09:00","h":"Ouest","s":"25N-H54NV20S-80-S"},{"r":"26","t":"12:09:00","h":"Ouest","s":"25S-H54S000S-82-S"},{"r":"185","t":"12:15:50","h":"Ouest","s":"25N-H59N000I-80-I"},{"r":"185","t":"12:15:50","h":"Ouest","s":"25N-H59N100F-80-F1"},{"r":"185","t":"12:15:50","h":"Ouest","s":"25N-H59N200F-81-F2"},{"r":"185","t":"12:15:50","h":"Ouest","s":"25N-H59N300F-80-F3"},{"r":"185","t":"12:15:50","h":"Ouest","s":"25N-H59N400F-80-F4"},{"r":"185","t":"12:15:50","h":"Ouest","s":"25N-H59NV10I-80-I"},{"r":"185","t":"12:15:50","h":"Ouest","s":"25N-H59NV20I-80-I"},{"r":"185","t":"12:15:50","h":"Ouest","s":"25S-H59S000I-81-I"},{"r":"185","t":"12:15:50","h":"Ouest","s":"25S-H59S100F-81-F1"},{"r":"185","t":"12:15:50","h":"Ouest","s":"25S-H59S200F-81-F2"},{"r":"26","t":"12:24:00","h":"Ouest","s":"25N-H54N000A-80-A"},{"r":"26","t":"12:24:00","h":"Ouest","s":"25N-H54NV10A-80-A"},{"r":"26","t":"12:24:00","h":"Ouest","s":"25N-H54NV20A-80-A"},{"r":"26","t":"12:24:00","h":"Ouest","s":"25S-H54S000A-83-A"},{"r":"185","t":"12:27:09","h":"Ouest","s":"25N-H59N000S-80-S"},{"r":"185","t":"12:27:09","h":"Ouest","s":"25N-H59NV10S-84-S"},{"r":"185","t":"12:27:09","h":"Ouest","s":"25N-H59NV20S-80-S"},{"r":"185","t":"12:27:09","h":"Ouest","s":"25S-H59S000S-81-S"},{"r":"185","t":"12:30:28","h":"Ouest","s":"25N-H59N000A-80-A"},{"r":"185","t":"12:30:28","h":"Ouest","s":"25N-H59NV10A-80-A"},{"r":"185","t":"12:30:28","h":"Ouest","s":"25N-H59VN20A-80-A"},{"r":"185","t":"12:30:28","h":"Ouest","s":"25S-H59S000A-81-A"},{"r":"26","t":"12:36:00","h":"Ouest","s":"25N-H54N000I-80-I"},{"r":"26","t":"12:36:00","h":"Ouest","s":"25N-H54N100F-80-F1"},{"r":"26","t":"12:36:00","h":"Ouest","s":"25N-H54N200F-80-F2"},{"r":"26","t":"12:36:00","h":"Ouest","s":"25N-H54N300F-80-F3"},{"r":"26","t":"12:36:00","h":"Ouest","s":"25N-H54N400F-80-F4"},{"r":"26","t":"12:36:00","h":"Ouest","s":"25N-H54NV10I-80-I"},{"r":"26","t":"12:36:00","h":"Ouest","s":"25N-H54NV20I-80-I"},{"r":"26","t":"12:36:00","h":"Ouest","s":"25S-H54S000I-82-I"},{"r":"26","t":"12:36:00","h":"Ouest","s":"25S-H54S100F-80-F1"},{"r":"26","t":"12:36:00","h":"Ouest","s":"25S-H54S200F-80-F2"},{"r":"26","t":"12:38:00","h":"Ouest","s":"25N-H54N000S-80-S"},{"r":"26","t":"12:38:00","h":"Ouest","s":"25N-H54NV10S-82-S"},{"r":"26","t":"12:38:00","h":"Ouest","s":"25N-H54NV20S-80-S"},{"r":"26","t":"12:38:00","h":"Ouest","s":"25S-H54S000S-82-S"},{"r":"185","t":"12:47:50","h":"Ouest","s":"25N-H59N000I-80-I"},{"r":"185","t":"12:47:50","h":"Ouest","s":"25N-H59N100F-80-F1"},{"r":"185","t":"12:47:50","h":"Ouest","s":"25N-H59N200F-81-F2"},{"r":"185","t":"12:47:50","h":"Ouest","s":"25N-H59N300F-80-F3"},{"r":"185","t":"12:47:50","h":"Ouest","s":"25N-H59N400F-80-F4"},{"r":"185","t":"12:47:50","h":"Ouest","s":"25N-H59NV10I-80-I"},{"r":"185","t":"12:47:50","h":"Ouest","s":"25N-H59NV20I-80-I"},{"r":"185","t":"12:47:50","h":"Ouest","s":"25S-H59S000I-81-I"},{"r":"185","t":"12:47:50","h":"Ouest","s":"25S-H59S100F-81-F1"},{"r":"185","t":"12:47:50","h":"Ouest","s":"25S-H59S200F-81-F2"},{"r":"26","t":"12:54:00","h":"Ouest","s":"25N-H54N000A-80-A"},{"r":"26","t":"12:54:00","h":"Ouest","s":"25N-H54NV10A-80-A"},{"r":"26","t":"12:54:00","h":"Ouest","s":"25N-H54NV20A-80-A"},{"r":"26","t":"12:54:00","h":"Ouest","s":"25S-H54S000A-83-A"},{"r":"185","t":"12:55:09","h":"Ouest","s":"25N-H59N000S-80-S"},{"r":"185","t":"12:55:09","h":"Ouest","s":"25N-H59NV10S-84-S"},{"r":"185","t":"12:55:09","h":"Ouest","s":"25N-H59NV20S-80-S"},{"r":"185","t":"12:55:09","h":"Ouest","s":"25S-H59S000S-81-S"},{"r":"185","t":"12:59:28","h":"Ouest","s":"25N-H59N000A-80-A"},{"r":"185","t":"12:59:28","h":"Ouest","s":"25N-H59NV10A-80-A"},{"r":"185","t":"12:59:28","h":"Ouest","s":"25N-H59VN20A-80-A"},{"r":"185","t":"12:59:28","h":"Ouest","s":"25S-H59S000A-81-A"},{"r":"26","t":"13:06:00","h":"Ouest","s":"25N-H54N000I-80-I"},{"r":"26","t":"13:06:00","h":"Ouest","s":"25N-H54N100F-80-F1"},{"r":"26","t":"13:06:00","h":"Ouest","s":"25N-H54N200F-80-F2"},{"r":"26","t":"13:06:00","h":"Ouest","s":"25N-H54N300F-80-F3"},{"r":"26","t":"13:06:00","h":"Ouest","s":"25N-H54N400F-80-F4"},{"r":"26","t":"13:06:00","h":"Ouest","s":"25N-H54NV10I-80-I"},{"r":"26","t":"13:06:00","h":"Ouest","s":"25N-H54NV20I-80-I"},{"r":"26","t":"13:06:00","h":"Ouest","s":"25S-H54S000I-82-I"},{"r":"26","t":"13:06:00","h":"Ouest","s":"25S-H54S100F-80-F1"},{"r":"26","t":"13:06:00","h":"Ouest","s":"25S-H54S200F-80-F2"},{"r":"26","t":"13:07:00","h":"Ouest","s":"25N-H54N000S-80-S"},{"r":"26","t":"13:07:00","h":"Ouest","s":"25N-H54NV10S-82-S"},{"r":"26","t":"13:07:00","h":"Ouest","s":"25N-H54NV20S-80-S"},{"r":"26","t":"13:07:00","h":"Ouest","s":"25S-H54S000S-82-S"},{"r":"185","t":"13:19:50","h":"Ouest","s":"25N-H59N000I-80-I"},{"r":"185","t":"13:19:50","h":"Ouest","s":"25N-H59N100F-80-F1"},{"r":"185","t":"13:19:50","h":"Ouest","s":"25N-H59N200F-81-F2"},{"r":"185","t":"13:19:50","h":"Ouest","s":"25N-H59N300F-80-F3"},{"r":"185","t":"13:19:50","h":"Ouest","s":"25N-H59N400F-80-F4"},{"r":"185","t":"13:19:50","h":"Ouest","s":"25N-H59NV10I-80-I"},{"r":"185","t":"13:19:50","h":"Ouest","s":"25N-H59NV20I-80-I"},{"r":"185","t":"13:19:50","h":"Ouest","s":"25S-H59S000I-81-I"},{"r":"185","t":"13:19:50","h":"Ouest","s":"25S-H59S100F-81-F1"},{"r":"185","t":"13:19:50","h":"Ouest","s":"25S-H59S200F-81-F2"},{"r":"185","t":"13:22:09","h":"Ouest","s":"25N-H59N000S-80-S"},{"r":"185","t":"13:22:09","h":"Ouest","s":"25N-H59NV10S-84-S"},{"r":"185","t":"13:22:09","h":"Ouest","s":"25N-H59NV20S-80-S"},{"r":"185","t":"13:22:09","h":"Ouest","s":"25S-H59S000S-81-S"},{"r":"26","t":"13:24:00","h":"Ouest","s":"25N-H54N000A-80-A"},{"r":"26","t":"13:24:00","h":"Ouest","s":"25N-H54NV10A-80-A"},{"r":"26","t":"13:24:00","h":"Ouest","s":"25N-H54NV20A-80-A"},{"r":"26","t":"13:24:00","h":"Ouest","s":"25S-H54S000A-83-A"},{"r":"185","t":"13:28:28","h":"Ouest","s":"25N-H59N000A-80-A"},{"r":"185","t":"13:28:28","h":"Ouest","s":"25N-H59NV10A-80-A"},{"r":"185","t":"13:28:28","h":"Ouest","s":"25N-H59VN20A-80-A"},{"r":"185","t":"13:28:28","h":"Ouest","s":"25S-H59S000A-81-A"},{"r":"26","t":"13:35:00","h":"Ouest","s":"25N-H54N000S-80-S"},{"r":"26","t":"13:35:00","h":"Ouest","s":"25N-H54NV10S-82-S"},{"r":"26","t":"13:35:00","h":"Ouest","s":"25N-H54NV20S-80-S"},{"r":"26","t":"13:35:00","h":"Ouest","s":"25S-H54S000S-82-S"},{"r":"26","t":"13:36:00","h":"Ouest","s":"25N-H54N000I-80-I"},{"r":"26","t":"13:36:00","h":"Ouest","s":"25N-H54N100F-80-F1"},{"r":"26","t":"13:36:00","h":"Ouest","s":"25N-H54N200F-80-F2"},{"r":"26","t":"13:36:00","h":"Ouest","s":"25N-H54N300F-80-F3"},{"r":"26","t":"13:36:00","h":"Ouest","s":"25N-H54N400F-80-F4"},{"r":"26","t":"13:36:00","h":"Ouest","s":"25N-H54NV10I-80-I"},{"r":"26","t":"13:36:00","h":"Ouest","s":"25N-H54NV20I-80-I"},{"r":"26","t":"13:36:00","h":"Ouest","s":"25S-H54S000I-82-I"},{"r":"26","t":"13:36:00","h":"Ouest","s":"25S-H54S100F-80-F1"},{"r":"26","t":"13:36:00","h":"Ouest","s":"25S-H54S200F-80-F2"},{"r":"185","t":"13:49:28","h":"Ouest","s":"25N-H59N000S-80-S"},{"r":"185","t":"13:49:28","h":"Ouest","s":"25N-H59NV10S-84-S"},{"r":"185","t":"13:49:28","h":"Ouest","s":"25N-H59NV20S-80-S"},{"r":"185","t":"13:49:28","h":"Ouest","s":"25S-H59S000S-81-S"},{"r":"185","t":"13:49:50","h":"Ouest","s":"25N-H59N000I-80-I"},{"r":"185","t":"13:49:50","h":"Ouest","s":"25N-H59N100F-80-F1"},{"r":"185","t":"13:49:50","h":"Ouest","s":"25N-H59N200F-81-F2"},{"r":"185","t":"13:49:50","h":"Ouest","s":"25N-H59N300F-80-F3"},{"r":"185","t":"13:49:50","h":"Ouest","s":"25N-H59N400F-80-F4"},{"r":"185","t":"13:49:50","h":"Ouest","s":"25N-H59NV10I-80-I"},{"r":"185","t":"13:49:50","h":"Ouest","s":"25N-H59NV20I-80-I"},{"r":"185","t":"13:49:50","h":"Ouest","s":"25S-H59S000I-81-I"},{"r":"185","t":"13:49:50","h":"Ouest","s":"25S-H59S100F-81-F1"},{"r":"185","t":"13:49:50","h":"Ouest","s":"25S-H59S200F-81-F2"},{"r":"26","t":"13:53:00","h":"Ouest","s":"25N-H54N000A-80-A"},{"r":"26","t":"13:53:00","h":"Ouest","s":"25N-H54NV10A-80-A"},{"r":"26","t":"13:53:00","h":"Ouest","s":"25N-H54NV20A-80-A"},{"r":"26","t":"13:53:00","h":"Ouest","s":"25S-H54S000A-83-A"},{"r":"185","t":"13:57:28","h":"Ouest","s":"25N-H59N000A-80-A"},{"r":"185","t":"13:57:28","h":"Ouest","s":"25N-H59NV10A-80-A"},{"r":"185","t":"13:57:28","h":"Ouest","s":"25N-H59VN20A-80-A"},{"r":"185","t":"13:57:28","h":"Ouest","s":"25S-H59S000A-81-A"},{"r":"26","t":"14:02:00","h":"Ouest","s":"25N-H54N000S-80-S"},{"r":"26","t":"14:02:00","h":"Ouest","s":"25N-H54NV10S-82-S"},{"r":"26","t":"14:02:00","h":"Ouest","s":"25N-H54NV20S-80-S"},{"r":"26","t":"14:02:00","h":"Ouest","s":"25S-H54S000S-82-S"},{"r":"26","t":"14:06:00","h":"Ouest","s":"25N-H54N000I-80-I"},{"r":"26","t":"14:06:00","h":"Ouest","s":"25N-H54N100F-80-F1"},{"r":"26","t":"14:06:00","h":"Ouest","s":"25N-H54N200F-80-F2"},{"r":"26","t":"14:06:00","h":"Ouest","s":"25N-H54N300F-80-F3"},{"r":"26","t":"14:06:00","h":"Ouest","s":"25N-H54N400F-80-F4"},{"r":"26","t":"14:06:00","h":"Ouest","s":"25N-H54NV10I-80-I"},{"r":"26","t":"14:06:00","h":"Ouest","s":"25N-H54NV20I-80-I"},{"r":"26","t":"14:06:00","h":"Ouest","s":"25S-H54S000I-82-I"},{"r":"26","t":"14:06:00","h":"Ouest","s":"25S-H54S100F-80-F1"},{"r":"26","t":"14:06:00","h":"Ouest","s":"25S-H54S200F-80-F2"},{"r":"185","t":"14:16:28","h":"Ouest","s":"25N-H59N000S-80-S"},{"r":"185","t":"14:16:28","h":"Ouest","s":"25N-H59NV10S-84-S"},{"r":"185","t":"14:16:28","h":"Ouest","s":"25N-H59NV20S-80-S"},{"r":"185","t":"14:16:28","h":"Ouest","s":"25S-H59S000S-81-S"},{"r":"185","t":"14:19:50","h":"Ouest","s":"25N-H59N000I-80-I"},{"r":"185","t":"14:19:50","h":"Ouest","s":"25N-H59N100F-80-F1"},{"r":"185","t":"14:19:50","h":"Ouest","s":"25N-H59N200F-81-F2"},{"r":"185","t":"14:19:50","h":"Ouest","s":"25N-H59N300F-80-F3"},{"r":"185","t":"14:19:50","h":"Ouest","s":"25N-H59N400F-80-F4"},{"r":"185","t":"14:19:50","h":"Ouest","s":"25N-H59NV10I-80-I"},{"r":"185","t":"14:19:50","h":"Ouest","s":"25N-H59NV20I-80-I"},{"r":"185","t":"14:19:50","h":"Ouest","s":"25S-H59S000I-81-I"},{"r":"185","t":"14:19:50","h":"Ouest","s":"25S-H59S100F-81-F1"},{"r":"185","t":"14:19:50","h":"Ouest","s":"25S-H59S200F-81-F2"},{"r":"26","t":"14:23:00","h":"Ouest","s":"25N-H54N000A-80-A"},{"r":"26","t":"14:23:00","h":"Ouest","s":"25N-H54NV10A-80-A"},{"r":"26","t":"14:23:00","h":"Ouest","s":"25N-H54NV20A-80-A"},{"r":"26","t":"14:23:00","h":"Ouest","s":"25S-H54S000A-83-A"},{"r":"185","t":"14:25:28","h":"Ouest","s":"25N-H59N000A-80-A"},{"r":"185","t":"14:25:28","h":"Ouest","s":"25N-H59NV10A-80-A"},{"r":"185","t":"14:25:28","h":"Ouest","s":"25N-H59VN20A-80-A"},{"r":"185","t":"14:25:28","h":"Ouest","s":"25S-H59S000A-81-A"},{"r":"26","t":"14:29:00","h":"Ouest","s":"25N-H54N000S-80-S"},{"r":"26","t":"14:29:00","h":"Ouest","s":"25N-H54NV10S-82-S"},{"r":"26","t":"14:29:00","h":"Ouest","s":"25N-H54NV20S-80-S"},{"r":"26","t":"14:29:00","h":"Ouest","s":"25S-H54S000S-82-S"},{"r":"26","t":"14:36:00","h":"Ouest","s":"25N-H54N000I-80-I"},{"r":"26","t":"14:36:00","h":"Ouest","s":"25N-H54N100F-80-F1"},{"r":"26","t":"14:36:00","h":"Ouest","s":"25N-H54N200F-80-F2"},{"r":"26","t":"14:36:00","h":"Ouest","s":"25N-H54N300F-80-F3"},{"r":"26","t":"14:36:00","h":"Ouest","s":"25N-H54N400F-80-F4"},{"r":"26","t":"14:36:00","h":"Ouest","s":"25N-H54NV10I-80-I"},{"r":"26","t":"14:36:00","h":"Ouest","s":"25N-H54NV20I-80-I"},{"r":"26","t":"14:36:00","h":"Ouest","s":"25S-H54S000I-82-I"},{"r":"26","t":"14:36:00","h":"Ouest","s":"25S-H54S100F-80-F1"},{"r":"26","t":"14:36:00","h":"Ouest","s":"25S-H54S200F-80-F2"},{"r":"185","t":"14:44:28","h":"Ouest","s":"25N-H59N000S-80-S"},{"r":"185","t":"14:44:28","h":"Ouest","s":"25N-H59NV10S-84-S"},{"r":"185","t":"14:44:28","h":"Ouest","s":"25N-H59NV20S-80-S"},{"r":"185","t":"14:44:28","h":"Ouest","s":"25S-H59S000S-81-S"},{"r":"185","t":"14:50:50","h":"Ouest","s":"25N-H59N000I-80-I"},{"r":"185","t":"14:50:50","h":"Ouest","s":"25N-H59N100F-80-F1"},{"r":"185","t":"14:50:50","h":"Ouest","s":"25N-H59N200F-81-F2"},{"r":"185","t":"14:50:50","h":"Ouest","s":"25N-H59N300F-80-F3"},{"r":"185","t":"14:50:50","h":"Ouest","s":"25N-H59N400F-80-F4"},{"r":"185","t":"14:50:50","h":"Ouest","s":"25N-H59NV10I-80-I"},{"r":"185","t":"14:50:50","h":"Ouest","s":"25N-H59NV20I-80-I"},{"r":"185","t":"14:50:50","h":"Ouest","s":"25S-H59S000I-81-I"},{"r":"185","t":"14:50:50","h":"Ouest","s":"25S-H59S100F-81-F1"},{"r":"185","t":"14:50:50","h":"Ouest","s":"25S-H59S200F-81-F2"},{"r":"185","t":"14:52:28","h":"Ouest","s":"25N-H59N000A-80-A"},{"r":"185","t":"14:52:28","h":"Ouest","s":"25N-H59NV10A-80-A"},{"r":"185","t":"14:52:28","h":"Ouest","s":"25N-H59VN20A-80-A"},{"r":"185","t":"14:52:28","h":"Ouest","s":"25S-H59S000A-81-A"},{"r":"26","t":"14:53:00","h":"Ouest","s":"25N-H54N000A-80-A"},{"r":"26","t":"14:53:00","h":"Ouest","s":"25N-H54NV10A-80-A"},{"r":"26","t":"14:53:00","h":"Ouest","s":"25N-H54NV20A-80-A"},{"r":"26","t":"14:53:00","h":"Ouest","s":"25S-H54S000A-83-A"},{"r":"26","t":"14:56:00","h":"Ouest","s":"25N-H54N000S-80-S"},{"r":"26","t":"14:56:00","h":"Ouest","s":"25N-H54NV10S-82-S"},{"r":"26","t":"14:56:00","h":"Ouest","s":"25N-H54NV20S-80-S"},{"r":"26","t":"14:56:00","h":"Ouest","s":"25S-H54S000S-82-S"},{"r":"26","t":"15:06:00","h":"Ouest","s":"25N-H54N000I-80-I"},{"r":"26","t":"15:06:00","h":"Ouest","s":"25N-H54N100F-80-F1"},{"r":"26","t":"15:06:00","h":"Ouest","s":"25N-H54N200F-80-F2"},{"r":"26","t":"15:06:00","h":"Ouest","s":"25N-H54N300F-80-F3"},{"r":"26","t":"15:06:00","h":"Ouest","s":"25N-H54N400F-80-F4"},{"r":"26","t":"15:06:00","h":"Ouest","s":"25N-H54NV10I-80-I"},{"r":"26","t":"15:06:00","h":"Ouest","s":"25N-H54NV20I-80-I"},{"r":"26","t":"15:06:00","h":"Ouest","s":"25S-H54S000I-82-I"},{"r":"26","t":"15:06:00","h":"Ouest","s":"25S-H54S100F-80-F1"},{"r":"26","t":"15:06:00","h":"Ouest","s":"25S-H54S200F-80-F2"},{"r":"185","t":"15:12:28","h":"Ouest","s":"25N-H59N000S-80-S"},{"r":"185","t":"15:12:28","h":"Ouest","s":"25N-H59NV10S-84-S"},{"r":"185","t":"15:12:28","h":"Ouest","s":"25N-H59NV20S-80-S"},{"r":"185","t":"15:12:28","h":"Ouest","s":"25S-H59S000S-81-S"},{"r":"185","t":"15:20:28","h":"Ouest","s":"25N-H59N000A-80-A"},{"r":"185","t":"15:20:28","h":"Ouest","s":"25N-H59NV10A-80-A"},{"r":"185","t":"15:20:28","h":"Ouest","s":"25N-H59VN20A-80-A"},{"r":"185","t":"15:20:28","h":"Ouest","s":"25S-H59S000A-81-A"},{"r":"185","t":"15:20:50","h":"Ouest","s":"25N-H59N000I-80-I"},{"r":"185","t":"15:20:50","h":"Ouest","s":"25N-H59N100F-80-F1"},{"r":"185","t":"15:20:50","h":"Ouest","s":"25N-H59N200F-81-F2"},{"r":"185","t":"15:20:50","h":"Ouest","s":"25N-H59N300F-80-F3"},{"r":"185","t":"15:20:50","h":"Ouest","s":"25N-H59N400F-80-F4"},{"r":"185","t":"15:20:50","h":"Ouest","s":"25N-H59NV10I-80-I"},{"r":"185","t":"15:20:50","h":"Ouest","s":"25N-H59NV20I-80-I"},{"r":"185","t":"15:20:50","h":"Ouest","s":"25S-H59S000I-81-I"},{"r":"185","t":"15:20:50","h":"Ouest","s":"25S-H59S100F-81-F1"},{"r":"185","t":"15:20:50","h":"Ouest","s":"25S-H59S200F-81-F2"},{"r":"26","t":"15:23:00","h":"Ouest","s":"25N-H54N000A-80-A"},{"r":"26","t":"15:23:00","h":"Ouest","s":"25N-H54NV10A-80-A"},{"r":"26","t":"15:23:00","h":"Ouest","s":"25N-H54NV20A-80-A"},{"r":"26","t":"15:23:00","h":"Ouest","s":"25S-H54S000A-83-A"},{"r":"26","t":"15:26:00","h":"Ouest","s":"25N-H54N000S-80-S"},{"r":"26","t":"15:26:00","h":"Ouest","s":"25N-H54NV10S-82-S"},{"r":"26","t":"15:26:00","h":"Ouest","s":"25N-H54NV20S-80-S"},{"r":"26","t":"15:26:00","h":"Ouest","s":"25S-H54S000S-82-S"},{"r":"26","t":"15:36:00","h":"Ouest","s":"25N-H54N000I-80-I"},{"r":"26","t":"15:36:00","h":"Ouest","s":"25N-H54N100F-80-F1"},{"r":"26","t":"15:36:00","h":"Ouest","s":"25N-H54N200F-80-F2"},{"r":"26","t":"15:36:00","h":"Ouest","s":"25N-H54N300F-80-F3"},{"r":"26","t":"15:36:00","h":"Ouest","s":"25N-H54N400F-80-F4"},{"r":"26","t":"15:36:00","h":"Ouest","s":"25N-H54NV10I-80-I"},{"r":"26","t":"15:36:00","h":"Ouest","s":"25N-H54NV20I-80-I"},{"r":"26","t":"15:36:00","h":"Ouest","s":"25S-H54S000I-82-I"},{"r":"26","t":"15:36:00","h":"Ouest","s":"25S-H54S100F-80-F1"},{"r":"26","t":"15:36:00","h":"Ouest","s":"25S-H54S200F-80-F2"},{"r":"185","t":"15:42:28","h":"Ouest","s":"25N-H59N000S-80-S"},{"r":"185","t":"15:42:28","h":"Ouest","s":"25N-H59NV10S-84-S"},{"r":"185","t":"15:42:28","h":"Ouest","s":"25N-H59NV20S-80-S"},{"r":"185","t":"15:42:28","h":"Ouest","s":"25S-H59S000S-81-S"},{"r":"185","t":"15:49:28","h":"Ouest","s":"25N-H59N000A-80-A"},{"r":"185","t":"15:49:28","h":"Ouest","s":"25N-H59NV10A-80-A"},{"r":"185","t":"15:49:28","h":"Ouest","s":"25N-H59VN20A-80-A"},{"r":"185","t":"15:49:28","h":"Ouest","s":"25S-H59S000A-81-A"},{"r":"185","t":"15:50:50","h":"Ouest","s":"25N-H59N000I-80-I"},{"r":"185","t":"15:50:50","h":"Ouest","s":"25N-H59N100F-80-F1"},{"r":"185","t":"15:50:50","h":"Ouest","s":"25N-H59N200F-81-F2"},{"r":"185","t":"15:50:50","h":"Ouest","s":"25N-H59N300F-80-F3"},{"r":"185","t":"15:50:50","h":"Ouest","s":"25N-H59N400F-80-F4"},{"r":"185","t":"15:50:50","h":"Ouest","s":"25N-H59NV10I-80-I"},{"r":"185","t":"15:50:50","h":"Ouest","s":"25N-H59NV20I-80-I"},{"r":"185","t":"15:50:50","h":"Ouest","s":"25S-H59S000I-81-I"},{"r":"185","t":"15:50:50","h":"Ouest","s":"25S-H59S100F-81-F1"},{"r":"185","t":"15:50:50","h":"Ouest","s":"25S-H59S200F-81-F2"},{"r":"26","t":"15:53:00","h":"Ouest","s":"25N-H54N000A-80-A"},{"r":"26","t":"15:53:00","h":"Ouest","s":"25N-H54NV10A-80-A"},{"r":"26","t":"15:53:00","h":"Ouest","s":"25N-H54NV20A-80-A"},{"r":"26","t":"15:53:00","h":"Ouest","s":"25S-H54S000A-83-A"},{"r":"26","t":"15:59:00","h":"Ouest","s":"25N-H54N000S-80-S"},{"r":"26","t":"15:59:00","h":"Ouest","s":"25N-H54NV10S-82-S"},{"r":"26","t":"15:59:00","h":"Ouest","s":"25N-H54NV20S-80-S"},{"r":"26","t":"15:59:00","h":"Ouest","s":"25S-H54S000S-82-S"},{"r":"26","t":"16:06:00","h":"Ouest","s":"25N-H54N000I-80-I"},{"r":"26","t":"16:06:00","h":"Ouest","s":"25N-H54N100F-80-F1"},{"r":"26","t":"16:06:00","h":"Ouest","s":"25N-H54N200F-80-F2"},{"r":"26","t":"16:06:00","h":"Ouest","s":"25N-H54N300F-80-F3"},{"r":"26","t":"16:06:00","h":"Ouest","s":"25N-H54N400F-80-F4"},{"r":"26","t":"16:06:00","h":"Ouest","s":"25N-H54NV10I-80-I"},{"r":"26","t":"16:06:00","h":"Ouest","s":"25N-H54NV20I-80-I"},{"r":"26","t":"16:06:00","h":"Ouest","s":"25S-H54S000I-82-I"},{"r":"26","t":"16:06:00","h":"Ouest","s":"25S-H54S100F-80-F1"},{"r":"26","t":"16:06:00","h":"Ouest","s":"25S-H54S200F-80-F2"},{"r":"185","t":"16:13:28","h":"Ouest","s":"25N-H59N000S-80-S"},{"r":"185","t":"16:13:28","h":"Ouest","s":"25N-H59NV10S-84-S"},{"r":"185","t":"16:13:28","h":"Ouest","s":"25N-H59NV20S-80-S"},{"r":"185","t":"16:13:28","h":"Ouest","s":"25S-H59S000S-81-S"},{"r":"185","t":"16:19:28","h":"Ouest","s":"25N-H59N000A-80-A"},{"r":"185","t":"16:19:28","h":"Ouest","s":"25N-H59NV10A-80-A"},{"r":"185","t":"16:19:28","h":"Ouest","s":"25N-H59VN20A-80-A"},{"r":"185","t":"16:19:28","h":"Ouest","s":"25S-H59S000A-81-A"},{"r":"185","t":"16:20:50","h":"Ouest","s":"25N-H59N000I-80-I"},{"r":"185","t":"16:20:50","h":"Ouest","s":"25N-H59N100F-80-F1"},{"r":"185","t":"16:20:50","h":"Ouest","s":"25N-H59N200F-81-F2"},{"r":"185","t":"16:20:50","h":"Ouest","s":"25N-H59N300F-80-F3"},{"r":"185","t":"16:20:50","h":"Ouest","s":"25N-H59N400F-80-F4"},{"r":"185","t":"16:20:50","h":"Ouest","s":"25N-H59NV10I-80-I"},{"r":"185","t":"16:20:50","h":"Ouest","s":"25N-H59NV20I-80-I"},{"r":"185","t":"16:20:50","h":"Ouest","s":"25S-H59S000I-81-I"},{"r":"185","t":"16:20:50","h":"Ouest","s":"25S-H59S100F-81-F1"},{"r":"185","t":"16:20:50","h":"Ouest","s":"25S-H59S200F-81-F2"},{"r":"26","t":"16:23:00","h":"Ouest","s":"25N-H54N000A-80-A"},{"r":"26","t":"16:23:00","h":"Ouest","s":"25N-H54NV10A-80-A"},{"r":"26","t":"16:23:00","h":"Ouest","s":"25N-H54NV20A-80-A"},{"r":"26","t":"16:23:00","h":"Ouest","s":"25S-H54S000A-83-A"},{"r":"26","t":"16:31:00","h":"Ouest","s":"25N-H54N000S-80-S"},{"r":"26","t":"16:31:00","h":"Ouest","s":"25N-H54NV10S-82-S"},{"r":"26","t":"16:31:00","h":"Ouest","s":"25N-H54NV20S-80-S"},{"r":"26","t":"16:31:00","h":"Ouest","s":"25S-H54S000S-82-S"},{"r":"26","t":"16:36:00","h":"Ouest","s":"25N-H54N000I-80-I"},{"r":"26","t":"16:36:00","h":"Ouest","s":"25N-H54N100F-80-F1"},{"r":"26","t":"16:36:00","h":"Ouest","s":"25N-H54N200F-80-F2"},{"r":"26","t":"16:36:00","h":"Ouest","s":"25N-H54N300F-80-F3"},{"r":"26","t":"16:36:00","h":"Ouest","s":"25N-H54N400F-80-F4"},{"r":"26","t":"16:36:00","h":"Ouest","s":"25N-H54NV10I-80-I"},{"r":"26","t":"16:36:00","h":"Ouest","s":"25N-H54NV20I-80-I"},{"r":"26","t":"16:36:00","h":"Ouest","s":"25S-H54S000I-82-I"},{"r":"26","t":"16:36:00","h":"Ouest","s":"25S-H54S100F-80-F1"},{"r":"26","t":"16:36:00","h":"Ouest","s":"25S-H54S200F-80-F2"},{"r":"185","t":"16:43:28","h":"Ouest","s":"25N-H59N000S-80-S"},{"r":"185","t":"16:43:28","h":"Ouest","s":"25N-H59NV10S-84-S"},{"r":"185","t":"16:43:28","h":"Ouest","s":"25N-H59NV20S-80-S"},{"r":"185","t":"16:43:28","h":"Ouest","s":"25S-H59S000S-81-S"},{"r":"185","t":"16:48:28","h":"Ouest","s":"25N-H59N000A-80-A"},{"r":"185","t":"16:48:28","h":"Ouest","s":"25N-H59NV10A-80-A"},{"r":"185","t":"16:48:28","h":"Ouest","s":"25N-H59VN20A-80-A"},{"r":"185","t":"16:48:28","h":"Ouest","s":"25S-H59S000A-81-A"},{"r":"185","t":"16:49:50","h":"Ouest","s":"25N-H59N000I-80-I"},{"r":"185","t":"16:49:50","h":"Ouest","s":"25N-H59N100F-80-F1"},{"r":"185","t":"16:49:50","h":"Ouest","s":"25N-H59N200F-81-F2"},{"r":"185","t":"16:49:50","h":"Ouest","s":"25N-H59N300F-80-F3"},{"r":"185","t":"16:49:50","h":"Ouest","s":"25N-H59N400F-80-F4"},{"r":"185","t":"16:49:50","h":"Ouest","s":"25N-H59NV10I-80-I"},{"r":"185","t":"16:49:50","h":"Ouest","s":"25N-H59NV20I-80-I"},{"r":"185","t":"16:49:50","h":"Ouest","s":"25S-H59S000I-81-I"},{"r":"185","t":"16:49:50","h":"Ouest","s":"25S-H59S100F-81-F1"},{"r":"185","t":"16:49:50","h":"Ouest","s":"25S-H59S200F-81-F2"},{"r":"26","t":"16:51:00","h":"Ouest","s":"25N-H54N000A-80-A"},{"r":"26","t":"16:51:00","h":"Ouest","s":"25N-H54NV10A-80-A"},{"r":"26","t":"16:51:00","h":"Ouest","s":"25N-H54NV20A-80-A"},{"r":"26","t":"16:51:00","h":"Ouest","s":"25S-H54S000A-83-A"},{"r":"26","t":"17:01:00","h":"Ouest","s":"25N-H54N000S-80-S"},{"r":"26","t":"17:01:00","h":"Ouest","s":"25N-H54NV10S-82-S"},{"r":"26","t":"17:01:00","h":"Ouest","s":"25N-H54NV20S-80-S"},{"r":"26","t":"17:01:00","h":"Ouest","s":"25S-H54S000S-82-S"},{"r":"26","t":"17:05:00","h":"Ouest","s":"25N-H54N000I-80-I"},{"r":"26","t":"17:05:00","h":"Ouest","s":"25N-H54N100F-80-F1"},{"r":"26","t":"17:05:00","h":"Ouest","s":"25N-H54N200F-80-F2"},{"r":"26","t":"17:05:00","h":"Ouest","s":"25N-H54N300F-80-F3"},{"r":"26","t":"17:05:00","h":"Ouest","s":"25N-H54N400F-80-F4"},{"r":"26","t":"17:05:00","h":"Ouest","s":"25N-H54NV10I-80-I"},{"r":"26","t":"17:05:00","h":"Ouest","s":"25N-H54NV20I-80-I"},{"r":"26","t":"17:05:00","h":"Ouest","s":"25S-H54S000I-82-I"},{"r":"26","t":"17:05:00","h":"Ouest","s":"25S-H54S100F-80-F1"},{"r":"26","t":"17:05:00","h":"Ouest","s":"25S-H54S200F-80-F2"},{"r":"185","t":"17:12:28","h":"Ouest","s":"25N-H59N000S-80-S"},{"r":"185","t":"17:12:28","h":"Ouest","s":"25N-H59NV10S-84-S"},{"r":"185","t":"17:12:28","h":"Ouest","s":"25N-H59NV20S-80-S"},{"r":"185","t":"17:12:28","h":"Ouest","s":"25S-H59S000S-81-S"},{"r":"185","t":"17:17:28","h":"Ouest","s":"25N-H59N000A-80-A"},{"r":"185","t":"17:17:28","h":"Ouest","s":"25N-H59NV10A-80-A"},{"r":"185","t":"17:17:28","h":"Ouest","s":"25N-H59VN20A-80-A"},{"r":"185","t":"17:17:28","h":"Ouest","s":"25S-H59S000A-81-A"},{"r":"26","t":"17:19:00","h":"Ouest","s":"25N-H54N000A-80-A"},{"r":"26","t":"17:19:00","h":"Ouest","s":"25N-H54NV10A-80-A"},{"r":"26","t":"17:19:00","h":"Ouest","s":"25N-H54NV20A-80-A"},{"r":"26","t":"17:19:00","h":"Ouest","s":"25S-H54S000A-83-A"},{"r":"185","t":"17:21:50","h":"Ouest","s":"25N-H59N000I-80-I"},{"r":"185","t":"17:21:50","h":"Ouest","s":"25N-H59N100F-80-F1"},{"r":"185","t":"17:21:50","h":"Ouest","s":"25N-H59N200F-81-F2"},{"r":"185","t":"17:21:50","h":"Ouest","s":"25N-H59N300F-80-F3"},{"r":"185","t":"17:21:50","h":"Ouest","s":"25N-H59N400F-80-F4"},{"r":"185","t":"17:21:50","h":"Ouest","s":"25N-H59NV10I-80-I"},{"r":"185","t":"17:21:50","h":"Ouest","s":"25N-H59NV20I-80-I"},{"r":"185","t":"17:21:50","h":"Ouest","s":"25S-H59S000I-81-I"},{"r":"185","t":"17:21:50","h":"Ouest","s":"25S-H59S100F-81-F1"},{"r":"185","t":"17:21:50","h":"Ouest","s":"25S-H59S200F-81-F2"},{"r":"26","t":"17:34:00","h":"Ouest","s":"25N-H54N000I-80-I"},{"r":"26","t":"17:34:00","h":"Ouest","s":"25N-H54N100F-80-F1"},{"r":"26","t":"17:34:00","h":"Ouest","s":"25N-H54N200F-80-F2"},{"r":"26","t":"17:34:00","h":"Ouest","s":"25N-H54N300F-80-F3"},{"r":"26","t":"17:34:00","h":"Ouest","s":"25N-H54N400F-80-F4"},{"r":"26","t":"17:34:00","h":"Ouest","s":"25N-H54NV10I-80-I"},{"r":"26","t":"17:34:00","h":"Ouest","s":"25N-H54NV20I-80-I"},{"r":"26","t":"17:34:00","h":"Ouest","s":"25S-H54S000I-82-I"},{"r":"26","t":"17:34:00","h":"Ouest","s":"25S-H54S100F-80-F1"},{"r":"26","t":"17:34:00","h":"Ouest","s":"25S-H54S200F-80-F2"},{"r":"26","t":"17:35:00","h":"Ouest","s":"25N-H54N000S-80-S"},{"r":"26","t":"17:35:00","h":"Ouest","s":"25N-H54NV10S-82-S"},{"r":"26","t":"17:35:00","h":"Ouest","s":"25N-H54NV20S-80-S"},{"r":"26","t":"17:35:00","h":"Ouest","s":"25S-H54S000S-82-S"},{"r":"185","t":"17:42:28","h":"Ouest","s":"25N-H59N000S-80-S"},{"r":"185","t":"17:42:28","h":"Ouest","s":"25N-H59NV10S-84-S"},{"r":"185","t":"17:42:28","h":"Ouest","s":"25N-H59NV20S-80-S"},{"r":"185","t":"17:42:28","h":"Ouest","s":"25S-H59S000S-81-S"},{"r":"185","t":"17:45:50","h":"Ouest","s":"25N-H59N000A-80-A"},{"r":"185","t":"17:45:50","h":"Ouest","s":"25N-H59NV10A-80-A"},{"r":"185","t":"17:45:50","h":"Ouest","s":"25N-H59VN20A-80-A"},{"r":"185","t":"17:45:50","h":"Ouest","s":"25S-H59S000A-81-A"},{"r":"26","t":"17:50:00","h":"Ouest","s":"25N-H54N000A-80-A"},{"r":"26","t":"17:50:00","h":"Ouest","s":"25N-H54NV10A-80-A"},{"r":"26","t":"17:50:00","h":"Ouest","s":"25N-H54NV20A-80-A"},{"r":"26","t":"17:50:00","h":"Ouest","s":"25S-H54S000A-83-A"},{"r":"185","t":"17:54:50","h":"Ouest","s":"25N-H59N000I-80-I"},{"r":"185","t":"17:54:50","h":"Ouest","s":"25N-H59N100F-80-F1"},{"r":"185","t":"17:54:50","h":"Ouest","s":"25N-H59N200F-81-F2"},{"r":"185","t":"17:54:50","h":"Ouest","s":"25N-H59N300F-80-F3"},{"r":"185","t":"17:54:50","h":"Ouest","s":"25N-H59N400F-80-F4"},{"r":"185","t":"17:54:50","h":"Ouest","s":"25N-H59NV10I-80-I"},{"r":"185","t":"17:54:50","h":"Ouest","s":"25N-H59NV20I-80-I"},{"r":"185","t":"17:54:50","h":"Ouest","s":"25S-H59S000I-81-I"},{"r":"185","t":"17:54:50","h":"Ouest","s":"25S-H59S100F-81-F1"},{"r":"185","t":"17:54:50","h":"Ouest","s":"25S-H59S200F-81-F2"},{"r":"26","t":"18:02:00","h":"Ouest","s":"25N-H54N000I-80-I"},{"r":"26","t":"18:02:00","h":"Ouest","s":"25N-H54N100F-80-F1"},{"r":"26","t":"18:02:00","h":"Ouest","s":"25N-H54N200F-80-F2"},{"r":"26","t":"18:02:00","h":"Ouest","s":"25N-H54N300F-80-F3"},{"r":"26","t":"18:02:00","h":"Ouest","s":"25N-H54N400F-80-F4"},{"r":"26","t":"18:02:00","h":"Ouest","s":"25N-H54NV10I-80-I"},{"r":"26","t":"18:02:00","h":"Ouest","s":"25N-H54NV20I-80-I"},{"r":"26","t":"18:02:00","h":"Ouest","s":"25S-H54S000I-82-I"},{"r":"26","t":"18:02:00","h":"Ouest","s":"25S-H54S100F-80-F1"},{"r":"26","t":"18:02:00","h":"Ouest","s":"25S-H54S200F-80-F2"},{"r":"26","t":"18:07:00","h":"Ouest","s":"25N-H54N000S-80-S"},{"r":"26","t":"18:07:00","h":"Ouest","s":"25N-H54NV10S-82-S"},{"r":"26","t":"18:07:00","h":"Ouest","s":"25N-H54NV20S-80-S"},{"r":"26","t":"18:07:00","h":"Ouest","s":"25S-H54S000S-82-S"},{"r":"185","t":"18:12:09","h":"Ouest","s":"25N-H59N000S-80-S"},{"r":"185","t":"18:12:09","h":"Ouest","s":"25N-H59NV10S-84-S"},{"r":"185","t":"18:12:09","h":"Ouest","s":"25N-H59NV20S-80-S"},{"r":"185","t":"18:12:09","h":"Ouest","s":"25S-H59S000S-81-S"},{"r":"185","t":"18:14:50","h":"Ouest","s":"25N-H59N000A-80-A"},{"r":"185","t":"18:14:50","h":"Ouest","s":"25N-H59NV10A-80-A"},{"r":"185","t":"18:14:50","h":"Ouest","s":"25N-H59VN20A-80-A"},{"r":"185","t":"18:14:50","h":"Ouest","s":"25S-H59S000A-81-A"},{"r":"26","t":"18:21:00","h":"Ouest","s":"25N-H54N000A-80-A"},{"r":"26","t":"18:21:00","h":"Ouest","s":"25N-H54NV10A-80-A"},{"r":"26","t":"18:21:00","h":"Ouest","s":"25N-H54NV20A-80-A"},{"r":"26","t":"18:21:00","h":"Ouest","s":"25S-H54S000A-83-A"},{"r":"185","t":"18:27:31","h":"Ouest","s":"25N-H59N000I-80-I"},{"r":"185","t":"18:27:31","h":"Ouest","s":"25N-H59N100F-80-F1"},{"r":"185","t":"18:27:31","h":"Ouest","s":"25N-H59N200F-81-F2"},{"r":"185","t":"18:27:31","h":"Ouest","s":"25N-H59N300F-80-F3"},{"r":"185","t":"18:27:31","h":"Ouest","s":"25N-H59N400F-80-F4"},{"r":"185","t":"18:27:31","h":"Ouest","s":"25N-H59NV10I-80-I"},{"r":"185","t":"18:27:31","h":"Ouest","s":"25N-H59NV20I-80-I"},{"r":"185","t":"18:27:31","h":"Ouest","s":"25S-H59S000I-81-I"},{"r":"185","t":"18:27:31","h":"Ouest","s":"25S-H59S100F-81-F1"},{"r":"185","t":"18:27:31","h":"Ouest","s":"25S-H59S200F-81-F2"},{"r":"26","t":"18:31:00","h":"Ouest","s":"25N-H54N000I-80-I"},{"r":"26","t":"18:31:00","h":"Ouest","s":"25N-H54N100F-80-F1"},{"r":"26","t":"18:31:00","h":"Ouest","s":"25N-H54N200F-80-F2"},{"r":"26","t":"18:31:00","h":"Ouest","s":"25N-H54N300F-80-F3"},{"r":"26","t":"18:31:00","h":"Ouest","s":"25N-H54N400F-80-F4"},{"r":"26","t":"18:31:00","h":"Ouest","s":"25N-H54NV10I-80-I"},{"r":"26","t":"18:31:00","h":"Ouest","s":"25N-H54NV20I-80-I"},{"r":"26","t":"18:31:00","h":"Ouest","s":"25S-H54S000I-82-I"},{"r":"26","t":"18:31:00","h":"Ouest","s":"25S-H54S100F-80-F1"},{"r":"26","t":"18:31:00","h":"Ouest","s":"25S-H54S200F-80-F2"},{"r":"26","t":"18:38:00","h":"Ouest","s":"25N-H54N000S-80-S"},{"r":"26","t":"18:38:00","h":"Ouest","s":"25N-H54NV10S-82-S"},{"r":"26","t":"18:38:00","h":"Ouest","s":"25N-H54NV20S-80-S"},{"r":"26","t":"18:38:00","h":"Ouest","s":"25S-H54S000S-82-S"},{"r":"185","t":"18:41:09","h":"Ouest","s":"25N-H59N000S-80-S"},{"r":"185","t":"18:41:09","h":"Ouest","s":"25N-H59NV10S-84-S"},{"r":"185","t":"18:41:09","h":"Ouest","s":"25N-H59NV20S-80-S"},{"r":"185","t":"18:41:09","h":"Ouest","s":"25S-H59S000S-81-S"},{"r":"185","t":"18:43:50","h":"Ouest","s":"25N-H59N000A-80-A"},{"r":"185","t":"18:43:50","h":"Ouest","s":"25N-H59NV10A-80-A"},{"r":"185","t":"18:43:50","h":"Ouest","s":"25N-H59VN20A-80-A"},{"r":"185","t":"18:43:50","h":"Ouest","s":"25S-H59S000A-81-A"},{"r":"26","t":"18:52:00","h":"Ouest","s":"25N-H54N000A-80-A"},{"r":"26","t":"18:52:00","h":"Ouest","s":"25N-H54NV10A-80-A"},{"r":"26","t":"18:52:00","h":"Ouest","s":"25N-H54NV20A-80-A"},{"r":"26","t":"18:52:00","h":"Ouest","s":"25S-H54S000A-83-A"},{"r":"185","t":"18:59:12","h":"Ouest","s":"25N-H59N000I-80-I"},{"r":"185","t":"18:59:12","h":"Ouest","s":"25N-H59N100F-80-F1"},{"r":"185","t":"18:59:12","h":"Ouest","s":"25N-H59N200F-81-F2"},{"r":"185","t":"18:59:12","h":"Ouest","s":"25N-H59N300F-80-F3"},{"r":"185","t":"18:59:12","h":"Ouest","s":"25N-H59N400F-80-F4"},{"r":"185","t":"18:59:12","h":"Ouest","s":"25N-H59NV10I-80-I"},{"r":"185","t":"18:59:12","h":"Ouest","s":"25N-H59NV20I-80-I"},{"r":"185","t":"18:59:12","h":"Ouest","s":"25S-H59S000I-81-I"},{"r":"185","t":"18:59:12","h":"Ouest","s":"25S-H59S100F-81-F1"},{"r":"185","t":"18:59:12","h":"Ouest","s":"25S-H59S200F-81-F2"},{"r":"26","t":"19:00:00","h":"Ouest","s":"25N-H54N000I-80-I"},{"r":"26","t":"19:00:00","h":"Ouest","s":"25N-H54N100F-80-F1"},{"r":"26","t":"19:00:00","h":"Ouest","s":"25N-H54N200F-80-F2"},{"r":"26","t":"19:00:00","h":"Ouest","s":"25N-H54N300F-80-F3"},{"r":"26","t":"19:00:00","h":"Ouest","s":"25N-H54N400F-80-F4"},{"r":"26","t":"19:00:00","h":"Ouest","s":"25N-H54NV10I-80-I"},{"r":"26","t":"19:00:00","h":"Ouest","s":"25N-H54NV20I-80-I"},{"r":"26","t":"19:00:00","h":"Ouest","s":"25S-H54S000I-82-I"},{"r":"26","t":"19:00:00","h":"Ouest","s":"25S-H54S100F-80-F1"},{"r":"26","t":"19:00:00","h":"Ouest","s":"25S-H54S200F-80-F2"},{"r":"26","t":"19:08:00","h":"Ouest","s":"25N-H54N000S-80-S"},{"r":"26","t":"19:08:00","h":"Ouest","s":"25N-H54NV10S-82-S"},{"r":"26","t":"19:08:00","h":"Ouest","s":"25N-H54NV20S-80-S"},{"r":"26","t":"19:08:00","h":"Ouest","s":"25S-H54S000S-82-S"},{"r":"185","t":"19:10:09","h":"Ouest","s":"25N-H59N000S-80-S"},{"r":"185","t":"19:10:09","h":"Ouest","s":"25N-H59NV10S-84-S"},{"r":"185","t":"19:10:09","h":"Ouest","s":"25N-H59NV20S-80-S"},{"r":"185","t":"19:10:09","h":"Ouest","s":"25S-H59S000S-81-S"},{"r":"185","t":"19:11:50","h":"Ouest","s":"25N-H59N000A-80-A"},{"r":"185","t":"19:11:50","h":"Ouest","s":"25N-H59NV10A-80-A"},{"r":"185","t":"19:11:50","h":"Ouest","s":"25N-H59VN20A-80-A"},{"r":"185","t":"19:11:50","h":"Ouest","s":"25S-H59S000A-81-A"},{"r":"26","t":"19:22:00","h":"Ouest","s":"25N-H54N000A-80-A"},{"r":"26","t":"19:22:00","h":"Ouest","s":"25N-H54NV10A-80-A"},{"r":"26","t":"19:22:00","h":"Ouest","s":"25N-H54NV20A-80-A"},{"r":"26","t":"19:22:00","h":"Ouest","s":"25S-H54S000A-83-A"},{"r":"26","t":"19:29:00","h":"Ouest","s":"25N-H54N000I-80-I"},{"r":"26","t":"19:29:00","h":"Ouest","s":"25N-H54N100F-80-F1"},{"r":"26","t":"19:29:00","h":"Ouest","s":"25N-H54N200F-80-F2"},{"r":"26","t":"19:29:00","h":"Ouest","s":"25N-H54N300F-80-F3"},{"r":"26","t":"19:29:00","h":"Ouest","s":"25N-H54N400F-80-F4"},{"r":"26","t":"19:29:00","h":"Ouest","s":"25N-H54NV10I-80-I"},{"r":"26","t":"19:29:00","h":"Ouest","s":"25N-H54NV20I-80-I"},{"r":"26","t":"19:29:00","h":"Ouest","s":"25S-H54S000I-82-I"},{"r":"26","t":"19:29:00","h":"Ouest","s":"25S-H54S100F-80-F1"},{"r":"26","t":"19:29:00","h":"Ouest","s":"25S-H54S200F-80-F2"},{"r":"185","t":"19:30:12","h":"Ouest","s":"25N-H59N000I-80-I"},{"r":"185","t":"19:30:12","h":"Ouest","s":"25N-H59N100F-80-F1"},{"r":"185","t":"19:30:12","h":"Ouest","s":"25N-H59N200F-81-F2"},{"r":"185","t":"19:30:12","h":"Ouest","s":"25N-H59N300F-80-F3"},{"r":"185","t":"19:30:12","h":"Ouest","s":"25N-H59N400F-80-F4"},{"r":"185","t":"19:30:12","h":"Ouest","s":"25N-H59NV10I-80-I"},{"r":"185","t":"19:30:12","h":"Ouest","s":"25N-H59NV20I-80-I"},{"r":"185","t":"19:30:12","h":"Ouest","s":"25S-H59S000I-81-I"},{"r":"185","t":"19:30:12","h":"Ouest","s":"25S-H59S100F-81-F1"},{"r":"185","t":"19:30:12","h":"Ouest","s":"25S-H59S200F-81-F2"},{"r":"26","t":"19:38:00","h":"Ouest","s":"25N-H54N000S-80-S"},{"r":"26","t":"19:38:00","h":"Ouest","s":"25N-H54NV10S-82-S"},{"r":"26","t":"19:38:00","h":"Ouest","s":"25N-H54NV20S-80-S"},{"r":"26","t":"19:38:00","h":"Ouest","s":"25S-H54S000S-82-S"},{"r":"185","t":"19:38:31","h":"Ouest","s":"25N-H59N000A-80-A"},{"r":"185","t":"19:38:31","h":"Ouest","s":"25N-H59NV10A-80-A"},{"r":"185","t":"19:38:31","h":"Ouest","s":"25N-H59VN20A-80-A"},{"r":"185","t":"19:38:31","h":"Ouest","s":"25S-H59S000A-81-A"},{"r":"185","t":"19:41:09","h":"Ouest","s":"25N-H59N000S-80-S"},{"r":"185","t":"19:41:09","h":"Ouest","s":"25N-H59NV10S-84-S"},{"r":"185","t":"19:41:09","h":"Ouest","s":"25N-H59NV20S-80-S"},{"r":"185","t":"19:41:09","h":"Ouest","s":"25S-H59S000S-81-S"},{"r":"26","t":"19:52:00","h":"Ouest","s":"25N-H54N000A-80-A"},{"r":"26","t":"19:52:00","h":"Ouest","s":"25N-H54NV10A-80-A"},{"r":"26","t":"19:52:00","h":"Ouest","s":"25N-H54NV20A-80-A"},{"r":"26","t":"19:52:00","h":"Ouest","s":"25S-H54S000A-83-A"},{"r":"26","t":"19:58:00","h":"Ouest","s":"25N-H54N000I-80-I"},{"r":"26","t":"19:58:00","h":"Ouest","s":"25N-H54N100F-80-F1"},{"r":"26","t":"19:58:00","h":"Ouest","s":"25N-H54N200F-80-F2"},{"r":"26","t":"19:58:00","h":"Ouest","s":"25N-H54N300F-80-F3"},{"r":"26","t":"19:58:00","h":"Ouest","s":"25N-H54N400F-80-F4"},{"r":"26","t":"19:58:00","h":"Ouest","s":"25N-H54NV10I-80-I"},{"r":"26","t":"19:58:00","h":"Ouest","s":"25N-H54NV20I-80-I"},{"r":"26","t":"19:58:00","h":"Ouest","s":"25S-H54S000I-82-I"},{"r":"26","t":"19:58:00","h":"Ouest","s":"25S-H54S100F-80-F1"},{"r":"26","t":"19:58:00","h":"Ouest","s":"25S-H54S200F-80-F2"},{"r":"185","t":"19:59:12","h":"Ouest","s":"25N-H59N000I-80-I"},{"r":"185","t":"19:59:12","h":"Ouest","s":"25N-H59N100F-80-F1"},{"r":"185","t":"19:59:12","h":"Ouest","s":"25N-H59N200F-81-F2"},{"r":"185","t":"19:59:12","h":"Ouest","s":"25N-H59N300F-80-F3"},{"r":"185","t":"19:59:12","h":"Ouest","s":"25N-H59N400F-80-F4"},{"r":"185","t":"19:59:12","h":"Ouest","s":"25N-H59NV10I-80-I"},{"r":"185","t":"19:59:12","h":"Ouest","s":"25N-H59NV20I-80-I"},{"r":"185","t":"19:59:12","h":"Ouest","s":"25S-H59S000I-81-I"},{"r":"185","t":"19:59:12","h":"Ouest","s":"25S-H59S100F-81-F1"},{"r":"185","t":"19:59:12","h":"Ouest","s":"25S-H59S200F-81-F2"},{"r":"26","t":"20:04:00","h":"Ouest","s":"25N-H54N000S-80-S"},{"r":"26","t":"20:04:00","h":"Ouest","s":"25N-H54NV10S-82-S"},{"r":"26","t":"20:04:00","h":"Ouest","s":"25N-H54NV20S-80-S"},{"r":"26","t":"20:04:00","h":"Ouest","s":"25S-H54S000S-82-S"},{"r":"185","t":"20:09:31","h":"Ouest","s":"25N-H59N000A-80-A"},{"r":"185","t":"20:09:31","h":"Ouest","s":"25N-H59NV10A-80-A"},{"r":"185","t":"20:09:31","h":"Ouest","s":"25N-H59VN20A-80-A"},{"r":"185","t":"20:09:31","h":"Ouest","s":"25S-H59S000A-81-A"},{"r":"185","t":"20:13:09","h":"Ouest","s":"25N-H59N000S-80-S"},{"r":"185","t":"20:13:09","h":"Ouest","s":"25N-H59NV10S-84-S"},{"r":"185","t":"20:13:09","h":"Ouest","s":"25N-H59NV20S-80-S"},{"r":"185","t":"20:13:09","h":"Ouest","s":"25S-H59S000S-81-S"},{"r":"26","t":"20:21:00","h":"Ouest","s":"25N-H54N000A-80-A"},{"r":"26","t":"20:21:00","h":"Ouest","s":"25N-H54NV10A-80-A"},{"r":"26","t":"20:21:00","h":"Ouest","s":"25N-H54NV20A-80-A"},{"r":"26","t":"20:21:00","h":"Ouest","s":"25S-H54S000A-83-A"},{"r":"26","t":"20:28:00","h":"Ouest","s":"25N-H54N000I-80-I"},{"r":"26","t":"20:28:00","h":"Ouest","s":"25N-H54N100F-80-F1"},{"r":"26","t":"20:28:00","h":"Ouest","s":"25N-H54N200F-80-F2"},{"r":"26","t":"20:28:00","h":"Ouest","s":"25N-H54N300F-80-F3"},{"r":"26","t":"20:28:00","h":"Ouest","s":"25N-H54N400F-80-F4"},{"r":"26","t":"20:28:00","h":"Ouest","s":"25N-H54NV10I-80-I"},{"r":"26","t":"20:28:00","h":"Ouest","s":"25N-H54NV20I-80-I"},{"r":"26","t":"20:28:00","h":"Ouest","s":"25S-H54S000I-82-I"},{"r":"26","t":"20:28:00","h":"Ouest","s":"25S-H54S100F-80-F1"},{"r":"26","t":"20:28:00","h":"Ouest","s":"25S-H54S200F-80-F2"},{"r":"185","t":"20:28:12","h":"Ouest","s":"25N-H59N000I-80-I"},{"r":"185","t":"20:28:12","h":"Ouest","s":"25N-H59N100F-80-F1"},{"r":"185","t":"20:28:12","h":"Ouest","s":"25N-H59N200F-81-F2"},{"r":"185","t":"20:28:12","h":"Ouest","s":"25N-H59N300F-80-F3"},{"r":"185","t":"20:28:12","h":"Ouest","s":"25N-H59N400F-80-F4"},{"r":"185","t":"20:28:12","h":"Ouest","s":"25N-H59NV10I-80-I"},{"r":"185","t":"20:28:12","h":"Ouest","s":"25N-H59NV20I-80-I"},{"r":"185","t":"20:28:12","h":"Ouest","s":"25S-H59S000I-81-I"},{"r":"185","t":"20:28:12","h":"Ouest","s":"25S-H59S100F-81-F1"},{"r":"185","t":"20:28:12","h":"Ouest","s":"25S-H59S200F-81-F2"},{"r":"26","t":"20:30:00","h":"Ouest","s":"25N-H54N000S-80-S"},{"r":"26","t":"20:30:00","h":"Ouest","s":"25N-H54NV10S-82-S"},{"r":"26","t":"20:30:00","h":"Ouest","s":"25N-H54NV20S-80-S"},{"r":"26","t":"20:30:00","h":"Ouest","s":"25S-H54S000S-82-S"},{"r":"185","t":"20:40:31","h":"Ouest","s":"25N-H59N000A-80-A"},{"r":"185","t":"20:40:31","h":"Ouest","s":"25N-H59NV10A-80-A"},{"r":"185","t":"20:40:31","h":"Ouest","s":"25N-H59VN20A-80-A"},{"r":"185","t":"20:40:31","h":"Ouest","s":"25S-H59S000A-81-A"},{"r":"185","t":"20:43:50","h":"Ouest","s":"25N-H59N000S-80-S"},{"r":"185","t":"20:43:50","h":"Ouest","s":"25N-H59NV10S-84-S"},{"r":"185","t":"20:43:50","h":"Ouest","s":"25N-H59NV20S-80-S"},{"r":"185","t":"20:43:50","h":"Ouest","s":"25S-H59S000S-81-S"},{"r":"26","t":"20:52:00","h":"Ouest","s":"25N-H54N000A-80-A"},{"r":"26","t":"20:52:00","h":"Ouest","s":"25N-H54NV10A-80-A"},{"r":"26","t":"20:52:00","h":"Ouest","s":"25N-H54NV20A-80-A"},{"r":"26","t":"20:52:00","h":"Ouest","s":"25S-H54S000A-83-A"},{"r":"26","t":"20:57:00","h":"Ouest","s":"25N-H54N000S-80-S"},{"r":"26","t":"20:57:00","h":"Ouest","s":"25N-H54NV10S-82-S"},{"r":"26","t":"20:57:00","h":"Ouest","s":"25N-H54NV20S-80-S"},{"r":"26","t":"20:57:00","h":"Ouest","s":"25S-H54S000S-82-S"},{"r":"26","t":"20:58:00","h":"Ouest","s":"25N-H54N000I-80-I"},{"r":"26","t":"20:58:00","h":"Ouest","s":"25N-H54N100F-80-F1"},{"r":"26","t":"20:58:00","h":"Ouest","s":"25N-H54N200F-80-F2"},{"r":"26","t":"20:58:00","h":"Ouest","s":"25N-H54N300F-80-F3"},{"r":"26","t":"20:58:00","h":"Ouest","s":"25N-H54N400F-80-F4"},{"r":"26","t":"20:58:00","h":"Ouest","s":"25N-H54NV10I-80-I"},{"r":"26","t":"20:58:00","h":"Ouest","s":"25N-H54NV20I-80-I"},{"r":"26","t":"20:58:00","h":"Ouest","s":"25S-H54S000I-82-I"},{"r":"26","t":"20:58:00","h":"Ouest","s":"25S-H54S100F-80-F1"},{"r":"26","t":"20:58:00","h":"Ouest","s":"25S-H54S200F-80-F2"},{"r":"185","t":"20:58:12","h":"Ouest","s":"25N-H59N000I-80-I"},{"r":"185","t":"20:58:12","h":"Ouest","s":"25N-H59N100F-80-F1"},{"r":"185","t":"20:58:12","h":"Ouest","s":"25N-H59N200F-81-F2"},{"r":"185","t":"20:58:12","h":"Ouest","s":"25N-H59N300F-80-F3"},{"r":"185","t":"20:58:12","h":"Ouest","s":"25N-H59N400F-80-F4"},{"r":"185","t":"20:58:12","h":"Ouest","s":"25N-H59NV10I-80-I"},{"r":"185","t":"20:58:12","h":"Ouest","s":"25N-H59NV20I-80-I"},{"r":"185","t":"20:58:12","h":"Ouest","s":"25S-H59S000I-81-I"},{"r":"185","t":"20:58:12","h":"Ouest","s":"25S-H59S100F-81-F1"},{"r":"185","t":"20:58:12","h":"Ouest","s":"25S-H59S200F-81-F2"},{"r":"185","t":"21:11:31","h":"Ouest","s":"25N-H59N000A-80-A"},{"r":"185","t":"21:11:31","h":"Ouest","s":"25N-H59NV10A-80-A"},{"r":"185","t":"21:11:31","h":"Ouest","s":"25N-H59VN20A-80-A"},{"r":"185","t":"21:11:31","h":"Ouest","s":"25S-H59S000A-81-A"},{"r":"185","t":"21:14:50","h":"Ouest","s":"25N-H59N000S-80-S"},{"r":"185","t":"21:14:50","h":"Ouest","s":"25N-H59NV10S-84-S"},{"r":"185","t":"21:14:50","h":"Ouest","s":"25N-H59NV20S-80-S"},{"r":"185","t":"21:14:50","h":"Ouest","s":"25S-H59S000S-81-S"},{"r":"26","t":"21:23:00","h":"Ouest","s":"25N-H54N000S-80-S"},{"r":"26","t":"21:23:00","h":"Ouest","s":"25N-H54NV10S-82-S"},{"r":"26","t":"21:23:00","h":"Ouest","s":"25N-H54NV20S-80-S"},{"r":"26","t":"21:23:00","h":"Ouest","s":"25S-H54S000S-82-S"},{"r":"26","t":"21:24:00","h":"Ouest","s":"25N-H54N000A-80-A"},{"r":"26","t":"21:24:00","h":"Ouest","s":"25N-H54NV10A-80-A"},{"r":"26","t":"21:24:00","h":"Ouest","s":"25N-H54NV20A-80-A"},{"r":"26","t":"21:24:00","h":"Ouest","s":"25S-H54S000A-83-A"},{"r":"26","t":"21:27:00","h":"Ouest","s":"25N-H54N000I-80-I"},{"r":"26","t":"21:27:00","h":"Ouest","s":"25N-H54N100F-80-F1"},{"r":"26","t":"21:27:00","h":"Ouest","s":"25N-H54N200F-80-F2"},{"r":"26","t":"21:27:00","h":"Ouest","s":"25N-H54N300F-80-F3"},{"r":"26","t":"21:27:00","h":"Ouest","s":"25N-H54N400F-80-F4"},{"r":"26","t":"21:27:00","h":"Ouest","s":"25N-H54NV10I-80-I"},{"r":"26","t":"21:27:00","h":"Ouest","s":"25N-H54NV20I-80-I"},{"r":"26","t":"21:27:00","h":"Ouest","s":"25S-H54S000I-82-I"},{"r":"26","t":"21:27:00","h":"Ouest","s":"25S-H54S100F-80-F1"},{"r":"26","t":"21:27:00","h":"Ouest","s":"25S-H54S200F-80-F2"},{"r":"185","t":"21:27:12","h":"Ouest","s":"25N-H59N000I-80-I"},{"r":"185","t":"21:27:12","h":"Ouest","s":"25N-H59N100F-80-F1"},{"r":"185","t":"21:27:12","h":"Ouest","s":"25N-H59N200F-81-F2"},{"r":"185","t":"21:27:12","h":"Ouest","s":"25N-H59N300F-80-F3"},{"r":"185","t":"21:27:12","h":"Ouest","s":"25N-H59N400F-80-F4"},{"r":"185","t":"21:27:12","h":"Ouest","s":"25N-H59NV10I-80-I"},{"r":"185","t":"21:27:12","h":"Ouest","s":"25N-H59NV20I-80-I"},{"r":"185","t":"21:27:12","h":"Ouest","s":"25S-H59S000I-81-I"},{"r":"185","t":"21:27:12","h":"Ouest","s":"25S-H59S100F-81-F1"},{"r":"185","t":"21:27:12","h":"Ouest","s":"25S-H59S200F-81-F2"},{"r":"185","t":"21:42:31","h":"Ouest","s":"25N-H59N000A-80-A"},{"r":"185","t":"21:42:31","h":"Ouest","s":"25N-H59NV10A-80-A"},{"r":"185","t":"21:42:31","h":"Ouest","s":"25N-H59VN20A-80-A"},{"r":"185","t":"21:42:31","h":"Ouest","s":"25S-H59S000A-81-A"},{"r":"185","t":"21:44:50","h":"Ouest","s":"25N-H59N000S-80-S"},{"r":"185","t":"21:44:50","h":"Ouest","s":"25N-H59NV10S-84-S"},{"r":"185","t":"21:44:50","h":"Ouest","s":"25N-H59NV20S-80-S"},{"r":"185","t":"21:44:50","h":"Ouest","s":"25S-H59S000S-81-S"},{"r":"185","t":"21:53:53","h":"Ouest","s":"25N-H59N000I-80-I"},{"r":"185","t":"21:53:53","h":"Ouest","s":"25N-H59N100F-80-F1"},{"r":"185","t":"21:53:53","h":"Ouest","s":"25N-H59N200F-81-F2"},{"r":"185","t":"21:53:53","h":"Ouest","s":"25N-H59N300F-80-F3"},{"r":"185","t":"21:53:53","h":"Ouest","s":"25N-H59N400F-80-F4"},{"r":"185","t":"21:53:53","h":"Ouest","s":"25N-H59NV10I-80-I"},{"r":"185","t":"21:53:53","h":"Ouest","s":"25N-H59NV20I-80-I"},{"r":"185","t":"21:53:53","h":"Ouest","s":"25S-H59S000I-81-I"},{"r":"185","t":"21:53:53","h":"Ouest","s":"25S-H59S100F-81-F1"},{"r":"185","t":"21:53:53","h":"Ouest","s":"25S-H59S200F-81-F2"},{"r":"26","t":"21:54:00","h":"Ouest","s":"25N-H54N000S-80-S"},{"r":"26","t":"21:54:00","h":"Ouest","s":"25N-H54NV10S-82-S"},{"r":"26","t":"21:54:00","h":"Ouest","s":"25N-H54NV20S-80-S"},{"r":"26","t":"21:54:00","h":"Ouest","s":"25S-H54S000S-82-S"},{"r":"26","t":"21:56:00","h":"Ouest","s":"25N-H54N000A-80-A"},{"r":"26","t":"21:56:00","h":"Ouest","s":"25N-H54NV10A-80-A"},{"r":"26","t":"21:56:00","h":"Ouest","s":"25N-H54NV20A-80-A"},{"r":"26","t":"21:56:00","h":"Ouest","s":"25S-H54S000A-83-A"},{"r":"26","t":"21:57:00","h":"Ouest","s":"25N-H54N000I-80-I"},{"r":"26","t":"21:57:00","h":"Ouest","s":"25N-H54N100F-80-F1"},{"r":"26","t":"21:57:00","h":"Ouest","s":"25N-H54N200F-80-F2"},{"r":"26","t":"21:57:00","h":"Ouest","s":"25N-H54N300F-80-F3"},{"r":"26","t":"21:57:00","h":"Ouest","s":"25N-H54N400F-80-F4"},{"r":"26","t":"21:57:00","h":"Ouest","s":"25N-H54NV10I-80-I"},{"r":"26","t":"21:57:00","h":"Ouest","s":"25N-H54NV20I-80-I"},{"r":"26","t":"21:57:00","h":"Ouest","s":"25S-H54S000I-82-I"},{"r":"26","t":"21:57:00","h":"Ouest","s":"25S-H54S100F-80-F1"},{"r":"26","t":"21:57:00","h":"Ouest","s":"25S-H54S200F-80-F2"},{"r":"185","t":"22:13:12","h":"Ouest","s":"25N-H59N000A-80-A"},{"r":"185","t":"22:13:12","h":"Ouest","s":"25N-H59NV10A-80-A"},{"r":"185","t":"22:13:12","h":"Ouest","s":"25N-H59VN20A-80-A"},{"r":"185","t":"22:13:12","h":"Ouest","s":"25S-H59S000A-81-A"},{"r":"185","t":"22:14:31","h":"Ouest","s":"25N-H59N000S-80-S"},{"r":"185","t":"22:14:31","h":"Ouest","s":"25N-H59NV10S-84-S"},{"r":"185","t":"22:14:31","h":"Ouest","s":"25N-H59NV20S-80-S"},{"r":"185","t":"22:14:31","h":"Ouest","s":"25S-H59S000S-81-S"},{"r":"185","t":"22:22:53","h":"Ouest","s":"25N-H59N000I-80-I"},{"r":"185","t":"22:22:53","h":"Ouest","s":"25N-H59N100F-80-F1"},{"r":"185","t":"22:22:53","h":"Ouest","s":"25N-H59N200F-81-F2"},{"r":"185","t":"22:22:53","h":"Ouest","s":"25N-H59N300F-80-F3"},{"r":"185","t":"22:22:53","h":"Ouest","s":"25N-H59N400F-80-F4"},{"r":"185","t":"22:22:53","h":"Ouest","s":"25N-H59NV10I-80-I"},{"r":"185","t":"22:22:53","h":"Ouest","s":"25N-H59NV20I-80-I"},{"r":"185","t":"22:22:53","h":"Ouest","s":"25S-H59S000I-81-I"},{"r":"185","t":"22:22:53","h":"Ouest","s":"25S-H59S100F-81-F1"},{"r":"185","t":"22:22:53","h":"Ouest","s":"25S-H59S200F-81-F2"},{"r":"26","t":"22:26:00","h":"Ouest","s":"25N-H54N000S-80-S"},{"r":"26","t":"22:26:00","h":"Ouest","s":"25N-H54NV10S-82-S"},{"r":"26","t":"22:26:00","h":"Ouest","s":"25N-H54NV20S-80-S"},{"r":"26","t":"22:26:00","h":"Ouest","s":"25S-H54S000S-82-S"},{"r":"26","t":"22:27:00","h":"Ouest","s":"25N-H54N000I-80-I"},{"r":"26","t":"22:27:00","h":"Ouest","s":"25N-H54N100F-80-F1"},{"r":"26","t":"22:27:00","h":"Ouest","s":"25N-H54N200F-80-F2"},{"r":"26","t":"22:27:00","h":"Ouest","s":"25N-H54N300F-80-F3"},{"r":"26","t":"22:27:00","h":"Ouest","s":"25N-H54N400F-80-F4"},{"r":"26","t":"22:27:00","h":"Ouest","s":"25N-H54NV10I-80-I"},{"r":"26","t":"22:27:00","h":"Ouest","s":"25N-H54NV20I-80-I"},{"r":"26","t":"22:27:00","h":"Ouest","s":"25S-H54S000I-82-I"},{"r":"26","t":"22:27:00","h":"Ouest","s":"25S-H54S100F-80-F1"},{"r":"26","t":"22:27:00","h":"Ouest","s":"25S-H54S200F-80-F2"},{"r":"26","t":"22:28:00","h":"Ouest","s":"25N-H54N000A-80-A"},{"r":"26","t":"22:28:00","h":"Ouest","s":"25N-H54NV10A-80-A"},{"r":"26","t":"22:28:00","h":"Ouest","s":"25N-H54NV20A-80-A"},{"r":"26","t":"22:28:00","h":"Ouest","s":"25S-H54S000A-83-A"},{"r":"185","t":"22:43:12","h":"Ouest","s":"25N-H59N000A-80-A"},{"r":"185","t":"22:43:12","h":"Ouest","s":"25N-H59NV10A-80-A"},{"r":"185","t":"22:43:12","h":"Ouest","s":"25N-H59VN20A-80-A"},{"r":"185","t":"22:43:12","h":"Ouest","s":"25S-H59S000A-81-A"},{"r":"185","t":"22:43:31","h":"Ouest","s":"25N-H59N000S-80-S"},{"r":"185","t":"22:43:31","h":"Ouest","s":"25N-H59NV10S-84-S"},{"r":"185","t":"22:43:31","h":"Ouest","s":"25N-H59NV20S-80-S"},{"r":"185","t":"22:43:31","h":"Ouest","s":"25S-H59S000S-81-S"},{"r":"185","t":"22:51:53","h":"Ouest","s":"25N-H59N000I-80-I"},{"r":"185","t":"22:51:53","h":"Ouest","s":"25N-H59N100F-80-F1"},{"r":"185","t":"22:51:53","h":"Ouest","s":"25N-H59N200F-81-F2"},{"r":"185","t":"22:51:53","h":"Ouest","s":"25N-H59N300F-80-F3"},{"r":"185","t":"22:51:53","h":"Ouest","s":"25N-H59N400F-80-F4"},{"r":"185","t":"22:51:53","h":"Ouest","s":"25N-H59NV10I-80-I"},{"r":"185","t":"22:51:53","h":"Ouest","s":"25N-H59NV20I-80-I"},{"r":"185","t":"22:51:53","h":"Ouest","s":"25S-H59S000I-81-I"},{"r":"185","t":"22:51:53","h":"Ouest","s":"25S-H59S100F-81-F1"},{"r":"185","t":"22:51:53","h":"Ouest","s":"25S-H59S200F-81-F2"},{"r":"185","t":"23:13:31","h":"Ouest","s":"25N-H59N000S-80-S"},{"r":"185","t":"23:13:31","h":"Ouest","s":"25N-H59NV10S-84-S"},{"r":"185","t":"23:13:31","h":"Ouest","s":"25N-H59NV20S-80-S"},{"r":"185","t":"23:13:31","h":"Ouest","s":"25S-H59S000S-81-S"},{"r":"185","t":"23:14:12","h":"Ouest","s":"25N-H59N000A-80-A"},{"r":"185","t":"23:14:12","h":"Ouest","s":"25N-H59NV10A-80-A"},{"r":"185","t":"23:14:12","h":"Ouest","s":"25N-H59VN20A-80-A"},{"r":"185","t":"23:14:12","h":"Ouest","s":"25S-H59S000A-81-A"},{"r":"185","t":"23:19:53","h":"Ouest","s":"25N-H59N000I-80-I"},{"r":"185","t":"23:19:53","h":"Ouest","s":"25N-H59N100F-80-F1"},{"r":"185","t":"23:19:53","h":"Ouest","s":"25N-H59N200F-81-F2"},{"r":"185","t":"23:19:53","h":"Ouest","s":"25N-H59N300F-80-F3"},{"r":"185","t":"23:19:53","h":"Ouest","s":"25N-H59N400F-80-F4"},{"r":"185","t":"23:19:53","h":"Ouest","s":"25N-H59NV10I-80-I"},{"r":"185","t":"23:19:53","h":"Ouest","s":"25N-H59NV20I-80-I"},{"r":"185","t":"23:19:53","h":"Ouest","s":"25S-H59S000I-81-I"},{"r":"185","t":"23:19:53","h":"Ouest","s":"25S-H59S100F-81-F1"},{"r":"185","t":"23:19:53","h":"Ouest","s":"25S-H59S200F-81-F2"},{"r":"185","t":"23:43:12","h":"Ouest","s":"25N-H59N000S-80-S"},{"r":"185","t":"23:43:12","h":"Ouest","s":"25N-H59NV10S-84-S"},{"r":"185","t":"23:43:12","h":"Ouest","s":"25N-H59NV20S-80-S"},{"r":"185","t":"23:43:12","h":"Ouest","s":"25S-H59S000S-81-S"},{"r":"185","t":"23:44:12","h":"Ouest","s":"25N-H59N000A-80-A"},{"r":"185","t":"23:44:12","h":"Ouest","s":"25N-H59NV10A-80-A"},{"r":"185","t":"23:44:12","h":"Ouest","s":"25N-H59VN20A-80-A"},{"r":"185","t":"23:44:12","h":"Ouest","s":"25S-H59S000A-81-A"},{"r":"185","t":"23:45:53","h":"Ouest","s":"25N-H59N000I-80-I"},{"r":"185","t":"23:45:53","h":"Ouest","s":"25N-H59N100F-80-F1"},{"r":"185","t":"23:45:53","h":"Ouest","s":"25N-H59N200F-81-F2"},{"r":"185","t":"23:45:53","h":"Ouest","s":"25N-H59N300F-80-F3"},{"r":"185","t":"23:45:53","h":"Ouest","s":"25N-H59N400F-80-F4"},{"r":"185","t":"23:45:53","h":"Ouest","s":"25N-H59NV10I-80-I"},{"r":"185","t":"23:45:53","h":"Ouest","s":"25N-H59NV20I-80-I"},{"r":"185","t":"23:45:53","h":"Ouest","s":"25S-H59S000I-81-I"},{"r":"185","t":"23:45:53","h":"Ouest","s":"25S-H59S100F-81-F1"},{"r":"185","t":"23:45:53","h":"Ouest","s":"25S-H59S200F-81-F2"},{"r":"185","t":"24:12:53","h":"Ouest","s":"25N-H59N000I-80-I"},{"r":"185","t":"24:12:53","h":"Ouest","s":"25N-H59N100F-80-F1"},{"r":"185","t":"24:12:53","h":"Ouest","s":"25N-H59N200F-81-F2"},{"r":"185","t":"24:12:53","h":"Ouest","s":"25N-H59N300F-80-F3"},{"r":"185","t":"24:12:53","h":"Ouest","s":"25N-H59N400F-80-F4"},{"r":"185","t":"24:12:53","h":"Ouest","s":"25N-H59NV10I-80-I"},{"r":"185","t":"24:12:53","h":"Ouest","s":"25N-H59NV20I-80-I"},{"r":"185","t":"24:12:53","h":"Ouest","s":"25S-H59S000I-81-I"},{"r":"185","t":"24:12:53","h":"Ouest","s":"25S-H59S100F-81-F1"},{"r":"185","t":"24:12:53","h":"Ouest","s":"25S-H59S200F-81-F2"},{"r":"185","t":"24:13:53","h":"Ouest","s":"25N-H59N000A-80-A"},{"r":"185","t":"24:13:53","h":"Ouest","s":"25N-H59N000S-80-S"},{"r":"185","t":"24:13:53","h":"Ouest","s":"25N-H59NV10A-80-A"},{"r":"185","t":"24:13:53","h":"Ouest","s":"25N-H59NV10S-84-S"},{"r":"185","t":"24:13:53","h":"Ouest","s":"25N-H59NV20S-80-S"},{"r":"185","t":"24:13:53","h":"Ouest","s":"25N-H59VN20A-80-A"},{"r":"185","t":"24:13:53","h":"Ouest","s":"25S-H59S000A-81-A"},{"r":"185","t":"24:13:53","h":"Ouest","s":"25S-H59S000S-81-S"},{"r":"185","t":"24:42:34","h":"Ouest","s":"25N-H59N000A-80-A"},{"r":"185","t":"24:42:34","h":"Ouest","s":"25N-H59NV10A-80-A"},{"r":"185","t":"24:42:34","h":"Ouest","s":"25N-H59VN20A-80-A"},{"r":"185","t":"24:42:34","h":"Ouest","s":"25S-H59S000A-81-A"},{"r":"185","t":"24:42:53","h":"Ouest","s":"25N-H59N000I-80-I"},{"r":"185","t":"24:42:53","h":"Ouest","s":"25N-H59N100F-80-F1"},{"r":"185","t":"24:42:53","h":"Ouest","s":"25N-H59N200F-81-F2"},{"r":"185","t":"24:42:53","h":"Ouest","s":"25N-H59N300F-80-F3"},{"r":"185","t":"24:42:53","h":"Ouest","s":"25N-H59N400F-80-F4"},{"r":"185","t":"24:42:53","h":"Ouest","s":"25N-H59NV10I-80-I"},{"r":"185","t":"24:42:53","h":"Ouest","s":"25N-H59NV20I-80-I"},{"r":"185","t":"24:42:53","h":"Ouest","s":"25S-H59S000I-81-I"},{"r":"185","t":"24:42:53","h":"Ouest","s":"25S-H59S100F-81-F1"},{"r":"185","t":"24:42:53","h":"Ouest","s":"25S-H59S200F-81-F2"},{"r":"185","t":"24:45:53","h":"Ouest","s":"25N-H59N000S-80-S"},{"r":"185","t":"24:45:53","h":"Ouest","s":"25N-H59NV10S-84-S"},{"r":"185","t":"24:45:53","h":"Ouest","s":"25N-H59NV20S-80-S"},{"r":"185","t":"24:45:53","h":"Ouest","s":"25S-H59S000S-81-S"},{"r":"370","t":"25:01:52","h":"Ouest","s":"25N-H55N000I-80-I"},{"r":"370","t":"25:01:52","h":"Ouest","s":"25N-H55N000S-80-S"},{"r":"370","t":"25:01:52","h":"Ouest","s":"25N-H55N000S-82-S"},{"r":"370","t":"25:01:52","h":"Ouest","s":"25N-H55N100F-80-F1"},{"r":"370","t":"25:01:52","h":"Ouest","s":"25N-H55N200F-80-F2"},{"r":"370","t":"25:01:52","h":"Ouest","s":"25N-H55N300F-80-F3"},{"r":"370","t":"25:01:52","h":"Ouest","s":"25N-H55N400F-80-F4"},{"r":"370","t":"25:01:52","h":"Ouest","s":"25N-H55NV10I-80-I"},{"r":"370","t":"25:01:52","h":"Ouest","s":"25N-H55NV10S-85-S"},{"r":"370","t":"25:01:52","h":"Ouest","s":"25N-H55NV20I-80-I"},{"r":"370","t":"25:01:52","h":"Ouest","s":"25N-H55NV20S-81-S"},{"r":"370","t":"25:01:52","h":"Ouest","s":"25S-H55S000I-80-I"},{"r":"370","t":"25:01:52","h":"Ouest","s":"25S-H55S000S-82-S"},{"r":"370","t":"25:01:52","h":"Ouest","s":"25S-H55S100F-80-F1"},{"r":"370","t":"25:01:52","h":"Ouest","s":"25S-H55S200F-80-F2"},{"r":"364","t":"25:05:39","h":"Ouest","s":"25N-H54N000A-80-A"},{"r":"364","t":"25:05:39","h":"Ouest","s":"25N-H54NV10A-80-A"},{"r":"364","t":"25:05:39","h":"Ouest","s":"25N-H54NV20A-80-A"},{"r":"364","t":"25:05:39","h":"Ouest","s":"25S-H54S000A-83-A"},{"r":"364","t":"25:05:54","h":"Ouest","s":"25N-H54N000I-80-I"},{"r":"364","t":"25:05:54","h":"Ouest","s":"25N-H54N000S-80-S"},{"r":"364","t":"25:05:54","h":"Ouest","s":"25N-H54N100F-80-F1"},{"r":"364","t":"25:05:54","h":"Ouest","s":"25N-H54N200F-80-F2"},{"r":"364","t":"25:05:54","h":"Ouest","s":"25N-H54N300F-80-F3"},{"r":"364","t":"25:05:54","h":"Ouest","s":"25N-H54N400F-80-F4"},{"r":"364","t":"25:05:54","h":"Ouest","s":"25N-H54NV10I-80-I"},{"r":"364","t":"25:05:54","h":"Ouest","s":"25N-H54NV10S-82-S"},{"r":"364","t":"25:05:54","h":"Ouest","s":"25N-H54NV20I-80-I"},{"r":"364","t":"25:05:54","h":"Ouest","s":"25N-H54NV20S-80-S"},{"r":"364","t":"25:05:54","h":"Ouest","s":"25S-H54S000I-82-I"},{"r":"364","t":"25:05:54","h":"Ouest","s":"25S-H54S000S-82-S"},{"r":"364","t":"25:05:54","h":"Ouest","s":"25S-H54S100F-80-F1"},{"r":"364","t":"25:05:54","h":"Ouest","s":"25S-H54S200F-80-F2"},{"r":"370","t":"25:46:52","h":"Ouest","s":"25N-H55N000I-80-I"},{"r":"370","t":"25:46:52","h":"Ouest","s":"25N-H55N000S-80-S"},{"r":"370","t":"25:46:52","h":"Ouest","s":"25N-H55N000S-82-S"},{"r":"370","t":"25:46:52","h":"Ouest","s":"25N-H55N100F-80-F1"},{"r":"370","t":"25:46:52","h":"Ouest","s":"25N-H55N200F-80-F2"},{"r":"370","t":"25:46:52","h":"Ouest","s":"25N-H55N300F-80-F3"},{"r":"370","t":"25:46:52","h":"Ouest","s":"25N-H55N400F-80-F4"},{"r":"370","t":"25:46:52","h":"Ouest","s":"25N-H55NV10I-80-I"},{"r":"370","t":"25:46:52","h":"Ouest","s":"25N-H55NV10S-85-S"},{"r":"370","t":"25:46:52","h":"Ouest","s":"25N-H55NV20I-80-I"},{"r":"370","t":"25:46:52","h":"Ouest","s":"25N-H55NV20S-81-S"},{"r":"370","t":"25:46:52","h":"Ouest","s":"25S-H55S000I-80-I"},{"r":"370","t":"25:46:52","h":"Ouest","s":"25S-H55S000S-82-S"},{"r":"370","t":"25:46:52","h":"Ouest","s":"25S-H55S100F-80-F1"},{"r":"370","t":"25:46:52","h":"Ouest","s":"25S-H55S200F-80-F2"},{"r":"370","t":"25:49:52","h":"Ouest","s":"25N-H55N000A-80-A"},{"r":"370","t":"25:49:52","h":"Ouest","s":"25N-H55NV10A-80-A"},{"r":"370","t":"25:49:52","h":"Ouest","s":"25N-H55NV20A-80-A"},{"r":"370","t":"25:49:52","h":"Ouest","s":"25S-H55S000A-80-A"},{"r":"364","t":"25:50:39","h":"Ouest","s":"25N-H54N000A-80-A"},{"r":"364","t":"25:50:39","h":"Ouest","s":"25N-H54NV10A-80-A"},{"r":"364","t":"25:50:39","h":"Ouest","s":"25N-H54NV20A-80-A"},{"r":"364","t":"25:50:39","h":"Ouest","s":"25S-H54S000A-83-A"},{"r":"364","t":"25:50:54","h":"Ouest","s":"25N-H54N000I-80-I"},{"r":"364","t":"25:50:54","h":"Ouest","s":"25N-H54N100F-80-F1"},{"r":"364","t":"25:50:54","h":"Ouest","s":"25N-H54N200F-80-F2"},{"r":"364","t":"25:50:54","h":"Ouest","s":"25N-H54N300F-80-F3"},{"r":"364","t":"25:50:54","h":"Ouest","s":"25N-H54N400F-80-F4"},{"r":"364","t":"25:50:54","h":"Ouest","s":"25N-H54NV10I-80-I"},{"r":"364","t":"25:50:54","h":"Ouest","s":"25N-H54NV20I-80-I"},{"r":"364","t":"25:50:54","h":"Ouest","s":"25S-H54S000I-82-I"},{"r":"364","t":"25:50:54","h":"Ouest","s":"25S-H54S100F-80-F1"},{"r":"364","t":"25:50:54","h":"Ouest","s":"25S-H54S200F-80-F2"},{"r":"364","t":"25:52:39","h":"Ouest","s":"25N-H54N000S-80-S"},{"r":"364","t":"25:52:39","h":"Ouest","s":"25N-H54NV10S-82-S"},{"r":"364","t":"25:52:39","h":"Ouest","s":"25N-H54NV20S-80-S"},{"r":"364","t":"25:52:39","h":"Ouest","s":"25S-H54S000S-82-S"},{"r":"370","t":"26:31:52","h":"Ouest","s":"25N-H55N000A-80-A"},{"r":"370","t":"26:31:52","h":"Ouest","s":"25N-H55N000I-80-I"},{"r":"370","t":"26:31:52","h":"Ouest","s":"25N-H55N000S-80-S"},{"r":"370","t":"26:31:52","h":"Ouest","s":"25N-H55N000S-82-S"},{"r":"370","t":"26:31:52","h":"Ouest","s":"25N-H55N100F-80-F1"},{"r":"370","t":"26:31:52","h":"Ouest","s":"25N-H55N200F-80-F2"},{"r":"370","t":"26:31:52","h":"Ouest","s":"25N-H55N300F-80-F3"},{"r":"370","t":"26:31:52","h":"Ouest","s":"25N-H55N400F-80-F4"},{"r":"370","t":"26:31:52","h":"Ouest","s":"25N-H55NV10A-80-A"},{"r":"370","t":"26:31:52","h":"Ouest","s":"25N-H55NV10I-80-I"},{"r":"370","t":"26:31:52","h":"Ouest","s":"25N-H55NV10S-85-S"},{"r":"370","t":"26:31:52","h":"Ouest","s":"25N-H55NV20A-80-A"},{"r":"370","t":"26:31:52","h":"Ouest","s":"25N-H55NV20I-80-I"},{"r":"370","t":"26:31:52","h":"Ouest","s":"25N-H55NV20S-81-S"},{"r":"370","t":"26:31:52","h":"Ouest","s":"25S-H55S000A-80-A"},{"r":"370","t":"26:31:52","h":"Ouest","s":"25S-H55S000I-80-I"},{"r":"370","t":"26:31:52","h":"Ouest","s":"25S-H55S000S-82-S"},{"r":"370","t":"26:31:52","h":"Ouest","s":"25S-H55S100F-80-F1"},{"r":"370","t":"26:31:52","h":"Ouest","s":"25S-H55S200F-80-F2"},{"r":"364","t":"26:35:54","h":"Ouest","s":"25N-H54N000I-80-I"},{"r":"364","t":"26:35:54","h":"Ouest","s":"25N-H54N100F-80-F1"},{"r":"364","t":"26:35:54","h":"Ouest","s":"25N-H54N200F-80-F2"},{"r":"364","t":"26:35:54","h":"Ouest","s":"25N-H54N300F-80-F3"},{"r":"364","t":"26:35:54","h":"Ouest","s":"25N-H54N400F-80-F4"},{"r":"364","t":"26:35:54","h":"Ouest","s":"25N-H54NV10I-80-I"},{"r":"364","t":"26:35:54","h":"Ouest","s":"25N-H54NV20I-80-I"},{"r":"364","t":"26:35:54","h":"Ouest","s":"25S-H54S000I-82-I"},{"r":"364","t":"26:35:54","h":"Ouest","s":"25S-H54S100F-80-F1"},{"r":"364","t":"26:35:54","h":"Ouest","s":"25S-H54S200F-80-F2"},{"r":"364","t":"26:36:39","h":"Ouest","s":"25N-H54N000A-80-A"},{"r":"364","t":"26:36:39","h":"Ouest","s":"25N-H54N000S-80-S"},{"r":"364","t":"26:36:39","h":"Ouest","s":"25N-H54NV10A-80-A"},{"r":"364","t":"26:36:39","h":"Ouest","s":"25N-H54NV10S-82-S"},{"r":"364","t":"26:36:39","h":"Ouest","s":"25N-H54NV20A-80-A"},{"r":"364","t":"26:36:39","h":"Ouest","s":"25N-H54NV20S-80-S"},{"r":"364","t":"26:36:39","h":"Ouest","s":"25S-H54S000A-83-A"},{"r":"364","t":"26:36:39","h":"Ouest","s":"25S-H54S000S-82-S"},{"r":"370","t":"27:16:52","h":"Ouest","s":"25N-H55N000A-80-A"},{"r":"370","t":"27:16:52","h":"Ouest","s":"25N-H55N000I-80-I"},{"r":"370","t":"27:16:52","h":"Ouest","s":"25N-H55N000S-80-S"},{"r":"370","t":"27:16:52","h":"Ouest","s":"25N-H55N000S-82-S"},{"r":"370","t":"27:16:52","h":"Ouest","s":"25N-H55N100F-80-F1"},{"r":"370","t":"27:16:52","h":"Ouest","s":"25N-H55N200F-80-F2"},{"r":"370","t":"27:16:52","h":"Ouest","s":"25N-H55N300F-80-F3"},{"r":"370","t":"27:16:52","h":"Ouest","s":"25N-H55N400F-80-F4"},{"r":"370","t":"27:16:52","h":"Ouest","s":"25N-H55NV10A-80-A"},{"r":"370","t":"27:16:52","h":"Ouest","s":"25N-H55NV10I-80-I"},{"r":"370","t":"27:16:52","h":"Ouest","s":"25N-H55NV10S-85-S"},{"r":"370","t":"27:16:52","h":"Ouest","s":"25N-H55NV20A-80-A"},{"r":"370","t":"27:16:52","h":"Ouest","s":"25N-H55NV20I-80-I"},{"r":"370","t":"27:16:52","h":"Ouest","s":"25N-H55NV20S-81-S"},{"r":"370","t":"27:16:52","h":"Ouest","s":"25S-H55S000A-80-A"},{"r":"370","t":"27:16:52","h":"Ouest","s":"25S-H55S000I-80-I"},{"r":"370","t":"27:16:52","h":"Ouest","s":"25S-H55S000S-82-S"},{"r":"370","t":"27:16:52","h":"Ouest","s":"25S-H55S100F-80-F1"},{"r":"370","t":"27:16:52","h":"Ouest","s":"25S-H55S200F-80-F2"},{"r":"364","t":"27:21:39","h":"Ouest","s":"25N-H54N000A-80-A"},{"r":"364","t":"27:21:39","h":"Ouest","s":"25N-H54NV10A-80-A"},{"r":"364","t":"27:21:39","h":"Ouest","s":"25N-H54NV20A-80-A"},{"r":"364","t":"27:21:39","h":"Ouest","s":"25S-H54S000A-83-A"},{"r":"364","t":"27:21:54","h":"Ouest","s":"25N-H54N000I-80-I"},{"r":"364","t":"27:21:54","h":"Ouest","s":"25N-H54N100F-80-F1"},{"r":"364","t":"27:21:54","h":"Ouest","s":"25N-H54N200F-80-F2"},{"r":"364","t":"27:21:54","h":"Ouest","s":"25N-H54N300F-80-F3"},{"r":"364","t":"27:21:54","h":"Ouest","s":"25N-H54N400F-80-F4"},{"r":"364","t":"27:21:54","h":"Ouest","s":"25N-H54NV10I-80-I"},{"r":"364","t":"27:21:54","h":"Ouest","s":"25N-H54NV20I-80-I"},{"r":"364","t":"27:21:54","h":"Ouest","s":"25S-H54S000I-82-I"},{"r":"364","t":"27:21:54","h":"Ouest","s":"25S-H54S100F-80-F1"},{"r":"364","t":"27:21:54","h":"Ouest","s":"25S-H54S200F-80-F2"},{"r":"364","t":"27:22:39","h":"Ouest","s":"25N-H54N000S-80-S"},{"r":"364","t":"27:22:39","h":"Ouest","s":"25N-H54NV10S-82-S"},{"r":"364","t":"27:22:39","h":"Ouest","s":"25N-H54NV20S-80-S"},{"r":"364","t":"27:22:39","h":"Ouest","s":"25S-H54S000S-82-S"},{"r":"370","t":"28:01:52","h":"Ouest","s":"25N-H55N000A-80-A"},{"r":"370","t":"28:01:52","h":"Ouest","s":"25N-H55N000I-80-I"},{"r":"370","t":"28:01:52","h":"Ouest","s":"25N-H55N000S-80-S"},{"r":"370","t":"28:01:52","h":"Ouest","s":"25N-H55N000S-82-S"},{"r":"370","t":"28:01:52","h":"Ouest","s":"25N-H55N100F-80-F1"},{"r":"370","t":"28:01:52","h":"Ouest","s":"25N-H55N200F-80-F2"},{"r":"370","t":"28:01:52","h":"Ouest","s":"25N-H55N300F-80-F3"},{"r":"370","t":"28:01:52","h":"Ouest","s":"25N-H55N400F-80-F4"},{"r":"370","t":"28:01:52","h":"Ouest","s":"25N-H55NV10A-80-A"},{"r":"370","t":"28:01:52","h":"Ouest","s":"25N-H55NV10I-80-I"},{"r":"370","t":"28:01:52","h":"Ouest","s":"25N-H55NV10S-85-S"},{"r":"370","t":"28:01:52","h":"Ouest","s":"25N-H55NV20A-80-A"},{"r":"370","t":"28:01:52","h":"Ouest","s":"25N-H55NV20I-80-I"},{"r":"370","t":"28:01:52","h":"Ouest","s":"25N-H55NV20S-81-S"},{"r":"370","t":"28:01:52","h":"Ouest","s":"25S-H55S000A-80-A"},{"r":"370","t":"28:01:52","h":"Ouest","s":"25S-H55S000I-80-I"},{"r":"370","t":"28:01:52","h":"Ouest","s":"25S-H55S000S-82-S"},{"r":"370","t":"28:01:52","h":"Ouest","s":"25S-H55S100F-80-F1"},{"r":"370","t":"28:01:52","h":"Ouest","s":"25S-H55S200F-80-F2"},{"r":"364","t":"28:05:54","h":"Ouest","s":"25N-H54N000I-80-I"},{"r":"364","t":"28:05:54","h":"Ouest","s":"25N-H54N100F-80-F1"},{"r":"364","t":"28:05:54","h":"Ouest","s":"25N-H54N200F-80-F2"},{"r":"364","t":"28:05:54","h":"Ouest","s":"25N-H54N300F-80-F3"},{"r":"364","t":"28:05:54","h":"Ouest","s":"25N-H54N400F-80-F4"},{"r":"364","t":"28:05:54","h":"Ouest","s":"25N-H54NV10I-80-I"},{"r":"364","t":"28:05:54","h":"Ouest","s":"25N-H54NV20I-80-I"},{"r":"364","t":"28:05:54","h":"Ouest","s":"25S-H54S000I-82-I"},{"r":"364","t":"28:05:54","h":"Ouest","s":"25S-H54S100F-80-F1"},{"r":"364","t":"28:05:54","h":"Ouest","s":"25S-H54S200F-80-F2"},{"r":"364","t":"28:06:39","h":"Ouest","s":"25N-H54N000A-80-A"},{"r":"364","t":"28:06:39","h":"Ouest","s":"25N-H54N000S-80-S"},{"r":"364","t":"28:06:39","h":"Ouest","s":"25N-H54NV10A-80-A"},{"r":"364","t":"28:06:39","h":"Ouest","s":"25N-H54NV10S-82-S"},{"r":"364","t":"28:06:39","h":"Ouest","s":"25N-H54NV20A-80-A"},{"r":"364","t":"28:06:39","h":"Ouest","s":"25N-H54NV20S-80-S"},{"r":"364","t":"28:06:39","h":"Ouest","s":"25S-H54S000A-83-A"},{"r":"364","t":"28:06:39","h":"Ouest","s":"25S-H54S000S-82-S"},{"r":"364","t":"28:45:39","h":"Ouest","s":"25N-H54N000A-80-A"},{"r":"364","t":"28:45:39","h":"Ouest","s":"25N-H54NV10A-80-A"},{"r":"364","t":"28:45:39","h":"Ouest","s":"25N-H54NV20A-80-A"},{"r":"364","t":"28:45:39","h":"Ouest","s":"25S-H54S000A-83-A"},{"r":"370","t":"28:46:52","h":"Ouest","s":"25N-H55N000A-80-A"},{"r":"370","t":"28:46:52","h":"Ouest","s":"25N-H55NV10A-80-A"},{"r":"370","t":"28:46:52","h":"Ouest","s":"25N-H55NV20A-80-A"},{"r":"370","t":"28:46:52","h":"Ouest","s":"25S-H55S000A-80-A"},{"r":"370","t":"28:47:20","h":"Ouest","s":"25N-H55N000I-80-I"},{"r":"370","t":"28:47:20","h":"Ouest","s":"25N-H55N000S-80-S"},{"r":"370","t":"28:47:20","h":"Ouest","s":"25N-H55N000S-82-S"},{"r":"370","t":"28:47:20","h":"Ouest","s":"25N-H55N100F-80-F1"},{"r":"370","t":"28:47:20","h":"Ouest","s":"25N-H55N200F-80-F2"},{"r":"370","t":"28:47:20","h":"Ouest","s":"25N-H55N300F-80-F3"},{"r":"370","t":"28:47:20","h":"Ouest","s":"25N-H55N400F-80-F4"},{"r":"370","t":"28:47:20","h":"Ouest","s":"25N-H55NV10I-80-I"},{"r":"370","t":"28:47:20","h":"Ouest","s":"25N-H55NV10S-85-S"},{"r":"370","t":"28:47:20","h":"Ouest","s":"25N-H55NV20I-80-I"},{"r":"370","t":"28:47:20","h":"Ouest","s":"25N-H55NV20S-81-S"},{"r":"370","t":"28:47:20","h":"Ouest","s":"25S-H55S000I-80-I"},{"r":"370","t":"28:47:20","h":"Ouest","s":"25S-H55S000S-82-S"},{"r":"370","t":"28:47:20","h":"Ouest","s":"25S-H55S100F-80-F1"},{"r":"370","t":"28:47:20","h":"Ouest","s":"25S-H55S200F-80-F2"}]