[{"r":"22","t":"05:03:00","h":"Ouest","s":"25N-H59N000A-80-A"},{"r":"22","t":"05:03:00","h":"Ouest","s":"25N-H59N000I-80-I"},{"r":"22","t":"05:03:00","h":"Ouest","s":"25N-H59N000S-80-S"},{"r":"22","t":"05:03:00","h":"Ouest","s":"25N-H59N100F-80-F1"},{"r":"22","t":"05:03:00","h":"Ouest","s":"25N-H59N200F-81-F2"},{"r":"22","t":"05:03:00","h":"Ouest","s":"25N-H59N300F-80-F3"},{"r":"22","t":"05:03:00","h":"Ouest","s":"25N-H59N400F-80-F4"},{"r":"22","t":"05:03:00","h":"Ouest","s":"25N-H59NV10A-80-A"},{"r":"22","t":"05:03:00","h":"Ouest","s":"25N-H59NV10I-80-I"},{"r":"22","t":"05:03:00","h":"Ouest","s":"25N-H59NV10S-84-S"},{"r":"22","t":"05:03:00","h":"Ouest","s":"25N-H59NV20I-80-I"},{"r":"22","t":"05:03:00","h":"Ouest","s":"25N-H59NV20S-80-S"},{"r":"22","t":"05:03:00","h":"Ouest","s":"25N-H59VN20A-80-A"},{"r":"22","t":"05:03:00","h":"Ouest","s":"25S-H59S000A-81-A"},{"r":"22","t":"05:03:00","h":"Ouest","s":"25S-H59S000I-81-I"},{"r":"22","t":"05:03:00","h":"Ouest","s":"25S-H59S000S-81-S"},{"r":"22","t":"05:03:00","h":"Ouest","s":"25S-H59S100F-81-F1"},{"r":"22","t":"05:03:00","h":"Ouest","s":"25S-H59S200F-81-F2"},{"r":"22","t":"05:32:00","h":"Ouest","s":"25N-H59N000A-80-A"},{"r":"22","t":"05:32:00","h":"Ouest","s":"25N-H59NV10A-80-A"},{"r":"22","t":"05:32:00","h":"Ouest","s":"25N-H59VN20A-80-A"},{"r":"22","t":"05:32:00","h":"Ouest","s":"25S-H59S000A-81-A"},{"r":"22","t":"05:33:00","h":"Ouest","s":"25N-H59N000I-80-I"},{"r":"22","t":"05:33:00","h":"Ouest","s":"25N-H59N100F-80-F1"},{"r":"22","t":"05:33:00","h":"Ouest","s":"25N-H59N200F-81-F2"},{"r":"22","t":"05:33:00","h":"Ouest","s":"25N-H59N300F-80-F3"},{"r":"22","t":"05:33:00","h":"Ouest","s":"25N-H59N400F-80-F4"},{"r":"22","t":"05:33:00","h":"Ouest","s":"25N-H59NV10I-80-I"},{"r":"22","t":"05:33:00","h":"Ouest","s":"25N-H59NV20I-80-I"},{"r":"22","t":"05:33:00","h":"Ouest","s":"25S-H59S000I-81-I"},{"r":"22","t":"05:33:00","h":"Ouest","s":"25S-H59S100F-81-F1"},{"r":"22","t":"05:33:00","h":"Ouest","s":"25S-H59S200F-81-F2"},{"r":"22","t":"05:35:00","h":"Ouest","s":"25N-H59N000S-80-S"},{"r":"22","t":"05:35:00","h":"Ouest","s":"25N-H59NV10S-84-S"},{"r":"22","t":"05:35:00","h":"Ouest","s":"25N-H59NV20S-80-S"},{"r":"22","t":"05:35:00","h":"Ouest","s":"25S-H59S000S-81-S"},{"r":"22","t":"06:01:00","h":"Ouest","s":"25N-H59N000A-80-A"},{"r":"22","t":"06:01:00","h":"Ouest","s":"25N-H59NV10A-80-A"},{"r":"22","t":"06:01:00","h":"Ouest","s":"25N-H59VN20A-80-A"},{"r":"22","t":"06:01:00","h":"Ouest","s":"25S-H59S000A-81-A"},{"r":"22","t":"06:03:00","h":"Ouest","s":"25N-H59N000I-80-I"},{"r":"22","t":"06:03:00","h":"Ouest","s":"25N-H59N100F-80-F1"},{"r":"22","t":"06:03:00","h":"Ouest","s":"25N-H59N200F-81-F2"},{"r":"22","t":"06:03:00","h":"Ouest","s":"25N-H59N300F-80-F3"},{"r":"22","t":"06:03:00","h":"Ouest","s":"25N-H59N400F-80-F4"},{"r":"22","t":"06:03:00","h":"Ouest","s":"25N-H59NV10I-80-I"},{"r":"22","t":"06:03:00","h":"Ouest","s":"25N-H59NV20I-80-I"},{"r":"22","t":"06:03:00","h":"Ouest","s":"25S-H59S000I-81-I"},{"r":"22","t":"06:03:00","h":"Ouest","s":"25S-H59S100F-81-F1"},{"r":"22","t":"06:03:00","h":"Ouest","s":"25S-H59S200F-81-F2"},{"r":"22","t":"06:07:00","h":"Ouest","s":"25N-H59N000S-80-S"},{"r":"22","t":"06:07:00","h":"Ouest","s":"25N-H59NV10S-84-S"},{"r":"22","t":"06:07:00","h":"Ouest","s":"25N-H59NV20S-80-S"},{"r":"22","t":"06:07:00","h":"Ouest","s":"25S-H59S000S-81-S"},{"r":"22","t":"06:30:00","h":"Ouest","s":"25N-H59N000A-80-A"},{"r":"22","t":"06:30:00","h":"Ouest","s":"25N-H59NV10A-80-A"},{"r":"22","t":"06:30:00","h":"Ouest","s":"25N-H59VN20A-80-A"},{"r":"22","t":"06:30:00","h":"Ouest","s":"25S-H59S000A-81-A"},{"r":"22","t":"06:32:00","h":"Ouest","s":"25N-H59N000I-80-I"},{"r":"22","t":"06:32:00","h":"Ouest","s":"25N-H59N100F-80-F1"},{"r":"22","t":"06:32:00","h":"Ouest","s":"25N-H59N200F-81-F2"},{"r":"22","t":"06:32:00","h":"Ouest","s":"25N-H59N300F-80-F3"},{"r":"22","t":"06:32:00","h":"Ouest","s":"25N-H59N400F-80-F4"},{"r":"22","t":"06:32:00","h":"Ouest","s":"25N-H59NV10I-80-I"},{"r":"22","t":"06:32:00","h":"Ouest","s":"25N-H59NV20I-80-I"},{"r":"22","t":"06:32:00","h":"Ouest","s":"25S-H59S000I-81-I"},{"r":"22","t":"06:32:00","h":"Ouest","s":"25S-H59S100F-81-F1"},{"r":"22","t":"06:32:00","h":"Ouest","s":"25S-H59S200F-81-F2"},{"r":"22","t":"06:39:30","h":"Ouest","s":"25N-H59N000S-80-S"},{"r":"22","t":"06:39:30","h":"Ouest","s":"25N-H59NV10S-84-S"},{"r":"22","t":"06:39:30","h":"Ouest","s":"25N-H59NV20S-80-S"},{"r":"22","t":"06:39:30","h":"Ouest","s":"25S-H59S000S-81-S"},{"r":"22","t":"06:59:00","h":"Ouest","s":"25N-H59N000A-80-A"},{"r":"22","t":"06:59:00","h":"Ouest","s":"25N-H59NV10A-80-A"},{"r":"22","t":"06:59:00","h":"Ouest","s":"25N-H59VN20A-80-A"},{"r":"22","t":"06:59:00","h":"Ouest","s":"25S-H59S000A-81-A"},{"r":"22","t":"07:01:00","h":"Ouest","s":"25N-H59N000I-80-I"},{"r":"22","t":"07:01:00","h":"Ouest","s":"25N-H59N100F-80-F1"},{"r":"22","t":"07:01:00","h":"Ouest","s":"25N-H59N200F-81-F2"},{"r":"22","t":"07:01:00","h":"Ouest","s":"25N-H59N300F-80-F3"},{"r":"22","t":"07:01:00","h":"Ouest","s":"25N-H59N400F-80-F4"},{"r":"22","t":"07:01:00","h":"Ouest","s":"25N-H59NV10I-80-I"},{"r":"22","t":"07:01:00","h":"Ouest","s":"25N-H59NV20I-80-I"},{"r":"22","t":"07:01:00","h":"Ouest","s":"25S-H59S000I-81-I"},{"r":"22","t":"07:01:00","h":"Ouest","s":"25S-H59S100F-81-F1"},{"r":"22","t":"07:01:00","h":"Ouest","s":"25S-H59S200F-81-F2"},{"r":"22","t":"07:12:30","h":"Ouest","s":"25N-H59N000S-80-S"},{"r":"22","t":"07:12:30","h":"Ouest","s":"25N-H59NV10S-84-S"},{"r":"22","t":"07:12:30","h":"Ouest","s":"25N-H59NV20S-80-S"},{"r":"22","t":"07:12:30","h":"Ouest","s":"25S-H59S000S-81-S"},{"r":"22","t":"07:29:00","h":"Ouest","s":"25N-H59N000A-80-A"},{"r":"22","t":"07:29:00","h":"Ouest","s":"25N-H59NV10A-80-A"},{"r":"22","t":"07:29:00","h":"Ouest","s":"25N-H59VN20A-80-A"},{"r":"22","t":"07:29:00","h":"Ouest","s":"25S-H59S000A-81-A"},{"r":"22","t":"07:31:00","h":"Ouest","s":"25N-H59N000I-80-I"},{"r":"22","t":"07:31:00","h":"Ouest","s":"25N-H59N100F-80-F1"},{"r":"22","t":"07:31:00","h":"Ouest","s":"25N-H59N200F-81-F2"},{"r":"22","t":"07:31:00","h":"Ouest","s":"25N-H59N300F-80-F3"},{"r":"22","t":"07:31:00","h":"Ouest","s":"25N-H59N400F-80-F4"},{"r":"22","t":"07:31:00","h":"Ouest","s":"25N-H59NV10I-80-I"},{"r":"22","t":"07:31:00","h":"Ouest","s":"25N-H59NV20I-80-I"},{"r":"22","t":"07:31:00","h":"Ouest","s":"25S-H59S000I-81-I"},{"r":"22","t":"07:31:00","h":"Ouest","s":"25S-H59S100F-81-F1"},{"r":"22","t":"07:31:00","h":"Ouest","s":"25S-H59S200F-81-F2"},{"r":"22","t":"07:45:30","h":"Ouest","s":"25N-H59N000S-80-S"},{"r":"22","t":"07:45:30","h":"Ouest","s":"25N-H59NV10S-84-S"},{"r":"22","t":"07:45:30","h":"Ouest","s":"25N-H59NV20S-80-S"},{"r":"22","t":"07:45:30","h":"Ouest","s":"25S-H59S000S-81-S"},{"r":"22","t":"07:59:00","h":"Ouest","s":"25N-H59N000A-80-A"},{"r":"22","t":"07:59:00","h":"Ouest","s":"25N-H59NV10A-80-A"},{"r":"22","t":"07:59:00","h":"Ouest","s":"25N-H59VN20A-80-A"},{"r":"22","t":"07:59:00","h":"Ouest","s":"25S-H59S000A-81-A"},{"r":"22","t":"08:01:00","h":"Ouest","s":"25N-H59N000I-80-I"},{"r":"22","t":"08:01:00","h":"Ouest","s":"25N-H59N100F-80-F1"},{"r":"22","t":"08:01:00","h":"Ouest","s":"25N-H59N200F-81-F2"},{"r":"22","t":"08:01:00","h":"Ouest","s":"25N-H59N300F-80-F3"},{"r":"22","t":"08:01:00","h":"Ouest","s":"25N-H59N400F-80-F4"},{"r":"22","t":"08:01:00","h":"Ouest","s":"25N-H59NV10I-80-I"},{"r":"22","t":"08:01:00","h":"Ouest","s":"25N-H59NV20I-80-I"},{"r":"22","t":"08:01:00","h":"Ouest","s":"25S-H59S000I-81-I"},{"r":"22","t":"08:01:00","h":"Ouest","s":"25S-H59S100F-81-F1"},{"r":"22","t":"08:01:00","h":"Ouest","s":"25S-H59S200F-81-F2"},{"r":"22","t":"08:18:30","h":"Ouest","s":"25N-H59N000S-80-S"},{"r":"22","t":"08:18:30","h":"Ouest","s":"25N-H59NV10S-84-S"},{"r":"22","t":"08:18:30","h":"Ouest","s":"25N-H59NV20S-80-S"},{"r":"22","t":"08:18:30","h":"Ouest","s":"25S-H59S000S-81-S"},{"r":"22","t":"08:29:00","h":"Ouest","s":"25N-H59N000A-80-A"},{"r":"22","t":"08:29:00","h":"Ouest","s":"25N-H59NV10A-80-A"},{"r":"22","t":"08:29:00","h":"Ouest","s":"25N-H59VN20A-80-A"},{"r":"22","t":"08:29:00","h":"Ouest","s":"25S-H59S000A-81-A"},{"r":"22","t":"08:31:00","h":"Ouest","s":"25N-H59N000I-80-I"},{"r":"22","t":"08:31:00","h":"Ouest","s":"25N-H59N100F-80-F1"},{"r":"22","t":"08:31:00","h":"Ouest","s":"25N-H59N200F-81-F2"},{"r":"22","t":"08:31:00","h":"Ouest","s":"25N-H59N300F-80-F3"},{"r":"22","t":"08:31:00","h":"Ouest","s":"25N-H59N400F-80-F4"},{"r":"22","t":"08:31:00","h":"Ouest","s":"25N-H59NV10I-80-I"},{"r":"22","t":"08:31:00","h":"Ouest","s":"25N-H59NV20I-80-I"},{"r":"22","t":"08:31:00","h":"Ouest","s":"25S-H59S000I-81-I"},{"r":"22","t":"08:31:00","h":"Ouest","s":"25S-H59S100F-81-F1"},{"r":"22","t":"08:31:00","h":"Ouest","s":"25S-H59S200F-81-F2"},{"r":"22","t":"08:51:30","h":"Ouest","s":"25N-H59N000S-80-S"},{"r":"22","t":"08:51:30","h":"Ouest","s":"25N-H59NV10S-84-S"},{"r":"22","t":"08:51:30","h":"Ouest","s":"25N-H59NV20S-80-S"},{"r":"22","t":"08:51:30","h":"Ouest","s":"25S-H59S000S-81-S"},{"r":"22","t":"08:59:00","h":"Ouest","s":"25N-H59N000A-80-A"},{"r":"22","t":"08:59:00","h":"Ouest","s":"25N-H59NV10A-80-A"},{"r":"22","t":"08:59:00","h":"Ouest","s":"25N-H59VN20A-80-A"},{"r":"22","t":"08:59:00","h":"Ouest","s":"25S-H59S000A-81-A"},{"r":"22","t":"09:01:00","h":"Ouest","s":"25N-H59N000I-80-I"},{"r":"22","t":"09:01:00","h":"Ouest","s":"25N-H59N100F-80-F1"},{"r":"22","t":"09:01:00","h":"Ouest","s":"25N-H59N200F-81-F2"},{"r":"22","t":"09:01:00","h":"Ouest","s":"25N-H59N300F-80-F3"},{"r":"22","t":"09:01:00","h":"Ouest","s":"25N-H59N400F-80-F4"},{"r":"22","t":"09:01:00","h":"Ouest","s":"25N-H59NV10I-80-I"},{"r":"22","t":"09:01:00","h":"Ouest","s":"25N-H59NV20I-80-I"},{"r":"22","t":"09:01:00","h":"Ouest","s":"25S-H59S000I-81-I"},{"r":"22","t":"09:01:00","h":"Ouest","s":"25S-H59S100F-81-F1"},{"r":"22","t":"09:01:00","h":"Ouest","s":"25S-H59S200F-81-F2"},{"r":"22","t":"09:24:00","h":"Ouest","s":"25N-H59N000S-80-S"},{"r":"22","t":"09:24:00","h":"Ouest","s":"25N-H59NV10S-84-S"},{"r":"22","t":"09:24:00","h":"Ouest","s":"25N-H59NV20S-80-S"},{"r":"22","t":"09:24:00","h":"Ouest","s":"25S-H59S000S-81-S"},{"r":"22","t":"09:29:00","h":"Ouest","s":"25N-H59N000A-80-A"},{"r":"22","t":"09:29:00","h":"Ouest","s":"25N-H59NV10A-80-A"},{"r":"22","t":"09:29:00","h":"Ouest","s":"25N-H59VN20A-80-A"},{"r":"22","t":"09:29:00","h":"Ouest","s":"25S-H59S000A-81-A"},{"r":"22","t":"09:31:00","h":"Ouest","s":"25N-H59N000I-80-I"},{"r":"22","t":"09:31:00","h":"Ouest","s":"25N-H59N100F-80-F1"},{"r":"22","t":"09:31:00","h":"Ouest","s":"25N-H59N200F-81-F2"},{"r":"22","t":"09:31:00","h":"Ouest","s":"25N-H59N300F-80-F3"},{"r":"22","t":"09:31:00","h":"Ouest","s":"25N-H59N400F-80-F4"},{"r":"22","t":"09:31:00","h":"Ouest","s":"25N-H59NV10I-80-I"},{"r":"22","t":"09:31:00","h":"Ouest","s":"25N-H59NV20I-80-I"},{"r":"22","t":"09:31:00","h":"Ouest","s":"25S-H59S000I-81-I"},{"r":"22","t":"09:31:00","h":"Ouest","s":"25S-H59S100F-81-F1"},{"r":"22","t":"09:31:00","h":"Ouest","s":"25S-H59S200F-81-F2"},{"r":"22","t":"09:57:00","h":"Ouest","s":"25N-H59N000S-80-S"},{"r":"22","t":"09:57:00","h":"Ouest","s":"25N-H59NV10S-84-S"},{"r":"22","t":"09:57:00","h":"Ouest","s":"25N-H59NV20S-80-S"},{"r":"22","t":"09:57:00","h":"Ouest","s":"25S-H59S000S-81-S"},{"r":"22","t":"09:59:00","h":"Ouest","s":"25N-H59N000A-80-A"},{"r":"22","t":"09:59:00","h":"Ouest","s":"25N-H59NV10A-80-A"},{"r":"22","t":"09:59:00","h":"Ouest","s":"25N-H59VN20A-80-A"},{"r":"22","t":"09:59:00","h":"Ouest","s":"25S-H59S000A-81-A"},{"r":"22","t":"10:01:00","h":"Ouest","s":"25N-H59N000I-80-I"},{"r":"22","t":"10:01:00","h":"Ouest","s":"25N-H59N100F-80-F1"},{"r":"22","t":"10:01:00","h":"Ouest","s":"25N-H59N200F-81-F2"},{"r":"22","t":"10:01:00","h":"Ouest","s":"25N-H59N300F-80-F3"},{"r":"22","t":"10:01:00","h":"Ouest","s":"25N-H59N400F-80-F4"},{"r":"22","t":"10:01:00","h":"Ouest","s":"25N-H59NV10I-80-I"},{"r":"22","t":"10:01:00","h":"Ouest","s":"25N-H59NV20I-80-I"},{"r":"22","t":"10:01:00","h":"Ouest","s":"25S-H59S000I-81-I"},{"r":"22","t":"10:01:00","h":"Ouest","s":"25S-H59S100F-81-F1"},{"r":"22","t":"10:01:00","h":"Ouest","s":"25S-H59S200F-81-F2"},{"r":"22","t":"10:29:00","h":"Ouest","s":"25N-H59N000A-80-A"},{"r":"22","t":"10:29:00","h":"Ouest","s":"25N-H59NV10A-80-A"},{"r":"22","t":"10:29:00","h":"Ouest","s":"25N-H59VN20A-80-A"},{"r":"22","t":"10:29:00","h":"Ouest","s":"25S-H59S000A-81-A"},{"r":"22","t":"10:30:00","h":"Ouest","s":"25N-H59N000S-80-S"},{"r":"22","t":"10:30:00","h":"Ouest","s":"25N-H59NV10S-84-S"},{"r":"22","t":"10:30:00","h":"Ouest","s":"25N-H59NV20S-80-S"},{"r":"22","t":"10:30:00","h":"Ouest","s":"25S-H59S000S-81-S"},{"r":"22","t":"10:31:00","h":"Ouest","s":"25N-H59N000I-80-I"},{"r":"22","t":"10:31:00","h":"Ouest","s":"25N-H59N100F-80-F1"},{"r":"22","t":"10:31:00","h":"Ouest","s":"25N-H59N200F-81-F2"},{"r":"22","t":"10:31:00","h":"Ouest","s":"25N-H59N300F-80-F3"},{"r":"22","t":"10:31:00","h":"Ouest","s":"25N-H59N400F-80-F4"},{"r":"22","t":"10:31:00","h":"Ouest","s":"25N-H59NV10I-80-I"},{"r":"22","t":"10:31:00","h":"Ouest","s":"25N-H59NV20I-80-I"},{"r":"22","t":"10:31:00","h":"Ouest","s":"25S-H59S000I-81-I"},{"r":"22","t":"10:31:00","h":"Ouest","s":"25S-H59S100F-81-F1"},{"r":"22","t":"10:31:00","h":"Ouest","s":"25S-H59S200F-81-F2"},{"r":"22","t":"10:59:00","h":"Ouest","s":"25N-H59N000A-80-A"},{"r":"22","t":"10:59:00","h":"Ouest","s":"25N-H59NV10A-80-A"},{"r":"22","t":"10:59:00","h":"Ouest","s":"25N-H59VN20A-80-A"},{"r":"22","t":"10:59:00","h":"Ouest","s":"25S-H59S000A-81-A"},{"r":"22","t":"11:01:00","h":"Ouest","s":"25N-H59N000I-80-I"},{"r":"22","t":"11:01:00","h":"Ouest","s":"25N-H59N100F-80-F1"},{"r":"22","t":"11:01:00","h":"Ouest","s":"25N-H59N200F-81-F2"},{"r":"22","t":"11:01:00","h":"Ouest","s":"25N-H59N300F-80-F3"},{"r":"22","t":"11:01:00","h":"Ouest","s":"25N-H59N400F-80-F4"},{"r":"22","t":"11:01:00","h":"Ouest","s":"25N-H59NV10I-80-I"},{"r":"22","t":"11:01:00","h":"Ouest","s":"25N-H59NV20I-80-I"},{"r":"22","t":"11:01:00","h":"Ouest","s":"25S-H59S000I-81-I"},{"r":"22","t":"11:01:00","h":"Ouest","s":"25S-H59S100F-81-F1"},{"r":"22","t":"11:01:00","h":"Ouest","s":"25S-H59S200F-81-F2"},{"r":"22","t":"11:03:00","h":"Ouest","s":"25N-H59N000S-80-S"},{"r":"22","t":"11:03:00","h":"Ouest","s":"25N-H59NV10S-84-S"},{"r":"22","t":"11:03:00","h":"Ouest","s":"25N-H59NV20S-80-S"},{"r":"22","t":"11:03:00","h":"Ouest","s":"25S-H59S000S-81-S"},{"r":"22","t":"11:29:00","h":"Ouest","s":"25N-H59N000A-80-A"},{"r":"22","t":"11:29:00","h":"Ouest","s":"25N-H59NV10A-80-A"},{"r":"22","t":"11:29:00","h":"Ouest","s":"25N-H59VN20A-80-A"},{"r":"22","t":"11:29:00","h":"Ouest","s":"25S-H59S000A-81-A"},{"r":"22","t":"11:31:00","h":"Ouest","s":"25N-H59N000I-80-I"},{"r":"22","t":"11:31:00","h":"Ouest","s":"25N-H59N100F-80-F1"},{"r":"22","t":"11:31:00","h":"Ouest","s":"25N-H59N200F-81-F2"},{"r":"22","t":"11:31:00","h":"Ouest","s":"25N-H59N300F-80-F3"},{"r":"22","t":"11:31:00","h":"Ouest","s":"25N-H59N400F-80-F4"},{"r":"22","t":"11:31:00","h":"Ouest","s":"25N-H59NV10I-80-I"},{"r":"22","t":"11:31:00","h":"Ouest","s":"25N-H59NV20I-80-I"},{"r":"22","t":"11:31:00","h":"Ouest","s":"25S-H59S000I-81-I"},{"r":"22","t":"11:31:00","h":"Ouest","s":"25S-H59S100F-81-F1"},{"r":"22","t":"11:31:00","h":"Ouest","s":"25S-H59S200F-81-F2"},{"r":"22","t":"11:36:00","h":"Ouest","s":"25N-H59N000S-80-S"},{"r":"22","t":"11:36:00","h":"Ouest","s":"25N-H59NV10S-84-S"},{"r":"22","t":"11:36:00","h":"Ouest","s":"25N-H59NV20S-80-S"},{"r":"22","t":"11:36:00","h":"Ouest","s":"25S-H59S000S-81-S"},{"r":"22","t":"12:00:00","h":"Ouest","s":"25N-H59N000A-80-A"},{"r":"22","t":"12:00:00","h":"Ouest","s":"25N-H59NV10A-80-A"},{"r":"22","t":"12:00:00","h":"Ouest","s":"25N-H59VN20A-80-A"},{"r":"22","t":"12:00:00","h":"Ouest","s":"25S-H59S000A-81-A"},{"r":"22","t":"12:01:00","h":"Ouest","s":"25N-H59N000I-80-I"},{"r":"22","t":"12:01:00","h":"Ouest","s":"25N-H59N100F-80-F1"},{"r":"22","t":"12:01:00","h":"Ouest","s":"25N-H59N200F-81-F2"},{"r":"22","t":"12:01:00","h":"Ouest","s":"25N-H59N300F-80-F3"},{"r":"22","t":"12:01:00","h":"Ouest","s":"25N-H59N400F-80-F4"},{"r":"22","t":"12:01:00","h":"Ouest","s":"25N-H59NV10I-80-I"},{"r":"22","t":"12:01:00","h":"Ouest","s":"25N-H59NV20I-80-I"},{"r":"22","t":"12:01:00","h":"Ouest","s":"25S-H59S000I-81-I"},{"r":"22","t":"12:01:00","h":"Ouest","s":"25S-H59S100F-81-F1"},{"r":"22","t":"12:01:00","h":"Ouest","s":"25S-H59S200F-81-F2"},{"r":"22","t":"12:08:00","h":"Ouest","s":"25N-H59N000S-80-S"},{"r":"22","t":"12:08:00","h":"Ouest","s":"25N-H59NV10S-84-S"},{"r":"22","t":"12:08:00","h":"Ouest","s":"25N-H59NV20S-80-S"},{"r":"22","t":"12:08:00","h":"Ouest","s":"25S-H59S000S-81-S"},{"r":"22","t":"12:31:00","h":"Ouest","s":"25N-H59N000A-80-A"},{"r":"22","t":"12:31:00","h":"Ouest","s":"25N-H59N000I-80-I"},{"r":"22","t":"12:31:00","h":"Ouest","s":"25N-H59N100F-80-F1"},{"r":"22","t":"12:31:00","h":"Ouest","s":"25N-H59N200F-81-F2"},{"r":"22","t":"12:31:00","h":"Ouest","s":"25N-H59N300F-80-F3"},{"r":"22","t":"12:31:00","h":"Ouest","s":"25N-H59N400F-80-F4"},{"r":"22","t":"12:31:00","h":"Ouest","s":"25N-H59NV10A-80-A"},{"r":"22","t":"12:31:00","h":"Ouest","s":"25N-H59NV10I-80-I"},{"r":"22","t":"12:31:00","h":"Ouest","s":"25N-H59NV20I-80-I"},{"r":"22","t":"12:31:00","h":"Ouest","s":"25N-H59VN20A-80-A"},{"r":"22","t":"12:31:00","h":"Ouest","s":"25S-H59S000A-81-A"},{"r":"22","t":"12:31:00","h":"Ouest","s":"25S-H59S000I-81-I"},{"r":"22","t":"12:31:00","h":"Ouest","s":"25S-H59S100F-81-F1"},{"r":"22","t":"12:31:00","h":"Ouest","s":"25S-H59S200F-81-F2"},{"r":"22","t":"12:39:00","h":"Ouest","s":"25N-H59N000S-80-S"},{"r":"22","t":"12:39:00","h":"Ouest","s":"25N-H59NV10S-84-S"},{"r":"22","t":"12:39:00","h":"Ouest","s":"25N-H59NV20S-80-S"},{"r":"22","t":"12:39:00","h":"Ouest","s":"25S-H59S000S-81-S"},{"r":"22","t":"13:01:00","h":"Ouest","s":"25N-H59N000I-80-I"},{"r":"22","t":"13:01:00","h":"Ouest","s":"25N-H59N100F-80-F1"},{"r":"22","t":"13:01:00","h":"Ouest","s":"25N-H59N200F-81-F2"},{"r":"22","t":"13:01:00","h":"Ouest","s":"25N-H59N300F-80-F3"},{"r":"22","t":"13:01:00","h":"Ouest","s":"25N-H59N400F-80-F4"},{"r":"22","t":"13:01:00","h":"Ouest","s":"25N-H59NV10I-80-I"},{"r":"22","t":"13:01:00","h":"Ouest","s":"25N-H59NV20I-80-I"},{"r":"22","t":"13:01:00","h":"Ouest","s":"25S-H59S000I-81-I"},{"r":"22","t":"13:01:00","h":"Ouest","s":"25S-H59S100F-81-F1"},{"r":"22","t":"13:01:00","h":"Ouest","s":"25S-H59S200F-81-F2"},{"r":"22","t":"13:02:00","h":"Ouest","s":"25N-H59N000A-80-A"},{"r":"22","t":"13:02:00","h":"Ouest","s":"25N-H59NV10A-80-A"},{"r":"22","t":"13:02:00","h":"Ouest","s":"25N-H59VN20A-80-A"},{"r":"22","t":"13:02:00","h":"Ouest","s":"25S-H59S000A-81-A"},{"r":"22","t":"13:10:30","h":"Ouest","s":"25N-H59N000S-80-S"},{"r":"22","t":"13:10:30","h":"Ouest","s":"25N-H59NV10S-84-S"},{"r":"22","t":"13:10:30","h":"Ouest","s":"25N-H59NV20S-80-S"},{"r":"22","t":"13:10:30","h":"Ouest","s":"25S-H59S000S-81-S"},{"r":"22","t":"13:31:00","h":"Ouest","s":"25N-H59N000I-80-I"},{"r":"22","t":"13:31:00","h":"Ouest","s":"25N-H59N100F-80-F1"},{"r":"22","t":"13:31:00","h":"Ouest","s":"25N-H59N200F-81-F2"},{"r":"22","t":"13:31:00","h":"Ouest","s":"25N-H59N300F-80-F3"},{"r":"22","t":"13:31:00","h":"Ouest","s":"25N-H59N400F-80-F4"},{"r":"22","t":"13:31:00","h":"Ouest","s":"25N-H59NV10I-80-I"},{"r":"22","t":"13:31:00","h":"Ouest","s":"25N-H59NV20I-80-I"},{"r":"22","t":"13:31:00","h":"Ouest","s":"25S-H59S000I-81-I"},{"r":"22","t":"13:31:00","h":"Ouest","s":"25S-H59S100F-81-F1"},{"r":"22","t":"13:31:00","h":"Ouest","s":"25S-H59S200F-81-F2"},{"r":"22","t":"13:32:00","h":"Ouest","s":"25N-H59N000A-80-A"},{"r":"22","t":"13:32:00","h":"Ouest","s":"25N-H59NV10A-80-A"},{"r":"22","t":"13:32:00","h":"Ouest","s":"25N-H59VN20A-80-A"},{"r":"22","t":"13:32:00","h":"Ouest","s":"25S-H59S000A-81-A"},{"r":"22","t":"13:42:30","h":"Ouest","s":"25N-H59N000S-80-S"},{"r":"22","t":"13:42:30","h":"Ouest","s":"25N-H59NV10S-84-S"},{"r":"22","t":"13:42:30","h":"Ouest","s":"25N-H59NV20S-80-S"},{"r":"22","t":"13:42:30","h":"Ouest","s":"25S-H59S000S-81-S"},{"r":"22","t":"14:01:00","h":"Ouest","s":"25N-H59N000I-80-I"},{"r":"22","t":"14:01:00","h":"Ouest","s":"25N-H59N100F-80-F1"},{"r":"22","t":"14:01:00","h":"Ouest","s":"25N-H59N200F-81-F2"},{"r":"22","t":"14:01:00","h":"Ouest","s":"25N-H59N300F-80-F3"},{"r":"22","t":"14:01:00","h":"Ouest","s":"25N-H59N400F-80-F4"},{"r":"22","t":"14:01:00","h":"Ouest","s":"25N-H59NV10I-80-I"},{"r":"22","t":"14:01:00","h":"Ouest","s":"25N-H59NV20I-80-I"},{"r":"22","t":"14:01:00","h":"Ouest","s":"25S-H59S000I-81-I"},{"r":"22","t":"14:01:00","h":"Ouest","s":"25S-H59S100F-81-F1"},{"r":"22","t":"14:01:00","h":"Ouest","s":"25S-H59S200F-81-F2"},{"r":"22","t":"14:02:00","h":"Ouest","s":"25N-H59N000A-80-A"},{"r":"22","t":"14:02:00","h":"Ouest","s":"25N-H59NV10A-80-A"},{"r":"22","t":"14:02:00","h":"Ouest","s":"25N-H59VN20A-80-A"},{"r":"22","t":"14:02:00","h":"Ouest","s":"25S-H59S000A-81-A"},{"r":"22","t":"14:14:30","h":"Ouest","s":"25N-H59N000S-80-S"},{"r":"22","t":"14:14:30","h":"Ouest","s":"25N-H59NV10S-84-S"},{"r":"22","t":"14:14:30","h":"Ouest","s":"25N-H59NV20S-80-S"},{"r":"22","t":"14:14:30","h":"Ouest","s":"25S-H59S000S-81-S"},{"r":"22","t":"14:31:00","h":"Ouest","s":"25N-H59N000I-80-I"},{"r":"22","t":"14:31:00","h":"Ouest","s":"25N-H59N100F-80-F1"},{"r":"22","t":"14:31:00","h":"Ouest","s":"25N-H59N200F-81-F2"},{"r":"22","t":"14:31:00","h":"Ouest","s":"25N-H59N300F-80-F3"},{"r":"22","t":"14:31:00","h":"Ouest","s":"25N-H59N400F-80-F4"},{"r":"22","t":"14:31:00","h":"Ouest","s":"25N-H59NV10I-80-I"},{"r":"22","t":"14:31:00","h":"Ouest","s":"25N-H59NV20I-80-I"},{"r":"22","t":"14:31:00","h":"Ouest","s":"25S-H59S000I-81-I"},{"r":"22","t":"14:31:00","h":"Ouest","s":"25S-H59S100F-81-F1"},{"r":"22","t":"14:31:00","h":"Ouest","s":"25S-H59S200F-81-F2"},{"r":"22","t":"14:32:00","h":"Ouest","s":"25N-H59N000A-80-A"},{"r":"22","t":"14:32:00","h":"Ouest","s":"25N-H59NV10A-80-A"},{"r":"22","t":"14:32:00","h":"Ouest","s":"25N-H59VN20A-80-A"},{"r":"22","t":"14:32:00","h":"Ouest","s":"25S-H59S000A-81-A"},{"r":"22","t":"14:46:30","h":"Ouest","s":"25N-H59N000S-80-S"},{"r":"22","t":"14:46:30","h":"Ouest","s":"25N-H59NV10S-84-S"},{"r":"22","t":"14:46:30","h":"Ouest","s":"25N-H59NV20S-80-S"},{"r":"22","t":"14:46:30","h":"Ouest","s":"25S-H59S000S-81-S"},{"r":"22","t":"15:01:00","h":"Ouest","s":"25N-H59N000A-80-A"},{"r":"22","t":"15:01:00","h":"Ouest","s":"25N-H59N000I-80-I"},{"r":"22","t":"15:01:00","h":"Ouest","s":"25N-H59N100F-80-F1"},{"r":"22","t":"15:01:00","h":"Ouest","s":"25N-H59N200F-81-F2"},{"r":"22","t":"15:01:00","h":"Ouest","s":"25N-H59N300F-80-F3"},{"r":"22","t":"15:01:00","h":"Ouest","s":"25N-H59N400F-80-F4"},{"r":"22","t":"15:01:00","h":"Ouest","s":"25N-H59NV10A-80-A"},{"r":"22","t":"15:01:00","h":"Ouest","s":"25N-H59NV10I-80-I"},{"r":"22","t":"15:01:00","h":"Ouest","s":"25N-H59NV20I-80-I"},{"r":"22","t":"15:01:00","h":"Ouest","s":"25N-H59VN20A-80-A"},{"r":"22","t":"15:01:00","h":"Ouest","s":"25S-H59S000A-81-A"},{"r":"22","t":"15:01:00","h":"Ouest","s":"25S-H59S000I-81-I"},{"r":"22","t":"15:01:00","h":"Ouest","s":"25S-H59S100F-81-F1"},{"r":"22","t":"15:01:00","h":"Ouest","s":"25S-H59S200F-81-F2"},{"r":"22","t":"15:17:30","h":"Ouest","s":"25N-H59N000S-80-S"},{"r":"22","t":"15:17:30","h":"Ouest","s":"25N-H59NV10S-84-S"},{"r":"22","t":"15:17:30","h":"Ouest","s":"25N-H59NV20S-80-S"},{"r":"22","t":"15:17:30","h":"Ouest","s":"25S-H59S000S-81-S"},{"r":"22","t":"15:30:00","h":"Ouest","s":"25N-H59N000A-80-A"},{"r":"22","t":"15:30:00","h":"Ouest","s":"25N-H59NV10A-80-A"},{"r":"22","t":"15:30:00","h":"Ouest","s":"25N-H59VN20A-80-A"},{"r":"22","t":"15:30:00","h":"Ouest","s":"25S-H59S000A-81-A"},{"r":"22","t":"15:31:00","h":"Ouest","s":"25N-H59N000I-80-I"},{"r":"22","t":"15:31:00","h":"Ouest","s":"25N-H59N100F-80-F1"},{"r":"22","t":"15:31:00","h":"Ouest","s":"25N-H59N200F-81-F2"},{"r":"22","t":"15:31:00","h":"Ouest","s":"25N-H59N300F-80-F3"},{"r":"22","t":"15:31:00","h":"Ouest","s":"25N-H59N400F-80-F4"},{"r":"22","t":"15:31:00","h":"Ouest","s":"25N-H59NV10I-80-I"},{"r":"22","t":"15:31:00","h":"Ouest","s":"25N-H59NV20I-80-I"},{"r":"22","t":"15:31:00","h":"Ouest","s":"25S-H59S000I-81-I"},{"r":"22","t":"15:31:00","h":"Ouest","s":"25S-H59S100F-81-F1"},{"r":"22","t":"15:31:00","h":"Ouest","s":"25S-H59S200F-81-F2"},{"r":"22","t":"15:50:30","h":"Ouest","s":"25N-H59N000S-80-S"},{"r":"22","t":"15:50:30","h":"Ouest","s":"25N-H59NV10S-84-S"},{"r":"22","t":"15:50:30","h":"Ouest","s":"25N-H59NV20S-80-S"},{"r":"22","t":"15:50:30","h":"Ouest","s":"25S-H59S000S-81-S"},{"r":"22","t":"16:00:00","h":"Ouest","s":"25N-H59N000A-80-A"},{"r":"22","t":"16:00:00","h":"Ouest","s":"25N-H59NV10A-80-A"},{"r":"22","t":"16:00:00","h":"Ouest","s":"25N-H59VN20A-80-A"},{"r":"22","t":"16:00:00","h":"Ouest","s":"25S-H59S000A-81-A"},{"r":"22","t":"16:01:00","h":"Ouest","s":"25N-H59N000I-80-I"},{"r":"22","t":"16:01:00","h":"Ouest","s":"25N-H59N100F-80-F1"},{"r":"22","t":"16:01:00","h":"Ouest","s":"25N-H59N200F-81-F2"},{"r":"22","t":"16:01:00","h":"Ouest","s":"25N-H59N300F-80-F3"},{"r":"22","t":"16:01:00","h":"Ouest","s":"25N-H59N400F-80-F4"},{"r":"22","t":"16:01:00","h":"Ouest","s":"25N-H59NV10I-80-I"},{"r":"22","t":"16:01:00","h":"Ouest","s":"25N-H59NV20I-80-I"},{"r":"22","t":"16:01:00","h":"Ouest","s":"25S-H59S000I-81-I"},{"r":"22","t":"16:01:00","h":"Ouest","s":"25S-H59S100F-81-F1"},{"r":"22","t":"16:01:00","h":"Ouest","s":"25S-H59S200F-81-F2"},{"r":"22","t":"16:21:30","h":"Ouest","s":"25N-H59N000S-80-S"},{"r":"22","t":"16:21:30","h":"Ouest","s":"25N-H59NV10S-84-S"},{"r":"22","t":"16:21:30","h":"Ouest","s":"25N-H59NV20S-80-S"},{"r":"22","t":"16:21:30","h":"Ouest","s":"25S-H59S000S-81-S"},{"r":"22","t":"16:30:00","h":"Ouest","s":"25N-H59N000A-80-A"},{"r":"22","t":"16:30:00","h":"Ouest","s":"25N-H59NV10A-80-A"},{"r":"22","t":"16:30:00","h":"Ouest","s":"25N-H59VN20A-80-A"},{"r":"22","t":"16:30:00","h":"Ouest","s":"25S-H59S000A-81-A"},{"r":"22","t":"16:32:00","h":"Ouest","s":"25N-H59N000I-80-I"},{"r":"22","t":"16:32:00","h":"Ouest","s":"25N-H59N100F-80-F1"},{"r":"22","t":"16:32:00","h":"Ouest","s":"25N-H59N200F-81-F2"},{"r":"22","t":"16:32:00","h":"Ouest","s":"25N-H59N300F-80-F3"},{"r":"22","t":"16:32:00","h":"Ouest","s":"25N-H59N400F-80-F4"},{"r":"22","t":"16:32:00","h":"Ouest","s":"25N-H59NV10I-80-I"},{"r":"22","t":"16:32:00","h":"Ouest","s":"25N-H59NV20I-80-I"},{"r":"22","t":"16:32:00","h":"Ouest","s":"25S-H59S000I-81-I"},{"r":"22","t":"16:32:00","h":"Ouest","s":"25S-H59S100F-81-F1"},{"r":"22","t":"16:32:00","h":"Ouest","s":"25S-H59S200F-81-F2"},{"r":"22","t":"16:54:30","h":"Ouest","s":"25N-H59N000S-80-S"},{"r":"22","t":"16:54:30","h":"Ouest","s":"25N-H59NV10S-84-S"},{"r":"22","t":"16:54:30","h":"Ouest","s":"25N-H59NV20S-80-S"},{"r":"22","t":"16:54:30","h":"Ouest","s":"25S-H59S000S-81-S"},{"r":"22","t":"17:00:00","h":"Ouest","s":"25N-H59N000A-80-A"},{"r":"22","t":"17:00:00","h":"Ouest","s":"25N-H59NV10A-80-A"},{"r":"22","t":"17:00:00","h":"Ouest","s":"25N-H59VN20A-80-A"},{"r":"22","t":"17:00:00","h":"Ouest","s":"25S-H59S000A-81-A"},{"r":"22","t":"17:04:00","h":"Ouest","s":"25N-H59N000I-80-I"},{"r":"22","t":"17:04:00","h":"Ouest","s":"25N-H59N100F-80-F1"},{"r":"22","t":"17:04:00","h":"Ouest","s":"25N-H59N200F-81-F2"},{"r":"22","t":"17:04:00","h":"Ouest","s":"25N-H59N300F-80-F3"},{"r":"22","t":"17:04:00","h":"Ouest","s":"25N-H59N400F-80-F4"},{"r":"22","t":"17:04:00","h":"Ouest","s":"25N-H59NV10I-80-I"},{"r":"22","t":"17:04:00","h":"Ouest","s":"25N-H59NV20I-80-I"},{"r":"22","t":"17:04:00","h":"Ouest","s":"25S-H59S000I-81-I"},{"r":"22","t":"17:04:00","h":"Ouest","s":"25S-H59S100F-81-F1"},{"r":"22","t":"17:04:00","h":"Ouest","s":"25S-H59S200F-81-F2"},{"r":"22","t":"17:26:30","h":"Ouest","s":"25N-H59N000S-80-S"},{"r":"22","t":"17:26:30","h":"Ouest","s":"25N-H59NV10S-84-S"},{"r":"22","t":"17:26:30","h":"Ouest","s":"25N-H59NV20S-80-S"},{"r":"22","t":"17:26:30","h":"Ouest","s":"25S-H59S000S-81-S"},{"r":"22","t":"17:30:00","h":"Ouest","s":"25N-H59N000A-80-A"},{"r":"22","t":"17:30:00","h":"Ouest","s":"25N-H59NV10A-80-A"},{"r":"22","t":"17:30:00","h":"Ouest","s":"25N-H59VN20A-80-A"},{"r":"22","t":"17:30:00","h":"Ouest","s":"25S-H59S000A-81-A"},{"r":"22","t":"17:36:00","h":"Ouest","s":"25N-H59N000I-80-I"},{"r":"22","t":"17:36:00","h":"Ouest","s":"25N-H59N100F-80-F1"},{"r":"22","t":"17:36:00","h":"Ouest","s":"25N-H59N200F-81-F2"},{"r":"22","t":"17:36:00","h":"Ouest","s":"25N-H59N300F-80-F3"},{"r":"22","t":"17:36:00","h":"Ouest","s":"25N-H59N400F-80-F4"},{"r":"22","t":"17:36:00","h":"Ouest","s":"25N-H59NV10I-80-I"},{"r":"22","t":"17:36:00","h":"Ouest","s":"25N-H59NV20I-80-I"},{"r":"22","t":"17:36:00","h":"Ouest","s":"25S-H59S000I-81-I"},{"r":"22","t":"17:36:00","h":"Ouest","s":"25S-H59S100F-81-F1"},{"r":"22","t":"17:36:00","h":"Ouest","s":"25S-H59S200F-81-F2"},{"r":"22","t":"17:58:00","h":"Ouest","s":"25N-H59N000S-80-S"},{"r":"22","t":"17:58:00","h":"Ouest","s":"25N-H59NV10S-84-S"},{"r":"22","t":"17:58:00","h":"Ouest","s":"25N-H59NV20S-80-S"},{"r":"22","t":"17:58:00","h":"Ouest","s":"25S-H59S000S-81-S"},{"r":"22","t":"18:00:00","h":"Ouest","s":"25N-H59N000A-80-A"},{"r":"22","t":"18:00:00","h":"Ouest","s":"25N-H59NV10A-80-A"},{"r":"22","t":"18:00:00","h":"Ouest","s":"25N-H59VN20A-80-A"},{"r":"22","t":"18:00:00","h":"Ouest","s":"25S-H59S000A-81-A"},{"r":"22","t":"18:08:00","h":"Ouest","s":"25N-H59N000I-80-I"},{"r":"22","t":"18:08:00","h":"Ouest","s":"25N-H59N100F-80-F1"},{"r":"22","t":"18:08:00","h":"Ouest","s":"25N-H59N200F-81-F2"},{"r":"22","t":"18:08:00","h":"Ouest","s":"25N-H59N300F-80-F3"},{"r":"22","t":"18:08:00","h":"Ouest","s":"25N-H59N400F-80-F4"},{"r":"22","t":"18:08:00","h":"Ouest","s":"25N-H59NV10I-80-I"},{"r":"22","t":"18:08:00","h":"Ouest","s":"25N-H59NV20I-80-I"},{"r":"22","t":"18:08:00","h":"Ouest","s":"25S-H59S000I-81-I"},{"r":"22","t":"18:08:00","h":"Ouest","s":"25S-H59S100F-81-F1"},{"r":"22","t":"18:08:00","h":"Ouest","s":"25S-H59S200F-81-F2"},{"r":"22","t":"18:29:00","h":"Ouest","s":"25N-H59N000S-80-S"},{"r":"22","t":"18:29:00","h":"Ouest","s":"25N-H59NV10S-84-S"},{"r":"22","t":"18:29:00","h":"Ouest","s":"25N-H59NV20S-80-S"},{"r":"22","t":"18:29:00","h":"Ouest","s":"25S-H59S000S-81-S"},{"r":"22","t":"18:31:00","h":"Ouest","s":"25N-H59N000A-80-A"},{"r":"22","t":"18:31:00","h":"Ouest","s":"25N-H59NV10A-80-A"},{"r":"22","t":"18:31:00","h":"Ouest","s":"25N-H59VN20A-80-A"},{"r":"22","t":"18:31:00","h":"Ouest","s":"25S-H59S000A-81-A"},{"r":"22","t":"18:41:00","h":"Ouest","s":"25N-H59N000I-80-I"},{"r":"22","t":"18:41:00","h":"Ouest","s":"25N-H59N100F-80-F1"},{"r":"22","t":"18:41:00","h":"Ouest","s":"25N-H59N200F-81-F2"},{"r":"22","t":"18:41:00","h":"Ouest","s":"25N-H59N300F-80-F3"},{"r":"22","t":"18:41:00","h":"Ouest","s":"25N-H59N400F-80-F4"},{"r":"22","t":"18:41:00","h":"Ouest","s":"25N-H59NV10I-80-I"},{"r":"22","t":"18:41:00","h":"Ouest","s":"25N-H59NV20I-80-I"},{"r":"22","t":"18:41:00","h":"Ouest","s":"25S-H59S000I-81-I"},{"r":"22","t":"18:41:00","h":"Ouest","s":"25S-H59S100F-81-F1"},{"r":"22","t":"18:41:00","h":"Ouest","s":"25S-H59S200F-81-F2"},{"r":"22","t":"18:59:00","h":"Ouest","s":"25N-H59N000S-80-S"},{"r":"22","t":"18:59:00","h":"Ouest","s":"25N-H59NV10S-84-S"},{"r":"22","t":"18:59:00","h":"Ouest","s":"25N-H59NV20S-80-S"},{"r":"22","t":"18:59:00","h":"Ouest","s":"25S-H59S000S-81-S"},{"r":"22","t":"19:02:00","h":"Ouest","s":"25N-H59N000A-80-A"},{"r":"22","t":"19:02:00","h":"Ouest","s":"25N-H59NV10A-80-A"},{"r":"22","t":"19:02:00","h":"Ouest","s":"25N-H59VN20A-80-A"},{"r":"22","t":"19:02:00","h":"Ouest","s":"25S-H59S000A-81-A"},{"r":"22","t":"19:14:00","h":"Ouest","s":"25N-H59N000I-80-I"},{"r":"22","t":"19:14:00","h":"Ouest","s":"25N-H59N100F-80-F1"},{"r":"22","t":"19:14:00","h":"Ouest","s":"25N-H59N200F-81-F2"},{"r":"22","t":"19:14:00","h":"Ouest","s":"25N-H59N300F-80-F3"},{"r":"22","t":"19:14:00","h":"Ouest","s":"25N-H59N400F-80-F4"},{"r":"22","t":"19:14:00","h":"Ouest","s":"25N-H59NV10I-80-I"},{"r":"22","t":"19:14:00","h":"Ouest","s":"25N-H59NV20I-80-I"},{"r":"22","t":"19:14:00","h":"Ouest","s":"25S-H59S000I-81-I"},{"r":"22","t":"19:14:00","h":"Ouest","s":"25S-H59S100F-81-F1"},{"r":"22","t":"19:14:00","h":"Ouest","s":"25S-H59S200F-81-F2"},{"r":"22","t":"19:28:00","h":"Ouest","s":"25N-H59N000S-80-S"},{"r":"22","t":"19:28:00","h":"Ouest","s":"25N-H59NV10S-84-S"},{"r":"22","t":"19:28:00","h":"Ouest","s":"25N-H59NV20S-80-S"},{"r":"22","t":"19:28:00","h":"Ouest","s":"25S-H59S000S-81-S"},{"r":"22","t":"19:33:00","h":"Ouest","s":"25N-H59N000A-80-A"},{"r":"22","t":"19:33:00","h":"Ouest","s":"25N-H59NV10A-80-A"},{"r":"22","t":"19:33:00","h":"Ouest","s":"25N-H59VN20A-80-A"},{"r":"22","t":"19:33:00","h":"Ouest","s":"25S-H59S000A-81-A"},{"r":"22","t":"19:47:00","h":"Ouest","s":"25N-H59N000I-80-I"},{"r":"22","t":"19:47:00","h":"Ouest","s":"25N-H59N100F-80-F1"},{"r":"22","t":"19:47:00","h":"Ouest","s":"25N-H59N200F-81-F2"},{"r":"22","t":"19:47:00","h":"Ouest","s":"25N-H59N300F-80-F3"},{"r":"22","t":"19:47:00","h":"Ouest","s":"25N-H59N400F-80-F4"},{"r":"22","t":"19:47:00","h":"Ouest","s":"25N-H59NV10I-80-I"},{"r":"22","t":"19:47:00","h":"Ouest","s":"25N-H59NV20I-80-I"},{"r":"22","t":"19:47:00","h":"Ouest","s":"25S-H59S000I-81-I"},{"r":"22","t":"19:47:00","h":"Ouest","s":"25S-H59S100F-81-F1"},{"r":"22","t":"19:47:00","h":"Ouest","s":"25S-H59S200F-81-F2"},{"r":"22","t":"19:58:00","h":"Ouest","s":"25N-H59N000S-80-S"},{"r":"22","t":"19:58:00","h":"Ouest","s":"25N-H59NV10S-84-S"},{"r":"22","t":"19:58:00","h":"Ouest","s":"25N-H59NV20S-80-S"},{"r":"22","t":"19:58:00","h":"Ouest","s":"25S-H59S000S-81-S"},{"r":"22","t":"20:28:00","h":"Ouest","s":"25N-H59N000S-80-S"},{"r":"22","t":"20:28:00","h":"Ouest","s":"25N-H59NV10S-84-S"},{"r":"22","t":"20:28:00","h":"Ouest","s":"25N-H59NV20S-80-S"},{"r":"22","t":"20:28:00","h":"Ouest","s":"25S-H59S000S-81-S"},{"r":"22","t":"20:33:00","h":"Ouest","s":"25N-H59N000A-80-A"},{"r":"22","t":"20:33:00","h":"Ouest","s":"25N-H59NV10A-80-A"},{"r":"22","t":"20:33:00","h":"Ouest","s":"25N-H59VN20A-80-A"},{"r":"22","t":"20:33:00","h":"Ouest","s":"25S-H59S000A-81-A"},{"r":"22","t":"20:46:00","h":"Ouest","s":"25N-H59N000I-80-I"},{"r":"22","t":"20:46:00","h":"Ouest","s":"25N-H59N100F-80-F1"},{"r":"22","t":"20:46:00","h":"Ouest","s":"25N-H59N200F-81-F2"},{"r":"22","t":"20:46:00","h":"Ouest","s":"25N-H59N300F-80-F3"},{"r":"22","t":"20:46:00","h":"Ouest","s":"25N-H59N400F-80-F4"},{"r":"22","t":"20:46:00","h":"Ouest","s":"25N-H59NV10I-80-I"},{"r":"22","t":"20:46:00","h":"Ouest","s":"25N-H59NV20I-80-I"},{"r":"22","t":"20:46:00","h":"Ouest","s":"25S-H59S000I-81-I"},{"r":"22","t":"20:46:00","h":"Ouest","s":"25S-H59S100F-81-F1"},{"r":"22","t":"20:46:00","h":"Ouest","s":"25S-H59S200F-81-F2"},{"r":"22","t":"20:58:00","h":"Ouest","s":"25N-H59N000S-80-S"},{"r":"22","t":"20:58:00","h":"Ouest","s":"25N-H59NV10S-84-S"},{"r":"22","t":"20:58:00","h":"Ouest","s":"25N-H59NV20S-80-S"},{"r":"22","t":"20:58:00","h":"Ouest","s":"25S-H59S000S-81-S"},{"r":"22","t":"21:26:00","h":"Ouest","s":"25N-H59N000S-80-S"},{"r":"22","t":"21:26:00","h":"Ouest","s":"25N-H59NV10S-84-S"},{"r":"22","t":"21:26:00","h":"Ouest","s":"25N-H59NV20S-80-S"},{"r":"22","t":"21:26:00","h":"Ouest","s":"25S-H59S000S-81-S"},{"r":"22","t":"21:33:00","h":"Ouest","s":"25N-H59N000A-80-A"},{"r":"22","t":"21:33:00","h":"Ouest","s":"25N-H59NV10A-80-A"},{"r":"22","t":"21:33:00","h":"Ouest","s":"25N-H59VN20A-80-A"},{"r":"22","t":"21:33:00","h":"Ouest","s":"25S-H59S000A-81-A"},{"r":"22","t":"21:46:00","h":"Ouest","s":"25N-H59N000I-80-I"},{"r":"22","t":"21:46:00","h":"Ouest","s":"25N-H59N100F-80-F1"},{"r":"22","t":"21:46:00","h":"Ouest","s":"25N-H59N200F-81-F2"},{"r":"22","t":"21:46:00","h":"Ouest","s":"25N-H59N300F-80-F3"},{"r":"22","t":"21:46:00","h":"Ouest","s":"25N-H59N400F-80-F4"},{"r":"22","t":"21:46:00","h":"Ouest","s":"25N-H59NV10I-80-I"},{"r":"22","t":"21:46:00","h":"Ouest","s":"25N-H59NV20I-80-I"},{"r":"22","t":"21:46:00","h":"Ouest","s":"25S-H59S000I-81-I"},{"r":"22","t":"21:46:00","h":"Ouest","s":"25S-H59S100F-81-F1"},{"r":"22","t":"21:46:00","h":"Ouest","s":"25S-H59S200F-81-F2"},{"r":"22","t":"22:22:00","h":"Ouest","s":"25N-H59N000S-80-S"},{"r":"22","t":"22:22:00","h":"Ouest","s":"25N-H59NV10S-84-S"},{"r":"22","t":"22:22:00","h":"Ouest","s":"25N-H59NV20S-80-S"},{"r":"22","t":"22:22:00","h":"Ouest","s":"25S-H59S000S-81-S"},{"r":"22","t":"22:33:00","h":"Ouest","s":"25N-H59N000A-80-A"},{"r":"22","t":"22:33:00","h":"Ouest","s":"25N-H59NV10A-80-A"},{"r":"22","t":"22:33:00","h":"Ouest","s":"25N-H59VN20A-80-A"},{"r":"22","t":"22:33:00","h":"Ouest","s":"25S-H59S000A-81-A"},{"r":"22","t":"22:46:00","h":"Ouest","s":"25N-H59N000I-80-I"},{"r":"22","t":"22:46:00","h":"Ouest","s":"25N-H59N100F-80-F1"},{"r":"22","t":"22:46:00","h":"Ouest","s":"25N-H59N200F-81-F2"},{"r":"22","t":"22:46:00","h":"Ouest","s":"25N-H59N300F-80-F3"},{"r":"22","t":"22:46:00","h":"Ouest","s":"25N-H59N400F-80-F4"},{"r":"22","t":"22:46:00","h":"Ouest","s":"25N-H59NV10I-80-I"},{"r":"22","t":"22:46:00","h":"Ouest","s":"25N-H59NV20I-80-I"},{"r":"22","t":"22:46:00","h":"Ouest","s":"25S-H59S000I-81-I"},{"r":"22","t":"22:46:00","h":"Ouest","s":"25S-H59S100F-81-F1"},{"r":"22","t":"22:46:00","h":"Ouest","s":"25S-H59S200F-81-F2"},{"r":"22","t":"23:18:00","h":"Ouest","s":"25N-H59N000S-80-S"},{"r":"22","t":"23:18:00","h":"Ouest","s":"25N-H59NV10S-84-S"},{"r":"22","t":"23:18:00","h":"Ouest","s":"25N-H59NV20S-80-S"},{"r":"22","t":"23:18:00","h":"Ouest","s":"25S-H59S000S-81-S"},{"r":"22","t":"23:33:00","h":"Ouest","s":"25N-H59N000A-80-A"},{"r":"22","t":"23:33:00","h":"Ouest","s":"25N-H59NV10A-80-A"},{"r":"22","t":"23:33:00","h":"Ouest","s":"25N-H59VN20A-80-A"},{"r":"22","t":"23:33:00","h":"Ouest","s":"25S-H59S000A-81-A"},{"r":"22","t":"23:46:00","h":"Ouest","s":"25N-H59N000I-80-I"},{"r":"22","t":"23:46:00","h":"Ouest","s":"25N-H59N100F-80-F1"},{"r":"22","t":"23:46:00","h":"Ouest","s":"25N-H59N200F-81-F2"},{"r":"22","t":"23:46:00","h":"Ouest","s":"25N-H59N300F-80-F3"},{"r":"22","t":"23:46:00","h":"Ouest","s":"25N-H59N400F-80-F4"},{"r":"22","t":"23:46:00","h":"Ouest","s":"25N-H59NV10I-80-I"},{"r":"22","t":"23:46:00","h":"Ouest","s":"25N-H59NV20I-80-I"},{"r":"22","t":"23:46:00","h":"Ouest","s":"25S-H59S000I-81-I"},{"r":"22","t":"23:46:00","h":"Ouest","s":"25S-H59S100F-81-F1"},{"r":"22","t":"23:46:00","h":"Ouest","s":"25S-H59S200F-81-F2"},{"r":"22","t":"24:15:00","h":"Ouest","s":"25N-H59N000S-80-S"},{"r":"22","t":"24:15:00","h":"Ouest","s":"25N-H59NV10S-84-S"},{"r":"22","t":"24:15:00","h":"Ouest","s":"25N-H59NV20S-80-S"},{"r":"22","t":"24:15:00","h":"Ouest","s":"25S-H59S000S-81-S"},{"r":"22","t":"24:33:00","h":"Ouest","s":"25N-H59N000A-80-A"},{"r":"22","t":"24:33:00","h":"Ouest","s":"25N-H59NV10A-80-A"},{"r":"22","t":"24:33:00","h":"Ouest","s":"25N-H59VN20A-80-A"},{"r":"22","t":"24:33:00","h":"Ouest","s":"25S-H59S000A-81-A"},{"r":"22","t":"24:46:00","h":"Ouest","s":"25N-H59N000I-80-I"},{"r":"22","t":"24:46:00","h":"Ouest","s":"25N-H59N100F-80-F1"},{"r":"22","t":"24:46:00","h":"Ouest","s":"25N-H59N200F-81-F2"},{"r":"22","t":"24:46:00","h":"Ouest","s":"25N-H59N300F-80-F3"},{"r":"22","t":"24:46:00","h":"Ouest","s":"25N-H59N400F-80-F4"},{"r":"22","t":"24:46:00","h":"Ouest","s":"25N-H59NV10I-80-I"},{"r":"22","t":"24:46:00","h":"Ouest","s":"25N-H59NV20I-80-I"},{"r":"22","t":"24:46:00","h":"Ouest","s":"25S-H59S000I-81-I"},{"r":"22","t":"24:46:00","h":"Ouest","s":"25S-H59S100F-81-F1"},{"r":"22","t":"24:46:00","h":"Ouest","s":"25S-H59S200F-81-F2"},{"r":"22","t":"25:12:00","h":"Ouest","s":"25N-H59N000S-80-S"},{"r":"22","t":"25:12:00","h":"Ouest","s":"25N-H59NV10S-84-S"},{"r":"22","t":"25:12:00","h":"Ouest","s":"25N-H59NV20S-80-S"},{"r":"22","t":"25:12:00","h":"Ouest","s":"25S-H59S000S-81-S"},{"r":"22","t":"25:33:00","h":"Ouest","s":"25N-H59N000A-80-A"},{"r":"22","t":"25:33:00","h":"Ouest","s":"25N-H59NV10A-80-A"},{"r":"22","t":"25:33:00","h":"Ouest","s":"25N-H59VN20A-80-A"},{"r":"22","t":"25:33:00","h":"Ouest","s":"25S-H59S000A-81-A"}]