[{"r":"187","t":"04:48:54","h":"Ouest","s":"25N-H54N000I-80-I"},{"r":"187","t":"04:48:54","h":"Ouest","s":"25N-H54N100F-80-F1"},{"r":"187","t":"04:48:54","h":"Ouest","s":"25N-H54N200F-80-F2"},{"r":"187","t":"04:48:54","h":"Ouest","s":"25N-H54N300F-80-F3"},{"r":"187","t":"04:48:54","h":"Ouest","s":"25N-H54N400F-80-F4"},{"r":"187","t":"04:48:54","h":"Ouest","s":"25N-H54NV10I-80-I"},{"r":"187","t":"04:48:54","h":"Ouest","s":"25N-H54NV20I-80-I"},{"r":"187","t":"04:48:54","h":"Ouest","s":"25S-H54S000I-82-I"},{"r":"187","t":"04:48:54","h":"Ouest","s":"25S-H54S100F-80-F1"},{"r":"187","t":"04:48:54","h":"Ouest","s":"25S-H54S200F-80-F2"},{"r":"187","t":"04:49:39","h":"Ouest","s":"25N-H59N000S-80-S"},{"r":"187","t":"04:49:39","h":"Ouest","s":"25N-H59NV10S-84-S"},{"r":"187","t":"04:49:39","h":"Ouest","s":"25N-H59NV20S-80-S"},{"r":"187","t":"04:49:39","h":"Ouest","s":"25S-H59S000S-81-S"},{"r":"187","t":"04:51:39","h":"Ouest","s":"25N-H54N000A-80-A"},{"r":"187","t":"04:51:39","h":"Ouest","s":"25N-H54NV10A-80-A"},{"r":"187","t":"04:51:39","h":"Ouest","s":"25N-H54NV20A-80-A"},{"r":"187","t":"04:51:39","h":"Ouest","s":"25S-H54S000A-83-A"},{"r":"187","t":"05:04:39","h":"Ouest","s":"25N-H54N000S-80-S"},{"r":"187","t":"05:04:39","h":"Ouest","s":"25N-H54NV10S-82-S"},{"r":"187","t":"05:04:39","h":"Ouest","s":"25N-H54NV20S-80-S"},{"r":"187","t":"05:04:39","h":"Ouest","s":"25S-H54S000S-82-S"},{"r":"187","t":"05:20:39","h":"Ouest","s":"25N-H54N000S-80-S"},{"r":"187","t":"05:20:39","h":"Ouest","s":"25N-H54NV10S-82-S"},{"r":"187","t":"05:20:39","h":"Ouest","s":"25N-H54NV20S-80-S"},{"r":"187","t":"05:20:39","h":"Ouest","s":"25S-H54S000S-82-S"},{"r":"187","t":"05:21:54","h":"Ouest","s":"25N-H54N000I-80-I"},{"r":"187","t":"05:21:54","h":"Ouest","s":"25N-H54N100F-80-F1"},{"r":"187","t":"05:21:54","h":"Ouest","s":"25N-H54N200F-80-F2"},{"r":"187","t":"05:21:54","h":"Ouest","s":"25N-H54N300F-80-F3"},{"r":"187","t":"05:21:54","h":"Ouest","s":"25N-H54N400F-80-F4"},{"r":"187","t":"05:21:54","h":"Ouest","s":"25N-H54NV10I-80-I"},{"r":"187","t":"05:21:54","h":"Ouest","s":"25N-H54NV20I-80-I"},{"r":"187","t":"05:21:54","h":"Ouest","s":"25S-H54S000I-82-I"},{"r":"187","t":"05:21:54","h":"Ouest","s":"25S-H54S100F-80-F1"},{"r":"187","t":"05:21:54","h":"Ouest","s":"25S-H54S200F-80-F2"},{"r":"187","t":"05:22:39","h":"Ouest","s":"25N-H54N000A-80-A"},{"r":"187","t":"05:22:39","h":"Ouest","s":"25N-H54NV10A-80-A"},{"r":"187","t":"05:22:39","h":"Ouest","s":"25N-H54NV20A-80-A"},{"r":"187","t":"05:22:39","h":"Ouest","s":"25S-H54S000A-83-A"},{"r":"187","t":"05:34:39","h":"Ouest","s":"25N-H54N000S-80-S"},{"r":"187","t":"05:34:39","h":"Ouest","s":"25N-H54NV10S-82-S"},{"r":"187","t":"05:34:39","h":"Ouest","s":"25N-H54NV20S-80-S"},{"r":"187","t":"05:34:39","h":"Ouest","s":"25S-H54S000S-82-S"},{"r":"187","t":"05:44:39","h":"Ouest","s":"25N-H59N000S-80-S"},{"r":"187","t":"05:44:39","h":"Ouest","s":"25N-H59NV10S-84-S"},{"r":"187","t":"05:44:39","h":"Ouest","s":"25N-H59NV20S-80-S"},{"r":"187","t":"05:44:39","h":"Ouest","s":"25S-H59S000S-81-S"},{"r":"187","t":"05:53:39","h":"Ouest","s":"25N-H54N000A-80-A"},{"r":"187","t":"05:53:39","h":"Ouest","s":"25N-H54NV10A-80-A"},{"r":"187","t":"05:53:39","h":"Ouest","s":"25N-H54NV20A-80-A"},{"r":"187","t":"05:53:39","h":"Ouest","s":"25S-H54S000A-83-A"},{"r":"187","t":"05:54:39","h":"Ouest","s":"25N-H54N000S-80-S"},{"r":"187","t":"05:54:39","h":"Ouest","s":"25N-H54NV10S-82-S"},{"r":"187","t":"05:54:39","h":"Ouest","s":"25N-H54NV20S-80-S"},{"r":"187","t":"05:54:39","h":"Ouest","s":"25S-H54S000S-82-S"},{"r":"187","t":"05:55:16","h":"Ouest","s":"25N-H54N000I-80-I"},{"r":"187","t":"05:55:16","h":"Ouest","s":"25N-H54N100F-80-F1"},{"r":"187","t":"05:55:16","h":"Ouest","s":"25N-H54N200F-80-F2"},{"r":"187","t":"05:55:16","h":"Ouest","s":"25N-H54N300F-80-F3"},{"r":"187","t":"05:55:16","h":"Ouest","s":"25N-H54N400F-80-F4"},{"r":"187","t":"05:55:16","h":"Ouest","s":"25N-H54NV10I-80-I"},{"r":"187","t":"05:55:16","h":"Ouest","s":"25N-H54NV20I-80-I"},{"r":"187","t":"05:55:16","h":"Ouest","s":"25S-H54S000I-82-I"},{"r":"187","t":"05:55:16","h":"Ouest","s":"25S-H54S100F-80-F1"},{"r":"187","t":"05:55:16","h":"Ouest","s":"25S-H54S200F-80-F2"},{"r":"487","t":"05:58:16","h":"Ouest via Notre-Dame / De Montigny","s":"25N-H54N000S-80-S"},{"r":"487","t":"05:58:16","h":"Ouest via Notre-Dame / De Montigny","s":"25N-H54NV10S-82-S"},{"r":"487","t":"05:58:16","h":"Ouest via Notre-Dame / De Montigny","s":"25N-H54NV20S-80-S"},{"r":"487","t":"05:58:16","h":"Ouest via Notre-Dame / De Montigny","s":"25S-H54S000S-82-S"},{"r":"187","t":"06:04:39","h":"Ouest","s":"25N-H54N000S-80-S"},{"r":"187","t":"06:04:39","h":"Ouest","s":"25N-H54NV10S-82-S"},{"r":"187","t":"06:04:39","h":"Ouest","s":"25N-H54NV20S-80-S"},{"r":"187","t":"06:04:39","h":"Ouest","s":"25S-H54S000S-82-S"},{"r":"187","t":"06:14:39","h":"Ouest","s":"25N-H54N000S-80-S"},{"r":"187","t":"06:14:39","h":"Ouest","s":"25N-H54NV10S-82-S"},{"r":"187","t":"06:14:39","h":"Ouest","s":"25N-H54NV20S-80-S"},{"r":"187","t":"06:14:39","h":"Ouest","s":"25S-H54S000S-82-S"},{"r":"487","t":"06:17:16","h":"Ouest via Notre-Dame / De Montigny","s":"25N-H54N000S-80-S"},{"r":"487","t":"06:17:16","h":"Ouest via Notre-Dame / De Montigny","s":"25N-H54NV10S-82-S"},{"r":"487","t":"06:17:16","h":"Ouest via Notre-Dame / De Montigny","s":"25N-H54NV20S-80-S"},{"r":"487","t":"06:17:16","h":"Ouest via Notre-Dame / De Montigny","s":"25S-H54S000S-82-S"},{"r":"187","t":"06:23:39","h":"Ouest","s":"25N-H54N000A-80-A"},{"r":"187","t":"06:23:39","h":"Ouest","s":"25N-H54NV10A-80-A"},{"r":"187","t":"06:23:39","h":"Ouest","s":"25N-H54NV20A-80-A"},{"r":"187","t":"06:23:39","h":"Ouest","s":"25S-H54S000A-83-A"},{"r":"187","t":"06:24:39","h":"Ouest","s":"25N-H54N000S-80-S"},{"r":"187","t":"06:24:39","h":"Ouest","s":"25N-H54NV10S-82-S"},{"r":"187","t":"06:24:39","h":"Ouest","s":"25N-H54NV20S-80-S"},{"r":"187","t":"06:24:39","h":"Ouest","s":"25S-H54S000S-82-S"},{"r":"187","t":"06:26:16","h":"Ouest","s":"25N-H54N000I-80-I"},{"r":"187","t":"06:26:16","h":"Ouest","s":"25N-H54N100F-80-F1"},{"r":"187","t":"06:26:16","h":"Ouest","s":"25N-H54N200F-80-F2"},{"r":"187","t":"06:26:16","h":"Ouest","s":"25N-H54N300F-80-F3"},{"r":"187","t":"06:26:16","h":"Ouest","s":"25N-H54N400F-80-F4"},{"r":"187","t":"06:26:16","h":"Ouest","s":"25N-H54NV10I-80-I"},{"r":"187","t":"06:26:16","h":"Ouest","s":"25N-H54NV20I-80-I"},{"r":"187","t":"06:26:16","h":"Ouest","s":"25S-H54S000I-82-I"},{"r":"187","t":"06:26:16","h":"Ouest","s":"25S-H54S100F-80-F1"},{"r":"187","t":"06:26:16","h":"Ouest","s":"25S-H54S200F-80-F2"},{"r":"487","t":"06:30:16","h":"Ouest via Notre-Dame / De Montigny","s":"25N-H54N000S-80-S"},{"r":"487","t":"06:30:16","h":"Ouest via Notre-Dame / De Montigny","s":"25N-H54NV10S-82-S"},{"r":"487","t":"06:30:16","h":"Ouest via Notre-Dame / De Montigny","s":"25N-H54NV20S-80-S"},{"r":"487","t":"06:30:16","h":"Ouest via Notre-Dame / De Montigny","s":"25S-H54S000S-82-S"},{"r":"187","t":"06:33:39","h":"Ouest","s":"25N-H54N000S-80-S"},{"r":"187","t":"06:33:39","h":"Ouest","s":"25N-H54NV10S-82-S"},{"r":"187","t":"06:33:39","h":"Ouest","s":"25N-H54NV20S-80-S"},{"r":"187","t":"06:33:39","h":"Ouest","s":"25S-H54S000S-82-S"},{"r":"187","t":"06:40:39","h":"Ouest","s":"25N-H54N000S-80-S"},{"r":"187","t":"06:40:39","h":"Ouest","s":"25N-H54NV10S-82-S"},{"r":"187","t":"06:40:39","h":"Ouest","s":"25N-H54NV20S-80-S"},{"r":"187","t":"06:40:39","h":"Ouest","s":"25S-H54S000S-82-S"},{"r":"487","t":"06:42:16","h":"Ouest via De Montigny / Notre-Dame","s":"25N-H54N000S-80-S"},{"r":"487","t":"06:42:16","h":"Ouest via De Montigny / Notre-Dame","s":"25N-H54NV10S-82-S"},{"r":"487","t":"06:42:16","h":"Ouest via De Montigny / Notre-Dame","s":"25N-H54NV20S-80-S"},{"r":"487","t":"06:42:16","h":"Ouest via De Montigny / Notre-Dame","s":"25S-H54S000S-82-S"},{"r":"187","t":"06:46:39","h":"Ouest","s":"25N-H54N000S-80-S"},{"r":"187","t":"06:46:39","h":"Ouest","s":"25N-H54NV10S-82-S"},{"r":"187","t":"06:46:39","h":"Ouest","s":"25N-H54NV20S-80-S"},{"r":"187","t":"06:46:39","h":"Ouest","s":"25S-H54S000S-82-S"},{"r":"187","t":"06:51:39","h":"Ouest","s":"25N-H54N000S-80-S"},{"r":"187","t":"06:51:39","h":"Ouest","s":"25N-H54NV10S-82-S"},{"r":"187","t":"06:51:39","h":"Ouest","s":"25N-H54NV20S-80-S"},{"r":"187","t":"06:51:39","h":"Ouest","s":"25S-H54S000S-82-S"},{"r":"487","t":"06:52:16","h":"Ouest via Notre-Dame / De Montigny","s":"25N-H54N000S-80-S"},{"r":"487","t":"06:52:16","h":"Ouest via Notre-Dame / De Montigny","s":"25N-H54NV10S-82-S"},{"r":"487","t":"06:52:16","h":"Ouest via Notre-Dame / De Montigny","s":"25N-H54NV20S-80-S"},{"r":"487","t":"06:52:16","h":"Ouest via Notre-Dame / De Montigny","s":"25S-H54S000S-82-S"},{"r":"187","t":"06:53:39","h":"Ouest","s":"25N-H54N000A-80-A"},{"r":"187","t":"06:53:39","h":"Ouest","s":"25N-H54NV10A-80-A"},{"r":"187","t":"06:53:39","h":"Ouest","s":"25N-H54NV20A-80-A"},{"r":"187","t":"06:53:39","h":"Ouest","s":"25S-H54S000A-83-A"},{"r":"187","t":"06:56:16","h":"Ouest","s":"25N-H54N000I-80-I"},{"r":"187","t":"06:56:16","h":"Ouest","s":"25N-H54N100F-80-F1"},{"r":"187","t":"06:56:16","h":"Ouest","s":"25N-H54N200F-80-F2"},{"r":"187","t":"06:56:16","h":"Ouest","s":"25N-H54N300F-80-F3"},{"r":"187","t":"06:56:16","h":"Ouest","s":"25N-H54N400F-80-F4"},{"r":"187","t":"06:56:16","h":"Ouest","s":"25N-H54NV10I-80-I"},{"r":"187","t":"06:56:16","h":"Ouest","s":"25N-H54NV20I-80-I"},{"r":"187","t":"06:56:16","h":"Ouest","s":"25S-H54S000I-82-I"},{"r":"187","t":"06:56:16","h":"Ouest","s":"25S-H54S100F-80-F1"},{"r":"187","t":"06:56:16","h":"Ouest","s":"25S-H54S200F-80-F2"},{"r":"187","t":"06:56:39","h":"Ouest","s":"25N-H54N000S-80-S"},{"r":"187","t":"06:56:39","h":"Ouest","s":"25N-H54NV10S-82-S"},{"r":"187","t":"06:56:39","h":"Ouest","s":"25N-H54NV20S-80-S"},{"r":"187","t":"06:56:39","h":"Ouest","s":"25S-H54S000S-82-S"},{"r":"187","t":"07:01:39","h":"Ouest","s":"25N-H54N000S-80-S"},{"r":"187","t":"07:01:39","h":"Ouest","s":"25N-H54NV10S-82-S"},{"r":"187","t":"07:01:39","h":"Ouest","s":"25N-H54NV20S-80-S"},{"r":"187","t":"07:01:39","h":"Ouest","s":"25S-H54S000S-82-S"},{"r":"487","t":"07:02:16","h":"Ouest via Notre-Dame / De Montigny","s":"25N-H59N000S-80-S"},{"r":"487","t":"07:02:16","h":"Ouest via Notre-Dame / De Montigny","s":"25N-H59NV10S-84-S"},{"r":"487","t":"07:02:16","h":"Ouest via Notre-Dame / De Montigny","s":"25N-H59NV20S-80-S"},{"r":"487","t":"07:02:16","h":"Ouest via Notre-Dame / De Montigny","s":"25S-H59S000S-81-S"},{"r":"187","t":"07:08:39","h":"Ouest","s":"25N-H59N000S-80-S"},{"r":"187","t":"07:08:39","h":"Ouest","s":"25N-H59NV10S-84-S"},{"r":"187","t":"07:08:39","h":"Ouest","s":"25N-H59NV20S-80-S"},{"r":"187","t":"07:08:39","h":"Ouest","s":"25S-H59S000S-81-S"},{"r":"487","t":"07:14:16","h":"Ouest via De Montigny / Notre-Dame","s":"25N-H54N000S-80-S"},{"r":"487","t":"07:14:16","h":"Ouest via De Montigny / Notre-Dame","s":"25N-H54NV10S-82-S"},{"r":"487","t":"07:14:16","h":"Ouest via De Montigny / Notre-Dame","s":"25N-H54NV20S-80-S"},{"r":"487","t":"07:14:16","h":"Ouest via De Montigny / Notre-Dame","s":"25S-H54S000S-82-S"},{"r":"187","t":"07:15:39","h":"Ouest","s":"25N-H54N000S-80-S"},{"r":"187","t":"07:15:39","h":"Ouest","s":"25N-H54NV10S-82-S"},{"r":"187","t":"07:15:39","h":"Ouest","s":"25N-H54NV20S-80-S"},{"r":"187","t":"07:15:39","h":"Ouest","s":"25S-H54S000S-82-S"},{"r":"187","t":"07:21:39","h":"Ouest","s":"25N-H54N000A-80-A"},{"r":"187","t":"07:21:39","h":"Ouest","s":"25N-H54NV10A-80-A"},{"r":"187","t":"07:21:39","h":"Ouest","s":"25N-H54NV20A-80-A"},{"r":"187","t":"07:21:39","h":"Ouest","s":"25S-H54S000A-83-A"},{"r":"187","t":"07:23:39","h":"Ouest","s":"25N-H54N000S-80-S"},{"r":"187","t":"07:23:39","h":"Ouest","s":"25N-H54NV10S-82-S"},{"r":"187","t":"07:23:39","h":"Ouest","s":"25N-H54NV20S-80-S"},{"r":"187","t":"07:23:39","h":"Ouest","s":"25S-H54S000S-82-S"},{"r":"487","t":"07:26:16","h":"Ouest via Notre-Dame / De Montigny","s":"25N-H55N000S-80-S"},{"r":"487","t":"07:26:16","h":"Ouest via Notre-Dame / De Montigny","s":"25N-H55N000S-82-S"},{"r":"487","t":"07:26:16","h":"Ouest via Notre-Dame / De Montigny","s":"25N-H55NV10S-85-S"},{"r":"487","t":"07:26:16","h":"Ouest via Notre-Dame / De Montigny","s":"25N-H55NV20S-81-S"},{"r":"487","t":"07:26:16","h":"Ouest via Notre-Dame / De Montigny","s":"25S-H55S000S-82-S"},{"r":"187","t":"07:29:16","h":"Ouest","s":"25N-H54N000I-80-I"},{"r":"187","t":"07:29:16","h":"Ouest","s":"25N-H54N100F-80-F1"},{"r":"187","t":"07:29:16","h":"Ouest","s":"25N-H54N200F-80-F2"},{"r":"187","t":"07:29:16","h":"Ouest","s":"25N-H54N300F-80-F3"},{"r":"187","t":"07:29:16","h":"Ouest","s":"25N-H54N400F-80-F4"},{"r":"187","t":"07:29:16","h":"Ouest","s":"25N-H54NV10I-80-I"},{"r":"187","t":"07:29:16","h":"Ouest","s":"25N-H54NV20I-80-I"},{"r":"187","t":"07:29:16","h":"Ouest","s":"25S-H54S000I-82-I"},{"r":"187","t":"07:29:16","h":"Ouest","s":"25S-H54S100F-80-F1"},{"r":"187","t":"07:29:16","h":"Ouest","s":"25S-H54S200F-80-F2"},{"r":"187","t":"07:30:39","h":"Ouest","s":"25N-H54N000S-80-S"},{"r":"187","t":"07:30:39","h":"Ouest","s":"25N-H54NV10S-82-S"},{"r":"187","t":"07:30:39","h":"Ouest","s":"25N-H54NV20S-80-S"},{"r":"187","t":"07:30:39","h":"Ouest","s":"25S-H54S000S-82-S"},{"r":"487","t":"07:36:16","h":"Ouest via Notre-Dame / De Montigny","s":"25N-H54N000S-80-S"},{"r":"487","t":"07:36:16","h":"Ouest via Notre-Dame / De Montigny","s":"25N-H54NV10S-82-S"},{"r":"487","t":"07:36:16","h":"Ouest via Notre-Dame / De Montigny","s":"25N-H54NV20S-80-S"},{"r":"487","t":"07:36:16","h":"Ouest via Notre-Dame / De Montigny","s":"25S-H54S000S-82-S"},{"r":"187","t":"07:38:39","h":"Ouest","s":"25N-H54N000S-80-S"},{"r":"187","t":"07:38:39","h":"Ouest","s":"25N-H54NV10S-82-S"},{"r":"187","t":"07:38:39","h":"Ouest","s":"25N-H54NV20S-80-S"},{"r":"187","t":"07:38:39","h":"Ouest","s":"25S-H54S000S-82-S"},{"r":"187","t":"07:46:02","h":"Ouest","s":"25N-H54N000S-80-S"},{"r":"187","t":"07:46:02","h":"Ouest","s":"25N-H54NV10S-82-S"},{"r":"187","t":"07:46:02","h":"Ouest","s":"25N-H54NV20S-80-S"},{"r":"187","t":"07:46:02","h":"Ouest","s":"25S-H54S000S-82-S"},{"r":"487","t":"07:46:16","h":"Ouest via Notre-Dame / De Montigny","s":"25N-H54N000S-80-S"},{"r":"487","t":"07:46:16","h":"Ouest via Notre-Dame / De Montigny","s":"25N-H54NV10S-82-S"},{"r":"487","t":"07:46:16","h":"Ouest via Notre-Dame / De Montigny","s":"25N-H54NV20S-80-S"},{"r":"487","t":"07:46:16","h":"Ouest via Notre-Dame / De Montigny","s":"25S-H54S000S-82-S"},{"r":"187","t":"07:46:39","h":"Ouest","s":"25N-H54N000A-80-A"},{"r":"187","t":"07:46:39","h":"Ouest","s":"25N-H54NV10A-80-A"},{"r":"187","t":"07:46:39","h":"Ouest","s":"25N-H54NV20A-80-A"},{"r":"187","t":"07:46:39","h":"Ouest","s":"25S-H54S000A-83-A"},{"r":"187","t":"07:53:16","h":"Ouest","s":"25N-H54N000I-80-I"},{"r":"187","t":"07:53:16","h":"Ouest","s":"25N-H54N100F-80-F1"},{"r":"187","t":"07:53:16","h":"Ouest","s":"25N-H54N200F-80-F2"},{"r":"187","t":"07:53:16","h":"Ouest","s":"25N-H54N300F-80-F3"},{"r":"187","t":"07:53:16","h":"Ouest","s":"25N-H54N400F-80-F4"},{"r":"187","t":"07:53:16","h":"Ouest","s":"25N-H54NV10I-80-I"},{"r":"187","t":"07:53:16","h":"Ouest","s":"25N-H54NV20I-80-I"},{"r":"187","t":"07:53:16","h":"Ouest","s":"25S-H54S000I-82-I"},{"r":"187","t":"07:53:16","h":"Ouest","s":"25S-H54S100F-80-F1"},{"r":"187","t":"07:53:16","h":"Ouest","s":"25S-H54S200F-80-F2"},{"r":"187","t":"07:55:02","h":"Ouest","s":"25N-H54N000S-80-S"},{"r":"187","t":"07:55:02","h":"Ouest","s":"25N-H54NV10S-82-S"},{"r":"187","t":"07:55:02","h":"Ouest","s":"25N-H54NV20S-80-S"},{"r":"187","t":"07:55:02","h":"Ouest","s":"25S-H54S000S-82-S"},{"r":"487","t":"07:56:16","h":"Ouest via Notre-Dame / De Montigny","s":"25N-H54N000S-80-S"},{"r":"487","t":"07:56:16","h":"Ouest via Notre-Dame / De Montigny","s":"25N-H54NV10S-82-S"},{"r":"487","t":"07:56:16","h":"Ouest via Notre-Dame / De Montigny","s":"25N-H54NV20S-80-S"},{"r":"487","t":"07:56:16","h":"Ouest via Notre-Dame / De Montigny","s":"25S-H54S000S-82-S"},{"r":"187","t":"08:05:02","h":"Ouest","s":"25N-H54N000S-80-S"},{"r":"187","t":"08:05:02","h":"Ouest","s":"25N-H54NV10S-82-S"},{"r":"187","t":"08:05:02","h":"Ouest","s":"25N-H54NV20S-80-S"},{"r":"187","t":"08:05:02","h":"Ouest","s":"25S-H54S000S-82-S"},{"r":"487","t":"08:06:16","h":"Ouest via Notre-Dame / De Montigny","s":"25N-H54N000S-80-S"},{"r":"487","t":"08:06:16","h":"Ouest via Notre-Dame / De Montigny","s":"25N-H54NV10S-82-S"},{"r":"487","t":"08:06:16","h":"Ouest via Notre-Dame / De Montigny","s":"25N-H54NV20S-80-S"},{"r":"487","t":"08:06:16","h":"Ouest via Notre-Dame / De Montigny","s":"25S-H54S000S-82-S"},{"r":"187","t":"08:06:39","h":"Ouest","s":"25N-H54N000A-80-A"},{"r":"187","t":"08:06:39","h":"Ouest","s":"25N-H54NV10A-80-A"},{"r":"187","t":"08:06:39","h":"Ouest","s":"25N-H54NV20A-80-A"},{"r":"187","t":"08:06:39","h":"Ouest","s":"25S-H54S000A-83-A"},{"r":"187","t":"08:14:16","h":"Ouest","s":"25N-H54N000I-80-I"},{"r":"187","t":"08:14:16","h":"Ouest","s":"25N-H54N100F-80-F1"},{"r":"187","t":"08:14:16","h":"Ouest","s":"25N-H54N200F-80-F2"},{"r":"187","t":"08:14:16","h":"Ouest","s":"25N-H54N300F-80-F3"},{"r":"187","t":"08:14:16","h":"Ouest","s":"25N-H54N400F-80-F4"},{"r":"187","t":"08:14:16","h":"Ouest","s":"25N-H54NV10I-80-I"},{"r":"187","t":"08:14:16","h":"Ouest","s":"25N-H54NV20I-80-I"},{"r":"187","t":"08:14:16","h":"Ouest","s":"25S-H54S000I-82-I"},{"r":"187","t":"08:14:16","h":"Ouest","s":"25S-H54S100F-80-F1"},{"r":"187","t":"08:14:16","h":"Ouest","s":"25S-H54S200F-80-F2"},{"r":"187","t":"08:15:02","h":"Ouest","s":"25N-H54N000S-80-S"},{"r":"187","t":"08:15:02","h":"Ouest","s":"25N-H54NV10S-82-S"},{"r":"187","t":"08:15:02","h":"Ouest","s":"25N-H54NV20S-80-S"},{"r":"187","t":"08:15:02","h":"Ouest","s":"25S-H54S000S-82-S"},{"r":"187","t":"08:23:39","h":"Ouest","s":"25N-H54N000A-80-A"},{"r":"187","t":"08:23:39","h":"Ouest","s":"25N-H54NV10A-80-A"},{"r":"187","t":"08:23:39","h":"Ouest","s":"25N-H54NV20A-80-A"},{"r":"187","t":"08:23:39","h":"Ouest","s":"25S-H54S000A-83-A"},{"r":"187","t":"08:25:02","h":"Ouest","s":"25N-H54N000S-80-S"},{"r":"187","t":"08:25:02","h":"Ouest","s":"25N-H54NV10S-82-S"},{"r":"187","t":"08:25:02","h":"Ouest","s":"25N-H54NV20S-80-S"},{"r":"187","t":"08:25:02","h":"Ouest","s":"25S-H54S000S-82-S"},{"r":"487","t":"08:25:16","h":"Ouest via Notre-Dame / De Montigny","s":"25N-H54N000S-80-S"},{"r":"487","t":"08:25:16","h":"Ouest via Notre-Dame / De Montigny","s":"25N-H54NV10S-82-S"},{"r":"487","t":"08:25:16","h":"Ouest via Notre-Dame / De Montigny","s":"25N-H54NV20S-80-S"},{"r":"487","t":"08:25:16","h":"Ouest via Notre-Dame / De Montigny","s":"25S-H54S000S-82-S"},{"r":"187","t":"08:34:39","h":"Ouest","s":"25N-H54N000S-80-S"},{"r":"187","t":"08:34:39","h":"Ouest","s":"25N-H54NV10S-82-S"},{"r":"187","t":"08:34:39","h":"Ouest","s":"25N-H54NV20S-80-S"},{"r":"187","t":"08:34:39","h":"Ouest","s":"25S-H54S000S-82-S"},{"r":"187","t":"08:35:16","h":"Ouest","s":"25N-H54N000I-80-I"},{"r":"187","t":"08:35:16","h":"Ouest","s":"25N-H54N100F-80-F1"},{"r":"187","t":"08:35:16","h":"Ouest","s":"25N-H54N200F-80-F2"},{"r":"187","t":"08:35:16","h":"Ouest","s":"25N-H54N300F-80-F3"},{"r":"187","t":"08:35:16","h":"Ouest","s":"25N-H54N400F-80-F4"},{"r":"187","t":"08:35:16","h":"Ouest","s":"25N-H54NV10I-80-I"},{"r":"187","t":"08:35:16","h":"Ouest","s":"25N-H54NV20I-80-I"},{"r":"187","t":"08:35:16","h":"Ouest","s":"25S-H54S000I-82-I"},{"r":"187","t":"08:35:16","h":"Ouest","s":"25S-H54S100F-80-F1"},{"r":"187","t":"08:35:16","h":"Ouest","s":"25S-H54S200F-80-F2"},{"r":"187","t":"08:40:39","h":"Ouest","s":"25N-H54N000A-80-A"},{"r":"187","t":"08:40:39","h":"Ouest","s":"25N-H54NV10A-80-A"},{"r":"187","t":"08:40:39","h":"Ouest","s":"25N-H54NV20A-80-A"},{"r":"187","t":"08:40:39","h":"Ouest","s":"25S-H54S000A-83-A"},{"r":"487","t":"08:44:16","h":"Ouest via Notre-Dame / De Montigny","s":"25N-H54N000S-80-S"},{"r":"487","t":"08:44:16","h":"Ouest via Notre-Dame / De Montigny","s":"25N-H54NV10S-82-S"},{"r":"487","t":"08:44:16","h":"Ouest via Notre-Dame / De Montigny","s":"25N-H54NV20S-80-S"},{"r":"487","t":"08:44:16","h":"Ouest via Notre-Dame / De Montigny","s":"25S-H54S000S-82-S"},{"r":"187","t":"08:44:39","h":"Ouest","s":"25N-H54N000S-80-S"},{"r":"187","t":"08:44:39","h":"Ouest","s":"25N-H54NV10S-82-S"},{"r":"187","t":"08:44:39","h":"Ouest","s":"25N-H54NV20S-80-S"},{"r":"187","t":"08:44:39","h":"Ouest","s":"25S-H54S000S-82-S"},{"r":"187","t":"08:54:39","h":"Ouest","s":"25N-H54N000S-80-S"},{"r":"187","t":"08:54:39","h":"Ouest","s":"25N-H54NV10S-82-S"},{"r":"187","t":"08:54:39","h":"Ouest","s":"25N-H54NV20S-80-S"},{"r":"187","t":"08:54:39","h":"Ouest","s":"25S-H54S000S-82-S"},{"r":"187","t":"08:57:39","h":"Ouest","s":"25N-H54N000A-80-A"},{"r":"187","t":"08:57:39","h":"Ouest","s":"25N-H54NV10A-80-A"},{"r":"187","t":"08:57:39","h":"Ouest","s":"25N-H54NV20A-80-A"},{"r":"187","t":"08:57:39","h":"Ouest","s":"25S-H54S000A-83-A"},{"r":"187","t":"08:59:16","h":"Ouest","s":"25N-H54N000I-80-I"},{"r":"187","t":"08:59:16","h":"Ouest","s":"25N-H54N100F-80-F1"},{"r":"187","t":"08:59:16","h":"Ouest","s":"25N-H54N200F-80-F2"},{"r":"187","t":"08:59:16","h":"Ouest","s":"25N-H54N300F-80-F3"},{"r":"187","t":"08:59:16","h":"Ouest","s":"25N-H54N400F-80-F4"},{"r":"187","t":"08:59:16","h":"Ouest","s":"25N-H54NV10I-80-I"},{"r":"187","t":"08:59:16","h":"Ouest","s":"25N-H54NV20I-80-I"},{"r":"187","t":"08:59:16","h":"Ouest","s":"25S-H54S000I-82-I"},{"r":"187","t":"08:59:16","h":"Ouest","s":"25S-H54S100F-80-F1"},{"r":"187","t":"08:59:16","h":"Ouest","s":"25S-H54S200F-80-F2"},{"r":"487","t":"09:04:16","h":"Ouest via Notre-Dame / De Montigny","s":"25N-H54N000S-80-S"},{"r":"487","t":"09:04:16","h":"Ouest via Notre-Dame / De Montigny","s":"25N-H54NV10S-82-S"},{"r":"487","t":"09:04:16","h":"Ouest via Notre-Dame / De Montigny","s":"25N-H54NV20S-80-S"},{"r":"487","t":"09:04:16","h":"Ouest via Notre-Dame / De Montigny","s":"25S-H54S000S-82-S"},{"r":"187","t":"09:05:39","h":"Ouest","s":"25N-H54N000S-80-S"},{"r":"187","t":"09:05:39","h":"Ouest","s":"25N-H54NV10S-82-S"},{"r":"187","t":"09:05:39","h":"Ouest","s":"25N-H54NV20S-80-S"},{"r":"187","t":"09:05:39","h":"Ouest","s":"25S-H54S000S-82-S"},{"r":"187","t":"09:17:39","h":"Ouest","s":"25N-H54N000S-80-S"},{"r":"187","t":"09:17:39","h":"Ouest","s":"25N-H54NV10S-82-S"},{"r":"187","t":"09:17:39","h":"Ouest","s":"25N-H54NV20S-80-S"},{"r":"187","t":"09:17:39","h":"Ouest","s":"25S-H54S000S-82-S"},{"r":"187","t":"09:18:39","h":"Ouest","s":"25N-H54N000A-80-A"},{"r":"187","t":"09:18:39","h":"Ouest","s":"25N-H54NV10A-80-A"},{"r":"187","t":"09:18:39","h":"Ouest","s":"25N-H54NV20A-80-A"},{"r":"187","t":"09:18:39","h":"Ouest","s":"25S-H54S000A-83-A"},{"r":"187","t":"09:24:16","h":"Ouest","s":"25N-H54N000I-80-I"},{"r":"187","t":"09:24:16","h":"Ouest","s":"25N-H54N100F-80-F1"},{"r":"187","t":"09:24:16","h":"Ouest","s":"25N-H54N200F-80-F2"},{"r":"187","t":"09:24:16","h":"Ouest","s":"25N-H54N300F-80-F3"},{"r":"187","t":"09:24:16","h":"Ouest","s":"25N-H54N400F-80-F4"},{"r":"187","t":"09:24:16","h":"Ouest","s":"25N-H54NV10I-80-I"},{"r":"187","t":"09:24:16","h":"Ouest","s":"25N-H54NV20I-80-I"},{"r":"187","t":"09:24:16","h":"Ouest","s":"25S-H54S000I-82-I"},{"r":"187","t":"09:24:16","h":"Ouest","s":"25S-H54S100F-80-F1"},{"r":"187","t":"09:24:16","h":"Ouest","s":"25S-H54S200F-80-F2"},{"r":"487","t":"09:26:16","h":"Ouest via Notre-Dame / De Montigny","s":"25N-H54N000S-80-S"},{"r":"487","t":"09:26:16","h":"Ouest via Notre-Dame / De Montigny","s":"25N-H54NV10S-82-S"},{"r":"487","t":"09:26:16","h":"Ouest via Notre-Dame / De Montigny","s":"25N-H54NV20S-80-S"},{"r":"487","t":"09:26:16","h":"Ouest via Notre-Dame / De Montigny","s":"25S-H54S000S-82-S"},{"r":"187","t":"09:29:39","h":"Ouest","s":"25N-H54N000S-80-S"},{"r":"187","t":"09:29:39","h":"Ouest","s":"25N-H54NV10S-82-S"},{"r":"187","t":"09:29:39","h":"Ouest","s":"25N-H54NV20S-80-S"},{"r":"187","t":"09:29:39","h":"Ouest","s":"25S-H54S000S-82-S"},{"r":"187","t":"09:39:39","h":"Ouest","s":"25N-H54N000A-80-A"},{"r":"187","t":"09:39:39","h":"Ouest","s":"25N-H54NV10A-80-A"},{"r":"187","t":"09:39:39","h":"Ouest","s":"25N-H54NV20A-80-A"},{"r":"187","t":"09:39:39","h":"Ouest","s":"25S-H54S000A-83-A"},{"r":"187","t":"09:41:39","h":"Ouest","s":"25N-H54N000S-80-S"},{"r":"187","t":"09:41:39","h":"Ouest","s":"25N-H54NV10S-82-S"},{"r":"187","t":"09:41:39","h":"Ouest","s":"25N-H54NV20S-80-S"},{"r":"187","t":"09:41:39","h":"Ouest","s":"25S-H54S000S-82-S"},{"r":"187","t":"09:49:16","h":"Ouest","s":"25N-H54N000I-80-I"},{"r":"187","t":"09:49:16","h":"Ouest","s":"25N-H54N100F-80-F1"},{"r":"187","t":"09:49:16","h":"Ouest","s":"25N-H54N200F-80-F2"},{"r":"187","t":"09:49:16","h":"Ouest","s":"25N-H54N300F-80-F3"},{"r":"187","t":"09:49:16","h":"Ouest","s":"25N-H54N400F-80-F4"},{"r":"187","t":"09:49:16","h":"Ouest","s":"25N-H54NV10I-80-I"},{"r":"187","t":"09:49:16","h":"Ouest","s":"25N-H54NV20I-80-I"},{"r":"187","t":"09:49:16","h":"Ouest","s":"25S-H54S000I-82-I"},{"r":"187","t":"09:49:16","h":"Ouest","s":"25S-H54S100F-80-F1"},{"r":"187","t":"09:49:16","h":"Ouest","s":"25S-H54S200F-80-F2"},{"r":"187","t":"09:56:39","h":"Ouest","s":"25N-H54N000S-80-S"},{"r":"187","t":"09:56:39","h":"Ouest","s":"25N-H54NV10S-82-S"},{"r":"187","t":"09:56:39","h":"Ouest","s":"25N-H54NV20S-80-S"},{"r":"187","t":"09:56:39","h":"Ouest","s":"25S-H54S000S-82-S"},{"r":"187","t":"09:58:39","h":"Ouest","s":"25N-H54N000A-80-A"},{"r":"187","t":"09:58:39","h":"Ouest","s":"25N-H54NV10A-80-A"},{"r":"187","t":"09:58:39","h":"Ouest","s":"25N-H54NV20A-80-A"},{"r":"187","t":"09:58:39","h":"Ouest","s":"25S-H54S000A-83-A"},{"r":"187","t":"10:11:39","h":"Ouest","s":"25N-H54N000S-80-S"},{"r":"187","t":"10:11:39","h":"Ouest","s":"25N-H54NV10S-82-S"},{"r":"187","t":"10:11:39","h":"Ouest","s":"25N-H54NV20S-80-S"},{"r":"187","t":"10:11:39","h":"Ouest","s":"25S-H54S000S-82-S"},{"r":"187","t":"10:13:16","h":"Ouest","s":"25N-H54N000I-80-I"},{"r":"187","t":"10:13:16","h":"Ouest","s":"25N-H54N100F-80-F1"},{"r":"187","t":"10:13:16","h":"Ouest","s":"25N-H54N200F-80-F2"},{"r":"187","t":"10:13:16","h":"Ouest","s":"25N-H54N300F-80-F3"},{"r":"187","t":"10:13:16","h":"Ouest","s":"25N-H54N400F-80-F4"},{"r":"187","t":"10:13:16","h":"Ouest","s":"25N-H54NV10I-80-I"},{"r":"187","t":"10:13:16","h":"Ouest","s":"25N-H54NV20I-80-I"},{"r":"187","t":"10:13:16","h":"Ouest","s":"25S-H54S000I-82-I"},{"r":"187","t":"10:13:16","h":"Ouest","s":"25S-H54S100F-80-F1"},{"r":"187","t":"10:13:16","h":"Ouest","s":"25S-H54S200F-80-F2"},{"r":"187","t":"10:17:39","h":"Ouest","s":"25N-H54N000A-80-A"},{"r":"187","t":"10:17:39","h":"Ouest","s":"25N-H54NV10A-80-A"},{"r":"187","t":"10:17:39","h":"Ouest","s":"25N-H54NV20A-80-A"},{"r":"187","t":"10:17:39","h":"Ouest","s":"25S-H54S000A-83-A"},{"r":"187","t":"10:26:39","h":"Ouest","s":"25N-H54N000S-80-S"},{"r":"187","t":"10:26:39","h":"Ouest","s":"25N-H54NV10S-82-S"},{"r":"187","t":"10:26:39","h":"Ouest","s":"25N-H54NV20S-80-S"},{"r":"187","t":"10:26:39","h":"Ouest","s":"25S-H54S000S-82-S"},{"r":"187","t":"10:31:16","h":"Ouest","s":"25N-H54N000I-80-I"},{"r":"187","t":"10:31:16","h":"Ouest","s":"25N-H54N100F-80-F1"},{"r":"187","t":"10:31:16","h":"Ouest","s":"25N-H54N200F-80-F2"},{"r":"187","t":"10:31:16","h":"Ouest","s":"25N-H54N300F-80-F3"},{"r":"187","t":"10:31:16","h":"Ouest","s":"25N-H54N400F-80-F4"},{"r":"187","t":"10:31:16","h":"Ouest","s":"25N-H54NV10I-80-I"},{"r":"187","t":"10:31:16","h":"Ouest","s":"25N-H54NV20I-80-I"},{"r":"187","t":"10:31:16","h":"Ouest","s":"25S-H54S000I-82-I"},{"r":"187","t":"10:31:16","h":"Ouest","s":"25S-H54S100F-80-F1"},{"r":"187","t":"10:31:16","h":"Ouest","s":"25S-H54S200F-80-F2"},{"r":"187","t":"10:36:39","h":"Ouest","s":"25N-H54N000A-80-A"},{"r":"187","t":"10:36:39","h":"Ouest","s":"25N-H54NV10A-80-A"},{"r":"187","t":"10:36:39","h":"Ouest","s":"25N-H54NV20A-80-A"},{"r":"187","t":"10:36:39","h":"Ouest","s":"25S-H54S000A-83-A"},{"r":"187","t":"10:42:39","h":"Ouest","s":"25N-H54N000S-80-S"},{"r":"187","t":"10:42:39","h":"Ouest","s":"25N-H54NV10S-82-S"},{"r":"187","t":"10:42:39","h":"Ouest","s":"25N-H54NV20S-80-S"},{"r":"187","t":"10:42:39","h":"Ouest","s":"25S-H54S000S-82-S"},{"r":"187","t":"10:49:16","h":"Ouest","s":"25N-H54N000I-80-I"},{"r":"187","t":"10:49:16","h":"Ouest","s":"25N-H54N100F-80-F1"},{"r":"187","t":"10:49:16","h":"Ouest","s":"25N-H54N200F-80-F2"},{"r":"187","t":"10:49:16","h":"Ouest","s":"25N-H54N300F-80-F3"},{"r":"187","t":"10:49:16","h":"Ouest","s":"25N-H54N400F-80-F4"},{"r":"187","t":"10:49:16","h":"Ouest","s":"25N-H54NV10I-80-I"},{"r":"187","t":"10:49:16","h":"Ouest","s":"25N-H54NV20I-80-I"},{"r":"187","t":"10:49:16","h":"Ouest","s":"25S-H54S000I-82-I"},{"r":"187","t":"10:49:16","h":"Ouest","s":"25S-H54S100F-80-F1"},{"r":"187","t":"10:49:16","h":"Ouest","s":"25S-H54S200F-80-F2"},{"r":"187","t":"10:55:39","h":"Ouest","s":"25N-H54N000A-80-A"},{"r":"187","t":"10:55:39","h":"Ouest","s":"25N-H54NV10A-80-A"},{"r":"187","t":"10:55:39","h":"Ouest","s":"25N-H54NV20A-80-A"},{"r":"187","t":"10:55:39","h":"Ouest","s":"25S-H54S000A-83-A"},{"r":"187","t":"10:57:39","h":"Ouest","s":"25N-H54N000S-80-S"},{"r":"187","t":"10:57:39","h":"Ouest","s":"25N-H54NV10S-82-S"},{"r":"187","t":"10:57:39","h":"Ouest","s":"25N-H54NV20S-80-S"},{"r":"187","t":"10:57:39","h":"Ouest","s":"25S-H54S000S-82-S"},{"r":"187","t":"11:12:39","h":"Ouest","s":"25N-H54N000S-80-S"},{"r":"187","t":"11:12:39","h":"Ouest","s":"25N-H54NV10S-82-S"},{"r":"187","t":"11:12:39","h":"Ouest","s":"25N-H54NV20S-80-S"},{"r":"187","t":"11:12:39","h":"Ouest","s":"25S-H54S000S-82-S"},{"r":"187","t":"11:16:39","h":"Ouest","s":"25N-H54N000A-80-A"},{"r":"187","t":"11:16:39","h":"Ouest","s":"25N-H54NV10A-80-A"},{"r":"187","t":"11:16:39","h":"Ouest","s":"25N-H54NV20A-80-A"},{"r":"187","t":"11:16:39","h":"Ouest","s":"25S-H54S000A-83-A"},{"r":"187","t":"11:17:16","h":"Ouest","s":"25N-H54N000I-80-I"},{"r":"187","t":"11:17:16","h":"Ouest","s":"25N-H54N100F-80-F1"},{"r":"187","t":"11:17:16","h":"Ouest","s":"25N-H54N200F-80-F2"},{"r":"187","t":"11:17:16","h":"Ouest","s":"25N-H54N300F-80-F3"},{"r":"187","t":"11:17:16","h":"Ouest","s":"25N-H54N400F-80-F4"},{"r":"187","t":"11:17:16","h":"Ouest","s":"25N-H54NV10I-80-I"},{"r":"187","t":"11:17:16","h":"Ouest","s":"25N-H54NV20I-80-I"},{"r":"187","t":"11:17:16","h":"Ouest","s":"25S-H54S000I-82-I"},{"r":"187","t":"11:17:16","h":"Ouest","s":"25S-H54S100F-80-F1"},{"r":"187","t":"11:17:16","h":"Ouest","s":"25S-H54S200F-80-F2"},{"r":"187","t":"11:27:39","h":"Ouest","s":"25N-H54N000S-80-S"},{"r":"187","t":"11:27:39","h":"Ouest","s":"25N-H54NV10S-82-S"},{"r":"187","t":"11:27:39","h":"Ouest","s":"25N-H54NV20S-80-S"},{"r":"187","t":"11:27:39","h":"Ouest","s":"25S-H54S000S-82-S"},{"r":"187","t":"11:37:39","h":"Ouest","s":"25N-H54N000A-80-A"},{"r":"187","t":"11:37:39","h":"Ouest","s":"25N-H54NV10A-80-A"},{"r":"187","t":"11:37:39","h":"Ouest","s":"25N-H54NV20A-80-A"},{"r":"187","t":"11:37:39","h":"Ouest","s":"25S-H54S000A-83-A"},{"r":"187","t":"11:42:39","h":"Ouest","s":"25N-H54N000S-80-S"},{"r":"187","t":"11:42:39","h":"Ouest","s":"25N-H54NV10S-82-S"},{"r":"187","t":"11:42:39","h":"Ouest","s":"25N-H54NV20S-80-S"},{"r":"187","t":"11:42:39","h":"Ouest","s":"25S-H54S000S-82-S"},{"r":"187","t":"11:46:16","h":"Ouest","s":"25N-H54N000I-80-I"},{"r":"187","t":"11:46:16","h":"Ouest","s":"25N-H54N100F-80-F1"},{"r":"187","t":"11:46:16","h":"Ouest","s":"25N-H54N200F-80-F2"},{"r":"187","t":"11:46:16","h":"Ouest","s":"25N-H54N300F-80-F3"},{"r":"187","t":"11:46:16","h":"Ouest","s":"25N-H54N400F-80-F4"},{"r":"187","t":"11:46:16","h":"Ouest","s":"25N-H54NV10I-80-I"},{"r":"187","t":"11:46:16","h":"Ouest","s":"25N-H54NV20I-80-I"},{"r":"187","t":"11:46:16","h":"Ouest","s":"25S-H54S000I-82-I"},{"r":"187","t":"11:46:16","h":"Ouest","s":"25S-H54S100F-80-F1"},{"r":"187","t":"11:46:16","h":"Ouest","s":"25S-H54S200F-80-F2"},{"r":"187","t":"11:58:39","h":"Ouest","s":"25N-H54N000A-80-A"},{"r":"187","t":"11:58:39","h":"Ouest","s":"25N-H54N000S-80-S"},{"r":"187","t":"11:58:39","h":"Ouest","s":"25N-H54NV10A-80-A"},{"r":"187","t":"11:58:39","h":"Ouest","s":"25N-H54NV10S-82-S"},{"r":"187","t":"11:58:39","h":"Ouest","s":"25N-H54NV20A-80-A"},{"r":"187","t":"11:58:39","h":"Ouest","s":"25N-H54NV20S-80-S"},{"r":"187","t":"11:58:39","h":"Ouest","s":"25S-H54S000A-83-A"},{"r":"187","t":"11:58:39","h":"Ouest","s":"25S-H54S000S-82-S"},{"r":"187","t":"12:16:16","h":"Ouest","s":"25N-H54N000I-80-I"},{"r":"187","t":"12:16:16","h":"Ouest","s":"25N-H54N100F-80-F1"},{"r":"187","t":"12:16:16","h":"Ouest","s":"25N-H54N200F-80-F2"},{"r":"187","t":"12:16:16","h":"Ouest","s":"25N-H54N300F-80-F3"},{"r":"187","t":"12:16:16","h":"Ouest","s":"25N-H54N400F-80-F4"},{"r":"187","t":"12:16:16","h":"Ouest","s":"25N-H54NV10I-80-I"},{"r":"187","t":"12:16:16","h":"Ouest","s":"25N-H54NV20I-80-I"},{"r":"187","t":"12:16:16","h":"Ouest","s":"25S-H54S000I-82-I"},{"r":"187","t":"12:16:16","h":"Ouest","s":"25S-H54S100F-80-F1"},{"r":"187","t":"12:16:16","h":"Ouest","s":"25S-H54S200F-80-F2"},{"r":"187","t":"12:16:39","h":"Ouest","s":"25N-H54N000S-80-S"},{"r":"187","t":"12:16:39","h":"Ouest","s":"25N-H54NV10S-82-S"},{"r":"187","t":"12:16:39","h":"Ouest","s":"25N-H54NV20S-80-S"},{"r":"187","t":"12:16:39","h":"Ouest","s":"25S-H54S000S-82-S"},{"r":"187","t":"12:20:39","h":"Ouest","s":"25N-H54N000A-80-A"},{"r":"187","t":"12:20:39","h":"Ouest","s":"25N-H54NV10A-80-A"},{"r":"187","t":"12:20:39","h":"Ouest","s":"25N-H54NV20A-80-A"},{"r":"187","t":"12:20:39","h":"Ouest","s":"25S-H54S000A-83-A"},{"r":"187","t":"12:34:39","h":"Ouest","s":"25N-H54N000I-80-I"},{"r":"187","t":"12:34:39","h":"Ouest","s":"25N-H54N000S-80-S"},{"r":"187","t":"12:34:39","h":"Ouest","s":"25N-H54N100F-80-F1"},{"r":"187","t":"12:34:39","h":"Ouest","s":"25N-H54N200F-80-F2"},{"r":"187","t":"12:34:39","h":"Ouest","s":"25N-H54N300F-80-F3"},{"r":"187","t":"12:34:39","h":"Ouest","s":"25N-H54N400F-80-F4"},{"r":"187","t":"12:34:39","h":"Ouest","s":"25N-H54NV10I-80-I"},{"r":"187","t":"12:34:39","h":"Ouest","s":"25N-H54NV10S-82-S"},{"r":"187","t":"12:34:39","h":"Ouest","s":"25N-H54NV20I-80-I"},{"r":"187","t":"12:34:39","h":"Ouest","s":"25N-H54NV20S-80-S"},{"r":"187","t":"12:34:39","h":"Ouest","s":"25S-H54S000I-82-I"},{"r":"187","t":"12:34:39","h":"Ouest","s":"25S-H54S000S-82-S"},{"r":"187","t":"12:34:39","h":"Ouest","s":"25S-H54S100F-80-F1"},{"r":"187","t":"12:34:39","h":"Ouest","s":"25S-H54S200F-80-F2"},{"r":"187","t":"12:43:39","h":"Ouest","s":"25N-H54N000A-80-A"},{"r":"187","t":"12:43:39","h":"Ouest","s":"25N-H54NV10A-80-A"},{"r":"187","t":"12:43:39","h":"Ouest","s":"25N-H54NV20A-80-A"},{"r":"187","t":"12:43:39","h":"Ouest","s":"25S-H54S000A-83-A"},{"r":"187","t":"12:50:39","h":"Ouest","s":"25N-H54N000S-80-S"},{"r":"187","t":"12:50:39","h":"Ouest","s":"25N-H54NV10S-82-S"},{"r":"187","t":"12:50:39","h":"Ouest","s":"25N-H54NV20S-80-S"},{"r":"187","t":"12:50:39","h":"Ouest","s":"25S-H54S000S-82-S"},{"r":"187","t":"12:51:39","h":"Ouest","s":"25N-H54N000I-80-I"},{"r":"187","t":"12:51:39","h":"Ouest","s":"25N-H54N100F-80-F1"},{"r":"187","t":"12:51:39","h":"Ouest","s":"25N-H54N200F-80-F2"},{"r":"187","t":"12:51:39","h":"Ouest","s":"25N-H54N300F-80-F3"},{"r":"187","t":"12:51:39","h":"Ouest","s":"25N-H54N400F-80-F4"},{"r":"187","t":"12:51:39","h":"Ouest","s":"25N-H54NV10I-80-I"},{"r":"187","t":"12:51:39","h":"Ouest","s":"25N-H54NV20I-80-I"},{"r":"187","t":"12:51:39","h":"Ouest","s":"25S-H54S000I-82-I"},{"r":"187","t":"12:51:39","h":"Ouest","s":"25S-H54S100F-80-F1"},{"r":"187","t":"12:51:39","h":"Ouest","s":"25S-H54S200F-80-F2"},{"r":"187","t":"13:04:39","h":"Ouest","s":"25N-H54N000A-80-A"},{"r":"187","t":"13:04:39","h":"Ouest","s":"25N-H54NV10A-80-A"},{"r":"187","t":"13:04:39","h":"Ouest","s":"25N-H54NV20A-80-A"},{"r":"187","t":"13:04:39","h":"Ouest","s":"25S-H54S000A-83-A"},{"r":"187","t":"13:06:39","h":"Ouest","s":"25N-H54N000S-80-S"},{"r":"187","t":"13:06:39","h":"Ouest","s":"25N-H54NV10S-82-S"},{"r":"187","t":"13:06:39","h":"Ouest","s":"25N-H54NV20S-80-S"},{"r":"187","t":"13:06:39","h":"Ouest","s":"25S-H54S000S-82-S"},{"r":"187","t":"13:08:39","h":"Ouest","s":"25N-H54N000I-80-I"},{"r":"187","t":"13:08:39","h":"Ouest","s":"25N-H54N100F-80-F1"},{"r":"187","t":"13:08:39","h":"Ouest","s":"25N-H54N200F-80-F2"},{"r":"187","t":"13:08:39","h":"Ouest","s":"25N-H54N300F-80-F3"},{"r":"187","t":"13:08:39","h":"Ouest","s":"25N-H54N400F-80-F4"},{"r":"187","t":"13:08:39","h":"Ouest","s":"25N-H54NV10I-80-I"},{"r":"187","t":"13:08:39","h":"Ouest","s":"25N-H54NV20I-80-I"},{"r":"187","t":"13:08:39","h":"Ouest","s":"25S-H54S000I-82-I"},{"r":"187","t":"13:08:39","h":"Ouest","s":"25S-H54S100F-80-F1"},{"r":"187","t":"13:08:39","h":"Ouest","s":"25S-H54S200F-80-F2"},{"r":"187","t":"13:22:39","h":"Ouest","s":"25N-H54N000S-80-S"},{"r":"187","t":"13:22:39","h":"Ouest","s":"25N-H54NV10S-82-S"},{"r":"187","t":"13:22:39","h":"Ouest","s":"25N-H54NV20S-80-S"},{"r":"187","t":"13:22:39","h":"Ouest","s":"25S-H54S000S-82-S"},{"r":"187","t":"13:23:39","h":"Ouest","s":"25N-H54N000A-80-A"},{"r":"187","t":"13:23:39","h":"Ouest","s":"25N-H54NV10A-80-A"},{"r":"187","t":"13:23:39","h":"Ouest","s":"25N-H54NV20A-80-A"},{"r":"187","t":"13:23:39","h":"Ouest","s":"25S-H54S000A-83-A"},{"r":"187","t":"13:25:39","h":"Ouest","s":"25N-H54N000I-80-I"},{"r":"187","t":"13:25:39","h":"Ouest","s":"25N-H54N100F-80-F1"},{"r":"187","t":"13:25:39","h":"Ouest","s":"25N-H54N200F-80-F2"},{"r":"187","t":"13:25:39","h":"Ouest","s":"25N-H54N300F-80-F3"},{"r":"187","t":"13:25:39","h":"Ouest","s":"25N-H54N400F-80-F4"},{"r":"187","t":"13:25:39","h":"Ouest","s":"25N-H54NV10I-80-I"},{"r":"187","t":"13:25:39","h":"Ouest","s":"25N-H54NV20I-80-I"},{"r":"187","t":"13:25:39","h":"Ouest","s":"25S-H54S000I-82-I"},{"r":"187","t":"13:25:39","h":"Ouest","s":"25S-H54S100F-80-F1"},{"r":"187","t":"13:25:39","h":"Ouest","s":"25S-H54S200F-80-F2"},{"r":"187","t":"13:38:39","h":"Ouest","s":"25N-H54N000S-80-S"},{"r":"187","t":"13:38:39","h":"Ouest","s":"25N-H54NV10S-82-S"},{"r":"187","t":"13:38:39","h":"Ouest","s":"25N-H54NV20S-80-S"},{"r":"187","t":"13:38:39","h":"Ouest","s":"25S-H54S000S-82-S"},{"r":"187","t":"13:42:39","h":"Ouest","s":"25N-H54N000A-80-A"},{"r":"187","t":"13:42:39","h":"Ouest","s":"25N-H54NV10A-80-A"},{"r":"187","t":"13:42:39","h":"Ouest","s":"25N-H54NV20A-80-A"},{"r":"187","t":"13:42:39","h":"Ouest","s":"25S-H54S000A-83-A"},{"r":"187","t":"13:50:39","h":"Ouest","s":"25N-H54N000I-80-I"},{"r":"187","t":"13:50:39","h":"Ouest","s":"25N-H54N100F-80-F1"},{"r":"187","t":"13:50:39","h":"Ouest","s":"25N-H54N200F-80-F2"},{"r":"187","t":"13:50:39","h":"Ouest","s":"25N-H54N300F-80-F3"},{"r":"187","t":"13:50:39","h":"Ouest","s":"25N-H54N400F-80-F4"},{"r":"187","t":"13:50:39","h":"Ouest","s":"25N-H54NV10I-80-I"},{"r":"187","t":"13:50:39","h":"Ouest","s":"25N-H54NV20I-80-I"},{"r":"187","t":"13:50:39","h":"Ouest","s":"25S-H54S000I-82-I"},{"r":"187","t":"13:50:39","h":"Ouest","s":"25S-H54S100F-80-F1"},{"r":"187","t":"13:50:39","h":"Ouest","s":"25S-H54S200F-80-F2"},{"r":"187","t":"13:56:39","h":"Ouest","s":"25N-H54N000S-80-S"},{"r":"187","t":"13:56:39","h":"Ouest","s":"25N-H54NV10S-82-S"},{"r":"187","t":"13:56:39","h":"Ouest","s":"25N-H54NV20S-80-S"},{"r":"187","t":"13:56:39","h":"Ouest","s":"25S-H54S000S-82-S"},{"r":"187","t":"14:01:39","h":"Ouest","s":"25N-H54N000A-80-A"},{"r":"187","t":"14:01:39","h":"Ouest","s":"25N-H54NV10A-80-A"},{"r":"187","t":"14:01:39","h":"Ouest","s":"25N-H54NV20A-80-A"},{"r":"187","t":"14:01:39","h":"Ouest","s":"25S-H54S000A-83-A"},{"r":"187","t":"14:15:39","h":"Ouest","s":"25N-H54N000S-80-S"},{"r":"187","t":"14:15:39","h":"Ouest","s":"25N-H54NV10S-82-S"},{"r":"187","t":"14:15:39","h":"Ouest","s":"25N-H54NV20S-80-S"},{"r":"187","t":"14:15:39","h":"Ouest","s":"25S-H54S000S-82-S"},{"r":"187","t":"14:18:39","h":"Ouest","s":"25N-H54N000I-80-I"},{"r":"187","t":"14:18:39","h":"Ouest","s":"25N-H54N100F-80-F1"},{"r":"187","t":"14:18:39","h":"Ouest","s":"25N-H54N200F-80-F2"},{"r":"187","t":"14:18:39","h":"Ouest","s":"25N-H54N300F-80-F3"},{"r":"187","t":"14:18:39","h":"Ouest","s":"25N-H54N400F-80-F4"},{"r":"187","t":"14:18:39","h":"Ouest","s":"25N-H54NV10I-80-I"},{"r":"187","t":"14:18:39","h":"Ouest","s":"25N-H54NV20I-80-I"},{"r":"187","t":"14:18:39","h":"Ouest","s":"25S-H54S000I-82-I"},{"r":"187","t":"14:18:39","h":"Ouest","s":"25S-H54S100F-80-F1"},{"r":"187","t":"14:18:39","h":"Ouest","s":"25S-H54S200F-80-F2"},{"r":"187","t":"14:20:39","h":"Ouest","s":"25N-H54N000A-80-A"},{"r":"187","t":"14:20:39","h":"Ouest","s":"25N-H54NV10A-80-A"},{"r":"187","t":"14:20:39","h":"Ouest","s":"25N-H54NV20A-80-A"},{"r":"187","t":"14:20:39","h":"Ouest","s":"25S-H54S000A-83-A"},{"r":"187","t":"14:38:39","h":"Ouest","s":"25N-H54N000A-80-A"},{"r":"187","t":"14:38:39","h":"Ouest","s":"25N-H54N000S-80-S"},{"r":"187","t":"14:38:39","h":"Ouest","s":"25N-H54NV10A-80-A"},{"r":"187","t":"14:38:39","h":"Ouest","s":"25N-H54NV10S-82-S"},{"r":"187","t":"14:38:39","h":"Ouest","s":"25N-H54NV20A-80-A"},{"r":"187","t":"14:38:39","h":"Ouest","s":"25N-H54NV20S-80-S"},{"r":"187","t":"14:38:39","h":"Ouest","s":"25S-H54S000A-83-A"},{"r":"187","t":"14:38:39","h":"Ouest","s":"25S-H54S000S-82-S"},{"r":"187","t":"14:48:39","h":"Ouest","s":"25N-H54N000I-80-I"},{"r":"187","t":"14:48:39","h":"Ouest","s":"25N-H54N100F-80-F1"},{"r":"187","t":"14:48:39","h":"Ouest","s":"25N-H54N200F-80-F2"},{"r":"187","t":"14:48:39","h":"Ouest","s":"25N-H54N300F-80-F3"},{"r":"187","t":"14:48:39","h":"Ouest","s":"25N-H54N400F-80-F4"},{"r":"187","t":"14:48:39","h":"Ouest","s":"25N-H54NV10I-80-I"},{"r":"187","t":"14:48:39","h":"Ouest","s":"25N-H54NV20I-80-I"},{"r":"187","t":"14:48:39","h":"Ouest","s":"25S-H54S000I-82-I"},{"r":"187","t":"14:48:39","h":"Ouest","s":"25S-H54S100F-80-F1"},{"r":"187","t":"14:48:39","h":"Ouest","s":"25S-H54S200F-80-F2"},{"r":"187","t":"14:56:39","h":"Ouest","s":"25N-H54N000A-80-A"},{"r":"187","t":"14:56:39","h":"Ouest","s":"25N-H54NV10A-80-A"},{"r":"187","t":"14:56:39","h":"Ouest","s":"25N-H54NV20A-80-A"},{"r":"187","t":"14:56:39","h":"Ouest","s":"25S-H54S000A-83-A"},{"r":"187","t":"15:02:39","h":"Ouest","s":"25N-H54N000S-80-S"},{"r":"187","t":"15:02:39","h":"Ouest","s":"25N-H54NV10S-82-S"},{"r":"187","t":"15:02:39","h":"Ouest","s":"25N-H54NV20S-80-S"},{"r":"187","t":"15:02:39","h":"Ouest","s":"25S-H54S000S-82-S"},{"r":"187","t":"15:14:39","h":"Ouest","s":"25N-H54N000A-80-A"},{"r":"187","t":"15:14:39","h":"Ouest","s":"25N-H54NV10A-80-A"},{"r":"187","t":"15:14:39","h":"Ouest","s":"25N-H54NV20A-80-A"},{"r":"187","t":"15:14:39","h":"Ouest","s":"25S-H54S000A-83-A"},{"r":"187","t":"15:19:39","h":"Ouest","s":"25N-H54N000I-80-I"},{"r":"187","t":"15:19:39","h":"Ouest","s":"25N-H54N100F-80-F1"},{"r":"187","t":"15:19:39","h":"Ouest","s":"25N-H54N200F-80-F2"},{"r":"187","t":"15:19:39","h":"Ouest","s":"25N-H54N300F-80-F3"},{"r":"187","t":"15:19:39","h":"Ouest","s":"25N-H54N400F-80-F4"},{"r":"187","t":"15:19:39","h":"Ouest","s":"25N-H54NV10I-80-I"},{"r":"187","t":"15:19:39","h":"Ouest","s":"25N-H54NV20I-80-I"},{"r":"187","t":"15:19:39","h":"Ouest","s":"25S-H54S000I-82-I"},{"r":"187","t":"15:19:39","h":"Ouest","s":"25S-H54S100F-80-F1"},{"r":"187","t":"15:19:39","h":"Ouest","s":"25S-H54S200F-80-F2"},{"r":"187","t":"15:30:39","h":"Ouest","s":"25N-H54N000S-80-S"},{"r":"187","t":"15:30:39","h":"Ouest","s":"25N-H54NV10S-82-S"},{"r":"187","t":"15:30:39","h":"Ouest","s":"25N-H54NV20S-80-S"},{"r":"187","t":"15:30:39","h":"Ouest","s":"25S-H54S000S-82-S"},{"r":"187","t":"15:38:39","h":"Ouest","s":"25N-H54N000A-80-A"},{"r":"187","t":"15:38:39","h":"Ouest","s":"25N-H54NV10A-80-A"},{"r":"187","t":"15:38:39","h":"Ouest","s":"25N-H54NV20A-80-A"},{"r":"187","t":"15:38:39","h":"Ouest","s":"25S-H54S000A-83-A"},{"r":"187","t":"15:51:39","h":"Ouest","s":"25N-H54N000I-80-I"},{"r":"187","t":"15:51:39","h":"Ouest","s":"25N-H54N100F-80-F1"},{"r":"187","t":"15:51:39","h":"Ouest","s":"25N-H54N200F-80-F2"},{"r":"187","t":"15:51:39","h":"Ouest","s":"25N-H54N300F-80-F3"},{"r":"187","t":"15:51:39","h":"Ouest","s":"25N-H54N400F-80-F4"},{"r":"187","t":"15:51:39","h":"Ouest","s":"25N-H54NV10I-80-I"},{"r":"187","t":"15:51:39","h":"Ouest","s":"25N-H54NV20I-80-I"},{"r":"187","t":"15:51:39","h":"Ouest","s":"25S-H54S000I-82-I"},{"r":"187","t":"15:51:39","h":"Ouest","s":"25S-H54S100F-80-F1"},{"r":"187","t":"15:51:39","h":"Ouest","s":"25S-H54S200F-80-F2"},{"r":"187","t":"15:58:39","h":"Ouest","s":"25N-H54N000S-80-S"},{"r":"187","t":"15:58:39","h":"Ouest","s":"25N-H54NV10S-82-S"},{"r":"187","t":"15:58:39","h":"Ouest","s":"25N-H54NV20S-80-S"},{"r":"187","t":"15:58:39","h":"Ouest","s":"25S-H54S000S-82-S"},{"r":"187","t":"16:05:39","h":"Ouest","s":"25N-H54N000A-80-A"},{"r":"187","t":"16:05:39","h":"Ouest","s":"25N-H54NV10A-80-A"},{"r":"187","t":"16:05:39","h":"Ouest","s":"25N-H54NV20A-80-A"},{"r":"187","t":"16:05:39","h":"Ouest","s":"25S-H54S000A-83-A"},{"r":"187","t":"16:23:39","h":"Ouest","s":"25N-H54N000I-80-I"},{"r":"187","t":"16:23:39","h":"Ouest","s":"25N-H54N100F-80-F1"},{"r":"187","t":"16:23:39","h":"Ouest","s":"25N-H54N200F-80-F2"},{"r":"187","t":"16:23:39","h":"Ouest","s":"25N-H54N300F-80-F3"},{"r":"187","t":"16:23:39","h":"Ouest","s":"25N-H54N400F-80-F4"},{"r":"187","t":"16:23:39","h":"Ouest","s":"25N-H54NV10I-80-I"},{"r":"187","t":"16:23:39","h":"Ouest","s":"25N-H54NV20I-80-I"},{"r":"187","t":"16:23:39","h":"Ouest","s":"25S-H54S000I-82-I"},{"r":"187","t":"16:23:39","h":"Ouest","s":"25S-H54S100F-80-F1"},{"r":"187","t":"16:23:39","h":"Ouest","s":"25S-H54S200F-80-F2"},{"r":"187","t":"16:25:39","h":"Ouest","s":"25N-H54N000S-80-S"},{"r":"187","t":"16:25:39","h":"Ouest","s":"25N-H54NV10S-82-S"},{"r":"187","t":"16:25:39","h":"Ouest","s":"25N-H54NV20S-80-S"},{"r":"187","t":"16:25:39","h":"Ouest","s":"25S-H54S000S-82-S"},{"r":"187","t":"16:34:39","h":"Ouest","s":"25N-H54N000A-80-A"},{"r":"187","t":"16:34:39","h":"Ouest","s":"25N-H54NV10A-80-A"},{"r":"187","t":"16:34:39","h":"Ouest","s":"25N-H54NV20A-80-A"},{"r":"187","t":"16:34:39","h":"Ouest","s":"25S-H54S000A-83-A"},{"r":"187","t":"16:53:39","h":"Ouest","s":"25N-H54N000S-80-S"},{"r":"187","t":"16:53:39","h":"Ouest","s":"25N-H54NV10S-82-S"},{"r":"187","t":"16:53:39","h":"Ouest","s":"25N-H54NV20S-80-S"},{"r":"187","t":"16:53:39","h":"Ouest","s":"25S-H54S000S-82-S"},{"r":"187","t":"16:56:39","h":"Ouest","s":"25N-H54N000I-80-I"},{"r":"187","t":"16:56:39","h":"Ouest","s":"25N-H54N100F-80-F1"},{"r":"187","t":"16:56:39","h":"Ouest","s":"25N-H54N200F-80-F2"},{"r":"187","t":"16:56:39","h":"Ouest","s":"25N-H54N300F-80-F3"},{"r":"187","t":"16:56:39","h":"Ouest","s":"25N-H54N400F-80-F4"},{"r":"187","t":"16:56:39","h":"Ouest","s":"25N-H54NV10I-80-I"},{"r":"187","t":"16:56:39","h":"Ouest","s":"25N-H54NV20I-80-I"},{"r":"187","t":"16:56:39","h":"Ouest","s":"25S-H54S000I-82-I"},{"r":"187","t":"16:56:39","h":"Ouest","s":"25S-H54S100F-80-F1"},{"r":"187","t":"16:56:39","h":"Ouest","s":"25S-H54S200F-80-F2"},{"r":"187","t":"17:03:39","h":"Ouest","s":"25N-H54N000A-80-A"},{"r":"187","t":"17:03:39","h":"Ouest","s":"25N-H54NV10A-80-A"},{"r":"187","t":"17:03:39","h":"Ouest","s":"25N-H54NV20A-80-A"},{"r":"187","t":"17:03:39","h":"Ouest","s":"25S-H54S000A-83-A"},{"r":"187","t":"17:22:39","h":"Ouest","s":"25N-H54N000S-80-S"},{"r":"187","t":"17:22:39","h":"Ouest","s":"25N-H54NV10S-82-S"},{"r":"187","t":"17:22:39","h":"Ouest","s":"25N-H54NV20S-80-S"},{"r":"187","t":"17:22:39","h":"Ouest","s":"25S-H54S000S-82-S"},{"r":"187","t":"17:29:39","h":"Ouest","s":"25N-H54N000I-80-I"},{"r":"187","t":"17:29:39","h":"Ouest","s":"25N-H54N100F-80-F1"},{"r":"187","t":"17:29:39","h":"Ouest","s":"25N-H54N200F-80-F2"},{"r":"187","t":"17:29:39","h":"Ouest","s":"25N-H54N300F-80-F3"},{"r":"187","t":"17:29:39","h":"Ouest","s":"25N-H54N400F-80-F4"},{"r":"187","t":"17:29:39","h":"Ouest","s":"25N-H54NV10I-80-I"},{"r":"187","t":"17:29:39","h":"Ouest","s":"25N-H54NV20I-80-I"},{"r":"187","t":"17:29:39","h":"Ouest","s":"25S-H54S000I-82-I"},{"r":"187","t":"17:29:39","h":"Ouest","s":"25S-H54S100F-80-F1"},{"r":"187","t":"17:29:39","h":"Ouest","s":"25S-H54S200F-80-F2"},{"r":"187","t":"17:32:39","h":"Ouest","s":"25N-H54N000A-80-A"},{"r":"187","t":"17:32:39","h":"Ouest","s":"25N-H54NV10A-80-A"},{"r":"187","t":"17:32:39","h":"Ouest","s":"25N-H54NV20A-80-A"},{"r":"187","t":"17:32:39","h":"Ouest","s":"25S-H54S000A-83-A"},{"r":"187","t":"17:51:39","h":"Ouest","s":"25N-H54N000S-80-S"},{"r":"187","t":"17:51:39","h":"Ouest","s":"25N-H54NV10S-82-S"},{"r":"187","t":"17:51:39","h":"Ouest","s":"25N-H54NV20S-80-S"},{"r":"187","t":"17:51:39","h":"Ouest","s":"25S-H54S000S-82-S"},{"r":"187","t":"18:01:39","h":"Ouest","s":"25N-H54N000A-80-A"},{"r":"187","t":"18:01:39","h":"Ouest","s":"25N-H54NV10A-80-A"},{"r":"187","t":"18:01:39","h":"Ouest","s":"25N-H54NV20A-80-A"},{"r":"187","t":"18:01:39","h":"Ouest","s":"25S-H54S000A-83-A"},{"r":"187","t":"18:02:39","h":"Ouest","s":"25N-H54N000I-80-I"},{"r":"187","t":"18:02:39","h":"Ouest","s":"25N-H54N100F-80-F1"},{"r":"187","t":"18:02:39","h":"Ouest","s":"25N-H54N200F-80-F2"},{"r":"187","t":"18:02:39","h":"Ouest","s":"25N-H54N300F-80-F3"},{"r":"187","t":"18:02:39","h":"Ouest","s":"25N-H54N400F-80-F4"},{"r":"187","t":"18:02:39","h":"Ouest","s":"25N-H54NV10I-80-I"},{"r":"187","t":"18:02:39","h":"Ouest","s":"25N-H54NV20I-80-I"},{"r":"187","t":"18:02:39","h":"Ouest","s":"25S-H54S000I-82-I"},{"r":"187","t":"18:02:39","h":"Ouest","s":"25S-H54S100F-80-F1"},{"r":"187","t":"18:02:39","h":"Ouest","s":"25S-H54S200F-80-F2"},{"r":"187","t":"18:21:39","h":"Ouest","s":"25N-H54N000S-80-S"},{"r":"187","t":"18:21:39","h":"Ouest","s":"25N-H54NV10S-82-S"},{"r":"187","t":"18:21:39","h":"Ouest","s":"25N-H54NV20S-80-S"},{"r":"187","t":"18:21:39","h":"Ouest","s":"25S-H54S000S-82-S"},{"r":"187","t":"18:30:39","h":"Ouest","s":"25N-H54N000A-80-A"},{"r":"187","t":"18:30:39","h":"Ouest","s":"25N-H54NV10A-80-A"},{"r":"187","t":"18:30:39","h":"Ouest","s":"25N-H54NV20A-80-A"},{"r":"187","t":"18:30:39","h":"Ouest","s":"25S-H54S000A-83-A"},{"r":"187","t":"18:35:39","h":"Ouest","s":"25N-H54N000I-80-I"},{"r":"187","t":"18:35:39","h":"Ouest","s":"25N-H54N100F-80-F1"},{"r":"187","t":"18:35:39","h":"Ouest","s":"25N-H54N200F-80-F2"},{"r":"187","t":"18:35:39","h":"Ouest","s":"25N-H54N300F-80-F3"},{"r":"187","t":"18:35:39","h":"Ouest","s":"25N-H54N400F-80-F4"},{"r":"187","t":"18:35:39","h":"Ouest","s":"25N-H54NV10I-80-I"},{"r":"187","t":"18:35:39","h":"Ouest","s":"25N-H54NV20I-80-I"},{"r":"187","t":"18:35:39","h":"Ouest","s":"25S-H54S000I-82-I"},{"r":"187","t":"18:35:39","h":"Ouest","s":"25S-H54S100F-80-F1"},{"r":"187","t":"18:35:39","h":"Ouest","s":"25S-H54S200F-80-F2"},{"r":"187","t":"18:51:16","h":"Ouest","s":"25N-H54N000S-80-S"},{"r":"187","t":"18:51:16","h":"Ouest","s":"25N-H54NV10S-82-S"},{"r":"187","t":"18:51:16","h":"Ouest","s":"25N-H54NV20S-80-S"},{"r":"187","t":"18:51:16","h":"Ouest","s":"25S-H54S000S-82-S"},{"r":"187","t":"19:02:39","h":"Ouest","s":"25N-H54N000A-80-A"},{"r":"187","t":"19:02:39","h":"Ouest","s":"25N-H54NV10A-80-A"},{"r":"187","t":"19:02:39","h":"Ouest","s":"25N-H54NV20A-80-A"},{"r":"187","t":"19:02:39","h":"Ouest","s":"25S-H54S000A-83-A"},{"r":"187","t":"19:08:16","h":"Ouest","s":"25N-H54N000I-80-I"},{"r":"187","t":"19:08:16","h":"Ouest","s":"25N-H54N100F-80-F1"},{"r":"187","t":"19:08:16","h":"Ouest","s":"25N-H54N200F-80-F2"},{"r":"187","t":"19:08:16","h":"Ouest","s":"25N-H54N300F-80-F3"},{"r":"187","t":"19:08:16","h":"Ouest","s":"25N-H54N400F-80-F4"},{"r":"187","t":"19:08:16","h":"Ouest","s":"25N-H54NV10I-80-I"},{"r":"187","t":"19:08:16","h":"Ouest","s":"25N-H54NV20I-80-I"},{"r":"187","t":"19:08:16","h":"Ouest","s":"25S-H54S000I-82-I"},{"r":"187","t":"19:08:16","h":"Ouest","s":"25S-H54S100F-80-F1"},{"r":"187","t":"19:08:16","h":"Ouest","s":"25S-H54S200F-80-F2"},{"r":"187","t":"19:20:16","h":"Ouest","s":"25N-H54N000S-80-S"},{"r":"187","t":"19:20:16","h":"Ouest","s":"25N-H54NV10S-82-S"},{"r":"187","t":"19:20:16","h":"Ouest","s":"25N-H54NV20S-80-S"},{"r":"187","t":"19:20:16","h":"Ouest","s":"25S-H54S000S-82-S"},{"r":"187","t":"19:34:39","h":"Ouest","s":"25N-H54N000A-80-A"},{"r":"187","t":"19:34:39","h":"Ouest","s":"25N-H54NV10A-80-A"},{"r":"187","t":"19:34:39","h":"Ouest","s":"25N-H54NV20A-80-A"},{"r":"187","t":"19:34:39","h":"Ouest","s":"25S-H54S000A-83-A"},{"r":"187","t":"19:36:16","h":"Ouest","s":"25N-H54N000I-80-I"},{"r":"187","t":"19:36:16","h":"Ouest","s":"25N-H54N100F-80-F1"},{"r":"187","t":"19:36:16","h":"Ouest","s":"25N-H54N200F-80-F2"},{"r":"187","t":"19:36:16","h":"Ouest","s":"25N-H54N300F-80-F3"},{"r":"187","t":"19:36:16","h":"Ouest","s":"25N-H54N400F-80-F4"},{"r":"187","t":"19:36:16","h":"Ouest","s":"25N-H54NV10I-80-I"},{"r":"187","t":"19:36:16","h":"Ouest","s":"25N-H54NV20I-80-I"},{"r":"187","t":"19:36:16","h":"Ouest","s":"25S-H54S000I-82-I"},{"r":"187","t":"19:36:16","h":"Ouest","s":"25S-H54S100F-80-F1"},{"r":"187","t":"19:36:16","h":"Ouest","s":"25S-H54S200F-80-F2"},{"r":"187","t":"19:50:16","h":"Ouest","s":"25N-H54N000S-80-S"},{"r":"187","t":"19:50:16","h":"Ouest","s":"25N-H54NV10S-82-S"},{"r":"187","t":"19:50:16","h":"Ouest","s":"25N-H54NV20S-80-S"},{"r":"187","t":"19:50:16","h":"Ouest","s":"25S-H54S000S-82-S"},{"r":"187","t":"20:04:16","h":"Ouest","s":"25N-H54N000I-80-I"},{"r":"187","t":"20:04:16","h":"Ouest","s":"25N-H54N100F-80-F1"},{"r":"187","t":"20:04:16","h":"Ouest","s":"25N-H54N200F-80-F2"},{"r":"187","t":"20:04:16","h":"Ouest","s":"25N-H54N300F-80-F3"},{"r":"187","t":"20:04:16","h":"Ouest","s":"25N-H54N400F-80-F4"},{"r":"187","t":"20:04:16","h":"Ouest","s":"25N-H54NV10I-80-I"},{"r":"187","t":"20:04:16","h":"Ouest","s":"25N-H54NV20I-80-I"},{"r":"187","t":"20:04:16","h":"Ouest","s":"25S-H54S000I-82-I"},{"r":"187","t":"20:04:16","h":"Ouest","s":"25S-H54S100F-80-F1"},{"r":"187","t":"20:04:16","h":"Ouest","s":"25S-H54S200F-80-F2"},{"r":"187","t":"20:07:39","h":"Ouest","s":"25N-H54N000A-80-A"},{"r":"187","t":"20:07:39","h":"Ouest","s":"25N-H54NV10A-80-A"},{"r":"187","t":"20:07:39","h":"Ouest","s":"25N-H54NV20A-80-A"},{"r":"187","t":"20:07:39","h":"Ouest","s":"25S-H54S000A-83-A"},{"r":"187","t":"20:19:16","h":"Ouest","s":"25N-H54N000S-80-S"},{"r":"187","t":"20:19:16","h":"Ouest","s":"25N-H54NV10S-82-S"},{"r":"187","t":"20:19:16","h":"Ouest","s":"25N-H54NV20S-80-S"},{"r":"187","t":"20:19:16","h":"Ouest","s":"25S-H54S000S-82-S"},{"r":"187","t":"20:31:16","h":"Ouest","s":"25N-H54N000I-80-I"},{"r":"187","t":"20:31:16","h":"Ouest","s":"25N-H54N100F-80-F1"},{"r":"187","t":"20:31:16","h":"Ouest","s":"25N-H54N200F-80-F2"},{"r":"187","t":"20:31:16","h":"Ouest","s":"25N-H54N300F-80-F3"},{"r":"187","t":"20:31:16","h":"Ouest","s":"25N-H54N400F-80-F4"},{"r":"187","t":"20:31:16","h":"Ouest","s":"25N-H54NV10I-80-I"},{"r":"187","t":"20:31:16","h":"Ouest","s":"25N-H54NV20I-80-I"},{"r":"187","t":"20:31:16","h":"Ouest","s":"25S-H54S000I-82-I"},{"r":"187","t":"20:31:16","h":"Ouest","s":"25S-H54S100F-80-F1"},{"r":"187","t":"20:31:16","h":"Ouest","s":"25S-H54S200F-80-F2"},{"r":"187","t":"20:40:39","h":"Ouest","s":"25N-H54N000A-80-A"},{"r":"187","t":"20:40:39","h":"Ouest","s":"25N-H54NV10A-80-A"},{"r":"187","t":"20:40:39","h":"Ouest","s":"25N-H54NV20A-80-A"},{"r":"187","t":"20:40:39","h":"Ouest","s":"25S-H54S000A-83-A"},{"r":"187","t":"20:49:16","h":"Ouest","s":"25N-H54N000S-80-S"},{"r":"187","t":"20:49:16","h":"Ouest","s":"25N-H54NV10S-82-S"},{"r":"187","t":"20:49:16","h":"Ouest","s":"25N-H54NV20S-80-S"},{"r":"187","t":"20:49:16","h":"Ouest","s":"25S-H54S000S-82-S"},{"r":"187","t":"20:58:16","h":"Ouest","s":"25N-H54N000I-80-I"},{"r":"187","t":"20:58:16","h":"Ouest","s":"25N-H54N100F-80-F1"},{"r":"187","t":"20:58:16","h":"Ouest","s":"25N-H54N200F-80-F2"},{"r":"187","t":"20:58:16","h":"Ouest","s":"25N-H54N300F-80-F3"},{"r":"187","t":"20:58:16","h":"Ouest","s":"25N-H54N400F-80-F4"},{"r":"187","t":"20:58:16","h":"Ouest","s":"25N-H54NV10I-80-I"},{"r":"187","t":"20:58:16","h":"Ouest","s":"25N-H54NV20I-80-I"},{"r":"187","t":"20:58:16","h":"Ouest","s":"25S-H54S000I-82-I"},{"r":"187","t":"20:58:16","h":"Ouest","s":"25S-H54S100F-80-F1"},{"r":"187","t":"20:58:16","h":"Ouest","s":"25S-H54S200F-80-F2"},{"r":"187","t":"21:12:39","h":"Ouest","s":"25N-H54N000A-80-A"},{"r":"187","t":"21:12:39","h":"Ouest","s":"25N-H54NV10A-80-A"},{"r":"187","t":"21:12:39","h":"Ouest","s":"25N-H54NV20A-80-A"},{"r":"187","t":"21:12:39","h":"Ouest","s":"25S-H54S000A-83-A"},{"r":"187","t":"21:20:16","h":"Ouest","s":"25N-H54N000S-80-S"},{"r":"187","t":"21:20:16","h":"Ouest","s":"25N-H54NV10S-82-S"},{"r":"187","t":"21:20:16","h":"Ouest","s":"25N-H54NV20S-80-S"},{"r":"187","t":"21:20:16","h":"Ouest","s":"25S-H54S000S-82-S"},{"r":"187","t":"21:25:16","h":"Ouest","s":"25N-H54N000I-80-I"},{"r":"187","t":"21:25:16","h":"Ouest","s":"25N-H54N100F-80-F1"},{"r":"187","t":"21:25:16","h":"Ouest","s":"25N-H54N200F-80-F2"},{"r":"187","t":"21:25:16","h":"Ouest","s":"25N-H54N300F-80-F3"},{"r":"187","t":"21:25:16","h":"Ouest","s":"25N-H54N400F-80-F4"},{"r":"187","t":"21:25:16","h":"Ouest","s":"25N-H54NV10I-80-I"},{"r":"187","t":"21:25:16","h":"Ouest","s":"25N-H54NV20I-80-I"},{"r":"187","t":"21:25:16","h":"Ouest","s":"25S-H54S000I-82-I"},{"r":"187","t":"21:25:16","h":"Ouest","s":"25S-H54S100F-80-F1"},{"r":"187","t":"21:25:16","h":"Ouest","s":"25S-H54S200F-80-F2"},{"r":"187","t":"21:42:39","h":"Ouest","s":"25N-H54N000A-80-A"},{"r":"187","t":"21:42:39","h":"Ouest","s":"25N-H54NV10A-80-A"},{"r":"187","t":"21:42:39","h":"Ouest","s":"25N-H54NV20A-80-A"},{"r":"187","t":"21:42:39","h":"Ouest","s":"25S-H54S000A-83-A"},{"r":"187","t":"21:50:16","h":"Ouest","s":"25N-H54N000S-80-S"},{"r":"187","t":"21:50:16","h":"Ouest","s":"25N-H54NV10S-82-S"},{"r":"187","t":"21:50:16","h":"Ouest","s":"25N-H54NV20S-80-S"},{"r":"187","t":"21:50:16","h":"Ouest","s":"25S-H54S000S-82-S"},{"r":"187","t":"21:52:16","h":"Ouest","s":"25N-H54N000I-80-I"},{"r":"187","t":"21:52:16","h":"Ouest","s":"25N-H54N100F-80-F1"},{"r":"187","t":"21:52:16","h":"Ouest","s":"25N-H54N200F-80-F2"},{"r":"187","t":"21:52:16","h":"Ouest","s":"25N-H54N300F-80-F3"},{"r":"187","t":"21:52:16","h":"Ouest","s":"25N-H54N400F-80-F4"},{"r":"187","t":"21:52:16","h":"Ouest","s":"25N-H54NV10I-80-I"},{"r":"187","t":"21:52:16","h":"Ouest","s":"25N-H54NV20I-80-I"},{"r":"187","t":"21:52:16","h":"Ouest","s":"25S-H54S000I-82-I"},{"r":"187","t":"21:52:16","h":"Ouest","s":"25S-H54S100F-80-F1"},{"r":"187","t":"21:52:16","h":"Ouest","s":"25S-H54S200F-80-F2"},{"r":"187","t":"22:12:16","h":"Ouest","s":"25N-H54N000A-80-A"},{"r":"187","t":"22:12:16","h":"Ouest","s":"25N-H54NV10A-80-A"},{"r":"187","t":"22:12:16","h":"Ouest","s":"25N-H54NV20A-80-A"},{"r":"187","t":"22:12:16","h":"Ouest","s":"25S-H54S000A-83-A"},{"r":"187","t":"22:19:16","h":"Ouest","s":"25N-H54N000I-80-I"},{"r":"187","t":"22:19:16","h":"Ouest","s":"25N-H54N100F-80-F1"},{"r":"187","t":"22:19:16","h":"Ouest","s":"25N-H54N200F-80-F2"},{"r":"187","t":"22:19:16","h":"Ouest","s":"25N-H54N300F-80-F3"},{"r":"187","t":"22:19:16","h":"Ouest","s":"25N-H54N400F-80-F4"},{"r":"187","t":"22:19:16","h":"Ouest","s":"25N-H54NV10I-80-I"},{"r":"187","t":"22:19:16","h":"Ouest","s":"25N-H54NV20I-80-I"},{"r":"187","t":"22:19:16","h":"Ouest","s":"25S-H54S000I-82-I"},{"r":"187","t":"22:19:16","h":"Ouest","s":"25S-H54S100F-80-F1"},{"r":"187","t":"22:19:16","h":"Ouest","s":"25S-H54S200F-80-F2"},{"r":"187","t":"22:20:16","h":"Ouest","s":"25N-H54N000S-80-S"},{"r":"187","t":"22:20:16","h":"Ouest","s":"25N-H54NV10S-82-S"},{"r":"187","t":"22:20:16","h":"Ouest","s":"25N-H54NV20S-80-S"},{"r":"187","t":"22:20:16","h":"Ouest","s":"25S-H54S000S-82-S"},{"r":"187","t":"22:42:16","h":"Ouest","s":"25N-H54N000A-80-A"},{"r":"187","t":"22:42:16","h":"Ouest","s":"25N-H54NV10A-80-A"},{"r":"187","t":"22:42:16","h":"Ouest","s":"25N-H54NV20A-80-A"},{"r":"187","t":"22:42:16","h":"Ouest","s":"25S-H54S000A-83-A"},{"r":"187","t":"22:46:16","h":"Ouest","s":"25N-H54N000I-80-I"},{"r":"187","t":"22:46:16","h":"Ouest","s":"25N-H54N100F-80-F1"},{"r":"187","t":"22:46:16","h":"Ouest","s":"25N-H54N200F-80-F2"},{"r":"187","t":"22:46:16","h":"Ouest","s":"25N-H54N300F-80-F3"},{"r":"187","t":"22:46:16","h":"Ouest","s":"25N-H54N400F-80-F4"},{"r":"187","t":"22:46:16","h":"Ouest","s":"25N-H54NV10I-80-I"},{"r":"187","t":"22:46:16","h":"Ouest","s":"25N-H54NV20I-80-I"},{"r":"187","t":"22:46:16","h":"Ouest","s":"25S-H54S000I-82-I"},{"r":"187","t":"22:46:16","h":"Ouest","s":"25S-H54S100F-80-F1"},{"r":"187","t":"22:46:16","h":"Ouest","s":"25S-H54S200F-80-F2"},{"r":"187","t":"22:51:16","h":"Ouest","s":"25N-H54N000S-80-S"},{"r":"187","t":"22:51:16","h":"Ouest","s":"25N-H54NV10S-82-S"},{"r":"187","t":"22:51:16","h":"Ouest","s":"25N-H54NV20S-80-S"},{"r":"187","t":"22:51:16","h":"Ouest","s":"25S-H54S000S-82-S"},{"r":"187","t":"23:12:16","h":"Ouest","s":"25N-H54N000A-80-A"},{"r":"187","t":"23:12:16","h":"Ouest","s":"25N-H54NV10A-80-A"},{"r":"187","t":"23:12:16","h":"Ouest","s":"25N-H54NV20A-80-A"},{"r":"187","t":"23:12:16","h":"Ouest","s":"25S-H54S000A-83-A"},{"r":"187","t":"23:19:16","h":"Ouest","s":"25N-H54N000I-80-I"},{"r":"187","t":"23:19:16","h":"Ouest","s":"25N-H54N100F-80-F1"},{"r":"187","t":"23:19:16","h":"Ouest","s":"25N-H54N200F-80-F2"},{"r":"187","t":"23:19:16","h":"Ouest","s":"25N-H54N300F-80-F3"},{"r":"187","t":"23:19:16","h":"Ouest","s":"25N-H54N400F-80-F4"},{"r":"187","t":"23:19:16","h":"Ouest","s":"25N-H54NV10I-80-I"},{"r":"187","t":"23:19:16","h":"Ouest","s":"25N-H54NV20I-80-I"},{"r":"187","t":"23:19:16","h":"Ouest","s":"25S-H54S000I-82-I"},{"r":"187","t":"23:19:16","h":"Ouest","s":"25S-H54S100F-80-F1"},{"r":"187","t":"23:19:16","h":"Ouest","s":"25S-H54S200F-80-F2"},{"r":"187","t":"23:22:16","h":"Ouest","s":"25N-H54N000S-80-S"},{"r":"187","t":"23:22:16","h":"Ouest","s":"25N-H54NV10S-82-S"},{"r":"187","t":"23:22:16","h":"Ouest","s":"25N-H54NV20S-80-S"},{"r":"187","t":"23:22:16","h":"Ouest","s":"25S-H54S000S-82-S"},{"r":"187","t":"23:43:16","h":"Ouest","s":"25N-H54N000A-80-A"},{"r":"187","t":"23:43:16","h":"Ouest","s":"25N-H54NV10A-80-A"},{"r":"187","t":"23:43:16","h":"Ouest","s":"25N-H54NV20A-80-A"},{"r":"187","t":"23:43:16","h":"Ouest","s":"25S-H54S000A-83-A"},{"r":"187","t":"23:51:16","h":"Ouest","s":"25N-H54N000I-80-I"},{"r":"187","t":"23:51:16","h":"Ouest","s":"25N-H54N100F-80-F1"},{"r":"187","t":"23:51:16","h":"Ouest","s":"25N-H54N200F-80-F2"},{"r":"187","t":"23:51:16","h":"Ouest","s":"25N-H54N300F-80-F3"},{"r":"187","t":"23:51:16","h":"Ouest","s":"25N-H54N400F-80-F4"},{"r":"187","t":"23:51:16","h":"Ouest","s":"25N-H54NV10I-80-I"},{"r":"187","t":"23:51:16","h":"Ouest","s":"25N-H54NV20I-80-I"},{"r":"187","t":"23:51:16","h":"Ouest","s":"25S-H54S000I-82-I"},{"r":"187","t":"23:51:16","h":"Ouest","s":"25S-H54S100F-80-F1"},{"r":"187","t":"23:51:16","h":"Ouest","s":"25S-H54S200F-80-F2"},{"r":"187","t":"23:52:16","h":"Ouest","s":"25N-H54N000S-80-S"},{"r":"187","t":"23:52:16","h":"Ouest","s":"25N-H54NV10S-82-S"},{"r":"187","t":"23:52:16","h":"Ouest","s":"25N-H54NV20S-80-S"},{"r":"187","t":"23:52:16","h":"Ouest","s":"25S-H54S000S-82-S"},{"r":"187","t":"24:14:16","h":"Ouest","s":"25N-H54N000A-80-A"},{"r":"187","t":"24:14:16","h":"Ouest","s":"25N-H54NV10A-80-A"},{"r":"187","t":"24:14:16","h":"Ouest","s":"25N-H54NV20A-80-A"},{"r":"187","t":"24:14:16","h":"Ouest","s":"25S-H54S000A-83-A"},{"r":"187","t":"24:23:16","h":"Ouest","s":"25N-H54N000S-80-S"},{"r":"187","t":"24:23:16","h":"Ouest","s":"25N-H54NV10S-82-S"},{"r":"187","t":"24:23:16","h":"Ouest","s":"25N-H54NV20S-80-S"},{"r":"187","t":"24:23:16","h":"Ouest","s":"25S-H54S000S-82-S"},{"r":"187","t":"24:24:16","h":"Ouest","s":"25N-H54N000I-80-I"},{"r":"187","t":"24:24:16","h":"Ouest","s":"25N-H54N100F-80-F1"},{"r":"187","t":"24:24:16","h":"Ouest","s":"25N-H54N200F-80-F2"},{"r":"187","t":"24:24:16","h":"Ouest","s":"25N-H54N300F-80-F3"},{"r":"187","t":"24:24:16","h":"Ouest","s":"25N-H54N400F-80-F4"},{"r":"187","t":"24:24:16","h":"Ouest","s":"25N-H54NV10I-80-I"},{"r":"187","t":"24:24:16","h":"Ouest","s":"25N-H54NV20I-80-I"},{"r":"187","t":"24:24:16","h":"Ouest","s":"25S-H54S000I-82-I"},{"r":"187","t":"24:24:16","h":"Ouest","s":"25S-H54S100F-80-F1"},{"r":"187","t":"24:24:16","h":"Ouest","s":"25S-H54S200F-80-F2"},{"r":"187","t":"24:45:16","h":"Ouest","s":"25N-H54N000A-80-A"},{"r":"187","t":"24:45:16","h":"Ouest","s":"25N-H54NV10A-80-A"},{"r":"187","t":"24:45:16","h":"Ouest","s":"25N-H54NV20A-80-A"},{"r":"187","t":"24:45:16","h":"Ouest","s":"25S-H54S000A-83-A"},{"r":"187","t":"24:55:16","h":"Ouest","s":"25N-H54N000S-80-S"},{"r":"187","t":"24:55:16","h":"Ouest","s":"25N-H54NV10S-82-S"},{"r":"187","t":"24:55:16","h":"Ouest","s":"25N-H54NV20S-80-S"},{"r":"187","t":"24:55:16","h":"Ouest","s":"25S-H54S000S-82-S"},{"r":"187","t":"24:57:16","h":"Ouest","s":"25N-H54N000I-80-I"},{"r":"187","t":"24:57:16","h":"Ouest","s":"25N-H54N100F-80-F1"},{"r":"187","t":"24:57:16","h":"Ouest","s":"25N-H54N200F-80-F2"},{"r":"187","t":"24:57:16","h":"Ouest","s":"25N-H54N300F-80-F3"},{"r":"187","t":"24:57:16","h":"Ouest","s":"25N-H54N400F-80-F4"},{"r":"187","t":"24:57:16","h":"Ouest","s":"25N-H54NV10I-80-I"},{"r":"187","t":"24:57:16","h":"Ouest","s":"25N-H54NV20I-80-I"},{"r":"187","t":"24:57:16","h":"Ouest","s":"25S-H54S000I-82-I"},{"r":"187","t":"24:57:16","h":"Ouest","s":"25S-H54S100F-80-F1"},{"r":"187","t":"24:57:16","h":"Ouest","s":"25S-H54S200F-80-F2"},{"r":"187","t":"25:16:16","h":"Ouest","s":"25N-H54N000A-80-A"},{"r":"187","t":"25:16:16","h":"Ouest","s":"25N-H54NV10A-80-A"},{"r":"187","t":"25:16:16","h":"Ouest","s":"25N-H54NV20A-80-A"},{"r":"187","t":"25:16:16","h":"Ouest","s":"25S-H54S000A-83-A"}]