[{"r":"86","t":"05:08:00","h":"Ouest","s":"25N-H54N000I-80-I"},{"r":"86","t":"05:08:00","h":"Ouest","s":"25N-H54N100F-80-F1"},{"r":"86","t":"05:08:00","h":"Ouest","s":"25N-H54N200F-80-F2"},{"r":"86","t":"05:08:00","h":"Ouest","s":"25N-H54N300F-80-F3"},{"r":"86","t":"05:08:00","h":"Ouest","s":"25N-H54N400F-80-F4"},{"r":"86","t":"05:08:00","h":"Ouest","s":"25N-H54NV10I-80-I"},{"r":"86","t":"05:08:00","h":"Ouest","s":"25N-H54NV20I-80-I"},{"r":"86","t":"05:08:00","h":"Ouest","s":"25S-H54S000I-82-I"},{"r":"86","t":"05:08:00","h":"Ouest","s":"25S-H54S100F-80-F1"},{"r":"86","t":"05:08:00","h":"Ouest","s":"25S-H54S200F-80-F2"},{"r":"86","t":"05:11:00","h":"Ouest","s":"25N-H54N000A-80-A"},{"r":"86","t":"05:11:00","h":"Ouest","s":"25N-H54NV10A-80-A"},{"r":"86","t":"05:11:00","h":"Ouest","s":"25N-H54NV20A-80-A"},{"r":"86","t":"05:11:00","h":"Ouest","s":"25S-H54S000A-83-A"},{"r":"86","t":"05:14:00","h":"Ouest","s":"25N-H54N000S-80-S"},{"r":"86","t":"05:14:00","h":"Ouest","s":"25N-H54NV10S-82-S"},{"r":"86","t":"05:14:00","h":"Ouest","s":"25N-H54NV20S-80-S"},{"r":"86","t":"05:14:00","h":"Ouest","s":"25S-H54S000S-82-S"},{"r":"86","t":"05:37:00","h":"Ouest","s":"25N-H54N000I-80-I"},{"r":"86","t":"05:37:00","h":"Ouest","s":"25N-H54N100F-80-F1"},{"r":"86","t":"05:37:00","h":"Ouest","s":"25N-H54N200F-80-F2"},{"r":"86","t":"05:37:00","h":"Ouest","s":"25N-H54N300F-80-F3"},{"r":"86","t":"05:37:00","h":"Ouest","s":"25N-H54N400F-80-F4"},{"r":"86","t":"05:37:00","h":"Ouest","s":"25N-H54NV10I-80-I"},{"r":"86","t":"05:37:00","h":"Ouest","s":"25N-H54NV20I-80-I"},{"r":"86","t":"05:37:00","h":"Ouest","s":"25S-H54S000I-82-I"},{"r":"86","t":"05:37:00","h":"Ouest","s":"25S-H54S100F-80-F1"},{"r":"86","t":"05:37:00","h":"Ouest","s":"25S-H54S200F-80-F2"},{"r":"86","t":"05:42:00","h":"Ouest","s":"25N-H54N000S-80-S"},{"r":"86","t":"05:42:00","h":"Ouest","s":"25N-H54NV10S-82-S"},{"r":"86","t":"05:42:00","h":"Ouest","s":"25N-H54NV20S-80-S"},{"r":"86","t":"05:42:00","h":"Ouest","s":"25S-H54S000S-82-S"},{"r":"86","t":"05:44:00","h":"Ouest","s":"25N-H54N000A-80-A"},{"r":"86","t":"05:44:00","h":"Ouest","s":"25N-H54NV10A-80-A"},{"r":"86","t":"05:44:00","h":"Ouest","s":"25N-H54NV20A-80-A"},{"r":"86","t":"05:44:00","h":"Ouest","s":"25S-H54S000A-83-A"},{"r":"86","t":"06:10:00","h":"Ouest","s":"25N-H54N000I-80-I"},{"r":"86","t":"06:10:00","h":"Ouest","s":"25N-H54N000S-80-S"},{"r":"86","t":"06:10:00","h":"Ouest","s":"25N-H54N100F-80-F1"},{"r":"86","t":"06:10:00","h":"Ouest","s":"25N-H54N200F-80-F2"},{"r":"86","t":"06:10:00","h":"Ouest","s":"25N-H54N300F-80-F3"},{"r":"86","t":"06:10:00","h":"Ouest","s":"25N-H54N400F-80-F4"},{"r":"86","t":"06:10:00","h":"Ouest","s":"25N-H54NV10I-80-I"},{"r":"86","t":"06:10:00","h":"Ouest","s":"25N-H54NV10S-82-S"},{"r":"86","t":"06:10:00","h":"Ouest","s":"25N-H54NV20I-80-I"},{"r":"86","t":"06:10:00","h":"Ouest","s":"25N-H54NV20S-80-S"},{"r":"86","t":"06:10:00","h":"Ouest","s":"25S-H54S000I-82-I"},{"r":"86","t":"06:10:00","h":"Ouest","s":"25S-H54S000S-82-S"},{"r":"86","t":"06:10:00","h":"Ouest","s":"25S-H54S100F-80-F1"},{"r":"86","t":"06:10:00","h":"Ouest","s":"25S-H54S200F-80-F2"},{"r":"86","t":"06:17:00","h":"Ouest","s":"25N-H54N000A-80-A"},{"r":"86","t":"06:17:00","h":"Ouest","s":"25N-H54NV10A-80-A"},{"r":"86","t":"06:17:00","h":"Ouest","s":"25N-H54NV20A-80-A"},{"r":"86","t":"06:17:00","h":"Ouest","s":"25S-H54S000A-83-A"},{"r":"86","t":"06:43:00","h":"Ouest","s":"25N-H54N000S-80-S"},{"r":"86","t":"06:43:00","h":"Ouest","s":"25N-H54NV10S-82-S"},{"r":"86","t":"06:43:00","h":"Ouest","s":"25N-H54NV20S-80-S"},{"r":"86","t":"06:43:00","h":"Ouest","s":"25S-H54S000S-82-S"},{"r":"86","t":"06:44:00","h":"Ouest","s":"25N-H54N000I-80-I"},{"r":"86","t":"06:44:00","h":"Ouest","s":"25N-H54N100F-80-F1"},{"r":"86","t":"06:44:00","h":"Ouest","s":"25N-H54N200F-80-F2"},{"r":"86","t":"06:44:00","h":"Ouest","s":"25N-H54N300F-80-F3"},{"r":"86","t":"06:44:00","h":"Ouest","s":"25N-H54N400F-80-F4"},{"r":"86","t":"06:44:00","h":"Ouest","s":"25N-H54NV10I-80-I"},{"r":"86","t":"06:44:00","h":"Ouest","s":"25N-H54NV20I-80-I"},{"r":"86","t":"06:44:00","h":"Ouest","s":"25S-H54S000I-82-I"},{"r":"86","t":"06:44:00","h":"Ouest","s":"25S-H54S100F-80-F1"},{"r":"86","t":"06:44:00","h":"Ouest","s":"25S-H54S200F-80-F2"},{"r":"86","t":"06:49:00","h":"Ouest","s":"25N-H54N000A-80-A"},{"r":"86","t":"06:49:00","h":"Ouest","s":"25N-H54NV10A-80-A"},{"r":"86","t":"06:49:00","h":"Ouest","s":"25N-H54NV20A-80-A"},{"r":"86","t":"06:49:00","h":"Ouest","s":"25S-H54S000A-83-A"},{"r":"86","t":"07:15:00","h":"Ouest","s":"25N-H54N000S-80-S"},{"r":"86","t":"07:15:00","h":"Ouest","s":"25N-H54NV10S-82-S"},{"r":"86","t":"07:15:00","h":"Ouest","s":"25N-H54NV20S-80-S"},{"r":"86","t":"07:15:00","h":"Ouest","s":"25S-H54S000S-82-S"},{"r":"86","t":"07:18:00","h":"Ouest","s":"25N-H54N000I-80-I"},{"r":"86","t":"07:18:00","h":"Ouest","s":"25N-H54N100F-80-F1"},{"r":"86","t":"07:18:00","h":"Ouest","s":"25N-H54N200F-80-F2"},{"r":"86","t":"07:18:00","h":"Ouest","s":"25N-H54N300F-80-F3"},{"r":"86","t":"07:18:00","h":"Ouest","s":"25N-H54N400F-80-F4"},{"r":"86","t":"07:18:00","h":"Ouest","s":"25N-H54NV10I-80-I"},{"r":"86","t":"07:18:00","h":"Ouest","s":"25N-H54NV20I-80-I"},{"r":"86","t":"07:18:00","h":"Ouest","s":"25S-H54S000I-82-I"},{"r":"86","t":"07:18:00","h":"Ouest","s":"25S-H54S100F-80-F1"},{"r":"86","t":"07:18:00","h":"Ouest","s":"25S-H54S200F-80-F2"},{"r":"86","t":"07:22:00","h":"Ouest","s":"25N-H54N000A-80-A"},{"r":"86","t":"07:22:00","h":"Ouest","s":"25N-H54NV10A-80-A"},{"r":"86","t":"07:22:00","h":"Ouest","s":"25N-H54NV20A-80-A"},{"r":"86","t":"07:22:00","h":"Ouest","s":"25S-H54S000A-83-A"},{"r":"86","t":"07:45:00","h":"Ouest","s":"25N-H54N000S-80-S"},{"r":"86","t":"07:45:00","h":"Ouest","s":"25N-H54NV10S-82-S"},{"r":"86","t":"07:45:00","h":"Ouest","s":"25N-H54NV20S-80-S"},{"r":"86","t":"07:45:00","h":"Ouest","s":"25S-H54S000S-82-S"},{"r":"86","t":"07:48:00","h":"Ouest","s":"25N-H54N000I-80-I"},{"r":"86","t":"07:48:00","h":"Ouest","s":"25N-H54N100F-80-F1"},{"r":"86","t":"07:48:00","h":"Ouest","s":"25N-H54N200F-80-F2"},{"r":"86","t":"07:48:00","h":"Ouest","s":"25N-H54N300F-80-F3"},{"r":"86","t":"07:48:00","h":"Ouest","s":"25N-H54N400F-80-F4"},{"r":"86","t":"07:48:00","h":"Ouest","s":"25N-H54NV10I-80-I"},{"r":"86","t":"07:48:00","h":"Ouest","s":"25N-H54NV20I-80-I"},{"r":"86","t":"07:48:00","h":"Ouest","s":"25S-H54S000I-82-I"},{"r":"86","t":"07:48:00","h":"Ouest","s":"25S-H54S100F-80-F1"},{"r":"86","t":"07:48:00","h":"Ouest","s":"25S-H54S200F-80-F2"},{"r":"86","t":"07:54:00","h":"Ouest","s":"25N-H54N000A-80-A"},{"r":"86","t":"07:54:00","h":"Ouest","s":"25N-H54NV10A-80-A"},{"r":"86","t":"07:54:00","h":"Ouest","s":"25N-H54NV20A-80-A"},{"r":"86","t":"07:54:00","h":"Ouest","s":"25S-H54S000A-83-A"},{"r":"86","t":"08:18:00","h":"Ouest","s":"25N-H54N000S-80-S"},{"r":"86","t":"08:18:00","h":"Ouest","s":"25N-H54NV10S-82-S"},{"r":"86","t":"08:18:00","h":"Ouest","s":"25N-H54NV20S-80-S"},{"r":"86","t":"08:18:00","h":"Ouest","s":"25S-H54S000S-82-S"},{"r":"86","t":"08:19:00","h":"Ouest","s":"25N-H54N000I-80-I"},{"r":"86","t":"08:19:00","h":"Ouest","s":"25N-H54N100F-80-F1"},{"r":"86","t":"08:19:00","h":"Ouest","s":"25N-H54N200F-80-F2"},{"r":"86","t":"08:19:00","h":"Ouest","s":"25N-H54N300F-80-F3"},{"r":"86","t":"08:19:00","h":"Ouest","s":"25N-H54N400F-80-F4"},{"r":"86","t":"08:19:00","h":"Ouest","s":"25N-H54NV10I-80-I"},{"r":"86","t":"08:19:00","h":"Ouest","s":"25N-H54NV20I-80-I"},{"r":"86","t":"08:19:00","h":"Ouest","s":"25S-H54S000I-82-I"},{"r":"86","t":"08:19:00","h":"Ouest","s":"25S-H54S100F-80-F1"},{"r":"86","t":"08:19:00","h":"Ouest","s":"25S-H54S200F-80-F2"},{"r":"86","t":"08:26:00","h":"Ouest","s":"25N-H54N000A-80-A"},{"r":"86","t":"08:26:00","h":"Ouest","s":"25N-H54NV10A-80-A"},{"r":"86","t":"08:26:00","h":"Ouest","s":"25N-H54NV20A-80-A"},{"r":"86","t":"08:26:00","h":"Ouest","s":"25S-H54S000A-83-A"},{"r":"86","t":"08:49:00","h":"Ouest","s":"25N-H54N000S-80-S"},{"r":"86","t":"08:49:00","h":"Ouest","s":"25N-H54NV10S-82-S"},{"r":"86","t":"08:49:00","h":"Ouest","s":"25N-H54NV20S-80-S"},{"r":"86","t":"08:49:00","h":"Ouest","s":"25S-H54S000S-82-S"},{"r":"86","t":"08:52:00","h":"Ouest","s":"25N-H54N000I-80-I"},{"r":"86","t":"08:52:00","h":"Ouest","s":"25N-H54N100F-80-F1"},{"r":"86","t":"08:52:00","h":"Ouest","s":"25N-H54N200F-80-F2"},{"r":"86","t":"08:52:00","h":"Ouest","s":"25N-H54N300F-80-F3"},{"r":"86","t":"08:52:00","h":"Ouest","s":"25N-H54N400F-80-F4"},{"r":"86","t":"08:52:00","h":"Ouest","s":"25N-H54NV10I-80-I"},{"r":"86","t":"08:52:00","h":"Ouest","s":"25N-H54NV20I-80-I"},{"r":"86","t":"08:52:00","h":"Ouest","s":"25S-H54S000I-82-I"},{"r":"86","t":"08:52:00","h":"Ouest","s":"25S-H54S100F-80-F1"},{"r":"86","t":"08:52:00","h":"Ouest","s":"25S-H54S200F-80-F2"},{"r":"86","t":"08:58:00","h":"Ouest","s":"25N-H54N000A-80-A"},{"r":"86","t":"08:58:00","h":"Ouest","s":"25N-H54NV10A-80-A"},{"r":"86","t":"08:58:00","h":"Ouest","s":"25N-H54NV20A-80-A"},{"r":"86","t":"08:58:00","h":"Ouest","s":"25S-H54S000A-83-A"},{"r":"86","t":"09:21:00","h":"Ouest","s":"25N-H54N000S-80-S"},{"r":"86","t":"09:21:00","h":"Ouest","s":"25N-H54NV10S-82-S"},{"r":"86","t":"09:21:00","h":"Ouest","s":"25N-H54NV20S-80-S"},{"r":"86","t":"09:21:00","h":"Ouest","s":"25S-H54S000S-82-S"},{"r":"86","t":"09:25:00","h":"Ouest","s":"25N-H54N000I-80-I"},{"r":"86","t":"09:25:00","h":"Ouest","s":"25N-H54N100F-80-F1"},{"r":"86","t":"09:25:00","h":"Ouest","s":"25N-H54N200F-80-F2"},{"r":"86","t":"09:25:00","h":"Ouest","s":"25N-H54N300F-80-F3"},{"r":"86","t":"09:25:00","h":"Ouest","s":"25N-H54N400F-80-F4"},{"r":"86","t":"09:25:00","h":"Ouest","s":"25N-H54NV10I-80-I"},{"r":"86","t":"09:25:00","h":"Ouest","s":"25N-H54NV20I-80-I"},{"r":"86","t":"09:25:00","h":"Ouest","s":"25S-H54S000I-82-I"},{"r":"86","t":"09:25:00","h":"Ouest","s":"25S-H54S100F-80-F1"},{"r":"86","t":"09:25:00","h":"Ouest","s":"25S-H54S200F-80-F2"},{"r":"86","t":"09:31:00","h":"Ouest","s":"25N-H54N000A-80-A"},{"r":"86","t":"09:31:00","h":"Ouest","s":"25N-H54NV10A-80-A"},{"r":"86","t":"09:31:00","h":"Ouest","s":"25N-H54NV20A-80-A"},{"r":"86","t":"09:31:00","h":"Ouest","s":"25S-H54S000A-83-A"},{"r":"86","t":"09:50:00","h":"Ouest","s":"25N-H54N000S-80-S"},{"r":"86","t":"09:50:00","h":"Ouest","s":"25N-H54NV10S-82-S"},{"r":"86","t":"09:50:00","h":"Ouest","s":"25N-H54NV20S-80-S"},{"r":"86","t":"09:50:00","h":"Ouest","s":"25S-H54S000S-82-S"},{"r":"86","t":"09:58:00","h":"Ouest","s":"25N-H54N000I-80-I"},{"r":"86","t":"09:58:00","h":"Ouest","s":"25N-H54N100F-80-F1"},{"r":"86","t":"09:58:00","h":"Ouest","s":"25N-H54N200F-80-F2"},{"r":"86","t":"09:58:00","h":"Ouest","s":"25N-H54N300F-80-F3"},{"r":"86","t":"09:58:00","h":"Ouest","s":"25N-H54N400F-80-F4"},{"r":"86","t":"09:58:00","h":"Ouest","s":"25N-H54NV10I-80-I"},{"r":"86","t":"09:58:00","h":"Ouest","s":"25N-H54NV20I-80-I"},{"r":"86","t":"09:58:00","h":"Ouest","s":"25S-H54S000I-82-I"},{"r":"86","t":"09:58:00","h":"Ouest","s":"25S-H54S100F-80-F1"},{"r":"86","t":"09:58:00","h":"Ouest","s":"25S-H54S200F-80-F2"},{"r":"86","t":"10:04:00","h":"Ouest","s":"25N-H54N000A-80-A"},{"r":"86","t":"10:04:00","h":"Ouest","s":"25N-H54NV10A-80-A"},{"r":"86","t":"10:04:00","h":"Ouest","s":"25N-H54NV20A-80-A"},{"r":"86","t":"10:04:00","h":"Ouest","s":"25S-H54S000A-83-A"},{"r":"86","t":"10:18:00","h":"Ouest","s":"25N-H54N000S-80-S"},{"r":"86","t":"10:18:00","h":"Ouest","s":"25N-H54NV10S-82-S"},{"r":"86","t":"10:18:00","h":"Ouest","s":"25N-H54NV20S-80-S"},{"r":"86","t":"10:18:00","h":"Ouest","s":"25S-H54S000S-82-S"},{"r":"86","t":"10:31:00","h":"Ouest","s":"25N-H54N000I-80-I"},{"r":"86","t":"10:31:00","h":"Ouest","s":"25N-H54N100F-80-F1"},{"r":"86","t":"10:31:00","h":"Ouest","s":"25N-H54N200F-80-F2"},{"r":"86","t":"10:31:00","h":"Ouest","s":"25N-H54N300F-80-F3"},{"r":"86","t":"10:31:00","h":"Ouest","s":"25N-H54N400F-80-F4"},{"r":"86","t":"10:31:00","h":"Ouest","s":"25N-H54NV10I-80-I"},{"r":"86","t":"10:31:00","h":"Ouest","s":"25N-H54NV20I-80-I"},{"r":"86","t":"10:31:00","h":"Ouest","s":"25S-H54S000I-82-I"},{"r":"86","t":"10:31:00","h":"Ouest","s":"25S-H54S100F-80-F1"},{"r":"86","t":"10:31:00","h":"Ouest","s":"25S-H54S200F-80-F2"},{"r":"86","t":"10:37:00","h":"Ouest","s":"25N-H54N000A-80-A"},{"r":"86","t":"10:37:00","h":"Ouest","s":"25N-H54NV10A-80-A"},{"r":"86","t":"10:37:00","h":"Ouest","s":"25N-H54NV20A-80-A"},{"r":"86","t":"10:37:00","h":"Ouest","s":"25S-H54S000A-83-A"},{"r":"86","t":"10:46:00","h":"Ouest","s":"25N-H54N000S-80-S"},{"r":"86","t":"10:46:00","h":"Ouest","s":"25N-H54NV10S-82-S"},{"r":"86","t":"10:46:00","h":"Ouest","s":"25N-H54NV20S-80-S"},{"r":"86","t":"10:46:00","h":"Ouest","s":"25S-H54S000S-82-S"},{"r":"86","t":"11:04:00","h":"Ouest","s":"25N-H54N000I-80-I"},{"r":"86","t":"11:04:00","h":"Ouest","s":"25N-H54N100F-80-F1"},{"r":"86","t":"11:04:00","h":"Ouest","s":"25N-H54N200F-80-F2"},{"r":"86","t":"11:04:00","h":"Ouest","s":"25N-H54N300F-80-F3"},{"r":"86","t":"11:04:00","h":"Ouest","s":"25N-H54N400F-80-F4"},{"r":"86","t":"11:04:00","h":"Ouest","s":"25N-H54NV10I-80-I"},{"r":"86","t":"11:04:00","h":"Ouest","s":"25N-H54NV20I-80-I"},{"r":"86","t":"11:04:00","h":"Ouest","s":"25S-H54S000I-82-I"},{"r":"86","t":"11:04:00","h":"Ouest","s":"25S-H54S100F-80-F1"},{"r":"86","t":"11:04:00","h":"Ouest","s":"25S-H54S200F-80-F2"},{"r":"86","t":"11:10:00","h":"Ouest","s":"25N-H54N000A-80-A"},{"r":"86","t":"11:10:00","h":"Ouest","s":"25N-H54NV10A-80-A"},{"r":"86","t":"11:10:00","h":"Ouest","s":"25N-H54NV20A-80-A"},{"r":"86","t":"11:10:00","h":"Ouest","s":"25S-H54S000A-83-A"},{"r":"86","t":"11:17:00","h":"Ouest","s":"25N-H54N000S-80-S"},{"r":"86","t":"11:17:00","h":"Ouest","s":"25N-H54NV10S-82-S"},{"r":"86","t":"11:17:00","h":"Ouest","s":"25N-H54NV20S-80-S"},{"r":"86","t":"11:17:00","h":"Ouest","s":"25S-H54S000S-82-S"},{"r":"86","t":"11:37:00","h":"Ouest","s":"25N-H54N000I-80-I"},{"r":"86","t":"11:37:00","h":"Ouest","s":"25N-H54N100F-80-F1"},{"r":"86","t":"11:37:00","h":"Ouest","s":"25N-H54N200F-80-F2"},{"r":"86","t":"11:37:00","h":"Ouest","s":"25N-H54N300F-80-F3"},{"r":"86","t":"11:37:00","h":"Ouest","s":"25N-H54N400F-80-F4"},{"r":"86","t":"11:37:00","h":"Ouest","s":"25N-H54NV10I-80-I"},{"r":"86","t":"11:37:00","h":"Ouest","s":"25N-H54NV20I-80-I"},{"r":"86","t":"11:37:00","h":"Ouest","s":"25S-H54S000I-82-I"},{"r":"86","t":"11:37:00","h":"Ouest","s":"25S-H54S100F-80-F1"},{"r":"86","t":"11:37:00","h":"Ouest","s":"25S-H54S200F-80-F2"},{"r":"86","t":"11:43:00","h":"Ouest","s":"25N-H54N000A-80-A"},{"r":"86","t":"11:43:00","h":"Ouest","s":"25N-H54NV10A-80-A"},{"r":"86","t":"11:43:00","h":"Ouest","s":"25N-H54NV20A-80-A"},{"r":"86","t":"11:43:00","h":"Ouest","s":"25S-H54S000A-83-A"},{"r":"86","t":"11:48:00","h":"Ouest","s":"25N-H54N000S-80-S"},{"r":"86","t":"11:48:00","h":"Ouest","s":"25N-H54NV10S-82-S"},{"r":"86","t":"11:48:00","h":"Ouest","s":"25N-H54NV20S-80-S"},{"r":"86","t":"11:48:00","h":"Ouest","s":"25S-H54S000S-82-S"},{"r":"86","t":"12:10:00","h":"Ouest","s":"25N-H54N000I-80-I"},{"r":"86","t":"12:10:00","h":"Ouest","s":"25N-H54N100F-80-F1"},{"r":"86","t":"12:10:00","h":"Ouest","s":"25N-H54N200F-80-F2"},{"r":"86","t":"12:10:00","h":"Ouest","s":"25N-H54N300F-80-F3"},{"r":"86","t":"12:10:00","h":"Ouest","s":"25N-H54N400F-80-F4"},{"r":"86","t":"12:10:00","h":"Ouest","s":"25N-H54NV10I-80-I"},{"r":"86","t":"12:10:00","h":"Ouest","s":"25N-H54NV20I-80-I"},{"r":"86","t":"12:10:00","h":"Ouest","s":"25S-H54S000I-82-I"},{"r":"86","t":"12:10:00","h":"Ouest","s":"25S-H54S100F-80-F1"},{"r":"86","t":"12:10:00","h":"Ouest","s":"25S-H54S200F-80-F2"},{"r":"86","t":"12:16:00","h":"Ouest","s":"25N-H54N000A-80-A"},{"r":"86","t":"12:16:00","h":"Ouest","s":"25N-H54NV10A-80-A"},{"r":"86","t":"12:16:00","h":"Ouest","s":"25N-H54NV20A-80-A"},{"r":"86","t":"12:16:00","h":"Ouest","s":"25S-H54S000A-83-A"},{"r":"86","t":"12:17:00","h":"Ouest","s":"25N-H54N000S-80-S"},{"r":"86","t":"12:17:00","h":"Ouest","s":"25N-H54NV10S-82-S"},{"r":"86","t":"12:17:00","h":"Ouest","s":"25N-H54NV20S-80-S"},{"r":"86","t":"12:17:00","h":"Ouest","s":"25S-H54S000S-82-S"},{"r":"86","t":"12:43:00","h":"Ouest","s":"25N-H54N000I-80-I"},{"r":"86","t":"12:43:00","h":"Ouest","s":"25N-H54N100F-80-F1"},{"r":"86","t":"12:43:00","h":"Ouest","s":"25N-H54N200F-80-F2"},{"r":"86","t":"12:43:00","h":"Ouest","s":"25N-H54N300F-80-F3"},{"r":"86","t":"12:43:00","h":"Ouest","s":"25N-H54N400F-80-F4"},{"r":"86","t":"12:43:00","h":"Ouest","s":"25N-H54NV10I-80-I"},{"r":"86","t":"12:43:00","h":"Ouest","s":"25N-H54NV20I-80-I"},{"r":"86","t":"12:43:00","h":"Ouest","s":"25S-H54S000I-82-I"},{"r":"86","t":"12:43:00","h":"Ouest","s":"25S-H54S100F-80-F1"},{"r":"86","t":"12:43:00","h":"Ouest","s":"25S-H54S200F-80-F2"},{"r":"86","t":"12:46:00","h":"Ouest","s":"25N-H54N000S-80-S"},{"r":"86","t":"12:46:00","h":"Ouest","s":"25N-H54NV10S-82-S"},{"r":"86","t":"12:46:00","h":"Ouest","s":"25N-H54NV20S-80-S"},{"r":"86","t":"12:46:00","h":"Ouest","s":"25S-H54S000S-82-S"},{"r":"86","t":"12:49:00","h":"Ouest","s":"25N-H54N000A-80-A"},{"r":"86","t":"12:49:00","h":"Ouest","s":"25N-H54NV10A-80-A"},{"r":"86","t":"12:49:00","h":"Ouest","s":"25N-H54NV20A-80-A"},{"r":"86","t":"12:49:00","h":"Ouest","s":"25S-H54S000A-83-A"},{"r":"86","t":"13:15:00","h":"Ouest","s":"25N-H54N000I-80-I"},{"r":"86","t":"13:15:00","h":"Ouest","s":"25N-H54N100F-80-F1"},{"r":"86","t":"13:15:00","h":"Ouest","s":"25N-H54N200F-80-F2"},{"r":"86","t":"13:15:00","h":"Ouest","s":"25N-H54N300F-80-F3"},{"r":"86","t":"13:15:00","h":"Ouest","s":"25N-H54N400F-80-F4"},{"r":"86","t":"13:15:00","h":"Ouest","s":"25N-H54NV10I-80-I"},{"r":"86","t":"13:15:00","h":"Ouest","s":"25N-H54NV20I-80-I"},{"r":"86","t":"13:15:00","h":"Ouest","s":"25S-H54S000I-82-I"},{"r":"86","t":"13:15:00","h":"Ouest","s":"25S-H54S100F-80-F1"},{"r":"86","t":"13:15:00","h":"Ouest","s":"25S-H54S200F-80-F2"},{"r":"86","t":"13:16:00","h":"Ouest","s":"25N-H54N000S-80-S"},{"r":"86","t":"13:16:00","h":"Ouest","s":"25N-H54NV10S-82-S"},{"r":"86","t":"13:16:00","h":"Ouest","s":"25N-H54NV20S-80-S"},{"r":"86","t":"13:16:00","h":"Ouest","s":"25S-H54S000S-82-S"},{"r":"86","t":"13:23:00","h":"Ouest","s":"25N-H54N000A-80-A"},{"r":"86","t":"13:23:00","h":"Ouest","s":"25N-H54NV10A-80-A"},{"r":"86","t":"13:23:00","h":"Ouest","s":"25N-H54NV20A-80-A"},{"r":"86","t":"13:23:00","h":"Ouest","s":"25S-H54S000A-83-A"},{"r":"86","t":"13:46:00","h":"Ouest","s":"25N-H54N000S-80-S"},{"r":"86","t":"13:46:00","h":"Ouest","s":"25N-H54NV10S-82-S"},{"r":"86","t":"13:46:00","h":"Ouest","s":"25N-H54NV20S-80-S"},{"r":"86","t":"13:46:00","h":"Ouest","s":"25S-H54S000S-82-S"},{"r":"86","t":"13:47:00","h":"Ouest","s":"25N-H54N000I-80-I"},{"r":"86","t":"13:47:00","h":"Ouest","s":"25N-H54N100F-80-F1"},{"r":"86","t":"13:47:00","h":"Ouest","s":"25N-H54N200F-80-F2"},{"r":"86","t":"13:47:00","h":"Ouest","s":"25N-H54N300F-80-F3"},{"r":"86","t":"13:47:00","h":"Ouest","s":"25N-H54N400F-80-F4"},{"r":"86","t":"13:47:00","h":"Ouest","s":"25N-H54NV10I-80-I"},{"r":"86","t":"13:47:00","h":"Ouest","s":"25N-H54NV20I-80-I"},{"r":"86","t":"13:47:00","h":"Ouest","s":"25S-H54S000I-82-I"},{"r":"86","t":"13:47:00","h":"Ouest","s":"25S-H54S100F-80-F1"},{"r":"86","t":"13:47:00","h":"Ouest","s":"25S-H54S200F-80-F2"},{"r":"86","t":"13:55:00","h":"Ouest","s":"25N-H54N000A-80-A"},{"r":"86","t":"13:55:00","h":"Ouest","s":"25N-H54NV10A-80-A"},{"r":"86","t":"13:55:00","h":"Ouest","s":"25N-H54NV20A-80-A"},{"r":"86","t":"13:55:00","h":"Ouest","s":"25S-H54S000A-83-A"},{"r":"86","t":"14:15:00","h":"Ouest","s":"25N-H54N000S-80-S"},{"r":"86","t":"14:15:00","h":"Ouest","s":"25N-H54NV10S-82-S"},{"r":"86","t":"14:15:00","h":"Ouest","s":"25N-H54NV20S-80-S"},{"r":"86","t":"14:15:00","h":"Ouest","s":"25S-H54S000S-82-S"},{"r":"86","t":"14:19:00","h":"Ouest","s":"25N-H54N000I-80-I"},{"r":"86","t":"14:19:00","h":"Ouest","s":"25N-H54N100F-80-F1"},{"r":"86","t":"14:19:00","h":"Ouest","s":"25N-H54N200F-80-F2"},{"r":"86","t":"14:19:00","h":"Ouest","s":"25N-H54N300F-80-F3"},{"r":"86","t":"14:19:00","h":"Ouest","s":"25N-H54N400F-80-F4"},{"r":"86","t":"14:19:00","h":"Ouest","s":"25N-H54NV10I-80-I"},{"r":"86","t":"14:19:00","h":"Ouest","s":"25N-H54NV20I-80-I"},{"r":"86","t":"14:19:00","h":"Ouest","s":"25S-H54S000I-82-I"},{"r":"86","t":"14:19:00","h":"Ouest","s":"25S-H54S100F-80-F1"},{"r":"86","t":"14:19:00","h":"Ouest","s":"25S-H54S200F-80-F2"},{"r":"86","t":"14:28:00","h":"Ouest","s":"25N-H54N000A-80-A"},{"r":"86","t":"14:28:00","h":"Ouest","s":"25N-H54NV10A-80-A"},{"r":"86","t":"14:28:00","h":"Ouest","s":"25N-H54NV20A-80-A"},{"r":"86","t":"14:28:00","h":"Ouest","s":"25S-H54S000A-83-A"},{"r":"86","t":"14:42:00","h":"Ouest","s":"25N-H54N000S-80-S"},{"r":"86","t":"14:42:00","h":"Ouest","s":"25N-H54NV10S-82-S"},{"r":"86","t":"14:42:00","h":"Ouest","s":"25N-H54NV20S-80-S"},{"r":"86","t":"14:42:00","h":"Ouest","s":"25S-H54S000S-82-S"},{"r":"86","t":"14:51:00","h":"Ouest","s":"25N-H54N000I-80-I"},{"r":"86","t":"14:51:00","h":"Ouest","s":"25N-H54N100F-80-F1"},{"r":"86","t":"14:51:00","h":"Ouest","s":"25N-H54N200F-80-F2"},{"r":"86","t":"14:51:00","h":"Ouest","s":"25N-H54N300F-80-F3"},{"r":"86","t":"14:51:00","h":"Ouest","s":"25N-H54N400F-80-F4"},{"r":"86","t":"14:51:00","h":"Ouest","s":"25N-H54NV10I-80-I"},{"r":"86","t":"14:51:00","h":"Ouest","s":"25N-H54NV20I-80-I"},{"r":"86","t":"14:51:00","h":"Ouest","s":"25S-H54S000I-82-I"},{"r":"86","t":"14:51:00","h":"Ouest","s":"25S-H54S100F-80-F1"},{"r":"86","t":"14:51:00","h":"Ouest","s":"25S-H54S200F-80-F2"},{"r":"86","t":"15:01:00","h":"Ouest","s":"25N-H54N000A-80-A"},{"r":"86","t":"15:01:00","h":"Ouest","s":"25N-H54NV10A-80-A"},{"r":"86","t":"15:01:00","h":"Ouest","s":"25N-H54NV20A-80-A"},{"r":"86","t":"15:01:00","h":"Ouest","s":"25S-H54S000A-83-A"},{"r":"86","t":"15:09:00","h":"Ouest","s":"25N-H54N000S-80-S"},{"r":"86","t":"15:09:00","h":"Ouest","s":"25N-H54NV10S-82-S"},{"r":"86","t":"15:09:00","h":"Ouest","s":"25N-H54NV20S-80-S"},{"r":"86","t":"15:09:00","h":"Ouest","s":"25S-H54S000S-82-S"},{"r":"86","t":"15:23:00","h":"Ouest","s":"25N-H54N000I-80-I"},{"r":"86","t":"15:23:00","h":"Ouest","s":"25N-H54N100F-80-F1"},{"r":"86","t":"15:23:00","h":"Ouest","s":"25N-H54N200F-80-F2"},{"r":"86","t":"15:23:00","h":"Ouest","s":"25N-H54N300F-80-F3"},{"r":"86","t":"15:23:00","h":"Ouest","s":"25N-H54N400F-80-F4"},{"r":"86","t":"15:23:00","h":"Ouest","s":"25N-H54NV10I-80-I"},{"r":"86","t":"15:23:00","h":"Ouest","s":"25N-H54NV20I-80-I"},{"r":"86","t":"15:23:00","h":"Ouest","s":"25S-H54S000I-82-I"},{"r":"86","t":"15:23:00","h":"Ouest","s":"25S-H54S100F-80-F1"},{"r":"86","t":"15:23:00","h":"Ouest","s":"25S-H54S200F-80-F2"},{"r":"86","t":"15:34:00","h":"Ouest","s":"25N-H54N000A-80-A"},{"r":"86","t":"15:34:00","h":"Ouest","s":"25N-H54NV10A-80-A"},{"r":"86","t":"15:34:00","h":"Ouest","s":"25N-H54NV20A-80-A"},{"r":"86","t":"15:34:00","h":"Ouest","s":"25S-H54S000A-83-A"},{"r":"86","t":"15:42:00","h":"Ouest","s":"25N-H54N000S-80-S"},{"r":"86","t":"15:42:00","h":"Ouest","s":"25N-H54NV10S-82-S"},{"r":"86","t":"15:42:00","h":"Ouest","s":"25N-H54NV20S-80-S"},{"r":"86","t":"15:42:00","h":"Ouest","s":"25S-H54S000S-82-S"},{"r":"86","t":"15:55:00","h":"Ouest","s":"25N-H54N000I-80-I"},{"r":"86","t":"15:55:00","h":"Ouest","s":"25N-H54N100F-80-F1"},{"r":"86","t":"15:55:00","h":"Ouest","s":"25N-H54N200F-80-F2"},{"r":"86","t":"15:55:00","h":"Ouest","s":"25N-H54N300F-80-F3"},{"r":"86","t":"15:55:00","h":"Ouest","s":"25N-H54N400F-80-F4"},{"r":"86","t":"15:55:00","h":"Ouest","s":"25N-H54NV10I-80-I"},{"r":"86","t":"15:55:00","h":"Ouest","s":"25N-H54NV20I-80-I"},{"r":"86","t":"15:55:00","h":"Ouest","s":"25S-H54S000I-82-I"},{"r":"86","t":"15:55:00","h":"Ouest","s":"25S-H54S100F-80-F1"},{"r":"86","t":"15:55:00","h":"Ouest","s":"25S-H54S200F-80-F2"},{"r":"86","t":"16:07:00","h":"Ouest","s":"25N-H54N000A-80-A"},{"r":"86","t":"16:07:00","h":"Ouest","s":"25N-H54NV10A-80-A"},{"r":"86","t":"16:07:00","h":"Ouest","s":"25N-H54NV20A-80-A"},{"r":"86","t":"16:07:00","h":"Ouest","s":"25S-H54S000A-83-A"},{"r":"86","t":"16:16:00","h":"Ouest","s":"25N-H54N000S-80-S"},{"r":"86","t":"16:16:00","h":"Ouest","s":"25N-H54NV10S-82-S"},{"r":"86","t":"16:16:00","h":"Ouest","s":"25N-H54NV20S-80-S"},{"r":"86","t":"16:16:00","h":"Ouest","s":"25S-H54S000S-82-S"},{"r":"86","t":"16:27:00","h":"Ouest","s":"25N-H54N000I-80-I"},{"r":"86","t":"16:27:00","h":"Ouest","s":"25N-H54N100F-80-F1"},{"r":"86","t":"16:27:00","h":"Ouest","s":"25N-H54N200F-80-F2"},{"r":"86","t":"16:27:00","h":"Ouest","s":"25N-H54N300F-80-F3"},{"r":"86","t":"16:27:00","h":"Ouest","s":"25N-H54N400F-80-F4"},{"r":"86","t":"16:27:00","h":"Ouest","s":"25N-H54NV10I-80-I"},{"r":"86","t":"16:27:00","h":"Ouest","s":"25N-H54NV20I-80-I"},{"r":"86","t":"16:27:00","h":"Ouest","s":"25S-H54S000I-82-I"},{"r":"86","t":"16:27:00","h":"Ouest","s":"25S-H54S100F-80-F1"},{"r":"86","t":"16:27:00","h":"Ouest","s":"25S-H54S200F-80-F2"},{"r":"86","t":"16:40:00","h":"Ouest","s":"25N-H54N000A-80-A"},{"r":"86","t":"16:40:00","h":"Ouest","s":"25N-H54NV10A-80-A"},{"r":"86","t":"16:40:00","h":"Ouest","s":"25N-H54NV20A-80-A"},{"r":"86","t":"16:40:00","h":"Ouest","s":"25S-H54S000A-83-A"},{"r":"86","t":"16:49:00","h":"Ouest","s":"25N-H54N000S-80-S"},{"r":"86","t":"16:49:00","h":"Ouest","s":"25N-H54NV10S-82-S"},{"r":"86","t":"16:49:00","h":"Ouest","s":"25N-H54NV20S-80-S"},{"r":"86","t":"16:49:00","h":"Ouest","s":"25S-H54S000S-82-S"},{"r":"86","t":"17:00:00","h":"Ouest","s":"25N-H54N000I-80-I"},{"r":"86","t":"17:00:00","h":"Ouest","s":"25N-H54N100F-80-F1"},{"r":"86","t":"17:00:00","h":"Ouest","s":"25N-H54N200F-80-F2"},{"r":"86","t":"17:00:00","h":"Ouest","s":"25N-H54N300F-80-F3"},{"r":"86","t":"17:00:00","h":"Ouest","s":"25N-H54N400F-80-F4"},{"r":"86","t":"17:00:00","h":"Ouest","s":"25N-H54NV10I-80-I"},{"r":"86","t":"17:00:00","h":"Ouest","s":"25N-H54NV20I-80-I"},{"r":"86","t":"17:00:00","h":"Ouest","s":"25S-H54S000I-82-I"},{"r":"86","t":"17:00:00","h":"Ouest","s":"25S-H54S100F-80-F1"},{"r":"86","t":"17:00:00","h":"Ouest","s":"25S-H54S200F-80-F2"},{"r":"86","t":"17:13:00","h":"Ouest","s":"25N-H54N000A-80-A"},{"r":"86","t":"17:13:00","h":"Ouest","s":"25N-H54NV10A-80-A"},{"r":"86","t":"17:13:00","h":"Ouest","s":"25N-H54NV20A-80-A"},{"r":"86","t":"17:13:00","h":"Ouest","s":"25S-H54S000A-83-A"},{"r":"86","t":"17:19:00","h":"Ouest","s":"25N-H54N000S-80-S"},{"r":"86","t":"17:19:00","h":"Ouest","s":"25N-H54NV10S-82-S"},{"r":"86","t":"17:19:00","h":"Ouest","s":"25N-H54NV20S-80-S"},{"r":"86","t":"17:19:00","h":"Ouest","s":"25S-H54S000S-82-S"},{"r":"86","t":"17:32:00","h":"Ouest","s":"25N-H54N000I-80-I"},{"r":"86","t":"17:32:00","h":"Ouest","s":"25N-H54N100F-80-F1"},{"r":"86","t":"17:32:00","h":"Ouest","s":"25N-H54N200F-80-F2"},{"r":"86","t":"17:32:00","h":"Ouest","s":"25N-H54N300F-80-F3"},{"r":"86","t":"17:32:00","h":"Ouest","s":"25N-H54N400F-80-F4"},{"r":"86","t":"17:32:00","h":"Ouest","s":"25N-H54NV10I-80-I"},{"r":"86","t":"17:32:00","h":"Ouest","s":"25N-H54NV20I-80-I"},{"r":"86","t":"17:32:00","h":"Ouest","s":"25S-H54S000I-82-I"},{"r":"86","t":"17:32:00","h":"Ouest","s":"25S-H54S100F-80-F1"},{"r":"86","t":"17:32:00","h":"Ouest","s":"25S-H54S200F-80-F2"},{"r":"86","t":"17:46:00","h":"Ouest","s":"25N-H54N000A-80-A"},{"r":"86","t":"17:46:00","h":"Ouest","s":"25N-H54NV10A-80-A"},{"r":"86","t":"17:46:00","h":"Ouest","s":"25N-H54NV20A-80-A"},{"r":"86","t":"17:46:00","h":"Ouest","s":"25S-H54S000A-83-A"},{"r":"86","t":"17:51:00","h":"Ouest","s":"25N-H54N000S-80-S"},{"r":"86","t":"17:51:00","h":"Ouest","s":"25N-H54NV10S-82-S"},{"r":"86","t":"17:51:00","h":"Ouest","s":"25N-H54NV20S-80-S"},{"r":"86","t":"17:51:00","h":"Ouest","s":"25S-H54S000S-82-S"},{"r":"86","t":"18:05:00","h":"Ouest","s":"25N-H54N000I-80-I"},{"r":"86","t":"18:05:00","h":"Ouest","s":"25N-H54N100F-80-F1"},{"r":"86","t":"18:05:00","h":"Ouest","s":"25N-H54N200F-80-F2"},{"r":"86","t":"18:05:00","h":"Ouest","s":"25N-H54N300F-80-F3"},{"r":"86","t":"18:05:00","h":"Ouest","s":"25N-H54N400F-80-F4"},{"r":"86","t":"18:05:00","h":"Ouest","s":"25N-H54NV10I-80-I"},{"r":"86","t":"18:05:00","h":"Ouest","s":"25N-H54NV20I-80-I"},{"r":"86","t":"18:05:00","h":"Ouest","s":"25S-H54S000I-82-I"},{"r":"86","t":"18:05:00","h":"Ouest","s":"25S-H54S100F-80-F1"},{"r":"86","t":"18:05:00","h":"Ouest","s":"25S-H54S200F-80-F2"},{"r":"86","t":"18:19:00","h":"Ouest","s":"25N-H54N000A-80-A"},{"r":"86","t":"18:19:00","h":"Ouest","s":"25N-H54NV10A-80-A"},{"r":"86","t":"18:19:00","h":"Ouest","s":"25N-H54NV20A-80-A"},{"r":"86","t":"18:19:00","h":"Ouest","s":"25S-H54S000A-83-A"},{"r":"86","t":"18:23:00","h":"Ouest","s":"25N-H54N000S-80-S"},{"r":"86","t":"18:23:00","h":"Ouest","s":"25N-H54NV10S-82-S"},{"r":"86","t":"18:23:00","h":"Ouest","s":"25N-H54NV20S-80-S"},{"r":"86","t":"18:23:00","h":"Ouest","s":"25S-H54S000S-82-S"},{"r":"86","t":"18:38:00","h":"Ouest","s":"25N-H54N000I-80-I"},{"r":"86","t":"18:38:00","h":"Ouest","s":"25N-H54N100F-80-F1"},{"r":"86","t":"18:38:00","h":"Ouest","s":"25N-H54N200F-80-F2"},{"r":"86","t":"18:38:00","h":"Ouest","s":"25N-H54N300F-80-F3"},{"r":"86","t":"18:38:00","h":"Ouest","s":"25N-H54N400F-80-F4"},{"r":"86","t":"18:38:00","h":"Ouest","s":"25N-H54NV10I-80-I"},{"r":"86","t":"18:38:00","h":"Ouest","s":"25N-H54NV20I-80-I"},{"r":"86","t":"18:38:00","h":"Ouest","s":"25S-H54S000I-82-I"},{"r":"86","t":"18:38:00","h":"Ouest","s":"25S-H54S100F-80-F1"},{"r":"86","t":"18:38:00","h":"Ouest","s":"25S-H54S200F-80-F2"},{"r":"86","t":"18:52:00","h":"Ouest","s":"25N-H54N000A-80-A"},{"r":"86","t":"18:52:00","h":"Ouest","s":"25N-H54NV10A-80-A"},{"r":"86","t":"18:52:00","h":"Ouest","s":"25N-H54NV20A-80-A"},{"r":"86","t":"18:52:00","h":"Ouest","s":"25S-H54S000A-83-A"},{"r":"86","t":"18:53:00","h":"Ouest","s":"25N-H54N000S-80-S"},{"r":"86","t":"18:53:00","h":"Ouest","s":"25N-H54NV10S-82-S"},{"r":"86","t":"18:53:00","h":"Ouest","s":"25N-H54NV20S-80-S"},{"r":"86","t":"18:53:00","h":"Ouest","s":"25S-H54S000S-82-S"},{"r":"86","t":"19:10:00","h":"Ouest","s":"25N-H54N000I-80-I"},{"r":"86","t":"19:10:00","h":"Ouest","s":"25N-H54N100F-80-F1"},{"r":"86","t":"19:10:00","h":"Ouest","s":"25N-H54N200F-80-F2"},{"r":"86","t":"19:10:00","h":"Ouest","s":"25N-H54N300F-80-F3"},{"r":"86","t":"19:10:00","h":"Ouest","s":"25N-H54N400F-80-F4"},{"r":"86","t":"19:10:00","h":"Ouest","s":"25N-H54NV10I-80-I"},{"r":"86","t":"19:10:00","h":"Ouest","s":"25N-H54NV20I-80-I"},{"r":"86","t":"19:10:00","h":"Ouest","s":"25S-H54S000I-82-I"},{"r":"86","t":"19:10:00","h":"Ouest","s":"25S-H54S100F-80-F1"},{"r":"86","t":"19:10:00","h":"Ouest","s":"25S-H54S200F-80-F2"},{"r":"86","t":"19:23:00","h":"Ouest","s":"25N-H54N000S-80-S"},{"r":"86","t":"19:23:00","h":"Ouest","s":"25N-H54NV10S-82-S"},{"r":"86","t":"19:23:00","h":"Ouest","s":"25N-H54NV20S-80-S"},{"r":"86","t":"19:23:00","h":"Ouest","s":"25S-H54S000S-82-S"},{"r":"86","t":"19:25:00","h":"Ouest","s":"25N-H54N000A-80-A"},{"r":"86","t":"19:25:00","h":"Ouest","s":"25N-H54NV10A-80-A"},{"r":"86","t":"19:25:00","h":"Ouest","s":"25N-H54NV20A-80-A"},{"r":"86","t":"19:25:00","h":"Ouest","s":"25S-H54S000A-83-A"},{"r":"86","t":"19:41:00","h":"Ouest","s":"25N-H54N000I-80-I"},{"r":"86","t":"19:41:00","h":"Ouest","s":"25N-H54N100F-80-F1"},{"r":"86","t":"19:41:00","h":"Ouest","s":"25N-H54N200F-80-F2"},{"r":"86","t":"19:41:00","h":"Ouest","s":"25N-H54N300F-80-F3"},{"r":"86","t":"19:41:00","h":"Ouest","s":"25N-H54N400F-80-F4"},{"r":"86","t":"19:41:00","h":"Ouest","s":"25N-H54NV10I-80-I"},{"r":"86","t":"19:41:00","h":"Ouest","s":"25N-H54NV20I-80-I"},{"r":"86","t":"19:41:00","h":"Ouest","s":"25S-H54S000I-82-I"},{"r":"86","t":"19:41:00","h":"Ouest","s":"25S-H54S100F-80-F1"},{"r":"86","t":"19:41:00","h":"Ouest","s":"25S-H54S200F-80-F2"},{"r":"86","t":"19:51:00","h":"Ouest","s":"25N-H54N000S-80-S"},{"r":"86","t":"19:51:00","h":"Ouest","s":"25N-H54NV10S-82-S"},{"r":"86","t":"19:51:00","h":"Ouest","s":"25N-H54NV20S-80-S"},{"r":"86","t":"19:51:00","h":"Ouest","s":"25S-H54S000S-82-S"},{"r":"86","t":"19:58:00","h":"Ouest","s":"25N-H54N000A-80-A"},{"r":"86","t":"19:58:00","h":"Ouest","s":"25N-H54NV10A-80-A"},{"r":"86","t":"19:58:00","h":"Ouest","s":"25N-H54NV20A-80-A"},{"r":"86","t":"19:58:00","h":"Ouest","s":"25S-H54S000A-83-A"},{"r":"86","t":"20:12:00","h":"Ouest","s":"25N-H54N000I-80-I"},{"r":"86","t":"20:12:00","h":"Ouest","s":"25N-H54N100F-80-F1"},{"r":"86","t":"20:12:00","h":"Ouest","s":"25N-H54N200F-80-F2"},{"r":"86","t":"20:12:00","h":"Ouest","s":"25N-H54N300F-80-F3"},{"r":"86","t":"20:12:00","h":"Ouest","s":"25N-H54N400F-80-F4"},{"r":"86","t":"20:12:00","h":"Ouest","s":"25N-H54NV10I-80-I"},{"r":"86","t":"20:12:00","h":"Ouest","s":"25N-H54NV20I-80-I"},{"r":"86","t":"20:12:00","h":"Ouest","s":"25S-H54S000I-82-I"},{"r":"86","t":"20:12:00","h":"Ouest","s":"25S-H54S100F-80-F1"},{"r":"86","t":"20:12:00","h":"Ouest","s":"25S-H54S200F-80-F2"},{"r":"86","t":"20:20:00","h":"Ouest","s":"25N-H54N000S-80-S"},{"r":"86","t":"20:20:00","h":"Ouest","s":"25N-H54NV10S-82-S"},{"r":"86","t":"20:20:00","h":"Ouest","s":"25N-H54NV20S-80-S"},{"r":"86","t":"20:20:00","h":"Ouest","s":"25S-H54S000S-82-S"},{"r":"86","t":"20:31:00","h":"Ouest","s":"25N-H54N000A-80-A"},{"r":"86","t":"20:31:00","h":"Ouest","s":"25N-H54NV10A-80-A"},{"r":"86","t":"20:31:00","h":"Ouest","s":"25N-H54NV20A-80-A"},{"r":"86","t":"20:31:00","h":"Ouest","s":"25S-H54S000A-83-A"},{"r":"86","t":"20:43:00","h":"Ouest","s":"25N-H54N000I-80-I"},{"r":"86","t":"20:43:00","h":"Ouest","s":"25N-H54N100F-80-F1"},{"r":"86","t":"20:43:00","h":"Ouest","s":"25N-H54N200F-80-F2"},{"r":"86","t":"20:43:00","h":"Ouest","s":"25N-H54N300F-80-F3"},{"r":"86","t":"20:43:00","h":"Ouest","s":"25N-H54N400F-80-F4"},{"r":"86","t":"20:43:00","h":"Ouest","s":"25N-H54NV10I-80-I"},{"r":"86","t":"20:43:00","h":"Ouest","s":"25N-H54NV20I-80-I"},{"r":"86","t":"20:43:00","h":"Ouest","s":"25S-H54S000I-82-I"},{"r":"86","t":"20:43:00","h":"Ouest","s":"25S-H54S100F-80-F1"},{"r":"86","t":"20:43:00","h":"Ouest","s":"25S-H54S200F-80-F2"},{"r":"86","t":"20:49:00","h":"Ouest","s":"25N-H54N000S-80-S"},{"r":"86","t":"20:49:00","h":"Ouest","s":"25N-H54NV10S-82-S"},{"r":"86","t":"20:49:00","h":"Ouest","s":"25N-H54NV20S-80-S"},{"r":"86","t":"20:49:00","h":"Ouest","s":"25S-H54S000S-82-S"},{"r":"86","t":"21:03:00","h":"Ouest","s":"25N-H54N000A-80-A"},{"r":"86","t":"21:03:00","h":"Ouest","s":"25N-H54NV10A-80-A"},{"r":"86","t":"21:03:00","h":"Ouest","s":"25N-H54NV20A-80-A"},{"r":"86","t":"21:03:00","h":"Ouest","s":"25S-H54S000A-83-A"},{"r":"86","t":"21:14:00","h":"Ouest","s":"25N-H54N000I-80-I"},{"r":"86","t":"21:14:00","h":"Ouest","s":"25N-H54N100F-80-F1"},{"r":"86","t":"21:14:00","h":"Ouest","s":"25N-H54N200F-80-F2"},{"r":"86","t":"21:14:00","h":"Ouest","s":"25N-H54N300F-80-F3"},{"r":"86","t":"21:14:00","h":"Ouest","s":"25N-H54N400F-80-F4"},{"r":"86","t":"21:14:00","h":"Ouest","s":"25N-H54NV10I-80-I"},{"r":"86","t":"21:14:00","h":"Ouest","s":"25N-H54NV20I-80-I"},{"r":"86","t":"21:14:00","h":"Ouest","s":"25S-H54S000I-82-I"},{"r":"86","t":"21:14:00","h":"Ouest","s":"25S-H54S100F-80-F1"},{"r":"86","t":"21:14:00","h":"Ouest","s":"25S-H54S200F-80-F2"},{"r":"86","t":"21:18:00","h":"Ouest","s":"25N-H54N000S-80-S"},{"r":"86","t":"21:18:00","h":"Ouest","s":"25N-H54NV10S-82-S"},{"r":"86","t":"21:18:00","h":"Ouest","s":"25N-H54NV20S-80-S"},{"r":"86","t":"21:18:00","h":"Ouest","s":"25S-H54S000S-82-S"},{"r":"86","t":"21:35:00","h":"Ouest","s":"25N-H54N000A-80-A"},{"r":"86","t":"21:35:00","h":"Ouest","s":"25N-H54NV10A-80-A"},{"r":"86","t":"21:35:00","h":"Ouest","s":"25N-H54NV20A-80-A"},{"r":"86","t":"21:35:00","h":"Ouest","s":"25S-H54S000A-83-A"},{"r":"86","t":"21:45:00","h":"Ouest","s":"25N-H54N000I-80-I"},{"r":"86","t":"21:45:00","h":"Ouest","s":"25N-H54N100F-80-F1"},{"r":"86","t":"21:45:00","h":"Ouest","s":"25N-H54N200F-80-F2"},{"r":"86","t":"21:45:00","h":"Ouest","s":"25N-H54N300F-80-F3"},{"r":"86","t":"21:45:00","h":"Ouest","s":"25N-H54N400F-80-F4"},{"r":"86","t":"21:45:00","h":"Ouest","s":"25N-H54NV10I-80-I"},{"r":"86","t":"21:45:00","h":"Ouest","s":"25N-H54NV20I-80-I"},{"r":"86","t":"21:45:00","h":"Ouest","s":"25S-H54S000I-82-I"},{"r":"86","t":"21:45:00","h":"Ouest","s":"25S-H54S100F-80-F1"},{"r":"86","t":"21:45:00","h":"Ouest","s":"25S-H54S200F-80-F2"},{"r":"86","t":"21:47:00","h":"Ouest","s":"25N-H54N000S-80-S"},{"r":"86","t":"21:47:00","h":"Ouest","s":"25N-H54NV10S-82-S"},{"r":"86","t":"21:47:00","h":"Ouest","s":"25N-H54NV20S-80-S"},{"r":"86","t":"21:47:00","h":"Ouest","s":"25S-H54S000S-82-S"},{"r":"86","t":"22:06:00","h":"Ouest","s":"25N-H54N000A-80-A"},{"r":"86","t":"22:06:00","h":"Ouest","s":"25N-H54NV10A-80-A"},{"r":"86","t":"22:06:00","h":"Ouest","s":"25N-H54NV20A-80-A"},{"r":"86","t":"22:06:00","h":"Ouest","s":"25S-H54S000A-83-A"},{"r":"86","t":"22:16:00","h":"Ouest","s":"25N-H54N000I-80-I"},{"r":"86","t":"22:16:00","h":"Ouest","s":"25N-H54N000S-80-S"},{"r":"86","t":"22:16:00","h":"Ouest","s":"25N-H54N100F-80-F1"},{"r":"86","t":"22:16:00","h":"Ouest","s":"25N-H54N200F-80-F2"},{"r":"86","t":"22:16:00","h":"Ouest","s":"25N-H54N300F-80-F3"},{"r":"86","t":"22:16:00","h":"Ouest","s":"25N-H54N400F-80-F4"},{"r":"86","t":"22:16:00","h":"Ouest","s":"25N-H54NV10I-80-I"},{"r":"86","t":"22:16:00","h":"Ouest","s":"25N-H54NV10S-82-S"},{"r":"86","t":"22:16:00","h":"Ouest","s":"25N-H54NV20I-80-I"},{"r":"86","t":"22:16:00","h":"Ouest","s":"25N-H54NV20S-80-S"},{"r":"86","t":"22:16:00","h":"Ouest","s":"25S-H54S000I-82-I"},{"r":"86","t":"22:16:00","h":"Ouest","s":"25S-H54S000S-82-S"},{"r":"86","t":"22:16:00","h":"Ouest","s":"25S-H54S100F-80-F1"},{"r":"86","t":"22:16:00","h":"Ouest","s":"25S-H54S200F-80-F2"},{"r":"86","t":"22:36:00","h":"Ouest","s":"25N-H54N000A-80-A"},{"r":"86","t":"22:36:00","h":"Ouest","s":"25N-H54NV10A-80-A"},{"r":"86","t":"22:36:00","h":"Ouest","s":"25N-H54NV20A-80-A"},{"r":"86","t":"22:36:00","h":"Ouest","s":"25S-H54S000A-83-A"},{"r":"86","t":"22:44:00","h":"Ouest","s":"25N-H54N000S-80-S"},{"r":"86","t":"22:44:00","h":"Ouest","s":"25N-H54NV10S-82-S"},{"r":"86","t":"22:44:00","h":"Ouest","s":"25N-H54NV20S-80-S"},{"r":"86","t":"22:44:00","h":"Ouest","s":"25S-H54S000S-82-S"},{"r":"86","t":"22:46:00","h":"Ouest","s":"25N-H54N000I-80-I"},{"r":"86","t":"22:46:00","h":"Ouest","s":"25N-H54N100F-80-F1"},{"r":"86","t":"22:46:00","h":"Ouest","s":"25N-H54N200F-80-F2"},{"r":"86","t":"22:46:00","h":"Ouest","s":"25N-H54N300F-80-F3"},{"r":"86","t":"22:46:00","h":"Ouest","s":"25N-H54N400F-80-F4"},{"r":"86","t":"22:46:00","h":"Ouest","s":"25N-H54NV10I-80-I"},{"r":"86","t":"22:46:00","h":"Ouest","s":"25N-H54NV20I-80-I"},{"r":"86","t":"22:46:00","h":"Ouest","s":"25S-H54S000I-82-I"},{"r":"86","t":"22:46:00","h":"Ouest","s":"25S-H54S100F-80-F1"},{"r":"86","t":"22:46:00","h":"Ouest","s":"25S-H54S200F-80-F2"},{"r":"86","t":"23:06:00","h":"Ouest","s":"25N-H54N000A-80-A"},{"r":"86","t":"23:06:00","h":"Ouest","s":"25N-H54NV10A-80-A"},{"r":"86","t":"23:06:00","h":"Ouest","s":"25N-H54NV20A-80-A"},{"r":"86","t":"23:06:00","h":"Ouest","s":"25S-H54S000A-83-A"},{"r":"86","t":"23:13:00","h":"Ouest","s":"25N-H54N000S-80-S"},{"r":"86","t":"23:13:00","h":"Ouest","s":"25N-H54NV10S-82-S"},{"r":"86","t":"23:13:00","h":"Ouest","s":"25N-H54NV20S-80-S"},{"r":"86","t":"23:13:00","h":"Ouest","s":"25S-H54S000S-82-S"},{"r":"86","t":"23:15:00","h":"Ouest","s":"25N-H54N000I-80-I"},{"r":"86","t":"23:15:00","h":"Ouest","s":"25N-H54N100F-80-F1"},{"r":"86","t":"23:15:00","h":"Ouest","s":"25N-H54N200F-80-F2"},{"r":"86","t":"23:15:00","h":"Ouest","s":"25N-H54N300F-80-F3"},{"r":"86","t":"23:15:00","h":"Ouest","s":"25N-H54N400F-80-F4"},{"r":"86","t":"23:15:00","h":"Ouest","s":"25N-H54NV10I-80-I"},{"r":"86","t":"23:15:00","h":"Ouest","s":"25N-H54NV20I-80-I"},{"r":"86","t":"23:15:00","h":"Ouest","s":"25S-H54S000I-82-I"},{"r":"86","t":"23:15:00","h":"Ouest","s":"25S-H54S100F-80-F1"},{"r":"86","t":"23:15:00","h":"Ouest","s":"25S-H54S200F-80-F2"},{"r":"86","t":"23:37:00","h":"Ouest","s":"25N-H54N000A-80-A"},{"r":"86","t":"23:37:00","h":"Ouest","s":"25N-H54NV10A-80-A"},{"r":"86","t":"23:37:00","h":"Ouest","s":"25N-H54NV20A-80-A"},{"r":"86","t":"23:37:00","h":"Ouest","s":"25S-H54S000A-83-A"},{"r":"86","t":"23:43:00","h":"Ouest","s":"25N-H54N000S-80-S"},{"r":"86","t":"23:43:00","h":"Ouest","s":"25N-H54NV10S-82-S"},{"r":"86","t":"23:43:00","h":"Ouest","s":"25N-H54NV20S-80-S"},{"r":"86","t":"23:43:00","h":"Ouest","s":"25S-H54S000S-82-S"},{"r":"86","t":"23:44:00","h":"Ouest","s":"25N-H54N000I-80-I"},{"r":"86","t":"23:44:00","h":"Ouest","s":"25N-H54N100F-80-F1"},{"r":"86","t":"23:44:00","h":"Ouest","s":"25N-H54N200F-80-F2"},{"r":"86","t":"23:44:00","h":"Ouest","s":"25N-H54N300F-80-F3"},{"r":"86","t":"23:44:00","h":"Ouest","s":"25N-H54N400F-80-F4"},{"r":"86","t":"23:44:00","h":"Ouest","s":"25N-H54NV10I-80-I"},{"r":"86","t":"23:44:00","h":"Ouest","s":"25N-H54NV20I-80-I"},{"r":"86","t":"23:44:00","h":"Ouest","s":"25S-H54S000I-82-I"},{"r":"86","t":"23:44:00","h":"Ouest","s":"25S-H54S100F-80-F1"},{"r":"86","t":"23:44:00","h":"Ouest","s":"25S-H54S200F-80-F2"},{"r":"86","t":"24:07:00","h":"Ouest","s":"25N-H54N000A-80-A"},{"r":"86","t":"24:07:00","h":"Ouest","s":"25N-H54NV10A-80-A"},{"r":"86","t":"24:07:00","h":"Ouest","s":"25N-H54NV20A-80-A"},{"r":"86","t":"24:07:00","h":"Ouest","s":"25S-H54S000A-83-A"},{"r":"86","t":"24:13:00","h":"Ouest","s":"25N-H54N000S-80-S"},{"r":"86","t":"24:13:00","h":"Ouest","s":"25N-H54NV10S-82-S"},{"r":"86","t":"24:13:00","h":"Ouest","s":"25N-H54NV20S-80-S"},{"r":"86","t":"24:13:00","h":"Ouest","s":"25S-H54S000S-82-S"},{"r":"86","t":"24:14:00","h":"Ouest","s":"25N-H54N000I-80-I"},{"r":"86","t":"24:14:00","h":"Ouest","s":"25N-H54N100F-80-F1"},{"r":"86","t":"24:14:00","h":"Ouest","s":"25N-H54N200F-80-F2"},{"r":"86","t":"24:14:00","h":"Ouest","s":"25N-H54N300F-80-F3"},{"r":"86","t":"24:14:00","h":"Ouest","s":"25N-H54N400F-80-F4"},{"r":"86","t":"24:14:00","h":"Ouest","s":"25N-H54NV10I-80-I"},{"r":"86","t":"24:14:00","h":"Ouest","s":"25N-H54NV20I-80-I"},{"r":"86","t":"24:14:00","h":"Ouest","s":"25S-H54S000I-82-I"},{"r":"86","t":"24:14:00","h":"Ouest","s":"25S-H54S100F-80-F1"},{"r":"86","t":"24:14:00","h":"Ouest","s":"25S-H54S200F-80-F2"},{"r":"86","t":"24:38:00","h":"Ouest","s":"25N-H54N000A-80-A"},{"r":"86","t":"24:38:00","h":"Ouest","s":"25N-H54NV10A-80-A"},{"r":"86","t":"24:38:00","h":"Ouest","s":"25N-H54NV20A-80-A"},{"r":"86","t":"24:38:00","h":"Ouest","s":"25S-H54S000A-83-A"},{"r":"86","t":"24:43:00","h":"Ouest","s":"25N-H54N000S-80-S"},{"r":"86","t":"24:43:00","h":"Ouest","s":"25N-H54NV10S-82-S"},{"r":"86","t":"24:43:00","h":"Ouest","s":"25N-H54NV20S-80-S"},{"r":"86","t":"24:43:00","h":"Ouest","s":"25S-H54S000S-82-S"},{"r":"86","t":"24:44:00","h":"Ouest","s":"25N-H54N000I-80-I"},{"r":"86","t":"24:44:00","h":"Ouest","s":"25N-H54N100F-80-F1"},{"r":"86","t":"24:44:00","h":"Ouest","s":"25N-H54N200F-80-F2"},{"r":"86","t":"24:44:00","h":"Ouest","s":"25N-H54N300F-80-F3"},{"r":"86","t":"24:44:00","h":"Ouest","s":"25N-H54N400F-80-F4"},{"r":"86","t":"24:44:00","h":"Ouest","s":"25N-H54NV10I-80-I"},{"r":"86","t":"24:44:00","h":"Ouest","s":"25N-H54NV20I-80-I"},{"r":"86","t":"24:44:00","h":"Ouest","s":"25S-H54S000I-82-I"},{"r":"86","t":"24:44:00","h":"Ouest","s":"25S-H54S100F-80-F1"},{"r":"86","t":"24:44:00","h":"Ouest","s":"25S-H54S200F-80-F2"},{"r":"86","t":"25:09:00","h":"Ouest","s":"25N-H54N000A-80-A"},{"r":"86","t":"25:09:00","h":"Ouest","s":"25N-H54NV10A-80-A"},{"r":"86","t":"25:09:00","h":"Ouest","s":"25N-H54NV20A-80-A"},{"r":"86","t":"25:09:00","h":"Ouest","s":"25S-H54S000A-83-A"},{"r":"86","t":"25:13:00","h":"Ouest","s":"25N-H54N000S-80-S"},{"r":"86","t":"25:13:00","h":"Ouest","s":"25N-H54NV10S-82-S"},{"r":"86","t":"25:13:00","h":"Ouest","s":"25N-H54NV20S-80-S"},{"r":"86","t":"25:13:00","h":"Ouest","s":"25S-H54S000S-82-S"},{"r":"86","t":"25:16:00","h":"Ouest","s":"25N-H54N000I-80-I"},{"r":"86","t":"25:16:00","h":"Ouest","s":"25N-H54N100F-80-F1"},{"r":"86","t":"25:16:00","h":"Ouest","s":"25N-H54N200F-80-F2"},{"r":"86","t":"25:16:00","h":"Ouest","s":"25N-H54N300F-80-F3"},{"r":"86","t":"25:16:00","h":"Ouest","s":"25N-H54N400F-80-F4"},{"r":"86","t":"25:16:00","h":"Ouest","s":"25N-H54NV10I-80-I"},{"r":"86","t":"25:16:00","h":"Ouest","s":"25N-H54NV20I-80-I"},{"r":"86","t":"25:16:00","h":"Ouest","s":"25S-H54S000I-82-I"},{"r":"86","t":"25:16:00","h":"Ouest","s":"25S-H54S100F-80-F1"},{"r":"86","t":"25:16:00","h":"Ouest","s":"25S-H54S200F-80-F2"},{"r":"86","t":"25:41:00","h":"Ouest","s":"25N-H54N000A-80-A"},{"r":"86","t":"25:41:00","h":"Ouest","s":"25N-H54NV10A-80-A"},{"r":"86","t":"25:41:00","h":"Ouest","s":"25N-H54NV20A-80-A"},{"r":"86","t":"25:41:00","h":"Ouest","s":"25S-H54S000A-83-A"}]