[{"r":"36","t":"04:49:00","h":"Ouest","s":"25N-H56N000A-80-A"},{"r":"36","t":"04:49:00","h":"Ouest","s":"25N-H56N000I-80-I"},{"r":"36","t":"04:49:00","h":"Ouest","s":"25N-H56N100F-80-F1"},{"r":"36","t":"04:49:00","h":"Ouest","s":"25N-H56N200F-80-F2"},{"r":"36","t":"04:49:00","h":"Ouest","s":"25N-H56N300F-80-F3"},{"r":"36","t":"04:49:00","h":"Ouest","s":"25N-H56N400F-80-F4"},{"r":"36","t":"04:49:00","h":"Ouest","s":"25N-H56NV10A-80-A"},{"r":"36","t":"04:49:00","h":"Ouest","s":"25N-H56NV10I-80-I"},{"r":"36","t":"04:49:00","h":"Ouest","s":"25N-H56NV20A-80-A"},{"r":"36","t":"04:49:00","h":"Ouest","s":"25N-H56NV20I-80-I"},{"r":"36","t":"04:49:00","h":"Ouest","s":"25S-H56S000A-80-A"},{"r":"36","t":"04:49:00","h":"Ouest","s":"25S-H56S000I-80-I"},{"r":"36","t":"04:49:00","h":"Ouest","s":"25S-H56S100F-80-F1"},{"r":"36","t":"04:49:00","h":"Ouest","s":"25S-H56S200F-81-F2"},{"r":"36","t":"04:50:00","h":"Ouest","s":"25N-H56N000S-80-S"},{"r":"36","t":"04:50:00","h":"Ouest","s":"25N-H56NV10S-80-S"},{"r":"36","t":"04:50:00","h":"Ouest","s":"25N-H56NV20S-80-S"},{"r":"36","t":"04:50:00","h":"Ouest","s":"25S-H56S000S-80-S"},{"r":"36","t":"05:19:00","h":"Ouest","s":"25N-H56N000A-80-A"},{"r":"36","t":"05:19:00","h":"Ouest","s":"25N-H56N000I-80-I"},{"r":"36","t":"05:19:00","h":"Ouest","s":"25N-H56N100F-80-F1"},{"r":"36","t":"05:19:00","h":"Ouest","s":"25N-H56N200F-80-F2"},{"r":"36","t":"05:19:00","h":"Ouest","s":"25N-H56N300F-80-F3"},{"r":"36","t":"05:19:00","h":"Ouest","s":"25N-H56N400F-80-F4"},{"r":"36","t":"05:19:00","h":"Ouest","s":"25N-H56NV10A-80-A"},{"r":"36","t":"05:19:00","h":"Ouest","s":"25N-H56NV10I-80-I"},{"r":"36","t":"05:19:00","h":"Ouest","s":"25N-H56NV20A-80-A"},{"r":"36","t":"05:19:00","h":"Ouest","s":"25N-H56NV20I-80-I"},{"r":"36","t":"05:19:00","h":"Ouest","s":"25S-H56S000A-80-A"},{"r":"36","t":"05:19:00","h":"Ouest","s":"25S-H56S000I-80-I"},{"r":"36","t":"05:19:00","h":"Ouest","s":"25S-H56S100F-80-F1"},{"r":"36","t":"05:19:00","h":"Ouest","s":"25S-H56S200F-81-F2"},{"r":"36","t":"05:20:00","h":"Ouest","s":"25N-H56N000S-80-S"},{"r":"36","t":"05:20:00","h":"Ouest","s":"25N-H56NV10S-80-S"},{"r":"36","t":"05:20:00","h":"Ouest","s":"25N-H56NV20S-80-S"},{"r":"36","t":"05:20:00","h":"Ouest","s":"25S-H56S000S-80-S"},{"r":"36","t":"05:49:00","h":"Ouest","s":"25N-H56N000A-80-A"},{"r":"36","t":"05:49:00","h":"Ouest","s":"25N-H56N000I-80-I"},{"r":"36","t":"05:49:00","h":"Ouest","s":"25N-H56N100F-80-F1"},{"r":"36","t":"05:49:00","h":"Ouest","s":"25N-H56N200F-80-F2"},{"r":"36","t":"05:49:00","h":"Ouest","s":"25N-H56N300F-80-F3"},{"r":"36","t":"05:49:00","h":"Ouest","s":"25N-H56N400F-80-F4"},{"r":"36","t":"05:49:00","h":"Ouest","s":"25N-H56NV10A-80-A"},{"r":"36","t":"05:49:00","h":"Ouest","s":"25N-H56NV10I-80-I"},{"r":"36","t":"05:49:00","h":"Ouest","s":"25N-H56NV20A-80-A"},{"r":"36","t":"05:49:00","h":"Ouest","s":"25N-H56NV20I-80-I"},{"r":"36","t":"05:49:00","h":"Ouest","s":"25S-H56S000A-80-A"},{"r":"36","t":"05:49:00","h":"Ouest","s":"25S-H56S000I-80-I"},{"r":"36","t":"05:49:00","h":"Ouest","s":"25S-H56S100F-80-F1"},{"r":"36","t":"05:49:00","h":"Ouest","s":"25S-H56S200F-81-F2"},{"r":"36","t":"05:51:00","h":"Ouest","s":"25N-H56N000S-80-S"},{"r":"36","t":"05:51:00","h":"Ouest","s":"25N-H56NV10S-80-S"},{"r":"36","t":"05:51:00","h":"Ouest","s":"25N-H56NV20S-80-S"},{"r":"36","t":"05:51:00","h":"Ouest","s":"25S-H56S000S-80-S"},{"r":"35","t":"05:58:49","h":"Ouest","s":"25N-H56N000S-80-S"},{"r":"35","t":"05:58:49","h":"Ouest","s":"25N-H56NV10S-80-S"},{"r":"35","t":"05:58:49","h":"Ouest","s":"25N-H56NV20S-80-S"},{"r":"35","t":"05:58:49","h":"Ouest","s":"25S-H56S000S-80-S"},{"r":"35","t":"06:16:06","h":"Ouest","s":"25N-H56N000I-80-I"},{"r":"35","t":"06:16:06","h":"Ouest","s":"25N-H56N100F-80-F1"},{"r":"35","t":"06:16:06","h":"Ouest","s":"25N-H56N200F-80-F2"},{"r":"35","t":"06:16:06","h":"Ouest","s":"25N-H56N300F-80-F3"},{"r":"35","t":"06:16:06","h":"Ouest","s":"25N-H56N400F-80-F4"},{"r":"35","t":"06:16:06","h":"Ouest","s":"25N-H56NV10I-80-I"},{"r":"35","t":"06:16:06","h":"Ouest","s":"25N-H56NV20I-80-I"},{"r":"35","t":"06:16:06","h":"Ouest","s":"25S-H56S000I-80-I"},{"r":"35","t":"06:16:06","h":"Ouest","s":"25S-H56S100F-80-F1"},{"r":"35","t":"06:16:06","h":"Ouest","s":"25S-H56S200F-81-F2"},{"r":"36","t":"06:18:00","h":"Ouest","s":"25N-H56N000S-80-S"},{"r":"36","t":"06:18:00","h":"Ouest","s":"25N-H56NV10S-80-S"},{"r":"36","t":"06:18:00","h":"Ouest","s":"25N-H56NV20S-80-S"},{"r":"36","t":"06:18:00","h":"Ouest","s":"25S-H56S000S-80-S"},{"r":"35","t":"06:19:49","h":"Ouest","s":"25N-H56N000A-80-A"},{"r":"35","t":"06:19:49","h":"Ouest","s":"25N-H56NV10A-80-A"},{"r":"35","t":"06:19:49","h":"Ouest","s":"25N-H56NV20A-80-A"},{"r":"35","t":"06:19:49","h":"Ouest","s":"25S-H56S000A-80-A"},{"r":"36","t":"06:20:00","h":"Ouest","s":"25N-H56N000I-80-I"},{"r":"36","t":"06:20:00","h":"Ouest","s":"25N-H56N100F-80-F1"},{"r":"36","t":"06:20:00","h":"Ouest","s":"25N-H56N200F-80-F2"},{"r":"36","t":"06:20:00","h":"Ouest","s":"25N-H56N300F-80-F3"},{"r":"36","t":"06:20:00","h":"Ouest","s":"25N-H56N400F-80-F4"},{"r":"36","t":"06:20:00","h":"Ouest","s":"25N-H56NV10I-80-I"},{"r":"36","t":"06:20:00","h":"Ouest","s":"25N-H56NV20I-80-I"},{"r":"36","t":"06:20:00","h":"Ouest","s":"25S-H56S000I-80-I"},{"r":"36","t":"06:20:00","h":"Ouest","s":"25S-H56S100F-80-F1"},{"r":"36","t":"06:20:00","h":"Ouest","s":"25S-H56S200F-81-F2"},{"r":"36","t":"06:22:00","h":"Ouest","s":"25N-H56N000A-80-A"},{"r":"36","t":"06:22:00","h":"Ouest","s":"25N-H56NV10A-80-A"},{"r":"36","t":"06:22:00","h":"Ouest","s":"25N-H56NV20A-80-A"},{"r":"36","t":"06:22:00","h":"Ouest","s":"25S-H56S000A-80-A"},{"r":"35","t":"06:25:49","h":"Ouest","s":"25N-H56N000S-80-S"},{"r":"35","t":"06:25:49","h":"Ouest","s":"25N-H56NV10S-80-S"},{"r":"35","t":"06:25:49","h":"Ouest","s":"25N-H56NV20S-80-S"},{"r":"35","t":"06:25:49","h":"Ouest","s":"25S-H56S000S-80-S"},{"r":"36","t":"06:44:00","h":"Ouest","s":"25N-H56N000S-80-S"},{"r":"36","t":"06:44:00","h":"Ouest","s":"25N-H56NV10S-80-S"},{"r":"36","t":"06:44:00","h":"Ouest","s":"25N-H56NV20S-80-S"},{"r":"36","t":"06:44:00","h":"Ouest","s":"25S-H56S000S-80-S"},{"r":"35","t":"06:45:06","h":"Ouest","s":"25N-H56N000I-80-I"},{"r":"35","t":"06:45:06","h":"Ouest","s":"25N-H56N100F-80-F1"},{"r":"35","t":"06:45:06","h":"Ouest","s":"25N-H56N200F-80-F2"},{"r":"35","t":"06:45:06","h":"Ouest","s":"25N-H56N300F-80-F3"},{"r":"35","t":"06:45:06","h":"Ouest","s":"25N-H56N400F-80-F4"},{"r":"35","t":"06:45:06","h":"Ouest","s":"25N-H56NV10I-80-I"},{"r":"35","t":"06:45:06","h":"Ouest","s":"25N-H56NV20I-80-I"},{"r":"35","t":"06:45:06","h":"Ouest","s":"25S-H56S000I-80-I"},{"r":"35","t":"06:45:06","h":"Ouest","s":"25S-H56S100F-80-F1"},{"r":"35","t":"06:45:06","h":"Ouest","s":"25S-H56S200F-81-F2"},{"r":"35","t":"06:48:49","h":"Ouest","s":"25N-H56N000A-80-A"},{"r":"35","t":"06:48:49","h":"Ouest","s":"25N-H56NV10A-80-A"},{"r":"35","t":"06:48:49","h":"Ouest","s":"25N-H56NV20A-80-A"},{"r":"35","t":"06:48:49","h":"Ouest","s":"25S-H56S000A-80-A"},{"r":"36","t":"06:51:00","h":"Ouest","s":"25N-H56N000A-80-A"},{"r":"36","t":"06:51:00","h":"Ouest","s":"25N-H56NV10A-80-A"},{"r":"36","t":"06:51:00","h":"Ouest","s":"25N-H56NV20A-80-A"},{"r":"36","t":"06:51:00","h":"Ouest","s":"25S-H56S000A-80-A"},{"r":"36","t":"06:52:00","h":"Ouest","s":"25N-H56N000I-80-I"},{"r":"36","t":"06:52:00","h":"Ouest","s":"25N-H56N100F-80-F1"},{"r":"36","t":"06:52:00","h":"Ouest","s":"25N-H56N200F-80-F2"},{"r":"36","t":"06:52:00","h":"Ouest","s":"25N-H56N300F-80-F3"},{"r":"36","t":"06:52:00","h":"Ouest","s":"25N-H56N400F-80-F4"},{"r":"36","t":"06:52:00","h":"Ouest","s":"25N-H56NV10I-80-I"},{"r":"36","t":"06:52:00","h":"Ouest","s":"25N-H56NV20I-80-I"},{"r":"36","t":"06:52:00","h":"Ouest","s":"25S-H56S000I-80-I"},{"r":"36","t":"06:52:00","h":"Ouest","s":"25S-H56S100F-80-F1"},{"r":"36","t":"06:52:00","h":"Ouest","s":"25S-H56S200F-81-F2"},{"r":"35","t":"06:58:31","h":"Ouest","s":"25N-H56N000S-80-S"},{"r":"35","t":"06:58:31","h":"Ouest","s":"25N-H56NV10S-80-S"},{"r":"35","t":"06:58:31","h":"Ouest","s":"25N-H56NV20S-80-S"},{"r":"35","t":"06:58:31","h":"Ouest","s":"25S-H56S000S-80-S"},{"r":"36","t":"07:08:00","h":"Ouest","s":"25N-H56N000S-80-S"},{"r":"36","t":"07:08:00","h":"Ouest","s":"25N-H56NV10S-80-S"},{"r":"36","t":"07:08:00","h":"Ouest","s":"25N-H56NV20S-80-S"},{"r":"36","t":"07:08:00","h":"Ouest","s":"25S-H56S000S-80-S"},{"r":"35","t":"07:16:06","h":"Ouest","s":"25N-H56N000I-80-I"},{"r":"35","t":"07:16:06","h":"Ouest","s":"25N-H56N100F-80-F1"},{"r":"35","t":"07:16:06","h":"Ouest","s":"25N-H56N200F-80-F2"},{"r":"35","t":"07:16:06","h":"Ouest","s":"25N-H56N300F-80-F3"},{"r":"35","t":"07:16:06","h":"Ouest","s":"25N-H56N400F-80-F4"},{"r":"35","t":"07:16:06","h":"Ouest","s":"25N-H56NV10I-80-I"},{"r":"35","t":"07:16:06","h":"Ouest","s":"25N-H56NV20I-80-I"},{"r":"35","t":"07:16:06","h":"Ouest","s":"25S-H56S000I-80-I"},{"r":"35","t":"07:16:06","h":"Ouest","s":"25S-H56S100F-80-F1"},{"r":"35","t":"07:16:06","h":"Ouest","s":"25S-H56S200F-81-F2"},{"r":"35","t":"07:17:49","h":"Ouest","s":"25N-H56N000A-80-A"},{"r":"35","t":"07:17:49","h":"Ouest","s":"25N-H56NV10A-80-A"},{"r":"35","t":"07:17:49","h":"Ouest","s":"25N-H56NV20A-80-A"},{"r":"35","t":"07:17:49","h":"Ouest","s":"25S-H56S000A-80-A"},{"r":"36","t":"07:23:00","h":"Ouest","s":"25N-H56N000A-80-A"},{"r":"36","t":"07:23:00","h":"Ouest","s":"25N-H56N000I-80-I"},{"r":"36","t":"07:23:00","h":"Ouest","s":"25N-H56N100F-80-F1"},{"r":"36","t":"07:23:00","h":"Ouest","s":"25N-H56N200F-80-F2"},{"r":"36","t":"07:23:00","h":"Ouest","s":"25N-H56N300F-80-F3"},{"r":"36","t":"07:23:00","h":"Ouest","s":"25N-H56N400F-80-F4"},{"r":"36","t":"07:23:00","h":"Ouest","s":"25N-H56NV10A-80-A"},{"r":"36","t":"07:23:00","h":"Ouest","s":"25N-H56NV10I-80-I"},{"r":"36","t":"07:23:00","h":"Ouest","s":"25N-H56NV20A-80-A"},{"r":"36","t":"07:23:00","h":"Ouest","s":"25N-H56NV20I-80-I"},{"r":"36","t":"07:23:00","h":"Ouest","s":"25S-H56S000A-80-A"},{"r":"36","t":"07:23:00","h":"Ouest","s":"25S-H56S000I-80-I"},{"r":"36","t":"07:23:00","h":"Ouest","s":"25S-H56S100F-80-F1"},{"r":"36","t":"07:23:00","h":"Ouest","s":"25S-H56S200F-81-F2"},{"r":"35","t":"07:28:13","h":"Ouest","s":"25N-H56N000S-80-S"},{"r":"35","t":"07:28:13","h":"Ouest","s":"25N-H56NV10S-80-S"},{"r":"35","t":"07:28:13","h":"Ouest","s":"25N-H56NV20S-80-S"},{"r":"35","t":"07:28:13","h":"Ouest","s":"25S-H56S000S-80-S"},{"r":"36","t":"07:29:00","h":"Ouest","s":"25N-H56N000S-80-S"},{"r":"36","t":"07:29:00","h":"Ouest","s":"25N-H56NV10S-80-S"},{"r":"36","t":"07:29:00","h":"Ouest","s":"25N-H56NV20S-80-S"},{"r":"36","t":"07:29:00","h":"Ouest","s":"25S-H56S000S-80-S"},{"r":"35","t":"07:46:49","h":"Ouest","s":"25N-H56N000A-80-A"},{"r":"35","t":"07:46:49","h":"Ouest","s":"25N-H56NV10A-80-A"},{"r":"35","t":"07:46:49","h":"Ouest","s":"25N-H56NV20A-80-A"},{"r":"35","t":"07:46:49","h":"Ouest","s":"25S-H56S000A-80-A"},{"r":"35","t":"07:47:06","h":"Ouest","s":"25N-H56N000I-80-I"},{"r":"35","t":"07:47:06","h":"Ouest","s":"25N-H56N100F-80-F1"},{"r":"35","t":"07:47:06","h":"Ouest","s":"25N-H56N200F-80-F2"},{"r":"35","t":"07:47:06","h":"Ouest","s":"25N-H56N300F-80-F3"},{"r":"35","t":"07:47:06","h":"Ouest","s":"25N-H56N400F-80-F4"},{"r":"35","t":"07:47:06","h":"Ouest","s":"25N-H56NV10I-80-I"},{"r":"35","t":"07:47:06","h":"Ouest","s":"25N-H56NV20I-80-I"},{"r":"35","t":"07:47:06","h":"Ouest","s":"25S-H56S000I-80-I"},{"r":"35","t":"07:47:06","h":"Ouest","s":"25S-H56S100F-80-F1"},{"r":"35","t":"07:47:06","h":"Ouest","s":"25S-H56S200F-81-F2"},{"r":"36","t":"07:52:00","h":"Ouest","s":"25N-H56N000A-80-A"},{"r":"36","t":"07:52:00","h":"Ouest","s":"25N-H56NV10A-80-A"},{"r":"36","t":"07:52:00","h":"Ouest","s":"25N-H56NV20A-80-A"},{"r":"36","t":"07:52:00","h":"Ouest","s":"25S-H56S000A-80-A"},{"r":"36","t":"07:53:00","h":"Ouest","s":"25N-H56N000S-80-S"},{"r":"36","t":"07:53:00","h":"Ouest","s":"25N-H56NV10S-80-S"},{"r":"36","t":"07:53:00","h":"Ouest","s":"25N-H56NV20S-80-S"},{"r":"36","t":"07:53:00","h":"Ouest","s":"25S-H56S000S-80-S"},{"r":"36","t":"07:54:00","h":"Ouest","s":"25N-H56N000I-80-I"},{"r":"36","t":"07:54:00","h":"Ouest","s":"25N-H56N100F-80-F1"},{"r":"36","t":"07:54:00","h":"Ouest","s":"25N-H56N200F-80-F2"},{"r":"36","t":"07:54:00","h":"Ouest","s":"25N-H56N300F-80-F3"},{"r":"36","t":"07:54:00","h":"Ouest","s":"25N-H56N400F-80-F4"},{"r":"36","t":"07:54:00","h":"Ouest","s":"25N-H56NV10I-80-I"},{"r":"36","t":"07:54:00","h":"Ouest","s":"25N-H56NV20I-80-I"},{"r":"36","t":"07:54:00","h":"Ouest","s":"25S-H56S000I-80-I"},{"r":"36","t":"07:54:00","h":"Ouest","s":"25S-H56S100F-80-F1"},{"r":"36","t":"07:54:00","h":"Ouest","s":"25S-H56S200F-81-F2"},{"r":"35","t":"07:58:13","h":"Ouest","s":"25N-H56N000S-80-S"},{"r":"35","t":"07:58:13","h":"Ouest","s":"25N-H56NV10S-80-S"},{"r":"35","t":"07:58:13","h":"Ouest","s":"25N-H56NV20S-80-S"},{"r":"35","t":"07:58:13","h":"Ouest","s":"25S-H56S000S-80-S"},{"r":"36","t":"08:13:00","h":"Ouest","s":"25N-H56N000S-80-S"},{"r":"36","t":"08:13:00","h":"Ouest","s":"25N-H56NV10S-80-S"},{"r":"36","t":"08:13:00","h":"Ouest","s":"25N-H56NV20S-80-S"},{"r":"36","t":"08:13:00","h":"Ouest","s":"25S-H56S000S-80-S"},{"r":"35","t":"08:16:49","h":"Ouest","s":"25N-H56N000A-80-A"},{"r":"35","t":"08:16:49","h":"Ouest","s":"25N-H56NV10A-80-A"},{"r":"35","t":"08:16:49","h":"Ouest","s":"25N-H56NV20A-80-A"},{"r":"35","t":"08:16:49","h":"Ouest","s":"25S-H56S000A-80-A"},{"r":"35","t":"08:19:06","h":"Ouest","s":"25N-H56N000I-80-I"},{"r":"35","t":"08:19:06","h":"Ouest","s":"25N-H56N100F-80-F1"},{"r":"35","t":"08:19:06","h":"Ouest","s":"25N-H56N200F-80-F2"},{"r":"35","t":"08:19:06","h":"Ouest","s":"25N-H56N300F-80-F3"},{"r":"35","t":"08:19:06","h":"Ouest","s":"25N-H56N400F-80-F4"},{"r":"35","t":"08:19:06","h":"Ouest","s":"25N-H56NV10I-80-I"},{"r":"35","t":"08:19:06","h":"Ouest","s":"25N-H56NV20I-80-I"},{"r":"35","t":"08:19:06","h":"Ouest","s":"25S-H56S000I-80-I"},{"r":"35","t":"08:19:06","h":"Ouest","s":"25S-H56S100F-80-F1"},{"r":"35","t":"08:19:06","h":"Ouest","s":"25S-H56S200F-81-F2"},{"r":"35","t":"08:20:13","h":"Ouest","s":"25N-H56N000S-80-S"},{"r":"35","t":"08:20:13","h":"Ouest","s":"25N-H56NV10S-80-S"},{"r":"35","t":"08:20:13","h":"Ouest","s":"25N-H56NV20S-80-S"},{"r":"35","t":"08:20:13","h":"Ouest","s":"25S-H56S000S-80-S"},{"r":"36","t":"08:23:00","h":"Ouest","s":"25N-H56N000A-80-A"},{"r":"36","t":"08:23:00","h":"Ouest","s":"25N-H56NV10A-80-A"},{"r":"36","t":"08:23:00","h":"Ouest","s":"25N-H56NV20A-80-A"},{"r":"36","t":"08:23:00","h":"Ouest","s":"25S-H56S000A-80-A"},{"r":"36","t":"08:24:00","h":"Ouest","s":"25N-H56N000I-80-I"},{"r":"36","t":"08:24:00","h":"Ouest","s":"25N-H56N100F-80-F1"},{"r":"36","t":"08:24:00","h":"Ouest","s":"25N-H56N200F-80-F2"},{"r":"36","t":"08:24:00","h":"Ouest","s":"25N-H56N300F-80-F3"},{"r":"36","t":"08:24:00","h":"Ouest","s":"25N-H56N400F-80-F4"},{"r":"36","t":"08:24:00","h":"Ouest","s":"25N-H56NV10I-80-I"},{"r":"36","t":"08:24:00","h":"Ouest","s":"25N-H56NV20I-80-I"},{"r":"36","t":"08:24:00","h":"Ouest","s":"25S-H56S000I-80-I"},{"r":"36","t":"08:24:00","h":"Ouest","s":"25S-H56S100F-80-F1"},{"r":"36","t":"08:24:00","h":"Ouest","s":"25S-H56S200F-81-F2"},{"r":"36","t":"08:33:00","h":"Ouest","s":"25N-H56N000S-80-S"},{"r":"36","t":"08:33:00","h":"Ouest","s":"25N-H56NV10S-80-S"},{"r":"36","t":"08:33:00","h":"Ouest","s":"25N-H56NV20S-80-S"},{"r":"36","t":"08:33:00","h":"Ouest","s":"25S-H56S000S-80-S"},{"r":"35","t":"08:42:13","h":"Ouest","s":"25N-H56N000S-80-S"},{"r":"35","t":"08:42:13","h":"Ouest","s":"25N-H56NV10S-80-S"},{"r":"35","t":"08:42:13","h":"Ouest","s":"25N-H56NV20S-80-S"},{"r":"35","t":"08:42:13","h":"Ouest","s":"25S-H56S000S-80-S"},{"r":"35","t":"08:47:49","h":"Ouest","s":"25N-H56N000A-80-A"},{"r":"35","t":"08:47:49","h":"Ouest","s":"25N-H56NV10A-80-A"},{"r":"35","t":"08:47:49","h":"Ouest","s":"25N-H56NV20A-80-A"},{"r":"35","t":"08:47:49","h":"Ouest","s":"25S-H56S000A-80-A"},{"r":"35","t":"08:50:06","h":"Ouest","s":"25N-H56N000I-80-I"},{"r":"35","t":"08:50:06","h":"Ouest","s":"25N-H56N100F-80-F1"},{"r":"35","t":"08:50:06","h":"Ouest","s":"25N-H56N200F-80-F2"},{"r":"35","t":"08:50:06","h":"Ouest","s":"25N-H56N300F-80-F3"},{"r":"35","t":"08:50:06","h":"Ouest","s":"25N-H56N400F-80-F4"},{"r":"35","t":"08:50:06","h":"Ouest","s":"25N-H56NV10I-80-I"},{"r":"35","t":"08:50:06","h":"Ouest","s":"25N-H56NV20I-80-I"},{"r":"35","t":"08:50:06","h":"Ouest","s":"25S-H56S000I-80-I"},{"r":"35","t":"08:50:06","h":"Ouest","s":"25S-H56S100F-80-F1"},{"r":"35","t":"08:50:06","h":"Ouest","s":"25S-H56S200F-81-F2"},{"r":"36","t":"08:54:00","h":"Ouest","s":"25N-H56N000A-80-A"},{"r":"36","t":"08:54:00","h":"Ouest","s":"25N-H56N000I-80-I"},{"r":"36","t":"08:54:00","h":"Ouest","s":"25N-H56N100F-80-F1"},{"r":"36","t":"08:54:00","h":"Ouest","s":"25N-H56N200F-80-F2"},{"r":"36","t":"08:54:00","h":"Ouest","s":"25N-H56N300F-80-F3"},{"r":"36","t":"08:54:00","h":"Ouest","s":"25N-H56N400F-80-F4"},{"r":"36","t":"08:54:00","h":"Ouest","s":"25N-H56NV10A-80-A"},{"r":"36","t":"08:54:00","h":"Ouest","s":"25N-H56NV10I-80-I"},{"r":"36","t":"08:54:00","h":"Ouest","s":"25N-H56NV20A-80-A"},{"r":"36","t":"08:54:00","h":"Ouest","s":"25N-H56NV20I-80-I"},{"r":"36","t":"08:54:00","h":"Ouest","s":"25S-H56S000A-80-A"},{"r":"36","t":"08:54:00","h":"Ouest","s":"25S-H56S000I-80-I"},{"r":"36","t":"08:54:00","h":"Ouest","s":"25S-H56S100F-80-F1"},{"r":"36","t":"08:54:00","h":"Ouest","s":"25S-H56S200F-81-F2"},{"r":"36","t":"08:55:00","h":"Ouest","s":"25N-H56N000S-80-S"},{"r":"36","t":"08:55:00","h":"Ouest","s":"25N-H56NV10S-80-S"},{"r":"36","t":"08:55:00","h":"Ouest","s":"25N-H56NV20S-80-S"},{"r":"36","t":"08:55:00","h":"Ouest","s":"25S-H56S000S-80-S"},{"r":"35","t":"09:04:13","h":"Ouest","s":"25N-H56N000S-80-S"},{"r":"35","t":"09:04:13","h":"Ouest","s":"25N-H56NV10S-80-S"},{"r":"35","t":"09:04:13","h":"Ouest","s":"25N-H56NV20S-80-S"},{"r":"35","t":"09:04:13","h":"Ouest","s":"25S-H56S000S-80-S"},{"r":"36","t":"09:17:00","h":"Ouest","s":"25N-H56N000S-80-S"},{"r":"36","t":"09:17:00","h":"Ouest","s":"25N-H56NV10S-80-S"},{"r":"36","t":"09:17:00","h":"Ouest","s":"25N-H56NV20S-80-S"},{"r":"36","t":"09:17:00","h":"Ouest","s":"25S-H56S000S-80-S"},{"r":"35","t":"09:17:49","h":"Ouest","s":"25N-H56N000A-80-A"},{"r":"35","t":"09:17:49","h":"Ouest","s":"25N-H56NV10A-80-A"},{"r":"35","t":"09:17:49","h":"Ouest","s":"25N-H56NV20A-80-A"},{"r":"35","t":"09:17:49","h":"Ouest","s":"25S-H56S000A-80-A"},{"r":"35","t":"09:20:06","h":"Ouest","s":"25N-H56N000I-80-I"},{"r":"35","t":"09:20:06","h":"Ouest","s":"25N-H56N100F-80-F1"},{"r":"35","t":"09:20:06","h":"Ouest","s":"25N-H56N200F-80-F2"},{"r":"35","t":"09:20:06","h":"Ouest","s":"25N-H56N300F-80-F3"},{"r":"35","t":"09:20:06","h":"Ouest","s":"25N-H56N400F-80-F4"},{"r":"35","t":"09:20:06","h":"Ouest","s":"25N-H56NV10I-80-I"},{"r":"35","t":"09:20:06","h":"Ouest","s":"25N-H56NV20I-80-I"},{"r":"35","t":"09:20:06","h":"Ouest","s":"25S-H56S000I-80-I"},{"r":"35","t":"09:20:06","h":"Ouest","s":"25S-H56S100F-80-F1"},{"r":"35","t":"09:20:06","h":"Ouest","s":"25S-H56S200F-81-F2"},{"r":"36","t":"09:25:00","h":"Ouest","s":"25N-H56N000I-80-I"},{"r":"36","t":"09:25:00","h":"Ouest","s":"25N-H56N100F-80-F1"},{"r":"36","t":"09:25:00","h":"Ouest","s":"25N-H56N200F-80-F2"},{"r":"36","t":"09:25:00","h":"Ouest","s":"25N-H56N300F-80-F3"},{"r":"36","t":"09:25:00","h":"Ouest","s":"25N-H56N400F-80-F4"},{"r":"36","t":"09:25:00","h":"Ouest","s":"25N-H56NV10I-80-I"},{"r":"36","t":"09:25:00","h":"Ouest","s":"25N-H56NV20I-80-I"},{"r":"36","t":"09:25:00","h":"Ouest","s":"25S-H56S000I-80-I"},{"r":"36","t":"09:25:00","h":"Ouest","s":"25S-H56S100F-80-F1"},{"r":"36","t":"09:25:00","h":"Ouest","s":"25S-H56S200F-81-F2"},{"r":"36","t":"09:27:00","h":"Ouest","s":"25N-H56N000A-80-A"},{"r":"36","t":"09:27:00","h":"Ouest","s":"25N-H56NV10A-80-A"},{"r":"36","t":"09:27:00","h":"Ouest","s":"25N-H56NV20A-80-A"},{"r":"36","t":"09:27:00","h":"Ouest","s":"25S-H56S000A-80-A"},{"r":"35","t":"09:27:13","h":"Ouest","s":"25N-H56N000S-80-S"},{"r":"35","t":"09:27:13","h":"Ouest","s":"25N-H56NV10S-80-S"},{"r":"35","t":"09:27:13","h":"Ouest","s":"25N-H56NV20S-80-S"},{"r":"35","t":"09:27:13","h":"Ouest","s":"25S-H56S000S-80-S"},{"r":"36","t":"09:39:00","h":"Ouest","s":"25N-H56N000S-80-S"},{"r":"36","t":"09:39:00","h":"Ouest","s":"25N-H56NV10S-80-S"},{"r":"36","t":"09:39:00","h":"Ouest","s":"25N-H56NV20S-80-S"},{"r":"36","t":"09:39:00","h":"Ouest","s":"25S-H56S000S-80-S"},{"r":"35","t":"09:48:31","h":"Ouest","s":"25N-H56N000S-80-S"},{"r":"35","t":"09:48:31","h":"Ouest","s":"25N-H56NV10S-80-S"},{"r":"35","t":"09:48:31","h":"Ouest","s":"25N-H56NV20S-80-S"},{"r":"35","t":"09:48:31","h":"Ouest","s":"25S-H56S000S-80-S"},{"r":"35","t":"09:49:49","h":"Ouest","s":"25N-H56N000A-80-A"},{"r":"35","t":"09:49:49","h":"Ouest","s":"25N-H56NV10A-80-A"},{"r":"35","t":"09:49:49","h":"Ouest","s":"25N-H56NV20A-80-A"},{"r":"35","t":"09:49:49","h":"Ouest","s":"25S-H56S000A-80-A"},{"r":"35","t":"09:51:06","h":"Ouest","s":"25N-H56N000I-80-I"},{"r":"35","t":"09:51:06","h":"Ouest","s":"25N-H56N100F-80-F1"},{"r":"35","t":"09:51:06","h":"Ouest","s":"25N-H56N200F-80-F2"},{"r":"35","t":"09:51:06","h":"Ouest","s":"25N-H56N300F-80-F3"},{"r":"35","t":"09:51:06","h":"Ouest","s":"25N-H56N400F-80-F4"},{"r":"35","t":"09:51:06","h":"Ouest","s":"25N-H56NV10I-80-I"},{"r":"35","t":"09:51:06","h":"Ouest","s":"25N-H56NV20I-80-I"},{"r":"35","t":"09:51:06","h":"Ouest","s":"25S-H56S000I-80-I"},{"r":"35","t":"09:51:06","h":"Ouest","s":"25S-H56S100F-80-F1"},{"r":"35","t":"09:51:06","h":"Ouest","s":"25S-H56S200F-81-F2"},{"r":"36","t":"09:57:00","h":"Ouest","s":"25N-H56N000I-80-I"},{"r":"36","t":"09:57:00","h":"Ouest","s":"25N-H56N100F-80-F1"},{"r":"36","t":"09:57:00","h":"Ouest","s":"25N-H56N200F-80-F2"},{"r":"36","t":"09:57:00","h":"Ouest","s":"25N-H56N300F-80-F3"},{"r":"36","t":"09:57:00","h":"Ouest","s":"25N-H56N400F-80-F4"},{"r":"36","t":"09:57:00","h":"Ouest","s":"25N-H56NV10I-80-I"},{"r":"36","t":"09:57:00","h":"Ouest","s":"25N-H56NV20I-80-I"},{"r":"36","t":"09:57:00","h":"Ouest","s":"25S-H56S000I-80-I"},{"r":"36","t":"09:57:00","h":"Ouest","s":"25S-H56S100F-80-F1"},{"r":"36","t":"09:57:00","h":"Ouest","s":"25S-H56S200F-81-F2"},{"r":"36","t":"09:59:00","h":"Ouest","s":"25N-H56N000A-80-A"},{"r":"36","t":"09:59:00","h":"Ouest","s":"25N-H56NV10A-80-A"},{"r":"36","t":"09:59:00","h":"Ouest","s":"25N-H56NV20A-80-A"},{"r":"36","t":"09:59:00","h":"Ouest","s":"25S-H56S000A-80-A"},{"r":"36","t":"10:02:00","h":"Ouest","s":"25N-H56N000S-80-S"},{"r":"36","t":"10:02:00","h":"Ouest","s":"25N-H56NV10S-80-S"},{"r":"36","t":"10:02:00","h":"Ouest","s":"25N-H56NV20S-80-S"},{"r":"36","t":"10:02:00","h":"Ouest","s":"25S-H56S000S-80-S"},{"r":"35","t":"10:06:31","h":"Ouest","s":"25N-H56N000S-80-S"},{"r":"35","t":"10:06:31","h":"Ouest","s":"25N-H56NV10S-80-S"},{"r":"35","t":"10:06:31","h":"Ouest","s":"25N-H56NV20S-80-S"},{"r":"35","t":"10:06:31","h":"Ouest","s":"25S-H56S000S-80-S"},{"r":"35","t":"10:23:06","h":"Ouest","s":"25N-H56N000I-80-I"},{"r":"35","t":"10:23:06","h":"Ouest","s":"25N-H56N100F-80-F1"},{"r":"35","t":"10:23:06","h":"Ouest","s":"25N-H56N200F-80-F2"},{"r":"35","t":"10:23:06","h":"Ouest","s":"25N-H56N300F-80-F3"},{"r":"35","t":"10:23:06","h":"Ouest","s":"25N-H56N400F-80-F4"},{"r":"35","t":"10:23:06","h":"Ouest","s":"25N-H56NV10I-80-I"},{"r":"35","t":"10:23:06","h":"Ouest","s":"25N-H56NV20I-80-I"},{"r":"35","t":"10:23:06","h":"Ouest","s":"25S-H56S000I-80-I"},{"r":"35","t":"10:23:06","h":"Ouest","s":"25S-H56S100F-80-F1"},{"r":"35","t":"10:23:06","h":"Ouest","s":"25S-H56S200F-81-F2"},{"r":"35","t":"10:24:49","h":"Ouest","s":"25N-H56N000A-80-A"},{"r":"35","t":"10:24:49","h":"Ouest","s":"25N-H56NV10A-80-A"},{"r":"35","t":"10:24:49","h":"Ouest","s":"25N-H56NV20A-80-A"},{"r":"35","t":"10:24:49","h":"Ouest","s":"25S-H56S000A-80-A"},{"r":"35","t":"10:25:31","h":"Ouest","s":"25N-H56N000S-80-S"},{"r":"35","t":"10:25:31","h":"Ouest","s":"25N-H56NV10S-80-S"},{"r":"35","t":"10:25:31","h":"Ouest","s":"25N-H56NV20S-80-S"},{"r":"35","t":"10:25:31","h":"Ouest","s":"25S-H56S000S-80-S"},{"r":"36","t":"10:27:00","h":"Ouest","s":"25N-H56N000S-80-S"},{"r":"36","t":"10:27:00","h":"Ouest","s":"25N-H56NV10S-80-S"},{"r":"36","t":"10:27:00","h":"Ouest","s":"25N-H56NV20S-80-S"},{"r":"36","t":"10:27:00","h":"Ouest","s":"25S-H56S000S-80-S"},{"r":"36","t":"10:29:00","h":"Ouest","s":"25N-H56N000A-80-A"},{"r":"36","t":"10:29:00","h":"Ouest","s":"25N-H56NV10A-80-A"},{"r":"36","t":"10:29:00","h":"Ouest","s":"25N-H56NV20A-80-A"},{"r":"36","t":"10:29:00","h":"Ouest","s":"25S-H56S000A-80-A"},{"r":"36","t":"10:30:00","h":"Ouest","s":"25N-H56N000I-80-I"},{"r":"36","t":"10:30:00","h":"Ouest","s":"25N-H56N100F-80-F1"},{"r":"36","t":"10:30:00","h":"Ouest","s":"25N-H56N200F-80-F2"},{"r":"36","t":"10:30:00","h":"Ouest","s":"25N-H56N300F-80-F3"},{"r":"36","t":"10:30:00","h":"Ouest","s":"25N-H56N400F-80-F4"},{"r":"36","t":"10:30:00","h":"Ouest","s":"25N-H56NV10I-80-I"},{"r":"36","t":"10:30:00","h":"Ouest","s":"25N-H56NV20I-80-I"},{"r":"36","t":"10:30:00","h":"Ouest","s":"25S-H56S000I-80-I"},{"r":"36","t":"10:30:00","h":"Ouest","s":"25S-H56S100F-80-F1"},{"r":"36","t":"10:30:00","h":"Ouest","s":"25S-H56S200F-81-F2"},{"r":"35","t":"10:47:31","h":"Ouest","s":"25N-H56N000S-80-S"},{"r":"35","t":"10:47:31","h":"Ouest","s":"25N-H56NV10S-80-S"},{"r":"35","t":"10:47:31","h":"Ouest","s":"25N-H56NV20S-80-S"},{"r":"35","t":"10:47:31","h":"Ouest","s":"25S-H56S000S-80-S"},{"r":"36","t":"10:50:00","h":"Ouest","s":"25N-H56N000S-80-S"},{"r":"36","t":"10:50:00","h":"Ouest","s":"25N-H56NV10S-80-S"},{"r":"36","t":"10:50:00","h":"Ouest","s":"25N-H56NV20S-80-S"},{"r":"36","t":"10:50:00","h":"Ouest","s":"25S-H56S000S-80-S"},{"r":"35","t":"10:53:06","h":"Ouest","s":"25N-H56N000I-80-I"},{"r":"35","t":"10:53:06","h":"Ouest","s":"25N-H56N100F-80-F1"},{"r":"35","t":"10:53:06","h":"Ouest","s":"25N-H56N200F-80-F2"},{"r":"35","t":"10:53:06","h":"Ouest","s":"25N-H56N300F-80-F3"},{"r":"35","t":"10:53:06","h":"Ouest","s":"25N-H56N400F-80-F4"},{"r":"35","t":"10:53:06","h":"Ouest","s":"25N-H56NV10I-80-I"},{"r":"35","t":"10:53:06","h":"Ouest","s":"25N-H56NV20I-80-I"},{"r":"35","t":"10:53:06","h":"Ouest","s":"25S-H56S000I-80-I"},{"r":"35","t":"10:53:06","h":"Ouest","s":"25S-H56S100F-80-F1"},{"r":"35","t":"10:53:06","h":"Ouest","s":"25S-H56S200F-81-F2"},{"r":"35","t":"10:59:49","h":"Ouest","s":"25N-H56N000A-80-A"},{"r":"35","t":"10:59:49","h":"Ouest","s":"25N-H56NV10A-80-A"},{"r":"35","t":"10:59:49","h":"Ouest","s":"25N-H56NV20A-80-A"},{"r":"35","t":"10:59:49","h":"Ouest","s":"25S-H56S000A-80-A"},{"r":"36","t":"11:02:00","h":"Ouest","s":"25N-H56N000A-80-A"},{"r":"36","t":"11:02:00","h":"Ouest","s":"25N-H56NV10A-80-A"},{"r":"36","t":"11:02:00","h":"Ouest","s":"25N-H56NV20A-80-A"},{"r":"36","t":"11:02:00","h":"Ouest","s":"25S-H56S000A-80-A"},{"r":"36","t":"11:03:00","h":"Ouest","s":"25N-H56N000I-80-I"},{"r":"36","t":"11:03:00","h":"Ouest","s":"25N-H56N100F-80-F1"},{"r":"36","t":"11:03:00","h":"Ouest","s":"25N-H56N200F-80-F2"},{"r":"36","t":"11:03:00","h":"Ouest","s":"25N-H56N300F-80-F3"},{"r":"36","t":"11:03:00","h":"Ouest","s":"25N-H56N400F-80-F4"},{"r":"36","t":"11:03:00","h":"Ouest","s":"25N-H56NV10I-80-I"},{"r":"36","t":"11:03:00","h":"Ouest","s":"25N-H56NV20I-80-I"},{"r":"36","t":"11:03:00","h":"Ouest","s":"25S-H56S000I-80-I"},{"r":"36","t":"11:03:00","h":"Ouest","s":"25S-H56S100F-80-F1"},{"r":"36","t":"11:03:00","h":"Ouest","s":"25S-H56S200F-81-F2"},{"r":"35","t":"11:12:31","h":"Ouest","s":"25N-H56N000S-80-S"},{"r":"35","t":"11:12:31","h":"Ouest","s":"25N-H56NV10S-80-S"},{"r":"35","t":"11:12:31","h":"Ouest","s":"25N-H56NV20S-80-S"},{"r":"35","t":"11:12:31","h":"Ouest","s":"25S-H56S000S-80-S"},{"r":"36","t":"11:14:00","h":"Ouest","s":"25N-H56N000S-80-S"},{"r":"36","t":"11:14:00","h":"Ouest","s":"25N-H56NV10S-80-S"},{"r":"36","t":"11:14:00","h":"Ouest","s":"25N-H56NV20S-80-S"},{"r":"36","t":"11:14:00","h":"Ouest","s":"25S-H56S000S-80-S"},{"r":"35","t":"11:29:31","h":"Ouest","s":"25N-H56N000I-80-I"},{"r":"35","t":"11:29:31","h":"Ouest","s":"25N-H56N100F-80-F1"},{"r":"35","t":"11:29:31","h":"Ouest","s":"25N-H56N200F-80-F2"},{"r":"35","t":"11:29:31","h":"Ouest","s":"25N-H56N300F-80-F3"},{"r":"35","t":"11:29:31","h":"Ouest","s":"25N-H56N400F-80-F4"},{"r":"35","t":"11:29:31","h":"Ouest","s":"25N-H56NV10I-80-I"},{"r":"35","t":"11:29:31","h":"Ouest","s":"25N-H56NV20I-80-I"},{"r":"35","t":"11:29:31","h":"Ouest","s":"25S-H56S000I-80-I"},{"r":"35","t":"11:29:31","h":"Ouest","s":"25S-H56S100F-80-F1"},{"r":"35","t":"11:29:31","h":"Ouest","s":"25S-H56S200F-81-F2"},{"r":"35","t":"11:31:49","h":"Ouest","s":"25N-H56N000A-80-A"},{"r":"35","t":"11:31:49","h":"Ouest","s":"25N-H56NV10A-80-A"},{"r":"35","t":"11:31:49","h":"Ouest","s":"25N-H56NV20A-80-A"},{"r":"35","t":"11:31:49","h":"Ouest","s":"25S-H56S000A-80-A"},{"r":"36","t":"11:35:00","h":"Ouest","s":"25N-H56N000A-80-A"},{"r":"36","t":"11:35:00","h":"Ouest","s":"25N-H56NV10A-80-A"},{"r":"36","t":"11:35:00","h":"Ouest","s":"25N-H56NV20A-80-A"},{"r":"36","t":"11:35:00","h":"Ouest","s":"25S-H56S000A-80-A"},{"r":"36","t":"11:36:00","h":"Ouest","s":"25N-H56N000I-80-I"},{"r":"36","t":"11:36:00","h":"Ouest","s":"25N-H56N000S-80-S"},{"r":"36","t":"11:36:00","h":"Ouest","s":"25N-H56N100F-80-F1"},{"r":"36","t":"11:36:00","h":"Ouest","s":"25N-H56N200F-80-F2"},{"r":"36","t":"11:36:00","h":"Ouest","s":"25N-H56N300F-80-F3"},{"r":"36","t":"11:36:00","h":"Ouest","s":"25N-H56N400F-80-F4"},{"r":"36","t":"11:36:00","h":"Ouest","s":"25N-H56NV10I-80-I"},{"r":"36","t":"11:36:00","h":"Ouest","s":"25N-H56NV10S-80-S"},{"r":"36","t":"11:36:00","h":"Ouest","s":"25N-H56NV20I-80-I"},{"r":"36","t":"11:36:00","h":"Ouest","s":"25N-H56NV20S-80-S"},{"r":"36","t":"11:36:00","h":"Ouest","s":"25S-H56S000I-80-I"},{"r":"36","t":"11:36:00","h":"Ouest","s":"25S-H56S000S-80-S"},{"r":"36","t":"11:36:00","h":"Ouest","s":"25S-H56S100F-80-F1"},{"r":"36","t":"11:36:00","h":"Ouest","s":"25S-H56S200F-81-F2"},{"r":"35","t":"11:41:31","h":"Ouest","s":"25N-H56N000S-80-S"},{"r":"35","t":"11:41:31","h":"Ouest","s":"25N-H56NV10S-80-S"},{"r":"35","t":"11:41:31","h":"Ouest","s":"25N-H56NV20S-80-S"},{"r":"35","t":"11:41:31","h":"Ouest","s":"25S-H56S000S-80-S"},{"r":"35","t":"11:59:31","h":"Ouest","s":"25N-H56N000I-80-I"},{"r":"35","t":"11:59:31","h":"Ouest","s":"25N-H56N100F-80-F1"},{"r":"35","t":"11:59:31","h":"Ouest","s":"25N-H56N200F-80-F2"},{"r":"35","t":"11:59:31","h":"Ouest","s":"25N-H56N300F-80-F3"},{"r":"35","t":"11:59:31","h":"Ouest","s":"25N-H56N400F-80-F4"},{"r":"35","t":"11:59:31","h":"Ouest","s":"25N-H56NV10I-80-I"},{"r":"35","t":"11:59:31","h":"Ouest","s":"25N-H56NV20I-80-I"},{"r":"35","t":"11:59:31","h":"Ouest","s":"25S-H56S000I-80-I"},{"r":"35","t":"11:59:31","h":"Ouest","s":"25S-H56S100F-80-F1"},{"r":"35","t":"11:59:31","h":"Ouest","s":"25S-H56S200F-81-F2"},{"r":"36","t":"12:00:00","h":"Ouest","s":"25N-H56N000S-80-S"},{"r":"36","t":"12:00:00","h":"Ouest","s":"25N-H56NV10S-80-S"},{"r":"36","t":"12:00:00","h":"Ouest","s":"25N-H56NV20S-80-S"},{"r":"36","t":"12:00:00","h":"Ouest","s":"25S-H56S000S-80-S"},{"r":"35","t":"12:01:49","h":"Ouest","s":"25N-H56N000A-80-A"},{"r":"35","t":"12:01:49","h":"Ouest","s":"25N-H56NV10A-80-A"},{"r":"35","t":"12:01:49","h":"Ouest","s":"25N-H56NV20A-80-A"},{"r":"35","t":"12:01:49","h":"Ouest","s":"25S-H56S000A-80-A"},{"r":"36","t":"12:06:00","h":"Ouest","s":"25N-H56N000A-80-A"},{"r":"36","t":"12:06:00","h":"Ouest","s":"25N-H56NV10A-80-A"},{"r":"36","t":"12:06:00","h":"Ouest","s":"25N-H56NV20A-80-A"},{"r":"36","t":"12:06:00","h":"Ouest","s":"25S-H56S000A-80-A"},{"r":"36","t":"12:07:00","h":"Ouest","s":"25N-H56N000I-80-I"},{"r":"36","t":"12:07:00","h":"Ouest","s":"25N-H56N100F-80-F1"},{"r":"36","t":"12:07:00","h":"Ouest","s":"25N-H56N200F-80-F2"},{"r":"36","t":"12:07:00","h":"Ouest","s":"25N-H56N300F-80-F3"},{"r":"36","t":"12:07:00","h":"Ouest","s":"25N-H56N400F-80-F4"},{"r":"36","t":"12:07:00","h":"Ouest","s":"25N-H56NV10I-80-I"},{"r":"36","t":"12:07:00","h":"Ouest","s":"25N-H56NV20I-80-I"},{"r":"36","t":"12:07:00","h":"Ouest","s":"25S-H56S000I-80-I"},{"r":"36","t":"12:07:00","h":"Ouest","s":"25S-H56S100F-80-F1"},{"r":"36","t":"12:07:00","h":"Ouest","s":"25S-H56S200F-81-F2"},{"r":"35","t":"12:10:31","h":"Ouest","s":"25N-H56N000S-80-S"},{"r":"35","t":"12:10:31","h":"Ouest","s":"25N-H56NV10S-80-S"},{"r":"35","t":"12:10:31","h":"Ouest","s":"25N-H56NV20S-80-S"},{"r":"35","t":"12:10:31","h":"Ouest","s":"25S-H56S000S-80-S"},{"r":"36","t":"12:23:00","h":"Ouest","s":"25N-H56N000S-80-S"},{"r":"36","t":"12:23:00","h":"Ouest","s":"25N-H56NV10S-80-S"},{"r":"36","t":"12:23:00","h":"Ouest","s":"25N-H56NV20S-80-S"},{"r":"36","t":"12:23:00","h":"Ouest","s":"25S-H56S000S-80-S"},{"r":"35","t":"12:28:31","h":"Ouest","s":"25N-H56N000I-80-I"},{"r":"35","t":"12:28:31","h":"Ouest","s":"25N-H56N100F-80-F1"},{"r":"35","t":"12:28:31","h":"Ouest","s":"25N-H56N200F-80-F2"},{"r":"35","t":"12:28:31","h":"Ouest","s":"25N-H56N300F-80-F3"},{"r":"35","t":"12:28:31","h":"Ouest","s":"25N-H56N400F-80-F4"},{"r":"35","t":"12:28:31","h":"Ouest","s":"25N-H56NV10I-80-I"},{"r":"35","t":"12:28:31","h":"Ouest","s":"25N-H56NV20I-80-I"},{"r":"35","t":"12:28:31","h":"Ouest","s":"25S-H56S000I-80-I"},{"r":"35","t":"12:28:31","h":"Ouest","s":"25S-H56S100F-80-F1"},{"r":"35","t":"12:28:31","h":"Ouest","s":"25S-H56S200F-81-F2"},{"r":"35","t":"12:31:49","h":"Ouest","s":"25N-H56N000A-80-A"},{"r":"35","t":"12:31:49","h":"Ouest","s":"25N-H56NV10A-80-A"},{"r":"35","t":"12:31:49","h":"Ouest","s":"25N-H56NV20A-80-A"},{"r":"35","t":"12:31:49","h":"Ouest","s":"25S-H56S000A-80-A"},{"r":"36","t":"12:39:00","h":"Ouest","s":"25N-H56N000A-80-A"},{"r":"36","t":"12:39:00","h":"Ouest","s":"25N-H56NV10A-80-A"},{"r":"36","t":"12:39:00","h":"Ouest","s":"25N-H56NV20A-80-A"},{"r":"36","t":"12:39:00","h":"Ouest","s":"25S-H56S000A-80-A"},{"r":"36","t":"12:40:00","h":"Ouest","s":"25N-H56N000I-80-I"},{"r":"36","t":"12:40:00","h":"Ouest","s":"25N-H56N100F-80-F1"},{"r":"36","t":"12:40:00","h":"Ouest","s":"25N-H56N200F-80-F2"},{"r":"36","t":"12:40:00","h":"Ouest","s":"25N-H56N300F-80-F3"},{"r":"36","t":"12:40:00","h":"Ouest","s":"25N-H56N400F-80-F4"},{"r":"36","t":"12:40:00","h":"Ouest","s":"25N-H56NV10I-80-I"},{"r":"36","t":"12:40:00","h":"Ouest","s":"25N-H56NV20I-80-I"},{"r":"36","t":"12:40:00","h":"Ouest","s":"25S-H56S000I-80-I"},{"r":"36","t":"12:40:00","h":"Ouest","s":"25S-H56S100F-80-F1"},{"r":"36","t":"12:40:00","h":"Ouest","s":"25S-H56S200F-81-F2"},{"r":"35","t":"12:42:31","h":"Ouest","s":"25N-H56N000S-80-S"},{"r":"35","t":"12:42:31","h":"Ouest","s":"25N-H56NV10S-80-S"},{"r":"35","t":"12:42:31","h":"Ouest","s":"25N-H56NV20S-80-S"},{"r":"35","t":"12:42:31","h":"Ouest","s":"25S-H56S000S-80-S"},{"r":"36","t":"12:45:00","h":"Ouest","s":"25N-H56N000S-80-S"},{"r":"36","t":"12:45:00","h":"Ouest","s":"25N-H56NV10S-80-S"},{"r":"36","t":"12:45:00","h":"Ouest","s":"25N-H56NV20S-80-S"},{"r":"36","t":"12:45:00","h":"Ouest","s":"25S-H56S000S-80-S"},{"r":"35","t":"12:59:31","h":"Ouest","s":"25N-H56N000I-80-I"},{"r":"35","t":"12:59:31","h":"Ouest","s":"25N-H56N100F-80-F1"},{"r":"35","t":"12:59:31","h":"Ouest","s":"25N-H56N200F-80-F2"},{"r":"35","t":"12:59:31","h":"Ouest","s":"25N-H56N300F-80-F3"},{"r":"35","t":"12:59:31","h":"Ouest","s":"25N-H56N400F-80-F4"},{"r":"35","t":"12:59:31","h":"Ouest","s":"25N-H56NV10I-80-I"},{"r":"35","t":"12:59:31","h":"Ouest","s":"25N-H56NV20I-80-I"},{"r":"35","t":"12:59:31","h":"Ouest","s":"25S-H56S000I-80-I"},{"r":"35","t":"12:59:31","h":"Ouest","s":"25S-H56S100F-80-F1"},{"r":"35","t":"12:59:31","h":"Ouest","s":"25S-H56S200F-81-F2"},{"r":"35","t":"13:02:49","h":"Ouest","s":"25N-H56N000A-80-A"},{"r":"35","t":"13:02:49","h":"Ouest","s":"25N-H56NV10A-80-A"},{"r":"35","t":"13:02:49","h":"Ouest","s":"25N-H56NV20A-80-A"},{"r":"35","t":"13:02:49","h":"Ouest","s":"25S-H56S000A-80-A"},{"r":"36","t":"13:07:00","h":"Ouest","s":"25N-H56N000S-80-S"},{"r":"36","t":"13:07:00","h":"Ouest","s":"25N-H56NV10S-80-S"},{"r":"36","t":"13:07:00","h":"Ouest","s":"25N-H56NV20S-80-S"},{"r":"36","t":"13:07:00","h":"Ouest","s":"25S-H56S000S-80-S"},{"r":"35","t":"13:10:31","h":"Ouest","s":"25N-H56N000S-80-S"},{"r":"35","t":"13:10:31","h":"Ouest","s":"25N-H56NV10S-80-S"},{"r":"35","t":"13:10:31","h":"Ouest","s":"25N-H56NV20S-80-S"},{"r":"35","t":"13:10:31","h":"Ouest","s":"25S-H56S000S-80-S"},{"r":"36","t":"13:12:00","h":"Ouest","s":"25N-H56N000A-80-A"},{"r":"36","t":"13:12:00","h":"Ouest","s":"25N-H56NV10A-80-A"},{"r":"36","t":"13:12:00","h":"Ouest","s":"25N-H56NV20A-80-A"},{"r":"36","t":"13:12:00","h":"Ouest","s":"25S-H56S000A-80-A"},{"r":"36","t":"13:13:00","h":"Ouest","s":"25N-H56N000I-80-I"},{"r":"36","t":"13:13:00","h":"Ouest","s":"25N-H56N100F-80-F1"},{"r":"36","t":"13:13:00","h":"Ouest","s":"25N-H56N200F-80-F2"},{"r":"36","t":"13:13:00","h":"Ouest","s":"25N-H56N300F-80-F3"},{"r":"36","t":"13:13:00","h":"Ouest","s":"25N-H56N400F-80-F4"},{"r":"36","t":"13:13:00","h":"Ouest","s":"25N-H56NV10I-80-I"},{"r":"36","t":"13:13:00","h":"Ouest","s":"25N-H56NV20I-80-I"},{"r":"36","t":"13:13:00","h":"Ouest","s":"25S-H56S000I-80-I"},{"r":"36","t":"13:13:00","h":"Ouest","s":"25S-H56S100F-80-F1"},{"r":"36","t":"13:13:00","h":"Ouest","s":"25S-H56S200F-81-F2"},{"r":"36","t":"13:30:00","h":"Ouest","s":"25N-H56N000S-80-S"},{"r":"36","t":"13:30:00","h":"Ouest","s":"25N-H56NV10S-80-S"},{"r":"36","t":"13:30:00","h":"Ouest","s":"25N-H56NV20S-80-S"},{"r":"36","t":"13:30:00","h":"Ouest","s":"25S-H56S000S-80-S"},{"r":"35","t":"13:30:31","h":"Ouest","s":"25N-H56N000I-80-I"},{"r":"35","t":"13:30:31","h":"Ouest","s":"25N-H56N100F-80-F1"},{"r":"35","t":"13:30:31","h":"Ouest","s":"25N-H56N200F-80-F2"},{"r":"35","t":"13:30:31","h":"Ouest","s":"25N-H56N300F-80-F3"},{"r":"35","t":"13:30:31","h":"Ouest","s":"25N-H56N400F-80-F4"},{"r":"35","t":"13:30:31","h":"Ouest","s":"25N-H56NV10I-80-I"},{"r":"35","t":"13:30:31","h":"Ouest","s":"25N-H56NV20I-80-I"},{"r":"35","t":"13:30:31","h":"Ouest","s":"25S-H56S000I-80-I"},{"r":"35","t":"13:30:31","h":"Ouest","s":"25S-H56S100F-80-F1"},{"r":"35","t":"13:30:31","h":"Ouest","s":"25S-H56S200F-81-F2"},{"r":"35","t":"13:33:49","h":"Ouest","s":"25N-H56N000A-80-A"},{"r":"35","t":"13:33:49","h":"Ouest","s":"25N-H56NV10A-80-A"},{"r":"35","t":"13:33:49","h":"Ouest","s":"25N-H56NV20A-80-A"},{"r":"35","t":"13:33:49","h":"Ouest","s":"25S-H56S000A-80-A"},{"r":"35","t":"13:39:31","h":"Ouest","s":"25N-H56N000S-80-S"},{"r":"35","t":"13:39:31","h":"Ouest","s":"25N-H56NV10S-80-S"},{"r":"35","t":"13:39:31","h":"Ouest","s":"25N-H56NV20S-80-S"},{"r":"35","t":"13:39:31","h":"Ouest","s":"25S-H56S000S-80-S"},{"r":"36","t":"13:43:00","h":"Ouest","s":"25N-H56N000A-80-A"},{"r":"36","t":"13:43:00","h":"Ouest","s":"25N-H56NV10A-80-A"},{"r":"36","t":"13:43:00","h":"Ouest","s":"25N-H56NV20A-80-A"},{"r":"36","t":"13:43:00","h":"Ouest","s":"25S-H56S000A-80-A"},{"r":"36","t":"13:46:00","h":"Ouest","s":"25N-H56N000I-80-I"},{"r":"36","t":"13:46:00","h":"Ouest","s":"25N-H56N100F-80-F1"},{"r":"36","t":"13:46:00","h":"Ouest","s":"25N-H56N200F-80-F2"},{"r":"36","t":"13:46:00","h":"Ouest","s":"25N-H56N300F-80-F3"},{"r":"36","t":"13:46:00","h":"Ouest","s":"25N-H56N400F-80-F4"},{"r":"36","t":"13:46:00","h":"Ouest","s":"25N-H56NV10I-80-I"},{"r":"36","t":"13:46:00","h":"Ouest","s":"25N-H56NV20I-80-I"},{"r":"36","t":"13:46:00","h":"Ouest","s":"25S-H56S000I-80-I"},{"r":"36","t":"13:46:00","h":"Ouest","s":"25S-H56S100F-80-F1"},{"r":"36","t":"13:46:00","h":"Ouest","s":"25S-H56S200F-81-F2"},{"r":"36","t":"13:51:00","h":"Ouest","s":"25N-H56N000S-80-S"},{"r":"36","t":"13:51:00","h":"Ouest","s":"25N-H56NV10S-80-S"},{"r":"36","t":"13:51:00","h":"Ouest","s":"25N-H56NV20S-80-S"},{"r":"36","t":"13:51:00","h":"Ouest","s":"25S-H56S000S-80-S"},{"r":"35","t":"14:00:31","h":"Ouest","s":"25N-H56N000I-80-I"},{"r":"35","t":"14:00:31","h":"Ouest","s":"25N-H56N100F-80-F1"},{"r":"35","t":"14:00:31","h":"Ouest","s":"25N-H56N200F-80-F2"},{"r":"35","t":"14:00:31","h":"Ouest","s":"25N-H56N300F-80-F3"},{"r":"35","t":"14:00:31","h":"Ouest","s":"25N-H56N400F-80-F4"},{"r":"35","t":"14:00:31","h":"Ouest","s":"25N-H56NV10I-80-I"},{"r":"35","t":"14:00:31","h":"Ouest","s":"25N-H56NV20I-80-I"},{"r":"35","t":"14:00:31","h":"Ouest","s":"25S-H56S000I-80-I"},{"r":"35","t":"14:00:31","h":"Ouest","s":"25S-H56S100F-80-F1"},{"r":"35","t":"14:00:31","h":"Ouest","s":"25S-H56S200F-81-F2"},{"r":"35","t":"14:04:31","h":"Ouest","s":"25N-H56N000A-80-A"},{"r":"35","t":"14:04:31","h":"Ouest","s":"25N-H56NV10A-80-A"},{"r":"35","t":"14:04:31","h":"Ouest","s":"25N-H56NV20A-80-A"},{"r":"35","t":"14:04:31","h":"Ouest","s":"25S-H56S000A-80-A"},{"r":"35","t":"14:08:31","h":"Ouest","s":"25N-H56N000S-80-S"},{"r":"35","t":"14:08:31","h":"Ouest","s":"25N-H56NV10S-80-S"},{"r":"35","t":"14:08:31","h":"Ouest","s":"25N-H56NV20S-80-S"},{"r":"35","t":"14:08:31","h":"Ouest","s":"25S-H56S000S-80-S"},{"r":"36","t":"14:13:00","h":"Ouest","s":"25N-H56N000S-80-S"},{"r":"36","t":"14:13:00","h":"Ouest","s":"25N-H56NV10S-80-S"},{"r":"36","t":"14:13:00","h":"Ouest","s":"25N-H56NV20S-80-S"},{"r":"36","t":"14:13:00","h":"Ouest","s":"25S-H56S000S-80-S"},{"r":"36","t":"14:16:00","h":"Ouest","s":"25N-H56N000A-80-A"},{"r":"36","t":"14:16:00","h":"Ouest","s":"25N-H56NV10A-80-A"},{"r":"36","t":"14:16:00","h":"Ouest","s":"25N-H56NV20A-80-A"},{"r":"36","t":"14:16:00","h":"Ouest","s":"25S-H56S000A-80-A"},{"r":"36","t":"14:18:00","h":"Ouest","s":"25N-H56N000I-80-I"},{"r":"36","t":"14:18:00","h":"Ouest","s":"25N-H56N100F-80-F1"},{"r":"36","t":"14:18:00","h":"Ouest","s":"25N-H56N200F-80-F2"},{"r":"36","t":"14:18:00","h":"Ouest","s":"25N-H56N300F-80-F3"},{"r":"36","t":"14:18:00","h":"Ouest","s":"25N-H56N400F-80-F4"},{"r":"36","t":"14:18:00","h":"Ouest","s":"25N-H56NV10I-80-I"},{"r":"36","t":"14:18:00","h":"Ouest","s":"25N-H56NV20I-80-I"},{"r":"36","t":"14:18:00","h":"Ouest","s":"25S-H56S000I-80-I"},{"r":"36","t":"14:18:00","h":"Ouest","s":"25S-H56S100F-80-F1"},{"r":"36","t":"14:18:00","h":"Ouest","s":"25S-H56S200F-81-F2"},{"r":"35","t":"14:30:31","h":"Ouest","s":"25N-H56N000I-80-I"},{"r":"35","t":"14:30:31","h":"Ouest","s":"25N-H56N100F-80-F1"},{"r":"35","t":"14:30:31","h":"Ouest","s":"25N-H56N200F-80-F2"},{"r":"35","t":"14:30:31","h":"Ouest","s":"25N-H56N300F-80-F3"},{"r":"35","t":"14:30:31","h":"Ouest","s":"25N-H56N400F-80-F4"},{"r":"35","t":"14:30:31","h":"Ouest","s":"25N-H56NV10I-80-I"},{"r":"35","t":"14:30:31","h":"Ouest","s":"25N-H56NV20I-80-I"},{"r":"35","t":"14:30:31","h":"Ouest","s":"25S-H56S000I-80-I"},{"r":"35","t":"14:30:31","h":"Ouest","s":"25S-H56S100F-80-F1"},{"r":"35","t":"14:30:31","h":"Ouest","s":"25S-H56S200F-81-F2"},{"r":"35","t":"14:33:31","h":"Ouest","s":"25N-H56N000S-80-S"},{"r":"35","t":"14:33:31","h":"Ouest","s":"25N-H56NV10S-80-S"},{"r":"35","t":"14:33:31","h":"Ouest","s":"25N-H56NV20S-80-S"},{"r":"35","t":"14:33:31","h":"Ouest","s":"25S-H56S000S-80-S"},{"r":"36","t":"14:36:00","h":"Ouest","s":"25N-H56N000S-80-S"},{"r":"36","t":"14:36:00","h":"Ouest","s":"25N-H56NV10S-80-S"},{"r":"36","t":"14:36:00","h":"Ouest","s":"25N-H56NV20S-80-S"},{"r":"36","t":"14:36:00","h":"Ouest","s":"25S-H56S000S-80-S"},{"r":"35","t":"14:36:31","h":"Ouest","s":"25N-H56N000A-80-A"},{"r":"35","t":"14:36:31","h":"Ouest","s":"25N-H56NV10A-80-A"},{"r":"35","t":"14:36:31","h":"Ouest","s":"25N-H56NV20A-80-A"},{"r":"35","t":"14:36:31","h":"Ouest","s":"25S-H56S000A-80-A"},{"r":"36","t":"14:48:00","h":"Ouest","s":"25N-H56N000A-80-A"},{"r":"36","t":"14:48:00","h":"Ouest","s":"25N-H56NV10A-80-A"},{"r":"36","t":"14:48:00","h":"Ouest","s":"25N-H56NV20A-80-A"},{"r":"36","t":"14:48:00","h":"Ouest","s":"25S-H56S000A-80-A"},{"r":"36","t":"14:50:00","h":"Ouest","s":"25N-H56N000I-80-I"},{"r":"36","t":"14:50:00","h":"Ouest","s":"25N-H56N100F-80-F1"},{"r":"36","t":"14:50:00","h":"Ouest","s":"25N-H56N200F-80-F2"},{"r":"36","t":"14:50:00","h":"Ouest","s":"25N-H56N300F-80-F3"},{"r":"36","t":"14:50:00","h":"Ouest","s":"25N-H56N400F-80-F4"},{"r":"36","t":"14:50:00","h":"Ouest","s":"25N-H56NV10I-80-I"},{"r":"36","t":"14:50:00","h":"Ouest","s":"25N-H56NV20I-80-I"},{"r":"36","t":"14:50:00","h":"Ouest","s":"25S-H56S000I-80-I"},{"r":"36","t":"14:50:00","h":"Ouest","s":"25S-H56S100F-80-F1"},{"r":"36","t":"14:50:00","h":"Ouest","s":"25S-H56S200F-81-F2"},{"r":"36","t":"14:59:00","h":"Ouest","s":"25N-H56N000S-80-S"},{"r":"36","t":"14:59:00","h":"Ouest","s":"25N-H56NV10S-80-S"},{"r":"36","t":"14:59:00","h":"Ouest","s":"25N-H56NV20S-80-S"},{"r":"36","t":"14:59:00","h":"Ouest","s":"25S-H56S000S-80-S"},{"r":"35","t":"15:00:31","h":"Ouest","s":"25N-H56N000I-80-I"},{"r":"35","t":"15:00:31","h":"Ouest","s":"25N-H56N100F-80-F1"},{"r":"35","t":"15:00:31","h":"Ouest","s":"25N-H56N200F-80-F2"},{"r":"35","t":"15:00:31","h":"Ouest","s":"25N-H56N300F-80-F3"},{"r":"35","t":"15:00:31","h":"Ouest","s":"25N-H56N400F-80-F4"},{"r":"35","t":"15:00:31","h":"Ouest","s":"25N-H56NV10I-80-I"},{"r":"35","t":"15:00:31","h":"Ouest","s":"25N-H56NV20I-80-I"},{"r":"35","t":"15:00:31","h":"Ouest","s":"25S-H56S000I-80-I"},{"r":"35","t":"15:00:31","h":"Ouest","s":"25S-H56S100F-80-F1"},{"r":"35","t":"15:00:31","h":"Ouest","s":"25S-H56S200F-81-F2"},{"r":"35","t":"15:01:31","h":"Ouest","s":"25N-H56N000S-80-S"},{"r":"35","t":"15:01:31","h":"Ouest","s":"25N-H56NV10S-80-S"},{"r":"35","t":"15:01:31","h":"Ouest","s":"25N-H56NV20S-80-S"},{"r":"35","t":"15:01:31","h":"Ouest","s":"25S-H56S000S-80-S"},{"r":"35","t":"15:07:31","h":"Ouest","s":"25N-H56N000A-80-A"},{"r":"35","t":"15:07:31","h":"Ouest","s":"25N-H56NV10A-80-A"},{"r":"35","t":"15:07:31","h":"Ouest","s":"25N-H56NV20A-80-A"},{"r":"35","t":"15:07:31","h":"Ouest","s":"25S-H56S000A-80-A"},{"r":"36","t":"15:19:00","h":"Ouest","s":"25N-H56N000A-80-A"},{"r":"36","t":"15:19:00","h":"Ouest","s":"25N-H56NV10A-80-A"},{"r":"36","t":"15:19:00","h":"Ouest","s":"25N-H56NV20A-80-A"},{"r":"36","t":"15:19:00","h":"Ouest","s":"25S-H56S000A-80-A"},{"r":"36","t":"15:23:00","h":"Ouest","s":"25N-H56N000I-80-I"},{"r":"36","t":"15:23:00","h":"Ouest","s":"25N-H56N100F-80-F1"},{"r":"36","t":"15:23:00","h":"Ouest","s":"25N-H56N200F-80-F2"},{"r":"36","t":"15:23:00","h":"Ouest","s":"25N-H56N300F-80-F3"},{"r":"36","t":"15:23:00","h":"Ouest","s":"25N-H56N400F-80-F4"},{"r":"36","t":"15:23:00","h":"Ouest","s":"25N-H56NV10I-80-I"},{"r":"36","t":"15:23:00","h":"Ouest","s":"25N-H56NV20I-80-I"},{"r":"36","t":"15:23:00","h":"Ouest","s":"25S-H56S000I-80-I"},{"r":"36","t":"15:23:00","h":"Ouest","s":"25S-H56S100F-80-F1"},{"r":"36","t":"15:23:00","h":"Ouest","s":"25S-H56S200F-81-F2"},{"r":"36","t":"15:24:00","h":"Ouest","s":"25N-H56N000S-80-S"},{"r":"36","t":"15:24:00","h":"Ouest","s":"25N-H56NV10S-80-S"},{"r":"36","t":"15:24:00","h":"Ouest","s":"25N-H56NV20S-80-S"},{"r":"36","t":"15:24:00","h":"Ouest","s":"25S-H56S000S-80-S"},{"r":"35","t":"15:27:31","h":"Ouest","s":"25N-H56N000S-80-S"},{"r":"35","t":"15:27:31","h":"Ouest","s":"25N-H56NV10S-80-S"},{"r":"35","t":"15:27:31","h":"Ouest","s":"25N-H56NV20S-80-S"},{"r":"35","t":"15:27:31","h":"Ouest","s":"25S-H56S000S-80-S"},{"r":"35","t":"15:30:31","h":"Ouest","s":"25N-H56N000I-80-I"},{"r":"35","t":"15:30:31","h":"Ouest","s":"25N-H56N100F-80-F1"},{"r":"35","t":"15:30:31","h":"Ouest","s":"25N-H56N200F-80-F2"},{"r":"35","t":"15:30:31","h":"Ouest","s":"25N-H56N300F-80-F3"},{"r":"35","t":"15:30:31","h":"Ouest","s":"25N-H56N400F-80-F4"},{"r":"35","t":"15:30:31","h":"Ouest","s":"25N-H56NV10I-80-I"},{"r":"35","t":"15:30:31","h":"Ouest","s":"25N-H56NV20I-80-I"},{"r":"35","t":"15:30:31","h":"Ouest","s":"25S-H56S000I-80-I"},{"r":"35","t":"15:30:31","h":"Ouest","s":"25S-H56S100F-80-F1"},{"r":"35","t":"15:30:31","h":"Ouest","s":"25S-H56S200F-81-F2"},{"r":"35","t":"15:37:31","h":"Ouest","s":"25N-H56N000A-80-A"},{"r":"35","t":"15:37:31","h":"Ouest","s":"25N-H56NV10A-80-A"},{"r":"35","t":"15:37:31","h":"Ouest","s":"25N-H56NV20A-80-A"},{"r":"35","t":"15:37:31","h":"Ouest","s":"25S-H56S000A-80-A"},{"r":"36","t":"15:47:00","h":"Ouest","s":"25N-H56N000S-80-S"},{"r":"36","t":"15:47:00","h":"Ouest","s":"25N-H56NV10S-80-S"},{"r":"36","t":"15:47:00","h":"Ouest","s":"25N-H56NV20S-80-S"},{"r":"36","t":"15:47:00","h":"Ouest","s":"25S-H56S000S-80-S"},{"r":"35","t":"15:49:31","h":"Ouest","s":"25N-H56N000S-80-S"},{"r":"35","t":"15:49:31","h":"Ouest","s":"25N-H56NV10S-80-S"},{"r":"35","t":"15:49:31","h":"Ouest","s":"25N-H56NV20S-80-S"},{"r":"35","t":"15:49:31","h":"Ouest","s":"25S-H56S000S-80-S"},{"r":"36","t":"15:50:00","h":"Ouest","s":"25N-H56N000A-80-A"},{"r":"36","t":"15:50:00","h":"Ouest","s":"25N-H56NV10A-80-A"},{"r":"36","t":"15:50:00","h":"Ouest","s":"25N-H56NV20A-80-A"},{"r":"36","t":"15:50:00","h":"Ouest","s":"25S-H56S000A-80-A"},{"r":"36","t":"15:56:00","h":"Ouest","s":"25N-H56N000I-80-I"},{"r":"36","t":"15:56:00","h":"Ouest","s":"25N-H56N100F-80-F1"},{"r":"36","t":"15:56:00","h":"Ouest","s":"25N-H56N200F-80-F2"},{"r":"36","t":"15:56:00","h":"Ouest","s":"25N-H56N300F-80-F3"},{"r":"36","t":"15:56:00","h":"Ouest","s":"25N-H56N400F-80-F4"},{"r":"36","t":"15:56:00","h":"Ouest","s":"25N-H56NV10I-80-I"},{"r":"36","t":"15:56:00","h":"Ouest","s":"25N-H56NV20I-80-I"},{"r":"36","t":"15:56:00","h":"Ouest","s":"25S-H56S000I-80-I"},{"r":"36","t":"15:56:00","h":"Ouest","s":"25S-H56S100F-80-F1"},{"r":"36","t":"15:56:00","h":"Ouest","s":"25S-H56S200F-81-F2"},{"r":"35","t":"16:00:31","h":"Ouest","s":"25N-H56N000I-80-I"},{"r":"35","t":"16:00:31","h":"Ouest","s":"25N-H56N100F-80-F1"},{"r":"35","t":"16:00:31","h":"Ouest","s":"25N-H56N200F-80-F2"},{"r":"35","t":"16:00:31","h":"Ouest","s":"25N-H56N300F-80-F3"},{"r":"35","t":"16:00:31","h":"Ouest","s":"25N-H56N400F-80-F4"},{"r":"35","t":"16:00:31","h":"Ouest","s":"25N-H56NV10I-80-I"},{"r":"35","t":"16:00:31","h":"Ouest","s":"25N-H56NV20I-80-I"},{"r":"35","t":"16:00:31","h":"Ouest","s":"25S-H56S000I-80-I"},{"r":"35","t":"16:00:31","h":"Ouest","s":"25S-H56S100F-80-F1"},{"r":"35","t":"16:00:31","h":"Ouest","s":"25S-H56S200F-81-F2"},{"r":"35","t":"16:08:31","h":"Ouest","s":"25N-H56N000A-80-A"},{"r":"35","t":"16:08:31","h":"Ouest","s":"25N-H56NV10A-80-A"},{"r":"35","t":"16:08:31","h":"Ouest","s":"25N-H56NV20A-80-A"},{"r":"35","t":"16:08:31","h":"Ouest","s":"25S-H56S000A-80-A"},{"r":"36","t":"16:11:00","h":"Ouest","s":"25N-H56N000S-80-S"},{"r":"36","t":"16:11:00","h":"Ouest","s":"25N-H56NV10S-80-S"},{"r":"36","t":"16:11:00","h":"Ouest","s":"25N-H56NV20S-80-S"},{"r":"36","t":"16:11:00","h":"Ouest","s":"25S-H56S000S-80-S"},{"r":"35","t":"16:13:31","h":"Ouest","s":"25N-H56N000S-80-S"},{"r":"35","t":"16:13:31","h":"Ouest","s":"25N-H56NV10S-80-S"},{"r":"35","t":"16:13:31","h":"Ouest","s":"25N-H56NV20S-80-S"},{"r":"35","t":"16:13:31","h":"Ouest","s":"25S-H56S000S-80-S"},{"r":"36","t":"16:20:00","h":"Ouest","s":"25N-H56N000A-80-A"},{"r":"36","t":"16:20:00","h":"Ouest","s":"25N-H56NV10A-80-A"},{"r":"36","t":"16:20:00","h":"Ouest","s":"25N-H56NV20A-80-A"},{"r":"36","t":"16:20:00","h":"Ouest","s":"25S-H56S000A-80-A"},{"r":"36","t":"16:26:00","h":"Ouest","s":"25N-H56N000S-80-S"},{"r":"36","t":"16:26:00","h":"Ouest","s":"25N-H56NV10S-80-S"},{"r":"36","t":"16:26:00","h":"Ouest","s":"25N-H56NV20S-80-S"},{"r":"36","t":"16:26:00","h":"Ouest","s":"25S-H56S000S-80-S"},{"r":"36","t":"16:28:00","h":"Ouest","s":"25N-H56N000I-80-I"},{"r":"36","t":"16:28:00","h":"Ouest","s":"25N-H56N100F-80-F1"},{"r":"36","t":"16:28:00","h":"Ouest","s":"25N-H56N200F-80-F2"},{"r":"36","t":"16:28:00","h":"Ouest","s":"25N-H56N300F-80-F3"},{"r":"36","t":"16:28:00","h":"Ouest","s":"25N-H56N400F-80-F4"},{"r":"36","t":"16:28:00","h":"Ouest","s":"25N-H56NV10I-80-I"},{"r":"36","t":"16:28:00","h":"Ouest","s":"25N-H56NV20I-80-I"},{"r":"36","t":"16:28:00","h":"Ouest","s":"25S-H56S000I-80-I"},{"r":"36","t":"16:28:00","h":"Ouest","s":"25S-H56S100F-80-F1"},{"r":"36","t":"16:28:00","h":"Ouest","s":"25S-H56S200F-81-F2"},{"r":"35","t":"16:30:31","h":"Ouest","s":"25N-H56N000I-80-I"},{"r":"35","t":"16:30:31","h":"Ouest","s":"25N-H56N100F-80-F1"},{"r":"35","t":"16:30:31","h":"Ouest","s":"25N-H56N200F-80-F2"},{"r":"35","t":"16:30:31","h":"Ouest","s":"25N-H56N300F-80-F3"},{"r":"35","t":"16:30:31","h":"Ouest","s":"25N-H56N400F-80-F4"},{"r":"35","t":"16:30:31","h":"Ouest","s":"25N-H56NV10I-80-I"},{"r":"35","t":"16:30:31","h":"Ouest","s":"25N-H56NV20I-80-I"},{"r":"35","t":"16:30:31","h":"Ouest","s":"25S-H56S000I-80-I"},{"r":"35","t":"16:30:31","h":"Ouest","s":"25S-H56S100F-80-F1"},{"r":"35","t":"16:30:31","h":"Ouest","s":"25S-H56S200F-81-F2"},{"r":"35","t":"16:36:31","h":"Ouest","s":"25N-H56N000S-80-S"},{"r":"35","t":"16:36:31","h":"Ouest","s":"25N-H56NV10S-80-S"},{"r":"35","t":"16:36:31","h":"Ouest","s":"25N-H56NV20S-80-S"},{"r":"35","t":"16:36:31","h":"Ouest","s":"25S-H56S000S-80-S"},{"r":"36","t":"16:39:00","h":"Ouest","s":"25N-H56N000S-80-S"},{"r":"36","t":"16:39:00","h":"Ouest","s":"25N-H56NV10S-80-S"},{"r":"36","t":"16:39:00","h":"Ouest","s":"25N-H56NV20S-80-S"},{"r":"36","t":"16:39:00","h":"Ouest","s":"25S-H56S000S-80-S"},{"r":"35","t":"16:40:31","h":"Ouest","s":"25N-H56N000A-80-A"},{"r":"35","t":"16:40:31","h":"Ouest","s":"25N-H56NV10A-80-A"},{"r":"35","t":"16:40:31","h":"Ouest","s":"25N-H56NV20A-80-A"},{"r":"35","t":"16:40:31","h":"Ouest","s":"25S-H56S000A-80-A"},{"r":"36","t":"16:49:00","h":"Ouest","s":"25N-H56N000A-80-A"},{"r":"36","t":"16:49:00","h":"Ouest","s":"25N-H56NV10A-80-A"},{"r":"36","t":"16:49:00","h":"Ouest","s":"25N-H56NV20A-80-A"},{"r":"36","t":"16:49:00","h":"Ouest","s":"25S-H56S000A-80-A"},{"r":"36","t":"16:53:00","h":"Ouest","s":"25N-H56N000S-80-S"},{"r":"36","t":"16:53:00","h":"Ouest","s":"25N-H56NV10S-80-S"},{"r":"36","t":"16:53:00","h":"Ouest","s":"25N-H56NV20S-80-S"},{"r":"36","t":"16:53:00","h":"Ouest","s":"25S-H56S000S-80-S"},{"r":"36","t":"16:57:00","h":"Ouest","s":"25N-H56N000I-80-I"},{"r":"36","t":"16:57:00","h":"Ouest","s":"25N-H56N100F-80-F1"},{"r":"36","t":"16:57:00","h":"Ouest","s":"25N-H56N200F-80-F2"},{"r":"36","t":"16:57:00","h":"Ouest","s":"25N-H56N300F-80-F3"},{"r":"36","t":"16:57:00","h":"Ouest","s":"25N-H56N400F-80-F4"},{"r":"36","t":"16:57:00","h":"Ouest","s":"25N-H56NV10I-80-I"},{"r":"36","t":"16:57:00","h":"Ouest","s":"25N-H56NV20I-80-I"},{"r":"36","t":"16:57:00","h":"Ouest","s":"25S-H56S000I-80-I"},{"r":"36","t":"16:57:00","h":"Ouest","s":"25S-H56S100F-80-F1"},{"r":"36","t":"16:57:00","h":"Ouest","s":"25S-H56S200F-81-F2"},{"r":"35","t":"16:57:31","h":"Ouest","s":"25N-H56N000S-80-S"},{"r":"35","t":"16:57:31","h":"Ouest","s":"25N-H56NV10S-80-S"},{"r":"35","t":"16:57:31","h":"Ouest","s":"25N-H56NV20S-80-S"},{"r":"35","t":"16:57:31","h":"Ouest","s":"25S-H56S000S-80-S"},{"r":"35","t":"16:59:31","h":"Ouest","s":"25N-H56N000I-80-I"},{"r":"35","t":"16:59:31","h":"Ouest","s":"25N-H56N100F-80-F1"},{"r":"35","t":"16:59:31","h":"Ouest","s":"25N-H56N200F-80-F2"},{"r":"35","t":"16:59:31","h":"Ouest","s":"25N-H56N300F-80-F3"},{"r":"35","t":"16:59:31","h":"Ouest","s":"25N-H56N400F-80-F4"},{"r":"35","t":"16:59:31","h":"Ouest","s":"25N-H56NV10I-80-I"},{"r":"35","t":"16:59:31","h":"Ouest","s":"25N-H56NV20I-80-I"},{"r":"35","t":"16:59:31","h":"Ouest","s":"25S-H56S000I-80-I"},{"r":"35","t":"16:59:31","h":"Ouest","s":"25S-H56S100F-80-F1"},{"r":"35","t":"16:59:31","h":"Ouest","s":"25S-H56S200F-81-F2"},{"r":"36","t":"17:11:00","h":"Ouest","s":"25N-H56N000S-80-S"},{"r":"36","t":"17:11:00","h":"Ouest","s":"25N-H56NV10S-80-S"},{"r":"36","t":"17:11:00","h":"Ouest","s":"25N-H56NV20S-80-S"},{"r":"36","t":"17:11:00","h":"Ouest","s":"25S-H56S000S-80-S"},{"r":"35","t":"17:11:31","h":"Ouest","s":"25N-H56N000A-80-A"},{"r":"35","t":"17:11:31","h":"Ouest","s":"25N-H56NV10A-80-A"},{"r":"35","t":"17:11:31","h":"Ouest","s":"25N-H56NV20A-80-A"},{"r":"35","t":"17:11:31","h":"Ouest","s":"25S-H56S000A-80-A"},{"r":"35","t":"17:17:31","h":"Ouest","s":"25N-H56N000S-80-S"},{"r":"35","t":"17:17:31","h":"Ouest","s":"25N-H56NV10S-80-S"},{"r":"35","t":"17:17:31","h":"Ouest","s":"25N-H56NV20S-80-S"},{"r":"35","t":"17:17:31","h":"Ouest","s":"25S-H56S000S-80-S"},{"r":"36","t":"17:19:00","h":"Ouest","s":"25N-H56N000A-80-A"},{"r":"36","t":"17:19:00","h":"Ouest","s":"25N-H56NV10A-80-A"},{"r":"36","t":"17:19:00","h":"Ouest","s":"25N-H56NV20A-80-A"},{"r":"36","t":"17:19:00","h":"Ouest","s":"25S-H56S000A-80-A"},{"r":"35","t":"17:26:31","h":"Ouest","s":"25N-H56N000I-80-I"},{"r":"35","t":"17:26:31","h":"Ouest","s":"25N-H56N100F-80-F1"},{"r":"35","t":"17:26:31","h":"Ouest","s":"25N-H56N200F-80-F2"},{"r":"35","t":"17:26:31","h":"Ouest","s":"25N-H56N300F-80-F3"},{"r":"35","t":"17:26:31","h":"Ouest","s":"25N-H56N400F-80-F4"},{"r":"35","t":"17:26:31","h":"Ouest","s":"25N-H56NV10I-80-I"},{"r":"35","t":"17:26:31","h":"Ouest","s":"25N-H56NV20I-80-I"},{"r":"35","t":"17:26:31","h":"Ouest","s":"25S-H56S000I-80-I"},{"r":"35","t":"17:26:31","h":"Ouest","s":"25S-H56S100F-80-F1"},{"r":"35","t":"17:26:31","h":"Ouest","s":"25S-H56S200F-81-F2"},{"r":"36","t":"17:28:00","h":"Ouest","s":"25N-H56N000I-80-I"},{"r":"36","t":"17:28:00","h":"Ouest","s":"25N-H56N100F-80-F1"},{"r":"36","t":"17:28:00","h":"Ouest","s":"25N-H56N200F-80-F2"},{"r":"36","t":"17:28:00","h":"Ouest","s":"25N-H56N300F-80-F3"},{"r":"36","t":"17:28:00","h":"Ouest","s":"25N-H56N400F-80-F4"},{"r":"36","t":"17:28:00","h":"Ouest","s":"25N-H56NV10I-80-I"},{"r":"36","t":"17:28:00","h":"Ouest","s":"25N-H56NV20I-80-I"},{"r":"36","t":"17:28:00","h":"Ouest","s":"25S-H56S000I-80-I"},{"r":"36","t":"17:28:00","h":"Ouest","s":"25S-H56S100F-80-F1"},{"r":"36","t":"17:28:00","h":"Ouest","s":"25S-H56S200F-81-F2"},{"r":"36","t":"17:30:00","h":"Ouest","s":"25N-H56N000S-80-S"},{"r":"36","t":"17:30:00","h":"Ouest","s":"25N-H56NV10S-80-S"},{"r":"36","t":"17:30:00","h":"Ouest","s":"25N-H56NV20S-80-S"},{"r":"36","t":"17:30:00","h":"Ouest","s":"25S-H56S000S-80-S"},{"r":"35","t":"17:35:31","h":"Ouest","s":"25N-H56N000S-80-S"},{"r":"35","t":"17:35:31","h":"Ouest","s":"25N-H56NV10S-80-S"},{"r":"35","t":"17:35:31","h":"Ouest","s":"25N-H56NV20S-80-S"},{"r":"35","t":"17:35:31","h":"Ouest","s":"25S-H56S000S-80-S"},{"r":"35","t":"17:41:31","h":"Ouest","s":"25N-H56N000A-80-A"},{"r":"35","t":"17:41:31","h":"Ouest","s":"25N-H56NV10A-80-A"},{"r":"35","t":"17:41:31","h":"Ouest","s":"25N-H56NV20A-80-A"},{"r":"35","t":"17:41:31","h":"Ouest","s":"25S-H56S000A-80-A"},{"r":"36","t":"17:49:00","h":"Ouest","s":"25N-H56N000A-80-A"},{"r":"36","t":"17:49:00","h":"Ouest","s":"25N-H56NV10A-80-A"},{"r":"36","t":"17:49:00","h":"Ouest","s":"25N-H56NV20A-80-A"},{"r":"36","t":"17:49:00","h":"Ouest","s":"25S-H56S000A-80-A"},{"r":"36","t":"17:51:00","h":"Ouest","s":"25N-H56N000S-80-S"},{"r":"36","t":"17:51:00","h":"Ouest","s":"25N-H56NV10S-80-S"},{"r":"36","t":"17:51:00","h":"Ouest","s":"25N-H56NV20S-80-S"},{"r":"36","t":"17:51:00","h":"Ouest","s":"25S-H56S000S-80-S"},{"r":"35","t":"17:53:31","h":"Ouest","s":"25N-H56N000S-80-S"},{"r":"35","t":"17:53:31","h":"Ouest","s":"25N-H56NV10S-80-S"},{"r":"35","t":"17:53:31","h":"Ouest","s":"25N-H56NV20S-80-S"},{"r":"35","t":"17:53:31","h":"Ouest","s":"25S-H56S000S-80-S"},{"r":"35","t":"17:55:31","h":"Ouest","s":"25N-H56N000I-80-I"},{"r":"35","t":"17:55:31","h":"Ouest","s":"25N-H56N100F-80-F1"},{"r":"35","t":"17:55:31","h":"Ouest","s":"25N-H56N200F-80-F2"},{"r":"35","t":"17:55:31","h":"Ouest","s":"25N-H56N300F-80-F3"},{"r":"35","t":"17:55:31","h":"Ouest","s":"25N-H56N400F-80-F4"},{"r":"35","t":"17:55:31","h":"Ouest","s":"25N-H56NV10I-80-I"},{"r":"35","t":"17:55:31","h":"Ouest","s":"25N-H56NV20I-80-I"},{"r":"35","t":"17:55:31","h":"Ouest","s":"25S-H56S000I-80-I"},{"r":"35","t":"17:55:31","h":"Ouest","s":"25S-H56S100F-80-F1"},{"r":"35","t":"17:55:31","h":"Ouest","s":"25S-H56S200F-81-F2"},{"r":"36","t":"17:58:00","h":"Ouest","s":"25N-H56N000I-80-I"},{"r":"36","t":"17:58:00","h":"Ouest","s":"25N-H56N100F-80-F1"},{"r":"36","t":"17:58:00","h":"Ouest","s":"25N-H56N200F-80-F2"},{"r":"36","t":"17:58:00","h":"Ouest","s":"25N-H56N300F-80-F3"},{"r":"36","t":"17:58:00","h":"Ouest","s":"25N-H56N400F-80-F4"},{"r":"36","t":"17:58:00","h":"Ouest","s":"25N-H56NV10I-80-I"},{"r":"36","t":"17:58:00","h":"Ouest","s":"25N-H56NV20I-80-I"},{"r":"36","t":"17:58:00","h":"Ouest","s":"25S-H56S000I-80-I"},{"r":"36","t":"17:58:00","h":"Ouest","s":"25S-H56S100F-80-F1"},{"r":"36","t":"17:58:00","h":"Ouest","s":"25S-H56S200F-81-F2"},{"r":"36","t":"18:10:00","h":"Ouest","s":"25N-H56N000S-80-S"},{"r":"36","t":"18:10:00","h":"Ouest","s":"25N-H56NV10S-80-S"},{"r":"36","t":"18:10:00","h":"Ouest","s":"25N-H56NV20S-80-S"},{"r":"36","t":"18:10:00","h":"Ouest","s":"25S-H56S000S-80-S"},{"r":"35","t":"18:11:31","h":"Ouest","s":"25N-H56N000S-80-S"},{"r":"35","t":"18:11:31","h":"Ouest","s":"25N-H56NV10S-80-S"},{"r":"35","t":"18:11:31","h":"Ouest","s":"25N-H56NV20S-80-S"},{"r":"35","t":"18:11:31","h":"Ouest","s":"25S-H56S000S-80-S"},{"r":"35","t":"18:12:31","h":"Ouest","s":"25N-H56N000A-80-A"},{"r":"35","t":"18:12:31","h":"Ouest","s":"25N-H56NV10A-80-A"},{"r":"35","t":"18:12:31","h":"Ouest","s":"25N-H56NV20A-80-A"},{"r":"35","t":"18:12:31","h":"Ouest","s":"25S-H56S000A-80-A"},{"r":"36","t":"18:21:00","h":"Ouest","s":"25N-H56N000A-80-A"},{"r":"36","t":"18:21:00","h":"Ouest","s":"25N-H56NV10A-80-A"},{"r":"36","t":"18:21:00","h":"Ouest","s":"25N-H56NV20A-80-A"},{"r":"36","t":"18:21:00","h":"Ouest","s":"25S-H56S000A-80-A"},{"r":"35","t":"18:25:31","h":"Ouest","s":"25N-H56N000I-80-I"},{"r":"35","t":"18:25:31","h":"Ouest","s":"25N-H56N100F-80-F1"},{"r":"35","t":"18:25:31","h":"Ouest","s":"25N-H56N200F-80-F2"},{"r":"35","t":"18:25:31","h":"Ouest","s":"25N-H56N300F-80-F3"},{"r":"35","t":"18:25:31","h":"Ouest","s":"25N-H56N400F-80-F4"},{"r":"35","t":"18:25:31","h":"Ouest","s":"25N-H56NV10I-80-I"},{"r":"35","t":"18:25:31","h":"Ouest","s":"25N-H56NV20I-80-I"},{"r":"35","t":"18:25:31","h":"Ouest","s":"25S-H56S000I-80-I"},{"r":"35","t":"18:25:31","h":"Ouest","s":"25S-H56S100F-80-F1"},{"r":"35","t":"18:25:31","h":"Ouest","s":"25S-H56S200F-81-F2"},{"r":"36","t":"18:28:00","h":"Ouest","s":"25N-H56N000I-80-I"},{"r":"36","t":"18:28:00","h":"Ouest","s":"25N-H56N100F-80-F1"},{"r":"36","t":"18:28:00","h":"Ouest","s":"25N-H56N200F-80-F2"},{"r":"36","t":"18:28:00","h":"Ouest","s":"25N-H56N300F-80-F3"},{"r":"36","t":"18:28:00","h":"Ouest","s":"25N-H56N400F-80-F4"},{"r":"36","t":"18:28:00","h":"Ouest","s":"25N-H56NV10I-80-I"},{"r":"36","t":"18:28:00","h":"Ouest","s":"25N-H56NV20I-80-I"},{"r":"36","t":"18:28:00","h":"Ouest","s":"25S-H56S000I-80-I"},{"r":"36","t":"18:28:00","h":"Ouest","s":"25S-H56S100F-80-F1"},{"r":"36","t":"18:28:00","h":"Ouest","s":"25S-H56S200F-81-F2"},{"r":"35","t":"18:28:31","h":"Ouest","s":"25N-H56N000S-80-S"},{"r":"35","t":"18:28:31","h":"Ouest","s":"25N-H56NV10S-80-S"},{"r":"35","t":"18:28:31","h":"Ouest","s":"25N-H56NV20S-80-S"},{"r":"35","t":"18:28:31","h":"Ouest","s":"25S-H56S000S-80-S"},{"r":"36","t":"18:31:00","h":"Ouest","s":"25N-H56N000S-80-S"},{"r":"36","t":"18:31:00","h":"Ouest","s":"25N-H56NV10S-80-S"},{"r":"36","t":"18:31:00","h":"Ouest","s":"25N-H56NV20S-80-S"},{"r":"36","t":"18:31:00","h":"Ouest","s":"25S-H56S000S-80-S"},{"r":"35","t":"18:43:31","h":"Ouest","s":"25N-H56N000A-80-A"},{"r":"35","t":"18:43:31","h":"Ouest","s":"25N-H56NV10A-80-A"},{"r":"35","t":"18:43:31","h":"Ouest","s":"25N-H56NV20A-80-A"},{"r":"35","t":"18:43:31","h":"Ouest","s":"25S-H56S000A-80-A"},{"r":"35","t":"18:46:31","h":"Ouest","s":"25N-H56N000S-80-S"},{"r":"35","t":"18:46:31","h":"Ouest","s":"25N-H56NV10S-80-S"},{"r":"35","t":"18:46:31","h":"Ouest","s":"25N-H56NV20S-80-S"},{"r":"35","t":"18:46:31","h":"Ouest","s":"25S-H56S000S-80-S"},{"r":"36","t":"18:51:00","h":"Ouest","s":"25N-H56N000S-80-S"},{"r":"36","t":"18:51:00","h":"Ouest","s":"25N-H56NV10S-80-S"},{"r":"36","t":"18:51:00","h":"Ouest","s":"25N-H56NV20S-80-S"},{"r":"36","t":"18:51:00","h":"Ouest","s":"25S-H56S000S-80-S"},{"r":"36","t":"18:53:00","h":"Ouest","s":"25N-H56N000A-80-A"},{"r":"36","t":"18:53:00","h":"Ouest","s":"25N-H56NV10A-80-A"},{"r":"36","t":"18:53:00","h":"Ouest","s":"25N-H56NV20A-80-A"},{"r":"36","t":"18:53:00","h":"Ouest","s":"25S-H56S000A-80-A"},{"r":"35","t":"18:55:31","h":"Ouest","s":"25N-H56N000I-80-I"},{"r":"35","t":"18:55:31","h":"Ouest","s":"25N-H56N100F-80-F1"},{"r":"35","t":"18:55:31","h":"Ouest","s":"25N-H56N200F-80-F2"},{"r":"35","t":"18:55:31","h":"Ouest","s":"25N-H56N300F-80-F3"},{"r":"35","t":"18:55:31","h":"Ouest","s":"25N-H56N400F-80-F4"},{"r":"35","t":"18:55:31","h":"Ouest","s":"25N-H56NV10I-80-I"},{"r":"35","t":"18:55:31","h":"Ouest","s":"25N-H56NV20I-80-I"},{"r":"35","t":"18:55:31","h":"Ouest","s":"25S-H56S000I-80-I"},{"r":"35","t":"18:55:31","h":"Ouest","s":"25S-H56S100F-80-F1"},{"r":"35","t":"18:55:31","h":"Ouest","s":"25S-H56S200F-81-F2"},{"r":"36","t":"18:58:00","h":"Ouest","s":"25N-H56N000I-80-I"},{"r":"36","t":"18:58:00","h":"Ouest","s":"25N-H56N100F-80-F1"},{"r":"36","t":"18:58:00","h":"Ouest","s":"25N-H56N200F-80-F2"},{"r":"36","t":"18:58:00","h":"Ouest","s":"25N-H56N300F-80-F3"},{"r":"36","t":"18:58:00","h":"Ouest","s":"25N-H56N400F-80-F4"},{"r":"36","t":"18:58:00","h":"Ouest","s":"25N-H56NV10I-80-I"},{"r":"36","t":"18:58:00","h":"Ouest","s":"25N-H56NV20I-80-I"},{"r":"36","t":"18:58:00","h":"Ouest","s":"25S-H56S000I-80-I"},{"r":"36","t":"18:58:00","h":"Ouest","s":"25S-H56S100F-80-F1"},{"r":"36","t":"18:58:00","h":"Ouest","s":"25S-H56S200F-81-F2"},{"r":"35","t":"19:04:31","h":"Ouest","s":"25N-H56N000S-80-S"},{"r":"35","t":"19:04:31","h":"Ouest","s":"25N-H56NV10S-80-S"},{"r":"35","t":"19:04:31","h":"Ouest","s":"25N-H56NV20S-80-S"},{"r":"35","t":"19:04:31","h":"Ouest","s":"25S-H56S000S-80-S"},{"r":"35","t":"19:10:49","h":"Ouest","s":"25N-H56N000A-80-A"},{"r":"35","t":"19:10:49","h":"Ouest","s":"25N-H56NV10A-80-A"},{"r":"35","t":"19:10:49","h":"Ouest","s":"25N-H56NV20A-80-A"},{"r":"35","t":"19:10:49","h":"Ouest","s":"25S-H56S000A-80-A"},{"r":"36","t":"19:11:00","h":"Ouest","s":"25N-H56N000S-80-S"},{"r":"36","t":"19:11:00","h":"Ouest","s":"25N-H56NV10S-80-S"},{"r":"36","t":"19:11:00","h":"Ouest","s":"25N-H56NV20S-80-S"},{"r":"36","t":"19:11:00","h":"Ouest","s":"25S-H56S000S-80-S"},{"r":"35","t":"19:21:31","h":"Ouest","s":"25N-H56N000S-80-S"},{"r":"35","t":"19:21:31","h":"Ouest","s":"25N-H56NV10S-80-S"},{"r":"35","t":"19:21:31","h":"Ouest","s":"25N-H56NV20S-80-S"},{"r":"35","t":"19:21:31","h":"Ouest","s":"25S-H56S000S-80-S"},{"r":"35","t":"19:23:49","h":"Ouest","s":"25N-H56N000I-80-I"},{"r":"35","t":"19:23:49","h":"Ouest","s":"25N-H56N100F-80-F1"},{"r":"35","t":"19:23:49","h":"Ouest","s":"25N-H56N200F-80-F2"},{"r":"35","t":"19:23:49","h":"Ouest","s":"25N-H56N300F-80-F3"},{"r":"35","t":"19:23:49","h":"Ouest","s":"25N-H56N400F-80-F4"},{"r":"35","t":"19:23:49","h":"Ouest","s":"25N-H56NV10I-80-I"},{"r":"35","t":"19:23:49","h":"Ouest","s":"25N-H56NV20I-80-I"},{"r":"35","t":"19:23:49","h":"Ouest","s":"25S-H56S000I-80-I"},{"r":"35","t":"19:23:49","h":"Ouest","s":"25S-H56S100F-80-F1"},{"r":"35","t":"19:23:49","h":"Ouest","s":"25S-H56S200F-81-F2"},{"r":"36","t":"19:26:00","h":"Ouest","s":"25N-H56N000A-80-A"},{"r":"36","t":"19:26:00","h":"Ouest","s":"25N-H56NV10A-80-A"},{"r":"36","t":"19:26:00","h":"Ouest","s":"25N-H56NV20A-80-A"},{"r":"36","t":"19:26:00","h":"Ouest","s":"25S-H56S000A-80-A"},{"r":"36","t":"19:30:00","h":"Ouest","s":"25N-H56N000I-80-I"},{"r":"36","t":"19:30:00","h":"Ouest","s":"25N-H56N000S-80-S"},{"r":"36","t":"19:30:00","h":"Ouest","s":"25N-H56N100F-80-F1"},{"r":"36","t":"19:30:00","h":"Ouest","s":"25N-H56N200F-80-F2"},{"r":"36","t":"19:30:00","h":"Ouest","s":"25N-H56N300F-80-F3"},{"r":"36","t":"19:30:00","h":"Ouest","s":"25N-H56N400F-80-F4"},{"r":"36","t":"19:30:00","h":"Ouest","s":"25N-H56NV10I-80-I"},{"r":"36","t":"19:30:00","h":"Ouest","s":"25N-H56NV10S-80-S"},{"r":"36","t":"19:30:00","h":"Ouest","s":"25N-H56NV20I-80-I"},{"r":"36","t":"19:30:00","h":"Ouest","s":"25N-H56NV20S-80-S"},{"r":"36","t":"19:30:00","h":"Ouest","s":"25S-H56S000I-80-I"},{"r":"36","t":"19:30:00","h":"Ouest","s":"25S-H56S000S-80-S"},{"r":"36","t":"19:30:00","h":"Ouest","s":"25S-H56S100F-80-F1"},{"r":"36","t":"19:30:00","h":"Ouest","s":"25S-H56S200F-81-F2"},{"r":"35","t":"19:39:49","h":"Ouest","s":"25N-H56N000A-80-A"},{"r":"35","t":"19:39:49","h":"Ouest","s":"25N-H56NV10A-80-A"},{"r":"35","t":"19:39:49","h":"Ouest","s":"25N-H56NV20A-80-A"},{"r":"35","t":"19:39:49","h":"Ouest","s":"25S-H56S000A-80-A"},{"r":"35","t":"19:42:31","h":"Ouest","s":"25N-H56N000S-80-S"},{"r":"35","t":"19:42:31","h":"Ouest","s":"25N-H56NV10S-80-S"},{"r":"35","t":"19:42:31","h":"Ouest","s":"25N-H56NV20S-80-S"},{"r":"35","t":"19:42:31","h":"Ouest","s":"25S-H56S000S-80-S"},{"r":"36","t":"19:51:00","h":"Ouest","s":"25N-H56N000S-80-S"},{"r":"36","t":"19:51:00","h":"Ouest","s":"25N-H56NV10S-80-S"},{"r":"36","t":"19:51:00","h":"Ouest","s":"25N-H56NV20S-80-S"},{"r":"36","t":"19:51:00","h":"Ouest","s":"25S-H56S000S-80-S"},{"r":"35","t":"19:51:49","h":"Ouest","s":"25N-H56N000I-80-I"},{"r":"35","t":"19:51:49","h":"Ouest","s":"25N-H56N100F-80-F1"},{"r":"35","t":"19:51:49","h":"Ouest","s":"25N-H56N200F-80-F2"},{"r":"35","t":"19:51:49","h":"Ouest","s":"25N-H56N300F-80-F3"},{"r":"35","t":"19:51:49","h":"Ouest","s":"25N-H56N400F-80-F4"},{"r":"35","t":"19:51:49","h":"Ouest","s":"25N-H56NV10I-80-I"},{"r":"35","t":"19:51:49","h":"Ouest","s":"25N-H56NV20I-80-I"},{"r":"35","t":"19:51:49","h":"Ouest","s":"25S-H56S000I-80-I"},{"r":"35","t":"19:51:49","h":"Ouest","s":"25S-H56S100F-80-F1"},{"r":"35","t":"19:51:49","h":"Ouest","s":"25S-H56S200F-81-F2"},{"r":"36","t":"20:00:00","h":"Ouest","s":"25N-H56N000A-80-A"},{"r":"36","t":"20:00:00","h":"Ouest","s":"25N-H56NV10A-80-A"},{"r":"36","t":"20:00:00","h":"Ouest","s":"25N-H56NV20A-80-A"},{"r":"36","t":"20:00:00","h":"Ouest","s":"25S-H56S000A-80-A"},{"r":"36","t":"20:02:00","h":"Ouest","s":"25N-H56N000I-80-I"},{"r":"36","t":"20:02:00","h":"Ouest","s":"25N-H56N100F-80-F1"},{"r":"36","t":"20:02:00","h":"Ouest","s":"25N-H56N200F-80-F2"},{"r":"36","t":"20:02:00","h":"Ouest","s":"25N-H56N300F-80-F3"},{"r":"36","t":"20:02:00","h":"Ouest","s":"25N-H56N400F-80-F4"},{"r":"36","t":"20:02:00","h":"Ouest","s":"25N-H56NV10I-80-I"},{"r":"36","t":"20:02:00","h":"Ouest","s":"25N-H56NV20I-80-I"},{"r":"36","t":"20:02:00","h":"Ouest","s":"25S-H56S000I-80-I"},{"r":"36","t":"20:02:00","h":"Ouest","s":"25S-H56S100F-80-F1"},{"r":"36","t":"20:02:00","h":"Ouest","s":"25S-H56S200F-81-F2"},{"r":"35","t":"20:04:31","h":"Ouest","s":"25N-H56N000S-80-S"},{"r":"35","t":"20:04:31","h":"Ouest","s":"25N-H56NV10S-80-S"},{"r":"35","t":"20:04:31","h":"Ouest","s":"25N-H56NV20S-80-S"},{"r":"35","t":"20:04:31","h":"Ouest","s":"25S-H56S000S-80-S"},{"r":"35","t":"20:06:49","h":"Ouest","s":"25N-H56N000A-80-A"},{"r":"35","t":"20:06:49","h":"Ouest","s":"25N-H56NV10A-80-A"},{"r":"35","t":"20:06:49","h":"Ouest","s":"25N-H56NV20A-80-A"},{"r":"35","t":"20:06:49","h":"Ouest","s":"25S-H56S000A-80-A"},{"r":"36","t":"20:11:00","h":"Ouest","s":"25N-H56N000S-80-S"},{"r":"36","t":"20:11:00","h":"Ouest","s":"25N-H56NV10S-80-S"},{"r":"36","t":"20:11:00","h":"Ouest","s":"25N-H56NV20S-80-S"},{"r":"36","t":"20:11:00","h":"Ouest","s":"25S-H56S000S-80-S"},{"r":"35","t":"20:21:49","h":"Ouest","s":"25N-H56N000I-80-I"},{"r":"35","t":"20:21:49","h":"Ouest","s":"25N-H56N100F-80-F1"},{"r":"35","t":"20:21:49","h":"Ouest","s":"25N-H56N200F-80-F2"},{"r":"35","t":"20:21:49","h":"Ouest","s":"25N-H56N300F-80-F3"},{"r":"35","t":"20:21:49","h":"Ouest","s":"25N-H56N400F-80-F4"},{"r":"35","t":"20:21:49","h":"Ouest","s":"25N-H56NV10I-80-I"},{"r":"35","t":"20:21:49","h":"Ouest","s":"25N-H56NV20I-80-I"},{"r":"35","t":"20:21:49","h":"Ouest","s":"25S-H56S000I-80-I"},{"r":"35","t":"20:21:49","h":"Ouest","s":"25S-H56S100F-80-F1"},{"r":"35","t":"20:21:49","h":"Ouest","s":"25S-H56S200F-81-F2"},{"r":"36","t":"20:32:00","h":"Ouest","s":"25N-H56N000A-80-A"},{"r":"36","t":"20:32:00","h":"Ouest","s":"25N-H56N000S-80-S"},{"r":"36","t":"20:32:00","h":"Ouest","s":"25N-H56NV10A-80-A"},{"r":"36","t":"20:32:00","h":"Ouest","s":"25N-H56NV10S-80-S"},{"r":"36","t":"20:32:00","h":"Ouest","s":"25N-H56NV20A-80-A"},{"r":"36","t":"20:32:00","h":"Ouest","s":"25N-H56NV20S-80-S"},{"r":"36","t":"20:32:00","h":"Ouest","s":"25S-H56S000A-80-A"},{"r":"36","t":"20:32:00","h":"Ouest","s":"25S-H56S000S-80-S"},{"r":"35","t":"20:33:31","h":"Ouest","s":"25N-H56N000S-80-S"},{"r":"35","t":"20:33:31","h":"Ouest","s":"25N-H56NV10S-80-S"},{"r":"35","t":"20:33:31","h":"Ouest","s":"25N-H56NV20S-80-S"},{"r":"35","t":"20:33:31","h":"Ouest","s":"25S-H56S000S-80-S"},{"r":"36","t":"20:34:00","h":"Ouest","s":"25N-H56N000I-80-I"},{"r":"36","t":"20:34:00","h":"Ouest","s":"25N-H56N100F-80-F1"},{"r":"36","t":"20:34:00","h":"Ouest","s":"25N-H56N200F-80-F2"},{"r":"36","t":"20:34:00","h":"Ouest","s":"25N-H56N300F-80-F3"},{"r":"36","t":"20:34:00","h":"Ouest","s":"25N-H56N400F-80-F4"},{"r":"36","t":"20:34:00","h":"Ouest","s":"25N-H56NV10I-80-I"},{"r":"36","t":"20:34:00","h":"Ouest","s":"25N-H56NV20I-80-I"},{"r":"36","t":"20:34:00","h":"Ouest","s":"25S-H56S000I-80-I"},{"r":"36","t":"20:34:00","h":"Ouest","s":"25S-H56S100F-80-F1"},{"r":"36","t":"20:34:00","h":"Ouest","s":"25S-H56S200F-81-F2"},{"r":"35","t":"20:34:49","h":"Ouest","s":"25N-H56N000A-80-A"},{"r":"35","t":"20:34:49","h":"Ouest","s":"25N-H56NV10A-80-A"},{"r":"35","t":"20:34:49","h":"Ouest","s":"25N-H56NV20A-80-A"},{"r":"35","t":"20:34:49","h":"Ouest","s":"25S-H56S000A-80-A"},{"r":"35","t":"20:51:49","h":"Ouest","s":"25N-H56N000I-80-I"},{"r":"35","t":"20:51:49","h":"Ouest","s":"25N-H56N100F-80-F1"},{"r":"35","t":"20:51:49","h":"Ouest","s":"25N-H56N200F-80-F2"},{"r":"35","t":"20:51:49","h":"Ouest","s":"25N-H56N300F-80-F3"},{"r":"35","t":"20:51:49","h":"Ouest","s":"25N-H56N400F-80-F4"},{"r":"35","t":"20:51:49","h":"Ouest","s":"25N-H56NV10I-80-I"},{"r":"35","t":"20:51:49","h":"Ouest","s":"25N-H56NV20I-80-I"},{"r":"35","t":"20:51:49","h":"Ouest","s":"25S-H56S000I-80-I"},{"r":"35","t":"20:51:49","h":"Ouest","s":"25S-H56S100F-80-F1"},{"r":"35","t":"20:51:49","h":"Ouest","s":"25S-H56S200F-81-F2"},{"r":"36","t":"20:59:00","h":"Ouest","s":"25N-H56N000S-80-S"},{"r":"36","t":"20:59:00","h":"Ouest","s":"25N-H56NV10S-80-S"},{"r":"36","t":"20:59:00","h":"Ouest","s":"25N-H56NV20S-80-S"},{"r":"36","t":"20:59:00","h":"Ouest","s":"25S-H56S000S-80-S"},{"r":"35","t":"20:59:49","h":"Ouest","s":"25N-H56N000A-80-A"},{"r":"35","t":"20:59:49","h":"Ouest","s":"25N-H56NV10A-80-A"},{"r":"35","t":"20:59:49","h":"Ouest","s":"25N-H56NV20A-80-A"},{"r":"35","t":"20:59:49","h":"Ouest","s":"25S-H56S000A-80-A"},{"r":"36","t":"21:02:00","h":"Ouest","s":"25N-H56N000A-80-A"},{"r":"36","t":"21:02:00","h":"Ouest","s":"25N-H56NV10A-80-A"},{"r":"36","t":"21:02:00","h":"Ouest","s":"25N-H56NV20A-80-A"},{"r":"36","t":"21:02:00","h":"Ouest","s":"25S-H56S000A-80-A"},{"r":"35","t":"21:06:31","h":"Ouest","s":"25N-H56N000S-80-S"},{"r":"35","t":"21:06:31","h":"Ouest","s":"25N-H56NV10S-80-S"},{"r":"35","t":"21:06:31","h":"Ouest","s":"25N-H56NV20S-80-S"},{"r":"35","t":"21:06:31","h":"Ouest","s":"25S-H56S000S-80-S"},{"r":"36","t":"21:07:00","h":"Ouest","s":"25N-H56N000I-80-I"},{"r":"36","t":"21:07:00","h":"Ouest","s":"25N-H56N100F-80-F1"},{"r":"36","t":"21:07:00","h":"Ouest","s":"25N-H56N200F-80-F2"},{"r":"36","t":"21:07:00","h":"Ouest","s":"25N-H56N300F-80-F3"},{"r":"36","t":"21:07:00","h":"Ouest","s":"25N-H56N400F-80-F4"},{"r":"36","t":"21:07:00","h":"Ouest","s":"25N-H56NV10I-80-I"},{"r":"36","t":"21:07:00","h":"Ouest","s":"25N-H56NV20I-80-I"},{"r":"36","t":"21:07:00","h":"Ouest","s":"25S-H56S000I-80-I"},{"r":"36","t":"21:07:00","h":"Ouest","s":"25S-H56S100F-80-F1"},{"r":"36","t":"21:07:00","h":"Ouest","s":"25S-H56S200F-81-F2"},{"r":"35","t":"21:21:49","h":"Ouest","s":"25N-H56N000I-80-I"},{"r":"35","t":"21:21:49","h":"Ouest","s":"25N-H56N100F-80-F1"},{"r":"35","t":"21:21:49","h":"Ouest","s":"25N-H56N200F-80-F2"},{"r":"35","t":"21:21:49","h":"Ouest","s":"25N-H56N300F-80-F3"},{"r":"35","t":"21:21:49","h":"Ouest","s":"25N-H56N400F-80-F4"},{"r":"35","t":"21:21:49","h":"Ouest","s":"25N-H56NV10I-80-I"},{"r":"35","t":"21:21:49","h":"Ouest","s":"25N-H56NV20I-80-I"},{"r":"35","t":"21:21:49","h":"Ouest","s":"25S-H56S000I-80-I"},{"r":"35","t":"21:21:49","h":"Ouest","s":"25S-H56S100F-80-F1"},{"r":"35","t":"21:21:49","h":"Ouest","s":"25S-H56S200F-81-F2"},{"r":"35","t":"21:29:49","h":"Ouest","s":"25N-H56N000A-80-A"},{"r":"35","t":"21:29:49","h":"Ouest","s":"25N-H56NV10A-80-A"},{"r":"35","t":"21:29:49","h":"Ouest","s":"25N-H56NV20A-80-A"},{"r":"35","t":"21:29:49","h":"Ouest","s":"25S-H56S000A-80-A"},{"r":"36","t":"21:32:00","h":"Ouest","s":"25N-H56N000S-80-S"},{"r":"36","t":"21:32:00","h":"Ouest","s":"25N-H56NV10S-80-S"},{"r":"36","t":"21:32:00","h":"Ouest","s":"25N-H56NV20S-80-S"},{"r":"36","t":"21:32:00","h":"Ouest","s":"25S-H56S000S-80-S"},{"r":"36","t":"21:36:00","h":"Ouest","s":"25N-H56N000A-80-A"},{"r":"36","t":"21:36:00","h":"Ouest","s":"25N-H56NV10A-80-A"},{"r":"36","t":"21:36:00","h":"Ouest","s":"25N-H56NV20A-80-A"},{"r":"36","t":"21:36:00","h":"Ouest","s":"25S-H56S000A-80-A"},{"r":"36","t":"21:38:00","h":"Ouest","s":"25N-H56N000I-80-I"},{"r":"36","t":"21:38:00","h":"Ouest","s":"25N-H56N100F-80-F1"},{"r":"36","t":"21:38:00","h":"Ouest","s":"25N-H56N200F-80-F2"},{"r":"36","t":"21:38:00","h":"Ouest","s":"25N-H56N300F-80-F3"},{"r":"36","t":"21:38:00","h":"Ouest","s":"25N-H56N400F-80-F4"},{"r":"36","t":"21:38:00","h":"Ouest","s":"25N-H56NV10I-80-I"},{"r":"36","t":"21:38:00","h":"Ouest","s":"25N-H56NV20I-80-I"},{"r":"36","t":"21:38:00","h":"Ouest","s":"25S-H56S000I-80-I"},{"r":"36","t":"21:38:00","h":"Ouest","s":"25S-H56S100F-80-F1"},{"r":"36","t":"21:38:00","h":"Ouest","s":"25S-H56S200F-81-F2"},{"r":"35","t":"21:38:49","h":"Ouest","s":"25N-H56N000S-80-S"},{"r":"35","t":"21:38:49","h":"Ouest","s":"25N-H56NV10S-80-S"},{"r":"35","t":"21:38:49","h":"Ouest","s":"25N-H56NV20S-80-S"},{"r":"35","t":"21:38:49","h":"Ouest","s":"25S-H56S000S-80-S"},{"r":"35","t":"21:51:49","h":"Ouest","s":"25N-H56N000I-80-I"},{"r":"35","t":"21:51:49","h":"Ouest","s":"25N-H56N100F-80-F1"},{"r":"35","t":"21:51:49","h":"Ouest","s":"25N-H56N200F-80-F2"},{"r":"35","t":"21:51:49","h":"Ouest","s":"25N-H56N300F-80-F3"},{"r":"35","t":"21:51:49","h":"Ouest","s":"25N-H56N400F-80-F4"},{"r":"35","t":"21:51:49","h":"Ouest","s":"25N-H56NV10I-80-I"},{"r":"35","t":"21:51:49","h":"Ouest","s":"25N-H56NV20I-80-I"},{"r":"35","t":"21:51:49","h":"Ouest","s":"25S-H56S000I-80-I"},{"r":"35","t":"21:51:49","h":"Ouest","s":"25S-H56S100F-80-F1"},{"r":"35","t":"21:51:49","h":"Ouest","s":"25S-H56S200F-81-F2"},{"r":"35","t":"21:56:49","h":"Ouest","s":"25N-H56N000A-80-A"},{"r":"35","t":"21:56:49","h":"Ouest","s":"25N-H56NV10A-80-A"},{"r":"35","t":"21:56:49","h":"Ouest","s":"25N-H56NV20A-80-A"},{"r":"35","t":"21:56:49","h":"Ouest","s":"25S-H56S000A-80-A"},{"r":"36","t":"22:03:00","h":"Ouest","s":"25N-H56N000S-80-S"},{"r":"36","t":"22:03:00","h":"Ouest","s":"25N-H56NV10S-80-S"},{"r":"36","t":"22:03:00","h":"Ouest","s":"25N-H56NV20S-80-S"},{"r":"36","t":"22:03:00","h":"Ouest","s":"25S-H56S000S-80-S"},{"r":"36","t":"22:07:00","h":"Ouest","s":"25N-H56N000A-80-A"},{"r":"36","t":"22:07:00","h":"Ouest","s":"25N-H56NV10A-80-A"},{"r":"36","t":"22:07:00","h":"Ouest","s":"25N-H56NV20A-80-A"},{"r":"36","t":"22:07:00","h":"Ouest","s":"25S-H56S000A-80-A"},{"r":"35","t":"22:07:49","h":"Ouest","s":"25N-H56N000S-80-S"},{"r":"35","t":"22:07:49","h":"Ouest","s":"25N-H56NV10S-80-S"},{"r":"35","t":"22:07:49","h":"Ouest","s":"25N-H56NV20S-80-S"},{"r":"35","t":"22:07:49","h":"Ouest","s":"25S-H56S000S-80-S"},{"r":"36","t":"22:10:00","h":"Ouest","s":"25N-H56N000I-80-I"},{"r":"36","t":"22:10:00","h":"Ouest","s":"25N-H56N100F-80-F1"},{"r":"36","t":"22:10:00","h":"Ouest","s":"25N-H56N200F-80-F2"},{"r":"36","t":"22:10:00","h":"Ouest","s":"25N-H56N300F-80-F3"},{"r":"36","t":"22:10:00","h":"Ouest","s":"25N-H56N400F-80-F4"},{"r":"36","t":"22:10:00","h":"Ouest","s":"25N-H56NV10I-80-I"},{"r":"36","t":"22:10:00","h":"Ouest","s":"25N-H56NV20I-80-I"},{"r":"36","t":"22:10:00","h":"Ouest","s":"25S-H56S000I-80-I"},{"r":"36","t":"22:10:00","h":"Ouest","s":"25S-H56S100F-80-F1"},{"r":"36","t":"22:10:00","h":"Ouest","s":"25S-H56S200F-81-F2"},{"r":"35","t":"22:22:49","h":"Ouest","s":"25N-H56N000I-80-I"},{"r":"35","t":"22:22:49","h":"Ouest","s":"25N-H56N100F-80-F1"},{"r":"35","t":"22:22:49","h":"Ouest","s":"25N-H56N200F-80-F2"},{"r":"35","t":"22:22:49","h":"Ouest","s":"25N-H56N300F-80-F3"},{"r":"35","t":"22:22:49","h":"Ouest","s":"25N-H56N400F-80-F4"},{"r":"35","t":"22:22:49","h":"Ouest","s":"25N-H56NV10I-80-I"},{"r":"35","t":"22:22:49","h":"Ouest","s":"25N-H56NV20I-80-I"},{"r":"35","t":"22:22:49","h":"Ouest","s":"25S-H56S000I-80-I"},{"r":"35","t":"22:22:49","h":"Ouest","s":"25S-H56S100F-80-F1"},{"r":"35","t":"22:22:49","h":"Ouest","s":"25S-H56S200F-81-F2"},{"r":"35","t":"22:24:49","h":"Ouest","s":"25N-H56N000A-80-A"},{"r":"35","t":"22:24:49","h":"Ouest","s":"25N-H56NV10A-80-A"},{"r":"35","t":"22:24:49","h":"Ouest","s":"25N-H56NV20A-80-A"},{"r":"35","t":"22:24:49","h":"Ouest","s":"25S-H56S000A-80-A"},{"r":"36","t":"22:32:00","h":"Ouest","s":"25N-H56N000S-80-S"},{"r":"36","t":"22:32:00","h":"Ouest","s":"25N-H56NV10S-80-S"},{"r":"36","t":"22:32:00","h":"Ouest","s":"25N-H56NV20S-80-S"},{"r":"36","t":"22:32:00","h":"Ouest","s":"25S-H56S000S-80-S"},{"r":"36","t":"22:37:00","h":"Ouest","s":"25N-H56N000A-80-A"},{"r":"36","t":"22:37:00","h":"Ouest","s":"25N-H56NV10A-80-A"},{"r":"36","t":"22:37:00","h":"Ouest","s":"25N-H56NV20A-80-A"},{"r":"36","t":"22:37:00","h":"Ouest","s":"25S-H56S000A-80-A"},{"r":"35","t":"22:37:49","h":"Ouest","s":"25N-H56N000S-80-S"},{"r":"35","t":"22:37:49","h":"Ouest","s":"25N-H56NV10S-80-S"},{"r":"35","t":"22:37:49","h":"Ouest","s":"25N-H56NV20S-80-S"},{"r":"35","t":"22:37:49","h":"Ouest","s":"25S-H56S000S-80-S"},{"r":"36","t":"22:42:00","h":"Ouest","s":"25N-H56N000I-80-I"},{"r":"36","t":"22:42:00","h":"Ouest","s":"25N-H56N100F-80-F1"},{"r":"36","t":"22:42:00","h":"Ouest","s":"25N-H56N200F-80-F2"},{"r":"36","t":"22:42:00","h":"Ouest","s":"25N-H56N300F-80-F3"},{"r":"36","t":"22:42:00","h":"Ouest","s":"25N-H56N400F-80-F4"},{"r":"36","t":"22:42:00","h":"Ouest","s":"25N-H56NV10I-80-I"},{"r":"36","t":"22:42:00","h":"Ouest","s":"25N-H56NV20I-80-I"},{"r":"36","t":"22:42:00","h":"Ouest","s":"25S-H56S000I-80-I"},{"r":"36","t":"22:42:00","h":"Ouest","s":"25S-H56S100F-80-F1"},{"r":"36","t":"22:42:00","h":"Ouest","s":"25S-H56S200F-81-F2"},{"r":"35","t":"22:52:49","h":"Ouest","s":"25N-H56N000I-80-I"},{"r":"35","t":"22:52:49","h":"Ouest","s":"25N-H56N100F-80-F1"},{"r":"35","t":"22:52:49","h":"Ouest","s":"25N-H56N200F-80-F2"},{"r":"35","t":"22:52:49","h":"Ouest","s":"25N-H56N300F-80-F3"},{"r":"35","t":"22:52:49","h":"Ouest","s":"25N-H56N400F-80-F4"},{"r":"35","t":"22:52:49","h":"Ouest","s":"25N-H56NV10I-80-I"},{"r":"35","t":"22:52:49","h":"Ouest","s":"25N-H56NV20I-80-I"},{"r":"35","t":"22:52:49","h":"Ouest","s":"25S-H56S000I-80-I"},{"r":"35","t":"22:52:49","h":"Ouest","s":"25S-H56S100F-80-F1"},{"r":"35","t":"22:52:49","h":"Ouest","s":"25S-H56S200F-81-F2"},{"r":"35","t":"22:54:49","h":"Ouest","s":"25N-H56N000A-80-A"},{"r":"35","t":"22:54:49","h":"Ouest","s":"25N-H56NV10A-80-A"},{"r":"35","t":"22:54:49","h":"Ouest","s":"25N-H56NV20A-80-A"},{"r":"35","t":"22:54:49","h":"Ouest","s":"25S-H56S000A-80-A"},{"r":"36","t":"23:04:00","h":"Ouest","s":"25N-H56N000S-80-S"},{"r":"36","t":"23:04:00","h":"Ouest","s":"25N-H56NV10S-80-S"},{"r":"36","t":"23:04:00","h":"Ouest","s":"25N-H56NV20S-80-S"},{"r":"36","t":"23:04:00","h":"Ouest","s":"25S-H56S000S-80-S"},{"r":"35","t":"23:07:49","h":"Ouest","s":"25N-H56N000S-80-S"},{"r":"35","t":"23:07:49","h":"Ouest","s":"25N-H56NV10S-80-S"},{"r":"35","t":"23:07:49","h":"Ouest","s":"25N-H56NV20S-80-S"},{"r":"35","t":"23:07:49","h":"Ouest","s":"25S-H56S000S-80-S"},{"r":"36","t":"23:09:00","h":"Ouest","s":"25N-H56N000A-80-A"},{"r":"36","t":"23:09:00","h":"Ouest","s":"25N-H56NV10A-80-A"},{"r":"36","t":"23:09:00","h":"Ouest","s":"25N-H56NV20A-80-A"},{"r":"36","t":"23:09:00","h":"Ouest","s":"25S-H56S000A-80-A"},{"r":"36","t":"23:13:00","h":"Ouest","s":"25N-H56N000I-80-I"},{"r":"36","t":"23:13:00","h":"Ouest","s":"25N-H56N100F-80-F1"},{"r":"36","t":"23:13:00","h":"Ouest","s":"25N-H56N200F-80-F2"},{"r":"36","t":"23:13:00","h":"Ouest","s":"25N-H56N300F-80-F3"},{"r":"36","t":"23:13:00","h":"Ouest","s":"25N-H56N400F-80-F4"},{"r":"36","t":"23:13:00","h":"Ouest","s":"25N-H56NV10I-80-I"},{"r":"36","t":"23:13:00","h":"Ouest","s":"25N-H56NV20I-80-I"},{"r":"36","t":"23:13:00","h":"Ouest","s":"25S-H56S000I-80-I"},{"r":"36","t":"23:13:00","h":"Ouest","s":"25S-H56S100F-80-F1"},{"r":"36","t":"23:13:00","h":"Ouest","s":"25S-H56S200F-81-F2"},{"r":"36","t":"23:36:00","h":"Ouest","s":"25N-H56N000S-80-S"},{"r":"36","t":"23:36:00","h":"Ouest","s":"25N-H56NV10S-80-S"},{"r":"36","t":"23:36:00","h":"Ouest","s":"25N-H56NV20S-80-S"},{"r":"36","t":"23:36:00","h":"Ouest","s":"25S-H56S000S-80-S"},{"r":"36","t":"23:39:00","h":"Ouest","s":"25N-H56N000A-80-A"},{"r":"36","t":"23:39:00","h":"Ouest","s":"25N-H56NV10A-80-A"},{"r":"36","t":"23:39:00","h":"Ouest","s":"25N-H56NV20A-80-A"},{"r":"36","t":"23:39:00","h":"Ouest","s":"25S-H56S000A-80-A"},{"r":"36","t":"23:42:00","h":"Ouest","s":"25N-H56N000I-80-I"},{"r":"36","t":"23:42:00","h":"Ouest","s":"25N-H56N100F-80-F1"},{"r":"36","t":"23:42:00","h":"Ouest","s":"25N-H56N200F-80-F2"},{"r":"36","t":"23:42:00","h":"Ouest","s":"25N-H56N300F-80-F3"},{"r":"36","t":"23:42:00","h":"Ouest","s":"25N-H56N400F-80-F4"},{"r":"36","t":"23:42:00","h":"Ouest","s":"25N-H56NV10I-80-I"},{"r":"36","t":"23:42:00","h":"Ouest","s":"25N-H56NV20I-80-I"},{"r":"36","t":"23:42:00","h":"Ouest","s":"25S-H56S000I-80-I"},{"r":"36","t":"23:42:00","h":"Ouest","s":"25S-H56S100F-80-F1"},{"r":"36","t":"23:42:00","h":"Ouest","s":"25S-H56S200F-81-F2"},{"r":"36","t":"24:06:00","h":"Ouest","s":"25N-H56N000S-80-S"},{"r":"36","t":"24:06:00","h":"Ouest","s":"25N-H56NV10S-80-S"},{"r":"36","t":"24:06:00","h":"Ouest","s":"25N-H56NV20S-80-S"},{"r":"36","t":"24:06:00","h":"Ouest","s":"25S-H56S000S-80-S"},{"r":"36","t":"24:09:00","h":"Ouest","s":"25N-H56N000A-80-A"},{"r":"36","t":"24:09:00","h":"Ouest","s":"25N-H56NV10A-80-A"},{"r":"36","t":"24:09:00","h":"Ouest","s":"25N-H56NV20A-80-A"},{"r":"36","t":"24:09:00","h":"Ouest","s":"25S-H56S000A-80-A"},{"r":"36","t":"24:12:00","h":"Ouest","s":"25N-H56N000I-80-I"},{"r":"36","t":"24:12:00","h":"Ouest","s":"25N-H56N100F-80-F1"},{"r":"36","t":"24:12:00","h":"Ouest","s":"25N-H56N200F-80-F2"},{"r":"36","t":"24:12:00","h":"Ouest","s":"25N-H56N300F-80-F3"},{"r":"36","t":"24:12:00","h":"Ouest","s":"25N-H56N400F-80-F4"},{"r":"36","t":"24:12:00","h":"Ouest","s":"25N-H56NV10I-80-I"},{"r":"36","t":"24:12:00","h":"Ouest","s":"25N-H56NV20I-80-I"},{"r":"36","t":"24:12:00","h":"Ouest","s":"25S-H56S000I-80-I"},{"r":"36","t":"24:12:00","h":"Ouest","s":"25S-H56S100F-80-F1"},{"r":"36","t":"24:12:00","h":"Ouest","s":"25S-H56S200F-81-F2"},{"r":"36","t":"24:37:00","h":"Ouest","s":"25N-H56N000S-80-S"},{"r":"36","t":"24:37:00","h":"Ouest","s":"25N-H56NV10S-80-S"},{"r":"36","t":"24:37:00","h":"Ouest","s":"25N-H56NV20S-80-S"},{"r":"36","t":"24:37:00","h":"Ouest","s":"25S-H56S000S-80-S"},{"r":"36","t":"24:40:00","h":"Ouest","s":"25N-H56N000A-80-A"},{"r":"36","t":"24:40:00","h":"Ouest","s":"25N-H56NV10A-80-A"},{"r":"36","t":"24:40:00","h":"Ouest","s":"25N-H56NV20A-80-A"},{"r":"36","t":"24:40:00","h":"Ouest","s":"25S-H56S000A-80-A"},{"r":"36","t":"24:43:00","h":"Ouest","s":"25N-H56N000I-80-I"},{"r":"36","t":"24:43:00","h":"Ouest","s":"25N-H56N100F-80-F1"},{"r":"36","t":"24:43:00","h":"Ouest","s":"25N-H56N200F-80-F2"},{"r":"36","t":"24:43:00","h":"Ouest","s":"25N-H56N300F-80-F3"},{"r":"36","t":"24:43:00","h":"Ouest","s":"25N-H56N400F-80-F4"},{"r":"36","t":"24:43:00","h":"Ouest","s":"25N-H56NV10I-80-I"},{"r":"36","t":"24:43:00","h":"Ouest","s":"25N-H56NV20I-80-I"},{"r":"36","t":"24:43:00","h":"Ouest","s":"25S-H56S000I-80-I"},{"r":"36","t":"24:43:00","h":"Ouest","s":"25S-H56S100F-80-F1"},{"r":"36","t":"24:43:00","h":"Ouest","s":"25S-H56S200F-81-F2"}]