[{"r":"138","t":"06:05:50","h":"Ouest","s":"25N-H56N000S-80-S"},{"r":"138","t":"06:05:50","h":"Ouest","s":"25N-H56NV10S-80-S"},{"r":"138","t":"06:05:50","h":"Ouest","s":"25N-H56NV20S-80-S"},{"r":"138","t":"06:05:50","h":"Ouest","s":"25S-H56S000S-80-S"},{"r":"138","t":"06:19:50","h":"Ouest","s":"25N-H56N000A-80-A"},{"r":"138","t":"06:19:50","h":"Ouest","s":"25N-H56NV10A-80-A"},{"r":"138","t":"06:19:50","h":"Ouest","s":"25N-H56NV20A-80-A"},{"r":"138","t":"06:19:50","h":"Ouest","s":"25S-H56S000A-80-A"},{"r":"138","t":"06:31:50","h":"Ouest","s":"25N-H56N000S-80-S"},{"r":"138","t":"06:31:50","h":"Ouest","s":"25N-H56NV10S-80-S"},{"r":"138","t":"06:31:50","h":"Ouest","s":"25N-H56NV20S-80-S"},{"r":"138","t":"06:31:50","h":"Ouest","s":"25S-H56S000S-80-S"},{"r":"138","t":"06:58:50","h":"Ouest","s":"25N-H56N000A-80-A"},{"r":"138","t":"06:58:50","h":"Ouest","s":"25N-H56NV10A-80-A"},{"r":"138","t":"06:58:50","h":"Ouest","s":"25N-H56NV20A-80-A"},{"r":"138","t":"06:58:50","h":"Ouest","s":"25S-H56S000A-80-A"},{"r":"138","t":"07:02:50","h":"Ouest","s":"25N-H56N000I-80-I"},{"r":"138","t":"07:02:50","h":"Ouest","s":"25N-H56N100F-80-F1"},{"r":"138","t":"07:02:50","h":"Ouest","s":"25N-H56N200F-80-F2"},{"r":"138","t":"07:02:50","h":"Ouest","s":"25N-H56N300F-80-F3"},{"r":"138","t":"07:02:50","h":"Ouest","s":"25N-H56N400F-80-F4"},{"r":"138","t":"07:02:50","h":"Ouest","s":"25N-H56NV10I-80-I"},{"r":"138","t":"07:02:50","h":"Ouest","s":"25N-H56NV20I-80-I"},{"r":"138","t":"07:02:50","h":"Ouest","s":"25S-H56S000I-80-I"},{"r":"138","t":"07:02:50","h":"Ouest","s":"25S-H56S100F-80-F1"},{"r":"138","t":"07:02:50","h":"Ouest","s":"25S-H56S200F-81-F2"},{"r":"138","t":"07:10:50","h":"Ouest","s":"25N-H56N000S-80-S"},{"r":"138","t":"07:10:50","h":"Ouest","s":"25N-H56NV10S-80-S"},{"r":"138","t":"07:10:50","h":"Ouest","s":"25N-H56NV20S-80-S"},{"r":"138","t":"07:10:50","h":"Ouest","s":"25S-H56S000S-80-S"},{"r":"138","t":"07:39:50","h":"Ouest","s":"25N-H56N000A-80-A"},{"r":"138","t":"07:39:50","h":"Ouest","s":"25N-H56NV10A-80-A"},{"r":"138","t":"07:39:50","h":"Ouest","s":"25N-H56NV20A-80-A"},{"r":"138","t":"07:39:50","h":"Ouest","s":"25S-H56S000A-80-A"},{"r":"138","t":"07:40:50","h":"Ouest","s":"25N-H56N000I-80-I"},{"r":"138","t":"07:40:50","h":"Ouest","s":"25N-H56N100F-80-F1"},{"r":"138","t":"07:40:50","h":"Ouest","s":"25N-H56N200F-80-F2"},{"r":"138","t":"07:40:50","h":"Ouest","s":"25N-H56N300F-80-F3"},{"r":"138","t":"07:40:50","h":"Ouest","s":"25N-H56N400F-80-F4"},{"r":"138","t":"07:40:50","h":"Ouest","s":"25N-H56NV10I-80-I"},{"r":"138","t":"07:40:50","h":"Ouest","s":"25N-H56NV20I-80-I"},{"r":"138","t":"07:40:50","h":"Ouest","s":"25S-H56S000I-80-I"},{"r":"138","t":"07:40:50","h":"Ouest","s":"25S-H56S100F-80-F1"},{"r":"138","t":"07:40:50","h":"Ouest","s":"25S-H56S200F-81-F2"},{"r":"138","t":"07:56:23","h":"Ouest","s":"25N-H56N000S-80-S"},{"r":"138","t":"07:56:23","h":"Ouest","s":"25N-H56NV10S-80-S"},{"r":"138","t":"07:56:23","h":"Ouest","s":"25N-H56NV20S-80-S"},{"r":"138","t":"07:56:23","h":"Ouest","s":"25S-H56S000S-80-S"},{"r":"138","t":"08:22:50","h":"Ouest","s":"25N-H56N000A-80-A"},{"r":"138","t":"08:22:50","h":"Ouest","s":"25N-H56NV10A-80-A"},{"r":"138","t":"08:22:50","h":"Ouest","s":"25N-H56NV20A-80-A"},{"r":"138","t":"08:22:50","h":"Ouest","s":"25S-H56S000A-80-A"},{"r":"138","t":"08:26:50","h":"Ouest","s":"25N-H56N000I-80-I"},{"r":"138","t":"08:26:50","h":"Ouest","s":"25N-H56N100F-80-F1"},{"r":"138","t":"08:26:50","h":"Ouest","s":"25N-H56N200F-80-F2"},{"r":"138","t":"08:26:50","h":"Ouest","s":"25N-H56N300F-80-F3"},{"r":"138","t":"08:26:50","h":"Ouest","s":"25N-H56N400F-80-F4"},{"r":"138","t":"08:26:50","h":"Ouest","s":"25N-H56NV10I-80-I"},{"r":"138","t":"08:26:50","h":"Ouest","s":"25N-H56NV20I-80-I"},{"r":"138","t":"08:26:50","h":"Ouest","s":"25S-H56S000I-80-I"},{"r":"138","t":"08:26:50","h":"Ouest","s":"25S-H56S100F-80-F1"},{"r":"138","t":"08:26:50","h":"Ouest","s":"25S-H56S200F-81-F2"},{"r":"138","t":"08:37:23","h":"Ouest","s":"25N-H56N000S-80-S"},{"r":"138","t":"08:37:23","h":"Ouest","s":"25N-H56NV10S-80-S"},{"r":"138","t":"08:37:23","h":"Ouest","s":"25N-H56NV20S-80-S"},{"r":"138","t":"08:37:23","h":"Ouest","s":"25S-H56S000S-80-S"},{"r":"138","t":"09:07:50","h":"Ouest","s":"25N-H56N000A-80-A"},{"r":"138","t":"09:07:50","h":"Ouest","s":"25N-H56NV10A-80-A"},{"r":"138","t":"09:07:50","h":"Ouest","s":"25N-H56NV20A-80-A"},{"r":"138","t":"09:07:50","h":"Ouest","s":"25S-H56S000A-80-A"},{"r":"138","t":"09:09:50","h":"Ouest","s":"25N-H56N000I-80-I"},{"r":"138","t":"09:09:50","h":"Ouest","s":"25N-H56N100F-80-F1"},{"r":"138","t":"09:09:50","h":"Ouest","s":"25N-H56N200F-80-F2"},{"r":"138","t":"09:09:50","h":"Ouest","s":"25N-H56N300F-80-F3"},{"r":"138","t":"09:09:50","h":"Ouest","s":"25N-H56N400F-80-F4"},{"r":"138","t":"09:09:50","h":"Ouest","s":"25N-H56NV10I-80-I"},{"r":"138","t":"09:09:50","h":"Ouest","s":"25N-H56NV20I-80-I"},{"r":"138","t":"09:09:50","h":"Ouest","s":"25S-H56S000I-80-I"},{"r":"138","t":"09:09:50","h":"Ouest","s":"25S-H56S100F-80-F1"},{"r":"138","t":"09:09:50","h":"Ouest","s":"25S-H56S200F-81-F2"},{"r":"138","t":"09:11:07","h":"Ouest","s":"25N-H56N000S-80-S"},{"r":"138","t":"09:11:07","h":"Ouest","s":"25N-H56NV10S-80-S"},{"r":"138","t":"09:11:07","h":"Ouest","s":"25N-H56NV20S-80-S"},{"r":"138","t":"09:11:07","h":"Ouest","s":"25S-H56S000S-80-S"},{"r":"138","t":"09:50:07","h":"Ouest","s":"25N-H56N000S-80-S"},{"r":"138","t":"09:50:07","h":"Ouest","s":"25N-H56NV10S-80-S"},{"r":"138","t":"09:50:07","h":"Ouest","s":"25N-H56NV20S-80-S"},{"r":"138","t":"09:50:07","h":"Ouest","s":"25S-H56S000S-80-S"},{"r":"138","t":"09:53:50","h":"Ouest","s":"25N-H56N000I-80-I"},{"r":"138","t":"09:53:50","h":"Ouest","s":"25N-H56N100F-80-F1"},{"r":"138","t":"09:53:50","h":"Ouest","s":"25N-H56N200F-80-F2"},{"r":"138","t":"09:53:50","h":"Ouest","s":"25N-H56N300F-80-F3"},{"r":"138","t":"09:53:50","h":"Ouest","s":"25N-H56N400F-80-F4"},{"r":"138","t":"09:53:50","h":"Ouest","s":"25N-H56NV10I-80-I"},{"r":"138","t":"09:53:50","h":"Ouest","s":"25N-H56NV20I-80-I"},{"r":"138","t":"09:53:50","h":"Ouest","s":"25S-H56S000I-80-I"},{"r":"138","t":"09:53:50","h":"Ouest","s":"25S-H56S100F-80-F1"},{"r":"138","t":"09:53:50","h":"Ouest","s":"25S-H56S200F-81-F2"},{"r":"138","t":"09:54:50","h":"Ouest","s":"25N-H56N000A-80-A"},{"r":"138","t":"09:54:50","h":"Ouest","s":"25N-H56NV10A-80-A"},{"r":"138","t":"09:54:50","h":"Ouest","s":"25N-H56NV20A-80-A"},{"r":"138","t":"09:54:50","h":"Ouest","s":"25S-H56S000A-80-A"},{"r":"138","t":"10:23:07","h":"Ouest","s":"25N-H56N000S-80-S"},{"r":"138","t":"10:23:07","h":"Ouest","s":"25N-H56NV10S-80-S"},{"r":"138","t":"10:23:07","h":"Ouest","s":"25N-H56NV20S-80-S"},{"r":"138","t":"10:23:07","h":"Ouest","s":"25S-H56S000S-80-S"},{"r":"138","t":"10:41:50","h":"Ouest","s":"25N-H56N000A-80-A"},{"r":"138","t":"10:41:50","h":"Ouest","s":"25N-H56N000I-80-I"},{"r":"138","t":"10:41:50","h":"Ouest","s":"25N-H56N100F-80-F1"},{"r":"138","t":"10:41:50","h":"Ouest","s":"25N-H56N200F-80-F2"},{"r":"138","t":"10:41:50","h":"Ouest","s":"25N-H56N300F-80-F3"},{"r":"138","t":"10:41:50","h":"Ouest","s":"25N-H56N400F-80-F4"},{"r":"138","t":"10:41:50","h":"Ouest","s":"25N-H56NV10A-80-A"},{"r":"138","t":"10:41:50","h":"Ouest","s":"25N-H56NV10I-80-I"},{"r":"138","t":"10:41:50","h":"Ouest","s":"25N-H56NV20A-80-A"},{"r":"138","t":"10:41:50","h":"Ouest","s":"25N-H56NV20I-80-I"},{"r":"138","t":"10:41:50","h":"Ouest","s":"25S-H56S000A-80-A"},{"r":"138","t":"10:41:50","h":"Ouest","s":"25S-H56S000I-80-I"},{"r":"138","t":"10:41:50","h":"Ouest","s":"25S-H56S100F-80-F1"},{"r":"138","t":"10:41:50","h":"Ouest","s":"25S-H56S200F-81-F2"},{"r":"138","t":"10:59:07","h":"Ouest","s":"25N-H56N000S-80-S"},{"r":"138","t":"10:59:07","h":"Ouest","s":"25N-H56NV10S-80-S"},{"r":"138","t":"10:59:07","h":"Ouest","s":"25N-H56NV20S-80-S"},{"r":"138","t":"10:59:07","h":"Ouest","s":"25S-H56S000S-80-S"},{"r":"138","t":"11:28:50","h":"Ouest","s":"25N-H56N000I-80-I"},{"r":"138","t":"11:28:50","h":"Ouest","s":"25N-H56N100F-80-F1"},{"r":"138","t":"11:28:50","h":"Ouest","s":"25N-H56N200F-80-F2"},{"r":"138","t":"11:28:50","h":"Ouest","s":"25N-H56N300F-80-F3"},{"r":"138","t":"11:28:50","h":"Ouest","s":"25N-H56N400F-80-F4"},{"r":"138","t":"11:28:50","h":"Ouest","s":"25N-H56NV10I-80-I"},{"r":"138","t":"11:28:50","h":"Ouest","s":"25N-H56NV20I-80-I"},{"r":"138","t":"11:28:50","h":"Ouest","s":"25S-H56S000I-80-I"},{"r":"138","t":"11:28:50","h":"Ouest","s":"25S-H56S100F-80-F1"},{"r":"138","t":"11:28:50","h":"Ouest","s":"25S-H56S200F-81-F2"},{"r":"138","t":"11:30:07","h":"Ouest","s":"25N-H56N000A-80-A"},{"r":"138","t":"11:30:07","h":"Ouest","s":"25N-H56NV10A-80-A"},{"r":"138","t":"11:30:07","h":"Ouest","s":"25N-H56NV20A-80-A"},{"r":"138","t":"11:30:07","h":"Ouest","s":"25S-H56S000A-80-A"},{"r":"138","t":"11:35:07","h":"Ouest","s":"25N-H56N000S-80-S"},{"r":"138","t":"11:35:07","h":"Ouest","s":"25N-H56NV10S-80-S"},{"r":"138","t":"11:35:07","h":"Ouest","s":"25N-H56NV20S-80-S"},{"r":"138","t":"11:35:07","h":"Ouest","s":"25S-H56S000S-80-S"},{"r":"138","t":"12:11:50","h":"Ouest","s":"25N-H56N000I-80-I"},{"r":"138","t":"12:11:50","h":"Ouest","s":"25N-H56N100F-80-F1"},{"r":"138","t":"12:11:50","h":"Ouest","s":"25N-H56N200F-80-F2"},{"r":"138","t":"12:11:50","h":"Ouest","s":"25N-H56N300F-80-F3"},{"r":"138","t":"12:11:50","h":"Ouest","s":"25N-H56N400F-80-F4"},{"r":"138","t":"12:11:50","h":"Ouest","s":"25N-H56NV10I-80-I"},{"r":"138","t":"12:11:50","h":"Ouest","s":"25N-H56NV20I-80-I"},{"r":"138","t":"12:11:50","h":"Ouest","s":"25S-H56S000I-80-I"},{"r":"138","t":"12:11:50","h":"Ouest","s":"25S-H56S100F-80-F1"},{"r":"138","t":"12:11:50","h":"Ouest","s":"25S-H56S200F-81-F2"},{"r":"138","t":"12:13:07","h":"Ouest","s":"25N-H56N000S-80-S"},{"r":"138","t":"12:13:07","h":"Ouest","s":"25N-H56NV10S-80-S"},{"r":"138","t":"12:13:07","h":"Ouest","s":"25N-H56NV20S-80-S"},{"r":"138","t":"12:13:07","h":"Ouest","s":"25S-H56S000S-80-S"},{"r":"138","t":"12:18:07","h":"Ouest","s":"25N-H56N000A-80-A"},{"r":"138","t":"12:18:07","h":"Ouest","s":"25N-H56NV10A-80-A"},{"r":"138","t":"12:18:07","h":"Ouest","s":"25N-H56NV20A-80-A"},{"r":"138","t":"12:18:07","h":"Ouest","s":"25S-H56S000A-80-A"},{"r":"138","t":"12:48:07","h":"Ouest","s":"25N-H56N000S-80-S"},{"r":"138","t":"12:48:07","h":"Ouest","s":"25N-H56NV10S-80-S"},{"r":"138","t":"12:48:07","h":"Ouest","s":"25N-H56NV20S-80-S"},{"r":"138","t":"12:48:07","h":"Ouest","s":"25S-H56S000S-80-S"},{"r":"138","t":"13:01:50","h":"Ouest","s":"25N-H56N000I-80-I"},{"r":"138","t":"13:01:50","h":"Ouest","s":"25N-H56N100F-80-F1"},{"r":"138","t":"13:01:50","h":"Ouest","s":"25N-H56N200F-80-F2"},{"r":"138","t":"13:01:50","h":"Ouest","s":"25N-H56N300F-80-F3"},{"r":"138","t":"13:01:50","h":"Ouest","s":"25N-H56N400F-80-F4"},{"r":"138","t":"13:01:50","h":"Ouest","s":"25N-H56NV10I-80-I"},{"r":"138","t":"13:01:50","h":"Ouest","s":"25N-H56NV20I-80-I"},{"r":"138","t":"13:01:50","h":"Ouest","s":"25S-H56S000I-80-I"},{"r":"138","t":"13:01:50","h":"Ouest","s":"25S-H56S100F-80-F1"},{"r":"138","t":"13:01:50","h":"Ouest","s":"25S-H56S200F-81-F2"},{"r":"138","t":"13:10:07","h":"Ouest","s":"25N-H56N000A-80-A"},{"r":"138","t":"13:10:07","h":"Ouest","s":"25N-H56NV10A-80-A"},{"r":"138","t":"13:10:07","h":"Ouest","s":"25N-H56NV20A-80-A"},{"r":"138","t":"13:10:07","h":"Ouest","s":"25S-H56S000A-80-A"},{"r":"138","t":"13:24:07","h":"Ouest","s":"25N-H56N000S-80-S"},{"r":"138","t":"13:24:07","h":"Ouest","s":"25N-H56NV10S-80-S"},{"r":"138","t":"13:24:07","h":"Ouest","s":"25N-H56NV20S-80-S"},{"r":"138","t":"13:24:07","h":"Ouest","s":"25S-H56S000S-80-S"},{"r":"138","t":"13:49:50","h":"Ouest","s":"25N-H56N000I-80-I"},{"r":"138","t":"13:49:50","h":"Ouest","s":"25N-H56N100F-80-F1"},{"r":"138","t":"13:49:50","h":"Ouest","s":"25N-H56N200F-80-F2"},{"r":"138","t":"13:49:50","h":"Ouest","s":"25N-H56N300F-80-F3"},{"r":"138","t":"13:49:50","h":"Ouest","s":"25N-H56N400F-80-F4"},{"r":"138","t":"13:49:50","h":"Ouest","s":"25N-H56NV10I-80-I"},{"r":"138","t":"13:49:50","h":"Ouest","s":"25N-H56NV20I-80-I"},{"r":"138","t":"13:49:50","h":"Ouest","s":"25S-H56S000I-80-I"},{"r":"138","t":"13:49:50","h":"Ouest","s":"25S-H56S100F-80-F1"},{"r":"138","t":"13:49:50","h":"Ouest","s":"25S-H56S200F-81-F2"},{"r":"138","t":"13:58:07","h":"Ouest","s":"25N-H56N000A-80-A"},{"r":"138","t":"13:58:07","h":"Ouest","s":"25N-H56NV10A-80-A"},{"r":"138","t":"13:58:07","h":"Ouest","s":"25N-H56NV20A-80-A"},{"r":"138","t":"13:58:07","h":"Ouest","s":"25S-H56S000A-80-A"},{"r":"138","t":"14:01:07","h":"Ouest","s":"25N-H56N000S-80-S"},{"r":"138","t":"14:01:07","h":"Ouest","s":"25N-H56NV10S-80-S"},{"r":"138","t":"14:01:07","h":"Ouest","s":"25N-H56NV20S-80-S"},{"r":"138","t":"14:01:07","h":"Ouest","s":"25S-H56S000S-80-S"},{"r":"138","t":"14:37:50","h":"Ouest","s":"25N-H56N000I-80-I"},{"r":"138","t":"14:37:50","h":"Ouest","s":"25N-H56N100F-80-F1"},{"r":"138","t":"14:37:50","h":"Ouest","s":"25N-H56N200F-80-F2"},{"r":"138","t":"14:37:50","h":"Ouest","s":"25N-H56N300F-80-F3"},{"r":"138","t":"14:37:50","h":"Ouest","s":"25N-H56N400F-80-F4"},{"r":"138","t":"14:37:50","h":"Ouest","s":"25N-H56NV10I-80-I"},{"r":"138","t":"14:37:50","h":"Ouest","s":"25N-H56NV20I-80-I"},{"r":"138","t":"14:37:50","h":"Ouest","s":"25S-H56S000I-80-I"},{"r":"138","t":"14:37:50","h":"Ouest","s":"25S-H56S100F-80-F1"},{"r":"138","t":"14:37:50","h":"Ouest","s":"25S-H56S200F-81-F2"},{"r":"138","t":"14:38:23","h":"Ouest","s":"25N-H56N000S-80-S"},{"r":"138","t":"14:38:23","h":"Ouest","s":"25N-H56NV10S-80-S"},{"r":"138","t":"14:38:23","h":"Ouest","s":"25N-H56NV20S-80-S"},{"r":"138","t":"14:38:23","h":"Ouest","s":"25S-H56S000S-80-S"},{"r":"138","t":"14:48:07","h":"Ouest","s":"25N-H56N000A-80-A"},{"r":"138","t":"14:48:07","h":"Ouest","s":"25N-H56NV10A-80-A"},{"r":"138","t":"14:48:07","h":"Ouest","s":"25N-H56NV20A-80-A"},{"r":"138","t":"14:48:07","h":"Ouest","s":"25S-H56S000A-80-A"},{"r":"138","t":"15:16:23","h":"Ouest","s":"25N-H59N000S-80-S"},{"r":"138","t":"15:16:23","h":"Ouest","s":"25N-H59NV10S-84-S"},{"r":"138","t":"15:16:23","h":"Ouest","s":"25N-H59NV20S-80-S"},{"r":"138","t":"15:16:23","h":"Ouest","s":"25S-H59S000S-81-S"},{"r":"138","t":"15:26:50","h":"Ouest","s":"25N-H56N000I-80-I"},{"r":"138","t":"15:26:50","h":"Ouest","s":"25N-H56N100F-80-F1"},{"r":"138","t":"15:26:50","h":"Ouest","s":"25N-H56N200F-80-F2"},{"r":"138","t":"15:26:50","h":"Ouest","s":"25N-H56N300F-80-F3"},{"r":"138","t":"15:26:50","h":"Ouest","s":"25N-H56N400F-80-F4"},{"r":"138","t":"15:26:50","h":"Ouest","s":"25N-H56NV10I-80-I"},{"r":"138","t":"15:26:50","h":"Ouest","s":"25N-H56NV20I-80-I"},{"r":"138","t":"15:26:50","h":"Ouest","s":"25S-H56S000I-80-I"},{"r":"138","t":"15:26:50","h":"Ouest","s":"25S-H56S100F-80-F1"},{"r":"138","t":"15:26:50","h":"Ouest","s":"25S-H56S200F-81-F2"},{"r":"138","t":"15:36:07","h":"Ouest","s":"25N-H56N000A-80-A"},{"r":"138","t":"15:36:07","h":"Ouest","s":"25N-H56NV10A-80-A"},{"r":"138","t":"15:36:07","h":"Ouest","s":"25N-H56NV20A-80-A"},{"r":"138","t":"15:36:07","h":"Ouest","s":"25S-H56S000A-80-A"},{"r":"138","t":"15:57:23","h":"Ouest","s":"25N-H56N000S-80-S"},{"r":"138","t":"15:57:23","h":"Ouest","s":"25N-H56NV10S-80-S"},{"r":"138","t":"15:57:23","h":"Ouest","s":"25N-H56NV20S-80-S"},{"r":"138","t":"15:57:23","h":"Ouest","s":"25S-H56S000S-80-S"},{"r":"138","t":"16:14:50","h":"Ouest","s":"25N-H56N000I-80-I"},{"r":"138","t":"16:14:50","h":"Ouest","s":"25N-H56N100F-80-F1"},{"r":"138","t":"16:14:50","h":"Ouest","s":"25N-H56N200F-80-F2"},{"r":"138","t":"16:14:50","h":"Ouest","s":"25N-H56N300F-80-F3"},{"r":"138","t":"16:14:50","h":"Ouest","s":"25N-H56N400F-80-F4"},{"r":"138","t":"16:14:50","h":"Ouest","s":"25N-H56NV10I-80-I"},{"r":"138","t":"16:14:50","h":"Ouest","s":"25N-H56NV20I-80-I"},{"r":"138","t":"16:14:50","h":"Ouest","s":"25S-H56S000I-80-I"},{"r":"138","t":"16:14:50","h":"Ouest","s":"25S-H56S100F-80-F1"},{"r":"138","t":"16:14:50","h":"Ouest","s":"25S-H56S200F-81-F2"},{"r":"138","t":"16:26:07","h":"Ouest","s":"25N-H56N000A-80-A"},{"r":"138","t":"16:26:07","h":"Ouest","s":"25N-H56NV10A-80-A"},{"r":"138","t":"16:26:07","h":"Ouest","s":"25N-H56NV20A-80-A"},{"r":"138","t":"16:26:07","h":"Ouest","s":"25S-H56S000A-80-A"},{"r":"138","t":"16:36:23","h":"Ouest","s":"25N-H56N000S-80-S"},{"r":"138","t":"16:36:23","h":"Ouest","s":"25N-H56NV10S-80-S"},{"r":"138","t":"16:36:23","h":"Ouest","s":"25N-H56NV20S-80-S"},{"r":"138","t":"16:36:23","h":"Ouest","s":"25S-H56S000S-80-S"},{"r":"138","t":"17:01:50","h":"Ouest","s":"25N-H56N000I-80-I"},{"r":"138","t":"17:01:50","h":"Ouest","s":"25N-H56N100F-80-F1"},{"r":"138","t":"17:01:50","h":"Ouest","s":"25N-H56N200F-80-F2"},{"r":"138","t":"17:01:50","h":"Ouest","s":"25N-H56N300F-80-F3"},{"r":"138","t":"17:01:50","h":"Ouest","s":"25N-H56N400F-80-F4"},{"r":"138","t":"17:01:50","h":"Ouest","s":"25N-H56NV10I-80-I"},{"r":"138","t":"17:01:50","h":"Ouest","s":"25N-H56NV20I-80-I"},{"r":"138","t":"17:01:50","h":"Ouest","s":"25S-H56S000I-80-I"},{"r":"138","t":"17:01:50","h":"Ouest","s":"25S-H56S100F-80-F1"},{"r":"138","t":"17:01:50","h":"Ouest","s":"25S-H56S200F-81-F2"},{"r":"138","t":"17:16:07","h":"Ouest","s":"25N-H56N000A-80-A"},{"r":"138","t":"17:16:07","h":"Ouest","s":"25N-H56NV10A-80-A"},{"r":"138","t":"17:16:07","h":"Ouest","s":"25N-H56NV20A-80-A"},{"r":"138","t":"17:16:07","h":"Ouest","s":"25S-H56S000A-80-A"},{"r":"138","t":"17:17:23","h":"Ouest","s":"25N-H59N000S-80-S"},{"r":"138","t":"17:17:23","h":"Ouest","s":"25N-H59NV10S-84-S"},{"r":"138","t":"17:17:23","h":"Ouest","s":"25N-H59NV20S-80-S"},{"r":"138","t":"17:17:23","h":"Ouest","s":"25S-H59S000S-81-S"},{"r":"138","t":"17:48:50","h":"Ouest","s":"25N-H56N000I-80-I"},{"r":"138","t":"17:48:50","h":"Ouest","s":"25N-H56N100F-80-F1"},{"r":"138","t":"17:48:50","h":"Ouest","s":"25N-H56N200F-80-F2"},{"r":"138","t":"17:48:50","h":"Ouest","s":"25N-H56N300F-80-F3"},{"r":"138","t":"17:48:50","h":"Ouest","s":"25N-H56N400F-80-F4"},{"r":"138","t":"17:48:50","h":"Ouest","s":"25N-H56NV10I-80-I"},{"r":"138","t":"17:48:50","h":"Ouest","s":"25N-H56NV20I-80-I"},{"r":"138","t":"17:48:50","h":"Ouest","s":"25S-H56S000I-80-I"},{"r":"138","t":"17:48:50","h":"Ouest","s":"25S-H56S100F-80-F1"},{"r":"138","t":"17:48:50","h":"Ouest","s":"25S-H56S200F-81-F2"},{"r":"138","t":"17:58:23","h":"Ouest","s":"25N-H56N000S-80-S"},{"r":"138","t":"17:58:23","h":"Ouest","s":"25N-H56NV10S-80-S"},{"r":"138","t":"17:58:23","h":"Ouest","s":"25N-H56NV20S-80-S"},{"r":"138","t":"17:58:23","h":"Ouest","s":"25S-H56S000S-80-S"},{"r":"138","t":"18:02:50","h":"Ouest","s":"25N-H56N000A-80-A"},{"r":"138","t":"18:02:50","h":"Ouest","s":"25N-H56NV10A-80-A"},{"r":"138","t":"18:02:50","h":"Ouest","s":"25N-H56NV20A-80-A"},{"r":"138","t":"18:02:50","h":"Ouest","s":"25S-H56S000A-80-A"},{"r":"138","t":"18:34:23","h":"Ouest","s":"25N-H56N000S-80-S"},{"r":"138","t":"18:34:23","h":"Ouest","s":"25N-H56NV10S-80-S"},{"r":"138","t":"18:34:23","h":"Ouest","s":"25N-H56NV20S-80-S"},{"r":"138","t":"18:34:23","h":"Ouest","s":"25S-H56S000S-80-S"},{"r":"138","t":"18:35:50","h":"Ouest","s":"25N-H56N000I-80-I"},{"r":"138","t":"18:35:50","h":"Ouest","s":"25N-H56N100F-80-F1"},{"r":"138","t":"18:35:50","h":"Ouest","s":"25N-H56N200F-80-F2"},{"r":"138","t":"18:35:50","h":"Ouest","s":"25N-H56N300F-80-F3"},{"r":"138","t":"18:35:50","h":"Ouest","s":"25N-H56N400F-80-F4"},{"r":"138","t":"18:35:50","h":"Ouest","s":"25N-H56NV10I-80-I"},{"r":"138","t":"18:35:50","h":"Ouest","s":"25N-H56NV20I-80-I"},{"r":"138","t":"18:35:50","h":"Ouest","s":"25S-H56S000I-80-I"},{"r":"138","t":"18:35:50","h":"Ouest","s":"25S-H56S100F-80-F1"},{"r":"138","t":"18:35:50","h":"Ouest","s":"25S-H56S200F-81-F2"},{"r":"138","t":"18:48:50","h":"Ouest","s":"25N-H56N000A-80-A"},{"r":"138","t":"18:48:50","h":"Ouest","s":"25N-H56NV10A-80-A"},{"r":"138","t":"18:48:50","h":"Ouest","s":"25N-H56NV20A-80-A"},{"r":"138","t":"18:48:50","h":"Ouest","s":"25S-H56S000A-80-A"},{"r":"138","t":"19:09:23","h":"Ouest","s":"25N-H56N000S-80-S"},{"r":"138","t":"19:09:23","h":"Ouest","s":"25N-H56NV10S-80-S"},{"r":"138","t":"19:09:23","h":"Ouest","s":"25N-H56NV20S-80-S"},{"r":"138","t":"19:09:23","h":"Ouest","s":"25S-H56S000S-80-S"},{"r":"138","t":"19:21:50","h":"Ouest","s":"25N-H56N000I-80-I"},{"r":"138","t":"19:21:50","h":"Ouest","s":"25N-H56N100F-80-F1"},{"r":"138","t":"19:21:50","h":"Ouest","s":"25N-H56N200F-80-F2"},{"r":"138","t":"19:21:50","h":"Ouest","s":"25N-H56N300F-80-F3"},{"r":"138","t":"19:21:50","h":"Ouest","s":"25N-H56N400F-80-F4"},{"r":"138","t":"19:21:50","h":"Ouest","s":"25N-H56NV10I-80-I"},{"r":"138","t":"19:21:50","h":"Ouest","s":"25N-H56NV20I-80-I"},{"r":"138","t":"19:21:50","h":"Ouest","s":"25S-H56S000I-80-I"},{"r":"138","t":"19:21:50","h":"Ouest","s":"25S-H56S100F-80-F1"},{"r":"138","t":"19:21:50","h":"Ouest","s":"25S-H56S200F-81-F2"},{"r":"138","t":"19:35:50","h":"Ouest","s":"25N-H56N000A-80-A"},{"r":"138","t":"19:35:50","h":"Ouest","s":"25N-H56NV10A-80-A"},{"r":"138","t":"19:35:50","h":"Ouest","s":"25N-H56NV20A-80-A"},{"r":"138","t":"19:35:50","h":"Ouest","s":"25S-H56S000A-80-A"},{"r":"138","t":"19:44:07","h":"Ouest","s":"25N-H56N000S-80-S"},{"r":"138","t":"19:44:07","h":"Ouest","s":"25N-H56NV10S-80-S"},{"r":"138","t":"19:44:07","h":"Ouest","s":"25N-H56NV20S-80-S"},{"r":"138","t":"19:44:07","h":"Ouest","s":"25S-H56S000S-80-S"},{"r":"138","t":"20:03:50","h":"Ouest","s":"25N-H56N000I-80-I"},{"r":"138","t":"20:03:50","h":"Ouest","s":"25N-H56N100F-80-F1"},{"r":"138","t":"20:03:50","h":"Ouest","s":"25N-H56N200F-80-F2"},{"r":"138","t":"20:03:50","h":"Ouest","s":"25N-H56N300F-80-F3"},{"r":"138","t":"20:03:50","h":"Ouest","s":"25N-H56N400F-80-F4"},{"r":"138","t":"20:03:50","h":"Ouest","s":"25N-H56NV10I-80-I"},{"r":"138","t":"20:03:50","h":"Ouest","s":"25N-H56NV20I-80-I"},{"r":"138","t":"20:03:50","h":"Ouest","s":"25S-H56S000I-80-I"},{"r":"138","t":"20:03:50","h":"Ouest","s":"25S-H56S100F-80-F1"},{"r":"138","t":"20:03:50","h":"Ouest","s":"25S-H56S200F-81-F2"},{"r":"138","t":"20:14:07","h":"Ouest","s":"25N-H56N000S-80-S"},{"r":"138","t":"20:14:07","h":"Ouest","s":"25N-H56NV10S-80-S"},{"r":"138","t":"20:14:07","h":"Ouest","s":"25N-H56NV20S-80-S"},{"r":"138","t":"20:14:07","h":"Ouest","s":"25S-H56S000S-80-S"},{"r":"138","t":"20:22:50","h":"Ouest","s":"25N-H56N000A-80-A"},{"r":"138","t":"20:22:50","h":"Ouest","s":"25N-H56NV10A-80-A"},{"r":"138","t":"20:22:50","h":"Ouest","s":"25N-H56NV20A-80-A"},{"r":"138","t":"20:22:50","h":"Ouest","s":"25S-H56S000A-80-A"},{"r":"138","t":"20:46:07","h":"Ouest","s":"25N-H56N000S-80-S"},{"r":"138","t":"20:46:07","h":"Ouest","s":"25N-H56NV10S-80-S"},{"r":"138","t":"20:46:07","h":"Ouest","s":"25N-H56NV20S-80-S"},{"r":"138","t":"20:46:07","h":"Ouest","s":"25S-H56S000S-80-S"},{"r":"138","t":"20:47:50","h":"Ouest","s":"25N-H56N000I-80-I"},{"r":"138","t":"20:47:50","h":"Ouest","s":"25N-H56N100F-80-F1"},{"r":"138","t":"20:47:50","h":"Ouest","s":"25N-H56N200F-80-F2"},{"r":"138","t":"20:47:50","h":"Ouest","s":"25N-H56N300F-80-F3"},{"r":"138","t":"20:47:50","h":"Ouest","s":"25N-H56N400F-80-F4"},{"r":"138","t":"20:47:50","h":"Ouest","s":"25N-H56NV10I-80-I"},{"r":"138","t":"20:47:50","h":"Ouest","s":"25N-H56NV20I-80-I"},{"r":"138","t":"20:47:50","h":"Ouest","s":"25S-H56S000I-80-I"},{"r":"138","t":"20:47:50","h":"Ouest","s":"25S-H56S100F-80-F1"},{"r":"138","t":"20:47:50","h":"Ouest","s":"25S-H56S200F-81-F2"},{"r":"138","t":"21:19:07","h":"Ouest","s":"25N-H56N000S-80-S"},{"r":"138","t":"21:19:07","h":"Ouest","s":"25N-H56NV10S-80-S"},{"r":"138","t":"21:19:07","h":"Ouest","s":"25N-H56NV20S-80-S"},{"r":"138","t":"21:19:07","h":"Ouest","s":"25S-H56S000S-80-S"},{"r":"138","t":"21:49:50","h":"Ouest","s":"25N-H56N000S-80-S"},{"r":"138","t":"21:49:50","h":"Ouest","s":"25N-H56NV10S-80-S"},{"r":"138","t":"21:49:50","h":"Ouest","s":"25N-H56NV20S-80-S"},{"r":"138","t":"21:49:50","h":"Ouest","s":"25S-H56S000S-80-S"},{"r":"138","t":"22:21:50","h":"Ouest","s":"25N-H56N000S-80-S"},{"r":"138","t":"22:21:50","h":"Ouest","s":"25N-H56NV10S-80-S"},{"r":"138","t":"22:21:50","h":"Ouest","s":"25N-H56NV20S-80-S"},{"r":"138","t":"22:21:50","h":"Ouest","s":"25S-H56S000S-80-S"},{"r":"138","t":"22:50:50","h":"Ouest","s":"25N-H56N000S-80-S"},{"r":"138","t":"22:50:50","h":"Ouest","s":"25N-H56NV10S-80-S"},{"r":"138","t":"22:50:50","h":"Ouest","s":"25N-H56NV20S-80-S"},{"r":"138","t":"22:50:50","h":"Ouest","s":"25S-H56S000S-80-S"},{"r":"138","t":"23:19:50","h":"Ouest","s":"25N-H56N000S-80-S"},{"r":"138","t":"23:19:50","h":"Ouest","s":"25N-H56NV10S-80-S"},{"r":"138","t":"23:19:50","h":"Ouest","s":"25N-H56NV20S-80-S"},{"r":"138","t":"23:19:50","h":"Ouest","s":"25S-H56S000S-80-S"},{"r":"138","t":"23:48:50","h":"Ouest","s":"25N-H56N000S-80-S"},{"r":"138","t":"23:48:50","h":"Ouest","s":"25N-H56NV10S-80-S"},{"r":"138","t":"23:48:50","h":"Ouest","s":"25N-H56NV20S-80-S"},{"r":"138","t":"23:48:50","h":"Ouest","s":"25S-H56S000S-80-S"},{"r":"138","t":"24:16:50","h":"Ouest","s":"25N-H56N000S-80-S"},{"r":"138","t":"24:16:50","h":"Ouest","s":"25N-H56NV10S-80-S"},{"r":"138","t":"24:16:50","h":"Ouest","s":"25N-H56NV20S-80-S"},{"r":"138","t":"24:16:50","h":"Ouest","s":"25S-H56S000S-80-S"},{"r":"138","t":"24:44:50","h":"Ouest","s":"25N-H56N000S-80-S"},{"r":"138","t":"24:44:50","h":"Ouest","s":"25N-H56NV10S-80-S"},{"r":"138","t":"24:44:50","h":"Ouest","s":"25N-H56NV20S-80-S"},{"r":"138","t":"24:44:50","h":"Ouest","s":"25S-H56S000S-80-S"},{"r":"138","t":"25:12:50","h":"Ouest","s":"25N-H56N000S-80-S"},{"r":"138","t":"25:12:50","h":"Ouest","s":"25N-H56NV10S-80-S"},{"r":"138","t":"25:12:50","h":"Ouest","s":"25N-H56NV20S-80-S"},{"r":"138","t":"25:12:50","h":"Ouest","s":"25S-H56S000S-80-S"},{"r":"138","t":"25:41:50","h":"Ouest","s":"25N-H56N000S-80-S"},{"r":"138","t":"25:41:50","h":"Ouest","s":"25N-H56NV10S-80-S"},{"r":"138","t":"25:41:50","h":"Ouest","s":"25N-H56NV20S-80-S"},{"r":"138","t":"25:41:50","h":"Ouest","s":"25S-H56S000S-80-S"}]