[{"r":"99","t":"05:33:45","h":"Est","s":"25N-H55N000A-80-A"},{"r":"99","t":"05:33:45","h":"Est","s":"25N-H55N000I-80-I"},{"r":"99","t":"05:33:45","h":"Est","s":"25N-H55N100F-80-F1"},{"r":"99","t":"05:33:45","h":"Est","s":"25N-H55N200F-80-F2"},{"r":"99","t":"05:33:45","h":"Est","s":"25N-H55N300F-80-F3"},{"r":"99","t":"05:33:45","h":"Est","s":"25N-H55N400F-80-F4"},{"r":"99","t":"05:33:45","h":"Est","s":"25N-H55NV10A-80-A"},{"r":"99","t":"05:33:45","h":"Est","s":"25N-H55NV10I-80-I"},{"r":"99","t":"05:33:45","h":"Est","s":"25N-H55NV20A-80-A"},{"r":"99","t":"05:33:45","h":"Est","s":"25N-H55NV20I-80-I"},{"r":"99","t":"05:33:45","h":"Est","s":"25S-H55S000A-80-A"},{"r":"99","t":"05:33:45","h":"Est","s":"25S-H55S000I-80-I"},{"r":"99","t":"05:33:45","h":"Est","s":"25S-H55S100F-80-F1"},{"r":"99","t":"05:33:45","h":"Est","s":"25S-H55S200F-80-F2"},{"r":"99","t":"05:34:45","h":"Est","s":"25N-H55N000S-80-S"},{"r":"99","t":"05:34:45","h":"Est","s":"25N-H55N000S-82-S"},{"r":"99","t":"05:34:45","h":"Est","s":"25N-H55NV10S-85-S"},{"r":"99","t":"05:34:45","h":"Est","s":"25N-H55NV20S-81-S"},{"r":"99","t":"05:34:45","h":"Est","s":"25S-H55S000S-82-S"},{"r":"99","t":"06:03:45","h":"Est","s":"25N-H55N000S-80-S"},{"r":"99","t":"06:03:45","h":"Est","s":"25N-H55N000S-82-S"},{"r":"99","t":"06:03:45","h":"Est","s":"25N-H55NV10S-85-S"},{"r":"99","t":"06:03:45","h":"Est","s":"25N-H55NV20S-81-S"},{"r":"99","t":"06:03:45","h":"Est","s":"25S-H55S000S-82-S"},{"r":"99","t":"06:17:45","h":"Est","s":"25N-H55N000A-80-A"},{"r":"99","t":"06:17:45","h":"Est","s":"25N-H55N000I-80-I"},{"r":"99","t":"06:17:45","h":"Est","s":"25N-H55N100F-80-F1"},{"r":"99","t":"06:17:45","h":"Est","s":"25N-H55N200F-80-F2"},{"r":"99","t":"06:17:45","h":"Est","s":"25N-H55N300F-80-F3"},{"r":"99","t":"06:17:45","h":"Est","s":"25N-H55N400F-80-F4"},{"r":"99","t":"06:17:45","h":"Est","s":"25N-H55NV10A-80-A"},{"r":"99","t":"06:17:45","h":"Est","s":"25N-H55NV10I-80-I"},{"r":"99","t":"06:17:45","h":"Est","s":"25N-H55NV20A-80-A"},{"r":"99","t":"06:17:45","h":"Est","s":"25N-H55NV20I-80-I"},{"r":"99","t":"06:17:45","h":"Est","s":"25S-H55S000A-80-A"},{"r":"99","t":"06:17:45","h":"Est","s":"25S-H55S000I-80-I"},{"r":"99","t":"06:17:45","h":"Est","s":"25S-H55S100F-80-F1"},{"r":"99","t":"06:17:45","h":"Est","s":"25S-H55S200F-80-F2"},{"r":"99","t":"06:32:45","h":"Est","s":"25N-H55N000S-80-S"},{"r":"99","t":"06:32:45","h":"Est","s":"25N-H55N000S-82-S"},{"r":"99","t":"06:32:45","h":"Est","s":"25N-H55NV10S-85-S"},{"r":"99","t":"06:32:45","h":"Est","s":"25N-H55NV20S-81-S"},{"r":"99","t":"06:32:45","h":"Est","s":"25S-H55S000S-82-S"},{"r":"99","t":"07:01:45","h":"Est","s":"25N-H55N000A-80-A"},{"r":"99","t":"07:01:45","h":"Est","s":"25N-H55N000I-80-I"},{"r":"99","t":"07:01:45","h":"Est","s":"25N-H55N100F-80-F1"},{"r":"99","t":"07:01:45","h":"Est","s":"25N-H55N200F-80-F2"},{"r":"99","t":"07:01:45","h":"Est","s":"25N-H55N300F-80-F3"},{"r":"99","t":"07:01:45","h":"Est","s":"25N-H55N400F-80-F4"},{"r":"99","t":"07:01:45","h":"Est","s":"25N-H55NV10A-80-A"},{"r":"99","t":"07:01:45","h":"Est","s":"25N-H55NV10I-80-I"},{"r":"99","t":"07:01:45","h":"Est","s":"25N-H55NV20A-80-A"},{"r":"99","t":"07:01:45","h":"Est","s":"25N-H55NV20I-80-I"},{"r":"99","t":"07:01:45","h":"Est","s":"25S-H55S000A-80-A"},{"r":"99","t":"07:01:45","h":"Est","s":"25S-H55S000I-80-I"},{"r":"99","t":"07:01:45","h":"Est","s":"25S-H55S100F-80-F1"},{"r":"99","t":"07:01:45","h":"Est","s":"25S-H55S200F-80-F2"},{"r":"99","t":"07:02:00","h":"Est","s":"25N-H55N000S-80-S"},{"r":"99","t":"07:02:00","h":"Est","s":"25N-H55N000S-82-S"},{"r":"99","t":"07:02:00","h":"Est","s":"25N-H55NV10S-85-S"},{"r":"99","t":"07:02:00","h":"Est","s":"25N-H55NV20S-81-S"},{"r":"99","t":"07:02:00","h":"Est","s":"25S-H55S000S-82-S"},{"r":"99","t":"07:32:00","h":"Est","s":"25N-H55N000S-80-S"},{"r":"99","t":"07:32:00","h":"Est","s":"25N-H55N000S-82-S"},{"r":"99","t":"07:32:00","h":"Est","s":"25N-H55NV10S-85-S"},{"r":"99","t":"07:32:00","h":"Est","s":"25N-H55NV20S-81-S"},{"r":"99","t":"07:32:00","h":"Est","s":"25S-H55S000S-82-S"},{"r":"99","t":"07:45:45","h":"Est","s":"25N-H55N000A-80-A"},{"r":"99","t":"07:45:45","h":"Est","s":"25N-H55N000I-80-I"},{"r":"99","t":"07:45:45","h":"Est","s":"25N-H55N100F-80-F1"},{"r":"99","t":"07:45:45","h":"Est","s":"25N-H55N200F-80-F2"},{"r":"99","t":"07:45:45","h":"Est","s":"25N-H55N300F-80-F3"},{"r":"99","t":"07:45:45","h":"Est","s":"25N-H55N400F-80-F4"},{"r":"99","t":"07:45:45","h":"Est","s":"25N-H55NV10A-80-A"},{"r":"99","t":"07:45:45","h":"Est","s":"25N-H55NV10I-80-I"},{"r":"99","t":"07:45:45","h":"Est","s":"25N-H55NV20A-80-A"},{"r":"99","t":"07:45:45","h":"Est","s":"25N-H55NV20I-80-I"},{"r":"99","t":"07:45:45","h":"Est","s":"25S-H55S000A-80-A"},{"r":"99","t":"07:45:45","h":"Est","s":"25S-H55S000I-80-I"},{"r":"99","t":"07:45:45","h":"Est","s":"25S-H55S100F-80-F1"},{"r":"99","t":"07:45:45","h":"Est","s":"25S-H55S200F-80-F2"},{"r":"99","t":"08:02:29","h":"Est","s":"25N-H55N000S-80-S"},{"r":"99","t":"08:02:29","h":"Est","s":"25N-H55N000S-82-S"},{"r":"99","t":"08:02:29","h":"Est","s":"25N-H55NV10S-85-S"},{"r":"99","t":"08:02:29","h":"Est","s":"25N-H55NV20S-81-S"},{"r":"99","t":"08:02:29","h":"Est","s":"25S-H55S000S-82-S"},{"r":"99","t":"08:27:45","h":"Est","s":"25N-H55N000I-80-I"},{"r":"99","t":"08:27:45","h":"Est","s":"25N-H55N100F-80-F1"},{"r":"99","t":"08:27:45","h":"Est","s":"25N-H55N200F-80-F2"},{"r":"99","t":"08:27:45","h":"Est","s":"25N-H55N300F-80-F3"},{"r":"99","t":"08:27:45","h":"Est","s":"25N-H55N400F-80-F4"},{"r":"99","t":"08:27:45","h":"Est","s":"25N-H55NV10I-80-I"},{"r":"99","t":"08:27:45","h":"Est","s":"25N-H55NV20I-80-I"},{"r":"99","t":"08:27:45","h":"Est","s":"25S-H55S000I-80-I"},{"r":"99","t":"08:27:45","h":"Est","s":"25S-H55S100F-80-F1"},{"r":"99","t":"08:27:45","h":"Est","s":"25S-H55S200F-80-F2"},{"r":"99","t":"08:29:45","h":"Est","s":"25N-H55N000A-80-A"},{"r":"99","t":"08:29:45","h":"Est","s":"25N-H55NV10A-80-A"},{"r":"99","t":"08:29:45","h":"Est","s":"25N-H55NV20A-80-A"},{"r":"99","t":"08:29:45","h":"Est","s":"25S-H55S000A-80-A"},{"r":"99","t":"08:32:15","h":"Est","s":"25N-H55N000S-80-S"},{"r":"99","t":"08:32:15","h":"Est","s":"25N-H55N000S-82-S"},{"r":"99","t":"08:32:15","h":"Est","s":"25N-H55NV10S-85-S"},{"r":"99","t":"08:32:15","h":"Est","s":"25N-H55NV20S-81-S"},{"r":"99","t":"08:32:15","h":"Est","s":"25S-H55S000S-82-S"},{"r":"99","t":"09:02:15","h":"Est","s":"25N-H55N000S-80-S"},{"r":"99","t":"09:02:15","h":"Est","s":"25N-H55N000S-82-S"},{"r":"99","t":"09:02:15","h":"Est","s":"25N-H55NV10S-85-S"},{"r":"99","t":"09:02:15","h":"Est","s":"25N-H55NV20S-81-S"},{"r":"99","t":"09:02:15","h":"Est","s":"25S-H55S000S-82-S"},{"r":"99","t":"09:09:45","h":"Est","s":"25N-H55N000I-80-I"},{"r":"99","t":"09:09:45","h":"Est","s":"25N-H55N100F-80-F1"},{"r":"99","t":"09:09:45","h":"Est","s":"25N-H55N200F-80-F2"},{"r":"99","t":"09:09:45","h":"Est","s":"25N-H55N300F-80-F3"},{"r":"99","t":"09:09:45","h":"Est","s":"25N-H55N400F-80-F4"},{"r":"99","t":"09:09:45","h":"Est","s":"25N-H55NV10I-80-I"},{"r":"99","t":"09:09:45","h":"Est","s":"25N-H55NV20I-80-I"},{"r":"99","t":"09:09:45","h":"Est","s":"25S-H55S000I-80-I"},{"r":"99","t":"09:09:45","h":"Est","s":"25S-H55S100F-80-F1"},{"r":"99","t":"09:09:45","h":"Est","s":"25S-H55S200F-80-F2"},{"r":"99","t":"09:13:45","h":"Est","s":"25N-H55N000A-80-A"},{"r":"99","t":"09:13:45","h":"Est","s":"25N-H55NV10A-80-A"},{"r":"99","t":"09:13:45","h":"Est","s":"25N-H55NV20A-80-A"},{"r":"99","t":"09:13:45","h":"Est","s":"25S-H55S000A-80-A"},{"r":"99","t":"09:32:15","h":"Est","s":"25N-H55N000S-80-S"},{"r":"99","t":"09:32:15","h":"Est","s":"25N-H55N000S-82-S"},{"r":"99","t":"09:32:15","h":"Est","s":"25N-H55NV10S-85-S"},{"r":"99","t":"09:32:15","h":"Est","s":"25N-H55NV20S-81-S"},{"r":"99","t":"09:32:15","h":"Est","s":"25S-H55S000S-82-S"},{"r":"99","t":"09:44:00","h":"Est","s":"25N-H55N000I-80-I"},{"r":"99","t":"09:44:00","h":"Est","s":"25N-H55N100F-80-F1"},{"r":"99","t":"09:44:00","h":"Est","s":"25N-H55N200F-80-F2"},{"r":"99","t":"09:44:00","h":"Est","s":"25N-H55N300F-80-F3"},{"r":"99","t":"09:44:00","h":"Est","s":"25N-H55N400F-80-F4"},{"r":"99","t":"09:44:00","h":"Est","s":"25N-H55NV10I-80-I"},{"r":"99","t":"09:44:00","h":"Est","s":"25N-H55NV20I-80-I"},{"r":"99","t":"09:44:00","h":"Est","s":"25S-H55S000I-80-I"},{"r":"99","t":"09:44:00","h":"Est","s":"25S-H55S100F-80-F1"},{"r":"99","t":"09:44:00","h":"Est","s":"25S-H55S200F-80-F2"},{"r":"99","t":"09:57:45","h":"Est","s":"25N-H55N000A-80-A"},{"r":"99","t":"09:57:45","h":"Est","s":"25N-H55NV10A-80-A"},{"r":"99","t":"09:57:45","h":"Est","s":"25N-H55NV20A-80-A"},{"r":"99","t":"09:57:45","h":"Est","s":"25S-H55S000A-80-A"},{"r":"99","t":"10:02:15","h":"Est","s":"25N-H55N000S-80-S"},{"r":"99","t":"10:02:15","h":"Est","s":"25N-H55N000S-82-S"},{"r":"99","t":"10:02:15","h":"Est","s":"25N-H55NV10S-85-S"},{"r":"99","t":"10:02:15","h":"Est","s":"25N-H55NV20S-81-S"},{"r":"99","t":"10:02:15","h":"Est","s":"25S-H55S000S-82-S"},{"r":"99","t":"10:17:00","h":"Est","s":"25N-H55N000I-80-I"},{"r":"99","t":"10:17:00","h":"Est","s":"25N-H55N100F-80-F1"},{"r":"99","t":"10:17:00","h":"Est","s":"25N-H55N200F-80-F2"},{"r":"99","t":"10:17:00","h":"Est","s":"25N-H55N300F-80-F3"},{"r":"99","t":"10:17:00","h":"Est","s":"25N-H55N400F-80-F4"},{"r":"99","t":"10:17:00","h":"Est","s":"25N-H55NV10I-80-I"},{"r":"99","t":"10:17:00","h":"Est","s":"25N-H55NV20I-80-I"},{"r":"99","t":"10:17:00","h":"Est","s":"25S-H55S000I-80-I"},{"r":"99","t":"10:17:00","h":"Est","s":"25S-H55S100F-80-F1"},{"r":"99","t":"10:17:00","h":"Est","s":"25S-H55S200F-80-F2"},{"r":"99","t":"10:32:15","h":"Est","s":"25N-H55N000S-80-S"},{"r":"99","t":"10:32:15","h":"Est","s":"25N-H55N000S-82-S"},{"r":"99","t":"10:32:15","h":"Est","s":"25N-H55NV10S-85-S"},{"r":"99","t":"10:32:15","h":"Est","s":"25N-H55NV20S-81-S"},{"r":"99","t":"10:32:15","h":"Est","s":"25S-H55S000S-82-S"},{"r":"99","t":"10:42:00","h":"Est","s":"25N-H55N000A-80-A"},{"r":"99","t":"10:42:00","h":"Est","s":"25N-H55NV10A-80-A"},{"r":"99","t":"10:42:00","h":"Est","s":"25N-H55NV20A-80-A"},{"r":"99","t":"10:42:00","h":"Est","s":"25S-H55S000A-80-A"},{"r":"99","t":"10:50:00","h":"Est","s":"25N-H55N000I-80-I"},{"r":"99","t":"10:50:00","h":"Est","s":"25N-H55N100F-80-F1"},{"r":"99","t":"10:50:00","h":"Est","s":"25N-H55N200F-80-F2"},{"r":"99","t":"10:50:00","h":"Est","s":"25N-H55N300F-80-F3"},{"r":"99","t":"10:50:00","h":"Est","s":"25N-H55N400F-80-F4"},{"r":"99","t":"10:50:00","h":"Est","s":"25N-H55NV10I-80-I"},{"r":"99","t":"10:50:00","h":"Est","s":"25N-H55NV20I-80-I"},{"r":"99","t":"10:50:00","h":"Est","s":"25S-H55S000I-80-I"},{"r":"99","t":"10:50:00","h":"Est","s":"25S-H55S100F-80-F1"},{"r":"99","t":"10:50:00","h":"Est","s":"25S-H55S200F-80-F2"},{"r":"99","t":"11:02:15","h":"Est","s":"25N-H55N000S-80-S"},{"r":"99","t":"11:02:15","h":"Est","s":"25N-H55N000S-82-S"},{"r":"99","t":"11:02:15","h":"Est","s":"25N-H55NV10S-85-S"},{"r":"99","t":"11:02:15","h":"Est","s":"25N-H55NV20S-81-S"},{"r":"99","t":"11:02:15","h":"Est","s":"25S-H55S000S-82-S"},{"r":"99","t":"11:15:00","h":"Est","s":"25N-H55N000A-80-A"},{"r":"99","t":"11:15:00","h":"Est","s":"25N-H55NV10A-80-A"},{"r":"99","t":"11:15:00","h":"Est","s":"25N-H55NV20A-80-A"},{"r":"99","t":"11:15:00","h":"Est","s":"25S-H55S000A-80-A"},{"r":"99","t":"11:20:00","h":"Est","s":"25N-H55N000I-80-I"},{"r":"99","t":"11:20:00","h":"Est","s":"25N-H55N100F-80-F1"},{"r":"99","t":"11:20:00","h":"Est","s":"25N-H55N200F-80-F2"},{"r":"99","t":"11:20:00","h":"Est","s":"25N-H55N300F-80-F3"},{"r":"99","t":"11:20:00","h":"Est","s":"25N-H55N400F-80-F4"},{"r":"99","t":"11:20:00","h":"Est","s":"25N-H55NV10I-80-I"},{"r":"99","t":"11:20:00","h":"Est","s":"25N-H55NV20I-80-I"},{"r":"99","t":"11:20:00","h":"Est","s":"25S-H55S000I-80-I"},{"r":"99","t":"11:20:00","h":"Est","s":"25S-H55S100F-80-F1"},{"r":"99","t":"11:20:00","h":"Est","s":"25S-H55S200F-80-F2"},{"r":"99","t":"11:32:15","h":"Est","s":"25N-H55N000S-80-S"},{"r":"99","t":"11:32:15","h":"Est","s":"25N-H55N000S-82-S"},{"r":"99","t":"11:32:15","h":"Est","s":"25N-H55NV10S-85-S"},{"r":"99","t":"11:32:15","h":"Est","s":"25N-H55NV20S-81-S"},{"r":"99","t":"11:32:15","h":"Est","s":"25S-H55S000S-82-S"},{"r":"99","t":"11:47:00","h":"Est","s":"25N-H55N000A-80-A"},{"r":"99","t":"11:47:00","h":"Est","s":"25N-H55NV10A-80-A"},{"r":"99","t":"11:47:00","h":"Est","s":"25N-H55NV20A-80-A"},{"r":"99","t":"11:47:00","h":"Est","s":"25S-H55S000A-80-A"},{"r":"99","t":"11:50:00","h":"Est","s":"25N-H55N000I-80-I"},{"r":"99","t":"11:50:00","h":"Est","s":"25N-H55N100F-80-F1"},{"r":"99","t":"11:50:00","h":"Est","s":"25N-H55N200F-80-F2"},{"r":"99","t":"11:50:00","h":"Est","s":"25N-H55N300F-80-F3"},{"r":"99","t":"11:50:00","h":"Est","s":"25N-H55N400F-80-F4"},{"r":"99","t":"11:50:00","h":"Est","s":"25N-H55NV10I-80-I"},{"r":"99","t":"11:50:00","h":"Est","s":"25N-H55NV20I-80-I"},{"r":"99","t":"11:50:00","h":"Est","s":"25S-H55S000I-80-I"},{"r":"99","t":"11:50:00","h":"Est","s":"25S-H55S100F-80-F1"},{"r":"99","t":"11:50:00","h":"Est","s":"25S-H55S200F-80-F2"},{"r":"99","t":"12:02:15","h":"Est","s":"25N-H55N000S-80-S"},{"r":"99","t":"12:02:15","h":"Est","s":"25N-H55N000S-82-S"},{"r":"99","t":"12:02:15","h":"Est","s":"25N-H55NV10S-85-S"},{"r":"99","t":"12:02:15","h":"Est","s":"25N-H55NV20S-81-S"},{"r":"99","t":"12:02:15","h":"Est","s":"25S-H55S000S-82-S"},{"r":"99","t":"12:17:00","h":"Est","s":"25N-H55N000A-80-A"},{"r":"99","t":"12:17:00","h":"Est","s":"25N-H55NV10A-80-A"},{"r":"99","t":"12:17:00","h":"Est","s":"25N-H55NV20A-80-A"},{"r":"99","t":"12:17:00","h":"Est","s":"25S-H55S000A-80-A"},{"r":"99","t":"12:20:00","h":"Est","s":"25N-H55N000I-80-I"},{"r":"99","t":"12:20:00","h":"Est","s":"25N-H55N100F-80-F1"},{"r":"99","t":"12:20:00","h":"Est","s":"25N-H55N200F-80-F2"},{"r":"99","t":"12:20:00","h":"Est","s":"25N-H55N300F-80-F3"},{"r":"99","t":"12:20:00","h":"Est","s":"25N-H55N400F-80-F4"},{"r":"99","t":"12:20:00","h":"Est","s":"25N-H55NV10I-80-I"},{"r":"99","t":"12:20:00","h":"Est","s":"25N-H55NV20I-80-I"},{"r":"99","t":"12:20:00","h":"Est","s":"25S-H55S000I-80-I"},{"r":"99","t":"12:20:00","h":"Est","s":"25S-H55S100F-80-F1"},{"r":"99","t":"12:20:00","h":"Est","s":"25S-H55S200F-80-F2"},{"r":"99","t":"12:32:15","h":"Est","s":"25N-H55N000S-80-S"},{"r":"99","t":"12:32:15","h":"Est","s":"25N-H55N000S-82-S"},{"r":"99","t":"12:32:15","h":"Est","s":"25N-H55NV10S-85-S"},{"r":"99","t":"12:32:15","h":"Est","s":"25N-H55NV20S-81-S"},{"r":"99","t":"12:32:15","h":"Est","s":"25S-H55S000S-82-S"},{"r":"99","t":"12:47:00","h":"Est","s":"25N-H55N000A-80-A"},{"r":"99","t":"12:47:00","h":"Est","s":"25N-H55NV10A-80-A"},{"r":"99","t":"12:47:00","h":"Est","s":"25N-H55NV20A-80-A"},{"r":"99","t":"12:47:00","h":"Est","s":"25S-H55S000A-80-A"},{"r":"99","t":"12:50:00","h":"Est","s":"25N-H55N000I-80-I"},{"r":"99","t":"12:50:00","h":"Est","s":"25N-H55N100F-80-F1"},{"r":"99","t":"12:50:00","h":"Est","s":"25N-H55N200F-80-F2"},{"r":"99","t":"12:50:00","h":"Est","s":"25N-H55N300F-80-F3"},{"r":"99","t":"12:50:00","h":"Est","s":"25N-H55N400F-80-F4"},{"r":"99","t":"12:50:00","h":"Est","s":"25N-H55NV10I-80-I"},{"r":"99","t":"12:50:00","h":"Est","s":"25N-H55NV20I-80-I"},{"r":"99","t":"12:50:00","h":"Est","s":"25S-H55S000I-80-I"},{"r":"99","t":"12:50:00","h":"Est","s":"25S-H55S100F-80-F1"},{"r":"99","t":"12:50:00","h":"Est","s":"25S-H55S200F-80-F2"},{"r":"99","t":"13:02:15","h":"Est","s":"25N-H55N000S-80-S"},{"r":"99","t":"13:02:15","h":"Est","s":"25N-H55N000S-82-S"},{"r":"99","t":"13:02:15","h":"Est","s":"25N-H55NV10S-85-S"},{"r":"99","t":"13:02:15","h":"Est","s":"25N-H55NV20S-81-S"},{"r":"99","t":"13:02:15","h":"Est","s":"25S-H55S000S-82-S"},{"r":"99","t":"13:17:00","h":"Est","s":"25N-H55N000A-80-A"},{"r":"99","t":"13:17:00","h":"Est","s":"25N-H55NV10A-80-A"},{"r":"99","t":"13:17:00","h":"Est","s":"25N-H55NV20A-80-A"},{"r":"99","t":"13:17:00","h":"Est","s":"25S-H55S000A-80-A"},{"r":"99","t":"13:20:00","h":"Est","s":"25N-H55N000I-80-I"},{"r":"99","t":"13:20:00","h":"Est","s":"25N-H55N100F-80-F1"},{"r":"99","t":"13:20:00","h":"Est","s":"25N-H55N200F-80-F2"},{"r":"99","t":"13:20:00","h":"Est","s":"25N-H55N300F-80-F3"},{"r":"99","t":"13:20:00","h":"Est","s":"25N-H55N400F-80-F4"},{"r":"99","t":"13:20:00","h":"Est","s":"25N-H55NV10I-80-I"},{"r":"99","t":"13:20:00","h":"Est","s":"25N-H55NV20I-80-I"},{"r":"99","t":"13:20:00","h":"Est","s":"25S-H55S000I-80-I"},{"r":"99","t":"13:20:00","h":"Est","s":"25S-H55S100F-80-F1"},{"r":"99","t":"13:20:00","h":"Est","s":"25S-H55S200F-80-F2"},{"r":"99","t":"13:32:15","h":"Est","s":"25N-H55N000S-80-S"},{"r":"99","t":"13:32:15","h":"Est","s":"25N-H55N000S-82-S"},{"r":"99","t":"13:32:15","h":"Est","s":"25N-H55NV10S-85-S"},{"r":"99","t":"13:32:15","h":"Est","s":"25N-H55NV20S-81-S"},{"r":"99","t":"13:32:15","h":"Est","s":"25S-H55S000S-82-S"},{"r":"99","t":"13:47:00","h":"Est","s":"25N-H55N000A-80-A"},{"r":"99","t":"13:47:00","h":"Est","s":"25N-H55NV10A-80-A"},{"r":"99","t":"13:47:00","h":"Est","s":"25N-H55NV20A-80-A"},{"r":"99","t":"13:47:00","h":"Est","s":"25S-H55S000A-80-A"},{"r":"99","t":"13:50:15","h":"Est","s":"25N-H55N000I-80-I"},{"r":"99","t":"13:50:15","h":"Est","s":"25N-H55N100F-80-F1"},{"r":"99","t":"13:50:15","h":"Est","s":"25N-H55N200F-80-F2"},{"r":"99","t":"13:50:15","h":"Est","s":"25N-H55N300F-80-F3"},{"r":"99","t":"13:50:15","h":"Est","s":"25N-H55N400F-80-F4"},{"r":"99","t":"13:50:15","h":"Est","s":"25N-H55NV10I-80-I"},{"r":"99","t":"13:50:15","h":"Est","s":"25N-H55NV20I-80-I"},{"r":"99","t":"13:50:15","h":"Est","s":"25S-H55S000I-80-I"},{"r":"99","t":"13:50:15","h":"Est","s":"25S-H55S100F-80-F1"},{"r":"99","t":"13:50:15","h":"Est","s":"25S-H55S200F-80-F2"},{"r":"99","t":"14:02:15","h":"Est","s":"25N-H55N000S-80-S"},{"r":"99","t":"14:02:15","h":"Est","s":"25N-H55N000S-82-S"},{"r":"99","t":"14:02:15","h":"Est","s":"25N-H55NV10S-85-S"},{"r":"99","t":"14:02:15","h":"Est","s":"25N-H55NV20S-81-S"},{"r":"99","t":"14:02:15","h":"Est","s":"25S-H55S000S-82-S"},{"r":"99","t":"14:17:00","h":"Est","s":"25N-H55N000A-80-A"},{"r":"99","t":"14:17:00","h":"Est","s":"25N-H55NV10A-80-A"},{"r":"99","t":"14:17:00","h":"Est","s":"25N-H55NV20A-80-A"},{"r":"99","t":"14:17:00","h":"Est","s":"25S-H55S000A-80-A"},{"r":"99","t":"14:20:15","h":"Est","s":"25N-H55N000I-80-I"},{"r":"99","t":"14:20:15","h":"Est","s":"25N-H55N100F-80-F1"},{"r":"99","t":"14:20:15","h":"Est","s":"25N-H55N200F-80-F2"},{"r":"99","t":"14:20:15","h":"Est","s":"25N-H55N300F-80-F3"},{"r":"99","t":"14:20:15","h":"Est","s":"25N-H55N400F-80-F4"},{"r":"99","t":"14:20:15","h":"Est","s":"25N-H55NV10I-80-I"},{"r":"99","t":"14:20:15","h":"Est","s":"25N-H55NV20I-80-I"},{"r":"99","t":"14:20:15","h":"Est","s":"25S-H55S000I-80-I"},{"r":"99","t":"14:20:15","h":"Est","s":"25S-H55S100F-80-F1"},{"r":"99","t":"14:20:15","h":"Est","s":"25S-H55S200F-80-F2"},{"r":"99","t":"14:32:15","h":"Est","s":"25N-H55N000S-80-S"},{"r":"99","t":"14:32:15","h":"Est","s":"25N-H55N000S-82-S"},{"r":"99","t":"14:32:15","h":"Est","s":"25N-H55NV10S-85-S"},{"r":"99","t":"14:32:15","h":"Est","s":"25N-H55NV20S-81-S"},{"r":"99","t":"14:32:15","h":"Est","s":"25S-H55S000S-82-S"},{"r":"99","t":"14:47:00","h":"Est","s":"25N-H55N000A-80-A"},{"r":"99","t":"14:47:00","h":"Est","s":"25N-H55NV10A-80-A"},{"r":"99","t":"14:47:00","h":"Est","s":"25N-H55NV20A-80-A"},{"r":"99","t":"14:47:00","h":"Est","s":"25S-H55S000A-80-A"},{"r":"99","t":"14:50:15","h":"Est","s":"25N-H55N000I-80-I"},{"r":"99","t":"14:50:15","h":"Est","s":"25N-H55N100F-80-F1"},{"r":"99","t":"14:50:15","h":"Est","s":"25N-H55N200F-80-F2"},{"r":"99","t":"14:50:15","h":"Est","s":"25N-H55N300F-80-F3"},{"r":"99","t":"14:50:15","h":"Est","s":"25N-H55N400F-80-F4"},{"r":"99","t":"14:50:15","h":"Est","s":"25N-H55NV10I-80-I"},{"r":"99","t":"14:50:15","h":"Est","s":"25N-H55NV20I-80-I"},{"r":"99","t":"14:50:15","h":"Est","s":"25S-H55S000I-80-I"},{"r":"99","t":"14:50:15","h":"Est","s":"25S-H55S100F-80-F1"},{"r":"99","t":"14:50:15","h":"Est","s":"25S-H55S200F-80-F2"},{"r":"99","t":"15:02:15","h":"Est","s":"25N-H55N000S-80-S"},{"r":"99","t":"15:02:15","h":"Est","s":"25N-H55N000S-82-S"},{"r":"99","t":"15:02:15","h":"Est","s":"25N-H55NV10S-85-S"},{"r":"99","t":"15:02:15","h":"Est","s":"25N-H55NV20S-81-S"},{"r":"99","t":"15:02:15","h":"Est","s":"25S-H55S000S-82-S"},{"r":"99","t":"15:17:00","h":"Est","s":"25N-H55N000A-80-A"},{"r":"99","t":"15:17:00","h":"Est","s":"25N-H55NV10A-80-A"},{"r":"99","t":"15:17:00","h":"Est","s":"25N-H55NV20A-80-A"},{"r":"99","t":"15:17:00","h":"Est","s":"25S-H55S000A-80-A"},{"r":"99","t":"15:20:15","h":"Est","s":"25N-H55N000I-80-I"},{"r":"99","t":"15:20:15","h":"Est","s":"25N-H55N100F-80-F1"},{"r":"99","t":"15:20:15","h":"Est","s":"25N-H55N200F-80-F2"},{"r":"99","t":"15:20:15","h":"Est","s":"25N-H55N300F-80-F3"},{"r":"99","t":"15:20:15","h":"Est","s":"25N-H55N400F-80-F4"},{"r":"99","t":"15:20:15","h":"Est","s":"25N-H55NV10I-80-I"},{"r":"99","t":"15:20:15","h":"Est","s":"25N-H55NV20I-80-I"},{"r":"99","t":"15:20:15","h":"Est","s":"25S-H55S000I-80-I"},{"r":"99","t":"15:20:15","h":"Est","s":"25S-H55S100F-80-F1"},{"r":"99","t":"15:20:15","h":"Est","s":"25S-H55S200F-80-F2"},{"r":"99","t":"15:32:29","h":"Est","s":"25N-H55N000S-80-S"},{"r":"99","t":"15:32:29","h":"Est","s":"25N-H55N000S-82-S"},{"r":"99","t":"15:32:29","h":"Est","s":"25N-H55NV10S-85-S"},{"r":"99","t":"15:32:29","h":"Est","s":"25N-H55NV20S-81-S"},{"r":"99","t":"15:32:29","h":"Est","s":"25S-H55S000S-82-S"},{"r":"99","t":"15:47:15","h":"Est","s":"25N-H55N000A-80-A"},{"r":"99","t":"15:47:15","h":"Est","s":"25N-H55NV10A-80-A"},{"r":"99","t":"15:47:15","h":"Est","s":"25N-H55NV20A-80-A"},{"r":"99","t":"15:47:15","h":"Est","s":"25S-H55S000A-80-A"},{"r":"99","t":"15:50:15","h":"Est","s":"25N-H55N000I-80-I"},{"r":"99","t":"15:50:15","h":"Est","s":"25N-H55N100F-80-F1"},{"r":"99","t":"15:50:15","h":"Est","s":"25N-H55N200F-80-F2"},{"r":"99","t":"15:50:15","h":"Est","s":"25N-H55N300F-80-F3"},{"r":"99","t":"15:50:15","h":"Est","s":"25N-H55N400F-80-F4"},{"r":"99","t":"15:50:15","h":"Est","s":"25N-H55NV10I-80-I"},{"r":"99","t":"15:50:15","h":"Est","s":"25N-H55NV20I-80-I"},{"r":"99","t":"15:50:15","h":"Est","s":"25S-H55S000I-80-I"},{"r":"99","t":"15:50:15","h":"Est","s":"25S-H55S100F-80-F1"},{"r":"99","t":"15:50:15","h":"Est","s":"25S-H55S200F-80-F2"},{"r":"99","t":"16:02:29","h":"Est","s":"25N-H55N000S-80-S"},{"r":"99","t":"16:02:29","h":"Est","s":"25N-H55N000S-82-S"},{"r":"99","t":"16:02:29","h":"Est","s":"25N-H55NV10S-85-S"},{"r":"99","t":"16:02:29","h":"Est","s":"25N-H55NV20S-81-S"},{"r":"99","t":"16:02:29","h":"Est","s":"25S-H55S000S-82-S"},{"r":"99","t":"16:17:15","h":"Est","s":"25N-H55N000A-80-A"},{"r":"99","t":"16:17:15","h":"Est","s":"25N-H55NV10A-80-A"},{"r":"99","t":"16:17:15","h":"Est","s":"25N-H55NV20A-80-A"},{"r":"99","t":"16:17:15","h":"Est","s":"25S-H55S000A-80-A"},{"r":"99","t":"16:20:15","h":"Est","s":"25N-H55N000I-80-I"},{"r":"99","t":"16:20:15","h":"Est","s":"25N-H55N100F-80-F1"},{"r":"99","t":"16:20:15","h":"Est","s":"25N-H55N200F-80-F2"},{"r":"99","t":"16:20:15","h":"Est","s":"25N-H55N300F-80-F3"},{"r":"99","t":"16:20:15","h":"Est","s":"25N-H55N400F-80-F4"},{"r":"99","t":"16:20:15","h":"Est","s":"25N-H55NV10I-80-I"},{"r":"99","t":"16:20:15","h":"Est","s":"25N-H55NV20I-80-I"},{"r":"99","t":"16:20:15","h":"Est","s":"25S-H55S000I-80-I"},{"r":"99","t":"16:20:15","h":"Est","s":"25S-H55S100F-80-F1"},{"r":"99","t":"16:20:15","h":"Est","s":"25S-H55S200F-80-F2"},{"r":"99","t":"16:32:29","h":"Est","s":"25N-H55N000S-80-S"},{"r":"99","t":"16:32:29","h":"Est","s":"25N-H55N000S-82-S"},{"r":"99","t":"16:32:29","h":"Est","s":"25N-H55NV10S-85-S"},{"r":"99","t":"16:32:29","h":"Est","s":"25N-H55NV20S-81-S"},{"r":"99","t":"16:32:29","h":"Est","s":"25S-H55S000S-82-S"},{"r":"99","t":"16:47:15","h":"Est","s":"25N-H55N000A-80-A"},{"r":"99","t":"16:47:15","h":"Est","s":"25N-H55NV10A-80-A"},{"r":"99","t":"16:47:15","h":"Est","s":"25N-H55NV20A-80-A"},{"r":"99","t":"16:47:15","h":"Est","s":"25S-H55S000A-80-A"},{"r":"99","t":"16:50:15","h":"Est","s":"25N-H55N000I-80-I"},{"r":"99","t":"16:50:15","h":"Est","s":"25N-H55N100F-80-F1"},{"r":"99","t":"16:50:15","h":"Est","s":"25N-H55N200F-80-F2"},{"r":"99","t":"16:50:15","h":"Est","s":"25N-H55N300F-80-F3"},{"r":"99","t":"16:50:15","h":"Est","s":"25N-H55N400F-80-F4"},{"r":"99","t":"16:50:15","h":"Est","s":"25N-H55NV10I-80-I"},{"r":"99","t":"16:50:15","h":"Est","s":"25N-H55NV20I-80-I"},{"r":"99","t":"16:50:15","h":"Est","s":"25S-H55S000I-80-I"},{"r":"99","t":"16:50:15","h":"Est","s":"25S-H55S100F-80-F1"},{"r":"99","t":"16:50:15","h":"Est","s":"25S-H55S200F-80-F2"},{"r":"99","t":"17:02:29","h":"Est","s":"25N-H55N000S-80-S"},{"r":"99","t":"17:02:29","h":"Est","s":"25N-H55N000S-82-S"},{"r":"99","t":"17:02:29","h":"Est","s":"25N-H55NV10S-85-S"},{"r":"99","t":"17:02:29","h":"Est","s":"25N-H55NV20S-81-S"},{"r":"99","t":"17:02:29","h":"Est","s":"25S-H55S000S-82-S"},{"r":"99","t":"17:17:15","h":"Est","s":"25N-H55N000A-80-A"},{"r":"99","t":"17:17:15","h":"Est","s":"25N-H55NV10A-80-A"},{"r":"99","t":"17:17:15","h":"Est","s":"25N-H55NV20A-80-A"},{"r":"99","t":"17:17:15","h":"Est","s":"25S-H55S000A-80-A"},{"r":"99","t":"17:20:15","h":"Est","s":"25N-H55N000I-80-I"},{"r":"99","t":"17:20:15","h":"Est","s":"25N-H55N100F-80-F1"},{"r":"99","t":"17:20:15","h":"Est","s":"25N-H55N200F-80-F2"},{"r":"99","t":"17:20:15","h":"Est","s":"25N-H55N300F-80-F3"},{"r":"99","t":"17:20:15","h":"Est","s":"25N-H55N400F-80-F4"},{"r":"99","t":"17:20:15","h":"Est","s":"25N-H55NV10I-80-I"},{"r":"99","t":"17:20:15","h":"Est","s":"25N-H55NV20I-80-I"},{"r":"99","t":"17:20:15","h":"Est","s":"25S-H55S000I-80-I"},{"r":"99","t":"17:20:15","h":"Est","s":"25S-H55S100F-80-F1"},{"r":"99","t":"17:20:15","h":"Est","s":"25S-H55S200F-80-F2"},{"r":"99","t":"17:33:29","h":"Est","s":"25N-H55N000S-80-S"},{"r":"99","t":"17:33:29","h":"Est","s":"25N-H55N000S-82-S"},{"r":"99","t":"17:33:29","h":"Est","s":"25N-H55NV10S-85-S"},{"r":"99","t":"17:33:29","h":"Est","s":"25N-H55NV20S-81-S"},{"r":"99","t":"17:33:29","h":"Est","s":"25S-H55S000S-82-S"},{"r":"99","t":"17:47:15","h":"Est","s":"25N-H55N000A-80-A"},{"r":"99","t":"17:47:15","h":"Est","s":"25N-H55NV10A-80-A"},{"r":"99","t":"17:47:15","h":"Est","s":"25N-H55NV20A-80-A"},{"r":"99","t":"17:47:15","h":"Est","s":"25S-H55S000A-80-A"},{"r":"99","t":"17:50:15","h":"Est","s":"25N-H55N000I-80-I"},{"r":"99","t":"17:50:15","h":"Est","s":"25N-H55N100F-80-F1"},{"r":"99","t":"17:50:15","h":"Est","s":"25N-H55N200F-80-F2"},{"r":"99","t":"17:50:15","h":"Est","s":"25N-H55N300F-80-F3"},{"r":"99","t":"17:50:15","h":"Est","s":"25N-H55N400F-80-F4"},{"r":"99","t":"17:50:15","h":"Est","s":"25N-H55NV10I-80-I"},{"r":"99","t":"17:50:15","h":"Est","s":"25N-H55NV20I-80-I"},{"r":"99","t":"17:50:15","h":"Est","s":"25S-H55S000I-80-I"},{"r":"99","t":"17:50:15","h":"Est","s":"25S-H55S100F-80-F1"},{"r":"99","t":"17:50:15","h":"Est","s":"25S-H55S200F-80-F2"},{"r":"99","t":"18:04:29","h":"Est","s":"25N-H55N000S-80-S"},{"r":"99","t":"18:04:29","h":"Est","s":"25N-H55N000S-82-S"},{"r":"99","t":"18:04:29","h":"Est","s":"25N-H55NV10S-85-S"},{"r":"99","t":"18:04:29","h":"Est","s":"25N-H55NV20S-81-S"},{"r":"99","t":"18:04:29","h":"Est","s":"25S-H55S000S-82-S"},{"r":"99","t":"18:17:15","h":"Est","s":"25N-H55N000A-80-A"},{"r":"99","t":"18:17:15","h":"Est","s":"25N-H55NV10A-80-A"},{"r":"99","t":"18:17:15","h":"Est","s":"25N-H55NV20A-80-A"},{"r":"99","t":"18:17:15","h":"Est","s":"25S-H55S000A-80-A"},{"r":"99","t":"18:20:00","h":"Est","s":"25N-H55N000I-80-I"},{"r":"99","t":"18:20:00","h":"Est","s":"25N-H55N100F-80-F1"},{"r":"99","t":"18:20:00","h":"Est","s":"25N-H55N200F-80-F2"},{"r":"99","t":"18:20:00","h":"Est","s":"25N-H55N300F-80-F3"},{"r":"99","t":"18:20:00","h":"Est","s":"25N-H55N400F-80-F4"},{"r":"99","t":"18:20:00","h":"Est","s":"25N-H55NV10I-80-I"},{"r":"99","t":"18:20:00","h":"Est","s":"25N-H55NV20I-80-I"},{"r":"99","t":"18:20:00","h":"Est","s":"25S-H55S000I-80-I"},{"r":"99","t":"18:20:00","h":"Est","s":"25S-H55S100F-80-F1"},{"r":"99","t":"18:20:00","h":"Est","s":"25S-H55S200F-80-F2"},{"r":"99","t":"18:35:15","h":"Est","s":"25N-H55N000S-80-S"},{"r":"99","t":"18:35:15","h":"Est","s":"25N-H55N000S-82-S"},{"r":"99","t":"18:35:15","h":"Est","s":"25N-H55NV10S-85-S"},{"r":"99","t":"18:35:15","h":"Est","s":"25N-H55NV20S-81-S"},{"r":"99","t":"18:35:15","h":"Est","s":"25S-H55S000S-82-S"},{"r":"99","t":"18:47:15","h":"Est","s":"25N-H55N000A-80-A"},{"r":"99","t":"18:47:15","h":"Est","s":"25N-H55NV10A-80-A"},{"r":"99","t":"18:47:15","h":"Est","s":"25N-H55NV20A-80-A"},{"r":"99","t":"18:47:15","h":"Est","s":"25S-H55S000A-80-A"},{"r":"99","t":"18:50:00","h":"Est","s":"25N-H55N000I-80-I"},{"r":"99","t":"18:50:00","h":"Est","s":"25N-H55N100F-80-F1"},{"r":"99","t":"18:50:00","h":"Est","s":"25N-H55N200F-80-F2"},{"r":"99","t":"18:50:00","h":"Est","s":"25N-H55N300F-80-F3"},{"r":"99","t":"18:50:00","h":"Est","s":"25N-H55N400F-80-F4"},{"r":"99","t":"18:50:00","h":"Est","s":"25N-H55NV10I-80-I"},{"r":"99","t":"18:50:00","h":"Est","s":"25N-H55NV20I-80-I"},{"r":"99","t":"18:50:00","h":"Est","s":"25S-H55S000I-80-I"},{"r":"99","t":"18:50:00","h":"Est","s":"25S-H55S100F-80-F1"},{"r":"99","t":"18:50:00","h":"Est","s":"25S-H55S200F-80-F2"},{"r":"99","t":"19:06:15","h":"Est","s":"25N-H55N000S-80-S"},{"r":"99","t":"19:06:15","h":"Est","s":"25N-H55N000S-82-S"},{"r":"99","t":"19:06:15","h":"Est","s":"25N-H55NV10S-85-S"},{"r":"99","t":"19:06:15","h":"Est","s":"25N-H55NV20S-81-S"},{"r":"99","t":"19:06:15","h":"Est","s":"25S-H55S000S-82-S"},{"r":"99","t":"19:17:00","h":"Est","s":"25N-H55N000A-80-A"},{"r":"99","t":"19:17:00","h":"Est","s":"25N-H55NV10A-80-A"},{"r":"99","t":"19:17:00","h":"Est","s":"25N-H55NV20A-80-A"},{"r":"99","t":"19:17:00","h":"Est","s":"25S-H55S000A-80-A"},{"r":"99","t":"19:20:00","h":"Est","s":"25N-H55N000I-80-I"},{"r":"99","t":"19:20:00","h":"Est","s":"25N-H55N100F-80-F1"},{"r":"99","t":"19:20:00","h":"Est","s":"25N-H55N200F-80-F2"},{"r":"99","t":"19:20:00","h":"Est","s":"25N-H55N300F-80-F3"},{"r":"99","t":"19:20:00","h":"Est","s":"25N-H55N400F-80-F4"},{"r":"99","t":"19:20:00","h":"Est","s":"25N-H55NV10I-80-I"},{"r":"99","t":"19:20:00","h":"Est","s":"25N-H55NV20I-80-I"},{"r":"99","t":"19:20:00","h":"Est","s":"25S-H55S000I-80-I"},{"r":"99","t":"19:20:00","h":"Est","s":"25S-H55S100F-80-F1"},{"r":"99","t":"19:20:00","h":"Est","s":"25S-H55S200F-80-F2"},{"r":"99","t":"19:37:00","h":"Est","s":"25N-H55N000S-80-S"},{"r":"99","t":"19:37:00","h":"Est","s":"25N-H55N000S-82-S"},{"r":"99","t":"19:37:00","h":"Est","s":"25N-H55NV10S-85-S"},{"r":"99","t":"19:37:00","h":"Est","s":"25N-H55NV20S-81-S"},{"r":"99","t":"19:37:00","h":"Est","s":"25S-H55S000S-82-S"},{"r":"99","t":"19:47:00","h":"Est","s":"25N-H55N000A-80-A"},{"r":"99","t":"19:47:00","h":"Est","s":"25N-H55NV10A-80-A"},{"r":"99","t":"19:47:00","h":"Est","s":"25N-H55NV20A-80-A"},{"r":"99","t":"19:47:00","h":"Est","s":"25S-H55S000A-80-A"},{"r":"99","t":"19:50:00","h":"Est","s":"25N-H55N000I-80-I"},{"r":"99","t":"19:50:00","h":"Est","s":"25N-H55N100F-80-F1"},{"r":"99","t":"19:50:00","h":"Est","s":"25N-H55N200F-80-F2"},{"r":"99","t":"19:50:00","h":"Est","s":"25N-H55N300F-80-F3"},{"r":"99","t":"19:50:00","h":"Est","s":"25N-H55N400F-80-F4"},{"r":"99","t":"19:50:00","h":"Est","s":"25N-H55NV10I-80-I"},{"r":"99","t":"19:50:00","h":"Est","s":"25N-H55NV20I-80-I"},{"r":"99","t":"19:50:00","h":"Est","s":"25S-H55S000I-80-I"},{"r":"99","t":"19:50:00","h":"Est","s":"25S-H55S100F-80-F1"},{"r":"99","t":"19:50:00","h":"Est","s":"25S-H55S200F-80-F2"},{"r":"99","t":"20:09:00","h":"Est","s":"25N-H55N000S-80-S"},{"r":"99","t":"20:09:00","h":"Est","s":"25N-H55N000S-82-S"},{"r":"99","t":"20:09:00","h":"Est","s":"25N-H55NV10S-85-S"},{"r":"99","t":"20:09:00","h":"Est","s":"25N-H55NV20S-81-S"},{"r":"99","t":"20:09:00","h":"Est","s":"25S-H55S000S-82-S"},{"r":"99","t":"20:17:00","h":"Est","s":"25N-H55N000A-80-A"},{"r":"99","t":"20:17:00","h":"Est","s":"25N-H55NV10A-80-A"},{"r":"99","t":"20:17:00","h":"Est","s":"25N-H55NV20A-80-A"},{"r":"99","t":"20:17:00","h":"Est","s":"25S-H55S000A-80-A"},{"r":"99","t":"20:31:45","h":"Est","s":"25N-H55N000I-80-I"},{"r":"99","t":"20:31:45","h":"Est","s":"25N-H55N100F-80-F1"},{"r":"99","t":"20:31:45","h":"Est","s":"25N-H55N200F-80-F2"},{"r":"99","t":"20:31:45","h":"Est","s":"25N-H55N300F-80-F3"},{"r":"99","t":"20:31:45","h":"Est","s":"25N-H55N400F-80-F4"},{"r":"99","t":"20:31:45","h":"Est","s":"25N-H55NV10I-80-I"},{"r":"99","t":"20:31:45","h":"Est","s":"25N-H55NV20I-80-I"},{"r":"99","t":"20:31:45","h":"Est","s":"25S-H55S000I-80-I"},{"r":"99","t":"20:31:45","h":"Est","s":"25S-H55S100F-80-F1"},{"r":"99","t":"20:31:45","h":"Est","s":"25S-H55S200F-80-F2"},{"r":"99","t":"20:47:00","h":"Est","s":"25N-H55N000A-80-A"},{"r":"99","t":"20:47:00","h":"Est","s":"25N-H55NV10A-80-A"},{"r":"99","t":"20:47:00","h":"Est","s":"25N-H55NV20A-80-A"},{"r":"99","t":"20:47:00","h":"Est","s":"25S-H55S000A-80-A"},{"r":"99","t":"20:53:45","h":"Est","s":"25N-H55N000S-80-S"},{"r":"99","t":"20:53:45","h":"Est","s":"25N-H55N000S-82-S"},{"r":"99","t":"20:53:45","h":"Est","s":"25N-H55NV10S-85-S"},{"r":"99","t":"20:53:45","h":"Est","s":"25N-H55NV20S-81-S"},{"r":"99","t":"20:53:45","h":"Est","s":"25S-H55S000S-82-S"},{"r":"99","t":"21:15:45","h":"Est","s":"25N-H55N000I-80-I"},{"r":"99","t":"21:15:45","h":"Est","s":"25N-H55N100F-80-F1"},{"r":"99","t":"21:15:45","h":"Est","s":"25N-H55N200F-80-F2"},{"r":"99","t":"21:15:45","h":"Est","s":"25N-H55N300F-80-F3"},{"r":"99","t":"21:15:45","h":"Est","s":"25N-H55N400F-80-F4"},{"r":"99","t":"21:15:45","h":"Est","s":"25N-H55NV10I-80-I"},{"r":"99","t":"21:15:45","h":"Est","s":"25N-H55NV20I-80-I"},{"r":"99","t":"21:15:45","h":"Est","s":"25S-H55S000I-80-I"},{"r":"99","t":"21:15:45","h":"Est","s":"25S-H55S100F-80-F1"},{"r":"99","t":"21:15:45","h":"Est","s":"25S-H55S200F-80-F2"},{"r":"99","t":"21:20:00","h":"Est","s":"25N-H55N000A-80-A"},{"r":"99","t":"21:20:00","h":"Est","s":"25N-H55NV10A-80-A"},{"r":"99","t":"21:20:00","h":"Est","s":"25N-H55NV20A-80-A"},{"r":"99","t":"21:20:00","h":"Est","s":"25S-H55S000A-80-A"},{"r":"99","t":"21:37:45","h":"Est","s":"25N-H55N000S-80-S"},{"r":"99","t":"21:37:45","h":"Est","s":"25N-H55N000S-82-S"},{"r":"99","t":"21:37:45","h":"Est","s":"25N-H55NV10S-85-S"},{"r":"99","t":"21:37:45","h":"Est","s":"25N-H55NV20S-81-S"},{"r":"99","t":"21:37:45","h":"Est","s":"25S-H55S000S-82-S"},{"r":"99","t":"21:54:00","h":"Est","s":"25N-H55N000A-80-A"},{"r":"99","t":"21:54:00","h":"Est","s":"25N-H55NV10A-80-A"},{"r":"99","t":"21:54:00","h":"Est","s":"25N-H55NV20A-80-A"},{"r":"99","t":"21:54:00","h":"Est","s":"25S-H55S000A-80-A"},{"r":"99","t":"22:01:45","h":"Est","s":"25N-H55N000I-80-I"},{"r":"99","t":"22:01:45","h":"Est","s":"25N-H55N100F-80-F1"},{"r":"99","t":"22:01:45","h":"Est","s":"25N-H55N200F-80-F2"},{"r":"99","t":"22:01:45","h":"Est","s":"25N-H55N300F-80-F3"},{"r":"99","t":"22:01:45","h":"Est","s":"25N-H55N400F-80-F4"},{"r":"99","t":"22:01:45","h":"Est","s":"25N-H55NV10I-80-I"},{"r":"99","t":"22:01:45","h":"Est","s":"25N-H55NV20I-80-I"},{"r":"99","t":"22:01:45","h":"Est","s":"25S-H55S000I-80-I"},{"r":"99","t":"22:01:45","h":"Est","s":"25S-H55S100F-80-F1"},{"r":"99","t":"22:01:45","h":"Est","s":"25S-H55S200F-80-F2"},{"r":"99","t":"22:20:45","h":"Est","s":"25N-H55N000S-80-S"},{"r":"99","t":"22:20:45","h":"Est","s":"25N-H55N000S-82-S"},{"r":"99","t":"22:20:45","h":"Est","s":"25N-H55NV10S-85-S"},{"r":"99","t":"22:20:45","h":"Est","s":"25N-H55NV20S-81-S"},{"r":"99","t":"22:20:45","h":"Est","s":"25S-H55S000S-82-S"},{"r":"99","t":"22:40:00","h":"Est","s":"25N-H55N000A-80-A"},{"r":"99","t":"22:40:00","h":"Est","s":"25N-H55NV10A-80-A"},{"r":"99","t":"22:40:00","h":"Est","s":"25N-H55NV20A-80-A"},{"r":"99","t":"22:40:00","h":"Est","s":"25S-H55S000A-80-A"},{"r":"99","t":"22:49:45","h":"Est","s":"25N-H55N000I-80-I"},{"r":"99","t":"22:49:45","h":"Est","s":"25N-H55N100F-80-F1"},{"r":"99","t":"22:49:45","h":"Est","s":"25N-H55N200F-80-F2"},{"r":"99","t":"22:49:45","h":"Est","s":"25N-H55N300F-80-F3"},{"r":"99","t":"22:49:45","h":"Est","s":"25N-H55N400F-80-F4"},{"r":"99","t":"22:49:45","h":"Est","s":"25N-H55NV10I-80-I"},{"r":"99","t":"22:49:45","h":"Est","s":"25N-H55NV20I-80-I"},{"r":"99","t":"22:49:45","h":"Est","s":"25S-H55S000I-80-I"},{"r":"99","t":"22:49:45","h":"Est","s":"25S-H55S100F-80-F1"},{"r":"99","t":"22:49:45","h":"Est","s":"25S-H55S200F-80-F2"},{"r":"99","t":"23:03:45","h":"Est","s":"25N-H55N000S-80-S"},{"r":"99","t":"23:03:45","h":"Est","s":"25N-H55N000S-82-S"},{"r":"99","t":"23:03:45","h":"Est","s":"25N-H55NV10S-85-S"},{"r":"99","t":"23:03:45","h":"Est","s":"25N-H55NV20S-81-S"},{"r":"99","t":"23:03:45","h":"Est","s":"25S-H55S000S-82-S"},{"r":"99","t":"23:26:00","h":"Est","s":"25N-H55N000A-80-A"},{"r":"99","t":"23:26:00","h":"Est","s":"25N-H55NV10A-80-A"},{"r":"99","t":"23:26:00","h":"Est","s":"25N-H55NV20A-80-A"},{"r":"99","t":"23:26:00","h":"Est","s":"25S-H55S000A-80-A"},{"r":"99","t":"23:37:45","h":"Est","s":"25N-H55N000I-80-I"},{"r":"99","t":"23:37:45","h":"Est","s":"25N-H55N100F-80-F1"},{"r":"99","t":"23:37:45","h":"Est","s":"25N-H55N200F-80-F2"},{"r":"99","t":"23:37:45","h":"Est","s":"25N-H55N300F-80-F3"},{"r":"99","t":"23:37:45","h":"Est","s":"25N-H55N400F-80-F4"},{"r":"99","t":"23:37:45","h":"Est","s":"25N-H55NV10I-80-I"},{"r":"99","t":"23:37:45","h":"Est","s":"25N-H55NV20I-80-I"},{"r":"99","t":"23:37:45","h":"Est","s":"25S-H55S000I-80-I"},{"r":"99","t":"23:37:45","h":"Est","s":"25S-H55S100F-80-F1"},{"r":"99","t":"23:37:45","h":"Est","s":"25S-H55S200F-80-F2"},{"r":"99","t":"23:45:45","h":"Est","s":"25N-H55N000S-80-S"},{"r":"99","t":"23:45:45","h":"Est","s":"25N-H55N000S-82-S"},{"r":"99","t":"23:45:45","h":"Est","s":"25N-H55NV10S-85-S"},{"r":"99","t":"23:45:45","h":"Est","s":"25N-H55NV20S-81-S"},{"r":"99","t":"23:45:45","h":"Est","s":"25S-H55S000S-82-S"},{"r":"99","t":"24:13:00","h":"Est","s":"25N-H55N000A-80-A"},{"r":"99","t":"24:13:00","h":"Est","s":"25N-H55NV10A-80-A"},{"r":"99","t":"24:13:00","h":"Est","s":"25N-H55NV20A-80-A"},{"r":"99","t":"24:13:00","h":"Est","s":"25S-H55S000A-80-A"},{"r":"99","t":"24:25:45","h":"Est","s":"25N-H55N000I-80-I"},{"r":"99","t":"24:25:45","h":"Est","s":"25N-H55N100F-80-F1"},{"r":"99","t":"24:25:45","h":"Est","s":"25N-H55N200F-80-F2"},{"r":"99","t":"24:25:45","h":"Est","s":"25N-H55N300F-80-F3"},{"r":"99","t":"24:25:45","h":"Est","s":"25N-H55N400F-80-F4"},{"r":"99","t":"24:25:45","h":"Est","s":"25N-H55NV10I-80-I"},{"r":"99","t":"24:25:45","h":"Est","s":"25N-H55NV20I-80-I"},{"r":"99","t":"24:25:45","h":"Est","s":"25S-H55S000I-80-I"},{"r":"99","t":"24:25:45","h":"Est","s":"25S-H55S100F-80-F1"},{"r":"99","t":"24:25:45","h":"Est","s":"25S-H55S200F-80-F2"},{"r":"99","t":"24:27:45","h":"Est","s":"25N-H55N000S-80-S"},{"r":"99","t":"24:27:45","h":"Est","s":"25N-H55N000S-82-S"},{"r":"99","t":"24:27:45","h":"Est","s":"25N-H55NV10S-85-S"},{"r":"99","t":"24:27:45","h":"Est","s":"25N-H55NV20S-81-S"},{"r":"99","t":"24:27:45","h":"Est","s":"25S-H55S000S-82-S"},{"r":"99","t":"24:59:45","h":"Est","s":"25N-H55N000A-80-A"},{"r":"99","t":"24:59:45","h":"Est","s":"25N-H55NV10A-80-A"},{"r":"99","t":"24:59:45","h":"Est","s":"25N-H55NV20A-80-A"},{"r":"99","t":"24:59:45","h":"Est","s":"25S-H55S000A-80-A"},{"r":"99","t":"25:13:45","h":"Est","s":"25N-H55N000I-80-I"},{"r":"99","t":"25:13:45","h":"Est","s":"25N-H55N000S-80-S"},{"r":"99","t":"25:13:45","h":"Est","s":"25N-H55N000S-82-S"},{"r":"99","t":"25:13:45","h":"Est","s":"25N-H55N100F-80-F1"},{"r":"99","t":"25:13:45","h":"Est","s":"25N-H55N200F-80-F2"},{"r":"99","t":"25:13:45","h":"Est","s":"25N-H55N300F-80-F3"},{"r":"99","t":"25:13:45","h":"Est","s":"25N-H55N400F-80-F4"},{"r":"99","t":"25:13:45","h":"Est","s":"25N-H55NV10I-80-I"},{"r":"99","t":"25:13:45","h":"Est","s":"25N-H55NV10S-85-S"},{"r":"99","t":"25:13:45","h":"Est","s":"25N-H55NV20I-80-I"},{"r":"99","t":"25:13:45","h":"Est","s":"25N-H55NV20S-81-S"},{"r":"99","t":"25:13:45","h":"Est","s":"25S-H55S000I-80-I"},{"r":"99","t":"25:13:45","h":"Est","s":"25S-H55S000S-82-S"},{"r":"99","t":"25:13:45","h":"Est","s":"25S-H55S100F-80-F1"},{"r":"99","t":"25:13:45","h":"Est","s":"25S-H55S200F-80-F2"},{"r":"99","t":"25:46:45","h":"Est","s":"25N-H55N000A-80-A"},{"r":"99","t":"25:46:45","h":"Est","s":"25N-H55NV10A-80-A"},{"r":"99","t":"25:46:45","h":"Est","s":"25N-H55NV20A-80-A"},{"r":"99","t":"25:46:45","h":"Est","s":"25S-H55S000A-80-A"}]