[{"r":"186","t":"05:15:59","h":"Est","s":"25N-H54N000A-80-A"},{"r":"186","t":"05:15:59","h":"Est","s":"25N-H54NV10A-80-A"},{"r":"186","t":"05:15:59","h":"Est","s":"25N-H54NV20A-80-A"},{"r":"186","t":"05:15:59","h":"Est","s":"25S-H54S000A-83-A"},{"r":"186","t":"05:17:59","h":"Est","s":"25N-H54N000I-80-I"},{"r":"186","t":"05:17:59","h":"Est","s":"25N-H54N100F-80-F1"},{"r":"186","t":"05:17:59","h":"Est","s":"25N-H54N200F-80-F2"},{"r":"186","t":"05:17:59","h":"Est","s":"25N-H54N300F-80-F3"},{"r":"186","t":"05:17:59","h":"Est","s":"25N-H54N400F-80-F4"},{"r":"186","t":"05:17:59","h":"Est","s":"25N-H54NV10I-80-I"},{"r":"186","t":"05:17:59","h":"Est","s":"25N-H54NV20I-80-I"},{"r":"186","t":"05:17:59","h":"Est","s":"25S-H54S000I-82-I"},{"r":"186","t":"05:17:59","h":"Est","s":"25S-H54S100F-80-F1"},{"r":"186","t":"05:17:59","h":"Est","s":"25S-H54S200F-80-F2"},{"r":"186","t":"05:19:29","h":"Est","s":"25N-H54N000S-80-S"},{"r":"186","t":"05:19:29","h":"Est","s":"25N-H54NV10S-82-S"},{"r":"186","t":"05:19:29","h":"Est","s":"25N-H54NV20S-80-S"},{"r":"186","t":"05:19:29","h":"Est","s":"25S-H54S000S-82-S"},{"r":"186","t":"05:43:29","h":"Est","s":"25N-H54N000S-80-S"},{"r":"186","t":"05:43:29","h":"Est","s":"25N-H54NV10S-82-S"},{"r":"186","t":"05:43:29","h":"Est","s":"25N-H54NV20S-80-S"},{"r":"186","t":"05:43:29","h":"Est","s":"25S-H54S000S-82-S"},{"r":"186","t":"05:46:59","h":"Est","s":"25N-H54N000A-80-A"},{"r":"186","t":"05:46:59","h":"Est","s":"25N-H54NV10A-80-A"},{"r":"186","t":"05:46:59","h":"Est","s":"25N-H54NV20A-80-A"},{"r":"186","t":"05:46:59","h":"Est","s":"25S-H54S000A-83-A"},{"r":"186","t":"05:47:59","h":"Est","s":"25N-H54N000I-80-I"},{"r":"186","t":"05:47:59","h":"Est","s":"25N-H54N100F-80-F1"},{"r":"186","t":"05:47:59","h":"Est","s":"25N-H54N200F-80-F2"},{"r":"186","t":"05:47:59","h":"Est","s":"25N-H54N300F-80-F3"},{"r":"186","t":"05:47:59","h":"Est","s":"25N-H54N400F-80-F4"},{"r":"186","t":"05:47:59","h":"Est","s":"25N-H54NV10I-80-I"},{"r":"186","t":"05:47:59","h":"Est","s":"25N-H54NV20I-80-I"},{"r":"186","t":"05:47:59","h":"Est","s":"25S-H54S000I-82-I"},{"r":"186","t":"05:47:59","h":"Est","s":"25S-H54S100F-80-F1"},{"r":"186","t":"05:47:59","h":"Est","s":"25S-H54S200F-80-F2"},{"r":"186","t":"06:16:58","h":"Est","s":"25N-H54N000S-80-S"},{"r":"186","t":"06:16:58","h":"Est","s":"25N-H54NV10S-82-S"},{"r":"186","t":"06:16:58","h":"Est","s":"25N-H54NV20S-80-S"},{"r":"186","t":"06:16:58","h":"Est","s":"25S-H54S000S-82-S"},{"r":"186","t":"06:18:29","h":"Est","s":"25N-H54N000A-80-A"},{"r":"186","t":"06:18:29","h":"Est","s":"25N-H54NV10A-80-A"},{"r":"186","t":"06:18:29","h":"Est","s":"25N-H54NV20A-80-A"},{"r":"186","t":"06:18:29","h":"Est","s":"25S-H54S000A-83-A"},{"r":"186","t":"06:18:59","h":"Est","s":"25N-H54N000I-80-I"},{"r":"186","t":"06:18:59","h":"Est","s":"25N-H54N100F-80-F1"},{"r":"186","t":"06:18:59","h":"Est","s":"25N-H54N200F-80-F2"},{"r":"186","t":"06:18:59","h":"Est","s":"25N-H54N300F-80-F3"},{"r":"186","t":"06:18:59","h":"Est","s":"25N-H54N400F-80-F4"},{"r":"186","t":"06:18:59","h":"Est","s":"25N-H54NV10I-80-I"},{"r":"186","t":"06:18:59","h":"Est","s":"25N-H54NV20I-80-I"},{"r":"186","t":"06:18:59","h":"Est","s":"25S-H54S000I-82-I"},{"r":"186","t":"06:18:59","h":"Est","s":"25S-H54S100F-80-F1"},{"r":"186","t":"06:18:59","h":"Est","s":"25S-H54S200F-80-F2"},{"r":"186","t":"06:46:58","h":"Est","s":"25N-H54N000S-80-S"},{"r":"186","t":"06:46:58","h":"Est","s":"25N-H54NV10S-82-S"},{"r":"186","t":"06:46:58","h":"Est","s":"25N-H54NV20S-80-S"},{"r":"186","t":"06:46:58","h":"Est","s":"25S-H54S000S-82-S"},{"r":"186","t":"06:49:29","h":"Est","s":"25N-H54N000A-80-A"},{"r":"186","t":"06:49:29","h":"Est","s":"25N-H54NV10A-80-A"},{"r":"186","t":"06:49:29","h":"Est","s":"25N-H54NV20A-80-A"},{"r":"186","t":"06:49:29","h":"Est","s":"25S-H54S000A-83-A"},{"r":"186","t":"06:49:59","h":"Est","s":"25N-H54N000I-80-I"},{"r":"186","t":"06:49:59","h":"Est","s":"25N-H54N100F-80-F1"},{"r":"186","t":"06:49:59","h":"Est","s":"25N-H54N200F-80-F2"},{"r":"186","t":"06:49:59","h":"Est","s":"25N-H54N300F-80-F3"},{"r":"186","t":"06:49:59","h":"Est","s":"25N-H54N400F-80-F4"},{"r":"186","t":"06:49:59","h":"Est","s":"25N-H54NV10I-80-I"},{"r":"186","t":"06:49:59","h":"Est","s":"25N-H54NV20I-80-I"},{"r":"186","t":"06:49:59","h":"Est","s":"25S-H54S000I-82-I"},{"r":"186","t":"06:49:59","h":"Est","s":"25S-H54S100F-80-F1"},{"r":"186","t":"06:49:59","h":"Est","s":"25S-H54S200F-80-F2"},{"r":"186","t":"07:16:28","h":"Est","s":"25N-H54N000S-80-S"},{"r":"186","t":"07:16:28","h":"Est","s":"25N-H54NV10S-82-S"},{"r":"186","t":"07:16:28","h":"Est","s":"25N-H54NV20S-80-S"},{"r":"186","t":"07:16:28","h":"Est","s":"25S-H54S000S-82-S"},{"r":"186","t":"07:20:29","h":"Est","s":"25N-H54N000A-80-A"},{"r":"186","t":"07:20:29","h":"Est","s":"25N-H54NV10A-80-A"},{"r":"186","t":"07:20:29","h":"Est","s":"25N-H54NV20A-80-A"},{"r":"186","t":"07:20:29","h":"Est","s":"25S-H54S000A-83-A"},{"r":"186","t":"07:20:59","h":"Est","s":"25N-H54N000I-80-I"},{"r":"186","t":"07:20:59","h":"Est","s":"25N-H54N100F-80-F1"},{"r":"186","t":"07:20:59","h":"Est","s":"25N-H54N200F-80-F2"},{"r":"186","t":"07:20:59","h":"Est","s":"25N-H54N300F-80-F3"},{"r":"186","t":"07:20:59","h":"Est","s":"25N-H54N400F-80-F4"},{"r":"186","t":"07:20:59","h":"Est","s":"25N-H54NV10I-80-I"},{"r":"186","t":"07:20:59","h":"Est","s":"25N-H54NV20I-80-I"},{"r":"186","t":"07:20:59","h":"Est","s":"25S-H54S000I-82-I"},{"r":"186","t":"07:20:59","h":"Est","s":"25S-H54S100F-80-F1"},{"r":"186","t":"07:20:59","h":"Est","s":"25S-H54S200F-80-F2"},{"r":"186","t":"07:44:28","h":"Est","s":"25N-H54N000S-80-S"},{"r":"186","t":"07:44:28","h":"Est","s":"25N-H54NV10S-82-S"},{"r":"186","t":"07:44:28","h":"Est","s":"25N-H54NV20S-80-S"},{"r":"186","t":"07:44:28","h":"Est","s":"25S-H54S000S-82-S"},{"r":"186","t":"07:52:58","h":"Est","s":"25N-H54N000A-80-A"},{"r":"186","t":"07:52:58","h":"Est","s":"25N-H54NV10A-80-A"},{"r":"186","t":"07:52:58","h":"Est","s":"25N-H54NV20A-80-A"},{"r":"186","t":"07:52:58","h":"Est","s":"25S-H54S000A-83-A"},{"r":"186","t":"07:52:59","h":"Est","s":"25N-H54N000I-80-I"},{"r":"186","t":"07:52:59","h":"Est","s":"25N-H54N100F-80-F1"},{"r":"186","t":"07:52:59","h":"Est","s":"25N-H54N200F-80-F2"},{"r":"186","t":"07:52:59","h":"Est","s":"25N-H54N300F-80-F3"},{"r":"186","t":"07:52:59","h":"Est","s":"25N-H54N400F-80-F4"},{"r":"186","t":"07:52:59","h":"Est","s":"25N-H54NV10I-80-I"},{"r":"186","t":"07:52:59","h":"Est","s":"25N-H54NV20I-80-I"},{"r":"186","t":"07:52:59","h":"Est","s":"25S-H54S000I-82-I"},{"r":"186","t":"07:52:59","h":"Est","s":"25S-H54S100F-80-F1"},{"r":"186","t":"07:52:59","h":"Est","s":"25S-H54S200F-80-F2"},{"r":"186","t":"08:14:28","h":"Est","s":"25N-H54N000S-80-S"},{"r":"186","t":"08:14:28","h":"Est","s":"25N-H54NV10S-82-S"},{"r":"186","t":"08:14:28","h":"Est","s":"25N-H54NV20S-80-S"},{"r":"186","t":"08:14:28","h":"Est","s":"25S-H54S000S-82-S"},{"r":"186","t":"08:22:58","h":"Est","s":"25N-H54N000A-80-A"},{"r":"186","t":"08:22:58","h":"Est","s":"25N-H54NV10A-80-A"},{"r":"186","t":"08:22:58","h":"Est","s":"25N-H54NV20A-80-A"},{"r":"186","t":"08:22:58","h":"Est","s":"25S-H54S000A-83-A"},{"r":"186","t":"08:24:59","h":"Est","s":"25N-H54N000I-80-I"},{"r":"186","t":"08:24:59","h":"Est","s":"25N-H54N100F-80-F1"},{"r":"186","t":"08:24:59","h":"Est","s":"25N-H54N200F-80-F2"},{"r":"186","t":"08:24:59","h":"Est","s":"25N-H54N300F-80-F3"},{"r":"186","t":"08:24:59","h":"Est","s":"25N-H54N400F-80-F4"},{"r":"186","t":"08:24:59","h":"Est","s":"25N-H54NV10I-80-I"},{"r":"186","t":"08:24:59","h":"Est","s":"25N-H54NV20I-80-I"},{"r":"186","t":"08:24:59","h":"Est","s":"25S-H54S000I-82-I"},{"r":"186","t":"08:24:59","h":"Est","s":"25S-H54S100F-80-F1"},{"r":"186","t":"08:24:59","h":"Est","s":"25S-H54S200F-80-F2"},{"r":"186","t":"08:44:28","h":"Est","s":"25N-H54N000S-80-S"},{"r":"186","t":"08:44:28","h":"Est","s":"25N-H54NV10S-82-S"},{"r":"186","t":"08:44:28","h":"Est","s":"25N-H54NV20S-80-S"},{"r":"186","t":"08:44:28","h":"Est","s":"25S-H54S000S-82-S"},{"r":"186","t":"08:52:58","h":"Est","s":"25N-H54N000A-80-A"},{"r":"186","t":"08:52:58","h":"Est","s":"25N-H54NV10A-80-A"},{"r":"186","t":"08:52:58","h":"Est","s":"25N-H54NV20A-80-A"},{"r":"186","t":"08:52:58","h":"Est","s":"25S-H54S000A-83-A"},{"r":"186","t":"08:56:59","h":"Est","s":"25N-H54N000I-80-I"},{"r":"186","t":"08:56:59","h":"Est","s":"25N-H54N100F-80-F1"},{"r":"186","t":"08:56:59","h":"Est","s":"25N-H54N200F-80-F2"},{"r":"186","t":"08:56:59","h":"Est","s":"25N-H54N300F-80-F3"},{"r":"186","t":"08:56:59","h":"Est","s":"25N-H54N400F-80-F4"},{"r":"186","t":"08:56:59","h":"Est","s":"25N-H54NV10I-80-I"},{"r":"186","t":"08:56:59","h":"Est","s":"25N-H54NV20I-80-I"},{"r":"186","t":"08:56:59","h":"Est","s":"25S-H54S000I-82-I"},{"r":"186","t":"08:56:59","h":"Est","s":"25S-H54S100F-80-F1"},{"r":"186","t":"08:56:59","h":"Est","s":"25S-H54S200F-80-F2"},{"r":"186","t":"09:13:28","h":"Est","s":"25N-H54N000S-80-S"},{"r":"186","t":"09:13:28","h":"Est","s":"25N-H54NV10S-82-S"},{"r":"186","t":"09:13:28","h":"Est","s":"25N-H54NV20S-80-S"},{"r":"186","t":"09:13:28","h":"Est","s":"25S-H54S000S-82-S"},{"r":"186","t":"09:22:58","h":"Est","s":"25N-H54N000A-80-A"},{"r":"186","t":"09:22:58","h":"Est","s":"25N-H54NV10A-80-A"},{"r":"186","t":"09:22:58","h":"Est","s":"25N-H54NV20A-80-A"},{"r":"186","t":"09:22:58","h":"Est","s":"25S-H54S000A-83-A"},{"r":"186","t":"09:25:59","h":"Est","s":"25N-H54N000I-80-I"},{"r":"186","t":"09:25:59","h":"Est","s":"25N-H54N100F-80-F1"},{"r":"186","t":"09:25:59","h":"Est","s":"25N-H54N200F-80-F2"},{"r":"186","t":"09:25:59","h":"Est","s":"25N-H54N300F-80-F3"},{"r":"186","t":"09:25:59","h":"Est","s":"25N-H54N400F-80-F4"},{"r":"186","t":"09:25:59","h":"Est","s":"25N-H54NV10I-80-I"},{"r":"186","t":"09:25:59","h":"Est","s":"25N-H54NV20I-80-I"},{"r":"186","t":"09:25:59","h":"Est","s":"25S-H54S000I-82-I"},{"r":"186","t":"09:25:59","h":"Est","s":"25S-H54S100F-80-F1"},{"r":"186","t":"09:25:59","h":"Est","s":"25S-H54S200F-80-F2"},{"r":"186","t":"09:42:28","h":"Est","s":"25N-H54N000S-80-S"},{"r":"186","t":"09:42:28","h":"Est","s":"25N-H54NV10S-82-S"},{"r":"186","t":"09:42:28","h":"Est","s":"25N-H54NV20S-80-S"},{"r":"186","t":"09:42:28","h":"Est","s":"25S-H54S000S-82-S"},{"r":"186","t":"09:52:58","h":"Est","s":"25N-H54N000A-80-A"},{"r":"186","t":"09:52:58","h":"Est","s":"25N-H54NV10A-80-A"},{"r":"186","t":"09:52:58","h":"Est","s":"25N-H54NV20A-80-A"},{"r":"186","t":"09:52:58","h":"Est","s":"25S-H54S000A-83-A"},{"r":"186","t":"09:55:29","h":"Est","s":"25N-H54N000I-80-I"},{"r":"186","t":"09:55:29","h":"Est","s":"25N-H54N100F-80-F1"},{"r":"186","t":"09:55:29","h":"Est","s":"25N-H54N200F-80-F2"},{"r":"186","t":"09:55:29","h":"Est","s":"25N-H54N300F-80-F3"},{"r":"186","t":"09:55:29","h":"Est","s":"25N-H54N400F-80-F4"},{"r":"186","t":"09:55:29","h":"Est","s":"25N-H54NV10I-80-I"},{"r":"186","t":"09:55:29","h":"Est","s":"25N-H54NV20I-80-I"},{"r":"186","t":"09:55:29","h":"Est","s":"25S-H54S000I-82-I"},{"r":"186","t":"09:55:29","h":"Est","s":"25S-H54S100F-80-F1"},{"r":"186","t":"09:55:29","h":"Est","s":"25S-H54S200F-80-F2"},{"r":"186","t":"10:12:28","h":"Est","s":"25N-H54N000S-80-S"},{"r":"186","t":"10:12:28","h":"Est","s":"25N-H54NV10S-82-S"},{"r":"186","t":"10:12:28","h":"Est","s":"25N-H54NV20S-80-S"},{"r":"186","t":"10:12:28","h":"Est","s":"25S-H54S000S-82-S"},{"r":"186","t":"10:23:29","h":"Est","s":"25N-H54N000I-80-I"},{"r":"186","t":"10:23:29","h":"Est","s":"25N-H54N100F-80-F1"},{"r":"186","t":"10:23:29","h":"Est","s":"25N-H54N200F-80-F2"},{"r":"186","t":"10:23:29","h":"Est","s":"25N-H54N300F-80-F3"},{"r":"186","t":"10:23:29","h":"Est","s":"25N-H54N400F-80-F4"},{"r":"186","t":"10:23:29","h":"Est","s":"25N-H54NV10I-80-I"},{"r":"186","t":"10:23:29","h":"Est","s":"25N-H54NV20I-80-I"},{"r":"186","t":"10:23:29","h":"Est","s":"25S-H54S000I-82-I"},{"r":"186","t":"10:23:29","h":"Est","s":"25S-H54S100F-80-F1"},{"r":"186","t":"10:23:29","h":"Est","s":"25S-H54S200F-80-F2"},{"r":"186","t":"10:24:58","h":"Est","s":"25N-H54N000A-80-A"},{"r":"186","t":"10:24:58","h":"Est","s":"25N-H54NV10A-80-A"},{"r":"186","t":"10:24:58","h":"Est","s":"25N-H54NV20A-80-A"},{"r":"186","t":"10:24:58","h":"Est","s":"25S-H54S000A-83-A"},{"r":"186","t":"10:42:28","h":"Est","s":"25N-H54N000S-80-S"},{"r":"186","t":"10:42:28","h":"Est","s":"25N-H54NV10S-82-S"},{"r":"186","t":"10:42:28","h":"Est","s":"25N-H54NV20S-80-S"},{"r":"186","t":"10:42:28","h":"Est","s":"25S-H54S000S-82-S"},{"r":"186","t":"10:53:29","h":"Est","s":"25N-H54N000I-80-I"},{"r":"186","t":"10:53:29","h":"Est","s":"25N-H54N100F-80-F1"},{"r":"186","t":"10:53:29","h":"Est","s":"25N-H54N200F-80-F2"},{"r":"186","t":"10:53:29","h":"Est","s":"25N-H54N300F-80-F3"},{"r":"186","t":"10:53:29","h":"Est","s":"25N-H54N400F-80-F4"},{"r":"186","t":"10:53:29","h":"Est","s":"25N-H54NV10I-80-I"},{"r":"186","t":"10:53:29","h":"Est","s":"25N-H54NV20I-80-I"},{"r":"186","t":"10:53:29","h":"Est","s":"25S-H54S000I-82-I"},{"r":"186","t":"10:53:29","h":"Est","s":"25S-H54S100F-80-F1"},{"r":"186","t":"10:53:29","h":"Est","s":"25S-H54S200F-80-F2"},{"r":"186","t":"10:57:58","h":"Est","s":"25N-H54N000A-80-A"},{"r":"186","t":"10:57:58","h":"Est","s":"25N-H54NV10A-80-A"},{"r":"186","t":"10:57:58","h":"Est","s":"25N-H54NV20A-80-A"},{"r":"186","t":"10:57:58","h":"Est","s":"25S-H54S000A-83-A"},{"r":"186","t":"11:12:28","h":"Est","s":"25N-H54N000S-80-S"},{"r":"186","t":"11:12:28","h":"Est","s":"25N-H54NV10S-82-S"},{"r":"186","t":"11:12:28","h":"Est","s":"25N-H54NV20S-80-S"},{"r":"186","t":"11:12:28","h":"Est","s":"25S-H54S000S-82-S"},{"r":"186","t":"11:23:29","h":"Est","s":"25N-H54N000I-80-I"},{"r":"186","t":"11:23:29","h":"Est","s":"25N-H54N100F-80-F1"},{"r":"186","t":"11:23:29","h":"Est","s":"25N-H54N200F-80-F2"},{"r":"186","t":"11:23:29","h":"Est","s":"25N-H54N300F-80-F3"},{"r":"186","t":"11:23:29","h":"Est","s":"25N-H54N400F-80-F4"},{"r":"186","t":"11:23:29","h":"Est","s":"25N-H54NV10I-80-I"},{"r":"186","t":"11:23:29","h":"Est","s":"25N-H54NV20I-80-I"},{"r":"186","t":"11:23:29","h":"Est","s":"25S-H54S000I-82-I"},{"r":"186","t":"11:23:29","h":"Est","s":"25S-H54S100F-80-F1"},{"r":"186","t":"11:23:29","h":"Est","s":"25S-H54S200F-80-F2"},{"r":"186","t":"11:30:58","h":"Est","s":"25N-H54N000A-80-A"},{"r":"186","t":"11:30:58","h":"Est","s":"25N-H54NV10A-80-A"},{"r":"186","t":"11:30:58","h":"Est","s":"25N-H54NV20A-80-A"},{"r":"186","t":"11:30:58","h":"Est","s":"25S-H54S000A-83-A"},{"r":"186","t":"11:39:28","h":"Est","s":"25N-H54N000S-80-S"},{"r":"186","t":"11:39:28","h":"Est","s":"25N-H54NV10S-82-S"},{"r":"186","t":"11:39:28","h":"Est","s":"25N-H54NV20S-80-S"},{"r":"186","t":"11:39:28","h":"Est","s":"25S-H54S000S-82-S"},{"r":"186","t":"11:53:29","h":"Est","s":"25N-H54N000I-80-I"},{"r":"186","t":"11:53:29","h":"Est","s":"25N-H54N100F-80-F1"},{"r":"186","t":"11:53:29","h":"Est","s":"25N-H54N200F-80-F2"},{"r":"186","t":"11:53:29","h":"Est","s":"25N-H54N300F-80-F3"},{"r":"186","t":"11:53:29","h":"Est","s":"25N-H54N400F-80-F4"},{"r":"186","t":"11:53:29","h":"Est","s":"25N-H54NV10I-80-I"},{"r":"186","t":"11:53:29","h":"Est","s":"25N-H54NV20I-80-I"},{"r":"186","t":"11:53:29","h":"Est","s":"25S-H54S000I-82-I"},{"r":"186","t":"11:53:29","h":"Est","s":"25S-H54S100F-80-F1"},{"r":"186","t":"11:53:29","h":"Est","s":"25S-H54S200F-80-F2"},{"r":"186","t":"12:03:58","h":"Est","s":"25N-H54N000A-80-A"},{"r":"186","t":"12:03:58","h":"Est","s":"25N-H54NV10A-80-A"},{"r":"186","t":"12:03:58","h":"Est","s":"25N-H54NV20A-80-A"},{"r":"186","t":"12:03:58","h":"Est","s":"25S-H54S000A-83-A"},{"r":"186","t":"12:04:28","h":"Est","s":"25N-H54N000S-80-S"},{"r":"186","t":"12:04:28","h":"Est","s":"25N-H54NV10S-82-S"},{"r":"186","t":"12:04:28","h":"Est","s":"25N-H54NV20S-80-S"},{"r":"186","t":"12:04:28","h":"Est","s":"25S-H54S000S-82-S"},{"r":"186","t":"12:19:28","h":"Est","s":"25N-H54N000S-80-S"},{"r":"186","t":"12:19:28","h":"Est","s":"25N-H54NV10S-82-S"},{"r":"186","t":"12:19:28","h":"Est","s":"25N-H54NV20S-80-S"},{"r":"186","t":"12:19:28","h":"Est","s":"25S-H54S000S-82-S"},{"r":"186","t":"12:22:29","h":"Est","s":"25N-H54N000I-80-I"},{"r":"186","t":"12:22:29","h":"Est","s":"25N-H54N100F-80-F1"},{"r":"186","t":"12:22:29","h":"Est","s":"25N-H54N200F-80-F2"},{"r":"186","t":"12:22:29","h":"Est","s":"25N-H54N300F-80-F3"},{"r":"186","t":"12:22:29","h":"Est","s":"25N-H54N400F-80-F4"},{"r":"186","t":"12:22:29","h":"Est","s":"25N-H54NV10I-80-I"},{"r":"186","t":"12:22:29","h":"Est","s":"25N-H54NV20I-80-I"},{"r":"186","t":"12:22:29","h":"Est","s":"25S-H54S000I-82-I"},{"r":"186","t":"12:22:29","h":"Est","s":"25S-H54S100F-80-F1"},{"r":"186","t":"12:22:29","h":"Est","s":"25S-H54S200F-80-F2"},{"r":"186","t":"12:34:28","h":"Est","s":"25N-H54N000S-80-S"},{"r":"186","t":"12:34:28","h":"Est","s":"25N-H54NV10S-82-S"},{"r":"186","t":"12:34:28","h":"Est","s":"25N-H54NV20S-80-S"},{"r":"186","t":"12:34:28","h":"Est","s":"25S-H54S000S-82-S"},{"r":"186","t":"12:35:58","h":"Est","s":"25N-H54N000A-80-A"},{"r":"186","t":"12:35:58","h":"Est","s":"25N-H54NV10A-80-A"},{"r":"186","t":"12:35:58","h":"Est","s":"25N-H54NV20A-80-A"},{"r":"186","t":"12:35:58","h":"Est","s":"25S-H54S000A-83-A"},{"r":"186","t":"12:51:29","h":"Est","s":"25N-H54N000I-80-I"},{"r":"186","t":"12:51:29","h":"Est","s":"25N-H54N100F-80-F1"},{"r":"186","t":"12:51:29","h":"Est","s":"25N-H54N200F-80-F2"},{"r":"186","t":"12:51:29","h":"Est","s":"25N-H54N300F-80-F3"},{"r":"186","t":"12:51:29","h":"Est","s":"25N-H54N400F-80-F4"},{"r":"186","t":"12:51:29","h":"Est","s":"25N-H54NV10I-80-I"},{"r":"186","t":"12:51:29","h":"Est","s":"25N-H54NV20I-80-I"},{"r":"186","t":"12:51:29","h":"Est","s":"25S-H54S000I-82-I"},{"r":"186","t":"12:51:29","h":"Est","s":"25S-H54S100F-80-F1"},{"r":"186","t":"12:51:29","h":"Est","s":"25S-H54S200F-80-F2"},{"r":"186","t":"12:54:28","h":"Est","s":"25N-H54N000S-80-S"},{"r":"186","t":"12:54:28","h":"Est","s":"25N-H54NV10S-82-S"},{"r":"186","t":"12:54:28","h":"Est","s":"25N-H54NV20S-80-S"},{"r":"186","t":"12:54:28","h":"Est","s":"25S-H54S000S-82-S"},{"r":"186","t":"13:01:58","h":"Est","s":"25N-H54N000A-80-A"},{"r":"186","t":"13:01:58","h":"Est","s":"25N-H54NV10A-80-A"},{"r":"186","t":"13:01:58","h":"Est","s":"25N-H54NV20A-80-A"},{"r":"186","t":"13:01:58","h":"Est","s":"25S-H54S000A-83-A"},{"r":"186","t":"13:14:28","h":"Est","s":"25N-H54N000S-80-S"},{"r":"186","t":"13:14:28","h":"Est","s":"25N-H54NV10S-82-S"},{"r":"186","t":"13:14:28","h":"Est","s":"25N-H54NV20S-80-S"},{"r":"186","t":"13:14:28","h":"Est","s":"25S-H54S000S-82-S"},{"r":"186","t":"13:20:29","h":"Est","s":"25N-H54N000I-80-I"},{"r":"186","t":"13:20:29","h":"Est","s":"25N-H54N100F-80-F1"},{"r":"186","t":"13:20:29","h":"Est","s":"25N-H54N200F-80-F2"},{"r":"186","t":"13:20:29","h":"Est","s":"25N-H54N300F-80-F3"},{"r":"186","t":"13:20:29","h":"Est","s":"25N-H54N400F-80-F4"},{"r":"186","t":"13:20:29","h":"Est","s":"25N-H54NV10I-80-I"},{"r":"186","t":"13:20:29","h":"Est","s":"25N-H54NV20I-80-I"},{"r":"186","t":"13:20:29","h":"Est","s":"25S-H54S000I-82-I"},{"r":"186","t":"13:20:29","h":"Est","s":"25S-H54S100F-80-F1"},{"r":"186","t":"13:20:29","h":"Est","s":"25S-H54S200F-80-F2"},{"r":"186","t":"13:22:58","h":"Est","s":"25N-H54N000A-80-A"},{"r":"186","t":"13:22:58","h":"Est","s":"25N-H54NV10A-80-A"},{"r":"186","t":"13:22:58","h":"Est","s":"25N-H54NV20A-80-A"},{"r":"186","t":"13:22:58","h":"Est","s":"25S-H54S000A-83-A"},{"r":"186","t":"13:33:28","h":"Est","s":"25N-H54N000S-80-S"},{"r":"186","t":"13:33:28","h":"Est","s":"25N-H54NV10S-82-S"},{"r":"186","t":"13:33:28","h":"Est","s":"25N-H54NV20S-80-S"},{"r":"186","t":"13:33:28","h":"Est","s":"25S-H54S000S-82-S"},{"r":"186","t":"13:42:58","h":"Est","s":"25N-H54N000A-80-A"},{"r":"186","t":"13:42:58","h":"Est","s":"25N-H54NV10A-80-A"},{"r":"186","t":"13:42:58","h":"Est","s":"25N-H54NV20A-80-A"},{"r":"186","t":"13:42:58","h":"Est","s":"25S-H54S000A-83-A"},{"r":"186","t":"13:49:29","h":"Est","s":"25N-H54N000I-80-I"},{"r":"186","t":"13:49:29","h":"Est","s":"25N-H54N100F-80-F1"},{"r":"186","t":"13:49:29","h":"Est","s":"25N-H54N200F-80-F2"},{"r":"186","t":"13:49:29","h":"Est","s":"25N-H54N300F-80-F3"},{"r":"186","t":"13:49:29","h":"Est","s":"25N-H54N400F-80-F4"},{"r":"186","t":"13:49:29","h":"Est","s":"25N-H54NV10I-80-I"},{"r":"186","t":"13:49:29","h":"Est","s":"25N-H54NV20I-80-I"},{"r":"186","t":"13:49:29","h":"Est","s":"25S-H54S000I-82-I"},{"r":"186","t":"13:49:29","h":"Est","s":"25S-H54S100F-80-F1"},{"r":"186","t":"13:49:29","h":"Est","s":"25S-H54S200F-80-F2"},{"r":"186","t":"13:56:28","h":"Est","s":"25N-H54N000S-80-S"},{"r":"186","t":"13:56:28","h":"Est","s":"25N-H54NV10S-82-S"},{"r":"186","t":"13:56:28","h":"Est","s":"25N-H54NV20S-80-S"},{"r":"186","t":"13:56:28","h":"Est","s":"25S-H54S000S-82-S"},{"r":"186","t":"14:02:58","h":"Est","s":"25N-H54N000A-80-A"},{"r":"186","t":"14:02:58","h":"Est","s":"25N-H54NV10A-80-A"},{"r":"186","t":"14:02:58","h":"Est","s":"25N-H54NV20A-80-A"},{"r":"186","t":"14:02:58","h":"Est","s":"25S-H54S000A-83-A"},{"r":"186","t":"14:17:29","h":"Est","s":"25N-H54N000I-80-I"},{"r":"186","t":"14:17:29","h":"Est","s":"25N-H54N100F-80-F1"},{"r":"186","t":"14:17:29","h":"Est","s":"25N-H54N200F-80-F2"},{"r":"186","t":"14:17:29","h":"Est","s":"25N-H54N300F-80-F3"},{"r":"186","t":"14:17:29","h":"Est","s":"25N-H54N400F-80-F4"},{"r":"186","t":"14:17:29","h":"Est","s":"25N-H54NV10I-80-I"},{"r":"186","t":"14:17:29","h":"Est","s":"25N-H54NV20I-80-I"},{"r":"186","t":"14:17:29","h":"Est","s":"25S-H54S000I-82-I"},{"r":"186","t":"14:17:29","h":"Est","s":"25S-H54S100F-80-F1"},{"r":"186","t":"14:17:29","h":"Est","s":"25S-H54S200F-80-F2"},{"r":"186","t":"14:18:28","h":"Est","s":"25N-H54N000S-80-S"},{"r":"186","t":"14:18:28","h":"Est","s":"25N-H54NV10S-82-S"},{"r":"186","t":"14:18:28","h":"Est","s":"25N-H54NV20S-80-S"},{"r":"186","t":"14:18:28","h":"Est","s":"25S-H54S000S-82-S"},{"r":"186","t":"14:22:58","h":"Est","s":"25N-H54N000A-80-A"},{"r":"186","t":"14:22:58","h":"Est","s":"25N-H54NV10A-80-A"},{"r":"186","t":"14:22:58","h":"Est","s":"25N-H54NV20A-80-A"},{"r":"186","t":"14:22:58","h":"Est","s":"25S-H54S000A-83-A"},{"r":"186","t":"14:40:28","h":"Est","s":"25N-H54N000S-80-S"},{"r":"186","t":"14:40:28","h":"Est","s":"25N-H54NV10S-82-S"},{"r":"186","t":"14:40:28","h":"Est","s":"25N-H54NV20S-80-S"},{"r":"186","t":"14:40:28","h":"Est","s":"25S-H54S000S-82-S"},{"r":"186","t":"14:41:58","h":"Est","s":"25N-H54N000A-80-A"},{"r":"186","t":"14:41:58","h":"Est","s":"25N-H54NV10A-80-A"},{"r":"186","t":"14:41:58","h":"Est","s":"25N-H54NV20A-80-A"},{"r":"186","t":"14:41:58","h":"Est","s":"25S-H54S000A-83-A"},{"r":"186","t":"14:45:29","h":"Est","s":"25N-H54N000I-80-I"},{"r":"186","t":"14:45:29","h":"Est","s":"25N-H54N100F-80-F1"},{"r":"186","t":"14:45:29","h":"Est","s":"25N-H54N200F-80-F2"},{"r":"186","t":"14:45:29","h":"Est","s":"25N-H54N300F-80-F3"},{"r":"186","t":"14:45:29","h":"Est","s":"25N-H54N400F-80-F4"},{"r":"186","t":"14:45:29","h":"Est","s":"25N-H54NV10I-80-I"},{"r":"186","t":"14:45:29","h":"Est","s":"25N-H54NV20I-80-I"},{"r":"186","t":"14:45:29","h":"Est","s":"25S-H54S000I-82-I"},{"r":"186","t":"14:45:29","h":"Est","s":"25S-H54S100F-80-F1"},{"r":"186","t":"14:45:29","h":"Est","s":"25S-H54S200F-80-F2"},{"r":"186","t":"15:00:28","h":"Est","s":"25N-H54N000S-80-S"},{"r":"186","t":"15:00:28","h":"Est","s":"25N-H54NV10S-82-S"},{"r":"186","t":"15:00:28","h":"Est","s":"25N-H54NV20S-80-S"},{"r":"186","t":"15:00:28","h":"Est","s":"25S-H54S000S-82-S"},{"r":"186","t":"15:00:58","h":"Est","s":"25N-H54N000A-80-A"},{"r":"186","t":"15:00:58","h":"Est","s":"25N-H54NV10A-80-A"},{"r":"186","t":"15:00:58","h":"Est","s":"25N-H54NV20A-80-A"},{"r":"186","t":"15:00:58","h":"Est","s":"25S-H54S000A-83-A"},{"r":"186","t":"15:12:29","h":"Est","s":"25N-H54N000I-80-I"},{"r":"186","t":"15:12:29","h":"Est","s":"25N-H54N100F-80-F1"},{"r":"186","t":"15:12:29","h":"Est","s":"25N-H54N200F-80-F2"},{"r":"186","t":"15:12:29","h":"Est","s":"25N-H54N300F-80-F3"},{"r":"186","t":"15:12:29","h":"Est","s":"25N-H54N400F-80-F4"},{"r":"186","t":"15:12:29","h":"Est","s":"25N-H54NV10I-80-I"},{"r":"186","t":"15:12:29","h":"Est","s":"25N-H54NV20I-80-I"},{"r":"186","t":"15:12:29","h":"Est","s":"25S-H54S000I-82-I"},{"r":"186","t":"15:12:29","h":"Est","s":"25S-H54S100F-80-F1"},{"r":"186","t":"15:12:29","h":"Est","s":"25S-H54S200F-80-F2"},{"r":"186","t":"15:15:28","h":"Est","s":"25N-H54N000S-80-S"},{"r":"186","t":"15:15:28","h":"Est","s":"25N-H54NV10S-82-S"},{"r":"186","t":"15:15:28","h":"Est","s":"25N-H54NV20S-80-S"},{"r":"186","t":"15:15:28","h":"Est","s":"25S-H54S000S-82-S"},{"r":"186","t":"15:18:58","h":"Est","s":"25N-H54N000A-80-A"},{"r":"186","t":"15:18:58","h":"Est","s":"25N-H54NV10A-80-A"},{"r":"186","t":"15:18:58","h":"Est","s":"25N-H54NV20A-80-A"},{"r":"186","t":"15:18:58","h":"Est","s":"25S-H54S000A-83-A"},{"r":"186","t":"15:29:28","h":"Est","s":"25N-H54N000S-80-S"},{"r":"186","t":"15:29:28","h":"Est","s":"25N-H54NV10S-82-S"},{"r":"186","t":"15:29:28","h":"Est","s":"25N-H54NV20S-80-S"},{"r":"186","t":"15:29:28","h":"Est","s":"25S-H54S000S-82-S"},{"r":"186","t":"15:35:58","h":"Est","s":"25N-H54N000A-80-A"},{"r":"186","t":"15:35:58","h":"Est","s":"25N-H54NV10A-80-A"},{"r":"186","t":"15:35:58","h":"Est","s":"25N-H54NV20A-80-A"},{"r":"186","t":"15:35:58","h":"Est","s":"25S-H54S000A-83-A"},{"r":"186","t":"15:39:29","h":"Est","s":"25N-H54N000I-80-I"},{"r":"186","t":"15:39:29","h":"Est","s":"25N-H54N100F-80-F1"},{"r":"186","t":"15:39:29","h":"Est","s":"25N-H54N200F-80-F2"},{"r":"186","t":"15:39:29","h":"Est","s":"25N-H54N300F-80-F3"},{"r":"186","t":"15:39:29","h":"Est","s":"25N-H54N400F-80-F4"},{"r":"186","t":"15:39:29","h":"Est","s":"25N-H54NV10I-80-I"},{"r":"186","t":"15:39:29","h":"Est","s":"25N-H54NV20I-80-I"},{"r":"186","t":"15:39:29","h":"Est","s":"25S-H54S000I-82-I"},{"r":"186","t":"15:39:29","h":"Est","s":"25S-H54S100F-80-F1"},{"r":"186","t":"15:39:29","h":"Est","s":"25S-H54S200F-80-F2"},{"r":"186","t":"15:44:28","h":"Est","s":"25N-H54N000S-80-S"},{"r":"186","t":"15:44:28","h":"Est","s":"25N-H54NV10S-82-S"},{"r":"186","t":"15:44:28","h":"Est","s":"25N-H54NV20S-80-S"},{"r":"186","t":"15:44:28","h":"Est","s":"25S-H54S000S-82-S"},{"r":"186","t":"15:53:58","h":"Est","s":"25N-H54N000A-80-A"},{"r":"186","t":"15:53:58","h":"Est","s":"25N-H54NV10A-80-A"},{"r":"186","t":"15:53:58","h":"Est","s":"25N-H54NV20A-80-A"},{"r":"186","t":"15:53:58","h":"Est","s":"25S-H54S000A-83-A"},{"r":"186","t":"15:56:28","h":"Est","s":"25N-H54N000S-80-S"},{"r":"186","t":"15:56:28","h":"Est","s":"25N-H54NV10S-82-S"},{"r":"186","t":"15:56:28","h":"Est","s":"25N-H54NV20S-80-S"},{"r":"186","t":"15:56:28","h":"Est","s":"25S-H54S000S-82-S"},{"r":"186","t":"16:05:29","h":"Est","s":"25N-H54N000I-80-I"},{"r":"186","t":"16:05:29","h":"Est","s":"25N-H54N100F-80-F1"},{"r":"186","t":"16:05:29","h":"Est","s":"25N-H54N200F-80-F2"},{"r":"186","t":"16:05:29","h":"Est","s":"25N-H54N300F-80-F3"},{"r":"186","t":"16:05:29","h":"Est","s":"25N-H54N400F-80-F4"},{"r":"186","t":"16:05:29","h":"Est","s":"25N-H54NV10I-80-I"},{"r":"186","t":"16:05:29","h":"Est","s":"25N-H54NV20I-80-I"},{"r":"186","t":"16:05:29","h":"Est","s":"25S-H54S000I-82-I"},{"r":"186","t":"16:05:29","h":"Est","s":"25S-H54S100F-80-F1"},{"r":"186","t":"16:05:29","h":"Est","s":"25S-H54S200F-80-F2"},{"r":"186","t":"16:08:28","h":"Est","s":"25N-H54N000S-80-S"},{"r":"186","t":"16:08:28","h":"Est","s":"25N-H54NV10S-82-S"},{"r":"186","t":"16:08:28","h":"Est","s":"25N-H54NV20S-80-S"},{"r":"186","t":"16:08:28","h":"Est","s":"25S-H54S000S-82-S"},{"r":"186","t":"16:11:58","h":"Est","s":"25N-H54N000A-80-A"},{"r":"186","t":"16:11:58","h":"Est","s":"25N-H54NV10A-80-A"},{"r":"186","t":"16:11:58","h":"Est","s":"25N-H54NV20A-80-A"},{"r":"186","t":"16:11:58","h":"Est","s":"25S-H54S000A-83-A"},{"r":"186","t":"16:20:28","h":"Est","s":"25N-H54N000S-80-S"},{"r":"186","t":"16:20:28","h":"Est","s":"25N-H54NV10S-82-S"},{"r":"186","t":"16:20:28","h":"Est","s":"25N-H54NV20S-80-S"},{"r":"186","t":"16:20:28","h":"Est","s":"25S-H54S000S-82-S"},{"r":"186","t":"16:28:58","h":"Est","s":"25N-H54N000A-80-A"},{"r":"186","t":"16:28:58","h":"Est","s":"25N-H54NV10A-80-A"},{"r":"186","t":"16:28:58","h":"Est","s":"25N-H54NV20A-80-A"},{"r":"186","t":"16:28:58","h":"Est","s":"25S-H54S000A-83-A"},{"r":"186","t":"16:29:28","h":"Est","s":"25N-H54N000S-80-S"},{"r":"186","t":"16:29:28","h":"Est","s":"25N-H54NV10S-82-S"},{"r":"186","t":"16:29:28","h":"Est","s":"25N-H54NV20S-80-S"},{"r":"186","t":"16:29:28","h":"Est","s":"25S-H54S000S-82-S"},{"r":"186","t":"16:30:29","h":"Est","s":"25N-H54N000I-80-I"},{"r":"186","t":"16:30:29","h":"Est","s":"25N-H54N100F-80-F1"},{"r":"186","t":"16:30:29","h":"Est","s":"25N-H54N200F-80-F2"},{"r":"186","t":"16:30:29","h":"Est","s":"25N-H54N300F-80-F3"},{"r":"186","t":"16:30:29","h":"Est","s":"25N-H54N400F-80-F4"},{"r":"186","t":"16:30:29","h":"Est","s":"25N-H54NV10I-80-I"},{"r":"186","t":"16:30:29","h":"Est","s":"25N-H54NV20I-80-I"},{"r":"186","t":"16:30:29","h":"Est","s":"25S-H54S000I-82-I"},{"r":"186","t":"16:30:29","h":"Est","s":"25S-H54S100F-80-F1"},{"r":"186","t":"16:30:29","h":"Est","s":"25S-H54S200F-80-F2"},{"r":"186","t":"16:39:28","h":"Est","s":"25N-H54N000S-80-S"},{"r":"186","t":"16:39:28","h":"Est","s":"25N-H54NV10S-82-S"},{"r":"186","t":"16:39:28","h":"Est","s":"25N-H54NV20S-80-S"},{"r":"186","t":"16:39:28","h":"Est","s":"25S-H54S000S-82-S"},{"r":"186","t":"16:45:29","h":"Est","s":"25N-H54N000I-80-I"},{"r":"186","t":"16:45:29","h":"Est","s":"25N-H54N100F-80-F1"},{"r":"186","t":"16:45:29","h":"Est","s":"25N-H54N200F-80-F2"},{"r":"186","t":"16:45:29","h":"Est","s":"25N-H54N300F-80-F3"},{"r":"186","t":"16:45:29","h":"Est","s":"25N-H54N400F-80-F4"},{"r":"186","t":"16:45:29","h":"Est","s":"25N-H54NV10I-80-I"},{"r":"186","t":"16:45:29","h":"Est","s":"25N-H54NV20I-80-I"},{"r":"186","t":"16:45:29","h":"Est","s":"25S-H54S000I-82-I"},{"r":"186","t":"16:45:29","h":"Est","s":"25S-H54S100F-80-F1"},{"r":"186","t":"16:45:29","h":"Est","s":"25S-H54S200F-80-F2"},{"r":"186","t":"16:45:58","h":"Est","s":"25N-H54N000A-80-A"},{"r":"186","t":"16:45:58","h":"Est","s":"25N-H54NV10A-80-A"},{"r":"186","t":"16:45:58","h":"Est","s":"25N-H54NV20A-80-A"},{"r":"186","t":"16:45:58","h":"Est","s":"25S-H54S000A-83-A"},{"r":"186","t":"16:49:28","h":"Est","s":"25N-H54N000S-80-S"},{"r":"186","t":"16:49:28","h":"Est","s":"25N-H54NV10S-82-S"},{"r":"186","t":"16:49:28","h":"Est","s":"25N-H54NV20S-80-S"},{"r":"186","t":"16:49:28","h":"Est","s":"25S-H54S000S-82-S"},{"r":"186","t":"16:59:28","h":"Est","s":"25N-H54N000S-80-S"},{"r":"186","t":"16:59:28","h":"Est","s":"25N-H54NV10S-82-S"},{"r":"186","t":"16:59:28","h":"Est","s":"25N-H54NV20S-80-S"},{"r":"186","t":"16:59:28","h":"Est","s":"25S-H54S000S-82-S"},{"r":"186","t":"17:00:29","h":"Est","s":"25N-H54N000I-80-I"},{"r":"186","t":"17:00:29","h":"Est","s":"25N-H54N100F-80-F1"},{"r":"186","t":"17:00:29","h":"Est","s":"25N-H54N200F-80-F2"},{"r":"186","t":"17:00:29","h":"Est","s":"25N-H54N300F-80-F3"},{"r":"186","t":"17:00:29","h":"Est","s":"25N-H54N400F-80-F4"},{"r":"186","t":"17:00:29","h":"Est","s":"25N-H54NV10I-80-I"},{"r":"186","t":"17:00:29","h":"Est","s":"25N-H54NV20I-80-I"},{"r":"186","t":"17:00:29","h":"Est","s":"25S-H54S000I-82-I"},{"r":"186","t":"17:00:29","h":"Est","s":"25S-H54S100F-80-F1"},{"r":"186","t":"17:00:29","h":"Est","s":"25S-H54S200F-80-F2"},{"r":"186","t":"17:02:29","h":"Est","s":"25N-H54N000A-80-A"},{"r":"186","t":"17:02:29","h":"Est","s":"25N-H54NV10A-80-A"},{"r":"186","t":"17:02:29","h":"Est","s":"25N-H54NV20A-80-A"},{"r":"186","t":"17:02:29","h":"Est","s":"25S-H54S000A-83-A"},{"r":"186","t":"17:10:58","h":"Est","s":"25N-H54N000S-80-S"},{"r":"186","t":"17:10:58","h":"Est","s":"25N-H54NV10S-82-S"},{"r":"186","t":"17:10:58","h":"Est","s":"25N-H54NV20S-80-S"},{"r":"186","t":"17:10:58","h":"Est","s":"25S-H54S000S-82-S"},{"r":"186","t":"17:15:29","h":"Est","s":"25N-H54N000I-80-I"},{"r":"186","t":"17:15:29","h":"Est","s":"25N-H54N100F-80-F1"},{"r":"186","t":"17:15:29","h":"Est","s":"25N-H54N200F-80-F2"},{"r":"186","t":"17:15:29","h":"Est","s":"25N-H54N300F-80-F3"},{"r":"186","t":"17:15:29","h":"Est","s":"25N-H54N400F-80-F4"},{"r":"186","t":"17:15:29","h":"Est","s":"25N-H54NV10I-80-I"},{"r":"186","t":"17:15:29","h":"Est","s":"25N-H54NV20I-80-I"},{"r":"186","t":"17:15:29","h":"Est","s":"25S-H54S000I-82-I"},{"r":"186","t":"17:15:29","h":"Est","s":"25S-H54S100F-80-F1"},{"r":"186","t":"17:15:29","h":"Est","s":"25S-H54S200F-80-F2"},{"r":"186","t":"17:19:29","h":"Est","s":"25N-H54N000A-80-A"},{"r":"186","t":"17:19:29","h":"Est","s":"25N-H54NV10A-80-A"},{"r":"186","t":"17:19:29","h":"Est","s":"25N-H54NV20A-80-A"},{"r":"186","t":"17:19:29","h":"Est","s":"25S-H54S000A-83-A"},{"r":"186","t":"17:19:58","h":"Est","s":"25N-H54N000S-80-S"},{"r":"186","t":"17:19:58","h":"Est","s":"25N-H54NV10S-82-S"},{"r":"186","t":"17:19:58","h":"Est","s":"25N-H54NV20S-80-S"},{"r":"186","t":"17:19:58","h":"Est","s":"25S-H54S000S-82-S"},{"r":"186","t":"17:29:58","h":"Est","s":"25N-H54N000S-80-S"},{"r":"186","t":"17:29:58","h":"Est","s":"25N-H54NV10S-82-S"},{"r":"186","t":"17:29:58","h":"Est","s":"25N-H54NV20S-80-S"},{"r":"186","t":"17:29:58","h":"Est","s":"25S-H54S000S-82-S"},{"r":"186","t":"17:30:29","h":"Est","s":"25N-H54N000I-80-I"},{"r":"186","t":"17:30:29","h":"Est","s":"25N-H54N100F-80-F1"},{"r":"186","t":"17:30:29","h":"Est","s":"25N-H54N200F-80-F2"},{"r":"186","t":"17:30:29","h":"Est","s":"25N-H54N300F-80-F3"},{"r":"186","t":"17:30:29","h":"Est","s":"25N-H54N400F-80-F4"},{"r":"186","t":"17:30:29","h":"Est","s":"25N-H54NV10I-80-I"},{"r":"186","t":"17:30:29","h":"Est","s":"25N-H54NV20I-80-I"},{"r":"186","t":"17:30:29","h":"Est","s":"25S-H54S000I-82-I"},{"r":"186","t":"17:30:29","h":"Est","s":"25S-H54S100F-80-F1"},{"r":"186","t":"17:30:29","h":"Est","s":"25S-H54S200F-80-F2"},{"r":"186","t":"17:37:29","h":"Est","s":"25N-H54N000A-80-A"},{"r":"186","t":"17:37:29","h":"Est","s":"25N-H54NV10A-80-A"},{"r":"186","t":"17:37:29","h":"Est","s":"25N-H54NV20A-80-A"},{"r":"186","t":"17:37:29","h":"Est","s":"25S-H54S000A-83-A"},{"r":"186","t":"17:39:58","h":"Est","s":"25N-H54N000S-80-S"},{"r":"186","t":"17:39:58","h":"Est","s":"25N-H54NV10S-82-S"},{"r":"186","t":"17:39:58","h":"Est","s":"25N-H54NV20S-80-S"},{"r":"186","t":"17:39:58","h":"Est","s":"25S-H54S000S-82-S"},{"r":"186","t":"17:45:29","h":"Est","s":"25N-H54N000I-80-I"},{"r":"186","t":"17:45:29","h":"Est","s":"25N-H54N100F-80-F1"},{"r":"186","t":"17:45:29","h":"Est","s":"25N-H54N200F-80-F2"},{"r":"186","t":"17:45:29","h":"Est","s":"25N-H54N300F-80-F3"},{"r":"186","t":"17:45:29","h":"Est","s":"25N-H54N400F-80-F4"},{"r":"186","t":"17:45:29","h":"Est","s":"25N-H54NV10I-80-I"},{"r":"186","t":"17:45:29","h":"Est","s":"25N-H54NV20I-80-I"},{"r":"186","t":"17:45:29","h":"Est","s":"25S-H54S000I-82-I"},{"r":"186","t":"17:45:29","h":"Est","s":"25S-H54S100F-80-F1"},{"r":"186","t":"17:45:29","h":"Est","s":"25S-H54S200F-80-F2"},{"r":"186","t":"17:50:58","h":"Est","s":"25N-H54N000S-80-S"},{"r":"186","t":"17:50:58","h":"Est","s":"25N-H54NV10S-82-S"},{"r":"186","t":"17:50:58","h":"Est","s":"25N-H54NV20S-80-S"},{"r":"186","t":"17:50:58","h":"Est","s":"25S-H54S000S-82-S"},{"r":"186","t":"17:54:29","h":"Est","s":"25N-H54N000A-80-A"},{"r":"186","t":"17:54:29","h":"Est","s":"25N-H54NV10A-80-A"},{"r":"186","t":"17:54:29","h":"Est","s":"25N-H54NV20A-80-A"},{"r":"186","t":"17:54:29","h":"Est","s":"25S-H54S000A-83-A"},{"r":"186","t":"17:59:58","h":"Est","s":"25N-H54N000S-80-S"},{"r":"186","t":"17:59:58","h":"Est","s":"25N-H54NV10S-82-S"},{"r":"186","t":"17:59:58","h":"Est","s":"25N-H54NV20S-80-S"},{"r":"186","t":"17:59:58","h":"Est","s":"25S-H54S000S-82-S"},{"r":"186","t":"18:10:29","h":"Est","s":"25N-H54N000A-80-A"},{"r":"186","t":"18:10:29","h":"Est","s":"25N-H54NV10A-80-A"},{"r":"186","t":"18:10:29","h":"Est","s":"25N-H54NV20A-80-A"},{"r":"186","t":"18:10:29","h":"Est","s":"25S-H54S000A-83-A"},{"r":"186","t":"18:11:29","h":"Est","s":"25N-H54N000I-80-I"},{"r":"186","t":"18:11:29","h":"Est","s":"25N-H54N100F-80-F1"},{"r":"186","t":"18:11:29","h":"Est","s":"25N-H54N200F-80-F2"},{"r":"186","t":"18:11:29","h":"Est","s":"25N-H54N300F-80-F3"},{"r":"186","t":"18:11:29","h":"Est","s":"25N-H54N400F-80-F4"},{"r":"186","t":"18:11:29","h":"Est","s":"25N-H54NV10I-80-I"},{"r":"186","t":"18:11:29","h":"Est","s":"25N-H54NV20I-80-I"},{"r":"186","t":"18:11:29","h":"Est","s":"25S-H54S000I-82-I"},{"r":"186","t":"18:11:29","h":"Est","s":"25S-H54S100F-80-F1"},{"r":"186","t":"18:11:29","h":"Est","s":"25S-H54S200F-80-F2"},{"r":"186","t":"18:15:58","h":"Est","s":"25N-H54N000S-80-S"},{"r":"186","t":"18:15:58","h":"Est","s":"25N-H54NV10S-82-S"},{"r":"186","t":"18:15:58","h":"Est","s":"25N-H54NV20S-80-S"},{"r":"186","t":"18:15:58","h":"Est","s":"25S-H54S000S-82-S"},{"r":"186","t":"18:27:29","h":"Est","s":"25N-H54N000A-80-A"},{"r":"186","t":"18:27:29","h":"Est","s":"25N-H54NV10A-80-A"},{"r":"186","t":"18:27:29","h":"Est","s":"25N-H54NV20A-80-A"},{"r":"186","t":"18:27:29","h":"Est","s":"25S-H54S000A-83-A"},{"r":"186","t":"18:34:58","h":"Est","s":"25N-H55N000S-80-S"},{"r":"186","t":"18:34:58","h":"Est","s":"25N-H55N000S-82-S"},{"r":"186","t":"18:34:58","h":"Est","s":"25N-H55NV10S-85-S"},{"r":"186","t":"18:34:58","h":"Est","s":"25N-H55NV20S-81-S"},{"r":"186","t":"18:34:58","h":"Est","s":"25S-H55S000S-82-S"},{"r":"186","t":"18:37:29","h":"Est","s":"25N-H54N000I-80-I"},{"r":"186","t":"18:37:29","h":"Est","s":"25N-H54N100F-80-F1"},{"r":"186","t":"18:37:29","h":"Est","s":"25N-H54N200F-80-F2"},{"r":"186","t":"18:37:29","h":"Est","s":"25N-H54N300F-80-F3"},{"r":"186","t":"18:37:29","h":"Est","s":"25N-H54N400F-80-F4"},{"r":"186","t":"18:37:29","h":"Est","s":"25N-H54NV10I-80-I"},{"r":"186","t":"18:37:29","h":"Est","s":"25N-H54NV20I-80-I"},{"r":"186","t":"18:37:29","h":"Est","s":"25S-H54S000I-82-I"},{"r":"186","t":"18:37:29","h":"Est","s":"25S-H54S100F-80-F1"},{"r":"186","t":"18:37:29","h":"Est","s":"25S-H54S200F-80-F2"},{"r":"186","t":"18:51:58","h":"Est","s":"25N-H54N000S-80-S"},{"r":"186","t":"18:51:58","h":"Est","s":"25N-H54NV10S-82-S"},{"r":"186","t":"18:51:58","h":"Est","s":"25N-H54NV20S-80-S"},{"r":"186","t":"18:51:58","h":"Est","s":"25S-H54S000S-82-S"},{"r":"186","t":"18:53:29","h":"Est","s":"25N-H54N000A-80-A"},{"r":"186","t":"18:53:29","h":"Est","s":"25N-H54NV10A-80-A"},{"r":"186","t":"18:53:29","h":"Est","s":"25N-H54NV20A-80-A"},{"r":"186","t":"18:53:29","h":"Est","s":"25S-H54S000A-83-A"},{"r":"186","t":"19:03:29","h":"Est","s":"25N-H54N000I-80-I"},{"r":"186","t":"19:03:29","h":"Est","s":"25N-H54N100F-80-F1"},{"r":"186","t":"19:03:29","h":"Est","s":"25N-H54N200F-80-F2"},{"r":"186","t":"19:03:29","h":"Est","s":"25N-H54N300F-80-F3"},{"r":"186","t":"19:03:29","h":"Est","s":"25N-H54N400F-80-F4"},{"r":"186","t":"19:03:29","h":"Est","s":"25N-H54NV10I-80-I"},{"r":"186","t":"19:03:29","h":"Est","s":"25N-H54NV20I-80-I"},{"r":"186","t":"19:03:29","h":"Est","s":"25S-H54S000I-82-I"},{"r":"186","t":"19:03:29","h":"Est","s":"25S-H54S100F-80-F1"},{"r":"186","t":"19:03:29","h":"Est","s":"25S-H54S200F-80-F2"},{"r":"186","t":"19:14:58","h":"Est","s":"25N-H54N000S-80-S"},{"r":"186","t":"19:14:58","h":"Est","s":"25N-H54NV10S-82-S"},{"r":"186","t":"19:14:58","h":"Est","s":"25N-H54NV20S-80-S"},{"r":"186","t":"19:14:58","h":"Est","s":"25S-H54S000S-82-S"},{"r":"186","t":"19:20:29","h":"Est","s":"25N-H54N000A-80-A"},{"r":"186","t":"19:20:29","h":"Est","s":"25N-H54NV10A-80-A"},{"r":"186","t":"19:20:29","h":"Est","s":"25N-H54NV20A-80-A"},{"r":"186","t":"19:20:29","h":"Est","s":"25S-H54S000A-83-A"},{"r":"186","t":"19:29:29","h":"Est","s":"25N-H54N000I-80-I"},{"r":"186","t":"19:29:29","h":"Est","s":"25N-H54N100F-80-F1"},{"r":"186","t":"19:29:29","h":"Est","s":"25N-H54N200F-80-F2"},{"r":"186","t":"19:29:29","h":"Est","s":"25N-H54N300F-80-F3"},{"r":"186","t":"19:29:29","h":"Est","s":"25N-H54N400F-80-F4"},{"r":"186","t":"19:29:29","h":"Est","s":"25N-H54NV10I-80-I"},{"r":"186","t":"19:29:29","h":"Est","s":"25N-H54NV20I-80-I"},{"r":"186","t":"19:29:29","h":"Est","s":"25S-H54S000I-82-I"},{"r":"186","t":"19:29:29","h":"Est","s":"25S-H54S100F-80-F1"},{"r":"186","t":"19:29:29","h":"Est","s":"25S-H54S200F-80-F2"},{"r":"186","t":"19:37:58","h":"Est","s":"25N-H54N000S-80-S"},{"r":"186","t":"19:37:58","h":"Est","s":"25N-H54NV10S-82-S"},{"r":"186","t":"19:37:58","h":"Est","s":"25N-H54NV20S-80-S"},{"r":"186","t":"19:37:58","h":"Est","s":"25S-H54S000S-82-S"},{"r":"186","t":"19:48:29","h":"Est","s":"25N-H54N000A-80-A"},{"r":"186","t":"19:48:29","h":"Est","s":"25N-H54NV10A-80-A"},{"r":"186","t":"19:48:29","h":"Est","s":"25N-H54NV20A-80-A"},{"r":"186","t":"19:48:29","h":"Est","s":"25S-H54S000A-83-A"},{"r":"186","t":"19:53:29","h":"Est","s":"25N-H54N000I-80-I"},{"r":"186","t":"19:53:29","h":"Est","s":"25N-H54N100F-80-F1"},{"r":"186","t":"19:53:29","h":"Est","s":"25N-H54N200F-80-F2"},{"r":"186","t":"19:53:29","h":"Est","s":"25N-H54N300F-80-F3"},{"r":"186","t":"19:53:29","h":"Est","s":"25N-H54N400F-80-F4"},{"r":"186","t":"19:53:29","h":"Est","s":"25N-H54NV10I-80-I"},{"r":"186","t":"19:53:29","h":"Est","s":"25N-H54NV20I-80-I"},{"r":"186","t":"19:53:29","h":"Est","s":"25S-H54S000I-82-I"},{"r":"186","t":"19:53:29","h":"Est","s":"25S-H54S100F-80-F1"},{"r":"186","t":"19:53:29","h":"Est","s":"25S-H54S200F-80-F2"},{"r":"186","t":"19:59:58","h":"Est","s":"25N-H55N000S-80-S"},{"r":"186","t":"19:59:58","h":"Est","s":"25N-H55N000S-82-S"},{"r":"186","t":"19:59:58","h":"Est","s":"25N-H55NV10S-85-S"},{"r":"186","t":"19:59:58","h":"Est","s":"25N-H55NV20S-81-S"},{"r":"186","t":"19:59:58","h":"Est","s":"25S-H55S000S-82-S"},{"r":"186","t":"20:16:29","h":"Est","s":"25N-H54N000A-80-A"},{"r":"186","t":"20:16:29","h":"Est","s":"25N-H54NV10A-80-A"},{"r":"186","t":"20:16:29","h":"Est","s":"25N-H54NV20A-80-A"},{"r":"186","t":"20:16:29","h":"Est","s":"25S-H54S000A-83-A"},{"r":"186","t":"20:18:29","h":"Est","s":"25N-H54N000I-80-I"},{"r":"186","t":"20:18:29","h":"Est","s":"25N-H54N100F-80-F1"},{"r":"186","t":"20:18:29","h":"Est","s":"25N-H54N200F-80-F2"},{"r":"186","t":"20:18:29","h":"Est","s":"25N-H54N300F-80-F3"},{"r":"186","t":"20:18:29","h":"Est","s":"25N-H54N400F-80-F4"},{"r":"186","t":"20:18:29","h":"Est","s":"25N-H54NV10I-80-I"},{"r":"186","t":"20:18:29","h":"Est","s":"25N-H54NV20I-80-I"},{"r":"186","t":"20:18:29","h":"Est","s":"25S-H54S000I-82-I"},{"r":"186","t":"20:18:29","h":"Est","s":"25S-H54S100F-80-F1"},{"r":"186","t":"20:18:29","h":"Est","s":"25S-H54S200F-80-F2"},{"r":"186","t":"20:23:58","h":"Est","s":"25N-H54N000S-80-S"},{"r":"186","t":"20:23:58","h":"Est","s":"25N-H54NV10S-82-S"},{"r":"186","t":"20:23:58","h":"Est","s":"25N-H54NV20S-80-S"},{"r":"186","t":"20:23:58","h":"Est","s":"25S-H54S000S-82-S"},{"r":"186","t":"20:44:29","h":"Est","s":"25N-H54N000A-80-A"},{"r":"186","t":"20:44:29","h":"Est","s":"25N-H54NV10A-80-A"},{"r":"186","t":"20:44:29","h":"Est","s":"25N-H54NV20A-80-A"},{"r":"186","t":"20:44:29","h":"Est","s":"25S-H54S000A-83-A"},{"r":"186","t":"20:46:58","h":"Est","s":"25N-H54N000S-80-S"},{"r":"186","t":"20:46:58","h":"Est","s":"25N-H54NV10S-82-S"},{"r":"186","t":"20:46:58","h":"Est","s":"25N-H54NV20S-80-S"},{"r":"186","t":"20:46:58","h":"Est","s":"25S-H54S000S-82-S"},{"r":"186","t":"20:47:29","h":"Est","s":"25N-H54N000I-80-I"},{"r":"186","t":"20:47:29","h":"Est","s":"25N-H54N100F-80-F1"},{"r":"186","t":"20:47:29","h":"Est","s":"25N-H54N200F-80-F2"},{"r":"186","t":"20:47:29","h":"Est","s":"25N-H54N300F-80-F3"},{"r":"186","t":"20:47:29","h":"Est","s":"25N-H54N400F-80-F4"},{"r":"186","t":"20:47:29","h":"Est","s":"25N-H54NV10I-80-I"},{"r":"186","t":"20:47:29","h":"Est","s":"25N-H54NV20I-80-I"},{"r":"186","t":"20:47:29","h":"Est","s":"25S-H54S000I-82-I"},{"r":"186","t":"20:47:29","h":"Est","s":"25S-H54S100F-80-F1"},{"r":"186","t":"20:47:29","h":"Est","s":"25S-H54S200F-80-F2"},{"r":"186","t":"21:10:58","h":"Est","s":"25N-H54N000S-80-S"},{"r":"186","t":"21:10:58","h":"Est","s":"25N-H54NV10S-82-S"},{"r":"186","t":"21:10:58","h":"Est","s":"25N-H54NV20S-80-S"},{"r":"186","t":"21:10:58","h":"Est","s":"25S-H54S000S-82-S"},{"r":"186","t":"21:12:29","h":"Est","s":"25N-H54N000A-80-A"},{"r":"186","t":"21:12:29","h":"Est","s":"25N-H54NV10A-80-A"},{"r":"186","t":"21:12:29","h":"Est","s":"25N-H54NV20A-80-A"},{"r":"186","t":"21:12:29","h":"Est","s":"25S-H54S000A-83-A"},{"r":"186","t":"21:18:29","h":"Est","s":"25N-H54N000I-80-I"},{"r":"186","t":"21:18:29","h":"Est","s":"25N-H54N100F-80-F1"},{"r":"186","t":"21:18:29","h":"Est","s":"25N-H54N200F-80-F2"},{"r":"186","t":"21:18:29","h":"Est","s":"25N-H54N300F-80-F3"},{"r":"186","t":"21:18:29","h":"Est","s":"25N-H54N400F-80-F4"},{"r":"186","t":"21:18:29","h":"Est","s":"25N-H54NV10I-80-I"},{"r":"186","t":"21:18:29","h":"Est","s":"25N-H54NV20I-80-I"},{"r":"186","t":"21:18:29","h":"Est","s":"25S-H54S000I-82-I"},{"r":"186","t":"21:18:29","h":"Est","s":"25S-H54S100F-80-F1"},{"r":"186","t":"21:18:29","h":"Est","s":"25S-H54S200F-80-F2"},{"r":"186","t":"21:34:58","h":"Est","s":"25N-H54N000S-80-S"},{"r":"186","t":"21:34:58","h":"Est","s":"25N-H54NV10S-82-S"},{"r":"186","t":"21:34:58","h":"Est","s":"25N-H54NV20S-80-S"},{"r":"186","t":"21:34:58","h":"Est","s":"25S-H54S000S-82-S"},{"r":"186","t":"21:44:29","h":"Est","s":"25N-H54N000A-80-A"},{"r":"186","t":"21:44:29","h":"Est","s":"25N-H54NV10A-80-A"},{"r":"186","t":"21:44:29","h":"Est","s":"25N-H54NV20A-80-A"},{"r":"186","t":"21:44:29","h":"Est","s":"25S-H54S000A-83-A"},{"r":"186","t":"21:49:29","h":"Est","s":"25N-H54N000I-80-I"},{"r":"186","t":"21:49:29","h":"Est","s":"25N-H54N100F-80-F1"},{"r":"186","t":"21:49:29","h":"Est","s":"25N-H54N200F-80-F2"},{"r":"186","t":"21:49:29","h":"Est","s":"25N-H54N300F-80-F3"},{"r":"186","t":"21:49:29","h":"Est","s":"25N-H54N400F-80-F4"},{"r":"186","t":"21:49:29","h":"Est","s":"25N-H54NV10I-80-I"},{"r":"186","t":"21:49:29","h":"Est","s":"25N-H54NV20I-80-I"},{"r":"186","t":"21:49:29","h":"Est","s":"25S-H54S000I-82-I"},{"r":"186","t":"21:49:29","h":"Est","s":"25S-H54S100F-80-F1"},{"r":"186","t":"21:49:29","h":"Est","s":"25S-H54S200F-80-F2"},{"r":"186","t":"21:58:58","h":"Est","s":"25N-H54N000S-80-S"},{"r":"186","t":"21:58:58","h":"Est","s":"25N-H54NV10S-82-S"},{"r":"186","t":"21:58:58","h":"Est","s":"25N-H54NV20S-80-S"},{"r":"186","t":"21:58:58","h":"Est","s":"25S-H54S000S-82-S"},{"r":"186","t":"22:16:29","h":"Est","s":"25N-H54N000A-80-A"},{"r":"186","t":"22:16:29","h":"Est","s":"25N-H54NV10A-80-A"},{"r":"186","t":"22:16:29","h":"Est","s":"25N-H54NV20A-80-A"},{"r":"186","t":"22:16:29","h":"Est","s":"25S-H54S000A-83-A"},{"r":"186","t":"22:20:59","h":"Est","s":"25N-H54N000I-80-I"},{"r":"186","t":"22:20:59","h":"Est","s":"25N-H54N100F-80-F1"},{"r":"186","t":"22:20:59","h":"Est","s":"25N-H54N200F-80-F2"},{"r":"186","t":"22:20:59","h":"Est","s":"25N-H54N300F-80-F3"},{"r":"186","t":"22:20:59","h":"Est","s":"25N-H54N400F-80-F4"},{"r":"186","t":"22:20:59","h":"Est","s":"25N-H54NV10I-80-I"},{"r":"186","t":"22:20:59","h":"Est","s":"25N-H54NV20I-80-I"},{"r":"186","t":"22:20:59","h":"Est","s":"25S-H54S000I-82-I"},{"r":"186","t":"22:20:59","h":"Est","s":"25S-H54S100F-80-F1"},{"r":"186","t":"22:20:59","h":"Est","s":"25S-H54S200F-80-F2"},{"r":"186","t":"22:21:58","h":"Est","s":"25N-H54N000S-80-S"},{"r":"186","t":"22:21:58","h":"Est","s":"25N-H54NV10S-82-S"},{"r":"186","t":"22:21:58","h":"Est","s":"25N-H54NV20S-80-S"},{"r":"186","t":"22:21:58","h":"Est","s":"25S-H54S000S-82-S"},{"r":"186","t":"22:44:58","h":"Est","s":"25N-H54N000S-80-S"},{"r":"186","t":"22:44:58","h":"Est","s":"25N-H54NV10S-82-S"},{"r":"186","t":"22:44:58","h":"Est","s":"25N-H54NV20S-80-S"},{"r":"186","t":"22:44:58","h":"Est","s":"25S-H54S000S-82-S"},{"r":"186","t":"22:49:29","h":"Est","s":"25N-H54N000A-80-A"},{"r":"186","t":"22:49:29","h":"Est","s":"25N-H54NV10A-80-A"},{"r":"186","t":"22:49:29","h":"Est","s":"25N-H54NV20A-80-A"},{"r":"186","t":"22:49:29","h":"Est","s":"25S-H54S000A-83-A"},{"r":"186","t":"22:52:59","h":"Est","s":"25N-H54N000I-80-I"},{"r":"186","t":"22:52:59","h":"Est","s":"25N-H54N100F-80-F1"},{"r":"186","t":"22:52:59","h":"Est","s":"25N-H54N200F-80-F2"},{"r":"186","t":"22:52:59","h":"Est","s":"25N-H54N300F-80-F3"},{"r":"186","t":"22:52:59","h":"Est","s":"25N-H54N400F-80-F4"},{"r":"186","t":"22:52:59","h":"Est","s":"25N-H54NV10I-80-I"},{"r":"186","t":"22:52:59","h":"Est","s":"25N-H54NV20I-80-I"},{"r":"186","t":"22:52:59","h":"Est","s":"25S-H54S000I-82-I"},{"r":"186","t":"22:52:59","h":"Est","s":"25S-H54S100F-80-F1"},{"r":"186","t":"22:52:59","h":"Est","s":"25S-H54S200F-80-F2"},{"r":"186","t":"23:08:58","h":"Est","s":"25N-H54N000S-80-S"},{"r":"186","t":"23:08:58","h":"Est","s":"25N-H54NV10S-82-S"},{"r":"186","t":"23:08:58","h":"Est","s":"25N-H54NV20S-80-S"},{"r":"186","t":"23:08:58","h":"Est","s":"25S-H54S000S-82-S"},{"r":"186","t":"23:22:29","h":"Est","s":"25N-H54N000A-80-A"},{"r":"186","t":"23:22:29","h":"Est","s":"25N-H54NV10A-80-A"},{"r":"186","t":"23:22:29","h":"Est","s":"25N-H54NV20A-80-A"},{"r":"186","t":"23:22:29","h":"Est","s":"25S-H54S000A-83-A"},{"r":"186","t":"23:23:59","h":"Est","s":"25N-H54N000I-80-I"},{"r":"186","t":"23:23:59","h":"Est","s":"25N-H54N100F-80-F1"},{"r":"186","t":"23:23:59","h":"Est","s":"25N-H54N200F-80-F2"},{"r":"186","t":"23:23:59","h":"Est","s":"25N-H54N300F-80-F3"},{"r":"186","t":"23:23:59","h":"Est","s":"25N-H54N400F-80-F4"},{"r":"186","t":"23:23:59","h":"Est","s":"25N-H54NV10I-80-I"},{"r":"186","t":"23:23:59","h":"Est","s":"25N-H54NV20I-80-I"},{"r":"186","t":"23:23:59","h":"Est","s":"25S-H54S000I-82-I"},{"r":"186","t":"23:23:59","h":"Est","s":"25S-H54S100F-80-F1"},{"r":"186","t":"23:23:59","h":"Est","s":"25S-H54S200F-80-F2"},{"r":"186","t":"23:35:58","h":"Est","s":"25N-H54N000S-80-S"},{"r":"186","t":"23:35:58","h":"Est","s":"25N-H54NV10S-82-S"},{"r":"186","t":"23:35:58","h":"Est","s":"25N-H54NV20S-80-S"},{"r":"186","t":"23:35:58","h":"Est","s":"25S-H54S000S-82-S"},{"r":"186","t":"23:53:59","h":"Est","s":"25N-H54N000I-80-I"},{"r":"186","t":"23:53:59","h":"Est","s":"25N-H54N100F-80-F1"},{"r":"186","t":"23:53:59","h":"Est","s":"25N-H54N200F-80-F2"},{"r":"186","t":"23:53:59","h":"Est","s":"25N-H54N300F-80-F3"},{"r":"186","t":"23:53:59","h":"Est","s":"25N-H54N400F-80-F4"},{"r":"186","t":"23:53:59","h":"Est","s":"25N-H54NV10I-80-I"},{"r":"186","t":"23:53:59","h":"Est","s":"25N-H54NV20I-80-I"},{"r":"186","t":"23:53:59","h":"Est","s":"25S-H54S000I-82-I"},{"r":"186","t":"23:53:59","h":"Est","s":"25S-H54S100F-80-F1"},{"r":"186","t":"23:53:59","h":"Est","s":"25S-H54S200F-80-F2"},{"r":"186","t":"23:55:29","h":"Est","s":"25N-H54N000A-80-A"},{"r":"186","t":"23:55:29","h":"Est","s":"25N-H54NV10A-80-A"},{"r":"186","t":"23:55:29","h":"Est","s":"25N-H54NV20A-80-A"},{"r":"186","t":"23:55:29","h":"Est","s":"25S-H54S000A-83-A"},{"r":"186","t":"24:04:58","h":"Est","s":"25N-H54N000S-80-S"},{"r":"186","t":"24:04:58","h":"Est","s":"25N-H54NV10S-82-S"},{"r":"186","t":"24:04:58","h":"Est","s":"25N-H54NV20S-80-S"},{"r":"186","t":"24:04:58","h":"Est","s":"25S-H54S000S-82-S"},{"r":"186","t":"24:24:59","h":"Est","s":"25N-H54N000I-80-I"},{"r":"186","t":"24:24:59","h":"Est","s":"25N-H54N100F-80-F1"},{"r":"186","t":"24:24:59","h":"Est","s":"25N-H54N200F-80-F2"},{"r":"186","t":"24:24:59","h":"Est","s":"25N-H54N300F-80-F3"},{"r":"186","t":"24:24:59","h":"Est","s":"25N-H54N400F-80-F4"},{"r":"186","t":"24:24:59","h":"Est","s":"25N-H54NV10I-80-I"},{"r":"186","t":"24:24:59","h":"Est","s":"25N-H54NV20I-80-I"},{"r":"186","t":"24:24:59","h":"Est","s":"25S-H54S000I-82-I"},{"r":"186","t":"24:24:59","h":"Est","s":"25S-H54S100F-80-F1"},{"r":"186","t":"24:24:59","h":"Est","s":"25S-H54S200F-80-F2"},{"r":"186","t":"24:28:29","h":"Est","s":"25N-H54N000A-80-A"},{"r":"186","t":"24:28:29","h":"Est","s":"25N-H54NV10A-80-A"},{"r":"186","t":"24:28:29","h":"Est","s":"25N-H54NV20A-80-A"},{"r":"186","t":"24:28:29","h":"Est","s":"25S-H54S000A-83-A"},{"r":"186","t":"24:33:58","h":"Est","s":"25N-H54N000S-80-S"},{"r":"186","t":"24:33:58","h":"Est","s":"25N-H54NV10S-82-S"},{"r":"186","t":"24:33:58","h":"Est","s":"25N-H54NV20S-80-S"},{"r":"186","t":"24:33:58","h":"Est","s":"25S-H54S000S-82-S"},{"r":"186","t":"24:55:59","h":"Est","s":"25N-H54N000I-80-I"},{"r":"186","t":"24:55:59","h":"Est","s":"25N-H54N100F-80-F1"},{"r":"186","t":"24:55:59","h":"Est","s":"25N-H54N200F-80-F2"},{"r":"186","t":"24:55:59","h":"Est","s":"25N-H54N300F-80-F3"},{"r":"186","t":"24:55:59","h":"Est","s":"25N-H54N400F-80-F4"},{"r":"186","t":"24:55:59","h":"Est","s":"25N-H54NV10I-80-I"},{"r":"186","t":"24:55:59","h":"Est","s":"25N-H54NV20I-80-I"},{"r":"186","t":"24:55:59","h":"Est","s":"25S-H54S000I-82-I"},{"r":"186","t":"24:55:59","h":"Est","s":"25S-H54S100F-80-F1"},{"r":"186","t":"24:55:59","h":"Est","s":"25S-H54S200F-80-F2"},{"r":"186","t":"25:00:59","h":"Est","s":"25N-H54N000A-80-A"},{"r":"186","t":"25:00:59","h":"Est","s":"25N-H54NV10A-80-A"},{"r":"186","t":"25:00:59","h":"Est","s":"25N-H54NV20A-80-A"},{"r":"186","t":"25:00:59","h":"Est","s":"25S-H54S000A-83-A"},{"r":"186","t":"25:01:58","h":"Est","s":"25N-H54N000S-80-S"},{"r":"186","t":"25:01:58","h":"Est","s":"25N-H54NV10S-82-S"},{"r":"186","t":"25:01:58","h":"Est","s":"25N-H54NV20S-80-S"},{"r":"186","t":"25:01:58","h":"Est","s":"25S-H54S000S-82-S"},{"r":"186","t":"25:27:59","h":"Est","s":"25N-H54N000I-80-I"},{"r":"186","t":"25:27:59","h":"Est","s":"25N-H54N100F-80-F1"},{"r":"186","t":"25:27:59","h":"Est","s":"25N-H54N200F-80-F2"},{"r":"186","t":"25:27:59","h":"Est","s":"25N-H54N300F-80-F3"},{"r":"186","t":"25:27:59","h":"Est","s":"25N-H54N400F-80-F4"},{"r":"186","t":"25:27:59","h":"Est","s":"25N-H54NV10I-80-I"},{"r":"186","t":"25:27:59","h":"Est","s":"25N-H54NV20I-80-I"},{"r":"186","t":"25:27:59","h":"Est","s":"25S-H54S000I-82-I"},{"r":"186","t":"25:27:59","h":"Est","s":"25S-H54S100F-80-F1"},{"r":"186","t":"25:27:59","h":"Est","s":"25S-H54S200F-80-F2"},{"r":"186","t":"25:28:58","h":"Est","s":"25N-H54N000S-80-S"},{"r":"186","t":"25:28:58","h":"Est","s":"25N-H54NV10S-82-S"},{"r":"186","t":"25:28:58","h":"Est","s":"25N-H54NV20S-80-S"},{"r":"186","t":"25:28:58","h":"Est","s":"25S-H54S000S-82-S"},{"r":"186","t":"25:32:59","h":"Est","s":"25N-H54N000A-80-A"},{"r":"186","t":"25:32:59","h":"Est","s":"25N-H54NV10A-80-A"},{"r":"186","t":"25:32:59","h":"Est","s":"25N-H54NV20A-80-A"},{"r":"186","t":"25:32:59","h":"Est","s":"25S-H54S000A-83-A"},{"r":"186","t":"26:03:59","h":"Est","s":"25N-H54N000A-80-A"},{"r":"186","t":"26:03:59","h":"Est","s":"25N-H54NV10A-80-A"},{"r":"186","t":"26:03:59","h":"Est","s":"25N-H54NV20A-80-A"},{"r":"186","t":"26:03:59","h":"Est","s":"25S-H54S000A-83-A"}]