[{"r":"28","t":"05:20:00","h":"Nord","s":"25N-H54N000I-80-I"},{"r":"28","t":"05:20:00","h":"Nord","s":"25N-H54N100F-80-F1"},{"r":"28","t":"05:20:00","h":"Nord","s":"25N-H54N200F-80-F2"},{"r":"28","t":"05:20:00","h":"Nord","s":"25N-H54N300F-80-F3"},{"r":"28","t":"05:20:00","h":"Nord","s":"25N-H54N400F-80-F4"},{"r":"28","t":"05:20:00","h":"Nord","s":"25N-H54NV10I-80-I"},{"r":"28","t":"05:20:00","h":"Nord","s":"25N-H54NV20I-80-I"},{"r":"28","t":"05:20:00","h":"Nord","s":"25S-H54S000I-82-I"},{"r":"28","t":"05:20:00","h":"Nord","s":"25S-H54S100F-80-F1"},{"r":"28","t":"05:20:00","h":"Nord","s":"25S-H54S200F-80-F2"},{"r":"28","t":"05:23:00","h":"Nord","s":"25N-H54N000A-80-A"},{"r":"28","t":"05:23:00","h":"Nord","s":"25N-H54N000S-80-S"},{"r":"28","t":"05:23:00","h":"Nord","s":"25N-H54NV10A-80-A"},{"r":"28","t":"05:23:00","h":"Nord","s":"25N-H54NV10S-82-S"},{"r":"28","t":"05:23:00","h":"Nord","s":"25N-H54NV20A-80-A"},{"r":"28","t":"05:23:00","h":"Nord","s":"25N-H54NV20S-80-S"},{"r":"28","t":"05:23:00","h":"Nord","s":"25S-H54S000A-83-A"},{"r":"28","t":"05:23:00","h":"Nord","s":"25S-H54S000S-82-S"},{"r":"28","t":"05:43:00","h":"Nord","s":"25N-H54N000I-80-I"},{"r":"28","t":"05:43:00","h":"Nord","s":"25N-H54N100F-80-F1"},{"r":"28","t":"05:43:00","h":"Nord","s":"25N-H54N200F-80-F2"},{"r":"28","t":"05:43:00","h":"Nord","s":"25N-H54N300F-80-F3"},{"r":"28","t":"05:43:00","h":"Nord","s":"25N-H54N400F-80-F4"},{"r":"28","t":"05:43:00","h":"Nord","s":"25N-H54NV10I-80-I"},{"r":"28","t":"05:43:00","h":"Nord","s":"25N-H54NV20I-80-I"},{"r":"28","t":"05:43:00","h":"Nord","s":"25S-H54S000I-82-I"},{"r":"28","t":"05:43:00","h":"Nord","s":"25S-H54S100F-80-F1"},{"r":"28","t":"05:43:00","h":"Nord","s":"25S-H54S200F-80-F2"},{"r":"28","t":"05:52:00","h":"Nord","s":"25N-H54N000A-80-A"},{"r":"28","t":"05:52:00","h":"Nord","s":"25N-H54NV10A-80-A"},{"r":"28","t":"05:52:00","h":"Nord","s":"25N-H54NV20A-80-A"},{"r":"28","t":"05:52:00","h":"Nord","s":"25S-H54S000A-83-A"},{"r":"28","t":"05:56:00","h":"Nord","s":"25N-H54N000S-80-S"},{"r":"28","t":"05:56:00","h":"Nord","s":"25N-H54NV10S-82-S"},{"r":"28","t":"05:56:00","h":"Nord","s":"25N-H54NV20S-80-S"},{"r":"28","t":"05:56:00","h":"Nord","s":"25S-H54S000S-82-S"},{"r":"28","t":"06:11:00","h":"Nord","s":"25N-H54N000S-80-S"},{"r":"28","t":"06:11:00","h":"Nord","s":"25N-H54NV10S-82-S"},{"r":"28","t":"06:11:00","h":"Nord","s":"25N-H54NV20S-80-S"},{"r":"28","t":"06:11:00","h":"Nord","s":"25S-H54S000S-82-S"},{"r":"28","t":"06:17:00","h":"Nord","s":"25N-H54N000I-80-I"},{"r":"28","t":"06:17:00","h":"Nord","s":"25N-H54N100F-80-F1"},{"r":"28","t":"06:17:00","h":"Nord","s":"25N-H54N200F-80-F2"},{"r":"28","t":"06:17:00","h":"Nord","s":"25N-H54N300F-80-F3"},{"r":"28","t":"06:17:00","h":"Nord","s":"25N-H54N400F-80-F4"},{"r":"28","t":"06:17:00","h":"Nord","s":"25N-H54NV10I-80-I"},{"r":"28","t":"06:17:00","h":"Nord","s":"25N-H54NV20I-80-I"},{"r":"28","t":"06:17:00","h":"Nord","s":"25S-H54S000I-82-I"},{"r":"28","t":"06:17:00","h":"Nord","s":"25S-H54S100F-80-F1"},{"r":"28","t":"06:17:00","h":"Nord","s":"25S-H54S200F-80-F2"},{"r":"28","t":"06:23:00","h":"Nord","s":"25N-H54N000S-80-S"},{"r":"28","t":"06:23:00","h":"Nord","s":"25N-H54NV10S-82-S"},{"r":"28","t":"06:23:00","h":"Nord","s":"25N-H54NV20S-80-S"},{"r":"28","t":"06:23:00","h":"Nord","s":"25S-H54S000S-82-S"},{"r":"28","t":"06:24:00","h":"Nord","s":"25N-H54N000A-80-A"},{"r":"28","t":"06:24:00","h":"Nord","s":"25N-H54NV10A-80-A"},{"r":"28","t":"06:24:00","h":"Nord","s":"25N-H54NV20A-80-A"},{"r":"28","t":"06:24:00","h":"Nord","s":"25S-H54S000A-83-A"},{"r":"28","t":"06:34:00","h":"Nord","s":"25N-H54N000S-80-S"},{"r":"28","t":"06:34:00","h":"Nord","s":"25N-H54NV10S-82-S"},{"r":"28","t":"06:34:00","h":"Nord","s":"25N-H54NV20S-80-S"},{"r":"28","t":"06:34:00","h":"Nord","s":"25S-H54S000S-82-S"},{"r":"28","t":"06:44:00","h":"Nord","s":"25N-H59N000S-80-S"},{"r":"28","t":"06:44:00","h":"Nord","s":"25N-H59NV10S-84-S"},{"r":"28","t":"06:44:00","h":"Nord","s":"25N-H59NV20S-80-S"},{"r":"28","t":"06:44:00","h":"Nord","s":"25S-H59S000S-81-S"},{"r":"28","t":"06:49:00","h":"Nord","s":"25N-H54N000I-80-I"},{"r":"28","t":"06:49:00","h":"Nord","s":"25N-H54N100F-80-F1"},{"r":"28","t":"06:49:00","h":"Nord","s":"25N-H54N200F-80-F2"},{"r":"28","t":"06:49:00","h":"Nord","s":"25N-H54N300F-80-F3"},{"r":"28","t":"06:49:00","h":"Nord","s":"25N-H54N400F-80-F4"},{"r":"28","t":"06:49:00","h":"Nord","s":"25N-H54NV10I-80-I"},{"r":"28","t":"06:49:00","h":"Nord","s":"25N-H54NV20I-80-I"},{"r":"28","t":"06:49:00","h":"Nord","s":"25S-H54S000I-82-I"},{"r":"28","t":"06:49:00","h":"Nord","s":"25S-H54S100F-80-F1"},{"r":"28","t":"06:49:00","h":"Nord","s":"25S-H54S200F-80-F2"},{"r":"28","t":"06:55:00","h":"Nord","s":"25N-H54N000S-80-S"},{"r":"28","t":"06:55:00","h":"Nord","s":"25N-H54NV10S-82-S"},{"r":"28","t":"06:55:00","h":"Nord","s":"25N-H54NV20S-80-S"},{"r":"28","t":"06:55:00","h":"Nord","s":"25S-H54S000S-82-S"},{"r":"28","t":"06:56:00","h":"Nord","s":"25N-H54N000A-80-A"},{"r":"28","t":"06:56:00","h":"Nord","s":"25N-H54NV10A-80-A"},{"r":"28","t":"06:56:00","h":"Nord","s":"25N-H54NV20A-80-A"},{"r":"28","t":"06:56:00","h":"Nord","s":"25S-H54S000A-83-A"},{"r":"28","t":"07:07:00","h":"Nord","s":"25N-H54N000S-80-S"},{"r":"28","t":"07:07:00","h":"Nord","s":"25N-H54NV10S-82-S"},{"r":"28","t":"07:07:00","h":"Nord","s":"25N-H54NV20S-80-S"},{"r":"28","t":"07:07:00","h":"Nord","s":"25S-H54S000S-82-S"},{"r":"28","t":"07:17:00","h":"Nord","s":"25N-H54N000S-80-S"},{"r":"28","t":"07:17:00","h":"Nord","s":"25N-H54NV10S-82-S"},{"r":"28","t":"07:17:00","h":"Nord","s":"25N-H54NV20S-80-S"},{"r":"28","t":"07:17:00","h":"Nord","s":"25S-H54S000S-82-S"},{"r":"28","t":"07:22:00","h":"Nord","s":"25N-H54N000I-80-I"},{"r":"28","t":"07:22:00","h":"Nord","s":"25N-H54N100F-80-F1"},{"r":"28","t":"07:22:00","h":"Nord","s":"25N-H54N200F-80-F2"},{"r":"28","t":"07:22:00","h":"Nord","s":"25N-H54N300F-80-F3"},{"r":"28","t":"07:22:00","h":"Nord","s":"25N-H54N400F-80-F4"},{"r":"28","t":"07:22:00","h":"Nord","s":"25N-H54NV10I-80-I"},{"r":"28","t":"07:22:00","h":"Nord","s":"25N-H54NV20I-80-I"},{"r":"28","t":"07:22:00","h":"Nord","s":"25S-H54S000I-82-I"},{"r":"28","t":"07:22:00","h":"Nord","s":"25S-H54S100F-80-F1"},{"r":"28","t":"07:22:00","h":"Nord","s":"25S-H54S200F-80-F2"},{"r":"28","t":"07:27:00","h":"Nord","s":"25N-H58N000S-80-S"},{"r":"28","t":"07:27:00","h":"Nord","s":"25N-H58NV10S-80-S"},{"r":"28","t":"07:27:00","h":"Nord","s":"25N-H58NV20S-80-S"},{"r":"28","t":"07:27:00","h":"Nord","s":"25S-H58S000S-80-S"},{"r":"28","t":"07:28:00","h":"Nord","s":"25N-H54N000A-80-A"},{"r":"28","t":"07:28:00","h":"Nord","s":"25N-H54NV10A-80-A"},{"r":"28","t":"07:28:00","h":"Nord","s":"25N-H54NV20A-80-A"},{"r":"28","t":"07:28:00","h":"Nord","s":"25S-H54S000A-83-A"},{"r":"28","t":"07:36:00","h":"Nord","s":"25N-H54N000S-80-S"},{"r":"28","t":"07:36:00","h":"Nord","s":"25N-H54NV10S-82-S"},{"r":"28","t":"07:36:00","h":"Nord","s":"25N-H54NV20S-80-S"},{"r":"28","t":"07:36:00","h":"Nord","s":"25S-H54S000S-82-S"},{"r":"28","t":"07:44:00","h":"Nord","s":"25N-H54N000S-80-S"},{"r":"28","t":"07:44:00","h":"Nord","s":"25N-H54NV10S-82-S"},{"r":"28","t":"07:44:00","h":"Nord","s":"25N-H54NV20S-80-S"},{"r":"28","t":"07:44:00","h":"Nord","s":"25S-H54S000S-82-S"},{"r":"28","t":"07:52:00","h":"Nord","s":"25N-H54N000S-80-S"},{"r":"28","t":"07:52:00","h":"Nord","s":"25N-H54NV10S-82-S"},{"r":"28","t":"07:52:00","h":"Nord","s":"25N-H54NV20S-80-S"},{"r":"28","t":"07:52:00","h":"Nord","s":"25S-H54S000S-82-S"},{"r":"28","t":"07:54:00","h":"Nord","s":"25N-H54N000I-80-I"},{"r":"28","t":"07:54:00","h":"Nord","s":"25N-H54N100F-80-F1"},{"r":"28","t":"07:54:00","h":"Nord","s":"25N-H54N200F-80-F2"},{"r":"28","t":"07:54:00","h":"Nord","s":"25N-H54N300F-80-F3"},{"r":"28","t":"07:54:00","h":"Nord","s":"25N-H54N400F-80-F4"},{"r":"28","t":"07:54:00","h":"Nord","s":"25N-H54NV10I-80-I"},{"r":"28","t":"07:54:00","h":"Nord","s":"25N-H54NV20I-80-I"},{"r":"28","t":"07:54:00","h":"Nord","s":"25S-H54S000I-82-I"},{"r":"28","t":"07:54:00","h":"Nord","s":"25S-H54S100F-80-F1"},{"r":"28","t":"07:54:00","h":"Nord","s":"25S-H54S200F-80-F2"},{"r":"28","t":"08:01:00","h":"Nord","s":"25N-H54N000A-80-A"},{"r":"28","t":"08:01:00","h":"Nord","s":"25N-H54NV10A-80-A"},{"r":"28","t":"08:01:00","h":"Nord","s":"25N-H54NV20A-80-A"},{"r":"28","t":"08:01:00","h":"Nord","s":"25S-H54S000A-83-A"},{"r":"28","t":"08:02:00","h":"Nord","s":"25N-H54N000S-80-S"},{"r":"28","t":"08:02:00","h":"Nord","s":"25N-H54NV10S-82-S"},{"r":"28","t":"08:02:00","h":"Nord","s":"25N-H54NV20S-80-S"},{"r":"28","t":"08:02:00","h":"Nord","s":"25S-H54S000S-82-S"},{"r":"28","t":"08:13:00","h":"Nord","s":"25N-H54N000S-80-S"},{"r":"28","t":"08:13:00","h":"Nord","s":"25N-H54NV10S-82-S"},{"r":"28","t":"08:13:00","h":"Nord","s":"25N-H54NV20S-80-S"},{"r":"28","t":"08:13:00","h":"Nord","s":"25S-H54S000S-82-S"},{"r":"28","t":"08:26:00","h":"Nord","s":"25N-H54N000I-80-I"},{"r":"28","t":"08:26:00","h":"Nord","s":"25N-H54N000S-80-S"},{"r":"28","t":"08:26:00","h":"Nord","s":"25N-H54N100F-80-F1"},{"r":"28","t":"08:26:00","h":"Nord","s":"25N-H54N200F-80-F2"},{"r":"28","t":"08:26:00","h":"Nord","s":"25N-H54N300F-80-F3"},{"r":"28","t":"08:26:00","h":"Nord","s":"25N-H54N400F-80-F4"},{"r":"28","t":"08:26:00","h":"Nord","s":"25N-H54NV10I-80-I"},{"r":"28","t":"08:26:00","h":"Nord","s":"25N-H54NV10S-82-S"},{"r":"28","t":"08:26:00","h":"Nord","s":"25N-H54NV20I-80-I"},{"r":"28","t":"08:26:00","h":"Nord","s":"25N-H54NV20S-80-S"},{"r":"28","t":"08:26:00","h":"Nord","s":"25S-H54S000I-82-I"},{"r":"28","t":"08:26:00","h":"Nord","s":"25S-H54S000S-82-S"},{"r":"28","t":"08:26:00","h":"Nord","s":"25S-H54S100F-80-F1"},{"r":"28","t":"08:26:00","h":"Nord","s":"25S-H54S200F-80-F2"},{"r":"28","t":"08:34:00","h":"Nord","s":"25N-H54N000A-80-A"},{"r":"28","t":"08:34:00","h":"Nord","s":"25N-H54NV10A-80-A"},{"r":"28","t":"08:34:00","h":"Nord","s":"25N-H54NV20A-80-A"},{"r":"28","t":"08:34:00","h":"Nord","s":"25S-H54S000A-83-A"},{"r":"28","t":"08:39:00","h":"Nord","s":"25N-H54N000S-80-S"},{"r":"28","t":"08:39:00","h":"Nord","s":"25N-H54NV10S-82-S"},{"r":"28","t":"08:39:00","h":"Nord","s":"25N-H54NV20S-80-S"},{"r":"28","t":"08:39:00","h":"Nord","s":"25S-H54S000S-82-S"},{"r":"28","t":"08:58:00","h":"Nord","s":"25N-H54N000I-80-I"},{"r":"28","t":"08:58:00","h":"Nord","s":"25N-H54N100F-80-F1"},{"r":"28","t":"08:58:00","h":"Nord","s":"25N-H54N200F-80-F2"},{"r":"28","t":"08:58:00","h":"Nord","s":"25N-H54N300F-80-F3"},{"r":"28","t":"08:58:00","h":"Nord","s":"25N-H54N400F-80-F4"},{"r":"28","t":"08:58:00","h":"Nord","s":"25N-H54NV10I-80-I"},{"r":"28","t":"08:58:00","h":"Nord","s":"25N-H54NV20I-80-I"},{"r":"28","t":"08:58:00","h":"Nord","s":"25S-H54S000I-82-I"},{"r":"28","t":"08:58:00","h":"Nord","s":"25S-H54S100F-80-F1"},{"r":"28","t":"08:58:00","h":"Nord","s":"25S-H54S200F-80-F2"},{"r":"28","t":"09:04:00","h":"Nord","s":"25N-H54N000S-80-S"},{"r":"28","t":"09:04:00","h":"Nord","s":"25N-H54NV10S-82-S"},{"r":"28","t":"09:04:00","h":"Nord","s":"25N-H54NV20S-80-S"},{"r":"28","t":"09:04:00","h":"Nord","s":"25S-H54S000S-82-S"},{"r":"28","t":"09:07:00","h":"Nord","s":"25N-H54N000A-80-A"},{"r":"28","t":"09:07:00","h":"Nord","s":"25N-H54NV10A-80-A"},{"r":"28","t":"09:07:00","h":"Nord","s":"25N-H54NV20A-80-A"},{"r":"28","t":"09:07:00","h":"Nord","s":"25S-H54S000A-83-A"},{"r":"28","t":"09:31:00","h":"Nord","s":"25N-H54N000I-80-I"},{"r":"28","t":"09:31:00","h":"Nord","s":"25N-H54N100F-80-F1"},{"r":"28","t":"09:31:00","h":"Nord","s":"25N-H54N200F-80-F2"},{"r":"28","t":"09:31:00","h":"Nord","s":"25N-H54N300F-80-F3"},{"r":"28","t":"09:31:00","h":"Nord","s":"25N-H54N400F-80-F4"},{"r":"28","t":"09:31:00","h":"Nord","s":"25N-H54NV10I-80-I"},{"r":"28","t":"09:31:00","h":"Nord","s":"25N-H54NV20I-80-I"},{"r":"28","t":"09:31:00","h":"Nord","s":"25S-H54S000I-82-I"},{"r":"28","t":"09:31:00","h":"Nord","s":"25S-H54S100F-80-F1"},{"r":"28","t":"09:31:00","h":"Nord","s":"25S-H54S200F-80-F2"},{"r":"28","t":"09:34:00","h":"Nord","s":"25N-H54N000S-80-S"},{"r":"28","t":"09:34:00","h":"Nord","s":"25N-H54NV10S-82-S"},{"r":"28","t":"09:34:00","h":"Nord","s":"25N-H54NV20S-80-S"},{"r":"28","t":"09:34:00","h":"Nord","s":"25S-H54S000S-82-S"},{"r":"28","t":"09:40:00","h":"Nord","s":"25N-H54N000A-80-A"},{"r":"28","t":"09:40:00","h":"Nord","s":"25N-H54NV10A-80-A"},{"r":"28","t":"09:40:00","h":"Nord","s":"25N-H54NV20A-80-A"},{"r":"28","t":"09:40:00","h":"Nord","s":"25S-H54S000A-83-A"},{"r":"28","t":"10:03:00","h":"Nord","s":"25N-H54N000I-80-I"},{"r":"28","t":"10:03:00","h":"Nord","s":"25N-H54N100F-80-F1"},{"r":"28","t":"10:03:00","h":"Nord","s":"25N-H54N200F-80-F2"},{"r":"28","t":"10:03:00","h":"Nord","s":"25N-H54N300F-80-F3"},{"r":"28","t":"10:03:00","h":"Nord","s":"25N-H54N400F-80-F4"},{"r":"28","t":"10:03:00","h":"Nord","s":"25N-H54NV10I-80-I"},{"r":"28","t":"10:03:00","h":"Nord","s":"25N-H54NV20I-80-I"},{"r":"28","t":"10:03:00","h":"Nord","s":"25S-H54S000I-82-I"},{"r":"28","t":"10:03:00","h":"Nord","s":"25S-H54S100F-80-F1"},{"r":"28","t":"10:03:00","h":"Nord","s":"25S-H54S200F-80-F2"},{"r":"28","t":"10:05:00","h":"Nord","s":"25N-H54N000S-80-S"},{"r":"28","t":"10:05:00","h":"Nord","s":"25N-H54NV10S-82-S"},{"r":"28","t":"10:05:00","h":"Nord","s":"25N-H54NV20S-80-S"},{"r":"28","t":"10:05:00","h":"Nord","s":"25S-H54S000S-82-S"},{"r":"28","t":"10:12:00","h":"Nord","s":"25N-H54N000A-80-A"},{"r":"28","t":"10:12:00","h":"Nord","s":"25N-H54NV10A-80-A"},{"r":"28","t":"10:12:00","h":"Nord","s":"25N-H54NV20A-80-A"},{"r":"28","t":"10:12:00","h":"Nord","s":"25S-H54S000A-83-A"},{"r":"28","t":"10:35:00","h":"Nord","s":"25N-H54N000S-80-S"},{"r":"28","t":"10:35:00","h":"Nord","s":"25N-H54NV10S-82-S"},{"r":"28","t":"10:35:00","h":"Nord","s":"25N-H54NV20S-80-S"},{"r":"28","t":"10:35:00","h":"Nord","s":"25S-H54S000S-82-S"},{"r":"28","t":"10:36:00","h":"Nord","s":"25N-H54N000I-80-I"},{"r":"28","t":"10:36:00","h":"Nord","s":"25N-H54N100F-80-F1"},{"r":"28","t":"10:36:00","h":"Nord","s":"25N-H54N200F-80-F2"},{"r":"28","t":"10:36:00","h":"Nord","s":"25N-H54N300F-80-F3"},{"r":"28","t":"10:36:00","h":"Nord","s":"25N-H54N400F-80-F4"},{"r":"28","t":"10:36:00","h":"Nord","s":"25N-H54NV10I-80-I"},{"r":"28","t":"10:36:00","h":"Nord","s":"25N-H54NV20I-80-I"},{"r":"28","t":"10:36:00","h":"Nord","s":"25S-H54S000I-82-I"},{"r":"28","t":"10:36:00","h":"Nord","s":"25S-H54S100F-80-F1"},{"r":"28","t":"10:36:00","h":"Nord","s":"25S-H54S200F-80-F2"},{"r":"28","t":"10:45:00","h":"Nord","s":"25N-H54N000A-80-A"},{"r":"28","t":"10:45:00","h":"Nord","s":"25N-H54NV10A-80-A"},{"r":"28","t":"10:45:00","h":"Nord","s":"25N-H54NV20A-80-A"},{"r":"28","t":"10:45:00","h":"Nord","s":"25S-H54S000A-83-A"},{"r":"28","t":"11:00:00","h":"Nord","s":"25N-H54N000I-80-I"},{"r":"28","t":"11:00:00","h":"Nord","s":"25N-H54N100F-80-F1"},{"r":"28","t":"11:00:00","h":"Nord","s":"25N-H54N200F-80-F2"},{"r":"28","t":"11:00:00","h":"Nord","s":"25N-H54N300F-80-F3"},{"r":"28","t":"11:00:00","h":"Nord","s":"25N-H54N400F-80-F4"},{"r":"28","t":"11:00:00","h":"Nord","s":"25N-H54NV10I-80-I"},{"r":"28","t":"11:00:00","h":"Nord","s":"25N-H54NV20I-80-I"},{"r":"28","t":"11:00:00","h":"Nord","s":"25S-H54S000I-82-I"},{"r":"28","t":"11:00:00","h":"Nord","s":"25S-H54S100F-80-F1"},{"r":"28","t":"11:00:00","h":"Nord","s":"25S-H54S200F-80-F2"},{"r":"28","t":"11:06:00","h":"Nord","s":"25N-H54N000S-80-S"},{"r":"28","t":"11:06:00","h":"Nord","s":"25N-H54NV10S-82-S"},{"r":"28","t":"11:06:00","h":"Nord","s":"25N-H54NV20S-80-S"},{"r":"28","t":"11:06:00","h":"Nord","s":"25S-H54S000S-82-S"},{"r":"28","t":"11:16:00","h":"Nord","s":"25N-H54N000A-80-A"},{"r":"28","t":"11:16:00","h":"Nord","s":"25N-H54NV10A-80-A"},{"r":"28","t":"11:16:00","h":"Nord","s":"25N-H54NV20A-80-A"},{"r":"28","t":"11:16:00","h":"Nord","s":"25S-H54S000A-83-A"},{"r":"28","t":"11:24:00","h":"Nord","s":"25N-H54N000I-80-I"},{"r":"28","t":"11:24:00","h":"Nord","s":"25N-H54N100F-80-F1"},{"r":"28","t":"11:24:00","h":"Nord","s":"25N-H54N200F-80-F2"},{"r":"28","t":"11:24:00","h":"Nord","s":"25N-H54N300F-80-F3"},{"r":"28","t":"11:24:00","h":"Nord","s":"25N-H54N400F-80-F4"},{"r":"28","t":"11:24:00","h":"Nord","s":"25N-H54NV10I-80-I"},{"r":"28","t":"11:24:00","h":"Nord","s":"25N-H54NV20I-80-I"},{"r":"28","t":"11:24:00","h":"Nord","s":"25S-H54S000I-82-I"},{"r":"28","t":"11:24:00","h":"Nord","s":"25S-H54S100F-80-F1"},{"r":"28","t":"11:24:00","h":"Nord","s":"25S-H54S200F-80-F2"},{"r":"28","t":"11:37:00","h":"Nord","s":"25N-H54N000S-80-S"},{"r":"28","t":"11:37:00","h":"Nord","s":"25N-H54NV10S-82-S"},{"r":"28","t":"11:37:00","h":"Nord","s":"25N-H54NV20S-80-S"},{"r":"28","t":"11:37:00","h":"Nord","s":"25S-H54S000S-82-S"},{"r":"28","t":"11:43:00","h":"Nord","s":"25N-H54N000A-80-A"},{"r":"28","t":"11:43:00","h":"Nord","s":"25N-H54NV10A-80-A"},{"r":"28","t":"11:43:00","h":"Nord","s":"25N-H54NV20A-80-A"},{"r":"28","t":"11:43:00","h":"Nord","s":"25S-H54S000A-83-A"},{"r":"28","t":"11:55:00","h":"Nord","s":"25N-H54N000I-80-I"},{"r":"28","t":"11:55:00","h":"Nord","s":"25N-H54N100F-80-F1"},{"r":"28","t":"11:55:00","h":"Nord","s":"25N-H54N200F-80-F2"},{"r":"28","t":"11:55:00","h":"Nord","s":"25N-H54N300F-80-F3"},{"r":"28","t":"11:55:00","h":"Nord","s":"25N-H54N400F-80-F4"},{"r":"28","t":"11:55:00","h":"Nord","s":"25N-H54NV10I-80-I"},{"r":"28","t":"11:55:00","h":"Nord","s":"25N-H54NV20I-80-I"},{"r":"28","t":"11:55:00","h":"Nord","s":"25S-H54S000I-82-I"},{"r":"28","t":"11:55:00","h":"Nord","s":"25S-H54S100F-80-F1"},{"r":"28","t":"11:55:00","h":"Nord","s":"25S-H54S200F-80-F2"},{"r":"28","t":"12:10:00","h":"Nord","s":"25N-H54N000S-80-S"},{"r":"28","t":"12:10:00","h":"Nord","s":"25N-H54NV10S-82-S"},{"r":"28","t":"12:10:00","h":"Nord","s":"25N-H54NV20S-80-S"},{"r":"28","t":"12:10:00","h":"Nord","s":"25S-H54S000S-82-S"},{"r":"28","t":"12:11:00","h":"Nord","s":"25N-H54N000A-80-A"},{"r":"28","t":"12:11:00","h":"Nord","s":"25N-H54NV10A-80-A"},{"r":"28","t":"12:11:00","h":"Nord","s":"25N-H54NV20A-80-A"},{"r":"28","t":"12:11:00","h":"Nord","s":"25S-H54S000A-83-A"},{"r":"28","t":"12:26:00","h":"Nord","s":"25N-H54N000I-80-I"},{"r":"28","t":"12:26:00","h":"Nord","s":"25N-H54N100F-80-F1"},{"r":"28","t":"12:26:00","h":"Nord","s":"25N-H54N200F-80-F2"},{"r":"28","t":"12:26:00","h":"Nord","s":"25N-H54N300F-80-F3"},{"r":"28","t":"12:26:00","h":"Nord","s":"25N-H54N400F-80-F4"},{"r":"28","t":"12:26:00","h":"Nord","s":"25N-H54NV10I-80-I"},{"r":"28","t":"12:26:00","h":"Nord","s":"25N-H54NV20I-80-I"},{"r":"28","t":"12:26:00","h":"Nord","s":"25S-H54S000I-82-I"},{"r":"28","t":"12:26:00","h":"Nord","s":"25S-H54S100F-80-F1"},{"r":"28","t":"12:26:00","h":"Nord","s":"25S-H54S200F-80-F2"},{"r":"28","t":"12:38:00","h":"Nord","s":"25N-H54N000A-80-A"},{"r":"28","t":"12:38:00","h":"Nord","s":"25N-H54NV10A-80-A"},{"r":"28","t":"12:38:00","h":"Nord","s":"25N-H54NV20A-80-A"},{"r":"28","t":"12:38:00","h":"Nord","s":"25S-H54S000A-83-A"},{"r":"28","t":"12:41:00","h":"Nord","s":"25N-H54N000S-80-S"},{"r":"28","t":"12:41:00","h":"Nord","s":"25N-H54NV10S-82-S"},{"r":"28","t":"12:41:00","h":"Nord","s":"25N-H54NV20S-80-S"},{"r":"28","t":"12:41:00","h":"Nord","s":"25S-H54S000S-82-S"},{"r":"28","t":"12:58:00","h":"Nord","s":"25N-H54N000I-80-I"},{"r":"28","t":"12:58:00","h":"Nord","s":"25N-H54N100F-80-F1"},{"r":"28","t":"12:58:00","h":"Nord","s":"25N-H54N200F-80-F2"},{"r":"28","t":"12:58:00","h":"Nord","s":"25N-H54N300F-80-F3"},{"r":"28","t":"12:58:00","h":"Nord","s":"25N-H54N400F-80-F4"},{"r":"28","t":"12:58:00","h":"Nord","s":"25N-H54NV10I-80-I"},{"r":"28","t":"12:58:00","h":"Nord","s":"25N-H54NV20I-80-I"},{"r":"28","t":"12:58:00","h":"Nord","s":"25S-H54S000I-82-I"},{"r":"28","t":"12:58:00","h":"Nord","s":"25S-H54S100F-80-F1"},{"r":"28","t":"12:58:00","h":"Nord","s":"25S-H54S200F-80-F2"},{"r":"28","t":"13:09:00","h":"Nord","s":"25N-H54N000A-80-A"},{"r":"28","t":"13:09:00","h":"Nord","s":"25N-H54N000S-80-S"},{"r":"28","t":"13:09:00","h":"Nord","s":"25N-H54NV10A-80-A"},{"r":"28","t":"13:09:00","h":"Nord","s":"25N-H54NV10S-82-S"},{"r":"28","t":"13:09:00","h":"Nord","s":"25N-H54NV20A-80-A"},{"r":"28","t":"13:09:00","h":"Nord","s":"25N-H54NV20S-80-S"},{"r":"28","t":"13:09:00","h":"Nord","s":"25S-H54S000A-83-A"},{"r":"28","t":"13:09:00","h":"Nord","s":"25S-H54S000S-82-S"},{"r":"28","t":"13:30:00","h":"Nord","s":"25N-H54N000I-80-I"},{"r":"28","t":"13:30:00","h":"Nord","s":"25N-H54N100F-80-F1"},{"r":"28","t":"13:30:00","h":"Nord","s":"25N-H54N200F-80-F2"},{"r":"28","t":"13:30:00","h":"Nord","s":"25N-H54N300F-80-F3"},{"r":"28","t":"13:30:00","h":"Nord","s":"25N-H54N400F-80-F4"},{"r":"28","t":"13:30:00","h":"Nord","s":"25N-H54NV10I-80-I"},{"r":"28","t":"13:30:00","h":"Nord","s":"25N-H54NV20I-80-I"},{"r":"28","t":"13:30:00","h":"Nord","s":"25S-H54S000I-82-I"},{"r":"28","t":"13:30:00","h":"Nord","s":"25S-H54S100F-80-F1"},{"r":"28","t":"13:30:00","h":"Nord","s":"25S-H54S200F-80-F2"},{"r":"28","t":"13:38:00","h":"Nord","s":"25N-H54N000S-80-S"},{"r":"28","t":"13:38:00","h":"Nord","s":"25N-H54NV10S-82-S"},{"r":"28","t":"13:38:00","h":"Nord","s":"25N-H54NV20S-80-S"},{"r":"28","t":"13:38:00","h":"Nord","s":"25S-H54S000S-82-S"},{"r":"28","t":"13:41:00","h":"Nord","s":"25N-H54N000A-80-A"},{"r":"28","t":"13:41:00","h":"Nord","s":"25N-H54NV10A-80-A"},{"r":"28","t":"13:41:00","h":"Nord","s":"25N-H54NV20A-80-A"},{"r":"28","t":"13:41:00","h":"Nord","s":"25S-H54S000A-83-A"},{"r":"28","t":"14:02:00","h":"Nord","s":"25N-H54N000I-80-I"},{"r":"28","t":"14:02:00","h":"Nord","s":"25N-H54N100F-80-F1"},{"r":"28","t":"14:02:00","h":"Nord","s":"25N-H54N200F-80-F2"},{"r":"28","t":"14:02:00","h":"Nord","s":"25N-H54N300F-80-F3"},{"r":"28","t":"14:02:00","h":"Nord","s":"25N-H54N400F-80-F4"},{"r":"28","t":"14:02:00","h":"Nord","s":"25N-H54NV10I-80-I"},{"r":"28","t":"14:02:00","h":"Nord","s":"25N-H54NV20I-80-I"},{"r":"28","t":"14:02:00","h":"Nord","s":"25S-H54S000I-82-I"},{"r":"28","t":"14:02:00","h":"Nord","s":"25S-H54S100F-80-F1"},{"r":"28","t":"14:02:00","h":"Nord","s":"25S-H54S200F-80-F2"},{"r":"28","t":"14:05:00","h":"Nord","s":"25N-H54N000S-80-S"},{"r":"28","t":"14:05:00","h":"Nord","s":"25N-H54NV10S-82-S"},{"r":"28","t":"14:05:00","h":"Nord","s":"25N-H54NV20S-80-S"},{"r":"28","t":"14:05:00","h":"Nord","s":"25S-H54S000S-82-S"},{"r":"28","t":"14:13:00","h":"Nord","s":"25N-H54N000A-80-A"},{"r":"28","t":"14:13:00","h":"Nord","s":"25N-H54NV10A-80-A"},{"r":"28","t":"14:13:00","h":"Nord","s":"25N-H54NV20A-80-A"},{"r":"28","t":"14:13:00","h":"Nord","s":"25S-H54S000A-83-A"},{"r":"28","t":"14:34:00","h":"Nord","s":"25N-H54N000I-80-I"},{"r":"28","t":"14:34:00","h":"Nord","s":"25N-H54N100F-80-F1"},{"r":"28","t":"14:34:00","h":"Nord","s":"25N-H54N200F-80-F2"},{"r":"28","t":"14:34:00","h":"Nord","s":"25N-H54N300F-80-F3"},{"r":"28","t":"14:34:00","h":"Nord","s":"25N-H54N400F-80-F4"},{"r":"28","t":"14:34:00","h":"Nord","s":"25N-H54NV10I-80-I"},{"r":"28","t":"14:34:00","h":"Nord","s":"25N-H54NV20I-80-I"},{"r":"28","t":"14:34:00","h":"Nord","s":"25S-H54S000I-82-I"},{"r":"28","t":"14:34:00","h":"Nord","s":"25S-H54S100F-80-F1"},{"r":"28","t":"14:34:00","h":"Nord","s":"25S-H54S200F-80-F2"},{"r":"28","t":"14:37:00","h":"Nord","s":"25N-H54N000S-80-S"},{"r":"28","t":"14:37:00","h":"Nord","s":"25N-H54NV10S-82-S"},{"r":"28","t":"14:37:00","h":"Nord","s":"25N-H54NV20S-80-S"},{"r":"28","t":"14:37:00","h":"Nord","s":"25S-H54S000S-82-S"},{"r":"28","t":"14:45:00","h":"Nord","s":"25N-H54N000A-80-A"},{"r":"28","t":"14:45:00","h":"Nord","s":"25N-H54NV10A-80-A"},{"r":"28","t":"14:45:00","h":"Nord","s":"25N-H54NV20A-80-A"},{"r":"28","t":"14:45:00","h":"Nord","s":"25S-H54S000A-83-A"},{"r":"28","t":"15:06:00","h":"Nord","s":"25N-H54N000I-80-I"},{"r":"28","t":"15:06:00","h":"Nord","s":"25N-H54N100F-80-F1"},{"r":"28","t":"15:06:00","h":"Nord","s":"25N-H54N200F-80-F2"},{"r":"28","t":"15:06:00","h":"Nord","s":"25N-H54N300F-80-F3"},{"r":"28","t":"15:06:00","h":"Nord","s":"25N-H54N400F-80-F4"},{"r":"28","t":"15:06:00","h":"Nord","s":"25N-H54NV10I-80-I"},{"r":"28","t":"15:06:00","h":"Nord","s":"25N-H54NV20I-80-I"},{"r":"28","t":"15:06:00","h":"Nord","s":"25S-H54S000I-82-I"},{"r":"28","t":"15:06:00","h":"Nord","s":"25S-H54S100F-80-F1"},{"r":"28","t":"15:06:00","h":"Nord","s":"25S-H54S200F-80-F2"},{"r":"28","t":"15:09:00","h":"Nord","s":"25N-H54N000S-80-S"},{"r":"28","t":"15:09:00","h":"Nord","s":"25N-H54NV10S-82-S"},{"r":"28","t":"15:09:00","h":"Nord","s":"25N-H54NV20S-80-S"},{"r":"28","t":"15:09:00","h":"Nord","s":"25S-H54S000S-82-S"},{"r":"28","t":"15:16:00","h":"Nord","s":"25N-H54N000A-80-A"},{"r":"28","t":"15:16:00","h":"Nord","s":"25N-H54NV10A-80-A"},{"r":"28","t":"15:16:00","h":"Nord","s":"25N-H54NV20A-80-A"},{"r":"28","t":"15:16:00","h":"Nord","s":"25S-H54S000A-83-A"},{"r":"28","t":"15:39:00","h":"Nord","s":"25N-H54N000I-80-I"},{"r":"28","t":"15:39:00","h":"Nord","s":"25N-H54N100F-80-F1"},{"r":"28","t":"15:39:00","h":"Nord","s":"25N-H54N200F-80-F2"},{"r":"28","t":"15:39:00","h":"Nord","s":"25N-H54N300F-80-F3"},{"r":"28","t":"15:39:00","h":"Nord","s":"25N-H54N400F-80-F4"},{"r":"28","t":"15:39:00","h":"Nord","s":"25N-H54NV10I-80-I"},{"r":"28","t":"15:39:00","h":"Nord","s":"25N-H54NV20I-80-I"},{"r":"28","t":"15:39:00","h":"Nord","s":"25S-H54S000I-82-I"},{"r":"28","t":"15:39:00","h":"Nord","s":"25S-H54S100F-80-F1"},{"r":"28","t":"15:39:00","h":"Nord","s":"25S-H54S200F-80-F2"},{"r":"28","t":"15:41:00","h":"Nord","s":"25N-H55N000S-80-S"},{"r":"28","t":"15:41:00","h":"Nord","s":"25N-H55N000S-82-S"},{"r":"28","t":"15:41:00","h":"Nord","s":"25N-H55NV10S-85-S"},{"r":"28","t":"15:41:00","h":"Nord","s":"25N-H55NV20S-81-S"},{"r":"28","t":"15:41:00","h":"Nord","s":"25S-H55S000S-82-S"},{"r":"28","t":"15:47:00","h":"Nord","s":"25N-H54N000A-80-A"},{"r":"28","t":"15:47:00","h":"Nord","s":"25N-H54NV10A-80-A"},{"r":"28","t":"15:47:00","h":"Nord","s":"25N-H54NV20A-80-A"},{"r":"28","t":"15:47:00","h":"Nord","s":"25S-H54S000A-83-A"},{"r":"28","t":"16:12:00","h":"Nord","s":"25N-H54N000I-80-I"},{"r":"28","t":"16:12:00","h":"Nord","s":"25N-H54N000S-80-S"},{"r":"28","t":"16:12:00","h":"Nord","s":"25N-H54N100F-80-F1"},{"r":"28","t":"16:12:00","h":"Nord","s":"25N-H54N200F-80-F2"},{"r":"28","t":"16:12:00","h":"Nord","s":"25N-H54N300F-80-F3"},{"r":"28","t":"16:12:00","h":"Nord","s":"25N-H54N400F-80-F4"},{"r":"28","t":"16:12:00","h":"Nord","s":"25N-H54NV10I-80-I"},{"r":"28","t":"16:12:00","h":"Nord","s":"25N-H54NV10S-82-S"},{"r":"28","t":"16:12:00","h":"Nord","s":"25N-H54NV20I-80-I"},{"r":"28","t":"16:12:00","h":"Nord","s":"25N-H54NV20S-80-S"},{"r":"28","t":"16:12:00","h":"Nord","s":"25S-H54S000I-82-I"},{"r":"28","t":"16:12:00","h":"Nord","s":"25S-H54S000S-82-S"},{"r":"28","t":"16:12:00","h":"Nord","s":"25S-H54S100F-80-F1"},{"r":"28","t":"16:12:00","h":"Nord","s":"25S-H54S200F-80-F2"},{"r":"28","t":"16:18:00","h":"Nord","s":"25N-H54N000A-80-A"},{"r":"28","t":"16:18:00","h":"Nord","s":"25N-H54NV10A-80-A"},{"r":"28","t":"16:18:00","h":"Nord","s":"25N-H54NV20A-80-A"},{"r":"28","t":"16:18:00","h":"Nord","s":"25S-H54S000A-83-A"},{"r":"28","t":"16:42:00","h":"Nord","s":"25N-H54N000S-80-S"},{"r":"28","t":"16:42:00","h":"Nord","s":"25N-H54NV10S-82-S"},{"r":"28","t":"16:42:00","h":"Nord","s":"25N-H54NV20S-80-S"},{"r":"28","t":"16:42:00","h":"Nord","s":"25S-H54S000S-82-S"},{"r":"28","t":"16:45:00","h":"Nord","s":"25N-H54N000I-80-I"},{"r":"28","t":"16:45:00","h":"Nord","s":"25N-H54N100F-80-F1"},{"r":"28","t":"16:45:00","h":"Nord","s":"25N-H54N200F-80-F2"},{"r":"28","t":"16:45:00","h":"Nord","s":"25N-H54N300F-80-F3"},{"r":"28","t":"16:45:00","h":"Nord","s":"25N-H54N400F-80-F4"},{"r":"28","t":"16:45:00","h":"Nord","s":"25N-H54NV10I-80-I"},{"r":"28","t":"16:45:00","h":"Nord","s":"25N-H54NV20I-80-I"},{"r":"28","t":"16:45:00","h":"Nord","s":"25S-H54S000I-82-I"},{"r":"28","t":"16:45:00","h":"Nord","s":"25S-H54S100F-80-F1"},{"r":"28","t":"16:45:00","h":"Nord","s":"25S-H54S200F-80-F2"},{"r":"28","t":"16:49:00","h":"Nord","s":"25N-H54N000A-80-A"},{"r":"28","t":"16:49:00","h":"Nord","s":"25N-H54NV10A-80-A"},{"r":"28","t":"16:49:00","h":"Nord","s":"25N-H54NV20A-80-A"},{"r":"28","t":"16:49:00","h":"Nord","s":"25S-H54S000A-83-A"},{"r":"28","t":"16:55:00","h":"Nord","s":"25N-H54N000S-80-S"},{"r":"28","t":"16:55:00","h":"Nord","s":"25N-H54NV10S-82-S"},{"r":"28","t":"16:55:00","h":"Nord","s":"25N-H54NV20S-80-S"},{"r":"28","t":"16:55:00","h":"Nord","s":"25S-H54S000S-82-S"},{"r":"28","t":"17:12:00","h":"Nord","s":"25N-H54N000S-80-S"},{"r":"28","t":"17:12:00","h":"Nord","s":"25N-H54NV10S-82-S"},{"r":"28","t":"17:12:00","h":"Nord","s":"25N-H54NV20S-80-S"},{"r":"28","t":"17:12:00","h":"Nord","s":"25S-H54S000S-82-S"},{"r":"28","t":"17:18:00","h":"Nord","s":"25N-H54N000I-80-I"},{"r":"28","t":"17:18:00","h":"Nord","s":"25N-H54N100F-80-F1"},{"r":"28","t":"17:18:00","h":"Nord","s":"25N-H54N200F-80-F2"},{"r":"28","t":"17:18:00","h":"Nord","s":"25N-H54N300F-80-F3"},{"r":"28","t":"17:18:00","h":"Nord","s":"25N-H54N400F-80-F4"},{"r":"28","t":"17:18:00","h":"Nord","s":"25N-H54NV10I-80-I"},{"r":"28","t":"17:18:00","h":"Nord","s":"25N-H54NV20I-80-I"},{"r":"28","t":"17:18:00","h":"Nord","s":"25S-H54S000I-82-I"},{"r":"28","t":"17:18:00","h":"Nord","s":"25S-H54S100F-80-F1"},{"r":"28","t":"17:18:00","h":"Nord","s":"25S-H54S200F-80-F2"},{"r":"28","t":"17:21:00","h":"Nord","s":"25N-H54N000A-80-A"},{"r":"28","t":"17:21:00","h":"Nord","s":"25N-H54NV10A-80-A"},{"r":"28","t":"17:21:00","h":"Nord","s":"25N-H54NV20A-80-A"},{"r":"28","t":"17:21:00","h":"Nord","s":"25S-H54S000A-83-A"},{"r":"28","t":"17:22:00","h":"Nord","s":"25N-H54N000S-80-S"},{"r":"28","t":"17:22:00","h":"Nord","s":"25N-H54NV10S-82-S"},{"r":"28","t":"17:22:00","h":"Nord","s":"25N-H54NV20S-80-S"},{"r":"28","t":"17:22:00","h":"Nord","s":"25S-H54S000S-82-S"},{"r":"28","t":"17:40:00","h":"Nord","s":"25N-H54N000S-80-S"},{"r":"28","t":"17:40:00","h":"Nord","s":"25N-H54NV10S-82-S"},{"r":"28","t":"17:40:00","h":"Nord","s":"25N-H54NV20S-80-S"},{"r":"28","t":"17:40:00","h":"Nord","s":"25S-H54S000S-82-S"},{"r":"28","t":"17:50:00","h":"Nord","s":"25N-H54N000S-80-S"},{"r":"28","t":"17:50:00","h":"Nord","s":"25N-H54NV10S-82-S"},{"r":"28","t":"17:50:00","h":"Nord","s":"25N-H54NV20S-80-S"},{"r":"28","t":"17:50:00","h":"Nord","s":"25S-H54S000S-82-S"},{"r":"28","t":"17:51:00","h":"Nord","s":"25N-H54N000I-80-I"},{"r":"28","t":"17:51:00","h":"Nord","s":"25N-H54N100F-80-F1"},{"r":"28","t":"17:51:00","h":"Nord","s":"25N-H54N200F-80-F2"},{"r":"28","t":"17:51:00","h":"Nord","s":"25N-H54N300F-80-F3"},{"r":"28","t":"17:51:00","h":"Nord","s":"25N-H54N400F-80-F4"},{"r":"28","t":"17:51:00","h":"Nord","s":"25N-H54NV10I-80-I"},{"r":"28","t":"17:51:00","h":"Nord","s":"25N-H54NV20I-80-I"},{"r":"28","t":"17:51:00","h":"Nord","s":"25S-H54S000I-82-I"},{"r":"28","t":"17:51:00","h":"Nord","s":"25S-H54S100F-80-F1"},{"r":"28","t":"17:51:00","h":"Nord","s":"25S-H54S200F-80-F2"},{"r":"28","t":"17:52:00","h":"Nord","s":"25N-H54N000A-80-A"},{"r":"28","t":"17:52:00","h":"Nord","s":"25N-H54NV10A-80-A"},{"r":"28","t":"17:52:00","h":"Nord","s":"25N-H54NV20A-80-A"},{"r":"28","t":"17:52:00","h":"Nord","s":"25S-H54S000A-83-A"},{"r":"28","t":"18:05:00","h":"Nord","s":"25N-H54N000S-80-S"},{"r":"28","t":"18:05:00","h":"Nord","s":"25N-H54NV10S-82-S"},{"r":"28","t":"18:05:00","h":"Nord","s":"25N-H54NV20S-80-S"},{"r":"28","t":"18:05:00","h":"Nord","s":"25S-H54S000S-82-S"},{"r":"28","t":"18:19:00","h":"Nord","s":"25N-H54N000S-80-S"},{"r":"28","t":"18:19:00","h":"Nord","s":"25N-H54NV10S-82-S"},{"r":"28","t":"18:19:00","h":"Nord","s":"25N-H54NV20S-80-S"},{"r":"28","t":"18:19:00","h":"Nord","s":"25S-H54S000S-82-S"},{"r":"28","t":"18:24:00","h":"Nord","s":"25N-H54N000A-80-A"},{"r":"28","t":"18:24:00","h":"Nord","s":"25N-H54N000I-80-I"},{"r":"28","t":"18:24:00","h":"Nord","s":"25N-H54N100F-80-F1"},{"r":"28","t":"18:24:00","h":"Nord","s":"25N-H54N200F-80-F2"},{"r":"28","t":"18:24:00","h":"Nord","s":"25N-H54N300F-80-F3"},{"r":"28","t":"18:24:00","h":"Nord","s":"25N-H54N400F-80-F4"},{"r":"28","t":"18:24:00","h":"Nord","s":"25N-H54NV10A-80-A"},{"r":"28","t":"18:24:00","h":"Nord","s":"25N-H54NV10I-80-I"},{"r":"28","t":"18:24:00","h":"Nord","s":"25N-H54NV20A-80-A"},{"r":"28","t":"18:24:00","h":"Nord","s":"25N-H54NV20I-80-I"},{"r":"28","t":"18:24:00","h":"Nord","s":"25S-H54S000A-83-A"},{"r":"28","t":"18:24:00","h":"Nord","s":"25S-H54S000I-82-I"},{"r":"28","t":"18:24:00","h":"Nord","s":"25S-H54S100F-80-F1"},{"r":"28","t":"18:24:00","h":"Nord","s":"25S-H54S200F-80-F2"},{"r":"28","t":"18:36:00","h":"Nord","s":"25N-H54N000S-80-S"},{"r":"28","t":"18:36:00","h":"Nord","s":"25N-H54NV10S-82-S"},{"r":"28","t":"18:36:00","h":"Nord","s":"25N-H54NV20S-80-S"},{"r":"28","t":"18:36:00","h":"Nord","s":"25S-H54S000S-82-S"},{"r":"28","t":"18:48:00","h":"Nord","s":"25N-H54N000S-80-S"},{"r":"28","t":"18:48:00","h":"Nord","s":"25N-H54NV10S-82-S"},{"r":"28","t":"18:48:00","h":"Nord","s":"25N-H54NV20S-80-S"},{"r":"28","t":"18:48:00","h":"Nord","s":"25S-H54S000S-82-S"},{"r":"28","t":"18:57:00","h":"Nord","s":"25N-H54N000A-80-A"},{"r":"28","t":"18:57:00","h":"Nord","s":"25N-H54N000I-80-I"},{"r":"28","t":"18:57:00","h":"Nord","s":"25N-H54N100F-80-F1"},{"r":"28","t":"18:57:00","h":"Nord","s":"25N-H54N200F-80-F2"},{"r":"28","t":"18:57:00","h":"Nord","s":"25N-H54N300F-80-F3"},{"r":"28","t":"18:57:00","h":"Nord","s":"25N-H54N400F-80-F4"},{"r":"28","t":"18:57:00","h":"Nord","s":"25N-H54NV10A-80-A"},{"r":"28","t":"18:57:00","h":"Nord","s":"25N-H54NV10I-80-I"},{"r":"28","t":"18:57:00","h":"Nord","s":"25N-H54NV20A-80-A"},{"r":"28","t":"18:57:00","h":"Nord","s":"25N-H54NV20I-80-I"},{"r":"28","t":"18:57:00","h":"Nord","s":"25S-H54S000A-83-A"},{"r":"28","t":"18:57:00","h":"Nord","s":"25S-H54S000I-82-I"},{"r":"28","t":"18:57:00","h":"Nord","s":"25S-H54S100F-80-F1"},{"r":"28","t":"18:57:00","h":"Nord","s":"25S-H54S200F-80-F2"},{"r":"28","t":"19:07:00","h":"Nord","s":"25N-H54N000S-80-S"},{"r":"28","t":"19:07:00","h":"Nord","s":"25N-H54NV10S-82-S"},{"r":"28","t":"19:07:00","h":"Nord","s":"25N-H54NV20S-80-S"},{"r":"28","t":"19:07:00","h":"Nord","s":"25S-H54S000S-82-S"},{"r":"28","t":"19:30:00","h":"Nord","s":"25N-H54N000A-80-A"},{"r":"28","t":"19:30:00","h":"Nord","s":"25N-H54N000I-80-I"},{"r":"28","t":"19:30:00","h":"Nord","s":"25N-H54N100F-80-F1"},{"r":"28","t":"19:30:00","h":"Nord","s":"25N-H54N200F-80-F2"},{"r":"28","t":"19:30:00","h":"Nord","s":"25N-H54N300F-80-F3"},{"r":"28","t":"19:30:00","h":"Nord","s":"25N-H54N400F-80-F4"},{"r":"28","t":"19:30:00","h":"Nord","s":"25N-H54NV10A-80-A"},{"r":"28","t":"19:30:00","h":"Nord","s":"25N-H54NV10I-80-I"},{"r":"28","t":"19:30:00","h":"Nord","s":"25N-H54NV20A-80-A"},{"r":"28","t":"19:30:00","h":"Nord","s":"25N-H54NV20I-80-I"},{"r":"28","t":"19:30:00","h":"Nord","s":"25S-H54S000A-83-A"},{"r":"28","t":"19:30:00","h":"Nord","s":"25S-H54S000I-82-I"},{"r":"28","t":"19:30:00","h":"Nord","s":"25S-H54S100F-80-F1"},{"r":"28","t":"19:30:00","h":"Nord","s":"25S-H54S200F-80-F2"},{"r":"28","t":"19:37:00","h":"Nord","s":"25N-H54N000S-80-S"},{"r":"28","t":"19:37:00","h":"Nord","s":"25N-H54NV10S-82-S"},{"r":"28","t":"19:37:00","h":"Nord","s":"25N-H54NV20S-80-S"},{"r":"28","t":"19:37:00","h":"Nord","s":"25S-H54S000S-82-S"},{"r":"28","t":"20:03:00","h":"Nord","s":"25N-H54N000I-80-I"},{"r":"28","t":"20:03:00","h":"Nord","s":"25N-H54N100F-80-F1"},{"r":"28","t":"20:03:00","h":"Nord","s":"25N-H54N200F-80-F2"},{"r":"28","t":"20:03:00","h":"Nord","s":"25N-H54N300F-80-F3"},{"r":"28","t":"20:03:00","h":"Nord","s":"25N-H54N400F-80-F4"},{"r":"28","t":"20:03:00","h":"Nord","s":"25N-H54NV10I-80-I"},{"r":"28","t":"20:03:00","h":"Nord","s":"25N-H54NV20I-80-I"},{"r":"28","t":"20:03:00","h":"Nord","s":"25S-H54S000I-82-I"},{"r":"28","t":"20:03:00","h":"Nord","s":"25S-H54S100F-80-F1"},{"r":"28","t":"20:03:00","h":"Nord","s":"25S-H54S200F-80-F2"},{"r":"28","t":"20:04:00","h":"Nord","s":"25N-H54N000A-80-A"},{"r":"28","t":"20:04:00","h":"Nord","s":"25N-H54NV10A-80-A"},{"r":"28","t":"20:04:00","h":"Nord","s":"25N-H54NV20A-80-A"},{"r":"28","t":"20:04:00","h":"Nord","s":"25S-H54S000A-83-A"},{"r":"28","t":"20:08:00","h":"Nord","s":"25N-H54N000S-80-S"},{"r":"28","t":"20:08:00","h":"Nord","s":"25N-H54NV10S-82-S"},{"r":"28","t":"20:08:00","h":"Nord","s":"25N-H54NV20S-80-S"},{"r":"28","t":"20:08:00","h":"Nord","s":"25S-H54S000S-82-S"},{"r":"28","t":"20:36:00","h":"Nord","s":"25N-H54N000I-80-I"},{"r":"28","t":"20:36:00","h":"Nord","s":"25N-H54N100F-80-F1"},{"r":"28","t":"20:36:00","h":"Nord","s":"25N-H54N200F-80-F2"},{"r":"28","t":"20:36:00","h":"Nord","s":"25N-H54N300F-80-F3"},{"r":"28","t":"20:36:00","h":"Nord","s":"25N-H54N400F-80-F4"},{"r":"28","t":"20:36:00","h":"Nord","s":"25N-H54NV10I-80-I"},{"r":"28","t":"20:36:00","h":"Nord","s":"25N-H54NV20I-80-I"},{"r":"28","t":"20:36:00","h":"Nord","s":"25S-H54S000I-82-I"},{"r":"28","t":"20:36:00","h":"Nord","s":"25S-H54S100F-80-F1"},{"r":"28","t":"20:36:00","h":"Nord","s":"25S-H54S200F-80-F2"},{"r":"28","t":"20:38:00","h":"Nord","s":"25N-H54N000A-80-A"},{"r":"28","t":"20:38:00","h":"Nord","s":"25N-H54NV10A-80-A"},{"r":"28","t":"20:38:00","h":"Nord","s":"25N-H54NV20A-80-A"},{"r":"28","t":"20:38:00","h":"Nord","s":"25S-H54S000A-83-A"},{"r":"28","t":"20:39:00","h":"Nord","s":"25N-H54N000S-80-S"},{"r":"28","t":"20:39:00","h":"Nord","s":"25N-H54NV10S-82-S"},{"r":"28","t":"20:39:00","h":"Nord","s":"25N-H54NV20S-80-S"},{"r":"28","t":"20:39:00","h":"Nord","s":"25S-H54S000S-82-S"},{"r":"28","t":"21:09:00","h":"Nord","s":"25N-H54N000I-80-I"},{"r":"28","t":"21:09:00","h":"Nord","s":"25N-H54N100F-80-F1"},{"r":"28","t":"21:09:00","h":"Nord","s":"25N-H54N200F-80-F2"},{"r":"28","t":"21:09:00","h":"Nord","s":"25N-H54N300F-80-F3"},{"r":"28","t":"21:09:00","h":"Nord","s":"25N-H54N400F-80-F4"},{"r":"28","t":"21:09:00","h":"Nord","s":"25N-H54NV10I-80-I"},{"r":"28","t":"21:09:00","h":"Nord","s":"25N-H54NV20I-80-I"},{"r":"28","t":"21:09:00","h":"Nord","s":"25S-H54S000I-82-I"},{"r":"28","t":"21:09:00","h":"Nord","s":"25S-H54S100F-80-F1"},{"r":"28","t":"21:09:00","h":"Nord","s":"25S-H54S200F-80-F2"},{"r":"28","t":"21:10:00","h":"Nord","s":"25N-H54N000S-80-S"},{"r":"28","t":"21:10:00","h":"Nord","s":"25N-H54NV10S-82-S"},{"r":"28","t":"21:10:00","h":"Nord","s":"25N-H54NV20S-80-S"},{"r":"28","t":"21:10:00","h":"Nord","s":"25S-H54S000S-82-S"},{"r":"28","t":"21:12:00","h":"Nord","s":"25N-H54N000A-80-A"},{"r":"28","t":"21:12:00","h":"Nord","s":"25N-H54NV10A-80-A"},{"r":"28","t":"21:12:00","h":"Nord","s":"25N-H54NV20A-80-A"},{"r":"28","t":"21:12:00","h":"Nord","s":"25S-H54S000A-83-A"},{"r":"28","t":"21:40:00","h":"Nord","s":"25N-H54N000I-80-I"},{"r":"28","t":"21:40:00","h":"Nord","s":"25N-H54N000S-80-S"},{"r":"28","t":"21:40:00","h":"Nord","s":"25N-H54N100F-80-F1"},{"r":"28","t":"21:40:00","h":"Nord","s":"25N-H54N200F-80-F2"},{"r":"28","t":"21:40:00","h":"Nord","s":"25N-H54N300F-80-F3"},{"r":"28","t":"21:40:00","h":"Nord","s":"25N-H54N400F-80-F4"},{"r":"28","t":"21:40:00","h":"Nord","s":"25N-H54NV10I-80-I"},{"r":"28","t":"21:40:00","h":"Nord","s":"25N-H54NV10S-82-S"},{"r":"28","t":"21:40:00","h":"Nord","s":"25N-H54NV20I-80-I"},{"r":"28","t":"21:40:00","h":"Nord","s":"25N-H54NV20S-80-S"},{"r":"28","t":"21:40:00","h":"Nord","s":"25S-H54S000I-82-I"},{"r":"28","t":"21:40:00","h":"Nord","s":"25S-H54S000S-82-S"},{"r":"28","t":"21:40:00","h":"Nord","s":"25S-H54S100F-80-F1"},{"r":"28","t":"21:40:00","h":"Nord","s":"25S-H54S200F-80-F2"},{"r":"28","t":"21:46:00","h":"Nord","s":"25N-H54N000A-80-A"},{"r":"28","t":"21:46:00","h":"Nord","s":"25N-H54NV10A-80-A"},{"r":"28","t":"21:46:00","h":"Nord","s":"25N-H54NV20A-80-A"},{"r":"28","t":"21:46:00","h":"Nord","s":"25S-H54S000A-83-A"},{"r":"28","t":"22:09:00","h":"Nord","s":"25N-H54N000S-80-S"},{"r":"28","t":"22:09:00","h":"Nord","s":"25N-H54NV10S-82-S"},{"r":"28","t":"22:09:00","h":"Nord","s":"25N-H54NV20S-80-S"},{"r":"28","t":"22:09:00","h":"Nord","s":"25S-H54S000S-82-S"},{"r":"28","t":"22:13:00","h":"Nord","s":"25N-H54N000I-80-I"},{"r":"28","t":"22:13:00","h":"Nord","s":"25N-H54N100F-80-F1"},{"r":"28","t":"22:13:00","h":"Nord","s":"25N-H54N200F-80-F2"},{"r":"28","t":"22:13:00","h":"Nord","s":"25N-H54N300F-80-F3"},{"r":"28","t":"22:13:00","h":"Nord","s":"25N-H54N400F-80-F4"},{"r":"28","t":"22:13:00","h":"Nord","s":"25N-H54NV10I-80-I"},{"r":"28","t":"22:13:00","h":"Nord","s":"25N-H54NV20I-80-I"},{"r":"28","t":"22:13:00","h":"Nord","s":"25S-H54S000I-82-I"},{"r":"28","t":"22:13:00","h":"Nord","s":"25S-H54S100F-80-F1"},{"r":"28","t":"22:13:00","h":"Nord","s":"25S-H54S200F-80-F2"},{"r":"28","t":"22:19:00","h":"Nord","s":"25N-H54N000A-80-A"},{"r":"28","t":"22:19:00","h":"Nord","s":"25N-H54NV10A-80-A"},{"r":"28","t":"22:19:00","h":"Nord","s":"25N-H54NV20A-80-A"},{"r":"28","t":"22:19:00","h":"Nord","s":"25S-H54S000A-83-A"},{"r":"28","t":"22:40:00","h":"Nord","s":"25N-H54N000S-80-S"},{"r":"28","t":"22:40:00","h":"Nord","s":"25N-H54NV10S-82-S"},{"r":"28","t":"22:40:00","h":"Nord","s":"25N-H54NV20S-80-S"},{"r":"28","t":"22:40:00","h":"Nord","s":"25S-H54S000S-82-S"},{"r":"28","t":"22:45:00","h":"Nord","s":"25N-H54N000I-80-I"},{"r":"28","t":"22:45:00","h":"Nord","s":"25N-H54N100F-80-F1"},{"r":"28","t":"22:45:00","h":"Nord","s":"25N-H54N200F-80-F2"},{"r":"28","t":"22:45:00","h":"Nord","s":"25N-H54N300F-80-F3"},{"r":"28","t":"22:45:00","h":"Nord","s":"25N-H54N400F-80-F4"},{"r":"28","t":"22:45:00","h":"Nord","s":"25N-H54NV10I-80-I"},{"r":"28","t":"22:45:00","h":"Nord","s":"25N-H54NV20I-80-I"},{"r":"28","t":"22:45:00","h":"Nord","s":"25S-H54S000I-82-I"},{"r":"28","t":"22:45:00","h":"Nord","s":"25S-H54S100F-80-F1"},{"r":"28","t":"22:45:00","h":"Nord","s":"25S-H54S200F-80-F2"},{"r":"28","t":"22:52:00","h":"Nord","s":"25N-H54N000A-80-A"},{"r":"28","t":"22:52:00","h":"Nord","s":"25N-H54NV10A-80-A"},{"r":"28","t":"22:52:00","h":"Nord","s":"25N-H54NV20A-80-A"},{"r":"28","t":"22:52:00","h":"Nord","s":"25S-H54S000A-83-A"},{"r":"28","t":"23:10:00","h":"Nord","s":"25N-H54N000S-80-S"},{"r":"28","t":"23:10:00","h":"Nord","s":"25N-H54NV10S-82-S"},{"r":"28","t":"23:10:00","h":"Nord","s":"25N-H54NV20S-80-S"},{"r":"28","t":"23:10:00","h":"Nord","s":"25S-H54S000S-82-S"},{"r":"28","t":"23:18:00","h":"Nord","s":"25N-H54N000I-80-I"},{"r":"28","t":"23:18:00","h":"Nord","s":"25N-H54N100F-80-F1"},{"r":"28","t":"23:18:00","h":"Nord","s":"25N-H54N200F-80-F2"},{"r":"28","t":"23:18:00","h":"Nord","s":"25N-H54N300F-80-F3"},{"r":"28","t":"23:18:00","h":"Nord","s":"25N-H54N400F-80-F4"},{"r":"28","t":"23:18:00","h":"Nord","s":"25N-H54NV10I-80-I"},{"r":"28","t":"23:18:00","h":"Nord","s":"25N-H54NV20I-80-I"},{"r":"28","t":"23:18:00","h":"Nord","s":"25S-H54S000I-82-I"},{"r":"28","t":"23:18:00","h":"Nord","s":"25S-H54S100F-80-F1"},{"r":"28","t":"23:18:00","h":"Nord","s":"25S-H54S200F-80-F2"},{"r":"28","t":"23:25:00","h":"Nord","s":"25N-H54N000A-80-A"},{"r":"28","t":"23:25:00","h":"Nord","s":"25N-H54NV10A-80-A"},{"r":"28","t":"23:25:00","h":"Nord","s":"25N-H54NV20A-80-A"},{"r":"28","t":"23:25:00","h":"Nord","s":"25S-H54S000A-83-A"},{"r":"28","t":"23:39:00","h":"Nord","s":"25N-H54N000S-80-S"},{"r":"28","t":"23:39:00","h":"Nord","s":"25N-H54NV10S-82-S"},{"r":"28","t":"23:39:00","h":"Nord","s":"25N-H54NV20S-80-S"},{"r":"28","t":"23:39:00","h":"Nord","s":"25S-H54S000S-82-S"},{"r":"28","t":"23:51:00","h":"Nord","s":"25N-H54N000I-80-I"},{"r":"28","t":"23:51:00","h":"Nord","s":"25N-H54N100F-80-F1"},{"r":"28","t":"23:51:00","h":"Nord","s":"25N-H54N200F-80-F2"},{"r":"28","t":"23:51:00","h":"Nord","s":"25N-H54N300F-80-F3"},{"r":"28","t":"23:51:00","h":"Nord","s":"25N-H54N400F-80-F4"},{"r":"28","t":"23:51:00","h":"Nord","s":"25N-H54NV10I-80-I"},{"r":"28","t":"23:51:00","h":"Nord","s":"25N-H54NV20I-80-I"},{"r":"28","t":"23:51:00","h":"Nord","s":"25S-H54S000I-82-I"},{"r":"28","t":"23:51:00","h":"Nord","s":"25S-H54S100F-80-F1"},{"r":"28","t":"23:51:00","h":"Nord","s":"25S-H54S200F-80-F2"},{"r":"28","t":"23:57:00","h":"Nord","s":"25N-H54N000A-80-A"},{"r":"28","t":"23:57:00","h":"Nord","s":"25N-H54NV10A-80-A"},{"r":"28","t":"23:57:00","h":"Nord","s":"25N-H54NV20A-80-A"},{"r":"28","t":"23:57:00","h":"Nord","s":"25S-H54S000A-83-A"},{"r":"28","t":"24:08:00","h":"Nord","s":"25N-H54N000S-80-S"},{"r":"28","t":"24:08:00","h":"Nord","s":"25N-H54NV10S-82-S"},{"r":"28","t":"24:08:00","h":"Nord","s":"25N-H54NV20S-80-S"},{"r":"28","t":"24:08:00","h":"Nord","s":"25S-H54S000S-82-S"},{"r":"28","t":"24:24:00","h":"Nord","s":"25N-H54N000I-80-I"},{"r":"28","t":"24:24:00","h":"Nord","s":"25N-H54N100F-80-F1"},{"r":"28","t":"24:24:00","h":"Nord","s":"25N-H54N200F-80-F2"},{"r":"28","t":"24:24:00","h":"Nord","s":"25N-H54N300F-80-F3"},{"r":"28","t":"24:24:00","h":"Nord","s":"25N-H54N400F-80-F4"},{"r":"28","t":"24:24:00","h":"Nord","s":"25N-H54NV10I-80-I"},{"r":"28","t":"24:24:00","h":"Nord","s":"25N-H54NV20I-80-I"},{"r":"28","t":"24:24:00","h":"Nord","s":"25S-H54S000I-82-I"},{"r":"28","t":"24:24:00","h":"Nord","s":"25S-H54S100F-80-F1"},{"r":"28","t":"24:24:00","h":"Nord","s":"25S-H54S200F-80-F2"},{"r":"28","t":"24:30:00","h":"Nord","s":"25N-H54N000A-80-A"},{"r":"28","t":"24:30:00","h":"Nord","s":"25N-H54NV10A-80-A"},{"r":"28","t":"24:30:00","h":"Nord","s":"25N-H54NV20A-80-A"},{"r":"28","t":"24:30:00","h":"Nord","s":"25S-H54S000A-83-A"},{"r":"28","t":"24:38:00","h":"Nord","s":"25N-H54N000S-80-S"},{"r":"28","t":"24:38:00","h":"Nord","s":"25N-H54NV10S-82-S"},{"r":"28","t":"24:38:00","h":"Nord","s":"25N-H54NV20S-80-S"},{"r":"28","t":"24:38:00","h":"Nord","s":"25S-H54S000S-82-S"},{"r":"28","t":"24:57:00","h":"Nord","s":"25N-H54N000I-80-I"},{"r":"28","t":"24:57:00","h":"Nord","s":"25N-H54N100F-80-F1"},{"r":"28","t":"24:57:00","h":"Nord","s":"25N-H54N200F-80-F2"},{"r":"28","t":"24:57:00","h":"Nord","s":"25N-H54N300F-80-F3"},{"r":"28","t":"24:57:00","h":"Nord","s":"25N-H54N400F-80-F4"},{"r":"28","t":"24:57:00","h":"Nord","s":"25N-H54NV10I-80-I"},{"r":"28","t":"24:57:00","h":"Nord","s":"25N-H54NV20I-80-I"},{"r":"28","t":"24:57:00","h":"Nord","s":"25S-H54S000I-82-I"},{"r":"28","t":"24:57:00","h":"Nord","s":"25S-H54S100F-80-F1"},{"r":"28","t":"24:57:00","h":"Nord","s":"25S-H54S200F-80-F2"},{"r":"28","t":"25:03:00","h":"Nord","s":"25N-H54N000A-80-A"},{"r":"28","t":"25:03:00","h":"Nord","s":"25N-H54NV10A-80-A"},{"r":"28","t":"25:03:00","h":"Nord","s":"25N-H54NV20A-80-A"},{"r":"28","t":"25:03:00","h":"Nord","s":"25S-H54S000A-83-A"},{"r":"28","t":"25:08:00","h":"Nord","s":"25N-H54N000S-80-S"},{"r":"28","t":"25:08:00","h":"Nord","s":"25N-H54NV10S-82-S"},{"r":"28","t":"25:08:00","h":"Nord","s":"25N-H54NV20S-80-S"},{"r":"28","t":"25:08:00","h":"Nord","s":"25S-H54S000S-82-S"},{"r":"28","t":"25:28:00","h":"Nord","s":"25N-H54N000I-80-I"},{"r":"28","t":"25:28:00","h":"Nord","s":"25N-H54N100F-80-F1"},{"r":"28","t":"25:28:00","h":"Nord","s":"25N-H54N200F-80-F2"},{"r":"28","t":"25:28:00","h":"Nord","s":"25N-H54N300F-80-F3"},{"r":"28","t":"25:28:00","h":"Nord","s":"25N-H54N400F-80-F4"},{"r":"28","t":"25:28:00","h":"Nord","s":"25N-H54NV10I-80-I"},{"r":"28","t":"25:28:00","h":"Nord","s":"25N-H54NV20I-80-I"},{"r":"28","t":"25:28:00","h":"Nord","s":"25S-H54S000I-82-I"},{"r":"28","t":"25:28:00","h":"Nord","s":"25S-H54S100F-80-F1"},{"r":"28","t":"25:28:00","h":"Nord","s":"25S-H54S200F-80-F2"},{"r":"28","t":"25:36:00","h":"Nord","s":"25N-H54N000A-80-A"},{"r":"28","t":"25:36:00","h":"Nord","s":"25N-H54NV10A-80-A"},{"r":"28","t":"25:36:00","h":"Nord","s":"25N-H54NV20A-80-A"},{"r":"28","t":"25:36:00","h":"Nord","s":"25S-H54S000A-83-A"},{"r":"28","t":"25:37:00","h":"Nord","s":"25N-H54N000S-80-S"},{"r":"28","t":"25:37:00","h":"Nord","s":"25N-H54NV10S-82-S"},{"r":"28","t":"25:37:00","h":"Nord","s":"25N-H54NV20S-80-S"},{"r":"28","t":"25:37:00","h":"Nord","s":"25S-H54S000S-82-S"},{"r":"28","t":"26:02:00","h":"Nord","s":"25N-H54N000I-80-I"},{"r":"28","t":"26:02:00","h":"Nord","s":"25N-H54N100F-80-F1"},{"r":"28","t":"26:02:00","h":"Nord","s":"25N-H54N200F-80-F2"},{"r":"28","t":"26:02:00","h":"Nord","s":"25N-H54N300F-80-F3"},{"r":"28","t":"26:02:00","h":"Nord","s":"25N-H54N400F-80-F4"},{"r":"28","t":"26:02:00","h":"Nord","s":"25N-H54NV10I-80-I"},{"r":"28","t":"26:02:00","h":"Nord","s":"25N-H54NV20I-80-I"},{"r":"28","t":"26:02:00","h":"Nord","s":"25S-H54S000I-82-I"},{"r":"28","t":"26:02:00","h":"Nord","s":"25S-H54S100F-80-F1"},{"r":"28","t":"26:02:00","h":"Nord","s":"25S-H54S200F-80-F2"},{"r":"28","t":"26:06:00","h":"Nord","s":"25N-H54N000S-80-S"},{"r":"28","t":"26:06:00","h":"Nord","s":"25N-H54NV10S-82-S"},{"r":"28","t":"26:06:00","h":"Nord","s":"25N-H54NV20S-80-S"},{"r":"28","t":"26:06:00","h":"Nord","s":"25S-H54S000S-82-S"},{"r":"28","t":"26:09:00","h":"Nord","s":"25N-H54N000A-80-A"},{"r":"28","t":"26:09:00","h":"Nord","s":"25N-H54NV10A-80-A"},{"r":"28","t":"26:09:00","h":"Nord","s":"25N-H54NV20A-80-A"},{"r":"28","t":"26:09:00","h":"Nord","s":"25S-H54S000A-83-A"},{"r":"364","t":"26:25:03","h":"Est","s":"25N-H54N000I-80-I"},{"r":"364","t":"26:25:03","h":"Est","s":"25N-H54N100F-80-F1"},{"r":"364","t":"26:25:03","h":"Est","s":"25N-H54N200F-80-F2"},{"r":"364","t":"26:25:03","h":"Est","s":"25N-H54N300F-80-F3"},{"r":"364","t":"26:25:03","h":"Est","s":"25N-H54N400F-80-F4"},{"r":"364","t":"26:25:03","h":"Est","s":"25N-H54NV10I-80-I"},{"r":"364","t":"26:25:03","h":"Est","s":"25N-H54NV20I-80-I"},{"r":"364","t":"26:25:03","h":"Est","s":"25S-H54S000I-82-I"},{"r":"364","t":"26:25:03","h":"Est","s":"25S-H54S100F-80-F1"},{"r":"364","t":"26:25:03","h":"Est","s":"25S-H54S200F-80-F2"},{"r":"364","t":"26:28:03","h":"Est","s":"25N-H54N000S-80-S"},{"r":"364","t":"26:28:03","h":"Est","s":"25N-H54NV10S-82-S"},{"r":"364","t":"26:28:03","h":"Est","s":"25N-H54NV20S-80-S"},{"r":"364","t":"26:28:03","h":"Est","s":"25S-H54S000S-82-S"},{"r":"364","t":"26:29:16","h":"Est","s":"25N-H54N000A-80-A"},{"r":"364","t":"26:29:16","h":"Est","s":"25N-H54NV10A-80-A"},{"r":"364","t":"26:29:16","h":"Est","s":"25N-H54NV20A-80-A"},{"r":"364","t":"26:29:16","h":"Est","s":"25S-H54S000A-83-A"},{"r":"28","t":"26:42:00","h":"Nord","s":"25N-H54N000A-80-A"},{"r":"28","t":"26:42:00","h":"Nord","s":"25N-H54NV10A-80-A"},{"r":"28","t":"26:42:00","h":"Nord","s":"25N-H54NV20A-80-A"},{"r":"28","t":"26:42:00","h":"Nord","s":"25S-H54S000A-83-A"},{"r":"364","t":"27:11:03","h":"Est","s":"25N-H54N000I-80-I"},{"r":"364","t":"27:11:03","h":"Est","s":"25N-H54N100F-80-F1"},{"r":"364","t":"27:11:03","h":"Est","s":"25N-H54N200F-80-F2"},{"r":"364","t":"27:11:03","h":"Est","s":"25N-H54N300F-80-F3"},{"r":"364","t":"27:11:03","h":"Est","s":"25N-H54N400F-80-F4"},{"r":"364","t":"27:11:03","h":"Est","s":"25N-H54NV10I-80-I"},{"r":"364","t":"27:11:03","h":"Est","s":"25N-H54NV20I-80-I"},{"r":"364","t":"27:11:03","h":"Est","s":"25S-H54S000I-82-I"},{"r":"364","t":"27:11:03","h":"Est","s":"25S-H54S100F-80-F1"},{"r":"364","t":"27:11:03","h":"Est","s":"25S-H54S200F-80-F2"},{"r":"364","t":"27:12:03","h":"Est","s":"25N-H54N000S-80-S"},{"r":"364","t":"27:12:03","h":"Est","s":"25N-H54NV10S-82-S"},{"r":"364","t":"27:12:03","h":"Est","s":"25N-H54NV20S-80-S"},{"r":"364","t":"27:12:03","h":"Est","s":"25S-H54S000S-82-S"},{"r":"364","t":"27:16:16","h":"Est","s":"25N-H54N000A-80-A"},{"r":"364","t":"27:16:16","h":"Est","s":"25N-H54NV10A-80-A"},{"r":"364","t":"27:16:16","h":"Est","s":"25N-H54NV20A-80-A"},{"r":"364","t":"27:16:16","h":"Est","s":"25S-H54S000A-83-A"},{"r":"364","t":"27:42:03","h":"Est","s":"25N-H54N000I-80-I"},{"r":"364","t":"27:42:03","h":"Est","s":"25N-H54N100F-80-F1"},{"r":"364","t":"27:42:03","h":"Est","s":"25N-H54N200F-80-F2"},{"r":"364","t":"27:42:03","h":"Est","s":"25N-H54N300F-80-F3"},{"r":"364","t":"27:42:03","h":"Est","s":"25N-H54N400F-80-F4"},{"r":"364","t":"27:42:03","h":"Est","s":"25N-H54NV10I-80-I"},{"r":"364","t":"27:42:03","h":"Est","s":"25N-H54NV20I-80-I"},{"r":"364","t":"27:42:03","h":"Est","s":"25S-H54S000I-82-I"},{"r":"364","t":"27:42:03","h":"Est","s":"25S-H54S100F-80-F1"},{"r":"364","t":"27:42:03","h":"Est","s":"25S-H54S200F-80-F2"},{"r":"364","t":"27:47:16","h":"Est","s":"25N-H54N000A-80-A"},{"r":"364","t":"27:47:16","h":"Est","s":"25N-H54NV10A-80-A"},{"r":"364","t":"27:47:16","h":"Est","s":"25N-H54NV20A-80-A"},{"r":"364","t":"27:47:16","h":"Est","s":"25S-H54S000A-83-A"},{"r":"364","t":"27:56:03","h":"Est","s":"25N-H54N000S-80-S"},{"r":"364","t":"27:56:03","h":"Est","s":"25N-H54NV10S-82-S"},{"r":"364","t":"27:56:03","h":"Est","s":"25N-H54NV20S-80-S"},{"r":"364","t":"27:56:03","h":"Est","s":"25S-H54S000S-82-S"},{"r":"364","t":"27:57:16","h":"Est","s":"25N-H54N000A-80-A"},{"r":"364","t":"27:57:16","h":"Est","s":"25N-H54NV10A-80-A"},{"r":"364","t":"27:57:16","h":"Est","s":"25N-H54NV20A-80-A"},{"r":"364","t":"27:57:16","h":"Est","s":"25S-H54S000A-83-A"},{"r":"364","t":"28:13:03","h":"Est","s":"25N-H54N000I-80-I"},{"r":"364","t":"28:13:03","h":"Est","s":"25N-H54N100F-80-F1"},{"r":"364","t":"28:13:03","h":"Est","s":"25N-H54N200F-80-F2"},{"r":"364","t":"28:13:03","h":"Est","s":"25N-H54N300F-80-F3"},{"r":"364","t":"28:13:03","h":"Est","s":"25N-H54N400F-80-F4"},{"r":"364","t":"28:13:03","h":"Est","s":"25N-H54NV10I-80-I"},{"r":"364","t":"28:13:03","h":"Est","s":"25N-H54NV20I-80-I"},{"r":"364","t":"28:13:03","h":"Est","s":"25S-H54S000I-82-I"},{"r":"364","t":"28:13:03","h":"Est","s":"25S-H54S100F-80-F1"},{"r":"364","t":"28:13:03","h":"Est","s":"25S-H54S200F-80-F2"},{"r":"364","t":"28:40:03","h":"Est","s":"25N-H54N000S-80-S"},{"r":"364","t":"28:40:03","h":"Est","s":"25N-H54NV10S-82-S"},{"r":"364","t":"28:40:03","h":"Est","s":"25N-H54NV20S-80-S"},{"r":"364","t":"28:40:03","h":"Est","s":"25S-H54S000S-82-S"},{"r":"364","t":"28:42:16","h":"Est","s":"25N-H54N000A-80-A"},{"r":"364","t":"28:42:16","h":"Est","s":"25N-H54NV10A-80-A"},{"r":"364","t":"28:42:16","h":"Est","s":"25N-H54NV20A-80-A"},{"r":"364","t":"28:42:16","h":"Est","s":"25S-H54S000A-83-A"},{"r":"364","t":"28:45:03","h":"Est","s":"25N-H54N000I-80-I"},{"r":"364","t":"28:45:03","h":"Est","s":"25N-H54N100F-80-F1"},{"r":"364","t":"28:45:03","h":"Est","s":"25N-H54N200F-80-F2"},{"r":"364","t":"28:45:03","h":"Est","s":"25N-H54N300F-80-F3"},{"r":"364","t":"28:45:03","h":"Est","s":"25N-H54N400F-80-F4"},{"r":"364","t":"28:45:03","h":"Est","s":"25N-H54NV10I-80-I"},{"r":"364","t":"28:45:03","h":"Est","s":"25N-H54NV20I-80-I"},{"r":"364","t":"28:45:03","h":"Est","s":"25S-H54S000I-82-I"},{"r":"364","t":"28:45:03","h":"Est","s":"25S-H54S100F-80-F1"},{"r":"364","t":"28:45:03","h":"Est","s":"25S-H54S200F-80-F2"},{"r":"364","t":"29:25:03","h":"Est","s":"25N-H54N000S-80-S"},{"r":"364","t":"29:25:03","h":"Est","s":"25N-H54NV10S-82-S"},{"r":"364","t":"29:25:03","h":"Est","s":"25N-H54NV20S-80-S"},{"r":"364","t":"29:25:03","h":"Est","s":"25S-H54S000S-82-S"},{"r":"364","t":"29:26:03","h":"Est","s":"25N-H54N000I-80-I"},{"r":"364","t":"29:26:03","h":"Est","s":"25N-H54N100F-80-F1"},{"r":"364","t":"29:26:03","h":"Est","s":"25N-H54N200F-80-F2"},{"r":"364","t":"29:26:03","h":"Est","s":"25N-H54N300F-80-F3"},{"r":"364","t":"29:26:03","h":"Est","s":"25N-H54N400F-80-F4"},{"r":"364","t":"29:26:03","h":"Est","s":"25N-H54NV10I-80-I"},{"r":"364","t":"29:26:03","h":"Est","s":"25N-H54NV20I-80-I"},{"r":"364","t":"29:26:03","h":"Est","s":"25S-H54S000I-82-I"},{"r":"364","t":"29:26:03","h":"Est","s":"25S-H54S100F-80-F1"},{"r":"364","t":"29:26:03","h":"Est","s":"25S-H54S200F-80-F2"},{"r":"364","t":"29:26:16","h":"Est","s":"25N-H54N000A-80-A"},{"r":"364","t":"29:26:16","h":"Est","s":"25N-H54NV10A-80-A"},{"r":"364","t":"29:26:16","h":"Est","s":"25N-H54NV20A-80-A"},{"r":"364","t":"29:26:16","h":"Est","s":"25S-H54S000A-83-A"}]