[{"r":"85","t":"04:56:00","h":"Ouest","s":"25N-H59N000A-80-A"},{"r":"85","t":"04:56:00","h":"Ouest","s":"25N-H59NV10A-80-A"},{"r":"85","t":"04:56:00","h":"Ouest","s":"25N-H59VN20A-80-A"},{"r":"85","t":"04:56:00","h":"Ouest","s":"25S-H59S000A-81-A"},{"r":"85","t":"04:58:00","h":"Ouest","s":"25N-H59N000S-80-S"},{"r":"85","t":"04:58:00","h":"Ouest","s":"25N-H59NV10S-84-S"},{"r":"85","t":"04:58:00","h":"Ouest","s":"25N-H59NV20S-80-S"},{"r":"85","t":"04:58:00","h":"Ouest","s":"25S-H59S000S-81-S"},{"r":"85","t":"05:08:00","h":"Ouest","s":"25N-H59N000I-80-I"},{"r":"85","t":"05:08:00","h":"Ouest","s":"25N-H59N100F-80-F1"},{"r":"85","t":"05:08:00","h":"Ouest","s":"25N-H59N200F-81-F2"},{"r":"85","t":"05:08:00","h":"Ouest","s":"25N-H59N300F-80-F3"},{"r":"85","t":"05:08:00","h":"Ouest","s":"25N-H59N400F-80-F4"},{"r":"85","t":"05:08:00","h":"Ouest","s":"25N-H59NV10I-80-I"},{"r":"85","t":"05:08:00","h":"Ouest","s":"25N-H59NV20I-80-I"},{"r":"85","t":"05:08:00","h":"Ouest","s":"25S-H59S000I-81-I"},{"r":"85","t":"05:08:00","h":"Ouest","s":"25S-H59S100F-81-F1"},{"r":"85","t":"05:08:00","h":"Ouest","s":"25S-H59S200F-81-F2"},{"r":"85","t":"05:30:00","h":"Ouest","s":"25N-H59N000S-80-S"},{"r":"85","t":"05:30:00","h":"Ouest","s":"25N-H59NV10S-84-S"},{"r":"85","t":"05:30:00","h":"Ouest","s":"25N-H59NV20S-80-S"},{"r":"85","t":"05:30:00","h":"Ouest","s":"25S-H59S000S-81-S"},{"r":"85","t":"05:36:00","h":"Ouest","s":"25N-H59N000A-80-A"},{"r":"85","t":"05:36:00","h":"Ouest","s":"25N-H59NV10A-80-A"},{"r":"85","t":"05:36:00","h":"Ouest","s":"25N-H59VN20A-80-A"},{"r":"85","t":"05:36:00","h":"Ouest","s":"25S-H59S000A-81-A"},{"r":"85","t":"05:51:00","h":"Ouest","s":"25N-H59N000I-80-I"},{"r":"85","t":"05:51:00","h":"Ouest","s":"25N-H59N100F-80-F1"},{"r":"85","t":"05:51:00","h":"Ouest","s":"25N-H59N200F-81-F2"},{"r":"85","t":"05:51:00","h":"Ouest","s":"25N-H59N300F-80-F3"},{"r":"85","t":"05:51:00","h":"Ouest","s":"25N-H59N400F-80-F4"},{"r":"85","t":"05:51:00","h":"Ouest","s":"25N-H59NV10I-80-I"},{"r":"85","t":"05:51:00","h":"Ouest","s":"25N-H59NV20I-80-I"},{"r":"85","t":"05:51:00","h":"Ouest","s":"25S-H59S000I-81-I"},{"r":"85","t":"05:51:00","h":"Ouest","s":"25S-H59S100F-81-F1"},{"r":"85","t":"05:51:00","h":"Ouest","s":"25S-H59S200F-81-F2"},{"r":"85","t":"06:04:00","h":"Ouest","s":"25N-H59N000S-80-S"},{"r":"85","t":"06:04:00","h":"Ouest","s":"25N-H59NV10S-84-S"},{"r":"85","t":"06:04:00","h":"Ouest","s":"25N-H59NV20S-80-S"},{"r":"85","t":"06:04:00","h":"Ouest","s":"25S-H59S000S-81-S"},{"r":"85","t":"06:15:00","h":"Ouest","s":"25N-H59N000A-80-A"},{"r":"85","t":"06:15:00","h":"Ouest","s":"25N-H59NV10A-80-A"},{"r":"85","t":"06:15:00","h":"Ouest","s":"25N-H59VN20A-80-A"},{"r":"85","t":"06:15:00","h":"Ouest","s":"25S-H59S000A-81-A"},{"r":"85","t":"06:36:00","h":"Ouest","s":"25N-H59N000I-80-I"},{"r":"85","t":"06:36:00","h":"Ouest","s":"25N-H59N100F-80-F1"},{"r":"85","t":"06:36:00","h":"Ouest","s":"25N-H59N200F-81-F2"},{"r":"85","t":"06:36:00","h":"Ouest","s":"25N-H59N300F-80-F3"},{"r":"85","t":"06:36:00","h":"Ouest","s":"25N-H59N400F-80-F4"},{"r":"85","t":"06:36:00","h":"Ouest","s":"25N-H59NV10I-80-I"},{"r":"85","t":"06:36:00","h":"Ouest","s":"25N-H59NV20I-80-I"},{"r":"85","t":"06:36:00","h":"Ouest","s":"25S-H59S000I-81-I"},{"r":"85","t":"06:36:00","h":"Ouest","s":"25S-H59S100F-81-F1"},{"r":"85","t":"06:36:00","h":"Ouest","s":"25S-H59S200F-81-F2"},{"r":"85","t":"06:37:00","h":"Ouest","s":"25N-H59N000S-80-S"},{"r":"85","t":"06:37:00","h":"Ouest","s":"25N-H59NV10S-84-S"},{"r":"85","t":"06:37:00","h":"Ouest","s":"25N-H59NV20S-80-S"},{"r":"85","t":"06:37:00","h":"Ouest","s":"25S-H59S000S-81-S"},{"r":"85","t":"06:56:00","h":"Ouest","s":"25N-H59N000A-80-A"},{"r":"85","t":"06:56:00","h":"Ouest","s":"25N-H59NV10A-80-A"},{"r":"85","t":"06:56:00","h":"Ouest","s":"25N-H59VN20A-80-A"},{"r":"85","t":"06:56:00","h":"Ouest","s":"25S-H59S000A-81-A"},{"r":"85","t":"07:10:00","h":"Ouest","s":"25N-H59N000S-80-S"},{"r":"85","t":"07:10:00","h":"Ouest","s":"25N-H59NV10S-84-S"},{"r":"85","t":"07:10:00","h":"Ouest","s":"25N-H59NV20S-80-S"},{"r":"85","t":"07:10:00","h":"Ouest","s":"25S-H59S000S-81-S"},{"r":"85","t":"07:21:00","h":"Ouest","s":"25N-H59N000I-80-I"},{"r":"85","t":"07:21:00","h":"Ouest","s":"25N-H59N100F-80-F1"},{"r":"85","t":"07:21:00","h":"Ouest","s":"25N-H59N200F-81-F2"},{"r":"85","t":"07:21:00","h":"Ouest","s":"25N-H59N300F-80-F3"},{"r":"85","t":"07:21:00","h":"Ouest","s":"25N-H59N400F-80-F4"},{"r":"85","t":"07:21:00","h":"Ouest","s":"25N-H59NV10I-80-I"},{"r":"85","t":"07:21:00","h":"Ouest","s":"25N-H59NV20I-80-I"},{"r":"85","t":"07:21:00","h":"Ouest","s":"25S-H59S000I-81-I"},{"r":"85","t":"07:21:00","h":"Ouest","s":"25S-H59S100F-81-F1"},{"r":"85","t":"07:21:00","h":"Ouest","s":"25S-H59S200F-81-F2"},{"r":"85","t":"07:30:00","h":"Ouest","s":"25N-H59N000S-80-S"},{"r":"85","t":"07:30:00","h":"Ouest","s":"25N-H59NV10S-84-S"},{"r":"85","t":"07:30:00","h":"Ouest","s":"25N-H59NV20S-80-S"},{"r":"85","t":"07:30:00","h":"Ouest","s":"25S-H59S000S-81-S"},{"r":"85","t":"07:38:00","h":"Ouest","s":"25N-H59N000A-80-A"},{"r":"85","t":"07:38:00","h":"Ouest","s":"25N-H59NV10A-80-A"},{"r":"85","t":"07:38:00","h":"Ouest","s":"25N-H59VN20A-80-A"},{"r":"85","t":"07:38:00","h":"Ouest","s":"25S-H59S000A-81-A"},{"r":"85","t":"07:49:00","h":"Ouest","s":"25N-H59N000S-80-S"},{"r":"85","t":"07:49:00","h":"Ouest","s":"25N-H59NV10S-84-S"},{"r":"85","t":"07:49:00","h":"Ouest","s":"25N-H59NV20S-80-S"},{"r":"85","t":"07:49:00","h":"Ouest","s":"25S-H59S000S-81-S"},{"r":"85","t":"08:04:00","h":"Ouest","s":"25N-H59N000I-80-I"},{"r":"85","t":"08:04:00","h":"Ouest","s":"25N-H59N100F-80-F1"},{"r":"85","t":"08:04:00","h":"Ouest","s":"25N-H59N200F-81-F2"},{"r":"85","t":"08:04:00","h":"Ouest","s":"25N-H59N300F-80-F3"},{"r":"85","t":"08:04:00","h":"Ouest","s":"25N-H59N400F-80-F4"},{"r":"85","t":"08:04:00","h":"Ouest","s":"25N-H59NV10I-80-I"},{"r":"85","t":"08:04:00","h":"Ouest","s":"25N-H59NV20I-80-I"},{"r":"85","t":"08:04:00","h":"Ouest","s":"25S-H59S000I-81-I"},{"r":"85","t":"08:04:00","h":"Ouest","s":"25S-H59S100F-81-F1"},{"r":"85","t":"08:04:00","h":"Ouest","s":"25S-H59S200F-81-F2"},{"r":"85","t":"08:07:00","h":"Ouest","s":"25N-H59N000S-80-S"},{"r":"85","t":"08:07:00","h":"Ouest","s":"25N-H59NV10S-84-S"},{"r":"85","t":"08:07:00","h":"Ouest","s":"25N-H59NV20S-80-S"},{"r":"85","t":"08:07:00","h":"Ouest","s":"25S-H59S000S-81-S"},{"r":"85","t":"08:19:00","h":"Ouest","s":"25N-H59N000A-80-A"},{"r":"85","t":"08:19:00","h":"Ouest","s":"25N-H59NV10A-80-A"},{"r":"85","t":"08:19:00","h":"Ouest","s":"25N-H59VN20A-80-A"},{"r":"85","t":"08:19:00","h":"Ouest","s":"25S-H59S000A-81-A"},{"r":"85","t":"08:26:00","h":"Ouest","s":"25N-H59N000S-80-S"},{"r":"85","t":"08:26:00","h":"Ouest","s":"25N-H59NV10S-84-S"},{"r":"85","t":"08:26:00","h":"Ouest","s":"25N-H59NV20S-80-S"},{"r":"85","t":"08:26:00","h":"Ouest","s":"25S-H59S000S-81-S"},{"r":"85","t":"08:47:00","h":"Ouest","s":"25N-H59N000I-80-I"},{"r":"85","t":"08:47:00","h":"Ouest","s":"25N-H59N100F-80-F1"},{"r":"85","t":"08:47:00","h":"Ouest","s":"25N-H59N200F-81-F2"},{"r":"85","t":"08:47:00","h":"Ouest","s":"25N-H59N300F-80-F3"},{"r":"85","t":"08:47:00","h":"Ouest","s":"25N-H59N400F-80-F4"},{"r":"85","t":"08:47:00","h":"Ouest","s":"25N-H59NV10I-80-I"},{"r":"85","t":"08:47:00","h":"Ouest","s":"25N-H59NV20I-80-I"},{"r":"85","t":"08:47:00","h":"Ouest","s":"25S-H59S000I-81-I"},{"r":"85","t":"08:47:00","h":"Ouest","s":"25S-H59S100F-81-F1"},{"r":"85","t":"08:47:00","h":"Ouest","s":"25S-H59S200F-81-F2"},{"r":"85","t":"08:50:00","h":"Ouest","s":"25N-H59N000S-80-S"},{"r":"85","t":"08:50:00","h":"Ouest","s":"25N-H59NV10S-84-S"},{"r":"85","t":"08:50:00","h":"Ouest","s":"25N-H59NV20S-80-S"},{"r":"85","t":"08:50:00","h":"Ouest","s":"25S-H59S000S-81-S"},{"r":"85","t":"09:00:00","h":"Ouest","s":"25N-H59N000A-80-A"},{"r":"85","t":"09:00:00","h":"Ouest","s":"25N-H59NV10A-80-A"},{"r":"85","t":"09:00:00","h":"Ouest","s":"25N-H59VN20A-80-A"},{"r":"85","t":"09:00:00","h":"Ouest","s":"25S-H59S000A-81-A"},{"r":"85","t":"09:15:00","h":"Ouest","s":"25N-H59N000S-80-S"},{"r":"85","t":"09:15:00","h":"Ouest","s":"25N-H59NV10S-84-S"},{"r":"85","t":"09:15:00","h":"Ouest","s":"25N-H59NV20S-80-S"},{"r":"85","t":"09:15:00","h":"Ouest","s":"25S-H59S000S-81-S"},{"r":"85","t":"09:30:00","h":"Ouest","s":"25N-H59N000I-80-I"},{"r":"85","t":"09:30:00","h":"Ouest","s":"25N-H59N100F-80-F1"},{"r":"85","t":"09:30:00","h":"Ouest","s":"25N-H59N200F-81-F2"},{"r":"85","t":"09:30:00","h":"Ouest","s":"25N-H59N300F-80-F3"},{"r":"85","t":"09:30:00","h":"Ouest","s":"25N-H59N400F-80-F4"},{"r":"85","t":"09:30:00","h":"Ouest","s":"25N-H59NV10I-80-I"},{"r":"85","t":"09:30:00","h":"Ouest","s":"25N-H59NV20I-80-I"},{"r":"85","t":"09:30:00","h":"Ouest","s":"25S-H59S000I-81-I"},{"r":"85","t":"09:30:00","h":"Ouest","s":"25S-H59S100F-81-F1"},{"r":"85","t":"09:30:00","h":"Ouest","s":"25S-H59S200F-81-F2"},{"r":"85","t":"09:42:00","h":"Ouest","s":"25N-H59N000A-80-A"},{"r":"85","t":"09:42:00","h":"Ouest","s":"25N-H59NV10A-80-A"},{"r":"85","t":"09:42:00","h":"Ouest","s":"25N-H59VN20A-80-A"},{"r":"85","t":"09:42:00","h":"Ouest","s":"25S-H59S000A-81-A"},{"r":"85","t":"09:46:00","h":"Ouest","s":"25N-H59N000S-80-S"},{"r":"85","t":"09:46:00","h":"Ouest","s":"25N-H59NV10S-84-S"},{"r":"85","t":"09:46:00","h":"Ouest","s":"25N-H59NV20S-80-S"},{"r":"85","t":"09:46:00","h":"Ouest","s":"25S-H59S000S-81-S"},{"r":"85","t":"10:12:00","h":"Ouest","s":"25N-H59N000I-80-I"},{"r":"85","t":"10:12:00","h":"Ouest","s":"25N-H59N100F-80-F1"},{"r":"85","t":"10:12:00","h":"Ouest","s":"25N-H59N200F-81-F2"},{"r":"85","t":"10:12:00","h":"Ouest","s":"25N-H59N300F-80-F3"},{"r":"85","t":"10:12:00","h":"Ouest","s":"25N-H59N400F-80-F4"},{"r":"85","t":"10:12:00","h":"Ouest","s":"25N-H59NV10I-80-I"},{"r":"85","t":"10:12:00","h":"Ouest","s":"25N-H59NV20I-80-I"},{"r":"85","t":"10:12:00","h":"Ouest","s":"25S-H59S000I-81-I"},{"r":"85","t":"10:12:00","h":"Ouest","s":"25S-H59S100F-81-F1"},{"r":"85","t":"10:12:00","h":"Ouest","s":"25S-H59S200F-81-F2"},{"r":"85","t":"10:18:00","h":"Ouest","s":"25N-H59N000S-80-S"},{"r":"85","t":"10:18:00","h":"Ouest","s":"25N-H59NV10S-84-S"},{"r":"85","t":"10:18:00","h":"Ouest","s":"25N-H59NV20S-80-S"},{"r":"85","t":"10:18:00","h":"Ouest","s":"25S-H59S000S-81-S"},{"r":"85","t":"10:24:00","h":"Ouest","s":"25N-H59N000A-80-A"},{"r":"85","t":"10:24:00","h":"Ouest","s":"25N-H59NV10A-80-A"},{"r":"85","t":"10:24:00","h":"Ouest","s":"25N-H59VN20A-80-A"},{"r":"85","t":"10:24:00","h":"Ouest","s":"25S-H59S000A-81-A"},{"r":"85","t":"10:50:00","h":"Ouest","s":"25N-H59N000S-80-S"},{"r":"85","t":"10:50:00","h":"Ouest","s":"25N-H59NV10S-84-S"},{"r":"85","t":"10:50:00","h":"Ouest","s":"25N-H59NV20S-80-S"},{"r":"85","t":"10:50:00","h":"Ouest","s":"25S-H59S000S-81-S"},{"r":"85","t":"10:53:00","h":"Ouest","s":"25N-H59N000I-80-I"},{"r":"85","t":"10:53:00","h":"Ouest","s":"25N-H59N100F-80-F1"},{"r":"85","t":"10:53:00","h":"Ouest","s":"25N-H59N200F-81-F2"},{"r":"85","t":"10:53:00","h":"Ouest","s":"25N-H59N300F-80-F3"},{"r":"85","t":"10:53:00","h":"Ouest","s":"25N-H59N400F-80-F4"},{"r":"85","t":"10:53:00","h":"Ouest","s":"25N-H59NV10I-80-I"},{"r":"85","t":"10:53:00","h":"Ouest","s":"25N-H59NV20I-80-I"},{"r":"85","t":"10:53:00","h":"Ouest","s":"25S-H59S000I-81-I"},{"r":"85","t":"10:53:00","h":"Ouest","s":"25S-H59S100F-81-F1"},{"r":"85","t":"10:53:00","h":"Ouest","s":"25S-H59S200F-81-F2"},{"r":"85","t":"11:05:00","h":"Ouest","s":"25N-H59N000A-80-A"},{"r":"85","t":"11:05:00","h":"Ouest","s":"25N-H59NV10A-80-A"},{"r":"85","t":"11:05:00","h":"Ouest","s":"25N-H59VN20A-80-A"},{"r":"85","t":"11:05:00","h":"Ouest","s":"25S-H59S000A-81-A"},{"r":"85","t":"11:21:00","h":"Ouest","s":"25N-H59N000S-80-S"},{"r":"85","t":"11:21:00","h":"Ouest","s":"25N-H59NV10S-84-S"},{"r":"85","t":"11:21:00","h":"Ouest","s":"25N-H59NV20S-80-S"},{"r":"85","t":"11:21:00","h":"Ouest","s":"25S-H59S000S-81-S"},{"r":"85","t":"11:33:00","h":"Ouest","s":"25N-H59N000I-80-I"},{"r":"85","t":"11:33:00","h":"Ouest","s":"25N-H59N100F-80-F1"},{"r":"85","t":"11:33:00","h":"Ouest","s":"25N-H59N200F-81-F2"},{"r":"85","t":"11:33:00","h":"Ouest","s":"25N-H59N300F-80-F3"},{"r":"85","t":"11:33:00","h":"Ouest","s":"25N-H59N400F-80-F4"},{"r":"85","t":"11:33:00","h":"Ouest","s":"25N-H59NV10I-80-I"},{"r":"85","t":"11:33:00","h":"Ouest","s":"25N-H59NV20I-80-I"},{"r":"85","t":"11:33:00","h":"Ouest","s":"25S-H59S000I-81-I"},{"r":"85","t":"11:33:00","h":"Ouest","s":"25S-H59S100F-81-F1"},{"r":"85","t":"11:33:00","h":"Ouest","s":"25S-H59S200F-81-F2"},{"r":"85","t":"11:46:00","h":"Ouest","s":"25N-H59N000S-80-S"},{"r":"85","t":"11:46:00","h":"Ouest","s":"25N-H59NV10S-84-S"},{"r":"85","t":"11:46:00","h":"Ouest","s":"25N-H59NV20S-80-S"},{"r":"85","t":"11:46:00","h":"Ouest","s":"25S-H59S000S-81-S"},{"r":"85","t":"11:48:00","h":"Ouest","s":"25N-H59N000A-80-A"},{"r":"85","t":"11:48:00","h":"Ouest","s":"25N-H59NV10A-80-A"},{"r":"85","t":"11:48:00","h":"Ouest","s":"25N-H59VN20A-80-A"},{"r":"85","t":"11:48:00","h":"Ouest","s":"25S-H59S000A-81-A"},{"r":"85","t":"12:11:00","h":"Ouest","s":"25N-H59N000S-80-S"},{"r":"85","t":"12:11:00","h":"Ouest","s":"25N-H59NV10S-84-S"},{"r":"85","t":"12:11:00","h":"Ouest","s":"25N-H59NV20S-80-S"},{"r":"85","t":"12:11:00","h":"Ouest","s":"25S-H59S000S-81-S"},{"r":"85","t":"12:13:00","h":"Ouest","s":"25N-H59N000I-80-I"},{"r":"85","t":"12:13:00","h":"Ouest","s":"25N-H59N100F-80-F1"},{"r":"85","t":"12:13:00","h":"Ouest","s":"25N-H59N200F-81-F2"},{"r":"85","t":"12:13:00","h":"Ouest","s":"25N-H59N300F-80-F3"},{"r":"85","t":"12:13:00","h":"Ouest","s":"25N-H59N400F-80-F4"},{"r":"85","t":"12:13:00","h":"Ouest","s":"25N-H59NV10I-80-I"},{"r":"85","t":"12:13:00","h":"Ouest","s":"25N-H59NV20I-80-I"},{"r":"85","t":"12:13:00","h":"Ouest","s":"25S-H59S000I-81-I"},{"r":"85","t":"12:13:00","h":"Ouest","s":"25S-H59S100F-81-F1"},{"r":"85","t":"12:13:00","h":"Ouest","s":"25S-H59S200F-81-F2"},{"r":"85","t":"12:31:00","h":"Ouest","s":"25N-H59N000A-80-A"},{"r":"85","t":"12:31:00","h":"Ouest","s":"25N-H59NV10A-80-A"},{"r":"85","t":"12:31:00","h":"Ouest","s":"25N-H59VN20A-80-A"},{"r":"85","t":"12:31:00","h":"Ouest","s":"25S-H59S000A-81-A"},{"r":"85","t":"12:37:00","h":"Ouest","s":"25N-H59N000S-80-S"},{"r":"85","t":"12:37:00","h":"Ouest","s":"25N-H59NV10S-84-S"},{"r":"85","t":"12:37:00","h":"Ouest","s":"25N-H59NV20S-80-S"},{"r":"85","t":"12:37:00","h":"Ouest","s":"25S-H59S000S-81-S"},{"r":"85","t":"12:54:00","h":"Ouest","s":"25N-H59N000I-80-I"},{"r":"85","t":"12:54:00","h":"Ouest","s":"25N-H59N100F-80-F1"},{"r":"85","t":"12:54:00","h":"Ouest","s":"25N-H59N200F-81-F2"},{"r":"85","t":"12:54:00","h":"Ouest","s":"25N-H59N300F-80-F3"},{"r":"85","t":"12:54:00","h":"Ouest","s":"25N-H59N400F-80-F4"},{"r":"85","t":"12:54:00","h":"Ouest","s":"25N-H59NV10I-80-I"},{"r":"85","t":"12:54:00","h":"Ouest","s":"25N-H59NV20I-80-I"},{"r":"85","t":"12:54:00","h":"Ouest","s":"25S-H59S000I-81-I"},{"r":"85","t":"12:54:00","h":"Ouest","s":"25S-H59S100F-81-F1"},{"r":"85","t":"12:54:00","h":"Ouest","s":"25S-H59S200F-81-F2"},{"r":"85","t":"13:04:00","h":"Ouest","s":"25N-H59N000S-80-S"},{"r":"85","t":"13:04:00","h":"Ouest","s":"25N-H59NV10S-84-S"},{"r":"85","t":"13:04:00","h":"Ouest","s":"25N-H59NV20S-80-S"},{"r":"85","t":"13:04:00","h":"Ouest","s":"25S-H59S000S-81-S"},{"r":"85","t":"13:12:00","h":"Ouest","s":"25N-H59N000A-80-A"},{"r":"85","t":"13:12:00","h":"Ouest","s":"25N-H59NV10A-80-A"},{"r":"85","t":"13:12:00","h":"Ouest","s":"25N-H59VN20A-80-A"},{"r":"85","t":"13:12:00","h":"Ouest","s":"25S-H59S000A-81-A"},{"r":"85","t":"13:27:00","h":"Ouest","s":"25N-H59N000I-80-I"},{"r":"85","t":"13:27:00","h":"Ouest","s":"25N-H59N100F-80-F1"},{"r":"85","t":"13:27:00","h":"Ouest","s":"25N-H59N200F-81-F2"},{"r":"85","t":"13:27:00","h":"Ouest","s":"25N-H59N300F-80-F3"},{"r":"85","t":"13:27:00","h":"Ouest","s":"25N-H59N400F-80-F4"},{"r":"85","t":"13:27:00","h":"Ouest","s":"25N-H59NV10I-80-I"},{"r":"85","t":"13:27:00","h":"Ouest","s":"25N-H59NV20I-80-I"},{"r":"85","t":"13:27:00","h":"Ouest","s":"25S-H59S000I-81-I"},{"r":"85","t":"13:27:00","h":"Ouest","s":"25S-H59S100F-81-F1"},{"r":"85","t":"13:27:00","h":"Ouest","s":"25S-H59S200F-81-F2"},{"r":"85","t":"13:32:00","h":"Ouest","s":"25N-H59N000S-80-S"},{"r":"85","t":"13:32:00","h":"Ouest","s":"25N-H59NV10S-84-S"},{"r":"85","t":"13:32:00","h":"Ouest","s":"25N-H59NV20S-80-S"},{"r":"85","t":"13:32:00","h":"Ouest","s":"25S-H59S000S-81-S"},{"r":"85","t":"13:46:00","h":"Ouest","s":"25N-H59N000A-80-A"},{"r":"85","t":"13:46:00","h":"Ouest","s":"25N-H59NV10A-80-A"},{"r":"85","t":"13:46:00","h":"Ouest","s":"25N-H59VN20A-80-A"},{"r":"85","t":"13:46:00","h":"Ouest","s":"25S-H59S000A-81-A"},{"r":"85","t":"13:59:00","h":"Ouest","s":"25N-H59N000I-80-I"},{"r":"85","t":"13:59:00","h":"Ouest","s":"25N-H59N100F-80-F1"},{"r":"85","t":"13:59:00","h":"Ouest","s":"25N-H59N200F-81-F2"},{"r":"85","t":"13:59:00","h":"Ouest","s":"25N-H59N300F-80-F3"},{"r":"85","t":"13:59:00","h":"Ouest","s":"25N-H59N400F-80-F4"},{"r":"85","t":"13:59:00","h":"Ouest","s":"25N-H59NV10I-80-I"},{"r":"85","t":"13:59:00","h":"Ouest","s":"25N-H59NV20I-80-I"},{"r":"85","t":"13:59:00","h":"Ouest","s":"25S-H59S000I-81-I"},{"r":"85","t":"13:59:00","h":"Ouest","s":"25S-H59S100F-81-F1"},{"r":"85","t":"13:59:00","h":"Ouest","s":"25S-H59S200F-81-F2"},{"r":"85","t":"14:02:00","h":"Ouest","s":"25N-H59N000S-80-S"},{"r":"85","t":"14:02:00","h":"Ouest","s":"25N-H59NV10S-84-S"},{"r":"85","t":"14:02:00","h":"Ouest","s":"25N-H59NV20S-80-S"},{"r":"85","t":"14:02:00","h":"Ouest","s":"25S-H59S000S-81-S"},{"r":"85","t":"14:20:00","h":"Ouest","s":"25N-H59N000A-80-A"},{"r":"85","t":"14:20:00","h":"Ouest","s":"25N-H59NV10A-80-A"},{"r":"85","t":"14:20:00","h":"Ouest","s":"25N-H59VN20A-80-A"},{"r":"85","t":"14:20:00","h":"Ouest","s":"25S-H59S000A-81-A"},{"r":"85","t":"14:31:00","h":"Ouest","s":"25N-H59N000S-80-S"},{"r":"85","t":"14:31:00","h":"Ouest","s":"25N-H59NV10S-84-S"},{"r":"85","t":"14:31:00","h":"Ouest","s":"25N-H59NV20S-80-S"},{"r":"85","t":"14:31:00","h":"Ouest","s":"25S-H59S000S-81-S"},{"r":"85","t":"14:32:00","h":"Ouest","s":"25N-H59N000I-80-I"},{"r":"85","t":"14:32:00","h":"Ouest","s":"25N-H59N100F-80-F1"},{"r":"85","t":"14:32:00","h":"Ouest","s":"25N-H59N200F-81-F2"},{"r":"85","t":"14:32:00","h":"Ouest","s":"25N-H59N300F-80-F3"},{"r":"85","t":"14:32:00","h":"Ouest","s":"25N-H59N400F-80-F4"},{"r":"85","t":"14:32:00","h":"Ouest","s":"25N-H59NV10I-80-I"},{"r":"85","t":"14:32:00","h":"Ouest","s":"25N-H59NV20I-80-I"},{"r":"85","t":"14:32:00","h":"Ouest","s":"25S-H59S000I-81-I"},{"r":"85","t":"14:32:00","h":"Ouest","s":"25S-H59S100F-81-F1"},{"r":"85","t":"14:32:00","h":"Ouest","s":"25S-H59S200F-81-F2"},{"r":"85","t":"14:54:00","h":"Ouest","s":"25N-H59N000A-80-A"},{"r":"85","t":"14:54:00","h":"Ouest","s":"25N-H59NV10A-80-A"},{"r":"85","t":"14:54:00","h":"Ouest","s":"25N-H59VN20A-80-A"},{"r":"85","t":"14:54:00","h":"Ouest","s":"25S-H59S000A-81-A"},{"r":"85","t":"15:00:00","h":"Ouest","s":"25N-H59N000S-80-S"},{"r":"85","t":"15:00:00","h":"Ouest","s":"25N-H59NV10S-84-S"},{"r":"85","t":"15:00:00","h":"Ouest","s":"25N-H59NV20S-80-S"},{"r":"85","t":"15:00:00","h":"Ouest","s":"25S-H59S000S-81-S"},{"r":"85","t":"15:04:00","h":"Ouest","s":"25N-H59N000I-80-I"},{"r":"85","t":"15:04:00","h":"Ouest","s":"25N-H59N100F-80-F1"},{"r":"85","t":"15:04:00","h":"Ouest","s":"25N-H59N200F-81-F2"},{"r":"85","t":"15:04:00","h":"Ouest","s":"25N-H59N300F-80-F3"},{"r":"85","t":"15:04:00","h":"Ouest","s":"25N-H59N400F-80-F4"},{"r":"85","t":"15:04:00","h":"Ouest","s":"25N-H59NV10I-80-I"},{"r":"85","t":"15:04:00","h":"Ouest","s":"25N-H59NV20I-80-I"},{"r":"85","t":"15:04:00","h":"Ouest","s":"25S-H59S000I-81-I"},{"r":"85","t":"15:04:00","h":"Ouest","s":"25S-H59S100F-81-F1"},{"r":"85","t":"15:04:00","h":"Ouest","s":"25S-H59S200F-81-F2"},{"r":"85","t":"15:28:00","h":"Ouest","s":"25N-H59N000A-80-A"},{"r":"85","t":"15:28:00","h":"Ouest","s":"25N-H59NV10A-80-A"},{"r":"85","t":"15:28:00","h":"Ouest","s":"25N-H59VN20A-80-A"},{"r":"85","t":"15:28:00","h":"Ouest","s":"25S-H59S000A-81-A"},{"r":"85","t":"15:34:00","h":"Ouest","s":"25N-H59N000S-80-S"},{"r":"85","t":"15:34:00","h":"Ouest","s":"25N-H59NV10S-84-S"},{"r":"85","t":"15:34:00","h":"Ouest","s":"25N-H59NV20S-80-S"},{"r":"85","t":"15:34:00","h":"Ouest","s":"25S-H59S000S-81-S"},{"r":"85","t":"15:36:00","h":"Ouest","s":"25N-H59N000I-80-I"},{"r":"85","t":"15:36:00","h":"Ouest","s":"25N-H59N100F-80-F1"},{"r":"85","t":"15:36:00","h":"Ouest","s":"25N-H59N200F-81-F2"},{"r":"85","t":"15:36:00","h":"Ouest","s":"25N-H59N300F-80-F3"},{"r":"85","t":"15:36:00","h":"Ouest","s":"25N-H59N400F-80-F4"},{"r":"85","t":"15:36:00","h":"Ouest","s":"25N-H59NV10I-80-I"},{"r":"85","t":"15:36:00","h":"Ouest","s":"25N-H59NV20I-80-I"},{"r":"85","t":"15:36:00","h":"Ouest","s":"25S-H59S000I-81-I"},{"r":"85","t":"15:36:00","h":"Ouest","s":"25S-H59S100F-81-F1"},{"r":"85","t":"15:36:00","h":"Ouest","s":"25S-H59S200F-81-F2"},{"r":"85","t":"16:02:00","h":"Ouest","s":"25N-H59N000A-80-A"},{"r":"85","t":"16:02:00","h":"Ouest","s":"25N-H59NV10A-80-A"},{"r":"85","t":"16:02:00","h":"Ouest","s":"25N-H59VN20A-80-A"},{"r":"85","t":"16:02:00","h":"Ouest","s":"25S-H59S000A-81-A"},{"r":"85","t":"16:07:00","h":"Ouest","s":"25N-H59N000S-80-S"},{"r":"85","t":"16:07:00","h":"Ouest","s":"25N-H59NV10S-84-S"},{"r":"85","t":"16:07:00","h":"Ouest","s":"25N-H59NV20S-80-S"},{"r":"85","t":"16:07:00","h":"Ouest","s":"25S-H59S000S-81-S"},{"r":"85","t":"16:08:00","h":"Ouest","s":"25N-H59N000I-80-I"},{"r":"85","t":"16:08:00","h":"Ouest","s":"25N-H59N100F-80-F1"},{"r":"85","t":"16:08:00","h":"Ouest","s":"25N-H59N200F-81-F2"},{"r":"85","t":"16:08:00","h":"Ouest","s":"25N-H59N300F-80-F3"},{"r":"85","t":"16:08:00","h":"Ouest","s":"25N-H59N400F-80-F4"},{"r":"85","t":"16:08:00","h":"Ouest","s":"25N-H59NV10I-80-I"},{"r":"85","t":"16:08:00","h":"Ouest","s":"25N-H59NV20I-80-I"},{"r":"85","t":"16:08:00","h":"Ouest","s":"25S-H59S000I-81-I"},{"r":"85","t":"16:08:00","h":"Ouest","s":"25S-H59S100F-81-F1"},{"r":"85","t":"16:08:00","h":"Ouest","s":"25S-H59S200F-81-F2"},{"r":"85","t":"16:35:00","h":"Ouest","s":"25N-H59N000A-80-A"},{"r":"85","t":"16:35:00","h":"Ouest","s":"25N-H59NV10A-80-A"},{"r":"85","t":"16:35:00","h":"Ouest","s":"25N-H59VN20A-80-A"},{"r":"85","t":"16:35:00","h":"Ouest","s":"25S-H59S000A-81-A"},{"r":"85","t":"16:39:00","h":"Ouest","s":"25N-H59N000I-80-I"},{"r":"85","t":"16:39:00","h":"Ouest","s":"25N-H59N100F-80-F1"},{"r":"85","t":"16:39:00","h":"Ouest","s":"25N-H59N200F-81-F2"},{"r":"85","t":"16:39:00","h":"Ouest","s":"25N-H59N300F-80-F3"},{"r":"85","t":"16:39:00","h":"Ouest","s":"25N-H59N400F-80-F4"},{"r":"85","t":"16:39:00","h":"Ouest","s":"25N-H59NV10I-80-I"},{"r":"85","t":"16:39:00","h":"Ouest","s":"25N-H59NV20I-80-I"},{"r":"85","t":"16:39:00","h":"Ouest","s":"25S-H59S000I-81-I"},{"r":"85","t":"16:39:00","h":"Ouest","s":"25S-H59S100F-81-F1"},{"r":"85","t":"16:39:00","h":"Ouest","s":"25S-H59S200F-81-F2"},{"r":"85","t":"16:40:00","h":"Ouest","s":"25N-H59N000S-80-S"},{"r":"85","t":"16:40:00","h":"Ouest","s":"25N-H59NV10S-84-S"},{"r":"85","t":"16:40:00","h":"Ouest","s":"25N-H59NV20S-80-S"},{"r":"85","t":"16:40:00","h":"Ouest","s":"25S-H59S000S-81-S"},{"r":"85","t":"17:09:00","h":"Ouest","s":"25N-H59N000A-80-A"},{"r":"85","t":"17:09:00","h":"Ouest","s":"25N-H59NV10A-80-A"},{"r":"85","t":"17:09:00","h":"Ouest","s":"25N-H59VN20A-80-A"},{"r":"85","t":"17:09:00","h":"Ouest","s":"25S-H59S000A-81-A"},{"r":"85","t":"17:11:00","h":"Ouest","s":"25N-H59N000I-80-I"},{"r":"85","t":"17:11:00","h":"Ouest","s":"25N-H59N100F-80-F1"},{"r":"85","t":"17:11:00","h":"Ouest","s":"25N-H59N200F-81-F2"},{"r":"85","t":"17:11:00","h":"Ouest","s":"25N-H59N300F-80-F3"},{"r":"85","t":"17:11:00","h":"Ouest","s":"25N-H59N400F-80-F4"},{"r":"85","t":"17:11:00","h":"Ouest","s":"25N-H59NV10I-80-I"},{"r":"85","t":"17:11:00","h":"Ouest","s":"25N-H59NV20I-80-I"},{"r":"85","t":"17:11:00","h":"Ouest","s":"25S-H59S000I-81-I"},{"r":"85","t":"17:11:00","h":"Ouest","s":"25S-H59S100F-81-F1"},{"r":"85","t":"17:11:00","h":"Ouest","s":"25S-H59S200F-81-F2"},{"r":"85","t":"17:13:00","h":"Ouest","s":"25N-H59N000S-80-S"},{"r":"85","t":"17:13:00","h":"Ouest","s":"25N-H59NV10S-84-S"},{"r":"85","t":"17:13:00","h":"Ouest","s":"25N-H59NV20S-80-S"},{"r":"85","t":"17:13:00","h":"Ouest","s":"25S-H59S000S-81-S"},{"r":"85","t":"17:43:00","h":"Ouest","s":"25N-H59N000A-80-A"},{"r":"85","t":"17:43:00","h":"Ouest","s":"25N-H59N000I-80-I"},{"r":"85","t":"17:43:00","h":"Ouest","s":"25N-H59N100F-80-F1"},{"r":"85","t":"17:43:00","h":"Ouest","s":"25N-H59N200F-81-F2"},{"r":"85","t":"17:43:00","h":"Ouest","s":"25N-H59N300F-80-F3"},{"r":"85","t":"17:43:00","h":"Ouest","s":"25N-H59N400F-80-F4"},{"r":"85","t":"17:43:00","h":"Ouest","s":"25N-H59NV10A-80-A"},{"r":"85","t":"17:43:00","h":"Ouest","s":"25N-H59NV10I-80-I"},{"r":"85","t":"17:43:00","h":"Ouest","s":"25N-H59NV20I-80-I"},{"r":"85","t":"17:43:00","h":"Ouest","s":"25N-H59VN20A-80-A"},{"r":"85","t":"17:43:00","h":"Ouest","s":"25S-H59S000A-81-A"},{"r":"85","t":"17:43:00","h":"Ouest","s":"25S-H59S000I-81-I"},{"r":"85","t":"17:43:00","h":"Ouest","s":"25S-H59S100F-81-F1"},{"r":"85","t":"17:43:00","h":"Ouest","s":"25S-H59S200F-81-F2"},{"r":"85","t":"17:45:00","h":"Ouest","s":"25N-H59N000S-80-S"},{"r":"85","t":"17:45:00","h":"Ouest","s":"25N-H59NV10S-84-S"},{"r":"85","t":"17:45:00","h":"Ouest","s":"25N-H59NV20S-80-S"},{"r":"85","t":"17:45:00","h":"Ouest","s":"25S-H59S000S-81-S"},{"r":"85","t":"18:15:00","h":"Ouest","s":"25N-H59N000I-80-I"},{"r":"85","t":"18:15:00","h":"Ouest","s":"25N-H59N100F-80-F1"},{"r":"85","t":"18:15:00","h":"Ouest","s":"25N-H59N200F-81-F2"},{"r":"85","t":"18:15:00","h":"Ouest","s":"25N-H59N300F-80-F3"},{"r":"85","t":"18:15:00","h":"Ouest","s":"25N-H59N400F-80-F4"},{"r":"85","t":"18:15:00","h":"Ouest","s":"25N-H59NV10I-80-I"},{"r":"85","t":"18:15:00","h":"Ouest","s":"25N-H59NV20I-80-I"},{"r":"85","t":"18:15:00","h":"Ouest","s":"25S-H59S000I-81-I"},{"r":"85","t":"18:15:00","h":"Ouest","s":"25S-H59S100F-81-F1"},{"r":"85","t":"18:15:00","h":"Ouest","s":"25S-H59S200F-81-F2"},{"r":"85","t":"18:16:00","h":"Ouest","s":"25N-H59N000A-80-A"},{"r":"85","t":"18:16:00","h":"Ouest","s":"25N-H59NV10A-80-A"},{"r":"85","t":"18:16:00","h":"Ouest","s":"25N-H59VN20A-80-A"},{"r":"85","t":"18:16:00","h":"Ouest","s":"25S-H59S000A-81-A"},{"r":"85","t":"18:18:00","h":"Ouest","s":"25N-H59N000S-80-S"},{"r":"85","t":"18:18:00","h":"Ouest","s":"25N-H59NV10S-84-S"},{"r":"85","t":"18:18:00","h":"Ouest","s":"25N-H59NV20S-80-S"},{"r":"85","t":"18:18:00","h":"Ouest","s":"25S-H59S000S-81-S"},{"r":"85","t":"18:48:00","h":"Ouest","s":"25N-H59N000I-80-I"},{"r":"85","t":"18:48:00","h":"Ouest","s":"25N-H59N100F-80-F1"},{"r":"85","t":"18:48:00","h":"Ouest","s":"25N-H59N200F-81-F2"},{"r":"85","t":"18:48:00","h":"Ouest","s":"25N-H59N300F-80-F3"},{"r":"85","t":"18:48:00","h":"Ouest","s":"25N-H59N400F-80-F4"},{"r":"85","t":"18:48:00","h":"Ouest","s":"25N-H59NV10I-80-I"},{"r":"85","t":"18:48:00","h":"Ouest","s":"25N-H59NV20I-80-I"},{"r":"85","t":"18:48:00","h":"Ouest","s":"25S-H59S000I-81-I"},{"r":"85","t":"18:48:00","h":"Ouest","s":"25S-H59S100F-81-F1"},{"r":"85","t":"18:48:00","h":"Ouest","s":"25S-H59S200F-81-F2"},{"r":"85","t":"18:51:00","h":"Ouest","s":"25N-H59N000S-80-S"},{"r":"85","t":"18:51:00","h":"Ouest","s":"25N-H59NV10S-84-S"},{"r":"85","t":"18:51:00","h":"Ouest","s":"25N-H59NV20S-80-S"},{"r":"85","t":"18:51:00","h":"Ouest","s":"25S-H59S000S-81-S"},{"r":"85","t":"18:57:00","h":"Ouest","s":"25N-H59N000A-80-A"},{"r":"85","t":"18:57:00","h":"Ouest","s":"25N-H59NV10A-80-A"},{"r":"85","t":"18:57:00","h":"Ouest","s":"25N-H59VN20A-80-A"},{"r":"85","t":"18:57:00","h":"Ouest","s":"25S-H59S000A-81-A"},{"r":"85","t":"19:21:00","h":"Ouest","s":"25N-H59N000I-80-I"},{"r":"85","t":"19:21:00","h":"Ouest","s":"25N-H59N100F-80-F1"},{"r":"85","t":"19:21:00","h":"Ouest","s":"25N-H59N200F-81-F2"},{"r":"85","t":"19:21:00","h":"Ouest","s":"25N-H59N300F-80-F3"},{"r":"85","t":"19:21:00","h":"Ouest","s":"25N-H59N400F-80-F4"},{"r":"85","t":"19:21:00","h":"Ouest","s":"25N-H59NV10I-80-I"},{"r":"85","t":"19:21:00","h":"Ouest","s":"25N-H59NV20I-80-I"},{"r":"85","t":"19:21:00","h":"Ouest","s":"25S-H59S000I-81-I"},{"r":"85","t":"19:21:00","h":"Ouest","s":"25S-H59S100F-81-F1"},{"r":"85","t":"19:21:00","h":"Ouest","s":"25S-H59S200F-81-F2"},{"r":"85","t":"19:24:00","h":"Ouest","s":"25N-H59N000S-80-S"},{"r":"85","t":"19:24:00","h":"Ouest","s":"25N-H59NV10S-84-S"},{"r":"85","t":"19:24:00","h":"Ouest","s":"25N-H59NV20S-80-S"},{"r":"85","t":"19:24:00","h":"Ouest","s":"25S-H59S000S-81-S"},{"r":"85","t":"19:39:00","h":"Ouest","s":"25N-H59N000A-80-A"},{"r":"85","t":"19:39:00","h":"Ouest","s":"25N-H59NV10A-80-A"},{"r":"85","t":"19:39:00","h":"Ouest","s":"25N-H59VN20A-80-A"},{"r":"85","t":"19:39:00","h":"Ouest","s":"25S-H59S000A-81-A"},{"r":"85","t":"19:57:00","h":"Ouest","s":"25N-H59N000S-80-S"},{"r":"85","t":"19:57:00","h":"Ouest","s":"25N-H59NV10S-84-S"},{"r":"85","t":"19:57:00","h":"Ouest","s":"25N-H59NV20S-80-S"},{"r":"85","t":"19:57:00","h":"Ouest","s":"25S-H59S000S-81-S"},{"r":"85","t":"19:59:00","h":"Ouest","s":"25N-H59N000I-80-I"},{"r":"85","t":"19:59:00","h":"Ouest","s":"25N-H59N100F-80-F1"},{"r":"85","t":"19:59:00","h":"Ouest","s":"25N-H59N200F-81-F2"},{"r":"85","t":"19:59:00","h":"Ouest","s":"25N-H59N300F-80-F3"},{"r":"85","t":"19:59:00","h":"Ouest","s":"25N-H59N400F-80-F4"},{"r":"85","t":"19:59:00","h":"Ouest","s":"25N-H59NV10I-80-I"},{"r":"85","t":"19:59:00","h":"Ouest","s":"25N-H59NV20I-80-I"},{"r":"85","t":"19:59:00","h":"Ouest","s":"25S-H59S000I-81-I"},{"r":"85","t":"19:59:00","h":"Ouest","s":"25S-H59S100F-81-F1"},{"r":"85","t":"19:59:00","h":"Ouest","s":"25S-H59S200F-81-F2"},{"r":"85","t":"20:22:00","h":"Ouest","s":"25N-H59N000A-80-A"},{"r":"85","t":"20:22:00","h":"Ouest","s":"25N-H59NV10A-80-A"},{"r":"85","t":"20:22:00","h":"Ouest","s":"25N-H59VN20A-80-A"},{"r":"85","t":"20:22:00","h":"Ouest","s":"25S-H59S000A-81-A"},{"r":"85","t":"20:30:00","h":"Ouest","s":"25N-H59N000S-80-S"},{"r":"85","t":"20:30:00","h":"Ouest","s":"25N-H59NV10S-84-S"},{"r":"85","t":"20:30:00","h":"Ouest","s":"25N-H59NV20S-80-S"},{"r":"85","t":"20:30:00","h":"Ouest","s":"25S-H59S000S-81-S"},{"r":"85","t":"20:38:00","h":"Ouest","s":"25N-H59N000I-80-I"},{"r":"85","t":"20:38:00","h":"Ouest","s":"25N-H59N100F-80-F1"},{"r":"85","t":"20:38:00","h":"Ouest","s":"25N-H59N200F-81-F2"},{"r":"85","t":"20:38:00","h":"Ouest","s":"25N-H59N300F-80-F3"},{"r":"85","t":"20:38:00","h":"Ouest","s":"25N-H59N400F-80-F4"},{"r":"85","t":"20:38:00","h":"Ouest","s":"25N-H59NV10I-80-I"},{"r":"85","t":"20:38:00","h":"Ouest","s":"25N-H59NV20I-80-I"},{"r":"85","t":"20:38:00","h":"Ouest","s":"25S-H59S000I-81-I"},{"r":"85","t":"20:38:00","h":"Ouest","s":"25S-H59S100F-81-F1"},{"r":"85","t":"20:38:00","h":"Ouest","s":"25S-H59S200F-81-F2"},{"r":"85","t":"21:07:00","h":"Ouest","s":"25N-H59N000A-80-A"},{"r":"85","t":"21:07:00","h":"Ouest","s":"25N-H59N000S-80-S"},{"r":"85","t":"21:07:00","h":"Ouest","s":"25N-H59NV10A-80-A"},{"r":"85","t":"21:07:00","h":"Ouest","s":"25N-H59NV10S-84-S"},{"r":"85","t":"21:07:00","h":"Ouest","s":"25N-H59NV20S-80-S"},{"r":"85","t":"21:07:00","h":"Ouest","s":"25N-H59VN20A-80-A"},{"r":"85","t":"21:07:00","h":"Ouest","s":"25S-H59S000A-81-A"},{"r":"85","t":"21:07:00","h":"Ouest","s":"25S-H59S000S-81-S"},{"r":"85","t":"21:18:00","h":"Ouest","s":"25N-H59N000I-80-I"},{"r":"85","t":"21:18:00","h":"Ouest","s":"25N-H59N100F-80-F1"},{"r":"85","t":"21:18:00","h":"Ouest","s":"25N-H59N200F-81-F2"},{"r":"85","t":"21:18:00","h":"Ouest","s":"25N-H59N300F-80-F3"},{"r":"85","t":"21:18:00","h":"Ouest","s":"25N-H59N400F-80-F4"},{"r":"85","t":"21:18:00","h":"Ouest","s":"25N-H59NV10I-80-I"},{"r":"85","t":"21:18:00","h":"Ouest","s":"25N-H59NV20I-80-I"},{"r":"85","t":"21:18:00","h":"Ouest","s":"25S-H59S000I-81-I"},{"r":"85","t":"21:18:00","h":"Ouest","s":"25S-H59S100F-81-F1"},{"r":"85","t":"21:18:00","h":"Ouest","s":"25S-H59S200F-81-F2"},{"r":"85","t":"21:50:00","h":"Ouest","s":"25N-H59N000S-80-S"},{"r":"85","t":"21:50:00","h":"Ouest","s":"25N-H59NV10S-84-S"},{"r":"85","t":"21:50:00","h":"Ouest","s":"25N-H59NV20S-80-S"},{"r":"85","t":"21:50:00","h":"Ouest","s":"25S-H59S000S-81-S"},{"r":"85","t":"21:52:00","h":"Ouest","s":"25N-H59N000A-80-A"},{"r":"85","t":"21:52:00","h":"Ouest","s":"25N-H59NV10A-80-A"},{"r":"85","t":"21:52:00","h":"Ouest","s":"25N-H59VN20A-80-A"},{"r":"85","t":"21:52:00","h":"Ouest","s":"25S-H59S000A-81-A"},{"r":"85","t":"22:00:00","h":"Ouest","s":"25N-H59N000I-80-I"},{"r":"85","t":"22:00:00","h":"Ouest","s":"25N-H59N100F-80-F1"},{"r":"85","t":"22:00:00","h":"Ouest","s":"25N-H59N200F-81-F2"},{"r":"85","t":"22:00:00","h":"Ouest","s":"25N-H59N300F-80-F3"},{"r":"85","t":"22:00:00","h":"Ouest","s":"25N-H59N400F-80-F4"},{"r":"85","t":"22:00:00","h":"Ouest","s":"25N-H59NV10I-80-I"},{"r":"85","t":"22:00:00","h":"Ouest","s":"25N-H59NV20I-80-I"},{"r":"85","t":"22:00:00","h":"Ouest","s":"25S-H59S000I-81-I"},{"r":"85","t":"22:00:00","h":"Ouest","s":"25S-H59S100F-81-F1"},{"r":"85","t":"22:00:00","h":"Ouest","s":"25S-H59S200F-81-F2"},{"r":"85","t":"22:34:00","h":"Ouest","s":"25N-H59N000S-80-S"},{"r":"85","t":"22:34:00","h":"Ouest","s":"25N-H59NV10S-84-S"},{"r":"85","t":"22:34:00","h":"Ouest","s":"25N-H59NV20S-80-S"},{"r":"85","t":"22:34:00","h":"Ouest","s":"25S-H59S000S-81-S"},{"r":"85","t":"22:37:00","h":"Ouest","s":"25N-H59N000A-80-A"},{"r":"85","t":"22:37:00","h":"Ouest","s":"25N-H59NV10A-80-A"},{"r":"85","t":"22:37:00","h":"Ouest","s":"25N-H59VN20A-80-A"},{"r":"85","t":"22:37:00","h":"Ouest","s":"25S-H59S000A-81-A"},{"r":"85","t":"22:43:00","h":"Ouest","s":"25N-H59N000I-80-I"},{"r":"85","t":"22:43:00","h":"Ouest","s":"25N-H59N100F-80-F1"},{"r":"85","t":"22:43:00","h":"Ouest","s":"25N-H59N200F-81-F2"},{"r":"85","t":"22:43:00","h":"Ouest","s":"25N-H59N300F-80-F3"},{"r":"85","t":"22:43:00","h":"Ouest","s":"25N-H59N400F-80-F4"},{"r":"85","t":"22:43:00","h":"Ouest","s":"25N-H59NV10I-80-I"},{"r":"85","t":"22:43:00","h":"Ouest","s":"25N-H59NV20I-80-I"},{"r":"85","t":"22:43:00","h":"Ouest","s":"25S-H59S000I-81-I"},{"r":"85","t":"22:43:00","h":"Ouest","s":"25S-H59S100F-81-F1"},{"r":"85","t":"22:43:00","h":"Ouest","s":"25S-H59S200F-81-F2"},{"r":"85","t":"23:18:00","h":"Ouest","s":"25N-H59N000S-80-S"},{"r":"85","t":"23:18:00","h":"Ouest","s":"25N-H59NV10S-84-S"},{"r":"85","t":"23:18:00","h":"Ouest","s":"25N-H59NV20S-80-S"},{"r":"85","t":"23:18:00","h":"Ouest","s":"25S-H59S000S-81-S"},{"r":"85","t":"23:21:00","h":"Ouest","s":"25N-H59N000A-80-A"},{"r":"85","t":"23:21:00","h":"Ouest","s":"25N-H59NV10A-80-A"},{"r":"85","t":"23:21:00","h":"Ouest","s":"25N-H59VN20A-80-A"},{"r":"85","t":"23:21:00","h":"Ouest","s":"25S-H59S000A-81-A"},{"r":"85","t":"23:26:00","h":"Ouest","s":"25N-H59N000I-80-I"},{"r":"85","t":"23:26:00","h":"Ouest","s":"25N-H59N100F-80-F1"},{"r":"85","t":"23:26:00","h":"Ouest","s":"25N-H59N200F-81-F2"},{"r":"85","t":"23:26:00","h":"Ouest","s":"25N-H59N300F-80-F3"},{"r":"85","t":"23:26:00","h":"Ouest","s":"25N-H59N400F-80-F4"},{"r":"85","t":"23:26:00","h":"Ouest","s":"25N-H59NV10I-80-I"},{"r":"85","t":"23:26:00","h":"Ouest","s":"25N-H59NV20I-80-I"},{"r":"85","t":"23:26:00","h":"Ouest","s":"25S-H59S000I-81-I"},{"r":"85","t":"23:26:00","h":"Ouest","s":"25S-H59S100F-81-F1"},{"r":"85","t":"23:26:00","h":"Ouest","s":"25S-H59S200F-81-F2"},{"r":"85","t":"23:50:00","h":"Ouest","s":"25N-H59N000S-80-S"},{"r":"85","t":"23:50:00","h":"Ouest","s":"25N-H59NV10S-84-S"},{"r":"85","t":"23:50:00","h":"Ouest","s":"25N-H59NV20S-80-S"},{"r":"85","t":"23:50:00","h":"Ouest","s":"25S-H59S000S-81-S"},{"r":"85","t":"24:06:00","h":"Ouest","s":"25N-H59N000A-80-A"},{"r":"85","t":"24:06:00","h":"Ouest","s":"25N-H59NV10A-80-A"},{"r":"85","t":"24:06:00","h":"Ouest","s":"25N-H59VN20A-80-A"},{"r":"85","t":"24:06:00","h":"Ouest","s":"25S-H59S000A-81-A"},{"r":"85","t":"24:09:00","h":"Ouest","s":"25N-H59N000I-80-I"},{"r":"85","t":"24:09:00","h":"Ouest","s":"25N-H59N100F-80-F1"},{"r":"85","t":"24:09:00","h":"Ouest","s":"25N-H59N200F-81-F2"},{"r":"85","t":"24:09:00","h":"Ouest","s":"25N-H59N300F-80-F3"},{"r":"85","t":"24:09:00","h":"Ouest","s":"25N-H59N400F-80-F4"},{"r":"85","t":"24:09:00","h":"Ouest","s":"25N-H59NV10I-80-I"},{"r":"85","t":"24:09:00","h":"Ouest","s":"25N-H59NV20I-80-I"},{"r":"85","t":"24:09:00","h":"Ouest","s":"25S-H59S000I-81-I"},{"r":"85","t":"24:09:00","h":"Ouest","s":"25S-H59S100F-81-F1"},{"r":"85","t":"24:09:00","h":"Ouest","s":"25S-H59S200F-81-F2"},{"r":"85","t":"24:39:00","h":"Ouest","s":"25N-H59N000S-80-S"},{"r":"85","t":"24:39:00","h":"Ouest","s":"25N-H59NV10S-84-S"},{"r":"85","t":"24:39:00","h":"Ouest","s":"25N-H59NV20S-80-S"},{"r":"85","t":"24:39:00","h":"Ouest","s":"25S-H59S000S-81-S"},{"r":"85","t":"24:52:00","h":"Ouest","s":"25N-H59N000A-80-A"},{"r":"85","t":"24:52:00","h":"Ouest","s":"25N-H59N000I-80-I"},{"r":"85","t":"24:52:00","h":"Ouest","s":"25N-H59N100F-80-F1"},{"r":"85","t":"24:52:00","h":"Ouest","s":"25N-H59N200F-81-F2"},{"r":"85","t":"24:52:00","h":"Ouest","s":"25N-H59N300F-80-F3"},{"r":"85","t":"24:52:00","h":"Ouest","s":"25N-H59N400F-80-F4"},{"r":"85","t":"24:52:00","h":"Ouest","s":"25N-H59NV10A-80-A"},{"r":"85","t":"24:52:00","h":"Ouest","s":"25N-H59NV10I-80-I"},{"r":"85","t":"24:52:00","h":"Ouest","s":"25N-H59NV20I-80-I"},{"r":"85","t":"24:52:00","h":"Ouest","s":"25N-H59VN20A-80-A"},{"r":"85","t":"24:52:00","h":"Ouest","s":"25S-H59S000A-81-A"},{"r":"85","t":"24:52:00","h":"Ouest","s":"25S-H59S000I-81-I"},{"r":"85","t":"24:52:00","h":"Ouest","s":"25S-H59S100F-81-F1"},{"r":"85","t":"24:52:00","h":"Ouest","s":"25S-H59S200F-81-F2"}]