[{"r":"188","t":"06:17:00","h":"Est via Lavoisier","s":"25N-H54N000S-80-S"},{"r":"188","t":"06:17:00","h":"Est via Lavoisier","s":"25N-H54NV10S-82-S"},{"r":"188","t":"06:17:00","h":"Est via Lavoisier","s":"25N-H54NV20S-80-S"},{"r":"188","t":"06:17:00","h":"Est via Lavoisier","s":"25S-H54S000S-82-S"},{"r":"188","t":"06:50:00","h":"Est via Lavoisier","s":"25N-H59N000S-80-S"},{"r":"188","t":"06:50:00","h":"Est via Lavoisier","s":"25N-H59NV10S-84-S"},{"r":"188","t":"06:50:00","h":"Est via Lavoisier","s":"25N-H59NV20S-80-S"},{"r":"188","t":"06:50:00","h":"Est via Lavoisier","s":"25S-H59S000S-81-S"},{"r":"39","t":"07:10:00","h":"Ouest","s":"25N-H54N000S-80-S"},{"r":"39","t":"07:10:00","h":"Ouest","s":"25N-H54NV10S-82-S"},{"r":"39","t":"07:10:00","h":"Ouest","s":"25N-H54NV20S-80-S"},{"r":"39","t":"07:10:00","h":"Ouest","s":"25S-H54S000S-82-S"},{"r":"188","t":"07:29:00","h":"Est via Lavoisier","s":"25N-H54N000S-80-S"},{"r":"188","t":"07:29:00","h":"Est via Lavoisier","s":"25N-H54NV10S-82-S"},{"r":"188","t":"07:29:00","h":"Est via Lavoisier","s":"25N-H54NV20S-80-S"},{"r":"188","t":"07:29:00","h":"Est via Lavoisier","s":"25S-H54S000S-82-S"},{"r":"39","t":"07:41:00","h":"Ouest","s":"25N-H54N000S-80-S"},{"r":"39","t":"07:41:00","h":"Ouest","s":"25N-H54NV10S-82-S"},{"r":"39","t":"07:41:00","h":"Ouest","s":"25N-H54NV20S-80-S"},{"r":"39","t":"07:41:00","h":"Ouest","s":"25S-H54S000S-82-S"},{"r":"188","t":"08:05:00","h":"Est via Lavoisier","s":"25N-H54N000S-80-S"},{"r":"188","t":"08:05:00","h":"Est via Lavoisier","s":"25N-H54NV10S-82-S"},{"r":"188","t":"08:05:00","h":"Est via Lavoisier","s":"25N-H54NV20S-80-S"},{"r":"188","t":"08:05:00","h":"Est via Lavoisier","s":"25S-H54S000S-82-S"},{"r":"39","t":"08:12:00","h":"Ouest","s":"25N-H54N000S-80-S"},{"r":"39","t":"08:12:00","h":"Ouest","s":"25N-H54NV10S-82-S"},{"r":"39","t":"08:12:00","h":"Ouest","s":"25N-H54NV20S-80-S"},{"r":"39","t":"08:12:00","h":"Ouest","s":"25S-H54S000S-82-S"},{"r":"188","t":"08:39:00","h":"Est via Lavoisier","s":"25N-H54N000S-80-S"},{"r":"188","t":"08:39:00","h":"Est via Lavoisier","s":"25N-H54NV10S-82-S"},{"r":"188","t":"08:39:00","h":"Est via Lavoisier","s":"25N-H54NV20S-80-S"},{"r":"188","t":"08:39:00","h":"Est via Lavoisier","s":"25S-H54S000S-82-S"},{"r":"39","t":"08:43:00","h":"Ouest","s":"25N-H54N000S-80-S"},{"r":"39","t":"08:43:00","h":"Ouest","s":"25N-H54NV10S-82-S"},{"r":"39","t":"08:43:00","h":"Ouest","s":"25N-H54NV20S-80-S"},{"r":"39","t":"08:43:00","h":"Ouest","s":"25S-H54S000S-82-S"},{"r":"188","t":"09:09:00","h":"Est via Lavoisier","s":"25N-H54N000S-80-S"},{"r":"188","t":"09:09:00","h":"Est via Lavoisier","s":"25N-H54NV10S-82-S"},{"r":"188","t":"09:09:00","h":"Est via Lavoisier","s":"25N-H54NV20S-80-S"},{"r":"188","t":"09:09:00","h":"Est via Lavoisier","s":"25S-H54S000S-82-S"},{"r":"39","t":"09:10:00","h":"Ouest","s":"25N-H54N000S-80-S"},{"r":"39","t":"09:10:00","h":"Ouest","s":"25N-H54NV10S-82-S"},{"r":"39","t":"09:10:00","h":"Ouest","s":"25N-H54NV20S-80-S"},{"r":"39","t":"09:10:00","h":"Ouest","s":"25S-H54S000S-82-S"},{"r":"188","t":"09:47:00","h":"Est via Lavoisier","s":"25N-H54N000S-80-S"},{"r":"188","t":"09:47:00","h":"Est via Lavoisier","s":"25N-H54NV10S-82-S"},{"r":"188","t":"09:47:00","h":"Est via Lavoisier","s":"25N-H54NV20S-80-S"},{"r":"188","t":"09:47:00","h":"Est via Lavoisier","s":"25S-H54S000S-82-S"},{"r":"39","t":"16:29:00","h":"Ouest","s":"25N-H54N000S-80-S"},{"r":"39","t":"16:29:00","h":"Ouest","s":"25N-H54NV10S-82-S"},{"r":"39","t":"16:29:00","h":"Ouest","s":"25N-H54NV20S-80-S"},{"r":"39","t":"16:29:00","h":"Ouest","s":"25S-H54S000S-82-S"},{"r":"39","t":"17:02:00","h":"Ouest","s":"25N-H54N000S-80-S"},{"r":"39","t":"17:02:00","h":"Ouest","s":"25N-H54NV10S-82-S"},{"r":"39","t":"17:02:00","h":"Ouest","s":"25N-H54NV20S-80-S"},{"r":"39","t":"17:02:00","h":"Ouest","s":"25S-H54S000S-82-S"},{"r":"39","t":"17:27:00","h":"Ouest","s":"25N-H54N000S-80-S"},{"r":"39","t":"17:27:00","h":"Ouest","s":"25N-H54NV10S-82-S"},{"r":"39","t":"17:27:00","h":"Ouest","s":"25N-H54NV20S-80-S"},{"r":"39","t":"17:27:00","h":"Ouest","s":"25S-H54S000S-82-S"},{"r":"39","t":"17:55:00","h":"Ouest","s":"25N-H54N000S-80-S"},{"r":"39","t":"17:55:00","h":"Ouest","s":"25N-H54NV10S-82-S"},{"r":"39","t":"17:55:00","h":"Ouest","s":"25N-H54NV20S-80-S"},{"r":"39","t":"17:55:00","h":"Ouest","s":"25S-H54S000S-82-S"},{"r":"39","t":"18:24:00","h":"Ouest","s":"25N-H54N000S-80-S"},{"r":"39","t":"18:24:00","h":"Ouest","s":"25N-H54NV10S-82-S"},{"r":"39","t":"18:24:00","h":"Ouest","s":"25N-H54NV20S-80-S"},{"r":"39","t":"18:24:00","h":"Ouest","s":"25S-H54S000S-82-S"}]