[{"r":"140","t":"05:53:39","h":"Est","s":"25N-H58N000S-80-S"},{"r":"140","t":"05:53:39","h":"Est","s":"25N-H58NV10S-80-S"},{"r":"140","t":"05:53:39","h":"Est","s":"25N-H58NV20S-80-S"},{"r":"140","t":"05:53:39","h":"Est","s":"25S-H58S000S-80-S"},{"r":"140","t":"06:08:39","h":"Est","s":"25N-H58N000A-80-A"},{"r":"140","t":"06:08:39","h":"Est","s":"25N-H58NV10A-80-A"},{"r":"140","t":"06:08:39","h":"Est","s":"25N-H58NV20A-80-A"},{"r":"140","t":"06:08:39","h":"Est","s":"25S-H58S000A-80-A"},{"r":"140","t":"06:17:39","h":"Est","s":"25N-H58N000I-80-I"},{"r":"140","t":"06:17:39","h":"Est","s":"25N-H58N100F-80-F1"},{"r":"140","t":"06:17:39","h":"Est","s":"25N-H58N200F-80-F2"},{"r":"140","t":"06:17:39","h":"Est","s":"25N-H58N300F-80-F3"},{"r":"140","t":"06:17:39","h":"Est","s":"25N-H58N400F-80-F4"},{"r":"140","t":"06:17:39","h":"Est","s":"25N-H58NV10I-80-I"},{"r":"140","t":"06:17:39","h":"Est","s":"25N-H58NV20I-80-I"},{"r":"140","t":"06:17:39","h":"Est","s":"25S-H58S000I-80-I"},{"r":"140","t":"06:17:39","h":"Est","s":"25S-H58S100F-80-F1"},{"r":"140","t":"06:17:39","h":"Est","s":"25S-H58S200F-80-F2"},{"r":"140","t":"06:22:39","h":"Est","s":"25N-H58N000S-80-S"},{"r":"140","t":"06:22:39","h":"Est","s":"25N-H58NV10S-80-S"},{"r":"140","t":"06:22:39","h":"Est","s":"25N-H58NV20S-80-S"},{"r":"140","t":"06:22:39","h":"Est","s":"25S-H58S000S-80-S"},{"r":"140","t":"06:38:39","h":"Est","s":"25N-H58N000A-80-A"},{"r":"140","t":"06:38:39","h":"Est","s":"25N-H58NV10A-80-A"},{"r":"140","t":"06:38:39","h":"Est","s":"25N-H58NV20A-80-A"},{"r":"140","t":"06:38:39","h":"Est","s":"25S-H58S000A-80-A"},{"r":"140","t":"06:49:39","h":"Est","s":"25N-H58N000I-80-I"},{"r":"140","t":"06:49:39","h":"Est","s":"25N-H58N100F-80-F1"},{"r":"140","t":"06:49:39","h":"Est","s":"25N-H58N200F-80-F2"},{"r":"140","t":"06:49:39","h":"Est","s":"25N-H58N300F-80-F3"},{"r":"140","t":"06:49:39","h":"Est","s":"25N-H58N400F-80-F4"},{"r":"140","t":"06:49:39","h":"Est","s":"25N-H58NV10I-80-I"},{"r":"140","t":"06:49:39","h":"Est","s":"25N-H58NV20I-80-I"},{"r":"140","t":"06:49:39","h":"Est","s":"25S-H58S000I-80-I"},{"r":"140","t":"06:49:39","h":"Est","s":"25S-H58S100F-80-F1"},{"r":"140","t":"06:49:39","h":"Est","s":"25S-H58S200F-80-F2"},{"r":"140","t":"06:52:39","h":"Est","s":"25N-H58N000S-80-S"},{"r":"140","t":"06:52:39","h":"Est","s":"25N-H58NV10S-80-S"},{"r":"140","t":"06:52:39","h":"Est","s":"25N-H58NV20S-80-S"},{"r":"140","t":"06:52:39","h":"Est","s":"25S-H58S000S-80-S"},{"r":"140","t":"07:08:39","h":"Est","s":"25N-H58N000A-80-A"},{"r":"140","t":"07:08:39","h":"Est","s":"25N-H58NV10A-80-A"},{"r":"140","t":"07:08:39","h":"Est","s":"25N-H58NV20A-80-A"},{"r":"140","t":"07:08:39","h":"Est","s":"25S-H58S000A-80-A"},{"r":"140","t":"07:21:39","h":"Est","s":"25N-H58N000I-80-I"},{"r":"140","t":"07:21:39","h":"Est","s":"25N-H58N100F-80-F1"},{"r":"140","t":"07:21:39","h":"Est","s":"25N-H58N200F-80-F2"},{"r":"140","t":"07:21:39","h":"Est","s":"25N-H58N300F-80-F3"},{"r":"140","t":"07:21:39","h":"Est","s":"25N-H58N400F-80-F4"},{"r":"140","t":"07:21:39","h":"Est","s":"25N-H58NV10I-80-I"},{"r":"140","t":"07:21:39","h":"Est","s":"25N-H58NV20I-80-I"},{"r":"140","t":"07:21:39","h":"Est","s":"25S-H58S000I-80-I"},{"r":"140","t":"07:21:39","h":"Est","s":"25S-H58S100F-80-F1"},{"r":"140","t":"07:21:39","h":"Est","s":"25S-H58S200F-80-F2"},{"r":"140","t":"07:22:29","h":"Est","s":"25N-H58N000S-80-S"},{"r":"140","t":"07:22:29","h":"Est","s":"25N-H58NV10S-80-S"},{"r":"140","t":"07:22:29","h":"Est","s":"25N-H58NV20S-80-S"},{"r":"140","t":"07:22:29","h":"Est","s":"25S-H58S000S-80-S"},{"r":"140","t":"07:38:39","h":"Est","s":"25N-H58N000A-80-A"},{"r":"140","t":"07:38:39","h":"Est","s":"25N-H58NV10A-80-A"},{"r":"140","t":"07:38:39","h":"Est","s":"25N-H58NV20A-80-A"},{"r":"140","t":"07:38:39","h":"Est","s":"25S-H58S000A-80-A"},{"r":"140","t":"07:54:16","h":"Est","s":"25N-H58N000I-80-I"},{"r":"140","t":"07:54:16","h":"Est","s":"25N-H58N100F-80-F1"},{"r":"140","t":"07:54:16","h":"Est","s":"25N-H58N200F-80-F2"},{"r":"140","t":"07:54:16","h":"Est","s":"25N-H58N300F-80-F3"},{"r":"140","t":"07:54:16","h":"Est","s":"25N-H58N400F-80-F4"},{"r":"140","t":"07:54:16","h":"Est","s":"25N-H58NV10I-80-I"},{"r":"140","t":"07:54:16","h":"Est","s":"25N-H58NV20I-80-I"},{"r":"140","t":"07:54:16","h":"Est","s":"25S-H58S000I-80-I"},{"r":"140","t":"07:54:16","h":"Est","s":"25S-H58S100F-80-F1"},{"r":"140","t":"07:54:16","h":"Est","s":"25S-H58S200F-80-F2"},{"r":"140","t":"07:58:29","h":"Est","s":"25N-H58N000S-80-S"},{"r":"140","t":"07:58:29","h":"Est","s":"25N-H58NV10S-80-S"},{"r":"140","t":"07:58:29","h":"Est","s":"25N-H58NV20S-80-S"},{"r":"140","t":"07:58:29","h":"Est","s":"25S-H58S000S-80-S"},{"r":"140","t":"08:08:39","h":"Est","s":"25N-H58N000A-80-A"},{"r":"140","t":"08:08:39","h":"Est","s":"25N-H58NV10A-80-A"},{"r":"140","t":"08:08:39","h":"Est","s":"25N-H58NV20A-80-A"},{"r":"140","t":"08:08:39","h":"Est","s":"25S-H58S000A-80-A"},{"r":"140","t":"08:24:16","h":"Est","s":"25N-H58N000I-80-I"},{"r":"140","t":"08:24:16","h":"Est","s":"25N-H58N100F-80-F1"},{"r":"140","t":"08:24:16","h":"Est","s":"25N-H58N200F-80-F2"},{"r":"140","t":"08:24:16","h":"Est","s":"25N-H58N300F-80-F3"},{"r":"140","t":"08:24:16","h":"Est","s":"25N-H58N400F-80-F4"},{"r":"140","t":"08:24:16","h":"Est","s":"25N-H58NV10I-80-I"},{"r":"140","t":"08:24:16","h":"Est","s":"25N-H58NV20I-80-I"},{"r":"140","t":"08:24:16","h":"Est","s":"25S-H58S000I-80-I"},{"r":"140","t":"08:24:16","h":"Est","s":"25S-H58S100F-80-F1"},{"r":"140","t":"08:24:16","h":"Est","s":"25S-H58S200F-80-F2"},{"r":"140","t":"08:30:29","h":"Est","s":"25N-H58N000S-80-S"},{"r":"140","t":"08:30:29","h":"Est","s":"25N-H58NV10S-80-S"},{"r":"140","t":"08:30:29","h":"Est","s":"25N-H58NV20S-80-S"},{"r":"140","t":"08:30:29","h":"Est","s":"25S-H58S000S-80-S"},{"r":"140","t":"08:40:16","h":"Est","s":"25N-H58N000A-80-A"},{"r":"140","t":"08:40:16","h":"Est","s":"25N-H58NV10A-80-A"},{"r":"140","t":"08:40:16","h":"Est","s":"25N-H58NV20A-80-A"},{"r":"140","t":"08:40:16","h":"Est","s":"25S-H58S000A-80-A"},{"r":"140","t":"08:54:16","h":"Est","s":"25N-H58N000I-80-I"},{"r":"140","t":"08:54:16","h":"Est","s":"25N-H58N100F-80-F1"},{"r":"140","t":"08:54:16","h":"Est","s":"25N-H58N200F-80-F2"},{"r":"140","t":"08:54:16","h":"Est","s":"25N-H58N300F-80-F3"},{"r":"140","t":"08:54:16","h":"Est","s":"25N-H58N400F-80-F4"},{"r":"140","t":"08:54:16","h":"Est","s":"25N-H58NV10I-80-I"},{"r":"140","t":"08:54:16","h":"Est","s":"25N-H58NV20I-80-I"},{"r":"140","t":"08:54:16","h":"Est","s":"25S-H58S000I-80-I"},{"r":"140","t":"08:54:16","h":"Est","s":"25S-H58S100F-80-F1"},{"r":"140","t":"08:54:16","h":"Est","s":"25S-H58S200F-80-F2"},{"r":"140","t":"09:00:52","h":"Est","s":"25N-H58N000S-80-S"},{"r":"140","t":"09:00:52","h":"Est","s":"25N-H58NV10S-80-S"},{"r":"140","t":"09:00:52","h":"Est","s":"25N-H58NV20S-80-S"},{"r":"140","t":"09:00:52","h":"Est","s":"25S-H58S000S-80-S"},{"r":"140","t":"09:09:16","h":"Est","s":"25N-H58N000A-80-A"},{"r":"140","t":"09:09:16","h":"Est","s":"25N-H58NV10A-80-A"},{"r":"140","t":"09:09:16","h":"Est","s":"25N-H58NV20A-80-A"},{"r":"140","t":"09:09:16","h":"Est","s":"25S-H58S000A-80-A"},{"r":"140","t":"09:24:16","h":"Est","s":"25N-H58N000I-80-I"},{"r":"140","t":"09:24:16","h":"Est","s":"25N-H58N100F-80-F1"},{"r":"140","t":"09:24:16","h":"Est","s":"25N-H58N200F-80-F2"},{"r":"140","t":"09:24:16","h":"Est","s":"25N-H58N300F-80-F3"},{"r":"140","t":"09:24:16","h":"Est","s":"25N-H58N400F-80-F4"},{"r":"140","t":"09:24:16","h":"Est","s":"25N-H58NV10I-80-I"},{"r":"140","t":"09:24:16","h":"Est","s":"25N-H58NV20I-80-I"},{"r":"140","t":"09:24:16","h":"Est","s":"25S-H58S000I-80-I"},{"r":"140","t":"09:24:16","h":"Est","s":"25S-H58S100F-80-F1"},{"r":"140","t":"09:24:16","h":"Est","s":"25S-H58S200F-80-F2"},{"r":"140","t":"09:31:52","h":"Est","s":"25N-H58N000S-80-S"},{"r":"140","t":"09:31:52","h":"Est","s":"25N-H58NV10S-80-S"},{"r":"140","t":"09:31:52","h":"Est","s":"25N-H58NV20S-80-S"},{"r":"140","t":"09:31:52","h":"Est","s":"25S-H58S000S-80-S"},{"r":"140","t":"09:38:16","h":"Est","s":"25N-H58N000A-80-A"},{"r":"140","t":"09:38:16","h":"Est","s":"25N-H58NV10A-80-A"},{"r":"140","t":"09:38:16","h":"Est","s":"25N-H58NV20A-80-A"},{"r":"140","t":"09:38:16","h":"Est","s":"25S-H58S000A-80-A"},{"r":"140","t":"09:54:16","h":"Est","s":"25N-H58N000I-80-I"},{"r":"140","t":"09:54:16","h":"Est","s":"25N-H58N100F-80-F1"},{"r":"140","t":"09:54:16","h":"Est","s":"25N-H58N200F-80-F2"},{"r":"140","t":"09:54:16","h":"Est","s":"25N-H58N300F-80-F3"},{"r":"140","t":"09:54:16","h":"Est","s":"25N-H58N400F-80-F4"},{"r":"140","t":"09:54:16","h":"Est","s":"25N-H58NV10I-80-I"},{"r":"140","t":"09:54:16","h":"Est","s":"25N-H58NV20I-80-I"},{"r":"140","t":"09:54:16","h":"Est","s":"25S-H58S000I-80-I"},{"r":"140","t":"09:54:16","h":"Est","s":"25S-H58S100F-80-F1"},{"r":"140","t":"09:54:16","h":"Est","s":"25S-H58S200F-80-F2"},{"r":"140","t":"10:00:52","h":"Est","s":"25N-H58N000S-80-S"},{"r":"140","t":"10:00:52","h":"Est","s":"25N-H58NV10S-80-S"},{"r":"140","t":"10:00:52","h":"Est","s":"25N-H58NV20S-80-S"},{"r":"140","t":"10:00:52","h":"Est","s":"25S-H58S000S-80-S"},{"r":"140","t":"10:09:52","h":"Est","s":"25N-H58N000A-80-A"},{"r":"140","t":"10:09:52","h":"Est","s":"25N-H58NV10A-80-A"},{"r":"140","t":"10:09:52","h":"Est","s":"25N-H58NV20A-80-A"},{"r":"140","t":"10:09:52","h":"Est","s":"25S-H58S000A-80-A"},{"r":"140","t":"10:24:16","h":"Est","s":"25N-H58N000I-80-I"},{"r":"140","t":"10:24:16","h":"Est","s":"25N-H58N100F-80-F1"},{"r":"140","t":"10:24:16","h":"Est","s":"25N-H58N200F-80-F2"},{"r":"140","t":"10:24:16","h":"Est","s":"25N-H58N300F-80-F3"},{"r":"140","t":"10:24:16","h":"Est","s":"25N-H58N400F-80-F4"},{"r":"140","t":"10:24:16","h":"Est","s":"25N-H58NV10I-80-I"},{"r":"140","t":"10:24:16","h":"Est","s":"25N-H58NV20I-80-I"},{"r":"140","t":"10:24:16","h":"Est","s":"25S-H58S000I-80-I"},{"r":"140","t":"10:24:16","h":"Est","s":"25S-H58S100F-80-F1"},{"r":"140","t":"10:24:16","h":"Est","s":"25S-H58S200F-80-F2"},{"r":"140","t":"10:29:52","h":"Est","s":"25N-H58N000S-80-S"},{"r":"140","t":"10:29:52","h":"Est","s":"25N-H58NV10S-80-S"},{"r":"140","t":"10:29:52","h":"Est","s":"25N-H58NV20S-80-S"},{"r":"140","t":"10:29:52","h":"Est","s":"25S-H58S000S-80-S"},{"r":"140","t":"10:39:52","h":"Est","s":"25N-H58N000A-80-A"},{"r":"140","t":"10:39:52","h":"Est","s":"25N-H58NV10A-80-A"},{"r":"140","t":"10:39:52","h":"Est","s":"25N-H58NV20A-80-A"},{"r":"140","t":"10:39:52","h":"Est","s":"25S-H58S000A-80-A"},{"r":"140","t":"10:56:16","h":"Est","s":"25N-H58N000I-80-I"},{"r":"140","t":"10:56:16","h":"Est","s":"25N-H58N100F-80-F1"},{"r":"140","t":"10:56:16","h":"Est","s":"25N-H58N200F-80-F2"},{"r":"140","t":"10:56:16","h":"Est","s":"25N-H58N300F-80-F3"},{"r":"140","t":"10:56:16","h":"Est","s":"25N-H58N400F-80-F4"},{"r":"140","t":"10:56:16","h":"Est","s":"25N-H58NV10I-80-I"},{"r":"140","t":"10:56:16","h":"Est","s":"25N-H58NV20I-80-I"},{"r":"140","t":"10:56:16","h":"Est","s":"25S-H58S000I-80-I"},{"r":"140","t":"10:56:16","h":"Est","s":"25S-H58S100F-80-F1"},{"r":"140","t":"10:56:16","h":"Est","s":"25S-H58S200F-80-F2"},{"r":"140","t":"10:58:52","h":"Est","s":"25N-H58N000S-80-S"},{"r":"140","t":"10:58:52","h":"Est","s":"25N-H58NV10S-80-S"},{"r":"140","t":"10:58:52","h":"Est","s":"25N-H58NV20S-80-S"},{"r":"140","t":"10:58:52","h":"Est","s":"25S-H58S000S-80-S"},{"r":"140","t":"11:11:52","h":"Est","s":"25N-H58N000A-80-A"},{"r":"140","t":"11:11:52","h":"Est","s":"25N-H58NV10A-80-A"},{"r":"140","t":"11:11:52","h":"Est","s":"25N-H58NV20A-80-A"},{"r":"140","t":"11:11:52","h":"Est","s":"25S-H58S000A-80-A"},{"r":"140","t":"11:27:16","h":"Est","s":"25N-H58N000I-80-I"},{"r":"140","t":"11:27:16","h":"Est","s":"25N-H58N100F-80-F1"},{"r":"140","t":"11:27:16","h":"Est","s":"25N-H58N200F-80-F2"},{"r":"140","t":"11:27:16","h":"Est","s":"25N-H58N300F-80-F3"},{"r":"140","t":"11:27:16","h":"Est","s":"25N-H58N400F-80-F4"},{"r":"140","t":"11:27:16","h":"Est","s":"25N-H58NV10I-80-I"},{"r":"140","t":"11:27:16","h":"Est","s":"25N-H58NV20I-80-I"},{"r":"140","t":"11:27:16","h":"Est","s":"25S-H58S000I-80-I"},{"r":"140","t":"11:27:16","h":"Est","s":"25S-H58S100F-80-F1"},{"r":"140","t":"11:27:16","h":"Est","s":"25S-H58S200F-80-F2"},{"r":"140","t":"11:28:29","h":"Est","s":"25N-H58N000S-80-S"},{"r":"140","t":"11:28:29","h":"Est","s":"25N-H58NV10S-80-S"},{"r":"140","t":"11:28:29","h":"Est","s":"25N-H58NV20S-80-S"},{"r":"140","t":"11:28:29","h":"Est","s":"25S-H58S000S-80-S"},{"r":"140","t":"11:43:52","h":"Est","s":"25N-H58N000A-80-A"},{"r":"140","t":"11:43:52","h":"Est","s":"25N-H58NV10A-80-A"},{"r":"140","t":"11:43:52","h":"Est","s":"25N-H58NV20A-80-A"},{"r":"140","t":"11:43:52","h":"Est","s":"25S-H58S000A-80-A"},{"r":"140","t":"11:57:16","h":"Est","s":"25N-H58N000I-80-I"},{"r":"140","t":"11:57:16","h":"Est","s":"25N-H58N100F-80-F1"},{"r":"140","t":"11:57:16","h":"Est","s":"25N-H58N200F-80-F2"},{"r":"140","t":"11:57:16","h":"Est","s":"25N-H58N300F-80-F3"},{"r":"140","t":"11:57:16","h":"Est","s":"25N-H58N400F-80-F4"},{"r":"140","t":"11:57:16","h":"Est","s":"25N-H58NV10I-80-I"},{"r":"140","t":"11:57:16","h":"Est","s":"25N-H58NV20I-80-I"},{"r":"140","t":"11:57:16","h":"Est","s":"25S-H58S000I-80-I"},{"r":"140","t":"11:57:16","h":"Est","s":"25S-H58S100F-80-F1"},{"r":"140","t":"11:57:16","h":"Est","s":"25S-H58S200F-80-F2"},{"r":"140","t":"11:59:29","h":"Est","s":"25N-H58N000S-80-S"},{"r":"140","t":"11:59:29","h":"Est","s":"25N-H58NV10S-80-S"},{"r":"140","t":"11:59:29","h":"Est","s":"25N-H58NV20S-80-S"},{"r":"140","t":"11:59:29","h":"Est","s":"25S-H58S000S-80-S"},{"r":"140","t":"12:18:52","h":"Est","s":"25N-H58N000A-80-A"},{"r":"140","t":"12:18:52","h":"Est","s":"25N-H58NV10A-80-A"},{"r":"140","t":"12:18:52","h":"Est","s":"25N-H58NV20A-80-A"},{"r":"140","t":"12:18:52","h":"Est","s":"25S-H58S000A-80-A"},{"r":"140","t":"12:27:16","h":"Est","s":"25N-H58N000I-80-I"},{"r":"140","t":"12:27:16","h":"Est","s":"25N-H58N100F-80-F1"},{"r":"140","t":"12:27:16","h":"Est","s":"25N-H58N200F-80-F2"},{"r":"140","t":"12:27:16","h":"Est","s":"25N-H58N300F-80-F3"},{"r":"140","t":"12:27:16","h":"Est","s":"25N-H58N400F-80-F4"},{"r":"140","t":"12:27:16","h":"Est","s":"25N-H58NV10I-80-I"},{"r":"140","t":"12:27:16","h":"Est","s":"25N-H58NV20I-80-I"},{"r":"140","t":"12:27:16","h":"Est","s":"25S-H58S000I-80-I"},{"r":"140","t":"12:27:16","h":"Est","s":"25S-H58S100F-80-F1"},{"r":"140","t":"12:27:16","h":"Est","s":"25S-H58S200F-80-F2"},{"r":"140","t":"12:29:29","h":"Est","s":"25N-H58N000S-80-S"},{"r":"140","t":"12:29:29","h":"Est","s":"25N-H58NV10S-80-S"},{"r":"140","t":"12:29:29","h":"Est","s":"25N-H58NV20S-80-S"},{"r":"140","t":"12:29:29","h":"Est","s":"25S-H58S000S-80-S"},{"r":"140","t":"12:48:52","h":"Est","s":"25N-H58N000A-80-A"},{"r":"140","t":"12:48:52","h":"Est","s":"25N-H58NV10A-80-A"},{"r":"140","t":"12:48:52","h":"Est","s":"25N-H58NV20A-80-A"},{"r":"140","t":"12:48:52","h":"Est","s":"25S-H58S000A-80-A"},{"r":"140","t":"12:57:16","h":"Est","s":"25N-H58N000I-80-I"},{"r":"140","t":"12:57:16","h":"Est","s":"25N-H58N100F-80-F1"},{"r":"140","t":"12:57:16","h":"Est","s":"25N-H58N200F-80-F2"},{"r":"140","t":"12:57:16","h":"Est","s":"25N-H58N300F-80-F3"},{"r":"140","t":"12:57:16","h":"Est","s":"25N-H58N400F-80-F4"},{"r":"140","t":"12:57:16","h":"Est","s":"25N-H58NV10I-80-I"},{"r":"140","t":"12:57:16","h":"Est","s":"25N-H58NV20I-80-I"},{"r":"140","t":"12:57:16","h":"Est","s":"25S-H58S000I-80-I"},{"r":"140","t":"12:57:16","h":"Est","s":"25S-H58S100F-80-F1"},{"r":"140","t":"12:57:16","h":"Est","s":"25S-H58S200F-80-F2"},{"r":"140","t":"12:58:29","h":"Est","s":"25N-H58N000S-80-S"},{"r":"140","t":"12:58:29","h":"Est","s":"25N-H58NV10S-80-S"},{"r":"140","t":"12:58:29","h":"Est","s":"25N-H58NV20S-80-S"},{"r":"140","t":"12:58:29","h":"Est","s":"25S-H58S000S-80-S"},{"r":"140","t":"13:17:52","h":"Est","s":"25N-H58N000A-80-A"},{"r":"140","t":"13:17:52","h":"Est","s":"25N-H58NV10A-80-A"},{"r":"140","t":"13:17:52","h":"Est","s":"25N-H58NV20A-80-A"},{"r":"140","t":"13:17:52","h":"Est","s":"25S-H58S000A-80-A"},{"r":"140","t":"13:26:29","h":"Est","s":"25N-H58N000S-80-S"},{"r":"140","t":"13:26:29","h":"Est","s":"25N-H58NV10S-80-S"},{"r":"140","t":"13:26:29","h":"Est","s":"25N-H58NV20S-80-S"},{"r":"140","t":"13:26:29","h":"Est","s":"25S-H58S000S-80-S"},{"r":"140","t":"13:26:52","h":"Est","s":"25N-H58N000I-80-I"},{"r":"140","t":"13:26:52","h":"Est","s":"25N-H58N100F-80-F1"},{"r":"140","t":"13:26:52","h":"Est","s":"25N-H58N200F-80-F2"},{"r":"140","t":"13:26:52","h":"Est","s":"25N-H58N300F-80-F3"},{"r":"140","t":"13:26:52","h":"Est","s":"25N-H58N400F-80-F4"},{"r":"140","t":"13:26:52","h":"Est","s":"25N-H58NV10I-80-I"},{"r":"140","t":"13:26:52","h":"Est","s":"25N-H58NV20I-80-I"},{"r":"140","t":"13:26:52","h":"Est","s":"25S-H58S000I-80-I"},{"r":"140","t":"13:26:52","h":"Est","s":"25S-H58S100F-80-F1"},{"r":"140","t":"13:26:52","h":"Est","s":"25S-H58S200F-80-F2"},{"r":"140","t":"13:45:52","h":"Est","s":"25N-H58N000A-80-A"},{"r":"140","t":"13:45:52","h":"Est","s":"25N-H58NV10A-80-A"},{"r":"140","t":"13:45:52","h":"Est","s":"25N-H58NV20A-80-A"},{"r":"140","t":"13:45:52","h":"Est","s":"25S-H58S000A-80-A"},{"r":"140","t":"13:54:29","h":"Est","s":"25N-H58N000S-80-S"},{"r":"140","t":"13:54:29","h":"Est","s":"25N-H58NV10S-80-S"},{"r":"140","t":"13:54:29","h":"Est","s":"25N-H58NV20S-80-S"},{"r":"140","t":"13:54:29","h":"Est","s":"25S-H58S000S-80-S"},{"r":"140","t":"13:57:52","h":"Est","s":"25N-H58N000I-80-I"},{"r":"140","t":"13:57:52","h":"Est","s":"25N-H58N100F-80-F1"},{"r":"140","t":"13:57:52","h":"Est","s":"25N-H58N200F-80-F2"},{"r":"140","t":"13:57:52","h":"Est","s":"25N-H58N300F-80-F3"},{"r":"140","t":"13:57:52","h":"Est","s":"25N-H58N400F-80-F4"},{"r":"140","t":"13:57:52","h":"Est","s":"25N-H58NV10I-80-I"},{"r":"140","t":"13:57:52","h":"Est","s":"25N-H58NV20I-80-I"},{"r":"140","t":"13:57:52","h":"Est","s":"25S-H58S000I-80-I"},{"r":"140","t":"13:57:52","h":"Est","s":"25S-H58S100F-80-F1"},{"r":"140","t":"13:57:52","h":"Est","s":"25S-H58S200F-80-F2"},{"r":"140","t":"14:14:52","h":"Est","s":"25N-H58N000A-80-A"},{"r":"140","t":"14:14:52","h":"Est","s":"25N-H58NV10A-80-A"},{"r":"140","t":"14:14:52","h":"Est","s":"25N-H58NV20A-80-A"},{"r":"140","t":"14:14:52","h":"Est","s":"25S-H58S000A-80-A"},{"r":"140","t":"14:21:29","h":"Est","s":"25N-H58N000S-80-S"},{"r":"140","t":"14:21:29","h":"Est","s":"25N-H58NV10S-80-S"},{"r":"140","t":"14:21:29","h":"Est","s":"25N-H58NV20S-80-S"},{"r":"140","t":"14:21:29","h":"Est","s":"25S-H58S000S-80-S"},{"r":"140","t":"14:27:52","h":"Est","s":"25N-H58N000I-80-I"},{"r":"140","t":"14:27:52","h":"Est","s":"25N-H58N100F-80-F1"},{"r":"140","t":"14:27:52","h":"Est","s":"25N-H58N200F-80-F2"},{"r":"140","t":"14:27:52","h":"Est","s":"25N-H58N300F-80-F3"},{"r":"140","t":"14:27:52","h":"Est","s":"25N-H58N400F-80-F4"},{"r":"140","t":"14:27:52","h":"Est","s":"25N-H58NV10I-80-I"},{"r":"140","t":"14:27:52","h":"Est","s":"25N-H58NV20I-80-I"},{"r":"140","t":"14:27:52","h":"Est","s":"25S-H58S000I-80-I"},{"r":"140","t":"14:27:52","h":"Est","s":"25S-H58S100F-80-F1"},{"r":"140","t":"14:27:52","h":"Est","s":"25S-H58S200F-80-F2"},{"r":"140","t":"14:45:29","h":"Est","s":"25N-H58N000A-80-A"},{"r":"140","t":"14:45:29","h":"Est","s":"25N-H58NV10A-80-A"},{"r":"140","t":"14:45:29","h":"Est","s":"25N-H58NV20A-80-A"},{"r":"140","t":"14:45:29","h":"Est","s":"25S-H58S000A-80-A"},{"r":"140","t":"14:51:29","h":"Est","s":"25N-H58N000S-80-S"},{"r":"140","t":"14:51:29","h":"Est","s":"25N-H58NV10S-80-S"},{"r":"140","t":"14:51:29","h":"Est","s":"25N-H58NV20S-80-S"},{"r":"140","t":"14:51:29","h":"Est","s":"25S-H58S000S-80-S"},{"r":"140","t":"14:57:52","h":"Est","s":"25N-H58N000I-80-I"},{"r":"140","t":"14:57:52","h":"Est","s":"25N-H58N100F-80-F1"},{"r":"140","t":"14:57:52","h":"Est","s":"25N-H58N200F-80-F2"},{"r":"140","t":"14:57:52","h":"Est","s":"25N-H58N300F-80-F3"},{"r":"140","t":"14:57:52","h":"Est","s":"25N-H58N400F-80-F4"},{"r":"140","t":"14:57:52","h":"Est","s":"25N-H58NV10I-80-I"},{"r":"140","t":"14:57:52","h":"Est","s":"25N-H58NV20I-80-I"},{"r":"140","t":"14:57:52","h":"Est","s":"25S-H58S000I-80-I"},{"r":"140","t":"14:57:52","h":"Est","s":"25S-H58S100F-80-F1"},{"r":"140","t":"14:57:52","h":"Est","s":"25S-H58S200F-80-F2"},{"r":"140","t":"15:07:29","h":"Est","s":"25N-H58N000A-80-A"},{"r":"140","t":"15:07:29","h":"Est","s":"25N-H58NV10A-80-A"},{"r":"140","t":"15:07:29","h":"Est","s":"25N-H58NV20A-80-A"},{"r":"140","t":"15:07:29","h":"Est","s":"25S-H58S000A-80-A"},{"r":"140","t":"15:17:05","h":"Est","s":"25N-H58N000S-80-S"},{"r":"140","t":"15:17:05","h":"Est","s":"25N-H58NV10S-80-S"},{"r":"140","t":"15:17:05","h":"Est","s":"25N-H58NV20S-80-S"},{"r":"140","t":"15:17:05","h":"Est","s":"25S-H58S000S-80-S"},{"r":"440","t":"15:19:18","h":"Est via Fleury / Charleroi","s":"25N-H58N000S-80-S"},{"r":"440","t":"15:19:18","h":"Est via Fleury / Charleroi","s":"25N-H58NV10S-80-S"},{"r":"440","t":"15:19:18","h":"Est via Fleury / Charleroi","s":"25N-H58NV20S-80-S"},{"r":"440","t":"15:19:18","h":"Est via Fleury / Charleroi","s":"25S-H58S000S-80-S"},{"r":"140","t":"15:27:52","h":"Est","s":"25N-H58N000I-80-I"},{"r":"140","t":"15:27:52","h":"Est","s":"25N-H58N100F-80-F1"},{"r":"140","t":"15:27:52","h":"Est","s":"25N-H58N200F-80-F2"},{"r":"140","t":"15:27:52","h":"Est","s":"25N-H58N300F-80-F3"},{"r":"140","t":"15:27:52","h":"Est","s":"25N-H58N400F-80-F4"},{"r":"140","t":"15:27:52","h":"Est","s":"25N-H58NV10I-80-I"},{"r":"140","t":"15:27:52","h":"Est","s":"25N-H58NV20I-80-I"},{"r":"140","t":"15:27:52","h":"Est","s":"25S-H58S000I-80-I"},{"r":"140","t":"15:27:52","h":"Est","s":"25S-H58S100F-80-F1"},{"r":"140","t":"15:27:52","h":"Est","s":"25S-H58S200F-80-F2"},{"r":"140","t":"15:31:29","h":"Est","s":"25N-H58N000A-80-A"},{"r":"140","t":"15:31:29","h":"Est","s":"25N-H58NV10A-80-A"},{"r":"140","t":"15:31:29","h":"Est","s":"25N-H58NV20A-80-A"},{"r":"140","t":"15:31:29","h":"Est","s":"25S-H58S000A-80-A"},{"r":"140","t":"15:46:05","h":"Est","s":"25N-H58N000S-80-S"},{"r":"140","t":"15:46:05","h":"Est","s":"25N-H58NV10S-80-S"},{"r":"140","t":"15:46:05","h":"Est","s":"25N-H58NV20S-80-S"},{"r":"140","t":"15:46:05","h":"Est","s":"25S-H58S000S-80-S"},{"r":"440","t":"15:54:18","h":"Est via Fleury / Charleroi","s":"25N-H58N000S-80-S"},{"r":"440","t":"15:54:18","h":"Est via Fleury / Charleroi","s":"25N-H58NV10S-80-S"},{"r":"440","t":"15:54:18","h":"Est via Fleury / Charleroi","s":"25N-H58NV20S-80-S"},{"r":"440","t":"15:54:18","h":"Est via Fleury / Charleroi","s":"25S-H58S000S-80-S"},{"r":"140","t":"15:54:29","h":"Est","s":"25N-H58N000A-80-A"},{"r":"140","t":"15:54:29","h":"Est","s":"25N-H58NV10A-80-A"},{"r":"140","t":"15:54:29","h":"Est","s":"25N-H58NV20A-80-A"},{"r":"140","t":"15:54:29","h":"Est","s":"25S-H58S000A-80-A"},{"r":"140","t":"15:57:52","h":"Est","s":"25N-H58N000I-80-I"},{"r":"140","t":"15:57:52","h":"Est","s":"25N-H58N100F-80-F1"},{"r":"140","t":"15:57:52","h":"Est","s":"25N-H58N200F-80-F2"},{"r":"140","t":"15:57:52","h":"Est","s":"25N-H58N300F-80-F3"},{"r":"140","t":"15:57:52","h":"Est","s":"25N-H58N400F-80-F4"},{"r":"140","t":"15:57:52","h":"Est","s":"25N-H58NV10I-80-I"},{"r":"140","t":"15:57:52","h":"Est","s":"25N-H58NV20I-80-I"},{"r":"140","t":"15:57:52","h":"Est","s":"25S-H58S000I-80-I"},{"r":"140","t":"15:57:52","h":"Est","s":"25S-H58S100F-80-F1"},{"r":"140","t":"15:57:52","h":"Est","s":"25S-H58S200F-80-F2"},{"r":"140","t":"16:11:05","h":"Est","s":"25N-H58N000S-80-S"},{"r":"140","t":"16:11:05","h":"Est","s":"25N-H58NV10S-80-S"},{"r":"140","t":"16:11:05","h":"Est","s":"25N-H58NV20S-80-S"},{"r":"140","t":"16:11:05","h":"Est","s":"25S-H58S000S-80-S"},{"r":"140","t":"16:18:29","h":"Est","s":"25N-H58N000A-80-A"},{"r":"140","t":"16:18:29","h":"Est","s":"25N-H58NV10A-80-A"},{"r":"140","t":"16:18:29","h":"Est","s":"25N-H58NV20A-80-A"},{"r":"140","t":"16:18:29","h":"Est","s":"25S-H58S000A-80-A"},{"r":"440","t":"16:27:18","h":"Est via Fleury / Charleroi","s":"25N-H58N000S-80-S"},{"r":"440","t":"16:27:18","h":"Est via Fleury / Charleroi","s":"25N-H58NV10S-80-S"},{"r":"440","t":"16:27:18","h":"Est via Fleury / Charleroi","s":"25N-H58NV20S-80-S"},{"r":"440","t":"16:27:18","h":"Est via Fleury / Charleroi","s":"25S-H58S000S-80-S"},{"r":"140","t":"16:27:52","h":"Est","s":"25N-H58N000I-80-I"},{"r":"140","t":"16:27:52","h":"Est","s":"25N-H58N100F-80-F1"},{"r":"140","t":"16:27:52","h":"Est","s":"25N-H58N200F-80-F2"},{"r":"140","t":"16:27:52","h":"Est","s":"25N-H58N300F-80-F3"},{"r":"140","t":"16:27:52","h":"Est","s":"25N-H58N400F-80-F4"},{"r":"140","t":"16:27:52","h":"Est","s":"25N-H58NV10I-80-I"},{"r":"140","t":"16:27:52","h":"Est","s":"25N-H58NV20I-80-I"},{"r":"140","t":"16:27:52","h":"Est","s":"25S-H58S000I-80-I"},{"r":"140","t":"16:27:52","h":"Est","s":"25S-H58S100F-80-F1"},{"r":"140","t":"16:27:52","h":"Est","s":"25S-H58S200F-80-F2"},{"r":"140","t":"16:31:05","h":"Est","s":"25N-H58N000S-80-S"},{"r":"140","t":"16:31:05","h":"Est","s":"25N-H58NV10S-80-S"},{"r":"140","t":"16:31:05","h":"Est","s":"25N-H58NV20S-80-S"},{"r":"140","t":"16:31:05","h":"Est","s":"25S-H58S000S-80-S"},{"r":"140","t":"16:37:52","h":"Est","s":"25N-H58N000A-80-A"},{"r":"140","t":"16:37:52","h":"Est","s":"25N-H58NV10A-80-A"},{"r":"140","t":"16:37:52","h":"Est","s":"25N-H58NV20A-80-A"},{"r":"140","t":"16:37:52","h":"Est","s":"25S-H58S000A-80-A"},{"r":"140","t":"16:49:05","h":"Est","s":"25N-H58N000S-80-S"},{"r":"140","t":"16:49:05","h":"Est","s":"25N-H58NV10S-80-S"},{"r":"140","t":"16:49:05","h":"Est","s":"25N-H58NV20S-80-S"},{"r":"140","t":"16:49:05","h":"Est","s":"25S-H58S000S-80-S"},{"r":"140","t":"16:53:52","h":"Est","s":"25N-H58N000I-80-I"},{"r":"140","t":"16:53:52","h":"Est","s":"25N-H58N100F-80-F1"},{"r":"140","t":"16:53:52","h":"Est","s":"25N-H58N200F-80-F2"},{"r":"140","t":"16:53:52","h":"Est","s":"25N-H58N300F-80-F3"},{"r":"140","t":"16:53:52","h":"Est","s":"25N-H58N400F-80-F4"},{"r":"140","t":"16:53:52","h":"Est","s":"25N-H58NV10I-80-I"},{"r":"140","t":"16:53:52","h":"Est","s":"25N-H58NV20I-80-I"},{"r":"140","t":"16:53:52","h":"Est","s":"25S-H58S000I-80-I"},{"r":"140","t":"16:53:52","h":"Est","s":"25S-H58S100F-80-F1"},{"r":"140","t":"16:53:52","h":"Est","s":"25S-H58S200F-80-F2"},{"r":"140","t":"16:55:52","h":"Est","s":"25N-H58N000A-80-A"},{"r":"140","t":"16:55:52","h":"Est","s":"25N-H58NV10A-80-A"},{"r":"140","t":"16:55:52","h":"Est","s":"25N-H58NV20A-80-A"},{"r":"140","t":"16:55:52","h":"Est","s":"25S-H58S000A-80-A"},{"r":"440","t":"16:58:18","h":"Est via Fleury / Charleroi","s":"25N-H58N000S-80-S"},{"r":"440","t":"16:58:18","h":"Est via Fleury / Charleroi","s":"25N-H58NV10S-80-S"},{"r":"440","t":"16:58:18","h":"Est via Fleury / Charleroi","s":"25N-H58NV20S-80-S"},{"r":"440","t":"16:58:18","h":"Est via Fleury / Charleroi","s":"25S-H58S000S-80-S"},{"r":"140","t":"17:11:05","h":"Est","s":"25N-H58N000S-80-S"},{"r":"140","t":"17:11:05","h":"Est","s":"25N-H58NV10S-80-S"},{"r":"140","t":"17:11:05","h":"Est","s":"25N-H58NV20S-80-S"},{"r":"140","t":"17:11:05","h":"Est","s":"25S-H58S000S-80-S"},{"r":"140","t":"17:15:52","h":"Est","s":"25N-H58N000A-80-A"},{"r":"140","t":"17:15:52","h":"Est","s":"25N-H58NV10A-80-A"},{"r":"140","t":"17:15:52","h":"Est","s":"25N-H58NV20A-80-A"},{"r":"140","t":"17:15:52","h":"Est","s":"25S-H58S000A-80-A"},{"r":"140","t":"17:18:52","h":"Est","s":"25N-H58N000I-80-I"},{"r":"140","t":"17:18:52","h":"Est","s":"25N-H58N100F-80-F1"},{"r":"140","t":"17:18:52","h":"Est","s":"25N-H58N200F-80-F2"},{"r":"140","t":"17:18:52","h":"Est","s":"25N-H58N300F-80-F3"},{"r":"140","t":"17:18:52","h":"Est","s":"25N-H58N400F-80-F4"},{"r":"140","t":"17:18:52","h":"Est","s":"25N-H58NV10I-80-I"},{"r":"140","t":"17:18:52","h":"Est","s":"25N-H58NV20I-80-I"},{"r":"140","t":"17:18:52","h":"Est","s":"25S-H58S000I-80-I"},{"r":"140","t":"17:18:52","h":"Est","s":"25S-H58S100F-80-F1"},{"r":"140","t":"17:18:52","h":"Est","s":"25S-H58S200F-80-F2"},{"r":"140","t":"17:28:05","h":"Est","s":"25N-H58N000S-80-S"},{"r":"140","t":"17:28:05","h":"Est","s":"25N-H58NV10S-80-S"},{"r":"140","t":"17:28:05","h":"Est","s":"25N-H58NV20S-80-S"},{"r":"140","t":"17:28:05","h":"Est","s":"25S-H58S000S-80-S"},{"r":"440","t":"17:30:54","h":"Est via Fleury / Charleroi","s":"25N-H58N000S-80-S"},{"r":"440","t":"17:30:54","h":"Est via Fleury / Charleroi","s":"25N-H58NV10S-80-S"},{"r":"440","t":"17:30:54","h":"Est via Fleury / Charleroi","s":"25N-H58NV20S-80-S"},{"r":"440","t":"17:30:54","h":"Est via Fleury / Charleroi","s":"25S-H58S000S-80-S"},{"r":"140","t":"17:36:52","h":"Est","s":"25N-H58N000A-80-A"},{"r":"140","t":"17:36:52","h":"Est","s":"25N-H58NV10A-80-A"},{"r":"140","t":"17:36:52","h":"Est","s":"25N-H58NV20A-80-A"},{"r":"140","t":"17:36:52","h":"Est","s":"25S-H58S000A-80-A"},{"r":"140","t":"17:44:52","h":"Est","s":"25N-H58N000I-80-I"},{"r":"140","t":"17:44:52","h":"Est","s":"25N-H58N100F-80-F1"},{"r":"140","t":"17:44:52","h":"Est","s":"25N-H58N200F-80-F2"},{"r":"140","t":"17:44:52","h":"Est","s":"25N-H58N300F-80-F3"},{"r":"140","t":"17:44:52","h":"Est","s":"25N-H58N400F-80-F4"},{"r":"140","t":"17:44:52","h":"Est","s":"25N-H58NV10I-80-I"},{"r":"140","t":"17:44:52","h":"Est","s":"25N-H58NV20I-80-I"},{"r":"140","t":"17:44:52","h":"Est","s":"25S-H58S000I-80-I"},{"r":"140","t":"17:44:52","h":"Est","s":"25S-H58S100F-80-F1"},{"r":"140","t":"17:44:52","h":"Est","s":"25S-H58S200F-80-F2"},{"r":"140","t":"17:45:05","h":"Est","s":"25N-H58N000S-80-S"},{"r":"140","t":"17:45:05","h":"Est","s":"25N-H58NV10S-80-S"},{"r":"140","t":"17:45:05","h":"Est","s":"25N-H58NV20S-80-S"},{"r":"140","t":"17:45:05","h":"Est","s":"25S-H58S000S-80-S"},{"r":"140","t":"17:57:52","h":"Est","s":"25N-H58N000A-80-A"},{"r":"140","t":"17:57:52","h":"Est","s":"25N-H58NV10A-80-A"},{"r":"140","t":"17:57:52","h":"Est","s":"25N-H58NV20A-80-A"},{"r":"140","t":"17:57:52","h":"Est","s":"25S-H58S000A-80-A"},{"r":"440","t":"17:59:31","h":"Est via Fleury / Charleroi","s":"25N-H54N000S-80-S"},{"r":"440","t":"17:59:31","h":"Est via Fleury / Charleroi","s":"25N-H54NV10S-82-S"},{"r":"440","t":"17:59:31","h":"Est via Fleury / Charleroi","s":"25N-H54NV20S-80-S"},{"r":"440","t":"17:59:31","h":"Est via Fleury / Charleroi","s":"25S-H54S000S-82-S"},{"r":"140","t":"18:00:29","h":"Est","s":"25N-H58N000S-80-S"},{"r":"140","t":"18:00:29","h":"Est","s":"25N-H58NV10S-80-S"},{"r":"140","t":"18:00:29","h":"Est","s":"25N-H58NV20S-80-S"},{"r":"140","t":"18:00:29","h":"Est","s":"25S-H58S000S-80-S"},{"r":"140","t":"18:13:52","h":"Est","s":"25N-H58N000I-80-I"},{"r":"140","t":"18:13:52","h":"Est","s":"25N-H58N100F-80-F1"},{"r":"140","t":"18:13:52","h":"Est","s":"25N-H58N200F-80-F2"},{"r":"140","t":"18:13:52","h":"Est","s":"25N-H58N300F-80-F3"},{"r":"140","t":"18:13:52","h":"Est","s":"25N-H58N400F-80-F4"},{"r":"140","t":"18:13:52","h":"Est","s":"25N-H58NV10I-80-I"},{"r":"140","t":"18:13:52","h":"Est","s":"25N-H58NV20I-80-I"},{"r":"140","t":"18:13:52","h":"Est","s":"25S-H58S000I-80-I"},{"r":"140","t":"18:13:52","h":"Est","s":"25S-H58S100F-80-F1"},{"r":"140","t":"18:13:52","h":"Est","s":"25S-H58S200F-80-F2"},{"r":"140","t":"18:16:29","h":"Est","s":"25N-H58N000S-80-S"},{"r":"140","t":"18:16:29","h":"Est","s":"25N-H58NV10S-80-S"},{"r":"140","t":"18:16:29","h":"Est","s":"25N-H58NV20S-80-S"},{"r":"140","t":"18:16:29","h":"Est","s":"25S-H58S000S-80-S"},{"r":"140","t":"18:22:52","h":"Est","s":"25N-H58N000A-80-A"},{"r":"140","t":"18:22:52","h":"Est","s":"25N-H58NV10A-80-A"},{"r":"140","t":"18:22:52","h":"Est","s":"25N-H58NV20A-80-A"},{"r":"140","t":"18:22:52","h":"Est","s":"25S-H58S000A-80-A"},{"r":"440","t":"18:28:31","h":"Est via Fleury / Charleroi","s":"25N-H58N000S-80-S"},{"r":"440","t":"18:28:31","h":"Est via Fleury / Charleroi","s":"25N-H58NV10S-80-S"},{"r":"440","t":"18:28:31","h":"Est via Fleury / Charleroi","s":"25N-H58NV20S-80-S"},{"r":"440","t":"18:28:31","h":"Est via Fleury / Charleroi","s":"25S-H58S000S-80-S"},{"r":"140","t":"18:37:29","h":"Est","s":"25N-H58N000S-80-S"},{"r":"140","t":"18:37:29","h":"Est","s":"25N-H58NV10S-80-S"},{"r":"140","t":"18:37:29","h":"Est","s":"25N-H58NV20S-80-S"},{"r":"140","t":"18:37:29","h":"Est","s":"25S-H58S000S-80-S"},{"r":"140","t":"18:41:52","h":"Est","s":"25N-H58N000I-80-I"},{"r":"140","t":"18:41:52","h":"Est","s":"25N-H58N100F-80-F1"},{"r":"140","t":"18:41:52","h":"Est","s":"25N-H58N200F-80-F2"},{"r":"140","t":"18:41:52","h":"Est","s":"25N-H58N300F-80-F3"},{"r":"140","t":"18:41:52","h":"Est","s":"25N-H58N400F-80-F4"},{"r":"140","t":"18:41:52","h":"Est","s":"25N-H58NV10I-80-I"},{"r":"140","t":"18:41:52","h":"Est","s":"25N-H58NV20I-80-I"},{"r":"140","t":"18:41:52","h":"Est","s":"25S-H58S000I-80-I"},{"r":"140","t":"18:41:52","h":"Est","s":"25S-H58S100F-80-F1"},{"r":"140","t":"18:41:52","h":"Est","s":"25S-H58S200F-80-F2"},{"r":"140","t":"18:52:52","h":"Est","s":"25N-H58N000A-80-A"},{"r":"140","t":"18:52:52","h":"Est","s":"25N-H58NV10A-80-A"},{"r":"140","t":"18:52:52","h":"Est","s":"25N-H58NV20A-80-A"},{"r":"140","t":"18:52:52","h":"Est","s":"25S-H58S000A-80-A"},{"r":"440","t":"19:00:31","h":"Est via Fleury / Charleroi","s":"25N-H58N000S-80-S"},{"r":"440","t":"19:00:31","h":"Est via Fleury / Charleroi","s":"25N-H58NV10S-80-S"},{"r":"440","t":"19:00:31","h":"Est via Fleury / Charleroi","s":"25N-H58NV20S-80-S"},{"r":"440","t":"19:00:31","h":"Est via Fleury / Charleroi","s":"25S-H58S000S-80-S"},{"r":"140","t":"19:02:16","h":"Est","s":"25N-H58N000S-80-S"},{"r":"140","t":"19:02:16","h":"Est","s":"25N-H58NV10S-80-S"},{"r":"140","t":"19:02:16","h":"Est","s":"25N-H58NV20S-80-S"},{"r":"140","t":"19:02:16","h":"Est","s":"25S-H58S000S-80-S"},{"r":"140","t":"19:10:52","h":"Est","s":"25N-H58N000I-80-I"},{"r":"140","t":"19:10:52","h":"Est","s":"25N-H58N100F-80-F1"},{"r":"140","t":"19:10:52","h":"Est","s":"25N-H58N200F-80-F2"},{"r":"140","t":"19:10:52","h":"Est","s":"25N-H58N300F-80-F3"},{"r":"140","t":"19:10:52","h":"Est","s":"25N-H58N400F-80-F4"},{"r":"140","t":"19:10:52","h":"Est","s":"25N-H58NV10I-80-I"},{"r":"140","t":"19:10:52","h":"Est","s":"25N-H58NV20I-80-I"},{"r":"140","t":"19:10:52","h":"Est","s":"25S-H58S000I-80-I"},{"r":"140","t":"19:10:52","h":"Est","s":"25S-H58S100F-80-F1"},{"r":"140","t":"19:10:52","h":"Est","s":"25S-H58S200F-80-F2"},{"r":"140","t":"19:19:52","h":"Est","s":"25N-H58N000A-80-A"},{"r":"140","t":"19:19:52","h":"Est","s":"25N-H58NV10A-80-A"},{"r":"140","t":"19:19:52","h":"Est","s":"25N-H58NV20A-80-A"},{"r":"140","t":"19:19:52","h":"Est","s":"25S-H58S000A-80-A"},{"r":"140","t":"19:24:16","h":"Est","s":"25N-H58N000S-80-S"},{"r":"140","t":"19:24:16","h":"Est","s":"25N-H58NV10S-80-S"},{"r":"140","t":"19:24:16","h":"Est","s":"25N-H58NV20S-80-S"},{"r":"140","t":"19:24:16","h":"Est","s":"25S-H58S000S-80-S"},{"r":"440","t":"19:32:07","h":"Est via Fleury / Charleroi","s":"25N-H58N000S-80-S"},{"r":"440","t":"19:32:07","h":"Est via Fleury / Charleroi","s":"25N-H58NV10S-80-S"},{"r":"440","t":"19:32:07","h":"Est via Fleury / Charleroi","s":"25N-H58NV20S-80-S"},{"r":"440","t":"19:32:07","h":"Est via Fleury / Charleroi","s":"25S-H58S000S-80-S"},{"r":"140","t":"19:41:52","h":"Est","s":"25N-H58N000I-80-I"},{"r":"140","t":"19:41:52","h":"Est","s":"25N-H58N100F-80-F1"},{"r":"140","t":"19:41:52","h":"Est","s":"25N-H58N200F-80-F2"},{"r":"140","t":"19:41:52","h":"Est","s":"25N-H58N300F-80-F3"},{"r":"140","t":"19:41:52","h":"Est","s":"25N-H58N400F-80-F4"},{"r":"140","t":"19:41:52","h":"Est","s":"25N-H58NV10I-80-I"},{"r":"140","t":"19:41:52","h":"Est","s":"25N-H58NV20I-80-I"},{"r":"140","t":"19:41:52","h":"Est","s":"25S-H58S000I-80-I"},{"r":"140","t":"19:41:52","h":"Est","s":"25S-H58S100F-80-F1"},{"r":"140","t":"19:41:52","h":"Est","s":"25S-H58S200F-80-F2"},{"r":"140","t":"19:49:52","h":"Est","s":"25N-H58N000A-80-A"},{"r":"140","t":"19:49:52","h":"Est","s":"25N-H58NV10A-80-A"},{"r":"140","t":"19:49:52","h":"Est","s":"25N-H58NV20A-80-A"},{"r":"140","t":"19:49:52","h":"Est","s":"25S-H58S000A-80-A"},{"r":"140","t":"19:54:16","h":"Est","s":"25N-H58N000S-80-S"},{"r":"140","t":"19:54:16","h":"Est","s":"25N-H58NV10S-80-S"},{"r":"140","t":"19:54:16","h":"Est","s":"25N-H58NV20S-80-S"},{"r":"140","t":"19:54:16","h":"Est","s":"25S-H58S000S-80-S"},{"r":"140","t":"20:10:52","h":"Est","s":"25N-H58N000I-80-I"},{"r":"140","t":"20:10:52","h":"Est","s":"25N-H58N100F-80-F1"},{"r":"140","t":"20:10:52","h":"Est","s":"25N-H58N200F-80-F2"},{"r":"140","t":"20:10:52","h":"Est","s":"25N-H58N300F-80-F3"},{"r":"140","t":"20:10:52","h":"Est","s":"25N-H58N400F-80-F4"},{"r":"140","t":"20:10:52","h":"Est","s":"25N-H58NV10I-80-I"},{"r":"140","t":"20:10:52","h":"Est","s":"25N-H58NV20I-80-I"},{"r":"140","t":"20:10:52","h":"Est","s":"25S-H58S000I-80-I"},{"r":"140","t":"20:10:52","h":"Est","s":"25S-H58S100F-80-F1"},{"r":"140","t":"20:10:52","h":"Est","s":"25S-H58S200F-80-F2"},{"r":"140","t":"20:19:52","h":"Est","s":"25N-H58N000A-80-A"},{"r":"140","t":"20:19:52","h":"Est","s":"25N-H58NV10A-80-A"},{"r":"140","t":"20:19:52","h":"Est","s":"25N-H58NV20A-80-A"},{"r":"140","t":"20:19:52","h":"Est","s":"25S-H58S000A-80-A"},{"r":"140","t":"20:23:16","h":"Est","s":"25N-H58N000S-80-S"},{"r":"140","t":"20:23:16","h":"Est","s":"25N-H58NV10S-80-S"},{"r":"140","t":"20:23:16","h":"Est","s":"25N-H58NV20S-80-S"},{"r":"140","t":"20:23:16","h":"Est","s":"25S-H58S000S-80-S"},{"r":"140","t":"20:38:39","h":"Est","s":"25N-H58N000I-80-I"},{"r":"140","t":"20:38:39","h":"Est","s":"25N-H58N100F-80-F1"},{"r":"140","t":"20:38:39","h":"Est","s":"25N-H58N200F-80-F2"},{"r":"140","t":"20:38:39","h":"Est","s":"25N-H58N300F-80-F3"},{"r":"140","t":"20:38:39","h":"Est","s":"25N-H58N400F-80-F4"},{"r":"140","t":"20:38:39","h":"Est","s":"25N-H58NV10I-80-I"},{"r":"140","t":"20:38:39","h":"Est","s":"25N-H58NV20I-80-I"},{"r":"140","t":"20:38:39","h":"Est","s":"25S-H58S000I-80-I"},{"r":"140","t":"20:38:39","h":"Est","s":"25S-H58S100F-80-F1"},{"r":"140","t":"20:38:39","h":"Est","s":"25S-H58S200F-80-F2"},{"r":"140","t":"20:52:16","h":"Est","s":"25N-H58N000S-80-S"},{"r":"140","t":"20:52:16","h":"Est","s":"25N-H58NV10S-80-S"},{"r":"140","t":"20:52:16","h":"Est","s":"25N-H58NV20S-80-S"},{"r":"140","t":"20:52:16","h":"Est","s":"25S-H58S000S-80-S"},{"r":"140","t":"20:55:16","h":"Est","s":"25N-H58N000A-80-A"},{"r":"140","t":"20:55:16","h":"Est","s":"25N-H58NV10A-80-A"},{"r":"140","t":"20:55:16","h":"Est","s":"25N-H58NV20A-80-A"},{"r":"140","t":"20:55:16","h":"Est","s":"25S-H58S000A-80-A"},{"r":"140","t":"21:07:39","h":"Est","s":"25N-H58N000I-80-I"},{"r":"140","t":"21:07:39","h":"Est","s":"25N-H58N100F-80-F1"},{"r":"140","t":"21:07:39","h":"Est","s":"25N-H58N200F-80-F2"},{"r":"140","t":"21:07:39","h":"Est","s":"25N-H58N300F-80-F3"},{"r":"140","t":"21:07:39","h":"Est","s":"25N-H58N400F-80-F4"},{"r":"140","t":"21:07:39","h":"Est","s":"25N-H58NV10I-80-I"},{"r":"140","t":"21:07:39","h":"Est","s":"25N-H58NV20I-80-I"},{"r":"140","t":"21:07:39","h":"Est","s":"25S-H58S000I-80-I"},{"r":"140","t":"21:07:39","h":"Est","s":"25S-H58S100F-80-F1"},{"r":"140","t":"21:07:39","h":"Est","s":"25S-H58S200F-80-F2"},{"r":"140","t":"21:22:16","h":"Est","s":"25N-H58N000S-80-S"},{"r":"140","t":"21:22:16","h":"Est","s":"25N-H58NV10S-80-S"},{"r":"140","t":"21:22:16","h":"Est","s":"25N-H58NV20S-80-S"},{"r":"140","t":"21:22:16","h":"Est","s":"25S-H58S000S-80-S"},{"r":"140","t":"21:31:16","h":"Est","s":"25N-H58N000A-80-A"},{"r":"140","t":"21:31:16","h":"Est","s":"25N-H58NV10A-80-A"},{"r":"140","t":"21:31:16","h":"Est","s":"25N-H58NV20A-80-A"},{"r":"140","t":"21:31:16","h":"Est","s":"25S-H58S000A-80-A"},{"r":"140","t":"21:38:39","h":"Est","s":"25N-H58N000I-80-I"},{"r":"140","t":"21:38:39","h":"Est","s":"25N-H58N100F-80-F1"},{"r":"140","t":"21:38:39","h":"Est","s":"25N-H58N200F-80-F2"},{"r":"140","t":"21:38:39","h":"Est","s":"25N-H58N300F-80-F3"},{"r":"140","t":"21:38:39","h":"Est","s":"25N-H58N400F-80-F4"},{"r":"140","t":"21:38:39","h":"Est","s":"25N-H58NV10I-80-I"},{"r":"140","t":"21:38:39","h":"Est","s":"25N-H58NV20I-80-I"},{"r":"140","t":"21:38:39","h":"Est","s":"25S-H58S000I-80-I"},{"r":"140","t":"21:38:39","h":"Est","s":"25S-H58S100F-80-F1"},{"r":"140","t":"21:38:39","h":"Est","s":"25S-H58S200F-80-F2"},{"r":"140","t":"21:52:16","h":"Est","s":"25N-H58N000S-80-S"},{"r":"140","t":"21:52:16","h":"Est","s":"25N-H58NV10S-80-S"},{"r":"140","t":"21:52:16","h":"Est","s":"25N-H58NV20S-80-S"},{"r":"140","t":"21:52:16","h":"Est","s":"25S-H58S000S-80-S"},{"r":"140","t":"22:06:16","h":"Est","s":"25N-H58N000A-80-A"},{"r":"140","t":"22:06:16","h":"Est","s":"25N-H58NV10A-80-A"},{"r":"140","t":"22:06:16","h":"Est","s":"25N-H58NV20A-80-A"},{"r":"140","t":"22:06:16","h":"Est","s":"25S-H58S000A-80-A"},{"r":"140","t":"22:11:39","h":"Est","s":"25N-H58N000I-80-I"},{"r":"140","t":"22:11:39","h":"Est","s":"25N-H58N100F-80-F1"},{"r":"140","t":"22:11:39","h":"Est","s":"25N-H58N200F-80-F2"},{"r":"140","t":"22:11:39","h":"Est","s":"25N-H58N300F-80-F3"},{"r":"140","t":"22:11:39","h":"Est","s":"25N-H58N400F-80-F4"},{"r":"140","t":"22:11:39","h":"Est","s":"25N-H58NV10I-80-I"},{"r":"140","t":"22:11:39","h":"Est","s":"25N-H58NV20I-80-I"},{"r":"140","t":"22:11:39","h":"Est","s":"25S-H58S000I-80-I"},{"r":"140","t":"22:11:39","h":"Est","s":"25S-H58S100F-80-F1"},{"r":"140","t":"22:11:39","h":"Est","s":"25S-H58S200F-80-F2"},{"r":"140","t":"22:23:16","h":"Est","s":"25N-H58N000S-80-S"},{"r":"140","t":"22:23:16","h":"Est","s":"25N-H58NV10S-80-S"},{"r":"140","t":"22:23:16","h":"Est","s":"25N-H58NV20S-80-S"},{"r":"140","t":"22:23:16","h":"Est","s":"25S-H58S000S-80-S"},{"r":"140","t":"22:41:16","h":"Est","s":"25N-H58N000A-80-A"},{"r":"140","t":"22:41:16","h":"Est","s":"25N-H58NV10A-80-A"},{"r":"140","t":"22:41:16","h":"Est","s":"25N-H58NV20A-80-A"},{"r":"140","t":"22:41:16","h":"Est","s":"25S-H58S000A-80-A"},{"r":"140","t":"22:44:39","h":"Est","s":"25N-H58N000I-80-I"},{"r":"140","t":"22:44:39","h":"Est","s":"25N-H58N100F-80-F1"},{"r":"140","t":"22:44:39","h":"Est","s":"25N-H58N200F-80-F2"},{"r":"140","t":"22:44:39","h":"Est","s":"25N-H58N300F-80-F3"},{"r":"140","t":"22:44:39","h":"Est","s":"25N-H58N400F-80-F4"},{"r":"140","t":"22:44:39","h":"Est","s":"25N-H58NV10I-80-I"},{"r":"140","t":"22:44:39","h":"Est","s":"25N-H58NV20I-80-I"},{"r":"140","t":"22:44:39","h":"Est","s":"25S-H58S000I-80-I"},{"r":"140","t":"22:44:39","h":"Est","s":"25S-H58S100F-80-F1"},{"r":"140","t":"22:44:39","h":"Est","s":"25S-H58S200F-80-F2"},{"r":"140","t":"22:55:39","h":"Est","s":"25N-H58N000S-80-S"},{"r":"140","t":"22:55:39","h":"Est","s":"25N-H58NV10S-80-S"},{"r":"140","t":"22:55:39","h":"Est","s":"25N-H58NV20S-80-S"},{"r":"140","t":"22:55:39","h":"Est","s":"25S-H58S000S-80-S"},{"r":"140","t":"23:14:39","h":"Est","s":"25N-H58N000A-80-A"},{"r":"140","t":"23:14:39","h":"Est","s":"25N-H58NV10A-80-A"},{"r":"140","t":"23:14:39","h":"Est","s":"25N-H58NV20A-80-A"},{"r":"140","t":"23:14:39","h":"Est","s":"25S-H58S000A-80-A"},{"r":"140","t":"23:16:39","h":"Est","s":"25N-H58N000I-80-I"},{"r":"140","t":"23:16:39","h":"Est","s":"25N-H58N100F-80-F1"},{"r":"140","t":"23:16:39","h":"Est","s":"25N-H58N200F-80-F2"},{"r":"140","t":"23:16:39","h":"Est","s":"25N-H58N300F-80-F3"},{"r":"140","t":"23:16:39","h":"Est","s":"25N-H58N400F-80-F4"},{"r":"140","t":"23:16:39","h":"Est","s":"25N-H58NV10I-80-I"},{"r":"140","t":"23:16:39","h":"Est","s":"25N-H58NV20I-80-I"},{"r":"140","t":"23:16:39","h":"Est","s":"25S-H58S000I-80-I"},{"r":"140","t":"23:16:39","h":"Est","s":"25S-H58S100F-80-F1"},{"r":"140","t":"23:16:39","h":"Est","s":"25S-H58S200F-80-F2"},{"r":"140","t":"23:29:39","h":"Est","s":"25N-H58N000S-80-S"},{"r":"140","t":"23:29:39","h":"Est","s":"25N-H58NV10S-80-S"},{"r":"140","t":"23:29:39","h":"Est","s":"25N-H58NV20S-80-S"},{"r":"140","t":"23:29:39","h":"Est","s":"25S-H58S000S-80-S"},{"r":"140","t":"23:46:02","h":"Est","s":"25N-H58N000I-80-I"},{"r":"140","t":"23:46:02","h":"Est","s":"25N-H58N100F-80-F1"},{"r":"140","t":"23:46:02","h":"Est","s":"25N-H58N200F-80-F2"},{"r":"140","t":"23:46:02","h":"Est","s":"25N-H58N300F-80-F3"},{"r":"140","t":"23:46:02","h":"Est","s":"25N-H58N400F-80-F4"},{"r":"140","t":"23:46:02","h":"Est","s":"25N-H58NV10I-80-I"},{"r":"140","t":"23:46:02","h":"Est","s":"25N-H58NV20I-80-I"},{"r":"140","t":"23:46:02","h":"Est","s":"25S-H58S000I-80-I"},{"r":"140","t":"23:46:02","h":"Est","s":"25S-H58S100F-80-F1"},{"r":"140","t":"23:46:02","h":"Est","s":"25S-H58S200F-80-F2"},{"r":"140","t":"23:47:39","h":"Est","s":"25N-H58N000A-80-A"},{"r":"140","t":"23:47:39","h":"Est","s":"25N-H58NV10A-80-A"},{"r":"140","t":"23:47:39","h":"Est","s":"25N-H58NV20A-80-A"},{"r":"140","t":"23:47:39","h":"Est","s":"25S-H58S000A-80-A"},{"r":"140","t":"24:05:39","h":"Est","s":"25N-H58N000S-80-S"},{"r":"140","t":"24:05:39","h":"Est","s":"25N-H58NV10S-80-S"},{"r":"140","t":"24:05:39","h":"Est","s":"25N-H58NV20S-80-S"},{"r":"140","t":"24:05:39","h":"Est","s":"25S-H58S000S-80-S"},{"r":"140","t":"24:17:02","h":"Est","s":"25N-H58N000I-80-I"},{"r":"140","t":"24:17:02","h":"Est","s":"25N-H58N100F-80-F1"},{"r":"140","t":"24:17:02","h":"Est","s":"25N-H58N200F-80-F2"},{"r":"140","t":"24:17:02","h":"Est","s":"25N-H58N300F-80-F3"},{"r":"140","t":"24:17:02","h":"Est","s":"25N-H58N400F-80-F4"},{"r":"140","t":"24:17:02","h":"Est","s":"25N-H58NV10I-80-I"},{"r":"140","t":"24:17:02","h":"Est","s":"25N-H58NV20I-80-I"},{"r":"140","t":"24:17:02","h":"Est","s":"25S-H58S000I-80-I"},{"r":"140","t":"24:17:02","h":"Est","s":"25S-H58S100F-80-F1"},{"r":"140","t":"24:17:02","h":"Est","s":"25S-H58S200F-80-F2"},{"r":"140","t":"24:21:39","h":"Est","s":"25N-H58N000A-80-A"},{"r":"140","t":"24:21:39","h":"Est","s":"25N-H58NV10A-80-A"},{"r":"140","t":"24:21:39","h":"Est","s":"25N-H58NV20A-80-A"},{"r":"140","t":"24:21:39","h":"Est","s":"25S-H58S000A-80-A"},{"r":"140","t":"24:42:39","h":"Est","s":"25N-H58N000S-80-S"},{"r":"140","t":"24:42:39","h":"Est","s":"25N-H58NV10S-80-S"},{"r":"140","t":"24:42:39","h":"Est","s":"25N-H58NV20S-80-S"},{"r":"140","t":"24:42:39","h":"Est","s":"25S-H58S000S-80-S"},{"r":"140","t":"24:46:02","h":"Est","s":"25N-H58N000I-80-I"},{"r":"140","t":"24:46:02","h":"Est","s":"25N-H58N100F-80-F1"},{"r":"140","t":"24:46:02","h":"Est","s":"25N-H58N200F-80-F2"},{"r":"140","t":"24:46:02","h":"Est","s":"25N-H58N300F-80-F3"},{"r":"140","t":"24:46:02","h":"Est","s":"25N-H58N400F-80-F4"},{"r":"140","t":"24:46:02","h":"Est","s":"25N-H58NV10I-80-I"},{"r":"140","t":"24:46:02","h":"Est","s":"25N-H58NV20I-80-I"},{"r":"140","t":"24:46:02","h":"Est","s":"25S-H58S000I-80-I"},{"r":"140","t":"24:46:02","h":"Est","s":"25S-H58S100F-80-F1"},{"r":"140","t":"24:46:02","h":"Est","s":"25S-H58S200F-80-F2"},{"r":"140","t":"24:54:39","h":"Est","s":"25N-H58N000A-80-A"},{"r":"140","t":"24:54:39","h":"Est","s":"25N-H58NV10A-80-A"},{"r":"140","t":"24:54:39","h":"Est","s":"25N-H58NV20A-80-A"},{"r":"140","t":"24:54:39","h":"Est","s":"25S-H58S000A-80-A"},{"r":"140","t":"25:18:02","h":"Est","s":"25N-H58N000I-80-I"},{"r":"140","t":"25:18:02","h":"Est","s":"25N-H58N100F-80-F1"},{"r":"140","t":"25:18:02","h":"Est","s":"25N-H58N200F-80-F2"},{"r":"140","t":"25:18:02","h":"Est","s":"25N-H58N300F-80-F3"},{"r":"140","t":"25:18:02","h":"Est","s":"25N-H58N400F-80-F4"},{"r":"140","t":"25:18:02","h":"Est","s":"25N-H58NV10I-80-I"},{"r":"140","t":"25:18:02","h":"Est","s":"25N-H58NV20I-80-I"},{"r":"140","t":"25:18:02","h":"Est","s":"25S-H58S000I-80-I"},{"r":"140","t":"25:18:02","h":"Est","s":"25S-H58S100F-80-F1"},{"r":"140","t":"25:18:02","h":"Est","s":"25S-H58S200F-80-F2"},{"r":"140","t":"25:19:39","h":"Est","s":"25N-H58N000S-80-S"},{"r":"140","t":"25:19:39","h":"Est","s":"25N-H58NV10S-80-S"},{"r":"140","t":"25:19:39","h":"Est","s":"25N-H58NV20S-80-S"},{"r":"140","t":"25:19:39","h":"Est","s":"25S-H58S000S-80-S"},{"r":"140","t":"25:24:26","h":"Est","s":"25N-H58N000A-80-A"},{"r":"140","t":"25:24:26","h":"Est","s":"25N-H58NV10A-80-A"},{"r":"140","t":"25:24:26","h":"Est","s":"25N-H58NV20A-80-A"},{"r":"140","t":"25:24:26","h":"Est","s":"25S-H58S000A-80-A"},{"r":"140","t":"25:48:02","h":"Est","s":"25N-H58N000I-80-I"},{"r":"140","t":"25:48:02","h":"Est","s":"25N-H58N100F-80-F1"},{"r":"140","t":"25:48:02","h":"Est","s":"25N-H58N200F-80-F2"},{"r":"140","t":"25:48:02","h":"Est","s":"25N-H58N300F-80-F3"},{"r":"140","t":"25:48:02","h":"Est","s":"25N-H58N400F-80-F4"},{"r":"140","t":"25:48:02","h":"Est","s":"25N-H58NV10I-80-I"},{"r":"140","t":"25:48:02","h":"Est","s":"25N-H58NV20I-80-I"},{"r":"140","t":"25:48:02","h":"Est","s":"25S-H58S000I-80-I"},{"r":"140","t":"25:48:02","h":"Est","s":"25S-H58S100F-80-F1"},{"r":"140","t":"25:48:02","h":"Est","s":"25S-H58S200F-80-F2"},{"r":"140","t":"25:49:39","h":"Est","s":"25N-H58N000S-80-S"},{"r":"140","t":"25:49:39","h":"Est","s":"25N-H58NV10S-80-S"},{"r":"140","t":"25:49:39","h":"Est","s":"25N-H58NV20S-80-S"},{"r":"140","t":"25:49:39","h":"Est","s":"25S-H58S000S-80-S"},{"r":"140","t":"25:51:26","h":"Est","s":"25N-H58N000A-80-A"},{"r":"140","t":"25:51:26","h":"Est","s":"25N-H58NV10A-80-A"},{"r":"140","t":"25:51:26","h":"Est","s":"25N-H58NV20A-80-A"},{"r":"140","t":"25:51:26","h":"Est","s":"25S-H58S000A-80-A"},{"r":"140","t":"26:20:26","h":"Est","s":"25N-H58N000A-80-A"},{"r":"140","t":"26:20:26","h":"Est","s":"25N-H58NV10A-80-A"},{"r":"140","t":"26:20:26","h":"Est","s":"25N-H58NV20A-80-A"},{"r":"140","t":"26:20:26","h":"Est","s":"25S-H58S000A-80-A"}]