[{"r":"469","t":"05:26:40","h":"Ouest","s":"25N-H58N000S-80-S"},{"r":"469","t":"05:26:40","h":"Ouest","s":"25N-H58NV10S-80-S"},{"r":"469","t":"05:26:40","h":"Ouest","s":"25N-H58NV20S-80-S"},{"r":"469","t":"05:26:40","h":"Ouest","s":"25S-H58S000S-80-S"},{"r":"469","t":"05:36:40","h":"Ouest","s":"25N-H55N000S-80-S"},{"r":"469","t":"05:36:40","h":"Ouest","s":"25N-H55N000S-82-S"},{"r":"469","t":"05:36:40","h":"Ouest","s":"25N-H55NV10S-85-S"},{"r":"469","t":"05:36:40","h":"Ouest","s":"25N-H55NV20S-81-S"},{"r":"469","t":"05:36:40","h":"Ouest","s":"25S-H55S000S-82-S"},{"r":"469","t":"05:45:40","h":"Ouest","s":"25N-H58N000S-80-S"},{"r":"469","t":"05:45:40","h":"Ouest","s":"25N-H58NV10S-80-S"},{"r":"469","t":"05:45:40","h":"Ouest","s":"25N-H58NV20S-80-S"},{"r":"469","t":"05:45:40","h":"Ouest","s":"25S-H58S000S-80-S"},{"r":"469","t":"05:52:40","h":"Ouest","s":"25N-H58N000S-80-S"},{"r":"469","t":"05:52:40","h":"Ouest","s":"25N-H58NV10S-80-S"},{"r":"469","t":"05:52:40","h":"Ouest","s":"25N-H58NV20S-80-S"},{"r":"469","t":"05:52:40","h":"Ouest","s":"25S-H58S000S-80-S"},{"r":"469","t":"05:59:40","h":"Ouest","s":"25N-H58N000S-80-S"},{"r":"469","t":"05:59:40","h":"Ouest","s":"25N-H58NV10S-80-S"},{"r":"469","t":"05:59:40","h":"Ouest","s":"25N-H58NV20S-80-S"},{"r":"469","t":"05:59:40","h":"Ouest","s":"25S-H58S000S-80-S"},{"r":"469","t":"06:06:40","h":"Ouest","s":"25N-H58N200F-80-F2"},{"r":"469","t":"06:06:40","h":"Ouest","s":"25N-H58N400F-80-F4"},{"r":"469","t":"06:06:40","h":"Ouest","s":"25S-H58S100F-80-F1"},{"r":"469","t":"06:06:40","h":"Ouest","s":"25S-H58S200F-80-F2"},{"r":"469","t":"06:09:40","h":"Ouest","s":"25N-H58N000S-80-S"},{"r":"469","t":"06:09:40","h":"Ouest","s":"25N-H58NV10S-80-S"},{"r":"469","t":"06:09:40","h":"Ouest","s":"25N-H58NV20S-80-S"},{"r":"469","t":"06:09:40","h":"Ouest","s":"25S-H58S000S-80-S"},{"r":"469","t":"06:19:40","h":"Ouest","s":"25N-H57N000S-80-S"},{"r":"469","t":"06:19:40","h":"Ouest","s":"25N-H57NV10S-84-S"},{"r":"469","t":"06:19:40","h":"Ouest","s":"25N-H57NV20S-80-S"},{"r":"469","t":"06:19:40","h":"Ouest","s":"25S-H57S000S-82-S"},{"r":"469","t":"06:29:40","h":"Ouest","s":"25N-H54N000S-80-S"},{"r":"469","t":"06:29:40","h":"Ouest","s":"25N-H54NV10S-82-S"},{"r":"469","t":"06:29:40","h":"Ouest","s":"25N-H54NV20S-80-S"},{"r":"469","t":"06:29:40","h":"Ouest","s":"25S-H54S000S-82-S"},{"r":"469","t":"06:33:40","h":"Ouest","s":"25N-H58N200F-80-F2"},{"r":"469","t":"06:33:40","h":"Ouest","s":"25N-H58N400F-80-F4"},{"r":"469","t":"06:33:40","h":"Ouest","s":"25S-H58S100F-80-F1"},{"r":"469","t":"06:33:40","h":"Ouest","s":"25S-H58S200F-80-F2"},{"r":"469","t":"06:39:40","h":"Ouest","s":"25N-H58N000S-80-S"},{"r":"469","t":"06:39:40","h":"Ouest","s":"25N-H58NV10S-80-S"},{"r":"469","t":"06:39:40","h":"Ouest","s":"25N-H58NV20S-80-S"},{"r":"469","t":"06:39:40","h":"Ouest","s":"25S-H58S000S-80-S"},{"r":"469","t":"06:47:40","h":"Ouest","s":"25N-H58N000S-80-S"},{"r":"469","t":"06:47:40","h":"Ouest","s":"25N-H58NV10S-80-S"},{"r":"469","t":"06:47:40","h":"Ouest","s":"25N-H58NV20S-80-S"},{"r":"469","t":"06:47:40","h":"Ouest","s":"25S-H58S000S-80-S"},{"r":"469","t":"06:52:40","h":"Ouest","s":"25N-H58N000S-80-S"},{"r":"469","t":"06:52:40","h":"Ouest","s":"25N-H58NV10S-80-S"},{"r":"469","t":"06:52:40","h":"Ouest","s":"25N-H58NV20S-80-S"},{"r":"469","t":"06:52:40","h":"Ouest","s":"25S-H58S000S-80-S"},{"r":"469","t":"06:57:40","h":"Ouest","s":"25N-H58N000S-80-S"},{"r":"469","t":"06:57:40","h":"Ouest","s":"25N-H58NV10S-80-S"},{"r":"469","t":"06:57:40","h":"Ouest","s":"25N-H58NV20S-80-S"},{"r":"469","t":"06:57:40","h":"Ouest","s":"25S-H58S000S-80-S"},{"r":"469","t":"07:03:20","h":"Ouest","s":"25N-H58N000S-80-S"},{"r":"469","t":"07:03:20","h":"Ouest","s":"25N-H58N200F-80-F2"},{"r":"469","t":"07:03:20","h":"Ouest","s":"25N-H58N400F-80-F4"},{"r":"469","t":"07:03:20","h":"Ouest","s":"25N-H58NV10S-80-S"},{"r":"469","t":"07:03:20","h":"Ouest","s":"25N-H58NV20S-80-S"},{"r":"469","t":"07:03:20","h":"Ouest","s":"25S-H58S000S-80-S"},{"r":"469","t":"07:03:20","h":"Ouest","s":"25S-H58S100F-80-F1"},{"r":"469","t":"07:03:20","h":"Ouest","s":"25S-H58S200F-80-F2"},{"r":"469","t":"07:08:20","h":"Ouest","s":"25N-H58N000S-80-S"},{"r":"469","t":"07:08:20","h":"Ouest","s":"25N-H58NV10S-80-S"},{"r":"469","t":"07:08:20","h":"Ouest","s":"25N-H58NV20S-80-S"},{"r":"469","t":"07:08:20","h":"Ouest","s":"25S-H58S000S-80-S"},{"r":"469","t":"07:17:20","h":"Ouest","s":"25N-H58N000S-80-S"},{"r":"469","t":"07:17:20","h":"Ouest","s":"25N-H58NV10S-80-S"},{"r":"469","t":"07:17:20","h":"Ouest","s":"25N-H58NV20S-80-S"},{"r":"469","t":"07:17:20","h":"Ouest","s":"25S-H58S000S-80-S"},{"r":"469","t":"07:26:20","h":"Ouest","s":"25N-H58N000S-80-S"},{"r":"469","t":"07:26:20","h":"Ouest","s":"25N-H58NV10S-80-S"},{"r":"469","t":"07:26:20","h":"Ouest","s":"25N-H58NV20S-80-S"},{"r":"469","t":"07:26:20","h":"Ouest","s":"25S-H58S000S-80-S"},{"r":"469","t":"07:33:20","h":"Ouest","s":"25N-H58N200F-80-F2"},{"r":"469","t":"07:33:20","h":"Ouest","s":"25N-H58N400F-80-F4"},{"r":"469","t":"07:33:20","h":"Ouest","s":"25S-H58S100F-80-F1"},{"r":"469","t":"07:33:20","h":"Ouest","s":"25S-H58S200F-80-F2"},{"r":"469","t":"07:35:20","h":"Ouest","s":"25N-H58N000S-80-S"},{"r":"469","t":"07:35:20","h":"Ouest","s":"25N-H58NV10S-80-S"},{"r":"469","t":"07:35:20","h":"Ouest","s":"25N-H58NV20S-80-S"},{"r":"469","t":"07:35:20","h":"Ouest","s":"25S-H58S000S-80-S"},{"r":"469","t":"07:44:20","h":"Ouest","s":"25N-H58N000S-80-S"},{"r":"469","t":"07:44:20","h":"Ouest","s":"25N-H58NV10S-80-S"},{"r":"469","t":"07:44:20","h":"Ouest","s":"25N-H58NV20S-80-S"},{"r":"469","t":"07:44:20","h":"Ouest","s":"25S-H58S000S-80-S"},{"r":"469","t":"07:52:20","h":"Ouest","s":"25N-H58N000S-80-S"},{"r":"469","t":"07:52:20","h":"Ouest","s":"25N-H58NV10S-80-S"},{"r":"469","t":"07:52:20","h":"Ouest","s":"25N-H58NV20S-80-S"},{"r":"469","t":"07:52:20","h":"Ouest","s":"25S-H58S000S-80-S"},{"r":"469","t":"08:00:20","h":"Ouest","s":"25N-H58N000S-80-S"},{"r":"469","t":"08:00:20","h":"Ouest","s":"25N-H58NV10S-80-S"},{"r":"469","t":"08:00:20","h":"Ouest","s":"25N-H58NV20S-80-S"},{"r":"469","t":"08:00:20","h":"Ouest","s":"25S-H58S000S-80-S"},{"r":"469","t":"08:03:20","h":"Ouest","s":"25N-H58N200F-80-F2"},{"r":"469","t":"08:03:20","h":"Ouest","s":"25N-H58N400F-80-F4"},{"r":"469","t":"08:03:20","h":"Ouest","s":"25S-H58S100F-80-F1"},{"r":"469","t":"08:03:20","h":"Ouest","s":"25S-H58S200F-80-F2"},{"r":"469","t":"08:10:20","h":"Ouest","s":"25N-H58N000S-80-S"},{"r":"469","t":"08:10:20","h":"Ouest","s":"25N-H58NV10S-80-S"},{"r":"469","t":"08:10:20","h":"Ouest","s":"25N-H58NV20S-80-S"},{"r":"469","t":"08:10:20","h":"Ouest","s":"25S-H58S000S-80-S"},{"r":"469","t":"08:24:20","h":"Ouest","s":"25N-H58N000S-80-S"},{"r":"469","t":"08:24:20","h":"Ouest","s":"25N-H58NV10S-80-S"},{"r":"469","t":"08:24:20","h":"Ouest","s":"25N-H58NV20S-80-S"},{"r":"469","t":"08:24:20","h":"Ouest","s":"25S-H58S000S-80-S"},{"r":"469","t":"08:33:20","h":"Ouest","s":"25N-H58N200F-80-F2"},{"r":"469","t":"08:33:20","h":"Ouest","s":"25N-H58N400F-80-F4"},{"r":"469","t":"08:33:20","h":"Ouest","s":"25S-H58S100F-80-F1"},{"r":"469","t":"08:33:20","h":"Ouest","s":"25S-H58S200F-80-F2"},{"r":"469","t":"08:44:20","h":"Ouest","s":"25N-H54N000S-80-S"},{"r":"469","t":"08:44:20","h":"Ouest","s":"25N-H54NV10S-82-S"},{"r":"469","t":"08:44:20","h":"Ouest","s":"25N-H54NV20S-80-S"},{"r":"469","t":"08:44:20","h":"Ouest","s":"25S-H54S000S-82-S"},{"r":"469","t":"08:59:20","h":"Ouest","s":"25N-H58N200F-80-F2"},{"r":"469","t":"08:59:20","h":"Ouest","s":"25N-H58N400F-80-F4"},{"r":"469","t":"08:59:20","h":"Ouest","s":"25S-H58S100F-80-F1"},{"r":"469","t":"08:59:20","h":"Ouest","s":"25S-H58S200F-80-F2"},{"r":"469","t":"09:03:20","h":"Ouest","s":"25N-H50N000S-80-S"},{"r":"469","t":"09:03:20","h":"Ouest","s":"25N-H50N000S-90-S"},{"r":"469","t":"09:03:20","h":"Ouest","s":"25N-H50NV10S-90-S"},{"r":"469","t":"09:03:20","h":"Ouest","s":"25N-H50NV20S-90-S"},{"r":"469","t":"09:03:20","h":"Ouest","s":"25S-H50S000S-81-S"},{"r":"469","t":"09:22:20","h":"Ouest","s":"25N-H58N000S-80-S"},{"r":"469","t":"09:22:20","h":"Ouest","s":"25N-H58N200F-80-F2"},{"r":"469","t":"09:22:20","h":"Ouest","s":"25N-H58N400F-80-F4"},{"r":"469","t":"09:22:20","h":"Ouest","s":"25N-H58NV10S-80-S"},{"r":"469","t":"09:22:20","h":"Ouest","s":"25N-H58NV20S-80-S"},{"r":"469","t":"09:22:20","h":"Ouest","s":"25S-H58S000S-80-S"},{"r":"469","t":"09:22:20","h":"Ouest","s":"25S-H58S100F-80-F1"},{"r":"469","t":"09:22:20","h":"Ouest","s":"25S-H58S200F-80-F2"},{"r":"469","t":"09:42:20","h":"Ouest","s":"25N-H54N000S-80-S"},{"r":"469","t":"09:42:20","h":"Ouest","s":"25N-H54NV10S-82-S"},{"r":"469","t":"09:42:20","h":"Ouest","s":"25N-H54NV20S-80-S"},{"r":"469","t":"09:42:20","h":"Ouest","s":"25S-H54S000S-82-S"},{"r":"469","t":"10:02:20","h":"Ouest","s":"25N-H58N000S-80-S"},{"r":"469","t":"10:02:20","h":"Ouest","s":"25N-H58NV10S-80-S"},{"r":"469","t":"10:02:20","h":"Ouest","s":"25N-H58NV20S-80-S"},{"r":"469","t":"10:02:20","h":"Ouest","s":"25S-H58S000S-80-S"},{"r":"469","t":"10:22:20","h":"Ouest","s":"25N-H58N000S-80-S"},{"r":"469","t":"10:22:20","h":"Ouest","s":"25N-H58NV10S-80-S"},{"r":"469","t":"10:22:20","h":"Ouest","s":"25N-H58NV20S-80-S"},{"r":"469","t":"10:22:20","h":"Ouest","s":"25S-H58S000S-80-S"},{"r":"469","t":"10:42:20","h":"Ouest","s":"25N-H58N000S-80-S"},{"r":"469","t":"10:42:20","h":"Ouest","s":"25N-H58NV10S-80-S"},{"r":"469","t":"10:42:20","h":"Ouest","s":"25N-H58NV20S-80-S"},{"r":"469","t":"10:42:20","h":"Ouest","s":"25S-H58S000S-80-S"},{"r":"469","t":"11:02:20","h":"Ouest","s":"25N-H58N000S-80-S"},{"r":"469","t":"11:02:20","h":"Ouest","s":"25N-H58NV10S-80-S"},{"r":"469","t":"11:02:20","h":"Ouest","s":"25N-H58NV20S-80-S"},{"r":"469","t":"11:02:20","h":"Ouest","s":"25S-H58S000S-80-S"},{"r":"469","t":"11:27:20","h":"Ouest","s":"25N-H58N000S-80-S"},{"r":"469","t":"11:27:20","h":"Ouest","s":"25N-H58NV10S-80-S"},{"r":"469","t":"11:27:20","h":"Ouest","s":"25N-H58NV20S-80-S"},{"r":"469","t":"11:27:20","h":"Ouest","s":"25S-H58S000S-80-S"},{"r":"469","t":"11:52:20","h":"Ouest","s":"25N-H58N000S-80-S"},{"r":"469","t":"11:52:20","h":"Ouest","s":"25N-H58NV10S-80-S"},{"r":"469","t":"11:52:20","h":"Ouest","s":"25N-H58NV20S-80-S"},{"r":"469","t":"11:52:20","h":"Ouest","s":"25S-H58S000S-80-S"},{"r":"469","t":"12:18:20","h":"Ouest","s":"25N-H58N000S-80-S"},{"r":"469","t":"12:18:20","h":"Ouest","s":"25N-H58NV10S-80-S"},{"r":"469","t":"12:18:20","h":"Ouest","s":"25N-H58NV20S-80-S"},{"r":"469","t":"12:18:20","h":"Ouest","s":"25S-H58S000S-80-S"},{"r":"469","t":"12:43:20","h":"Ouest","s":"25N-H58N000S-80-S"},{"r":"469","t":"12:43:20","h":"Ouest","s":"25N-H58NV10S-80-S"},{"r":"469","t":"12:43:20","h":"Ouest","s":"25N-H58NV20S-80-S"},{"r":"469","t":"12:43:20","h":"Ouest","s":"25S-H58S000S-80-S"},{"r":"469","t":"13:13:20","h":"Ouest","s":"25N-H58N000S-80-S"},{"r":"469","t":"13:13:20","h":"Ouest","s":"25N-H58NV10S-80-S"},{"r":"469","t":"13:13:20","h":"Ouest","s":"25N-H58NV20S-80-S"},{"r":"469","t":"13:13:20","h":"Ouest","s":"25S-H58S000S-80-S"},{"r":"469","t":"13:43:20","h":"Ouest","s":"25N-H58N000S-80-S"},{"r":"469","t":"13:43:20","h":"Ouest","s":"25N-H58NV10S-80-S"},{"r":"469","t":"13:43:20","h":"Ouest","s":"25N-H58NV20S-80-S"},{"r":"469","t":"13:43:20","h":"Ouest","s":"25S-H58S000S-80-S"},{"r":"469","t":"14:11:20","h":"Ouest","s":"25N-H58N000S-80-S"},{"r":"469","t":"14:11:20","h":"Ouest","s":"25N-H58NV10S-80-S"},{"r":"469","t":"14:11:20","h":"Ouest","s":"25N-H58NV20S-80-S"},{"r":"469","t":"14:11:20","h":"Ouest","s":"25S-H58S000S-80-S"},{"r":"469","t":"14:40:20","h":"Ouest","s":"25N-H58N000S-80-S"},{"r":"469","t":"14:40:20","h":"Ouest","s":"25N-H58N200F-80-F2"},{"r":"469","t":"14:40:20","h":"Ouest","s":"25N-H58N400F-80-F4"},{"r":"469","t":"14:40:20","h":"Ouest","s":"25N-H58NV10S-80-S"},{"r":"469","t":"14:40:20","h":"Ouest","s":"25N-H58NV20S-80-S"},{"r":"469","t":"14:40:20","h":"Ouest","s":"25S-H58S000S-80-S"},{"r":"469","t":"14:40:20","h":"Ouest","s":"25S-H58S100F-80-F1"},{"r":"469","t":"14:40:20","h":"Ouest","s":"25S-H58S200F-80-F2"},{"r":"469","t":"15:08:20","h":"Ouest","s":"25N-H54N000S-80-S"},{"r":"469","t":"15:08:20","h":"Ouest","s":"25N-H54NV10S-82-S"},{"r":"469","t":"15:08:20","h":"Ouest","s":"25N-H54NV20S-80-S"},{"r":"469","t":"15:08:20","h":"Ouest","s":"25N-H58N200F-80-F2"},{"r":"469","t":"15:08:20","h":"Ouest","s":"25N-H58N400F-80-F4"},{"r":"469","t":"15:08:20","h":"Ouest","s":"25S-H54S000S-82-S"},{"r":"469","t":"15:08:20","h":"Ouest","s":"25S-H58S100F-80-F1"},{"r":"469","t":"15:08:20","h":"Ouest","s":"25S-H58S200F-80-F2"},{"r":"469","t":"15:35:20","h":"Ouest","s":"25N-H58N000S-80-S"},{"r":"469","t":"15:35:20","h":"Ouest","s":"25N-H58N200F-80-F2"},{"r":"469","t":"15:35:20","h":"Ouest","s":"25N-H58N400F-80-F4"},{"r":"469","t":"15:35:20","h":"Ouest","s":"25N-H58NV10S-80-S"},{"r":"469","t":"15:35:20","h":"Ouest","s":"25N-H58NV20S-80-S"},{"r":"469","t":"15:35:20","h":"Ouest","s":"25S-H58S000S-80-S"},{"r":"469","t":"15:35:20","h":"Ouest","s":"25S-H58S100F-80-F1"},{"r":"469","t":"15:35:20","h":"Ouest","s":"25S-H58S200F-80-F2"},{"r":"469","t":"16:02:20","h":"Ouest","s":"25N-H58N000S-80-S"},{"r":"469","t":"16:02:20","h":"Ouest","s":"25N-H58N200F-80-F2"},{"r":"469","t":"16:02:20","h":"Ouest","s":"25N-H58N400F-80-F4"},{"r":"469","t":"16:02:20","h":"Ouest","s":"25N-H58NV10S-80-S"},{"r":"469","t":"16:02:20","h":"Ouest","s":"25N-H58NV20S-80-S"},{"r":"469","t":"16:02:20","h":"Ouest","s":"25S-H58S000S-80-S"},{"r":"469","t":"16:02:20","h":"Ouest","s":"25S-H58S100F-80-F1"},{"r":"469","t":"16:02:20","h":"Ouest","s":"25S-H58S200F-80-F2"},{"r":"469","t":"16:29:20","h":"Ouest","s":"25N-H58N000S-80-S"},{"r":"469","t":"16:29:20","h":"Ouest","s":"25N-H58N200F-80-F2"},{"r":"469","t":"16:29:20","h":"Ouest","s":"25N-H58N400F-80-F4"},{"r":"469","t":"16:29:20","h":"Ouest","s":"25N-H58NV10S-80-S"},{"r":"469","t":"16:29:20","h":"Ouest","s":"25N-H58NV20S-80-S"},{"r":"469","t":"16:29:20","h":"Ouest","s":"25S-H58S000S-80-S"},{"r":"469","t":"16:29:20","h":"Ouest","s":"25S-H58S100F-80-F1"},{"r":"469","t":"16:29:20","h":"Ouest","s":"25S-H58S200F-80-F2"},{"r":"469","t":"16:56:20","h":"Ouest","s":"25N-H58N000S-80-S"},{"r":"469","t":"16:56:20","h":"Ouest","s":"25N-H58NV10S-80-S"},{"r":"469","t":"16:56:20","h":"Ouest","s":"25N-H58NV20S-80-S"},{"r":"469","t":"16:56:20","h":"Ouest","s":"25S-H58S000S-80-S"},{"r":"469","t":"16:57:20","h":"Ouest","s":"25N-H58N200F-80-F2"},{"r":"469","t":"16:57:20","h":"Ouest","s":"25N-H58N400F-80-F4"},{"r":"469","t":"16:57:20","h":"Ouest","s":"25S-H58S100F-80-F1"},{"r":"469","t":"16:57:20","h":"Ouest","s":"25S-H58S200F-80-F2"},{"r":"469","t":"17:26:40","h":"Ouest","s":"25N-H58N000S-80-S"},{"r":"469","t":"17:26:40","h":"Ouest","s":"25N-H58N200F-80-F2"},{"r":"469","t":"17:26:40","h":"Ouest","s":"25N-H58N400F-80-F4"},{"r":"469","t":"17:26:40","h":"Ouest","s":"25N-H58NV10S-80-S"},{"r":"469","t":"17:26:40","h":"Ouest","s":"25N-H58NV20S-80-S"},{"r":"469","t":"17:26:40","h":"Ouest","s":"25S-H58S000S-80-S"},{"r":"469","t":"17:26:40","h":"Ouest","s":"25S-H58S100F-80-F1"},{"r":"469","t":"17:26:40","h":"Ouest","s":"25S-H58S200F-80-F2"},{"r":"469","t":"17:59:40","h":"Ouest","s":"25N-H58N000S-80-S"},{"r":"469","t":"17:59:40","h":"Ouest","s":"25N-H58N200F-80-F2"},{"r":"469","t":"17:59:40","h":"Ouest","s":"25N-H58N400F-80-F4"},{"r":"469","t":"17:59:40","h":"Ouest","s":"25N-H58NV10S-80-S"},{"r":"469","t":"17:59:40","h":"Ouest","s":"25N-H58NV20S-80-S"},{"r":"469","t":"17:59:40","h":"Ouest","s":"25S-H58S000S-80-S"},{"r":"469","t":"17:59:40","h":"Ouest","s":"25S-H58S100F-80-F1"},{"r":"469","t":"17:59:40","h":"Ouest","s":"25S-H58S200F-80-F2"},{"r":"469","t":"18:32:40","h":"Ouest","s":"25N-H58N000S-80-S"},{"r":"469","t":"18:32:40","h":"Ouest","s":"25N-H58N200F-80-F2"},{"r":"469","t":"18:32:40","h":"Ouest","s":"25N-H58N400F-80-F4"},{"r":"469","t":"18:32:40","h":"Ouest","s":"25N-H58NV10S-80-S"},{"r":"469","t":"18:32:40","h":"Ouest","s":"25N-H58NV20S-80-S"},{"r":"469","t":"18:32:40","h":"Ouest","s":"25S-H58S000S-80-S"},{"r":"469","t":"18:32:40","h":"Ouest","s":"25S-H58S100F-80-F1"},{"r":"469","t":"18:32:40","h":"Ouest","s":"25S-H58S200F-80-F2"},{"r":"469","t":"19:05:40","h":"Ouest","s":"25N-H58N000S-80-S"},{"r":"469","t":"19:05:40","h":"Ouest","s":"25N-H58NV10S-80-S"},{"r":"469","t":"19:05:40","h":"Ouest","s":"25N-H58NV20S-80-S"},{"r":"469","t":"19:05:40","h":"Ouest","s":"25S-H58S000S-80-S"}]