[{"r":"196","t":"05:58:39","h":"Sud","s":"25N-H60N000S-80-S"},{"r":"196","t":"05:58:39","h":"Sud","s":"25N-H60N000S-98-S"},{"r":"196","t":"05:58:39","h":"Sud","s":"25N-H60N100F-81-F1"},{"r":"196","t":"05:58:39","h":"Sud","s":"25N-H60N200F-81-F2"},{"r":"196","t":"05:58:39","h":"Sud","s":"25N-H60N300F-82-F3"},{"r":"196","t":"05:58:39","h":"Sud","s":"25N-H60N400F-81-F4"},{"r":"196","t":"05:58:39","h":"Sud","s":"25N-H60NV10S-98-S"},{"r":"196","t":"05:58:39","h":"Sud","s":"25N-H60NV20S-98-S"},{"r":"196","t":"05:58:39","h":"Sud","s":"25S-H60S000S-80-S"},{"r":"196","t":"05:58:39","h":"Sud","s":"25S-H60S100F-82-F1"},{"r":"196","t":"05:58:39","h":"Sud","s":"25S-H60S200F-81-F2"},{"r":"196","t":"06:05:39","h":"Sud","s":"25N-H60N000S-80-S"},{"r":"196","t":"06:05:39","h":"Sud","s":"25N-H60N000S-98-S"},{"r":"196","t":"06:05:39","h":"Sud","s":"25N-H60NV10S-98-S"},{"r":"196","t":"06:05:39","h":"Sud","s":"25N-H60NV20S-98-S"},{"r":"196","t":"06:05:39","h":"Sud","s":"25S-H60S000S-80-S"},{"r":"196","t":"06:13:39","h":"Sud","s":"25N-H50N000S-80-S"},{"r":"196","t":"06:13:39","h":"Sud","s":"25N-H50N000S-90-S"},{"r":"196","t":"06:13:39","h":"Sud","s":"25N-H50NV10S-90-S"},{"r":"196","t":"06:13:39","h":"Sud","s":"25N-H50NV20S-90-S"},{"r":"196","t":"06:13:39","h":"Sud","s":"25S-H50S000S-81-S"},{"r":"196","t":"06:21:39","h":"Sud","s":"25N-H56N000S-80-S"},{"r":"196","t":"06:21:39","h":"Sud","s":"25N-H56NV10S-80-S"},{"r":"196","t":"06:21:39","h":"Sud","s":"25N-H56NV20S-80-S"},{"r":"196","t":"06:21:39","h":"Sud","s":"25S-H56S000S-80-S"},{"r":"196","t":"06:28:39","h":"Sud","s":"25N-H60N000S-80-S"},{"r":"196","t":"06:28:39","h":"Sud","s":"25N-H60N000S-98-S"},{"r":"196","t":"06:28:39","h":"Sud","s":"25N-H60N100F-81-F1"},{"r":"196","t":"06:28:39","h":"Sud","s":"25N-H60N200F-81-F2"},{"r":"196","t":"06:28:39","h":"Sud","s":"25N-H60N300F-82-F3"},{"r":"196","t":"06:28:39","h":"Sud","s":"25N-H60N400F-81-F4"},{"r":"196","t":"06:28:39","h":"Sud","s":"25N-H60NV10S-98-S"},{"r":"196","t":"06:28:39","h":"Sud","s":"25N-H60NV20S-98-S"},{"r":"196","t":"06:28:39","h":"Sud","s":"25S-H60S000S-80-S"},{"r":"196","t":"06:28:39","h":"Sud","s":"25S-H60S100F-82-F1"},{"r":"196","t":"06:28:39","h":"Sud","s":"25S-H60S200F-81-F2"},{"r":"196","t":"06:34:39","h":"Sud","s":"25N-H60N000S-80-S"},{"r":"196","t":"06:34:39","h":"Sud","s":"25N-H60N000S-98-S"},{"r":"196","t":"06:34:39","h":"Sud","s":"25N-H60NV10S-98-S"},{"r":"196","t":"06:34:39","h":"Sud","s":"25N-H60NV20S-98-S"},{"r":"196","t":"06:34:39","h":"Sud","s":"25S-H60S000S-80-S"},{"r":"196","t":"06:41:39","h":"Sud","s":"25N-H56N000S-80-S"},{"r":"196","t":"06:41:39","h":"Sud","s":"25N-H56NV10S-80-S"},{"r":"196","t":"06:41:39","h":"Sud","s":"25N-H56NV20S-80-S"},{"r":"196","t":"06:41:39","h":"Sud","s":"25S-H56S000S-80-S"},{"r":"196","t":"06:47:39","h":"Sud","s":"25N-H60N000S-80-S"},{"r":"196","t":"06:47:39","h":"Sud","s":"25N-H60N000S-98-S"},{"r":"196","t":"06:47:39","h":"Sud","s":"25N-H60NV10S-98-S"},{"r":"196","t":"06:47:39","h":"Sud","s":"25N-H60NV20S-98-S"},{"r":"196","t":"06:47:39","h":"Sud","s":"25S-H60S000S-80-S"},{"r":"196","t":"06:53:39","h":"Sud","s":"25N-H56N000S-80-S"},{"r":"196","t":"06:53:39","h":"Sud","s":"25N-H56NV10S-80-S"},{"r":"196","t":"06:53:39","h":"Sud","s":"25N-H56NV20S-80-S"},{"r":"196","t":"06:53:39","h":"Sud","s":"25S-H56S000S-80-S"},{"r":"196","t":"06:59:39","h":"Sud","s":"25N-H60N000S-80-S"},{"r":"196","t":"06:59:39","h":"Sud","s":"25N-H60N000S-98-S"},{"r":"196","t":"06:59:39","h":"Sud","s":"25N-H60N100F-81-F1"},{"r":"196","t":"06:59:39","h":"Sud","s":"25N-H60N200F-81-F2"},{"r":"196","t":"06:59:39","h":"Sud","s":"25N-H60N300F-82-F3"},{"r":"196","t":"06:59:39","h":"Sud","s":"25N-H60N400F-81-F4"},{"r":"196","t":"06:59:39","h":"Sud","s":"25N-H60NV10S-98-S"},{"r":"196","t":"06:59:39","h":"Sud","s":"25N-H60NV20S-98-S"},{"r":"196","t":"06:59:39","h":"Sud","s":"25S-H60S000S-80-S"},{"r":"196","t":"06:59:39","h":"Sud","s":"25S-H60S100F-82-F1"},{"r":"196","t":"06:59:39","h":"Sud","s":"25S-H60S200F-81-F2"},{"r":"196","t":"07:06:39","h":"Sud","s":"25N-H60N000S-80-S"},{"r":"196","t":"07:06:39","h":"Sud","s":"25N-H60N000S-98-S"},{"r":"196","t":"07:06:39","h":"Sud","s":"25N-H60NV10S-98-S"},{"r":"196","t":"07:06:39","h":"Sud","s":"25N-H60NV20S-98-S"},{"r":"196","t":"07:06:39","h":"Sud","s":"25S-H60S000S-80-S"},{"r":"196","t":"07:13:39","h":"Sud","s":"25N-H60N000S-80-S"},{"r":"196","t":"07:13:39","h":"Sud","s":"25N-H60N000S-98-S"},{"r":"196","t":"07:13:39","h":"Sud","s":"25N-H60NV10S-98-S"},{"r":"196","t":"07:13:39","h":"Sud","s":"25N-H60NV20S-98-S"},{"r":"196","t":"07:13:39","h":"Sud","s":"25S-H60S000S-80-S"},{"r":"196","t":"07:20:39","h":"Sud","s":"25N-H60N000S-80-S"},{"r":"196","t":"07:20:39","h":"Sud","s":"25N-H60N000S-98-S"},{"r":"196","t":"07:20:39","h":"Sud","s":"25N-H60NV10S-98-S"},{"r":"196","t":"07:20:39","h":"Sud","s":"25N-H60NV20S-98-S"},{"r":"196","t":"07:20:39","h":"Sud","s":"25S-H60S000S-80-S"},{"r":"196","t":"07:25:39","h":"Sud","s":"25N-H60N000S-80-S"},{"r":"196","t":"07:25:39","h":"Sud","s":"25N-H60N000S-98-S"},{"r":"196","t":"07:25:39","h":"Sud","s":"25N-H60NV10S-98-S"},{"r":"196","t":"07:25:39","h":"Sud","s":"25N-H60NV20S-98-S"},{"r":"196","t":"07:25:39","h":"Sud","s":"25S-H60S000S-80-S"},{"r":"196","t":"07:29:39","h":"Sud","s":"25N-H60N100F-81-F1"},{"r":"196","t":"07:29:39","h":"Sud","s":"25N-H60N200F-81-F2"},{"r":"196","t":"07:29:39","h":"Sud","s":"25N-H60N300F-82-F3"},{"r":"196","t":"07:29:39","h":"Sud","s":"25N-H60N400F-81-F4"},{"r":"196","t":"07:29:39","h":"Sud","s":"25S-H60S100F-82-F1"},{"r":"196","t":"07:29:39","h":"Sud","s":"25S-H60S200F-81-F2"},{"r":"196","t":"07:30:39","h":"Sud","s":"25N-H60N000S-80-S"},{"r":"196","t":"07:30:39","h":"Sud","s":"25N-H60N000S-98-S"},{"r":"196","t":"07:30:39","h":"Sud","s":"25N-H60NV10S-98-S"},{"r":"196","t":"07:30:39","h":"Sud","s":"25N-H60NV20S-98-S"},{"r":"196","t":"07:30:39","h":"Sud","s":"25S-H60S000S-80-S"},{"r":"196","t":"07:37:39","h":"Sud","s":"25N-H60N000S-80-S"},{"r":"196","t":"07:37:39","h":"Sud","s":"25N-H60N000S-98-S"},{"r":"196","t":"07:37:39","h":"Sud","s":"25N-H60NV10S-98-S"},{"r":"196","t":"07:37:39","h":"Sud","s":"25N-H60NV20S-98-S"},{"r":"196","t":"07:37:39","h":"Sud","s":"25S-H60S000S-80-S"},{"r":"196","t":"07:43:39","h":"Sud","s":"25N-H60N000S-80-S"},{"r":"196","t":"07:43:39","h":"Sud","s":"25N-H60N000S-98-S"},{"r":"196","t":"07:43:39","h":"Sud","s":"25N-H60NV10S-98-S"},{"r":"196","t":"07:43:39","h":"Sud","s":"25N-H60NV20S-98-S"},{"r":"196","t":"07:43:39","h":"Sud","s":"25S-H60S000S-80-S"},{"r":"196","t":"07:50:39","h":"Sud","s":"25N-H60N000S-80-S"},{"r":"196","t":"07:50:39","h":"Sud","s":"25N-H60N000S-98-S"},{"r":"196","t":"07:50:39","h":"Sud","s":"25N-H60NV10S-98-S"},{"r":"196","t":"07:50:39","h":"Sud","s":"25N-H60NV20S-98-S"},{"r":"196","t":"07:50:39","h":"Sud","s":"25S-H60S000S-80-S"},{"r":"196","t":"07:57:39","h":"Sud","s":"25N-H60N000S-80-S"},{"r":"196","t":"07:57:39","h":"Sud","s":"25N-H60N000S-98-S"},{"r":"196","t":"07:57:39","h":"Sud","s":"25N-H60NV10S-98-S"},{"r":"196","t":"07:57:39","h":"Sud","s":"25N-H60NV20S-98-S"},{"r":"196","t":"07:57:39","h":"Sud","s":"25S-H60S000S-80-S"},{"r":"196","t":"08:00:39","h":"Sud","s":"25N-H60N100F-81-F1"},{"r":"196","t":"08:00:39","h":"Sud","s":"25N-H60N200F-81-F2"},{"r":"196","t":"08:00:39","h":"Sud","s":"25N-H60N300F-82-F3"},{"r":"196","t":"08:00:39","h":"Sud","s":"25N-H60N400F-81-F4"},{"r":"196","t":"08:00:39","h":"Sud","s":"25S-H60S100F-82-F1"},{"r":"196","t":"08:00:39","h":"Sud","s":"25S-H60S200F-81-F2"},{"r":"196","t":"08:07:39","h":"Sud","s":"25N-H60N000S-80-S"},{"r":"196","t":"08:07:39","h":"Sud","s":"25N-H60N000S-98-S"},{"r":"196","t":"08:07:39","h":"Sud","s":"25N-H60NV10S-98-S"},{"r":"196","t":"08:07:39","h":"Sud","s":"25N-H60NV20S-98-S"},{"r":"196","t":"08:07:39","h":"Sud","s":"25S-H60S000S-80-S"},{"r":"196","t":"08:17:39","h":"Sud","s":"25N-H60N000S-80-S"},{"r":"196","t":"08:17:39","h":"Sud","s":"25N-H60N000S-98-S"},{"r":"196","t":"08:17:39","h":"Sud","s":"25N-H60NV10S-98-S"},{"r":"196","t":"08:17:39","h":"Sud","s":"25N-H60NV20S-98-S"},{"r":"196","t":"08:17:39","h":"Sud","s":"25S-H60S000S-80-S"},{"r":"196","t":"08:27:39","h":"Sud","s":"25N-H60N000S-80-S"},{"r":"196","t":"08:27:39","h":"Sud","s":"25N-H60N000S-98-S"},{"r":"196","t":"08:27:39","h":"Sud","s":"25N-H60NV10S-98-S"},{"r":"196","t":"08:27:39","h":"Sud","s":"25N-H60NV20S-98-S"},{"r":"196","t":"08:27:39","h":"Sud","s":"25S-H60S000S-80-S"},{"r":"196","t":"08:30:39","h":"Sud","s":"25N-H60N100F-81-F1"},{"r":"196","t":"08:30:39","h":"Sud","s":"25N-H60N200F-81-F2"},{"r":"196","t":"08:30:39","h":"Sud","s":"25N-H60N300F-82-F3"},{"r":"196","t":"08:30:39","h":"Sud","s":"25N-H60N400F-81-F4"},{"r":"196","t":"08:30:39","h":"Sud","s":"25S-H60S100F-82-F1"},{"r":"196","t":"08:30:39","h":"Sud","s":"25S-H60S200F-81-F2"},{"r":"196","t":"08:36:39","h":"Sud","s":"25N-H60N000S-80-S"},{"r":"196","t":"08:36:39","h":"Sud","s":"25N-H60N000S-98-S"},{"r":"196","t":"08:36:39","h":"Sud","s":"25N-H60NV10S-98-S"},{"r":"196","t":"08:36:39","h":"Sud","s":"25N-H60NV20S-98-S"},{"r":"196","t":"08:36:39","h":"Sud","s":"25S-H60S000S-80-S"},{"r":"196","t":"08:45:39","h":"Sud","s":"25N-H60N000S-80-S"},{"r":"196","t":"08:45:39","h":"Sud","s":"25N-H60N000S-98-S"},{"r":"196","t":"08:45:39","h":"Sud","s":"25N-H60NV10S-98-S"},{"r":"196","t":"08:45:39","h":"Sud","s":"25N-H60NV20S-98-S"},{"r":"196","t":"08:45:39","h":"Sud","s":"25S-H60S000S-80-S"},{"r":"196","t":"08:55:39","h":"Sud","s":"25N-H60N000S-80-S"},{"r":"196","t":"08:55:39","h":"Sud","s":"25N-H60N000S-98-S"},{"r":"196","t":"08:55:39","h":"Sud","s":"25N-H60NV10S-98-S"},{"r":"196","t":"08:55:39","h":"Sud","s":"25N-H60NV20S-98-S"},{"r":"196","t":"08:55:39","h":"Sud","s":"25S-H60S000S-80-S"},{"r":"196","t":"09:00:39","h":"Sud","s":"25N-H60N100F-81-F1"},{"r":"196","t":"09:00:39","h":"Sud","s":"25N-H60N200F-81-F2"},{"r":"196","t":"09:00:39","h":"Sud","s":"25N-H60N300F-82-F3"},{"r":"196","t":"09:00:39","h":"Sud","s":"25N-H60N400F-81-F4"},{"r":"196","t":"09:00:39","h":"Sud","s":"25S-H60S100F-82-F1"},{"r":"196","t":"09:00:39","h":"Sud","s":"25S-H60S200F-81-F2"},{"r":"196","t":"09:05:03","h":"Sud","s":"25N-H60N000S-80-S"},{"r":"196","t":"09:05:03","h":"Sud","s":"25N-H60N000S-98-S"},{"r":"196","t":"09:05:03","h":"Sud","s":"25N-H60NV10S-98-S"},{"r":"196","t":"09:05:03","h":"Sud","s":"25N-H60NV20S-98-S"},{"r":"196","t":"09:05:03","h":"Sud","s":"25S-H60S000S-80-S"},{"r":"196","t":"09:16:03","h":"Sud","s":"25N-H60N000S-80-S"},{"r":"196","t":"09:16:03","h":"Sud","s":"25N-H60N000S-98-S"},{"r":"196","t":"09:16:03","h":"Sud","s":"25N-H60NV10S-98-S"},{"r":"196","t":"09:16:03","h":"Sud","s":"25N-H60NV20S-98-S"},{"r":"196","t":"09:16:03","h":"Sud","s":"25S-H60S000S-80-S"},{"r":"196","t":"09:28:03","h":"Sud","s":"25N-H60N000S-80-S"},{"r":"196","t":"09:28:03","h":"Sud","s":"25N-H60N000S-98-S"},{"r":"196","t":"09:28:03","h":"Sud","s":"25N-H60NV10S-98-S"},{"r":"196","t":"09:28:03","h":"Sud","s":"25N-H60NV20S-98-S"},{"r":"196","t":"09:28:03","h":"Sud","s":"25S-H60S000S-80-S"},{"r":"196","t":"09:29:03","h":"Sud","s":"25N-H60N100F-81-F1"},{"r":"196","t":"09:29:03","h":"Sud","s":"25N-H60N200F-81-F2"},{"r":"196","t":"09:29:03","h":"Sud","s":"25N-H60N300F-82-F3"},{"r":"196","t":"09:29:03","h":"Sud","s":"25N-H60N400F-81-F4"},{"r":"196","t":"09:29:03","h":"Sud","s":"25S-H60S100F-82-F1"},{"r":"196","t":"09:29:03","h":"Sud","s":"25S-H60S200F-81-F2"},{"r":"196","t":"09:40:03","h":"Sud","s":"25N-H60N000S-80-S"},{"r":"196","t":"09:40:03","h":"Sud","s":"25N-H60N000S-98-S"},{"r":"196","t":"09:40:03","h":"Sud","s":"25N-H60NV10S-98-S"},{"r":"196","t":"09:40:03","h":"Sud","s":"25N-H60NV20S-98-S"},{"r":"196","t":"09:40:03","h":"Sud","s":"25S-H60S000S-80-S"},{"r":"196","t":"09:59:03","h":"Sud","s":"25N-H60N100F-81-F1"},{"r":"196","t":"09:59:03","h":"Sud","s":"25N-H60N200F-81-F2"},{"r":"196","t":"09:59:03","h":"Sud","s":"25N-H60N300F-82-F3"},{"r":"196","t":"09:59:03","h":"Sud","s":"25N-H60N400F-81-F4"},{"r":"196","t":"09:59:03","h":"Sud","s":"25S-H60S100F-82-F1"},{"r":"196","t":"09:59:03","h":"Sud","s":"25S-H60S200F-81-F2"},{"r":"196","t":"10:00:03","h":"Sud","s":"25N-H50N000S-80-S"},{"r":"196","t":"10:00:03","h":"Sud","s":"25N-H50N000S-90-S"},{"r":"196","t":"10:00:03","h":"Sud","s":"25N-H50NV10S-90-S"},{"r":"196","t":"10:00:03","h":"Sud","s":"25N-H50NV20S-90-S"},{"r":"196","t":"10:00:03","h":"Sud","s":"25S-H50S000S-81-S"},{"r":"196","t":"10:26:03","h":"Sud","s":"25N-H60N000S-80-S"},{"r":"196","t":"10:26:03","h":"Sud","s":"25N-H60N000S-98-S"},{"r":"196","t":"10:26:03","h":"Sud","s":"25N-H60NV10S-98-S"},{"r":"196","t":"10:26:03","h":"Sud","s":"25N-H60NV20S-98-S"},{"r":"196","t":"10:26:03","h":"Sud","s":"25S-H60S000S-80-S"},{"r":"196","t":"10:27:03","h":"Sud","s":"25N-H60N100F-81-F1"},{"r":"196","t":"10:27:03","h":"Sud","s":"25N-H60N200F-81-F2"},{"r":"196","t":"10:27:03","h":"Sud","s":"25N-H60N300F-82-F3"},{"r":"196","t":"10:27:03","h":"Sud","s":"25N-H60N400F-81-F4"},{"r":"196","t":"10:27:03","h":"Sud","s":"25S-H60S100F-82-F1"},{"r":"196","t":"10:27:03","h":"Sud","s":"25S-H60S200F-81-F2"},{"r":"196","t":"10:55:03","h":"Sud","s":"25N-H60N000S-80-S"},{"r":"196","t":"10:55:03","h":"Sud","s":"25N-H60N000S-98-S"},{"r":"196","t":"10:55:03","h":"Sud","s":"25N-H60N100F-81-F1"},{"r":"196","t":"10:55:03","h":"Sud","s":"25N-H60N200F-81-F2"},{"r":"196","t":"10:55:03","h":"Sud","s":"25N-H60N300F-82-F3"},{"r":"196","t":"10:55:03","h":"Sud","s":"25N-H60N400F-81-F4"},{"r":"196","t":"10:55:03","h":"Sud","s":"25N-H60NV10S-98-S"},{"r":"196","t":"10:55:03","h":"Sud","s":"25N-H60NV20S-98-S"},{"r":"196","t":"10:55:03","h":"Sud","s":"25S-H60S000S-80-S"},{"r":"196","t":"10:55:03","h":"Sud","s":"25S-H60S100F-82-F1"},{"r":"196","t":"10:55:03","h":"Sud","s":"25S-H60S200F-81-F2"},{"r":"196","t":"11:24:03","h":"Sud","s":"25N-H60N000S-80-S"},{"r":"196","t":"11:24:03","h":"Sud","s":"25N-H60N000S-98-S"},{"r":"196","t":"11:24:03","h":"Sud","s":"25N-H60NV10S-98-S"},{"r":"196","t":"11:24:03","h":"Sud","s":"25N-H60NV20S-98-S"},{"r":"196","t":"11:24:03","h":"Sud","s":"25S-H60S000S-80-S"},{"r":"196","t":"11:25:03","h":"Sud","s":"25N-H60N100F-81-F1"},{"r":"196","t":"11:25:03","h":"Sud","s":"25N-H60N200F-81-F2"},{"r":"196","t":"11:25:03","h":"Sud","s":"25N-H60N300F-82-F3"},{"r":"196","t":"11:25:03","h":"Sud","s":"25N-H60N400F-81-F4"},{"r":"196","t":"11:25:03","h":"Sud","s":"25S-H60S100F-82-F1"},{"r":"196","t":"11:25:03","h":"Sud","s":"25S-H60S200F-81-F2"},{"r":"196","t":"11:52:03","h":"Sud","s":"25N-H60N000S-80-S"},{"r":"196","t":"11:52:03","h":"Sud","s":"25N-H60N000S-98-S"},{"r":"196","t":"11:52:03","h":"Sud","s":"25N-H60NV10S-98-S"},{"r":"196","t":"11:52:03","h":"Sud","s":"25N-H60NV20S-98-S"},{"r":"196","t":"11:52:03","h":"Sud","s":"25S-H60S000S-80-S"},{"r":"196","t":"11:55:03","h":"Sud","s":"25N-H60N100F-81-F1"},{"r":"196","t":"11:55:03","h":"Sud","s":"25N-H60N200F-81-F2"},{"r":"196","t":"11:55:03","h":"Sud","s":"25N-H60N300F-82-F3"},{"r":"196","t":"11:55:03","h":"Sud","s":"25N-H60N400F-81-F4"},{"r":"196","t":"11:55:03","h":"Sud","s":"25S-H60S100F-82-F1"},{"r":"196","t":"11:55:03","h":"Sud","s":"25S-H60S200F-81-F2"},{"r":"196","t":"12:20:03","h":"Sud","s":"25N-H60N000S-80-S"},{"r":"196","t":"12:20:03","h":"Sud","s":"25N-H60N000S-98-S"},{"r":"196","t":"12:20:03","h":"Sud","s":"25N-H60NV10S-98-S"},{"r":"196","t":"12:20:03","h":"Sud","s":"25N-H60NV20S-98-S"},{"r":"196","t":"12:20:03","h":"Sud","s":"25S-H60S000S-80-S"},{"r":"196","t":"12:25:03","h":"Sud","s":"25N-H60N100F-81-F1"},{"r":"196","t":"12:25:03","h":"Sud","s":"25N-H60N200F-81-F2"},{"r":"196","t":"12:25:03","h":"Sud","s":"25N-H60N300F-82-F3"},{"r":"196","t":"12:25:03","h":"Sud","s":"25N-H60N400F-81-F4"},{"r":"196","t":"12:25:03","h":"Sud","s":"25S-H60S100F-82-F1"},{"r":"196","t":"12:25:03","h":"Sud","s":"25S-H60S200F-81-F2"},{"r":"196","t":"12:48:03","h":"Sud","s":"25N-H60N000S-80-S"},{"r":"196","t":"12:48:03","h":"Sud","s":"25N-H60N000S-98-S"},{"r":"196","t":"12:48:03","h":"Sud","s":"25N-H60NV10S-98-S"},{"r":"196","t":"12:48:03","h":"Sud","s":"25N-H60NV20S-98-S"},{"r":"196","t":"12:48:03","h":"Sud","s":"25S-H60S000S-80-S"},{"r":"196","t":"12:55:03","h":"Sud","s":"25N-H60N100F-81-F1"},{"r":"196","t":"12:55:03","h":"Sud","s":"25N-H60N200F-81-F2"},{"r":"196","t":"12:55:03","h":"Sud","s":"25N-H60N300F-82-F3"},{"r":"196","t":"12:55:03","h":"Sud","s":"25N-H60N400F-81-F4"},{"r":"196","t":"12:55:03","h":"Sud","s":"25S-H60S100F-82-F1"},{"r":"196","t":"12:55:03","h":"Sud","s":"25S-H60S200F-81-F2"},{"r":"196","t":"13:14:03","h":"Sud","s":"25N-H60N000S-80-S"},{"r":"196","t":"13:14:03","h":"Sud","s":"25N-H60N000S-98-S"},{"r":"196","t":"13:14:03","h":"Sud","s":"25N-H60NV10S-98-S"},{"r":"196","t":"13:14:03","h":"Sud","s":"25N-H60NV20S-98-S"},{"r":"196","t":"13:14:03","h":"Sud","s":"25S-H60S000S-80-S"},{"r":"196","t":"13:25:03","h":"Sud","s":"25N-H60N100F-81-F1"},{"r":"196","t":"13:25:03","h":"Sud","s":"25N-H60N200F-81-F2"},{"r":"196","t":"13:25:03","h":"Sud","s":"25N-H60N300F-82-F3"},{"r":"196","t":"13:25:03","h":"Sud","s":"25N-H60N400F-81-F4"},{"r":"196","t":"13:25:03","h":"Sud","s":"25S-H60S100F-82-F1"},{"r":"196","t":"13:25:03","h":"Sud","s":"25S-H60S200F-81-F2"},{"r":"196","t":"13:34:03","h":"Sud","s":"25N-H60N000S-80-S"},{"r":"196","t":"13:34:03","h":"Sud","s":"25N-H60N000S-98-S"},{"r":"196","t":"13:34:03","h":"Sud","s":"25N-H60NV10S-98-S"},{"r":"196","t":"13:34:03","h":"Sud","s":"25N-H60NV20S-98-S"},{"r":"196","t":"13:34:03","h":"Sud","s":"25S-H60S000S-80-S"},{"r":"196","t":"13:54:03","h":"Sud","s":"25N-H60N000S-80-S"},{"r":"196","t":"13:54:03","h":"Sud","s":"25N-H60N000S-98-S"},{"r":"196","t":"13:54:03","h":"Sud","s":"25N-H60NV10S-98-S"},{"r":"196","t":"13:54:03","h":"Sud","s":"25N-H60NV20S-98-S"},{"r":"196","t":"13:54:03","h":"Sud","s":"25S-H60S000S-80-S"},{"r":"196","t":"13:55:03","h":"Sud","s":"25N-H60N100F-81-F1"},{"r":"196","t":"13:55:03","h":"Sud","s":"25N-H60N200F-81-F2"},{"r":"196","t":"13:55:03","h":"Sud","s":"25N-H60N300F-82-F3"},{"r":"196","t":"13:55:03","h":"Sud","s":"25N-H60N400F-81-F4"},{"r":"196","t":"13:55:03","h":"Sud","s":"25S-H60S100F-82-F1"},{"r":"196","t":"13:55:03","h":"Sud","s":"25S-H60S200F-81-F2"},{"r":"196","t":"14:14:39","h":"Sud","s":"25N-H60N000S-80-S"},{"r":"196","t":"14:14:39","h":"Sud","s":"25N-H60N000S-98-S"},{"r":"196","t":"14:14:39","h":"Sud","s":"25N-H60NV10S-98-S"},{"r":"196","t":"14:14:39","h":"Sud","s":"25N-H60NV20S-98-S"},{"r":"196","t":"14:14:39","h":"Sud","s":"25S-H60S000S-80-S"},{"r":"196","t":"14:25:39","h":"Sud","s":"25N-H60N100F-81-F1"},{"r":"196","t":"14:25:39","h":"Sud","s":"25N-H60N200F-81-F2"},{"r":"196","t":"14:25:39","h":"Sud","s":"25N-H60N300F-82-F3"},{"r":"196","t":"14:25:39","h":"Sud","s":"25N-H60N400F-81-F4"},{"r":"196","t":"14:25:39","h":"Sud","s":"25S-H60S100F-82-F1"},{"r":"196","t":"14:25:39","h":"Sud","s":"25S-H60S200F-81-F2"},{"r":"196","t":"14:34:39","h":"Sud","s":"25N-H60N000S-80-S"},{"r":"196","t":"14:34:39","h":"Sud","s":"25N-H60N000S-98-S"},{"r":"196","t":"14:34:39","h":"Sud","s":"25N-H60NV10S-98-S"},{"r":"196","t":"14:34:39","h":"Sud","s":"25N-H60NV20S-98-S"},{"r":"196","t":"14:34:39","h":"Sud","s":"25S-H60S000S-80-S"},{"r":"196","t":"14:54:39","h":"Sud","s":"25N-H60N000S-80-S"},{"r":"196","t":"14:54:39","h":"Sud","s":"25N-H60N000S-98-S"},{"r":"196","t":"14:54:39","h":"Sud","s":"25N-H60NV10S-98-S"},{"r":"196","t":"14:54:39","h":"Sud","s":"25N-H60NV20S-98-S"},{"r":"196","t":"14:54:39","h":"Sud","s":"25S-H60S000S-80-S"},{"r":"196","t":"14:55:39","h":"Sud","s":"25N-H60N100F-81-F1"},{"r":"196","t":"14:55:39","h":"Sud","s":"25N-H60N200F-81-F2"},{"r":"196","t":"14:55:39","h":"Sud","s":"25N-H60N300F-82-F3"},{"r":"196","t":"14:55:39","h":"Sud","s":"25N-H60N400F-81-F4"},{"r":"196","t":"14:55:39","h":"Sud","s":"25S-H60S100F-82-F1"},{"r":"196","t":"14:55:39","h":"Sud","s":"25S-H60S200F-81-F2"},{"r":"196","t":"15:14:39","h":"Sud","s":"25N-H60N000S-80-S"},{"r":"196","t":"15:14:39","h":"Sud","s":"25N-H60N000S-98-S"},{"r":"196","t":"15:14:39","h":"Sud","s":"25N-H60NV10S-98-S"},{"r":"196","t":"15:14:39","h":"Sud","s":"25N-H60NV20S-98-S"},{"r":"196","t":"15:14:39","h":"Sud","s":"25S-H60S000S-80-S"},{"r":"196","t":"15:25:39","h":"Sud","s":"25N-H60N100F-81-F1"},{"r":"196","t":"15:25:39","h":"Sud","s":"25N-H60N200F-81-F2"},{"r":"196","t":"15:25:39","h":"Sud","s":"25N-H60N300F-82-F3"},{"r":"196","t":"15:25:39","h":"Sud","s":"25N-H60N400F-81-F4"},{"r":"196","t":"15:25:39","h":"Sud","s":"25S-H60S100F-82-F1"},{"r":"196","t":"15:25:39","h":"Sud","s":"25S-H60S200F-81-F2"},{"r":"196","t":"15:34:39","h":"Sud","s":"25N-H60N000S-80-S"},{"r":"196","t":"15:34:39","h":"Sud","s":"25N-H60N000S-98-S"},{"r":"196","t":"15:34:39","h":"Sud","s":"25N-H60NV10S-98-S"},{"r":"196","t":"15:34:39","h":"Sud","s":"25N-H60NV20S-98-S"},{"r":"196","t":"15:34:39","h":"Sud","s":"25S-H60S000S-80-S"},{"r":"196","t":"15:55:39","h":"Sud","s":"25N-H60N000S-80-S"},{"r":"196","t":"15:55:39","h":"Sud","s":"25N-H60N000S-98-S"},{"r":"196","t":"15:55:39","h":"Sud","s":"25N-H60N100F-81-F1"},{"r":"196","t":"15:55:39","h":"Sud","s":"25N-H60N200F-81-F2"},{"r":"196","t":"15:55:39","h":"Sud","s":"25N-H60N300F-82-F3"},{"r":"196","t":"15:55:39","h":"Sud","s":"25N-H60N400F-81-F4"},{"r":"196","t":"15:55:39","h":"Sud","s":"25N-H60NV10S-98-S"},{"r":"196","t":"15:55:39","h":"Sud","s":"25N-H60NV20S-98-S"},{"r":"196","t":"15:55:39","h":"Sud","s":"25S-H60S000S-80-S"},{"r":"196","t":"15:55:39","h":"Sud","s":"25S-H60S100F-82-F1"},{"r":"196","t":"15:55:39","h":"Sud","s":"25S-H60S200F-81-F2"},{"r":"196","t":"16:26:03","h":"Sud","s":"25N-H60N000S-80-S"},{"r":"196","t":"16:26:03","h":"Sud","s":"25N-H60N000S-98-S"},{"r":"196","t":"16:26:03","h":"Sud","s":"25N-H60N100F-81-F1"},{"r":"196","t":"16:26:03","h":"Sud","s":"25N-H60N200F-81-F2"},{"r":"196","t":"16:26:03","h":"Sud","s":"25N-H60N300F-82-F3"},{"r":"196","t":"16:26:03","h":"Sud","s":"25N-H60N400F-81-F4"},{"r":"196","t":"16:26:03","h":"Sud","s":"25N-H60NV10S-98-S"},{"r":"196","t":"16:26:03","h":"Sud","s":"25N-H60NV20S-98-S"},{"r":"196","t":"16:26:03","h":"Sud","s":"25S-H60S000S-80-S"},{"r":"196","t":"16:26:03","h":"Sud","s":"25S-H60S100F-82-F1"},{"r":"196","t":"16:26:03","h":"Sud","s":"25S-H60S200F-81-F2"},{"r":"196","t":"16:57:03","h":"Sud","s":"25N-H60N000S-80-S"},{"r":"196","t":"16:57:03","h":"Sud","s":"25N-H60N000S-98-S"},{"r":"196","t":"16:57:03","h":"Sud","s":"25N-H60N100F-81-F1"},{"r":"196","t":"16:57:03","h":"Sud","s":"25N-H60N200F-81-F2"},{"r":"196","t":"16:57:03","h":"Sud","s":"25N-H60N300F-82-F3"},{"r":"196","t":"16:57:03","h":"Sud","s":"25N-H60N400F-81-F4"},{"r":"196","t":"16:57:03","h":"Sud","s":"25N-H60NV10S-98-S"},{"r":"196","t":"16:57:03","h":"Sud","s":"25N-H60NV20S-98-S"},{"r":"196","t":"16:57:03","h":"Sud","s":"25S-H60S000S-80-S"},{"r":"196","t":"16:57:03","h":"Sud","s":"25S-H60S100F-82-F1"},{"r":"196","t":"16:57:03","h":"Sud","s":"25S-H60S200F-81-F2"},{"r":"196","t":"17:28:03","h":"Sud","s":"25N-H60N000S-80-S"},{"r":"196","t":"17:28:03","h":"Sud","s":"25N-H60N000S-98-S"},{"r":"196","t":"17:28:03","h":"Sud","s":"25N-H60N100F-81-F1"},{"r":"196","t":"17:28:03","h":"Sud","s":"25N-H60N200F-81-F2"},{"r":"196","t":"17:28:03","h":"Sud","s":"25N-H60N300F-82-F3"},{"r":"196","t":"17:28:03","h":"Sud","s":"25N-H60N400F-81-F4"},{"r":"196","t":"17:28:03","h":"Sud","s":"25N-H60NV10S-98-S"},{"r":"196","t":"17:28:03","h":"Sud","s":"25N-H60NV20S-98-S"},{"r":"196","t":"17:28:03","h":"Sud","s":"25S-H60S000S-80-S"},{"r":"196","t":"17:28:03","h":"Sud","s":"25S-H60S100F-82-F1"},{"r":"196","t":"17:28:03","h":"Sud","s":"25S-H60S200F-81-F2"},{"r":"196","t":"17:57:03","h":"Sud","s":"25N-H60N000S-80-S"},{"r":"196","t":"17:57:03","h":"Sud","s":"25N-H60N000S-98-S"},{"r":"196","t":"17:57:03","h":"Sud","s":"25N-H60N100F-81-F1"},{"r":"196","t":"17:57:03","h":"Sud","s":"25N-H60N200F-81-F2"},{"r":"196","t":"17:57:03","h":"Sud","s":"25N-H60N300F-82-F3"},{"r":"196","t":"17:57:03","h":"Sud","s":"25N-H60N400F-81-F4"},{"r":"196","t":"17:57:03","h":"Sud","s":"25N-H60NV10S-98-S"},{"r":"196","t":"17:57:03","h":"Sud","s":"25N-H60NV20S-98-S"},{"r":"196","t":"17:57:03","h":"Sud","s":"25S-H60S000S-80-S"},{"r":"196","t":"17:57:03","h":"Sud","s":"25S-H60S100F-82-F1"},{"r":"196","t":"17:57:03","h":"Sud","s":"25S-H60S200F-81-F2"},{"r":"196","t":"18:25:03","h":"Sud","s":"25N-H60N100F-81-F1"},{"r":"196","t":"18:25:03","h":"Sud","s":"25N-H60N200F-81-F2"},{"r":"196","t":"18:25:03","h":"Sud","s":"25N-H60N300F-82-F3"},{"r":"196","t":"18:25:03","h":"Sud","s":"25N-H60N400F-81-F4"},{"r":"196","t":"18:25:03","h":"Sud","s":"25S-H60S100F-82-F1"},{"r":"196","t":"18:25:03","h":"Sud","s":"25S-H60S200F-81-F2"},{"r":"196","t":"18:26:03","h":"Sud","s":"25N-H60N000S-80-S"},{"r":"196","t":"18:26:03","h":"Sud","s":"25N-H60N000S-98-S"},{"r":"196","t":"18:26:03","h":"Sud","s":"25N-H60NV10S-98-S"},{"r":"196","t":"18:26:03","h":"Sud","s":"25N-H60NV20S-98-S"},{"r":"196","t":"18:26:03","h":"Sud","s":"25S-H60S000S-80-S"},{"r":"196","t":"18:53:03","h":"Sud","s":"25N-H60N000S-80-S"},{"r":"196","t":"18:53:03","h":"Sud","s":"25N-H60N000S-98-S"},{"r":"196","t":"18:53:03","h":"Sud","s":"25N-H60N100F-81-F1"},{"r":"196","t":"18:53:03","h":"Sud","s":"25N-H60N200F-81-F2"},{"r":"196","t":"18:53:03","h":"Sud","s":"25N-H60N300F-82-F3"},{"r":"196","t":"18:53:03","h":"Sud","s":"25N-H60N400F-81-F4"},{"r":"196","t":"18:53:03","h":"Sud","s":"25N-H60NV10S-98-S"},{"r":"196","t":"18:53:03","h":"Sud","s":"25N-H60NV20S-98-S"},{"r":"196","t":"18:53:03","h":"Sud","s":"25S-H60S000S-80-S"},{"r":"196","t":"18:53:03","h":"Sud","s":"25S-H60S100F-82-F1"},{"r":"196","t":"18:53:03","h":"Sud","s":"25S-H60S200F-81-F2"},{"r":"196","t":"19:13:03","h":"Sud","s":"25N-H60N000S-80-S"},{"r":"196","t":"19:13:03","h":"Sud","s":"25N-H60N000S-98-S"},{"r":"196","t":"19:13:03","h":"Sud","s":"25N-H60N100F-81-F1"},{"r":"196","t":"19:13:03","h":"Sud","s":"25N-H60N200F-81-F2"},{"r":"196","t":"19:13:03","h":"Sud","s":"25N-H60N300F-82-F3"},{"r":"196","t":"19:13:03","h":"Sud","s":"25N-H60N400F-81-F4"},{"r":"196","t":"19:13:03","h":"Sud","s":"25N-H60NV10S-98-S"},{"r":"196","t":"19:13:03","h":"Sud","s":"25N-H60NV20S-98-S"},{"r":"196","t":"19:13:03","h":"Sud","s":"25S-H60S000S-80-S"},{"r":"196","t":"19:13:03","h":"Sud","s":"25S-H60S100F-82-F1"},{"r":"196","t":"19:13:03","h":"Sud","s":"25S-H60S200F-81-F2"}]