[{"r":"164","t":"05:28:23","h":"Est","s":"25N-H60N000S-80-S"},{"r":"164","t":"05:28:23","h":"Est","s":"25N-H60N000S-98-S"},{"r":"164","t":"05:28:23","h":"Est","s":"25N-H60NV10S-98-S"},{"r":"164","t":"05:28:23","h":"Est","s":"25N-H60NV20S-98-S"},{"r":"164","t":"05:28:23","h":"Est","s":"25S-H60S000S-80-S"},{"r":"164","t":"05:35:09","h":"Est","s":"25N-H60N000I-80-I"},{"r":"164","t":"05:35:09","h":"Est","s":"25N-H60N100F-81-F1"},{"r":"164","t":"05:35:09","h":"Est","s":"25N-H60N200F-81-F2"},{"r":"164","t":"05:35:09","h":"Est","s":"25N-H60N300F-82-F3"},{"r":"164","t":"05:35:09","h":"Est","s":"25N-H60N400F-81-F4"},{"r":"164","t":"05:35:09","h":"Est","s":"25N-H60NV10I-80-I"},{"r":"164","t":"05:35:09","h":"Est","s":"25N-H60NV20I-80-I"},{"r":"164","t":"05:35:09","h":"Est","s":"25S-H60S000I-80-I"},{"r":"164","t":"05:35:09","h":"Est","s":"25S-H60S100F-82-F1"},{"r":"164","t":"05:35:09","h":"Est","s":"25S-H60S200F-81-F2"},{"r":"164","t":"05:38:09","h":"Est","s":"25N-H60N000A-80-A"},{"r":"164","t":"05:38:09","h":"Est","s":"25N-H60NV10A-80-A"},{"r":"164","t":"05:38:09","h":"Est","s":"25N-H60NV20A-80-A"},{"r":"164","t":"05:38:09","h":"Est","s":"25S-H60S000A-80-A"},{"r":"164","t":"05:57:23","h":"Est","s":"25N-H60N000S-80-S"},{"r":"164","t":"05:57:23","h":"Est","s":"25N-H60N000S-98-S"},{"r":"164","t":"05:57:23","h":"Est","s":"25N-H60NV10S-98-S"},{"r":"164","t":"05:57:23","h":"Est","s":"25N-H60NV20S-98-S"},{"r":"164","t":"05:57:23","h":"Est","s":"25S-H60S000S-80-S"},{"r":"164","t":"06:12:09","h":"Est","s":"25N-H60N000I-80-I"},{"r":"164","t":"06:12:09","h":"Est","s":"25N-H60N100F-81-F1"},{"r":"164","t":"06:12:09","h":"Est","s":"25N-H60N200F-81-F2"},{"r":"164","t":"06:12:09","h":"Est","s":"25N-H60N300F-82-F3"},{"r":"164","t":"06:12:09","h":"Est","s":"25N-H60N400F-81-F4"},{"r":"164","t":"06:12:09","h":"Est","s":"25N-H60NV10I-80-I"},{"r":"164","t":"06:12:09","h":"Est","s":"25N-H60NV20I-80-I"},{"r":"164","t":"06:12:09","h":"Est","s":"25S-H60S000I-80-I"},{"r":"164","t":"06:12:09","h":"Est","s":"25S-H60S100F-82-F1"},{"r":"164","t":"06:12:09","h":"Est","s":"25S-H60S200F-81-F2"},{"r":"177","t":"06:13:01","h":"Ouest","s":"25N-H60N000S-80-S"},{"r":"177","t":"06:13:01","h":"Ouest","s":"25N-H60N000S-98-S"},{"r":"177","t":"06:13:01","h":"Ouest","s":"25N-H60NV10S-98-S"},{"r":"177","t":"06:13:01","h":"Ouest","s":"25N-H60NV20S-98-S"},{"r":"177","t":"06:13:01","h":"Ouest","s":"25S-H60S000S-80-S"},{"r":"164","t":"06:15:09","h":"Est","s":"25N-H60N000A-80-A"},{"r":"164","t":"06:15:09","h":"Est","s":"25N-H60NV10A-80-A"},{"r":"164","t":"06:15:09","h":"Est","s":"25N-H60NV20A-80-A"},{"r":"164","t":"06:15:09","h":"Est","s":"25S-H60S000A-80-A"},{"r":"177","t":"06:18:18","h":"Ouest","s":"25N-H60N000I-80-I"},{"r":"177","t":"06:18:18","h":"Ouest","s":"25N-H60N100F-81-F1"},{"r":"177","t":"06:18:18","h":"Ouest","s":"25N-H60N200F-81-F2"},{"r":"177","t":"06:18:18","h":"Ouest","s":"25N-H60N300F-82-F3"},{"r":"177","t":"06:18:18","h":"Ouest","s":"25N-H60N400F-81-F4"},{"r":"177","t":"06:18:18","h":"Ouest","s":"25N-H60NV10I-80-I"},{"r":"177","t":"06:18:18","h":"Ouest","s":"25N-H60NV20I-80-I"},{"r":"177","t":"06:18:18","h":"Ouest","s":"25S-H60S000I-80-I"},{"r":"177","t":"06:18:18","h":"Ouest","s":"25S-H60S100F-82-F1"},{"r":"177","t":"06:18:18","h":"Ouest","s":"25S-H60S200F-81-F2"},{"r":"177","t":"06:23:01","h":"Ouest","s":"25N-H60N000A-80-A"},{"r":"177","t":"06:23:01","h":"Ouest","s":"25N-H60NV10A-80-A"},{"r":"177","t":"06:23:01","h":"Ouest","s":"25N-H60NV20A-80-A"},{"r":"177","t":"06:23:01","h":"Ouest","s":"25S-H60S000A-80-A"},{"r":"164","t":"06:23:23","h":"Est","s":"25N-H60N000S-80-S"},{"r":"164","t":"06:23:23","h":"Est","s":"25N-H60N000S-98-S"},{"r":"164","t":"06:23:23","h":"Est","s":"25N-H60NV10S-98-S"},{"r":"164","t":"06:23:23","h":"Est","s":"25N-H60NV20S-98-S"},{"r":"164","t":"06:23:23","h":"Est","s":"25S-H60S000S-80-S"},{"r":"164","t":"06:34:36","h":"Est","s":"25N-H60N000S-80-S"},{"r":"164","t":"06:34:36","h":"Est","s":"25N-H60N000S-98-S"},{"r":"164","t":"06:34:36","h":"Est","s":"25N-H60NV10S-98-S"},{"r":"164","t":"06:34:36","h":"Est","s":"25N-H60NV20S-98-S"},{"r":"164","t":"06:34:36","h":"Est","s":"25S-H60S000S-80-S"},{"r":"177","t":"06:42:01","h":"Ouest","s":"25N-H60N000S-80-S"},{"r":"177","t":"06:42:01","h":"Ouest","s":"25N-H60N000S-98-S"},{"r":"177","t":"06:42:01","h":"Ouest","s":"25N-H60NV10S-98-S"},{"r":"177","t":"06:42:01","h":"Ouest","s":"25N-H60NV20S-98-S"},{"r":"177","t":"06:42:01","h":"Ouest","s":"25S-H60S000S-80-S"},{"r":"164","t":"06:45:36","h":"Est","s":"25N-H60N000S-80-S"},{"r":"164","t":"06:45:36","h":"Est","s":"25N-H60N000S-98-S"},{"r":"164","t":"06:45:36","h":"Est","s":"25N-H60NV10S-98-S"},{"r":"164","t":"06:45:36","h":"Est","s":"25N-H60NV20S-98-S"},{"r":"164","t":"06:45:36","h":"Est","s":"25S-H60S000S-80-S"},{"r":"164","t":"06:49:09","h":"Est","s":"25N-H60N000I-80-I"},{"r":"164","t":"06:49:09","h":"Est","s":"25N-H60N100F-81-F1"},{"r":"164","t":"06:49:09","h":"Est","s":"25N-H60N200F-81-F2"},{"r":"164","t":"06:49:09","h":"Est","s":"25N-H60N300F-82-F3"},{"r":"164","t":"06:49:09","h":"Est","s":"25N-H60N400F-81-F4"},{"r":"164","t":"06:49:09","h":"Est","s":"25N-H60NV10I-80-I"},{"r":"164","t":"06:49:09","h":"Est","s":"25N-H60NV20I-80-I"},{"r":"164","t":"06:49:09","h":"Est","s":"25S-H60S000I-80-I"},{"r":"164","t":"06:49:09","h":"Est","s":"25S-H60S100F-82-F1"},{"r":"164","t":"06:49:09","h":"Est","s":"25S-H60S200F-81-F2"},{"r":"177","t":"06:50:10","h":"Ouest","s":"25N-H60N000I-80-I"},{"r":"177","t":"06:50:10","h":"Ouest","s":"25N-H60N100F-81-F1"},{"r":"177","t":"06:50:10","h":"Ouest","s":"25N-H60N200F-81-F2"},{"r":"177","t":"06:50:10","h":"Ouest","s":"25N-H60N300F-82-F3"},{"r":"177","t":"06:50:10","h":"Ouest","s":"25N-H60N400F-81-F4"},{"r":"177","t":"06:50:10","h":"Ouest","s":"25N-H60NV10I-80-I"},{"r":"177","t":"06:50:10","h":"Ouest","s":"25N-H60NV20I-80-I"},{"r":"177","t":"06:50:10","h":"Ouest","s":"25S-H60S000I-80-I"},{"r":"177","t":"06:50:10","h":"Ouest","s":"25S-H60S100F-82-F1"},{"r":"177","t":"06:50:10","h":"Ouest","s":"25S-H60S200F-81-F2"},{"r":"164","t":"06:51:09","h":"Est","s":"25N-H60N000A-80-A"},{"r":"164","t":"06:51:09","h":"Est","s":"25N-H60NV10A-80-A"},{"r":"164","t":"06:51:09","h":"Est","s":"25N-H60NV20A-80-A"},{"r":"164","t":"06:51:09","h":"Est","s":"25S-H60S000A-80-A"},{"r":"177","t":"06:54:01","h":"Ouest","s":"25N-H60N000A-80-A"},{"r":"177","t":"06:54:01","h":"Ouest","s":"25N-H60NV10A-80-A"},{"r":"177","t":"06:54:01","h":"Ouest","s":"25N-H60NV20A-80-A"},{"r":"177","t":"06:54:01","h":"Ouest","s":"25S-H60S000A-80-A"},{"r":"164","t":"06:56:36","h":"Est","s":"25N-H60N000S-80-S"},{"r":"164","t":"06:56:36","h":"Est","s":"25N-H60N000S-98-S"},{"r":"164","t":"06:56:36","h":"Est","s":"25N-H60NV10S-98-S"},{"r":"164","t":"06:56:36","h":"Est","s":"25N-H60NV20S-98-S"},{"r":"164","t":"06:56:36","h":"Est","s":"25S-H60S000S-80-S"},{"r":"164","t":"07:07:36","h":"Est","s":"25N-H60N000S-80-S"},{"r":"164","t":"07:07:36","h":"Est","s":"25N-H60N000S-98-S"},{"r":"164","t":"07:07:36","h":"Est","s":"25N-H60NV10S-98-S"},{"r":"164","t":"07:07:36","h":"Est","s":"25N-H60NV20S-98-S"},{"r":"164","t":"07:07:36","h":"Est","s":"25S-H60S000S-80-S"},{"r":"177","t":"07:13:53","h":"Ouest","s":"25N-H60N000S-80-S"},{"r":"177","t":"07:13:53","h":"Ouest","s":"25N-H60N000S-98-S"},{"r":"177","t":"07:13:53","h":"Ouest","s":"25N-H60NV10S-98-S"},{"r":"177","t":"07:13:53","h":"Ouest","s":"25N-H60NV20S-98-S"},{"r":"177","t":"07:13:53","h":"Ouest","s":"25S-H60S000S-80-S"},{"r":"164","t":"07:19:04","h":"Est","s":"25N-H60N000S-80-S"},{"r":"164","t":"07:19:04","h":"Est","s":"25N-H60N000S-98-S"},{"r":"164","t":"07:19:04","h":"Est","s":"25N-H60NV10S-98-S"},{"r":"164","t":"07:19:04","h":"Est","s":"25N-H60NV20S-98-S"},{"r":"164","t":"07:19:04","h":"Est","s":"25S-H60S000S-80-S"},{"r":"177","t":"07:20:10","h":"Ouest","s":"25N-H60N000I-80-I"},{"r":"177","t":"07:20:10","h":"Ouest","s":"25N-H60N100F-81-F1"},{"r":"177","t":"07:20:10","h":"Ouest","s":"25N-H60N200F-81-F2"},{"r":"177","t":"07:20:10","h":"Ouest","s":"25N-H60N300F-82-F3"},{"r":"177","t":"07:20:10","h":"Ouest","s":"25N-H60N400F-81-F4"},{"r":"177","t":"07:20:10","h":"Ouest","s":"25N-H60NV10I-80-I"},{"r":"177","t":"07:20:10","h":"Ouest","s":"25N-H60NV20I-80-I"},{"r":"177","t":"07:20:10","h":"Ouest","s":"25S-H60S000I-80-I"},{"r":"177","t":"07:20:10","h":"Ouest","s":"25S-H60S100F-82-F1"},{"r":"177","t":"07:20:10","h":"Ouest","s":"25S-H60S200F-81-F2"},{"r":"177","t":"07:23:10","h":"Ouest","s":"25N-H60N000A-80-A"},{"r":"177","t":"07:23:10","h":"Ouest","s":"25N-H60NV10A-80-A"},{"r":"177","t":"07:23:10","h":"Ouest","s":"25N-H60NV20A-80-A"},{"r":"177","t":"07:23:10","h":"Ouest","s":"25S-H60S000A-80-A"},{"r":"164","t":"07:26:09","h":"Est","s":"25N-H60N000I-80-I"},{"r":"164","t":"07:26:09","h":"Est","s":"25N-H60N100F-81-F1"},{"r":"164","t":"07:26:09","h":"Est","s":"25N-H60N200F-81-F2"},{"r":"164","t":"07:26:09","h":"Est","s":"25N-H60N300F-82-F3"},{"r":"164","t":"07:26:09","h":"Est","s":"25N-H60N400F-81-F4"},{"r":"164","t":"07:26:09","h":"Est","s":"25N-H60NV10I-80-I"},{"r":"164","t":"07:26:09","h":"Est","s":"25N-H60NV20I-80-I"},{"r":"164","t":"07:26:09","h":"Est","s":"25S-H60S000I-80-I"},{"r":"164","t":"07:26:09","h":"Est","s":"25S-H60S100F-82-F1"},{"r":"164","t":"07:26:09","h":"Est","s":"25S-H60S200F-81-F2"},{"r":"164","t":"07:27:09","h":"Est","s":"25N-H60N000A-80-A"},{"r":"164","t":"07:27:09","h":"Est","s":"25N-H60NV10A-80-A"},{"r":"164","t":"07:27:09","h":"Est","s":"25N-H60NV20A-80-A"},{"r":"164","t":"07:27:09","h":"Est","s":"25S-H60S000A-80-A"},{"r":"164","t":"07:30:04","h":"Est","s":"25N-H60N000S-80-S"},{"r":"164","t":"07:30:04","h":"Est","s":"25N-H60N000S-98-S"},{"r":"164","t":"07:30:04","h":"Est","s":"25N-H60NV10S-98-S"},{"r":"164","t":"07:30:04","h":"Est","s":"25N-H60NV20S-98-S"},{"r":"164","t":"07:30:04","h":"Est","s":"25S-H60S000S-80-S"},{"r":"164","t":"07:41:04","h":"Est","s":"25N-H60N000S-80-S"},{"r":"164","t":"07:41:04","h":"Est","s":"25N-H60N000S-98-S"},{"r":"164","t":"07:41:04","h":"Est","s":"25N-H60NV10S-98-S"},{"r":"164","t":"07:41:04","h":"Est","s":"25N-H60NV20S-98-S"},{"r":"164","t":"07:41:04","h":"Est","s":"25S-H60S000S-80-S"},{"r":"177","t":"07:44:53","h":"Ouest","s":"25N-H60N000S-80-S"},{"r":"177","t":"07:44:53","h":"Ouest","s":"25N-H60N000S-98-S"},{"r":"177","t":"07:44:53","h":"Ouest","s":"25N-H60NV10S-98-S"},{"r":"177","t":"07:44:53","h":"Ouest","s":"25N-H60NV20S-98-S"},{"r":"177","t":"07:44:53","h":"Ouest","s":"25S-H60S000S-80-S"},{"r":"177","t":"07:50:10","h":"Ouest","s":"25N-H60N000I-80-I"},{"r":"177","t":"07:50:10","h":"Ouest","s":"25N-H60N100F-81-F1"},{"r":"177","t":"07:50:10","h":"Ouest","s":"25N-H60N200F-81-F2"},{"r":"177","t":"07:50:10","h":"Ouest","s":"25N-H60N300F-82-F3"},{"r":"177","t":"07:50:10","h":"Ouest","s":"25N-H60N400F-81-F4"},{"r":"177","t":"07:50:10","h":"Ouest","s":"25N-H60NV10I-80-I"},{"r":"177","t":"07:50:10","h":"Ouest","s":"25N-H60NV20I-80-I"},{"r":"177","t":"07:50:10","h":"Ouest","s":"25S-H60S000I-80-I"},{"r":"177","t":"07:50:10","h":"Ouest","s":"25S-H60S100F-82-F1"},{"r":"177","t":"07:50:10","h":"Ouest","s":"25S-H60S200F-81-F2"},{"r":"164","t":"07:50:50","h":"Est","s":"25N-H60N000S-80-S"},{"r":"164","t":"07:50:50","h":"Est","s":"25N-H60N000S-98-S"},{"r":"164","t":"07:50:50","h":"Est","s":"25N-H60NV10S-98-S"},{"r":"164","t":"07:50:50","h":"Est","s":"25N-H60NV20S-98-S"},{"r":"164","t":"07:50:50","h":"Est","s":"25S-H60S000S-80-S"},{"r":"177","t":"07:53:10","h":"Ouest","s":"25N-H60N000A-80-A"},{"r":"177","t":"07:53:10","h":"Ouest","s":"25N-H60NV10A-80-A"},{"r":"177","t":"07:53:10","h":"Ouest","s":"25N-H60NV20A-80-A"},{"r":"177","t":"07:53:10","h":"Ouest","s":"25S-H60S000A-80-A"},{"r":"164","t":"07:58:09","h":"Est","s":"25N-H60N000A-80-A"},{"r":"164","t":"07:58:09","h":"Est","s":"25N-H60NV10A-80-A"},{"r":"164","t":"07:58:09","h":"Est","s":"25N-H60NV20A-80-A"},{"r":"164","t":"07:58:09","h":"Est","s":"25S-H60S000A-80-A"},{"r":"164","t":"08:00:50","h":"Est","s":"25N-H60N000S-80-S"},{"r":"164","t":"08:00:50","h":"Est","s":"25N-H60N000S-98-S"},{"r":"164","t":"08:00:50","h":"Est","s":"25N-H60NV10S-98-S"},{"r":"164","t":"08:00:50","h":"Est","s":"25N-H60NV20S-98-S"},{"r":"164","t":"08:00:50","h":"Est","s":"25S-H60S000S-80-S"},{"r":"164","t":"08:03:09","h":"Est","s":"25N-H60N000I-80-I"},{"r":"164","t":"08:03:09","h":"Est","s":"25N-H60N100F-81-F1"},{"r":"164","t":"08:03:09","h":"Est","s":"25N-H60N200F-81-F2"},{"r":"164","t":"08:03:09","h":"Est","s":"25N-H60N300F-82-F3"},{"r":"164","t":"08:03:09","h":"Est","s":"25N-H60N400F-81-F4"},{"r":"164","t":"08:03:09","h":"Est","s":"25N-H60NV10I-80-I"},{"r":"164","t":"08:03:09","h":"Est","s":"25N-H60NV20I-80-I"},{"r":"164","t":"08:03:09","h":"Est","s":"25S-H60S000I-80-I"},{"r":"164","t":"08:03:09","h":"Est","s":"25S-H60S100F-82-F1"},{"r":"164","t":"08:03:09","h":"Est","s":"25S-H60S200F-81-F2"},{"r":"164","t":"08:10:50","h":"Est","s":"25N-H60N000S-80-S"},{"r":"164","t":"08:10:50","h":"Est","s":"25N-H60N000S-98-S"},{"r":"164","t":"08:10:50","h":"Est","s":"25N-H60NV10S-98-S"},{"r":"164","t":"08:10:50","h":"Est","s":"25N-H60NV20S-98-S"},{"r":"164","t":"08:10:50","h":"Est","s":"25S-H60S000S-80-S"},{"r":"177","t":"08:15:53","h":"Ouest","s":"25N-H60N000S-80-S"},{"r":"177","t":"08:15:53","h":"Ouest","s":"25N-H60N000S-98-S"},{"r":"177","t":"08:15:53","h":"Ouest","s":"25N-H60NV10S-98-S"},{"r":"177","t":"08:15:53","h":"Ouest","s":"25N-H60NV20S-98-S"},{"r":"177","t":"08:15:53","h":"Ouest","s":"25S-H60S000S-80-S"},{"r":"177","t":"08:20:10","h":"Ouest","s":"25N-H60N000I-80-I"},{"r":"177","t":"08:20:10","h":"Ouest","s":"25N-H60N100F-81-F1"},{"r":"177","t":"08:20:10","h":"Ouest","s":"25N-H60N200F-81-F2"},{"r":"177","t":"08:20:10","h":"Ouest","s":"25N-H60N300F-82-F3"},{"r":"177","t":"08:20:10","h":"Ouest","s":"25N-H60N400F-81-F4"},{"r":"177","t":"08:20:10","h":"Ouest","s":"25N-H60NV10I-80-I"},{"r":"177","t":"08:20:10","h":"Ouest","s":"25N-H60NV20I-80-I"},{"r":"177","t":"08:20:10","h":"Ouest","s":"25S-H60S000I-80-I"},{"r":"177","t":"08:20:10","h":"Ouest","s":"25S-H60S100F-82-F1"},{"r":"177","t":"08:20:10","h":"Ouest","s":"25S-H60S200F-81-F2"},{"r":"164","t":"08:21:50","h":"Est","s":"25N-H50N000S-80-S"},{"r":"164","t":"08:21:50","h":"Est","s":"25N-H50N000S-90-S"},{"r":"164","t":"08:21:50","h":"Est","s":"25N-H50NV10S-90-S"},{"r":"164","t":"08:21:50","h":"Est","s":"25N-H50NV20S-90-S"},{"r":"164","t":"08:21:50","h":"Est","s":"25S-H50S000S-81-S"},{"r":"177","t":"08:23:10","h":"Ouest","s":"25N-H60N000A-80-A"},{"r":"177","t":"08:23:10","h":"Ouest","s":"25N-H60NV10A-80-A"},{"r":"177","t":"08:23:10","h":"Ouest","s":"25N-H60NV20A-80-A"},{"r":"177","t":"08:23:10","h":"Ouest","s":"25S-H60S000A-80-A"},{"r":"164","t":"08:29:09","h":"Est","s":"25N-H60N000A-80-A"},{"r":"164","t":"08:29:09","h":"Est","s":"25N-H60NV10A-80-A"},{"r":"164","t":"08:29:09","h":"Est","s":"25N-H60NV20A-80-A"},{"r":"164","t":"08:29:09","h":"Est","s":"25S-H60S000A-80-A"},{"r":"164","t":"08:40:36","h":"Est","s":"25N-H60N000S-80-S"},{"r":"164","t":"08:40:36","h":"Est","s":"25N-H60N000S-98-S"},{"r":"164","t":"08:40:36","h":"Est","s":"25N-H60NV10S-98-S"},{"r":"164","t":"08:40:36","h":"Est","s":"25N-H60NV20S-98-S"},{"r":"164","t":"08:40:36","h":"Est","s":"25S-H60S000S-80-S"},{"r":"164","t":"08:41:09","h":"Est","s":"25N-H60N000I-80-I"},{"r":"164","t":"08:41:09","h":"Est","s":"25N-H60N100F-81-F1"},{"r":"164","t":"08:41:09","h":"Est","s":"25N-H60N200F-81-F2"},{"r":"164","t":"08:41:09","h":"Est","s":"25N-H60N300F-82-F3"},{"r":"164","t":"08:41:09","h":"Est","s":"25N-H60N400F-81-F4"},{"r":"164","t":"08:41:09","h":"Est","s":"25N-H60NV10I-80-I"},{"r":"164","t":"08:41:09","h":"Est","s":"25N-H60NV20I-80-I"},{"r":"164","t":"08:41:09","h":"Est","s":"25S-H60S000I-80-I"},{"r":"164","t":"08:41:09","h":"Est","s":"25S-H60S100F-82-F1"},{"r":"164","t":"08:41:09","h":"Est","s":"25S-H60S200F-81-F2"},{"r":"177","t":"08:46:53","h":"Ouest","s":"25N-H60N000S-80-S"},{"r":"177","t":"08:46:53","h":"Ouest","s":"25N-H60N000S-98-S"},{"r":"177","t":"08:46:53","h":"Ouest","s":"25N-H60NV10S-98-S"},{"r":"177","t":"08:46:53","h":"Ouest","s":"25N-H60NV20S-98-S"},{"r":"177","t":"08:46:53","h":"Ouest","s":"25S-H60S000S-80-S"},{"r":"177","t":"08:50:10","h":"Ouest","s":"25N-H60N000I-80-I"},{"r":"177","t":"08:50:10","h":"Ouest","s":"25N-H60N100F-81-F1"},{"r":"177","t":"08:50:10","h":"Ouest","s":"25N-H60N200F-81-F2"},{"r":"177","t":"08:50:10","h":"Ouest","s":"25N-H60N300F-82-F3"},{"r":"177","t":"08:50:10","h":"Ouest","s":"25N-H60N400F-81-F4"},{"r":"177","t":"08:50:10","h":"Ouest","s":"25N-H60NV10I-80-I"},{"r":"177","t":"08:50:10","h":"Ouest","s":"25N-H60NV20I-80-I"},{"r":"177","t":"08:50:10","h":"Ouest","s":"25S-H60S000I-80-I"},{"r":"177","t":"08:50:10","h":"Ouest","s":"25S-H60S100F-82-F1"},{"r":"177","t":"08:50:10","h":"Ouest","s":"25S-H60S200F-81-F2"},{"r":"177","t":"08:53:10","h":"Ouest","s":"25N-H60N000A-80-A"},{"r":"177","t":"08:53:10","h":"Ouest","s":"25N-H60NV10A-80-A"},{"r":"177","t":"08:53:10","h":"Ouest","s":"25N-H60NV20A-80-A"},{"r":"177","t":"08:53:10","h":"Ouest","s":"25S-H60S000A-80-A"},{"r":"164","t":"08:59:09","h":"Est","s":"25N-H60N000A-80-A"},{"r":"164","t":"08:59:09","h":"Est","s":"25N-H60NV10A-80-A"},{"r":"164","t":"08:59:09","h":"Est","s":"25N-H60NV20A-80-A"},{"r":"164","t":"08:59:09","h":"Est","s":"25S-H60S000A-80-A"},{"r":"164","t":"09:02:36","h":"Est","s":"25N-H60N000S-80-S"},{"r":"164","t":"09:02:36","h":"Est","s":"25N-H60N000S-98-S"},{"r":"164","t":"09:02:36","h":"Est","s":"25N-H60NV10S-98-S"},{"r":"164","t":"09:02:36","h":"Est","s":"25N-H60NV20S-98-S"},{"r":"164","t":"09:02:36","h":"Est","s":"25S-H60S000S-80-S"},{"r":"177","t":"09:16:01","h":"Ouest","s":"25N-H60N000S-80-S"},{"r":"177","t":"09:16:01","h":"Ouest","s":"25N-H60N000S-98-S"},{"r":"177","t":"09:16:01","h":"Ouest","s":"25N-H60NV10S-98-S"},{"r":"177","t":"09:16:01","h":"Ouest","s":"25N-H60NV20S-98-S"},{"r":"177","t":"09:16:01","h":"Ouest","s":"25S-H60S000S-80-S"},{"r":"164","t":"09:20:09","h":"Est","s":"25N-H60N000I-80-I"},{"r":"164","t":"09:20:09","h":"Est","s":"25N-H60N100F-81-F1"},{"r":"164","t":"09:20:09","h":"Est","s":"25N-H60N200F-81-F2"},{"r":"164","t":"09:20:09","h":"Est","s":"25N-H60N300F-82-F3"},{"r":"164","t":"09:20:09","h":"Est","s":"25N-H60N400F-81-F4"},{"r":"164","t":"09:20:09","h":"Est","s":"25N-H60NV10I-80-I"},{"r":"164","t":"09:20:09","h":"Est","s":"25N-H60NV20I-80-I"},{"r":"164","t":"09:20:09","h":"Est","s":"25S-H60S000I-80-I"},{"r":"164","t":"09:20:09","h":"Est","s":"25S-H60S100F-82-F1"},{"r":"164","t":"09:20:09","h":"Est","s":"25S-H60S200F-81-F2"},{"r":"177","t":"09:20:10","h":"Ouest","s":"25N-H60N000I-80-I"},{"r":"177","t":"09:20:10","h":"Ouest","s":"25N-H60N100F-81-F1"},{"r":"177","t":"09:20:10","h":"Ouest","s":"25N-H60N200F-81-F2"},{"r":"177","t":"09:20:10","h":"Ouest","s":"25N-H60N300F-82-F3"},{"r":"177","t":"09:20:10","h":"Ouest","s":"25N-H60N400F-81-F4"},{"r":"177","t":"09:20:10","h":"Ouest","s":"25N-H60NV10I-80-I"},{"r":"177","t":"09:20:10","h":"Ouest","s":"25N-H60NV20I-80-I"},{"r":"177","t":"09:20:10","h":"Ouest","s":"25S-H60S000I-80-I"},{"r":"177","t":"09:20:10","h":"Ouest","s":"25S-H60S100F-82-F1"},{"r":"177","t":"09:20:10","h":"Ouest","s":"25S-H60S200F-81-F2"},{"r":"177","t":"09:23:10","h":"Ouest","s":"25N-H60N000A-80-A"},{"r":"177","t":"09:23:10","h":"Ouest","s":"25N-H60NV10A-80-A"},{"r":"177","t":"09:23:10","h":"Ouest","s":"25N-H60NV20A-80-A"},{"r":"177","t":"09:23:10","h":"Ouest","s":"25S-H60S000A-80-A"},{"r":"164","t":"09:28:36","h":"Est","s":"25N-H58N000S-80-S"},{"r":"164","t":"09:28:36","h":"Est","s":"25N-H58NV10S-80-S"},{"r":"164","t":"09:28:36","h":"Est","s":"25N-H58NV20S-80-S"},{"r":"164","t":"09:28:36","h":"Est","s":"25S-H58S000S-80-S"},{"r":"164","t":"09:29:09","h":"Est","s":"25N-H60N000A-80-A"},{"r":"164","t":"09:29:09","h":"Est","s":"25N-H60NV10A-80-A"},{"r":"164","t":"09:29:09","h":"Est","s":"25N-H60NV20A-80-A"},{"r":"164","t":"09:29:09","h":"Est","s":"25S-H60S000A-80-A"},{"r":"177","t":"09:45:01","h":"Ouest","s":"25N-H60N000S-80-S"},{"r":"177","t":"09:45:01","h":"Ouest","s":"25N-H60N000S-98-S"},{"r":"177","t":"09:45:01","h":"Ouest","s":"25N-H60NV10S-98-S"},{"r":"177","t":"09:45:01","h":"Ouest","s":"25N-H60NV20S-98-S"},{"r":"177","t":"09:45:01","h":"Ouest","s":"25S-H60S000S-80-S"},{"r":"177","t":"09:50:10","h":"Ouest","s":"25N-H60N000I-80-I"},{"r":"177","t":"09:50:10","h":"Ouest","s":"25N-H60N100F-81-F1"},{"r":"177","t":"09:50:10","h":"Ouest","s":"25N-H60N200F-81-F2"},{"r":"177","t":"09:50:10","h":"Ouest","s":"25N-H60N300F-82-F3"},{"r":"177","t":"09:50:10","h":"Ouest","s":"25N-H60N400F-81-F4"},{"r":"177","t":"09:50:10","h":"Ouest","s":"25N-H60NV10I-80-I"},{"r":"177","t":"09:50:10","h":"Ouest","s":"25N-H60NV20I-80-I"},{"r":"177","t":"09:50:10","h":"Ouest","s":"25S-H60S000I-80-I"},{"r":"177","t":"09:50:10","h":"Ouest","s":"25S-H60S100F-82-F1"},{"r":"177","t":"09:50:10","h":"Ouest","s":"25S-H60S200F-81-F2"},{"r":"177","t":"09:53:10","h":"Ouest","s":"25N-H60N000A-80-A"},{"r":"177","t":"09:53:10","h":"Ouest","s":"25N-H60NV10A-80-A"},{"r":"177","t":"09:53:10","h":"Ouest","s":"25N-H60NV20A-80-A"},{"r":"177","t":"09:53:10","h":"Ouest","s":"25S-H60S000A-80-A"},{"r":"164","t":"09:54:36","h":"Est","s":"25N-H60N000S-80-S"},{"r":"164","t":"09:54:36","h":"Est","s":"25N-H60N000S-98-S"},{"r":"164","t":"09:54:36","h":"Est","s":"25N-H60NV10S-98-S"},{"r":"164","t":"09:54:36","h":"Est","s":"25N-H60NV20S-98-S"},{"r":"164","t":"09:54:36","h":"Est","s":"25S-H60S000S-80-S"},{"r":"164","t":"09:58:09","h":"Est","s":"25N-H60N000I-80-I"},{"r":"164","t":"09:58:09","h":"Est","s":"25N-H60N100F-81-F1"},{"r":"164","t":"09:58:09","h":"Est","s":"25N-H60N200F-81-F2"},{"r":"164","t":"09:58:09","h":"Est","s":"25N-H60N300F-82-F3"},{"r":"164","t":"09:58:09","h":"Est","s":"25N-H60N400F-81-F4"},{"r":"164","t":"09:58:09","h":"Est","s":"25N-H60NV10I-80-I"},{"r":"164","t":"09:58:09","h":"Est","s":"25N-H60NV20I-80-I"},{"r":"164","t":"09:58:09","h":"Est","s":"25S-H60S000I-80-I"},{"r":"164","t":"09:58:09","h":"Est","s":"25S-H60S100F-82-F1"},{"r":"164","t":"09:58:09","h":"Est","s":"25S-H60S200F-81-F2"},{"r":"164","t":"09:59:09","h":"Est","s":"25N-H60N000A-80-A"},{"r":"164","t":"09:59:09","h":"Est","s":"25N-H60NV10A-80-A"},{"r":"164","t":"09:59:09","h":"Est","s":"25N-H60NV20A-80-A"},{"r":"164","t":"09:59:09","h":"Est","s":"25S-H60S000A-80-A"},{"r":"177","t":"10:14:01","h":"Ouest","s":"25N-H60N000S-80-S"},{"r":"177","t":"10:14:01","h":"Ouest","s":"25N-H60N000S-98-S"},{"r":"177","t":"10:14:01","h":"Ouest","s":"25N-H60NV10S-98-S"},{"r":"177","t":"10:14:01","h":"Ouest","s":"25N-H60NV20S-98-S"},{"r":"177","t":"10:14:01","h":"Ouest","s":"25S-H60S000S-80-S"},{"r":"177","t":"10:21:10","h":"Ouest","s":"25N-H60N000I-80-I"},{"r":"177","t":"10:21:10","h":"Ouest","s":"25N-H60N100F-81-F1"},{"r":"177","t":"10:21:10","h":"Ouest","s":"25N-H60N200F-81-F2"},{"r":"177","t":"10:21:10","h":"Ouest","s":"25N-H60N300F-82-F3"},{"r":"177","t":"10:21:10","h":"Ouest","s":"25N-H60N400F-81-F4"},{"r":"177","t":"10:21:10","h":"Ouest","s":"25N-H60NV10I-80-I"},{"r":"177","t":"10:21:10","h":"Ouest","s":"25N-H60NV20I-80-I"},{"r":"177","t":"10:21:10","h":"Ouest","s":"25S-H60S000I-80-I"},{"r":"177","t":"10:21:10","h":"Ouest","s":"25S-H60S100F-82-F1"},{"r":"177","t":"10:21:10","h":"Ouest","s":"25S-H60S200F-81-F2"},{"r":"164","t":"10:22:36","h":"Est","s":"25N-H60N000S-80-S"},{"r":"164","t":"10:22:36","h":"Est","s":"25N-H60N000S-98-S"},{"r":"164","t":"10:22:36","h":"Est","s":"25N-H60NV10S-98-S"},{"r":"164","t":"10:22:36","h":"Est","s":"25N-H60NV20S-98-S"},{"r":"164","t":"10:22:36","h":"Est","s":"25S-H60S000S-80-S"},{"r":"177","t":"10:23:10","h":"Ouest","s":"25N-H60N000A-80-A"},{"r":"177","t":"10:23:10","h":"Ouest","s":"25N-H60NV10A-80-A"},{"r":"177","t":"10:23:10","h":"Ouest","s":"25N-H60NV20A-80-A"},{"r":"177","t":"10:23:10","h":"Ouest","s":"25S-H60S000A-80-A"},{"r":"164","t":"10:29:09","h":"Est","s":"25N-H60N000A-80-A"},{"r":"164","t":"10:29:09","h":"Est","s":"25N-H60N000I-80-I"},{"r":"164","t":"10:29:09","h":"Est","s":"25N-H60N100F-81-F1"},{"r":"164","t":"10:29:09","h":"Est","s":"25N-H60N200F-81-F2"},{"r":"164","t":"10:29:09","h":"Est","s":"25N-H60N300F-82-F3"},{"r":"164","t":"10:29:09","h":"Est","s":"25N-H60N400F-81-F4"},{"r":"164","t":"10:29:09","h":"Est","s":"25N-H60NV10A-80-A"},{"r":"164","t":"10:29:09","h":"Est","s":"25N-H60NV10I-80-I"},{"r":"164","t":"10:29:09","h":"Est","s":"25N-H60NV20A-80-A"},{"r":"164","t":"10:29:09","h":"Est","s":"25N-H60NV20I-80-I"},{"r":"164","t":"10:29:09","h":"Est","s":"25S-H60S000A-80-A"},{"r":"164","t":"10:29:09","h":"Est","s":"25S-H60S000I-80-I"},{"r":"164","t":"10:29:09","h":"Est","s":"25S-H60S100F-82-F1"},{"r":"164","t":"10:29:09","h":"Est","s":"25S-H60S200F-81-F2"},{"r":"177","t":"10:44:01","h":"Ouest","s":"25N-H60N000S-80-S"},{"r":"177","t":"10:44:01","h":"Ouest","s":"25N-H60N000S-98-S"},{"r":"177","t":"10:44:01","h":"Ouest","s":"25N-H60NV10S-98-S"},{"r":"177","t":"10:44:01","h":"Ouest","s":"25N-H60NV20S-98-S"},{"r":"177","t":"10:44:01","h":"Ouest","s":"25S-H60S000S-80-S"},{"r":"164","t":"10:50:36","h":"Est","s":"25N-H60N000S-80-S"},{"r":"164","t":"10:50:36","h":"Est","s":"25N-H60N000S-98-S"},{"r":"164","t":"10:50:36","h":"Est","s":"25N-H60NV10S-98-S"},{"r":"164","t":"10:50:36","h":"Est","s":"25N-H60NV20S-98-S"},{"r":"164","t":"10:50:36","h":"Est","s":"25S-H60S000S-80-S"},{"r":"177","t":"10:52:10","h":"Ouest","s":"25N-H60N000I-80-I"},{"r":"177","t":"10:52:10","h":"Ouest","s":"25N-H60N100F-81-F1"},{"r":"177","t":"10:52:10","h":"Ouest","s":"25N-H60N200F-81-F2"},{"r":"177","t":"10:52:10","h":"Ouest","s":"25N-H60N300F-82-F3"},{"r":"177","t":"10:52:10","h":"Ouest","s":"25N-H60N400F-81-F4"},{"r":"177","t":"10:52:10","h":"Ouest","s":"25N-H60NV10I-80-I"},{"r":"177","t":"10:52:10","h":"Ouest","s":"25N-H60NV20I-80-I"},{"r":"177","t":"10:52:10","h":"Ouest","s":"25S-H60S000I-80-I"},{"r":"177","t":"10:52:10","h":"Ouest","s":"25S-H60S100F-82-F1"},{"r":"177","t":"10:52:10","h":"Ouest","s":"25S-H60S200F-81-F2"},{"r":"177","t":"10:53:10","h":"Ouest","s":"25N-H60N000A-80-A"},{"r":"177","t":"10:53:10","h":"Ouest","s":"25N-H60NV10A-80-A"},{"r":"177","t":"10:53:10","h":"Ouest","s":"25N-H60NV20A-80-A"},{"r":"177","t":"10:53:10","h":"Ouest","s":"25S-H60S000A-80-A"},{"r":"164","t":"10:58:09","h":"Est","s":"25N-H60N000A-80-A"},{"r":"164","t":"10:58:09","h":"Est","s":"25N-H60NV10A-80-A"},{"r":"164","t":"10:58:09","h":"Est","s":"25N-H60NV20A-80-A"},{"r":"164","t":"10:58:09","h":"Est","s":"25S-H60S000A-80-A"},{"r":"164","t":"10:59:09","h":"Est","s":"25N-H60N000I-80-I"},{"r":"164","t":"10:59:09","h":"Est","s":"25N-H60N100F-81-F1"},{"r":"164","t":"10:59:09","h":"Est","s":"25N-H60N200F-81-F2"},{"r":"164","t":"10:59:09","h":"Est","s":"25N-H60N300F-82-F3"},{"r":"164","t":"10:59:09","h":"Est","s":"25N-H60N400F-81-F4"},{"r":"164","t":"10:59:09","h":"Est","s":"25N-H60NV10I-80-I"},{"r":"164","t":"10:59:09","h":"Est","s":"25N-H60NV20I-80-I"},{"r":"164","t":"10:59:09","h":"Est","s":"25S-H60S000I-80-I"},{"r":"164","t":"10:59:09","h":"Est","s":"25S-H60S100F-82-F1"},{"r":"164","t":"10:59:09","h":"Est","s":"25S-H60S200F-81-F2"},{"r":"177","t":"11:13:01","h":"Ouest","s":"25N-H60N000S-80-S"},{"r":"177","t":"11:13:01","h":"Ouest","s":"25N-H60N000S-98-S"},{"r":"177","t":"11:13:01","h":"Ouest","s":"25N-H60NV10S-98-S"},{"r":"177","t":"11:13:01","h":"Ouest","s":"25N-H60NV20S-98-S"},{"r":"177","t":"11:13:01","h":"Ouest","s":"25S-H60S000S-80-S"},{"r":"164","t":"11:18:36","h":"Est","s":"25N-H60N000S-80-S"},{"r":"164","t":"11:18:36","h":"Est","s":"25N-H60N000S-98-S"},{"r":"164","t":"11:18:36","h":"Est","s":"25N-H60NV10S-98-S"},{"r":"164","t":"11:18:36","h":"Est","s":"25N-H60NV20S-98-S"},{"r":"164","t":"11:18:36","h":"Est","s":"25S-H60S000S-80-S"},{"r":"177","t":"11:23:10","h":"Ouest","s":"25N-H60N000A-80-A"},{"r":"177","t":"11:23:10","h":"Ouest","s":"25N-H60N000I-80-I"},{"r":"177","t":"11:23:10","h":"Ouest","s":"25N-H60N100F-81-F1"},{"r":"177","t":"11:23:10","h":"Ouest","s":"25N-H60N200F-81-F2"},{"r":"177","t":"11:23:10","h":"Ouest","s":"25N-H60N300F-82-F3"},{"r":"177","t":"11:23:10","h":"Ouest","s":"25N-H60N400F-81-F4"},{"r":"177","t":"11:23:10","h":"Ouest","s":"25N-H60NV10A-80-A"},{"r":"177","t":"11:23:10","h":"Ouest","s":"25N-H60NV10I-80-I"},{"r":"177","t":"11:23:10","h":"Ouest","s":"25N-H60NV20A-80-A"},{"r":"177","t":"11:23:10","h":"Ouest","s":"25N-H60NV20I-80-I"},{"r":"177","t":"11:23:10","h":"Ouest","s":"25S-H60S000A-80-A"},{"r":"177","t":"11:23:10","h":"Ouest","s":"25S-H60S000I-80-I"},{"r":"177","t":"11:23:10","h":"Ouest","s":"25S-H60S100F-82-F1"},{"r":"177","t":"11:23:10","h":"Ouest","s":"25S-H60S200F-81-F2"},{"r":"164","t":"11:27:09","h":"Est","s":"25N-H60N000A-80-A"},{"r":"164","t":"11:27:09","h":"Est","s":"25N-H60NV10A-80-A"},{"r":"164","t":"11:27:09","h":"Est","s":"25N-H60NV20A-80-A"},{"r":"164","t":"11:27:09","h":"Est","s":"25S-H60S000A-80-A"},{"r":"164","t":"11:28:09","h":"Est","s":"25N-H60N000I-80-I"},{"r":"164","t":"11:28:09","h":"Est","s":"25N-H60N100F-81-F1"},{"r":"164","t":"11:28:09","h":"Est","s":"25N-H60N200F-81-F2"},{"r":"164","t":"11:28:09","h":"Est","s":"25N-H60N300F-82-F3"},{"r":"164","t":"11:28:09","h":"Est","s":"25N-H60N400F-81-F4"},{"r":"164","t":"11:28:09","h":"Est","s":"25N-H60NV10I-80-I"},{"r":"164","t":"11:28:09","h":"Est","s":"25N-H60NV20I-80-I"},{"r":"164","t":"11:28:09","h":"Est","s":"25S-H60S000I-80-I"},{"r":"164","t":"11:28:09","h":"Est","s":"25S-H60S100F-82-F1"},{"r":"164","t":"11:28:09","h":"Est","s":"25S-H60S200F-81-F2"},{"r":"164","t":"11:38:36","h":"Est","s":"25N-H60N000S-80-S"},{"r":"164","t":"11:38:36","h":"Est","s":"25N-H60N000S-98-S"},{"r":"164","t":"11:38:36","h":"Est","s":"25N-H60NV10S-98-S"},{"r":"164","t":"11:38:36","h":"Est","s":"25N-H60NV20S-98-S"},{"r":"164","t":"11:38:36","h":"Est","s":"25S-H60S000S-80-S"},{"r":"177","t":"11:43:01","h":"Ouest","s":"25N-H60N000S-80-S"},{"r":"177","t":"11:43:01","h":"Ouest","s":"25N-H60N000S-98-S"},{"r":"177","t":"11:43:01","h":"Ouest","s":"25N-H60NV10S-98-S"},{"r":"177","t":"11:43:01","h":"Ouest","s":"25N-H60NV20S-98-S"},{"r":"177","t":"11:43:01","h":"Ouest","s":"25S-H60S000S-80-S"},{"r":"177","t":"11:53:10","h":"Ouest","s":"25N-H60N000A-80-A"},{"r":"177","t":"11:53:10","h":"Ouest","s":"25N-H60NV10A-80-A"},{"r":"177","t":"11:53:10","h":"Ouest","s":"25N-H60NV20A-80-A"},{"r":"177","t":"11:53:10","h":"Ouest","s":"25S-H60S000A-80-A"},{"r":"177","t":"11:54:10","h":"Ouest","s":"25N-H60N000I-80-I"},{"r":"177","t":"11:54:10","h":"Ouest","s":"25N-H60N100F-81-F1"},{"r":"177","t":"11:54:10","h":"Ouest","s":"25N-H60N200F-81-F2"},{"r":"177","t":"11:54:10","h":"Ouest","s":"25N-H60N300F-82-F3"},{"r":"177","t":"11:54:10","h":"Ouest","s":"25N-H60N400F-81-F4"},{"r":"177","t":"11:54:10","h":"Ouest","s":"25N-H60NV10I-80-I"},{"r":"177","t":"11:54:10","h":"Ouest","s":"25N-H60NV20I-80-I"},{"r":"177","t":"11:54:10","h":"Ouest","s":"25S-H60S000I-80-I"},{"r":"177","t":"11:54:10","h":"Ouest","s":"25S-H60S100F-82-F1"},{"r":"177","t":"11:54:10","h":"Ouest","s":"25S-H60S200F-81-F2"},{"r":"164","t":"11:56:09","h":"Est","s":"25N-H60N000A-80-A"},{"r":"164","t":"11:56:09","h":"Est","s":"25N-H60NV10A-80-A"},{"r":"164","t":"11:56:09","h":"Est","s":"25N-H60NV20A-80-A"},{"r":"164","t":"11:56:09","h":"Est","s":"25S-H60S000A-80-A"},{"r":"164","t":"11:57:09","h":"Est","s":"25N-H60N000I-80-I"},{"r":"164","t":"11:57:09","h":"Est","s":"25N-H60N100F-81-F1"},{"r":"164","t":"11:57:09","h":"Est","s":"25N-H60N200F-81-F2"},{"r":"164","t":"11:57:09","h":"Est","s":"25N-H60N300F-82-F3"},{"r":"164","t":"11:57:09","h":"Est","s":"25N-H60N400F-81-F4"},{"r":"164","t":"11:57:09","h":"Est","s":"25N-H60NV10I-80-I"},{"r":"164","t":"11:57:09","h":"Est","s":"25N-H60NV20I-80-I"},{"r":"164","t":"11:57:09","h":"Est","s":"25S-H60S000I-80-I"},{"r":"164","t":"11:57:09","h":"Est","s":"25S-H60S100F-82-F1"},{"r":"164","t":"11:57:09","h":"Est","s":"25S-H60S200F-81-F2"},{"r":"164","t":"11:58:36","h":"Est","s":"25N-H60N000S-80-S"},{"r":"164","t":"11:58:36","h":"Est","s":"25N-H60N000S-98-S"},{"r":"164","t":"11:58:36","h":"Est","s":"25N-H60NV10S-98-S"},{"r":"164","t":"11:58:36","h":"Est","s":"25N-H60NV20S-98-S"},{"r":"164","t":"11:58:36","h":"Est","s":"25S-H60S000S-80-S"},{"r":"177","t":"12:13:01","h":"Ouest","s":"25N-H60N000S-80-S"},{"r":"177","t":"12:13:01","h":"Ouest","s":"25N-H60N000S-98-S"},{"r":"177","t":"12:13:01","h":"Ouest","s":"25N-H60NV10S-98-S"},{"r":"177","t":"12:13:01","h":"Ouest","s":"25N-H60NV20S-98-S"},{"r":"177","t":"12:13:01","h":"Ouest","s":"25S-H60S000S-80-S"},{"r":"177","t":"12:23:10","h":"Ouest","s":"25N-H60N000A-80-A"},{"r":"177","t":"12:23:10","h":"Ouest","s":"25N-H60NV10A-80-A"},{"r":"177","t":"12:23:10","h":"Ouest","s":"25N-H60NV20A-80-A"},{"r":"177","t":"12:23:10","h":"Ouest","s":"25S-H60S000A-80-A"},{"r":"164","t":"12:25:09","h":"Est","s":"25N-H60N000A-80-A"},{"r":"164","t":"12:25:09","h":"Est","s":"25N-H60NV10A-80-A"},{"r":"164","t":"12:25:09","h":"Est","s":"25N-H60NV20A-80-A"},{"r":"164","t":"12:25:09","h":"Est","s":"25S-H60S000A-80-A"},{"r":"177","t":"12:25:10","h":"Ouest","s":"25N-H60N000I-80-I"},{"r":"177","t":"12:25:10","h":"Ouest","s":"25N-H60N100F-81-F1"},{"r":"177","t":"12:25:10","h":"Ouest","s":"25N-H60N200F-81-F2"},{"r":"177","t":"12:25:10","h":"Ouest","s":"25N-H60N300F-82-F3"},{"r":"177","t":"12:25:10","h":"Ouest","s":"25N-H60N400F-81-F4"},{"r":"177","t":"12:25:10","h":"Ouest","s":"25N-H60NV10I-80-I"},{"r":"177","t":"12:25:10","h":"Ouest","s":"25N-H60NV20I-80-I"},{"r":"177","t":"12:25:10","h":"Ouest","s":"25S-H60S000I-80-I"},{"r":"177","t":"12:25:10","h":"Ouest","s":"25S-H60S100F-82-F1"},{"r":"177","t":"12:25:10","h":"Ouest","s":"25S-H60S200F-81-F2"},{"r":"164","t":"12:25:36","h":"Est","s":"25N-H60N000S-80-S"},{"r":"164","t":"12:25:36","h":"Est","s":"25N-H60N000S-98-S"},{"r":"164","t":"12:25:36","h":"Est","s":"25N-H60NV10S-98-S"},{"r":"164","t":"12:25:36","h":"Est","s":"25N-H60NV20S-98-S"},{"r":"164","t":"12:25:36","h":"Est","s":"25S-H60S000S-80-S"},{"r":"164","t":"12:26:09","h":"Est","s":"25N-H60N000I-80-I"},{"r":"164","t":"12:26:09","h":"Est","s":"25N-H60N100F-81-F1"},{"r":"164","t":"12:26:09","h":"Est","s":"25N-H60N200F-81-F2"},{"r":"164","t":"12:26:09","h":"Est","s":"25N-H60N300F-82-F3"},{"r":"164","t":"12:26:09","h":"Est","s":"25N-H60N400F-81-F4"},{"r":"164","t":"12:26:09","h":"Est","s":"25N-H60NV10I-80-I"},{"r":"164","t":"12:26:09","h":"Est","s":"25N-H60NV20I-80-I"},{"r":"164","t":"12:26:09","h":"Est","s":"25S-H60S000I-80-I"},{"r":"164","t":"12:26:09","h":"Est","s":"25S-H60S100F-82-F1"},{"r":"164","t":"12:26:09","h":"Est","s":"25S-H60S200F-81-F2"},{"r":"177","t":"12:44:01","h":"Ouest","s":"25N-H60N000S-80-S"},{"r":"177","t":"12:44:01","h":"Ouest","s":"25N-H60N000S-98-S"},{"r":"177","t":"12:44:01","h":"Ouest","s":"25N-H60NV10S-98-S"},{"r":"177","t":"12:44:01","h":"Ouest","s":"25N-H60NV20S-98-S"},{"r":"177","t":"12:44:01","h":"Ouest","s":"25S-H60S000S-80-S"},{"r":"164","t":"12:51:36","h":"Est","s":"25N-H60N000S-80-S"},{"r":"164","t":"12:51:36","h":"Est","s":"25N-H60N000S-98-S"},{"r":"164","t":"12:51:36","h":"Est","s":"25N-H60NV10S-98-S"},{"r":"164","t":"12:51:36","h":"Est","s":"25N-H60NV20S-98-S"},{"r":"164","t":"12:51:36","h":"Est","s":"25S-H60S000S-80-S"},{"r":"177","t":"12:53:10","h":"Ouest","s":"25N-H60N000A-80-A"},{"r":"177","t":"12:53:10","h":"Ouest","s":"25N-H60NV10A-80-A"},{"r":"177","t":"12:53:10","h":"Ouest","s":"25N-H60NV20A-80-A"},{"r":"177","t":"12:53:10","h":"Ouest","s":"25S-H60S000A-80-A"},{"r":"164","t":"12:54:09","h":"Est","s":"25N-H60N000A-80-A"},{"r":"164","t":"12:54:09","h":"Est","s":"25N-H60NV10A-80-A"},{"r":"164","t":"12:54:09","h":"Est","s":"25N-H60NV20A-80-A"},{"r":"164","t":"12:54:09","h":"Est","s":"25S-H60S000A-80-A"},{"r":"164","t":"12:55:09","h":"Est","s":"25N-H60N000I-80-I"},{"r":"164","t":"12:55:09","h":"Est","s":"25N-H60N100F-81-F1"},{"r":"164","t":"12:55:09","h":"Est","s":"25N-H60N200F-81-F2"},{"r":"164","t":"12:55:09","h":"Est","s":"25N-H60N300F-82-F3"},{"r":"164","t":"12:55:09","h":"Est","s":"25N-H60N400F-81-F4"},{"r":"164","t":"12:55:09","h":"Est","s":"25N-H60NV10I-80-I"},{"r":"164","t":"12:55:09","h":"Est","s":"25N-H60NV20I-80-I"},{"r":"164","t":"12:55:09","h":"Est","s":"25S-H60S000I-80-I"},{"r":"164","t":"12:55:09","h":"Est","s":"25S-H60S100F-82-F1"},{"r":"164","t":"12:55:09","h":"Est","s":"25S-H60S200F-81-F2"},{"r":"177","t":"12:56:10","h":"Ouest","s":"25N-H60N000I-80-I"},{"r":"177","t":"12:56:10","h":"Ouest","s":"25N-H60N100F-81-F1"},{"r":"177","t":"12:56:10","h":"Ouest","s":"25N-H60N200F-81-F2"},{"r":"177","t":"12:56:10","h":"Ouest","s":"25N-H60N300F-82-F3"},{"r":"177","t":"12:56:10","h":"Ouest","s":"25N-H60N400F-81-F4"},{"r":"177","t":"12:56:10","h":"Ouest","s":"25N-H60NV10I-80-I"},{"r":"177","t":"12:56:10","h":"Ouest","s":"25N-H60NV20I-80-I"},{"r":"177","t":"12:56:10","h":"Ouest","s":"25S-H60S000I-80-I"},{"r":"177","t":"12:56:10","h":"Ouest","s":"25S-H60S100F-82-F1"},{"r":"177","t":"12:56:10","h":"Ouest","s":"25S-H60S200F-81-F2"},{"r":"164","t":"13:15:36","h":"Est","s":"25N-H60N000S-80-S"},{"r":"164","t":"13:15:36","h":"Est","s":"25N-H60N000S-98-S"},{"r":"164","t":"13:15:36","h":"Est","s":"25N-H60NV10S-98-S"},{"r":"164","t":"13:15:36","h":"Est","s":"25N-H60NV20S-98-S"},{"r":"164","t":"13:15:36","h":"Est","s":"25S-H60S000S-80-S"},{"r":"177","t":"13:16:53","h":"Ouest","s":"25N-H60N000S-80-S"},{"r":"177","t":"13:16:53","h":"Ouest","s":"25N-H60N000S-98-S"},{"r":"177","t":"13:16:53","h":"Ouest","s":"25N-H60NV10S-98-S"},{"r":"177","t":"13:16:53","h":"Ouest","s":"25N-H60NV20S-98-S"},{"r":"177","t":"13:16:53","h":"Ouest","s":"25S-H60S000S-80-S"},{"r":"177","t":"13:23:10","h":"Ouest","s":"25N-H60N000A-80-A"},{"r":"177","t":"13:23:10","h":"Ouest","s":"25N-H60NV10A-80-A"},{"r":"177","t":"13:23:10","h":"Ouest","s":"25N-H60NV20A-80-A"},{"r":"177","t":"13:23:10","h":"Ouest","s":"25S-H60S000A-80-A"},{"r":"164","t":"13:24:09","h":"Est","s":"25N-H60N000A-80-A"},{"r":"164","t":"13:24:09","h":"Est","s":"25N-H60N000I-80-I"},{"r":"164","t":"13:24:09","h":"Est","s":"25N-H60N100F-81-F1"},{"r":"164","t":"13:24:09","h":"Est","s":"25N-H60N200F-81-F2"},{"r":"164","t":"13:24:09","h":"Est","s":"25N-H60N300F-82-F3"},{"r":"164","t":"13:24:09","h":"Est","s":"25N-H60N400F-81-F4"},{"r":"164","t":"13:24:09","h":"Est","s":"25N-H60NV10A-80-A"},{"r":"164","t":"13:24:09","h":"Est","s":"25N-H60NV10I-80-I"},{"r":"164","t":"13:24:09","h":"Est","s":"25N-H60NV20A-80-A"},{"r":"164","t":"13:24:09","h":"Est","s":"25N-H60NV20I-80-I"},{"r":"164","t":"13:24:09","h":"Est","s":"25S-H60S000A-80-A"},{"r":"164","t":"13:24:09","h":"Est","s":"25S-H60S000I-80-I"},{"r":"164","t":"13:24:09","h":"Est","s":"25S-H60S100F-82-F1"},{"r":"164","t":"13:24:09","h":"Est","s":"25S-H60S200F-81-F2"},{"r":"177","t":"13:26:10","h":"Ouest","s":"25N-H60N000I-80-I"},{"r":"177","t":"13:26:10","h":"Ouest","s":"25N-H60N100F-81-F1"},{"r":"177","t":"13:26:10","h":"Ouest","s":"25N-H60N200F-81-F2"},{"r":"177","t":"13:26:10","h":"Ouest","s":"25N-H60N300F-82-F3"},{"r":"177","t":"13:26:10","h":"Ouest","s":"25N-H60N400F-81-F4"},{"r":"177","t":"13:26:10","h":"Ouest","s":"25N-H60NV10I-80-I"},{"r":"177","t":"13:26:10","h":"Ouest","s":"25N-H60NV20I-80-I"},{"r":"177","t":"13:26:10","h":"Ouest","s":"25S-H60S000I-80-I"},{"r":"177","t":"13:26:10","h":"Ouest","s":"25S-H60S100F-82-F1"},{"r":"177","t":"13:26:10","h":"Ouest","s":"25S-H60S200F-81-F2"},{"r":"164","t":"13:39:36","h":"Est","s":"25N-H60N000S-80-S"},{"r":"164","t":"13:39:36","h":"Est","s":"25N-H60N000S-98-S"},{"r":"164","t":"13:39:36","h":"Est","s":"25N-H60NV10S-98-S"},{"r":"164","t":"13:39:36","h":"Est","s":"25N-H60NV20S-98-S"},{"r":"164","t":"13:39:36","h":"Est","s":"25S-H60S000S-80-S"},{"r":"177","t":"13:50:53","h":"Ouest","s":"25N-H60N000S-80-S"},{"r":"177","t":"13:50:53","h":"Ouest","s":"25N-H60N000S-98-S"},{"r":"177","t":"13:50:53","h":"Ouest","s":"25N-H60NV10S-98-S"},{"r":"177","t":"13:50:53","h":"Ouest","s":"25N-H60NV20S-98-S"},{"r":"177","t":"13:50:53","h":"Ouest","s":"25S-H60S000S-80-S"},{"r":"164","t":"13:53:09","h":"Est","s":"25N-H60N000I-80-I"},{"r":"164","t":"13:53:09","h":"Est","s":"25N-H60N100F-81-F1"},{"r":"164","t":"13:53:09","h":"Est","s":"25N-H60N200F-81-F2"},{"r":"164","t":"13:53:09","h":"Est","s":"25N-H60N300F-82-F3"},{"r":"164","t":"13:53:09","h":"Est","s":"25N-H60N400F-81-F4"},{"r":"164","t":"13:53:09","h":"Est","s":"25N-H60NV10I-80-I"},{"r":"164","t":"13:53:09","h":"Est","s":"25N-H60NV20I-80-I"},{"r":"164","t":"13:53:09","h":"Est","s":"25S-H60S000I-80-I"},{"r":"164","t":"13:53:09","h":"Est","s":"25S-H60S100F-82-F1"},{"r":"164","t":"13:53:09","h":"Est","s":"25S-H60S200F-81-F2"},{"r":"177","t":"13:53:10","h":"Ouest","s":"25N-H60N000A-80-A"},{"r":"177","t":"13:53:10","h":"Ouest","s":"25N-H60NV10A-80-A"},{"r":"177","t":"13:53:10","h":"Ouest","s":"25N-H60NV20A-80-A"},{"r":"177","t":"13:53:10","h":"Ouest","s":"25S-H60S000A-80-A"},{"r":"164","t":"13:54:09","h":"Est","s":"25N-H60N000A-80-A"},{"r":"164","t":"13:54:09","h":"Est","s":"25N-H60NV10A-80-A"},{"r":"164","t":"13:54:09","h":"Est","s":"25N-H60NV20A-80-A"},{"r":"164","t":"13:54:09","h":"Est","s":"25S-H60S000A-80-A"},{"r":"177","t":"13:57:10","h":"Ouest","s":"25N-H60N000I-80-I"},{"r":"177","t":"13:57:10","h":"Ouest","s":"25N-H60N100F-81-F1"},{"r":"177","t":"13:57:10","h":"Ouest","s":"25N-H60N200F-81-F2"},{"r":"177","t":"13:57:10","h":"Ouest","s":"25N-H60N300F-82-F3"},{"r":"177","t":"13:57:10","h":"Ouest","s":"25N-H60N400F-81-F4"},{"r":"177","t":"13:57:10","h":"Ouest","s":"25N-H60NV10I-80-I"},{"r":"177","t":"13:57:10","h":"Ouest","s":"25N-H60NV20I-80-I"},{"r":"177","t":"13:57:10","h":"Ouest","s":"25S-H60S000I-80-I"},{"r":"177","t":"13:57:10","h":"Ouest","s":"25S-H60S100F-82-F1"},{"r":"177","t":"13:57:10","h":"Ouest","s":"25S-H60S200F-81-F2"},{"r":"164","t":"14:03:36","h":"Est","s":"25N-H60N000S-80-S"},{"r":"164","t":"14:03:36","h":"Est","s":"25N-H60N000S-98-S"},{"r":"164","t":"14:03:36","h":"Est","s":"25N-H60NV10S-98-S"},{"r":"164","t":"14:03:36","h":"Est","s":"25N-H60NV20S-98-S"},{"r":"164","t":"14:03:36","h":"Est","s":"25S-H60S000S-80-S"},{"r":"164","t":"14:16:09","h":"Est","s":"25N-H60N000A-80-A"},{"r":"164","t":"14:16:09","h":"Est","s":"25N-H60NV10A-80-A"},{"r":"164","t":"14:16:09","h":"Est","s":"25N-H60NV20A-80-A"},{"r":"164","t":"14:16:09","h":"Est","s":"25S-H60S000A-80-A"},{"r":"164","t":"14:22:09","h":"Est","s":"25N-H60N000I-80-I"},{"r":"164","t":"14:22:09","h":"Est","s":"25N-H60N100F-81-F1"},{"r":"164","t":"14:22:09","h":"Est","s":"25N-H60N200F-81-F2"},{"r":"164","t":"14:22:09","h":"Est","s":"25N-H60N300F-82-F3"},{"r":"164","t":"14:22:09","h":"Est","s":"25N-H60N400F-81-F4"},{"r":"164","t":"14:22:09","h":"Est","s":"25N-H60NV10I-80-I"},{"r":"164","t":"14:22:09","h":"Est","s":"25N-H60NV20I-80-I"},{"r":"164","t":"14:22:09","h":"Est","s":"25S-H60S000I-80-I"},{"r":"164","t":"14:22:09","h":"Est","s":"25S-H60S100F-82-F1"},{"r":"164","t":"14:22:09","h":"Est","s":"25S-H60S200F-81-F2"},{"r":"177","t":"14:23:53","h":"Ouest","s":"25N-H60N000S-80-S"},{"r":"177","t":"14:23:53","h":"Ouest","s":"25N-H60N000S-98-S"},{"r":"177","t":"14:23:53","h":"Ouest","s":"25N-H60NV10S-98-S"},{"r":"177","t":"14:23:53","h":"Ouest","s":"25N-H60NV20S-98-S"},{"r":"177","t":"14:23:53","h":"Ouest","s":"25S-H60S000S-80-S"},{"r":"177","t":"14:24:10","h":"Ouest","s":"25N-H60N000A-80-A"},{"r":"177","t":"14:24:10","h":"Ouest","s":"25N-H60NV10A-80-A"},{"r":"177","t":"14:24:10","h":"Ouest","s":"25N-H60NV20A-80-A"},{"r":"177","t":"14:24:10","h":"Ouest","s":"25S-H60S000A-80-A"},{"r":"164","t":"14:25:36","h":"Est","s":"25N-H60N000S-80-S"},{"r":"164","t":"14:25:36","h":"Est","s":"25N-H60N000S-98-S"},{"r":"164","t":"14:25:36","h":"Est","s":"25N-H60NV10S-98-S"},{"r":"164","t":"14:25:36","h":"Est","s":"25N-H60NV20S-98-S"},{"r":"164","t":"14:25:36","h":"Est","s":"25S-H60S000S-80-S"},{"r":"177","t":"14:27:10","h":"Ouest","s":"25N-H60N000I-80-I"},{"r":"177","t":"14:27:10","h":"Ouest","s":"25N-H60N100F-81-F1"},{"r":"177","t":"14:27:10","h":"Ouest","s":"25N-H60N200F-81-F2"},{"r":"177","t":"14:27:10","h":"Ouest","s":"25N-H60N300F-82-F3"},{"r":"177","t":"14:27:10","h":"Ouest","s":"25N-H60N400F-81-F4"},{"r":"177","t":"14:27:10","h":"Ouest","s":"25N-H60NV10I-80-I"},{"r":"177","t":"14:27:10","h":"Ouest","s":"25N-H60NV20I-80-I"},{"r":"177","t":"14:27:10","h":"Ouest","s":"25S-H60S000I-80-I"},{"r":"177","t":"14:27:10","h":"Ouest","s":"25S-H60S100F-82-F1"},{"r":"177","t":"14:27:10","h":"Ouest","s":"25S-H60S200F-81-F2"},{"r":"164","t":"14:38:09","h":"Est","s":"25N-H60N000A-80-A"},{"r":"164","t":"14:38:09","h":"Est","s":"25N-H60NV10A-80-A"},{"r":"164","t":"14:38:09","h":"Est","s":"25N-H60NV20A-80-A"},{"r":"164","t":"14:38:09","h":"Est","s":"25S-H60S000A-80-A"},{"r":"164","t":"14:44:36","h":"Est","s":"25N-H60N000S-80-S"},{"r":"164","t":"14:44:36","h":"Est","s":"25N-H60N000S-98-S"},{"r":"164","t":"14:44:36","h":"Est","s":"25N-H60NV10S-98-S"},{"r":"164","t":"14:44:36","h":"Est","s":"25N-H60NV20S-98-S"},{"r":"164","t":"14:44:36","h":"Est","s":"25S-H60S000S-80-S"},{"r":"164","t":"14:51:23","h":"Est","s":"25N-H60N000I-80-I"},{"r":"164","t":"14:51:23","h":"Est","s":"25N-H60N100F-81-F1"},{"r":"164","t":"14:51:23","h":"Est","s":"25N-H60N200F-81-F2"},{"r":"164","t":"14:51:23","h":"Est","s":"25N-H60N300F-82-F3"},{"r":"164","t":"14:51:23","h":"Est","s":"25N-H60N400F-81-F4"},{"r":"164","t":"14:51:23","h":"Est","s":"25N-H60NV10I-80-I"},{"r":"164","t":"14:51:23","h":"Est","s":"25N-H60NV20I-80-I"},{"r":"164","t":"14:51:23","h":"Est","s":"25S-H60S000I-80-I"},{"r":"164","t":"14:51:23","h":"Est","s":"25S-H60S100F-82-F1"},{"r":"164","t":"14:51:23","h":"Est","s":"25S-H60S200F-81-F2"},{"r":"177","t":"14:54:10","h":"Ouest","s":"25N-H60N000A-80-A"},{"r":"177","t":"14:54:10","h":"Ouest","s":"25N-H60NV10A-80-A"},{"r":"177","t":"14:54:10","h":"Ouest","s":"25N-H60NV20A-80-A"},{"r":"177","t":"14:54:10","h":"Ouest","s":"25S-H60S000A-80-A"},{"r":"177","t":"14:56:53","h":"Ouest","s":"25N-H60N000S-80-S"},{"r":"177","t":"14:56:53","h":"Ouest","s":"25N-H60N000S-98-S"},{"r":"177","t":"14:56:53","h":"Ouest","s":"25N-H60NV10S-98-S"},{"r":"177","t":"14:56:53","h":"Ouest","s":"25N-H60NV20S-98-S"},{"r":"177","t":"14:56:53","h":"Ouest","s":"25S-H60S000S-80-S"},{"r":"177","t":"14:57:10","h":"Ouest","s":"25N-H60N000I-80-I"},{"r":"177","t":"14:57:10","h":"Ouest","s":"25N-H60N100F-81-F1"},{"r":"177","t":"14:57:10","h":"Ouest","s":"25N-H60N200F-81-F2"},{"r":"177","t":"14:57:10","h":"Ouest","s":"25N-H60N300F-82-F3"},{"r":"177","t":"14:57:10","h":"Ouest","s":"25N-H60N400F-81-F4"},{"r":"177","t":"14:57:10","h":"Ouest","s":"25N-H60NV10I-80-I"},{"r":"177","t":"14:57:10","h":"Ouest","s":"25N-H60NV20I-80-I"},{"r":"177","t":"14:57:10","h":"Ouest","s":"25S-H60S000I-80-I"},{"r":"177","t":"14:57:10","h":"Ouest","s":"25S-H60S100F-82-F1"},{"r":"177","t":"14:57:10","h":"Ouest","s":"25S-H60S200F-81-F2"},{"r":"164","t":"14:59:50","h":"Est","s":"25N-H58N000S-80-S"},{"r":"164","t":"14:59:50","h":"Est","s":"25N-H58NV10S-80-S"},{"r":"164","t":"14:59:50","h":"Est","s":"25N-H58NV20S-80-S"},{"r":"164","t":"14:59:50","h":"Est","s":"25S-H58S000S-80-S"},{"r":"164","t":"15:08:09","h":"Est","s":"25N-H60N000A-80-A"},{"r":"164","t":"15:08:09","h":"Est","s":"25N-H60NV10A-80-A"},{"r":"164","t":"15:08:09","h":"Est","s":"25N-H60NV20A-80-A"},{"r":"164","t":"15:08:09","h":"Est","s":"25S-H60S000A-80-A"},{"r":"164","t":"15:15:50","h":"Est","s":"25N-H58N000S-80-S"},{"r":"164","t":"15:15:50","h":"Est","s":"25N-H58NV10S-80-S"},{"r":"164","t":"15:15:50","h":"Est","s":"25N-H58NV20S-80-S"},{"r":"164","t":"15:15:50","h":"Est","s":"25S-H58S000S-80-S"},{"r":"164","t":"15:20:23","h":"Est","s":"25N-H60N000I-80-I"},{"r":"164","t":"15:20:23","h":"Est","s":"25N-H60N100F-81-F1"},{"r":"164","t":"15:20:23","h":"Est","s":"25N-H60N200F-81-F2"},{"r":"164","t":"15:20:23","h":"Est","s":"25N-H60N300F-82-F3"},{"r":"164","t":"15:20:23","h":"Est","s":"25N-H60N400F-81-F4"},{"r":"164","t":"15:20:23","h":"Est","s":"25N-H60NV10I-80-I"},{"r":"164","t":"15:20:23","h":"Est","s":"25N-H60NV20I-80-I"},{"r":"164","t":"15:20:23","h":"Est","s":"25S-H60S000I-80-I"},{"r":"164","t":"15:20:23","h":"Est","s":"25S-H60S100F-82-F1"},{"r":"164","t":"15:20:23","h":"Est","s":"25S-H60S200F-81-F2"},{"r":"177","t":"15:23:10","h":"Ouest","s":"25N-H60N000A-80-A"},{"r":"177","t":"15:23:10","h":"Ouest","s":"25N-H60NV10A-80-A"},{"r":"177","t":"15:23:10","h":"Ouest","s":"25N-H60NV20A-80-A"},{"r":"177","t":"15:23:10","h":"Ouest","s":"25S-H60S000A-80-A"},{"r":"177","t":"15:27:10","h":"Ouest","s":"25N-H60N000I-80-I"},{"r":"177","t":"15:27:10","h":"Ouest","s":"25N-H60N100F-81-F1"},{"r":"177","t":"15:27:10","h":"Ouest","s":"25N-H60N200F-81-F2"},{"r":"177","t":"15:27:10","h":"Ouest","s":"25N-H60N300F-82-F3"},{"r":"177","t":"15:27:10","h":"Ouest","s":"25N-H60N400F-81-F4"},{"r":"177","t":"15:27:10","h":"Ouest","s":"25N-H60NV10I-80-I"},{"r":"177","t":"15:27:10","h":"Ouest","s":"25N-H60NV20I-80-I"},{"r":"177","t":"15:27:10","h":"Ouest","s":"25S-H60S000I-80-I"},{"r":"177","t":"15:27:10","h":"Ouest","s":"25S-H60S100F-82-F1"},{"r":"177","t":"15:27:10","h":"Ouest","s":"25S-H60S200F-81-F2"},{"r":"177","t":"15:28:53","h":"Ouest","s":"25N-H60N000S-80-S"},{"r":"177","t":"15:28:53","h":"Ouest","s":"25N-H60N000S-98-S"},{"r":"177","t":"15:28:53","h":"Ouest","s":"25N-H60NV10S-98-S"},{"r":"177","t":"15:28:53","h":"Ouest","s":"25N-H60NV20S-98-S"},{"r":"177","t":"15:28:53","h":"Ouest","s":"25S-H60S000S-80-S"},{"r":"164","t":"15:35:50","h":"Est","s":"25N-H60N000S-80-S"},{"r":"164","t":"15:35:50","h":"Est","s":"25N-H60N000S-98-S"},{"r":"164","t":"15:35:50","h":"Est","s":"25N-H60NV10S-98-S"},{"r":"164","t":"15:35:50","h":"Est","s":"25N-H60NV20S-98-S"},{"r":"164","t":"15:35:50","h":"Est","s":"25S-H60S000S-80-S"},{"r":"164","t":"15:38:09","h":"Est","s":"25N-H60N000A-80-A"},{"r":"164","t":"15:38:09","h":"Est","s":"25N-H60NV10A-80-A"},{"r":"164","t":"15:38:09","h":"Est","s":"25N-H60NV20A-80-A"},{"r":"164","t":"15:38:09","h":"Est","s":"25S-H60S000A-80-A"},{"r":"164","t":"15:49:23","h":"Est","s":"25N-H60N000I-80-I"},{"r":"164","t":"15:49:23","h":"Est","s":"25N-H60N100F-81-F1"},{"r":"164","t":"15:49:23","h":"Est","s":"25N-H60N200F-81-F2"},{"r":"164","t":"15:49:23","h":"Est","s":"25N-H60N300F-82-F3"},{"r":"164","t":"15:49:23","h":"Est","s":"25N-H60N400F-81-F4"},{"r":"164","t":"15:49:23","h":"Est","s":"25N-H60NV10I-80-I"},{"r":"164","t":"15:49:23","h":"Est","s":"25N-H60NV20I-80-I"},{"r":"164","t":"15:49:23","h":"Est","s":"25S-H60S000I-80-I"},{"r":"164","t":"15:49:23","h":"Est","s":"25S-H60S100F-82-F1"},{"r":"164","t":"15:49:23","h":"Est","s":"25S-H60S200F-81-F2"},{"r":"177","t":"15:53:10","h":"Ouest","s":"25N-H60N000A-80-A"},{"r":"177","t":"15:53:10","h":"Ouest","s":"25N-H60NV10A-80-A"},{"r":"177","t":"15:53:10","h":"Ouest","s":"25N-H60NV20A-80-A"},{"r":"177","t":"15:53:10","h":"Ouest","s":"25S-H60S000A-80-A"},{"r":"164","t":"15:55:50","h":"Est","s":"25N-H60N000S-80-S"},{"r":"164","t":"15:55:50","h":"Est","s":"25N-H60N000S-98-S"},{"r":"164","t":"15:55:50","h":"Est","s":"25N-H60NV10S-98-S"},{"r":"164","t":"15:55:50","h":"Est","s":"25N-H60NV20S-98-S"},{"r":"164","t":"15:55:50","h":"Est","s":"25S-H60S000S-80-S"},{"r":"177","t":"15:57:10","h":"Ouest","s":"25N-H60N000I-80-I"},{"r":"177","t":"15:57:10","h":"Ouest","s":"25N-H60N100F-81-F1"},{"r":"177","t":"15:57:10","h":"Ouest","s":"25N-H60N200F-81-F2"},{"r":"177","t":"15:57:10","h":"Ouest","s":"25N-H60N300F-82-F3"},{"r":"177","t":"15:57:10","h":"Ouest","s":"25N-H60N400F-81-F4"},{"r":"177","t":"15:57:10","h":"Ouest","s":"25N-H60NV10I-80-I"},{"r":"177","t":"15:57:10","h":"Ouest","s":"25N-H60NV20I-80-I"},{"r":"177","t":"15:57:10","h":"Ouest","s":"25S-H60S000I-80-I"},{"r":"177","t":"15:57:10","h":"Ouest","s":"25S-H60S100F-82-F1"},{"r":"177","t":"15:57:10","h":"Ouest","s":"25S-H60S200F-81-F2"},{"r":"177","t":"16:00:53","h":"Ouest","s":"25N-H60N000S-80-S"},{"r":"177","t":"16:00:53","h":"Ouest","s":"25N-H60N000S-98-S"},{"r":"177","t":"16:00:53","h":"Ouest","s":"25N-H60NV10S-98-S"},{"r":"177","t":"16:00:53","h":"Ouest","s":"25N-H60NV20S-98-S"},{"r":"177","t":"16:00:53","h":"Ouest","s":"25S-H60S000S-80-S"},{"r":"164","t":"16:09:09","h":"Est","s":"25N-H60N000A-80-A"},{"r":"164","t":"16:09:09","h":"Est","s":"25N-H60NV10A-80-A"},{"r":"164","t":"16:09:09","h":"Est","s":"25N-H60NV20A-80-A"},{"r":"164","t":"16:09:09","h":"Est","s":"25S-H60S000A-80-A"},{"r":"164","t":"16:15:50","h":"Est","s":"25N-H60N000S-80-S"},{"r":"164","t":"16:15:50","h":"Est","s":"25N-H60N000S-98-S"},{"r":"164","t":"16:15:50","h":"Est","s":"25N-H60NV10S-98-S"},{"r":"164","t":"16:15:50","h":"Est","s":"25N-H60NV20S-98-S"},{"r":"164","t":"16:15:50","h":"Est","s":"25S-H60S000S-80-S"},{"r":"164","t":"16:18:23","h":"Est","s":"25N-H60N000I-80-I"},{"r":"164","t":"16:18:23","h":"Est","s":"25N-H60N100F-81-F1"},{"r":"164","t":"16:18:23","h":"Est","s":"25N-H60N200F-81-F2"},{"r":"164","t":"16:18:23","h":"Est","s":"25N-H60N300F-82-F3"},{"r":"164","t":"16:18:23","h":"Est","s":"25N-H60N400F-81-F4"},{"r":"164","t":"16:18:23","h":"Est","s":"25N-H60NV10I-80-I"},{"r":"164","t":"16:18:23","h":"Est","s":"25N-H60NV20I-80-I"},{"r":"164","t":"16:18:23","h":"Est","s":"25S-H60S000I-80-I"},{"r":"164","t":"16:18:23","h":"Est","s":"25S-H60S100F-82-F1"},{"r":"164","t":"16:18:23","h":"Est","s":"25S-H60S200F-81-F2"},{"r":"177","t":"16:24:10","h":"Ouest","s":"25N-H60N000A-80-A"},{"r":"177","t":"16:24:10","h":"Ouest","s":"25N-H60NV10A-80-A"},{"r":"177","t":"16:24:10","h":"Ouest","s":"25N-H60NV20A-80-A"},{"r":"177","t":"16:24:10","h":"Ouest","s":"25S-H60S000A-80-A"},{"r":"177","t":"16:27:10","h":"Ouest","s":"25N-H60N000I-80-I"},{"r":"177","t":"16:27:10","h":"Ouest","s":"25N-H60N100F-81-F1"},{"r":"177","t":"16:27:10","h":"Ouest","s":"25N-H60N200F-81-F2"},{"r":"177","t":"16:27:10","h":"Ouest","s":"25N-H60N300F-82-F3"},{"r":"177","t":"16:27:10","h":"Ouest","s":"25N-H60N400F-81-F4"},{"r":"177","t":"16:27:10","h":"Ouest","s":"25N-H60NV10I-80-I"},{"r":"177","t":"16:27:10","h":"Ouest","s":"25N-H60NV20I-80-I"},{"r":"177","t":"16:27:10","h":"Ouest","s":"25S-H60S000I-80-I"},{"r":"177","t":"16:27:10","h":"Ouest","s":"25S-H60S100F-82-F1"},{"r":"177","t":"16:27:10","h":"Ouest","s":"25S-H60S200F-81-F2"},{"r":"164","t":"16:33:50","h":"Est","s":"25N-H60N000S-80-S"},{"r":"164","t":"16:33:50","h":"Est","s":"25N-H60N000S-98-S"},{"r":"164","t":"16:33:50","h":"Est","s":"25N-H60NV10S-98-S"},{"r":"164","t":"16:33:50","h":"Est","s":"25N-H60NV20S-98-S"},{"r":"164","t":"16:33:50","h":"Est","s":"25S-H60S000S-80-S"},{"r":"177","t":"16:33:53","h":"Ouest","s":"25N-H60N000S-80-S"},{"r":"177","t":"16:33:53","h":"Ouest","s":"25N-H60N000S-98-S"},{"r":"177","t":"16:33:53","h":"Ouest","s":"25N-H60NV10S-98-S"},{"r":"177","t":"16:33:53","h":"Ouest","s":"25N-H60NV20S-98-S"},{"r":"177","t":"16:33:53","h":"Ouest","s":"25S-H60S000S-80-S"},{"r":"164","t":"16:40:09","h":"Est","s":"25N-H60N000A-80-A"},{"r":"164","t":"16:40:09","h":"Est","s":"25N-H60NV10A-80-A"},{"r":"164","t":"16:40:09","h":"Est","s":"25N-H60NV20A-80-A"},{"r":"164","t":"16:40:09","h":"Est","s":"25S-H60S000A-80-A"},{"r":"164","t":"16:47:23","h":"Est","s":"25N-H60N000I-80-I"},{"r":"164","t":"16:47:23","h":"Est","s":"25N-H60N100F-81-F1"},{"r":"164","t":"16:47:23","h":"Est","s":"25N-H60N200F-81-F2"},{"r":"164","t":"16:47:23","h":"Est","s":"25N-H60N300F-82-F3"},{"r":"164","t":"16:47:23","h":"Est","s":"25N-H60N400F-81-F4"},{"r":"164","t":"16:47:23","h":"Est","s":"25N-H60NV10I-80-I"},{"r":"164","t":"16:47:23","h":"Est","s":"25N-H60NV20I-80-I"},{"r":"164","t":"16:47:23","h":"Est","s":"25S-H60S000I-80-I"},{"r":"164","t":"16:47:23","h":"Est","s":"25S-H60S100F-82-F1"},{"r":"164","t":"16:47:23","h":"Est","s":"25S-H60S200F-81-F2"},{"r":"164","t":"16:53:50","h":"Est","s":"25N-H60N000S-80-S"},{"r":"164","t":"16:53:50","h":"Est","s":"25N-H60N000S-98-S"},{"r":"164","t":"16:53:50","h":"Est","s":"25N-H60NV10S-98-S"},{"r":"164","t":"16:53:50","h":"Est","s":"25N-H60NV20S-98-S"},{"r":"164","t":"16:53:50","h":"Est","s":"25S-H60S000S-80-S"},{"r":"177","t":"16:54:10","h":"Ouest","s":"25N-H60N000A-80-A"},{"r":"177","t":"16:54:10","h":"Ouest","s":"25N-H60NV10A-80-A"},{"r":"177","t":"16:54:10","h":"Ouest","s":"25N-H60NV20A-80-A"},{"r":"177","t":"16:54:10","h":"Ouest","s":"25S-H60S000A-80-A"},{"r":"177","t":"16:56:10","h":"Ouest","s":"25N-H60N000I-80-I"},{"r":"177","t":"16:56:10","h":"Ouest","s":"25N-H60N100F-81-F1"},{"r":"177","t":"16:56:10","h":"Ouest","s":"25N-H60N200F-81-F2"},{"r":"177","t":"16:56:10","h":"Ouest","s":"25N-H60N300F-82-F3"},{"r":"177","t":"16:56:10","h":"Ouest","s":"25N-H60N400F-81-F4"},{"r":"177","t":"16:56:10","h":"Ouest","s":"25N-H60NV10I-80-I"},{"r":"177","t":"16:56:10","h":"Ouest","s":"25N-H60NV20I-80-I"},{"r":"177","t":"16:56:10","h":"Ouest","s":"25S-H60S000I-80-I"},{"r":"177","t":"16:56:10","h":"Ouest","s":"25S-H60S100F-82-F1"},{"r":"177","t":"16:56:10","h":"Ouest","s":"25S-H60S200F-81-F2"},{"r":"177","t":"17:07:53","h":"Ouest","s":"25N-H60N000S-80-S"},{"r":"177","t":"17:07:53","h":"Ouest","s":"25N-H60N000S-98-S"},{"r":"177","t":"17:07:53","h":"Ouest","s":"25N-H60NV10S-98-S"},{"r":"177","t":"17:07:53","h":"Ouest","s":"25N-H60NV20S-98-S"},{"r":"177","t":"17:07:53","h":"Ouest","s":"25S-H60S000S-80-S"},{"r":"164","t":"17:11:09","h":"Est","s":"25N-H60N000A-80-A"},{"r":"164","t":"17:11:09","h":"Est","s":"25N-H60NV10A-80-A"},{"r":"164","t":"17:11:09","h":"Est","s":"25N-H60NV20A-80-A"},{"r":"164","t":"17:11:09","h":"Est","s":"25S-H60S000A-80-A"},{"r":"164","t":"17:13:50","h":"Est","s":"25N-H60N000S-80-S"},{"r":"164","t":"17:13:50","h":"Est","s":"25N-H60N000S-98-S"},{"r":"164","t":"17:13:50","h":"Est","s":"25N-H60NV10S-98-S"},{"r":"164","t":"17:13:50","h":"Est","s":"25N-H60NV20S-98-S"},{"r":"164","t":"17:13:50","h":"Est","s":"25S-H60S000S-80-S"},{"r":"164","t":"17:16:23","h":"Est","s":"25N-H60N000I-80-I"},{"r":"164","t":"17:16:23","h":"Est","s":"25N-H60N100F-81-F1"},{"r":"164","t":"17:16:23","h":"Est","s":"25N-H60N200F-81-F2"},{"r":"164","t":"17:16:23","h":"Est","s":"25N-H60N300F-82-F3"},{"r":"164","t":"17:16:23","h":"Est","s":"25N-H60N400F-81-F4"},{"r":"164","t":"17:16:23","h":"Est","s":"25N-H60NV10I-80-I"},{"r":"164","t":"17:16:23","h":"Est","s":"25N-H60NV20I-80-I"},{"r":"164","t":"17:16:23","h":"Est","s":"25S-H60S000I-80-I"},{"r":"164","t":"17:16:23","h":"Est","s":"25S-H60S100F-82-F1"},{"r":"164","t":"17:16:23","h":"Est","s":"25S-H60S200F-81-F2"},{"r":"177","t":"17:25:10","h":"Ouest","s":"25N-H60N000A-80-A"},{"r":"177","t":"17:25:10","h":"Ouest","s":"25N-H60NV10A-80-A"},{"r":"177","t":"17:25:10","h":"Ouest","s":"25N-H60NV20A-80-A"},{"r":"177","t":"17:25:10","h":"Ouest","s":"25S-H60S000A-80-A"},{"r":"177","t":"17:26:10","h":"Ouest","s":"25N-H60N000I-80-I"},{"r":"177","t":"17:26:10","h":"Ouest","s":"25N-H60N100F-81-F1"},{"r":"177","t":"17:26:10","h":"Ouest","s":"25N-H60N200F-81-F2"},{"r":"177","t":"17:26:10","h":"Ouest","s":"25N-H60N300F-82-F3"},{"r":"177","t":"17:26:10","h":"Ouest","s":"25N-H60N400F-81-F4"},{"r":"177","t":"17:26:10","h":"Ouest","s":"25N-H60NV10I-80-I"},{"r":"177","t":"17:26:10","h":"Ouest","s":"25N-H60NV20I-80-I"},{"r":"177","t":"17:26:10","h":"Ouest","s":"25S-H60S000I-80-I"},{"r":"177","t":"17:26:10","h":"Ouest","s":"25S-H60S100F-82-F1"},{"r":"177","t":"17:26:10","h":"Ouest","s":"25S-H60S200F-81-F2"},{"r":"164","t":"17:33:50","h":"Est","s":"25N-H60N000S-80-S"},{"r":"164","t":"17:33:50","h":"Est","s":"25N-H60N000S-98-S"},{"r":"164","t":"17:33:50","h":"Est","s":"25N-H60NV10S-98-S"},{"r":"164","t":"17:33:50","h":"Est","s":"25N-H60NV20S-98-S"},{"r":"164","t":"17:33:50","h":"Est","s":"25S-H60S000S-80-S"},{"r":"177","t":"17:40:01","h":"Ouest","s":"25N-H60N000S-80-S"},{"r":"177","t":"17:40:01","h":"Ouest","s":"25N-H60N000S-98-S"},{"r":"177","t":"17:40:01","h":"Ouest","s":"25N-H60NV10S-98-S"},{"r":"177","t":"17:40:01","h":"Ouest","s":"25N-H60NV20S-98-S"},{"r":"177","t":"17:40:01","h":"Ouest","s":"25S-H60S000S-80-S"},{"r":"164","t":"17:43:09","h":"Est","s":"25N-H60N000A-80-A"},{"r":"164","t":"17:43:09","h":"Est","s":"25N-H60NV10A-80-A"},{"r":"164","t":"17:43:09","h":"Est","s":"25N-H60NV20A-80-A"},{"r":"164","t":"17:43:09","h":"Est","s":"25S-H60S000A-80-A"},{"r":"164","t":"17:45:23","h":"Est","s":"25N-H60N000I-80-I"},{"r":"164","t":"17:45:23","h":"Est","s":"25N-H60N100F-81-F1"},{"r":"164","t":"17:45:23","h":"Est","s":"25N-H60N200F-81-F2"},{"r":"164","t":"17:45:23","h":"Est","s":"25N-H60N300F-82-F3"},{"r":"164","t":"17:45:23","h":"Est","s":"25N-H60N400F-81-F4"},{"r":"164","t":"17:45:23","h":"Est","s":"25N-H60NV10I-80-I"},{"r":"164","t":"17:45:23","h":"Est","s":"25N-H60NV20I-80-I"},{"r":"164","t":"17:45:23","h":"Est","s":"25S-H60S000I-80-I"},{"r":"164","t":"17:45:23","h":"Est","s":"25S-H60S100F-82-F1"},{"r":"164","t":"17:45:23","h":"Est","s":"25S-H60S200F-81-F2"},{"r":"164","t":"17:53:50","h":"Est","s":"25N-H60N000S-80-S"},{"r":"164","t":"17:53:50","h":"Est","s":"25N-H60N000S-98-S"},{"r":"164","t":"17:53:50","h":"Est","s":"25N-H60NV10S-98-S"},{"r":"164","t":"17:53:50","h":"Est","s":"25N-H60NV20S-98-S"},{"r":"164","t":"17:53:50","h":"Est","s":"25S-H60S000S-80-S"},{"r":"177","t":"17:55:10","h":"Ouest","s":"25N-H60N000A-80-A"},{"r":"177","t":"17:55:10","h":"Ouest","s":"25N-H60NV10A-80-A"},{"r":"177","t":"17:55:10","h":"Ouest","s":"25N-H60NV20A-80-A"},{"r":"177","t":"17:55:10","h":"Ouest","s":"25S-H60S000A-80-A"},{"r":"177","t":"17:56:10","h":"Ouest","s":"25N-H60N000I-80-I"},{"r":"177","t":"17:56:10","h":"Ouest","s":"25N-H60N100F-81-F1"},{"r":"177","t":"17:56:10","h":"Ouest","s":"25N-H60N200F-81-F2"},{"r":"177","t":"17:56:10","h":"Ouest","s":"25N-H60N300F-82-F3"},{"r":"177","t":"17:56:10","h":"Ouest","s":"25N-H60N400F-81-F4"},{"r":"177","t":"17:56:10","h":"Ouest","s":"25N-H60NV10I-80-I"},{"r":"177","t":"17:56:10","h":"Ouest","s":"25N-H60NV20I-80-I"},{"r":"177","t":"17:56:10","h":"Ouest","s":"25S-H60S000I-80-I"},{"r":"177","t":"17:56:10","h":"Ouest","s":"25S-H60S100F-82-F1"},{"r":"177","t":"17:56:10","h":"Ouest","s":"25S-H60S200F-81-F2"},{"r":"177","t":"18:11:01","h":"Ouest","s":"25N-H60N000S-80-S"},{"r":"177","t":"18:11:01","h":"Ouest","s":"25N-H60N000S-98-S"},{"r":"177","t":"18:11:01","h":"Ouest","s":"25N-H60NV10S-98-S"},{"r":"177","t":"18:11:01","h":"Ouest","s":"25N-H60NV20S-98-S"},{"r":"177","t":"18:11:01","h":"Ouest","s":"25S-H60S000S-80-S"},{"r":"164","t":"18:14:23","h":"Est","s":"25N-H60N000I-80-I"},{"r":"164","t":"18:14:23","h":"Est","s":"25N-H60N100F-81-F1"},{"r":"164","t":"18:14:23","h":"Est","s":"25N-H60N200F-81-F2"},{"r":"164","t":"18:14:23","h":"Est","s":"25N-H60N300F-82-F3"},{"r":"164","t":"18:14:23","h":"Est","s":"25N-H60N400F-81-F4"},{"r":"164","t":"18:14:23","h":"Est","s":"25N-H60NV10I-80-I"},{"r":"164","t":"18:14:23","h":"Est","s":"25N-H60NV20I-80-I"},{"r":"164","t":"18:14:23","h":"Est","s":"25S-H60S000I-80-I"},{"r":"164","t":"18:14:23","h":"Est","s":"25S-H60S100F-82-F1"},{"r":"164","t":"18:14:23","h":"Est","s":"25S-H60S200F-81-F2"},{"r":"164","t":"18:15:09","h":"Est","s":"25N-H60N000A-80-A"},{"r":"164","t":"18:15:09","h":"Est","s":"25N-H60NV10A-80-A"},{"r":"164","t":"18:15:09","h":"Est","s":"25N-H60NV20A-80-A"},{"r":"164","t":"18:15:09","h":"Est","s":"25S-H60S000A-80-A"},{"r":"164","t":"18:16:36","h":"Est","s":"25N-H60N000S-80-S"},{"r":"164","t":"18:16:36","h":"Est","s":"25N-H60N000S-98-S"},{"r":"164","t":"18:16:36","h":"Est","s":"25N-H60NV10S-98-S"},{"r":"164","t":"18:16:36","h":"Est","s":"25N-H60NV20S-98-S"},{"r":"164","t":"18:16:36","h":"Est","s":"25S-H60S000S-80-S"},{"r":"177","t":"18:25:10","h":"Ouest","s":"25N-H60N000A-80-A"},{"r":"177","t":"18:25:10","h":"Ouest","s":"25N-H60NV10A-80-A"},{"r":"177","t":"18:25:10","h":"Ouest","s":"25N-H60NV20A-80-A"},{"r":"177","t":"18:25:10","h":"Ouest","s":"25S-H60S000A-80-A"},{"r":"177","t":"18:26:10","h":"Ouest","s":"25N-H60N000I-80-I"},{"r":"177","t":"18:26:10","h":"Ouest","s":"25N-H60N100F-81-F1"},{"r":"177","t":"18:26:10","h":"Ouest","s":"25N-H60N200F-81-F2"},{"r":"177","t":"18:26:10","h":"Ouest","s":"25N-H60N300F-82-F3"},{"r":"177","t":"18:26:10","h":"Ouest","s":"25N-H60N400F-81-F4"},{"r":"177","t":"18:26:10","h":"Ouest","s":"25N-H60NV10I-80-I"},{"r":"177","t":"18:26:10","h":"Ouest","s":"25N-H60NV20I-80-I"},{"r":"177","t":"18:26:10","h":"Ouest","s":"25S-H60S000I-80-I"},{"r":"177","t":"18:26:10","h":"Ouest","s":"25S-H60S100F-82-F1"},{"r":"177","t":"18:26:10","h":"Ouest","s":"25S-H60S200F-81-F2"},{"r":"177","t":"18:39:18","h":"Ouest","s":"25N-H60N000S-80-S"},{"r":"177","t":"18:39:18","h":"Ouest","s":"25N-H60N000S-98-S"},{"r":"177","t":"18:39:18","h":"Ouest","s":"25N-H60NV10S-98-S"},{"r":"177","t":"18:39:18","h":"Ouest","s":"25N-H60NV20S-98-S"},{"r":"177","t":"18:39:18","h":"Ouest","s":"25S-H60S000S-80-S"},{"r":"164","t":"18:43:23","h":"Est","s":"25N-H60N000I-80-I"},{"r":"164","t":"18:43:23","h":"Est","s":"25N-H60N100F-81-F1"},{"r":"164","t":"18:43:23","h":"Est","s":"25N-H60N200F-81-F2"},{"r":"164","t":"18:43:23","h":"Est","s":"25N-H60N300F-82-F3"},{"r":"164","t":"18:43:23","h":"Est","s":"25N-H60N400F-81-F4"},{"r":"164","t":"18:43:23","h":"Est","s":"25N-H60NV10I-80-I"},{"r":"164","t":"18:43:23","h":"Est","s":"25N-H60NV20I-80-I"},{"r":"164","t":"18:43:23","h":"Est","s":"25S-H60S000I-80-I"},{"r":"164","t":"18:43:23","h":"Est","s":"25S-H60S100F-82-F1"},{"r":"164","t":"18:43:23","h":"Est","s":"25S-H60S200F-81-F2"},{"r":"164","t":"18:45:36","h":"Est","s":"25N-H60N000S-80-S"},{"r":"164","t":"18:45:36","h":"Est","s":"25N-H60N000S-98-S"},{"r":"164","t":"18:45:36","h":"Est","s":"25N-H60NV10S-98-S"},{"r":"164","t":"18:45:36","h":"Est","s":"25N-H60NV20S-98-S"},{"r":"164","t":"18:45:36","h":"Est","s":"25S-H60S000S-80-S"},{"r":"164","t":"18:46:09","h":"Est","s":"25N-H60N000A-80-A"},{"r":"164","t":"18:46:09","h":"Est","s":"25N-H60NV10A-80-A"},{"r":"164","t":"18:46:09","h":"Est","s":"25N-H60NV20A-80-A"},{"r":"164","t":"18:46:09","h":"Est","s":"25S-H60S000A-80-A"},{"r":"177","t":"18:55:10","h":"Ouest","s":"25N-H60N000A-80-A"},{"r":"177","t":"18:55:10","h":"Ouest","s":"25N-H60NV10A-80-A"},{"r":"177","t":"18:55:10","h":"Ouest","s":"25N-H60NV20A-80-A"},{"r":"177","t":"18:55:10","h":"Ouest","s":"25S-H60S000A-80-A"},{"r":"177","t":"18:56:10","h":"Ouest","s":"25N-H60N000I-80-I"},{"r":"177","t":"18:56:10","h":"Ouest","s":"25N-H60N100F-81-F1"},{"r":"177","t":"18:56:10","h":"Ouest","s":"25N-H60N200F-81-F2"},{"r":"177","t":"18:56:10","h":"Ouest","s":"25N-H60N300F-82-F3"},{"r":"177","t":"18:56:10","h":"Ouest","s":"25N-H60N400F-81-F4"},{"r":"177","t":"18:56:10","h":"Ouest","s":"25N-H60NV10I-80-I"},{"r":"177","t":"18:56:10","h":"Ouest","s":"25N-H60NV20I-80-I"},{"r":"177","t":"18:56:10","h":"Ouest","s":"25S-H60S000I-80-I"},{"r":"177","t":"18:56:10","h":"Ouest","s":"25S-H60S100F-82-F1"},{"r":"177","t":"18:56:10","h":"Ouest","s":"25S-H60S200F-81-F2"},{"r":"177","t":"19:09:18","h":"Ouest","s":"25N-H60N000S-80-S"},{"r":"177","t":"19:09:18","h":"Ouest","s":"25N-H60N000S-98-S"},{"r":"177","t":"19:09:18","h":"Ouest","s":"25N-H60NV10S-98-S"},{"r":"177","t":"19:09:18","h":"Ouest","s":"25N-H60NV20S-98-S"},{"r":"177","t":"19:09:18","h":"Ouest","s":"25S-H60S000S-80-S"},{"r":"164","t":"19:12:09","h":"Est","s":"25N-H60N000I-80-I"},{"r":"164","t":"19:12:09","h":"Est","s":"25N-H60N100F-81-F1"},{"r":"164","t":"19:12:09","h":"Est","s":"25N-H60N200F-81-F2"},{"r":"164","t":"19:12:09","h":"Est","s":"25N-H60N300F-82-F3"},{"r":"164","t":"19:12:09","h":"Est","s":"25N-H60N400F-81-F4"},{"r":"164","t":"19:12:09","h":"Est","s":"25N-H60NV10I-80-I"},{"r":"164","t":"19:12:09","h":"Est","s":"25N-H60NV20I-80-I"},{"r":"164","t":"19:12:09","h":"Est","s":"25S-H60S000I-80-I"},{"r":"164","t":"19:12:09","h":"Est","s":"25S-H60S100F-82-F1"},{"r":"164","t":"19:12:09","h":"Est","s":"25S-H60S200F-81-F2"},{"r":"164","t":"19:16:09","h":"Est","s":"25N-H60N000A-80-A"},{"r":"164","t":"19:16:09","h":"Est","s":"25N-H60NV10A-80-A"},{"r":"164","t":"19:16:09","h":"Est","s":"25N-H60NV20A-80-A"},{"r":"164","t":"19:16:09","h":"Est","s":"25S-H60S000A-80-A"},{"r":"164","t":"19:16:23","h":"Est","s":"25N-H60N000S-80-S"},{"r":"164","t":"19:16:23","h":"Est","s":"25N-H60N000S-98-S"},{"r":"164","t":"19:16:23","h":"Est","s":"25N-H60NV10S-98-S"},{"r":"164","t":"19:16:23","h":"Est","s":"25N-H60NV20S-98-S"},{"r":"164","t":"19:16:23","h":"Est","s":"25S-H60S000S-80-S"},{"r":"177","t":"19:25:10","h":"Ouest","s":"25N-H60N000A-80-A"},{"r":"177","t":"19:25:10","h":"Ouest","s":"25N-H60NV10A-80-A"},{"r":"177","t":"19:25:10","h":"Ouest","s":"25N-H60NV20A-80-A"},{"r":"177","t":"19:25:10","h":"Ouest","s":"25S-H60S000A-80-A"},{"r":"177","t":"19:26:10","h":"Ouest","s":"25N-H60N000I-80-I"},{"r":"177","t":"19:26:10","h":"Ouest","s":"25N-H60N100F-81-F1"},{"r":"177","t":"19:26:10","h":"Ouest","s":"25N-H60N200F-81-F2"},{"r":"177","t":"19:26:10","h":"Ouest","s":"25N-H60N300F-82-F3"},{"r":"177","t":"19:26:10","h":"Ouest","s":"25N-H60N400F-81-F4"},{"r":"177","t":"19:26:10","h":"Ouest","s":"25N-H60NV10I-80-I"},{"r":"177","t":"19:26:10","h":"Ouest","s":"25N-H60NV20I-80-I"},{"r":"177","t":"19:26:10","h":"Ouest","s":"25S-H60S000I-80-I"},{"r":"177","t":"19:26:10","h":"Ouest","s":"25S-H60S100F-82-F1"},{"r":"177","t":"19:26:10","h":"Ouest","s":"25S-H60S200F-81-F2"},{"r":"177","t":"19:39:18","h":"Ouest","s":"25N-H60N000S-80-S"},{"r":"177","t":"19:39:18","h":"Ouest","s":"25N-H60N000S-98-S"},{"r":"177","t":"19:39:18","h":"Ouest","s":"25N-H60NV10S-98-S"},{"r":"177","t":"19:39:18","h":"Ouest","s":"25N-H60NV20S-98-S"},{"r":"177","t":"19:39:18","h":"Ouest","s":"25S-H60S000S-80-S"},{"r":"164","t":"19:41:09","h":"Est","s":"25N-H60N000I-80-I"},{"r":"164","t":"19:41:09","h":"Est","s":"25N-H60N100F-81-F1"},{"r":"164","t":"19:41:09","h":"Est","s":"25N-H60N200F-81-F2"},{"r":"164","t":"19:41:09","h":"Est","s":"25N-H60N300F-82-F3"},{"r":"164","t":"19:41:09","h":"Est","s":"25N-H60N400F-81-F4"},{"r":"164","t":"19:41:09","h":"Est","s":"25N-H60NV10I-80-I"},{"r":"164","t":"19:41:09","h":"Est","s":"25N-H60NV20I-80-I"},{"r":"164","t":"19:41:09","h":"Est","s":"25S-H60S000I-80-I"},{"r":"164","t":"19:41:09","h":"Est","s":"25S-H60S100F-82-F1"},{"r":"164","t":"19:41:09","h":"Est","s":"25S-H60S200F-81-F2"},{"r":"164","t":"19:46:09","h":"Est","s":"25N-H60N000A-80-A"},{"r":"164","t":"19:46:09","h":"Est","s":"25N-H60NV10A-80-A"},{"r":"164","t":"19:46:09","h":"Est","s":"25N-H60NV20A-80-A"},{"r":"164","t":"19:46:09","h":"Est","s":"25S-H60S000A-80-A"},{"r":"164","t":"19:47:23","h":"Est","s":"25N-H60N000S-80-S"},{"r":"164","t":"19:47:23","h":"Est","s":"25N-H60N000S-98-S"},{"r":"164","t":"19:47:23","h":"Est","s":"25N-H60NV10S-98-S"},{"r":"164","t":"19:47:23","h":"Est","s":"25N-H60NV20S-98-S"},{"r":"164","t":"19:47:23","h":"Est","s":"25S-H60S000S-80-S"},{"r":"177","t":"19:55:10","h":"Ouest","s":"25N-H60N000A-80-A"},{"r":"177","t":"19:55:10","h":"Ouest","s":"25N-H60N000I-80-I"},{"r":"177","t":"19:55:10","h":"Ouest","s":"25N-H60N100F-81-F1"},{"r":"177","t":"19:55:10","h":"Ouest","s":"25N-H60N200F-81-F2"},{"r":"177","t":"19:55:10","h":"Ouest","s":"25N-H60N300F-82-F3"},{"r":"177","t":"19:55:10","h":"Ouest","s":"25N-H60N400F-81-F4"},{"r":"177","t":"19:55:10","h":"Ouest","s":"25N-H60NV10A-80-A"},{"r":"177","t":"19:55:10","h":"Ouest","s":"25N-H60NV10I-80-I"},{"r":"177","t":"19:55:10","h":"Ouest","s":"25N-H60NV20A-80-A"},{"r":"177","t":"19:55:10","h":"Ouest","s":"25N-H60NV20I-80-I"},{"r":"177","t":"19:55:10","h":"Ouest","s":"25S-H60S000A-80-A"},{"r":"177","t":"19:55:10","h":"Ouest","s":"25S-H60S000I-80-I"},{"r":"177","t":"19:55:10","h":"Ouest","s":"25S-H60S100F-82-F1"},{"r":"177","t":"19:55:10","h":"Ouest","s":"25S-H60S200F-81-F2"},{"r":"177","t":"20:08:18","h":"Ouest","s":"25N-H60N000S-80-S"},{"r":"177","t":"20:08:18","h":"Ouest","s":"25N-H60N000S-98-S"},{"r":"177","t":"20:08:18","h":"Ouest","s":"25N-H60NV10S-98-S"},{"r":"177","t":"20:08:18","h":"Ouest","s":"25N-H60NV20S-98-S"},{"r":"177","t":"20:08:18","h":"Ouest","s":"25S-H60S000S-80-S"},{"r":"164","t":"20:10:09","h":"Est","s":"25N-H60N000I-80-I"},{"r":"164","t":"20:10:09","h":"Est","s":"25N-H60N100F-81-F1"},{"r":"164","t":"20:10:09","h":"Est","s":"25N-H60N200F-81-F2"},{"r":"164","t":"20:10:09","h":"Est","s":"25N-H60N300F-82-F3"},{"r":"164","t":"20:10:09","h":"Est","s":"25N-H60N400F-81-F4"},{"r":"164","t":"20:10:09","h":"Est","s":"25N-H60NV10I-80-I"},{"r":"164","t":"20:10:09","h":"Est","s":"25N-H60NV20I-80-I"},{"r":"164","t":"20:10:09","h":"Est","s":"25S-H60S000I-80-I"},{"r":"164","t":"20:10:09","h":"Est","s":"25S-H60S100F-82-F1"},{"r":"164","t":"20:10:09","h":"Est","s":"25S-H60S200F-81-F2"},{"r":"164","t":"20:16:09","h":"Est","s":"25N-H60N000A-80-A"},{"r":"164","t":"20:16:09","h":"Est","s":"25N-H60NV10A-80-A"},{"r":"164","t":"20:16:09","h":"Est","s":"25N-H60NV20A-80-A"},{"r":"164","t":"20:16:09","h":"Est","s":"25S-H60S000A-80-A"},{"r":"164","t":"20:19:23","h":"Est","s":"25N-H60N000S-80-S"},{"r":"164","t":"20:19:23","h":"Est","s":"25N-H60N000S-98-S"},{"r":"164","t":"20:19:23","h":"Est","s":"25N-H60NV10S-98-S"},{"r":"164","t":"20:19:23","h":"Est","s":"25N-H60NV20S-98-S"},{"r":"164","t":"20:19:23","h":"Est","s":"25S-H60S000S-80-S"},{"r":"177","t":"20:24:10","h":"Ouest","s":"25N-H60N000A-80-A"},{"r":"177","t":"20:24:10","h":"Ouest","s":"25N-H60N000I-80-I"},{"r":"177","t":"20:24:10","h":"Ouest","s":"25N-H60N100F-81-F1"},{"r":"177","t":"20:24:10","h":"Ouest","s":"25N-H60N200F-81-F2"},{"r":"177","t":"20:24:10","h":"Ouest","s":"25N-H60N300F-82-F3"},{"r":"177","t":"20:24:10","h":"Ouest","s":"25N-H60N400F-81-F4"},{"r":"177","t":"20:24:10","h":"Ouest","s":"25N-H60NV10A-80-A"},{"r":"177","t":"20:24:10","h":"Ouest","s":"25N-H60NV10I-80-I"},{"r":"177","t":"20:24:10","h":"Ouest","s":"25N-H60NV20A-80-A"},{"r":"177","t":"20:24:10","h":"Ouest","s":"25N-H60NV20I-80-I"},{"r":"177","t":"20:24:10","h":"Ouest","s":"25S-H60S000A-80-A"},{"r":"177","t":"20:24:10","h":"Ouest","s":"25S-H60S000I-80-I"},{"r":"177","t":"20:24:10","h":"Ouest","s":"25S-H60S100F-82-F1"},{"r":"177","t":"20:24:10","h":"Ouest","s":"25S-H60S200F-81-F2"},{"r":"177","t":"20:37:18","h":"Ouest","s":"25N-H60N000S-80-S"},{"r":"177","t":"20:37:18","h":"Ouest","s":"25N-H60N000S-98-S"},{"r":"177","t":"20:37:18","h":"Ouest","s":"25N-H60NV10S-98-S"},{"r":"177","t":"20:37:18","h":"Ouest","s":"25N-H60NV20S-98-S"},{"r":"177","t":"20:37:18","h":"Ouest","s":"25S-H60S000S-80-S"},{"r":"164","t":"20:39:09","h":"Est","s":"25N-H60N000I-80-I"},{"r":"164","t":"20:39:09","h":"Est","s":"25N-H60N100F-81-F1"},{"r":"164","t":"20:39:09","h":"Est","s":"25N-H60N200F-81-F2"},{"r":"164","t":"20:39:09","h":"Est","s":"25N-H60N300F-82-F3"},{"r":"164","t":"20:39:09","h":"Est","s":"25N-H60N400F-81-F4"},{"r":"164","t":"20:39:09","h":"Est","s":"25N-H60NV10I-80-I"},{"r":"164","t":"20:39:09","h":"Est","s":"25N-H60NV20I-80-I"},{"r":"164","t":"20:39:09","h":"Est","s":"25S-H60S000I-80-I"},{"r":"164","t":"20:39:09","h":"Est","s":"25S-H60S100F-82-F1"},{"r":"164","t":"20:39:09","h":"Est","s":"25S-H60S200F-81-F2"},{"r":"164","t":"20:46:09","h":"Est","s":"25N-H60N000A-80-A"},{"r":"164","t":"20:46:09","h":"Est","s":"25N-H60NV10A-80-A"},{"r":"164","t":"20:46:09","h":"Est","s":"25N-H60NV20A-80-A"},{"r":"164","t":"20:46:09","h":"Est","s":"25S-H60S000A-80-A"},{"r":"164","t":"20:51:23","h":"Est","s":"25N-H60N000S-80-S"},{"r":"164","t":"20:51:23","h":"Est","s":"25N-H60N000S-98-S"},{"r":"164","t":"20:51:23","h":"Est","s":"25N-H60NV10S-98-S"},{"r":"164","t":"20:51:23","h":"Est","s":"25N-H60NV20S-98-S"},{"r":"164","t":"20:51:23","h":"Est","s":"25S-H60S000S-80-S"},{"r":"177","t":"20:52:10","h":"Ouest","s":"25N-H60N000A-80-A"},{"r":"177","t":"20:52:10","h":"Ouest","s":"25N-H60NV10A-80-A"},{"r":"177","t":"20:52:10","h":"Ouest","s":"25N-H60NV20A-80-A"},{"r":"177","t":"20:52:10","h":"Ouest","s":"25S-H60S000A-80-A"},{"r":"177","t":"20:53:10","h":"Ouest","s":"25N-H60N000I-80-I"},{"r":"177","t":"20:53:10","h":"Ouest","s":"25N-H60N100F-81-F1"},{"r":"177","t":"20:53:10","h":"Ouest","s":"25N-H60N200F-81-F2"},{"r":"177","t":"20:53:10","h":"Ouest","s":"25N-H60N300F-82-F3"},{"r":"177","t":"20:53:10","h":"Ouest","s":"25N-H60N400F-81-F4"},{"r":"177","t":"20:53:10","h":"Ouest","s":"25N-H60NV10I-80-I"},{"r":"177","t":"20:53:10","h":"Ouest","s":"25N-H60NV20I-80-I"},{"r":"177","t":"20:53:10","h":"Ouest","s":"25S-H60S000I-80-I"},{"r":"177","t":"20:53:10","h":"Ouest","s":"25S-H60S100F-82-F1"},{"r":"177","t":"20:53:10","h":"Ouest","s":"25S-H60S200F-81-F2"},{"r":"177","t":"21:06:18","h":"Ouest","s":"25N-H60N000S-80-S"},{"r":"177","t":"21:06:18","h":"Ouest","s":"25N-H60N000S-98-S"},{"r":"177","t":"21:06:18","h":"Ouest","s":"25N-H60NV10S-98-S"},{"r":"177","t":"21:06:18","h":"Ouest","s":"25N-H60NV20S-98-S"},{"r":"177","t":"21:06:18","h":"Ouest","s":"25S-H60S000S-80-S"},{"r":"164","t":"21:09:09","h":"Est","s":"25N-H60N000I-80-I"},{"r":"164","t":"21:09:09","h":"Est","s":"25N-H60N100F-81-F1"},{"r":"164","t":"21:09:09","h":"Est","s":"25N-H60N200F-81-F2"},{"r":"164","t":"21:09:09","h":"Est","s":"25N-H60N300F-82-F3"},{"r":"164","t":"21:09:09","h":"Est","s":"25N-H60N400F-81-F4"},{"r":"164","t":"21:09:09","h":"Est","s":"25N-H60NV10I-80-I"},{"r":"164","t":"21:09:09","h":"Est","s":"25N-H60NV20I-80-I"},{"r":"164","t":"21:09:09","h":"Est","s":"25S-H60S000I-80-I"},{"r":"164","t":"21:09:09","h":"Est","s":"25S-H60S100F-82-F1"},{"r":"164","t":"21:09:09","h":"Est","s":"25S-H60S200F-81-F2"},{"r":"164","t":"21:16:09","h":"Est","s":"25N-H60N000A-80-A"},{"r":"164","t":"21:16:09","h":"Est","s":"25N-H60NV10A-80-A"},{"r":"164","t":"21:16:09","h":"Est","s":"25N-H60NV20A-80-A"},{"r":"164","t":"21:16:09","h":"Est","s":"25S-H60S000A-80-A"},{"r":"177","t":"21:21:10","h":"Ouest","s":"25N-H60N000A-80-A"},{"r":"177","t":"21:21:10","h":"Ouest","s":"25N-H60NV10A-80-A"},{"r":"177","t":"21:21:10","h":"Ouest","s":"25N-H60NV20A-80-A"},{"r":"177","t":"21:21:10","h":"Ouest","s":"25S-H60S000A-80-A"},{"r":"177","t":"21:22:10","h":"Ouest","s":"25N-H60N000I-80-I"},{"r":"177","t":"21:22:10","h":"Ouest","s":"25N-H60N100F-81-F1"},{"r":"177","t":"21:22:10","h":"Ouest","s":"25N-H60N200F-81-F2"},{"r":"177","t":"21:22:10","h":"Ouest","s":"25N-H60N300F-82-F3"},{"r":"177","t":"21:22:10","h":"Ouest","s":"25N-H60N400F-81-F4"},{"r":"177","t":"21:22:10","h":"Ouest","s":"25N-H60NV10I-80-I"},{"r":"177","t":"21:22:10","h":"Ouest","s":"25N-H60NV20I-80-I"},{"r":"177","t":"21:22:10","h":"Ouest","s":"25S-H60S000I-80-I"},{"r":"177","t":"21:22:10","h":"Ouest","s":"25S-H60S100F-82-F1"},{"r":"177","t":"21:22:10","h":"Ouest","s":"25S-H60S200F-81-F2"},{"r":"164","t":"21:23:23","h":"Est","s":"25N-H60N000S-80-S"},{"r":"164","t":"21:23:23","h":"Est","s":"25N-H60N000S-98-S"},{"r":"164","t":"21:23:23","h":"Est","s":"25N-H60NV10S-98-S"},{"r":"164","t":"21:23:23","h":"Est","s":"25N-H60NV20S-98-S"},{"r":"164","t":"21:23:23","h":"Est","s":"25S-H60S000S-80-S"},{"r":"177","t":"21:35:18","h":"Ouest","s":"25N-H60N000S-80-S"},{"r":"177","t":"21:35:18","h":"Ouest","s":"25N-H60N000S-98-S"},{"r":"177","t":"21:35:18","h":"Ouest","s":"25N-H60NV10S-98-S"},{"r":"177","t":"21:35:18","h":"Ouest","s":"25N-H60NV20S-98-S"},{"r":"177","t":"21:35:18","h":"Ouest","s":"25S-H60S000S-80-S"},{"r":"164","t":"21:39:09","h":"Est","s":"25N-H60N000I-80-I"},{"r":"164","t":"21:39:09","h":"Est","s":"25N-H60N100F-81-F1"},{"r":"164","t":"21:39:09","h":"Est","s":"25N-H60N200F-81-F2"},{"r":"164","t":"21:39:09","h":"Est","s":"25N-H60N300F-82-F3"},{"r":"164","t":"21:39:09","h":"Est","s":"25N-H60N400F-81-F4"},{"r":"164","t":"21:39:09","h":"Est","s":"25N-H60NV10I-80-I"},{"r":"164","t":"21:39:09","h":"Est","s":"25N-H60NV20I-80-I"},{"r":"164","t":"21:39:09","h":"Est","s":"25S-H60S000I-80-I"},{"r":"164","t":"21:39:09","h":"Est","s":"25S-H60S100F-82-F1"},{"r":"164","t":"21:39:09","h":"Est","s":"25S-H60S200F-81-F2"},{"r":"164","t":"21:46:09","h":"Est","s":"25N-H60N000A-80-A"},{"r":"164","t":"21:46:09","h":"Est","s":"25N-H60NV10A-80-A"},{"r":"164","t":"21:46:09","h":"Est","s":"25N-H60NV20A-80-A"},{"r":"164","t":"21:46:09","h":"Est","s":"25S-H60S000A-80-A"},{"r":"177","t":"21:51:10","h":"Ouest","s":"25N-H60N000A-80-A"},{"r":"177","t":"21:51:10","h":"Ouest","s":"25N-H60NV10A-80-A"},{"r":"177","t":"21:51:10","h":"Ouest","s":"25N-H60NV20A-80-A"},{"r":"177","t":"21:51:10","h":"Ouest","s":"25S-H60S000A-80-A"},{"r":"177","t":"21:52:10","h":"Ouest","s":"25N-H60N000I-80-I"},{"r":"177","t":"21:52:10","h":"Ouest","s":"25N-H60N100F-81-F1"},{"r":"177","t":"21:52:10","h":"Ouest","s":"25N-H60N200F-81-F2"},{"r":"177","t":"21:52:10","h":"Ouest","s":"25N-H60N300F-82-F3"},{"r":"177","t":"21:52:10","h":"Ouest","s":"25N-H60N400F-81-F4"},{"r":"177","t":"21:52:10","h":"Ouest","s":"25N-H60NV10I-80-I"},{"r":"177","t":"21:52:10","h":"Ouest","s":"25N-H60NV20I-80-I"},{"r":"177","t":"21:52:10","h":"Ouest","s":"25S-H60S000I-80-I"},{"r":"177","t":"21:52:10","h":"Ouest","s":"25S-H60S100F-82-F1"},{"r":"177","t":"21:52:10","h":"Ouest","s":"25S-H60S200F-81-F2"},{"r":"164","t":"21:56:23","h":"Est","s":"25N-H60N000S-80-S"},{"r":"164","t":"21:56:23","h":"Est","s":"25N-H60N000S-98-S"},{"r":"164","t":"21:56:23","h":"Est","s":"25N-H60NV10S-98-S"},{"r":"164","t":"21:56:23","h":"Est","s":"25N-H60NV20S-98-S"},{"r":"164","t":"21:56:23","h":"Est","s":"25S-H60S000S-80-S"},{"r":"177","t":"22:03:18","h":"Ouest","s":"25N-H60N000S-80-S"},{"r":"177","t":"22:03:18","h":"Ouest","s":"25N-H60N000S-98-S"},{"r":"177","t":"22:03:18","h":"Ouest","s":"25N-H60NV10S-98-S"},{"r":"177","t":"22:03:18","h":"Ouest","s":"25N-H60NV20S-98-S"},{"r":"177","t":"22:03:18","h":"Ouest","s":"25S-H60S000S-80-S"},{"r":"164","t":"22:09:09","h":"Est","s":"25N-H60N000I-80-I"},{"r":"164","t":"22:09:09","h":"Est","s":"25N-H60N100F-81-F1"},{"r":"164","t":"22:09:09","h":"Est","s":"25N-H60N200F-81-F2"},{"r":"164","t":"22:09:09","h":"Est","s":"25N-H60N300F-82-F3"},{"r":"164","t":"22:09:09","h":"Est","s":"25N-H60N400F-81-F4"},{"r":"164","t":"22:09:09","h":"Est","s":"25N-H60NV10I-80-I"},{"r":"164","t":"22:09:09","h":"Est","s":"25N-H60NV20I-80-I"},{"r":"164","t":"22:09:09","h":"Est","s":"25S-H60S000I-80-I"},{"r":"164","t":"22:09:09","h":"Est","s":"25S-H60S100F-82-F1"},{"r":"164","t":"22:09:09","h":"Est","s":"25S-H60S200F-81-F2"},{"r":"164","t":"22:16:09","h":"Est","s":"25N-H60N000A-80-A"},{"r":"164","t":"22:16:09","h":"Est","s":"25N-H60NV10A-80-A"},{"r":"164","t":"22:16:09","h":"Est","s":"25N-H60NV20A-80-A"},{"r":"164","t":"22:16:09","h":"Est","s":"25S-H60S000A-80-A"},{"r":"177","t":"22:21:10","h":"Ouest","s":"25N-H60N000A-80-A"},{"r":"177","t":"22:21:10","h":"Ouest","s":"25N-H60NV10A-80-A"},{"r":"177","t":"22:21:10","h":"Ouest","s":"25N-H60NV20A-80-A"},{"r":"177","t":"22:21:10","h":"Ouest","s":"25S-H60S000A-80-A"},{"r":"177","t":"22:22:10","h":"Ouest","s":"25N-H60N000I-80-I"},{"r":"177","t":"22:22:10","h":"Ouest","s":"25N-H60N100F-81-F1"},{"r":"177","t":"22:22:10","h":"Ouest","s":"25N-H60N200F-81-F2"},{"r":"177","t":"22:22:10","h":"Ouest","s":"25N-H60N300F-82-F3"},{"r":"177","t":"22:22:10","h":"Ouest","s":"25N-H60N400F-81-F4"},{"r":"177","t":"22:22:10","h":"Ouest","s":"25N-H60NV10I-80-I"},{"r":"177","t":"22:22:10","h":"Ouest","s":"25N-H60NV20I-80-I"},{"r":"177","t":"22:22:10","h":"Ouest","s":"25S-H60S000I-80-I"},{"r":"177","t":"22:22:10","h":"Ouest","s":"25S-H60S100F-82-F1"},{"r":"177","t":"22:22:10","h":"Ouest","s":"25S-H60S200F-81-F2"},{"r":"164","t":"22:28:23","h":"Est","s":"25N-H60N000S-80-S"},{"r":"164","t":"22:28:23","h":"Est","s":"25N-H60N000S-98-S"},{"r":"164","t":"22:28:23","h":"Est","s":"25N-H60NV10S-98-S"},{"r":"164","t":"22:28:23","h":"Est","s":"25N-H60NV20S-98-S"},{"r":"164","t":"22:28:23","h":"Est","s":"25S-H60S000S-80-S"},{"r":"177","t":"22:31:18","h":"Ouest","s":"25N-H60N000S-80-S"},{"r":"177","t":"22:31:18","h":"Ouest","s":"25N-H60N000S-98-S"},{"r":"177","t":"22:31:18","h":"Ouest","s":"25N-H60NV10S-98-S"},{"r":"177","t":"22:31:18","h":"Ouest","s":"25N-H60NV20S-98-S"},{"r":"177","t":"22:31:18","h":"Ouest","s":"25S-H60S000S-80-S"},{"r":"164","t":"22:40:09","h":"Est","s":"25N-H60N000I-80-I"},{"r":"164","t":"22:40:09","h":"Est","s":"25N-H60N100F-81-F1"},{"r":"164","t":"22:40:09","h":"Est","s":"25N-H60N200F-81-F2"},{"r":"164","t":"22:40:09","h":"Est","s":"25N-H60N300F-82-F3"},{"r":"164","t":"22:40:09","h":"Est","s":"25N-H60N400F-81-F4"},{"r":"164","t":"22:40:09","h":"Est","s":"25N-H60NV10I-80-I"},{"r":"164","t":"22:40:09","h":"Est","s":"25N-H60NV20I-80-I"},{"r":"164","t":"22:40:09","h":"Est","s":"25S-H60S000I-80-I"},{"r":"164","t":"22:40:09","h":"Est","s":"25S-H60S100F-82-F1"},{"r":"164","t":"22:40:09","h":"Est","s":"25S-H60S200F-81-F2"},{"r":"164","t":"22:47:09","h":"Est","s":"25N-H60N000A-80-A"},{"r":"164","t":"22:47:09","h":"Est","s":"25N-H60NV10A-80-A"},{"r":"164","t":"22:47:09","h":"Est","s":"25N-H60NV20A-80-A"},{"r":"164","t":"22:47:09","h":"Est","s":"25S-H60S000A-80-A"},{"r":"177","t":"22:50:10","h":"Ouest","s":"25N-H60N000A-80-A"},{"r":"177","t":"22:50:10","h":"Ouest","s":"25N-H60NV10A-80-A"},{"r":"177","t":"22:50:10","h":"Ouest","s":"25N-H60NV20A-80-A"},{"r":"177","t":"22:50:10","h":"Ouest","s":"25S-H60S000A-80-A"},{"r":"177","t":"22:52:10","h":"Ouest","s":"25N-H60N000I-80-I"},{"r":"177","t":"22:52:10","h":"Ouest","s":"25N-H60N100F-81-F1"},{"r":"177","t":"22:52:10","h":"Ouest","s":"25N-H60N200F-81-F2"},{"r":"177","t":"22:52:10","h":"Ouest","s":"25N-H60N300F-82-F3"},{"r":"177","t":"22:52:10","h":"Ouest","s":"25N-H60N400F-81-F4"},{"r":"177","t":"22:52:10","h":"Ouest","s":"25N-H60NV10I-80-I"},{"r":"177","t":"22:52:10","h":"Ouest","s":"25N-H60NV20I-80-I"},{"r":"177","t":"22:52:10","h":"Ouest","s":"25S-H60S000I-80-I"},{"r":"177","t":"22:52:10","h":"Ouest","s":"25S-H60S100F-82-F1"},{"r":"177","t":"22:52:10","h":"Ouest","s":"25S-H60S200F-81-F2"},{"r":"177","t":"22:58:18","h":"Ouest","s":"25N-H60N000S-80-S"},{"r":"177","t":"22:58:18","h":"Ouest","s":"25N-H60N000S-98-S"},{"r":"177","t":"22:58:18","h":"Ouest","s":"25N-H60NV10S-98-S"},{"r":"177","t":"22:58:18","h":"Ouest","s":"25N-H60NV20S-98-S"},{"r":"177","t":"22:58:18","h":"Ouest","s":"25S-H60S000S-80-S"},{"r":"164","t":"23:01:23","h":"Est","s":"25N-H60N000S-80-S"},{"r":"164","t":"23:01:23","h":"Est","s":"25N-H60N000S-98-S"},{"r":"164","t":"23:01:23","h":"Est","s":"25N-H60NV10S-98-S"},{"r":"164","t":"23:01:23","h":"Est","s":"25N-H60NV20S-98-S"},{"r":"164","t":"23:01:23","h":"Est","s":"25S-H60S000S-80-S"},{"r":"164","t":"23:11:55","h":"Est","s":"25N-H60N000I-80-I"},{"r":"164","t":"23:11:55","h":"Est","s":"25N-H60N100F-81-F1"},{"r":"164","t":"23:11:55","h":"Est","s":"25N-H60N200F-81-F2"},{"r":"164","t":"23:11:55","h":"Est","s":"25N-H60N300F-82-F3"},{"r":"164","t":"23:11:55","h":"Est","s":"25N-H60N400F-81-F4"},{"r":"164","t":"23:11:55","h":"Est","s":"25N-H60NV10I-80-I"},{"r":"164","t":"23:11:55","h":"Est","s":"25N-H60NV20I-80-I"},{"r":"164","t":"23:11:55","h":"Est","s":"25S-H60S000I-80-I"},{"r":"164","t":"23:11:55","h":"Est","s":"25S-H60S100F-82-F1"},{"r":"164","t":"23:11:55","h":"Est","s":"25S-H60S200F-81-F2"},{"r":"164","t":"23:18:09","h":"Est","s":"25N-H60N000A-80-A"},{"r":"164","t":"23:18:09","h":"Est","s":"25N-H60NV10A-80-A"},{"r":"164","t":"23:18:09","h":"Est","s":"25N-H60NV20A-80-A"},{"r":"164","t":"23:18:09","h":"Est","s":"25S-H60S000A-80-A"},{"r":"177","t":"23:19:10","h":"Ouest","s":"25N-H60N000A-80-A"},{"r":"177","t":"23:19:10","h":"Ouest","s":"25N-H60NV10A-80-A"},{"r":"177","t":"23:19:10","h":"Ouest","s":"25N-H60NV20A-80-A"},{"r":"177","t":"23:19:10","h":"Ouest","s":"25S-H60S000A-80-A"},{"r":"177","t":"23:22:10","h":"Ouest","s":"25N-H60N000I-80-I"},{"r":"177","t":"23:22:10","h":"Ouest","s":"25N-H60N100F-81-F1"},{"r":"177","t":"23:22:10","h":"Ouest","s":"25N-H60N200F-81-F2"},{"r":"177","t":"23:22:10","h":"Ouest","s":"25N-H60N300F-82-F3"},{"r":"177","t":"23:22:10","h":"Ouest","s":"25N-H60N400F-81-F4"},{"r":"177","t":"23:22:10","h":"Ouest","s":"25N-H60NV10I-80-I"},{"r":"177","t":"23:22:10","h":"Ouest","s":"25N-H60NV20I-80-I"},{"r":"177","t":"23:22:10","h":"Ouest","s":"25S-H60S000I-80-I"},{"r":"177","t":"23:22:10","h":"Ouest","s":"25S-H60S100F-82-F1"},{"r":"177","t":"23:22:10","h":"Ouest","s":"25S-H60S200F-81-F2"},{"r":"177","t":"23:25:18","h":"Ouest","s":"25N-H60N000S-80-S"},{"r":"177","t":"23:25:18","h":"Ouest","s":"25N-H60N000S-98-S"},{"r":"177","t":"23:25:18","h":"Ouest","s":"25N-H60NV10S-98-S"},{"r":"177","t":"23:25:18","h":"Ouest","s":"25N-H60NV20S-98-S"},{"r":"177","t":"23:25:18","h":"Ouest","s":"25S-H60S000S-80-S"},{"r":"164","t":"23:35:23","h":"Est","s":"25N-H60N000S-80-S"},{"r":"164","t":"23:35:23","h":"Est","s":"25N-H60N000S-98-S"},{"r":"164","t":"23:35:23","h":"Est","s":"25N-H60NV10S-98-S"},{"r":"164","t":"23:35:23","h":"Est","s":"25N-H60NV20S-98-S"},{"r":"164","t":"23:35:23","h":"Est","s":"25S-H60S000S-80-S"},{"r":"164","t":"23:43:55","h":"Est","s":"25N-H60N000I-80-I"},{"r":"164","t":"23:43:55","h":"Est","s":"25N-H60N100F-81-F1"},{"r":"164","t":"23:43:55","h":"Est","s":"25N-H60N200F-81-F2"},{"r":"164","t":"23:43:55","h":"Est","s":"25N-H60N300F-82-F3"},{"r":"164","t":"23:43:55","h":"Est","s":"25N-H60N400F-81-F4"},{"r":"164","t":"23:43:55","h":"Est","s":"25N-H60NV10I-80-I"},{"r":"164","t":"23:43:55","h":"Est","s":"25N-H60NV20I-80-I"},{"r":"164","t":"23:43:55","h":"Est","s":"25S-H60S000I-80-I"},{"r":"164","t":"23:43:55","h":"Est","s":"25S-H60S100F-82-F1"},{"r":"164","t":"23:43:55","h":"Est","s":"25S-H60S200F-81-F2"},{"r":"177","t":"23:47:10","h":"Ouest","s":"25N-H60N000A-80-A"},{"r":"177","t":"23:47:10","h":"Ouest","s":"25N-H60NV10A-80-A"},{"r":"177","t":"23:47:10","h":"Ouest","s":"25N-H60NV20A-80-A"},{"r":"177","t":"23:47:10","h":"Ouest","s":"25S-H60S000A-80-A"},{"r":"164","t":"23:49:09","h":"Est","s":"25N-H60N000A-80-A"},{"r":"164","t":"23:49:09","h":"Est","s":"25N-H60NV10A-80-A"},{"r":"164","t":"23:49:09","h":"Est","s":"25N-H60NV20A-80-A"},{"r":"164","t":"23:49:09","h":"Est","s":"25S-H60S000A-80-A"},{"r":"177","t":"23:50:18","h":"Ouest","s":"25N-H60N000I-80-I"},{"r":"177","t":"23:50:18","h":"Ouest","s":"25N-H60N100F-81-F1"},{"r":"177","t":"23:50:18","h":"Ouest","s":"25N-H60N200F-81-F2"},{"r":"177","t":"23:50:18","h":"Ouest","s":"25N-H60N300F-82-F3"},{"r":"177","t":"23:50:18","h":"Ouest","s":"25N-H60N400F-81-F4"},{"r":"177","t":"23:50:18","h":"Ouest","s":"25N-H60NV10I-80-I"},{"r":"177","t":"23:50:18","h":"Ouest","s":"25N-H60NV20I-80-I"},{"r":"177","t":"23:50:18","h":"Ouest","s":"25S-H60S000I-80-I"},{"r":"177","t":"23:50:18","h":"Ouest","s":"25S-H60S100F-82-F1"},{"r":"177","t":"23:50:18","h":"Ouest","s":"25S-H60S200F-81-F2"},{"r":"177","t":"23:54:18","h":"Ouest","s":"25N-H60N000S-80-S"},{"r":"177","t":"23:54:18","h":"Ouest","s":"25N-H60N000S-98-S"},{"r":"177","t":"23:54:18","h":"Ouest","s":"25N-H60NV10S-98-S"},{"r":"177","t":"23:54:18","h":"Ouest","s":"25N-H60NV20S-98-S"},{"r":"177","t":"23:54:18","h":"Ouest","s":"25S-H60S000S-80-S"},{"r":"164","t":"24:14:55","h":"Est","s":"25N-H60N000I-80-I"},{"r":"164","t":"24:14:55","h":"Est","s":"25N-H60N100F-81-F1"},{"r":"164","t":"24:14:55","h":"Est","s":"25N-H60N200F-81-F2"},{"r":"164","t":"24:14:55","h":"Est","s":"25N-H60N300F-82-F3"},{"r":"164","t":"24:14:55","h":"Est","s":"25N-H60N400F-81-F4"},{"r":"164","t":"24:14:55","h":"Est","s":"25N-H60NV10I-80-I"},{"r":"164","t":"24:14:55","h":"Est","s":"25N-H60NV20I-80-I"},{"r":"164","t":"24:14:55","h":"Est","s":"25S-H60S000I-80-I"},{"r":"164","t":"24:14:55","h":"Est","s":"25S-H60S100F-82-F1"},{"r":"164","t":"24:14:55","h":"Est","s":"25S-H60S200F-81-F2"},{"r":"164","t":"24:15:23","h":"Est","s":"25N-H60N000S-80-S"},{"r":"164","t":"24:15:23","h":"Est","s":"25N-H60N000S-98-S"},{"r":"164","t":"24:15:23","h":"Est","s":"25N-H60NV10S-98-S"},{"r":"164","t":"24:15:23","h":"Est","s":"25N-H60NV20S-98-S"},{"r":"164","t":"24:15:23","h":"Est","s":"25S-H60S000S-80-S"},{"r":"177","t":"24:16:10","h":"Ouest","s":"25N-H60N000A-80-A"},{"r":"177","t":"24:16:10","h":"Ouest","s":"25N-H60NV10A-80-A"},{"r":"177","t":"24:16:10","h":"Ouest","s":"25N-H60NV20A-80-A"},{"r":"177","t":"24:16:10","h":"Ouest","s":"25S-H60S000A-80-A"},{"r":"177","t":"24:18:18","h":"Ouest","s":"25N-H60N000I-80-I"},{"r":"177","t":"24:18:18","h":"Ouest","s":"25N-H60N100F-81-F1"},{"r":"177","t":"24:18:18","h":"Ouest","s":"25N-H60N200F-81-F2"},{"r":"177","t":"24:18:18","h":"Ouest","s":"25N-H60N300F-82-F3"},{"r":"177","t":"24:18:18","h":"Ouest","s":"25N-H60N400F-81-F4"},{"r":"177","t":"24:18:18","h":"Ouest","s":"25N-H60NV10I-80-I"},{"r":"177","t":"24:18:18","h":"Ouest","s":"25N-H60NV20I-80-I"},{"r":"177","t":"24:18:18","h":"Ouest","s":"25S-H60S000I-80-I"},{"r":"177","t":"24:18:18","h":"Ouest","s":"25S-H60S100F-82-F1"},{"r":"177","t":"24:18:18","h":"Ouest","s":"25S-H60S200F-81-F2"},{"r":"164","t":"24:21:09","h":"Est","s":"25N-H60N000A-80-A"},{"r":"164","t":"24:21:09","h":"Est","s":"25N-H60NV10A-80-A"},{"r":"164","t":"24:21:09","h":"Est","s":"25N-H60NV20A-80-A"},{"r":"164","t":"24:21:09","h":"Est","s":"25S-H60S000A-80-A"},{"r":"177","t":"24:23:18","h":"Ouest","s":"25N-H60N000S-80-S"},{"r":"177","t":"24:23:18","h":"Ouest","s":"25N-H60N000S-98-S"},{"r":"177","t":"24:23:18","h":"Ouest","s":"25N-H60NV10S-98-S"},{"r":"177","t":"24:23:18","h":"Ouest","s":"25N-H60NV20S-98-S"},{"r":"177","t":"24:23:18","h":"Ouest","s":"25S-H60S000S-80-S"},{"r":"164","t":"24:44:55","h":"Est","s":"25N-H60N000I-80-I"},{"r":"164","t":"24:44:55","h":"Est","s":"25N-H60N100F-81-F1"},{"r":"164","t":"24:44:55","h":"Est","s":"25N-H60N200F-81-F2"},{"r":"164","t":"24:44:55","h":"Est","s":"25N-H60N300F-82-F3"},{"r":"164","t":"24:44:55","h":"Est","s":"25N-H60N400F-81-F4"},{"r":"164","t":"24:44:55","h":"Est","s":"25N-H60NV10I-80-I"},{"r":"164","t":"24:44:55","h":"Est","s":"25N-H60NV20I-80-I"},{"r":"164","t":"24:44:55","h":"Est","s":"25S-H60S000I-80-I"},{"r":"164","t":"24:44:55","h":"Est","s":"25S-H60S100F-82-F1"},{"r":"164","t":"24:44:55","h":"Est","s":"25S-H60S200F-81-F2"},{"r":"177","t":"24:46:10","h":"Ouest","s":"25N-H60N000A-80-A"},{"r":"177","t":"24:46:10","h":"Ouest","s":"25N-H60NV10A-80-A"},{"r":"177","t":"24:46:10","h":"Ouest","s":"25N-H60NV20A-80-A"},{"r":"177","t":"24:46:10","h":"Ouest","s":"25S-H60S000A-80-A"},{"r":"177","t":"24:46:18","h":"Ouest","s":"25N-H60N000I-80-I"},{"r":"177","t":"24:46:18","h":"Ouest","s":"25N-H60N100F-81-F1"},{"r":"177","t":"24:46:18","h":"Ouest","s":"25N-H60N200F-81-F2"},{"r":"177","t":"24:46:18","h":"Ouest","s":"25N-H60N300F-82-F3"},{"r":"177","t":"24:46:18","h":"Ouest","s":"25N-H60N400F-81-F4"},{"r":"177","t":"24:46:18","h":"Ouest","s":"25N-H60NV10I-80-I"},{"r":"177","t":"24:46:18","h":"Ouest","s":"25N-H60NV20I-80-I"},{"r":"177","t":"24:46:18","h":"Ouest","s":"25S-H60S000I-80-I"},{"r":"177","t":"24:46:18","h":"Ouest","s":"25S-H60S100F-82-F1"},{"r":"177","t":"24:46:18","h":"Ouest","s":"25S-H60S200F-81-F2"},{"r":"164","t":"24:53:09","h":"Est","s":"25N-H60N000A-80-A"},{"r":"164","t":"24:53:09","h":"Est","s":"25N-H60NV10A-80-A"},{"r":"164","t":"24:53:09","h":"Est","s":"25N-H60NV20A-80-A"},{"r":"164","t":"24:53:09","h":"Est","s":"25S-H60S000A-80-A"},{"r":"177","t":"24:53:18","h":"Ouest","s":"25N-H60N000S-80-S"},{"r":"177","t":"24:53:18","h":"Ouest","s":"25N-H60N000S-98-S"},{"r":"177","t":"24:53:18","h":"Ouest","s":"25N-H60NV10S-98-S"},{"r":"177","t":"24:53:18","h":"Ouest","s":"25N-H60NV20S-98-S"},{"r":"177","t":"24:53:18","h":"Ouest","s":"25S-H60S000S-80-S"},{"r":"164","t":"24:54:23","h":"Est","s":"25N-H60N000S-80-S"},{"r":"164","t":"24:54:23","h":"Est","s":"25N-H60N000S-98-S"},{"r":"164","t":"24:54:23","h":"Est","s":"25N-H60NV10S-98-S"},{"r":"164","t":"24:54:23","h":"Est","s":"25N-H60NV20S-98-S"},{"r":"164","t":"24:54:23","h":"Est","s":"25S-H60S000S-80-S"},{"r":"164","t":"25:24:09","h":"Est","s":"25N-H60N000A-80-A"},{"r":"164","t":"25:24:09","h":"Est","s":"25N-H60NV10A-80-A"},{"r":"164","t":"25:24:09","h":"Est","s":"25N-H60NV20A-80-A"},{"r":"164","t":"25:24:09","h":"Est","s":"25S-H60S000A-80-A"}]