[{"r":"409","t":"06:04:00","h":"Sud via Davignon","s":"25N-H60N000S-80-S"},{"r":"409","t":"06:04:00","h":"Sud via Davignon","s":"25N-H60N000S-98-S"},{"r":"409","t":"06:04:00","h":"Sud via Davignon","s":"25N-H60NV10S-98-S"},{"r":"409","t":"06:04:00","h":"Sud via Davignon","s":"25N-H60NV20S-98-S"},{"r":"409","t":"06:04:00","h":"Sud via Davignon","s":"25S-H60S000S-80-S"},{"r":"409","t":"06:33:00","h":"Sud via Davignon","s":"25N-H60N000S-80-S"},{"r":"409","t":"06:33:00","h":"Sud via Davignon","s":"25N-H60N000S-98-S"},{"r":"409","t":"06:33:00","h":"Sud via Davignon","s":"25N-H60NV10S-98-S"},{"r":"409","t":"06:33:00","h":"Sud via Davignon","s":"25N-H60NV20S-98-S"},{"r":"409","t":"06:33:00","h":"Sud via Davignon","s":"25S-H60S000S-80-S"},{"r":"216","t":"06:52:00","h":"Est","s":"25N-H60N000S-80-S"},{"r":"216","t":"06:52:00","h":"Est","s":"25N-H60N000S-98-S"},{"r":"216","t":"06:52:00","h":"Est","s":"25N-H60N200F-81-F2"},{"r":"216","t":"06:52:00","h":"Est","s":"25N-H60N400F-81-F4"},{"r":"216","t":"06:52:00","h":"Est","s":"25N-H60NV10S-98-S"},{"r":"216","t":"06:52:00","h":"Est","s":"25N-H60NV20S-98-S"},{"r":"216","t":"06:52:00","h":"Est","s":"25S-H60S000S-80-S"},{"r":"409","t":"07:06:00","h":"Sud via Davignon","s":"25N-H60N000S-80-S"},{"r":"409","t":"07:06:00","h":"Sud via Davignon","s":"25N-H60N000S-98-S"},{"r":"409","t":"07:06:00","h":"Sud via Davignon","s":"25N-H60NV10S-98-S"},{"r":"409","t":"07:06:00","h":"Sud via Davignon","s":"25N-H60NV20S-98-S"},{"r":"409","t":"07:06:00","h":"Sud via Davignon","s":"25S-H60S000S-80-S"},{"r":"216","t":"07:21:00","h":"Est","s":"25N-H60N000S-80-S"},{"r":"216","t":"07:21:00","h":"Est","s":"25N-H60N000S-98-S"},{"r":"216","t":"07:21:00","h":"Est","s":"25N-H60N200F-81-F2"},{"r":"216","t":"07:21:00","h":"Est","s":"25N-H60N400F-81-F4"},{"r":"216","t":"07:21:00","h":"Est","s":"25N-H60NV10S-98-S"},{"r":"216","t":"07:21:00","h":"Est","s":"25N-H60NV20S-98-S"},{"r":"216","t":"07:21:00","h":"Est","s":"25S-H60S000S-80-S"},{"r":"409","t":"07:27:00","h":"Sud via Davignon","s":"25N-H60N000S-80-S"},{"r":"409","t":"07:27:00","h":"Sud via Davignon","s":"25N-H60N000S-98-S"},{"r":"409","t":"07:27:00","h":"Sud via Davignon","s":"25N-H60NV10S-98-S"},{"r":"409","t":"07:27:00","h":"Sud via Davignon","s":"25N-H60NV20S-98-S"},{"r":"409","t":"07:27:00","h":"Sud via Davignon","s":"25S-H60S000S-80-S"},{"r":"409","t":"07:47:00","h":"Sud via Davignon","s":"25N-H60N000S-80-S"},{"r":"409","t":"07:47:00","h":"Sud via Davignon","s":"25N-H60N000S-98-S"},{"r":"409","t":"07:47:00","h":"Sud via Davignon","s":"25N-H60NV10S-98-S"},{"r":"409","t":"07:47:00","h":"Sud via Davignon","s":"25N-H60NV20S-98-S"},{"r":"409","t":"07:47:00","h":"Sud via Davignon","s":"25S-H60S000S-80-S"},{"r":"216","t":"07:56:00","h":"Est","s":"25N-H60N000S-80-S"},{"r":"216","t":"07:56:00","h":"Est","s":"25N-H60N000S-98-S"},{"r":"216","t":"07:56:00","h":"Est","s":"25N-H60N200F-81-F2"},{"r":"216","t":"07:56:00","h":"Est","s":"25N-H60N400F-81-F4"},{"r":"216","t":"07:56:00","h":"Est","s":"25N-H60NV10S-98-S"},{"r":"216","t":"07:56:00","h":"Est","s":"25N-H60NV20S-98-S"},{"r":"216","t":"07:56:00","h":"Est","s":"25S-H60S000S-80-S"},{"r":"409","t":"08:16:00","h":"Sud via Davignon","s":"25N-H60N000S-80-S"},{"r":"409","t":"08:16:00","h":"Sud via Davignon","s":"25N-H60N000S-98-S"},{"r":"409","t":"08:16:00","h":"Sud via Davignon","s":"25N-H60NV10S-98-S"},{"r":"409","t":"08:16:00","h":"Sud via Davignon","s":"25N-H60NV20S-98-S"},{"r":"409","t":"08:16:00","h":"Sud via Davignon","s":"25S-H60S000S-80-S"},{"r":"216","t":"08:29:00","h":"Est","s":"25N-H60N000S-80-S"},{"r":"216","t":"08:29:00","h":"Est","s":"25N-H60N000S-98-S"},{"r":"216","t":"08:29:00","h":"Est","s":"25N-H60N200F-81-F2"},{"r":"216","t":"08:29:00","h":"Est","s":"25N-H60N400F-81-F4"},{"r":"216","t":"08:29:00","h":"Est","s":"25N-H60NV10S-98-S"},{"r":"216","t":"08:29:00","h":"Est","s":"25N-H60NV20S-98-S"},{"r":"216","t":"08:29:00","h":"Est","s":"25S-H60S000S-80-S"},{"r":"409","t":"08:45:00","h":"Sud via Davignon","s":"25N-H60N000S-80-S"},{"r":"409","t":"08:45:00","h":"Sud via Davignon","s":"25N-H60N000S-98-S"},{"r":"409","t":"08:45:00","h":"Sud via Davignon","s":"25N-H60NV10S-98-S"},{"r":"409","t":"08:45:00","h":"Sud via Davignon","s":"25N-H60NV20S-98-S"},{"r":"409","t":"08:45:00","h":"Sud via Davignon","s":"25S-H60S000S-80-S"},{"r":"216","t":"08:57:00","h":"Est","s":"25N-H60N000S-80-S"},{"r":"216","t":"08:57:00","h":"Est","s":"25N-H60N000S-98-S"},{"r":"216","t":"08:57:00","h":"Est","s":"25N-H60N200F-81-F2"},{"r":"216","t":"08:57:00","h":"Est","s":"25N-H60N400F-81-F4"},{"r":"216","t":"08:57:00","h":"Est","s":"25N-H60NV10S-98-S"},{"r":"216","t":"08:57:00","h":"Est","s":"25N-H60NV20S-98-S"},{"r":"216","t":"08:57:00","h":"Est","s":"25S-H60S000S-80-S"},{"r":"409","t":"09:13:00","h":"Sud via Davignon","s":"25N-H60N000S-80-S"},{"r":"409","t":"09:13:00","h":"Sud via Davignon","s":"25N-H60N000S-98-S"},{"r":"409","t":"09:13:00","h":"Sud via Davignon","s":"25N-H60NV10S-98-S"},{"r":"409","t":"09:13:00","h":"Sud via Davignon","s":"25N-H60NV20S-98-S"},{"r":"409","t":"09:13:00","h":"Sud via Davignon","s":"25S-H60S000S-80-S"},{"r":"216","t":"09:27:00","h":"Est","s":"25N-H60N000S-80-S"},{"r":"216","t":"09:27:00","h":"Est","s":"25N-H60N000S-98-S"},{"r":"216","t":"09:27:00","h":"Est","s":"25N-H60N200F-81-F2"},{"r":"216","t":"09:27:00","h":"Est","s":"25N-H60N400F-81-F4"},{"r":"216","t":"09:27:00","h":"Est","s":"25N-H60NV10S-98-S"},{"r":"216","t":"09:27:00","h":"Est","s":"25N-H60NV20S-98-S"},{"r":"216","t":"09:27:00","h":"Est","s":"25S-H60S000S-80-S"},{"r":"409","t":"09:40:00","h":"Sud via Davignon","s":"25N-H60N000S-80-S"},{"r":"409","t":"09:40:00","h":"Sud via Davignon","s":"25N-H60N000S-98-S"},{"r":"409","t":"09:40:00","h":"Sud via Davignon","s":"25N-H60NV10S-98-S"},{"r":"409","t":"09:40:00","h":"Sud via Davignon","s":"25N-H60NV20S-98-S"},{"r":"409","t":"09:40:00","h":"Sud via Davignon","s":"25S-H60S000S-80-S"},{"r":"216","t":"09:48:00","h":"Est","s":"25N-H60N000S-80-S"},{"r":"216","t":"09:48:00","h":"Est","s":"25N-H60N000S-98-S"},{"r":"216","t":"09:48:00","h":"Est","s":"25N-H60N200F-81-F2"},{"r":"216","t":"09:48:00","h":"Est","s":"25N-H60N400F-81-F4"},{"r":"216","t":"09:48:00","h":"Est","s":"25N-H60NV10S-98-S"},{"r":"216","t":"09:48:00","h":"Est","s":"25N-H60NV20S-98-S"},{"r":"216","t":"09:48:00","h":"Est","s":"25S-H60S000S-80-S"},{"r":"409","t":"10:08:00","h":"Sud via Davignon","s":"25N-H60N000S-80-S"},{"r":"409","t":"10:08:00","h":"Sud via Davignon","s":"25N-H60N000S-98-S"},{"r":"409","t":"10:08:00","h":"Sud via Davignon","s":"25N-H60NV10S-98-S"},{"r":"409","t":"10:08:00","h":"Sud via Davignon","s":"25N-H60NV20S-98-S"},{"r":"409","t":"10:08:00","h":"Sud via Davignon","s":"25S-H60S000S-80-S"},{"r":"409","t":"10:35:00","h":"Sud via Davignon","s":"25N-H60N000S-80-S"},{"r":"409","t":"10:35:00","h":"Sud via Davignon","s":"25N-H60N000S-98-S"},{"r":"409","t":"10:35:00","h":"Sud via Davignon","s":"25N-H60NV10S-98-S"},{"r":"409","t":"10:35:00","h":"Sud via Davignon","s":"25N-H60NV20S-98-S"},{"r":"409","t":"10:35:00","h":"Sud via Davignon","s":"25S-H60S000S-80-S"},{"r":"409","t":"15:21:00","h":"Sud","s":"25N-H50N000S-80-S"},{"r":"409","t":"15:21:00","h":"Sud","s":"25N-H50N000S-90-S"},{"r":"409","t":"15:21:00","h":"Sud","s":"25N-H50NV10S-90-S"},{"r":"409","t":"15:21:00","h":"Sud","s":"25N-H50NV20S-90-S"},{"r":"409","t":"15:21:00","h":"Sud","s":"25S-H50S000S-81-S"},{"r":"216","t":"15:33:00","h":"Est","s":"25N-H60N000S-80-S"},{"r":"216","t":"15:33:00","h":"Est","s":"25N-H60N000S-98-S"},{"r":"216","t":"15:33:00","h":"Est","s":"25N-H60N200F-81-F2"},{"r":"216","t":"15:33:00","h":"Est","s":"25N-H60N400F-81-F4"},{"r":"216","t":"15:33:00","h":"Est","s":"25N-H60NV10S-98-S"},{"r":"216","t":"15:33:00","h":"Est","s":"25N-H60NV20S-98-S"},{"r":"216","t":"15:33:00","h":"Est","s":"25S-H60S000S-80-S"},{"r":"409","t":"15:43:00","h":"Sud","s":"25N-H60N000S-80-S"},{"r":"409","t":"15:43:00","h":"Sud","s":"25N-H60N000S-98-S"},{"r":"409","t":"15:43:00","h":"Sud","s":"25N-H60NV10S-98-S"},{"r":"409","t":"15:43:00","h":"Sud","s":"25N-H60NV20S-98-S"},{"r":"409","t":"15:43:00","h":"Sud","s":"25S-H60S000S-80-S"},{"r":"216","t":"16:05:00","h":"Est","s":"25N-H60N000S-80-S"},{"r":"216","t":"16:05:00","h":"Est","s":"25N-H60N000S-98-S"},{"r":"216","t":"16:05:00","h":"Est","s":"25N-H60N200F-81-F2"},{"r":"216","t":"16:05:00","h":"Est","s":"25N-H60N400F-81-F4"},{"r":"216","t":"16:05:00","h":"Est","s":"25N-H60NV10S-98-S"},{"r":"216","t":"16:05:00","h":"Est","s":"25N-H60NV20S-98-S"},{"r":"216","t":"16:05:00","h":"Est","s":"25S-H60S000S-80-S"},{"r":"409","t":"16:08:00","h":"Sud","s":"25N-H60N000S-80-S"},{"r":"409","t":"16:08:00","h":"Sud","s":"25N-H60N000S-98-S"},{"r":"409","t":"16:08:00","h":"Sud","s":"25N-H60NV10S-98-S"},{"r":"409","t":"16:08:00","h":"Sud","s":"25N-H60NV20S-98-S"},{"r":"409","t":"16:08:00","h":"Sud","s":"25S-H60S000S-80-S"},{"r":"409","t":"16:31:00","h":"Sud","s":"25N-H50N000S-80-S"},{"r":"409","t":"16:31:00","h":"Sud","s":"25N-H50N000S-90-S"},{"r":"409","t":"16:31:00","h":"Sud","s":"25N-H50NV10S-90-S"},{"r":"409","t":"16:31:00","h":"Sud","s":"25N-H50NV20S-90-S"},{"r":"409","t":"16:31:00","h":"Sud","s":"25S-H50S000S-81-S"},{"r":"216","t":"16:34:00","h":"Est","s":"25N-H60N000S-80-S"},{"r":"216","t":"16:34:00","h":"Est","s":"25N-H60N000S-98-S"},{"r":"216","t":"16:34:00","h":"Est","s":"25N-H60N200F-81-F2"},{"r":"216","t":"16:34:00","h":"Est","s":"25N-H60N400F-81-F4"},{"r":"216","t":"16:34:00","h":"Est","s":"25N-H60NV10S-98-S"},{"r":"216","t":"16:34:00","h":"Est","s":"25N-H60NV20S-98-S"},{"r":"216","t":"16:34:00","h":"Est","s":"25S-H60S000S-80-S"},{"r":"409","t":"17:02:00","h":"Sud","s":"25N-H60N000S-80-S"},{"r":"409","t":"17:02:00","h":"Sud","s":"25N-H60N000S-98-S"},{"r":"409","t":"17:02:00","h":"Sud","s":"25N-H60NV10S-98-S"},{"r":"409","t":"17:02:00","h":"Sud","s":"25N-H60NV20S-98-S"},{"r":"409","t":"17:02:00","h":"Sud","s":"25S-H60S000S-80-S"},{"r":"216","t":"17:05:00","h":"Est","s":"25N-H60N000S-80-S"},{"r":"216","t":"17:05:00","h":"Est","s":"25N-H60N000S-98-S"},{"r":"216","t":"17:05:00","h":"Est","s":"25N-H60N200F-81-F2"},{"r":"216","t":"17:05:00","h":"Est","s":"25N-H60N400F-81-F4"},{"r":"216","t":"17:05:00","h":"Est","s":"25N-H60NV10S-98-S"},{"r":"216","t":"17:05:00","h":"Est","s":"25N-H60NV20S-98-S"},{"r":"216","t":"17:05:00","h":"Est","s":"25S-H60S000S-80-S"},{"r":"216","t":"17:32:00","h":"Est","s":"25N-H60N000S-80-S"},{"r":"216","t":"17:32:00","h":"Est","s":"25N-H60N000S-98-S"},{"r":"216","t":"17:32:00","h":"Est","s":"25N-H60N200F-81-F2"},{"r":"216","t":"17:32:00","h":"Est","s":"25N-H60N400F-81-F4"},{"r":"216","t":"17:32:00","h":"Est","s":"25N-H60NV10S-98-S"},{"r":"216","t":"17:32:00","h":"Est","s":"25N-H60NV20S-98-S"},{"r":"216","t":"17:32:00","h":"Est","s":"25S-H60S000S-80-S"},{"r":"409","t":"17:33:00","h":"Sud","s":"25N-H60N000S-80-S"},{"r":"409","t":"17:33:00","h":"Sud","s":"25N-H60N000S-98-S"},{"r":"409","t":"17:33:00","h":"Sud","s":"25N-H60NV10S-98-S"},{"r":"409","t":"17:33:00","h":"Sud","s":"25N-H60NV20S-98-S"},{"r":"409","t":"17:33:00","h":"Sud","s":"25S-H60S000S-80-S"},{"r":"216","t":"18:02:00","h":"Est","s":"25N-H60N000S-80-S"},{"r":"216","t":"18:02:00","h":"Est","s":"25N-H60N000S-98-S"},{"r":"216","t":"18:02:00","h":"Est","s":"25N-H60N200F-81-F2"},{"r":"216","t":"18:02:00","h":"Est","s":"25N-H60N400F-81-F4"},{"r":"216","t":"18:02:00","h":"Est","s":"25N-H60NV10S-98-S"},{"r":"216","t":"18:02:00","h":"Est","s":"25N-H60NV20S-98-S"},{"r":"216","t":"18:02:00","h":"Est","s":"25S-H60S000S-80-S"},{"r":"409","t":"18:05:00","h":"Sud","s":"25N-H60N000S-80-S"},{"r":"409","t":"18:05:00","h":"Sud","s":"25N-H60N000S-98-S"},{"r":"409","t":"18:05:00","h":"Sud","s":"25N-H60NV10S-98-S"},{"r":"409","t":"18:05:00","h":"Sud","s":"25N-H60NV20S-98-S"},{"r":"409","t":"18:05:00","h":"Sud","s":"25S-H60S000S-80-S"},{"r":"216","t":"18:35:00","h":"Est","s":"25N-H60N000S-80-S"},{"r":"216","t":"18:35:00","h":"Est","s":"25N-H60N000S-98-S"},{"r":"216","t":"18:35:00","h":"Est","s":"25N-H60N200F-81-F2"},{"r":"216","t":"18:35:00","h":"Est","s":"25N-H60N400F-81-F4"},{"r":"216","t":"18:35:00","h":"Est","s":"25N-H60NV10S-98-S"},{"r":"216","t":"18:35:00","h":"Est","s":"25N-H60NV20S-98-S"},{"r":"216","t":"18:35:00","h":"Est","s":"25S-H60S000S-80-S"},{"r":"409","t":"18:36:00","h":"Sud","s":"25N-H60N000S-80-S"},{"r":"409","t":"18:36:00","h":"Sud","s":"25N-H60N000S-98-S"},{"r":"409","t":"18:36:00","h":"Sud","s":"25N-H60NV10S-98-S"},{"r":"409","t":"18:36:00","h":"Sud","s":"25N-H60NV20S-98-S"},{"r":"409","t":"18:36:00","h":"Sud","s":"25S-H60S000S-80-S"},{"r":"216","t":"19:11:00","h":"Est","s":"25N-H60N000S-80-S"},{"r":"216","t":"19:11:00","h":"Est","s":"25N-H60N000S-98-S"},{"r":"216","t":"19:11:00","h":"Est","s":"25N-H60N200F-81-F2"},{"r":"216","t":"19:11:00","h":"Est","s":"25N-H60N400F-81-F4"},{"r":"216","t":"19:11:00","h":"Est","s":"25N-H60NV10S-98-S"},{"r":"216","t":"19:11:00","h":"Est","s":"25N-H60NV20S-98-S"},{"r":"216","t":"19:11:00","h":"Est","s":"25S-H60S000S-80-S"},{"r":"376","t":"25:16:00","h":"Est","s":"25N-H60N000S-80-S"},{"r":"376","t":"25:16:00","h":"Est","s":"25N-H60N000S-98-S"},{"r":"376","t":"25:16:00","h":"Est","s":"25N-H60NV10S-98-S"},{"r":"376","t":"25:16:00","h":"Est","s":"25N-H60NV20S-98-S"},{"r":"376","t":"25:16:00","h":"Est","s":"25S-H60S000S-80-S"},{"r":"376","t":"25:17:00","h":"Est","s":"25N-H60N000A-80-A"},{"r":"376","t":"25:17:00","h":"Est","s":"25N-H60N000I-80-I"},{"r":"376","t":"25:17:00","h":"Est","s":"25N-H60N100F-81-F1"},{"r":"376","t":"25:17:00","h":"Est","s":"25N-H60N200F-81-F2"},{"r":"376","t":"25:17:00","h":"Est","s":"25N-H60N300F-82-F3"},{"r":"376","t":"25:17:00","h":"Est","s":"25N-H60N400F-81-F4"},{"r":"376","t":"25:17:00","h":"Est","s":"25N-H60NV10A-80-A"},{"r":"376","t":"25:17:00","h":"Est","s":"25N-H60NV10I-80-I"},{"r":"376","t":"25:17:00","h":"Est","s":"25N-H60NV20A-80-A"},{"r":"376","t":"25:17:00","h":"Est","s":"25N-H60NV20I-80-I"},{"r":"376","t":"25:17:00","h":"Est","s":"25S-H60S000A-80-A"},{"r":"376","t":"25:17:00","h":"Est","s":"25S-H60S000I-80-I"},{"r":"376","t":"25:17:00","h":"Est","s":"25S-H60S100F-82-F1"},{"r":"376","t":"25:17:00","h":"Est","s":"25S-H60S200F-81-F2"},{"r":"376","t":"26:00:00","h":"Est","s":"25N-H60N000S-80-S"},{"r":"376","t":"26:00:00","h":"Est","s":"25N-H60N000S-98-S"},{"r":"376","t":"26:00:00","h":"Est","s":"25N-H60NV10S-98-S"},{"r":"376","t":"26:00:00","h":"Est","s":"25N-H60NV20S-98-S"},{"r":"376","t":"26:00:00","h":"Est","s":"25S-H60S000S-80-S"},{"r":"376","t":"26:02:00","h":"Est","s":"25N-H60N000A-80-A"},{"r":"376","t":"26:02:00","h":"Est","s":"25N-H60N000I-80-I"},{"r":"376","t":"26:02:00","h":"Est","s":"25N-H60N100F-81-F1"},{"r":"376","t":"26:02:00","h":"Est","s":"25N-H60N200F-81-F2"},{"r":"376","t":"26:02:00","h":"Est","s":"25N-H60N300F-82-F3"},{"r":"376","t":"26:02:00","h":"Est","s":"25N-H60N400F-81-F4"},{"r":"376","t":"26:02:00","h":"Est","s":"25N-H60NV10A-80-A"},{"r":"376","t":"26:02:00","h":"Est","s":"25N-H60NV10I-80-I"},{"r":"376","t":"26:02:00","h":"Est","s":"25N-H60NV20A-80-A"},{"r":"376","t":"26:02:00","h":"Est","s":"25N-H60NV20I-80-I"},{"r":"376","t":"26:02:00","h":"Est","s":"25S-H60S000A-80-A"},{"r":"376","t":"26:02:00","h":"Est","s":"25S-H60S000I-80-I"},{"r":"376","t":"26:02:00","h":"Est","s":"25S-H60S100F-82-F1"},{"r":"376","t":"26:02:00","h":"Est","s":"25S-H60S200F-81-F2"},{"r":"376","t":"26:45:00","h":"Est","s":"25N-H60N000S-80-S"},{"r":"376","t":"26:45:00","h":"Est","s":"25N-H60N000S-98-S"},{"r":"376","t":"26:45:00","h":"Est","s":"25N-H60NV10S-98-S"},{"r":"376","t":"26:45:00","h":"Est","s":"25N-H60NV20S-98-S"},{"r":"376","t":"26:45:00","h":"Est","s":"25S-H60S000S-80-S"},{"r":"376","t":"26:47:00","h":"Est","s":"25N-H60N000A-80-A"},{"r":"376","t":"26:47:00","h":"Est","s":"25N-H60N000I-80-I"},{"r":"376","t":"26:47:00","h":"Est","s":"25N-H60N100F-81-F1"},{"r":"376","t":"26:47:00","h":"Est","s":"25N-H60N200F-81-F2"},{"r":"376","t":"26:47:00","h":"Est","s":"25N-H60N300F-82-F3"},{"r":"376","t":"26:47:00","h":"Est","s":"25N-H60N400F-81-F4"},{"r":"376","t":"26:47:00","h":"Est","s":"25N-H60NV10A-80-A"},{"r":"376","t":"26:47:00","h":"Est","s":"25N-H60NV10I-80-I"},{"r":"376","t":"26:47:00","h":"Est","s":"25N-H60NV20A-80-A"},{"r":"376","t":"26:47:00","h":"Est","s":"25N-H60NV20I-80-I"},{"r":"376","t":"26:47:00","h":"Est","s":"25S-H60S000A-80-A"},{"r":"376","t":"26:47:00","h":"Est","s":"25S-H60S000I-80-I"},{"r":"376","t":"26:47:00","h":"Est","s":"25S-H60S100F-82-F1"},{"r":"376","t":"26:47:00","h":"Est","s":"25S-H60S200F-81-F2"},{"r":"376","t":"27:30:00","h":"Est","s":"25N-H60N000S-80-S"},{"r":"376","t":"27:30:00","h":"Est","s":"25N-H60N000S-98-S"},{"r":"376","t":"27:30:00","h":"Est","s":"25N-H60NV10S-98-S"},{"r":"376","t":"27:30:00","h":"Est","s":"25N-H60NV20S-98-S"},{"r":"376","t":"27:30:00","h":"Est","s":"25S-H60S000S-80-S"},{"r":"376","t":"27:32:00","h":"Est","s":"25N-H60N000A-80-A"},{"r":"376","t":"27:32:00","h":"Est","s":"25N-H60N000I-80-I"},{"r":"376","t":"27:32:00","h":"Est","s":"25N-H60N100F-81-F1"},{"r":"376","t":"27:32:00","h":"Est","s":"25N-H60N200F-81-F2"},{"r":"376","t":"27:32:00","h":"Est","s":"25N-H60N300F-82-F3"},{"r":"376","t":"27:32:00","h":"Est","s":"25N-H60N400F-81-F4"},{"r":"376","t":"27:32:00","h":"Est","s":"25N-H60NV10A-80-A"},{"r":"376","t":"27:32:00","h":"Est","s":"25N-H60NV10I-80-I"},{"r":"376","t":"27:32:00","h":"Est","s":"25N-H60NV20A-80-A"},{"r":"376","t":"27:32:00","h":"Est","s":"25N-H60NV20I-80-I"},{"r":"376","t":"27:32:00","h":"Est","s":"25S-H60S000A-80-A"},{"r":"376","t":"27:32:00","h":"Est","s":"25S-H60S000I-80-I"},{"r":"376","t":"27:32:00","h":"Est","s":"25S-H60S100F-82-F1"},{"r":"376","t":"27:32:00","h":"Est","s":"25S-H60S200F-81-F2"},{"r":"376","t":"28:15:00","h":"Est","s":"25N-H60N000S-80-S"},{"r":"376","t":"28:15:00","h":"Est","s":"25N-H60N000S-98-S"},{"r":"376","t":"28:15:00","h":"Est","s":"25N-H60NV10S-98-S"},{"r":"376","t":"28:15:00","h":"Est","s":"25N-H60NV20S-98-S"},{"r":"376","t":"28:15:00","h":"Est","s":"25S-H60S000S-80-S"},{"r":"376","t":"28:16:00","h":"Est","s":"25N-H60N000I-80-I"},{"r":"376","t":"28:16:00","h":"Est","s":"25N-H60N100F-81-F1"},{"r":"376","t":"28:16:00","h":"Est","s":"25N-H60N200F-81-F2"},{"r":"376","t":"28:16:00","h":"Est","s":"25N-H60N300F-82-F3"},{"r":"376","t":"28:16:00","h":"Est","s":"25N-H60N400F-81-F4"},{"r":"376","t":"28:16:00","h":"Est","s":"25N-H60NV10I-80-I"},{"r":"376","t":"28:16:00","h":"Est","s":"25N-H60NV20I-80-I"},{"r":"376","t":"28:16:00","h":"Est","s":"25S-H60S000I-80-I"},{"r":"376","t":"28:16:00","h":"Est","s":"25S-H60S100F-82-F1"},{"r":"376","t":"28:16:00","h":"Est","s":"25S-H60S200F-81-F2"},{"r":"376","t":"28:17:00","h":"Est","s":"25N-H60N000A-80-A"},{"r":"376","t":"28:17:00","h":"Est","s":"25N-H60NV10A-80-A"},{"r":"376","t":"28:17:00","h":"Est","s":"25N-H60NV20A-80-A"},{"r":"376","t":"28:17:00","h":"Est","s":"25S-H60S000A-80-A"}]