[{"r":"128","t":"05:36:59","h":"Sud","s":"25N-H50N000S-80-S"},{"r":"128","t":"05:36:59","h":"Sud","s":"25N-H50N000S-90-S"},{"r":"128","t":"05:36:59","h":"Sud","s":"25N-H50NV10S-90-S"},{"r":"128","t":"05:36:59","h":"Sud","s":"25N-H50NV20S-90-S"},{"r":"128","t":"05:36:59","h":"Sud","s":"25S-H50S000S-81-S"},{"r":"128","t":"06:00:59","h":"Sud","s":"25N-H50N000S-80-S"},{"r":"128","t":"06:00:59","h":"Sud","s":"25N-H50N000S-90-S"},{"r":"128","t":"06:00:59","h":"Sud","s":"25N-H50NV10S-90-S"},{"r":"128","t":"06:00:59","h":"Sud","s":"25N-H50NV20S-90-S"},{"r":"128","t":"06:00:59","h":"Sud","s":"25S-H50S000S-81-S"},{"r":"128","t":"06:06:29","h":"Sud","s":"25N-H50N000A-80-A"},{"r":"128","t":"06:06:29","h":"Sud","s":"25N-H50N000A-90-A"},{"r":"128","t":"06:06:29","h":"Sud","s":"25N-H50NV10A-90-A"},{"r":"128","t":"06:06:29","h":"Sud","s":"25N-H50NV20A-90-A"},{"r":"128","t":"06:06:29","h":"Sud","s":"25S-H50S000A-81-A"},{"r":"128","t":"06:09:29","h":"Sud","s":"25N-H50N000I-80-I"},{"r":"128","t":"06:09:29","h":"Sud","s":"25N-H50N000I-90-I"},{"r":"128","t":"06:09:29","h":"Sud","s":"25N-H50N100F-90-F1"},{"r":"128","t":"06:09:29","h":"Sud","s":"25N-H50N200F-90-F2"},{"r":"128","t":"06:09:29","h":"Sud","s":"25N-H50N300F-90-F3"},{"r":"128","t":"06:09:29","h":"Sud","s":"25N-H50N400F-90-F4"},{"r":"128","t":"06:09:29","h":"Sud","s":"25N-H50NV10I-90-I"},{"r":"128","t":"06:09:29","h":"Sud","s":"25N-H50NV20I-90-I"},{"r":"128","t":"06:09:29","h":"Sud","s":"25S-H50S000I-81-I"},{"r":"128","t":"06:09:29","h":"Sud","s":"25S-H50S100F-80-F1"},{"r":"128","t":"06:09:29","h":"Sud","s":"25S-H50S200F-80-F2"},{"r":"128","t":"06:22:59","h":"Sud","s":"25N-H50N000S-80-S"},{"r":"128","t":"06:22:59","h":"Sud","s":"25N-H50N000S-90-S"},{"r":"128","t":"06:22:59","h":"Sud","s":"25N-H50NV10S-90-S"},{"r":"128","t":"06:22:59","h":"Sud","s":"25N-H50NV20S-90-S"},{"r":"128","t":"06:22:59","h":"Sud","s":"25S-H50S000S-81-S"},{"r":"128","t":"06:43:29","h":"Sud","s":"25N-H50N000A-80-A"},{"r":"128","t":"06:43:29","h":"Sud","s":"25N-H50N000A-90-A"},{"r":"128","t":"06:43:29","h":"Sud","s":"25N-H50NV10A-90-A"},{"r":"128","t":"06:43:29","h":"Sud","s":"25N-H50NV20A-90-A"},{"r":"128","t":"06:43:29","h":"Sud","s":"25S-H50S000A-81-A"},{"r":"128","t":"06:46:29","h":"Sud","s":"25N-H50N000I-80-I"},{"r":"128","t":"06:46:29","h":"Sud","s":"25N-H50N000I-90-I"},{"r":"128","t":"06:46:29","h":"Sud","s":"25N-H50N100F-90-F1"},{"r":"128","t":"06:46:29","h":"Sud","s":"25N-H50N200F-90-F2"},{"r":"128","t":"06:46:29","h":"Sud","s":"25N-H50N300F-90-F3"},{"r":"128","t":"06:46:29","h":"Sud","s":"25N-H50N400F-90-F4"},{"r":"128","t":"06:46:29","h":"Sud","s":"25N-H50NV10I-90-I"},{"r":"128","t":"06:46:29","h":"Sud","s":"25N-H50NV20I-90-I"},{"r":"128","t":"06:46:29","h":"Sud","s":"25S-H50S000I-81-I"},{"r":"128","t":"06:46:29","h":"Sud","s":"25S-H50S100F-80-F1"},{"r":"128","t":"06:46:29","h":"Sud","s":"25S-H50S200F-80-F2"},{"r":"128","t":"06:51:59","h":"Sud","s":"25N-H50N000S-80-S"},{"r":"128","t":"06:51:59","h":"Sud","s":"25N-H50N000S-90-S"},{"r":"128","t":"06:51:59","h":"Sud","s":"25N-H50NV10S-90-S"},{"r":"128","t":"06:51:59","h":"Sud","s":"25N-H50NV20S-90-S"},{"r":"128","t":"06:51:59","h":"Sud","s":"25S-H50S000S-81-S"},{"r":"128","t":"07:19:29","h":"Sud","s":"25N-H50N000I-80-I"},{"r":"128","t":"07:19:29","h":"Sud","s":"25N-H50N000I-90-I"},{"r":"128","t":"07:19:29","h":"Sud","s":"25N-H50N100F-90-F1"},{"r":"128","t":"07:19:29","h":"Sud","s":"25N-H50N200F-90-F2"},{"r":"128","t":"07:19:29","h":"Sud","s":"25N-H50N300F-90-F3"},{"r":"128","t":"07:19:29","h":"Sud","s":"25N-H50N400F-90-F4"},{"r":"128","t":"07:19:29","h":"Sud","s":"25N-H50NV10I-90-I"},{"r":"128","t":"07:19:29","h":"Sud","s":"25N-H50NV20I-90-I"},{"r":"128","t":"07:19:29","h":"Sud","s":"25S-H50S000I-81-I"},{"r":"128","t":"07:19:29","h":"Sud","s":"25S-H50S100F-80-F1"},{"r":"128","t":"07:19:29","h":"Sud","s":"25S-H50S200F-80-F2"},{"r":"128","t":"07:20:59","h":"Sud","s":"25N-H50N000S-80-S"},{"r":"128","t":"07:20:59","h":"Sud","s":"25N-H50N000S-90-S"},{"r":"128","t":"07:20:59","h":"Sud","s":"25N-H50NV10S-90-S"},{"r":"128","t":"07:20:59","h":"Sud","s":"25N-H50NV20S-90-S"},{"r":"128","t":"07:20:59","h":"Sud","s":"25S-H50S000S-81-S"},{"r":"128","t":"07:21:29","h":"Sud","s":"25N-H50N000A-80-A"},{"r":"128","t":"07:21:29","h":"Sud","s":"25N-H50N000A-90-A"},{"r":"128","t":"07:21:29","h":"Sud","s":"25N-H50NV10A-90-A"},{"r":"128","t":"07:21:29","h":"Sud","s":"25N-H50NV20A-90-A"},{"r":"128","t":"07:21:29","h":"Sud","s":"25S-H50S000A-81-A"},{"r":"128","t":"07:47:59","h":"Sud","s":"25N-H50N000A-80-A"},{"r":"128","t":"07:47:59","h":"Sud","s":"25N-H50N000A-90-A"},{"r":"128","t":"07:47:59","h":"Sud","s":"25N-H50NV10A-90-A"},{"r":"128","t":"07:47:59","h":"Sud","s":"25N-H50NV20A-90-A"},{"r":"128","t":"07:47:59","h":"Sud","s":"25S-H50S000A-81-A"},{"r":"128","t":"07:52:29","h":"Sud","s":"25N-H50N000I-80-I"},{"r":"128","t":"07:52:29","h":"Sud","s":"25N-H50N000I-90-I"},{"r":"128","t":"07:52:29","h":"Sud","s":"25N-H50N100F-90-F1"},{"r":"128","t":"07:52:29","h":"Sud","s":"25N-H50N200F-90-F2"},{"r":"128","t":"07:52:29","h":"Sud","s":"25N-H50N300F-90-F3"},{"r":"128","t":"07:52:29","h":"Sud","s":"25N-H50N400F-90-F4"},{"r":"128","t":"07:52:29","h":"Sud","s":"25N-H50NV10I-90-I"},{"r":"128","t":"07:52:29","h":"Sud","s":"25N-H50NV20I-90-I"},{"r":"128","t":"07:52:29","h":"Sud","s":"25S-H50S000I-81-I"},{"r":"128","t":"07:52:29","h":"Sud","s":"25S-H50S100F-80-F1"},{"r":"128","t":"07:52:29","h":"Sud","s":"25S-H50S200F-80-F2"},{"r":"128","t":"07:59:29","h":"Sud","s":"25N-H50N000S-80-S"},{"r":"128","t":"07:59:29","h":"Sud","s":"25N-H50N000S-90-S"},{"r":"128","t":"07:59:29","h":"Sud","s":"25N-H50NV10S-90-S"},{"r":"128","t":"07:59:29","h":"Sud","s":"25N-H50NV20S-90-S"},{"r":"128","t":"07:59:29","h":"Sud","s":"25S-H50S000S-81-S"},{"r":"128","t":"08:20:59","h":"Sud","s":"25N-H50N000A-80-A"},{"r":"128","t":"08:20:59","h":"Sud","s":"25N-H50N000A-90-A"},{"r":"128","t":"08:20:59","h":"Sud","s":"25N-H50NV10A-90-A"},{"r":"128","t":"08:20:59","h":"Sud","s":"25N-H50NV20A-90-A"},{"r":"128","t":"08:20:59","h":"Sud","s":"25S-H50S000A-81-A"},{"r":"128","t":"08:24:29","h":"Sud","s":"25N-H50N000S-80-S"},{"r":"128","t":"08:24:29","h":"Sud","s":"25N-H50N000S-90-S"},{"r":"128","t":"08:24:29","h":"Sud","s":"25N-H50NV10S-90-S"},{"r":"128","t":"08:24:29","h":"Sud","s":"25N-H50NV20S-90-S"},{"r":"128","t":"08:24:29","h":"Sud","s":"25S-H50S000S-81-S"},{"r":"128","t":"08:26:59","h":"Sud","s":"25N-H50N000I-80-I"},{"r":"128","t":"08:26:59","h":"Sud","s":"25N-H50N000I-90-I"},{"r":"128","t":"08:26:59","h":"Sud","s":"25N-H50N100F-90-F1"},{"r":"128","t":"08:26:59","h":"Sud","s":"25N-H50N200F-90-F2"},{"r":"128","t":"08:26:59","h":"Sud","s":"25N-H50N300F-90-F3"},{"r":"128","t":"08:26:59","h":"Sud","s":"25N-H50N400F-90-F4"},{"r":"128","t":"08:26:59","h":"Sud","s":"25N-H50NV10I-90-I"},{"r":"128","t":"08:26:59","h":"Sud","s":"25N-H50NV20I-90-I"},{"r":"128","t":"08:26:59","h":"Sud","s":"25S-H50S000I-81-I"},{"r":"128","t":"08:26:59","h":"Sud","s":"25S-H50S100F-80-F1"},{"r":"128","t":"08:26:59","h":"Sud","s":"25S-H50S200F-80-F2"},{"r":"128","t":"08:58:59","h":"Sud","s":"25N-H50N000A-80-A"},{"r":"128","t":"08:58:59","h":"Sud","s":"25N-H50N000A-90-A"},{"r":"128","t":"08:58:59","h":"Sud","s":"25N-H50NV10A-90-A"},{"r":"128","t":"08:58:59","h":"Sud","s":"25N-H50NV20A-90-A"},{"r":"128","t":"08:58:59","h":"Sud","s":"25S-H50S000A-81-A"},{"r":"128","t":"09:01:29","h":"Sud","s":"25N-H50N000S-80-S"},{"r":"128","t":"09:01:29","h":"Sud","s":"25N-H50N000S-90-S"},{"r":"128","t":"09:01:29","h":"Sud","s":"25N-H50NV10S-90-S"},{"r":"128","t":"09:01:29","h":"Sud","s":"25N-H50NV20S-90-S"},{"r":"128","t":"09:01:29","h":"Sud","s":"25S-H50S000S-81-S"},{"r":"128","t":"09:02:59","h":"Sud","s":"25N-H50N000I-80-I"},{"r":"128","t":"09:02:59","h":"Sud","s":"25N-H50N000I-90-I"},{"r":"128","t":"09:02:59","h":"Sud","s":"25N-H50N100F-90-F1"},{"r":"128","t":"09:02:59","h":"Sud","s":"25N-H50N200F-90-F2"},{"r":"128","t":"09:02:59","h":"Sud","s":"25N-H50N300F-90-F3"},{"r":"128","t":"09:02:59","h":"Sud","s":"25N-H50N400F-90-F4"},{"r":"128","t":"09:02:59","h":"Sud","s":"25N-H50NV10I-90-I"},{"r":"128","t":"09:02:59","h":"Sud","s":"25N-H50NV20I-90-I"},{"r":"128","t":"09:02:59","h":"Sud","s":"25S-H50S000I-81-I"},{"r":"128","t":"09:02:59","h":"Sud","s":"25S-H50S100F-80-F1"},{"r":"128","t":"09:02:59","h":"Sud","s":"25S-H50S200F-80-F2"},{"r":"128","t":"09:29:29","h":"Sud","s":"25N-H50N000S-80-S"},{"r":"128","t":"09:29:29","h":"Sud","s":"25N-H50N000S-90-S"},{"r":"128","t":"09:29:29","h":"Sud","s":"25N-H50NV10S-90-S"},{"r":"128","t":"09:29:29","h":"Sud","s":"25N-H50NV20S-90-S"},{"r":"128","t":"09:29:29","h":"Sud","s":"25S-H50S000S-81-S"},{"r":"128","t":"09:34:59","h":"Sud","s":"25N-H50N000I-80-I"},{"r":"128","t":"09:34:59","h":"Sud","s":"25N-H50N000I-90-I"},{"r":"128","t":"09:34:59","h":"Sud","s":"25N-H50N100F-90-F1"},{"r":"128","t":"09:34:59","h":"Sud","s":"25N-H50N200F-90-F2"},{"r":"128","t":"09:34:59","h":"Sud","s":"25N-H50N300F-90-F3"},{"r":"128","t":"09:34:59","h":"Sud","s":"25N-H50N400F-90-F4"},{"r":"128","t":"09:34:59","h":"Sud","s":"25N-H50NV10I-90-I"},{"r":"128","t":"09:34:59","h":"Sud","s":"25N-H50NV20I-90-I"},{"r":"128","t":"09:34:59","h":"Sud","s":"25S-H50S000I-81-I"},{"r":"128","t":"09:34:59","h":"Sud","s":"25S-H50S100F-80-F1"},{"r":"128","t":"09:34:59","h":"Sud","s":"25S-H50S200F-80-F2"},{"r":"128","t":"09:35:59","h":"Sud","s":"25N-H50N000A-80-A"},{"r":"128","t":"09:35:59","h":"Sud","s":"25N-H50N000A-90-A"},{"r":"128","t":"09:35:59","h":"Sud","s":"25N-H50NV10A-90-A"},{"r":"128","t":"09:35:59","h":"Sud","s":"25N-H50NV20A-90-A"},{"r":"128","t":"09:35:59","h":"Sud","s":"25S-H50S000A-81-A"},{"r":"128","t":"09:58:59","h":"Sud","s":"25N-H50N000S-80-S"},{"r":"128","t":"09:58:59","h":"Sud","s":"25N-H50N000S-90-S"},{"r":"128","t":"09:58:59","h":"Sud","s":"25N-H50NV10S-90-S"},{"r":"128","t":"09:58:59","h":"Sud","s":"25N-H50NV20S-90-S"},{"r":"128","t":"09:58:59","h":"Sud","s":"25S-H50S000S-81-S"},{"r":"128","t":"10:03:59","h":"Sud","s":"25N-H50N000A-80-A"},{"r":"128","t":"10:03:59","h":"Sud","s":"25N-H50N000A-90-A"},{"r":"128","t":"10:03:59","h":"Sud","s":"25N-H50NV10A-90-A"},{"r":"128","t":"10:03:59","h":"Sud","s":"25N-H50NV20A-90-A"},{"r":"128","t":"10:03:59","h":"Sud","s":"25S-H50S000A-81-A"},{"r":"128","t":"10:07:59","h":"Sud","s":"25N-H50N000I-80-I"},{"r":"128","t":"10:07:59","h":"Sud","s":"25N-H50N000I-90-I"},{"r":"128","t":"10:07:59","h":"Sud","s":"25N-H50N100F-90-F1"},{"r":"128","t":"10:07:59","h":"Sud","s":"25N-H50N200F-90-F2"},{"r":"128","t":"10:07:59","h":"Sud","s":"25N-H50N300F-90-F3"},{"r":"128","t":"10:07:59","h":"Sud","s":"25N-H50N400F-90-F4"},{"r":"128","t":"10:07:59","h":"Sud","s":"25N-H50NV10I-90-I"},{"r":"128","t":"10:07:59","h":"Sud","s":"25N-H50NV20I-90-I"},{"r":"128","t":"10:07:59","h":"Sud","s":"25S-H50S000I-81-I"},{"r":"128","t":"10:07:59","h":"Sud","s":"25S-H50S100F-80-F1"},{"r":"128","t":"10:07:59","h":"Sud","s":"25S-H50S200F-80-F2"},{"r":"128","t":"10:29:59","h":"Sud","s":"25N-H50N000A-80-A"},{"r":"128","t":"10:29:59","h":"Sud","s":"25N-H50N000A-90-A"},{"r":"128","t":"10:29:59","h":"Sud","s":"25N-H50NV10A-90-A"},{"r":"128","t":"10:29:59","h":"Sud","s":"25N-H50NV20A-90-A"},{"r":"128","t":"10:29:59","h":"Sud","s":"25S-H50S000A-81-A"},{"r":"128","t":"10:30:59","h":"Sud","s":"25N-H50N000S-80-S"},{"r":"128","t":"10:30:59","h":"Sud","s":"25N-H50N000S-90-S"},{"r":"128","t":"10:30:59","h":"Sud","s":"25N-H50NV10S-90-S"},{"r":"128","t":"10:30:59","h":"Sud","s":"25N-H50NV20S-90-S"},{"r":"128","t":"10:30:59","h":"Sud","s":"25S-H50S000S-81-S"},{"r":"128","t":"10:43:59","h":"Sud","s":"25N-H50N000I-80-I"},{"r":"128","t":"10:43:59","h":"Sud","s":"25N-H50N000I-90-I"},{"r":"128","t":"10:43:59","h":"Sud","s":"25N-H50N100F-90-F1"},{"r":"128","t":"10:43:59","h":"Sud","s":"25N-H50N200F-90-F2"},{"r":"128","t":"10:43:59","h":"Sud","s":"25N-H50N300F-90-F3"},{"r":"128","t":"10:43:59","h":"Sud","s":"25N-H50N400F-90-F4"},{"r":"128","t":"10:43:59","h":"Sud","s":"25N-H50NV10I-90-I"},{"r":"128","t":"10:43:59","h":"Sud","s":"25N-H50NV20I-90-I"},{"r":"128","t":"10:43:59","h":"Sud","s":"25S-H50S000I-81-I"},{"r":"128","t":"10:43:59","h":"Sud","s":"25S-H50S100F-80-F1"},{"r":"128","t":"10:43:59","h":"Sud","s":"25S-H50S200F-80-F2"},{"r":"128","t":"10:57:59","h":"Sud","s":"25N-H50N000S-80-S"},{"r":"128","t":"10:57:59","h":"Sud","s":"25N-H50N000S-90-S"},{"r":"128","t":"10:57:59","h":"Sud","s":"25N-H50NV10S-90-S"},{"r":"128","t":"10:57:59","h":"Sud","s":"25N-H50NV20S-90-S"},{"r":"128","t":"10:57:59","h":"Sud","s":"25S-H50S000S-81-S"},{"r":"128","t":"10:58:59","h":"Sud","s":"25N-H50N000A-80-A"},{"r":"128","t":"10:58:59","h":"Sud","s":"25N-H50N000A-90-A"},{"r":"128","t":"10:58:59","h":"Sud","s":"25N-H50NV10A-90-A"},{"r":"128","t":"10:58:59","h":"Sud","s":"25N-H50NV20A-90-A"},{"r":"128","t":"10:58:59","h":"Sud","s":"25S-H50S000A-81-A"},{"r":"128","t":"11:09:59","h":"Sud","s":"25N-H50N000I-80-I"},{"r":"128","t":"11:09:59","h":"Sud","s":"25N-H50N000I-90-I"},{"r":"128","t":"11:09:59","h":"Sud","s":"25N-H50N100F-90-F1"},{"r":"128","t":"11:09:59","h":"Sud","s":"25N-H50N200F-90-F2"},{"r":"128","t":"11:09:59","h":"Sud","s":"25N-H50N300F-90-F3"},{"r":"128","t":"11:09:59","h":"Sud","s":"25N-H50N400F-90-F4"},{"r":"128","t":"11:09:59","h":"Sud","s":"25N-H50NV10I-90-I"},{"r":"128","t":"11:09:59","h":"Sud","s":"25N-H50NV20I-90-I"},{"r":"128","t":"11:09:59","h":"Sud","s":"25S-H50S000I-81-I"},{"r":"128","t":"11:09:59","h":"Sud","s":"25S-H50S100F-80-F1"},{"r":"128","t":"11:09:59","h":"Sud","s":"25S-H50S200F-80-F2"},{"r":"128","t":"11:25:29","h":"Sud","s":"25N-H50N000A-80-A"},{"r":"128","t":"11:25:29","h":"Sud","s":"25N-H50N000A-90-A"},{"r":"128","t":"11:25:29","h":"Sud","s":"25N-H50NV10A-90-A"},{"r":"128","t":"11:25:29","h":"Sud","s":"25N-H50NV20A-90-A"},{"r":"128","t":"11:25:29","h":"Sud","s":"25S-H50S000A-81-A"},{"r":"128","t":"11:28:59","h":"Sud","s":"25N-H50N000S-80-S"},{"r":"128","t":"11:28:59","h":"Sud","s":"25N-H50N000S-90-S"},{"r":"128","t":"11:28:59","h":"Sud","s":"25N-H50NV10S-90-S"},{"r":"128","t":"11:28:59","h":"Sud","s":"25N-H50NV20S-90-S"},{"r":"128","t":"11:28:59","h":"Sud","s":"25S-H50S000S-81-S"},{"r":"128","t":"11:44:59","h":"Sud","s":"25N-H50N000I-80-I"},{"r":"128","t":"11:44:59","h":"Sud","s":"25N-H50N000I-90-I"},{"r":"128","t":"11:44:59","h":"Sud","s":"25N-H50N100F-90-F1"},{"r":"128","t":"11:44:59","h":"Sud","s":"25N-H50N200F-90-F2"},{"r":"128","t":"11:44:59","h":"Sud","s":"25N-H50N300F-90-F3"},{"r":"128","t":"11:44:59","h":"Sud","s":"25N-H50N400F-90-F4"},{"r":"128","t":"11:44:59","h":"Sud","s":"25N-H50NV10I-90-I"},{"r":"128","t":"11:44:59","h":"Sud","s":"25N-H50NV20I-90-I"},{"r":"128","t":"11:44:59","h":"Sud","s":"25S-H50S000I-81-I"},{"r":"128","t":"11:44:59","h":"Sud","s":"25S-H50S100F-80-F1"},{"r":"128","t":"11:44:59","h":"Sud","s":"25S-H50S200F-80-F2"},{"r":"128","t":"11:52:29","h":"Sud","s":"25N-H50N000A-80-A"},{"r":"128","t":"11:52:29","h":"Sud","s":"25N-H50N000A-90-A"},{"r":"128","t":"11:52:29","h":"Sud","s":"25N-H50NV10A-90-A"},{"r":"128","t":"11:52:29","h":"Sud","s":"25N-H50NV20A-90-A"},{"r":"128","t":"11:52:29","h":"Sud","s":"25S-H50S000A-81-A"},{"r":"128","t":"11:58:59","h":"Sud","s":"25N-H50N000S-80-S"},{"r":"128","t":"11:58:59","h":"Sud","s":"25N-H50N000S-90-S"},{"r":"128","t":"11:58:59","h":"Sud","s":"25N-H50NV10S-90-S"},{"r":"128","t":"11:58:59","h":"Sud","s":"25N-H50NV20S-90-S"},{"r":"128","t":"11:58:59","h":"Sud","s":"25S-H50S000S-81-S"},{"r":"128","t":"12:08:29","h":"Sud","s":"25N-H50N000I-80-I"},{"r":"128","t":"12:08:29","h":"Sud","s":"25N-H50N000I-90-I"},{"r":"128","t":"12:08:29","h":"Sud","s":"25N-H50N100F-90-F1"},{"r":"128","t":"12:08:29","h":"Sud","s":"25N-H50N200F-90-F2"},{"r":"128","t":"12:08:29","h":"Sud","s":"25N-H50N300F-90-F3"},{"r":"128","t":"12:08:29","h":"Sud","s":"25N-H50N400F-90-F4"},{"r":"128","t":"12:08:29","h":"Sud","s":"25N-H50NV10I-90-I"},{"r":"128","t":"12:08:29","h":"Sud","s":"25N-H50NV20I-90-I"},{"r":"128","t":"12:08:29","h":"Sud","s":"25S-H50S000I-81-I"},{"r":"128","t":"12:08:29","h":"Sud","s":"25S-H50S100F-80-F1"},{"r":"128","t":"12:08:29","h":"Sud","s":"25S-H50S200F-80-F2"},{"r":"128","t":"12:19:29","h":"Sud","s":"25N-H50N000A-80-A"},{"r":"128","t":"12:19:29","h":"Sud","s":"25N-H50N000A-90-A"},{"r":"128","t":"12:19:29","h":"Sud","s":"25N-H50NV10A-90-A"},{"r":"128","t":"12:19:29","h":"Sud","s":"25N-H50NV20A-90-A"},{"r":"128","t":"12:19:29","h":"Sud","s":"25S-H50S000A-81-A"},{"r":"128","t":"12:26:59","h":"Sud","s":"25N-H50N000S-80-S"},{"r":"128","t":"12:26:59","h":"Sud","s":"25N-H50N000S-90-S"},{"r":"128","t":"12:26:59","h":"Sud","s":"25N-H50NV10S-90-S"},{"r":"128","t":"12:26:59","h":"Sud","s":"25N-H50NV20S-90-S"},{"r":"128","t":"12:26:59","h":"Sud","s":"25S-H50S000S-81-S"},{"r":"128","t":"12:40:29","h":"Sud","s":"25N-H50N000I-80-I"},{"r":"128","t":"12:40:29","h":"Sud","s":"25N-H50N000I-90-I"},{"r":"128","t":"12:40:29","h":"Sud","s":"25N-H50N100F-90-F1"},{"r":"128","t":"12:40:29","h":"Sud","s":"25N-H50N200F-90-F2"},{"r":"128","t":"12:40:29","h":"Sud","s":"25N-H50N300F-90-F3"},{"r":"128","t":"12:40:29","h":"Sud","s":"25N-H50N400F-90-F4"},{"r":"128","t":"12:40:29","h":"Sud","s":"25N-H50NV10I-90-I"},{"r":"128","t":"12:40:29","h":"Sud","s":"25N-H50NV20I-90-I"},{"r":"128","t":"12:40:29","h":"Sud","s":"25S-H50S000I-81-I"},{"r":"128","t":"12:40:29","h":"Sud","s":"25S-H50S100F-80-F1"},{"r":"128","t":"12:40:29","h":"Sud","s":"25S-H50S200F-80-F2"},{"r":"128","t":"12:45:29","h":"Sud","s":"25N-H50N000A-80-A"},{"r":"128","t":"12:45:29","h":"Sud","s":"25N-H50N000A-90-A"},{"r":"128","t":"12:45:29","h":"Sud","s":"25N-H50NV10A-90-A"},{"r":"128","t":"12:45:29","h":"Sud","s":"25N-H50NV20A-90-A"},{"r":"128","t":"12:45:29","h":"Sud","s":"25S-H50S000A-81-A"},{"r":"128","t":"12:54:59","h":"Sud","s":"25N-H50N000S-80-S"},{"r":"128","t":"12:54:59","h":"Sud","s":"25N-H50N000S-90-S"},{"r":"128","t":"12:54:59","h":"Sud","s":"25N-H50NV10S-90-S"},{"r":"128","t":"12:54:59","h":"Sud","s":"25N-H50NV20S-90-S"},{"r":"128","t":"12:54:59","h":"Sud","s":"25S-H50S000S-81-S"},{"r":"128","t":"13:09:29","h":"Sud","s":"25N-H50N000I-80-I"},{"r":"128","t":"13:09:29","h":"Sud","s":"25N-H50N000I-90-I"},{"r":"128","t":"13:09:29","h":"Sud","s":"25N-H50N100F-90-F1"},{"r":"128","t":"13:09:29","h":"Sud","s":"25N-H50N200F-90-F2"},{"r":"128","t":"13:09:29","h":"Sud","s":"25N-H50N300F-90-F3"},{"r":"128","t":"13:09:29","h":"Sud","s":"25N-H50N400F-90-F4"},{"r":"128","t":"13:09:29","h":"Sud","s":"25N-H50NV10I-90-I"},{"r":"128","t":"13:09:29","h":"Sud","s":"25N-H50NV20I-90-I"},{"r":"128","t":"13:09:29","h":"Sud","s":"25S-H50S000I-81-I"},{"r":"128","t":"13:09:29","h":"Sud","s":"25S-H50S100F-80-F1"},{"r":"128","t":"13:09:29","h":"Sud","s":"25S-H50S200F-80-F2"},{"r":"128","t":"13:14:29","h":"Sud","s":"25N-H50N000A-80-A"},{"r":"128","t":"13:14:29","h":"Sud","s":"25N-H50N000A-90-A"},{"r":"128","t":"13:14:29","h":"Sud","s":"25N-H50NV10A-90-A"},{"r":"128","t":"13:14:29","h":"Sud","s":"25N-H50NV20A-90-A"},{"r":"128","t":"13:14:29","h":"Sud","s":"25S-H50S000A-81-A"},{"r":"128","t":"13:22:59","h":"Sud","s":"25N-H50N000S-80-S"},{"r":"128","t":"13:22:59","h":"Sud","s":"25N-H50N000S-90-S"},{"r":"128","t":"13:22:59","h":"Sud","s":"25N-H50NV10S-90-S"},{"r":"128","t":"13:22:59","h":"Sud","s":"25N-H50NV20S-90-S"},{"r":"128","t":"13:22:59","h":"Sud","s":"25S-H50S000S-81-S"},{"r":"128","t":"13:38:29","h":"Sud","s":"25N-H50N000I-80-I"},{"r":"128","t":"13:38:29","h":"Sud","s":"25N-H50N000I-90-I"},{"r":"128","t":"13:38:29","h":"Sud","s":"25N-H50N100F-90-F1"},{"r":"128","t":"13:38:29","h":"Sud","s":"25N-H50N200F-90-F2"},{"r":"128","t":"13:38:29","h":"Sud","s":"25N-H50N300F-90-F3"},{"r":"128","t":"13:38:29","h":"Sud","s":"25N-H50N400F-90-F4"},{"r":"128","t":"13:38:29","h":"Sud","s":"25N-H50NV10I-90-I"},{"r":"128","t":"13:38:29","h":"Sud","s":"25N-H50NV20I-90-I"},{"r":"128","t":"13:38:29","h":"Sud","s":"25S-H50S000I-81-I"},{"r":"128","t":"13:38:29","h":"Sud","s":"25S-H50S100F-80-F1"},{"r":"128","t":"13:38:29","h":"Sud","s":"25S-H50S200F-80-F2"},{"r":"128","t":"13:42:29","h":"Sud","s":"25N-H50N000A-80-A"},{"r":"128","t":"13:42:29","h":"Sud","s":"25N-H50N000A-90-A"},{"r":"128","t":"13:42:29","h":"Sud","s":"25N-H50NV10A-90-A"},{"r":"128","t":"13:42:29","h":"Sud","s":"25N-H50NV20A-90-A"},{"r":"128","t":"13:42:29","h":"Sud","s":"25S-H50S000A-81-A"},{"r":"128","t":"13:55:59","h":"Sud","s":"25N-H50N000S-80-S"},{"r":"128","t":"13:55:59","h":"Sud","s":"25N-H50N000S-90-S"},{"r":"128","t":"13:55:59","h":"Sud","s":"25N-H50NV10S-90-S"},{"r":"128","t":"13:55:59","h":"Sud","s":"25N-H50NV20S-90-S"},{"r":"128","t":"13:55:59","h":"Sud","s":"25S-H50S000S-81-S"},{"r":"128","t":"14:05:29","h":"Sud","s":"25N-H50N000I-80-I"},{"r":"128","t":"14:05:29","h":"Sud","s":"25N-H50N000I-90-I"},{"r":"128","t":"14:05:29","h":"Sud","s":"25N-H50N100F-90-F1"},{"r":"128","t":"14:05:29","h":"Sud","s":"25N-H50N200F-90-F2"},{"r":"128","t":"14:05:29","h":"Sud","s":"25N-H50N300F-90-F3"},{"r":"128","t":"14:05:29","h":"Sud","s":"25N-H50N400F-90-F4"},{"r":"128","t":"14:05:29","h":"Sud","s":"25N-H50NV10I-90-I"},{"r":"128","t":"14:05:29","h":"Sud","s":"25N-H50NV20I-90-I"},{"r":"128","t":"14:05:29","h":"Sud","s":"25S-H50S000I-81-I"},{"r":"128","t":"14:05:29","h":"Sud","s":"25S-H50S100F-80-F1"},{"r":"128","t":"14:05:29","h":"Sud","s":"25S-H50S200F-80-F2"},{"r":"128","t":"14:10:29","h":"Sud","s":"25N-H50N000A-80-A"},{"r":"128","t":"14:10:29","h":"Sud","s":"25N-H50N000A-90-A"},{"r":"128","t":"14:10:29","h":"Sud","s":"25N-H50NV10A-90-A"},{"r":"128","t":"14:10:29","h":"Sud","s":"25N-H50NV20A-90-A"},{"r":"128","t":"14:10:29","h":"Sud","s":"25S-H50S000A-81-A"},{"r":"128","t":"14:21:29","h":"Sud","s":"25N-H50N000S-80-S"},{"r":"128","t":"14:21:29","h":"Sud","s":"25N-H50N000S-90-S"},{"r":"128","t":"14:21:29","h":"Sud","s":"25N-H50NV10S-90-S"},{"r":"128","t":"14:21:29","h":"Sud","s":"25N-H50NV20S-90-S"},{"r":"128","t":"14:21:29","h":"Sud","s":"25S-H50S000S-81-S"},{"r":"128","t":"14:34:29","h":"Sud","s":"25N-H50N000I-80-I"},{"r":"128","t":"14:34:29","h":"Sud","s":"25N-H50N000I-90-I"},{"r":"128","t":"14:34:29","h":"Sud","s":"25N-H50N100F-90-F1"},{"r":"128","t":"14:34:29","h":"Sud","s":"25N-H50N200F-90-F2"},{"r":"128","t":"14:34:29","h":"Sud","s":"25N-H50N300F-90-F3"},{"r":"128","t":"14:34:29","h":"Sud","s":"25N-H50N400F-90-F4"},{"r":"128","t":"14:34:29","h":"Sud","s":"25N-H50NV10I-90-I"},{"r":"128","t":"14:34:29","h":"Sud","s":"25N-H50NV20I-90-I"},{"r":"128","t":"14:34:29","h":"Sud","s":"25S-H50S000I-81-I"},{"r":"128","t":"14:34:29","h":"Sud","s":"25S-H50S100F-80-F1"},{"r":"128","t":"14:34:29","h":"Sud","s":"25S-H50S200F-80-F2"},{"r":"128","t":"14:37:29","h":"Sud","s":"25N-H50N000A-80-A"},{"r":"128","t":"14:37:29","h":"Sud","s":"25N-H50N000A-90-A"},{"r":"128","t":"14:37:29","h":"Sud","s":"25N-H50NV10A-90-A"},{"r":"128","t":"14:37:29","h":"Sud","s":"25N-H50NV20A-90-A"},{"r":"128","t":"14:37:29","h":"Sud","s":"25S-H50S000A-81-A"},{"r":"128","t":"14:50:29","h":"Sud","s":"25N-H50N000S-80-S"},{"r":"128","t":"14:50:29","h":"Sud","s":"25N-H50N000S-90-S"},{"r":"128","t":"14:50:29","h":"Sud","s":"25N-H50NV10S-90-S"},{"r":"128","t":"14:50:29","h":"Sud","s":"25N-H50NV20S-90-S"},{"r":"128","t":"14:50:29","h":"Sud","s":"25S-H50S000S-81-S"},{"r":"128","t":"14:56:29","h":"Sud","s":"25N-H50N000I-80-I"},{"r":"128","t":"14:56:29","h":"Sud","s":"25N-H50N000I-90-I"},{"r":"128","t":"14:56:29","h":"Sud","s":"25N-H50N100F-90-F1"},{"r":"128","t":"14:56:29","h":"Sud","s":"25N-H50N200F-90-F2"},{"r":"128","t":"14:56:29","h":"Sud","s":"25N-H50N300F-90-F3"},{"r":"128","t":"14:56:29","h":"Sud","s":"25N-H50N400F-90-F4"},{"r":"128","t":"14:56:29","h":"Sud","s":"25N-H50NV10I-90-I"},{"r":"128","t":"14:56:29","h":"Sud","s":"25N-H50NV20I-90-I"},{"r":"128","t":"14:56:29","h":"Sud","s":"25S-H50S000I-81-I"},{"r":"128","t":"14:56:29","h":"Sud","s":"25S-H50S100F-80-F1"},{"r":"128","t":"14:56:29","h":"Sud","s":"25S-H50S200F-80-F2"},{"r":"128","t":"15:03:29","h":"Sud","s":"25N-H50N000A-80-A"},{"r":"128","t":"15:03:29","h":"Sud","s":"25N-H50N000A-90-A"},{"r":"128","t":"15:03:29","h":"Sud","s":"25N-H50NV10A-90-A"},{"r":"128","t":"15:03:29","h":"Sud","s":"25N-H50NV20A-90-A"},{"r":"128","t":"15:03:29","h":"Sud","s":"25S-H50S000A-81-A"},{"r":"128","t":"15:25:59","h":"Sud","s":"25N-H50N000S-80-S"},{"r":"128","t":"15:25:59","h":"Sud","s":"25N-H50N000S-90-S"},{"r":"128","t":"15:25:59","h":"Sud","s":"25N-H50NV10S-90-S"},{"r":"128","t":"15:25:59","h":"Sud","s":"25N-H50NV20S-90-S"},{"r":"128","t":"15:25:59","h":"Sud","s":"25S-H50S000S-81-S"},{"r":"128","t":"15:29:29","h":"Sud","s":"25N-H50N000I-80-I"},{"r":"128","t":"15:29:29","h":"Sud","s":"25N-H50N000I-90-I"},{"r":"128","t":"15:29:29","h":"Sud","s":"25N-H50N100F-90-F1"},{"r":"128","t":"15:29:29","h":"Sud","s":"25N-H50N200F-90-F2"},{"r":"128","t":"15:29:29","h":"Sud","s":"25N-H50N300F-90-F3"},{"r":"128","t":"15:29:29","h":"Sud","s":"25N-H50N400F-90-F4"},{"r":"128","t":"15:29:29","h":"Sud","s":"25N-H50NV10I-90-I"},{"r":"128","t":"15:29:29","h":"Sud","s":"25N-H50NV20I-90-I"},{"r":"128","t":"15:29:29","h":"Sud","s":"25S-H50S000I-81-I"},{"r":"128","t":"15:29:29","h":"Sud","s":"25S-H50S100F-80-F1"},{"r":"128","t":"15:29:29","h":"Sud","s":"25S-H50S200F-80-F2"},{"r":"128","t":"15:33:29","h":"Sud","s":"25N-H50N000A-80-A"},{"r":"128","t":"15:33:29","h":"Sud","s":"25N-H50N000A-90-A"},{"r":"128","t":"15:33:29","h":"Sud","s":"25N-H50NV10A-90-A"},{"r":"128","t":"15:33:29","h":"Sud","s":"25N-H50NV20A-90-A"},{"r":"128","t":"15:33:29","h":"Sud","s":"25S-H50S000A-81-A"},{"r":"128","t":"16:00:29","h":"Sud","s":"25N-H50N000I-80-I"},{"r":"128","t":"16:00:29","h":"Sud","s":"25N-H50N000I-90-I"},{"r":"128","t":"16:00:29","h":"Sud","s":"25N-H50N100F-90-F1"},{"r":"128","t":"16:00:29","h":"Sud","s":"25N-H50N200F-90-F2"},{"r":"128","t":"16:00:29","h":"Sud","s":"25N-H50N300F-90-F3"},{"r":"128","t":"16:00:29","h":"Sud","s":"25N-H50N400F-90-F4"},{"r":"128","t":"16:00:29","h":"Sud","s":"25N-H50NV10I-90-I"},{"r":"128","t":"16:00:29","h":"Sud","s":"25N-H50NV20I-90-I"},{"r":"128","t":"16:00:29","h":"Sud","s":"25S-H50S000I-81-I"},{"r":"128","t":"16:00:29","h":"Sud","s":"25S-H50S100F-80-F1"},{"r":"128","t":"16:00:29","h":"Sud","s":"25S-H50S200F-80-F2"},{"r":"128","t":"16:01:29","h":"Sud","s":"25N-H50N000A-80-A"},{"r":"128","t":"16:01:29","h":"Sud","s":"25N-H50N000A-90-A"},{"r":"128","t":"16:01:29","h":"Sud","s":"25N-H50NV10A-90-A"},{"r":"128","t":"16:01:29","h":"Sud","s":"25N-H50NV20A-90-A"},{"r":"128","t":"16:01:29","h":"Sud","s":"25S-H50S000A-81-A"},{"r":"128","t":"16:02:59","h":"Sud","s":"25N-H50N000S-80-S"},{"r":"128","t":"16:02:59","h":"Sud","s":"25N-H50N000S-90-S"},{"r":"128","t":"16:02:59","h":"Sud","s":"25N-H50NV10S-90-S"},{"r":"128","t":"16:02:59","h":"Sud","s":"25N-H50NV20S-90-S"},{"r":"128","t":"16:02:59","h":"Sud","s":"25S-H50S000S-81-S"},{"r":"128","t":"16:29:29","h":"Sud","s":"25N-H50N000A-80-A"},{"r":"128","t":"16:29:29","h":"Sud","s":"25N-H50N000A-90-A"},{"r":"128","t":"16:29:29","h":"Sud","s":"25N-H50NV10A-90-A"},{"r":"128","t":"16:29:29","h":"Sud","s":"25N-H50NV20A-90-A"},{"r":"128","t":"16:29:29","h":"Sud","s":"25S-H50S000A-81-A"},{"r":"128","t":"16:35:59","h":"Sud","s":"25N-H50N000I-80-I"},{"r":"128","t":"16:35:59","h":"Sud","s":"25N-H50N000I-90-I"},{"r":"128","t":"16:35:59","h":"Sud","s":"25N-H50N100F-90-F1"},{"r":"128","t":"16:35:59","h":"Sud","s":"25N-H50N200F-90-F2"},{"r":"128","t":"16:35:59","h":"Sud","s":"25N-H50N300F-90-F3"},{"r":"128","t":"16:35:59","h":"Sud","s":"25N-H50N400F-90-F4"},{"r":"128","t":"16:35:59","h":"Sud","s":"25N-H50NV10I-90-I"},{"r":"128","t":"16:35:59","h":"Sud","s":"25N-H50NV20I-90-I"},{"r":"128","t":"16:35:59","h":"Sud","s":"25S-H50S000I-81-I"},{"r":"128","t":"16:35:59","h":"Sud","s":"25S-H50S100F-80-F1"},{"r":"128","t":"16:35:59","h":"Sud","s":"25S-H50S200F-80-F2"},{"r":"128","t":"16:36:59","h":"Sud","s":"25N-H50N000S-80-S"},{"r":"128","t":"16:36:59","h":"Sud","s":"25N-H50N000S-90-S"},{"r":"128","t":"16:36:59","h":"Sud","s":"25N-H50NV10S-90-S"},{"r":"128","t":"16:36:59","h":"Sud","s":"25N-H50NV20S-90-S"},{"r":"128","t":"16:36:59","h":"Sud","s":"25S-H50S000S-81-S"},{"r":"128","t":"16:56:29","h":"Sud","s":"25N-H50N000A-80-A"},{"r":"128","t":"16:56:29","h":"Sud","s":"25N-H50N000A-90-A"},{"r":"128","t":"16:56:29","h":"Sud","s":"25N-H50NV10A-90-A"},{"r":"128","t":"16:56:29","h":"Sud","s":"25N-H50NV20A-90-A"},{"r":"128","t":"16:56:29","h":"Sud","s":"25S-H50S000A-81-A"},{"r":"128","t":"17:07:59","h":"Sud","s":"25N-H50N000S-80-S"},{"r":"128","t":"17:07:59","h":"Sud","s":"25N-H50N000S-90-S"},{"r":"128","t":"17:07:59","h":"Sud","s":"25N-H50NV10S-90-S"},{"r":"128","t":"17:07:59","h":"Sud","s":"25N-H50NV20S-90-S"},{"r":"128","t":"17:07:59","h":"Sud","s":"25S-H50S000S-81-S"},{"r":"128","t":"17:13:59","h":"Sud","s":"25N-H50N000I-80-I"},{"r":"128","t":"17:13:59","h":"Sud","s":"25N-H50N000I-90-I"},{"r":"128","t":"17:13:59","h":"Sud","s":"25N-H50N100F-90-F1"},{"r":"128","t":"17:13:59","h":"Sud","s":"25N-H50N200F-90-F2"},{"r":"128","t":"17:13:59","h":"Sud","s":"25N-H50N300F-90-F3"},{"r":"128","t":"17:13:59","h":"Sud","s":"25N-H50N400F-90-F4"},{"r":"128","t":"17:13:59","h":"Sud","s":"25N-H50NV10I-90-I"},{"r":"128","t":"17:13:59","h":"Sud","s":"25N-H50NV20I-90-I"},{"r":"128","t":"17:13:59","h":"Sud","s":"25S-H50S000I-81-I"},{"r":"128","t":"17:13:59","h":"Sud","s":"25S-H50S100F-80-F1"},{"r":"128","t":"17:13:59","h":"Sud","s":"25S-H50S200F-80-F2"},{"r":"128","t":"17:22:59","h":"Sud","s":"25N-H50N000A-80-A"},{"r":"128","t":"17:22:59","h":"Sud","s":"25N-H50N000A-90-A"},{"r":"128","t":"17:22:59","h":"Sud","s":"25N-H50NV10A-90-A"},{"r":"128","t":"17:22:59","h":"Sud","s":"25N-H50NV20A-90-A"},{"r":"128","t":"17:22:59","h":"Sud","s":"25S-H50S000A-81-A"},{"r":"128","t":"17:41:59","h":"Sud","s":"25N-H50N000S-80-S"},{"r":"128","t":"17:41:59","h":"Sud","s":"25N-H50N000S-90-S"},{"r":"128","t":"17:41:59","h":"Sud","s":"25N-H50NV10S-90-S"},{"r":"128","t":"17:41:59","h":"Sud","s":"25N-H50NV20S-90-S"},{"r":"128","t":"17:41:59","h":"Sud","s":"25S-H50S000S-81-S"},{"r":"128","t":"17:48:59","h":"Sud","s":"25N-H50N000I-80-I"},{"r":"128","t":"17:48:59","h":"Sud","s":"25N-H50N000I-90-I"},{"r":"128","t":"17:48:59","h":"Sud","s":"25N-H50N100F-90-F1"},{"r":"128","t":"17:48:59","h":"Sud","s":"25N-H50N200F-90-F2"},{"r":"128","t":"17:48:59","h":"Sud","s":"25N-H50N300F-90-F3"},{"r":"128","t":"17:48:59","h":"Sud","s":"25N-H50N400F-90-F4"},{"r":"128","t":"17:48:59","h":"Sud","s":"25N-H50NV10I-90-I"},{"r":"128","t":"17:48:59","h":"Sud","s":"25N-H50NV20I-90-I"},{"r":"128","t":"17:48:59","h":"Sud","s":"25S-H50S000I-81-I"},{"r":"128","t":"17:48:59","h":"Sud","s":"25S-H50S100F-80-F1"},{"r":"128","t":"17:48:59","h":"Sud","s":"25S-H50S200F-80-F2"},{"r":"128","t":"17:54:59","h":"Sud","s":"25N-H50N000A-80-A"},{"r":"128","t":"17:54:59","h":"Sud","s":"25N-H50N000A-90-A"},{"r":"128","t":"17:54:59","h":"Sud","s":"25N-H50NV10A-90-A"},{"r":"128","t":"17:54:59","h":"Sud","s":"25N-H50NV20A-90-A"},{"r":"128","t":"17:54:59","h":"Sud","s":"25S-H50S000A-81-A"},{"r":"128","t":"18:15:59","h":"Sud","s":"25N-H50N000S-80-S"},{"r":"128","t":"18:15:59","h":"Sud","s":"25N-H50N000S-90-S"},{"r":"128","t":"18:15:59","h":"Sud","s":"25N-H50NV10S-90-S"},{"r":"128","t":"18:15:59","h":"Sud","s":"25N-H50NV20S-90-S"},{"r":"128","t":"18:15:59","h":"Sud","s":"25S-H50S000S-81-S"},{"r":"128","t":"18:20:59","h":"Sud","s":"25N-H50N000I-80-I"},{"r":"128","t":"18:20:59","h":"Sud","s":"25N-H50N000I-90-I"},{"r":"128","t":"18:20:59","h":"Sud","s":"25N-H50N100F-90-F1"},{"r":"128","t":"18:20:59","h":"Sud","s":"25N-H50N200F-90-F2"},{"r":"128","t":"18:20:59","h":"Sud","s":"25N-H50N300F-90-F3"},{"r":"128","t":"18:20:59","h":"Sud","s":"25N-H50N400F-90-F4"},{"r":"128","t":"18:20:59","h":"Sud","s":"25N-H50NV10I-90-I"},{"r":"128","t":"18:20:59","h":"Sud","s":"25N-H50NV20I-90-I"},{"r":"128","t":"18:20:59","h":"Sud","s":"25S-H50S000I-81-I"},{"r":"128","t":"18:20:59","h":"Sud","s":"25S-H50S100F-80-F1"},{"r":"128","t":"18:20:59","h":"Sud","s":"25S-H50S200F-80-F2"},{"r":"128","t":"18:23:59","h":"Sud","s":"25N-H50N000A-80-A"},{"r":"128","t":"18:23:59","h":"Sud","s":"25N-H50N000A-90-A"},{"r":"128","t":"18:23:59","h":"Sud","s":"25N-H50NV10A-90-A"},{"r":"128","t":"18:23:59","h":"Sud","s":"25N-H50NV20A-90-A"},{"r":"128","t":"18:23:59","h":"Sud","s":"25S-H50S000A-81-A"},{"r":"128","t":"18:47:59","h":"Sud","s":"25N-H50N000S-80-S"},{"r":"128","t":"18:47:59","h":"Sud","s":"25N-H50N000S-90-S"},{"r":"128","t":"18:47:59","h":"Sud","s":"25N-H50NV10S-90-S"},{"r":"128","t":"18:47:59","h":"Sud","s":"25N-H50NV20S-90-S"},{"r":"128","t":"18:47:59","h":"Sud","s":"25S-H50S000S-81-S"},{"r":"128","t":"18:56:59","h":"Sud","s":"25N-H50N000I-80-I"},{"r":"128","t":"18:56:59","h":"Sud","s":"25N-H50N000I-90-I"},{"r":"128","t":"18:56:59","h":"Sud","s":"25N-H50N100F-90-F1"},{"r":"128","t":"18:56:59","h":"Sud","s":"25N-H50N200F-90-F2"},{"r":"128","t":"18:56:59","h":"Sud","s":"25N-H50N300F-90-F3"},{"r":"128","t":"18:56:59","h":"Sud","s":"25N-H50N400F-90-F4"},{"r":"128","t":"18:56:59","h":"Sud","s":"25N-H50NV10I-90-I"},{"r":"128","t":"18:56:59","h":"Sud","s":"25N-H50NV20I-90-I"},{"r":"128","t":"18:56:59","h":"Sud","s":"25S-H50S000I-81-I"},{"r":"128","t":"18:56:59","h":"Sud","s":"25S-H50S100F-80-F1"},{"r":"128","t":"18:56:59","h":"Sud","s":"25S-H50S200F-80-F2"},{"r":"128","t":"18:57:59","h":"Sud","s":"25N-H50N000A-80-A"},{"r":"128","t":"18:57:59","h":"Sud","s":"25N-H50N000A-90-A"},{"r":"128","t":"18:57:59","h":"Sud","s":"25N-H50NV10A-90-A"},{"r":"128","t":"18:57:59","h":"Sud","s":"25N-H50NV20A-90-A"},{"r":"128","t":"18:57:59","h":"Sud","s":"25S-H50S000A-81-A"},{"r":"128","t":"19:18:59","h":"Sud","s":"25N-H50N000S-80-S"},{"r":"128","t":"19:18:59","h":"Sud","s":"25N-H50N000S-90-S"},{"r":"128","t":"19:18:59","h":"Sud","s":"25N-H50NV10S-90-S"},{"r":"128","t":"19:18:59","h":"Sud","s":"25N-H50NV20S-90-S"},{"r":"128","t":"19:18:59","h":"Sud","s":"25S-H50S000S-81-S"},{"r":"128","t":"19:27:59","h":"Sud","s":"25N-H50N000I-80-I"},{"r":"128","t":"19:27:59","h":"Sud","s":"25N-H50N000I-90-I"},{"r":"128","t":"19:27:59","h":"Sud","s":"25N-H50N100F-90-F1"},{"r":"128","t":"19:27:59","h":"Sud","s":"25N-H50N200F-90-F2"},{"r":"128","t":"19:27:59","h":"Sud","s":"25N-H50N300F-90-F3"},{"r":"128","t":"19:27:59","h":"Sud","s":"25N-H50N400F-90-F4"},{"r":"128","t":"19:27:59","h":"Sud","s":"25N-H50NV10I-90-I"},{"r":"128","t":"19:27:59","h":"Sud","s":"25N-H50NV20I-90-I"},{"r":"128","t":"19:27:59","h":"Sud","s":"25S-H50S000I-81-I"},{"r":"128","t":"19:27:59","h":"Sud","s":"25S-H50S100F-80-F1"},{"r":"128","t":"19:27:59","h":"Sud","s":"25S-H50S200F-80-F2"},{"r":"128","t":"19:35:59","h":"Sud","s":"25N-H50N000A-80-A"},{"r":"128","t":"19:35:59","h":"Sud","s":"25N-H50N000A-90-A"},{"r":"128","t":"19:35:59","h":"Sud","s":"25N-H50NV10A-90-A"},{"r":"128","t":"19:35:59","h":"Sud","s":"25N-H50NV20A-90-A"},{"r":"128","t":"19:35:59","h":"Sud","s":"25S-H50S000A-81-A"},{"r":"128","t":"19:48:59","h":"Sud","s":"25N-H50N000S-80-S"},{"r":"128","t":"19:48:59","h":"Sud","s":"25N-H50N000S-90-S"},{"r":"128","t":"19:48:59","h":"Sud","s":"25N-H50NV10S-90-S"},{"r":"128","t":"19:48:59","h":"Sud","s":"25N-H50NV20S-90-S"},{"r":"128","t":"19:48:59","h":"Sud","s":"25S-H50S000S-81-S"},{"r":"128","t":"19:59:59","h":"Sud","s":"25N-H50N000I-80-I"},{"r":"128","t":"19:59:59","h":"Sud","s":"25N-H50N000I-90-I"},{"r":"128","t":"19:59:59","h":"Sud","s":"25N-H50N100F-90-F1"},{"r":"128","t":"19:59:59","h":"Sud","s":"25N-H50N200F-90-F2"},{"r":"128","t":"19:59:59","h":"Sud","s":"25N-H50N300F-90-F3"},{"r":"128","t":"19:59:59","h":"Sud","s":"25N-H50N400F-90-F4"},{"r":"128","t":"19:59:59","h":"Sud","s":"25N-H50NV10I-90-I"},{"r":"128","t":"19:59:59","h":"Sud","s":"25N-H50NV20I-90-I"},{"r":"128","t":"19:59:59","h":"Sud","s":"25S-H50S000I-81-I"},{"r":"128","t":"19:59:59","h":"Sud","s":"25S-H50S100F-80-F1"},{"r":"128","t":"19:59:59","h":"Sud","s":"25S-H50S200F-80-F2"},{"r":"128","t":"20:05:29","h":"Sud","s":"25N-H50N000A-80-A"},{"r":"128","t":"20:05:29","h":"Sud","s":"25N-H50N000A-90-A"},{"r":"128","t":"20:05:29","h":"Sud","s":"25N-H50NV10A-90-A"},{"r":"128","t":"20:05:29","h":"Sud","s":"25N-H50NV20A-90-A"},{"r":"128","t":"20:05:29","h":"Sud","s":"25S-H50S000A-81-A"},{"r":"128","t":"20:14:59","h":"Sud","s":"25N-H50N000S-80-S"},{"r":"128","t":"20:14:59","h":"Sud","s":"25N-H50N000S-90-S"},{"r":"128","t":"20:14:59","h":"Sud","s":"25N-H50NV10S-90-S"},{"r":"128","t":"20:14:59","h":"Sud","s":"25N-H50NV20S-90-S"},{"r":"128","t":"20:14:59","h":"Sud","s":"25S-H50S000S-81-S"},{"r":"128","t":"20:29:59","h":"Sud","s":"25N-H50N000I-80-I"},{"r":"128","t":"20:29:59","h":"Sud","s":"25N-H50N000I-90-I"},{"r":"128","t":"20:29:59","h":"Sud","s":"25N-H50N100F-90-F1"},{"r":"128","t":"20:29:59","h":"Sud","s":"25N-H50N200F-90-F2"},{"r":"128","t":"20:29:59","h":"Sud","s":"25N-H50N300F-90-F3"},{"r":"128","t":"20:29:59","h":"Sud","s":"25N-H50N400F-90-F4"},{"r":"128","t":"20:29:59","h":"Sud","s":"25N-H50NV10I-90-I"},{"r":"128","t":"20:29:59","h":"Sud","s":"25N-H50NV20I-90-I"},{"r":"128","t":"20:29:59","h":"Sud","s":"25S-H50S000I-81-I"},{"r":"128","t":"20:29:59","h":"Sud","s":"25S-H50S100F-80-F1"},{"r":"128","t":"20:29:59","h":"Sud","s":"25S-H50S200F-80-F2"},{"r":"128","t":"20:33:29","h":"Sud","s":"25N-H50N000A-80-A"},{"r":"128","t":"20:33:29","h":"Sud","s":"25N-H50N000A-90-A"},{"r":"128","t":"20:33:29","h":"Sud","s":"25N-H50NV10A-90-A"},{"r":"128","t":"20:33:29","h":"Sud","s":"25N-H50NV20A-90-A"},{"r":"128","t":"20:33:29","h":"Sud","s":"25S-H50S000A-81-A"},{"r":"128","t":"20:38:59","h":"Sud","s":"25N-H50N000S-80-S"},{"r":"128","t":"20:38:59","h":"Sud","s":"25N-H50N000S-90-S"},{"r":"128","t":"20:38:59","h":"Sud","s":"25N-H50NV10S-90-S"},{"r":"128","t":"20:38:59","h":"Sud","s":"25N-H50NV20S-90-S"},{"r":"128","t":"20:38:59","h":"Sud","s":"25S-H50S000S-81-S"},{"r":"128","t":"21:04:29","h":"Sud","s":"25N-H50N000S-80-S"},{"r":"128","t":"21:04:29","h":"Sud","s":"25N-H50N000S-90-S"},{"r":"128","t":"21:04:29","h":"Sud","s":"25N-H50NV10S-90-S"},{"r":"128","t":"21:04:29","h":"Sud","s":"25N-H50NV20S-90-S"},{"r":"128","t":"21:04:29","h":"Sud","s":"25S-H50S000S-81-S"},{"r":"128","t":"21:04:59","h":"Sud","s":"25N-H50N000I-80-I"},{"r":"128","t":"21:04:59","h":"Sud","s":"25N-H50N000I-90-I"},{"r":"128","t":"21:04:59","h":"Sud","s":"25N-H50N100F-90-F1"},{"r":"128","t":"21:04:59","h":"Sud","s":"25N-H50N200F-90-F2"},{"r":"128","t":"21:04:59","h":"Sud","s":"25N-H50N300F-90-F3"},{"r":"128","t":"21:04:59","h":"Sud","s":"25N-H50N400F-90-F4"},{"r":"128","t":"21:04:59","h":"Sud","s":"25N-H50NV10I-90-I"},{"r":"128","t":"21:04:59","h":"Sud","s":"25N-H50NV20I-90-I"},{"r":"128","t":"21:04:59","h":"Sud","s":"25S-H50S000I-81-I"},{"r":"128","t":"21:04:59","h":"Sud","s":"25S-H50S100F-80-F1"},{"r":"128","t":"21:04:59","h":"Sud","s":"25S-H50S200F-80-F2"},{"r":"128","t":"21:07:29","h":"Sud","s":"25N-H50N000A-80-A"},{"r":"128","t":"21:07:29","h":"Sud","s":"25N-H50N000A-90-A"},{"r":"128","t":"21:07:29","h":"Sud","s":"25N-H50NV10A-90-A"},{"r":"128","t":"21:07:29","h":"Sud","s":"25N-H50NV20A-90-A"},{"r":"128","t":"21:07:29","h":"Sud","s":"25S-H50S000A-81-A"},{"r":"128","t":"21:32:29","h":"Sud","s":"25N-H50N000S-80-S"},{"r":"128","t":"21:32:29","h":"Sud","s":"25N-H50N000S-90-S"},{"r":"128","t":"21:32:29","h":"Sud","s":"25N-H50NV10S-90-S"},{"r":"128","t":"21:32:29","h":"Sud","s":"25N-H50NV20S-90-S"},{"r":"128","t":"21:32:29","h":"Sud","s":"25S-H50S000S-81-S"},{"r":"128","t":"21:38:59","h":"Sud","s":"25N-H50N000I-80-I"},{"r":"128","t":"21:38:59","h":"Sud","s":"25N-H50N000I-90-I"},{"r":"128","t":"21:38:59","h":"Sud","s":"25N-H50N100F-90-F1"},{"r":"128","t":"21:38:59","h":"Sud","s":"25N-H50N200F-90-F2"},{"r":"128","t":"21:38:59","h":"Sud","s":"25N-H50N300F-90-F3"},{"r":"128","t":"21:38:59","h":"Sud","s":"25N-H50N400F-90-F4"},{"r":"128","t":"21:38:59","h":"Sud","s":"25N-H50NV10I-90-I"},{"r":"128","t":"21:38:59","h":"Sud","s":"25N-H50NV20I-90-I"},{"r":"128","t":"21:38:59","h":"Sud","s":"25S-H50S000I-81-I"},{"r":"128","t":"21:38:59","h":"Sud","s":"25S-H50S100F-80-F1"},{"r":"128","t":"21:38:59","h":"Sud","s":"25S-H50S200F-80-F2"},{"r":"128","t":"21:41:29","h":"Sud","s":"25N-H50N000A-80-A"},{"r":"128","t":"21:41:29","h":"Sud","s":"25N-H50N000A-90-A"},{"r":"128","t":"21:41:29","h":"Sud","s":"25N-H50NV10A-90-A"},{"r":"128","t":"21:41:29","h":"Sud","s":"25N-H50NV20A-90-A"},{"r":"128","t":"21:41:29","h":"Sud","s":"25S-H50S000A-81-A"},{"r":"128","t":"22:04:29","h":"Sud","s":"25N-H50N000S-80-S"},{"r":"128","t":"22:04:29","h":"Sud","s":"25N-H50N000S-90-S"},{"r":"128","t":"22:04:29","h":"Sud","s":"25N-H50NV10S-90-S"},{"r":"128","t":"22:04:29","h":"Sud","s":"25N-H50NV20S-90-S"},{"r":"128","t":"22:04:29","h":"Sud","s":"25S-H50S000S-81-S"},{"r":"128","t":"22:07:59","h":"Sud","s":"25N-H50N000I-80-I"},{"r":"128","t":"22:07:59","h":"Sud","s":"25N-H50N000I-90-I"},{"r":"128","t":"22:07:59","h":"Sud","s":"25N-H50N100F-90-F1"},{"r":"128","t":"22:07:59","h":"Sud","s":"25N-H50N200F-90-F2"},{"r":"128","t":"22:07:59","h":"Sud","s":"25N-H50N300F-90-F3"},{"r":"128","t":"22:07:59","h":"Sud","s":"25N-H50N400F-90-F4"},{"r":"128","t":"22:07:59","h":"Sud","s":"25N-H50NV10I-90-I"},{"r":"128","t":"22:07:59","h":"Sud","s":"25N-H50NV20I-90-I"},{"r":"128","t":"22:07:59","h":"Sud","s":"25S-H50S000I-81-I"},{"r":"128","t":"22:07:59","h":"Sud","s":"25S-H50S100F-80-F1"},{"r":"128","t":"22:07:59","h":"Sud","s":"25S-H50S200F-80-F2"},{"r":"128","t":"22:15:29","h":"Sud","s":"25N-H50N000A-80-A"},{"r":"128","t":"22:15:29","h":"Sud","s":"25N-H50N000A-90-A"},{"r":"128","t":"22:15:29","h":"Sud","s":"25N-H50NV10A-90-A"},{"r":"128","t":"22:15:29","h":"Sud","s":"25N-H50NV20A-90-A"},{"r":"128","t":"22:15:29","h":"Sud","s":"25S-H50S000A-81-A"},{"r":"128","t":"22:42:29","h":"Sud","s":"25N-H50N000S-80-S"},{"r":"128","t":"22:42:29","h":"Sud","s":"25N-H50N000S-90-S"},{"r":"128","t":"22:42:29","h":"Sud","s":"25N-H50NV10S-90-S"},{"r":"128","t":"22:42:29","h":"Sud","s":"25N-H50NV20S-90-S"},{"r":"128","t":"22:42:29","h":"Sud","s":"25S-H50S000S-81-S"},{"r":"128","t":"22:45:59","h":"Sud","s":"25N-H50N000I-80-I"},{"r":"128","t":"22:45:59","h":"Sud","s":"25N-H50N000I-90-I"},{"r":"128","t":"22:45:59","h":"Sud","s":"25N-H50N100F-90-F1"},{"r":"128","t":"22:45:59","h":"Sud","s":"25N-H50N200F-90-F2"},{"r":"128","t":"22:45:59","h":"Sud","s":"25N-H50N300F-90-F3"},{"r":"128","t":"22:45:59","h":"Sud","s":"25N-H50N400F-90-F4"},{"r":"128","t":"22:45:59","h":"Sud","s":"25N-H50NV10I-90-I"},{"r":"128","t":"22:45:59","h":"Sud","s":"25N-H50NV20I-90-I"},{"r":"128","t":"22:45:59","h":"Sud","s":"25S-H50S000I-81-I"},{"r":"128","t":"22:45:59","h":"Sud","s":"25S-H50S100F-80-F1"},{"r":"128","t":"22:45:59","h":"Sud","s":"25S-H50S200F-80-F2"},{"r":"128","t":"22:52:29","h":"Sud","s":"25N-H50N000A-80-A"},{"r":"128","t":"22:52:29","h":"Sud","s":"25N-H50N000A-90-A"},{"r":"128","t":"22:52:29","h":"Sud","s":"25N-H50NV10A-90-A"},{"r":"128","t":"22:52:29","h":"Sud","s":"25N-H50NV20A-90-A"},{"r":"128","t":"22:52:29","h":"Sud","s":"25S-H50S000A-81-A"},{"r":"128","t":"23:09:29","h":"Sud","s":"25N-H50N000S-80-S"},{"r":"128","t":"23:09:29","h":"Sud","s":"25N-H50N000S-90-S"},{"r":"128","t":"23:09:29","h":"Sud","s":"25N-H50NV10S-90-S"},{"r":"128","t":"23:09:29","h":"Sud","s":"25N-H50NV20S-90-S"},{"r":"128","t":"23:09:29","h":"Sud","s":"25S-H50S000S-81-S"},{"r":"128","t":"23:18:29","h":"Sud","s":"25N-H50N000I-80-I"},{"r":"128","t":"23:18:29","h":"Sud","s":"25N-H50N000I-90-I"},{"r":"128","t":"23:18:29","h":"Sud","s":"25N-H50N100F-90-F1"},{"r":"128","t":"23:18:29","h":"Sud","s":"25N-H50N200F-90-F2"},{"r":"128","t":"23:18:29","h":"Sud","s":"25N-H50N300F-90-F3"},{"r":"128","t":"23:18:29","h":"Sud","s":"25N-H50N400F-90-F4"},{"r":"128","t":"23:18:29","h":"Sud","s":"25N-H50NV10I-90-I"},{"r":"128","t":"23:18:29","h":"Sud","s":"25N-H50NV20I-90-I"},{"r":"128","t":"23:18:29","h":"Sud","s":"25S-H50S000I-81-I"},{"r":"128","t":"23:18:29","h":"Sud","s":"25S-H50S100F-80-F1"},{"r":"128","t":"23:18:29","h":"Sud","s":"25S-H50S200F-80-F2"},{"r":"128","t":"23:21:29","h":"Sud","s":"25N-H50N000A-80-A"},{"r":"128","t":"23:21:29","h":"Sud","s":"25N-H50N000A-90-A"},{"r":"128","t":"23:21:29","h":"Sud","s":"25N-H50NV10A-90-A"},{"r":"128","t":"23:21:29","h":"Sud","s":"25N-H50NV20A-90-A"},{"r":"128","t":"23:21:29","h":"Sud","s":"25S-H50S000A-81-A"},{"r":"128","t":"23:32:29","h":"Sud","s":"25N-H50N000I-80-I"},{"r":"128","t":"23:32:29","h":"Sud","s":"25N-H50N000I-90-I"},{"r":"128","t":"23:32:29","h":"Sud","s":"25N-H50N100F-90-F1"},{"r":"128","t":"23:32:29","h":"Sud","s":"25N-H50N200F-90-F2"},{"r":"128","t":"23:32:29","h":"Sud","s":"25N-H50N300F-90-F3"},{"r":"128","t":"23:32:29","h":"Sud","s":"25N-H50N400F-90-F4"},{"r":"128","t":"23:32:29","h":"Sud","s":"25N-H50NV10I-90-I"},{"r":"128","t":"23:32:29","h":"Sud","s":"25N-H50NV20I-90-I"},{"r":"128","t":"23:32:29","h":"Sud","s":"25S-H50S000I-81-I"},{"r":"128","t":"23:32:29","h":"Sud","s":"25S-H50S100F-80-F1"},{"r":"128","t":"23:32:29","h":"Sud","s":"25S-H50S200F-80-F2"},{"r":"128","t":"23:35:29","h":"Sud","s":"25N-H50N000S-80-S"},{"r":"128","t":"23:35:29","h":"Sud","s":"25N-H50N000S-90-S"},{"r":"128","t":"23:35:29","h":"Sud","s":"25N-H50NV10S-90-S"},{"r":"128","t":"23:35:29","h":"Sud","s":"25N-H50NV20S-90-S"},{"r":"128","t":"23:35:29","h":"Sud","s":"25S-H50S000S-81-S"},{"r":"128","t":"23:37:59","h":"Sud","s":"25N-H50N000A-80-A"},{"r":"128","t":"23:37:59","h":"Sud","s":"25N-H50N000A-90-A"},{"r":"128","t":"23:37:59","h":"Sud","s":"25N-H50NV10A-90-A"},{"r":"128","t":"23:37:59","h":"Sud","s":"25N-H50NV20A-90-A"},{"r":"128","t":"23:37:59","h":"Sud","s":"25S-H50S000A-81-A"}]