[{"r":"100","t":"05:28:40","h":"Est","s":"25N-H50N000S-80-S"},{"r":"100","t":"05:28:40","h":"Est","s":"25N-H50N000S-90-S"},{"r":"100","t":"05:28:40","h":"Est","s":"25N-H50NV10S-90-S"},{"r":"100","t":"05:28:40","h":"Est","s":"25N-H50NV20S-90-S"},{"r":"100","t":"05:28:40","h":"Est","s":"25S-H50S000S-81-S"},{"r":"100","t":"05:29:31","h":"Est","s":"25N-H50N000A-80-A"},{"r":"100","t":"05:29:31","h":"Est","s":"25N-H50N000A-90-A"},{"r":"100","t":"05:29:31","h":"Est","s":"25N-H50NV10A-90-A"},{"r":"100","t":"05:29:31","h":"Est","s":"25N-H50NV20A-90-A"},{"r":"100","t":"05:29:31","h":"Est","s":"25S-H50S000A-81-A"},{"r":"460","t":"05:57:00","h":"Est via Jarry","s":"25N-H58N000S-80-S"},{"r":"460","t":"05:57:00","h":"Est via Jarry","s":"25N-H58N200F-80-F2"},{"r":"460","t":"05:57:00","h":"Est via Jarry","s":"25N-H58N400F-80-F4"},{"r":"460","t":"05:57:00","h":"Est via Jarry","s":"25N-H58NV10S-80-S"},{"r":"460","t":"05:57:00","h":"Est via Jarry","s":"25N-H58NV20S-80-S"},{"r":"460","t":"05:57:00","h":"Est via Jarry","s":"25S-H58S000S-80-S"},{"r":"460","t":"05:57:00","h":"Est via Jarry","s":"25S-H58S100F-80-F1"},{"r":"460","t":"05:57:00","h":"Est via Jarry","s":"25S-H58S200F-80-F2"},{"r":"100","t":"05:59:31","h":"Est","s":"25N-H50N000A-80-A"},{"r":"100","t":"05:59:31","h":"Est","s":"25N-H50N000A-90-A"},{"r":"100","t":"05:59:31","h":"Est","s":"25N-H50NV10A-90-A"},{"r":"100","t":"05:59:31","h":"Est","s":"25N-H50NV20A-90-A"},{"r":"100","t":"05:59:31","h":"Est","s":"25S-H50S000A-81-A"},{"r":"100","t":"06:01:40","h":"Est","s":"25N-H50N000S-80-S"},{"r":"100","t":"06:01:40","h":"Est","s":"25N-H50N000S-90-S"},{"r":"100","t":"06:01:40","h":"Est","s":"25N-H50NV10S-90-S"},{"r":"100","t":"06:01:40","h":"Est","s":"25N-H50NV20S-90-S"},{"r":"100","t":"06:01:40","h":"Est","s":"25S-H50S000S-81-S"},{"r":"460","t":"06:27:00","h":"Est via Jarry","s":"25N-H58N000S-80-S"},{"r":"460","t":"06:27:00","h":"Est via Jarry","s":"25N-H58NV10S-80-S"},{"r":"460","t":"06:27:00","h":"Est via Jarry","s":"25N-H58NV20S-80-S"},{"r":"460","t":"06:27:00","h":"Est via Jarry","s":"25S-H58S000S-80-S"},{"r":"460","t":"06:30:00","h":"Est via Jarry","s":"25N-H58N200F-80-F2"},{"r":"460","t":"06:30:00","h":"Est via Jarry","s":"25N-H58N400F-80-F4"},{"r":"460","t":"06:30:00","h":"Est via Jarry","s":"25S-H58S100F-80-F1"},{"r":"460","t":"06:30:00","h":"Est via Jarry","s":"25S-H58S200F-80-F2"},{"r":"100","t":"06:30:31","h":"Est","s":"25N-H50N000A-80-A"},{"r":"100","t":"06:30:31","h":"Est","s":"25N-H50N000A-90-A"},{"r":"100","t":"06:30:31","h":"Est","s":"25N-H50NV10A-90-A"},{"r":"100","t":"06:30:31","h":"Est","s":"25N-H50NV20A-90-A"},{"r":"100","t":"06:30:31","h":"Est","s":"25S-H50S000A-81-A"},{"r":"100","t":"06:35:40","h":"Est","s":"25N-H50N000S-80-S"},{"r":"100","t":"06:35:40","h":"Est","s":"25N-H50N000S-90-S"},{"r":"100","t":"06:35:40","h":"Est","s":"25N-H50NV10S-90-S"},{"r":"100","t":"06:35:40","h":"Est","s":"25N-H50NV20S-90-S"},{"r":"100","t":"06:35:40","h":"Est","s":"25S-H50S000S-81-S"},{"r":"100","t":"06:38:40","h":"Est","s":"25N-H50N000I-80-I"},{"r":"100","t":"06:38:40","h":"Est","s":"25N-H50N000I-90-I"},{"r":"100","t":"06:38:40","h":"Est","s":"25N-H50N100F-90-F1"},{"r":"100","t":"06:38:40","h":"Est","s":"25N-H50N200F-90-F2"},{"r":"100","t":"06:38:40","h":"Est","s":"25N-H50N300F-90-F3"},{"r":"100","t":"06:38:40","h":"Est","s":"25N-H50N400F-90-F4"},{"r":"100","t":"06:38:40","h":"Est","s":"25N-H50NV10I-90-I"},{"r":"100","t":"06:38:40","h":"Est","s":"25N-H50NV20I-90-I"},{"r":"100","t":"06:38:40","h":"Est","s":"25S-H50S000I-81-I"},{"r":"100","t":"06:38:40","h":"Est","s":"25S-H50S100F-80-F1"},{"r":"100","t":"06:38:40","h":"Est","s":"25S-H50S200F-80-F2"},{"r":"100","t":"06:57:40","h":"Est","s":"25N-H50N000S-80-S"},{"r":"100","t":"06:57:40","h":"Est","s":"25N-H50N000S-90-S"},{"r":"100","t":"06:57:40","h":"Est","s":"25N-H50NV10S-90-S"},{"r":"100","t":"06:57:40","h":"Est","s":"25N-H50NV20S-90-S"},{"r":"100","t":"06:57:40","h":"Est","s":"25S-H50S000S-81-S"},{"r":"460","t":"06:58:00","h":"Est via Jarry","s":"25N-H55N000S-80-S"},{"r":"460","t":"06:58:00","h":"Est via Jarry","s":"25N-H55N000S-82-S"},{"r":"460","t":"06:58:00","h":"Est via Jarry","s":"25N-H55NV10S-85-S"},{"r":"460","t":"06:58:00","h":"Est via Jarry","s":"25N-H55NV20S-81-S"},{"r":"460","t":"06:58:00","h":"Est via Jarry","s":"25S-H55S000S-82-S"},{"r":"460","t":"07:03:00","h":"Est via Jarry","s":"25N-H58N200F-80-F2"},{"r":"460","t":"07:03:00","h":"Est via Jarry","s":"25N-H58N400F-80-F4"},{"r":"460","t":"07:03:00","h":"Est via Jarry","s":"25S-H58S100F-80-F1"},{"r":"460","t":"07:03:00","h":"Est via Jarry","s":"25S-H58S200F-80-F2"},{"r":"100","t":"07:03:31","h":"Est","s":"25N-H50N000A-80-A"},{"r":"100","t":"07:03:31","h":"Est","s":"25N-H50N000A-90-A"},{"r":"100","t":"07:03:31","h":"Est","s":"25N-H50NV10A-90-A"},{"r":"100","t":"07:03:31","h":"Est","s":"25N-H50NV20A-90-A"},{"r":"100","t":"07:03:31","h":"Est","s":"25S-H50S000A-81-A"},{"r":"100","t":"07:07:40","h":"Est","s":"25N-H50N000I-80-I"},{"r":"100","t":"07:07:40","h":"Est","s":"25N-H50N000I-90-I"},{"r":"100","t":"07:07:40","h":"Est","s":"25N-H50N100F-90-F1"},{"r":"100","t":"07:07:40","h":"Est","s":"25N-H50N200F-90-F2"},{"r":"100","t":"07:07:40","h":"Est","s":"25N-H50N300F-90-F3"},{"r":"100","t":"07:07:40","h":"Est","s":"25N-H50N400F-90-F4"},{"r":"100","t":"07:07:40","h":"Est","s":"25N-H50NV10I-90-I"},{"r":"100","t":"07:07:40","h":"Est","s":"25N-H50NV20I-90-I"},{"r":"100","t":"07:07:40","h":"Est","s":"25S-H50S000I-81-I"},{"r":"100","t":"07:07:40","h":"Est","s":"25S-H50S100F-80-F1"},{"r":"100","t":"07:07:40","h":"Est","s":"25S-H50S200F-80-F2"},{"r":"100","t":"07:17:31","h":"Est","s":"25N-H50N000S-80-S"},{"r":"100","t":"07:17:31","h":"Est","s":"25N-H50N000S-90-S"},{"r":"100","t":"07:17:31","h":"Est","s":"25N-H50NV10S-90-S"},{"r":"100","t":"07:17:31","h":"Est","s":"25N-H50NV20S-90-S"},{"r":"100","t":"07:17:31","h":"Est","s":"25S-H50S000S-81-S"},{"r":"460","t":"07:26:00","h":"Est via Jarry","s":"25N-H58N000S-80-S"},{"r":"460","t":"07:26:00","h":"Est via Jarry","s":"25N-H58NV10S-80-S"},{"r":"460","t":"07:26:00","h":"Est via Jarry","s":"25N-H58NV20S-80-S"},{"r":"460","t":"07:26:00","h":"Est via Jarry","s":"25S-H58S000S-80-S"},{"r":"100","t":"07:35:40","h":"Est","s":"25N-H50N000I-80-I"},{"r":"100","t":"07:35:40","h":"Est","s":"25N-H50N000I-90-I"},{"r":"100","t":"07:35:40","h":"Est","s":"25N-H50N100F-90-F1"},{"r":"100","t":"07:35:40","h":"Est","s":"25N-H50N200F-90-F2"},{"r":"100","t":"07:35:40","h":"Est","s":"25N-H50N300F-90-F3"},{"r":"100","t":"07:35:40","h":"Est","s":"25N-H50N400F-90-F4"},{"r":"100","t":"07:35:40","h":"Est","s":"25N-H50NV10I-90-I"},{"r":"100","t":"07:35:40","h":"Est","s":"25N-H50NV20I-90-I"},{"r":"100","t":"07:35:40","h":"Est","s":"25S-H50S000I-81-I"},{"r":"100","t":"07:35:40","h":"Est","s":"25S-H50S100F-80-F1"},{"r":"100","t":"07:35:40","h":"Est","s":"25S-H50S200F-80-F2"},{"r":"460","t":"07:36:00","h":"Est via Jarry","s":"25N-H58N200F-80-F2"},{"r":"460","t":"07:36:00","h":"Est via Jarry","s":"25N-H58N400F-80-F4"},{"r":"460","t":"07:36:00","h":"Est via Jarry","s":"25S-H58S100F-80-F1"},{"r":"460","t":"07:36:00","h":"Est via Jarry","s":"25S-H58S200F-80-F2"},{"r":"100","t":"07:37:31","h":"Est","s":"25N-H50N000A-80-A"},{"r":"100","t":"07:37:31","h":"Est","s":"25N-H50N000A-90-A"},{"r":"100","t":"07:37:31","h":"Est","s":"25N-H50NV10A-90-A"},{"r":"100","t":"07:37:31","h":"Est","s":"25N-H50NV20A-90-A"},{"r":"100","t":"07:37:31","h":"Est","s":"25S-H50S000A-81-A"},{"r":"100","t":"07:38:31","h":"Est","s":"25N-H50N000S-80-S"},{"r":"100","t":"07:38:31","h":"Est","s":"25N-H50N000S-90-S"},{"r":"100","t":"07:38:31","h":"Est","s":"25N-H50NV10S-90-S"},{"r":"100","t":"07:38:31","h":"Est","s":"25N-H50NV20S-90-S"},{"r":"100","t":"07:38:31","h":"Est","s":"25S-H50S000S-81-S"},{"r":"460","t":"07:40:00","h":"Est via Jarry","s":"25N-H58N000S-80-S"},{"r":"460","t":"07:40:00","h":"Est via Jarry","s":"25N-H58NV10S-80-S"},{"r":"460","t":"07:40:00","h":"Est via Jarry","s":"25N-H58NV20S-80-S"},{"r":"460","t":"07:40:00","h":"Est via Jarry","s":"25S-H58S000S-80-S"},{"r":"100","t":"08:04:31","h":"Est","s":"25N-H50N000A-80-A"},{"r":"100","t":"08:04:31","h":"Est","s":"25N-H50N000A-90-A"},{"r":"100","t":"08:04:31","h":"Est","s":"25N-H50NV10A-90-A"},{"r":"100","t":"08:04:31","h":"Est","s":"25N-H50NV20A-90-A"},{"r":"100","t":"08:04:31","h":"Est","s":"25S-H50S000A-81-A"},{"r":"100","t":"08:06:31","h":"Est","s":"25N-H50N000S-80-S"},{"r":"100","t":"08:06:31","h":"Est","s":"25N-H50N000S-90-S"},{"r":"100","t":"08:06:31","h":"Est","s":"25N-H50NV10S-90-S"},{"r":"100","t":"08:06:31","h":"Est","s":"25N-H50NV20S-90-S"},{"r":"100","t":"08:06:31","h":"Est","s":"25S-H50S000S-81-S"},{"r":"100","t":"08:08:40","h":"Est","s":"25N-H50N000I-80-I"},{"r":"100","t":"08:08:40","h":"Est","s":"25N-H50N000I-90-I"},{"r":"100","t":"08:08:40","h":"Est","s":"25N-H50N100F-90-F1"},{"r":"100","t":"08:08:40","h":"Est","s":"25N-H50N200F-90-F2"},{"r":"100","t":"08:08:40","h":"Est","s":"25N-H50N300F-90-F3"},{"r":"100","t":"08:08:40","h":"Est","s":"25N-H50N400F-90-F4"},{"r":"100","t":"08:08:40","h":"Est","s":"25N-H50NV10I-90-I"},{"r":"100","t":"08:08:40","h":"Est","s":"25N-H50NV20I-90-I"},{"r":"100","t":"08:08:40","h":"Est","s":"25S-H50S000I-81-I"},{"r":"100","t":"08:08:40","h":"Est","s":"25S-H50S100F-80-F1"},{"r":"100","t":"08:08:40","h":"Est","s":"25S-H50S200F-80-F2"},{"r":"460","t":"08:14:00","h":"Est via Jarry","s":"25N-H58N200F-80-F2"},{"r":"460","t":"08:14:00","h":"Est via Jarry","s":"25N-H58N400F-80-F4"},{"r":"460","t":"08:14:00","h":"Est via Jarry","s":"25S-H58S100F-80-F1"},{"r":"460","t":"08:14:00","h":"Est via Jarry","s":"25S-H58S200F-80-F2"},{"r":"460","t":"08:16:00","h":"Est via Jarry","s":"25N-H57N000S-80-S"},{"r":"460","t":"08:16:00","h":"Est via Jarry","s":"25N-H57NV10S-84-S"},{"r":"460","t":"08:16:00","h":"Est via Jarry","s":"25N-H57NV20S-80-S"},{"r":"460","t":"08:16:00","h":"Est via Jarry","s":"25S-H57S000S-82-S"},{"r":"100","t":"08:31:31","h":"Est","s":"25N-H50N000A-80-A"},{"r":"100","t":"08:31:31","h":"Est","s":"25N-H50N000A-90-A"},{"r":"100","t":"08:31:31","h":"Est","s":"25N-H50NV10A-90-A"},{"r":"100","t":"08:31:31","h":"Est","s":"25N-H50NV20A-90-A"},{"r":"100","t":"08:31:31","h":"Est","s":"25S-H50S000A-81-A"},{"r":"100","t":"08:35:31","h":"Est","s":"25N-H50N000S-80-S"},{"r":"100","t":"08:35:31","h":"Est","s":"25N-H50N000S-90-S"},{"r":"100","t":"08:35:31","h":"Est","s":"25N-H50NV10S-90-S"},{"r":"100","t":"08:35:31","h":"Est","s":"25N-H50NV20S-90-S"},{"r":"100","t":"08:35:31","h":"Est","s":"25S-H50S000S-81-S"},{"r":"100","t":"08:41:40","h":"Est","s":"25N-H50N000I-80-I"},{"r":"100","t":"08:41:40","h":"Est","s":"25N-H50N000I-90-I"},{"r":"100","t":"08:41:40","h":"Est","s":"25N-H50N100F-90-F1"},{"r":"100","t":"08:41:40","h":"Est","s":"25N-H50N200F-90-F2"},{"r":"100","t":"08:41:40","h":"Est","s":"25N-H50N300F-90-F3"},{"r":"100","t":"08:41:40","h":"Est","s":"25N-H50N400F-90-F4"},{"r":"100","t":"08:41:40","h":"Est","s":"25N-H50NV10I-90-I"},{"r":"100","t":"08:41:40","h":"Est","s":"25N-H50NV20I-90-I"},{"r":"100","t":"08:41:40","h":"Est","s":"25S-H50S000I-81-I"},{"r":"100","t":"08:41:40","h":"Est","s":"25S-H50S100F-80-F1"},{"r":"100","t":"08:41:40","h":"Est","s":"25S-H50S200F-80-F2"},{"r":"460","t":"08:46:00","h":"Est via Jarry","s":"25N-H58N200F-80-F2"},{"r":"460","t":"08:46:00","h":"Est via Jarry","s":"25N-H58N400F-80-F4"},{"r":"460","t":"08:46:00","h":"Est via Jarry","s":"25S-H58S100F-80-F1"},{"r":"460","t":"08:46:00","h":"Est via Jarry","s":"25S-H58S200F-80-F2"},{"r":"460","t":"08:47:00","h":"Est via Jarry","s":"25N-H58N000S-80-S"},{"r":"460","t":"08:47:00","h":"Est via Jarry","s":"25N-H58NV10S-80-S"},{"r":"460","t":"08:47:00","h":"Est via Jarry","s":"25N-H58NV20S-80-S"},{"r":"460","t":"08:47:00","h":"Est via Jarry","s":"25S-H58S000S-80-S"},{"r":"100","t":"08:58:31","h":"Est","s":"25N-H50N000A-80-A"},{"r":"100","t":"08:58:31","h":"Est","s":"25N-H50N000A-90-A"},{"r":"100","t":"08:58:31","h":"Est","s":"25N-H50NV10A-90-A"},{"r":"100","t":"08:58:31","h":"Est","s":"25N-H50NV20A-90-A"},{"r":"100","t":"08:58:31","h":"Est","s":"25S-H50S000A-81-A"},{"r":"100","t":"09:05:31","h":"Est","s":"25N-H50N000S-80-S"},{"r":"100","t":"09:05:31","h":"Est","s":"25N-H50N000S-90-S"},{"r":"100","t":"09:05:31","h":"Est","s":"25N-H50NV10S-90-S"},{"r":"100","t":"09:05:31","h":"Est","s":"25N-H50NV20S-90-S"},{"r":"100","t":"09:05:31","h":"Est","s":"25S-H50S000S-81-S"},{"r":"460","t":"09:11:00","h":"Est via Jarry","s":"25N-H58N200F-80-F2"},{"r":"460","t":"09:11:00","h":"Est via Jarry","s":"25N-H58N400F-80-F4"},{"r":"460","t":"09:11:00","h":"Est via Jarry","s":"25S-H58S100F-80-F1"},{"r":"460","t":"09:11:00","h":"Est via Jarry","s":"25S-H58S200F-80-F2"},{"r":"460","t":"09:13:00","h":"Est via Jarry","s":"25N-H58N000S-80-S"},{"r":"460","t":"09:13:00","h":"Est via Jarry","s":"25N-H58NV10S-80-S"},{"r":"460","t":"09:13:00","h":"Est via Jarry","s":"25N-H58NV20S-80-S"},{"r":"460","t":"09:13:00","h":"Est via Jarry","s":"25S-H58S000S-80-S"},{"r":"100","t":"09:14:40","h":"Est","s":"25N-H50N000I-80-I"},{"r":"100","t":"09:14:40","h":"Est","s":"25N-H50N000I-90-I"},{"r":"100","t":"09:14:40","h":"Est","s":"25N-H50N100F-90-F1"},{"r":"100","t":"09:14:40","h":"Est","s":"25N-H50N200F-90-F2"},{"r":"100","t":"09:14:40","h":"Est","s":"25N-H50N300F-90-F3"},{"r":"100","t":"09:14:40","h":"Est","s":"25N-H50N400F-90-F4"},{"r":"100","t":"09:14:40","h":"Est","s":"25N-H50NV10I-90-I"},{"r":"100","t":"09:14:40","h":"Est","s":"25N-H50NV20I-90-I"},{"r":"100","t":"09:14:40","h":"Est","s":"25S-H50S000I-81-I"},{"r":"100","t":"09:14:40","h":"Est","s":"25S-H50S100F-80-F1"},{"r":"100","t":"09:14:40","h":"Est","s":"25S-H50S200F-80-F2"},{"r":"100","t":"09:26:31","h":"Est","s":"25N-H50N000A-80-A"},{"r":"100","t":"09:26:31","h":"Est","s":"25N-H50N000A-90-A"},{"r":"100","t":"09:26:31","h":"Est","s":"25N-H50NV10A-90-A"},{"r":"100","t":"09:26:31","h":"Est","s":"25N-H50NV20A-90-A"},{"r":"100","t":"09:26:31","h":"Est","s":"25S-H50S000A-81-A"},{"r":"460","t":"09:34:00","h":"Est via Jarry","s":"25N-H58N000S-80-S"},{"r":"460","t":"09:34:00","h":"Est via Jarry","s":"25N-H58N200F-80-F2"},{"r":"460","t":"09:34:00","h":"Est via Jarry","s":"25N-H58N400F-80-F4"},{"r":"460","t":"09:34:00","h":"Est via Jarry","s":"25N-H58NV10S-80-S"},{"r":"460","t":"09:34:00","h":"Est via Jarry","s":"25N-H58NV20S-80-S"},{"r":"460","t":"09:34:00","h":"Est via Jarry","s":"25S-H58S000S-80-S"},{"r":"460","t":"09:34:00","h":"Est via Jarry","s":"25S-H58S100F-80-F1"},{"r":"460","t":"09:34:00","h":"Est via Jarry","s":"25S-H58S200F-80-F2"},{"r":"100","t":"09:34:31","h":"Est","s":"25N-H50N000S-80-S"},{"r":"100","t":"09:34:31","h":"Est","s":"25N-H50N000S-90-S"},{"r":"100","t":"09:34:31","h":"Est","s":"25N-H50NV10S-90-S"},{"r":"100","t":"09:34:31","h":"Est","s":"25N-H50NV20S-90-S"},{"r":"100","t":"09:34:31","h":"Est","s":"25S-H50S000S-81-S"},{"r":"100","t":"09:43:40","h":"Est","s":"25N-H50N000I-80-I"},{"r":"100","t":"09:43:40","h":"Est","s":"25N-H50N000I-90-I"},{"r":"100","t":"09:43:40","h":"Est","s":"25N-H50N100F-90-F1"},{"r":"100","t":"09:43:40","h":"Est","s":"25N-H50N200F-90-F2"},{"r":"100","t":"09:43:40","h":"Est","s":"25N-H50N300F-90-F3"},{"r":"100","t":"09:43:40","h":"Est","s":"25N-H50N400F-90-F4"},{"r":"100","t":"09:43:40","h":"Est","s":"25N-H50NV10I-90-I"},{"r":"100","t":"09:43:40","h":"Est","s":"25N-H50NV20I-90-I"},{"r":"100","t":"09:43:40","h":"Est","s":"25S-H50S000I-81-I"},{"r":"100","t":"09:43:40","h":"Est","s":"25S-H50S100F-80-F1"},{"r":"100","t":"09:43:40","h":"Est","s":"25S-H50S200F-80-F2"},{"r":"100","t":"09:53:31","h":"Est","s":"25N-H50N000A-80-A"},{"r":"100","t":"09:53:31","h":"Est","s":"25N-H50N000A-90-A"},{"r":"100","t":"09:53:31","h":"Est","s":"25N-H50NV10A-90-A"},{"r":"100","t":"09:53:31","h":"Est","s":"25N-H50NV20A-90-A"},{"r":"100","t":"09:53:31","h":"Est","s":"25S-H50S000A-81-A"},{"r":"100","t":"10:00:40","h":"Est","s":"25N-H50N000S-80-S"},{"r":"100","t":"10:00:40","h":"Est","s":"25N-H50N000S-90-S"},{"r":"100","t":"10:00:40","h":"Est","s":"25N-H50NV10S-90-S"},{"r":"100","t":"10:00:40","h":"Est","s":"25N-H50NV20S-90-S"},{"r":"100","t":"10:00:40","h":"Est","s":"25S-H50S000S-81-S"},{"r":"460","t":"10:03:00","h":"Est via Jarry","s":"25N-H58N000S-80-S"},{"r":"460","t":"10:03:00","h":"Est via Jarry","s":"25N-H58NV10S-80-S"},{"r":"460","t":"10:03:00","h":"Est via Jarry","s":"25N-H58NV20S-80-S"},{"r":"460","t":"10:03:00","h":"Est via Jarry","s":"25S-H58S000S-80-S"},{"r":"100","t":"10:13:40","h":"Est","s":"25N-H50N000I-80-I"},{"r":"100","t":"10:13:40","h":"Est","s":"25N-H50N000I-90-I"},{"r":"100","t":"10:13:40","h":"Est","s":"25N-H50N100F-90-F1"},{"r":"100","t":"10:13:40","h":"Est","s":"25N-H50N200F-90-F2"},{"r":"100","t":"10:13:40","h":"Est","s":"25N-H50N300F-90-F3"},{"r":"100","t":"10:13:40","h":"Est","s":"25N-H50N400F-90-F4"},{"r":"100","t":"10:13:40","h":"Est","s":"25N-H50NV10I-90-I"},{"r":"100","t":"10:13:40","h":"Est","s":"25N-H50NV20I-90-I"},{"r":"100","t":"10:13:40","h":"Est","s":"25S-H50S000I-81-I"},{"r":"100","t":"10:13:40","h":"Est","s":"25S-H50S100F-80-F1"},{"r":"100","t":"10:13:40","h":"Est","s":"25S-H50S200F-80-F2"},{"r":"100","t":"10:24:31","h":"Est","s":"25N-H50N000A-80-A"},{"r":"100","t":"10:24:31","h":"Est","s":"25N-H50N000A-90-A"},{"r":"100","t":"10:24:31","h":"Est","s":"25N-H50NV10A-90-A"},{"r":"100","t":"10:24:31","h":"Est","s":"25N-H50NV20A-90-A"},{"r":"100","t":"10:24:31","h":"Est","s":"25S-H50S000A-81-A"},{"r":"100","t":"10:33:40","h":"Est","s":"25N-H50N000S-80-S"},{"r":"100","t":"10:33:40","h":"Est","s":"25N-H50N000S-90-S"},{"r":"100","t":"10:33:40","h":"Est","s":"25N-H50NV10S-90-S"},{"r":"100","t":"10:33:40","h":"Est","s":"25N-H50NV20S-90-S"},{"r":"100","t":"10:33:40","h":"Est","s":"25S-H50S000S-81-S"},{"r":"100","t":"10:42:40","h":"Est","s":"25N-H50N000I-80-I"},{"r":"100","t":"10:42:40","h":"Est","s":"25N-H50N000I-90-I"},{"r":"100","t":"10:42:40","h":"Est","s":"25N-H50N100F-90-F1"},{"r":"100","t":"10:42:40","h":"Est","s":"25N-H50N200F-90-F2"},{"r":"100","t":"10:42:40","h":"Est","s":"25N-H50N300F-90-F3"},{"r":"100","t":"10:42:40","h":"Est","s":"25N-H50N400F-90-F4"},{"r":"100","t":"10:42:40","h":"Est","s":"25N-H50NV10I-90-I"},{"r":"100","t":"10:42:40","h":"Est","s":"25N-H50NV20I-90-I"},{"r":"100","t":"10:42:40","h":"Est","s":"25S-H50S000I-81-I"},{"r":"100","t":"10:42:40","h":"Est","s":"25S-H50S100F-80-F1"},{"r":"100","t":"10:42:40","h":"Est","s":"25S-H50S200F-80-F2"},{"r":"100","t":"10:54:31","h":"Est","s":"25N-H50N000A-80-A"},{"r":"100","t":"10:54:31","h":"Est","s":"25N-H50N000A-90-A"},{"r":"100","t":"10:54:31","h":"Est","s":"25N-H50NV10A-90-A"},{"r":"100","t":"10:54:31","h":"Est","s":"25N-H50NV20A-90-A"},{"r":"100","t":"10:54:31","h":"Est","s":"25S-H50S000A-81-A"},{"r":"100","t":"11:06:40","h":"Est","s":"25N-H50N000S-80-S"},{"r":"100","t":"11:06:40","h":"Est","s":"25N-H50N000S-90-S"},{"r":"100","t":"11:06:40","h":"Est","s":"25N-H50NV10S-90-S"},{"r":"100","t":"11:06:40","h":"Est","s":"25N-H50NV20S-90-S"},{"r":"100","t":"11:06:40","h":"Est","s":"25S-H50S000S-81-S"},{"r":"100","t":"11:11:40","h":"Est","s":"25N-H50N000I-80-I"},{"r":"100","t":"11:11:40","h":"Est","s":"25N-H50N000I-90-I"},{"r":"100","t":"11:11:40","h":"Est","s":"25N-H50N100F-90-F1"},{"r":"100","t":"11:11:40","h":"Est","s":"25N-H50N200F-90-F2"},{"r":"100","t":"11:11:40","h":"Est","s":"25N-H50N300F-90-F3"},{"r":"100","t":"11:11:40","h":"Est","s":"25N-H50N400F-90-F4"},{"r":"100","t":"11:11:40","h":"Est","s":"25N-H50NV10I-90-I"},{"r":"100","t":"11:11:40","h":"Est","s":"25N-H50NV20I-90-I"},{"r":"100","t":"11:11:40","h":"Est","s":"25S-H50S000I-81-I"},{"r":"100","t":"11:11:40","h":"Est","s":"25S-H50S100F-80-F1"},{"r":"100","t":"11:11:40","h":"Est","s":"25S-H50S200F-80-F2"},{"r":"100","t":"11:26:31","h":"Est","s":"25N-H50N000A-80-A"},{"r":"100","t":"11:26:31","h":"Est","s":"25N-H50N000A-90-A"},{"r":"100","t":"11:26:31","h":"Est","s":"25N-H50NV10A-90-A"},{"r":"100","t":"11:26:31","h":"Est","s":"25N-H50NV20A-90-A"},{"r":"100","t":"11:26:31","h":"Est","s":"25S-H50S000A-81-A"},{"r":"100","t":"11:32:40","h":"Est","s":"25N-H50N000S-80-S"},{"r":"100","t":"11:32:40","h":"Est","s":"25N-H50N000S-90-S"},{"r":"100","t":"11:32:40","h":"Est","s":"25N-H50NV10S-90-S"},{"r":"100","t":"11:32:40","h":"Est","s":"25N-H50NV20S-90-S"},{"r":"100","t":"11:32:40","h":"Est","s":"25S-H50S000S-81-S"},{"r":"100","t":"11:41:40","h":"Est","s":"25N-H50N000I-80-I"},{"r":"100","t":"11:41:40","h":"Est","s":"25N-H50N000I-90-I"},{"r":"100","t":"11:41:40","h":"Est","s":"25N-H50N100F-90-F1"},{"r":"100","t":"11:41:40","h":"Est","s":"25N-H50N200F-90-F2"},{"r":"100","t":"11:41:40","h":"Est","s":"25N-H50N300F-90-F3"},{"r":"100","t":"11:41:40","h":"Est","s":"25N-H50N400F-90-F4"},{"r":"100","t":"11:41:40","h":"Est","s":"25N-H50NV10I-90-I"},{"r":"100","t":"11:41:40","h":"Est","s":"25N-H50NV20I-90-I"},{"r":"100","t":"11:41:40","h":"Est","s":"25S-H50S000I-81-I"},{"r":"100","t":"11:41:40","h":"Est","s":"25S-H50S100F-80-F1"},{"r":"100","t":"11:41:40","h":"Est","s":"25S-H50S200F-80-F2"},{"r":"100","t":"11:59:31","h":"Est","s":"25N-H50N000A-80-A"},{"r":"100","t":"11:59:31","h":"Est","s":"25N-H50N000A-90-A"},{"r":"100","t":"11:59:31","h":"Est","s":"25N-H50NV10A-90-A"},{"r":"100","t":"11:59:31","h":"Est","s":"25N-H50NV20A-90-A"},{"r":"100","t":"11:59:31","h":"Est","s":"25S-H50S000A-81-A"},{"r":"100","t":"12:03:31","h":"Est","s":"25N-H50N000S-80-S"},{"r":"100","t":"12:03:31","h":"Est","s":"25N-H50N000S-90-S"},{"r":"100","t":"12:03:31","h":"Est","s":"25N-H50NV10S-90-S"},{"r":"100","t":"12:03:31","h":"Est","s":"25N-H50NV20S-90-S"},{"r":"100","t":"12:03:31","h":"Est","s":"25S-H50S000S-81-S"},{"r":"100","t":"12:11:40","h":"Est","s":"25N-H50N000I-80-I"},{"r":"100","t":"12:11:40","h":"Est","s":"25N-H50N000I-90-I"},{"r":"100","t":"12:11:40","h":"Est","s":"25N-H50N100F-90-F1"},{"r":"100","t":"12:11:40","h":"Est","s":"25N-H50N200F-90-F2"},{"r":"100","t":"12:11:40","h":"Est","s":"25N-H50N300F-90-F3"},{"r":"100","t":"12:11:40","h":"Est","s":"25N-H50N400F-90-F4"},{"r":"100","t":"12:11:40","h":"Est","s":"25N-H50NV10I-90-I"},{"r":"100","t":"12:11:40","h":"Est","s":"25N-H50NV20I-90-I"},{"r":"100","t":"12:11:40","h":"Est","s":"25S-H50S000I-81-I"},{"r":"100","t":"12:11:40","h":"Est","s":"25S-H50S100F-80-F1"},{"r":"100","t":"12:11:40","h":"Est","s":"25S-H50S200F-80-F2"},{"r":"100","t":"12:28:31","h":"Est","s":"25N-H50N000A-80-A"},{"r":"100","t":"12:28:31","h":"Est","s":"25N-H50N000A-90-A"},{"r":"100","t":"12:28:31","h":"Est","s":"25N-H50NV10A-90-A"},{"r":"100","t":"12:28:31","h":"Est","s":"25N-H50NV20A-90-A"},{"r":"100","t":"12:28:31","h":"Est","s":"25S-H50S000A-81-A"},{"r":"100","t":"12:33:31","h":"Est","s":"25N-H50N000S-80-S"},{"r":"100","t":"12:33:31","h":"Est","s":"25N-H50N000S-90-S"},{"r":"100","t":"12:33:31","h":"Est","s":"25N-H50NV10S-90-S"},{"r":"100","t":"12:33:31","h":"Est","s":"25N-H50NV20S-90-S"},{"r":"100","t":"12:33:31","h":"Est","s":"25S-H50S000S-81-S"},{"r":"100","t":"12:44:40","h":"Est","s":"25N-H50N000I-80-I"},{"r":"100","t":"12:44:40","h":"Est","s":"25N-H50N000I-90-I"},{"r":"100","t":"12:44:40","h":"Est","s":"25N-H50N100F-90-F1"},{"r":"100","t":"12:44:40","h":"Est","s":"25N-H50N200F-90-F2"},{"r":"100","t":"12:44:40","h":"Est","s":"25N-H50N300F-90-F3"},{"r":"100","t":"12:44:40","h":"Est","s":"25N-H50N400F-90-F4"},{"r":"100","t":"12:44:40","h":"Est","s":"25N-H50NV10I-90-I"},{"r":"100","t":"12:44:40","h":"Est","s":"25N-H50NV20I-90-I"},{"r":"100","t":"12:44:40","h":"Est","s":"25S-H50S000I-81-I"},{"r":"100","t":"12:44:40","h":"Est","s":"25S-H50S100F-80-F1"},{"r":"100","t":"12:44:40","h":"Est","s":"25S-H50S200F-80-F2"},{"r":"100","t":"12:56:31","h":"Est","s":"25N-H50N000A-80-A"},{"r":"100","t":"12:56:31","h":"Est","s":"25N-H50N000A-90-A"},{"r":"100","t":"12:56:31","h":"Est","s":"25N-H50NV10A-90-A"},{"r":"100","t":"12:56:31","h":"Est","s":"25N-H50NV20A-90-A"},{"r":"100","t":"12:56:31","h":"Est","s":"25S-H50S000A-81-A"},{"r":"100","t":"13:04:31","h":"Est","s":"25N-H50N000S-80-S"},{"r":"100","t":"13:04:31","h":"Est","s":"25N-H50N000S-90-S"},{"r":"100","t":"13:04:31","h":"Est","s":"25N-H50NV10S-90-S"},{"r":"100","t":"13:04:31","h":"Est","s":"25N-H50NV20S-90-S"},{"r":"100","t":"13:04:31","h":"Est","s":"25S-H50S000S-81-S"},{"r":"100","t":"13:16:40","h":"Est","s":"25N-H50N000I-80-I"},{"r":"100","t":"13:16:40","h":"Est","s":"25N-H50N000I-90-I"},{"r":"100","t":"13:16:40","h":"Est","s":"25N-H50N100F-90-F1"},{"r":"100","t":"13:16:40","h":"Est","s":"25N-H50N200F-90-F2"},{"r":"100","t":"13:16:40","h":"Est","s":"25N-H50N300F-90-F3"},{"r":"100","t":"13:16:40","h":"Est","s":"25N-H50N400F-90-F4"},{"r":"100","t":"13:16:40","h":"Est","s":"25N-H50NV10I-90-I"},{"r":"100","t":"13:16:40","h":"Est","s":"25N-H50NV20I-90-I"},{"r":"100","t":"13:16:40","h":"Est","s":"25S-H50S000I-81-I"},{"r":"100","t":"13:16:40","h":"Est","s":"25S-H50S100F-80-F1"},{"r":"100","t":"13:16:40","h":"Est","s":"25S-H50S200F-80-F2"},{"r":"100","t":"13:24:31","h":"Est","s":"25N-H50N000A-80-A"},{"r":"100","t":"13:24:31","h":"Est","s":"25N-H50N000A-90-A"},{"r":"100","t":"13:24:31","h":"Est","s":"25N-H50NV10A-90-A"},{"r":"100","t":"13:24:31","h":"Est","s":"25N-H50NV20A-90-A"},{"r":"100","t":"13:24:31","h":"Est","s":"25S-H50S000A-81-A"},{"r":"100","t":"13:31:31","h":"Est","s":"25N-H50N000S-80-S"},{"r":"100","t":"13:31:31","h":"Est","s":"25N-H50N000S-90-S"},{"r":"100","t":"13:31:31","h":"Est","s":"25N-H50NV10S-90-S"},{"r":"100","t":"13:31:31","h":"Est","s":"25N-H50NV20S-90-S"},{"r":"100","t":"13:31:31","h":"Est","s":"25S-H50S000S-81-S"},{"r":"100","t":"13:47:40","h":"Est","s":"25N-H50N000I-80-I"},{"r":"100","t":"13:47:40","h":"Est","s":"25N-H50N000I-90-I"},{"r":"100","t":"13:47:40","h":"Est","s":"25N-H50N100F-90-F1"},{"r":"100","t":"13:47:40","h":"Est","s":"25N-H50N200F-90-F2"},{"r":"100","t":"13:47:40","h":"Est","s":"25N-H50N300F-90-F3"},{"r":"100","t":"13:47:40","h":"Est","s":"25N-H50N400F-90-F4"},{"r":"100","t":"13:47:40","h":"Est","s":"25N-H50NV10I-90-I"},{"r":"100","t":"13:47:40","h":"Est","s":"25N-H50NV20I-90-I"},{"r":"100","t":"13:47:40","h":"Est","s":"25S-H50S000I-81-I"},{"r":"100","t":"13:47:40","h":"Est","s":"25S-H50S100F-80-F1"},{"r":"100","t":"13:47:40","h":"Est","s":"25S-H50S200F-80-F2"},{"r":"100","t":"13:52:31","h":"Est","s":"25N-H50N000A-80-A"},{"r":"100","t":"13:52:31","h":"Est","s":"25N-H50N000A-90-A"},{"r":"100","t":"13:52:31","h":"Est","s":"25N-H50NV10A-90-A"},{"r":"100","t":"13:52:31","h":"Est","s":"25N-H50NV20A-90-A"},{"r":"100","t":"13:52:31","h":"Est","s":"25S-H50S000A-81-A"},{"r":"100","t":"13:55:31","h":"Est","s":"25N-H50N000S-80-S"},{"r":"100","t":"13:55:31","h":"Est","s":"25N-H50N000S-90-S"},{"r":"100","t":"13:55:31","h":"Est","s":"25N-H50NV10S-90-S"},{"r":"100","t":"13:55:31","h":"Est","s":"25N-H50NV20S-90-S"},{"r":"100","t":"13:55:31","h":"Est","s":"25S-H50S000S-81-S"},{"r":"100","t":"14:15:21","h":"Est","s":"25N-H50N000S-80-S"},{"r":"100","t":"14:15:21","h":"Est","s":"25N-H50N000S-90-S"},{"r":"100","t":"14:15:21","h":"Est","s":"25N-H50NV10S-90-S"},{"r":"100","t":"14:15:21","h":"Est","s":"25N-H50NV20S-90-S"},{"r":"100","t":"14:15:21","h":"Est","s":"25S-H50S000S-81-S"},{"r":"100","t":"14:18:40","h":"Est","s":"25N-H50N000I-80-I"},{"r":"100","t":"14:18:40","h":"Est","s":"25N-H50N000I-90-I"},{"r":"100","t":"14:18:40","h":"Est","s":"25N-H50N100F-90-F1"},{"r":"100","t":"14:18:40","h":"Est","s":"25N-H50N200F-90-F2"},{"r":"100","t":"14:18:40","h":"Est","s":"25N-H50N300F-90-F3"},{"r":"100","t":"14:18:40","h":"Est","s":"25N-H50N400F-90-F4"},{"r":"100","t":"14:18:40","h":"Est","s":"25N-H50NV10I-90-I"},{"r":"100","t":"14:18:40","h":"Est","s":"25N-H50NV20I-90-I"},{"r":"100","t":"14:18:40","h":"Est","s":"25S-H50S000I-81-I"},{"r":"100","t":"14:18:40","h":"Est","s":"25S-H50S100F-80-F1"},{"r":"100","t":"14:18:40","h":"Est","s":"25S-H50S200F-80-F2"},{"r":"100","t":"14:19:31","h":"Est","s":"25N-H50N000A-80-A"},{"r":"100","t":"14:19:31","h":"Est","s":"25N-H50N000A-90-A"},{"r":"100","t":"14:19:31","h":"Est","s":"25N-H50NV10A-90-A"},{"r":"100","t":"14:19:31","h":"Est","s":"25N-H50NV20A-90-A"},{"r":"100","t":"14:19:31","h":"Est","s":"25S-H50S000A-81-A"},{"r":"100","t":"14:33:21","h":"Est","s":"25N-H50N000S-80-S"},{"r":"100","t":"14:33:21","h":"Est","s":"25N-H50N000S-90-S"},{"r":"100","t":"14:33:21","h":"Est","s":"25N-H50NV10S-90-S"},{"r":"100","t":"14:33:21","h":"Est","s":"25N-H50NV20S-90-S"},{"r":"100","t":"14:33:21","h":"Est","s":"25S-H50S000S-81-S"},{"r":"100","t":"14:43:31","h":"Est","s":"25N-H50N000A-80-A"},{"r":"100","t":"14:43:31","h":"Est","s":"25N-H50N000A-90-A"},{"r":"100","t":"14:43:31","h":"Est","s":"25N-H50NV10A-90-A"},{"r":"100","t":"14:43:31","h":"Est","s":"25N-H50NV20A-90-A"},{"r":"100","t":"14:43:31","h":"Est","s":"25S-H50S000A-81-A"},{"r":"100","t":"14:44:21","h":"Est","s":"25N-H50N000S-80-S"},{"r":"100","t":"14:44:21","h":"Est","s":"25N-H50N000S-90-S"},{"r":"100","t":"14:44:21","h":"Est","s":"25N-H50NV10S-90-S"},{"r":"100","t":"14:44:21","h":"Est","s":"25N-H50NV20S-90-S"},{"r":"100","t":"14:44:21","h":"Est","s":"25S-H50S000S-81-S"},{"r":"100","t":"14:48:40","h":"Est","s":"25N-H50N000I-80-I"},{"r":"100","t":"14:48:40","h":"Est","s":"25N-H50N000I-90-I"},{"r":"100","t":"14:48:40","h":"Est","s":"25N-H50N100F-90-F1"},{"r":"100","t":"14:48:40","h":"Est","s":"25N-H50N200F-90-F2"},{"r":"100","t":"14:48:40","h":"Est","s":"25N-H50N300F-90-F3"},{"r":"100","t":"14:48:40","h":"Est","s":"25N-H50N400F-90-F4"},{"r":"100","t":"14:48:40","h":"Est","s":"25N-H50NV10I-90-I"},{"r":"100","t":"14:48:40","h":"Est","s":"25N-H50NV20I-90-I"},{"r":"100","t":"14:48:40","h":"Est","s":"25S-H50S000I-81-I"},{"r":"100","t":"14:48:40","h":"Est","s":"25S-H50S100F-80-F1"},{"r":"100","t":"14:48:40","h":"Est","s":"25S-H50S200F-80-F2"},{"r":"100","t":"15:00:21","h":"Est","s":"25N-H50N000S-80-S"},{"r":"100","t":"15:00:21","h":"Est","s":"25N-H50N000S-90-S"},{"r":"100","t":"15:00:21","h":"Est","s":"25N-H50NV10S-90-S"},{"r":"100","t":"15:00:21","h":"Est","s":"25N-H50NV20S-90-S"},{"r":"100","t":"15:00:21","h":"Est","s":"25S-H50S000S-81-S"},{"r":"100","t":"15:05:31","h":"Est","s":"25N-H50N000A-80-A"},{"r":"100","t":"15:05:31","h":"Est","s":"25N-H50N000A-90-A"},{"r":"100","t":"15:05:31","h":"Est","s":"25N-H50NV10A-90-A"},{"r":"100","t":"15:05:31","h":"Est","s":"25N-H50NV20A-90-A"},{"r":"100","t":"15:05:31","h":"Est","s":"25S-H50S000A-81-A"},{"r":"460","t":"15:15:00","h":"Est via Jarry","s":"25N-H50N000S-80-S"},{"r":"460","t":"15:15:00","h":"Est via Jarry","s":"25N-H50N000S-90-S"},{"r":"460","t":"15:15:00","h":"Est via Jarry","s":"25N-H50NV10S-90-S"},{"r":"460","t":"15:15:00","h":"Est via Jarry","s":"25N-H50NV20S-90-S"},{"r":"460","t":"15:15:00","h":"Est via Jarry","s":"25N-H58N200F-80-F2"},{"r":"460","t":"15:15:00","h":"Est via Jarry","s":"25N-H58N400F-80-F4"},{"r":"460","t":"15:15:00","h":"Est via Jarry","s":"25S-H50S000S-81-S"},{"r":"460","t":"15:15:00","h":"Est via Jarry","s":"25S-H58S100F-80-F1"},{"r":"460","t":"15:15:00","h":"Est via Jarry","s":"25S-H58S200F-80-F2"},{"r":"100","t":"15:15:21","h":"Est","s":"25N-H50N000S-80-S"},{"r":"100","t":"15:15:21","h":"Est","s":"25N-H50N000S-90-S"},{"r":"100","t":"15:15:21","h":"Est","s":"25N-H50NV10S-90-S"},{"r":"100","t":"15:15:21","h":"Est","s":"25N-H50NV20S-90-S"},{"r":"100","t":"15:15:21","h":"Est","s":"25S-H50S000S-81-S"},{"r":"100","t":"15:16:40","h":"Est","s":"25N-H50N000I-80-I"},{"r":"100","t":"15:16:40","h":"Est","s":"25N-H50N000I-90-I"},{"r":"100","t":"15:16:40","h":"Est","s":"25N-H50N100F-90-F1"},{"r":"100","t":"15:16:40","h":"Est","s":"25N-H50N200F-90-F2"},{"r":"100","t":"15:16:40","h":"Est","s":"25N-H50N300F-90-F3"},{"r":"100","t":"15:16:40","h":"Est","s":"25N-H50N400F-90-F4"},{"r":"100","t":"15:16:40","h":"Est","s":"25N-H50NV10I-90-I"},{"r":"100","t":"15:16:40","h":"Est","s":"25N-H50NV20I-90-I"},{"r":"100","t":"15:16:40","h":"Est","s":"25S-H50S000I-81-I"},{"r":"100","t":"15:16:40","h":"Est","s":"25S-H50S100F-80-F1"},{"r":"100","t":"15:16:40","h":"Est","s":"25S-H50S200F-80-F2"},{"r":"460","t":"15:24:00","h":"Est via Jarry","s":"25N-H58N000S-80-S"},{"r":"460","t":"15:24:00","h":"Est via Jarry","s":"25N-H58NV10S-80-S"},{"r":"460","t":"15:24:00","h":"Est via Jarry","s":"25N-H58NV20S-80-S"},{"r":"460","t":"15:24:00","h":"Est via Jarry","s":"25S-H58S000S-80-S"},{"r":"100","t":"15:26:31","h":"Est","s":"25N-H50N000A-80-A"},{"r":"100","t":"15:26:31","h":"Est","s":"25N-H50N000A-90-A"},{"r":"100","t":"15:26:31","h":"Est","s":"25N-H50NV10A-90-A"},{"r":"100","t":"15:26:31","h":"Est","s":"25N-H50NV20A-90-A"},{"r":"100","t":"15:26:31","h":"Est","s":"25S-H50S000A-81-A"},{"r":"100","t":"15:30:21","h":"Est","s":"25N-H57N000S-80-S"},{"r":"100","t":"15:30:21","h":"Est","s":"25N-H57NV10S-84-S"},{"r":"100","t":"15:30:21","h":"Est","s":"25N-H57NV20S-80-S"},{"r":"100","t":"15:30:21","h":"Est","s":"25S-H57S000S-82-S"},{"r":"460","t":"15:31:00","h":"Est via Jarry","s":"25N-H58N200F-80-F2"},{"r":"460","t":"15:31:00","h":"Est via Jarry","s":"25N-H58N400F-80-F4"},{"r":"460","t":"15:31:00","h":"Est via Jarry","s":"25S-H58S100F-80-F1"},{"r":"460","t":"15:31:00","h":"Est via Jarry","s":"25S-H58S200F-80-F2"},{"r":"460","t":"15:33:00","h":"Est via Jarry","s":"25N-H58N000S-80-S"},{"r":"460","t":"15:33:00","h":"Est via Jarry","s":"25N-H58NV10S-80-S"},{"r":"460","t":"15:33:00","h":"Est via Jarry","s":"25N-H58NV20S-80-S"},{"r":"460","t":"15:33:00","h":"Est via Jarry","s":"25S-H58S000S-80-S"},{"r":"100","t":"15:35:21","h":"Est","s":"25N-H57N000S-80-S"},{"r":"100","t":"15:35:21","h":"Est","s":"25N-H57NV10S-84-S"},{"r":"100","t":"15:35:21","h":"Est","s":"25N-H57NV20S-80-S"},{"r":"100","t":"15:35:21","h":"Est","s":"25S-H57S000S-82-S"},{"r":"100","t":"15:35:40","h":"Est","s":"25N-H50N000I-80-I"},{"r":"100","t":"15:35:40","h":"Est","s":"25N-H50N000I-90-I"},{"r":"100","t":"15:35:40","h":"Est","s":"25N-H50N100F-90-F1"},{"r":"100","t":"15:35:40","h":"Est","s":"25N-H50N200F-90-F2"},{"r":"100","t":"15:35:40","h":"Est","s":"25N-H50N300F-90-F3"},{"r":"100","t":"15:35:40","h":"Est","s":"25N-H50N400F-90-F4"},{"r":"100","t":"15:35:40","h":"Est","s":"25N-H50NV10I-90-I"},{"r":"100","t":"15:35:40","h":"Est","s":"25N-H50NV20I-90-I"},{"r":"100","t":"15:35:40","h":"Est","s":"25S-H50S000I-81-I"},{"r":"100","t":"15:35:40","h":"Est","s":"25S-H50S100F-80-F1"},{"r":"100","t":"15:35:40","h":"Est","s":"25S-H50S200F-80-F2"},{"r":"100","t":"15:38:31","h":"Est","s":"25N-H50N000A-80-A"},{"r":"100","t":"15:38:31","h":"Est","s":"25N-H50N000A-90-A"},{"r":"100","t":"15:38:31","h":"Est","s":"25N-H50NV10A-90-A"},{"r":"100","t":"15:38:31","h":"Est","s":"25N-H50NV20A-90-A"},{"r":"100","t":"15:38:31","h":"Est","s":"25S-H50S000A-81-A"},{"r":"100","t":"15:38:40","h":"Est","s":"25N-H50N000I-80-I"},{"r":"100","t":"15:38:40","h":"Est","s":"25N-H50N000I-90-I"},{"r":"100","t":"15:38:40","h":"Est","s":"25N-H50N100F-90-F1"},{"r":"100","t":"15:38:40","h":"Est","s":"25N-H50N200F-90-F2"},{"r":"100","t":"15:38:40","h":"Est","s":"25N-H50N300F-90-F3"},{"r":"100","t":"15:38:40","h":"Est","s":"25N-H50N400F-90-F4"},{"r":"100","t":"15:38:40","h":"Est","s":"25N-H50NV10I-90-I"},{"r":"100","t":"15:38:40","h":"Est","s":"25N-H50NV20I-90-I"},{"r":"100","t":"15:38:40","h":"Est","s":"25S-H50S000I-81-I"},{"r":"100","t":"15:38:40","h":"Est","s":"25S-H50S100F-80-F1"},{"r":"100","t":"15:38:40","h":"Est","s":"25S-H50S200F-80-F2"},{"r":"100","t":"15:40:31","h":"Est","s":"25N-H50N000A-80-A"},{"r":"100","t":"15:40:31","h":"Est","s":"25N-H50N000A-90-A"},{"r":"100","t":"15:40:31","h":"Est","s":"25N-H50NV10A-90-A"},{"r":"100","t":"15:40:31","h":"Est","s":"25N-H50NV20A-90-A"},{"r":"100","t":"15:40:31","h":"Est","s":"25S-H50S000A-81-A"},{"r":"460","t":"15:41:00","h":"Est via Jarry","s":"25N-H58N000S-80-S"},{"r":"460","t":"15:41:00","h":"Est via Jarry","s":"25N-H58NV10S-80-S"},{"r":"460","t":"15:41:00","h":"Est via Jarry","s":"25N-H58NV20S-80-S"},{"r":"460","t":"15:41:00","h":"Est via Jarry","s":"25S-H58S000S-80-S"},{"r":"100","t":"15:41:21","h":"Est","s":"25N-H50N000S-80-S"},{"r":"100","t":"15:41:21","h":"Est","s":"25N-H50N000S-90-S"},{"r":"100","t":"15:41:21","h":"Est","s":"25N-H50NV10S-90-S"},{"r":"100","t":"15:41:21","h":"Est","s":"25N-H50NV20S-90-S"},{"r":"100","t":"15:41:21","h":"Est","s":"25S-H50S000S-81-S"},{"r":"460","t":"15:45:00","h":"Est via Jarry","s":"25N-H58N200F-80-F2"},{"r":"460","t":"15:45:00","h":"Est via Jarry","s":"25N-H58N400F-80-F4"},{"r":"460","t":"15:45:00","h":"Est via Jarry","s":"25S-H58S100F-80-F1"},{"r":"460","t":"15:45:00","h":"Est via Jarry","s":"25S-H58S200F-80-F2"},{"r":"100","t":"15:48:40","h":"Est","s":"25N-H50N000I-80-I"},{"r":"100","t":"15:48:40","h":"Est","s":"25N-H50N000I-90-I"},{"r":"100","t":"15:48:40","h":"Est","s":"25N-H50N100F-90-F1"},{"r":"100","t":"15:48:40","h":"Est","s":"25N-H50N200F-90-F2"},{"r":"100","t":"15:48:40","h":"Est","s":"25N-H50N300F-90-F3"},{"r":"100","t":"15:48:40","h":"Est","s":"25N-H50N400F-90-F4"},{"r":"100","t":"15:48:40","h":"Est","s":"25N-H50NV10I-90-I"},{"r":"100","t":"15:48:40","h":"Est","s":"25N-H50NV20I-90-I"},{"r":"100","t":"15:48:40","h":"Est","s":"25S-H50S000I-81-I"},{"r":"100","t":"15:48:40","h":"Est","s":"25S-H50S100F-80-F1"},{"r":"100","t":"15:48:40","h":"Est","s":"25S-H50S200F-80-F2"},{"r":"460","t":"15:49:00","h":"Est via Jarry","s":"25N-H58N000S-80-S"},{"r":"460","t":"15:49:00","h":"Est via Jarry","s":"25N-H58NV10S-80-S"},{"r":"460","t":"15:49:00","h":"Est via Jarry","s":"25N-H58NV20S-80-S"},{"r":"460","t":"15:49:00","h":"Est via Jarry","s":"25S-H58S000S-80-S"},{"r":"100","t":"15:52:12","h":"Est","s":"25N-H60N000S-80-S"},{"r":"100","t":"15:52:12","h":"Est","s":"25N-H60N000S-98-S"},{"r":"100","t":"15:52:12","h":"Est","s":"25N-H60NV10S-98-S"},{"r":"100","t":"15:52:12","h":"Est","s":"25N-H60NV20S-98-S"},{"r":"100","t":"15:52:12","h":"Est","s":"25S-H60S000S-80-S"},{"r":"460","t":"15:59:00","h":"Est via Jarry","s":"25N-H50N000S-80-S"},{"r":"460","t":"15:59:00","h":"Est via Jarry","s":"25N-H50N000S-90-S"},{"r":"460","t":"15:59:00","h":"Est via Jarry","s":"25N-H50NV10S-90-S"},{"r":"460","t":"15:59:00","h":"Est via Jarry","s":"25N-H50NV20S-90-S"},{"r":"460","t":"15:59:00","h":"Est via Jarry","s":"25N-H58N200F-80-F2"},{"r":"460","t":"15:59:00","h":"Est via Jarry","s":"25N-H58N400F-80-F4"},{"r":"460","t":"15:59:00","h":"Est via Jarry","s":"25S-H50S000S-81-S"},{"r":"460","t":"15:59:00","h":"Est via Jarry","s":"25S-H58S100F-80-F1"},{"r":"460","t":"15:59:00","h":"Est via Jarry","s":"25S-H58S200F-80-F2"},{"r":"100","t":"15:59:31","h":"Est","s":"25N-H50N000A-80-A"},{"r":"100","t":"15:59:31","h":"Est","s":"25N-H50N000A-90-A"},{"r":"100","t":"15:59:31","h":"Est","s":"25N-H50NV10A-90-A"},{"r":"100","t":"15:59:31","h":"Est","s":"25N-H50NV20A-90-A"},{"r":"100","t":"15:59:31","h":"Est","s":"25S-H50S000A-81-A"},{"r":"100","t":"16:02:12","h":"Est","s":"25N-H50N000S-80-S"},{"r":"100","t":"16:02:12","h":"Est","s":"25N-H50N000S-90-S"},{"r":"100","t":"16:02:12","h":"Est","s":"25N-H50NV10S-90-S"},{"r":"100","t":"16:02:12","h":"Est","s":"25N-H50NV20S-90-S"},{"r":"100","t":"16:02:12","h":"Est","s":"25S-H50S000S-81-S"},{"r":"100","t":"16:02:40","h":"Est","s":"25N-H50N000I-80-I"},{"r":"100","t":"16:02:40","h":"Est","s":"25N-H50N000I-90-I"},{"r":"100","t":"16:02:40","h":"Est","s":"25N-H50N100F-90-F1"},{"r":"100","t":"16:02:40","h":"Est","s":"25N-H50N200F-90-F2"},{"r":"100","t":"16:02:40","h":"Est","s":"25N-H50N300F-90-F3"},{"r":"100","t":"16:02:40","h":"Est","s":"25N-H50N400F-90-F4"},{"r":"100","t":"16:02:40","h":"Est","s":"25N-H50NV10I-90-I"},{"r":"100","t":"16:02:40","h":"Est","s":"25N-H50NV20I-90-I"},{"r":"100","t":"16:02:40","h":"Est","s":"25S-H50S000I-81-I"},{"r":"100","t":"16:02:40","h":"Est","s":"25S-H50S100F-80-F1"},{"r":"100","t":"16:02:40","h":"Est","s":"25S-H50S200F-80-F2"},{"r":"460","t":"16:10:00","h":"Est via Jarry","s":"25N-H58N000S-80-S"},{"r":"460","t":"16:10:00","h":"Est via Jarry","s":"25N-H58NV10S-80-S"},{"r":"460","t":"16:10:00","h":"Est via Jarry","s":"25N-H58NV20S-80-S"},{"r":"460","t":"16:10:00","h":"Est via Jarry","s":"25S-H58S000S-80-S"},{"r":"100","t":"16:13:12","h":"Est","s":"25N-H50N000S-80-S"},{"r":"100","t":"16:13:12","h":"Est","s":"25N-H50N000S-90-S"},{"r":"100","t":"16:13:12","h":"Est","s":"25N-H50NV10S-90-S"},{"r":"100","t":"16:13:12","h":"Est","s":"25N-H50NV20S-90-S"},{"r":"100","t":"16:13:12","h":"Est","s":"25S-H50S000S-81-S"},{"r":"460","t":"16:14:00","h":"Est via Jarry","s":"25N-H58N200F-80-F2"},{"r":"460","t":"16:14:00","h":"Est via Jarry","s":"25N-H58N400F-80-F4"},{"r":"460","t":"16:14:00","h":"Est via Jarry","s":"25S-H58S100F-80-F1"},{"r":"460","t":"16:14:00","h":"Est via Jarry","s":"25S-H58S200F-80-F2"},{"r":"100","t":"16:17:40","h":"Est","s":"25N-H50N000I-80-I"},{"r":"100","t":"16:17:40","h":"Est","s":"25N-H50N000I-90-I"},{"r":"100","t":"16:17:40","h":"Est","s":"25N-H50N100F-90-F1"},{"r":"100","t":"16:17:40","h":"Est","s":"25N-H50N200F-90-F2"},{"r":"100","t":"16:17:40","h":"Est","s":"25N-H50N300F-90-F3"},{"r":"100","t":"16:17:40","h":"Est","s":"25N-H50N400F-90-F4"},{"r":"100","t":"16:17:40","h":"Est","s":"25N-H50NV10I-90-I"},{"r":"100","t":"16:17:40","h":"Est","s":"25N-H50NV20I-90-I"},{"r":"100","t":"16:17:40","h":"Est","s":"25S-H50S000I-81-I"},{"r":"100","t":"16:17:40","h":"Est","s":"25S-H50S100F-80-F1"},{"r":"100","t":"16:17:40","h":"Est","s":"25S-H50S200F-80-F2"},{"r":"460","t":"16:20:00","h":"Est via Jarry","s":"25N-H58N000S-80-S"},{"r":"460","t":"16:20:00","h":"Est via Jarry","s":"25N-H58NV10S-80-S"},{"r":"460","t":"16:20:00","h":"Est via Jarry","s":"25N-H58NV20S-80-S"},{"r":"460","t":"16:20:00","h":"Est via Jarry","s":"25S-H58S000S-80-S"},{"r":"100","t":"16:21:31","h":"Est","s":"25N-H50N000A-80-A"},{"r":"100","t":"16:21:31","h":"Est","s":"25N-H50N000A-90-A"},{"r":"100","t":"16:21:31","h":"Est","s":"25N-H50NV10A-90-A"},{"r":"100","t":"16:21:31","h":"Est","s":"25N-H50NV20A-90-A"},{"r":"100","t":"16:21:31","h":"Est","s":"25S-H50S000A-81-A"},{"r":"100","t":"16:24:12","h":"Est","s":"25N-H50N000S-80-S"},{"r":"100","t":"16:24:12","h":"Est","s":"25N-H50N000S-90-S"},{"r":"100","t":"16:24:12","h":"Est","s":"25N-H50NV10S-90-S"},{"r":"100","t":"16:24:12","h":"Est","s":"25N-H50NV20S-90-S"},{"r":"100","t":"16:24:12","h":"Est","s":"25S-H50S000S-81-S"},{"r":"460","t":"16:25:00","h":"Est via Jarry","s":"25N-H58N200F-80-F2"},{"r":"460","t":"16:25:00","h":"Est via Jarry","s":"25N-H58N400F-80-F4"},{"r":"460","t":"16:25:00","h":"Est via Jarry","s":"25S-H58S100F-80-F1"},{"r":"460","t":"16:25:00","h":"Est via Jarry","s":"25S-H58S200F-80-F2"},{"r":"460","t":"16:29:00","h":"Est via Jarry","s":"25N-H58N000S-80-S"},{"r":"460","t":"16:29:00","h":"Est via Jarry","s":"25N-H58NV10S-80-S"},{"r":"460","t":"16:29:00","h":"Est via Jarry","s":"25N-H58NV20S-80-S"},{"r":"460","t":"16:29:00","h":"Est via Jarry","s":"25S-H58S000S-80-S"},{"r":"100","t":"16:33:40","h":"Est","s":"25N-H50N000I-80-I"},{"r":"100","t":"16:33:40","h":"Est","s":"25N-H50N000I-90-I"},{"r":"100","t":"16:33:40","h":"Est","s":"25N-H50N100F-90-F1"},{"r":"100","t":"16:33:40","h":"Est","s":"25N-H50N200F-90-F2"},{"r":"100","t":"16:33:40","h":"Est","s":"25N-H50N300F-90-F3"},{"r":"100","t":"16:33:40","h":"Est","s":"25N-H50N400F-90-F4"},{"r":"100","t":"16:33:40","h":"Est","s":"25N-H50NV10I-90-I"},{"r":"100","t":"16:33:40","h":"Est","s":"25N-H50NV20I-90-I"},{"r":"100","t":"16:33:40","h":"Est","s":"25S-H50S000I-81-I"},{"r":"100","t":"16:33:40","h":"Est","s":"25S-H50S100F-80-F1"},{"r":"100","t":"16:33:40","h":"Est","s":"25S-H50S200F-80-F2"},{"r":"460","t":"16:35:00","h":"Est via Jarry","s":"25N-H58N200F-80-F2"},{"r":"460","t":"16:35:00","h":"Est via Jarry","s":"25N-H58N400F-80-F4"},{"r":"460","t":"16:35:00","h":"Est via Jarry","s":"25S-H58S100F-80-F1"},{"r":"460","t":"16:35:00","h":"Est via Jarry","s":"25S-H58S200F-80-F2"},{"r":"100","t":"16:36:12","h":"Est","s":"25N-H50N000S-80-S"},{"r":"100","t":"16:36:12","h":"Est","s":"25N-H50N000S-90-S"},{"r":"100","t":"16:36:12","h":"Est","s":"25N-H50NV10S-90-S"},{"r":"100","t":"16:36:12","h":"Est","s":"25N-H50NV20S-90-S"},{"r":"100","t":"16:36:12","h":"Est","s":"25S-H50S000S-81-S"},{"r":"100","t":"16:38:31","h":"Est","s":"25N-H50N000A-80-A"},{"r":"100","t":"16:38:31","h":"Est","s":"25N-H50N000A-90-A"},{"r":"100","t":"16:38:31","h":"Est","s":"25N-H50NV10A-90-A"},{"r":"100","t":"16:38:31","h":"Est","s":"25N-H50NV20A-90-A"},{"r":"100","t":"16:38:31","h":"Est","s":"25S-H50S000A-81-A"},{"r":"460","t":"16:39:00","h":"Est via Jarry","s":"25N-H58N000S-80-S"},{"r":"460","t":"16:39:00","h":"Est via Jarry","s":"25N-H58NV10S-80-S"},{"r":"460","t":"16:39:00","h":"Est via Jarry","s":"25N-H58NV20S-80-S"},{"r":"460","t":"16:39:00","h":"Est via Jarry","s":"25S-H58S000S-80-S"},{"r":"460","t":"16:45:00","h":"Est via Jarry","s":"25N-H58N200F-80-F2"},{"r":"460","t":"16:45:00","h":"Est via Jarry","s":"25N-H58N400F-80-F4"},{"r":"460","t":"16:45:00","h":"Est via Jarry","s":"25S-H58S100F-80-F1"},{"r":"460","t":"16:45:00","h":"Est via Jarry","s":"25S-H58S200F-80-F2"},{"r":"460","t":"16:48:00","h":"Est via Jarry","s":"25N-H58N000S-80-S"},{"r":"460","t":"16:48:00","h":"Est via Jarry","s":"25N-H58NV10S-80-S"},{"r":"460","t":"16:48:00","h":"Est via Jarry","s":"25N-H58NV20S-80-S"},{"r":"460","t":"16:48:00","h":"Est via Jarry","s":"25S-H58S000S-80-S"},{"r":"100","t":"16:50:12","h":"Est","s":"25N-H58N000S-80-S"},{"r":"100","t":"16:50:12","h":"Est","s":"25N-H58NV10S-80-S"},{"r":"100","t":"16:50:12","h":"Est","s":"25N-H58NV20S-80-S"},{"r":"100","t":"16:50:12","h":"Est","s":"25S-H58S000S-80-S"},{"r":"100","t":"16:51:40","h":"Est","s":"25N-H50N000I-80-I"},{"r":"100","t":"16:51:40","h":"Est","s":"25N-H50N000I-90-I"},{"r":"100","t":"16:51:40","h":"Est","s":"25N-H50N100F-90-F1"},{"r":"100","t":"16:51:40","h":"Est","s":"25N-H50N200F-90-F2"},{"r":"100","t":"16:51:40","h":"Est","s":"25N-H50N300F-90-F3"},{"r":"100","t":"16:51:40","h":"Est","s":"25N-H50N400F-90-F4"},{"r":"100","t":"16:51:40","h":"Est","s":"25N-H50NV10I-90-I"},{"r":"100","t":"16:51:40","h":"Est","s":"25N-H50NV20I-90-I"},{"r":"100","t":"16:51:40","h":"Est","s":"25S-H50S000I-81-I"},{"r":"100","t":"16:51:40","h":"Est","s":"25S-H50S100F-80-F1"},{"r":"100","t":"16:51:40","h":"Est","s":"25S-H50S200F-80-F2"},{"r":"100","t":"16:53:31","h":"Est","s":"25N-H50N000A-80-A"},{"r":"100","t":"16:53:31","h":"Est","s":"25N-H50N000A-90-A"},{"r":"100","t":"16:53:31","h":"Est","s":"25N-H50NV10A-90-A"},{"r":"100","t":"16:53:31","h":"Est","s":"25N-H50NV20A-90-A"},{"r":"100","t":"16:53:31","h":"Est","s":"25S-H50S000A-81-A"},{"r":"460","t":"16:55:00","h":"Est via Jarry","s":"25N-H58N200F-80-F2"},{"r":"460","t":"16:55:00","h":"Est via Jarry","s":"25N-H58N400F-80-F4"},{"r":"460","t":"16:55:00","h":"Est via Jarry","s":"25S-H58S100F-80-F1"},{"r":"460","t":"16:55:00","h":"Est via Jarry","s":"25S-H58S200F-80-F2"},{"r":"460","t":"16:57:00","h":"Est via Jarry","s":"25N-H58N000S-80-S"},{"r":"460","t":"16:57:00","h":"Est via Jarry","s":"25N-H58NV10S-80-S"},{"r":"460","t":"16:57:00","h":"Est via Jarry","s":"25N-H58NV20S-80-S"},{"r":"460","t":"16:57:00","h":"Est via Jarry","s":"25S-H58S000S-80-S"},{"r":"100","t":"17:02:12","h":"Est","s":"25N-H50N000S-80-S"},{"r":"100","t":"17:02:12","h":"Est","s":"25N-H50N000S-90-S"},{"r":"100","t":"17:02:12","h":"Est","s":"25N-H50NV10S-90-S"},{"r":"100","t":"17:02:12","h":"Est","s":"25N-H50NV20S-90-S"},{"r":"100","t":"17:02:12","h":"Est","s":"25S-H50S000S-81-S"},{"r":"460","t":"17:04:00","h":"Est via Jarry","s":"25N-H58N000S-80-S"},{"r":"460","t":"17:04:00","h":"Est via Jarry","s":"25N-H58NV10S-80-S"},{"r":"460","t":"17:04:00","h":"Est via Jarry","s":"25N-H58NV20S-80-S"},{"r":"460","t":"17:04:00","h":"Est via Jarry","s":"25S-H58S000S-80-S"},{"r":"460","t":"17:05:00","h":"Est via Jarry","s":"25N-H58N200F-80-F2"},{"r":"460","t":"17:05:00","h":"Est via Jarry","s":"25N-H58N400F-80-F4"},{"r":"460","t":"17:05:00","h":"Est via Jarry","s":"25S-H58S100F-80-F1"},{"r":"460","t":"17:05:00","h":"Est via Jarry","s":"25S-H58S200F-80-F2"},{"r":"100","t":"17:06:31","h":"Est","s":"25N-H50N000A-80-A"},{"r":"100","t":"17:06:31","h":"Est","s":"25N-H50N000A-90-A"},{"r":"100","t":"17:06:31","h":"Est","s":"25N-H50NV10A-90-A"},{"r":"100","t":"17:06:31","h":"Est","s":"25N-H50NV20A-90-A"},{"r":"100","t":"17:06:31","h":"Est","s":"25S-H50S000A-81-A"},{"r":"460","t":"17:11:00","h":"Est via Jarry","s":"25N-H58N000S-80-S"},{"r":"460","t":"17:11:00","h":"Est via Jarry","s":"25N-H58NV10S-80-S"},{"r":"460","t":"17:11:00","h":"Est via Jarry","s":"25N-H58NV20S-80-S"},{"r":"460","t":"17:11:00","h":"Est via Jarry","s":"25S-H58S000S-80-S"},{"r":"100","t":"17:13:40","h":"Est","s":"25N-H50N000I-80-I"},{"r":"100","t":"17:13:40","h":"Est","s":"25N-H50N000I-90-I"},{"r":"100","t":"17:13:40","h":"Est","s":"25N-H50N100F-90-F1"},{"r":"100","t":"17:13:40","h":"Est","s":"25N-H50N200F-90-F2"},{"r":"100","t":"17:13:40","h":"Est","s":"25N-H50N300F-90-F3"},{"r":"100","t":"17:13:40","h":"Est","s":"25N-H50N400F-90-F4"},{"r":"100","t":"17:13:40","h":"Est","s":"25N-H50NV10I-90-I"},{"r":"100","t":"17:13:40","h":"Est","s":"25N-H50NV20I-90-I"},{"r":"100","t":"17:13:40","h":"Est","s":"25S-H50S000I-81-I"},{"r":"100","t":"17:13:40","h":"Est","s":"25S-H50S100F-80-F1"},{"r":"100","t":"17:13:40","h":"Est","s":"25S-H50S200F-80-F2"},{"r":"460","t":"17:14:00","h":"Est via Jarry","s":"25N-H59N000S-80-S"},{"r":"460","t":"17:14:00","h":"Est via Jarry","s":"25N-H59NV10S-84-S"},{"r":"460","t":"17:14:00","h":"Est via Jarry","s":"25N-H59NV20S-80-S"},{"r":"460","t":"17:14:00","h":"Est via Jarry","s":"25S-H59S000S-81-S"},{"r":"460","t":"17:15:00","h":"Est via Jarry","s":"25N-H58N200F-80-F2"},{"r":"460","t":"17:15:00","h":"Est via Jarry","s":"25N-H58N400F-80-F4"},{"r":"460","t":"17:15:00","h":"Est via Jarry","s":"25S-H58S100F-80-F1"},{"r":"460","t":"17:15:00","h":"Est via Jarry","s":"25S-H58S200F-80-F2"},{"r":"100","t":"17:15:12","h":"Est","s":"25N-H58N000S-80-S"},{"r":"100","t":"17:15:12","h":"Est","s":"25N-H58NV10S-80-S"},{"r":"100","t":"17:15:12","h":"Est","s":"25N-H58NV20S-80-S"},{"r":"100","t":"17:15:12","h":"Est","s":"25S-H58S000S-80-S"},{"r":"460","t":"17:19:00","h":"Est via Jarry","s":"25N-H58N000S-80-S"},{"r":"460","t":"17:19:00","h":"Est via Jarry","s":"25N-H58NV10S-80-S"},{"r":"460","t":"17:19:00","h":"Est via Jarry","s":"25N-H58NV20S-80-S"},{"r":"460","t":"17:19:00","h":"Est via Jarry","s":"25S-H58S000S-80-S"},{"r":"100","t":"17:19:31","h":"Est","s":"25N-H50N000A-80-A"},{"r":"100","t":"17:19:31","h":"Est","s":"25N-H50N000A-90-A"},{"r":"100","t":"17:19:31","h":"Est","s":"25N-H50NV10A-90-A"},{"r":"100","t":"17:19:31","h":"Est","s":"25N-H50NV20A-90-A"},{"r":"100","t":"17:19:31","h":"Est","s":"25S-H50S000A-81-A"},{"r":"460","t":"17:25:00","h":"Est via Jarry","s":"25N-H58N200F-80-F2"},{"r":"460","t":"17:25:00","h":"Est via Jarry","s":"25N-H58N400F-80-F4"},{"r":"460","t":"17:25:00","h":"Est via Jarry","s":"25S-H58S100F-80-F1"},{"r":"460","t":"17:25:00","h":"Est via Jarry","s":"25S-H58S200F-80-F2"},{"r":"460","t":"17:26:00","h":"Est via Jarry","s":"25N-H50N000S-80-S"},{"r":"460","t":"17:26:00","h":"Est via Jarry","s":"25N-H50N000S-90-S"},{"r":"460","t":"17:26:00","h":"Est via Jarry","s":"25N-H50NV10S-90-S"},{"r":"460","t":"17:26:00","h":"Est via Jarry","s":"25N-H50NV20S-90-S"},{"r":"460","t":"17:26:00","h":"Est via Jarry","s":"25S-H50S000S-81-S"},{"r":"100","t":"17:26:31","h":"Est","s":"25N-H50N000A-80-A"},{"r":"100","t":"17:26:31","h":"Est","s":"25N-H50N000A-90-A"},{"r":"100","t":"17:26:31","h":"Est","s":"25N-H50NV10A-90-A"},{"r":"100","t":"17:26:31","h":"Est","s":"25N-H50NV20A-90-A"},{"r":"100","t":"17:26:31","h":"Est","s":"25S-H50S000A-81-A"},{"r":"100","t":"17:29:12","h":"Est","s":"25N-H50N000S-80-S"},{"r":"100","t":"17:29:12","h":"Est","s":"25N-H50N000S-90-S"},{"r":"100","t":"17:29:12","h":"Est","s":"25N-H50NV10S-90-S"},{"r":"100","t":"17:29:12","h":"Est","s":"25N-H50NV20S-90-S"},{"r":"100","t":"17:29:12","h":"Est","s":"25S-H50S000S-81-S"},{"r":"100","t":"17:32:40","h":"Est","s":"25N-H50N000I-80-I"},{"r":"100","t":"17:32:40","h":"Est","s":"25N-H50N000I-90-I"},{"r":"100","t":"17:32:40","h":"Est","s":"25N-H50N100F-90-F1"},{"r":"100","t":"17:32:40","h":"Est","s":"25N-H50N200F-90-F2"},{"r":"100","t":"17:32:40","h":"Est","s":"25N-H50N300F-90-F3"},{"r":"100","t":"17:32:40","h":"Est","s":"25N-H50N400F-90-F4"},{"r":"100","t":"17:32:40","h":"Est","s":"25N-H50NV10I-90-I"},{"r":"100","t":"17:32:40","h":"Est","s":"25N-H50NV20I-90-I"},{"r":"100","t":"17:32:40","h":"Est","s":"25S-H50S000I-81-I"},{"r":"100","t":"17:32:40","h":"Est","s":"25S-H50S100F-80-F1"},{"r":"100","t":"17:32:40","h":"Est","s":"25S-H50S200F-80-F2"},{"r":"460","t":"17:36:00","h":"Est via Jarry","s":"25N-H60N000S-80-S"},{"r":"460","t":"17:36:00","h":"Est via Jarry","s":"25N-H60N000S-98-S"},{"r":"460","t":"17:36:00","h":"Est via Jarry","s":"25N-H60NV10S-98-S"},{"r":"460","t":"17:36:00","h":"Est via Jarry","s":"25N-H60NV20S-98-S"},{"r":"460","t":"17:36:00","h":"Est via Jarry","s":"25S-H60S000S-80-S"},{"r":"460","t":"17:40:00","h":"Est via Jarry","s":"25N-H58N200F-80-F2"},{"r":"460","t":"17:40:00","h":"Est via Jarry","s":"25N-H58N400F-80-F4"},{"r":"460","t":"17:40:00","h":"Est via Jarry","s":"25S-H58S100F-80-F1"},{"r":"460","t":"17:40:00","h":"Est via Jarry","s":"25S-H58S200F-80-F2"},{"r":"100","t":"17:42:12","h":"Est","s":"25N-H50N000S-80-S"},{"r":"100","t":"17:42:12","h":"Est","s":"25N-H50N000S-90-S"},{"r":"100","t":"17:42:12","h":"Est","s":"25N-H50NV10S-90-S"},{"r":"100","t":"17:42:12","h":"Est","s":"25N-H50NV20S-90-S"},{"r":"100","t":"17:42:12","h":"Est","s":"25S-H50S000S-81-S"},{"r":"460","t":"17:46:00","h":"Est via Jarry","s":"25N-H58N000S-80-S"},{"r":"460","t":"17:46:00","h":"Est via Jarry","s":"25N-H58NV10S-80-S"},{"r":"460","t":"17:46:00","h":"Est via Jarry","s":"25N-H58NV20S-80-S"},{"r":"460","t":"17:46:00","h":"Est via Jarry","s":"25S-H58S000S-80-S"},{"r":"100","t":"17:47:31","h":"Est","s":"25N-H50N000A-80-A"},{"r":"100","t":"17:47:31","h":"Est","s":"25N-H50N000A-90-A"},{"r":"100","t":"17:47:31","h":"Est","s":"25N-H50NV10A-90-A"},{"r":"100","t":"17:47:31","h":"Est","s":"25N-H50NV20A-90-A"},{"r":"100","t":"17:47:31","h":"Est","s":"25S-H50S000A-81-A"},{"r":"460","t":"17:52:00","h":"Est via Jarry","s":"25N-H58N200F-80-F2"},{"r":"460","t":"17:52:00","h":"Est via Jarry","s":"25N-H58N400F-80-F4"},{"r":"460","t":"17:52:00","h":"Est via Jarry","s":"25S-H58S100F-80-F1"},{"r":"460","t":"17:52:00","h":"Est via Jarry","s":"25S-H58S200F-80-F2"},{"r":"100","t":"17:52:40","h":"Est","s":"25N-H50N000I-80-I"},{"r":"100","t":"17:52:40","h":"Est","s":"25N-H50N000I-90-I"},{"r":"100","t":"17:52:40","h":"Est","s":"25N-H50N100F-90-F1"},{"r":"100","t":"17:52:40","h":"Est","s":"25N-H50N200F-90-F2"},{"r":"100","t":"17:52:40","h":"Est","s":"25N-H50N300F-90-F3"},{"r":"100","t":"17:52:40","h":"Est","s":"25N-H50N400F-90-F4"},{"r":"100","t":"17:52:40","h":"Est","s":"25N-H50NV10I-90-I"},{"r":"100","t":"17:52:40","h":"Est","s":"25N-H50NV20I-90-I"},{"r":"100","t":"17:52:40","h":"Est","s":"25S-H50S000I-81-I"},{"r":"100","t":"17:52:40","h":"Est","s":"25S-H50S100F-80-F1"},{"r":"100","t":"17:52:40","h":"Est","s":"25S-H50S200F-80-F2"},{"r":"100","t":"17:55:12","h":"Est","s":"25N-H50N000S-80-S"},{"r":"100","t":"17:55:12","h":"Est","s":"25N-H50N000S-90-S"},{"r":"100","t":"17:55:12","h":"Est","s":"25N-H50NV10S-90-S"},{"r":"100","t":"17:55:12","h":"Est","s":"25N-H50NV20S-90-S"},{"r":"100","t":"17:55:12","h":"Est","s":"25S-H50S000S-81-S"},{"r":"460","t":"18:01:00","h":"Est via Jarry","s":"25N-H56N000S-80-S"},{"r":"460","t":"18:01:00","h":"Est via Jarry","s":"25N-H56NV10S-80-S"},{"r":"460","t":"18:01:00","h":"Est via Jarry","s":"25N-H56NV20S-80-S"},{"r":"460","t":"18:01:00","h":"Est via Jarry","s":"25S-H56S000S-80-S"},{"r":"460","t":"18:06:00","h":"Est via Jarry","s":"25N-H58N200F-80-F2"},{"r":"460","t":"18:06:00","h":"Est via Jarry","s":"25N-H58N400F-80-F4"},{"r":"460","t":"18:06:00","h":"Est via Jarry","s":"25S-H58S100F-80-F1"},{"r":"460","t":"18:06:00","h":"Est via Jarry","s":"25S-H58S200F-80-F2"},{"r":"100","t":"18:10:12","h":"Est","s":"25N-H50N000S-80-S"},{"r":"100","t":"18:10:12","h":"Est","s":"25N-H50N000S-90-S"},{"r":"100","t":"18:10:12","h":"Est","s":"25N-H50NV10S-90-S"},{"r":"100","t":"18:10:12","h":"Est","s":"25N-H50NV20S-90-S"},{"r":"100","t":"18:10:12","h":"Est","s":"25S-H50S000S-81-S"},{"r":"100","t":"18:11:31","h":"Est","s":"25N-H50N000A-80-A"},{"r":"100","t":"18:11:31","h":"Est","s":"25N-H50N000A-90-A"},{"r":"100","t":"18:11:31","h":"Est","s":"25N-H50NV10A-90-A"},{"r":"100","t":"18:11:31","h":"Est","s":"25N-H50NV20A-90-A"},{"r":"100","t":"18:11:31","h":"Est","s":"25S-H50S000A-81-A"},{"r":"100","t":"18:16:40","h":"Est","s":"25N-H50N000I-80-I"},{"r":"100","t":"18:16:40","h":"Est","s":"25N-H50N000I-90-I"},{"r":"100","t":"18:16:40","h":"Est","s":"25N-H50N100F-90-F1"},{"r":"100","t":"18:16:40","h":"Est","s":"25N-H50N200F-90-F2"},{"r":"100","t":"18:16:40","h":"Est","s":"25N-H50N300F-90-F3"},{"r":"100","t":"18:16:40","h":"Est","s":"25N-H50N400F-90-F4"},{"r":"100","t":"18:16:40","h":"Est","s":"25N-H50NV10I-90-I"},{"r":"100","t":"18:16:40","h":"Est","s":"25N-H50NV20I-90-I"},{"r":"100","t":"18:16:40","h":"Est","s":"25S-H50S000I-81-I"},{"r":"100","t":"18:16:40","h":"Est","s":"25S-H50S100F-80-F1"},{"r":"100","t":"18:16:40","h":"Est","s":"25S-H50S200F-80-F2"},{"r":"460","t":"18:20:00","h":"Est via Jarry","s":"25N-H58N000S-80-S"},{"r":"460","t":"18:20:00","h":"Est via Jarry","s":"25N-H58NV10S-80-S"},{"r":"460","t":"18:20:00","h":"Est via Jarry","s":"25N-H58NV20S-80-S"},{"r":"460","t":"18:20:00","h":"Est via Jarry","s":"25S-H58S000S-80-S"},{"r":"100","t":"18:24:12","h":"Est","s":"25N-H50N000S-80-S"},{"r":"100","t":"18:24:12","h":"Est","s":"25N-H50N000S-90-S"},{"r":"100","t":"18:24:12","h":"Est","s":"25N-H50NV10S-90-S"},{"r":"100","t":"18:24:12","h":"Est","s":"25N-H50NV20S-90-S"},{"r":"100","t":"18:24:12","h":"Est","s":"25S-H50S000S-81-S"},{"r":"460","t":"18:25:00","h":"Est via Jarry","s":"25N-H58N200F-80-F2"},{"r":"460","t":"18:25:00","h":"Est via Jarry","s":"25N-H58N400F-80-F4"},{"r":"460","t":"18:25:00","h":"Est via Jarry","s":"25S-H58S100F-80-F1"},{"r":"460","t":"18:25:00","h":"Est via Jarry","s":"25S-H58S200F-80-F2"},{"r":"100","t":"18:35:40","h":"Est","s":"25N-H50N000A-80-A"},{"r":"100","t":"18:35:40","h":"Est","s":"25N-H50N000A-90-A"},{"r":"100","t":"18:35:40","h":"Est","s":"25N-H50NV10A-90-A"},{"r":"100","t":"18:35:40","h":"Est","s":"25N-H50NV20A-90-A"},{"r":"100","t":"18:35:40","h":"Est","s":"25S-H50S000A-81-A"},{"r":"460","t":"18:39:00","h":"Est via Jarry","s":"25N-H58N000S-80-S"},{"r":"460","t":"18:39:00","h":"Est via Jarry","s":"25N-H58NV10S-80-S"},{"r":"460","t":"18:39:00","h":"Est via Jarry","s":"25N-H58NV20S-80-S"},{"r":"460","t":"18:39:00","h":"Est via Jarry","s":"25S-H58S000S-80-S"},{"r":"100","t":"18:46:40","h":"Est","s":"25N-H50N000I-80-I"},{"r":"100","t":"18:46:40","h":"Est","s":"25N-H50N000I-90-I"},{"r":"100","t":"18:46:40","h":"Est","s":"25N-H50N100F-90-F1"},{"r":"100","t":"18:46:40","h":"Est","s":"25N-H50N200F-90-F2"},{"r":"100","t":"18:46:40","h":"Est","s":"25N-H50N300F-90-F3"},{"r":"100","t":"18:46:40","h":"Est","s":"25N-H50N400F-90-F4"},{"r":"100","t":"18:46:40","h":"Est","s":"25N-H50NV10I-90-I"},{"r":"100","t":"18:46:40","h":"Est","s":"25N-H50NV20I-90-I"},{"r":"100","t":"18:46:40","h":"Est","s":"25S-H50S000I-81-I"},{"r":"100","t":"18:46:40","h":"Est","s":"25S-H50S100F-80-F1"},{"r":"100","t":"18:46:40","h":"Est","s":"25S-H50S200F-80-F2"},{"r":"100","t":"18:47:12","h":"Est","s":"25N-H50N000S-80-S"},{"r":"100","t":"18:47:12","h":"Est","s":"25N-H50N000S-90-S"},{"r":"100","t":"18:47:12","h":"Est","s":"25N-H50NV10S-90-S"},{"r":"100","t":"18:47:12","h":"Est","s":"25N-H50NV20S-90-S"},{"r":"100","t":"18:47:12","h":"Est","s":"25S-H50S000S-81-S"},{"r":"460","t":"18:55:00","h":"Est via Jarry","s":"25N-H58N200F-80-F2"},{"r":"460","t":"18:55:00","h":"Est via Jarry","s":"25N-H58N400F-80-F4"},{"r":"460","t":"18:55:00","h":"Est via Jarry","s":"25S-H58S100F-80-F1"},{"r":"460","t":"18:55:00","h":"Est via Jarry","s":"25S-H58S200F-80-F2"},{"r":"460","t":"18:59:00","h":"Est via Jarry","s":"25N-H58N000S-80-S"},{"r":"460","t":"18:59:00","h":"Est via Jarry","s":"25N-H58NV10S-80-S"},{"r":"460","t":"18:59:00","h":"Est via Jarry","s":"25N-H58NV20S-80-S"},{"r":"460","t":"18:59:00","h":"Est via Jarry","s":"25S-H58S000S-80-S"},{"r":"100","t":"19:03:40","h":"Est","s":"25N-H50N000A-80-A"},{"r":"100","t":"19:03:40","h":"Est","s":"25N-H50N000A-90-A"},{"r":"100","t":"19:03:40","h":"Est","s":"25N-H50NV10A-90-A"},{"r":"100","t":"19:03:40","h":"Est","s":"25N-H50NV20A-90-A"},{"r":"100","t":"19:03:40","h":"Est","s":"25S-H50S000A-81-A"},{"r":"100","t":"19:10:40","h":"Est","s":"25N-H50N000S-80-S"},{"r":"100","t":"19:10:40","h":"Est","s":"25N-H50N000S-90-S"},{"r":"100","t":"19:10:40","h":"Est","s":"25N-H50NV10S-90-S"},{"r":"100","t":"19:10:40","h":"Est","s":"25N-H50NV20S-90-S"},{"r":"100","t":"19:10:40","h":"Est","s":"25S-H50S000S-81-S"},{"r":"100","t":"19:16:40","h":"Est","s":"25N-H50N000I-80-I"},{"r":"100","t":"19:16:40","h":"Est","s":"25N-H50N000I-90-I"},{"r":"100","t":"19:16:40","h":"Est","s":"25N-H50N100F-90-F1"},{"r":"100","t":"19:16:40","h":"Est","s":"25N-H50N200F-90-F2"},{"r":"100","t":"19:16:40","h":"Est","s":"25N-H50N300F-90-F3"},{"r":"100","t":"19:16:40","h":"Est","s":"25N-H50N400F-90-F4"},{"r":"100","t":"19:16:40","h":"Est","s":"25N-H50NV10I-90-I"},{"r":"100","t":"19:16:40","h":"Est","s":"25N-H50NV20I-90-I"},{"r":"100","t":"19:16:40","h":"Est","s":"25S-H50S000I-81-I"},{"r":"100","t":"19:16:40","h":"Est","s":"25S-H50S100F-80-F1"},{"r":"100","t":"19:16:40","h":"Est","s":"25S-H50S200F-80-F2"},{"r":"460","t":"19:18:00","h":"Est via Jarry","s":"25N-H58N000S-80-S"},{"r":"460","t":"19:18:00","h":"Est via Jarry","s":"25N-H58NV10S-80-S"},{"r":"460","t":"19:18:00","h":"Est via Jarry","s":"25N-H58NV20S-80-S"},{"r":"460","t":"19:18:00","h":"Est via Jarry","s":"25S-H58S000S-80-S"},{"r":"460","t":"19:25:00","h":"Est via Jarry","s":"25N-H58N200F-80-F2"},{"r":"460","t":"19:25:00","h":"Est via Jarry","s":"25N-H58N400F-80-F4"},{"r":"460","t":"19:25:00","h":"Est via Jarry","s":"25S-H58S100F-80-F1"},{"r":"460","t":"19:25:00","h":"Est via Jarry","s":"25S-H58S200F-80-F2"},{"r":"100","t":"19:33:40","h":"Est","s":"25N-H50N000A-80-A"},{"r":"100","t":"19:33:40","h":"Est","s":"25N-H50N000A-90-A"},{"r":"100","t":"19:33:40","h":"Est","s":"25N-H50NV10A-90-A"},{"r":"100","t":"19:33:40","h":"Est","s":"25N-H50NV20A-90-A"},{"r":"100","t":"19:33:40","h":"Est","s":"25S-H50S000A-81-A"},{"r":"460","t":"19:36:00","h":"Est via Jarry","s":"25N-H58N000S-80-S"},{"r":"460","t":"19:36:00","h":"Est via Jarry","s":"25N-H58NV10S-80-S"},{"r":"460","t":"19:36:00","h":"Est via Jarry","s":"25N-H58NV20S-80-S"},{"r":"460","t":"19:36:00","h":"Est via Jarry","s":"25S-H58S000S-80-S"},{"r":"100","t":"19:38:40","h":"Est","s":"25N-H50N000S-80-S"},{"r":"100","t":"19:38:40","h":"Est","s":"25N-H50N000S-90-S"},{"r":"100","t":"19:38:40","h":"Est","s":"25N-H50NV10S-90-S"},{"r":"100","t":"19:38:40","h":"Est","s":"25N-H50NV20S-90-S"},{"r":"100","t":"19:38:40","h":"Est","s":"25S-H50S000S-81-S"},{"r":"100","t":"19:46:40","h":"Est","s":"25N-H50N000I-80-I"},{"r":"100","t":"19:46:40","h":"Est","s":"25N-H50N000I-90-I"},{"r":"100","t":"19:46:40","h":"Est","s":"25N-H50N100F-90-F1"},{"r":"100","t":"19:46:40","h":"Est","s":"25N-H50N200F-90-F2"},{"r":"100","t":"19:46:40","h":"Est","s":"25N-H50N300F-90-F3"},{"r":"100","t":"19:46:40","h":"Est","s":"25N-H50N400F-90-F4"},{"r":"100","t":"19:46:40","h":"Est","s":"25N-H50NV10I-90-I"},{"r":"100","t":"19:46:40","h":"Est","s":"25N-H50NV20I-90-I"},{"r":"100","t":"19:46:40","h":"Est","s":"25S-H50S000I-81-I"},{"r":"100","t":"19:46:40","h":"Est","s":"25S-H50S100F-80-F1"},{"r":"100","t":"19:46:40","h":"Est","s":"25S-H50S200F-80-F2"},{"r":"460","t":"19:57:00","h":"Est via Jarry","s":"25N-H58N000S-80-S"},{"r":"460","t":"19:57:00","h":"Est via Jarry","s":"25N-H58N200F-80-F2"},{"r":"460","t":"19:57:00","h":"Est via Jarry","s":"25N-H58N400F-80-F4"},{"r":"460","t":"19:57:00","h":"Est via Jarry","s":"25N-H58NV10S-80-S"},{"r":"460","t":"19:57:00","h":"Est via Jarry","s":"25N-H58NV20S-80-S"},{"r":"460","t":"19:57:00","h":"Est via Jarry","s":"25S-H58S000S-80-S"},{"r":"460","t":"19:57:00","h":"Est via Jarry","s":"25S-H58S100F-80-F1"},{"r":"460","t":"19:57:00","h":"Est via Jarry","s":"25S-H58S200F-80-F2"},{"r":"100","t":"20:03:40","h":"Est","s":"25N-H50N000A-80-A"},{"r":"100","t":"20:03:40","h":"Est","s":"25N-H50N000A-90-A"},{"r":"100","t":"20:03:40","h":"Est","s":"25N-H50NV10A-90-A"},{"r":"100","t":"20:03:40","h":"Est","s":"25N-H50NV20A-90-A"},{"r":"100","t":"20:03:40","h":"Est","s":"25S-H50S000A-81-A"},{"r":"100","t":"20:07:40","h":"Est","s":"25N-H50N000S-80-S"},{"r":"100","t":"20:07:40","h":"Est","s":"25N-H50N000S-90-S"},{"r":"100","t":"20:07:40","h":"Est","s":"25N-H50NV10S-90-S"},{"r":"100","t":"20:07:40","h":"Est","s":"25N-H50NV20S-90-S"},{"r":"100","t":"20:07:40","h":"Est","s":"25S-H50S000S-81-S"},{"r":"100","t":"20:16:40","h":"Est","s":"25N-H50N000I-80-I"},{"r":"100","t":"20:16:40","h":"Est","s":"25N-H50N000I-90-I"},{"r":"100","t":"20:16:40","h":"Est","s":"25N-H50N100F-90-F1"},{"r":"100","t":"20:16:40","h":"Est","s":"25N-H50N200F-90-F2"},{"r":"100","t":"20:16:40","h":"Est","s":"25N-H50N300F-90-F3"},{"r":"100","t":"20:16:40","h":"Est","s":"25N-H50N400F-90-F4"},{"r":"100","t":"20:16:40","h":"Est","s":"25N-H50NV10I-90-I"},{"r":"100","t":"20:16:40","h":"Est","s":"25N-H50NV20I-90-I"},{"r":"100","t":"20:16:40","h":"Est","s":"25S-H50S000I-81-I"},{"r":"100","t":"20:16:40","h":"Est","s":"25S-H50S100F-80-F1"},{"r":"100","t":"20:16:40","h":"Est","s":"25S-H50S200F-80-F2"},{"r":"100","t":"20:31:40","h":"Est","s":"25N-H50N000A-80-A"},{"r":"100","t":"20:31:40","h":"Est","s":"25N-H50N000A-90-A"},{"r":"100","t":"20:31:40","h":"Est","s":"25N-H50NV10A-90-A"},{"r":"100","t":"20:31:40","h":"Est","s":"25N-H50NV20A-90-A"},{"r":"100","t":"20:31:40","h":"Est","s":"25S-H50S000A-81-A"},{"r":"100","t":"20:36:40","h":"Est","s":"25N-H50N000S-80-S"},{"r":"100","t":"20:36:40","h":"Est","s":"25N-H50N000S-90-S"},{"r":"100","t":"20:36:40","h":"Est","s":"25N-H50NV10S-90-S"},{"r":"100","t":"20:36:40","h":"Est","s":"25N-H50NV20S-90-S"},{"r":"100","t":"20:36:40","h":"Est","s":"25S-H50S000S-81-S"},{"r":"100","t":"20:46:40","h":"Est","s":"25N-H50N000I-80-I"},{"r":"100","t":"20:46:40","h":"Est","s":"25N-H50N000I-90-I"},{"r":"100","t":"20:46:40","h":"Est","s":"25N-H50N100F-90-F1"},{"r":"100","t":"20:46:40","h":"Est","s":"25N-H50N200F-90-F2"},{"r":"100","t":"20:46:40","h":"Est","s":"25N-H50N300F-90-F3"},{"r":"100","t":"20:46:40","h":"Est","s":"25N-H50N400F-90-F4"},{"r":"100","t":"20:46:40","h":"Est","s":"25N-H50NV10I-90-I"},{"r":"100","t":"20:46:40","h":"Est","s":"25N-H50NV20I-90-I"},{"r":"100","t":"20:46:40","h":"Est","s":"25S-H50S000I-81-I"},{"r":"100","t":"20:46:40","h":"Est","s":"25S-H50S100F-80-F1"},{"r":"100","t":"20:46:40","h":"Est","s":"25S-H50S200F-80-F2"},{"r":"100","t":"20:59:40","h":"Est","s":"25N-H50N000A-80-A"},{"r":"100","t":"20:59:40","h":"Est","s":"25N-H50N000A-90-A"},{"r":"100","t":"20:59:40","h":"Est","s":"25N-H50NV10A-90-A"},{"r":"100","t":"20:59:40","h":"Est","s":"25N-H50NV20A-90-A"},{"r":"100","t":"20:59:40","h":"Est","s":"25S-H50S000A-81-A"},{"r":"100","t":"21:05:40","h":"Est","s":"25N-H50N000S-80-S"},{"r":"100","t":"21:05:40","h":"Est","s":"25N-H50N000S-90-S"},{"r":"100","t":"21:05:40","h":"Est","s":"25N-H50NV10S-90-S"},{"r":"100","t":"21:05:40","h":"Est","s":"25N-H50NV20S-90-S"},{"r":"100","t":"21:05:40","h":"Est","s":"25S-H50S000S-81-S"},{"r":"100","t":"21:16:40","h":"Est","s":"25N-H50N000I-80-I"},{"r":"100","t":"21:16:40","h":"Est","s":"25N-H50N000I-90-I"},{"r":"100","t":"21:16:40","h":"Est","s":"25N-H50N100F-90-F1"},{"r":"100","t":"21:16:40","h":"Est","s":"25N-H50N200F-90-F2"},{"r":"100","t":"21:16:40","h":"Est","s":"25N-H50N300F-90-F3"},{"r":"100","t":"21:16:40","h":"Est","s":"25N-H50N400F-90-F4"},{"r":"100","t":"21:16:40","h":"Est","s":"25N-H50NV10I-90-I"},{"r":"100","t":"21:16:40","h":"Est","s":"25N-H50NV20I-90-I"},{"r":"100","t":"21:16:40","h":"Est","s":"25S-H50S000I-81-I"},{"r":"100","t":"21:16:40","h":"Est","s":"25S-H50S100F-80-F1"},{"r":"100","t":"21:16:40","h":"Est","s":"25S-H50S200F-80-F2"},{"r":"100","t":"21:27:40","h":"Est","s":"25N-H50N000A-80-A"},{"r":"100","t":"21:27:40","h":"Est","s":"25N-H50N000A-90-A"},{"r":"100","t":"21:27:40","h":"Est","s":"25N-H50NV10A-90-A"},{"r":"100","t":"21:27:40","h":"Est","s":"25N-H50NV20A-90-A"},{"r":"100","t":"21:27:40","h":"Est","s":"25S-H50S000A-81-A"},{"r":"100","t":"21:34:40","h":"Est","s":"25N-H50N000S-80-S"},{"r":"100","t":"21:34:40","h":"Est","s":"25N-H50N000S-90-S"},{"r":"100","t":"21:34:40","h":"Est","s":"25N-H50NV10S-90-S"},{"r":"100","t":"21:34:40","h":"Est","s":"25N-H50NV20S-90-S"},{"r":"100","t":"21:34:40","h":"Est","s":"25S-H50S000S-81-S"},{"r":"100","t":"21:46:40","h":"Est","s":"25N-H50N000I-80-I"},{"r":"100","t":"21:46:40","h":"Est","s":"25N-H50N000I-90-I"},{"r":"100","t":"21:46:40","h":"Est","s":"25N-H50N100F-90-F1"},{"r":"100","t":"21:46:40","h":"Est","s":"25N-H50N200F-90-F2"},{"r":"100","t":"21:46:40","h":"Est","s":"25N-H50N300F-90-F3"},{"r":"100","t":"21:46:40","h":"Est","s":"25N-H50N400F-90-F4"},{"r":"100","t":"21:46:40","h":"Est","s":"25N-H50NV10I-90-I"},{"r":"100","t":"21:46:40","h":"Est","s":"25N-H50NV20I-90-I"},{"r":"100","t":"21:46:40","h":"Est","s":"25S-H50S000I-81-I"},{"r":"100","t":"21:46:40","h":"Est","s":"25S-H50S100F-80-F1"},{"r":"100","t":"21:46:40","h":"Est","s":"25S-H50S200F-80-F2"},{"r":"100","t":"21:54:40","h":"Est","s":"25N-H50N000A-80-A"},{"r":"100","t":"21:54:40","h":"Est","s":"25N-H50N000A-90-A"},{"r":"100","t":"21:54:40","h":"Est","s":"25N-H50NV10A-90-A"},{"r":"100","t":"21:54:40","h":"Est","s":"25N-H50NV20A-90-A"},{"r":"100","t":"21:54:40","h":"Est","s":"25S-H50S000A-81-A"},{"r":"100","t":"22:02:40","h":"Est","s":"25N-H50N000S-80-S"},{"r":"100","t":"22:02:40","h":"Est","s":"25N-H50N000S-90-S"},{"r":"100","t":"22:02:40","h":"Est","s":"25N-H50NV10S-90-S"},{"r":"100","t":"22:02:40","h":"Est","s":"25N-H50NV20S-90-S"},{"r":"100","t":"22:02:40","h":"Est","s":"25S-H50S000S-81-S"},{"r":"100","t":"22:16:40","h":"Est","s":"25N-H50N000I-80-I"},{"r":"100","t":"22:16:40","h":"Est","s":"25N-H50N000I-90-I"},{"r":"100","t":"22:16:40","h":"Est","s":"25N-H50N100F-90-F1"},{"r":"100","t":"22:16:40","h":"Est","s":"25N-H50N200F-90-F2"},{"r":"100","t":"22:16:40","h":"Est","s":"25N-H50N300F-90-F3"},{"r":"100","t":"22:16:40","h":"Est","s":"25N-H50N400F-90-F4"},{"r":"100","t":"22:16:40","h":"Est","s":"25N-H50NV10I-90-I"},{"r":"100","t":"22:16:40","h":"Est","s":"25N-H50NV20I-90-I"},{"r":"100","t":"22:16:40","h":"Est","s":"25S-H50S000I-81-I"},{"r":"100","t":"22:16:40","h":"Est","s":"25S-H50S100F-80-F1"},{"r":"100","t":"22:16:40","h":"Est","s":"25S-H50S200F-80-F2"},{"r":"100","t":"22:26:40","h":"Est","s":"25N-H50N000A-80-A"},{"r":"100","t":"22:26:40","h":"Est","s":"25N-H50N000A-90-A"},{"r":"100","t":"22:26:40","h":"Est","s":"25N-H50NV10A-90-A"},{"r":"100","t":"22:26:40","h":"Est","s":"25N-H50NV20A-90-A"},{"r":"100","t":"22:26:40","h":"Est","s":"25S-H50S000A-81-A"},{"r":"100","t":"22:30:40","h":"Est","s":"25N-H50N000S-80-S"},{"r":"100","t":"22:30:40","h":"Est","s":"25N-H50N000S-90-S"},{"r":"100","t":"22:30:40","h":"Est","s":"25N-H50NV10S-90-S"},{"r":"100","t":"22:30:40","h":"Est","s":"25N-H50NV20S-90-S"},{"r":"100","t":"22:30:40","h":"Est","s":"25S-H50S000S-81-S"},{"r":"100","t":"22:45:40","h":"Est","s":"25N-H50N000I-80-I"},{"r":"100","t":"22:45:40","h":"Est","s":"25N-H50N000I-90-I"},{"r":"100","t":"22:45:40","h":"Est","s":"25N-H50N100F-90-F1"},{"r":"100","t":"22:45:40","h":"Est","s":"25N-H50N200F-90-F2"},{"r":"100","t":"22:45:40","h":"Est","s":"25N-H50N300F-90-F3"},{"r":"100","t":"22:45:40","h":"Est","s":"25N-H50N400F-90-F4"},{"r":"100","t":"22:45:40","h":"Est","s":"25N-H50NV10I-90-I"},{"r":"100","t":"22:45:40","h":"Est","s":"25N-H50NV20I-90-I"},{"r":"100","t":"22:45:40","h":"Est","s":"25S-H50S000I-81-I"},{"r":"100","t":"22:45:40","h":"Est","s":"25S-H50S100F-80-F1"},{"r":"100","t":"22:45:40","h":"Est","s":"25S-H50S200F-80-F2"},{"r":"100","t":"22:51:40","h":"Est","s":"25N-H50N000S-80-S"},{"r":"100","t":"22:51:40","h":"Est","s":"25N-H50N000S-90-S"},{"r":"100","t":"22:51:40","h":"Est","s":"25N-H50NV10S-90-S"},{"r":"100","t":"22:51:40","h":"Est","s":"25N-H50NV20S-90-S"},{"r":"100","t":"22:51:40","h":"Est","s":"25S-H50S000S-81-S"},{"r":"100","t":"22:59:40","h":"Est","s":"25N-H50N000A-80-A"},{"r":"100","t":"22:59:40","h":"Est","s":"25N-H50N000A-90-A"},{"r":"100","t":"22:59:40","h":"Est","s":"25N-H50NV10A-90-A"},{"r":"100","t":"22:59:40","h":"Est","s":"25N-H50NV20A-90-A"},{"r":"100","t":"22:59:40","h":"Est","s":"25S-H50S000A-81-A"},{"r":"100","t":"23:08:40","h":"Est","s":"25N-H50N000S-80-S"},{"r":"100","t":"23:08:40","h":"Est","s":"25N-H50N000S-90-S"},{"r":"100","t":"23:08:40","h":"Est","s":"25N-H50NV10S-90-S"},{"r":"100","t":"23:08:40","h":"Est","s":"25N-H50NV20S-90-S"},{"r":"100","t":"23:08:40","h":"Est","s":"25S-H50S000S-81-S"},{"r":"100","t":"23:15:40","h":"Est","s":"25N-H50N000I-80-I"},{"r":"100","t":"23:15:40","h":"Est","s":"25N-H50N000I-90-I"},{"r":"100","t":"23:15:40","h":"Est","s":"25N-H50N100F-90-F1"},{"r":"100","t":"23:15:40","h":"Est","s":"25N-H50N200F-90-F2"},{"r":"100","t":"23:15:40","h":"Est","s":"25N-H50N300F-90-F3"},{"r":"100","t":"23:15:40","h":"Est","s":"25N-H50N400F-90-F4"},{"r":"100","t":"23:15:40","h":"Est","s":"25N-H50NV10I-90-I"},{"r":"100","t":"23:15:40","h":"Est","s":"25N-H50NV20I-90-I"},{"r":"100","t":"23:15:40","h":"Est","s":"25S-H50S000I-81-I"},{"r":"100","t":"23:15:40","h":"Est","s":"25S-H50S100F-80-F1"},{"r":"100","t":"23:15:40","h":"Est","s":"25S-H50S200F-80-F2"},{"r":"100","t":"23:23:40","h":"Est","s":"25N-H50N000S-80-S"},{"r":"100","t":"23:23:40","h":"Est","s":"25N-H50N000S-90-S"},{"r":"100","t":"23:23:40","h":"Est","s":"25N-H50NV10S-90-S"},{"r":"100","t":"23:23:40","h":"Est","s":"25N-H50NV20S-90-S"},{"r":"100","t":"23:23:40","h":"Est","s":"25S-H50S000S-81-S"},{"r":"100","t":"23:28:40","h":"Est","s":"25N-H50N000S-80-S"},{"r":"100","t":"23:28:40","h":"Est","s":"25N-H50N000S-90-S"},{"r":"100","t":"23:28:40","h":"Est","s":"25N-H50NV10S-90-S"},{"r":"100","t":"23:28:40","h":"Est","s":"25N-H50NV20S-90-S"},{"r":"100","t":"23:28:40","h":"Est","s":"25S-H50S000S-81-S"},{"r":"100","t":"23:32:40","h":"Est","s":"25N-H50N000A-80-A"},{"r":"100","t":"23:32:40","h":"Est","s":"25N-H50N000A-90-A"},{"r":"100","t":"23:32:40","h":"Est","s":"25N-H50NV10A-90-A"},{"r":"100","t":"23:32:40","h":"Est","s":"25N-H50NV20A-90-A"},{"r":"100","t":"23:32:40","h":"Est","s":"25S-H50S000A-81-A"},{"r":"100","t":"23:34:40","h":"Est","s":"25N-H50N000A-80-A"},{"r":"100","t":"23:34:40","h":"Est","s":"25N-H50N000A-90-A"},{"r":"100","t":"23:34:40","h":"Est","s":"25N-H50NV10A-90-A"},{"r":"100","t":"23:34:40","h":"Est","s":"25N-H50NV20A-90-A"},{"r":"100","t":"23:34:40","h":"Est","s":"25S-H50S000A-81-A"},{"r":"100","t":"23:35:40","h":"Est","s":"25N-H50N000I-80-I"},{"r":"100","t":"23:35:40","h":"Est","s":"25N-H50N000I-90-I"},{"r":"100","t":"23:35:40","h":"Est","s":"25N-H50N100F-90-F1"},{"r":"100","t":"23:35:40","h":"Est","s":"25N-H50N200F-90-F2"},{"r":"100","t":"23:35:40","h":"Est","s":"25N-H50N300F-90-F3"},{"r":"100","t":"23:35:40","h":"Est","s":"25N-H50N400F-90-F4"},{"r":"100","t":"23:35:40","h":"Est","s":"25N-H50NV10I-90-I"},{"r":"100","t":"23:35:40","h":"Est","s":"25N-H50NV20I-90-I"},{"r":"100","t":"23:35:40","h":"Est","s":"25S-H50S000I-81-I"},{"r":"100","t":"23:35:40","h":"Est","s":"25S-H50S100F-80-F1"},{"r":"100","t":"23:35:40","h":"Est","s":"25S-H50S200F-80-F2"},{"r":"100","t":"23:38:40","h":"Est","s":"25N-H50N000S-80-S"},{"r":"100","t":"23:38:40","h":"Est","s":"25N-H50N000S-90-S"},{"r":"100","t":"23:38:40","h":"Est","s":"25N-H50NV10S-90-S"},{"r":"100","t":"23:38:40","h":"Est","s":"25N-H50NV20S-90-S"},{"r":"100","t":"23:38:40","h":"Est","s":"25S-H50S000S-81-S"},{"r":"100","t":"23:56:40","h":"Est","s":"25N-H50N000A-80-A"},{"r":"100","t":"23:56:40","h":"Est","s":"25N-H50N000A-90-A"},{"r":"100","t":"23:56:40","h":"Est","s":"25N-H50NV10A-90-A"},{"r":"100","t":"23:56:40","h":"Est","s":"25N-H50NV20A-90-A"},{"r":"100","t":"23:56:40","h":"Est","s":"25S-H50S000A-81-A"},{"r":"100","t":"23:57:40","h":"Est","s":"25N-H50N000S-80-S"},{"r":"100","t":"23:57:40","h":"Est","s":"25N-H50N000S-90-S"},{"r":"100","t":"23:57:40","h":"Est","s":"25N-H50NV10S-90-S"},{"r":"100","t":"23:57:40","h":"Est","s":"25N-H50NV20S-90-S"},{"r":"100","t":"23:57:40","h":"Est","s":"25S-H50S000S-81-S"},{"r":"100","t":"23:59:40","h":"Est","s":"25N-H50N000I-80-I"},{"r":"100","t":"23:59:40","h":"Est","s":"25N-H50N000I-90-I"},{"r":"100","t":"23:59:40","h":"Est","s":"25N-H50N100F-90-F1"},{"r":"100","t":"23:59:40","h":"Est","s":"25N-H50N200F-90-F2"},{"r":"100","t":"23:59:40","h":"Est","s":"25N-H50N300F-90-F3"},{"r":"100","t":"23:59:40","h":"Est","s":"25N-H50N400F-90-F4"},{"r":"100","t":"23:59:40","h":"Est","s":"25N-H50NV10I-90-I"},{"r":"100","t":"23:59:40","h":"Est","s":"25N-H50NV20I-90-I"},{"r":"100","t":"23:59:40","h":"Est","s":"25S-H50S000I-81-I"},{"r":"100","t":"23:59:40","h":"Est","s":"25S-H50S100F-80-F1"},{"r":"100","t":"23:59:40","h":"Est","s":"25S-H50S200F-80-F2"},{"r":"100","t":"24:25:40","h":"Est","s":"25N-H50N000A-80-A"},{"r":"100","t":"24:25:40","h":"Est","s":"25N-H50N000A-90-A"},{"r":"100","t":"24:25:40","h":"Est","s":"25N-H50NV10A-90-A"},{"r":"100","t":"24:25:40","h":"Est","s":"25N-H50NV20A-90-A"},{"r":"100","t":"24:25:40","h":"Est","s":"25S-H50S000A-81-A"},{"r":"100","t":"24:29:40","h":"Est","s":"25N-H50N000I-80-I"},{"r":"100","t":"24:29:40","h":"Est","s":"25N-H50N000I-90-I"},{"r":"100","t":"24:29:40","h":"Est","s":"25N-H50N100F-90-F1"},{"r":"100","t":"24:29:40","h":"Est","s":"25N-H50N200F-90-F2"},{"r":"100","t":"24:29:40","h":"Est","s":"25N-H50N300F-90-F3"},{"r":"100","t":"24:29:40","h":"Est","s":"25N-H50N400F-90-F4"},{"r":"100","t":"24:29:40","h":"Est","s":"25N-H50NV10I-90-I"},{"r":"100","t":"24:29:40","h":"Est","s":"25N-H50NV20I-90-I"},{"r":"100","t":"24:29:40","h":"Est","s":"25S-H50S000I-81-I"},{"r":"100","t":"24:29:40","h":"Est","s":"25S-H50S100F-80-F1"},{"r":"100","t":"24:29:40","h":"Est","s":"25S-H50S200F-80-F2"},{"r":"100","t":"24:30:40","h":"Est","s":"25N-H50N000S-80-S"},{"r":"100","t":"24:30:40","h":"Est","s":"25N-H50N000S-90-S"},{"r":"100","t":"24:30:40","h":"Est","s":"25N-H50NV10S-90-S"},{"r":"100","t":"24:30:40","h":"Est","s":"25N-H50NV20S-90-S"},{"r":"100","t":"24:30:40","h":"Est","s":"25S-H50S000S-81-S"},{"r":"100","t":"24:59:40","h":"Est","s":"25N-H50N000A-80-A"},{"r":"100","t":"24:59:40","h":"Est","s":"25N-H50N000A-90-A"},{"r":"100","t":"24:59:40","h":"Est","s":"25N-H50N000S-80-S"},{"r":"100","t":"24:59:40","h":"Est","s":"25N-H50N000S-90-S"},{"r":"100","t":"24:59:40","h":"Est","s":"25N-H50NV10A-90-A"},{"r":"100","t":"24:59:40","h":"Est","s":"25N-H50NV10S-90-S"},{"r":"100","t":"24:59:40","h":"Est","s":"25N-H50NV20A-90-A"},{"r":"100","t":"24:59:40","h":"Est","s":"25N-H50NV20S-90-S"},{"r":"100","t":"24:59:40","h":"Est","s":"25S-H50S000A-81-A"},{"r":"100","t":"24:59:40","h":"Est","s":"25S-H50S000S-81-S"},{"r":"100","t":"25:02:40","h":"Est","s":"25N-H50N000I-80-I"},{"r":"100","t":"25:02:40","h":"Est","s":"25N-H50N000I-90-I"},{"r":"100","t":"25:02:40","h":"Est","s":"25N-H50N100F-90-F1"},{"r":"100","t":"25:02:40","h":"Est","s":"25N-H50N200F-90-F2"},{"r":"100","t":"25:02:40","h":"Est","s":"25N-H50N300F-90-F3"},{"r":"100","t":"25:02:40","h":"Est","s":"25N-H50N400F-90-F4"},{"r":"100","t":"25:02:40","h":"Est","s":"25N-H50NV10I-90-I"},{"r":"100","t":"25:02:40","h":"Est","s":"25N-H50NV20I-90-I"},{"r":"100","t":"25:02:40","h":"Est","s":"25S-H50S000I-81-I"},{"r":"100","t":"25:02:40","h":"Est","s":"25S-H50S100F-80-F1"},{"r":"100","t":"25:02:40","h":"Est","s":"25S-H50S200F-80-F2"},{"r":"100","t":"25:35:40","h":"Est","s":"25N-H50N000S-80-S"},{"r":"100","t":"25:35:40","h":"Est","s":"25N-H50N000S-90-S"},{"r":"100","t":"25:35:40","h":"Est","s":"25N-H50NV10S-90-S"},{"r":"100","t":"25:35:40","h":"Est","s":"25N-H50NV20S-90-S"},{"r":"100","t":"25:35:40","h":"Est","s":"25S-H50S000S-81-S"},{"r":"100","t":"25:37:40","h":"Est","s":"25N-H50N000A-80-A"},{"r":"100","t":"25:37:40","h":"Est","s":"25N-H50N000A-90-A"},{"r":"100","t":"25:37:40","h":"Est","s":"25N-H50N000I-80-I"},{"r":"100","t":"25:37:40","h":"Est","s":"25N-H50N000I-90-I"},{"r":"100","t":"25:37:40","h":"Est","s":"25N-H50N100F-90-F1"},{"r":"100","t":"25:37:40","h":"Est","s":"25N-H50N200F-90-F2"},{"r":"100","t":"25:37:40","h":"Est","s":"25N-H50N300F-90-F3"},{"r":"100","t":"25:37:40","h":"Est","s":"25N-H50N400F-90-F4"},{"r":"100","t":"25:37:40","h":"Est","s":"25N-H50NV10A-90-A"},{"r":"100","t":"25:37:40","h":"Est","s":"25N-H50NV10I-90-I"},{"r":"100","t":"25:37:40","h":"Est","s":"25N-H50NV20A-90-A"},{"r":"100","t":"25:37:40","h":"Est","s":"25N-H50NV20I-90-I"},{"r":"100","t":"25:37:40","h":"Est","s":"25S-H50S000A-81-A"},{"r":"100","t":"25:37:40","h":"Est","s":"25S-H50S000I-81-I"},{"r":"100","t":"25:37:40","h":"Est","s":"25S-H50S100F-80-F1"},{"r":"100","t":"25:37:40","h":"Est","s":"25S-H50S200F-80-F2"}]