[{"r":"162","t":"06:10:44","h":"Ouest","s":"25N-H50N000A-80-A"},{"r":"162","t":"06:10:44","h":"Ouest","s":"25N-H50N000A-90-A"},{"r":"162","t":"06:10:44","h":"Ouest","s":"25N-H50N000I-80-I"},{"r":"162","t":"06:10:44","h":"Ouest","s":"25N-H50N000I-90-I"},{"r":"162","t":"06:10:44","h":"Ouest","s":"25N-H50N100F-90-F1"},{"r":"162","t":"06:10:44","h":"Ouest","s":"25N-H50N200F-90-F2"},{"r":"162","t":"06:10:44","h":"Ouest","s":"25N-H50N300F-90-F3"},{"r":"162","t":"06:10:44","h":"Ouest","s":"25N-H50N400F-90-F4"},{"r":"162","t":"06:10:44","h":"Ouest","s":"25N-H50NV10A-90-A"},{"r":"162","t":"06:10:44","h":"Ouest","s":"25N-H50NV10I-90-I"},{"r":"162","t":"06:10:44","h":"Ouest","s":"25N-H50NV20A-90-A"},{"r":"162","t":"06:10:44","h":"Ouest","s":"25N-H50NV20I-90-I"},{"r":"162","t":"06:10:44","h":"Ouest","s":"25S-H50S000A-81-A"},{"r":"162","t":"06:10:44","h":"Ouest","s":"25S-H50S000I-81-I"},{"r":"162","t":"06:10:44","h":"Ouest","s":"25S-H50S100F-80-F1"},{"r":"162","t":"06:10:44","h":"Ouest","s":"25S-H50S200F-80-F2"},{"r":"162","t":"06:28:44","h":"Ouest","s":"25N-H50N000S-80-S"},{"r":"162","t":"06:28:44","h":"Ouest","s":"25N-H50N000S-90-S"},{"r":"162","t":"06:28:44","h":"Ouest","s":"25N-H50NV10S-90-S"},{"r":"162","t":"06:28:44","h":"Ouest","s":"25N-H50NV20S-90-S"},{"r":"162","t":"06:28:44","h":"Ouest","s":"25S-H50S000S-81-S"},{"r":"162","t":"06:39:44","h":"Ouest","s":"25N-H50N000A-80-A"},{"r":"162","t":"06:39:44","h":"Ouest","s":"25N-H50N000A-90-A"},{"r":"162","t":"06:39:44","h":"Ouest","s":"25N-H50N000I-80-I"},{"r":"162","t":"06:39:44","h":"Ouest","s":"25N-H50N000I-90-I"},{"r":"162","t":"06:39:44","h":"Ouest","s":"25N-H50N100F-90-F1"},{"r":"162","t":"06:39:44","h":"Ouest","s":"25N-H50N200F-90-F2"},{"r":"162","t":"06:39:44","h":"Ouest","s":"25N-H50N300F-90-F3"},{"r":"162","t":"06:39:44","h":"Ouest","s":"25N-H50N400F-90-F4"},{"r":"162","t":"06:39:44","h":"Ouest","s":"25N-H50NV10A-90-A"},{"r":"162","t":"06:39:44","h":"Ouest","s":"25N-H50NV10I-90-I"},{"r":"162","t":"06:39:44","h":"Ouest","s":"25N-H50NV20A-90-A"},{"r":"162","t":"06:39:44","h":"Ouest","s":"25N-H50NV20I-90-I"},{"r":"162","t":"06:39:44","h":"Ouest","s":"25S-H50S000A-81-A"},{"r":"162","t":"06:39:44","h":"Ouest","s":"25S-H50S000I-81-I"},{"r":"162","t":"06:39:44","h":"Ouest","s":"25S-H50S100F-80-F1"},{"r":"162","t":"06:39:44","h":"Ouest","s":"25S-H50S200F-80-F2"},{"r":"162","t":"06:59:44","h":"Ouest","s":"25N-H50N000S-80-S"},{"r":"162","t":"06:59:44","h":"Ouest","s":"25N-H50N000S-90-S"},{"r":"162","t":"06:59:44","h":"Ouest","s":"25N-H50NV10S-90-S"},{"r":"162","t":"06:59:44","h":"Ouest","s":"25N-H50NV20S-90-S"},{"r":"162","t":"06:59:44","h":"Ouest","s":"25S-H50S000S-81-S"},{"r":"162","t":"07:07:44","h":"Ouest","s":"25N-H50N000A-80-A"},{"r":"162","t":"07:07:44","h":"Ouest","s":"25N-H50N000A-90-A"},{"r":"162","t":"07:07:44","h":"Ouest","s":"25N-H50NV10A-90-A"},{"r":"162","t":"07:07:44","h":"Ouest","s":"25N-H50NV20A-90-A"},{"r":"162","t":"07:07:44","h":"Ouest","s":"25S-H50S000A-81-A"},{"r":"162","t":"07:08:44","h":"Ouest","s":"25N-H50N000I-80-I"},{"r":"162","t":"07:08:44","h":"Ouest","s":"25N-H50N000I-90-I"},{"r":"162","t":"07:08:44","h":"Ouest","s":"25N-H50N100F-90-F1"},{"r":"162","t":"07:08:44","h":"Ouest","s":"25N-H50N200F-90-F2"},{"r":"162","t":"07:08:44","h":"Ouest","s":"25N-H50N300F-90-F3"},{"r":"162","t":"07:08:44","h":"Ouest","s":"25N-H50N400F-90-F4"},{"r":"162","t":"07:08:44","h":"Ouest","s":"25N-H50NV10I-90-I"},{"r":"162","t":"07:08:44","h":"Ouest","s":"25N-H50NV20I-90-I"},{"r":"162","t":"07:08:44","h":"Ouest","s":"25S-H50S000I-81-I"},{"r":"162","t":"07:08:44","h":"Ouest","s":"25S-H50S100F-80-F1"},{"r":"162","t":"07:08:44","h":"Ouest","s":"25S-H50S200F-80-F2"},{"r":"162","t":"07:32:14","h":"Ouest","s":"25N-H50N000S-80-S"},{"r":"162","t":"07:32:14","h":"Ouest","s":"25N-H50N000S-90-S"},{"r":"162","t":"07:32:14","h":"Ouest","s":"25N-H50NV10S-90-S"},{"r":"162","t":"07:32:14","h":"Ouest","s":"25N-H50NV20S-90-S"},{"r":"162","t":"07:32:14","h":"Ouest","s":"25S-H50S000S-81-S"},{"r":"162","t":"07:36:44","h":"Ouest","s":"25N-H50N000A-80-A"},{"r":"162","t":"07:36:44","h":"Ouest","s":"25N-H50N000A-90-A"},{"r":"162","t":"07:36:44","h":"Ouest","s":"25N-H50NV10A-90-A"},{"r":"162","t":"07:36:44","h":"Ouest","s":"25N-H50NV20A-90-A"},{"r":"162","t":"07:36:44","h":"Ouest","s":"25S-H50S000A-81-A"},{"r":"162","t":"07:38:44","h":"Ouest","s":"25N-H50N000I-80-I"},{"r":"162","t":"07:38:44","h":"Ouest","s":"25N-H50N000I-90-I"},{"r":"162","t":"07:38:44","h":"Ouest","s":"25N-H50N100F-90-F1"},{"r":"162","t":"07:38:44","h":"Ouest","s":"25N-H50N200F-90-F2"},{"r":"162","t":"07:38:44","h":"Ouest","s":"25N-H50N300F-90-F3"},{"r":"162","t":"07:38:44","h":"Ouest","s":"25N-H50N400F-90-F4"},{"r":"162","t":"07:38:44","h":"Ouest","s":"25N-H50NV10I-90-I"},{"r":"162","t":"07:38:44","h":"Ouest","s":"25N-H50NV20I-90-I"},{"r":"162","t":"07:38:44","h":"Ouest","s":"25S-H50S000I-81-I"},{"r":"162","t":"07:38:44","h":"Ouest","s":"25S-H50S100F-80-F1"},{"r":"162","t":"07:38:44","h":"Ouest","s":"25S-H50S200F-80-F2"},{"r":"162","t":"08:06:44","h":"Ouest","s":"25N-H50N000A-80-A"},{"r":"162","t":"08:06:44","h":"Ouest","s":"25N-H50N000A-90-A"},{"r":"162","t":"08:06:44","h":"Ouest","s":"25N-H50NV10A-90-A"},{"r":"162","t":"08:06:44","h":"Ouest","s":"25N-H50NV20A-90-A"},{"r":"162","t":"08:06:44","h":"Ouest","s":"25S-H50S000A-81-A"},{"r":"162","t":"08:07:14","h":"Ouest","s":"25N-H50N000S-80-S"},{"r":"162","t":"08:07:14","h":"Ouest","s":"25N-H50N000S-90-S"},{"r":"162","t":"08:07:14","h":"Ouest","s":"25N-H50NV10S-90-S"},{"r":"162","t":"08:07:14","h":"Ouest","s":"25N-H50NV20S-90-S"},{"r":"162","t":"08:07:14","h":"Ouest","s":"25S-H50S000S-81-S"},{"r":"162","t":"08:08:44","h":"Ouest","s":"25N-H50N000I-80-I"},{"r":"162","t":"08:08:44","h":"Ouest","s":"25N-H50N000I-90-I"},{"r":"162","t":"08:08:44","h":"Ouest","s":"25N-H50N100F-90-F1"},{"r":"162","t":"08:08:44","h":"Ouest","s":"25N-H50N200F-90-F2"},{"r":"162","t":"08:08:44","h":"Ouest","s":"25N-H50N300F-90-F3"},{"r":"162","t":"08:08:44","h":"Ouest","s":"25N-H50N400F-90-F4"},{"r":"162","t":"08:08:44","h":"Ouest","s":"25N-H50NV10I-90-I"},{"r":"162","t":"08:08:44","h":"Ouest","s":"25N-H50NV20I-90-I"},{"r":"162","t":"08:08:44","h":"Ouest","s":"25S-H50S000I-81-I"},{"r":"162","t":"08:08:44","h":"Ouest","s":"25S-H50S100F-80-F1"},{"r":"162","t":"08:08:44","h":"Ouest","s":"25S-H50S200F-80-F2"},{"r":"162","t":"08:36:44","h":"Ouest","s":"25N-H50N000A-80-A"},{"r":"162","t":"08:36:44","h":"Ouest","s":"25N-H50N000A-90-A"},{"r":"162","t":"08:36:44","h":"Ouest","s":"25N-H50NV10A-90-A"},{"r":"162","t":"08:36:44","h":"Ouest","s":"25N-H50NV20A-90-A"},{"r":"162","t":"08:36:44","h":"Ouest","s":"25S-H50S000A-81-A"},{"r":"162","t":"08:38:52","h":"Ouest","s":"25N-H50N000S-80-S"},{"r":"162","t":"08:38:52","h":"Ouest","s":"25N-H50N000S-90-S"},{"r":"162","t":"08:38:52","h":"Ouest","s":"25N-H50NV10S-90-S"},{"r":"162","t":"08:38:52","h":"Ouest","s":"25N-H50NV20S-90-S"},{"r":"162","t":"08:38:52","h":"Ouest","s":"25S-H50S000S-81-S"},{"r":"162","t":"08:40:44","h":"Ouest","s":"25N-H50N000I-80-I"},{"r":"162","t":"08:40:44","h":"Ouest","s":"25N-H50N000I-90-I"},{"r":"162","t":"08:40:44","h":"Ouest","s":"25N-H50N100F-90-F1"},{"r":"162","t":"08:40:44","h":"Ouest","s":"25N-H50N200F-90-F2"},{"r":"162","t":"08:40:44","h":"Ouest","s":"25N-H50N300F-90-F3"},{"r":"162","t":"08:40:44","h":"Ouest","s":"25N-H50N400F-90-F4"},{"r":"162","t":"08:40:44","h":"Ouest","s":"25N-H50NV10I-90-I"},{"r":"162","t":"08:40:44","h":"Ouest","s":"25N-H50NV20I-90-I"},{"r":"162","t":"08:40:44","h":"Ouest","s":"25S-H50S000I-81-I"},{"r":"162","t":"08:40:44","h":"Ouest","s":"25S-H50S100F-80-F1"},{"r":"162","t":"08:40:44","h":"Ouest","s":"25S-H50S200F-80-F2"},{"r":"162","t":"09:08:44","h":"Ouest","s":"25N-H50N000A-80-A"},{"r":"162","t":"09:08:44","h":"Ouest","s":"25N-H50N000A-90-A"},{"r":"162","t":"09:08:44","h":"Ouest","s":"25N-H50NV10A-90-A"},{"r":"162","t":"09:08:44","h":"Ouest","s":"25N-H50NV20A-90-A"},{"r":"162","t":"09:08:44","h":"Ouest","s":"25S-H50S000A-81-A"},{"r":"162","t":"09:08:52","h":"Ouest","s":"25N-H50N000S-80-S"},{"r":"162","t":"09:08:52","h":"Ouest","s":"25N-H50N000S-90-S"},{"r":"162","t":"09:08:52","h":"Ouest","s":"25N-H50NV10S-90-S"},{"r":"162","t":"09:08:52","h":"Ouest","s":"25N-H50NV20S-90-S"},{"r":"162","t":"09:08:52","h":"Ouest","s":"25S-H50S000S-81-S"},{"r":"162","t":"09:12:44","h":"Ouest","s":"25N-H50N000I-80-I"},{"r":"162","t":"09:12:44","h":"Ouest","s":"25N-H50N000I-90-I"},{"r":"162","t":"09:12:44","h":"Ouest","s":"25N-H50N100F-90-F1"},{"r":"162","t":"09:12:44","h":"Ouest","s":"25N-H50N200F-90-F2"},{"r":"162","t":"09:12:44","h":"Ouest","s":"25N-H50N300F-90-F3"},{"r":"162","t":"09:12:44","h":"Ouest","s":"25N-H50N400F-90-F4"},{"r":"162","t":"09:12:44","h":"Ouest","s":"25N-H50NV10I-90-I"},{"r":"162","t":"09:12:44","h":"Ouest","s":"25N-H50NV20I-90-I"},{"r":"162","t":"09:12:44","h":"Ouest","s":"25S-H50S000I-81-I"},{"r":"162","t":"09:12:44","h":"Ouest","s":"25S-H50S100F-80-F1"},{"r":"162","t":"09:12:44","h":"Ouest","s":"25S-H50S200F-80-F2"},{"r":"162","t":"09:38:52","h":"Ouest","s":"25N-H50N000S-80-S"},{"r":"162","t":"09:38:52","h":"Ouest","s":"25N-H50N000S-90-S"},{"r":"162","t":"09:38:52","h":"Ouest","s":"25N-H50NV10S-90-S"},{"r":"162","t":"09:38:52","h":"Ouest","s":"25N-H50NV20S-90-S"},{"r":"162","t":"09:38:52","h":"Ouest","s":"25S-H50S000S-81-S"},{"r":"162","t":"09:40:44","h":"Ouest","s":"25N-H50N000A-80-A"},{"r":"162","t":"09:40:44","h":"Ouest","s":"25N-H50N000A-90-A"},{"r":"162","t":"09:40:44","h":"Ouest","s":"25N-H50NV10A-90-A"},{"r":"162","t":"09:40:44","h":"Ouest","s":"25N-H50NV20A-90-A"},{"r":"162","t":"09:40:44","h":"Ouest","s":"25S-H50S000A-81-A"},{"r":"162","t":"09:45:44","h":"Ouest","s":"25N-H50N000I-80-I"},{"r":"162","t":"09:45:44","h":"Ouest","s":"25N-H50N000I-90-I"},{"r":"162","t":"09:45:44","h":"Ouest","s":"25N-H50N100F-90-F1"},{"r":"162","t":"09:45:44","h":"Ouest","s":"25N-H50N200F-90-F2"},{"r":"162","t":"09:45:44","h":"Ouest","s":"25N-H50N300F-90-F3"},{"r":"162","t":"09:45:44","h":"Ouest","s":"25N-H50N400F-90-F4"},{"r":"162","t":"09:45:44","h":"Ouest","s":"25N-H50NV10I-90-I"},{"r":"162","t":"09:45:44","h":"Ouest","s":"25N-H50NV20I-90-I"},{"r":"162","t":"09:45:44","h":"Ouest","s":"25S-H50S000I-81-I"},{"r":"162","t":"09:45:44","h":"Ouest","s":"25S-H50S100F-80-F1"},{"r":"162","t":"09:45:44","h":"Ouest","s":"25S-H50S200F-80-F2"},{"r":"162","t":"10:09:52","h":"Ouest","s":"25N-H50N000S-80-S"},{"r":"162","t":"10:09:52","h":"Ouest","s":"25N-H50N000S-90-S"},{"r":"162","t":"10:09:52","h":"Ouest","s":"25N-H50NV10S-90-S"},{"r":"162","t":"10:09:52","h":"Ouest","s":"25N-H50NV20S-90-S"},{"r":"162","t":"10:09:52","h":"Ouest","s":"25S-H50S000S-81-S"},{"r":"162","t":"10:14:44","h":"Ouest","s":"25N-H50N000A-80-A"},{"r":"162","t":"10:14:44","h":"Ouest","s":"25N-H50N000A-90-A"},{"r":"162","t":"10:14:44","h":"Ouest","s":"25N-H50NV10A-90-A"},{"r":"162","t":"10:14:44","h":"Ouest","s":"25N-H50NV20A-90-A"},{"r":"162","t":"10:14:44","h":"Ouest","s":"25S-H50S000A-81-A"},{"r":"162","t":"10:17:44","h":"Ouest","s":"25N-H50N000I-80-I"},{"r":"162","t":"10:17:44","h":"Ouest","s":"25N-H50N000I-90-I"},{"r":"162","t":"10:17:44","h":"Ouest","s":"25N-H50N100F-90-F1"},{"r":"162","t":"10:17:44","h":"Ouest","s":"25N-H50N200F-90-F2"},{"r":"162","t":"10:17:44","h":"Ouest","s":"25N-H50N300F-90-F3"},{"r":"162","t":"10:17:44","h":"Ouest","s":"25N-H50N400F-90-F4"},{"r":"162","t":"10:17:44","h":"Ouest","s":"25N-H50NV10I-90-I"},{"r":"162","t":"10:17:44","h":"Ouest","s":"25N-H50NV20I-90-I"},{"r":"162","t":"10:17:44","h":"Ouest","s":"25S-H50S000I-81-I"},{"r":"162","t":"10:17:44","h":"Ouest","s":"25S-H50S100F-80-F1"},{"r":"162","t":"10:17:44","h":"Ouest","s":"25S-H50S200F-80-F2"},{"r":"162","t":"10:39:52","h":"Ouest","s":"25N-H50N000S-80-S"},{"r":"162","t":"10:39:52","h":"Ouest","s":"25N-H50N000S-90-S"},{"r":"162","t":"10:39:52","h":"Ouest","s":"25N-H50NV10S-90-S"},{"r":"162","t":"10:39:52","h":"Ouest","s":"25N-H50NV20S-90-S"},{"r":"162","t":"10:39:52","h":"Ouest","s":"25S-H50S000S-81-S"},{"r":"162","t":"10:47:44","h":"Ouest","s":"25N-H50N000A-80-A"},{"r":"162","t":"10:47:44","h":"Ouest","s":"25N-H50N000A-90-A"},{"r":"162","t":"10:47:44","h":"Ouest","s":"25N-H50NV10A-90-A"},{"r":"162","t":"10:47:44","h":"Ouest","s":"25N-H50NV20A-90-A"},{"r":"162","t":"10:47:44","h":"Ouest","s":"25S-H50S000A-81-A"},{"r":"162","t":"10:50:44","h":"Ouest","s":"25N-H50N000I-80-I"},{"r":"162","t":"10:50:44","h":"Ouest","s":"25N-H50N000I-90-I"},{"r":"162","t":"10:50:44","h":"Ouest","s":"25N-H50N100F-90-F1"},{"r":"162","t":"10:50:44","h":"Ouest","s":"25N-H50N200F-90-F2"},{"r":"162","t":"10:50:44","h":"Ouest","s":"25N-H50N300F-90-F3"},{"r":"162","t":"10:50:44","h":"Ouest","s":"25N-H50N400F-90-F4"},{"r":"162","t":"10:50:44","h":"Ouest","s":"25N-H50NV10I-90-I"},{"r":"162","t":"10:50:44","h":"Ouest","s":"25N-H50NV20I-90-I"},{"r":"162","t":"10:50:44","h":"Ouest","s":"25S-H50S000I-81-I"},{"r":"162","t":"10:50:44","h":"Ouest","s":"25S-H50S100F-80-F1"},{"r":"162","t":"10:50:44","h":"Ouest","s":"25S-H50S200F-80-F2"},{"r":"162","t":"11:09:52","h":"Ouest","s":"25N-H50N000S-80-S"},{"r":"162","t":"11:09:52","h":"Ouest","s":"25N-H50N000S-90-S"},{"r":"162","t":"11:09:52","h":"Ouest","s":"25N-H50NV10S-90-S"},{"r":"162","t":"11:09:52","h":"Ouest","s":"25N-H50NV20S-90-S"},{"r":"162","t":"11:09:52","h":"Ouest","s":"25S-H50S000S-81-S"},{"r":"162","t":"11:19:44","h":"Ouest","s":"25N-H50N000A-80-A"},{"r":"162","t":"11:19:44","h":"Ouest","s":"25N-H50N000A-90-A"},{"r":"162","t":"11:19:44","h":"Ouest","s":"25N-H50NV10A-90-A"},{"r":"162","t":"11:19:44","h":"Ouest","s":"25N-H50NV20A-90-A"},{"r":"162","t":"11:19:44","h":"Ouest","s":"25S-H50S000A-81-A"},{"r":"162","t":"11:21:52","h":"Ouest","s":"25N-H50N000I-80-I"},{"r":"162","t":"11:21:52","h":"Ouest","s":"25N-H50N000I-90-I"},{"r":"162","t":"11:21:52","h":"Ouest","s":"25N-H50N100F-90-F1"},{"r":"162","t":"11:21:52","h":"Ouest","s":"25N-H50N200F-90-F2"},{"r":"162","t":"11:21:52","h":"Ouest","s":"25N-H50N300F-90-F3"},{"r":"162","t":"11:21:52","h":"Ouest","s":"25N-H50N400F-90-F4"},{"r":"162","t":"11:21:52","h":"Ouest","s":"25N-H50NV10I-90-I"},{"r":"162","t":"11:21:52","h":"Ouest","s":"25N-H50NV20I-90-I"},{"r":"162","t":"11:21:52","h":"Ouest","s":"25S-H50S000I-81-I"},{"r":"162","t":"11:21:52","h":"Ouest","s":"25S-H50S100F-80-F1"},{"r":"162","t":"11:21:52","h":"Ouest","s":"25S-H50S200F-80-F2"},{"r":"162","t":"11:39:52","h":"Ouest","s":"25N-H50N000S-80-S"},{"r":"162","t":"11:39:52","h":"Ouest","s":"25N-H50N000S-90-S"},{"r":"162","t":"11:39:52","h":"Ouest","s":"25N-H50NV10S-90-S"},{"r":"162","t":"11:39:52","h":"Ouest","s":"25N-H50NV20S-90-S"},{"r":"162","t":"11:39:52","h":"Ouest","s":"25S-H50S000S-81-S"},{"r":"162","t":"11:49:44","h":"Ouest","s":"25N-H50N000A-80-A"},{"r":"162","t":"11:49:44","h":"Ouest","s":"25N-H50N000A-90-A"},{"r":"162","t":"11:49:44","h":"Ouest","s":"25N-H50NV10A-90-A"},{"r":"162","t":"11:49:44","h":"Ouest","s":"25N-H50NV20A-90-A"},{"r":"162","t":"11:49:44","h":"Ouest","s":"25S-H50S000A-81-A"},{"r":"162","t":"11:52:52","h":"Ouest","s":"25N-H50N000I-80-I"},{"r":"162","t":"11:52:52","h":"Ouest","s":"25N-H50N000I-90-I"},{"r":"162","t":"11:52:52","h":"Ouest","s":"25N-H50N100F-90-F1"},{"r":"162","t":"11:52:52","h":"Ouest","s":"25N-H50N200F-90-F2"},{"r":"162","t":"11:52:52","h":"Ouest","s":"25N-H50N300F-90-F3"},{"r":"162","t":"11:52:52","h":"Ouest","s":"25N-H50N400F-90-F4"},{"r":"162","t":"11:52:52","h":"Ouest","s":"25N-H50NV10I-90-I"},{"r":"162","t":"11:52:52","h":"Ouest","s":"25N-H50NV20I-90-I"},{"r":"162","t":"11:52:52","h":"Ouest","s":"25S-H50S000I-81-I"},{"r":"162","t":"11:52:52","h":"Ouest","s":"25S-H50S100F-80-F1"},{"r":"162","t":"11:52:52","h":"Ouest","s":"25S-H50S200F-80-F2"},{"r":"162","t":"12:10:59","h":"Ouest","s":"25N-H50N000S-80-S"},{"r":"162","t":"12:10:59","h":"Ouest","s":"25N-H50N000S-90-S"},{"r":"162","t":"12:10:59","h":"Ouest","s":"25N-H50NV10S-90-S"},{"r":"162","t":"12:10:59","h":"Ouest","s":"25N-H50NV20S-90-S"},{"r":"162","t":"12:10:59","h":"Ouest","s":"25S-H50S000S-81-S"},{"r":"162","t":"12:17:44","h":"Ouest","s":"25N-H50N000A-80-A"},{"r":"162","t":"12:17:44","h":"Ouest","s":"25N-H50N000A-90-A"},{"r":"162","t":"12:17:44","h":"Ouest","s":"25N-H50NV10A-90-A"},{"r":"162","t":"12:17:44","h":"Ouest","s":"25N-H50NV20A-90-A"},{"r":"162","t":"12:17:44","h":"Ouest","s":"25S-H50S000A-81-A"},{"r":"162","t":"12:23:52","h":"Ouest","s":"25N-H50N000I-80-I"},{"r":"162","t":"12:23:52","h":"Ouest","s":"25N-H50N000I-90-I"},{"r":"162","t":"12:23:52","h":"Ouest","s":"25N-H50N100F-90-F1"},{"r":"162","t":"12:23:52","h":"Ouest","s":"25N-H50N200F-90-F2"},{"r":"162","t":"12:23:52","h":"Ouest","s":"25N-H50N300F-90-F3"},{"r":"162","t":"12:23:52","h":"Ouest","s":"25N-H50N400F-90-F4"},{"r":"162","t":"12:23:52","h":"Ouest","s":"25N-H50NV10I-90-I"},{"r":"162","t":"12:23:52","h":"Ouest","s":"25N-H50NV20I-90-I"},{"r":"162","t":"12:23:52","h":"Ouest","s":"25S-H50S000I-81-I"},{"r":"162","t":"12:23:52","h":"Ouest","s":"25S-H50S100F-80-F1"},{"r":"162","t":"12:23:52","h":"Ouest","s":"25S-H50S200F-80-F2"},{"r":"162","t":"12:40:59","h":"Ouest","s":"25N-H50N000S-80-S"},{"r":"162","t":"12:40:59","h":"Ouest","s":"25N-H50N000S-90-S"},{"r":"162","t":"12:40:59","h":"Ouest","s":"25N-H50NV10S-90-S"},{"r":"162","t":"12:40:59","h":"Ouest","s":"25N-H50NV20S-90-S"},{"r":"162","t":"12:40:59","h":"Ouest","s":"25S-H50S000S-81-S"},{"r":"162","t":"12:45:52","h":"Ouest","s":"25N-H50N000A-80-A"},{"r":"162","t":"12:45:52","h":"Ouest","s":"25N-H50N000A-90-A"},{"r":"162","t":"12:45:52","h":"Ouest","s":"25N-H50NV10A-90-A"},{"r":"162","t":"12:45:52","h":"Ouest","s":"25N-H50NV20A-90-A"},{"r":"162","t":"12:45:52","h":"Ouest","s":"25S-H50S000A-81-A"},{"r":"162","t":"12:54:52","h":"Ouest","s":"25N-H50N000I-80-I"},{"r":"162","t":"12:54:52","h":"Ouest","s":"25N-H50N000I-90-I"},{"r":"162","t":"12:54:52","h":"Ouest","s":"25N-H50N100F-90-F1"},{"r":"162","t":"12:54:52","h":"Ouest","s":"25N-H50N200F-90-F2"},{"r":"162","t":"12:54:52","h":"Ouest","s":"25N-H50N300F-90-F3"},{"r":"162","t":"12:54:52","h":"Ouest","s":"25N-H50N400F-90-F4"},{"r":"162","t":"12:54:52","h":"Ouest","s":"25N-H50NV10I-90-I"},{"r":"162","t":"12:54:52","h":"Ouest","s":"25N-H50NV20I-90-I"},{"r":"162","t":"12:54:52","h":"Ouest","s":"25S-H50S000I-81-I"},{"r":"162","t":"12:54:52","h":"Ouest","s":"25S-H50S100F-80-F1"},{"r":"162","t":"12:54:52","h":"Ouest","s":"25S-H50S200F-80-F2"},{"r":"162","t":"13:10:59","h":"Ouest","s":"25N-H50N000S-80-S"},{"r":"162","t":"13:10:59","h":"Ouest","s":"25N-H50N000S-90-S"},{"r":"162","t":"13:10:59","h":"Ouest","s":"25N-H50NV10S-90-S"},{"r":"162","t":"13:10:59","h":"Ouest","s":"25N-H50NV20S-90-S"},{"r":"162","t":"13:10:59","h":"Ouest","s":"25S-H50S000S-81-S"},{"r":"162","t":"13:12:52","h":"Ouest","s":"25N-H50N000A-80-A"},{"r":"162","t":"13:12:52","h":"Ouest","s":"25N-H50N000A-90-A"},{"r":"162","t":"13:12:52","h":"Ouest","s":"25N-H50NV10A-90-A"},{"r":"162","t":"13:12:52","h":"Ouest","s":"25N-H50NV20A-90-A"},{"r":"162","t":"13:12:52","h":"Ouest","s":"25S-H50S000A-81-A"},{"r":"162","t":"13:25:52","h":"Ouest","s":"25N-H50N000I-80-I"},{"r":"162","t":"13:25:52","h":"Ouest","s":"25N-H50N000I-90-I"},{"r":"162","t":"13:25:52","h":"Ouest","s":"25N-H50N100F-90-F1"},{"r":"162","t":"13:25:52","h":"Ouest","s":"25N-H50N200F-90-F2"},{"r":"162","t":"13:25:52","h":"Ouest","s":"25N-H50N300F-90-F3"},{"r":"162","t":"13:25:52","h":"Ouest","s":"25N-H50N400F-90-F4"},{"r":"162","t":"13:25:52","h":"Ouest","s":"25N-H50NV10I-90-I"},{"r":"162","t":"13:25:52","h":"Ouest","s":"25N-H50NV20I-90-I"},{"r":"162","t":"13:25:52","h":"Ouest","s":"25S-H50S000I-81-I"},{"r":"162","t":"13:25:52","h":"Ouest","s":"25S-H50S100F-80-F1"},{"r":"162","t":"13:25:52","h":"Ouest","s":"25S-H50S200F-80-F2"},{"r":"162","t":"13:39:52","h":"Ouest","s":"25N-H50N000A-80-A"},{"r":"162","t":"13:39:52","h":"Ouest","s":"25N-H50N000A-90-A"},{"r":"162","t":"13:39:52","h":"Ouest","s":"25N-H50NV10A-90-A"},{"r":"162","t":"13:39:52","h":"Ouest","s":"25N-H50NV20A-90-A"},{"r":"162","t":"13:39:52","h":"Ouest","s":"25S-H50S000A-81-A"},{"r":"162","t":"13:40:59","h":"Ouest","s":"25N-H50N000S-80-S"},{"r":"162","t":"13:40:59","h":"Ouest","s":"25N-H50N000S-90-S"},{"r":"162","t":"13:40:59","h":"Ouest","s":"25N-H50NV10S-90-S"},{"r":"162","t":"13:40:59","h":"Ouest","s":"25N-H50NV20S-90-S"},{"r":"162","t":"13:40:59","h":"Ouest","s":"25S-H50S000S-81-S"},{"r":"162","t":"13:56:52","h":"Ouest","s":"25N-H50N000I-80-I"},{"r":"162","t":"13:56:52","h":"Ouest","s":"25N-H50N000I-90-I"},{"r":"162","t":"13:56:52","h":"Ouest","s":"25N-H50N100F-90-F1"},{"r":"162","t":"13:56:52","h":"Ouest","s":"25N-H50N200F-90-F2"},{"r":"162","t":"13:56:52","h":"Ouest","s":"25N-H50N300F-90-F3"},{"r":"162","t":"13:56:52","h":"Ouest","s":"25N-H50N400F-90-F4"},{"r":"162","t":"13:56:52","h":"Ouest","s":"25N-H50NV10I-90-I"},{"r":"162","t":"13:56:52","h":"Ouest","s":"25N-H50NV20I-90-I"},{"r":"162","t":"13:56:52","h":"Ouest","s":"25S-H50S000I-81-I"},{"r":"162","t":"13:56:52","h":"Ouest","s":"25S-H50S100F-80-F1"},{"r":"162","t":"13:56:52","h":"Ouest","s":"25S-H50S200F-80-F2"},{"r":"162","t":"14:06:52","h":"Ouest","s":"25N-H50N000A-80-A"},{"r":"162","t":"14:06:52","h":"Ouest","s":"25N-H50N000A-90-A"},{"r":"162","t":"14:06:52","h":"Ouest","s":"25N-H50NV10A-90-A"},{"r":"162","t":"14:06:52","h":"Ouest","s":"25N-H50NV20A-90-A"},{"r":"162","t":"14:06:52","h":"Ouest","s":"25S-H50S000A-81-A"},{"r":"162","t":"14:10:59","h":"Ouest","s":"25N-H50N000S-80-S"},{"r":"162","t":"14:10:59","h":"Ouest","s":"25N-H50N000S-90-S"},{"r":"162","t":"14:10:59","h":"Ouest","s":"25N-H50NV10S-90-S"},{"r":"162","t":"14:10:59","h":"Ouest","s":"25N-H50NV20S-90-S"},{"r":"162","t":"14:10:59","h":"Ouest","s":"25S-H50S000S-81-S"},{"r":"162","t":"14:28:52","h":"Ouest","s":"25N-H50N000I-80-I"},{"r":"162","t":"14:28:52","h":"Ouest","s":"25N-H50N000I-90-I"},{"r":"162","t":"14:28:52","h":"Ouest","s":"25N-H50N100F-90-F1"},{"r":"162","t":"14:28:52","h":"Ouest","s":"25N-H50N200F-90-F2"},{"r":"162","t":"14:28:52","h":"Ouest","s":"25N-H50N300F-90-F3"},{"r":"162","t":"14:28:52","h":"Ouest","s":"25N-H50N400F-90-F4"},{"r":"162","t":"14:28:52","h":"Ouest","s":"25N-H50NV10I-90-I"},{"r":"162","t":"14:28:52","h":"Ouest","s":"25N-H50NV20I-90-I"},{"r":"162","t":"14:28:52","h":"Ouest","s":"25S-H50S000I-81-I"},{"r":"162","t":"14:28:52","h":"Ouest","s":"25S-H50S100F-80-F1"},{"r":"162","t":"14:28:52","h":"Ouest","s":"25S-H50S200F-80-F2"},{"r":"162","t":"14:35:52","h":"Ouest","s":"25N-H50N000A-80-A"},{"r":"162","t":"14:35:52","h":"Ouest","s":"25N-H50N000A-90-A"},{"r":"162","t":"14:35:52","h":"Ouest","s":"25N-H50NV10A-90-A"},{"r":"162","t":"14:35:52","h":"Ouest","s":"25N-H50NV20A-90-A"},{"r":"162","t":"14:35:52","h":"Ouest","s":"25S-H50S000A-81-A"},{"r":"162","t":"14:40:59","h":"Ouest","s":"25N-H50N000S-80-S"},{"r":"162","t":"14:40:59","h":"Ouest","s":"25N-H50N000S-90-S"},{"r":"162","t":"14:40:59","h":"Ouest","s":"25N-H50NV10S-90-S"},{"r":"162","t":"14:40:59","h":"Ouest","s":"25N-H50NV20S-90-S"},{"r":"162","t":"14:40:59","h":"Ouest","s":"25S-H50S000S-81-S"},{"r":"162","t":"15:00:52","h":"Ouest","s":"25N-H50N000I-80-I"},{"r":"162","t":"15:00:52","h":"Ouest","s":"25N-H50N000I-90-I"},{"r":"162","t":"15:00:52","h":"Ouest","s":"25N-H50N100F-90-F1"},{"r":"162","t":"15:00:52","h":"Ouest","s":"25N-H50N200F-90-F2"},{"r":"162","t":"15:00:52","h":"Ouest","s":"25N-H50N300F-90-F3"},{"r":"162","t":"15:00:52","h":"Ouest","s":"25N-H50N400F-90-F4"},{"r":"162","t":"15:00:52","h":"Ouest","s":"25N-H50NV10I-90-I"},{"r":"162","t":"15:00:52","h":"Ouest","s":"25N-H50NV20I-90-I"},{"r":"162","t":"15:00:52","h":"Ouest","s":"25S-H50S000I-81-I"},{"r":"162","t":"15:00:52","h":"Ouest","s":"25S-H50S100F-80-F1"},{"r":"162","t":"15:00:52","h":"Ouest","s":"25S-H50S200F-80-F2"},{"r":"162","t":"15:04:44","h":"Ouest","s":"25N-H50N000A-80-A"},{"r":"162","t":"15:04:44","h":"Ouest","s":"25N-H50N000A-90-A"},{"r":"162","t":"15:04:44","h":"Ouest","s":"25N-H50NV10A-90-A"},{"r":"162","t":"15:04:44","h":"Ouest","s":"25N-H50NV20A-90-A"},{"r":"162","t":"15:04:44","h":"Ouest","s":"25S-H50S000A-81-A"},{"r":"162","t":"15:13:59","h":"Ouest","s":"25N-H50N000S-80-S"},{"r":"162","t":"15:13:59","h":"Ouest","s":"25N-H50N000S-90-S"},{"r":"162","t":"15:13:59","h":"Ouest","s":"25N-H50NV10S-90-S"},{"r":"162","t":"15:13:59","h":"Ouest","s":"25N-H50NV20S-90-S"},{"r":"162","t":"15:13:59","h":"Ouest","s":"25S-H50S000S-81-S"},{"r":"162","t":"15:33:44","h":"Ouest","s":"25N-H50N000A-80-A"},{"r":"162","t":"15:33:44","h":"Ouest","s":"25N-H50N000A-90-A"},{"r":"162","t":"15:33:44","h":"Ouest","s":"25N-H50NV10A-90-A"},{"r":"162","t":"15:33:44","h":"Ouest","s":"25N-H50NV20A-90-A"},{"r":"162","t":"15:33:44","h":"Ouest","s":"25S-H50S000A-81-A"},{"r":"162","t":"15:33:52","h":"Ouest","s":"25N-H50N000I-80-I"},{"r":"162","t":"15:33:52","h":"Ouest","s":"25N-H50N000I-90-I"},{"r":"162","t":"15:33:52","h":"Ouest","s":"25N-H50N100F-90-F1"},{"r":"162","t":"15:33:52","h":"Ouest","s":"25N-H50N200F-90-F2"},{"r":"162","t":"15:33:52","h":"Ouest","s":"25N-H50N300F-90-F3"},{"r":"162","t":"15:33:52","h":"Ouest","s":"25N-H50N400F-90-F4"},{"r":"162","t":"15:33:52","h":"Ouest","s":"25N-H50NV10I-90-I"},{"r":"162","t":"15:33:52","h":"Ouest","s":"25N-H50NV20I-90-I"},{"r":"162","t":"15:33:52","h":"Ouest","s":"25S-H50S000I-81-I"},{"r":"162","t":"15:33:52","h":"Ouest","s":"25S-H50S100F-80-F1"},{"r":"162","t":"15:33:52","h":"Ouest","s":"25S-H50S200F-80-F2"},{"r":"162","t":"15:41:59","h":"Ouest","s":"25N-H50N000S-80-S"},{"r":"162","t":"15:41:59","h":"Ouest","s":"25N-H50N000S-90-S"},{"r":"162","t":"15:41:59","h":"Ouest","s":"25N-H50NV10S-90-S"},{"r":"162","t":"15:41:59","h":"Ouest","s":"25N-H50NV20S-90-S"},{"r":"162","t":"15:41:59","h":"Ouest","s":"25S-H50S000S-81-S"},{"r":"162","t":"16:03:44","h":"Ouest","s":"25N-H50N000A-80-A"},{"r":"162","t":"16:03:44","h":"Ouest","s":"25N-H50N000A-90-A"},{"r":"162","t":"16:03:44","h":"Ouest","s":"25N-H50NV10A-90-A"},{"r":"162","t":"16:03:44","h":"Ouest","s":"25N-H50NV20A-90-A"},{"r":"162","t":"16:03:44","h":"Ouest","s":"25S-H50S000A-81-A"},{"r":"162","t":"16:06:52","h":"Ouest","s":"25N-H50N000I-80-I"},{"r":"162","t":"16:06:52","h":"Ouest","s":"25N-H50N000I-90-I"},{"r":"162","t":"16:06:52","h":"Ouest","s":"25N-H50N100F-90-F1"},{"r":"162","t":"16:06:52","h":"Ouest","s":"25N-H50N200F-90-F2"},{"r":"162","t":"16:06:52","h":"Ouest","s":"25N-H50N300F-90-F3"},{"r":"162","t":"16:06:52","h":"Ouest","s":"25N-H50N400F-90-F4"},{"r":"162","t":"16:06:52","h":"Ouest","s":"25N-H50NV10I-90-I"},{"r":"162","t":"16:06:52","h":"Ouest","s":"25N-H50NV20I-90-I"},{"r":"162","t":"16:06:52","h":"Ouest","s":"25S-H50S000I-81-I"},{"r":"162","t":"16:06:52","h":"Ouest","s":"25S-H50S100F-80-F1"},{"r":"162","t":"16:06:52","h":"Ouest","s":"25S-H50S200F-80-F2"},{"r":"162","t":"16:11:59","h":"Ouest","s":"25N-H50N000S-80-S"},{"r":"162","t":"16:11:59","h":"Ouest","s":"25N-H50N000S-90-S"},{"r":"162","t":"16:11:59","h":"Ouest","s":"25N-H50NV10S-90-S"},{"r":"162","t":"16:11:59","h":"Ouest","s":"25N-H50NV20S-90-S"},{"r":"162","t":"16:11:59","h":"Ouest","s":"25S-H50S000S-81-S"},{"r":"162","t":"16:33:44","h":"Ouest","s":"25N-H50N000A-80-A"},{"r":"162","t":"16:33:44","h":"Ouest","s":"25N-H50N000A-90-A"},{"r":"162","t":"16:33:44","h":"Ouest","s":"25N-H50NV10A-90-A"},{"r":"162","t":"16:33:44","h":"Ouest","s":"25N-H50NV20A-90-A"},{"r":"162","t":"16:33:44","h":"Ouest","s":"25S-H50S000A-81-A"},{"r":"162","t":"16:39:52","h":"Ouest","s":"25N-H50N000I-80-I"},{"r":"162","t":"16:39:52","h":"Ouest","s":"25N-H50N000I-90-I"},{"r":"162","t":"16:39:52","h":"Ouest","s":"25N-H50N100F-90-F1"},{"r":"162","t":"16:39:52","h":"Ouest","s":"25N-H50N200F-90-F2"},{"r":"162","t":"16:39:52","h":"Ouest","s":"25N-H50N300F-90-F3"},{"r":"162","t":"16:39:52","h":"Ouest","s":"25N-H50N400F-90-F4"},{"r":"162","t":"16:39:52","h":"Ouest","s":"25N-H50NV10I-90-I"},{"r":"162","t":"16:39:52","h":"Ouest","s":"25N-H50NV20I-90-I"},{"r":"162","t":"16:39:52","h":"Ouest","s":"25S-H50S000I-81-I"},{"r":"162","t":"16:39:52","h":"Ouest","s":"25S-H50S100F-80-F1"},{"r":"162","t":"16:39:52","h":"Ouest","s":"25S-H50S200F-80-F2"},{"r":"162","t":"16:42:59","h":"Ouest","s":"25N-H59N000S-80-S"},{"r":"162","t":"16:42:59","h":"Ouest","s":"25N-H59NV10S-84-S"},{"r":"162","t":"16:42:59","h":"Ouest","s":"25N-H59NV20S-80-S"},{"r":"162","t":"16:42:59","h":"Ouest","s":"25S-H59S000S-81-S"},{"r":"162","t":"17:03:44","h":"Ouest","s":"25N-H50N000A-80-A"},{"r":"162","t":"17:03:44","h":"Ouest","s":"25N-H50N000A-90-A"},{"r":"162","t":"17:03:44","h":"Ouest","s":"25N-H50NV10A-90-A"},{"r":"162","t":"17:03:44","h":"Ouest","s":"25N-H50NV20A-90-A"},{"r":"162","t":"17:03:44","h":"Ouest","s":"25S-H50S000A-81-A"},{"r":"162","t":"17:10:52","h":"Ouest","s":"25N-H50N000I-80-I"},{"r":"162","t":"17:10:52","h":"Ouest","s":"25N-H50N000I-90-I"},{"r":"162","t":"17:10:52","h":"Ouest","s":"25N-H50N100F-90-F1"},{"r":"162","t":"17:10:52","h":"Ouest","s":"25N-H50N200F-90-F2"},{"r":"162","t":"17:10:52","h":"Ouest","s":"25N-H50N300F-90-F3"},{"r":"162","t":"17:10:52","h":"Ouest","s":"25N-H50N400F-90-F4"},{"r":"162","t":"17:10:52","h":"Ouest","s":"25N-H50NV10I-90-I"},{"r":"162","t":"17:10:52","h":"Ouest","s":"25N-H50NV20I-90-I"},{"r":"162","t":"17:10:52","h":"Ouest","s":"25S-H50S000I-81-I"},{"r":"162","t":"17:10:52","h":"Ouest","s":"25S-H50S100F-80-F1"},{"r":"162","t":"17:10:52","h":"Ouest","s":"25S-H50S200F-80-F2"},{"r":"162","t":"17:11:59","h":"Ouest","s":"25N-H50N000S-80-S"},{"r":"162","t":"17:11:59","h":"Ouest","s":"25N-H50N000S-90-S"},{"r":"162","t":"17:11:59","h":"Ouest","s":"25N-H50NV10S-90-S"},{"r":"162","t":"17:11:59","h":"Ouest","s":"25N-H50NV20S-90-S"},{"r":"162","t":"17:11:59","h":"Ouest","s":"25S-H50S000S-81-S"},{"r":"162","t":"17:33:44","h":"Ouest","s":"25N-H50N000A-80-A"},{"r":"162","t":"17:33:44","h":"Ouest","s":"25N-H50N000A-90-A"},{"r":"162","t":"17:33:44","h":"Ouest","s":"25N-H50NV10A-90-A"},{"r":"162","t":"17:33:44","h":"Ouest","s":"25N-H50NV20A-90-A"},{"r":"162","t":"17:33:44","h":"Ouest","s":"25S-H50S000A-81-A"},{"r":"162","t":"17:42:59","h":"Ouest","s":"25N-H50N000S-80-S"},{"r":"162","t":"17:42:59","h":"Ouest","s":"25N-H50N000S-90-S"},{"r":"162","t":"17:42:59","h":"Ouest","s":"25N-H50NV10S-90-S"},{"r":"162","t":"17:42:59","h":"Ouest","s":"25N-H50NV20S-90-S"},{"r":"162","t":"17:42:59","h":"Ouest","s":"25S-H50S000S-81-S"},{"r":"162","t":"17:43:44","h":"Ouest","s":"25N-H50N000I-80-I"},{"r":"162","t":"17:43:44","h":"Ouest","s":"25N-H50N000I-90-I"},{"r":"162","t":"17:43:44","h":"Ouest","s":"25N-H50N100F-90-F1"},{"r":"162","t":"17:43:44","h":"Ouest","s":"25N-H50N200F-90-F2"},{"r":"162","t":"17:43:44","h":"Ouest","s":"25N-H50N300F-90-F3"},{"r":"162","t":"17:43:44","h":"Ouest","s":"25N-H50N400F-90-F4"},{"r":"162","t":"17:43:44","h":"Ouest","s":"25N-H50NV10I-90-I"},{"r":"162","t":"17:43:44","h":"Ouest","s":"25N-H50NV20I-90-I"},{"r":"162","t":"17:43:44","h":"Ouest","s":"25S-H50S000I-81-I"},{"r":"162","t":"17:43:44","h":"Ouest","s":"25S-H50S100F-80-F1"},{"r":"162","t":"17:43:44","h":"Ouest","s":"25S-H50S200F-80-F2"},{"r":"162","t":"18:03:44","h":"Ouest","s":"25N-H50N000A-80-A"},{"r":"162","t":"18:03:44","h":"Ouest","s":"25N-H50N000A-90-A"},{"r":"162","t":"18:03:44","h":"Ouest","s":"25N-H50NV10A-90-A"},{"r":"162","t":"18:03:44","h":"Ouest","s":"25N-H50NV20A-90-A"},{"r":"162","t":"18:03:44","h":"Ouest","s":"25S-H50S000A-81-A"},{"r":"162","t":"18:12:59","h":"Ouest","s":"25N-H59N000S-80-S"},{"r":"162","t":"18:12:59","h":"Ouest","s":"25N-H59NV10S-84-S"},{"r":"162","t":"18:12:59","h":"Ouest","s":"25N-H59NV20S-80-S"},{"r":"162","t":"18:12:59","h":"Ouest","s":"25S-H59S000S-81-S"},{"r":"162","t":"18:15:44","h":"Ouest","s":"25N-H50N000I-80-I"},{"r":"162","t":"18:15:44","h":"Ouest","s":"25N-H50N000I-90-I"},{"r":"162","t":"18:15:44","h":"Ouest","s":"25N-H50N100F-90-F1"},{"r":"162","t":"18:15:44","h":"Ouest","s":"25N-H50N200F-90-F2"},{"r":"162","t":"18:15:44","h":"Ouest","s":"25N-H50N300F-90-F3"},{"r":"162","t":"18:15:44","h":"Ouest","s":"25N-H50N400F-90-F4"},{"r":"162","t":"18:15:44","h":"Ouest","s":"25N-H50NV10I-90-I"},{"r":"162","t":"18:15:44","h":"Ouest","s":"25N-H50NV20I-90-I"},{"r":"162","t":"18:15:44","h":"Ouest","s":"25S-H50S000I-81-I"},{"r":"162","t":"18:15:44","h":"Ouest","s":"25S-H50S100F-80-F1"},{"r":"162","t":"18:15:44","h":"Ouest","s":"25S-H50S200F-80-F2"},{"r":"162","t":"18:35:44","h":"Ouest","s":"25N-H50N000A-80-A"},{"r":"162","t":"18:35:44","h":"Ouest","s":"25N-H50N000A-90-A"},{"r":"162","t":"18:35:44","h":"Ouest","s":"25N-H50NV10A-90-A"},{"r":"162","t":"18:35:44","h":"Ouest","s":"25N-H50NV20A-90-A"},{"r":"162","t":"18:35:44","h":"Ouest","s":"25S-H50S000A-81-A"},{"r":"162","t":"18:44:59","h":"Ouest","s":"25N-H50N000S-80-S"},{"r":"162","t":"18:44:59","h":"Ouest","s":"25N-H50N000S-90-S"},{"r":"162","t":"18:44:59","h":"Ouest","s":"25N-H50NV10S-90-S"},{"r":"162","t":"18:44:59","h":"Ouest","s":"25N-H50NV20S-90-S"},{"r":"162","t":"18:44:59","h":"Ouest","s":"25S-H50S000S-81-S"},{"r":"162","t":"18:47:44","h":"Ouest","s":"25N-H50N000I-80-I"},{"r":"162","t":"18:47:44","h":"Ouest","s":"25N-H50N000I-90-I"},{"r":"162","t":"18:47:44","h":"Ouest","s":"25N-H50N100F-90-F1"},{"r":"162","t":"18:47:44","h":"Ouest","s":"25N-H50N200F-90-F2"},{"r":"162","t":"18:47:44","h":"Ouest","s":"25N-H50N300F-90-F3"},{"r":"162","t":"18:47:44","h":"Ouest","s":"25N-H50N400F-90-F4"},{"r":"162","t":"18:47:44","h":"Ouest","s":"25N-H50NV10I-90-I"},{"r":"162","t":"18:47:44","h":"Ouest","s":"25N-H50NV20I-90-I"},{"r":"162","t":"18:47:44","h":"Ouest","s":"25S-H50S000I-81-I"},{"r":"162","t":"18:47:44","h":"Ouest","s":"25S-H50S100F-80-F1"},{"r":"162","t":"18:47:44","h":"Ouest","s":"25S-H50S200F-80-F2"},{"r":"162","t":"19:08:44","h":"Ouest","s":"25N-H50N000A-80-A"},{"r":"162","t":"19:08:44","h":"Ouest","s":"25N-H50N000A-90-A"},{"r":"162","t":"19:08:44","h":"Ouest","s":"25N-H50NV10A-90-A"},{"r":"162","t":"19:08:44","h":"Ouest","s":"25N-H50NV20A-90-A"},{"r":"162","t":"19:08:44","h":"Ouest","s":"25S-H50S000A-81-A"},{"r":"162","t":"19:16:52","h":"Ouest","s":"25N-H50N000S-80-S"},{"r":"162","t":"19:16:52","h":"Ouest","s":"25N-H50N000S-90-S"},{"r":"162","t":"19:16:52","h":"Ouest","s":"25N-H50NV10S-90-S"},{"r":"162","t":"19:16:52","h":"Ouest","s":"25N-H50NV20S-90-S"},{"r":"162","t":"19:16:52","h":"Ouest","s":"25S-H50S000S-81-S"},{"r":"162","t":"19:20:44","h":"Ouest","s":"25N-H50N000I-80-I"},{"r":"162","t":"19:20:44","h":"Ouest","s":"25N-H50N000I-90-I"},{"r":"162","t":"19:20:44","h":"Ouest","s":"25N-H50N100F-90-F1"},{"r":"162","t":"19:20:44","h":"Ouest","s":"25N-H50N200F-90-F2"},{"r":"162","t":"19:20:44","h":"Ouest","s":"25N-H50N300F-90-F3"},{"r":"162","t":"19:20:44","h":"Ouest","s":"25N-H50N400F-90-F4"},{"r":"162","t":"19:20:44","h":"Ouest","s":"25N-H50NV10I-90-I"},{"r":"162","t":"19:20:44","h":"Ouest","s":"25N-H50NV20I-90-I"},{"r":"162","t":"19:20:44","h":"Ouest","s":"25S-H50S000I-81-I"},{"r":"162","t":"19:20:44","h":"Ouest","s":"25S-H50S100F-80-F1"},{"r":"162","t":"19:20:44","h":"Ouest","s":"25S-H50S200F-80-F2"},{"r":"162","t":"19:39:44","h":"Ouest","s":"25N-H50N000A-80-A"},{"r":"162","t":"19:39:44","h":"Ouest","s":"25N-H50N000A-90-A"},{"r":"162","t":"19:39:44","h":"Ouest","s":"25N-H50NV10A-90-A"},{"r":"162","t":"19:39:44","h":"Ouest","s":"25N-H50NV20A-90-A"},{"r":"162","t":"19:39:44","h":"Ouest","s":"25S-H50S000A-81-A"},{"r":"162","t":"19:45:52","h":"Ouest","s":"25N-H50N000S-80-S"},{"r":"162","t":"19:45:52","h":"Ouest","s":"25N-H50N000S-90-S"},{"r":"162","t":"19:45:52","h":"Ouest","s":"25N-H50NV10S-90-S"},{"r":"162","t":"19:45:52","h":"Ouest","s":"25N-H50NV20S-90-S"},{"r":"162","t":"19:45:52","h":"Ouest","s":"25S-H50S000S-81-S"},{"r":"162","t":"19:53:44","h":"Ouest","s":"25N-H50N000I-80-I"},{"r":"162","t":"19:53:44","h":"Ouest","s":"25N-H50N000I-90-I"},{"r":"162","t":"19:53:44","h":"Ouest","s":"25N-H50N100F-90-F1"},{"r":"162","t":"19:53:44","h":"Ouest","s":"25N-H50N200F-90-F2"},{"r":"162","t":"19:53:44","h":"Ouest","s":"25N-H50N300F-90-F3"},{"r":"162","t":"19:53:44","h":"Ouest","s":"25N-H50N400F-90-F4"},{"r":"162","t":"19:53:44","h":"Ouest","s":"25N-H50NV10I-90-I"},{"r":"162","t":"19:53:44","h":"Ouest","s":"25N-H50NV20I-90-I"},{"r":"162","t":"19:53:44","h":"Ouest","s":"25S-H50S000I-81-I"},{"r":"162","t":"19:53:44","h":"Ouest","s":"25S-H50S100F-80-F1"},{"r":"162","t":"19:53:44","h":"Ouest","s":"25S-H50S200F-80-F2"},{"r":"162","t":"20:12:44","h":"Ouest","s":"25N-H50N000A-80-A"},{"r":"162","t":"20:12:44","h":"Ouest","s":"25N-H50N000A-90-A"},{"r":"162","t":"20:12:44","h":"Ouest","s":"25N-H50NV10A-90-A"},{"r":"162","t":"20:12:44","h":"Ouest","s":"25N-H50NV20A-90-A"},{"r":"162","t":"20:12:44","h":"Ouest","s":"25S-H50S000A-81-A"},{"r":"162","t":"20:15:52","h":"Ouest","s":"25N-H50N000S-80-S"},{"r":"162","t":"20:15:52","h":"Ouest","s":"25N-H50N000S-90-S"},{"r":"162","t":"20:15:52","h":"Ouest","s":"25N-H50NV10S-90-S"},{"r":"162","t":"20:15:52","h":"Ouest","s":"25N-H50NV20S-90-S"},{"r":"162","t":"20:15:52","h":"Ouest","s":"25S-H50S000S-81-S"},{"r":"162","t":"20:25:44","h":"Ouest","s":"25N-H50N000I-80-I"},{"r":"162","t":"20:25:44","h":"Ouest","s":"25N-H50N000I-90-I"},{"r":"162","t":"20:25:44","h":"Ouest","s":"25N-H50N100F-90-F1"},{"r":"162","t":"20:25:44","h":"Ouest","s":"25N-H50N200F-90-F2"},{"r":"162","t":"20:25:44","h":"Ouest","s":"25N-H50N300F-90-F3"},{"r":"162","t":"20:25:44","h":"Ouest","s":"25N-H50N400F-90-F4"},{"r":"162","t":"20:25:44","h":"Ouest","s":"25N-H50NV10I-90-I"},{"r":"162","t":"20:25:44","h":"Ouest","s":"25N-H50NV20I-90-I"},{"r":"162","t":"20:25:44","h":"Ouest","s":"25S-H50S000I-81-I"},{"r":"162","t":"20:25:44","h":"Ouest","s":"25S-H50S100F-80-F1"},{"r":"162","t":"20:25:44","h":"Ouest","s":"25S-H50S200F-80-F2"},{"r":"162","t":"20:42:44","h":"Ouest","s":"25N-H50N000A-80-A"},{"r":"162","t":"20:42:44","h":"Ouest","s":"25N-H50N000A-90-A"},{"r":"162","t":"20:42:44","h":"Ouest","s":"25N-H50NV10A-90-A"},{"r":"162","t":"20:42:44","h":"Ouest","s":"25N-H50NV20A-90-A"},{"r":"162","t":"20:42:44","h":"Ouest","s":"25S-H50S000A-81-A"},{"r":"162","t":"20:45:52","h":"Ouest","s":"25N-H50N000S-80-S"},{"r":"162","t":"20:45:52","h":"Ouest","s":"25N-H50N000S-90-S"},{"r":"162","t":"20:45:52","h":"Ouest","s":"25N-H50NV10S-90-S"},{"r":"162","t":"20:45:52","h":"Ouest","s":"25N-H50NV20S-90-S"},{"r":"162","t":"20:45:52","h":"Ouest","s":"25S-H50S000S-81-S"},{"r":"162","t":"20:58:44","h":"Ouest","s":"25N-H50N000I-80-I"},{"r":"162","t":"20:58:44","h":"Ouest","s":"25N-H50N000I-90-I"},{"r":"162","t":"20:58:44","h":"Ouest","s":"25N-H50N100F-90-F1"},{"r":"162","t":"20:58:44","h":"Ouest","s":"25N-H50N200F-90-F2"},{"r":"162","t":"20:58:44","h":"Ouest","s":"25N-H50N300F-90-F3"},{"r":"162","t":"20:58:44","h":"Ouest","s":"25N-H50N400F-90-F4"},{"r":"162","t":"20:58:44","h":"Ouest","s":"25N-H50NV10I-90-I"},{"r":"162","t":"20:58:44","h":"Ouest","s":"25N-H50NV20I-90-I"},{"r":"162","t":"20:58:44","h":"Ouest","s":"25S-H50S000I-81-I"},{"r":"162","t":"20:58:44","h":"Ouest","s":"25S-H50S100F-80-F1"},{"r":"162","t":"20:58:44","h":"Ouest","s":"25S-H50S200F-80-F2"},{"r":"162","t":"21:14:44","h":"Ouest","s":"25N-H50N000A-80-A"},{"r":"162","t":"21:14:44","h":"Ouest","s":"25N-H50N000A-90-A"},{"r":"162","t":"21:14:44","h":"Ouest","s":"25N-H50NV10A-90-A"},{"r":"162","t":"21:14:44","h":"Ouest","s":"25N-H50NV20A-90-A"},{"r":"162","t":"21:14:44","h":"Ouest","s":"25S-H50S000A-81-A"},{"r":"162","t":"21:14:52","h":"Ouest","s":"25N-H50N000S-80-S"},{"r":"162","t":"21:14:52","h":"Ouest","s":"25N-H50N000S-90-S"},{"r":"162","t":"21:14:52","h":"Ouest","s":"25N-H50NV10S-90-S"},{"r":"162","t":"21:14:52","h":"Ouest","s":"25N-H50NV20S-90-S"},{"r":"162","t":"21:14:52","h":"Ouest","s":"25S-H50S000S-81-S"},{"r":"162","t":"21:31:44","h":"Ouest","s":"25N-H50N000I-80-I"},{"r":"162","t":"21:31:44","h":"Ouest","s":"25N-H50N000I-90-I"},{"r":"162","t":"21:31:44","h":"Ouest","s":"25N-H50N100F-90-F1"},{"r":"162","t":"21:31:44","h":"Ouest","s":"25N-H50N200F-90-F2"},{"r":"162","t":"21:31:44","h":"Ouest","s":"25N-H50N300F-90-F3"},{"r":"162","t":"21:31:44","h":"Ouest","s":"25N-H50N400F-90-F4"},{"r":"162","t":"21:31:44","h":"Ouest","s":"25N-H50NV10I-90-I"},{"r":"162","t":"21:31:44","h":"Ouest","s":"25N-H50NV20I-90-I"},{"r":"162","t":"21:31:44","h":"Ouest","s":"25S-H50S000I-81-I"},{"r":"162","t":"21:31:44","h":"Ouest","s":"25S-H50S100F-80-F1"},{"r":"162","t":"21:31:44","h":"Ouest","s":"25S-H50S200F-80-F2"},{"r":"162","t":"21:42:52","h":"Ouest","s":"25N-H50N000S-80-S"},{"r":"162","t":"21:42:52","h":"Ouest","s":"25N-H50N000S-90-S"},{"r":"162","t":"21:42:52","h":"Ouest","s":"25N-H50NV10S-90-S"},{"r":"162","t":"21:42:52","h":"Ouest","s":"25N-H50NV20S-90-S"},{"r":"162","t":"21:42:52","h":"Ouest","s":"25S-H50S000S-81-S"},{"r":"162","t":"21:44:44","h":"Ouest","s":"25N-H50N000A-80-A"},{"r":"162","t":"21:44:44","h":"Ouest","s":"25N-H50N000A-90-A"},{"r":"162","t":"21:44:44","h":"Ouest","s":"25N-H50NV10A-90-A"},{"r":"162","t":"21:44:44","h":"Ouest","s":"25N-H50NV20A-90-A"},{"r":"162","t":"21:44:44","h":"Ouest","s":"25S-H50S000A-81-A"},{"r":"162","t":"22:03:44","h":"Ouest","s":"25N-H50N000I-80-I"},{"r":"162","t":"22:03:44","h":"Ouest","s":"25N-H50N000I-90-I"},{"r":"162","t":"22:03:44","h":"Ouest","s":"25N-H50N100F-90-F1"},{"r":"162","t":"22:03:44","h":"Ouest","s":"25N-H50N200F-90-F2"},{"r":"162","t":"22:03:44","h":"Ouest","s":"25N-H50N300F-90-F3"},{"r":"162","t":"22:03:44","h":"Ouest","s":"25N-H50N400F-90-F4"},{"r":"162","t":"22:03:44","h":"Ouest","s":"25N-H50NV10I-90-I"},{"r":"162","t":"22:03:44","h":"Ouest","s":"25N-H50NV20I-90-I"},{"r":"162","t":"22:03:44","h":"Ouest","s":"25S-H50S000I-81-I"},{"r":"162","t":"22:03:44","h":"Ouest","s":"25S-H50S100F-80-F1"},{"r":"162","t":"22:03:44","h":"Ouest","s":"25S-H50S200F-80-F2"},{"r":"162","t":"22:13:44","h":"Ouest","s":"25N-H50N000S-80-S"},{"r":"162","t":"22:13:44","h":"Ouest","s":"25N-H50N000S-90-S"},{"r":"162","t":"22:13:44","h":"Ouest","s":"25N-H50NV10S-90-S"},{"r":"162","t":"22:13:44","h":"Ouest","s":"25N-H50NV20S-90-S"},{"r":"162","t":"22:13:44","h":"Ouest","s":"25S-H50S000S-81-S"},{"r":"162","t":"22:16:44","h":"Ouest","s":"25N-H50N000A-80-A"},{"r":"162","t":"22:16:44","h":"Ouest","s":"25N-H50N000A-90-A"},{"r":"162","t":"22:16:44","h":"Ouest","s":"25N-H50NV10A-90-A"},{"r":"162","t":"22:16:44","h":"Ouest","s":"25N-H50NV20A-90-A"},{"r":"162","t":"22:16:44","h":"Ouest","s":"25S-H50S000A-81-A"},{"r":"162","t":"22:35:44","h":"Ouest","s":"25N-H50N000I-80-I"},{"r":"162","t":"22:35:44","h":"Ouest","s":"25N-H50N000I-90-I"},{"r":"162","t":"22:35:44","h":"Ouest","s":"25N-H50N100F-90-F1"},{"r":"162","t":"22:35:44","h":"Ouest","s":"25N-H50N200F-90-F2"},{"r":"162","t":"22:35:44","h":"Ouest","s":"25N-H50N300F-90-F3"},{"r":"162","t":"22:35:44","h":"Ouest","s":"25N-H50N400F-90-F4"},{"r":"162","t":"22:35:44","h":"Ouest","s":"25N-H50NV10I-90-I"},{"r":"162","t":"22:35:44","h":"Ouest","s":"25N-H50NV20I-90-I"},{"r":"162","t":"22:35:44","h":"Ouest","s":"25S-H50S000I-81-I"},{"r":"162","t":"22:35:44","h":"Ouest","s":"25S-H50S100F-80-F1"},{"r":"162","t":"22:35:44","h":"Ouest","s":"25S-H50S200F-80-F2"},{"r":"162","t":"22:42:37","h":"Ouest","s":"25N-H50N000S-80-S"},{"r":"162","t":"22:42:37","h":"Ouest","s":"25N-H50N000S-90-S"},{"r":"162","t":"22:42:37","h":"Ouest","s":"25N-H50NV10S-90-S"},{"r":"162","t":"22:42:37","h":"Ouest","s":"25N-H50NV20S-90-S"},{"r":"162","t":"22:42:37","h":"Ouest","s":"25S-H50S000S-81-S"},{"r":"162","t":"22:46:44","h":"Ouest","s":"25N-H50N000A-80-A"},{"r":"162","t":"22:46:44","h":"Ouest","s":"25N-H50N000A-90-A"},{"r":"162","t":"22:46:44","h":"Ouest","s":"25N-H50NV10A-90-A"},{"r":"162","t":"22:46:44","h":"Ouest","s":"25N-H50NV20A-90-A"},{"r":"162","t":"22:46:44","h":"Ouest","s":"25S-H50S000A-81-A"},{"r":"162","t":"23:07:44","h":"Ouest","s":"25N-H50N000I-80-I"},{"r":"162","t":"23:07:44","h":"Ouest","s":"25N-H50N000I-90-I"},{"r":"162","t":"23:07:44","h":"Ouest","s":"25N-H50N100F-90-F1"},{"r":"162","t":"23:07:44","h":"Ouest","s":"25N-H50N200F-90-F2"},{"r":"162","t":"23:07:44","h":"Ouest","s":"25N-H50N300F-90-F3"},{"r":"162","t":"23:07:44","h":"Ouest","s":"25N-H50N400F-90-F4"},{"r":"162","t":"23:07:44","h":"Ouest","s":"25N-H50NV10I-90-I"},{"r":"162","t":"23:07:44","h":"Ouest","s":"25N-H50NV20I-90-I"},{"r":"162","t":"23:07:44","h":"Ouest","s":"25S-H50S000I-81-I"},{"r":"162","t":"23:07:44","h":"Ouest","s":"25S-H50S100F-80-F1"},{"r":"162","t":"23:07:44","h":"Ouest","s":"25S-H50S200F-80-F2"},{"r":"162","t":"23:11:37","h":"Ouest","s":"25N-H50N000S-80-S"},{"r":"162","t":"23:11:37","h":"Ouest","s":"25N-H50N000S-90-S"},{"r":"162","t":"23:11:37","h":"Ouest","s":"25N-H50NV10S-90-S"},{"r":"162","t":"23:11:37","h":"Ouest","s":"25N-H50NV20S-90-S"},{"r":"162","t":"23:11:37","h":"Ouest","s":"25S-H50S000S-81-S"},{"r":"162","t":"23:15:44","h":"Ouest","s":"25N-H50N000A-80-A"},{"r":"162","t":"23:15:44","h":"Ouest","s":"25N-H50N000A-90-A"},{"r":"162","t":"23:15:44","h":"Ouest","s":"25N-H50NV10A-90-A"},{"r":"162","t":"23:15:44","h":"Ouest","s":"25N-H50NV20A-90-A"},{"r":"162","t":"23:15:44","h":"Ouest","s":"25S-H50S000A-81-A"},{"r":"162","t":"23:38:44","h":"Ouest","s":"25N-H50N000I-80-I"},{"r":"162","t":"23:38:44","h":"Ouest","s":"25N-H50N000I-90-I"},{"r":"162","t":"23:38:44","h":"Ouest","s":"25N-H50N100F-90-F1"},{"r":"162","t":"23:38:44","h":"Ouest","s":"25N-H50N200F-90-F2"},{"r":"162","t":"23:38:44","h":"Ouest","s":"25N-H50N300F-90-F3"},{"r":"162","t":"23:38:44","h":"Ouest","s":"25N-H50N400F-90-F4"},{"r":"162","t":"23:38:44","h":"Ouest","s":"25N-H50NV10I-90-I"},{"r":"162","t":"23:38:44","h":"Ouest","s":"25N-H50NV20I-90-I"},{"r":"162","t":"23:38:44","h":"Ouest","s":"25S-H50S000I-81-I"},{"r":"162","t":"23:38:44","h":"Ouest","s":"25S-H50S100F-80-F1"},{"r":"162","t":"23:38:44","h":"Ouest","s":"25S-H50S200F-80-F2"},{"r":"162","t":"23:41:37","h":"Ouest","s":"25N-H50N000S-80-S"},{"r":"162","t":"23:41:37","h":"Ouest","s":"25N-H50N000S-90-S"},{"r":"162","t":"23:41:37","h":"Ouest","s":"25N-H50NV10S-90-S"},{"r":"162","t":"23:41:37","h":"Ouest","s":"25N-H50NV20S-90-S"},{"r":"162","t":"23:41:37","h":"Ouest","s":"25S-H50S000S-81-S"},{"r":"162","t":"23:45:44","h":"Ouest","s":"25N-H50N000A-80-A"},{"r":"162","t":"23:45:44","h":"Ouest","s":"25N-H50N000A-90-A"},{"r":"162","t":"23:45:44","h":"Ouest","s":"25N-H50NV10A-90-A"},{"r":"162","t":"23:45:44","h":"Ouest","s":"25N-H50NV20A-90-A"},{"r":"162","t":"23:45:44","h":"Ouest","s":"25S-H50S000A-81-A"},{"r":"162","t":"24:09:44","h":"Ouest","s":"25N-H50N000I-80-I"},{"r":"162","t":"24:09:44","h":"Ouest","s":"25N-H50N000I-90-I"},{"r":"162","t":"24:09:44","h":"Ouest","s":"25N-H50N100F-90-F1"},{"r":"162","t":"24:09:44","h":"Ouest","s":"25N-H50N200F-90-F2"},{"r":"162","t":"24:09:44","h":"Ouest","s":"25N-H50N300F-90-F3"},{"r":"162","t":"24:09:44","h":"Ouest","s":"25N-H50N400F-90-F4"},{"r":"162","t":"24:09:44","h":"Ouest","s":"25N-H50NV10I-90-I"},{"r":"162","t":"24:09:44","h":"Ouest","s":"25N-H50NV20I-90-I"},{"r":"162","t":"24:09:44","h":"Ouest","s":"25S-H50S000I-81-I"},{"r":"162","t":"24:09:44","h":"Ouest","s":"25S-H50S100F-80-F1"},{"r":"162","t":"24:09:44","h":"Ouest","s":"25S-H50S200F-80-F2"},{"r":"162","t":"24:11:37","h":"Ouest","s":"25N-H50N000S-80-S"},{"r":"162","t":"24:11:37","h":"Ouest","s":"25N-H50N000S-90-S"},{"r":"162","t":"24:11:37","h":"Ouest","s":"25N-H50NV10S-90-S"},{"r":"162","t":"24:11:37","h":"Ouest","s":"25N-H50NV20S-90-S"},{"r":"162","t":"24:11:37","h":"Ouest","s":"25S-H50S000S-81-S"},{"r":"162","t":"24:14:44","h":"Ouest","s":"25N-H50N000A-80-A"},{"r":"162","t":"24:14:44","h":"Ouest","s":"25N-H50N000A-90-A"},{"r":"162","t":"24:14:44","h":"Ouest","s":"25N-H50NV10A-90-A"},{"r":"162","t":"24:14:44","h":"Ouest","s":"25N-H50NV20A-90-A"},{"r":"162","t":"24:14:44","h":"Ouest","s":"25S-H50S000A-81-A"},{"r":"162","t":"24:38:44","h":"Ouest","s":"25N-H50N000I-80-I"},{"r":"162","t":"24:38:44","h":"Ouest","s":"25N-H50N000I-90-I"},{"r":"162","t":"24:38:44","h":"Ouest","s":"25N-H50N100F-90-F1"},{"r":"162","t":"24:38:44","h":"Ouest","s":"25N-H50N200F-90-F2"},{"r":"162","t":"24:38:44","h":"Ouest","s":"25N-H50N300F-90-F3"},{"r":"162","t":"24:38:44","h":"Ouest","s":"25N-H50N400F-90-F4"},{"r":"162","t":"24:38:44","h":"Ouest","s":"25N-H50NV10I-90-I"},{"r":"162","t":"24:38:44","h":"Ouest","s":"25N-H50NV20I-90-I"},{"r":"162","t":"24:38:44","h":"Ouest","s":"25S-H50S000I-81-I"},{"r":"162","t":"24:38:44","h":"Ouest","s":"25S-H50S100F-80-F1"},{"r":"162","t":"24:38:44","h":"Ouest","s":"25S-H50S200F-80-F2"},{"r":"162","t":"24:40:37","h":"Ouest","s":"25N-H50N000S-80-S"},{"r":"162","t":"24:40:37","h":"Ouest","s":"25N-H50N000S-90-S"},{"r":"162","t":"24:40:37","h":"Ouest","s":"25N-H50NV10S-90-S"},{"r":"162","t":"24:40:37","h":"Ouest","s":"25N-H50NV20S-90-S"},{"r":"162","t":"24:40:37","h":"Ouest","s":"25S-H50S000S-81-S"},{"r":"162","t":"24:43:44","h":"Ouest","s":"25N-H50N000A-80-A"},{"r":"162","t":"24:43:44","h":"Ouest","s":"25N-H50N000A-90-A"},{"r":"162","t":"24:43:44","h":"Ouest","s":"25N-H50NV10A-90-A"},{"r":"162","t":"24:43:44","h":"Ouest","s":"25N-H50NV20A-90-A"},{"r":"162","t":"24:43:44","h":"Ouest","s":"25S-H50S000A-81-A"},{"r":"162","t":"25:09:44","h":"Ouest","s":"25N-H50N000I-80-I"},{"r":"162","t":"25:09:44","h":"Ouest","s":"25N-H50N000I-90-I"},{"r":"162","t":"25:09:44","h":"Ouest","s":"25N-H50N100F-90-F1"},{"r":"162","t":"25:09:44","h":"Ouest","s":"25N-H50N200F-90-F2"},{"r":"162","t":"25:09:44","h":"Ouest","s":"25N-H50N300F-90-F3"},{"r":"162","t":"25:09:44","h":"Ouest","s":"25N-H50N400F-90-F4"},{"r":"162","t":"25:09:44","h":"Ouest","s":"25N-H50NV10I-90-I"},{"r":"162","t":"25:09:44","h":"Ouest","s":"25N-H50NV20I-90-I"},{"r":"162","t":"25:09:44","h":"Ouest","s":"25S-H50S000I-81-I"},{"r":"162","t":"25:09:44","h":"Ouest","s":"25S-H50S100F-80-F1"},{"r":"162","t":"25:09:44","h":"Ouest","s":"25S-H50S200F-80-F2"},{"r":"162","t":"25:10:37","h":"Ouest","s":"25N-H50N000S-80-S"},{"r":"162","t":"25:10:37","h":"Ouest","s":"25N-H50N000S-90-S"},{"r":"162","t":"25:10:37","h":"Ouest","s":"25N-H50NV10S-90-S"},{"r":"162","t":"25:10:37","h":"Ouest","s":"25N-H50NV20S-90-S"},{"r":"162","t":"25:10:37","h":"Ouest","s":"25S-H50S000S-81-S"},{"r":"162","t":"25:12:44","h":"Ouest","s":"25N-H50N000A-80-A"},{"r":"162","t":"25:12:44","h":"Ouest","s":"25N-H50N000A-90-A"},{"r":"162","t":"25:12:44","h":"Ouest","s":"25N-H50NV10A-90-A"},{"r":"162","t":"25:12:44","h":"Ouest","s":"25N-H50NV20A-90-A"},{"r":"162","t":"25:12:44","h":"Ouest","s":"25S-H50S000A-81-A"},{"r":"162","t":"25:39:37","h":"Ouest","s":"25N-H50N000S-80-S"},{"r":"162","t":"25:39:37","h":"Ouest","s":"25N-H50N000S-90-S"},{"r":"162","t":"25:39:37","h":"Ouest","s":"25N-H50NV10S-90-S"},{"r":"162","t":"25:39:37","h":"Ouest","s":"25N-H50NV20S-90-S"},{"r":"162","t":"25:39:37","h":"Ouest","s":"25S-H50S000S-81-S"},{"r":"162","t":"25:39:44","h":"Ouest","s":"25N-H50N000I-80-I"},{"r":"162","t":"25:39:44","h":"Ouest","s":"25N-H50N000I-90-I"},{"r":"162","t":"25:39:44","h":"Ouest","s":"25N-H50N100F-90-F1"},{"r":"162","t":"25:39:44","h":"Ouest","s":"25N-H50N200F-90-F2"},{"r":"162","t":"25:39:44","h":"Ouest","s":"25N-H50N300F-90-F3"},{"r":"162","t":"25:39:44","h":"Ouest","s":"25N-H50N400F-90-F4"},{"r":"162","t":"25:39:44","h":"Ouest","s":"25N-H50NV10I-90-I"},{"r":"162","t":"25:39:44","h":"Ouest","s":"25N-H50NV20I-90-I"},{"r":"162","t":"25:39:44","h":"Ouest","s":"25S-H50S000I-81-I"},{"r":"162","t":"25:39:44","h":"Ouest","s":"25S-H50S100F-80-F1"},{"r":"162","t":"25:39:44","h":"Ouest","s":"25S-H50S200F-80-F2"},{"r":"162","t":"25:41:37","h":"Ouest","s":"25N-H50N000A-80-A"},{"r":"162","t":"25:41:37","h":"Ouest","s":"25N-H50N000A-90-A"},{"r":"162","t":"25:41:37","h":"Ouest","s":"25N-H50NV10A-90-A"},{"r":"162","t":"25:41:37","h":"Ouest","s":"25N-H50NV20A-90-A"},{"r":"162","t":"25:41:37","h":"Ouest","s":"25S-H50S000A-81-A"},{"r":"162","t":"26:10:29","h":"Ouest","s":"25N-H50N000A-80-A"},{"r":"162","t":"26:10:29","h":"Ouest","s":"25N-H50N000A-90-A"},{"r":"162","t":"26:10:29","h":"Ouest","s":"25N-H50NV10A-90-A"},{"r":"162","t":"26:10:29","h":"Ouest","s":"25N-H50NV20A-90-A"},{"r":"162","t":"26:10:29","h":"Ouest","s":"25S-H50S000A-81-A"}]