[{"r":"190","t":"05:35:23","h":"Ouest","s":"25N-H56N000S-80-S"},{"r":"190","t":"05:35:23","h":"Ouest","s":"25N-H56NV10S-80-S"},{"r":"190","t":"05:35:23","h":"Ouest","s":"25N-H56NV20S-80-S"},{"r":"190","t":"05:35:23","h":"Ouest","s":"25S-H56S000S-80-S"},{"r":"190","t":"06:04:23","h":"Ouest","s":"25N-H56N000S-80-S"},{"r":"190","t":"06:04:23","h":"Ouest","s":"25N-H56NV10S-80-S"},{"r":"190","t":"06:04:23","h":"Ouest","s":"25N-H56NV20S-80-S"},{"r":"190","t":"06:04:23","h":"Ouest","s":"25S-H56S000S-80-S"},{"r":"190","t":"06:35:52","h":"Ouest","s":"25N-H56N000S-80-S"},{"r":"190","t":"06:35:52","h":"Ouest","s":"25N-H56NV10S-80-S"},{"r":"190","t":"06:35:52","h":"Ouest","s":"25N-H56NV20S-80-S"},{"r":"190","t":"06:35:52","h":"Ouest","s":"25S-H56S000S-80-S"},{"r":"190","t":"07:08:52","h":"Ouest","s":"25N-H56N000S-80-S"},{"r":"190","t":"07:08:52","h":"Ouest","s":"25N-H56NV10S-80-S"},{"r":"190","t":"07:08:52","h":"Ouest","s":"25N-H56NV20S-80-S"},{"r":"190","t":"07:08:52","h":"Ouest","s":"25S-H56S000S-80-S"},{"r":"190","t":"07:40:52","h":"Ouest","s":"25N-H56N000S-80-S"},{"r":"190","t":"07:40:52","h":"Ouest","s":"25N-H56NV10S-80-S"},{"r":"190","t":"07:40:52","h":"Ouest","s":"25N-H56NV20S-80-S"},{"r":"190","t":"07:40:52","h":"Ouest","s":"25S-H56S000S-80-S"},{"r":"190","t":"08:11:52","h":"Ouest","s":"25N-H56N000S-80-S"},{"r":"190","t":"08:11:52","h":"Ouest","s":"25N-H56NV10S-80-S"},{"r":"190","t":"08:11:52","h":"Ouest","s":"25N-H56NV20S-80-S"},{"r":"190","t":"08:11:52","h":"Ouest","s":"25S-H56S000S-80-S"},{"r":"190","t":"08:41:52","h":"Ouest","s":"25N-H56N000S-80-S"},{"r":"190","t":"08:41:52","h":"Ouest","s":"25N-H56NV10S-80-S"},{"r":"190","t":"08:41:52","h":"Ouest","s":"25N-H56NV20S-80-S"},{"r":"190","t":"08:41:52","h":"Ouest","s":"25S-H56S000S-80-S"},{"r":"190","t":"09:09:23","h":"Ouest","s":"25N-H56N000S-80-S"},{"r":"190","t":"09:09:23","h":"Ouest","s":"25N-H56NV10S-80-S"},{"r":"190","t":"09:09:23","h":"Ouest","s":"25N-H56NV20S-80-S"},{"r":"190","t":"09:09:23","h":"Ouest","s":"25S-H56S000S-80-S"},{"r":"190","t":"09:40:23","h":"Ouest","s":"25N-H56N000S-80-S"},{"r":"190","t":"09:40:23","h":"Ouest","s":"25N-H56NV10S-80-S"},{"r":"190","t":"09:40:23","h":"Ouest","s":"25N-H56NV20S-80-S"},{"r":"190","t":"09:40:23","h":"Ouest","s":"25S-H56S000S-80-S"},{"r":"190","t":"10:11:23","h":"Ouest","s":"25N-H56N000S-80-S"},{"r":"190","t":"10:11:23","h":"Ouest","s":"25N-H56NV10S-80-S"},{"r":"190","t":"10:11:23","h":"Ouest","s":"25N-H56NV20S-80-S"},{"r":"190","t":"10:11:23","h":"Ouest","s":"25S-H56S000S-80-S"},{"r":"190","t":"10:40:23","h":"Ouest","s":"25N-H56N000S-80-S"},{"r":"190","t":"10:40:23","h":"Ouest","s":"25N-H56NV10S-80-S"},{"r":"190","t":"10:40:23","h":"Ouest","s":"25N-H56NV20S-80-S"},{"r":"190","t":"10:40:23","h":"Ouest","s":"25S-H56S000S-80-S"},{"r":"190","t":"11:10:23","h":"Ouest","s":"25N-H56N000S-80-S"},{"r":"190","t":"11:10:23","h":"Ouest","s":"25N-H56NV10S-80-S"},{"r":"190","t":"11:10:23","h":"Ouest","s":"25N-H56NV20S-80-S"},{"r":"190","t":"11:10:23","h":"Ouest","s":"25S-H56S000S-80-S"},{"r":"190","t":"11:40:23","h":"Ouest","s":"25N-H56N000S-80-S"},{"r":"190","t":"11:40:23","h":"Ouest","s":"25N-H56NV10S-80-S"},{"r":"190","t":"11:40:23","h":"Ouest","s":"25N-H56NV20S-80-S"},{"r":"190","t":"11:40:23","h":"Ouest","s":"25S-H56S000S-80-S"},{"r":"190","t":"12:10:23","h":"Ouest","s":"25N-H56N000S-80-S"},{"r":"190","t":"12:10:23","h":"Ouest","s":"25N-H56NV10S-80-S"},{"r":"190","t":"12:10:23","h":"Ouest","s":"25N-H56NV20S-80-S"},{"r":"190","t":"12:10:23","h":"Ouest","s":"25S-H56S000S-80-S"},{"r":"190","t":"12:40:23","h":"Ouest","s":"25N-H56N000S-80-S"},{"r":"190","t":"12:40:23","h":"Ouest","s":"25N-H56NV10S-80-S"},{"r":"190","t":"12:40:23","h":"Ouest","s":"25N-H56NV20S-80-S"},{"r":"190","t":"12:40:23","h":"Ouest","s":"25S-H56S000S-80-S"},{"r":"190","t":"13:11:23","h":"Ouest","s":"25N-H56N000S-80-S"},{"r":"190","t":"13:11:23","h":"Ouest","s":"25N-H56NV10S-80-S"},{"r":"190","t":"13:11:23","h":"Ouest","s":"25N-H56NV20S-80-S"},{"r":"190","t":"13:11:23","h":"Ouest","s":"25S-H56S000S-80-S"},{"r":"190","t":"13:42:23","h":"Ouest","s":"25N-H56N000S-80-S"},{"r":"190","t":"13:42:23","h":"Ouest","s":"25N-H56NV10S-80-S"},{"r":"190","t":"13:42:23","h":"Ouest","s":"25N-H56NV20S-80-S"},{"r":"190","t":"13:42:23","h":"Ouest","s":"25S-H56S000S-80-S"},{"r":"190","t":"14:12:23","h":"Ouest","s":"25N-H56N000S-80-S"},{"r":"190","t":"14:12:23","h":"Ouest","s":"25N-H56NV10S-80-S"},{"r":"190","t":"14:12:23","h":"Ouest","s":"25N-H56NV20S-80-S"},{"r":"190","t":"14:12:23","h":"Ouest","s":"25S-H56S000S-80-S"},{"r":"190","t":"14:42:23","h":"Ouest","s":"25N-H56N000S-80-S"},{"r":"190","t":"14:42:23","h":"Ouest","s":"25N-H56NV10S-80-S"},{"r":"190","t":"14:42:23","h":"Ouest","s":"25N-H56NV20S-80-S"},{"r":"190","t":"14:42:23","h":"Ouest","s":"25S-H56S000S-80-S"},{"r":"190","t":"15:12:23","h":"Ouest","s":"25N-H56N000S-80-S"},{"r":"190","t":"15:12:23","h":"Ouest","s":"25N-H56NV10S-80-S"},{"r":"190","t":"15:12:23","h":"Ouest","s":"25N-H56NV20S-80-S"},{"r":"190","t":"15:12:23","h":"Ouest","s":"25S-H56S000S-80-S"},{"r":"190","t":"15:47:23","h":"Ouest","s":"25N-H56N000S-80-S"},{"r":"190","t":"15:47:23","h":"Ouest","s":"25N-H56NV10S-80-S"},{"r":"190","t":"15:47:23","h":"Ouest","s":"25N-H56NV20S-80-S"},{"r":"190","t":"15:47:23","h":"Ouest","s":"25S-H56S000S-80-S"},{"r":"190","t":"16:20:23","h":"Ouest","s":"25N-H56N000S-80-S"},{"r":"190","t":"16:20:23","h":"Ouest","s":"25N-H56NV10S-80-S"},{"r":"190","t":"16:20:23","h":"Ouest","s":"25N-H56NV20S-80-S"},{"r":"190","t":"16:20:23","h":"Ouest","s":"25S-H56S000S-80-S"},{"r":"190","t":"16:53:23","h":"Ouest","s":"25N-H56N000S-80-S"},{"r":"190","t":"16:53:23","h":"Ouest","s":"25N-H56NV10S-80-S"},{"r":"190","t":"16:53:23","h":"Ouest","s":"25N-H56NV20S-80-S"},{"r":"190","t":"16:53:23","h":"Ouest","s":"25S-H56S000S-80-S"},{"r":"190","t":"17:26:23","h":"Ouest","s":"25N-H56N000S-80-S"},{"r":"190","t":"17:26:23","h":"Ouest","s":"25N-H56NV10S-80-S"},{"r":"190","t":"17:26:23","h":"Ouest","s":"25N-H56NV20S-80-S"},{"r":"190","t":"17:26:23","h":"Ouest","s":"25S-H56S000S-80-S"},{"r":"190","t":"17:56:23","h":"Ouest","s":"25N-H56N000S-80-S"},{"r":"190","t":"17:56:23","h":"Ouest","s":"25N-H56NV10S-80-S"},{"r":"190","t":"17:56:23","h":"Ouest","s":"25N-H56NV20S-80-S"},{"r":"190","t":"17:56:23","h":"Ouest","s":"25S-H56S000S-80-S"},{"r":"190","t":"18:27:23","h":"Ouest","s":"25N-H56N000S-80-S"},{"r":"190","t":"18:27:23","h":"Ouest","s":"25N-H56NV10S-80-S"},{"r":"190","t":"18:27:23","h":"Ouest","s":"25N-H56NV20S-80-S"},{"r":"190","t":"18:27:23","h":"Ouest","s":"25S-H56S000S-80-S"},{"r":"190","t":"18:58:23","h":"Ouest","s":"25N-H56N000S-80-S"},{"r":"190","t":"18:58:23","h":"Ouest","s":"25N-H56NV10S-80-S"},{"r":"190","t":"18:58:23","h":"Ouest","s":"25N-H56NV20S-80-S"},{"r":"190","t":"18:58:23","h":"Ouest","s":"25S-H56S000S-80-S"},{"r":"190","t":"19:27:23","h":"Ouest","s":"25N-H56N000S-80-S"},{"r":"190","t":"19:27:23","h":"Ouest","s":"25N-H56NV10S-80-S"},{"r":"190","t":"19:27:23","h":"Ouest","s":"25N-H56NV20S-80-S"},{"r":"190","t":"19:27:23","h":"Ouest","s":"25S-H56S000S-80-S"},{"r":"190","t":"19:51:23","h":"Ouest","s":"25N-H56N000S-80-S"},{"r":"190","t":"19:51:23","h":"Ouest","s":"25N-H56NV10S-80-S"},{"r":"190","t":"19:51:23","h":"Ouest","s":"25N-H56NV20S-80-S"},{"r":"190","t":"19:51:23","h":"Ouest","s":"25S-H56S000S-80-S"},{"r":"190","t":"20:13:23","h":"Ouest","s":"25N-H56N000S-80-S"},{"r":"190","t":"20:13:23","h":"Ouest","s":"25N-H56NV10S-80-S"},{"r":"190","t":"20:13:23","h":"Ouest","s":"25N-H56NV20S-80-S"},{"r":"190","t":"20:13:23","h":"Ouest","s":"25S-H56S000S-80-S"},{"r":"190","t":"20:39:23","h":"Ouest","s":"25N-H56N000S-80-S"},{"r":"190","t":"20:39:23","h":"Ouest","s":"25N-H56NV10S-80-S"},{"r":"190","t":"20:39:23","h":"Ouest","s":"25N-H56NV20S-80-S"},{"r":"190","t":"20:39:23","h":"Ouest","s":"25S-H56S000S-80-S"},{"r":"190","t":"21:06:23","h":"Ouest","s":"25N-H56N000S-80-S"},{"r":"190","t":"21:06:23","h":"Ouest","s":"25N-H56NV10S-80-S"},{"r":"190","t":"21:06:23","h":"Ouest","s":"25N-H56NV20S-80-S"},{"r":"190","t":"21:06:23","h":"Ouest","s":"25S-H56S000S-80-S"},{"r":"190","t":"21:32:23","h":"Ouest","s":"25N-H56N000S-80-S"},{"r":"190","t":"21:32:23","h":"Ouest","s":"25N-H56NV10S-80-S"},{"r":"190","t":"21:32:23","h":"Ouest","s":"25N-H56NV20S-80-S"},{"r":"190","t":"21:32:23","h":"Ouest","s":"25S-H56S000S-80-S"}]