[{"r":"108","t":"05:42:42","h":"Ouest","s":"25N-H56N000I-80-I"},{"r":"108","t":"05:42:42","h":"Ouest","s":"25N-H56N100F-80-F1"},{"r":"108","t":"05:42:42","h":"Ouest","s":"25N-H56N200F-80-F2"},{"r":"108","t":"05:42:42","h":"Ouest","s":"25N-H56N300F-80-F3"},{"r":"108","t":"05:42:42","h":"Ouest","s":"25N-H56N400F-80-F4"},{"r":"108","t":"05:42:42","h":"Ouest","s":"25N-H56NV10I-80-I"},{"r":"108","t":"05:42:42","h":"Ouest","s":"25N-H56NV20I-80-I"},{"r":"108","t":"05:42:42","h":"Ouest","s":"25S-H56S000I-80-I"},{"r":"108","t":"05:42:42","h":"Ouest","s":"25S-H56S100F-80-F1"},{"r":"108","t":"05:42:42","h":"Ouest","s":"25S-H56S200F-81-F2"},{"r":"108","t":"05:44:42","h":"Ouest","s":"25N-H56N000A-80-A"},{"r":"108","t":"05:44:42","h":"Ouest","s":"25N-H56NV10A-80-A"},{"r":"108","t":"05:44:42","h":"Ouest","s":"25N-H56NV20A-80-A"},{"r":"108","t":"05:44:42","h":"Ouest","s":"25S-H56S000A-80-A"},{"r":"108","t":"05:45:42","h":"Ouest","s":"25N-H56N000S-80-S"},{"r":"108","t":"05:45:42","h":"Ouest","s":"25N-H56NV10S-80-S"},{"r":"108","t":"05:45:42","h":"Ouest","s":"25N-H56NV20S-80-S"},{"r":"108","t":"05:45:42","h":"Ouest","s":"25S-H56S000S-80-S"},{"r":"108","t":"06:12:42","h":"Ouest","s":"25N-H56N000I-80-I"},{"r":"108","t":"06:12:42","h":"Ouest","s":"25N-H56N100F-80-F1"},{"r":"108","t":"06:12:42","h":"Ouest","s":"25N-H56N200F-80-F2"},{"r":"108","t":"06:12:42","h":"Ouest","s":"25N-H56N300F-80-F3"},{"r":"108","t":"06:12:42","h":"Ouest","s":"25N-H56N400F-80-F4"},{"r":"108","t":"06:12:42","h":"Ouest","s":"25N-H56NV10I-80-I"},{"r":"108","t":"06:12:42","h":"Ouest","s":"25N-H56NV20I-80-I"},{"r":"108","t":"06:12:42","h":"Ouest","s":"25S-H56S000I-80-I"},{"r":"108","t":"06:12:42","h":"Ouest","s":"25S-H56S100F-80-F1"},{"r":"108","t":"06:12:42","h":"Ouest","s":"25S-H56S200F-81-F2"},{"r":"108","t":"06:13:42","h":"Ouest","s":"25N-H56N000S-80-S"},{"r":"108","t":"06:13:42","h":"Ouest","s":"25N-H56NV10S-80-S"},{"r":"108","t":"06:13:42","h":"Ouest","s":"25N-H56NV20S-80-S"},{"r":"108","t":"06:13:42","h":"Ouest","s":"25S-H56S000S-80-S"},{"r":"108","t":"06:14:42","h":"Ouest","s":"25N-H56N000A-80-A"},{"r":"108","t":"06:14:42","h":"Ouest","s":"25N-H56NV10A-80-A"},{"r":"108","t":"06:14:42","h":"Ouest","s":"25N-H56NV20A-80-A"},{"r":"108","t":"06:14:42","h":"Ouest","s":"25S-H56S000A-80-A"},{"r":"108","t":"06:42:42","h":"Ouest","s":"25N-H56N000I-80-I"},{"r":"108","t":"06:42:42","h":"Ouest","s":"25N-H56N000S-80-S"},{"r":"108","t":"06:42:42","h":"Ouest","s":"25N-H56N100F-80-F1"},{"r":"108","t":"06:42:42","h":"Ouest","s":"25N-H56N200F-80-F2"},{"r":"108","t":"06:42:42","h":"Ouest","s":"25N-H56N300F-80-F3"},{"r":"108","t":"06:42:42","h":"Ouest","s":"25N-H56N400F-80-F4"},{"r":"108","t":"06:42:42","h":"Ouest","s":"25N-H56NV10I-80-I"},{"r":"108","t":"06:42:42","h":"Ouest","s":"25N-H56NV10S-80-S"},{"r":"108","t":"06:42:42","h":"Ouest","s":"25N-H56NV20I-80-I"},{"r":"108","t":"06:42:42","h":"Ouest","s":"25N-H56NV20S-80-S"},{"r":"108","t":"06:42:42","h":"Ouest","s":"25S-H56S000I-80-I"},{"r":"108","t":"06:42:42","h":"Ouest","s":"25S-H56S000S-80-S"},{"r":"108","t":"06:42:42","h":"Ouest","s":"25S-H56S100F-80-F1"},{"r":"108","t":"06:42:42","h":"Ouest","s":"25S-H56S200F-81-F2"},{"r":"108","t":"06:44:42","h":"Ouest","s":"25N-H56N000A-80-A"},{"r":"108","t":"06:44:42","h":"Ouest","s":"25N-H56NV10A-80-A"},{"r":"108","t":"06:44:42","h":"Ouest","s":"25N-H56NV20A-80-A"},{"r":"108","t":"06:44:42","h":"Ouest","s":"25S-H56S000A-80-A"},{"r":"108","t":"07:14:42","h":"Ouest","s":"25N-H56N000A-80-A"},{"r":"108","t":"07:14:42","h":"Ouest","s":"25N-H56N000I-80-I"},{"r":"108","t":"07:14:42","h":"Ouest","s":"25N-H56N100F-80-F1"},{"r":"108","t":"07:14:42","h":"Ouest","s":"25N-H56N200F-80-F2"},{"r":"108","t":"07:14:42","h":"Ouest","s":"25N-H56N300F-80-F3"},{"r":"108","t":"07:14:42","h":"Ouest","s":"25N-H56N400F-80-F4"},{"r":"108","t":"07:14:42","h":"Ouest","s":"25N-H56NV10A-80-A"},{"r":"108","t":"07:14:42","h":"Ouest","s":"25N-H56NV10I-80-I"},{"r":"108","t":"07:14:42","h":"Ouest","s":"25N-H56NV20A-80-A"},{"r":"108","t":"07:14:42","h":"Ouest","s":"25N-H56NV20I-80-I"},{"r":"108","t":"07:14:42","h":"Ouest","s":"25S-H56S000A-80-A"},{"r":"108","t":"07:14:42","h":"Ouest","s":"25S-H56S000I-80-I"},{"r":"108","t":"07:14:42","h":"Ouest","s":"25S-H56S100F-80-F1"},{"r":"108","t":"07:14:42","h":"Ouest","s":"25S-H56S200F-81-F2"},{"r":"108","t":"07:16:42","h":"Ouest","s":"25N-H56N000S-80-S"},{"r":"108","t":"07:16:42","h":"Ouest","s":"25N-H56NV10S-80-S"},{"r":"108","t":"07:16:42","h":"Ouest","s":"25N-H56NV20S-80-S"},{"r":"108","t":"07:16:42","h":"Ouest","s":"25S-H56S000S-80-S"},{"r":"108","t":"07:44:42","h":"Ouest","s":"25N-H56N000A-80-A"},{"r":"108","t":"07:44:42","h":"Ouest","s":"25N-H56N000I-80-I"},{"r":"108","t":"07:44:42","h":"Ouest","s":"25N-H56N100F-80-F1"},{"r":"108","t":"07:44:42","h":"Ouest","s":"25N-H56N200F-80-F2"},{"r":"108","t":"07:44:42","h":"Ouest","s":"25N-H56N300F-80-F3"},{"r":"108","t":"07:44:42","h":"Ouest","s":"25N-H56N400F-80-F4"},{"r":"108","t":"07:44:42","h":"Ouest","s":"25N-H56NV10A-80-A"},{"r":"108","t":"07:44:42","h":"Ouest","s":"25N-H56NV10I-80-I"},{"r":"108","t":"07:44:42","h":"Ouest","s":"25N-H56NV20A-80-A"},{"r":"108","t":"07:44:42","h":"Ouest","s":"25N-H56NV20I-80-I"},{"r":"108","t":"07:44:42","h":"Ouest","s":"25S-H56S000A-80-A"},{"r":"108","t":"07:44:42","h":"Ouest","s":"25S-H56S000I-80-I"},{"r":"108","t":"07:44:42","h":"Ouest","s":"25S-H56S100F-80-F1"},{"r":"108","t":"07:44:42","h":"Ouest","s":"25S-H56S200F-81-F2"},{"r":"108","t":"07:50:17","h":"Ouest","s":"25N-H56N000S-80-S"},{"r":"108","t":"07:50:17","h":"Ouest","s":"25N-H56NV10S-80-S"},{"r":"108","t":"07:50:17","h":"Ouest","s":"25N-H56NV20S-80-S"},{"r":"108","t":"07:50:17","h":"Ouest","s":"25S-H56S000S-80-S"},{"r":"108","t":"08:14:42","h":"Ouest","s":"25N-H56N000A-80-A"},{"r":"108","t":"08:14:42","h":"Ouest","s":"25N-H56NV10A-80-A"},{"r":"108","t":"08:14:42","h":"Ouest","s":"25N-H56NV20A-80-A"},{"r":"108","t":"08:14:42","h":"Ouest","s":"25S-H56S000A-80-A"},{"r":"108","t":"08:15:42","h":"Ouest","s":"25N-H56N000I-80-I"},{"r":"108","t":"08:15:42","h":"Ouest","s":"25N-H56N100F-80-F1"},{"r":"108","t":"08:15:42","h":"Ouest","s":"25N-H56N200F-80-F2"},{"r":"108","t":"08:15:42","h":"Ouest","s":"25N-H56N300F-80-F3"},{"r":"108","t":"08:15:42","h":"Ouest","s":"25N-H56N400F-80-F4"},{"r":"108","t":"08:15:42","h":"Ouest","s":"25N-H56NV10I-80-I"},{"r":"108","t":"08:15:42","h":"Ouest","s":"25N-H56NV20I-80-I"},{"r":"108","t":"08:15:42","h":"Ouest","s":"25S-H56S000I-80-I"},{"r":"108","t":"08:15:42","h":"Ouest","s":"25S-H56S100F-80-F1"},{"r":"108","t":"08:15:42","h":"Ouest","s":"25S-H56S200F-81-F2"},{"r":"108","t":"08:23:17","h":"Ouest","s":"25N-H56N000S-80-S"},{"r":"108","t":"08:23:17","h":"Ouest","s":"25N-H56NV10S-80-S"},{"r":"108","t":"08:23:17","h":"Ouest","s":"25N-H56NV20S-80-S"},{"r":"108","t":"08:23:17","h":"Ouest","s":"25S-H56S000S-80-S"},{"r":"108","t":"08:45:42","h":"Ouest","s":"25N-H56N000I-80-I"},{"r":"108","t":"08:45:42","h":"Ouest","s":"25N-H56N100F-80-F1"},{"r":"108","t":"08:45:42","h":"Ouest","s":"25N-H56N200F-80-F2"},{"r":"108","t":"08:45:42","h":"Ouest","s":"25N-H56N300F-80-F3"},{"r":"108","t":"08:45:42","h":"Ouest","s":"25N-H56N400F-80-F4"},{"r":"108","t":"08:45:42","h":"Ouest","s":"25N-H56NV10I-80-I"},{"r":"108","t":"08:45:42","h":"Ouest","s":"25N-H56NV20I-80-I"},{"r":"108","t":"08:45:42","h":"Ouest","s":"25S-H56S000I-80-I"},{"r":"108","t":"08:45:42","h":"Ouest","s":"25S-H56S100F-80-F1"},{"r":"108","t":"08:45:42","h":"Ouest","s":"25S-H56S200F-81-F2"},{"r":"108","t":"08:46:42","h":"Ouest","s":"25N-H56N000A-80-A"},{"r":"108","t":"08:46:42","h":"Ouest","s":"25N-H56NV10A-80-A"},{"r":"108","t":"08:46:42","h":"Ouest","s":"25N-H56NV20A-80-A"},{"r":"108","t":"08:46:42","h":"Ouest","s":"25S-H56S000A-80-A"},{"r":"108","t":"08:56:17","h":"Ouest","s":"25N-H56N000S-80-S"},{"r":"108","t":"08:56:17","h":"Ouest","s":"25N-H56NV10S-80-S"},{"r":"108","t":"08:56:17","h":"Ouest","s":"25N-H56NV20S-80-S"},{"r":"108","t":"08:56:17","h":"Ouest","s":"25S-H56S000S-80-S"},{"r":"108","t":"09:15:42","h":"Ouest","s":"25N-H56N000I-80-I"},{"r":"108","t":"09:15:42","h":"Ouest","s":"25N-H56N100F-80-F1"},{"r":"108","t":"09:15:42","h":"Ouest","s":"25N-H56N200F-80-F2"},{"r":"108","t":"09:15:42","h":"Ouest","s":"25N-H56N300F-80-F3"},{"r":"108","t":"09:15:42","h":"Ouest","s":"25N-H56N400F-80-F4"},{"r":"108","t":"09:15:42","h":"Ouest","s":"25N-H56NV10I-80-I"},{"r":"108","t":"09:15:42","h":"Ouest","s":"25N-H56NV20I-80-I"},{"r":"108","t":"09:15:42","h":"Ouest","s":"25S-H56S000I-80-I"},{"r":"108","t":"09:15:42","h":"Ouest","s":"25S-H56S100F-80-F1"},{"r":"108","t":"09:15:42","h":"Ouest","s":"25S-H56S200F-81-F2"},{"r":"108","t":"09:17:17","h":"Ouest","s":"25N-H56N000A-80-A"},{"r":"108","t":"09:17:17","h":"Ouest","s":"25N-H56NV10A-80-A"},{"r":"108","t":"09:17:17","h":"Ouest","s":"25N-H56NV20A-80-A"},{"r":"108","t":"09:17:17","h":"Ouest","s":"25S-H56S000A-80-A"},{"r":"108","t":"09:27:17","h":"Ouest","s":"25N-H56N000S-80-S"},{"r":"108","t":"09:27:17","h":"Ouest","s":"25N-H56NV10S-80-S"},{"r":"108","t":"09:27:17","h":"Ouest","s":"25N-H56NV20S-80-S"},{"r":"108","t":"09:27:17","h":"Ouest","s":"25S-H56S000S-80-S"},{"r":"108","t":"09:45:42","h":"Ouest","s":"25N-H56N000I-80-I"},{"r":"108","t":"09:45:42","h":"Ouest","s":"25N-H56N100F-80-F1"},{"r":"108","t":"09:45:42","h":"Ouest","s":"25N-H56N200F-80-F2"},{"r":"108","t":"09:45:42","h":"Ouest","s":"25N-H56N300F-80-F3"},{"r":"108","t":"09:45:42","h":"Ouest","s":"25N-H56N400F-80-F4"},{"r":"108","t":"09:45:42","h":"Ouest","s":"25N-H56NV10I-80-I"},{"r":"108","t":"09:45:42","h":"Ouest","s":"25N-H56NV20I-80-I"},{"r":"108","t":"09:45:42","h":"Ouest","s":"25S-H56S000I-80-I"},{"r":"108","t":"09:45:42","h":"Ouest","s":"25S-H56S100F-80-F1"},{"r":"108","t":"09:45:42","h":"Ouest","s":"25S-H56S200F-81-F2"},{"r":"108","t":"09:47:17","h":"Ouest","s":"25N-H56N000A-80-A"},{"r":"108","t":"09:47:17","h":"Ouest","s":"25N-H56NV10A-80-A"},{"r":"108","t":"09:47:17","h":"Ouest","s":"25N-H56NV20A-80-A"},{"r":"108","t":"09:47:17","h":"Ouest","s":"25S-H56S000A-80-A"},{"r":"108","t":"09:59:17","h":"Ouest","s":"25N-H56N000S-80-S"},{"r":"108","t":"09:59:17","h":"Ouest","s":"25N-H56NV10S-80-S"},{"r":"108","t":"09:59:17","h":"Ouest","s":"25N-H56NV20S-80-S"},{"r":"108","t":"09:59:17","h":"Ouest","s":"25S-H56S000S-80-S"},{"r":"108","t":"10:17:17","h":"Ouest","s":"25N-H56N000A-80-A"},{"r":"108","t":"10:17:17","h":"Ouest","s":"25N-H56N000I-80-I"},{"r":"108","t":"10:17:17","h":"Ouest","s":"25N-H56N100F-80-F1"},{"r":"108","t":"10:17:17","h":"Ouest","s":"25N-H56N200F-80-F2"},{"r":"108","t":"10:17:17","h":"Ouest","s":"25N-H56N300F-80-F3"},{"r":"108","t":"10:17:17","h":"Ouest","s":"25N-H56N400F-80-F4"},{"r":"108","t":"10:17:17","h":"Ouest","s":"25N-H56NV10A-80-A"},{"r":"108","t":"10:17:17","h":"Ouest","s":"25N-H56NV10I-80-I"},{"r":"108","t":"10:17:17","h":"Ouest","s":"25N-H56NV20A-80-A"},{"r":"108","t":"10:17:17","h":"Ouest","s":"25N-H56NV20I-80-I"},{"r":"108","t":"10:17:17","h":"Ouest","s":"25S-H56S000A-80-A"},{"r":"108","t":"10:17:17","h":"Ouest","s":"25S-H56S000I-80-I"},{"r":"108","t":"10:17:17","h":"Ouest","s":"25S-H56S100F-80-F1"},{"r":"108","t":"10:17:17","h":"Ouest","s":"25S-H56S200F-81-F2"},{"r":"108","t":"10:31:17","h":"Ouest","s":"25N-H56N000S-80-S"},{"r":"108","t":"10:31:17","h":"Ouest","s":"25N-H56NV10S-80-S"},{"r":"108","t":"10:31:17","h":"Ouest","s":"25N-H56NV20S-80-S"},{"r":"108","t":"10:31:17","h":"Ouest","s":"25S-H56S000S-80-S"},{"r":"108","t":"10:47:17","h":"Ouest","s":"25N-H56N000I-80-I"},{"r":"108","t":"10:47:17","h":"Ouest","s":"25N-H56N100F-80-F1"},{"r":"108","t":"10:47:17","h":"Ouest","s":"25N-H56N200F-80-F2"},{"r":"108","t":"10:47:17","h":"Ouest","s":"25N-H56N300F-80-F3"},{"r":"108","t":"10:47:17","h":"Ouest","s":"25N-H56N400F-80-F4"},{"r":"108","t":"10:47:17","h":"Ouest","s":"25N-H56NV10I-80-I"},{"r":"108","t":"10:47:17","h":"Ouest","s":"25N-H56NV20I-80-I"},{"r":"108","t":"10:47:17","h":"Ouest","s":"25S-H56S000I-80-I"},{"r":"108","t":"10:47:17","h":"Ouest","s":"25S-H56S100F-80-F1"},{"r":"108","t":"10:47:17","h":"Ouest","s":"25S-H56S200F-81-F2"},{"r":"108","t":"10:50:17","h":"Ouest","s":"25N-H56N000A-80-A"},{"r":"108","t":"10:50:17","h":"Ouest","s":"25N-H56NV10A-80-A"},{"r":"108","t":"10:50:17","h":"Ouest","s":"25N-H56NV20A-80-A"},{"r":"108","t":"10:50:17","h":"Ouest","s":"25S-H56S000A-80-A"},{"r":"108","t":"11:03:17","h":"Ouest","s":"25N-H56N000S-80-S"},{"r":"108","t":"11:03:17","h":"Ouest","s":"25N-H56NV10S-80-S"},{"r":"108","t":"11:03:17","h":"Ouest","s":"25N-H56NV20S-80-S"},{"r":"108","t":"11:03:17","h":"Ouest","s":"25S-H56S000S-80-S"},{"r":"108","t":"11:19:17","h":"Ouest","s":"25N-H56N000I-80-I"},{"r":"108","t":"11:19:17","h":"Ouest","s":"25N-H56N100F-80-F1"},{"r":"108","t":"11:19:17","h":"Ouest","s":"25N-H56N200F-80-F2"},{"r":"108","t":"11:19:17","h":"Ouest","s":"25N-H56N300F-80-F3"},{"r":"108","t":"11:19:17","h":"Ouest","s":"25N-H56N400F-80-F4"},{"r":"108","t":"11:19:17","h":"Ouest","s":"25N-H56NV10I-80-I"},{"r":"108","t":"11:19:17","h":"Ouest","s":"25N-H56NV20I-80-I"},{"r":"108","t":"11:19:17","h":"Ouest","s":"25S-H56S000I-80-I"},{"r":"108","t":"11:19:17","h":"Ouest","s":"25S-H56S100F-80-F1"},{"r":"108","t":"11:19:17","h":"Ouest","s":"25S-H56S200F-81-F2"},{"r":"108","t":"11:21:17","h":"Ouest","s":"25N-H56N000A-80-A"},{"r":"108","t":"11:21:17","h":"Ouest","s":"25N-H56NV10A-80-A"},{"r":"108","t":"11:21:17","h":"Ouest","s":"25N-H56NV20A-80-A"},{"r":"108","t":"11:21:17","h":"Ouest","s":"25S-H56S000A-80-A"},{"r":"108","t":"11:35:17","h":"Ouest","s":"25N-H56N000S-80-S"},{"r":"108","t":"11:35:17","h":"Ouest","s":"25N-H56NV10S-80-S"},{"r":"108","t":"11:35:17","h":"Ouest","s":"25N-H56NV20S-80-S"},{"r":"108","t":"11:35:17","h":"Ouest","s":"25S-H56S000S-80-S"},{"r":"108","t":"11:50:17","h":"Ouest","s":"25N-H56N000I-80-I"},{"r":"108","t":"11:50:17","h":"Ouest","s":"25N-H56N100F-80-F1"},{"r":"108","t":"11:50:17","h":"Ouest","s":"25N-H56N200F-80-F2"},{"r":"108","t":"11:50:17","h":"Ouest","s":"25N-H56N300F-80-F3"},{"r":"108","t":"11:50:17","h":"Ouest","s":"25N-H56N400F-80-F4"},{"r":"108","t":"11:50:17","h":"Ouest","s":"25N-H56NV10I-80-I"},{"r":"108","t":"11:50:17","h":"Ouest","s":"25N-H56NV20I-80-I"},{"r":"108","t":"11:50:17","h":"Ouest","s":"25S-H56S000I-80-I"},{"r":"108","t":"11:50:17","h":"Ouest","s":"25S-H56S100F-80-F1"},{"r":"108","t":"11:50:17","h":"Ouest","s":"25S-H56S200F-81-F2"},{"r":"108","t":"11:53:17","h":"Ouest","s":"25N-H56N000A-80-A"},{"r":"108","t":"11:53:17","h":"Ouest","s":"25N-H56NV10A-80-A"},{"r":"108","t":"11:53:17","h":"Ouest","s":"25N-H56NV20A-80-A"},{"r":"108","t":"11:53:17","h":"Ouest","s":"25S-H56S000A-80-A"},{"r":"108","t":"12:07:17","h":"Ouest","s":"25N-H56N000S-80-S"},{"r":"108","t":"12:07:17","h":"Ouest","s":"25N-H56NV10S-80-S"},{"r":"108","t":"12:07:17","h":"Ouest","s":"25N-H56NV20S-80-S"},{"r":"108","t":"12:07:17","h":"Ouest","s":"25S-H56S000S-80-S"},{"r":"108","t":"12:22:17","h":"Ouest","s":"25N-H56N000I-80-I"},{"r":"108","t":"12:22:17","h":"Ouest","s":"25N-H56N100F-80-F1"},{"r":"108","t":"12:22:17","h":"Ouest","s":"25N-H56N200F-80-F2"},{"r":"108","t":"12:22:17","h":"Ouest","s":"25N-H56N300F-80-F3"},{"r":"108","t":"12:22:17","h":"Ouest","s":"25N-H56N400F-80-F4"},{"r":"108","t":"12:22:17","h":"Ouest","s":"25N-H56NV10I-80-I"},{"r":"108","t":"12:22:17","h":"Ouest","s":"25N-H56NV20I-80-I"},{"r":"108","t":"12:22:17","h":"Ouest","s":"25S-H56S000I-80-I"},{"r":"108","t":"12:22:17","h":"Ouest","s":"25S-H56S100F-80-F1"},{"r":"108","t":"12:22:17","h":"Ouest","s":"25S-H56S200F-81-F2"},{"r":"108","t":"12:25:17","h":"Ouest","s":"25N-H56N000A-80-A"},{"r":"108","t":"12:25:17","h":"Ouest","s":"25N-H56NV10A-80-A"},{"r":"108","t":"12:25:17","h":"Ouest","s":"25N-H56NV20A-80-A"},{"r":"108","t":"12:25:17","h":"Ouest","s":"25S-H56S000A-80-A"},{"r":"108","t":"12:39:17","h":"Ouest","s":"25N-H56N000S-80-S"},{"r":"108","t":"12:39:17","h":"Ouest","s":"25N-H56NV10S-80-S"},{"r":"108","t":"12:39:17","h":"Ouest","s":"25N-H56NV20S-80-S"},{"r":"108","t":"12:39:17","h":"Ouest","s":"25S-H56S000S-80-S"},{"r":"108","t":"12:54:17","h":"Ouest","s":"25N-H56N000I-80-I"},{"r":"108","t":"12:54:17","h":"Ouest","s":"25N-H56N100F-80-F1"},{"r":"108","t":"12:54:17","h":"Ouest","s":"25N-H56N200F-80-F2"},{"r":"108","t":"12:54:17","h":"Ouest","s":"25N-H56N300F-80-F3"},{"r":"108","t":"12:54:17","h":"Ouest","s":"25N-H56N400F-80-F4"},{"r":"108","t":"12:54:17","h":"Ouest","s":"25N-H56NV10I-80-I"},{"r":"108","t":"12:54:17","h":"Ouest","s":"25N-H56NV20I-80-I"},{"r":"108","t":"12:54:17","h":"Ouest","s":"25S-H56S000I-80-I"},{"r":"108","t":"12:54:17","h":"Ouest","s":"25S-H56S100F-80-F1"},{"r":"108","t":"12:54:17","h":"Ouest","s":"25S-H56S200F-81-F2"},{"r":"108","t":"12:57:17","h":"Ouest","s":"25N-H56N000A-80-A"},{"r":"108","t":"12:57:17","h":"Ouest","s":"25N-H56NV10A-80-A"},{"r":"108","t":"12:57:17","h":"Ouest","s":"25N-H56NV20A-80-A"},{"r":"108","t":"12:57:17","h":"Ouest","s":"25S-H56S000A-80-A"},{"r":"108","t":"13:11:17","h":"Ouest","s":"25N-H56N000S-80-S"},{"r":"108","t":"13:11:17","h":"Ouest","s":"25N-H56NV10S-80-S"},{"r":"108","t":"13:11:17","h":"Ouest","s":"25N-H56NV20S-80-S"},{"r":"108","t":"13:11:17","h":"Ouest","s":"25S-H56S000S-80-S"},{"r":"108","t":"13:26:17","h":"Ouest","s":"25N-H56N000I-80-I"},{"r":"108","t":"13:26:17","h":"Ouest","s":"25N-H56N100F-80-F1"},{"r":"108","t":"13:26:17","h":"Ouest","s":"25N-H56N200F-80-F2"},{"r":"108","t":"13:26:17","h":"Ouest","s":"25N-H56N300F-80-F3"},{"r":"108","t":"13:26:17","h":"Ouest","s":"25N-H56N400F-80-F4"},{"r":"108","t":"13:26:17","h":"Ouest","s":"25N-H56NV10I-80-I"},{"r":"108","t":"13:26:17","h":"Ouest","s":"25N-H56NV20I-80-I"},{"r":"108","t":"13:26:17","h":"Ouest","s":"25S-H56S000I-80-I"},{"r":"108","t":"13:26:17","h":"Ouest","s":"25S-H56S100F-80-F1"},{"r":"108","t":"13:26:17","h":"Ouest","s":"25S-H56S200F-81-F2"},{"r":"108","t":"13:29:17","h":"Ouest","s":"25N-H56N000A-80-A"},{"r":"108","t":"13:29:17","h":"Ouest","s":"25N-H56NV10A-80-A"},{"r":"108","t":"13:29:17","h":"Ouest","s":"25N-H56NV20A-80-A"},{"r":"108","t":"13:29:17","h":"Ouest","s":"25S-H56S000A-80-A"},{"r":"108","t":"13:43:17","h":"Ouest","s":"25N-H56N000S-80-S"},{"r":"108","t":"13:43:17","h":"Ouest","s":"25N-H56NV10S-80-S"},{"r":"108","t":"13:43:17","h":"Ouest","s":"25N-H56NV20S-80-S"},{"r":"108","t":"13:43:17","h":"Ouest","s":"25S-H56S000S-80-S"},{"r":"108","t":"13:57:17","h":"Ouest","s":"25N-H56N000I-80-I"},{"r":"108","t":"13:57:17","h":"Ouest","s":"25N-H56N100F-80-F1"},{"r":"108","t":"13:57:17","h":"Ouest","s":"25N-H56N200F-80-F2"},{"r":"108","t":"13:57:17","h":"Ouest","s":"25N-H56N300F-80-F3"},{"r":"108","t":"13:57:17","h":"Ouest","s":"25N-H56N400F-80-F4"},{"r":"108","t":"13:57:17","h":"Ouest","s":"25N-H56NV10I-80-I"},{"r":"108","t":"13:57:17","h":"Ouest","s":"25N-H56NV20I-80-I"},{"r":"108","t":"13:57:17","h":"Ouest","s":"25S-H56S000I-80-I"},{"r":"108","t":"13:57:17","h":"Ouest","s":"25S-H56S100F-80-F1"},{"r":"108","t":"13:57:17","h":"Ouest","s":"25S-H56S200F-81-F2"},{"r":"108","t":"14:01:17","h":"Ouest","s":"25N-H56N000A-80-A"},{"r":"108","t":"14:01:17","h":"Ouest","s":"25N-H56NV10A-80-A"},{"r":"108","t":"14:01:17","h":"Ouest","s":"25N-H56NV20A-80-A"},{"r":"108","t":"14:01:17","h":"Ouest","s":"25S-H56S000A-80-A"},{"r":"108","t":"14:15:17","h":"Ouest","s":"25N-H56N000S-80-S"},{"r":"108","t":"14:15:17","h":"Ouest","s":"25N-H56NV10S-80-S"},{"r":"108","t":"14:15:17","h":"Ouest","s":"25N-H56NV20S-80-S"},{"r":"108","t":"14:15:17","h":"Ouest","s":"25S-H56S000S-80-S"},{"r":"108","t":"14:29:17","h":"Ouest","s":"25N-H56N000I-80-I"},{"r":"108","t":"14:29:17","h":"Ouest","s":"25N-H56N100F-80-F1"},{"r":"108","t":"14:29:17","h":"Ouest","s":"25N-H56N200F-80-F2"},{"r":"108","t":"14:29:17","h":"Ouest","s":"25N-H56N300F-80-F3"},{"r":"108","t":"14:29:17","h":"Ouest","s":"25N-H56N400F-80-F4"},{"r":"108","t":"14:29:17","h":"Ouest","s":"25N-H56NV10I-80-I"},{"r":"108","t":"14:29:17","h":"Ouest","s":"25N-H56NV20I-80-I"},{"r":"108","t":"14:29:17","h":"Ouest","s":"25S-H56S000I-80-I"},{"r":"108","t":"14:29:17","h":"Ouest","s":"25S-H56S100F-80-F1"},{"r":"108","t":"14:29:17","h":"Ouest","s":"25S-H56S200F-81-F2"},{"r":"108","t":"14:35:17","h":"Ouest","s":"25N-H56N000A-80-A"},{"r":"108","t":"14:35:17","h":"Ouest","s":"25N-H56NV10A-80-A"},{"r":"108","t":"14:35:17","h":"Ouest","s":"25N-H56NV20A-80-A"},{"r":"108","t":"14:35:17","h":"Ouest","s":"25S-H56S000A-80-A"},{"r":"108","t":"14:51:17","h":"Ouest","s":"25N-H56N000S-80-S"},{"r":"108","t":"14:51:17","h":"Ouest","s":"25N-H56NV10S-80-S"},{"r":"108","t":"14:51:17","h":"Ouest","s":"25N-H56NV20S-80-S"},{"r":"108","t":"14:51:17","h":"Ouest","s":"25S-H56S000S-80-S"},{"r":"108","t":"15:00:17","h":"Ouest","s":"25N-H56N000I-80-I"},{"r":"108","t":"15:00:17","h":"Ouest","s":"25N-H56N100F-80-F1"},{"r":"108","t":"15:00:17","h":"Ouest","s":"25N-H56N200F-80-F2"},{"r":"108","t":"15:00:17","h":"Ouest","s":"25N-H56N300F-80-F3"},{"r":"108","t":"15:00:17","h":"Ouest","s":"25N-H56N400F-80-F4"},{"r":"108","t":"15:00:17","h":"Ouest","s":"25N-H56NV10I-80-I"},{"r":"108","t":"15:00:17","h":"Ouest","s":"25N-H56NV20I-80-I"},{"r":"108","t":"15:00:17","h":"Ouest","s":"25S-H56S000I-80-I"},{"r":"108","t":"15:00:17","h":"Ouest","s":"25S-H56S100F-80-F1"},{"r":"108","t":"15:00:17","h":"Ouest","s":"25S-H56S200F-81-F2"},{"r":"108","t":"15:08:17","h":"Ouest","s":"25N-H56N000A-80-A"},{"r":"108","t":"15:08:17","h":"Ouest","s":"25N-H56NV10A-80-A"},{"r":"108","t":"15:08:17","h":"Ouest","s":"25N-H56NV20A-80-A"},{"r":"108","t":"15:08:17","h":"Ouest","s":"25S-H56S000A-80-A"},{"r":"108","t":"15:24:17","h":"Ouest","s":"25N-H56N000S-80-S"},{"r":"108","t":"15:24:17","h":"Ouest","s":"25N-H56NV10S-80-S"},{"r":"108","t":"15:24:17","h":"Ouest","s":"25N-H56NV20S-80-S"},{"r":"108","t":"15:24:17","h":"Ouest","s":"25S-H56S000S-80-S"},{"r":"108","t":"15:32:17","h":"Ouest","s":"25N-H56N000I-80-I"},{"r":"108","t":"15:32:17","h":"Ouest","s":"25N-H56N100F-80-F1"},{"r":"108","t":"15:32:17","h":"Ouest","s":"25N-H56N200F-80-F2"},{"r":"108","t":"15:32:17","h":"Ouest","s":"25N-H56N300F-80-F3"},{"r":"108","t":"15:32:17","h":"Ouest","s":"25N-H56N400F-80-F4"},{"r":"108","t":"15:32:17","h":"Ouest","s":"25N-H56NV10I-80-I"},{"r":"108","t":"15:32:17","h":"Ouest","s":"25N-H56NV20I-80-I"},{"r":"108","t":"15:32:17","h":"Ouest","s":"25S-H56S000I-80-I"},{"r":"108","t":"15:32:17","h":"Ouest","s":"25S-H56S100F-80-F1"},{"r":"108","t":"15:32:17","h":"Ouest","s":"25S-H56S200F-81-F2"},{"r":"108","t":"15:40:17","h":"Ouest","s":"25N-H56N000A-80-A"},{"r":"108","t":"15:40:17","h":"Ouest","s":"25N-H56NV10A-80-A"},{"r":"108","t":"15:40:17","h":"Ouest","s":"25N-H56NV20A-80-A"},{"r":"108","t":"15:40:17","h":"Ouest","s":"25S-H56S000A-80-A"},{"r":"108","t":"15:57:17","h":"Ouest","s":"25N-H56N000S-80-S"},{"r":"108","t":"15:57:17","h":"Ouest","s":"25N-H56NV10S-80-S"},{"r":"108","t":"15:57:17","h":"Ouest","s":"25N-H56NV20S-80-S"},{"r":"108","t":"15:57:17","h":"Ouest","s":"25S-H56S000S-80-S"},{"r":"108","t":"16:03:17","h":"Ouest","s":"25N-H56N000I-80-I"},{"r":"108","t":"16:03:17","h":"Ouest","s":"25N-H56N100F-80-F1"},{"r":"108","t":"16:03:17","h":"Ouest","s":"25N-H56N200F-80-F2"},{"r":"108","t":"16:03:17","h":"Ouest","s":"25N-H56N300F-80-F3"},{"r":"108","t":"16:03:17","h":"Ouest","s":"25N-H56N400F-80-F4"},{"r":"108","t":"16:03:17","h":"Ouest","s":"25N-H56NV10I-80-I"},{"r":"108","t":"16:03:17","h":"Ouest","s":"25N-H56NV20I-80-I"},{"r":"108","t":"16:03:17","h":"Ouest","s":"25S-H56S000I-80-I"},{"r":"108","t":"16:03:17","h":"Ouest","s":"25S-H56S100F-80-F1"},{"r":"108","t":"16:03:17","h":"Ouest","s":"25S-H56S200F-81-F2"},{"r":"108","t":"16:13:17","h":"Ouest","s":"25N-H56N000A-80-A"},{"r":"108","t":"16:13:17","h":"Ouest","s":"25N-H56NV10A-80-A"},{"r":"108","t":"16:13:17","h":"Ouest","s":"25N-H56NV20A-80-A"},{"r":"108","t":"16:13:17","h":"Ouest","s":"25S-H56S000A-80-A"},{"r":"108","t":"16:30:17","h":"Ouest","s":"25N-H56N000S-80-S"},{"r":"108","t":"16:30:17","h":"Ouest","s":"25N-H56NV10S-80-S"},{"r":"108","t":"16:30:17","h":"Ouest","s":"25N-H56NV20S-80-S"},{"r":"108","t":"16:30:17","h":"Ouest","s":"25S-H56S000S-80-S"},{"r":"108","t":"16:35:17","h":"Ouest","s":"25N-H56N000I-80-I"},{"r":"108","t":"16:35:17","h":"Ouest","s":"25N-H56N100F-80-F1"},{"r":"108","t":"16:35:17","h":"Ouest","s":"25N-H56N200F-80-F2"},{"r":"108","t":"16:35:17","h":"Ouest","s":"25N-H56N300F-80-F3"},{"r":"108","t":"16:35:17","h":"Ouest","s":"25N-H56N400F-80-F4"},{"r":"108","t":"16:35:17","h":"Ouest","s":"25N-H56NV10I-80-I"},{"r":"108","t":"16:35:17","h":"Ouest","s":"25N-H56NV20I-80-I"},{"r":"108","t":"16:35:17","h":"Ouest","s":"25S-H56S000I-80-I"},{"r":"108","t":"16:35:17","h":"Ouest","s":"25S-H56S100F-80-F1"},{"r":"108","t":"16:35:17","h":"Ouest","s":"25S-H56S200F-81-F2"},{"r":"108","t":"16:46:17","h":"Ouest","s":"25N-H56N000A-80-A"},{"r":"108","t":"16:46:17","h":"Ouest","s":"25N-H56NV10A-80-A"},{"r":"108","t":"16:46:17","h":"Ouest","s":"25N-H56NV20A-80-A"},{"r":"108","t":"16:46:17","h":"Ouest","s":"25S-H56S000A-80-A"},{"r":"108","t":"17:01:17","h":"Ouest","s":"25N-H56N000S-80-S"},{"r":"108","t":"17:01:17","h":"Ouest","s":"25N-H56NV10S-80-S"},{"r":"108","t":"17:01:17","h":"Ouest","s":"25N-H56NV20S-80-S"},{"r":"108","t":"17:01:17","h":"Ouest","s":"25S-H56S000S-80-S"},{"r":"108","t":"17:07:17","h":"Ouest","s":"25N-H56N000I-80-I"},{"r":"108","t":"17:07:17","h":"Ouest","s":"25N-H56N100F-80-F1"},{"r":"108","t":"17:07:17","h":"Ouest","s":"25N-H56N200F-80-F2"},{"r":"108","t":"17:07:17","h":"Ouest","s":"25N-H56N300F-80-F3"},{"r":"108","t":"17:07:17","h":"Ouest","s":"25N-H56N400F-80-F4"},{"r":"108","t":"17:07:17","h":"Ouest","s":"25N-H56NV10I-80-I"},{"r":"108","t":"17:07:17","h":"Ouest","s":"25N-H56NV20I-80-I"},{"r":"108","t":"17:07:17","h":"Ouest","s":"25S-H56S000I-80-I"},{"r":"108","t":"17:07:17","h":"Ouest","s":"25S-H56S100F-80-F1"},{"r":"108","t":"17:07:17","h":"Ouest","s":"25S-H56S200F-81-F2"},{"r":"108","t":"17:19:17","h":"Ouest","s":"25N-H56N000A-80-A"},{"r":"108","t":"17:19:17","h":"Ouest","s":"25N-H56NV10A-80-A"},{"r":"108","t":"17:19:17","h":"Ouest","s":"25N-H56NV20A-80-A"},{"r":"108","t":"17:19:17","h":"Ouest","s":"25S-H56S000A-80-A"},{"r":"108","t":"17:31:17","h":"Ouest","s":"25N-H56N000S-80-S"},{"r":"108","t":"17:31:17","h":"Ouest","s":"25N-H56NV10S-80-S"},{"r":"108","t":"17:31:17","h":"Ouest","s":"25N-H56NV20S-80-S"},{"r":"108","t":"17:31:17","h":"Ouest","s":"25S-H56S000S-80-S"},{"r":"108","t":"17:39:17","h":"Ouest","s":"25N-H56N000I-80-I"},{"r":"108","t":"17:39:17","h":"Ouest","s":"25N-H56N100F-80-F1"},{"r":"108","t":"17:39:17","h":"Ouest","s":"25N-H56N200F-80-F2"},{"r":"108","t":"17:39:17","h":"Ouest","s":"25N-H56N300F-80-F3"},{"r":"108","t":"17:39:17","h":"Ouest","s":"25N-H56N400F-80-F4"},{"r":"108","t":"17:39:17","h":"Ouest","s":"25N-H56NV10I-80-I"},{"r":"108","t":"17:39:17","h":"Ouest","s":"25N-H56NV20I-80-I"},{"r":"108","t":"17:39:17","h":"Ouest","s":"25S-H56S000I-80-I"},{"r":"108","t":"17:39:17","h":"Ouest","s":"25S-H56S100F-80-F1"},{"r":"108","t":"17:39:17","h":"Ouest","s":"25S-H56S200F-81-F2"},{"r":"108","t":"17:52:17","h":"Ouest","s":"25N-H56N000A-80-A"},{"r":"108","t":"17:52:17","h":"Ouest","s":"25N-H56NV10A-80-A"},{"r":"108","t":"17:52:17","h":"Ouest","s":"25N-H56NV20A-80-A"},{"r":"108","t":"17:52:17","h":"Ouest","s":"25S-H56S000A-80-A"},{"r":"108","t":"18:00:17","h":"Ouest","s":"25N-H56N000S-80-S"},{"r":"108","t":"18:00:17","h":"Ouest","s":"25N-H56NV10S-80-S"},{"r":"108","t":"18:00:17","h":"Ouest","s":"25N-H56NV20S-80-S"},{"r":"108","t":"18:00:17","h":"Ouest","s":"25S-H56S000S-80-S"},{"r":"108","t":"18:11:17","h":"Ouest","s":"25N-H56N000I-80-I"},{"r":"108","t":"18:11:17","h":"Ouest","s":"25N-H56N100F-80-F1"},{"r":"108","t":"18:11:17","h":"Ouest","s":"25N-H56N200F-80-F2"},{"r":"108","t":"18:11:17","h":"Ouest","s":"25N-H56N300F-80-F3"},{"r":"108","t":"18:11:17","h":"Ouest","s":"25N-H56N400F-80-F4"},{"r":"108","t":"18:11:17","h":"Ouest","s":"25N-H56NV10I-80-I"},{"r":"108","t":"18:11:17","h":"Ouest","s":"25N-H56NV20I-80-I"},{"r":"108","t":"18:11:17","h":"Ouest","s":"25S-H56S000I-80-I"},{"r":"108","t":"18:11:17","h":"Ouest","s":"25S-H56S100F-80-F1"},{"r":"108","t":"18:11:17","h":"Ouest","s":"25S-H56S200F-81-F2"},{"r":"108","t":"18:25:17","h":"Ouest","s":"25N-H56N000A-80-A"},{"r":"108","t":"18:25:17","h":"Ouest","s":"25N-H56NV10A-80-A"},{"r":"108","t":"18:25:17","h":"Ouest","s":"25N-H56NV20A-80-A"},{"r":"108","t":"18:25:17","h":"Ouest","s":"25S-H56S000A-80-A"},{"r":"108","t":"18:28:17","h":"Ouest","s":"25N-H56N000S-80-S"},{"r":"108","t":"18:28:17","h":"Ouest","s":"25N-H56NV10S-80-S"},{"r":"108","t":"18:28:17","h":"Ouest","s":"25N-H56NV20S-80-S"},{"r":"108","t":"18:28:17","h":"Ouest","s":"25S-H56S000S-80-S"},{"r":"108","t":"18:43:17","h":"Ouest","s":"25N-H56N000I-80-I"},{"r":"108","t":"18:43:17","h":"Ouest","s":"25N-H56N100F-80-F1"},{"r":"108","t":"18:43:17","h":"Ouest","s":"25N-H56N200F-80-F2"},{"r":"108","t":"18:43:17","h":"Ouest","s":"25N-H56N300F-80-F3"},{"r":"108","t":"18:43:17","h":"Ouest","s":"25N-H56N400F-80-F4"},{"r":"108","t":"18:43:17","h":"Ouest","s":"25N-H56NV10I-80-I"},{"r":"108","t":"18:43:17","h":"Ouest","s":"25N-H56NV20I-80-I"},{"r":"108","t":"18:43:17","h":"Ouest","s":"25S-H56S000I-80-I"},{"r":"108","t":"18:43:17","h":"Ouest","s":"25S-H56S100F-80-F1"},{"r":"108","t":"18:43:17","h":"Ouest","s":"25S-H56S200F-81-F2"},{"r":"108","t":"18:55:17","h":"Ouest","s":"25N-H56N000S-80-S"},{"r":"108","t":"18:55:17","h":"Ouest","s":"25N-H56NV10S-80-S"},{"r":"108","t":"18:55:17","h":"Ouest","s":"25N-H56NV20S-80-S"},{"r":"108","t":"18:55:17","h":"Ouest","s":"25S-H56S000S-80-S"},{"r":"108","t":"18:57:17","h":"Ouest","s":"25N-H56N000A-80-A"},{"r":"108","t":"18:57:17","h":"Ouest","s":"25N-H56NV10A-80-A"},{"r":"108","t":"18:57:17","h":"Ouest","s":"25N-H56NV20A-80-A"},{"r":"108","t":"18:57:17","h":"Ouest","s":"25S-H56S000A-80-A"},{"r":"108","t":"19:15:17","h":"Ouest","s":"25N-H56N000I-80-I"},{"r":"108","t":"19:15:17","h":"Ouest","s":"25N-H56N100F-80-F1"},{"r":"108","t":"19:15:17","h":"Ouest","s":"25N-H56N200F-80-F2"},{"r":"108","t":"19:15:17","h":"Ouest","s":"25N-H56N300F-80-F3"},{"r":"108","t":"19:15:17","h":"Ouest","s":"25N-H56N400F-80-F4"},{"r":"108","t":"19:15:17","h":"Ouest","s":"25N-H56NV10I-80-I"},{"r":"108","t":"19:15:17","h":"Ouest","s":"25N-H56NV20I-80-I"},{"r":"108","t":"19:15:17","h":"Ouest","s":"25S-H56S000I-80-I"},{"r":"108","t":"19:15:17","h":"Ouest","s":"25S-H56S100F-80-F1"},{"r":"108","t":"19:15:17","h":"Ouest","s":"25S-H56S200F-81-F2"},{"r":"108","t":"19:25:42","h":"Ouest","s":"25N-H56N000S-80-S"},{"r":"108","t":"19:25:42","h":"Ouest","s":"25N-H56NV10S-80-S"},{"r":"108","t":"19:25:42","h":"Ouest","s":"25N-H56NV20S-80-S"},{"r":"108","t":"19:25:42","h":"Ouest","s":"25S-H56S000S-80-S"},{"r":"108","t":"19:27:42","h":"Ouest","s":"25N-H56N000A-80-A"},{"r":"108","t":"19:27:42","h":"Ouest","s":"25N-H56NV10A-80-A"},{"r":"108","t":"19:27:42","h":"Ouest","s":"25N-H56NV20A-80-A"},{"r":"108","t":"19:27:42","h":"Ouest","s":"25S-H56S000A-80-A"},{"r":"108","t":"19:47:17","h":"Ouest","s":"25N-H56N000I-80-I"},{"r":"108","t":"19:47:17","h":"Ouest","s":"25N-H56N100F-80-F1"},{"r":"108","t":"19:47:17","h":"Ouest","s":"25N-H56N200F-80-F2"},{"r":"108","t":"19:47:17","h":"Ouest","s":"25N-H56N300F-80-F3"},{"r":"108","t":"19:47:17","h":"Ouest","s":"25N-H56N400F-80-F4"},{"r":"108","t":"19:47:17","h":"Ouest","s":"25N-H56NV10I-80-I"},{"r":"108","t":"19:47:17","h":"Ouest","s":"25N-H56NV20I-80-I"},{"r":"108","t":"19:47:17","h":"Ouest","s":"25S-H56S000I-80-I"},{"r":"108","t":"19:47:17","h":"Ouest","s":"25S-H56S100F-80-F1"},{"r":"108","t":"19:47:17","h":"Ouest","s":"25S-H56S200F-81-F2"},{"r":"108","t":"19:57:42","h":"Ouest","s":"25N-H56N000S-80-S"},{"r":"108","t":"19:57:42","h":"Ouest","s":"25N-H56NV10S-80-S"},{"r":"108","t":"19:57:42","h":"Ouest","s":"25N-H56NV20S-80-S"},{"r":"108","t":"19:57:42","h":"Ouest","s":"25S-H56S000S-80-S"},{"r":"108","t":"19:58:42","h":"Ouest","s":"25N-H56N000A-80-A"},{"r":"108","t":"19:58:42","h":"Ouest","s":"25N-H56NV10A-80-A"},{"r":"108","t":"19:58:42","h":"Ouest","s":"25N-H56NV20A-80-A"},{"r":"108","t":"19:58:42","h":"Ouest","s":"25S-H56S000A-80-A"},{"r":"108","t":"20:18:17","h":"Ouest","s":"25N-H56N000I-80-I"},{"r":"108","t":"20:18:17","h":"Ouest","s":"25N-H56N100F-80-F1"},{"r":"108","t":"20:18:17","h":"Ouest","s":"25N-H56N200F-80-F2"},{"r":"108","t":"20:18:17","h":"Ouest","s":"25N-H56N300F-80-F3"},{"r":"108","t":"20:18:17","h":"Ouest","s":"25N-H56N400F-80-F4"},{"r":"108","t":"20:18:17","h":"Ouest","s":"25N-H56NV10I-80-I"},{"r":"108","t":"20:18:17","h":"Ouest","s":"25N-H56NV20I-80-I"},{"r":"108","t":"20:18:17","h":"Ouest","s":"25S-H56S000I-80-I"},{"r":"108","t":"20:18:17","h":"Ouest","s":"25S-H56S100F-80-F1"},{"r":"108","t":"20:18:17","h":"Ouest","s":"25S-H56S200F-81-F2"},{"r":"108","t":"20:27:42","h":"Ouest","s":"25N-H56N000A-80-A"},{"r":"108","t":"20:27:42","h":"Ouest","s":"25N-H56NV10A-80-A"},{"r":"108","t":"20:27:42","h":"Ouest","s":"25N-H56NV20A-80-A"},{"r":"108","t":"20:27:42","h":"Ouest","s":"25S-H56S000A-80-A"},{"r":"108","t":"20:29:42","h":"Ouest","s":"25N-H56N000S-80-S"},{"r":"108","t":"20:29:42","h":"Ouest","s":"25N-H56NV10S-80-S"},{"r":"108","t":"20:29:42","h":"Ouest","s":"25N-H56NV20S-80-S"},{"r":"108","t":"20:29:42","h":"Ouest","s":"25S-H56S000S-80-S"},{"r":"108","t":"20:50:17","h":"Ouest","s":"25N-H56N000I-80-I"},{"r":"108","t":"20:50:17","h":"Ouest","s":"25N-H56N100F-80-F1"},{"r":"108","t":"20:50:17","h":"Ouest","s":"25N-H56N200F-80-F2"},{"r":"108","t":"20:50:17","h":"Ouest","s":"25N-H56N300F-80-F3"},{"r":"108","t":"20:50:17","h":"Ouest","s":"25N-H56N400F-80-F4"},{"r":"108","t":"20:50:17","h":"Ouest","s":"25N-H56NV10I-80-I"},{"r":"108","t":"20:50:17","h":"Ouest","s":"25N-H56NV20I-80-I"},{"r":"108","t":"20:50:17","h":"Ouest","s":"25S-H56S000I-80-I"},{"r":"108","t":"20:50:17","h":"Ouest","s":"25S-H56S100F-80-F1"},{"r":"108","t":"20:50:17","h":"Ouest","s":"25S-H56S200F-81-F2"},{"r":"108","t":"20:56:42","h":"Ouest","s":"25N-H56N000A-80-A"},{"r":"108","t":"20:56:42","h":"Ouest","s":"25N-H56NV10A-80-A"},{"r":"108","t":"20:56:42","h":"Ouest","s":"25N-H56NV20A-80-A"},{"r":"108","t":"20:56:42","h":"Ouest","s":"25S-H56S000A-80-A"},{"r":"108","t":"20:59:42","h":"Ouest","s":"25N-H56N000S-80-S"},{"r":"108","t":"20:59:42","h":"Ouest","s":"25N-H56NV10S-80-S"},{"r":"108","t":"20:59:42","h":"Ouest","s":"25N-H56NV20S-80-S"},{"r":"108","t":"20:59:42","h":"Ouest","s":"25S-H56S000S-80-S"},{"r":"108","t":"21:22:17","h":"Ouest","s":"25N-H56N000I-80-I"},{"r":"108","t":"21:22:17","h":"Ouest","s":"25N-H56N100F-80-F1"},{"r":"108","t":"21:22:17","h":"Ouest","s":"25N-H56N200F-80-F2"},{"r":"108","t":"21:22:17","h":"Ouest","s":"25N-H56N300F-80-F3"},{"r":"108","t":"21:22:17","h":"Ouest","s":"25N-H56N400F-80-F4"},{"r":"108","t":"21:22:17","h":"Ouest","s":"25N-H56NV10I-80-I"},{"r":"108","t":"21:22:17","h":"Ouest","s":"25N-H56NV20I-80-I"},{"r":"108","t":"21:22:17","h":"Ouest","s":"25S-H56S000I-80-I"},{"r":"108","t":"21:22:17","h":"Ouest","s":"25S-H56S100F-80-F1"},{"r":"108","t":"21:22:17","h":"Ouest","s":"25S-H56S200F-81-F2"},{"r":"108","t":"21:25:42","h":"Ouest","s":"25N-H56N000A-80-A"},{"r":"108","t":"21:25:42","h":"Ouest","s":"25N-H56NV10A-80-A"},{"r":"108","t":"21:25:42","h":"Ouest","s":"25N-H56NV20A-80-A"},{"r":"108","t":"21:25:42","h":"Ouest","s":"25S-H56S000A-80-A"},{"r":"108","t":"21:28:42","h":"Ouest","s":"25N-H56N000S-80-S"},{"r":"108","t":"21:28:42","h":"Ouest","s":"25N-H56NV10S-80-S"},{"r":"108","t":"21:28:42","h":"Ouest","s":"25N-H56NV20S-80-S"},{"r":"108","t":"21:28:42","h":"Ouest","s":"25S-H56S000S-80-S"},{"r":"108","t":"21:54:17","h":"Ouest","s":"25N-H56N000I-80-I"},{"r":"108","t":"21:54:17","h":"Ouest","s":"25N-H56N100F-80-F1"},{"r":"108","t":"21:54:17","h":"Ouest","s":"25N-H56N200F-80-F2"},{"r":"108","t":"21:54:17","h":"Ouest","s":"25N-H56N300F-80-F3"},{"r":"108","t":"21:54:17","h":"Ouest","s":"25N-H56N400F-80-F4"},{"r":"108","t":"21:54:17","h":"Ouest","s":"25N-H56NV10I-80-I"},{"r":"108","t":"21:54:17","h":"Ouest","s":"25N-H56NV20I-80-I"},{"r":"108","t":"21:54:17","h":"Ouest","s":"25S-H56S000I-80-I"},{"r":"108","t":"21:54:17","h":"Ouest","s":"25S-H56S100F-80-F1"},{"r":"108","t":"21:54:17","h":"Ouest","s":"25S-H56S200F-81-F2"},{"r":"108","t":"21:54:42","h":"Ouest","s":"25N-H56N000A-80-A"},{"r":"108","t":"21:54:42","h":"Ouest","s":"25N-H56NV10A-80-A"},{"r":"108","t":"21:54:42","h":"Ouest","s":"25N-H56NV20A-80-A"},{"r":"108","t":"21:54:42","h":"Ouest","s":"25S-H56S000A-80-A"},{"r":"108","t":"21:58:42","h":"Ouest","s":"25N-H56N000S-80-S"},{"r":"108","t":"21:58:42","h":"Ouest","s":"25N-H56NV10S-80-S"},{"r":"108","t":"21:58:42","h":"Ouest","s":"25N-H56NV20S-80-S"},{"r":"108","t":"21:58:42","h":"Ouest","s":"25S-H56S000S-80-S"},{"r":"108","t":"22:22:42","h":"Ouest","s":"25N-H56N000A-80-A"},{"r":"108","t":"22:22:42","h":"Ouest","s":"25N-H56NV10A-80-A"},{"r":"108","t":"22:22:42","h":"Ouest","s":"25N-H56NV20A-80-A"},{"r":"108","t":"22:22:42","h":"Ouest","s":"25S-H56S000A-80-A"},{"r":"108","t":"22:24:17","h":"Ouest","s":"25N-H56N000I-80-I"},{"r":"108","t":"22:24:17","h":"Ouest","s":"25N-H56N100F-80-F1"},{"r":"108","t":"22:24:17","h":"Ouest","s":"25N-H56N200F-80-F2"},{"r":"108","t":"22:24:17","h":"Ouest","s":"25N-H56N300F-80-F3"},{"r":"108","t":"22:24:17","h":"Ouest","s":"25N-H56N400F-80-F4"},{"r":"108","t":"22:24:17","h":"Ouest","s":"25N-H56NV10I-80-I"},{"r":"108","t":"22:24:17","h":"Ouest","s":"25N-H56NV20I-80-I"},{"r":"108","t":"22:24:17","h":"Ouest","s":"25S-H56S000I-80-I"},{"r":"108","t":"22:24:17","h":"Ouest","s":"25S-H56S100F-80-F1"},{"r":"108","t":"22:24:17","h":"Ouest","s":"25S-H56S200F-81-F2"},{"r":"108","t":"22:28:42","h":"Ouest","s":"25N-H56N000S-80-S"},{"r":"108","t":"22:28:42","h":"Ouest","s":"25N-H56NV10S-80-S"},{"r":"108","t":"22:28:42","h":"Ouest","s":"25N-H56NV20S-80-S"},{"r":"108","t":"22:28:42","h":"Ouest","s":"25S-H56S000S-80-S"},{"r":"108","t":"22:50:42","h":"Ouest","s":"25N-H56N000A-80-A"},{"r":"108","t":"22:50:42","h":"Ouest","s":"25N-H56NV10A-80-A"},{"r":"108","t":"22:50:42","h":"Ouest","s":"25N-H56NV20A-80-A"},{"r":"108","t":"22:50:42","h":"Ouest","s":"25S-H56S000A-80-A"},{"r":"108","t":"22:53:42","h":"Ouest","s":"25N-H56N000I-80-I"},{"r":"108","t":"22:53:42","h":"Ouest","s":"25N-H56N100F-80-F1"},{"r":"108","t":"22:53:42","h":"Ouest","s":"25N-H56N200F-80-F2"},{"r":"108","t":"22:53:42","h":"Ouest","s":"25N-H56N300F-80-F3"},{"r":"108","t":"22:53:42","h":"Ouest","s":"25N-H56N400F-80-F4"},{"r":"108","t":"22:53:42","h":"Ouest","s":"25N-H56NV10I-80-I"},{"r":"108","t":"22:53:42","h":"Ouest","s":"25N-H56NV20I-80-I"},{"r":"108","t":"22:53:42","h":"Ouest","s":"25S-H56S000I-80-I"},{"r":"108","t":"22:53:42","h":"Ouest","s":"25S-H56S100F-80-F1"},{"r":"108","t":"22:53:42","h":"Ouest","s":"25S-H56S200F-81-F2"},{"r":"108","t":"22:57:42","h":"Ouest","s":"25N-H56N000S-80-S"},{"r":"108","t":"22:57:42","h":"Ouest","s":"25N-H56NV10S-80-S"},{"r":"108","t":"22:57:42","h":"Ouest","s":"25N-H56NV20S-80-S"},{"r":"108","t":"22:57:42","h":"Ouest","s":"25S-H56S000S-80-S"},{"r":"108","t":"23:20:42","h":"Ouest","s":"25N-H56N000A-80-A"},{"r":"108","t":"23:20:42","h":"Ouest","s":"25N-H56NV10A-80-A"},{"r":"108","t":"23:20:42","h":"Ouest","s":"25N-H56NV20A-80-A"},{"r":"108","t":"23:20:42","h":"Ouest","s":"25S-H56S000A-80-A"},{"r":"108","t":"23:22:42","h":"Ouest","s":"25N-H56N000I-80-I"},{"r":"108","t":"23:22:42","h":"Ouest","s":"25N-H56N100F-80-F1"},{"r":"108","t":"23:22:42","h":"Ouest","s":"25N-H56N200F-80-F2"},{"r":"108","t":"23:22:42","h":"Ouest","s":"25N-H56N300F-80-F3"},{"r":"108","t":"23:22:42","h":"Ouest","s":"25N-H56N400F-80-F4"},{"r":"108","t":"23:22:42","h":"Ouest","s":"25N-H56NV10I-80-I"},{"r":"108","t":"23:22:42","h":"Ouest","s":"25N-H56NV20I-80-I"},{"r":"108","t":"23:22:42","h":"Ouest","s":"25S-H56S000I-80-I"},{"r":"108","t":"23:22:42","h":"Ouest","s":"25S-H56S100F-80-F1"},{"r":"108","t":"23:22:42","h":"Ouest","s":"25S-H56S200F-81-F2"},{"r":"108","t":"23:26:42","h":"Ouest","s":"25N-H56N000S-80-S"},{"r":"108","t":"23:26:42","h":"Ouest","s":"25N-H56NV10S-80-S"},{"r":"108","t":"23:26:42","h":"Ouest","s":"25N-H56NV20S-80-S"},{"r":"108","t":"23:26:42","h":"Ouest","s":"25S-H56S000S-80-S"},{"r":"108","t":"23:49:42","h":"Ouest","s":"25N-H56N000A-80-A"},{"r":"108","t":"23:49:42","h":"Ouest","s":"25N-H56NV10A-80-A"},{"r":"108","t":"23:49:42","h":"Ouest","s":"25N-H56NV20A-80-A"},{"r":"108","t":"23:49:42","h":"Ouest","s":"25S-H56S000A-80-A"},{"r":"108","t":"23:51:42","h":"Ouest","s":"25N-H56N000I-80-I"},{"r":"108","t":"23:51:42","h":"Ouest","s":"25N-H56N100F-80-F1"},{"r":"108","t":"23:51:42","h":"Ouest","s":"25N-H56N200F-80-F2"},{"r":"108","t":"23:51:42","h":"Ouest","s":"25N-H56N300F-80-F3"},{"r":"108","t":"23:51:42","h":"Ouest","s":"25N-H56N400F-80-F4"},{"r":"108","t":"23:51:42","h":"Ouest","s":"25N-H56NV10I-80-I"},{"r":"108","t":"23:51:42","h":"Ouest","s":"25N-H56NV20I-80-I"},{"r":"108","t":"23:51:42","h":"Ouest","s":"25S-H56S000I-80-I"},{"r":"108","t":"23:51:42","h":"Ouest","s":"25S-H56S100F-80-F1"},{"r":"108","t":"23:51:42","h":"Ouest","s":"25S-H56S200F-81-F2"},{"r":"108","t":"23:53:42","h":"Ouest","s":"25N-H56N000S-80-S"},{"r":"108","t":"23:53:42","h":"Ouest","s":"25N-H56NV10S-80-S"},{"r":"108","t":"23:53:42","h":"Ouest","s":"25N-H56NV20S-80-S"},{"r":"108","t":"23:53:42","h":"Ouest","s":"25S-H56S000S-80-S"},{"r":"108","t":"24:19:42","h":"Ouest","s":"25N-H56N000A-80-A"},{"r":"108","t":"24:19:42","h":"Ouest","s":"25N-H56NV10A-80-A"},{"r":"108","t":"24:19:42","h":"Ouest","s":"25N-H56NV20A-80-A"},{"r":"108","t":"24:19:42","h":"Ouest","s":"25S-H56S000A-80-A"},{"r":"108","t":"24:20:42","h":"Ouest","s":"25N-H56N000I-80-I"},{"r":"108","t":"24:20:42","h":"Ouest","s":"25N-H56N100F-80-F1"},{"r":"108","t":"24:20:42","h":"Ouest","s":"25N-H56N200F-80-F2"},{"r":"108","t":"24:20:42","h":"Ouest","s":"25N-H56N300F-80-F3"},{"r":"108","t":"24:20:42","h":"Ouest","s":"25N-H56N400F-80-F4"},{"r":"108","t":"24:20:42","h":"Ouest","s":"25N-H56NV10I-80-I"},{"r":"108","t":"24:20:42","h":"Ouest","s":"25N-H56NV20I-80-I"},{"r":"108","t":"24:20:42","h":"Ouest","s":"25S-H56S000I-80-I"},{"r":"108","t":"24:20:42","h":"Ouest","s":"25S-H56S100F-80-F1"},{"r":"108","t":"24:20:42","h":"Ouest","s":"25S-H56S200F-81-F2"},{"r":"108","t":"24:22:42","h":"Ouest","s":"25N-H56N000S-80-S"},{"r":"108","t":"24:22:42","h":"Ouest","s":"25N-H56NV10S-80-S"},{"r":"108","t":"24:22:42","h":"Ouest","s":"25N-H56NV20S-80-S"},{"r":"108","t":"24:22:42","h":"Ouest","s":"25S-H56S000S-80-S"},{"r":"108","t":"24:50:42","h":"Ouest","s":"25N-H56N000A-80-A"},{"r":"108","t":"24:50:42","h":"Ouest","s":"25N-H56NV10A-80-A"},{"r":"108","t":"24:50:42","h":"Ouest","s":"25N-H56NV20A-80-A"},{"r":"108","t":"24:50:42","h":"Ouest","s":"25S-H56S000A-80-A"},{"r":"108","t":"24:52:42","h":"Ouest","s":"25N-H56N000I-80-I"},{"r":"108","t":"24:52:42","h":"Ouest","s":"25N-H56N100F-80-F1"},{"r":"108","t":"24:52:42","h":"Ouest","s":"25N-H56N200F-80-F2"},{"r":"108","t":"24:52:42","h":"Ouest","s":"25N-H56N300F-80-F3"},{"r":"108","t":"24:52:42","h":"Ouest","s":"25N-H56N400F-80-F4"},{"r":"108","t":"24:52:42","h":"Ouest","s":"25N-H56NV10I-80-I"},{"r":"108","t":"24:52:42","h":"Ouest","s":"25N-H56NV20I-80-I"},{"r":"108","t":"24:52:42","h":"Ouest","s":"25S-H56S000I-80-I"},{"r":"108","t":"24:52:42","h":"Ouest","s":"25S-H56S100F-80-F1"},{"r":"108","t":"24:52:42","h":"Ouest","s":"25S-H56S200F-81-F2"},{"r":"108","t":"24:54:42","h":"Ouest","s":"25N-H56N000S-80-S"},{"r":"108","t":"24:54:42","h":"Ouest","s":"25N-H56NV10S-80-S"},{"r":"108","t":"24:54:42","h":"Ouest","s":"25N-H56NV20S-80-S"},{"r":"108","t":"24:54:42","h":"Ouest","s":"25S-H56S000S-80-S"},{"r":"108","t":"25:23:42","h":"Ouest","s":"25N-H56N000A-80-A"},{"r":"108","t":"25:23:42","h":"Ouest","s":"25N-H56NV10A-80-A"},{"r":"108","t":"25:23:42","h":"Ouest","s":"25N-H56NV20A-80-A"},{"r":"108","t":"25:23:42","h":"Ouest","s":"25S-H56S000A-80-A"},{"r":"108","t":"25:24:42","h":"Ouest","s":"25N-H56N000I-80-I"},{"r":"108","t":"25:24:42","h":"Ouest","s":"25N-H56N100F-80-F1"},{"r":"108","t":"25:24:42","h":"Ouest","s":"25N-H56N200F-80-F2"},{"r":"108","t":"25:24:42","h":"Ouest","s":"25N-H56N300F-80-F3"},{"r":"108","t":"25:24:42","h":"Ouest","s":"25N-H56N400F-80-F4"},{"r":"108","t":"25:24:42","h":"Ouest","s":"25N-H56NV10I-80-I"},{"r":"108","t":"25:24:42","h":"Ouest","s":"25N-H56NV20I-80-I"},{"r":"108","t":"25:24:42","h":"Ouest","s":"25S-H56S000I-80-I"},{"r":"108","t":"25:24:42","h":"Ouest","s":"25S-H56S100F-80-F1"},{"r":"108","t":"25:24:42","h":"Ouest","s":"25S-H56S200F-81-F2"},{"r":"108","t":"25:25:42","h":"Ouest","s":"25N-H56N000S-80-S"},{"r":"108","t":"25:25:42","h":"Ouest","s":"25N-H56NV10S-80-S"},{"r":"108","t":"25:25:42","h":"Ouest","s":"25N-H56NV20S-80-S"},{"r":"108","t":"25:25:42","h":"Ouest","s":"25S-H56S000S-80-S"},{"r":"108","t":"25:56:42","h":"Ouest","s":"25N-H56N000A-80-A"},{"r":"108","t":"25:56:42","h":"Ouest","s":"25N-H56NV10A-80-A"},{"r":"108","t":"25:56:42","h":"Ouest","s":"25N-H56NV20A-80-A"},{"r":"108","t":"25:56:42","h":"Ouest","s":"25S-H56S000A-80-A"}]