[{"r":"112","t":"05:51:40","h":"Ouest","s":"25N-H56N000I-80-I"},{"r":"112","t":"05:51:40","h":"Ouest","s":"25N-H56N100F-80-F1"},{"r":"112","t":"05:51:40","h":"Ouest","s":"25N-H56N200F-80-F2"},{"r":"112","t":"05:51:40","h":"Ouest","s":"25N-H56N300F-80-F3"},{"r":"112","t":"05:51:40","h":"Ouest","s":"25N-H56N400F-80-F4"},{"r":"112","t":"05:51:40","h":"Ouest","s":"25N-H56NV10I-80-I"},{"r":"112","t":"05:51:40","h":"Ouest","s":"25N-H56NV20I-80-I"},{"r":"112","t":"05:51:40","h":"Ouest","s":"25S-H56S000I-80-I"},{"r":"112","t":"05:51:40","h":"Ouest","s":"25S-H56S100F-80-F1"},{"r":"112","t":"05:51:40","h":"Ouest","s":"25S-H56S200F-81-F2"},{"r":"112","t":"05:52:27","h":"Ouest","s":"25N-H56N000A-80-A"},{"r":"112","t":"05:52:27","h":"Ouest","s":"25N-H56N000S-80-S"},{"r":"112","t":"05:52:27","h":"Ouest","s":"25N-H56NV10A-80-A"},{"r":"112","t":"05:52:27","h":"Ouest","s":"25N-H56NV10S-80-S"},{"r":"112","t":"05:52:27","h":"Ouest","s":"25N-H56NV20A-80-A"},{"r":"112","t":"05:52:27","h":"Ouest","s":"25N-H56NV20S-80-S"},{"r":"112","t":"05:52:27","h":"Ouest","s":"25S-H56S000A-80-A"},{"r":"112","t":"05:52:27","h":"Ouest","s":"25S-H56S000S-80-S"},{"r":"112","t":"06:22:40","h":"Ouest","s":"25N-H56N000I-80-I"},{"r":"112","t":"06:22:40","h":"Ouest","s":"25N-H56N100F-80-F1"},{"r":"112","t":"06:22:40","h":"Ouest","s":"25N-H56N200F-80-F2"},{"r":"112","t":"06:22:40","h":"Ouest","s":"25N-H56N300F-80-F3"},{"r":"112","t":"06:22:40","h":"Ouest","s":"25N-H56N400F-80-F4"},{"r":"112","t":"06:22:40","h":"Ouest","s":"25N-H56NV10I-80-I"},{"r":"112","t":"06:22:40","h":"Ouest","s":"25N-H56NV20I-80-I"},{"r":"112","t":"06:22:40","h":"Ouest","s":"25S-H56S000I-80-I"},{"r":"112","t":"06:22:40","h":"Ouest","s":"25S-H56S100F-80-F1"},{"r":"112","t":"06:22:40","h":"Ouest","s":"25S-H56S200F-81-F2"},{"r":"112","t":"06:23:27","h":"Ouest","s":"25N-H56N000A-80-A"},{"r":"112","t":"06:23:27","h":"Ouest","s":"25N-H56NV10A-80-A"},{"r":"112","t":"06:23:27","h":"Ouest","s":"25N-H56NV20A-80-A"},{"r":"112","t":"06:23:27","h":"Ouest","s":"25S-H56S000A-80-A"},{"r":"112","t":"06:24:27","h":"Ouest","s":"25N-H56N000S-80-S"},{"r":"112","t":"06:24:27","h":"Ouest","s":"25N-H56NV10S-80-S"},{"r":"112","t":"06:24:27","h":"Ouest","s":"25N-H56NV20S-80-S"},{"r":"112","t":"06:24:27","h":"Ouest","s":"25S-H56S000S-80-S"},{"r":"112","t":"06:51:27","h":"Ouest","s":"25N-H56N000S-80-S"},{"r":"112","t":"06:51:27","h":"Ouest","s":"25N-H56NV10S-80-S"},{"r":"112","t":"06:51:27","h":"Ouest","s":"25N-H56NV20S-80-S"},{"r":"112","t":"06:51:27","h":"Ouest","s":"25S-H56S000S-80-S"},{"r":"112","t":"06:52:40","h":"Ouest","s":"25N-H56N000I-80-I"},{"r":"112","t":"06:52:40","h":"Ouest","s":"25N-H56N100F-80-F1"},{"r":"112","t":"06:52:40","h":"Ouest","s":"25N-H56N200F-80-F2"},{"r":"112","t":"06:52:40","h":"Ouest","s":"25N-H56N300F-80-F3"},{"r":"112","t":"06:52:40","h":"Ouest","s":"25N-H56N400F-80-F4"},{"r":"112","t":"06:52:40","h":"Ouest","s":"25N-H56NV10I-80-I"},{"r":"112","t":"06:52:40","h":"Ouest","s":"25N-H56NV20I-80-I"},{"r":"112","t":"06:52:40","h":"Ouest","s":"25S-H56S000I-80-I"},{"r":"112","t":"06:52:40","h":"Ouest","s":"25S-H56S100F-80-F1"},{"r":"112","t":"06:52:40","h":"Ouest","s":"25S-H56S200F-81-F2"},{"r":"112","t":"06:53:27","h":"Ouest","s":"25N-H56N000A-80-A"},{"r":"112","t":"06:53:27","h":"Ouest","s":"25N-H56NV10A-80-A"},{"r":"112","t":"06:53:27","h":"Ouest","s":"25N-H56NV20A-80-A"},{"r":"112","t":"06:53:27","h":"Ouest","s":"25S-H56S000A-80-A"},{"r":"112","t":"07:18:27","h":"Ouest","s":"25N-H56N000S-80-S"},{"r":"112","t":"07:18:27","h":"Ouest","s":"25N-H56NV10S-80-S"},{"r":"112","t":"07:18:27","h":"Ouest","s":"25N-H56NV20S-80-S"},{"r":"112","t":"07:18:27","h":"Ouest","s":"25S-H56S000S-80-S"},{"r":"112","t":"07:21:40","h":"Ouest","s":"25N-H56N000I-80-I"},{"r":"112","t":"07:21:40","h":"Ouest","s":"25N-H56N100F-80-F1"},{"r":"112","t":"07:21:40","h":"Ouest","s":"25N-H56N200F-80-F2"},{"r":"112","t":"07:21:40","h":"Ouest","s":"25N-H56N300F-80-F3"},{"r":"112","t":"07:21:40","h":"Ouest","s":"25N-H56N400F-80-F4"},{"r":"112","t":"07:21:40","h":"Ouest","s":"25N-H56NV10I-80-I"},{"r":"112","t":"07:21:40","h":"Ouest","s":"25N-H56NV20I-80-I"},{"r":"112","t":"07:21:40","h":"Ouest","s":"25S-H56S000I-80-I"},{"r":"112","t":"07:21:40","h":"Ouest","s":"25S-H56S100F-80-F1"},{"r":"112","t":"07:21:40","h":"Ouest","s":"25S-H56S200F-81-F2"},{"r":"112","t":"07:22:27","h":"Ouest","s":"25N-H56N000A-80-A"},{"r":"112","t":"07:22:27","h":"Ouest","s":"25N-H56NV10A-80-A"},{"r":"112","t":"07:22:27","h":"Ouest","s":"25N-H56NV20A-80-A"},{"r":"112","t":"07:22:27","h":"Ouest","s":"25S-H56S000A-80-A"},{"r":"112","t":"07:48:27","h":"Ouest","s":"25N-H56N000S-80-S"},{"r":"112","t":"07:48:27","h":"Ouest","s":"25N-H56NV10S-80-S"},{"r":"112","t":"07:48:27","h":"Ouest","s":"25N-H56NV20S-80-S"},{"r":"112","t":"07:48:27","h":"Ouest","s":"25S-H56S000S-80-S"},{"r":"112","t":"07:50:40","h":"Ouest","s":"25N-H56N000I-80-I"},{"r":"112","t":"07:50:40","h":"Ouest","s":"25N-H56N100F-80-F1"},{"r":"112","t":"07:50:40","h":"Ouest","s":"25N-H56N200F-80-F2"},{"r":"112","t":"07:50:40","h":"Ouest","s":"25N-H56N300F-80-F3"},{"r":"112","t":"07:50:40","h":"Ouest","s":"25N-H56N400F-80-F4"},{"r":"112","t":"07:50:40","h":"Ouest","s":"25N-H56NV10I-80-I"},{"r":"112","t":"07:50:40","h":"Ouest","s":"25N-H56NV20I-80-I"},{"r":"112","t":"07:50:40","h":"Ouest","s":"25S-H56S000I-80-I"},{"r":"112","t":"07:50:40","h":"Ouest","s":"25S-H56S100F-80-F1"},{"r":"112","t":"07:50:40","h":"Ouest","s":"25S-H56S200F-81-F2"},{"r":"112","t":"07:51:27","h":"Ouest","s":"25N-H56N000A-80-A"},{"r":"112","t":"07:51:27","h":"Ouest","s":"25N-H56NV10A-80-A"},{"r":"112","t":"07:51:27","h":"Ouest","s":"25N-H56NV20A-80-A"},{"r":"112","t":"07:51:27","h":"Ouest","s":"25S-H56S000A-80-A"},{"r":"112","t":"08:08:27","h":"Ouest","s":"25N-H56N000S-80-S"},{"r":"112","t":"08:08:27","h":"Ouest","s":"25N-H56NV10S-80-S"},{"r":"112","t":"08:08:27","h":"Ouest","s":"25N-H56NV20S-80-S"},{"r":"112","t":"08:08:27","h":"Ouest","s":"25S-H56S000S-80-S"},{"r":"112","t":"08:19:40","h":"Ouest","s":"25N-H56N000I-80-I"},{"r":"112","t":"08:19:40","h":"Ouest","s":"25N-H56N100F-80-F1"},{"r":"112","t":"08:19:40","h":"Ouest","s":"25N-H56N200F-80-F2"},{"r":"112","t":"08:19:40","h":"Ouest","s":"25N-H56N300F-80-F3"},{"r":"112","t":"08:19:40","h":"Ouest","s":"25N-H56N400F-80-F4"},{"r":"112","t":"08:19:40","h":"Ouest","s":"25N-H56NV10I-80-I"},{"r":"112","t":"08:19:40","h":"Ouest","s":"25N-H56NV20I-80-I"},{"r":"112","t":"08:19:40","h":"Ouest","s":"25S-H56S000I-80-I"},{"r":"112","t":"08:19:40","h":"Ouest","s":"25S-H56S100F-80-F1"},{"r":"112","t":"08:19:40","h":"Ouest","s":"25S-H56S200F-81-F2"},{"r":"112","t":"08:21:40","h":"Ouest","s":"25N-H56N000A-80-A"},{"r":"112","t":"08:21:40","h":"Ouest","s":"25N-H56NV10A-80-A"},{"r":"112","t":"08:21:40","h":"Ouest","s":"25N-H56NV20A-80-A"},{"r":"112","t":"08:21:40","h":"Ouest","s":"25S-H56S000A-80-A"},{"r":"112","t":"08:29:27","h":"Ouest","s":"25N-H56N000S-80-S"},{"r":"112","t":"08:29:27","h":"Ouest","s":"25N-H56NV10S-80-S"},{"r":"112","t":"08:29:27","h":"Ouest","s":"25N-H56NV20S-80-S"},{"r":"112","t":"08:29:27","h":"Ouest","s":"25S-H56S000S-80-S"},{"r":"112","t":"08:49:40","h":"Ouest","s":"25N-H56N000I-80-I"},{"r":"112","t":"08:49:40","h":"Ouest","s":"25N-H56N100F-80-F1"},{"r":"112","t":"08:49:40","h":"Ouest","s":"25N-H56N200F-80-F2"},{"r":"112","t":"08:49:40","h":"Ouest","s":"25N-H56N300F-80-F3"},{"r":"112","t":"08:49:40","h":"Ouest","s":"25N-H56N400F-80-F4"},{"r":"112","t":"08:49:40","h":"Ouest","s":"25N-H56NV10I-80-I"},{"r":"112","t":"08:49:40","h":"Ouest","s":"25N-H56NV20I-80-I"},{"r":"112","t":"08:49:40","h":"Ouest","s":"25S-H56S000I-80-I"},{"r":"112","t":"08:49:40","h":"Ouest","s":"25S-H56S100F-80-F1"},{"r":"112","t":"08:49:40","h":"Ouest","s":"25S-H56S200F-81-F2"},{"r":"112","t":"08:50:27","h":"Ouest","s":"25N-H56N000S-80-S"},{"r":"112","t":"08:50:27","h":"Ouest","s":"25N-H56NV10S-80-S"},{"r":"112","t":"08:50:27","h":"Ouest","s":"25N-H56NV20S-80-S"},{"r":"112","t":"08:50:27","h":"Ouest","s":"25S-H56S000S-80-S"},{"r":"112","t":"08:51:40","h":"Ouest","s":"25N-H56N000A-80-A"},{"r":"112","t":"08:51:40","h":"Ouest","s":"25N-H56NV10A-80-A"},{"r":"112","t":"08:51:40","h":"Ouest","s":"25N-H56NV20A-80-A"},{"r":"112","t":"08:51:40","h":"Ouest","s":"25S-H56S000A-80-A"},{"r":"112","t":"09:10:27","h":"Ouest","s":"25N-H56N000S-80-S"},{"r":"112","t":"09:10:27","h":"Ouest","s":"25N-H56NV10S-80-S"},{"r":"112","t":"09:10:27","h":"Ouest","s":"25N-H56NV20S-80-S"},{"r":"112","t":"09:10:27","h":"Ouest","s":"25S-H56S000S-80-S"},{"r":"112","t":"09:19:40","h":"Ouest","s":"25N-H56N000I-80-I"},{"r":"112","t":"09:19:40","h":"Ouest","s":"25N-H56N100F-80-F1"},{"r":"112","t":"09:19:40","h":"Ouest","s":"25N-H56N200F-80-F2"},{"r":"112","t":"09:19:40","h":"Ouest","s":"25N-H56N300F-80-F3"},{"r":"112","t":"09:19:40","h":"Ouest","s":"25N-H56N400F-80-F4"},{"r":"112","t":"09:19:40","h":"Ouest","s":"25N-H56NV10I-80-I"},{"r":"112","t":"09:19:40","h":"Ouest","s":"25N-H56NV20I-80-I"},{"r":"112","t":"09:19:40","h":"Ouest","s":"25S-H56S000I-80-I"},{"r":"112","t":"09:19:40","h":"Ouest","s":"25S-H56S100F-80-F1"},{"r":"112","t":"09:19:40","h":"Ouest","s":"25S-H56S200F-81-F2"},{"r":"112","t":"09:21:40","h":"Ouest","s":"25N-H56N000A-80-A"},{"r":"112","t":"09:21:40","h":"Ouest","s":"25N-H56NV10A-80-A"},{"r":"112","t":"09:21:40","h":"Ouest","s":"25N-H56NV20A-80-A"},{"r":"112","t":"09:21:40","h":"Ouest","s":"25S-H56S000A-80-A"},{"r":"112","t":"09:31:27","h":"Ouest","s":"25N-H56N000S-80-S"},{"r":"112","t":"09:31:27","h":"Ouest","s":"25N-H56NV10S-80-S"},{"r":"112","t":"09:31:27","h":"Ouest","s":"25N-H56NV20S-80-S"},{"r":"112","t":"09:31:27","h":"Ouest","s":"25S-H56S000S-80-S"},{"r":"112","t":"09:50:40","h":"Ouest","s":"25N-H56N000I-80-I"},{"r":"112","t":"09:50:40","h":"Ouest","s":"25N-H56N100F-80-F1"},{"r":"112","t":"09:50:40","h":"Ouest","s":"25N-H56N200F-80-F2"},{"r":"112","t":"09:50:40","h":"Ouest","s":"25N-H56N300F-80-F3"},{"r":"112","t":"09:50:40","h":"Ouest","s":"25N-H56N400F-80-F4"},{"r":"112","t":"09:50:40","h":"Ouest","s":"25N-H56NV10I-80-I"},{"r":"112","t":"09:50:40","h":"Ouest","s":"25N-H56NV20I-80-I"},{"r":"112","t":"09:50:40","h":"Ouest","s":"25S-H56S000I-80-I"},{"r":"112","t":"09:50:40","h":"Ouest","s":"25S-H56S100F-80-F1"},{"r":"112","t":"09:50:40","h":"Ouest","s":"25S-H56S200F-81-F2"},{"r":"112","t":"09:51:40","h":"Ouest","s":"25N-H56N000A-80-A"},{"r":"112","t":"09:51:40","h":"Ouest","s":"25N-H56NV10A-80-A"},{"r":"112","t":"09:51:40","h":"Ouest","s":"25N-H56NV20A-80-A"},{"r":"112","t":"09:51:40","h":"Ouest","s":"25S-H56S000A-80-A"},{"r":"112","t":"09:55:27","h":"Ouest","s":"25N-H56N000S-80-S"},{"r":"112","t":"09:55:27","h":"Ouest","s":"25N-H56NV10S-80-S"},{"r":"112","t":"09:55:27","h":"Ouest","s":"25N-H56NV20S-80-S"},{"r":"112","t":"09:55:27","h":"Ouest","s":"25S-H56S000S-80-S"},{"r":"112","t":"10:19:40","h":"Ouest","s":"25N-H56N000I-80-I"},{"r":"112","t":"10:19:40","h":"Ouest","s":"25N-H56N100F-80-F1"},{"r":"112","t":"10:19:40","h":"Ouest","s":"25N-H56N200F-80-F2"},{"r":"112","t":"10:19:40","h":"Ouest","s":"25N-H56N300F-80-F3"},{"r":"112","t":"10:19:40","h":"Ouest","s":"25N-H56N400F-80-F4"},{"r":"112","t":"10:19:40","h":"Ouest","s":"25N-H56NV10I-80-I"},{"r":"112","t":"10:19:40","h":"Ouest","s":"25N-H56NV20I-80-I"},{"r":"112","t":"10:19:40","h":"Ouest","s":"25S-H56S000I-80-I"},{"r":"112","t":"10:19:40","h":"Ouest","s":"25S-H56S100F-80-F1"},{"r":"112","t":"10:19:40","h":"Ouest","s":"25S-H56S200F-81-F2"},{"r":"112","t":"10:20:40","h":"Ouest","s":"25N-H56N000A-80-A"},{"r":"112","t":"10:20:40","h":"Ouest","s":"25N-H56NV10A-80-A"},{"r":"112","t":"10:20:40","h":"Ouest","s":"25N-H56NV20A-80-A"},{"r":"112","t":"10:20:40","h":"Ouest","s":"25S-H56S000A-80-A"},{"r":"112","t":"10:22:27","h":"Ouest","s":"25N-H56N000S-80-S"},{"r":"112","t":"10:22:27","h":"Ouest","s":"25N-H56NV10S-80-S"},{"r":"112","t":"10:22:27","h":"Ouest","s":"25N-H56NV20S-80-S"},{"r":"112","t":"10:22:27","h":"Ouest","s":"25S-H56S000S-80-S"},{"r":"112","t":"10:48:40","h":"Ouest","s":"25N-H56N000I-80-I"},{"r":"112","t":"10:48:40","h":"Ouest","s":"25N-H56N100F-80-F1"},{"r":"112","t":"10:48:40","h":"Ouest","s":"25N-H56N200F-80-F2"},{"r":"112","t":"10:48:40","h":"Ouest","s":"25N-H56N300F-80-F3"},{"r":"112","t":"10:48:40","h":"Ouest","s":"25N-H56N400F-80-F4"},{"r":"112","t":"10:48:40","h":"Ouest","s":"25N-H56NV10I-80-I"},{"r":"112","t":"10:48:40","h":"Ouest","s":"25N-H56NV20I-80-I"},{"r":"112","t":"10:48:40","h":"Ouest","s":"25S-H56S000I-80-I"},{"r":"112","t":"10:48:40","h":"Ouest","s":"25S-H56S100F-80-F1"},{"r":"112","t":"10:48:40","h":"Ouest","s":"25S-H56S200F-81-F2"},{"r":"112","t":"10:50:40","h":"Ouest","s":"25N-H56N000A-80-A"},{"r":"112","t":"10:50:40","h":"Ouest","s":"25N-H56NV10A-80-A"},{"r":"112","t":"10:50:40","h":"Ouest","s":"25N-H56NV20A-80-A"},{"r":"112","t":"10:50:40","h":"Ouest","s":"25S-H56S000A-80-A"},{"r":"112","t":"10:54:27","h":"Ouest","s":"25N-H56N000S-80-S"},{"r":"112","t":"10:54:27","h":"Ouest","s":"25N-H56NV10S-80-S"},{"r":"112","t":"10:54:27","h":"Ouest","s":"25N-H56NV20S-80-S"},{"r":"112","t":"10:54:27","h":"Ouest","s":"25S-H56S000S-80-S"},{"r":"112","t":"11:18:40","h":"Ouest","s":"25N-H56N000I-80-I"},{"r":"112","t":"11:18:40","h":"Ouest","s":"25N-H56N100F-80-F1"},{"r":"112","t":"11:18:40","h":"Ouest","s":"25N-H56N200F-80-F2"},{"r":"112","t":"11:18:40","h":"Ouest","s":"25N-H56N300F-80-F3"},{"r":"112","t":"11:18:40","h":"Ouest","s":"25N-H56N400F-80-F4"},{"r":"112","t":"11:18:40","h":"Ouest","s":"25N-H56NV10I-80-I"},{"r":"112","t":"11:18:40","h":"Ouest","s":"25N-H56NV20I-80-I"},{"r":"112","t":"11:18:40","h":"Ouest","s":"25S-H56S000I-80-I"},{"r":"112","t":"11:18:40","h":"Ouest","s":"25S-H56S100F-80-F1"},{"r":"112","t":"11:18:40","h":"Ouest","s":"25S-H56S200F-81-F2"},{"r":"112","t":"11:20:40","h":"Ouest","s":"25N-H56N000A-80-A"},{"r":"112","t":"11:20:40","h":"Ouest","s":"25N-H56NV10A-80-A"},{"r":"112","t":"11:20:40","h":"Ouest","s":"25N-H56NV20A-80-A"},{"r":"112","t":"11:20:40","h":"Ouest","s":"25S-H56S000A-80-A"},{"r":"112","t":"11:27:27","h":"Ouest","s":"25N-H56N000S-80-S"},{"r":"112","t":"11:27:27","h":"Ouest","s":"25N-H56NV10S-80-S"},{"r":"112","t":"11:27:27","h":"Ouest","s":"25N-H56NV20S-80-S"},{"r":"112","t":"11:27:27","h":"Ouest","s":"25S-H56S000S-80-S"},{"r":"112","t":"11:49:40","h":"Ouest","s":"25N-H56N000I-80-I"},{"r":"112","t":"11:49:40","h":"Ouest","s":"25N-H56N100F-80-F1"},{"r":"112","t":"11:49:40","h":"Ouest","s":"25N-H56N200F-80-F2"},{"r":"112","t":"11:49:40","h":"Ouest","s":"25N-H56N300F-80-F3"},{"r":"112","t":"11:49:40","h":"Ouest","s":"25N-H56N400F-80-F4"},{"r":"112","t":"11:49:40","h":"Ouest","s":"25N-H56NV10I-80-I"},{"r":"112","t":"11:49:40","h":"Ouest","s":"25N-H56NV20I-80-I"},{"r":"112","t":"11:49:40","h":"Ouest","s":"25S-H56S000I-80-I"},{"r":"112","t":"11:49:40","h":"Ouest","s":"25S-H56S100F-80-F1"},{"r":"112","t":"11:49:40","h":"Ouest","s":"25S-H56S200F-81-F2"},{"r":"112","t":"11:53:40","h":"Ouest","s":"25N-H56N000A-80-A"},{"r":"112","t":"11:53:40","h":"Ouest","s":"25N-H56NV10A-80-A"},{"r":"112","t":"11:53:40","h":"Ouest","s":"25N-H56NV20A-80-A"},{"r":"112","t":"11:53:40","h":"Ouest","s":"25S-H56S000A-80-A"},{"r":"112","t":"11:56:27","h":"Ouest","s":"25N-H56N000S-80-S"},{"r":"112","t":"11:56:27","h":"Ouest","s":"25N-H56NV10S-80-S"},{"r":"112","t":"11:56:27","h":"Ouest","s":"25N-H56NV20S-80-S"},{"r":"112","t":"11:56:27","h":"Ouest","s":"25S-H56S000S-80-S"},{"r":"112","t":"12:19:40","h":"Ouest","s":"25N-H56N000I-80-I"},{"r":"112","t":"12:19:40","h":"Ouest","s":"25N-H56N100F-80-F1"},{"r":"112","t":"12:19:40","h":"Ouest","s":"25N-H56N200F-80-F2"},{"r":"112","t":"12:19:40","h":"Ouest","s":"25N-H56N300F-80-F3"},{"r":"112","t":"12:19:40","h":"Ouest","s":"25N-H56N400F-80-F4"},{"r":"112","t":"12:19:40","h":"Ouest","s":"25N-H56NV10I-80-I"},{"r":"112","t":"12:19:40","h":"Ouest","s":"25N-H56NV20I-80-I"},{"r":"112","t":"12:19:40","h":"Ouest","s":"25S-H56S000I-80-I"},{"r":"112","t":"12:19:40","h":"Ouest","s":"25S-H56S100F-80-F1"},{"r":"112","t":"12:19:40","h":"Ouest","s":"25S-H56S200F-81-F2"},{"r":"112","t":"12:22:40","h":"Ouest","s":"25N-H56N000A-80-A"},{"r":"112","t":"12:22:40","h":"Ouest","s":"25N-H56NV10A-80-A"},{"r":"112","t":"12:22:40","h":"Ouest","s":"25N-H56NV20A-80-A"},{"r":"112","t":"12:22:40","h":"Ouest","s":"25S-H56S000A-80-A"},{"r":"112","t":"12:27:27","h":"Ouest","s":"25N-H56N000S-80-S"},{"r":"112","t":"12:27:27","h":"Ouest","s":"25N-H56NV10S-80-S"},{"r":"112","t":"12:27:27","h":"Ouest","s":"25N-H56NV20S-80-S"},{"r":"112","t":"12:27:27","h":"Ouest","s":"25S-H56S000S-80-S"},{"r":"112","t":"12:51:40","h":"Ouest","s":"25N-H56N000I-80-I"},{"r":"112","t":"12:51:40","h":"Ouest","s":"25N-H56N100F-80-F1"},{"r":"112","t":"12:51:40","h":"Ouest","s":"25N-H56N200F-80-F2"},{"r":"112","t":"12:51:40","h":"Ouest","s":"25N-H56N300F-80-F3"},{"r":"112","t":"12:51:40","h":"Ouest","s":"25N-H56N400F-80-F4"},{"r":"112","t":"12:51:40","h":"Ouest","s":"25N-H56NV10I-80-I"},{"r":"112","t":"12:51:40","h":"Ouest","s":"25N-H56NV20I-80-I"},{"r":"112","t":"12:51:40","h":"Ouest","s":"25S-H56S000I-80-I"},{"r":"112","t":"12:51:40","h":"Ouest","s":"25S-H56S100F-80-F1"},{"r":"112","t":"12:51:40","h":"Ouest","s":"25S-H56S200F-81-F2"},{"r":"112","t":"12:53:27","h":"Ouest","s":"25N-H56N000S-80-S"},{"r":"112","t":"12:53:27","h":"Ouest","s":"25N-H56NV10S-80-S"},{"r":"112","t":"12:53:27","h":"Ouest","s":"25N-H56NV20S-80-S"},{"r":"112","t":"12:53:27","h":"Ouest","s":"25S-H56S000S-80-S"},{"r":"112","t":"12:53:40","h":"Ouest","s":"25N-H56N000A-80-A"},{"r":"112","t":"12:53:40","h":"Ouest","s":"25N-H56NV10A-80-A"},{"r":"112","t":"12:53:40","h":"Ouest","s":"25N-H56NV20A-80-A"},{"r":"112","t":"12:53:40","h":"Ouest","s":"25S-H56S000A-80-A"},{"r":"112","t":"13:16:27","h":"Ouest","s":"25N-H56N000S-80-S"},{"r":"112","t":"13:16:27","h":"Ouest","s":"25N-H56NV10S-80-S"},{"r":"112","t":"13:16:27","h":"Ouest","s":"25N-H56NV20S-80-S"},{"r":"112","t":"13:16:27","h":"Ouest","s":"25S-H56S000S-80-S"},{"r":"112","t":"13:22:40","h":"Ouest","s":"25N-H56N000I-80-I"},{"r":"112","t":"13:22:40","h":"Ouest","s":"25N-H56N100F-80-F1"},{"r":"112","t":"13:22:40","h":"Ouest","s":"25N-H56N200F-80-F2"},{"r":"112","t":"13:22:40","h":"Ouest","s":"25N-H56N300F-80-F3"},{"r":"112","t":"13:22:40","h":"Ouest","s":"25N-H56N400F-80-F4"},{"r":"112","t":"13:22:40","h":"Ouest","s":"25N-H56NV10I-80-I"},{"r":"112","t":"13:22:40","h":"Ouest","s":"25N-H56NV20I-80-I"},{"r":"112","t":"13:22:40","h":"Ouest","s":"25S-H56S000I-80-I"},{"r":"112","t":"13:22:40","h":"Ouest","s":"25S-H56S100F-80-F1"},{"r":"112","t":"13:22:40","h":"Ouest","s":"25S-H56S200F-81-F2"},{"r":"112","t":"13:23:40","h":"Ouest","s":"25N-H56N000A-80-A"},{"r":"112","t":"13:23:40","h":"Ouest","s":"25N-H56NV10A-80-A"},{"r":"112","t":"13:23:40","h":"Ouest","s":"25N-H56NV20A-80-A"},{"r":"112","t":"13:23:40","h":"Ouest","s":"25S-H56S000A-80-A"},{"r":"112","t":"13:42:27","h":"Ouest","s":"25N-H56N000S-80-S"},{"r":"112","t":"13:42:27","h":"Ouest","s":"25N-H56NV10S-80-S"},{"r":"112","t":"13:42:27","h":"Ouest","s":"25N-H56NV20S-80-S"},{"r":"112","t":"13:42:27","h":"Ouest","s":"25S-H56S000S-80-S"},{"r":"112","t":"13:53:40","h":"Ouest","s":"25N-H56N000A-80-A"},{"r":"112","t":"13:53:40","h":"Ouest","s":"25N-H56N000I-80-I"},{"r":"112","t":"13:53:40","h":"Ouest","s":"25N-H56N100F-80-F1"},{"r":"112","t":"13:53:40","h":"Ouest","s":"25N-H56N200F-80-F2"},{"r":"112","t":"13:53:40","h":"Ouest","s":"25N-H56N300F-80-F3"},{"r":"112","t":"13:53:40","h":"Ouest","s":"25N-H56N400F-80-F4"},{"r":"112","t":"13:53:40","h":"Ouest","s":"25N-H56NV10A-80-A"},{"r":"112","t":"13:53:40","h":"Ouest","s":"25N-H56NV10I-80-I"},{"r":"112","t":"13:53:40","h":"Ouest","s":"25N-H56NV20A-80-A"},{"r":"112","t":"13:53:40","h":"Ouest","s":"25N-H56NV20I-80-I"},{"r":"112","t":"13:53:40","h":"Ouest","s":"25S-H56S000A-80-A"},{"r":"112","t":"13:53:40","h":"Ouest","s":"25S-H56S000I-80-I"},{"r":"112","t":"13:53:40","h":"Ouest","s":"25S-H56S100F-80-F1"},{"r":"112","t":"13:53:40","h":"Ouest","s":"25S-H56S200F-81-F2"},{"r":"112","t":"14:10:27","h":"Ouest","s":"25N-H56N000S-80-S"},{"r":"112","t":"14:10:27","h":"Ouest","s":"25N-H56NV10S-80-S"},{"r":"112","t":"14:10:27","h":"Ouest","s":"25N-H56NV20S-80-S"},{"r":"112","t":"14:10:27","h":"Ouest","s":"25S-H56S000S-80-S"},{"r":"112","t":"14:16:40","h":"Ouest","s":"25N-H56N000I-80-I"},{"r":"112","t":"14:16:40","h":"Ouest","s":"25N-H56N100F-80-F1"},{"r":"112","t":"14:16:40","h":"Ouest","s":"25N-H56N200F-80-F2"},{"r":"112","t":"14:16:40","h":"Ouest","s":"25N-H56N300F-80-F3"},{"r":"112","t":"14:16:40","h":"Ouest","s":"25N-H56N400F-80-F4"},{"r":"112","t":"14:16:40","h":"Ouest","s":"25N-H56NV10I-80-I"},{"r":"112","t":"14:16:40","h":"Ouest","s":"25N-H56NV20I-80-I"},{"r":"112","t":"14:16:40","h":"Ouest","s":"25S-H56S000I-80-I"},{"r":"112","t":"14:16:40","h":"Ouest","s":"25S-H56S100F-80-F1"},{"r":"112","t":"14:16:40","h":"Ouest","s":"25S-H56S200F-81-F2"},{"r":"112","t":"14:19:40","h":"Ouest","s":"25N-H56N000A-80-A"},{"r":"112","t":"14:19:40","h":"Ouest","s":"25N-H56NV10A-80-A"},{"r":"112","t":"14:19:40","h":"Ouest","s":"25N-H56NV20A-80-A"},{"r":"112","t":"14:19:40","h":"Ouest","s":"25S-H56S000A-80-A"},{"r":"112","t":"14:32:27","h":"Ouest","s":"25N-H56N000S-80-S"},{"r":"112","t":"14:32:27","h":"Ouest","s":"25N-H56NV10S-80-S"},{"r":"112","t":"14:32:27","h":"Ouest","s":"25N-H56NV20S-80-S"},{"r":"112","t":"14:32:27","h":"Ouest","s":"25S-H56S000S-80-S"},{"r":"112","t":"14:39:40","h":"Ouest","s":"25N-H56N000I-80-I"},{"r":"112","t":"14:39:40","h":"Ouest","s":"25N-H56N100F-80-F1"},{"r":"112","t":"14:39:40","h":"Ouest","s":"25N-H56N200F-80-F2"},{"r":"112","t":"14:39:40","h":"Ouest","s":"25N-H56N300F-80-F3"},{"r":"112","t":"14:39:40","h":"Ouest","s":"25N-H56N400F-80-F4"},{"r":"112","t":"14:39:40","h":"Ouest","s":"25N-H56NV10I-80-I"},{"r":"112","t":"14:39:40","h":"Ouest","s":"25N-H56NV20I-80-I"},{"r":"112","t":"14:39:40","h":"Ouest","s":"25S-H56S000I-80-I"},{"r":"112","t":"14:39:40","h":"Ouest","s":"25S-H56S100F-80-F1"},{"r":"112","t":"14:39:40","h":"Ouest","s":"25S-H56S200F-81-F2"},{"r":"112","t":"14:41:40","h":"Ouest","s":"25N-H56N000A-80-A"},{"r":"112","t":"14:41:40","h":"Ouest","s":"25N-H56NV10A-80-A"},{"r":"112","t":"14:41:40","h":"Ouest","s":"25N-H56NV20A-80-A"},{"r":"112","t":"14:41:40","h":"Ouest","s":"25S-H56S000A-80-A"},{"r":"112","t":"14:52:27","h":"Ouest","s":"25N-H56N000S-80-S"},{"r":"112","t":"14:52:27","h":"Ouest","s":"25N-H56NV10S-80-S"},{"r":"112","t":"14:52:27","h":"Ouest","s":"25N-H56NV20S-80-S"},{"r":"112","t":"14:52:27","h":"Ouest","s":"25S-H56S000S-80-S"},{"r":"112","t":"15:01:40","h":"Ouest","s":"25N-H56N000I-80-I"},{"r":"112","t":"15:01:40","h":"Ouest","s":"25N-H56N100F-80-F1"},{"r":"112","t":"15:01:40","h":"Ouest","s":"25N-H56N200F-80-F2"},{"r":"112","t":"15:01:40","h":"Ouest","s":"25N-H56N300F-80-F3"},{"r":"112","t":"15:01:40","h":"Ouest","s":"25N-H56N400F-80-F4"},{"r":"112","t":"15:01:40","h":"Ouest","s":"25N-H56NV10I-80-I"},{"r":"112","t":"15:01:40","h":"Ouest","s":"25N-H56NV20I-80-I"},{"r":"112","t":"15:01:40","h":"Ouest","s":"25S-H56S000I-80-I"},{"r":"112","t":"15:01:40","h":"Ouest","s":"25S-H56S100F-80-F1"},{"r":"112","t":"15:01:40","h":"Ouest","s":"25S-H56S200F-81-F2"},{"r":"112","t":"15:03:40","h":"Ouest","s":"25N-H56N000A-80-A"},{"r":"112","t":"15:03:40","h":"Ouest","s":"25N-H56NV10A-80-A"},{"r":"112","t":"15:03:40","h":"Ouest","s":"25N-H56NV20A-80-A"},{"r":"112","t":"15:03:40","h":"Ouest","s":"25S-H56S000A-80-A"},{"r":"112","t":"15:10:27","h":"Ouest","s":"25N-H56N000S-80-S"},{"r":"112","t":"15:10:27","h":"Ouest","s":"25N-H56NV10S-80-S"},{"r":"112","t":"15:10:27","h":"Ouest","s":"25N-H56NV20S-80-S"},{"r":"112","t":"15:10:27","h":"Ouest","s":"25S-H56S000S-80-S"},{"r":"112","t":"15:21:40","h":"Ouest","s":"25N-H56N000I-80-I"},{"r":"112","t":"15:21:40","h":"Ouest","s":"25N-H56N100F-80-F1"},{"r":"112","t":"15:21:40","h":"Ouest","s":"25N-H56N200F-80-F2"},{"r":"112","t":"15:21:40","h":"Ouest","s":"25N-H56N300F-80-F3"},{"r":"112","t":"15:21:40","h":"Ouest","s":"25N-H56N400F-80-F4"},{"r":"112","t":"15:21:40","h":"Ouest","s":"25N-H56NV10I-80-I"},{"r":"112","t":"15:21:40","h":"Ouest","s":"25N-H56NV20I-80-I"},{"r":"112","t":"15:21:40","h":"Ouest","s":"25S-H56S000I-80-I"},{"r":"112","t":"15:21:40","h":"Ouest","s":"25S-H56S100F-80-F1"},{"r":"112","t":"15:21:40","h":"Ouest","s":"25S-H56S200F-81-F2"},{"r":"112","t":"15:22:27","h":"Ouest","s":"25N-H56N000S-80-S"},{"r":"112","t":"15:22:27","h":"Ouest","s":"25N-H56NV10S-80-S"},{"r":"112","t":"15:22:27","h":"Ouest","s":"25N-H56NV20S-80-S"},{"r":"112","t":"15:22:27","h":"Ouest","s":"25S-H56S000S-80-S"},{"r":"112","t":"15:23:40","h":"Ouest","s":"25N-H56N000A-80-A"},{"r":"112","t":"15:23:40","h":"Ouest","s":"25N-H56NV10A-80-A"},{"r":"112","t":"15:23:40","h":"Ouest","s":"25N-H56NV20A-80-A"},{"r":"112","t":"15:23:40","h":"Ouest","s":"25S-H56S000A-80-A"},{"r":"112","t":"15:35:27","h":"Ouest","s":"25N-H56N000S-80-S"},{"r":"112","t":"15:35:27","h":"Ouest","s":"25N-H56NV10S-80-S"},{"r":"112","t":"15:35:27","h":"Ouest","s":"25N-H56NV20S-80-S"},{"r":"112","t":"15:35:27","h":"Ouest","s":"25S-H56S000S-80-S"},{"r":"112","t":"15:41:40","h":"Ouest","s":"25N-H56N000I-80-I"},{"r":"112","t":"15:41:40","h":"Ouest","s":"25N-H56N100F-80-F1"},{"r":"112","t":"15:41:40","h":"Ouest","s":"25N-H56N200F-80-F2"},{"r":"112","t":"15:41:40","h":"Ouest","s":"25N-H56N300F-80-F3"},{"r":"112","t":"15:41:40","h":"Ouest","s":"25N-H56N400F-80-F4"},{"r":"112","t":"15:41:40","h":"Ouest","s":"25N-H56NV10I-80-I"},{"r":"112","t":"15:41:40","h":"Ouest","s":"25N-H56NV20I-80-I"},{"r":"112","t":"15:41:40","h":"Ouest","s":"25S-H56S000I-80-I"},{"r":"112","t":"15:41:40","h":"Ouest","s":"25S-H56S100F-80-F1"},{"r":"112","t":"15:41:40","h":"Ouest","s":"25S-H56S200F-81-F2"},{"r":"112","t":"15:43:40","h":"Ouest","s":"25N-H56N000A-80-A"},{"r":"112","t":"15:43:40","h":"Ouest","s":"25N-H56NV10A-80-A"},{"r":"112","t":"15:43:40","h":"Ouest","s":"25N-H56NV20A-80-A"},{"r":"112","t":"15:43:40","h":"Ouest","s":"25S-H56S000A-80-A"},{"r":"112","t":"15:44:27","h":"Ouest","s":"25N-H56N000S-80-S"},{"r":"112","t":"15:44:27","h":"Ouest","s":"25N-H56NV10S-80-S"},{"r":"112","t":"15:44:27","h":"Ouest","s":"25N-H56NV20S-80-S"},{"r":"112","t":"15:44:27","h":"Ouest","s":"25S-H56S000S-80-S"},{"r":"112","t":"15:52:27","h":"Ouest","s":"25N-H59N000S-80-S"},{"r":"112","t":"15:52:27","h":"Ouest","s":"25N-H59NV10S-84-S"},{"r":"112","t":"15:52:27","h":"Ouest","s":"25N-H59NV20S-80-S"},{"r":"112","t":"15:52:27","h":"Ouest","s":"25S-H59S000S-81-S"},{"r":"112","t":"16:00:27","h":"Ouest","s":"25N-H56N000S-80-S"},{"r":"112","t":"16:00:27","h":"Ouest","s":"25N-H56NV10S-80-S"},{"r":"112","t":"16:00:27","h":"Ouest","s":"25N-H56NV20S-80-S"},{"r":"112","t":"16:00:27","h":"Ouest","s":"25S-H56S000S-80-S"},{"r":"112","t":"16:00:40","h":"Ouest","s":"25N-H56N000I-80-I"},{"r":"112","t":"16:00:40","h":"Ouest","s":"25N-H56N100F-80-F1"},{"r":"112","t":"16:00:40","h":"Ouest","s":"25N-H56N200F-80-F2"},{"r":"112","t":"16:00:40","h":"Ouest","s":"25N-H56N300F-80-F3"},{"r":"112","t":"16:00:40","h":"Ouest","s":"25N-H56N400F-80-F4"},{"r":"112","t":"16:00:40","h":"Ouest","s":"25N-H56NV10I-80-I"},{"r":"112","t":"16:00:40","h":"Ouest","s":"25N-H56NV20I-80-I"},{"r":"112","t":"16:00:40","h":"Ouest","s":"25S-H56S000I-80-I"},{"r":"112","t":"16:00:40","h":"Ouest","s":"25S-H56S100F-80-F1"},{"r":"112","t":"16:00:40","h":"Ouest","s":"25S-H56S200F-81-F2"},{"r":"112","t":"16:02:40","h":"Ouest","s":"25N-H56N000A-80-A"},{"r":"112","t":"16:02:40","h":"Ouest","s":"25N-H56NV10A-80-A"},{"r":"112","t":"16:02:40","h":"Ouest","s":"25N-H56NV20A-80-A"},{"r":"112","t":"16:02:40","h":"Ouest","s":"25S-H56S000A-80-A"},{"r":"112","t":"16:07:27","h":"Ouest","s":"25N-H56N000S-80-S"},{"r":"112","t":"16:07:27","h":"Ouest","s":"25N-H56NV10S-80-S"},{"r":"112","t":"16:07:27","h":"Ouest","s":"25N-H56NV20S-80-S"},{"r":"112","t":"16:07:27","h":"Ouest","s":"25S-H56S000S-80-S"},{"r":"112","t":"16:13:27","h":"Ouest","s":"25N-H56N000S-80-S"},{"r":"112","t":"16:13:27","h":"Ouest","s":"25N-H56NV10S-80-S"},{"r":"112","t":"16:13:27","h":"Ouest","s":"25N-H56NV20S-80-S"},{"r":"112","t":"16:13:27","h":"Ouest","s":"25S-H56S000S-80-S"},{"r":"112","t":"16:19:40","h":"Ouest","s":"25N-H56N000I-80-I"},{"r":"112","t":"16:19:40","h":"Ouest","s":"25N-H56N100F-80-F1"},{"r":"112","t":"16:19:40","h":"Ouest","s":"25N-H56N200F-80-F2"},{"r":"112","t":"16:19:40","h":"Ouest","s":"25N-H56N300F-80-F3"},{"r":"112","t":"16:19:40","h":"Ouest","s":"25N-H56N400F-80-F4"},{"r":"112","t":"16:19:40","h":"Ouest","s":"25N-H56NV10I-80-I"},{"r":"112","t":"16:19:40","h":"Ouest","s":"25N-H56NV20I-80-I"},{"r":"112","t":"16:19:40","h":"Ouest","s":"25S-H56S000I-80-I"},{"r":"112","t":"16:19:40","h":"Ouest","s":"25S-H56S100F-80-F1"},{"r":"112","t":"16:19:40","h":"Ouest","s":"25S-H56S200F-81-F2"},{"r":"112","t":"16:20:27","h":"Ouest","s":"25N-H56N000S-80-S"},{"r":"112","t":"16:20:27","h":"Ouest","s":"25N-H56NV10S-80-S"},{"r":"112","t":"16:20:27","h":"Ouest","s":"25N-H56NV20S-80-S"},{"r":"112","t":"16:20:27","h":"Ouest","s":"25S-H56S000S-80-S"},{"r":"112","t":"16:21:40","h":"Ouest","s":"25N-H56N000A-80-A"},{"r":"112","t":"16:21:40","h":"Ouest","s":"25N-H56NV10A-80-A"},{"r":"112","t":"16:21:40","h":"Ouest","s":"25N-H56NV20A-80-A"},{"r":"112","t":"16:21:40","h":"Ouest","s":"25S-H56S000A-80-A"},{"r":"112","t":"16:26:27","h":"Ouest","s":"25N-H56N000S-80-S"},{"r":"112","t":"16:26:27","h":"Ouest","s":"25N-H56NV10S-80-S"},{"r":"112","t":"16:26:27","h":"Ouest","s":"25N-H56NV20S-80-S"},{"r":"112","t":"16:26:27","h":"Ouest","s":"25S-H56S000S-80-S"},{"r":"112","t":"16:34:27","h":"Ouest","s":"25N-H56N000S-80-S"},{"r":"112","t":"16:34:27","h":"Ouest","s":"25N-H56NV10S-80-S"},{"r":"112","t":"16:34:27","h":"Ouest","s":"25N-H56NV20S-80-S"},{"r":"112","t":"16:34:27","h":"Ouest","s":"25S-H56S000S-80-S"},{"r":"112","t":"16:40:40","h":"Ouest","s":"25N-H56N000I-80-I"},{"r":"112","t":"16:40:40","h":"Ouest","s":"25N-H56N100F-80-F1"},{"r":"112","t":"16:40:40","h":"Ouest","s":"25N-H56N200F-80-F2"},{"r":"112","t":"16:40:40","h":"Ouest","s":"25N-H56N300F-80-F3"},{"r":"112","t":"16:40:40","h":"Ouest","s":"25N-H56N400F-80-F4"},{"r":"112","t":"16:40:40","h":"Ouest","s":"25N-H56NV10I-80-I"},{"r":"112","t":"16:40:40","h":"Ouest","s":"25N-H56NV20I-80-I"},{"r":"112","t":"16:40:40","h":"Ouest","s":"25S-H56S000I-80-I"},{"r":"112","t":"16:40:40","h":"Ouest","s":"25S-H56S100F-80-F1"},{"r":"112","t":"16:40:40","h":"Ouest","s":"25S-H56S200F-81-F2"},{"r":"112","t":"16:42:27","h":"Ouest","s":"25N-H56N000S-80-S"},{"r":"112","t":"16:42:27","h":"Ouest","s":"25N-H56NV10S-80-S"},{"r":"112","t":"16:42:27","h":"Ouest","s":"25N-H56NV20S-80-S"},{"r":"112","t":"16:42:27","h":"Ouest","s":"25S-H56S000S-80-S"},{"r":"112","t":"16:43:40","h":"Ouest","s":"25N-H56N000A-80-A"},{"r":"112","t":"16:43:40","h":"Ouest","s":"25N-H56NV10A-80-A"},{"r":"112","t":"16:43:40","h":"Ouest","s":"25N-H56NV20A-80-A"},{"r":"112","t":"16:43:40","h":"Ouest","s":"25S-H56S000A-80-A"},{"r":"112","t":"16:51:27","h":"Ouest","s":"25N-H56N000S-80-S"},{"r":"112","t":"16:51:27","h":"Ouest","s":"25N-H56NV10S-80-S"},{"r":"112","t":"16:51:27","h":"Ouest","s":"25N-H56NV20S-80-S"},{"r":"112","t":"16:51:27","h":"Ouest","s":"25S-H56S000S-80-S"},{"r":"112","t":"16:59:27","h":"Ouest","s":"25N-H56N000S-80-S"},{"r":"112","t":"16:59:27","h":"Ouest","s":"25N-H56NV10S-80-S"},{"r":"112","t":"16:59:27","h":"Ouest","s":"25N-H56NV20S-80-S"},{"r":"112","t":"16:59:27","h":"Ouest","s":"25S-H56S000S-80-S"},{"r":"112","t":"17:01:40","h":"Ouest","s":"25N-H56N000I-80-I"},{"r":"112","t":"17:01:40","h":"Ouest","s":"25N-H56N100F-80-F1"},{"r":"112","t":"17:01:40","h":"Ouest","s":"25N-H56N200F-80-F2"},{"r":"112","t":"17:01:40","h":"Ouest","s":"25N-H56N300F-80-F3"},{"r":"112","t":"17:01:40","h":"Ouest","s":"25N-H56N400F-80-F4"},{"r":"112","t":"17:01:40","h":"Ouest","s":"25N-H56NV10I-80-I"},{"r":"112","t":"17:01:40","h":"Ouest","s":"25N-H56NV20I-80-I"},{"r":"112","t":"17:01:40","h":"Ouest","s":"25S-H56S000I-80-I"},{"r":"112","t":"17:01:40","h":"Ouest","s":"25S-H56S100F-80-F1"},{"r":"112","t":"17:01:40","h":"Ouest","s":"25S-H56S200F-81-F2"},{"r":"112","t":"17:05:27","h":"Ouest","s":"25N-H56N000S-80-S"},{"r":"112","t":"17:05:27","h":"Ouest","s":"25N-H56NV10S-80-S"},{"r":"112","t":"17:05:27","h":"Ouest","s":"25N-H56NV20S-80-S"},{"r":"112","t":"17:05:27","h":"Ouest","s":"25S-H56S000S-80-S"},{"r":"112","t":"17:05:40","h":"Ouest","s":"25N-H56N000A-80-A"},{"r":"112","t":"17:05:40","h":"Ouest","s":"25N-H56NV10A-80-A"},{"r":"112","t":"17:05:40","h":"Ouest","s":"25N-H56NV20A-80-A"},{"r":"112","t":"17:05:40","h":"Ouest","s":"25S-H56S000A-80-A"},{"r":"112","t":"17:12:27","h":"Ouest","s":"25N-H56N000S-80-S"},{"r":"112","t":"17:12:27","h":"Ouest","s":"25N-H56NV10S-80-S"},{"r":"112","t":"17:12:27","h":"Ouest","s":"25N-H56NV20S-80-S"},{"r":"112","t":"17:12:27","h":"Ouest","s":"25S-H56S000S-80-S"},{"r":"112","t":"17:18:27","h":"Ouest","s":"25N-H56N000S-80-S"},{"r":"112","t":"17:18:27","h":"Ouest","s":"25N-H56NV10S-80-S"},{"r":"112","t":"17:18:27","h":"Ouest","s":"25N-H56NV20S-80-S"},{"r":"112","t":"17:18:27","h":"Ouest","s":"25S-H56S000S-80-S"},{"r":"112","t":"17:23:40","h":"Ouest","s":"25N-H56N000I-80-I"},{"r":"112","t":"17:23:40","h":"Ouest","s":"25N-H56N100F-80-F1"},{"r":"112","t":"17:23:40","h":"Ouest","s":"25N-H56N200F-80-F2"},{"r":"112","t":"17:23:40","h":"Ouest","s":"25N-H56N300F-80-F3"},{"r":"112","t":"17:23:40","h":"Ouest","s":"25N-H56N400F-80-F4"},{"r":"112","t":"17:23:40","h":"Ouest","s":"25N-H56NV10I-80-I"},{"r":"112","t":"17:23:40","h":"Ouest","s":"25N-H56NV20I-80-I"},{"r":"112","t":"17:23:40","h":"Ouest","s":"25S-H56S000I-80-I"},{"r":"112","t":"17:23:40","h":"Ouest","s":"25S-H56S100F-80-F1"},{"r":"112","t":"17:23:40","h":"Ouest","s":"25S-H56S200F-81-F2"},{"r":"112","t":"17:25:27","h":"Ouest","s":"25N-H56N000S-80-S"},{"r":"112","t":"17:25:27","h":"Ouest","s":"25N-H56NV10S-80-S"},{"r":"112","t":"17:25:27","h":"Ouest","s":"25N-H56NV20S-80-S"},{"r":"112","t":"17:25:27","h":"Ouest","s":"25S-H56S000S-80-S"},{"r":"112","t":"17:25:40","h":"Ouest","s":"25N-H56N000A-80-A"},{"r":"112","t":"17:25:40","h":"Ouest","s":"25N-H56NV10A-80-A"},{"r":"112","t":"17:25:40","h":"Ouest","s":"25N-H56NV20A-80-A"},{"r":"112","t":"17:25:40","h":"Ouest","s":"25S-H56S000A-80-A"},{"r":"112","t":"17:32:27","h":"Ouest","s":"25N-H56N000S-80-S"},{"r":"112","t":"17:32:27","h":"Ouest","s":"25N-H56NV10S-80-S"},{"r":"112","t":"17:32:27","h":"Ouest","s":"25N-H56NV20S-80-S"},{"r":"112","t":"17:32:27","h":"Ouest","s":"25S-H56S000S-80-S"},{"r":"112","t":"17:39:27","h":"Ouest","s":"25N-H56N000S-80-S"},{"r":"112","t":"17:39:27","h":"Ouest","s":"25N-H56NV10S-80-S"},{"r":"112","t":"17:39:27","h":"Ouest","s":"25N-H56NV20S-80-S"},{"r":"112","t":"17:39:27","h":"Ouest","s":"25S-H56S000S-80-S"},{"r":"112","t":"17:45:40","h":"Ouest","s":"25N-H56N000A-80-A"},{"r":"112","t":"17:45:40","h":"Ouest","s":"25N-H56N000I-80-I"},{"r":"112","t":"17:45:40","h":"Ouest","s":"25N-H56N100F-80-F1"},{"r":"112","t":"17:45:40","h":"Ouest","s":"25N-H56N200F-80-F2"},{"r":"112","t":"17:45:40","h":"Ouest","s":"25N-H56N300F-80-F3"},{"r":"112","t":"17:45:40","h":"Ouest","s":"25N-H56N400F-80-F4"},{"r":"112","t":"17:45:40","h":"Ouest","s":"25N-H56NV10A-80-A"},{"r":"112","t":"17:45:40","h":"Ouest","s":"25N-H56NV10I-80-I"},{"r":"112","t":"17:45:40","h":"Ouest","s":"25N-H56NV20A-80-A"},{"r":"112","t":"17:45:40","h":"Ouest","s":"25N-H56NV20I-80-I"},{"r":"112","t":"17:45:40","h":"Ouest","s":"25S-H56S000A-80-A"},{"r":"112","t":"17:45:40","h":"Ouest","s":"25S-H56S000I-80-I"},{"r":"112","t":"17:45:40","h":"Ouest","s":"25S-H56S100F-80-F1"},{"r":"112","t":"17:45:40","h":"Ouest","s":"25S-H56S200F-81-F2"},{"r":"112","t":"17:47:27","h":"Ouest","s":"25N-H56N000S-80-S"},{"r":"112","t":"17:47:27","h":"Ouest","s":"25N-H56NV10S-80-S"},{"r":"112","t":"17:47:27","h":"Ouest","s":"25N-H56NV20S-80-S"},{"r":"112","t":"17:47:27","h":"Ouest","s":"25S-H56S000S-80-S"},{"r":"112","t":"17:58:27","h":"Ouest","s":"25N-H56N000S-80-S"},{"r":"112","t":"17:58:27","h":"Ouest","s":"25N-H56NV10S-80-S"},{"r":"112","t":"17:58:27","h":"Ouest","s":"25N-H56NV20S-80-S"},{"r":"112","t":"17:58:27","h":"Ouest","s":"25S-H56S000S-80-S"},{"r":"112","t":"18:07:40","h":"Ouest","s":"25N-H56N000A-80-A"},{"r":"112","t":"18:07:40","h":"Ouest","s":"25N-H56N000I-80-I"},{"r":"112","t":"18:07:40","h":"Ouest","s":"25N-H56N100F-80-F1"},{"r":"112","t":"18:07:40","h":"Ouest","s":"25N-H56N200F-80-F2"},{"r":"112","t":"18:07:40","h":"Ouest","s":"25N-H56N300F-80-F3"},{"r":"112","t":"18:07:40","h":"Ouest","s":"25N-H56N400F-80-F4"},{"r":"112","t":"18:07:40","h":"Ouest","s":"25N-H56NV10A-80-A"},{"r":"112","t":"18:07:40","h":"Ouest","s":"25N-H56NV10I-80-I"},{"r":"112","t":"18:07:40","h":"Ouest","s":"25N-H56NV20A-80-A"},{"r":"112","t":"18:07:40","h":"Ouest","s":"25N-H56NV20I-80-I"},{"r":"112","t":"18:07:40","h":"Ouest","s":"25S-H56S000A-80-A"},{"r":"112","t":"18:07:40","h":"Ouest","s":"25S-H56S000I-80-I"},{"r":"112","t":"18:07:40","h":"Ouest","s":"25S-H56S100F-80-F1"},{"r":"112","t":"18:07:40","h":"Ouest","s":"25S-H56S200F-81-F2"},{"r":"112","t":"18:09:27","h":"Ouest","s":"25N-H56N000S-80-S"},{"r":"112","t":"18:09:27","h":"Ouest","s":"25N-H56NV10S-80-S"},{"r":"112","t":"18:09:27","h":"Ouest","s":"25N-H56NV20S-80-S"},{"r":"112","t":"18:09:27","h":"Ouest","s":"25S-H56S000S-80-S"},{"r":"112","t":"18:19:27","h":"Ouest","s":"25N-H56N000S-80-S"},{"r":"112","t":"18:19:27","h":"Ouest","s":"25N-H56NV10S-80-S"},{"r":"112","t":"18:19:27","h":"Ouest","s":"25N-H56NV20S-80-S"},{"r":"112","t":"18:19:27","h":"Ouest","s":"25S-H56S000S-80-S"},{"r":"112","t":"18:28:40","h":"Ouest","s":"25N-H56N000I-80-I"},{"r":"112","t":"18:28:40","h":"Ouest","s":"25N-H56N100F-80-F1"},{"r":"112","t":"18:28:40","h":"Ouest","s":"25N-H56N200F-80-F2"},{"r":"112","t":"18:28:40","h":"Ouest","s":"25N-H56N300F-80-F3"},{"r":"112","t":"18:28:40","h":"Ouest","s":"25N-H56N400F-80-F4"},{"r":"112","t":"18:28:40","h":"Ouest","s":"25N-H56NV10I-80-I"},{"r":"112","t":"18:28:40","h":"Ouest","s":"25N-H56NV20I-80-I"},{"r":"112","t":"18:28:40","h":"Ouest","s":"25S-H56S000I-80-I"},{"r":"112","t":"18:28:40","h":"Ouest","s":"25S-H56S100F-80-F1"},{"r":"112","t":"18:28:40","h":"Ouest","s":"25S-H56S200F-81-F2"},{"r":"112","t":"18:29:40","h":"Ouest","s":"25N-H56N000A-80-A"},{"r":"112","t":"18:29:40","h":"Ouest","s":"25N-H56NV10A-80-A"},{"r":"112","t":"18:29:40","h":"Ouest","s":"25N-H56NV20A-80-A"},{"r":"112","t":"18:29:40","h":"Ouest","s":"25S-H56S000A-80-A"},{"r":"112","t":"18:30:27","h":"Ouest","s":"25N-H56N000S-80-S"},{"r":"112","t":"18:30:27","h":"Ouest","s":"25N-H56NV10S-80-S"},{"r":"112","t":"18:30:27","h":"Ouest","s":"25N-H56NV20S-80-S"},{"r":"112","t":"18:30:27","h":"Ouest","s":"25S-H56S000S-80-S"},{"r":"112","t":"18:39:27","h":"Ouest","s":"25N-H56N000S-80-S"},{"r":"112","t":"18:39:27","h":"Ouest","s":"25N-H56NV10S-80-S"},{"r":"112","t":"18:39:27","h":"Ouest","s":"25N-H56NV20S-80-S"},{"r":"112","t":"18:39:27","h":"Ouest","s":"25S-H56S000S-80-S"},{"r":"112","t":"18:51:27","h":"Ouest","s":"25N-H56N000S-80-S"},{"r":"112","t":"18:51:27","h":"Ouest","s":"25N-H56NV10S-80-S"},{"r":"112","t":"18:51:27","h":"Ouest","s":"25N-H56NV20S-80-S"},{"r":"112","t":"18:51:27","h":"Ouest","s":"25S-H56S000S-80-S"},{"r":"112","t":"18:55:40","h":"Ouest","s":"25N-H56N000I-80-I"},{"r":"112","t":"18:55:40","h":"Ouest","s":"25N-H56N100F-80-F1"},{"r":"112","t":"18:55:40","h":"Ouest","s":"25N-H56N200F-80-F2"},{"r":"112","t":"18:55:40","h":"Ouest","s":"25N-H56N300F-80-F3"},{"r":"112","t":"18:55:40","h":"Ouest","s":"25N-H56N400F-80-F4"},{"r":"112","t":"18:55:40","h":"Ouest","s":"25N-H56NV10I-80-I"},{"r":"112","t":"18:55:40","h":"Ouest","s":"25N-H56NV20I-80-I"},{"r":"112","t":"18:55:40","h":"Ouest","s":"25S-H56S000I-80-I"},{"r":"112","t":"18:55:40","h":"Ouest","s":"25S-H56S100F-80-F1"},{"r":"112","t":"18:55:40","h":"Ouest","s":"25S-H56S200F-81-F2"},{"r":"112","t":"18:56:40","h":"Ouest","s":"25N-H56N000A-80-A"},{"r":"112","t":"18:56:40","h":"Ouest","s":"25N-H56NV10A-80-A"},{"r":"112","t":"18:56:40","h":"Ouest","s":"25N-H56NV20A-80-A"},{"r":"112","t":"18:56:40","h":"Ouest","s":"25S-H56S000A-80-A"},{"r":"112","t":"19:05:27","h":"Ouest","s":"25N-H56N000S-80-S"},{"r":"112","t":"19:05:27","h":"Ouest","s":"25N-H56NV10S-80-S"},{"r":"112","t":"19:05:27","h":"Ouest","s":"25N-H56NV20S-80-S"},{"r":"112","t":"19:05:27","h":"Ouest","s":"25S-H56S000S-80-S"},{"r":"112","t":"19:19:27","h":"Ouest","s":"25N-H56N000S-80-S"},{"r":"112","t":"19:19:27","h":"Ouest","s":"25N-H56NV10S-80-S"},{"r":"112","t":"19:19:27","h":"Ouest","s":"25N-H56NV20S-80-S"},{"r":"112","t":"19:19:27","h":"Ouest","s":"25S-H56S000S-80-S"},{"r":"112","t":"19:24:40","h":"Ouest","s":"25N-H56N000A-80-A"},{"r":"112","t":"19:24:40","h":"Ouest","s":"25N-H56NV10A-80-A"},{"r":"112","t":"19:24:40","h":"Ouest","s":"25N-H56NV20A-80-A"},{"r":"112","t":"19:24:40","h":"Ouest","s":"25S-H56S000A-80-A"},{"r":"112","t":"19:25:40","h":"Ouest","s":"25N-H56N000I-80-I"},{"r":"112","t":"19:25:40","h":"Ouest","s":"25N-H56N100F-80-F1"},{"r":"112","t":"19:25:40","h":"Ouest","s":"25N-H56N200F-80-F2"},{"r":"112","t":"19:25:40","h":"Ouest","s":"25N-H56N300F-80-F3"},{"r":"112","t":"19:25:40","h":"Ouest","s":"25N-H56N400F-80-F4"},{"r":"112","t":"19:25:40","h":"Ouest","s":"25N-H56NV10I-80-I"},{"r":"112","t":"19:25:40","h":"Ouest","s":"25N-H56NV20I-80-I"},{"r":"112","t":"19:25:40","h":"Ouest","s":"25S-H56S000I-80-I"},{"r":"112","t":"19:25:40","h":"Ouest","s":"25S-H56S100F-80-F1"},{"r":"112","t":"19:25:40","h":"Ouest","s":"25S-H56S200F-81-F2"},{"r":"112","t":"19:40:27","h":"Ouest","s":"25N-H56N000S-80-S"},{"r":"112","t":"19:40:27","h":"Ouest","s":"25N-H56NV10S-80-S"},{"r":"112","t":"19:40:27","h":"Ouest","s":"25N-H56NV20S-80-S"},{"r":"112","t":"19:40:27","h":"Ouest","s":"25S-H56S000S-80-S"},{"r":"112","t":"19:54:40","h":"Ouest","s":"25N-H56N000A-80-A"},{"r":"112","t":"19:54:40","h":"Ouest","s":"25N-H56NV10A-80-A"},{"r":"112","t":"19:54:40","h":"Ouest","s":"25N-H56NV20A-80-A"},{"r":"112","t":"19:54:40","h":"Ouest","s":"25S-H56S000A-80-A"},{"r":"112","t":"19:55:40","h":"Ouest","s":"25N-H56N000I-80-I"},{"r":"112","t":"19:55:40","h":"Ouest","s":"25N-H56N100F-80-F1"},{"r":"112","t":"19:55:40","h":"Ouest","s":"25N-H56N200F-80-F2"},{"r":"112","t":"19:55:40","h":"Ouest","s":"25N-H56N300F-80-F3"},{"r":"112","t":"19:55:40","h":"Ouest","s":"25N-H56N400F-80-F4"},{"r":"112","t":"19:55:40","h":"Ouest","s":"25N-H56NV10I-80-I"},{"r":"112","t":"19:55:40","h":"Ouest","s":"25N-H56NV20I-80-I"},{"r":"112","t":"19:55:40","h":"Ouest","s":"25S-H56S000I-80-I"},{"r":"112","t":"19:55:40","h":"Ouest","s":"25S-H56S100F-80-F1"},{"r":"112","t":"19:55:40","h":"Ouest","s":"25S-H56S200F-81-F2"},{"r":"112","t":"20:02:27","h":"Ouest","s":"25N-H56N000S-80-S"},{"r":"112","t":"20:02:27","h":"Ouest","s":"25N-H56NV10S-80-S"},{"r":"112","t":"20:02:27","h":"Ouest","s":"25N-H56NV20S-80-S"},{"r":"112","t":"20:02:27","h":"Ouest","s":"25S-H56S000S-80-S"},{"r":"112","t":"20:23:27","h":"Ouest","s":"25N-H56N000S-80-S"},{"r":"112","t":"20:23:27","h":"Ouest","s":"25N-H56NV10S-80-S"},{"r":"112","t":"20:23:27","h":"Ouest","s":"25N-H56NV20S-80-S"},{"r":"112","t":"20:23:27","h":"Ouest","s":"25S-H56S000S-80-S"},{"r":"112","t":"20:24:40","h":"Ouest","s":"25N-H56N000A-80-A"},{"r":"112","t":"20:24:40","h":"Ouest","s":"25N-H56NV10A-80-A"},{"r":"112","t":"20:24:40","h":"Ouest","s":"25N-H56NV20A-80-A"},{"r":"112","t":"20:24:40","h":"Ouest","s":"25S-H56S000A-80-A"},{"r":"112","t":"20:25:40","h":"Ouest","s":"25N-H56N000I-80-I"},{"r":"112","t":"20:25:40","h":"Ouest","s":"25N-H56N100F-80-F1"},{"r":"112","t":"20:25:40","h":"Ouest","s":"25N-H56N200F-80-F2"},{"r":"112","t":"20:25:40","h":"Ouest","s":"25N-H56N300F-80-F3"},{"r":"112","t":"20:25:40","h":"Ouest","s":"25N-H56N400F-80-F4"},{"r":"112","t":"20:25:40","h":"Ouest","s":"25N-H56NV10I-80-I"},{"r":"112","t":"20:25:40","h":"Ouest","s":"25N-H56NV20I-80-I"},{"r":"112","t":"20:25:40","h":"Ouest","s":"25S-H56S000I-80-I"},{"r":"112","t":"20:25:40","h":"Ouest","s":"25S-H56S100F-80-F1"},{"r":"112","t":"20:25:40","h":"Ouest","s":"25S-H56S200F-81-F2"},{"r":"112","t":"20:45:27","h":"Ouest","s":"25N-H56N000S-80-S"},{"r":"112","t":"20:45:27","h":"Ouest","s":"25N-H56NV10S-80-S"},{"r":"112","t":"20:45:27","h":"Ouest","s":"25N-H56NV20S-80-S"},{"r":"112","t":"20:45:27","h":"Ouest","s":"25S-H56S000S-80-S"},{"r":"112","t":"20:53:40","h":"Ouest","s":"25N-H56N000A-80-A"},{"r":"112","t":"20:53:40","h":"Ouest","s":"25N-H56NV10A-80-A"},{"r":"112","t":"20:53:40","h":"Ouest","s":"25N-H56NV20A-80-A"},{"r":"112","t":"20:53:40","h":"Ouest","s":"25S-H56S000A-80-A"},{"r":"112","t":"20:54:40","h":"Ouest","s":"25N-H56N000I-80-I"},{"r":"112","t":"20:54:40","h":"Ouest","s":"25N-H56N100F-80-F1"},{"r":"112","t":"20:54:40","h":"Ouest","s":"25N-H56N200F-80-F2"},{"r":"112","t":"20:54:40","h":"Ouest","s":"25N-H56N300F-80-F3"},{"r":"112","t":"20:54:40","h":"Ouest","s":"25N-H56N400F-80-F4"},{"r":"112","t":"20:54:40","h":"Ouest","s":"25N-H56NV10I-80-I"},{"r":"112","t":"20:54:40","h":"Ouest","s":"25N-H56NV20I-80-I"},{"r":"112","t":"20:54:40","h":"Ouest","s":"25S-H56S000I-80-I"},{"r":"112","t":"20:54:40","h":"Ouest","s":"25S-H56S100F-80-F1"},{"r":"112","t":"20:54:40","h":"Ouest","s":"25S-H56S200F-81-F2"},{"r":"112","t":"21:11:27","h":"Ouest","s":"25N-H56N000S-80-S"},{"r":"112","t":"21:11:27","h":"Ouest","s":"25N-H56NV10S-80-S"},{"r":"112","t":"21:11:27","h":"Ouest","s":"25N-H56NV20S-80-S"},{"r":"112","t":"21:11:27","h":"Ouest","s":"25S-H56S000S-80-S"},{"r":"112","t":"21:22:40","h":"Ouest","s":"25N-H56N000A-80-A"},{"r":"112","t":"21:22:40","h":"Ouest","s":"25N-H56N000I-80-I"},{"r":"112","t":"21:22:40","h":"Ouest","s":"25N-H56N100F-80-F1"},{"r":"112","t":"21:22:40","h":"Ouest","s":"25N-H56N200F-80-F2"},{"r":"112","t":"21:22:40","h":"Ouest","s":"25N-H56N300F-80-F3"},{"r":"112","t":"21:22:40","h":"Ouest","s":"25N-H56N400F-80-F4"},{"r":"112","t":"21:22:40","h":"Ouest","s":"25N-H56NV10A-80-A"},{"r":"112","t":"21:22:40","h":"Ouest","s":"25N-H56NV10I-80-I"},{"r":"112","t":"21:22:40","h":"Ouest","s":"25N-H56NV20A-80-A"},{"r":"112","t":"21:22:40","h":"Ouest","s":"25N-H56NV20I-80-I"},{"r":"112","t":"21:22:40","h":"Ouest","s":"25S-H56S000A-80-A"},{"r":"112","t":"21:22:40","h":"Ouest","s":"25S-H56S000I-80-I"},{"r":"112","t":"21:22:40","h":"Ouest","s":"25S-H56S100F-80-F1"},{"r":"112","t":"21:22:40","h":"Ouest","s":"25S-H56S200F-81-F2"},{"r":"112","t":"21:37:27","h":"Ouest","s":"25N-H56N000S-80-S"},{"r":"112","t":"21:37:27","h":"Ouest","s":"25N-H56NV10S-80-S"},{"r":"112","t":"21:37:27","h":"Ouest","s":"25N-H56NV20S-80-S"},{"r":"112","t":"21:37:27","h":"Ouest","s":"25S-H56S000S-80-S"},{"r":"112","t":"21:51:40","h":"Ouest","s":"25N-H56N000A-80-A"},{"r":"112","t":"21:51:40","h":"Ouest","s":"25N-H56N000I-80-I"},{"r":"112","t":"21:51:40","h":"Ouest","s":"25N-H56N100F-80-F1"},{"r":"112","t":"21:51:40","h":"Ouest","s":"25N-H56N200F-80-F2"},{"r":"112","t":"21:51:40","h":"Ouest","s":"25N-H56N300F-80-F3"},{"r":"112","t":"21:51:40","h":"Ouest","s":"25N-H56N400F-80-F4"},{"r":"112","t":"21:51:40","h":"Ouest","s":"25N-H56NV10A-80-A"},{"r":"112","t":"21:51:40","h":"Ouest","s":"25N-H56NV10I-80-I"},{"r":"112","t":"21:51:40","h":"Ouest","s":"25N-H56NV20A-80-A"},{"r":"112","t":"21:51:40","h":"Ouest","s":"25N-H56NV20I-80-I"},{"r":"112","t":"21:51:40","h":"Ouest","s":"25S-H56S000A-80-A"},{"r":"112","t":"21:51:40","h":"Ouest","s":"25S-H56S000I-80-I"},{"r":"112","t":"21:51:40","h":"Ouest","s":"25S-H56S100F-80-F1"},{"r":"112","t":"21:51:40","h":"Ouest","s":"25S-H56S200F-81-F2"},{"r":"112","t":"22:03:27","h":"Ouest","s":"25N-H56N000S-80-S"},{"r":"112","t":"22:03:27","h":"Ouest","s":"25N-H56NV10S-80-S"},{"r":"112","t":"22:03:27","h":"Ouest","s":"25N-H56NV20S-80-S"},{"r":"112","t":"22:03:27","h":"Ouest","s":"25S-H56S000S-80-S"},{"r":"112","t":"22:19:40","h":"Ouest","s":"25N-H56N000A-80-A"},{"r":"112","t":"22:19:40","h":"Ouest","s":"25N-H56N000I-80-I"},{"r":"112","t":"22:19:40","h":"Ouest","s":"25N-H56N100F-80-F1"},{"r":"112","t":"22:19:40","h":"Ouest","s":"25N-H56N200F-80-F2"},{"r":"112","t":"22:19:40","h":"Ouest","s":"25N-H56N300F-80-F3"},{"r":"112","t":"22:19:40","h":"Ouest","s":"25N-H56N400F-80-F4"},{"r":"112","t":"22:19:40","h":"Ouest","s":"25N-H56NV10A-80-A"},{"r":"112","t":"22:19:40","h":"Ouest","s":"25N-H56NV10I-80-I"},{"r":"112","t":"22:19:40","h":"Ouest","s":"25N-H56NV20A-80-A"},{"r":"112","t":"22:19:40","h":"Ouest","s":"25N-H56NV20I-80-I"},{"r":"112","t":"22:19:40","h":"Ouest","s":"25S-H56S000A-80-A"},{"r":"112","t":"22:19:40","h":"Ouest","s":"25S-H56S000I-80-I"},{"r":"112","t":"22:19:40","h":"Ouest","s":"25S-H56S100F-80-F1"},{"r":"112","t":"22:19:40","h":"Ouest","s":"25S-H56S200F-81-F2"},{"r":"112","t":"22:30:27","h":"Ouest","s":"25N-H56N000S-80-S"},{"r":"112","t":"22:30:27","h":"Ouest","s":"25N-H56NV10S-80-S"},{"r":"112","t":"22:30:27","h":"Ouest","s":"25N-H56NV20S-80-S"},{"r":"112","t":"22:30:27","h":"Ouest","s":"25S-H56S000S-80-S"},{"r":"112","t":"22:48:40","h":"Ouest","s":"25N-H56N000I-80-I"},{"r":"112","t":"22:48:40","h":"Ouest","s":"25N-H56N100F-80-F1"},{"r":"112","t":"22:48:40","h":"Ouest","s":"25N-H56N200F-80-F2"},{"r":"112","t":"22:48:40","h":"Ouest","s":"25N-H56N300F-80-F3"},{"r":"112","t":"22:48:40","h":"Ouest","s":"25N-H56N400F-80-F4"},{"r":"112","t":"22:48:40","h":"Ouest","s":"25N-H56NV10I-80-I"},{"r":"112","t":"22:48:40","h":"Ouest","s":"25N-H56NV20I-80-I"},{"r":"112","t":"22:48:40","h":"Ouest","s":"25S-H56S000I-80-I"},{"r":"112","t":"22:48:40","h":"Ouest","s":"25S-H56S100F-80-F1"},{"r":"112","t":"22:48:40","h":"Ouest","s":"25S-H56S200F-81-F2"},{"r":"112","t":"22:52:40","h":"Ouest","s":"25N-H56N000A-80-A"},{"r":"112","t":"22:52:40","h":"Ouest","s":"25N-H56NV10A-80-A"},{"r":"112","t":"22:52:40","h":"Ouest","s":"25N-H56NV20A-80-A"},{"r":"112","t":"22:52:40","h":"Ouest","s":"25S-H56S000A-80-A"},{"r":"112","t":"22:58:27","h":"Ouest","s":"25N-H56N000S-80-S"},{"r":"112","t":"22:58:27","h":"Ouest","s":"25N-H56NV10S-80-S"},{"r":"112","t":"22:58:27","h":"Ouest","s":"25N-H56NV20S-80-S"},{"r":"112","t":"22:58:27","h":"Ouest","s":"25S-H56S000S-80-S"},{"r":"112","t":"23:19:40","h":"Ouest","s":"25N-H56N000I-80-I"},{"r":"112","t":"23:19:40","h":"Ouest","s":"25N-H56N100F-80-F1"},{"r":"112","t":"23:19:40","h":"Ouest","s":"25N-H56N200F-80-F2"},{"r":"112","t":"23:19:40","h":"Ouest","s":"25N-H56N300F-80-F3"},{"r":"112","t":"23:19:40","h":"Ouest","s":"25N-H56N400F-80-F4"},{"r":"112","t":"23:19:40","h":"Ouest","s":"25N-H56NV10I-80-I"},{"r":"112","t":"23:19:40","h":"Ouest","s":"25N-H56NV20I-80-I"},{"r":"112","t":"23:19:40","h":"Ouest","s":"25S-H56S000I-80-I"},{"r":"112","t":"23:19:40","h":"Ouest","s":"25S-H56S100F-80-F1"},{"r":"112","t":"23:19:40","h":"Ouest","s":"25S-H56S200F-81-F2"},{"r":"112","t":"23:25:27","h":"Ouest","s":"25N-H56N000S-80-S"},{"r":"112","t":"23:25:27","h":"Ouest","s":"25N-H56NV10S-80-S"},{"r":"112","t":"23:25:27","h":"Ouest","s":"25N-H56NV20S-80-S"},{"r":"112","t":"23:25:27","h":"Ouest","s":"25S-H56S000S-80-S"},{"r":"112","t":"23:25:40","h":"Ouest","s":"25N-H56N000A-80-A"},{"r":"112","t":"23:25:40","h":"Ouest","s":"25N-H56NV10A-80-A"},{"r":"112","t":"23:25:40","h":"Ouest","s":"25N-H56NV20A-80-A"},{"r":"112","t":"23:25:40","h":"Ouest","s":"25S-H56S000A-80-A"},{"r":"112","t":"23:51:40","h":"Ouest","s":"25N-H56N000I-80-I"},{"r":"112","t":"23:51:40","h":"Ouest","s":"25N-H56N100F-80-F1"},{"r":"112","t":"23:51:40","h":"Ouest","s":"25N-H56N200F-80-F2"},{"r":"112","t":"23:51:40","h":"Ouest","s":"25N-H56N300F-80-F3"},{"r":"112","t":"23:51:40","h":"Ouest","s":"25N-H56N400F-80-F4"},{"r":"112","t":"23:51:40","h":"Ouest","s":"25N-H56NV10I-80-I"},{"r":"112","t":"23:51:40","h":"Ouest","s":"25N-H56NV20I-80-I"},{"r":"112","t":"23:51:40","h":"Ouest","s":"25S-H56S000I-80-I"},{"r":"112","t":"23:51:40","h":"Ouest","s":"25S-H56S100F-80-F1"},{"r":"112","t":"23:51:40","h":"Ouest","s":"25S-H56S200F-81-F2"},{"r":"112","t":"23:52:27","h":"Ouest","s":"25N-H56N000S-80-S"},{"r":"112","t":"23:52:27","h":"Ouest","s":"25N-H56NV10S-80-S"},{"r":"112","t":"23:52:27","h":"Ouest","s":"25N-H56NV20S-80-S"},{"r":"112","t":"23:52:27","h":"Ouest","s":"25S-H56S000S-80-S"},{"r":"112","t":"23:55:40","h":"Ouest","s":"25N-H56N000A-80-A"},{"r":"112","t":"23:55:40","h":"Ouest","s":"25N-H56NV10A-80-A"},{"r":"112","t":"23:55:40","h":"Ouest","s":"25N-H56NV20A-80-A"},{"r":"112","t":"23:55:40","h":"Ouest","s":"25S-H56S000A-80-A"},{"r":"112","t":"24:21:27","h":"Ouest","s":"25N-H56N000S-80-S"},{"r":"112","t":"24:21:27","h":"Ouest","s":"25N-H56NV10S-80-S"},{"r":"112","t":"24:21:27","h":"Ouest","s":"25N-H56NV20S-80-S"},{"r":"112","t":"24:21:27","h":"Ouest","s":"25S-H56S000S-80-S"},{"r":"112","t":"24:23:40","h":"Ouest","s":"25N-H56N000A-80-A"},{"r":"112","t":"24:23:40","h":"Ouest","s":"25N-H56N000I-80-I"},{"r":"112","t":"24:23:40","h":"Ouest","s":"25N-H56N100F-80-F1"},{"r":"112","t":"24:23:40","h":"Ouest","s":"25N-H56N200F-80-F2"},{"r":"112","t":"24:23:40","h":"Ouest","s":"25N-H56N300F-80-F3"},{"r":"112","t":"24:23:40","h":"Ouest","s":"25N-H56N400F-80-F4"},{"r":"112","t":"24:23:40","h":"Ouest","s":"25N-H56NV10A-80-A"},{"r":"112","t":"24:23:40","h":"Ouest","s":"25N-H56NV10I-80-I"},{"r":"112","t":"24:23:40","h":"Ouest","s":"25N-H56NV20A-80-A"},{"r":"112","t":"24:23:40","h":"Ouest","s":"25N-H56NV20I-80-I"},{"r":"112","t":"24:23:40","h":"Ouest","s":"25S-H56S000A-80-A"},{"r":"112","t":"24:23:40","h":"Ouest","s":"25S-H56S000I-80-I"},{"r":"112","t":"24:23:40","h":"Ouest","s":"25S-H56S100F-80-F1"},{"r":"112","t":"24:23:40","h":"Ouest","s":"25S-H56S200F-81-F2"},{"r":"112","t":"24:50:27","h":"Ouest","s":"25N-H56N000S-80-S"},{"r":"112","t":"24:50:27","h":"Ouest","s":"25N-H56NV10S-80-S"},{"r":"112","t":"24:50:27","h":"Ouest","s":"25N-H56NV20S-80-S"},{"r":"112","t":"24:50:27","h":"Ouest","s":"25S-H56S000S-80-S"},{"r":"112","t":"24:52:40","h":"Ouest","s":"25N-H56N000A-80-A"},{"r":"112","t":"24:52:40","h":"Ouest","s":"25N-H56N000I-80-I"},{"r":"112","t":"24:52:40","h":"Ouest","s":"25N-H56N100F-80-F1"},{"r":"112","t":"24:52:40","h":"Ouest","s":"25N-H56N200F-80-F2"},{"r":"112","t":"24:52:40","h":"Ouest","s":"25N-H56N300F-80-F3"},{"r":"112","t":"24:52:40","h":"Ouest","s":"25N-H56N400F-80-F4"},{"r":"112","t":"24:52:40","h":"Ouest","s":"25N-H56NV10A-80-A"},{"r":"112","t":"24:52:40","h":"Ouest","s":"25N-H56NV10I-80-I"},{"r":"112","t":"24:52:40","h":"Ouest","s":"25N-H56NV20A-80-A"},{"r":"112","t":"24:52:40","h":"Ouest","s":"25N-H56NV20I-80-I"},{"r":"112","t":"24:52:40","h":"Ouest","s":"25S-H56S000A-80-A"},{"r":"112","t":"24:52:40","h":"Ouest","s":"25S-H56S000I-80-I"},{"r":"112","t":"24:52:40","h":"Ouest","s":"25S-H56S100F-80-F1"},{"r":"112","t":"24:52:40","h":"Ouest","s":"25S-H56S200F-81-F2"},{"r":"112","t":"25:22:27","h":"Ouest","s":"25N-H56N000S-80-S"},{"r":"112","t":"25:22:27","h":"Ouest","s":"25N-H56NV10S-80-S"},{"r":"112","t":"25:22:27","h":"Ouest","s":"25N-H56NV20S-80-S"},{"r":"112","t":"25:22:27","h":"Ouest","s":"25S-H56S000S-80-S"},{"r":"112","t":"25:22:40","h":"Ouest","s":"25N-H56N000A-80-A"},{"r":"112","t":"25:22:40","h":"Ouest","s":"25N-H56N000I-80-I"},{"r":"112","t":"25:22:40","h":"Ouest","s":"25N-H56N100F-80-F1"},{"r":"112","t":"25:22:40","h":"Ouest","s":"25N-H56N200F-80-F2"},{"r":"112","t":"25:22:40","h":"Ouest","s":"25N-H56N300F-80-F3"},{"r":"112","t":"25:22:40","h":"Ouest","s":"25N-H56N400F-80-F4"},{"r":"112","t":"25:22:40","h":"Ouest","s":"25N-H56NV10A-80-A"},{"r":"112","t":"25:22:40","h":"Ouest","s":"25N-H56NV10I-80-I"},{"r":"112","t":"25:22:40","h":"Ouest","s":"25N-H56NV20A-80-A"},{"r":"112","t":"25:22:40","h":"Ouest","s":"25N-H56NV20I-80-I"},{"r":"112","t":"25:22:40","h":"Ouest","s":"25S-H56S000A-80-A"},{"r":"112","t":"25:22:40","h":"Ouest","s":"25S-H56S000I-80-I"},{"r":"112","t":"25:22:40","h":"Ouest","s":"25S-H56S100F-80-F1"},{"r":"112","t":"25:22:40","h":"Ouest","s":"25S-H56S200F-81-F2"},{"r":"112","t":"25:49:40","h":"Ouest","s":"25N-H56N000I-80-I"},{"r":"112","t":"25:49:40","h":"Ouest","s":"25N-H56N100F-80-F1"},{"r":"112","t":"25:49:40","h":"Ouest","s":"25N-H56N200F-80-F2"},{"r":"112","t":"25:49:40","h":"Ouest","s":"25N-H56N300F-80-F3"},{"r":"112","t":"25:49:40","h":"Ouest","s":"25N-H56N400F-80-F4"},{"r":"112","t":"25:49:40","h":"Ouest","s":"25N-H56NV10I-80-I"},{"r":"112","t":"25:49:40","h":"Ouest","s":"25N-H56NV20I-80-I"},{"r":"112","t":"25:49:40","h":"Ouest","s":"25S-H56S000I-80-I"},{"r":"112","t":"25:49:40","h":"Ouest","s":"25S-H56S100F-80-F1"},{"r":"112","t":"25:49:40","h":"Ouest","s":"25S-H56S200F-81-F2"},{"r":"112","t":"25:51:27","h":"Ouest","s":"25N-H56N000S-80-S"},{"r":"112","t":"25:51:27","h":"Ouest","s":"25N-H56NV10S-80-S"},{"r":"112","t":"25:51:27","h":"Ouest","s":"25N-H56NV20S-80-S"},{"r":"112","t":"25:51:27","h":"Ouest","s":"25S-H56S000S-80-S"},{"r":"112","t":"25:51:40","h":"Ouest","s":"25N-H56N000A-80-A"},{"r":"112","t":"25:51:40","h":"Ouest","s":"25N-H56NV10A-80-A"},{"r":"112","t":"25:51:40","h":"Ouest","s":"25N-H56NV20A-80-A"},{"r":"112","t":"25:51:40","h":"Ouest","s":"25S-H56S000A-80-A"},{"r":"112","t":"26:18:40","h":"Ouest","s":"25N-H56N000I-80-I"},{"r":"112","t":"26:18:40","h":"Ouest","s":"25N-H56N100F-80-F1"},{"r":"112","t":"26:18:40","h":"Ouest","s":"25N-H56N200F-80-F2"},{"r":"112","t":"26:18:40","h":"Ouest","s":"25N-H56N300F-80-F3"},{"r":"112","t":"26:18:40","h":"Ouest","s":"25N-H56N400F-80-F4"},{"r":"112","t":"26:18:40","h":"Ouest","s":"25N-H56NV10I-80-I"},{"r":"112","t":"26:18:40","h":"Ouest","s":"25N-H56NV20I-80-I"},{"r":"112","t":"26:18:40","h":"Ouest","s":"25S-H56S000I-80-I"},{"r":"112","t":"26:18:40","h":"Ouest","s":"25S-H56S100F-80-F1"},{"r":"112","t":"26:18:40","h":"Ouest","s":"25S-H56S200F-81-F2"},{"r":"112","t":"26:20:40","h":"Ouest","s":"25N-H56N000A-80-A"},{"r":"112","t":"26:20:40","h":"Ouest","s":"25N-H56NV10A-80-A"},{"r":"112","t":"26:20:40","h":"Ouest","s":"25N-H56NV20A-80-A"},{"r":"112","t":"26:20:40","h":"Ouest","s":"25S-H56S000A-80-A"}]