[{"r":"112","t":"05:47:00","h":"Ouest","s":"25N-H56N000I-80-I"},{"r":"112","t":"05:47:00","h":"Ouest","s":"25N-H56N100F-80-F1"},{"r":"112","t":"05:47:00","h":"Ouest","s":"25N-H56N200F-80-F2"},{"r":"112","t":"05:47:00","h":"Ouest","s":"25N-H56N300F-80-F3"},{"r":"112","t":"05:47:00","h":"Ouest","s":"25N-H56N400F-80-F4"},{"r":"112","t":"05:47:00","h":"Ouest","s":"25N-H56NV10I-80-I"},{"r":"112","t":"05:47:00","h":"Ouest","s":"25N-H56NV20I-80-I"},{"r":"112","t":"05:47:00","h":"Ouest","s":"25S-H56S000I-80-I"},{"r":"112","t":"05:47:00","h":"Ouest","s":"25S-H56S100F-80-F1"},{"r":"112","t":"05:47:00","h":"Ouest","s":"25S-H56S200F-81-F2"},{"r":"112","t":"05:48:00","h":"Ouest","s":"25N-H56N000A-80-A"},{"r":"112","t":"05:48:00","h":"Ouest","s":"25N-H56N000S-80-S"},{"r":"112","t":"05:48:00","h":"Ouest","s":"25N-H56NV10A-80-A"},{"r":"112","t":"05:48:00","h":"Ouest","s":"25N-H56NV10S-80-S"},{"r":"112","t":"05:48:00","h":"Ouest","s":"25N-H56NV20A-80-A"},{"r":"112","t":"05:48:00","h":"Ouest","s":"25N-H56NV20S-80-S"},{"r":"112","t":"05:48:00","h":"Ouest","s":"25S-H56S000A-80-A"},{"r":"112","t":"05:48:00","h":"Ouest","s":"25S-H56S000S-80-S"},{"r":"123","t":"05:53:30","h":"Sud","s":"25N-H56N000S-80-S"},{"r":"123","t":"05:53:30","h":"Sud","s":"25N-H56NV10S-80-S"},{"r":"123","t":"05:53:30","h":"Sud","s":"25N-H56NV20S-80-S"},{"r":"123","t":"05:53:30","h":"Sud","s":"25S-H56S000S-80-S"},{"r":"123","t":"06:09:40","h":"Sud","s":"25N-H56N000I-80-I"},{"r":"123","t":"06:09:40","h":"Sud","s":"25N-H56N100F-80-F1"},{"r":"123","t":"06:09:40","h":"Sud","s":"25N-H56N200F-80-F2"},{"r":"123","t":"06:09:40","h":"Sud","s":"25N-H56N300F-80-F3"},{"r":"123","t":"06:09:40","h":"Sud","s":"25N-H56N400F-80-F4"},{"r":"123","t":"06:09:40","h":"Sud","s":"25N-H56NV10I-80-I"},{"r":"123","t":"06:09:40","h":"Sud","s":"25N-H56NV20I-80-I"},{"r":"123","t":"06:09:40","h":"Sud","s":"25S-H56S000I-80-I"},{"r":"123","t":"06:09:40","h":"Sud","s":"25S-H56S100F-80-F1"},{"r":"123","t":"06:09:40","h":"Sud","s":"25S-H56S200F-81-F2"},{"r":"123","t":"06:11:40","h":"Sud","s":"25N-H56N000A-80-A"},{"r":"123","t":"06:11:40","h":"Sud","s":"25N-H56NV10A-80-A"},{"r":"123","t":"06:11:40","h":"Sud","s":"25N-H56NV20A-80-A"},{"r":"123","t":"06:11:40","h":"Sud","s":"25S-H56S000A-80-A"},{"r":"112","t":"06:18:00","h":"Ouest","s":"25N-H56N000I-80-I"},{"r":"112","t":"06:18:00","h":"Ouest","s":"25N-H56N100F-80-F1"},{"r":"112","t":"06:18:00","h":"Ouest","s":"25N-H56N200F-80-F2"},{"r":"112","t":"06:18:00","h":"Ouest","s":"25N-H56N300F-80-F3"},{"r":"112","t":"06:18:00","h":"Ouest","s":"25N-H56N400F-80-F4"},{"r":"112","t":"06:18:00","h":"Ouest","s":"25N-H56NV10I-80-I"},{"r":"112","t":"06:18:00","h":"Ouest","s":"25N-H56NV20I-80-I"},{"r":"112","t":"06:18:00","h":"Ouest","s":"25S-H56S000I-80-I"},{"r":"112","t":"06:18:00","h":"Ouest","s":"25S-H56S100F-80-F1"},{"r":"112","t":"06:18:00","h":"Ouest","s":"25S-H56S200F-81-F2"},{"r":"112","t":"06:19:00","h":"Ouest","s":"25N-H56N000A-80-A"},{"r":"112","t":"06:19:00","h":"Ouest","s":"25N-H56NV10A-80-A"},{"r":"112","t":"06:19:00","h":"Ouest","s":"25N-H56NV20A-80-A"},{"r":"112","t":"06:19:00","h":"Ouest","s":"25S-H56S000A-80-A"},{"r":"112","t":"06:20:00","h":"Ouest","s":"25N-H56N000S-80-S"},{"r":"112","t":"06:20:00","h":"Ouest","s":"25N-H56NV10S-80-S"},{"r":"112","t":"06:20:00","h":"Ouest","s":"25N-H56NV20S-80-S"},{"r":"112","t":"06:20:00","h":"Ouest","s":"25S-H56S000S-80-S"},{"r":"123","t":"06:26:30","h":"Sud","s":"25N-H56N000S-80-S"},{"r":"123","t":"06:26:30","h":"Sud","s":"25N-H56NV10S-80-S"},{"r":"123","t":"06:26:30","h":"Sud","s":"25N-H56NV20S-80-S"},{"r":"123","t":"06:26:30","h":"Sud","s":"25S-H56S000S-80-S"},{"r":"123","t":"06:41:40","h":"Sud","s":"25N-H56N000I-80-I"},{"r":"123","t":"06:41:40","h":"Sud","s":"25N-H56N100F-80-F1"},{"r":"123","t":"06:41:40","h":"Sud","s":"25N-H56N200F-80-F2"},{"r":"123","t":"06:41:40","h":"Sud","s":"25N-H56N300F-80-F3"},{"r":"123","t":"06:41:40","h":"Sud","s":"25N-H56N400F-80-F4"},{"r":"123","t":"06:41:40","h":"Sud","s":"25N-H56NV10I-80-I"},{"r":"123","t":"06:41:40","h":"Sud","s":"25N-H56NV20I-80-I"},{"r":"123","t":"06:41:40","h":"Sud","s":"25S-H56S000I-80-I"},{"r":"123","t":"06:41:40","h":"Sud","s":"25S-H56S100F-80-F1"},{"r":"123","t":"06:41:40","h":"Sud","s":"25S-H56S200F-81-F2"},{"r":"123","t":"06:43:40","h":"Sud","s":"25N-H56N000A-80-A"},{"r":"123","t":"06:43:40","h":"Sud","s":"25N-H56NV10A-80-A"},{"r":"123","t":"06:43:40","h":"Sud","s":"25N-H56NV20A-80-A"},{"r":"123","t":"06:43:40","h":"Sud","s":"25S-H56S000A-80-A"},{"r":"123","t":"06:45:30","h":"Sud","s":"25N-H56N000S-80-S"},{"r":"123","t":"06:45:30","h":"Sud","s":"25N-H56NV10S-80-S"},{"r":"123","t":"06:45:30","h":"Sud","s":"25N-H56NV20S-80-S"},{"r":"123","t":"06:45:30","h":"Sud","s":"25S-H56S000S-80-S"},{"r":"112","t":"06:47:00","h":"Ouest","s":"25N-H56N000S-80-S"},{"r":"112","t":"06:47:00","h":"Ouest","s":"25N-H56NV10S-80-S"},{"r":"112","t":"06:47:00","h":"Ouest","s":"25N-H56NV20S-80-S"},{"r":"112","t":"06:47:00","h":"Ouest","s":"25S-H56S000S-80-S"},{"r":"112","t":"06:48:00","h":"Ouest","s":"25N-H56N000I-80-I"},{"r":"112","t":"06:48:00","h":"Ouest","s":"25N-H56N100F-80-F1"},{"r":"112","t":"06:48:00","h":"Ouest","s":"25N-H56N200F-80-F2"},{"r":"112","t":"06:48:00","h":"Ouest","s":"25N-H56N300F-80-F3"},{"r":"112","t":"06:48:00","h":"Ouest","s":"25N-H56N400F-80-F4"},{"r":"112","t":"06:48:00","h":"Ouest","s":"25N-H56NV10I-80-I"},{"r":"112","t":"06:48:00","h":"Ouest","s":"25N-H56NV20I-80-I"},{"r":"112","t":"06:48:00","h":"Ouest","s":"25S-H56S000I-80-I"},{"r":"112","t":"06:48:00","h":"Ouest","s":"25S-H56S100F-80-F1"},{"r":"112","t":"06:48:00","h":"Ouest","s":"25S-H56S200F-81-F2"},{"r":"112","t":"06:49:00","h":"Ouest","s":"25N-H56N000A-80-A"},{"r":"112","t":"06:49:00","h":"Ouest","s":"25N-H56NV10A-80-A"},{"r":"112","t":"06:49:00","h":"Ouest","s":"25N-H56NV20A-80-A"},{"r":"112","t":"06:49:00","h":"Ouest","s":"25S-H56S000A-80-A"},{"r":"123","t":"07:05:30","h":"Sud","s":"25N-H56N000S-80-S"},{"r":"123","t":"07:05:30","h":"Sud","s":"25N-H56NV10S-80-S"},{"r":"123","t":"07:05:30","h":"Sud","s":"25N-H56NV20S-80-S"},{"r":"123","t":"07:05:30","h":"Sud","s":"25S-H56S000S-80-S"},{"r":"123","t":"07:12:40","h":"Sud","s":"25N-H56N000I-80-I"},{"r":"123","t":"07:12:40","h":"Sud","s":"25N-H56N100F-80-F1"},{"r":"123","t":"07:12:40","h":"Sud","s":"25N-H56N200F-80-F2"},{"r":"123","t":"07:12:40","h":"Sud","s":"25N-H56N300F-80-F3"},{"r":"123","t":"07:12:40","h":"Sud","s":"25N-H56N400F-80-F4"},{"r":"123","t":"07:12:40","h":"Sud","s":"25N-H56NV10I-80-I"},{"r":"123","t":"07:12:40","h":"Sud","s":"25N-H56NV20I-80-I"},{"r":"123","t":"07:12:40","h":"Sud","s":"25S-H56S000I-80-I"},{"r":"123","t":"07:12:40","h":"Sud","s":"25S-H56S100F-80-F1"},{"r":"123","t":"07:12:40","h":"Sud","s":"25S-H56S200F-81-F2"},{"r":"112","t":"07:13:00","h":"Ouest","s":"25N-H56N000S-80-S"},{"r":"112","t":"07:13:00","h":"Ouest","s":"25N-H56NV10S-80-S"},{"r":"112","t":"07:13:00","h":"Ouest","s":"25N-H56NV20S-80-S"},{"r":"112","t":"07:13:00","h":"Ouest","s":"25S-H56S000S-80-S"},{"r":"123","t":"07:14:40","h":"Sud","s":"25N-H56N000A-80-A"},{"r":"123","t":"07:14:40","h":"Sud","s":"25N-H56NV10A-80-A"},{"r":"123","t":"07:14:40","h":"Sud","s":"25N-H56NV20A-80-A"},{"r":"123","t":"07:14:40","h":"Sud","s":"25S-H56S000A-80-A"},{"r":"112","t":"07:17:00","h":"Ouest","s":"25N-H56N000I-80-I"},{"r":"112","t":"07:17:00","h":"Ouest","s":"25N-H56N100F-80-F1"},{"r":"112","t":"07:17:00","h":"Ouest","s":"25N-H56N200F-80-F2"},{"r":"112","t":"07:17:00","h":"Ouest","s":"25N-H56N300F-80-F3"},{"r":"112","t":"07:17:00","h":"Ouest","s":"25N-H56N400F-80-F4"},{"r":"112","t":"07:17:00","h":"Ouest","s":"25N-H56NV10I-80-I"},{"r":"112","t":"07:17:00","h":"Ouest","s":"25N-H56NV20I-80-I"},{"r":"112","t":"07:17:00","h":"Ouest","s":"25S-H56S000I-80-I"},{"r":"112","t":"07:17:00","h":"Ouest","s":"25S-H56S100F-80-F1"},{"r":"112","t":"07:17:00","h":"Ouest","s":"25S-H56S200F-81-F2"},{"r":"112","t":"07:18:00","h":"Ouest","s":"25N-H56N000A-80-A"},{"r":"112","t":"07:18:00","h":"Ouest","s":"25N-H56NV10A-80-A"},{"r":"112","t":"07:18:00","h":"Ouest","s":"25N-H56NV20A-80-A"},{"r":"112","t":"07:18:00","h":"Ouest","s":"25S-H56S000A-80-A"},{"r":"123","t":"07:41:30","h":"Sud","s":"25N-H56N000S-80-S"},{"r":"123","t":"07:41:30","h":"Sud","s":"25N-H56NV10S-80-S"},{"r":"123","t":"07:41:30","h":"Sud","s":"25N-H56NV20S-80-S"},{"r":"123","t":"07:41:30","h":"Sud","s":"25S-H56S000S-80-S"},{"r":"112","t":"07:43:00","h":"Ouest","s":"25N-H56N000S-80-S"},{"r":"112","t":"07:43:00","h":"Ouest","s":"25N-H56NV10S-80-S"},{"r":"112","t":"07:43:00","h":"Ouest","s":"25N-H56NV20S-80-S"},{"r":"112","t":"07:43:00","h":"Ouest","s":"25S-H56S000S-80-S"},{"r":"123","t":"07:44:40","h":"Sud","s":"25N-H56N000I-80-I"},{"r":"123","t":"07:44:40","h":"Sud","s":"25N-H56N100F-80-F1"},{"r":"123","t":"07:44:40","h":"Sud","s":"25N-H56N200F-80-F2"},{"r":"123","t":"07:44:40","h":"Sud","s":"25N-H56N300F-80-F3"},{"r":"123","t":"07:44:40","h":"Sud","s":"25N-H56N400F-80-F4"},{"r":"123","t":"07:44:40","h":"Sud","s":"25N-H56NV10I-80-I"},{"r":"123","t":"07:44:40","h":"Sud","s":"25N-H56NV20I-80-I"},{"r":"123","t":"07:44:40","h":"Sud","s":"25S-H56S000I-80-I"},{"r":"123","t":"07:44:40","h":"Sud","s":"25S-H56S100F-80-F1"},{"r":"123","t":"07:44:40","h":"Sud","s":"25S-H56S200F-81-F2"},{"r":"112","t":"07:46:00","h":"Ouest","s":"25N-H56N000I-80-I"},{"r":"112","t":"07:46:00","h":"Ouest","s":"25N-H56N100F-80-F1"},{"r":"112","t":"07:46:00","h":"Ouest","s":"25N-H56N200F-80-F2"},{"r":"112","t":"07:46:00","h":"Ouest","s":"25N-H56N300F-80-F3"},{"r":"112","t":"07:46:00","h":"Ouest","s":"25N-H56N400F-80-F4"},{"r":"112","t":"07:46:00","h":"Ouest","s":"25N-H56NV10I-80-I"},{"r":"112","t":"07:46:00","h":"Ouest","s":"25N-H56NV20I-80-I"},{"r":"112","t":"07:46:00","h":"Ouest","s":"25S-H56S000I-80-I"},{"r":"112","t":"07:46:00","h":"Ouest","s":"25S-H56S100F-80-F1"},{"r":"112","t":"07:46:00","h":"Ouest","s":"25S-H56S200F-81-F2"},{"r":"112","t":"07:47:00","h":"Ouest","s":"25N-H56N000A-80-A"},{"r":"112","t":"07:47:00","h":"Ouest","s":"25N-H56NV10A-80-A"},{"r":"112","t":"07:47:00","h":"Ouest","s":"25N-H56NV20A-80-A"},{"r":"112","t":"07:47:00","h":"Ouest","s":"25S-H56S000A-80-A"},{"r":"123","t":"07:47:05","h":"Sud","s":"25N-H56N000A-80-A"},{"r":"123","t":"07:47:05","h":"Sud","s":"25N-H56NV10A-80-A"},{"r":"123","t":"07:47:05","h":"Sud","s":"25N-H56NV20A-80-A"},{"r":"123","t":"07:47:05","h":"Sud","s":"25S-H56S000A-80-A"},{"r":"112","t":"08:03:00","h":"Ouest","s":"25N-H56N000S-80-S"},{"r":"112","t":"08:03:00","h":"Ouest","s":"25N-H56NV10S-80-S"},{"r":"112","t":"08:03:00","h":"Ouest","s":"25N-H56NV20S-80-S"},{"r":"112","t":"08:03:00","h":"Ouest","s":"25S-H56S000S-80-S"},{"r":"123","t":"08:11:30","h":"Sud","s":"25N-H56N000S-80-S"},{"r":"123","t":"08:11:30","h":"Sud","s":"25N-H56NV10S-80-S"},{"r":"123","t":"08:11:30","h":"Sud","s":"25N-H56NV20S-80-S"},{"r":"123","t":"08:11:30","h":"Sud","s":"25S-H56S000S-80-S"},{"r":"112","t":"08:15:00","h":"Ouest","s":"25N-H56N000I-80-I"},{"r":"112","t":"08:15:00","h":"Ouest","s":"25N-H56N100F-80-F1"},{"r":"112","t":"08:15:00","h":"Ouest","s":"25N-H56N200F-80-F2"},{"r":"112","t":"08:15:00","h":"Ouest","s":"25N-H56N300F-80-F3"},{"r":"112","t":"08:15:00","h":"Ouest","s":"25N-H56N400F-80-F4"},{"r":"112","t":"08:15:00","h":"Ouest","s":"25N-H56NV10I-80-I"},{"r":"112","t":"08:15:00","h":"Ouest","s":"25N-H56NV20I-80-I"},{"r":"112","t":"08:15:00","h":"Ouest","s":"25S-H56S000I-80-I"},{"r":"112","t":"08:15:00","h":"Ouest","s":"25S-H56S100F-80-F1"},{"r":"112","t":"08:15:00","h":"Ouest","s":"25S-H56S200F-81-F2"},{"r":"112","t":"08:17:00","h":"Ouest","s":"25N-H56N000A-80-A"},{"r":"112","t":"08:17:00","h":"Ouest","s":"25N-H56NV10A-80-A"},{"r":"112","t":"08:17:00","h":"Ouest","s":"25N-H56NV20A-80-A"},{"r":"112","t":"08:17:00","h":"Ouest","s":"25S-H56S000A-80-A"},{"r":"123","t":"08:17:40","h":"Sud","s":"25N-H56N000I-80-I"},{"r":"123","t":"08:17:40","h":"Sud","s":"25N-H56N100F-80-F1"},{"r":"123","t":"08:17:40","h":"Sud","s":"25N-H56N200F-80-F2"},{"r":"123","t":"08:17:40","h":"Sud","s":"25N-H56N300F-80-F3"},{"r":"123","t":"08:17:40","h":"Sud","s":"25N-H56N400F-80-F4"},{"r":"123","t":"08:17:40","h":"Sud","s":"25N-H56NV10I-80-I"},{"r":"123","t":"08:17:40","h":"Sud","s":"25N-H56NV20I-80-I"},{"r":"123","t":"08:17:40","h":"Sud","s":"25S-H56S000I-80-I"},{"r":"123","t":"08:17:40","h":"Sud","s":"25S-H56S100F-80-F1"},{"r":"123","t":"08:17:40","h":"Sud","s":"25S-H56S200F-81-F2"},{"r":"123","t":"08:20:05","h":"Sud","s":"25N-H56N000A-80-A"},{"r":"123","t":"08:20:05","h":"Sud","s":"25N-H56NV10A-80-A"},{"r":"123","t":"08:20:05","h":"Sud","s":"25N-H56NV20A-80-A"},{"r":"123","t":"08:20:05","h":"Sud","s":"25S-H56S000A-80-A"},{"r":"112","t":"08:24:00","h":"Ouest","s":"25N-H56N000S-80-S"},{"r":"112","t":"08:24:00","h":"Ouest","s":"25N-H56NV10S-80-S"},{"r":"112","t":"08:24:00","h":"Ouest","s":"25N-H56NV20S-80-S"},{"r":"112","t":"08:24:00","h":"Ouest","s":"25S-H56S000S-80-S"},{"r":"123","t":"08:42:30","h":"Sud","s":"25N-H56N000S-80-S"},{"r":"123","t":"08:42:30","h":"Sud","s":"25N-H56NV10S-80-S"},{"r":"123","t":"08:42:30","h":"Sud","s":"25N-H56NV20S-80-S"},{"r":"123","t":"08:42:30","h":"Sud","s":"25S-H56S000S-80-S"},{"r":"112","t":"08:45:00","h":"Ouest","s":"25N-H56N000I-80-I"},{"r":"112","t":"08:45:00","h":"Ouest","s":"25N-H56N000S-80-S"},{"r":"112","t":"08:45:00","h":"Ouest","s":"25N-H56N100F-80-F1"},{"r":"112","t":"08:45:00","h":"Ouest","s":"25N-H56N200F-80-F2"},{"r":"112","t":"08:45:00","h":"Ouest","s":"25N-H56N300F-80-F3"},{"r":"112","t":"08:45:00","h":"Ouest","s":"25N-H56N400F-80-F4"},{"r":"112","t":"08:45:00","h":"Ouest","s":"25N-H56NV10I-80-I"},{"r":"112","t":"08:45:00","h":"Ouest","s":"25N-H56NV10S-80-S"},{"r":"112","t":"08:45:00","h":"Ouest","s":"25N-H56NV20I-80-I"},{"r":"112","t":"08:45:00","h":"Ouest","s":"25N-H56NV20S-80-S"},{"r":"112","t":"08:45:00","h":"Ouest","s":"25S-H56S000I-80-I"},{"r":"112","t":"08:45:00","h":"Ouest","s":"25S-H56S000S-80-S"},{"r":"112","t":"08:45:00","h":"Ouest","s":"25S-H56S100F-80-F1"},{"r":"112","t":"08:45:00","h":"Ouest","s":"25S-H56S200F-81-F2"},{"r":"112","t":"08:47:00","h":"Ouest","s":"25N-H56N000A-80-A"},{"r":"112","t":"08:47:00","h":"Ouest","s":"25N-H56NV10A-80-A"},{"r":"112","t":"08:47:00","h":"Ouest","s":"25N-H56NV20A-80-A"},{"r":"112","t":"08:47:00","h":"Ouest","s":"25S-H56S000A-80-A"},{"r":"123","t":"08:50:40","h":"Sud","s":"25N-H56N000I-80-I"},{"r":"123","t":"08:50:40","h":"Sud","s":"25N-H56N100F-80-F1"},{"r":"123","t":"08:50:40","h":"Sud","s":"25N-H56N200F-80-F2"},{"r":"123","t":"08:50:40","h":"Sud","s":"25N-H56N300F-80-F3"},{"r":"123","t":"08:50:40","h":"Sud","s":"25N-H56N400F-80-F4"},{"r":"123","t":"08:50:40","h":"Sud","s":"25N-H56NV10I-80-I"},{"r":"123","t":"08:50:40","h":"Sud","s":"25N-H56NV20I-80-I"},{"r":"123","t":"08:50:40","h":"Sud","s":"25S-H56S000I-80-I"},{"r":"123","t":"08:50:40","h":"Sud","s":"25S-H56S100F-80-F1"},{"r":"123","t":"08:50:40","h":"Sud","s":"25S-H56S200F-81-F2"},{"r":"123","t":"08:53:05","h":"Sud","s":"25N-H56N000A-80-A"},{"r":"123","t":"08:53:05","h":"Sud","s":"25N-H56NV10A-80-A"},{"r":"123","t":"08:53:05","h":"Sud","s":"25N-H56NV20A-80-A"},{"r":"123","t":"08:53:05","h":"Sud","s":"25S-H56S000A-80-A"},{"r":"112","t":"09:06:00","h":"Ouest","s":"25N-H56N000S-80-S"},{"r":"112","t":"09:06:00","h":"Ouest","s":"25N-H56NV10S-80-S"},{"r":"112","t":"09:06:00","h":"Ouest","s":"25N-H56NV20S-80-S"},{"r":"112","t":"09:06:00","h":"Ouest","s":"25S-H56S000S-80-S"},{"r":"123","t":"09:10:30","h":"Sud","s":"25N-H56N000S-80-S"},{"r":"123","t":"09:10:30","h":"Sud","s":"25N-H56NV10S-80-S"},{"r":"123","t":"09:10:30","h":"Sud","s":"25N-H56NV20S-80-S"},{"r":"123","t":"09:10:30","h":"Sud","s":"25S-H56S000S-80-S"},{"r":"112","t":"09:15:00","h":"Ouest","s":"25N-H56N000I-80-I"},{"r":"112","t":"09:15:00","h":"Ouest","s":"25N-H56N100F-80-F1"},{"r":"112","t":"09:15:00","h":"Ouest","s":"25N-H56N200F-80-F2"},{"r":"112","t":"09:15:00","h":"Ouest","s":"25N-H56N300F-80-F3"},{"r":"112","t":"09:15:00","h":"Ouest","s":"25N-H56N400F-80-F4"},{"r":"112","t":"09:15:00","h":"Ouest","s":"25N-H56NV10I-80-I"},{"r":"112","t":"09:15:00","h":"Ouest","s":"25N-H56NV20I-80-I"},{"r":"112","t":"09:15:00","h":"Ouest","s":"25S-H56S000I-80-I"},{"r":"112","t":"09:15:00","h":"Ouest","s":"25S-H56S100F-80-F1"},{"r":"112","t":"09:15:00","h":"Ouest","s":"25S-H56S200F-81-F2"},{"r":"112","t":"09:17:00","h":"Ouest","s":"25N-H56N000A-80-A"},{"r":"112","t":"09:17:00","h":"Ouest","s":"25N-H56NV10A-80-A"},{"r":"112","t":"09:17:00","h":"Ouest","s":"25N-H56NV20A-80-A"},{"r":"112","t":"09:17:00","h":"Ouest","s":"25S-H56S000A-80-A"},{"r":"123","t":"09:23:40","h":"Sud","s":"25N-H56N000I-80-I"},{"r":"123","t":"09:23:40","h":"Sud","s":"25N-H56N100F-80-F1"},{"r":"123","t":"09:23:40","h":"Sud","s":"25N-H56N200F-80-F2"},{"r":"123","t":"09:23:40","h":"Sud","s":"25N-H56N300F-80-F3"},{"r":"123","t":"09:23:40","h":"Sud","s":"25N-H56N400F-80-F4"},{"r":"123","t":"09:23:40","h":"Sud","s":"25N-H56NV10I-80-I"},{"r":"123","t":"09:23:40","h":"Sud","s":"25N-H56NV20I-80-I"},{"r":"123","t":"09:23:40","h":"Sud","s":"25S-H56S000I-80-I"},{"r":"123","t":"09:23:40","h":"Sud","s":"25S-H56S100F-80-F1"},{"r":"123","t":"09:23:40","h":"Sud","s":"25S-H56S200F-81-F2"},{"r":"123","t":"09:26:05","h":"Sud","s":"25N-H56N000A-80-A"},{"r":"123","t":"09:26:05","h":"Sud","s":"25N-H56NV10A-80-A"},{"r":"123","t":"09:26:05","h":"Sud","s":"25N-H56NV20A-80-A"},{"r":"123","t":"09:26:05","h":"Sud","s":"25S-H56S000A-80-A"},{"r":"112","t":"09:27:00","h":"Ouest","s":"25N-H56N000S-80-S"},{"r":"112","t":"09:27:00","h":"Ouest","s":"25N-H56NV10S-80-S"},{"r":"112","t":"09:27:00","h":"Ouest","s":"25N-H56NV20S-80-S"},{"r":"112","t":"09:27:00","h":"Ouest","s":"25S-H56S000S-80-S"},{"r":"123","t":"09:37:30","h":"Sud","s":"25N-H56N000S-80-S"},{"r":"123","t":"09:37:30","h":"Sud","s":"25N-H56NV10S-80-S"},{"r":"123","t":"09:37:30","h":"Sud","s":"25N-H56NV20S-80-S"},{"r":"123","t":"09:37:30","h":"Sud","s":"25S-H56S000S-80-S"},{"r":"112","t":"09:46:00","h":"Ouest","s":"25N-H56N000I-80-I"},{"r":"112","t":"09:46:00","h":"Ouest","s":"25N-H56N100F-80-F1"},{"r":"112","t":"09:46:00","h":"Ouest","s":"25N-H56N200F-80-F2"},{"r":"112","t":"09:46:00","h":"Ouest","s":"25N-H56N300F-80-F3"},{"r":"112","t":"09:46:00","h":"Ouest","s":"25N-H56N400F-80-F4"},{"r":"112","t":"09:46:00","h":"Ouest","s":"25N-H56NV10I-80-I"},{"r":"112","t":"09:46:00","h":"Ouest","s":"25N-H56NV20I-80-I"},{"r":"112","t":"09:46:00","h":"Ouest","s":"25S-H56S000I-80-I"},{"r":"112","t":"09:46:00","h":"Ouest","s":"25S-H56S100F-80-F1"},{"r":"112","t":"09:46:00","h":"Ouest","s":"25S-H56S200F-81-F2"},{"r":"112","t":"09:47:00","h":"Ouest","s":"25N-H56N000A-80-A"},{"r":"112","t":"09:47:00","h":"Ouest","s":"25N-H56NV10A-80-A"},{"r":"112","t":"09:47:00","h":"Ouest","s":"25N-H56NV20A-80-A"},{"r":"112","t":"09:47:00","h":"Ouest","s":"25S-H56S000A-80-A"},{"r":"112","t":"09:51:00","h":"Ouest","s":"25N-H56N000S-80-S"},{"r":"112","t":"09:51:00","h":"Ouest","s":"25N-H56NV10S-80-S"},{"r":"112","t":"09:51:00","h":"Ouest","s":"25N-H56NV20S-80-S"},{"r":"112","t":"09:51:00","h":"Ouest","s":"25S-H56S000S-80-S"},{"r":"123","t":"09:57:05","h":"Sud","s":"25N-H56N000A-80-A"},{"r":"123","t":"09:57:05","h":"Sud","s":"25N-H56NV10A-80-A"},{"r":"123","t":"09:57:05","h":"Sud","s":"25N-H56NV20A-80-A"},{"r":"123","t":"09:57:05","h":"Sud","s":"25S-H56S000A-80-A"},{"r":"123","t":"09:57:40","h":"Sud","s":"25N-H56N000I-80-I"},{"r":"123","t":"09:57:40","h":"Sud","s":"25N-H56N100F-80-F1"},{"r":"123","t":"09:57:40","h":"Sud","s":"25N-H56N200F-80-F2"},{"r":"123","t":"09:57:40","h":"Sud","s":"25N-H56N300F-80-F3"},{"r":"123","t":"09:57:40","h":"Sud","s":"25N-H56N400F-80-F4"},{"r":"123","t":"09:57:40","h":"Sud","s":"25N-H56NV10I-80-I"},{"r":"123","t":"09:57:40","h":"Sud","s":"25N-H56NV20I-80-I"},{"r":"123","t":"09:57:40","h":"Sud","s":"25S-H56S000I-80-I"},{"r":"123","t":"09:57:40","h":"Sud","s":"25S-H56S100F-80-F1"},{"r":"123","t":"09:57:40","h":"Sud","s":"25S-H56S200F-81-F2"},{"r":"123","t":"10:05:30","h":"Sud","s":"25N-H56N000S-80-S"},{"r":"123","t":"10:05:30","h":"Sud","s":"25N-H56NV10S-80-S"},{"r":"123","t":"10:05:30","h":"Sud","s":"25N-H56NV20S-80-S"},{"r":"123","t":"10:05:30","h":"Sud","s":"25S-H56S000S-80-S"},{"r":"112","t":"10:15:00","h":"Ouest","s":"25N-H56N000I-80-I"},{"r":"112","t":"10:15:00","h":"Ouest","s":"25N-H56N100F-80-F1"},{"r":"112","t":"10:15:00","h":"Ouest","s":"25N-H56N200F-80-F2"},{"r":"112","t":"10:15:00","h":"Ouest","s":"25N-H56N300F-80-F3"},{"r":"112","t":"10:15:00","h":"Ouest","s":"25N-H56N400F-80-F4"},{"r":"112","t":"10:15:00","h":"Ouest","s":"25N-H56NV10I-80-I"},{"r":"112","t":"10:15:00","h":"Ouest","s":"25N-H56NV20I-80-I"},{"r":"112","t":"10:15:00","h":"Ouest","s":"25S-H56S000I-80-I"},{"r":"112","t":"10:15:00","h":"Ouest","s":"25S-H56S100F-80-F1"},{"r":"112","t":"10:15:00","h":"Ouest","s":"25S-H56S200F-81-F2"},{"r":"112","t":"10:16:00","h":"Ouest","s":"25N-H56N000A-80-A"},{"r":"112","t":"10:16:00","h":"Ouest","s":"25N-H56NV10A-80-A"},{"r":"112","t":"10:16:00","h":"Ouest","s":"25N-H56NV20A-80-A"},{"r":"112","t":"10:16:00","h":"Ouest","s":"25S-H56S000A-80-A"},{"r":"112","t":"10:18:00","h":"Ouest","s":"25N-H56N000S-80-S"},{"r":"112","t":"10:18:00","h":"Ouest","s":"25N-H56NV10S-80-S"},{"r":"112","t":"10:18:00","h":"Ouest","s":"25N-H56NV20S-80-S"},{"r":"112","t":"10:18:00","h":"Ouest","s":"25S-H56S000S-80-S"},{"r":"123","t":"10:29:05","h":"Sud","s":"25N-H56N000A-80-A"},{"r":"123","t":"10:29:05","h":"Sud","s":"25N-H56NV10A-80-A"},{"r":"123","t":"10:29:05","h":"Sud","s":"25N-H56NV20A-80-A"},{"r":"123","t":"10:29:05","h":"Sud","s":"25S-H56S000A-80-A"},{"r":"123","t":"10:30:40","h":"Sud","s":"25N-H56N000I-80-I"},{"r":"123","t":"10:30:40","h":"Sud","s":"25N-H56N100F-80-F1"},{"r":"123","t":"10:30:40","h":"Sud","s":"25N-H56N200F-80-F2"},{"r":"123","t":"10:30:40","h":"Sud","s":"25N-H56N300F-80-F3"},{"r":"123","t":"10:30:40","h":"Sud","s":"25N-H56N400F-80-F4"},{"r":"123","t":"10:30:40","h":"Sud","s":"25N-H56NV10I-80-I"},{"r":"123","t":"10:30:40","h":"Sud","s":"25N-H56NV20I-80-I"},{"r":"123","t":"10:30:40","h":"Sud","s":"25S-H56S000I-80-I"},{"r":"123","t":"10:30:40","h":"Sud","s":"25S-H56S100F-80-F1"},{"r":"123","t":"10:30:40","h":"Sud","s":"25S-H56S200F-81-F2"},{"r":"123","t":"10:36:30","h":"Sud","s":"25N-H56N000S-80-S"},{"r":"123","t":"10:36:30","h":"Sud","s":"25N-H56NV10S-80-S"},{"r":"123","t":"10:36:30","h":"Sud","s":"25N-H56NV20S-80-S"},{"r":"123","t":"10:36:30","h":"Sud","s":"25S-H56S000S-80-S"},{"r":"112","t":"10:44:00","h":"Ouest","s":"25N-H56N000I-80-I"},{"r":"112","t":"10:44:00","h":"Ouest","s":"25N-H56N100F-80-F1"},{"r":"112","t":"10:44:00","h":"Ouest","s":"25N-H56N200F-80-F2"},{"r":"112","t":"10:44:00","h":"Ouest","s":"25N-H56N300F-80-F3"},{"r":"112","t":"10:44:00","h":"Ouest","s":"25N-H56N400F-80-F4"},{"r":"112","t":"10:44:00","h":"Ouest","s":"25N-H56NV10I-80-I"},{"r":"112","t":"10:44:00","h":"Ouest","s":"25N-H56NV20I-80-I"},{"r":"112","t":"10:44:00","h":"Ouest","s":"25S-H56S000I-80-I"},{"r":"112","t":"10:44:00","h":"Ouest","s":"25S-H56S100F-80-F1"},{"r":"112","t":"10:44:00","h":"Ouest","s":"25S-H56S200F-81-F2"},{"r":"112","t":"10:46:00","h":"Ouest","s":"25N-H56N000A-80-A"},{"r":"112","t":"10:46:00","h":"Ouest","s":"25N-H56NV10A-80-A"},{"r":"112","t":"10:46:00","h":"Ouest","s":"25N-H56NV20A-80-A"},{"r":"112","t":"10:46:00","h":"Ouest","s":"25S-H56S000A-80-A"},{"r":"112","t":"10:50:00","h":"Ouest","s":"25N-H56N000S-80-S"},{"r":"112","t":"10:50:00","h":"Ouest","s":"25N-H56NV10S-80-S"},{"r":"112","t":"10:50:00","h":"Ouest","s":"25N-H56NV20S-80-S"},{"r":"112","t":"10:50:00","h":"Ouest","s":"25S-H56S000S-80-S"},{"r":"123","t":"11:00:05","h":"Sud","s":"25N-H56N000A-80-A"},{"r":"123","t":"11:00:05","h":"Sud","s":"25N-H56NV10A-80-A"},{"r":"123","t":"11:00:05","h":"Sud","s":"25N-H56NV20A-80-A"},{"r":"123","t":"11:00:05","h":"Sud","s":"25S-H56S000A-80-A"},{"r":"123","t":"11:04:40","h":"Sud","s":"25N-H56N000I-80-I"},{"r":"123","t":"11:04:40","h":"Sud","s":"25N-H56N100F-80-F1"},{"r":"123","t":"11:04:40","h":"Sud","s":"25N-H56N200F-80-F2"},{"r":"123","t":"11:04:40","h":"Sud","s":"25N-H56N300F-80-F3"},{"r":"123","t":"11:04:40","h":"Sud","s":"25N-H56N400F-80-F4"},{"r":"123","t":"11:04:40","h":"Sud","s":"25N-H56NV10I-80-I"},{"r":"123","t":"11:04:40","h":"Sud","s":"25N-H56NV20I-80-I"},{"r":"123","t":"11:04:40","h":"Sud","s":"25S-H56S000I-80-I"},{"r":"123","t":"11:04:40","h":"Sud","s":"25S-H56S100F-80-F1"},{"r":"123","t":"11:04:40","h":"Sud","s":"25S-H56S200F-81-F2"},{"r":"123","t":"11:07:30","h":"Sud","s":"25N-H56N000S-80-S"},{"r":"123","t":"11:07:30","h":"Sud","s":"25N-H56NV10S-80-S"},{"r":"123","t":"11:07:30","h":"Sud","s":"25N-H56NV20S-80-S"},{"r":"123","t":"11:07:30","h":"Sud","s":"25S-H56S000S-80-S"},{"r":"112","t":"11:14:00","h":"Ouest","s":"25N-H56N000I-80-I"},{"r":"112","t":"11:14:00","h":"Ouest","s":"25N-H56N100F-80-F1"},{"r":"112","t":"11:14:00","h":"Ouest","s":"25N-H56N200F-80-F2"},{"r":"112","t":"11:14:00","h":"Ouest","s":"25N-H56N300F-80-F3"},{"r":"112","t":"11:14:00","h":"Ouest","s":"25N-H56N400F-80-F4"},{"r":"112","t":"11:14:00","h":"Ouest","s":"25N-H56NV10I-80-I"},{"r":"112","t":"11:14:00","h":"Ouest","s":"25N-H56NV20I-80-I"},{"r":"112","t":"11:14:00","h":"Ouest","s":"25S-H56S000I-80-I"},{"r":"112","t":"11:14:00","h":"Ouest","s":"25S-H56S100F-80-F1"},{"r":"112","t":"11:14:00","h":"Ouest","s":"25S-H56S200F-81-F2"},{"r":"112","t":"11:16:00","h":"Ouest","s":"25N-H56N000A-80-A"},{"r":"112","t":"11:16:00","h":"Ouest","s":"25N-H56NV10A-80-A"},{"r":"112","t":"11:16:00","h":"Ouest","s":"25N-H56NV20A-80-A"},{"r":"112","t":"11:16:00","h":"Ouest","s":"25S-H56S000A-80-A"},{"r":"112","t":"11:23:00","h":"Ouest","s":"25N-H56N000S-80-S"},{"r":"112","t":"11:23:00","h":"Ouest","s":"25N-H56NV10S-80-S"},{"r":"112","t":"11:23:00","h":"Ouest","s":"25N-H56NV20S-80-S"},{"r":"112","t":"11:23:00","h":"Ouest","s":"25S-H56S000S-80-S"},{"r":"123","t":"11:31:05","h":"Sud","s":"25N-H56N000A-80-A"},{"r":"123","t":"11:31:05","h":"Sud","s":"25N-H56NV10A-80-A"},{"r":"123","t":"11:31:05","h":"Sud","s":"25N-H56NV20A-80-A"},{"r":"123","t":"11:31:05","h":"Sud","s":"25S-H56S000A-80-A"},{"r":"123","t":"11:37:30","h":"Sud","s":"25N-H56N000S-80-S"},{"r":"123","t":"11:37:30","h":"Sud","s":"25N-H56NV10S-80-S"},{"r":"123","t":"11:37:30","h":"Sud","s":"25N-H56NV20S-80-S"},{"r":"123","t":"11:37:30","h":"Sud","s":"25S-H56S000S-80-S"},{"r":"123","t":"11:39:40","h":"Sud","s":"25N-H56N000I-80-I"},{"r":"123","t":"11:39:40","h":"Sud","s":"25N-H56N100F-80-F1"},{"r":"123","t":"11:39:40","h":"Sud","s":"25N-H56N200F-80-F2"},{"r":"123","t":"11:39:40","h":"Sud","s":"25N-H56N300F-80-F3"},{"r":"123","t":"11:39:40","h":"Sud","s":"25N-H56N400F-80-F4"},{"r":"123","t":"11:39:40","h":"Sud","s":"25N-H56NV10I-80-I"},{"r":"123","t":"11:39:40","h":"Sud","s":"25N-H56NV20I-80-I"},{"r":"123","t":"11:39:40","h":"Sud","s":"25S-H56S000I-80-I"},{"r":"123","t":"11:39:40","h":"Sud","s":"25S-H56S100F-80-F1"},{"r":"123","t":"11:39:40","h":"Sud","s":"25S-H56S200F-81-F2"},{"r":"112","t":"11:45:00","h":"Ouest","s":"25N-H56N000I-80-I"},{"r":"112","t":"11:45:00","h":"Ouest","s":"25N-H56N100F-80-F1"},{"r":"112","t":"11:45:00","h":"Ouest","s":"25N-H56N200F-80-F2"},{"r":"112","t":"11:45:00","h":"Ouest","s":"25N-H56N300F-80-F3"},{"r":"112","t":"11:45:00","h":"Ouest","s":"25N-H56N400F-80-F4"},{"r":"112","t":"11:45:00","h":"Ouest","s":"25N-H56NV10I-80-I"},{"r":"112","t":"11:45:00","h":"Ouest","s":"25N-H56NV20I-80-I"},{"r":"112","t":"11:45:00","h":"Ouest","s":"25S-H56S000I-80-I"},{"r":"112","t":"11:45:00","h":"Ouest","s":"25S-H56S100F-80-F1"},{"r":"112","t":"11:45:00","h":"Ouest","s":"25S-H56S200F-81-F2"},{"r":"112","t":"11:48:00","h":"Ouest","s":"25N-H56N000A-80-A"},{"r":"112","t":"11:48:00","h":"Ouest","s":"25N-H56NV10A-80-A"},{"r":"112","t":"11:48:00","h":"Ouest","s":"25N-H56NV20A-80-A"},{"r":"112","t":"11:48:00","h":"Ouest","s":"25S-H56S000A-80-A"},{"r":"112","t":"11:52:00","h":"Ouest","s":"25N-H56N000S-80-S"},{"r":"112","t":"11:52:00","h":"Ouest","s":"25N-H56NV10S-80-S"},{"r":"112","t":"11:52:00","h":"Ouest","s":"25N-H56NV20S-80-S"},{"r":"112","t":"11:52:00","h":"Ouest","s":"25S-H56S000S-80-S"},{"r":"123","t":"12:02:05","h":"Sud","s":"25N-H56N000A-80-A"},{"r":"123","t":"12:02:05","h":"Sud","s":"25N-H56NV10A-80-A"},{"r":"123","t":"12:02:05","h":"Sud","s":"25N-H56NV20A-80-A"},{"r":"123","t":"12:02:05","h":"Sud","s":"25S-H56S000A-80-A"},{"r":"123","t":"12:11:30","h":"Sud","s":"25N-H56N000S-80-S"},{"r":"123","t":"12:11:30","h":"Sud","s":"25N-H56NV10S-80-S"},{"r":"123","t":"12:11:30","h":"Sud","s":"25N-H56NV20S-80-S"},{"r":"123","t":"12:11:30","h":"Sud","s":"25S-H56S000S-80-S"},{"r":"123","t":"12:13:40","h":"Sud","s":"25N-H56N000I-80-I"},{"r":"123","t":"12:13:40","h":"Sud","s":"25N-H56N100F-80-F1"},{"r":"123","t":"12:13:40","h":"Sud","s":"25N-H56N200F-80-F2"},{"r":"123","t":"12:13:40","h":"Sud","s":"25N-H56N300F-80-F3"},{"r":"123","t":"12:13:40","h":"Sud","s":"25N-H56N400F-80-F4"},{"r":"123","t":"12:13:40","h":"Sud","s":"25N-H56NV10I-80-I"},{"r":"123","t":"12:13:40","h":"Sud","s":"25N-H56NV20I-80-I"},{"r":"123","t":"12:13:40","h":"Sud","s":"25S-H56S000I-80-I"},{"r":"123","t":"12:13:40","h":"Sud","s":"25S-H56S100F-80-F1"},{"r":"123","t":"12:13:40","h":"Sud","s":"25S-H56S200F-81-F2"},{"r":"112","t":"12:15:00","h":"Ouest","s":"25N-H56N000I-80-I"},{"r":"112","t":"12:15:00","h":"Ouest","s":"25N-H56N100F-80-F1"},{"r":"112","t":"12:15:00","h":"Ouest","s":"25N-H56N200F-80-F2"},{"r":"112","t":"12:15:00","h":"Ouest","s":"25N-H56N300F-80-F3"},{"r":"112","t":"12:15:00","h":"Ouest","s":"25N-H56N400F-80-F4"},{"r":"112","t":"12:15:00","h":"Ouest","s":"25N-H56NV10I-80-I"},{"r":"112","t":"12:15:00","h":"Ouest","s":"25N-H56NV20I-80-I"},{"r":"112","t":"12:15:00","h":"Ouest","s":"25S-H56S000I-80-I"},{"r":"112","t":"12:15:00","h":"Ouest","s":"25S-H56S100F-80-F1"},{"r":"112","t":"12:15:00","h":"Ouest","s":"25S-H56S200F-81-F2"},{"r":"112","t":"12:17:00","h":"Ouest","s":"25N-H56N000A-80-A"},{"r":"112","t":"12:17:00","h":"Ouest","s":"25N-H56NV10A-80-A"},{"r":"112","t":"12:17:00","h":"Ouest","s":"25N-H56NV20A-80-A"},{"r":"112","t":"12:17:00","h":"Ouest","s":"25S-H56S000A-80-A"},{"r":"112","t":"12:22:00","h":"Ouest","s":"25N-H56N000S-80-S"},{"r":"112","t":"12:22:00","h":"Ouest","s":"25N-H56NV10S-80-S"},{"r":"112","t":"12:22:00","h":"Ouest","s":"25N-H56NV20S-80-S"},{"r":"112","t":"12:22:00","h":"Ouest","s":"25S-H56S000S-80-S"},{"r":"123","t":"12:32:05","h":"Sud","s":"25N-H56N000A-80-A"},{"r":"123","t":"12:32:05","h":"Sud","s":"25N-H56NV10A-80-A"},{"r":"123","t":"12:32:05","h":"Sud","s":"25N-H56NV20A-80-A"},{"r":"123","t":"12:32:05","h":"Sud","s":"25S-H56S000A-80-A"},{"r":"123","t":"12:44:30","h":"Sud","s":"25N-H56N000S-80-S"},{"r":"123","t":"12:44:30","h":"Sud","s":"25N-H56NV10S-80-S"},{"r":"123","t":"12:44:30","h":"Sud","s":"25N-H56NV20S-80-S"},{"r":"123","t":"12:44:30","h":"Sud","s":"25S-H56S000S-80-S"},{"r":"112","t":"12:47:00","h":"Ouest","s":"25N-H56N000I-80-I"},{"r":"112","t":"12:47:00","h":"Ouest","s":"25N-H56N100F-80-F1"},{"r":"112","t":"12:47:00","h":"Ouest","s":"25N-H56N200F-80-F2"},{"r":"112","t":"12:47:00","h":"Ouest","s":"25N-H56N300F-80-F3"},{"r":"112","t":"12:47:00","h":"Ouest","s":"25N-H56N400F-80-F4"},{"r":"112","t":"12:47:00","h":"Ouest","s":"25N-H56NV10I-80-I"},{"r":"112","t":"12:47:00","h":"Ouest","s":"25N-H56NV20I-80-I"},{"r":"112","t":"12:47:00","h":"Ouest","s":"25S-H56S000I-80-I"},{"r":"112","t":"12:47:00","h":"Ouest","s":"25S-H56S100F-80-F1"},{"r":"112","t":"12:47:00","h":"Ouest","s":"25S-H56S200F-81-F2"},{"r":"112","t":"12:48:00","h":"Ouest","s":"25N-H56N000A-80-A"},{"r":"112","t":"12:48:00","h":"Ouest","s":"25N-H56N000S-80-S"},{"r":"112","t":"12:48:00","h":"Ouest","s":"25N-H56NV10A-80-A"},{"r":"112","t":"12:48:00","h":"Ouest","s":"25N-H56NV10S-80-S"},{"r":"112","t":"12:48:00","h":"Ouest","s":"25N-H56NV20A-80-A"},{"r":"112","t":"12:48:00","h":"Ouest","s":"25N-H56NV20S-80-S"},{"r":"112","t":"12:48:00","h":"Ouest","s":"25S-H56S000A-80-A"},{"r":"112","t":"12:48:00","h":"Ouest","s":"25S-H56S000S-80-S"},{"r":"123","t":"12:49:40","h":"Sud","s":"25N-H56N000I-80-I"},{"r":"123","t":"12:49:40","h":"Sud","s":"25N-H56N100F-80-F1"},{"r":"123","t":"12:49:40","h":"Sud","s":"25N-H56N200F-80-F2"},{"r":"123","t":"12:49:40","h":"Sud","s":"25N-H56N300F-80-F3"},{"r":"123","t":"12:49:40","h":"Sud","s":"25N-H56N400F-80-F4"},{"r":"123","t":"12:49:40","h":"Sud","s":"25N-H56NV10I-80-I"},{"r":"123","t":"12:49:40","h":"Sud","s":"25N-H56NV20I-80-I"},{"r":"123","t":"12:49:40","h":"Sud","s":"25S-H56S000I-80-I"},{"r":"123","t":"12:49:40","h":"Sud","s":"25S-H56S100F-80-F1"},{"r":"123","t":"12:49:40","h":"Sud","s":"25S-H56S200F-81-F2"},{"r":"123","t":"13:02:05","h":"Sud","s":"25N-H56N000A-80-A"},{"r":"123","t":"13:02:05","h":"Sud","s":"25N-H56NV10A-80-A"},{"r":"123","t":"13:02:05","h":"Sud","s":"25N-H56NV20A-80-A"},{"r":"123","t":"13:02:05","h":"Sud","s":"25S-H56S000A-80-A"},{"r":"112","t":"13:11:00","h":"Ouest","s":"25N-H56N000S-80-S"},{"r":"112","t":"13:11:00","h":"Ouest","s":"25N-H56NV10S-80-S"},{"r":"112","t":"13:11:00","h":"Ouest","s":"25N-H56NV20S-80-S"},{"r":"112","t":"13:11:00","h":"Ouest","s":"25S-H56S000S-80-S"},{"r":"123","t":"13:16:30","h":"Sud","s":"25N-H56N000S-80-S"},{"r":"123","t":"13:16:30","h":"Sud","s":"25N-H56NV10S-80-S"},{"r":"123","t":"13:16:30","h":"Sud","s":"25N-H56NV20S-80-S"},{"r":"123","t":"13:16:30","h":"Sud","s":"25S-H56S000S-80-S"},{"r":"112","t":"13:18:00","h":"Ouest","s":"25N-H56N000A-80-A"},{"r":"112","t":"13:18:00","h":"Ouest","s":"25N-H56N000I-80-I"},{"r":"112","t":"13:18:00","h":"Ouest","s":"25N-H56N100F-80-F1"},{"r":"112","t":"13:18:00","h":"Ouest","s":"25N-H56N200F-80-F2"},{"r":"112","t":"13:18:00","h":"Ouest","s":"25N-H56N300F-80-F3"},{"r":"112","t":"13:18:00","h":"Ouest","s":"25N-H56N400F-80-F4"},{"r":"112","t":"13:18:00","h":"Ouest","s":"25N-H56NV10A-80-A"},{"r":"112","t":"13:18:00","h":"Ouest","s":"25N-H56NV10I-80-I"},{"r":"112","t":"13:18:00","h":"Ouest","s":"25N-H56NV20A-80-A"},{"r":"112","t":"13:18:00","h":"Ouest","s":"25N-H56NV20I-80-I"},{"r":"112","t":"13:18:00","h":"Ouest","s":"25S-H56S000A-80-A"},{"r":"112","t":"13:18:00","h":"Ouest","s":"25S-H56S000I-80-I"},{"r":"112","t":"13:18:00","h":"Ouest","s":"25S-H56S100F-80-F1"},{"r":"112","t":"13:18:00","h":"Ouest","s":"25S-H56S200F-81-F2"},{"r":"123","t":"13:25:40","h":"Sud","s":"25N-H56N000I-80-I"},{"r":"123","t":"13:25:40","h":"Sud","s":"25N-H56N100F-80-F1"},{"r":"123","t":"13:25:40","h":"Sud","s":"25N-H56N200F-80-F2"},{"r":"123","t":"13:25:40","h":"Sud","s":"25N-H56N300F-80-F3"},{"r":"123","t":"13:25:40","h":"Sud","s":"25N-H56N400F-80-F4"},{"r":"123","t":"13:25:40","h":"Sud","s":"25N-H56NV10I-80-I"},{"r":"123","t":"13:25:40","h":"Sud","s":"25N-H56NV20I-80-I"},{"r":"123","t":"13:25:40","h":"Sud","s":"25S-H56S000I-80-I"},{"r":"123","t":"13:25:40","h":"Sud","s":"25S-H56S100F-80-F1"},{"r":"123","t":"13:25:40","h":"Sud","s":"25S-H56S200F-81-F2"},{"r":"123","t":"13:31:05","h":"Sud","s":"25N-H56N000A-80-A"},{"r":"123","t":"13:31:05","h":"Sud","s":"25N-H56NV10A-80-A"},{"r":"123","t":"13:31:05","h":"Sud","s":"25N-H56NV20A-80-A"},{"r":"123","t":"13:31:05","h":"Sud","s":"25S-H56S000A-80-A"},{"r":"112","t":"13:37:00","h":"Ouest","s":"25N-H56N000S-80-S"},{"r":"112","t":"13:37:00","h":"Ouest","s":"25N-H56NV10S-80-S"},{"r":"112","t":"13:37:00","h":"Ouest","s":"25N-H56NV20S-80-S"},{"r":"112","t":"13:37:00","h":"Ouest","s":"25S-H56S000S-80-S"},{"r":"112","t":"13:48:00","h":"Ouest","s":"25N-H56N000A-80-A"},{"r":"112","t":"13:48:00","h":"Ouest","s":"25N-H56NV10A-80-A"},{"r":"112","t":"13:48:00","h":"Ouest","s":"25N-H56NV20A-80-A"},{"r":"112","t":"13:48:00","h":"Ouest","s":"25S-H56S000A-80-A"},{"r":"123","t":"13:48:30","h":"Sud","s":"25N-H56N000S-80-S"},{"r":"123","t":"13:48:30","h":"Sud","s":"25N-H56NV10S-80-S"},{"r":"123","t":"13:48:30","h":"Sud","s":"25N-H56NV20S-80-S"},{"r":"123","t":"13:48:30","h":"Sud","s":"25S-H56S000S-80-S"},{"r":"112","t":"13:49:00","h":"Ouest","s":"25N-H56N000I-80-I"},{"r":"112","t":"13:49:00","h":"Ouest","s":"25N-H56N100F-80-F1"},{"r":"112","t":"13:49:00","h":"Ouest","s":"25N-H56N200F-80-F2"},{"r":"112","t":"13:49:00","h":"Ouest","s":"25N-H56N300F-80-F3"},{"r":"112","t":"13:49:00","h":"Ouest","s":"25N-H56N400F-80-F4"},{"r":"112","t":"13:49:00","h":"Ouest","s":"25N-H56NV10I-80-I"},{"r":"112","t":"13:49:00","h":"Ouest","s":"25N-H56NV20I-80-I"},{"r":"112","t":"13:49:00","h":"Ouest","s":"25S-H56S000I-80-I"},{"r":"112","t":"13:49:00","h":"Ouest","s":"25S-H56S100F-80-F1"},{"r":"112","t":"13:49:00","h":"Ouest","s":"25S-H56S200F-81-F2"},{"r":"123","t":"14:00:05","h":"Sud","s":"25N-H56N000A-80-A"},{"r":"123","t":"14:00:05","h":"Sud","s":"25N-H56NV10A-80-A"},{"r":"123","t":"14:00:05","h":"Sud","s":"25N-H56NV20A-80-A"},{"r":"123","t":"14:00:05","h":"Sud","s":"25S-H56S000A-80-A"},{"r":"123","t":"14:01:40","h":"Sud","s":"25N-H56N000I-80-I"},{"r":"123","t":"14:01:40","h":"Sud","s":"25N-H56N100F-80-F1"},{"r":"123","t":"14:01:40","h":"Sud","s":"25N-H56N200F-80-F2"},{"r":"123","t":"14:01:40","h":"Sud","s":"25N-H56N300F-80-F3"},{"r":"123","t":"14:01:40","h":"Sud","s":"25N-H56N400F-80-F4"},{"r":"123","t":"14:01:40","h":"Sud","s":"25N-H56NV10I-80-I"},{"r":"123","t":"14:01:40","h":"Sud","s":"25N-H56NV20I-80-I"},{"r":"123","t":"14:01:40","h":"Sud","s":"25S-H56S000I-80-I"},{"r":"123","t":"14:01:40","h":"Sud","s":"25S-H56S100F-80-F1"},{"r":"123","t":"14:01:40","h":"Sud","s":"25S-H56S200F-81-F2"},{"r":"112","t":"14:05:00","h":"Ouest","s":"25N-H56N000S-80-S"},{"r":"112","t":"14:05:00","h":"Ouest","s":"25N-H56NV10S-80-S"},{"r":"112","t":"14:05:00","h":"Ouest","s":"25N-H56NV20S-80-S"},{"r":"112","t":"14:05:00","h":"Ouest","s":"25S-H56S000S-80-S"},{"r":"112","t":"14:12:00","h":"Ouest","s":"25N-H56N000I-80-I"},{"r":"112","t":"14:12:00","h":"Ouest","s":"25N-H56N100F-80-F1"},{"r":"112","t":"14:12:00","h":"Ouest","s":"25N-H56N200F-80-F2"},{"r":"112","t":"14:12:00","h":"Ouest","s":"25N-H56N300F-80-F3"},{"r":"112","t":"14:12:00","h":"Ouest","s":"25N-H56N400F-80-F4"},{"r":"112","t":"14:12:00","h":"Ouest","s":"25N-H56NV10I-80-I"},{"r":"112","t":"14:12:00","h":"Ouest","s":"25N-H56NV20I-80-I"},{"r":"112","t":"14:12:00","h":"Ouest","s":"25S-H56S000I-80-I"},{"r":"112","t":"14:12:00","h":"Ouest","s":"25S-H56S100F-80-F1"},{"r":"112","t":"14:12:00","h":"Ouest","s":"25S-H56S200F-81-F2"},{"r":"112","t":"14:14:00","h":"Ouest","s":"25N-H56N000A-80-A"},{"r":"112","t":"14:14:00","h":"Ouest","s":"25N-H56NV10A-80-A"},{"r":"112","t":"14:14:00","h":"Ouest","s":"25N-H56NV20A-80-A"},{"r":"112","t":"14:14:00","h":"Ouest","s":"25S-H56S000A-80-A"},{"r":"123","t":"14:20:30","h":"Sud","s":"25N-H56N000S-80-S"},{"r":"123","t":"14:20:30","h":"Sud","s":"25N-H56NV10S-80-S"},{"r":"123","t":"14:20:30","h":"Sud","s":"25N-H56NV20S-80-S"},{"r":"123","t":"14:20:30","h":"Sud","s":"25S-H56S000S-80-S"},{"r":"112","t":"14:27:00","h":"Ouest","s":"25N-H56N000S-80-S"},{"r":"112","t":"14:27:00","h":"Ouest","s":"25N-H56NV10S-80-S"},{"r":"112","t":"14:27:00","h":"Ouest","s":"25N-H56NV20S-80-S"},{"r":"112","t":"14:27:00","h":"Ouest","s":"25S-H56S000S-80-S"},{"r":"123","t":"14:30:05","h":"Sud","s":"25N-H56N000A-80-A"},{"r":"123","t":"14:30:05","h":"Sud","s":"25N-H56NV10A-80-A"},{"r":"123","t":"14:30:05","h":"Sud","s":"25N-H56NV20A-80-A"},{"r":"123","t":"14:30:05","h":"Sud","s":"25S-H56S000A-80-A"},{"r":"112","t":"14:35:00","h":"Ouest","s":"25N-H56N000I-80-I"},{"r":"112","t":"14:35:00","h":"Ouest","s":"25N-H56N100F-80-F1"},{"r":"112","t":"14:35:00","h":"Ouest","s":"25N-H56N200F-80-F2"},{"r":"112","t":"14:35:00","h":"Ouest","s":"25N-H56N300F-80-F3"},{"r":"112","t":"14:35:00","h":"Ouest","s":"25N-H56N400F-80-F4"},{"r":"112","t":"14:35:00","h":"Ouest","s":"25N-H56NV10I-80-I"},{"r":"112","t":"14:35:00","h":"Ouest","s":"25N-H56NV20I-80-I"},{"r":"112","t":"14:35:00","h":"Ouest","s":"25S-H56S000I-80-I"},{"r":"112","t":"14:35:00","h":"Ouest","s":"25S-H56S100F-80-F1"},{"r":"112","t":"14:35:00","h":"Ouest","s":"25S-H56S200F-81-F2"},{"r":"112","t":"14:36:00","h":"Ouest","s":"25N-H56N000A-80-A"},{"r":"112","t":"14:36:00","h":"Ouest","s":"25N-H56NV10A-80-A"},{"r":"112","t":"14:36:00","h":"Ouest","s":"25N-H56NV20A-80-A"},{"r":"112","t":"14:36:00","h":"Ouest","s":"25S-H56S000A-80-A"},{"r":"123","t":"14:37:40","h":"Sud","s":"25N-H56N000I-80-I"},{"r":"123","t":"14:37:40","h":"Sud","s":"25N-H56N100F-80-F1"},{"r":"123","t":"14:37:40","h":"Sud","s":"25N-H56N200F-80-F2"},{"r":"123","t":"14:37:40","h":"Sud","s":"25N-H56N300F-80-F3"},{"r":"123","t":"14:37:40","h":"Sud","s":"25N-H56N400F-80-F4"},{"r":"123","t":"14:37:40","h":"Sud","s":"25N-H56NV10I-80-I"},{"r":"123","t":"14:37:40","h":"Sud","s":"25N-H56NV20I-80-I"},{"r":"123","t":"14:37:40","h":"Sud","s":"25S-H56S000I-80-I"},{"r":"123","t":"14:37:40","h":"Sud","s":"25S-H56S100F-80-F1"},{"r":"123","t":"14:37:40","h":"Sud","s":"25S-H56S200F-81-F2"},{"r":"112","t":"14:47:00","h":"Ouest","s":"25N-H56N000S-80-S"},{"r":"112","t":"14:47:00","h":"Ouest","s":"25N-H56NV10S-80-S"},{"r":"112","t":"14:47:00","h":"Ouest","s":"25N-H56NV20S-80-S"},{"r":"112","t":"14:47:00","h":"Ouest","s":"25S-H56S000S-80-S"},{"r":"123","t":"14:53:30","h":"Sud","s":"25N-H56N000S-80-S"},{"r":"123","t":"14:53:30","h":"Sud","s":"25N-H56NV10S-80-S"},{"r":"123","t":"14:53:30","h":"Sud","s":"25N-H56NV20S-80-S"},{"r":"123","t":"14:53:30","h":"Sud","s":"25S-H56S000S-80-S"},{"r":"112","t":"14:57:00","h":"Ouest","s":"25N-H56N000I-80-I"},{"r":"112","t":"14:57:00","h":"Ouest","s":"25N-H56N100F-80-F1"},{"r":"112","t":"14:57:00","h":"Ouest","s":"25N-H56N200F-80-F2"},{"r":"112","t":"14:57:00","h":"Ouest","s":"25N-H56N300F-80-F3"},{"r":"112","t":"14:57:00","h":"Ouest","s":"25N-H56N400F-80-F4"},{"r":"112","t":"14:57:00","h":"Ouest","s":"25N-H56NV10I-80-I"},{"r":"112","t":"14:57:00","h":"Ouest","s":"25N-H56NV20I-80-I"},{"r":"112","t":"14:57:00","h":"Ouest","s":"25S-H56S000I-80-I"},{"r":"112","t":"14:57:00","h":"Ouest","s":"25S-H56S100F-80-F1"},{"r":"112","t":"14:57:00","h":"Ouest","s":"25S-H56S200F-81-F2"},{"r":"112","t":"14:58:00","h":"Ouest","s":"25N-H56N000A-80-A"},{"r":"112","t":"14:58:00","h":"Ouest","s":"25N-H56NV10A-80-A"},{"r":"112","t":"14:58:00","h":"Ouest","s":"25N-H56NV20A-80-A"},{"r":"112","t":"14:58:00","h":"Ouest","s":"25S-H56S000A-80-A"},{"r":"123","t":"15:00:05","h":"Sud","s":"25N-H56N000A-80-A"},{"r":"123","t":"15:00:05","h":"Sud","s":"25N-H56NV10A-80-A"},{"r":"123","t":"15:00:05","h":"Sud","s":"25N-H56NV20A-80-A"},{"r":"123","t":"15:00:05","h":"Sud","s":"25S-H56S000A-80-A"},{"r":"112","t":"15:05:00","h":"Ouest","s":"25N-H56N000S-80-S"},{"r":"112","t":"15:05:00","h":"Ouest","s":"25N-H56NV10S-80-S"},{"r":"112","t":"15:05:00","h":"Ouest","s":"25N-H56NV20S-80-S"},{"r":"112","t":"15:05:00","h":"Ouest","s":"25S-H56S000S-80-S"},{"r":"123","t":"15:13:40","h":"Sud","s":"25N-H56N000I-80-I"},{"r":"123","t":"15:13:40","h":"Sud","s":"25N-H56N100F-80-F1"},{"r":"123","t":"15:13:40","h":"Sud","s":"25N-H56N200F-80-F2"},{"r":"123","t":"15:13:40","h":"Sud","s":"25N-H56N300F-80-F3"},{"r":"123","t":"15:13:40","h":"Sud","s":"25N-H56N400F-80-F4"},{"r":"123","t":"15:13:40","h":"Sud","s":"25N-H56NV10I-80-I"},{"r":"123","t":"15:13:40","h":"Sud","s":"25N-H56NV20I-80-I"},{"r":"123","t":"15:13:40","h":"Sud","s":"25S-H56S000I-80-I"},{"r":"123","t":"15:13:40","h":"Sud","s":"25S-H56S100F-80-F1"},{"r":"123","t":"15:13:40","h":"Sud","s":"25S-H56S200F-81-F2"},{"r":"112","t":"15:17:00","h":"Ouest","s":"25N-H56N000I-80-I"},{"r":"112","t":"15:17:00","h":"Ouest","s":"25N-H56N000S-80-S"},{"r":"112","t":"15:17:00","h":"Ouest","s":"25N-H56N100F-80-F1"},{"r":"112","t":"15:17:00","h":"Ouest","s":"25N-H56N200F-80-F2"},{"r":"112","t":"15:17:00","h":"Ouest","s":"25N-H56N300F-80-F3"},{"r":"112","t":"15:17:00","h":"Ouest","s":"25N-H56N400F-80-F4"},{"r":"112","t":"15:17:00","h":"Ouest","s":"25N-H56NV10I-80-I"},{"r":"112","t":"15:17:00","h":"Ouest","s":"25N-H56NV10S-80-S"},{"r":"112","t":"15:17:00","h":"Ouest","s":"25N-H56NV20I-80-I"},{"r":"112","t":"15:17:00","h":"Ouest","s":"25N-H56NV20S-80-S"},{"r":"112","t":"15:17:00","h":"Ouest","s":"25S-H56S000I-80-I"},{"r":"112","t":"15:17:00","h":"Ouest","s":"25S-H56S000S-80-S"},{"r":"112","t":"15:17:00","h":"Ouest","s":"25S-H56S100F-80-F1"},{"r":"112","t":"15:17:00","h":"Ouest","s":"25S-H56S200F-81-F2"},{"r":"112","t":"15:18:00","h":"Ouest","s":"25N-H56N000A-80-A"},{"r":"112","t":"15:18:00","h":"Ouest","s":"25N-H56NV10A-80-A"},{"r":"112","t":"15:18:00","h":"Ouest","s":"25N-H56NV20A-80-A"},{"r":"112","t":"15:18:00","h":"Ouest","s":"25S-H56S000A-80-A"},{"r":"123","t":"15:29:05","h":"Sud","s":"25N-H56N000A-80-A"},{"r":"123","t":"15:29:05","h":"Sud","s":"25N-H56NV10A-80-A"},{"r":"123","t":"15:29:05","h":"Sud","s":"25N-H56NV20A-80-A"},{"r":"123","t":"15:29:05","h":"Sud","s":"25S-H56S000A-80-A"},{"r":"123","t":"15:29:30","h":"Sud","s":"25N-H56N000S-80-S"},{"r":"123","t":"15:29:30","h":"Sud","s":"25N-H56NV10S-80-S"},{"r":"123","t":"15:29:30","h":"Sud","s":"25N-H56NV20S-80-S"},{"r":"123","t":"15:29:30","h":"Sud","s":"25S-H56S000S-80-S"},{"r":"112","t":"15:30:00","h":"Ouest","s":"25N-H56N000S-80-S"},{"r":"112","t":"15:30:00","h":"Ouest","s":"25N-H56NV10S-80-S"},{"r":"112","t":"15:30:00","h":"Ouest","s":"25N-H56NV20S-80-S"},{"r":"112","t":"15:30:00","h":"Ouest","s":"25S-H56S000S-80-S"},{"r":"112","t":"15:37:00","h":"Ouest","s":"25N-H56N000I-80-I"},{"r":"112","t":"15:37:00","h":"Ouest","s":"25N-H56N100F-80-F1"},{"r":"112","t":"15:37:00","h":"Ouest","s":"25N-H56N200F-80-F2"},{"r":"112","t":"15:37:00","h":"Ouest","s":"25N-H56N300F-80-F3"},{"r":"112","t":"15:37:00","h":"Ouest","s":"25N-H56N400F-80-F4"},{"r":"112","t":"15:37:00","h":"Ouest","s":"25N-H56NV10I-80-I"},{"r":"112","t":"15:37:00","h":"Ouest","s":"25N-H56NV20I-80-I"},{"r":"112","t":"15:37:00","h":"Ouest","s":"25S-H56S000I-80-I"},{"r":"112","t":"15:37:00","h":"Ouest","s":"25S-H56S100F-80-F1"},{"r":"112","t":"15:37:00","h":"Ouest","s":"25S-H56S200F-81-F2"},{"r":"112","t":"15:38:00","h":"Ouest","s":"25N-H56N000A-80-A"},{"r":"112","t":"15:38:00","h":"Ouest","s":"25N-H56NV10A-80-A"},{"r":"112","t":"15:38:00","h":"Ouest","s":"25N-H56NV20A-80-A"},{"r":"112","t":"15:38:00","h":"Ouest","s":"25S-H56S000A-80-A"},{"r":"112","t":"15:39:00","h":"Ouest","s":"25N-H56N000S-80-S"},{"r":"112","t":"15:39:00","h":"Ouest","s":"25N-H56NV10S-80-S"},{"r":"112","t":"15:39:00","h":"Ouest","s":"25N-H56NV20S-80-S"},{"r":"112","t":"15:39:00","h":"Ouest","s":"25S-H56S000S-80-S"},{"r":"112","t":"15:47:00","h":"Ouest","s":"25N-H59N000S-80-S"},{"r":"112","t":"15:47:00","h":"Ouest","s":"25N-H59NV10S-84-S"},{"r":"112","t":"15:47:00","h":"Ouest","s":"25N-H59NV20S-80-S"},{"r":"112","t":"15:47:00","h":"Ouest","s":"25S-H59S000S-81-S"},{"r":"123","t":"15:48:40","h":"Sud","s":"25N-H56N000I-80-I"},{"r":"123","t":"15:48:40","h":"Sud","s":"25N-H56N100F-80-F1"},{"r":"123","t":"15:48:40","h":"Sud","s":"25N-H56N200F-80-F2"},{"r":"123","t":"15:48:40","h":"Sud","s":"25N-H56N300F-80-F3"},{"r":"123","t":"15:48:40","h":"Sud","s":"25N-H56N400F-80-F4"},{"r":"123","t":"15:48:40","h":"Sud","s":"25N-H56NV10I-80-I"},{"r":"123","t":"15:48:40","h":"Sud","s":"25N-H56NV20I-80-I"},{"r":"123","t":"15:48:40","h":"Sud","s":"25S-H56S000I-80-I"},{"r":"123","t":"15:48:40","h":"Sud","s":"25S-H56S100F-80-F1"},{"r":"123","t":"15:48:40","h":"Sud","s":"25S-H56S200F-81-F2"},{"r":"112","t":"15:55:00","h":"Ouest","s":"25N-H56N000S-80-S"},{"r":"112","t":"15:55:00","h":"Ouest","s":"25N-H56NV10S-80-S"},{"r":"112","t":"15:55:00","h":"Ouest","s":"25N-H56NV20S-80-S"},{"r":"112","t":"15:55:00","h":"Ouest","s":"25S-H56S000S-80-S"},{"r":"112","t":"15:56:00","h":"Ouest","s":"25N-H56N000I-80-I"},{"r":"112","t":"15:56:00","h":"Ouest","s":"25N-H56N100F-80-F1"},{"r":"112","t":"15:56:00","h":"Ouest","s":"25N-H56N200F-80-F2"},{"r":"112","t":"15:56:00","h":"Ouest","s":"25N-H56N300F-80-F3"},{"r":"112","t":"15:56:00","h":"Ouest","s":"25N-H56N400F-80-F4"},{"r":"112","t":"15:56:00","h":"Ouest","s":"25N-H56NV10I-80-I"},{"r":"112","t":"15:56:00","h":"Ouest","s":"25N-H56NV20I-80-I"},{"r":"112","t":"15:56:00","h":"Ouest","s":"25S-H56S000I-80-I"},{"r":"112","t":"15:56:00","h":"Ouest","s":"25S-H56S100F-80-F1"},{"r":"112","t":"15:56:00","h":"Ouest","s":"25S-H56S200F-81-F2"},{"r":"112","t":"15:57:00","h":"Ouest","s":"25N-H56N000A-80-A"},{"r":"112","t":"15:57:00","h":"Ouest","s":"25N-H56NV10A-80-A"},{"r":"112","t":"15:57:00","h":"Ouest","s":"25N-H56NV20A-80-A"},{"r":"112","t":"15:57:00","h":"Ouest","s":"25S-H56S000A-80-A"},{"r":"123","t":"15:58:05","h":"Sud","s":"25N-H56N000A-80-A"},{"r":"123","t":"15:58:05","h":"Sud","s":"25N-H56NV10A-80-A"},{"r":"123","t":"15:58:05","h":"Sud","s":"25N-H56NV20A-80-A"},{"r":"123","t":"15:58:05","h":"Sud","s":"25S-H56S000A-80-A"},{"r":"112","t":"16:02:00","h":"Ouest","s":"25N-H56N000S-80-S"},{"r":"112","t":"16:02:00","h":"Ouest","s":"25N-H56NV10S-80-S"},{"r":"112","t":"16:02:00","h":"Ouest","s":"25N-H56NV20S-80-S"},{"r":"112","t":"16:02:00","h":"Ouest","s":"25S-H56S000S-80-S"},{"r":"123","t":"16:05:30","h":"Sud","s":"25N-H56N000S-80-S"},{"r":"123","t":"16:05:30","h":"Sud","s":"25N-H56NV10S-80-S"},{"r":"123","t":"16:05:30","h":"Sud","s":"25N-H56NV20S-80-S"},{"r":"123","t":"16:05:30","h":"Sud","s":"25S-H56S000S-80-S"},{"r":"112","t":"16:08:00","h":"Ouest","s":"25N-H56N000S-80-S"},{"r":"112","t":"16:08:00","h":"Ouest","s":"25N-H56NV10S-80-S"},{"r":"112","t":"16:08:00","h":"Ouest","s":"25N-H56NV20S-80-S"},{"r":"112","t":"16:08:00","h":"Ouest","s":"25S-H56S000S-80-S"},{"r":"112","t":"16:15:00","h":"Ouest","s":"25N-H56N000I-80-I"},{"r":"112","t":"16:15:00","h":"Ouest","s":"25N-H56N000S-80-S"},{"r":"112","t":"16:15:00","h":"Ouest","s":"25N-H56N100F-80-F1"},{"r":"112","t":"16:15:00","h":"Ouest","s":"25N-H56N200F-80-F2"},{"r":"112","t":"16:15:00","h":"Ouest","s":"25N-H56N300F-80-F3"},{"r":"112","t":"16:15:00","h":"Ouest","s":"25N-H56N400F-80-F4"},{"r":"112","t":"16:15:00","h":"Ouest","s":"25N-H56NV10I-80-I"},{"r":"112","t":"16:15:00","h":"Ouest","s":"25N-H56NV10S-80-S"},{"r":"112","t":"16:15:00","h":"Ouest","s":"25N-H56NV20I-80-I"},{"r":"112","t":"16:15:00","h":"Ouest","s":"25N-H56NV20S-80-S"},{"r":"112","t":"16:15:00","h":"Ouest","s":"25S-H56S000I-80-I"},{"r":"112","t":"16:15:00","h":"Ouest","s":"25S-H56S000S-80-S"},{"r":"112","t":"16:15:00","h":"Ouest","s":"25S-H56S100F-80-F1"},{"r":"112","t":"16:15:00","h":"Ouest","s":"25S-H56S200F-81-F2"},{"r":"112","t":"16:16:00","h":"Ouest","s":"25N-H56N000A-80-A"},{"r":"112","t":"16:16:00","h":"Ouest","s":"25N-H56NV10A-80-A"},{"r":"112","t":"16:16:00","h":"Ouest","s":"25N-H56NV20A-80-A"},{"r":"112","t":"16:16:00","h":"Ouest","s":"25S-H56S000A-80-A"},{"r":"112","t":"16:21:00","h":"Ouest","s":"25N-H56N000S-80-S"},{"r":"112","t":"16:21:00","h":"Ouest","s":"25N-H56NV10S-80-S"},{"r":"112","t":"16:21:00","h":"Ouest","s":"25N-H56NV20S-80-S"},{"r":"112","t":"16:21:00","h":"Ouest","s":"25S-H56S000S-80-S"},{"r":"123","t":"16:23:40","h":"Sud","s":"25N-H56N000I-80-I"},{"r":"123","t":"16:23:40","h":"Sud","s":"25N-H56N100F-80-F1"},{"r":"123","t":"16:23:40","h":"Sud","s":"25N-H56N200F-80-F2"},{"r":"123","t":"16:23:40","h":"Sud","s":"25N-H56N300F-80-F3"},{"r":"123","t":"16:23:40","h":"Sud","s":"25N-H56N400F-80-F4"},{"r":"123","t":"16:23:40","h":"Sud","s":"25N-H56NV10I-80-I"},{"r":"123","t":"16:23:40","h":"Sud","s":"25N-H56NV20I-80-I"},{"r":"123","t":"16:23:40","h":"Sud","s":"25S-H56S000I-80-I"},{"r":"123","t":"16:23:40","h":"Sud","s":"25S-H56S100F-80-F1"},{"r":"123","t":"16:23:40","h":"Sud","s":"25S-H56S200F-81-F2"},{"r":"123","t":"16:27:05","h":"Sud","s":"25N-H56N000A-80-A"},{"r":"123","t":"16:27:05","h":"Sud","s":"25N-H56NV10A-80-A"},{"r":"123","t":"16:27:05","h":"Sud","s":"25N-H56NV20A-80-A"},{"r":"123","t":"16:27:05","h":"Sud","s":"25S-H56S000A-80-A"},{"r":"112","t":"16:29:00","h":"Ouest","s":"25N-H56N000S-80-S"},{"r":"112","t":"16:29:00","h":"Ouest","s":"25N-H56NV10S-80-S"},{"r":"112","t":"16:29:00","h":"Ouest","s":"25N-H56NV20S-80-S"},{"r":"112","t":"16:29:00","h":"Ouest","s":"25S-H56S000S-80-S"},{"r":"112","t":"16:36:00","h":"Ouest","s":"25N-H56N000I-80-I"},{"r":"112","t":"16:36:00","h":"Ouest","s":"25N-H56N100F-80-F1"},{"r":"112","t":"16:36:00","h":"Ouest","s":"25N-H56N200F-80-F2"},{"r":"112","t":"16:36:00","h":"Ouest","s":"25N-H56N300F-80-F3"},{"r":"112","t":"16:36:00","h":"Ouest","s":"25N-H56N400F-80-F4"},{"r":"112","t":"16:36:00","h":"Ouest","s":"25N-H56NV10I-80-I"},{"r":"112","t":"16:36:00","h":"Ouest","s":"25N-H56NV20I-80-I"},{"r":"112","t":"16:36:00","h":"Ouest","s":"25S-H56S000I-80-I"},{"r":"112","t":"16:36:00","h":"Ouest","s":"25S-H56S100F-80-F1"},{"r":"112","t":"16:36:00","h":"Ouest","s":"25S-H56S200F-81-F2"},{"r":"112","t":"16:37:00","h":"Ouest","s":"25N-H56N000S-80-S"},{"r":"112","t":"16:37:00","h":"Ouest","s":"25N-H56NV10S-80-S"},{"r":"112","t":"16:37:00","h":"Ouest","s":"25N-H56NV20S-80-S"},{"r":"112","t":"16:37:00","h":"Ouest","s":"25S-H56S000S-80-S"},{"r":"112","t":"16:38:00","h":"Ouest","s":"25N-H56N000A-80-A"},{"r":"112","t":"16:38:00","h":"Ouest","s":"25N-H56NV10A-80-A"},{"r":"112","t":"16:38:00","h":"Ouest","s":"25N-H56NV20A-80-A"},{"r":"112","t":"16:38:00","h":"Ouest","s":"25S-H56S000A-80-A"},{"r":"123","t":"16:38:30","h":"Sud","s":"25N-H56N000S-80-S"},{"r":"123","t":"16:38:30","h":"Sud","s":"25N-H56NV10S-80-S"},{"r":"123","t":"16:38:30","h":"Sud","s":"25N-H56NV20S-80-S"},{"r":"123","t":"16:38:30","h":"Sud","s":"25S-H56S000S-80-S"},{"r":"112","t":"16:46:00","h":"Ouest","s":"25N-H56N000S-80-S"},{"r":"112","t":"16:46:00","h":"Ouest","s":"25N-H56NV10S-80-S"},{"r":"112","t":"16:46:00","h":"Ouest","s":"25N-H56NV20S-80-S"},{"r":"112","t":"16:46:00","h":"Ouest","s":"25S-H56S000S-80-S"},{"r":"112","t":"16:54:00","h":"Ouest","s":"25N-H56N000S-80-S"},{"r":"112","t":"16:54:00","h":"Ouest","s":"25N-H56NV10S-80-S"},{"r":"112","t":"16:54:00","h":"Ouest","s":"25N-H56NV20S-80-S"},{"r":"112","t":"16:54:00","h":"Ouest","s":"25S-H56S000S-80-S"},{"r":"112","t":"16:57:00","h":"Ouest","s":"25N-H56N000I-80-I"},{"r":"112","t":"16:57:00","h":"Ouest","s":"25N-H56N100F-80-F1"},{"r":"112","t":"16:57:00","h":"Ouest","s":"25N-H56N200F-80-F2"},{"r":"112","t":"16:57:00","h":"Ouest","s":"25N-H56N300F-80-F3"},{"r":"112","t":"16:57:00","h":"Ouest","s":"25N-H56N400F-80-F4"},{"r":"112","t":"16:57:00","h":"Ouest","s":"25N-H56NV10I-80-I"},{"r":"112","t":"16:57:00","h":"Ouest","s":"25N-H56NV20I-80-I"},{"r":"112","t":"16:57:00","h":"Ouest","s":"25S-H56S000I-80-I"},{"r":"112","t":"16:57:00","h":"Ouest","s":"25S-H56S100F-80-F1"},{"r":"112","t":"16:57:00","h":"Ouest","s":"25S-H56S200F-81-F2"},{"r":"123","t":"16:57:05","h":"Sud","s":"25N-H56N000A-80-A"},{"r":"123","t":"16:57:05","h":"Sud","s":"25N-H56NV10A-80-A"},{"r":"123","t":"16:57:05","h":"Sud","s":"25N-H56NV20A-80-A"},{"r":"123","t":"16:57:05","h":"Sud","s":"25S-H56S000A-80-A"},{"r":"123","t":"16:58:40","h":"Sud","s":"25N-H56N000I-80-I"},{"r":"123","t":"16:58:40","h":"Sud","s":"25N-H56N100F-80-F1"},{"r":"123","t":"16:58:40","h":"Sud","s":"25N-H56N200F-80-F2"},{"r":"123","t":"16:58:40","h":"Sud","s":"25N-H56N300F-80-F3"},{"r":"123","t":"16:58:40","h":"Sud","s":"25N-H56N400F-80-F4"},{"r":"123","t":"16:58:40","h":"Sud","s":"25N-H56NV10I-80-I"},{"r":"123","t":"16:58:40","h":"Sud","s":"25N-H56NV20I-80-I"},{"r":"123","t":"16:58:40","h":"Sud","s":"25S-H56S000I-80-I"},{"r":"123","t":"16:58:40","h":"Sud","s":"25S-H56S100F-80-F1"},{"r":"123","t":"16:58:40","h":"Sud","s":"25S-H56S200F-81-F2"},{"r":"112","t":"17:00:00","h":"Ouest","s":"25N-H56N000A-80-A"},{"r":"112","t":"17:00:00","h":"Ouest","s":"25N-H56N000S-80-S"},{"r":"112","t":"17:00:00","h":"Ouest","s":"25N-H56NV10A-80-A"},{"r":"112","t":"17:00:00","h":"Ouest","s":"25N-H56NV10S-80-S"},{"r":"112","t":"17:00:00","h":"Ouest","s":"25N-H56NV20A-80-A"},{"r":"112","t":"17:00:00","h":"Ouest","s":"25N-H56NV20S-80-S"},{"r":"112","t":"17:00:00","h":"Ouest","s":"25S-H56S000A-80-A"},{"r":"112","t":"17:00:00","h":"Ouest","s":"25S-H56S000S-80-S"},{"r":"112","t":"17:07:00","h":"Ouest","s":"25N-H56N000S-80-S"},{"r":"112","t":"17:07:00","h":"Ouest","s":"25N-H56NV10S-80-S"},{"r":"112","t":"17:07:00","h":"Ouest","s":"25N-H56NV20S-80-S"},{"r":"112","t":"17:07:00","h":"Ouest","s":"25S-H56S000S-80-S"},{"r":"123","t":"17:11:30","h":"Sud","s":"25N-H56N000S-80-S"},{"r":"123","t":"17:11:30","h":"Sud","s":"25N-H56NV10S-80-S"},{"r":"123","t":"17:11:30","h":"Sud","s":"25N-H56NV20S-80-S"},{"r":"123","t":"17:11:30","h":"Sud","s":"25S-H56S000S-80-S"},{"r":"112","t":"17:13:00","h":"Ouest","s":"25N-H56N000S-80-S"},{"r":"112","t":"17:13:00","h":"Ouest","s":"25N-H56NV10S-80-S"},{"r":"112","t":"17:13:00","h":"Ouest","s":"25N-H56NV20S-80-S"},{"r":"112","t":"17:13:00","h":"Ouest","s":"25S-H56S000S-80-S"},{"r":"112","t":"17:19:00","h":"Ouest","s":"25N-H56N000I-80-I"},{"r":"112","t":"17:19:00","h":"Ouest","s":"25N-H56N100F-80-F1"},{"r":"112","t":"17:19:00","h":"Ouest","s":"25N-H56N200F-80-F2"},{"r":"112","t":"17:19:00","h":"Ouest","s":"25N-H56N300F-80-F3"},{"r":"112","t":"17:19:00","h":"Ouest","s":"25N-H56N400F-80-F4"},{"r":"112","t":"17:19:00","h":"Ouest","s":"25N-H56NV10I-80-I"},{"r":"112","t":"17:19:00","h":"Ouest","s":"25N-H56NV20I-80-I"},{"r":"112","t":"17:19:00","h":"Ouest","s":"25S-H56S000I-80-I"},{"r":"112","t":"17:19:00","h":"Ouest","s":"25S-H56S100F-80-F1"},{"r":"112","t":"17:19:00","h":"Ouest","s":"25S-H56S200F-81-F2"},{"r":"112","t":"17:20:00","h":"Ouest","s":"25N-H56N000A-80-A"},{"r":"112","t":"17:20:00","h":"Ouest","s":"25N-H56N000S-80-S"},{"r":"112","t":"17:20:00","h":"Ouest","s":"25N-H56NV10A-80-A"},{"r":"112","t":"17:20:00","h":"Ouest","s":"25N-H56NV10S-80-S"},{"r":"112","t":"17:20:00","h":"Ouest","s":"25N-H56NV20A-80-A"},{"r":"112","t":"17:20:00","h":"Ouest","s":"25N-H56NV20S-80-S"},{"r":"112","t":"17:20:00","h":"Ouest","s":"25S-H56S000A-80-A"},{"r":"112","t":"17:20:00","h":"Ouest","s":"25S-H56S000S-80-S"},{"r":"112","t":"17:27:00","h":"Ouest","s":"25N-H56N000S-80-S"},{"r":"112","t":"17:27:00","h":"Ouest","s":"25N-H56NV10S-80-S"},{"r":"112","t":"17:27:00","h":"Ouest","s":"25N-H56NV20S-80-S"},{"r":"112","t":"17:27:00","h":"Ouest","s":"25S-H56S000S-80-S"},{"r":"123","t":"17:27:05","h":"Sud","s":"25N-H56N000A-80-A"},{"r":"123","t":"17:27:05","h":"Sud","s":"25N-H56NV10A-80-A"},{"r":"123","t":"17:27:05","h":"Sud","s":"25N-H56NV20A-80-A"},{"r":"123","t":"17:27:05","h":"Sud","s":"25S-H56S000A-80-A"},{"r":"123","t":"17:33:40","h":"Sud","s":"25N-H56N000I-80-I"},{"r":"123","t":"17:33:40","h":"Sud","s":"25N-H56N100F-80-F1"},{"r":"123","t":"17:33:40","h":"Sud","s":"25N-H56N200F-80-F2"},{"r":"123","t":"17:33:40","h":"Sud","s":"25N-H56N300F-80-F3"},{"r":"123","t":"17:33:40","h":"Sud","s":"25N-H56N400F-80-F4"},{"r":"123","t":"17:33:40","h":"Sud","s":"25N-H56NV10I-80-I"},{"r":"123","t":"17:33:40","h":"Sud","s":"25N-H56NV20I-80-I"},{"r":"123","t":"17:33:40","h":"Sud","s":"25S-H56S000I-80-I"},{"r":"123","t":"17:33:40","h":"Sud","s":"25S-H56S100F-80-F1"},{"r":"123","t":"17:33:40","h":"Sud","s":"25S-H56S200F-81-F2"},{"r":"112","t":"17:34:00","h":"Ouest","s":"25N-H56N000S-80-S"},{"r":"112","t":"17:34:00","h":"Ouest","s":"25N-H56NV10S-80-S"},{"r":"112","t":"17:34:00","h":"Ouest","s":"25N-H56NV20S-80-S"},{"r":"112","t":"17:34:00","h":"Ouest","s":"25S-H56S000S-80-S"},{"r":"112","t":"17:40:00","h":"Ouest","s":"25N-H56N000A-80-A"},{"r":"112","t":"17:40:00","h":"Ouest","s":"25N-H56NV10A-80-A"},{"r":"112","t":"17:40:00","h":"Ouest","s":"25N-H56NV20A-80-A"},{"r":"112","t":"17:40:00","h":"Ouest","s":"25S-H56S000A-80-A"},{"r":"112","t":"17:41:00","h":"Ouest","s":"25N-H56N000I-80-I"},{"r":"112","t":"17:41:00","h":"Ouest","s":"25N-H56N100F-80-F1"},{"r":"112","t":"17:41:00","h":"Ouest","s":"25N-H56N200F-80-F2"},{"r":"112","t":"17:41:00","h":"Ouest","s":"25N-H56N300F-80-F3"},{"r":"112","t":"17:41:00","h":"Ouest","s":"25N-H56N400F-80-F4"},{"r":"112","t":"17:41:00","h":"Ouest","s":"25N-H56NV10I-80-I"},{"r":"112","t":"17:41:00","h":"Ouest","s":"25N-H56NV20I-80-I"},{"r":"112","t":"17:41:00","h":"Ouest","s":"25S-H56S000I-80-I"},{"r":"112","t":"17:41:00","h":"Ouest","s":"25S-H56S100F-80-F1"},{"r":"112","t":"17:41:00","h":"Ouest","s":"25S-H56S200F-81-F2"},{"r":"112","t":"17:42:00","h":"Ouest","s":"25N-H56N000S-80-S"},{"r":"112","t":"17:42:00","h":"Ouest","s":"25N-H56NV10S-80-S"},{"r":"112","t":"17:42:00","h":"Ouest","s":"25N-H56NV20S-80-S"},{"r":"112","t":"17:42:00","h":"Ouest","s":"25S-H56S000S-80-S"},{"r":"123","t":"17:43:30","h":"Sud","s":"25N-H56N000S-80-S"},{"r":"123","t":"17:43:30","h":"Sud","s":"25N-H56NV10S-80-S"},{"r":"123","t":"17:43:30","h":"Sud","s":"25N-H56NV20S-80-S"},{"r":"123","t":"17:43:30","h":"Sud","s":"25S-H56S000S-80-S"},{"r":"112","t":"17:53:00","h":"Ouest","s":"25N-H56N000S-80-S"},{"r":"112","t":"17:53:00","h":"Ouest","s":"25N-H56NV10S-80-S"},{"r":"112","t":"17:53:00","h":"Ouest","s":"25N-H56NV20S-80-S"},{"r":"112","t":"17:53:00","h":"Ouest","s":"25S-H56S000S-80-S"},{"r":"123","t":"17:54:05","h":"Sud","s":"25N-H56N000A-80-A"},{"r":"123","t":"17:54:05","h":"Sud","s":"25N-H56NV10A-80-A"},{"r":"123","t":"17:54:05","h":"Sud","s":"25N-H56NV20A-80-A"},{"r":"123","t":"17:54:05","h":"Sud","s":"25S-H56S000A-80-A"},{"r":"112","t":"18:02:00","h":"Ouest","s":"25N-H56N000A-80-A"},{"r":"112","t":"18:02:00","h":"Ouest","s":"25N-H56NV10A-80-A"},{"r":"112","t":"18:02:00","h":"Ouest","s":"25N-H56NV20A-80-A"},{"r":"112","t":"18:02:00","h":"Ouest","s":"25S-H56S000A-80-A"},{"r":"112","t":"18:03:00","h":"Ouest","s":"25N-H56N000I-80-I"},{"r":"112","t":"18:03:00","h":"Ouest","s":"25N-H56N100F-80-F1"},{"r":"112","t":"18:03:00","h":"Ouest","s":"25N-H56N200F-80-F2"},{"r":"112","t":"18:03:00","h":"Ouest","s":"25N-H56N300F-80-F3"},{"r":"112","t":"18:03:00","h":"Ouest","s":"25N-H56N400F-80-F4"},{"r":"112","t":"18:03:00","h":"Ouest","s":"25N-H56NV10I-80-I"},{"r":"112","t":"18:03:00","h":"Ouest","s":"25N-H56NV20I-80-I"},{"r":"112","t":"18:03:00","h":"Ouest","s":"25S-H56S000I-80-I"},{"r":"112","t":"18:03:00","h":"Ouest","s":"25S-H56S100F-80-F1"},{"r":"112","t":"18:03:00","h":"Ouest","s":"25S-H56S200F-81-F2"},{"r":"112","t":"18:04:00","h":"Ouest","s":"25N-H56N000S-80-S"},{"r":"112","t":"18:04:00","h":"Ouest","s":"25N-H56NV10S-80-S"},{"r":"112","t":"18:04:00","h":"Ouest","s":"25N-H56NV20S-80-S"},{"r":"112","t":"18:04:00","h":"Ouest","s":"25S-H56S000S-80-S"},{"r":"123","t":"18:06:40","h":"Sud","s":"25N-H56N000I-80-I"},{"r":"123","t":"18:06:40","h":"Sud","s":"25N-H56N100F-80-F1"},{"r":"123","t":"18:06:40","h":"Sud","s":"25N-H56N200F-80-F2"},{"r":"123","t":"18:06:40","h":"Sud","s":"25N-H56N300F-80-F3"},{"r":"123","t":"18:06:40","h":"Sud","s":"25N-H56N400F-80-F4"},{"r":"123","t":"18:06:40","h":"Sud","s":"25N-H56NV10I-80-I"},{"r":"123","t":"18:06:40","h":"Sud","s":"25N-H56NV20I-80-I"},{"r":"123","t":"18:06:40","h":"Sud","s":"25S-H56S000I-80-I"},{"r":"123","t":"18:06:40","h":"Sud","s":"25S-H56S100F-80-F1"},{"r":"123","t":"18:06:40","h":"Sud","s":"25S-H56S200F-81-F2"},{"r":"123","t":"18:13:30","h":"Sud","s":"25N-H56N000S-80-S"},{"r":"123","t":"18:13:30","h":"Sud","s":"25N-H56NV10S-80-S"},{"r":"123","t":"18:13:30","h":"Sud","s":"25N-H56NV20S-80-S"},{"r":"123","t":"18:13:30","h":"Sud","s":"25S-H56S000S-80-S"},{"r":"112","t":"18:14:00","h":"Ouest","s":"25N-H56N000S-80-S"},{"r":"112","t":"18:14:00","h":"Ouest","s":"25N-H56NV10S-80-S"},{"r":"112","t":"18:14:00","h":"Ouest","s":"25N-H56NV20S-80-S"},{"r":"112","t":"18:14:00","h":"Ouest","s":"25S-H56S000S-80-S"},{"r":"123","t":"18:21:05","h":"Sud","s":"25N-H56N000A-80-A"},{"r":"123","t":"18:21:05","h":"Sud","s":"25N-H56NV10A-80-A"},{"r":"123","t":"18:21:05","h":"Sud","s":"25N-H56NV20A-80-A"},{"r":"123","t":"18:21:05","h":"Sud","s":"25S-H56S000A-80-A"},{"r":"112","t":"18:24:00","h":"Ouest","s":"25N-H56N000A-80-A"},{"r":"112","t":"18:24:00","h":"Ouest","s":"25N-H56N000I-80-I"},{"r":"112","t":"18:24:00","h":"Ouest","s":"25N-H56N100F-80-F1"},{"r":"112","t":"18:24:00","h":"Ouest","s":"25N-H56N200F-80-F2"},{"r":"112","t":"18:24:00","h":"Ouest","s":"25N-H56N300F-80-F3"},{"r":"112","t":"18:24:00","h":"Ouest","s":"25N-H56N400F-80-F4"},{"r":"112","t":"18:24:00","h":"Ouest","s":"25N-H56NV10A-80-A"},{"r":"112","t":"18:24:00","h":"Ouest","s":"25N-H56NV10I-80-I"},{"r":"112","t":"18:24:00","h":"Ouest","s":"25N-H56NV20A-80-A"},{"r":"112","t":"18:24:00","h":"Ouest","s":"25N-H56NV20I-80-I"},{"r":"112","t":"18:24:00","h":"Ouest","s":"25S-H56S000A-80-A"},{"r":"112","t":"18:24:00","h":"Ouest","s":"25S-H56S000I-80-I"},{"r":"112","t":"18:24:00","h":"Ouest","s":"25S-H56S100F-80-F1"},{"r":"112","t":"18:24:00","h":"Ouest","s":"25S-H56S200F-81-F2"},{"r":"112","t":"18:25:00","h":"Ouest","s":"25N-H56N000S-80-S"},{"r":"112","t":"18:25:00","h":"Ouest","s":"25N-H56NV10S-80-S"},{"r":"112","t":"18:25:00","h":"Ouest","s":"25N-H56NV20S-80-S"},{"r":"112","t":"18:25:00","h":"Ouest","s":"25S-H56S000S-80-S"},{"r":"112","t":"18:34:00","h":"Ouest","s":"25N-H56N000S-80-S"},{"r":"112","t":"18:34:00","h":"Ouest","s":"25N-H56NV10S-80-S"},{"r":"112","t":"18:34:00","h":"Ouest","s":"25N-H56NV20S-80-S"},{"r":"112","t":"18:34:00","h":"Ouest","s":"25S-H56S000S-80-S"},{"r":"123","t":"18:41:40","h":"Sud","s":"25N-H56N000I-80-I"},{"r":"123","t":"18:41:40","h":"Sud","s":"25N-H56N100F-80-F1"},{"r":"123","t":"18:41:40","h":"Sud","s":"25N-H56N200F-80-F2"},{"r":"123","t":"18:41:40","h":"Sud","s":"25N-H56N300F-80-F3"},{"r":"123","t":"18:41:40","h":"Sud","s":"25N-H56N400F-80-F4"},{"r":"123","t":"18:41:40","h":"Sud","s":"25N-H56NV10I-80-I"},{"r":"123","t":"18:41:40","h":"Sud","s":"25N-H56NV20I-80-I"},{"r":"123","t":"18:41:40","h":"Sud","s":"25S-H56S000I-80-I"},{"r":"123","t":"18:41:40","h":"Sud","s":"25S-H56S100F-80-F1"},{"r":"123","t":"18:41:40","h":"Sud","s":"25S-H56S200F-81-F2"},{"r":"123","t":"18:43:40","h":"Sud","s":"25N-H56N000A-80-A"},{"r":"123","t":"18:43:40","h":"Sud","s":"25N-H56NV10A-80-A"},{"r":"123","t":"18:43:40","h":"Sud","s":"25N-H56NV20A-80-A"},{"r":"123","t":"18:43:40","h":"Sud","s":"25S-H56S000A-80-A"},{"r":"123","t":"18:45:30","h":"Sud","s":"25N-H56N000S-80-S"},{"r":"123","t":"18:45:30","h":"Sud","s":"25N-H56NV10S-80-S"},{"r":"123","t":"18:45:30","h":"Sud","s":"25N-H56NV20S-80-S"},{"r":"123","t":"18:45:30","h":"Sud","s":"25S-H56S000S-80-S"},{"r":"112","t":"18:46:00","h":"Ouest","s":"25N-H56N000S-80-S"},{"r":"112","t":"18:46:00","h":"Ouest","s":"25N-H56NV10S-80-S"},{"r":"112","t":"18:46:00","h":"Ouest","s":"25N-H56NV20S-80-S"},{"r":"112","t":"18:46:00","h":"Ouest","s":"25S-H56S000S-80-S"},{"r":"112","t":"18:51:00","h":"Ouest","s":"25N-H56N000A-80-A"},{"r":"112","t":"18:51:00","h":"Ouest","s":"25N-H56N000I-80-I"},{"r":"112","t":"18:51:00","h":"Ouest","s":"25N-H56N100F-80-F1"},{"r":"112","t":"18:51:00","h":"Ouest","s":"25N-H56N200F-80-F2"},{"r":"112","t":"18:51:00","h":"Ouest","s":"25N-H56N300F-80-F3"},{"r":"112","t":"18:51:00","h":"Ouest","s":"25N-H56N400F-80-F4"},{"r":"112","t":"18:51:00","h":"Ouest","s":"25N-H56NV10A-80-A"},{"r":"112","t":"18:51:00","h":"Ouest","s":"25N-H56NV10I-80-I"},{"r":"112","t":"18:51:00","h":"Ouest","s":"25N-H56NV20A-80-A"},{"r":"112","t":"18:51:00","h":"Ouest","s":"25N-H56NV20I-80-I"},{"r":"112","t":"18:51:00","h":"Ouest","s":"25S-H56S000A-80-A"},{"r":"112","t":"18:51:00","h":"Ouest","s":"25S-H56S000I-80-I"},{"r":"112","t":"18:51:00","h":"Ouest","s":"25S-H56S100F-80-F1"},{"r":"112","t":"18:51:00","h":"Ouest","s":"25S-H56S200F-81-F2"},{"r":"112","t":"19:00:00","h":"Ouest","s":"25N-H56N000S-80-S"},{"r":"112","t":"19:00:00","h":"Ouest","s":"25N-H56NV10S-80-S"},{"r":"112","t":"19:00:00","h":"Ouest","s":"25N-H56NV20S-80-S"},{"r":"112","t":"19:00:00","h":"Ouest","s":"25S-H56S000S-80-S"},{"r":"123","t":"19:05:40","h":"Sud","s":"25N-H56N000A-80-A"},{"r":"123","t":"19:05:40","h":"Sud","s":"25N-H56NV10A-80-A"},{"r":"123","t":"19:05:40","h":"Sud","s":"25N-H56NV20A-80-A"},{"r":"123","t":"19:05:40","h":"Sud","s":"25S-H56S000A-80-A"},{"r":"112","t":"19:14:00","h":"Ouest","s":"25N-H56N000S-80-S"},{"r":"112","t":"19:14:00","h":"Ouest","s":"25N-H56NV10S-80-S"},{"r":"112","t":"19:14:00","h":"Ouest","s":"25N-H56NV20S-80-S"},{"r":"112","t":"19:14:00","h":"Ouest","s":"25S-H56S000S-80-S"},{"r":"123","t":"19:14:40","h":"Sud","s":"25N-H56N000I-80-I"},{"r":"123","t":"19:14:40","h":"Sud","s":"25N-H56N100F-80-F1"},{"r":"123","t":"19:14:40","h":"Sud","s":"25N-H56N200F-80-F2"},{"r":"123","t":"19:14:40","h":"Sud","s":"25N-H56N300F-80-F3"},{"r":"123","t":"19:14:40","h":"Sud","s":"25N-H56N400F-80-F4"},{"r":"123","t":"19:14:40","h":"Sud","s":"25N-H56NV10I-80-I"},{"r":"123","t":"19:14:40","h":"Sud","s":"25N-H56NV20I-80-I"},{"r":"123","t":"19:14:40","h":"Sud","s":"25S-H56S000I-80-I"},{"r":"123","t":"19:14:40","h":"Sud","s":"25S-H56S100F-80-F1"},{"r":"123","t":"19:14:40","h":"Sud","s":"25S-H56S200F-81-F2"},{"r":"123","t":"19:15:30","h":"Sud","s":"25N-H56N000S-80-S"},{"r":"123","t":"19:15:30","h":"Sud","s":"25N-H56NV10S-80-S"},{"r":"123","t":"19:15:30","h":"Sud","s":"25N-H56NV20S-80-S"},{"r":"123","t":"19:15:30","h":"Sud","s":"25S-H56S000S-80-S"},{"r":"112","t":"19:19:00","h":"Ouest","s":"25N-H56N000A-80-A"},{"r":"112","t":"19:19:00","h":"Ouest","s":"25N-H56NV10A-80-A"},{"r":"112","t":"19:19:00","h":"Ouest","s":"25N-H56NV20A-80-A"},{"r":"112","t":"19:19:00","h":"Ouest","s":"25S-H56S000A-80-A"},{"r":"112","t":"19:21:00","h":"Ouest","s":"25N-H56N000I-80-I"},{"r":"112","t":"19:21:00","h":"Ouest","s":"25N-H56N100F-80-F1"},{"r":"112","t":"19:21:00","h":"Ouest","s":"25N-H56N200F-80-F2"},{"r":"112","t":"19:21:00","h":"Ouest","s":"25N-H56N300F-80-F3"},{"r":"112","t":"19:21:00","h":"Ouest","s":"25N-H56N400F-80-F4"},{"r":"112","t":"19:21:00","h":"Ouest","s":"25N-H56NV10I-80-I"},{"r":"112","t":"19:21:00","h":"Ouest","s":"25N-H56NV20I-80-I"},{"r":"112","t":"19:21:00","h":"Ouest","s":"25S-H56S000I-80-I"},{"r":"112","t":"19:21:00","h":"Ouest","s":"25S-H56S100F-80-F1"},{"r":"112","t":"19:21:00","h":"Ouest","s":"25S-H56S200F-81-F2"},{"r":"123","t":"19:25:40","h":"Sud","s":"25N-H56N000A-80-A"},{"r":"123","t":"19:25:40","h":"Sud","s":"25N-H56NV10A-80-A"},{"r":"123","t":"19:25:40","h":"Sud","s":"25N-H56NV20A-80-A"},{"r":"123","t":"19:25:40","h":"Sud","s":"25S-H56S000A-80-A"},{"r":"112","t":"19:35:00","h":"Ouest","s":"25N-H56N000S-80-S"},{"r":"112","t":"19:35:00","h":"Ouest","s":"25N-H56NV10S-80-S"},{"r":"112","t":"19:35:00","h":"Ouest","s":"25N-H56NV20S-80-S"},{"r":"112","t":"19:35:00","h":"Ouest","s":"25S-H56S000S-80-S"},{"r":"123","t":"19:44:30","h":"Sud","s":"25N-H56N000S-80-S"},{"r":"123","t":"19:44:30","h":"Sud","s":"25N-H56NV10S-80-S"},{"r":"123","t":"19:44:30","h":"Sud","s":"25N-H56NV20S-80-S"},{"r":"123","t":"19:44:30","h":"Sud","s":"25S-H56S000S-80-S"},{"r":"123","t":"19:47:40","h":"Sud","s":"25N-H56N000A-80-A"},{"r":"123","t":"19:47:40","h":"Sud","s":"25N-H56NV10A-80-A"},{"r":"123","t":"19:47:40","h":"Sud","s":"25N-H56NV20A-80-A"},{"r":"123","t":"19:47:40","h":"Sud","s":"25S-H56S000A-80-A"},{"r":"123","t":"19:48:40","h":"Sud","s":"25N-H56N000I-80-I"},{"r":"123","t":"19:48:40","h":"Sud","s":"25N-H56N100F-80-F1"},{"r":"123","t":"19:48:40","h":"Sud","s":"25N-H56N200F-80-F2"},{"r":"123","t":"19:48:40","h":"Sud","s":"25N-H56N300F-80-F3"},{"r":"123","t":"19:48:40","h":"Sud","s":"25N-H56N400F-80-F4"},{"r":"123","t":"19:48:40","h":"Sud","s":"25N-H56NV10I-80-I"},{"r":"123","t":"19:48:40","h":"Sud","s":"25N-H56NV20I-80-I"},{"r":"123","t":"19:48:40","h":"Sud","s":"25S-H56S000I-80-I"},{"r":"123","t":"19:48:40","h":"Sud","s":"25S-H56S100F-80-F1"},{"r":"123","t":"19:48:40","h":"Sud","s":"25S-H56S200F-81-F2"},{"r":"112","t":"19:49:00","h":"Ouest","s":"25N-H56N000A-80-A"},{"r":"112","t":"19:49:00","h":"Ouest","s":"25N-H56NV10A-80-A"},{"r":"112","t":"19:49:00","h":"Ouest","s":"25N-H56NV20A-80-A"},{"r":"112","t":"19:49:00","h":"Ouest","s":"25S-H56S000A-80-A"},{"r":"112","t":"19:51:00","h":"Ouest","s":"25N-H56N000I-80-I"},{"r":"112","t":"19:51:00","h":"Ouest","s":"25N-H56N100F-80-F1"},{"r":"112","t":"19:51:00","h":"Ouest","s":"25N-H56N200F-80-F2"},{"r":"112","t":"19:51:00","h":"Ouest","s":"25N-H56N300F-80-F3"},{"r":"112","t":"19:51:00","h":"Ouest","s":"25N-H56N400F-80-F4"},{"r":"112","t":"19:51:00","h":"Ouest","s":"25N-H56NV10I-80-I"},{"r":"112","t":"19:51:00","h":"Ouest","s":"25N-H56NV20I-80-I"},{"r":"112","t":"19:51:00","h":"Ouest","s":"25S-H56S000I-80-I"},{"r":"112","t":"19:51:00","h":"Ouest","s":"25S-H56S100F-80-F1"},{"r":"112","t":"19:51:00","h":"Ouest","s":"25S-H56S200F-81-F2"},{"r":"112","t":"19:57:00","h":"Ouest","s":"25N-H56N000S-80-S"},{"r":"112","t":"19:57:00","h":"Ouest","s":"25N-H56NV10S-80-S"},{"r":"112","t":"19:57:00","h":"Ouest","s":"25N-H56NV20S-80-S"},{"r":"112","t":"19:57:00","h":"Ouest","s":"25S-H56S000S-80-S"},{"r":"123","t":"20:09:40","h":"Sud","s":"25N-H56N000A-80-A"},{"r":"123","t":"20:09:40","h":"Sud","s":"25N-H56NV10A-80-A"},{"r":"123","t":"20:09:40","h":"Sud","s":"25N-H56NV20A-80-A"},{"r":"123","t":"20:09:40","h":"Sud","s":"25S-H56S000A-80-A"},{"r":"123","t":"20:15:30","h":"Sud","s":"25N-H56N000S-80-S"},{"r":"123","t":"20:15:30","h":"Sud","s":"25N-H56NV10S-80-S"},{"r":"123","t":"20:15:30","h":"Sud","s":"25N-H56NV20S-80-S"},{"r":"123","t":"20:15:30","h":"Sud","s":"25S-H56S000S-80-S"},{"r":"112","t":"20:18:00","h":"Ouest","s":"25N-H56N000S-80-S"},{"r":"112","t":"20:18:00","h":"Ouest","s":"25N-H56NV10S-80-S"},{"r":"112","t":"20:18:00","h":"Ouest","s":"25N-H56NV20S-80-S"},{"r":"112","t":"20:18:00","h":"Ouest","s":"25S-H56S000S-80-S"},{"r":"112","t":"20:19:00","h":"Ouest","s":"25N-H56N000A-80-A"},{"r":"112","t":"20:19:00","h":"Ouest","s":"25N-H56NV10A-80-A"},{"r":"112","t":"20:19:00","h":"Ouest","s":"25N-H56NV20A-80-A"},{"r":"112","t":"20:19:00","h":"Ouest","s":"25S-H56S000A-80-A"},{"r":"123","t":"20:20:40","h":"Sud","s":"25N-H56N000I-80-I"},{"r":"123","t":"20:20:40","h":"Sud","s":"25N-H56N100F-80-F1"},{"r":"123","t":"20:20:40","h":"Sud","s":"25N-H56N200F-80-F2"},{"r":"123","t":"20:20:40","h":"Sud","s":"25N-H56N300F-80-F3"},{"r":"123","t":"20:20:40","h":"Sud","s":"25N-H56N400F-80-F4"},{"r":"123","t":"20:20:40","h":"Sud","s":"25N-H56NV10I-80-I"},{"r":"123","t":"20:20:40","h":"Sud","s":"25N-H56NV20I-80-I"},{"r":"123","t":"20:20:40","h":"Sud","s":"25S-H56S000I-80-I"},{"r":"123","t":"20:20:40","h":"Sud","s":"25S-H56S100F-80-F1"},{"r":"123","t":"20:20:40","h":"Sud","s":"25S-H56S200F-81-F2"},{"r":"112","t":"20:21:00","h":"Ouest","s":"25N-H56N000I-80-I"},{"r":"112","t":"20:21:00","h":"Ouest","s":"25N-H56N100F-80-F1"},{"r":"112","t":"20:21:00","h":"Ouest","s":"25N-H56N200F-80-F2"},{"r":"112","t":"20:21:00","h":"Ouest","s":"25N-H56N300F-80-F3"},{"r":"112","t":"20:21:00","h":"Ouest","s":"25N-H56N400F-80-F4"},{"r":"112","t":"20:21:00","h":"Ouest","s":"25N-H56NV10I-80-I"},{"r":"112","t":"20:21:00","h":"Ouest","s":"25N-H56NV20I-80-I"},{"r":"112","t":"20:21:00","h":"Ouest","s":"25S-H56S000I-80-I"},{"r":"112","t":"20:21:00","h":"Ouest","s":"25S-H56S100F-80-F1"},{"r":"112","t":"20:21:00","h":"Ouest","s":"25S-H56S200F-81-F2"},{"r":"123","t":"20:32:40","h":"Sud","s":"25N-H56N000A-80-A"},{"r":"123","t":"20:32:40","h":"Sud","s":"25N-H56NV10A-80-A"},{"r":"123","t":"20:32:40","h":"Sud","s":"25N-H56NV20A-80-A"},{"r":"123","t":"20:32:40","h":"Sud","s":"25S-H56S000A-80-A"},{"r":"112","t":"20:40:00","h":"Ouest","s":"25N-H56N000S-80-S"},{"r":"112","t":"20:40:00","h":"Ouest","s":"25N-H56NV10S-80-S"},{"r":"112","t":"20:40:00","h":"Ouest","s":"25N-H56NV20S-80-S"},{"r":"112","t":"20:40:00","h":"Ouest","s":"25S-H56S000S-80-S"},{"r":"123","t":"20:45:40","h":"Sud","s":"25N-H56N000S-80-S"},{"r":"123","t":"20:45:40","h":"Sud","s":"25N-H56NV10S-80-S"},{"r":"123","t":"20:45:40","h":"Sud","s":"25N-H56NV20S-80-S"},{"r":"123","t":"20:45:40","h":"Sud","s":"25S-H56S000S-80-S"},{"r":"112","t":"20:48:00","h":"Ouest","s":"25N-H56N000A-80-A"},{"r":"112","t":"20:48:00","h":"Ouest","s":"25N-H56NV10A-80-A"},{"r":"112","t":"20:48:00","h":"Ouest","s":"25N-H56NV20A-80-A"},{"r":"112","t":"20:48:00","h":"Ouest","s":"25S-H56S000A-80-A"},{"r":"112","t":"20:50:00","h":"Ouest","s":"25N-H56N000I-80-I"},{"r":"112","t":"20:50:00","h":"Ouest","s":"25N-H56N100F-80-F1"},{"r":"112","t":"20:50:00","h":"Ouest","s":"25N-H56N200F-80-F2"},{"r":"112","t":"20:50:00","h":"Ouest","s":"25N-H56N300F-80-F3"},{"r":"112","t":"20:50:00","h":"Ouest","s":"25N-H56N400F-80-F4"},{"r":"112","t":"20:50:00","h":"Ouest","s":"25N-H56NV10I-80-I"},{"r":"112","t":"20:50:00","h":"Ouest","s":"25N-H56NV20I-80-I"},{"r":"112","t":"20:50:00","h":"Ouest","s":"25S-H56S000I-80-I"},{"r":"112","t":"20:50:00","h":"Ouest","s":"25S-H56S100F-80-F1"},{"r":"112","t":"20:50:00","h":"Ouest","s":"25S-H56S200F-81-F2"},{"r":"123","t":"20:53:40","h":"Sud","s":"25N-H56N000I-80-I"},{"r":"123","t":"20:53:40","h":"Sud","s":"25N-H56N100F-80-F1"},{"r":"123","t":"20:53:40","h":"Sud","s":"25N-H56N200F-80-F2"},{"r":"123","t":"20:53:40","h":"Sud","s":"25N-H56N300F-80-F3"},{"r":"123","t":"20:53:40","h":"Sud","s":"25N-H56N400F-80-F4"},{"r":"123","t":"20:53:40","h":"Sud","s":"25N-H56NV10I-80-I"},{"r":"123","t":"20:53:40","h":"Sud","s":"25N-H56NV20I-80-I"},{"r":"123","t":"20:53:40","h":"Sud","s":"25S-H56S000I-80-I"},{"r":"123","t":"20:53:40","h":"Sud","s":"25S-H56S100F-80-F1"},{"r":"123","t":"20:53:40","h":"Sud","s":"25S-H56S200F-81-F2"},{"r":"123","t":"20:58:40","h":"Sud","s":"25N-H56N000A-80-A"},{"r":"123","t":"20:58:40","h":"Sud","s":"25N-H56NV10A-80-A"},{"r":"123","t":"20:58:40","h":"Sud","s":"25N-H56NV20A-80-A"},{"r":"123","t":"20:58:40","h":"Sud","s":"25S-H56S000A-80-A"},{"r":"112","t":"21:06:00","h":"Ouest","s":"25N-H56N000S-80-S"},{"r":"112","t":"21:06:00","h":"Ouest","s":"25N-H56NV10S-80-S"},{"r":"112","t":"21:06:00","h":"Ouest","s":"25N-H56NV20S-80-S"},{"r":"112","t":"21:06:00","h":"Ouest","s":"25S-H56S000S-80-S"},{"r":"123","t":"21:16:40","h":"Sud","s":"25N-H56N000S-80-S"},{"r":"123","t":"21:16:40","h":"Sud","s":"25N-H56NV10S-80-S"},{"r":"123","t":"21:16:40","h":"Sud","s":"25N-H56NV20S-80-S"},{"r":"123","t":"21:16:40","h":"Sud","s":"25S-H56S000S-80-S"},{"r":"112","t":"21:17:00","h":"Ouest","s":"25N-H56N000A-80-A"},{"r":"112","t":"21:17:00","h":"Ouest","s":"25N-H56NV10A-80-A"},{"r":"112","t":"21:17:00","h":"Ouest","s":"25N-H56NV20A-80-A"},{"r":"112","t":"21:17:00","h":"Ouest","s":"25S-H56S000A-80-A"},{"r":"112","t":"21:18:00","h":"Ouest","s":"25N-H56N000I-80-I"},{"r":"112","t":"21:18:00","h":"Ouest","s":"25N-H56N100F-80-F1"},{"r":"112","t":"21:18:00","h":"Ouest","s":"25N-H56N200F-80-F2"},{"r":"112","t":"21:18:00","h":"Ouest","s":"25N-H56N300F-80-F3"},{"r":"112","t":"21:18:00","h":"Ouest","s":"25N-H56N400F-80-F4"},{"r":"112","t":"21:18:00","h":"Ouest","s":"25N-H56NV10I-80-I"},{"r":"112","t":"21:18:00","h":"Ouest","s":"25N-H56NV20I-80-I"},{"r":"112","t":"21:18:00","h":"Ouest","s":"25S-H56S000I-80-I"},{"r":"112","t":"21:18:00","h":"Ouest","s":"25S-H56S100F-80-F1"},{"r":"112","t":"21:18:00","h":"Ouest","s":"25S-H56S200F-81-F2"},{"r":"123","t":"21:25:40","h":"Sud","s":"25N-H56N000I-80-I"},{"r":"123","t":"21:25:40","h":"Sud","s":"25N-H56N100F-80-F1"},{"r":"123","t":"21:25:40","h":"Sud","s":"25N-H56N200F-80-F2"},{"r":"123","t":"21:25:40","h":"Sud","s":"25N-H56N300F-80-F3"},{"r":"123","t":"21:25:40","h":"Sud","s":"25N-H56N400F-80-F4"},{"r":"123","t":"21:25:40","h":"Sud","s":"25N-H56NV10I-80-I"},{"r":"123","t":"21:25:40","h":"Sud","s":"25N-H56NV20I-80-I"},{"r":"123","t":"21:25:40","h":"Sud","s":"25S-H56S000I-80-I"},{"r":"123","t":"21:25:40","h":"Sud","s":"25S-H56S100F-80-F1"},{"r":"123","t":"21:25:40","h":"Sud","s":"25S-H56S200F-81-F2"},{"r":"123","t":"21:31:40","h":"Sud","s":"25N-H56N000A-80-A"},{"r":"123","t":"21:31:40","h":"Sud","s":"25N-H56NV10A-80-A"},{"r":"123","t":"21:31:40","h":"Sud","s":"25N-H56NV20A-80-A"},{"r":"123","t":"21:31:40","h":"Sud","s":"25S-H56S000A-80-A"},{"r":"112","t":"21:32:00","h":"Ouest","s":"25N-H56N000S-80-S"},{"r":"112","t":"21:32:00","h":"Ouest","s":"25N-H56NV10S-80-S"},{"r":"112","t":"21:32:00","h":"Ouest","s":"25N-H56NV20S-80-S"},{"r":"112","t":"21:32:00","h":"Ouest","s":"25S-H56S000S-80-S"},{"r":"112","t":"21:46:00","h":"Ouest","s":"25N-H56N000A-80-A"},{"r":"112","t":"21:46:00","h":"Ouest","s":"25N-H56NV10A-80-A"},{"r":"112","t":"21:46:00","h":"Ouest","s":"25N-H56NV20A-80-A"},{"r":"112","t":"21:46:00","h":"Ouest","s":"25S-H56S000A-80-A"},{"r":"112","t":"21:47:00","h":"Ouest","s":"25N-H56N000I-80-I"},{"r":"112","t":"21:47:00","h":"Ouest","s":"25N-H56N100F-80-F1"},{"r":"112","t":"21:47:00","h":"Ouest","s":"25N-H56N200F-80-F2"},{"r":"112","t":"21:47:00","h":"Ouest","s":"25N-H56N300F-80-F3"},{"r":"112","t":"21:47:00","h":"Ouest","s":"25N-H56N400F-80-F4"},{"r":"112","t":"21:47:00","h":"Ouest","s":"25N-H56NV10I-80-I"},{"r":"112","t":"21:47:00","h":"Ouest","s":"25N-H56NV20I-80-I"},{"r":"112","t":"21:47:00","h":"Ouest","s":"25S-H56S000I-80-I"},{"r":"112","t":"21:47:00","h":"Ouest","s":"25S-H56S100F-80-F1"},{"r":"112","t":"21:47:00","h":"Ouest","s":"25S-H56S200F-81-F2"},{"r":"123","t":"21:47:40","h":"Sud","s":"25N-H56N000S-80-S"},{"r":"123","t":"21:47:40","h":"Sud","s":"25N-H56NV10S-80-S"},{"r":"123","t":"21:47:40","h":"Sud","s":"25N-H56NV20S-80-S"},{"r":"123","t":"21:47:40","h":"Sud","s":"25S-H56S000S-80-S"},{"r":"112","t":"21:58:00","h":"Ouest","s":"25N-H56N000S-80-S"},{"r":"112","t":"21:58:00","h":"Ouest","s":"25N-H56NV10S-80-S"},{"r":"112","t":"21:58:00","h":"Ouest","s":"25N-H56NV20S-80-S"},{"r":"112","t":"21:58:00","h":"Ouest","s":"25S-H56S000S-80-S"},{"r":"123","t":"21:58:40","h":"Sud","s":"25N-H56N000I-80-I"},{"r":"123","t":"21:58:40","h":"Sud","s":"25N-H56N100F-80-F1"},{"r":"123","t":"21:58:40","h":"Sud","s":"25N-H56N200F-80-F2"},{"r":"123","t":"21:58:40","h":"Sud","s":"25N-H56N300F-80-F3"},{"r":"123","t":"21:58:40","h":"Sud","s":"25N-H56N400F-80-F4"},{"r":"123","t":"21:58:40","h":"Sud","s":"25N-H56NV10I-80-I"},{"r":"123","t":"21:58:40","h":"Sud","s":"25N-H56NV20I-80-I"},{"r":"123","t":"21:58:40","h":"Sud","s":"25S-H56S000I-80-I"},{"r":"123","t":"21:58:40","h":"Sud","s":"25S-H56S100F-80-F1"},{"r":"123","t":"21:58:40","h":"Sud","s":"25S-H56S200F-81-F2"},{"r":"123","t":"22:04:40","h":"Sud","s":"25N-H56N000A-80-A"},{"r":"123","t":"22:04:40","h":"Sud","s":"25N-H56NV10A-80-A"},{"r":"123","t":"22:04:40","h":"Sud","s":"25N-H56NV20A-80-A"},{"r":"123","t":"22:04:40","h":"Sud","s":"25S-H56S000A-80-A"},{"r":"112","t":"22:15:00","h":"Ouest","s":"25N-H56N000A-80-A"},{"r":"112","t":"22:15:00","h":"Ouest","s":"25N-H56N000I-80-I"},{"r":"112","t":"22:15:00","h":"Ouest","s":"25N-H56N100F-80-F1"},{"r":"112","t":"22:15:00","h":"Ouest","s":"25N-H56N200F-80-F2"},{"r":"112","t":"22:15:00","h":"Ouest","s":"25N-H56N300F-80-F3"},{"r":"112","t":"22:15:00","h":"Ouest","s":"25N-H56N400F-80-F4"},{"r":"112","t":"22:15:00","h":"Ouest","s":"25N-H56NV10A-80-A"},{"r":"112","t":"22:15:00","h":"Ouest","s":"25N-H56NV10I-80-I"},{"r":"112","t":"22:15:00","h":"Ouest","s":"25N-H56NV20A-80-A"},{"r":"112","t":"22:15:00","h":"Ouest","s":"25N-H56NV20I-80-I"},{"r":"112","t":"22:15:00","h":"Ouest","s":"25S-H56S000A-80-A"},{"r":"112","t":"22:15:00","h":"Ouest","s":"25S-H56S000I-80-I"},{"r":"112","t":"22:15:00","h":"Ouest","s":"25S-H56S100F-80-F1"},{"r":"112","t":"22:15:00","h":"Ouest","s":"25S-H56S200F-81-F2"},{"r":"123","t":"22:17:40","h":"Sud","s":"25N-H56N000S-80-S"},{"r":"123","t":"22:17:40","h":"Sud","s":"25N-H56NV10S-80-S"},{"r":"123","t":"22:17:40","h":"Sud","s":"25N-H56NV20S-80-S"},{"r":"123","t":"22:17:40","h":"Sud","s":"25S-H56S000S-80-S"},{"r":"112","t":"22:25:00","h":"Ouest","s":"25N-H56N000S-80-S"},{"r":"112","t":"22:25:00","h":"Ouest","s":"25N-H56NV10S-80-S"},{"r":"112","t":"22:25:00","h":"Ouest","s":"25N-H56NV20S-80-S"},{"r":"112","t":"22:25:00","h":"Ouest","s":"25S-H56S000S-80-S"},{"r":"123","t":"22:30:40","h":"Sud","s":"25N-H56N000I-80-I"},{"r":"123","t":"22:30:40","h":"Sud","s":"25N-H56N100F-80-F1"},{"r":"123","t":"22:30:40","h":"Sud","s":"25N-H56N200F-80-F2"},{"r":"123","t":"22:30:40","h":"Sud","s":"25N-H56N300F-80-F3"},{"r":"123","t":"22:30:40","h":"Sud","s":"25N-H56N400F-80-F4"},{"r":"123","t":"22:30:40","h":"Sud","s":"25N-H56NV10I-80-I"},{"r":"123","t":"22:30:40","h":"Sud","s":"25N-H56NV20I-80-I"},{"r":"123","t":"22:30:40","h":"Sud","s":"25S-H56S000I-80-I"},{"r":"123","t":"22:30:40","h":"Sud","s":"25S-H56S100F-80-F1"},{"r":"123","t":"22:30:40","h":"Sud","s":"25S-H56S200F-81-F2"},{"r":"123","t":"22:37:40","h":"Sud","s":"25N-H56N000A-80-A"},{"r":"123","t":"22:37:40","h":"Sud","s":"25N-H56NV10A-80-A"},{"r":"123","t":"22:37:40","h":"Sud","s":"25N-H56NV20A-80-A"},{"r":"123","t":"22:37:40","h":"Sud","s":"25S-H56S000A-80-A"},{"r":"112","t":"22:44:00","h":"Ouest","s":"25N-H56N000I-80-I"},{"r":"112","t":"22:44:00","h":"Ouest","s":"25N-H56N100F-80-F1"},{"r":"112","t":"22:44:00","h":"Ouest","s":"25N-H56N200F-80-F2"},{"r":"112","t":"22:44:00","h":"Ouest","s":"25N-H56N300F-80-F3"},{"r":"112","t":"22:44:00","h":"Ouest","s":"25N-H56N400F-80-F4"},{"r":"112","t":"22:44:00","h":"Ouest","s":"25N-H56NV10I-80-I"},{"r":"112","t":"22:44:00","h":"Ouest","s":"25N-H56NV20I-80-I"},{"r":"112","t":"22:44:00","h":"Ouest","s":"25S-H56S000I-80-I"},{"r":"112","t":"22:44:00","h":"Ouest","s":"25S-H56S100F-80-F1"},{"r":"112","t":"22:44:00","h":"Ouest","s":"25S-H56S200F-81-F2"},{"r":"123","t":"22:47:40","h":"Sud","s":"25N-H56N000S-80-S"},{"r":"123","t":"22:47:40","h":"Sud","s":"25N-H56NV10S-80-S"},{"r":"123","t":"22:47:40","h":"Sud","s":"25N-H56NV20S-80-S"},{"r":"123","t":"22:47:40","h":"Sud","s":"25S-H56S000S-80-S"},{"r":"112","t":"22:48:00","h":"Ouest","s":"25N-H56N000A-80-A"},{"r":"112","t":"22:48:00","h":"Ouest","s":"25N-H56NV10A-80-A"},{"r":"112","t":"22:48:00","h":"Ouest","s":"25N-H56NV20A-80-A"},{"r":"112","t":"22:48:00","h":"Ouest","s":"25S-H56S000A-80-A"},{"r":"112","t":"22:53:00","h":"Ouest","s":"25N-H56N000S-80-S"},{"r":"112","t":"22:53:00","h":"Ouest","s":"25N-H56NV10S-80-S"},{"r":"112","t":"22:53:00","h":"Ouest","s":"25N-H56NV20S-80-S"},{"r":"112","t":"22:53:00","h":"Ouest","s":"25S-H56S000S-80-S"},{"r":"123","t":"23:02:40","h":"Sud","s":"25N-H56N000I-80-I"},{"r":"123","t":"23:02:40","h":"Sud","s":"25N-H56N100F-80-F1"},{"r":"123","t":"23:02:40","h":"Sud","s":"25N-H56N200F-80-F2"},{"r":"123","t":"23:02:40","h":"Sud","s":"25N-H56N300F-80-F3"},{"r":"123","t":"23:02:40","h":"Sud","s":"25N-H56N400F-80-F4"},{"r":"123","t":"23:02:40","h":"Sud","s":"25N-H56NV10I-80-I"},{"r":"123","t":"23:02:40","h":"Sud","s":"25N-H56NV20I-80-I"},{"r":"123","t":"23:02:40","h":"Sud","s":"25S-H56S000I-80-I"},{"r":"123","t":"23:02:40","h":"Sud","s":"25S-H56S100F-80-F1"},{"r":"123","t":"23:02:40","h":"Sud","s":"25S-H56S200F-81-F2"},{"r":"123","t":"23:09:40","h":"Sud","s":"25N-H56N000A-80-A"},{"r":"123","t":"23:09:40","h":"Sud","s":"25N-H56NV10A-80-A"},{"r":"123","t":"23:09:40","h":"Sud","s":"25N-H56NV20A-80-A"},{"r":"123","t":"23:09:40","h":"Sud","s":"25S-H56S000A-80-A"},{"r":"112","t":"23:15:00","h":"Ouest","s":"25N-H56N000I-80-I"},{"r":"112","t":"23:15:00","h":"Ouest","s":"25N-H56N100F-80-F1"},{"r":"112","t":"23:15:00","h":"Ouest","s":"25N-H56N200F-80-F2"},{"r":"112","t":"23:15:00","h":"Ouest","s":"25N-H56N300F-80-F3"},{"r":"112","t":"23:15:00","h":"Ouest","s":"25N-H56N400F-80-F4"},{"r":"112","t":"23:15:00","h":"Ouest","s":"25N-H56NV10I-80-I"},{"r":"112","t":"23:15:00","h":"Ouest","s":"25N-H56NV20I-80-I"},{"r":"112","t":"23:15:00","h":"Ouest","s":"25S-H56S000I-80-I"},{"r":"112","t":"23:15:00","h":"Ouest","s":"25S-H56S100F-80-F1"},{"r":"112","t":"23:15:00","h":"Ouest","s":"25S-H56S200F-81-F2"},{"r":"123","t":"23:16:40","h":"Sud","s":"25N-H56N000S-80-S"},{"r":"123","t":"23:16:40","h":"Sud","s":"25N-H56NV10S-80-S"},{"r":"123","t":"23:16:40","h":"Sud","s":"25N-H56NV20S-80-S"},{"r":"123","t":"23:16:40","h":"Sud","s":"25S-H56S000S-80-S"},{"r":"112","t":"23:20:00","h":"Ouest","s":"25N-H56N000S-80-S"},{"r":"112","t":"23:20:00","h":"Ouest","s":"25N-H56NV10S-80-S"},{"r":"112","t":"23:20:00","h":"Ouest","s":"25N-H56NV20S-80-S"},{"r":"112","t":"23:20:00","h":"Ouest","s":"25S-H56S000S-80-S"},{"r":"112","t":"23:21:00","h":"Ouest","s":"25N-H56N000A-80-A"},{"r":"112","t":"23:21:00","h":"Ouest","s":"25N-H56NV10A-80-A"},{"r":"112","t":"23:21:00","h":"Ouest","s":"25N-H56NV20A-80-A"},{"r":"112","t":"23:21:00","h":"Ouest","s":"25S-H56S000A-80-A"},{"r":"123","t":"23:34:40","h":"Sud","s":"25N-H56N000I-80-I"},{"r":"123","t":"23:34:40","h":"Sud","s":"25N-H56N100F-80-F1"},{"r":"123","t":"23:34:40","h":"Sud","s":"25N-H56N200F-80-F2"},{"r":"123","t":"23:34:40","h":"Sud","s":"25N-H56N300F-80-F3"},{"r":"123","t":"23:34:40","h":"Sud","s":"25N-H56N400F-80-F4"},{"r":"123","t":"23:34:40","h":"Sud","s":"25N-H56NV10I-80-I"},{"r":"123","t":"23:34:40","h":"Sud","s":"25N-H56NV20I-80-I"},{"r":"123","t":"23:34:40","h":"Sud","s":"25S-H56S000I-80-I"},{"r":"123","t":"23:34:40","h":"Sud","s":"25S-H56S100F-80-F1"},{"r":"123","t":"23:34:40","h":"Sud","s":"25S-H56S200F-81-F2"},{"r":"123","t":"23:39:40","h":"Sud","s":"25N-H56N000A-80-A"},{"r":"123","t":"23:39:40","h":"Sud","s":"25N-H56NV10A-80-A"},{"r":"123","t":"23:39:40","h":"Sud","s":"25N-H56NV20A-80-A"},{"r":"123","t":"23:39:40","h":"Sud","s":"25S-H56S000A-80-A"},{"r":"112","t":"23:47:00","h":"Ouest","s":"25N-H56N000I-80-I"},{"r":"112","t":"23:47:00","h":"Ouest","s":"25N-H56N000S-80-S"},{"r":"112","t":"23:47:00","h":"Ouest","s":"25N-H56N100F-80-F1"},{"r":"112","t":"23:47:00","h":"Ouest","s":"25N-H56N200F-80-F2"},{"r":"112","t":"23:47:00","h":"Ouest","s":"25N-H56N300F-80-F3"},{"r":"112","t":"23:47:00","h":"Ouest","s":"25N-H56N400F-80-F4"},{"r":"112","t":"23:47:00","h":"Ouest","s":"25N-H56NV10I-80-I"},{"r":"112","t":"23:47:00","h":"Ouest","s":"25N-H56NV10S-80-S"},{"r":"112","t":"23:47:00","h":"Ouest","s":"25N-H56NV20I-80-I"},{"r":"112","t":"23:47:00","h":"Ouest","s":"25N-H56NV20S-80-S"},{"r":"112","t":"23:47:00","h":"Ouest","s":"25S-H56S000I-80-I"},{"r":"112","t":"23:47:00","h":"Ouest","s":"25S-H56S000S-80-S"},{"r":"112","t":"23:47:00","h":"Ouest","s":"25S-H56S100F-80-F1"},{"r":"112","t":"23:47:00","h":"Ouest","s":"25S-H56S200F-81-F2"},{"r":"123","t":"23:47:40","h":"Sud","s":"25N-H56N000S-80-S"},{"r":"123","t":"23:47:40","h":"Sud","s":"25N-H56NV10S-80-S"},{"r":"123","t":"23:47:40","h":"Sud","s":"25N-H56NV20S-80-S"},{"r":"123","t":"23:47:40","h":"Sud","s":"25S-H56S000S-80-S"},{"r":"112","t":"23:51:00","h":"Ouest","s":"25N-H56N000A-80-A"},{"r":"112","t":"23:51:00","h":"Ouest","s":"25N-H56NV10A-80-A"},{"r":"112","t":"23:51:00","h":"Ouest","s":"25N-H56NV20A-80-A"},{"r":"112","t":"23:51:00","h":"Ouest","s":"25S-H56S000A-80-A"},{"r":"123","t":"24:04:40","h":"Sud","s":"25N-H56N000I-80-I"},{"r":"123","t":"24:04:40","h":"Sud","s":"25N-H56N100F-80-F1"},{"r":"123","t":"24:04:40","h":"Sud","s":"25N-H56N200F-80-F2"},{"r":"123","t":"24:04:40","h":"Sud","s":"25N-H56N300F-80-F3"},{"r":"123","t":"24:04:40","h":"Sud","s":"25N-H56N400F-80-F4"},{"r":"123","t":"24:04:40","h":"Sud","s":"25N-H56NV10I-80-I"},{"r":"123","t":"24:04:40","h":"Sud","s":"25N-H56NV20I-80-I"},{"r":"123","t":"24:04:40","h":"Sud","s":"25S-H56S000I-80-I"},{"r":"123","t":"24:04:40","h":"Sud","s":"25S-H56S100F-80-F1"},{"r":"123","t":"24:04:40","h":"Sud","s":"25S-H56S200F-81-F2"},{"r":"123","t":"24:11:40","h":"Sud","s":"25N-H56N000A-80-A"},{"r":"123","t":"24:11:40","h":"Sud","s":"25N-H56NV10A-80-A"},{"r":"123","t":"24:11:40","h":"Sud","s":"25N-H56NV20A-80-A"},{"r":"123","t":"24:11:40","h":"Sud","s":"25S-H56S000A-80-A"},{"r":"112","t":"24:17:00","h":"Ouest","s":"25N-H56N000S-80-S"},{"r":"112","t":"24:17:00","h":"Ouest","s":"25N-H56NV10S-80-S"},{"r":"112","t":"24:17:00","h":"Ouest","s":"25N-H56NV20S-80-S"},{"r":"112","t":"24:17:00","h":"Ouest","s":"25S-H56S000S-80-S"},{"r":"112","t":"24:19:00","h":"Ouest","s":"25N-H56N000A-80-A"},{"r":"112","t":"24:19:00","h":"Ouest","s":"25N-H56N000I-80-I"},{"r":"112","t":"24:19:00","h":"Ouest","s":"25N-H56N100F-80-F1"},{"r":"112","t":"24:19:00","h":"Ouest","s":"25N-H56N200F-80-F2"},{"r":"112","t":"24:19:00","h":"Ouest","s":"25N-H56N300F-80-F3"},{"r":"112","t":"24:19:00","h":"Ouest","s":"25N-H56N400F-80-F4"},{"r":"112","t":"24:19:00","h":"Ouest","s":"25N-H56NV10A-80-A"},{"r":"112","t":"24:19:00","h":"Ouest","s":"25N-H56NV10I-80-I"},{"r":"112","t":"24:19:00","h":"Ouest","s":"25N-H56NV20A-80-A"},{"r":"112","t":"24:19:00","h":"Ouest","s":"25N-H56NV20I-80-I"},{"r":"112","t":"24:19:00","h":"Ouest","s":"25S-H56S000A-80-A"},{"r":"112","t":"24:19:00","h":"Ouest","s":"25S-H56S000I-80-I"},{"r":"112","t":"24:19:00","h":"Ouest","s":"25S-H56S100F-80-F1"},{"r":"112","t":"24:19:00","h":"Ouest","s":"25S-H56S200F-81-F2"},{"r":"123","t":"24:19:40","h":"Sud","s":"25N-H56N000S-80-S"},{"r":"123","t":"24:19:40","h":"Sud","s":"25N-H56NV10S-80-S"},{"r":"123","t":"24:19:40","h":"Sud","s":"25N-H56NV20S-80-S"},{"r":"123","t":"24:19:40","h":"Sud","s":"25S-H56S000S-80-S"},{"r":"123","t":"24:36:40","h":"Sud","s":"25N-H56N000I-80-I"},{"r":"123","t":"24:36:40","h":"Sud","s":"25N-H56N100F-80-F1"},{"r":"123","t":"24:36:40","h":"Sud","s":"25N-H56N200F-80-F2"},{"r":"123","t":"24:36:40","h":"Sud","s":"25N-H56N300F-80-F3"},{"r":"123","t":"24:36:40","h":"Sud","s":"25N-H56N400F-80-F4"},{"r":"123","t":"24:36:40","h":"Sud","s":"25N-H56NV10I-80-I"},{"r":"123","t":"24:36:40","h":"Sud","s":"25N-H56NV20I-80-I"},{"r":"123","t":"24:36:40","h":"Sud","s":"25S-H56S000I-80-I"},{"r":"123","t":"24:36:40","h":"Sud","s":"25S-H56S100F-80-F1"},{"r":"123","t":"24:36:40","h":"Sud","s":"25S-H56S200F-81-F2"},{"r":"123","t":"24:42:40","h":"Sud","s":"25N-H56N000A-80-A"},{"r":"123","t":"24:42:40","h":"Sud","s":"25N-H56NV10A-80-A"},{"r":"123","t":"24:42:40","h":"Sud","s":"25N-H56NV20A-80-A"},{"r":"123","t":"24:42:40","h":"Sud","s":"25S-H56S000A-80-A"},{"r":"112","t":"24:46:00","h":"Ouest","s":"25N-H56N000S-80-S"},{"r":"112","t":"24:46:00","h":"Ouest","s":"25N-H56NV10S-80-S"},{"r":"112","t":"24:46:00","h":"Ouest","s":"25N-H56NV20S-80-S"},{"r":"112","t":"24:46:00","h":"Ouest","s":"25S-H56S000S-80-S"},{"r":"112","t":"24:48:00","h":"Ouest","s":"25N-H56N000A-80-A"},{"r":"112","t":"24:48:00","h":"Ouest","s":"25N-H56N000I-80-I"},{"r":"112","t":"24:48:00","h":"Ouest","s":"25N-H56N100F-80-F1"},{"r":"112","t":"24:48:00","h":"Ouest","s":"25N-H56N200F-80-F2"},{"r":"112","t":"24:48:00","h":"Ouest","s":"25N-H56N300F-80-F3"},{"r":"112","t":"24:48:00","h":"Ouest","s":"25N-H56N400F-80-F4"},{"r":"112","t":"24:48:00","h":"Ouest","s":"25N-H56NV10A-80-A"},{"r":"112","t":"24:48:00","h":"Ouest","s":"25N-H56NV10I-80-I"},{"r":"112","t":"24:48:00","h":"Ouest","s":"25N-H56NV20A-80-A"},{"r":"112","t":"24:48:00","h":"Ouest","s":"25N-H56NV20I-80-I"},{"r":"112","t":"24:48:00","h":"Ouest","s":"25S-H56S000A-80-A"},{"r":"112","t":"24:48:00","h":"Ouest","s":"25S-H56S000I-80-I"},{"r":"112","t":"24:48:00","h":"Ouest","s":"25S-H56S100F-80-F1"},{"r":"112","t":"24:48:00","h":"Ouest","s":"25S-H56S200F-81-F2"},{"r":"123","t":"24:52:40","h":"Sud","s":"25N-H56N000S-80-S"},{"r":"123","t":"24:52:40","h":"Sud","s":"25N-H56NV10S-80-S"},{"r":"123","t":"24:52:40","h":"Sud","s":"25N-H56NV20S-80-S"},{"r":"123","t":"24:52:40","h":"Sud","s":"25S-H56S000S-80-S"},{"r":"123","t":"25:06:40","h":"Sud","s":"25N-H56N000I-80-I"},{"r":"123","t":"25:06:40","h":"Sud","s":"25N-H56N100F-80-F1"},{"r":"123","t":"25:06:40","h":"Sud","s":"25N-H56N200F-80-F2"},{"r":"123","t":"25:06:40","h":"Sud","s":"25N-H56N300F-80-F3"},{"r":"123","t":"25:06:40","h":"Sud","s":"25N-H56N400F-80-F4"},{"r":"123","t":"25:06:40","h":"Sud","s":"25N-H56NV10I-80-I"},{"r":"123","t":"25:06:40","h":"Sud","s":"25N-H56NV20I-80-I"},{"r":"123","t":"25:06:40","h":"Sud","s":"25S-H56S000I-80-I"},{"r":"123","t":"25:06:40","h":"Sud","s":"25S-H56S100F-80-F1"},{"r":"123","t":"25:06:40","h":"Sud","s":"25S-H56S200F-81-F2"},{"r":"112","t":"25:18:00","h":"Ouest","s":"25N-H56N000A-80-A"},{"r":"112","t":"25:18:00","h":"Ouest","s":"25N-H56N000I-80-I"},{"r":"112","t":"25:18:00","h":"Ouest","s":"25N-H56N000S-80-S"},{"r":"112","t":"25:18:00","h":"Ouest","s":"25N-H56N100F-80-F1"},{"r":"112","t":"25:18:00","h":"Ouest","s":"25N-H56N200F-80-F2"},{"r":"112","t":"25:18:00","h":"Ouest","s":"25N-H56N300F-80-F3"},{"r":"112","t":"25:18:00","h":"Ouest","s":"25N-H56N400F-80-F4"},{"r":"112","t":"25:18:00","h":"Ouest","s":"25N-H56NV10A-80-A"},{"r":"112","t":"25:18:00","h":"Ouest","s":"25N-H56NV10I-80-I"},{"r":"112","t":"25:18:00","h":"Ouest","s":"25N-H56NV10S-80-S"},{"r":"112","t":"25:18:00","h":"Ouest","s":"25N-H56NV20A-80-A"},{"r":"112","t":"25:18:00","h":"Ouest","s":"25N-H56NV20I-80-I"},{"r":"112","t":"25:18:00","h":"Ouest","s":"25N-H56NV20S-80-S"},{"r":"112","t":"25:18:00","h":"Ouest","s":"25S-H56S000A-80-A"},{"r":"112","t":"25:18:00","h":"Ouest","s":"25S-H56S000I-80-I"},{"r":"112","t":"25:18:00","h":"Ouest","s":"25S-H56S000S-80-S"},{"r":"112","t":"25:18:00","h":"Ouest","s":"25S-H56S100F-80-F1"},{"r":"112","t":"25:18:00","h":"Ouest","s":"25S-H56S200F-81-F2"},{"r":"112","t":"25:45:00","h":"Ouest","s":"25N-H56N000I-80-I"},{"r":"112","t":"25:45:00","h":"Ouest","s":"25N-H56N100F-80-F1"},{"r":"112","t":"25:45:00","h":"Ouest","s":"25N-H56N200F-80-F2"},{"r":"112","t":"25:45:00","h":"Ouest","s":"25N-H56N300F-80-F3"},{"r":"112","t":"25:45:00","h":"Ouest","s":"25N-H56N400F-80-F4"},{"r":"112","t":"25:45:00","h":"Ouest","s":"25N-H56NV10I-80-I"},{"r":"112","t":"25:45:00","h":"Ouest","s":"25N-H56NV20I-80-I"},{"r":"112","t":"25:45:00","h":"Ouest","s":"25S-H56S000I-80-I"},{"r":"112","t":"25:45:00","h":"Ouest","s":"25S-H56S100F-80-F1"},{"r":"112","t":"25:45:00","h":"Ouest","s":"25S-H56S200F-81-F2"},{"r":"112","t":"25:47:00","h":"Ouest","s":"25N-H56N000A-80-A"},{"r":"112","t":"25:47:00","h":"Ouest","s":"25N-H56N000S-80-S"},{"r":"112","t":"25:47:00","h":"Ouest","s":"25N-H56NV10A-80-A"},{"r":"112","t":"25:47:00","h":"Ouest","s":"25N-H56NV10S-80-S"},{"r":"112","t":"25:47:00","h":"Ouest","s":"25N-H56NV20A-80-A"},{"r":"112","t":"25:47:00","h":"Ouest","s":"25N-H56NV20S-80-S"},{"r":"112","t":"25:47:00","h":"Ouest","s":"25S-H56S000A-80-A"},{"r":"112","t":"25:47:00","h":"Ouest","s":"25S-H56S000S-80-S"},{"r":"112","t":"26:14:00","h":"Ouest","s":"25N-H56N000I-80-I"},{"r":"112","t":"26:14:00","h":"Ouest","s":"25N-H56N100F-80-F1"},{"r":"112","t":"26:14:00","h":"Ouest","s":"25N-H56N200F-80-F2"},{"r":"112","t":"26:14:00","h":"Ouest","s":"25N-H56N300F-80-F3"},{"r":"112","t":"26:14:00","h":"Ouest","s":"25N-H56N400F-80-F4"},{"r":"112","t":"26:14:00","h":"Ouest","s":"25N-H56NV10I-80-I"},{"r":"112","t":"26:14:00","h":"Ouest","s":"25N-H56NV20I-80-I"},{"r":"112","t":"26:14:00","h":"Ouest","s":"25S-H56S000I-80-I"},{"r":"112","t":"26:14:00","h":"Ouest","s":"25S-H56S100F-80-F1"},{"r":"112","t":"26:14:00","h":"Ouest","s":"25S-H56S200F-81-F2"},{"r":"112","t":"26:16:00","h":"Ouest","s":"25N-H56N000A-80-A"},{"r":"112","t":"26:16:00","h":"Ouest","s":"25N-H56NV10A-80-A"},{"r":"112","t":"26:16:00","h":"Ouest","s":"25N-H56NV20A-80-A"},{"r":"112","t":"26:16:00","h":"Ouest","s":"25S-H56S000A-80-A"}]