[{"r":"195","t":"05:03:19","h":"Est","s":"25N-H56N000S-80-S"},{"r":"195","t":"05:03:19","h":"Est","s":"25N-H56NV10S-80-S"},{"r":"195","t":"05:03:19","h":"Est","s":"25N-H56NV20S-80-S"},{"r":"195","t":"05:03:19","h":"Est","s":"25S-H56S000S-80-S"},{"r":"195","t":"05:12:51","h":"Est","s":"25N-H56N000A-80-A"},{"r":"195","t":"05:12:51","h":"Est","s":"25N-H56NV10A-80-A"},{"r":"195","t":"05:12:51","h":"Est","s":"25N-H56NV20A-80-A"},{"r":"195","t":"05:12:51","h":"Est","s":"25S-H56S000A-80-A"},{"r":"195","t":"05:14:19","h":"Est","s":"25N-H56N000I-80-I"},{"r":"195","t":"05:14:19","h":"Est","s":"25N-H56N100F-80-F1"},{"r":"195","t":"05:14:19","h":"Est","s":"25N-H56N200F-80-F2"},{"r":"195","t":"05:14:19","h":"Est","s":"25N-H56N300F-80-F3"},{"r":"195","t":"05:14:19","h":"Est","s":"25N-H56N400F-80-F4"},{"r":"195","t":"05:14:19","h":"Est","s":"25N-H56NV10I-80-I"},{"r":"195","t":"05:14:19","h":"Est","s":"25N-H56NV20I-80-I"},{"r":"195","t":"05:14:19","h":"Est","s":"25S-H56S000I-80-I"},{"r":"195","t":"05:14:19","h":"Est","s":"25S-H56S100F-80-F1"},{"r":"195","t":"05:14:19","h":"Est","s":"25S-H56S200F-81-F2"},{"r":"195","t":"05:35:19","h":"Est","s":"25N-H56N000S-80-S"},{"r":"195","t":"05:35:19","h":"Est","s":"25N-H56NV10S-80-S"},{"r":"195","t":"05:35:19","h":"Est","s":"25N-H56NV20S-80-S"},{"r":"195","t":"05:35:19","h":"Est","s":"25S-H56S000S-80-S"},{"r":"195","t":"05:42:51","h":"Est","s":"25N-H56N000A-80-A"},{"r":"195","t":"05:42:51","h":"Est","s":"25N-H56NV10A-80-A"},{"r":"195","t":"05:42:51","h":"Est","s":"25N-H56NV20A-80-A"},{"r":"195","t":"05:42:51","h":"Est","s":"25S-H56S000A-80-A"},{"r":"195","t":"05:44:19","h":"Est","s":"25N-H56N000I-80-I"},{"r":"195","t":"05:44:19","h":"Est","s":"25N-H56N100F-80-F1"},{"r":"195","t":"05:44:19","h":"Est","s":"25N-H56N200F-80-F2"},{"r":"195","t":"05:44:19","h":"Est","s":"25N-H56N300F-80-F3"},{"r":"195","t":"05:44:19","h":"Est","s":"25N-H56N400F-80-F4"},{"r":"195","t":"05:44:19","h":"Est","s":"25N-H56NV10I-80-I"},{"r":"195","t":"05:44:19","h":"Est","s":"25N-H56NV20I-80-I"},{"r":"195","t":"05:44:19","h":"Est","s":"25S-H56S000I-80-I"},{"r":"195","t":"05:44:19","h":"Est","s":"25S-H56S100F-80-F1"},{"r":"195","t":"05:44:19","h":"Est","s":"25S-H56S200F-81-F2"},{"r":"195","t":"06:09:47","h":"Est","s":"25N-H56N000S-80-S"},{"r":"195","t":"06:09:47","h":"Est","s":"25N-H56NV10S-80-S"},{"r":"195","t":"06:09:47","h":"Est","s":"25N-H56NV20S-80-S"},{"r":"195","t":"06:09:47","h":"Est","s":"25S-H56S000S-80-S"},{"r":"195","t":"06:12:51","h":"Est","s":"25N-H56N000A-80-A"},{"r":"195","t":"06:12:51","h":"Est","s":"25N-H56NV10A-80-A"},{"r":"195","t":"06:12:51","h":"Est","s":"25N-H56NV20A-80-A"},{"r":"195","t":"06:12:51","h":"Est","s":"25S-H56S000A-80-A"},{"r":"195","t":"06:14:19","h":"Est","s":"25N-H56N000I-80-I"},{"r":"195","t":"06:14:19","h":"Est","s":"25N-H56N100F-80-F1"},{"r":"195","t":"06:14:19","h":"Est","s":"25N-H56N200F-80-F2"},{"r":"195","t":"06:14:19","h":"Est","s":"25N-H56N300F-80-F3"},{"r":"195","t":"06:14:19","h":"Est","s":"25N-H56N400F-80-F4"},{"r":"195","t":"06:14:19","h":"Est","s":"25N-H56NV10I-80-I"},{"r":"195","t":"06:14:19","h":"Est","s":"25N-H56NV20I-80-I"},{"r":"195","t":"06:14:19","h":"Est","s":"25S-H56S000I-80-I"},{"r":"195","t":"06:14:19","h":"Est","s":"25S-H56S100F-80-F1"},{"r":"195","t":"06:14:19","h":"Est","s":"25S-H56S200F-81-F2"},{"r":"195","t":"06:42:47","h":"Est","s":"25N-H56N000S-80-S"},{"r":"195","t":"06:42:47","h":"Est","s":"25N-H56NV10S-80-S"},{"r":"195","t":"06:42:47","h":"Est","s":"25N-H56NV20S-80-S"},{"r":"195","t":"06:42:47","h":"Est","s":"25S-H56S000S-80-S"},{"r":"195","t":"06:42:51","h":"Est","s":"25N-H56N000A-80-A"},{"r":"195","t":"06:42:51","h":"Est","s":"25N-H56NV10A-80-A"},{"r":"195","t":"06:42:51","h":"Est","s":"25N-H56NV20A-80-A"},{"r":"195","t":"06:42:51","h":"Est","s":"25S-H56S000A-80-A"},{"r":"195","t":"06:44:19","h":"Est","s":"25N-H56N000I-80-I"},{"r":"195","t":"06:44:19","h":"Est","s":"25N-H56N100F-80-F1"},{"r":"195","t":"06:44:19","h":"Est","s":"25N-H56N200F-80-F2"},{"r":"195","t":"06:44:19","h":"Est","s":"25N-H56N300F-80-F3"},{"r":"195","t":"06:44:19","h":"Est","s":"25N-H56N400F-80-F4"},{"r":"195","t":"06:44:19","h":"Est","s":"25N-H56NV10I-80-I"},{"r":"195","t":"06:44:19","h":"Est","s":"25N-H56NV20I-80-I"},{"r":"195","t":"06:44:19","h":"Est","s":"25S-H56S000I-80-I"},{"r":"195","t":"06:44:19","h":"Est","s":"25S-H56S100F-80-F1"},{"r":"195","t":"06:44:19","h":"Est","s":"25S-H56S200F-81-F2"},{"r":"195","t":"07:12:51","h":"Est","s":"25N-H56N000A-80-A"},{"r":"195","t":"07:12:51","h":"Est","s":"25N-H56NV10A-80-A"},{"r":"195","t":"07:12:51","h":"Est","s":"25N-H56NV20A-80-A"},{"r":"195","t":"07:12:51","h":"Est","s":"25S-H56S000A-80-A"},{"r":"195","t":"07:14:19","h":"Est","s":"25N-H56N000I-80-I"},{"r":"195","t":"07:14:19","h":"Est","s":"25N-H56N100F-80-F1"},{"r":"195","t":"07:14:19","h":"Est","s":"25N-H56N200F-80-F2"},{"r":"195","t":"07:14:19","h":"Est","s":"25N-H56N300F-80-F3"},{"r":"195","t":"07:14:19","h":"Est","s":"25N-H56N400F-80-F4"},{"r":"195","t":"07:14:19","h":"Est","s":"25N-H56NV10I-80-I"},{"r":"195","t":"07:14:19","h":"Est","s":"25N-H56NV20I-80-I"},{"r":"195","t":"07:14:19","h":"Est","s":"25S-H56S000I-80-I"},{"r":"195","t":"07:14:19","h":"Est","s":"25S-H56S100F-80-F1"},{"r":"195","t":"07:14:19","h":"Est","s":"25S-H56S200F-81-F2"},{"r":"195","t":"07:17:47","h":"Est","s":"25N-H56N000S-80-S"},{"r":"195","t":"07:17:47","h":"Est","s":"25N-H56NV10S-80-S"},{"r":"195","t":"07:17:47","h":"Est","s":"25N-H56NV20S-80-S"},{"r":"195","t":"07:17:47","h":"Est","s":"25S-H56S000S-80-S"},{"r":"195","t":"07:42:51","h":"Est","s":"25N-H56N000A-80-A"},{"r":"195","t":"07:42:51","h":"Est","s":"25N-H56NV10A-80-A"},{"r":"195","t":"07:42:51","h":"Est","s":"25N-H56NV20A-80-A"},{"r":"195","t":"07:42:51","h":"Est","s":"25S-H56S000A-80-A"},{"r":"195","t":"07:44:19","h":"Est","s":"25N-H56N000I-80-I"},{"r":"195","t":"07:44:19","h":"Est","s":"25N-H56N100F-80-F1"},{"r":"195","t":"07:44:19","h":"Est","s":"25N-H56N200F-80-F2"},{"r":"195","t":"07:44:19","h":"Est","s":"25N-H56N300F-80-F3"},{"r":"195","t":"07:44:19","h":"Est","s":"25N-H56N400F-80-F4"},{"r":"195","t":"07:44:19","h":"Est","s":"25N-H56NV10I-80-I"},{"r":"195","t":"07:44:19","h":"Est","s":"25N-H56NV20I-80-I"},{"r":"195","t":"07:44:19","h":"Est","s":"25S-H56S000I-80-I"},{"r":"195","t":"07:44:19","h":"Est","s":"25S-H56S100F-80-F1"},{"r":"195","t":"07:44:19","h":"Est","s":"25S-H56S200F-81-F2"},{"r":"195","t":"07:51:47","h":"Est","s":"25N-H56N000S-80-S"},{"r":"195","t":"07:51:47","h":"Est","s":"25N-H56NV10S-80-S"},{"r":"195","t":"07:51:47","h":"Est","s":"25N-H56NV20S-80-S"},{"r":"195","t":"07:51:47","h":"Est","s":"25S-H56S000S-80-S"},{"r":"195","t":"08:14:19","h":"Est","s":"25N-H56N000I-80-I"},{"r":"195","t":"08:14:19","h":"Est","s":"25N-H56N100F-80-F1"},{"r":"195","t":"08:14:19","h":"Est","s":"25N-H56N200F-80-F2"},{"r":"195","t":"08:14:19","h":"Est","s":"25N-H56N300F-80-F3"},{"r":"195","t":"08:14:19","h":"Est","s":"25N-H56N400F-80-F4"},{"r":"195","t":"08:14:19","h":"Est","s":"25N-H56NV10I-80-I"},{"r":"195","t":"08:14:19","h":"Est","s":"25N-H56NV20I-80-I"},{"r":"195","t":"08:14:19","h":"Est","s":"25S-H56S000I-80-I"},{"r":"195","t":"08:14:19","h":"Est","s":"25S-H56S100F-80-F1"},{"r":"195","t":"08:14:19","h":"Est","s":"25S-H56S200F-81-F2"},{"r":"195","t":"08:15:19","h":"Est","s":"25N-H56N000A-80-A"},{"r":"195","t":"08:15:19","h":"Est","s":"25N-H56NV10A-80-A"},{"r":"195","t":"08:15:19","h":"Est","s":"25N-H56NV20A-80-A"},{"r":"195","t":"08:15:19","h":"Est","s":"25S-H56S000A-80-A"},{"r":"195","t":"08:21:19","h":"Est","s":"25N-H60N000S-80-S"},{"r":"195","t":"08:21:19","h":"Est","s":"25N-H60N000S-98-S"},{"r":"195","t":"08:21:19","h":"Est","s":"25N-H60NV10S-98-S"},{"r":"195","t":"08:21:19","h":"Est","s":"25N-H60NV20S-98-S"},{"r":"195","t":"08:21:19","h":"Est","s":"25S-H60S000S-80-S"},{"r":"195","t":"08:43:19","h":"Est","s":"25N-H56N000I-80-I"},{"r":"195","t":"08:43:19","h":"Est","s":"25N-H56N100F-80-F1"},{"r":"195","t":"08:43:19","h":"Est","s":"25N-H56N200F-80-F2"},{"r":"195","t":"08:43:19","h":"Est","s":"25N-H56N300F-80-F3"},{"r":"195","t":"08:43:19","h":"Est","s":"25N-H56N400F-80-F4"},{"r":"195","t":"08:43:19","h":"Est","s":"25N-H56NV10I-80-I"},{"r":"195","t":"08:43:19","h":"Est","s":"25N-H56NV20I-80-I"},{"r":"195","t":"08:43:19","h":"Est","s":"25S-H56S000I-80-I"},{"r":"195","t":"08:43:19","h":"Est","s":"25S-H56S100F-80-F1"},{"r":"195","t":"08:43:19","h":"Est","s":"25S-H56S200F-81-F2"},{"r":"195","t":"08:45:19","h":"Est","s":"25N-H56N000S-80-S"},{"r":"195","t":"08:45:19","h":"Est","s":"25N-H56NV10S-80-S"},{"r":"195","t":"08:45:19","h":"Est","s":"25N-H56NV20S-80-S"},{"r":"195","t":"08:45:19","h":"Est","s":"25S-H56S000S-80-S"},{"r":"195","t":"08:47:47","h":"Est","s":"25N-H56N000A-80-A"},{"r":"195","t":"08:47:47","h":"Est","s":"25N-H56NV10A-80-A"},{"r":"195","t":"08:47:47","h":"Est","s":"25N-H56NV20A-80-A"},{"r":"195","t":"08:47:47","h":"Est","s":"25S-H56S000A-80-A"},{"r":"195","t":"09:12:19","h":"Est","s":"25N-H56N000I-80-I"},{"r":"195","t":"09:12:19","h":"Est","s":"25N-H56N100F-80-F1"},{"r":"195","t":"09:12:19","h":"Est","s":"25N-H56N200F-80-F2"},{"r":"195","t":"09:12:19","h":"Est","s":"25N-H56N300F-80-F3"},{"r":"195","t":"09:12:19","h":"Est","s":"25N-H56N400F-80-F4"},{"r":"195","t":"09:12:19","h":"Est","s":"25N-H56NV10I-80-I"},{"r":"195","t":"09:12:19","h":"Est","s":"25N-H56NV20I-80-I"},{"r":"195","t":"09:12:19","h":"Est","s":"25S-H56S000I-80-I"},{"r":"195","t":"09:12:19","h":"Est","s":"25S-H56S100F-80-F1"},{"r":"195","t":"09:12:19","h":"Est","s":"25S-H56S200F-81-F2"},{"r":"195","t":"09:15:19","h":"Est","s":"25N-H56N000S-80-S"},{"r":"195","t":"09:15:19","h":"Est","s":"25N-H56NV10S-80-S"},{"r":"195","t":"09:15:19","h":"Est","s":"25N-H56NV20S-80-S"},{"r":"195","t":"09:15:19","h":"Est","s":"25S-H56S000S-80-S"},{"r":"195","t":"09:17:47","h":"Est","s":"25N-H56N000A-80-A"},{"r":"195","t":"09:17:47","h":"Est","s":"25N-H56NV10A-80-A"},{"r":"195","t":"09:17:47","h":"Est","s":"25N-H56NV20A-80-A"},{"r":"195","t":"09:17:47","h":"Est","s":"25S-H56S000A-80-A"},{"r":"195","t":"09:44:19","h":"Est","s":"25N-H56N000I-80-I"},{"r":"195","t":"09:44:19","h":"Est","s":"25N-H56N100F-80-F1"},{"r":"195","t":"09:44:19","h":"Est","s":"25N-H56N200F-80-F2"},{"r":"195","t":"09:44:19","h":"Est","s":"25N-H56N300F-80-F3"},{"r":"195","t":"09:44:19","h":"Est","s":"25N-H56N400F-80-F4"},{"r":"195","t":"09:44:19","h":"Est","s":"25N-H56NV10I-80-I"},{"r":"195","t":"09:44:19","h":"Est","s":"25N-H56NV20I-80-I"},{"r":"195","t":"09:44:19","h":"Est","s":"25S-H56S000I-80-I"},{"r":"195","t":"09:44:19","h":"Est","s":"25S-H56S100F-80-F1"},{"r":"195","t":"09:44:19","h":"Est","s":"25S-H56S200F-81-F2"},{"r":"195","t":"09:45:19","h":"Est","s":"25N-H56N000S-80-S"},{"r":"195","t":"09:45:19","h":"Est","s":"25N-H56NV10S-80-S"},{"r":"195","t":"09:45:19","h":"Est","s":"25N-H56NV20S-80-S"},{"r":"195","t":"09:45:19","h":"Est","s":"25S-H56S000S-80-S"},{"r":"195","t":"09:47:47","h":"Est","s":"25N-H56N000A-80-A"},{"r":"195","t":"09:47:47","h":"Est","s":"25N-H56NV10A-80-A"},{"r":"195","t":"09:47:47","h":"Est","s":"25N-H56NV20A-80-A"},{"r":"195","t":"09:47:47","h":"Est","s":"25S-H56S000A-80-A"},{"r":"195","t":"10:13:19","h":"Est","s":"25N-H56N000I-80-I"},{"r":"195","t":"10:13:19","h":"Est","s":"25N-H56N100F-80-F1"},{"r":"195","t":"10:13:19","h":"Est","s":"25N-H56N200F-80-F2"},{"r":"195","t":"10:13:19","h":"Est","s":"25N-H56N300F-80-F3"},{"r":"195","t":"10:13:19","h":"Est","s":"25N-H56N400F-80-F4"},{"r":"195","t":"10:13:19","h":"Est","s":"25N-H56NV10I-80-I"},{"r":"195","t":"10:13:19","h":"Est","s":"25N-H56NV20I-80-I"},{"r":"195","t":"10:13:19","h":"Est","s":"25S-H56S000I-80-I"},{"r":"195","t":"10:13:19","h":"Est","s":"25S-H56S100F-80-F1"},{"r":"195","t":"10:13:19","h":"Est","s":"25S-H56S200F-81-F2"},{"r":"195","t":"10:16:19","h":"Est","s":"25N-H56N000S-80-S"},{"r":"195","t":"10:16:19","h":"Est","s":"25N-H56NV10S-80-S"},{"r":"195","t":"10:16:19","h":"Est","s":"25N-H56NV20S-80-S"},{"r":"195","t":"10:16:19","h":"Est","s":"25S-H56S000S-80-S"},{"r":"195","t":"10:18:47","h":"Est","s":"25N-H56N000A-80-A"},{"r":"195","t":"10:18:47","h":"Est","s":"25N-H56NV10A-80-A"},{"r":"195","t":"10:18:47","h":"Est","s":"25N-H56NV20A-80-A"},{"r":"195","t":"10:18:47","h":"Est","s":"25S-H56S000A-80-A"},{"r":"195","t":"10:45:19","h":"Est","s":"25N-H56N000I-80-I"},{"r":"195","t":"10:45:19","h":"Est","s":"25N-H56N100F-80-F1"},{"r":"195","t":"10:45:19","h":"Est","s":"25N-H56N200F-80-F2"},{"r":"195","t":"10:45:19","h":"Est","s":"25N-H56N300F-80-F3"},{"r":"195","t":"10:45:19","h":"Est","s":"25N-H56N400F-80-F4"},{"r":"195","t":"10:45:19","h":"Est","s":"25N-H56NV10I-80-I"},{"r":"195","t":"10:45:19","h":"Est","s":"25N-H56NV20I-80-I"},{"r":"195","t":"10:45:19","h":"Est","s":"25S-H56S000I-80-I"},{"r":"195","t":"10:45:19","h":"Est","s":"25S-H56S100F-80-F1"},{"r":"195","t":"10:45:19","h":"Est","s":"25S-H56S200F-81-F2"},{"r":"195","t":"10:47:19","h":"Est","s":"25N-H56N000S-80-S"},{"r":"195","t":"10:47:19","h":"Est","s":"25N-H56NV10S-80-S"},{"r":"195","t":"10:47:19","h":"Est","s":"25N-H56NV20S-80-S"},{"r":"195","t":"10:47:19","h":"Est","s":"25S-H56S000S-80-S"},{"r":"195","t":"10:50:47","h":"Est","s":"25N-H56N000A-80-A"},{"r":"195","t":"10:50:47","h":"Est","s":"25N-H56NV10A-80-A"},{"r":"195","t":"10:50:47","h":"Est","s":"25N-H56NV20A-80-A"},{"r":"195","t":"10:50:47","h":"Est","s":"25S-H56S000A-80-A"},{"r":"195","t":"11:17:19","h":"Est","s":"25N-H56N000I-80-I"},{"r":"195","t":"11:17:19","h":"Est","s":"25N-H56N100F-80-F1"},{"r":"195","t":"11:17:19","h":"Est","s":"25N-H56N200F-80-F2"},{"r":"195","t":"11:17:19","h":"Est","s":"25N-H56N300F-80-F3"},{"r":"195","t":"11:17:19","h":"Est","s":"25N-H56N400F-80-F4"},{"r":"195","t":"11:17:19","h":"Est","s":"25N-H56NV10I-80-I"},{"r":"195","t":"11:17:19","h":"Est","s":"25N-H56NV20I-80-I"},{"r":"195","t":"11:17:19","h":"Est","s":"25S-H56S000I-80-I"},{"r":"195","t":"11:17:19","h":"Est","s":"25S-H56S100F-80-F1"},{"r":"195","t":"11:17:19","h":"Est","s":"25S-H56S200F-81-F2"},{"r":"195","t":"11:18:19","h":"Est","s":"25N-H56N000S-80-S"},{"r":"195","t":"11:18:19","h":"Est","s":"25N-H56NV10S-80-S"},{"r":"195","t":"11:18:19","h":"Est","s":"25N-H56NV20S-80-S"},{"r":"195","t":"11:18:19","h":"Est","s":"25S-H56S000S-80-S"},{"r":"195","t":"11:21:47","h":"Est","s":"25N-H56N000A-80-A"},{"r":"195","t":"11:21:47","h":"Est","s":"25N-H56NV10A-80-A"},{"r":"195","t":"11:21:47","h":"Est","s":"25N-H56NV20A-80-A"},{"r":"195","t":"11:21:47","h":"Est","s":"25S-H56S000A-80-A"},{"r":"195","t":"11:48:19","h":"Est","s":"25N-H56N000S-80-S"},{"r":"195","t":"11:48:19","h":"Est","s":"25N-H56NV10S-80-S"},{"r":"195","t":"11:48:19","h":"Est","s":"25N-H56NV20S-80-S"},{"r":"195","t":"11:48:19","h":"Est","s":"25S-H56S000S-80-S"},{"r":"195","t":"11:49:19","h":"Est","s":"25N-H56N000I-80-I"},{"r":"195","t":"11:49:19","h":"Est","s":"25N-H56N100F-80-F1"},{"r":"195","t":"11:49:19","h":"Est","s":"25N-H56N200F-80-F2"},{"r":"195","t":"11:49:19","h":"Est","s":"25N-H56N300F-80-F3"},{"r":"195","t":"11:49:19","h":"Est","s":"25N-H56N400F-80-F4"},{"r":"195","t":"11:49:19","h":"Est","s":"25N-H56NV10I-80-I"},{"r":"195","t":"11:49:19","h":"Est","s":"25N-H56NV20I-80-I"},{"r":"195","t":"11:49:19","h":"Est","s":"25S-H56S000I-80-I"},{"r":"195","t":"11:49:19","h":"Est","s":"25S-H56S100F-80-F1"},{"r":"195","t":"11:49:19","h":"Est","s":"25S-H56S200F-81-F2"},{"r":"195","t":"11:51:47","h":"Est","s":"25N-H56N000A-80-A"},{"r":"195","t":"11:51:47","h":"Est","s":"25N-H56NV10A-80-A"},{"r":"195","t":"11:51:47","h":"Est","s":"25N-H56NV20A-80-A"},{"r":"195","t":"11:51:47","h":"Est","s":"25S-H56S000A-80-A"},{"r":"195","t":"12:19:19","h":"Est","s":"25N-H56N000S-80-S"},{"r":"195","t":"12:19:19","h":"Est","s":"25N-H56NV10S-80-S"},{"r":"195","t":"12:19:19","h":"Est","s":"25N-H56NV20S-80-S"},{"r":"195","t":"12:19:19","h":"Est","s":"25S-H56S000S-80-S"},{"r":"195","t":"12:20:19","h":"Est","s":"25N-H56N000I-80-I"},{"r":"195","t":"12:20:19","h":"Est","s":"25N-H56N100F-80-F1"},{"r":"195","t":"12:20:19","h":"Est","s":"25N-H56N200F-80-F2"},{"r":"195","t":"12:20:19","h":"Est","s":"25N-H56N300F-80-F3"},{"r":"195","t":"12:20:19","h":"Est","s":"25N-H56N400F-80-F4"},{"r":"195","t":"12:20:19","h":"Est","s":"25N-H56NV10I-80-I"},{"r":"195","t":"12:20:19","h":"Est","s":"25N-H56NV20I-80-I"},{"r":"195","t":"12:20:19","h":"Est","s":"25S-H56S000I-80-I"},{"r":"195","t":"12:20:19","h":"Est","s":"25S-H56S100F-80-F1"},{"r":"195","t":"12:20:19","h":"Est","s":"25S-H56S200F-81-F2"},{"r":"195","t":"12:21:47","h":"Est","s":"25N-H56N000A-80-A"},{"r":"195","t":"12:21:47","h":"Est","s":"25N-H56NV10A-80-A"},{"r":"195","t":"12:21:47","h":"Est","s":"25N-H56NV20A-80-A"},{"r":"195","t":"12:21:47","h":"Est","s":"25S-H56S000A-80-A"},{"r":"195","t":"12:49:19","h":"Est","s":"25N-H56N000S-80-S"},{"r":"195","t":"12:49:19","h":"Est","s":"25N-H56NV10S-80-S"},{"r":"195","t":"12:49:19","h":"Est","s":"25N-H56NV20S-80-S"},{"r":"195","t":"12:49:19","h":"Est","s":"25S-H56S000S-80-S"},{"r":"195","t":"12:51:19","h":"Est","s":"25N-H56N000I-80-I"},{"r":"195","t":"12:51:19","h":"Est","s":"25N-H56N100F-80-F1"},{"r":"195","t":"12:51:19","h":"Est","s":"25N-H56N200F-80-F2"},{"r":"195","t":"12:51:19","h":"Est","s":"25N-H56N300F-80-F3"},{"r":"195","t":"12:51:19","h":"Est","s":"25N-H56N400F-80-F4"},{"r":"195","t":"12:51:19","h":"Est","s":"25N-H56NV10I-80-I"},{"r":"195","t":"12:51:19","h":"Est","s":"25N-H56NV20I-80-I"},{"r":"195","t":"12:51:19","h":"Est","s":"25S-H56S000I-80-I"},{"r":"195","t":"12:51:19","h":"Est","s":"25S-H56S100F-80-F1"},{"r":"195","t":"12:51:19","h":"Est","s":"25S-H56S200F-81-F2"},{"r":"195","t":"12:52:47","h":"Est","s":"25N-H56N000A-80-A"},{"r":"195","t":"12:52:47","h":"Est","s":"25N-H56NV10A-80-A"},{"r":"195","t":"12:52:47","h":"Est","s":"25N-H56NV20A-80-A"},{"r":"195","t":"12:52:47","h":"Est","s":"25S-H56S000A-80-A"},{"r":"195","t":"13:21:19","h":"Est","s":"25N-H56N000I-80-I"},{"r":"195","t":"13:21:19","h":"Est","s":"25N-H56N000S-80-S"},{"r":"195","t":"13:21:19","h":"Est","s":"25N-H56N100F-80-F1"},{"r":"195","t":"13:21:19","h":"Est","s":"25N-H56N200F-80-F2"},{"r":"195","t":"13:21:19","h":"Est","s":"25N-H56N300F-80-F3"},{"r":"195","t":"13:21:19","h":"Est","s":"25N-H56N400F-80-F4"},{"r":"195","t":"13:21:19","h":"Est","s":"25N-H56NV10I-80-I"},{"r":"195","t":"13:21:19","h":"Est","s":"25N-H56NV10S-80-S"},{"r":"195","t":"13:21:19","h":"Est","s":"25N-H56NV20I-80-I"},{"r":"195","t":"13:21:19","h":"Est","s":"25N-H56NV20S-80-S"},{"r":"195","t":"13:21:19","h":"Est","s":"25S-H56S000I-80-I"},{"r":"195","t":"13:21:19","h":"Est","s":"25S-H56S000S-80-S"},{"r":"195","t":"13:21:19","h":"Est","s":"25S-H56S100F-80-F1"},{"r":"195","t":"13:21:19","h":"Est","s":"25S-H56S200F-81-F2"},{"r":"195","t":"13:23:47","h":"Est","s":"25N-H56N000A-80-A"},{"r":"195","t":"13:23:47","h":"Est","s":"25N-H56NV10A-80-A"},{"r":"195","t":"13:23:47","h":"Est","s":"25N-H56NV20A-80-A"},{"r":"195","t":"13:23:47","h":"Est","s":"25S-H56S000A-80-A"},{"r":"195","t":"13:51:19","h":"Est","s":"25N-H56N000I-80-I"},{"r":"195","t":"13:51:19","h":"Est","s":"25N-H56N100F-80-F1"},{"r":"195","t":"13:51:19","h":"Est","s":"25N-H56N200F-80-F2"},{"r":"195","t":"13:51:19","h":"Est","s":"25N-H56N300F-80-F3"},{"r":"195","t":"13:51:19","h":"Est","s":"25N-H56N400F-80-F4"},{"r":"195","t":"13:51:19","h":"Est","s":"25N-H56NV10I-80-I"},{"r":"195","t":"13:51:19","h":"Est","s":"25N-H56NV20I-80-I"},{"r":"195","t":"13:51:19","h":"Est","s":"25S-H56S000I-80-I"},{"r":"195","t":"13:51:19","h":"Est","s":"25S-H56S100F-80-F1"},{"r":"195","t":"13:51:19","h":"Est","s":"25S-H56S200F-81-F2"},{"r":"195","t":"13:53:47","h":"Est","s":"25N-H56N000A-80-A"},{"r":"195","t":"13:53:47","h":"Est","s":"25N-H56NV10A-80-A"},{"r":"195","t":"13:53:47","h":"Est","s":"25N-H56NV20A-80-A"},{"r":"195","t":"13:53:47","h":"Est","s":"25S-H56S000A-80-A"},{"r":"195","t":"13:54:19","h":"Est","s":"25N-H56N000S-80-S"},{"r":"195","t":"13:54:19","h":"Est","s":"25N-H56NV10S-80-S"},{"r":"195","t":"13:54:19","h":"Est","s":"25N-H56NV20S-80-S"},{"r":"195","t":"13:54:19","h":"Est","s":"25S-H56S000S-80-S"},{"r":"195","t":"14:21:19","h":"Est","s":"25N-H56N000I-80-I"},{"r":"195","t":"14:21:19","h":"Est","s":"25N-H56N100F-80-F1"},{"r":"195","t":"14:21:19","h":"Est","s":"25N-H56N200F-80-F2"},{"r":"195","t":"14:21:19","h":"Est","s":"25N-H56N300F-80-F3"},{"r":"195","t":"14:21:19","h":"Est","s":"25N-H56N400F-80-F4"},{"r":"195","t":"14:21:19","h":"Est","s":"25N-H56NV10I-80-I"},{"r":"195","t":"14:21:19","h":"Est","s":"25N-H56NV20I-80-I"},{"r":"195","t":"14:21:19","h":"Est","s":"25S-H56S000I-80-I"},{"r":"195","t":"14:21:19","h":"Est","s":"25S-H56S100F-80-F1"},{"r":"195","t":"14:21:19","h":"Est","s":"25S-H56S200F-81-F2"},{"r":"195","t":"14:23:47","h":"Est","s":"25N-H56N000A-80-A"},{"r":"195","t":"14:23:47","h":"Est","s":"25N-H56NV10A-80-A"},{"r":"195","t":"14:23:47","h":"Est","s":"25N-H56NV20A-80-A"},{"r":"195","t":"14:23:47","h":"Est","s":"25S-H56S000A-80-A"},{"r":"195","t":"14:25:19","h":"Est","s":"25N-H56N000S-80-S"},{"r":"195","t":"14:25:19","h":"Est","s":"25N-H56NV10S-80-S"},{"r":"195","t":"14:25:19","h":"Est","s":"25N-H56NV20S-80-S"},{"r":"195","t":"14:25:19","h":"Est","s":"25S-H56S000S-80-S"},{"r":"195","t":"14:51:19","h":"Est","s":"25N-H56N000I-80-I"},{"r":"195","t":"14:51:19","h":"Est","s":"25N-H56N100F-80-F1"},{"r":"195","t":"14:51:19","h":"Est","s":"25N-H56N200F-80-F2"},{"r":"195","t":"14:51:19","h":"Est","s":"25N-H56N300F-80-F3"},{"r":"195","t":"14:51:19","h":"Est","s":"25N-H56N400F-80-F4"},{"r":"195","t":"14:51:19","h":"Est","s":"25N-H56NV10I-80-I"},{"r":"195","t":"14:51:19","h":"Est","s":"25N-H56NV20I-80-I"},{"r":"195","t":"14:51:19","h":"Est","s":"25S-H56S000I-80-I"},{"r":"195","t":"14:51:19","h":"Est","s":"25S-H56S100F-80-F1"},{"r":"195","t":"14:51:19","h":"Est","s":"25S-H56S200F-81-F2"},{"r":"195","t":"14:57:19","h":"Est","s":"25N-H56N000S-80-S"},{"r":"195","t":"14:57:19","h":"Est","s":"25N-H56NV10S-80-S"},{"r":"195","t":"14:57:19","h":"Est","s":"25N-H56NV20S-80-S"},{"r":"195","t":"14:57:19","h":"Est","s":"25S-H56S000S-80-S"},{"r":"195","t":"14:57:47","h":"Est","s":"25N-H56N000A-80-A"},{"r":"195","t":"14:57:47","h":"Est","s":"25N-H56NV10A-80-A"},{"r":"195","t":"14:57:47","h":"Est","s":"25N-H56NV20A-80-A"},{"r":"195","t":"14:57:47","h":"Est","s":"25S-H56S000A-80-A"},{"r":"195","t":"15:22:19","h":"Est","s":"25N-H56N000I-80-I"},{"r":"195","t":"15:22:19","h":"Est","s":"25N-H56N100F-80-F1"},{"r":"195","t":"15:22:19","h":"Est","s":"25N-H56N200F-80-F2"},{"r":"195","t":"15:22:19","h":"Est","s":"25N-H56N300F-80-F3"},{"r":"195","t":"15:22:19","h":"Est","s":"25N-H56N400F-80-F4"},{"r":"195","t":"15:22:19","h":"Est","s":"25N-H56NV10I-80-I"},{"r":"195","t":"15:22:19","h":"Est","s":"25N-H56NV20I-80-I"},{"r":"195","t":"15:22:19","h":"Est","s":"25S-H56S000I-80-I"},{"r":"195","t":"15:22:19","h":"Est","s":"25S-H56S100F-80-F1"},{"r":"195","t":"15:22:19","h":"Est","s":"25S-H56S200F-81-F2"},{"r":"195","t":"15:26:19","h":"Est","s":"25N-H56N000S-80-S"},{"r":"195","t":"15:26:19","h":"Est","s":"25N-H56NV10S-80-S"},{"r":"195","t":"15:26:19","h":"Est","s":"25N-H56NV20S-80-S"},{"r":"195","t":"15:26:19","h":"Est","s":"25S-H56S000S-80-S"},{"r":"195","t":"15:27:47","h":"Est","s":"25N-H56N000A-80-A"},{"r":"195","t":"15:27:47","h":"Est","s":"25N-H56NV10A-80-A"},{"r":"195","t":"15:27:47","h":"Est","s":"25N-H56NV20A-80-A"},{"r":"195","t":"15:27:47","h":"Est","s":"25S-H56S000A-80-A"},{"r":"195","t":"15:52:19","h":"Est","s":"25N-H56N000S-80-S"},{"r":"195","t":"15:52:19","h":"Est","s":"25N-H56NV10S-80-S"},{"r":"195","t":"15:52:19","h":"Est","s":"25N-H56NV20S-80-S"},{"r":"195","t":"15:52:19","h":"Est","s":"25S-H56S000S-80-S"},{"r":"195","t":"15:53:19","h":"Est","s":"25N-H56N000I-80-I"},{"r":"195","t":"15:53:19","h":"Est","s":"25N-H56N100F-80-F1"},{"r":"195","t":"15:53:19","h":"Est","s":"25N-H56N200F-80-F2"},{"r":"195","t":"15:53:19","h":"Est","s":"25N-H56N300F-80-F3"},{"r":"195","t":"15:53:19","h":"Est","s":"25N-H56N400F-80-F4"},{"r":"195","t":"15:53:19","h":"Est","s":"25N-H56NV10I-80-I"},{"r":"195","t":"15:53:19","h":"Est","s":"25N-H56NV20I-80-I"},{"r":"195","t":"15:53:19","h":"Est","s":"25S-H56S000I-80-I"},{"r":"195","t":"15:53:19","h":"Est","s":"25S-H56S100F-80-F1"},{"r":"195","t":"15:53:19","h":"Est","s":"25S-H56S200F-81-F2"},{"r":"195","t":"15:58:47","h":"Est","s":"25N-H56N000A-80-A"},{"r":"195","t":"15:58:47","h":"Est","s":"25N-H56NV10A-80-A"},{"r":"195","t":"15:58:47","h":"Est","s":"25N-H56NV20A-80-A"},{"r":"195","t":"15:58:47","h":"Est","s":"25S-H56S000A-80-A"},{"r":"195","t":"16:18:19","h":"Est","s":"25N-H56N000S-80-S"},{"r":"195","t":"16:18:19","h":"Est","s":"25N-H56NV10S-80-S"},{"r":"195","t":"16:18:19","h":"Est","s":"25N-H56NV20S-80-S"},{"r":"195","t":"16:18:19","h":"Est","s":"25S-H56S000S-80-S"},{"r":"195","t":"16:23:19","h":"Est","s":"25N-H56N000I-80-I"},{"r":"195","t":"16:23:19","h":"Est","s":"25N-H56N100F-80-F1"},{"r":"195","t":"16:23:19","h":"Est","s":"25N-H56N200F-80-F2"},{"r":"195","t":"16:23:19","h":"Est","s":"25N-H56N300F-80-F3"},{"r":"195","t":"16:23:19","h":"Est","s":"25N-H56N400F-80-F4"},{"r":"195","t":"16:23:19","h":"Est","s":"25N-H56NV10I-80-I"},{"r":"195","t":"16:23:19","h":"Est","s":"25N-H56NV20I-80-I"},{"r":"195","t":"16:23:19","h":"Est","s":"25S-H56S000I-80-I"},{"r":"195","t":"16:23:19","h":"Est","s":"25S-H56S100F-80-F1"},{"r":"195","t":"16:23:19","h":"Est","s":"25S-H56S200F-81-F2"},{"r":"195","t":"16:30:47","h":"Est","s":"25N-H56N000A-80-A"},{"r":"195","t":"16:30:47","h":"Est","s":"25N-H56NV10A-80-A"},{"r":"195","t":"16:30:47","h":"Est","s":"25N-H56NV20A-80-A"},{"r":"195","t":"16:30:47","h":"Est","s":"25S-H56S000A-80-A"},{"r":"195","t":"16:45:19","h":"Est","s":"25N-H56N000S-80-S"},{"r":"195","t":"16:45:19","h":"Est","s":"25N-H56NV10S-80-S"},{"r":"195","t":"16:45:19","h":"Est","s":"25N-H56NV20S-80-S"},{"r":"195","t":"16:45:19","h":"Est","s":"25S-H56S000S-80-S"},{"r":"195","t":"16:53:19","h":"Est","s":"25N-H56N000I-80-I"},{"r":"195","t":"16:53:19","h":"Est","s":"25N-H56N100F-80-F1"},{"r":"195","t":"16:53:19","h":"Est","s":"25N-H56N200F-80-F2"},{"r":"195","t":"16:53:19","h":"Est","s":"25N-H56N300F-80-F3"},{"r":"195","t":"16:53:19","h":"Est","s":"25N-H56N400F-80-F4"},{"r":"195","t":"16:53:19","h":"Est","s":"25N-H56NV10I-80-I"},{"r":"195","t":"16:53:19","h":"Est","s":"25N-H56NV20I-80-I"},{"r":"195","t":"16:53:19","h":"Est","s":"25S-H56S000I-80-I"},{"r":"195","t":"16:53:19","h":"Est","s":"25S-H56S100F-80-F1"},{"r":"195","t":"16:53:19","h":"Est","s":"25S-H56S200F-81-F2"},{"r":"195","t":"17:00:47","h":"Est","s":"25N-H56N000A-80-A"},{"r":"195","t":"17:00:47","h":"Est","s":"25N-H56NV10A-80-A"},{"r":"195","t":"17:00:47","h":"Est","s":"25N-H56NV20A-80-A"},{"r":"195","t":"17:00:47","h":"Est","s":"25S-H56S000A-80-A"},{"r":"195","t":"17:14:51","h":"Est","s":"25N-H56N000S-80-S"},{"r":"195","t":"17:14:51","h":"Est","s":"25N-H56NV10S-80-S"},{"r":"195","t":"17:14:51","h":"Est","s":"25N-H56NV20S-80-S"},{"r":"195","t":"17:14:51","h":"Est","s":"25S-H56S000S-80-S"},{"r":"195","t":"17:23:19","h":"Est","s":"25N-H56N000I-80-I"},{"r":"195","t":"17:23:19","h":"Est","s":"25N-H56N100F-80-F1"},{"r":"195","t":"17:23:19","h":"Est","s":"25N-H56N200F-80-F2"},{"r":"195","t":"17:23:19","h":"Est","s":"25N-H56N300F-80-F3"},{"r":"195","t":"17:23:19","h":"Est","s":"25N-H56N400F-80-F4"},{"r":"195","t":"17:23:19","h":"Est","s":"25N-H56NV10I-80-I"},{"r":"195","t":"17:23:19","h":"Est","s":"25N-H56NV20I-80-I"},{"r":"195","t":"17:23:19","h":"Est","s":"25S-H56S000I-80-I"},{"r":"195","t":"17:23:19","h":"Est","s":"25S-H56S100F-80-F1"},{"r":"195","t":"17:23:19","h":"Est","s":"25S-H56S200F-81-F2"},{"r":"195","t":"17:30:47","h":"Est","s":"25N-H56N000A-80-A"},{"r":"195","t":"17:30:47","h":"Est","s":"25N-H56NV10A-80-A"},{"r":"195","t":"17:30:47","h":"Est","s":"25N-H56NV20A-80-A"},{"r":"195","t":"17:30:47","h":"Est","s":"25S-H56S000A-80-A"},{"r":"195","t":"17:37:51","h":"Est","s":"25N-H56N000S-80-S"},{"r":"195","t":"17:37:51","h":"Est","s":"25N-H56NV10S-80-S"},{"r":"195","t":"17:37:51","h":"Est","s":"25N-H56NV20S-80-S"},{"r":"195","t":"17:37:51","h":"Est","s":"25S-H56S000S-80-S"},{"r":"195","t":"17:54:19","h":"Est","s":"25N-H56N000I-80-I"},{"r":"195","t":"17:54:19","h":"Est","s":"25N-H56N100F-80-F1"},{"r":"195","t":"17:54:19","h":"Est","s":"25N-H56N200F-80-F2"},{"r":"195","t":"17:54:19","h":"Est","s":"25N-H56N300F-80-F3"},{"r":"195","t":"17:54:19","h":"Est","s":"25N-H56N400F-80-F4"},{"r":"195","t":"17:54:19","h":"Est","s":"25N-H56NV10I-80-I"},{"r":"195","t":"17:54:19","h":"Est","s":"25N-H56NV20I-80-I"},{"r":"195","t":"17:54:19","h":"Est","s":"25S-H56S000I-80-I"},{"r":"195","t":"17:54:19","h":"Est","s":"25S-H56S100F-80-F1"},{"r":"195","t":"17:54:19","h":"Est","s":"25S-H56S200F-81-F2"},{"r":"195","t":"17:59:47","h":"Est","s":"25N-H56N000A-80-A"},{"r":"195","t":"17:59:47","h":"Est","s":"25N-H56NV10A-80-A"},{"r":"195","t":"17:59:47","h":"Est","s":"25N-H56NV20A-80-A"},{"r":"195","t":"17:59:47","h":"Est","s":"25S-H56S000A-80-A"},{"r":"195","t":"18:04:51","h":"Est","s":"25N-H56N000S-80-S"},{"r":"195","t":"18:04:51","h":"Est","s":"25N-H56NV10S-80-S"},{"r":"195","t":"18:04:51","h":"Est","s":"25N-H56NV20S-80-S"},{"r":"195","t":"18:04:51","h":"Est","s":"25S-H56S000S-80-S"},{"r":"195","t":"18:24:19","h":"Est","s":"25N-H56N000I-80-I"},{"r":"195","t":"18:24:19","h":"Est","s":"25N-H56N100F-80-F1"},{"r":"195","t":"18:24:19","h":"Est","s":"25N-H56N200F-80-F2"},{"r":"195","t":"18:24:19","h":"Est","s":"25N-H56N300F-80-F3"},{"r":"195","t":"18:24:19","h":"Est","s":"25N-H56N400F-80-F4"},{"r":"195","t":"18:24:19","h":"Est","s":"25N-H56NV10I-80-I"},{"r":"195","t":"18:24:19","h":"Est","s":"25N-H56NV20I-80-I"},{"r":"195","t":"18:24:19","h":"Est","s":"25S-H56S000I-80-I"},{"r":"195","t":"18:24:19","h":"Est","s":"25S-H56S100F-80-F1"},{"r":"195","t":"18:24:19","h":"Est","s":"25S-H56S200F-81-F2"},{"r":"195","t":"18:29:47","h":"Est","s":"25N-H56N000A-80-A"},{"r":"195","t":"18:29:47","h":"Est","s":"25N-H56NV10A-80-A"},{"r":"195","t":"18:29:47","h":"Est","s":"25N-H56NV20A-80-A"},{"r":"195","t":"18:29:47","h":"Est","s":"25S-H56S000A-80-A"},{"r":"195","t":"18:32:51","h":"Est","s":"25N-H56N000S-80-S"},{"r":"195","t":"18:32:51","h":"Est","s":"25N-H56NV10S-80-S"},{"r":"195","t":"18:32:51","h":"Est","s":"25N-H56NV20S-80-S"},{"r":"195","t":"18:32:51","h":"Est","s":"25S-H56S000S-80-S"},{"r":"195","t":"18:54:19","h":"Est","s":"25N-H56N000I-80-I"},{"r":"195","t":"18:54:19","h":"Est","s":"25N-H56N100F-80-F1"},{"r":"195","t":"18:54:19","h":"Est","s":"25N-H56N200F-80-F2"},{"r":"195","t":"18:54:19","h":"Est","s":"25N-H56N300F-80-F3"},{"r":"195","t":"18:54:19","h":"Est","s":"25N-H56N400F-80-F4"},{"r":"195","t":"18:54:19","h":"Est","s":"25N-H56NV10I-80-I"},{"r":"195","t":"18:54:19","h":"Est","s":"25N-H56NV20I-80-I"},{"r":"195","t":"18:54:19","h":"Est","s":"25S-H56S000I-80-I"},{"r":"195","t":"18:54:19","h":"Est","s":"25S-H56S100F-80-F1"},{"r":"195","t":"18:54:19","h":"Est","s":"25S-H56S200F-81-F2"},{"r":"195","t":"18:56:47","h":"Est","s":"25N-H56N000A-80-A"},{"r":"195","t":"18:56:47","h":"Est","s":"25N-H56NV10A-80-A"},{"r":"195","t":"18:56:47","h":"Est","s":"25N-H56NV20A-80-A"},{"r":"195","t":"18:56:47","h":"Est","s":"25S-H56S000A-80-A"},{"r":"195","t":"18:57:51","h":"Est","s":"25N-H56N000S-80-S"},{"r":"195","t":"18:57:51","h":"Est","s":"25N-H56NV10S-80-S"},{"r":"195","t":"18:57:51","h":"Est","s":"25N-H56NV20S-80-S"},{"r":"195","t":"18:57:51","h":"Est","s":"25S-H56S000S-80-S"},{"r":"195","t":"19:21:19","h":"Est","s":"25N-H56N000I-80-I"},{"r":"195","t":"19:21:19","h":"Est","s":"25N-H56N100F-80-F1"},{"r":"195","t":"19:21:19","h":"Est","s":"25N-H56N200F-80-F2"},{"r":"195","t":"19:21:19","h":"Est","s":"25N-H56N300F-80-F3"},{"r":"195","t":"19:21:19","h":"Est","s":"25N-H56N400F-80-F4"},{"r":"195","t":"19:21:19","h":"Est","s":"25N-H56NV10I-80-I"},{"r":"195","t":"19:21:19","h":"Est","s":"25N-H56NV20I-80-I"},{"r":"195","t":"19:21:19","h":"Est","s":"25S-H56S000I-80-I"},{"r":"195","t":"19:21:19","h":"Est","s":"25S-H56S100F-80-F1"},{"r":"195","t":"19:21:19","h":"Est","s":"25S-H56S200F-81-F2"},{"r":"195","t":"19:25:47","h":"Est","s":"25N-H56N000A-80-A"},{"r":"195","t":"19:25:47","h":"Est","s":"25N-H56NV10A-80-A"},{"r":"195","t":"19:25:47","h":"Est","s":"25N-H56NV20A-80-A"},{"r":"195","t":"19:25:47","h":"Est","s":"25S-H56S000A-80-A"},{"r":"195","t":"19:26:51","h":"Est","s":"25N-H56N000S-80-S"},{"r":"195","t":"19:26:51","h":"Est","s":"25N-H56NV10S-80-S"},{"r":"195","t":"19:26:51","h":"Est","s":"25N-H56NV20S-80-S"},{"r":"195","t":"19:26:51","h":"Est","s":"25S-H56S000S-80-S"},{"r":"195","t":"19:49:19","h":"Est","s":"25N-H56N000I-80-I"},{"r":"195","t":"19:49:19","h":"Est","s":"25N-H56N100F-80-F1"},{"r":"195","t":"19:49:19","h":"Est","s":"25N-H56N200F-80-F2"},{"r":"195","t":"19:49:19","h":"Est","s":"25N-H56N300F-80-F3"},{"r":"195","t":"19:49:19","h":"Est","s":"25N-H56N400F-80-F4"},{"r":"195","t":"19:49:19","h":"Est","s":"25N-H56NV10I-80-I"},{"r":"195","t":"19:49:19","h":"Est","s":"25N-H56NV20I-80-I"},{"r":"195","t":"19:49:19","h":"Est","s":"25S-H56S000I-80-I"},{"r":"195","t":"19:49:19","h":"Est","s":"25S-H56S100F-80-F1"},{"r":"195","t":"19:49:19","h":"Est","s":"25S-H56S200F-81-F2"},{"r":"195","t":"19:54:47","h":"Est","s":"25N-H56N000A-80-A"},{"r":"195","t":"19:54:47","h":"Est","s":"25N-H56NV10A-80-A"},{"r":"195","t":"19:54:47","h":"Est","s":"25N-H56NV20A-80-A"},{"r":"195","t":"19:54:47","h":"Est","s":"25S-H56S000A-80-A"},{"r":"195","t":"19:55:51","h":"Est","s":"25N-H56N000S-80-S"},{"r":"195","t":"19:55:51","h":"Est","s":"25N-H56NV10S-80-S"},{"r":"195","t":"19:55:51","h":"Est","s":"25N-H56NV20S-80-S"},{"r":"195","t":"19:55:51","h":"Est","s":"25S-H56S000S-80-S"},{"r":"195","t":"20:18:19","h":"Est","s":"25N-H56N000I-80-I"},{"r":"195","t":"20:18:19","h":"Est","s":"25N-H56N100F-80-F1"},{"r":"195","t":"20:18:19","h":"Est","s":"25N-H56N200F-80-F2"},{"r":"195","t":"20:18:19","h":"Est","s":"25N-H56N300F-80-F3"},{"r":"195","t":"20:18:19","h":"Est","s":"25N-H56N400F-80-F4"},{"r":"195","t":"20:18:19","h":"Est","s":"25N-H56NV10I-80-I"},{"r":"195","t":"20:18:19","h":"Est","s":"25N-H56NV20I-80-I"},{"r":"195","t":"20:18:19","h":"Est","s":"25S-H56S000I-80-I"},{"r":"195","t":"20:18:19","h":"Est","s":"25S-H56S100F-80-F1"},{"r":"195","t":"20:18:19","h":"Est","s":"25S-H56S200F-81-F2"},{"r":"195","t":"20:23:47","h":"Est","s":"25N-H56N000A-80-A"},{"r":"195","t":"20:23:47","h":"Est","s":"25N-H56NV10A-80-A"},{"r":"195","t":"20:23:47","h":"Est","s":"25N-H56NV20A-80-A"},{"r":"195","t":"20:23:47","h":"Est","s":"25S-H56S000A-80-A"},{"r":"195","t":"20:24:51","h":"Est","s":"25N-H56N000S-80-S"},{"r":"195","t":"20:24:51","h":"Est","s":"25N-H56NV10S-80-S"},{"r":"195","t":"20:24:51","h":"Est","s":"25N-H56NV20S-80-S"},{"r":"195","t":"20:24:51","h":"Est","s":"25S-H56S000S-80-S"},{"r":"195","t":"20:49:19","h":"Est","s":"25N-H56N000I-80-I"},{"r":"195","t":"20:49:19","h":"Est","s":"25N-H56N100F-80-F1"},{"r":"195","t":"20:49:19","h":"Est","s":"25N-H56N200F-80-F2"},{"r":"195","t":"20:49:19","h":"Est","s":"25N-H56N300F-80-F3"},{"r":"195","t":"20:49:19","h":"Est","s":"25N-H56N400F-80-F4"},{"r":"195","t":"20:49:19","h":"Est","s":"25N-H56NV10I-80-I"},{"r":"195","t":"20:49:19","h":"Est","s":"25N-H56NV20I-80-I"},{"r":"195","t":"20:49:19","h":"Est","s":"25S-H56S000I-80-I"},{"r":"195","t":"20:49:19","h":"Est","s":"25S-H56S100F-80-F1"},{"r":"195","t":"20:49:19","h":"Est","s":"25S-H56S200F-81-F2"},{"r":"195","t":"20:51:51","h":"Est","s":"25N-H56N000S-80-S"},{"r":"195","t":"20:51:51","h":"Est","s":"25N-H56NV10S-80-S"},{"r":"195","t":"20:51:51","h":"Est","s":"25N-H56NV20S-80-S"},{"r":"195","t":"20:51:51","h":"Est","s":"25S-H56S000S-80-S"},{"r":"195","t":"20:52:47","h":"Est","s":"25N-H56N000A-80-A"},{"r":"195","t":"20:52:47","h":"Est","s":"25N-H56NV10A-80-A"},{"r":"195","t":"20:52:47","h":"Est","s":"25N-H56NV20A-80-A"},{"r":"195","t":"20:52:47","h":"Est","s":"25S-H56S000A-80-A"},{"r":"195","t":"21:19:19","h":"Est","s":"25N-H56N000I-80-I"},{"r":"195","t":"21:19:19","h":"Est","s":"25N-H56N100F-80-F1"},{"r":"195","t":"21:19:19","h":"Est","s":"25N-H56N200F-80-F2"},{"r":"195","t":"21:19:19","h":"Est","s":"25N-H56N300F-80-F3"},{"r":"195","t":"21:19:19","h":"Est","s":"25N-H56N400F-80-F4"},{"r":"195","t":"21:19:19","h":"Est","s":"25N-H56NV10I-80-I"},{"r":"195","t":"21:19:19","h":"Est","s":"25N-H56NV20I-80-I"},{"r":"195","t":"21:19:19","h":"Est","s":"25S-H56S000I-80-I"},{"r":"195","t":"21:19:19","h":"Est","s":"25S-H56S100F-80-F1"},{"r":"195","t":"21:19:19","h":"Est","s":"25S-H56S200F-81-F2"},{"r":"195","t":"21:20:51","h":"Est","s":"25N-H56N000S-80-S"},{"r":"195","t":"21:20:51","h":"Est","s":"25N-H56NV10S-80-S"},{"r":"195","t":"21:20:51","h":"Est","s":"25N-H56NV20S-80-S"},{"r":"195","t":"21:20:51","h":"Est","s":"25S-H56S000S-80-S"},{"r":"195","t":"21:21:47","h":"Est","s":"25N-H56N000A-80-A"},{"r":"195","t":"21:21:47","h":"Est","s":"25N-H56NV10A-80-A"},{"r":"195","t":"21:21:47","h":"Est","s":"25N-H56NV20A-80-A"},{"r":"195","t":"21:21:47","h":"Est","s":"25S-H56S000A-80-A"},{"r":"195","t":"21:48:51","h":"Est","s":"25N-H56N000S-80-S"},{"r":"195","t":"21:48:51","h":"Est","s":"25N-H56NV10S-80-S"},{"r":"195","t":"21:48:51","h":"Est","s":"25N-H56NV20S-80-S"},{"r":"195","t":"21:48:51","h":"Est","s":"25S-H56S000S-80-S"},{"r":"195","t":"21:49:19","h":"Est","s":"25N-H56N000I-80-I"},{"r":"195","t":"21:49:19","h":"Est","s":"25N-H56N100F-80-F1"},{"r":"195","t":"21:49:19","h":"Est","s":"25N-H56N200F-80-F2"},{"r":"195","t":"21:49:19","h":"Est","s":"25N-H56N300F-80-F3"},{"r":"195","t":"21:49:19","h":"Est","s":"25N-H56N400F-80-F4"},{"r":"195","t":"21:49:19","h":"Est","s":"25N-H56NV10I-80-I"},{"r":"195","t":"21:49:19","h":"Est","s":"25N-H56NV20I-80-I"},{"r":"195","t":"21:49:19","h":"Est","s":"25S-H56S000I-80-I"},{"r":"195","t":"21:49:19","h":"Est","s":"25S-H56S100F-80-F1"},{"r":"195","t":"21:49:19","h":"Est","s":"25S-H56S200F-81-F2"},{"r":"195","t":"21:50:47","h":"Est","s":"25N-H56N000A-80-A"},{"r":"195","t":"21:50:47","h":"Est","s":"25N-H56NV10A-80-A"},{"r":"195","t":"21:50:47","h":"Est","s":"25N-H56NV20A-80-A"},{"r":"195","t":"21:50:47","h":"Est","s":"25S-H56S000A-80-A"},{"r":"195","t":"22:18:51","h":"Est","s":"25N-H56N000S-80-S"},{"r":"195","t":"22:18:51","h":"Est","s":"25N-H56NV10S-80-S"},{"r":"195","t":"22:18:51","h":"Est","s":"25N-H56NV20S-80-S"},{"r":"195","t":"22:18:51","h":"Est","s":"25S-H56S000S-80-S"},{"r":"195","t":"22:19:19","h":"Est","s":"25N-H56N000I-80-I"},{"r":"195","t":"22:19:19","h":"Est","s":"25N-H56N100F-80-F1"},{"r":"195","t":"22:19:19","h":"Est","s":"25N-H56N200F-80-F2"},{"r":"195","t":"22:19:19","h":"Est","s":"25N-H56N300F-80-F3"},{"r":"195","t":"22:19:19","h":"Est","s":"25N-H56N400F-80-F4"},{"r":"195","t":"22:19:19","h":"Est","s":"25N-H56NV10I-80-I"},{"r":"195","t":"22:19:19","h":"Est","s":"25N-H56NV20I-80-I"},{"r":"195","t":"22:19:19","h":"Est","s":"25S-H56S000I-80-I"},{"r":"195","t":"22:19:19","h":"Est","s":"25S-H56S100F-80-F1"},{"r":"195","t":"22:19:19","h":"Est","s":"25S-H56S200F-81-F2"},{"r":"195","t":"22:19:47","h":"Est","s":"25N-H56N000A-80-A"},{"r":"195","t":"22:19:47","h":"Est","s":"25N-H56NV10A-80-A"},{"r":"195","t":"22:19:47","h":"Est","s":"25N-H56NV20A-80-A"},{"r":"195","t":"22:19:47","h":"Est","s":"25S-H56S000A-80-A"},{"r":"195","t":"22:47:51","h":"Est","s":"25N-H56N000S-80-S"},{"r":"195","t":"22:47:51","h":"Est","s":"25N-H56NV10S-80-S"},{"r":"195","t":"22:47:51","h":"Est","s":"25N-H56NV20S-80-S"},{"r":"195","t":"22:47:51","h":"Est","s":"25S-H56S000S-80-S"},{"r":"195","t":"22:48:19","h":"Est","s":"25N-H56N000I-80-I"},{"r":"195","t":"22:48:19","h":"Est","s":"25N-H56N100F-80-F1"},{"r":"195","t":"22:48:19","h":"Est","s":"25N-H56N200F-80-F2"},{"r":"195","t":"22:48:19","h":"Est","s":"25N-H56N300F-80-F3"},{"r":"195","t":"22:48:19","h":"Est","s":"25N-H56N400F-80-F4"},{"r":"195","t":"22:48:19","h":"Est","s":"25N-H56NV10I-80-I"},{"r":"195","t":"22:48:19","h":"Est","s":"25N-H56NV20I-80-I"},{"r":"195","t":"22:48:19","h":"Est","s":"25S-H56S000I-80-I"},{"r":"195","t":"22:48:19","h":"Est","s":"25S-H56S100F-80-F1"},{"r":"195","t":"22:48:19","h":"Est","s":"25S-H56S200F-81-F2"},{"r":"195","t":"22:48:47","h":"Est","s":"25N-H56N000A-80-A"},{"r":"195","t":"22:48:47","h":"Est","s":"25N-H56NV10A-80-A"},{"r":"195","t":"22:48:47","h":"Est","s":"25N-H56NV20A-80-A"},{"r":"195","t":"22:48:47","h":"Est","s":"25S-H56S000A-80-A"},{"r":"195","t":"23:14:51","h":"Est","s":"25N-H56N000S-80-S"},{"r":"195","t":"23:14:51","h":"Est","s":"25N-H56NV10S-80-S"},{"r":"195","t":"23:14:51","h":"Est","s":"25N-H56NV20S-80-S"},{"r":"195","t":"23:14:51","h":"Est","s":"25S-H56S000S-80-S"},{"r":"195","t":"23:18:19","h":"Est","s":"25N-H56N000I-80-I"},{"r":"195","t":"23:18:19","h":"Est","s":"25N-H56N100F-80-F1"},{"r":"195","t":"23:18:19","h":"Est","s":"25N-H56N200F-80-F2"},{"r":"195","t":"23:18:19","h":"Est","s":"25N-H56N300F-80-F3"},{"r":"195","t":"23:18:19","h":"Est","s":"25N-H56N400F-80-F4"},{"r":"195","t":"23:18:19","h":"Est","s":"25N-H56NV10I-80-I"},{"r":"195","t":"23:18:19","h":"Est","s":"25N-H56NV20I-80-I"},{"r":"195","t":"23:18:19","h":"Est","s":"25S-H56S000I-80-I"},{"r":"195","t":"23:18:19","h":"Est","s":"25S-H56S100F-80-F1"},{"r":"195","t":"23:18:19","h":"Est","s":"25S-H56S200F-81-F2"},{"r":"195","t":"23:18:47","h":"Est","s":"25N-H56N000A-80-A"},{"r":"195","t":"23:18:47","h":"Est","s":"25N-H56NV10A-80-A"},{"r":"195","t":"23:18:47","h":"Est","s":"25N-H56NV20A-80-A"},{"r":"195","t":"23:18:47","h":"Est","s":"25S-H56S000A-80-A"},{"r":"195","t":"23:42:51","h":"Est","s":"25N-H56N000S-80-S"},{"r":"195","t":"23:42:51","h":"Est","s":"25N-H56NV10S-80-S"},{"r":"195","t":"23:42:51","h":"Est","s":"25N-H56NV20S-80-S"},{"r":"195","t":"23:42:51","h":"Est","s":"25S-H56S000S-80-S"},{"r":"195","t":"23:47:19","h":"Est","s":"25N-H56N000I-80-I"},{"r":"195","t":"23:47:19","h":"Est","s":"25N-H56N100F-80-F1"},{"r":"195","t":"23:47:19","h":"Est","s":"25N-H56N200F-80-F2"},{"r":"195","t":"23:47:19","h":"Est","s":"25N-H56N300F-80-F3"},{"r":"195","t":"23:47:19","h":"Est","s":"25N-H56N400F-80-F4"},{"r":"195","t":"23:47:19","h":"Est","s":"25N-H56NV10I-80-I"},{"r":"195","t":"23:47:19","h":"Est","s":"25N-H56NV20I-80-I"},{"r":"195","t":"23:47:19","h":"Est","s":"25S-H56S000I-80-I"},{"r":"195","t":"23:47:19","h":"Est","s":"25S-H56S100F-80-F1"},{"r":"195","t":"23:47:19","h":"Est","s":"25S-H56S200F-81-F2"},{"r":"195","t":"23:47:51","h":"Est","s":"25N-H56N000A-80-A"},{"r":"195","t":"23:47:51","h":"Est","s":"25N-H56NV10A-80-A"},{"r":"195","t":"23:47:51","h":"Est","s":"25N-H56NV20A-80-A"},{"r":"195","t":"23:47:51","h":"Est","s":"25S-H56S000A-80-A"},{"r":"195","t":"24:10:51","h":"Est","s":"25N-H56N000S-80-S"},{"r":"195","t":"24:10:51","h":"Est","s":"25N-H56NV10S-80-S"},{"r":"195","t":"24:10:51","h":"Est","s":"25N-H56NV20S-80-S"},{"r":"195","t":"24:10:51","h":"Est","s":"25S-H56S000S-80-S"},{"r":"195","t":"24:16:51","h":"Est","s":"25N-H56N000A-80-A"},{"r":"195","t":"24:16:51","h":"Est","s":"25N-H56NV10A-80-A"},{"r":"195","t":"24:16:51","h":"Est","s":"25N-H56NV20A-80-A"},{"r":"195","t":"24:16:51","h":"Est","s":"25S-H56S000A-80-A"},{"r":"195","t":"24:17:19","h":"Est","s":"25N-H56N000I-80-I"},{"r":"195","t":"24:17:19","h":"Est","s":"25N-H56N100F-80-F1"},{"r":"195","t":"24:17:19","h":"Est","s":"25N-H56N200F-80-F2"},{"r":"195","t":"24:17:19","h":"Est","s":"25N-H56N300F-80-F3"},{"r":"195","t":"24:17:19","h":"Est","s":"25N-H56N400F-80-F4"},{"r":"195","t":"24:17:19","h":"Est","s":"25N-H56NV10I-80-I"},{"r":"195","t":"24:17:19","h":"Est","s":"25N-H56NV20I-80-I"},{"r":"195","t":"24:17:19","h":"Est","s":"25S-H56S000I-80-I"},{"r":"195","t":"24:17:19","h":"Est","s":"25S-H56S100F-80-F1"},{"r":"195","t":"24:17:19","h":"Est","s":"25S-H56S200F-81-F2"},{"r":"195","t":"24:43:51","h":"Est","s":"25N-H56N000S-80-S"},{"r":"195","t":"24:43:51","h":"Est","s":"25N-H56NV10S-80-S"},{"r":"195","t":"24:43:51","h":"Est","s":"25N-H56NV20S-80-S"},{"r":"195","t":"24:43:51","h":"Est","s":"25S-H56S000S-80-S"},{"r":"195","t":"24:45:51","h":"Est","s":"25N-H56N000A-80-A"},{"r":"195","t":"24:45:51","h":"Est","s":"25N-H56NV10A-80-A"},{"r":"195","t":"24:45:51","h":"Est","s":"25N-H56NV20A-80-A"},{"r":"195","t":"24:45:51","h":"Est","s":"25S-H56S000A-80-A"},{"r":"195","t":"24:47:19","h":"Est","s":"25N-H56N000I-80-I"},{"r":"195","t":"24:47:19","h":"Est","s":"25N-H56N100F-80-F1"},{"r":"195","t":"24:47:19","h":"Est","s":"25N-H56N200F-80-F2"},{"r":"195","t":"24:47:19","h":"Est","s":"25N-H56N300F-80-F3"},{"r":"195","t":"24:47:19","h":"Est","s":"25N-H56N400F-80-F4"},{"r":"195","t":"24:47:19","h":"Est","s":"25N-H56NV10I-80-I"},{"r":"195","t":"24:47:19","h":"Est","s":"25N-H56NV20I-80-I"},{"r":"195","t":"24:47:19","h":"Est","s":"25S-H56S000I-80-I"},{"r":"195","t":"24:47:19","h":"Est","s":"25S-H56S100F-80-F1"},{"r":"195","t":"24:47:19","h":"Est","s":"25S-H56S200F-81-F2"},{"r":"195","t":"25:14:51","h":"Est","s":"25N-H56N000A-80-A"},{"r":"195","t":"25:14:51","h":"Est","s":"25N-H56NV10A-80-A"},{"r":"195","t":"25:14:51","h":"Est","s":"25N-H56NV20A-80-A"},{"r":"195","t":"25:14:51","h":"Est","s":"25S-H56S000A-80-A"},{"r":"195","t":"25:17:19","h":"Est","s":"25N-H56N000I-80-I"},{"r":"195","t":"25:17:19","h":"Est","s":"25N-H56N100F-80-F1"},{"r":"195","t":"25:17:19","h":"Est","s":"25N-H56N200F-80-F2"},{"r":"195","t":"25:17:19","h":"Est","s":"25N-H56N300F-80-F3"},{"r":"195","t":"25:17:19","h":"Est","s":"25N-H56N400F-80-F4"},{"r":"195","t":"25:17:19","h":"Est","s":"25N-H56NV10I-80-I"},{"r":"195","t":"25:17:19","h":"Est","s":"25N-H56NV20I-80-I"},{"r":"195","t":"25:17:19","h":"Est","s":"25S-H56S000I-80-I"},{"r":"195","t":"25:17:19","h":"Est","s":"25S-H56S100F-80-F1"},{"r":"195","t":"25:17:19","h":"Est","s":"25S-H56S200F-81-F2"},{"r":"195","t":"25:17:51","h":"Est","s":"25N-H56N000S-80-S"},{"r":"195","t":"25:17:51","h":"Est","s":"25N-H56NV10S-80-S"},{"r":"195","t":"25:17:51","h":"Est","s":"25N-H56NV20S-80-S"},{"r":"195","t":"25:17:51","h":"Est","s":"25S-H56S000S-80-S"},{"r":"195","t":"25:42:51","h":"Est","s":"25N-H56N000A-80-A"},{"r":"195","t":"25:42:51","h":"Est","s":"25N-H56NV10A-80-A"},{"r":"195","t":"25:42:51","h":"Est","s":"25N-H56NV20A-80-A"},{"r":"195","t":"25:42:51","h":"Est","s":"25S-H56S000A-80-A"}]