[{"r":"196","t":"06:16:00","h":"Sud","s":"25N-H60N000S-80-S"},{"r":"196","t":"06:16:00","h":"Sud","s":"25N-H60N000S-98-S"},{"r":"196","t":"06:16:00","h":"Sud","s":"25N-H60N100F-81-F1"},{"r":"196","t":"06:16:00","h":"Sud","s":"25N-H60N200F-81-F2"},{"r":"196","t":"06:16:00","h":"Sud","s":"25N-H60N300F-82-F3"},{"r":"196","t":"06:16:00","h":"Sud","s":"25N-H60N400F-81-F4"},{"r":"196","t":"06:16:00","h":"Sud","s":"25N-H60NV10S-98-S"},{"r":"196","t":"06:16:00","h":"Sud","s":"25N-H60NV20S-98-S"},{"r":"196","t":"06:16:00","h":"Sud","s":"25S-H60S000S-80-S"},{"r":"196","t":"06:16:00","h":"Sud","s":"25S-H60S100F-82-F1"},{"r":"196","t":"06:16:00","h":"Sud","s":"25S-H60S200F-81-F2"},{"r":"196","t":"06:23:00","h":"Sud","s":"25N-H60N000S-80-S"},{"r":"196","t":"06:23:00","h":"Sud","s":"25N-H60N000S-98-S"},{"r":"196","t":"06:23:00","h":"Sud","s":"25N-H60NV10S-98-S"},{"r":"196","t":"06:23:00","h":"Sud","s":"25N-H60NV20S-98-S"},{"r":"196","t":"06:23:00","h":"Sud","s":"25S-H60S000S-80-S"},{"r":"196","t":"06:31:00","h":"Sud","s":"25N-H50N000S-80-S"},{"r":"196","t":"06:31:00","h":"Sud","s":"25N-H50N000S-90-S"},{"r":"196","t":"06:31:00","h":"Sud","s":"25N-H50NV10S-90-S"},{"r":"196","t":"06:31:00","h":"Sud","s":"25N-H50NV20S-90-S"},{"r":"196","t":"06:31:00","h":"Sud","s":"25S-H50S000S-81-S"},{"r":"196","t":"06:39:00","h":"Sud","s":"25N-H56N000S-80-S"},{"r":"196","t":"06:39:00","h":"Sud","s":"25N-H56NV10S-80-S"},{"r":"196","t":"06:39:00","h":"Sud","s":"25N-H56NV20S-80-S"},{"r":"196","t":"06:39:00","h":"Sud","s":"25S-H56S000S-80-S"},{"r":"196","t":"06:46:00","h":"Sud","s":"25N-H60N000S-80-S"},{"r":"196","t":"06:46:00","h":"Sud","s":"25N-H60N000S-98-S"},{"r":"196","t":"06:46:00","h":"Sud","s":"25N-H60N100F-81-F1"},{"r":"196","t":"06:46:00","h":"Sud","s":"25N-H60N200F-81-F2"},{"r":"196","t":"06:46:00","h":"Sud","s":"25N-H60N300F-82-F3"},{"r":"196","t":"06:46:00","h":"Sud","s":"25N-H60N400F-81-F4"},{"r":"196","t":"06:46:00","h":"Sud","s":"25N-H60NV10S-98-S"},{"r":"196","t":"06:46:00","h":"Sud","s":"25N-H60NV20S-98-S"},{"r":"196","t":"06:46:00","h":"Sud","s":"25S-H60S000S-80-S"},{"r":"196","t":"06:46:00","h":"Sud","s":"25S-H60S100F-82-F1"},{"r":"196","t":"06:46:00","h":"Sud","s":"25S-H60S200F-81-F2"},{"r":"196","t":"06:52:00","h":"Sud","s":"25N-H60N000S-80-S"},{"r":"196","t":"06:52:00","h":"Sud","s":"25N-H60N000S-98-S"},{"r":"196","t":"06:52:00","h":"Sud","s":"25N-H60NV10S-98-S"},{"r":"196","t":"06:52:00","h":"Sud","s":"25N-H60NV20S-98-S"},{"r":"196","t":"06:52:00","h":"Sud","s":"25S-H60S000S-80-S"},{"r":"196","t":"06:59:00","h":"Sud","s":"25N-H56N000S-80-S"},{"r":"196","t":"06:59:00","h":"Sud","s":"25N-H56NV10S-80-S"},{"r":"196","t":"06:59:00","h":"Sud","s":"25N-H56NV20S-80-S"},{"r":"196","t":"06:59:00","h":"Sud","s":"25S-H56S000S-80-S"},{"r":"196","t":"07:05:00","h":"Sud","s":"25N-H60N000S-80-S"},{"r":"196","t":"07:05:00","h":"Sud","s":"25N-H60N000S-98-S"},{"r":"196","t":"07:05:00","h":"Sud","s":"25N-H60NV10S-98-S"},{"r":"196","t":"07:05:00","h":"Sud","s":"25N-H60NV20S-98-S"},{"r":"196","t":"07:05:00","h":"Sud","s":"25S-H60S000S-80-S"},{"r":"196","t":"07:11:00","h":"Sud","s":"25N-H56N000S-80-S"},{"r":"196","t":"07:11:00","h":"Sud","s":"25N-H56NV10S-80-S"},{"r":"196","t":"07:11:00","h":"Sud","s":"25N-H56NV20S-80-S"},{"r":"196","t":"07:11:00","h":"Sud","s":"25S-H56S000S-80-S"},{"r":"196","t":"07:17:00","h":"Sud","s":"25N-H60N000S-80-S"},{"r":"196","t":"07:17:00","h":"Sud","s":"25N-H60N000S-98-S"},{"r":"196","t":"07:17:00","h":"Sud","s":"25N-H60N100F-81-F1"},{"r":"196","t":"07:17:00","h":"Sud","s":"25N-H60N200F-81-F2"},{"r":"196","t":"07:17:00","h":"Sud","s":"25N-H60N300F-82-F3"},{"r":"196","t":"07:17:00","h":"Sud","s":"25N-H60N400F-81-F4"},{"r":"196","t":"07:17:00","h":"Sud","s":"25N-H60NV10S-98-S"},{"r":"196","t":"07:17:00","h":"Sud","s":"25N-H60NV20S-98-S"},{"r":"196","t":"07:17:00","h":"Sud","s":"25S-H60S000S-80-S"},{"r":"196","t":"07:17:00","h":"Sud","s":"25S-H60S100F-82-F1"},{"r":"196","t":"07:17:00","h":"Sud","s":"25S-H60S200F-81-F2"},{"r":"196","t":"07:24:00","h":"Sud","s":"25N-H60N000S-80-S"},{"r":"196","t":"07:24:00","h":"Sud","s":"25N-H60N000S-98-S"},{"r":"196","t":"07:24:00","h":"Sud","s":"25N-H60NV10S-98-S"},{"r":"196","t":"07:24:00","h":"Sud","s":"25N-H60NV20S-98-S"},{"r":"196","t":"07:24:00","h":"Sud","s":"25S-H60S000S-80-S"},{"r":"196","t":"07:31:00","h":"Sud","s":"25N-H60N000S-80-S"},{"r":"196","t":"07:31:00","h":"Sud","s":"25N-H60N000S-98-S"},{"r":"196","t":"07:31:00","h":"Sud","s":"25N-H60NV10S-98-S"},{"r":"196","t":"07:31:00","h":"Sud","s":"25N-H60NV20S-98-S"},{"r":"196","t":"07:31:00","h":"Sud","s":"25S-H60S000S-80-S"},{"r":"196","t":"07:38:00","h":"Sud","s":"25N-H60N000S-80-S"},{"r":"196","t":"07:38:00","h":"Sud","s":"25N-H60N000S-98-S"},{"r":"196","t":"07:38:00","h":"Sud","s":"25N-H60NV10S-98-S"},{"r":"196","t":"07:38:00","h":"Sud","s":"25N-H60NV20S-98-S"},{"r":"196","t":"07:38:00","h":"Sud","s":"25S-H60S000S-80-S"},{"r":"196","t":"07:43:00","h":"Sud","s":"25N-H60N000S-80-S"},{"r":"196","t":"07:43:00","h":"Sud","s":"25N-H60N000S-98-S"},{"r":"196","t":"07:43:00","h":"Sud","s":"25N-H60NV10S-98-S"},{"r":"196","t":"07:43:00","h":"Sud","s":"25N-H60NV20S-98-S"},{"r":"196","t":"07:43:00","h":"Sud","s":"25S-H60S000S-80-S"},{"r":"196","t":"07:47:00","h":"Sud","s":"25N-H60N100F-81-F1"},{"r":"196","t":"07:47:00","h":"Sud","s":"25N-H60N200F-81-F2"},{"r":"196","t":"07:47:00","h":"Sud","s":"25N-H60N300F-82-F3"},{"r":"196","t":"07:47:00","h":"Sud","s":"25N-H60N400F-81-F4"},{"r":"196","t":"07:47:00","h":"Sud","s":"25S-H60S100F-82-F1"},{"r":"196","t":"07:47:00","h":"Sud","s":"25S-H60S200F-81-F2"},{"r":"196","t":"07:48:00","h":"Sud","s":"25N-H60N000S-80-S"},{"r":"196","t":"07:48:00","h":"Sud","s":"25N-H60N000S-98-S"},{"r":"196","t":"07:48:00","h":"Sud","s":"25N-H60NV10S-98-S"},{"r":"196","t":"07:48:00","h":"Sud","s":"25N-H60NV20S-98-S"},{"r":"196","t":"07:48:00","h":"Sud","s":"25S-H60S000S-80-S"},{"r":"196","t":"07:55:00","h":"Sud","s":"25N-H60N000S-80-S"},{"r":"196","t":"07:55:00","h":"Sud","s":"25N-H60N000S-98-S"},{"r":"196","t":"07:55:00","h":"Sud","s":"25N-H60NV10S-98-S"},{"r":"196","t":"07:55:00","h":"Sud","s":"25N-H60NV20S-98-S"},{"r":"196","t":"07:55:00","h":"Sud","s":"25S-H60S000S-80-S"},{"r":"196","t":"08:01:00","h":"Sud","s":"25N-H60N000S-80-S"},{"r":"196","t":"08:01:00","h":"Sud","s":"25N-H60N000S-98-S"},{"r":"196","t":"08:01:00","h":"Sud","s":"25N-H60NV10S-98-S"},{"r":"196","t":"08:01:00","h":"Sud","s":"25N-H60NV20S-98-S"},{"r":"196","t":"08:01:00","h":"Sud","s":"25S-H60S000S-80-S"},{"r":"196","t":"08:08:00","h":"Sud","s":"25N-H60N000S-80-S"},{"r":"196","t":"08:08:00","h":"Sud","s":"25N-H60N000S-98-S"},{"r":"196","t":"08:08:00","h":"Sud","s":"25N-H60NV10S-98-S"},{"r":"196","t":"08:08:00","h":"Sud","s":"25N-H60NV20S-98-S"},{"r":"196","t":"08:08:00","h":"Sud","s":"25S-H60S000S-80-S"},{"r":"196","t":"08:15:00","h":"Sud","s":"25N-H60N000S-80-S"},{"r":"196","t":"08:15:00","h":"Sud","s":"25N-H60N000S-98-S"},{"r":"196","t":"08:15:00","h":"Sud","s":"25N-H60NV10S-98-S"},{"r":"196","t":"08:15:00","h":"Sud","s":"25N-H60NV20S-98-S"},{"r":"196","t":"08:15:00","h":"Sud","s":"25S-H60S000S-80-S"},{"r":"196","t":"08:18:00","h":"Sud","s":"25N-H60N100F-81-F1"},{"r":"196","t":"08:18:00","h":"Sud","s":"25N-H60N200F-81-F2"},{"r":"196","t":"08:18:00","h":"Sud","s":"25N-H60N300F-82-F3"},{"r":"196","t":"08:18:00","h":"Sud","s":"25N-H60N400F-81-F4"},{"r":"196","t":"08:18:00","h":"Sud","s":"25S-H60S100F-82-F1"},{"r":"196","t":"08:18:00","h":"Sud","s":"25S-H60S200F-81-F2"},{"r":"196","t":"08:25:00","h":"Sud","s":"25N-H60N000S-80-S"},{"r":"196","t":"08:25:00","h":"Sud","s":"25N-H60N000S-98-S"},{"r":"196","t":"08:25:00","h":"Sud","s":"25N-H60NV10S-98-S"},{"r":"196","t":"08:25:00","h":"Sud","s":"25N-H60NV20S-98-S"},{"r":"196","t":"08:25:00","h":"Sud","s":"25S-H60S000S-80-S"},{"r":"196","t":"08:35:00","h":"Sud","s":"25N-H60N000S-80-S"},{"r":"196","t":"08:35:00","h":"Sud","s":"25N-H60N000S-98-S"},{"r":"196","t":"08:35:00","h":"Sud","s":"25N-H60NV10S-98-S"},{"r":"196","t":"08:35:00","h":"Sud","s":"25N-H60NV20S-98-S"},{"r":"196","t":"08:35:00","h":"Sud","s":"25S-H60S000S-80-S"},{"r":"196","t":"08:45:00","h":"Sud","s":"25N-H60N000S-80-S"},{"r":"196","t":"08:45:00","h":"Sud","s":"25N-H60N000S-98-S"},{"r":"196","t":"08:45:00","h":"Sud","s":"25N-H60NV10S-98-S"},{"r":"196","t":"08:45:00","h":"Sud","s":"25N-H60NV20S-98-S"},{"r":"196","t":"08:45:00","h":"Sud","s":"25S-H60S000S-80-S"},{"r":"196","t":"08:48:00","h":"Sud","s":"25N-H60N100F-81-F1"},{"r":"196","t":"08:48:00","h":"Sud","s":"25N-H60N200F-81-F2"},{"r":"196","t":"08:48:00","h":"Sud","s":"25N-H60N300F-82-F3"},{"r":"196","t":"08:48:00","h":"Sud","s":"25N-H60N400F-81-F4"},{"r":"196","t":"08:48:00","h":"Sud","s":"25S-H60S100F-82-F1"},{"r":"196","t":"08:48:00","h":"Sud","s":"25S-H60S200F-81-F2"},{"r":"196","t":"08:54:00","h":"Sud","s":"25N-H60N000S-80-S"},{"r":"196","t":"08:54:00","h":"Sud","s":"25N-H60N000S-98-S"},{"r":"196","t":"08:54:00","h":"Sud","s":"25N-H60NV10S-98-S"},{"r":"196","t":"08:54:00","h":"Sud","s":"25N-H60NV20S-98-S"},{"r":"196","t":"08:54:00","h":"Sud","s":"25S-H60S000S-80-S"},{"r":"196","t":"09:03:00","h":"Sud","s":"25N-H60N000S-80-S"},{"r":"196","t":"09:03:00","h":"Sud","s":"25N-H60N000S-98-S"},{"r":"196","t":"09:03:00","h":"Sud","s":"25N-H60NV10S-98-S"},{"r":"196","t":"09:03:00","h":"Sud","s":"25N-H60NV20S-98-S"},{"r":"196","t":"09:03:00","h":"Sud","s":"25S-H60S000S-80-S"},{"r":"196","t":"09:12:00","h":"Sud","s":"25N-H60N000S-80-S"},{"r":"196","t":"09:12:00","h":"Sud","s":"25N-H60N000S-98-S"},{"r":"196","t":"09:12:00","h":"Sud","s":"25N-H60NV10S-98-S"},{"r":"196","t":"09:12:00","h":"Sud","s":"25N-H60NV20S-98-S"},{"r":"196","t":"09:12:00","h":"Sud","s":"25S-H60S000S-80-S"},{"r":"196","t":"09:17:00","h":"Sud","s":"25N-H60N100F-81-F1"},{"r":"196","t":"09:17:00","h":"Sud","s":"25N-H60N200F-81-F2"},{"r":"196","t":"09:17:00","h":"Sud","s":"25N-H60N300F-82-F3"},{"r":"196","t":"09:17:00","h":"Sud","s":"25N-H60N400F-81-F4"},{"r":"196","t":"09:17:00","h":"Sud","s":"25S-H60S100F-82-F1"},{"r":"196","t":"09:17:00","h":"Sud","s":"25S-H60S200F-81-F2"},{"r":"196","t":"09:21:00","h":"Sud","s":"25N-H60N000S-80-S"},{"r":"196","t":"09:21:00","h":"Sud","s":"25N-H60N000S-98-S"},{"r":"196","t":"09:21:00","h":"Sud","s":"25N-H60NV10S-98-S"},{"r":"196","t":"09:21:00","h":"Sud","s":"25N-H60NV20S-98-S"},{"r":"196","t":"09:21:00","h":"Sud","s":"25S-H60S000S-80-S"},{"r":"196","t":"09:32:00","h":"Sud","s":"25N-H60N000S-80-S"},{"r":"196","t":"09:32:00","h":"Sud","s":"25N-H60N000S-98-S"},{"r":"196","t":"09:32:00","h":"Sud","s":"25N-H60NV10S-98-S"},{"r":"196","t":"09:32:00","h":"Sud","s":"25N-H60NV20S-98-S"},{"r":"196","t":"09:32:00","h":"Sud","s":"25S-H60S000S-80-S"},{"r":"196","t":"09:44:00","h":"Sud","s":"25N-H60N000S-80-S"},{"r":"196","t":"09:44:00","h":"Sud","s":"25N-H60N000S-98-S"},{"r":"196","t":"09:44:00","h":"Sud","s":"25N-H60NV10S-98-S"},{"r":"196","t":"09:44:00","h":"Sud","s":"25N-H60NV20S-98-S"},{"r":"196","t":"09:44:00","h":"Sud","s":"25S-H60S000S-80-S"},{"r":"196","t":"09:45:00","h":"Sud","s":"25N-H60N100F-81-F1"},{"r":"196","t":"09:45:00","h":"Sud","s":"25N-H60N200F-81-F2"},{"r":"196","t":"09:45:00","h":"Sud","s":"25N-H60N300F-82-F3"},{"r":"196","t":"09:45:00","h":"Sud","s":"25N-H60N400F-81-F4"},{"r":"196","t":"09:45:00","h":"Sud","s":"25S-H60S100F-82-F1"},{"r":"196","t":"09:45:00","h":"Sud","s":"25S-H60S200F-81-F2"},{"r":"196","t":"09:56:00","h":"Sud","s":"25N-H60N000S-80-S"},{"r":"196","t":"09:56:00","h":"Sud","s":"25N-H60N000S-98-S"},{"r":"196","t":"09:56:00","h":"Sud","s":"25N-H60NV10S-98-S"},{"r":"196","t":"09:56:00","h":"Sud","s":"25N-H60NV20S-98-S"},{"r":"196","t":"09:56:00","h":"Sud","s":"25S-H60S000S-80-S"},{"r":"196","t":"10:14:00","h":"Sud","s":"25N-H60N100F-81-F1"},{"r":"196","t":"10:14:00","h":"Sud","s":"25N-H60N200F-81-F2"},{"r":"196","t":"10:14:00","h":"Sud","s":"25N-H60N300F-82-F3"},{"r":"196","t":"10:14:00","h":"Sud","s":"25N-H60N400F-81-F4"},{"r":"196","t":"10:14:00","h":"Sud","s":"25S-H60S100F-82-F1"},{"r":"196","t":"10:14:00","h":"Sud","s":"25S-H60S200F-81-F2"},{"r":"196","t":"10:15:00","h":"Sud","s":"25N-H50N000S-80-S"},{"r":"196","t":"10:15:00","h":"Sud","s":"25N-H50N000S-90-S"},{"r":"196","t":"10:15:00","h":"Sud","s":"25N-H50NV10S-90-S"},{"r":"196","t":"10:15:00","h":"Sud","s":"25N-H50NV20S-90-S"},{"r":"196","t":"10:15:00","h":"Sud","s":"25S-H50S000S-81-S"},{"r":"196","t":"10:41:00","h":"Sud","s":"25N-H60N000S-80-S"},{"r":"196","t":"10:41:00","h":"Sud","s":"25N-H60N000S-98-S"},{"r":"196","t":"10:41:00","h":"Sud","s":"25N-H60NV10S-98-S"},{"r":"196","t":"10:41:00","h":"Sud","s":"25N-H60NV20S-98-S"},{"r":"196","t":"10:41:00","h":"Sud","s":"25S-H60S000S-80-S"},{"r":"196","t":"10:42:00","h":"Sud","s":"25N-H60N100F-81-F1"},{"r":"196","t":"10:42:00","h":"Sud","s":"25N-H60N200F-81-F2"},{"r":"196","t":"10:42:00","h":"Sud","s":"25N-H60N300F-82-F3"},{"r":"196","t":"10:42:00","h":"Sud","s":"25N-H60N400F-81-F4"},{"r":"196","t":"10:42:00","h":"Sud","s":"25S-H60S100F-82-F1"},{"r":"196","t":"10:42:00","h":"Sud","s":"25S-H60S200F-81-F2"},{"r":"196","t":"11:10:00","h":"Sud","s":"25N-H60N000S-80-S"},{"r":"196","t":"11:10:00","h":"Sud","s":"25N-H60N000S-98-S"},{"r":"196","t":"11:10:00","h":"Sud","s":"25N-H60N100F-81-F1"},{"r":"196","t":"11:10:00","h":"Sud","s":"25N-H60N200F-81-F2"},{"r":"196","t":"11:10:00","h":"Sud","s":"25N-H60N300F-82-F3"},{"r":"196","t":"11:10:00","h":"Sud","s":"25N-H60N400F-81-F4"},{"r":"196","t":"11:10:00","h":"Sud","s":"25N-H60NV10S-98-S"},{"r":"196","t":"11:10:00","h":"Sud","s":"25N-H60NV20S-98-S"},{"r":"196","t":"11:10:00","h":"Sud","s":"25S-H60S000S-80-S"},{"r":"196","t":"11:10:00","h":"Sud","s":"25S-H60S100F-82-F1"},{"r":"196","t":"11:10:00","h":"Sud","s":"25S-H60S200F-81-F2"},{"r":"196","t":"11:39:00","h":"Sud","s":"25N-H60N000S-80-S"},{"r":"196","t":"11:39:00","h":"Sud","s":"25N-H60N000S-98-S"},{"r":"196","t":"11:39:00","h":"Sud","s":"25N-H60NV10S-98-S"},{"r":"196","t":"11:39:00","h":"Sud","s":"25N-H60NV20S-98-S"},{"r":"196","t":"11:39:00","h":"Sud","s":"25S-H60S000S-80-S"},{"r":"196","t":"11:40:00","h":"Sud","s":"25N-H60N100F-81-F1"},{"r":"196","t":"11:40:00","h":"Sud","s":"25N-H60N200F-81-F2"},{"r":"196","t":"11:40:00","h":"Sud","s":"25N-H60N300F-82-F3"},{"r":"196","t":"11:40:00","h":"Sud","s":"25N-H60N400F-81-F4"},{"r":"196","t":"11:40:00","h":"Sud","s":"25S-H60S100F-82-F1"},{"r":"196","t":"11:40:00","h":"Sud","s":"25S-H60S200F-81-F2"},{"r":"196","t":"12:07:00","h":"Sud","s":"25N-H60N000S-80-S"},{"r":"196","t":"12:07:00","h":"Sud","s":"25N-H60N000S-98-S"},{"r":"196","t":"12:07:00","h":"Sud","s":"25N-H60NV10S-98-S"},{"r":"196","t":"12:07:00","h":"Sud","s":"25N-H60NV20S-98-S"},{"r":"196","t":"12:07:00","h":"Sud","s":"25S-H60S000S-80-S"},{"r":"196","t":"12:10:00","h":"Sud","s":"25N-H60N100F-81-F1"},{"r":"196","t":"12:10:00","h":"Sud","s":"25N-H60N200F-81-F2"},{"r":"196","t":"12:10:00","h":"Sud","s":"25N-H60N300F-82-F3"},{"r":"196","t":"12:10:00","h":"Sud","s":"25N-H60N400F-81-F4"},{"r":"196","t":"12:10:00","h":"Sud","s":"25S-H60S100F-82-F1"},{"r":"196","t":"12:10:00","h":"Sud","s":"25S-H60S200F-81-F2"},{"r":"196","t":"12:36:00","h":"Sud","s":"25N-H60N000S-80-S"},{"r":"196","t":"12:36:00","h":"Sud","s":"25N-H60N000S-98-S"},{"r":"196","t":"12:36:00","h":"Sud","s":"25N-H60NV10S-98-S"},{"r":"196","t":"12:36:00","h":"Sud","s":"25N-H60NV20S-98-S"},{"r":"196","t":"12:36:00","h":"Sud","s":"25S-H60S000S-80-S"},{"r":"196","t":"12:41:00","h":"Sud","s":"25N-H60N100F-81-F1"},{"r":"196","t":"12:41:00","h":"Sud","s":"25N-H60N200F-81-F2"},{"r":"196","t":"12:41:00","h":"Sud","s":"25N-H60N300F-82-F3"},{"r":"196","t":"12:41:00","h":"Sud","s":"25N-H60N400F-81-F4"},{"r":"196","t":"12:41:00","h":"Sud","s":"25S-H60S100F-82-F1"},{"r":"196","t":"12:41:00","h":"Sud","s":"25S-H60S200F-81-F2"},{"r":"196","t":"13:04:00","h":"Sud","s":"25N-H60N000S-80-S"},{"r":"196","t":"13:04:00","h":"Sud","s":"25N-H60N000S-98-S"},{"r":"196","t":"13:04:00","h":"Sud","s":"25N-H60NV10S-98-S"},{"r":"196","t":"13:04:00","h":"Sud","s":"25N-H60NV20S-98-S"},{"r":"196","t":"13:04:00","h":"Sud","s":"25S-H60S000S-80-S"},{"r":"196","t":"13:11:00","h":"Sud","s":"25N-H60N100F-81-F1"},{"r":"196","t":"13:11:00","h":"Sud","s":"25N-H60N200F-81-F2"},{"r":"196","t":"13:11:00","h":"Sud","s":"25N-H60N300F-82-F3"},{"r":"196","t":"13:11:00","h":"Sud","s":"25N-H60N400F-81-F4"},{"r":"196","t":"13:11:00","h":"Sud","s":"25S-H60S100F-82-F1"},{"r":"196","t":"13:11:00","h":"Sud","s":"25S-H60S200F-81-F2"},{"r":"196","t":"13:30:00","h":"Sud","s":"25N-H60N000S-80-S"},{"r":"196","t":"13:30:00","h":"Sud","s":"25N-H60N000S-98-S"},{"r":"196","t":"13:30:00","h":"Sud","s":"25N-H60NV10S-98-S"},{"r":"196","t":"13:30:00","h":"Sud","s":"25N-H60NV20S-98-S"},{"r":"196","t":"13:30:00","h":"Sud","s":"25S-H60S000S-80-S"},{"r":"196","t":"13:41:00","h":"Sud","s":"25N-H60N100F-81-F1"},{"r":"196","t":"13:41:00","h":"Sud","s":"25N-H60N200F-81-F2"},{"r":"196","t":"13:41:00","h":"Sud","s":"25N-H60N300F-82-F3"},{"r":"196","t":"13:41:00","h":"Sud","s":"25N-H60N400F-81-F4"},{"r":"196","t":"13:41:00","h":"Sud","s":"25S-H60S100F-82-F1"},{"r":"196","t":"13:41:00","h":"Sud","s":"25S-H60S200F-81-F2"},{"r":"196","t":"13:50:00","h":"Sud","s":"25N-H60N000S-80-S"},{"r":"196","t":"13:50:00","h":"Sud","s":"25N-H60N000S-98-S"},{"r":"196","t":"13:50:00","h":"Sud","s":"25N-H60NV10S-98-S"},{"r":"196","t":"13:50:00","h":"Sud","s":"25N-H60NV20S-98-S"},{"r":"196","t":"13:50:00","h":"Sud","s":"25S-H60S000S-80-S"},{"r":"196","t":"14:10:00","h":"Sud","s":"25N-H60N000S-80-S"},{"r":"196","t":"14:10:00","h":"Sud","s":"25N-H60N000S-98-S"},{"r":"196","t":"14:10:00","h":"Sud","s":"25N-H60NV10S-98-S"},{"r":"196","t":"14:10:00","h":"Sud","s":"25N-H60NV20S-98-S"},{"r":"196","t":"14:10:00","h":"Sud","s":"25S-H60S000S-80-S"},{"r":"196","t":"14:11:00","h":"Sud","s":"25N-H60N100F-81-F1"},{"r":"196","t":"14:11:00","h":"Sud","s":"25N-H60N200F-81-F2"},{"r":"196","t":"14:11:00","h":"Sud","s":"25N-H60N300F-82-F3"},{"r":"196","t":"14:11:00","h":"Sud","s":"25N-H60N400F-81-F4"},{"r":"196","t":"14:11:00","h":"Sud","s":"25S-H60S100F-82-F1"},{"r":"196","t":"14:11:00","h":"Sud","s":"25S-H60S200F-81-F2"},{"r":"196","t":"14:31:00","h":"Sud","s":"25N-H60N000S-80-S"},{"r":"196","t":"14:31:00","h":"Sud","s":"25N-H60N000S-98-S"},{"r":"196","t":"14:31:00","h":"Sud","s":"25N-H60NV10S-98-S"},{"r":"196","t":"14:31:00","h":"Sud","s":"25N-H60NV20S-98-S"},{"r":"196","t":"14:31:00","h":"Sud","s":"25S-H60S000S-80-S"},{"r":"196","t":"14:42:00","h":"Sud","s":"25N-H60N100F-81-F1"},{"r":"196","t":"14:42:00","h":"Sud","s":"25N-H60N200F-81-F2"},{"r":"196","t":"14:42:00","h":"Sud","s":"25N-H60N300F-82-F3"},{"r":"196","t":"14:42:00","h":"Sud","s":"25N-H60N400F-81-F4"},{"r":"196","t":"14:42:00","h":"Sud","s":"25S-H60S100F-82-F1"},{"r":"196","t":"14:42:00","h":"Sud","s":"25S-H60S200F-81-F2"},{"r":"196","t":"14:51:00","h":"Sud","s":"25N-H60N000S-80-S"},{"r":"196","t":"14:51:00","h":"Sud","s":"25N-H60N000S-98-S"},{"r":"196","t":"14:51:00","h":"Sud","s":"25N-H60NV10S-98-S"},{"r":"196","t":"14:51:00","h":"Sud","s":"25N-H60NV20S-98-S"},{"r":"196","t":"14:51:00","h":"Sud","s":"25S-H60S000S-80-S"},{"r":"196","t":"15:11:00","h":"Sud","s":"25N-H60N000S-80-S"},{"r":"196","t":"15:11:00","h":"Sud","s":"25N-H60N000S-98-S"},{"r":"196","t":"15:11:00","h":"Sud","s":"25N-H60NV10S-98-S"},{"r":"196","t":"15:11:00","h":"Sud","s":"25N-H60NV20S-98-S"},{"r":"196","t":"15:11:00","h":"Sud","s":"25S-H60S000S-80-S"},{"r":"196","t":"15:12:00","h":"Sud","s":"25N-H60N100F-81-F1"},{"r":"196","t":"15:12:00","h":"Sud","s":"25N-H60N200F-81-F2"},{"r":"196","t":"15:12:00","h":"Sud","s":"25N-H60N300F-82-F3"},{"r":"196","t":"15:12:00","h":"Sud","s":"25N-H60N400F-81-F4"},{"r":"196","t":"15:12:00","h":"Sud","s":"25S-H60S100F-82-F1"},{"r":"196","t":"15:12:00","h":"Sud","s":"25S-H60S200F-81-F2"},{"r":"196","t":"15:31:00","h":"Sud","s":"25N-H60N000S-80-S"},{"r":"196","t":"15:31:00","h":"Sud","s":"25N-H60N000S-98-S"},{"r":"196","t":"15:31:00","h":"Sud","s":"25N-H60NV10S-98-S"},{"r":"196","t":"15:31:00","h":"Sud","s":"25N-H60NV20S-98-S"},{"r":"196","t":"15:31:00","h":"Sud","s":"25S-H60S000S-80-S"},{"r":"196","t":"15:42:00","h":"Sud","s":"25N-H60N100F-81-F1"},{"r":"196","t":"15:42:00","h":"Sud","s":"25N-H60N200F-81-F2"},{"r":"196","t":"15:42:00","h":"Sud","s":"25N-H60N300F-82-F3"},{"r":"196","t":"15:42:00","h":"Sud","s":"25N-H60N400F-81-F4"},{"r":"196","t":"15:42:00","h":"Sud","s":"25S-H60S100F-82-F1"},{"r":"196","t":"15:42:00","h":"Sud","s":"25S-H60S200F-81-F2"},{"r":"196","t":"15:51:00","h":"Sud","s":"25N-H60N000S-80-S"},{"r":"196","t":"15:51:00","h":"Sud","s":"25N-H60N000S-98-S"},{"r":"196","t":"15:51:00","h":"Sud","s":"25N-H60NV10S-98-S"},{"r":"196","t":"15:51:00","h":"Sud","s":"25N-H60NV20S-98-S"},{"r":"196","t":"15:51:00","h":"Sud","s":"25S-H60S000S-80-S"},{"r":"196","t":"16:12:00","h":"Sud","s":"25N-H60N000S-80-S"},{"r":"196","t":"16:12:00","h":"Sud","s":"25N-H60N000S-98-S"},{"r":"196","t":"16:12:00","h":"Sud","s":"25N-H60N100F-81-F1"},{"r":"196","t":"16:12:00","h":"Sud","s":"25N-H60N200F-81-F2"},{"r":"196","t":"16:12:00","h":"Sud","s":"25N-H60N300F-82-F3"},{"r":"196","t":"16:12:00","h":"Sud","s":"25N-H60N400F-81-F4"},{"r":"196","t":"16:12:00","h":"Sud","s":"25N-H60NV10S-98-S"},{"r":"196","t":"16:12:00","h":"Sud","s":"25N-H60NV20S-98-S"},{"r":"196","t":"16:12:00","h":"Sud","s":"25S-H60S000S-80-S"},{"r":"196","t":"16:12:00","h":"Sud","s":"25S-H60S100F-82-F1"},{"r":"196","t":"16:12:00","h":"Sud","s":"25S-H60S200F-81-F2"},{"r":"196","t":"16:42:00","h":"Sud","s":"25N-H60N000S-80-S"},{"r":"196","t":"16:42:00","h":"Sud","s":"25N-H60N000S-98-S"},{"r":"196","t":"16:42:00","h":"Sud","s":"25N-H60N100F-81-F1"},{"r":"196","t":"16:42:00","h":"Sud","s":"25N-H60N200F-81-F2"},{"r":"196","t":"16:42:00","h":"Sud","s":"25N-H60N300F-82-F3"},{"r":"196","t":"16:42:00","h":"Sud","s":"25N-H60N400F-81-F4"},{"r":"196","t":"16:42:00","h":"Sud","s":"25N-H60NV10S-98-S"},{"r":"196","t":"16:42:00","h":"Sud","s":"25N-H60NV20S-98-S"},{"r":"196","t":"16:42:00","h":"Sud","s":"25S-H60S000S-80-S"},{"r":"196","t":"16:42:00","h":"Sud","s":"25S-H60S100F-82-F1"},{"r":"196","t":"16:42:00","h":"Sud","s":"25S-H60S200F-81-F2"},{"r":"196","t":"17:13:00","h":"Sud","s":"25N-H60N000S-80-S"},{"r":"196","t":"17:13:00","h":"Sud","s":"25N-H60N000S-98-S"},{"r":"196","t":"17:13:00","h":"Sud","s":"25N-H60N100F-81-F1"},{"r":"196","t":"17:13:00","h":"Sud","s":"25N-H60N200F-81-F2"},{"r":"196","t":"17:13:00","h":"Sud","s":"25N-H60N300F-82-F3"},{"r":"196","t":"17:13:00","h":"Sud","s":"25N-H60N400F-81-F4"},{"r":"196","t":"17:13:00","h":"Sud","s":"25N-H60NV10S-98-S"},{"r":"196","t":"17:13:00","h":"Sud","s":"25N-H60NV20S-98-S"},{"r":"196","t":"17:13:00","h":"Sud","s":"25S-H60S000S-80-S"},{"r":"196","t":"17:13:00","h":"Sud","s":"25S-H60S100F-82-F1"},{"r":"196","t":"17:13:00","h":"Sud","s":"25S-H60S200F-81-F2"},{"r":"196","t":"17:44:00","h":"Sud","s":"25N-H60N000S-80-S"},{"r":"196","t":"17:44:00","h":"Sud","s":"25N-H60N000S-98-S"},{"r":"196","t":"17:44:00","h":"Sud","s":"25N-H60N100F-81-F1"},{"r":"196","t":"17:44:00","h":"Sud","s":"25N-H60N200F-81-F2"},{"r":"196","t":"17:44:00","h":"Sud","s":"25N-H60N300F-82-F3"},{"r":"196","t":"17:44:00","h":"Sud","s":"25N-H60N400F-81-F4"},{"r":"196","t":"17:44:00","h":"Sud","s":"25N-H60NV10S-98-S"},{"r":"196","t":"17:44:00","h":"Sud","s":"25N-H60NV20S-98-S"},{"r":"196","t":"17:44:00","h":"Sud","s":"25S-H60S000S-80-S"},{"r":"196","t":"17:44:00","h":"Sud","s":"25S-H60S100F-82-F1"},{"r":"196","t":"17:44:00","h":"Sud","s":"25S-H60S200F-81-F2"},{"r":"196","t":"18:13:00","h":"Sud","s":"25N-H60N000S-80-S"},{"r":"196","t":"18:13:00","h":"Sud","s":"25N-H60N000S-98-S"},{"r":"196","t":"18:13:00","h":"Sud","s":"25N-H60N100F-81-F1"},{"r":"196","t":"18:13:00","h":"Sud","s":"25N-H60N200F-81-F2"},{"r":"196","t":"18:13:00","h":"Sud","s":"25N-H60N300F-82-F3"},{"r":"196","t":"18:13:00","h":"Sud","s":"25N-H60N400F-81-F4"},{"r":"196","t":"18:13:00","h":"Sud","s":"25N-H60NV10S-98-S"},{"r":"196","t":"18:13:00","h":"Sud","s":"25N-H60NV20S-98-S"},{"r":"196","t":"18:13:00","h":"Sud","s":"25S-H60S000S-80-S"},{"r":"196","t":"18:13:00","h":"Sud","s":"25S-H60S100F-82-F1"},{"r":"196","t":"18:13:00","h":"Sud","s":"25S-H60S200F-81-F2"},{"r":"196","t":"18:41:00","h":"Sud","s":"25N-H60N100F-81-F1"},{"r":"196","t":"18:41:00","h":"Sud","s":"25N-H60N200F-81-F2"},{"r":"196","t":"18:41:00","h":"Sud","s":"25N-H60N300F-82-F3"},{"r":"196","t":"18:41:00","h":"Sud","s":"25N-H60N400F-81-F4"},{"r":"196","t":"18:41:00","h":"Sud","s":"25S-H60S100F-82-F1"},{"r":"196","t":"18:41:00","h":"Sud","s":"25S-H60S200F-81-F2"},{"r":"196","t":"18:42:00","h":"Sud","s":"25N-H60N000S-80-S"},{"r":"196","t":"18:42:00","h":"Sud","s":"25N-H60N000S-98-S"},{"r":"196","t":"18:42:00","h":"Sud","s":"25N-H60NV10S-98-S"},{"r":"196","t":"18:42:00","h":"Sud","s":"25N-H60NV20S-98-S"},{"r":"196","t":"18:42:00","h":"Sud","s":"25S-H60S000S-80-S"},{"r":"196","t":"19:09:00","h":"Sud","s":"25N-H60N000S-80-S"},{"r":"196","t":"19:09:00","h":"Sud","s":"25N-H60N000S-98-S"},{"r":"196","t":"19:09:00","h":"Sud","s":"25N-H60N100F-81-F1"},{"r":"196","t":"19:09:00","h":"Sud","s":"25N-H60N200F-81-F2"},{"r":"196","t":"19:09:00","h":"Sud","s":"25N-H60N300F-82-F3"},{"r":"196","t":"19:09:00","h":"Sud","s":"25N-H60N400F-81-F4"},{"r":"196","t":"19:09:00","h":"Sud","s":"25N-H60NV10S-98-S"},{"r":"196","t":"19:09:00","h":"Sud","s":"25N-H60NV20S-98-S"},{"r":"196","t":"19:09:00","h":"Sud","s":"25S-H60S000S-80-S"},{"r":"196","t":"19:09:00","h":"Sud","s":"25S-H60S100F-82-F1"},{"r":"196","t":"19:09:00","h":"Sud","s":"25S-H60S200F-81-F2"},{"r":"196","t":"19:29:00","h":"Sud","s":"25N-H60N000S-80-S"},{"r":"196","t":"19:29:00","h":"Sud","s":"25N-H60N000S-98-S"},{"r":"196","t":"19:29:00","h":"Sud","s":"25N-H60N100F-81-F1"},{"r":"196","t":"19:29:00","h":"Sud","s":"25N-H60N200F-81-F2"},{"r":"196","t":"19:29:00","h":"Sud","s":"25N-H60N300F-82-F3"},{"r":"196","t":"19:29:00","h":"Sud","s":"25N-H60N400F-81-F4"},{"r":"196","t":"19:29:00","h":"Sud","s":"25N-H60NV10S-98-S"},{"r":"196","t":"19:29:00","h":"Sud","s":"25N-H60NV20S-98-S"},{"r":"196","t":"19:29:00","h":"Sud","s":"25S-H60S000S-80-S"},{"r":"196","t":"19:29:00","h":"Sud","s":"25S-H60S100F-82-F1"},{"r":"196","t":"19:29:00","h":"Sud","s":"25S-H60S200F-81-F2"}]