[{"r":"356","t":"26:04:15","h":"Est","s":"25N-H56N000A-80-A"},{"r":"356","t":"26:04:15","h":"Est","s":"25N-H56NV10A-80-A"},{"r":"356","t":"26:04:15","h":"Est","s":"25N-H56NV20A-80-A"},{"r":"356","t":"26:04:15","h":"Est","s":"25S-H56S000A-80-A"},{"r":"356","t":"26:15:15","h":"Est","s":"25N-H56N000I-80-I"},{"r":"356","t":"26:15:15","h":"Est","s":"25N-H56N100F-80-F1"},{"r":"356","t":"26:15:15","h":"Est","s":"25N-H56N200F-80-F2"},{"r":"356","t":"26:15:15","h":"Est","s":"25N-H56N300F-80-F3"},{"r":"356","t":"26:15:15","h":"Est","s":"25N-H56N400F-80-F4"},{"r":"356","t":"26:15:15","h":"Est","s":"25N-H56NV10I-80-I"},{"r":"356","t":"26:15:15","h":"Est","s":"25N-H56NV20I-80-I"},{"r":"356","t":"26:15:15","h":"Est","s":"25S-H56S000I-80-I"},{"r":"356","t":"26:15:15","h":"Est","s":"25S-H56S100F-80-F1"},{"r":"356","t":"26:15:15","h":"Est","s":"25S-H56S200F-81-F2"},{"r":"356","t":"26:17:15","h":"Est","s":"25N-H56N000S-80-S"},{"r":"356","t":"26:17:15","h":"Est","s":"25N-H56NV10S-80-S"},{"r":"356","t":"26:17:15","h":"Est","s":"25N-H56NV20S-80-S"},{"r":"356","t":"26:17:15","h":"Est","s":"25S-H56S000S-80-S"},{"r":"356","t":"26:47:15","h":"Est","s":"25N-H56N000A-80-A"},{"r":"356","t":"26:47:15","h":"Est","s":"25N-H56NV10A-80-A"},{"r":"356","t":"26:47:15","h":"Est","s":"25N-H56NV20A-80-A"},{"r":"356","t":"26:47:15","h":"Est","s":"25S-H56S000A-80-A"},{"r":"356","t":"26:50:15","h":"Est","s":"25N-H56N000S-80-S"},{"r":"356","t":"26:50:15","h":"Est","s":"25N-H56NV10S-80-S"},{"r":"356","t":"26:50:15","h":"Est","s":"25N-H56NV20S-80-S"},{"r":"356","t":"26:50:15","h":"Est","s":"25S-H56S000S-80-S"},{"r":"356","t":"26:54:15","h":"Est","s":"25N-H56N000I-80-I"},{"r":"356","t":"26:54:15","h":"Est","s":"25N-H56N100F-80-F1"},{"r":"356","t":"26:54:15","h":"Est","s":"25N-H56N200F-80-F2"},{"r":"356","t":"26:54:15","h":"Est","s":"25N-H56N300F-80-F3"},{"r":"356","t":"26:54:15","h":"Est","s":"25N-H56N400F-80-F4"},{"r":"356","t":"26:54:15","h":"Est","s":"25N-H56NV10I-80-I"},{"r":"356","t":"26:54:15","h":"Est","s":"25N-H56NV20I-80-I"},{"r":"356","t":"26:54:15","h":"Est","s":"25S-H56S000I-80-I"},{"r":"356","t":"26:54:15","h":"Est","s":"25S-H56S100F-80-F1"},{"r":"356","t":"26:54:15","h":"Est","s":"25S-H56S200F-81-F2"},{"r":"356","t":"27:24:15","h":"Est","s":"25N-H56N000S-80-S"},{"r":"356","t":"27:24:15","h":"Est","s":"25N-H56NV10S-80-S"},{"r":"356","t":"27:24:15","h":"Est","s":"25N-H56NV20S-80-S"},{"r":"356","t":"27:24:15","h":"Est","s":"25S-H56S000S-80-S"},{"r":"356","t":"27:32:15","h":"Est","s":"25N-H56N000I-80-I"},{"r":"356","t":"27:32:15","h":"Est","s":"25N-H56N100F-80-F1"},{"r":"356","t":"27:32:15","h":"Est","s":"25N-H56N200F-80-F2"},{"r":"356","t":"27:32:15","h":"Est","s":"25N-H56N300F-80-F3"},{"r":"356","t":"27:32:15","h":"Est","s":"25N-H56N400F-80-F4"},{"r":"356","t":"27:32:15","h":"Est","s":"25N-H56NV10I-80-I"},{"r":"356","t":"27:32:15","h":"Est","s":"25N-H56NV20I-80-I"},{"r":"356","t":"27:32:15","h":"Est","s":"25S-H56S000I-80-I"},{"r":"356","t":"27:32:15","h":"Est","s":"25S-H56S100F-80-F1"},{"r":"356","t":"27:32:15","h":"Est","s":"25S-H56S200F-81-F2"},{"r":"356","t":"27:39:21","h":"Est","s":"25N-H56N000A-80-A"},{"r":"356","t":"27:39:21","h":"Est","s":"25N-H56NV10A-80-A"},{"r":"356","t":"27:39:21","h":"Est","s":"25N-H56NV20A-80-A"},{"r":"356","t":"27:39:21","h":"Est","s":"25S-H56S000A-80-A"},{"r":"356","t":"28:03:15","h":"Est","s":"25N-H56N000S-80-S"},{"r":"356","t":"28:03:15","h":"Est","s":"25N-H56NV10S-80-S"},{"r":"356","t":"28:03:15","h":"Est","s":"25N-H56NV20S-80-S"},{"r":"356","t":"28:03:15","h":"Est","s":"25S-H56S000S-80-S"},{"r":"356","t":"28:10:15","h":"Est","s":"25N-H56N000I-80-I"},{"r":"356","t":"28:10:15","h":"Est","s":"25N-H56N100F-80-F1"},{"r":"356","t":"28:10:15","h":"Est","s":"25N-H56N200F-80-F2"},{"r":"356","t":"28:10:15","h":"Est","s":"25N-H56N300F-80-F3"},{"r":"356","t":"28:10:15","h":"Est","s":"25N-H56N400F-80-F4"},{"r":"356","t":"28:10:15","h":"Est","s":"25N-H56NV10I-80-I"},{"r":"356","t":"28:10:15","h":"Est","s":"25N-H56NV20I-80-I"},{"r":"356","t":"28:10:15","h":"Est","s":"25S-H56S000I-80-I"},{"r":"356","t":"28:10:15","h":"Est","s":"25S-H56S100F-80-F1"},{"r":"356","t":"28:10:15","h":"Est","s":"25S-H56S200F-81-F2"},{"r":"356","t":"28:30:21","h":"Est","s":"25N-H56N000A-80-A"},{"r":"356","t":"28:30:21","h":"Est","s":"25N-H56NV10A-80-A"},{"r":"356","t":"28:30:21","h":"Est","s":"25N-H56NV20A-80-A"},{"r":"356","t":"28:30:21","h":"Est","s":"25S-H56S000A-80-A"},{"r":"356","t":"28:43:15","h":"Est","s":"25N-H56N000S-80-S"},{"r":"356","t":"28:43:15","h":"Est","s":"25N-H56NV10S-80-S"},{"r":"356","t":"28:43:15","h":"Est","s":"25N-H56NV20S-80-S"},{"r":"356","t":"28:43:15","h":"Est","s":"25S-H56S000S-80-S"},{"r":"356","t":"28:49:15","h":"Est","s":"25N-H56N000I-80-I"},{"r":"356","t":"28:49:15","h":"Est","s":"25N-H56N100F-80-F1"},{"r":"356","t":"28:49:15","h":"Est","s":"25N-H56N200F-80-F2"},{"r":"356","t":"28:49:15","h":"Est","s":"25N-H56N300F-80-F3"},{"r":"356","t":"28:49:15","h":"Est","s":"25N-H56N400F-80-F4"},{"r":"356","t":"28:49:15","h":"Est","s":"25N-H56NV10I-80-I"},{"r":"356","t":"28:49:15","h":"Est","s":"25N-H56NV20I-80-I"},{"r":"356","t":"28:49:15","h":"Est","s":"25S-H56S000I-80-I"},{"r":"356","t":"28:49:15","h":"Est","s":"25S-H56S100F-80-F1"},{"r":"356","t":"28:49:15","h":"Est","s":"25S-H56S200F-81-F2"},{"r":"356","t":"29:13:21","h":"Est","s":"25N-H56N000A-80-A"},{"r":"356","t":"29:13:21","h":"Est","s":"25N-H56NV10A-80-A"},{"r":"356","t":"29:13:21","h":"Est","s":"25N-H56NV20A-80-A"},{"r":"356","t":"29:13:21","h":"Est","s":"25S-H56S000A-80-A"},{"r":"356","t":"29:27:15","h":"Est","s":"25N-H56N000I-80-I"},{"r":"356","t":"29:27:15","h":"Est","s":"25N-H56N100F-80-F1"},{"r":"356","t":"29:27:15","h":"Est","s":"25N-H56N200F-80-F2"},{"r":"356","t":"29:27:15","h":"Est","s":"25N-H56N300F-80-F3"},{"r":"356","t":"29:27:15","h":"Est","s":"25N-H56N400F-80-F4"},{"r":"356","t":"29:27:15","h":"Est","s":"25N-H56NV10I-80-I"},{"r":"356","t":"29:27:15","h":"Est","s":"25N-H56NV20I-80-I"},{"r":"356","t":"29:27:15","h":"Est","s":"25S-H56S000I-80-I"},{"r":"356","t":"29:27:15","h":"Est","s":"25S-H56S100F-80-F1"},{"r":"356","t":"29:27:15","h":"Est","s":"25S-H56S200F-81-F2"},{"r":"356","t":"29:30:15","h":"Est","s":"25N-H56N000S-80-S"},{"r":"356","t":"29:30:15","h":"Est","s":"25N-H56NV10S-80-S"},{"r":"356","t":"29:30:15","h":"Est","s":"25N-H56NV20S-80-S"},{"r":"356","t":"29:30:15","h":"Est","s":"25S-H56S000S-80-S"}]