[{"r":"198","t":"04:31:36","h":"Est","s":"25N-H56N000A-80-A"},{"r":"198","t":"04:31:36","h":"Est","s":"25N-H56NV10A-80-A"},{"r":"198","t":"04:31:36","h":"Est","s":"25N-H56NV20A-80-A"},{"r":"198","t":"04:31:36","h":"Est","s":"25S-H56S000A-80-A"},{"r":"198","t":"04:31:48","h":"Est","s":"25N-H56N000I-80-I"},{"r":"198","t":"04:31:48","h":"Est","s":"25N-H56N100F-80-F1"},{"r":"198","t":"04:31:48","h":"Est","s":"25N-H56N200F-80-F2"},{"r":"198","t":"04:31:48","h":"Est","s":"25N-H56N300F-80-F3"},{"r":"198","t":"04:31:48","h":"Est","s":"25N-H56N400F-80-F4"},{"r":"198","t":"04:31:48","h":"Est","s":"25N-H56NV10I-80-I"},{"r":"198","t":"04:31:48","h":"Est","s":"25N-H56NV20I-80-I"},{"r":"198","t":"04:31:48","h":"Est","s":"25S-H56S000I-80-I"},{"r":"198","t":"04:31:48","h":"Est","s":"25S-H56S100F-80-F1"},{"r":"198","t":"04:31:48","h":"Est","s":"25S-H56S200F-81-F2"},{"r":"198","t":"05:03:36","h":"Est","s":"25N-H56N000A-80-A"},{"r":"198","t":"05:03:36","h":"Est","s":"25N-H56NV10A-80-A"},{"r":"198","t":"05:03:36","h":"Est","s":"25N-H56NV20A-80-A"},{"r":"198","t":"05:03:36","h":"Est","s":"25S-H56S000A-80-A"},{"r":"198","t":"05:03:48","h":"Est","s":"25N-H56N000I-80-I"},{"r":"198","t":"05:03:48","h":"Est","s":"25N-H56N100F-80-F1"},{"r":"198","t":"05:03:48","h":"Est","s":"25N-H56N200F-80-F2"},{"r":"198","t":"05:03:48","h":"Est","s":"25N-H56N300F-80-F3"},{"r":"198","t":"05:03:48","h":"Est","s":"25N-H56N400F-80-F4"},{"r":"198","t":"05:03:48","h":"Est","s":"25N-H56NV10I-80-I"},{"r":"198","t":"05:03:48","h":"Est","s":"25N-H56NV20I-80-I"},{"r":"198","t":"05:03:48","h":"Est","s":"25S-H56S000I-80-I"},{"r":"198","t":"05:03:48","h":"Est","s":"25S-H56S100F-80-F1"},{"r":"198","t":"05:03:48","h":"Est","s":"25S-H56S200F-81-F2"},{"r":"198","t":"05:05:36","h":"Est","s":"25N-H56N000S-80-S"},{"r":"198","t":"05:05:36","h":"Est","s":"25N-H56NV10S-80-S"},{"r":"198","t":"05:05:36","h":"Est","s":"25N-H56NV20S-80-S"},{"r":"198","t":"05:05:36","h":"Est","s":"25S-H56S000S-80-S"},{"r":"198","t":"05:35:36","h":"Est","s":"25N-H56N000A-80-A"},{"r":"198","t":"05:35:36","h":"Est","s":"25N-H56N000S-80-S"},{"r":"198","t":"05:35:36","h":"Est","s":"25N-H56NV10A-80-A"},{"r":"198","t":"05:35:36","h":"Est","s":"25N-H56NV10S-80-S"},{"r":"198","t":"05:35:36","h":"Est","s":"25N-H56NV20A-80-A"},{"r":"198","t":"05:35:36","h":"Est","s":"25N-H56NV20S-80-S"},{"r":"198","t":"05:35:36","h":"Est","s":"25S-H56S000A-80-A"},{"r":"198","t":"05:35:36","h":"Est","s":"25S-H56S000S-80-S"},{"r":"198","t":"05:36:48","h":"Est","s":"25N-H56N000I-80-I"},{"r":"198","t":"05:36:48","h":"Est","s":"25N-H56N100F-80-F1"},{"r":"198","t":"05:36:48","h":"Est","s":"25N-H56N200F-80-F2"},{"r":"198","t":"05:36:48","h":"Est","s":"25N-H56N300F-80-F3"},{"r":"198","t":"05:36:48","h":"Est","s":"25N-H56N400F-80-F4"},{"r":"198","t":"05:36:48","h":"Est","s":"25N-H56NV10I-80-I"},{"r":"198","t":"05:36:48","h":"Est","s":"25N-H56NV20I-80-I"},{"r":"198","t":"05:36:48","h":"Est","s":"25S-H56S000I-80-I"},{"r":"198","t":"05:36:48","h":"Est","s":"25S-H56S100F-80-F1"},{"r":"198","t":"05:36:48","h":"Est","s":"25S-H56S200F-81-F2"},{"r":"198","t":"06:04:24","h":"Est","s":"25N-H56N000S-80-S"},{"r":"198","t":"06:04:24","h":"Est","s":"25N-H56NV10S-80-S"},{"r":"198","t":"06:04:24","h":"Est","s":"25N-H56NV20S-80-S"},{"r":"198","t":"06:04:24","h":"Est","s":"25S-H56S000S-80-S"},{"r":"198","t":"06:08:36","h":"Est","s":"25N-H56N000A-80-A"},{"r":"198","t":"06:08:36","h":"Est","s":"25N-H56NV10A-80-A"},{"r":"198","t":"06:08:36","h":"Est","s":"25N-H56NV20A-80-A"},{"r":"198","t":"06:08:36","h":"Est","s":"25S-H56S000A-80-A"},{"r":"198","t":"06:09:48","h":"Est","s":"25N-H56N000I-80-I"},{"r":"198","t":"06:09:48","h":"Est","s":"25N-H56N100F-80-F1"},{"r":"198","t":"06:09:48","h":"Est","s":"25N-H56N200F-80-F2"},{"r":"198","t":"06:09:48","h":"Est","s":"25N-H56N300F-80-F3"},{"r":"198","t":"06:09:48","h":"Est","s":"25N-H56N400F-80-F4"},{"r":"198","t":"06:09:48","h":"Est","s":"25N-H56NV10I-80-I"},{"r":"198","t":"06:09:48","h":"Est","s":"25N-H56NV20I-80-I"},{"r":"198","t":"06:09:48","h":"Est","s":"25S-H56S000I-80-I"},{"r":"198","t":"06:09:48","h":"Est","s":"25S-H56S100F-80-F1"},{"r":"198","t":"06:09:48","h":"Est","s":"25S-H56S200F-81-F2"},{"r":"198","t":"06:24:12","h":"Est","s":"25N-H56N000S-80-S"},{"r":"198","t":"06:24:12","h":"Est","s":"25N-H56NV10S-80-S"},{"r":"198","t":"06:24:12","h":"Est","s":"25N-H56NV20S-80-S"},{"r":"198","t":"06:24:12","h":"Est","s":"25S-H56S000S-80-S"},{"r":"198","t":"06:40:36","h":"Est","s":"25N-H56N000A-80-A"},{"r":"198","t":"06:40:36","h":"Est","s":"25N-H56NV10A-80-A"},{"r":"198","t":"06:40:36","h":"Est","s":"25N-H56NV20A-80-A"},{"r":"198","t":"06:40:36","h":"Est","s":"25S-H56S000A-80-A"},{"r":"198","t":"06:41:12","h":"Est","s":"25N-H56N000S-80-S"},{"r":"198","t":"06:41:12","h":"Est","s":"25N-H56NV10S-80-S"},{"r":"198","t":"06:41:12","h":"Est","s":"25N-H56NV20S-80-S"},{"r":"198","t":"06:41:12","h":"Est","s":"25S-H56S000S-80-S"},{"r":"198","t":"06:42:36","h":"Est","s":"25N-H56N000I-80-I"},{"r":"198","t":"06:42:36","h":"Est","s":"25N-H56N100F-80-F1"},{"r":"198","t":"06:42:36","h":"Est","s":"25N-H56N200F-80-F2"},{"r":"198","t":"06:42:36","h":"Est","s":"25N-H56N300F-80-F3"},{"r":"198","t":"06:42:36","h":"Est","s":"25N-H56N400F-80-F4"},{"r":"198","t":"06:42:36","h":"Est","s":"25N-H56NV10I-80-I"},{"r":"198","t":"06:42:36","h":"Est","s":"25N-H56NV20I-80-I"},{"r":"198","t":"06:42:36","h":"Est","s":"25S-H56S000I-80-I"},{"r":"198","t":"06:42:36","h":"Est","s":"25S-H56S100F-80-F1"},{"r":"198","t":"06:42:36","h":"Est","s":"25S-H56S200F-81-F2"},{"r":"198","t":"06:56:12","h":"Est","s":"25N-H56N000S-80-S"},{"r":"198","t":"06:56:12","h":"Est","s":"25N-H56NV10S-80-S"},{"r":"198","t":"06:56:12","h":"Est","s":"25N-H56NV20S-80-S"},{"r":"198","t":"06:56:12","h":"Est","s":"25S-H56S000S-80-S"},{"r":"198","t":"07:12:36","h":"Est","s":"25N-H56N000A-80-A"},{"r":"198","t":"07:12:36","h":"Est","s":"25N-H56NV10A-80-A"},{"r":"198","t":"07:12:36","h":"Est","s":"25N-H56NV20A-80-A"},{"r":"198","t":"07:12:36","h":"Est","s":"25S-H56S000A-80-A"},{"r":"198","t":"07:13:36","h":"Est","s":"25N-H56N000I-80-I"},{"r":"198","t":"07:13:36","h":"Est","s":"25N-H56N100F-80-F1"},{"r":"198","t":"07:13:36","h":"Est","s":"25N-H56N200F-80-F2"},{"r":"198","t":"07:13:36","h":"Est","s":"25N-H56N300F-80-F3"},{"r":"198","t":"07:13:36","h":"Est","s":"25N-H56N400F-80-F4"},{"r":"198","t":"07:13:36","h":"Est","s":"25N-H56NV10I-80-I"},{"r":"198","t":"07:13:36","h":"Est","s":"25N-H56NV20I-80-I"},{"r":"198","t":"07:13:36","h":"Est","s":"25S-H56S000I-80-I"},{"r":"198","t":"07:13:36","h":"Est","s":"25S-H56S100F-80-F1"},{"r":"198","t":"07:13:36","h":"Est","s":"25S-H56S200F-81-F2"},{"r":"198","t":"07:27:12","h":"Est","s":"25N-H56N000S-80-S"},{"r":"198","t":"07:27:12","h":"Est","s":"25N-H56NV10S-80-S"},{"r":"198","t":"07:27:12","h":"Est","s":"25N-H56NV20S-80-S"},{"r":"198","t":"07:27:12","h":"Est","s":"25S-H56S000S-80-S"},{"r":"198","t":"07:40:12","h":"Est","s":"25N-H56N000S-80-S"},{"r":"198","t":"07:40:12","h":"Est","s":"25N-H56NV10S-80-S"},{"r":"198","t":"07:40:12","h":"Est","s":"25N-H56NV20S-80-S"},{"r":"198","t":"07:40:12","h":"Est","s":"25S-H56S000S-80-S"},{"r":"198","t":"07:44:36","h":"Est","s":"25N-H56N000I-80-I"},{"r":"198","t":"07:44:36","h":"Est","s":"25N-H56N100F-80-F1"},{"r":"198","t":"07:44:36","h":"Est","s":"25N-H56N200F-80-F2"},{"r":"198","t":"07:44:36","h":"Est","s":"25N-H56N300F-80-F3"},{"r":"198","t":"07:44:36","h":"Est","s":"25N-H56N400F-80-F4"},{"r":"198","t":"07:44:36","h":"Est","s":"25N-H56NV10I-80-I"},{"r":"198","t":"07:44:36","h":"Est","s":"25N-H56NV20I-80-I"},{"r":"198","t":"07:44:36","h":"Est","s":"25S-H56S000I-80-I"},{"r":"198","t":"07:44:36","h":"Est","s":"25S-H56S100F-80-F1"},{"r":"198","t":"07:44:36","h":"Est","s":"25S-H56S200F-81-F2"},{"r":"198","t":"07:45:24","h":"Est","s":"25N-H56N000A-80-A"},{"r":"198","t":"07:45:24","h":"Est","s":"25N-H56NV10A-80-A"},{"r":"198","t":"07:45:24","h":"Est","s":"25N-H56NV20A-80-A"},{"r":"198","t":"07:45:24","h":"Est","s":"25S-H56S000A-80-A"},{"r":"198","t":"07:53:12","h":"Est","s":"25N-H56N000S-80-S"},{"r":"198","t":"07:53:12","h":"Est","s":"25N-H56NV10S-80-S"},{"r":"198","t":"07:53:12","h":"Est","s":"25N-H56NV20S-80-S"},{"r":"198","t":"07:53:12","h":"Est","s":"25S-H56S000S-80-S"},{"r":"198","t":"08:06:12","h":"Est","s":"25N-H56N000S-80-S"},{"r":"198","t":"08:06:12","h":"Est","s":"25N-H56NV10S-80-S"},{"r":"198","t":"08:06:12","h":"Est","s":"25N-H56NV20S-80-S"},{"r":"198","t":"08:06:12","h":"Est","s":"25S-H56S000S-80-S"},{"r":"198","t":"08:15:36","h":"Est","s":"25N-H56N000I-80-I"},{"r":"198","t":"08:15:36","h":"Est","s":"25N-H56N100F-80-F1"},{"r":"198","t":"08:15:36","h":"Est","s":"25N-H56N200F-80-F2"},{"r":"198","t":"08:15:36","h":"Est","s":"25N-H56N300F-80-F3"},{"r":"198","t":"08:15:36","h":"Est","s":"25N-H56N400F-80-F4"},{"r":"198","t":"08:15:36","h":"Est","s":"25N-H56NV10I-80-I"},{"r":"198","t":"08:15:36","h":"Est","s":"25N-H56NV20I-80-I"},{"r":"198","t":"08:15:36","h":"Est","s":"25S-H56S000I-80-I"},{"r":"198","t":"08:15:36","h":"Est","s":"25S-H56S100F-80-F1"},{"r":"198","t":"08:15:36","h":"Est","s":"25S-H56S200F-81-F2"},{"r":"198","t":"08:17:24","h":"Est","s":"25N-H56N000A-80-A"},{"r":"198","t":"08:17:24","h":"Est","s":"25N-H56NV10A-80-A"},{"r":"198","t":"08:17:24","h":"Est","s":"25N-H56NV20A-80-A"},{"r":"198","t":"08:17:24","h":"Est","s":"25S-H56S000A-80-A"},{"r":"198","t":"08:20:12","h":"Est","s":"25N-H56N000S-80-S"},{"r":"198","t":"08:20:12","h":"Est","s":"25N-H56NV10S-80-S"},{"r":"198","t":"08:20:12","h":"Est","s":"25N-H56NV20S-80-S"},{"r":"198","t":"08:20:12","h":"Est","s":"25S-H56S000S-80-S"},{"r":"198","t":"08:35:12","h":"Est","s":"25N-H56N000S-80-S"},{"r":"198","t":"08:35:12","h":"Est","s":"25N-H56NV10S-80-S"},{"r":"198","t":"08:35:12","h":"Est","s":"25N-H56NV20S-80-S"},{"r":"198","t":"08:35:12","h":"Est","s":"25S-H56S000S-80-S"},{"r":"198","t":"08:46:36","h":"Est","s":"25N-H56N000I-80-I"},{"r":"198","t":"08:46:36","h":"Est","s":"25N-H56N100F-80-F1"},{"r":"198","t":"08:46:36","h":"Est","s":"25N-H56N200F-80-F2"},{"r":"198","t":"08:46:36","h":"Est","s":"25N-H56N300F-80-F3"},{"r":"198","t":"08:46:36","h":"Est","s":"25N-H56N400F-80-F4"},{"r":"198","t":"08:46:36","h":"Est","s":"25N-H56NV10I-80-I"},{"r":"198","t":"08:46:36","h":"Est","s":"25N-H56NV20I-80-I"},{"r":"198","t":"08:46:36","h":"Est","s":"25S-H56S000I-80-I"},{"r":"198","t":"08:46:36","h":"Est","s":"25S-H56S100F-80-F1"},{"r":"198","t":"08:46:36","h":"Est","s":"25S-H56S200F-81-F2"},{"r":"198","t":"08:48:24","h":"Est","s":"25N-H56N000A-80-A"},{"r":"198","t":"08:48:24","h":"Est","s":"25N-H56NV10A-80-A"},{"r":"198","t":"08:48:24","h":"Est","s":"25N-H56NV20A-80-A"},{"r":"198","t":"08:48:24","h":"Est","s":"25S-H56S000A-80-A"},{"r":"198","t":"08:56:12","h":"Est","s":"25N-H56N000S-80-S"},{"r":"198","t":"08:56:12","h":"Est","s":"25N-H56NV10S-80-S"},{"r":"198","t":"08:56:12","h":"Est","s":"25N-H56NV20S-80-S"},{"r":"198","t":"08:56:12","h":"Est","s":"25S-H56S000S-80-S"},{"r":"198","t":"09:17:36","h":"Est","s":"25N-H56N000I-80-I"},{"r":"198","t":"09:17:36","h":"Est","s":"25N-H56N100F-80-F1"},{"r":"198","t":"09:17:36","h":"Est","s":"25N-H56N200F-80-F2"},{"r":"198","t":"09:17:36","h":"Est","s":"25N-H56N300F-80-F3"},{"r":"198","t":"09:17:36","h":"Est","s":"25N-H56N400F-80-F4"},{"r":"198","t":"09:17:36","h":"Est","s":"25N-H56NV10I-80-I"},{"r":"198","t":"09:17:36","h":"Est","s":"25N-H56NV20I-80-I"},{"r":"198","t":"09:17:36","h":"Est","s":"25S-H56S000I-80-I"},{"r":"198","t":"09:17:36","h":"Est","s":"25S-H56S100F-80-F1"},{"r":"198","t":"09:17:36","h":"Est","s":"25S-H56S200F-81-F2"},{"r":"198","t":"09:18:24","h":"Est","s":"25N-H56N000A-80-A"},{"r":"198","t":"09:18:24","h":"Est","s":"25N-H56NV10A-80-A"},{"r":"198","t":"09:18:24","h":"Est","s":"25N-H56NV20A-80-A"},{"r":"198","t":"09:18:24","h":"Est","s":"25S-H56S000A-80-A"},{"r":"198","t":"09:21:12","h":"Est","s":"25N-H56N000S-80-S"},{"r":"198","t":"09:21:12","h":"Est","s":"25N-H56NV10S-80-S"},{"r":"198","t":"09:21:12","h":"Est","s":"25N-H56NV20S-80-S"},{"r":"198","t":"09:21:12","h":"Est","s":"25S-H56S000S-80-S"},{"r":"198","t":"09:44:24","h":"Est","s":"25N-H56N000A-80-A"},{"r":"198","t":"09:44:24","h":"Est","s":"25N-H56NV10A-80-A"},{"r":"198","t":"09:44:24","h":"Est","s":"25N-H56NV20A-80-A"},{"r":"198","t":"09:44:24","h":"Est","s":"25S-H56S000A-80-A"},{"r":"198","t":"09:48:24","h":"Est","s":"25N-H56N000I-80-I"},{"r":"198","t":"09:48:24","h":"Est","s":"25N-H56N100F-80-F1"},{"r":"198","t":"09:48:24","h":"Est","s":"25N-H56N200F-80-F2"},{"r":"198","t":"09:48:24","h":"Est","s":"25N-H56N300F-80-F3"},{"r":"198","t":"09:48:24","h":"Est","s":"25N-H56N400F-80-F4"},{"r":"198","t":"09:48:24","h":"Est","s":"25N-H56NV10I-80-I"},{"r":"198","t":"09:48:24","h":"Est","s":"25N-H56NV20I-80-I"},{"r":"198","t":"09:48:24","h":"Est","s":"25S-H56S000I-80-I"},{"r":"198","t":"09:48:24","h":"Est","s":"25S-H56S100F-80-F1"},{"r":"198","t":"09:48:24","h":"Est","s":"25S-H56S200F-81-F2"},{"r":"198","t":"09:49:12","h":"Est","s":"25N-H56N000S-80-S"},{"r":"198","t":"09:49:12","h":"Est","s":"25N-H56NV10S-80-S"},{"r":"198","t":"09:49:12","h":"Est","s":"25N-H56NV20S-80-S"},{"r":"198","t":"09:49:12","h":"Est","s":"25S-H56S000S-80-S"},{"r":"198","t":"10:09:24","h":"Est","s":"25N-H56N000A-80-A"},{"r":"198","t":"10:09:24","h":"Est","s":"25N-H56NV10A-80-A"},{"r":"198","t":"10:09:24","h":"Est","s":"25N-H56NV20A-80-A"},{"r":"198","t":"10:09:24","h":"Est","s":"25S-H56S000A-80-A"},{"r":"198","t":"10:18:12","h":"Est","s":"25N-H56N000S-80-S"},{"r":"198","t":"10:18:12","h":"Est","s":"25N-H56NV10S-80-S"},{"r":"198","t":"10:18:12","h":"Est","s":"25N-H56NV20S-80-S"},{"r":"198","t":"10:18:12","h":"Est","s":"25S-H56S000S-80-S"},{"r":"198","t":"10:18:24","h":"Est","s":"25N-H56N000I-80-I"},{"r":"198","t":"10:18:24","h":"Est","s":"25N-H56N100F-80-F1"},{"r":"198","t":"10:18:24","h":"Est","s":"25N-H56N200F-80-F2"},{"r":"198","t":"10:18:24","h":"Est","s":"25N-H56N300F-80-F3"},{"r":"198","t":"10:18:24","h":"Est","s":"25N-H56N400F-80-F4"},{"r":"198","t":"10:18:24","h":"Est","s":"25N-H56NV10I-80-I"},{"r":"198","t":"10:18:24","h":"Est","s":"25N-H56NV20I-80-I"},{"r":"198","t":"10:18:24","h":"Est","s":"25S-H56S000I-80-I"},{"r":"198","t":"10:18:24","h":"Est","s":"25S-H56S100F-80-F1"},{"r":"198","t":"10:18:24","h":"Est","s":"25S-H56S200F-81-F2"},{"r":"198","t":"10:36:24","h":"Est","s":"25N-H56N000A-80-A"},{"r":"198","t":"10:36:24","h":"Est","s":"25N-H56NV10A-80-A"},{"r":"198","t":"10:36:24","h":"Est","s":"25N-H56NV20A-80-A"},{"r":"198","t":"10:36:24","h":"Est","s":"25S-H56S000A-80-A"},{"r":"198","t":"10:42:24","h":"Est","s":"25N-H56N000I-80-I"},{"r":"198","t":"10:42:24","h":"Est","s":"25N-H56N100F-80-F1"},{"r":"198","t":"10:42:24","h":"Est","s":"25N-H56N200F-80-F2"},{"r":"198","t":"10:42:24","h":"Est","s":"25N-H56N300F-80-F3"},{"r":"198","t":"10:42:24","h":"Est","s":"25N-H56N400F-80-F4"},{"r":"198","t":"10:42:24","h":"Est","s":"25N-H56NV10I-80-I"},{"r":"198","t":"10:42:24","h":"Est","s":"25N-H56NV20I-80-I"},{"r":"198","t":"10:42:24","h":"Est","s":"25S-H56S000I-80-I"},{"r":"198","t":"10:42:24","h":"Est","s":"25S-H56S100F-80-F1"},{"r":"198","t":"10:42:24","h":"Est","s":"25S-H56S200F-81-F2"},{"r":"198","t":"10:47:12","h":"Est","s":"25N-H56N000S-80-S"},{"r":"198","t":"10:47:12","h":"Est","s":"25N-H56NV10S-80-S"},{"r":"198","t":"10:47:12","h":"Est","s":"25N-H56NV20S-80-S"},{"r":"198","t":"10:47:12","h":"Est","s":"25S-H56S000S-80-S"},{"r":"198","t":"11:02:24","h":"Est","s":"25N-H56N000A-80-A"},{"r":"198","t":"11:02:24","h":"Est","s":"25N-H56NV10A-80-A"},{"r":"198","t":"11:02:24","h":"Est","s":"25N-H56NV20A-80-A"},{"r":"198","t":"11:02:24","h":"Est","s":"25S-H56S000A-80-A"},{"r":"198","t":"11:07:24","h":"Est","s":"25N-H56N000I-80-I"},{"r":"198","t":"11:07:24","h":"Est","s":"25N-H56N100F-80-F1"},{"r":"198","t":"11:07:24","h":"Est","s":"25N-H56N200F-80-F2"},{"r":"198","t":"11:07:24","h":"Est","s":"25N-H56N300F-80-F3"},{"r":"198","t":"11:07:24","h":"Est","s":"25N-H56N400F-80-F4"},{"r":"198","t":"11:07:24","h":"Est","s":"25N-H56NV10I-80-I"},{"r":"198","t":"11:07:24","h":"Est","s":"25N-H56NV20I-80-I"},{"r":"198","t":"11:07:24","h":"Est","s":"25S-H56S000I-80-I"},{"r":"198","t":"11:07:24","h":"Est","s":"25S-H56S100F-80-F1"},{"r":"198","t":"11:07:24","h":"Est","s":"25S-H56S200F-81-F2"},{"r":"198","t":"11:16:12","h":"Est","s":"25N-H56N000S-80-S"},{"r":"198","t":"11:16:12","h":"Est","s":"25N-H56NV10S-80-S"},{"r":"198","t":"11:16:12","h":"Est","s":"25N-H56NV20S-80-S"},{"r":"198","t":"11:16:12","h":"Est","s":"25S-H56S000S-80-S"},{"r":"198","t":"11:26:24","h":"Est","s":"25N-H56N000A-80-A"},{"r":"198","t":"11:26:24","h":"Est","s":"25N-H56NV10A-80-A"},{"r":"198","t":"11:26:24","h":"Est","s":"25N-H56NV20A-80-A"},{"r":"198","t":"11:26:24","h":"Est","s":"25S-H56S000A-80-A"},{"r":"198","t":"11:36:24","h":"Est","s":"25N-H56N000I-80-I"},{"r":"198","t":"11:36:24","h":"Est","s":"25N-H56N100F-80-F1"},{"r":"198","t":"11:36:24","h":"Est","s":"25N-H56N200F-80-F2"},{"r":"198","t":"11:36:24","h":"Est","s":"25N-H56N300F-80-F3"},{"r":"198","t":"11:36:24","h":"Est","s":"25N-H56N400F-80-F4"},{"r":"198","t":"11:36:24","h":"Est","s":"25N-H56NV10I-80-I"},{"r":"198","t":"11:36:24","h":"Est","s":"25N-H56NV20I-80-I"},{"r":"198","t":"11:36:24","h":"Est","s":"25S-H56S000I-80-I"},{"r":"198","t":"11:36:24","h":"Est","s":"25S-H56S100F-80-F1"},{"r":"198","t":"11:36:24","h":"Est","s":"25S-H56S200F-81-F2"},{"r":"198","t":"11:45:12","h":"Est","s":"25N-H56N000S-80-S"},{"r":"198","t":"11:45:12","h":"Est","s":"25N-H56NV10S-80-S"},{"r":"198","t":"11:45:12","h":"Est","s":"25N-H56NV20S-80-S"},{"r":"198","t":"11:45:12","h":"Est","s":"25S-H56S000S-80-S"},{"r":"198","t":"11:51:12","h":"Est","s":"25N-H56N000A-80-A"},{"r":"198","t":"11:51:12","h":"Est","s":"25N-H56NV10A-80-A"},{"r":"198","t":"11:51:12","h":"Est","s":"25N-H56NV20A-80-A"},{"r":"198","t":"11:51:12","h":"Est","s":"25S-H56S000A-80-A"},{"r":"198","t":"12:06:24","h":"Est","s":"25N-H56N000I-80-I"},{"r":"198","t":"12:06:24","h":"Est","s":"25N-H56N100F-80-F1"},{"r":"198","t":"12:06:24","h":"Est","s":"25N-H56N200F-80-F2"},{"r":"198","t":"12:06:24","h":"Est","s":"25N-H56N300F-80-F3"},{"r":"198","t":"12:06:24","h":"Est","s":"25N-H56N400F-80-F4"},{"r":"198","t":"12:06:24","h":"Est","s":"25N-H56NV10I-80-I"},{"r":"198","t":"12:06:24","h":"Est","s":"25N-H56NV20I-80-I"},{"r":"198","t":"12:06:24","h":"Est","s":"25S-H56S000I-80-I"},{"r":"198","t":"12:06:24","h":"Est","s":"25S-H56S100F-80-F1"},{"r":"198","t":"12:06:24","h":"Est","s":"25S-H56S200F-81-F2"},{"r":"198","t":"12:14:12","h":"Est","s":"25N-H56N000S-80-S"},{"r":"198","t":"12:14:12","h":"Est","s":"25N-H56NV10S-80-S"},{"r":"198","t":"12:14:12","h":"Est","s":"25N-H56NV20S-80-S"},{"r":"198","t":"12:14:12","h":"Est","s":"25S-H56S000S-80-S"},{"r":"198","t":"12:17:12","h":"Est","s":"25N-H56N000A-80-A"},{"r":"198","t":"12:17:12","h":"Est","s":"25N-H56NV10A-80-A"},{"r":"198","t":"12:17:12","h":"Est","s":"25N-H56NV20A-80-A"},{"r":"198","t":"12:17:12","h":"Est","s":"25S-H56S000A-80-A"},{"r":"198","t":"12:36:24","h":"Est","s":"25N-H56N000I-80-I"},{"r":"198","t":"12:36:24","h":"Est","s":"25N-H56N100F-80-F1"},{"r":"198","t":"12:36:24","h":"Est","s":"25N-H56N200F-80-F2"},{"r":"198","t":"12:36:24","h":"Est","s":"25N-H56N300F-80-F3"},{"r":"198","t":"12:36:24","h":"Est","s":"25N-H56N400F-80-F4"},{"r":"198","t":"12:36:24","h":"Est","s":"25N-H56NV10I-80-I"},{"r":"198","t":"12:36:24","h":"Est","s":"25N-H56NV20I-80-I"},{"r":"198","t":"12:36:24","h":"Est","s":"25S-H56S000I-80-I"},{"r":"198","t":"12:36:24","h":"Est","s":"25S-H56S100F-80-F1"},{"r":"198","t":"12:36:24","h":"Est","s":"25S-H56S200F-81-F2"},{"r":"198","t":"12:42:12","h":"Est","s":"25N-H56N000A-80-A"},{"r":"198","t":"12:42:12","h":"Est","s":"25N-H56NV10A-80-A"},{"r":"198","t":"12:42:12","h":"Est","s":"25N-H56NV20A-80-A"},{"r":"198","t":"12:42:12","h":"Est","s":"25S-H56S000A-80-A"},{"r":"198","t":"12:44:12","h":"Est","s":"25N-H56N000S-80-S"},{"r":"198","t":"12:44:12","h":"Est","s":"25N-H56NV10S-80-S"},{"r":"198","t":"12:44:12","h":"Est","s":"25N-H56NV20S-80-S"},{"r":"198","t":"12:44:12","h":"Est","s":"25S-H56S000S-80-S"},{"r":"198","t":"13:06:12","h":"Est","s":"25N-H56N000A-80-A"},{"r":"198","t":"13:06:12","h":"Est","s":"25N-H56NV10A-80-A"},{"r":"198","t":"13:06:12","h":"Est","s":"25N-H56NV20A-80-A"},{"r":"198","t":"13:06:12","h":"Est","s":"25S-H56S000A-80-A"},{"r":"198","t":"13:06:24","h":"Est","s":"25N-H56N000I-80-I"},{"r":"198","t":"13:06:24","h":"Est","s":"25N-H56N100F-80-F1"},{"r":"198","t":"13:06:24","h":"Est","s":"25N-H56N200F-80-F2"},{"r":"198","t":"13:06:24","h":"Est","s":"25N-H56N300F-80-F3"},{"r":"198","t":"13:06:24","h":"Est","s":"25N-H56N400F-80-F4"},{"r":"198","t":"13:06:24","h":"Est","s":"25N-H56NV10I-80-I"},{"r":"198","t":"13:06:24","h":"Est","s":"25N-H56NV20I-80-I"},{"r":"198","t":"13:06:24","h":"Est","s":"25S-H56S000I-80-I"},{"r":"198","t":"13:06:24","h":"Est","s":"25S-H56S100F-80-F1"},{"r":"198","t":"13:06:24","h":"Est","s":"25S-H56S200F-81-F2"},{"r":"198","t":"13:14:12","h":"Est","s":"25N-H56N000S-80-S"},{"r":"198","t":"13:14:12","h":"Est","s":"25N-H56NV10S-80-S"},{"r":"198","t":"13:14:12","h":"Est","s":"25N-H56NV20S-80-S"},{"r":"198","t":"13:14:12","h":"Est","s":"25S-H56S000S-80-S"},{"r":"198","t":"13:29:12","h":"Est","s":"25N-H56N000A-80-A"},{"r":"198","t":"13:29:12","h":"Est","s":"25N-H56NV10A-80-A"},{"r":"198","t":"13:29:12","h":"Est","s":"25N-H56NV20A-80-A"},{"r":"198","t":"13:29:12","h":"Est","s":"25S-H56S000A-80-A"},{"r":"198","t":"13:37:12","h":"Est","s":"25N-H56N000I-80-I"},{"r":"198","t":"13:37:12","h":"Est","s":"25N-H56N100F-80-F1"},{"r":"198","t":"13:37:12","h":"Est","s":"25N-H56N200F-80-F2"},{"r":"198","t":"13:37:12","h":"Est","s":"25N-H56N300F-80-F3"},{"r":"198","t":"13:37:12","h":"Est","s":"25N-H56N400F-80-F4"},{"r":"198","t":"13:37:12","h":"Est","s":"25N-H56NV10I-80-I"},{"r":"198","t":"13:37:12","h":"Est","s":"25N-H56NV20I-80-I"},{"r":"198","t":"13:37:12","h":"Est","s":"25S-H56S000I-80-I"},{"r":"198","t":"13:37:12","h":"Est","s":"25S-H56S100F-80-F1"},{"r":"198","t":"13:37:12","h":"Est","s":"25S-H56S200F-81-F2"},{"r":"198","t":"13:44:12","h":"Est","s":"25N-H56N000S-80-S"},{"r":"198","t":"13:44:12","h":"Est","s":"25N-H56NV10S-80-S"},{"r":"198","t":"13:44:12","h":"Est","s":"25N-H56NV20S-80-S"},{"r":"198","t":"13:44:12","h":"Est","s":"25S-H56S000S-80-S"},{"r":"198","t":"13:51:12","h":"Est","s":"25N-H56N000A-80-A"},{"r":"198","t":"13:51:12","h":"Est","s":"25N-H56NV10A-80-A"},{"r":"198","t":"13:51:12","h":"Est","s":"25N-H56NV20A-80-A"},{"r":"198","t":"13:51:12","h":"Est","s":"25S-H56S000A-80-A"},{"r":"198","t":"14:07:12","h":"Est","s":"25N-H56N000I-80-I"},{"r":"198","t":"14:07:12","h":"Est","s":"25N-H56N100F-80-F1"},{"r":"198","t":"14:07:12","h":"Est","s":"25N-H56N200F-80-F2"},{"r":"198","t":"14:07:12","h":"Est","s":"25N-H56N300F-80-F3"},{"r":"198","t":"14:07:12","h":"Est","s":"25N-H56N400F-80-F4"},{"r":"198","t":"14:07:12","h":"Est","s":"25N-H56NV10I-80-I"},{"r":"198","t":"14:07:12","h":"Est","s":"25N-H56NV20I-80-I"},{"r":"198","t":"14:07:12","h":"Est","s":"25S-H56S000I-80-I"},{"r":"198","t":"14:07:12","h":"Est","s":"25S-H56S100F-80-F1"},{"r":"198","t":"14:07:12","h":"Est","s":"25S-H56S200F-81-F2"},{"r":"198","t":"14:11:12","h":"Est","s":"25N-H56N000A-80-A"},{"r":"198","t":"14:11:12","h":"Est","s":"25N-H56NV10A-80-A"},{"r":"198","t":"14:11:12","h":"Est","s":"25N-H56NV20A-80-A"},{"r":"198","t":"14:11:12","h":"Est","s":"25S-H56S000A-80-A"},{"r":"198","t":"14:13:12","h":"Est","s":"25N-H56N000S-80-S"},{"r":"198","t":"14:13:12","h":"Est","s":"25N-H56NV10S-80-S"},{"r":"198","t":"14:13:12","h":"Est","s":"25N-H56NV20S-80-S"},{"r":"198","t":"14:13:12","h":"Est","s":"25S-H56S000S-80-S"},{"r":"198","t":"14:30:12","h":"Est","s":"25N-H56N000A-80-A"},{"r":"198","t":"14:30:12","h":"Est","s":"25N-H56NV10A-80-A"},{"r":"198","t":"14:30:12","h":"Est","s":"25N-H56NV20A-80-A"},{"r":"198","t":"14:30:12","h":"Est","s":"25S-H56S000A-80-A"},{"r":"198","t":"14:37:12","h":"Est","s":"25N-H56N000I-80-I"},{"r":"198","t":"14:37:12","h":"Est","s":"25N-H56N100F-80-F1"},{"r":"198","t":"14:37:12","h":"Est","s":"25N-H56N200F-80-F2"},{"r":"198","t":"14:37:12","h":"Est","s":"25N-H56N300F-80-F3"},{"r":"198","t":"14:37:12","h":"Est","s":"25N-H56N400F-80-F4"},{"r":"198","t":"14:37:12","h":"Est","s":"25N-H56NV10I-80-I"},{"r":"198","t":"14:37:12","h":"Est","s":"25N-H56NV20I-80-I"},{"r":"198","t":"14:37:12","h":"Est","s":"25S-H56S000I-80-I"},{"r":"198","t":"14:37:12","h":"Est","s":"25S-H56S100F-80-F1"},{"r":"198","t":"14:37:12","h":"Est","s":"25S-H56S200F-81-F2"},{"r":"198","t":"14:44:12","h":"Est","s":"25N-H56N000S-80-S"},{"r":"198","t":"14:44:12","h":"Est","s":"25N-H56NV10S-80-S"},{"r":"198","t":"14:44:12","h":"Est","s":"25N-H56NV20S-80-S"},{"r":"198","t":"14:44:12","h":"Est","s":"25S-H56S000S-80-S"},{"r":"198","t":"14:50:12","h":"Est","s":"25N-H56N000A-80-A"},{"r":"198","t":"14:50:12","h":"Est","s":"25N-H56NV10A-80-A"},{"r":"198","t":"14:50:12","h":"Est","s":"25N-H56NV20A-80-A"},{"r":"198","t":"14:50:12","h":"Est","s":"25S-H56S000A-80-A"},{"r":"198","t":"15:07:12","h":"Est","s":"25N-H56N000I-80-I"},{"r":"198","t":"15:07:12","h":"Est","s":"25N-H56N100F-80-F1"},{"r":"198","t":"15:07:12","h":"Est","s":"25N-H56N200F-80-F2"},{"r":"198","t":"15:07:12","h":"Est","s":"25N-H56N300F-80-F3"},{"r":"198","t":"15:07:12","h":"Est","s":"25N-H56N400F-80-F4"},{"r":"198","t":"15:07:12","h":"Est","s":"25N-H56NV10I-80-I"},{"r":"198","t":"15:07:12","h":"Est","s":"25N-H56NV20I-80-I"},{"r":"198","t":"15:07:12","h":"Est","s":"25S-H56S000I-80-I"},{"r":"198","t":"15:07:12","h":"Est","s":"25S-H56S100F-80-F1"},{"r":"198","t":"15:07:12","h":"Est","s":"25S-H56S200F-81-F2"},{"r":"198","t":"15:10:12","h":"Est","s":"25N-H56N000A-80-A"},{"r":"198","t":"15:10:12","h":"Est","s":"25N-H56NV10A-80-A"},{"r":"198","t":"15:10:12","h":"Est","s":"25N-H56NV20A-80-A"},{"r":"198","t":"15:10:12","h":"Est","s":"25S-H56S000A-80-A"},{"r":"198","t":"15:15:00","h":"Est","s":"25N-H60N000S-80-S"},{"r":"198","t":"15:15:00","h":"Est","s":"25N-H60N000S-98-S"},{"r":"198","t":"15:15:00","h":"Est","s":"25N-H60NV10S-98-S"},{"r":"198","t":"15:15:00","h":"Est","s":"25N-H60NV20S-98-S"},{"r":"198","t":"15:15:00","h":"Est","s":"25S-H60S000S-80-S"},{"r":"198","t":"15:30:12","h":"Est","s":"25N-H56N000A-80-A"},{"r":"198","t":"15:30:12","h":"Est","s":"25N-H56NV10A-80-A"},{"r":"198","t":"15:30:12","h":"Est","s":"25N-H56NV20A-80-A"},{"r":"198","t":"15:30:12","h":"Est","s":"25S-H56S000A-80-A"},{"r":"198","t":"15:38:12","h":"Est","s":"25N-H56N000I-80-I"},{"r":"198","t":"15:38:12","h":"Est","s":"25N-H56N100F-80-F1"},{"r":"198","t":"15:38:12","h":"Est","s":"25N-H56N200F-80-F2"},{"r":"198","t":"15:38:12","h":"Est","s":"25N-H56N300F-80-F3"},{"r":"198","t":"15:38:12","h":"Est","s":"25N-H56N400F-80-F4"},{"r":"198","t":"15:38:12","h":"Est","s":"25N-H56NV10I-80-I"},{"r":"198","t":"15:38:12","h":"Est","s":"25N-H56NV20I-80-I"},{"r":"198","t":"15:38:12","h":"Est","s":"25S-H56S000I-80-I"},{"r":"198","t":"15:38:12","h":"Est","s":"25S-H56S100F-80-F1"},{"r":"198","t":"15:38:12","h":"Est","s":"25S-H56S200F-81-F2"},{"r":"198","t":"15:42:00","h":"Est","s":"25N-H56N000S-80-S"},{"r":"198","t":"15:42:00","h":"Est","s":"25N-H56NV10S-80-S"},{"r":"198","t":"15:42:00","h":"Est","s":"25N-H56NV20S-80-S"},{"r":"198","t":"15:42:00","h":"Est","s":"25S-H56S000S-80-S"},{"r":"198","t":"15:50:12","h":"Est","s":"25N-H56N000A-80-A"},{"r":"198","t":"15:50:12","h":"Est","s":"25N-H56NV10A-80-A"},{"r":"198","t":"15:50:12","h":"Est","s":"25N-H56NV20A-80-A"},{"r":"198","t":"15:50:12","h":"Est","s":"25S-H56S000A-80-A"},{"r":"198","t":"16:06:00","h":"Est","s":"25N-H56N000S-80-S"},{"r":"198","t":"16:06:00","h":"Est","s":"25N-H56NV10S-80-S"},{"r":"198","t":"16:06:00","h":"Est","s":"25N-H56NV20S-80-S"},{"r":"198","t":"16:06:00","h":"Est","s":"25S-H56S000S-80-S"},{"r":"198","t":"16:10:12","h":"Est","s":"25N-H56N000I-80-I"},{"r":"198","t":"16:10:12","h":"Est","s":"25N-H56N100F-80-F1"},{"r":"198","t":"16:10:12","h":"Est","s":"25N-H56N200F-80-F2"},{"r":"198","t":"16:10:12","h":"Est","s":"25N-H56N300F-80-F3"},{"r":"198","t":"16:10:12","h":"Est","s":"25N-H56N400F-80-F4"},{"r":"198","t":"16:10:12","h":"Est","s":"25N-H56NV10I-80-I"},{"r":"198","t":"16:10:12","h":"Est","s":"25N-H56NV20I-80-I"},{"r":"198","t":"16:10:12","h":"Est","s":"25S-H56S000I-80-I"},{"r":"198","t":"16:10:12","h":"Est","s":"25S-H56S100F-80-F1"},{"r":"198","t":"16:10:12","h":"Est","s":"25S-H56S200F-81-F2"},{"r":"198","t":"16:13:12","h":"Est","s":"25N-H56N000A-80-A"},{"r":"198","t":"16:13:12","h":"Est","s":"25N-H56NV10A-80-A"},{"r":"198","t":"16:13:12","h":"Est","s":"25N-H56NV20A-80-A"},{"r":"198","t":"16:13:12","h":"Est","s":"25S-H56S000A-80-A"},{"r":"198","t":"16:31:00","h":"Est","s":"25N-H56N000S-80-S"},{"r":"198","t":"16:31:00","h":"Est","s":"25N-H56NV10S-80-S"},{"r":"198","t":"16:31:00","h":"Est","s":"25N-H56NV20S-80-S"},{"r":"198","t":"16:31:00","h":"Est","s":"25S-H56S000S-80-S"},{"r":"198","t":"16:34:00","h":"Est","s":"25N-H56N000S-80-S"},{"r":"198","t":"16:34:00","h":"Est","s":"25N-H56NV10S-80-S"},{"r":"198","t":"16:34:00","h":"Est","s":"25N-H56NV20S-80-S"},{"r":"198","t":"16:34:00","h":"Est","s":"25S-H56S000S-80-S"},{"r":"198","t":"16:38:12","h":"Est","s":"25N-H56N000A-80-A"},{"r":"198","t":"16:38:12","h":"Est","s":"25N-H56NV10A-80-A"},{"r":"198","t":"16:38:12","h":"Est","s":"25N-H56NV20A-80-A"},{"r":"198","t":"16:38:12","h":"Est","s":"25S-H56S000A-80-A"},{"r":"198","t":"16:39:12","h":"Est","s":"25N-H56N000I-80-I"},{"r":"198","t":"16:39:12","h":"Est","s":"25N-H56N100F-80-F1"},{"r":"198","t":"16:39:12","h":"Est","s":"25N-H56N200F-80-F2"},{"r":"198","t":"16:39:12","h":"Est","s":"25N-H56N300F-80-F3"},{"r":"198","t":"16:39:12","h":"Est","s":"25N-H56N400F-80-F4"},{"r":"198","t":"16:39:12","h":"Est","s":"25N-H56NV10I-80-I"},{"r":"198","t":"16:39:12","h":"Est","s":"25N-H56NV20I-80-I"},{"r":"198","t":"16:39:12","h":"Est","s":"25S-H56S000I-80-I"},{"r":"198","t":"16:39:12","h":"Est","s":"25S-H56S100F-80-F1"},{"r":"198","t":"16:39:12","h":"Est","s":"25S-H56S200F-81-F2"},{"r":"198","t":"16:47:00","h":"Est","s":"25N-H56N000S-80-S"},{"r":"198","t":"16:47:00","h":"Est","s":"25N-H56NV10S-80-S"},{"r":"198","t":"16:47:00","h":"Est","s":"25N-H56NV20S-80-S"},{"r":"198","t":"16:47:00","h":"Est","s":"25S-H56S000S-80-S"},{"r":"198","t":"17:08:12","h":"Est","s":"25N-H56N000A-80-A"},{"r":"198","t":"17:08:12","h":"Est","s":"25N-H56NV10A-80-A"},{"r":"198","t":"17:08:12","h":"Est","s":"25N-H56NV20A-80-A"},{"r":"198","t":"17:08:12","h":"Est","s":"25S-H56S000A-80-A"},{"r":"198","t":"17:09:12","h":"Est","s":"25N-H56N000I-80-I"},{"r":"198","t":"17:09:12","h":"Est","s":"25N-H56N100F-80-F1"},{"r":"198","t":"17:09:12","h":"Est","s":"25N-H56N200F-80-F2"},{"r":"198","t":"17:09:12","h":"Est","s":"25N-H56N300F-80-F3"},{"r":"198","t":"17:09:12","h":"Est","s":"25N-H56N400F-80-F4"},{"r":"198","t":"17:09:12","h":"Est","s":"25N-H56NV10I-80-I"},{"r":"198","t":"17:09:12","h":"Est","s":"25N-H56NV20I-80-I"},{"r":"198","t":"17:09:12","h":"Est","s":"25S-H56S000I-80-I"},{"r":"198","t":"17:09:12","h":"Est","s":"25S-H56S100F-80-F1"},{"r":"198","t":"17:09:12","h":"Est","s":"25S-H56S200F-81-F2"},{"r":"198","t":"17:16:00","h":"Est","s":"25N-H56N000S-80-S"},{"r":"198","t":"17:16:00","h":"Est","s":"25N-H56NV10S-80-S"},{"r":"198","t":"17:16:00","h":"Est","s":"25N-H56NV20S-80-S"},{"r":"198","t":"17:16:00","h":"Est","s":"25S-H56S000S-80-S"},{"r":"198","t":"17:38:12","h":"Est","s":"25N-H56N000A-80-A"},{"r":"198","t":"17:38:12","h":"Est","s":"25N-H56NV10A-80-A"},{"r":"198","t":"17:38:12","h":"Est","s":"25N-H56NV20A-80-A"},{"r":"198","t":"17:38:12","h":"Est","s":"25S-H56S000A-80-A"},{"r":"198","t":"17:39:12","h":"Est","s":"25N-H56N000I-80-I"},{"r":"198","t":"17:39:12","h":"Est","s":"25N-H56N100F-80-F1"},{"r":"198","t":"17:39:12","h":"Est","s":"25N-H56N200F-80-F2"},{"r":"198","t":"17:39:12","h":"Est","s":"25N-H56N300F-80-F3"},{"r":"198","t":"17:39:12","h":"Est","s":"25N-H56N400F-80-F4"},{"r":"198","t":"17:39:12","h":"Est","s":"25N-H56NV10I-80-I"},{"r":"198","t":"17:39:12","h":"Est","s":"25N-H56NV20I-80-I"},{"r":"198","t":"17:39:12","h":"Est","s":"25S-H56S000I-80-I"},{"r":"198","t":"17:39:12","h":"Est","s":"25S-H56S100F-80-F1"},{"r":"198","t":"17:39:12","h":"Est","s":"25S-H56S200F-81-F2"},{"r":"198","t":"17:45:00","h":"Est","s":"25N-H56N000S-80-S"},{"r":"198","t":"17:45:00","h":"Est","s":"25N-H56NV10S-80-S"},{"r":"198","t":"17:45:00","h":"Est","s":"25N-H56NV20S-80-S"},{"r":"198","t":"17:45:00","h":"Est","s":"25S-H56S000S-80-S"},{"r":"198","t":"18:08:12","h":"Est","s":"25N-H56N000A-80-A"},{"r":"198","t":"18:08:12","h":"Est","s":"25N-H56NV10A-80-A"},{"r":"198","t":"18:08:12","h":"Est","s":"25N-H56NV20A-80-A"},{"r":"198","t":"18:08:12","h":"Est","s":"25S-H56S000A-80-A"},{"r":"198","t":"18:09:12","h":"Est","s":"25N-H56N000I-80-I"},{"r":"198","t":"18:09:12","h":"Est","s":"25N-H56N100F-80-F1"},{"r":"198","t":"18:09:12","h":"Est","s":"25N-H56N200F-80-F2"},{"r":"198","t":"18:09:12","h":"Est","s":"25N-H56N300F-80-F3"},{"r":"198","t":"18:09:12","h":"Est","s":"25N-H56N400F-80-F4"},{"r":"198","t":"18:09:12","h":"Est","s":"25N-H56NV10I-80-I"},{"r":"198","t":"18:09:12","h":"Est","s":"25N-H56NV20I-80-I"},{"r":"198","t":"18:09:12","h":"Est","s":"25S-H56S000I-80-I"},{"r":"198","t":"18:09:12","h":"Est","s":"25S-H56S100F-80-F1"},{"r":"198","t":"18:09:12","h":"Est","s":"25S-H56S200F-81-F2"},{"r":"198","t":"18:12:12","h":"Est","s":"25N-H56N000S-80-S"},{"r":"198","t":"18:12:12","h":"Est","s":"25N-H56NV10S-80-S"},{"r":"198","t":"18:12:12","h":"Est","s":"25N-H56NV20S-80-S"},{"r":"198","t":"18:12:12","h":"Est","s":"25S-H56S000S-80-S"},{"r":"198","t":"18:38:24","h":"Est","s":"25N-H56N000A-80-A"},{"r":"198","t":"18:38:24","h":"Est","s":"25N-H56NV10A-80-A"},{"r":"198","t":"18:38:24","h":"Est","s":"25N-H56NV20A-80-A"},{"r":"198","t":"18:38:24","h":"Est","s":"25S-H56S000A-80-A"},{"r":"198","t":"18:39:24","h":"Est","s":"25N-H56N000I-80-I"},{"r":"198","t":"18:39:24","h":"Est","s":"25N-H56N100F-80-F1"},{"r":"198","t":"18:39:24","h":"Est","s":"25N-H56N200F-80-F2"},{"r":"198","t":"18:39:24","h":"Est","s":"25N-H56N300F-80-F3"},{"r":"198","t":"18:39:24","h":"Est","s":"25N-H56N400F-80-F4"},{"r":"198","t":"18:39:24","h":"Est","s":"25N-H56NV10I-80-I"},{"r":"198","t":"18:39:24","h":"Est","s":"25N-H56NV20I-80-I"},{"r":"198","t":"18:39:24","h":"Est","s":"25S-H56S000I-80-I"},{"r":"198","t":"18:39:24","h":"Est","s":"25S-H56S100F-80-F1"},{"r":"198","t":"18:39:24","h":"Est","s":"25S-H56S200F-81-F2"},{"r":"198","t":"18:40:12","h":"Est","s":"25N-H56N000S-80-S"},{"r":"198","t":"18:40:12","h":"Est","s":"25N-H56NV10S-80-S"},{"r":"198","t":"18:40:12","h":"Est","s":"25N-H56NV20S-80-S"},{"r":"198","t":"18:40:12","h":"Est","s":"25S-H56S000S-80-S"},{"r":"198","t":"19:08:24","h":"Est","s":"25N-H56N000I-80-I"},{"r":"198","t":"19:08:24","h":"Est","s":"25N-H56N100F-80-F1"},{"r":"198","t":"19:08:24","h":"Est","s":"25N-H56N200F-80-F2"},{"r":"198","t":"19:08:24","h":"Est","s":"25N-H56N300F-80-F3"},{"r":"198","t":"19:08:24","h":"Est","s":"25N-H56N400F-80-F4"},{"r":"198","t":"19:08:24","h":"Est","s":"25N-H56NV10I-80-I"},{"r":"198","t":"19:08:24","h":"Est","s":"25N-H56NV20I-80-I"},{"r":"198","t":"19:08:24","h":"Est","s":"25S-H56S000I-80-I"},{"r":"198","t":"19:08:24","h":"Est","s":"25S-H56S100F-80-F1"},{"r":"198","t":"19:08:24","h":"Est","s":"25S-H56S200F-81-F2"},{"r":"198","t":"19:09:12","h":"Est","s":"25N-H56N000S-80-S"},{"r":"198","t":"19:09:12","h":"Est","s":"25N-H56NV10S-80-S"},{"r":"198","t":"19:09:12","h":"Est","s":"25N-H56NV20S-80-S"},{"r":"198","t":"19:09:12","h":"Est","s":"25S-H56S000S-80-S"},{"r":"198","t":"19:09:24","h":"Est","s":"25N-H56N000A-80-A"},{"r":"198","t":"19:09:24","h":"Est","s":"25N-H56NV10A-80-A"},{"r":"198","t":"19:09:24","h":"Est","s":"25N-H56NV20A-80-A"},{"r":"198","t":"19:09:24","h":"Est","s":"25S-H56S000A-80-A"},{"r":"198","t":"19:36:12","h":"Est","s":"25N-H56N000S-80-S"},{"r":"198","t":"19:36:12","h":"Est","s":"25N-H56NV10S-80-S"},{"r":"198","t":"19:36:12","h":"Est","s":"25N-H56NV20S-80-S"},{"r":"198","t":"19:36:12","h":"Est","s":"25S-H56S000S-80-S"},{"r":"198","t":"19:37:24","h":"Est","s":"25N-H56N000I-80-I"},{"r":"198","t":"19:37:24","h":"Est","s":"25N-H56N100F-80-F1"},{"r":"198","t":"19:37:24","h":"Est","s":"25N-H56N200F-80-F2"},{"r":"198","t":"19:37:24","h":"Est","s":"25N-H56N300F-80-F3"},{"r":"198","t":"19:37:24","h":"Est","s":"25N-H56N400F-80-F4"},{"r":"198","t":"19:37:24","h":"Est","s":"25N-H56NV10I-80-I"},{"r":"198","t":"19:37:24","h":"Est","s":"25N-H56NV20I-80-I"},{"r":"198","t":"19:37:24","h":"Est","s":"25S-H56S000I-80-I"},{"r":"198","t":"19:37:24","h":"Est","s":"25S-H56S100F-80-F1"},{"r":"198","t":"19:37:24","h":"Est","s":"25S-H56S200F-81-F2"},{"r":"198","t":"19:39:24","h":"Est","s":"25N-H56N000A-80-A"},{"r":"198","t":"19:39:24","h":"Est","s":"25N-H56NV10A-80-A"},{"r":"198","t":"19:39:24","h":"Est","s":"25N-H56NV20A-80-A"},{"r":"198","t":"19:39:24","h":"Est","s":"25S-H56S000A-80-A"},{"r":"198","t":"20:03:12","h":"Est","s":"25N-H56N000S-80-S"},{"r":"198","t":"20:03:12","h":"Est","s":"25N-H56NV10S-80-S"},{"r":"198","t":"20:03:12","h":"Est","s":"25N-H56NV20S-80-S"},{"r":"198","t":"20:03:12","h":"Est","s":"25S-H56S000S-80-S"},{"r":"198","t":"20:06:24","h":"Est","s":"25N-H56N000I-80-I"},{"r":"198","t":"20:06:24","h":"Est","s":"25N-H56N100F-80-F1"},{"r":"198","t":"20:06:24","h":"Est","s":"25N-H56N200F-80-F2"},{"r":"198","t":"20:06:24","h":"Est","s":"25N-H56N300F-80-F3"},{"r":"198","t":"20:06:24","h":"Est","s":"25N-H56N400F-80-F4"},{"r":"198","t":"20:06:24","h":"Est","s":"25N-H56NV10I-80-I"},{"r":"198","t":"20:06:24","h":"Est","s":"25N-H56NV20I-80-I"},{"r":"198","t":"20:06:24","h":"Est","s":"25S-H56S000I-80-I"},{"r":"198","t":"20:06:24","h":"Est","s":"25S-H56S100F-80-F1"},{"r":"198","t":"20:06:24","h":"Est","s":"25S-H56S200F-81-F2"},{"r":"198","t":"20:09:24","h":"Est","s":"25N-H56N000A-80-A"},{"r":"198","t":"20:09:24","h":"Est","s":"25N-H56NV10A-80-A"},{"r":"198","t":"20:09:24","h":"Est","s":"25N-H56NV20A-80-A"},{"r":"198","t":"20:09:24","h":"Est","s":"25S-H56S000A-80-A"},{"r":"198","t":"20:29:24","h":"Est","s":"25N-H56N000S-80-S"},{"r":"198","t":"20:29:24","h":"Est","s":"25N-H56NV10S-80-S"},{"r":"198","t":"20:29:24","h":"Est","s":"25N-H56NV20S-80-S"},{"r":"198","t":"20:29:24","h":"Est","s":"25S-H56S000S-80-S"},{"r":"198","t":"20:36:24","h":"Est","s":"25N-H56N000I-80-I"},{"r":"198","t":"20:36:24","h":"Est","s":"25N-H56N100F-80-F1"},{"r":"198","t":"20:36:24","h":"Est","s":"25N-H56N200F-80-F2"},{"r":"198","t":"20:36:24","h":"Est","s":"25N-H56N300F-80-F3"},{"r":"198","t":"20:36:24","h":"Est","s":"25N-H56N400F-80-F4"},{"r":"198","t":"20:36:24","h":"Est","s":"25N-H56NV10I-80-I"},{"r":"198","t":"20:36:24","h":"Est","s":"25N-H56NV20I-80-I"},{"r":"198","t":"20:36:24","h":"Est","s":"25S-H56S000I-80-I"},{"r":"198","t":"20:36:24","h":"Est","s":"25S-H56S100F-80-F1"},{"r":"198","t":"20:36:24","h":"Est","s":"25S-H56S200F-81-F2"},{"r":"198","t":"20:38:24","h":"Est","s":"25N-H56N000A-80-A"},{"r":"198","t":"20:38:24","h":"Est","s":"25N-H56NV10A-80-A"},{"r":"198","t":"20:38:24","h":"Est","s":"25N-H56NV20A-80-A"},{"r":"198","t":"20:38:24","h":"Est","s":"25S-H56S000A-80-A"},{"r":"198","t":"20:57:24","h":"Est","s":"25N-H56N000S-80-S"},{"r":"198","t":"20:57:24","h":"Est","s":"25N-H56NV10S-80-S"},{"r":"198","t":"20:57:24","h":"Est","s":"25N-H56NV20S-80-S"},{"r":"198","t":"20:57:24","h":"Est","s":"25S-H56S000S-80-S"},{"r":"198","t":"21:06:24","h":"Est","s":"25N-H56N000I-80-I"},{"r":"198","t":"21:06:24","h":"Est","s":"25N-H56N100F-80-F1"},{"r":"198","t":"21:06:24","h":"Est","s":"25N-H56N200F-80-F2"},{"r":"198","t":"21:06:24","h":"Est","s":"25N-H56N300F-80-F3"},{"r":"198","t":"21:06:24","h":"Est","s":"25N-H56N400F-80-F4"},{"r":"198","t":"21:06:24","h":"Est","s":"25N-H56NV10I-80-I"},{"r":"198","t":"21:06:24","h":"Est","s":"25N-H56NV20I-80-I"},{"r":"198","t":"21:06:24","h":"Est","s":"25S-H56S000I-80-I"},{"r":"198","t":"21:06:24","h":"Est","s":"25S-H56S100F-80-F1"},{"r":"198","t":"21:06:24","h":"Est","s":"25S-H56S200F-81-F2"},{"r":"198","t":"21:07:24","h":"Est","s":"25N-H56N000A-80-A"},{"r":"198","t":"21:07:24","h":"Est","s":"25N-H56NV10A-80-A"},{"r":"198","t":"21:07:24","h":"Est","s":"25N-H56NV20A-80-A"},{"r":"198","t":"21:07:24","h":"Est","s":"25S-H56S000A-80-A"},{"r":"198","t":"21:24:24","h":"Est","s":"25N-H56N000S-80-S"},{"r":"198","t":"21:24:24","h":"Est","s":"25N-H56NV10S-80-S"},{"r":"198","t":"21:24:24","h":"Est","s":"25N-H56NV20S-80-S"},{"r":"198","t":"21:24:24","h":"Est","s":"25S-H56S000S-80-S"},{"r":"198","t":"21:36:24","h":"Est","s":"25N-H56N000A-80-A"},{"r":"198","t":"21:36:24","h":"Est","s":"25N-H56N000I-80-I"},{"r":"198","t":"21:36:24","h":"Est","s":"25N-H56N100F-80-F1"},{"r":"198","t":"21:36:24","h":"Est","s":"25N-H56N200F-80-F2"},{"r":"198","t":"21:36:24","h":"Est","s":"25N-H56N300F-80-F3"},{"r":"198","t":"21:36:24","h":"Est","s":"25N-H56N400F-80-F4"},{"r":"198","t":"21:36:24","h":"Est","s":"25N-H56NV10A-80-A"},{"r":"198","t":"21:36:24","h":"Est","s":"25N-H56NV10I-80-I"},{"r":"198","t":"21:36:24","h":"Est","s":"25N-H56NV20A-80-A"},{"r":"198","t":"21:36:24","h":"Est","s":"25N-H56NV20I-80-I"},{"r":"198","t":"21:36:24","h":"Est","s":"25S-H56S000A-80-A"},{"r":"198","t":"21:36:24","h":"Est","s":"25S-H56S000I-80-I"},{"r":"198","t":"21:36:24","h":"Est","s":"25S-H56S100F-80-F1"},{"r":"198","t":"21:36:24","h":"Est","s":"25S-H56S200F-81-F2"},{"r":"198","t":"21:51:24","h":"Est","s":"25N-H56N000S-80-S"},{"r":"198","t":"21:51:24","h":"Est","s":"25N-H56NV10S-80-S"},{"r":"198","t":"21:51:24","h":"Est","s":"25N-H56NV20S-80-S"},{"r":"198","t":"21:51:24","h":"Est","s":"25S-H56S000S-80-S"},{"r":"198","t":"22:06:24","h":"Est","s":"25N-H56N000A-80-A"},{"r":"198","t":"22:06:24","h":"Est","s":"25N-H56N000I-80-I"},{"r":"198","t":"22:06:24","h":"Est","s":"25N-H56N100F-80-F1"},{"r":"198","t":"22:06:24","h":"Est","s":"25N-H56N200F-80-F2"},{"r":"198","t":"22:06:24","h":"Est","s":"25N-H56N300F-80-F3"},{"r":"198","t":"22:06:24","h":"Est","s":"25N-H56N400F-80-F4"},{"r":"198","t":"22:06:24","h":"Est","s":"25N-H56NV10A-80-A"},{"r":"198","t":"22:06:24","h":"Est","s":"25N-H56NV10I-80-I"},{"r":"198","t":"22:06:24","h":"Est","s":"25N-H56NV20A-80-A"},{"r":"198","t":"22:06:24","h":"Est","s":"25N-H56NV20I-80-I"},{"r":"198","t":"22:06:24","h":"Est","s":"25S-H56S000A-80-A"},{"r":"198","t":"22:06:24","h":"Est","s":"25S-H56S000I-80-I"},{"r":"198","t":"22:06:24","h":"Est","s":"25S-H56S100F-80-F1"},{"r":"198","t":"22:06:24","h":"Est","s":"25S-H56S200F-81-F2"},{"r":"198","t":"22:15:24","h":"Est","s":"25N-H56N000S-80-S"},{"r":"198","t":"22:15:24","h":"Est","s":"25N-H56NV10S-80-S"},{"r":"198","t":"22:15:24","h":"Est","s":"25N-H56NV20S-80-S"},{"r":"198","t":"22:15:24","h":"Est","s":"25S-H56S000S-80-S"},{"r":"198","t":"22:35:36","h":"Est","s":"25N-H56N000A-80-A"},{"r":"198","t":"22:35:36","h":"Est","s":"25N-H56N000I-80-I"},{"r":"198","t":"22:35:36","h":"Est","s":"25N-H56N100F-80-F1"},{"r":"198","t":"22:35:36","h":"Est","s":"25N-H56N200F-80-F2"},{"r":"198","t":"22:35:36","h":"Est","s":"25N-H56N300F-80-F3"},{"r":"198","t":"22:35:36","h":"Est","s":"25N-H56N400F-80-F4"},{"r":"198","t":"22:35:36","h":"Est","s":"25N-H56NV10A-80-A"},{"r":"198","t":"22:35:36","h":"Est","s":"25N-H56NV10I-80-I"},{"r":"198","t":"22:35:36","h":"Est","s":"25N-H56NV20A-80-A"},{"r":"198","t":"22:35:36","h":"Est","s":"25N-H56NV20I-80-I"},{"r":"198","t":"22:35:36","h":"Est","s":"25S-H56S000A-80-A"},{"r":"198","t":"22:35:36","h":"Est","s":"25S-H56S000I-80-I"},{"r":"198","t":"22:35:36","h":"Est","s":"25S-H56S100F-80-F1"},{"r":"198","t":"22:35:36","h":"Est","s":"25S-H56S200F-81-F2"},{"r":"198","t":"22:40:24","h":"Est","s":"25N-H56N000S-80-S"},{"r":"198","t":"22:40:24","h":"Est","s":"25N-H56NV10S-80-S"},{"r":"198","t":"22:40:24","h":"Est","s":"25N-H56NV20S-80-S"},{"r":"198","t":"22:40:24","h":"Est","s":"25S-H56S000S-80-S"},{"r":"198","t":"23:05:36","h":"Est","s":"25N-H56N000A-80-A"},{"r":"198","t":"23:05:36","h":"Est","s":"25N-H56N000I-80-I"},{"r":"198","t":"23:05:36","h":"Est","s":"25N-H56N100F-80-F1"},{"r":"198","t":"23:05:36","h":"Est","s":"25N-H56N200F-80-F2"},{"r":"198","t":"23:05:36","h":"Est","s":"25N-H56N300F-80-F3"},{"r":"198","t":"23:05:36","h":"Est","s":"25N-H56N400F-80-F4"},{"r":"198","t":"23:05:36","h":"Est","s":"25N-H56NV10A-80-A"},{"r":"198","t":"23:05:36","h":"Est","s":"25N-H56NV10I-80-I"},{"r":"198","t":"23:05:36","h":"Est","s":"25N-H56NV20A-80-A"},{"r":"198","t":"23:05:36","h":"Est","s":"25N-H56NV20I-80-I"},{"r":"198","t":"23:05:36","h":"Est","s":"25S-H56S000A-80-A"},{"r":"198","t":"23:05:36","h":"Est","s":"25S-H56S000I-80-I"},{"r":"198","t":"23:05:36","h":"Est","s":"25S-H56S100F-80-F1"},{"r":"198","t":"23:05:36","h":"Est","s":"25S-H56S200F-81-F2"},{"r":"198","t":"23:08:24","h":"Est","s":"25N-H56N000S-80-S"},{"r":"198","t":"23:08:24","h":"Est","s":"25N-H56NV10S-80-S"},{"r":"198","t":"23:08:24","h":"Est","s":"25N-H56NV20S-80-S"},{"r":"198","t":"23:08:24","h":"Est","s":"25S-H56S000S-80-S"},{"r":"198","t":"23:35:36","h":"Est","s":"25N-H56N000A-80-A"},{"r":"198","t":"23:35:36","h":"Est","s":"25N-H56N000I-80-I"},{"r":"198","t":"23:35:36","h":"Est","s":"25N-H56N100F-80-F1"},{"r":"198","t":"23:35:36","h":"Est","s":"25N-H56N200F-80-F2"},{"r":"198","t":"23:35:36","h":"Est","s":"25N-H56N300F-80-F3"},{"r":"198","t":"23:35:36","h":"Est","s":"25N-H56N400F-80-F4"},{"r":"198","t":"23:35:36","h":"Est","s":"25N-H56NV10A-80-A"},{"r":"198","t":"23:35:36","h":"Est","s":"25N-H56NV10I-80-I"},{"r":"198","t":"23:35:36","h":"Est","s":"25N-H56NV20A-80-A"},{"r":"198","t":"23:35:36","h":"Est","s":"25N-H56NV20I-80-I"},{"r":"198","t":"23:35:36","h":"Est","s":"25S-H56S000A-80-A"},{"r":"198","t":"23:35:36","h":"Est","s":"25S-H56S000I-80-I"},{"r":"198","t":"23:35:36","h":"Est","s":"25S-H56S100F-80-F1"},{"r":"198","t":"23:35:36","h":"Est","s":"25S-H56S200F-81-F2"},{"r":"198","t":"23:37:24","h":"Est","s":"25N-H56N000S-80-S"},{"r":"198","t":"23:37:24","h":"Est","s":"25N-H56NV10S-80-S"},{"r":"198","t":"23:37:24","h":"Est","s":"25N-H56NV20S-80-S"},{"r":"198","t":"23:37:24","h":"Est","s":"25S-H56S000S-80-S"},{"r":"198","t":"24:05:36","h":"Est","s":"25N-H56N000A-80-A"},{"r":"198","t":"24:05:36","h":"Est","s":"25N-H56N000I-80-I"},{"r":"198","t":"24:05:36","h":"Est","s":"25N-H56N000S-80-S"},{"r":"198","t":"24:05:36","h":"Est","s":"25N-H56N100F-80-F1"},{"r":"198","t":"24:05:36","h":"Est","s":"25N-H56N200F-80-F2"},{"r":"198","t":"24:05:36","h":"Est","s":"25N-H56N300F-80-F3"},{"r":"198","t":"24:05:36","h":"Est","s":"25N-H56N400F-80-F4"},{"r":"198","t":"24:05:36","h":"Est","s":"25N-H56NV10A-80-A"},{"r":"198","t":"24:05:36","h":"Est","s":"25N-H56NV10I-80-I"},{"r":"198","t":"24:05:36","h":"Est","s":"25N-H56NV10S-80-S"},{"r":"198","t":"24:05:36","h":"Est","s":"25N-H56NV20A-80-A"},{"r":"198","t":"24:05:36","h":"Est","s":"25N-H56NV20I-80-I"},{"r":"198","t":"24:05:36","h":"Est","s":"25N-H56NV20S-80-S"},{"r":"198","t":"24:05:36","h":"Est","s":"25S-H56S000A-80-A"},{"r":"198","t":"24:05:36","h":"Est","s":"25S-H56S000I-80-I"},{"r":"198","t":"24:05:36","h":"Est","s":"25S-H56S000S-80-S"},{"r":"198","t":"24:05:36","h":"Est","s":"25S-H56S100F-80-F1"},{"r":"198","t":"24:05:36","h":"Est","s":"25S-H56S200F-81-F2"},{"r":"198","t":"24:35:36","h":"Est","s":"25N-H56N000A-80-A"},{"r":"198","t":"24:35:36","h":"Est","s":"25N-H56N000I-80-I"},{"r":"198","t":"24:35:36","h":"Est","s":"25N-H56N000S-80-S"},{"r":"198","t":"24:35:36","h":"Est","s":"25N-H56N100F-80-F1"},{"r":"198","t":"24:35:36","h":"Est","s":"25N-H56N200F-80-F2"},{"r":"198","t":"24:35:36","h":"Est","s":"25N-H56N300F-80-F3"},{"r":"198","t":"24:35:36","h":"Est","s":"25N-H56N400F-80-F4"},{"r":"198","t":"24:35:36","h":"Est","s":"25N-H56NV10A-80-A"},{"r":"198","t":"24:35:36","h":"Est","s":"25N-H56NV10I-80-I"},{"r":"198","t":"24:35:36","h":"Est","s":"25N-H56NV10S-80-S"},{"r":"198","t":"24:35:36","h":"Est","s":"25N-H56NV20A-80-A"},{"r":"198","t":"24:35:36","h":"Est","s":"25N-H56NV20I-80-I"},{"r":"198","t":"24:35:36","h":"Est","s":"25N-H56NV20S-80-S"},{"r":"198","t":"24:35:36","h":"Est","s":"25S-H56S000A-80-A"},{"r":"198","t":"24:35:36","h":"Est","s":"25S-H56S000I-80-I"},{"r":"198","t":"24:35:36","h":"Est","s":"25S-H56S000S-80-S"},{"r":"198","t":"24:35:36","h":"Est","s":"25S-H56S100F-80-F1"},{"r":"198","t":"24:35:36","h":"Est","s":"25S-H56S200F-81-F2"},{"r":"198","t":"25:05:36","h":"Est","s":"25N-H56N000S-80-S"},{"r":"198","t":"25:05:36","h":"Est","s":"25N-H56NV10S-80-S"},{"r":"198","t":"25:05:36","h":"Est","s":"25N-H56NV20S-80-S"},{"r":"198","t":"25:05:36","h":"Est","s":"25S-H56S000S-80-S"}]