[{"r":"409","t":"05:58:00","h":"Sud via Davignon","s":"25N-H60N000S-80-S"},{"r":"409","t":"05:58:00","h":"Sud via Davignon","s":"25N-H60N000S-98-S"},{"r":"409","t":"05:58:00","h":"Sud via Davignon","s":"25N-H60NV10S-98-S"},{"r":"409","t":"05:58:00","h":"Sud via Davignon","s":"25N-H60NV20S-98-S"},{"r":"409","t":"05:58:00","h":"Sud via Davignon","s":"25S-H60S000S-80-S"},{"r":"409","t":"06:27:00","h":"Sud via Davignon","s":"25N-H60N000S-80-S"},{"r":"409","t":"06:27:00","h":"Sud via Davignon","s":"25N-H60N000S-98-S"},{"r":"409","t":"06:27:00","h":"Sud via Davignon","s":"25N-H60NV10S-98-S"},{"r":"409","t":"06:27:00","h":"Sud via Davignon","s":"25N-H60NV20S-98-S"},{"r":"409","t":"06:27:00","h":"Sud via Davignon","s":"25S-H60S000S-80-S"},{"r":"216","t":"06:44:54","h":"Est","s":"25N-H60N000S-80-S"},{"r":"216","t":"06:44:54","h":"Est","s":"25N-H60N000S-98-S"},{"r":"216","t":"06:44:54","h":"Est","s":"25N-H60N200F-81-F2"},{"r":"216","t":"06:44:54","h":"Est","s":"25N-H60N400F-81-F4"},{"r":"216","t":"06:44:54","h":"Est","s":"25N-H60NV10S-98-S"},{"r":"216","t":"06:44:54","h":"Est","s":"25N-H60NV20S-98-S"},{"r":"216","t":"06:44:54","h":"Est","s":"25S-H60S000S-80-S"},{"r":"409","t":"06:59:00","h":"Sud via Davignon","s":"25N-H60N000S-80-S"},{"r":"409","t":"06:59:00","h":"Sud via Davignon","s":"25N-H60N000S-98-S"},{"r":"409","t":"06:59:00","h":"Sud via Davignon","s":"25N-H60NV10S-98-S"},{"r":"409","t":"06:59:00","h":"Sud via Davignon","s":"25N-H60NV20S-98-S"},{"r":"409","t":"06:59:00","h":"Sud via Davignon","s":"25S-H60S000S-80-S"},{"r":"216","t":"07:13:54","h":"Est","s":"25N-H60N000S-80-S"},{"r":"216","t":"07:13:54","h":"Est","s":"25N-H60N000S-98-S"},{"r":"216","t":"07:13:54","h":"Est","s":"25N-H60N200F-81-F2"},{"r":"216","t":"07:13:54","h":"Est","s":"25N-H60N400F-81-F4"},{"r":"216","t":"07:13:54","h":"Est","s":"25N-H60NV10S-98-S"},{"r":"216","t":"07:13:54","h":"Est","s":"25N-H60NV20S-98-S"},{"r":"216","t":"07:13:54","h":"Est","s":"25S-H60S000S-80-S"},{"r":"409","t":"07:20:00","h":"Sud via Davignon","s":"25N-H60N000S-80-S"},{"r":"409","t":"07:20:00","h":"Sud via Davignon","s":"25N-H60N000S-98-S"},{"r":"409","t":"07:20:00","h":"Sud via Davignon","s":"25N-H60NV10S-98-S"},{"r":"409","t":"07:20:00","h":"Sud via Davignon","s":"25N-H60NV20S-98-S"},{"r":"409","t":"07:20:00","h":"Sud via Davignon","s":"25S-H60S000S-80-S"},{"r":"409","t":"07:40:00","h":"Sud via Davignon","s":"25N-H60N000S-80-S"},{"r":"409","t":"07:40:00","h":"Sud via Davignon","s":"25N-H60N000S-98-S"},{"r":"409","t":"07:40:00","h":"Sud via Davignon","s":"25N-H60NV10S-98-S"},{"r":"409","t":"07:40:00","h":"Sud via Davignon","s":"25N-H60NV20S-98-S"},{"r":"409","t":"07:40:00","h":"Sud via Davignon","s":"25S-H60S000S-80-S"},{"r":"216","t":"07:47:54","h":"Est","s":"25N-H60N000S-80-S"},{"r":"216","t":"07:47:54","h":"Est","s":"25N-H60N000S-98-S"},{"r":"216","t":"07:47:54","h":"Est","s":"25N-H60N200F-81-F2"},{"r":"216","t":"07:47:54","h":"Est","s":"25N-H60N400F-81-F4"},{"r":"216","t":"07:47:54","h":"Est","s":"25N-H60NV10S-98-S"},{"r":"216","t":"07:47:54","h":"Est","s":"25N-H60NV20S-98-S"},{"r":"216","t":"07:47:54","h":"Est","s":"25S-H60S000S-80-S"},{"r":"409","t":"08:09:00","h":"Sud via Davignon","s":"25N-H60N000S-80-S"},{"r":"409","t":"08:09:00","h":"Sud via Davignon","s":"25N-H60N000S-98-S"},{"r":"409","t":"08:09:00","h":"Sud via Davignon","s":"25N-H60NV10S-98-S"},{"r":"409","t":"08:09:00","h":"Sud via Davignon","s":"25N-H60NV20S-98-S"},{"r":"409","t":"08:09:00","h":"Sud via Davignon","s":"25S-H60S000S-80-S"},{"r":"216","t":"08:20:54","h":"Est","s":"25N-H60N000S-80-S"},{"r":"216","t":"08:20:54","h":"Est","s":"25N-H60N000S-98-S"},{"r":"216","t":"08:20:54","h":"Est","s":"25N-H60N200F-81-F2"},{"r":"216","t":"08:20:54","h":"Est","s":"25N-H60N400F-81-F4"},{"r":"216","t":"08:20:54","h":"Est","s":"25N-H60NV10S-98-S"},{"r":"216","t":"08:20:54","h":"Est","s":"25N-H60NV20S-98-S"},{"r":"216","t":"08:20:54","h":"Est","s":"25S-H60S000S-80-S"},{"r":"409","t":"08:38:00","h":"Sud via Davignon","s":"25N-H60N000S-80-S"},{"r":"409","t":"08:38:00","h":"Sud via Davignon","s":"25N-H60N000S-98-S"},{"r":"409","t":"08:38:00","h":"Sud via Davignon","s":"25N-H60NV10S-98-S"},{"r":"409","t":"08:38:00","h":"Sud via Davignon","s":"25N-H60NV20S-98-S"},{"r":"409","t":"08:38:00","h":"Sud via Davignon","s":"25S-H60S000S-80-S"},{"r":"216","t":"08:48:54","h":"Est","s":"25N-H60N000S-80-S"},{"r":"216","t":"08:48:54","h":"Est","s":"25N-H60N000S-98-S"},{"r":"216","t":"08:48:54","h":"Est","s":"25N-H60N200F-81-F2"},{"r":"216","t":"08:48:54","h":"Est","s":"25N-H60N400F-81-F4"},{"r":"216","t":"08:48:54","h":"Est","s":"25N-H60NV10S-98-S"},{"r":"216","t":"08:48:54","h":"Est","s":"25N-H60NV20S-98-S"},{"r":"216","t":"08:48:54","h":"Est","s":"25S-H60S000S-80-S"},{"r":"409","t":"09:07:00","h":"Sud via Davignon","s":"25N-H60N000S-80-S"},{"r":"409","t":"09:07:00","h":"Sud via Davignon","s":"25N-H60N000S-98-S"},{"r":"409","t":"09:07:00","h":"Sud via Davignon","s":"25N-H60NV10S-98-S"},{"r":"409","t":"09:07:00","h":"Sud via Davignon","s":"25N-H60NV20S-98-S"},{"r":"409","t":"09:07:00","h":"Sud via Davignon","s":"25S-H60S000S-80-S"},{"r":"216","t":"09:18:54","h":"Est","s":"25N-H60N000S-80-S"},{"r":"216","t":"09:18:54","h":"Est","s":"25N-H60N000S-98-S"},{"r":"216","t":"09:18:54","h":"Est","s":"25N-H60N200F-81-F2"},{"r":"216","t":"09:18:54","h":"Est","s":"25N-H60N400F-81-F4"},{"r":"216","t":"09:18:54","h":"Est","s":"25N-H60NV10S-98-S"},{"r":"216","t":"09:18:54","h":"Est","s":"25N-H60NV20S-98-S"},{"r":"216","t":"09:18:54","h":"Est","s":"25S-H60S000S-80-S"},{"r":"409","t":"09:34:00","h":"Sud via Davignon","s":"25N-H60N000S-80-S"},{"r":"409","t":"09:34:00","h":"Sud via Davignon","s":"25N-H60N000S-98-S"},{"r":"409","t":"09:34:00","h":"Sud via Davignon","s":"25N-H60NV10S-98-S"},{"r":"409","t":"09:34:00","h":"Sud via Davignon","s":"25N-H60NV20S-98-S"},{"r":"409","t":"09:34:00","h":"Sud via Davignon","s":"25S-H60S000S-80-S"},{"r":"216","t":"09:40:54","h":"Est","s":"25N-H60N000S-80-S"},{"r":"216","t":"09:40:54","h":"Est","s":"25N-H60N000S-98-S"},{"r":"216","t":"09:40:54","h":"Est","s":"25N-H60N200F-81-F2"},{"r":"216","t":"09:40:54","h":"Est","s":"25N-H60N400F-81-F4"},{"r":"216","t":"09:40:54","h":"Est","s":"25N-H60NV10S-98-S"},{"r":"216","t":"09:40:54","h":"Est","s":"25N-H60NV20S-98-S"},{"r":"216","t":"09:40:54","h":"Est","s":"25S-H60S000S-80-S"},{"r":"409","t":"10:02:00","h":"Sud via Davignon","s":"25N-H60N000S-80-S"},{"r":"409","t":"10:02:00","h":"Sud via Davignon","s":"25N-H60N000S-98-S"},{"r":"409","t":"10:02:00","h":"Sud via Davignon","s":"25N-H60NV10S-98-S"},{"r":"409","t":"10:02:00","h":"Sud via Davignon","s":"25N-H60NV20S-98-S"},{"r":"409","t":"10:02:00","h":"Sud via Davignon","s":"25S-H60S000S-80-S"},{"r":"409","t":"10:29:00","h":"Sud via Davignon","s":"25N-H60N000S-80-S"},{"r":"409","t":"10:29:00","h":"Sud via Davignon","s":"25N-H60N000S-98-S"},{"r":"409","t":"10:29:00","h":"Sud via Davignon","s":"25N-H60NV10S-98-S"},{"r":"409","t":"10:29:00","h":"Sud via Davignon","s":"25N-H60NV20S-98-S"},{"r":"409","t":"10:29:00","h":"Sud via Davignon","s":"25S-H60S000S-80-S"},{"r":"409","t":"15:12:31","h":"Sud","s":"25N-H50N000S-80-S"},{"r":"409","t":"15:12:31","h":"Sud","s":"25N-H50N000S-90-S"},{"r":"409","t":"15:12:31","h":"Sud","s":"25N-H50NV10S-90-S"},{"r":"409","t":"15:12:31","h":"Sud","s":"25N-H50NV20S-90-S"},{"r":"409","t":"15:12:31","h":"Sud","s":"25S-H50S000S-81-S"},{"r":"216","t":"15:24:12","h":"Est","s":"25N-H60N000S-80-S"},{"r":"216","t":"15:24:12","h":"Est","s":"25N-H60N000S-98-S"},{"r":"216","t":"15:24:12","h":"Est","s":"25N-H60N200F-81-F2"},{"r":"216","t":"15:24:12","h":"Est","s":"25N-H60N400F-81-F4"},{"r":"216","t":"15:24:12","h":"Est","s":"25N-H60NV10S-98-S"},{"r":"216","t":"15:24:12","h":"Est","s":"25N-H60NV20S-98-S"},{"r":"216","t":"15:24:12","h":"Est","s":"25S-H60S000S-80-S"},{"r":"409","t":"15:34:31","h":"Sud","s":"25N-H60N000S-80-S"},{"r":"409","t":"15:34:31","h":"Sud","s":"25N-H60N000S-98-S"},{"r":"409","t":"15:34:31","h":"Sud","s":"25N-H60NV10S-98-S"},{"r":"409","t":"15:34:31","h":"Sud","s":"25N-H60NV20S-98-S"},{"r":"409","t":"15:34:31","h":"Sud","s":"25S-H60S000S-80-S"},{"r":"216","t":"15:56:12","h":"Est","s":"25N-H60N000S-80-S"},{"r":"216","t":"15:56:12","h":"Est","s":"25N-H60N000S-98-S"},{"r":"216","t":"15:56:12","h":"Est","s":"25N-H60N200F-81-F2"},{"r":"216","t":"15:56:12","h":"Est","s":"25N-H60N400F-81-F4"},{"r":"216","t":"15:56:12","h":"Est","s":"25N-H60NV10S-98-S"},{"r":"216","t":"15:56:12","h":"Est","s":"25N-H60NV20S-98-S"},{"r":"216","t":"15:56:12","h":"Est","s":"25S-H60S000S-80-S"},{"r":"409","t":"15:59:31","h":"Sud","s":"25N-H60N000S-80-S"},{"r":"409","t":"15:59:31","h":"Sud","s":"25N-H60N000S-98-S"},{"r":"409","t":"15:59:31","h":"Sud","s":"25N-H60NV10S-98-S"},{"r":"409","t":"15:59:31","h":"Sud","s":"25N-H60NV20S-98-S"},{"r":"409","t":"15:59:31","h":"Sud","s":"25S-H60S000S-80-S"},{"r":"409","t":"16:22:31","h":"Sud","s":"25N-H50N000S-80-S"},{"r":"409","t":"16:22:31","h":"Sud","s":"25N-H50N000S-90-S"},{"r":"409","t":"16:22:31","h":"Sud","s":"25N-H50NV10S-90-S"},{"r":"409","t":"16:22:31","h":"Sud","s":"25N-H50NV20S-90-S"},{"r":"409","t":"16:22:31","h":"Sud","s":"25S-H50S000S-81-S"},{"r":"216","t":"16:24:12","h":"Est","s":"25N-H60N000S-80-S"},{"r":"216","t":"16:24:12","h":"Est","s":"25N-H60N000S-98-S"},{"r":"216","t":"16:24:12","h":"Est","s":"25N-H60N200F-81-F2"},{"r":"216","t":"16:24:12","h":"Est","s":"25N-H60N400F-81-F4"},{"r":"216","t":"16:24:12","h":"Est","s":"25N-H60NV10S-98-S"},{"r":"216","t":"16:24:12","h":"Est","s":"25N-H60NV20S-98-S"},{"r":"216","t":"16:24:12","h":"Est","s":"25S-H60S000S-80-S"},{"r":"409","t":"16:53:31","h":"Sud","s":"25N-H60N000S-80-S"},{"r":"409","t":"16:53:31","h":"Sud","s":"25N-H60N000S-98-S"},{"r":"409","t":"16:53:31","h":"Sud","s":"25N-H60NV10S-98-S"},{"r":"409","t":"16:53:31","h":"Sud","s":"25N-H60NV20S-98-S"},{"r":"409","t":"16:53:31","h":"Sud","s":"25S-H60S000S-80-S"},{"r":"216","t":"16:55:12","h":"Est","s":"25N-H60N000S-80-S"},{"r":"216","t":"16:55:12","h":"Est","s":"25N-H60N000S-98-S"},{"r":"216","t":"16:55:12","h":"Est","s":"25N-H60N200F-81-F2"},{"r":"216","t":"16:55:12","h":"Est","s":"25N-H60N400F-81-F4"},{"r":"216","t":"16:55:12","h":"Est","s":"25N-H60NV10S-98-S"},{"r":"216","t":"16:55:12","h":"Est","s":"25N-H60NV20S-98-S"},{"r":"216","t":"16:55:12","h":"Est","s":"25S-H60S000S-80-S"},{"r":"216","t":"17:22:54","h":"Est","s":"25N-H60N000S-80-S"},{"r":"216","t":"17:22:54","h":"Est","s":"25N-H60N000S-98-S"},{"r":"216","t":"17:22:54","h":"Est","s":"25N-H60N200F-81-F2"},{"r":"216","t":"17:22:54","h":"Est","s":"25N-H60N400F-81-F4"},{"r":"216","t":"17:22:54","h":"Est","s":"25N-H60NV10S-98-S"},{"r":"216","t":"17:22:54","h":"Est","s":"25N-H60NV20S-98-S"},{"r":"216","t":"17:22:54","h":"Est","s":"25S-H60S000S-80-S"},{"r":"409","t":"17:26:00","h":"Sud","s":"25N-H60N000S-80-S"},{"r":"409","t":"17:26:00","h":"Sud","s":"25N-H60N000S-98-S"},{"r":"409","t":"17:26:00","h":"Sud","s":"25N-H60NV10S-98-S"},{"r":"409","t":"17:26:00","h":"Sud","s":"25N-H60NV20S-98-S"},{"r":"409","t":"17:26:00","h":"Sud","s":"25S-H60S000S-80-S"},{"r":"216","t":"17:52:54","h":"Est","s":"25N-H60N000S-80-S"},{"r":"216","t":"17:52:54","h":"Est","s":"25N-H60N000S-98-S"},{"r":"216","t":"17:52:54","h":"Est","s":"25N-H60N200F-81-F2"},{"r":"216","t":"17:52:54","h":"Est","s":"25N-H60N400F-81-F4"},{"r":"216","t":"17:52:54","h":"Est","s":"25N-H60NV10S-98-S"},{"r":"216","t":"17:52:54","h":"Est","s":"25N-H60NV20S-98-S"},{"r":"216","t":"17:52:54","h":"Est","s":"25S-H60S000S-80-S"},{"r":"409","t":"17:59:00","h":"Sud","s":"25N-H60N000S-80-S"},{"r":"409","t":"17:59:00","h":"Sud","s":"25N-H60N000S-98-S"},{"r":"409","t":"17:59:00","h":"Sud","s":"25N-H60NV10S-98-S"},{"r":"409","t":"17:59:00","h":"Sud","s":"25N-H60NV20S-98-S"},{"r":"409","t":"17:59:00","h":"Sud","s":"25S-H60S000S-80-S"},{"r":"216","t":"18:27:54","h":"Est","s":"25N-H60N000S-80-S"},{"r":"216","t":"18:27:54","h":"Est","s":"25N-H60N000S-98-S"},{"r":"216","t":"18:27:54","h":"Est","s":"25N-H60N200F-81-F2"},{"r":"216","t":"18:27:54","h":"Est","s":"25N-H60N400F-81-F4"},{"r":"216","t":"18:27:54","h":"Est","s":"25N-H60NV10S-98-S"},{"r":"216","t":"18:27:54","h":"Est","s":"25N-H60NV20S-98-S"},{"r":"216","t":"18:27:54","h":"Est","s":"25S-H60S000S-80-S"},{"r":"409","t":"18:30:00","h":"Sud","s":"25N-H60N000S-80-S"},{"r":"409","t":"18:30:00","h":"Sud","s":"25N-H60N000S-98-S"},{"r":"409","t":"18:30:00","h":"Sud","s":"25N-H60NV10S-98-S"},{"r":"409","t":"18:30:00","h":"Sud","s":"25N-H60NV20S-98-S"},{"r":"409","t":"18:30:00","h":"Sud","s":"25S-H60S000S-80-S"},{"r":"216","t":"19:04:54","h":"Est","s":"25N-H60N000S-80-S"},{"r":"216","t":"19:04:54","h":"Est","s":"25N-H60N000S-98-S"},{"r":"216","t":"19:04:54","h":"Est","s":"25N-H60N200F-81-F2"},{"r":"216","t":"19:04:54","h":"Est","s":"25N-H60N400F-81-F4"},{"r":"216","t":"19:04:54","h":"Est","s":"25N-H60NV10S-98-S"},{"r":"216","t":"19:04:54","h":"Est","s":"25N-H60NV20S-98-S"},{"r":"216","t":"19:04:54","h":"Est","s":"25S-H60S000S-80-S"},{"r":"376","t":"25:08:54","h":"Est","s":"25N-H60N000S-80-S"},{"r":"376","t":"25:08:54","h":"Est","s":"25N-H60N000S-98-S"},{"r":"376","t":"25:08:54","h":"Est","s":"25N-H60NV10S-98-S"},{"r":"376","t":"25:08:54","h":"Est","s":"25N-H60NV20S-98-S"},{"r":"376","t":"25:08:54","h":"Est","s":"25S-H60S000S-80-S"},{"r":"376","t":"25:09:54","h":"Est","s":"25N-H60N000A-80-A"},{"r":"376","t":"25:09:54","h":"Est","s":"25N-H60N000I-80-I"},{"r":"376","t":"25:09:54","h":"Est","s":"25N-H60N100F-81-F1"},{"r":"376","t":"25:09:54","h":"Est","s":"25N-H60N200F-81-F2"},{"r":"376","t":"25:09:54","h":"Est","s":"25N-H60N300F-82-F3"},{"r":"376","t":"25:09:54","h":"Est","s":"25N-H60N400F-81-F4"},{"r":"376","t":"25:09:54","h":"Est","s":"25N-H60NV10A-80-A"},{"r":"376","t":"25:09:54","h":"Est","s":"25N-H60NV10I-80-I"},{"r":"376","t":"25:09:54","h":"Est","s":"25N-H60NV20A-80-A"},{"r":"376","t":"25:09:54","h":"Est","s":"25N-H60NV20I-80-I"},{"r":"376","t":"25:09:54","h":"Est","s":"25S-H60S000A-80-A"},{"r":"376","t":"25:09:54","h":"Est","s":"25S-H60S000I-80-I"},{"r":"376","t":"25:09:54","h":"Est","s":"25S-H60S100F-82-F1"},{"r":"376","t":"25:09:54","h":"Est","s":"25S-H60S200F-81-F2"},{"r":"376","t":"25:52:54","h":"Est","s":"25N-H60N000S-80-S"},{"r":"376","t":"25:52:54","h":"Est","s":"25N-H60N000S-98-S"},{"r":"376","t":"25:52:54","h":"Est","s":"25N-H60NV10S-98-S"},{"r":"376","t":"25:52:54","h":"Est","s":"25N-H60NV20S-98-S"},{"r":"376","t":"25:52:54","h":"Est","s":"25S-H60S000S-80-S"},{"r":"376","t":"25:54:54","h":"Est","s":"25N-H60N000A-80-A"},{"r":"376","t":"25:54:54","h":"Est","s":"25N-H60N000I-80-I"},{"r":"376","t":"25:54:54","h":"Est","s":"25N-H60N100F-81-F1"},{"r":"376","t":"25:54:54","h":"Est","s":"25N-H60N200F-81-F2"},{"r":"376","t":"25:54:54","h":"Est","s":"25N-H60N300F-82-F3"},{"r":"376","t":"25:54:54","h":"Est","s":"25N-H60N400F-81-F4"},{"r":"376","t":"25:54:54","h":"Est","s":"25N-H60NV10A-80-A"},{"r":"376","t":"25:54:54","h":"Est","s":"25N-H60NV10I-80-I"},{"r":"376","t":"25:54:54","h":"Est","s":"25N-H60NV20A-80-A"},{"r":"376","t":"25:54:54","h":"Est","s":"25N-H60NV20I-80-I"},{"r":"376","t":"25:54:54","h":"Est","s":"25S-H60S000A-80-A"},{"r":"376","t":"25:54:54","h":"Est","s":"25S-H60S000I-80-I"},{"r":"376","t":"25:54:54","h":"Est","s":"25S-H60S100F-82-F1"},{"r":"376","t":"25:54:54","h":"Est","s":"25S-H60S200F-81-F2"},{"r":"376","t":"26:37:54","h":"Est","s":"25N-H60N000S-80-S"},{"r":"376","t":"26:37:54","h":"Est","s":"25N-H60N000S-98-S"},{"r":"376","t":"26:37:54","h":"Est","s":"25N-H60NV10S-98-S"},{"r":"376","t":"26:37:54","h":"Est","s":"25N-H60NV20S-98-S"},{"r":"376","t":"26:37:54","h":"Est","s":"25S-H60S000S-80-S"},{"r":"376","t":"26:39:54","h":"Est","s":"25N-H60N000A-80-A"},{"r":"376","t":"26:39:54","h":"Est","s":"25N-H60N000I-80-I"},{"r":"376","t":"26:39:54","h":"Est","s":"25N-H60N100F-81-F1"},{"r":"376","t":"26:39:54","h":"Est","s":"25N-H60N200F-81-F2"},{"r":"376","t":"26:39:54","h":"Est","s":"25N-H60N300F-82-F3"},{"r":"376","t":"26:39:54","h":"Est","s":"25N-H60N400F-81-F4"},{"r":"376","t":"26:39:54","h":"Est","s":"25N-H60NV10A-80-A"},{"r":"376","t":"26:39:54","h":"Est","s":"25N-H60NV10I-80-I"},{"r":"376","t":"26:39:54","h":"Est","s":"25N-H60NV20A-80-A"},{"r":"376","t":"26:39:54","h":"Est","s":"25N-H60NV20I-80-I"},{"r":"376","t":"26:39:54","h":"Est","s":"25S-H60S000A-80-A"},{"r":"376","t":"26:39:54","h":"Est","s":"25S-H60S000I-80-I"},{"r":"376","t":"26:39:54","h":"Est","s":"25S-H60S100F-82-F1"},{"r":"376","t":"26:39:54","h":"Est","s":"25S-H60S200F-81-F2"},{"r":"376","t":"27:22:54","h":"Est","s":"25N-H60N000S-80-S"},{"r":"376","t":"27:22:54","h":"Est","s":"25N-H60N000S-98-S"},{"r":"376","t":"27:22:54","h":"Est","s":"25N-H60NV10S-98-S"},{"r":"376","t":"27:22:54","h":"Est","s":"25N-H60NV20S-98-S"},{"r":"376","t":"27:22:54","h":"Est","s":"25S-H60S000S-80-S"},{"r":"376","t":"27:24:54","h":"Est","s":"25N-H60N000A-80-A"},{"r":"376","t":"27:24:54","h":"Est","s":"25N-H60N000I-80-I"},{"r":"376","t":"27:24:54","h":"Est","s":"25N-H60N100F-81-F1"},{"r":"376","t":"27:24:54","h":"Est","s":"25N-H60N200F-81-F2"},{"r":"376","t":"27:24:54","h":"Est","s":"25N-H60N300F-82-F3"},{"r":"376","t":"27:24:54","h":"Est","s":"25N-H60N400F-81-F4"},{"r":"376","t":"27:24:54","h":"Est","s":"25N-H60NV10A-80-A"},{"r":"376","t":"27:24:54","h":"Est","s":"25N-H60NV10I-80-I"},{"r":"376","t":"27:24:54","h":"Est","s":"25N-H60NV20A-80-A"},{"r":"376","t":"27:24:54","h":"Est","s":"25N-H60NV20I-80-I"},{"r":"376","t":"27:24:54","h":"Est","s":"25S-H60S000A-80-A"},{"r":"376","t":"27:24:54","h":"Est","s":"25S-H60S000I-80-I"},{"r":"376","t":"27:24:54","h":"Est","s":"25S-H60S100F-82-F1"},{"r":"376","t":"27:24:54","h":"Est","s":"25S-H60S200F-81-F2"},{"r":"376","t":"28:07:54","h":"Est","s":"25N-H60N000S-80-S"},{"r":"376","t":"28:07:54","h":"Est","s":"25N-H60N000S-98-S"},{"r":"376","t":"28:07:54","h":"Est","s":"25N-H60NV10S-98-S"},{"r":"376","t":"28:07:54","h":"Est","s":"25N-H60NV20S-98-S"},{"r":"376","t":"28:07:54","h":"Est","s":"25S-H60S000S-80-S"},{"r":"376","t":"28:08:54","h":"Est","s":"25N-H60N000I-80-I"},{"r":"376","t":"28:08:54","h":"Est","s":"25N-H60N100F-81-F1"},{"r":"376","t":"28:08:54","h":"Est","s":"25N-H60N200F-81-F2"},{"r":"376","t":"28:08:54","h":"Est","s":"25N-H60N300F-82-F3"},{"r":"376","t":"28:08:54","h":"Est","s":"25N-H60N400F-81-F4"},{"r":"376","t":"28:08:54","h":"Est","s":"25N-H60NV10I-80-I"},{"r":"376","t":"28:08:54","h":"Est","s":"25N-H60NV20I-80-I"},{"r":"376","t":"28:08:54","h":"Est","s":"25S-H60S000I-80-I"},{"r":"376","t":"28:08:54","h":"Est","s":"25S-H60S100F-82-F1"},{"r":"376","t":"28:08:54","h":"Est","s":"25S-H60S200F-81-F2"},{"r":"376","t":"28:09:54","h":"Est","s":"25N-H60N000A-80-A"},{"r":"376","t":"28:09:54","h":"Est","s":"25N-H60NV10A-80-A"},{"r":"376","t":"28:09:54","h":"Est","s":"25N-H60NV20A-80-A"},{"r":"376","t":"28:09:54","h":"Est","s":"25S-H60S000A-80-A"}]