[{"r":"195","t":"04:38:00","h":"Est","s":"25N-H56N000S-80-S"},{"r":"195","t":"04:38:00","h":"Est","s":"25N-H56NV10S-80-S"},{"r":"195","t":"04:38:00","h":"Est","s":"25N-H56NV20S-80-S"},{"r":"195","t":"04:38:00","h":"Est","s":"25S-H56S000S-80-S"},{"r":"195","t":"04:48:00","h":"Est","s":"25N-H56N000I-80-I"},{"r":"195","t":"04:48:00","h":"Est","s":"25N-H56N100F-80-F1"},{"r":"195","t":"04:48:00","h":"Est","s":"25N-H56N200F-80-F2"},{"r":"195","t":"04:48:00","h":"Est","s":"25N-H56N300F-80-F3"},{"r":"195","t":"04:48:00","h":"Est","s":"25N-H56N400F-80-F4"},{"r":"195","t":"04:48:00","h":"Est","s":"25N-H56NV10I-80-I"},{"r":"195","t":"04:48:00","h":"Est","s":"25N-H56NV20I-80-I"},{"r":"195","t":"04:48:00","h":"Est","s":"25S-H56S000I-80-I"},{"r":"195","t":"04:48:00","h":"Est","s":"25S-H56S100F-80-F1"},{"r":"195","t":"04:48:00","h":"Est","s":"25S-H56S200F-81-F2"},{"r":"195","t":"04:49:00","h":"Est","s":"25N-H56N000A-80-A"},{"r":"195","t":"04:49:00","h":"Est","s":"25N-H56NV10A-80-A"},{"r":"195","t":"04:49:00","h":"Est","s":"25N-H56NV20A-80-A"},{"r":"195","t":"04:49:00","h":"Est","s":"25S-H56S000A-80-A"},{"r":"195","t":"05:10:00","h":"Est","s":"25N-H56N000S-80-S"},{"r":"195","t":"05:10:00","h":"Est","s":"25N-H56NV10S-80-S"},{"r":"195","t":"05:10:00","h":"Est","s":"25N-H56NV20S-80-S"},{"r":"195","t":"05:10:00","h":"Est","s":"25S-H56S000S-80-S"},{"r":"195","t":"05:18:00","h":"Est","s":"25N-H56N000I-80-I"},{"r":"195","t":"05:18:00","h":"Est","s":"25N-H56N100F-80-F1"},{"r":"195","t":"05:18:00","h":"Est","s":"25N-H56N200F-80-F2"},{"r":"195","t":"05:18:00","h":"Est","s":"25N-H56N300F-80-F3"},{"r":"195","t":"05:18:00","h":"Est","s":"25N-H56N400F-80-F4"},{"r":"195","t":"05:18:00","h":"Est","s":"25N-H56NV10I-80-I"},{"r":"195","t":"05:18:00","h":"Est","s":"25N-H56NV20I-80-I"},{"r":"195","t":"05:18:00","h":"Est","s":"25S-H56S000I-80-I"},{"r":"195","t":"05:18:00","h":"Est","s":"25S-H56S100F-80-F1"},{"r":"195","t":"05:18:00","h":"Est","s":"25S-H56S200F-81-F2"},{"r":"195","t":"05:19:00","h":"Est","s":"25N-H56N000A-80-A"},{"r":"195","t":"05:19:00","h":"Est","s":"25N-H56NV10A-80-A"},{"r":"195","t":"05:19:00","h":"Est","s":"25N-H56NV20A-80-A"},{"r":"195","t":"05:19:00","h":"Est","s":"25S-H56S000A-80-A"},{"r":"195","t":"05:42:00","h":"Est","s":"25N-H56N000S-80-S"},{"r":"195","t":"05:42:00","h":"Est","s":"25N-H56NV10S-80-S"},{"r":"195","t":"05:42:00","h":"Est","s":"25N-H56NV20S-80-S"},{"r":"195","t":"05:42:00","h":"Est","s":"25S-H56S000S-80-S"},{"r":"195","t":"05:48:00","h":"Est","s":"25N-H56N000I-80-I"},{"r":"195","t":"05:48:00","h":"Est","s":"25N-H56N100F-80-F1"},{"r":"195","t":"05:48:00","h":"Est","s":"25N-H56N200F-80-F2"},{"r":"195","t":"05:48:00","h":"Est","s":"25N-H56N300F-80-F3"},{"r":"195","t":"05:48:00","h":"Est","s":"25N-H56N400F-80-F4"},{"r":"195","t":"05:48:00","h":"Est","s":"25N-H56NV10I-80-I"},{"r":"195","t":"05:48:00","h":"Est","s":"25N-H56NV20I-80-I"},{"r":"195","t":"05:48:00","h":"Est","s":"25S-H56S000I-80-I"},{"r":"195","t":"05:48:00","h":"Est","s":"25S-H56S100F-80-F1"},{"r":"195","t":"05:48:00","h":"Est","s":"25S-H56S200F-81-F2"},{"r":"195","t":"05:49:00","h":"Est","s":"25N-H56N000A-80-A"},{"r":"195","t":"05:49:00","h":"Est","s":"25N-H56NV10A-80-A"},{"r":"195","t":"05:49:00","h":"Est","s":"25N-H56NV20A-80-A"},{"r":"195","t":"05:49:00","h":"Est","s":"25S-H56S000A-80-A"},{"r":"195","t":"06:15:00","h":"Est","s":"25N-H56N000S-80-S"},{"r":"195","t":"06:15:00","h":"Est","s":"25N-H56NV10S-80-S"},{"r":"195","t":"06:15:00","h":"Est","s":"25N-H56NV20S-80-S"},{"r":"195","t":"06:15:00","h":"Est","s":"25S-H56S000S-80-S"},{"r":"195","t":"06:18:00","h":"Est","s":"25N-H56N000I-80-I"},{"r":"195","t":"06:18:00","h":"Est","s":"25N-H56N100F-80-F1"},{"r":"195","t":"06:18:00","h":"Est","s":"25N-H56N200F-80-F2"},{"r":"195","t":"06:18:00","h":"Est","s":"25N-H56N300F-80-F3"},{"r":"195","t":"06:18:00","h":"Est","s":"25N-H56N400F-80-F4"},{"r":"195","t":"06:18:00","h":"Est","s":"25N-H56NV10I-80-I"},{"r":"195","t":"06:18:00","h":"Est","s":"25N-H56NV20I-80-I"},{"r":"195","t":"06:18:00","h":"Est","s":"25S-H56S000I-80-I"},{"r":"195","t":"06:18:00","h":"Est","s":"25S-H56S100F-80-F1"},{"r":"195","t":"06:18:00","h":"Est","s":"25S-H56S200F-81-F2"},{"r":"195","t":"06:19:00","h":"Est","s":"25N-H56N000A-80-A"},{"r":"195","t":"06:19:00","h":"Est","s":"25N-H56NV10A-80-A"},{"r":"195","t":"06:19:00","h":"Est","s":"25N-H56NV20A-80-A"},{"r":"195","t":"06:19:00","h":"Est","s":"25S-H56S000A-80-A"},{"r":"411","t":"06:32:23","h":"Est","s":"25N-H56N000S-80-S"},{"r":"411","t":"06:32:23","h":"Est","s":"25N-H56NV10S-80-S"},{"r":"411","t":"06:32:23","h":"Est","s":"25N-H56NV20S-80-S"},{"r":"411","t":"06:32:23","h":"Est","s":"25S-H56S000S-80-S"},{"r":"195","t":"06:46:00","h":"Est","s":"25N-H56N000S-80-S"},{"r":"195","t":"06:46:00","h":"Est","s":"25N-H56NV10S-80-S"},{"r":"195","t":"06:46:00","h":"Est","s":"25N-H56NV20S-80-S"},{"r":"195","t":"06:46:00","h":"Est","s":"25S-H56S000S-80-S"},{"r":"195","t":"06:48:00","h":"Est","s":"25N-H56N000A-80-A"},{"r":"195","t":"06:48:00","h":"Est","s":"25N-H56N000I-80-I"},{"r":"195","t":"06:48:00","h":"Est","s":"25N-H56N100F-80-F1"},{"r":"195","t":"06:48:00","h":"Est","s":"25N-H56N200F-80-F2"},{"r":"195","t":"06:48:00","h":"Est","s":"25N-H56N300F-80-F3"},{"r":"195","t":"06:48:00","h":"Est","s":"25N-H56N400F-80-F4"},{"r":"195","t":"06:48:00","h":"Est","s":"25N-H56NV10A-80-A"},{"r":"195","t":"06:48:00","h":"Est","s":"25N-H56NV10I-80-I"},{"r":"195","t":"06:48:00","h":"Est","s":"25N-H56NV20A-80-A"},{"r":"195","t":"06:48:00","h":"Est","s":"25N-H56NV20I-80-I"},{"r":"195","t":"06:48:00","h":"Est","s":"25S-H56S000A-80-A"},{"r":"195","t":"06:48:00","h":"Est","s":"25S-H56S000I-80-I"},{"r":"195","t":"06:48:00","h":"Est","s":"25S-H56S100F-80-F1"},{"r":"195","t":"06:48:00","h":"Est","s":"25S-H56S200F-81-F2"},{"r":"411","t":"07:03:23","h":"Est","s":"25N-H56N000S-80-S"},{"r":"411","t":"07:03:23","h":"Est","s":"25N-H56NV10S-80-S"},{"r":"411","t":"07:03:23","h":"Est","s":"25N-H56NV20S-80-S"},{"r":"411","t":"07:03:23","h":"Est","s":"25S-H56S000S-80-S"},{"r":"195","t":"07:16:00","h":"Est","s":"25N-H56N000S-80-S"},{"r":"195","t":"07:16:00","h":"Est","s":"25N-H56NV10S-80-S"},{"r":"195","t":"07:16:00","h":"Est","s":"25N-H56NV20S-80-S"},{"r":"195","t":"07:16:00","h":"Est","s":"25S-H56S000S-80-S"},{"r":"195","t":"07:18:00","h":"Est","s":"25N-H56N000A-80-A"},{"r":"195","t":"07:18:00","h":"Est","s":"25N-H56N000I-80-I"},{"r":"195","t":"07:18:00","h":"Est","s":"25N-H56N100F-80-F1"},{"r":"195","t":"07:18:00","h":"Est","s":"25N-H56N200F-80-F2"},{"r":"195","t":"07:18:00","h":"Est","s":"25N-H56N300F-80-F3"},{"r":"195","t":"07:18:00","h":"Est","s":"25N-H56N400F-80-F4"},{"r":"195","t":"07:18:00","h":"Est","s":"25N-H56NV10A-80-A"},{"r":"195","t":"07:18:00","h":"Est","s":"25N-H56NV10I-80-I"},{"r":"195","t":"07:18:00","h":"Est","s":"25N-H56NV20A-80-A"},{"r":"195","t":"07:18:00","h":"Est","s":"25N-H56NV20I-80-I"},{"r":"195","t":"07:18:00","h":"Est","s":"25S-H56S000A-80-A"},{"r":"195","t":"07:18:00","h":"Est","s":"25S-H56S000I-80-I"},{"r":"195","t":"07:18:00","h":"Est","s":"25S-H56S100F-80-F1"},{"r":"195","t":"07:18:00","h":"Est","s":"25S-H56S200F-81-F2"},{"r":"411","t":"07:37:23","h":"Est","s":"25N-H56N000S-80-S"},{"r":"411","t":"07:37:23","h":"Est","s":"25N-H56NV10S-80-S"},{"r":"411","t":"07:37:23","h":"Est","s":"25N-H56NV20S-80-S"},{"r":"411","t":"07:37:23","h":"Est","s":"25S-H56S000S-80-S"},{"r":"195","t":"07:45:00","h":"Est","s":"25N-H60N000S-80-S"},{"r":"195","t":"07:45:00","h":"Est","s":"25N-H60N000S-98-S"},{"r":"195","t":"07:45:00","h":"Est","s":"25N-H60NV10S-98-S"},{"r":"195","t":"07:45:00","h":"Est","s":"25N-H60NV20S-98-S"},{"r":"195","t":"07:45:00","h":"Est","s":"25S-H60S000S-80-S"},{"r":"195","t":"07:48:00","h":"Est","s":"25N-H56N000I-80-I"},{"r":"195","t":"07:48:00","h":"Est","s":"25N-H56N100F-80-F1"},{"r":"195","t":"07:48:00","h":"Est","s":"25N-H56N200F-80-F2"},{"r":"195","t":"07:48:00","h":"Est","s":"25N-H56N300F-80-F3"},{"r":"195","t":"07:48:00","h":"Est","s":"25N-H56N400F-80-F4"},{"r":"195","t":"07:48:00","h":"Est","s":"25N-H56NV10I-80-I"},{"r":"195","t":"07:48:00","h":"Est","s":"25N-H56NV20I-80-I"},{"r":"195","t":"07:48:00","h":"Est","s":"25S-H56S000I-80-I"},{"r":"195","t":"07:48:00","h":"Est","s":"25S-H56S100F-80-F1"},{"r":"195","t":"07:48:00","h":"Est","s":"25S-H56S200F-81-F2"},{"r":"195","t":"07:49:00","h":"Est","s":"25N-H56N000A-80-A"},{"r":"195","t":"07:49:00","h":"Est","s":"25N-H56NV10A-80-A"},{"r":"195","t":"07:49:00","h":"Est","s":"25N-H56NV20A-80-A"},{"r":"195","t":"07:49:00","h":"Est","s":"25S-H56S000A-80-A"},{"r":"411","t":"08:11:12","h":"Est","s":"25N-H50N000S-80-S"},{"r":"411","t":"08:11:12","h":"Est","s":"25N-H50N000S-90-S"},{"r":"411","t":"08:11:12","h":"Est","s":"25N-H50NV10S-90-S"},{"r":"411","t":"08:11:12","h":"Est","s":"25N-H50NV20S-90-S"},{"r":"411","t":"08:11:12","h":"Est","s":"25S-H50S000S-81-S"},{"r":"195","t":"08:16:00","h":"Est","s":"25N-H56N000S-80-S"},{"r":"195","t":"08:16:00","h":"Est","s":"25N-H56NV10S-80-S"},{"r":"195","t":"08:16:00","h":"Est","s":"25N-H56NV20S-80-S"},{"r":"195","t":"08:16:00","h":"Est","s":"25S-H56S000S-80-S"},{"r":"195","t":"08:17:00","h":"Est","s":"25N-H56N000I-80-I"},{"r":"195","t":"08:17:00","h":"Est","s":"25N-H56N100F-80-F1"},{"r":"195","t":"08:17:00","h":"Est","s":"25N-H56N200F-80-F2"},{"r":"195","t":"08:17:00","h":"Est","s":"25N-H56N300F-80-F3"},{"r":"195","t":"08:17:00","h":"Est","s":"25N-H56N400F-80-F4"},{"r":"195","t":"08:17:00","h":"Est","s":"25N-H56NV10I-80-I"},{"r":"195","t":"08:17:00","h":"Est","s":"25N-H56NV20I-80-I"},{"r":"195","t":"08:17:00","h":"Est","s":"25S-H56S000I-80-I"},{"r":"195","t":"08:17:00","h":"Est","s":"25S-H56S100F-80-F1"},{"r":"195","t":"08:17:00","h":"Est","s":"25S-H56S200F-81-F2"},{"r":"195","t":"08:19:00","h":"Est","s":"25N-H56N000A-80-A"},{"r":"195","t":"08:19:00","h":"Est","s":"25N-H56NV10A-80-A"},{"r":"195","t":"08:19:00","h":"Est","s":"25N-H56NV20A-80-A"},{"r":"195","t":"08:19:00","h":"Est","s":"25S-H56S000A-80-A"},{"r":"411","t":"08:43:12","h":"Est","s":"25N-H56N000S-80-S"},{"r":"411","t":"08:43:12","h":"Est","s":"25N-H56NV10S-80-S"},{"r":"411","t":"08:43:12","h":"Est","s":"25N-H56NV20S-80-S"},{"r":"411","t":"08:43:12","h":"Est","s":"25S-H56S000S-80-S"},{"r":"195","t":"08:46:00","h":"Est","s":"25N-H56N000I-80-I"},{"r":"195","t":"08:46:00","h":"Est","s":"25N-H56N000S-80-S"},{"r":"195","t":"08:46:00","h":"Est","s":"25N-H56N100F-80-F1"},{"r":"195","t":"08:46:00","h":"Est","s":"25N-H56N200F-80-F2"},{"r":"195","t":"08:46:00","h":"Est","s":"25N-H56N300F-80-F3"},{"r":"195","t":"08:46:00","h":"Est","s":"25N-H56N400F-80-F4"},{"r":"195","t":"08:46:00","h":"Est","s":"25N-H56NV10I-80-I"},{"r":"195","t":"08:46:00","h":"Est","s":"25N-H56NV10S-80-S"},{"r":"195","t":"08:46:00","h":"Est","s":"25N-H56NV20I-80-I"},{"r":"195","t":"08:46:00","h":"Est","s":"25N-H56NV20S-80-S"},{"r":"195","t":"08:46:00","h":"Est","s":"25S-H56S000I-80-I"},{"r":"195","t":"08:46:00","h":"Est","s":"25S-H56S000S-80-S"},{"r":"195","t":"08:46:00","h":"Est","s":"25S-H56S100F-80-F1"},{"r":"195","t":"08:46:00","h":"Est","s":"25S-H56S200F-81-F2"},{"r":"195","t":"08:49:00","h":"Est","s":"25N-H56N000A-80-A"},{"r":"195","t":"08:49:00","h":"Est","s":"25N-H56NV10A-80-A"},{"r":"195","t":"08:49:00","h":"Est","s":"25N-H56NV20A-80-A"},{"r":"195","t":"08:49:00","h":"Est","s":"25S-H56S000A-80-A"},{"r":"411","t":"09:13:23","h":"Est","s":"25N-H60N000S-80-S"},{"r":"411","t":"09:13:23","h":"Est","s":"25N-H60N000S-98-S"},{"r":"411","t":"09:13:23","h":"Est","s":"25N-H60NV10S-98-S"},{"r":"411","t":"09:13:23","h":"Est","s":"25N-H60NV20S-98-S"},{"r":"411","t":"09:13:23","h":"Est","s":"25S-H60S000S-80-S"},{"r":"195","t":"09:15:00","h":"Est","s":"25N-H56N000I-80-I"},{"r":"195","t":"09:15:00","h":"Est","s":"25N-H56N100F-80-F1"},{"r":"195","t":"09:15:00","h":"Est","s":"25N-H56N200F-80-F2"},{"r":"195","t":"09:15:00","h":"Est","s":"25N-H56N300F-80-F3"},{"r":"195","t":"09:15:00","h":"Est","s":"25N-H56N400F-80-F4"},{"r":"195","t":"09:15:00","h":"Est","s":"25N-H56NV10I-80-I"},{"r":"195","t":"09:15:00","h":"Est","s":"25N-H56NV20I-80-I"},{"r":"195","t":"09:15:00","h":"Est","s":"25S-H56S000I-80-I"},{"r":"195","t":"09:15:00","h":"Est","s":"25S-H56S100F-80-F1"},{"r":"195","t":"09:15:00","h":"Est","s":"25S-H56S200F-81-F2"},{"r":"195","t":"09:16:00","h":"Est","s":"25N-H56N000S-80-S"},{"r":"195","t":"09:16:00","h":"Est","s":"25N-H56NV10S-80-S"},{"r":"195","t":"09:16:00","h":"Est","s":"25N-H56NV20S-80-S"},{"r":"195","t":"09:16:00","h":"Est","s":"25S-H56S000S-80-S"},{"r":"195","t":"09:19:00","h":"Est","s":"25N-H56N000A-80-A"},{"r":"195","t":"09:19:00","h":"Est","s":"25N-H56NV10A-80-A"},{"r":"195","t":"09:19:00","h":"Est","s":"25N-H56NV20A-80-A"},{"r":"195","t":"09:19:00","h":"Est","s":"25S-H56S000A-80-A"},{"r":"411","t":"09:42:23","h":"Est","s":"25N-H56N000S-80-S"},{"r":"411","t":"09:42:23","h":"Est","s":"25N-H56NV10S-80-S"},{"r":"411","t":"09:42:23","h":"Est","s":"25N-H56NV20S-80-S"},{"r":"411","t":"09:42:23","h":"Est","s":"25S-H56S000S-80-S"},{"r":"195","t":"09:44:00","h":"Est","s":"25N-H56N000I-80-I"},{"r":"195","t":"09:44:00","h":"Est","s":"25N-H56N100F-80-F1"},{"r":"195","t":"09:44:00","h":"Est","s":"25N-H56N200F-80-F2"},{"r":"195","t":"09:44:00","h":"Est","s":"25N-H56N300F-80-F3"},{"r":"195","t":"09:44:00","h":"Est","s":"25N-H56N400F-80-F4"},{"r":"195","t":"09:44:00","h":"Est","s":"25N-H56NV10I-80-I"},{"r":"195","t":"09:44:00","h":"Est","s":"25N-H56NV20I-80-I"},{"r":"195","t":"09:44:00","h":"Est","s":"25S-H56S000I-80-I"},{"r":"195","t":"09:44:00","h":"Est","s":"25S-H56S100F-80-F1"},{"r":"195","t":"09:44:00","h":"Est","s":"25S-H56S200F-81-F2"},{"r":"195","t":"09:47:00","h":"Est","s":"25N-H56N000S-80-S"},{"r":"195","t":"09:47:00","h":"Est","s":"25N-H56NV10S-80-S"},{"r":"195","t":"09:47:00","h":"Est","s":"25N-H56NV20S-80-S"},{"r":"195","t":"09:47:00","h":"Est","s":"25S-H56S000S-80-S"},{"r":"195","t":"09:50:00","h":"Est","s":"25N-H56N000A-80-A"},{"r":"195","t":"09:50:00","h":"Est","s":"25N-H56NV10A-80-A"},{"r":"195","t":"09:50:00","h":"Est","s":"25N-H56NV20A-80-A"},{"r":"195","t":"09:50:00","h":"Est","s":"25S-H56S000A-80-A"},{"r":"195","t":"10:16:00","h":"Est","s":"25N-H56N000I-80-I"},{"r":"195","t":"10:16:00","h":"Est","s":"25N-H56N100F-80-F1"},{"r":"195","t":"10:16:00","h":"Est","s":"25N-H56N200F-80-F2"},{"r":"195","t":"10:16:00","h":"Est","s":"25N-H56N300F-80-F3"},{"r":"195","t":"10:16:00","h":"Est","s":"25N-H56N400F-80-F4"},{"r":"195","t":"10:16:00","h":"Est","s":"25N-H56NV10I-80-I"},{"r":"195","t":"10:16:00","h":"Est","s":"25N-H56NV20I-80-I"},{"r":"195","t":"10:16:00","h":"Est","s":"25S-H56S000I-80-I"},{"r":"195","t":"10:16:00","h":"Est","s":"25S-H56S100F-80-F1"},{"r":"195","t":"10:16:00","h":"Est","s":"25S-H56S200F-81-F2"},{"r":"195","t":"10:18:00","h":"Est","s":"25N-H56N000S-80-S"},{"r":"195","t":"10:18:00","h":"Est","s":"25N-H56NV10S-80-S"},{"r":"195","t":"10:18:00","h":"Est","s":"25N-H56NV20S-80-S"},{"r":"195","t":"10:18:00","h":"Est","s":"25S-H56S000S-80-S"},{"r":"195","t":"10:21:00","h":"Est","s":"25N-H56N000A-80-A"},{"r":"195","t":"10:21:00","h":"Est","s":"25N-H56NV10A-80-A"},{"r":"195","t":"10:21:00","h":"Est","s":"25N-H56NV20A-80-A"},{"r":"195","t":"10:21:00","h":"Est","s":"25S-H56S000A-80-A"},{"r":"195","t":"10:48:00","h":"Est","s":"25N-H56N000I-80-I"},{"r":"195","t":"10:48:00","h":"Est","s":"25N-H56N100F-80-F1"},{"r":"195","t":"10:48:00","h":"Est","s":"25N-H56N200F-80-F2"},{"r":"195","t":"10:48:00","h":"Est","s":"25N-H56N300F-80-F3"},{"r":"195","t":"10:48:00","h":"Est","s":"25N-H56N400F-80-F4"},{"r":"195","t":"10:48:00","h":"Est","s":"25N-H56NV10I-80-I"},{"r":"195","t":"10:48:00","h":"Est","s":"25N-H56NV20I-80-I"},{"r":"195","t":"10:48:00","h":"Est","s":"25S-H56S000I-80-I"},{"r":"195","t":"10:48:00","h":"Est","s":"25S-H56S100F-80-F1"},{"r":"195","t":"10:48:00","h":"Est","s":"25S-H56S200F-81-F2"},{"r":"195","t":"10:49:00","h":"Est","s":"25N-H56N000S-80-S"},{"r":"195","t":"10:49:00","h":"Est","s":"25N-H56NV10S-80-S"},{"r":"195","t":"10:49:00","h":"Est","s":"25N-H56NV20S-80-S"},{"r":"195","t":"10:49:00","h":"Est","s":"25S-H56S000S-80-S"},{"r":"195","t":"10:52:00","h":"Est","s":"25N-H56N000A-80-A"},{"r":"195","t":"10:52:00","h":"Est","s":"25N-H56NV10A-80-A"},{"r":"195","t":"10:52:00","h":"Est","s":"25N-H56NV20A-80-A"},{"r":"195","t":"10:52:00","h":"Est","s":"25S-H56S000A-80-A"},{"r":"195","t":"11:19:00","h":"Est","s":"25N-H56N000S-80-S"},{"r":"195","t":"11:19:00","h":"Est","s":"25N-H56NV10S-80-S"},{"r":"195","t":"11:19:00","h":"Est","s":"25N-H56NV20S-80-S"},{"r":"195","t":"11:19:00","h":"Est","s":"25S-H56S000S-80-S"},{"r":"195","t":"11:20:00","h":"Est","s":"25N-H56N000I-80-I"},{"r":"195","t":"11:20:00","h":"Est","s":"25N-H56N100F-80-F1"},{"r":"195","t":"11:20:00","h":"Est","s":"25N-H56N200F-80-F2"},{"r":"195","t":"11:20:00","h":"Est","s":"25N-H56N300F-80-F3"},{"r":"195","t":"11:20:00","h":"Est","s":"25N-H56N400F-80-F4"},{"r":"195","t":"11:20:00","h":"Est","s":"25N-H56NV10I-80-I"},{"r":"195","t":"11:20:00","h":"Est","s":"25N-H56NV20I-80-I"},{"r":"195","t":"11:20:00","h":"Est","s":"25S-H56S000I-80-I"},{"r":"195","t":"11:20:00","h":"Est","s":"25S-H56S100F-80-F1"},{"r":"195","t":"11:20:00","h":"Est","s":"25S-H56S200F-81-F2"},{"r":"195","t":"11:22:00","h":"Est","s":"25N-H56N000A-80-A"},{"r":"195","t":"11:22:00","h":"Est","s":"25N-H56NV10A-80-A"},{"r":"195","t":"11:22:00","h":"Est","s":"25N-H56NV20A-80-A"},{"r":"195","t":"11:22:00","h":"Est","s":"25S-H56S000A-80-A"},{"r":"195","t":"11:50:00","h":"Est","s":"25N-H56N000S-80-S"},{"r":"195","t":"11:50:00","h":"Est","s":"25N-H56NV10S-80-S"},{"r":"195","t":"11:50:00","h":"Est","s":"25N-H56NV20S-80-S"},{"r":"195","t":"11:50:00","h":"Est","s":"25S-H56S000S-80-S"},{"r":"195","t":"11:51:00","h":"Est","s":"25N-H56N000I-80-I"},{"r":"195","t":"11:51:00","h":"Est","s":"25N-H56N100F-80-F1"},{"r":"195","t":"11:51:00","h":"Est","s":"25N-H56N200F-80-F2"},{"r":"195","t":"11:51:00","h":"Est","s":"25N-H56N300F-80-F3"},{"r":"195","t":"11:51:00","h":"Est","s":"25N-H56N400F-80-F4"},{"r":"195","t":"11:51:00","h":"Est","s":"25N-H56NV10I-80-I"},{"r":"195","t":"11:51:00","h":"Est","s":"25N-H56NV20I-80-I"},{"r":"195","t":"11:51:00","h":"Est","s":"25S-H56S000I-80-I"},{"r":"195","t":"11:51:00","h":"Est","s":"25S-H56S100F-80-F1"},{"r":"195","t":"11:51:00","h":"Est","s":"25S-H56S200F-81-F2"},{"r":"195","t":"11:52:00","h":"Est","s":"25N-H56N000A-80-A"},{"r":"195","t":"11:52:00","h":"Est","s":"25N-H56NV10A-80-A"},{"r":"195","t":"11:52:00","h":"Est","s":"25N-H56NV20A-80-A"},{"r":"195","t":"11:52:00","h":"Est","s":"25S-H56S000A-80-A"},{"r":"195","t":"12:20:00","h":"Est","s":"25N-H56N000S-80-S"},{"r":"195","t":"12:20:00","h":"Est","s":"25N-H56NV10S-80-S"},{"r":"195","t":"12:20:00","h":"Est","s":"25N-H56NV20S-80-S"},{"r":"195","t":"12:20:00","h":"Est","s":"25S-H56S000S-80-S"},{"r":"195","t":"12:22:00","h":"Est","s":"25N-H56N000I-80-I"},{"r":"195","t":"12:22:00","h":"Est","s":"25N-H56N100F-80-F1"},{"r":"195","t":"12:22:00","h":"Est","s":"25N-H56N200F-80-F2"},{"r":"195","t":"12:22:00","h":"Est","s":"25N-H56N300F-80-F3"},{"r":"195","t":"12:22:00","h":"Est","s":"25N-H56N400F-80-F4"},{"r":"195","t":"12:22:00","h":"Est","s":"25N-H56NV10I-80-I"},{"r":"195","t":"12:22:00","h":"Est","s":"25N-H56NV20I-80-I"},{"r":"195","t":"12:22:00","h":"Est","s":"25S-H56S000I-80-I"},{"r":"195","t":"12:22:00","h":"Est","s":"25S-H56S100F-80-F1"},{"r":"195","t":"12:22:00","h":"Est","s":"25S-H56S200F-81-F2"},{"r":"195","t":"12:23:00","h":"Est","s":"25N-H56N000A-80-A"},{"r":"195","t":"12:23:00","h":"Est","s":"25N-H56NV10A-80-A"},{"r":"195","t":"12:23:00","h":"Est","s":"25N-H56NV20A-80-A"},{"r":"195","t":"12:23:00","h":"Est","s":"25S-H56S000A-80-A"},{"r":"195","t":"12:52:00","h":"Est","s":"25N-H56N000I-80-I"},{"r":"195","t":"12:52:00","h":"Est","s":"25N-H56N000S-80-S"},{"r":"195","t":"12:52:00","h":"Est","s":"25N-H56N100F-80-F1"},{"r":"195","t":"12:52:00","h":"Est","s":"25N-H56N200F-80-F2"},{"r":"195","t":"12:52:00","h":"Est","s":"25N-H56N300F-80-F3"},{"r":"195","t":"12:52:00","h":"Est","s":"25N-H56N400F-80-F4"},{"r":"195","t":"12:52:00","h":"Est","s":"25N-H56NV10I-80-I"},{"r":"195","t":"12:52:00","h":"Est","s":"25N-H56NV10S-80-S"},{"r":"195","t":"12:52:00","h":"Est","s":"25N-H56NV20I-80-I"},{"r":"195","t":"12:52:00","h":"Est","s":"25N-H56NV20S-80-S"},{"r":"195","t":"12:52:00","h":"Est","s":"25S-H56S000I-80-I"},{"r":"195","t":"12:52:00","h":"Est","s":"25S-H56S000S-80-S"},{"r":"195","t":"12:52:00","h":"Est","s":"25S-H56S100F-80-F1"},{"r":"195","t":"12:52:00","h":"Est","s":"25S-H56S200F-81-F2"},{"r":"195","t":"12:54:00","h":"Est","s":"25N-H56N000A-80-A"},{"r":"195","t":"12:54:00","h":"Est","s":"25N-H56NV10A-80-A"},{"r":"195","t":"12:54:00","h":"Est","s":"25N-H56NV20A-80-A"},{"r":"195","t":"12:54:00","h":"Est","s":"25S-H56S000A-80-A"},{"r":"195","t":"13:22:00","h":"Est","s":"25N-H56N000I-80-I"},{"r":"195","t":"13:22:00","h":"Est","s":"25N-H56N100F-80-F1"},{"r":"195","t":"13:22:00","h":"Est","s":"25N-H56N200F-80-F2"},{"r":"195","t":"13:22:00","h":"Est","s":"25N-H56N300F-80-F3"},{"r":"195","t":"13:22:00","h":"Est","s":"25N-H56N400F-80-F4"},{"r":"195","t":"13:22:00","h":"Est","s":"25N-H56NV10I-80-I"},{"r":"195","t":"13:22:00","h":"Est","s":"25N-H56NV20I-80-I"},{"r":"195","t":"13:22:00","h":"Est","s":"25S-H56S000I-80-I"},{"r":"195","t":"13:22:00","h":"Est","s":"25S-H56S100F-80-F1"},{"r":"195","t":"13:22:00","h":"Est","s":"25S-H56S200F-81-F2"},{"r":"195","t":"13:24:00","h":"Est","s":"25N-H56N000A-80-A"},{"r":"195","t":"13:24:00","h":"Est","s":"25N-H56NV10A-80-A"},{"r":"195","t":"13:24:00","h":"Est","s":"25N-H56NV20A-80-A"},{"r":"195","t":"13:24:00","h":"Est","s":"25S-H56S000A-80-A"},{"r":"195","t":"13:25:00","h":"Est","s":"25N-H56N000S-80-S"},{"r":"195","t":"13:25:00","h":"Est","s":"25N-H56NV10S-80-S"},{"r":"195","t":"13:25:00","h":"Est","s":"25N-H56NV20S-80-S"},{"r":"195","t":"13:25:00","h":"Est","s":"25S-H56S000S-80-S"},{"r":"195","t":"13:52:00","h":"Est","s":"25N-H56N000I-80-I"},{"r":"195","t":"13:52:00","h":"Est","s":"25N-H56N100F-80-F1"},{"r":"195","t":"13:52:00","h":"Est","s":"25N-H56N200F-80-F2"},{"r":"195","t":"13:52:00","h":"Est","s":"25N-H56N300F-80-F3"},{"r":"195","t":"13:52:00","h":"Est","s":"25N-H56N400F-80-F4"},{"r":"195","t":"13:52:00","h":"Est","s":"25N-H56NV10I-80-I"},{"r":"195","t":"13:52:00","h":"Est","s":"25N-H56NV20I-80-I"},{"r":"195","t":"13:52:00","h":"Est","s":"25S-H56S000I-80-I"},{"r":"195","t":"13:52:00","h":"Est","s":"25S-H56S100F-80-F1"},{"r":"195","t":"13:52:00","h":"Est","s":"25S-H56S200F-81-F2"},{"r":"195","t":"13:54:00","h":"Est","s":"25N-H56N000A-80-A"},{"r":"195","t":"13:54:00","h":"Est","s":"25N-H56NV10A-80-A"},{"r":"195","t":"13:54:00","h":"Est","s":"25N-H56NV20A-80-A"},{"r":"195","t":"13:54:00","h":"Est","s":"25S-H56S000A-80-A"},{"r":"195","t":"13:56:00","h":"Est","s":"25N-H56N000S-80-S"},{"r":"195","t":"13:56:00","h":"Est","s":"25N-H56NV10S-80-S"},{"r":"195","t":"13:56:00","h":"Est","s":"25N-H56NV20S-80-S"},{"r":"195","t":"13:56:00","h":"Est","s":"25S-H56S000S-80-S"},{"r":"195","t":"14:22:00","h":"Est","s":"25N-H56N000I-80-I"},{"r":"195","t":"14:22:00","h":"Est","s":"25N-H56N100F-80-F1"},{"r":"195","t":"14:22:00","h":"Est","s":"25N-H56N200F-80-F2"},{"r":"195","t":"14:22:00","h":"Est","s":"25N-H56N300F-80-F3"},{"r":"195","t":"14:22:00","h":"Est","s":"25N-H56N400F-80-F4"},{"r":"195","t":"14:22:00","h":"Est","s":"25N-H56NV10I-80-I"},{"r":"195","t":"14:22:00","h":"Est","s":"25N-H56NV20I-80-I"},{"r":"195","t":"14:22:00","h":"Est","s":"25S-H56S000I-80-I"},{"r":"195","t":"14:22:00","h":"Est","s":"25S-H56S100F-80-F1"},{"r":"195","t":"14:22:00","h":"Est","s":"25S-H56S200F-81-F2"},{"r":"195","t":"14:26:00","h":"Est","s":"25N-H56N000S-80-S"},{"r":"195","t":"14:26:00","h":"Est","s":"25N-H56NV10S-80-S"},{"r":"195","t":"14:26:00","h":"Est","s":"25N-H56NV20S-80-S"},{"r":"195","t":"14:26:00","h":"Est","s":"25S-H56S000S-80-S"},{"r":"195","t":"14:28:00","h":"Est","s":"25N-H56N000A-80-A"},{"r":"195","t":"14:28:00","h":"Est","s":"25N-H56NV10A-80-A"},{"r":"195","t":"14:28:00","h":"Est","s":"25N-H56NV20A-80-A"},{"r":"195","t":"14:28:00","h":"Est","s":"25S-H56S000A-80-A"},{"r":"195","t":"14:52:00","h":"Est","s":"25N-H56N000S-80-S"},{"r":"195","t":"14:52:00","h":"Est","s":"25N-H56NV10S-80-S"},{"r":"195","t":"14:52:00","h":"Est","s":"25N-H56NV20S-80-S"},{"r":"195","t":"14:52:00","h":"Est","s":"25S-H56S000S-80-S"},{"r":"195","t":"14:53:00","h":"Est","s":"25N-H56N000I-80-I"},{"r":"195","t":"14:53:00","h":"Est","s":"25N-H56N100F-80-F1"},{"r":"195","t":"14:53:00","h":"Est","s":"25N-H56N200F-80-F2"},{"r":"195","t":"14:53:00","h":"Est","s":"25N-H56N300F-80-F3"},{"r":"195","t":"14:53:00","h":"Est","s":"25N-H56N400F-80-F4"},{"r":"195","t":"14:53:00","h":"Est","s":"25N-H56NV10I-80-I"},{"r":"195","t":"14:53:00","h":"Est","s":"25N-H56NV20I-80-I"},{"r":"195","t":"14:53:00","h":"Est","s":"25S-H56S000I-80-I"},{"r":"195","t":"14:53:00","h":"Est","s":"25S-H56S100F-80-F1"},{"r":"195","t":"14:53:00","h":"Est","s":"25S-H56S200F-81-F2"},{"r":"195","t":"14:58:00","h":"Est","s":"25N-H56N000A-80-A"},{"r":"195","t":"14:58:00","h":"Est","s":"25N-H56NV10A-80-A"},{"r":"195","t":"14:58:00","h":"Est","s":"25N-H56NV20A-80-A"},{"r":"195","t":"14:58:00","h":"Est","s":"25S-H56S000A-80-A"},{"r":"195","t":"15:18:00","h":"Est","s":"25N-H56N000S-80-S"},{"r":"195","t":"15:18:00","h":"Est","s":"25N-H56NV10S-80-S"},{"r":"195","t":"15:18:00","h":"Est","s":"25N-H56NV20S-80-S"},{"r":"195","t":"15:18:00","h":"Est","s":"25S-H56S000S-80-S"},{"r":"195","t":"15:24:00","h":"Est","s":"25N-H56N000I-80-I"},{"r":"195","t":"15:24:00","h":"Est","s":"25N-H56N100F-80-F1"},{"r":"195","t":"15:24:00","h":"Est","s":"25N-H56N200F-80-F2"},{"r":"195","t":"15:24:00","h":"Est","s":"25N-H56N300F-80-F3"},{"r":"195","t":"15:24:00","h":"Est","s":"25N-H56N400F-80-F4"},{"r":"195","t":"15:24:00","h":"Est","s":"25N-H56NV10I-80-I"},{"r":"195","t":"15:24:00","h":"Est","s":"25N-H56NV20I-80-I"},{"r":"195","t":"15:24:00","h":"Est","s":"25S-H56S000I-80-I"},{"r":"195","t":"15:24:00","h":"Est","s":"25S-H56S100F-80-F1"},{"r":"195","t":"15:24:00","h":"Est","s":"25S-H56S200F-81-F2"},{"r":"195","t":"15:29:00","h":"Est","s":"25N-H56N000A-80-A"},{"r":"195","t":"15:29:00","h":"Est","s":"25N-H56NV10A-80-A"},{"r":"195","t":"15:29:00","h":"Est","s":"25N-H56NV20A-80-A"},{"r":"195","t":"15:29:00","h":"Est","s":"25S-H56S000A-80-A"},{"r":"195","t":"15:44:00","h":"Est","s":"25N-H56N000S-80-S"},{"r":"195","t":"15:44:00","h":"Est","s":"25N-H56NV10S-80-S"},{"r":"195","t":"15:44:00","h":"Est","s":"25N-H56NV20S-80-S"},{"r":"195","t":"15:44:00","h":"Est","s":"25S-H56S000S-80-S"},{"r":"195","t":"15:54:00","h":"Est","s":"25N-H56N000I-80-I"},{"r":"195","t":"15:54:00","h":"Est","s":"25N-H56N100F-80-F1"},{"r":"195","t":"15:54:00","h":"Est","s":"25N-H56N200F-80-F2"},{"r":"195","t":"15:54:00","h":"Est","s":"25N-H56N300F-80-F3"},{"r":"195","t":"15:54:00","h":"Est","s":"25N-H56N400F-80-F4"},{"r":"195","t":"15:54:00","h":"Est","s":"25N-H56NV10I-80-I"},{"r":"195","t":"15:54:00","h":"Est","s":"25N-H56NV20I-80-I"},{"r":"195","t":"15:54:00","h":"Est","s":"25S-H56S000I-80-I"},{"r":"195","t":"15:54:00","h":"Est","s":"25S-H56S100F-80-F1"},{"r":"195","t":"15:54:00","h":"Est","s":"25S-H56S200F-81-F2"},{"r":"411","t":"16:00:01","h":"Est","s":"25N-H56N000S-80-S"},{"r":"411","t":"16:00:01","h":"Est","s":"25N-H56NV10S-80-S"},{"r":"411","t":"16:00:01","h":"Est","s":"25N-H56NV20S-80-S"},{"r":"411","t":"16:00:01","h":"Est","s":"25S-H56S000S-80-S"},{"r":"195","t":"16:01:00","h":"Est","s":"25N-H56N000A-80-A"},{"r":"195","t":"16:01:00","h":"Est","s":"25N-H56NV10A-80-A"},{"r":"195","t":"16:01:00","h":"Est","s":"25N-H56NV20A-80-A"},{"r":"195","t":"16:01:00","h":"Est","s":"25S-H56S000A-80-A"},{"r":"195","t":"16:10:00","h":"Est","s":"25N-H56N000S-80-S"},{"r":"195","t":"16:10:00","h":"Est","s":"25N-H56NV10S-80-S"},{"r":"195","t":"16:10:00","h":"Est","s":"25N-H56NV20S-80-S"},{"r":"195","t":"16:10:00","h":"Est","s":"25S-H56S000S-80-S"},{"r":"195","t":"16:24:00","h":"Est","s":"25N-H56N000I-80-I"},{"r":"195","t":"16:24:00","h":"Est","s":"25N-H56N100F-80-F1"},{"r":"195","t":"16:24:00","h":"Est","s":"25N-H56N200F-80-F2"},{"r":"195","t":"16:24:00","h":"Est","s":"25N-H56N300F-80-F3"},{"r":"195","t":"16:24:00","h":"Est","s":"25N-H56N400F-80-F4"},{"r":"195","t":"16:24:00","h":"Est","s":"25N-H56NV10I-80-I"},{"r":"195","t":"16:24:00","h":"Est","s":"25N-H56NV20I-80-I"},{"r":"195","t":"16:24:00","h":"Est","s":"25S-H56S000I-80-I"},{"r":"195","t":"16:24:00","h":"Est","s":"25S-H56S100F-80-F1"},{"r":"195","t":"16:24:00","h":"Est","s":"25S-H56S200F-81-F2"},{"r":"195","t":"16:32:00","h":"Est","s":"25N-H56N000A-80-A"},{"r":"195","t":"16:32:00","h":"Est","s":"25N-H56NV10A-80-A"},{"r":"195","t":"16:32:00","h":"Est","s":"25N-H56NV20A-80-A"},{"r":"195","t":"16:32:00","h":"Est","s":"25S-H56S000A-80-A"},{"r":"411","t":"16:32:01","h":"Est","s":"25N-H56N000S-80-S"},{"r":"411","t":"16:32:01","h":"Est","s":"25N-H56NV10S-80-S"},{"r":"411","t":"16:32:01","h":"Est","s":"25N-H56NV20S-80-S"},{"r":"411","t":"16:32:01","h":"Est","s":"25S-H56S000S-80-S"},{"r":"195","t":"16:38:00","h":"Est","s":"25N-H56N000S-80-S"},{"r":"195","t":"16:38:00","h":"Est","s":"25N-H56NV10S-80-S"},{"r":"195","t":"16:38:00","h":"Est","s":"25N-H56NV20S-80-S"},{"r":"195","t":"16:38:00","h":"Est","s":"25S-H56S000S-80-S"},{"r":"195","t":"16:54:00","h":"Est","s":"25N-H56N000I-80-I"},{"r":"195","t":"16:54:00","h":"Est","s":"25N-H56N100F-80-F1"},{"r":"195","t":"16:54:00","h":"Est","s":"25N-H56N200F-80-F2"},{"r":"195","t":"16:54:00","h":"Est","s":"25N-H56N300F-80-F3"},{"r":"195","t":"16:54:00","h":"Est","s":"25N-H56N400F-80-F4"},{"r":"195","t":"16:54:00","h":"Est","s":"25N-H56NV10I-80-I"},{"r":"195","t":"16:54:00","h":"Est","s":"25N-H56NV20I-80-I"},{"r":"195","t":"16:54:00","h":"Est","s":"25S-H56S000I-80-I"},{"r":"195","t":"16:54:00","h":"Est","s":"25S-H56S100F-80-F1"},{"r":"195","t":"16:54:00","h":"Est","s":"25S-H56S200F-81-F2"},{"r":"411","t":"17:01:01","h":"Est","s":"25N-H56N000S-80-S"},{"r":"411","t":"17:01:01","h":"Est","s":"25N-H56NV10S-80-S"},{"r":"411","t":"17:01:01","h":"Est","s":"25N-H56NV20S-80-S"},{"r":"411","t":"17:01:01","h":"Est","s":"25S-H56S000S-80-S"},{"r":"195","t":"17:02:00","h":"Est","s":"25N-H56N000A-80-A"},{"r":"195","t":"17:02:00","h":"Est","s":"25N-H56NV10A-80-A"},{"r":"195","t":"17:02:00","h":"Est","s":"25N-H56NV20A-80-A"},{"r":"195","t":"17:02:00","h":"Est","s":"25S-H56S000A-80-A"},{"r":"195","t":"17:06:00","h":"Est","s":"25N-H56N000S-80-S"},{"r":"195","t":"17:06:00","h":"Est","s":"25N-H56NV10S-80-S"},{"r":"195","t":"17:06:00","h":"Est","s":"25N-H56NV20S-80-S"},{"r":"195","t":"17:06:00","h":"Est","s":"25S-H56S000S-80-S"},{"r":"195","t":"17:25:00","h":"Est","s":"25N-H56N000I-80-I"},{"r":"195","t":"17:25:00","h":"Est","s":"25N-H56N100F-80-F1"},{"r":"195","t":"17:25:00","h":"Est","s":"25N-H56N200F-80-F2"},{"r":"195","t":"17:25:00","h":"Est","s":"25N-H56N300F-80-F3"},{"r":"195","t":"17:25:00","h":"Est","s":"25N-H56N400F-80-F4"},{"r":"195","t":"17:25:00","h":"Est","s":"25N-H56NV10I-80-I"},{"r":"195","t":"17:25:00","h":"Est","s":"25N-H56NV20I-80-I"},{"r":"195","t":"17:25:00","h":"Est","s":"25S-H56S000I-80-I"},{"r":"195","t":"17:25:00","h":"Est","s":"25S-H56S100F-80-F1"},{"r":"195","t":"17:25:00","h":"Est","s":"25S-H56S200F-81-F2"},{"r":"411","t":"17:28:12","h":"Est","s":"25N-H56N000S-80-S"},{"r":"411","t":"17:28:12","h":"Est","s":"25N-H56NV10S-80-S"},{"r":"411","t":"17:28:12","h":"Est","s":"25N-H56NV20S-80-S"},{"r":"411","t":"17:28:12","h":"Est","s":"25S-H56S000S-80-S"},{"r":"195","t":"17:32:00","h":"Est","s":"25N-H56N000A-80-A"},{"r":"195","t":"17:32:00","h":"Est","s":"25N-H56NV10A-80-A"},{"r":"195","t":"17:32:00","h":"Est","s":"25N-H56NV20A-80-A"},{"r":"195","t":"17:32:00","h":"Est","s":"25S-H56S000A-80-A"},{"r":"195","t":"17:34:00","h":"Est","s":"25N-H56N000S-80-S"},{"r":"195","t":"17:34:00","h":"Est","s":"25N-H56NV10S-80-S"},{"r":"195","t":"17:34:00","h":"Est","s":"25N-H56NV20S-80-S"},{"r":"195","t":"17:34:00","h":"Est","s":"25S-H56S000S-80-S"},{"r":"195","t":"17:55:00","h":"Est","s":"25N-H56N000I-80-I"},{"r":"195","t":"17:55:00","h":"Est","s":"25N-H56N100F-80-F1"},{"r":"195","t":"17:55:00","h":"Est","s":"25N-H56N200F-80-F2"},{"r":"195","t":"17:55:00","h":"Est","s":"25N-H56N300F-80-F3"},{"r":"195","t":"17:55:00","h":"Est","s":"25N-H56N400F-80-F4"},{"r":"195","t":"17:55:00","h":"Est","s":"25N-H56NV10I-80-I"},{"r":"195","t":"17:55:00","h":"Est","s":"25N-H56NV20I-80-I"},{"r":"195","t":"17:55:00","h":"Est","s":"25S-H56S000I-80-I"},{"r":"195","t":"17:55:00","h":"Est","s":"25S-H56S100F-80-F1"},{"r":"195","t":"17:55:00","h":"Est","s":"25S-H56S200F-81-F2"},{"r":"411","t":"17:58:12","h":"Est","s":"25N-H56N000S-80-S"},{"r":"411","t":"17:58:12","h":"Est","s":"25N-H56NV10S-80-S"},{"r":"411","t":"17:58:12","h":"Est","s":"25N-H56NV20S-80-S"},{"r":"411","t":"17:58:12","h":"Est","s":"25S-H56S000S-80-S"},{"r":"195","t":"18:02:00","h":"Est","s":"25N-H56N000S-80-S"},{"r":"195","t":"18:02:00","h":"Est","s":"25N-H56NV10S-80-S"},{"r":"195","t":"18:02:00","h":"Est","s":"25N-H56NV20S-80-S"},{"r":"195","t":"18:02:00","h":"Est","s":"25S-H56S000S-80-S"},{"r":"195","t":"18:03:00","h":"Est","s":"25N-H56N000A-80-A"},{"r":"195","t":"18:03:00","h":"Est","s":"25N-H56NV10A-80-A"},{"r":"195","t":"18:03:00","h":"Est","s":"25N-H56NV20A-80-A"},{"r":"195","t":"18:03:00","h":"Est","s":"25S-H56S000A-80-A"},{"r":"411","t":"18:22:12","h":"Est","s":"25N-H56N000S-80-S"},{"r":"411","t":"18:22:12","h":"Est","s":"25N-H56NV10S-80-S"},{"r":"411","t":"18:22:12","h":"Est","s":"25N-H56NV20S-80-S"},{"r":"411","t":"18:22:12","h":"Est","s":"25S-H56S000S-80-S"},{"r":"195","t":"18:25:00","h":"Est","s":"25N-H56N000I-80-I"},{"r":"195","t":"18:25:00","h":"Est","s":"25N-H56N100F-80-F1"},{"r":"195","t":"18:25:00","h":"Est","s":"25N-H56N200F-80-F2"},{"r":"195","t":"18:25:00","h":"Est","s":"25N-H56N300F-80-F3"},{"r":"195","t":"18:25:00","h":"Est","s":"25N-H56N400F-80-F4"},{"r":"195","t":"18:25:00","h":"Est","s":"25N-H56NV10I-80-I"},{"r":"195","t":"18:25:00","h":"Est","s":"25N-H56NV20I-80-I"},{"r":"195","t":"18:25:00","h":"Est","s":"25S-H56S000I-80-I"},{"r":"195","t":"18:25:00","h":"Est","s":"25S-H56S100F-80-F1"},{"r":"195","t":"18:25:00","h":"Est","s":"25S-H56S200F-81-F2"},{"r":"195","t":"18:30:00","h":"Est","s":"25N-H56N000S-80-S"},{"r":"195","t":"18:30:00","h":"Est","s":"25N-H56NV10S-80-S"},{"r":"195","t":"18:30:00","h":"Est","s":"25N-H56NV20S-80-S"},{"r":"195","t":"18:30:00","h":"Est","s":"25S-H56S000S-80-S"},{"r":"195","t":"18:32:00","h":"Est","s":"25N-H56N000A-80-A"},{"r":"195","t":"18:32:00","h":"Est","s":"25N-H56NV10A-80-A"},{"r":"195","t":"18:32:00","h":"Est","s":"25N-H56NV20A-80-A"},{"r":"195","t":"18:32:00","h":"Est","s":"25S-H56S000A-80-A"},{"r":"195","t":"18:54:00","h":"Est","s":"25N-H56N000I-80-I"},{"r":"195","t":"18:54:00","h":"Est","s":"25N-H56N100F-80-F1"},{"r":"195","t":"18:54:00","h":"Est","s":"25N-H56N200F-80-F2"},{"r":"195","t":"18:54:00","h":"Est","s":"25N-H56N300F-80-F3"},{"r":"195","t":"18:54:00","h":"Est","s":"25N-H56N400F-80-F4"},{"r":"195","t":"18:54:00","h":"Est","s":"25N-H56NV10I-80-I"},{"r":"195","t":"18:54:00","h":"Est","s":"25N-H56NV20I-80-I"},{"r":"195","t":"18:54:00","h":"Est","s":"25S-H56S000I-80-I"},{"r":"195","t":"18:54:00","h":"Est","s":"25S-H56S100F-80-F1"},{"r":"195","t":"18:54:00","h":"Est","s":"25S-H56S200F-81-F2"},{"r":"195","t":"18:59:00","h":"Est","s":"25N-H56N000S-80-S"},{"r":"195","t":"18:59:00","h":"Est","s":"25N-H56NV10S-80-S"},{"r":"195","t":"18:59:00","h":"Est","s":"25N-H56NV20S-80-S"},{"r":"195","t":"18:59:00","h":"Est","s":"25S-H56S000S-80-S"},{"r":"195","t":"19:01:00","h":"Est","s":"25N-H56N000A-80-A"},{"r":"195","t":"19:01:00","h":"Est","s":"25N-H56NV10A-80-A"},{"r":"195","t":"19:01:00","h":"Est","s":"25N-H56NV20A-80-A"},{"r":"195","t":"19:01:00","h":"Est","s":"25S-H56S000A-80-A"},{"r":"195","t":"19:23:00","h":"Est","s":"25N-H56N000I-80-I"},{"r":"195","t":"19:23:00","h":"Est","s":"25N-H56N100F-80-F1"},{"r":"195","t":"19:23:00","h":"Est","s":"25N-H56N200F-80-F2"},{"r":"195","t":"19:23:00","h":"Est","s":"25N-H56N300F-80-F3"},{"r":"195","t":"19:23:00","h":"Est","s":"25N-H56N400F-80-F4"},{"r":"195","t":"19:23:00","h":"Est","s":"25N-H56NV10I-80-I"},{"r":"195","t":"19:23:00","h":"Est","s":"25N-H56NV20I-80-I"},{"r":"195","t":"19:23:00","h":"Est","s":"25S-H56S000I-80-I"},{"r":"195","t":"19:23:00","h":"Est","s":"25S-H56S100F-80-F1"},{"r":"195","t":"19:23:00","h":"Est","s":"25S-H56S200F-81-F2"},{"r":"195","t":"19:28:00","h":"Est","s":"25N-H56N000S-80-S"},{"r":"195","t":"19:28:00","h":"Est","s":"25N-H56NV10S-80-S"},{"r":"195","t":"19:28:00","h":"Est","s":"25N-H56NV20S-80-S"},{"r":"195","t":"19:28:00","h":"Est","s":"25S-H56S000S-80-S"},{"r":"195","t":"19:30:00","h":"Est","s":"25N-H56N000A-80-A"},{"r":"195","t":"19:30:00","h":"Est","s":"25N-H56NV10A-80-A"},{"r":"195","t":"19:30:00","h":"Est","s":"25N-H56NV20A-80-A"},{"r":"195","t":"19:30:00","h":"Est","s":"25S-H56S000A-80-A"},{"r":"195","t":"19:53:00","h":"Est","s":"25N-H56N000I-80-I"},{"r":"195","t":"19:53:00","h":"Est","s":"25N-H56N100F-80-F1"},{"r":"195","t":"19:53:00","h":"Est","s":"25N-H56N200F-80-F2"},{"r":"195","t":"19:53:00","h":"Est","s":"25N-H56N300F-80-F3"},{"r":"195","t":"19:53:00","h":"Est","s":"25N-H56N400F-80-F4"},{"r":"195","t":"19:53:00","h":"Est","s":"25N-H56NV10I-80-I"},{"r":"195","t":"19:53:00","h":"Est","s":"25N-H56NV20I-80-I"},{"r":"195","t":"19:53:00","h":"Est","s":"25S-H56S000I-80-I"},{"r":"195","t":"19:53:00","h":"Est","s":"25S-H56S100F-80-F1"},{"r":"195","t":"19:53:00","h":"Est","s":"25S-H56S200F-81-F2"},{"r":"195","t":"19:57:00","h":"Est","s":"25N-H56N000S-80-S"},{"r":"195","t":"19:57:00","h":"Est","s":"25N-H56NV10S-80-S"},{"r":"195","t":"19:57:00","h":"Est","s":"25N-H56NV20S-80-S"},{"r":"195","t":"19:57:00","h":"Est","s":"25S-H56S000S-80-S"},{"r":"195","t":"19:59:00","h":"Est","s":"25N-H56N000A-80-A"},{"r":"195","t":"19:59:00","h":"Est","s":"25N-H56NV10A-80-A"},{"r":"195","t":"19:59:00","h":"Est","s":"25N-H56NV20A-80-A"},{"r":"195","t":"19:59:00","h":"Est","s":"25S-H56S000A-80-A"},{"r":"195","t":"20:24:00","h":"Est","s":"25N-H56N000I-80-I"},{"r":"195","t":"20:24:00","h":"Est","s":"25N-H56N100F-80-F1"},{"r":"195","t":"20:24:00","h":"Est","s":"25N-H56N200F-80-F2"},{"r":"195","t":"20:24:00","h":"Est","s":"25N-H56N300F-80-F3"},{"r":"195","t":"20:24:00","h":"Est","s":"25N-H56N400F-80-F4"},{"r":"195","t":"20:24:00","h":"Est","s":"25N-H56NV10I-80-I"},{"r":"195","t":"20:24:00","h":"Est","s":"25N-H56NV20I-80-I"},{"r":"195","t":"20:24:00","h":"Est","s":"25S-H56S000I-80-I"},{"r":"195","t":"20:24:00","h":"Est","s":"25S-H56S100F-80-F1"},{"r":"195","t":"20:24:00","h":"Est","s":"25S-H56S200F-81-F2"},{"r":"195","t":"20:26:00","h":"Est","s":"25N-H56N000S-80-S"},{"r":"195","t":"20:26:00","h":"Est","s":"25N-H56NV10S-80-S"},{"r":"195","t":"20:26:00","h":"Est","s":"25N-H56NV20S-80-S"},{"r":"195","t":"20:26:00","h":"Est","s":"25S-H56S000S-80-S"},{"r":"195","t":"20:28:00","h":"Est","s":"25N-H56N000A-80-A"},{"r":"195","t":"20:28:00","h":"Est","s":"25N-H56NV10A-80-A"},{"r":"195","t":"20:28:00","h":"Est","s":"25N-H56NV20A-80-A"},{"r":"195","t":"20:28:00","h":"Est","s":"25S-H56S000A-80-A"},{"r":"195","t":"20:54:00","h":"Est","s":"25N-H56N000I-80-I"},{"r":"195","t":"20:54:00","h":"Est","s":"25N-H56N100F-80-F1"},{"r":"195","t":"20:54:00","h":"Est","s":"25N-H56N200F-80-F2"},{"r":"195","t":"20:54:00","h":"Est","s":"25N-H56N300F-80-F3"},{"r":"195","t":"20:54:00","h":"Est","s":"25N-H56N400F-80-F4"},{"r":"195","t":"20:54:00","h":"Est","s":"25N-H56NV10I-80-I"},{"r":"195","t":"20:54:00","h":"Est","s":"25N-H56NV20I-80-I"},{"r":"195","t":"20:54:00","h":"Est","s":"25S-H56S000I-80-I"},{"r":"195","t":"20:54:00","h":"Est","s":"25S-H56S100F-80-F1"},{"r":"195","t":"20:54:00","h":"Est","s":"25S-H56S200F-81-F2"},{"r":"195","t":"20:55:00","h":"Est","s":"25N-H56N000S-80-S"},{"r":"195","t":"20:55:00","h":"Est","s":"25N-H56NV10S-80-S"},{"r":"195","t":"20:55:00","h":"Est","s":"25N-H56NV20S-80-S"},{"r":"195","t":"20:55:00","h":"Est","s":"25S-H56S000S-80-S"},{"r":"195","t":"20:57:00","h":"Est","s":"25N-H56N000A-80-A"},{"r":"195","t":"20:57:00","h":"Est","s":"25N-H56NV10A-80-A"},{"r":"195","t":"20:57:00","h":"Est","s":"25N-H56NV20A-80-A"},{"r":"195","t":"20:57:00","h":"Est","s":"25S-H56S000A-80-A"},{"r":"195","t":"21:23:00","h":"Est","s":"25N-H56N000S-80-S"},{"r":"195","t":"21:23:00","h":"Est","s":"25N-H56NV10S-80-S"},{"r":"195","t":"21:23:00","h":"Est","s":"25N-H56NV20S-80-S"},{"r":"195","t":"21:23:00","h":"Est","s":"25S-H56S000S-80-S"},{"r":"195","t":"21:24:00","h":"Est","s":"25N-H56N000I-80-I"},{"r":"195","t":"21:24:00","h":"Est","s":"25N-H56N100F-80-F1"},{"r":"195","t":"21:24:00","h":"Est","s":"25N-H56N200F-80-F2"},{"r":"195","t":"21:24:00","h":"Est","s":"25N-H56N300F-80-F3"},{"r":"195","t":"21:24:00","h":"Est","s":"25N-H56N400F-80-F4"},{"r":"195","t":"21:24:00","h":"Est","s":"25N-H56NV10I-80-I"},{"r":"195","t":"21:24:00","h":"Est","s":"25N-H56NV20I-80-I"},{"r":"195","t":"21:24:00","h":"Est","s":"25S-H56S000I-80-I"},{"r":"195","t":"21:24:00","h":"Est","s":"25S-H56S100F-80-F1"},{"r":"195","t":"21:24:00","h":"Est","s":"25S-H56S200F-81-F2"},{"r":"195","t":"21:26:00","h":"Est","s":"25N-H56N000A-80-A"},{"r":"195","t":"21:26:00","h":"Est","s":"25N-H56NV10A-80-A"},{"r":"195","t":"21:26:00","h":"Est","s":"25N-H56NV20A-80-A"},{"r":"195","t":"21:26:00","h":"Est","s":"25S-H56S000A-80-A"},{"r":"195","t":"21:53:00","h":"Est","s":"25N-H56N000S-80-S"},{"r":"195","t":"21:53:00","h":"Est","s":"25N-H56NV10S-80-S"},{"r":"195","t":"21:53:00","h":"Est","s":"25N-H56NV20S-80-S"},{"r":"195","t":"21:53:00","h":"Est","s":"25S-H56S000S-80-S"},{"r":"195","t":"21:54:00","h":"Est","s":"25N-H56N000I-80-I"},{"r":"195","t":"21:54:00","h":"Est","s":"25N-H56N100F-80-F1"},{"r":"195","t":"21:54:00","h":"Est","s":"25N-H56N200F-80-F2"},{"r":"195","t":"21:54:00","h":"Est","s":"25N-H56N300F-80-F3"},{"r":"195","t":"21:54:00","h":"Est","s":"25N-H56N400F-80-F4"},{"r":"195","t":"21:54:00","h":"Est","s":"25N-H56NV10I-80-I"},{"r":"195","t":"21:54:00","h":"Est","s":"25N-H56NV20I-80-I"},{"r":"195","t":"21:54:00","h":"Est","s":"25S-H56S000I-80-I"},{"r":"195","t":"21:54:00","h":"Est","s":"25S-H56S100F-80-F1"},{"r":"195","t":"21:54:00","h":"Est","s":"25S-H56S200F-81-F2"},{"r":"195","t":"21:55:00","h":"Est","s":"25N-H56N000A-80-A"},{"r":"195","t":"21:55:00","h":"Est","s":"25N-H56NV10A-80-A"},{"r":"195","t":"21:55:00","h":"Est","s":"25N-H56NV20A-80-A"},{"r":"195","t":"21:55:00","h":"Est","s":"25S-H56S000A-80-A"},{"r":"195","t":"22:22:00","h":"Est","s":"25N-H56N000S-80-S"},{"r":"195","t":"22:22:00","h":"Est","s":"25N-H56NV10S-80-S"},{"r":"195","t":"22:22:00","h":"Est","s":"25N-H56NV20S-80-S"},{"r":"195","t":"22:22:00","h":"Est","s":"25S-H56S000S-80-S"},{"r":"195","t":"22:24:00","h":"Est","s":"25N-H56N000A-80-A"},{"r":"195","t":"22:24:00","h":"Est","s":"25N-H56N000I-80-I"},{"r":"195","t":"22:24:00","h":"Est","s":"25N-H56N100F-80-F1"},{"r":"195","t":"22:24:00","h":"Est","s":"25N-H56N200F-80-F2"},{"r":"195","t":"22:24:00","h":"Est","s":"25N-H56N300F-80-F3"},{"r":"195","t":"22:24:00","h":"Est","s":"25N-H56N400F-80-F4"},{"r":"195","t":"22:24:00","h":"Est","s":"25N-H56NV10A-80-A"},{"r":"195","t":"22:24:00","h":"Est","s":"25N-H56NV10I-80-I"},{"r":"195","t":"22:24:00","h":"Est","s":"25N-H56NV20A-80-A"},{"r":"195","t":"22:24:00","h":"Est","s":"25N-H56NV20I-80-I"},{"r":"195","t":"22:24:00","h":"Est","s":"25S-H56S000A-80-A"},{"r":"195","t":"22:24:00","h":"Est","s":"25S-H56S000I-80-I"},{"r":"195","t":"22:24:00","h":"Est","s":"25S-H56S100F-80-F1"},{"r":"195","t":"22:24:00","h":"Est","s":"25S-H56S200F-81-F2"},{"r":"195","t":"22:51:00","h":"Est","s":"25N-H56N000S-80-S"},{"r":"195","t":"22:51:00","h":"Est","s":"25N-H56NV10S-80-S"},{"r":"195","t":"22:51:00","h":"Est","s":"25N-H56NV20S-80-S"},{"r":"195","t":"22:51:00","h":"Est","s":"25S-H56S000S-80-S"},{"r":"195","t":"22:54:00","h":"Est","s":"25N-H56N000A-80-A"},{"r":"195","t":"22:54:00","h":"Est","s":"25N-H56N000I-80-I"},{"r":"195","t":"22:54:00","h":"Est","s":"25N-H56N100F-80-F1"},{"r":"195","t":"22:54:00","h":"Est","s":"25N-H56N200F-80-F2"},{"r":"195","t":"22:54:00","h":"Est","s":"25N-H56N300F-80-F3"},{"r":"195","t":"22:54:00","h":"Est","s":"25N-H56N400F-80-F4"},{"r":"195","t":"22:54:00","h":"Est","s":"25N-H56NV10A-80-A"},{"r":"195","t":"22:54:00","h":"Est","s":"25N-H56NV10I-80-I"},{"r":"195","t":"22:54:00","h":"Est","s":"25N-H56NV20A-80-A"},{"r":"195","t":"22:54:00","h":"Est","s":"25N-H56NV20I-80-I"},{"r":"195","t":"22:54:00","h":"Est","s":"25S-H56S000A-80-A"},{"r":"195","t":"22:54:00","h":"Est","s":"25S-H56S000I-80-I"},{"r":"195","t":"22:54:00","h":"Est","s":"25S-H56S100F-80-F1"},{"r":"195","t":"22:54:00","h":"Est","s":"25S-H56S200F-81-F2"},{"r":"195","t":"23:19:00","h":"Est","s":"25N-H56N000S-80-S"},{"r":"195","t":"23:19:00","h":"Est","s":"25N-H56NV10S-80-S"},{"r":"195","t":"23:19:00","h":"Est","s":"25N-H56NV20S-80-S"},{"r":"195","t":"23:19:00","h":"Est","s":"25S-H56S000S-80-S"},{"r":"195","t":"23:23:00","h":"Est","s":"25N-H56N000I-80-I"},{"r":"195","t":"23:23:00","h":"Est","s":"25N-H56N100F-80-F1"},{"r":"195","t":"23:23:00","h":"Est","s":"25N-H56N200F-80-F2"},{"r":"195","t":"23:23:00","h":"Est","s":"25N-H56N300F-80-F3"},{"r":"195","t":"23:23:00","h":"Est","s":"25N-H56N400F-80-F4"},{"r":"195","t":"23:23:00","h":"Est","s":"25N-H56NV10I-80-I"},{"r":"195","t":"23:23:00","h":"Est","s":"25N-H56NV20I-80-I"},{"r":"195","t":"23:23:00","h":"Est","s":"25S-H56S000I-80-I"},{"r":"195","t":"23:23:00","h":"Est","s":"25S-H56S100F-80-F1"},{"r":"195","t":"23:23:00","h":"Est","s":"25S-H56S200F-81-F2"},{"r":"195","t":"23:24:00","h":"Est","s":"25N-H56N000A-80-A"},{"r":"195","t":"23:24:00","h":"Est","s":"25N-H56NV10A-80-A"},{"r":"195","t":"23:24:00","h":"Est","s":"25N-H56NV20A-80-A"},{"r":"195","t":"23:24:00","h":"Est","s":"25S-H56S000A-80-A"},{"r":"195","t":"23:47:00","h":"Est","s":"25N-H56N000S-80-S"},{"r":"195","t":"23:47:00","h":"Est","s":"25N-H56NV10S-80-S"},{"r":"195","t":"23:47:00","h":"Est","s":"25N-H56NV20S-80-S"},{"r":"195","t":"23:47:00","h":"Est","s":"25S-H56S000S-80-S"},{"r":"195","t":"23:53:00","h":"Est","s":"25N-H56N000A-80-A"},{"r":"195","t":"23:53:00","h":"Est","s":"25N-H56N000I-80-I"},{"r":"195","t":"23:53:00","h":"Est","s":"25N-H56N100F-80-F1"},{"r":"195","t":"23:53:00","h":"Est","s":"25N-H56N200F-80-F2"},{"r":"195","t":"23:53:00","h":"Est","s":"25N-H56N300F-80-F3"},{"r":"195","t":"23:53:00","h":"Est","s":"25N-H56N400F-80-F4"},{"r":"195","t":"23:53:00","h":"Est","s":"25N-H56NV10A-80-A"},{"r":"195","t":"23:53:00","h":"Est","s":"25N-H56NV10I-80-I"},{"r":"195","t":"23:53:00","h":"Est","s":"25N-H56NV20A-80-A"},{"r":"195","t":"23:53:00","h":"Est","s":"25N-H56NV20I-80-I"},{"r":"195","t":"23:53:00","h":"Est","s":"25S-H56S000A-80-A"},{"r":"195","t":"23:53:00","h":"Est","s":"25S-H56S000I-80-I"},{"r":"195","t":"23:53:00","h":"Est","s":"25S-H56S100F-80-F1"},{"r":"195","t":"23:53:00","h":"Est","s":"25S-H56S200F-81-F2"},{"r":"195","t":"24:20:00","h":"Est","s":"25N-H56N000S-80-S"},{"r":"195","t":"24:20:00","h":"Est","s":"25N-H56NV10S-80-S"},{"r":"195","t":"24:20:00","h":"Est","s":"25N-H56NV20S-80-S"},{"r":"195","t":"24:20:00","h":"Est","s":"25S-H56S000S-80-S"},{"r":"195","t":"24:22:00","h":"Est","s":"25N-H56N000A-80-A"},{"r":"195","t":"24:22:00","h":"Est","s":"25N-H56NV10A-80-A"},{"r":"195","t":"24:22:00","h":"Est","s":"25N-H56NV20A-80-A"},{"r":"195","t":"24:22:00","h":"Est","s":"25S-H56S000A-80-A"},{"r":"195","t":"24:23:00","h":"Est","s":"25N-H56N000I-80-I"},{"r":"195","t":"24:23:00","h":"Est","s":"25N-H56N100F-80-F1"},{"r":"195","t":"24:23:00","h":"Est","s":"25N-H56N200F-80-F2"},{"r":"195","t":"24:23:00","h":"Est","s":"25N-H56N300F-80-F3"},{"r":"195","t":"24:23:00","h":"Est","s":"25N-H56N400F-80-F4"},{"r":"195","t":"24:23:00","h":"Est","s":"25N-H56NV10I-80-I"},{"r":"195","t":"24:23:00","h":"Est","s":"25N-H56NV20I-80-I"},{"r":"195","t":"24:23:00","h":"Est","s":"25S-H56S000I-80-I"},{"r":"195","t":"24:23:00","h":"Est","s":"25S-H56S100F-80-F1"},{"r":"195","t":"24:23:00","h":"Est","s":"25S-H56S200F-81-F2"},{"r":"195","t":"24:51:00","h":"Est","s":"25N-H56N000A-80-A"},{"r":"195","t":"24:51:00","h":"Est","s":"25N-H56NV10A-80-A"},{"r":"195","t":"24:51:00","h":"Est","s":"25N-H56NV20A-80-A"},{"r":"195","t":"24:51:00","h":"Est","s":"25S-H56S000A-80-A"},{"r":"195","t":"24:53:00","h":"Est","s":"25N-H56N000I-80-I"},{"r":"195","t":"24:53:00","h":"Est","s":"25N-H56N100F-80-F1"},{"r":"195","t":"24:53:00","h":"Est","s":"25N-H56N200F-80-F2"},{"r":"195","t":"24:53:00","h":"Est","s":"25N-H56N300F-80-F3"},{"r":"195","t":"24:53:00","h":"Est","s":"25N-H56N400F-80-F4"},{"r":"195","t":"24:53:00","h":"Est","s":"25N-H56NV10I-80-I"},{"r":"195","t":"24:53:00","h":"Est","s":"25N-H56NV20I-80-I"},{"r":"195","t":"24:53:00","h":"Est","s":"25S-H56S000I-80-I"},{"r":"195","t":"24:53:00","h":"Est","s":"25S-H56S100F-80-F1"},{"r":"195","t":"24:53:00","h":"Est","s":"25S-H56S200F-81-F2"},{"r":"195","t":"24:54:00","h":"Est","s":"25N-H56N000S-80-S"},{"r":"195","t":"24:54:00","h":"Est","s":"25N-H56NV10S-80-S"},{"r":"195","t":"24:54:00","h":"Est","s":"25N-H56NV20S-80-S"},{"r":"195","t":"24:54:00","h":"Est","s":"25S-H56S000S-80-S"},{"r":"195","t":"25:19:00","h":"Est","s":"25N-H56N000A-80-A"},{"r":"195","t":"25:19:00","h":"Est","s":"25N-H56NV10A-80-A"},{"r":"195","t":"25:19:00","h":"Est","s":"25N-H56NV20A-80-A"},{"r":"195","t":"25:19:00","h":"Est","s":"25S-H56S000A-80-A"}]