[{"r":"203","t":"06:02:57","h":"Est","s":"25N-H60N000S-80-S"},{"r":"203","t":"06:02:57","h":"Est","s":"25N-H60N000S-98-S"},{"r":"203","t":"06:02:57","h":"Est","s":"25N-H60NV10S-98-S"},{"r":"203","t":"06:02:57","h":"Est","s":"25N-H60NV20S-98-S"},{"r":"203","t":"06:02:57","h":"Est","s":"25S-H60S000S-80-S"},{"r":"203","t":"06:08:37","h":"Est","s":"25N-H60N000A-80-A"},{"r":"203","t":"06:08:37","h":"Est","s":"25N-H60NV10A-80-A"},{"r":"203","t":"06:08:37","h":"Est","s":"25N-H60NV20A-80-A"},{"r":"203","t":"06:08:37","h":"Est","s":"25S-H60S000A-80-A"},{"r":"203","t":"06:36:57","h":"Est","s":"25N-H60N000S-80-S"},{"r":"203","t":"06:36:57","h":"Est","s":"25N-H60N000S-98-S"},{"r":"203","t":"06:36:57","h":"Est","s":"25N-H60NV10S-98-S"},{"r":"203","t":"06:36:57","h":"Est","s":"25N-H60NV20S-98-S"},{"r":"203","t":"06:36:57","h":"Est","s":"25S-H60S000S-80-S"},{"r":"203","t":"06:38:37","h":"Est","s":"25N-H60N000A-80-A"},{"r":"203","t":"06:38:37","h":"Est","s":"25N-H60NV10A-80-A"},{"r":"203","t":"06:38:37","h":"Est","s":"25N-H60NV20A-80-A"},{"r":"203","t":"06:38:37","h":"Est","s":"25S-H60S000A-80-A"},{"r":"203","t":"07:02:37","h":"Est","s":"25N-H60N000S-80-S"},{"r":"203","t":"07:02:37","h":"Est","s":"25N-H60N000S-98-S"},{"r":"203","t":"07:02:37","h":"Est","s":"25N-H60NV10S-98-S"},{"r":"203","t":"07:02:37","h":"Est","s":"25N-H60NV20S-98-S"},{"r":"203","t":"07:02:37","h":"Est","s":"25S-H60S000S-80-S"},{"r":"203","t":"07:08:57","h":"Est","s":"25N-H60N000I-80-I"},{"r":"203","t":"07:08:57","h":"Est","s":"25N-H60N100F-81-F1"},{"r":"203","t":"07:08:57","h":"Est","s":"25N-H60N200F-81-F2"},{"r":"203","t":"07:08:57","h":"Est","s":"25N-H60N300F-82-F3"},{"r":"203","t":"07:08:57","h":"Est","s":"25N-H60N400F-81-F4"},{"r":"203","t":"07:08:57","h":"Est","s":"25N-H60NV10I-80-I"},{"r":"203","t":"07:08:57","h":"Est","s":"25N-H60NV20I-80-I"},{"r":"203","t":"07:08:57","h":"Est","s":"25S-H60S000I-80-I"},{"r":"203","t":"07:08:57","h":"Est","s":"25S-H60S100F-82-F1"},{"r":"203","t":"07:08:57","h":"Est","s":"25S-H60S200F-81-F2"},{"r":"203","t":"07:09:37","h":"Est","s":"25N-H60N000A-80-A"},{"r":"203","t":"07:09:37","h":"Est","s":"25N-H60NV10A-80-A"},{"r":"203","t":"07:09:37","h":"Est","s":"25N-H60NV20A-80-A"},{"r":"203","t":"07:09:37","h":"Est","s":"25S-H60S000A-80-A"},{"r":"203","t":"07:12:37","h":"Est","s":"25N-H60N000S-80-S"},{"r":"203","t":"07:12:37","h":"Est","s":"25N-H60N000S-98-S"},{"r":"203","t":"07:12:37","h":"Est","s":"25N-H60NV10S-98-S"},{"r":"203","t":"07:12:37","h":"Est","s":"25N-H60NV20S-98-S"},{"r":"203","t":"07:12:37","h":"Est","s":"25S-H60S000S-80-S"},{"r":"203","t":"07:29:37","h":"Est","s":"25N-H60N000S-80-S"},{"r":"203","t":"07:29:37","h":"Est","s":"25N-H60N000S-98-S"},{"r":"203","t":"07:29:37","h":"Est","s":"25N-H60NV10S-98-S"},{"r":"203","t":"07:29:37","h":"Est","s":"25N-H60NV20S-98-S"},{"r":"203","t":"07:29:37","h":"Est","s":"25S-H60S000S-80-S"},{"r":"203","t":"07:38:57","h":"Est","s":"25N-H60N000I-80-I"},{"r":"203","t":"07:38:57","h":"Est","s":"25N-H60N100F-81-F1"},{"r":"203","t":"07:38:57","h":"Est","s":"25N-H60N200F-81-F2"},{"r":"203","t":"07:38:57","h":"Est","s":"25N-H60N300F-82-F3"},{"r":"203","t":"07:38:57","h":"Est","s":"25N-H60N400F-81-F4"},{"r":"203","t":"07:38:57","h":"Est","s":"25N-H60NV10I-80-I"},{"r":"203","t":"07:38:57","h":"Est","s":"25N-H60NV20I-80-I"},{"r":"203","t":"07:38:57","h":"Est","s":"25S-H60S000I-80-I"},{"r":"203","t":"07:38:57","h":"Est","s":"25S-H60S100F-82-F1"},{"r":"203","t":"07:38:57","h":"Est","s":"25S-H60S200F-81-F2"},{"r":"203","t":"07:39:37","h":"Est","s":"25N-H60N000A-80-A"},{"r":"203","t":"07:39:37","h":"Est","s":"25N-H60NV10A-80-A"},{"r":"203","t":"07:39:37","h":"Est","s":"25N-H60NV20A-80-A"},{"r":"203","t":"07:39:37","h":"Est","s":"25S-H60S000A-80-A"},{"r":"203","t":"07:58:56","h":"Est","s":"25N-H60N000S-80-S"},{"r":"203","t":"07:58:56","h":"Est","s":"25N-H60N000S-98-S"},{"r":"203","t":"07:58:56","h":"Est","s":"25N-H60NV10S-98-S"},{"r":"203","t":"07:58:56","h":"Est","s":"25N-H60NV20S-98-S"},{"r":"203","t":"07:58:56","h":"Est","s":"25S-H60S000S-80-S"},{"r":"203","t":"08:08:57","h":"Est","s":"25N-H60N000I-80-I"},{"r":"203","t":"08:08:57","h":"Est","s":"25N-H60N100F-81-F1"},{"r":"203","t":"08:08:57","h":"Est","s":"25N-H60N200F-81-F2"},{"r":"203","t":"08:08:57","h":"Est","s":"25N-H60N300F-82-F3"},{"r":"203","t":"08:08:57","h":"Est","s":"25N-H60N400F-81-F4"},{"r":"203","t":"08:08:57","h":"Est","s":"25N-H60NV10I-80-I"},{"r":"203","t":"08:08:57","h":"Est","s":"25N-H60NV20I-80-I"},{"r":"203","t":"08:08:57","h":"Est","s":"25S-H60S000I-80-I"},{"r":"203","t":"08:08:57","h":"Est","s":"25S-H60S100F-82-F1"},{"r":"203","t":"08:08:57","h":"Est","s":"25S-H60S200F-81-F2"},{"r":"203","t":"08:10:37","h":"Est","s":"25N-H60N000A-80-A"},{"r":"203","t":"08:10:37","h":"Est","s":"25N-H60NV10A-80-A"},{"r":"203","t":"08:10:37","h":"Est","s":"25N-H60NV20A-80-A"},{"r":"203","t":"08:10:37","h":"Est","s":"25S-H60S000A-80-A"},{"r":"203","t":"08:24:56","h":"Est","s":"25N-H60N000S-80-S"},{"r":"203","t":"08:24:56","h":"Est","s":"25N-H60N000S-98-S"},{"r":"203","t":"08:24:56","h":"Est","s":"25N-H60NV10S-98-S"},{"r":"203","t":"08:24:56","h":"Est","s":"25N-H60NV20S-98-S"},{"r":"203","t":"08:24:56","h":"Est","s":"25S-H60S000S-80-S"},{"r":"203","t":"08:36:56","h":"Est","s":"25N-H60N000S-80-S"},{"r":"203","t":"08:36:56","h":"Est","s":"25N-H60N000S-98-S"},{"r":"203","t":"08:36:56","h":"Est","s":"25N-H60NV10S-98-S"},{"r":"203","t":"08:36:56","h":"Est","s":"25N-H60NV20S-98-S"},{"r":"203","t":"08:36:56","h":"Est","s":"25S-H60S000S-80-S"},{"r":"203","t":"08:38:57","h":"Est","s":"25N-H60N000I-80-I"},{"r":"203","t":"08:38:57","h":"Est","s":"25N-H60N100F-81-F1"},{"r":"203","t":"08:38:57","h":"Est","s":"25N-H60N200F-81-F2"},{"r":"203","t":"08:38:57","h":"Est","s":"25N-H60N300F-82-F3"},{"r":"203","t":"08:38:57","h":"Est","s":"25N-H60N400F-81-F4"},{"r":"203","t":"08:38:57","h":"Est","s":"25N-H60NV10I-80-I"},{"r":"203","t":"08:38:57","h":"Est","s":"25N-H60NV20I-80-I"},{"r":"203","t":"08:38:57","h":"Est","s":"25S-H60S000I-80-I"},{"r":"203","t":"08:38:57","h":"Est","s":"25S-H60S100F-82-F1"},{"r":"203","t":"08:38:57","h":"Est","s":"25S-H60S200F-81-F2"},{"r":"203","t":"08:40:37","h":"Est","s":"25N-H60N000A-80-A"},{"r":"203","t":"08:40:37","h":"Est","s":"25N-H60NV10A-80-A"},{"r":"203","t":"08:40:37","h":"Est","s":"25N-H60NV20A-80-A"},{"r":"203","t":"08:40:37","h":"Est","s":"25S-H60S000A-80-A"},{"r":"203","t":"09:08:57","h":"Est","s":"25N-H60N000I-80-I"},{"r":"203","t":"09:08:57","h":"Est","s":"25N-H60N100F-81-F1"},{"r":"203","t":"09:08:57","h":"Est","s":"25N-H60N200F-81-F2"},{"r":"203","t":"09:08:57","h":"Est","s":"25N-H60N300F-82-F3"},{"r":"203","t":"09:08:57","h":"Est","s":"25N-H60N400F-81-F4"},{"r":"203","t":"09:08:57","h":"Est","s":"25N-H60NV10I-80-I"},{"r":"203","t":"09:08:57","h":"Est","s":"25N-H60NV20I-80-I"},{"r":"203","t":"09:08:57","h":"Est","s":"25S-H60S000I-80-I"},{"r":"203","t":"09:08:57","h":"Est","s":"25S-H60S100F-82-F1"},{"r":"203","t":"09:08:57","h":"Est","s":"25S-H60S200F-81-F2"},{"r":"203","t":"09:10:37","h":"Est","s":"25N-H60N000A-80-A"},{"r":"203","t":"09:10:37","h":"Est","s":"25N-H60NV10A-80-A"},{"r":"203","t":"09:10:37","h":"Est","s":"25N-H60NV20A-80-A"},{"r":"203","t":"09:10:37","h":"Est","s":"25S-H60S000A-80-A"},{"r":"203","t":"09:10:56","h":"Est","s":"25N-H60N000S-80-S"},{"r":"203","t":"09:10:56","h":"Est","s":"25N-H60N000S-98-S"},{"r":"203","t":"09:10:56","h":"Est","s":"25N-H60NV10S-98-S"},{"r":"203","t":"09:10:56","h":"Est","s":"25N-H60NV20S-98-S"},{"r":"203","t":"09:10:56","h":"Est","s":"25S-H60S000S-80-S"},{"r":"203","t":"09:38:57","h":"Est","s":"25N-H60N000I-80-I"},{"r":"203","t":"09:38:57","h":"Est","s":"25N-H60N100F-81-F1"},{"r":"203","t":"09:38:57","h":"Est","s":"25N-H60N200F-81-F2"},{"r":"203","t":"09:38:57","h":"Est","s":"25N-H60N300F-82-F3"},{"r":"203","t":"09:38:57","h":"Est","s":"25N-H60N400F-81-F4"},{"r":"203","t":"09:38:57","h":"Est","s":"25N-H60NV10I-80-I"},{"r":"203","t":"09:38:57","h":"Est","s":"25N-H60NV20I-80-I"},{"r":"203","t":"09:38:57","h":"Est","s":"25S-H60S000I-80-I"},{"r":"203","t":"09:38:57","h":"Est","s":"25S-H60S100F-82-F1"},{"r":"203","t":"09:38:57","h":"Est","s":"25S-H60S200F-81-F2"},{"r":"203","t":"09:42:17","h":"Est","s":"25N-H56N000S-80-S"},{"r":"203","t":"09:42:17","h":"Est","s":"25N-H56NV10S-80-S"},{"r":"203","t":"09:42:17","h":"Est","s":"25N-H56NV20S-80-S"},{"r":"203","t":"09:42:17","h":"Est","s":"25S-H56S000S-80-S"},{"r":"203","t":"09:42:37","h":"Est","s":"25N-H60N000A-80-A"},{"r":"203","t":"09:42:37","h":"Est","s":"25N-H60NV10A-80-A"},{"r":"203","t":"09:42:37","h":"Est","s":"25N-H60NV20A-80-A"},{"r":"203","t":"09:42:37","h":"Est","s":"25S-H60S000A-80-A"},{"r":"203","t":"10:08:57","h":"Est","s":"25N-H60N000I-80-I"},{"r":"203","t":"10:08:57","h":"Est","s":"25N-H60N100F-81-F1"},{"r":"203","t":"10:08:57","h":"Est","s":"25N-H60N200F-81-F2"},{"r":"203","t":"10:08:57","h":"Est","s":"25N-H60N300F-82-F3"},{"r":"203","t":"10:08:57","h":"Est","s":"25N-H60N400F-81-F4"},{"r":"203","t":"10:08:57","h":"Est","s":"25N-H60NV10I-80-I"},{"r":"203","t":"10:08:57","h":"Est","s":"25N-H60NV20I-80-I"},{"r":"203","t":"10:08:57","h":"Est","s":"25S-H60S000I-80-I"},{"r":"203","t":"10:08:57","h":"Est","s":"25S-H60S100F-82-F1"},{"r":"203","t":"10:08:57","h":"Est","s":"25S-H60S200F-81-F2"},{"r":"203","t":"10:14:17","h":"Est","s":"25N-H60N000S-80-S"},{"r":"203","t":"10:14:17","h":"Est","s":"25N-H60N000S-98-S"},{"r":"203","t":"10:14:17","h":"Est","s":"25N-H60NV10S-98-S"},{"r":"203","t":"10:14:17","h":"Est","s":"25N-H60NV20S-98-S"},{"r":"203","t":"10:14:17","h":"Est","s":"25S-H60S000S-80-S"},{"r":"203","t":"10:15:37","h":"Est","s":"25N-H60N000A-80-A"},{"r":"203","t":"10:15:37","h":"Est","s":"25N-H60NV10A-80-A"},{"r":"203","t":"10:15:37","h":"Est","s":"25N-H60NV20A-80-A"},{"r":"203","t":"10:15:37","h":"Est","s":"25S-H60S000A-80-A"},{"r":"203","t":"10:38:57","h":"Est","s":"25N-H60N000I-80-I"},{"r":"203","t":"10:38:57","h":"Est","s":"25N-H60N100F-81-F1"},{"r":"203","t":"10:38:57","h":"Est","s":"25N-H60N200F-81-F2"},{"r":"203","t":"10:38:57","h":"Est","s":"25N-H60N300F-82-F3"},{"r":"203","t":"10:38:57","h":"Est","s":"25N-H60N400F-81-F4"},{"r":"203","t":"10:38:57","h":"Est","s":"25N-H60NV10I-80-I"},{"r":"203","t":"10:38:57","h":"Est","s":"25N-H60NV20I-80-I"},{"r":"203","t":"10:38:57","h":"Est","s":"25S-H60S000I-80-I"},{"r":"203","t":"10:38:57","h":"Est","s":"25S-H60S100F-82-F1"},{"r":"203","t":"10:38:57","h":"Est","s":"25S-H60S200F-81-F2"},{"r":"203","t":"10:46:17","h":"Est","s":"25N-H60N000S-80-S"},{"r":"203","t":"10:46:17","h":"Est","s":"25N-H60N000S-98-S"},{"r":"203","t":"10:46:17","h":"Est","s":"25N-H60NV10S-98-S"},{"r":"203","t":"10:46:17","h":"Est","s":"25N-H60NV20S-98-S"},{"r":"203","t":"10:46:17","h":"Est","s":"25S-H60S000S-80-S"},{"r":"203","t":"10:47:37","h":"Est","s":"25N-H60N000A-80-A"},{"r":"203","t":"10:47:37","h":"Est","s":"25N-H60NV10A-80-A"},{"r":"203","t":"10:47:37","h":"Est","s":"25N-H60NV20A-80-A"},{"r":"203","t":"10:47:37","h":"Est","s":"25S-H60S000A-80-A"},{"r":"203","t":"11:08:57","h":"Est","s":"25N-H60N000I-80-I"},{"r":"203","t":"11:08:57","h":"Est","s":"25N-H60N100F-81-F1"},{"r":"203","t":"11:08:57","h":"Est","s":"25N-H60N200F-81-F2"},{"r":"203","t":"11:08:57","h":"Est","s":"25N-H60N300F-82-F3"},{"r":"203","t":"11:08:57","h":"Est","s":"25N-H60N400F-81-F4"},{"r":"203","t":"11:08:57","h":"Est","s":"25N-H60NV10I-80-I"},{"r":"203","t":"11:08:57","h":"Est","s":"25N-H60NV20I-80-I"},{"r":"203","t":"11:08:57","h":"Est","s":"25S-H60S000I-80-I"},{"r":"203","t":"11:08:57","h":"Est","s":"25S-H60S100F-82-F1"},{"r":"203","t":"11:08:57","h":"Est","s":"25S-H60S200F-81-F2"},{"r":"203","t":"11:18:17","h":"Est","s":"25N-H60N000S-80-S"},{"r":"203","t":"11:18:17","h":"Est","s":"25N-H60N000S-98-S"},{"r":"203","t":"11:18:17","h":"Est","s":"25N-H60NV10S-98-S"},{"r":"203","t":"11:18:17","h":"Est","s":"25N-H60NV20S-98-S"},{"r":"203","t":"11:18:17","h":"Est","s":"25S-H60S000S-80-S"},{"r":"203","t":"11:20:37","h":"Est","s":"25N-H60N000A-80-A"},{"r":"203","t":"11:20:37","h":"Est","s":"25N-H60NV10A-80-A"},{"r":"203","t":"11:20:37","h":"Est","s":"25N-H60NV20A-80-A"},{"r":"203","t":"11:20:37","h":"Est","s":"25S-H60S000A-80-A"},{"r":"203","t":"11:38:57","h":"Est","s":"25N-H60N000I-80-I"},{"r":"203","t":"11:38:57","h":"Est","s":"25N-H60N100F-81-F1"},{"r":"203","t":"11:38:57","h":"Est","s":"25N-H60N200F-81-F2"},{"r":"203","t":"11:38:57","h":"Est","s":"25N-H60N300F-82-F3"},{"r":"203","t":"11:38:57","h":"Est","s":"25N-H60N400F-81-F4"},{"r":"203","t":"11:38:57","h":"Est","s":"25N-H60NV10I-80-I"},{"r":"203","t":"11:38:57","h":"Est","s":"25N-H60NV20I-80-I"},{"r":"203","t":"11:38:57","h":"Est","s":"25S-H60S000I-80-I"},{"r":"203","t":"11:38:57","h":"Est","s":"25S-H60S100F-82-F1"},{"r":"203","t":"11:38:57","h":"Est","s":"25S-H60S200F-81-F2"},{"r":"203","t":"11:49:17","h":"Est","s":"25N-H60N000S-80-S"},{"r":"203","t":"11:49:17","h":"Est","s":"25N-H60N000S-98-S"},{"r":"203","t":"11:49:17","h":"Est","s":"25N-H60NV10S-98-S"},{"r":"203","t":"11:49:17","h":"Est","s":"25N-H60NV20S-98-S"},{"r":"203","t":"11:49:17","h":"Est","s":"25S-H60S000S-80-S"},{"r":"203","t":"11:53:37","h":"Est","s":"25N-H60N000A-80-A"},{"r":"203","t":"11:53:37","h":"Est","s":"25N-H60NV10A-80-A"},{"r":"203","t":"11:53:37","h":"Est","s":"25N-H60NV20A-80-A"},{"r":"203","t":"11:53:37","h":"Est","s":"25S-H60S000A-80-A"},{"r":"203","t":"12:08:57","h":"Est","s":"25N-H60N000I-80-I"},{"r":"203","t":"12:08:57","h":"Est","s":"25N-H60N100F-81-F1"},{"r":"203","t":"12:08:57","h":"Est","s":"25N-H60N200F-81-F2"},{"r":"203","t":"12:08:57","h":"Est","s":"25N-H60N300F-82-F3"},{"r":"203","t":"12:08:57","h":"Est","s":"25N-H60N400F-81-F4"},{"r":"203","t":"12:08:57","h":"Est","s":"25N-H60NV10I-80-I"},{"r":"203","t":"12:08:57","h":"Est","s":"25N-H60NV20I-80-I"},{"r":"203","t":"12:08:57","h":"Est","s":"25S-H60S000I-80-I"},{"r":"203","t":"12:08:57","h":"Est","s":"25S-H60S100F-82-F1"},{"r":"203","t":"12:08:57","h":"Est","s":"25S-H60S200F-81-F2"},{"r":"203","t":"12:18:17","h":"Est","s":"25N-H60N000S-80-S"},{"r":"203","t":"12:18:17","h":"Est","s":"25N-H60N000S-98-S"},{"r":"203","t":"12:18:17","h":"Est","s":"25N-H60NV10S-98-S"},{"r":"203","t":"12:18:17","h":"Est","s":"25N-H60NV20S-98-S"},{"r":"203","t":"12:18:17","h":"Est","s":"25S-H60S000S-80-S"},{"r":"203","t":"12:26:37","h":"Est","s":"25N-H60N000A-80-A"},{"r":"203","t":"12:26:37","h":"Est","s":"25N-H60NV10A-80-A"},{"r":"203","t":"12:26:37","h":"Est","s":"25N-H60NV20A-80-A"},{"r":"203","t":"12:26:37","h":"Est","s":"25S-H60S000A-80-A"},{"r":"203","t":"12:38:57","h":"Est","s":"25N-H60N000I-80-I"},{"r":"203","t":"12:38:57","h":"Est","s":"25N-H60N100F-81-F1"},{"r":"203","t":"12:38:57","h":"Est","s":"25N-H60N200F-81-F2"},{"r":"203","t":"12:38:57","h":"Est","s":"25N-H60N300F-82-F3"},{"r":"203","t":"12:38:57","h":"Est","s":"25N-H60N400F-81-F4"},{"r":"203","t":"12:38:57","h":"Est","s":"25N-H60NV10I-80-I"},{"r":"203","t":"12:38:57","h":"Est","s":"25N-H60NV20I-80-I"},{"r":"203","t":"12:38:57","h":"Est","s":"25S-H60S000I-80-I"},{"r":"203","t":"12:38:57","h":"Est","s":"25S-H60S100F-82-F1"},{"r":"203","t":"12:38:57","h":"Est","s":"25S-H60S200F-81-F2"},{"r":"203","t":"12:48:17","h":"Est","s":"25N-H60N000S-80-S"},{"r":"203","t":"12:48:17","h":"Est","s":"25N-H60N000S-98-S"},{"r":"203","t":"12:48:17","h":"Est","s":"25N-H60NV10S-98-S"},{"r":"203","t":"12:48:17","h":"Est","s":"25N-H60NV20S-98-S"},{"r":"203","t":"12:48:17","h":"Est","s":"25S-H60S000S-80-S"},{"r":"203","t":"12:58:37","h":"Est","s":"25N-H60N000A-80-A"},{"r":"203","t":"12:58:37","h":"Est","s":"25N-H60NV10A-80-A"},{"r":"203","t":"12:58:37","h":"Est","s":"25N-H60NV20A-80-A"},{"r":"203","t":"12:58:37","h":"Est","s":"25S-H60S000A-80-A"},{"r":"203","t":"13:09:57","h":"Est","s":"25N-H60N000I-80-I"},{"r":"203","t":"13:09:57","h":"Est","s":"25N-H60N100F-81-F1"},{"r":"203","t":"13:09:57","h":"Est","s":"25N-H60N200F-81-F2"},{"r":"203","t":"13:09:57","h":"Est","s":"25N-H60N300F-82-F3"},{"r":"203","t":"13:09:57","h":"Est","s":"25N-H60N400F-81-F4"},{"r":"203","t":"13:09:57","h":"Est","s":"25N-H60NV10I-80-I"},{"r":"203","t":"13:09:57","h":"Est","s":"25N-H60NV20I-80-I"},{"r":"203","t":"13:09:57","h":"Est","s":"25S-H60S000I-80-I"},{"r":"203","t":"13:09:57","h":"Est","s":"25S-H60S100F-82-F1"},{"r":"203","t":"13:09:57","h":"Est","s":"25S-H60S200F-81-F2"},{"r":"203","t":"13:17:17","h":"Est","s":"25N-H60N000S-80-S"},{"r":"203","t":"13:17:17","h":"Est","s":"25N-H60N000S-98-S"},{"r":"203","t":"13:17:17","h":"Est","s":"25N-H60NV10S-98-S"},{"r":"203","t":"13:17:17","h":"Est","s":"25N-H60NV20S-98-S"},{"r":"203","t":"13:17:17","h":"Est","s":"25S-H60S000S-80-S"},{"r":"203","t":"13:28:37","h":"Est","s":"25N-H60N000A-80-A"},{"r":"203","t":"13:28:37","h":"Est","s":"25N-H60NV10A-80-A"},{"r":"203","t":"13:28:37","h":"Est","s":"25N-H60NV20A-80-A"},{"r":"203","t":"13:28:37","h":"Est","s":"25S-H60S000A-80-A"},{"r":"203","t":"13:39:57","h":"Est","s":"25N-H60N000I-80-I"},{"r":"203","t":"13:39:57","h":"Est","s":"25N-H60N100F-81-F1"},{"r":"203","t":"13:39:57","h":"Est","s":"25N-H60N200F-81-F2"},{"r":"203","t":"13:39:57","h":"Est","s":"25N-H60N300F-82-F3"},{"r":"203","t":"13:39:57","h":"Est","s":"25N-H60N400F-81-F4"},{"r":"203","t":"13:39:57","h":"Est","s":"25N-H60NV10I-80-I"},{"r":"203","t":"13:39:57","h":"Est","s":"25N-H60NV20I-80-I"},{"r":"203","t":"13:39:57","h":"Est","s":"25S-H60S000I-80-I"},{"r":"203","t":"13:39:57","h":"Est","s":"25S-H60S100F-82-F1"},{"r":"203","t":"13:39:57","h":"Est","s":"25S-H60S200F-81-F2"},{"r":"203","t":"13:46:17","h":"Est","s":"25N-H60N000S-80-S"},{"r":"203","t":"13:46:17","h":"Est","s":"25N-H60N000S-98-S"},{"r":"203","t":"13:46:17","h":"Est","s":"25N-H60NV10S-98-S"},{"r":"203","t":"13:46:17","h":"Est","s":"25N-H60NV20S-98-S"},{"r":"203","t":"13:46:17","h":"Est","s":"25S-H60S000S-80-S"},{"r":"203","t":"13:57:37","h":"Est","s":"25N-H60N000A-80-A"},{"r":"203","t":"13:57:37","h":"Est","s":"25N-H60NV10A-80-A"},{"r":"203","t":"13:57:37","h":"Est","s":"25N-H60NV20A-80-A"},{"r":"203","t":"13:57:37","h":"Est","s":"25S-H60S000A-80-A"},{"r":"203","t":"14:09:57","h":"Est","s":"25N-H60N000I-80-I"},{"r":"203","t":"14:09:57","h":"Est","s":"25N-H60N100F-81-F1"},{"r":"203","t":"14:09:57","h":"Est","s":"25N-H60N200F-81-F2"},{"r":"203","t":"14:09:57","h":"Est","s":"25N-H60N300F-82-F3"},{"r":"203","t":"14:09:57","h":"Est","s":"25N-H60N400F-81-F4"},{"r":"203","t":"14:09:57","h":"Est","s":"25N-H60NV10I-80-I"},{"r":"203","t":"14:09:57","h":"Est","s":"25N-H60NV20I-80-I"},{"r":"203","t":"14:09:57","h":"Est","s":"25S-H60S000I-80-I"},{"r":"203","t":"14:09:57","h":"Est","s":"25S-H60S100F-82-F1"},{"r":"203","t":"14:09:57","h":"Est","s":"25S-H60S200F-81-F2"},{"r":"203","t":"14:15:17","h":"Est","s":"25N-H60N000S-80-S"},{"r":"203","t":"14:15:17","h":"Est","s":"25N-H60N000S-98-S"},{"r":"203","t":"14:15:17","h":"Est","s":"25N-H60NV10S-98-S"},{"r":"203","t":"14:15:17","h":"Est","s":"25N-H60NV20S-98-S"},{"r":"203","t":"14:15:17","h":"Est","s":"25S-H60S000S-80-S"},{"r":"203","t":"14:26:37","h":"Est","s":"25N-H60N000A-80-A"},{"r":"203","t":"14:26:37","h":"Est","s":"25N-H60NV10A-80-A"},{"r":"203","t":"14:26:37","h":"Est","s":"25N-H60NV20A-80-A"},{"r":"203","t":"14:26:37","h":"Est","s":"25S-H60S000A-80-A"},{"r":"203","t":"14:41:57","h":"Est","s":"25N-H60N000I-80-I"},{"r":"203","t":"14:41:57","h":"Est","s":"25N-H60N100F-81-F1"},{"r":"203","t":"14:41:57","h":"Est","s":"25N-H60N200F-81-F2"},{"r":"203","t":"14:41:57","h":"Est","s":"25N-H60N300F-82-F3"},{"r":"203","t":"14:41:57","h":"Est","s":"25N-H60N400F-81-F4"},{"r":"203","t":"14:41:57","h":"Est","s":"25N-H60NV10I-80-I"},{"r":"203","t":"14:41:57","h":"Est","s":"25N-H60NV20I-80-I"},{"r":"203","t":"14:41:57","h":"Est","s":"25S-H60S000I-80-I"},{"r":"203","t":"14:41:57","h":"Est","s":"25S-H60S100F-82-F1"},{"r":"203","t":"14:41:57","h":"Est","s":"25S-H60S200F-81-F2"},{"r":"203","t":"14:44:17","h":"Est","s":"25N-H60N000S-80-S"},{"r":"203","t":"14:44:17","h":"Est","s":"25N-H60N000S-98-S"},{"r":"203","t":"14:44:17","h":"Est","s":"25N-H60NV10S-98-S"},{"r":"203","t":"14:44:17","h":"Est","s":"25N-H60NV20S-98-S"},{"r":"203","t":"14:44:17","h":"Est","s":"25S-H60S000S-80-S"},{"r":"203","t":"14:55:37","h":"Est","s":"25N-H60N000A-80-A"},{"r":"203","t":"14:55:37","h":"Est","s":"25N-H60NV10A-80-A"},{"r":"203","t":"14:55:37","h":"Est","s":"25N-H60NV20A-80-A"},{"r":"203","t":"14:55:37","h":"Est","s":"25S-H60S000A-80-A"},{"r":"203","t":"15:11:57","h":"Est","s":"25N-H60N000I-80-I"},{"r":"203","t":"15:11:57","h":"Est","s":"25N-H60N100F-81-F1"},{"r":"203","t":"15:11:57","h":"Est","s":"25N-H60N200F-81-F2"},{"r":"203","t":"15:11:57","h":"Est","s":"25N-H60N300F-82-F3"},{"r":"203","t":"15:11:57","h":"Est","s":"25N-H60N400F-81-F4"},{"r":"203","t":"15:11:57","h":"Est","s":"25N-H60NV10I-80-I"},{"r":"203","t":"15:11:57","h":"Est","s":"25N-H60NV20I-80-I"},{"r":"203","t":"15:11:57","h":"Est","s":"25S-H60S000I-80-I"},{"r":"203","t":"15:11:57","h":"Est","s":"25S-H60S100F-82-F1"},{"r":"203","t":"15:11:57","h":"Est","s":"25S-H60S200F-81-F2"},{"r":"203","t":"15:16:17","h":"Est","s":"25N-H50N000S-80-S"},{"r":"203","t":"15:16:17","h":"Est","s":"25N-H50N000S-90-S"},{"r":"203","t":"15:16:17","h":"Est","s":"25N-H50NV10S-90-S"},{"r":"203","t":"15:16:17","h":"Est","s":"25N-H50NV20S-90-S"},{"r":"203","t":"15:16:17","h":"Est","s":"25S-H50S000S-81-S"},{"r":"203","t":"15:24:37","h":"Est","s":"25N-H60N000A-80-A"},{"r":"203","t":"15:24:37","h":"Est","s":"25N-H60NV10A-80-A"},{"r":"203","t":"15:24:37","h":"Est","s":"25N-H60NV20A-80-A"},{"r":"203","t":"15:24:37","h":"Est","s":"25S-H60S000A-80-A"},{"r":"203","t":"15:42:57","h":"Est","s":"25N-H60N000I-80-I"},{"r":"203","t":"15:42:57","h":"Est","s":"25N-H60N100F-81-F1"},{"r":"203","t":"15:42:57","h":"Est","s":"25N-H60N200F-81-F2"},{"r":"203","t":"15:42:57","h":"Est","s":"25N-H60N300F-82-F3"},{"r":"203","t":"15:42:57","h":"Est","s":"25N-H60N400F-81-F4"},{"r":"203","t":"15:42:57","h":"Est","s":"25N-H60NV10I-80-I"},{"r":"203","t":"15:42:57","h":"Est","s":"25N-H60NV20I-80-I"},{"r":"203","t":"15:42:57","h":"Est","s":"25S-H60S000I-80-I"},{"r":"203","t":"15:42:57","h":"Est","s":"25S-H60S100F-82-F1"},{"r":"203","t":"15:42:57","h":"Est","s":"25S-H60S200F-81-F2"},{"r":"203","t":"15:49:17","h":"Est","s":"25N-H60N000S-80-S"},{"r":"203","t":"15:49:17","h":"Est","s":"25N-H60N000S-98-S"},{"r":"203","t":"15:49:17","h":"Est","s":"25N-H60NV10S-98-S"},{"r":"203","t":"15:49:17","h":"Est","s":"25N-H60NV20S-98-S"},{"r":"203","t":"15:49:17","h":"Est","s":"25S-H60S000S-80-S"},{"r":"203","t":"15:53:37","h":"Est","s":"25N-H60N000A-80-A"},{"r":"203","t":"15:53:37","h":"Est","s":"25N-H60NV10A-80-A"},{"r":"203","t":"15:53:37","h":"Est","s":"25N-H60NV20A-80-A"},{"r":"203","t":"15:53:37","h":"Est","s":"25S-H60S000A-80-A"},{"r":"203","t":"16:13:57","h":"Est","s":"25N-H60N000I-80-I"},{"r":"203","t":"16:13:57","h":"Est","s":"25N-H60N100F-81-F1"},{"r":"203","t":"16:13:57","h":"Est","s":"25N-H60N200F-81-F2"},{"r":"203","t":"16:13:57","h":"Est","s":"25N-H60N300F-82-F3"},{"r":"203","t":"16:13:57","h":"Est","s":"25N-H60N400F-81-F4"},{"r":"203","t":"16:13:57","h":"Est","s":"25N-H60NV10I-80-I"},{"r":"203","t":"16:13:57","h":"Est","s":"25N-H60NV20I-80-I"},{"r":"203","t":"16:13:57","h":"Est","s":"25S-H60S000I-80-I"},{"r":"203","t":"16:13:57","h":"Est","s":"25S-H60S100F-82-F1"},{"r":"203","t":"16:13:57","h":"Est","s":"25S-H60S200F-81-F2"},{"r":"203","t":"16:14:17","h":"Est","s":"25N-H60N000S-80-S"},{"r":"203","t":"16:14:17","h":"Est","s":"25N-H60N000S-98-S"},{"r":"203","t":"16:14:17","h":"Est","s":"25N-H60NV10S-98-S"},{"r":"203","t":"16:14:17","h":"Est","s":"25N-H60NV20S-98-S"},{"r":"203","t":"16:14:17","h":"Est","s":"25S-H60S000S-80-S"},{"r":"203","t":"16:23:37","h":"Est","s":"25N-H60N000A-80-A"},{"r":"203","t":"16:23:37","h":"Est","s":"25N-H60NV10A-80-A"},{"r":"203","t":"16:23:37","h":"Est","s":"25N-H60NV20A-80-A"},{"r":"203","t":"16:23:37","h":"Est","s":"25S-H60S000A-80-A"},{"r":"203","t":"16:40:37","h":"Est","s":"25N-H60N000S-80-S"},{"r":"203","t":"16:40:37","h":"Est","s":"25N-H60N000S-98-S"},{"r":"203","t":"16:40:37","h":"Est","s":"25N-H60NV10S-98-S"},{"r":"203","t":"16:40:37","h":"Est","s":"25N-H60NV20S-98-S"},{"r":"203","t":"16:40:37","h":"Est","s":"25S-H60S000S-80-S"},{"r":"203","t":"16:43:57","h":"Est","s":"25N-H60N000I-80-I"},{"r":"203","t":"16:43:57","h":"Est","s":"25N-H60N100F-81-F1"},{"r":"203","t":"16:43:57","h":"Est","s":"25N-H60N200F-81-F2"},{"r":"203","t":"16:43:57","h":"Est","s":"25N-H60N300F-82-F3"},{"r":"203","t":"16:43:57","h":"Est","s":"25N-H60N400F-81-F4"},{"r":"203","t":"16:43:57","h":"Est","s":"25N-H60NV10I-80-I"},{"r":"203","t":"16:43:57","h":"Est","s":"25N-H60NV20I-80-I"},{"r":"203","t":"16:43:57","h":"Est","s":"25S-H60S000I-80-I"},{"r":"203","t":"16:43:57","h":"Est","s":"25S-H60S100F-82-F1"},{"r":"203","t":"16:43:57","h":"Est","s":"25S-H60S200F-81-F2"},{"r":"203","t":"16:53:37","h":"Est","s":"25N-H60N000A-80-A"},{"r":"203","t":"16:53:37","h":"Est","s":"25N-H60NV10A-80-A"},{"r":"203","t":"16:53:37","h":"Est","s":"25N-H60NV20A-80-A"},{"r":"203","t":"16:53:37","h":"Est","s":"25S-H60S000A-80-A"},{"r":"203","t":"17:03:37","h":"Est","s":"25N-H60N000S-80-S"},{"r":"203","t":"17:03:37","h":"Est","s":"25N-H60N000S-98-S"},{"r":"203","t":"17:03:37","h":"Est","s":"25N-H60NV10S-98-S"},{"r":"203","t":"17:03:37","h":"Est","s":"25N-H60NV20S-98-S"},{"r":"203","t":"17:03:37","h":"Est","s":"25S-H60S000S-80-S"},{"r":"203","t":"17:13:57","h":"Est","s":"25N-H60N000I-80-I"},{"r":"203","t":"17:13:57","h":"Est","s":"25N-H60N100F-81-F1"},{"r":"203","t":"17:13:57","h":"Est","s":"25N-H60N200F-81-F2"},{"r":"203","t":"17:13:57","h":"Est","s":"25N-H60N300F-82-F3"},{"r":"203","t":"17:13:57","h":"Est","s":"25N-H60N400F-81-F4"},{"r":"203","t":"17:13:57","h":"Est","s":"25N-H60NV10I-80-I"},{"r":"203","t":"17:13:57","h":"Est","s":"25N-H60NV20I-80-I"},{"r":"203","t":"17:13:57","h":"Est","s":"25S-H60S000I-80-I"},{"r":"203","t":"17:13:57","h":"Est","s":"25S-H60S100F-82-F1"},{"r":"203","t":"17:13:57","h":"Est","s":"25S-H60S200F-81-F2"},{"r":"203","t":"17:23:37","h":"Est","s":"25N-H60N000A-80-A"},{"r":"203","t":"17:23:37","h":"Est","s":"25N-H60NV10A-80-A"},{"r":"203","t":"17:23:37","h":"Est","s":"25N-H60NV20A-80-A"},{"r":"203","t":"17:23:37","h":"Est","s":"25S-H60S000A-80-A"},{"r":"203","t":"17:35:37","h":"Est","s":"25N-H60N000S-80-S"},{"r":"203","t":"17:35:37","h":"Est","s":"25N-H60N000S-98-S"},{"r":"203","t":"17:35:37","h":"Est","s":"25N-H60NV10S-98-S"},{"r":"203","t":"17:35:37","h":"Est","s":"25N-H60NV20S-98-S"},{"r":"203","t":"17:35:37","h":"Est","s":"25S-H60S000S-80-S"},{"r":"203","t":"17:44:57","h":"Est","s":"25N-H60N000I-80-I"},{"r":"203","t":"17:44:57","h":"Est","s":"25N-H60N100F-81-F1"},{"r":"203","t":"17:44:57","h":"Est","s":"25N-H60N200F-81-F2"},{"r":"203","t":"17:44:57","h":"Est","s":"25N-H60N300F-82-F3"},{"r":"203","t":"17:44:57","h":"Est","s":"25N-H60N400F-81-F4"},{"r":"203","t":"17:44:57","h":"Est","s":"25N-H60NV10I-80-I"},{"r":"203","t":"17:44:57","h":"Est","s":"25N-H60NV20I-80-I"},{"r":"203","t":"17:44:57","h":"Est","s":"25S-H60S000I-80-I"},{"r":"203","t":"17:44:57","h":"Est","s":"25S-H60S100F-82-F1"},{"r":"203","t":"17:44:57","h":"Est","s":"25S-H60S200F-81-F2"},{"r":"203","t":"17:51:37","h":"Est","s":"25N-H60N000A-80-A"},{"r":"203","t":"17:51:37","h":"Est","s":"25N-H60NV10A-80-A"},{"r":"203","t":"17:51:37","h":"Est","s":"25N-H60NV20A-80-A"},{"r":"203","t":"17:51:37","h":"Est","s":"25S-H60S000A-80-A"},{"r":"203","t":"18:07:37","h":"Est","s":"25N-H60N000S-80-S"},{"r":"203","t":"18:07:37","h":"Est","s":"25N-H60N000S-98-S"},{"r":"203","t":"18:07:37","h":"Est","s":"25N-H60NV10S-98-S"},{"r":"203","t":"18:07:37","h":"Est","s":"25N-H60NV20S-98-S"},{"r":"203","t":"18:07:37","h":"Est","s":"25S-H60S000S-80-S"},{"r":"203","t":"18:13:57","h":"Est","s":"25N-H60N000I-80-I"},{"r":"203","t":"18:13:57","h":"Est","s":"25N-H60N100F-81-F1"},{"r":"203","t":"18:13:57","h":"Est","s":"25N-H60N200F-81-F2"},{"r":"203","t":"18:13:57","h":"Est","s":"25N-H60N300F-82-F3"},{"r":"203","t":"18:13:57","h":"Est","s":"25N-H60N400F-81-F4"},{"r":"203","t":"18:13:57","h":"Est","s":"25N-H60NV10I-80-I"},{"r":"203","t":"18:13:57","h":"Est","s":"25N-H60NV20I-80-I"},{"r":"203","t":"18:13:57","h":"Est","s":"25S-H60S000I-80-I"},{"r":"203","t":"18:13:57","h":"Est","s":"25S-H60S100F-82-F1"},{"r":"203","t":"18:13:57","h":"Est","s":"25S-H60S200F-81-F2"},{"r":"203","t":"18:22:37","h":"Est","s":"25N-H60N000A-80-A"},{"r":"203","t":"18:22:37","h":"Est","s":"25N-H60NV10A-80-A"},{"r":"203","t":"18:22:37","h":"Est","s":"25N-H60NV20A-80-A"},{"r":"203","t":"18:22:37","h":"Est","s":"25S-H60S000A-80-A"},{"r":"203","t":"18:40:37","h":"Est","s":"25N-H60N000S-80-S"},{"r":"203","t":"18:40:37","h":"Est","s":"25N-H60N000S-98-S"},{"r":"203","t":"18:40:37","h":"Est","s":"25N-H60NV10S-98-S"},{"r":"203","t":"18:40:37","h":"Est","s":"25N-H60NV20S-98-S"},{"r":"203","t":"18:40:37","h":"Est","s":"25S-H60S000S-80-S"},{"r":"203","t":"18:42:57","h":"Est","s":"25N-H60N000I-80-I"},{"r":"203","t":"18:42:57","h":"Est","s":"25N-H60N100F-81-F1"},{"r":"203","t":"18:42:57","h":"Est","s":"25N-H60N200F-81-F2"},{"r":"203","t":"18:42:57","h":"Est","s":"25N-H60N300F-82-F3"},{"r":"203","t":"18:42:57","h":"Est","s":"25N-H60N400F-81-F4"},{"r":"203","t":"18:42:57","h":"Est","s":"25N-H60NV10I-80-I"},{"r":"203","t":"18:42:57","h":"Est","s":"25N-H60NV20I-80-I"},{"r":"203","t":"18:42:57","h":"Est","s":"25S-H60S000I-80-I"},{"r":"203","t":"18:42:57","h":"Est","s":"25S-H60S100F-82-F1"},{"r":"203","t":"18:42:57","h":"Est","s":"25S-H60S200F-81-F2"},{"r":"203","t":"18:53:37","h":"Est","s":"25N-H60N000A-80-A"},{"r":"203","t":"18:53:37","h":"Est","s":"25N-H60NV10A-80-A"},{"r":"203","t":"18:53:37","h":"Est","s":"25N-H60NV20A-80-A"},{"r":"203","t":"18:53:37","h":"Est","s":"25S-H60S000A-80-A"},{"r":"203","t":"19:10:57","h":"Est","s":"25N-H60N000I-80-I"},{"r":"203","t":"19:10:57","h":"Est","s":"25N-H60N100F-81-F1"},{"r":"203","t":"19:10:57","h":"Est","s":"25N-H60N200F-81-F2"},{"r":"203","t":"19:10:57","h":"Est","s":"25N-H60N300F-82-F3"},{"r":"203","t":"19:10:57","h":"Est","s":"25N-H60N400F-81-F4"},{"r":"203","t":"19:10:57","h":"Est","s":"25N-H60NV10I-80-I"},{"r":"203","t":"19:10:57","h":"Est","s":"25N-H60NV20I-80-I"},{"r":"203","t":"19:10:57","h":"Est","s":"25S-H60S000I-80-I"},{"r":"203","t":"19:10:57","h":"Est","s":"25S-H60S100F-82-F1"},{"r":"203","t":"19:10:57","h":"Est","s":"25S-H60S200F-81-F2"},{"r":"203","t":"19:11:37","h":"Est","s":"25N-H60N000S-80-S"},{"r":"203","t":"19:11:37","h":"Est","s":"25N-H60N000S-98-S"},{"r":"203","t":"19:11:37","h":"Est","s":"25N-H60NV10S-98-S"},{"r":"203","t":"19:11:37","h":"Est","s":"25N-H60NV20S-98-S"},{"r":"203","t":"19:11:37","h":"Est","s":"25S-H60S000S-80-S"},{"r":"203","t":"19:22:57","h":"Est","s":"25N-H60N000A-80-A"},{"r":"203","t":"19:22:57","h":"Est","s":"25N-H60NV10A-80-A"},{"r":"203","t":"19:22:57","h":"Est","s":"25N-H60NV20A-80-A"},{"r":"203","t":"19:22:57","h":"Est","s":"25S-H60S000A-80-A"},{"r":"203","t":"19:39:57","h":"Est","s":"25N-H60N000I-80-I"},{"r":"203","t":"19:39:57","h":"Est","s":"25N-H60N100F-81-F1"},{"r":"203","t":"19:39:57","h":"Est","s":"25N-H60N200F-81-F2"},{"r":"203","t":"19:39:57","h":"Est","s":"25N-H60N300F-82-F3"},{"r":"203","t":"19:39:57","h":"Est","s":"25N-H60N400F-81-F4"},{"r":"203","t":"19:39:57","h":"Est","s":"25N-H60NV10I-80-I"},{"r":"203","t":"19:39:57","h":"Est","s":"25N-H60NV20I-80-I"},{"r":"203","t":"19:39:57","h":"Est","s":"25S-H60S000I-80-I"},{"r":"203","t":"19:39:57","h":"Est","s":"25S-H60S100F-82-F1"},{"r":"203","t":"19:39:57","h":"Est","s":"25S-H60S200F-81-F2"},{"r":"203","t":"19:41:37","h":"Est","s":"25N-H60N000S-80-S"},{"r":"203","t":"19:41:37","h":"Est","s":"25N-H60N000S-98-S"},{"r":"203","t":"19:41:37","h":"Est","s":"25N-H60NV10S-98-S"},{"r":"203","t":"19:41:37","h":"Est","s":"25N-H60NV20S-98-S"},{"r":"203","t":"19:41:37","h":"Est","s":"25S-H60S000S-80-S"},{"r":"203","t":"19:52:57","h":"Est","s":"25N-H60N000A-80-A"},{"r":"203","t":"19:52:57","h":"Est","s":"25N-H60NV10A-80-A"},{"r":"203","t":"19:52:57","h":"Est","s":"25N-H60NV20A-80-A"},{"r":"203","t":"19:52:57","h":"Est","s":"25S-H60S000A-80-A"},{"r":"203","t":"20:08:57","h":"Est","s":"25N-H60N000I-80-I"},{"r":"203","t":"20:08:57","h":"Est","s":"25N-H60N100F-81-F1"},{"r":"203","t":"20:08:57","h":"Est","s":"25N-H60N200F-81-F2"},{"r":"203","t":"20:08:57","h":"Est","s":"25N-H60N300F-82-F3"},{"r":"203","t":"20:08:57","h":"Est","s":"25N-H60N400F-81-F4"},{"r":"203","t":"20:08:57","h":"Est","s":"25N-H60NV10I-80-I"},{"r":"203","t":"20:08:57","h":"Est","s":"25N-H60NV20I-80-I"},{"r":"203","t":"20:08:57","h":"Est","s":"25S-H60S000I-80-I"},{"r":"203","t":"20:08:57","h":"Est","s":"25S-H60S100F-82-F1"},{"r":"203","t":"20:08:57","h":"Est","s":"25S-H60S200F-81-F2"},{"r":"203","t":"20:13:37","h":"Est","s":"25N-H60N000S-80-S"},{"r":"203","t":"20:13:37","h":"Est","s":"25N-H60N000S-98-S"},{"r":"203","t":"20:13:37","h":"Est","s":"25N-H60NV10S-98-S"},{"r":"203","t":"20:13:37","h":"Est","s":"25N-H60NV20S-98-S"},{"r":"203","t":"20:13:37","h":"Est","s":"25S-H60S000S-80-S"},{"r":"203","t":"20:21:57","h":"Est","s":"25N-H60N000A-80-A"},{"r":"203","t":"20:21:57","h":"Est","s":"25N-H60NV10A-80-A"},{"r":"203","t":"20:21:57","h":"Est","s":"25N-H60NV20A-80-A"},{"r":"203","t":"20:21:57","h":"Est","s":"25S-H60S000A-80-A"},{"r":"203","t":"20:37:57","h":"Est","s":"25N-H60N000I-80-I"},{"r":"203","t":"20:37:57","h":"Est","s":"25N-H60N100F-81-F1"},{"r":"203","t":"20:37:57","h":"Est","s":"25N-H60N200F-81-F2"},{"r":"203","t":"20:37:57","h":"Est","s":"25N-H60N300F-82-F3"},{"r":"203","t":"20:37:57","h":"Est","s":"25N-H60N400F-81-F4"},{"r":"203","t":"20:37:57","h":"Est","s":"25N-H60NV10I-80-I"},{"r":"203","t":"20:37:57","h":"Est","s":"25N-H60NV20I-80-I"},{"r":"203","t":"20:37:57","h":"Est","s":"25S-H60S000I-80-I"},{"r":"203","t":"20:37:57","h":"Est","s":"25S-H60S100F-82-F1"},{"r":"203","t":"20:37:57","h":"Est","s":"25S-H60S200F-81-F2"},{"r":"203","t":"20:44:37","h":"Est","s":"25N-H60N000S-80-S"},{"r":"203","t":"20:44:37","h":"Est","s":"25N-H60N000S-98-S"},{"r":"203","t":"20:44:37","h":"Est","s":"25N-H60NV10S-98-S"},{"r":"203","t":"20:44:37","h":"Est","s":"25N-H60NV20S-98-S"},{"r":"203","t":"20:44:37","h":"Est","s":"25S-H60S000S-80-S"},{"r":"203","t":"20:50:57","h":"Est","s":"25N-H60N000A-80-A"},{"r":"203","t":"20:50:57","h":"Est","s":"25N-H60NV10A-80-A"},{"r":"203","t":"20:50:57","h":"Est","s":"25N-H60NV20A-80-A"},{"r":"203","t":"20:50:57","h":"Est","s":"25S-H60S000A-80-A"},{"r":"203","t":"21:07:57","h":"Est","s":"25N-H60N000I-80-I"},{"r":"203","t":"21:07:57","h":"Est","s":"25N-H60N100F-81-F1"},{"r":"203","t":"21:07:57","h":"Est","s":"25N-H60N200F-81-F2"},{"r":"203","t":"21:07:57","h":"Est","s":"25N-H60N300F-82-F3"},{"r":"203","t":"21:07:57","h":"Est","s":"25N-H60N400F-81-F4"},{"r":"203","t":"21:07:57","h":"Est","s":"25N-H60NV10I-80-I"},{"r":"203","t":"21:07:57","h":"Est","s":"25N-H60NV20I-80-I"},{"r":"203","t":"21:07:57","h":"Est","s":"25S-H60S000I-80-I"},{"r":"203","t":"21:07:57","h":"Est","s":"25S-H60S100F-82-F1"},{"r":"203","t":"21:07:57","h":"Est","s":"25S-H60S200F-81-F2"},{"r":"203","t":"21:14:37","h":"Est","s":"25N-H60N000S-80-S"},{"r":"203","t":"21:14:37","h":"Est","s":"25N-H60N000S-98-S"},{"r":"203","t":"21:14:37","h":"Est","s":"25N-H60NV10S-98-S"},{"r":"203","t":"21:14:37","h":"Est","s":"25N-H60NV20S-98-S"},{"r":"203","t":"21:14:37","h":"Est","s":"25S-H60S000S-80-S"},{"r":"203","t":"21:19:57","h":"Est","s":"25N-H60N000A-80-A"},{"r":"203","t":"21:19:57","h":"Est","s":"25N-H60NV10A-80-A"},{"r":"203","t":"21:19:57","h":"Est","s":"25N-H60NV20A-80-A"},{"r":"203","t":"21:19:57","h":"Est","s":"25S-H60S000A-80-A"},{"r":"203","t":"21:37:57","h":"Est","s":"25N-H60N000I-80-I"},{"r":"203","t":"21:37:57","h":"Est","s":"25N-H60N100F-81-F1"},{"r":"203","t":"21:37:57","h":"Est","s":"25N-H60N200F-81-F2"},{"r":"203","t":"21:37:57","h":"Est","s":"25N-H60N300F-82-F3"},{"r":"203","t":"21:37:57","h":"Est","s":"25N-H60N400F-81-F4"},{"r":"203","t":"21:37:57","h":"Est","s":"25N-H60NV10I-80-I"},{"r":"203","t":"21:37:57","h":"Est","s":"25N-H60NV20I-80-I"},{"r":"203","t":"21:37:57","h":"Est","s":"25S-H60S000I-80-I"},{"r":"203","t":"21:37:57","h":"Est","s":"25S-H60S100F-82-F1"},{"r":"203","t":"21:37:57","h":"Est","s":"25S-H60S200F-81-F2"},{"r":"203","t":"21:44:37","h":"Est","s":"25N-H60N000S-80-S"},{"r":"203","t":"21:44:37","h":"Est","s":"25N-H60N000S-98-S"},{"r":"203","t":"21:44:37","h":"Est","s":"25N-H60NV10S-98-S"},{"r":"203","t":"21:44:37","h":"Est","s":"25N-H60NV20S-98-S"},{"r":"203","t":"21:44:37","h":"Est","s":"25S-H60S000S-80-S"},{"r":"203","t":"21:48:57","h":"Est","s":"25N-H60N000A-80-A"},{"r":"203","t":"21:48:57","h":"Est","s":"25N-H60NV10A-80-A"},{"r":"203","t":"21:48:57","h":"Est","s":"25N-H60NV20A-80-A"},{"r":"203","t":"21:48:57","h":"Est","s":"25S-H60S000A-80-A"},{"r":"203","t":"22:07:57","h":"Est","s":"25N-H60N000I-80-I"},{"r":"203","t":"22:07:57","h":"Est","s":"25N-H60N100F-81-F1"},{"r":"203","t":"22:07:57","h":"Est","s":"25N-H60N200F-81-F2"},{"r":"203","t":"22:07:57","h":"Est","s":"25N-H60N300F-82-F3"},{"r":"203","t":"22:07:57","h":"Est","s":"25N-H60N400F-81-F4"},{"r":"203","t":"22:07:57","h":"Est","s":"25N-H60NV10I-80-I"},{"r":"203","t":"22:07:57","h":"Est","s":"25N-H60NV20I-80-I"},{"r":"203","t":"22:07:57","h":"Est","s":"25S-H60S000I-80-I"},{"r":"203","t":"22:07:57","h":"Est","s":"25S-H60S100F-82-F1"},{"r":"203","t":"22:07:57","h":"Est","s":"25S-H60S200F-81-F2"},{"r":"203","t":"22:15:37","h":"Est","s":"25N-H60N000S-80-S"},{"r":"203","t":"22:15:37","h":"Est","s":"25N-H60N000S-98-S"},{"r":"203","t":"22:15:37","h":"Est","s":"25N-H60NV10S-98-S"},{"r":"203","t":"22:15:37","h":"Est","s":"25N-H60NV20S-98-S"},{"r":"203","t":"22:15:37","h":"Est","s":"25S-H60S000S-80-S"},{"r":"203","t":"22:16:57","h":"Est","s":"25N-H60N000A-80-A"},{"r":"203","t":"22:16:57","h":"Est","s":"25N-H60NV10A-80-A"},{"r":"203","t":"22:16:57","h":"Est","s":"25N-H60NV20A-80-A"},{"r":"203","t":"22:16:57","h":"Est","s":"25S-H60S000A-80-A"},{"r":"203","t":"22:37:57","h":"Est","s":"25N-H60N000I-80-I"},{"r":"203","t":"22:37:57","h":"Est","s":"25N-H60N100F-81-F1"},{"r":"203","t":"22:37:57","h":"Est","s":"25N-H60N200F-81-F2"},{"r":"203","t":"22:37:57","h":"Est","s":"25N-H60N300F-82-F3"},{"r":"203","t":"22:37:57","h":"Est","s":"25N-H60N400F-81-F4"},{"r":"203","t":"22:37:57","h":"Est","s":"25N-H60NV10I-80-I"},{"r":"203","t":"22:37:57","h":"Est","s":"25N-H60NV20I-80-I"},{"r":"203","t":"22:37:57","h":"Est","s":"25S-H60S000I-80-I"},{"r":"203","t":"22:37:57","h":"Est","s":"25S-H60S100F-82-F1"},{"r":"203","t":"22:37:57","h":"Est","s":"25S-H60S200F-81-F2"},{"r":"203","t":"22:44:37","h":"Est","s":"25N-H60N000S-80-S"},{"r":"203","t":"22:44:37","h":"Est","s":"25N-H60N000S-98-S"},{"r":"203","t":"22:44:37","h":"Est","s":"25N-H60NV10S-98-S"},{"r":"203","t":"22:44:37","h":"Est","s":"25N-H60NV20S-98-S"},{"r":"203","t":"22:44:37","h":"Est","s":"25S-H60S000S-80-S"},{"r":"203","t":"22:44:57","h":"Est","s":"25N-H60N000A-80-A"},{"r":"203","t":"22:44:57","h":"Est","s":"25N-H60NV10A-80-A"},{"r":"203","t":"22:44:57","h":"Est","s":"25N-H60NV20A-80-A"},{"r":"203","t":"22:44:57","h":"Est","s":"25S-H60S000A-80-A"},{"r":"203","t":"23:07:18","h":"Est","s":"25N-H60N000I-80-I"},{"r":"203","t":"23:07:18","h":"Est","s":"25N-H60N100F-81-F1"},{"r":"203","t":"23:07:18","h":"Est","s":"25N-H60N200F-81-F2"},{"r":"203","t":"23:07:18","h":"Est","s":"25N-H60N300F-82-F3"},{"r":"203","t":"23:07:18","h":"Est","s":"25N-H60N400F-81-F4"},{"r":"203","t":"23:07:18","h":"Est","s":"25N-H60NV10I-80-I"},{"r":"203","t":"23:07:18","h":"Est","s":"25N-H60NV20I-80-I"},{"r":"203","t":"23:07:18","h":"Est","s":"25S-H60S000I-80-I"},{"r":"203","t":"23:07:18","h":"Est","s":"25S-H60S100F-82-F1"},{"r":"203","t":"23:07:18","h":"Est","s":"25S-H60S200F-81-F2"},{"r":"203","t":"23:12:57","h":"Est","s":"25N-H60N000A-80-A"},{"r":"203","t":"23:12:57","h":"Est","s":"25N-H60NV10A-80-A"},{"r":"203","t":"23:12:57","h":"Est","s":"25N-H60NV20A-80-A"},{"r":"203","t":"23:12:57","h":"Est","s":"25S-H60S000A-80-A"},{"r":"203","t":"23:13:37","h":"Est","s":"25N-H60N000S-80-S"},{"r":"203","t":"23:13:37","h":"Est","s":"25N-H60N000S-98-S"},{"r":"203","t":"23:13:37","h":"Est","s":"25N-H60NV10S-98-S"},{"r":"203","t":"23:13:37","h":"Est","s":"25N-H60NV20S-98-S"},{"r":"203","t":"23:13:37","h":"Est","s":"25S-H60S000S-80-S"},{"r":"203","t":"23:37:18","h":"Est","s":"25N-H60N000I-80-I"},{"r":"203","t":"23:37:18","h":"Est","s":"25N-H60N100F-81-F1"},{"r":"203","t":"23:37:18","h":"Est","s":"25N-H60N200F-81-F2"},{"r":"203","t":"23:37:18","h":"Est","s":"25N-H60N300F-82-F3"},{"r":"203","t":"23:37:18","h":"Est","s":"25N-H60N400F-81-F4"},{"r":"203","t":"23:37:18","h":"Est","s":"25N-H60NV10I-80-I"},{"r":"203","t":"23:37:18","h":"Est","s":"25N-H60NV20I-80-I"},{"r":"203","t":"23:37:18","h":"Est","s":"25S-H60S000I-80-I"},{"r":"203","t":"23:37:18","h":"Est","s":"25S-H60S100F-82-F1"},{"r":"203","t":"23:37:18","h":"Est","s":"25S-H60S200F-81-F2"},{"r":"203","t":"23:40:57","h":"Est","s":"25N-H60N000A-80-A"},{"r":"203","t":"23:40:57","h":"Est","s":"25N-H60NV10A-80-A"},{"r":"203","t":"23:40:57","h":"Est","s":"25N-H60NV20A-80-A"},{"r":"203","t":"23:40:57","h":"Est","s":"25S-H60S000A-80-A"},{"r":"203","t":"23:41:37","h":"Est","s":"25N-H60N000S-80-S"},{"r":"203","t":"23:41:37","h":"Est","s":"25N-H60N000S-98-S"},{"r":"203","t":"23:41:37","h":"Est","s":"25N-H60NV10S-98-S"},{"r":"203","t":"23:41:37","h":"Est","s":"25N-H60NV20S-98-S"},{"r":"203","t":"23:41:37","h":"Est","s":"25S-H60S000S-80-S"},{"r":"203","t":"24:07:18","h":"Est","s":"25N-H60N000I-80-I"},{"r":"203","t":"24:07:18","h":"Est","s":"25N-H60N100F-81-F1"},{"r":"203","t":"24:07:18","h":"Est","s":"25N-H60N200F-81-F2"},{"r":"203","t":"24:07:18","h":"Est","s":"25N-H60N300F-82-F3"},{"r":"203","t":"24:07:18","h":"Est","s":"25N-H60N400F-81-F4"},{"r":"203","t":"24:07:18","h":"Est","s":"25N-H60NV10I-80-I"},{"r":"203","t":"24:07:18","h":"Est","s":"25N-H60NV20I-80-I"},{"r":"203","t":"24:07:18","h":"Est","s":"25S-H60S000I-80-I"},{"r":"203","t":"24:07:18","h":"Est","s":"25S-H60S100F-82-F1"},{"r":"203","t":"24:07:18","h":"Est","s":"25S-H60S200F-81-F2"},{"r":"203","t":"24:08:57","h":"Est","s":"25N-H60N000A-80-A"},{"r":"203","t":"24:08:57","h":"Est","s":"25N-H60NV10A-80-A"},{"r":"203","t":"24:08:57","h":"Est","s":"25N-H60NV20A-80-A"},{"r":"203","t":"24:08:57","h":"Est","s":"25S-H60S000A-80-A"},{"r":"203","t":"24:09:37","h":"Est","s":"25N-H60N000S-80-S"},{"r":"203","t":"24:09:37","h":"Est","s":"25N-H60N000S-98-S"},{"r":"203","t":"24:09:37","h":"Est","s":"25N-H60NV10S-98-S"},{"r":"203","t":"24:09:37","h":"Est","s":"25N-H60NV20S-98-S"},{"r":"203","t":"24:09:37","h":"Est","s":"25S-H60S000S-80-S"}]