[{"r":"219","t":"05:38:17","h":"Ouest","s":"25N-H60N000S-80-S"},{"r":"219","t":"05:38:17","h":"Ouest","s":"25N-H60N000S-98-S"},{"r":"219","t":"05:38:17","h":"Ouest","s":"25N-H60N200F-81-F2"},{"r":"219","t":"05:38:17","h":"Ouest","s":"25N-H60N400F-81-F4"},{"r":"219","t":"05:38:17","h":"Ouest","s":"25N-H60NV10S-98-S"},{"r":"219","t":"05:38:17","h":"Ouest","s":"25N-H60NV20S-98-S"},{"r":"219","t":"05:38:17","h":"Ouest","s":"25S-H60S000S-80-S"},{"r":"219","t":"06:08:30","h":"Ouest","s":"25N-H60N000S-80-S"},{"r":"219","t":"06:08:30","h":"Ouest","s":"25N-H60N000S-98-S"},{"r":"219","t":"06:08:30","h":"Ouest","s":"25N-H60N200F-81-F2"},{"r":"219","t":"06:08:30","h":"Ouest","s":"25N-H60N400F-81-F4"},{"r":"219","t":"06:08:30","h":"Ouest","s":"25N-H60NV10S-98-S"},{"r":"219","t":"06:08:30","h":"Ouest","s":"25N-H60NV20S-98-S"},{"r":"219","t":"06:08:30","h":"Ouest","s":"25S-H60S000S-80-S"},{"r":"219","t":"06:43:30","h":"Ouest","s":"25N-H60N000S-80-S"},{"r":"219","t":"06:43:30","h":"Ouest","s":"25N-H60N000S-98-S"},{"r":"219","t":"06:43:30","h":"Ouest","s":"25N-H60N200F-81-F2"},{"r":"219","t":"06:43:30","h":"Ouest","s":"25N-H60N400F-81-F4"},{"r":"219","t":"06:43:30","h":"Ouest","s":"25N-H60NV10S-98-S"},{"r":"219","t":"06:43:30","h":"Ouest","s":"25N-H60NV20S-98-S"},{"r":"219","t":"06:43:30","h":"Ouest","s":"25S-H60S000S-80-S"},{"r":"219","t":"07:14:30","h":"Ouest","s":"25N-H60N000S-80-S"},{"r":"219","t":"07:14:30","h":"Ouest","s":"25N-H60N000S-98-S"},{"r":"219","t":"07:14:30","h":"Ouest","s":"25N-H60N200F-81-F2"},{"r":"219","t":"07:14:30","h":"Ouest","s":"25N-H60N400F-81-F4"},{"r":"219","t":"07:14:30","h":"Ouest","s":"25N-H60NV10S-98-S"},{"r":"219","t":"07:14:30","h":"Ouest","s":"25N-H60NV20S-98-S"},{"r":"219","t":"07:14:30","h":"Ouest","s":"25S-H60S000S-80-S"},{"r":"219","t":"07:49:30","h":"Ouest","s":"25N-H60N000S-80-S"},{"r":"219","t":"07:49:30","h":"Ouest","s":"25N-H60N000S-98-S"},{"r":"219","t":"07:49:30","h":"Ouest","s":"25N-H60N200F-81-F2"},{"r":"219","t":"07:49:30","h":"Ouest","s":"25N-H60N400F-81-F4"},{"r":"219","t":"07:49:30","h":"Ouest","s":"25N-H60NV10S-98-S"},{"r":"219","t":"07:49:30","h":"Ouest","s":"25N-H60NV20S-98-S"},{"r":"219","t":"07:49:30","h":"Ouest","s":"25S-H60S000S-80-S"},{"r":"219","t":"08:22:30","h":"Ouest","s":"25N-H60N000S-80-S"},{"r":"219","t":"08:22:30","h":"Ouest","s":"25N-H60N000S-98-S"},{"r":"219","t":"08:22:30","h":"Ouest","s":"25N-H60N200F-81-F2"},{"r":"219","t":"08:22:30","h":"Ouest","s":"25N-H60N400F-81-F4"},{"r":"219","t":"08:22:30","h":"Ouest","s":"25N-H60NV10S-98-S"},{"r":"219","t":"08:22:30","h":"Ouest","s":"25N-H60NV20S-98-S"},{"r":"219","t":"08:22:30","h":"Ouest","s":"25S-H60S000S-80-S"},{"r":"219","t":"14:55:30","h":"Ouest","s":"25N-H60N000S-80-S"},{"r":"219","t":"14:55:30","h":"Ouest","s":"25N-H60N000S-98-S"},{"r":"219","t":"14:55:30","h":"Ouest","s":"25N-H60N200F-81-F2"},{"r":"219","t":"14:55:30","h":"Ouest","s":"25N-H60N400F-81-F4"},{"r":"219","t":"14:55:30","h":"Ouest","s":"25N-H60NV10S-98-S"},{"r":"219","t":"14:55:30","h":"Ouest","s":"25N-H60NV20S-98-S"},{"r":"219","t":"14:55:30","h":"Ouest","s":"25S-H60S000S-80-S"},{"r":"219","t":"15:34:30","h":"Ouest","s":"25N-H60N000S-80-S"},{"r":"219","t":"15:34:30","h":"Ouest","s":"25N-H60N000S-98-S"},{"r":"219","t":"15:34:30","h":"Ouest","s":"25N-H60N200F-81-F2"},{"r":"219","t":"15:34:30","h":"Ouest","s":"25N-H60N400F-81-F4"},{"r":"219","t":"15:34:30","h":"Ouest","s":"25N-H60NV10S-98-S"},{"r":"219","t":"15:34:30","h":"Ouest","s":"25N-H60NV20S-98-S"},{"r":"219","t":"15:34:30","h":"Ouest","s":"25S-H60S000S-80-S"},{"r":"219","t":"16:00:30","h":"Ouest","s":"25N-H60N000S-80-S"},{"r":"219","t":"16:00:30","h":"Ouest","s":"25N-H60N000S-98-S"},{"r":"219","t":"16:00:30","h":"Ouest","s":"25N-H60N200F-81-F2"},{"r":"219","t":"16:00:30","h":"Ouest","s":"25N-H60N400F-81-F4"},{"r":"219","t":"16:00:30","h":"Ouest","s":"25N-H60NV10S-98-S"},{"r":"219","t":"16:00:30","h":"Ouest","s":"25N-H60NV20S-98-S"},{"r":"219","t":"16:00:30","h":"Ouest","s":"25S-H60S000S-80-S"},{"r":"219","t":"16:40:30","h":"Ouest","s":"25N-H60N000S-80-S"},{"r":"219","t":"16:40:30","h":"Ouest","s":"25N-H60N000S-98-S"},{"r":"219","t":"16:40:30","h":"Ouest","s":"25N-H60N200F-81-F2"},{"r":"219","t":"16:40:30","h":"Ouest","s":"25N-H60N400F-81-F4"},{"r":"219","t":"16:40:30","h":"Ouest","s":"25N-H60NV10S-98-S"},{"r":"219","t":"16:40:30","h":"Ouest","s":"25N-H60NV20S-98-S"},{"r":"219","t":"16:40:30","h":"Ouest","s":"25S-H60S000S-80-S"},{"r":"219","t":"17:13:30","h":"Ouest","s":"25N-H60N000S-80-S"},{"r":"219","t":"17:13:30","h":"Ouest","s":"25N-H60N000S-98-S"},{"r":"219","t":"17:13:30","h":"Ouest","s":"25N-H60N200F-81-F2"},{"r":"219","t":"17:13:30","h":"Ouest","s":"25N-H60N400F-81-F4"},{"r":"219","t":"17:13:30","h":"Ouest","s":"25N-H60NV10S-98-S"},{"r":"219","t":"17:13:30","h":"Ouest","s":"25N-H60NV20S-98-S"},{"r":"219","t":"17:13:30","h":"Ouest","s":"25S-H60S000S-80-S"},{"r":"219","t":"17:46:30","h":"Ouest","s":"25N-H60N000S-80-S"},{"r":"219","t":"17:46:30","h":"Ouest","s":"25N-H60N000S-98-S"},{"r":"219","t":"17:46:30","h":"Ouest","s":"25N-H60N200F-81-F2"},{"r":"219","t":"17:46:30","h":"Ouest","s":"25N-H60N400F-81-F4"},{"r":"219","t":"17:46:30","h":"Ouest","s":"25N-H60NV10S-98-S"},{"r":"219","t":"17:46:30","h":"Ouest","s":"25N-H60NV20S-98-S"},{"r":"219","t":"17:46:30","h":"Ouest","s":"25S-H60S000S-80-S"},{"r":"219","t":"18:31:30","h":"Ouest","s":"25N-H60N000S-80-S"},{"r":"219","t":"18:31:30","h":"Ouest","s":"25N-H60N000S-98-S"},{"r":"219","t":"18:31:30","h":"Ouest","s":"25N-H60N200F-81-F2"},{"r":"219","t":"18:31:30","h":"Ouest","s":"25N-H60N400F-81-F4"},{"r":"219","t":"18:31:30","h":"Ouest","s":"25N-H60NV10S-98-S"},{"r":"219","t":"18:31:30","h":"Ouest","s":"25N-H60NV20S-98-S"},{"r":"219","t":"18:31:30","h":"Ouest","s":"25S-H60S000S-80-S"}]