[{"r":"207","t":"04:41:27","h":"Sud","s":"25N-H60N000S-80-S"},{"r":"207","t":"04:41:27","h":"Sud","s":"25N-H60N000S-98-S"},{"r":"207","t":"04:41:27","h":"Sud","s":"25N-H60NV10S-98-S"},{"r":"207","t":"04:41:27","h":"Sud","s":"25N-H60NV20S-98-S"},{"r":"207","t":"04:41:27","h":"Sud","s":"25S-H60S000S-80-S"},{"r":"207","t":"05:11:33","h":"Sud","s":"25N-H60N000A-80-A"},{"r":"207","t":"05:11:33","h":"Sud","s":"25N-H60N000S-80-S"},{"r":"207","t":"05:11:33","h":"Sud","s":"25N-H60N000S-98-S"},{"r":"207","t":"05:11:33","h":"Sud","s":"25N-H60NV10A-80-A"},{"r":"207","t":"05:11:33","h":"Sud","s":"25N-H60NV10S-98-S"},{"r":"207","t":"05:11:33","h":"Sud","s":"25N-H60NV20A-80-A"},{"r":"207","t":"05:11:33","h":"Sud","s":"25N-H60NV20S-98-S"},{"r":"207","t":"05:11:33","h":"Sud","s":"25S-H60S000A-80-A"},{"r":"207","t":"05:11:33","h":"Sud","s":"25S-H60S000S-80-S"},{"r":"207","t":"05:38:33","h":"Sud","s":"25N-H60N000A-80-A"},{"r":"207","t":"05:38:33","h":"Sud","s":"25N-H60NV10A-80-A"},{"r":"207","t":"05:38:33","h":"Sud","s":"25N-H60NV20A-80-A"},{"r":"207","t":"05:38:33","h":"Sud","s":"25S-H60S000A-80-A"},{"r":"207","t":"05:40:33","h":"Sud","s":"25N-H60N000S-80-S"},{"r":"207","t":"05:40:33","h":"Sud","s":"25N-H60N000S-98-S"},{"r":"207","t":"05:40:33","h":"Sud","s":"25N-H60NV10S-98-S"},{"r":"207","t":"05:40:33","h":"Sud","s":"25N-H60NV20S-98-S"},{"r":"207","t":"05:40:33","h":"Sud","s":"25S-H60S000S-80-S"},{"r":"485","t":"05:42:54","h":"Est","s":"25N-H50N000S-80-S"},{"r":"485","t":"05:42:54","h":"Est","s":"25N-H50N000S-90-S"},{"r":"485","t":"05:42:54","h":"Est","s":"25N-H50NV10S-90-S"},{"r":"485","t":"05:42:54","h":"Est","s":"25N-H50NV20S-90-S"},{"r":"485","t":"05:42:54","h":"Est","s":"25S-H50S000S-81-S"},{"r":"218","t":"05:49:33","h":"Est","s":"25N-H60N000S-80-S"},{"r":"218","t":"05:49:33","h":"Est","s":"25N-H60N000S-98-S"},{"r":"218","t":"05:49:33","h":"Est","s":"25N-H60NV10S-98-S"},{"r":"218","t":"05:49:33","h":"Est","s":"25N-H60NV20S-98-S"},{"r":"218","t":"05:49:33","h":"Est","s":"25S-H60S000S-80-S"},{"r":"207","t":"06:08:33","h":"Sud","s":"25N-H60N000A-80-A"},{"r":"207","t":"06:08:33","h":"Sud","s":"25N-H60NV10A-80-A"},{"r":"207","t":"06:08:33","h":"Sud","s":"25N-H60NV20A-80-A"},{"r":"207","t":"06:08:33","h":"Sud","s":"25S-H60S000A-80-A"},{"r":"485","t":"06:10:54","h":"Est","s":"25N-H50N000S-80-S"},{"r":"485","t":"06:10:54","h":"Est","s":"25N-H50N000S-90-S"},{"r":"485","t":"06:10:54","h":"Est","s":"25N-H50NV10S-90-S"},{"r":"485","t":"06:10:54","h":"Est","s":"25N-H50NV20S-90-S"},{"r":"485","t":"06:10:54","h":"Est","s":"25S-H50S000S-81-S"},{"r":"207","t":"06:13:33","h":"Sud","s":"25N-H60N000S-80-S"},{"r":"207","t":"06:13:33","h":"Sud","s":"25N-H60N000S-98-S"},{"r":"207","t":"06:13:33","h":"Sud","s":"25N-H60NV10S-98-S"},{"r":"207","t":"06:13:33","h":"Sud","s":"25N-H60NV20S-98-S"},{"r":"207","t":"06:13:33","h":"Sud","s":"25S-H60S000S-80-S"},{"r":"218","t":"06:20:47","h":"Est","s":"25N-H60N000S-80-S"},{"r":"218","t":"06:20:47","h":"Est","s":"25N-H60N000S-98-S"},{"r":"218","t":"06:20:47","h":"Est","s":"25N-H60NV10S-98-S"},{"r":"218","t":"06:20:47","h":"Est","s":"25N-H60NV20S-98-S"},{"r":"218","t":"06:20:47","h":"Est","s":"25S-H60S000S-80-S"},{"r":"485","t":"06:33:54","h":"Est","s":"25N-H50N000S-80-S"},{"r":"485","t":"06:33:54","h":"Est","s":"25N-H50N000S-90-S"},{"r":"485","t":"06:33:54","h":"Est","s":"25N-H50NV10S-90-S"},{"r":"485","t":"06:33:54","h":"Est","s":"25N-H50NV20S-90-S"},{"r":"485","t":"06:33:54","h":"Est","s":"25S-H50S000S-81-S"},{"r":"207","t":"06:39:33","h":"Sud","s":"25N-H60N000A-80-A"},{"r":"207","t":"06:39:33","h":"Sud","s":"25N-H60NV10A-80-A"},{"r":"207","t":"06:39:33","h":"Sud","s":"25N-H60NV20A-80-A"},{"r":"207","t":"06:39:33","h":"Sud","s":"25S-H60S000A-80-A"},{"r":"207","t":"06:45:33","h":"Sud","s":"25N-H50N000S-80-S"},{"r":"207","t":"06:45:33","h":"Sud","s":"25N-H50N000S-90-S"},{"r":"207","t":"06:45:33","h":"Sud","s":"25N-H50NV10S-90-S"},{"r":"207","t":"06:45:33","h":"Sud","s":"25N-H50NV20S-90-S"},{"r":"207","t":"06:45:33","h":"Sud","s":"25S-H50S000S-81-S"},{"r":"207","t":"06:47:33","h":"Sud","s":"25N-H60N000I-80-I"},{"r":"207","t":"06:47:33","h":"Sud","s":"25N-H60N100F-81-F1"},{"r":"207","t":"06:47:33","h":"Sud","s":"25N-H60N200F-81-F2"},{"r":"207","t":"06:47:33","h":"Sud","s":"25N-H60N300F-82-F3"},{"r":"207","t":"06:47:33","h":"Sud","s":"25N-H60N400F-81-F4"},{"r":"207","t":"06:47:33","h":"Sud","s":"25N-H60NV10I-80-I"},{"r":"207","t":"06:47:33","h":"Sud","s":"25N-H60NV20I-80-I"},{"r":"207","t":"06:47:33","h":"Sud","s":"25S-H60S000I-80-I"},{"r":"207","t":"06:47:33","h":"Sud","s":"25S-H60S100F-82-F1"},{"r":"207","t":"06:47:33","h":"Sud","s":"25S-H60S200F-81-F2"},{"r":"218","t":"06:50:47","h":"Est","s":"25N-H60N000S-80-S"},{"r":"218","t":"06:50:47","h":"Est","s":"25N-H60N000S-98-S"},{"r":"218","t":"06:50:47","h":"Est","s":"25N-H60NV10S-98-S"},{"r":"218","t":"06:50:47","h":"Est","s":"25N-H60NV20S-98-S"},{"r":"218","t":"06:50:47","h":"Est","s":"25S-H60S000S-80-S"},{"r":"485","t":"06:51:54","h":"Est","s":"25N-H50N000S-80-S"},{"r":"485","t":"06:51:54","h":"Est","s":"25N-H50N000S-90-S"},{"r":"485","t":"06:51:54","h":"Est","s":"25N-H50NV10S-90-S"},{"r":"485","t":"06:51:54","h":"Est","s":"25N-H50NV20S-90-S"},{"r":"485","t":"06:51:54","h":"Est","s":"25S-H50S000S-81-S"},{"r":"485","t":"07:06:54","h":"Est","s":"25N-H50N000S-80-S"},{"r":"485","t":"07:06:54","h":"Est","s":"25N-H50N000S-90-S"},{"r":"485","t":"07:06:54","h":"Est","s":"25N-H50NV10S-90-S"},{"r":"485","t":"07:06:54","h":"Est","s":"25N-H50NV20S-90-S"},{"r":"485","t":"07:06:54","h":"Est","s":"25S-H50S000S-81-S"},{"r":"207","t":"07:10:33","h":"Sud","s":"25N-H60N000A-80-A"},{"r":"207","t":"07:10:33","h":"Sud","s":"25N-H60NV10A-80-A"},{"r":"207","t":"07:10:33","h":"Sud","s":"25N-H60NV20A-80-A"},{"r":"207","t":"07:10:33","h":"Sud","s":"25S-H60S000A-80-A"},{"r":"207","t":"07:12:33","h":"Sud","s":"25N-H60N000I-80-I"},{"r":"207","t":"07:12:33","h":"Sud","s":"25N-H60N100F-81-F1"},{"r":"207","t":"07:12:33","h":"Sud","s":"25N-H60N200F-81-F2"},{"r":"207","t":"07:12:33","h":"Sud","s":"25N-H60N300F-82-F3"},{"r":"207","t":"07:12:33","h":"Sud","s":"25N-H60N400F-81-F4"},{"r":"207","t":"07:12:33","h":"Sud","s":"25N-H60NV10I-80-I"},{"r":"207","t":"07:12:33","h":"Sud","s":"25N-H60NV20I-80-I"},{"r":"207","t":"07:12:33","h":"Sud","s":"25S-H60S000I-80-I"},{"r":"207","t":"07:12:33","h":"Sud","s":"25S-H60S100F-82-F1"},{"r":"207","t":"07:12:33","h":"Sud","s":"25S-H60S200F-81-F2"},{"r":"207","t":"07:18:47","h":"Sud","s":"25N-H60N000S-80-S"},{"r":"207","t":"07:18:47","h":"Sud","s":"25N-H60N000S-98-S"},{"r":"207","t":"07:18:47","h":"Sud","s":"25N-H60NV10S-98-S"},{"r":"207","t":"07:18:47","h":"Sud","s":"25N-H60NV20S-98-S"},{"r":"207","t":"07:18:47","h":"Sud","s":"25S-H60S000S-80-S"},{"r":"218","t":"07:20:47","h":"Est","s":"25N-H60N000S-80-S"},{"r":"218","t":"07:20:47","h":"Est","s":"25N-H60N000S-98-S"},{"r":"218","t":"07:20:47","h":"Est","s":"25N-H60NV10S-98-S"},{"r":"218","t":"07:20:47","h":"Est","s":"25N-H60NV20S-98-S"},{"r":"218","t":"07:20:47","h":"Est","s":"25S-H60S000S-80-S"},{"r":"485","t":"07:21:54","h":"Est","s":"25N-H50N000S-80-S"},{"r":"485","t":"07:21:54","h":"Est","s":"25N-H50N000S-90-S"},{"r":"485","t":"07:21:54","h":"Est","s":"25N-H50NV10S-90-S"},{"r":"485","t":"07:21:54","h":"Est","s":"25N-H50NV20S-90-S"},{"r":"485","t":"07:21:54","h":"Est","s":"25S-H50S000S-81-S"},{"r":"485","t":"07:37:37","h":"Est","s":"25N-H50N000S-80-S"},{"r":"485","t":"07:37:37","h":"Est","s":"25N-H50N000S-90-S"},{"r":"485","t":"07:37:37","h":"Est","s":"25N-H50NV10S-90-S"},{"r":"485","t":"07:37:37","h":"Est","s":"25N-H50NV20S-90-S"},{"r":"485","t":"07:37:37","h":"Est","s":"25S-H50S000S-81-S"},{"r":"207","t":"07:38:33","h":"Sud","s":"25N-H60N000I-80-I"},{"r":"207","t":"07:38:33","h":"Sud","s":"25N-H60N100F-81-F1"},{"r":"207","t":"07:38:33","h":"Sud","s":"25N-H60N200F-81-F2"},{"r":"207","t":"07:38:33","h":"Sud","s":"25N-H60N300F-82-F3"},{"r":"207","t":"07:38:33","h":"Sud","s":"25N-H60N400F-81-F4"},{"r":"207","t":"07:38:33","h":"Sud","s":"25N-H60NV10I-80-I"},{"r":"207","t":"07:38:33","h":"Sud","s":"25N-H60NV20I-80-I"},{"r":"207","t":"07:38:33","h":"Sud","s":"25S-H60S000I-80-I"},{"r":"207","t":"07:38:33","h":"Sud","s":"25S-H60S100F-82-F1"},{"r":"207","t":"07:38:33","h":"Sud","s":"25S-H60S200F-81-F2"},{"r":"207","t":"07:41:33","h":"Sud","s":"25N-H60N000A-80-A"},{"r":"207","t":"07:41:33","h":"Sud","s":"25N-H60NV10A-80-A"},{"r":"207","t":"07:41:33","h":"Sud","s":"25N-H60NV20A-80-A"},{"r":"207","t":"07:41:33","h":"Sud","s":"25S-H60S000A-80-A"},{"r":"207","t":"07:51:47","h":"Sud","s":"25N-H60N000S-80-S"},{"r":"207","t":"07:51:47","h":"Sud","s":"25N-H60N000S-98-S"},{"r":"207","t":"07:51:47","h":"Sud","s":"25N-H60NV10S-98-S"},{"r":"207","t":"07:51:47","h":"Sud","s":"25N-H60NV20S-98-S"},{"r":"207","t":"07:51:47","h":"Sud","s":"25S-H60S000S-80-S"},{"r":"485","t":"07:52:37","h":"Est","s":"25N-H50N000S-80-S"},{"r":"485","t":"07:52:37","h":"Est","s":"25N-H50N000S-90-S"},{"r":"485","t":"07:52:37","h":"Est","s":"25N-H50NV10S-90-S"},{"r":"485","t":"07:52:37","h":"Est","s":"25N-H50NV20S-90-S"},{"r":"485","t":"07:52:37","h":"Est","s":"25S-H50S000S-81-S"},{"r":"218","t":"07:53:47","h":"Est","s":"25N-H60N000S-80-S"},{"r":"218","t":"07:53:47","h":"Est","s":"25N-H60N000S-98-S"},{"r":"218","t":"07:53:47","h":"Est","s":"25N-H60NV10S-98-S"},{"r":"218","t":"07:53:47","h":"Est","s":"25N-H60NV20S-98-S"},{"r":"218","t":"07:53:47","h":"Est","s":"25S-H60S000S-80-S"},{"r":"485","t":"08:07:37","h":"Est","s":"25N-H50N000S-80-S"},{"r":"485","t":"08:07:37","h":"Est","s":"25N-H50N000S-90-S"},{"r":"485","t":"08:07:37","h":"Est","s":"25N-H50NV10S-90-S"},{"r":"485","t":"08:07:37","h":"Est","s":"25N-H50NV20S-90-S"},{"r":"485","t":"08:07:37","h":"Est","s":"25S-H50S000S-81-S"},{"r":"207","t":"08:09:33","h":"Sud","s":"25N-H60N000I-80-I"},{"r":"207","t":"08:09:33","h":"Sud","s":"25N-H60N100F-81-F1"},{"r":"207","t":"08:09:33","h":"Sud","s":"25N-H60N200F-81-F2"},{"r":"207","t":"08:09:33","h":"Sud","s":"25N-H60N300F-82-F3"},{"r":"207","t":"08:09:33","h":"Sud","s":"25N-H60N400F-81-F4"},{"r":"207","t":"08:09:33","h":"Sud","s":"25N-H60NV10I-80-I"},{"r":"207","t":"08:09:33","h":"Sud","s":"25N-H60NV20I-80-I"},{"r":"207","t":"08:09:33","h":"Sud","s":"25S-H60S000I-80-I"},{"r":"207","t":"08:09:33","h":"Sud","s":"25S-H60S100F-82-F1"},{"r":"207","t":"08:09:33","h":"Sud","s":"25S-H60S200F-81-F2"},{"r":"207","t":"08:11:33","h":"Sud","s":"25N-H60N000A-80-A"},{"r":"207","t":"08:11:33","h":"Sud","s":"25N-H60NV10A-80-A"},{"r":"207","t":"08:11:33","h":"Sud","s":"25N-H60NV20A-80-A"},{"r":"207","t":"08:11:33","h":"Sud","s":"25S-H60S000A-80-A"},{"r":"207","t":"08:19:40","h":"Sud","s":"25N-H60N000S-80-S"},{"r":"207","t":"08:19:40","h":"Sud","s":"25N-H60N000S-98-S"},{"r":"207","t":"08:19:40","h":"Sud","s":"25N-H60NV10S-98-S"},{"r":"207","t":"08:19:40","h":"Sud","s":"25N-H60NV20S-98-S"},{"r":"207","t":"08:19:40","h":"Sud","s":"25S-H60S000S-80-S"},{"r":"485","t":"08:21:37","h":"Est","s":"25N-H50N000S-80-S"},{"r":"485","t":"08:21:37","h":"Est","s":"25N-H50N000S-90-S"},{"r":"485","t":"08:21:37","h":"Est","s":"25N-H50NV10S-90-S"},{"r":"485","t":"08:21:37","h":"Est","s":"25N-H50NV20S-90-S"},{"r":"485","t":"08:21:37","h":"Est","s":"25S-H50S000S-81-S"},{"r":"218","t":"08:23:47","h":"Est","s":"25N-H60N000S-80-S"},{"r":"218","t":"08:23:47","h":"Est","s":"25N-H60N000S-98-S"},{"r":"218","t":"08:23:47","h":"Est","s":"25N-H60NV10S-98-S"},{"r":"218","t":"08:23:47","h":"Est","s":"25N-H60NV20S-98-S"},{"r":"218","t":"08:23:47","h":"Est","s":"25S-H60S000S-80-S"},{"r":"485","t":"08:36:37","h":"Est","s":"25N-H50N000S-80-S"},{"r":"485","t":"08:36:37","h":"Est","s":"25N-H50N000S-90-S"},{"r":"485","t":"08:36:37","h":"Est","s":"25N-H50NV10S-90-S"},{"r":"485","t":"08:36:37","h":"Est","s":"25N-H50NV20S-90-S"},{"r":"485","t":"08:36:37","h":"Est","s":"25S-H50S000S-81-S"},{"r":"207","t":"08:39:33","h":"Sud","s":"25N-H60N000I-80-I"},{"r":"207","t":"08:39:33","h":"Sud","s":"25N-H60N100F-81-F1"},{"r":"207","t":"08:39:33","h":"Sud","s":"25N-H60N200F-81-F2"},{"r":"207","t":"08:39:33","h":"Sud","s":"25N-H60N300F-82-F3"},{"r":"207","t":"08:39:33","h":"Sud","s":"25N-H60N400F-81-F4"},{"r":"207","t":"08:39:33","h":"Sud","s":"25N-H60NV10I-80-I"},{"r":"207","t":"08:39:33","h":"Sud","s":"25N-H60NV20I-80-I"},{"r":"207","t":"08:39:33","h":"Sud","s":"25S-H60S000I-80-I"},{"r":"207","t":"08:39:33","h":"Sud","s":"25S-H60S100F-82-F1"},{"r":"207","t":"08:39:33","h":"Sud","s":"25S-H60S200F-81-F2"},{"r":"207","t":"08:41:33","h":"Sud","s":"25N-H60N000A-80-A"},{"r":"207","t":"08:41:33","h":"Sud","s":"25N-H60NV10A-80-A"},{"r":"207","t":"08:41:33","h":"Sud","s":"25N-H60NV20A-80-A"},{"r":"207","t":"08:41:33","h":"Sud","s":"25S-H60S000A-80-A"},{"r":"207","t":"08:50:33","h":"Sud","s":"25N-H60N000S-80-S"},{"r":"207","t":"08:50:33","h":"Sud","s":"25N-H60N000S-98-S"},{"r":"207","t":"08:50:33","h":"Sud","s":"25N-H60NV10S-98-S"},{"r":"207","t":"08:50:33","h":"Sud","s":"25N-H60NV20S-98-S"},{"r":"207","t":"08:50:33","h":"Sud","s":"25S-H60S000S-80-S"},{"r":"218","t":"08:50:40","h":"Est","s":"25N-H60N000S-80-S"},{"r":"218","t":"08:50:40","h":"Est","s":"25N-H60N000S-98-S"},{"r":"218","t":"08:50:40","h":"Est","s":"25N-H60NV10S-98-S"},{"r":"218","t":"08:50:40","h":"Est","s":"25N-H60NV20S-98-S"},{"r":"218","t":"08:50:40","h":"Est","s":"25S-H60S000S-80-S"},{"r":"485","t":"08:55:54","h":"Est","s":"25N-H50N000S-80-S"},{"r":"485","t":"08:55:54","h":"Est","s":"25N-H50N000S-90-S"},{"r":"485","t":"08:55:54","h":"Est","s":"25N-H50NV10S-90-S"},{"r":"485","t":"08:55:54","h":"Est","s":"25N-H50NV20S-90-S"},{"r":"485","t":"08:55:54","h":"Est","s":"25S-H50S000S-81-S"},{"r":"207","t":"09:09:33","h":"Sud","s":"25N-H60N000I-80-I"},{"r":"207","t":"09:09:33","h":"Sud","s":"25N-H60N100F-81-F1"},{"r":"207","t":"09:09:33","h":"Sud","s":"25N-H60N200F-81-F2"},{"r":"207","t":"09:09:33","h":"Sud","s":"25N-H60N300F-82-F3"},{"r":"207","t":"09:09:33","h":"Sud","s":"25N-H60N400F-81-F4"},{"r":"207","t":"09:09:33","h":"Sud","s":"25N-H60NV10I-80-I"},{"r":"207","t":"09:09:33","h":"Sud","s":"25N-H60NV20I-80-I"},{"r":"207","t":"09:09:33","h":"Sud","s":"25S-H60S000I-80-I"},{"r":"207","t":"09:09:33","h":"Sud","s":"25S-H60S100F-82-F1"},{"r":"207","t":"09:09:33","h":"Sud","s":"25S-H60S200F-81-F2"},{"r":"207","t":"09:12:33","h":"Sud","s":"25N-H60N000A-80-A"},{"r":"207","t":"09:12:33","h":"Sud","s":"25N-H60NV10A-80-A"},{"r":"207","t":"09:12:33","h":"Sud","s":"25N-H60NV20A-80-A"},{"r":"207","t":"09:12:33","h":"Sud","s":"25S-H60S000A-80-A"},{"r":"207","t":"09:19:33","h":"Sud","s":"25N-H60N000S-80-S"},{"r":"207","t":"09:19:33","h":"Sud","s":"25N-H60N000S-98-S"},{"r":"207","t":"09:19:33","h":"Sud","s":"25N-H60NV10S-98-S"},{"r":"207","t":"09:19:33","h":"Sud","s":"25N-H60NV20S-98-S"},{"r":"207","t":"09:19:33","h":"Sud","s":"25S-H60S000S-80-S"},{"r":"218","t":"09:21:40","h":"Est","s":"25N-H60N000S-80-S"},{"r":"218","t":"09:21:40","h":"Est","s":"25N-H60N000S-98-S"},{"r":"218","t":"09:21:40","h":"Est","s":"25N-H60NV10S-98-S"},{"r":"218","t":"09:21:40","h":"Est","s":"25N-H60NV20S-98-S"},{"r":"218","t":"09:21:40","h":"Est","s":"25S-H60S000S-80-S"},{"r":"485","t":"09:27:54","h":"Est","s":"25N-H50N000S-80-S"},{"r":"485","t":"09:27:54","h":"Est","s":"25N-H50N000S-90-S"},{"r":"485","t":"09:27:54","h":"Est","s":"25N-H50NV10S-90-S"},{"r":"485","t":"09:27:54","h":"Est","s":"25N-H50NV20S-90-S"},{"r":"485","t":"09:27:54","h":"Est","s":"25S-H50S000S-81-S"},{"r":"207","t":"09:39:33","h":"Sud","s":"25N-H60N000I-80-I"},{"r":"207","t":"09:39:33","h":"Sud","s":"25N-H60N100F-81-F1"},{"r":"207","t":"09:39:33","h":"Sud","s":"25N-H60N200F-81-F2"},{"r":"207","t":"09:39:33","h":"Sud","s":"25N-H60N300F-82-F3"},{"r":"207","t":"09:39:33","h":"Sud","s":"25N-H60N400F-81-F4"},{"r":"207","t":"09:39:33","h":"Sud","s":"25N-H60NV10I-80-I"},{"r":"207","t":"09:39:33","h":"Sud","s":"25N-H60NV20I-80-I"},{"r":"207","t":"09:39:33","h":"Sud","s":"25S-H60S000I-80-I"},{"r":"207","t":"09:39:33","h":"Sud","s":"25S-H60S100F-82-F1"},{"r":"207","t":"09:39:33","h":"Sud","s":"25S-H60S200F-81-F2"},{"r":"207","t":"09:43:33","h":"Sud","s":"25N-H60N000A-80-A"},{"r":"207","t":"09:43:33","h":"Sud","s":"25N-H60NV10A-80-A"},{"r":"207","t":"09:43:33","h":"Sud","s":"25N-H60NV20A-80-A"},{"r":"207","t":"09:43:33","h":"Sud","s":"25S-H60S000A-80-A"},{"r":"207","t":"09:49:33","h":"Sud","s":"25N-H60N000S-80-S"},{"r":"207","t":"09:49:33","h":"Sud","s":"25N-H60N000S-98-S"},{"r":"207","t":"09:49:33","h":"Sud","s":"25N-H60NV10S-98-S"},{"r":"207","t":"09:49:33","h":"Sud","s":"25N-H60NV20S-98-S"},{"r":"207","t":"09:49:33","h":"Sud","s":"25S-H60S000S-80-S"},{"r":"485","t":"09:58:54","h":"Est","s":"25N-H50N000S-80-S"},{"r":"485","t":"09:58:54","h":"Est","s":"25N-H50N000S-90-S"},{"r":"485","t":"09:58:54","h":"Est","s":"25N-H50NV10S-90-S"},{"r":"485","t":"09:58:54","h":"Est","s":"25N-H50NV20S-90-S"},{"r":"485","t":"09:58:54","h":"Est","s":"25S-H50S000S-81-S"},{"r":"207","t":"10:09:33","h":"Sud","s":"25N-H60N000I-80-I"},{"r":"207","t":"10:09:33","h":"Sud","s":"25N-H60N100F-81-F1"},{"r":"207","t":"10:09:33","h":"Sud","s":"25N-H60N200F-81-F2"},{"r":"207","t":"10:09:33","h":"Sud","s":"25N-H60N300F-82-F3"},{"r":"207","t":"10:09:33","h":"Sud","s":"25N-H60N400F-81-F4"},{"r":"207","t":"10:09:33","h":"Sud","s":"25N-H60NV10I-80-I"},{"r":"207","t":"10:09:33","h":"Sud","s":"25N-H60NV20I-80-I"},{"r":"207","t":"10:09:33","h":"Sud","s":"25S-H60S000I-80-I"},{"r":"207","t":"10:09:33","h":"Sud","s":"25S-H60S100F-82-F1"},{"r":"207","t":"10:09:33","h":"Sud","s":"25S-H60S200F-81-F2"},{"r":"207","t":"10:13:33","h":"Sud","s":"25N-H60N000A-80-A"},{"r":"207","t":"10:13:33","h":"Sud","s":"25N-H60NV10A-80-A"},{"r":"207","t":"10:13:33","h":"Sud","s":"25N-H60NV20A-80-A"},{"r":"207","t":"10:13:33","h":"Sud","s":"25S-H60S000A-80-A"},{"r":"207","t":"10:19:33","h":"Sud","s":"25N-H60N000S-80-S"},{"r":"207","t":"10:19:33","h":"Sud","s":"25N-H60N000S-98-S"},{"r":"207","t":"10:19:33","h":"Sud","s":"25N-H60NV10S-98-S"},{"r":"207","t":"10:19:33","h":"Sud","s":"25N-H60NV20S-98-S"},{"r":"207","t":"10:19:33","h":"Sud","s":"25S-H60S000S-80-S"},{"r":"485","t":"10:29:54","h":"Est","s":"25N-H50N000S-80-S"},{"r":"485","t":"10:29:54","h":"Est","s":"25N-H50N000S-90-S"},{"r":"485","t":"10:29:54","h":"Est","s":"25N-H50NV10S-90-S"},{"r":"485","t":"10:29:54","h":"Est","s":"25N-H50NV20S-90-S"},{"r":"485","t":"10:29:54","h":"Est","s":"25S-H50S000S-81-S"},{"r":"207","t":"10:41:33","h":"Sud","s":"25N-H60N000I-80-I"},{"r":"207","t":"10:41:33","h":"Sud","s":"25N-H60N100F-81-F1"},{"r":"207","t":"10:41:33","h":"Sud","s":"25N-H60N200F-81-F2"},{"r":"207","t":"10:41:33","h":"Sud","s":"25N-H60N300F-82-F3"},{"r":"207","t":"10:41:33","h":"Sud","s":"25N-H60N400F-81-F4"},{"r":"207","t":"10:41:33","h":"Sud","s":"25N-H60NV10I-80-I"},{"r":"207","t":"10:41:33","h":"Sud","s":"25N-H60NV20I-80-I"},{"r":"207","t":"10:41:33","h":"Sud","s":"25S-H60S000I-80-I"},{"r":"207","t":"10:41:33","h":"Sud","s":"25S-H60S100F-82-F1"},{"r":"207","t":"10:41:33","h":"Sud","s":"25S-H60S200F-81-F2"},{"r":"207","t":"10:43:47","h":"Sud","s":"25N-H60N000A-80-A"},{"r":"207","t":"10:43:47","h":"Sud","s":"25N-H60NV10A-80-A"},{"r":"207","t":"10:43:47","h":"Sud","s":"25N-H60NV20A-80-A"},{"r":"207","t":"10:43:47","h":"Sud","s":"25S-H60S000A-80-A"},{"r":"207","t":"10:49:33","h":"Sud","s":"25N-H60N000S-80-S"},{"r":"207","t":"10:49:33","h":"Sud","s":"25N-H60N000S-98-S"},{"r":"207","t":"10:49:33","h":"Sud","s":"25N-H60NV10S-98-S"},{"r":"207","t":"10:49:33","h":"Sud","s":"25N-H60NV20S-98-S"},{"r":"207","t":"10:49:33","h":"Sud","s":"25S-H60S000S-80-S"},{"r":"485","t":"11:01:54","h":"Est","s":"25N-H50N000S-80-S"},{"r":"485","t":"11:01:54","h":"Est","s":"25N-H50N000S-90-S"},{"r":"485","t":"11:01:54","h":"Est","s":"25N-H50NV10S-90-S"},{"r":"485","t":"11:01:54","h":"Est","s":"25N-H50NV20S-90-S"},{"r":"485","t":"11:01:54","h":"Est","s":"25S-H50S000S-81-S"},{"r":"207","t":"11:11:33","h":"Sud","s":"25N-H60N000I-80-I"},{"r":"207","t":"11:11:33","h":"Sud","s":"25N-H60N100F-81-F1"},{"r":"207","t":"11:11:33","h":"Sud","s":"25N-H60N200F-81-F2"},{"r":"207","t":"11:11:33","h":"Sud","s":"25N-H60N300F-82-F3"},{"r":"207","t":"11:11:33","h":"Sud","s":"25N-H60N400F-81-F4"},{"r":"207","t":"11:11:33","h":"Sud","s":"25N-H60NV10I-80-I"},{"r":"207","t":"11:11:33","h":"Sud","s":"25N-H60NV20I-80-I"},{"r":"207","t":"11:11:33","h":"Sud","s":"25S-H60S000I-80-I"},{"r":"207","t":"11:11:33","h":"Sud","s":"25S-H60S100F-82-F1"},{"r":"207","t":"11:11:33","h":"Sud","s":"25S-H60S200F-81-F2"},{"r":"207","t":"11:13:47","h":"Sud","s":"25N-H60N000A-80-A"},{"r":"207","t":"11:13:47","h":"Sud","s":"25N-H60NV10A-80-A"},{"r":"207","t":"11:13:47","h":"Sud","s":"25N-H60NV20A-80-A"},{"r":"207","t":"11:13:47","h":"Sud","s":"25S-H60S000A-80-A"},{"r":"207","t":"11:20:33","h":"Sud","s":"25N-H60N000S-80-S"},{"r":"207","t":"11:20:33","h":"Sud","s":"25N-H60N000S-98-S"},{"r":"207","t":"11:20:33","h":"Sud","s":"25N-H60NV10S-98-S"},{"r":"207","t":"11:20:33","h":"Sud","s":"25N-H60NV20S-98-S"},{"r":"207","t":"11:20:33","h":"Sud","s":"25S-H60S000S-80-S"},{"r":"485","t":"11:31:54","h":"Est","s":"25N-H50N000S-80-S"},{"r":"485","t":"11:31:54","h":"Est","s":"25N-H50N000S-90-S"},{"r":"485","t":"11:31:54","h":"Est","s":"25N-H50NV10S-90-S"},{"r":"485","t":"11:31:54","h":"Est","s":"25N-H50NV20S-90-S"},{"r":"485","t":"11:31:54","h":"Est","s":"25S-H50S000S-81-S"},{"r":"207","t":"11:41:33","h":"Sud","s":"25N-H60N000I-80-I"},{"r":"207","t":"11:41:33","h":"Sud","s":"25N-H60N100F-81-F1"},{"r":"207","t":"11:41:33","h":"Sud","s":"25N-H60N200F-81-F2"},{"r":"207","t":"11:41:33","h":"Sud","s":"25N-H60N300F-82-F3"},{"r":"207","t":"11:41:33","h":"Sud","s":"25N-H60N400F-81-F4"},{"r":"207","t":"11:41:33","h":"Sud","s":"25N-H60NV10I-80-I"},{"r":"207","t":"11:41:33","h":"Sud","s":"25N-H60NV20I-80-I"},{"r":"207","t":"11:41:33","h":"Sud","s":"25S-H60S000I-80-I"},{"r":"207","t":"11:41:33","h":"Sud","s":"25S-H60S100F-82-F1"},{"r":"207","t":"11:41:33","h":"Sud","s":"25S-H60S200F-81-F2"},{"r":"207","t":"11:43:47","h":"Sud","s":"25N-H60N000A-80-A"},{"r":"207","t":"11:43:47","h":"Sud","s":"25N-H60NV10A-80-A"},{"r":"207","t":"11:43:47","h":"Sud","s":"25N-H60NV20A-80-A"},{"r":"207","t":"11:43:47","h":"Sud","s":"25S-H60S000A-80-A"},{"r":"207","t":"11:49:33","h":"Sud","s":"25N-H60N000S-80-S"},{"r":"207","t":"11:49:33","h":"Sud","s":"25N-H60N000S-98-S"},{"r":"207","t":"11:49:33","h":"Sud","s":"25N-H60NV10S-98-S"},{"r":"207","t":"11:49:33","h":"Sud","s":"25N-H60NV20S-98-S"},{"r":"207","t":"11:49:33","h":"Sud","s":"25S-H60S000S-80-S"},{"r":"485","t":"12:00:54","h":"Est","s":"25N-H50N000S-80-S"},{"r":"485","t":"12:00:54","h":"Est","s":"25N-H50N000S-90-S"},{"r":"485","t":"12:00:54","h":"Est","s":"25N-H50NV10S-90-S"},{"r":"485","t":"12:00:54","h":"Est","s":"25N-H50NV20S-90-S"},{"r":"485","t":"12:00:54","h":"Est","s":"25S-H50S000S-81-S"},{"r":"207","t":"12:11:33","h":"Sud","s":"25N-H60N000I-80-I"},{"r":"207","t":"12:11:33","h":"Sud","s":"25N-H60N100F-81-F1"},{"r":"207","t":"12:11:33","h":"Sud","s":"25N-H60N200F-81-F2"},{"r":"207","t":"12:11:33","h":"Sud","s":"25N-H60N300F-82-F3"},{"r":"207","t":"12:11:33","h":"Sud","s":"25N-H60N400F-81-F4"},{"r":"207","t":"12:11:33","h":"Sud","s":"25N-H60NV10I-80-I"},{"r":"207","t":"12:11:33","h":"Sud","s":"25N-H60NV20I-80-I"},{"r":"207","t":"12:11:33","h":"Sud","s":"25S-H60S000I-80-I"},{"r":"207","t":"12:11:33","h":"Sud","s":"25S-H60S100F-82-F1"},{"r":"207","t":"12:11:33","h":"Sud","s":"25S-H60S200F-81-F2"},{"r":"207","t":"12:14:47","h":"Sud","s":"25N-H60N000A-80-A"},{"r":"207","t":"12:14:47","h":"Sud","s":"25N-H60NV10A-80-A"},{"r":"207","t":"12:14:47","h":"Sud","s":"25N-H60NV20A-80-A"},{"r":"207","t":"12:14:47","h":"Sud","s":"25S-H60S000A-80-A"},{"r":"207","t":"12:19:33","h":"Sud","s":"25N-H60N000S-80-S"},{"r":"207","t":"12:19:33","h":"Sud","s":"25N-H60N000S-98-S"},{"r":"207","t":"12:19:33","h":"Sud","s":"25N-H60NV10S-98-S"},{"r":"207","t":"12:19:33","h":"Sud","s":"25N-H60NV20S-98-S"},{"r":"207","t":"12:19:33","h":"Sud","s":"25S-H60S000S-80-S"},{"r":"485","t":"12:29:54","h":"Est","s":"25N-H50N000S-80-S"},{"r":"485","t":"12:29:54","h":"Est","s":"25N-H50N000S-90-S"},{"r":"485","t":"12:29:54","h":"Est","s":"25N-H50NV10S-90-S"},{"r":"485","t":"12:29:54","h":"Est","s":"25N-H50NV20S-90-S"},{"r":"485","t":"12:29:54","h":"Est","s":"25S-H50S000S-81-S"},{"r":"207","t":"12:43:33","h":"Sud","s":"25N-H60N000I-80-I"},{"r":"207","t":"12:43:33","h":"Sud","s":"25N-H60N100F-81-F1"},{"r":"207","t":"12:43:33","h":"Sud","s":"25N-H60N200F-81-F2"},{"r":"207","t":"12:43:33","h":"Sud","s":"25N-H60N300F-82-F3"},{"r":"207","t":"12:43:33","h":"Sud","s":"25N-H60N400F-81-F4"},{"r":"207","t":"12:43:33","h":"Sud","s":"25N-H60NV10I-80-I"},{"r":"207","t":"12:43:33","h":"Sud","s":"25N-H60NV20I-80-I"},{"r":"207","t":"12:43:33","h":"Sud","s":"25S-H60S000I-80-I"},{"r":"207","t":"12:43:33","h":"Sud","s":"25S-H60S100F-82-F1"},{"r":"207","t":"12:43:33","h":"Sud","s":"25S-H60S200F-81-F2"},{"r":"207","t":"12:44:47","h":"Sud","s":"25N-H60N000A-80-A"},{"r":"207","t":"12:44:47","h":"Sud","s":"25N-H60NV10A-80-A"},{"r":"207","t":"12:44:47","h":"Sud","s":"25N-H60NV20A-80-A"},{"r":"207","t":"12:44:47","h":"Sud","s":"25S-H60S000A-80-A"},{"r":"207","t":"12:49:33","h":"Sud","s":"25N-H60N000S-80-S"},{"r":"207","t":"12:49:33","h":"Sud","s":"25N-H60N000S-98-S"},{"r":"207","t":"12:49:33","h":"Sud","s":"25N-H60NV10S-98-S"},{"r":"207","t":"12:49:33","h":"Sud","s":"25N-H60NV20S-98-S"},{"r":"207","t":"12:49:33","h":"Sud","s":"25S-H60S000S-80-S"},{"r":"485","t":"12:59:37","h":"Est","s":"25N-H50N000S-80-S"},{"r":"485","t":"12:59:37","h":"Est","s":"25N-H50N000S-90-S"},{"r":"485","t":"12:59:37","h":"Est","s":"25N-H50NV10S-90-S"},{"r":"485","t":"12:59:37","h":"Est","s":"25N-H50NV20S-90-S"},{"r":"485","t":"12:59:37","h":"Est","s":"25S-H50S000S-81-S"},{"r":"207","t":"13:14:33","h":"Sud","s":"25N-H60N000I-80-I"},{"r":"207","t":"13:14:33","h":"Sud","s":"25N-H60N100F-81-F1"},{"r":"207","t":"13:14:33","h":"Sud","s":"25N-H60N200F-81-F2"},{"r":"207","t":"13:14:33","h":"Sud","s":"25N-H60N300F-82-F3"},{"r":"207","t":"13:14:33","h":"Sud","s":"25N-H60N400F-81-F4"},{"r":"207","t":"13:14:33","h":"Sud","s":"25N-H60NV10I-80-I"},{"r":"207","t":"13:14:33","h":"Sud","s":"25N-H60NV20I-80-I"},{"r":"207","t":"13:14:33","h":"Sud","s":"25S-H60S000I-80-I"},{"r":"207","t":"13:14:33","h":"Sud","s":"25S-H60S100F-82-F1"},{"r":"207","t":"13:14:33","h":"Sud","s":"25S-H60S200F-81-F2"},{"r":"207","t":"13:14:47","h":"Sud","s":"25N-H60N000A-80-A"},{"r":"207","t":"13:14:47","h":"Sud","s":"25N-H60NV10A-80-A"},{"r":"207","t":"13:14:47","h":"Sud","s":"25N-H60NV20A-80-A"},{"r":"207","t":"13:14:47","h":"Sud","s":"25S-H60S000A-80-A"},{"r":"207","t":"13:19:33","h":"Sud","s":"25N-H60N000S-80-S"},{"r":"207","t":"13:19:33","h":"Sud","s":"25N-H60N000S-98-S"},{"r":"207","t":"13:19:33","h":"Sud","s":"25N-H60NV10S-98-S"},{"r":"207","t":"13:19:33","h":"Sud","s":"25N-H60NV20S-98-S"},{"r":"207","t":"13:19:33","h":"Sud","s":"25S-H60S000S-80-S"},{"r":"485","t":"13:28:37","h":"Est","s":"25N-H50N000S-80-S"},{"r":"485","t":"13:28:37","h":"Est","s":"25N-H50N000S-90-S"},{"r":"485","t":"13:28:37","h":"Est","s":"25N-H50NV10S-90-S"},{"r":"485","t":"13:28:37","h":"Est","s":"25N-H50NV20S-90-S"},{"r":"485","t":"13:28:37","h":"Est","s":"25S-H50S000S-81-S"},{"r":"207","t":"13:44:33","h":"Sud","s":"25N-H60N000I-80-I"},{"r":"207","t":"13:44:33","h":"Sud","s":"25N-H60N100F-81-F1"},{"r":"207","t":"13:44:33","h":"Sud","s":"25N-H60N200F-81-F2"},{"r":"207","t":"13:44:33","h":"Sud","s":"25N-H60N300F-82-F3"},{"r":"207","t":"13:44:33","h":"Sud","s":"25N-H60N400F-81-F4"},{"r":"207","t":"13:44:33","h":"Sud","s":"25N-H60NV10I-80-I"},{"r":"207","t":"13:44:33","h":"Sud","s":"25N-H60NV20I-80-I"},{"r":"207","t":"13:44:33","h":"Sud","s":"25S-H60S000I-80-I"},{"r":"207","t":"13:44:33","h":"Sud","s":"25S-H60S100F-82-F1"},{"r":"207","t":"13:44:33","h":"Sud","s":"25S-H60S200F-81-F2"},{"r":"207","t":"13:44:47","h":"Sud","s":"25N-H60N000A-80-A"},{"r":"207","t":"13:44:47","h":"Sud","s":"25N-H60NV10A-80-A"},{"r":"207","t":"13:44:47","h":"Sud","s":"25N-H60NV20A-80-A"},{"r":"207","t":"13:44:47","h":"Sud","s":"25S-H60S000A-80-A"},{"r":"207","t":"13:49:33","h":"Sud","s":"25N-H60N000S-80-S"},{"r":"207","t":"13:49:33","h":"Sud","s":"25N-H60N000S-98-S"},{"r":"207","t":"13:49:33","h":"Sud","s":"25N-H60NV10S-98-S"},{"r":"207","t":"13:49:33","h":"Sud","s":"25N-H60NV20S-98-S"},{"r":"207","t":"13:49:33","h":"Sud","s":"25S-H60S000S-80-S"},{"r":"485","t":"13:58:37","h":"Est","s":"25N-H50N000S-80-S"},{"r":"485","t":"13:58:37","h":"Est","s":"25N-H50N000S-90-S"},{"r":"485","t":"13:58:37","h":"Est","s":"25N-H50NV10S-90-S"},{"r":"485","t":"13:58:37","h":"Est","s":"25N-H50NV20S-90-S"},{"r":"485","t":"13:58:37","h":"Est","s":"25S-H50S000S-81-S"},{"r":"207","t":"14:13:33","h":"Sud","s":"25N-H60N000I-80-I"},{"r":"207","t":"14:13:33","h":"Sud","s":"25N-H60N100F-81-F1"},{"r":"207","t":"14:13:33","h":"Sud","s":"25N-H60N200F-81-F2"},{"r":"207","t":"14:13:33","h":"Sud","s":"25N-H60N300F-82-F3"},{"r":"207","t":"14:13:33","h":"Sud","s":"25N-H60N400F-81-F4"},{"r":"207","t":"14:13:33","h":"Sud","s":"25N-H60NV10I-80-I"},{"r":"207","t":"14:13:33","h":"Sud","s":"25N-H60NV20I-80-I"},{"r":"207","t":"14:13:33","h":"Sud","s":"25S-H60S000I-80-I"},{"r":"207","t":"14:13:33","h":"Sud","s":"25S-H60S100F-82-F1"},{"r":"207","t":"14:13:33","h":"Sud","s":"25S-H60S200F-81-F2"},{"r":"207","t":"14:14:47","h":"Sud","s":"25N-H60N000A-80-A"},{"r":"207","t":"14:14:47","h":"Sud","s":"25N-H60NV10A-80-A"},{"r":"207","t":"14:14:47","h":"Sud","s":"25N-H60NV20A-80-A"},{"r":"207","t":"14:14:47","h":"Sud","s":"25S-H60S000A-80-A"},{"r":"207","t":"14:19:33","h":"Sud","s":"25N-H60N000S-80-S"},{"r":"207","t":"14:19:33","h":"Sud","s":"25N-H60N000S-98-S"},{"r":"207","t":"14:19:33","h":"Sud","s":"25N-H60NV10S-98-S"},{"r":"207","t":"14:19:33","h":"Sud","s":"25N-H60NV20S-98-S"},{"r":"207","t":"14:19:33","h":"Sud","s":"25S-H60S000S-80-S"},{"r":"485","t":"14:28:37","h":"Est","s":"25N-H50N000S-80-S"},{"r":"485","t":"14:28:37","h":"Est","s":"25N-H50N000S-90-S"},{"r":"485","t":"14:28:37","h":"Est","s":"25N-H50NV10S-90-S"},{"r":"485","t":"14:28:37","h":"Est","s":"25N-H50NV20S-90-S"},{"r":"485","t":"14:28:37","h":"Est","s":"25S-H50S000S-81-S"},{"r":"207","t":"14:43:33","h":"Sud","s":"25N-H60N000I-80-I"},{"r":"207","t":"14:43:33","h":"Sud","s":"25N-H60N100F-81-F1"},{"r":"207","t":"14:43:33","h":"Sud","s":"25N-H60N200F-81-F2"},{"r":"207","t":"14:43:33","h":"Sud","s":"25N-H60N300F-82-F3"},{"r":"207","t":"14:43:33","h":"Sud","s":"25N-H60N400F-81-F4"},{"r":"207","t":"14:43:33","h":"Sud","s":"25N-H60NV10I-80-I"},{"r":"207","t":"14:43:33","h":"Sud","s":"25N-H60NV20I-80-I"},{"r":"207","t":"14:43:33","h":"Sud","s":"25S-H60S000I-80-I"},{"r":"207","t":"14:43:33","h":"Sud","s":"25S-H60S100F-82-F1"},{"r":"207","t":"14:43:33","h":"Sud","s":"25S-H60S200F-81-F2"},{"r":"207","t":"14:44:40","h":"Sud","s":"25N-H60N000A-80-A"},{"r":"207","t":"14:44:40","h":"Sud","s":"25N-H60NV10A-80-A"},{"r":"207","t":"14:44:40","h":"Sud","s":"25N-H60NV20A-80-A"},{"r":"207","t":"14:44:40","h":"Sud","s":"25S-H60S000A-80-A"},{"r":"207","t":"14:49:33","h":"Sud","s":"25N-H60N000S-80-S"},{"r":"207","t":"14:49:33","h":"Sud","s":"25N-H60N000S-98-S"},{"r":"207","t":"14:49:33","h":"Sud","s":"25N-H60NV10S-98-S"},{"r":"207","t":"14:49:33","h":"Sud","s":"25N-H60NV20S-98-S"},{"r":"207","t":"14:49:33","h":"Sud","s":"25S-H60S000S-80-S"},{"r":"485","t":"14:58:37","h":"Est","s":"25N-H50N000S-80-S"},{"r":"485","t":"14:58:37","h":"Est","s":"25N-H50N000S-90-S"},{"r":"485","t":"14:58:37","h":"Est","s":"25N-H50NV10S-90-S"},{"r":"485","t":"14:58:37","h":"Est","s":"25N-H50NV20S-90-S"},{"r":"485","t":"14:58:37","h":"Est","s":"25S-H50S000S-81-S"},{"r":"207","t":"15:13:33","h":"Sud","s":"25N-H60N000I-80-I"},{"r":"207","t":"15:13:33","h":"Sud","s":"25N-H60N100F-81-F1"},{"r":"207","t":"15:13:33","h":"Sud","s":"25N-H60N200F-81-F2"},{"r":"207","t":"15:13:33","h":"Sud","s":"25N-H60N300F-82-F3"},{"r":"207","t":"15:13:33","h":"Sud","s":"25N-H60N400F-81-F4"},{"r":"207","t":"15:13:33","h":"Sud","s":"25N-H60NV10I-80-I"},{"r":"207","t":"15:13:33","h":"Sud","s":"25N-H60NV20I-80-I"},{"r":"207","t":"15:13:33","h":"Sud","s":"25S-H60S000I-80-I"},{"r":"207","t":"15:13:33","h":"Sud","s":"25S-H60S100F-82-F1"},{"r":"207","t":"15:13:33","h":"Sud","s":"25S-H60S200F-81-F2"},{"r":"207","t":"15:16:40","h":"Sud","s":"25N-H60N000A-80-A"},{"r":"207","t":"15:16:40","h":"Sud","s":"25N-H60NV10A-80-A"},{"r":"207","t":"15:16:40","h":"Sud","s":"25N-H60NV20A-80-A"},{"r":"207","t":"15:16:40","h":"Sud","s":"25S-H60S000A-80-A"},{"r":"207","t":"15:19:33","h":"Sud","s":"25N-H60N000S-80-S"},{"r":"207","t":"15:19:33","h":"Sud","s":"25N-H60N000S-98-S"},{"r":"207","t":"15:19:33","h":"Sud","s":"25N-H60NV10S-98-S"},{"r":"207","t":"15:19:33","h":"Sud","s":"25N-H60NV20S-98-S"},{"r":"207","t":"15:19:33","h":"Sud","s":"25S-H60S000S-80-S"},{"r":"218","t":"15:25:47","h":"Est","s":"25N-H60N000S-80-S"},{"r":"218","t":"15:25:47","h":"Est","s":"25N-H60N000S-98-S"},{"r":"218","t":"15:25:47","h":"Est","s":"25N-H60NV10S-98-S"},{"r":"218","t":"15:25:47","h":"Est","s":"25N-H60NV20S-98-S"},{"r":"218","t":"15:25:47","h":"Est","s":"25S-H60S000S-80-S"},{"r":"485","t":"15:26:37","h":"Est","s":"25N-H50N000S-80-S"},{"r":"485","t":"15:26:37","h":"Est","s":"25N-H50N000S-90-S"},{"r":"485","t":"15:26:37","h":"Est","s":"25N-H50NV10S-90-S"},{"r":"485","t":"15:26:37","h":"Est","s":"25N-H50NV20S-90-S"},{"r":"485","t":"15:26:37","h":"Est","s":"25S-H50S000S-81-S"},{"r":"207","t":"15:43:33","h":"Sud","s":"25N-H60N000I-80-I"},{"r":"207","t":"15:43:33","h":"Sud","s":"25N-H60N100F-81-F1"},{"r":"207","t":"15:43:33","h":"Sud","s":"25N-H60N200F-81-F2"},{"r":"207","t":"15:43:33","h":"Sud","s":"25N-H60N300F-82-F3"},{"r":"207","t":"15:43:33","h":"Sud","s":"25N-H60N400F-81-F4"},{"r":"207","t":"15:43:33","h":"Sud","s":"25N-H60NV10I-80-I"},{"r":"207","t":"15:43:33","h":"Sud","s":"25N-H60NV20I-80-I"},{"r":"207","t":"15:43:33","h":"Sud","s":"25S-H60S000I-80-I"},{"r":"207","t":"15:43:33","h":"Sud","s":"25S-H60S100F-82-F1"},{"r":"207","t":"15:43:33","h":"Sud","s":"25S-H60S200F-81-F2"},{"r":"207","t":"15:46:33","h":"Sud","s":"25N-H60N000A-80-A"},{"r":"207","t":"15:46:33","h":"Sud","s":"25N-H60NV10A-80-A"},{"r":"207","t":"15:46:33","h":"Sud","s":"25N-H60NV20A-80-A"},{"r":"207","t":"15:46:33","h":"Sud","s":"25S-H60S000A-80-A"},{"r":"207","t":"15:49:33","h":"Sud","s":"25N-H60N000S-80-S"},{"r":"207","t":"15:49:33","h":"Sud","s":"25N-H60N000S-98-S"},{"r":"207","t":"15:49:33","h":"Sud","s":"25N-H60NV10S-98-S"},{"r":"207","t":"15:49:33","h":"Sud","s":"25N-H60NV20S-98-S"},{"r":"207","t":"15:49:33","h":"Sud","s":"25S-H60S000S-80-S"},{"r":"485","t":"15:54:37","h":"Est","s":"25N-H50N000S-80-S"},{"r":"485","t":"15:54:37","h":"Est","s":"25N-H50N000S-90-S"},{"r":"485","t":"15:54:37","h":"Est","s":"25N-H50NV10S-90-S"},{"r":"485","t":"15:54:37","h":"Est","s":"25N-H50NV20S-90-S"},{"r":"485","t":"15:54:37","h":"Est","s":"25S-H50S000S-81-S"},{"r":"218","t":"15:58:47","h":"Est","s":"25N-H60N000S-80-S"},{"r":"218","t":"15:58:47","h":"Est","s":"25N-H60N000S-98-S"},{"r":"218","t":"15:58:47","h":"Est","s":"25N-H60NV10S-98-S"},{"r":"218","t":"15:58:47","h":"Est","s":"25N-H60NV20S-98-S"},{"r":"218","t":"15:58:47","h":"Est","s":"25S-H60S000S-80-S"},{"r":"207","t":"16:13:33","h":"Sud","s":"25N-H60N000I-80-I"},{"r":"207","t":"16:13:33","h":"Sud","s":"25N-H60N100F-81-F1"},{"r":"207","t":"16:13:33","h":"Sud","s":"25N-H60N200F-81-F2"},{"r":"207","t":"16:13:33","h":"Sud","s":"25N-H60N300F-82-F3"},{"r":"207","t":"16:13:33","h":"Sud","s":"25N-H60N400F-81-F4"},{"r":"207","t":"16:13:33","h":"Sud","s":"25N-H60NV10I-80-I"},{"r":"207","t":"16:13:33","h":"Sud","s":"25N-H60NV20I-80-I"},{"r":"207","t":"16:13:33","h":"Sud","s":"25S-H60S000I-80-I"},{"r":"207","t":"16:13:33","h":"Sud","s":"25S-H60S100F-82-F1"},{"r":"207","t":"16:13:33","h":"Sud","s":"25S-H60S200F-81-F2"},{"r":"207","t":"16:16:33","h":"Sud","s":"25N-H60N000A-80-A"},{"r":"207","t":"16:16:33","h":"Sud","s":"25N-H60NV10A-80-A"},{"r":"207","t":"16:16:33","h":"Sud","s":"25N-H60NV20A-80-A"},{"r":"207","t":"16:16:33","h":"Sud","s":"25S-H60S000A-80-A"},{"r":"207","t":"16:18:33","h":"Sud","s":"25N-H60N000S-80-S"},{"r":"207","t":"16:18:33","h":"Sud","s":"25N-H60N000S-98-S"},{"r":"207","t":"16:18:33","h":"Sud","s":"25N-H60NV10S-98-S"},{"r":"207","t":"16:18:33","h":"Sud","s":"25N-H60NV20S-98-S"},{"r":"207","t":"16:18:33","h":"Sud","s":"25S-H60S000S-80-S"},{"r":"485","t":"16:26:37","h":"Est","s":"25N-H50N000S-80-S"},{"r":"485","t":"16:26:37","h":"Est","s":"25N-H50N000S-90-S"},{"r":"485","t":"16:26:37","h":"Est","s":"25N-H50NV10S-90-S"},{"r":"485","t":"16:26:37","h":"Est","s":"25N-H50NV20S-90-S"},{"r":"485","t":"16:26:37","h":"Est","s":"25S-H50S000S-81-S"},{"r":"218","t":"16:31:47","h":"Est","s":"25N-H60N000S-80-S"},{"r":"218","t":"16:31:47","h":"Est","s":"25N-H60N000S-98-S"},{"r":"218","t":"16:31:47","h":"Est","s":"25N-H60NV10S-98-S"},{"r":"218","t":"16:31:47","h":"Est","s":"25N-H60NV20S-98-S"},{"r":"218","t":"16:31:47","h":"Est","s":"25S-H60S000S-80-S"},{"r":"207","t":"16:42:33","h":"Sud","s":"25N-H60N000I-80-I"},{"r":"207","t":"16:42:33","h":"Sud","s":"25N-H60N100F-81-F1"},{"r":"207","t":"16:42:33","h":"Sud","s":"25N-H60N200F-81-F2"},{"r":"207","t":"16:42:33","h":"Sud","s":"25N-H60N300F-82-F3"},{"r":"207","t":"16:42:33","h":"Sud","s":"25N-H60N400F-81-F4"},{"r":"207","t":"16:42:33","h":"Sud","s":"25N-H60NV10I-80-I"},{"r":"207","t":"16:42:33","h":"Sud","s":"25N-H60NV20I-80-I"},{"r":"207","t":"16:42:33","h":"Sud","s":"25S-H60S000I-80-I"},{"r":"207","t":"16:42:33","h":"Sud","s":"25S-H60S100F-82-F1"},{"r":"207","t":"16:42:33","h":"Sud","s":"25S-H60S200F-81-F2"},{"r":"207","t":"16:46:33","h":"Sud","s":"25N-H60N000A-80-A"},{"r":"207","t":"16:46:33","h":"Sud","s":"25N-H60NV10A-80-A"},{"r":"207","t":"16:46:33","h":"Sud","s":"25N-H60NV20A-80-A"},{"r":"207","t":"16:46:33","h":"Sud","s":"25S-H60S000A-80-A"},{"r":"207","t":"16:49:33","h":"Sud","s":"25N-H60N000S-80-S"},{"r":"207","t":"16:49:33","h":"Sud","s":"25N-H60N000S-98-S"},{"r":"207","t":"16:49:33","h":"Sud","s":"25N-H60NV10S-98-S"},{"r":"207","t":"16:49:33","h":"Sud","s":"25N-H60NV20S-98-S"},{"r":"207","t":"16:49:33","h":"Sud","s":"25S-H60S000S-80-S"},{"r":"485","t":"16:59:37","h":"Est","s":"25N-H50N000S-80-S"},{"r":"485","t":"16:59:37","h":"Est","s":"25N-H50N000S-90-S"},{"r":"485","t":"16:59:37","h":"Est","s":"25N-H50NV10S-90-S"},{"r":"485","t":"16:59:37","h":"Est","s":"25N-H50NV20S-90-S"},{"r":"485","t":"16:59:37","h":"Est","s":"25S-H50S000S-81-S"},{"r":"218","t":"17:02:47","h":"Est","s":"25N-H60N000S-80-S"},{"r":"218","t":"17:02:47","h":"Est","s":"25N-H60N000S-98-S"},{"r":"218","t":"17:02:47","h":"Est","s":"25N-H60NV10S-98-S"},{"r":"218","t":"17:02:47","h":"Est","s":"25N-H60NV20S-98-S"},{"r":"218","t":"17:02:47","h":"Est","s":"25S-H60S000S-80-S"},{"r":"207","t":"17:11:33","h":"Sud","s":"25N-H60N000I-80-I"},{"r":"207","t":"17:11:33","h":"Sud","s":"25N-H60N100F-81-F1"},{"r":"207","t":"17:11:33","h":"Sud","s":"25N-H60N200F-81-F2"},{"r":"207","t":"17:11:33","h":"Sud","s":"25N-H60N300F-82-F3"},{"r":"207","t":"17:11:33","h":"Sud","s":"25N-H60N400F-81-F4"},{"r":"207","t":"17:11:33","h":"Sud","s":"25N-H60NV10I-80-I"},{"r":"207","t":"17:11:33","h":"Sud","s":"25N-H60NV20I-80-I"},{"r":"207","t":"17:11:33","h":"Sud","s":"25S-H60S000I-80-I"},{"r":"207","t":"17:11:33","h":"Sud","s":"25S-H60S100F-82-F1"},{"r":"207","t":"17:11:33","h":"Sud","s":"25S-H60S200F-81-F2"},{"r":"207","t":"17:15:33","h":"Sud","s":"25N-H60N000A-80-A"},{"r":"207","t":"17:15:33","h":"Sud","s":"25N-H60NV10A-80-A"},{"r":"207","t":"17:15:33","h":"Sud","s":"25N-H60NV20A-80-A"},{"r":"207","t":"17:15:33","h":"Sud","s":"25S-H60S000A-80-A"},{"r":"207","t":"17:20:33","h":"Sud","s":"25N-H60N000S-80-S"},{"r":"207","t":"17:20:33","h":"Sud","s":"25N-H60N000S-98-S"},{"r":"207","t":"17:20:33","h":"Sud","s":"25N-H60NV10S-98-S"},{"r":"207","t":"17:20:33","h":"Sud","s":"25N-H60NV20S-98-S"},{"r":"207","t":"17:20:33","h":"Sud","s":"25S-H60S000S-80-S"},{"r":"485","t":"17:30:54","h":"Est","s":"25N-H50N000S-80-S"},{"r":"485","t":"17:30:54","h":"Est","s":"25N-H50N000S-90-S"},{"r":"485","t":"17:30:54","h":"Est","s":"25N-H50NV10S-90-S"},{"r":"485","t":"17:30:54","h":"Est","s":"25N-H50NV20S-90-S"},{"r":"485","t":"17:30:54","h":"Est","s":"25S-H50S000S-81-S"},{"r":"218","t":"17:35:47","h":"Est","s":"25N-H60N000S-80-S"},{"r":"218","t":"17:35:47","h":"Est","s":"25N-H60N000S-98-S"},{"r":"218","t":"17:35:47","h":"Est","s":"25N-H60NV10S-98-S"},{"r":"218","t":"17:35:47","h":"Est","s":"25N-H60NV20S-98-S"},{"r":"218","t":"17:35:47","h":"Est","s":"25S-H60S000S-80-S"},{"r":"207","t":"17:39:33","h":"Sud","s":"25N-H60N000I-80-I"},{"r":"207","t":"17:39:33","h":"Sud","s":"25N-H60N100F-81-F1"},{"r":"207","t":"17:39:33","h":"Sud","s":"25N-H60N200F-81-F2"},{"r":"207","t":"17:39:33","h":"Sud","s":"25N-H60N300F-82-F3"},{"r":"207","t":"17:39:33","h":"Sud","s":"25N-H60N400F-81-F4"},{"r":"207","t":"17:39:33","h":"Sud","s":"25N-H60NV10I-80-I"},{"r":"207","t":"17:39:33","h":"Sud","s":"25N-H60NV20I-80-I"},{"r":"207","t":"17:39:33","h":"Sud","s":"25S-H60S000I-80-I"},{"r":"207","t":"17:39:33","h":"Sud","s":"25S-H60S100F-82-F1"},{"r":"207","t":"17:39:33","h":"Sud","s":"25S-H60S200F-81-F2"},{"r":"207","t":"17:44:33","h":"Sud","s":"25N-H60N000A-80-A"},{"r":"207","t":"17:44:33","h":"Sud","s":"25N-H60NV10A-80-A"},{"r":"207","t":"17:44:33","h":"Sud","s":"25N-H60NV20A-80-A"},{"r":"207","t":"17:44:33","h":"Sud","s":"25S-H60S000A-80-A"},{"r":"207","t":"17:50:33","h":"Sud","s":"25N-H60N000S-80-S"},{"r":"207","t":"17:50:33","h":"Sud","s":"25N-H60N000S-98-S"},{"r":"207","t":"17:50:33","h":"Sud","s":"25N-H60NV10S-98-S"},{"r":"207","t":"17:50:33","h":"Sud","s":"25N-H60NV20S-98-S"},{"r":"207","t":"17:50:33","h":"Sud","s":"25S-H60S000S-80-S"},{"r":"485","t":"18:03:54","h":"Est","s":"25N-H50N000S-80-S"},{"r":"485","t":"18:03:54","h":"Est","s":"25N-H50N000S-90-S"},{"r":"485","t":"18:03:54","h":"Est","s":"25N-H50NV10S-90-S"},{"r":"485","t":"18:03:54","h":"Est","s":"25N-H50NV20S-90-S"},{"r":"485","t":"18:03:54","h":"Est","s":"25S-H50S000S-81-S"},{"r":"218","t":"18:07:47","h":"Est","s":"25N-H60N000S-80-S"},{"r":"218","t":"18:07:47","h":"Est","s":"25N-H60N000S-98-S"},{"r":"218","t":"18:07:47","h":"Est","s":"25N-H60NV10S-98-S"},{"r":"218","t":"18:07:47","h":"Est","s":"25N-H60NV20S-98-S"},{"r":"218","t":"18:07:47","h":"Est","s":"25S-H60S000S-80-S"},{"r":"207","t":"18:08:33","h":"Sud","s":"25N-H60N000I-80-I"},{"r":"207","t":"18:08:33","h":"Sud","s":"25N-H60N100F-81-F1"},{"r":"207","t":"18:08:33","h":"Sud","s":"25N-H60N200F-81-F2"},{"r":"207","t":"18:08:33","h":"Sud","s":"25N-H60N300F-82-F3"},{"r":"207","t":"18:08:33","h":"Sud","s":"25N-H60N400F-81-F4"},{"r":"207","t":"18:08:33","h":"Sud","s":"25N-H60NV10I-80-I"},{"r":"207","t":"18:08:33","h":"Sud","s":"25N-H60NV20I-80-I"},{"r":"207","t":"18:08:33","h":"Sud","s":"25S-H60S000I-80-I"},{"r":"207","t":"18:08:33","h":"Sud","s":"25S-H60S100F-82-F1"},{"r":"207","t":"18:08:33","h":"Sud","s":"25S-H60S200F-81-F2"},{"r":"207","t":"18:14:33","h":"Sud","s":"25N-H60N000A-80-A"},{"r":"207","t":"18:14:33","h":"Sud","s":"25N-H60NV10A-80-A"},{"r":"207","t":"18:14:33","h":"Sud","s":"25N-H60NV20A-80-A"},{"r":"207","t":"18:14:33","h":"Sud","s":"25S-H60S000A-80-A"},{"r":"207","t":"18:20:33","h":"Sud","s":"25N-H60N000S-80-S"},{"r":"207","t":"18:20:33","h":"Sud","s":"25N-H60N000S-98-S"},{"r":"207","t":"18:20:33","h":"Sud","s":"25N-H60NV10S-98-S"},{"r":"207","t":"18:20:33","h":"Sud","s":"25N-H60NV20S-98-S"},{"r":"207","t":"18:20:33","h":"Sud","s":"25S-H60S000S-80-S"},{"r":"485","t":"18:30:54","h":"Est","s":"25N-H50N000S-80-S"},{"r":"485","t":"18:30:54","h":"Est","s":"25N-H50N000S-90-S"},{"r":"485","t":"18:30:54","h":"Est","s":"25N-H50NV10S-90-S"},{"r":"485","t":"18:30:54","h":"Est","s":"25N-H50NV20S-90-S"},{"r":"485","t":"18:30:54","h":"Est","s":"25S-H50S000S-81-S"},{"r":"207","t":"18:38:33","h":"Sud","s":"25N-H60N000I-80-I"},{"r":"207","t":"18:38:33","h":"Sud","s":"25N-H60N100F-81-F1"},{"r":"207","t":"18:38:33","h":"Sud","s":"25N-H60N200F-81-F2"},{"r":"207","t":"18:38:33","h":"Sud","s":"25N-H60N300F-82-F3"},{"r":"207","t":"18:38:33","h":"Sud","s":"25N-H60N400F-81-F4"},{"r":"207","t":"18:38:33","h":"Sud","s":"25N-H60NV10I-80-I"},{"r":"207","t":"18:38:33","h":"Sud","s":"25N-H60NV20I-80-I"},{"r":"207","t":"18:38:33","h":"Sud","s":"25S-H60S000I-80-I"},{"r":"207","t":"18:38:33","h":"Sud","s":"25S-H60S100F-82-F1"},{"r":"207","t":"18:38:33","h":"Sud","s":"25S-H60S200F-81-F2"},{"r":"218","t":"18:38:40","h":"Est","s":"25N-H60N000S-80-S"},{"r":"218","t":"18:38:40","h":"Est","s":"25N-H60N000S-98-S"},{"r":"218","t":"18:38:40","h":"Est","s":"25N-H60NV10S-98-S"},{"r":"218","t":"18:38:40","h":"Est","s":"25N-H60NV20S-98-S"},{"r":"218","t":"18:38:40","h":"Est","s":"25S-H60S000S-80-S"},{"r":"207","t":"18:44:33","h":"Sud","s":"25N-H60N000A-80-A"},{"r":"207","t":"18:44:33","h":"Sud","s":"25N-H60NV10A-80-A"},{"r":"207","t":"18:44:33","h":"Sud","s":"25N-H60NV20A-80-A"},{"r":"207","t":"18:44:33","h":"Sud","s":"25S-H60S000A-80-A"},{"r":"207","t":"18:48:33","h":"Sud","s":"25N-H60N000S-80-S"},{"r":"207","t":"18:48:33","h":"Sud","s":"25N-H60N000S-98-S"},{"r":"207","t":"18:48:33","h":"Sud","s":"25N-H60NV10S-98-S"},{"r":"207","t":"18:48:33","h":"Sud","s":"25N-H60NV20S-98-S"},{"r":"207","t":"18:48:33","h":"Sud","s":"25S-H60S000S-80-S"},{"r":"485","t":"18:57:54","h":"Est","s":"25N-H50N000S-80-S"},{"r":"485","t":"18:57:54","h":"Est","s":"25N-H50N000S-90-S"},{"r":"485","t":"18:57:54","h":"Est","s":"25N-H50NV10S-90-S"},{"r":"485","t":"18:57:54","h":"Est","s":"25N-H50NV20S-90-S"},{"r":"485","t":"18:57:54","h":"Est","s":"25S-H50S000S-81-S"},{"r":"207","t":"19:08:33","h":"Sud","s":"25N-H60N000I-80-I"},{"r":"207","t":"19:08:33","h":"Sud","s":"25N-H60N100F-81-F1"},{"r":"207","t":"19:08:33","h":"Sud","s":"25N-H60N200F-81-F2"},{"r":"207","t":"19:08:33","h":"Sud","s":"25N-H60N300F-82-F3"},{"r":"207","t":"19:08:33","h":"Sud","s":"25N-H60N400F-81-F4"},{"r":"207","t":"19:08:33","h":"Sud","s":"25N-H60NV10I-80-I"},{"r":"207","t":"19:08:33","h":"Sud","s":"25N-H60NV20I-80-I"},{"r":"207","t":"19:08:33","h":"Sud","s":"25S-H60S000I-80-I"},{"r":"207","t":"19:08:33","h":"Sud","s":"25S-H60S100F-82-F1"},{"r":"207","t":"19:08:33","h":"Sud","s":"25S-H60S200F-81-F2"},{"r":"218","t":"19:09:40","h":"Est","s":"25N-H60N000S-80-S"},{"r":"218","t":"19:09:40","h":"Est","s":"25N-H60N000S-98-S"},{"r":"218","t":"19:09:40","h":"Est","s":"25N-H60NV10S-98-S"},{"r":"218","t":"19:09:40","h":"Est","s":"25N-H60NV20S-98-S"},{"r":"218","t":"19:09:40","h":"Est","s":"25S-H60S000S-80-S"},{"r":"207","t":"19:13:33","h":"Sud","s":"25N-H60N000A-80-A"},{"r":"207","t":"19:13:33","h":"Sud","s":"25N-H60NV10A-80-A"},{"r":"207","t":"19:13:33","h":"Sud","s":"25N-H60NV20A-80-A"},{"r":"207","t":"19:13:33","h":"Sud","s":"25S-H60S000A-80-A"},{"r":"207","t":"19:18:33","h":"Sud","s":"25N-H60N000S-80-S"},{"r":"207","t":"19:18:33","h":"Sud","s":"25N-H60N000S-98-S"},{"r":"207","t":"19:18:33","h":"Sud","s":"25N-H60NV10S-98-S"},{"r":"207","t":"19:18:33","h":"Sud","s":"25N-H60NV20S-98-S"},{"r":"207","t":"19:18:33","h":"Sud","s":"25S-H60S000S-80-S"},{"r":"485","t":"19:23:54","h":"Est","s":"25N-H50N000S-80-S"},{"r":"485","t":"19:23:54","h":"Est","s":"25N-H50N000S-90-S"},{"r":"485","t":"19:23:54","h":"Est","s":"25N-H50NV10S-90-S"},{"r":"485","t":"19:23:54","h":"Est","s":"25N-H50NV20S-90-S"},{"r":"485","t":"19:23:54","h":"Est","s":"25S-H50S000S-81-S"},{"r":"207","t":"19:40:33","h":"Sud","s":"25N-H60N000I-80-I"},{"r":"207","t":"19:40:33","h":"Sud","s":"25N-H60N100F-81-F1"},{"r":"207","t":"19:40:33","h":"Sud","s":"25N-H60N200F-81-F2"},{"r":"207","t":"19:40:33","h":"Sud","s":"25N-H60N300F-82-F3"},{"r":"207","t":"19:40:33","h":"Sud","s":"25N-H60N400F-81-F4"},{"r":"207","t":"19:40:33","h":"Sud","s":"25N-H60NV10I-80-I"},{"r":"207","t":"19:40:33","h":"Sud","s":"25N-H60NV20I-80-I"},{"r":"207","t":"19:40:33","h":"Sud","s":"25S-H60S000I-80-I"},{"r":"207","t":"19:40:33","h":"Sud","s":"25S-H60S100F-82-F1"},{"r":"207","t":"19:40:33","h":"Sud","s":"25S-H60S200F-81-F2"},{"r":"218","t":"19:41:40","h":"Est","s":"25N-H60N000S-80-S"},{"r":"218","t":"19:41:40","h":"Est","s":"25N-H60N000S-98-S"},{"r":"218","t":"19:41:40","h":"Est","s":"25N-H60NV10S-98-S"},{"r":"218","t":"19:41:40","h":"Est","s":"25N-H60NV20S-98-S"},{"r":"218","t":"19:41:40","h":"Est","s":"25S-H60S000S-80-S"},{"r":"207","t":"19:42:33","h":"Sud","s":"25N-H60N000A-80-A"},{"r":"207","t":"19:42:33","h":"Sud","s":"25N-H60NV10A-80-A"},{"r":"207","t":"19:42:33","h":"Sud","s":"25N-H60NV20A-80-A"},{"r":"207","t":"19:42:33","h":"Sud","s":"25S-H60S000A-80-A"},{"r":"207","t":"19:48:33","h":"Sud","s":"25N-H60N000S-80-S"},{"r":"207","t":"19:48:33","h":"Sud","s":"25N-H60N000S-98-S"},{"r":"207","t":"19:48:33","h":"Sud","s":"25N-H60NV10S-98-S"},{"r":"207","t":"19:48:33","h":"Sud","s":"25N-H60NV20S-98-S"},{"r":"207","t":"19:48:33","h":"Sud","s":"25S-H60S000S-80-S"},{"r":"207","t":"20:09:33","h":"Sud","s":"25N-H60N000I-80-I"},{"r":"207","t":"20:09:33","h":"Sud","s":"25N-H60N100F-81-F1"},{"r":"207","t":"20:09:33","h":"Sud","s":"25N-H60N200F-81-F2"},{"r":"207","t":"20:09:33","h":"Sud","s":"25N-H60N300F-82-F3"},{"r":"207","t":"20:09:33","h":"Sud","s":"25N-H60N400F-81-F4"},{"r":"207","t":"20:09:33","h":"Sud","s":"25N-H60NV10I-80-I"},{"r":"207","t":"20:09:33","h":"Sud","s":"25N-H60NV20I-80-I"},{"r":"207","t":"20:09:33","h":"Sud","s":"25S-H60S000I-80-I"},{"r":"207","t":"20:09:33","h":"Sud","s":"25S-H60S100F-82-F1"},{"r":"207","t":"20:09:33","h":"Sud","s":"25S-H60S200F-81-F2"},{"r":"207","t":"20:12:33","h":"Sud","s":"25N-H60N000A-80-A"},{"r":"207","t":"20:12:33","h":"Sud","s":"25N-H60NV10A-80-A"},{"r":"207","t":"20:12:33","h":"Sud","s":"25N-H60NV20A-80-A"},{"r":"207","t":"20:12:33","h":"Sud","s":"25S-H60S000A-80-A"},{"r":"207","t":"20:18:33","h":"Sud","s":"25N-H60N000S-80-S"},{"r":"207","t":"20:18:33","h":"Sud","s":"25N-H60N000S-98-S"},{"r":"207","t":"20:18:33","h":"Sud","s":"25N-H60NV10S-98-S"},{"r":"207","t":"20:18:33","h":"Sud","s":"25N-H60NV20S-98-S"},{"r":"207","t":"20:18:33","h":"Sud","s":"25S-H60S000S-80-S"},{"r":"207","t":"20:40:33","h":"Sud","s":"25N-H60N000I-80-I"},{"r":"207","t":"20:40:33","h":"Sud","s":"25N-H60N100F-81-F1"},{"r":"207","t":"20:40:33","h":"Sud","s":"25N-H60N200F-81-F2"},{"r":"207","t":"20:40:33","h":"Sud","s":"25N-H60N300F-82-F3"},{"r":"207","t":"20:40:33","h":"Sud","s":"25N-H60N400F-81-F4"},{"r":"207","t":"20:40:33","h":"Sud","s":"25N-H60NV10I-80-I"},{"r":"207","t":"20:40:33","h":"Sud","s":"25N-H60NV20I-80-I"},{"r":"207","t":"20:40:33","h":"Sud","s":"25S-H60S000I-80-I"},{"r":"207","t":"20:40:33","h":"Sud","s":"25S-H60S100F-82-F1"},{"r":"207","t":"20:40:33","h":"Sud","s":"25S-H60S200F-81-F2"},{"r":"207","t":"20:42:33","h":"Sud","s":"25N-H60N000A-80-A"},{"r":"207","t":"20:42:33","h":"Sud","s":"25N-H60NV10A-80-A"},{"r":"207","t":"20:42:33","h":"Sud","s":"25N-H60NV20A-80-A"},{"r":"207","t":"20:42:33","h":"Sud","s":"25S-H60S000A-80-A"},{"r":"207","t":"20:48:33","h":"Sud","s":"25N-H60N000S-80-S"},{"r":"207","t":"20:48:33","h":"Sud","s":"25N-H60N000S-98-S"},{"r":"207","t":"20:48:33","h":"Sud","s":"25N-H60NV10S-98-S"},{"r":"207","t":"20:48:33","h":"Sud","s":"25N-H60NV20S-98-S"},{"r":"207","t":"20:48:33","h":"Sud","s":"25S-H60S000S-80-S"},{"r":"207","t":"21:11:33","h":"Sud","s":"25N-H60N000I-80-I"},{"r":"207","t":"21:11:33","h":"Sud","s":"25N-H60N100F-81-F1"},{"r":"207","t":"21:11:33","h":"Sud","s":"25N-H60N200F-81-F2"},{"r":"207","t":"21:11:33","h":"Sud","s":"25N-H60N300F-82-F3"},{"r":"207","t":"21:11:33","h":"Sud","s":"25N-H60N400F-81-F4"},{"r":"207","t":"21:11:33","h":"Sud","s":"25N-H60NV10I-80-I"},{"r":"207","t":"21:11:33","h":"Sud","s":"25N-H60NV20I-80-I"},{"r":"207","t":"21:11:33","h":"Sud","s":"25S-H60S000I-80-I"},{"r":"207","t":"21:11:33","h":"Sud","s":"25S-H60S100F-82-F1"},{"r":"207","t":"21:11:33","h":"Sud","s":"25S-H60S200F-81-F2"},{"r":"207","t":"21:12:33","h":"Sud","s":"25N-H60N000A-80-A"},{"r":"207","t":"21:12:33","h":"Sud","s":"25N-H60NV10A-80-A"},{"r":"207","t":"21:12:33","h":"Sud","s":"25N-H60NV20A-80-A"},{"r":"207","t":"21:12:33","h":"Sud","s":"25S-H60S000A-80-A"},{"r":"207","t":"21:17:33","h":"Sud","s":"25N-H60N000S-80-S"},{"r":"207","t":"21:17:33","h":"Sud","s":"25N-H60N000S-98-S"},{"r":"207","t":"21:17:33","h":"Sud","s":"25N-H60NV10S-98-S"},{"r":"207","t":"21:17:33","h":"Sud","s":"25N-H60NV20S-98-S"},{"r":"207","t":"21:17:33","h":"Sud","s":"25S-H60S000S-80-S"},{"r":"207","t":"21:42:33","h":"Sud","s":"25N-H60N000I-80-I"},{"r":"207","t":"21:42:33","h":"Sud","s":"25N-H60N100F-81-F1"},{"r":"207","t":"21:42:33","h":"Sud","s":"25N-H60N200F-81-F2"},{"r":"207","t":"21:42:33","h":"Sud","s":"25N-H60N300F-82-F3"},{"r":"207","t":"21:42:33","h":"Sud","s":"25N-H60N400F-81-F4"},{"r":"207","t":"21:42:33","h":"Sud","s":"25N-H60NV10I-80-I"},{"r":"207","t":"21:42:33","h":"Sud","s":"25N-H60NV20I-80-I"},{"r":"207","t":"21:42:33","h":"Sud","s":"25S-H60S000I-80-I"},{"r":"207","t":"21:42:33","h":"Sud","s":"25S-H60S100F-82-F1"},{"r":"207","t":"21:42:33","h":"Sud","s":"25S-H60S200F-81-F2"},{"r":"207","t":"21:44:33","h":"Sud","s":"25N-H60N000A-80-A"},{"r":"207","t":"21:44:33","h":"Sud","s":"25N-H60NV10A-80-A"},{"r":"207","t":"21:44:33","h":"Sud","s":"25N-H60NV20A-80-A"},{"r":"207","t":"21:44:33","h":"Sud","s":"25S-H60S000A-80-A"},{"r":"207","t":"21:47:33","h":"Sud","s":"25N-H60N000S-80-S"},{"r":"207","t":"21:47:33","h":"Sud","s":"25N-H60N000S-98-S"},{"r":"207","t":"21:47:33","h":"Sud","s":"25N-H60NV10S-98-S"},{"r":"207","t":"21:47:33","h":"Sud","s":"25N-H60NV20S-98-S"},{"r":"207","t":"21:47:33","h":"Sud","s":"25S-H60S000S-80-S"},{"r":"207","t":"22:13:33","h":"Sud","s":"25N-H60N000I-80-I"},{"r":"207","t":"22:13:33","h":"Sud","s":"25N-H60N100F-81-F1"},{"r":"207","t":"22:13:33","h":"Sud","s":"25N-H60N200F-81-F2"},{"r":"207","t":"22:13:33","h":"Sud","s":"25N-H60N300F-82-F3"},{"r":"207","t":"22:13:33","h":"Sud","s":"25N-H60N400F-81-F4"},{"r":"207","t":"22:13:33","h":"Sud","s":"25N-H60NV10I-80-I"},{"r":"207","t":"22:13:33","h":"Sud","s":"25N-H60NV20I-80-I"},{"r":"207","t":"22:13:33","h":"Sud","s":"25S-H60S000I-80-I"},{"r":"207","t":"22:13:33","h":"Sud","s":"25S-H60S100F-82-F1"},{"r":"207","t":"22:13:33","h":"Sud","s":"25S-H60S200F-81-F2"},{"r":"207","t":"22:15:33","h":"Sud","s":"25N-H60N000A-80-A"},{"r":"207","t":"22:15:33","h":"Sud","s":"25N-H60NV10A-80-A"},{"r":"207","t":"22:15:33","h":"Sud","s":"25N-H60NV20A-80-A"},{"r":"207","t":"22:15:33","h":"Sud","s":"25S-H60S000A-80-A"},{"r":"207","t":"22:19:33","h":"Sud","s":"25N-H60N000S-80-S"},{"r":"207","t":"22:19:33","h":"Sud","s":"25N-H60N000S-98-S"},{"r":"207","t":"22:19:33","h":"Sud","s":"25N-H60NV10S-98-S"},{"r":"207","t":"22:19:33","h":"Sud","s":"25N-H60NV20S-98-S"},{"r":"207","t":"22:19:33","h":"Sud","s":"25S-H60S000S-80-S"},{"r":"207","t":"23:11:33","h":"Sud","s":"25N-H60N000I-80-I"},{"r":"207","t":"23:11:33","h":"Sud","s":"25N-H60N100F-81-F1"},{"r":"207","t":"23:11:33","h":"Sud","s":"25N-H60N200F-81-F2"},{"r":"207","t":"23:11:33","h":"Sud","s":"25N-H60N300F-82-F3"},{"r":"207","t":"23:11:33","h":"Sud","s":"25N-H60N400F-81-F4"},{"r":"207","t":"23:11:33","h":"Sud","s":"25N-H60NV10I-80-I"},{"r":"207","t":"23:11:33","h":"Sud","s":"25N-H60NV20I-80-I"},{"r":"207","t":"23:11:33","h":"Sud","s":"25S-H60S000I-80-I"},{"r":"207","t":"23:11:33","h":"Sud","s":"25S-H60S100F-82-F1"},{"r":"207","t":"23:11:33","h":"Sud","s":"25S-H60S200F-81-F2"},{"r":"207","t":"23:15:33","h":"Sud","s":"25N-H60N000A-80-A"},{"r":"207","t":"23:15:33","h":"Sud","s":"25N-H60NV10A-80-A"},{"r":"207","t":"23:15:33","h":"Sud","s":"25N-H60NV20A-80-A"},{"r":"207","t":"23:15:33","h":"Sud","s":"25S-H60S000A-80-A"},{"r":"207","t":"23:18:33","h":"Sud","s":"25N-H60N000S-80-S"},{"r":"207","t":"23:18:33","h":"Sud","s":"25N-H60N000S-98-S"},{"r":"207","t":"23:18:33","h":"Sud","s":"25N-H60NV10S-98-S"},{"r":"207","t":"23:18:33","h":"Sud","s":"25N-H60NV20S-98-S"},{"r":"207","t":"23:18:33","h":"Sud","s":"25S-H60S000S-80-S"},{"r":"207","t":"24:12:33","h":"Sud","s":"25N-H60N000A-80-A"},{"r":"207","t":"24:12:33","h":"Sud","s":"25N-H60NV10A-80-A"},{"r":"207","t":"24:12:33","h":"Sud","s":"25N-H60NV20A-80-A"},{"r":"207","t":"24:12:33","h":"Sud","s":"25S-H60S000A-80-A"},{"r":"207","t":"24:17:27","h":"Sud","s":"25N-H60N000S-80-S"},{"r":"207","t":"24:17:27","h":"Sud","s":"25N-H60N000S-98-S"},{"r":"207","t":"24:17:27","h":"Sud","s":"25N-H60NV10S-98-S"},{"r":"207","t":"24:17:27","h":"Sud","s":"25N-H60NV20S-98-S"},{"r":"207","t":"24:17:27","h":"Sud","s":"25S-H60S000S-80-S"},{"r":"207","t":"24:17:33","h":"Sud","s":"25N-H60N000I-80-I"},{"r":"207","t":"24:17:33","h":"Sud","s":"25N-H60N100F-81-F1"},{"r":"207","t":"24:17:33","h":"Sud","s":"25N-H60N200F-81-F2"},{"r":"207","t":"24:17:33","h":"Sud","s":"25N-H60N300F-82-F3"},{"r":"207","t":"24:17:33","h":"Sud","s":"25N-H60N400F-81-F4"},{"r":"207","t":"24:17:33","h":"Sud","s":"25N-H60NV10I-80-I"},{"r":"207","t":"24:17:33","h":"Sud","s":"25N-H60NV20I-80-I"},{"r":"207","t":"24:17:33","h":"Sud","s":"25S-H60S000I-80-I"},{"r":"207","t":"24:17:33","h":"Sud","s":"25S-H60S100F-82-F1"},{"r":"207","t":"24:17:33","h":"Sud","s":"25S-H60S200F-81-F2"}]