[{"r":"207","t":"05:21:24","h":"Nord","s":"25N-H60N000S-80-S"},{"r":"207","t":"05:21:24","h":"Nord","s":"25N-H60N000S-98-S"},{"r":"207","t":"05:21:24","h":"Nord","s":"25N-H60NV10S-98-S"},{"r":"207","t":"05:21:24","h":"Nord","s":"25N-H60NV20S-98-S"},{"r":"207","t":"05:21:24","h":"Nord","s":"25S-H60S000S-80-S"},{"r":"207","t":"05:50:24","h":"Nord","s":"25N-H60N000A-80-A"},{"r":"207","t":"05:50:24","h":"Nord","s":"25N-H60NV10A-80-A"},{"r":"207","t":"05:50:24","h":"Nord","s":"25N-H60NV20A-80-A"},{"r":"207","t":"05:50:24","h":"Nord","s":"25S-H60S000A-80-A"},{"r":"207","t":"05:52:24","h":"Nord","s":"25N-H60N000S-80-S"},{"r":"207","t":"05:52:24","h":"Nord","s":"25N-H60N000S-98-S"},{"r":"207","t":"05:52:24","h":"Nord","s":"25N-H60NV10S-98-S"},{"r":"207","t":"05:52:24","h":"Nord","s":"25N-H60NV20S-98-S"},{"r":"207","t":"05:52:24","h":"Nord","s":"25S-H60S000S-80-S"},{"r":"207","t":"06:21:24","h":"Nord","s":"25N-H60N000A-80-A"},{"r":"207","t":"06:21:24","h":"Nord","s":"25N-H60NV10A-80-A"},{"r":"207","t":"06:21:24","h":"Nord","s":"25N-H60NV20A-80-A"},{"r":"207","t":"06:21:24","h":"Nord","s":"25S-H60S000A-80-A"},{"r":"207","t":"06:24:24","h":"Nord","s":"25N-H50N000S-80-S"},{"r":"207","t":"06:24:24","h":"Nord","s":"25N-H50N000S-90-S"},{"r":"207","t":"06:24:24","h":"Nord","s":"25N-H50NV10S-90-S"},{"r":"207","t":"06:24:24","h":"Nord","s":"25N-H50NV20S-90-S"},{"r":"207","t":"06:24:24","h":"Nord","s":"25S-H50S000S-81-S"},{"r":"207","t":"06:51:24","h":"Nord","s":"25N-H60N000A-80-A"},{"r":"207","t":"06:51:24","h":"Nord","s":"25N-H60NV10A-80-A"},{"r":"207","t":"06:51:24","h":"Nord","s":"25N-H60NV20A-80-A"},{"r":"207","t":"06:51:24","h":"Nord","s":"25S-H60S000A-80-A"},{"r":"207","t":"06:56:24","h":"Nord","s":"25N-H60N000S-80-S"},{"r":"207","t":"06:56:24","h":"Nord","s":"25N-H60N000S-98-S"},{"r":"207","t":"06:56:24","h":"Nord","s":"25N-H60NV10S-98-S"},{"r":"207","t":"06:56:24","h":"Nord","s":"25N-H60NV20S-98-S"},{"r":"207","t":"06:56:24","h":"Nord","s":"25S-H60S000S-80-S"},{"r":"407","t":"07:12:05","h":"Ouest","s":"25N-H60N000S-80-S"},{"r":"407","t":"07:12:05","h":"Ouest","s":"25N-H60N000S-98-S"},{"r":"407","t":"07:12:05","h":"Ouest","s":"25N-H60NV10S-98-S"},{"r":"407","t":"07:12:05","h":"Ouest","s":"25N-H60NV20S-98-S"},{"r":"407","t":"07:12:05","h":"Ouest","s":"25S-H60S000S-80-S"},{"r":"207","t":"07:21:00","h":"Nord","s":"25N-H60N000I-80-I"},{"r":"207","t":"07:21:00","h":"Nord","s":"25N-H60N100F-81-F1"},{"r":"207","t":"07:21:00","h":"Nord","s":"25N-H60N200F-81-F2"},{"r":"207","t":"07:21:00","h":"Nord","s":"25N-H60N300F-82-F3"},{"r":"207","t":"07:21:00","h":"Nord","s":"25N-H60N400F-81-F4"},{"r":"207","t":"07:21:00","h":"Nord","s":"25N-H60NV10I-80-I"},{"r":"207","t":"07:21:00","h":"Nord","s":"25N-H60NV20I-80-I"},{"r":"207","t":"07:21:00","h":"Nord","s":"25S-H60S000I-80-I"},{"r":"207","t":"07:21:00","h":"Nord","s":"25S-H60S100F-82-F1"},{"r":"207","t":"07:21:00","h":"Nord","s":"25S-H60S200F-81-F2"},{"r":"207","t":"07:22:24","h":"Nord","s":"25N-H60N000A-80-A"},{"r":"207","t":"07:22:24","h":"Nord","s":"25N-H60NV10A-80-A"},{"r":"207","t":"07:22:24","h":"Nord","s":"25N-H60NV20A-80-A"},{"r":"207","t":"07:22:24","h":"Nord","s":"25S-H60S000A-80-A"},{"r":"207","t":"07:28:24","h":"Nord","s":"25N-H60N000S-80-S"},{"r":"207","t":"07:28:24","h":"Nord","s":"25N-H60N000S-98-S"},{"r":"207","t":"07:28:24","h":"Nord","s":"25N-H60NV10S-98-S"},{"r":"207","t":"07:28:24","h":"Nord","s":"25N-H60NV20S-98-S"},{"r":"207","t":"07:28:24","h":"Nord","s":"25S-H60S000S-80-S"},{"r":"407","t":"07:50:32","h":"Ouest","s":"25N-H60N000S-80-S"},{"r":"407","t":"07:50:32","h":"Ouest","s":"25N-H60N000S-98-S"},{"r":"407","t":"07:50:32","h":"Ouest","s":"25N-H60NV10S-98-S"},{"r":"407","t":"07:50:32","h":"Ouest","s":"25N-H60NV20S-98-S"},{"r":"407","t":"07:50:32","h":"Ouest","s":"25S-H60S000S-80-S"},{"r":"207","t":"07:51:00","h":"Nord","s":"25N-H60N000I-80-I"},{"r":"207","t":"07:51:00","h":"Nord","s":"25N-H60N100F-81-F1"},{"r":"207","t":"07:51:00","h":"Nord","s":"25N-H60N200F-81-F2"},{"r":"207","t":"07:51:00","h":"Nord","s":"25N-H60N300F-82-F3"},{"r":"207","t":"07:51:00","h":"Nord","s":"25N-H60N400F-81-F4"},{"r":"207","t":"07:51:00","h":"Nord","s":"25N-H60NV10I-80-I"},{"r":"207","t":"07:51:00","h":"Nord","s":"25N-H60NV20I-80-I"},{"r":"207","t":"07:51:00","h":"Nord","s":"25S-H60S000I-80-I"},{"r":"207","t":"07:51:00","h":"Nord","s":"25S-H60S100F-82-F1"},{"r":"207","t":"07:51:00","h":"Nord","s":"25S-H60S200F-81-F2"},{"r":"207","t":"07:52:24","h":"Nord","s":"25N-H60N000A-80-A"},{"r":"207","t":"07:52:24","h":"Nord","s":"25N-H60NV10A-80-A"},{"r":"207","t":"07:52:24","h":"Nord","s":"25N-H60NV20A-80-A"},{"r":"207","t":"07:52:24","h":"Nord","s":"25S-H60S000A-80-A"},{"r":"207","t":"07:57:24","h":"Nord","s":"25N-H60N000S-80-S"},{"r":"207","t":"07:57:24","h":"Nord","s":"25N-H60N000S-98-S"},{"r":"207","t":"07:57:24","h":"Nord","s":"25N-H60NV10S-98-S"},{"r":"207","t":"07:57:24","h":"Nord","s":"25N-H60NV20S-98-S"},{"r":"207","t":"07:57:24","h":"Nord","s":"25S-H60S000S-80-S"},{"r":"207","t":"08:21:00","h":"Nord","s":"25N-H60N000I-80-I"},{"r":"207","t":"08:21:00","h":"Nord","s":"25N-H60N100F-81-F1"},{"r":"207","t":"08:21:00","h":"Nord","s":"25N-H60N200F-81-F2"},{"r":"207","t":"08:21:00","h":"Nord","s":"25N-H60N300F-82-F3"},{"r":"207","t":"08:21:00","h":"Nord","s":"25N-H60N400F-81-F4"},{"r":"207","t":"08:21:00","h":"Nord","s":"25N-H60NV10I-80-I"},{"r":"207","t":"08:21:00","h":"Nord","s":"25N-H60NV20I-80-I"},{"r":"207","t":"08:21:00","h":"Nord","s":"25S-H60S000I-80-I"},{"r":"207","t":"08:21:00","h":"Nord","s":"25S-H60S100F-82-F1"},{"r":"207","t":"08:21:00","h":"Nord","s":"25S-H60S200F-81-F2"},{"r":"207","t":"08:22:24","h":"Nord","s":"25N-H60N000A-80-A"},{"r":"207","t":"08:22:24","h":"Nord","s":"25N-H60NV10A-80-A"},{"r":"207","t":"08:22:24","h":"Nord","s":"25N-H60NV20A-80-A"},{"r":"207","t":"08:22:24","h":"Nord","s":"25S-H60S000A-80-A"},{"r":"407","t":"08:25:32","h":"Ouest","s":"25N-H60N000S-80-S"},{"r":"407","t":"08:25:32","h":"Ouest","s":"25N-H60N000S-98-S"},{"r":"407","t":"08:25:32","h":"Ouest","s":"25N-H60NV10S-98-S"},{"r":"407","t":"08:25:32","h":"Ouest","s":"25N-H60NV20S-98-S"},{"r":"407","t":"08:25:32","h":"Ouest","s":"25S-H60S000S-80-S"},{"r":"207","t":"08:28:24","h":"Nord","s":"25N-H60N000S-80-S"},{"r":"207","t":"08:28:24","h":"Nord","s":"25N-H60N000S-98-S"},{"r":"207","t":"08:28:24","h":"Nord","s":"25N-H60NV10S-98-S"},{"r":"207","t":"08:28:24","h":"Nord","s":"25N-H60NV20S-98-S"},{"r":"207","t":"08:28:24","h":"Nord","s":"25S-H60S000S-80-S"},{"r":"207","t":"08:51:00","h":"Nord","s":"25N-H60N000I-80-I"},{"r":"207","t":"08:51:00","h":"Nord","s":"25N-H60N100F-81-F1"},{"r":"207","t":"08:51:00","h":"Nord","s":"25N-H60N200F-81-F2"},{"r":"207","t":"08:51:00","h":"Nord","s":"25N-H60N300F-82-F3"},{"r":"207","t":"08:51:00","h":"Nord","s":"25N-H60N400F-81-F4"},{"r":"207","t":"08:51:00","h":"Nord","s":"25N-H60NV10I-80-I"},{"r":"207","t":"08:51:00","h":"Nord","s":"25N-H60NV20I-80-I"},{"r":"207","t":"08:51:00","h":"Nord","s":"25S-H60S000I-80-I"},{"r":"207","t":"08:51:00","h":"Nord","s":"25S-H60S100F-82-F1"},{"r":"207","t":"08:51:00","h":"Nord","s":"25S-H60S200F-81-F2"},{"r":"207","t":"08:52:24","h":"Nord","s":"25N-H60N000A-80-A"},{"r":"207","t":"08:52:24","h":"Nord","s":"25N-H60NV10A-80-A"},{"r":"207","t":"08:52:24","h":"Nord","s":"25N-H60NV20A-80-A"},{"r":"207","t":"08:52:24","h":"Nord","s":"25S-H60S000A-80-A"},{"r":"207","t":"08:58:24","h":"Nord","s":"25N-H60N000S-80-S"},{"r":"207","t":"08:58:24","h":"Nord","s":"25N-H60N000S-98-S"},{"r":"207","t":"08:58:24","h":"Nord","s":"25N-H60NV10S-98-S"},{"r":"207","t":"08:58:24","h":"Nord","s":"25N-H60NV20S-98-S"},{"r":"207","t":"08:58:24","h":"Nord","s":"25S-H60S000S-80-S"},{"r":"407","t":"09:04:32","h":"Ouest","s":"25N-H60N000S-80-S"},{"r":"407","t":"09:04:32","h":"Ouest","s":"25N-H60N000S-98-S"},{"r":"407","t":"09:04:32","h":"Ouest","s":"25N-H60NV10S-98-S"},{"r":"407","t":"09:04:32","h":"Ouest","s":"25N-H60NV20S-98-S"},{"r":"407","t":"09:04:32","h":"Ouest","s":"25S-H60S000S-80-S"},{"r":"207","t":"09:21:00","h":"Nord","s":"25N-H60N000I-80-I"},{"r":"207","t":"09:21:00","h":"Nord","s":"25N-H60N100F-81-F1"},{"r":"207","t":"09:21:00","h":"Nord","s":"25N-H60N200F-81-F2"},{"r":"207","t":"09:21:00","h":"Nord","s":"25N-H60N300F-82-F3"},{"r":"207","t":"09:21:00","h":"Nord","s":"25N-H60N400F-81-F4"},{"r":"207","t":"09:21:00","h":"Nord","s":"25N-H60NV10I-80-I"},{"r":"207","t":"09:21:00","h":"Nord","s":"25N-H60NV20I-80-I"},{"r":"207","t":"09:21:00","h":"Nord","s":"25S-H60S000I-80-I"},{"r":"207","t":"09:21:00","h":"Nord","s":"25S-H60S100F-82-F1"},{"r":"207","t":"09:21:00","h":"Nord","s":"25S-H60S200F-81-F2"},{"r":"207","t":"09:23:24","h":"Nord","s":"25N-H60N000A-80-A"},{"r":"207","t":"09:23:24","h":"Nord","s":"25N-H60NV10A-80-A"},{"r":"207","t":"09:23:24","h":"Nord","s":"25N-H60NV20A-80-A"},{"r":"207","t":"09:23:24","h":"Nord","s":"25S-H60S000A-80-A"},{"r":"207","t":"09:28:24","h":"Nord","s":"25N-H60N000S-80-S"},{"r":"207","t":"09:28:24","h":"Nord","s":"25N-H60N000S-98-S"},{"r":"207","t":"09:28:24","h":"Nord","s":"25N-H60NV10S-98-S"},{"r":"207","t":"09:28:24","h":"Nord","s":"25N-H60NV20S-98-S"},{"r":"207","t":"09:28:24","h":"Nord","s":"25S-H60S000S-80-S"},{"r":"207","t":"09:51:00","h":"Nord","s":"25N-H60N000I-80-I"},{"r":"207","t":"09:51:00","h":"Nord","s":"25N-H60N100F-81-F1"},{"r":"207","t":"09:51:00","h":"Nord","s":"25N-H60N200F-81-F2"},{"r":"207","t":"09:51:00","h":"Nord","s":"25N-H60N300F-82-F3"},{"r":"207","t":"09:51:00","h":"Nord","s":"25N-H60N400F-81-F4"},{"r":"207","t":"09:51:00","h":"Nord","s":"25N-H60NV10I-80-I"},{"r":"207","t":"09:51:00","h":"Nord","s":"25N-H60NV20I-80-I"},{"r":"207","t":"09:51:00","h":"Nord","s":"25S-H60S000I-80-I"},{"r":"207","t":"09:51:00","h":"Nord","s":"25S-H60S100F-82-F1"},{"r":"207","t":"09:51:00","h":"Nord","s":"25S-H60S200F-81-F2"},{"r":"207","t":"09:53:24","h":"Nord","s":"25N-H60N000A-80-A"},{"r":"207","t":"09:53:24","h":"Nord","s":"25N-H60NV10A-80-A"},{"r":"207","t":"09:53:24","h":"Nord","s":"25N-H60NV20A-80-A"},{"r":"207","t":"09:53:24","h":"Nord","s":"25S-H60S000A-80-A"},{"r":"207","t":"09:58:24","h":"Nord","s":"25N-H60N000S-80-S"},{"r":"207","t":"09:58:24","h":"Nord","s":"25N-H60N000S-98-S"},{"r":"207","t":"09:58:24","h":"Nord","s":"25N-H60NV10S-98-S"},{"r":"207","t":"09:58:24","h":"Nord","s":"25N-H60NV20S-98-S"},{"r":"207","t":"09:58:24","h":"Nord","s":"25S-H60S000S-80-S"},{"r":"207","t":"10:22:24","h":"Nord","s":"25N-H60N000I-80-I"},{"r":"207","t":"10:22:24","h":"Nord","s":"25N-H60N100F-81-F1"},{"r":"207","t":"10:22:24","h":"Nord","s":"25N-H60N200F-81-F2"},{"r":"207","t":"10:22:24","h":"Nord","s":"25N-H60N300F-82-F3"},{"r":"207","t":"10:22:24","h":"Nord","s":"25N-H60N400F-81-F4"},{"r":"207","t":"10:22:24","h":"Nord","s":"25N-H60NV10I-80-I"},{"r":"207","t":"10:22:24","h":"Nord","s":"25N-H60NV20I-80-I"},{"r":"207","t":"10:22:24","h":"Nord","s":"25S-H60S000I-80-I"},{"r":"207","t":"10:22:24","h":"Nord","s":"25S-H60S100F-82-F1"},{"r":"207","t":"10:22:24","h":"Nord","s":"25S-H60S200F-81-F2"},{"r":"207","t":"10:23:24","h":"Nord","s":"25N-H60N000A-80-A"},{"r":"207","t":"10:23:24","h":"Nord","s":"25N-H60NV10A-80-A"},{"r":"207","t":"10:23:24","h":"Nord","s":"25N-H60NV20A-80-A"},{"r":"207","t":"10:23:24","h":"Nord","s":"25S-H60S000A-80-A"},{"r":"207","t":"10:28:24","h":"Nord","s":"25N-H60N000S-80-S"},{"r":"207","t":"10:28:24","h":"Nord","s":"25N-H60N000S-98-S"},{"r":"207","t":"10:28:24","h":"Nord","s":"25N-H60NV10S-98-S"},{"r":"207","t":"10:28:24","h":"Nord","s":"25N-H60NV20S-98-S"},{"r":"207","t":"10:28:24","h":"Nord","s":"25S-H60S000S-80-S"},{"r":"207","t":"10:52:24","h":"Nord","s":"25N-H60N000I-80-I"},{"r":"207","t":"10:52:24","h":"Nord","s":"25N-H60N100F-81-F1"},{"r":"207","t":"10:52:24","h":"Nord","s":"25N-H60N200F-81-F2"},{"r":"207","t":"10:52:24","h":"Nord","s":"25N-H60N300F-82-F3"},{"r":"207","t":"10:52:24","h":"Nord","s":"25N-H60N400F-81-F4"},{"r":"207","t":"10:52:24","h":"Nord","s":"25N-H60NV10I-80-I"},{"r":"207","t":"10:52:24","h":"Nord","s":"25N-H60NV20I-80-I"},{"r":"207","t":"10:52:24","h":"Nord","s":"25S-H60S000I-80-I"},{"r":"207","t":"10:52:24","h":"Nord","s":"25S-H60S100F-82-F1"},{"r":"207","t":"10:52:24","h":"Nord","s":"25S-H60S200F-81-F2"},{"r":"207","t":"10:53:24","h":"Nord","s":"25N-H60N000A-80-A"},{"r":"207","t":"10:53:24","h":"Nord","s":"25N-H60NV10A-80-A"},{"r":"207","t":"10:53:24","h":"Nord","s":"25N-H60NV20A-80-A"},{"r":"207","t":"10:53:24","h":"Nord","s":"25S-H60S000A-80-A"},{"r":"207","t":"10:59:24","h":"Nord","s":"25N-H60N000S-80-S"},{"r":"207","t":"10:59:24","h":"Nord","s":"25N-H60N000S-98-S"},{"r":"207","t":"10:59:24","h":"Nord","s":"25N-H60NV10S-98-S"},{"r":"207","t":"10:59:24","h":"Nord","s":"25N-H60NV20S-98-S"},{"r":"207","t":"10:59:24","h":"Nord","s":"25S-H60S000S-80-S"},{"r":"207","t":"11:22:24","h":"Nord","s":"25N-H60N000I-80-I"},{"r":"207","t":"11:22:24","h":"Nord","s":"25N-H60N100F-81-F1"},{"r":"207","t":"11:22:24","h":"Nord","s":"25N-H60N200F-81-F2"},{"r":"207","t":"11:22:24","h":"Nord","s":"25N-H60N300F-82-F3"},{"r":"207","t":"11:22:24","h":"Nord","s":"25N-H60N400F-81-F4"},{"r":"207","t":"11:22:24","h":"Nord","s":"25N-H60NV10I-80-I"},{"r":"207","t":"11:22:24","h":"Nord","s":"25N-H60NV20I-80-I"},{"r":"207","t":"11:22:24","h":"Nord","s":"25S-H60S000I-80-I"},{"r":"207","t":"11:22:24","h":"Nord","s":"25S-H60S100F-82-F1"},{"r":"207","t":"11:22:24","h":"Nord","s":"25S-H60S200F-81-F2"},{"r":"207","t":"11:23:24","h":"Nord","s":"25N-H60N000A-80-A"},{"r":"207","t":"11:23:24","h":"Nord","s":"25N-H60NV10A-80-A"},{"r":"207","t":"11:23:24","h":"Nord","s":"25N-H60NV20A-80-A"},{"r":"207","t":"11:23:24","h":"Nord","s":"25S-H60S000A-80-A"},{"r":"207","t":"11:28:24","h":"Nord","s":"25N-H60N000S-80-S"},{"r":"207","t":"11:28:24","h":"Nord","s":"25N-H60N000S-98-S"},{"r":"207","t":"11:28:24","h":"Nord","s":"25N-H60NV10S-98-S"},{"r":"207","t":"11:28:24","h":"Nord","s":"25N-H60NV20S-98-S"},{"r":"207","t":"11:28:24","h":"Nord","s":"25S-H60S000S-80-S"},{"r":"207","t":"11:52:24","h":"Nord","s":"25N-H60N000I-80-I"},{"r":"207","t":"11:52:24","h":"Nord","s":"25N-H60N100F-81-F1"},{"r":"207","t":"11:52:24","h":"Nord","s":"25N-H60N200F-81-F2"},{"r":"207","t":"11:52:24","h":"Nord","s":"25N-H60N300F-82-F3"},{"r":"207","t":"11:52:24","h":"Nord","s":"25N-H60N400F-81-F4"},{"r":"207","t":"11:52:24","h":"Nord","s":"25N-H60NV10I-80-I"},{"r":"207","t":"11:52:24","h":"Nord","s":"25N-H60NV20I-80-I"},{"r":"207","t":"11:52:24","h":"Nord","s":"25S-H60S000I-80-I"},{"r":"207","t":"11:52:24","h":"Nord","s":"25S-H60S100F-82-F1"},{"r":"207","t":"11:52:24","h":"Nord","s":"25S-H60S200F-81-F2"},{"r":"207","t":"11:54:24","h":"Nord","s":"25N-H60N000A-80-A"},{"r":"207","t":"11:54:24","h":"Nord","s":"25N-H60NV10A-80-A"},{"r":"207","t":"11:54:24","h":"Nord","s":"25N-H60NV20A-80-A"},{"r":"207","t":"11:54:24","h":"Nord","s":"25S-H60S000A-80-A"},{"r":"207","t":"11:58:24","h":"Nord","s":"25N-H60N000S-80-S"},{"r":"207","t":"11:58:24","h":"Nord","s":"25N-H60N000S-98-S"},{"r":"207","t":"11:58:24","h":"Nord","s":"25N-H60NV10S-98-S"},{"r":"207","t":"11:58:24","h":"Nord","s":"25N-H60NV20S-98-S"},{"r":"207","t":"11:58:24","h":"Nord","s":"25S-H60S000S-80-S"},{"r":"207","t":"12:24:24","h":"Nord","s":"25N-H60N000A-80-A"},{"r":"207","t":"12:24:24","h":"Nord","s":"25N-H60N000I-80-I"},{"r":"207","t":"12:24:24","h":"Nord","s":"25N-H60N100F-81-F1"},{"r":"207","t":"12:24:24","h":"Nord","s":"25N-H60N200F-81-F2"},{"r":"207","t":"12:24:24","h":"Nord","s":"25N-H60N300F-82-F3"},{"r":"207","t":"12:24:24","h":"Nord","s":"25N-H60N400F-81-F4"},{"r":"207","t":"12:24:24","h":"Nord","s":"25N-H60NV10A-80-A"},{"r":"207","t":"12:24:24","h":"Nord","s":"25N-H60NV10I-80-I"},{"r":"207","t":"12:24:24","h":"Nord","s":"25N-H60NV20A-80-A"},{"r":"207","t":"12:24:24","h":"Nord","s":"25N-H60NV20I-80-I"},{"r":"207","t":"12:24:24","h":"Nord","s":"25S-H60S000A-80-A"},{"r":"207","t":"12:24:24","h":"Nord","s":"25S-H60S000I-80-I"},{"r":"207","t":"12:24:24","h":"Nord","s":"25S-H60S100F-82-F1"},{"r":"207","t":"12:24:24","h":"Nord","s":"25S-H60S200F-81-F2"},{"r":"207","t":"12:28:24","h":"Nord","s":"25N-H60N000S-80-S"},{"r":"207","t":"12:28:24","h":"Nord","s":"25N-H60N000S-98-S"},{"r":"207","t":"12:28:24","h":"Nord","s":"25N-H60NV10S-98-S"},{"r":"207","t":"12:28:24","h":"Nord","s":"25N-H60NV20S-98-S"},{"r":"207","t":"12:28:24","h":"Nord","s":"25S-H60S000S-80-S"},{"r":"207","t":"12:54:24","h":"Nord","s":"25N-H60N000A-80-A"},{"r":"207","t":"12:54:24","h":"Nord","s":"25N-H60N000I-80-I"},{"r":"207","t":"12:54:24","h":"Nord","s":"25N-H60N100F-81-F1"},{"r":"207","t":"12:54:24","h":"Nord","s":"25N-H60N200F-81-F2"},{"r":"207","t":"12:54:24","h":"Nord","s":"25N-H60N300F-82-F3"},{"r":"207","t":"12:54:24","h":"Nord","s":"25N-H60N400F-81-F4"},{"r":"207","t":"12:54:24","h":"Nord","s":"25N-H60NV10A-80-A"},{"r":"207","t":"12:54:24","h":"Nord","s":"25N-H60NV10I-80-I"},{"r":"207","t":"12:54:24","h":"Nord","s":"25N-H60NV20A-80-A"},{"r":"207","t":"12:54:24","h":"Nord","s":"25N-H60NV20I-80-I"},{"r":"207","t":"12:54:24","h":"Nord","s":"25S-H60S000A-80-A"},{"r":"207","t":"12:54:24","h":"Nord","s":"25S-H60S000I-80-I"},{"r":"207","t":"12:54:24","h":"Nord","s":"25S-H60S100F-82-F1"},{"r":"207","t":"12:54:24","h":"Nord","s":"25S-H60S200F-81-F2"},{"r":"207","t":"12:58:24","h":"Nord","s":"25N-H60N000S-80-S"},{"r":"207","t":"12:58:24","h":"Nord","s":"25N-H60N000S-98-S"},{"r":"207","t":"12:58:24","h":"Nord","s":"25N-H60NV10S-98-S"},{"r":"207","t":"12:58:24","h":"Nord","s":"25N-H60NV20S-98-S"},{"r":"207","t":"12:58:24","h":"Nord","s":"25S-H60S000S-80-S"},{"r":"207","t":"13:24:24","h":"Nord","s":"25N-H60N000A-80-A"},{"r":"207","t":"13:24:24","h":"Nord","s":"25N-H60N000I-80-I"},{"r":"207","t":"13:24:24","h":"Nord","s":"25N-H60N100F-81-F1"},{"r":"207","t":"13:24:24","h":"Nord","s":"25N-H60N200F-81-F2"},{"r":"207","t":"13:24:24","h":"Nord","s":"25N-H60N300F-82-F3"},{"r":"207","t":"13:24:24","h":"Nord","s":"25N-H60N400F-81-F4"},{"r":"207","t":"13:24:24","h":"Nord","s":"25N-H60NV10A-80-A"},{"r":"207","t":"13:24:24","h":"Nord","s":"25N-H60NV10I-80-I"},{"r":"207","t":"13:24:24","h":"Nord","s":"25N-H60NV20A-80-A"},{"r":"207","t":"13:24:24","h":"Nord","s":"25N-H60NV20I-80-I"},{"r":"207","t":"13:24:24","h":"Nord","s":"25S-H60S000A-80-A"},{"r":"207","t":"13:24:24","h":"Nord","s":"25S-H60S000I-80-I"},{"r":"207","t":"13:24:24","h":"Nord","s":"25S-H60S100F-82-F1"},{"r":"207","t":"13:24:24","h":"Nord","s":"25S-H60S200F-81-F2"},{"r":"207","t":"13:28:24","h":"Nord","s":"25N-H60N000S-80-S"},{"r":"207","t":"13:28:24","h":"Nord","s":"25N-H60N000S-98-S"},{"r":"207","t":"13:28:24","h":"Nord","s":"25N-H60NV10S-98-S"},{"r":"207","t":"13:28:24","h":"Nord","s":"25N-H60NV20S-98-S"},{"r":"207","t":"13:28:24","h":"Nord","s":"25S-H60S000S-80-S"},{"r":"207","t":"13:54:24","h":"Nord","s":"25N-H60N000A-80-A"},{"r":"207","t":"13:54:24","h":"Nord","s":"25N-H60N000I-80-I"},{"r":"207","t":"13:54:24","h":"Nord","s":"25N-H60N100F-81-F1"},{"r":"207","t":"13:54:24","h":"Nord","s":"25N-H60N200F-81-F2"},{"r":"207","t":"13:54:24","h":"Nord","s":"25N-H60N300F-82-F3"},{"r":"207","t":"13:54:24","h":"Nord","s":"25N-H60N400F-81-F4"},{"r":"207","t":"13:54:24","h":"Nord","s":"25N-H60NV10A-80-A"},{"r":"207","t":"13:54:24","h":"Nord","s":"25N-H60NV10I-80-I"},{"r":"207","t":"13:54:24","h":"Nord","s":"25N-H60NV20A-80-A"},{"r":"207","t":"13:54:24","h":"Nord","s":"25N-H60NV20I-80-I"},{"r":"207","t":"13:54:24","h":"Nord","s":"25S-H60S000A-80-A"},{"r":"207","t":"13:54:24","h":"Nord","s":"25S-H60S000I-80-I"},{"r":"207","t":"13:54:24","h":"Nord","s":"25S-H60S100F-82-F1"},{"r":"207","t":"13:54:24","h":"Nord","s":"25S-H60S200F-81-F2"},{"r":"207","t":"13:58:24","h":"Nord","s":"25N-H60N000S-80-S"},{"r":"207","t":"13:58:24","h":"Nord","s":"25N-H60N000S-98-S"},{"r":"207","t":"13:58:24","h":"Nord","s":"25N-H60NV10S-98-S"},{"r":"207","t":"13:58:24","h":"Nord","s":"25N-H60NV20S-98-S"},{"r":"207","t":"13:58:24","h":"Nord","s":"25S-H60S000S-80-S"},{"r":"207","t":"14:24:24","h":"Nord","s":"25N-H60N000A-80-A"},{"r":"207","t":"14:24:24","h":"Nord","s":"25N-H60N000I-80-I"},{"r":"207","t":"14:24:24","h":"Nord","s":"25N-H60N100F-81-F1"},{"r":"207","t":"14:24:24","h":"Nord","s":"25N-H60N200F-81-F2"},{"r":"207","t":"14:24:24","h":"Nord","s":"25N-H60N300F-82-F3"},{"r":"207","t":"14:24:24","h":"Nord","s":"25N-H60N400F-81-F4"},{"r":"207","t":"14:24:24","h":"Nord","s":"25N-H60NV10A-80-A"},{"r":"207","t":"14:24:24","h":"Nord","s":"25N-H60NV10I-80-I"},{"r":"207","t":"14:24:24","h":"Nord","s":"25N-H60NV20A-80-A"},{"r":"207","t":"14:24:24","h":"Nord","s":"25N-H60NV20I-80-I"},{"r":"207","t":"14:24:24","h":"Nord","s":"25S-H60S000A-80-A"},{"r":"207","t":"14:24:24","h":"Nord","s":"25S-H60S000I-80-I"},{"r":"207","t":"14:24:24","h":"Nord","s":"25S-H60S100F-82-F1"},{"r":"207","t":"14:24:24","h":"Nord","s":"25S-H60S200F-81-F2"},{"r":"207","t":"14:28:24","h":"Nord","s":"25N-H60N000S-80-S"},{"r":"207","t":"14:28:24","h":"Nord","s":"25N-H60N000S-98-S"},{"r":"207","t":"14:28:24","h":"Nord","s":"25N-H60NV10S-98-S"},{"r":"207","t":"14:28:24","h":"Nord","s":"25N-H60NV20S-98-S"},{"r":"207","t":"14:28:24","h":"Nord","s":"25S-H60S000S-80-S"},{"r":"207","t":"14:54:24","h":"Nord","s":"25N-H60N000I-80-I"},{"r":"207","t":"14:54:24","h":"Nord","s":"25N-H60N100F-81-F1"},{"r":"207","t":"14:54:24","h":"Nord","s":"25N-H60N200F-81-F2"},{"r":"207","t":"14:54:24","h":"Nord","s":"25N-H60N300F-82-F3"},{"r":"207","t":"14:54:24","h":"Nord","s":"25N-H60N400F-81-F4"},{"r":"207","t":"14:54:24","h":"Nord","s":"25N-H60NV10I-80-I"},{"r":"207","t":"14:54:24","h":"Nord","s":"25N-H60NV20I-80-I"},{"r":"207","t":"14:54:24","h":"Nord","s":"25S-H60S000I-80-I"},{"r":"207","t":"14:54:24","h":"Nord","s":"25S-H60S100F-82-F1"},{"r":"207","t":"14:54:24","h":"Nord","s":"25S-H60S200F-81-F2"},{"r":"207","t":"14:55:24","h":"Nord","s":"25N-H60N000A-80-A"},{"r":"207","t":"14:55:24","h":"Nord","s":"25N-H60NV10A-80-A"},{"r":"207","t":"14:55:24","h":"Nord","s":"25N-H60NV20A-80-A"},{"r":"207","t":"14:55:24","h":"Nord","s":"25S-H60S000A-80-A"},{"r":"207","t":"14:57:49","h":"Nord","s":"25N-H60N000S-80-S"},{"r":"207","t":"14:57:49","h":"Nord","s":"25N-H60N000S-98-S"},{"r":"207","t":"14:57:49","h":"Nord","s":"25N-H60NV10S-98-S"},{"r":"207","t":"14:57:49","h":"Nord","s":"25N-H60NV20S-98-S"},{"r":"207","t":"14:57:49","h":"Nord","s":"25S-H60S000S-80-S"},{"r":"207","t":"15:24:24","h":"Nord","s":"25N-H60N000I-80-I"},{"r":"207","t":"15:24:24","h":"Nord","s":"25N-H60N100F-81-F1"},{"r":"207","t":"15:24:24","h":"Nord","s":"25N-H60N200F-81-F2"},{"r":"207","t":"15:24:24","h":"Nord","s":"25N-H60N300F-82-F3"},{"r":"207","t":"15:24:24","h":"Nord","s":"25N-H60N400F-81-F4"},{"r":"207","t":"15:24:24","h":"Nord","s":"25N-H60NV10I-80-I"},{"r":"207","t":"15:24:24","h":"Nord","s":"25N-H60NV20I-80-I"},{"r":"207","t":"15:24:24","h":"Nord","s":"25S-H60S000I-80-I"},{"r":"207","t":"15:24:24","h":"Nord","s":"25S-H60S100F-82-F1"},{"r":"207","t":"15:24:24","h":"Nord","s":"25S-H60S200F-81-F2"},{"r":"207","t":"15:25:24","h":"Nord","s":"25N-H60N000A-80-A"},{"r":"207","t":"15:25:24","h":"Nord","s":"25N-H60NV10A-80-A"},{"r":"207","t":"15:25:24","h":"Nord","s":"25N-H60NV20A-80-A"},{"r":"207","t":"15:25:24","h":"Nord","s":"25S-H60S000A-80-A"},{"r":"207","t":"15:27:49","h":"Nord","s":"25N-H60N000S-80-S"},{"r":"207","t":"15:27:49","h":"Nord","s":"25N-H60N000S-98-S"},{"r":"207","t":"15:27:49","h":"Nord","s":"25N-H60NV10S-98-S"},{"r":"207","t":"15:27:49","h":"Nord","s":"25N-H60NV20S-98-S"},{"r":"207","t":"15:27:49","h":"Nord","s":"25S-H60S000S-80-S"},{"r":"407","t":"15:53:05","h":"Ouest","s":"25N-H60N000S-80-S"},{"r":"407","t":"15:53:05","h":"Ouest","s":"25N-H60N000S-98-S"},{"r":"407","t":"15:53:05","h":"Ouest","s":"25N-H60NV10S-98-S"},{"r":"407","t":"15:53:05","h":"Ouest","s":"25N-H60NV20S-98-S"},{"r":"407","t":"15:53:05","h":"Ouest","s":"25S-H60S000S-80-S"},{"r":"207","t":"15:54:24","h":"Nord","s":"25N-H60N000I-80-I"},{"r":"207","t":"15:54:24","h":"Nord","s":"25N-H60N100F-81-F1"},{"r":"207","t":"15:54:24","h":"Nord","s":"25N-H60N200F-81-F2"},{"r":"207","t":"15:54:24","h":"Nord","s":"25N-H60N300F-82-F3"},{"r":"207","t":"15:54:24","h":"Nord","s":"25N-H60N400F-81-F4"},{"r":"207","t":"15:54:24","h":"Nord","s":"25N-H60NV10I-80-I"},{"r":"207","t":"15:54:24","h":"Nord","s":"25N-H60NV20I-80-I"},{"r":"207","t":"15:54:24","h":"Nord","s":"25S-H60S000I-80-I"},{"r":"207","t":"15:54:24","h":"Nord","s":"25S-H60S100F-82-F1"},{"r":"207","t":"15:54:24","h":"Nord","s":"25S-H60S200F-81-F2"},{"r":"207","t":"15:55:24","h":"Nord","s":"25N-H60N000A-80-A"},{"r":"207","t":"15:55:24","h":"Nord","s":"25N-H60NV10A-80-A"},{"r":"207","t":"15:55:24","h":"Nord","s":"25N-H60NV20A-80-A"},{"r":"207","t":"15:55:24","h":"Nord","s":"25S-H60S000A-80-A"},{"r":"207","t":"15:56:49","h":"Nord","s":"25N-H60N000S-80-S"},{"r":"207","t":"15:56:49","h":"Nord","s":"25N-H60N000S-98-S"},{"r":"207","t":"15:56:49","h":"Nord","s":"25N-H60NV10S-98-S"},{"r":"207","t":"15:56:49","h":"Nord","s":"25N-H60NV20S-98-S"},{"r":"207","t":"15:56:49","h":"Nord","s":"25S-H60S000S-80-S"},{"r":"407","t":"16:21:05","h":"Ouest","s":"25N-H60N000S-80-S"},{"r":"407","t":"16:21:05","h":"Ouest","s":"25N-H60N000S-98-S"},{"r":"407","t":"16:21:05","h":"Ouest","s":"25N-H60NV10S-98-S"},{"r":"407","t":"16:21:05","h":"Ouest","s":"25N-H60NV20S-98-S"},{"r":"407","t":"16:21:05","h":"Ouest","s":"25S-H60S000S-80-S"},{"r":"207","t":"16:23:24","h":"Nord","s":"25N-H60N000I-80-I"},{"r":"207","t":"16:23:24","h":"Nord","s":"25N-H60N100F-81-F1"},{"r":"207","t":"16:23:24","h":"Nord","s":"25N-H60N200F-81-F2"},{"r":"207","t":"16:23:24","h":"Nord","s":"25N-H60N300F-82-F3"},{"r":"207","t":"16:23:24","h":"Nord","s":"25N-H60N400F-81-F4"},{"r":"207","t":"16:23:24","h":"Nord","s":"25N-H60NV10I-80-I"},{"r":"207","t":"16:23:24","h":"Nord","s":"25N-H60NV20I-80-I"},{"r":"207","t":"16:23:24","h":"Nord","s":"25S-H60S000I-80-I"},{"r":"207","t":"16:23:24","h":"Nord","s":"25S-H60S100F-82-F1"},{"r":"207","t":"16:23:24","h":"Nord","s":"25S-H60S200F-81-F2"},{"r":"207","t":"16:25:24","h":"Nord","s":"25N-H60N000A-80-A"},{"r":"207","t":"16:25:24","h":"Nord","s":"25N-H60NV10A-80-A"},{"r":"207","t":"16:25:24","h":"Nord","s":"25N-H60NV20A-80-A"},{"r":"207","t":"16:25:24","h":"Nord","s":"25S-H60S000A-80-A"},{"r":"207","t":"16:27:49","h":"Nord","s":"25N-H60N000S-80-S"},{"r":"207","t":"16:27:49","h":"Nord","s":"25N-H60N000S-98-S"},{"r":"207","t":"16:27:49","h":"Nord","s":"25N-H60NV10S-98-S"},{"r":"207","t":"16:27:49","h":"Nord","s":"25N-H60NV20S-98-S"},{"r":"207","t":"16:27:49","h":"Nord","s":"25S-H60S000S-80-S"},{"r":"407","t":"16:48:05","h":"Ouest","s":"25N-H60N000S-80-S"},{"r":"407","t":"16:48:05","h":"Ouest","s":"25N-H60N000S-98-S"},{"r":"407","t":"16:48:05","h":"Ouest","s":"25N-H60NV10S-98-S"},{"r":"407","t":"16:48:05","h":"Ouest","s":"25N-H60NV20S-98-S"},{"r":"407","t":"16:48:05","h":"Ouest","s":"25S-H60S000S-80-S"},{"r":"207","t":"16:52:24","h":"Nord","s":"25N-H60N000I-80-I"},{"r":"207","t":"16:52:24","h":"Nord","s":"25N-H60N100F-81-F1"},{"r":"207","t":"16:52:24","h":"Nord","s":"25N-H60N200F-81-F2"},{"r":"207","t":"16:52:24","h":"Nord","s":"25N-H60N300F-82-F3"},{"r":"207","t":"16:52:24","h":"Nord","s":"25N-H60N400F-81-F4"},{"r":"207","t":"16:52:24","h":"Nord","s":"25N-H60NV10I-80-I"},{"r":"207","t":"16:52:24","h":"Nord","s":"25N-H60NV20I-80-I"},{"r":"207","t":"16:52:24","h":"Nord","s":"25S-H60S000I-80-I"},{"r":"207","t":"16:52:24","h":"Nord","s":"25S-H60S100F-82-F1"},{"r":"207","t":"16:52:24","h":"Nord","s":"25S-H60S200F-81-F2"},{"r":"207","t":"16:54:24","h":"Nord","s":"25N-H60N000A-80-A"},{"r":"207","t":"16:54:24","h":"Nord","s":"25N-H60NV10A-80-A"},{"r":"207","t":"16:54:24","h":"Nord","s":"25N-H60NV20A-80-A"},{"r":"207","t":"16:54:24","h":"Nord","s":"25S-H60S000A-80-A"},{"r":"207","t":"16:58:49","h":"Nord","s":"25N-H60N000S-80-S"},{"r":"207","t":"16:58:49","h":"Nord","s":"25N-H60N000S-98-S"},{"r":"207","t":"16:58:49","h":"Nord","s":"25N-H60NV10S-98-S"},{"r":"207","t":"16:58:49","h":"Nord","s":"25N-H60NV20S-98-S"},{"r":"207","t":"16:58:49","h":"Nord","s":"25S-H60S000S-80-S"},{"r":"407","t":"17:20:05","h":"Ouest","s":"25N-H60N000S-80-S"},{"r":"407","t":"17:20:05","h":"Ouest","s":"25N-H60N000S-98-S"},{"r":"407","t":"17:20:05","h":"Ouest","s":"25N-H60NV10S-98-S"},{"r":"407","t":"17:20:05","h":"Ouest","s":"25N-H60NV20S-98-S"},{"r":"407","t":"17:20:05","h":"Ouest","s":"25S-H60S000S-80-S"},{"r":"207","t":"17:21:24","h":"Nord","s":"25N-H60N000I-80-I"},{"r":"207","t":"17:21:24","h":"Nord","s":"25N-H60N100F-81-F1"},{"r":"207","t":"17:21:24","h":"Nord","s":"25N-H60N200F-81-F2"},{"r":"207","t":"17:21:24","h":"Nord","s":"25N-H60N300F-82-F3"},{"r":"207","t":"17:21:24","h":"Nord","s":"25N-H60N400F-81-F4"},{"r":"207","t":"17:21:24","h":"Nord","s":"25N-H60NV10I-80-I"},{"r":"207","t":"17:21:24","h":"Nord","s":"25N-H60NV20I-80-I"},{"r":"207","t":"17:21:24","h":"Nord","s":"25S-H60S000I-80-I"},{"r":"207","t":"17:21:24","h":"Nord","s":"25S-H60S100F-82-F1"},{"r":"207","t":"17:21:24","h":"Nord","s":"25S-H60S200F-81-F2"},{"r":"207","t":"17:24:24","h":"Nord","s":"25N-H60N000A-80-A"},{"r":"207","t":"17:24:24","h":"Nord","s":"25N-H60NV10A-80-A"},{"r":"207","t":"17:24:24","h":"Nord","s":"25N-H60NV20A-80-A"},{"r":"207","t":"17:24:24","h":"Nord","s":"25S-H60S000A-80-A"},{"r":"207","t":"17:29:49","h":"Nord","s":"25N-H60N000S-80-S"},{"r":"207","t":"17:29:49","h":"Nord","s":"25N-H60N000S-98-S"},{"r":"207","t":"17:29:49","h":"Nord","s":"25N-H60NV10S-98-S"},{"r":"207","t":"17:29:49","h":"Nord","s":"25N-H60NV20S-98-S"},{"r":"207","t":"17:29:49","h":"Nord","s":"25S-H60S000S-80-S"},{"r":"207","t":"17:50:24","h":"Nord","s":"25N-H60N000I-80-I"},{"r":"207","t":"17:50:24","h":"Nord","s":"25N-H60N100F-81-F1"},{"r":"207","t":"17:50:24","h":"Nord","s":"25N-H60N200F-81-F2"},{"r":"207","t":"17:50:24","h":"Nord","s":"25N-H60N300F-82-F3"},{"r":"207","t":"17:50:24","h":"Nord","s":"25N-H60N400F-81-F4"},{"r":"207","t":"17:50:24","h":"Nord","s":"25N-H60NV10I-80-I"},{"r":"207","t":"17:50:24","h":"Nord","s":"25N-H60NV20I-80-I"},{"r":"207","t":"17:50:24","h":"Nord","s":"25S-H60S000I-80-I"},{"r":"207","t":"17:50:24","h":"Nord","s":"25S-H60S100F-82-F1"},{"r":"207","t":"17:50:24","h":"Nord","s":"25S-H60S200F-81-F2"},{"r":"407","t":"17:51:05","h":"Ouest","s":"25N-H60N000S-80-S"},{"r":"407","t":"17:51:05","h":"Ouest","s":"25N-H60N000S-98-S"},{"r":"407","t":"17:51:05","h":"Ouest","s":"25N-H60NV10S-98-S"},{"r":"407","t":"17:51:05","h":"Ouest","s":"25N-H60NV20S-98-S"},{"r":"407","t":"17:51:05","h":"Ouest","s":"25S-H60S000S-80-S"},{"r":"207","t":"17:54:24","h":"Nord","s":"25N-H60N000A-80-A"},{"r":"207","t":"17:54:24","h":"Nord","s":"25N-H60NV10A-80-A"},{"r":"207","t":"17:54:24","h":"Nord","s":"25N-H60NV20A-80-A"},{"r":"207","t":"17:54:24","h":"Nord","s":"25S-H60S000A-80-A"},{"r":"207","t":"17:59:49","h":"Nord","s":"25N-H60N000S-80-S"},{"r":"207","t":"17:59:49","h":"Nord","s":"25N-H60N000S-98-S"},{"r":"207","t":"17:59:49","h":"Nord","s":"25N-H60NV10S-98-S"},{"r":"207","t":"17:59:49","h":"Nord","s":"25N-H60NV20S-98-S"},{"r":"207","t":"17:59:49","h":"Nord","s":"25S-H60S000S-80-S"},{"r":"207","t":"18:20:24","h":"Nord","s":"25N-H60N000I-80-I"},{"r":"207","t":"18:20:24","h":"Nord","s":"25N-H60N100F-81-F1"},{"r":"207","t":"18:20:24","h":"Nord","s":"25N-H60N200F-81-F2"},{"r":"207","t":"18:20:24","h":"Nord","s":"25N-H60N300F-82-F3"},{"r":"207","t":"18:20:24","h":"Nord","s":"25N-H60N400F-81-F4"},{"r":"207","t":"18:20:24","h":"Nord","s":"25N-H60NV10I-80-I"},{"r":"207","t":"18:20:24","h":"Nord","s":"25N-H60NV20I-80-I"},{"r":"207","t":"18:20:24","h":"Nord","s":"25S-H60S000I-80-I"},{"r":"207","t":"18:20:24","h":"Nord","s":"25S-H60S100F-82-F1"},{"r":"207","t":"18:20:24","h":"Nord","s":"25S-H60S200F-81-F2"},{"r":"407","t":"18:22:05","h":"Ouest","s":"25N-H60N000S-80-S"},{"r":"407","t":"18:22:05","h":"Ouest","s":"25N-H60N000S-98-S"},{"r":"407","t":"18:22:05","h":"Ouest","s":"25N-H60NV10S-98-S"},{"r":"407","t":"18:22:05","h":"Ouest","s":"25N-H60NV20S-98-S"},{"r":"407","t":"18:22:05","h":"Ouest","s":"25S-H60S000S-80-S"},{"r":"207","t":"18:24:24","h":"Nord","s":"25N-H60N000A-80-A"},{"r":"207","t":"18:24:24","h":"Nord","s":"25N-H60NV10A-80-A"},{"r":"207","t":"18:24:24","h":"Nord","s":"25N-H60NV20A-80-A"},{"r":"207","t":"18:24:24","h":"Nord","s":"25S-H60S000A-80-A"},{"r":"207","t":"18:28:24","h":"Nord","s":"25N-H60N000S-80-S"},{"r":"207","t":"18:28:24","h":"Nord","s":"25N-H60N000S-98-S"},{"r":"207","t":"18:28:24","h":"Nord","s":"25N-H60NV10S-98-S"},{"r":"207","t":"18:28:24","h":"Nord","s":"25N-H60NV20S-98-S"},{"r":"207","t":"18:28:24","h":"Nord","s":"25S-H60S000S-80-S"},{"r":"207","t":"18:50:24","h":"Nord","s":"25N-H60N000I-80-I"},{"r":"207","t":"18:50:24","h":"Nord","s":"25N-H60N100F-81-F1"},{"r":"207","t":"18:50:24","h":"Nord","s":"25N-H60N200F-81-F2"},{"r":"207","t":"18:50:24","h":"Nord","s":"25N-H60N300F-82-F3"},{"r":"207","t":"18:50:24","h":"Nord","s":"25N-H60N400F-81-F4"},{"r":"207","t":"18:50:24","h":"Nord","s":"25N-H60NV10I-80-I"},{"r":"207","t":"18:50:24","h":"Nord","s":"25N-H60NV20I-80-I"},{"r":"207","t":"18:50:24","h":"Nord","s":"25S-H60S000I-80-I"},{"r":"207","t":"18:50:24","h":"Nord","s":"25S-H60S100F-82-F1"},{"r":"207","t":"18:50:24","h":"Nord","s":"25S-H60S200F-81-F2"},{"r":"407","t":"18:53:05","h":"Ouest","s":"25N-H60N000S-80-S"},{"r":"407","t":"18:53:05","h":"Ouest","s":"25N-H60N000S-98-S"},{"r":"407","t":"18:53:05","h":"Ouest","s":"25N-H60NV10S-98-S"},{"r":"407","t":"18:53:05","h":"Ouest","s":"25N-H60NV20S-98-S"},{"r":"407","t":"18:53:05","h":"Ouest","s":"25S-H60S000S-80-S"},{"r":"207","t":"18:55:00","h":"Nord","s":"25N-H60N000A-80-A"},{"r":"207","t":"18:55:00","h":"Nord","s":"25N-H60NV10A-80-A"},{"r":"207","t":"18:55:00","h":"Nord","s":"25N-H60NV20A-80-A"},{"r":"207","t":"18:55:00","h":"Nord","s":"25S-H60S000A-80-A"},{"r":"207","t":"18:58:24","h":"Nord","s":"25N-H60N000S-80-S"},{"r":"207","t":"18:58:24","h":"Nord","s":"25N-H60N000S-98-S"},{"r":"207","t":"18:58:24","h":"Nord","s":"25N-H60NV10S-98-S"},{"r":"207","t":"18:58:24","h":"Nord","s":"25N-H60NV20S-98-S"},{"r":"207","t":"18:58:24","h":"Nord","s":"25S-H60S000S-80-S"},{"r":"207","t":"19:22:24","h":"Nord","s":"25N-H60N000I-80-I"},{"r":"207","t":"19:22:24","h":"Nord","s":"25N-H60N100F-81-F1"},{"r":"207","t":"19:22:24","h":"Nord","s":"25N-H60N200F-81-F2"},{"r":"207","t":"19:22:24","h":"Nord","s":"25N-H60N300F-82-F3"},{"r":"207","t":"19:22:24","h":"Nord","s":"25N-H60N400F-81-F4"},{"r":"207","t":"19:22:24","h":"Nord","s":"25N-H60NV10I-80-I"},{"r":"207","t":"19:22:24","h":"Nord","s":"25N-H60NV20I-80-I"},{"r":"207","t":"19:22:24","h":"Nord","s":"25S-H60S000I-80-I"},{"r":"207","t":"19:22:24","h":"Nord","s":"25S-H60S100F-82-F1"},{"r":"207","t":"19:22:24","h":"Nord","s":"25S-H60S200F-81-F2"},{"r":"407","t":"19:23:05","h":"Ouest","s":"25N-H60N000S-80-S"},{"r":"407","t":"19:23:05","h":"Ouest","s":"25N-H60N000S-98-S"},{"r":"407","t":"19:23:05","h":"Ouest","s":"25N-H60NV10S-98-S"},{"r":"407","t":"19:23:05","h":"Ouest","s":"25N-H60NV20S-98-S"},{"r":"407","t":"19:23:05","h":"Ouest","s":"25S-H60S000S-80-S"},{"r":"207","t":"19:24:00","h":"Nord","s":"25N-H60N000A-80-A"},{"r":"207","t":"19:24:00","h":"Nord","s":"25N-H60NV10A-80-A"},{"r":"207","t":"19:24:00","h":"Nord","s":"25N-H60NV20A-80-A"},{"r":"207","t":"19:24:00","h":"Nord","s":"25S-H60S000A-80-A"},{"r":"207","t":"19:28:24","h":"Nord","s":"25N-H60N000S-80-S"},{"r":"207","t":"19:28:24","h":"Nord","s":"25N-H60N000S-98-S"},{"r":"207","t":"19:28:24","h":"Nord","s":"25N-H60NV10S-98-S"},{"r":"207","t":"19:28:24","h":"Nord","s":"25N-H60NV20S-98-S"},{"r":"207","t":"19:28:24","h":"Nord","s":"25S-H60S000S-80-S"},{"r":"207","t":"19:51:24","h":"Nord","s":"25N-H60N000I-80-I"},{"r":"207","t":"19:51:24","h":"Nord","s":"25N-H60N100F-81-F1"},{"r":"207","t":"19:51:24","h":"Nord","s":"25N-H60N200F-81-F2"},{"r":"207","t":"19:51:24","h":"Nord","s":"25N-H60N300F-82-F3"},{"r":"207","t":"19:51:24","h":"Nord","s":"25N-H60N400F-81-F4"},{"r":"207","t":"19:51:24","h":"Nord","s":"25N-H60NV10I-80-I"},{"r":"207","t":"19:51:24","h":"Nord","s":"25N-H60NV20I-80-I"},{"r":"207","t":"19:51:24","h":"Nord","s":"25S-H60S000I-80-I"},{"r":"207","t":"19:51:24","h":"Nord","s":"25S-H60S100F-82-F1"},{"r":"207","t":"19:51:24","h":"Nord","s":"25S-H60S200F-81-F2"},{"r":"207","t":"19:54:00","h":"Nord","s":"25N-H60N000A-80-A"},{"r":"207","t":"19:54:00","h":"Nord","s":"25N-H60NV10A-80-A"},{"r":"207","t":"19:54:00","h":"Nord","s":"25N-H60NV20A-80-A"},{"r":"207","t":"19:54:00","h":"Nord","s":"25S-H60S000A-80-A"},{"r":"207","t":"19:58:24","h":"Nord","s":"25N-H60N000S-80-S"},{"r":"207","t":"19:58:24","h":"Nord","s":"25N-H60N000S-98-S"},{"r":"207","t":"19:58:24","h":"Nord","s":"25N-H60NV10S-98-S"},{"r":"207","t":"19:58:24","h":"Nord","s":"25N-H60NV20S-98-S"},{"r":"207","t":"19:58:24","h":"Nord","s":"25S-H60S000S-80-S"},{"r":"207","t":"20:22:24","h":"Nord","s":"25N-H60N000I-80-I"},{"r":"207","t":"20:22:24","h":"Nord","s":"25N-H60N100F-81-F1"},{"r":"207","t":"20:22:24","h":"Nord","s":"25N-H60N200F-81-F2"},{"r":"207","t":"20:22:24","h":"Nord","s":"25N-H60N300F-82-F3"},{"r":"207","t":"20:22:24","h":"Nord","s":"25N-H60N400F-81-F4"},{"r":"207","t":"20:22:24","h":"Nord","s":"25N-H60NV10I-80-I"},{"r":"207","t":"20:22:24","h":"Nord","s":"25N-H60NV20I-80-I"},{"r":"207","t":"20:22:24","h":"Nord","s":"25S-H60S000I-80-I"},{"r":"207","t":"20:22:24","h":"Nord","s":"25S-H60S100F-82-F1"},{"r":"207","t":"20:22:24","h":"Nord","s":"25S-H60S200F-81-F2"},{"r":"207","t":"20:24:00","h":"Nord","s":"25N-H60N000A-80-A"},{"r":"207","t":"20:24:00","h":"Nord","s":"25N-H60NV10A-80-A"},{"r":"207","t":"20:24:00","h":"Nord","s":"25N-H60NV20A-80-A"},{"r":"207","t":"20:24:00","h":"Nord","s":"25S-H60S000A-80-A"},{"r":"207","t":"20:28:24","h":"Nord","s":"25N-H60N000S-80-S"},{"r":"207","t":"20:28:24","h":"Nord","s":"25N-H60N000S-98-S"},{"r":"207","t":"20:28:24","h":"Nord","s":"25N-H60NV10S-98-S"},{"r":"207","t":"20:28:24","h":"Nord","s":"25N-H60NV20S-98-S"},{"r":"207","t":"20:28:24","h":"Nord","s":"25S-H60S000S-80-S"},{"r":"207","t":"20:53:24","h":"Nord","s":"25N-H60N000I-80-I"},{"r":"207","t":"20:53:24","h":"Nord","s":"25N-H60N100F-81-F1"},{"r":"207","t":"20:53:24","h":"Nord","s":"25N-H60N200F-81-F2"},{"r":"207","t":"20:53:24","h":"Nord","s":"25N-H60N300F-82-F3"},{"r":"207","t":"20:53:24","h":"Nord","s":"25N-H60N400F-81-F4"},{"r":"207","t":"20:53:24","h":"Nord","s":"25N-H60NV10I-80-I"},{"r":"207","t":"20:53:24","h":"Nord","s":"25N-H60NV20I-80-I"},{"r":"207","t":"20:53:24","h":"Nord","s":"25S-H60S000I-80-I"},{"r":"207","t":"20:53:24","h":"Nord","s":"25S-H60S100F-82-F1"},{"r":"207","t":"20:53:24","h":"Nord","s":"25S-H60S200F-81-F2"},{"r":"207","t":"20:54:00","h":"Nord","s":"25N-H60N000A-80-A"},{"r":"207","t":"20:54:00","h":"Nord","s":"25N-H60NV10A-80-A"},{"r":"207","t":"20:54:00","h":"Nord","s":"25N-H60NV20A-80-A"},{"r":"207","t":"20:54:00","h":"Nord","s":"25S-H60S000A-80-A"},{"r":"207","t":"20:58:24","h":"Nord","s":"25N-H60N000S-80-S"},{"r":"207","t":"20:58:24","h":"Nord","s":"25N-H60N000S-98-S"},{"r":"207","t":"20:58:24","h":"Nord","s":"25N-H60NV10S-98-S"},{"r":"207","t":"20:58:24","h":"Nord","s":"25N-H60NV20S-98-S"},{"r":"207","t":"20:58:24","h":"Nord","s":"25S-H60S000S-80-S"},{"r":"207","t":"21:24:24","h":"Nord","s":"25N-H60N000I-80-I"},{"r":"207","t":"21:24:24","h":"Nord","s":"25N-H60N100F-81-F1"},{"r":"207","t":"21:24:24","h":"Nord","s":"25N-H60N200F-81-F2"},{"r":"207","t":"21:24:24","h":"Nord","s":"25N-H60N300F-82-F3"},{"r":"207","t":"21:24:24","h":"Nord","s":"25N-H60N400F-81-F4"},{"r":"207","t":"21:24:24","h":"Nord","s":"25N-H60NV10I-80-I"},{"r":"207","t":"21:24:24","h":"Nord","s":"25N-H60NV20I-80-I"},{"r":"207","t":"21:24:24","h":"Nord","s":"25S-H60S000I-80-I"},{"r":"207","t":"21:24:24","h":"Nord","s":"25S-H60S100F-82-F1"},{"r":"207","t":"21:24:24","h":"Nord","s":"25S-H60S200F-81-F2"},{"r":"207","t":"21:26:00","h":"Nord","s":"25N-H60N000A-80-A"},{"r":"207","t":"21:26:00","h":"Nord","s":"25N-H60NV10A-80-A"},{"r":"207","t":"21:26:00","h":"Nord","s":"25N-H60NV20A-80-A"},{"r":"207","t":"21:26:00","h":"Nord","s":"25S-H60S000A-80-A"},{"r":"207","t":"21:28:24","h":"Nord","s":"25N-H60N000S-80-S"},{"r":"207","t":"21:28:24","h":"Nord","s":"25N-H60N000S-98-S"},{"r":"207","t":"21:28:24","h":"Nord","s":"25N-H60NV10S-98-S"},{"r":"207","t":"21:28:24","h":"Nord","s":"25N-H60NV20S-98-S"},{"r":"207","t":"21:28:24","h":"Nord","s":"25S-H60S000S-80-S"},{"r":"207","t":"21:55:24","h":"Nord","s":"25N-H60N000I-80-I"},{"r":"207","t":"21:55:24","h":"Nord","s":"25N-H60N100F-81-F1"},{"r":"207","t":"21:55:24","h":"Nord","s":"25N-H60N200F-81-F2"},{"r":"207","t":"21:55:24","h":"Nord","s":"25N-H60N300F-82-F3"},{"r":"207","t":"21:55:24","h":"Nord","s":"25N-H60N400F-81-F4"},{"r":"207","t":"21:55:24","h":"Nord","s":"25N-H60NV10I-80-I"},{"r":"207","t":"21:55:24","h":"Nord","s":"25N-H60NV20I-80-I"},{"r":"207","t":"21:55:24","h":"Nord","s":"25S-H60S000I-80-I"},{"r":"207","t":"21:55:24","h":"Nord","s":"25S-H60S100F-82-F1"},{"r":"207","t":"21:55:24","h":"Nord","s":"25S-H60S200F-81-F2"},{"r":"207","t":"21:57:00","h":"Nord","s":"25N-H60N000A-80-A"},{"r":"207","t":"21:57:00","h":"Nord","s":"25N-H60NV10A-80-A"},{"r":"207","t":"21:57:00","h":"Nord","s":"25N-H60NV20A-80-A"},{"r":"207","t":"21:57:00","h":"Nord","s":"25S-H60S000A-80-A"},{"r":"207","t":"22:00:24","h":"Nord","s":"25N-H60N000S-80-S"},{"r":"207","t":"22:00:24","h":"Nord","s":"25N-H60N000S-98-S"},{"r":"207","t":"22:00:24","h":"Nord","s":"25N-H60NV10S-98-S"},{"r":"207","t":"22:00:24","h":"Nord","s":"25N-H60NV20S-98-S"},{"r":"207","t":"22:00:24","h":"Nord","s":"25S-H60S000S-80-S"},{"r":"207","t":"22:27:00","h":"Nord","s":"25N-H60N000A-80-A"},{"r":"207","t":"22:27:00","h":"Nord","s":"25N-H60NV10A-80-A"},{"r":"207","t":"22:27:00","h":"Nord","s":"25N-H60NV20A-80-A"},{"r":"207","t":"22:27:00","h":"Nord","s":"25S-H60S000A-80-A"},{"r":"207","t":"22:30:24","h":"Nord","s":"25N-H60N000S-80-S"},{"r":"207","t":"22:30:24","h":"Nord","s":"25N-H60N000S-98-S"},{"r":"207","t":"22:30:24","h":"Nord","s":"25N-H60NV10S-98-S"},{"r":"207","t":"22:30:24","h":"Nord","s":"25N-H60NV20S-98-S"},{"r":"207","t":"22:30:24","h":"Nord","s":"25S-H60S000S-80-S"},{"r":"207","t":"22:53:24","h":"Nord","s":"25N-H60N000I-80-I"},{"r":"207","t":"22:53:24","h":"Nord","s":"25N-H60N100F-81-F1"},{"r":"207","t":"22:53:24","h":"Nord","s":"25N-H60N200F-81-F2"},{"r":"207","t":"22:53:24","h":"Nord","s":"25N-H60N300F-82-F3"},{"r":"207","t":"22:53:24","h":"Nord","s":"25N-H60N400F-81-F4"},{"r":"207","t":"22:53:24","h":"Nord","s":"25N-H60NV10I-80-I"},{"r":"207","t":"22:53:24","h":"Nord","s":"25N-H60NV20I-80-I"},{"r":"207","t":"22:53:24","h":"Nord","s":"25S-H60S000I-80-I"},{"r":"207","t":"22:53:24","h":"Nord","s":"25S-H60S100F-82-F1"},{"r":"207","t":"22:53:24","h":"Nord","s":"25S-H60S200F-81-F2"},{"r":"207","t":"22:57:00","h":"Nord","s":"25N-H60N000A-80-A"},{"r":"207","t":"22:57:00","h":"Nord","s":"25N-H60NV10A-80-A"},{"r":"207","t":"22:57:00","h":"Nord","s":"25N-H60NV20A-80-A"},{"r":"207","t":"22:57:00","h":"Nord","s":"25S-H60S000A-80-A"},{"r":"207","t":"22:59:24","h":"Nord","s":"25N-H60N000S-80-S"},{"r":"207","t":"22:59:24","h":"Nord","s":"25N-H60N000S-98-S"},{"r":"207","t":"22:59:24","h":"Nord","s":"25N-H60NV10S-98-S"},{"r":"207","t":"22:59:24","h":"Nord","s":"25N-H60NV20S-98-S"},{"r":"207","t":"22:59:24","h":"Nord","s":"25S-H60S000S-80-S"},{"r":"207","t":"23:51:24","h":"Nord","s":"25N-H60N000I-80-I"},{"r":"207","t":"23:51:24","h":"Nord","s":"25N-H60N100F-81-F1"},{"r":"207","t":"23:51:24","h":"Nord","s":"25N-H60N200F-81-F2"},{"r":"207","t":"23:51:24","h":"Nord","s":"25N-H60N300F-82-F3"},{"r":"207","t":"23:51:24","h":"Nord","s":"25N-H60N400F-81-F4"},{"r":"207","t":"23:51:24","h":"Nord","s":"25N-H60NV10I-80-I"},{"r":"207","t":"23:51:24","h":"Nord","s":"25N-H60NV20I-80-I"},{"r":"207","t":"23:51:24","h":"Nord","s":"25S-H60S000I-80-I"},{"r":"207","t":"23:51:24","h":"Nord","s":"25S-H60S100F-82-F1"},{"r":"207","t":"23:51:24","h":"Nord","s":"25S-H60S200F-81-F2"},{"r":"207","t":"23:54:00","h":"Nord","s":"25N-H60N000A-80-A"},{"r":"207","t":"23:54:00","h":"Nord","s":"25N-H60NV10A-80-A"},{"r":"207","t":"23:54:00","h":"Nord","s":"25N-H60NV20A-80-A"},{"r":"207","t":"23:54:00","h":"Nord","s":"25S-H60S000A-80-A"},{"r":"207","t":"23:59:00","h":"Nord","s":"25N-H60N000S-80-S"},{"r":"207","t":"23:59:00","h":"Nord","s":"25N-H60N000S-98-S"},{"r":"207","t":"23:59:00","h":"Nord","s":"25N-H60NV10S-98-S"},{"r":"207","t":"23:59:00","h":"Nord","s":"25N-H60NV20S-98-S"},{"r":"207","t":"23:59:00","h":"Nord","s":"25S-H60S000S-80-S"},{"r":"207","t":"24:49:00","h":"Nord","s":"25N-H60N000A-80-A"},{"r":"207","t":"24:49:00","h":"Nord","s":"25N-H60N000I-80-I"},{"r":"207","t":"24:49:00","h":"Nord","s":"25N-H60N100F-81-F1"},{"r":"207","t":"24:49:00","h":"Nord","s":"25N-H60N200F-81-F2"},{"r":"207","t":"24:49:00","h":"Nord","s":"25N-H60N300F-82-F3"},{"r":"207","t":"24:49:00","h":"Nord","s":"25N-H60N400F-81-F4"},{"r":"207","t":"24:49:00","h":"Nord","s":"25N-H60NV10A-80-A"},{"r":"207","t":"24:49:00","h":"Nord","s":"25N-H60NV10I-80-I"},{"r":"207","t":"24:49:00","h":"Nord","s":"25N-H60NV20A-80-A"},{"r":"207","t":"24:49:00","h":"Nord","s":"25N-H60NV20I-80-I"},{"r":"207","t":"24:49:00","h":"Nord","s":"25S-H60S000A-80-A"},{"r":"207","t":"24:49:00","h":"Nord","s":"25S-H60S000I-80-I"},{"r":"207","t":"24:49:00","h":"Nord","s":"25S-H60S100F-82-F1"},{"r":"207","t":"24:49:00","h":"Nord","s":"25S-H60S200F-81-F2"},{"r":"207","t":"24:58:00","h":"Nord","s":"25N-H60N000S-80-S"},{"r":"207","t":"24:58:00","h":"Nord","s":"25N-H60N000S-98-S"},{"r":"207","t":"24:58:00","h":"Nord","s":"25N-H60NV10S-98-S"},{"r":"207","t":"24:58:00","h":"Nord","s":"25N-H60NV20S-98-S"},{"r":"207","t":"24:58:00","h":"Nord","s":"25S-H60S000S-80-S"},{"r":"207","t":"25:41:00","h":"Nord","s":"25N-H60N000I-80-I"},{"r":"207","t":"25:41:00","h":"Nord","s":"25N-H60N100F-81-F1"},{"r":"207","t":"25:41:00","h":"Nord","s":"25N-H60N200F-81-F2"},{"r":"207","t":"25:41:00","h":"Nord","s":"25N-H60N300F-82-F3"},{"r":"207","t":"25:41:00","h":"Nord","s":"25N-H60N400F-81-F4"},{"r":"207","t":"25:41:00","h":"Nord","s":"25N-H60NV10I-80-I"},{"r":"207","t":"25:41:00","h":"Nord","s":"25N-H60NV20I-80-I"},{"r":"207","t":"25:41:00","h":"Nord","s":"25S-H60S000I-80-I"},{"r":"207","t":"25:41:00","h":"Nord","s":"25S-H60S100F-82-F1"},{"r":"207","t":"25:41:00","h":"Nord","s":"25S-H60S200F-81-F2"},{"r":"207","t":"25:44:00","h":"Nord","s":"25N-H60N000A-80-A"},{"r":"207","t":"25:44:00","h":"Nord","s":"25N-H60NV10A-80-A"},{"r":"207","t":"25:44:00","h":"Nord","s":"25N-H60NV20A-80-A"},{"r":"207","t":"25:44:00","h":"Nord","s":"25S-H60S000A-80-A"},{"r":"207","t":"25:46:00","h":"Nord","s":"25N-H60N000S-80-S"},{"r":"207","t":"25:46:00","h":"Nord","s":"25N-H60N000S-98-S"},{"r":"207","t":"25:46:00","h":"Nord","s":"25N-H60NV10S-98-S"},{"r":"207","t":"25:46:00","h":"Nord","s":"25N-H60NV20S-98-S"},{"r":"207","t":"25:46:00","h":"Nord","s":"25S-H60S000S-80-S"}]