[{"r":"485","t":"05:35:32","h":"Est","s":"25N-H50N000S-80-S"},{"r":"485","t":"05:35:32","h":"Est","s":"25N-H50N000S-90-S"},{"r":"485","t":"05:35:32","h":"Est","s":"25N-H50NV10S-90-S"},{"r":"485","t":"05:35:32","h":"Est","s":"25N-H50NV20S-90-S"},{"r":"485","t":"05:35:32","h":"Est","s":"25S-H50S000S-81-S"},{"r":"218","t":"05:41:54","h":"Est","s":"25N-H60N000S-80-S"},{"r":"218","t":"05:41:54","h":"Est","s":"25N-H60N000S-98-S"},{"r":"218","t":"05:41:54","h":"Est","s":"25N-H60NV10S-98-S"},{"r":"218","t":"05:41:54","h":"Est","s":"25N-H60NV20S-98-S"},{"r":"218","t":"05:41:54","h":"Est","s":"25S-H60S000S-80-S"},{"r":"401","t":"05:52:23","h":"Sud via Ch\u00e2teau-Pierrefonds","s":"25N-H60N000S-80-S"},{"r":"401","t":"05:52:23","h":"Sud via Ch\u00e2teau-Pierrefonds","s":"25N-H60N000S-98-S"},{"r":"401","t":"05:52:23","h":"Sud via Ch\u00e2teau-Pierrefonds","s":"25N-H60NV10S-98-S"},{"r":"401","t":"05:52:23","h":"Sud via Ch\u00e2teau-Pierrefonds","s":"25N-H60NV20S-98-S"},{"r":"401","t":"05:52:23","h":"Sud via Ch\u00e2teau-Pierrefonds","s":"25S-H60S000S-80-S"},{"r":"485","t":"06:02:32","h":"Est","s":"25N-H50N000S-80-S"},{"r":"485","t":"06:02:32","h":"Est","s":"25N-H50N000S-90-S"},{"r":"485","t":"06:02:32","h":"Est","s":"25N-H50NV10S-90-S"},{"r":"485","t":"06:02:32","h":"Est","s":"25N-H50NV20S-90-S"},{"r":"485","t":"06:02:32","h":"Est","s":"25S-H50S000S-81-S"},{"r":"218","t":"06:11:44","h":"Est","s":"25N-H60N000S-80-S"},{"r":"218","t":"06:11:44","h":"Est","s":"25N-H60N000S-98-S"},{"r":"218","t":"06:11:44","h":"Est","s":"25N-H60NV10S-98-S"},{"r":"218","t":"06:11:44","h":"Est","s":"25N-H60NV20S-98-S"},{"r":"218","t":"06:11:44","h":"Est","s":"25S-H60S000S-80-S"},{"r":"485","t":"06:25:32","h":"Est","s":"25N-H50N000S-80-S"},{"r":"485","t":"06:25:32","h":"Est","s":"25N-H50N000S-90-S"},{"r":"485","t":"06:25:32","h":"Est","s":"25N-H50NV10S-90-S"},{"r":"485","t":"06:25:32","h":"Est","s":"25N-H50NV20S-90-S"},{"r":"485","t":"06:25:32","h":"Est","s":"25S-H50S000S-81-S"},{"r":"401","t":"06:31:23","h":"Sud via Ch\u00e2teau-Pierrefonds","s":"25N-H60N000S-80-S"},{"r":"401","t":"06:31:23","h":"Sud via Ch\u00e2teau-Pierrefonds","s":"25N-H60N000S-98-S"},{"r":"401","t":"06:31:23","h":"Sud via Ch\u00e2teau-Pierrefonds","s":"25N-H60NV10S-98-S"},{"r":"401","t":"06:31:23","h":"Sud via Ch\u00e2teau-Pierrefonds","s":"25N-H60NV20S-98-S"},{"r":"401","t":"06:31:23","h":"Sud via Ch\u00e2teau-Pierrefonds","s":"25S-H60S000S-80-S"},{"r":"218","t":"06:41:44","h":"Est","s":"25N-H60N000S-80-S"},{"r":"218","t":"06:41:44","h":"Est","s":"25N-H60N000S-98-S"},{"r":"218","t":"06:41:44","h":"Est","s":"25N-H60NV10S-98-S"},{"r":"218","t":"06:41:44","h":"Est","s":"25N-H60NV20S-98-S"},{"r":"218","t":"06:41:44","h":"Est","s":"25S-H60S000S-80-S"},{"r":"485","t":"06:42:32","h":"Est","s":"25N-H50N000S-80-S"},{"r":"485","t":"06:42:32","h":"Est","s":"25N-H50N000S-90-S"},{"r":"485","t":"06:42:32","h":"Est","s":"25N-H50NV10S-90-S"},{"r":"485","t":"06:42:32","h":"Est","s":"25N-H50NV20S-90-S"},{"r":"485","t":"06:42:32","h":"Est","s":"25S-H50S000S-81-S"},{"r":"401","t":"06:51:17","h":"Sud via Ch\u00e2teau-Pierrefonds","s":"25N-H60N000S-80-S"},{"r":"401","t":"06:51:17","h":"Sud via Ch\u00e2teau-Pierrefonds","s":"25N-H60N000S-98-S"},{"r":"401","t":"06:51:17","h":"Sud via Ch\u00e2teau-Pierrefonds","s":"25N-H60NV10S-98-S"},{"r":"401","t":"06:51:17","h":"Sud via Ch\u00e2teau-Pierrefonds","s":"25N-H60NV20S-98-S"},{"r":"401","t":"06:51:17","h":"Sud via Ch\u00e2teau-Pierrefonds","s":"25S-H60S000S-80-S"},{"r":"485","t":"06:57:32","h":"Est","s":"25N-H50N000S-80-S"},{"r":"485","t":"06:57:32","h":"Est","s":"25N-H50N000S-90-S"},{"r":"485","t":"06:57:32","h":"Est","s":"25N-H50NV10S-90-S"},{"r":"485","t":"06:57:32","h":"Est","s":"25N-H50NV20S-90-S"},{"r":"485","t":"06:57:32","h":"Est","s":"25S-H50S000S-81-S"},{"r":"401","t":"07:02:17","h":"Sud via Ch\u00e2teau-Pierrefonds","s":"25N-H60N000S-80-S"},{"r":"401","t":"07:02:17","h":"Sud via Ch\u00e2teau-Pierrefonds","s":"25N-H60N000S-98-S"},{"r":"401","t":"07:02:17","h":"Sud via Ch\u00e2teau-Pierrefonds","s":"25N-H60NV10S-98-S"},{"r":"401","t":"07:02:17","h":"Sud via Ch\u00e2teau-Pierrefonds","s":"25N-H60NV20S-98-S"},{"r":"401","t":"07:02:17","h":"Sud via Ch\u00e2teau-Pierrefonds","s":"25S-H60S000S-80-S"},{"r":"218","t":"07:11:44","h":"Est","s":"25N-H60N000S-80-S"},{"r":"218","t":"07:11:44","h":"Est","s":"25N-H60N000S-98-S"},{"r":"218","t":"07:11:44","h":"Est","s":"25N-H60NV10S-98-S"},{"r":"218","t":"07:11:44","h":"Est","s":"25N-H60NV20S-98-S"},{"r":"218","t":"07:11:44","h":"Est","s":"25S-H60S000S-80-S"},{"r":"485","t":"07:12:32","h":"Est","s":"25N-H50N000S-80-S"},{"r":"485","t":"07:12:32","h":"Est","s":"25N-H50N000S-90-S"},{"r":"485","t":"07:12:32","h":"Est","s":"25N-H50NV10S-90-S"},{"r":"485","t":"07:12:32","h":"Est","s":"25N-H50NV20S-90-S"},{"r":"485","t":"07:12:32","h":"Est","s":"25S-H50S000S-81-S"},{"r":"401","t":"07:19:17","h":"Sud via Ch\u00e2teau-Pierrefonds","s":"25N-H60N000S-80-S"},{"r":"401","t":"07:19:17","h":"Sud via Ch\u00e2teau-Pierrefonds","s":"25N-H60N000S-98-S"},{"r":"401","t":"07:19:17","h":"Sud via Ch\u00e2teau-Pierrefonds","s":"25N-H60NV10S-98-S"},{"r":"401","t":"07:19:17","h":"Sud via Ch\u00e2teau-Pierrefonds","s":"25N-H60NV20S-98-S"},{"r":"401","t":"07:19:17","h":"Sud via Ch\u00e2teau-Pierrefonds","s":"25S-H60S000S-80-S"},{"r":"485","t":"07:27:32","h":"Est","s":"25N-H50N000S-80-S"},{"r":"485","t":"07:27:32","h":"Est","s":"25N-H50N000S-90-S"},{"r":"485","t":"07:27:32","h":"Est","s":"25N-H50NV10S-90-S"},{"r":"485","t":"07:27:32","h":"Est","s":"25N-H50NV20S-90-S"},{"r":"485","t":"07:27:32","h":"Est","s":"25S-H50S000S-81-S"},{"r":"401","t":"07:36:17","h":"Sud via Ch\u00e2teau-Pierrefonds","s":"25N-H56N000S-80-S"},{"r":"401","t":"07:36:17","h":"Sud via Ch\u00e2teau-Pierrefonds","s":"25N-H56NV10S-80-S"},{"r":"401","t":"07:36:17","h":"Sud via Ch\u00e2teau-Pierrefonds","s":"25N-H56NV20S-80-S"},{"r":"401","t":"07:36:17","h":"Sud via Ch\u00e2teau-Pierrefonds","s":"25S-H56S000S-80-S"},{"r":"485","t":"07:42:32","h":"Est","s":"25N-H50N000S-80-S"},{"r":"485","t":"07:42:32","h":"Est","s":"25N-H50N000S-90-S"},{"r":"485","t":"07:42:32","h":"Est","s":"25N-H50NV10S-90-S"},{"r":"485","t":"07:42:32","h":"Est","s":"25N-H50NV20S-90-S"},{"r":"485","t":"07:42:32","h":"Est","s":"25S-H50S000S-81-S"},{"r":"218","t":"07:42:33","h":"Est","s":"25N-H60N000S-80-S"},{"r":"218","t":"07:42:33","h":"Est","s":"25N-H60N000S-98-S"},{"r":"218","t":"07:42:33","h":"Est","s":"25N-H60NV10S-98-S"},{"r":"218","t":"07:42:33","h":"Est","s":"25N-H60NV20S-98-S"},{"r":"218","t":"07:42:33","h":"Est","s":"25S-H60S000S-80-S"},{"r":"401","t":"07:51:23","h":"Sud via Ch\u00e2teau-Pierrefonds","s":"25N-H60N000S-80-S"},{"r":"401","t":"07:51:23","h":"Sud via Ch\u00e2teau-Pierrefonds","s":"25N-H60N000S-98-S"},{"r":"401","t":"07:51:23","h":"Sud via Ch\u00e2teau-Pierrefonds","s":"25N-H60NV10S-98-S"},{"r":"401","t":"07:51:23","h":"Sud via Ch\u00e2teau-Pierrefonds","s":"25N-H60NV20S-98-S"},{"r":"401","t":"07:51:23","h":"Sud via Ch\u00e2teau-Pierrefonds","s":"25S-H60S000S-80-S"},{"r":"485","t":"07:57:32","h":"Est","s":"25N-H50N000S-80-S"},{"r":"485","t":"07:57:32","h":"Est","s":"25N-H50N000S-90-S"},{"r":"485","t":"07:57:32","h":"Est","s":"25N-H50NV10S-90-S"},{"r":"485","t":"07:57:32","h":"Est","s":"25N-H50NV20S-90-S"},{"r":"485","t":"07:57:32","h":"Est","s":"25S-H50S000S-81-S"},{"r":"485","t":"08:11:32","h":"Est","s":"25N-H50N000S-80-S"},{"r":"485","t":"08:11:32","h":"Est","s":"25N-H50N000S-90-S"},{"r":"485","t":"08:11:32","h":"Est","s":"25N-H50NV10S-90-S"},{"r":"485","t":"08:11:32","h":"Est","s":"25N-H50NV20S-90-S"},{"r":"485","t":"08:11:32","h":"Est","s":"25S-H50S000S-81-S"},{"r":"218","t":"08:12:33","h":"Est","s":"25N-H60N000S-80-S"},{"r":"218","t":"08:12:33","h":"Est","s":"25N-H60N000S-98-S"},{"r":"218","t":"08:12:33","h":"Est","s":"25N-H60NV10S-98-S"},{"r":"218","t":"08:12:33","h":"Est","s":"25N-H60NV20S-98-S"},{"r":"218","t":"08:12:33","h":"Est","s":"25S-H60S000S-80-S"},{"r":"401","t":"08:15:23","h":"Sud via Ch\u00e2teau-Pierrefonds","s":"25N-H60N000S-80-S"},{"r":"401","t":"08:15:23","h":"Sud via Ch\u00e2teau-Pierrefonds","s":"25N-H60N000S-98-S"},{"r":"401","t":"08:15:23","h":"Sud via Ch\u00e2teau-Pierrefonds","s":"25N-H60NV10S-98-S"},{"r":"401","t":"08:15:23","h":"Sud via Ch\u00e2teau-Pierrefonds","s":"25N-H60NV20S-98-S"},{"r":"401","t":"08:15:23","h":"Sud via Ch\u00e2teau-Pierrefonds","s":"25S-H60S000S-80-S"},{"r":"485","t":"08:26:32","h":"Est","s":"25N-H50N000S-80-S"},{"r":"485","t":"08:26:32","h":"Est","s":"25N-H50N000S-90-S"},{"r":"485","t":"08:26:32","h":"Est","s":"25N-H50NV10S-90-S"},{"r":"485","t":"08:26:32","h":"Est","s":"25N-H50NV20S-90-S"},{"r":"485","t":"08:26:32","h":"Est","s":"25S-H50S000S-81-S"},{"r":"401","t":"08:27:23","h":"Sud via Ch\u00e2teau-Pierrefonds","s":"25N-H60N000S-80-S"},{"r":"401","t":"08:27:23","h":"Sud via Ch\u00e2teau-Pierrefonds","s":"25N-H60N000S-98-S"},{"r":"401","t":"08:27:23","h":"Sud via Ch\u00e2teau-Pierrefonds","s":"25N-H60NV10S-98-S"},{"r":"401","t":"08:27:23","h":"Sud via Ch\u00e2teau-Pierrefonds","s":"25N-H60NV20S-98-S"},{"r":"401","t":"08:27:23","h":"Sud via Ch\u00e2teau-Pierrefonds","s":"25S-H60S000S-80-S"},{"r":"218","t":"08:41:44","h":"Est","s":"25N-H60N000S-80-S"},{"r":"218","t":"08:41:44","h":"Est","s":"25N-H60N000S-98-S"},{"r":"218","t":"08:41:44","h":"Est","s":"25N-H60NV10S-98-S"},{"r":"218","t":"08:41:44","h":"Est","s":"25N-H60NV20S-98-S"},{"r":"218","t":"08:41:44","h":"Est","s":"25S-H60S000S-80-S"},{"r":"485","t":"08:46:44","h":"Est","s":"25N-H50N000S-80-S"},{"r":"485","t":"08:46:44","h":"Est","s":"25N-H50N000S-90-S"},{"r":"485","t":"08:46:44","h":"Est","s":"25N-H50NV10S-90-S"},{"r":"485","t":"08:46:44","h":"Est","s":"25N-H50NV20S-90-S"},{"r":"485","t":"08:46:44","h":"Est","s":"25S-H50S000S-81-S"},{"r":"218","t":"09:12:44","h":"Est","s":"25N-H60N000S-80-S"},{"r":"218","t":"09:12:44","h":"Est","s":"25N-H60N000S-98-S"},{"r":"218","t":"09:12:44","h":"Est","s":"25N-H60NV10S-98-S"},{"r":"218","t":"09:12:44","h":"Est","s":"25N-H60NV20S-98-S"},{"r":"218","t":"09:12:44","h":"Est","s":"25S-H60S000S-80-S"},{"r":"485","t":"09:19:44","h":"Est","s":"25N-H50N000S-80-S"},{"r":"485","t":"09:19:44","h":"Est","s":"25N-H50N000S-90-S"},{"r":"485","t":"09:19:44","h":"Est","s":"25N-H50NV10S-90-S"},{"r":"485","t":"09:19:44","h":"Est","s":"25N-H50NV20S-90-S"},{"r":"485","t":"09:19:44","h":"Est","s":"25S-H50S000S-81-S"},{"r":"485","t":"09:50:44","h":"Est","s":"25N-H50N000S-80-S"},{"r":"485","t":"09:50:44","h":"Est","s":"25N-H50N000S-90-S"},{"r":"485","t":"09:50:44","h":"Est","s":"25N-H50NV10S-90-S"},{"r":"485","t":"09:50:44","h":"Est","s":"25N-H50NV20S-90-S"},{"r":"485","t":"09:50:44","h":"Est","s":"25S-H50S000S-81-S"},{"r":"485","t":"10:21:44","h":"Est","s":"25N-H50N000S-80-S"},{"r":"485","t":"10:21:44","h":"Est","s":"25N-H50N000S-90-S"},{"r":"485","t":"10:21:44","h":"Est","s":"25N-H50NV10S-90-S"},{"r":"485","t":"10:21:44","h":"Est","s":"25N-H50NV20S-90-S"},{"r":"485","t":"10:21:44","h":"Est","s":"25S-H50S000S-81-S"},{"r":"485","t":"10:52:44","h":"Est","s":"25N-H50N000S-80-S"},{"r":"485","t":"10:52:44","h":"Est","s":"25N-H50N000S-90-S"},{"r":"485","t":"10:52:44","h":"Est","s":"25N-H50NV10S-90-S"},{"r":"485","t":"10:52:44","h":"Est","s":"25N-H50NV20S-90-S"},{"r":"485","t":"10:52:44","h":"Est","s":"25S-H50S000S-81-S"},{"r":"485","t":"11:22:44","h":"Est","s":"25N-H50N000S-80-S"},{"r":"485","t":"11:22:44","h":"Est","s":"25N-H50N000S-90-S"},{"r":"485","t":"11:22:44","h":"Est","s":"25N-H50NV10S-90-S"},{"r":"485","t":"11:22:44","h":"Est","s":"25N-H50NV20S-90-S"},{"r":"485","t":"11:22:44","h":"Est","s":"25S-H50S000S-81-S"},{"r":"485","t":"11:51:44","h":"Est","s":"25N-H50N000S-80-S"},{"r":"485","t":"11:51:44","h":"Est","s":"25N-H50N000S-90-S"},{"r":"485","t":"11:51:44","h":"Est","s":"25N-H50NV10S-90-S"},{"r":"485","t":"11:51:44","h":"Est","s":"25N-H50NV20S-90-S"},{"r":"485","t":"11:51:44","h":"Est","s":"25S-H50S000S-81-S"},{"r":"485","t":"12:20:44","h":"Est","s":"25N-H50N000S-80-S"},{"r":"485","t":"12:20:44","h":"Est","s":"25N-H50N000S-90-S"},{"r":"485","t":"12:20:44","h":"Est","s":"25N-H50NV10S-90-S"},{"r":"485","t":"12:20:44","h":"Est","s":"25N-H50NV20S-90-S"},{"r":"485","t":"12:20:44","h":"Est","s":"25S-H50S000S-81-S"},{"r":"485","t":"12:49:44","h":"Est","s":"25N-H50N000S-80-S"},{"r":"485","t":"12:49:44","h":"Est","s":"25N-H50N000S-90-S"},{"r":"485","t":"12:49:44","h":"Est","s":"25N-H50NV10S-90-S"},{"r":"485","t":"12:49:44","h":"Est","s":"25N-H50NV20S-90-S"},{"r":"485","t":"12:49:44","h":"Est","s":"25S-H50S000S-81-S"},{"r":"485","t":"13:18:44","h":"Est","s":"25N-H50N000S-80-S"},{"r":"485","t":"13:18:44","h":"Est","s":"25N-H50N000S-90-S"},{"r":"485","t":"13:18:44","h":"Est","s":"25N-H50NV10S-90-S"},{"r":"485","t":"13:18:44","h":"Est","s":"25N-H50NV20S-90-S"},{"r":"485","t":"13:18:44","h":"Est","s":"25S-H50S000S-81-S"},{"r":"485","t":"13:48:44","h":"Est","s":"25N-H50N000S-80-S"},{"r":"485","t":"13:48:44","h":"Est","s":"25N-H50N000S-90-S"},{"r":"485","t":"13:48:44","h":"Est","s":"25N-H50NV10S-90-S"},{"r":"485","t":"13:48:44","h":"Est","s":"25N-H50NV20S-90-S"},{"r":"485","t":"13:48:44","h":"Est","s":"25S-H50S000S-81-S"},{"r":"485","t":"14:18:44","h":"Est","s":"25N-H50N000S-80-S"},{"r":"485","t":"14:18:44","h":"Est","s":"25N-H50N000S-90-S"},{"r":"485","t":"14:18:44","h":"Est","s":"25N-H50NV10S-90-S"},{"r":"485","t":"14:18:44","h":"Est","s":"25N-H50NV20S-90-S"},{"r":"485","t":"14:18:44","h":"Est","s":"25S-H50S000S-81-S"},{"r":"485","t":"14:48:44","h":"Est","s":"25N-H50N000S-80-S"},{"r":"485","t":"14:48:44","h":"Est","s":"25N-H50N000S-90-S"},{"r":"485","t":"14:48:44","h":"Est","s":"25N-H50NV10S-90-S"},{"r":"485","t":"14:48:44","h":"Est","s":"25N-H50NV20S-90-S"},{"r":"485","t":"14:48:44","h":"Est","s":"25S-H50S000S-81-S"},{"r":"218","t":"15:15:44","h":"Est","s":"25N-H60N000S-80-S"},{"r":"218","t":"15:15:44","h":"Est","s":"25N-H60N000S-98-S"},{"r":"218","t":"15:15:44","h":"Est","s":"25N-H60NV10S-98-S"},{"r":"218","t":"15:15:44","h":"Est","s":"25N-H60NV20S-98-S"},{"r":"218","t":"15:15:44","h":"Est","s":"25S-H60S000S-80-S"},{"r":"485","t":"15:16:44","h":"Est","s":"25N-H50N000S-80-S"},{"r":"485","t":"15:16:44","h":"Est","s":"25N-H50N000S-90-S"},{"r":"485","t":"15:16:44","h":"Est","s":"25N-H50NV10S-90-S"},{"r":"485","t":"15:16:44","h":"Est","s":"25N-H50NV20S-90-S"},{"r":"485","t":"15:16:44","h":"Est","s":"25S-H50S000S-81-S"},{"r":"485","t":"15:44:44","h":"Est","s":"25N-H50N000S-80-S"},{"r":"485","t":"15:44:44","h":"Est","s":"25N-H50N000S-90-S"},{"r":"485","t":"15:44:44","h":"Est","s":"25N-H50NV10S-90-S"},{"r":"485","t":"15:44:44","h":"Est","s":"25N-H50NV20S-90-S"},{"r":"485","t":"15:44:44","h":"Est","s":"25S-H50S000S-81-S"},{"r":"218","t":"15:48:44","h":"Est","s":"25N-H60N000S-80-S"},{"r":"218","t":"15:48:44","h":"Est","s":"25N-H60N000S-98-S"},{"r":"218","t":"15:48:44","h":"Est","s":"25N-H60NV10S-98-S"},{"r":"218","t":"15:48:44","h":"Est","s":"25N-H60NV20S-98-S"},{"r":"218","t":"15:48:44","h":"Est","s":"25S-H60S000S-80-S"},{"r":"485","t":"16:16:44","h":"Est","s":"25N-H50N000S-80-S"},{"r":"485","t":"16:16:44","h":"Est","s":"25N-H50N000S-90-S"},{"r":"485","t":"16:16:44","h":"Est","s":"25N-H50NV10S-90-S"},{"r":"485","t":"16:16:44","h":"Est","s":"25N-H50NV20S-90-S"},{"r":"485","t":"16:16:44","h":"Est","s":"25S-H50S000S-81-S"},{"r":"218","t":"16:21:33","h":"Est","s":"25N-H60N000S-80-S"},{"r":"218","t":"16:21:33","h":"Est","s":"25N-H60N000S-98-S"},{"r":"218","t":"16:21:33","h":"Est","s":"25N-H60NV10S-98-S"},{"r":"218","t":"16:21:33","h":"Est","s":"25N-H60NV20S-98-S"},{"r":"218","t":"16:21:33","h":"Est","s":"25S-H60S000S-80-S"},{"r":"485","t":"16:49:44","h":"Est","s":"25N-H50N000S-80-S"},{"r":"485","t":"16:49:44","h":"Est","s":"25N-H50N000S-90-S"},{"r":"485","t":"16:49:44","h":"Est","s":"25N-H50NV10S-90-S"},{"r":"485","t":"16:49:44","h":"Est","s":"25N-H50NV20S-90-S"},{"r":"485","t":"16:49:44","h":"Est","s":"25S-H50S000S-81-S"},{"r":"218","t":"16:53:44","h":"Est","s":"25N-H60N000S-80-S"},{"r":"218","t":"16:53:44","h":"Est","s":"25N-H60N000S-98-S"},{"r":"218","t":"16:53:44","h":"Est","s":"25N-H60NV10S-98-S"},{"r":"218","t":"16:53:44","h":"Est","s":"25N-H60NV20S-98-S"},{"r":"218","t":"16:53:44","h":"Est","s":"25S-H60S000S-80-S"},{"r":"485","t":"17:22:44","h":"Est","s":"25N-H50N000S-80-S"},{"r":"485","t":"17:22:44","h":"Est","s":"25N-H50N000S-90-S"},{"r":"485","t":"17:22:44","h":"Est","s":"25N-H50NV10S-90-S"},{"r":"485","t":"17:22:44","h":"Est","s":"25N-H50NV20S-90-S"},{"r":"485","t":"17:22:44","h":"Est","s":"25S-H50S000S-81-S"},{"r":"218","t":"17:26:44","h":"Est","s":"25N-H60N000S-80-S"},{"r":"218","t":"17:26:44","h":"Est","s":"25N-H60N000S-98-S"},{"r":"218","t":"17:26:44","h":"Est","s":"25N-H60NV10S-98-S"},{"r":"218","t":"17:26:44","h":"Est","s":"25N-H60NV20S-98-S"},{"r":"218","t":"17:26:44","h":"Est","s":"25S-H60S000S-80-S"},{"r":"485","t":"17:55:44","h":"Est","s":"25N-H50N000S-80-S"},{"r":"485","t":"17:55:44","h":"Est","s":"25N-H50N000S-90-S"},{"r":"485","t":"17:55:44","h":"Est","s":"25N-H50NV10S-90-S"},{"r":"485","t":"17:55:44","h":"Est","s":"25N-H50NV20S-90-S"},{"r":"485","t":"17:55:44","h":"Est","s":"25S-H50S000S-81-S"},{"r":"218","t":"17:58:44","h":"Est","s":"25N-H60N000S-80-S"},{"r":"218","t":"17:58:44","h":"Est","s":"25N-H60N000S-98-S"},{"r":"218","t":"17:58:44","h":"Est","s":"25N-H60NV10S-98-S"},{"r":"218","t":"17:58:44","h":"Est","s":"25N-H60NV20S-98-S"},{"r":"218","t":"17:58:44","h":"Est","s":"25S-H60S000S-80-S"},{"r":"485","t":"18:22:57","h":"Est","s":"25N-H50N000S-80-S"},{"r":"485","t":"18:22:57","h":"Est","s":"25N-H50N000S-90-S"},{"r":"485","t":"18:22:57","h":"Est","s":"25N-H50NV10S-90-S"},{"r":"485","t":"18:22:57","h":"Est","s":"25N-H50NV20S-90-S"},{"r":"485","t":"18:22:57","h":"Est","s":"25S-H50S000S-81-S"},{"r":"218","t":"18:29:44","h":"Est","s":"25N-H60N000S-80-S"},{"r":"218","t":"18:29:44","h":"Est","s":"25N-H60N000S-98-S"},{"r":"218","t":"18:29:44","h":"Est","s":"25N-H60NV10S-98-S"},{"r":"218","t":"18:29:44","h":"Est","s":"25N-H60NV20S-98-S"},{"r":"218","t":"18:29:44","h":"Est","s":"25S-H60S000S-80-S"},{"r":"485","t":"18:49:57","h":"Est","s":"25N-H50N000S-80-S"},{"r":"485","t":"18:49:57","h":"Est","s":"25N-H50N000S-90-S"},{"r":"485","t":"18:49:57","h":"Est","s":"25N-H50NV10S-90-S"},{"r":"485","t":"18:49:57","h":"Est","s":"25N-H50NV20S-90-S"},{"r":"485","t":"18:49:57","h":"Est","s":"25S-H50S000S-81-S"},{"r":"218","t":"19:00:44","h":"Est","s":"25N-H60N000S-80-S"},{"r":"218","t":"19:00:44","h":"Est","s":"25N-H60N000S-98-S"},{"r":"218","t":"19:00:44","h":"Est","s":"25N-H60NV10S-98-S"},{"r":"218","t":"19:00:44","h":"Est","s":"25N-H60NV20S-98-S"},{"r":"218","t":"19:00:44","h":"Est","s":"25S-H60S000S-80-S"},{"r":"485","t":"19:16:57","h":"Est","s":"25N-H50N000S-80-S"},{"r":"485","t":"19:16:57","h":"Est","s":"25N-H50N000S-90-S"},{"r":"485","t":"19:16:57","h":"Est","s":"25N-H50NV10S-90-S"},{"r":"485","t":"19:16:57","h":"Est","s":"25N-H50NV20S-90-S"},{"r":"485","t":"19:16:57","h":"Est","s":"25S-H50S000S-81-S"},{"r":"218","t":"19:32:54","h":"Est","s":"25N-H60N000S-80-S"},{"r":"218","t":"19:32:54","h":"Est","s":"25N-H60N000S-98-S"},{"r":"218","t":"19:32:54","h":"Est","s":"25N-H60NV10S-98-S"},{"r":"218","t":"19:32:54","h":"Est","s":"25N-H60NV20S-98-S"},{"r":"218","t":"19:32:54","h":"Est","s":"25S-H60S000S-80-S"}]