[{"r":"68","t":"05:48:23","h":"Ouest","s":"25N-H60N000I-80-I"},{"r":"68","t":"05:48:23","h":"Ouest","s":"25N-H60N100F-81-F1"},{"r":"68","t":"05:48:23","h":"Ouest","s":"25N-H60N200F-81-F2"},{"r":"68","t":"05:48:23","h":"Ouest","s":"25N-H60N300F-82-F3"},{"r":"68","t":"05:48:23","h":"Ouest","s":"25N-H60N400F-81-F4"},{"r":"68","t":"05:48:23","h":"Ouest","s":"25N-H60NV10I-80-I"},{"r":"68","t":"05:48:23","h":"Ouest","s":"25N-H60NV20I-80-I"},{"r":"68","t":"05:48:23","h":"Ouest","s":"25S-H60S000I-80-I"},{"r":"68","t":"05:48:23","h":"Ouest","s":"25S-H60S100F-82-F1"},{"r":"68","t":"05:48:23","h":"Ouest","s":"25S-H60S200F-81-F2"},{"r":"68","t":"05:51:23","h":"Ouest","s":"25N-H60N000A-80-A"},{"r":"68","t":"05:51:23","h":"Ouest","s":"25N-H60NV10A-80-A"},{"r":"68","t":"05:51:23","h":"Ouest","s":"25N-H60NV20A-80-A"},{"r":"68","t":"05:51:23","h":"Ouest","s":"25S-H60S000A-80-A"},{"r":"68","t":"05:59:23","h":"Ouest destination Anse-\u00e0-l'Orme / Timberlea-Trail","s":"25N-H60N000S-80-S"},{"r":"68","t":"05:59:23","h":"Ouest destination Anse-\u00e0-l'Orme / Timberlea-Trail","s":"25N-H60N000S-98-S"},{"r":"68","t":"05:59:23","h":"Ouest destination Anse-\u00e0-l'Orme / Timberlea-Trail","s":"25N-H60NV10S-98-S"},{"r":"68","t":"05:59:23","h":"Ouest destination Anse-\u00e0-l'Orme / Timberlea-Trail","s":"25N-H60NV20S-98-S"},{"r":"68","t":"05:59:23","h":"Ouest destination Anse-\u00e0-l'Orme / Timberlea-Trail","s":"25S-H60S000S-80-S"},{"r":"68","t":"06:17:23","h":"Ouest","s":"25N-H60N000I-80-I"},{"r":"68","t":"06:17:23","h":"Ouest","s":"25N-H60N100F-81-F1"},{"r":"68","t":"06:17:23","h":"Ouest","s":"25N-H60N200F-81-F2"},{"r":"68","t":"06:17:23","h":"Ouest","s":"25N-H60N300F-82-F3"},{"r":"68","t":"06:17:23","h":"Ouest","s":"25N-H60N400F-81-F4"},{"r":"68","t":"06:17:23","h":"Ouest","s":"25N-H60NV10I-80-I"},{"r":"68","t":"06:17:23","h":"Ouest","s":"25N-H60NV20I-80-I"},{"r":"68","t":"06:17:23","h":"Ouest","s":"25S-H60S000I-80-I"},{"r":"68","t":"06:17:23","h":"Ouest","s":"25S-H60S100F-82-F1"},{"r":"68","t":"06:17:23","h":"Ouest","s":"25S-H60S200F-81-F2"},{"r":"68","t":"06:18:23","h":"Ouest destination Anse-\u00e0-l'Orme / Timberlea-Trail","s":"25N-H60N000S-80-S"},{"r":"68","t":"06:18:23","h":"Ouest destination Anse-\u00e0-l'Orme / Timberlea-Trail","s":"25N-H60N000S-98-S"},{"r":"68","t":"06:18:23","h":"Ouest destination Anse-\u00e0-l'Orme / Timberlea-Trail","s":"25N-H60NV10S-98-S"},{"r":"68","t":"06:18:23","h":"Ouest destination Anse-\u00e0-l'Orme / Timberlea-Trail","s":"25N-H60NV20S-98-S"},{"r":"68","t":"06:18:23","h":"Ouest destination Anse-\u00e0-l'Orme / Timberlea-Trail","s":"25S-H60S000S-80-S"},{"r":"68","t":"06:23:23","h":"Ouest","s":"25N-H60N000A-80-A"},{"r":"68","t":"06:23:23","h":"Ouest","s":"25N-H60NV10A-80-A"},{"r":"68","t":"06:23:23","h":"Ouest","s":"25N-H60NV20A-80-A"},{"r":"68","t":"06:23:23","h":"Ouest","s":"25S-H60S000A-80-A"},{"r":"68","t":"06:47:23","h":"Ouest destination Anse-\u00e0-l'Orme / Timberlea-Trail","s":"25N-H60N000S-80-S"},{"r":"68","t":"06:47:23","h":"Ouest destination Anse-\u00e0-l'Orme / Timberlea-Trail","s":"25N-H60N000S-98-S"},{"r":"68","t":"06:47:23","h":"Ouest destination Anse-\u00e0-l'Orme / Timberlea-Trail","s":"25N-H60NV10S-98-S"},{"r":"68","t":"06:47:23","h":"Ouest destination Anse-\u00e0-l'Orme / Timberlea-Trail","s":"25N-H60NV20S-98-S"},{"r":"68","t":"06:47:23","h":"Ouest destination Anse-\u00e0-l'Orme / Timberlea-Trail","s":"25S-H60S000S-80-S"},{"r":"68","t":"06:54:23","h":"Ouest","s":"25N-H60N000I-80-I"},{"r":"68","t":"06:54:23","h":"Ouest","s":"25N-H60N100F-81-F1"},{"r":"68","t":"06:54:23","h":"Ouest","s":"25N-H60N200F-81-F2"},{"r":"68","t":"06:54:23","h":"Ouest","s":"25N-H60N300F-82-F3"},{"r":"68","t":"06:54:23","h":"Ouest","s":"25N-H60N400F-81-F4"},{"r":"68","t":"06:54:23","h":"Ouest","s":"25N-H60NV10I-80-I"},{"r":"68","t":"06:54:23","h":"Ouest","s":"25N-H60NV20I-80-I"},{"r":"68","t":"06:54:23","h":"Ouest","s":"25S-H60S000I-80-I"},{"r":"68","t":"06:54:23","h":"Ouest","s":"25S-H60S100F-82-F1"},{"r":"68","t":"06:54:23","h":"Ouest","s":"25S-H60S200F-81-F2"},{"r":"68","t":"06:55:23","h":"Ouest","s":"25N-H60N000A-80-A"},{"r":"68","t":"06:55:23","h":"Ouest","s":"25N-H60NV10A-80-A"},{"r":"68","t":"06:55:23","h":"Ouest","s":"25N-H60NV20A-80-A"},{"r":"68","t":"06:55:23","h":"Ouest","s":"25S-H60S000A-80-A"},{"r":"68","t":"07:18:14","h":"Ouest destination Anse-\u00e0-l'Orme / Timberlea-Trail","s":"25N-H60N000S-80-S"},{"r":"68","t":"07:18:14","h":"Ouest destination Anse-\u00e0-l'Orme / Timberlea-Trail","s":"25N-H60N000S-98-S"},{"r":"68","t":"07:18:14","h":"Ouest destination Anse-\u00e0-l'Orme / Timberlea-Trail","s":"25N-H60NV10S-98-S"},{"r":"68","t":"07:18:14","h":"Ouest destination Anse-\u00e0-l'Orme / Timberlea-Trail","s":"25N-H60NV20S-98-S"},{"r":"68","t":"07:18:14","h":"Ouest destination Anse-\u00e0-l'Orme / Timberlea-Trail","s":"25S-H60S000S-80-S"},{"r":"68","t":"07:28:23","h":"Ouest","s":"25N-H60N000A-80-A"},{"r":"68","t":"07:28:23","h":"Ouest","s":"25N-H60NV10A-80-A"},{"r":"68","t":"07:28:23","h":"Ouest","s":"25N-H60NV20A-80-A"},{"r":"68","t":"07:28:23","h":"Ouest","s":"25S-H60S000A-80-A"},{"r":"68","t":"07:30:23","h":"Ouest","s":"25N-H60N000I-80-I"},{"r":"68","t":"07:30:23","h":"Ouest","s":"25N-H60N100F-81-F1"},{"r":"68","t":"07:30:23","h":"Ouest","s":"25N-H60N200F-81-F2"},{"r":"68","t":"07:30:23","h":"Ouest","s":"25N-H60N300F-82-F3"},{"r":"68","t":"07:30:23","h":"Ouest","s":"25N-H60N400F-81-F4"},{"r":"68","t":"07:30:23","h":"Ouest","s":"25N-H60NV10I-80-I"},{"r":"68","t":"07:30:23","h":"Ouest","s":"25N-H60NV20I-80-I"},{"r":"68","t":"07:30:23","h":"Ouest","s":"25S-H60S000I-80-I"},{"r":"68","t":"07:30:23","h":"Ouest","s":"25S-H60S100F-82-F1"},{"r":"68","t":"07:30:23","h":"Ouest","s":"25S-H60S200F-81-F2"},{"r":"68","t":"07:50:14","h":"Ouest destination Anse-\u00e0-l'Orme / Timberlea-Trail","s":"25N-H60N000S-80-S"},{"r":"68","t":"07:50:14","h":"Ouest destination Anse-\u00e0-l'Orme / Timberlea-Trail","s":"25N-H60N000S-98-S"},{"r":"68","t":"07:50:14","h":"Ouest destination Anse-\u00e0-l'Orme / Timberlea-Trail","s":"25N-H60NV10S-98-S"},{"r":"68","t":"07:50:14","h":"Ouest destination Anse-\u00e0-l'Orme / Timberlea-Trail","s":"25N-H60NV20S-98-S"},{"r":"68","t":"07:50:14","h":"Ouest destination Anse-\u00e0-l'Orme / Timberlea-Trail","s":"25S-H60S000S-80-S"},{"r":"68","t":"08:00:23","h":"Ouest","s":"25N-H60N000A-80-A"},{"r":"68","t":"08:00:23","h":"Ouest","s":"25N-H60NV10A-80-A"},{"r":"68","t":"08:00:23","h":"Ouest","s":"25N-H60NV20A-80-A"},{"r":"68","t":"08:00:23","h":"Ouest","s":"25S-H60S000A-80-A"},{"r":"68","t":"08:06:23","h":"Ouest","s":"25N-H60N000I-80-I"},{"r":"68","t":"08:06:23","h":"Ouest","s":"25N-H60N100F-81-F1"},{"r":"68","t":"08:06:23","h":"Ouest","s":"25N-H60N200F-81-F2"},{"r":"68","t":"08:06:23","h":"Ouest","s":"25N-H60N300F-82-F3"},{"r":"68","t":"08:06:23","h":"Ouest","s":"25N-H60N400F-81-F4"},{"r":"68","t":"08:06:23","h":"Ouest","s":"25N-H60NV10I-80-I"},{"r":"68","t":"08:06:23","h":"Ouest","s":"25N-H60NV20I-80-I"},{"r":"68","t":"08:06:23","h":"Ouest","s":"25S-H60S000I-80-I"},{"r":"68","t":"08:06:23","h":"Ouest","s":"25S-H60S100F-82-F1"},{"r":"68","t":"08:06:23","h":"Ouest","s":"25S-H60S200F-81-F2"},{"r":"68","t":"08:25:14","h":"Ouest destination Anse-\u00e0-l'Orme / Timberlea-Trail","s":"25N-H60N000S-80-S"},{"r":"68","t":"08:25:14","h":"Ouest destination Anse-\u00e0-l'Orme / Timberlea-Trail","s":"25N-H60N000S-98-S"},{"r":"68","t":"08:25:14","h":"Ouest destination Anse-\u00e0-l'Orme / Timberlea-Trail","s":"25N-H60NV10S-98-S"},{"r":"68","t":"08:25:14","h":"Ouest destination Anse-\u00e0-l'Orme / Timberlea-Trail","s":"25N-H60NV20S-98-S"},{"r":"68","t":"08:25:14","h":"Ouest destination Anse-\u00e0-l'Orme / Timberlea-Trail","s":"25S-H60S000S-80-S"},{"r":"68","t":"08:33:23","h":"Ouest","s":"25N-H60N000A-80-A"},{"r":"68","t":"08:33:23","h":"Ouest","s":"25N-H60NV10A-80-A"},{"r":"68","t":"08:33:23","h":"Ouest","s":"25N-H60NV20A-80-A"},{"r":"68","t":"08:33:23","h":"Ouest","s":"25S-H60S000A-80-A"},{"r":"68","t":"08:45:23","h":"Ouest","s":"25N-H60N000I-80-I"},{"r":"68","t":"08:45:23","h":"Ouest","s":"25N-H60N100F-81-F1"},{"r":"68","t":"08:45:23","h":"Ouest","s":"25N-H60N200F-81-F2"},{"r":"68","t":"08:45:23","h":"Ouest","s":"25N-H60N300F-82-F3"},{"r":"68","t":"08:45:23","h":"Ouest","s":"25N-H60N400F-81-F4"},{"r":"68","t":"08:45:23","h":"Ouest","s":"25N-H60NV10I-80-I"},{"r":"68","t":"08:45:23","h":"Ouest","s":"25N-H60NV20I-80-I"},{"r":"68","t":"08:45:23","h":"Ouest","s":"25S-H60S000I-80-I"},{"r":"68","t":"08:45:23","h":"Ouest","s":"25S-H60S100F-82-F1"},{"r":"68","t":"08:45:23","h":"Ouest","s":"25S-H60S200F-81-F2"},{"r":"68","t":"08:54:23","h":"Ouest destination Anse-\u00e0-l'Orme / Timberlea-Trail","s":"25N-H60N000S-80-S"},{"r":"68","t":"08:54:23","h":"Ouest destination Anse-\u00e0-l'Orme / Timberlea-Trail","s":"25N-H60N000S-98-S"},{"r":"68","t":"08:54:23","h":"Ouest destination Anse-\u00e0-l'Orme / Timberlea-Trail","s":"25N-H60NV10S-98-S"},{"r":"68","t":"08:54:23","h":"Ouest destination Anse-\u00e0-l'Orme / Timberlea-Trail","s":"25N-H60NV20S-98-S"},{"r":"68","t":"08:54:23","h":"Ouest destination Anse-\u00e0-l'Orme / Timberlea-Trail","s":"25S-H60S000S-80-S"},{"r":"68","t":"09:06:23","h":"Ouest","s":"25N-H60N000A-80-A"},{"r":"68","t":"09:06:23","h":"Ouest","s":"25N-H60NV10A-80-A"},{"r":"68","t":"09:06:23","h":"Ouest","s":"25N-H60NV20A-80-A"},{"r":"68","t":"09:06:23","h":"Ouest","s":"25S-H60S000A-80-A"},{"r":"68","t":"09:18:23","h":"Ouest destination Anse-\u00e0-l'Orme / Timberlea-Trail","s":"25N-H60N000S-80-S"},{"r":"68","t":"09:18:23","h":"Ouest destination Anse-\u00e0-l'Orme / Timberlea-Trail","s":"25N-H60N000S-98-S"},{"r":"68","t":"09:18:23","h":"Ouest destination Anse-\u00e0-l'Orme / Timberlea-Trail","s":"25N-H60NV10S-98-S"},{"r":"68","t":"09:18:23","h":"Ouest destination Anse-\u00e0-l'Orme / Timberlea-Trail","s":"25N-H60NV20S-98-S"},{"r":"68","t":"09:18:23","h":"Ouest destination Anse-\u00e0-l'Orme / Timberlea-Trail","s":"25S-H60S000S-80-S"},{"r":"68","t":"09:22:23","h":"Ouest","s":"25N-H60N000I-80-I"},{"r":"68","t":"09:22:23","h":"Ouest","s":"25N-H60N100F-81-F1"},{"r":"68","t":"09:22:23","h":"Ouest","s":"25N-H60N200F-81-F2"},{"r":"68","t":"09:22:23","h":"Ouest","s":"25N-H60N300F-82-F3"},{"r":"68","t":"09:22:23","h":"Ouest","s":"25N-H60N400F-81-F4"},{"r":"68","t":"09:22:23","h":"Ouest","s":"25N-H60NV10I-80-I"},{"r":"68","t":"09:22:23","h":"Ouest","s":"25N-H60NV20I-80-I"},{"r":"68","t":"09:22:23","h":"Ouest","s":"25S-H60S000I-80-I"},{"r":"68","t":"09:22:23","h":"Ouest","s":"25S-H60S100F-82-F1"},{"r":"68","t":"09:22:23","h":"Ouest","s":"25S-H60S200F-81-F2"},{"r":"68","t":"09:40:23","h":"Ouest","s":"25N-H60N000A-80-A"},{"r":"68","t":"09:40:23","h":"Ouest destination Anse-\u00e0-l'Orme / Timberlea-Trail","s":"25N-H60N000S-80-S"},{"r":"68","t":"09:40:23","h":"Ouest destination Anse-\u00e0-l'Orme / Timberlea-Trail","s":"25N-H60N000S-98-S"},{"r":"68","t":"09:40:23","h":"Ouest","s":"25N-H60NV10A-80-A"},{"r":"68","t":"09:40:23","h":"Ouest destination Anse-\u00e0-l'Orme / Timberlea-Trail","s":"25N-H60NV10S-98-S"},{"r":"68","t":"09:40:23","h":"Ouest","s":"25N-H60NV20A-80-A"},{"r":"68","t":"09:40:23","h":"Ouest destination Anse-\u00e0-l'Orme / Timberlea-Trail","s":"25N-H60NV20S-98-S"},{"r":"68","t":"09:40:23","h":"Ouest","s":"25S-H60S000A-80-A"},{"r":"68","t":"09:40:23","h":"Ouest destination Anse-\u00e0-l'Orme / Timberlea-Trail","s":"25S-H60S000S-80-S"},{"r":"68","t":"09:59:23","h":"Ouest","s":"25N-H60N000I-80-I"},{"r":"68","t":"09:59:23","h":"Ouest","s":"25N-H60N100F-81-F1"},{"r":"68","t":"09:59:23","h":"Ouest","s":"25N-H60N200F-81-F2"},{"r":"68","t":"09:59:23","h":"Ouest","s":"25N-H60N300F-82-F3"},{"r":"68","t":"09:59:23","h":"Ouest","s":"25N-H60N400F-81-F4"},{"r":"68","t":"09:59:23","h":"Ouest","s":"25N-H60NV10I-80-I"},{"r":"68","t":"09:59:23","h":"Ouest","s":"25N-H60NV20I-80-I"},{"r":"68","t":"09:59:23","h":"Ouest","s":"25S-H60S000I-80-I"},{"r":"68","t":"09:59:23","h":"Ouest","s":"25S-H60S100F-82-F1"},{"r":"68","t":"09:59:23","h":"Ouest","s":"25S-H60S200F-81-F2"},{"r":"68","t":"10:00:23","h":"Ouest","s":"25N-H60N000S-80-S"},{"r":"68","t":"10:00:23","h":"Ouest","s":"25N-H60N000S-98-S"},{"r":"68","t":"10:00:23","h":"Ouest","s":"25N-H60NV10S-98-S"},{"r":"68","t":"10:00:23","h":"Ouest","s":"25N-H60NV20S-98-S"},{"r":"68","t":"10:00:23","h":"Ouest","s":"25S-H60S000S-80-S"},{"r":"68","t":"10:14:23","h":"Ouest","s":"25N-H60N000A-80-A"},{"r":"68","t":"10:14:23","h":"Ouest","s":"25N-H60NV10A-80-A"},{"r":"68","t":"10:14:23","h":"Ouest","s":"25N-H60NV20A-80-A"},{"r":"68","t":"10:14:23","h":"Ouest","s":"25S-H60S000A-80-A"},{"r":"68","t":"10:29:23","h":"Ouest","s":"25N-H60N000S-80-S"},{"r":"68","t":"10:29:23","h":"Ouest","s":"25N-H60N000S-98-S"},{"r":"68","t":"10:29:23","h":"Ouest","s":"25N-H60NV10S-98-S"},{"r":"68","t":"10:29:23","h":"Ouest","s":"25N-H60NV20S-98-S"},{"r":"68","t":"10:29:23","h":"Ouest","s":"25S-H60S000S-80-S"},{"r":"68","t":"10:36:23","h":"Ouest","s":"25N-H60N000I-80-I"},{"r":"68","t":"10:36:23","h":"Ouest","s":"25N-H60N100F-81-F1"},{"r":"68","t":"10:36:23","h":"Ouest","s":"25N-H60N200F-81-F2"},{"r":"68","t":"10:36:23","h":"Ouest","s":"25N-H60N300F-82-F3"},{"r":"68","t":"10:36:23","h":"Ouest","s":"25N-H60N400F-81-F4"},{"r":"68","t":"10:36:23","h":"Ouest","s":"25N-H60NV10I-80-I"},{"r":"68","t":"10:36:23","h":"Ouest","s":"25N-H60NV20I-80-I"},{"r":"68","t":"10:36:23","h":"Ouest","s":"25S-H60S000I-80-I"},{"r":"68","t":"10:36:23","h":"Ouest","s":"25S-H60S100F-82-F1"},{"r":"68","t":"10:36:23","h":"Ouest","s":"25S-H60S200F-81-F2"},{"r":"68","t":"10:47:23","h":"Ouest","s":"25N-H60N000A-80-A"},{"r":"68","t":"10:47:23","h":"Ouest","s":"25N-H60NV10A-80-A"},{"r":"68","t":"10:47:23","h":"Ouest","s":"25N-H60NV20A-80-A"},{"r":"68","t":"10:47:23","h":"Ouest","s":"25S-H60S000A-80-A"},{"r":"68","t":"10:58:23","h":"Ouest","s":"25N-H60N000S-80-S"},{"r":"68","t":"10:58:23","h":"Ouest","s":"25N-H60N000S-98-S"},{"r":"68","t":"10:58:23","h":"Ouest","s":"25N-H60NV10S-98-S"},{"r":"68","t":"10:58:23","h":"Ouest","s":"25N-H60NV20S-98-S"},{"r":"68","t":"10:58:23","h":"Ouest","s":"25S-H60S000S-80-S"},{"r":"68","t":"11:12:23","h":"Ouest","s":"25N-H60N000I-80-I"},{"r":"68","t":"11:12:23","h":"Ouest","s":"25N-H60N100F-81-F1"},{"r":"68","t":"11:12:23","h":"Ouest","s":"25N-H60N200F-81-F2"},{"r":"68","t":"11:12:23","h":"Ouest","s":"25N-H60N300F-82-F3"},{"r":"68","t":"11:12:23","h":"Ouest","s":"25N-H60N400F-81-F4"},{"r":"68","t":"11:12:23","h":"Ouest","s":"25N-H60NV10I-80-I"},{"r":"68","t":"11:12:23","h":"Ouest","s":"25N-H60NV20I-80-I"},{"r":"68","t":"11:12:23","h":"Ouest","s":"25S-H60S000I-80-I"},{"r":"68","t":"11:12:23","h":"Ouest","s":"25S-H60S100F-82-F1"},{"r":"68","t":"11:12:23","h":"Ouest","s":"25S-H60S200F-81-F2"},{"r":"68","t":"11:20:23","h":"Ouest","s":"25N-H60N000A-80-A"},{"r":"68","t":"11:20:23","h":"Ouest","s":"25N-H60NV10A-80-A"},{"r":"68","t":"11:20:23","h":"Ouest","s":"25N-H60NV20A-80-A"},{"r":"68","t":"11:20:23","h":"Ouest","s":"25S-H60S000A-80-A"},{"r":"68","t":"11:26:23","h":"Ouest","s":"25N-H60N000S-80-S"},{"r":"68","t":"11:26:23","h":"Ouest","s":"25N-H60N000S-98-S"},{"r":"68","t":"11:26:23","h":"Ouest","s":"25N-H60NV10S-98-S"},{"r":"68","t":"11:26:23","h":"Ouest","s":"25N-H60NV20S-98-S"},{"r":"68","t":"11:26:23","h":"Ouest","s":"25S-H60S000S-80-S"},{"r":"68","t":"11:47:23","h":"Ouest","s":"25N-H60N000I-80-I"},{"r":"68","t":"11:47:23","h":"Ouest","s":"25N-H60N100F-81-F1"},{"r":"68","t":"11:47:23","h":"Ouest","s":"25N-H60N200F-81-F2"},{"r":"68","t":"11:47:23","h":"Ouest","s":"25N-H60N300F-82-F3"},{"r":"68","t":"11:47:23","h":"Ouest","s":"25N-H60N400F-81-F4"},{"r":"68","t":"11:47:23","h":"Ouest","s":"25N-H60NV10I-80-I"},{"r":"68","t":"11:47:23","h":"Ouest","s":"25N-H60NV20I-80-I"},{"r":"68","t":"11:47:23","h":"Ouest","s":"25S-H60S000I-80-I"},{"r":"68","t":"11:47:23","h":"Ouest","s":"25S-H60S100F-82-F1"},{"r":"68","t":"11:47:23","h":"Ouest","s":"25S-H60S200F-81-F2"},{"r":"68","t":"11:53:23","h":"Ouest","s":"25N-H60N000A-80-A"},{"r":"68","t":"11:53:23","h":"Ouest","s":"25N-H60NV10A-80-A"},{"r":"68","t":"11:53:23","h":"Ouest","s":"25N-H60NV20A-80-A"},{"r":"68","t":"11:53:23","h":"Ouest","s":"25S-H60S000A-80-A"},{"r":"68","t":"11:55:23","h":"Ouest","s":"25N-H60N000S-80-S"},{"r":"68","t":"11:55:23","h":"Ouest","s":"25N-H60N000S-98-S"},{"r":"68","t":"11:55:23","h":"Ouest","s":"25N-H60NV10S-98-S"},{"r":"68","t":"11:55:23","h":"Ouest","s":"25N-H60NV20S-98-S"},{"r":"68","t":"11:55:23","h":"Ouest","s":"25S-H60S000S-80-S"},{"r":"68","t":"12:19:23","h":"Ouest","s":"25N-H60N000I-80-I"},{"r":"68","t":"12:19:23","h":"Ouest","s":"25N-H60N100F-81-F1"},{"r":"68","t":"12:19:23","h":"Ouest","s":"25N-H60N200F-81-F2"},{"r":"68","t":"12:19:23","h":"Ouest","s":"25N-H60N300F-82-F3"},{"r":"68","t":"12:19:23","h":"Ouest","s":"25N-H60N400F-81-F4"},{"r":"68","t":"12:19:23","h":"Ouest","s":"25N-H60NV10I-80-I"},{"r":"68","t":"12:19:23","h":"Ouest","s":"25N-H60NV20I-80-I"},{"r":"68","t":"12:19:23","h":"Ouest","s":"25S-H60S000I-80-I"},{"r":"68","t":"12:19:23","h":"Ouest","s":"25S-H60S100F-82-F1"},{"r":"68","t":"12:19:23","h":"Ouest","s":"25S-H60S200F-81-F2"},{"r":"68","t":"12:24:23","h":"Ouest","s":"25N-H60N000S-80-S"},{"r":"68","t":"12:24:23","h":"Ouest","s":"25N-H60N000S-98-S"},{"r":"68","t":"12:24:23","h":"Ouest","s":"25N-H60NV10S-98-S"},{"r":"68","t":"12:24:23","h":"Ouest","s":"25N-H60NV20S-98-S"},{"r":"68","t":"12:24:23","h":"Ouest","s":"25S-H60S000S-80-S"},{"r":"68","t":"12:26:23","h":"Ouest","s":"25N-H60N000A-80-A"},{"r":"68","t":"12:26:23","h":"Ouest","s":"25N-H60NV10A-80-A"},{"r":"68","t":"12:26:23","h":"Ouest","s":"25N-H60NV20A-80-A"},{"r":"68","t":"12:26:23","h":"Ouest","s":"25S-H60S000A-80-A"},{"r":"68","t":"12:51:23","h":"Ouest","s":"25N-H60N000I-80-I"},{"r":"68","t":"12:51:23","h":"Ouest","s":"25N-H60N100F-81-F1"},{"r":"68","t":"12:51:23","h":"Ouest","s":"25N-H60N200F-81-F2"},{"r":"68","t":"12:51:23","h":"Ouest","s":"25N-H60N300F-82-F3"},{"r":"68","t":"12:51:23","h":"Ouest","s":"25N-H60N400F-81-F4"},{"r":"68","t":"12:51:23","h":"Ouest","s":"25N-H60NV10I-80-I"},{"r":"68","t":"12:51:23","h":"Ouest","s":"25N-H60NV20I-80-I"},{"r":"68","t":"12:51:23","h":"Ouest","s":"25S-H60S000I-80-I"},{"r":"68","t":"12:51:23","h":"Ouest","s":"25S-H60S100F-82-F1"},{"r":"68","t":"12:51:23","h":"Ouest","s":"25S-H60S200F-81-F2"},{"r":"68","t":"12:53:23","h":"Ouest","s":"25N-H60N000S-80-S"},{"r":"68","t":"12:53:23","h":"Ouest","s":"25N-H60N000S-98-S"},{"r":"68","t":"12:53:23","h":"Ouest","s":"25N-H60NV10S-98-S"},{"r":"68","t":"12:53:23","h":"Ouest","s":"25N-H60NV20S-98-S"},{"r":"68","t":"12:53:23","h":"Ouest","s":"25S-H60S000S-80-S"},{"r":"68","t":"12:58:23","h":"Ouest","s":"25N-H60N000A-80-A"},{"r":"68","t":"12:58:23","h":"Ouest","s":"25N-H60NV10A-80-A"},{"r":"68","t":"12:58:23","h":"Ouest","s":"25N-H60NV20A-80-A"},{"r":"68","t":"12:58:23","h":"Ouest","s":"25S-H60S000A-80-A"},{"r":"68","t":"13:22:23","h":"Ouest","s":"25N-H60N000I-80-I"},{"r":"68","t":"13:22:23","h":"Ouest","s":"25N-H60N000S-80-S"},{"r":"68","t":"13:22:23","h":"Ouest","s":"25N-H60N000S-98-S"},{"r":"68","t":"13:22:23","h":"Ouest","s":"25N-H60N100F-81-F1"},{"r":"68","t":"13:22:23","h":"Ouest","s":"25N-H60N200F-81-F2"},{"r":"68","t":"13:22:23","h":"Ouest","s":"25N-H60N300F-82-F3"},{"r":"68","t":"13:22:23","h":"Ouest","s":"25N-H60N400F-81-F4"},{"r":"68","t":"13:22:23","h":"Ouest","s":"25N-H60NV10I-80-I"},{"r":"68","t":"13:22:23","h":"Ouest","s":"25N-H60NV10S-98-S"},{"r":"68","t":"13:22:23","h":"Ouest","s":"25N-H60NV20I-80-I"},{"r":"68","t":"13:22:23","h":"Ouest","s":"25N-H60NV20S-98-S"},{"r":"68","t":"13:22:23","h":"Ouest","s":"25S-H60S000I-80-I"},{"r":"68","t":"13:22:23","h":"Ouest","s":"25S-H60S000S-80-S"},{"r":"68","t":"13:22:23","h":"Ouest","s":"25S-H60S100F-82-F1"},{"r":"68","t":"13:22:23","h":"Ouest","s":"25S-H60S200F-81-F2"},{"r":"68","t":"13:29:23","h":"Ouest","s":"25N-H60N000A-80-A"},{"r":"68","t":"13:29:23","h":"Ouest","s":"25N-H60NV10A-80-A"},{"r":"68","t":"13:29:23","h":"Ouest","s":"25N-H60NV20A-80-A"},{"r":"68","t":"13:29:23","h":"Ouest","s":"25S-H60S000A-80-A"},{"r":"68","t":"13:51:23","h":"Ouest","s":"25N-H60N000S-80-S"},{"r":"68","t":"13:51:23","h":"Ouest","s":"25N-H60N000S-98-S"},{"r":"68","t":"13:51:23","h":"Ouest","s":"25N-H60NV10S-98-S"},{"r":"68","t":"13:51:23","h":"Ouest","s":"25N-H60NV20S-98-S"},{"r":"68","t":"13:51:23","h":"Ouest","s":"25S-H60S000S-80-S"},{"r":"68","t":"13:52:23","h":"Ouest","s":"25N-H60N000I-80-I"},{"r":"68","t":"13:52:23","h":"Ouest","s":"25N-H60N100F-81-F1"},{"r":"68","t":"13:52:23","h":"Ouest","s":"25N-H60N200F-81-F2"},{"r":"68","t":"13:52:23","h":"Ouest","s":"25N-H60N300F-82-F3"},{"r":"68","t":"13:52:23","h":"Ouest","s":"25N-H60N400F-81-F4"},{"r":"68","t":"13:52:23","h":"Ouest","s":"25N-H60NV10I-80-I"},{"r":"68","t":"13:52:23","h":"Ouest","s":"25N-H60NV20I-80-I"},{"r":"68","t":"13:52:23","h":"Ouest","s":"25S-H60S000I-80-I"},{"r":"68","t":"13:52:23","h":"Ouest","s":"25S-H60S100F-82-F1"},{"r":"68","t":"13:52:23","h":"Ouest","s":"25S-H60S200F-81-F2"},{"r":"68","t":"13:59:23","h":"Ouest","s":"25N-H60N000A-80-A"},{"r":"68","t":"13:59:23","h":"Ouest","s":"25N-H60NV10A-80-A"},{"r":"68","t":"13:59:23","h":"Ouest","s":"25N-H60NV20A-80-A"},{"r":"68","t":"13:59:23","h":"Ouest","s":"25S-H60S000A-80-A"},{"r":"68","t":"14:20:23","h":"Ouest","s":"25N-H60N000S-80-S"},{"r":"68","t":"14:20:23","h":"Ouest","s":"25N-H60N000S-98-S"},{"r":"68","t":"14:20:23","h":"Ouest","s":"25N-H60NV10S-98-S"},{"r":"68","t":"14:20:23","h":"Ouest","s":"25N-H60NV20S-98-S"},{"r":"68","t":"14:20:23","h":"Ouest","s":"25S-H60S000S-80-S"},{"r":"68","t":"14:22:23","h":"Ouest","s":"25N-H60N000I-80-I"},{"r":"68","t":"14:22:23","h":"Ouest","s":"25N-H60N100F-81-F1"},{"r":"68","t":"14:22:23","h":"Ouest","s":"25N-H60N200F-81-F2"},{"r":"68","t":"14:22:23","h":"Ouest","s":"25N-H60N300F-82-F3"},{"r":"68","t":"14:22:23","h":"Ouest","s":"25N-H60N400F-81-F4"},{"r":"68","t":"14:22:23","h":"Ouest","s":"25N-H60NV10I-80-I"},{"r":"68","t":"14:22:23","h":"Ouest","s":"25N-H60NV20I-80-I"},{"r":"68","t":"14:22:23","h":"Ouest","s":"25S-H60S000I-80-I"},{"r":"68","t":"14:22:23","h":"Ouest","s":"25S-H60S100F-82-F1"},{"r":"68","t":"14:22:23","h":"Ouest","s":"25S-H60S200F-81-F2"},{"r":"68","t":"14:30:23","h":"Ouest","s":"25N-H60N000A-80-A"},{"r":"68","t":"14:30:23","h":"Ouest","s":"25N-H60NV10A-80-A"},{"r":"68","t":"14:30:23","h":"Ouest","s":"25N-H60NV20A-80-A"},{"r":"68","t":"14:30:23","h":"Ouest","s":"25S-H60S000A-80-A"},{"r":"68","t":"14:52:23","h":"Ouest","s":"25N-H60N000I-80-I"},{"r":"68","t":"14:52:23","h":"Ouest","s":"25N-H60N100F-81-F1"},{"r":"68","t":"14:52:23","h":"Ouest","s":"25N-H60N200F-81-F2"},{"r":"68","t":"14:52:23","h":"Ouest","s":"25N-H60N300F-82-F3"},{"r":"68","t":"14:52:23","h":"Ouest","s":"25N-H60N400F-81-F4"},{"r":"68","t":"14:52:23","h":"Ouest","s":"25N-H60NV10I-80-I"},{"r":"68","t":"14:52:23","h":"Ouest","s":"25N-H60NV20I-80-I"},{"r":"68","t":"14:52:23","h":"Ouest","s":"25S-H60S000I-80-I"},{"r":"68","t":"14:52:23","h":"Ouest","s":"25S-H60S100F-82-F1"},{"r":"68","t":"14:52:23","h":"Ouest","s":"25S-H60S200F-81-F2"},{"r":"68","t":"14:54:14","h":"Ouest","s":"25N-H60N000S-80-S"},{"r":"68","t":"14:54:14","h":"Ouest","s":"25N-H60N000S-98-S"},{"r":"68","t":"14:54:14","h":"Ouest","s":"25N-H60NV10S-98-S"},{"r":"68","t":"14:54:14","h":"Ouest","s":"25N-H60NV20S-98-S"},{"r":"68","t":"14:54:14","h":"Ouest","s":"25S-H60S000S-80-S"},{"r":"68","t":"14:59:23","h":"Ouest","s":"25N-H60N000A-80-A"},{"r":"68","t":"14:59:23","h":"Ouest","s":"25N-H60NV10A-80-A"},{"r":"68","t":"14:59:23","h":"Ouest","s":"25N-H60NV20A-80-A"},{"r":"68","t":"14:59:23","h":"Ouest","s":"25S-H60S000A-80-A"},{"r":"68","t":"15:21:14","h":"Ouest","s":"25N-H60N000S-80-S"},{"r":"68","t":"15:21:14","h":"Ouest","s":"25N-H60N000S-98-S"},{"r":"68","t":"15:21:14","h":"Ouest","s":"25N-H60NV10S-98-S"},{"r":"68","t":"15:21:14","h":"Ouest","s":"25N-H60NV20S-98-S"},{"r":"68","t":"15:21:14","h":"Ouest","s":"25S-H60S000S-80-S"},{"r":"68","t":"15:23:23","h":"Ouest","s":"25N-H60N000I-80-I"},{"r":"68","t":"15:23:23","h":"Ouest","s":"25N-H60N100F-81-F1"},{"r":"68","t":"15:23:23","h":"Ouest","s":"25N-H60N200F-81-F2"},{"r":"68","t":"15:23:23","h":"Ouest","s":"25N-H60N300F-82-F3"},{"r":"68","t":"15:23:23","h":"Ouest","s":"25N-H60N400F-81-F4"},{"r":"68","t":"15:23:23","h":"Ouest","s":"25N-H60NV10I-80-I"},{"r":"68","t":"15:23:23","h":"Ouest","s":"25N-H60NV20I-80-I"},{"r":"68","t":"15:23:23","h":"Ouest","s":"25S-H60S000I-80-I"},{"r":"68","t":"15:23:23","h":"Ouest","s":"25S-H60S100F-82-F1"},{"r":"68","t":"15:23:23","h":"Ouest","s":"25S-H60S200F-81-F2"},{"r":"68","t":"15:29:23","h":"Ouest","s":"25N-H60N000A-80-A"},{"r":"68","t":"15:29:23","h":"Ouest","s":"25N-H60NV10A-80-A"},{"r":"68","t":"15:29:23","h":"Ouest","s":"25N-H60NV20A-80-A"},{"r":"68","t":"15:29:23","h":"Ouest","s":"25S-H60S000A-80-A"},{"r":"68","t":"15:54:14","h":"Ouest destination Anse-\u00e0-l'Orme / Timberlea-Trail","s":"25N-H60N000S-80-S"},{"r":"68","t":"15:54:14","h":"Ouest destination Anse-\u00e0-l'Orme / Timberlea-Trail","s":"25N-H60N000S-98-S"},{"r":"68","t":"15:54:14","h":"Ouest destination Anse-\u00e0-l'Orme / Timberlea-Trail","s":"25N-H60NV10S-98-S"},{"r":"68","t":"15:54:14","h":"Ouest destination Anse-\u00e0-l'Orme / Timberlea-Trail","s":"25N-H60NV20S-98-S"},{"r":"68","t":"15:54:14","h":"Ouest destination Anse-\u00e0-l'Orme / Timberlea-Trail","s":"25S-H60S000S-80-S"},{"r":"68","t":"15:54:23","h":"Ouest","s":"25N-H60N000I-80-I"},{"r":"68","t":"15:54:23","h":"Ouest","s":"25N-H60N100F-81-F1"},{"r":"68","t":"15:54:23","h":"Ouest","s":"25N-H60N200F-81-F2"},{"r":"68","t":"15:54:23","h":"Ouest","s":"25N-H60N300F-82-F3"},{"r":"68","t":"15:54:23","h":"Ouest","s":"25N-H60N400F-81-F4"},{"r":"68","t":"15:54:23","h":"Ouest","s":"25N-H60NV10I-80-I"},{"r":"68","t":"15:54:23","h":"Ouest","s":"25N-H60NV20I-80-I"},{"r":"68","t":"15:54:23","h":"Ouest","s":"25S-H60S000I-80-I"},{"r":"68","t":"15:54:23","h":"Ouest","s":"25S-H60S100F-82-F1"},{"r":"68","t":"15:54:23","h":"Ouest","s":"25S-H60S200F-81-F2"},{"r":"68","t":"16:00:23","h":"Ouest","s":"25N-H60N000A-80-A"},{"r":"68","t":"16:00:23","h":"Ouest","s":"25N-H60NV10A-80-A"},{"r":"68","t":"16:00:23","h":"Ouest","s":"25N-H60NV20A-80-A"},{"r":"68","t":"16:00:23","h":"Ouest","s":"25S-H60S000A-80-A"},{"r":"401","t":"16:11:20","h":"Nord via Ch\u00e2teau-Pierrefonds","s":"25N-H60N000S-80-S"},{"r":"401","t":"16:11:20","h":"Nord via Ch\u00e2teau-Pierrefonds","s":"25N-H60N000S-98-S"},{"r":"401","t":"16:11:20","h":"Nord via Ch\u00e2teau-Pierrefonds","s":"25N-H60NV10S-98-S"},{"r":"401","t":"16:11:20","h":"Nord via Ch\u00e2teau-Pierrefonds","s":"25N-H60NV20S-98-S"},{"r":"401","t":"16:11:20","h":"Nord via Ch\u00e2teau-Pierrefonds","s":"25S-H60S000S-80-S"},{"r":"68","t":"16:24:23","h":"Ouest","s":"25N-H60N000I-80-I"},{"r":"68","t":"16:24:23","h":"Ouest","s":"25N-H60N100F-81-F1"},{"r":"68","t":"16:24:23","h":"Ouest","s":"25N-H60N200F-81-F2"},{"r":"68","t":"16:24:23","h":"Ouest","s":"25N-H60N300F-82-F3"},{"r":"68","t":"16:24:23","h":"Ouest","s":"25N-H60N400F-81-F4"},{"r":"68","t":"16:24:23","h":"Ouest","s":"25N-H60NV10I-80-I"},{"r":"68","t":"16:24:23","h":"Ouest","s":"25N-H60NV20I-80-I"},{"r":"68","t":"16:24:23","h":"Ouest","s":"25S-H60S000I-80-I"},{"r":"68","t":"16:24:23","h":"Ouest","s":"25S-H60S100F-82-F1"},{"r":"68","t":"16:24:23","h":"Ouest","s":"25S-H60S200F-81-F2"},{"r":"68","t":"16:26:14","h":"Ouest destination Anse-\u00e0-l'Orme / Timberlea-Trail","s":"25N-H60N000S-80-S"},{"r":"68","t":"16:26:14","h":"Ouest destination Anse-\u00e0-l'Orme / Timberlea-Trail","s":"25N-H60N000S-98-S"},{"r":"68","t":"16:26:14","h":"Ouest destination Anse-\u00e0-l'Orme / Timberlea-Trail","s":"25N-H60NV10S-98-S"},{"r":"68","t":"16:26:14","h":"Ouest destination Anse-\u00e0-l'Orme / Timberlea-Trail","s":"25N-H60NV20S-98-S"},{"r":"68","t":"16:26:14","h":"Ouest destination Anse-\u00e0-l'Orme / Timberlea-Trail","s":"25S-H60S000S-80-S"},{"r":"68","t":"16:28:23","h":"Ouest","s":"25N-H60N000A-80-A"},{"r":"68","t":"16:28:23","h":"Ouest","s":"25N-H60NV10A-80-A"},{"r":"68","t":"16:28:23","h":"Ouest","s":"25N-H60NV20A-80-A"},{"r":"68","t":"16:28:23","h":"Ouest","s":"25S-H60S000A-80-A"},{"r":"401","t":"16:45:20","h":"Nord via Ch\u00e2teau-Pierrefonds","s":"25N-H60N000S-80-S"},{"r":"401","t":"16:45:20","h":"Nord via Ch\u00e2teau-Pierrefonds","s":"25N-H60N000S-98-S"},{"r":"401","t":"16:45:20","h":"Nord via Ch\u00e2teau-Pierrefonds","s":"25N-H60NV10S-98-S"},{"r":"401","t":"16:45:20","h":"Nord via Ch\u00e2teau-Pierrefonds","s":"25N-H60NV20S-98-S"},{"r":"401","t":"16:45:20","h":"Nord via Ch\u00e2teau-Pierrefonds","s":"25S-H60S000S-80-S"},{"r":"68","t":"16:51:14","h":"Ouest destination Anse-\u00e0-l'Orme / Timberlea-Trail","s":"25N-H60N000S-80-S"},{"r":"68","t":"16:51:14","h":"Ouest destination Anse-\u00e0-l'Orme / Timberlea-Trail","s":"25N-H60N000S-98-S"},{"r":"68","t":"16:51:14","h":"Ouest destination Anse-\u00e0-l'Orme / Timberlea-Trail","s":"25N-H60NV10S-98-S"},{"r":"68","t":"16:51:14","h":"Ouest destination Anse-\u00e0-l'Orme / Timberlea-Trail","s":"25N-H60NV20S-98-S"},{"r":"68","t":"16:51:14","h":"Ouest destination Anse-\u00e0-l'Orme / Timberlea-Trail","s":"25S-H60S000S-80-S"},{"r":"68","t":"16:54:23","h":"Ouest","s":"25N-H60N000I-80-I"},{"r":"68","t":"16:54:23","h":"Ouest","s":"25N-H60N100F-81-F1"},{"r":"68","t":"16:54:23","h":"Ouest","s":"25N-H60N200F-81-F2"},{"r":"68","t":"16:54:23","h":"Ouest","s":"25N-H60N300F-82-F3"},{"r":"68","t":"16:54:23","h":"Ouest","s":"25N-H60N400F-81-F4"},{"r":"68","t":"16:54:23","h":"Ouest","s":"25N-H60NV10I-80-I"},{"r":"68","t":"16:54:23","h":"Ouest","s":"25N-H60NV20I-80-I"},{"r":"68","t":"16:54:23","h":"Ouest","s":"25S-H60S000I-80-I"},{"r":"68","t":"16:54:23","h":"Ouest","s":"25S-H60S100F-82-F1"},{"r":"68","t":"16:54:23","h":"Ouest","s":"25S-H60S200F-81-F2"},{"r":"68","t":"16:57:23","h":"Ouest","s":"25N-H60N000A-80-A"},{"r":"68","t":"16:57:23","h":"Ouest","s":"25N-H60NV10A-80-A"},{"r":"68","t":"16:57:23","h":"Ouest","s":"25N-H60NV20A-80-A"},{"r":"68","t":"16:57:23","h":"Ouest","s":"25S-H60S000A-80-A"},{"r":"68","t":"17:16:14","h":"Ouest destination Anse-\u00e0-l'Orme / Timberlea-Trail","s":"25N-H60N000S-80-S"},{"r":"68","t":"17:16:14","h":"Ouest destination Anse-\u00e0-l'Orme / Timberlea-Trail","s":"25N-H60N000S-98-S"},{"r":"68","t":"17:16:14","h":"Ouest destination Anse-\u00e0-l'Orme / Timberlea-Trail","s":"25N-H60NV10S-98-S"},{"r":"68","t":"17:16:14","h":"Ouest destination Anse-\u00e0-l'Orme / Timberlea-Trail","s":"25N-H60NV20S-98-S"},{"r":"68","t":"17:16:14","h":"Ouest destination Anse-\u00e0-l'Orme / Timberlea-Trail","s":"25S-H60S000S-80-S"},{"r":"401","t":"17:21:20","h":"Nord via Ch\u00e2teau-Pierrefonds","s":"25N-H60N000S-80-S"},{"r":"401","t":"17:21:20","h":"Nord via Ch\u00e2teau-Pierrefonds","s":"25N-H60N000S-98-S"},{"r":"401","t":"17:21:20","h":"Nord via Ch\u00e2teau-Pierrefonds","s":"25N-H60NV10S-98-S"},{"r":"401","t":"17:21:20","h":"Nord via Ch\u00e2teau-Pierrefonds","s":"25N-H60NV20S-98-S"},{"r":"401","t":"17:21:20","h":"Nord via Ch\u00e2teau-Pierrefonds","s":"25S-H60S000S-80-S"},{"r":"68","t":"17:24:23","h":"Ouest","s":"25N-H60N000I-80-I"},{"r":"68","t":"17:24:23","h":"Ouest","s":"25N-H60N100F-81-F1"},{"r":"68","t":"17:24:23","h":"Ouest","s":"25N-H60N200F-81-F2"},{"r":"68","t":"17:24:23","h":"Ouest","s":"25N-H60N300F-82-F3"},{"r":"68","t":"17:24:23","h":"Ouest","s":"25N-H60N400F-81-F4"},{"r":"68","t":"17:24:23","h":"Ouest","s":"25N-H60NV10I-80-I"},{"r":"68","t":"17:24:23","h":"Ouest","s":"25N-H60NV20I-80-I"},{"r":"68","t":"17:24:23","h":"Ouest","s":"25S-H60S000I-80-I"},{"r":"68","t":"17:24:23","h":"Ouest","s":"25S-H60S100F-82-F1"},{"r":"68","t":"17:24:23","h":"Ouest","s":"25S-H60S200F-81-F2"},{"r":"68","t":"17:27:23","h":"Ouest","s":"25N-H60N000A-80-A"},{"r":"68","t":"17:27:23","h":"Ouest","s":"25N-H60NV10A-80-A"},{"r":"68","t":"17:27:23","h":"Ouest","s":"25N-H60NV20A-80-A"},{"r":"68","t":"17:27:23","h":"Ouest","s":"25S-H60S000A-80-A"},{"r":"68","t":"17:41:14","h":"Ouest destination Anse-\u00e0-l'Orme / Timberlea-Trail","s":"25N-H60N000S-80-S"},{"r":"68","t":"17:41:14","h":"Ouest destination Anse-\u00e0-l'Orme / Timberlea-Trail","s":"25N-H60N000S-98-S"},{"r":"68","t":"17:41:14","h":"Ouest destination Anse-\u00e0-l'Orme / Timberlea-Trail","s":"25N-H60NV10S-98-S"},{"r":"68","t":"17:41:14","h":"Ouest destination Anse-\u00e0-l'Orme / Timberlea-Trail","s":"25N-H60NV20S-98-S"},{"r":"68","t":"17:41:14","h":"Ouest destination Anse-\u00e0-l'Orme / Timberlea-Trail","s":"25S-H60S000S-80-S"},{"r":"401","t":"17:41:20","h":"Nord via Ch\u00e2teau-Pierrefonds","s":"25N-H60N000S-80-S"},{"r":"401","t":"17:41:20","h":"Nord via Ch\u00e2teau-Pierrefonds","s":"25N-H60N000S-98-S"},{"r":"401","t":"17:41:20","h":"Nord via Ch\u00e2teau-Pierrefonds","s":"25N-H60NV10S-98-S"},{"r":"401","t":"17:41:20","h":"Nord via Ch\u00e2teau-Pierrefonds","s":"25N-H60NV20S-98-S"},{"r":"401","t":"17:41:20","h":"Nord via Ch\u00e2teau-Pierrefonds","s":"25S-H60S000S-80-S"},{"r":"68","t":"17:54:23","h":"Ouest","s":"25N-H60N000I-80-I"},{"r":"68","t":"17:54:23","h":"Ouest","s":"25N-H60N100F-81-F1"},{"r":"68","t":"17:54:23","h":"Ouest","s":"25N-H60N200F-81-F2"},{"r":"68","t":"17:54:23","h":"Ouest","s":"25N-H60N300F-82-F3"},{"r":"68","t":"17:54:23","h":"Ouest","s":"25N-H60N400F-81-F4"},{"r":"68","t":"17:54:23","h":"Ouest","s":"25N-H60NV10I-80-I"},{"r":"68","t":"17:54:23","h":"Ouest","s":"25N-H60NV20I-80-I"},{"r":"68","t":"17:54:23","h":"Ouest","s":"25S-H60S000I-80-I"},{"r":"68","t":"17:54:23","h":"Ouest","s":"25S-H60S100F-82-F1"},{"r":"68","t":"17:54:23","h":"Ouest","s":"25S-H60S200F-81-F2"},{"r":"68","t":"17:56:23","h":"Ouest","s":"25N-H60N000A-80-A"},{"r":"68","t":"17:56:23","h":"Ouest","s":"25N-H60NV10A-80-A"},{"r":"68","t":"17:56:23","h":"Ouest","s":"25N-H60NV20A-80-A"},{"r":"68","t":"17:56:23","h":"Ouest","s":"25S-H60S000A-80-A"},{"r":"401","t":"18:01:20","h":"Nord via Ch\u00e2teau-Pierrefonds","s":"25N-H60N000S-80-S"},{"r":"401","t":"18:01:20","h":"Nord via Ch\u00e2teau-Pierrefonds","s":"25N-H60N000S-98-S"},{"r":"401","t":"18:01:20","h":"Nord via Ch\u00e2teau-Pierrefonds","s":"25N-H60NV10S-98-S"},{"r":"401","t":"18:01:20","h":"Nord via Ch\u00e2teau-Pierrefonds","s":"25N-H60NV20S-98-S"},{"r":"401","t":"18:01:20","h":"Nord via Ch\u00e2teau-Pierrefonds","s":"25S-H60S000S-80-S"},{"r":"68","t":"18:06:14","h":"Ouest destination Anse-\u00e0-l'Orme / Timberlea-Trail","s":"25N-H60N000S-80-S"},{"r":"68","t":"18:06:14","h":"Ouest destination Anse-\u00e0-l'Orme / Timberlea-Trail","s":"25N-H60N000S-98-S"},{"r":"68","t":"18:06:14","h":"Ouest destination Anse-\u00e0-l'Orme / Timberlea-Trail","s":"25N-H60NV10S-98-S"},{"r":"68","t":"18:06:14","h":"Ouest destination Anse-\u00e0-l'Orme / Timberlea-Trail","s":"25N-H60NV20S-98-S"},{"r":"68","t":"18:06:14","h":"Ouest destination Anse-\u00e0-l'Orme / Timberlea-Trail","s":"25S-H60S000S-80-S"},{"r":"401","t":"18:20:20","h":"Nord via Ch\u00e2teau-Pierrefonds","s":"25N-H60N000S-80-S"},{"r":"401","t":"18:20:20","h":"Nord via Ch\u00e2teau-Pierrefonds","s":"25N-H60N000S-98-S"},{"r":"401","t":"18:20:20","h":"Nord via Ch\u00e2teau-Pierrefonds","s":"25N-H60NV10S-98-S"},{"r":"401","t":"18:20:20","h":"Nord via Ch\u00e2teau-Pierrefonds","s":"25N-H60NV20S-98-S"},{"r":"401","t":"18:20:20","h":"Nord via Ch\u00e2teau-Pierrefonds","s":"25S-H60S000S-80-S"},{"r":"68","t":"18:24:23","h":"Ouest","s":"25N-H60N000A-80-A"},{"r":"68","t":"18:24:23","h":"Ouest","s":"25N-H60N000I-80-I"},{"r":"68","t":"18:24:23","h":"Ouest","s":"25N-H60N100F-81-F1"},{"r":"68","t":"18:24:23","h":"Ouest","s":"25N-H60N200F-81-F2"},{"r":"68","t":"18:24:23","h":"Ouest","s":"25N-H60N300F-82-F3"},{"r":"68","t":"18:24:23","h":"Ouest","s":"25N-H60N400F-81-F4"},{"r":"68","t":"18:24:23","h":"Ouest","s":"25N-H60NV10A-80-A"},{"r":"68","t":"18:24:23","h":"Ouest","s":"25N-H60NV10I-80-I"},{"r":"68","t":"18:24:23","h":"Ouest","s":"25N-H60NV20A-80-A"},{"r":"68","t":"18:24:23","h":"Ouest","s":"25N-H60NV20I-80-I"},{"r":"68","t":"18:24:23","h":"Ouest","s":"25S-H60S000A-80-A"},{"r":"68","t":"18:24:23","h":"Ouest","s":"25S-H60S000I-80-I"},{"r":"68","t":"18:24:23","h":"Ouest","s":"25S-H60S100F-82-F1"},{"r":"68","t":"18:24:23","h":"Ouest","s":"25S-H60S200F-81-F2"},{"r":"68","t":"18:30:14","h":"Ouest destination Anse-\u00e0-l'Orme / Timberlea-Trail","s":"25N-H60N000S-80-S"},{"r":"68","t":"18:30:14","h":"Ouest destination Anse-\u00e0-l'Orme / Timberlea-Trail","s":"25N-H60N000S-98-S"},{"r":"68","t":"18:30:14","h":"Ouest destination Anse-\u00e0-l'Orme / Timberlea-Trail","s":"25N-H60NV10S-98-S"},{"r":"68","t":"18:30:14","h":"Ouest destination Anse-\u00e0-l'Orme / Timberlea-Trail","s":"25N-H60NV20S-98-S"},{"r":"68","t":"18:30:14","h":"Ouest destination Anse-\u00e0-l'Orme / Timberlea-Trail","s":"25S-H60S000S-80-S"},{"r":"401","t":"18:38:20","h":"Nord via Ch\u00e2teau-Pierrefonds","s":"25N-H60N000S-80-S"},{"r":"401","t":"18:38:20","h":"Nord via Ch\u00e2teau-Pierrefonds","s":"25N-H60N000S-98-S"},{"r":"401","t":"18:38:20","h":"Nord via Ch\u00e2teau-Pierrefonds","s":"25N-H60NV10S-98-S"},{"r":"401","t":"18:38:20","h":"Nord via Ch\u00e2teau-Pierrefonds","s":"25N-H60NV20S-98-S"},{"r":"401","t":"18:38:20","h":"Nord via Ch\u00e2teau-Pierrefonds","s":"25S-H60S000S-80-S"},{"r":"68","t":"18:51:23","h":"Ouest","s":"25N-H60N000I-80-I"},{"r":"68","t":"18:51:23","h":"Ouest","s":"25N-H60N100F-81-F1"},{"r":"68","t":"18:51:23","h":"Ouest","s":"25N-H60N200F-81-F2"},{"r":"68","t":"18:51:23","h":"Ouest","s":"25N-H60N300F-82-F3"},{"r":"68","t":"18:51:23","h":"Ouest","s":"25N-H60N400F-81-F4"},{"r":"68","t":"18:51:23","h":"Ouest","s":"25N-H60NV10I-80-I"},{"r":"68","t":"18:51:23","h":"Ouest","s":"25N-H60NV20I-80-I"},{"r":"68","t":"18:51:23","h":"Ouest","s":"25S-H60S000I-80-I"},{"r":"68","t":"18:51:23","h":"Ouest","s":"25S-H60S100F-82-F1"},{"r":"68","t":"18:51:23","h":"Ouest","s":"25S-H60S200F-81-F2"},{"r":"68","t":"18:53:23","h":"Ouest","s":"25N-H60N000A-80-A"},{"r":"68","t":"18:53:23","h":"Ouest","s":"25N-H60NV10A-80-A"},{"r":"68","t":"18:53:23","h":"Ouest","s":"25N-H60NV20A-80-A"},{"r":"68","t":"18:53:23","h":"Ouest","s":"25S-H60S000A-80-A"},{"r":"68","t":"18:55:14","h":"Ouest destination Anse-\u00e0-l'Orme / Timberlea-Trail","s":"25N-H60N000S-80-S"},{"r":"68","t":"18:55:14","h":"Ouest destination Anse-\u00e0-l'Orme / Timberlea-Trail","s":"25N-H60N000S-98-S"},{"r":"68","t":"18:55:14","h":"Ouest destination Anse-\u00e0-l'Orme / Timberlea-Trail","s":"25N-H60NV10S-98-S"},{"r":"68","t":"18:55:14","h":"Ouest destination Anse-\u00e0-l'Orme / Timberlea-Trail","s":"25N-H60NV20S-98-S"},{"r":"68","t":"18:55:14","h":"Ouest destination Anse-\u00e0-l'Orme / Timberlea-Trail","s":"25S-H60S000S-80-S"},{"r":"401","t":"19:01:20","h":"Nord via Ch\u00e2teau-Pierrefonds","s":"25N-H60N000S-80-S"},{"r":"401","t":"19:01:20","h":"Nord via Ch\u00e2teau-Pierrefonds","s":"25N-H60N000S-98-S"},{"r":"401","t":"19:01:20","h":"Nord via Ch\u00e2teau-Pierrefonds","s":"25N-H60NV10S-98-S"},{"r":"401","t":"19:01:20","h":"Nord via Ch\u00e2teau-Pierrefonds","s":"25N-H60NV20S-98-S"},{"r":"401","t":"19:01:20","h":"Nord via Ch\u00e2teau-Pierrefonds","s":"25S-H60S000S-80-S"},{"r":"68","t":"19:19:23","h":"Ouest","s":"25N-H60N000I-80-I"},{"r":"68","t":"19:19:23","h":"Ouest","s":"25N-H60N100F-81-F1"},{"r":"68","t":"19:19:23","h":"Ouest","s":"25N-H60N200F-81-F2"},{"r":"68","t":"19:19:23","h":"Ouest","s":"25N-H60N300F-82-F3"},{"r":"68","t":"19:19:23","h":"Ouest","s":"25N-H60N400F-81-F4"},{"r":"68","t":"19:19:23","h":"Ouest","s":"25N-H60NV10I-80-I"},{"r":"68","t":"19:19:23","h":"Ouest","s":"25N-H60NV20I-80-I"},{"r":"68","t":"19:19:23","h":"Ouest","s":"25S-H60S000I-80-I"},{"r":"68","t":"19:19:23","h":"Ouest","s":"25S-H60S100F-82-F1"},{"r":"68","t":"19:19:23","h":"Ouest","s":"25S-H60S200F-81-F2"},{"r":"68","t":"19:21:14","h":"Ouest destination Anse-\u00e0-l'Orme / Timberlea-Trail","s":"25N-H60N000S-80-S"},{"r":"68","t":"19:21:14","h":"Ouest destination Anse-\u00e0-l'Orme / Timberlea-Trail","s":"25N-H60N000S-98-S"},{"r":"68","t":"19:21:14","h":"Ouest destination Anse-\u00e0-l'Orme / Timberlea-Trail","s":"25N-H60NV10S-98-S"},{"r":"68","t":"19:21:14","h":"Ouest destination Anse-\u00e0-l'Orme / Timberlea-Trail","s":"25N-H60NV20S-98-S"},{"r":"68","t":"19:21:14","h":"Ouest destination Anse-\u00e0-l'Orme / Timberlea-Trail","s":"25S-H60S000S-80-S"},{"r":"68","t":"19:21:23","h":"Ouest","s":"25N-H60N000A-80-A"},{"r":"68","t":"19:21:23","h":"Ouest","s":"25N-H60NV10A-80-A"},{"r":"68","t":"19:21:23","h":"Ouest","s":"25N-H60NV20A-80-A"},{"r":"68","t":"19:21:23","h":"Ouest","s":"25S-H60S000A-80-A"},{"r":"401","t":"19:26:20","h":"Nord via Ch\u00e2teau-Pierrefonds","s":"25N-H60N000S-80-S"},{"r":"401","t":"19:26:20","h":"Nord via Ch\u00e2teau-Pierrefonds","s":"25N-H60N000S-98-S"},{"r":"401","t":"19:26:20","h":"Nord via Ch\u00e2teau-Pierrefonds","s":"25N-H60NV10S-98-S"},{"r":"401","t":"19:26:20","h":"Nord via Ch\u00e2teau-Pierrefonds","s":"25N-H60NV20S-98-S"},{"r":"401","t":"19:26:20","h":"Nord via Ch\u00e2teau-Pierrefonds","s":"25S-H60S000S-80-S"},{"r":"68","t":"19:47:14","h":"Ouest destination Anse-\u00e0-l'Orme / Timberlea-Trail","s":"25N-H60N000S-80-S"},{"r":"68","t":"19:47:14","h":"Ouest destination Anse-\u00e0-l'Orme / Timberlea-Trail","s":"25N-H60N000S-98-S"},{"r":"68","t":"19:47:14","h":"Ouest destination Anse-\u00e0-l'Orme / Timberlea-Trail","s":"25N-H60NV10S-98-S"},{"r":"68","t":"19:47:14","h":"Ouest destination Anse-\u00e0-l'Orme / Timberlea-Trail","s":"25N-H60NV20S-98-S"},{"r":"68","t":"19:47:14","h":"Ouest destination Anse-\u00e0-l'Orme / Timberlea-Trail","s":"25S-H60S000S-80-S"},{"r":"68","t":"19:47:23","h":"Ouest","s":"25N-H60N000I-80-I"},{"r":"68","t":"19:47:23","h":"Ouest","s":"25N-H60N100F-81-F1"},{"r":"68","t":"19:47:23","h":"Ouest","s":"25N-H60N200F-81-F2"},{"r":"68","t":"19:47:23","h":"Ouest","s":"25N-H60N300F-82-F3"},{"r":"68","t":"19:47:23","h":"Ouest","s":"25N-H60N400F-81-F4"},{"r":"68","t":"19:47:23","h":"Ouest","s":"25N-H60NV10I-80-I"},{"r":"68","t":"19:47:23","h":"Ouest","s":"25N-H60NV20I-80-I"},{"r":"68","t":"19:47:23","h":"Ouest","s":"25S-H60S000I-80-I"},{"r":"68","t":"19:47:23","h":"Ouest","s":"25S-H60S100F-82-F1"},{"r":"68","t":"19:47:23","h":"Ouest","s":"25S-H60S200F-81-F2"},{"r":"68","t":"19:48:23","h":"Ouest","s":"25N-H60N000A-80-A"},{"r":"68","t":"19:48:23","h":"Ouest","s":"25N-H60NV10A-80-A"},{"r":"68","t":"19:48:23","h":"Ouest","s":"25N-H60NV20A-80-A"},{"r":"68","t":"19:48:23","h":"Ouest","s":"25S-H60S000A-80-A"},{"r":"68","t":"20:12:14","h":"Ouest destination Anse-\u00e0-l'Orme / Timberlea-Trail","s":"25N-H60N000S-80-S"},{"r":"68","t":"20:12:14","h":"Ouest destination Anse-\u00e0-l'Orme / Timberlea-Trail","s":"25N-H60N000S-98-S"},{"r":"68","t":"20:12:14","h":"Ouest destination Anse-\u00e0-l'Orme / Timberlea-Trail","s":"25N-H60NV10S-98-S"},{"r":"68","t":"20:12:14","h":"Ouest destination Anse-\u00e0-l'Orme / Timberlea-Trail","s":"25N-H60NV20S-98-S"},{"r":"68","t":"20:12:14","h":"Ouest destination Anse-\u00e0-l'Orme / Timberlea-Trail","s":"25S-H60S000S-80-S"},{"r":"68","t":"20:15:23","h":"Ouest","s":"25N-H60N000A-80-A"},{"r":"68","t":"20:15:23","h":"Ouest","s":"25N-H60N000I-80-I"},{"r":"68","t":"20:15:23","h":"Ouest","s":"25N-H60N100F-81-F1"},{"r":"68","t":"20:15:23","h":"Ouest","s":"25N-H60N200F-81-F2"},{"r":"68","t":"20:15:23","h":"Ouest","s":"25N-H60N300F-82-F3"},{"r":"68","t":"20:15:23","h":"Ouest","s":"25N-H60N400F-81-F4"},{"r":"68","t":"20:15:23","h":"Ouest","s":"25N-H60NV10A-80-A"},{"r":"68","t":"20:15:23","h":"Ouest","s":"25N-H60NV10I-80-I"},{"r":"68","t":"20:15:23","h":"Ouest","s":"25N-H60NV20A-80-A"},{"r":"68","t":"20:15:23","h":"Ouest","s":"25N-H60NV20I-80-I"},{"r":"68","t":"20:15:23","h":"Ouest","s":"25S-H60S000A-80-A"},{"r":"68","t":"20:15:23","h":"Ouest","s":"25S-H60S000I-80-I"},{"r":"68","t":"20:15:23","h":"Ouest","s":"25S-H60S100F-82-F1"},{"r":"68","t":"20:15:23","h":"Ouest","s":"25S-H60S200F-81-F2"},{"r":"68","t":"20:36:23","h":"Ouest","s":"25N-H60N000S-80-S"},{"r":"68","t":"20:36:23","h":"Ouest","s":"25N-H60N000S-98-S"},{"r":"68","t":"20:36:23","h":"Ouest","s":"25N-H60NV10S-98-S"},{"r":"68","t":"20:36:23","h":"Ouest","s":"25N-H60NV20S-98-S"},{"r":"68","t":"20:36:23","h":"Ouest","s":"25S-H60S000S-80-S"},{"r":"68","t":"20:40:23","h":"Ouest","s":"25N-H60N000A-80-A"},{"r":"68","t":"20:40:23","h":"Ouest","s":"25N-H60NV10A-80-A"},{"r":"68","t":"20:40:23","h":"Ouest","s":"25N-H60NV20A-80-A"},{"r":"68","t":"20:40:23","h":"Ouest","s":"25S-H60S000A-80-A"},{"r":"68","t":"20:43:23","h":"Ouest destination Anse-\u00e0-l'Orme / Timberlea-Trail","s":"25N-H60N000I-80-I"},{"r":"68","t":"20:43:23","h":"Ouest destination Anse-\u00e0-l'Orme / Timberlea-Trail","s":"25N-H60N100F-81-F1"},{"r":"68","t":"20:43:23","h":"Ouest","s":"25N-H60N200F-81-F2"},{"r":"68","t":"20:43:23","h":"Ouest destination Anse-\u00e0-l'Orme / Timberlea-Trail","s":"25N-H60N300F-82-F3"},{"r":"68","t":"20:43:23","h":"Ouest","s":"25N-H60N400F-81-F4"},{"r":"68","t":"20:43:23","h":"Ouest destination Anse-\u00e0-l'Orme / Timberlea-Trail","s":"25N-H60NV10I-80-I"},{"r":"68","t":"20:43:23","h":"Ouest destination Anse-\u00e0-l'Orme / Timberlea-Trail","s":"25N-H60NV20I-80-I"},{"r":"68","t":"20:43:23","h":"Ouest destination Anse-\u00e0-l'Orme / Timberlea-Trail","s":"25S-H60S000I-80-I"},{"r":"68","t":"20:43:23","h":"Ouest","s":"25S-H60S100F-82-F1"},{"r":"68","t":"20:43:23","h":"Ouest","s":"25S-H60S200F-81-F2"},{"r":"68","t":"21:02:23","h":"Ouest","s":"25N-H60N000S-80-S"},{"r":"68","t":"21:02:23","h":"Ouest","s":"25N-H60N000S-98-S"},{"r":"68","t":"21:02:23","h":"Ouest","s":"25N-H60NV10S-98-S"},{"r":"68","t":"21:02:23","h":"Ouest","s":"25N-H60NV20S-98-S"},{"r":"68","t":"21:02:23","h":"Ouest","s":"25S-H60S000S-80-S"},{"r":"68","t":"21:08:23","h":"Ouest","s":"25N-H60N000I-80-I"},{"r":"68","t":"21:08:23","h":"Ouest","s":"25N-H60N100F-81-F1"},{"r":"68","t":"21:08:23","h":"Ouest","s":"25N-H60N200F-81-F2"},{"r":"68","t":"21:08:23","h":"Ouest","s":"25N-H60N300F-82-F3"},{"r":"68","t":"21:08:23","h":"Ouest","s":"25N-H60N400F-81-F4"},{"r":"68","t":"21:08:23","h":"Ouest","s":"25N-H60NV10I-80-I"},{"r":"68","t":"21:08:23","h":"Ouest","s":"25N-H60NV20I-80-I"},{"r":"68","t":"21:08:23","h":"Ouest","s":"25S-H60S000I-80-I"},{"r":"68","t":"21:08:23","h":"Ouest","s":"25S-H60S100F-82-F1"},{"r":"68","t":"21:08:23","h":"Ouest","s":"25S-H60S200F-81-F2"},{"r":"68","t":"21:09:23","h":"Ouest destination Anse-\u00e0-l'Orme / Timberlea-Trail","s":"25N-H60N000A-80-A"},{"r":"68","t":"21:09:23","h":"Ouest destination Anse-\u00e0-l'Orme / Timberlea-Trail","s":"25N-H60NV10A-80-A"},{"r":"68","t":"21:09:23","h":"Ouest destination Anse-\u00e0-l'Orme / Timberlea-Trail","s":"25N-H60NV20A-80-A"},{"r":"68","t":"21:09:23","h":"Ouest destination Anse-\u00e0-l'Orme / Timberlea-Trail","s":"25S-H60S000A-80-A"},{"r":"68","t":"21:28:23","h":"Ouest","s":"25N-H60N000S-80-S"},{"r":"68","t":"21:28:23","h":"Ouest","s":"25N-H60N000S-98-S"},{"r":"68","t":"21:28:23","h":"Ouest","s":"25N-H60NV10S-98-S"},{"r":"68","t":"21:28:23","h":"Ouest","s":"25N-H60NV20S-98-S"},{"r":"68","t":"21:28:23","h":"Ouest","s":"25S-H60S000S-80-S"},{"r":"68","t":"21:35:23","h":"Ouest","s":"25N-H60N000A-80-A"},{"r":"68","t":"21:35:23","h":"Ouest","s":"25N-H60NV10A-80-A"},{"r":"68","t":"21:35:23","h":"Ouest","s":"25N-H60NV20A-80-A"},{"r":"68","t":"21:35:23","h":"Ouest","s":"25S-H60S000A-80-A"},{"r":"68","t":"21:36:23","h":"Ouest","s":"25N-H60N000I-80-I"},{"r":"68","t":"21:36:23","h":"Ouest","s":"25N-H60N100F-81-F1"},{"r":"68","t":"21:36:23","h":"Ouest","s":"25N-H60N200F-81-F2"},{"r":"68","t":"21:36:23","h":"Ouest","s":"25N-H60N300F-82-F3"},{"r":"68","t":"21:36:23","h":"Ouest","s":"25N-H60N400F-81-F4"},{"r":"68","t":"21:36:23","h":"Ouest","s":"25N-H60NV10I-80-I"},{"r":"68","t":"21:36:23","h":"Ouest","s":"25N-H60NV20I-80-I"},{"r":"68","t":"21:36:23","h":"Ouest","s":"25S-H60S000I-80-I"},{"r":"68","t":"21:36:23","h":"Ouest","s":"25S-H60S100F-82-F1"},{"r":"68","t":"21:36:23","h":"Ouest","s":"25S-H60S200F-81-F2"},{"r":"68","t":"21:57:23","h":"Ouest","s":"25N-H60N000S-80-S"},{"r":"68","t":"21:57:23","h":"Ouest","s":"25N-H60N000S-98-S"},{"r":"68","t":"21:57:23","h":"Ouest","s":"25N-H60NV10S-98-S"},{"r":"68","t":"21:57:23","h":"Ouest","s":"25N-H60NV20S-98-S"},{"r":"68","t":"21:57:23","h":"Ouest","s":"25S-H60S000S-80-S"},{"r":"68","t":"22:04:23","h":"Ouest","s":"25N-H60N000I-80-I"},{"r":"68","t":"22:04:23","h":"Ouest","s":"25N-H60N100F-81-F1"},{"r":"68","t":"22:04:23","h":"Ouest","s":"25N-H60N200F-81-F2"},{"r":"68","t":"22:04:23","h":"Ouest","s":"25N-H60N300F-82-F3"},{"r":"68","t":"22:04:23","h":"Ouest","s":"25N-H60N400F-81-F4"},{"r":"68","t":"22:04:23","h":"Ouest","s":"25N-H60NV10I-80-I"},{"r":"68","t":"22:04:23","h":"Ouest","s":"25N-H60NV20I-80-I"},{"r":"68","t":"22:04:23","h":"Ouest","s":"25S-H60S000I-80-I"},{"r":"68","t":"22:04:23","h":"Ouest","s":"25S-H60S100F-82-F1"},{"r":"68","t":"22:04:23","h":"Ouest","s":"25S-H60S200F-81-F2"},{"r":"68","t":"22:07:23","h":"Ouest","s":"25N-H60N000A-80-A"},{"r":"68","t":"22:07:23","h":"Ouest","s":"25N-H60NV10A-80-A"},{"r":"68","t":"22:07:23","h":"Ouest","s":"25N-H60NV20A-80-A"},{"r":"68","t":"22:07:23","h":"Ouest","s":"25S-H60S000A-80-A"},{"r":"68","t":"22:26:23","h":"Ouest","s":"25N-H60N000S-80-S"},{"r":"68","t":"22:26:23","h":"Ouest","s":"25N-H60N000S-98-S"},{"r":"68","t":"22:26:23","h":"Ouest","s":"25N-H60NV10S-98-S"},{"r":"68","t":"22:26:23","h":"Ouest","s":"25N-H60NV20S-98-S"},{"r":"68","t":"22:26:23","h":"Ouest","s":"25S-H60S000S-80-S"},{"r":"68","t":"22:32:23","h":"Ouest","s":"25N-H60N000I-80-I"},{"r":"68","t":"22:32:23","h":"Ouest","s":"25N-H60N100F-81-F1"},{"r":"68","t":"22:32:23","h":"Ouest","s":"25N-H60N200F-81-F2"},{"r":"68","t":"22:32:23","h":"Ouest","s":"25N-H60N300F-82-F3"},{"r":"68","t":"22:32:23","h":"Ouest","s":"25N-H60N400F-81-F4"},{"r":"68","t":"22:32:23","h":"Ouest","s":"25N-H60NV10I-80-I"},{"r":"68","t":"22:32:23","h":"Ouest","s":"25N-H60NV20I-80-I"},{"r":"68","t":"22:32:23","h":"Ouest","s":"25S-H60S000I-80-I"},{"r":"68","t":"22:32:23","h":"Ouest","s":"25S-H60S100F-82-F1"},{"r":"68","t":"22:32:23","h":"Ouest","s":"25S-H60S200F-81-F2"},{"r":"68","t":"22:39:23","h":"Ouest","s":"25N-H60N000A-80-A"},{"r":"68","t":"22:39:23","h":"Ouest","s":"25N-H60NV10A-80-A"},{"r":"68","t":"22:39:23","h":"Ouest","s":"25N-H60NV20A-80-A"},{"r":"68","t":"22:39:23","h":"Ouest","s":"25S-H60S000A-80-A"},{"r":"68","t":"22:53:23","h":"Ouest","s":"25N-H60N000S-80-S"},{"r":"68","t":"22:53:23","h":"Ouest","s":"25N-H60N000S-98-S"},{"r":"68","t":"22:53:23","h":"Ouest","s":"25N-H60NV10S-98-S"},{"r":"68","t":"22:53:23","h":"Ouest","s":"25N-H60NV20S-98-S"},{"r":"68","t":"22:53:23","h":"Ouest","s":"25S-H60S000S-80-S"},{"r":"68","t":"23:01:23","h":"Ouest","s":"25N-H60N000I-80-I"},{"r":"68","t":"23:01:23","h":"Ouest","s":"25N-H60N100F-81-F1"},{"r":"68","t":"23:01:23","h":"Ouest","s":"25N-H60N200F-81-F2"},{"r":"68","t":"23:01:23","h":"Ouest","s":"25N-H60N300F-82-F3"},{"r":"68","t":"23:01:23","h":"Ouest","s":"25N-H60N400F-81-F4"},{"r":"68","t":"23:01:23","h":"Ouest","s":"25N-H60NV10I-80-I"},{"r":"68","t":"23:01:23","h":"Ouest","s":"25N-H60NV20I-80-I"},{"r":"68","t":"23:01:23","h":"Ouest","s":"25S-H60S000I-80-I"},{"r":"68","t":"23:01:23","h":"Ouest","s":"25S-H60S100F-82-F1"},{"r":"68","t":"23:01:23","h":"Ouest","s":"25S-H60S200F-81-F2"},{"r":"68","t":"23:12:23","h":"Ouest","s":"25N-H60N000A-80-A"},{"r":"68","t":"23:12:23","h":"Ouest","s":"25N-H60NV10A-80-A"},{"r":"68","t":"23:12:23","h":"Ouest","s":"25N-H60NV20A-80-A"},{"r":"68","t":"23:12:23","h":"Ouest","s":"25S-H60S000A-80-A"},{"r":"68","t":"23:29:23","h":"Ouest","s":"25N-H60N000S-80-S"},{"r":"68","t":"23:29:23","h":"Ouest","s":"25N-H60N000S-98-S"},{"r":"68","t":"23:29:23","h":"Ouest","s":"25N-H60NV10S-98-S"},{"r":"68","t":"23:29:23","h":"Ouest","s":"25N-H60NV20S-98-S"},{"r":"68","t":"23:29:23","h":"Ouest","s":"25S-H60S000S-80-S"},{"r":"68","t":"23:32:23","h":"Ouest","s":"25N-H60N000I-80-I"},{"r":"68","t":"23:32:23","h":"Ouest","s":"25N-H60N100F-81-F1"},{"r":"68","t":"23:32:23","h":"Ouest","s":"25N-H60N200F-81-F2"},{"r":"68","t":"23:32:23","h":"Ouest","s":"25N-H60N300F-82-F3"},{"r":"68","t":"23:32:23","h":"Ouest","s":"25N-H60N400F-81-F4"},{"r":"68","t":"23:32:23","h":"Ouest","s":"25N-H60NV10I-80-I"},{"r":"68","t":"23:32:23","h":"Ouest","s":"25N-H60NV20I-80-I"},{"r":"68","t":"23:32:23","h":"Ouest","s":"25S-H60S000I-80-I"},{"r":"68","t":"23:32:23","h":"Ouest","s":"25S-H60S100F-82-F1"},{"r":"68","t":"23:32:23","h":"Ouest","s":"25S-H60S200F-81-F2"},{"r":"68","t":"23:43:23","h":"Ouest","s":"25N-H60N000A-80-A"},{"r":"68","t":"23:43:23","h":"Ouest","s":"25N-H60NV10A-80-A"},{"r":"68","t":"23:43:23","h":"Ouest","s":"25N-H60NV20A-80-A"},{"r":"68","t":"23:43:23","h":"Ouest","s":"25S-H60S000A-80-A"},{"r":"68","t":"24:05:23","h":"Ouest destination Anse-\u00e0-l'Orme / Timberlea-Trail","s":"25N-H60N000I-80-I"},{"r":"68","t":"24:05:23","h":"Ouest","s":"25N-H60N000S-80-S"},{"r":"68","t":"24:05:23","h":"Ouest","s":"25N-H60N000S-98-S"},{"r":"68","t":"24:05:23","h":"Ouest destination Anse-\u00e0-l'Orme / Timberlea-Trail","s":"25N-H60N100F-81-F1"},{"r":"68","t":"24:05:23","h":"Ouest destination Anse-\u00e0-l'Orme / Timberlea-Trail","s":"25N-H60N200F-81-F2"},{"r":"68","t":"24:05:23","h":"Ouest destination Anse-\u00e0-l'Orme / Timberlea-Trail","s":"25N-H60N300F-82-F3"},{"r":"68","t":"24:05:23","h":"Ouest destination Anse-\u00e0-l'Orme / Timberlea-Trail","s":"25N-H60N400F-81-F4"},{"r":"68","t":"24:05:23","h":"Ouest destination Anse-\u00e0-l'Orme / Timberlea-Trail","s":"25N-H60NV10I-80-I"},{"r":"68","t":"24:05:23","h":"Ouest","s":"25N-H60NV10S-98-S"},{"r":"68","t":"24:05:23","h":"Ouest destination Anse-\u00e0-l'Orme / Timberlea-Trail","s":"25N-H60NV20I-80-I"},{"r":"68","t":"24:05:23","h":"Ouest","s":"25N-H60NV20S-98-S"},{"r":"68","t":"24:05:23","h":"Ouest destination Anse-\u00e0-l'Orme / Timberlea-Trail","s":"25S-H60S000I-80-I"},{"r":"68","t":"24:05:23","h":"Ouest","s":"25S-H60S000S-80-S"},{"r":"68","t":"24:05:23","h":"Ouest destination Anse-\u00e0-l'Orme / Timberlea-Trail","s":"25S-H60S100F-82-F1"},{"r":"68","t":"24:05:23","h":"Ouest destination Anse-\u00e0-l'Orme / Timberlea-Trail","s":"25S-H60S200F-81-F2"},{"r":"68","t":"24:16:23","h":"Ouest","s":"25N-H60N000A-80-A"},{"r":"68","t":"24:16:23","h":"Ouest","s":"25N-H60NV10A-80-A"},{"r":"68","t":"24:16:23","h":"Ouest","s":"25N-H60NV20A-80-A"},{"r":"68","t":"24:16:23","h":"Ouest","s":"25S-H60S000A-80-A"},{"r":"68","t":"24:37:23","h":"Ouest","s":"25N-H60N000S-80-S"},{"r":"68","t":"24:37:23","h":"Ouest","s":"25N-H60N000S-98-S"},{"r":"68","t":"24:37:23","h":"Ouest","s":"25N-H60NV10S-98-S"},{"r":"68","t":"24:37:23","h":"Ouest","s":"25N-H60NV20S-98-S"},{"r":"68","t":"24:37:23","h":"Ouest","s":"25S-H60S000S-80-S"},{"r":"68","t":"24:38:23","h":"Ouest destination Anse-\u00e0-l'Orme / Timberlea-Trail","s":"25N-H60N000I-80-I"},{"r":"68","t":"24:38:23","h":"Ouest destination Anse-\u00e0-l'Orme / Timberlea-Trail","s":"25N-H60N100F-81-F1"},{"r":"68","t":"24:38:23","h":"Ouest destination Anse-\u00e0-l'Orme / Timberlea-Trail","s":"25N-H60N200F-81-F2"},{"r":"68","t":"24:38:23","h":"Ouest destination Anse-\u00e0-l'Orme / Timberlea-Trail","s":"25N-H60N300F-82-F3"},{"r":"68","t":"24:38:23","h":"Ouest destination Anse-\u00e0-l'Orme / Timberlea-Trail","s":"25N-H60N400F-81-F4"},{"r":"68","t":"24:38:23","h":"Ouest destination Anse-\u00e0-l'Orme / Timberlea-Trail","s":"25N-H60NV10I-80-I"},{"r":"68","t":"24:38:23","h":"Ouest destination Anse-\u00e0-l'Orme / Timberlea-Trail","s":"25N-H60NV20I-80-I"},{"r":"68","t":"24:38:23","h":"Ouest destination Anse-\u00e0-l'Orme / Timberlea-Trail","s":"25S-H60S000I-80-I"},{"r":"68","t":"24:38:23","h":"Ouest destination Anse-\u00e0-l'Orme / Timberlea-Trail","s":"25S-H60S100F-82-F1"},{"r":"68","t":"24:38:23","h":"Ouest destination Anse-\u00e0-l'Orme / Timberlea-Trail","s":"25S-H60S200F-81-F2"},{"r":"68","t":"24:48:23","h":"Ouest destination Anse-\u00e0-l'Orme / Timberlea-Trail","s":"25N-H60N000A-80-A"},{"r":"68","t":"24:48:23","h":"Ouest destination Anse-\u00e0-l'Orme / Timberlea-Trail","s":"25N-H60NV10A-80-A"},{"r":"68","t":"24:48:23","h":"Ouest destination Anse-\u00e0-l'Orme / Timberlea-Trail","s":"25N-H60NV20A-80-A"},{"r":"68","t":"24:48:23","h":"Ouest destination Anse-\u00e0-l'Orme / Timberlea-Trail","s":"25S-H60S000A-80-A"},{"r":"68","t":"25:07:23","h":"Ouest destination Anse-\u00e0-l'Orme / Timberlea-Trail","s":"25N-H60N000I-80-I"},{"r":"68","t":"25:07:23","h":"Ouest destination Anse-\u00e0-l'Orme / Timberlea-Trail","s":"25N-H60N100F-81-F1"},{"r":"68","t":"25:07:23","h":"Ouest destination Anse-\u00e0-l'Orme / Timberlea-Trail","s":"25N-H60N200F-81-F2"},{"r":"68","t":"25:07:23","h":"Ouest destination Anse-\u00e0-l'Orme / Timberlea-Trail","s":"25N-H60N300F-82-F3"},{"r":"68","t":"25:07:23","h":"Ouest destination Anse-\u00e0-l'Orme / Timberlea-Trail","s":"25N-H60N400F-81-F4"},{"r":"68","t":"25:07:23","h":"Ouest destination Anse-\u00e0-l'Orme / Timberlea-Trail","s":"25N-H60NV10I-80-I"},{"r":"68","t":"25:07:23","h":"Ouest destination Anse-\u00e0-l'Orme / Timberlea-Trail","s":"25N-H60NV20I-80-I"},{"r":"68","t":"25:07:23","h":"Ouest destination Anse-\u00e0-l'Orme / Timberlea-Trail","s":"25S-H60S000I-80-I"},{"r":"68","t":"25:07:23","h":"Ouest destination Anse-\u00e0-l'Orme / Timberlea-Trail","s":"25S-H60S100F-82-F1"},{"r":"68","t":"25:07:23","h":"Ouest destination Anse-\u00e0-l'Orme / Timberlea-Trail","s":"25S-H60S200F-81-F2"},{"r":"68","t":"25:11:23","h":"Ouest destination Anse-\u00e0-l'Orme / Timberlea-Trail","s":"25N-H60N000S-80-S"},{"r":"68","t":"25:11:23","h":"Ouest destination Anse-\u00e0-l'Orme / Timberlea-Trail","s":"25N-H60N000S-98-S"},{"r":"68","t":"25:11:23","h":"Ouest destination Anse-\u00e0-l'Orme / Timberlea-Trail","s":"25N-H60NV10S-98-S"},{"r":"68","t":"25:11:23","h":"Ouest destination Anse-\u00e0-l'Orme / Timberlea-Trail","s":"25N-H60NV20S-98-S"},{"r":"68","t":"25:11:23","h":"Ouest destination Anse-\u00e0-l'Orme / Timberlea-Trail","s":"25S-H60S000S-80-S"},{"r":"68","t":"25:19:23","h":"Ouest destination Anse-\u00e0-l'Orme / Timberlea-Trail","s":"25N-H60N000A-80-A"},{"r":"68","t":"25:19:23","h":"Ouest destination Anse-\u00e0-l'Orme / Timberlea-Trail","s":"25N-H60NV10A-80-A"},{"r":"68","t":"25:19:23","h":"Ouest destination Anse-\u00e0-l'Orme / Timberlea-Trail","s":"25N-H60NV20A-80-A"},{"r":"68","t":"25:19:23","h":"Ouest destination Anse-\u00e0-l'Orme / Timberlea-Trail","s":"25S-H60S000A-80-A"},{"r":"68","t":"25:39:23","h":"Ouest destination Anse-\u00e0-l'Orme / Timberlea-Trail","s":"25N-H60N000I-80-I"},{"r":"68","t":"25:39:23","h":"Ouest destination Anse-\u00e0-l'Orme / Timberlea-Trail","s":"25N-H60N100F-81-F1"},{"r":"68","t":"25:39:23","h":"Ouest destination Anse-\u00e0-l'Orme / Timberlea-Trail","s":"25N-H60N200F-81-F2"},{"r":"68","t":"25:39:23","h":"Ouest destination Anse-\u00e0-l'Orme / Timberlea-Trail","s":"25N-H60N300F-82-F3"},{"r":"68","t":"25:39:23","h":"Ouest destination Anse-\u00e0-l'Orme / Timberlea-Trail","s":"25N-H60N400F-81-F4"},{"r":"68","t":"25:39:23","h":"Ouest destination Anse-\u00e0-l'Orme / Timberlea-Trail","s":"25N-H60NV10I-80-I"},{"r":"68","t":"25:39:23","h":"Ouest destination Anse-\u00e0-l'Orme / Timberlea-Trail","s":"25N-H60NV20I-80-I"},{"r":"68","t":"25:39:23","h":"Ouest destination Anse-\u00e0-l'Orme / Timberlea-Trail","s":"25S-H60S000I-80-I"},{"r":"68","t":"25:39:23","h":"Ouest destination Anse-\u00e0-l'Orme / Timberlea-Trail","s":"25S-H60S100F-82-F1"},{"r":"68","t":"25:39:23","h":"Ouest destination Anse-\u00e0-l'Orme / Timberlea-Trail","s":"25S-H60S200F-81-F2"},{"r":"68","t":"25:47:23","h":"Ouest destination Anse-\u00e0-l'Orme / Timberlea-Trail","s":"25N-H60N000S-80-S"},{"r":"68","t":"25:47:23","h":"Ouest destination Anse-\u00e0-l'Orme / Timberlea-Trail","s":"25N-H60N000S-98-S"},{"r":"68","t":"25:47:23","h":"Ouest destination Anse-\u00e0-l'Orme / Timberlea-Trail","s":"25N-H60NV10S-98-S"},{"r":"68","t":"25:47:23","h":"Ouest destination Anse-\u00e0-l'Orme / Timberlea-Trail","s":"25N-H60NV20S-98-S"},{"r":"68","t":"25:47:23","h":"Ouest destination Anse-\u00e0-l'Orme / Timberlea-Trail","s":"25S-H60S000S-80-S"},{"r":"68","t":"25:48:23","h":"Ouest destination Anse-\u00e0-l'Orme / Timberlea-Trail","s":"25N-H60N000A-80-A"},{"r":"68","t":"25:48:23","h":"Ouest destination Anse-\u00e0-l'Orme / Timberlea-Trail","s":"25N-H60NV10A-80-A"},{"r":"68","t":"25:48:23","h":"Ouest destination Anse-\u00e0-l'Orme / Timberlea-Trail","s":"25N-H60NV20A-80-A"},{"r":"68","t":"25:48:23","h":"Ouest destination Anse-\u00e0-l'Orme / Timberlea-Trail","s":"25S-H60S000A-80-A"},{"r":"68","t":"26:17:23","h":"Ouest destination Anse-\u00e0-l'Orme / Timberlea-Trail","s":"25N-H60N000A-80-A"},{"r":"68","t":"26:17:23","h":"Ouest destination Anse-\u00e0-l'Orme / Timberlea-Trail","s":"25N-H60NV10A-80-A"},{"r":"68","t":"26:17:23","h":"Ouest destination Anse-\u00e0-l'Orme / Timberlea-Trail","s":"25N-H60NV20A-80-A"},{"r":"68","t":"26:17:23","h":"Ouest destination Anse-\u00e0-l'Orme / Timberlea-Trail","s":"25S-H60S000A-80-A"}]