[{"r":"68","t":"05:04:00","h":"Est","s":"25N-H60N000S-80-S"},{"r":"68","t":"05:04:00","h":"Est","s":"25N-H60N000S-98-S"},{"r":"68","t":"05:04:00","h":"Est","s":"25N-H60NV10S-98-S"},{"r":"68","t":"05:04:00","h":"Est","s":"25N-H60NV20S-98-S"},{"r":"68","t":"05:04:00","h":"Est","s":"25S-H60S000S-80-S"},{"r":"68","t":"05:34:00","h":"Est","s":"25N-H60N000S-80-S"},{"r":"68","t":"05:34:00","h":"Est","s":"25N-H60N000S-98-S"},{"r":"68","t":"05:34:00","h":"Est","s":"25N-H60NV10S-98-S"},{"r":"68","t":"05:34:00","h":"Est","s":"25N-H60NV20S-98-S"},{"r":"68","t":"05:34:00","h":"Est","s":"25S-H60S000S-80-S"},{"r":"68","t":"06:05:00","h":"Est","s":"25N-H60N000S-80-S"},{"r":"68","t":"06:05:00","h":"Est","s":"25N-H60N000S-98-S"},{"r":"68","t":"06:05:00","h":"Est","s":"25N-H60NV10S-98-S"},{"r":"68","t":"06:05:00","h":"Est","s":"25N-H60NV20S-98-S"},{"r":"68","t":"06:05:00","h":"Est","s":"25S-H60S000S-80-S"},{"r":"68","t":"06:21:00","h":"Est","s":"25N-H60N000I-80-I"},{"r":"68","t":"06:21:00","h":"Est","s":"25N-H60N100F-81-F1"},{"r":"68","t":"06:21:00","h":"Est","s":"25N-H60N200F-81-F2"},{"r":"68","t":"06:21:00","h":"Est","s":"25N-H60N300F-82-F3"},{"r":"68","t":"06:21:00","h":"Est","s":"25N-H60N400F-81-F4"},{"r":"68","t":"06:21:00","h":"Est","s":"25N-H60NV10I-80-I"},{"r":"68","t":"06:21:00","h":"Est","s":"25N-H60NV20I-80-I"},{"r":"68","t":"06:21:00","h":"Est","s":"25S-H60S000I-80-I"},{"r":"68","t":"06:21:00","h":"Est","s":"25S-H60S100F-82-F1"},{"r":"68","t":"06:21:00","h":"Est","s":"25S-H60S200F-81-F2"},{"r":"68","t":"06:24:00","h":"Est","s":"25N-H60N000A-80-A"},{"r":"68","t":"06:24:00","h":"Est","s":"25N-H60NV10A-80-A"},{"r":"68","t":"06:24:00","h":"Est","s":"25N-H60NV20A-80-A"},{"r":"68","t":"06:24:00","h":"Est","s":"25S-H60S000A-80-A"},{"r":"68","t":"06:40:00","h":"Est","s":"25N-H60N000S-80-S"},{"r":"68","t":"06:40:00","h":"Est","s":"25N-H60N000S-98-S"},{"r":"68","t":"06:40:00","h":"Est","s":"25N-H60NV10S-98-S"},{"r":"68","t":"06:40:00","h":"Est","s":"25N-H60NV20S-98-S"},{"r":"68","t":"06:40:00","h":"Est","s":"25S-H60S000S-80-S"},{"r":"68","t":"06:56:00","h":"Est","s":"25N-H60N000A-80-A"},{"r":"68","t":"06:56:00","h":"Est","s":"25N-H60N000I-80-I"},{"r":"68","t":"06:56:00","h":"Est","s":"25N-H60N100F-81-F1"},{"r":"68","t":"06:56:00","h":"Est","s":"25N-H60N200F-81-F2"},{"r":"68","t":"06:56:00","h":"Est","s":"25N-H60N300F-82-F3"},{"r":"68","t":"06:56:00","h":"Est","s":"25N-H60N400F-81-F4"},{"r":"68","t":"06:56:00","h":"Est","s":"25N-H60NV10A-80-A"},{"r":"68","t":"06:56:00","h":"Est","s":"25N-H60NV10I-80-I"},{"r":"68","t":"06:56:00","h":"Est","s":"25N-H60NV20A-80-A"},{"r":"68","t":"06:56:00","h":"Est","s":"25N-H60NV20I-80-I"},{"r":"68","t":"06:56:00","h":"Est","s":"25S-H60S000A-80-A"},{"r":"68","t":"06:56:00","h":"Est","s":"25S-H60S000I-80-I"},{"r":"68","t":"06:56:00","h":"Est","s":"25S-H60S100F-82-F1"},{"r":"68","t":"06:56:00","h":"Est","s":"25S-H60S200F-81-F2"},{"r":"68","t":"07:15:00","h":"Est","s":"25N-H60N000S-80-S"},{"r":"68","t":"07:15:00","h":"Est","s":"25N-H60N000S-98-S"},{"r":"68","t":"07:15:00","h":"Est","s":"25N-H60NV10S-98-S"},{"r":"68","t":"07:15:00","h":"Est","s":"25N-H60NV20S-98-S"},{"r":"68","t":"07:15:00","h":"Est","s":"25S-H60S000S-80-S"},{"r":"68","t":"07:29:00","h":"Est","s":"25N-H60N000A-80-A"},{"r":"68","t":"07:29:00","h":"Est","s":"25N-H60NV10A-80-A"},{"r":"68","t":"07:29:00","h":"Est","s":"25N-H60NV20A-80-A"},{"r":"68","t":"07:29:00","h":"Est","s":"25S-H60S000A-80-A"},{"r":"68","t":"07:31:00","h":"Est","s":"25N-H60N000I-80-I"},{"r":"68","t":"07:31:00","h":"Est","s":"25N-H60N100F-81-F1"},{"r":"68","t":"07:31:00","h":"Est","s":"25N-H60N200F-81-F2"},{"r":"68","t":"07:31:00","h":"Est","s":"25N-H60N300F-82-F3"},{"r":"68","t":"07:31:00","h":"Est","s":"25N-H60N400F-81-F4"},{"r":"68","t":"07:31:00","h":"Est","s":"25N-H60NV10I-80-I"},{"r":"68","t":"07:31:00","h":"Est","s":"25N-H60NV20I-80-I"},{"r":"68","t":"07:31:00","h":"Est","s":"25S-H60S000I-80-I"},{"r":"68","t":"07:31:00","h":"Est","s":"25S-H60S100F-82-F1"},{"r":"68","t":"07:31:00","h":"Est","s":"25S-H60S200F-81-F2"},{"r":"68","t":"07:47:00","h":"Est","s":"25N-H60N000S-80-S"},{"r":"68","t":"07:47:00","h":"Est","s":"25N-H60N000S-98-S"},{"r":"68","t":"07:47:00","h":"Est","s":"25N-H60NV10S-98-S"},{"r":"68","t":"07:47:00","h":"Est","s":"25N-H60NV20S-98-S"},{"r":"68","t":"07:47:00","h":"Est","s":"25S-H60S000S-80-S"},{"r":"68","t":"08:02:00","h":"Est","s":"25N-H60N000A-80-A"},{"r":"68","t":"08:02:00","h":"Est","s":"25N-H60NV10A-80-A"},{"r":"68","t":"08:02:00","h":"Est","s":"25N-H60NV20A-80-A"},{"r":"68","t":"08:02:00","h":"Est","s":"25S-H60S000A-80-A"},{"r":"68","t":"08:06:00","h":"Est","s":"25N-H60N000I-80-I"},{"r":"68","t":"08:06:00","h":"Est","s":"25N-H60N100F-81-F1"},{"r":"68","t":"08:06:00","h":"Est","s":"25N-H60N200F-81-F2"},{"r":"68","t":"08:06:00","h":"Est","s":"25N-H60N300F-82-F3"},{"r":"68","t":"08:06:00","h":"Est","s":"25N-H60N400F-81-F4"},{"r":"68","t":"08:06:00","h":"Est","s":"25N-H60NV10I-80-I"},{"r":"68","t":"08:06:00","h":"Est","s":"25N-H60NV20I-80-I"},{"r":"68","t":"08:06:00","h":"Est","s":"25S-H60S000I-80-I"},{"r":"68","t":"08:06:00","h":"Est","s":"25S-H60S100F-82-F1"},{"r":"68","t":"08:06:00","h":"Est","s":"25S-H60S200F-81-F2"},{"r":"68","t":"08:22:00","h":"Est","s":"25N-H60N000S-80-S"},{"r":"68","t":"08:22:00","h":"Est","s":"25N-H60N000S-98-S"},{"r":"68","t":"08:22:00","h":"Est","s":"25N-H60NV10S-98-S"},{"r":"68","t":"08:22:00","h":"Est","s":"25N-H60NV20S-98-S"},{"r":"68","t":"08:22:00","h":"Est","s":"25S-H60S000S-80-S"},{"r":"68","t":"08:35:00","h":"Est","s":"25N-H60N000A-80-A"},{"r":"68","t":"08:35:00","h":"Est","s":"25N-H60NV10A-80-A"},{"r":"68","t":"08:35:00","h":"Est","s":"25N-H60NV20A-80-A"},{"r":"68","t":"08:35:00","h":"Est","s":"25S-H60S000A-80-A"},{"r":"68","t":"08:39:00","h":"Est","s":"25N-H60N000I-80-I"},{"r":"68","t":"08:39:00","h":"Est","s":"25N-H60N100F-81-F1"},{"r":"68","t":"08:39:00","h":"Est","s":"25N-H60N200F-81-F2"},{"r":"68","t":"08:39:00","h":"Est","s":"25N-H60N300F-82-F3"},{"r":"68","t":"08:39:00","h":"Est","s":"25N-H60N400F-81-F4"},{"r":"68","t":"08:39:00","h":"Est","s":"25N-H60NV10I-80-I"},{"r":"68","t":"08:39:00","h":"Est","s":"25N-H60NV20I-80-I"},{"r":"68","t":"08:39:00","h":"Est","s":"25S-H60S000I-80-I"},{"r":"68","t":"08:39:00","h":"Est","s":"25S-H60S100F-82-F1"},{"r":"68","t":"08:39:00","h":"Est","s":"25S-H60S200F-81-F2"},{"r":"68","t":"08:55:00","h":"Est","s":"25N-H60N000S-80-S"},{"r":"68","t":"08:55:00","h":"Est","s":"25N-H60N000S-98-S"},{"r":"68","t":"08:55:00","h":"Est","s":"25N-H60NV10S-98-S"},{"r":"68","t":"08:55:00","h":"Est","s":"25N-H60NV20S-98-S"},{"r":"68","t":"08:55:00","h":"Est","s":"25S-H60S000S-80-S"},{"r":"68","t":"09:07:00","h":"Est","s":"25N-H60N000I-80-I"},{"r":"68","t":"09:07:00","h":"Est","s":"25N-H60N100F-81-F1"},{"r":"68","t":"09:07:00","h":"Est","s":"25N-H60N300F-82-F3"},{"r":"68","t":"09:07:00","h":"Est","s":"25N-H60NV10I-80-I"},{"r":"68","t":"09:07:00","h":"Est","s":"25N-H60NV20I-80-I"},{"r":"68","t":"09:07:00","h":"Est","s":"25S-H60S000I-80-I"},{"r":"68","t":"09:08:00","h":"Est","s":"25N-H60N000A-80-A"},{"r":"68","t":"09:08:00","h":"Est","s":"25N-H60N200F-81-F2"},{"r":"68","t":"09:08:00","h":"Est","s":"25N-H60N400F-81-F4"},{"r":"68","t":"09:08:00","h":"Est","s":"25N-H60NV10A-80-A"},{"r":"68","t":"09:08:00","h":"Est","s":"25N-H60NV20A-80-A"},{"r":"68","t":"09:08:00","h":"Est","s":"25S-H60S000A-80-A"},{"r":"68","t":"09:08:00","h":"Est","s":"25S-H60S100F-82-F1"},{"r":"68","t":"09:08:00","h":"Est","s":"25S-H60S200F-81-F2"},{"r":"68","t":"09:29:00","h":"Est","s":"25N-H60N000S-80-S"},{"r":"68","t":"09:29:00","h":"Est","s":"25N-H60N000S-98-S"},{"r":"68","t":"09:29:00","h":"Est","s":"25N-H60NV10S-98-S"},{"r":"68","t":"09:29:00","h":"Est","s":"25N-H60NV20S-98-S"},{"r":"68","t":"09:29:00","h":"Est","s":"25S-H60S000S-80-S"},{"r":"68","t":"09:37:00","h":"Est","s":"25N-H60N000I-80-I"},{"r":"68","t":"09:37:00","h":"Est","s":"25N-H60N100F-81-F1"},{"r":"68","t":"09:37:00","h":"Est","s":"25N-H60N200F-81-F2"},{"r":"68","t":"09:37:00","h":"Est","s":"25N-H60N300F-82-F3"},{"r":"68","t":"09:37:00","h":"Est","s":"25N-H60N400F-81-F4"},{"r":"68","t":"09:37:00","h":"Est","s":"25N-H60NV10I-80-I"},{"r":"68","t":"09:37:00","h":"Est","s":"25N-H60NV20I-80-I"},{"r":"68","t":"09:37:00","h":"Est","s":"25S-H60S000I-80-I"},{"r":"68","t":"09:37:00","h":"Est","s":"25S-H60S100F-82-F1"},{"r":"68","t":"09:37:00","h":"Est","s":"25S-H60S200F-81-F2"},{"r":"68","t":"09:41:00","h":"Est","s":"25N-H60N000S-80-S"},{"r":"68","t":"09:41:00","h":"Est","s":"25N-H60N000S-98-S"},{"r":"68","t":"09:41:00","h":"Est","s":"25N-H60NV10S-98-S"},{"r":"68","t":"09:41:00","h":"Est","s":"25N-H60NV20S-98-S"},{"r":"68","t":"09:41:00","h":"Est","s":"25S-H60S000S-80-S"},{"r":"68","t":"09:42:00","h":"Est","s":"25N-H60N000A-80-A"},{"r":"68","t":"09:42:00","h":"Est","s":"25N-H60NV10A-80-A"},{"r":"68","t":"09:42:00","h":"Est","s":"25N-H60NV20A-80-A"},{"r":"68","t":"09:42:00","h":"Est","s":"25S-H60S000A-80-A"},{"r":"68","t":"10:05:00","h":"Est","s":"25N-H60N000I-80-I"},{"r":"68","t":"10:05:00","h":"Est","s":"25N-H60N100F-81-F1"},{"r":"68","t":"10:05:00","h":"Est","s":"25N-H60N200F-81-F2"},{"r":"68","t":"10:05:00","h":"Est","s":"25N-H60N300F-82-F3"},{"r":"68","t":"10:05:00","h":"Est","s":"25N-H60N400F-81-F4"},{"r":"68","t":"10:05:00","h":"Est","s":"25N-H60NV10I-80-I"},{"r":"68","t":"10:05:00","h":"Est","s":"25N-H60NV20I-80-I"},{"r":"68","t":"10:05:00","h":"Est","s":"25S-H60S000I-80-I"},{"r":"68","t":"10:05:00","h":"Est","s":"25S-H60S100F-82-F1"},{"r":"68","t":"10:05:00","h":"Est","s":"25S-H60S200F-81-F2"},{"r":"68","t":"10:09:00","h":"Est","s":"25N-H60N000S-80-S"},{"r":"68","t":"10:09:00","h":"Est","s":"25N-H60N000S-98-S"},{"r":"68","t":"10:09:00","h":"Est","s":"25N-H60NV10S-98-S"},{"r":"68","t":"10:09:00","h":"Est","s":"25N-H60NV20S-98-S"},{"r":"68","t":"10:09:00","h":"Est","s":"25S-H60S000S-80-S"},{"r":"68","t":"10:11:00","h":"Est","s":"25N-H60N000A-80-A"},{"r":"68","t":"10:11:00","h":"Est","s":"25N-H60NV10A-80-A"},{"r":"68","t":"10:11:00","h":"Est","s":"25N-H60NV20A-80-A"},{"r":"68","t":"10:11:00","h":"Est","s":"25S-H60S000A-80-A"},{"r":"68","t":"10:34:00","h":"Est","s":"25N-H60N000I-80-I"},{"r":"68","t":"10:34:00","h":"Est","s":"25N-H60N100F-81-F1"},{"r":"68","t":"10:34:00","h":"Est","s":"25N-H60N200F-81-F2"},{"r":"68","t":"10:34:00","h":"Est","s":"25N-H60N300F-82-F3"},{"r":"68","t":"10:34:00","h":"Est","s":"25N-H60N400F-81-F4"},{"r":"68","t":"10:34:00","h":"Est","s":"25N-H60NV10I-80-I"},{"r":"68","t":"10:34:00","h":"Est","s":"25N-H60NV20I-80-I"},{"r":"68","t":"10:34:00","h":"Est","s":"25S-H60S000I-80-I"},{"r":"68","t":"10:34:00","h":"Est","s":"25S-H60S100F-82-F1"},{"r":"68","t":"10:34:00","h":"Est","s":"25S-H60S200F-81-F2"},{"r":"68","t":"10:38:00","h":"Est","s":"25N-H60N000S-80-S"},{"r":"68","t":"10:38:00","h":"Est","s":"25N-H60N000S-98-S"},{"r":"68","t":"10:38:00","h":"Est","s":"25N-H60NV10S-98-S"},{"r":"68","t":"10:38:00","h":"Est","s":"25N-H60NV20S-98-S"},{"r":"68","t":"10:38:00","h":"Est","s":"25S-H60S000S-80-S"},{"r":"68","t":"10:39:00","h":"Est","s":"25N-H60N000A-80-A"},{"r":"68","t":"10:39:00","h":"Est","s":"25N-H60NV10A-80-A"},{"r":"68","t":"10:39:00","h":"Est","s":"25N-H60NV20A-80-A"},{"r":"68","t":"10:39:00","h":"Est","s":"25S-H60S000A-80-A"},{"r":"68","t":"11:02:00","h":"Est","s":"25N-H60N000I-80-I"},{"r":"68","t":"11:02:00","h":"Est","s":"25N-H60N100F-81-F1"},{"r":"68","t":"11:02:00","h":"Est","s":"25N-H60N200F-81-F2"},{"r":"68","t":"11:02:00","h":"Est","s":"25N-H60N300F-82-F3"},{"r":"68","t":"11:02:00","h":"Est","s":"25N-H60N400F-81-F4"},{"r":"68","t":"11:02:00","h":"Est","s":"25N-H60NV10I-80-I"},{"r":"68","t":"11:02:00","h":"Est","s":"25N-H60NV20I-80-I"},{"r":"68","t":"11:02:00","h":"Est","s":"25S-H60S000I-80-I"},{"r":"68","t":"11:02:00","h":"Est","s":"25S-H60S100F-82-F1"},{"r":"68","t":"11:02:00","h":"Est","s":"25S-H60S200F-81-F2"},{"r":"68","t":"11:07:00","h":"Est","s":"25N-H50N000S-80-S"},{"r":"68","t":"11:07:00","h":"Est","s":"25N-H50N000S-90-S"},{"r":"68","t":"11:07:00","h":"Est","s":"25N-H50NV10S-90-S"},{"r":"68","t":"11:07:00","h":"Est","s":"25N-H50NV20S-90-S"},{"r":"68","t":"11:07:00","h":"Est","s":"25S-H50S000S-81-S"},{"r":"68","t":"11:08:00","h":"Est","s":"25N-H60N000A-80-A"},{"r":"68","t":"11:08:00","h":"Est","s":"25N-H60NV10A-80-A"},{"r":"68","t":"11:08:00","h":"Est","s":"25N-H60NV20A-80-A"},{"r":"68","t":"11:08:00","h":"Est","s":"25S-H60S000A-80-A"},{"r":"68","t":"11:31:00","h":"Est","s":"25N-H60N000I-80-I"},{"r":"68","t":"11:31:00","h":"Est","s":"25N-H60N100F-81-F1"},{"r":"68","t":"11:31:00","h":"Est","s":"25N-H60N200F-81-F2"},{"r":"68","t":"11:31:00","h":"Est","s":"25N-H60N300F-82-F3"},{"r":"68","t":"11:31:00","h":"Est","s":"25N-H60N400F-81-F4"},{"r":"68","t":"11:31:00","h":"Est","s":"25N-H60NV10I-80-I"},{"r":"68","t":"11:31:00","h":"Est","s":"25N-H60NV20I-80-I"},{"r":"68","t":"11:31:00","h":"Est","s":"25S-H60S000I-80-I"},{"r":"68","t":"11:31:00","h":"Est","s":"25S-H60S100F-82-F1"},{"r":"68","t":"11:31:00","h":"Est","s":"25S-H60S200F-81-F2"},{"r":"68","t":"11:36:00","h":"Est","s":"25N-H60N000S-80-S"},{"r":"68","t":"11:36:00","h":"Est","s":"25N-H60N000S-98-S"},{"r":"68","t":"11:36:00","h":"Est","s":"25N-H60NV10S-98-S"},{"r":"68","t":"11:36:00","h":"Est","s":"25N-H60NV20S-98-S"},{"r":"68","t":"11:36:00","h":"Est","s":"25S-H60S000S-80-S"},{"r":"68","t":"11:38:00","h":"Est","s":"25N-H60N000A-80-A"},{"r":"68","t":"11:38:00","h":"Est","s":"25N-H60NV10A-80-A"},{"r":"68","t":"11:38:00","h":"Est","s":"25N-H60NV20A-80-A"},{"r":"68","t":"11:38:00","h":"Est","s":"25S-H60S000A-80-A"},{"r":"68","t":"12:01:00","h":"Est","s":"25N-H60N000I-80-I"},{"r":"68","t":"12:01:00","h":"Est","s":"25N-H60N100F-81-F1"},{"r":"68","t":"12:01:00","h":"Est","s":"25N-H60N200F-81-F2"},{"r":"68","t":"12:01:00","h":"Est","s":"25N-H60N300F-82-F3"},{"r":"68","t":"12:01:00","h":"Est","s":"25N-H60N400F-81-F4"},{"r":"68","t":"12:01:00","h":"Est","s":"25N-H60NV10I-80-I"},{"r":"68","t":"12:01:00","h":"Est","s":"25N-H60NV20I-80-I"},{"r":"68","t":"12:01:00","h":"Est","s":"25S-H60S000I-80-I"},{"r":"68","t":"12:01:00","h":"Est","s":"25S-H60S100F-82-F1"},{"r":"68","t":"12:01:00","h":"Est","s":"25S-H60S200F-81-F2"},{"r":"68","t":"12:05:00","h":"Est","s":"25N-H60N000S-80-S"},{"r":"68","t":"12:05:00","h":"Est","s":"25N-H60N000S-98-S"},{"r":"68","t":"12:05:00","h":"Est","s":"25N-H60NV10S-98-S"},{"r":"68","t":"12:05:00","h":"Est","s":"25N-H60NV20S-98-S"},{"r":"68","t":"12:05:00","h":"Est","s":"25S-H60S000S-80-S"},{"r":"68","t":"12:10:00","h":"Est","s":"25N-H60N000A-80-A"},{"r":"68","t":"12:10:00","h":"Est","s":"25N-H60NV10A-80-A"},{"r":"68","t":"12:10:00","h":"Est","s":"25N-H60NV20A-80-A"},{"r":"68","t":"12:10:00","h":"Est","s":"25S-H60S000A-80-A"},{"r":"68","t":"12:32:00","h":"Est","s":"25N-H60N000I-80-I"},{"r":"68","t":"12:32:00","h":"Est","s":"25N-H60N100F-81-F1"},{"r":"68","t":"12:32:00","h":"Est","s":"25N-H60N200F-81-F2"},{"r":"68","t":"12:32:00","h":"Est","s":"25N-H60N300F-82-F3"},{"r":"68","t":"12:32:00","h":"Est","s":"25N-H60N400F-81-F4"},{"r":"68","t":"12:32:00","h":"Est","s":"25N-H60NV10I-80-I"},{"r":"68","t":"12:32:00","h":"Est","s":"25N-H60NV20I-80-I"},{"r":"68","t":"12:32:00","h":"Est","s":"25S-H60S000I-80-I"},{"r":"68","t":"12:32:00","h":"Est","s":"25S-H60S100F-82-F1"},{"r":"68","t":"12:32:00","h":"Est","s":"25S-H60S200F-81-F2"},{"r":"68","t":"12:34:00","h":"Est","s":"25N-H60N000S-80-S"},{"r":"68","t":"12:34:00","h":"Est","s":"25N-H60N000S-98-S"},{"r":"68","t":"12:34:00","h":"Est","s":"25N-H60NV10S-98-S"},{"r":"68","t":"12:34:00","h":"Est","s":"25N-H60NV20S-98-S"},{"r":"68","t":"12:34:00","h":"Est","s":"25S-H60S000S-80-S"},{"r":"68","t":"12:40:00","h":"Est","s":"25N-H60N000A-80-A"},{"r":"68","t":"12:40:00","h":"Est","s":"25N-H60NV10A-80-A"},{"r":"68","t":"12:40:00","h":"Est","s":"25N-H60NV20A-80-A"},{"r":"68","t":"12:40:00","h":"Est","s":"25S-H60S000A-80-A"},{"r":"68","t":"13:02:00","h":"Est","s":"25N-H60N000I-80-I"},{"r":"68","t":"13:02:00","h":"Est","s":"25N-H60N100F-81-F1"},{"r":"68","t":"13:02:00","h":"Est","s":"25N-H60N200F-81-F2"},{"r":"68","t":"13:02:00","h":"Est","s":"25N-H60N300F-82-F3"},{"r":"68","t":"13:02:00","h":"Est","s":"25N-H60N400F-81-F4"},{"r":"68","t":"13:02:00","h":"Est","s":"25N-H60NV10I-80-I"},{"r":"68","t":"13:02:00","h":"Est","s":"25N-H60NV20I-80-I"},{"r":"68","t":"13:02:00","h":"Est","s":"25S-H60S000I-80-I"},{"r":"68","t":"13:02:00","h":"Est","s":"25S-H60S100F-82-F1"},{"r":"68","t":"13:02:00","h":"Est","s":"25S-H60S200F-81-F2"},{"r":"68","t":"13:03:00","h":"Est","s":"25N-H60N000S-80-S"},{"r":"68","t":"13:03:00","h":"Est","s":"25N-H60N000S-98-S"},{"r":"68","t":"13:03:00","h":"Est","s":"25N-H60NV10S-98-S"},{"r":"68","t":"13:03:00","h":"Est","s":"25N-H60NV20S-98-S"},{"r":"68","t":"13:03:00","h":"Est","s":"25S-H60S000S-80-S"},{"r":"68","t":"13:10:00","h":"Est","s":"25N-H60N000A-80-A"},{"r":"68","t":"13:10:00","h":"Est","s":"25N-H60NV10A-80-A"},{"r":"68","t":"13:10:00","h":"Est","s":"25N-H60NV20A-80-A"},{"r":"68","t":"13:10:00","h":"Est","s":"25S-H60S000A-80-A"},{"r":"68","t":"13:31:00","h":"Est","s":"25N-H60N000S-80-S"},{"r":"68","t":"13:31:00","h":"Est","s":"25N-H60N000S-98-S"},{"r":"68","t":"13:31:00","h":"Est","s":"25N-H60NV10S-98-S"},{"r":"68","t":"13:31:00","h":"Est","s":"25N-H60NV20S-98-S"},{"r":"68","t":"13:31:00","h":"Est","s":"25S-H60S000S-80-S"},{"r":"68","t":"13:32:00","h":"Est","s":"25N-H60N000I-80-I"},{"r":"68","t":"13:32:00","h":"Est","s":"25N-H60N100F-81-F1"},{"r":"68","t":"13:32:00","h":"Est","s":"25N-H60N200F-81-F2"},{"r":"68","t":"13:32:00","h":"Est","s":"25N-H60N300F-82-F3"},{"r":"68","t":"13:32:00","h":"Est","s":"25N-H60N400F-81-F4"},{"r":"68","t":"13:32:00","h":"Est","s":"25N-H60NV10I-80-I"},{"r":"68","t":"13:32:00","h":"Est","s":"25N-H60NV20I-80-I"},{"r":"68","t":"13:32:00","h":"Est","s":"25S-H60S000I-80-I"},{"r":"68","t":"13:32:00","h":"Est","s":"25S-H60S100F-82-F1"},{"r":"68","t":"13:32:00","h":"Est","s":"25S-H60S200F-81-F2"},{"r":"68","t":"13:40:00","h":"Est","s":"25N-H60N000A-80-A"},{"r":"68","t":"13:40:00","h":"Est","s":"25N-H60NV10A-80-A"},{"r":"68","t":"13:40:00","h":"Est","s":"25N-H60NV20A-80-A"},{"r":"68","t":"13:40:00","h":"Est","s":"25S-H60S000A-80-A"},{"r":"68","t":"14:00:00","h":"Est","s":"25N-H60N000S-80-S"},{"r":"68","t":"14:00:00","h":"Est","s":"25N-H60N000S-98-S"},{"r":"68","t":"14:00:00","h":"Est","s":"25N-H60NV10S-98-S"},{"r":"68","t":"14:00:00","h":"Est","s":"25N-H60NV20S-98-S"},{"r":"68","t":"14:00:00","h":"Est","s":"25S-H60S000S-80-S"},{"r":"68","t":"14:02:00","h":"Est","s":"25N-H60N000I-80-I"},{"r":"68","t":"14:02:00","h":"Est","s":"25N-H60N100F-81-F1"},{"r":"68","t":"14:02:00","h":"Est","s":"25N-H60N200F-81-F2"},{"r":"68","t":"14:02:00","h":"Est","s":"25N-H60N300F-82-F3"},{"r":"68","t":"14:02:00","h":"Est","s":"25N-H60N400F-81-F4"},{"r":"68","t":"14:02:00","h":"Est","s":"25N-H60NV10I-80-I"},{"r":"68","t":"14:02:00","h":"Est","s":"25N-H60NV20I-80-I"},{"r":"68","t":"14:02:00","h":"Est","s":"25S-H60S000I-80-I"},{"r":"68","t":"14:02:00","h":"Est","s":"25S-H60S100F-82-F1"},{"r":"68","t":"14:02:00","h":"Est","s":"25S-H60S200F-81-F2"},{"r":"68","t":"14:10:00","h":"Est","s":"25N-H60N000A-80-A"},{"r":"68","t":"14:10:00","h":"Est","s":"25N-H60NV10A-80-A"},{"r":"68","t":"14:10:00","h":"Est","s":"25N-H60NV20A-80-A"},{"r":"68","t":"14:10:00","h":"Est","s":"25S-H60S000A-80-A"},{"r":"68","t":"14:31:00","h":"Est","s":"25N-H60N000S-80-S"},{"r":"68","t":"14:31:00","h":"Est","s":"25N-H60N000S-98-S"},{"r":"68","t":"14:31:00","h":"Est","s":"25N-H60NV10S-98-S"},{"r":"68","t":"14:31:00","h":"Est","s":"25N-H60NV20S-98-S"},{"r":"68","t":"14:31:00","h":"Est","s":"25S-H60S000S-80-S"},{"r":"68","t":"14:32:00","h":"Est","s":"25N-H60N000I-80-I"},{"r":"68","t":"14:32:00","h":"Est","s":"25N-H60N100F-81-F1"},{"r":"68","t":"14:32:00","h":"Est","s":"25N-H60N200F-81-F2"},{"r":"68","t":"14:32:00","h":"Est","s":"25N-H60N300F-82-F3"},{"r":"68","t":"14:32:00","h":"Est","s":"25N-H60N400F-81-F4"},{"r":"68","t":"14:32:00","h":"Est","s":"25N-H60NV10I-80-I"},{"r":"68","t":"14:32:00","h":"Est","s":"25N-H60NV20I-80-I"},{"r":"68","t":"14:32:00","h":"Est","s":"25S-H60S000I-80-I"},{"r":"68","t":"14:32:00","h":"Est","s":"25S-H60S100F-82-F1"},{"r":"68","t":"14:32:00","h":"Est","s":"25S-H60S200F-81-F2"},{"r":"68","t":"14:39:00","h":"Est","s":"25N-H60N000A-80-A"},{"r":"68","t":"14:39:00","h":"Est","s":"25N-H60NV10A-80-A"},{"r":"68","t":"14:39:00","h":"Est","s":"25N-H60NV20A-80-A"},{"r":"68","t":"14:39:00","h":"Est","s":"25S-H60S000A-80-A"},{"r":"68","t":"15:01:00","h":"Est","s":"25N-H60N000S-80-S"},{"r":"68","t":"15:01:00","h":"Est","s":"25N-H60N000S-98-S"},{"r":"68","t":"15:01:00","h":"Est","s":"25N-H60NV10S-98-S"},{"r":"68","t":"15:01:00","h":"Est","s":"25N-H60NV20S-98-S"},{"r":"68","t":"15:01:00","h":"Est","s":"25S-H60S000S-80-S"},{"r":"68","t":"15:02:00","h":"Est","s":"25N-H60N000I-80-I"},{"r":"68","t":"15:02:00","h":"Est","s":"25N-H60N100F-81-F1"},{"r":"68","t":"15:02:00","h":"Est","s":"25N-H60N200F-81-F2"},{"r":"68","t":"15:02:00","h":"Est","s":"25N-H60N300F-82-F3"},{"r":"68","t":"15:02:00","h":"Est","s":"25N-H60N400F-81-F4"},{"r":"68","t":"15:02:00","h":"Est","s":"25N-H60NV10I-80-I"},{"r":"68","t":"15:02:00","h":"Est","s":"25N-H60NV20I-80-I"},{"r":"68","t":"15:02:00","h":"Est","s":"25S-H60S000I-80-I"},{"r":"68","t":"15:02:00","h":"Est","s":"25S-H60S100F-82-F1"},{"r":"68","t":"15:02:00","h":"Est","s":"25S-H60S200F-81-F2"},{"r":"68","t":"15:09:00","h":"Est","s":"25N-H60N000A-80-A"},{"r":"68","t":"15:09:00","h":"Est","s":"25N-H60NV10A-80-A"},{"r":"68","t":"15:09:00","h":"Est","s":"25N-H60NV20A-80-A"},{"r":"68","t":"15:09:00","h":"Est","s":"25S-H60S000A-80-A"},{"r":"68","t":"15:32:00","h":"Est","s":"25N-H60N000I-80-I"},{"r":"68","t":"15:32:00","h":"Est","s":"25N-H60N100F-81-F1"},{"r":"68","t":"15:32:00","h":"Est","s":"25N-H60N200F-81-F2"},{"r":"68","t":"15:32:00","h":"Est","s":"25N-H60N300F-82-F3"},{"r":"68","t":"15:32:00","h":"Est","s":"25N-H60N400F-81-F4"},{"r":"68","t":"15:32:00","h":"Est","s":"25N-H60NV10I-80-I"},{"r":"68","t":"15:32:00","h":"Est","s":"25N-H60NV20I-80-I"},{"r":"68","t":"15:32:00","h":"Est","s":"25S-H60S000I-80-I"},{"r":"68","t":"15:32:00","h":"Est","s":"25S-H60S100F-82-F1"},{"r":"68","t":"15:32:00","h":"Est","s":"25S-H60S200F-81-F2"},{"r":"68","t":"15:37:00","h":"Est","s":"25N-H60N000S-80-S"},{"r":"68","t":"15:37:00","h":"Est","s":"25N-H60N000S-98-S"},{"r":"68","t":"15:37:00","h":"Est","s":"25N-H60NV10S-98-S"},{"r":"68","t":"15:37:00","h":"Est","s":"25N-H60NV20S-98-S"},{"r":"68","t":"15:37:00","h":"Est","s":"25S-H60S000S-80-S"},{"r":"68","t":"15:39:00","h":"Est","s":"25N-H60N000A-80-A"},{"r":"68","t":"15:39:00","h":"Est","s":"25N-H60NV10A-80-A"},{"r":"68","t":"15:39:00","h":"Est","s":"25N-H60NV20A-80-A"},{"r":"68","t":"15:39:00","h":"Est","s":"25S-H60S000A-80-A"},{"r":"68","t":"16:02:00","h":"Est","s":"25N-H60N000I-80-I"},{"r":"68","t":"16:02:00","h":"Est","s":"25N-H60N100F-81-F1"},{"r":"68","t":"16:02:00","h":"Est","s":"25N-H60N200F-81-F2"},{"r":"68","t":"16:02:00","h":"Est","s":"25N-H60N300F-82-F3"},{"r":"68","t":"16:02:00","h":"Est","s":"25N-H60N400F-81-F4"},{"r":"68","t":"16:02:00","h":"Est","s":"25N-H60NV10I-80-I"},{"r":"68","t":"16:02:00","h":"Est","s":"25N-H60NV20I-80-I"},{"r":"68","t":"16:02:00","h":"Est","s":"25S-H60S000I-80-I"},{"r":"68","t":"16:02:00","h":"Est","s":"25S-H60S100F-82-F1"},{"r":"68","t":"16:02:00","h":"Est","s":"25S-H60S200F-81-F2"},{"r":"68","t":"16:05:00","h":"Est","s":"25N-H60N000S-80-S"},{"r":"68","t":"16:05:00","h":"Est","s":"25N-H60N000S-98-S"},{"r":"68","t":"16:05:00","h":"Est","s":"25N-H60NV10S-98-S"},{"r":"68","t":"16:05:00","h":"Est","s":"25N-H60NV20S-98-S"},{"r":"68","t":"16:05:00","h":"Est","s":"25S-H60S000S-80-S"},{"r":"68","t":"16:09:00","h":"Est","s":"25N-H60N000A-80-A"},{"r":"68","t":"16:09:00","h":"Est","s":"25N-H60NV10A-80-A"},{"r":"68","t":"16:09:00","h":"Est","s":"25N-H60NV20A-80-A"},{"r":"68","t":"16:09:00","h":"Est","s":"25S-H60S000A-80-A"},{"r":"68","t":"16:33:00","h":"Est","s":"25N-H60N000I-80-I"},{"r":"68","t":"16:33:00","h":"Est","s":"25N-H60N100F-81-F1"},{"r":"68","t":"16:33:00","h":"Est","s":"25N-H60N200F-81-F2"},{"r":"68","t":"16:33:00","h":"Est","s":"25N-H60N300F-82-F3"},{"r":"68","t":"16:33:00","h":"Est","s":"25N-H60N400F-81-F4"},{"r":"68","t":"16:33:00","h":"Est","s":"25N-H60NV10I-80-I"},{"r":"68","t":"16:33:00","h":"Est","s":"25N-H60NV20I-80-I"},{"r":"68","t":"16:33:00","h":"Est","s":"25S-H60S000I-80-I"},{"r":"68","t":"16:33:00","h":"Est","s":"25S-H60S100F-82-F1"},{"r":"68","t":"16:33:00","h":"Est","s":"25S-H60S200F-81-F2"},{"r":"68","t":"16:38:00","h":"Est","s":"25N-H60N000A-80-A"},{"r":"68","t":"16:38:00","h":"Est","s":"25N-H60N000S-80-S"},{"r":"68","t":"16:38:00","h":"Est","s":"25N-H60N000S-98-S"},{"r":"68","t":"16:38:00","h":"Est","s":"25N-H60NV10A-80-A"},{"r":"68","t":"16:38:00","h":"Est","s":"25N-H60NV10S-98-S"},{"r":"68","t":"16:38:00","h":"Est","s":"25N-H60NV20A-80-A"},{"r":"68","t":"16:38:00","h":"Est","s":"25N-H60NV20S-98-S"},{"r":"68","t":"16:38:00","h":"Est","s":"25S-H60S000A-80-A"},{"r":"68","t":"16:38:00","h":"Est","s":"25S-H60S000S-80-S"},{"r":"68","t":"17:03:00","h":"Est","s":"25N-H60N000I-80-I"},{"r":"68","t":"17:03:00","h":"Est","s":"25N-H60N100F-81-F1"},{"r":"68","t":"17:03:00","h":"Est","s":"25N-H60N200F-81-F2"},{"r":"68","t":"17:03:00","h":"Est","s":"25N-H60N300F-82-F3"},{"r":"68","t":"17:03:00","h":"Est","s":"25N-H60N400F-81-F4"},{"r":"68","t":"17:03:00","h":"Est","s":"25N-H60NV10I-80-I"},{"r":"68","t":"17:03:00","h":"Est","s":"25N-H60NV20I-80-I"},{"r":"68","t":"17:03:00","h":"Est","s":"25S-H60S000I-80-I"},{"r":"68","t":"17:03:00","h":"Est","s":"25S-H60S100F-82-F1"},{"r":"68","t":"17:03:00","h":"Est","s":"25S-H60S200F-81-F2"},{"r":"68","t":"17:05:00","h":"Est","s":"25N-H60N000S-80-S"},{"r":"68","t":"17:05:00","h":"Est","s":"25N-H60N000S-98-S"},{"r":"68","t":"17:05:00","h":"Est","s":"25N-H60NV10S-98-S"},{"r":"68","t":"17:05:00","h":"Est","s":"25N-H60NV20S-98-S"},{"r":"68","t":"17:05:00","h":"Est","s":"25S-H60S000S-80-S"},{"r":"68","t":"17:06:00","h":"Est","s":"25N-H60N000A-80-A"},{"r":"68","t":"17:06:00","h":"Est","s":"25N-H60NV10A-80-A"},{"r":"68","t":"17:06:00","h":"Est","s":"25N-H60NV20A-80-A"},{"r":"68","t":"17:06:00","h":"Est","s":"25S-H60S000A-80-A"},{"r":"68","t":"17:32:00","h":"Est","s":"25N-H60N000I-80-I"},{"r":"68","t":"17:32:00","h":"Est","s":"25N-H60N000S-80-S"},{"r":"68","t":"17:32:00","h":"Est","s":"25N-H60N000S-98-S"},{"r":"68","t":"17:32:00","h":"Est","s":"25N-H60N100F-81-F1"},{"r":"68","t":"17:32:00","h":"Est","s":"25N-H60N200F-81-F2"},{"r":"68","t":"17:32:00","h":"Est","s":"25N-H60N300F-82-F3"},{"r":"68","t":"17:32:00","h":"Est","s":"25N-H60N400F-81-F4"},{"r":"68","t":"17:32:00","h":"Est","s":"25N-H60NV10I-80-I"},{"r":"68","t":"17:32:00","h":"Est","s":"25N-H60NV10S-98-S"},{"r":"68","t":"17:32:00","h":"Est","s":"25N-H60NV20I-80-I"},{"r":"68","t":"17:32:00","h":"Est","s":"25N-H60NV20S-98-S"},{"r":"68","t":"17:32:00","h":"Est","s":"25S-H60S000I-80-I"},{"r":"68","t":"17:32:00","h":"Est","s":"25S-H60S000S-80-S"},{"r":"68","t":"17:32:00","h":"Est","s":"25S-H60S100F-82-F1"},{"r":"68","t":"17:32:00","h":"Est","s":"25S-H60S200F-81-F2"},{"r":"68","t":"17:35:00","h":"Est","s":"25N-H60N000A-80-A"},{"r":"68","t":"17:35:00","h":"Est","s":"25N-H60NV10A-80-A"},{"r":"68","t":"17:35:00","h":"Est","s":"25N-H60NV20A-80-A"},{"r":"68","t":"17:35:00","h":"Est","s":"25S-H60S000A-80-A"},{"r":"68","t":"18:00:00","h":"Est","s":"25N-H60N000S-80-S"},{"r":"68","t":"18:00:00","h":"Est","s":"25N-H60N000S-98-S"},{"r":"68","t":"18:00:00","h":"Est","s":"25N-H60NV10S-98-S"},{"r":"68","t":"18:00:00","h":"Est","s":"25N-H60NV20S-98-S"},{"r":"68","t":"18:00:00","h":"Est","s":"25S-H60S000S-80-S"},{"r":"68","t":"18:02:00","h":"Est","s":"25N-H60N000I-80-I"},{"r":"68","t":"18:02:00","h":"Est","s":"25N-H60N100F-81-F1"},{"r":"68","t":"18:02:00","h":"Est","s":"25N-H60N200F-81-F2"},{"r":"68","t":"18:02:00","h":"Est","s":"25N-H60N300F-82-F3"},{"r":"68","t":"18:02:00","h":"Est","s":"25N-H60N400F-81-F4"},{"r":"68","t":"18:02:00","h":"Est","s":"25N-H60NV10I-80-I"},{"r":"68","t":"18:02:00","h":"Est","s":"25N-H60NV20I-80-I"},{"r":"68","t":"18:02:00","h":"Est","s":"25S-H60S000I-80-I"},{"r":"68","t":"18:02:00","h":"Est","s":"25S-H60S100F-82-F1"},{"r":"68","t":"18:02:00","h":"Est","s":"25S-H60S200F-81-F2"},{"r":"68","t":"18:05:00","h":"Est","s":"25N-H60N000A-80-A"},{"r":"68","t":"18:05:00","h":"Est","s":"25N-H60NV10A-80-A"},{"r":"68","t":"18:05:00","h":"Est","s":"25N-H60NV20A-80-A"},{"r":"68","t":"18:05:00","h":"Est","s":"25S-H60S000A-80-A"},{"r":"68","t":"18:29:00","h":"Est","s":"25N-H60N000S-80-S"},{"r":"68","t":"18:29:00","h":"Est","s":"25N-H60N000S-98-S"},{"r":"68","t":"18:29:00","h":"Est","s":"25N-H60NV10S-98-S"},{"r":"68","t":"18:29:00","h":"Est","s":"25N-H60NV20S-98-S"},{"r":"68","t":"18:29:00","h":"Est","s":"25S-H60S000S-80-S"},{"r":"68","t":"18:32:00","h":"Est","s":"25N-H60N000I-80-I"},{"r":"68","t":"18:32:00","h":"Est","s":"25N-H60N100F-81-F1"},{"r":"68","t":"18:32:00","h":"Est","s":"25N-H60N200F-81-F2"},{"r":"68","t":"18:32:00","h":"Est","s":"25N-H60N300F-82-F3"},{"r":"68","t":"18:32:00","h":"Est","s":"25N-H60N400F-81-F4"},{"r":"68","t":"18:32:00","h":"Est","s":"25N-H60NV10I-80-I"},{"r":"68","t":"18:32:00","h":"Est","s":"25N-H60NV20I-80-I"},{"r":"68","t":"18:32:00","h":"Est","s":"25S-H60S000I-80-I"},{"r":"68","t":"18:32:00","h":"Est","s":"25S-H60S100F-82-F1"},{"r":"68","t":"18:32:00","h":"Est","s":"25S-H60S200F-81-F2"},{"r":"68","t":"18:33:00","h":"Est","s":"25N-H60N000A-80-A"},{"r":"68","t":"18:33:00","h":"Est","s":"25N-H60NV10A-80-A"},{"r":"68","t":"18:33:00","h":"Est","s":"25N-H60NV20A-80-A"},{"r":"68","t":"18:33:00","h":"Est","s":"25S-H60S000A-80-A"},{"r":"68","t":"18:58:00","h":"Est","s":"25N-H60N000S-80-S"},{"r":"68","t":"18:58:00","h":"Est","s":"25N-H60N000S-98-S"},{"r":"68","t":"18:58:00","h":"Est","s":"25N-H60NV10S-98-S"},{"r":"68","t":"18:58:00","h":"Est","s":"25N-H60NV20S-98-S"},{"r":"68","t":"18:58:00","h":"Est","s":"25S-H60S000S-80-S"},{"r":"68","t":"19:01:00","h":"Est","s":"25N-H60N000A-80-A"},{"r":"68","t":"19:01:00","h":"Est","s":"25N-H60NV10A-80-A"},{"r":"68","t":"19:01:00","h":"Est","s":"25N-H60NV20A-80-A"},{"r":"68","t":"19:01:00","h":"Est","s":"25S-H60S000A-80-A"},{"r":"68","t":"19:02:00","h":"Est","s":"25N-H60N000I-80-I"},{"r":"68","t":"19:02:00","h":"Est","s":"25N-H60N100F-81-F1"},{"r":"68","t":"19:02:00","h":"Est","s":"25N-H60N200F-81-F2"},{"r":"68","t":"19:02:00","h":"Est","s":"25N-H60N300F-82-F3"},{"r":"68","t":"19:02:00","h":"Est","s":"25N-H60N400F-81-F4"},{"r":"68","t":"19:02:00","h":"Est","s":"25N-H60NV10I-80-I"},{"r":"68","t":"19:02:00","h":"Est","s":"25N-H60NV20I-80-I"},{"r":"68","t":"19:02:00","h":"Est","s":"25S-H60S000I-80-I"},{"r":"68","t":"19:02:00","h":"Est","s":"25S-H60S100F-82-F1"},{"r":"68","t":"19:02:00","h":"Est","s":"25S-H60S200F-81-F2"},{"r":"68","t":"19:21:00","h":"Est","s":"25N-H60N000S-80-S"},{"r":"68","t":"19:21:00","h":"Est","s":"25N-H60N000S-98-S"},{"r":"68","t":"19:21:00","h":"Est","s":"25N-H60NV10S-98-S"},{"r":"68","t":"19:21:00","h":"Est","s":"25N-H60NV20S-98-S"},{"r":"68","t":"19:21:00","h":"Est","s":"25S-H60S000S-80-S"},{"r":"68","t":"19:28:00","h":"Est","s":"25N-H60N000A-80-A"},{"r":"68","t":"19:28:00","h":"Est","s":"25N-H60NV10A-80-A"},{"r":"68","t":"19:28:00","h":"Est","s":"25N-H60NV20A-80-A"},{"r":"68","t":"19:28:00","h":"Est","s":"25S-H60S000A-80-A"},{"r":"68","t":"19:32:00","h":"Est","s":"25N-H60N000I-80-I"},{"r":"68","t":"19:32:00","h":"Est","s":"25N-H60N100F-81-F1"},{"r":"68","t":"19:32:00","h":"Est","s":"25N-H60N200F-81-F2"},{"r":"68","t":"19:32:00","h":"Est","s":"25N-H60N300F-82-F3"},{"r":"68","t":"19:32:00","h":"Est","s":"25N-H60N400F-81-F4"},{"r":"68","t":"19:32:00","h":"Est","s":"25N-H60NV10I-80-I"},{"r":"68","t":"19:32:00","h":"Est","s":"25N-H60NV20I-80-I"},{"r":"68","t":"19:32:00","h":"Est","s":"25S-H60S000I-80-I"},{"r":"68","t":"19:32:00","h":"Est","s":"25S-H60S100F-82-F1"},{"r":"68","t":"19:32:00","h":"Est","s":"25S-H60S200F-81-F2"},{"r":"68","t":"19:47:00","h":"Est","s":"25N-H60N000S-80-S"},{"r":"68","t":"19:47:00","h":"Est","s":"25N-H60N000S-98-S"},{"r":"68","t":"19:47:00","h":"Est","s":"25N-H60NV10S-98-S"},{"r":"68","t":"19:47:00","h":"Est","s":"25N-H60NV20S-98-S"},{"r":"68","t":"19:47:00","h":"Est","s":"25S-H60S000S-80-S"},{"r":"68","t":"19:58:00","h":"Est","s":"25N-H60N000A-80-A"},{"r":"68","t":"19:58:00","h":"Est","s":"25N-H60NV10A-80-A"},{"r":"68","t":"19:58:00","h":"Est","s":"25N-H60NV20A-80-A"},{"r":"68","t":"19:58:00","h":"Est","s":"25S-H60S000A-80-A"},{"r":"68","t":"20:05:00","h":"Est","s":"25N-H60N000I-80-I"},{"r":"68","t":"20:05:00","h":"Est","s":"25N-H60N100F-81-F1"},{"r":"68","t":"20:05:00","h":"Est","s":"25N-H60N200F-81-F2"},{"r":"68","t":"20:05:00","h":"Est","s":"25N-H60N300F-82-F3"},{"r":"68","t":"20:05:00","h":"Est","s":"25N-H60N400F-81-F4"},{"r":"68","t":"20:05:00","h":"Est","s":"25N-H60NV10I-80-I"},{"r":"68","t":"20:05:00","h":"Est","s":"25N-H60NV20I-80-I"},{"r":"68","t":"20:05:00","h":"Est","s":"25S-H60S000I-80-I"},{"r":"68","t":"20:05:00","h":"Est","s":"25S-H60S100F-82-F1"},{"r":"68","t":"20:05:00","h":"Est","s":"25S-H60S200F-81-F2"},{"r":"68","t":"20:14:00","h":"Est","s":"25N-H60N000S-80-S"},{"r":"68","t":"20:14:00","h":"Est","s":"25N-H60N000S-98-S"},{"r":"68","t":"20:14:00","h":"Est","s":"25N-H60NV10S-98-S"},{"r":"68","t":"20:14:00","h":"Est","s":"25N-H60NV20S-98-S"},{"r":"68","t":"20:14:00","h":"Est","s":"25S-H60S000S-80-S"},{"r":"68","t":"20:30:00","h":"Est","s":"25N-H60N000A-80-A"},{"r":"68","t":"20:30:00","h":"Est","s":"25N-H60NV10A-80-A"},{"r":"68","t":"20:30:00","h":"Est","s":"25N-H60NV20A-80-A"},{"r":"68","t":"20:30:00","h":"Est","s":"25S-H60S000A-80-A"},{"r":"68","t":"20:36:00","h":"Est","s":"25N-H60N000I-80-I"},{"r":"68","t":"20:36:00","h":"Est","s":"25N-H60N100F-81-F1"},{"r":"68","t":"20:36:00","h":"Est","s":"25N-H60N200F-81-F2"},{"r":"68","t":"20:36:00","h":"Est","s":"25N-H60N300F-82-F3"},{"r":"68","t":"20:36:00","h":"Est","s":"25N-H60N400F-81-F4"},{"r":"68","t":"20:36:00","h":"Est","s":"25N-H60NV10I-80-I"},{"r":"68","t":"20:36:00","h":"Est","s":"25N-H60NV20I-80-I"},{"r":"68","t":"20:36:00","h":"Est","s":"25S-H60S000I-80-I"},{"r":"68","t":"20:36:00","h":"Est","s":"25S-H60S100F-82-F1"},{"r":"68","t":"20:36:00","h":"Est","s":"25S-H60S200F-81-F2"},{"r":"68","t":"20:45:00","h":"Est","s":"25N-H60N000S-80-S"},{"r":"68","t":"20:45:00","h":"Est","s":"25N-H60N000S-98-S"},{"r":"68","t":"20:45:00","h":"Est","s":"25N-H60NV10S-98-S"},{"r":"68","t":"20:45:00","h":"Est","s":"25N-H60NV20S-98-S"},{"r":"68","t":"20:45:00","h":"Est","s":"25S-H60S000S-80-S"},{"r":"68","t":"21:03:00","h":"Est","s":"25N-H60N000A-80-A"},{"r":"68","t":"21:03:00","h":"Est","s":"25N-H60NV10A-80-A"},{"r":"68","t":"21:03:00","h":"Est","s":"25N-H60NV20A-80-A"},{"r":"68","t":"21:03:00","h":"Est","s":"25S-H60S000A-80-A"},{"r":"68","t":"21:09:00","h":"Est","s":"25N-H60N000I-80-I"},{"r":"68","t":"21:09:00","h":"Est","s":"25N-H60N100F-81-F1"},{"r":"68","t":"21:09:00","h":"Est","s":"25N-H60N200F-81-F2"},{"r":"68","t":"21:09:00","h":"Est","s":"25N-H60N300F-82-F3"},{"r":"68","t":"21:09:00","h":"Est","s":"25N-H60N400F-81-F4"},{"r":"68","t":"21:09:00","h":"Est","s":"25N-H60NV10I-80-I"},{"r":"68","t":"21:09:00","h":"Est","s":"25N-H60NV20I-80-I"},{"r":"68","t":"21:09:00","h":"Est","s":"25S-H60S000I-80-I"},{"r":"68","t":"21:09:00","h":"Est","s":"25S-H60S100F-82-F1"},{"r":"68","t":"21:09:00","h":"Est","s":"25S-H60S200F-81-F2"},{"r":"68","t":"21:16:00","h":"Est","s":"25N-H60N000S-80-S"},{"r":"68","t":"21:16:00","h":"Est","s":"25N-H60N000S-98-S"},{"r":"68","t":"21:16:00","h":"Est","s":"25N-H60NV10S-98-S"},{"r":"68","t":"21:16:00","h":"Est","s":"25N-H60NV20S-98-S"},{"r":"68","t":"21:16:00","h":"Est","s":"25S-H60S000S-80-S"},{"r":"68","t":"21:36:00","h":"Est","s":"25N-H60N000A-80-A"},{"r":"68","t":"21:36:00","h":"Est","s":"25N-H60NV10A-80-A"},{"r":"68","t":"21:36:00","h":"Est","s":"25N-H60NV20A-80-A"},{"r":"68","t":"21:36:00","h":"Est","s":"25S-H60S000A-80-A"},{"r":"68","t":"21:42:00","h":"Est","s":"25N-H60N000I-80-I"},{"r":"68","t":"21:42:00","h":"Est","s":"25N-H60N100F-81-F1"},{"r":"68","t":"21:42:00","h":"Est","s":"25N-H60N200F-81-F2"},{"r":"68","t":"21:42:00","h":"Est","s":"25N-H60N300F-82-F3"},{"r":"68","t":"21:42:00","h":"Est","s":"25N-H60N400F-81-F4"},{"r":"68","t":"21:42:00","h":"Est","s":"25N-H60NV10I-80-I"},{"r":"68","t":"21:42:00","h":"Est","s":"25N-H60NV20I-80-I"},{"r":"68","t":"21:42:00","h":"Est","s":"25S-H60S000I-80-I"},{"r":"68","t":"21:42:00","h":"Est","s":"25S-H60S100F-82-F1"},{"r":"68","t":"21:42:00","h":"Est","s":"25S-H60S200F-81-F2"},{"r":"68","t":"21:45:00","h":"Est","s":"25N-H60N000S-80-S"},{"r":"68","t":"21:45:00","h":"Est","s":"25N-H60N000S-98-S"},{"r":"68","t":"21:45:00","h":"Est","s":"25N-H60NV10S-98-S"},{"r":"68","t":"21:45:00","h":"Est","s":"25N-H60NV20S-98-S"},{"r":"68","t":"21:45:00","h":"Est","s":"25S-H60S000S-80-S"},{"r":"68","t":"22:09:00","h":"Est","s":"25N-H60N000A-80-A"},{"r":"68","t":"22:09:00","h":"Est","s":"25N-H60NV10A-80-A"},{"r":"68","t":"22:09:00","h":"Est","s":"25N-H60NV20A-80-A"},{"r":"68","t":"22:09:00","h":"Est","s":"25S-H60S000A-80-A"},{"r":"68","t":"22:12:00","h":"Est","s":"25N-H60N000S-80-S"},{"r":"68","t":"22:12:00","h":"Est","s":"25N-H60N000S-98-S"},{"r":"68","t":"22:12:00","h":"Est","s":"25N-H60NV10S-98-S"},{"r":"68","t":"22:12:00","h":"Est","s":"25N-H60NV20S-98-S"},{"r":"68","t":"22:12:00","h":"Est","s":"25S-H60S000S-80-S"},{"r":"68","t":"22:14:00","h":"Est","s":"25N-H60N000I-80-I"},{"r":"68","t":"22:14:00","h":"Est","s":"25N-H60N100F-81-F1"},{"r":"68","t":"22:14:00","h":"Est","s":"25N-H60N200F-81-F2"},{"r":"68","t":"22:14:00","h":"Est","s":"25N-H60N300F-82-F3"},{"r":"68","t":"22:14:00","h":"Est","s":"25N-H60N400F-81-F4"},{"r":"68","t":"22:14:00","h":"Est","s":"25N-H60NV10I-80-I"},{"r":"68","t":"22:14:00","h":"Est","s":"25N-H60NV20I-80-I"},{"r":"68","t":"22:14:00","h":"Est","s":"25S-H60S000I-80-I"},{"r":"68","t":"22:14:00","h":"Est","s":"25S-H60S100F-82-F1"},{"r":"68","t":"22:14:00","h":"Est","s":"25S-H60S200F-81-F2"},{"r":"68","t":"22:39:00","h":"Est","s":"25N-H60N000S-80-S"},{"r":"68","t":"22:39:00","h":"Est","s":"25N-H60N000S-98-S"},{"r":"68","t":"22:39:00","h":"Est","s":"25N-H60NV10S-98-S"},{"r":"68","t":"22:39:00","h":"Est","s":"25N-H60NV20S-98-S"},{"r":"68","t":"22:39:00","h":"Est","s":"25S-H60S000S-80-S"},{"r":"68","t":"22:42:00","h":"Est","s":"25N-H60N000A-80-A"},{"r":"68","t":"22:42:00","h":"Est","s":"25N-H60NV10A-80-A"},{"r":"68","t":"22:42:00","h":"Est","s":"25N-H60NV20A-80-A"},{"r":"68","t":"22:42:00","h":"Est","s":"25S-H60S000A-80-A"},{"r":"68","t":"22:43:00","h":"Est","s":"25N-H60N000I-80-I"},{"r":"68","t":"22:43:00","h":"Est","s":"25N-H60N100F-81-F1"},{"r":"68","t":"22:43:00","h":"Est","s":"25N-H60N200F-81-F2"},{"r":"68","t":"22:43:00","h":"Est","s":"25N-H60N300F-82-F3"},{"r":"68","t":"22:43:00","h":"Est","s":"25N-H60N400F-81-F4"},{"r":"68","t":"22:43:00","h":"Est","s":"25N-H60NV10I-80-I"},{"r":"68","t":"22:43:00","h":"Est","s":"25N-H60NV20I-80-I"},{"r":"68","t":"22:43:00","h":"Est","s":"25S-H60S000I-80-I"},{"r":"68","t":"22:43:00","h":"Est","s":"25S-H60S100F-82-F1"},{"r":"68","t":"22:43:00","h":"Est","s":"25S-H60S200F-81-F2"},{"r":"68","t":"23:06:00","h":"Est","s":"25N-H60N000S-80-S"},{"r":"68","t":"23:06:00","h":"Est","s":"25N-H60N000S-98-S"},{"r":"68","t":"23:06:00","h":"Est","s":"25N-H60NV10S-98-S"},{"r":"68","t":"23:06:00","h":"Est","s":"25N-H60NV20S-98-S"},{"r":"68","t":"23:06:00","h":"Est","s":"25S-H60S000S-80-S"},{"r":"68","t":"23:12:00","h":"Est","s":"25N-H60N000I-80-I"},{"r":"68","t":"23:12:00","h":"Est","s":"25N-H60N100F-81-F1"},{"r":"68","t":"23:12:00","h":"Est","s":"25N-H60N200F-81-F2"},{"r":"68","t":"23:12:00","h":"Est","s":"25N-H60N300F-82-F3"},{"r":"68","t":"23:12:00","h":"Est","s":"25N-H60N400F-81-F4"},{"r":"68","t":"23:12:00","h":"Est","s":"25N-H60NV10I-80-I"},{"r":"68","t":"23:12:00","h":"Est","s":"25N-H60NV20I-80-I"},{"r":"68","t":"23:12:00","h":"Est","s":"25S-H60S000I-80-I"},{"r":"68","t":"23:12:00","h":"Est","s":"25S-H60S100F-82-F1"},{"r":"68","t":"23:12:00","h":"Est","s":"25S-H60S200F-81-F2"},{"r":"68","t":"23:14:00","h":"Est","s":"25N-H60N000A-80-A"},{"r":"68","t":"23:14:00","h":"Est","s":"25N-H60NV10A-80-A"},{"r":"68","t":"23:14:00","h":"Est","s":"25N-H60NV20A-80-A"},{"r":"68","t":"23:14:00","h":"Est","s":"25S-H60S000A-80-A"},{"r":"68","t":"23:33:00","h":"Est","s":"25N-H60N000S-80-S"},{"r":"68","t":"23:33:00","h":"Est","s":"25N-H60N000S-98-S"},{"r":"68","t":"23:33:00","h":"Est","s":"25N-H60NV10S-98-S"},{"r":"68","t":"23:33:00","h":"Est","s":"25N-H60NV20S-98-S"},{"r":"68","t":"23:33:00","h":"Est","s":"25S-H60S000S-80-S"},{"r":"68","t":"23:41:00","h":"Est","s":"25N-H60N000I-80-I"},{"r":"68","t":"23:41:00","h":"Est","s":"25N-H60N100F-81-F1"},{"r":"68","t":"23:41:00","h":"Est","s":"25N-H60N200F-81-F2"},{"r":"68","t":"23:41:00","h":"Est","s":"25N-H60N300F-82-F3"},{"r":"68","t":"23:41:00","h":"Est","s":"25N-H60N400F-81-F4"},{"r":"68","t":"23:41:00","h":"Est","s":"25N-H60NV10I-80-I"},{"r":"68","t":"23:41:00","h":"Est","s":"25N-H60NV20I-80-I"},{"r":"68","t":"23:41:00","h":"Est","s":"25S-H60S000I-80-I"},{"r":"68","t":"23:41:00","h":"Est","s":"25S-H60S100F-82-F1"},{"r":"68","t":"23:41:00","h":"Est","s":"25S-H60S200F-81-F2"},{"r":"68","t":"23:46:00","h":"Est","s":"25N-H60N000A-80-A"},{"r":"68","t":"23:46:00","h":"Est","s":"25N-H60NV10A-80-A"},{"r":"68","t":"23:46:00","h":"Est","s":"25N-H60NV20A-80-A"},{"r":"68","t":"23:46:00","h":"Est","s":"25S-H60S000A-80-A"},{"r":"68","t":"24:07:00","h":"Est","s":"25N-H60N000S-80-S"},{"r":"68","t":"24:07:00","h":"Est","s":"25N-H60N000S-98-S"},{"r":"68","t":"24:07:00","h":"Est","s":"25N-H60NV10S-98-S"},{"r":"68","t":"24:07:00","h":"Est","s":"25N-H60NV20S-98-S"},{"r":"68","t":"24:07:00","h":"Est","s":"25S-H60S000S-80-S"},{"r":"68","t":"24:09:00","h":"Est","s":"25N-H60N000I-80-I"},{"r":"68","t":"24:09:00","h":"Est","s":"25N-H60N100F-81-F1"},{"r":"68","t":"24:09:00","h":"Est","s":"25N-H60N200F-81-F2"},{"r":"68","t":"24:09:00","h":"Est","s":"25N-H60N300F-82-F3"},{"r":"68","t":"24:09:00","h":"Est","s":"25N-H60N400F-81-F4"},{"r":"68","t":"24:09:00","h":"Est","s":"25N-H60NV10I-80-I"},{"r":"68","t":"24:09:00","h":"Est","s":"25N-H60NV20I-80-I"},{"r":"68","t":"24:09:00","h":"Est","s":"25S-H60S000I-80-I"},{"r":"68","t":"24:09:00","h":"Est","s":"25S-H60S100F-82-F1"},{"r":"68","t":"24:09:00","h":"Est","s":"25S-H60S200F-81-F2"},{"r":"68","t":"24:17:00","h":"Est","s":"25N-H60N000A-80-A"},{"r":"68","t":"24:17:00","h":"Est","s":"25N-H60NV10A-80-A"},{"r":"68","t":"24:17:00","h":"Est","s":"25N-H60NV20A-80-A"},{"r":"68","t":"24:17:00","h":"Est","s":"25S-H60S000A-80-A"},{"r":"68","t":"24:37:00","h":"Est","s":"25N-H60N000I-80-I"},{"r":"68","t":"24:37:00","h":"Est","s":"25N-H60N100F-81-F1"},{"r":"68","t":"24:37:00","h":"Est","s":"25N-H60N200F-81-F2"},{"r":"68","t":"24:37:00","h":"Est","s":"25N-H60N300F-82-F3"},{"r":"68","t":"24:37:00","h":"Est","s":"25N-H60N400F-81-F4"},{"r":"68","t":"24:37:00","h":"Est","s":"25N-H60NV10I-80-I"},{"r":"68","t":"24:37:00","h":"Est","s":"25N-H60NV20I-80-I"},{"r":"68","t":"24:37:00","h":"Est","s":"25S-H60S000I-80-I"},{"r":"68","t":"24:37:00","h":"Est","s":"25S-H60S100F-82-F1"},{"r":"68","t":"24:37:00","h":"Est","s":"25S-H60S200F-81-F2"},{"r":"68","t":"24:39:00","h":"Est","s":"25N-H60N000A-80-A"},{"r":"68","t":"24:39:00","h":"Est","s":"25N-H60NV10A-80-A"},{"r":"68","t":"24:39:00","h":"Est","s":"25N-H60NV20A-80-A"},{"r":"68","t":"24:39:00","h":"Est","s":"25S-H60S000A-80-A"},{"r":"68","t":"24:42:00","h":"Est","s":"25N-H60N000S-80-S"},{"r":"68","t":"24:42:00","h":"Est","s":"25N-H60N000S-98-S"},{"r":"68","t":"24:42:00","h":"Est","s":"25N-H60NV10S-98-S"},{"r":"68","t":"24:42:00","h":"Est","s":"25N-H60NV20S-98-S"},{"r":"68","t":"24:42:00","h":"Est","s":"25S-H60S000S-80-S"},{"r":"68","t":"25:01:00","h":"Est","s":"25N-H60N000A-80-A"},{"r":"68","t":"25:01:00","h":"Est","s":"25N-H60N000I-80-I"},{"r":"68","t":"25:01:00","h":"Est","s":"25N-H60N100F-81-F1"},{"r":"68","t":"25:01:00","h":"Est","s":"25N-H60N200F-81-F2"},{"r":"68","t":"25:01:00","h":"Est","s":"25N-H60N300F-82-F3"},{"r":"68","t":"25:01:00","h":"Est","s":"25N-H60N400F-81-F4"},{"r":"68","t":"25:01:00","h":"Est","s":"25N-H60NV10A-80-A"},{"r":"68","t":"25:01:00","h":"Est","s":"25N-H60NV10I-80-I"},{"r":"68","t":"25:01:00","h":"Est","s":"25N-H60NV20A-80-A"},{"r":"68","t":"25:01:00","h":"Est","s":"25N-H60NV20I-80-I"},{"r":"68","t":"25:01:00","h":"Est","s":"25S-H60S000A-80-A"},{"r":"68","t":"25:01:00","h":"Est","s":"25S-H60S000I-80-I"},{"r":"68","t":"25:01:00","h":"Est","s":"25S-H60S100F-82-F1"},{"r":"68","t":"25:01:00","h":"Est","s":"25S-H60S200F-81-F2"},{"r":"68","t":"25:14:00","h":"Est","s":"25N-H60N000S-80-S"},{"r":"68","t":"25:14:00","h":"Est","s":"25N-H60N000S-98-S"},{"r":"68","t":"25:14:00","h":"Est","s":"25N-H60NV10S-98-S"},{"r":"68","t":"25:14:00","h":"Est","s":"25N-H60NV20S-98-S"},{"r":"68","t":"25:14:00","h":"Est","s":"25S-H60S000S-80-S"},{"r":"382","t":"26:10:14","h":"Est","s":"25N-H60N000S-80-S"},{"r":"382","t":"26:10:14","h":"Est","s":"25N-H60N000S-98-S"},{"r":"382","t":"26:10:14","h":"Est","s":"25N-H60NV10S-98-S"},{"r":"382","t":"26:10:14","h":"Est","s":"25N-H60NV20S-98-S"},{"r":"382","t":"26:10:14","h":"Est","s":"25S-H60S000S-80-S"},{"r":"382","t":"26:15:02","h":"Est","s":"25N-H60N000A-80-A"},{"r":"382","t":"26:15:02","h":"Est","s":"25N-H60N000I-80-I"},{"r":"382","t":"26:15:02","h":"Est","s":"25N-H60N100F-81-F1"},{"r":"382","t":"26:15:02","h":"Est","s":"25N-H60N200F-81-F2"},{"r":"382","t":"26:15:02","h":"Est","s":"25N-H60N300F-82-F3"},{"r":"382","t":"26:15:02","h":"Est","s":"25N-H60N400F-81-F4"},{"r":"382","t":"26:15:02","h":"Est","s":"25N-H60NV10A-80-A"},{"r":"382","t":"26:15:02","h":"Est","s":"25N-H60NV10I-80-I"},{"r":"382","t":"26:15:02","h":"Est","s":"25N-H60NV20A-80-A"},{"r":"382","t":"26:15:02","h":"Est","s":"25N-H60NV20I-80-I"},{"r":"382","t":"26:15:02","h":"Est","s":"25S-H60S000A-80-A"},{"r":"382","t":"26:15:02","h":"Est","s":"25S-H60S000I-80-I"},{"r":"382","t":"26:15:02","h":"Est","s":"25S-H60S100F-82-F1"},{"r":"382","t":"26:15:02","h":"Est","s":"25S-H60S200F-81-F2"},{"r":"382","t":"26:58:14","h":"Est","s":"25N-H60N000S-80-S"},{"r":"382","t":"26:58:14","h":"Est","s":"25N-H60N000S-98-S"},{"r":"382","t":"26:58:14","h":"Est","s":"25N-H60NV10S-98-S"},{"r":"382","t":"26:58:14","h":"Est","s":"25N-H60NV20S-98-S"},{"r":"382","t":"26:58:14","h":"Est","s":"25S-H60S000S-80-S"},{"r":"382","t":"27:00:02","h":"Est","s":"25N-H60N000A-80-A"},{"r":"382","t":"27:00:02","h":"Est","s":"25N-H60N000I-80-I"},{"r":"382","t":"27:00:02","h":"Est","s":"25N-H60N100F-81-F1"},{"r":"382","t":"27:00:02","h":"Est","s":"25N-H60N200F-81-F2"},{"r":"382","t":"27:00:02","h":"Est","s":"25N-H60N300F-82-F3"},{"r":"382","t":"27:00:02","h":"Est","s":"25N-H60N400F-81-F4"},{"r":"382","t":"27:00:02","h":"Est","s":"25N-H60NV10A-80-A"},{"r":"382","t":"27:00:02","h":"Est","s":"25N-H60NV10I-80-I"},{"r":"382","t":"27:00:02","h":"Est","s":"25N-H60NV20A-80-A"},{"r":"382","t":"27:00:02","h":"Est","s":"25N-H60NV20I-80-I"},{"r":"382","t":"27:00:02","h":"Est","s":"25S-H60S000A-80-A"},{"r":"382","t":"27:00:02","h":"Est","s":"25S-H60S000I-80-I"},{"r":"382","t":"27:00:02","h":"Est","s":"25S-H60S100F-82-F1"},{"r":"382","t":"27:00:02","h":"Est","s":"25S-H60S200F-81-F2"},{"r":"382","t":"27:43:14","h":"Est","s":"25N-H60N000S-80-S"},{"r":"382","t":"27:43:14","h":"Est","s":"25N-H60N000S-98-S"},{"r":"382","t":"27:43:14","h":"Est","s":"25N-H60NV10S-98-S"},{"r":"382","t":"27:43:14","h":"Est","s":"25N-H60NV20S-98-S"},{"r":"382","t":"27:43:14","h":"Est","s":"25S-H60S000S-80-S"},{"r":"382","t":"27:45:02","h":"Est","s":"25N-H60N000A-80-A"},{"r":"382","t":"27:45:02","h":"Est","s":"25N-H60N000I-80-I"},{"r":"382","t":"27:45:02","h":"Est","s":"25N-H60N100F-81-F1"},{"r":"382","t":"27:45:02","h":"Est","s":"25N-H60N200F-81-F2"},{"r":"382","t":"27:45:02","h":"Est","s":"25N-H60N300F-82-F3"},{"r":"382","t":"27:45:02","h":"Est","s":"25N-H60N400F-81-F4"},{"r":"382","t":"27:45:02","h":"Est","s":"25N-H60NV10A-80-A"},{"r":"382","t":"27:45:02","h":"Est","s":"25N-H60NV10I-80-I"},{"r":"382","t":"27:45:02","h":"Est","s":"25N-H60NV20A-80-A"},{"r":"382","t":"27:45:02","h":"Est","s":"25N-H60NV20I-80-I"},{"r":"382","t":"27:45:02","h":"Est","s":"25S-H60S000A-80-A"},{"r":"382","t":"27:45:02","h":"Est","s":"25S-H60S000I-80-I"},{"r":"382","t":"27:45:02","h":"Est","s":"25S-H60S100F-82-F1"},{"r":"382","t":"27:45:02","h":"Est","s":"25S-H60S200F-81-F2"},{"r":"382","t":"28:29:50","h":"Est","s":"25N-H60N000S-80-S"},{"r":"382","t":"28:29:50","h":"Est","s":"25N-H60N000S-98-S"},{"r":"382","t":"28:29:50","h":"Est","s":"25N-H60NV10S-98-S"},{"r":"382","t":"28:29:50","h":"Est","s":"25N-H60NV20S-98-S"},{"r":"382","t":"28:29:50","h":"Est","s":"25S-H60S000S-80-S"},{"r":"382","t":"28:30:02","h":"Est","s":"25N-H60N000A-80-A"},{"r":"382","t":"28:30:02","h":"Est","s":"25N-H60N000I-80-I"},{"r":"382","t":"28:30:02","h":"Est","s":"25N-H60N100F-81-F1"},{"r":"382","t":"28:30:02","h":"Est","s":"25N-H60N200F-81-F2"},{"r":"382","t":"28:30:02","h":"Est","s":"25N-H60N300F-82-F3"},{"r":"382","t":"28:30:02","h":"Est","s":"25N-H60N400F-81-F4"},{"r":"382","t":"28:30:02","h":"Est","s":"25N-H60NV10A-80-A"},{"r":"382","t":"28:30:02","h":"Est","s":"25N-H60NV10I-80-I"},{"r":"382","t":"28:30:02","h":"Est","s":"25N-H60NV20A-80-A"},{"r":"382","t":"28:30:02","h":"Est","s":"25N-H60NV20I-80-I"},{"r":"382","t":"28:30:02","h":"Est","s":"25S-H60S000A-80-A"},{"r":"382","t":"28:30:02","h":"Est","s":"25S-H60S000I-80-I"},{"r":"382","t":"28:30:02","h":"Est","s":"25S-H60S100F-82-F1"},{"r":"382","t":"28:30:02","h":"Est","s":"25S-H60S200F-81-F2"}]