[{"r":"211","t":"06:03:30","h":"Ouest","s":"25N-H56N000A-80-A"},{"r":"211","t":"06:03:30","h":"Ouest","s":"25N-H56N000S-80-S"},{"r":"211","t":"06:03:30","h":"Ouest","s":"25N-H56NV10A-80-A"},{"r":"211","t":"06:03:30","h":"Ouest","s":"25N-H56NV10S-80-S"},{"r":"211","t":"06:03:30","h":"Ouest","s":"25N-H56NV20A-80-A"},{"r":"211","t":"06:03:30","h":"Ouest","s":"25N-H56NV20S-80-S"},{"r":"211","t":"06:03:30","h":"Ouest","s":"25S-H56S000A-80-A"},{"r":"211","t":"06:03:30","h":"Ouest","s":"25S-H56S000S-80-S"},{"r":"211","t":"06:09:52","h":"Ouest","s":"25N-H56N000I-80-I"},{"r":"211","t":"06:09:52","h":"Ouest","s":"25N-H56N100F-80-F1"},{"r":"211","t":"06:09:52","h":"Ouest","s":"25N-H56N200F-80-F2"},{"r":"211","t":"06:09:52","h":"Ouest","s":"25N-H56N300F-80-F3"},{"r":"211","t":"06:09:52","h":"Ouest","s":"25N-H56N400F-80-F4"},{"r":"211","t":"06:09:52","h":"Ouest","s":"25N-H56NV10I-80-I"},{"r":"211","t":"06:09:52","h":"Ouest","s":"25N-H56NV20I-80-I"},{"r":"211","t":"06:09:52","h":"Ouest","s":"25S-H56S000I-80-I"},{"r":"211","t":"06:09:52","h":"Ouest","s":"25S-H56S100F-80-F1"},{"r":"211","t":"06:09:52","h":"Ouest","s":"25S-H56S200F-81-F2"},{"r":"200","t":"06:10:31","h":"Ouest","s":"25N-H60N000S-80-S"},{"r":"200","t":"06:10:31","h":"Ouest","s":"25N-H60N000S-98-S"},{"r":"200","t":"06:10:31","h":"Ouest","s":"25N-H60NV10S-98-S"},{"r":"200","t":"06:10:31","h":"Ouest","s":"25N-H60NV20S-98-S"},{"r":"200","t":"06:10:31","h":"Ouest","s":"25S-H60S000S-80-S"},{"r":"200","t":"06:19:31","h":"Ouest","s":"25N-H60N000A-80-A"},{"r":"200","t":"06:19:31","h":"Ouest","s":"25N-H60NV10A-80-A"},{"r":"200","t":"06:19:31","h":"Ouest","s":"25N-H60NV20A-80-A"},{"r":"200","t":"06:19:31","h":"Ouest","s":"25S-H60S000A-80-A"},{"r":"211","t":"06:21:30","h":"Ouest","s":"25N-H56N000S-80-S"},{"r":"211","t":"06:21:30","h":"Ouest","s":"25N-H56NV10S-80-S"},{"r":"211","t":"06:21:30","h":"Ouest","s":"25N-H56NV20S-80-S"},{"r":"211","t":"06:21:30","h":"Ouest","s":"25S-H56S000S-80-S"},{"r":"405","t":"06:27:31","h":"Ouest","s":"25N-H56N000S-80-S"},{"r":"405","t":"06:27:31","h":"Ouest","s":"25N-H56NV10S-80-S"},{"r":"405","t":"06:27:31","h":"Ouest","s":"25N-H56NV20S-80-S"},{"r":"405","t":"06:27:31","h":"Ouest","s":"25S-H56S000S-80-S"},{"r":"211","t":"06:33:30","h":"Ouest","s":"25N-H56N000A-80-A"},{"r":"211","t":"06:33:30","h":"Ouest","s":"25N-H56NV10A-80-A"},{"r":"211","t":"06:33:30","h":"Ouest","s":"25N-H56NV20A-80-A"},{"r":"211","t":"06:33:30","h":"Ouest","s":"25S-H56S000A-80-A"},{"r":"211","t":"06:40:52","h":"Ouest","s":"25N-H56N000I-80-I"},{"r":"211","t":"06:40:52","h":"Ouest","s":"25N-H56N100F-80-F1"},{"r":"211","t":"06:40:52","h":"Ouest","s":"25N-H56N200F-80-F2"},{"r":"211","t":"06:40:52","h":"Ouest","s":"25N-H56N300F-80-F3"},{"r":"211","t":"06:40:52","h":"Ouest","s":"25N-H56N400F-80-F4"},{"r":"211","t":"06:40:52","h":"Ouest","s":"25N-H56NV10I-80-I"},{"r":"211","t":"06:40:52","h":"Ouest","s":"25N-H56NV20I-80-I"},{"r":"211","t":"06:40:52","h":"Ouest","s":"25S-H56S000I-80-I"},{"r":"211","t":"06:40:52","h":"Ouest","s":"25S-H56S100F-80-F1"},{"r":"211","t":"06:40:52","h":"Ouest","s":"25S-H56S200F-81-F2"},{"r":"211","t":"06:42:30","h":"Ouest","s":"25N-H56N000S-80-S"},{"r":"211","t":"06:42:30","h":"Ouest","s":"25N-H56NV10S-80-S"},{"r":"211","t":"06:42:30","h":"Ouest","s":"25N-H56NV20S-80-S"},{"r":"211","t":"06:42:30","h":"Ouest","s":"25S-H56S000S-80-S"},{"r":"405","t":"06:45:31","h":"Ouest","s":"25N-H56N000S-80-S"},{"r":"405","t":"06:45:31","h":"Ouest","s":"25N-H56NV10S-80-S"},{"r":"405","t":"06:45:31","h":"Ouest","s":"25N-H56NV20S-80-S"},{"r":"200","t":"06:45:31","h":"Ouest","s":"25N-H60N000A-80-A"},{"r":"200","t":"06:45:31","h":"Ouest","s":"25N-H60NV10A-80-A"},{"r":"200","t":"06:45:31","h":"Ouest","s":"25N-H60NV20A-80-A"},{"r":"405","t":"06:45:31","h":"Ouest","s":"25S-H56S000S-80-S"},{"r":"200","t":"06:45:31","h":"Ouest","s":"25S-H60S000A-80-A"},{"r":"200","t":"06:48:31","h":"Ouest","s":"25N-H60N000S-80-S"},{"r":"200","t":"06:48:31","h":"Ouest","s":"25N-H60N000S-98-S"},{"r":"200","t":"06:48:31","h":"Ouest","s":"25N-H60NV10S-98-S"},{"r":"200","t":"06:48:31","h":"Ouest","s":"25N-H60NV20S-98-S"},{"r":"200","t":"06:48:31","h":"Ouest","s":"25S-H60S000S-80-S"},{"r":"211","t":"07:01:30","h":"Ouest","s":"25N-H56N000A-80-A"},{"r":"211","t":"07:01:30","h":"Ouest","s":"25N-H56NV10A-80-A"},{"r":"211","t":"07:01:30","h":"Ouest","s":"25N-H56NV20A-80-A"},{"r":"211","t":"07:01:30","h":"Ouest","s":"25S-H56S000A-80-A"},{"r":"405","t":"07:06:31","h":"Ouest","s":"25N-H56N000S-80-S"},{"r":"405","t":"07:06:31","h":"Ouest","s":"25N-H56NV10S-80-S"},{"r":"405","t":"07:06:31","h":"Ouest","s":"25N-H56NV20S-80-S"},{"r":"405","t":"07:06:31","h":"Ouest","s":"25S-H56S000S-80-S"},{"r":"211","t":"07:09:30","h":"Ouest","s":"25N-H56N000S-80-S"},{"r":"211","t":"07:09:30","h":"Ouest","s":"25N-H56NV10S-80-S"},{"r":"211","t":"07:09:30","h":"Ouest","s":"25N-H56NV20S-80-S"},{"r":"211","t":"07:09:30","h":"Ouest","s":"25S-H56S000S-80-S"},{"r":"200","t":"07:09:31","h":"Ouest","s":"25N-H60N000S-80-S"},{"r":"200","t":"07:09:31","h":"Ouest","s":"25N-H60N000S-98-S"},{"r":"200","t":"07:09:31","h":"Ouest","s":"25N-H60NV10S-98-S"},{"r":"200","t":"07:09:31","h":"Ouest","s":"25N-H60NV20S-98-S"},{"r":"200","t":"07:09:31","h":"Ouest","s":"25S-H60S000S-80-S"},{"r":"200","t":"07:11:31","h":"Ouest","s":"25N-H60N000A-80-A"},{"r":"200","t":"07:11:31","h":"Ouest","s":"25N-H60NV10A-80-A"},{"r":"200","t":"07:11:31","h":"Ouest","s":"25N-H60NV20A-80-A"},{"r":"200","t":"07:11:31","h":"Ouest","s":"25S-H60S000A-80-A"},{"r":"211","t":"07:12:30","h":"Ouest","s":"25N-H56N000I-80-I"},{"r":"211","t":"07:12:30","h":"Ouest","s":"25N-H56N100F-80-F1"},{"r":"211","t":"07:12:30","h":"Ouest","s":"25N-H56N200F-80-F2"},{"r":"211","t":"07:12:30","h":"Ouest","s":"25N-H56N300F-80-F3"},{"r":"211","t":"07:12:30","h":"Ouest","s":"25N-H56N400F-80-F4"},{"r":"211","t":"07:12:30","h":"Ouest","s":"25N-H56NV10I-80-I"},{"r":"211","t":"07:12:30","h":"Ouest","s":"25N-H56NV20I-80-I"},{"r":"211","t":"07:12:30","h":"Ouest","s":"25S-H56S000I-80-I"},{"r":"211","t":"07:12:30","h":"Ouest","s":"25S-H56S100F-80-F1"},{"r":"211","t":"07:12:30","h":"Ouest","s":"25S-H56S200F-81-F2"},{"r":"200","t":"07:20:31","h":"Ouest","s":"25N-H60N000I-80-I"},{"r":"200","t":"07:20:31","h":"Ouest","s":"25N-H60N100F-81-F1"},{"r":"200","t":"07:20:31","h":"Ouest","s":"25N-H60N200F-81-F2"},{"r":"200","t":"07:20:31","h":"Ouest","s":"25N-H60N300F-82-F3"},{"r":"200","t":"07:20:31","h":"Ouest","s":"25N-H60N400F-81-F4"},{"r":"200","t":"07:20:31","h":"Ouest","s":"25N-H60NV10I-80-I"},{"r":"200","t":"07:20:31","h":"Ouest","s":"25N-H60NV20I-80-I"},{"r":"200","t":"07:20:31","h":"Ouest","s":"25S-H60S000I-80-I"},{"r":"200","t":"07:20:31","h":"Ouest","s":"25S-H60S100F-82-F1"},{"r":"200","t":"07:20:31","h":"Ouest","s":"25S-H60S200F-81-F2"},{"r":"200","t":"07:22:22","h":"Ouest","s":"25N-H50N000S-80-S"},{"r":"200","t":"07:22:22","h":"Ouest","s":"25N-H50N000S-90-S"},{"r":"200","t":"07:22:22","h":"Ouest","s":"25N-H50NV10S-90-S"},{"r":"200","t":"07:22:22","h":"Ouest","s":"25N-H50NV20S-90-S"},{"r":"200","t":"07:22:22","h":"Ouest","s":"25S-H50S000S-81-S"},{"r":"405","t":"07:25:31","h":"Ouest","s":"25N-H56N000S-80-S"},{"r":"405","t":"07:25:31","h":"Ouest","s":"25N-H56NV10S-80-S"},{"r":"405","t":"07:25:31","h":"Ouest","s":"25N-H56NV20S-80-S"},{"r":"405","t":"07:25:31","h":"Ouest","s":"25S-H56S000S-80-S"},{"r":"211","t":"07:29:30","h":"Ouest","s":"25N-H56N000A-80-A"},{"r":"211","t":"07:29:30","h":"Ouest","s":"25N-H56NV10A-80-A"},{"r":"211","t":"07:29:30","h":"Ouest","s":"25N-H56NV20A-80-A"},{"r":"211","t":"07:29:30","h":"Ouest","s":"25S-H56S000A-80-A"},{"r":"211","t":"07:31:09","h":"Ouest","s":"25N-H56N000S-80-S"},{"r":"211","t":"07:31:09","h":"Ouest","s":"25N-H56NV10S-80-S"},{"r":"211","t":"07:31:09","h":"Ouest","s":"25N-H56NV20S-80-S"},{"r":"211","t":"07:31:09","h":"Ouest","s":"25S-H56S000S-80-S"},{"r":"405","t":"07:33:31","h":"Ouest","s":"25N-H56N000S-80-S"},{"r":"405","t":"07:33:31","h":"Ouest","s":"25N-H56NV10S-80-S"},{"r":"405","t":"07:33:31","h":"Ouest","s":"25N-H56NV20S-80-S"},{"r":"405","t":"07:33:31","h":"Ouest","s":"25S-H56S000S-80-S"},{"r":"200","t":"07:37:31","h":"Ouest","s":"25N-H60N000A-80-A"},{"r":"200","t":"07:37:31","h":"Ouest","s":"25N-H60NV10A-80-A"},{"r":"200","t":"07:37:31","h":"Ouest","s":"25N-H60NV20A-80-A"},{"r":"200","t":"07:37:31","h":"Ouest","s":"25S-H60S000A-80-A"},{"r":"200","t":"07:39:22","h":"Ouest","s":"25N-H60N000S-80-S"},{"r":"200","t":"07:39:22","h":"Ouest","s":"25N-H60N000S-98-S"},{"r":"200","t":"07:39:22","h":"Ouest","s":"25N-H60NV10S-98-S"},{"r":"200","t":"07:39:22","h":"Ouest","s":"25N-H60NV20S-98-S"},{"r":"200","t":"07:39:22","h":"Ouest","s":"25S-H60S000S-80-S"},{"r":"211","t":"07:43:30","h":"Ouest","s":"25N-H56N000I-80-I"},{"r":"211","t":"07:43:30","h":"Ouest","s":"25N-H56N100F-80-F1"},{"r":"211","t":"07:43:30","h":"Ouest","s":"25N-H56N200F-80-F2"},{"r":"211","t":"07:43:30","h":"Ouest","s":"25N-H56N300F-80-F3"},{"r":"211","t":"07:43:30","h":"Ouest","s":"25N-H56N400F-80-F4"},{"r":"211","t":"07:43:30","h":"Ouest","s":"25N-H56NV10I-80-I"},{"r":"211","t":"07:43:30","h":"Ouest","s":"25N-H56NV20I-80-I"},{"r":"211","t":"07:43:30","h":"Ouest","s":"25S-H56S000I-80-I"},{"r":"211","t":"07:43:30","h":"Ouest","s":"25S-H56S100F-80-F1"},{"r":"211","t":"07:43:30","h":"Ouest","s":"25S-H56S200F-81-F2"},{"r":"405","t":"07:45:31","h":"Ouest","s":"25N-H56N000S-80-S"},{"r":"405","t":"07:45:31","h":"Ouest","s":"25N-H56NV10S-80-S"},{"r":"405","t":"07:45:31","h":"Ouest","s":"25N-H56NV20S-80-S"},{"r":"405","t":"07:45:31","h":"Ouest","s":"25S-H56S000S-80-S"},{"r":"200","t":"07:50:31","h":"Ouest","s":"25N-H60N000I-80-I"},{"r":"200","t":"07:50:31","h":"Ouest","s":"25N-H60N100F-81-F1"},{"r":"200","t":"07:50:31","h":"Ouest","s":"25N-H60N200F-81-F2"},{"r":"200","t":"07:50:31","h":"Ouest","s":"25N-H60N300F-82-F3"},{"r":"200","t":"07:50:31","h":"Ouest","s":"25N-H60N400F-81-F4"},{"r":"200","t":"07:50:31","h":"Ouest","s":"25N-H60NV10I-80-I"},{"r":"200","t":"07:50:31","h":"Ouest","s":"25N-H60NV20I-80-I"},{"r":"200","t":"07:50:31","h":"Ouest","s":"25S-H60S000I-80-I"},{"r":"200","t":"07:50:31","h":"Ouest","s":"25S-H60S100F-82-F1"},{"r":"200","t":"07:50:31","h":"Ouest","s":"25S-H60S200F-81-F2"},{"r":"211","t":"07:55:09","h":"Ouest","s":"25N-H56N000S-80-S"},{"r":"211","t":"07:55:09","h":"Ouest","s":"25N-H56NV10S-80-S"},{"r":"211","t":"07:55:09","h":"Ouest","s":"25N-H56NV20S-80-S"},{"r":"211","t":"07:55:09","h":"Ouest","s":"25S-H56S000S-80-S"},{"r":"200","t":"07:55:22","h":"Ouest","s":"25N-H60N000S-80-S"},{"r":"200","t":"07:55:22","h":"Ouest","s":"25N-H60N000S-98-S"},{"r":"200","t":"07:55:22","h":"Ouest","s":"25N-H60NV10S-98-S"},{"r":"200","t":"07:55:22","h":"Ouest","s":"25N-H60NV20S-98-S"},{"r":"200","t":"07:55:22","h":"Ouest","s":"25S-H60S000S-80-S"},{"r":"211","t":"07:57:30","h":"Ouest","s":"25N-H56N000A-80-A"},{"r":"211","t":"07:57:30","h":"Ouest","s":"25N-H56NV10A-80-A"},{"r":"211","t":"07:57:30","h":"Ouest","s":"25N-H56NV20A-80-A"},{"r":"211","t":"07:57:30","h":"Ouest","s":"25S-H56S000A-80-A"},{"r":"200","t":"08:05:31","h":"Ouest","s":"25N-H60N000A-80-A"},{"r":"200","t":"08:05:31","h":"Ouest","s":"25N-H60NV10A-80-A"},{"r":"200","t":"08:05:31","h":"Ouest","s":"25N-H60NV20A-80-A"},{"r":"200","t":"08:05:31","h":"Ouest","s":"25S-H60S000A-80-A"},{"r":"405","t":"08:09:25","h":"Ouest","s":"25N-H56N000S-80-S"},{"r":"405","t":"08:09:25","h":"Ouest","s":"25N-H56NV10S-80-S"},{"r":"405","t":"08:09:25","h":"Ouest","s":"25N-H56NV20S-80-S"},{"r":"405","t":"08:09:25","h":"Ouest","s":"25S-H56S000S-80-S"},{"r":"200","t":"08:10:22","h":"Ouest","s":"25N-H60N000S-80-S"},{"r":"200","t":"08:10:22","h":"Ouest","s":"25N-H60N000S-98-S"},{"r":"200","t":"08:10:22","h":"Ouest","s":"25N-H60NV10S-98-S"},{"r":"200","t":"08:10:22","h":"Ouest","s":"25N-H60NV20S-98-S"},{"r":"200","t":"08:10:22","h":"Ouest","s":"25S-H60S000S-80-S"},{"r":"211","t":"08:12:09","h":"Ouest","s":"25N-H56N000S-80-S"},{"r":"211","t":"08:12:09","h":"Ouest","s":"25N-H56NV10S-80-S"},{"r":"211","t":"08:12:09","h":"Ouest","s":"25N-H56NV20S-80-S"},{"r":"211","t":"08:12:09","h":"Ouest","s":"25S-H56S000S-80-S"},{"r":"211","t":"08:14:30","h":"Ouest","s":"25N-H56N000I-80-I"},{"r":"211","t":"08:14:30","h":"Ouest","s":"25N-H56N100F-80-F1"},{"r":"211","t":"08:14:30","h":"Ouest","s":"25N-H56N200F-80-F2"},{"r":"211","t":"08:14:30","h":"Ouest","s":"25N-H56N300F-80-F3"},{"r":"211","t":"08:14:30","h":"Ouest","s":"25N-H56N400F-80-F4"},{"r":"211","t":"08:14:30","h":"Ouest","s":"25N-H56NV10I-80-I"},{"r":"211","t":"08:14:30","h":"Ouest","s":"25N-H56NV20I-80-I"},{"r":"211","t":"08:14:30","h":"Ouest","s":"25S-H56S000I-80-I"},{"r":"211","t":"08:14:30","h":"Ouest","s":"25S-H56S100F-80-F1"},{"r":"211","t":"08:14:30","h":"Ouest","s":"25S-H56S200F-81-F2"},{"r":"200","t":"08:21:31","h":"Ouest","s":"25N-H60N000I-80-I"},{"r":"200","t":"08:21:31","h":"Ouest","s":"25N-H60N100F-81-F1"},{"r":"200","t":"08:21:31","h":"Ouest","s":"25N-H60N200F-81-F2"},{"r":"200","t":"08:21:31","h":"Ouest","s":"25N-H60N300F-82-F3"},{"r":"200","t":"08:21:31","h":"Ouest","s":"25N-H60N400F-81-F4"},{"r":"200","t":"08:21:31","h":"Ouest","s":"25N-H60NV10I-80-I"},{"r":"200","t":"08:21:31","h":"Ouest","s":"25N-H60NV20I-80-I"},{"r":"200","t":"08:21:31","h":"Ouest","s":"25S-H60S000I-80-I"},{"r":"200","t":"08:21:31","h":"Ouest","s":"25S-H60S100F-82-F1"},{"r":"200","t":"08:21:31","h":"Ouest","s":"25S-H60S200F-81-F2"},{"r":"211","t":"08:25:30","h":"Ouest","s":"25N-H56N000A-80-A"},{"r":"211","t":"08:25:30","h":"Ouest","s":"25N-H56NV10A-80-A"},{"r":"211","t":"08:25:30","h":"Ouest","s":"25N-H56NV20A-80-A"},{"r":"211","t":"08:25:30","h":"Ouest","s":"25S-H56S000A-80-A"},{"r":"405","t":"08:31:25","h":"Ouest","s":"25N-H56N000S-80-S"},{"r":"405","t":"08:31:25","h":"Ouest","s":"25N-H56NV10S-80-S"},{"r":"405","t":"08:31:25","h":"Ouest","s":"25N-H56NV20S-80-S"},{"r":"405","t":"08:31:25","h":"Ouest","s":"25S-H56S000S-80-S"},{"r":"200","t":"08:33:31","h":"Ouest","s":"25N-H60N000A-80-A"},{"r":"200","t":"08:33:31","h":"Ouest","s":"25N-H60NV10A-80-A"},{"r":"200","t":"08:33:31","h":"Ouest","s":"25N-H60NV20A-80-A"},{"r":"200","t":"08:33:31","h":"Ouest","s":"25S-H60S000A-80-A"},{"r":"211","t":"08:34:09","h":"Ouest","s":"25N-H56N000S-80-S"},{"r":"211","t":"08:34:09","h":"Ouest","s":"25N-H56NV10S-80-S"},{"r":"211","t":"08:34:09","h":"Ouest","s":"25N-H56NV20S-80-S"},{"r":"211","t":"08:34:09","h":"Ouest","s":"25S-H56S000S-80-S"},{"r":"200","t":"08:36:22","h":"Ouest","s":"25N-H60N000S-80-S"},{"r":"200","t":"08:36:22","h":"Ouest","s":"25N-H60N000S-98-S"},{"r":"200","t":"08:36:22","h":"Ouest","s":"25N-H60NV10S-98-S"},{"r":"200","t":"08:36:22","h":"Ouest","s":"25N-H60NV20S-98-S"},{"r":"200","t":"08:36:22","h":"Ouest","s":"25S-H60S000S-80-S"},{"r":"211","t":"08:44:30","h":"Ouest","s":"25N-H56N000I-80-I"},{"r":"211","t":"08:44:30","h":"Ouest","s":"25N-H56N100F-80-F1"},{"r":"211","t":"08:44:30","h":"Ouest","s":"25N-H56N200F-80-F2"},{"r":"211","t":"08:44:30","h":"Ouest","s":"25N-H56N300F-80-F3"},{"r":"211","t":"08:44:30","h":"Ouest","s":"25N-H56N400F-80-F4"},{"r":"211","t":"08:44:30","h":"Ouest","s":"25N-H56NV10I-80-I"},{"r":"211","t":"08:44:30","h":"Ouest","s":"25N-H56NV20I-80-I"},{"r":"211","t":"08:44:30","h":"Ouest","s":"25S-H56S000I-80-I"},{"r":"211","t":"08:44:30","h":"Ouest","s":"25S-H56S100F-80-F1"},{"r":"211","t":"08:44:30","h":"Ouest","s":"25S-H56S200F-81-F2"},{"r":"200","t":"08:47:22","h":"Ouest","s":"25N-H60N000S-80-S"},{"r":"200","t":"08:47:22","h":"Ouest","s":"25N-H60N000S-98-S"},{"r":"200","t":"08:47:22","h":"Ouest","s":"25N-H60NV10S-98-S"},{"r":"200","t":"08:47:22","h":"Ouest","s":"25N-H60NV20S-98-S"},{"r":"200","t":"08:47:22","h":"Ouest","s":"25S-H60S000S-80-S"},{"r":"200","t":"08:51:31","h":"Ouest","s":"25N-H60N000I-80-I"},{"r":"200","t":"08:51:31","h":"Ouest","s":"25N-H60N100F-81-F1"},{"r":"200","t":"08:51:31","h":"Ouest","s":"25N-H60N200F-81-F2"},{"r":"200","t":"08:51:31","h":"Ouest","s":"25N-H60N300F-82-F3"},{"r":"200","t":"08:51:31","h":"Ouest","s":"25N-H60N400F-81-F4"},{"r":"200","t":"08:51:31","h":"Ouest","s":"25N-H60NV10I-80-I"},{"r":"200","t":"08:51:31","h":"Ouest","s":"25N-H60NV20I-80-I"},{"r":"200","t":"08:51:31","h":"Ouest","s":"25S-H60S000I-80-I"},{"r":"200","t":"08:51:31","h":"Ouest","s":"25S-H60S100F-82-F1"},{"r":"200","t":"08:51:31","h":"Ouest","s":"25S-H60S200F-81-F2"},{"r":"211","t":"08:52:30","h":"Ouest","s":"25N-H56N000A-80-A"},{"r":"211","t":"08:52:30","h":"Ouest","s":"25N-H56NV10A-80-A"},{"r":"211","t":"08:52:30","h":"Ouest","s":"25N-H56NV20A-80-A"},{"r":"211","t":"08:52:30","h":"Ouest","s":"25S-H56S000A-80-A"},{"r":"405","t":"08:53:25","h":"Ouest","s":"25N-H56N000S-80-S"},{"r":"405","t":"08:53:25","h":"Ouest","s":"25N-H56NV10S-80-S"},{"r":"405","t":"08:53:25","h":"Ouest","s":"25N-H56NV20S-80-S"},{"r":"405","t":"08:53:25","h":"Ouest","s":"25S-H56S000S-80-S"},{"r":"211","t":"08:57:09","h":"Ouest","s":"25N-H56N000S-80-S"},{"r":"211","t":"08:57:09","h":"Ouest","s":"25N-H56NV10S-80-S"},{"r":"211","t":"08:57:09","h":"Ouest","s":"25N-H56NV20S-80-S"},{"r":"211","t":"08:57:09","h":"Ouest","s":"25S-H56S000S-80-S"},{"r":"200","t":"09:02:31","h":"Ouest","s":"25N-H60N000A-80-A"},{"r":"200","t":"09:02:31","h":"Ouest","s":"25N-H60NV10A-80-A"},{"r":"200","t":"09:02:31","h":"Ouest","s":"25N-H60NV20A-80-A"},{"r":"200","t":"09:02:31","h":"Ouest","s":"25S-H60S000A-80-A"},{"r":"211","t":"09:15:30","h":"Ouest","s":"25N-H56N000I-80-I"},{"r":"211","t":"09:15:30","h":"Ouest","s":"25N-H56N100F-80-F1"},{"r":"211","t":"09:15:30","h":"Ouest","s":"25N-H56N200F-80-F2"},{"r":"211","t":"09:15:30","h":"Ouest","s":"25N-H56N300F-80-F3"},{"r":"211","t":"09:15:30","h":"Ouest","s":"25N-H56N400F-80-F4"},{"r":"211","t":"09:15:30","h":"Ouest","s":"25N-H56NV10I-80-I"},{"r":"211","t":"09:15:30","h":"Ouest","s":"25N-H56NV20I-80-I"},{"r":"211","t":"09:15:30","h":"Ouest","s":"25S-H56S000I-80-I"},{"r":"211","t":"09:15:30","h":"Ouest","s":"25S-H56S100F-80-F1"},{"r":"211","t":"09:15:30","h":"Ouest","s":"25S-H56S200F-81-F2"},{"r":"200","t":"09:18:26","h":"Ouest","s":"25N-H60N000S-80-S"},{"r":"200","t":"09:18:26","h":"Ouest","s":"25N-H60N000S-98-S"},{"r":"200","t":"09:18:26","h":"Ouest","s":"25N-H60NV10S-98-S"},{"r":"200","t":"09:18:26","h":"Ouest","s":"25N-H60NV20S-98-S"},{"r":"200","t":"09:18:26","h":"Ouest","s":"25S-H60S000S-80-S"},{"r":"211","t":"09:19:30","h":"Ouest","s":"25N-H56N000A-80-A"},{"r":"211","t":"09:19:30","h":"Ouest","s":"25N-H56NV10A-80-A"},{"r":"211","t":"09:19:30","h":"Ouest","s":"25N-H56NV20A-80-A"},{"r":"211","t":"09:19:30","h":"Ouest","s":"25S-H56S000A-80-A"},{"r":"211","t":"09:20:09","h":"Ouest","s":"25N-H56N000S-80-S"},{"r":"211","t":"09:20:09","h":"Ouest","s":"25N-H56NV10S-80-S"},{"r":"211","t":"09:20:09","h":"Ouest","s":"25N-H56NV20S-80-S"},{"r":"211","t":"09:20:09","h":"Ouest","s":"25S-H56S000S-80-S"},{"r":"200","t":"09:21:31","h":"Ouest","s":"25N-H60N000I-80-I"},{"r":"200","t":"09:21:31","h":"Ouest","s":"25N-H60N100F-81-F1"},{"r":"200","t":"09:21:31","h":"Ouest","s":"25N-H60N200F-81-F2"},{"r":"200","t":"09:21:31","h":"Ouest","s":"25N-H60N300F-82-F3"},{"r":"200","t":"09:21:31","h":"Ouest","s":"25N-H60N400F-81-F4"},{"r":"200","t":"09:21:31","h":"Ouest","s":"25N-H60NV10I-80-I"},{"r":"200","t":"09:21:31","h":"Ouest","s":"25N-H60NV20I-80-I"},{"r":"200","t":"09:21:31","h":"Ouest","s":"25S-H60S000I-80-I"},{"r":"200","t":"09:21:31","h":"Ouest","s":"25S-H60S100F-82-F1"},{"r":"200","t":"09:21:31","h":"Ouest","s":"25S-H60S200F-81-F2"},{"r":"405","t":"09:26:25","h":"Ouest","s":"25N-H56N000S-80-S"},{"r":"405","t":"09:26:25","h":"Ouest","s":"25N-H56NV10S-80-S"},{"r":"405","t":"09:26:25","h":"Ouest","s":"25N-H56NV20S-80-S"},{"r":"405","t":"09:26:25","h":"Ouest","s":"25S-H56S000S-80-S"},{"r":"211","t":"09:29:09","h":"Ouest","s":"25N-H56N000S-80-S"},{"r":"211","t":"09:29:09","h":"Ouest","s":"25N-H56NV10S-80-S"},{"r":"211","t":"09:29:09","h":"Ouest","s":"25N-H56NV20S-80-S"},{"r":"211","t":"09:29:09","h":"Ouest","s":"25S-H56S000S-80-S"},{"r":"200","t":"09:32:31","h":"Ouest","s":"25N-H60N000A-80-A"},{"r":"200","t":"09:32:31","h":"Ouest","s":"25N-H60NV10A-80-A"},{"r":"200","t":"09:32:31","h":"Ouest","s":"25N-H60NV20A-80-A"},{"r":"200","t":"09:32:31","h":"Ouest","s":"25S-H60S000A-80-A"},{"r":"211","t":"09:48:09","h":"Ouest","s":"25N-H56N000I-80-I"},{"r":"211","t":"09:48:09","h":"Ouest","s":"25N-H56N100F-80-F1"},{"r":"211","t":"09:48:09","h":"Ouest","s":"25N-H56N200F-80-F2"},{"r":"211","t":"09:48:09","h":"Ouest","s":"25N-H56N300F-80-F3"},{"r":"211","t":"09:48:09","h":"Ouest","s":"25N-H56N400F-80-F4"},{"r":"211","t":"09:48:09","h":"Ouest","s":"25N-H56NV10I-80-I"},{"r":"211","t":"09:48:09","h":"Ouest","s":"25N-H56NV20I-80-I"},{"r":"211","t":"09:48:09","h":"Ouest","s":"25S-H56S000I-80-I"},{"r":"211","t":"09:48:09","h":"Ouest","s":"25S-H56S100F-80-F1"},{"r":"211","t":"09:48:09","h":"Ouest","s":"25S-H56S200F-81-F2"},{"r":"211","t":"09:49:09","h":"Ouest","s":"25N-H56N000A-80-A"},{"r":"211","t":"09:49:09","h":"Ouest","s":"25N-H56NV10A-80-A"},{"r":"211","t":"09:49:09","h":"Ouest","s":"25N-H56NV20A-80-A"},{"r":"211","t":"09:49:09","h":"Ouest","s":"25S-H56S000A-80-A"},{"r":"211","t":"09:50:09","h":"Ouest","s":"25N-H56N000S-80-S"},{"r":"211","t":"09:50:09","h":"Ouest","s":"25N-H56NV10S-80-S"},{"r":"211","t":"09:50:09","h":"Ouest","s":"25N-H56NV20S-80-S"},{"r":"211","t":"09:50:09","h":"Ouest","s":"25S-H56S000S-80-S"},{"r":"200","t":"09:50:26","h":"Ouest","s":"25N-H60N000S-80-S"},{"r":"200","t":"09:50:26","h":"Ouest","s":"25N-H60N000S-98-S"},{"r":"200","t":"09:50:26","h":"Ouest","s":"25N-H60NV10S-98-S"},{"r":"200","t":"09:50:26","h":"Ouest","s":"25N-H60NV20S-98-S"},{"r":"200","t":"09:50:26","h":"Ouest","s":"25S-H60S000S-80-S"},{"r":"405","t":"09:50:31","h":"Ouest","s":"25N-H56N000S-80-S"},{"r":"405","t":"09:50:31","h":"Ouest","s":"25N-H56NV10S-80-S"},{"r":"405","t":"09:50:31","h":"Ouest","s":"25N-H56NV20S-80-S"},{"r":"405","t":"09:50:31","h":"Ouest","s":"25S-H56S000S-80-S"},{"r":"200","t":"09:51:31","h":"Ouest","s":"25N-H60N000I-80-I"},{"r":"200","t":"09:51:31","h":"Ouest","s":"25N-H60N100F-81-F1"},{"r":"200","t":"09:51:31","h":"Ouest","s":"25N-H60N200F-81-F2"},{"r":"200","t":"09:51:31","h":"Ouest","s":"25N-H60N300F-82-F3"},{"r":"200","t":"09:51:31","h":"Ouest","s":"25N-H60N400F-81-F4"},{"r":"200","t":"09:51:31","h":"Ouest","s":"25N-H60NV10I-80-I"},{"r":"200","t":"09:51:31","h":"Ouest","s":"25N-H60NV20I-80-I"},{"r":"200","t":"09:51:31","h":"Ouest","s":"25S-H60S000I-80-I"},{"r":"200","t":"09:51:31","h":"Ouest","s":"25S-H60S100F-82-F1"},{"r":"200","t":"09:51:31","h":"Ouest","s":"25S-H60S200F-81-F2"},{"r":"200","t":"10:01:31","h":"Ouest","s":"25N-H60N000A-80-A"},{"r":"200","t":"10:01:31","h":"Ouest","s":"25N-H60NV10A-80-A"},{"r":"200","t":"10:01:31","h":"Ouest","s":"25N-H60NV20A-80-A"},{"r":"200","t":"10:01:31","h":"Ouest","s":"25S-H60S000A-80-A"},{"r":"405","t":"10:10:31","h":"Ouest","s":"25N-H56N000S-80-S"},{"r":"405","t":"10:10:31","h":"Ouest","s":"25N-H56NV10S-80-S"},{"r":"405","t":"10:10:31","h":"Ouest","s":"25N-H56NV20S-80-S"},{"r":"405","t":"10:10:31","h":"Ouest","s":"25S-H56S000S-80-S"},{"r":"211","t":"10:12:09","h":"Ouest","s":"25N-H56N000S-80-S"},{"r":"211","t":"10:12:09","h":"Ouest","s":"25N-H56NV10S-80-S"},{"r":"211","t":"10:12:09","h":"Ouest","s":"25N-H56NV20S-80-S"},{"r":"211","t":"10:12:09","h":"Ouest","s":"25S-H56S000S-80-S"},{"r":"211","t":"10:20:09","h":"Ouest","s":"25N-H56N000A-80-A"},{"r":"211","t":"10:20:09","h":"Ouest","s":"25N-H56N000I-80-I"},{"r":"211","t":"10:20:09","h":"Ouest","s":"25N-H56N100F-80-F1"},{"r":"211","t":"10:20:09","h":"Ouest","s":"25N-H56N200F-80-F2"},{"r":"211","t":"10:20:09","h":"Ouest","s":"25N-H56N300F-80-F3"},{"r":"211","t":"10:20:09","h":"Ouest","s":"25N-H56N400F-80-F4"},{"r":"211","t":"10:20:09","h":"Ouest","s":"25N-H56NV10A-80-A"},{"r":"211","t":"10:20:09","h":"Ouest","s":"25N-H56NV10I-80-I"},{"r":"211","t":"10:20:09","h":"Ouest","s":"25N-H56NV20A-80-A"},{"r":"211","t":"10:20:09","h":"Ouest","s":"25N-H56NV20I-80-I"},{"r":"211","t":"10:20:09","h":"Ouest","s":"25S-H56S000A-80-A"},{"r":"211","t":"10:20:09","h":"Ouest","s":"25S-H56S000I-80-I"},{"r":"211","t":"10:20:09","h":"Ouest","s":"25S-H56S100F-80-F1"},{"r":"211","t":"10:20:09","h":"Ouest","s":"25S-H56S200F-81-F2"},{"r":"200","t":"10:21:31","h":"Ouest","s":"25N-H60N000I-80-I"},{"r":"200","t":"10:21:31","h":"Ouest","s":"25N-H60N100F-81-F1"},{"r":"200","t":"10:21:31","h":"Ouest","s":"25N-H60N200F-81-F2"},{"r":"200","t":"10:21:31","h":"Ouest","s":"25N-H60N300F-82-F3"},{"r":"200","t":"10:21:31","h":"Ouest","s":"25N-H60N400F-81-F4"},{"r":"200","t":"10:21:31","h":"Ouest","s":"25N-H60NV10I-80-I"},{"r":"200","t":"10:21:31","h":"Ouest","s":"25N-H60NV20I-80-I"},{"r":"200","t":"10:21:31","h":"Ouest","s":"25S-H60S000I-80-I"},{"r":"200","t":"10:21:31","h":"Ouest","s":"25S-H60S100F-82-F1"},{"r":"200","t":"10:21:31","h":"Ouest","s":"25S-H60S200F-81-F2"},{"r":"200","t":"10:22:26","h":"Ouest","s":"25N-H60N000S-80-S"},{"r":"200","t":"10:22:26","h":"Ouest","s":"25N-H60N000S-98-S"},{"r":"200","t":"10:22:26","h":"Ouest","s":"25N-H60NV10S-98-S"},{"r":"200","t":"10:22:26","h":"Ouest","s":"25N-H60NV20S-98-S"},{"r":"200","t":"10:22:26","h":"Ouest","s":"25S-H60S000S-80-S"},{"r":"200","t":"10:27:31","h":"Ouest","s":"25N-H60N000A-80-A"},{"r":"200","t":"10:27:31","h":"Ouest","s":"25N-H60NV10A-80-A"},{"r":"200","t":"10:27:31","h":"Ouest","s":"25N-H60NV20A-80-A"},{"r":"200","t":"10:27:31","h":"Ouest","s":"25S-H60S000A-80-A"},{"r":"405","t":"10:30:31","h":"Ouest","s":"25N-H56N000S-80-S"},{"r":"405","t":"10:30:31","h":"Ouest","s":"25N-H56NV10S-80-S"},{"r":"405","t":"10:30:31","h":"Ouest","s":"25N-H56NV20S-80-S"},{"r":"405","t":"10:30:31","h":"Ouest","s":"25S-H56S000S-80-S"},{"r":"211","t":"10:39:09","h":"Ouest","s":"25N-H56N000S-80-S"},{"r":"211","t":"10:39:09","h":"Ouest","s":"25N-H56NV10S-80-S"},{"r":"211","t":"10:39:09","h":"Ouest","s":"25N-H56NV20S-80-S"},{"r":"211","t":"10:39:09","h":"Ouest","s":"25S-H56S000S-80-S"},{"r":"405","t":"10:49:31","h":"Ouest","s":"25N-H60N000S-80-S"},{"r":"405","t":"10:49:31","h":"Ouest","s":"25N-H60N000S-98-S"},{"r":"405","t":"10:49:31","h":"Ouest","s":"25N-H60NV10S-98-S"},{"r":"405","t":"10:49:31","h":"Ouest","s":"25N-H60NV20S-98-S"},{"r":"405","t":"10:49:31","h":"Ouest","s":"25S-H60S000S-80-S"},{"r":"211","t":"10:51:09","h":"Ouest","s":"25N-H56N000A-80-A"},{"r":"211","t":"10:51:09","h":"Ouest","s":"25N-H56N000I-80-I"},{"r":"211","t":"10:51:09","h":"Ouest","s":"25N-H56N100F-80-F1"},{"r":"211","t":"10:51:09","h":"Ouest","s":"25N-H56N200F-80-F2"},{"r":"211","t":"10:51:09","h":"Ouest","s":"25N-H56N300F-80-F3"},{"r":"211","t":"10:51:09","h":"Ouest","s":"25N-H56N400F-80-F4"},{"r":"211","t":"10:51:09","h":"Ouest","s":"25N-H56NV10A-80-A"},{"r":"211","t":"10:51:09","h":"Ouest","s":"25N-H56NV10I-80-I"},{"r":"211","t":"10:51:09","h":"Ouest","s":"25N-H56NV20A-80-A"},{"r":"211","t":"10:51:09","h":"Ouest","s":"25N-H56NV20I-80-I"},{"r":"211","t":"10:51:09","h":"Ouest","s":"25S-H56S000A-80-A"},{"r":"211","t":"10:51:09","h":"Ouest","s":"25S-H56S000I-80-I"},{"r":"211","t":"10:51:09","h":"Ouest","s":"25S-H56S100F-80-F1"},{"r":"211","t":"10:51:09","h":"Ouest","s":"25S-H56S200F-81-F2"},{"r":"200","t":"10:51:31","h":"Ouest","s":"25N-H60N000I-80-I"},{"r":"200","t":"10:51:31","h":"Ouest","s":"25N-H60N100F-81-F1"},{"r":"200","t":"10:51:31","h":"Ouest","s":"25N-H60N200F-81-F2"},{"r":"200","t":"10:51:31","h":"Ouest","s":"25N-H60N300F-82-F3"},{"r":"200","t":"10:51:31","h":"Ouest","s":"25N-H60N400F-81-F4"},{"r":"200","t":"10:51:31","h":"Ouest","s":"25N-H60NV10I-80-I"},{"r":"200","t":"10:51:31","h":"Ouest","s":"25N-H60NV20I-80-I"},{"r":"200","t":"10:51:31","h":"Ouest","s":"25S-H60S000I-80-I"},{"r":"200","t":"10:51:31","h":"Ouest","s":"25S-H60S100F-82-F1"},{"r":"200","t":"10:51:31","h":"Ouest","s":"25S-H60S200F-81-F2"},{"r":"200","t":"10:55:26","h":"Ouest","s":"25N-H60N000A-80-A"},{"r":"200","t":"10:55:26","h":"Ouest","s":"25N-H60N000S-80-S"},{"r":"200","t":"10:55:26","h":"Ouest","s":"25N-H60N000S-98-S"},{"r":"200","t":"10:55:26","h":"Ouest","s":"25N-H60NV10A-80-A"},{"r":"200","t":"10:55:26","h":"Ouest","s":"25N-H60NV10S-98-S"},{"r":"200","t":"10:55:26","h":"Ouest","s":"25N-H60NV20A-80-A"},{"r":"200","t":"10:55:26","h":"Ouest","s":"25N-H60NV20S-98-S"},{"r":"200","t":"10:55:26","h":"Ouest","s":"25S-H60S000A-80-A"},{"r":"200","t":"10:55:26","h":"Ouest","s":"25S-H60S000S-80-S"},{"r":"405","t":"11:08:31","h":"Ouest","s":"25N-H56N000S-80-S"},{"r":"405","t":"11:08:31","h":"Ouest","s":"25N-H56NV10S-80-S"},{"r":"405","t":"11:08:31","h":"Ouest","s":"25N-H56NV20S-80-S"},{"r":"405","t":"11:08:31","h":"Ouest","s":"25S-H56S000S-80-S"},{"r":"211","t":"11:10:09","h":"Ouest","s":"25N-H56N000S-80-S"},{"r":"211","t":"11:10:09","h":"Ouest","s":"25N-H56NV10S-80-S"},{"r":"211","t":"11:10:09","h":"Ouest","s":"25N-H56NV20S-80-S"},{"r":"211","t":"11:10:09","h":"Ouest","s":"25S-H56S000S-80-S"},{"r":"211","t":"11:20:09","h":"Ouest","s":"25N-H56N000A-80-A"},{"r":"211","t":"11:20:09","h":"Ouest","s":"25N-H56NV10A-80-A"},{"r":"211","t":"11:20:09","h":"Ouest","s":"25N-H56NV20A-80-A"},{"r":"211","t":"11:20:09","h":"Ouest","s":"25S-H56S000A-80-A"},{"r":"211","t":"11:21:09","h":"Ouest","s":"25N-H56N000I-80-I"},{"r":"211","t":"11:21:09","h":"Ouest","s":"25N-H56N100F-80-F1"},{"r":"211","t":"11:21:09","h":"Ouest","s":"25N-H56N200F-80-F2"},{"r":"211","t":"11:21:09","h":"Ouest","s":"25N-H56N300F-80-F3"},{"r":"211","t":"11:21:09","h":"Ouest","s":"25N-H56N400F-80-F4"},{"r":"211","t":"11:21:09","h":"Ouest","s":"25N-H56NV10I-80-I"},{"r":"211","t":"11:21:09","h":"Ouest","s":"25N-H56NV20I-80-I"},{"r":"211","t":"11:21:09","h":"Ouest","s":"25S-H56S000I-80-I"},{"r":"211","t":"11:21:09","h":"Ouest","s":"25S-H56S100F-80-F1"},{"r":"211","t":"11:21:09","h":"Ouest","s":"25S-H56S200F-81-F2"},{"r":"200","t":"11:21:31","h":"Ouest","s":"25N-H60N000I-80-I"},{"r":"200","t":"11:21:31","h":"Ouest","s":"25N-H60N100F-81-F1"},{"r":"200","t":"11:21:31","h":"Ouest","s":"25N-H60N200F-81-F2"},{"r":"200","t":"11:21:31","h":"Ouest","s":"25N-H60N300F-82-F3"},{"r":"200","t":"11:21:31","h":"Ouest","s":"25N-H60N400F-81-F4"},{"r":"200","t":"11:21:31","h":"Ouest","s":"25N-H60NV10I-80-I"},{"r":"200","t":"11:21:31","h":"Ouest","s":"25N-H60NV20I-80-I"},{"r":"200","t":"11:21:31","h":"Ouest","s":"25S-H60S000I-80-I"},{"r":"200","t":"11:21:31","h":"Ouest","s":"25S-H60S100F-82-F1"},{"r":"200","t":"11:21:31","h":"Ouest","s":"25S-H60S200F-81-F2"},{"r":"200","t":"11:22:26","h":"Ouest","s":"25N-H60N000A-80-A"},{"r":"200","t":"11:22:26","h":"Ouest","s":"25N-H60NV10A-80-A"},{"r":"200","t":"11:22:26","h":"Ouest","s":"25N-H60NV20A-80-A"},{"r":"200","t":"11:22:26","h":"Ouest","s":"25S-H60S000A-80-A"},{"r":"200","t":"11:28:26","h":"Ouest","s":"25N-H60N000S-80-S"},{"r":"200","t":"11:28:26","h":"Ouest","s":"25N-H60N000S-98-S"},{"r":"200","t":"11:28:26","h":"Ouest","s":"25N-H60NV10S-98-S"},{"r":"200","t":"11:28:26","h":"Ouest","s":"25N-H60NV20S-98-S"},{"r":"200","t":"11:28:26","h":"Ouest","s":"25S-H60S000S-80-S"},{"r":"405","t":"11:30:37","h":"Ouest","s":"25N-H56N000S-80-S"},{"r":"405","t":"11:30:37","h":"Ouest","s":"25N-H56NV10S-80-S"},{"r":"405","t":"11:30:37","h":"Ouest","s":"25N-H56NV20S-80-S"},{"r":"405","t":"11:30:37","h":"Ouest","s":"25S-H56S000S-80-S"},{"r":"211","t":"11:42:09","h":"Ouest","s":"25N-H56N000S-80-S"},{"r":"211","t":"11:42:09","h":"Ouest","s":"25N-H56NV10S-80-S"},{"r":"211","t":"11:42:09","h":"Ouest","s":"25N-H56NV20S-80-S"},{"r":"211","t":"11:42:09","h":"Ouest","s":"25S-H56S000S-80-S"},{"r":"211","t":"11:49:09","h":"Ouest","s":"25N-H56N000A-80-A"},{"r":"211","t":"11:49:09","h":"Ouest","s":"25N-H56NV10A-80-A"},{"r":"211","t":"11:49:09","h":"Ouest","s":"25N-H56NV20A-80-A"},{"r":"211","t":"11:49:09","h":"Ouest","s":"25S-H56S000A-80-A"},{"r":"200","t":"11:50:26","h":"Ouest","s":"25N-H60N000A-80-A"},{"r":"200","t":"11:50:26","h":"Ouest","s":"25N-H60NV10A-80-A"},{"r":"200","t":"11:50:26","h":"Ouest","s":"25N-H60NV20A-80-A"},{"r":"200","t":"11:50:26","h":"Ouest","s":"25S-H60S000A-80-A"},{"r":"211","t":"11:52:09","h":"Ouest","s":"25N-H56N000I-80-I"},{"r":"211","t":"11:52:09","h":"Ouest","s":"25N-H56N100F-80-F1"},{"r":"211","t":"11:52:09","h":"Ouest","s":"25N-H56N200F-80-F2"},{"r":"211","t":"11:52:09","h":"Ouest","s":"25N-H56N300F-80-F3"},{"r":"211","t":"11:52:09","h":"Ouest","s":"25N-H56N400F-80-F4"},{"r":"211","t":"11:52:09","h":"Ouest","s":"25N-H56NV10I-80-I"},{"r":"211","t":"11:52:09","h":"Ouest","s":"25N-H56NV20I-80-I"},{"r":"211","t":"11:52:09","h":"Ouest","s":"25S-H56S000I-80-I"},{"r":"211","t":"11:52:09","h":"Ouest","s":"25S-H56S100F-80-F1"},{"r":"211","t":"11:52:09","h":"Ouest","s":"25S-H56S200F-81-F2"},{"r":"200","t":"11:52:31","h":"Ouest","s":"25N-H60N000I-80-I"},{"r":"200","t":"11:52:31","h":"Ouest","s":"25N-H60N100F-81-F1"},{"r":"200","t":"11:52:31","h":"Ouest","s":"25N-H60N200F-81-F2"},{"r":"200","t":"11:52:31","h":"Ouest","s":"25N-H60N300F-82-F3"},{"r":"200","t":"11:52:31","h":"Ouest","s":"25N-H60N400F-81-F4"},{"r":"200","t":"11:52:31","h":"Ouest","s":"25N-H60NV10I-80-I"},{"r":"200","t":"11:52:31","h":"Ouest","s":"25N-H60NV20I-80-I"},{"r":"200","t":"11:52:31","h":"Ouest","s":"25S-H60S000I-80-I"},{"r":"200","t":"11:52:31","h":"Ouest","s":"25S-H60S100F-82-F1"},{"r":"200","t":"11:52:31","h":"Ouest","s":"25S-H60S200F-81-F2"},{"r":"405","t":"11:52:37","h":"Ouest","s":"25N-H56N000S-80-S"},{"r":"405","t":"11:52:37","h":"Ouest","s":"25N-H56NV10S-80-S"},{"r":"405","t":"11:52:37","h":"Ouest","s":"25N-H56NV20S-80-S"},{"r":"405","t":"11:52:37","h":"Ouest","s":"25S-H56S000S-80-S"},{"r":"200","t":"12:00:26","h":"Ouest","s":"25N-H60N000S-80-S"},{"r":"200","t":"12:00:26","h":"Ouest","s":"25N-H60N000S-98-S"},{"r":"200","t":"12:00:26","h":"Ouest","s":"25N-H60NV10S-98-S"},{"r":"200","t":"12:00:26","h":"Ouest","s":"25N-H60NV20S-98-S"},{"r":"200","t":"12:00:26","h":"Ouest","s":"25S-H60S000S-80-S"},{"r":"211","t":"12:14:09","h":"Ouest","s":"25N-H56N000A-80-A"},{"r":"211","t":"12:14:09","h":"Ouest","s":"25N-H56N000S-80-S"},{"r":"211","t":"12:14:09","h":"Ouest","s":"25N-H56NV10A-80-A"},{"r":"211","t":"12:14:09","h":"Ouest","s":"25N-H56NV10S-80-S"},{"r":"211","t":"12:14:09","h":"Ouest","s":"25N-H56NV20A-80-A"},{"r":"211","t":"12:14:09","h":"Ouest","s":"25N-H56NV20S-80-S"},{"r":"211","t":"12:14:09","h":"Ouest","s":"25S-H56S000A-80-A"},{"r":"211","t":"12:14:09","h":"Ouest","s":"25S-H56S000S-80-S"},{"r":"405","t":"12:15:37","h":"Ouest","s":"25N-H56N000S-80-S"},{"r":"405","t":"12:15:37","h":"Ouest","s":"25N-H56NV10S-80-S"},{"r":"405","t":"12:15:37","h":"Ouest","s":"25N-H56NV20S-80-S"},{"r":"405","t":"12:15:37","h":"Ouest","s":"25S-H56S000S-80-S"},{"r":"200","t":"12:17:26","h":"Ouest","s":"25N-H60N000A-80-A"},{"r":"200","t":"12:17:26","h":"Ouest","s":"25N-H60NV10A-80-A"},{"r":"200","t":"12:17:26","h":"Ouest","s":"25N-H60NV20A-80-A"},{"r":"200","t":"12:17:26","h":"Ouest","s":"25S-H60S000A-80-A"},{"r":"211","t":"12:20:09","h":"Ouest","s":"25N-H56N000I-80-I"},{"r":"211","t":"12:20:09","h":"Ouest","s":"25N-H56N100F-80-F1"},{"r":"211","t":"12:20:09","h":"Ouest","s":"25N-H56N200F-80-F2"},{"r":"211","t":"12:20:09","h":"Ouest","s":"25N-H56N300F-80-F3"},{"r":"211","t":"12:20:09","h":"Ouest","s":"25N-H56N400F-80-F4"},{"r":"211","t":"12:20:09","h":"Ouest","s":"25N-H56NV10I-80-I"},{"r":"211","t":"12:20:09","h":"Ouest","s":"25N-H56NV20I-80-I"},{"r":"211","t":"12:20:09","h":"Ouest","s":"25S-H56S000I-80-I"},{"r":"211","t":"12:20:09","h":"Ouest","s":"25S-H56S100F-80-F1"},{"r":"211","t":"12:20:09","h":"Ouest","s":"25S-H56S200F-81-F2"},{"r":"200","t":"12:22:31","h":"Ouest","s":"25N-H60N000I-80-I"},{"r":"200","t":"12:22:31","h":"Ouest","s":"25N-H60N100F-81-F1"},{"r":"200","t":"12:22:31","h":"Ouest","s":"25N-H60N200F-81-F2"},{"r":"200","t":"12:22:31","h":"Ouest","s":"25N-H60N300F-82-F3"},{"r":"200","t":"12:22:31","h":"Ouest","s":"25N-H60N400F-81-F4"},{"r":"200","t":"12:22:31","h":"Ouest","s":"25N-H60NV10I-80-I"},{"r":"200","t":"12:22:31","h":"Ouest","s":"25N-H60NV20I-80-I"},{"r":"200","t":"12:22:31","h":"Ouest","s":"25S-H60S000I-80-I"},{"r":"200","t":"12:22:31","h":"Ouest","s":"25S-H60S100F-82-F1"},{"r":"200","t":"12:22:31","h":"Ouest","s":"25S-H60S200F-81-F2"},{"r":"200","t":"12:30:26","h":"Ouest","s":"25N-H60N000S-80-S"},{"r":"200","t":"12:30:26","h":"Ouest","s":"25N-H60N000S-98-S"},{"r":"200","t":"12:30:26","h":"Ouest","s":"25N-H60NV10S-98-S"},{"r":"200","t":"12:30:26","h":"Ouest","s":"25N-H60NV20S-98-S"},{"r":"200","t":"12:30:26","h":"Ouest","s":"25S-H60S000S-80-S"},{"r":"211","t":"12:36:09","h":"Ouest","s":"25N-H56N000A-80-A"},{"r":"211","t":"12:36:09","h":"Ouest","s":"25N-H56NV10A-80-A"},{"r":"211","t":"12:36:09","h":"Ouest","s":"25N-H56NV20A-80-A"},{"r":"211","t":"12:36:09","h":"Ouest","s":"25S-H56S000A-80-A"},{"r":"405","t":"12:37:31","h":"Ouest","s":"25N-H56N000S-80-S"},{"r":"405","t":"12:37:31","h":"Ouest","s":"25N-H56NV10S-80-S"},{"r":"405","t":"12:37:31","h":"Ouest","s":"25N-H56NV20S-80-S"},{"r":"405","t":"12:37:31","h":"Ouest","s":"25S-H56S000S-80-S"},{"r":"211","t":"12:45:09","h":"Ouest","s":"25N-H56N000S-80-S"},{"r":"211","t":"12:45:09","h":"Ouest","s":"25N-H56NV10S-80-S"},{"r":"211","t":"12:45:09","h":"Ouest","s":"25N-H56NV20S-80-S"},{"r":"211","t":"12:45:09","h":"Ouest","s":"25S-H56S000S-80-S"},{"r":"200","t":"12:45:26","h":"Ouest","s":"25N-H60N000A-80-A"},{"r":"200","t":"12:45:26","h":"Ouest","s":"25N-H60NV10A-80-A"},{"r":"200","t":"12:45:26","h":"Ouest","s":"25N-H60NV20A-80-A"},{"r":"200","t":"12:45:26","h":"Ouest","s":"25S-H60S000A-80-A"},{"r":"211","t":"12:48:09","h":"Ouest","s":"25N-H56N000I-80-I"},{"r":"211","t":"12:48:09","h":"Ouest","s":"25N-H56N100F-80-F1"},{"r":"211","t":"12:48:09","h":"Ouest","s":"25N-H56N200F-80-F2"},{"r":"211","t":"12:48:09","h":"Ouest","s":"25N-H56N300F-80-F3"},{"r":"211","t":"12:48:09","h":"Ouest","s":"25N-H56N400F-80-F4"},{"r":"211","t":"12:48:09","h":"Ouest","s":"25N-H56NV10I-80-I"},{"r":"211","t":"12:48:09","h":"Ouest","s":"25N-H56NV20I-80-I"},{"r":"211","t":"12:48:09","h":"Ouest","s":"25S-H56S000I-80-I"},{"r":"211","t":"12:48:09","h":"Ouest","s":"25S-H56S100F-80-F1"},{"r":"211","t":"12:48:09","h":"Ouest","s":"25S-H56S200F-81-F2"},{"r":"200","t":"12:52:31","h":"Ouest","s":"25N-H60N000I-80-I"},{"r":"200","t":"12:52:31","h":"Ouest","s":"25N-H60N100F-81-F1"},{"r":"200","t":"12:52:31","h":"Ouest","s":"25N-H60N200F-81-F2"},{"r":"200","t":"12:52:31","h":"Ouest","s":"25N-H60N300F-82-F3"},{"r":"200","t":"12:52:31","h":"Ouest","s":"25N-H60N400F-81-F4"},{"r":"200","t":"12:52:31","h":"Ouest","s":"25N-H60NV10I-80-I"},{"r":"200","t":"12:52:31","h":"Ouest","s":"25N-H60NV20I-80-I"},{"r":"200","t":"12:52:31","h":"Ouest","s":"25S-H60S000I-80-I"},{"r":"200","t":"12:52:31","h":"Ouest","s":"25S-H60S100F-82-F1"},{"r":"200","t":"12:52:31","h":"Ouest","s":"25S-H60S200F-81-F2"},{"r":"211","t":"12:57:09","h":"Ouest","s":"25N-H56N000A-80-A"},{"r":"211","t":"12:57:09","h":"Ouest","s":"25N-H56NV10A-80-A"},{"r":"211","t":"12:57:09","h":"Ouest","s":"25N-H56NV20A-80-A"},{"r":"211","t":"12:57:09","h":"Ouest","s":"25S-H56S000A-80-A"},{"r":"405","t":"12:58:31","h":"Ouest","s":"25N-H56N000S-80-S"},{"r":"405","t":"12:58:31","h":"Ouest","s":"25N-H56NV10S-80-S"},{"r":"405","t":"12:58:31","h":"Ouest","s":"25N-H56NV20S-80-S"},{"r":"405","t":"12:58:31","h":"Ouest","s":"25S-H56S000S-80-S"},{"r":"200","t":"13:00:26","h":"Ouest","s":"25N-H60N000S-80-S"},{"r":"200","t":"13:00:26","h":"Ouest","s":"25N-H60N000S-98-S"},{"r":"200","t":"13:00:26","h":"Ouest","s":"25N-H60NV10S-98-S"},{"r":"200","t":"13:00:26","h":"Ouest","s":"25N-H60NV20S-98-S"},{"r":"200","t":"13:00:26","h":"Ouest","s":"25S-H60S000S-80-S"},{"r":"200","t":"13:12:26","h":"Ouest","s":"25N-H60N000A-80-A"},{"r":"200","t":"13:12:26","h":"Ouest","s":"25N-H60NV10A-80-A"},{"r":"200","t":"13:12:26","h":"Ouest","s":"25N-H60NV20A-80-A"},{"r":"200","t":"13:12:26","h":"Ouest","s":"25S-H60S000A-80-A"},{"r":"211","t":"13:15:09","h":"Ouest","s":"25N-H56N000I-80-I"},{"r":"211","t":"13:15:09","h":"Ouest","s":"25N-H56N100F-80-F1"},{"r":"211","t":"13:15:09","h":"Ouest","s":"25N-H56N200F-80-F2"},{"r":"211","t":"13:15:09","h":"Ouest","s":"25N-H56N300F-80-F3"},{"r":"211","t":"13:15:09","h":"Ouest","s":"25N-H56N400F-80-F4"},{"r":"211","t":"13:15:09","h":"Ouest","s":"25N-H56NV10I-80-I"},{"r":"211","t":"13:15:09","h":"Ouest","s":"25N-H56NV20I-80-I"},{"r":"211","t":"13:15:09","h":"Ouest","s":"25S-H56S000I-80-I"},{"r":"211","t":"13:15:09","h":"Ouest","s":"25S-H56S100F-80-F1"},{"r":"211","t":"13:15:09","h":"Ouest","s":"25S-H56S200F-81-F2"},{"r":"211","t":"13:18:09","h":"Ouest","s":"25N-H56N000A-80-A"},{"r":"211","t":"13:18:09","h":"Ouest","s":"25N-H56NV10A-80-A"},{"r":"211","t":"13:18:09","h":"Ouest","s":"25N-H56NV20A-80-A"},{"r":"211","t":"13:18:09","h":"Ouest","s":"25S-H56S000A-80-A"},{"r":"211","t":"13:19:09","h":"Ouest","s":"25N-H56N000S-80-S"},{"r":"211","t":"13:19:09","h":"Ouest","s":"25N-H56NV10S-80-S"},{"r":"211","t":"13:19:09","h":"Ouest","s":"25N-H56NV20S-80-S"},{"r":"211","t":"13:19:09","h":"Ouest","s":"25S-H56S000S-80-S"},{"r":"405","t":"13:19:31","h":"Ouest","s":"25N-H56N000S-80-S"},{"r":"405","t":"13:19:31","h":"Ouest","s":"25N-H56NV10S-80-S"},{"r":"405","t":"13:19:31","h":"Ouest","s":"25N-H56NV20S-80-S"},{"r":"405","t":"13:19:31","h":"Ouest","s":"25S-H56S000S-80-S"},{"r":"200","t":"13:24:26","h":"Ouest","s":"25N-H60N000I-80-I"},{"r":"200","t":"13:24:26","h":"Ouest","s":"25N-H60N100F-81-F1"},{"r":"200","t":"13:24:26","h":"Ouest","s":"25N-H60N200F-81-F2"},{"r":"200","t":"13:24:26","h":"Ouest","s":"25N-H60N300F-82-F3"},{"r":"200","t":"13:24:26","h":"Ouest","s":"25N-H60N400F-81-F4"},{"r":"200","t":"13:24:26","h":"Ouest","s":"25N-H60NV10I-80-I"},{"r":"200","t":"13:24:26","h":"Ouest","s":"25N-H60NV20I-80-I"},{"r":"200","t":"13:24:26","h":"Ouest","s":"25S-H60S000I-80-I"},{"r":"200","t":"13:24:26","h":"Ouest","s":"25S-H60S100F-82-F1"},{"r":"200","t":"13:24:26","h":"Ouest","s":"25S-H60S200F-81-F2"},{"r":"200","t":"13:30:26","h":"Ouest","s":"25N-H60N000S-80-S"},{"r":"200","t":"13:30:26","h":"Ouest","s":"25N-H60N000S-98-S"},{"r":"200","t":"13:30:26","h":"Ouest","s":"25N-H60NV10S-98-S"},{"r":"200","t":"13:30:26","h":"Ouest","s":"25N-H60NV20S-98-S"},{"r":"200","t":"13:30:26","h":"Ouest","s":"25S-H60S000S-80-S"},{"r":"211","t":"13:38:09","h":"Ouest","s":"25N-H56N000A-80-A"},{"r":"211","t":"13:38:09","h":"Ouest","s":"25N-H56NV10A-80-A"},{"r":"211","t":"13:38:09","h":"Ouest","s":"25N-H56NV20A-80-A"},{"r":"211","t":"13:38:09","h":"Ouest","s":"25S-H56S000A-80-A"},{"r":"211","t":"13:39:09","h":"Ouest","s":"25N-H56N000I-80-I"},{"r":"211","t":"13:39:09","h":"Ouest","s":"25N-H56N100F-80-F1"},{"r":"211","t":"13:39:09","h":"Ouest","s":"25N-H56N200F-80-F2"},{"r":"211","t":"13:39:09","h":"Ouest","s":"25N-H56N300F-80-F3"},{"r":"211","t":"13:39:09","h":"Ouest","s":"25N-H56N400F-80-F4"},{"r":"211","t":"13:39:09","h":"Ouest","s":"25N-H56NV10I-80-I"},{"r":"211","t":"13:39:09","h":"Ouest","s":"25N-H56NV20I-80-I"},{"r":"211","t":"13:39:09","h":"Ouest","s":"25S-H56S000I-80-I"},{"r":"211","t":"13:39:09","h":"Ouest","s":"25S-H56S100F-80-F1"},{"r":"211","t":"13:39:09","h":"Ouest","s":"25S-H56S200F-81-F2"},{"r":"200","t":"13:39:26","h":"Ouest","s":"25N-H60N000A-80-A"},{"r":"200","t":"13:39:26","h":"Ouest","s":"25N-H60NV10A-80-A"},{"r":"200","t":"13:39:26","h":"Ouest","s":"25N-H60NV20A-80-A"},{"r":"200","t":"13:39:26","h":"Ouest","s":"25S-H60S000A-80-A"},{"r":"405","t":"13:40:31","h":"Ouest","s":"25N-H56N000S-80-S"},{"r":"405","t":"13:40:31","h":"Ouest","s":"25N-H56NV10S-80-S"},{"r":"405","t":"13:40:31","h":"Ouest","s":"25N-H56NV20S-80-S"},{"r":"405","t":"13:40:31","h":"Ouest","s":"25S-H56S000S-80-S"},{"r":"211","t":"13:54:09","h":"Ouest","s":"25N-H56N000S-80-S"},{"r":"211","t":"13:54:09","h":"Ouest","s":"25N-H56NV10S-80-S"},{"r":"211","t":"13:54:09","h":"Ouest","s":"25N-H56NV20S-80-S"},{"r":"211","t":"13:54:09","h":"Ouest","s":"25S-H56S000S-80-S"},{"r":"200","t":"13:54:26","h":"Ouest","s":"25N-H60N000I-80-I"},{"r":"200","t":"13:54:26","h":"Ouest","s":"25N-H60N100F-81-F1"},{"r":"200","t":"13:54:26","h":"Ouest","s":"25N-H60N200F-81-F2"},{"r":"200","t":"13:54:26","h":"Ouest","s":"25N-H60N300F-82-F3"},{"r":"200","t":"13:54:26","h":"Ouest","s":"25N-H60N400F-81-F4"},{"r":"200","t":"13:54:26","h":"Ouest","s":"25N-H60NV10I-80-I"},{"r":"200","t":"13:54:26","h":"Ouest","s":"25N-H60NV20I-80-I"},{"r":"200","t":"13:54:26","h":"Ouest","s":"25S-H60S000I-80-I"},{"r":"200","t":"13:54:26","h":"Ouest","s":"25S-H60S100F-82-F1"},{"r":"200","t":"13:54:26","h":"Ouest","s":"25S-H60S200F-81-F2"},{"r":"405","t":"13:57:31","h":"Ouest","s":"25N-H56N000S-80-S"},{"r":"405","t":"13:57:31","h":"Ouest","s":"25N-H56NV10S-80-S"},{"r":"405","t":"13:57:31","h":"Ouest","s":"25N-H56NV20S-80-S"},{"r":"405","t":"13:57:31","h":"Ouest","s":"25S-H56S000S-80-S"},{"r":"211","t":"13:59:09","h":"Ouest","s":"25N-H56N000A-80-A"},{"r":"211","t":"13:59:09","h":"Ouest","s":"25N-H56NV10A-80-A"},{"r":"211","t":"13:59:09","h":"Ouest","s":"25N-H56NV20A-80-A"},{"r":"211","t":"13:59:09","h":"Ouest","s":"25S-H56S000A-80-A"},{"r":"211","t":"14:01:09","h":"Ouest","s":"25N-H56N000I-80-I"},{"r":"211","t":"14:01:09","h":"Ouest","s":"25N-H56N100F-80-F1"},{"r":"211","t":"14:01:09","h":"Ouest","s":"25N-H56N200F-80-F2"},{"r":"211","t":"14:01:09","h":"Ouest","s":"25N-H56N300F-80-F3"},{"r":"211","t":"14:01:09","h":"Ouest","s":"25N-H56N400F-80-F4"},{"r":"211","t":"14:01:09","h":"Ouest","s":"25N-H56NV10I-80-I"},{"r":"211","t":"14:01:09","h":"Ouest","s":"25N-H56NV20I-80-I"},{"r":"211","t":"14:01:09","h":"Ouest","s":"25S-H56S000I-80-I"},{"r":"211","t":"14:01:09","h":"Ouest","s":"25S-H56S100F-80-F1"},{"r":"211","t":"14:01:09","h":"Ouest","s":"25S-H56S200F-81-F2"},{"r":"200","t":"14:01:26","h":"Ouest","s":"25N-H60N000S-80-S"},{"r":"200","t":"14:01:26","h":"Ouest","s":"25N-H60N000S-98-S"},{"r":"200","t":"14:01:26","h":"Ouest","s":"25N-H60NV10S-98-S"},{"r":"200","t":"14:01:26","h":"Ouest","s":"25N-H60NV20S-98-S"},{"r":"200","t":"14:01:26","h":"Ouest","s":"25S-H60S000S-80-S"},{"r":"200","t":"14:07:26","h":"Ouest","s":"25N-H60N000A-80-A"},{"r":"200","t":"14:07:26","h":"Ouest","s":"25N-H60NV10A-80-A"},{"r":"200","t":"14:07:26","h":"Ouest","s":"25N-H60NV20A-80-A"},{"r":"200","t":"14:07:26","h":"Ouest","s":"25S-H60S000A-80-A"},{"r":"405","t":"14:16:25","h":"Ouest","s":"25N-H56N000S-80-S"},{"r":"405","t":"14:16:25","h":"Ouest","s":"25N-H56NV10S-80-S"},{"r":"405","t":"14:16:25","h":"Ouest","s":"25N-H56NV20S-80-S"},{"r":"405","t":"14:16:25","h":"Ouest","s":"25S-H56S000S-80-S"},{"r":"211","t":"14:19:09","h":"Ouest","s":"25N-H56N000A-80-A"},{"r":"211","t":"14:19:09","h":"Ouest","s":"25N-H56NV10A-80-A"},{"r":"211","t":"14:19:09","h":"Ouest","s":"25N-H56NV20A-80-A"},{"r":"211","t":"14:19:09","h":"Ouest","s":"25S-H56S000A-80-A"},{"r":"211","t":"14:21:09","h":"Ouest","s":"25N-H56N000I-80-I"},{"r":"211","t":"14:21:09","h":"Ouest","s":"25N-H56N100F-80-F1"},{"r":"211","t":"14:21:09","h":"Ouest","s":"25N-H56N200F-80-F2"},{"r":"211","t":"14:21:09","h":"Ouest","s":"25N-H56N300F-80-F3"},{"r":"211","t":"14:21:09","h":"Ouest","s":"25N-H56N400F-80-F4"},{"r":"211","t":"14:21:09","h":"Ouest","s":"25N-H56NV10I-80-I"},{"r":"211","t":"14:21:09","h":"Ouest","s":"25N-H56NV20I-80-I"},{"r":"211","t":"14:21:09","h":"Ouest","s":"25S-H56S000I-80-I"},{"r":"211","t":"14:21:09","h":"Ouest","s":"25S-H56S100F-80-F1"},{"r":"211","t":"14:21:09","h":"Ouest","s":"25S-H56S200F-81-F2"},{"r":"200","t":"14:24:26","h":"Ouest","s":"25N-H60N000I-80-I"},{"r":"200","t":"14:24:26","h":"Ouest","s":"25N-H60N100F-81-F1"},{"r":"200","t":"14:24:26","h":"Ouest","s":"25N-H60N200F-81-F2"},{"r":"200","t":"14:24:26","h":"Ouest","s":"25N-H60N300F-82-F3"},{"r":"200","t":"14:24:26","h":"Ouest","s":"25N-H60N400F-81-F4"},{"r":"200","t":"14:24:26","h":"Ouest","s":"25N-H60NV10I-80-I"},{"r":"200","t":"14:24:26","h":"Ouest","s":"25N-H60NV20I-80-I"},{"r":"200","t":"14:24:26","h":"Ouest","s":"25S-H60S000I-80-I"},{"r":"200","t":"14:24:26","h":"Ouest","s":"25S-H60S100F-82-F1"},{"r":"200","t":"14:24:26","h":"Ouest","s":"25S-H60S200F-81-F2"},{"r":"211","t":"14:27:09","h":"Ouest","s":"25N-H56N000S-80-S"},{"r":"211","t":"14:27:09","h":"Ouest","s":"25N-H56NV10S-80-S"},{"r":"211","t":"14:27:09","h":"Ouest","s":"25N-H56NV20S-80-S"},{"r":"211","t":"14:27:09","h":"Ouest","s":"25S-H56S000S-80-S"},{"r":"200","t":"14:31:26","h":"Ouest","s":"25N-H60N000S-80-S"},{"r":"200","t":"14:31:26","h":"Ouest","s":"25N-H60N000S-98-S"},{"r":"200","t":"14:31:26","h":"Ouest","s":"25N-H60NV10S-98-S"},{"r":"200","t":"14:31:26","h":"Ouest","s":"25N-H60NV20S-98-S"},{"r":"200","t":"14:31:26","h":"Ouest","s":"25S-H60S000S-80-S"},{"r":"405","t":"14:35:25","h":"Ouest","s":"25N-H56N000S-80-S"},{"r":"405","t":"14:35:25","h":"Ouest","s":"25N-H56NV10S-80-S"},{"r":"405","t":"14:35:25","h":"Ouest","s":"25N-H56NV20S-80-S"},{"r":"405","t":"14:35:25","h":"Ouest","s":"25S-H56S000S-80-S"},{"r":"200","t":"14:35:26","h":"Ouest","s":"25N-H60N000A-80-A"},{"r":"200","t":"14:35:26","h":"Ouest","s":"25N-H60NV10A-80-A"},{"r":"200","t":"14:35:26","h":"Ouest","s":"25N-H60NV20A-80-A"},{"r":"200","t":"14:35:26","h":"Ouest","s":"25S-H60S000A-80-A"},{"r":"211","t":"14:39:09","h":"Ouest","s":"25N-H56N000A-80-A"},{"r":"211","t":"14:39:09","h":"Ouest","s":"25N-H56NV10A-80-A"},{"r":"211","t":"14:39:09","h":"Ouest","s":"25N-H56NV20A-80-A"},{"r":"211","t":"14:39:09","h":"Ouest","s":"25S-H56S000A-80-A"},{"r":"211","t":"14:43:09","h":"Ouest","s":"25N-H56N000I-80-I"},{"r":"211","t":"14:43:09","h":"Ouest","s":"25N-H56N100F-80-F1"},{"r":"211","t":"14:43:09","h":"Ouest","s":"25N-H56N200F-80-F2"},{"r":"211","t":"14:43:09","h":"Ouest","s":"25N-H56N300F-80-F3"},{"r":"211","t":"14:43:09","h":"Ouest","s":"25N-H56N400F-80-F4"},{"r":"211","t":"14:43:09","h":"Ouest","s":"25N-H56NV10I-80-I"},{"r":"211","t":"14:43:09","h":"Ouest","s":"25N-H56NV20I-80-I"},{"r":"211","t":"14:43:09","h":"Ouest","s":"25S-H56S000I-80-I"},{"r":"211","t":"14:43:09","h":"Ouest","s":"25S-H56S100F-80-F1"},{"r":"211","t":"14:43:09","h":"Ouest","s":"25S-H56S200F-81-F2"},{"r":"405","t":"14:52:25","h":"Ouest","s":"25N-H56N000S-80-S"},{"r":"405","t":"14:52:25","h":"Ouest","s":"25N-H56NV10S-80-S"},{"r":"405","t":"14:52:25","h":"Ouest","s":"25N-H56NV20S-80-S"},{"r":"405","t":"14:52:25","h":"Ouest","s":"25S-H56S000S-80-S"},{"r":"200","t":"14:54:26","h":"Ouest","s":"25N-H60N000I-80-I"},{"r":"200","t":"14:54:26","h":"Ouest","s":"25N-H60N100F-81-F1"},{"r":"200","t":"14:54:26","h":"Ouest","s":"25N-H60N200F-81-F2"},{"r":"200","t":"14:54:26","h":"Ouest","s":"25N-H60N300F-82-F3"},{"r":"200","t":"14:54:26","h":"Ouest","s":"25N-H60N400F-81-F4"},{"r":"200","t":"14:54:26","h":"Ouest","s":"25N-H60NV10I-80-I"},{"r":"200","t":"14:54:26","h":"Ouest","s":"25N-H60NV20I-80-I"},{"r":"200","t":"14:54:26","h":"Ouest","s":"25S-H60S000I-80-I"},{"r":"200","t":"14:54:26","h":"Ouest","s":"25S-H60S100F-82-F1"},{"r":"200","t":"14:54:26","h":"Ouest","s":"25S-H60S200F-81-F2"},{"r":"211","t":"14:59:09","h":"Ouest","s":"25N-H56N000A-80-A"},{"r":"211","t":"14:59:09","h":"Ouest","s":"25N-H56NV10A-80-A"},{"r":"211","t":"14:59:09","h":"Ouest","s":"25N-H56NV20A-80-A"},{"r":"211","t":"14:59:09","h":"Ouest","s":"25S-H56S000A-80-A"},{"r":"211","t":"15:00:09","h":"Ouest","s":"25N-H56N000S-80-S"},{"r":"211","t":"15:00:09","h":"Ouest","s":"25N-H56NV10S-80-S"},{"r":"211","t":"15:00:09","h":"Ouest","s":"25N-H56NV20S-80-S"},{"r":"211","t":"15:00:09","h":"Ouest","s":"25S-H56S000S-80-S"},{"r":"200","t":"15:01:26","h":"Ouest","s":"25N-H60N000S-80-S"},{"r":"200","t":"15:01:26","h":"Ouest","s":"25N-H60N000S-98-S"},{"r":"200","t":"15:01:26","h":"Ouest","s":"25N-H60NV10S-98-S"},{"r":"200","t":"15:01:26","h":"Ouest","s":"25N-H60NV20S-98-S"},{"r":"200","t":"15:01:26","h":"Ouest","s":"25S-H60S000S-80-S"},{"r":"200","t":"15:02:26","h":"Ouest","s":"25N-H60N000A-80-A"},{"r":"200","t":"15:02:26","h":"Ouest","s":"25N-H60NV10A-80-A"},{"r":"200","t":"15:02:26","h":"Ouest","s":"25N-H60NV20A-80-A"},{"r":"200","t":"15:02:26","h":"Ouest","s":"25S-H60S000A-80-A"},{"r":"211","t":"15:06:09","h":"Ouest","s":"25N-H56N000I-80-I"},{"r":"211","t":"15:06:09","h":"Ouest","s":"25N-H56N100F-80-F1"},{"r":"211","t":"15:06:09","h":"Ouest","s":"25N-H56N200F-80-F2"},{"r":"211","t":"15:06:09","h":"Ouest","s":"25N-H56N300F-80-F3"},{"r":"211","t":"15:06:09","h":"Ouest","s":"25N-H56N400F-80-F4"},{"r":"211","t":"15:06:09","h":"Ouest","s":"25N-H56NV10I-80-I"},{"r":"211","t":"15:06:09","h":"Ouest","s":"25N-H56NV20I-80-I"},{"r":"211","t":"15:06:09","h":"Ouest","s":"25S-H56S000I-80-I"},{"r":"211","t":"15:06:09","h":"Ouest","s":"25S-H56S100F-80-F1"},{"r":"211","t":"15:06:09","h":"Ouest","s":"25S-H56S200F-81-F2"},{"r":"405","t":"15:11:25","h":"Ouest","s":"25N-H56N000S-80-S"},{"r":"405","t":"15:11:25","h":"Ouest","s":"25N-H56NV10S-80-S"},{"r":"405","t":"15:11:25","h":"Ouest","s":"25N-H56NV20S-80-S"},{"r":"405","t":"15:11:25","h":"Ouest","s":"25S-H56S000S-80-S"},{"r":"211","t":"15:19:09","h":"Ouest","s":"25N-H56N000A-80-A"},{"r":"211","t":"15:19:09","h":"Ouest","s":"25N-H56NV10A-80-A"},{"r":"211","t":"15:19:09","h":"Ouest","s":"25N-H56NV20A-80-A"},{"r":"211","t":"15:19:09","h":"Ouest","s":"25S-H56S000A-80-A"},{"r":"200","t":"15:24:26","h":"Ouest","s":"25N-H60N000I-80-I"},{"r":"200","t":"15:24:26","h":"Ouest","s":"25N-H60N100F-81-F1"},{"r":"200","t":"15:24:26","h":"Ouest","s":"25N-H60N200F-81-F2"},{"r":"200","t":"15:24:26","h":"Ouest","s":"25N-H60N300F-82-F3"},{"r":"200","t":"15:24:26","h":"Ouest","s":"25N-H60N400F-81-F4"},{"r":"200","t":"15:24:26","h":"Ouest","s":"25N-H60NV10I-80-I"},{"r":"200","t":"15:24:26","h":"Ouest","s":"25N-H60NV20I-80-I"},{"r":"200","t":"15:24:26","h":"Ouest","s":"25S-H60S000I-80-I"},{"r":"200","t":"15:24:26","h":"Ouest","s":"25S-H60S100F-82-F1"},{"r":"200","t":"15:24:26","h":"Ouest","s":"25S-H60S200F-81-F2"},{"r":"211","t":"15:29:09","h":"Ouest","s":"25N-H56N000I-80-I"},{"r":"211","t":"15:29:09","h":"Ouest","s":"25N-H56N100F-80-F1"},{"r":"211","t":"15:29:09","h":"Ouest","s":"25N-H56N200F-80-F2"},{"r":"211","t":"15:29:09","h":"Ouest","s":"25N-H56N300F-80-F3"},{"r":"211","t":"15:29:09","h":"Ouest","s":"25N-H56N400F-80-F4"},{"r":"211","t":"15:29:09","h":"Ouest","s":"25N-H56NV10I-80-I"},{"r":"211","t":"15:29:09","h":"Ouest","s":"25N-H56NV20I-80-I"},{"r":"211","t":"15:29:09","h":"Ouest","s":"25S-H56S000I-80-I"},{"r":"211","t":"15:29:09","h":"Ouest","s":"25S-H56S100F-80-F1"},{"r":"211","t":"15:29:09","h":"Ouest","s":"25S-H56S200F-81-F2"},{"r":"200","t":"15:30:26","h":"Ouest","s":"25N-H60N000A-80-A"},{"r":"200","t":"15:30:26","h":"Ouest","s":"25N-H60NV10A-80-A"},{"r":"200","t":"15:30:26","h":"Ouest","s":"25N-H60NV20A-80-A"},{"r":"200","t":"15:30:26","h":"Ouest","s":"25S-H60S000A-80-A"},{"r":"211","t":"15:33:09","h":"Ouest","s":"25N-H56N000S-80-S"},{"r":"211","t":"15:33:09","h":"Ouest","s":"25N-H56NV10S-80-S"},{"r":"211","t":"15:33:09","h":"Ouest","s":"25N-H56NV20S-80-S"},{"r":"211","t":"15:33:09","h":"Ouest","s":"25S-H56S000S-80-S"},{"r":"200","t":"15:35:22","h":"Ouest","s":"25N-H60N000S-80-S"},{"r":"200","t":"15:35:22","h":"Ouest","s":"25N-H60N000S-98-S"},{"r":"200","t":"15:35:22","h":"Ouest","s":"25N-H60NV10S-98-S"},{"r":"200","t":"15:35:22","h":"Ouest","s":"25N-H60NV20S-98-S"},{"r":"200","t":"15:35:22","h":"Ouest","s":"25S-H60S000S-80-S"},{"r":"405","t":"15:38:20","h":"Ouest","s":"25N-H56N000S-80-S"},{"r":"405","t":"15:38:20","h":"Ouest","s":"25N-H56NV10S-80-S"},{"r":"405","t":"15:38:20","h":"Ouest","s":"25N-H56NV20S-80-S"},{"r":"405","t":"15:38:20","h":"Ouest","s":"25S-H56S000S-80-S"},{"r":"211","t":"15:39:09","h":"Ouest","s":"25N-H56N000A-80-A"},{"r":"211","t":"15:39:09","h":"Ouest","s":"25N-H56NV10A-80-A"},{"r":"211","t":"15:39:09","h":"Ouest","s":"25N-H56NV20A-80-A"},{"r":"211","t":"15:39:09","h":"Ouest","s":"25S-H56S000A-80-A"},{"r":"211","t":"15:52:09","h":"Ouest","s":"25N-H56N000I-80-I"},{"r":"211","t":"15:52:09","h":"Ouest","s":"25N-H56N100F-80-F1"},{"r":"211","t":"15:52:09","h":"Ouest","s":"25N-H56N200F-80-F2"},{"r":"211","t":"15:52:09","h":"Ouest","s":"25N-H56N300F-80-F3"},{"r":"211","t":"15:52:09","h":"Ouest","s":"25N-H56N400F-80-F4"},{"r":"211","t":"15:52:09","h":"Ouest","s":"25N-H56NV10I-80-I"},{"r":"211","t":"15:52:09","h":"Ouest","s":"25N-H56NV20I-80-I"},{"r":"211","t":"15:52:09","h":"Ouest","s":"25S-H56S000I-80-I"},{"r":"211","t":"15:52:09","h":"Ouest","s":"25S-H56S100F-80-F1"},{"r":"211","t":"15:52:09","h":"Ouest","s":"25S-H56S200F-81-F2"},{"r":"200","t":"15:54:26","h":"Ouest","s":"25N-H60N000I-80-I"},{"r":"200","t":"15:54:26","h":"Ouest","s":"25N-H60N100F-81-F1"},{"r":"200","t":"15:54:26","h":"Ouest","s":"25N-H60N200F-81-F2"},{"r":"200","t":"15:54:26","h":"Ouest","s":"25N-H60N300F-82-F3"},{"r":"200","t":"15:54:26","h":"Ouest","s":"25N-H60N400F-81-F4"},{"r":"200","t":"15:54:26","h":"Ouest","s":"25N-H60NV10I-80-I"},{"r":"200","t":"15:54:26","h":"Ouest","s":"25N-H60NV20I-80-I"},{"r":"200","t":"15:54:26","h":"Ouest","s":"25S-H60S000I-80-I"},{"r":"200","t":"15:54:26","h":"Ouest","s":"25S-H60S100F-82-F1"},{"r":"200","t":"15:54:26","h":"Ouest","s":"25S-H60S200F-81-F2"},{"r":"211","t":"15:58:09","h":"Ouest","s":"25N-H56N000A-80-A"},{"r":"211","t":"15:58:09","h":"Ouest","s":"25N-H56NV10A-80-A"},{"r":"211","t":"15:58:09","h":"Ouest","s":"25N-H56NV20A-80-A"},{"r":"211","t":"15:58:09","h":"Ouest","s":"25S-H56S000A-80-A"},{"r":"200","t":"15:58:26","h":"Ouest","s":"25N-H60N000A-80-A"},{"r":"200","t":"15:58:26","h":"Ouest","s":"25N-H60NV10A-80-A"},{"r":"200","t":"15:58:26","h":"Ouest","s":"25N-H60NV20A-80-A"},{"r":"200","t":"15:58:26","h":"Ouest","s":"25S-H60S000A-80-A"},{"r":"405","t":"16:04:20","h":"Ouest","s":"25N-H56N000S-80-S"},{"r":"405","t":"16:04:20","h":"Ouest","s":"25N-H56NV10S-80-S"},{"r":"405","t":"16:04:20","h":"Ouest","s":"25N-H56NV20S-80-S"},{"r":"405","t":"16:04:20","h":"Ouest","s":"25S-H56S000S-80-S"},{"r":"200","t":"16:07:22","h":"Ouest","s":"25N-H60N000S-80-S"},{"r":"200","t":"16:07:22","h":"Ouest","s":"25N-H60N000S-98-S"},{"r":"200","t":"16:07:22","h":"Ouest","s":"25N-H60NV10S-98-S"},{"r":"200","t":"16:07:22","h":"Ouest","s":"25N-H60NV20S-98-S"},{"r":"200","t":"16:07:22","h":"Ouest","s":"25S-H60S000S-80-S"},{"r":"211","t":"16:08:09","h":"Ouest","s":"25N-H56N000S-80-S"},{"r":"211","t":"16:08:09","h":"Ouest","s":"25N-H56NV10S-80-S"},{"r":"211","t":"16:08:09","h":"Ouest","s":"25N-H56NV20S-80-S"},{"r":"211","t":"16:08:09","h":"Ouest","s":"25S-H56S000S-80-S"},{"r":"211","t":"16:14:09","h":"Ouest","s":"25N-H56N000I-80-I"},{"r":"211","t":"16:14:09","h":"Ouest","s":"25N-H56N100F-80-F1"},{"r":"211","t":"16:14:09","h":"Ouest","s":"25N-H56N200F-80-F2"},{"r":"211","t":"16:14:09","h":"Ouest","s":"25N-H56N300F-80-F3"},{"r":"211","t":"16:14:09","h":"Ouest","s":"25N-H56N400F-80-F4"},{"r":"211","t":"16:14:09","h":"Ouest","s":"25N-H56NV10I-80-I"},{"r":"211","t":"16:14:09","h":"Ouest","s":"25N-H56NV20I-80-I"},{"r":"211","t":"16:14:09","h":"Ouest","s":"25S-H56S000I-80-I"},{"r":"211","t":"16:14:09","h":"Ouest","s":"25S-H56S100F-80-F1"},{"r":"211","t":"16:14:09","h":"Ouest","s":"25S-H56S200F-81-F2"},{"r":"211","t":"16:16:09","h":"Ouest","s":"25N-H56N000A-80-A"},{"r":"211","t":"16:16:09","h":"Ouest","s":"25N-H56NV10A-80-A"},{"r":"211","t":"16:16:09","h":"Ouest","s":"25N-H56NV20A-80-A"},{"r":"211","t":"16:16:09","h":"Ouest","s":"25S-H56S000A-80-A"},{"r":"200","t":"16:24:26","h":"Ouest","s":"25N-H60N000I-80-I"},{"r":"200","t":"16:24:26","h":"Ouest","s":"25N-H60N100F-81-F1"},{"r":"200","t":"16:24:26","h":"Ouest","s":"25N-H60N200F-81-F2"},{"r":"200","t":"16:24:26","h":"Ouest","s":"25N-H60N300F-82-F3"},{"r":"200","t":"16:24:26","h":"Ouest","s":"25N-H60N400F-81-F4"},{"r":"200","t":"16:24:26","h":"Ouest","s":"25N-H60NV10I-80-I"},{"r":"200","t":"16:24:26","h":"Ouest","s":"25N-H60NV20I-80-I"},{"r":"200","t":"16:24:26","h":"Ouest","s":"25S-H60S000I-80-I"},{"r":"200","t":"16:24:26","h":"Ouest","s":"25S-H60S100F-82-F1"},{"r":"200","t":"16:24:26","h":"Ouest","s":"25S-H60S200F-81-F2"},{"r":"405","t":"16:25:25","h":"Ouest","s":"25N-H56N000S-80-S"},{"r":"405","t":"16:25:25","h":"Ouest","s":"25N-H56NV10S-80-S"},{"r":"405","t":"16:25:25","h":"Ouest","s":"25N-H56NV20S-80-S"},{"r":"405","t":"16:25:25","h":"Ouest","s":"25S-H56S000S-80-S"},{"r":"200","t":"16:25:26","h":"Ouest","s":"25N-H60N000A-80-A"},{"r":"200","t":"16:25:26","h":"Ouest","s":"25N-H60NV10A-80-A"},{"r":"200","t":"16:25:26","h":"Ouest","s":"25N-H60NV20A-80-A"},{"r":"200","t":"16:25:26","h":"Ouest","s":"25S-H60S000A-80-A"},{"r":"211","t":"16:34:09","h":"Ouest","s":"25N-H56N000A-80-A"},{"r":"211","t":"16:34:09","h":"Ouest","s":"25N-H56NV10A-80-A"},{"r":"211","t":"16:34:09","h":"Ouest","s":"25N-H56NV20A-80-A"},{"r":"211","t":"16:34:09","h":"Ouest","s":"25S-H56S000A-80-A"},{"r":"211","t":"16:36:09","h":"Ouest","s":"25N-H56N000I-80-I"},{"r":"211","t":"16:36:09","h":"Ouest","s":"25N-H56N100F-80-F1"},{"r":"211","t":"16:36:09","h":"Ouest","s":"25N-H56N200F-80-F2"},{"r":"211","t":"16:36:09","h":"Ouest","s":"25N-H56N300F-80-F3"},{"r":"211","t":"16:36:09","h":"Ouest","s":"25N-H56N400F-80-F4"},{"r":"211","t":"16:36:09","h":"Ouest","s":"25N-H56NV10I-80-I"},{"r":"211","t":"16:36:09","h":"Ouest","s":"25N-H56NV20I-80-I"},{"r":"211","t":"16:36:09","h":"Ouest","s":"25S-H56S000I-80-I"},{"r":"211","t":"16:36:09","h":"Ouest","s":"25S-H56S100F-80-F1"},{"r":"211","t":"16:36:09","h":"Ouest","s":"25S-H56S200F-81-F2"},{"r":"211","t":"16:38:09","h":"Ouest","s":"25N-H56N000S-80-S"},{"r":"211","t":"16:38:09","h":"Ouest","s":"25N-H56NV10S-80-S"},{"r":"211","t":"16:38:09","h":"Ouest","s":"25N-H56NV20S-80-S"},{"r":"211","t":"16:38:09","h":"Ouest","s":"25S-H56S000S-80-S"},{"r":"200","t":"16:38:22","h":"Ouest","s":"25N-H60N000S-80-S"},{"r":"200","t":"16:38:22","h":"Ouest","s":"25N-H60N000S-98-S"},{"r":"200","t":"16:38:22","h":"Ouest","s":"25N-H60NV10S-98-S"},{"r":"200","t":"16:38:22","h":"Ouest","s":"25N-H60NV20S-98-S"},{"r":"200","t":"16:38:22","h":"Ouest","s":"25S-H60S000S-80-S"},{"r":"405","t":"16:47:25","h":"Ouest","s":"25N-H56N000S-80-S"},{"r":"405","t":"16:47:25","h":"Ouest","s":"25N-H56NV10S-80-S"},{"r":"405","t":"16:47:25","h":"Ouest","s":"25N-H56NV20S-80-S"},{"r":"405","t":"16:47:25","h":"Ouest","s":"25S-H56S000S-80-S"},{"r":"211","t":"16:53:09","h":"Ouest","s":"25N-H56N000A-80-A"},{"r":"211","t":"16:53:09","h":"Ouest","s":"25N-H56NV10A-80-A"},{"r":"211","t":"16:53:09","h":"Ouest","s":"25N-H56NV20A-80-A"},{"r":"211","t":"16:53:09","h":"Ouest","s":"25S-H56S000A-80-A"},{"r":"200","t":"16:53:26","h":"Ouest","s":"25N-H60N000A-80-A"},{"r":"200","t":"16:53:26","h":"Ouest","s":"25N-H60NV10A-80-A"},{"r":"200","t":"16:53:26","h":"Ouest","s":"25N-H60NV20A-80-A"},{"r":"200","t":"16:53:26","h":"Ouest","s":"25S-H60S000A-80-A"},{"r":"200","t":"16:54:26","h":"Ouest","s":"25N-H60N000I-80-I"},{"r":"200","t":"16:54:26","h":"Ouest","s":"25N-H60N100F-81-F1"},{"r":"200","t":"16:54:26","h":"Ouest","s":"25N-H60N200F-81-F2"},{"r":"200","t":"16:54:26","h":"Ouest","s":"25N-H60N300F-82-F3"},{"r":"200","t":"16:54:26","h":"Ouest","s":"25N-H60N400F-81-F4"},{"r":"200","t":"16:54:26","h":"Ouest","s":"25N-H60NV10I-80-I"},{"r":"200","t":"16:54:26","h":"Ouest","s":"25N-H60NV20I-80-I"},{"r":"200","t":"16:54:26","h":"Ouest","s":"25S-H60S000I-80-I"},{"r":"200","t":"16:54:26","h":"Ouest","s":"25S-H60S100F-82-F1"},{"r":"200","t":"16:54:26","h":"Ouest","s":"25S-H60S200F-81-F2"},{"r":"211","t":"16:56:09","h":"Ouest","s":"25N-H56N000I-80-I"},{"r":"211","t":"16:56:09","h":"Ouest","s":"25N-H56N100F-80-F1"},{"r":"211","t":"16:56:09","h":"Ouest","s":"25N-H56N200F-80-F2"},{"r":"211","t":"16:56:09","h":"Ouest","s":"25N-H56N300F-80-F3"},{"r":"211","t":"16:56:09","h":"Ouest","s":"25N-H56N400F-80-F4"},{"r":"211","t":"16:56:09","h":"Ouest","s":"25N-H56NV10I-80-I"},{"r":"211","t":"16:56:09","h":"Ouest","s":"25N-H56NV20I-80-I"},{"r":"211","t":"16:56:09","h":"Ouest","s":"25S-H56S000I-80-I"},{"r":"211","t":"16:56:09","h":"Ouest","s":"25S-H56S100F-80-F1"},{"r":"211","t":"16:56:09","h":"Ouest","s":"25S-H56S200F-81-F2"},{"r":"200","t":"17:04:22","h":"Ouest","s":"25N-H60N000S-80-S"},{"r":"200","t":"17:04:22","h":"Ouest","s":"25N-H60N000S-98-S"},{"r":"200","t":"17:04:22","h":"Ouest","s":"25N-H60NV10S-98-S"},{"r":"200","t":"17:04:22","h":"Ouest","s":"25N-H60NV20S-98-S"},{"r":"200","t":"17:04:22","h":"Ouest","s":"25S-H60S000S-80-S"},{"r":"405","t":"17:08:25","h":"Ouest","s":"25N-H56N000S-80-S"},{"r":"405","t":"17:08:25","h":"Ouest","s":"25N-H56NV10S-80-S"},{"r":"405","t":"17:08:25","h":"Ouest","s":"25N-H56NV20S-80-S"},{"r":"405","t":"17:08:25","h":"Ouest","s":"25S-H56S000S-80-S"},{"r":"211","t":"17:09:09","h":"Ouest","s":"25N-H56N000S-80-S"},{"r":"211","t":"17:09:09","h":"Ouest","s":"25N-H56NV10S-80-S"},{"r":"211","t":"17:09:09","h":"Ouest","s":"25N-H56NV20S-80-S"},{"r":"211","t":"17:09:09","h":"Ouest","s":"25S-H56S000S-80-S"},{"r":"211","t":"17:12:09","h":"Ouest","s":"25N-H56N000A-80-A"},{"r":"211","t":"17:12:09","h":"Ouest","s":"25N-H56NV10A-80-A"},{"r":"211","t":"17:12:09","h":"Ouest","s":"25N-H56NV20A-80-A"},{"r":"211","t":"17:12:09","h":"Ouest","s":"25S-H56S000A-80-A"},{"r":"211","t":"17:14:09","h":"Ouest","s":"25N-H56N000I-80-I"},{"r":"211","t":"17:14:09","h":"Ouest","s":"25N-H56N100F-80-F1"},{"r":"211","t":"17:14:09","h":"Ouest","s":"25N-H56N200F-80-F2"},{"r":"211","t":"17:14:09","h":"Ouest","s":"25N-H56N300F-80-F3"},{"r":"211","t":"17:14:09","h":"Ouest","s":"25N-H56N400F-80-F4"},{"r":"211","t":"17:14:09","h":"Ouest","s":"25N-H56NV10I-80-I"},{"r":"211","t":"17:14:09","h":"Ouest","s":"25N-H56NV20I-80-I"},{"r":"211","t":"17:14:09","h":"Ouest","s":"25S-H56S000I-80-I"},{"r":"211","t":"17:14:09","h":"Ouest","s":"25S-H56S100F-80-F1"},{"r":"211","t":"17:14:09","h":"Ouest","s":"25S-H56S200F-81-F2"},{"r":"200","t":"17:21:26","h":"Ouest","s":"25N-H60N000A-80-A"},{"r":"200","t":"17:21:26","h":"Ouest","s":"25N-H60NV10A-80-A"},{"r":"200","t":"17:21:26","h":"Ouest","s":"25N-H60NV20A-80-A"},{"r":"200","t":"17:21:26","h":"Ouest","s":"25S-H60S000A-80-A"},{"r":"200","t":"17:24:26","h":"Ouest","s":"25N-H60N000I-80-I"},{"r":"200","t":"17:24:26","h":"Ouest","s":"25N-H60N100F-81-F1"},{"r":"200","t":"17:24:26","h":"Ouest","s":"25N-H60N200F-81-F2"},{"r":"200","t":"17:24:26","h":"Ouest","s":"25N-H60N300F-82-F3"},{"r":"200","t":"17:24:26","h":"Ouest","s":"25N-H60N400F-81-F4"},{"r":"200","t":"17:24:26","h":"Ouest","s":"25N-H60NV10I-80-I"},{"r":"200","t":"17:24:26","h":"Ouest","s":"25N-H60NV20I-80-I"},{"r":"200","t":"17:24:26","h":"Ouest","s":"25S-H60S000I-80-I"},{"r":"200","t":"17:24:26","h":"Ouest","s":"25S-H60S100F-82-F1"},{"r":"200","t":"17:24:26","h":"Ouest","s":"25S-H60S200F-81-F2"},{"r":"405","t":"17:27:25","h":"Ouest","s":"25N-H56N000S-80-S"},{"r":"405","t":"17:27:25","h":"Ouest","s":"25N-H56NV10S-80-S"},{"r":"405","t":"17:27:25","h":"Ouest","s":"25N-H56NV20S-80-S"},{"r":"405","t":"17:27:25","h":"Ouest","s":"25S-H56S000S-80-S"},{"r":"211","t":"17:30:09","h":"Ouest","s":"25N-H56N000A-80-A"},{"r":"211","t":"17:30:09","h":"Ouest","s":"25N-H56NV10A-80-A"},{"r":"211","t":"17:30:09","h":"Ouest","s":"25N-H56NV20A-80-A"},{"r":"211","t":"17:30:09","h":"Ouest","s":"25S-H56S000A-80-A"},{"r":"200","t":"17:30:22","h":"Ouest","s":"25N-H60N000S-80-S"},{"r":"200","t":"17:30:22","h":"Ouest","s":"25N-H60N000S-98-S"},{"r":"200","t":"17:30:22","h":"Ouest","s":"25N-H60NV10S-98-S"},{"r":"200","t":"17:30:22","h":"Ouest","s":"25N-H60NV20S-98-S"},{"r":"200","t":"17:30:22","h":"Ouest","s":"25S-H60S000S-80-S"},{"r":"211","t":"17:33:09","h":"Ouest","s":"25N-H56N000I-80-I"},{"r":"211","t":"17:33:09","h":"Ouest","s":"25N-H56N100F-80-F1"},{"r":"211","t":"17:33:09","h":"Ouest","s":"25N-H56N200F-80-F2"},{"r":"211","t":"17:33:09","h":"Ouest","s":"25N-H56N300F-80-F3"},{"r":"211","t":"17:33:09","h":"Ouest","s":"25N-H56N400F-80-F4"},{"r":"211","t":"17:33:09","h":"Ouest","s":"25N-H56NV10I-80-I"},{"r":"211","t":"17:33:09","h":"Ouest","s":"25N-H56NV20I-80-I"},{"r":"211","t":"17:33:09","h":"Ouest","s":"25S-H56S000I-80-I"},{"r":"211","t":"17:33:09","h":"Ouest","s":"25S-H56S100F-80-F1"},{"r":"211","t":"17:33:09","h":"Ouest","s":"25S-H56S200F-81-F2"},{"r":"211","t":"17:39:09","h":"Ouest","s":"25N-H56N000S-80-S"},{"r":"211","t":"17:39:09","h":"Ouest","s":"25N-H56NV10S-80-S"},{"r":"211","t":"17:39:09","h":"Ouest","s":"25N-H56NV20S-80-S"},{"r":"211","t":"17:39:09","h":"Ouest","s":"25S-H56S000S-80-S"},{"r":"211","t":"17:47:09","h":"Ouest","s":"25N-H56N000A-80-A"},{"r":"211","t":"17:47:09","h":"Ouest","s":"25N-H56NV10A-80-A"},{"r":"211","t":"17:47:09","h":"Ouest","s":"25N-H56NV20A-80-A"},{"r":"211","t":"17:47:09","h":"Ouest","s":"25S-H56S000A-80-A"},{"r":"405","t":"17:47:25","h":"Ouest","s":"25N-H56N000S-80-S"},{"r":"405","t":"17:47:25","h":"Ouest","s":"25N-H56NV10S-80-S"},{"r":"405","t":"17:47:25","h":"Ouest","s":"25N-H56NV20S-80-S"},{"r":"405","t":"17:47:25","h":"Ouest","s":"25S-H56S000S-80-S"},{"r":"200","t":"17:48:26","h":"Ouest","s":"25N-H60N000A-80-A"},{"r":"200","t":"17:48:26","h":"Ouest","s":"25N-H60NV10A-80-A"},{"r":"200","t":"17:48:26","h":"Ouest","s":"25N-H60NV20A-80-A"},{"r":"200","t":"17:48:26","h":"Ouest","s":"25S-H60S000A-80-A"},{"r":"211","t":"17:51:09","h":"Ouest","s":"25N-H56N000I-80-I"},{"r":"211","t":"17:51:09","h":"Ouest","s":"25N-H56N100F-80-F1"},{"r":"211","t":"17:51:09","h":"Ouest","s":"25N-H56N200F-80-F2"},{"r":"211","t":"17:51:09","h":"Ouest","s":"25N-H56N300F-80-F3"},{"r":"211","t":"17:51:09","h":"Ouest","s":"25N-H56N400F-80-F4"},{"r":"211","t":"17:51:09","h":"Ouest","s":"25N-H56NV10I-80-I"},{"r":"211","t":"17:51:09","h":"Ouest","s":"25N-H56NV20I-80-I"},{"r":"211","t":"17:51:09","h":"Ouest","s":"25S-H56S000I-80-I"},{"r":"211","t":"17:51:09","h":"Ouest","s":"25S-H56S100F-80-F1"},{"r":"211","t":"17:51:09","h":"Ouest","s":"25S-H56S200F-81-F2"},{"r":"200","t":"17:54:26","h":"Ouest","s":"25N-H60N000I-80-I"},{"r":"200","t":"17:54:26","h":"Ouest","s":"25N-H60N100F-81-F1"},{"r":"200","t":"17:54:26","h":"Ouest","s":"25N-H60N200F-81-F2"},{"r":"200","t":"17:54:26","h":"Ouest","s":"25N-H60N300F-82-F3"},{"r":"200","t":"17:54:26","h":"Ouest","s":"25N-H60N400F-81-F4"},{"r":"200","t":"17:54:26","h":"Ouest","s":"25N-H60NV10I-80-I"},{"r":"200","t":"17:54:26","h":"Ouest","s":"25N-H60NV20I-80-I"},{"r":"200","t":"17:54:26","h":"Ouest","s":"25S-H60S000I-80-I"},{"r":"200","t":"17:54:26","h":"Ouest","s":"25S-H60S100F-82-F1"},{"r":"200","t":"17:54:26","h":"Ouest","s":"25S-H60S200F-81-F2"},{"r":"200","t":"18:02:22","h":"Ouest","s":"25N-H60N000S-80-S"},{"r":"200","t":"18:02:22","h":"Ouest","s":"25N-H60N000S-98-S"},{"r":"200","t":"18:02:22","h":"Ouest","s":"25N-H60NV10S-98-S"},{"r":"200","t":"18:02:22","h":"Ouest","s":"25N-H60NV20S-98-S"},{"r":"200","t":"18:02:22","h":"Ouest","s":"25S-H60S000S-80-S"},{"r":"211","t":"18:04:09","h":"Ouest","s":"25N-H56N000A-80-A"},{"r":"211","t":"18:04:09","h":"Ouest","s":"25N-H56NV10A-80-A"},{"r":"211","t":"18:04:09","h":"Ouest","s":"25N-H56NV20A-80-A"},{"r":"211","t":"18:04:09","h":"Ouest","s":"25S-H56S000A-80-A"},{"r":"211","t":"18:07:09","h":"Ouest","s":"25N-H56N000S-80-S"},{"r":"211","t":"18:07:09","h":"Ouest","s":"25N-H56NV10S-80-S"},{"r":"211","t":"18:07:09","h":"Ouest","s":"25N-H56NV20S-80-S"},{"r":"211","t":"18:07:09","h":"Ouest","s":"25S-H56S000S-80-S"},{"r":"405","t":"18:07:25","h":"Ouest","s":"25N-H56N000S-80-S"},{"r":"405","t":"18:07:25","h":"Ouest","s":"25N-H56NV10S-80-S"},{"r":"405","t":"18:07:25","h":"Ouest","s":"25N-H56NV20S-80-S"},{"r":"405","t":"18:07:25","h":"Ouest","s":"25S-H56S000S-80-S"},{"r":"211","t":"18:08:09","h":"Ouest","s":"25N-H56N000I-80-I"},{"r":"211","t":"18:08:09","h":"Ouest","s":"25N-H56N100F-80-F1"},{"r":"211","t":"18:08:09","h":"Ouest","s":"25N-H56N200F-80-F2"},{"r":"211","t":"18:08:09","h":"Ouest","s":"25N-H56N300F-80-F3"},{"r":"211","t":"18:08:09","h":"Ouest","s":"25N-H56N400F-80-F4"},{"r":"211","t":"18:08:09","h":"Ouest","s":"25N-H56NV10I-80-I"},{"r":"211","t":"18:08:09","h":"Ouest","s":"25N-H56NV20I-80-I"},{"r":"211","t":"18:08:09","h":"Ouest","s":"25S-H56S000I-80-I"},{"r":"211","t":"18:08:09","h":"Ouest","s":"25S-H56S100F-80-F1"},{"r":"211","t":"18:08:09","h":"Ouest","s":"25S-H56S200F-81-F2"},{"r":"200","t":"18:12:26","h":"Ouest","s":"25N-H60N000A-80-A"},{"r":"200","t":"18:12:26","h":"Ouest","s":"25N-H60NV10A-80-A"},{"r":"200","t":"18:12:26","h":"Ouest","s":"25N-H60NV20A-80-A"},{"r":"200","t":"18:12:26","h":"Ouest","s":"25S-H60S000A-80-A"},{"r":"211","t":"18:21:09","h":"Ouest","s":"25N-H56N000A-80-A"},{"r":"211","t":"18:21:09","h":"Ouest","s":"25N-H56NV10A-80-A"},{"r":"211","t":"18:21:09","h":"Ouest","s":"25N-H56NV20A-80-A"},{"r":"211","t":"18:21:09","h":"Ouest","s":"25S-H56S000A-80-A"},{"r":"200","t":"18:25:26","h":"Ouest","s":"25N-H60N000I-80-I"},{"r":"200","t":"18:25:26","h":"Ouest","s":"25N-H60N100F-81-F1"},{"r":"200","t":"18:25:26","h":"Ouest","s":"25N-H60N200F-81-F2"},{"r":"200","t":"18:25:26","h":"Ouest","s":"25N-H60N300F-82-F3"},{"r":"200","t":"18:25:26","h":"Ouest","s":"25N-H60N400F-81-F4"},{"r":"200","t":"18:25:26","h":"Ouest","s":"25N-H60NV10I-80-I"},{"r":"200","t":"18:25:26","h":"Ouest","s":"25N-H60NV20I-80-I"},{"r":"200","t":"18:25:26","h":"Ouest","s":"25S-H60S000I-80-I"},{"r":"200","t":"18:25:26","h":"Ouest","s":"25S-H60S100F-82-F1"},{"r":"200","t":"18:25:26","h":"Ouest","s":"25S-H60S200F-81-F2"},{"r":"211","t":"18:27:09","h":"Ouest","s":"25N-H56N000I-80-I"},{"r":"211","t":"18:27:09","h":"Ouest","s":"25N-H56N100F-80-F1"},{"r":"211","t":"18:27:09","h":"Ouest","s":"25N-H56N200F-80-F2"},{"r":"211","t":"18:27:09","h":"Ouest","s":"25N-H56N300F-80-F3"},{"r":"211","t":"18:27:09","h":"Ouest","s":"25N-H56N400F-80-F4"},{"r":"211","t":"18:27:09","h":"Ouest","s":"25N-H56NV10I-80-I"},{"r":"211","t":"18:27:09","h":"Ouest","s":"25N-H56NV20I-80-I"},{"r":"211","t":"18:27:09","h":"Ouest","s":"25S-H56S000I-80-I"},{"r":"211","t":"18:27:09","h":"Ouest","s":"25S-H56S100F-80-F1"},{"r":"211","t":"18:27:09","h":"Ouest","s":"25S-H56S200F-81-F2"},{"r":"405","t":"18:28:25","h":"Ouest","s":"25N-H56N000S-80-S"},{"r":"405","t":"18:28:25","h":"Ouest","s":"25N-H56NV10S-80-S"},{"r":"405","t":"18:28:25","h":"Ouest","s":"25N-H56NV20S-80-S"},{"r":"405","t":"18:28:25","h":"Ouest","s":"25S-H56S000S-80-S"},{"r":"211","t":"18:30:09","h":"Ouest","s":"25N-H56N000S-80-S"},{"r":"211","t":"18:30:09","h":"Ouest","s":"25N-H56NV10S-80-S"},{"r":"211","t":"18:30:09","h":"Ouest","s":"25N-H56NV20S-80-S"},{"r":"211","t":"18:30:09","h":"Ouest","s":"25S-H56S000S-80-S"},{"r":"200","t":"18:33:26","h":"Ouest","s":"25N-H60N000S-80-S"},{"r":"200","t":"18:33:26","h":"Ouest","s":"25N-H60N000S-98-S"},{"r":"200","t":"18:33:26","h":"Ouest","s":"25N-H60NV10S-98-S"},{"r":"200","t":"18:33:26","h":"Ouest","s":"25N-H60NV20S-98-S"},{"r":"200","t":"18:33:26","h":"Ouest","s":"25S-H60S000S-80-S"},{"r":"211","t":"18:37:09","h":"Ouest","s":"25N-H56N000A-80-A"},{"r":"211","t":"18:37:09","h":"Ouest","s":"25N-H56NV10A-80-A"},{"r":"211","t":"18:37:09","h":"Ouest","s":"25N-H56NV20A-80-A"},{"r":"211","t":"18:37:09","h":"Ouest","s":"25S-H56S000A-80-A"},{"r":"200","t":"18:40:26","h":"Ouest","s":"25N-H60N000A-80-A"},{"r":"200","t":"18:40:26","h":"Ouest","s":"25N-H60NV10A-80-A"},{"r":"200","t":"18:40:26","h":"Ouest","s":"25N-H60NV20A-80-A"},{"r":"200","t":"18:40:26","h":"Ouest","s":"25S-H60S000A-80-A"},{"r":"211","t":"18:49:09","h":"Ouest","s":"25N-H56N000I-80-I"},{"r":"211","t":"18:49:09","h":"Ouest","s":"25N-H56N100F-80-F1"},{"r":"211","t":"18:49:09","h":"Ouest","s":"25N-H56N200F-80-F2"},{"r":"211","t":"18:49:09","h":"Ouest","s":"25N-H56N300F-80-F3"},{"r":"211","t":"18:49:09","h":"Ouest","s":"25N-H56N400F-80-F4"},{"r":"211","t":"18:49:09","h":"Ouest","s":"25N-H56NV10I-80-I"},{"r":"211","t":"18:49:09","h":"Ouest","s":"25N-H56NV20I-80-I"},{"r":"211","t":"18:49:09","h":"Ouest","s":"25S-H56S000I-80-I"},{"r":"211","t":"18:49:09","h":"Ouest","s":"25S-H56S100F-80-F1"},{"r":"211","t":"18:49:09","h":"Ouest","s":"25S-H56S200F-81-F2"},{"r":"211","t":"18:52:09","h":"Ouest","s":"25N-H56N000S-80-S"},{"r":"211","t":"18:52:09","h":"Ouest","s":"25N-H56NV10S-80-S"},{"r":"211","t":"18:52:09","h":"Ouest","s":"25N-H56NV20S-80-S"},{"r":"211","t":"18:52:09","h":"Ouest","s":"25S-H56S000S-80-S"},{"r":"405","t":"18:52:25","h":"Ouest","s":"25N-H56N000S-80-S"},{"r":"405","t":"18:52:25","h":"Ouest","s":"25N-H56NV10S-80-S"},{"r":"405","t":"18:52:25","h":"Ouest","s":"25N-H56NV20S-80-S"},{"r":"405","t":"18:52:25","h":"Ouest","s":"25S-H56S000S-80-S"},{"r":"211","t":"18:54:09","h":"Ouest","s":"25N-H56N000A-80-A"},{"r":"211","t":"18:54:09","h":"Ouest","s":"25N-H56NV10A-80-A"},{"r":"211","t":"18:54:09","h":"Ouest","s":"25N-H56NV20A-80-A"},{"r":"211","t":"18:54:09","h":"Ouest","s":"25S-H56S000A-80-A"},{"r":"200","t":"18:54:31","h":"Ouest","s":"25N-H60N000I-80-I"},{"r":"200","t":"18:54:31","h":"Ouest","s":"25N-H60N100F-81-F1"},{"r":"200","t":"18:54:31","h":"Ouest","s":"25N-H60N200F-81-F2"},{"r":"200","t":"18:54:31","h":"Ouest","s":"25N-H60N300F-82-F3"},{"r":"200","t":"18:54:31","h":"Ouest","s":"25N-H60N400F-81-F4"},{"r":"200","t":"18:54:31","h":"Ouest","s":"25N-H60NV10I-80-I"},{"r":"200","t":"18:54:31","h":"Ouest","s":"25N-H60NV20I-80-I"},{"r":"200","t":"18:54:31","h":"Ouest","s":"25S-H60S000I-80-I"},{"r":"200","t":"18:54:31","h":"Ouest","s":"25S-H60S100F-82-F1"},{"r":"200","t":"18:54:31","h":"Ouest","s":"25S-H60S200F-81-F2"},{"r":"200","t":"19:02:26","h":"Ouest","s":"25N-H60N000S-80-S"},{"r":"200","t":"19:02:26","h":"Ouest","s":"25N-H60N000S-98-S"},{"r":"200","t":"19:02:26","h":"Ouest","s":"25N-H60NV10S-98-S"},{"r":"200","t":"19:02:26","h":"Ouest","s":"25N-H60NV20S-98-S"},{"r":"200","t":"19:02:26","h":"Ouest","s":"25S-H60S000S-80-S"},{"r":"200","t":"19:06:26","h":"Ouest","s":"25N-H60N000A-80-A"},{"r":"200","t":"19:06:26","h":"Ouest","s":"25N-H60NV10A-80-A"},{"r":"200","t":"19:06:26","h":"Ouest","s":"25N-H60NV20A-80-A"},{"r":"200","t":"19:06:26","h":"Ouest","s":"25S-H60S000A-80-A"},{"r":"211","t":"19:11:09","h":"Ouest","s":"25N-H56N000A-80-A"},{"r":"211","t":"19:11:09","h":"Ouest","s":"25N-H56NV10A-80-A"},{"r":"211","t":"19:11:09","h":"Ouest","s":"25N-H56NV20A-80-A"},{"r":"211","t":"19:11:09","h":"Ouest","s":"25S-H56S000A-80-A"},{"r":"211","t":"19:15:09","h":"Ouest","s":"25N-H56N000I-80-I"},{"r":"211","t":"19:15:09","h":"Ouest","s":"25N-H56N000S-80-S"},{"r":"211","t":"19:15:09","h":"Ouest","s":"25N-H56N100F-80-F1"},{"r":"211","t":"19:15:09","h":"Ouest","s":"25N-H56N200F-80-F2"},{"r":"211","t":"19:15:09","h":"Ouest","s":"25N-H56N300F-80-F3"},{"r":"211","t":"19:15:09","h":"Ouest","s":"25N-H56N400F-80-F4"},{"r":"211","t":"19:15:09","h":"Ouest","s":"25N-H56NV10I-80-I"},{"r":"211","t":"19:15:09","h":"Ouest","s":"25N-H56NV10S-80-S"},{"r":"211","t":"19:15:09","h":"Ouest","s":"25N-H56NV20I-80-I"},{"r":"211","t":"19:15:09","h":"Ouest","s":"25N-H56NV20S-80-S"},{"r":"211","t":"19:15:09","h":"Ouest","s":"25S-H56S000I-80-I"},{"r":"211","t":"19:15:09","h":"Ouest","s":"25S-H56S000S-80-S"},{"r":"211","t":"19:15:09","h":"Ouest","s":"25S-H56S100F-80-F1"},{"r":"211","t":"19:15:09","h":"Ouest","s":"25S-H56S200F-81-F2"},{"r":"405","t":"19:16:25","h":"Ouest","s":"25N-H56N000S-80-S"},{"r":"405","t":"19:16:25","h":"Ouest","s":"25N-H56NV10S-80-S"},{"r":"405","t":"19:16:25","h":"Ouest","s":"25N-H56NV20S-80-S"},{"r":"405","t":"19:16:25","h":"Ouest","s":"25S-H56S000S-80-S"},{"r":"200","t":"19:23:31","h":"Ouest","s":"25N-H60N000I-80-I"},{"r":"200","t":"19:23:31","h":"Ouest","s":"25N-H60N100F-81-F1"},{"r":"200","t":"19:23:31","h":"Ouest","s":"25N-H60N200F-81-F2"},{"r":"200","t":"19:23:31","h":"Ouest","s":"25N-H60N300F-82-F3"},{"r":"200","t":"19:23:31","h":"Ouest","s":"25N-H60N400F-81-F4"},{"r":"200","t":"19:23:31","h":"Ouest","s":"25N-H60NV10I-80-I"},{"r":"200","t":"19:23:31","h":"Ouest","s":"25N-H60NV20I-80-I"},{"r":"200","t":"19:23:31","h":"Ouest","s":"25S-H60S000I-80-I"},{"r":"200","t":"19:23:31","h":"Ouest","s":"25S-H60S100F-82-F1"},{"r":"200","t":"19:23:31","h":"Ouest","s":"25S-H60S200F-81-F2"},{"r":"200","t":"19:30:26","h":"Ouest","s":"25N-H56N000S-80-S"},{"r":"200","t":"19:30:26","h":"Ouest","s":"25N-H56NV10S-80-S"},{"r":"200","t":"19:30:26","h":"Ouest","s":"25N-H56NV20S-80-S"},{"r":"200","t":"19:30:26","h":"Ouest","s":"25S-H56S000S-80-S"},{"r":"211","t":"19:32:09","h":"Ouest","s":"25N-H56N000A-80-A"},{"r":"211","t":"19:32:09","h":"Ouest","s":"25N-H56NV10A-80-A"},{"r":"211","t":"19:32:09","h":"Ouest","s":"25N-H56NV20A-80-A"},{"r":"211","t":"19:32:09","h":"Ouest","s":"25S-H56S000A-80-A"},{"r":"200","t":"19:33:26","h":"Ouest","s":"25N-H60N000A-80-A"},{"r":"200","t":"19:33:26","h":"Ouest","s":"25N-H60NV10A-80-A"},{"r":"200","t":"19:33:26","h":"Ouest","s":"25N-H60NV20A-80-A"},{"r":"200","t":"19:33:26","h":"Ouest","s":"25S-H60S000A-80-A"},{"r":"211","t":"19:38:09","h":"Ouest","s":"25N-H56N000S-80-S"},{"r":"211","t":"19:38:09","h":"Ouest","s":"25N-H56NV10S-80-S"},{"r":"211","t":"19:38:09","h":"Ouest","s":"25N-H56NV20S-80-S"},{"r":"211","t":"19:38:09","h":"Ouest","s":"25S-H56S000S-80-S"},{"r":"405","t":"19:39:25","h":"Ouest","s":"25N-H56N000S-80-S"},{"r":"405","t":"19:39:25","h":"Ouest","s":"25N-H56NV10S-80-S"},{"r":"405","t":"19:39:25","h":"Ouest","s":"25N-H56NV20S-80-S"},{"r":"405","t":"19:39:25","h":"Ouest","s":"25S-H56S000S-80-S"},{"r":"211","t":"19:42:09","h":"Ouest","s":"25N-H56N000I-80-I"},{"r":"211","t":"19:42:09","h":"Ouest","s":"25N-H56N100F-80-F1"},{"r":"211","t":"19:42:09","h":"Ouest","s":"25N-H56N200F-80-F2"},{"r":"211","t":"19:42:09","h":"Ouest","s":"25N-H56N300F-80-F3"},{"r":"211","t":"19:42:09","h":"Ouest","s":"25N-H56N400F-80-F4"},{"r":"211","t":"19:42:09","h":"Ouest","s":"25N-H56NV10I-80-I"},{"r":"211","t":"19:42:09","h":"Ouest","s":"25N-H56NV20I-80-I"},{"r":"211","t":"19:42:09","h":"Ouest","s":"25S-H56S000I-80-I"},{"r":"211","t":"19:42:09","h":"Ouest","s":"25S-H56S100F-80-F1"},{"r":"211","t":"19:42:09","h":"Ouest","s":"25S-H56S200F-81-F2"},{"r":"211","t":"19:55:09","h":"Ouest","s":"25N-H56N000A-80-A"},{"r":"211","t":"19:55:09","h":"Ouest","s":"25N-H56NV10A-80-A"},{"r":"211","t":"19:55:09","h":"Ouest","s":"25N-H56NV20A-80-A"},{"r":"211","t":"19:55:09","h":"Ouest","s":"25S-H56S000A-80-A"},{"r":"211","t":"19:57:09","h":"Ouest","s":"25N-H56N000S-80-S"},{"r":"211","t":"19:57:09","h":"Ouest","s":"25N-H56NV10S-80-S"},{"r":"211","t":"19:57:09","h":"Ouest","s":"25N-H56NV20S-80-S"},{"r":"211","t":"19:57:09","h":"Ouest","s":"25S-H56S000S-80-S"},{"r":"211","t":"20:10:09","h":"Ouest","s":"25N-H56N000I-80-I"},{"r":"211","t":"20:10:09","h":"Ouest","s":"25N-H56N000S-80-S"},{"r":"211","t":"20:10:09","h":"Ouest","s":"25N-H56N100F-80-F1"},{"r":"211","t":"20:10:09","h":"Ouest","s":"25N-H56N200F-80-F2"},{"r":"211","t":"20:10:09","h":"Ouest","s":"25N-H56N300F-80-F3"},{"r":"211","t":"20:10:09","h":"Ouest","s":"25N-H56N400F-80-F4"},{"r":"211","t":"20:10:09","h":"Ouest","s":"25N-H56NV10I-80-I"},{"r":"211","t":"20:10:09","h":"Ouest","s":"25N-H56NV10S-80-S"},{"r":"211","t":"20:10:09","h":"Ouest","s":"25N-H56NV20I-80-I"},{"r":"211","t":"20:10:09","h":"Ouest","s":"25N-H56NV20S-80-S"},{"r":"211","t":"20:10:09","h":"Ouest","s":"25S-H56S000I-80-I"},{"r":"211","t":"20:10:09","h":"Ouest","s":"25S-H56S000S-80-S"},{"r":"211","t":"20:10:09","h":"Ouest","s":"25S-H56S100F-80-F1"},{"r":"211","t":"20:10:09","h":"Ouest","s":"25S-H56S200F-81-F2"},{"r":"211","t":"20:17:09","h":"Ouest","s":"25N-H56N000A-80-A"},{"r":"211","t":"20:17:09","h":"Ouest","s":"25N-H56NV10A-80-A"},{"r":"211","t":"20:17:09","h":"Ouest","s":"25N-H56NV20A-80-A"},{"r":"211","t":"20:17:09","h":"Ouest","s":"25S-H56S000A-80-A"},{"r":"211","t":"20:23:09","h":"Ouest","s":"25N-H56N000S-80-S"},{"r":"211","t":"20:23:09","h":"Ouest","s":"25N-H56NV10S-80-S"},{"r":"211","t":"20:23:09","h":"Ouest","s":"25N-H56NV20S-80-S"},{"r":"211","t":"20:23:09","h":"Ouest","s":"25S-H56S000S-80-S"},{"r":"211","t":"20:35:09","h":"Ouest","s":"25N-H56N000S-80-S"},{"r":"211","t":"20:35:09","h":"Ouest","s":"25N-H56NV10S-80-S"},{"r":"211","t":"20:35:09","h":"Ouest","s":"25N-H56NV20S-80-S"},{"r":"211","t":"20:35:09","h":"Ouest","s":"25S-H56S000S-80-S"},{"r":"211","t":"20:36:09","h":"Ouest","s":"25N-H56N000A-80-A"},{"r":"211","t":"20:36:09","h":"Ouest","s":"25N-H56NV10A-80-A"},{"r":"211","t":"20:36:09","h":"Ouest","s":"25N-H56NV20A-80-A"},{"r":"211","t":"20:36:09","h":"Ouest","s":"25S-H56S000A-80-A"},{"r":"211","t":"20:38:09","h":"Ouest","s":"25N-H56N000I-80-I"},{"r":"211","t":"20:38:09","h":"Ouest","s":"25N-H56N100F-80-F1"},{"r":"211","t":"20:38:09","h":"Ouest","s":"25N-H56N200F-80-F2"},{"r":"211","t":"20:38:09","h":"Ouest","s":"25N-H56N300F-80-F3"},{"r":"211","t":"20:38:09","h":"Ouest","s":"25N-H56N400F-80-F4"},{"r":"211","t":"20:38:09","h":"Ouest","s":"25N-H56NV10I-80-I"},{"r":"211","t":"20:38:09","h":"Ouest","s":"25N-H56NV20I-80-I"},{"r":"211","t":"20:38:09","h":"Ouest","s":"25S-H56S000I-80-I"},{"r":"211","t":"20:38:09","h":"Ouest","s":"25S-H56S100F-80-F1"},{"r":"211","t":"20:38:09","h":"Ouest","s":"25S-H56S200F-81-F2"},{"r":"211","t":"20:47:09","h":"Ouest","s":"25N-H56N000S-80-S"},{"r":"211","t":"20:47:09","h":"Ouest","s":"25N-H56NV10S-80-S"},{"r":"211","t":"20:47:09","h":"Ouest","s":"25N-H56NV20S-80-S"},{"r":"211","t":"20:47:09","h":"Ouest","s":"25S-H56S000S-80-S"},{"r":"211","t":"20:55:09","h":"Ouest","s":"25N-H56N000A-80-A"},{"r":"211","t":"20:55:09","h":"Ouest","s":"25N-H56NV10A-80-A"},{"r":"211","t":"20:55:09","h":"Ouest","s":"25N-H56NV20A-80-A"},{"r":"211","t":"20:55:09","h":"Ouest","s":"25S-H56S000A-80-A"},{"r":"211","t":"21:02:09","h":"Ouest","s":"25N-H56N000S-80-S"},{"r":"211","t":"21:02:09","h":"Ouest","s":"25N-H56NV10S-80-S"},{"r":"211","t":"21:02:09","h":"Ouest","s":"25N-H56NV20S-80-S"},{"r":"211","t":"21:02:09","h":"Ouest","s":"25S-H56S000S-80-S"},{"r":"211","t":"21:06:09","h":"Ouest","s":"25N-H56N000I-80-I"},{"r":"211","t":"21:06:09","h":"Ouest","s":"25N-H56N100F-80-F1"},{"r":"211","t":"21:06:09","h":"Ouest","s":"25N-H56N200F-80-F2"},{"r":"211","t":"21:06:09","h":"Ouest","s":"25N-H56N300F-80-F3"},{"r":"211","t":"21:06:09","h":"Ouest","s":"25N-H56N400F-80-F4"},{"r":"211","t":"21:06:09","h":"Ouest","s":"25N-H56NV10I-80-I"},{"r":"211","t":"21:06:09","h":"Ouest","s":"25N-H56NV20I-80-I"},{"r":"211","t":"21:06:09","h":"Ouest","s":"25S-H56S000I-80-I"},{"r":"211","t":"21:06:09","h":"Ouest","s":"25S-H56S100F-80-F1"},{"r":"211","t":"21:06:09","h":"Ouest","s":"25S-H56S200F-81-F2"},{"r":"211","t":"21:15:09","h":"Ouest","s":"25N-H56N000A-80-A"},{"r":"211","t":"21:15:09","h":"Ouest","s":"25N-H56NV10A-80-A"},{"r":"211","t":"21:15:09","h":"Ouest","s":"25N-H56NV20A-80-A"},{"r":"211","t":"21:15:09","h":"Ouest","s":"25S-H56S000A-80-A"},{"r":"211","t":"21:17:09","h":"Ouest","s":"25N-H56N000S-80-S"},{"r":"211","t":"21:17:09","h":"Ouest","s":"25N-H56NV10S-80-S"},{"r":"211","t":"21:17:09","h":"Ouest","s":"25N-H56NV20S-80-S"},{"r":"211","t":"21:17:09","h":"Ouest","s":"25S-H56S000S-80-S"},{"r":"211","t":"21:33:09","h":"Ouest","s":"25N-H56N000S-80-S"},{"r":"211","t":"21:33:09","h":"Ouest","s":"25N-H56NV10S-80-S"},{"r":"211","t":"21:33:09","h":"Ouest","s":"25N-H56NV20S-80-S"},{"r":"211","t":"21:33:09","h":"Ouest","s":"25S-H56S000S-80-S"},{"r":"211","t":"21:34:09","h":"Ouest","s":"25N-H56N000A-80-A"},{"r":"211","t":"21:34:09","h":"Ouest","s":"25N-H56N000I-80-I"},{"r":"211","t":"21:34:09","h":"Ouest","s":"25N-H56N100F-80-F1"},{"r":"211","t":"21:34:09","h":"Ouest","s":"25N-H56N200F-80-F2"},{"r":"211","t":"21:34:09","h":"Ouest","s":"25N-H56N300F-80-F3"},{"r":"211","t":"21:34:09","h":"Ouest","s":"25N-H56N400F-80-F4"},{"r":"211","t":"21:34:09","h":"Ouest","s":"25N-H56NV10A-80-A"},{"r":"211","t":"21:34:09","h":"Ouest","s":"25N-H56NV10I-80-I"},{"r":"211","t":"21:34:09","h":"Ouest","s":"25N-H56NV20A-80-A"},{"r":"211","t":"21:34:09","h":"Ouest","s":"25N-H56NV20I-80-I"},{"r":"211","t":"21:34:09","h":"Ouest","s":"25S-H56S000A-80-A"},{"r":"211","t":"21:34:09","h":"Ouest","s":"25S-H56S000I-80-I"},{"r":"211","t":"21:34:09","h":"Ouest","s":"25S-H56S100F-80-F1"},{"r":"211","t":"21:34:09","h":"Ouest","s":"25S-H56S200F-81-F2"},{"r":"211","t":"21:49:09","h":"Ouest","s":"25N-H56N000S-80-S"},{"r":"211","t":"21:49:09","h":"Ouest","s":"25N-H56NV10S-80-S"},{"r":"211","t":"21:49:09","h":"Ouest","s":"25N-H56NV20S-80-S"},{"r":"211","t":"21:49:09","h":"Ouest","s":"25S-H56S000S-80-S"},{"r":"211","t":"21:53:09","h":"Ouest","s":"25N-H56N000A-80-A"},{"r":"211","t":"21:53:09","h":"Ouest","s":"25N-H56NV10A-80-A"},{"r":"211","t":"21:53:09","h":"Ouest","s":"25N-H56NV20A-80-A"},{"r":"211","t":"21:53:09","h":"Ouest","s":"25S-H56S000A-80-A"},{"r":"211","t":"22:02:09","h":"Ouest","s":"25N-H56N000I-80-I"},{"r":"211","t":"22:02:09","h":"Ouest","s":"25N-H56N100F-80-F1"},{"r":"211","t":"22:02:09","h":"Ouest","s":"25N-H56N200F-80-F2"},{"r":"211","t":"22:02:09","h":"Ouest","s":"25N-H56N300F-80-F3"},{"r":"211","t":"22:02:09","h":"Ouest","s":"25N-H56N400F-80-F4"},{"r":"211","t":"22:02:09","h":"Ouest","s":"25N-H56NV10I-80-I"},{"r":"211","t":"22:02:09","h":"Ouest","s":"25N-H56NV20I-80-I"},{"r":"211","t":"22:02:09","h":"Ouest","s":"25S-H56S000I-80-I"},{"r":"211","t":"22:02:09","h":"Ouest","s":"25S-H56S100F-80-F1"},{"r":"211","t":"22:02:09","h":"Ouest","s":"25S-H56S200F-81-F2"},{"r":"211","t":"22:05:09","h":"Ouest","s":"25N-H56N000S-80-S"},{"r":"211","t":"22:05:09","h":"Ouest","s":"25N-H56NV10S-80-S"},{"r":"211","t":"22:05:09","h":"Ouest","s":"25N-H56NV20S-80-S"},{"r":"211","t":"22:05:09","h":"Ouest","s":"25S-H56S000S-80-S"},{"r":"211","t":"22:22:09","h":"Ouest","s":"25N-H56N000A-80-A"},{"r":"211","t":"22:22:09","h":"Ouest","s":"25N-H56N000S-80-S"},{"r":"211","t":"22:22:09","h":"Ouest","s":"25N-H56NV10A-80-A"},{"r":"211","t":"22:22:09","h":"Ouest","s":"25N-H56NV10S-80-S"},{"r":"211","t":"22:22:09","h":"Ouest","s":"25N-H56NV20A-80-A"},{"r":"211","t":"22:22:09","h":"Ouest","s":"25N-H56NV20S-80-S"},{"r":"211","t":"22:22:09","h":"Ouest","s":"25S-H56S000A-80-A"},{"r":"211","t":"22:22:09","h":"Ouest","s":"25S-H56S000S-80-S"},{"r":"211","t":"22:28:09","h":"Ouest","s":"25N-H56N000I-80-I"},{"r":"211","t":"22:28:09","h":"Ouest","s":"25N-H56N100F-80-F1"},{"r":"211","t":"22:28:09","h":"Ouest","s":"25N-H56N200F-80-F2"},{"r":"211","t":"22:28:09","h":"Ouest","s":"25N-H56N300F-80-F3"},{"r":"211","t":"22:28:09","h":"Ouest","s":"25N-H56N400F-80-F4"},{"r":"211","t":"22:28:09","h":"Ouest","s":"25N-H56NV10I-80-I"},{"r":"211","t":"22:28:09","h":"Ouest","s":"25N-H56NV20I-80-I"},{"r":"211","t":"22:28:09","h":"Ouest","s":"25S-H56S000I-80-I"},{"r":"211","t":"22:28:09","h":"Ouest","s":"25S-H56S100F-80-F1"},{"r":"211","t":"22:28:09","h":"Ouest","s":"25S-H56S200F-81-F2"},{"r":"211","t":"22:42:09","h":"Ouest","s":"25N-H56N000S-80-S"},{"r":"211","t":"22:42:09","h":"Ouest","s":"25N-H56NV10S-80-S"},{"r":"211","t":"22:42:09","h":"Ouest","s":"25N-H56NV20S-80-S"},{"r":"211","t":"22:42:09","h":"Ouest","s":"25S-H56S000S-80-S"},{"r":"211","t":"22:54:09","h":"Ouest","s":"25N-H56N000A-80-A"},{"r":"211","t":"22:54:09","h":"Ouest","s":"25N-H56NV10A-80-A"},{"r":"211","t":"22:54:09","h":"Ouest","s":"25N-H56NV20A-80-A"},{"r":"211","t":"22:54:09","h":"Ouest","s":"25S-H56S000A-80-A"},{"r":"211","t":"23:00:09","h":"Ouest","s":"25N-H56N000I-80-I"},{"r":"211","t":"23:00:09","h":"Ouest","s":"25N-H56N100F-80-F1"},{"r":"211","t":"23:00:09","h":"Ouest","s":"25N-H56N200F-80-F2"},{"r":"211","t":"23:00:09","h":"Ouest","s":"25N-H56N300F-80-F3"},{"r":"211","t":"23:00:09","h":"Ouest","s":"25N-H56N400F-80-F4"},{"r":"211","t":"23:00:09","h":"Ouest","s":"25N-H56NV10I-80-I"},{"r":"211","t":"23:00:09","h":"Ouest","s":"25N-H56NV20I-80-I"},{"r":"211","t":"23:00:09","h":"Ouest","s":"25S-H56S000I-80-I"},{"r":"211","t":"23:00:09","h":"Ouest","s":"25S-H56S100F-80-F1"},{"r":"211","t":"23:00:09","h":"Ouest","s":"25S-H56S200F-81-F2"},{"r":"211","t":"23:02:09","h":"Ouest","s":"25N-H56N000S-80-S"},{"r":"211","t":"23:02:09","h":"Ouest","s":"25N-H56NV10S-80-S"},{"r":"211","t":"23:02:09","h":"Ouest","s":"25N-H56NV20S-80-S"},{"r":"211","t":"23:02:09","h":"Ouest","s":"25S-H56S000S-80-S"},{"r":"211","t":"23:21:09","h":"Ouest","s":"25N-H56N000S-80-S"},{"r":"211","t":"23:21:09","h":"Ouest","s":"25N-H56NV10S-80-S"},{"r":"211","t":"23:21:09","h":"Ouest","s":"25N-H56NV20S-80-S"},{"r":"211","t":"23:21:09","h":"Ouest","s":"25S-H56S000S-80-S"},{"r":"211","t":"23:25:09","h":"Ouest","s":"25N-H56N000A-80-A"},{"r":"211","t":"23:25:09","h":"Ouest","s":"25N-H56NV10A-80-A"},{"r":"211","t":"23:25:09","h":"Ouest","s":"25N-H56NV20A-80-A"},{"r":"211","t":"23:25:09","h":"Ouest","s":"25S-H56S000A-80-A"},{"r":"211","t":"23:31:09","h":"Ouest","s":"25N-H56N000I-80-I"},{"r":"211","t":"23:31:09","h":"Ouest","s":"25N-H56N100F-80-F1"},{"r":"211","t":"23:31:09","h":"Ouest","s":"25N-H56N200F-80-F2"},{"r":"211","t":"23:31:09","h":"Ouest","s":"25N-H56N300F-80-F3"},{"r":"211","t":"23:31:09","h":"Ouest","s":"25N-H56N400F-80-F4"},{"r":"211","t":"23:31:09","h":"Ouest","s":"25N-H56NV10I-80-I"},{"r":"211","t":"23:31:09","h":"Ouest","s":"25N-H56NV20I-80-I"},{"r":"211","t":"23:31:09","h":"Ouest","s":"25S-H56S000I-80-I"},{"r":"211","t":"23:31:09","h":"Ouest","s":"25S-H56S100F-80-F1"},{"r":"211","t":"23:31:09","h":"Ouest","s":"25S-H56S200F-81-F2"},{"r":"211","t":"23:44:09","h":"Ouest","s":"25N-H56N000S-80-S"},{"r":"211","t":"23:44:09","h":"Ouest","s":"25N-H56NV10S-80-S"},{"r":"211","t":"23:44:09","h":"Ouest","s":"25N-H56NV20S-80-S"},{"r":"211","t":"23:44:09","h":"Ouest","s":"25S-H56S000S-80-S"},{"r":"211","t":"23:56:09","h":"Ouest","s":"25N-H56N000A-80-A"},{"r":"211","t":"23:56:09","h":"Ouest","s":"25N-H56NV10A-80-A"},{"r":"211","t":"23:56:09","h":"Ouest","s":"25N-H56NV20A-80-A"},{"r":"211","t":"23:56:09","h":"Ouest","s":"25S-H56S000A-80-A"},{"r":"211","t":"24:03:09","h":"Ouest","s":"25N-H56N000I-80-I"},{"r":"211","t":"24:03:09","h":"Ouest","s":"25N-H56N100F-80-F1"},{"r":"211","t":"24:03:09","h":"Ouest","s":"25N-H56N200F-80-F2"},{"r":"211","t":"24:03:09","h":"Ouest","s":"25N-H56N300F-80-F3"},{"r":"211","t":"24:03:09","h":"Ouest","s":"25N-H56N400F-80-F4"},{"r":"211","t":"24:03:09","h":"Ouest","s":"25N-H56NV10I-80-I"},{"r":"211","t":"24:03:09","h":"Ouest","s":"25N-H56NV20I-80-I"},{"r":"211","t":"24:03:09","h":"Ouest","s":"25S-H56S000I-80-I"},{"r":"211","t":"24:03:09","h":"Ouest","s":"25S-H56S100F-80-F1"},{"r":"211","t":"24:03:09","h":"Ouest","s":"25S-H56S200F-81-F2"},{"r":"211","t":"24:10:30","h":"Ouest","s":"25N-H56N000S-80-S"},{"r":"211","t":"24:10:30","h":"Ouest","s":"25N-H56NV10S-80-S"},{"r":"211","t":"24:10:30","h":"Ouest","s":"25N-H56NV20S-80-S"},{"r":"211","t":"24:10:30","h":"Ouest","s":"25S-H56S000S-80-S"},{"r":"211","t":"24:28:09","h":"Ouest","s":"25N-H56N000A-80-A"},{"r":"211","t":"24:28:09","h":"Ouest","s":"25N-H56NV10A-80-A"},{"r":"211","t":"24:28:09","h":"Ouest","s":"25N-H56NV20A-80-A"},{"r":"211","t":"24:28:09","h":"Ouest","s":"25S-H56S000A-80-A"},{"r":"211","t":"24:33:09","h":"Ouest","s":"25N-H56N000I-80-I"},{"r":"211","t":"24:33:09","h":"Ouest","s":"25N-H56N100F-80-F1"},{"r":"211","t":"24:33:09","h":"Ouest","s":"25N-H56N200F-80-F2"},{"r":"211","t":"24:33:09","h":"Ouest","s":"25N-H56N300F-80-F3"},{"r":"211","t":"24:33:09","h":"Ouest","s":"25N-H56N400F-80-F4"},{"r":"211","t":"24:33:09","h":"Ouest","s":"25N-H56NV10I-80-I"},{"r":"211","t":"24:33:09","h":"Ouest","s":"25N-H56NV20I-80-I"},{"r":"211","t":"24:33:09","h":"Ouest","s":"25S-H56S000I-80-I"},{"r":"211","t":"24:33:09","h":"Ouest","s":"25S-H56S100F-80-F1"},{"r":"211","t":"24:33:09","h":"Ouest","s":"25S-H56S200F-81-F2"},{"r":"211","t":"24:38:30","h":"Ouest","s":"25N-H56N000S-80-S"},{"r":"211","t":"24:38:30","h":"Ouest","s":"25N-H56NV10S-80-S"},{"r":"211","t":"24:38:30","h":"Ouest","s":"25N-H56NV20S-80-S"},{"r":"211","t":"24:38:30","h":"Ouest","s":"25S-H56S000S-80-S"},{"r":"211","t":"25:00:09","h":"Ouest","s":"25N-H56N000A-80-A"},{"r":"211","t":"25:00:09","h":"Ouest","s":"25N-H56NV10A-80-A"},{"r":"211","t":"25:00:09","h":"Ouest","s":"25N-H56NV20A-80-A"},{"r":"211","t":"25:00:09","h":"Ouest","s":"25S-H56S000A-80-A"},{"r":"211","t":"25:03:09","h":"Ouest","s":"25N-H56N000I-80-I"},{"r":"211","t":"25:03:09","h":"Ouest","s":"25N-H56N100F-80-F1"},{"r":"211","t":"25:03:09","h":"Ouest","s":"25N-H56N200F-80-F2"},{"r":"211","t":"25:03:09","h":"Ouest","s":"25N-H56N300F-80-F3"},{"r":"211","t":"25:03:09","h":"Ouest","s":"25N-H56N400F-80-F4"},{"r":"211","t":"25:03:09","h":"Ouest","s":"25N-H56NV10I-80-I"},{"r":"211","t":"25:03:09","h":"Ouest","s":"25N-H56NV20I-80-I"},{"r":"211","t":"25:03:09","h":"Ouest","s":"25S-H56S000I-80-I"},{"r":"211","t":"25:03:09","h":"Ouest","s":"25S-H56S100F-80-F1"},{"r":"211","t":"25:03:09","h":"Ouest","s":"25S-H56S200F-81-F2"},{"r":"211","t":"25:06:30","h":"Ouest","s":"25N-H56N000S-80-S"},{"r":"211","t":"25:06:30","h":"Ouest","s":"25N-H56NV10S-80-S"},{"r":"211","t":"25:06:30","h":"Ouest","s":"25N-H56NV20S-80-S"},{"r":"211","t":"25:06:30","h":"Ouest","s":"25S-H56S000S-80-S"},{"r":"211","t":"25:29:30","h":"Ouest","s":"25N-H56N000A-80-A"},{"r":"211","t":"25:29:30","h":"Ouest","s":"25N-H56NV10A-80-A"},{"r":"211","t":"25:29:30","h":"Ouest","s":"25N-H56NV20A-80-A"},{"r":"211","t":"25:29:30","h":"Ouest","s":"25S-H56S000A-80-A"},{"r":"211","t":"25:33:09","h":"Ouest","s":"25N-H56N000I-80-I"},{"r":"211","t":"25:33:09","h":"Ouest","s":"25N-H56N100F-80-F1"},{"r":"211","t":"25:33:09","h":"Ouest","s":"25N-H56N200F-80-F2"},{"r":"211","t":"25:33:09","h":"Ouest","s":"25N-H56N300F-80-F3"},{"r":"211","t":"25:33:09","h":"Ouest","s":"25N-H56N400F-80-F4"},{"r":"211","t":"25:33:09","h":"Ouest","s":"25N-H56NV10I-80-I"},{"r":"211","t":"25:33:09","h":"Ouest","s":"25N-H56NV20I-80-I"},{"r":"211","t":"25:33:09","h":"Ouest","s":"25S-H56S000I-80-I"},{"r":"211","t":"25:33:09","h":"Ouest","s":"25S-H56S100F-80-F1"},{"r":"211","t":"25:33:09","h":"Ouest","s":"25S-H56S200F-81-F2"},{"r":"211","t":"25:34:30","h":"Ouest","s":"25N-H56N000S-80-S"},{"r":"211","t":"25:34:30","h":"Ouest","s":"25N-H56NV10S-80-S"},{"r":"211","t":"25:34:30","h":"Ouest","s":"25N-H56NV20S-80-S"},{"r":"211","t":"25:34:30","h":"Ouest","s":"25S-H56S000S-80-S"},{"r":"211","t":"25:58:30","h":"Ouest","s":"25N-H56N000A-80-A"},{"r":"211","t":"25:58:30","h":"Ouest","s":"25N-H56NV10A-80-A"},{"r":"211","t":"25:58:30","h":"Ouest","s":"25N-H56NV20A-80-A"},{"r":"211","t":"25:58:30","h":"Ouest","s":"25S-H56S000A-80-A"},{"r":"211","t":"26:02:30","h":"Ouest","s":"25N-H56N000S-80-S"},{"r":"211","t":"26:02:30","h":"Ouest","s":"25N-H56NV10S-80-S"},{"r":"211","t":"26:02:30","h":"Ouest","s":"25N-H56NV20S-80-S"},{"r":"211","t":"26:02:30","h":"Ouest","s":"25S-H56S000S-80-S"},{"r":"211","t":"26:03:09","h":"Ouest","s":"25N-H56N000I-80-I"},{"r":"211","t":"26:03:09","h":"Ouest","s":"25N-H56N100F-80-F1"},{"r":"211","t":"26:03:09","h":"Ouest","s":"25N-H56N200F-80-F2"},{"r":"211","t":"26:03:09","h":"Ouest","s":"25N-H56N300F-80-F3"},{"r":"211","t":"26:03:09","h":"Ouest","s":"25N-H56N400F-80-F4"},{"r":"211","t":"26:03:09","h":"Ouest","s":"25N-H56NV10I-80-I"},{"r":"211","t":"26:03:09","h":"Ouest","s":"25N-H56NV20I-80-I"},{"r":"211","t":"26:03:09","h":"Ouest","s":"25S-H56S000I-80-I"},{"r":"211","t":"26:03:09","h":"Ouest","s":"25S-H56S100F-80-F1"},{"r":"211","t":"26:03:09","h":"Ouest","s":"25S-H56S200F-81-F2"},{"r":"211","t":"26:26:30","h":"Ouest","s":"25N-H56N000A-80-A"},{"r":"211","t":"26:26:30","h":"Ouest","s":"25N-H56NV10A-80-A"},{"r":"211","t":"26:26:30","h":"Ouest","s":"25N-H56NV20A-80-A"},{"r":"211","t":"26:26:30","h":"Ouest","s":"25S-H56S000A-80-A"}]