[{"r":"208","t":"06:32:12","h":"Ouest","s":"25N-H60N000A-80-A"},{"r":"208","t":"06:32:12","h":"Ouest","s":"25N-H60NV10A-80-A"},{"r":"208","t":"06:32:12","h":"Ouest","s":"25N-H60NV20A-80-A"},{"r":"208","t":"06:32:12","h":"Ouest","s":"25S-H60S000A-80-A"},{"r":"208","t":"06:34:46","h":"Ouest","s":"25N-H60N000S-80-S"},{"r":"208","t":"06:34:46","h":"Ouest","s":"25N-H60N000S-98-S"},{"r":"208","t":"06:34:46","h":"Ouest","s":"25N-H60NV10S-98-S"},{"r":"208","t":"06:34:46","h":"Ouest","s":"25N-H60NV20S-98-S"},{"r":"208","t":"06:34:46","h":"Ouest","s":"25S-H60S000S-80-S"},{"r":"208","t":"07:00:12","h":"Ouest","s":"25N-H60N000A-80-A"},{"r":"208","t":"07:00:12","h":"Ouest","s":"25N-H60NV10A-80-A"},{"r":"208","t":"07:00:12","h":"Ouest","s":"25N-H60NV20A-80-A"},{"r":"208","t":"07:00:12","h":"Ouest","s":"25S-H60S000A-80-A"},{"r":"208","t":"07:01:46","h":"Ouest","s":"25N-H60N000S-80-S"},{"r":"208","t":"07:01:46","h":"Ouest","s":"25N-H60N000S-98-S"},{"r":"208","t":"07:01:46","h":"Ouest","s":"25N-H60NV10S-98-S"},{"r":"208","t":"07:01:46","h":"Ouest","s":"25N-H60NV20S-98-S"},{"r":"208","t":"07:01:46","h":"Ouest","s":"25S-H60S000S-80-S"},{"r":"208","t":"07:27:46","h":"Ouest","s":"25N-H60N000S-80-S"},{"r":"208","t":"07:27:46","h":"Ouest","s":"25N-H60N000S-98-S"},{"r":"208","t":"07:27:46","h":"Ouest","s":"25N-H60NV10S-98-S"},{"r":"208","t":"07:27:46","h":"Ouest","s":"25N-H60NV20S-98-S"},{"r":"208","t":"07:27:46","h":"Ouest","s":"25S-H60S000S-80-S"},{"r":"208","t":"07:28:12","h":"Ouest","s":"25N-H60N000A-80-A"},{"r":"208","t":"07:28:12","h":"Ouest","s":"25N-H60NV10A-80-A"},{"r":"208","t":"07:28:12","h":"Ouest","s":"25N-H60NV20A-80-A"},{"r":"208","t":"07:28:12","h":"Ouest","s":"25S-H60S000A-80-A"},{"r":"208","t":"07:53:46","h":"Ouest","s":"25N-H60N000S-80-S"},{"r":"208","t":"07:53:46","h":"Ouest","s":"25N-H60N000S-98-S"},{"r":"208","t":"07:53:46","h":"Ouest","s":"25N-H60NV10S-98-S"},{"r":"208","t":"07:53:46","h":"Ouest","s":"25N-H60NV20S-98-S"},{"r":"208","t":"07:53:46","h":"Ouest","s":"25S-H60S000S-80-S"},{"r":"208","t":"07:56:12","h":"Ouest","s":"25N-H60N000A-80-A"},{"r":"208","t":"07:56:12","h":"Ouest","s":"25N-H60NV10A-80-A"},{"r":"208","t":"07:56:12","h":"Ouest","s":"25N-H60NV20A-80-A"},{"r":"208","t":"07:56:12","h":"Ouest","s":"25S-H60S000A-80-A"},{"r":"208","t":"07:59:12","h":"Ouest","s":"25N-H60N000I-80-I"},{"r":"208","t":"07:59:12","h":"Ouest","s":"25N-H60N100F-81-F1"},{"r":"208","t":"07:59:12","h":"Ouest","s":"25N-H60N200F-81-F2"},{"r":"208","t":"07:59:12","h":"Ouest","s":"25N-H60N300F-82-F3"},{"r":"208","t":"07:59:12","h":"Ouest","s":"25N-H60N400F-81-F4"},{"r":"208","t":"07:59:12","h":"Ouest","s":"25N-H60NV10I-80-I"},{"r":"208","t":"07:59:12","h":"Ouest","s":"25N-H60NV20I-80-I"},{"r":"208","t":"07:59:12","h":"Ouest","s":"25S-H60S000I-80-I"},{"r":"208","t":"07:59:12","h":"Ouest","s":"25S-H60S100F-82-F1"},{"r":"208","t":"07:59:12","h":"Ouest","s":"25S-H60S200F-81-F2"},{"r":"208","t":"08:18:46","h":"Ouest","s":"25N-H60N000S-80-S"},{"r":"208","t":"08:18:46","h":"Ouest","s":"25N-H60N000S-98-S"},{"r":"208","t":"08:18:46","h":"Ouest","s":"25N-H60NV10S-98-S"},{"r":"208","t":"08:18:46","h":"Ouest","s":"25N-H60NV20S-98-S"},{"r":"208","t":"08:18:46","h":"Ouest","s":"25S-H60S000S-80-S"},{"r":"208","t":"08:24:12","h":"Ouest","s":"25N-H60N000A-80-A"},{"r":"208","t":"08:24:12","h":"Ouest","s":"25N-H60NV10A-80-A"},{"r":"208","t":"08:24:12","h":"Ouest","s":"25N-H60NV20A-80-A"},{"r":"208","t":"08:24:12","h":"Ouest","s":"25S-H60S000A-80-A"},{"r":"208","t":"08:27:46","h":"Ouest","s":"25N-H60N000I-80-I"},{"r":"208","t":"08:27:46","h":"Ouest","s":"25N-H60N100F-81-F1"},{"r":"208","t":"08:27:46","h":"Ouest","s":"25N-H60N200F-81-F2"},{"r":"208","t":"08:27:46","h":"Ouest","s":"25N-H60N300F-82-F3"},{"r":"208","t":"08:27:46","h":"Ouest","s":"25N-H60N400F-81-F4"},{"r":"208","t":"08:27:46","h":"Ouest","s":"25N-H60NV10I-80-I"},{"r":"208","t":"08:27:46","h":"Ouest","s":"25N-H60NV20I-80-I"},{"r":"208","t":"08:27:46","h":"Ouest","s":"25S-H60S000I-80-I"},{"r":"208","t":"08:27:46","h":"Ouest","s":"25S-H60S100F-82-F1"},{"r":"208","t":"08:27:46","h":"Ouest","s":"25S-H60S200F-81-F2"},{"r":"208","t":"08:43:46","h":"Ouest","s":"25N-H60N000S-80-S"},{"r":"208","t":"08:43:46","h":"Ouest","s":"25N-H60N000S-98-S"},{"r":"208","t":"08:43:46","h":"Ouest","s":"25N-H60NV10S-98-S"},{"r":"208","t":"08:43:46","h":"Ouest","s":"25N-H60NV20S-98-S"},{"r":"208","t":"08:43:46","h":"Ouest","s":"25S-H60S000S-80-S"},{"r":"208","t":"08:54:46","h":"Ouest","s":"25N-H60N000A-80-A"},{"r":"208","t":"08:54:46","h":"Ouest","s":"25N-H60NV10A-80-A"},{"r":"208","t":"08:54:46","h":"Ouest","s":"25N-H60NV20A-80-A"},{"r":"208","t":"08:54:46","h":"Ouest","s":"25S-H60S000A-80-A"},{"r":"208","t":"08:58:46","h":"Ouest","s":"25N-H60N000I-80-I"},{"r":"208","t":"08:58:46","h":"Ouest","s":"25N-H60N100F-81-F1"},{"r":"208","t":"08:58:46","h":"Ouest","s":"25N-H60N200F-81-F2"},{"r":"208","t":"08:58:46","h":"Ouest","s":"25N-H60N300F-82-F3"},{"r":"208","t":"08:58:46","h":"Ouest","s":"25N-H60N400F-81-F4"},{"r":"208","t":"08:58:46","h":"Ouest","s":"25N-H60NV10I-80-I"},{"r":"208","t":"08:58:46","h":"Ouest","s":"25N-H60NV20I-80-I"},{"r":"208","t":"08:58:46","h":"Ouest","s":"25S-H60S000I-80-I"},{"r":"208","t":"08:58:46","h":"Ouest","s":"25S-H60S100F-82-F1"},{"r":"208","t":"08:58:46","h":"Ouest","s":"25S-H60S200F-81-F2"},{"r":"208","t":"09:09:46","h":"Ouest","s":"25N-H60N000S-80-S"},{"r":"208","t":"09:09:46","h":"Ouest","s":"25N-H60N000S-98-S"},{"r":"208","t":"09:09:46","h":"Ouest","s":"25N-H60NV10S-98-S"},{"r":"208","t":"09:09:46","h":"Ouest","s":"25N-H60NV20S-98-S"},{"r":"208","t":"09:09:46","h":"Ouest","s":"25S-H60S000S-80-S"},{"r":"208","t":"09:24:46","h":"Ouest","s":"25N-H60N000A-80-A"},{"r":"208","t":"09:24:46","h":"Ouest","s":"25N-H60NV10A-80-A"},{"r":"208","t":"09:24:46","h":"Ouest","s":"25N-H60NV20A-80-A"},{"r":"208","t":"09:24:46","h":"Ouest","s":"25S-H60S000A-80-A"},{"r":"208","t":"09:28:46","h":"Ouest","s":"25N-H60N000I-80-I"},{"r":"208","t":"09:28:46","h":"Ouest","s":"25N-H60N100F-81-F1"},{"r":"208","t":"09:28:46","h":"Ouest","s":"25N-H60N200F-81-F2"},{"r":"208","t":"09:28:46","h":"Ouest","s":"25N-H60N300F-82-F3"},{"r":"208","t":"09:28:46","h":"Ouest","s":"25N-H60N400F-81-F4"},{"r":"208","t":"09:28:46","h":"Ouest","s":"25N-H60NV10I-80-I"},{"r":"208","t":"09:28:46","h":"Ouest","s":"25N-H60NV20I-80-I"},{"r":"208","t":"09:28:46","h":"Ouest","s":"25S-H60S000I-80-I"},{"r":"208","t":"09:28:46","h":"Ouest","s":"25S-H60S100F-82-F1"},{"r":"208","t":"09:28:46","h":"Ouest","s":"25S-H60S200F-81-F2"},{"r":"208","t":"09:36:46","h":"Ouest","s":"25N-H60N000S-80-S"},{"r":"208","t":"09:36:46","h":"Ouest","s":"25N-H60N000S-98-S"},{"r":"208","t":"09:36:46","h":"Ouest","s":"25N-H60NV10S-98-S"},{"r":"208","t":"09:36:46","h":"Ouest","s":"25N-H60NV20S-98-S"},{"r":"208","t":"09:36:46","h":"Ouest","s":"25S-H60S000S-80-S"},{"r":"208","t":"09:54:46","h":"Ouest","s":"25N-H60N000A-80-A"},{"r":"208","t":"09:54:46","h":"Ouest","s":"25N-H60NV10A-80-A"},{"r":"208","t":"09:54:46","h":"Ouest","s":"25N-H60NV20A-80-A"},{"r":"208","t":"09:54:46","h":"Ouest","s":"25S-H60S000A-80-A"},{"r":"208","t":"09:58:46","h":"Ouest","s":"25N-H60N000I-80-I"},{"r":"208","t":"09:58:46","h":"Ouest","s":"25N-H60N100F-81-F1"},{"r":"208","t":"09:58:46","h":"Ouest","s":"25N-H60N200F-81-F2"},{"r":"208","t":"09:58:46","h":"Ouest","s":"25N-H60N300F-82-F3"},{"r":"208","t":"09:58:46","h":"Ouest","s":"25N-H60N400F-81-F4"},{"r":"208","t":"09:58:46","h":"Ouest","s":"25N-H60NV10I-80-I"},{"r":"208","t":"09:58:46","h":"Ouest","s":"25N-H60NV20I-80-I"},{"r":"208","t":"09:58:46","h":"Ouest","s":"25S-H60S000I-80-I"},{"r":"208","t":"09:58:46","h":"Ouest","s":"25S-H60S100F-82-F1"},{"r":"208","t":"09:58:46","h":"Ouest","s":"25S-H60S200F-81-F2"},{"r":"208","t":"10:05:46","h":"Ouest","s":"25N-H60N000S-80-S"},{"r":"208","t":"10:05:46","h":"Ouest","s":"25N-H60N000S-98-S"},{"r":"208","t":"10:05:46","h":"Ouest","s":"25N-H60NV10S-98-S"},{"r":"208","t":"10:05:46","h":"Ouest","s":"25N-H60NV20S-98-S"},{"r":"208","t":"10:05:46","h":"Ouest","s":"25S-H60S000S-80-S"},{"r":"208","t":"10:24:46","h":"Ouest","s":"25N-H60N000A-80-A"},{"r":"208","t":"10:24:46","h":"Ouest","s":"25N-H60NV10A-80-A"},{"r":"208","t":"10:24:46","h":"Ouest","s":"25N-H60NV20A-80-A"},{"r":"208","t":"10:24:46","h":"Ouest","s":"25S-H60S000A-80-A"},{"r":"208","t":"10:29:46","h":"Ouest","s":"25N-H60N000I-80-I"},{"r":"208","t":"10:29:46","h":"Ouest","s":"25N-H60N100F-81-F1"},{"r":"208","t":"10:29:46","h":"Ouest","s":"25N-H60N200F-81-F2"},{"r":"208","t":"10:29:46","h":"Ouest","s":"25N-H60N300F-82-F3"},{"r":"208","t":"10:29:46","h":"Ouest","s":"25N-H60N400F-81-F4"},{"r":"208","t":"10:29:46","h":"Ouest","s":"25N-H60NV10I-80-I"},{"r":"208","t":"10:29:46","h":"Ouest","s":"25N-H60NV20I-80-I"},{"r":"208","t":"10:29:46","h":"Ouest","s":"25S-H60S000I-80-I"},{"r":"208","t":"10:29:46","h":"Ouest","s":"25S-H60S100F-82-F1"},{"r":"208","t":"10:29:46","h":"Ouest","s":"25S-H60S200F-81-F2"},{"r":"208","t":"10:34:46","h":"Ouest","s":"25N-H60N000S-80-S"},{"r":"208","t":"10:34:46","h":"Ouest","s":"25N-H60N000S-98-S"},{"r":"208","t":"10:34:46","h":"Ouest","s":"25N-H60NV10S-98-S"},{"r":"208","t":"10:34:46","h":"Ouest","s":"25N-H60NV20S-98-S"},{"r":"208","t":"10:34:46","h":"Ouest","s":"25S-H60S000S-80-S"},{"r":"208","t":"10:56:46","h":"Ouest","s":"25N-H60N000A-80-A"},{"r":"208","t":"10:56:46","h":"Ouest","s":"25N-H60NV10A-80-A"},{"r":"208","t":"10:56:46","h":"Ouest","s":"25N-H60NV20A-80-A"},{"r":"208","t":"10:56:46","h":"Ouest","s":"25S-H60S000A-80-A"},{"r":"208","t":"10:59:46","h":"Ouest","s":"25N-H60N000I-80-I"},{"r":"208","t":"10:59:46","h":"Ouest","s":"25N-H60N100F-81-F1"},{"r":"208","t":"10:59:46","h":"Ouest","s":"25N-H60N200F-81-F2"},{"r":"208","t":"10:59:46","h":"Ouest","s":"25N-H60N300F-82-F3"},{"r":"208","t":"10:59:46","h":"Ouest","s":"25N-H60N400F-81-F4"},{"r":"208","t":"10:59:46","h":"Ouest","s":"25N-H60NV10I-80-I"},{"r":"208","t":"10:59:46","h":"Ouest","s":"25N-H60NV20I-80-I"},{"r":"208","t":"10:59:46","h":"Ouest","s":"25S-H60S000I-80-I"},{"r":"208","t":"10:59:46","h":"Ouest","s":"25S-H60S100F-82-F1"},{"r":"208","t":"10:59:46","h":"Ouest","s":"25S-H60S200F-81-F2"},{"r":"208","t":"11:04:46","h":"Ouest","s":"25N-H60N000S-80-S"},{"r":"208","t":"11:04:46","h":"Ouest","s":"25N-H60N000S-98-S"},{"r":"208","t":"11:04:46","h":"Ouest","s":"25N-H60NV10S-98-S"},{"r":"208","t":"11:04:46","h":"Ouest","s":"25N-H60NV20S-98-S"},{"r":"208","t":"11:04:46","h":"Ouest","s":"25S-H60S000S-80-S"},{"r":"208","t":"11:28:46","h":"Ouest","s":"25N-H60N000A-80-A"},{"r":"208","t":"11:28:46","h":"Ouest","s":"25N-H60NV10A-80-A"},{"r":"208","t":"11:28:46","h":"Ouest","s":"25N-H60NV20A-80-A"},{"r":"208","t":"11:28:46","h":"Ouest","s":"25S-H60S000A-80-A"},{"r":"208","t":"11:29:46","h":"Ouest","s":"25N-H60N000I-80-I"},{"r":"208","t":"11:29:46","h":"Ouest","s":"25N-H60N100F-81-F1"},{"r":"208","t":"11:29:46","h":"Ouest","s":"25N-H60N200F-81-F2"},{"r":"208","t":"11:29:46","h":"Ouest","s":"25N-H60N300F-82-F3"},{"r":"208","t":"11:29:46","h":"Ouest","s":"25N-H60N400F-81-F4"},{"r":"208","t":"11:29:46","h":"Ouest","s":"25N-H60NV10I-80-I"},{"r":"208","t":"11:29:46","h":"Ouest","s":"25N-H60NV20I-80-I"},{"r":"208","t":"11:29:46","h":"Ouest","s":"25S-H60S000I-80-I"},{"r":"208","t":"11:29:46","h":"Ouest","s":"25S-H60S100F-82-F1"},{"r":"208","t":"11:29:46","h":"Ouest","s":"25S-H60S200F-81-F2"},{"r":"208","t":"11:34:46","h":"Ouest","s":"25N-H60N000S-80-S"},{"r":"208","t":"11:34:46","h":"Ouest","s":"25N-H60N000S-98-S"},{"r":"208","t":"11:34:46","h":"Ouest","s":"25N-H60NV10S-98-S"},{"r":"208","t":"11:34:46","h":"Ouest","s":"25N-H60NV20S-98-S"},{"r":"208","t":"11:34:46","h":"Ouest","s":"25S-H60S000S-80-S"},{"r":"208","t":"12:00:46","h":"Ouest","s":"25N-H60N000A-80-A"},{"r":"208","t":"12:00:46","h":"Ouest","s":"25N-H60N000I-80-I"},{"r":"208","t":"12:00:46","h":"Ouest","s":"25N-H60N100F-81-F1"},{"r":"208","t":"12:00:46","h":"Ouest","s":"25N-H60N200F-81-F2"},{"r":"208","t":"12:00:46","h":"Ouest","s":"25N-H60N300F-82-F3"},{"r":"208","t":"12:00:46","h":"Ouest","s":"25N-H60N400F-81-F4"},{"r":"208","t":"12:00:46","h":"Ouest","s":"25N-H60NV10A-80-A"},{"r":"208","t":"12:00:46","h":"Ouest","s":"25N-H60NV10I-80-I"},{"r":"208","t":"12:00:46","h":"Ouest","s":"25N-H60NV20A-80-A"},{"r":"208","t":"12:00:46","h":"Ouest","s":"25N-H60NV20I-80-I"},{"r":"208","t":"12:00:46","h":"Ouest","s":"25S-H60S000A-80-A"},{"r":"208","t":"12:00:46","h":"Ouest","s":"25S-H60S000I-80-I"},{"r":"208","t":"12:00:46","h":"Ouest","s":"25S-H60S100F-82-F1"},{"r":"208","t":"12:00:46","h":"Ouest","s":"25S-H60S200F-81-F2"},{"r":"208","t":"12:03:46","h":"Ouest","s":"25N-H60N000S-80-S"},{"r":"208","t":"12:03:46","h":"Ouest","s":"25N-H60N000S-98-S"},{"r":"208","t":"12:03:46","h":"Ouest","s":"25N-H60NV10S-98-S"},{"r":"208","t":"12:03:46","h":"Ouest","s":"25N-H60NV20S-98-S"},{"r":"208","t":"12:03:46","h":"Ouest","s":"25S-H60S000S-80-S"},{"r":"208","t":"12:32:46","h":"Ouest","s":"25N-H60N000A-80-A"},{"r":"208","t":"12:32:46","h":"Ouest","s":"25N-H60N000I-80-I"},{"r":"208","t":"12:32:46","h":"Ouest","s":"25N-H60N000S-80-S"},{"r":"208","t":"12:32:46","h":"Ouest","s":"25N-H60N000S-98-S"},{"r":"208","t":"12:32:46","h":"Ouest","s":"25N-H60N100F-81-F1"},{"r":"208","t":"12:32:46","h":"Ouest","s":"25N-H60N200F-81-F2"},{"r":"208","t":"12:32:46","h":"Ouest","s":"25N-H60N300F-82-F3"},{"r":"208","t":"12:32:46","h":"Ouest","s":"25N-H60N400F-81-F4"},{"r":"208","t":"12:32:46","h":"Ouest","s":"25N-H60NV10A-80-A"},{"r":"208","t":"12:32:46","h":"Ouest","s":"25N-H60NV10I-80-I"},{"r":"208","t":"12:32:46","h":"Ouest","s":"25N-H60NV10S-98-S"},{"r":"208","t":"12:32:46","h":"Ouest","s":"25N-H60NV20A-80-A"},{"r":"208","t":"12:32:46","h":"Ouest","s":"25N-H60NV20I-80-I"},{"r":"208","t":"12:32:46","h":"Ouest","s":"25N-H60NV20S-98-S"},{"r":"208","t":"12:32:46","h":"Ouest","s":"25S-H60S000A-80-A"},{"r":"208","t":"12:32:46","h":"Ouest","s":"25S-H60S000I-80-I"},{"r":"208","t":"12:32:46","h":"Ouest","s":"25S-H60S000S-80-S"},{"r":"208","t":"12:32:46","h":"Ouest","s":"25S-H60S100F-82-F1"},{"r":"208","t":"12:32:46","h":"Ouest","s":"25S-H60S200F-81-F2"},{"r":"208","t":"13:00:46","h":"Ouest","s":"25N-H60N000S-80-S"},{"r":"208","t":"13:00:46","h":"Ouest","s":"25N-H60N000S-98-S"},{"r":"208","t":"13:00:46","h":"Ouest","s":"25N-H60NV10S-98-S"},{"r":"208","t":"13:00:46","h":"Ouest","s":"25N-H60NV20S-98-S"},{"r":"208","t":"13:00:46","h":"Ouest","s":"25S-H60S000S-80-S"},{"r":"208","t":"13:03:46","h":"Ouest","s":"25N-H60N000I-80-I"},{"r":"208","t":"13:03:46","h":"Ouest","s":"25N-H60N100F-81-F1"},{"r":"208","t":"13:03:46","h":"Ouest","s":"25N-H60N200F-81-F2"},{"r":"208","t":"13:03:46","h":"Ouest","s":"25N-H60N300F-82-F3"},{"r":"208","t":"13:03:46","h":"Ouest","s":"25N-H60N400F-81-F4"},{"r":"208","t":"13:03:46","h":"Ouest","s":"25N-H60NV10I-80-I"},{"r":"208","t":"13:03:46","h":"Ouest","s":"25N-H60NV20I-80-I"},{"r":"208","t":"13:03:46","h":"Ouest","s":"25S-H60S000I-80-I"},{"r":"208","t":"13:03:46","h":"Ouest","s":"25S-H60S100F-82-F1"},{"r":"208","t":"13:03:46","h":"Ouest","s":"25S-H60S200F-81-F2"},{"r":"208","t":"13:05:46","h":"Ouest","s":"25N-H60N000A-80-A"},{"r":"208","t":"13:05:46","h":"Ouest","s":"25N-H60NV10A-80-A"},{"r":"208","t":"13:05:46","h":"Ouest","s":"25N-H60NV20A-80-A"},{"r":"208","t":"13:05:46","h":"Ouest","s":"25S-H60S000A-80-A"},{"r":"208","t":"13:27:46","h":"Ouest","s":"25N-H60N000S-80-S"},{"r":"208","t":"13:27:46","h":"Ouest","s":"25N-H60N000S-98-S"},{"r":"208","t":"13:27:46","h":"Ouest","s":"25N-H60NV10S-98-S"},{"r":"208","t":"13:27:46","h":"Ouest","s":"25N-H60NV20S-98-S"},{"r":"208","t":"13:27:46","h":"Ouest","s":"25S-H60S000S-80-S"},{"r":"208","t":"13:36:46","h":"Ouest","s":"25N-H60N000I-80-I"},{"r":"208","t":"13:36:46","h":"Ouest","s":"25N-H60N100F-81-F1"},{"r":"208","t":"13:36:46","h":"Ouest","s":"25N-H60N200F-81-F2"},{"r":"208","t":"13:36:46","h":"Ouest","s":"25N-H60N300F-82-F3"},{"r":"208","t":"13:36:46","h":"Ouest","s":"25N-H60N400F-81-F4"},{"r":"208","t":"13:36:46","h":"Ouest","s":"25N-H60NV10I-80-I"},{"r":"208","t":"13:36:46","h":"Ouest","s":"25N-H60NV20I-80-I"},{"r":"208","t":"13:36:46","h":"Ouest","s":"25S-H60S000I-80-I"},{"r":"208","t":"13:36:46","h":"Ouest","s":"25S-H60S100F-82-F1"},{"r":"208","t":"13:36:46","h":"Ouest","s":"25S-H60S200F-81-F2"},{"r":"208","t":"13:37:46","h":"Ouest","s":"25N-H60N000A-80-A"},{"r":"208","t":"13:37:46","h":"Ouest","s":"25N-H60NV10A-80-A"},{"r":"208","t":"13:37:46","h":"Ouest","s":"25N-H60NV20A-80-A"},{"r":"208","t":"13:37:46","h":"Ouest","s":"25S-H60S000A-80-A"},{"r":"208","t":"13:54:46","h":"Ouest","s":"25N-H60N000S-80-S"},{"r":"208","t":"13:54:46","h":"Ouest","s":"25N-H60N000S-98-S"},{"r":"208","t":"13:54:46","h":"Ouest","s":"25N-H60NV10S-98-S"},{"r":"208","t":"13:54:46","h":"Ouest","s":"25N-H60NV20S-98-S"},{"r":"208","t":"13:54:46","h":"Ouest","s":"25S-H60S000S-80-S"},{"r":"208","t":"14:08:46","h":"Ouest","s":"25N-H60N000I-80-I"},{"r":"208","t":"14:08:46","h":"Ouest","s":"25N-H60N100F-81-F1"},{"r":"208","t":"14:08:46","h":"Ouest","s":"25N-H60N200F-81-F2"},{"r":"208","t":"14:08:46","h":"Ouest","s":"25N-H60N300F-82-F3"},{"r":"208","t":"14:08:46","h":"Ouest","s":"25N-H60N400F-81-F4"},{"r":"208","t":"14:08:46","h":"Ouest","s":"25N-H60NV10I-80-I"},{"r":"208","t":"14:08:46","h":"Ouest","s":"25N-H60NV20I-80-I"},{"r":"208","t":"14:08:46","h":"Ouest","s":"25S-H60S000I-80-I"},{"r":"208","t":"14:08:46","h":"Ouest","s":"25S-H60S100F-82-F1"},{"r":"208","t":"14:08:46","h":"Ouest","s":"25S-H60S200F-81-F2"},{"r":"208","t":"14:09:46","h":"Ouest","s":"25N-H60N000A-80-A"},{"r":"208","t":"14:09:46","h":"Ouest","s":"25N-H60NV10A-80-A"},{"r":"208","t":"14:09:46","h":"Ouest","s":"25N-H60NV20A-80-A"},{"r":"208","t":"14:09:46","h":"Ouest","s":"25S-H60S000A-80-A"},{"r":"208","t":"14:21:46","h":"Ouest","s":"25N-H60N000S-80-S"},{"r":"208","t":"14:21:46","h":"Ouest","s":"25N-H60N000S-98-S"},{"r":"208","t":"14:21:46","h":"Ouest","s":"25N-H60NV10S-98-S"},{"r":"208","t":"14:21:46","h":"Ouest","s":"25N-H60NV20S-98-S"},{"r":"208","t":"14:21:46","h":"Ouest","s":"25S-H60S000S-80-S"},{"r":"208","t":"14:37:46","h":"Ouest","s":"25N-H60N000A-80-A"},{"r":"208","t":"14:37:46","h":"Ouest","s":"25N-H60NV10A-80-A"},{"r":"208","t":"14:37:46","h":"Ouest","s":"25N-H60NV20A-80-A"},{"r":"208","t":"14:37:46","h":"Ouest","s":"25S-H60S000A-80-A"},{"r":"208","t":"14:40:46","h":"Ouest","s":"25N-H60N000I-80-I"},{"r":"208","t":"14:40:46","h":"Ouest","s":"25N-H60N100F-81-F1"},{"r":"208","t":"14:40:46","h":"Ouest","s":"25N-H60N200F-81-F2"},{"r":"208","t":"14:40:46","h":"Ouest","s":"25N-H60N300F-82-F3"},{"r":"208","t":"14:40:46","h":"Ouest","s":"25N-H60N400F-81-F4"},{"r":"208","t":"14:40:46","h":"Ouest","s":"25N-H60NV10I-80-I"},{"r":"208","t":"14:40:46","h":"Ouest","s":"25N-H60NV20I-80-I"},{"r":"208","t":"14:40:46","h":"Ouest","s":"25S-H60S000I-80-I"},{"r":"208","t":"14:40:46","h":"Ouest","s":"25S-H60S100F-82-F1"},{"r":"208","t":"14:40:46","h":"Ouest","s":"25S-H60S200F-81-F2"},{"r":"208","t":"14:48:46","h":"Ouest","s":"25N-H60N000S-80-S"},{"r":"208","t":"14:48:46","h":"Ouest","s":"25N-H60N000S-98-S"},{"r":"208","t":"14:48:46","h":"Ouest","s":"25N-H60NV10S-98-S"},{"r":"208","t":"14:48:46","h":"Ouest","s":"25N-H60NV20S-98-S"},{"r":"208","t":"14:48:46","h":"Ouest","s":"25S-H60S000S-80-S"},{"r":"208","t":"15:04:46","h":"Ouest","s":"25N-H60N000A-80-A"},{"r":"208","t":"15:04:46","h":"Ouest","s":"25N-H60NV10A-80-A"},{"r":"208","t":"15:04:46","h":"Ouest","s":"25N-H60NV20A-80-A"},{"r":"208","t":"15:04:46","h":"Ouest","s":"25S-H60S000A-80-A"},{"r":"208","t":"15:13:46","h":"Ouest","s":"25N-H60N000I-80-I"},{"r":"208","t":"15:13:46","h":"Ouest","s":"25N-H60N100F-81-F1"},{"r":"208","t":"15:13:46","h":"Ouest","s":"25N-H60N200F-81-F2"},{"r":"208","t":"15:13:46","h":"Ouest","s":"25N-H60N300F-82-F3"},{"r":"208","t":"15:13:46","h":"Ouest","s":"25N-H60N400F-81-F4"},{"r":"208","t":"15:13:46","h":"Ouest","s":"25N-H60NV10I-80-I"},{"r":"208","t":"15:13:46","h":"Ouest","s":"25N-H60NV20I-80-I"},{"r":"208","t":"15:13:46","h":"Ouest","s":"25S-H60S000I-80-I"},{"r":"208","t":"15:13:46","h":"Ouest","s":"25S-H60S100F-82-F1"},{"r":"208","t":"15:13:46","h":"Ouest","s":"25S-H60S200F-81-F2"},{"r":"208","t":"15:15:46","h":"Ouest","s":"25N-H60N000S-80-S"},{"r":"208","t":"15:15:46","h":"Ouest","s":"25N-H60N000S-98-S"},{"r":"208","t":"15:15:46","h":"Ouest","s":"25N-H60NV10S-98-S"},{"r":"208","t":"15:15:46","h":"Ouest","s":"25N-H60NV20S-98-S"},{"r":"208","t":"15:15:46","h":"Ouest","s":"25S-H60S000S-80-S"},{"r":"208","t":"15:31:46","h":"Ouest","s":"25N-H60N000A-80-A"},{"r":"208","t":"15:31:46","h":"Ouest","s":"25N-H60NV10A-80-A"},{"r":"208","t":"15:31:46","h":"Ouest","s":"25N-H60NV20A-80-A"},{"r":"208","t":"15:31:46","h":"Ouest","s":"25S-H60S000A-80-A"},{"r":"208","t":"15:42:46","h":"Ouest","s":"25N-H60N000S-80-S"},{"r":"208","t":"15:42:46","h":"Ouest","s":"25N-H60N000S-98-S"},{"r":"208","t":"15:42:46","h":"Ouest","s":"25N-H60NV10S-98-S"},{"r":"208","t":"15:42:46","h":"Ouest","s":"25N-H60NV20S-98-S"},{"r":"208","t":"15:42:46","h":"Ouest","s":"25S-H60S000S-80-S"},{"r":"208","t":"15:45:46","h":"Ouest","s":"25N-H60N000I-80-I"},{"r":"208","t":"15:45:46","h":"Ouest","s":"25N-H60N100F-81-F1"},{"r":"208","t":"15:45:46","h":"Ouest","s":"25N-H60N200F-81-F2"},{"r":"208","t":"15:45:46","h":"Ouest","s":"25N-H60N300F-82-F3"},{"r":"208","t":"15:45:46","h":"Ouest","s":"25N-H60N400F-81-F4"},{"r":"208","t":"15:45:46","h":"Ouest","s":"25N-H60NV10I-80-I"},{"r":"208","t":"15:45:46","h":"Ouest","s":"25N-H60NV20I-80-I"},{"r":"208","t":"15:45:46","h":"Ouest","s":"25S-H60S000I-80-I"},{"r":"208","t":"15:45:46","h":"Ouest","s":"25S-H60S100F-82-F1"},{"r":"208","t":"15:45:46","h":"Ouest","s":"25S-H60S200F-81-F2"},{"r":"208","t":"15:58:46","h":"Ouest","s":"25N-H60N000A-80-A"},{"r":"208","t":"15:58:46","h":"Ouest","s":"25N-H60NV10A-80-A"},{"r":"208","t":"15:58:46","h":"Ouest","s":"25N-H60NV20A-80-A"},{"r":"208","t":"15:58:46","h":"Ouest","s":"25S-H60S000A-80-A"},{"r":"208","t":"16:11:46","h":"Ouest","s":"25N-H60N000S-80-S"},{"r":"208","t":"16:11:46","h":"Ouest","s":"25N-H60N000S-98-S"},{"r":"208","t":"16:11:46","h":"Ouest","s":"25N-H60NV10S-98-S"},{"r":"208","t":"16:11:46","h":"Ouest","s":"25N-H60NV20S-98-S"},{"r":"208","t":"16:11:46","h":"Ouest","s":"25S-H60S000S-80-S"},{"r":"208","t":"16:17:46","h":"Ouest","s":"25N-H60N000I-80-I"},{"r":"208","t":"16:17:46","h":"Ouest","s":"25N-H60N100F-81-F1"},{"r":"208","t":"16:17:46","h":"Ouest","s":"25N-H60N200F-81-F2"},{"r":"208","t":"16:17:46","h":"Ouest","s":"25N-H60N300F-82-F3"},{"r":"208","t":"16:17:46","h":"Ouest","s":"25N-H60N400F-81-F4"},{"r":"208","t":"16:17:46","h":"Ouest","s":"25N-H60NV10I-80-I"},{"r":"208","t":"16:17:46","h":"Ouest","s":"25N-H60NV20I-80-I"},{"r":"208","t":"16:17:46","h":"Ouest","s":"25S-H60S000I-80-I"},{"r":"208","t":"16:17:46","h":"Ouest","s":"25S-H60S100F-82-F1"},{"r":"208","t":"16:17:46","h":"Ouest","s":"25S-H60S200F-81-F2"},{"r":"208","t":"16:25:46","h":"Ouest","s":"25N-H60N000A-80-A"},{"r":"208","t":"16:25:46","h":"Ouest","s":"25N-H60NV10A-80-A"},{"r":"208","t":"16:25:46","h":"Ouest","s":"25N-H60NV20A-80-A"},{"r":"208","t":"16:25:46","h":"Ouest","s":"25S-H60S000A-80-A"},{"r":"208","t":"16:30:46","h":"Ouest","s":"25N-H60N000S-80-S"},{"r":"208","t":"16:30:46","h":"Ouest","s":"25N-H60N000S-98-S"},{"r":"208","t":"16:30:46","h":"Ouest","s":"25N-H60NV10S-98-S"},{"r":"208","t":"16:30:46","h":"Ouest","s":"25N-H60NV20S-98-S"},{"r":"208","t":"16:30:46","h":"Ouest","s":"25S-H60S000S-80-S"},{"r":"208","t":"16:47:46","h":"Ouest","s":"25N-H60N000S-80-S"},{"r":"208","t":"16:47:46","h":"Ouest","s":"25N-H60N000S-98-S"},{"r":"208","t":"16:47:46","h":"Ouest","s":"25N-H60NV10S-98-S"},{"r":"208","t":"16:47:46","h":"Ouest","s":"25N-H60NV20S-98-S"},{"r":"208","t":"16:47:46","h":"Ouest","s":"25S-H60S000S-80-S"},{"r":"208","t":"16:49:46","h":"Ouest","s":"25N-H60N000I-80-I"},{"r":"208","t":"16:49:46","h":"Ouest","s":"25N-H60N100F-81-F1"},{"r":"208","t":"16:49:46","h":"Ouest","s":"25N-H60N200F-81-F2"},{"r":"208","t":"16:49:46","h":"Ouest","s":"25N-H60N300F-82-F3"},{"r":"208","t":"16:49:46","h":"Ouest","s":"25N-H60N400F-81-F4"},{"r":"208","t":"16:49:46","h":"Ouest","s":"25N-H60NV10I-80-I"},{"r":"208","t":"16:49:46","h":"Ouest","s":"25N-H60NV20I-80-I"},{"r":"208","t":"16:49:46","h":"Ouest","s":"25S-H60S000I-80-I"},{"r":"208","t":"16:49:46","h":"Ouest","s":"25S-H60S100F-82-F1"},{"r":"208","t":"16:49:46","h":"Ouest","s":"25S-H60S200F-81-F2"},{"r":"208","t":"16:52:46","h":"Ouest","s":"25N-H60N000A-80-A"},{"r":"208","t":"16:52:46","h":"Ouest","s":"25N-H60NV10A-80-A"},{"r":"208","t":"16:52:46","h":"Ouest","s":"25N-H60NV20A-80-A"},{"r":"208","t":"16:52:46","h":"Ouest","s":"25S-H60S000A-80-A"},{"r":"208","t":"17:17:46","h":"Ouest","s":"25N-H60N000S-80-S"},{"r":"208","t":"17:17:46","h":"Ouest","s":"25N-H60N000S-98-S"},{"r":"208","t":"17:17:46","h":"Ouest","s":"25N-H60NV10S-98-S"},{"r":"208","t":"17:17:46","h":"Ouest","s":"25N-H60NV20S-98-S"},{"r":"208","t":"17:17:46","h":"Ouest","s":"25S-H60S000S-80-S"},{"r":"208","t":"17:19:46","h":"Ouest","s":"25N-H60N000A-80-A"},{"r":"208","t":"17:19:46","h":"Ouest","s":"25N-H60NV10A-80-A"},{"r":"208","t":"17:19:46","h":"Ouest","s":"25N-H60NV20A-80-A"},{"r":"208","t":"17:19:46","h":"Ouest","s":"25S-H60S000A-80-A"},{"r":"208","t":"17:21:46","h":"Ouest","s":"25N-H60N000I-80-I"},{"r":"208","t":"17:21:46","h":"Ouest","s":"25N-H60N100F-81-F1"},{"r":"208","t":"17:21:46","h":"Ouest","s":"25N-H60N200F-81-F2"},{"r":"208","t":"17:21:46","h":"Ouest","s":"25N-H60N300F-82-F3"},{"r":"208","t":"17:21:46","h":"Ouest","s":"25N-H60N400F-81-F4"},{"r":"208","t":"17:21:46","h":"Ouest","s":"25N-H60NV10I-80-I"},{"r":"208","t":"17:21:46","h":"Ouest","s":"25N-H60NV20I-80-I"},{"r":"208","t":"17:21:46","h":"Ouest","s":"25S-H60S000I-80-I"},{"r":"208","t":"17:21:46","h":"Ouest","s":"25S-H60S100F-82-F1"},{"r":"208","t":"17:21:46","h":"Ouest","s":"25S-H60S200F-81-F2"},{"r":"208","t":"17:46:46","h":"Ouest","s":"25N-H60N000S-80-S"},{"r":"208","t":"17:46:46","h":"Ouest","s":"25N-H60N000S-98-S"},{"r":"208","t":"17:46:46","h":"Ouest","s":"25N-H60NV10S-98-S"},{"r":"208","t":"17:46:46","h":"Ouest","s":"25N-H60NV20S-98-S"},{"r":"208","t":"17:46:46","h":"Ouest","s":"25S-H60S000S-80-S"},{"r":"208","t":"17:51:46","h":"Ouest","s":"25N-H60N000A-80-A"},{"r":"208","t":"17:51:46","h":"Ouest","s":"25N-H60NV10A-80-A"},{"r":"208","t":"17:51:46","h":"Ouest","s":"25N-H60NV20A-80-A"},{"r":"208","t":"17:51:46","h":"Ouest","s":"25S-H60S000A-80-A"},{"r":"208","t":"17:52:46","h":"Ouest","s":"25N-H60N000I-80-I"},{"r":"208","t":"17:52:46","h":"Ouest","s":"25N-H60N100F-81-F1"},{"r":"208","t":"17:52:46","h":"Ouest","s":"25N-H60N200F-81-F2"},{"r":"208","t":"17:52:46","h":"Ouest","s":"25N-H60N300F-82-F3"},{"r":"208","t":"17:52:46","h":"Ouest","s":"25N-H60N400F-81-F4"},{"r":"208","t":"17:52:46","h":"Ouest","s":"25N-H60NV10I-80-I"},{"r":"208","t":"17:52:46","h":"Ouest","s":"25N-H60NV20I-80-I"},{"r":"208","t":"17:52:46","h":"Ouest","s":"25S-H60S000I-80-I"},{"r":"208","t":"17:52:46","h":"Ouest","s":"25S-H60S100F-82-F1"},{"r":"208","t":"17:52:46","h":"Ouest","s":"25S-H60S200F-81-F2"},{"r":"208","t":"18:15:46","h":"Ouest","s":"25N-H60N000I-80-I"},{"r":"208","t":"18:15:46","h":"Ouest","s":"25N-H60N000S-80-S"},{"r":"208","t":"18:15:46","h":"Ouest","s":"25N-H60N000S-98-S"},{"r":"208","t":"18:15:46","h":"Ouest","s":"25N-H60N100F-81-F1"},{"r":"208","t":"18:15:46","h":"Ouest","s":"25N-H60N200F-81-F2"},{"r":"208","t":"18:15:46","h":"Ouest","s":"25N-H60N300F-82-F3"},{"r":"208","t":"18:15:46","h":"Ouest","s":"25N-H60N400F-81-F4"},{"r":"208","t":"18:15:46","h":"Ouest","s":"25N-H60NV10I-80-I"},{"r":"208","t":"18:15:46","h":"Ouest","s":"25N-H60NV10S-98-S"},{"r":"208","t":"18:15:46","h":"Ouest","s":"25N-H60NV20I-80-I"},{"r":"208","t":"18:15:46","h":"Ouest","s":"25N-H60NV20S-98-S"},{"r":"208","t":"18:15:46","h":"Ouest","s":"25S-H60S000I-80-I"},{"r":"208","t":"18:15:46","h":"Ouest","s":"25S-H60S000S-80-S"},{"r":"208","t":"18:15:46","h":"Ouest","s":"25S-H60S100F-82-F1"},{"r":"208","t":"18:15:46","h":"Ouest","s":"25S-H60S200F-81-F2"},{"r":"208","t":"18:24:46","h":"Ouest","s":"25N-H60N000A-80-A"},{"r":"208","t":"18:24:46","h":"Ouest","s":"25N-H60NV10A-80-A"},{"r":"208","t":"18:24:46","h":"Ouest","s":"25N-H60NV20A-80-A"},{"r":"208","t":"18:24:46","h":"Ouest","s":"25S-H60S000A-80-A"},{"r":"208","t":"18:38:46","h":"Ouest","s":"25N-H60N000I-80-I"},{"r":"208","t":"18:38:46","h":"Ouest","s":"25N-H60N100F-81-F1"},{"r":"208","t":"18:38:46","h":"Ouest","s":"25N-H60N200F-81-F2"},{"r":"208","t":"18:38:46","h":"Ouest","s":"25N-H60N300F-82-F3"},{"r":"208","t":"18:38:46","h":"Ouest","s":"25N-H60N400F-81-F4"},{"r":"208","t":"18:38:46","h":"Ouest","s":"25N-H60NV10I-80-I"},{"r":"208","t":"18:38:46","h":"Ouest","s":"25N-H60NV20I-80-I"},{"r":"208","t":"18:38:46","h":"Ouest","s":"25S-H60S000I-80-I"},{"r":"208","t":"18:38:46","h":"Ouest","s":"25S-H60S100F-82-F1"},{"r":"208","t":"18:38:46","h":"Ouest","s":"25S-H60S200F-81-F2"},{"r":"208","t":"18:42:46","h":"Ouest","s":"25N-H60N000S-80-S"},{"r":"208","t":"18:42:46","h":"Ouest","s":"25N-H60N000S-98-S"},{"r":"208","t":"18:42:46","h":"Ouest","s":"25N-H60NV10S-98-S"},{"r":"208","t":"18:42:46","h":"Ouest","s":"25N-H60NV20S-98-S"},{"r":"208","t":"18:42:46","h":"Ouest","s":"25S-H60S000S-80-S"},{"r":"208","t":"18:55:46","h":"Ouest","s":"25N-H60N000A-80-A"},{"r":"208","t":"18:55:46","h":"Ouest","s":"25N-H60NV10A-80-A"},{"r":"208","t":"18:55:46","h":"Ouest","s":"25N-H60NV20A-80-A"},{"r":"208","t":"18:55:46","h":"Ouest","s":"25S-H60S000A-80-A"},{"r":"208","t":"19:07:12","h":"Ouest","s":"25N-H60N000I-80-I"},{"r":"208","t":"19:07:12","h":"Ouest","s":"25N-H60N100F-81-F1"},{"r":"208","t":"19:07:12","h":"Ouest","s":"25N-H60N200F-81-F2"},{"r":"208","t":"19:07:12","h":"Ouest","s":"25N-H60N300F-82-F3"},{"r":"208","t":"19:07:12","h":"Ouest","s":"25N-H60N400F-81-F4"},{"r":"208","t":"19:07:12","h":"Ouest","s":"25N-H60NV10I-80-I"},{"r":"208","t":"19:07:12","h":"Ouest","s":"25N-H60NV20I-80-I"},{"r":"208","t":"19:07:12","h":"Ouest","s":"25S-H60S000I-80-I"},{"r":"208","t":"19:07:12","h":"Ouest","s":"25S-H60S100F-82-F1"},{"r":"208","t":"19:07:12","h":"Ouest","s":"25S-H60S200F-81-F2"},{"r":"208","t":"19:09:46","h":"Ouest","s":"25N-H60N000S-80-S"},{"r":"208","t":"19:09:46","h":"Ouest","s":"25N-H60N000S-98-S"},{"r":"208","t":"19:09:46","h":"Ouest","s":"25N-H60NV10S-98-S"},{"r":"208","t":"19:09:46","h":"Ouest","s":"25N-H60NV20S-98-S"},{"r":"208","t":"19:09:46","h":"Ouest","s":"25S-H60S000S-80-S"},{"r":"208","t":"19:27:46","h":"Ouest","s":"25N-H60N000A-80-A"},{"r":"208","t":"19:27:46","h":"Ouest","s":"25N-H60NV10A-80-A"},{"r":"208","t":"19:27:46","h":"Ouest","s":"25N-H60NV20A-80-A"},{"r":"208","t":"19:27:46","h":"Ouest","s":"25S-H60S000A-80-A"},{"r":"208","t":"19:36:46","h":"Ouest","s":"25N-H60N000S-80-S"},{"r":"208","t":"19:36:46","h":"Ouest","s":"25N-H60N000S-98-S"},{"r":"208","t":"19:36:46","h":"Ouest","s":"25N-H60NV10S-98-S"},{"r":"208","t":"19:36:46","h":"Ouest","s":"25N-H60NV20S-98-S"},{"r":"208","t":"19:36:46","h":"Ouest","s":"25S-H60S000S-80-S"},{"r":"208","t":"19:37:12","h":"Ouest","s":"25N-H60N000I-80-I"},{"r":"208","t":"19:37:12","h":"Ouest","s":"25N-H60N100F-81-F1"},{"r":"208","t":"19:37:12","h":"Ouest","s":"25N-H60N200F-81-F2"},{"r":"208","t":"19:37:12","h":"Ouest","s":"25N-H60N300F-82-F3"},{"r":"208","t":"19:37:12","h":"Ouest","s":"25N-H60N400F-81-F4"},{"r":"208","t":"19:37:12","h":"Ouest","s":"25N-H60NV10I-80-I"},{"r":"208","t":"19:37:12","h":"Ouest","s":"25N-H60NV20I-80-I"},{"r":"208","t":"19:37:12","h":"Ouest","s":"25S-H60S000I-80-I"},{"r":"208","t":"19:37:12","h":"Ouest","s":"25S-H60S100F-82-F1"},{"r":"208","t":"19:37:12","h":"Ouest","s":"25S-H60S200F-81-F2"},{"r":"208","t":"19:57:12","h":"Ouest","s":"25N-H60N000A-80-A"},{"r":"208","t":"19:57:12","h":"Ouest","s":"25N-H60NV10A-80-A"},{"r":"208","t":"19:57:12","h":"Ouest","s":"25N-H60NV20A-80-A"},{"r":"208","t":"19:57:12","h":"Ouest","s":"25S-H60S000A-80-A"},{"r":"208","t":"20:03:46","h":"Ouest","s":"25N-H60N000S-80-S"},{"r":"208","t":"20:03:46","h":"Ouest","s":"25N-H60N000S-98-S"},{"r":"208","t":"20:03:46","h":"Ouest","s":"25N-H60NV10S-98-S"},{"r":"208","t":"20:03:46","h":"Ouest","s":"25N-H60NV20S-98-S"},{"r":"208","t":"20:03:46","h":"Ouest","s":"25S-H60S000S-80-S"},{"r":"208","t":"20:08:12","h":"Ouest","s":"25N-H60N000I-80-I"},{"r":"208","t":"20:08:12","h":"Ouest","s":"25N-H60N100F-81-F1"},{"r":"208","t":"20:08:12","h":"Ouest","s":"25N-H60N200F-81-F2"},{"r":"208","t":"20:08:12","h":"Ouest","s":"25N-H60N300F-82-F3"},{"r":"208","t":"20:08:12","h":"Ouest","s":"25N-H60N400F-81-F4"},{"r":"208","t":"20:08:12","h":"Ouest","s":"25N-H60NV10I-80-I"},{"r":"208","t":"20:08:12","h":"Ouest","s":"25N-H60NV20I-80-I"},{"r":"208","t":"20:08:12","h":"Ouest","s":"25S-H60S000I-80-I"},{"r":"208","t":"20:08:12","h":"Ouest","s":"25S-H60S100F-82-F1"},{"r":"208","t":"20:08:12","h":"Ouest","s":"25S-H60S200F-81-F2"},{"r":"208","t":"20:27:12","h":"Ouest","s":"25N-H60N000A-80-A"},{"r":"208","t":"20:27:12","h":"Ouest","s":"25N-H60NV10A-80-A"},{"r":"208","t":"20:27:12","h":"Ouest","s":"25N-H60NV20A-80-A"},{"r":"208","t":"20:27:12","h":"Ouest","s":"25S-H60S000A-80-A"},{"r":"208","t":"20:27:46","h":"Ouest","s":"25N-H60N000S-80-S"},{"r":"208","t":"20:27:46","h":"Ouest","s":"25N-H60N000S-98-S"},{"r":"208","t":"20:27:46","h":"Ouest","s":"25N-H60NV10S-98-S"},{"r":"208","t":"20:27:46","h":"Ouest","s":"25N-H60NV20S-98-S"},{"r":"208","t":"20:27:46","h":"Ouest","s":"25S-H60S000S-80-S"},{"r":"208","t":"20:37:12","h":"Ouest","s":"25N-H60N000I-80-I"},{"r":"208","t":"20:37:12","h":"Ouest","s":"25N-H60N100F-81-F1"},{"r":"208","t":"20:37:12","h":"Ouest","s":"25N-H60N200F-81-F2"},{"r":"208","t":"20:37:12","h":"Ouest","s":"25N-H60N300F-82-F3"},{"r":"208","t":"20:37:12","h":"Ouest","s":"25N-H60N400F-81-F4"},{"r":"208","t":"20:37:12","h":"Ouest","s":"25N-H60NV10I-80-I"},{"r":"208","t":"20:37:12","h":"Ouest","s":"25N-H60NV20I-80-I"},{"r":"208","t":"20:37:12","h":"Ouest","s":"25S-H60S000I-80-I"},{"r":"208","t":"20:37:12","h":"Ouest","s":"25S-H60S100F-82-F1"},{"r":"208","t":"20:37:12","h":"Ouest","s":"25S-H60S200F-81-F2"},{"r":"208","t":"20:56:12","h":"Ouest","s":"25N-H60N000A-80-A"},{"r":"208","t":"20:56:12","h":"Ouest","s":"25N-H60NV10A-80-A"},{"r":"208","t":"20:56:12","h":"Ouest","s":"25N-H60NV20A-80-A"},{"r":"208","t":"20:56:12","h":"Ouest","s":"25S-H60S000A-80-A"},{"r":"208","t":"20:57:46","h":"Ouest","s":"25N-H60N000S-80-S"},{"r":"208","t":"20:57:46","h":"Ouest","s":"25N-H60N000S-98-S"},{"r":"208","t":"20:57:46","h":"Ouest","s":"25N-H60NV10S-98-S"},{"r":"208","t":"20:57:46","h":"Ouest","s":"25N-H60NV20S-98-S"},{"r":"208","t":"20:57:46","h":"Ouest","s":"25S-H60S000S-80-S"},{"r":"208","t":"21:05:12","h":"Ouest","s":"25N-H60N000I-80-I"},{"r":"208","t":"21:05:12","h":"Ouest","s":"25N-H60N100F-81-F1"},{"r":"208","t":"21:05:12","h":"Ouest","s":"25N-H60N200F-81-F2"},{"r":"208","t":"21:05:12","h":"Ouest","s":"25N-H60N300F-82-F3"},{"r":"208","t":"21:05:12","h":"Ouest","s":"25N-H60N400F-81-F4"},{"r":"208","t":"21:05:12","h":"Ouest","s":"25N-H60NV10I-80-I"},{"r":"208","t":"21:05:12","h":"Ouest","s":"25N-H60NV20I-80-I"},{"r":"208","t":"21:05:12","h":"Ouest","s":"25S-H60S000I-80-I"},{"r":"208","t":"21:05:12","h":"Ouest","s":"25S-H60S100F-82-F1"},{"r":"208","t":"21:05:12","h":"Ouest","s":"25S-H60S200F-81-F2"},{"r":"208","t":"21:25:12","h":"Ouest","s":"25N-H60N000A-80-A"},{"r":"208","t":"21:25:12","h":"Ouest","s":"25N-H60NV10A-80-A"},{"r":"208","t":"21:25:12","h":"Ouest","s":"25N-H60NV20A-80-A"},{"r":"208","t":"21:25:12","h":"Ouest","s":"25S-H60S000A-80-A"},{"r":"208","t":"21:27:46","h":"Ouest","s":"25N-H60N000S-80-S"},{"r":"208","t":"21:27:46","h":"Ouest","s":"25N-H60N000S-98-S"},{"r":"208","t":"21:27:46","h":"Ouest","s":"25N-H60NV10S-98-S"},{"r":"208","t":"21:27:46","h":"Ouest","s":"25N-H60NV20S-98-S"},{"r":"208","t":"21:27:46","h":"Ouest","s":"25S-H60S000S-80-S"},{"r":"208","t":"21:36:12","h":"Ouest","s":"25N-H60N000I-80-I"},{"r":"208","t":"21:36:12","h":"Ouest","s":"25N-H60N100F-81-F1"},{"r":"208","t":"21:36:12","h":"Ouest","s":"25N-H60N200F-81-F2"},{"r":"208","t":"21:36:12","h":"Ouest","s":"25N-H60N300F-82-F3"},{"r":"208","t":"21:36:12","h":"Ouest","s":"25N-H60N400F-81-F4"},{"r":"208","t":"21:36:12","h":"Ouest","s":"25N-H60NV10I-80-I"},{"r":"208","t":"21:36:12","h":"Ouest","s":"25N-H60NV20I-80-I"},{"r":"208","t":"21:36:12","h":"Ouest","s":"25S-H60S000I-80-I"},{"r":"208","t":"21:36:12","h":"Ouest","s":"25S-H60S100F-82-F1"},{"r":"208","t":"21:36:12","h":"Ouest","s":"25S-H60S200F-81-F2"},{"r":"208","t":"21:53:12","h":"Ouest","s":"25N-H60N000A-80-A"},{"r":"208","t":"21:53:12","h":"Ouest","s":"25N-H60NV10A-80-A"},{"r":"208","t":"21:53:12","h":"Ouest","s":"25N-H60NV20A-80-A"},{"r":"208","t":"21:53:12","h":"Ouest","s":"25S-H60S000A-80-A"},{"r":"208","t":"21:57:46","h":"Ouest","s":"25N-H60N000S-80-S"},{"r":"208","t":"21:57:46","h":"Ouest","s":"25N-H60N000S-98-S"},{"r":"208","t":"21:57:46","h":"Ouest","s":"25N-H60NV10S-98-S"},{"r":"208","t":"21:57:46","h":"Ouest","s":"25N-H60NV20S-98-S"},{"r":"208","t":"21:57:46","h":"Ouest","s":"25S-H60S000S-80-S"},{"r":"208","t":"22:04:12","h":"Ouest","s":"25N-H60N000I-80-I"},{"r":"208","t":"22:04:12","h":"Ouest","s":"25N-H60N100F-81-F1"},{"r":"208","t":"22:04:12","h":"Ouest","s":"25N-H60N200F-81-F2"},{"r":"208","t":"22:04:12","h":"Ouest","s":"25N-H60N300F-82-F3"},{"r":"208","t":"22:04:12","h":"Ouest","s":"25N-H60N400F-81-F4"},{"r":"208","t":"22:04:12","h":"Ouest","s":"25N-H60NV10I-80-I"},{"r":"208","t":"22:04:12","h":"Ouest","s":"25N-H60NV20I-80-I"},{"r":"208","t":"22:04:12","h":"Ouest","s":"25S-H60S000I-80-I"},{"r":"208","t":"22:04:12","h":"Ouest","s":"25S-H60S100F-82-F1"},{"r":"208","t":"22:04:12","h":"Ouest","s":"25S-H60S200F-81-F2"},{"r":"208","t":"22:22:12","h":"Ouest","s":"25N-H60N000A-80-A"},{"r":"208","t":"22:22:12","h":"Ouest","s":"25N-H60NV10A-80-A"},{"r":"208","t":"22:22:12","h":"Ouest","s":"25N-H60NV20A-80-A"},{"r":"208","t":"22:22:12","h":"Ouest","s":"25S-H60S000A-80-A"},{"r":"208","t":"22:28:46","h":"Ouest","s":"25N-H60N000S-80-S"},{"r":"208","t":"22:28:46","h":"Ouest","s":"25N-H60N000S-98-S"},{"r":"208","t":"22:28:46","h":"Ouest","s":"25N-H60NV10S-98-S"},{"r":"208","t":"22:28:46","h":"Ouest","s":"25N-H60NV20S-98-S"},{"r":"208","t":"22:28:46","h":"Ouest","s":"25S-H60S000S-80-S"},{"r":"208","t":"22:32:12","h":"Ouest","s":"25N-H60N000I-80-I"},{"r":"208","t":"22:32:12","h":"Ouest","s":"25N-H60N100F-81-F1"},{"r":"208","t":"22:32:12","h":"Ouest","s":"25N-H60N200F-81-F2"},{"r":"208","t":"22:32:12","h":"Ouest","s":"25N-H60N300F-82-F3"},{"r":"208","t":"22:32:12","h":"Ouest","s":"25N-H60N400F-81-F4"},{"r":"208","t":"22:32:12","h":"Ouest","s":"25N-H60NV10I-80-I"},{"r":"208","t":"22:32:12","h":"Ouest","s":"25N-H60NV20I-80-I"},{"r":"208","t":"22:32:12","h":"Ouest","s":"25S-H60S000I-80-I"},{"r":"208","t":"22:32:12","h":"Ouest","s":"25S-H60S100F-82-F1"},{"r":"208","t":"22:32:12","h":"Ouest","s":"25S-H60S200F-81-F2"},{"r":"208","t":"22:51:12","h":"Ouest","s":"25N-H60N000A-80-A"},{"r":"208","t":"22:51:12","h":"Ouest","s":"25N-H60NV10A-80-A"},{"r":"208","t":"22:51:12","h":"Ouest","s":"25N-H60NV20A-80-A"},{"r":"208","t":"22:51:12","h":"Ouest","s":"25S-H60S000A-80-A"},{"r":"208","t":"22:59:46","h":"Ouest","s":"25N-H60N000S-80-S"},{"r":"208","t":"22:59:46","h":"Ouest","s":"25N-H60N000S-98-S"},{"r":"208","t":"22:59:46","h":"Ouest","s":"25N-H60NV10S-98-S"},{"r":"208","t":"22:59:46","h":"Ouest","s":"25N-H60NV20S-98-S"},{"r":"208","t":"22:59:46","h":"Ouest","s":"25S-H60S000S-80-S"},{"r":"208","t":"23:03:12","h":"Ouest","s":"25N-H60N000I-80-I"},{"r":"208","t":"23:03:12","h":"Ouest","s":"25N-H60N100F-81-F1"},{"r":"208","t":"23:03:12","h":"Ouest","s":"25N-H60N200F-81-F2"},{"r":"208","t":"23:03:12","h":"Ouest","s":"25N-H60N300F-82-F3"},{"r":"208","t":"23:03:12","h":"Ouest","s":"25N-H60N400F-81-F4"},{"r":"208","t":"23:03:12","h":"Ouest","s":"25N-H60NV10I-80-I"},{"r":"208","t":"23:03:12","h":"Ouest","s":"25N-H60NV20I-80-I"},{"r":"208","t":"23:03:12","h":"Ouest","s":"25S-H60S000I-80-I"},{"r":"208","t":"23:03:12","h":"Ouest","s":"25S-H60S100F-82-F1"},{"r":"208","t":"23:03:12","h":"Ouest","s":"25S-H60S200F-81-F2"},{"r":"208","t":"23:20:12","h":"Ouest","s":"25N-H60N000A-80-A"},{"r":"208","t":"23:20:12","h":"Ouest","s":"25N-H60NV10A-80-A"},{"r":"208","t":"23:20:12","h":"Ouest","s":"25N-H60NV20A-80-A"},{"r":"208","t":"23:20:12","h":"Ouest","s":"25S-H60S000A-80-A"},{"r":"208","t":"23:31:12","h":"Ouest","s":"25N-H60N000I-80-I"},{"r":"208","t":"23:31:12","h":"Ouest","s":"25N-H60N100F-81-F1"},{"r":"208","t":"23:31:12","h":"Ouest","s":"25N-H60N200F-81-F2"},{"r":"208","t":"23:31:12","h":"Ouest","s":"25N-H60N300F-82-F3"},{"r":"208","t":"23:31:12","h":"Ouest","s":"25N-H60N400F-81-F4"},{"r":"208","t":"23:31:12","h":"Ouest","s":"25N-H60NV10I-80-I"},{"r":"208","t":"23:31:12","h":"Ouest","s":"25N-H60NV20I-80-I"},{"r":"208","t":"23:31:12","h":"Ouest","s":"25S-H60S000I-80-I"},{"r":"208","t":"23:31:12","h":"Ouest","s":"25S-H60S100F-82-F1"},{"r":"208","t":"23:31:12","h":"Ouest","s":"25S-H60S200F-81-F2"},{"r":"208","t":"23:32:46","h":"Ouest","s":"25N-H60N000S-80-S"},{"r":"208","t":"23:32:46","h":"Ouest","s":"25N-H60N000S-98-S"},{"r":"208","t":"23:32:46","h":"Ouest","s":"25N-H60NV10S-98-S"},{"r":"208","t":"23:32:46","h":"Ouest","s":"25N-H60NV20S-98-S"},{"r":"208","t":"23:32:46","h":"Ouest","s":"25S-H60S000S-80-S"},{"r":"208","t":"23:49:12","h":"Ouest","s":"25N-H60N000A-80-A"},{"r":"208","t":"23:49:12","h":"Ouest","s":"25N-H60NV10A-80-A"},{"r":"208","t":"23:49:12","h":"Ouest","s":"25N-H60NV20A-80-A"},{"r":"208","t":"23:49:12","h":"Ouest","s":"25S-H60S000A-80-A"},{"r":"208","t":"23:58:12","h":"Ouest","s":"25N-H60N000I-80-I"},{"r":"208","t":"23:58:12","h":"Ouest","s":"25N-H60N100F-81-F1"},{"r":"208","t":"23:58:12","h":"Ouest","s":"25N-H60N200F-81-F2"},{"r":"208","t":"23:58:12","h":"Ouest","s":"25N-H60N300F-82-F3"},{"r":"208","t":"23:58:12","h":"Ouest","s":"25N-H60N400F-81-F4"},{"r":"208","t":"23:58:12","h":"Ouest","s":"25N-H60NV10I-80-I"},{"r":"208","t":"23:58:12","h":"Ouest","s":"25N-H60NV20I-80-I"},{"r":"208","t":"23:58:12","h":"Ouest","s":"25S-H60S000I-80-I"},{"r":"208","t":"23:58:12","h":"Ouest","s":"25S-H60S100F-82-F1"},{"r":"208","t":"23:58:12","h":"Ouest","s":"25S-H60S200F-81-F2"},{"r":"208","t":"24:15:12","h":"Ouest","s":"25N-H60N000S-80-S"},{"r":"208","t":"24:15:12","h":"Ouest","s":"25N-H60N000S-98-S"},{"r":"208","t":"24:15:12","h":"Ouest","s":"25N-H60NV10S-98-S"},{"r":"208","t":"24:15:12","h":"Ouest","s":"25N-H60NV20S-98-S"},{"r":"208","t":"24:15:12","h":"Ouest","s":"25S-H60S000S-80-S"},{"r":"208","t":"24:17:12","h":"Ouest","s":"25N-H60N000A-80-A"},{"r":"208","t":"24:17:12","h":"Ouest","s":"25N-H60NV10A-80-A"},{"r":"208","t":"24:17:12","h":"Ouest","s":"25N-H60NV20A-80-A"},{"r":"208","t":"24:17:12","h":"Ouest","s":"25S-H60S000A-80-A"},{"r":"208","t":"24:27:12","h":"Ouest","s":"25N-H60N000I-80-I"},{"r":"208","t":"24:27:12","h":"Ouest","s":"25N-H60N100F-81-F1"},{"r":"208","t":"24:27:12","h":"Ouest","s":"25N-H60N200F-81-F2"},{"r":"208","t":"24:27:12","h":"Ouest","s":"25N-H60N300F-82-F3"},{"r":"208","t":"24:27:12","h":"Ouest","s":"25N-H60N400F-81-F4"},{"r":"208","t":"24:27:12","h":"Ouest","s":"25N-H60NV10I-80-I"},{"r":"208","t":"24:27:12","h":"Ouest","s":"25N-H60NV20I-80-I"},{"r":"208","t":"24:27:12","h":"Ouest","s":"25S-H60S000I-80-I"},{"r":"208","t":"24:27:12","h":"Ouest","s":"25S-H60S100F-82-F1"},{"r":"208","t":"24:27:12","h":"Ouest","s":"25S-H60S200F-81-F2"}]