[{"r":"43","t":"04:43:19","h":"Ouest","s":"25N-H54N000S-80-S"},{"r":"43","t":"04:43:19","h":"Ouest","s":"25N-H54NV10S-82-S"},{"r":"43","t":"04:43:19","h":"Ouest","s":"25N-H54NV20S-80-S"},{"r":"43","t":"04:43:19","h":"Ouest","s":"25S-H54S000S-82-S"},{"r":"43","t":"05:02:19","h":"Ouest","s":"25N-H54N000S-80-S"},{"r":"43","t":"05:02:19","h":"Ouest","s":"25N-H54NV10S-82-S"},{"r":"43","t":"05:02:19","h":"Ouest","s":"25N-H54NV20S-80-S"},{"r":"43","t":"05:02:19","h":"Ouest","s":"25S-H54S000S-82-S"},{"r":"43","t":"05:17:19","h":"Ouest","s":"25N-H54N000A-80-A"},{"r":"43","t":"05:17:19","h":"Ouest","s":"25N-H54NV10A-80-A"},{"r":"43","t":"05:17:19","h":"Ouest","s":"25N-H54NV20A-80-A"},{"r":"43","t":"05:17:19","h":"Ouest","s":"25S-H54S000A-83-A"},{"r":"43","t":"05:28:19","h":"Ouest","s":"25N-H54N000S-80-S"},{"r":"43","t":"05:28:19","h":"Ouest","s":"25N-H54NV10S-82-S"},{"r":"43","t":"05:28:19","h":"Ouest","s":"25N-H54NV20S-80-S"},{"r":"43","t":"05:28:19","h":"Ouest","s":"25S-H54S000S-82-S"},{"r":"86","t":"05:45:47","h":"Est","s":"25N-H54N000S-80-S"},{"r":"86","t":"05:45:47","h":"Est","s":"25N-H54NV10S-82-S"},{"r":"86","t":"05:45:47","h":"Est","s":"25N-H54NV20S-80-S"},{"r":"86","t":"05:45:47","h":"Est","s":"25S-H54S000S-82-S"},{"r":"43","t":"05:49:19","h":"Ouest","s":"25N-H54N000A-80-A"},{"r":"43","t":"05:49:19","h":"Ouest","s":"25N-H54NV10A-80-A"},{"r":"43","t":"05:49:19","h":"Ouest","s":"25N-H54NV20A-80-A"},{"r":"43","t":"05:49:19","h":"Ouest","s":"25S-H54S000A-83-A"},{"r":"43","t":"05:51:19","h":"Ouest","s":"25N-H54N000I-80-I"},{"r":"43","t":"05:51:19","h":"Ouest","s":"25N-H54N100F-80-F1"},{"r":"43","t":"05:51:19","h":"Ouest","s":"25N-H54N200F-80-F2"},{"r":"43","t":"05:51:19","h":"Ouest","s":"25N-H54N300F-80-F3"},{"r":"43","t":"05:51:19","h":"Ouest","s":"25N-H54N400F-80-F4"},{"r":"43","t":"05:51:19","h":"Ouest","s":"25N-H54NV10I-80-I"},{"r":"43","t":"05:51:19","h":"Ouest","s":"25N-H54NV20I-80-I"},{"r":"43","t":"05:51:19","h":"Ouest","s":"25S-H54S000I-82-I"},{"r":"43","t":"05:51:19","h":"Ouest","s":"25S-H54S100F-80-F1"},{"r":"43","t":"05:51:19","h":"Ouest","s":"25S-H54S200F-80-F2"},{"r":"43","t":"05:54:19","h":"Ouest","s":"25N-H54N000S-80-S"},{"r":"43","t":"05:54:19","h":"Ouest","s":"25N-H54NV10S-82-S"},{"r":"43","t":"05:54:19","h":"Ouest","s":"25N-H54NV20S-80-S"},{"r":"43","t":"05:54:19","h":"Ouest","s":"25S-H54S000S-82-S"},{"r":"86","t":"05:55:35","h":"Est","s":"25N-H54N000A-80-A"},{"r":"86","t":"05:55:35","h":"Est","s":"25N-H54NV10A-80-A"},{"r":"86","t":"05:55:35","h":"Est","s":"25N-H54NV20A-80-A"},{"r":"86","t":"05:55:35","h":"Est","s":"25S-H54S000A-83-A"},{"r":"86","t":"05:57:35","h":"Est","s":"25N-H54N000I-80-I"},{"r":"86","t":"05:57:35","h":"Est","s":"25N-H54N100F-80-F1"},{"r":"86","t":"05:57:35","h":"Est","s":"25N-H54N200F-80-F2"},{"r":"86","t":"05:57:35","h":"Est","s":"25N-H54N300F-80-F3"},{"r":"86","t":"05:57:35","h":"Est","s":"25N-H54N400F-80-F4"},{"r":"86","t":"05:57:35","h":"Est","s":"25N-H54NV10I-80-I"},{"r":"86","t":"05:57:35","h":"Est","s":"25N-H54NV20I-80-I"},{"r":"86","t":"05:57:35","h":"Est","s":"25S-H54S000I-82-I"},{"r":"86","t":"05:57:35","h":"Est","s":"25S-H54S100F-80-F1"},{"r":"86","t":"05:57:35","h":"Est","s":"25S-H54S200F-80-F2"},{"r":"86","t":"06:12:47","h":"Est","s":"25N-H54N000S-80-S"},{"r":"86","t":"06:12:47","h":"Est","s":"25N-H54NV10S-82-S"},{"r":"86","t":"06:12:47","h":"Est","s":"25N-H54NV20S-80-S"},{"r":"86","t":"06:12:47","h":"Est","s":"25S-H54S000S-82-S"},{"r":"43","t":"06:21:25","h":"Ouest","s":"25N-H54N000S-80-S"},{"r":"43","t":"06:21:25","h":"Ouest","s":"25N-H54NV10S-82-S"},{"r":"43","t":"06:21:25","h":"Ouest","s":"25N-H54NV20S-80-S"},{"r":"43","t":"06:21:25","h":"Ouest","s":"25S-H54S000S-82-S"},{"r":"43","t":"06:22:19","h":"Ouest","s":"25N-H54N000A-80-A"},{"r":"43","t":"06:22:19","h":"Ouest","s":"25N-H54NV10A-80-A"},{"r":"43","t":"06:22:19","h":"Ouest","s":"25N-H54NV20A-80-A"},{"r":"43","t":"06:22:19","h":"Ouest","s":"25S-H54S000A-83-A"},{"r":"43","t":"06:26:19","h":"Ouest","s":"25N-H54N000I-80-I"},{"r":"43","t":"06:26:19","h":"Ouest","s":"25N-H54N100F-80-F1"},{"r":"43","t":"06:26:19","h":"Ouest","s":"25N-H54N200F-80-F2"},{"r":"43","t":"06:26:19","h":"Ouest","s":"25N-H54N300F-80-F3"},{"r":"43","t":"06:26:19","h":"Ouest","s":"25N-H54N400F-80-F4"},{"r":"43","t":"06:26:19","h":"Ouest","s":"25N-H54NV10I-80-I"},{"r":"43","t":"06:26:19","h":"Ouest","s":"25N-H54NV20I-80-I"},{"r":"43","t":"06:26:19","h":"Ouest","s":"25S-H54S000I-82-I"},{"r":"43","t":"06:26:19","h":"Ouest","s":"25S-H54S100F-80-F1"},{"r":"43","t":"06:26:19","h":"Ouest","s":"25S-H54S200F-80-F2"},{"r":"86","t":"06:27:35","h":"Est","s":"25N-H54N000I-80-I"},{"r":"86","t":"06:27:35","h":"Est","s":"25N-H54N100F-80-F1"},{"r":"86","t":"06:27:35","h":"Est","s":"25N-H54N200F-80-F2"},{"r":"86","t":"06:27:35","h":"Est","s":"25N-H54N300F-80-F3"},{"r":"86","t":"06:27:35","h":"Est","s":"25N-H54N400F-80-F4"},{"r":"86","t":"06:27:35","h":"Est","s":"25N-H54NV10I-80-I"},{"r":"86","t":"06:27:35","h":"Est","s":"25N-H54NV20I-80-I"},{"r":"86","t":"06:27:35","h":"Est","s":"25S-H54S000I-82-I"},{"r":"86","t":"06:27:35","h":"Est","s":"25S-H54S100F-80-F1"},{"r":"86","t":"06:27:35","h":"Est","s":"25S-H54S200F-80-F2"},{"r":"86","t":"06:28:35","h":"Est","s":"25N-H54N000A-80-A"},{"r":"86","t":"06:28:35","h":"Est","s":"25N-H54NV10A-80-A"},{"r":"86","t":"06:28:35","h":"Est","s":"25N-H54NV20A-80-A"},{"r":"86","t":"06:28:35","h":"Est","s":"25S-H54S000A-83-A"},{"r":"86","t":"06:40:47","h":"Est","s":"25N-H54N000S-80-S"},{"r":"86","t":"06:40:47","h":"Est","s":"25N-H54NV10S-82-S"},{"r":"86","t":"06:40:47","h":"Est","s":"25N-H54NV20S-80-S"},{"r":"86","t":"06:40:47","h":"Est","s":"25S-H54S000S-82-S"},{"r":"43","t":"06:53:25","h":"Ouest","s":"25N-H54N000S-80-S"},{"r":"43","t":"06:53:25","h":"Ouest","s":"25N-H54NV10S-82-S"},{"r":"43","t":"06:53:25","h":"Ouest","s":"25N-H54NV20S-80-S"},{"r":"43","t":"06:53:25","h":"Ouest","s":"25S-H54S000S-82-S"},{"r":"43","t":"06:55:19","h":"Ouest","s":"25N-H54N000A-80-A"},{"r":"43","t":"06:55:19","h":"Ouest","s":"25N-H54NV10A-80-A"},{"r":"43","t":"06:55:19","h":"Ouest","s":"25N-H54NV20A-80-A"},{"r":"43","t":"06:55:19","h":"Ouest","s":"25S-H54S000A-83-A"},{"r":"86","t":"06:58:35","h":"Est","s":"25N-H54N000I-80-I"},{"r":"86","t":"06:58:35","h":"Est","s":"25N-H54N100F-80-F1"},{"r":"86","t":"06:58:35","h":"Est","s":"25N-H54N200F-80-F2"},{"r":"86","t":"06:58:35","h":"Est","s":"25N-H54N300F-80-F3"},{"r":"86","t":"06:58:35","h":"Est","s":"25N-H54N400F-80-F4"},{"r":"86","t":"06:58:35","h":"Est","s":"25N-H54NV10I-80-I"},{"r":"86","t":"06:58:35","h":"Est","s":"25N-H54NV20I-80-I"},{"r":"86","t":"06:58:35","h":"Est","s":"25S-H54S000I-82-I"},{"r":"86","t":"06:58:35","h":"Est","s":"25S-H54S100F-80-F1"},{"r":"86","t":"06:58:35","h":"Est","s":"25S-H54S200F-80-F2"},{"r":"43","t":"07:01:19","h":"Ouest","s":"25N-H54N000I-80-I"},{"r":"43","t":"07:01:19","h":"Ouest","s":"25N-H54N100F-80-F1"},{"r":"43","t":"07:01:19","h":"Ouest","s":"25N-H54N200F-80-F2"},{"r":"43","t":"07:01:19","h":"Ouest","s":"25N-H54N300F-80-F3"},{"r":"43","t":"07:01:19","h":"Ouest","s":"25N-H54N400F-80-F4"},{"r":"43","t":"07:01:19","h":"Ouest","s":"25N-H54NV10I-80-I"},{"r":"43","t":"07:01:19","h":"Ouest","s":"25N-H54NV20I-80-I"},{"r":"43","t":"07:01:19","h":"Ouest","s":"25S-H54S000I-82-I"},{"r":"43","t":"07:01:19","h":"Ouest","s":"25S-H54S100F-80-F1"},{"r":"43","t":"07:01:19","h":"Ouest","s":"25S-H54S200F-80-F2"},{"r":"86","t":"07:01:35","h":"Est","s":"25N-H54N000A-80-A"},{"r":"86","t":"07:01:35","h":"Est","s":"25N-H54NV10A-80-A"},{"r":"86","t":"07:01:35","h":"Est","s":"25N-H54NV20A-80-A"},{"r":"86","t":"07:01:35","h":"Est","s":"25S-H54S000A-83-A"},{"r":"86","t":"07:12:47","h":"Est","s":"25N-H54N000S-80-S"},{"r":"86","t":"07:12:47","h":"Est","s":"25N-H54NV10S-82-S"},{"r":"86","t":"07:12:47","h":"Est","s":"25N-H54NV20S-80-S"},{"r":"86","t":"07:12:47","h":"Est","s":"25S-H54S000S-82-S"},{"r":"43","t":"07:27:25","h":"Ouest","s":"25N-H54N000S-80-S"},{"r":"43","t":"07:27:25","h":"Ouest","s":"25N-H54NV10S-82-S"},{"r":"43","t":"07:27:25","h":"Ouest","s":"25N-H54NV20S-80-S"},{"r":"43","t":"07:27:25","h":"Ouest","s":"25S-H54S000S-82-S"},{"r":"43","t":"07:28:19","h":"Ouest","s":"25N-H54N000A-80-A"},{"r":"43","t":"07:28:19","h":"Ouest","s":"25N-H54NV10A-80-A"},{"r":"43","t":"07:28:19","h":"Ouest","s":"25N-H54NV20A-80-A"},{"r":"43","t":"07:28:19","h":"Ouest","s":"25S-H54S000A-83-A"},{"r":"86","t":"07:30:35","h":"Est","s":"25N-H54N000I-80-I"},{"r":"86","t":"07:30:35","h":"Est","s":"25N-H54N100F-80-F1"},{"r":"86","t":"07:30:35","h":"Est","s":"25N-H54N200F-80-F2"},{"r":"86","t":"07:30:35","h":"Est","s":"25N-H54N300F-80-F3"},{"r":"86","t":"07:30:35","h":"Est","s":"25N-H54N400F-80-F4"},{"r":"86","t":"07:30:35","h":"Est","s":"25N-H54NV10I-80-I"},{"r":"86","t":"07:30:35","h":"Est","s":"25N-H54NV20I-80-I"},{"r":"86","t":"07:30:35","h":"Est","s":"25S-H54S000I-82-I"},{"r":"86","t":"07:30:35","h":"Est","s":"25S-H54S100F-80-F1"},{"r":"86","t":"07:30:35","h":"Est","s":"25S-H54S200F-80-F2"},{"r":"86","t":"07:34:35","h":"Est","s":"25N-H54N000A-80-A"},{"r":"86","t":"07:34:35","h":"Est","s":"25N-H54NV10A-80-A"},{"r":"86","t":"07:34:35","h":"Est","s":"25N-H54NV20A-80-A"},{"r":"86","t":"07:34:35","h":"Est","s":"25S-H54S000A-83-A"},{"r":"43","t":"07:35:19","h":"Ouest","s":"25N-H54N000I-80-I"},{"r":"43","t":"07:35:19","h":"Ouest","s":"25N-H54N100F-80-F1"},{"r":"43","t":"07:35:19","h":"Ouest","s":"25N-H54N200F-80-F2"},{"r":"43","t":"07:35:19","h":"Ouest","s":"25N-H54N300F-80-F3"},{"r":"43","t":"07:35:19","h":"Ouest","s":"25N-H54N400F-80-F4"},{"r":"43","t":"07:35:19","h":"Ouest","s":"25N-H54NV10I-80-I"},{"r":"43","t":"07:35:19","h":"Ouest","s":"25N-H54NV20I-80-I"},{"r":"43","t":"07:35:19","h":"Ouest","s":"25S-H54S000I-82-I"},{"r":"43","t":"07:35:19","h":"Ouest","s":"25S-H54S100F-80-F1"},{"r":"43","t":"07:35:19","h":"Ouest","s":"25S-H54S200F-80-F2"},{"r":"86","t":"07:44:47","h":"Est","s":"25N-H54N000S-80-S"},{"r":"86","t":"07:44:47","h":"Est","s":"25N-H54NV10S-82-S"},{"r":"86","t":"07:44:47","h":"Est","s":"25N-H54NV20S-80-S"},{"r":"86","t":"07:44:47","h":"Est","s":"25S-H54S000S-82-S"},{"r":"43","t":"08:01:19","h":"Ouest","s":"25N-H54N000A-80-A"},{"r":"43","t":"08:01:19","h":"Ouest","s":"25N-H54NV10A-80-A"},{"r":"43","t":"08:01:19","h":"Ouest","s":"25N-H54NV20A-80-A"},{"r":"43","t":"08:01:19","h":"Ouest","s":"25S-H54S000A-83-A"},{"r":"43","t":"08:01:25","h":"Ouest","s":"25N-H54N000S-80-S"},{"r":"43","t":"08:01:25","h":"Ouest","s":"25N-H54NV10S-82-S"},{"r":"43","t":"08:01:25","h":"Ouest","s":"25N-H54NV20S-80-S"},{"r":"43","t":"08:01:25","h":"Ouest","s":"25S-H54S000S-82-S"},{"r":"86","t":"08:02:35","h":"Est","s":"25N-H54N000I-80-I"},{"r":"86","t":"08:02:35","h":"Est","s":"25N-H54N100F-80-F1"},{"r":"86","t":"08:02:35","h":"Est","s":"25N-H54N200F-80-F2"},{"r":"86","t":"08:02:35","h":"Est","s":"25N-H54N300F-80-F3"},{"r":"86","t":"08:02:35","h":"Est","s":"25N-H54N400F-80-F4"},{"r":"86","t":"08:02:35","h":"Est","s":"25N-H54NV10I-80-I"},{"r":"86","t":"08:02:35","h":"Est","s":"25N-H54NV20I-80-I"},{"r":"86","t":"08:02:35","h":"Est","s":"25S-H54S000I-82-I"},{"r":"86","t":"08:02:35","h":"Est","s":"25S-H54S100F-80-F1"},{"r":"86","t":"08:02:35","h":"Est","s":"25S-H54S200F-80-F2"},{"r":"86","t":"08:07:47","h":"Est","s":"25N-H54N000A-80-A"},{"r":"86","t":"08:07:47","h":"Est","s":"25N-H54NV10A-80-A"},{"r":"86","t":"08:07:47","h":"Est","s":"25N-H54NV20A-80-A"},{"r":"86","t":"08:07:47","h":"Est","s":"25S-H54S000A-83-A"},{"r":"43","t":"08:09:19","h":"Ouest","s":"25N-H54N000I-80-I"},{"r":"43","t":"08:09:19","h":"Ouest","s":"25N-H54N100F-80-F1"},{"r":"43","t":"08:09:19","h":"Ouest","s":"25N-H54N200F-80-F2"},{"r":"43","t":"08:09:19","h":"Ouest","s":"25N-H54N300F-80-F3"},{"r":"43","t":"08:09:19","h":"Ouest","s":"25N-H54N400F-80-F4"},{"r":"43","t":"08:09:19","h":"Ouest","s":"25N-H54NV10I-80-I"},{"r":"43","t":"08:09:19","h":"Ouest","s":"25N-H54NV20I-80-I"},{"r":"43","t":"08:09:19","h":"Ouest","s":"25S-H54S000I-82-I"},{"r":"43","t":"08:09:19","h":"Ouest","s":"25S-H54S100F-80-F1"},{"r":"43","t":"08:09:19","h":"Ouest","s":"25S-H54S200F-80-F2"},{"r":"86","t":"08:17:47","h":"Est","s":"25N-H54N000S-80-S"},{"r":"86","t":"08:17:47","h":"Est","s":"25N-H54NV10S-82-S"},{"r":"86","t":"08:17:47","h":"Est","s":"25N-H54NV20S-80-S"},{"r":"86","t":"08:17:47","h":"Est","s":"25S-H54S000S-82-S"},{"r":"43","t":"08:33:19","h":"Ouest","s":"25N-H54N000A-80-A"},{"r":"43","t":"08:33:19","h":"Ouest","s":"25N-H54NV10A-80-A"},{"r":"43","t":"08:33:19","h":"Ouest","s":"25N-H54NV20A-80-A"},{"r":"43","t":"08:33:19","h":"Ouest","s":"25S-H54S000A-83-A"},{"r":"43","t":"08:34:25","h":"Ouest","s":"25N-H54N000S-80-S"},{"r":"43","t":"08:34:25","h":"Ouest","s":"25N-H54NV10S-82-S"},{"r":"43","t":"08:34:25","h":"Ouest","s":"25N-H54NV20S-80-S"},{"r":"43","t":"08:34:25","h":"Ouest","s":"25S-H54S000S-82-S"},{"r":"86","t":"08:34:35","h":"Est","s":"25N-H54N000I-80-I"},{"r":"86","t":"08:34:35","h":"Est","s":"25N-H54N100F-80-F1"},{"r":"86","t":"08:34:35","h":"Est","s":"25N-H54N200F-80-F2"},{"r":"86","t":"08:34:35","h":"Est","s":"25N-H54N300F-80-F3"},{"r":"86","t":"08:34:35","h":"Est","s":"25N-H54N400F-80-F4"},{"r":"86","t":"08:34:35","h":"Est","s":"25N-H54NV10I-80-I"},{"r":"86","t":"08:34:35","h":"Est","s":"25N-H54NV20I-80-I"},{"r":"86","t":"08:34:35","h":"Est","s":"25S-H54S000I-82-I"},{"r":"86","t":"08:34:35","h":"Est","s":"25S-H54S100F-80-F1"},{"r":"86","t":"08:34:35","h":"Est","s":"25S-H54S200F-80-F2"},{"r":"86","t":"08:40:47","h":"Est","s":"25N-H54N000A-80-A"},{"r":"86","t":"08:40:47","h":"Est","s":"25N-H54NV10A-80-A"},{"r":"86","t":"08:40:47","h":"Est","s":"25N-H54NV20A-80-A"},{"r":"86","t":"08:40:47","h":"Est","s":"25S-H54S000A-83-A"},{"r":"43","t":"08:43:19","h":"Ouest","s":"25N-H54N000I-80-I"},{"r":"43","t":"08:43:19","h":"Ouest","s":"25N-H54N100F-80-F1"},{"r":"43","t":"08:43:19","h":"Ouest","s":"25N-H54N200F-80-F2"},{"r":"43","t":"08:43:19","h":"Ouest","s":"25N-H54N300F-80-F3"},{"r":"43","t":"08:43:19","h":"Ouest","s":"25N-H54N400F-80-F4"},{"r":"43","t":"08:43:19","h":"Ouest","s":"25N-H54NV10I-80-I"},{"r":"43","t":"08:43:19","h":"Ouest","s":"25N-H54NV20I-80-I"},{"r":"43","t":"08:43:19","h":"Ouest","s":"25S-H54S000I-82-I"},{"r":"43","t":"08:43:19","h":"Ouest","s":"25S-H54S100F-80-F1"},{"r":"43","t":"08:43:19","h":"Ouest","s":"25S-H54S200F-80-F2"},{"r":"86","t":"08:48:47","h":"Est","s":"25N-H54N000S-80-S"},{"r":"86","t":"08:48:47","h":"Est","s":"25N-H54NV10S-82-S"},{"r":"86","t":"08:48:47","h":"Est","s":"25N-H54NV20S-80-S"},{"r":"86","t":"08:48:47","h":"Est","s":"25S-H54S000S-82-S"},{"r":"43","t":"09:05:19","h":"Ouest","s":"25N-H54N000A-80-A"},{"r":"43","t":"09:05:19","h":"Ouest","s":"25N-H54NV10A-80-A"},{"r":"43","t":"09:05:19","h":"Ouest","s":"25N-H54NV20A-80-A"},{"r":"43","t":"09:05:19","h":"Ouest","s":"25S-H54S000A-83-A"},{"r":"43","t":"09:06:25","h":"Ouest","s":"25N-H54N000S-80-S"},{"r":"43","t":"09:06:25","h":"Ouest","s":"25N-H54NV10S-82-S"},{"r":"43","t":"09:06:25","h":"Ouest","s":"25N-H54NV20S-80-S"},{"r":"43","t":"09:06:25","h":"Ouest","s":"25S-H54S000S-82-S"},{"r":"86","t":"09:06:35","h":"Est","s":"25N-H54N000I-80-I"},{"r":"86","t":"09:06:35","h":"Est","s":"25N-H54N100F-80-F1"},{"r":"86","t":"09:06:35","h":"Est","s":"25N-H54N200F-80-F2"},{"r":"86","t":"09:06:35","h":"Est","s":"25N-H54N300F-80-F3"},{"r":"86","t":"09:06:35","h":"Est","s":"25N-H54N400F-80-F4"},{"r":"86","t":"09:06:35","h":"Est","s":"25N-H54NV10I-80-I"},{"r":"86","t":"09:06:35","h":"Est","s":"25N-H54NV20I-80-I"},{"r":"86","t":"09:06:35","h":"Est","s":"25S-H54S000I-82-I"},{"r":"86","t":"09:06:35","h":"Est","s":"25S-H54S100F-80-F1"},{"r":"86","t":"09:06:35","h":"Est","s":"25S-H54S200F-80-F2"},{"r":"86","t":"09:12:47","h":"Est","s":"25N-H54N000A-80-A"},{"r":"86","t":"09:12:47","h":"Est","s":"25N-H54NV10A-80-A"},{"r":"86","t":"09:12:47","h":"Est","s":"25N-H54NV20A-80-A"},{"r":"86","t":"09:12:47","h":"Est","s":"25S-H54S000A-83-A"},{"r":"43","t":"09:17:19","h":"Ouest","s":"25N-H54N000I-80-I"},{"r":"43","t":"09:17:19","h":"Ouest","s":"25N-H54N100F-80-F1"},{"r":"43","t":"09:17:19","h":"Ouest","s":"25N-H54N200F-80-F2"},{"r":"43","t":"09:17:19","h":"Ouest","s":"25N-H54N300F-80-F3"},{"r":"43","t":"09:17:19","h":"Ouest","s":"25N-H54N400F-80-F4"},{"r":"43","t":"09:17:19","h":"Ouest","s":"25N-H54NV10I-80-I"},{"r":"43","t":"09:17:19","h":"Ouest","s":"25N-H54NV20I-80-I"},{"r":"43","t":"09:17:19","h":"Ouest","s":"25S-H54S000I-82-I"},{"r":"43","t":"09:17:19","h":"Ouest","s":"25S-H54S100F-80-F1"},{"r":"43","t":"09:17:19","h":"Ouest","s":"25S-H54S200F-80-F2"},{"r":"86","t":"09:17:35","h":"Est","s":"25N-H54N000S-80-S"},{"r":"86","t":"09:17:35","h":"Est","s":"25N-H54NV10S-82-S"},{"r":"86","t":"09:17:35","h":"Est","s":"25N-H54NV20S-80-S"},{"r":"86","t":"09:17:35","h":"Est","s":"25S-H54S000S-82-S"},{"r":"43","t":"09:37:19","h":"Ouest","s":"25N-H54N000A-80-A"},{"r":"43","t":"09:37:19","h":"Ouest","s":"25N-H54NV10A-80-A"},{"r":"43","t":"09:37:19","h":"Ouest","s":"25N-H54NV20A-80-A"},{"r":"43","t":"09:37:19","h":"Ouest","s":"25S-H54S000A-83-A"},{"r":"43","t":"09:38:25","h":"Ouest","s":"25N-H54N000S-80-S"},{"r":"43","t":"09:38:25","h":"Ouest","s":"25N-H54NV10S-82-S"},{"r":"43","t":"09:38:25","h":"Ouest","s":"25N-H54NV20S-80-S"},{"r":"43","t":"09:38:25","h":"Ouest","s":"25S-H54S000S-82-S"},{"r":"86","t":"09:38:35","h":"Est","s":"25N-H54N000I-80-I"},{"r":"86","t":"09:38:35","h":"Est","s":"25N-H54N100F-80-F1"},{"r":"86","t":"09:38:35","h":"Est","s":"25N-H54N200F-80-F2"},{"r":"86","t":"09:38:35","h":"Est","s":"25N-H54N300F-80-F3"},{"r":"86","t":"09:38:35","h":"Est","s":"25N-H54N400F-80-F4"},{"r":"86","t":"09:38:35","h":"Est","s":"25N-H54NV10I-80-I"},{"r":"86","t":"09:38:35","h":"Est","s":"25N-H54NV20I-80-I"},{"r":"86","t":"09:38:35","h":"Est","s":"25S-H54S000I-82-I"},{"r":"86","t":"09:38:35","h":"Est","s":"25S-H54S100F-80-F1"},{"r":"86","t":"09:38:35","h":"Est","s":"25S-H54S200F-80-F2"},{"r":"86","t":"09:44:47","h":"Est","s":"25N-H54N000A-80-A"},{"r":"86","t":"09:44:47","h":"Est","s":"25N-H54NV10A-80-A"},{"r":"86","t":"09:44:47","h":"Est","s":"25N-H54NV20A-80-A"},{"r":"86","t":"09:44:47","h":"Est","s":"25S-H54S000A-83-A"},{"r":"86","t":"09:47:35","h":"Est","s":"25N-H54N000S-80-S"},{"r":"86","t":"09:47:35","h":"Est","s":"25N-H54NV10S-82-S"},{"r":"86","t":"09:47:35","h":"Est","s":"25N-H54NV20S-80-S"},{"r":"86","t":"09:47:35","h":"Est","s":"25S-H54S000S-82-S"},{"r":"43","t":"09:51:19","h":"Ouest","s":"25N-H54N000I-80-I"},{"r":"43","t":"09:51:19","h":"Ouest","s":"25N-H54N100F-80-F1"},{"r":"43","t":"09:51:19","h":"Ouest","s":"25N-H54N200F-80-F2"},{"r":"43","t":"09:51:19","h":"Ouest","s":"25N-H54N300F-80-F3"},{"r":"43","t":"09:51:19","h":"Ouest","s":"25N-H54N400F-80-F4"},{"r":"43","t":"09:51:19","h":"Ouest","s":"25N-H54NV10I-80-I"},{"r":"43","t":"09:51:19","h":"Ouest","s":"25N-H54NV20I-80-I"},{"r":"43","t":"09:51:19","h":"Ouest","s":"25S-H54S000I-82-I"},{"r":"43","t":"09:51:19","h":"Ouest","s":"25S-H54S100F-80-F1"},{"r":"43","t":"09:51:19","h":"Ouest","s":"25S-H54S200F-80-F2"},{"r":"43","t":"10:09:19","h":"Ouest","s":"25N-H54N000A-80-A"},{"r":"43","t":"10:09:19","h":"Ouest","s":"25N-H54NV10A-80-A"},{"r":"43","t":"10:09:19","h":"Ouest","s":"25N-H54NV20A-80-A"},{"r":"43","t":"10:09:19","h":"Ouest","s":"25S-H54S000A-83-A"},{"r":"86","t":"10:10:35","h":"Est","s":"25N-H54N000I-80-I"},{"r":"86","t":"10:10:35","h":"Est","s":"25N-H54N100F-80-F1"},{"r":"86","t":"10:10:35","h":"Est","s":"25N-H54N200F-80-F2"},{"r":"86","t":"10:10:35","h":"Est","s":"25N-H54N300F-80-F3"},{"r":"86","t":"10:10:35","h":"Est","s":"25N-H54N400F-80-F4"},{"r":"86","t":"10:10:35","h":"Est","s":"25N-H54NV10I-80-I"},{"r":"86","t":"10:10:35","h":"Est","s":"25N-H54NV20I-80-I"},{"r":"86","t":"10:10:35","h":"Est","s":"25S-H54S000I-82-I"},{"r":"86","t":"10:10:35","h":"Est","s":"25S-H54S100F-80-F1"},{"r":"86","t":"10:10:35","h":"Est","s":"25S-H54S200F-80-F2"},{"r":"43","t":"10:11:25","h":"Ouest","s":"25N-H54N000S-80-S"},{"r":"43","t":"10:11:25","h":"Ouest","s":"25N-H54NV10S-82-S"},{"r":"43","t":"10:11:25","h":"Ouest","s":"25N-H54NV20S-80-S"},{"r":"43","t":"10:11:25","h":"Ouest","s":"25S-H54S000S-82-S"},{"r":"86","t":"10:15:35","h":"Est","s":"25N-H54N000S-80-S"},{"r":"86","t":"10:15:35","h":"Est","s":"25N-H54NV10S-82-S"},{"r":"86","t":"10:15:35","h":"Est","s":"25N-H54NV20S-80-S"},{"r":"86","t":"10:15:35","h":"Est","s":"25S-H54S000S-82-S"},{"r":"86","t":"10:16:47","h":"Est","s":"25N-H54N000A-80-A"},{"r":"86","t":"10:16:47","h":"Est","s":"25N-H54NV10A-80-A"},{"r":"86","t":"10:16:47","h":"Est","s":"25N-H54NV20A-80-A"},{"r":"86","t":"10:16:47","h":"Est","s":"25S-H54S000A-83-A"},{"r":"43","t":"10:23:19","h":"Ouest","s":"25N-H54N000I-80-I"},{"r":"43","t":"10:23:19","h":"Ouest","s":"25N-H54N100F-80-F1"},{"r":"43","t":"10:23:19","h":"Ouest","s":"25N-H54N200F-80-F2"},{"r":"43","t":"10:23:19","h":"Ouest","s":"25N-H54N300F-80-F3"},{"r":"43","t":"10:23:19","h":"Ouest","s":"25N-H54N400F-80-F4"},{"r":"43","t":"10:23:19","h":"Ouest","s":"25N-H54NV10I-80-I"},{"r":"43","t":"10:23:19","h":"Ouest","s":"25N-H54NV20I-80-I"},{"r":"43","t":"10:23:19","h":"Ouest","s":"25S-H54S000I-82-I"},{"r":"43","t":"10:23:19","h":"Ouest","s":"25S-H54S100F-80-F1"},{"r":"43","t":"10:23:19","h":"Ouest","s":"25S-H54S200F-80-F2"},{"r":"43","t":"10:41:19","h":"Ouest","s":"25N-H54N000A-80-A"},{"r":"43","t":"10:41:19","h":"Ouest","s":"25N-H54NV10A-80-A"},{"r":"43","t":"10:41:19","h":"Ouest","s":"25N-H54NV20A-80-A"},{"r":"43","t":"10:41:19","h":"Ouest","s":"25S-H54S000A-83-A"},{"r":"86","t":"10:42:35","h":"Est","s":"25N-H54N000I-80-I"},{"r":"86","t":"10:42:35","h":"Est","s":"25N-H54N100F-80-F1"},{"r":"86","t":"10:42:35","h":"Est","s":"25N-H54N200F-80-F2"},{"r":"86","t":"10:42:35","h":"Est","s":"25N-H54N300F-80-F3"},{"r":"86","t":"10:42:35","h":"Est","s":"25N-H54N400F-80-F4"},{"r":"86","t":"10:42:35","h":"Est","s":"25N-H54NV10I-80-I"},{"r":"86","t":"10:42:35","h":"Est","s":"25N-H54NV20I-80-I"},{"r":"86","t":"10:42:35","h":"Est","s":"25S-H54S000I-82-I"},{"r":"86","t":"10:42:35","h":"Est","s":"25S-H54S100F-80-F1"},{"r":"86","t":"10:42:35","h":"Est","s":"25S-H54S200F-80-F2"},{"r":"43","t":"10:43:25","h":"Ouest","s":"25N-H54N000S-80-S"},{"r":"43","t":"10:43:25","h":"Ouest","s":"25N-H54NV10S-82-S"},{"r":"43","t":"10:43:25","h":"Ouest","s":"25N-H54NV20S-80-S"},{"r":"43","t":"10:43:25","h":"Ouest","s":"25S-H54S000S-82-S"},{"r":"86","t":"10:44:35","h":"Est","s":"25N-H54N000S-80-S"},{"r":"86","t":"10:44:35","h":"Est","s":"25N-H54NV10S-82-S"},{"r":"86","t":"10:44:35","h":"Est","s":"25N-H54NV20S-80-S"},{"r":"86","t":"10:44:35","h":"Est","s":"25S-H54S000S-82-S"},{"r":"86","t":"10:47:47","h":"Est","s":"25N-H54N000A-80-A"},{"r":"86","t":"10:47:47","h":"Est","s":"25N-H54NV10A-80-A"},{"r":"86","t":"10:47:47","h":"Est","s":"25N-H54NV20A-80-A"},{"r":"86","t":"10:47:47","h":"Est","s":"25S-H54S000A-83-A"},{"r":"43","t":"10:55:19","h":"Ouest","s":"25N-H54N000I-80-I"},{"r":"43","t":"10:55:19","h":"Ouest","s":"25N-H54N100F-80-F1"},{"r":"43","t":"10:55:19","h":"Ouest","s":"25N-H54N200F-80-F2"},{"r":"43","t":"10:55:19","h":"Ouest","s":"25N-H54N300F-80-F3"},{"r":"43","t":"10:55:19","h":"Ouest","s":"25N-H54N400F-80-F4"},{"r":"43","t":"10:55:19","h":"Ouest","s":"25N-H54NV10I-80-I"},{"r":"43","t":"10:55:19","h":"Ouest","s":"25N-H54NV20I-80-I"},{"r":"43","t":"10:55:19","h":"Ouest","s":"25S-H54S000I-82-I"},{"r":"43","t":"10:55:19","h":"Ouest","s":"25S-H54S100F-80-F1"},{"r":"43","t":"10:55:19","h":"Ouest","s":"25S-H54S200F-80-F2"},{"r":"86","t":"11:12:47","h":"Est","s":"25N-H54N000S-80-S"},{"r":"86","t":"11:12:47","h":"Est","s":"25N-H54NV10S-82-S"},{"r":"86","t":"11:12:47","h":"Est","s":"25N-H54NV20S-80-S"},{"r":"86","t":"11:12:47","h":"Est","s":"25S-H54S000S-82-S"},{"r":"43","t":"11:13:19","h":"Ouest","s":"25N-H54N000A-80-A"},{"r":"43","t":"11:13:19","h":"Ouest","s":"25N-H54NV10A-80-A"},{"r":"43","t":"11:13:19","h":"Ouest","s":"25N-H54NV20A-80-A"},{"r":"43","t":"11:13:19","h":"Ouest","s":"25S-H54S000A-83-A"},{"r":"86","t":"11:14:35","h":"Est","s":"25N-H54N000I-80-I"},{"r":"86","t":"11:14:35","h":"Est","s":"25N-H54N100F-80-F1"},{"r":"86","t":"11:14:35","h":"Est","s":"25N-H54N200F-80-F2"},{"r":"86","t":"11:14:35","h":"Est","s":"25N-H54N300F-80-F3"},{"r":"86","t":"11:14:35","h":"Est","s":"25N-H54N400F-80-F4"},{"r":"86","t":"11:14:35","h":"Est","s":"25N-H54NV10I-80-I"},{"r":"86","t":"11:14:35","h":"Est","s":"25N-H54NV20I-80-I"},{"r":"86","t":"11:14:35","h":"Est","s":"25S-H54S000I-82-I"},{"r":"86","t":"11:14:35","h":"Est","s":"25S-H54S100F-80-F1"},{"r":"86","t":"11:14:35","h":"Est","s":"25S-H54S200F-80-F2"},{"r":"43","t":"11:15:25","h":"Ouest","s":"25N-H54N000S-80-S"},{"r":"43","t":"11:15:25","h":"Ouest","s":"25N-H54NV10S-82-S"},{"r":"43","t":"11:15:25","h":"Ouest","s":"25N-H54NV20S-80-S"},{"r":"43","t":"11:15:25","h":"Ouest","s":"25S-H54S000S-82-S"},{"r":"86","t":"11:18:47","h":"Est","s":"25N-H54N000A-80-A"},{"r":"86","t":"11:18:47","h":"Est","s":"25N-H54NV10A-80-A"},{"r":"86","t":"11:18:47","h":"Est","s":"25N-H54NV20A-80-A"},{"r":"86","t":"11:18:47","h":"Est","s":"25S-H54S000A-83-A"},{"r":"43","t":"11:21:19","h":"Ouest","s":"25N-H54N000I-80-I"},{"r":"43","t":"11:21:19","h":"Ouest","s":"25N-H54N100F-80-F1"},{"r":"43","t":"11:21:19","h":"Ouest","s":"25N-H54N200F-80-F2"},{"r":"43","t":"11:21:19","h":"Ouest","s":"25N-H54N300F-80-F3"},{"r":"43","t":"11:21:19","h":"Ouest","s":"25N-H54N400F-80-F4"},{"r":"43","t":"11:21:19","h":"Ouest","s":"25N-H54NV10I-80-I"},{"r":"43","t":"11:21:19","h":"Ouest","s":"25N-H54NV20I-80-I"},{"r":"43","t":"11:21:19","h":"Ouest","s":"25S-H54S000I-82-I"},{"r":"43","t":"11:21:19","h":"Ouest","s":"25S-H54S100F-80-F1"},{"r":"43","t":"11:21:19","h":"Ouest","s":"25S-H54S200F-80-F2"},{"r":"86","t":"11:40:47","h":"Est","s":"25N-H54N000S-80-S"},{"r":"86","t":"11:40:47","h":"Est","s":"25N-H54NV10S-82-S"},{"r":"86","t":"11:40:47","h":"Est","s":"25N-H54NV20S-80-S"},{"r":"86","t":"11:40:47","h":"Est","s":"25S-H54S000S-82-S"},{"r":"43","t":"11:45:19","h":"Ouest","s":"25N-H54N000A-80-A"},{"r":"43","t":"11:45:19","h":"Ouest","s":"25N-H54NV10A-80-A"},{"r":"43","t":"11:45:19","h":"Ouest","s":"25N-H54NV20A-80-A"},{"r":"43","t":"11:45:19","h":"Ouest","s":"25S-H54S000A-83-A"},{"r":"86","t":"11:46:35","h":"Est","s":"25N-H54N000I-80-I"},{"r":"86","t":"11:46:35","h":"Est","s":"25N-H54N100F-80-F1"},{"r":"86","t":"11:46:35","h":"Est","s":"25N-H54N200F-80-F2"},{"r":"86","t":"11:46:35","h":"Est","s":"25N-H54N300F-80-F3"},{"r":"86","t":"11:46:35","h":"Est","s":"25N-H54N400F-80-F4"},{"r":"86","t":"11:46:35","h":"Est","s":"25N-H54NV10I-80-I"},{"r":"86","t":"11:46:35","h":"Est","s":"25N-H54NV20I-80-I"},{"r":"86","t":"11:46:35","h":"Est","s":"25S-H54S000I-82-I"},{"r":"86","t":"11:46:35","h":"Est","s":"25S-H54S100F-80-F1"},{"r":"86","t":"11:46:35","h":"Est","s":"25S-H54S200F-80-F2"},{"r":"43","t":"11:47:19","h":"Ouest","s":"25N-H54N000I-80-I"},{"r":"43","t":"11:47:19","h":"Ouest","s":"25N-H54N100F-80-F1"},{"r":"43","t":"11:47:19","h":"Ouest","s":"25N-H54N200F-80-F2"},{"r":"43","t":"11:47:19","h":"Ouest","s":"25N-H54N300F-80-F3"},{"r":"43","t":"11:47:19","h":"Ouest","s":"25N-H54N400F-80-F4"},{"r":"43","t":"11:47:19","h":"Ouest","s":"25N-H54NV10I-80-I"},{"r":"43","t":"11:47:19","h":"Ouest","s":"25N-H54NV20I-80-I"},{"r":"43","t":"11:47:19","h":"Ouest","s":"25S-H54S000I-82-I"},{"r":"43","t":"11:47:19","h":"Ouest","s":"25S-H54S100F-80-F1"},{"r":"43","t":"11:47:19","h":"Ouest","s":"25S-H54S200F-80-F2"},{"r":"43","t":"11:47:25","h":"Ouest","s":"25N-H54N000S-80-S"},{"r":"43","t":"11:47:25","h":"Ouest","s":"25N-H54NV10S-82-S"},{"r":"43","t":"11:47:25","h":"Ouest","s":"25N-H54NV20S-80-S"},{"r":"43","t":"11:47:25","h":"Ouest","s":"25S-H54S000S-82-S"},{"r":"86","t":"11:51:47","h":"Est","s":"25N-H54N000A-80-A"},{"r":"86","t":"11:51:47","h":"Est","s":"25N-H54NV10A-80-A"},{"r":"86","t":"11:51:47","h":"Est","s":"25N-H54NV20A-80-A"},{"r":"86","t":"11:51:47","h":"Est","s":"25S-H54S000A-83-A"},{"r":"86","t":"12:11:47","h":"Est","s":"25N-H54N000S-80-S"},{"r":"86","t":"12:11:47","h":"Est","s":"25N-H54NV10S-82-S"},{"r":"86","t":"12:11:47","h":"Est","s":"25N-H54NV20S-80-S"},{"r":"86","t":"12:11:47","h":"Est","s":"25S-H54S000S-82-S"},{"r":"43","t":"12:16:19","h":"Ouest","s":"25N-H54N000I-80-I"},{"r":"43","t":"12:16:19","h":"Ouest","s":"25N-H54N100F-80-F1"},{"r":"43","t":"12:16:19","h":"Ouest","s":"25N-H54N200F-80-F2"},{"r":"43","t":"12:16:19","h":"Ouest","s":"25N-H54N300F-80-F3"},{"r":"43","t":"12:16:19","h":"Ouest","s":"25N-H54N400F-80-F4"},{"r":"43","t":"12:16:19","h":"Ouest","s":"25N-H54NV10I-80-I"},{"r":"43","t":"12:16:19","h":"Ouest","s":"25N-H54NV20I-80-I"},{"r":"43","t":"12:16:19","h":"Ouest","s":"25S-H54S000I-82-I"},{"r":"43","t":"12:16:19","h":"Ouest","s":"25S-H54S100F-80-F1"},{"r":"43","t":"12:16:19","h":"Ouest","s":"25S-H54S200F-80-F2"},{"r":"43","t":"12:17:19","h":"Ouest","s":"25N-H54N000A-80-A"},{"r":"43","t":"12:17:19","h":"Ouest","s":"25N-H54NV10A-80-A"},{"r":"43","t":"12:17:19","h":"Ouest","s":"25N-H54NV20A-80-A"},{"r":"43","t":"12:17:19","h":"Ouest","s":"25S-H54S000A-83-A"},{"r":"43","t":"12:18:25","h":"Ouest","s":"25N-H54N000S-80-S"},{"r":"43","t":"12:18:25","h":"Ouest","s":"25N-H54NV10S-82-S"},{"r":"43","t":"12:18:25","h":"Ouest","s":"25N-H54NV20S-80-S"},{"r":"43","t":"12:18:25","h":"Ouest","s":"25S-H54S000S-82-S"},{"r":"86","t":"12:18:35","h":"Est","s":"25N-H54N000I-80-I"},{"r":"86","t":"12:18:35","h":"Est","s":"25N-H54N100F-80-F1"},{"r":"86","t":"12:18:35","h":"Est","s":"25N-H54N200F-80-F2"},{"r":"86","t":"12:18:35","h":"Est","s":"25N-H54N300F-80-F3"},{"r":"86","t":"12:18:35","h":"Est","s":"25N-H54N400F-80-F4"},{"r":"86","t":"12:18:35","h":"Est","s":"25N-H54NV10I-80-I"},{"r":"86","t":"12:18:35","h":"Est","s":"25N-H54NV20I-80-I"},{"r":"86","t":"12:18:35","h":"Est","s":"25S-H54S000I-82-I"},{"r":"86","t":"12:18:35","h":"Est","s":"25S-H54S100F-80-F1"},{"r":"86","t":"12:18:35","h":"Est","s":"25S-H54S200F-80-F2"},{"r":"86","t":"12:24:47","h":"Est","s":"25N-H54N000A-80-A"},{"r":"86","t":"12:24:47","h":"Est","s":"25N-H54NV10A-80-A"},{"r":"86","t":"12:24:47","h":"Est","s":"25N-H54NV20A-80-A"},{"r":"86","t":"12:24:47","h":"Est","s":"25S-H54S000A-83-A"},{"r":"86","t":"12:40:47","h":"Est","s":"25N-H54N000S-80-S"},{"r":"86","t":"12:40:47","h":"Est","s":"25N-H54NV10S-82-S"},{"r":"86","t":"12:40:47","h":"Est","s":"25N-H54NV20S-80-S"},{"r":"86","t":"12:40:47","h":"Est","s":"25S-H54S000S-82-S"},{"r":"43","t":"12:45:19","h":"Ouest","s":"25N-H54N000I-80-I"},{"r":"43","t":"12:45:19","h":"Ouest","s":"25N-H54N100F-80-F1"},{"r":"43","t":"12:45:19","h":"Ouest","s":"25N-H54N200F-80-F2"},{"r":"43","t":"12:45:19","h":"Ouest","s":"25N-H54N300F-80-F3"},{"r":"43","t":"12:45:19","h":"Ouest","s":"25N-H54N400F-80-F4"},{"r":"43","t":"12:45:19","h":"Ouest","s":"25N-H54NV10I-80-I"},{"r":"43","t":"12:45:19","h":"Ouest","s":"25N-H54NV20I-80-I"},{"r":"43","t":"12:45:19","h":"Ouest","s":"25S-H54S000I-82-I"},{"r":"43","t":"12:45:19","h":"Ouest","s":"25S-H54S100F-80-F1"},{"r":"43","t":"12:45:19","h":"Ouest","s":"25S-H54S200F-80-F2"},{"r":"43","t":"12:49:19","h":"Ouest","s":"25N-H54N000A-80-A"},{"r":"43","t":"12:49:19","h":"Ouest","s":"25N-H54NV10A-80-A"},{"r":"43","t":"12:49:19","h":"Ouest","s":"25N-H54NV20A-80-A"},{"r":"43","t":"12:49:19","h":"Ouest","s":"25S-H54S000A-83-A"},{"r":"43","t":"12:49:25","h":"Ouest","s":"25N-H54N000S-80-S"},{"r":"43","t":"12:49:25","h":"Ouest","s":"25N-H54NV10S-82-S"},{"r":"43","t":"12:49:25","h":"Ouest","s":"25N-H54NV20S-80-S"},{"r":"43","t":"12:49:25","h":"Ouest","s":"25S-H54S000S-82-S"},{"r":"86","t":"12:50:35","h":"Est","s":"25N-H54N000I-80-I"},{"r":"86","t":"12:50:35","h":"Est","s":"25N-H54N100F-80-F1"},{"r":"86","t":"12:50:35","h":"Est","s":"25N-H54N200F-80-F2"},{"r":"86","t":"12:50:35","h":"Est","s":"25N-H54N300F-80-F3"},{"r":"86","t":"12:50:35","h":"Est","s":"25N-H54N400F-80-F4"},{"r":"86","t":"12:50:35","h":"Est","s":"25N-H54NV10I-80-I"},{"r":"86","t":"12:50:35","h":"Est","s":"25N-H54NV20I-80-I"},{"r":"86","t":"12:50:35","h":"Est","s":"25S-H54S000I-82-I"},{"r":"86","t":"12:50:35","h":"Est","s":"25S-H54S100F-80-F1"},{"r":"86","t":"12:50:35","h":"Est","s":"25S-H54S200F-80-F2"},{"r":"86","t":"12:57:47","h":"Est","s":"25N-H54N000A-80-A"},{"r":"86","t":"12:57:47","h":"Est","s":"25N-H54NV10A-80-A"},{"r":"86","t":"12:57:47","h":"Est","s":"25N-H54NV20A-80-A"},{"r":"86","t":"12:57:47","h":"Est","s":"25S-H54S000A-83-A"},{"r":"86","t":"13:11:47","h":"Est","s":"25N-H54N000S-80-S"},{"r":"86","t":"13:11:47","h":"Est","s":"25N-H54NV10S-82-S"},{"r":"86","t":"13:11:47","h":"Est","s":"25N-H54NV20S-80-S"},{"r":"86","t":"13:11:47","h":"Est","s":"25S-H54S000S-82-S"},{"r":"43","t":"13:14:19","h":"Ouest","s":"25N-H54N000I-80-I"},{"r":"43","t":"13:14:19","h":"Ouest","s":"25N-H54N100F-80-F1"},{"r":"43","t":"13:14:19","h":"Ouest","s":"25N-H54N200F-80-F2"},{"r":"43","t":"13:14:19","h":"Ouest","s":"25N-H54N300F-80-F3"},{"r":"43","t":"13:14:19","h":"Ouest","s":"25N-H54N400F-80-F4"},{"r":"43","t":"13:14:19","h":"Ouest","s":"25N-H54NV10I-80-I"},{"r":"43","t":"13:14:19","h":"Ouest","s":"25N-H54NV20I-80-I"},{"r":"43","t":"13:14:19","h":"Ouest","s":"25S-H54S000I-82-I"},{"r":"43","t":"13:14:19","h":"Ouest","s":"25S-H54S100F-80-F1"},{"r":"43","t":"13:14:19","h":"Ouest","s":"25S-H54S200F-80-F2"},{"r":"43","t":"13:19:25","h":"Ouest","s":"25N-H54N000S-80-S"},{"r":"43","t":"13:19:25","h":"Ouest","s":"25N-H54NV10S-82-S"},{"r":"43","t":"13:19:25","h":"Ouest","s":"25N-H54NV20S-80-S"},{"r":"43","t":"13:19:25","h":"Ouest","s":"25S-H54S000S-82-S"},{"r":"43","t":"13:21:19","h":"Ouest","s":"25N-H54N000A-80-A"},{"r":"43","t":"13:21:19","h":"Ouest","s":"25N-H54NV10A-80-A"},{"r":"43","t":"13:21:19","h":"Ouest","s":"25N-H54NV20A-80-A"},{"r":"43","t":"13:21:19","h":"Ouest","s":"25S-H54S000A-83-A"},{"r":"86","t":"13:22:35","h":"Est","s":"25N-H54N000I-80-I"},{"r":"86","t":"13:22:35","h":"Est","s":"25N-H54N100F-80-F1"},{"r":"86","t":"13:22:35","h":"Est","s":"25N-H54N200F-80-F2"},{"r":"86","t":"13:22:35","h":"Est","s":"25N-H54N300F-80-F3"},{"r":"86","t":"13:22:35","h":"Est","s":"25N-H54N400F-80-F4"},{"r":"86","t":"13:22:35","h":"Est","s":"25N-H54NV10I-80-I"},{"r":"86","t":"13:22:35","h":"Est","s":"25N-H54NV20I-80-I"},{"r":"86","t":"13:22:35","h":"Est","s":"25S-H54S000I-82-I"},{"r":"86","t":"13:22:35","h":"Est","s":"25S-H54S100F-80-F1"},{"r":"86","t":"13:22:35","h":"Est","s":"25S-H54S200F-80-F2"},{"r":"86","t":"13:30:47","h":"Est","s":"25N-H54N000A-80-A"},{"r":"86","t":"13:30:47","h":"Est","s":"25N-H54NV10A-80-A"},{"r":"86","t":"13:30:47","h":"Est","s":"25N-H54NV20A-80-A"},{"r":"86","t":"13:30:47","h":"Est","s":"25S-H54S000A-83-A"},{"r":"43","t":"13:43:19","h":"Ouest","s":"25N-H54N000I-80-I"},{"r":"43","t":"13:43:19","h":"Ouest","s":"25N-H54N100F-80-F1"},{"r":"43","t":"13:43:19","h":"Ouest","s":"25N-H54N200F-80-F2"},{"r":"43","t":"13:43:19","h":"Ouest","s":"25N-H54N300F-80-F3"},{"r":"43","t":"13:43:19","h":"Ouest","s":"25N-H54N400F-80-F4"},{"r":"43","t":"13:43:19","h":"Ouest","s":"25N-H54NV10I-80-I"},{"r":"43","t":"13:43:19","h":"Ouest","s":"25N-H54NV20I-80-I"},{"r":"43","t":"13:43:19","h":"Ouest","s":"25S-H54S000I-82-I"},{"r":"43","t":"13:43:19","h":"Ouest","s":"25S-H54S100F-80-F1"},{"r":"43","t":"13:43:19","h":"Ouest","s":"25S-H54S200F-80-F2"},{"r":"86","t":"13:43:47","h":"Est","s":"25N-H54N000S-80-S"},{"r":"86","t":"13:43:47","h":"Est","s":"25N-H54NV10S-82-S"},{"r":"86","t":"13:43:47","h":"Est","s":"25N-H54NV20S-80-S"},{"r":"86","t":"13:43:47","h":"Est","s":"25S-H54S000S-82-S"},{"r":"43","t":"13:49:25","h":"Ouest","s":"25N-H54N000S-80-S"},{"r":"43","t":"13:49:25","h":"Ouest","s":"25N-H54NV10S-82-S"},{"r":"43","t":"13:49:25","h":"Ouest","s":"25N-H54NV20S-80-S"},{"r":"43","t":"13:49:25","h":"Ouest","s":"25S-H54S000S-82-S"},{"r":"43","t":"13:53:19","h":"Ouest","s":"25N-H54N000A-80-A"},{"r":"43","t":"13:53:19","h":"Ouest","s":"25N-H54NV10A-80-A"},{"r":"43","t":"13:53:19","h":"Ouest","s":"25N-H54NV20A-80-A"},{"r":"43","t":"13:53:19","h":"Ouest","s":"25S-H54S000A-83-A"},{"r":"86","t":"13:54:35","h":"Est","s":"25N-H54N000I-80-I"},{"r":"86","t":"13:54:35","h":"Est","s":"25N-H54N100F-80-F1"},{"r":"86","t":"13:54:35","h":"Est","s":"25N-H54N200F-80-F2"},{"r":"86","t":"13:54:35","h":"Est","s":"25N-H54N300F-80-F3"},{"r":"86","t":"13:54:35","h":"Est","s":"25N-H54N400F-80-F4"},{"r":"86","t":"13:54:35","h":"Est","s":"25N-H54NV10I-80-I"},{"r":"86","t":"13:54:35","h":"Est","s":"25N-H54NV20I-80-I"},{"r":"86","t":"13:54:35","h":"Est","s":"25S-H54S000I-82-I"},{"r":"86","t":"13:54:35","h":"Est","s":"25S-H54S100F-80-F1"},{"r":"86","t":"13:54:35","h":"Est","s":"25S-H54S200F-80-F2"},{"r":"86","t":"14:02:47","h":"Est","s":"25N-H54N000A-80-A"},{"r":"86","t":"14:02:47","h":"Est","s":"25N-H54NV10A-80-A"},{"r":"86","t":"14:02:47","h":"Est","s":"25N-H54NV20A-80-A"},{"r":"86","t":"14:02:47","h":"Est","s":"25S-H54S000A-83-A"},{"r":"43","t":"14:13:19","h":"Ouest","s":"25N-H54N000I-80-I"},{"r":"43","t":"14:13:19","h":"Ouest","s":"25N-H54N100F-80-F1"},{"r":"43","t":"14:13:19","h":"Ouest","s":"25N-H54N200F-80-F2"},{"r":"43","t":"14:13:19","h":"Ouest","s":"25N-H54N300F-80-F3"},{"r":"43","t":"14:13:19","h":"Ouest","s":"25N-H54N400F-80-F4"},{"r":"43","t":"14:13:19","h":"Ouest","s":"25N-H54NV10I-80-I"},{"r":"43","t":"14:13:19","h":"Ouest","s":"25N-H54NV20I-80-I"},{"r":"43","t":"14:13:19","h":"Ouest","s":"25S-H54S000I-82-I"},{"r":"43","t":"14:13:19","h":"Ouest","s":"25S-H54S100F-80-F1"},{"r":"43","t":"14:13:19","h":"Ouest","s":"25S-H54S200F-80-F2"},{"r":"86","t":"14:13:47","h":"Est","s":"25N-H54N000S-80-S"},{"r":"86","t":"14:13:47","h":"Est","s":"25N-H54NV10S-82-S"},{"r":"86","t":"14:13:47","h":"Est","s":"25N-H54NV20S-80-S"},{"r":"86","t":"14:13:47","h":"Est","s":"25S-H54S000S-82-S"},{"r":"43","t":"14:20:31","h":"Ouest","s":"25N-H54N000S-80-S"},{"r":"43","t":"14:20:31","h":"Ouest","s":"25N-H54NV10S-82-S"},{"r":"43","t":"14:20:31","h":"Ouest","s":"25N-H54NV20S-80-S"},{"r":"43","t":"14:20:31","h":"Ouest","s":"25S-H54S000S-82-S"},{"r":"43","t":"14:25:19","h":"Ouest","s":"25N-H54N000A-80-A"},{"r":"43","t":"14:25:19","h":"Ouest","s":"25N-H54NV10A-80-A"},{"r":"43","t":"14:25:19","h":"Ouest","s":"25N-H54NV20A-80-A"},{"r":"43","t":"14:25:19","h":"Ouest","s":"25S-H54S000A-83-A"},{"r":"86","t":"14:26:35","h":"Est","s":"25N-H54N000I-80-I"},{"r":"86","t":"14:26:35","h":"Est","s":"25N-H54N100F-80-F1"},{"r":"86","t":"14:26:35","h":"Est","s":"25N-H54N200F-80-F2"},{"r":"86","t":"14:26:35","h":"Est","s":"25N-H54N300F-80-F3"},{"r":"86","t":"14:26:35","h":"Est","s":"25N-H54N400F-80-F4"},{"r":"86","t":"14:26:35","h":"Est","s":"25N-H54NV10I-80-I"},{"r":"86","t":"14:26:35","h":"Est","s":"25N-H54NV20I-80-I"},{"r":"86","t":"14:26:35","h":"Est","s":"25S-H54S000I-82-I"},{"r":"86","t":"14:26:35","h":"Est","s":"25S-H54S100F-80-F1"},{"r":"86","t":"14:26:35","h":"Est","s":"25S-H54S200F-80-F2"},{"r":"86","t":"14:35:47","h":"Est","s":"25N-H54N000A-80-A"},{"r":"86","t":"14:35:47","h":"Est","s":"25N-H54NV10A-80-A"},{"r":"86","t":"14:35:47","h":"Est","s":"25N-H54NV20A-80-A"},{"r":"86","t":"14:35:47","h":"Est","s":"25S-H54S000A-83-A"},{"r":"43","t":"14:43:19","h":"Ouest","s":"25N-H54N000I-80-I"},{"r":"43","t":"14:43:19","h":"Ouest","s":"25N-H54N100F-80-F1"},{"r":"43","t":"14:43:19","h":"Ouest","s":"25N-H54N200F-80-F2"},{"r":"43","t":"14:43:19","h":"Ouest","s":"25N-H54N300F-80-F3"},{"r":"43","t":"14:43:19","h":"Ouest","s":"25N-H54N400F-80-F4"},{"r":"43","t":"14:43:19","h":"Ouest","s":"25N-H54NV10I-80-I"},{"r":"43","t":"14:43:19","h":"Ouest","s":"25N-H54NV20I-80-I"},{"r":"43","t":"14:43:19","h":"Ouest","s":"25S-H54S000I-82-I"},{"r":"43","t":"14:43:19","h":"Ouest","s":"25S-H54S100F-80-F1"},{"r":"43","t":"14:43:19","h":"Ouest","s":"25S-H54S200F-80-F2"},{"r":"86","t":"14:43:47","h":"Est","s":"25N-H54N000S-80-S"},{"r":"86","t":"14:43:47","h":"Est","s":"25N-H54NV10S-82-S"},{"r":"86","t":"14:43:47","h":"Est","s":"25N-H54NV20S-80-S"},{"r":"86","t":"14:43:47","h":"Est","s":"25S-H54S000S-82-S"},{"r":"43","t":"14:51:31","h":"Ouest","s":"25N-H54N000S-80-S"},{"r":"43","t":"14:51:31","h":"Ouest","s":"25N-H54NV10S-82-S"},{"r":"43","t":"14:51:31","h":"Ouest","s":"25N-H54NV20S-80-S"},{"r":"43","t":"14:51:31","h":"Ouest","s":"25S-H54S000S-82-S"},{"r":"43","t":"14:57:19","h":"Ouest","s":"25N-H54N000A-80-A"},{"r":"43","t":"14:57:19","h":"Ouest","s":"25N-H54NV10A-80-A"},{"r":"43","t":"14:57:19","h":"Ouest","s":"25N-H54NV20A-80-A"},{"r":"43","t":"14:57:19","h":"Ouest","s":"25S-H54S000A-83-A"},{"r":"86","t":"14:59:35","h":"Est","s":"25N-H54N000I-80-I"},{"r":"86","t":"14:59:35","h":"Est","s":"25N-H54N100F-80-F1"},{"r":"86","t":"14:59:35","h":"Est","s":"25N-H54N200F-80-F2"},{"r":"86","t":"14:59:35","h":"Est","s":"25N-H54N300F-80-F3"},{"r":"86","t":"14:59:35","h":"Est","s":"25N-H54N400F-80-F4"},{"r":"86","t":"14:59:35","h":"Est","s":"25N-H54NV10I-80-I"},{"r":"86","t":"14:59:35","h":"Est","s":"25N-H54NV20I-80-I"},{"r":"86","t":"14:59:35","h":"Est","s":"25S-H54S000I-82-I"},{"r":"86","t":"14:59:35","h":"Est","s":"25S-H54S100F-80-F1"},{"r":"86","t":"14:59:35","h":"Est","s":"25S-H54S200F-80-F2"},{"r":"86","t":"15:08:47","h":"Est","s":"25N-H54N000A-80-A"},{"r":"86","t":"15:08:47","h":"Est","s":"25N-H54NV10A-80-A"},{"r":"86","t":"15:08:47","h":"Est","s":"25N-H54NV20A-80-A"},{"r":"86","t":"15:08:47","h":"Est","s":"25S-H54S000A-83-A"},{"r":"86","t":"15:12:47","h":"Est","s":"25N-H54N000S-80-S"},{"r":"86","t":"15:12:47","h":"Est","s":"25N-H54NV10S-82-S"},{"r":"86","t":"15:12:47","h":"Est","s":"25N-H54NV20S-80-S"},{"r":"86","t":"15:12:47","h":"Est","s":"25S-H54S000S-82-S"},{"r":"43","t":"15:13:19","h":"Ouest","s":"25N-H54N000I-80-I"},{"r":"43","t":"15:13:19","h":"Ouest","s":"25N-H54N100F-80-F1"},{"r":"43","t":"15:13:19","h":"Ouest","s":"25N-H54N200F-80-F2"},{"r":"43","t":"15:13:19","h":"Ouest","s":"25N-H54N300F-80-F3"},{"r":"43","t":"15:13:19","h":"Ouest","s":"25N-H54N400F-80-F4"},{"r":"43","t":"15:13:19","h":"Ouest","s":"25N-H54NV10I-80-I"},{"r":"43","t":"15:13:19","h":"Ouest","s":"25N-H54NV20I-80-I"},{"r":"43","t":"15:13:19","h":"Ouest","s":"25S-H54S000I-82-I"},{"r":"43","t":"15:13:19","h":"Ouest","s":"25S-H54S100F-80-F1"},{"r":"43","t":"15:13:19","h":"Ouest","s":"25S-H54S200F-80-F2"},{"r":"43","t":"15:22:19","h":"Ouest","s":"25N-H54N000A-80-A"},{"r":"43","t":"15:22:19","h":"Ouest","s":"25N-H54NV10A-80-A"},{"r":"43","t":"15:22:19","h":"Ouest","s":"25N-H54NV20A-80-A"},{"r":"43","t":"15:22:19","h":"Ouest","s":"25S-H54S000A-83-A"},{"r":"43","t":"15:24:31","h":"Ouest","s":"25N-H54N000S-80-S"},{"r":"43","t":"15:24:31","h":"Ouest","s":"25N-H54NV10S-82-S"},{"r":"43","t":"15:24:31","h":"Ouest","s":"25N-H54NV20S-80-S"},{"r":"43","t":"15:24:31","h":"Ouest","s":"25S-H54S000S-82-S"},{"r":"86","t":"15:32:35","h":"Est","s":"25N-H54N000I-80-I"},{"r":"86","t":"15:32:35","h":"Est","s":"25N-H54N100F-80-F1"},{"r":"86","t":"15:32:35","h":"Est","s":"25N-H54N200F-80-F2"},{"r":"86","t":"15:32:35","h":"Est","s":"25N-H54N300F-80-F3"},{"r":"86","t":"15:32:35","h":"Est","s":"25N-H54N400F-80-F4"},{"r":"86","t":"15:32:35","h":"Est","s":"25N-H54NV10I-80-I"},{"r":"86","t":"15:32:35","h":"Est","s":"25N-H54NV20I-80-I"},{"r":"86","t":"15:32:35","h":"Est","s":"25S-H54S000I-82-I"},{"r":"86","t":"15:32:35","h":"Est","s":"25S-H54S100F-80-F1"},{"r":"86","t":"15:32:35","h":"Est","s":"25S-H54S200F-80-F2"},{"r":"86","t":"15:40:47","h":"Est","s":"25N-H54N000S-80-S"},{"r":"86","t":"15:40:47","h":"Est","s":"25N-H54NV10S-82-S"},{"r":"86","t":"15:40:47","h":"Est","s":"25N-H54NV20S-80-S"},{"r":"86","t":"15:40:47","h":"Est","s":"25S-H54S000S-82-S"},{"r":"86","t":"15:41:47","h":"Est","s":"25N-H54N000A-80-A"},{"r":"86","t":"15:41:47","h":"Est","s":"25N-H54NV10A-80-A"},{"r":"86","t":"15:41:47","h":"Est","s":"25N-H54NV20A-80-A"},{"r":"86","t":"15:41:47","h":"Est","s":"25S-H54S000A-83-A"},{"r":"43","t":"15:42:19","h":"Ouest","s":"25N-H54N000I-80-I"},{"r":"43","t":"15:42:19","h":"Ouest","s":"25N-H54N100F-80-F1"},{"r":"43","t":"15:42:19","h":"Ouest","s":"25N-H54N200F-80-F2"},{"r":"43","t":"15:42:19","h":"Ouest","s":"25N-H54N300F-80-F3"},{"r":"43","t":"15:42:19","h":"Ouest","s":"25N-H54N400F-80-F4"},{"r":"43","t":"15:42:19","h":"Ouest","s":"25N-H54NV10I-80-I"},{"r":"43","t":"15:42:19","h":"Ouest","s":"25N-H54NV20I-80-I"},{"r":"43","t":"15:42:19","h":"Ouest","s":"25S-H54S000I-82-I"},{"r":"43","t":"15:42:19","h":"Ouest","s":"25S-H54S100F-80-F1"},{"r":"43","t":"15:42:19","h":"Ouest","s":"25S-H54S200F-80-F2"},{"r":"43","t":"15:47:19","h":"Ouest","s":"25N-H54N000A-80-A"},{"r":"43","t":"15:47:19","h":"Ouest","s":"25N-H54NV10A-80-A"},{"r":"43","t":"15:47:19","h":"Ouest","s":"25N-H54NV20A-80-A"},{"r":"43","t":"15:47:19","h":"Ouest","s":"25S-H54S000A-83-A"},{"r":"43","t":"15:57:31","h":"Ouest","s":"25N-H54N000S-80-S"},{"r":"43","t":"15:57:31","h":"Ouest","s":"25N-H54NV10S-82-S"},{"r":"43","t":"15:57:31","h":"Ouest","s":"25N-H54NV20S-80-S"},{"r":"43","t":"15:57:31","h":"Ouest","s":"25S-H54S000S-82-S"},{"r":"86","t":"16:05:35","h":"Est","s":"25N-H54N000I-80-I"},{"r":"86","t":"16:05:35","h":"Est","s":"25N-H54N100F-80-F1"},{"r":"86","t":"16:05:35","h":"Est","s":"25N-H54N200F-80-F2"},{"r":"86","t":"16:05:35","h":"Est","s":"25N-H54N300F-80-F3"},{"r":"86","t":"16:05:35","h":"Est","s":"25N-H54N400F-80-F4"},{"r":"86","t":"16:05:35","h":"Est","s":"25N-H54NV10I-80-I"},{"r":"86","t":"16:05:35","h":"Est","s":"25N-H54NV20I-80-I"},{"r":"86","t":"16:05:35","h":"Est","s":"25S-H54S000I-82-I"},{"r":"86","t":"16:05:35","h":"Est","s":"25S-H54S100F-80-F1"},{"r":"86","t":"16:05:35","h":"Est","s":"25S-H54S200F-80-F2"},{"r":"43","t":"16:11:19","h":"Ouest","s":"25N-H54N000I-80-I"},{"r":"43","t":"16:11:19","h":"Ouest","s":"25N-H54N100F-80-F1"},{"r":"43","t":"16:11:19","h":"Ouest","s":"25N-H54N200F-80-F2"},{"r":"43","t":"16:11:19","h":"Ouest","s":"25N-H54N300F-80-F3"},{"r":"43","t":"16:11:19","h":"Ouest","s":"25N-H54N400F-80-F4"},{"r":"43","t":"16:11:19","h":"Ouest","s":"25N-H54NV10I-80-I"},{"r":"43","t":"16:11:19","h":"Ouest","s":"25N-H54NV20I-80-I"},{"r":"43","t":"16:11:19","h":"Ouest","s":"25S-H54S000I-82-I"},{"r":"43","t":"16:11:19","h":"Ouest","s":"25S-H54S100F-80-F1"},{"r":"43","t":"16:11:19","h":"Ouest","s":"25S-H54S200F-80-F2"},{"r":"43","t":"16:12:19","h":"Ouest","s":"25N-H54N000A-80-A"},{"r":"43","t":"16:12:19","h":"Ouest","s":"25N-H54NV10A-80-A"},{"r":"43","t":"16:12:19","h":"Ouest","s":"25N-H54NV20A-80-A"},{"r":"43","t":"16:12:19","h":"Ouest","s":"25S-H54S000A-83-A"},{"r":"86","t":"16:12:47","h":"Est","s":"25N-H54N000S-80-S"},{"r":"86","t":"16:12:47","h":"Est","s":"25N-H54NV10S-82-S"},{"r":"86","t":"16:12:47","h":"Est","s":"25N-H54NV20S-80-S"},{"r":"86","t":"16:12:47","h":"Est","s":"25S-H54S000S-82-S"},{"r":"86","t":"16:14:47","h":"Est","s":"25N-H54N000A-80-A"},{"r":"86","t":"16:14:47","h":"Est","s":"25N-H54NV10A-80-A"},{"r":"86","t":"16:14:47","h":"Est","s":"25N-H54NV20A-80-A"},{"r":"86","t":"16:14:47","h":"Est","s":"25S-H54S000A-83-A"},{"r":"43","t":"16:21:31","h":"Ouest","s":"25N-H54N000S-80-S"},{"r":"43","t":"16:21:31","h":"Ouest","s":"25N-H54NV10S-82-S"},{"r":"43","t":"16:21:31","h":"Ouest","s":"25N-H54NV20S-80-S"},{"r":"43","t":"16:21:31","h":"Ouest","s":"25S-H54S000S-82-S"},{"r":"86","t":"16:38:35","h":"Est","s":"25N-H54N000I-80-I"},{"r":"86","t":"16:38:35","h":"Est","s":"25N-H54N100F-80-F1"},{"r":"86","t":"16:38:35","h":"Est","s":"25N-H54N200F-80-F2"},{"r":"86","t":"16:38:35","h":"Est","s":"25N-H54N300F-80-F3"},{"r":"86","t":"16:38:35","h":"Est","s":"25N-H54N400F-80-F4"},{"r":"86","t":"16:38:35","h":"Est","s":"25N-H54NV10I-80-I"},{"r":"86","t":"16:38:35","h":"Est","s":"25N-H54NV20I-80-I"},{"r":"86","t":"16:38:35","h":"Est","s":"25S-H54S000I-82-I"},{"r":"86","t":"16:38:35","h":"Est","s":"25S-H54S100F-80-F1"},{"r":"86","t":"16:38:35","h":"Est","s":"25S-H54S200F-80-F2"},{"r":"43","t":"16:40:19","h":"Ouest","s":"25N-H54N000I-80-I"},{"r":"43","t":"16:40:19","h":"Ouest","s":"25N-H54N100F-80-F1"},{"r":"43","t":"16:40:19","h":"Ouest","s":"25N-H54N200F-80-F2"},{"r":"43","t":"16:40:19","h":"Ouest","s":"25N-H54N300F-80-F3"},{"r":"43","t":"16:40:19","h":"Ouest","s":"25N-H54N400F-80-F4"},{"r":"43","t":"16:40:19","h":"Ouest","s":"25N-H54NV10I-80-I"},{"r":"43","t":"16:40:19","h":"Ouest","s":"25N-H54NV20I-80-I"},{"r":"43","t":"16:40:19","h":"Ouest","s":"25S-H54S000I-82-I"},{"r":"43","t":"16:40:19","h":"Ouest","s":"25S-H54S100F-80-F1"},{"r":"43","t":"16:40:19","h":"Ouest","s":"25S-H54S200F-80-F2"},{"r":"43","t":"16:41:19","h":"Ouest","s":"25N-H54N000A-80-A"},{"r":"43","t":"16:41:19","h":"Ouest","s":"25N-H54NV10A-80-A"},{"r":"43","t":"16:41:19","h":"Ouest","s":"25N-H54NV20A-80-A"},{"r":"43","t":"16:41:19","h":"Ouest","s":"25S-H54S000A-83-A"},{"r":"86","t":"16:44:47","h":"Est","s":"25N-H54N000S-80-S"},{"r":"86","t":"16:44:47","h":"Est","s":"25N-H54NV10S-82-S"},{"r":"86","t":"16:44:47","h":"Est","s":"25N-H54NV20S-80-S"},{"r":"86","t":"16:44:47","h":"Est","s":"25S-H54S000S-82-S"},{"r":"43","t":"16:45:31","h":"Ouest","s":"25N-H54N000S-80-S"},{"r":"43","t":"16:45:31","h":"Ouest","s":"25N-H54NV10S-82-S"},{"r":"43","t":"16:45:31","h":"Ouest","s":"25N-H54NV20S-80-S"},{"r":"43","t":"16:45:31","h":"Ouest","s":"25S-H54S000S-82-S"},{"r":"86","t":"16:47:47","h":"Est","s":"25N-H54N000A-80-A"},{"r":"86","t":"16:47:47","h":"Est","s":"25N-H54NV10A-80-A"},{"r":"86","t":"16:47:47","h":"Est","s":"25N-H54NV20A-80-A"},{"r":"86","t":"16:47:47","h":"Est","s":"25S-H54S000A-83-A"},{"r":"43","t":"17:09:19","h":"Ouest","s":"25N-H54N000I-80-I"},{"r":"43","t":"17:09:19","h":"Ouest","s":"25N-H54N100F-80-F1"},{"r":"43","t":"17:09:19","h":"Ouest","s":"25N-H54N200F-80-F2"},{"r":"43","t":"17:09:19","h":"Ouest","s":"25N-H54N300F-80-F3"},{"r":"43","t":"17:09:19","h":"Ouest","s":"25N-H54N400F-80-F4"},{"r":"43","t":"17:09:19","h":"Ouest","s":"25N-H54NV10I-80-I"},{"r":"43","t":"17:09:19","h":"Ouest","s":"25N-H54NV20I-80-I"},{"r":"43","t":"17:09:19","h":"Ouest","s":"25S-H54S000I-82-I"},{"r":"43","t":"17:09:19","h":"Ouest","s":"25S-H54S100F-80-F1"},{"r":"43","t":"17:09:19","h":"Ouest","s":"25S-H54S200F-80-F2"},{"r":"43","t":"17:10:19","h":"Ouest","s":"25N-H54N000A-80-A"},{"r":"43","t":"17:10:19","h":"Ouest","s":"25N-H54NV10A-80-A"},{"r":"43","t":"17:10:19","h":"Ouest","s":"25N-H54NV20A-80-A"},{"r":"43","t":"17:10:19","h":"Ouest","s":"25S-H54S000A-83-A"},{"r":"86","t":"17:11:35","h":"Est","s":"25N-H54N000I-80-I"},{"r":"86","t":"17:11:35","h":"Est","s":"25N-H54N100F-80-F1"},{"r":"86","t":"17:11:35","h":"Est","s":"25N-H54N200F-80-F2"},{"r":"86","t":"17:11:35","h":"Est","s":"25N-H54N300F-80-F3"},{"r":"86","t":"17:11:35","h":"Est","s":"25N-H54N400F-80-F4"},{"r":"86","t":"17:11:35","h":"Est","s":"25N-H54NV10I-80-I"},{"r":"86","t":"17:11:35","h":"Est","s":"25N-H54NV20I-80-I"},{"r":"86","t":"17:11:35","h":"Est","s":"25S-H54S000I-82-I"},{"r":"86","t":"17:11:35","h":"Est","s":"25S-H54S100F-80-F1"},{"r":"86","t":"17:11:35","h":"Est","s":"25S-H54S200F-80-F2"},{"r":"43","t":"17:16:31","h":"Ouest","s":"25N-H54N000S-80-S"},{"r":"43","t":"17:16:31","h":"Ouest","s":"25N-H54NV10S-82-S"},{"r":"43","t":"17:16:31","h":"Ouest","s":"25N-H54NV20S-80-S"},{"r":"43","t":"17:16:31","h":"Ouest","s":"25S-H54S000S-82-S"},{"r":"86","t":"17:17:47","h":"Est","s":"25N-H54N000S-80-S"},{"r":"86","t":"17:17:47","h":"Est","s":"25N-H54NV10S-82-S"},{"r":"86","t":"17:17:47","h":"Est","s":"25N-H54NV20S-80-S"},{"r":"86","t":"17:17:47","h":"Est","s":"25S-H54S000S-82-S"},{"r":"86","t":"17:20:47","h":"Est","s":"25N-H54N000A-80-A"},{"r":"86","t":"17:20:47","h":"Est","s":"25N-H54NV10A-80-A"},{"r":"86","t":"17:20:47","h":"Est","s":"25N-H54NV20A-80-A"},{"r":"86","t":"17:20:47","h":"Est","s":"25S-H54S000A-83-A"},{"r":"43","t":"17:38:19","h":"Ouest","s":"25N-H54N000I-80-I"},{"r":"43","t":"17:38:19","h":"Ouest","s":"25N-H54N100F-80-F1"},{"r":"43","t":"17:38:19","h":"Ouest","s":"25N-H54N200F-80-F2"},{"r":"43","t":"17:38:19","h":"Ouest","s":"25N-H54N300F-80-F3"},{"r":"43","t":"17:38:19","h":"Ouest","s":"25N-H54N400F-80-F4"},{"r":"43","t":"17:38:19","h":"Ouest","s":"25N-H54NV10I-80-I"},{"r":"43","t":"17:38:19","h":"Ouest","s":"25N-H54NV20I-80-I"},{"r":"43","t":"17:38:19","h":"Ouest","s":"25S-H54S000I-82-I"},{"r":"43","t":"17:38:19","h":"Ouest","s":"25S-H54S100F-80-F1"},{"r":"43","t":"17:38:19","h":"Ouest","s":"25S-H54S200F-80-F2"},{"r":"43","t":"17:40:19","h":"Ouest","s":"25N-H54N000A-80-A"},{"r":"43","t":"17:40:19","h":"Ouest","s":"25N-H54NV10A-80-A"},{"r":"43","t":"17:40:19","h":"Ouest","s":"25N-H54NV20A-80-A"},{"r":"43","t":"17:40:19","h":"Ouest","s":"25S-H54S000A-83-A"},{"r":"86","t":"17:44:35","h":"Est","s":"25N-H54N000I-80-I"},{"r":"86","t":"17:44:35","h":"Est","s":"25N-H54N100F-80-F1"},{"r":"86","t":"17:44:35","h":"Est","s":"25N-H54N200F-80-F2"},{"r":"86","t":"17:44:35","h":"Est","s":"25N-H54N300F-80-F3"},{"r":"86","t":"17:44:35","h":"Est","s":"25N-H54N400F-80-F4"},{"r":"86","t":"17:44:35","h":"Est","s":"25N-H54NV10I-80-I"},{"r":"86","t":"17:44:35","h":"Est","s":"25N-H54NV20I-80-I"},{"r":"86","t":"17:44:35","h":"Est","s":"25S-H54S000I-82-I"},{"r":"86","t":"17:44:35","h":"Est","s":"25S-H54S100F-80-F1"},{"r":"86","t":"17:44:35","h":"Est","s":"25S-H54S200F-80-F2"},{"r":"43","t":"17:48:31","h":"Ouest","s":"25N-H54N000S-80-S"},{"r":"43","t":"17:48:31","h":"Ouest","s":"25N-H54NV10S-82-S"},{"r":"43","t":"17:48:31","h":"Ouest","s":"25N-H54NV20S-80-S"},{"r":"43","t":"17:48:31","h":"Ouest","s":"25S-H54S000S-82-S"},{"r":"86","t":"17:50:47","h":"Est","s":"25N-H54N000S-80-S"},{"r":"86","t":"17:50:47","h":"Est","s":"25N-H54NV10S-82-S"},{"r":"86","t":"17:50:47","h":"Est","s":"25N-H54NV20S-80-S"},{"r":"86","t":"17:50:47","h":"Est","s":"25S-H54S000S-82-S"},{"r":"86","t":"17:53:47","h":"Est","s":"25N-H54N000A-80-A"},{"r":"86","t":"17:53:47","h":"Est","s":"25N-H54NV10A-80-A"},{"r":"86","t":"17:53:47","h":"Est","s":"25N-H54NV20A-80-A"},{"r":"86","t":"17:53:47","h":"Est","s":"25S-H54S000A-83-A"},{"r":"43","t":"18:07:19","h":"Ouest","s":"25N-H54N000I-80-I"},{"r":"43","t":"18:07:19","h":"Ouest","s":"25N-H54N100F-80-F1"},{"r":"43","t":"18:07:19","h":"Ouest","s":"25N-H54N200F-80-F2"},{"r":"43","t":"18:07:19","h":"Ouest","s":"25N-H54N300F-80-F3"},{"r":"43","t":"18:07:19","h":"Ouest","s":"25N-H54N400F-80-F4"},{"r":"43","t":"18:07:19","h":"Ouest","s":"25N-H54NV10I-80-I"},{"r":"43","t":"18:07:19","h":"Ouest","s":"25N-H54NV20I-80-I"},{"r":"43","t":"18:07:19","h":"Ouest","s":"25S-H54S000I-82-I"},{"r":"43","t":"18:07:19","h":"Ouest","s":"25S-H54S100F-80-F1"},{"r":"43","t":"18:07:19","h":"Ouest","s":"25S-H54S200F-80-F2"},{"r":"43","t":"18:10:19","h":"Ouest","s":"25N-H54N000A-80-A"},{"r":"43","t":"18:10:19","h":"Ouest","s":"25N-H54NV10A-80-A"},{"r":"43","t":"18:10:19","h":"Ouest","s":"25N-H54NV20A-80-A"},{"r":"43","t":"18:10:19","h":"Ouest","s":"25S-H54S000A-83-A"},{"r":"86","t":"18:17:35","h":"Est","s":"25N-H54N000I-80-I"},{"r":"86","t":"18:17:35","h":"Est","s":"25N-H54N100F-80-F1"},{"r":"86","t":"18:17:35","h":"Est","s":"25N-H54N200F-80-F2"},{"r":"86","t":"18:17:35","h":"Est","s":"25N-H54N300F-80-F3"},{"r":"86","t":"18:17:35","h":"Est","s":"25N-H54N400F-80-F4"},{"r":"86","t":"18:17:35","h":"Est","s":"25N-H54NV10I-80-I"},{"r":"86","t":"18:17:35","h":"Est","s":"25N-H54NV20I-80-I"},{"r":"86","t":"18:17:35","h":"Est","s":"25S-H54S000I-82-I"},{"r":"86","t":"18:17:35","h":"Est","s":"25S-H54S100F-80-F1"},{"r":"86","t":"18:17:35","h":"Est","s":"25S-H54S200F-80-F2"},{"r":"43","t":"18:19:25","h":"Ouest","s":"25N-H54N000S-80-S"},{"r":"43","t":"18:19:25","h":"Ouest","s":"25N-H54NV10S-82-S"},{"r":"43","t":"18:19:25","h":"Ouest","s":"25N-H54NV20S-80-S"},{"r":"43","t":"18:19:25","h":"Ouest","s":"25S-H54S000S-82-S"},{"r":"86","t":"18:21:35","h":"Est","s":"25N-H54N000S-80-S"},{"r":"86","t":"18:21:35","h":"Est","s":"25N-H54NV10S-82-S"},{"r":"86","t":"18:21:35","h":"Est","s":"25N-H54NV20S-80-S"},{"r":"86","t":"18:21:35","h":"Est","s":"25S-H54S000S-82-S"},{"r":"86","t":"18:26:47","h":"Est","s":"25N-H54N000A-80-A"},{"r":"86","t":"18:26:47","h":"Est","s":"25N-H54NV10A-80-A"},{"r":"86","t":"18:26:47","h":"Est","s":"25N-H54NV20A-80-A"},{"r":"86","t":"18:26:47","h":"Est","s":"25S-H54S000A-83-A"},{"r":"43","t":"18:36:19","h":"Ouest","s":"25N-H54N000I-80-I"},{"r":"43","t":"18:36:19","h":"Ouest","s":"25N-H54N100F-80-F1"},{"r":"43","t":"18:36:19","h":"Ouest","s":"25N-H54N200F-80-F2"},{"r":"43","t":"18:36:19","h":"Ouest","s":"25N-H54N300F-80-F3"},{"r":"43","t":"18:36:19","h":"Ouest","s":"25N-H54N400F-80-F4"},{"r":"43","t":"18:36:19","h":"Ouest","s":"25N-H54NV10I-80-I"},{"r":"43","t":"18:36:19","h":"Ouest","s":"25N-H54NV20I-80-I"},{"r":"43","t":"18:36:19","h":"Ouest","s":"25S-H54S000I-82-I"},{"r":"43","t":"18:36:19","h":"Ouest","s":"25S-H54S100F-80-F1"},{"r":"43","t":"18:36:19","h":"Ouest","s":"25S-H54S200F-80-F2"},{"r":"43","t":"18:39:19","h":"Ouest","s":"25N-H54N000A-80-A"},{"r":"43","t":"18:39:19","h":"Ouest","s":"25N-H54NV10A-80-A"},{"r":"43","t":"18:39:19","h":"Ouest","s":"25N-H54NV20A-80-A"},{"r":"43","t":"18:39:19","h":"Ouest","s":"25S-H54S000A-83-A"},{"r":"43","t":"18:45:25","h":"Ouest","s":"25N-H54N000S-80-S"},{"r":"43","t":"18:45:25","h":"Ouest","s":"25N-H54NV10S-82-S"},{"r":"43","t":"18:45:25","h":"Ouest","s":"25N-H54NV20S-80-S"},{"r":"43","t":"18:45:25","h":"Ouest","s":"25S-H54S000S-82-S"},{"r":"86","t":"18:50:35","h":"Est","s":"25N-H54N000I-80-I"},{"r":"86","t":"18:50:35","h":"Est","s":"25N-H54N100F-80-F1"},{"r":"86","t":"18:50:35","h":"Est","s":"25N-H54N200F-80-F2"},{"r":"86","t":"18:50:35","h":"Est","s":"25N-H54N300F-80-F3"},{"r":"86","t":"18:50:35","h":"Est","s":"25N-H54N400F-80-F4"},{"r":"86","t":"18:50:35","h":"Est","s":"25N-H54NV10I-80-I"},{"r":"86","t":"18:50:35","h":"Est","s":"25N-H54NV20I-80-I"},{"r":"86","t":"18:50:35","h":"Est","s":"25S-H54S000I-82-I"},{"r":"86","t":"18:50:35","h":"Est","s":"25S-H54S100F-80-F1"},{"r":"86","t":"18:50:35","h":"Est","s":"25S-H54S200F-80-F2"},{"r":"86","t":"18:51:35","h":"Est","s":"25N-H54N000S-80-S"},{"r":"86","t":"18:51:35","h":"Est","s":"25N-H54NV10S-82-S"},{"r":"86","t":"18:51:35","h":"Est","s":"25N-H54NV20S-80-S"},{"r":"86","t":"18:51:35","h":"Est","s":"25S-H54S000S-82-S"},{"r":"86","t":"18:59:47","h":"Est","s":"25N-H54N000A-80-A"},{"r":"86","t":"18:59:47","h":"Est","s":"25N-H54NV10A-80-A"},{"r":"86","t":"18:59:47","h":"Est","s":"25N-H54NV20A-80-A"},{"r":"86","t":"18:59:47","h":"Est","s":"25S-H54S000A-83-A"},{"r":"43","t":"19:04:19","h":"Ouest","s":"25N-H54N000I-80-I"},{"r":"43","t":"19:04:19","h":"Ouest","s":"25N-H54N100F-80-F1"},{"r":"43","t":"19:04:19","h":"Ouest","s":"25N-H54N200F-80-F2"},{"r":"43","t":"19:04:19","h":"Ouest","s":"25N-H54N300F-80-F3"},{"r":"43","t":"19:04:19","h":"Ouest","s":"25N-H54N400F-80-F4"},{"r":"43","t":"19:04:19","h":"Ouest","s":"25N-H54NV10I-80-I"},{"r":"43","t":"19:04:19","h":"Ouest","s":"25N-H54NV20I-80-I"},{"r":"43","t":"19:04:19","h":"Ouest","s":"25S-H54S000I-82-I"},{"r":"43","t":"19:04:19","h":"Ouest","s":"25S-H54S100F-80-F1"},{"r":"43","t":"19:04:19","h":"Ouest","s":"25S-H54S200F-80-F2"},{"r":"43","t":"19:08:19","h":"Ouest","s":"25N-H54N000A-80-A"},{"r":"43","t":"19:08:19","h":"Ouest","s":"25N-H54NV10A-80-A"},{"r":"43","t":"19:08:19","h":"Ouest","s":"25N-H54NV20A-80-A"},{"r":"43","t":"19:08:19","h":"Ouest","s":"25S-H54S000A-83-A"},{"r":"43","t":"19:14:25","h":"Ouest","s":"25N-H54N000S-80-S"},{"r":"43","t":"19:14:25","h":"Ouest","s":"25N-H54NV10S-82-S"},{"r":"43","t":"19:14:25","h":"Ouest","s":"25N-H54NV20S-80-S"},{"r":"43","t":"19:14:25","h":"Ouest","s":"25S-H54S000S-82-S"},{"r":"86","t":"19:21:35","h":"Est","s":"25N-H54N000S-80-S"},{"r":"86","t":"19:21:35","h":"Est","s":"25N-H54NV10S-82-S"},{"r":"86","t":"19:21:35","h":"Est","s":"25N-H54NV20S-80-S"},{"r":"86","t":"19:21:35","h":"Est","s":"25S-H54S000S-82-S"},{"r":"86","t":"19:23:35","h":"Est","s":"25N-H54N000I-80-I"},{"r":"86","t":"19:23:35","h":"Est","s":"25N-H54N100F-80-F1"},{"r":"86","t":"19:23:35","h":"Est","s":"25N-H54N200F-80-F2"},{"r":"86","t":"19:23:35","h":"Est","s":"25N-H54N300F-80-F3"},{"r":"86","t":"19:23:35","h":"Est","s":"25N-H54N400F-80-F4"},{"r":"86","t":"19:23:35","h":"Est","s":"25N-H54NV10I-80-I"},{"r":"86","t":"19:23:35","h":"Est","s":"25N-H54NV20I-80-I"},{"r":"86","t":"19:23:35","h":"Est","s":"25S-H54S000I-82-I"},{"r":"86","t":"19:23:35","h":"Est","s":"25S-H54S100F-80-F1"},{"r":"86","t":"19:23:35","h":"Est","s":"25S-H54S200F-80-F2"},{"r":"43","t":"19:32:19","h":"Ouest","s":"25N-H54N000I-80-I"},{"r":"43","t":"19:32:19","h":"Ouest","s":"25N-H54N100F-80-F1"},{"r":"43","t":"19:32:19","h":"Ouest","s":"25N-H54N200F-80-F2"},{"r":"43","t":"19:32:19","h":"Ouest","s":"25N-H54N300F-80-F3"},{"r":"43","t":"19:32:19","h":"Ouest","s":"25N-H54N400F-80-F4"},{"r":"43","t":"19:32:19","h":"Ouest","s":"25N-H54NV10I-80-I"},{"r":"43","t":"19:32:19","h":"Ouest","s":"25N-H54NV20I-80-I"},{"r":"43","t":"19:32:19","h":"Ouest","s":"25S-H54S000I-82-I"},{"r":"43","t":"19:32:19","h":"Ouest","s":"25S-H54S100F-80-F1"},{"r":"43","t":"19:32:19","h":"Ouest","s":"25S-H54S200F-80-F2"},{"r":"86","t":"19:32:47","h":"Est","s":"25N-H54N000A-80-A"},{"r":"86","t":"19:32:47","h":"Est","s":"25N-H54NV10A-80-A"},{"r":"86","t":"19:32:47","h":"Est","s":"25N-H54NV20A-80-A"},{"r":"86","t":"19:32:47","h":"Est","s":"25S-H54S000A-83-A"},{"r":"43","t":"19:37:19","h":"Ouest","s":"25N-H54N000A-80-A"},{"r":"43","t":"19:37:19","h":"Ouest","s":"25N-H54NV10A-80-A"},{"r":"43","t":"19:37:19","h":"Ouest","s":"25N-H54NV20A-80-A"},{"r":"43","t":"19:37:19","h":"Ouest","s":"25S-H54S000A-83-A"},{"r":"43","t":"19:44:25","h":"Ouest","s":"25N-H54N000S-80-S"},{"r":"43","t":"19:44:25","h":"Ouest","s":"25N-H54NV10S-82-S"},{"r":"43","t":"19:44:25","h":"Ouest","s":"25N-H54NV20S-80-S"},{"r":"43","t":"19:44:25","h":"Ouest","s":"25S-H54S000S-82-S"},{"r":"86","t":"19:50:35","h":"Est","s":"25N-H54N000S-80-S"},{"r":"86","t":"19:50:35","h":"Est","s":"25N-H54NV10S-82-S"},{"r":"86","t":"19:50:35","h":"Est","s":"25N-H54NV20S-80-S"},{"r":"86","t":"19:50:35","h":"Est","s":"25S-H54S000S-82-S"},{"r":"86","t":"19:55:35","h":"Est","s":"25N-H54N000I-80-I"},{"r":"86","t":"19:55:35","h":"Est","s":"25N-H54N100F-80-F1"},{"r":"86","t":"19:55:35","h":"Est","s":"25N-H54N200F-80-F2"},{"r":"86","t":"19:55:35","h":"Est","s":"25N-H54N300F-80-F3"},{"r":"86","t":"19:55:35","h":"Est","s":"25N-H54N400F-80-F4"},{"r":"86","t":"19:55:35","h":"Est","s":"25N-H54NV10I-80-I"},{"r":"86","t":"19:55:35","h":"Est","s":"25N-H54NV20I-80-I"},{"r":"86","t":"19:55:35","h":"Est","s":"25S-H54S000I-82-I"},{"r":"86","t":"19:55:35","h":"Est","s":"25S-H54S100F-80-F1"},{"r":"86","t":"19:55:35","h":"Est","s":"25S-H54S200F-80-F2"},{"r":"43","t":"20:03:19","h":"Ouest","s":"25N-H54N000I-80-I"},{"r":"43","t":"20:03:19","h":"Ouest","s":"25N-H54N100F-80-F1"},{"r":"43","t":"20:03:19","h":"Ouest","s":"25N-H54N200F-80-F2"},{"r":"43","t":"20:03:19","h":"Ouest","s":"25N-H54N300F-80-F3"},{"r":"43","t":"20:03:19","h":"Ouest","s":"25N-H54N400F-80-F4"},{"r":"43","t":"20:03:19","h":"Ouest","s":"25N-H54NV10I-80-I"},{"r":"43","t":"20:03:19","h":"Ouest","s":"25N-H54NV20I-80-I"},{"r":"43","t":"20:03:19","h":"Ouest","s":"25S-H54S000I-82-I"},{"r":"43","t":"20:03:19","h":"Ouest","s":"25S-H54S100F-80-F1"},{"r":"43","t":"20:03:19","h":"Ouest","s":"25S-H54S200F-80-F2"},{"r":"86","t":"20:05:47","h":"Est","s":"25N-H54N000A-80-A"},{"r":"86","t":"20:05:47","h":"Est","s":"25N-H54NV10A-80-A"},{"r":"86","t":"20:05:47","h":"Est","s":"25N-H54NV20A-80-A"},{"r":"86","t":"20:05:47","h":"Est","s":"25S-H54S000A-83-A"},{"r":"43","t":"20:06:19","h":"Ouest","s":"25N-H54N000A-80-A"},{"r":"43","t":"20:06:19","h":"Ouest","s":"25N-H54NV10A-80-A"},{"r":"43","t":"20:06:19","h":"Ouest","s":"25N-H54NV20A-80-A"},{"r":"43","t":"20:06:19","h":"Ouest","s":"25S-H54S000A-83-A"},{"r":"43","t":"20:15:25","h":"Ouest","s":"25N-H54N000S-80-S"},{"r":"43","t":"20:15:25","h":"Ouest","s":"25N-H54NV10S-82-S"},{"r":"43","t":"20:15:25","h":"Ouest","s":"25N-H54NV20S-80-S"},{"r":"43","t":"20:15:25","h":"Ouest","s":"25S-H54S000S-82-S"},{"r":"86","t":"20:19:35","h":"Est","s":"25N-H54N000S-80-S"},{"r":"86","t":"20:19:35","h":"Est","s":"25N-H54NV10S-82-S"},{"r":"86","t":"20:19:35","h":"Est","s":"25N-H54NV20S-80-S"},{"r":"86","t":"20:19:35","h":"Est","s":"25S-H54S000S-82-S"},{"r":"86","t":"20:26:35","h":"Est","s":"25N-H54N000I-80-I"},{"r":"86","t":"20:26:35","h":"Est","s":"25N-H54N100F-80-F1"},{"r":"86","t":"20:26:35","h":"Est","s":"25N-H54N200F-80-F2"},{"r":"86","t":"20:26:35","h":"Est","s":"25N-H54N300F-80-F3"},{"r":"86","t":"20:26:35","h":"Est","s":"25N-H54N400F-80-F4"},{"r":"86","t":"20:26:35","h":"Est","s":"25N-H54NV10I-80-I"},{"r":"86","t":"20:26:35","h":"Est","s":"25N-H54NV20I-80-I"},{"r":"86","t":"20:26:35","h":"Est","s":"25S-H54S000I-82-I"},{"r":"86","t":"20:26:35","h":"Est","s":"25S-H54S100F-80-F1"},{"r":"86","t":"20:26:35","h":"Est","s":"25S-H54S200F-80-F2"},{"r":"43","t":"20:34:19","h":"Ouest","s":"25N-H54N000I-80-I"},{"r":"43","t":"20:34:19","h":"Ouest","s":"25N-H54N100F-80-F1"},{"r":"43","t":"20:34:19","h":"Ouest","s":"25N-H54N200F-80-F2"},{"r":"43","t":"20:34:19","h":"Ouest","s":"25N-H54N300F-80-F3"},{"r":"43","t":"20:34:19","h":"Ouest","s":"25N-H54N400F-80-F4"},{"r":"43","t":"20:34:19","h":"Ouest","s":"25N-H54NV10I-80-I"},{"r":"43","t":"20:34:19","h":"Ouest","s":"25N-H54NV20I-80-I"},{"r":"43","t":"20:34:19","h":"Ouest","s":"25S-H54S000I-82-I"},{"r":"43","t":"20:34:19","h":"Ouest","s":"25S-H54S100F-80-F1"},{"r":"43","t":"20:34:19","h":"Ouest","s":"25S-H54S200F-80-F2"},{"r":"43","t":"20:35:19","h":"Ouest","s":"25N-H54N000A-80-A"},{"r":"43","t":"20:35:19","h":"Ouest","s":"25N-H54NV10A-80-A"},{"r":"43","t":"20:35:19","h":"Ouest","s":"25N-H54NV20A-80-A"},{"r":"43","t":"20:35:19","h":"Ouest","s":"25S-H54S000A-83-A"},{"r":"86","t":"20:38:47","h":"Est","s":"25N-H54N000A-80-A"},{"r":"86","t":"20:38:47","h":"Est","s":"25N-H54NV10A-80-A"},{"r":"86","t":"20:38:47","h":"Est","s":"25N-H54NV20A-80-A"},{"r":"86","t":"20:38:47","h":"Est","s":"25S-H54S000A-83-A"},{"r":"43","t":"20:46:25","h":"Ouest","s":"25N-H54N000S-80-S"},{"r":"43","t":"20:46:25","h":"Ouest","s":"25N-H54NV10S-82-S"},{"r":"43","t":"20:46:25","h":"Ouest","s":"25N-H54NV20S-80-S"},{"r":"43","t":"20:46:25","h":"Ouest","s":"25S-H54S000S-82-S"},{"r":"86","t":"20:48:35","h":"Est","s":"25N-H54N000S-80-S"},{"r":"86","t":"20:48:35","h":"Est","s":"25N-H54NV10S-82-S"},{"r":"86","t":"20:48:35","h":"Est","s":"25N-H54NV20S-80-S"},{"r":"86","t":"20:48:35","h":"Est","s":"25S-H54S000S-82-S"},{"r":"86","t":"20:57:35","h":"Est","s":"25N-H54N000I-80-I"},{"r":"86","t":"20:57:35","h":"Est","s":"25N-H54N100F-80-F1"},{"r":"86","t":"20:57:35","h":"Est","s":"25N-H54N200F-80-F2"},{"r":"86","t":"20:57:35","h":"Est","s":"25N-H54N300F-80-F3"},{"r":"86","t":"20:57:35","h":"Est","s":"25N-H54N400F-80-F4"},{"r":"86","t":"20:57:35","h":"Est","s":"25N-H54NV10I-80-I"},{"r":"86","t":"20:57:35","h":"Est","s":"25N-H54NV20I-80-I"},{"r":"86","t":"20:57:35","h":"Est","s":"25S-H54S000I-82-I"},{"r":"86","t":"20:57:35","h":"Est","s":"25S-H54S100F-80-F1"},{"r":"86","t":"20:57:35","h":"Est","s":"25S-H54S200F-80-F2"},{"r":"43","t":"21:04:19","h":"Ouest","s":"25N-H54N000A-80-A"},{"r":"43","t":"21:04:19","h":"Ouest","s":"25N-H54NV10A-80-A"},{"r":"43","t":"21:04:19","h":"Ouest","s":"25N-H54NV20A-80-A"},{"r":"43","t":"21:04:19","h":"Ouest","s":"25S-H54S000A-83-A"},{"r":"43","t":"21:05:19","h":"Ouest","s":"25N-H54N000I-80-I"},{"r":"43","t":"21:05:19","h":"Ouest","s":"25N-H54N100F-80-F1"},{"r":"43","t":"21:05:19","h":"Ouest","s":"25N-H54N200F-80-F2"},{"r":"43","t":"21:05:19","h":"Ouest","s":"25N-H54N300F-80-F3"},{"r":"43","t":"21:05:19","h":"Ouest","s":"25N-H54N400F-80-F4"},{"r":"43","t":"21:05:19","h":"Ouest","s":"25N-H54NV10I-80-I"},{"r":"43","t":"21:05:19","h":"Ouest","s":"25N-H54NV20I-80-I"},{"r":"43","t":"21:05:19","h":"Ouest","s":"25S-H54S000I-82-I"},{"r":"43","t":"21:05:19","h":"Ouest","s":"25S-H54S100F-80-F1"},{"r":"43","t":"21:05:19","h":"Ouest","s":"25S-H54S200F-80-F2"},{"r":"86","t":"21:10:47","h":"Est","s":"25N-H54N000A-80-A"},{"r":"86","t":"21:10:47","h":"Est","s":"25N-H54NV10A-80-A"},{"r":"86","t":"21:10:47","h":"Est","s":"25N-H54NV20A-80-A"},{"r":"86","t":"21:10:47","h":"Est","s":"25S-H54S000A-83-A"},{"r":"43","t":"21:17:25","h":"Ouest","s":"25N-H54N000S-80-S"},{"r":"43","t":"21:17:25","h":"Ouest","s":"25N-H54NV10S-82-S"},{"r":"43","t":"21:17:25","h":"Ouest","s":"25N-H54NV20S-80-S"},{"r":"43","t":"21:17:25","h":"Ouest","s":"25S-H54S000S-82-S"},{"r":"86","t":"21:17:35","h":"Est","s":"25N-H54N000S-80-S"},{"r":"86","t":"21:17:35","h":"Est","s":"25N-H54NV10S-82-S"},{"r":"86","t":"21:17:35","h":"Est","s":"25N-H54NV20S-80-S"},{"r":"86","t":"21:17:35","h":"Est","s":"25S-H54S000S-82-S"},{"r":"86","t":"21:27:35","h":"Est","s":"25N-H54N000I-80-I"},{"r":"86","t":"21:27:35","h":"Est","s":"25N-H54N100F-80-F1"},{"r":"86","t":"21:27:35","h":"Est","s":"25N-H54N200F-80-F2"},{"r":"86","t":"21:27:35","h":"Est","s":"25N-H54N300F-80-F3"},{"r":"86","t":"21:27:35","h":"Est","s":"25N-H54N400F-80-F4"},{"r":"86","t":"21:27:35","h":"Est","s":"25N-H54NV10I-80-I"},{"r":"86","t":"21:27:35","h":"Est","s":"25N-H54NV20I-80-I"},{"r":"86","t":"21:27:35","h":"Est","s":"25S-H54S000I-82-I"},{"r":"86","t":"21:27:35","h":"Est","s":"25S-H54S100F-80-F1"},{"r":"86","t":"21:27:35","h":"Est","s":"25S-H54S200F-80-F2"},{"r":"43","t":"21:33:12","h":"Ouest","s":"25N-H54N000I-80-I"},{"r":"43","t":"21:33:12","h":"Ouest","s":"25N-H54N100F-80-F1"},{"r":"43","t":"21:33:12","h":"Ouest","s":"25N-H54N200F-80-F2"},{"r":"43","t":"21:33:12","h":"Ouest","s":"25N-H54N300F-80-F3"},{"r":"43","t":"21:33:12","h":"Ouest","s":"25N-H54N400F-80-F4"},{"r":"43","t":"21:33:12","h":"Ouest","s":"25N-H54NV10I-80-I"},{"r":"43","t":"21:33:12","h":"Ouest","s":"25N-H54NV20I-80-I"},{"r":"43","t":"21:33:12","h":"Ouest","s":"25S-H54S000I-82-I"},{"r":"43","t":"21:33:12","h":"Ouest","s":"25S-H54S100F-80-F1"},{"r":"43","t":"21:33:12","h":"Ouest","s":"25S-H54S200F-80-F2"},{"r":"43","t":"21:35:19","h":"Ouest","s":"25N-H54N000A-80-A"},{"r":"43","t":"21:35:19","h":"Ouest","s":"25N-H54NV10A-80-A"},{"r":"43","t":"21:35:19","h":"Ouest","s":"25N-H54NV20A-80-A"},{"r":"43","t":"21:35:19","h":"Ouest","s":"25S-H54S000A-83-A"},{"r":"86","t":"21:42:47","h":"Est","s":"25N-H54N000A-80-A"},{"r":"86","t":"21:42:47","h":"Est","s":"25N-H54NV10A-80-A"},{"r":"86","t":"21:42:47","h":"Est","s":"25N-H54NV20A-80-A"},{"r":"86","t":"21:42:47","h":"Est","s":"25S-H54S000A-83-A"},{"r":"86","t":"21:46:35","h":"Est","s":"25N-H54N000S-80-S"},{"r":"86","t":"21:46:35","h":"Est","s":"25N-H54NV10S-82-S"},{"r":"86","t":"21:46:35","h":"Est","s":"25N-H54NV20S-80-S"},{"r":"86","t":"21:46:35","h":"Est","s":"25S-H54S000S-82-S"},{"r":"43","t":"21:48:25","h":"Ouest","s":"25N-H54N000S-80-S"},{"r":"43","t":"21:48:25","h":"Ouest","s":"25N-H54NV10S-82-S"},{"r":"43","t":"21:48:25","h":"Ouest","s":"25N-H54NV20S-80-S"},{"r":"43","t":"21:48:25","h":"Ouest","s":"25S-H54S000S-82-S"},{"r":"86","t":"21:57:35","h":"Est","s":"25N-H54N000I-80-I"},{"r":"86","t":"21:57:35","h":"Est","s":"25N-H54N100F-80-F1"},{"r":"86","t":"21:57:35","h":"Est","s":"25N-H54N200F-80-F2"},{"r":"86","t":"21:57:35","h":"Est","s":"25N-H54N300F-80-F3"},{"r":"86","t":"21:57:35","h":"Est","s":"25N-H54N400F-80-F4"},{"r":"86","t":"21:57:35","h":"Est","s":"25N-H54NV10I-80-I"},{"r":"86","t":"21:57:35","h":"Est","s":"25N-H54NV20I-80-I"},{"r":"86","t":"21:57:35","h":"Est","s":"25S-H54S000I-82-I"},{"r":"86","t":"21:57:35","h":"Est","s":"25S-H54S100F-80-F1"},{"r":"86","t":"21:57:35","h":"Est","s":"25S-H54S200F-80-F2"},{"r":"43","t":"22:01:12","h":"Ouest","s":"25N-H54N000I-80-I"},{"r":"43","t":"22:01:12","h":"Ouest","s":"25N-H54N100F-80-F1"},{"r":"43","t":"22:01:12","h":"Ouest","s":"25N-H54N200F-80-F2"},{"r":"43","t":"22:01:12","h":"Ouest","s":"25N-H54N300F-80-F3"},{"r":"43","t":"22:01:12","h":"Ouest","s":"25N-H54N400F-80-F4"},{"r":"43","t":"22:01:12","h":"Ouest","s":"25N-H54NV10I-80-I"},{"r":"43","t":"22:01:12","h":"Ouest","s":"25N-H54NV20I-80-I"},{"r":"43","t":"22:01:12","h":"Ouest","s":"25S-H54S000I-82-I"},{"r":"43","t":"22:01:12","h":"Ouest","s":"25S-H54S100F-80-F1"},{"r":"43","t":"22:01:12","h":"Ouest","s":"25S-H54S200F-80-F2"},{"r":"43","t":"22:06:19","h":"Ouest","s":"25N-H54N000A-80-A"},{"r":"43","t":"22:06:19","h":"Ouest","s":"25N-H54NV10A-80-A"},{"r":"43","t":"22:06:19","h":"Ouest","s":"25N-H54NV20A-80-A"},{"r":"43","t":"22:06:19","h":"Ouest","s":"25S-H54S000A-83-A"},{"r":"86","t":"22:14:35","h":"Est","s":"25N-H54N000A-80-A"},{"r":"86","t":"22:14:35","h":"Est","s":"25N-H54NV10A-80-A"},{"r":"86","t":"22:14:35","h":"Est","s":"25N-H54NV20A-80-A"},{"r":"86","t":"22:14:35","h":"Est","s":"25S-H54S000A-83-A"},{"r":"86","t":"22:16:35","h":"Est","s":"25N-H54N000S-80-S"},{"r":"86","t":"22:16:35","h":"Est","s":"25N-H54NV10S-82-S"},{"r":"86","t":"22:16:35","h":"Est","s":"25N-H54NV20S-80-S"},{"r":"86","t":"22:16:35","h":"Est","s":"25S-H54S000S-82-S"},{"r":"43","t":"22:19:25","h":"Ouest","s":"25N-H54N000S-80-S"},{"r":"43","t":"22:19:25","h":"Ouest","s":"25N-H54NV10S-82-S"},{"r":"43","t":"22:19:25","h":"Ouest","s":"25N-H54NV20S-80-S"},{"r":"43","t":"22:19:25","h":"Ouest","s":"25S-H54S000S-82-S"},{"r":"86","t":"22:27:35","h":"Est","s":"25N-H54N000I-80-I"},{"r":"86","t":"22:27:35","h":"Est","s":"25N-H54N100F-80-F1"},{"r":"86","t":"22:27:35","h":"Est","s":"25N-H54N200F-80-F2"},{"r":"86","t":"22:27:35","h":"Est","s":"25N-H54N300F-80-F3"},{"r":"86","t":"22:27:35","h":"Est","s":"25N-H54N400F-80-F4"},{"r":"86","t":"22:27:35","h":"Est","s":"25N-H54NV10I-80-I"},{"r":"86","t":"22:27:35","h":"Est","s":"25N-H54NV20I-80-I"},{"r":"86","t":"22:27:35","h":"Est","s":"25S-H54S000I-82-I"},{"r":"86","t":"22:27:35","h":"Est","s":"25S-H54S100F-80-F1"},{"r":"86","t":"22:27:35","h":"Est","s":"25S-H54S200F-80-F2"},{"r":"86","t":"22:46:35","h":"Est","s":"25N-H54N000A-80-A"},{"r":"86","t":"22:46:35","h":"Est","s":"25N-H54N000S-80-S"},{"r":"86","t":"22:46:35","h":"Est","s":"25N-H54NV10A-80-A"},{"r":"86","t":"22:46:35","h":"Est","s":"25N-H54NV10S-82-S"},{"r":"86","t":"22:46:35","h":"Est","s":"25N-H54NV20A-80-A"},{"r":"86","t":"22:46:35","h":"Est","s":"25N-H54NV20S-80-S"},{"r":"86","t":"22:46:35","h":"Est","s":"25S-H54S000A-83-A"},{"r":"86","t":"22:46:35","h":"Est","s":"25S-H54S000S-82-S"},{"r":"43","t":"22:52:12","h":"Ouest","s":"25N-H54N000I-80-I"},{"r":"43","t":"22:52:12","h":"Ouest","s":"25N-H54N100F-80-F1"},{"r":"43","t":"22:52:12","h":"Ouest","s":"25N-H54N200F-80-F2"},{"r":"43","t":"22:52:12","h":"Ouest","s":"25N-H54N300F-80-F3"},{"r":"43","t":"22:52:12","h":"Ouest","s":"25N-H54N400F-80-F4"},{"r":"43","t":"22:52:12","h":"Ouest","s":"25N-H54NV10I-80-I"},{"r":"43","t":"22:52:12","h":"Ouest","s":"25N-H54NV20I-80-I"},{"r":"43","t":"22:52:12","h":"Ouest","s":"25S-H54S000I-82-I"},{"r":"43","t":"22:52:12","h":"Ouest","s":"25S-H54S100F-80-F1"},{"r":"43","t":"22:52:12","h":"Ouest","s":"25S-H54S200F-80-F2"},{"r":"43","t":"22:56:19","h":"Ouest","s":"25N-H54N000S-80-S"},{"r":"43","t":"22:56:19","h":"Ouest","s":"25N-H54NV10S-82-S"},{"r":"43","t":"22:56:19","h":"Ouest","s":"25N-H54NV20S-80-S"},{"r":"43","t":"22:56:19","h":"Ouest","s":"25S-H54S000S-82-S"},{"r":"86","t":"22:58:35","h":"Est","s":"25N-H54N000I-80-I"},{"r":"86","t":"22:58:35","h":"Est","s":"25N-H54N100F-80-F1"},{"r":"86","t":"22:58:35","h":"Est","s":"25N-H54N200F-80-F2"},{"r":"86","t":"22:58:35","h":"Est","s":"25N-H54N300F-80-F3"},{"r":"86","t":"22:58:35","h":"Est","s":"25N-H54N400F-80-F4"},{"r":"86","t":"22:58:35","h":"Est","s":"25N-H54NV10I-80-I"},{"r":"86","t":"22:58:35","h":"Est","s":"25N-H54NV20I-80-I"},{"r":"86","t":"22:58:35","h":"Est","s":"25S-H54S000I-82-I"},{"r":"86","t":"22:58:35","h":"Est","s":"25S-H54S100F-80-F1"},{"r":"86","t":"22:58:35","h":"Est","s":"25S-H54S200F-80-F2"},{"r":"43","t":"23:01:19","h":"Ouest","s":"25N-H54N000A-80-A"},{"r":"43","t":"23:01:19","h":"Ouest","s":"25N-H54NV10A-80-A"},{"r":"43","t":"23:01:19","h":"Ouest","s":"25N-H54NV20A-80-A"},{"r":"43","t":"23:01:19","h":"Ouest","s":"25S-H54S000A-83-A"},{"r":"86","t":"23:15:35","h":"Est","s":"25N-H54N000S-80-S"},{"r":"86","t":"23:15:35","h":"Est","s":"25N-H54NV10S-82-S"},{"r":"86","t":"23:15:35","h":"Est","s":"25N-H54NV20S-80-S"},{"r":"86","t":"23:15:35","h":"Est","s":"25S-H54S000S-82-S"},{"r":"86","t":"23:18:35","h":"Est","s":"25N-H54N000A-80-A"},{"r":"86","t":"23:18:35","h":"Est","s":"25N-H54NV10A-80-A"},{"r":"86","t":"23:18:35","h":"Est","s":"25N-H54NV20A-80-A"},{"r":"86","t":"23:18:35","h":"Est","s":"25S-H54S000A-83-A"},{"r":"86","t":"23:29:35","h":"Est","s":"25N-H54N000I-80-I"},{"r":"86","t":"23:29:35","h":"Est","s":"25N-H54N100F-80-F1"},{"r":"86","t":"23:29:35","h":"Est","s":"25N-H54N200F-80-F2"},{"r":"86","t":"23:29:35","h":"Est","s":"25N-H54N300F-80-F3"},{"r":"86","t":"23:29:35","h":"Est","s":"25N-H54N400F-80-F4"},{"r":"86","t":"23:29:35","h":"Est","s":"25N-H54NV10I-80-I"},{"r":"86","t":"23:29:35","h":"Est","s":"25N-H54NV20I-80-I"},{"r":"86","t":"23:29:35","h":"Est","s":"25S-H54S000I-82-I"},{"r":"86","t":"23:29:35","h":"Est","s":"25S-H54S100F-80-F1"},{"r":"86","t":"23:29:35","h":"Est","s":"25S-H54S200F-80-F2"},{"r":"43","t":"23:41:19","h":"Ouest","s":"25N-H54N000S-80-S"},{"r":"43","t":"23:41:19","h":"Ouest","s":"25N-H54NV10S-82-S"},{"r":"43","t":"23:41:19","h":"Ouest","s":"25N-H54NV20S-80-S"},{"r":"43","t":"23:41:19","h":"Ouest","s":"25S-H54S000S-82-S"},{"r":"86","t":"23:44:35","h":"Est","s":"25N-H54N000S-80-S"},{"r":"86","t":"23:44:35","h":"Est","s":"25N-H54NV10S-82-S"},{"r":"86","t":"23:44:35","h":"Est","s":"25N-H54NV20S-80-S"},{"r":"86","t":"23:44:35","h":"Est","s":"25S-H54S000S-82-S"},{"r":"43","t":"23:45:12","h":"Ouest","s":"25N-H54N000I-80-I"},{"r":"43","t":"23:45:12","h":"Ouest","s":"25N-H54N100F-80-F1"},{"r":"43","t":"23:45:12","h":"Ouest","s":"25N-H54N200F-80-F2"},{"r":"43","t":"23:45:12","h":"Ouest","s":"25N-H54N300F-80-F3"},{"r":"43","t":"23:45:12","h":"Ouest","s":"25N-H54N400F-80-F4"},{"r":"43","t":"23:45:12","h":"Ouest","s":"25N-H54NV10I-80-I"},{"r":"43","t":"23:45:12","h":"Ouest","s":"25N-H54NV20I-80-I"},{"r":"43","t":"23:45:12","h":"Ouest","s":"25S-H54S000I-82-I"},{"r":"43","t":"23:45:12","h":"Ouest","s":"25S-H54S100F-80-F1"},{"r":"43","t":"23:45:12","h":"Ouest","s":"25S-H54S200F-80-F2"},{"r":"86","t":"23:51:35","h":"Est","s":"25N-H54N000A-80-A"},{"r":"86","t":"23:51:35","h":"Est","s":"25N-H54NV10A-80-A"},{"r":"86","t":"23:51:35","h":"Est","s":"25N-H54NV20A-80-A"},{"r":"86","t":"23:51:35","h":"Est","s":"25S-H54S000A-83-A"},{"r":"43","t":"23:58:19","h":"Ouest","s":"25N-H54N000A-80-A"},{"r":"43","t":"23:58:19","h":"Ouest","s":"25N-H54NV10A-80-A"},{"r":"43","t":"23:58:19","h":"Ouest","s":"25N-H54NV20A-80-A"},{"r":"43","t":"23:58:19","h":"Ouest","s":"25S-H54S000A-83-A"},{"r":"86","t":"24:01:35","h":"Est","s":"25N-H54N000I-80-I"},{"r":"86","t":"24:01:35","h":"Est","s":"25N-H54N100F-80-F1"},{"r":"86","t":"24:01:35","h":"Est","s":"25N-H54N200F-80-F2"},{"r":"86","t":"24:01:35","h":"Est","s":"25N-H54N300F-80-F3"},{"r":"86","t":"24:01:35","h":"Est","s":"25N-H54N400F-80-F4"},{"r":"86","t":"24:01:35","h":"Est","s":"25N-H54NV10I-80-I"},{"r":"86","t":"24:01:35","h":"Est","s":"25N-H54NV20I-80-I"},{"r":"86","t":"24:01:35","h":"Est","s":"25S-H54S000I-82-I"},{"r":"86","t":"24:01:35","h":"Est","s":"25S-H54S100F-80-F1"},{"r":"86","t":"24:01:35","h":"Est","s":"25S-H54S200F-80-F2"},{"r":"86","t":"24:14:35","h":"Est","s":"25N-H54N000S-80-S"},{"r":"86","t":"24:14:35","h":"Est","s":"25N-H54NV10S-82-S"},{"r":"86","t":"24:14:35","h":"Est","s":"25N-H54NV20S-80-S"},{"r":"86","t":"24:14:35","h":"Est","s":"25S-H54S000S-82-S"},{"r":"86","t":"24:24:35","h":"Est","s":"25N-H54N000A-80-A"},{"r":"86","t":"24:24:35","h":"Est","s":"25N-H54NV10A-80-A"},{"r":"86","t":"24:24:35","h":"Est","s":"25N-H54NV20A-80-A"},{"r":"86","t":"24:24:35","h":"Est","s":"25S-H54S000A-83-A"},{"r":"43","t":"24:26:19","h":"Ouest","s":"25N-H54N000S-80-S"},{"r":"43","t":"24:26:19","h":"Ouest","s":"25N-H54NV10S-82-S"},{"r":"43","t":"24:26:19","h":"Ouest","s":"25N-H54NV20S-80-S"},{"r":"43","t":"24:26:19","h":"Ouest","s":"25S-H54S000S-82-S"},{"r":"86","t":"24:33:35","h":"Est","s":"25N-H54N000I-80-I"},{"r":"86","t":"24:33:35","h":"Est","s":"25N-H54N100F-80-F1"},{"r":"86","t":"24:33:35","h":"Est","s":"25N-H54N200F-80-F2"},{"r":"86","t":"24:33:35","h":"Est","s":"25N-H54N300F-80-F3"},{"r":"86","t":"24:33:35","h":"Est","s":"25N-H54N400F-80-F4"},{"r":"86","t":"24:33:35","h":"Est","s":"25N-H54NV10I-80-I"},{"r":"86","t":"24:33:35","h":"Est","s":"25N-H54NV20I-80-I"},{"r":"86","t":"24:33:35","h":"Est","s":"25S-H54S000I-82-I"},{"r":"86","t":"24:33:35","h":"Est","s":"25S-H54S100F-80-F1"},{"r":"86","t":"24:33:35","h":"Est","s":"25S-H54S200F-80-F2"},{"r":"43","t":"24:39:12","h":"Ouest","s":"25N-H54N000I-80-I"},{"r":"43","t":"24:39:12","h":"Ouest","s":"25N-H54N100F-80-F1"},{"r":"43","t":"24:39:12","h":"Ouest","s":"25N-H54N200F-80-F2"},{"r":"43","t":"24:39:12","h":"Ouest","s":"25N-H54N300F-80-F3"},{"r":"43","t":"24:39:12","h":"Ouest","s":"25N-H54N400F-80-F4"},{"r":"43","t":"24:39:12","h":"Ouest","s":"25N-H54NV10I-80-I"},{"r":"43","t":"24:39:12","h":"Ouest","s":"25N-H54NV20I-80-I"},{"r":"43","t":"24:39:12","h":"Ouest","s":"25S-H54S000I-82-I"},{"r":"43","t":"24:39:12","h":"Ouest","s":"25S-H54S100F-80-F1"},{"r":"43","t":"24:39:12","h":"Ouest","s":"25S-H54S200F-80-F2"},{"r":"86","t":"24:46:35","h":"Est","s":"25N-H54N000S-80-S"},{"r":"86","t":"24:46:35","h":"Est","s":"25N-H54NV10S-82-S"},{"r":"86","t":"24:46:35","h":"Est","s":"25N-H54NV20S-80-S"},{"r":"86","t":"24:46:35","h":"Est","s":"25S-H54S000S-82-S"},{"r":"43","t":"24:55:19","h":"Ouest","s":"25N-H54N000A-80-A"},{"r":"43","t":"24:55:19","h":"Ouest","s":"25N-H54NV10A-80-A"},{"r":"43","t":"24:55:19","h":"Ouest","s":"25N-H54NV20A-80-A"},{"r":"43","t":"24:55:19","h":"Ouest","s":"25S-H54S000A-83-A"},{"r":"86","t":"24:57:35","h":"Est","s":"25N-H54N000A-80-A"},{"r":"86","t":"24:57:35","h":"Est","s":"25N-H54NV10A-80-A"},{"r":"86","t":"24:57:35","h":"Est","s":"25N-H54NV20A-80-A"},{"r":"86","t":"24:57:35","h":"Est","s":"25S-H54S000A-83-A"},{"r":"86","t":"25:04:35","h":"Est","s":"25N-H54N000I-80-I"},{"r":"86","t":"25:04:35","h":"Est","s":"25N-H54N100F-80-F1"},{"r":"86","t":"25:04:35","h":"Est","s":"25N-H54N200F-80-F2"},{"r":"86","t":"25:04:35","h":"Est","s":"25N-H54N300F-80-F3"},{"r":"86","t":"25:04:35","h":"Est","s":"25N-H54N400F-80-F4"},{"r":"86","t":"25:04:35","h":"Est","s":"25N-H54NV10I-80-I"},{"r":"86","t":"25:04:35","h":"Est","s":"25N-H54NV20I-80-I"},{"r":"86","t":"25:04:35","h":"Est","s":"25S-H54S000I-82-I"},{"r":"86","t":"25:04:35","h":"Est","s":"25S-H54S100F-80-F1"},{"r":"86","t":"25:04:35","h":"Est","s":"25S-H54S200F-80-F2"},{"r":"86","t":"25:17:35","h":"Est","s":"25N-H54N000S-80-S"},{"r":"86","t":"25:17:35","h":"Est","s":"25N-H54NV10S-82-S"},{"r":"86","t":"25:17:35","h":"Est","s":"25N-H54NV20S-80-S"},{"r":"86","t":"25:17:35","h":"Est","s":"25S-H54S000S-82-S"},{"r":"43","t":"25:23:19","h":"Ouest","s":"25N-H54N000S-80-S"},{"r":"43","t":"25:23:19","h":"Ouest","s":"25N-H54NV10S-82-S"},{"r":"43","t":"25:23:19","h":"Ouest","s":"25N-H54NV20S-80-S"},{"r":"43","t":"25:23:19","h":"Ouest","s":"25S-H54S000S-82-S"},{"r":"86","t":"25:29:35","h":"Est","s":"25N-H54N000A-80-A"},{"r":"86","t":"25:29:35","h":"Est","s":"25N-H54NV10A-80-A"},{"r":"86","t":"25:29:35","h":"Est","s":"25N-H54NV20A-80-A"},{"r":"86","t":"25:29:35","h":"Est","s":"25S-H54S000A-83-A"},{"r":"43","t":"25:33:12","h":"Ouest","s":"25N-H54N000I-80-I"},{"r":"43","t":"25:33:12","h":"Ouest","s":"25N-H54N100F-80-F1"},{"r":"43","t":"25:33:12","h":"Ouest","s":"25N-H54N200F-80-F2"},{"r":"43","t":"25:33:12","h":"Ouest","s":"25N-H54N300F-80-F3"},{"r":"43","t":"25:33:12","h":"Ouest","s":"25N-H54N400F-80-F4"},{"r":"43","t":"25:33:12","h":"Ouest","s":"25N-H54NV10I-80-I"},{"r":"43","t":"25:33:12","h":"Ouest","s":"25N-H54NV20I-80-I"},{"r":"43","t":"25:33:12","h":"Ouest","s":"25S-H54S000I-82-I"},{"r":"43","t":"25:33:12","h":"Ouest","s":"25S-H54S100F-80-F1"},{"r":"43","t":"25:33:12","h":"Ouest","s":"25S-H54S200F-80-F2"},{"r":"86","t":"25:35:35","h":"Est","s":"25N-H54N000I-80-I"},{"r":"86","t":"25:35:35","h":"Est","s":"25N-H54N100F-80-F1"},{"r":"86","t":"25:35:35","h":"Est","s":"25N-H54N200F-80-F2"},{"r":"86","t":"25:35:35","h":"Est","s":"25N-H54N300F-80-F3"},{"r":"86","t":"25:35:35","h":"Est","s":"25N-H54N400F-80-F4"},{"r":"86","t":"25:35:35","h":"Est","s":"25N-H54NV10I-80-I"},{"r":"86","t":"25:35:35","h":"Est","s":"25N-H54NV20I-80-I"},{"r":"86","t":"25:35:35","h":"Est","s":"25S-H54S000I-82-I"},{"r":"86","t":"25:35:35","h":"Est","s":"25S-H54S100F-80-F1"},{"r":"86","t":"25:35:35","h":"Est","s":"25S-H54S200F-80-F2"},{"r":"86","t":"25:47:35","h":"Est","s":"25N-H54N000S-80-S"},{"r":"86","t":"25:47:35","h":"Est","s":"25N-H54NV10S-82-S"},{"r":"86","t":"25:47:35","h":"Est","s":"25N-H54NV20S-80-S"},{"r":"86","t":"25:47:35","h":"Est","s":"25S-H54S000S-82-S"},{"r":"86","t":"26:00:35","h":"Est","s":"25N-H54N000A-80-A"},{"r":"86","t":"26:00:35","h":"Est","s":"25N-H54NV10A-80-A"},{"r":"86","t":"26:00:35","h":"Est","s":"25N-H54NV20A-80-A"},{"r":"86","t":"26:00:35","h":"Est","s":"25S-H54S000A-83-A"},{"r":"86","t":"26:05:35","h":"Est","s":"25N-H54N000I-80-I"},{"r":"86","t":"26:05:35","h":"Est","s":"25N-H54N100F-80-F1"},{"r":"86","t":"26:05:35","h":"Est","s":"25N-H54N200F-80-F2"},{"r":"86","t":"26:05:35","h":"Est","s":"25N-H54N300F-80-F3"},{"r":"86","t":"26:05:35","h":"Est","s":"25N-H54N400F-80-F4"},{"r":"86","t":"26:05:35","h":"Est","s":"25N-H54NV10I-80-I"},{"r":"86","t":"26:05:35","h":"Est","s":"25N-H54NV20I-80-I"},{"r":"86","t":"26:05:35","h":"Est","s":"25S-H54S000I-82-I"},{"r":"86","t":"26:05:35","h":"Est","s":"25S-H54S100F-80-F1"},{"r":"86","t":"26:05:35","h":"Est","s":"25S-H54S200F-80-F2"}]