[{"r":"39","t":"06:56:41","h":"Ouest","s":"25N-H54N000S-80-S"},{"r":"39","t":"06:56:41","h":"Ouest","s":"25N-H54NV10S-82-S"},{"r":"39","t":"06:56:41","h":"Ouest","s":"25N-H54NV20S-80-S"},{"r":"39","t":"06:56:41","h":"Ouest","s":"25S-H54S000S-82-S"},{"r":"39","t":"07:27:41","h":"Ouest","s":"25N-H54N000S-80-S"},{"r":"39","t":"07:27:41","h":"Ouest","s":"25N-H54NV10S-82-S"},{"r":"39","t":"07:27:41","h":"Ouest","s":"25N-H54NV20S-80-S"},{"r":"39","t":"07:27:41","h":"Ouest","s":"25S-H54S000S-82-S"},{"r":"39","t":"07:58:41","h":"Ouest","s":"25N-H54N000S-80-S"},{"r":"39","t":"07:58:41","h":"Ouest","s":"25N-H54NV10S-82-S"},{"r":"39","t":"07:58:41","h":"Ouest","s":"25N-H54NV20S-80-S"},{"r":"39","t":"07:58:41","h":"Ouest","s":"25S-H54S000S-82-S"},{"r":"39","t":"08:29:41","h":"Ouest","s":"25N-H54N000S-80-S"},{"r":"39","t":"08:29:41","h":"Ouest","s":"25N-H54NV10S-82-S"},{"r":"39","t":"08:29:41","h":"Ouest","s":"25N-H54NV20S-80-S"},{"r":"39","t":"08:29:41","h":"Ouest","s":"25S-H54S000S-82-S"},{"r":"39","t":"08:57:41","h":"Ouest","s":"25N-H54N000S-80-S"},{"r":"39","t":"08:57:41","h":"Ouest","s":"25N-H54NV10S-82-S"},{"r":"39","t":"08:57:41","h":"Ouest","s":"25N-H54NV20S-80-S"},{"r":"39","t":"08:57:41","h":"Ouest","s":"25S-H54S000S-82-S"},{"r":"39","t":"16:14:13","h":"Ouest","s":"25N-H54N000S-80-S"},{"r":"39","t":"16:14:13","h":"Ouest","s":"25N-H54NV10S-82-S"},{"r":"39","t":"16:14:13","h":"Ouest","s":"25N-H54NV20S-80-S"},{"r":"39","t":"16:14:13","h":"Ouest","s":"25S-H54S000S-82-S"},{"r":"39","t":"16:48:41","h":"Ouest","s":"25N-H54N000S-80-S"},{"r":"39","t":"16:48:41","h":"Ouest","s":"25N-H54NV10S-82-S"},{"r":"39","t":"16:48:41","h":"Ouest","s":"25N-H54NV20S-80-S"},{"r":"39","t":"16:48:41","h":"Ouest","s":"25S-H54S000S-82-S"},{"r":"39","t":"17:13:41","h":"Ouest","s":"25N-H54N000S-80-S"},{"r":"39","t":"17:13:41","h":"Ouest","s":"25N-H54NV10S-82-S"},{"r":"39","t":"17:13:41","h":"Ouest","s":"25N-H54NV20S-80-S"},{"r":"39","t":"17:13:41","h":"Ouest","s":"25S-H54S000S-82-S"},{"r":"39","t":"17:42:41","h":"Ouest","s":"25N-H54N000S-80-S"},{"r":"39","t":"17:42:41","h":"Ouest","s":"25N-H54NV10S-82-S"},{"r":"39","t":"17:42:41","h":"Ouest","s":"25N-H54NV20S-80-S"},{"r":"39","t":"17:42:41","h":"Ouest","s":"25S-H54S000S-82-S"},{"r":"39","t":"18:12:09","h":"Ouest","s":"25N-H54N000S-80-S"},{"r":"39","t":"18:12:09","h":"Ouest","s":"25N-H54NV10S-82-S"},{"r":"39","t":"18:12:09","h":"Ouest","s":"25N-H54NV20S-80-S"},{"r":"39","t":"18:12:09","h":"Ouest","s":"25S-H54S000S-82-S"}]