[{"r":"41","t":"06:03:00","h":"Est","s":"25N-H58N000S-80-S"},{"r":"41","t":"06:03:00","h":"Est","s":"25N-H58NV10S-80-S"},{"r":"41","t":"06:03:00","h":"Est","s":"25N-H58NV20S-80-S"},{"r":"41","t":"06:03:00","h":"Est","s":"25S-H58S000S-80-S"},{"r":"41","t":"06:23:00","h":"Est","s":"25N-H58N000S-80-S"},{"r":"41","t":"06:23:00","h":"Est","s":"25N-H58NV10S-80-S"},{"r":"41","t":"06:23:00","h":"Est","s":"25N-H58NV20S-80-S"},{"r":"41","t":"06:23:00","h":"Est","s":"25S-H58S000S-80-S"},{"r":"41","t":"06:33:00","h":"Est","s":"25N-H58N200F-80-F2"},{"r":"41","t":"06:33:00","h":"Est","s":"25N-H58N400F-80-F4"},{"r":"41","t":"06:33:00","h":"Est","s":"25S-H58S100F-80-F1"},{"r":"41","t":"06:33:00","h":"Est","s":"25S-H58S200F-80-F2"},{"r":"41","t":"06:43:00","h":"Est","s":"25N-H58N000S-80-S"},{"r":"41","t":"06:43:00","h":"Est","s":"25N-H58NV10S-80-S"},{"r":"41","t":"06:43:00","h":"Est","s":"25N-H58NV20S-80-S"},{"r":"41","t":"06:43:00","h":"Est","s":"25S-H58S000S-80-S"},{"r":"41","t":"07:03:00","h":"Est","s":"25N-H58N200F-80-F2"},{"r":"41","t":"07:03:00","h":"Est","s":"25N-H58N400F-80-F4"},{"r":"41","t":"07:03:00","h":"Est","s":"25S-H58S100F-80-F1"},{"r":"41","t":"07:03:00","h":"Est","s":"25S-H58S200F-80-F2"},{"r":"41","t":"07:12:00","h":"Est","s":"25N-H58N000S-80-S"},{"r":"41","t":"07:12:00","h":"Est","s":"25N-H58NV10S-80-S"},{"r":"41","t":"07:12:00","h":"Est","s":"25N-H58NV20S-80-S"},{"r":"41","t":"07:12:00","h":"Est","s":"25S-H58S000S-80-S"},{"r":"41","t":"07:35:00","h":"Est","s":"25N-H58N200F-80-F2"},{"r":"41","t":"07:35:00","h":"Est","s":"25N-H58N400F-80-F4"},{"r":"41","t":"07:35:00","h":"Est","s":"25S-H58S100F-80-F1"},{"r":"41","t":"07:35:00","h":"Est","s":"25S-H58S200F-80-F2"},{"r":"41","t":"07:45:00","h":"Est","s":"25N-H58N000S-80-S"},{"r":"41","t":"07:45:00","h":"Est","s":"25N-H58NV10S-80-S"},{"r":"41","t":"07:45:00","h":"Est","s":"25N-H58NV20S-80-S"},{"r":"41","t":"07:45:00","h":"Est","s":"25S-H58S000S-80-S"},{"r":"41","t":"08:12:00","h":"Est","s":"25N-H58N200F-80-F2"},{"r":"41","t":"08:12:00","h":"Est","s":"25N-H58N400F-80-F4"},{"r":"41","t":"08:12:00","h":"Est","s":"25S-H58S100F-80-F1"},{"r":"41","t":"08:12:00","h":"Est","s":"25S-H58S200F-80-F2"},{"r":"41","t":"08:20:00","h":"Est","s":"25N-H55N000S-80-S"},{"r":"41","t":"08:20:00","h":"Est","s":"25N-H55N000S-82-S"},{"r":"41","t":"08:20:00","h":"Est","s":"25N-H55NV10S-85-S"},{"r":"41","t":"08:20:00","h":"Est","s":"25N-H55NV20S-81-S"},{"r":"41","t":"08:20:00","h":"Est","s":"25S-H55S000S-82-S"},{"r":"41","t":"08:42:00","h":"Est","s":"25N-H58N200F-80-F2"},{"r":"41","t":"08:42:00","h":"Est","s":"25N-H58N400F-80-F4"},{"r":"41","t":"08:42:00","h":"Est","s":"25S-H58S100F-80-F1"},{"r":"41","t":"08:42:00","h":"Est","s":"25S-H58S200F-80-F2"},{"r":"41","t":"08:49:00","h":"Est","s":"25N-H58N000S-80-S"},{"r":"41","t":"08:49:00","h":"Est","s":"25N-H58NV10S-80-S"},{"r":"41","t":"08:49:00","h":"Est","s":"25N-H58NV20S-80-S"},{"r":"41","t":"08:49:00","h":"Est","s":"25S-H58S000S-80-S"},{"r":"41","t":"09:10:00","h":"Est","s":"25N-H58N200F-80-F2"},{"r":"41","t":"09:10:00","h":"Est","s":"25N-H58N400F-80-F4"},{"r":"41","t":"09:10:00","h":"Est","s":"25S-H58S100F-80-F1"},{"r":"41","t":"09:10:00","h":"Est","s":"25S-H58S200F-80-F2"},{"r":"41","t":"09:19:00","h":"Est","s":"25N-H58N000S-80-S"},{"r":"41","t":"09:19:00","h":"Est","s":"25N-H58NV10S-80-S"},{"r":"41","t":"09:19:00","h":"Est","s":"25N-H58NV20S-80-S"},{"r":"41","t":"09:19:00","h":"Est","s":"25S-H58S000S-80-S"},{"r":"41","t":"09:36:00","h":"Est","s":"25N-H58N200F-80-F2"},{"r":"41","t":"09:36:00","h":"Est","s":"25N-H58N400F-80-F4"},{"r":"41","t":"09:36:00","h":"Est","s":"25S-H58S100F-80-F1"},{"r":"41","t":"09:36:00","h":"Est","s":"25S-H58S200F-80-F2"},{"r":"41","t":"09:39:00","h":"Est","s":"25N-H58N000S-80-S"},{"r":"41","t":"09:39:00","h":"Est","s":"25N-H58NV10S-80-S"},{"r":"41","t":"09:39:00","h":"Est","s":"25N-H58NV20S-80-S"},{"r":"41","t":"09:39:00","h":"Est","s":"25S-H58S000S-80-S"},{"r":"41","t":"10:06:00","h":"Est","s":"25N-H58N000S-80-S"},{"r":"41","t":"10:06:00","h":"Est","s":"25N-H58N200F-80-F2"},{"r":"41","t":"10:06:00","h":"Est","s":"25N-H58N400F-80-F4"},{"r":"41","t":"10:06:00","h":"Est","s":"25N-H58NV10S-80-S"},{"r":"41","t":"10:06:00","h":"Est","s":"25N-H58NV20S-80-S"},{"r":"41","t":"10:06:00","h":"Est","s":"25S-H58S000S-80-S"},{"r":"41","t":"10:06:00","h":"Est","s":"25S-H58S100F-80-F1"},{"r":"41","t":"10:06:00","h":"Est","s":"25S-H58S200F-80-F2"},{"r":"41","t":"10:36:00","h":"Est","s":"25N-H58N000S-80-S"},{"r":"41","t":"10:36:00","h":"Est","s":"25N-H58NV10S-80-S"},{"r":"41","t":"10:36:00","h":"Est","s":"25N-H58NV20S-80-S"},{"r":"41","t":"10:36:00","h":"Est","s":"25S-H58S000S-80-S"},{"r":"41","t":"11:05:00","h":"Est","s":"25N-H58N000S-80-S"},{"r":"41","t":"11:05:00","h":"Est","s":"25N-H58NV10S-80-S"},{"r":"41","t":"11:05:00","h":"Est","s":"25N-H58NV20S-80-S"},{"r":"41","t":"11:05:00","h":"Est","s":"25S-H58S000S-80-S"},{"r":"41","t":"11:24:00","h":"Est","s":"25N-H58N000S-80-S"},{"r":"41","t":"11:24:00","h":"Est","s":"25N-H58NV10S-80-S"},{"r":"41","t":"11:24:00","h":"Est","s":"25N-H58NV20S-80-S"},{"r":"41","t":"11:24:00","h":"Est","s":"25S-H58S000S-80-S"},{"r":"41","t":"11:53:00","h":"Est","s":"25N-H58N000S-80-S"},{"r":"41","t":"11:53:00","h":"Est","s":"25N-H58NV10S-80-S"},{"r":"41","t":"11:53:00","h":"Est","s":"25N-H58NV20S-80-S"},{"r":"41","t":"11:53:00","h":"Est","s":"25S-H58S000S-80-S"},{"r":"41","t":"12:22:00","h":"Est","s":"25N-H58N000S-80-S"},{"r":"41","t":"12:22:00","h":"Est","s":"25N-H58NV10S-80-S"},{"r":"41","t":"12:22:00","h":"Est","s":"25N-H58NV20S-80-S"},{"r":"41","t":"12:22:00","h":"Est","s":"25S-H58S000S-80-S"},{"r":"41","t":"12:51:00","h":"Est","s":"25N-H58N000S-80-S"},{"r":"41","t":"12:51:00","h":"Est","s":"25N-H58NV10S-80-S"},{"r":"41","t":"12:51:00","h":"Est","s":"25N-H58NV20S-80-S"},{"r":"41","t":"12:51:00","h":"Est","s":"25S-H58S000S-80-S"},{"r":"41","t":"13:20:00","h":"Est","s":"25N-H58N000S-80-S"},{"r":"41","t":"13:20:00","h":"Est","s":"25N-H58NV10S-80-S"},{"r":"41","t":"13:20:00","h":"Est","s":"25N-H58NV20S-80-S"},{"r":"41","t":"13:20:00","h":"Est","s":"25S-H58S000S-80-S"},{"r":"41","t":"13:47:00","h":"Est","s":"25N-H58N000S-80-S"},{"r":"41","t":"13:47:00","h":"Est","s":"25N-H58NV10S-80-S"},{"r":"41","t":"13:47:00","h":"Est","s":"25N-H58NV20S-80-S"},{"r":"41","t":"13:47:00","h":"Est","s":"25S-H58S000S-80-S"},{"r":"41","t":"14:14:00","h":"Est","s":"25N-H58N000S-80-S"},{"r":"41","t":"14:14:00","h":"Est","s":"25N-H58NV10S-80-S"},{"r":"41","t":"14:14:00","h":"Est","s":"25N-H58NV20S-80-S"},{"r":"41","t":"14:14:00","h":"Est","s":"25S-H58S000S-80-S"},{"r":"41","t":"14:40:00","h":"Est","s":"25N-H58N000S-80-S"},{"r":"41","t":"14:40:00","h":"Est","s":"25N-H58NV10S-80-S"},{"r":"41","t":"14:40:00","h":"Est","s":"25N-H58NV20S-80-S"},{"r":"41","t":"14:40:00","h":"Est","s":"25S-H58S000S-80-S"},{"r":"41","t":"15:05:00","h":"Est","s":"25N-H58N000S-80-S"},{"r":"41","t":"15:05:00","h":"Est","s":"25N-H58NV10S-80-S"},{"r":"41","t":"15:05:00","h":"Est","s":"25N-H58NV20S-80-S"},{"r":"41","t":"15:05:00","h":"Est","s":"25S-H58S000S-80-S"},{"r":"41","t":"15:08:00","h":"Est","s":"25N-H58N200F-80-F2"},{"r":"41","t":"15:08:00","h":"Est","s":"25N-H58N400F-80-F4"},{"r":"41","t":"15:08:00","h":"Est","s":"25S-H58S100F-80-F1"},{"r":"41","t":"15:08:00","h":"Est","s":"25S-H58S200F-80-F2"},{"r":"41","t":"15:33:00","h":"Est","s":"25N-H58N000S-80-S"},{"r":"41","t":"15:33:00","h":"Est","s":"25N-H58NV10S-80-S"},{"r":"41","t":"15:33:00","h":"Est","s":"25N-H58NV20S-80-S"},{"r":"41","t":"15:33:00","h":"Est","s":"25S-H58S000S-80-S"},{"r":"41","t":"15:38:00","h":"Est","s":"25N-H58N200F-80-F2"},{"r":"41","t":"15:38:00","h":"Est","s":"25N-H58N400F-80-F4"},{"r":"41","t":"15:38:00","h":"Est","s":"25S-H58S100F-80-F1"},{"r":"41","t":"15:38:00","h":"Est","s":"25S-H58S200F-80-F2"},{"r":"41","t":"16:02:00","h":"Est","s":"25N-H58N000S-80-S"},{"r":"41","t":"16:02:00","h":"Est","s":"25N-H58NV10S-80-S"},{"r":"41","t":"16:02:00","h":"Est","s":"25N-H58NV20S-80-S"},{"r":"41","t":"16:02:00","h":"Est","s":"25S-H58S000S-80-S"},{"r":"41","t":"16:07:00","h":"Est","s":"25N-H58N200F-80-F2"},{"r":"41","t":"16:07:00","h":"Est","s":"25N-H58N400F-80-F4"},{"r":"41","t":"16:07:00","h":"Est","s":"25S-H58S100F-80-F1"},{"r":"41","t":"16:07:00","h":"Est","s":"25S-H58S200F-80-F2"},{"r":"41","t":"16:33:00","h":"Est","s":"25N-H58N000S-80-S"},{"r":"41","t":"16:33:00","h":"Est","s":"25N-H58NV10S-80-S"},{"r":"41","t":"16:33:00","h":"Est","s":"25N-H58NV20S-80-S"},{"r":"41","t":"16:33:00","h":"Est","s":"25S-H58S000S-80-S"},{"r":"41","t":"16:35:00","h":"Est","s":"25N-H58N200F-80-F2"},{"r":"41","t":"16:35:00","h":"Est","s":"25N-H58N400F-80-F4"},{"r":"41","t":"16:35:00","h":"Est","s":"25S-H58S100F-80-F1"},{"r":"41","t":"16:35:00","h":"Est","s":"25S-H58S200F-80-F2"},{"r":"41","t":"17:04:00","h":"Est","s":"25N-H58N000S-80-S"},{"r":"41","t":"17:04:00","h":"Est","s":"25N-H58N200F-80-F2"},{"r":"41","t":"17:04:00","h":"Est","s":"25N-H58N400F-80-F4"},{"r":"41","t":"17:04:00","h":"Est","s":"25N-H58NV10S-80-S"},{"r":"41","t":"17:04:00","h":"Est","s":"25N-H58NV20S-80-S"},{"r":"41","t":"17:04:00","h":"Est","s":"25S-H58S000S-80-S"},{"r":"41","t":"17:04:00","h":"Est","s":"25S-H58S100F-80-F1"},{"r":"41","t":"17:04:00","h":"Est","s":"25S-H58S200F-80-F2"},{"r":"41","t":"17:32:00","h":"Est","s":"25N-H58N200F-80-F2"},{"r":"41","t":"17:32:00","h":"Est","s":"25N-H58N400F-80-F4"},{"r":"41","t":"17:32:00","h":"Est","s":"25S-H58S100F-80-F1"},{"r":"41","t":"17:32:00","h":"Est","s":"25S-H58S200F-80-F2"},{"r":"41","t":"17:33:00","h":"Est","s":"25N-H58N000S-80-S"},{"r":"41","t":"17:33:00","h":"Est","s":"25N-H58NV10S-80-S"},{"r":"41","t":"17:33:00","h":"Est","s":"25N-H58NV20S-80-S"},{"r":"41","t":"17:33:00","h":"Est","s":"25S-H58S000S-80-S"},{"r":"41","t":"17:59:00","h":"Est","s":"25N-H58N000S-80-S"},{"r":"41","t":"17:59:00","h":"Est","s":"25N-H58N200F-80-F2"},{"r":"41","t":"17:59:00","h":"Est","s":"25N-H58N400F-80-F4"},{"r":"41","t":"17:59:00","h":"Est","s":"25N-H58NV10S-80-S"},{"r":"41","t":"17:59:00","h":"Est","s":"25N-H58NV20S-80-S"},{"r":"41","t":"17:59:00","h":"Est","s":"25S-H58S000S-80-S"},{"r":"41","t":"17:59:00","h":"Est","s":"25S-H58S100F-80-F1"},{"r":"41","t":"17:59:00","h":"Est","s":"25S-H58S200F-80-F2"},{"r":"41","t":"18:23:00","h":"Est","s":"25N-H58N000S-80-S"},{"r":"41","t":"18:23:00","h":"Est","s":"25N-H58NV10S-80-S"},{"r":"41","t":"18:23:00","h":"Est","s":"25N-H58NV20S-80-S"},{"r":"41","t":"18:23:00","h":"Est","s":"25S-H58S000S-80-S"},{"r":"41","t":"18:25:00","h":"Est","s":"25N-H58N200F-80-F2"},{"r":"41","t":"18:25:00","h":"Est","s":"25N-H58N400F-80-F4"},{"r":"41","t":"18:25:00","h":"Est","s":"25S-H58S100F-80-F1"},{"r":"41","t":"18:25:00","h":"Est","s":"25S-H58S200F-80-F2"},{"r":"41","t":"18:50:00","h":"Est","s":"25N-H58N200F-80-F2"},{"r":"41","t":"18:50:00","h":"Est","s":"25N-H58N400F-80-F4"},{"r":"41","t":"18:50:00","h":"Est","s":"25S-H58S100F-80-F1"},{"r":"41","t":"18:50:00","h":"Est","s":"25S-H58S200F-80-F2"},{"r":"41","t":"18:52:00","h":"Est","s":"25N-H58N000S-80-S"},{"r":"41","t":"18:52:00","h":"Est","s":"25N-H58NV10S-80-S"},{"r":"41","t":"18:52:00","h":"Est","s":"25N-H58NV20S-80-S"},{"r":"41","t":"18:52:00","h":"Est","s":"25S-H58S000S-80-S"},{"r":"41","t":"19:15:00","h":"Est","s":"25N-H58N200F-80-F2"},{"r":"41","t":"19:15:00","h":"Est","s":"25N-H58N400F-80-F4"},{"r":"41","t":"19:15:00","h":"Est","s":"25S-H58S100F-80-F1"},{"r":"41","t":"19:15:00","h":"Est","s":"25S-H58S200F-80-F2"},{"r":"41","t":"19:16:00","h":"Est","s":"25N-H58N000S-80-S"},{"r":"41","t":"19:16:00","h":"Est","s":"25N-H58NV10S-80-S"},{"r":"41","t":"19:16:00","h":"Est","s":"25N-H58NV20S-80-S"},{"r":"41","t":"19:16:00","h":"Est","s":"25S-H58S000S-80-S"},{"r":"41","t":"19:43:00","h":"Est","s":"25N-H58N000S-80-S"},{"r":"41","t":"19:43:00","h":"Est","s":"25N-H58NV10S-80-S"},{"r":"41","t":"19:43:00","h":"Est","s":"25N-H58NV20S-80-S"},{"r":"41","t":"19:43:00","h":"Est","s":"25S-H58S000S-80-S"},{"r":"41","t":"20:11:00","h":"Est","s":"25N-H58N000S-80-S"},{"r":"41","t":"20:11:00","h":"Est","s":"25N-H58NV10S-80-S"},{"r":"41","t":"20:11:00","h":"Est","s":"25N-H58NV20S-80-S"},{"r":"41","t":"20:11:00","h":"Est","s":"25S-H58S000S-80-S"},{"r":"41","t":"20:42:00","h":"Est","s":"25N-H58N000S-80-S"},{"r":"41","t":"20:42:00","h":"Est","s":"25N-H58NV10S-80-S"},{"r":"41","t":"20:42:00","h":"Est","s":"25N-H58NV20S-80-S"},{"r":"41","t":"20:42:00","h":"Est","s":"25S-H58S000S-80-S"},{"r":"41","t":"21:11:00","h":"Est","s":"25N-H58N000S-80-S"},{"r":"41","t":"21:11:00","h":"Est","s":"25N-H58NV10S-80-S"},{"r":"41","t":"21:11:00","h":"Est","s":"25N-H58NV20S-80-S"},{"r":"41","t":"21:11:00","h":"Est","s":"25S-H58S000S-80-S"},{"r":"41","t":"21:38:00","h":"Est","s":"25N-H58N000S-80-S"},{"r":"41","t":"21:38:00","h":"Est","s":"25N-H58NV10S-80-S"},{"r":"41","t":"21:38:00","h":"Est","s":"25N-H58NV20S-80-S"},{"r":"41","t":"21:38:00","h":"Est","s":"25S-H58S000S-80-S"}]