[{"r":"215","t":"05:37:18","h":"Est","s":"25N-H60N000S-80-S"},{"r":"215","t":"05:37:18","h":"Est","s":"25N-H60N000S-98-S"},{"r":"215","t":"05:37:18","h":"Est","s":"25N-H60NV10S-98-S"},{"r":"215","t":"05:37:18","h":"Est","s":"25N-H60NV20S-98-S"},{"r":"215","t":"05:37:18","h":"Est","s":"25S-H60S000S-80-S"},{"r":"215","t":"06:02:09","h":"Est","s":"25N-H60N000A-80-A"},{"r":"215","t":"06:02:09","h":"Est","s":"25N-H60NV10A-80-A"},{"r":"215","t":"06:02:09","h":"Est","s":"25N-H60NV20A-80-A"},{"r":"215","t":"06:02:09","h":"Est","s":"25S-H60S000A-80-A"},{"r":"215","t":"06:02:52","h":"Est","s":"25N-H60N000I-80-I"},{"r":"215","t":"06:02:52","h":"Est","s":"25N-H60N100F-81-F1"},{"r":"215","t":"06:02:52","h":"Est","s":"25N-H60N200F-81-F2"},{"r":"215","t":"06:02:52","h":"Est","s":"25N-H60N300F-82-F3"},{"r":"215","t":"06:02:52","h":"Est","s":"25N-H60N400F-81-F4"},{"r":"215","t":"06:02:52","h":"Est","s":"25N-H60NV10I-80-I"},{"r":"215","t":"06:02:52","h":"Est","s":"25N-H60NV20I-80-I"},{"r":"215","t":"06:02:52","h":"Est","s":"25S-H60S000I-80-I"},{"r":"215","t":"06:02:52","h":"Est","s":"25S-H60S100F-82-F1"},{"r":"215","t":"06:02:52","h":"Est","s":"25S-H60S200F-81-F2"},{"r":"215","t":"06:07:18","h":"Est","s":"25N-H60N000S-80-S"},{"r":"215","t":"06:07:18","h":"Est","s":"25N-H60N000S-98-S"},{"r":"215","t":"06:07:18","h":"Est","s":"25N-H60NV10S-98-S"},{"r":"215","t":"06:07:18","h":"Est","s":"25N-H60NV20S-98-S"},{"r":"215","t":"06:07:18","h":"Est","s":"25S-H60S000S-80-S"},{"r":"215","t":"06:26:09","h":"Est","s":"25N-H60N000A-80-A"},{"r":"215","t":"06:26:09","h":"Est","s":"25N-H60NV10A-80-A"},{"r":"215","t":"06:26:09","h":"Est","s":"25N-H60NV20A-80-A"},{"r":"215","t":"06:26:09","h":"Est","s":"25S-H60S000A-80-A"},{"r":"215","t":"06:31:52","h":"Est","s":"25N-H60N000I-80-I"},{"r":"215","t":"06:31:52","h":"Est","s":"25N-H60N100F-81-F1"},{"r":"215","t":"06:31:52","h":"Est","s":"25N-H60N200F-81-F2"},{"r":"215","t":"06:31:52","h":"Est","s":"25N-H60N300F-82-F3"},{"r":"215","t":"06:31:52","h":"Est","s":"25N-H60N400F-81-F4"},{"r":"215","t":"06:31:52","h":"Est","s":"25N-H60NV10I-80-I"},{"r":"215","t":"06:31:52","h":"Est","s":"25N-H60NV20I-80-I"},{"r":"215","t":"06:31:52","h":"Est","s":"25S-H60S000I-80-I"},{"r":"215","t":"06:31:52","h":"Est","s":"25S-H60S100F-82-F1"},{"r":"215","t":"06:31:52","h":"Est","s":"25S-H60S200F-81-F2"},{"r":"215","t":"06:39:18","h":"Est","s":"25N-H60N000S-80-S"},{"r":"215","t":"06:39:18","h":"Est","s":"25N-H60N000S-98-S"},{"r":"215","t":"06:39:18","h":"Est","s":"25N-H60NV10S-98-S"},{"r":"215","t":"06:39:18","h":"Est","s":"25N-H60NV20S-98-S"},{"r":"215","t":"06:39:18","h":"Est","s":"25S-H60S000S-80-S"},{"r":"215","t":"06:51:52","h":"Est","s":"25N-H60N000A-80-A"},{"r":"215","t":"06:51:52","h":"Est","s":"25N-H60NV10A-80-A"},{"r":"215","t":"06:51:52","h":"Est","s":"25N-H60NV20A-80-A"},{"r":"215","t":"06:51:52","h":"Est","s":"25S-H60S000A-80-A"},{"r":"215","t":"07:02:52","h":"Est","s":"25N-H60N000I-80-I"},{"r":"215","t":"07:02:52","h":"Est","s":"25N-H60N100F-81-F1"},{"r":"215","t":"07:02:52","h":"Est","s":"25N-H60N200F-81-F2"},{"r":"215","t":"07:02:52","h":"Est","s":"25N-H60N300F-82-F3"},{"r":"215","t":"07:02:52","h":"Est","s":"25N-H60N400F-81-F4"},{"r":"215","t":"07:02:52","h":"Est","s":"25N-H60NV10I-80-I"},{"r":"215","t":"07:02:52","h":"Est","s":"25N-H60NV20I-80-I"},{"r":"215","t":"07:02:52","h":"Est","s":"25S-H60S000I-80-I"},{"r":"215","t":"07:02:52","h":"Est","s":"25S-H60S100F-82-F1"},{"r":"215","t":"07:02:52","h":"Est","s":"25S-H60S200F-81-F2"},{"r":"215","t":"07:05:18","h":"Est","s":"25N-H60N000S-80-S"},{"r":"215","t":"07:05:18","h":"Est","s":"25N-H60N000S-98-S"},{"r":"215","t":"07:05:18","h":"Est","s":"25N-H60NV10S-98-S"},{"r":"215","t":"07:05:18","h":"Est","s":"25N-H60NV20S-98-S"},{"r":"215","t":"07:05:18","h":"Est","s":"25S-H60S000S-80-S"},{"r":"215","t":"07:20:52","h":"Est","s":"25N-H60N000A-80-A"},{"r":"215","t":"07:20:52","h":"Est","s":"25N-H60NV10A-80-A"},{"r":"215","t":"07:20:52","h":"Est","s":"25N-H60NV20A-80-A"},{"r":"215","t":"07:20:52","h":"Est","s":"25S-H60S000A-80-A"},{"r":"215","t":"07:32:44","h":"Est","s":"25N-H60N000S-80-S"},{"r":"215","t":"07:32:44","h":"Est","s":"25N-H60N000S-98-S"},{"r":"215","t":"07:32:44","h":"Est","s":"25N-H60NV10S-98-S"},{"r":"215","t":"07:32:44","h":"Est","s":"25N-H60NV20S-98-S"},{"r":"215","t":"07:32:44","h":"Est","s":"25S-H60S000S-80-S"},{"r":"215","t":"07:33:52","h":"Est","s":"25N-H60N000I-80-I"},{"r":"215","t":"07:33:52","h":"Est","s":"25N-H60N100F-81-F1"},{"r":"215","t":"07:33:52","h":"Est","s":"25N-H60N200F-81-F2"},{"r":"215","t":"07:33:52","h":"Est","s":"25N-H60N300F-82-F3"},{"r":"215","t":"07:33:52","h":"Est","s":"25N-H60N400F-81-F4"},{"r":"215","t":"07:33:52","h":"Est","s":"25N-H60NV10I-80-I"},{"r":"215","t":"07:33:52","h":"Est","s":"25N-H60NV20I-80-I"},{"r":"215","t":"07:33:52","h":"Est","s":"25S-H60S000I-80-I"},{"r":"215","t":"07:33:52","h":"Est","s":"25S-H60S100F-82-F1"},{"r":"215","t":"07:33:52","h":"Est","s":"25S-H60S200F-81-F2"},{"r":"215","t":"07:46:52","h":"Est","s":"25N-H60N000A-80-A"},{"r":"215","t":"07:46:52","h":"Est","s":"25N-H60NV10A-80-A"},{"r":"215","t":"07:46:52","h":"Est","s":"25N-H60NV20A-80-A"},{"r":"215","t":"07:46:52","h":"Est","s":"25S-H60S000A-80-A"},{"r":"215","t":"07:58:44","h":"Est","s":"25N-H60N000S-80-S"},{"r":"215","t":"07:58:44","h":"Est","s":"25N-H60N000S-98-S"},{"r":"215","t":"07:58:44","h":"Est","s":"25N-H60NV10S-98-S"},{"r":"215","t":"07:58:44","h":"Est","s":"25N-H60NV20S-98-S"},{"r":"215","t":"07:58:44","h":"Est","s":"25S-H60S000S-80-S"},{"r":"215","t":"08:03:52","h":"Est","s":"25N-H60N000I-80-I"},{"r":"215","t":"08:03:52","h":"Est","s":"25N-H60N100F-81-F1"},{"r":"215","t":"08:03:52","h":"Est","s":"25N-H60N200F-81-F2"},{"r":"215","t":"08:03:52","h":"Est","s":"25N-H60N300F-82-F3"},{"r":"215","t":"08:03:52","h":"Est","s":"25N-H60N400F-81-F4"},{"r":"215","t":"08:03:52","h":"Est","s":"25N-H60NV10I-80-I"},{"r":"215","t":"08:03:52","h":"Est","s":"25N-H60NV20I-80-I"},{"r":"215","t":"08:03:52","h":"Est","s":"25S-H60S000I-80-I"},{"r":"215","t":"08:03:52","h":"Est","s":"25S-H60S100F-82-F1"},{"r":"215","t":"08:03:52","h":"Est","s":"25S-H60S200F-81-F2"},{"r":"215","t":"08:15:52","h":"Est","s":"25N-H60N000A-80-A"},{"r":"215","t":"08:15:52","h":"Est","s":"25N-H60NV10A-80-A"},{"r":"215","t":"08:15:52","h":"Est","s":"25N-H60NV20A-80-A"},{"r":"215","t":"08:15:52","h":"Est","s":"25S-H60S000A-80-A"},{"r":"215","t":"08:23:44","h":"Est","s":"25N-H60N000S-80-S"},{"r":"215","t":"08:23:44","h":"Est","s":"25N-H60N000S-98-S"},{"r":"215","t":"08:23:44","h":"Est","s":"25N-H60NV10S-98-S"},{"r":"215","t":"08:23:44","h":"Est","s":"25N-H60NV20S-98-S"},{"r":"215","t":"08:23:44","h":"Est","s":"25S-H60S000S-80-S"},{"r":"215","t":"08:33:52","h":"Est","s":"25N-H60N000I-80-I"},{"r":"215","t":"08:33:52","h":"Est","s":"25N-H60N100F-81-F1"},{"r":"215","t":"08:33:52","h":"Est","s":"25N-H60N200F-81-F2"},{"r":"215","t":"08:33:52","h":"Est","s":"25N-H60N300F-82-F3"},{"r":"215","t":"08:33:52","h":"Est","s":"25N-H60N400F-81-F4"},{"r":"215","t":"08:33:52","h":"Est","s":"25N-H60NV10I-80-I"},{"r":"215","t":"08:33:52","h":"Est","s":"25N-H60NV20I-80-I"},{"r":"215","t":"08:33:52","h":"Est","s":"25S-H60S000I-80-I"},{"r":"215","t":"08:33:52","h":"Est","s":"25S-H60S100F-82-F1"},{"r":"215","t":"08:33:52","h":"Est","s":"25S-H60S200F-81-F2"},{"r":"215","t":"08:44:52","h":"Est","s":"25N-H60N000A-80-A"},{"r":"215","t":"08:44:52","h":"Est","s":"25N-H60NV10A-80-A"},{"r":"215","t":"08:44:52","h":"Est","s":"25N-H60NV20A-80-A"},{"r":"215","t":"08:44:52","h":"Est","s":"25S-H60S000A-80-A"},{"r":"215","t":"08:51:44","h":"Est","s":"25N-H60N000S-80-S"},{"r":"215","t":"08:51:44","h":"Est","s":"25N-H60N000S-98-S"},{"r":"215","t":"08:51:44","h":"Est","s":"25N-H60NV10S-98-S"},{"r":"215","t":"08:51:44","h":"Est","s":"25N-H60NV20S-98-S"},{"r":"215","t":"08:51:44","h":"Est","s":"25S-H60S000S-80-S"},{"r":"215","t":"09:04:52","h":"Est","s":"25N-H60N000I-80-I"},{"r":"215","t":"09:04:52","h":"Est","s":"25N-H60N100F-81-F1"},{"r":"215","t":"09:04:52","h":"Est","s":"25N-H60N200F-81-F2"},{"r":"215","t":"09:04:52","h":"Est","s":"25N-H60N300F-82-F3"},{"r":"215","t":"09:04:52","h":"Est","s":"25N-H60N400F-81-F4"},{"r":"215","t":"09:04:52","h":"Est","s":"25N-H60NV10I-80-I"},{"r":"215","t":"09:04:52","h":"Est","s":"25N-H60NV20I-80-I"},{"r":"215","t":"09:04:52","h":"Est","s":"25S-H60S000I-80-I"},{"r":"215","t":"09:04:52","h":"Est","s":"25S-H60S100F-82-F1"},{"r":"215","t":"09:04:52","h":"Est","s":"25S-H60S200F-81-F2"},{"r":"215","t":"09:12:52","h":"Est","s":"25N-H60N000A-80-A"},{"r":"215","t":"09:12:52","h":"Est","s":"25N-H60NV10A-80-A"},{"r":"215","t":"09:12:52","h":"Est","s":"25N-H60NV20A-80-A"},{"r":"215","t":"09:12:52","h":"Est","s":"25S-H60S000A-80-A"},{"r":"215","t":"09:21:18","h":"Est","s":"25N-H60N000S-80-S"},{"r":"215","t":"09:21:18","h":"Est","s":"25N-H60N000S-98-S"},{"r":"215","t":"09:21:18","h":"Est","s":"25N-H60NV10S-98-S"},{"r":"215","t":"09:21:18","h":"Est","s":"25N-H60NV20S-98-S"},{"r":"215","t":"09:21:18","h":"Est","s":"25S-H60S000S-80-S"},{"r":"215","t":"09:35:35","h":"Est","s":"25N-H60N000I-80-I"},{"r":"215","t":"09:35:35","h":"Est","s":"25N-H60N100F-81-F1"},{"r":"215","t":"09:35:35","h":"Est","s":"25N-H60N200F-81-F2"},{"r":"215","t":"09:35:35","h":"Est","s":"25N-H60N300F-82-F3"},{"r":"215","t":"09:35:35","h":"Est","s":"25N-H60N400F-81-F4"},{"r":"215","t":"09:35:35","h":"Est","s":"25N-H60NV10I-80-I"},{"r":"215","t":"09:35:35","h":"Est","s":"25N-H60NV20I-80-I"},{"r":"215","t":"09:35:35","h":"Est","s":"25S-H60S000I-80-I"},{"r":"215","t":"09:35:35","h":"Est","s":"25S-H60S100F-82-F1"},{"r":"215","t":"09:35:35","h":"Est","s":"25S-H60S200F-81-F2"},{"r":"215","t":"09:41:35","h":"Est","s":"25N-H60N000A-80-A"},{"r":"215","t":"09:41:35","h":"Est","s":"25N-H60NV10A-80-A"},{"r":"215","t":"09:41:35","h":"Est","s":"25N-H60NV20A-80-A"},{"r":"215","t":"09:41:35","h":"Est","s":"25S-H60S000A-80-A"},{"r":"215","t":"09:47:18","h":"Est","s":"25N-H60N000S-80-S"},{"r":"215","t":"09:47:18","h":"Est","s":"25N-H60N000S-98-S"},{"r":"215","t":"09:47:18","h":"Est","s":"25N-H60NV10S-98-S"},{"r":"215","t":"09:47:18","h":"Est","s":"25N-H60NV20S-98-S"},{"r":"215","t":"09:47:18","h":"Est","s":"25S-H60S000S-80-S"},{"r":"215","t":"10:07:35","h":"Est","s":"25N-H60N000I-80-I"},{"r":"215","t":"10:07:35","h":"Est","s":"25N-H60N100F-81-F1"},{"r":"215","t":"10:07:35","h":"Est","s":"25N-H60N200F-81-F2"},{"r":"215","t":"10:07:35","h":"Est","s":"25N-H60N300F-82-F3"},{"r":"215","t":"10:07:35","h":"Est","s":"25N-H60N400F-81-F4"},{"r":"215","t":"10:07:35","h":"Est","s":"25N-H60NV10I-80-I"},{"r":"215","t":"10:07:35","h":"Est","s":"25N-H60NV20I-80-I"},{"r":"215","t":"10:07:35","h":"Est","s":"25S-H60S000I-80-I"},{"r":"215","t":"10:07:35","h":"Est","s":"25S-H60S100F-82-F1"},{"r":"215","t":"10:07:35","h":"Est","s":"25S-H60S200F-81-F2"},{"r":"215","t":"10:10:35","h":"Est","s":"25N-H60N000A-80-A"},{"r":"215","t":"10:10:35","h":"Est","s":"25N-H60NV10A-80-A"},{"r":"215","t":"10:10:35","h":"Est","s":"25N-H60NV20A-80-A"},{"r":"215","t":"10:10:35","h":"Est","s":"25S-H60S000A-80-A"},{"r":"215","t":"10:17:18","h":"Est","s":"25N-H50N000S-80-S"},{"r":"215","t":"10:17:18","h":"Est","s":"25N-H50N000S-90-S"},{"r":"215","t":"10:17:18","h":"Est","s":"25N-H50NV10S-90-S"},{"r":"215","t":"10:17:18","h":"Est","s":"25N-H50NV20S-90-S"},{"r":"215","t":"10:17:18","h":"Est","s":"25S-H50S000S-81-S"},{"r":"215","t":"10:38:35","h":"Est","s":"25N-H60N000A-80-A"},{"r":"215","t":"10:38:35","h":"Est","s":"25N-H60N000I-80-I"},{"r":"215","t":"10:38:35","h":"Est","s":"25N-H60N100F-81-F1"},{"r":"215","t":"10:38:35","h":"Est","s":"25N-H60N200F-81-F2"},{"r":"215","t":"10:38:35","h":"Est","s":"25N-H60N300F-82-F3"},{"r":"215","t":"10:38:35","h":"Est","s":"25N-H60N400F-81-F4"},{"r":"215","t":"10:38:35","h":"Est","s":"25N-H60NV10A-80-A"},{"r":"215","t":"10:38:35","h":"Est","s":"25N-H60NV10I-80-I"},{"r":"215","t":"10:38:35","h":"Est","s":"25N-H60NV20A-80-A"},{"r":"215","t":"10:38:35","h":"Est","s":"25N-H60NV20I-80-I"},{"r":"215","t":"10:38:35","h":"Est","s":"25S-H60S000A-80-A"},{"r":"215","t":"10:38:35","h":"Est","s":"25S-H60S000I-80-I"},{"r":"215","t":"10:38:35","h":"Est","s":"25S-H60S100F-82-F1"},{"r":"215","t":"10:38:35","h":"Est","s":"25S-H60S200F-81-F2"},{"r":"215","t":"10:45:18","h":"Est","s":"25N-H60N000S-80-S"},{"r":"215","t":"10:45:18","h":"Est","s":"25N-H60N000S-98-S"},{"r":"215","t":"10:45:18","h":"Est","s":"25N-H60NV10S-98-S"},{"r":"215","t":"10:45:18","h":"Est","s":"25N-H60NV20S-98-S"},{"r":"215","t":"10:45:18","h":"Est","s":"25S-H60S000S-80-S"},{"r":"215","t":"11:06:35","h":"Est","s":"25N-H60N000A-80-A"},{"r":"215","t":"11:06:35","h":"Est","s":"25N-H60NV10A-80-A"},{"r":"215","t":"11:06:35","h":"Est","s":"25N-H60NV20A-80-A"},{"r":"215","t":"11:06:35","h":"Est","s":"25S-H60S000A-80-A"},{"r":"215","t":"11:09:35","h":"Est","s":"25N-H60N000I-80-I"},{"r":"215","t":"11:09:35","h":"Est","s":"25N-H60N100F-81-F1"},{"r":"215","t":"11:09:35","h":"Est","s":"25N-H60N200F-81-F2"},{"r":"215","t":"11:09:35","h":"Est","s":"25N-H60N300F-82-F3"},{"r":"215","t":"11:09:35","h":"Est","s":"25N-H60N400F-81-F4"},{"r":"215","t":"11:09:35","h":"Est","s":"25N-H60NV10I-80-I"},{"r":"215","t":"11:09:35","h":"Est","s":"25N-H60NV20I-80-I"},{"r":"215","t":"11:09:35","h":"Est","s":"25S-H60S000I-80-I"},{"r":"215","t":"11:09:35","h":"Est","s":"25S-H60S100F-82-F1"},{"r":"215","t":"11:09:35","h":"Est","s":"25S-H60S200F-81-F2"},{"r":"215","t":"11:14:18","h":"Est","s":"25N-H60N000S-80-S"},{"r":"215","t":"11:14:18","h":"Est","s":"25N-H60N000S-98-S"},{"r":"215","t":"11:14:18","h":"Est","s":"25N-H60NV10S-98-S"},{"r":"215","t":"11:14:18","h":"Est","s":"25N-H60NV20S-98-S"},{"r":"215","t":"11:14:18","h":"Est","s":"25S-H60S000S-80-S"},{"r":"215","t":"11:35:35","h":"Est","s":"25N-H60N000A-80-A"},{"r":"215","t":"11:35:35","h":"Est","s":"25N-H60NV10A-80-A"},{"r":"215","t":"11:35:35","h":"Est","s":"25N-H60NV20A-80-A"},{"r":"215","t":"11:35:35","h":"Est","s":"25S-H60S000A-80-A"},{"r":"215","t":"11:42:35","h":"Est","s":"25N-H60N000I-80-I"},{"r":"215","t":"11:42:35","h":"Est","s":"25N-H60N100F-81-F1"},{"r":"215","t":"11:42:35","h":"Est","s":"25N-H60N200F-81-F2"},{"r":"215","t":"11:42:35","h":"Est","s":"25N-H60N300F-82-F3"},{"r":"215","t":"11:42:35","h":"Est","s":"25N-H60N400F-81-F4"},{"r":"215","t":"11:42:35","h":"Est","s":"25N-H60NV10I-80-I"},{"r":"215","t":"11:42:35","h":"Est","s":"25N-H60NV20I-80-I"},{"r":"215","t":"11:42:35","h":"Est","s":"25S-H60S000I-80-I"},{"r":"215","t":"11:42:35","h":"Est","s":"25S-H60S100F-82-F1"},{"r":"215","t":"11:42:35","h":"Est","s":"25S-H60S200F-81-F2"},{"r":"215","t":"11:44:18","h":"Est","s":"25N-H60N000S-80-S"},{"r":"215","t":"11:44:18","h":"Est","s":"25N-H60N000S-98-S"},{"r":"215","t":"11:44:18","h":"Est","s":"25N-H60NV10S-98-S"},{"r":"215","t":"11:44:18","h":"Est","s":"25N-H60NV20S-98-S"},{"r":"215","t":"11:44:18","h":"Est","s":"25S-H60S000S-80-S"},{"r":"215","t":"12:04:35","h":"Est","s":"25N-H60N000A-80-A"},{"r":"215","t":"12:04:35","h":"Est","s":"25N-H60NV10A-80-A"},{"r":"215","t":"12:04:35","h":"Est","s":"25N-H60NV20A-80-A"},{"r":"215","t":"12:04:35","h":"Est","s":"25S-H60S000A-80-A"},{"r":"215","t":"12:12:18","h":"Est","s":"25N-H60N000S-80-S"},{"r":"215","t":"12:12:18","h":"Est","s":"25N-H60N000S-98-S"},{"r":"215","t":"12:12:18","h":"Est","s":"25N-H60NV10S-98-S"},{"r":"215","t":"12:12:18","h":"Est","s":"25N-H60NV20S-98-S"},{"r":"215","t":"12:12:18","h":"Est","s":"25S-H60S000S-80-S"},{"r":"215","t":"12:13:35","h":"Est","s":"25N-H60N000I-80-I"},{"r":"215","t":"12:13:35","h":"Est","s":"25N-H60N100F-81-F1"},{"r":"215","t":"12:13:35","h":"Est","s":"25N-H60N200F-81-F2"},{"r":"215","t":"12:13:35","h":"Est","s":"25N-H60N300F-82-F3"},{"r":"215","t":"12:13:35","h":"Est","s":"25N-H60N400F-81-F4"},{"r":"215","t":"12:13:35","h":"Est","s":"25N-H60NV10I-80-I"},{"r":"215","t":"12:13:35","h":"Est","s":"25N-H60NV20I-80-I"},{"r":"215","t":"12:13:35","h":"Est","s":"25S-H60S000I-80-I"},{"r":"215","t":"12:13:35","h":"Est","s":"25S-H60S100F-82-F1"},{"r":"215","t":"12:13:35","h":"Est","s":"25S-H60S200F-81-F2"},{"r":"215","t":"12:32:35","h":"Est","s":"25N-H60N000A-80-A"},{"r":"215","t":"12:32:35","h":"Est","s":"25N-H60NV10A-80-A"},{"r":"215","t":"12:32:35","h":"Est","s":"25N-H60NV20A-80-A"},{"r":"215","t":"12:32:35","h":"Est","s":"25S-H60S000A-80-A"},{"r":"215","t":"12:39:18","h":"Est","s":"25N-H60N000S-80-S"},{"r":"215","t":"12:39:18","h":"Est","s":"25N-H60N000S-98-S"},{"r":"215","t":"12:39:18","h":"Est","s":"25N-H60NV10S-98-S"},{"r":"215","t":"12:39:18","h":"Est","s":"25N-H60NV20S-98-S"},{"r":"215","t":"12:39:18","h":"Est","s":"25S-H60S000S-80-S"},{"r":"215","t":"12:42:35","h":"Est","s":"25N-H60N000I-80-I"},{"r":"215","t":"12:42:35","h":"Est","s":"25N-H60N100F-81-F1"},{"r":"215","t":"12:42:35","h":"Est","s":"25N-H60N200F-81-F2"},{"r":"215","t":"12:42:35","h":"Est","s":"25N-H60N300F-82-F3"},{"r":"215","t":"12:42:35","h":"Est","s":"25N-H60N400F-81-F4"},{"r":"215","t":"12:42:35","h":"Est","s":"25N-H60NV10I-80-I"},{"r":"215","t":"12:42:35","h":"Est","s":"25N-H60NV20I-80-I"},{"r":"215","t":"12:42:35","h":"Est","s":"25S-H60S000I-80-I"},{"r":"215","t":"12:42:35","h":"Est","s":"25S-H60S100F-82-F1"},{"r":"215","t":"12:42:35","h":"Est","s":"25S-H60S200F-81-F2"},{"r":"215","t":"13:00:35","h":"Est","s":"25N-H60N000A-80-A"},{"r":"215","t":"13:00:35","h":"Est","s":"25N-H60NV10A-80-A"},{"r":"215","t":"13:00:35","h":"Est","s":"25N-H60NV20A-80-A"},{"r":"215","t":"13:00:35","h":"Est","s":"25S-H60S000A-80-A"},{"r":"215","t":"13:06:18","h":"Est","s":"25N-H60N000S-80-S"},{"r":"215","t":"13:06:18","h":"Est","s":"25N-H60N000S-98-S"},{"r":"215","t":"13:06:18","h":"Est","s":"25N-H60NV10S-98-S"},{"r":"215","t":"13:06:18","h":"Est","s":"25N-H60NV20S-98-S"},{"r":"215","t":"13:06:18","h":"Est","s":"25S-H60S000S-80-S"},{"r":"215","t":"13:11:18","h":"Est","s":"25N-H60N000I-80-I"},{"r":"215","t":"13:11:18","h":"Est","s":"25N-H60N100F-81-F1"},{"r":"215","t":"13:11:18","h":"Est","s":"25N-H60N200F-81-F2"},{"r":"215","t":"13:11:18","h":"Est","s":"25N-H60N300F-82-F3"},{"r":"215","t":"13:11:18","h":"Est","s":"25N-H60N400F-81-F4"},{"r":"215","t":"13:11:18","h":"Est","s":"25N-H60NV10I-80-I"},{"r":"215","t":"13:11:18","h":"Est","s":"25N-H60NV20I-80-I"},{"r":"215","t":"13:11:18","h":"Est","s":"25S-H60S000I-80-I"},{"r":"215","t":"13:11:18","h":"Est","s":"25S-H60S100F-82-F1"},{"r":"215","t":"13:11:18","h":"Est","s":"25S-H60S200F-81-F2"},{"r":"215","t":"13:28:35","h":"Est","s":"25N-H60N000A-80-A"},{"r":"215","t":"13:28:35","h":"Est","s":"25N-H60NV10A-80-A"},{"r":"215","t":"13:28:35","h":"Est","s":"25N-H60NV20A-80-A"},{"r":"215","t":"13:28:35","h":"Est","s":"25S-H60S000A-80-A"},{"r":"215","t":"13:35:18","h":"Est","s":"25N-H60N000S-80-S"},{"r":"215","t":"13:35:18","h":"Est","s":"25N-H60N000S-98-S"},{"r":"215","t":"13:35:18","h":"Est","s":"25N-H60NV10S-98-S"},{"r":"215","t":"13:35:18","h":"Est","s":"25N-H60NV20S-98-S"},{"r":"215","t":"13:35:18","h":"Est","s":"25S-H60S000S-80-S"},{"r":"215","t":"13:40:18","h":"Est","s":"25N-H60N000I-80-I"},{"r":"215","t":"13:40:18","h":"Est","s":"25N-H60N100F-81-F1"},{"r":"215","t":"13:40:18","h":"Est","s":"25N-H60N200F-81-F2"},{"r":"215","t":"13:40:18","h":"Est","s":"25N-H60N300F-82-F3"},{"r":"215","t":"13:40:18","h":"Est","s":"25N-H60N400F-81-F4"},{"r":"215","t":"13:40:18","h":"Est","s":"25N-H60NV10I-80-I"},{"r":"215","t":"13:40:18","h":"Est","s":"25N-H60NV20I-80-I"},{"r":"215","t":"13:40:18","h":"Est","s":"25S-H60S000I-80-I"},{"r":"215","t":"13:40:18","h":"Est","s":"25S-H60S100F-82-F1"},{"r":"215","t":"13:40:18","h":"Est","s":"25S-H60S200F-81-F2"},{"r":"215","t":"13:55:35","h":"Est","s":"25N-H60N000A-80-A"},{"r":"215","t":"13:55:35","h":"Est","s":"25N-H60NV10A-80-A"},{"r":"215","t":"13:55:35","h":"Est","s":"25N-H60NV20A-80-A"},{"r":"215","t":"13:55:35","h":"Est","s":"25S-H60S000A-80-A"},{"r":"215","t":"13:57:18","h":"Est","s":"25N-H60N000S-80-S"},{"r":"215","t":"13:57:18","h":"Est","s":"25N-H60N000S-98-S"},{"r":"215","t":"13:57:18","h":"Est","s":"25N-H60NV10S-98-S"},{"r":"215","t":"13:57:18","h":"Est","s":"25N-H60NV20S-98-S"},{"r":"215","t":"13:57:18","h":"Est","s":"25S-H60S000S-80-S"},{"r":"215","t":"14:09:18","h":"Est","s":"25N-H60N000I-80-I"},{"r":"215","t":"14:09:18","h":"Est","s":"25N-H60N100F-81-F1"},{"r":"215","t":"14:09:18","h":"Est","s":"25N-H60N200F-81-F2"},{"r":"215","t":"14:09:18","h":"Est","s":"25N-H60N300F-82-F3"},{"r":"215","t":"14:09:18","h":"Est","s":"25N-H60N400F-81-F4"},{"r":"215","t":"14:09:18","h":"Est","s":"25N-H60NV10I-80-I"},{"r":"215","t":"14:09:18","h":"Est","s":"25N-H60NV20I-80-I"},{"r":"215","t":"14:09:18","h":"Est","s":"25S-H60S000I-80-I"},{"r":"215","t":"14:09:18","h":"Est","s":"25S-H60S100F-82-F1"},{"r":"215","t":"14:09:18","h":"Est","s":"25S-H60S200F-81-F2"},{"r":"215","t":"14:13:18","h":"Est","s":"25N-H60N000S-80-S"},{"r":"215","t":"14:13:18","h":"Est","s":"25N-H60N000S-98-S"},{"r":"215","t":"14:13:18","h":"Est","s":"25N-H60NV10S-98-S"},{"r":"215","t":"14:13:18","h":"Est","s":"25N-H60NV20S-98-S"},{"r":"215","t":"14:13:18","h":"Est","s":"25S-H60S000S-80-S"},{"r":"215","t":"14:23:35","h":"Est","s":"25N-H60N000A-80-A"},{"r":"215","t":"14:23:35","h":"Est","s":"25N-H60NV10A-80-A"},{"r":"215","t":"14:23:35","h":"Est","s":"25N-H60NV20A-80-A"},{"r":"215","t":"14:23:35","h":"Est","s":"25S-H60S000A-80-A"},{"r":"215","t":"14:30:18","h":"Est","s":"25N-H60N000S-80-S"},{"r":"215","t":"14:30:18","h":"Est","s":"25N-H60N000S-98-S"},{"r":"215","t":"14:30:18","h":"Est","s":"25N-H60NV10S-98-S"},{"r":"215","t":"14:30:18","h":"Est","s":"25N-H60NV20S-98-S"},{"r":"215","t":"14:30:18","h":"Est","s":"25S-H60S000S-80-S"},{"r":"215","t":"14:38:18","h":"Est","s":"25N-H60N000I-80-I"},{"r":"215","t":"14:38:18","h":"Est","s":"25N-H60N100F-81-F1"},{"r":"215","t":"14:38:18","h":"Est","s":"25N-H60N200F-81-F2"},{"r":"215","t":"14:38:18","h":"Est","s":"25N-H60N300F-82-F3"},{"r":"215","t":"14:38:18","h":"Est","s":"25N-H60N400F-81-F4"},{"r":"215","t":"14:38:18","h":"Est","s":"25N-H60NV10I-80-I"},{"r":"215","t":"14:38:18","h":"Est","s":"25N-H60NV20I-80-I"},{"r":"215","t":"14:38:18","h":"Est","s":"25S-H60S000I-80-I"},{"r":"215","t":"14:38:18","h":"Est","s":"25S-H60S100F-82-F1"},{"r":"215","t":"14:38:18","h":"Est","s":"25S-H60S200F-81-F2"},{"r":"215","t":"14:46:18","h":"Est","s":"25N-H60N000S-80-S"},{"r":"215","t":"14:46:18","h":"Est","s":"25N-H60N000S-98-S"},{"r":"215","t":"14:46:18","h":"Est","s":"25N-H60NV10S-98-S"},{"r":"215","t":"14:46:18","h":"Est","s":"25N-H60NV20S-98-S"},{"r":"215","t":"14:46:18","h":"Est","s":"25S-H60S000S-80-S"},{"r":"215","t":"14:51:35","h":"Est","s":"25N-H60N000A-80-A"},{"r":"215","t":"14:51:35","h":"Est","s":"25N-H60NV10A-80-A"},{"r":"215","t":"14:51:35","h":"Est","s":"25N-H60NV20A-80-A"},{"r":"215","t":"14:51:35","h":"Est","s":"25S-H60S000A-80-A"},{"r":"215","t":"14:58:18","h":"Est","s":"25N-H58N000S-80-S"},{"r":"215","t":"14:58:18","h":"Est","s":"25N-H58NV10S-80-S"},{"r":"215","t":"14:58:18","h":"Est","s":"25N-H58NV20S-80-S"},{"r":"215","t":"14:58:18","h":"Est","s":"25S-H58S000S-80-S"},{"r":"215","t":"15:07:18","h":"Est","s":"25N-H60N000I-80-I"},{"r":"215","t":"15:07:18","h":"Est","s":"25N-H60N100F-81-F1"},{"r":"215","t":"15:07:18","h":"Est","s":"25N-H60N200F-81-F2"},{"r":"215","t":"15:07:18","h":"Est","s":"25N-H60N300F-82-F3"},{"r":"215","t":"15:07:18","h":"Est","s":"25N-H60N400F-81-F4"},{"r":"215","t":"15:07:18","h":"Est","s":"25N-H60NV10I-80-I"},{"r":"215","t":"15:07:18","h":"Est","s":"25N-H60NV20I-80-I"},{"r":"215","t":"15:07:18","h":"Est","s":"25S-H60S000I-80-I"},{"r":"215","t":"15:07:18","h":"Est","s":"25S-H60S100F-82-F1"},{"r":"215","t":"15:07:18","h":"Est","s":"25S-H60S200F-81-F2"},{"r":"215","t":"15:10:18","h":"Est","s":"25N-H60N000S-80-S"},{"r":"215","t":"15:10:18","h":"Est","s":"25N-H60N000S-98-S"},{"r":"215","t":"15:10:18","h":"Est","s":"25N-H60NV10S-98-S"},{"r":"215","t":"15:10:18","h":"Est","s":"25N-H60NV20S-98-S"},{"r":"215","t":"15:10:18","h":"Est","s":"25S-H60S000S-80-S"},{"r":"215","t":"15:18:35","h":"Est","s":"25N-H60N000A-80-A"},{"r":"215","t":"15:18:35","h":"Est","s":"25N-H60NV10A-80-A"},{"r":"215","t":"15:18:35","h":"Est","s":"25N-H60NV20A-80-A"},{"r":"215","t":"15:18:35","h":"Est","s":"25S-H60S000A-80-A"},{"r":"215","t":"15:22:18","h":"Est","s":"25N-H60N000S-80-S"},{"r":"215","t":"15:22:18","h":"Est","s":"25N-H60N000S-98-S"},{"r":"215","t":"15:22:18","h":"Est","s":"25N-H60NV10S-98-S"},{"r":"215","t":"15:22:18","h":"Est","s":"25N-H60NV20S-98-S"},{"r":"215","t":"15:22:18","h":"Est","s":"25S-H60S000S-80-S"},{"r":"215","t":"15:34:18","h":"Est","s":"25N-H60N000S-80-S"},{"r":"215","t":"15:34:18","h":"Est","s":"25N-H60N000S-98-S"},{"r":"215","t":"15:34:18","h":"Est","s":"25N-H60NV10S-98-S"},{"r":"215","t":"15:34:18","h":"Est","s":"25N-H60NV20S-98-S"},{"r":"215","t":"15:34:18","h":"Est","s":"25S-H60S000S-80-S"},{"r":"215","t":"15:37:18","h":"Est","s":"25N-H60N000I-80-I"},{"r":"215","t":"15:37:18","h":"Est","s":"25N-H60N100F-81-F1"},{"r":"215","t":"15:37:18","h":"Est","s":"25N-H60N200F-81-F2"},{"r":"215","t":"15:37:18","h":"Est","s":"25N-H60N300F-82-F3"},{"r":"215","t":"15:37:18","h":"Est","s":"25N-H60N400F-81-F4"},{"r":"215","t":"15:37:18","h":"Est","s":"25N-H60NV10I-80-I"},{"r":"215","t":"15:37:18","h":"Est","s":"25N-H60NV20I-80-I"},{"r":"215","t":"15:37:18","h":"Est","s":"25S-H60S000I-80-I"},{"r":"215","t":"15:37:18","h":"Est","s":"25S-H60S100F-82-F1"},{"r":"215","t":"15:37:18","h":"Est","s":"25S-H60S200F-81-F2"},{"r":"215","t":"15:46:35","h":"Est","s":"25N-H60N000A-80-A"},{"r":"215","t":"15:46:35","h":"Est","s":"25N-H60NV10A-80-A"},{"r":"215","t":"15:46:35","h":"Est","s":"25N-H60NV20A-80-A"},{"r":"215","t":"15:46:35","h":"Est","s":"25S-H60S000A-80-A"},{"r":"215","t":"15:47:18","h":"Est","s":"25N-H60N000S-80-S"},{"r":"215","t":"15:47:18","h":"Est","s":"25N-H60N000S-98-S"},{"r":"215","t":"15:47:18","h":"Est","s":"25N-H60NV10S-98-S"},{"r":"215","t":"15:47:18","h":"Est","s":"25N-H60NV20S-98-S"},{"r":"215","t":"15:47:18","h":"Est","s":"25S-H60S000S-80-S"},{"r":"215","t":"15:58:18","h":"Est","s":"25N-H58N000S-80-S"},{"r":"215","t":"15:58:18","h":"Est","s":"25N-H58NV10S-80-S"},{"r":"215","t":"15:58:18","h":"Est","s":"25N-H58NV20S-80-S"},{"r":"215","t":"15:58:18","h":"Est","s":"25S-H58S000S-80-S"},{"r":"215","t":"16:07:18","h":"Est","s":"25N-H60N000I-80-I"},{"r":"215","t":"16:07:18","h":"Est","s":"25N-H60N100F-81-F1"},{"r":"215","t":"16:07:18","h":"Est","s":"25N-H60N200F-81-F2"},{"r":"215","t":"16:07:18","h":"Est","s":"25N-H60N300F-82-F3"},{"r":"215","t":"16:07:18","h":"Est","s":"25N-H60N400F-81-F4"},{"r":"215","t":"16:07:18","h":"Est","s":"25N-H60NV10I-80-I"},{"r":"215","t":"16:07:18","h":"Est","s":"25N-H60NV20I-80-I"},{"r":"215","t":"16:07:18","h":"Est","s":"25S-H60S000I-80-I"},{"r":"215","t":"16:07:18","h":"Est","s":"25S-H60S100F-82-F1"},{"r":"215","t":"16:07:18","h":"Est","s":"25S-H60S200F-81-F2"},{"r":"215","t":"16:12:35","h":"Est","s":"25N-H60N000A-80-A"},{"r":"215","t":"16:12:35","h":"Est","s":"25N-H60NV10A-80-A"},{"r":"215","t":"16:12:35","h":"Est","s":"25N-H60NV20A-80-A"},{"r":"215","t":"16:12:35","h":"Est","s":"25S-H60S000A-80-A"},{"r":"215","t":"16:13:18","h":"Est","s":"25N-H60N000S-80-S"},{"r":"215","t":"16:13:18","h":"Est","s":"25N-H60N000S-98-S"},{"r":"215","t":"16:13:18","h":"Est","s":"25N-H60NV10S-98-S"},{"r":"215","t":"16:13:18","h":"Est","s":"25N-H60NV20S-98-S"},{"r":"215","t":"16:13:18","h":"Est","s":"25S-H60S000S-80-S"},{"r":"215","t":"16:30:18","h":"Est","s":"25N-H60N000S-80-S"},{"r":"215","t":"16:30:18","h":"Est","s":"25N-H60N000S-98-S"},{"r":"215","t":"16:30:18","h":"Est","s":"25N-H60NV10S-98-S"},{"r":"215","t":"16:30:18","h":"Est","s":"25N-H60NV20S-98-S"},{"r":"215","t":"16:30:18","h":"Est","s":"25S-H60S000S-80-S"},{"r":"215","t":"16:32:35","h":"Est","s":"25N-H60N000A-80-A"},{"r":"215","t":"16:32:35","h":"Est","s":"25N-H60NV10A-80-A"},{"r":"215","t":"16:32:35","h":"Est","s":"25N-H60NV20A-80-A"},{"r":"215","t":"16:32:35","h":"Est","s":"25S-H60S000A-80-A"},{"r":"215","t":"16:37:18","h":"Est","s":"25N-H60N000I-80-I"},{"r":"215","t":"16:37:18","h":"Est","s":"25N-H60N100F-81-F1"},{"r":"215","t":"16:37:18","h":"Est","s":"25N-H60N200F-81-F2"},{"r":"215","t":"16:37:18","h":"Est","s":"25N-H60N300F-82-F3"},{"r":"215","t":"16:37:18","h":"Est","s":"25N-H60N400F-81-F4"},{"r":"215","t":"16:37:18","h":"Est","s":"25N-H60NV10I-80-I"},{"r":"215","t":"16:37:18","h":"Est","s":"25N-H60NV20I-80-I"},{"r":"215","t":"16:37:18","h":"Est","s":"25S-H60S000I-80-I"},{"r":"215","t":"16:37:18","h":"Est","s":"25S-H60S100F-82-F1"},{"r":"215","t":"16:37:18","h":"Est","s":"25S-H60S200F-81-F2"},{"r":"215","t":"16:47:18","h":"Est","s":"25N-H60N000S-80-S"},{"r":"215","t":"16:47:18","h":"Est","s":"25N-H60N000S-98-S"},{"r":"215","t":"16:47:18","h":"Est","s":"25N-H60NV10S-98-S"},{"r":"215","t":"16:47:18","h":"Est","s":"25N-H60NV20S-98-S"},{"r":"215","t":"16:47:18","h":"Est","s":"25S-H60S000S-80-S"},{"r":"215","t":"16:50:35","h":"Est","s":"25N-H60N000A-80-A"},{"r":"215","t":"16:50:35","h":"Est","s":"25N-H60NV10A-80-A"},{"r":"215","t":"16:50:35","h":"Est","s":"25N-H60NV20A-80-A"},{"r":"215","t":"16:50:35","h":"Est","s":"25S-H60S000A-80-A"},{"r":"215","t":"17:05:18","h":"Est","s":"25N-H60N000S-80-S"},{"r":"215","t":"17:05:18","h":"Est","s":"25N-H60N000S-98-S"},{"r":"215","t":"17:05:18","h":"Est","s":"25N-H60NV10S-98-S"},{"r":"215","t":"17:05:18","h":"Est","s":"25N-H60NV20S-98-S"},{"r":"215","t":"17:05:18","h":"Est","s":"25S-H60S000S-80-S"},{"r":"215","t":"17:07:18","h":"Est","s":"25N-H60N000I-80-I"},{"r":"215","t":"17:07:18","h":"Est","s":"25N-H60N100F-81-F1"},{"r":"215","t":"17:07:18","h":"Est","s":"25N-H60N200F-81-F2"},{"r":"215","t":"17:07:18","h":"Est","s":"25N-H60N300F-82-F3"},{"r":"215","t":"17:07:18","h":"Est","s":"25N-H60N400F-81-F4"},{"r":"215","t":"17:07:18","h":"Est","s":"25N-H60NV10I-80-I"},{"r":"215","t":"17:07:18","h":"Est","s":"25N-H60NV20I-80-I"},{"r":"215","t":"17:07:18","h":"Est","s":"25S-H60S000I-80-I"},{"r":"215","t":"17:07:18","h":"Est","s":"25S-H60S100F-82-F1"},{"r":"215","t":"17:07:18","h":"Est","s":"25S-H60S200F-81-F2"},{"r":"215","t":"17:07:35","h":"Est","s":"25N-H60N000A-80-A"},{"r":"215","t":"17:07:35","h":"Est","s":"25N-H60NV10A-80-A"},{"r":"215","t":"17:07:35","h":"Est","s":"25N-H60NV20A-80-A"},{"r":"215","t":"17:07:35","h":"Est","s":"25S-H60S000A-80-A"},{"r":"215","t":"17:25:35","h":"Est","s":"25N-H60N000A-80-A"},{"r":"215","t":"17:25:35","h":"Est","s":"25N-H60NV10A-80-A"},{"r":"215","t":"17:25:35","h":"Est","s":"25N-H60NV20A-80-A"},{"r":"215","t":"17:25:35","h":"Est","s":"25S-H60S000A-80-A"},{"r":"215","t":"17:27:18","h":"Est","s":"25N-H60N000S-80-S"},{"r":"215","t":"17:27:18","h":"Est","s":"25N-H60N000S-98-S"},{"r":"215","t":"17:27:18","h":"Est","s":"25N-H60NV10S-98-S"},{"r":"215","t":"17:27:18","h":"Est","s":"25N-H60NV20S-98-S"},{"r":"215","t":"17:27:18","h":"Est","s":"25S-H60S000S-80-S"},{"r":"215","t":"17:37:18","h":"Est","s":"25N-H60N000I-80-I"},{"r":"215","t":"17:37:18","h":"Est","s":"25N-H60N100F-81-F1"},{"r":"215","t":"17:37:18","h":"Est","s":"25N-H60N200F-81-F2"},{"r":"215","t":"17:37:18","h":"Est","s":"25N-H60N300F-82-F3"},{"r":"215","t":"17:37:18","h":"Est","s":"25N-H60N400F-81-F4"},{"r":"215","t":"17:37:18","h":"Est","s":"25N-H60NV10I-80-I"},{"r":"215","t":"17:37:18","h":"Est","s":"25N-H60NV20I-80-I"},{"r":"215","t":"17:37:18","h":"Est","s":"25S-H60S000I-80-I"},{"r":"215","t":"17:37:18","h":"Est","s":"25S-H60S100F-82-F1"},{"r":"215","t":"17:37:18","h":"Est","s":"25S-H60S200F-81-F2"},{"r":"215","t":"17:43:35","h":"Est","s":"25N-H60N000A-80-A"},{"r":"215","t":"17:43:35","h":"Est","s":"25N-H60NV10A-80-A"},{"r":"215","t":"17:43:35","h":"Est","s":"25N-H60NV20A-80-A"},{"r":"215","t":"17:43:35","h":"Est","s":"25S-H60S000A-80-A"},{"r":"215","t":"17:49:18","h":"Est","s":"25N-H60N000S-80-S"},{"r":"215","t":"17:49:18","h":"Est","s":"25N-H60N000S-98-S"},{"r":"215","t":"17:49:18","h":"Est","s":"25N-H60NV10S-98-S"},{"r":"215","t":"17:49:18","h":"Est","s":"25N-H60NV20S-98-S"},{"r":"215","t":"17:49:18","h":"Est","s":"25S-H60S000S-80-S"},{"r":"215","t":"18:02:35","h":"Est","s":"25N-H60N000A-80-A"},{"r":"215","t":"18:02:35","h":"Est","s":"25N-H60NV10A-80-A"},{"r":"215","t":"18:02:35","h":"Est","s":"25N-H60NV20A-80-A"},{"r":"215","t":"18:02:35","h":"Est","s":"25S-H60S000A-80-A"},{"r":"215","t":"18:08:18","h":"Est","s":"25N-H60N000I-80-I"},{"r":"215","t":"18:08:18","h":"Est","s":"25N-H60N100F-81-F1"},{"r":"215","t":"18:08:18","h":"Est","s":"25N-H60N200F-81-F2"},{"r":"215","t":"18:08:18","h":"Est","s":"25N-H60N300F-82-F3"},{"r":"215","t":"18:08:18","h":"Est","s":"25N-H60N400F-81-F4"},{"r":"215","t":"18:08:18","h":"Est","s":"25N-H60NV10I-80-I"},{"r":"215","t":"18:08:18","h":"Est","s":"25N-H60NV20I-80-I"},{"r":"215","t":"18:08:18","h":"Est","s":"25S-H60S000I-80-I"},{"r":"215","t":"18:08:18","h":"Est","s":"25S-H60S100F-82-F1"},{"r":"215","t":"18:08:18","h":"Est","s":"25S-H60S200F-81-F2"},{"r":"215","t":"18:09:18","h":"Est","s":"25N-H60N000S-80-S"},{"r":"215","t":"18:09:18","h":"Est","s":"25N-H60N000S-98-S"},{"r":"215","t":"18:09:18","h":"Est","s":"25N-H60NV10S-98-S"},{"r":"215","t":"18:09:18","h":"Est","s":"25N-H60NV20S-98-S"},{"r":"215","t":"18:09:18","h":"Est","s":"25S-H60S000S-80-S"},{"r":"215","t":"18:22:35","h":"Est","s":"25N-H60N000A-80-A"},{"r":"215","t":"18:22:35","h":"Est","s":"25N-H60NV10A-80-A"},{"r":"215","t":"18:22:35","h":"Est","s":"25N-H60NV20A-80-A"},{"r":"215","t":"18:22:35","h":"Est","s":"25S-H60S000A-80-A"},{"r":"215","t":"18:29:18","h":"Est","s":"25N-H60N000S-80-S"},{"r":"215","t":"18:29:18","h":"Est","s":"25N-H60N000S-98-S"},{"r":"215","t":"18:29:18","h":"Est","s":"25N-H60NV10S-98-S"},{"r":"215","t":"18:29:18","h":"Est","s":"25N-H60NV20S-98-S"},{"r":"215","t":"18:29:18","h":"Est","s":"25S-H60S000S-80-S"},{"r":"215","t":"18:38:18","h":"Est","s":"25N-H60N000I-80-I"},{"r":"215","t":"18:38:18","h":"Est","s":"25N-H60N100F-81-F1"},{"r":"215","t":"18:38:18","h":"Est","s":"25N-H60N200F-81-F2"},{"r":"215","t":"18:38:18","h":"Est","s":"25N-H60N300F-82-F3"},{"r":"215","t":"18:38:18","h":"Est","s":"25N-H60N400F-81-F4"},{"r":"215","t":"18:38:18","h":"Est","s":"25N-H60NV10I-80-I"},{"r":"215","t":"18:38:18","h":"Est","s":"25N-H60NV20I-80-I"},{"r":"215","t":"18:38:18","h":"Est","s":"25S-H60S000I-80-I"},{"r":"215","t":"18:38:18","h":"Est","s":"25S-H60S100F-82-F1"},{"r":"215","t":"18:38:18","h":"Est","s":"25S-H60S200F-81-F2"},{"r":"215","t":"18:45:52","h":"Est","s":"25N-H60N000A-80-A"},{"r":"215","t":"18:45:52","h":"Est","s":"25N-H60NV10A-80-A"},{"r":"215","t":"18:45:52","h":"Est","s":"25N-H60NV20A-80-A"},{"r":"215","t":"18:45:52","h":"Est","s":"25S-H60S000A-80-A"},{"r":"215","t":"18:48:18","h":"Est","s":"25N-H60N000S-80-S"},{"r":"215","t":"18:48:18","h":"Est","s":"25N-H60N000S-98-S"},{"r":"215","t":"18:48:18","h":"Est","s":"25N-H60NV10S-98-S"},{"r":"215","t":"18:48:18","h":"Est","s":"25N-H60NV20S-98-S"},{"r":"215","t":"18:48:18","h":"Est","s":"25S-H60S000S-80-S"},{"r":"215","t":"19:08:52","h":"Est","s":"25N-H60N000A-80-A"},{"r":"215","t":"19:08:52","h":"Est","s":"25N-H60NV10A-80-A"},{"r":"215","t":"19:08:52","h":"Est","s":"25N-H60NV20A-80-A"},{"r":"215","t":"19:08:52","h":"Est","s":"25S-H60S000A-80-A"},{"r":"215","t":"19:10:18","h":"Est","s":"25N-H60N000I-80-I"},{"r":"215","t":"19:10:18","h":"Est","s":"25N-H60N100F-81-F1"},{"r":"215","t":"19:10:18","h":"Est","s":"25N-H60N200F-81-F2"},{"r":"215","t":"19:10:18","h":"Est","s":"25N-H60N300F-82-F3"},{"r":"215","t":"19:10:18","h":"Est","s":"25N-H60N400F-81-F4"},{"r":"215","t":"19:10:18","h":"Est","s":"25N-H60NV10I-80-I"},{"r":"215","t":"19:10:18","h":"Est","s":"25N-H60NV20I-80-I"},{"r":"215","t":"19:10:18","h":"Est","s":"25S-H60S000I-80-I"},{"r":"215","t":"19:10:18","h":"Est","s":"25S-H60S100F-82-F1"},{"r":"215","t":"19:10:18","h":"Est","s":"25S-H60S200F-81-F2"},{"r":"215","t":"19:13:18","h":"Est","s":"25N-H60N000S-80-S"},{"r":"215","t":"19:13:18","h":"Est","s":"25N-H60N000S-98-S"},{"r":"215","t":"19:13:18","h":"Est","s":"25N-H60NV10S-98-S"},{"r":"215","t":"19:13:18","h":"Est","s":"25N-H60NV20S-98-S"},{"r":"215","t":"19:13:18","h":"Est","s":"25S-H60S000S-80-S"},{"r":"215","t":"19:32:52","h":"Est","s":"25N-H60N000A-80-A"},{"r":"215","t":"19:32:52","h":"Est","s":"25N-H60NV10A-80-A"},{"r":"215","t":"19:32:52","h":"Est","s":"25N-H60NV20A-80-A"},{"r":"215","t":"19:32:52","h":"Est","s":"25S-H60S000A-80-A"},{"r":"215","t":"19:41:18","h":"Est","s":"25N-H60N000S-80-S"},{"r":"215","t":"19:41:18","h":"Est","s":"25N-H60N000S-98-S"},{"r":"215","t":"19:41:18","h":"Est","s":"25N-H60NV10S-98-S"},{"r":"215","t":"19:41:18","h":"Est","s":"25N-H60NV20S-98-S"},{"r":"215","t":"19:41:18","h":"Est","s":"25S-H60S000S-80-S"},{"r":"215","t":"19:41:35","h":"Est","s":"25N-H60N000I-80-I"},{"r":"215","t":"19:41:35","h":"Est","s":"25N-H60N100F-81-F1"},{"r":"215","t":"19:41:35","h":"Est","s":"25N-H60N200F-81-F2"},{"r":"215","t":"19:41:35","h":"Est","s":"25N-H60N300F-82-F3"},{"r":"215","t":"19:41:35","h":"Est","s":"25N-H60N400F-81-F4"},{"r":"215","t":"19:41:35","h":"Est","s":"25N-H60NV10I-80-I"},{"r":"215","t":"19:41:35","h":"Est","s":"25N-H60NV20I-80-I"},{"r":"215","t":"19:41:35","h":"Est","s":"25S-H60S000I-80-I"},{"r":"215","t":"19:41:35","h":"Est","s":"25S-H60S100F-82-F1"},{"r":"215","t":"19:41:35","h":"Est","s":"25S-H60S200F-81-F2"},{"r":"215","t":"19:56:52","h":"Est","s":"25N-H60N000A-80-A"},{"r":"215","t":"19:56:52","h":"Est","s":"25N-H60NV10A-80-A"},{"r":"215","t":"19:56:52","h":"Est","s":"25N-H60NV20A-80-A"},{"r":"215","t":"19:56:52","h":"Est","s":"25S-H60S000A-80-A"},{"r":"215","t":"20:08:18","h":"Est","s":"25N-H60N000S-80-S"},{"r":"215","t":"20:08:18","h":"Est","s":"25N-H60N000S-98-S"},{"r":"215","t":"20:08:18","h":"Est","s":"25N-H60NV10S-98-S"},{"r":"215","t":"20:08:18","h":"Est","s":"25N-H60NV20S-98-S"},{"r":"215","t":"20:08:18","h":"Est","s":"25S-H60S000S-80-S"},{"r":"215","t":"20:09:35","h":"Est","s":"25N-H60N000I-80-I"},{"r":"215","t":"20:09:35","h":"Est","s":"25N-H60N100F-81-F1"},{"r":"215","t":"20:09:35","h":"Est","s":"25N-H60N200F-81-F2"},{"r":"215","t":"20:09:35","h":"Est","s":"25N-H60N300F-82-F3"},{"r":"215","t":"20:09:35","h":"Est","s":"25N-H60N400F-81-F4"},{"r":"215","t":"20:09:35","h":"Est","s":"25N-H60NV10I-80-I"},{"r":"215","t":"20:09:35","h":"Est","s":"25N-H60NV20I-80-I"},{"r":"215","t":"20:09:35","h":"Est","s":"25S-H60S000I-80-I"},{"r":"215","t":"20:09:35","h":"Est","s":"25S-H60S100F-82-F1"},{"r":"215","t":"20:09:35","h":"Est","s":"25S-H60S200F-81-F2"},{"r":"215","t":"20:27:52","h":"Est","s":"25N-H60N000A-80-A"},{"r":"215","t":"20:27:52","h":"Est","s":"25N-H60NV10A-80-A"},{"r":"215","t":"20:27:52","h":"Est","s":"25N-H60NV20A-80-A"},{"r":"215","t":"20:27:52","h":"Est","s":"25S-H60S000A-80-A"},{"r":"215","t":"20:39:35","h":"Est","s":"25N-H60N000I-80-I"},{"r":"215","t":"20:39:35","h":"Est","s":"25N-H60N100F-81-F1"},{"r":"215","t":"20:39:35","h":"Est","s":"25N-H60N200F-81-F2"},{"r":"215","t":"20:39:35","h":"Est","s":"25N-H60N300F-82-F3"},{"r":"215","t":"20:39:35","h":"Est","s":"25N-H60N400F-81-F4"},{"r":"215","t":"20:39:35","h":"Est","s":"25N-H60NV10I-80-I"},{"r":"215","t":"20:39:35","h":"Est","s":"25N-H60NV20I-80-I"},{"r":"215","t":"20:39:35","h":"Est","s":"25S-H60S000I-80-I"},{"r":"215","t":"20:39:35","h":"Est","s":"25S-H60S100F-82-F1"},{"r":"215","t":"20:39:35","h":"Est","s":"25S-H60S200F-81-F2"},{"r":"215","t":"20:40:18","h":"Est","s":"25N-H60N000S-80-S"},{"r":"215","t":"20:40:18","h":"Est","s":"25N-H60N000S-98-S"},{"r":"215","t":"20:40:18","h":"Est","s":"25N-H60NV10S-98-S"},{"r":"215","t":"20:40:18","h":"Est","s":"25N-H60NV20S-98-S"},{"r":"215","t":"20:40:18","h":"Est","s":"25S-H60S000S-80-S"},{"r":"215","t":"20:59:52","h":"Est","s":"25N-H60N000A-80-A"},{"r":"215","t":"20:59:52","h":"Est","s":"25N-H60NV10A-80-A"},{"r":"215","t":"20:59:52","h":"Est","s":"25N-H60NV20A-80-A"},{"r":"215","t":"20:59:52","h":"Est","s":"25S-H60S000A-80-A"},{"r":"215","t":"21:09:35","h":"Est","s":"25N-H60N000I-80-I"},{"r":"215","t":"21:09:35","h":"Est","s":"25N-H60N100F-81-F1"},{"r":"215","t":"21:09:35","h":"Est","s":"25N-H60N200F-81-F2"},{"r":"215","t":"21:09:35","h":"Est","s":"25N-H60N300F-82-F3"},{"r":"215","t":"21:09:35","h":"Est","s":"25N-H60N400F-81-F4"},{"r":"215","t":"21:09:35","h":"Est","s":"25N-H60NV10I-80-I"},{"r":"215","t":"21:09:35","h":"Est","s":"25N-H60NV20I-80-I"},{"r":"215","t":"21:09:35","h":"Est","s":"25S-H60S000I-80-I"},{"r":"215","t":"21:09:35","h":"Est","s":"25S-H60S100F-82-F1"},{"r":"215","t":"21:09:35","h":"Est","s":"25S-H60S200F-81-F2"},{"r":"215","t":"21:13:18","h":"Est","s":"25N-H60N000S-80-S"},{"r":"215","t":"21:13:18","h":"Est","s":"25N-H60N000S-98-S"},{"r":"215","t":"21:13:18","h":"Est","s":"25N-H60NV10S-98-S"},{"r":"215","t":"21:13:18","h":"Est","s":"25N-H60NV20S-98-S"},{"r":"215","t":"21:13:18","h":"Est","s":"25S-H60S000S-80-S"},{"r":"215","t":"21:30:52","h":"Est","s":"25N-H60N000A-80-A"},{"r":"215","t":"21:30:52","h":"Est","s":"25N-H60NV10A-80-A"},{"r":"215","t":"21:30:52","h":"Est","s":"25N-H60NV20A-80-A"},{"r":"215","t":"21:30:52","h":"Est","s":"25S-H60S000A-80-A"},{"r":"215","t":"21:39:35","h":"Est","s":"25N-H60N000I-80-I"},{"r":"215","t":"21:39:35","h":"Est","s":"25N-H60N100F-81-F1"},{"r":"215","t":"21:39:35","h":"Est","s":"25N-H60N200F-81-F2"},{"r":"215","t":"21:39:35","h":"Est","s":"25N-H60N300F-82-F3"},{"r":"215","t":"21:39:35","h":"Est","s":"25N-H60N400F-81-F4"},{"r":"215","t":"21:39:35","h":"Est","s":"25N-H60NV10I-80-I"},{"r":"215","t":"21:39:35","h":"Est","s":"25N-H60NV20I-80-I"},{"r":"215","t":"21:39:35","h":"Est","s":"25S-H60S000I-80-I"},{"r":"215","t":"21:39:35","h":"Est","s":"25S-H60S100F-82-F1"},{"r":"215","t":"21:39:35","h":"Est","s":"25S-H60S200F-81-F2"},{"r":"215","t":"21:46:18","h":"Est","s":"25N-H60N000S-80-S"},{"r":"215","t":"21:46:18","h":"Est","s":"25N-H60N000S-98-S"},{"r":"215","t":"21:46:18","h":"Est","s":"25N-H60NV10S-98-S"},{"r":"215","t":"21:46:18","h":"Est","s":"25N-H60NV20S-98-S"},{"r":"215","t":"21:46:18","h":"Est","s":"25S-H60S000S-80-S"},{"r":"215","t":"22:01:52","h":"Est","s":"25N-H60N000A-80-A"},{"r":"215","t":"22:01:52","h":"Est","s":"25N-H60NV10A-80-A"},{"r":"215","t":"22:01:52","h":"Est","s":"25N-H60NV20A-80-A"},{"r":"215","t":"22:01:52","h":"Est","s":"25S-H60S000A-80-A"},{"r":"215","t":"22:09:35","h":"Est","s":"25N-H60N000I-80-I"},{"r":"215","t":"22:09:35","h":"Est","s":"25N-H60N100F-81-F1"},{"r":"215","t":"22:09:35","h":"Est","s":"25N-H60N200F-81-F2"},{"r":"215","t":"22:09:35","h":"Est","s":"25N-H60N300F-82-F3"},{"r":"215","t":"22:09:35","h":"Est","s":"25N-H60N400F-81-F4"},{"r":"215","t":"22:09:35","h":"Est","s":"25N-H60NV10I-80-I"},{"r":"215","t":"22:09:35","h":"Est","s":"25N-H60NV20I-80-I"},{"r":"215","t":"22:09:35","h":"Est","s":"25S-H60S000I-80-I"},{"r":"215","t":"22:09:35","h":"Est","s":"25S-H60S100F-82-F1"},{"r":"215","t":"22:09:35","h":"Est","s":"25S-H60S200F-81-F2"},{"r":"215","t":"22:18:18","h":"Est","s":"25N-H60N000S-80-S"},{"r":"215","t":"22:18:18","h":"Est","s":"25N-H60N000S-98-S"},{"r":"215","t":"22:18:18","h":"Est","s":"25N-H60NV10S-98-S"},{"r":"215","t":"22:18:18","h":"Est","s":"25N-H60NV20S-98-S"},{"r":"215","t":"22:18:18","h":"Est","s":"25S-H60S000S-80-S"},{"r":"215","t":"22:30:52","h":"Est","s":"25N-H60N000A-80-A"},{"r":"215","t":"22:30:52","h":"Est","s":"25N-H60NV10A-80-A"},{"r":"215","t":"22:30:52","h":"Est","s":"25N-H60NV20A-80-A"},{"r":"215","t":"22:30:52","h":"Est","s":"25S-H60S000A-80-A"},{"r":"215","t":"22:39:35","h":"Est","s":"25N-H60N000I-80-I"},{"r":"215","t":"22:39:35","h":"Est","s":"25N-H60N100F-81-F1"},{"r":"215","t":"22:39:35","h":"Est","s":"25N-H60N200F-81-F2"},{"r":"215","t":"22:39:35","h":"Est","s":"25N-H60N300F-82-F3"},{"r":"215","t":"22:39:35","h":"Est","s":"25N-H60N400F-81-F4"},{"r":"215","t":"22:39:35","h":"Est","s":"25N-H60NV10I-80-I"},{"r":"215","t":"22:39:35","h":"Est","s":"25N-H60NV20I-80-I"},{"r":"215","t":"22:39:35","h":"Est","s":"25S-H60S000I-80-I"},{"r":"215","t":"22:39:35","h":"Est","s":"25S-H60S100F-82-F1"},{"r":"215","t":"22:39:35","h":"Est","s":"25S-H60S200F-81-F2"},{"r":"215","t":"22:50:18","h":"Est","s":"25N-H60N000S-80-S"},{"r":"215","t":"22:50:18","h":"Est","s":"25N-H60N000S-98-S"},{"r":"215","t":"22:50:18","h":"Est","s":"25N-H60NV10S-98-S"},{"r":"215","t":"22:50:18","h":"Est","s":"25N-H60NV20S-98-S"},{"r":"215","t":"22:50:18","h":"Est","s":"25S-H60S000S-80-S"},{"r":"215","t":"23:01:52","h":"Est","s":"25N-H60N000A-80-A"},{"r":"215","t":"23:01:52","h":"Est","s":"25N-H60NV10A-80-A"},{"r":"215","t":"23:01:52","h":"Est","s":"25N-H60NV20A-80-A"},{"r":"215","t":"23:01:52","h":"Est","s":"25S-H60S000A-80-A"},{"r":"215","t":"23:08:35","h":"Est","s":"25N-H60N000I-80-I"},{"r":"215","t":"23:08:35","h":"Est","s":"25N-H60N100F-81-F1"},{"r":"215","t":"23:08:35","h":"Est","s":"25N-H60N200F-81-F2"},{"r":"215","t":"23:08:35","h":"Est","s":"25N-H60N300F-82-F3"},{"r":"215","t":"23:08:35","h":"Est","s":"25N-H60N400F-81-F4"},{"r":"215","t":"23:08:35","h":"Est","s":"25N-H60NV10I-80-I"},{"r":"215","t":"23:08:35","h":"Est","s":"25N-H60NV20I-80-I"},{"r":"215","t":"23:08:35","h":"Est","s":"25S-H60S000I-80-I"},{"r":"215","t":"23:08:35","h":"Est","s":"25S-H60S100F-82-F1"},{"r":"215","t":"23:08:35","h":"Est","s":"25S-H60S200F-81-F2"},{"r":"215","t":"23:22:18","h":"Est","s":"25N-H60N000S-80-S"},{"r":"215","t":"23:22:18","h":"Est","s":"25N-H60N000S-98-S"},{"r":"215","t":"23:22:18","h":"Est","s":"25N-H60NV10S-98-S"},{"r":"215","t":"23:22:18","h":"Est","s":"25N-H60NV20S-98-S"},{"r":"215","t":"23:22:18","h":"Est","s":"25S-H60S000S-80-S"},{"r":"215","t":"23:32:52","h":"Est","s":"25N-H60N000A-80-A"},{"r":"215","t":"23:32:52","h":"Est","s":"25N-H60NV10A-80-A"},{"r":"215","t":"23:32:52","h":"Est","s":"25N-H60NV20A-80-A"},{"r":"215","t":"23:32:52","h":"Est","s":"25S-H60S000A-80-A"},{"r":"215","t":"23:35:52","h":"Est","s":"25N-H60N000I-80-I"},{"r":"215","t":"23:35:52","h":"Est","s":"25N-H60N100F-81-F1"},{"r":"215","t":"23:35:52","h":"Est","s":"25N-H60N200F-81-F2"},{"r":"215","t":"23:35:52","h":"Est","s":"25N-H60N300F-82-F3"},{"r":"215","t":"23:35:52","h":"Est","s":"25N-H60N400F-81-F4"},{"r":"215","t":"23:35:52","h":"Est","s":"25N-H60NV10I-80-I"},{"r":"215","t":"23:35:52","h":"Est","s":"25N-H60NV20I-80-I"},{"r":"215","t":"23:35:52","h":"Est","s":"25S-H60S000I-80-I"},{"r":"215","t":"23:35:52","h":"Est","s":"25S-H60S100F-82-F1"},{"r":"215","t":"23:35:52","h":"Est","s":"25S-H60S200F-81-F2"},{"r":"215","t":"23:49:35","h":"Est","s":"25N-H60N000S-80-S"},{"r":"215","t":"23:49:35","h":"Est","s":"25N-H60N000S-98-S"},{"r":"215","t":"23:49:35","h":"Est","s":"25N-H60NV10S-98-S"},{"r":"215","t":"23:49:35","h":"Est","s":"25N-H60NV20S-98-S"},{"r":"215","t":"23:49:35","h":"Est","s":"25S-H60S000S-80-S"},{"r":"215","t":"23:59:52","h":"Est","s":"25N-H60N000I-80-I"},{"r":"215","t":"23:59:52","h":"Est","s":"25N-H60N100F-81-F1"},{"r":"215","t":"23:59:52","h":"Est","s":"25N-H60N200F-81-F2"},{"r":"215","t":"23:59:52","h":"Est","s":"25N-H60N300F-82-F3"},{"r":"215","t":"23:59:52","h":"Est","s":"25N-H60N400F-81-F4"},{"r":"215","t":"23:59:52","h":"Est","s":"25N-H60NV10I-80-I"},{"r":"215","t":"23:59:52","h":"Est","s":"25N-H60NV20I-80-I"},{"r":"215","t":"23:59:52","h":"Est","s":"25S-H60S000I-80-I"},{"r":"215","t":"23:59:52","h":"Est","s":"25S-H60S100F-82-F1"},{"r":"215","t":"23:59:52","h":"Est","s":"25S-H60S200F-81-F2"},{"r":"215","t":"24:02:09","h":"Est","s":"25N-H60N000A-80-A"},{"r":"215","t":"24:02:09","h":"Est","s":"25N-H60NV10A-80-A"},{"r":"215","t":"24:02:09","h":"Est","s":"25N-H60NV20A-80-A"},{"r":"215","t":"24:02:09","h":"Est","s":"25S-H60S000A-80-A"},{"r":"215","t":"24:16:35","h":"Est","s":"25N-H60N000S-80-S"},{"r":"215","t":"24:16:35","h":"Est","s":"25N-H60N000S-98-S"},{"r":"215","t":"24:16:35","h":"Est","s":"25N-H60NV10S-98-S"},{"r":"215","t":"24:16:35","h":"Est","s":"25N-H60NV20S-98-S"},{"r":"215","t":"24:16:35","h":"Est","s":"25S-H60S000S-80-S"},{"r":"215","t":"24:17:52","h":"Est","s":"25N-H60N000I-80-I"},{"r":"215","t":"24:17:52","h":"Est","s":"25N-H60N100F-81-F1"},{"r":"215","t":"24:17:52","h":"Est","s":"25N-H60N200F-81-F2"},{"r":"215","t":"24:17:52","h":"Est","s":"25N-H60N300F-82-F3"},{"r":"215","t":"24:17:52","h":"Est","s":"25N-H60N400F-81-F4"},{"r":"215","t":"24:17:52","h":"Est","s":"25N-H60NV10I-80-I"},{"r":"215","t":"24:17:52","h":"Est","s":"25N-H60NV20I-80-I"},{"r":"215","t":"24:17:52","h":"Est","s":"25S-H60S000I-80-I"},{"r":"215","t":"24:17:52","h":"Est","s":"25S-H60S100F-82-F1"},{"r":"215","t":"24:17:52","h":"Est","s":"25S-H60S200F-81-F2"},{"r":"215","t":"24:28:09","h":"Est","s":"25N-H60N000A-80-A"},{"r":"215","t":"24:28:09","h":"Est","s":"25N-H60NV10A-80-A"},{"r":"215","t":"24:28:09","h":"Est","s":"25N-H60NV20A-80-A"},{"r":"215","t":"24:28:09","h":"Est","s":"25S-H60S000A-80-A"},{"r":"215","t":"24:52:09","h":"Est","s":"25N-H60N000A-80-A"},{"r":"215","t":"24:52:09","h":"Est","s":"25N-H60NV10A-80-A"},{"r":"215","t":"24:52:09","h":"Est","s":"25N-H60NV20A-80-A"},{"r":"215","t":"24:52:09","h":"Est","s":"25S-H60S000A-80-A"},{"r":"215","t":"24:59:52","h":"Est","s":"25N-H60N000I-80-I"},{"r":"215","t":"24:59:52","h":"Est","s":"25N-H60N100F-81-F1"},{"r":"215","t":"24:59:52","h":"Est","s":"25N-H60N200F-81-F2"},{"r":"215","t":"24:59:52","h":"Est","s":"25N-H60N300F-82-F3"},{"r":"215","t":"24:59:52","h":"Est","s":"25N-H60N400F-81-F4"},{"r":"215","t":"24:59:52","h":"Est","s":"25N-H60NV10I-80-I"},{"r":"215","t":"24:59:52","h":"Est","s":"25N-H60NV20I-80-I"},{"r":"215","t":"24:59:52","h":"Est","s":"25S-H60S000I-80-I"},{"r":"215","t":"24:59:52","h":"Est","s":"25S-H60S100F-82-F1"},{"r":"215","t":"24:59:52","h":"Est","s":"25S-H60S200F-81-F2"},{"r":"215","t":"25:01:35","h":"Est","s":"25N-H60N000S-80-S"},{"r":"215","t":"25:01:35","h":"Est","s":"25N-H60N000S-98-S"},{"r":"215","t":"25:01:35","h":"Est","s":"25N-H60NV10S-98-S"},{"r":"215","t":"25:01:35","h":"Est","s":"25N-H60NV20S-98-S"},{"r":"215","t":"25:01:35","h":"Est","s":"25S-H60S000S-80-S"}]