[{"r":"107","t":"05:46:03","h":"Ouest","s":"25N-H56N000I-80-I"},{"r":"107","t":"05:46:03","h":"Ouest","s":"25N-H56N100F-80-F1"},{"r":"107","t":"05:46:03","h":"Ouest","s":"25N-H56N200F-80-F2"},{"r":"107","t":"05:46:03","h":"Ouest","s":"25N-H56N300F-80-F3"},{"r":"107","t":"05:46:03","h":"Ouest","s":"25N-H56N400F-80-F4"},{"r":"107","t":"05:46:03","h":"Ouest","s":"25N-H56NV10I-80-I"},{"r":"107","t":"05:46:03","h":"Ouest","s":"25N-H56NV20I-80-I"},{"r":"107","t":"05:46:03","h":"Ouest","s":"25S-H56S000I-80-I"},{"r":"107","t":"05:46:03","h":"Ouest","s":"25S-H56S100F-80-F1"},{"r":"107","t":"05:46:03","h":"Ouest","s":"25S-H56S200F-81-F2"},{"r":"107","t":"05:47:03","h":"Ouest","s":"25N-H56N000A-80-A"},{"r":"107","t":"05:47:03","h":"Ouest","s":"25N-H56NV10A-80-A"},{"r":"107","t":"05:47:03","h":"Ouest","s":"25N-H56NV20A-80-A"},{"r":"107","t":"05:47:03","h":"Ouest","s":"25S-H56S000A-80-A"},{"r":"107","t":"05:55:23","h":"Ouest","s":"25N-H56N000S-80-S"},{"r":"107","t":"05:55:23","h":"Ouest","s":"25N-H56NV10S-80-S"},{"r":"107","t":"05:55:23","h":"Ouest","s":"25N-H56NV20S-80-S"},{"r":"107","t":"05:55:23","h":"Ouest","s":"25S-H56S000S-80-S"},{"r":"107","t":"06:13:23","h":"Ouest","s":"25N-H56N000S-80-S"},{"r":"107","t":"06:13:23","h":"Ouest","s":"25N-H56NV10S-80-S"},{"r":"107","t":"06:13:23","h":"Ouest","s":"25N-H56NV20S-80-S"},{"r":"107","t":"06:13:23","h":"Ouest","s":"25S-H56S000S-80-S"},{"r":"107","t":"06:16:03","h":"Ouest","s":"25N-H56N000I-80-I"},{"r":"107","t":"06:16:03","h":"Ouest","s":"25N-H56N100F-80-F1"},{"r":"107","t":"06:16:03","h":"Ouest","s":"25N-H56N200F-80-F2"},{"r":"107","t":"06:16:03","h":"Ouest","s":"25N-H56N300F-80-F3"},{"r":"107","t":"06:16:03","h":"Ouest","s":"25N-H56N400F-80-F4"},{"r":"107","t":"06:16:03","h":"Ouest","s":"25N-H56NV10I-80-I"},{"r":"107","t":"06:16:03","h":"Ouest","s":"25N-H56NV20I-80-I"},{"r":"107","t":"06:16:03","h":"Ouest","s":"25S-H56S000I-80-I"},{"r":"107","t":"06:16:03","h":"Ouest","s":"25S-H56S100F-80-F1"},{"r":"107","t":"06:16:03","h":"Ouest","s":"25S-H56S200F-81-F2"},{"r":"107","t":"06:17:03","h":"Ouest","s":"25N-H56N000A-80-A"},{"r":"107","t":"06:17:03","h":"Ouest","s":"25N-H56NV10A-80-A"},{"r":"107","t":"06:17:03","h":"Ouest","s":"25N-H56NV20A-80-A"},{"r":"107","t":"06:17:03","h":"Ouest","s":"25S-H56S000A-80-A"},{"r":"107","t":"06:36:23","h":"Ouest","s":"25N-H56N000S-80-S"},{"r":"107","t":"06:36:23","h":"Ouest","s":"25N-H56NV10S-80-S"},{"r":"107","t":"06:36:23","h":"Ouest","s":"25N-H56NV20S-80-S"},{"r":"107","t":"06:36:23","h":"Ouest","s":"25S-H56S000S-80-S"},{"r":"107","t":"06:48:03","h":"Ouest","s":"25N-H56N000I-80-I"},{"r":"107","t":"06:48:03","h":"Ouest","s":"25N-H56N100F-80-F1"},{"r":"107","t":"06:48:03","h":"Ouest","s":"25N-H56N200F-80-F2"},{"r":"107","t":"06:48:03","h":"Ouest","s":"25N-H56N300F-80-F3"},{"r":"107","t":"06:48:03","h":"Ouest","s":"25N-H56N400F-80-F4"},{"r":"107","t":"06:48:03","h":"Ouest","s":"25N-H56NV10I-80-I"},{"r":"107","t":"06:48:03","h":"Ouest","s":"25N-H56NV20I-80-I"},{"r":"107","t":"06:48:03","h":"Ouest","s":"25S-H56S000I-80-I"},{"r":"107","t":"06:48:03","h":"Ouest","s":"25S-H56S100F-80-F1"},{"r":"107","t":"06:48:03","h":"Ouest","s":"25S-H56S200F-81-F2"},{"r":"107","t":"06:49:03","h":"Ouest","s":"25N-H56N000A-80-A"},{"r":"107","t":"06:49:03","h":"Ouest","s":"25N-H56NV10A-80-A"},{"r":"107","t":"06:49:03","h":"Ouest","s":"25N-H56NV20A-80-A"},{"r":"107","t":"06:49:03","h":"Ouest","s":"25S-H56S000A-80-A"},{"r":"107","t":"07:00:03","h":"Ouest","s":"25N-H56N000S-80-S"},{"r":"107","t":"07:00:03","h":"Ouest","s":"25N-H56NV10S-80-S"},{"r":"107","t":"07:00:03","h":"Ouest","s":"25N-H56NV20S-80-S"},{"r":"107","t":"07:00:03","h":"Ouest","s":"25S-H56S000S-80-S"},{"r":"107","t":"07:21:03","h":"Ouest","s":"25N-H56N000I-80-I"},{"r":"107","t":"07:21:03","h":"Ouest","s":"25N-H56N000S-80-S"},{"r":"107","t":"07:21:03","h":"Ouest","s":"25N-H56N100F-80-F1"},{"r":"107","t":"07:21:03","h":"Ouest","s":"25N-H56N200F-80-F2"},{"r":"107","t":"07:21:03","h":"Ouest","s":"25N-H56N300F-80-F3"},{"r":"107","t":"07:21:03","h":"Ouest","s":"25N-H56N400F-80-F4"},{"r":"107","t":"07:21:03","h":"Ouest","s":"25N-H56NV10I-80-I"},{"r":"107","t":"07:21:03","h":"Ouest","s":"25N-H56NV10S-80-S"},{"r":"107","t":"07:21:03","h":"Ouest","s":"25N-H56NV20I-80-I"},{"r":"107","t":"07:21:03","h":"Ouest","s":"25N-H56NV20S-80-S"},{"r":"107","t":"07:21:03","h":"Ouest","s":"25S-H56S000I-80-I"},{"r":"107","t":"07:21:03","h":"Ouest","s":"25S-H56S000S-80-S"},{"r":"107","t":"07:21:03","h":"Ouest","s":"25S-H56S100F-80-F1"},{"r":"107","t":"07:21:03","h":"Ouest","s":"25S-H56S200F-81-F2"},{"r":"107","t":"07:22:03","h":"Ouest","s":"25N-H56N000A-80-A"},{"r":"107","t":"07:22:03","h":"Ouest","s":"25N-H56NV10A-80-A"},{"r":"107","t":"07:22:03","h":"Ouest","s":"25N-H56NV20A-80-A"},{"r":"107","t":"07:22:03","h":"Ouest","s":"25S-H56S000A-80-A"},{"r":"107","t":"07:41:03","h":"Ouest","s":"25N-H56N000S-80-S"},{"r":"107","t":"07:41:03","h":"Ouest","s":"25N-H56NV10S-80-S"},{"r":"107","t":"07:41:03","h":"Ouest","s":"25N-H56NV20S-80-S"},{"r":"107","t":"07:41:03","h":"Ouest","s":"25S-H56S000S-80-S"},{"r":"107","t":"07:51:03","h":"Ouest","s":"25N-H56N000I-80-I"},{"r":"107","t":"07:51:03","h":"Ouest","s":"25N-H56N100F-80-F1"},{"r":"107","t":"07:51:03","h":"Ouest","s":"25N-H56N200F-80-F2"},{"r":"107","t":"07:51:03","h":"Ouest","s":"25N-H56N300F-80-F3"},{"r":"107","t":"07:51:03","h":"Ouest","s":"25N-H56N400F-80-F4"},{"r":"107","t":"07:51:03","h":"Ouest","s":"25N-H56NV10I-80-I"},{"r":"107","t":"07:51:03","h":"Ouest","s":"25N-H56NV20I-80-I"},{"r":"107","t":"07:51:03","h":"Ouest","s":"25S-H56S000I-80-I"},{"r":"107","t":"07:51:03","h":"Ouest","s":"25S-H56S100F-80-F1"},{"r":"107","t":"07:51:03","h":"Ouest","s":"25S-H56S200F-81-F2"},{"r":"107","t":"07:53:03","h":"Ouest","s":"25N-H56N000A-80-A"},{"r":"107","t":"07:53:03","h":"Ouest","s":"25N-H56NV10A-80-A"},{"r":"107","t":"07:53:03","h":"Ouest","s":"25N-H56NV20A-80-A"},{"r":"107","t":"07:53:03","h":"Ouest","s":"25S-H56S000A-80-A"},{"r":"107","t":"08:03:44","h":"Ouest","s":"25N-H56N000S-80-S"},{"r":"107","t":"08:03:44","h":"Ouest","s":"25N-H56NV10S-80-S"},{"r":"107","t":"08:03:44","h":"Ouest","s":"25N-H56NV20S-80-S"},{"r":"107","t":"08:03:44","h":"Ouest","s":"25S-H56S000S-80-S"},{"r":"107","t":"08:19:03","h":"Ouest","s":"25N-H56N000A-80-A"},{"r":"107","t":"08:19:03","h":"Ouest","s":"25N-H56NV10A-80-A"},{"r":"107","t":"08:19:03","h":"Ouest","s":"25N-H56NV20A-80-A"},{"r":"107","t":"08:19:03","h":"Ouest","s":"25S-H56S000A-80-A"},{"r":"107","t":"08:20:03","h":"Ouest","s":"25N-H56N000I-80-I"},{"r":"107","t":"08:20:03","h":"Ouest","s":"25N-H56N100F-80-F1"},{"r":"107","t":"08:20:03","h":"Ouest","s":"25N-H56N200F-80-F2"},{"r":"107","t":"08:20:03","h":"Ouest","s":"25N-H56N300F-80-F3"},{"r":"107","t":"08:20:03","h":"Ouest","s":"25N-H56N400F-80-F4"},{"r":"107","t":"08:20:03","h":"Ouest","s":"25N-H56NV10I-80-I"},{"r":"107","t":"08:20:03","h":"Ouest","s":"25N-H56NV20I-80-I"},{"r":"107","t":"08:20:03","h":"Ouest","s":"25S-H56S000I-80-I"},{"r":"107","t":"08:20:03","h":"Ouest","s":"25S-H56S100F-80-F1"},{"r":"107","t":"08:20:03","h":"Ouest","s":"25S-H56S200F-81-F2"},{"r":"107","t":"08:24:44","h":"Ouest","s":"25N-H56N000S-80-S"},{"r":"107","t":"08:24:44","h":"Ouest","s":"25N-H56NV10S-80-S"},{"r":"107","t":"08:24:44","h":"Ouest","s":"25N-H56NV20S-80-S"},{"r":"107","t":"08:24:44","h":"Ouest","s":"25S-H56S000S-80-S"},{"r":"107","t":"08:44:44","h":"Ouest","s":"25N-H56N000S-80-S"},{"r":"107","t":"08:44:44","h":"Ouest","s":"25N-H56NV10S-80-S"},{"r":"107","t":"08:44:44","h":"Ouest","s":"25N-H56NV20S-80-S"},{"r":"107","t":"08:44:44","h":"Ouest","s":"25S-H56S000S-80-S"},{"r":"107","t":"08:47:44","h":"Ouest","s":"25N-H56N000A-80-A"},{"r":"107","t":"08:47:44","h":"Ouest","s":"25N-H56NV10A-80-A"},{"r":"107","t":"08:47:44","h":"Ouest","s":"25N-H56NV20A-80-A"},{"r":"107","t":"08:47:44","h":"Ouest","s":"25S-H56S000A-80-A"},{"r":"107","t":"08:48:44","h":"Ouest","s":"25N-H56N000I-80-I"},{"r":"107","t":"08:48:44","h":"Ouest","s":"25N-H56N100F-80-F1"},{"r":"107","t":"08:48:44","h":"Ouest","s":"25N-H56N200F-80-F2"},{"r":"107","t":"08:48:44","h":"Ouest","s":"25N-H56N300F-80-F3"},{"r":"107","t":"08:48:44","h":"Ouest","s":"25N-H56N400F-80-F4"},{"r":"107","t":"08:48:44","h":"Ouest","s":"25N-H56NV10I-80-I"},{"r":"107","t":"08:48:44","h":"Ouest","s":"25N-H56NV20I-80-I"},{"r":"107","t":"08:48:44","h":"Ouest","s":"25S-H56S000I-80-I"},{"r":"107","t":"08:48:44","h":"Ouest","s":"25S-H56S100F-80-F1"},{"r":"107","t":"08:48:44","h":"Ouest","s":"25S-H56S200F-81-F2"},{"r":"107","t":"09:08:03","h":"Ouest","s":"25N-H56N000S-80-S"},{"r":"107","t":"09:08:03","h":"Ouest","s":"25N-H56NV10S-80-S"},{"r":"107","t":"09:08:03","h":"Ouest","s":"25N-H56NV20S-80-S"},{"r":"107","t":"09:08:03","h":"Ouest","s":"25S-H56S000S-80-S"},{"r":"107","t":"09:14:44","h":"Ouest","s":"25N-H56N000A-80-A"},{"r":"107","t":"09:14:44","h":"Ouest","s":"25N-H56NV10A-80-A"},{"r":"107","t":"09:14:44","h":"Ouest","s":"25N-H56NV20A-80-A"},{"r":"107","t":"09:14:44","h":"Ouest","s":"25S-H56S000A-80-A"},{"r":"107","t":"09:16:44","h":"Ouest","s":"25N-H56N000I-80-I"},{"r":"107","t":"09:16:44","h":"Ouest","s":"25N-H56N100F-80-F1"},{"r":"107","t":"09:16:44","h":"Ouest","s":"25N-H56N200F-80-F2"},{"r":"107","t":"09:16:44","h":"Ouest","s":"25N-H56N300F-80-F3"},{"r":"107","t":"09:16:44","h":"Ouest","s":"25N-H56N400F-80-F4"},{"r":"107","t":"09:16:44","h":"Ouest","s":"25N-H56NV10I-80-I"},{"r":"107","t":"09:16:44","h":"Ouest","s":"25N-H56NV20I-80-I"},{"r":"107","t":"09:16:44","h":"Ouest","s":"25S-H56S000I-80-I"},{"r":"107","t":"09:16:44","h":"Ouest","s":"25S-H56S100F-80-F1"},{"r":"107","t":"09:16:44","h":"Ouest","s":"25S-H56S200F-81-F2"},{"r":"107","t":"09:33:03","h":"Ouest","s":"25N-H56N000S-80-S"},{"r":"107","t":"09:33:03","h":"Ouest","s":"25N-H56NV10S-80-S"},{"r":"107","t":"09:33:03","h":"Ouest","s":"25N-H56NV20S-80-S"},{"r":"107","t":"09:33:03","h":"Ouest","s":"25S-H56S000S-80-S"},{"r":"107","t":"09:43:44","h":"Ouest","s":"25N-H56N000A-80-A"},{"r":"107","t":"09:43:44","h":"Ouest","s":"25N-H56NV10A-80-A"},{"r":"107","t":"09:43:44","h":"Ouest","s":"25N-H56NV20A-80-A"},{"r":"107","t":"09:43:44","h":"Ouest","s":"25S-H56S000A-80-A"},{"r":"107","t":"09:44:44","h":"Ouest","s":"25N-H56N000I-80-I"},{"r":"107","t":"09:44:44","h":"Ouest","s":"25N-H56N100F-80-F1"},{"r":"107","t":"09:44:44","h":"Ouest","s":"25N-H56N200F-80-F2"},{"r":"107","t":"09:44:44","h":"Ouest","s":"25N-H56N300F-80-F3"},{"r":"107","t":"09:44:44","h":"Ouest","s":"25N-H56N400F-80-F4"},{"r":"107","t":"09:44:44","h":"Ouest","s":"25N-H56NV10I-80-I"},{"r":"107","t":"09:44:44","h":"Ouest","s":"25N-H56NV20I-80-I"},{"r":"107","t":"09:44:44","h":"Ouest","s":"25S-H56S000I-80-I"},{"r":"107","t":"09:44:44","h":"Ouest","s":"25S-H56S100F-80-F1"},{"r":"107","t":"09:44:44","h":"Ouest","s":"25S-H56S200F-81-F2"},{"r":"107","t":"09:58:03","h":"Ouest","s":"25N-H56N000S-80-S"},{"r":"107","t":"09:58:03","h":"Ouest","s":"25N-H56NV10S-80-S"},{"r":"107","t":"09:58:03","h":"Ouest","s":"25N-H56NV20S-80-S"},{"r":"107","t":"09:58:03","h":"Ouest","s":"25S-H56S000S-80-S"},{"r":"107","t":"10:12:44","h":"Ouest","s":"25N-H56N000A-80-A"},{"r":"107","t":"10:12:44","h":"Ouest","s":"25N-H56NV10A-80-A"},{"r":"107","t":"10:12:44","h":"Ouest","s":"25N-H56NV20A-80-A"},{"r":"107","t":"10:12:44","h":"Ouest","s":"25S-H56S000A-80-A"},{"r":"107","t":"10:13:44","h":"Ouest","s":"25N-H56N000I-80-I"},{"r":"107","t":"10:13:44","h":"Ouest","s":"25N-H56N100F-80-F1"},{"r":"107","t":"10:13:44","h":"Ouest","s":"25N-H56N200F-80-F2"},{"r":"107","t":"10:13:44","h":"Ouest","s":"25N-H56N300F-80-F3"},{"r":"107","t":"10:13:44","h":"Ouest","s":"25N-H56N400F-80-F4"},{"r":"107","t":"10:13:44","h":"Ouest","s":"25N-H56NV10I-80-I"},{"r":"107","t":"10:13:44","h":"Ouest","s":"25N-H56NV20I-80-I"},{"r":"107","t":"10:13:44","h":"Ouest","s":"25S-H56S000I-80-I"},{"r":"107","t":"10:13:44","h":"Ouest","s":"25S-H56S100F-80-F1"},{"r":"107","t":"10:13:44","h":"Ouest","s":"25S-H56S200F-81-F2"},{"r":"107","t":"10:24:03","h":"Ouest","s":"25N-H56N000S-80-S"},{"r":"107","t":"10:24:03","h":"Ouest","s":"25N-H56NV10S-80-S"},{"r":"107","t":"10:24:03","h":"Ouest","s":"25N-H56NV20S-80-S"},{"r":"107","t":"10:24:03","h":"Ouest","s":"25S-H56S000S-80-S"},{"r":"107","t":"10:41:44","h":"Ouest","s":"25N-H56N000A-80-A"},{"r":"107","t":"10:41:44","h":"Ouest","s":"25N-H56NV10A-80-A"},{"r":"107","t":"10:41:44","h":"Ouest","s":"25N-H56NV20A-80-A"},{"r":"107","t":"10:41:44","h":"Ouest","s":"25S-H56S000A-80-A"},{"r":"107","t":"10:42:44","h":"Ouest","s":"25N-H56N000I-80-I"},{"r":"107","t":"10:42:44","h":"Ouest","s":"25N-H56N100F-80-F1"},{"r":"107","t":"10:42:44","h":"Ouest","s":"25N-H56N200F-80-F2"},{"r":"107","t":"10:42:44","h":"Ouest","s":"25N-H56N300F-80-F3"},{"r":"107","t":"10:42:44","h":"Ouest","s":"25N-H56N400F-80-F4"},{"r":"107","t":"10:42:44","h":"Ouest","s":"25N-H56NV10I-80-I"},{"r":"107","t":"10:42:44","h":"Ouest","s":"25N-H56NV20I-80-I"},{"r":"107","t":"10:42:44","h":"Ouest","s":"25S-H56S000I-80-I"},{"r":"107","t":"10:42:44","h":"Ouest","s":"25S-H56S100F-80-F1"},{"r":"107","t":"10:42:44","h":"Ouest","s":"25S-H56S200F-81-F2"},{"r":"107","t":"10:53:44","h":"Ouest","s":"25N-H56N000S-80-S"},{"r":"107","t":"10:53:44","h":"Ouest","s":"25N-H56NV10S-80-S"},{"r":"107","t":"10:53:44","h":"Ouest","s":"25N-H56NV20S-80-S"},{"r":"107","t":"10:53:44","h":"Ouest","s":"25S-H56S000S-80-S"},{"r":"107","t":"11:10:44","h":"Ouest","s":"25N-H56N000A-80-A"},{"r":"107","t":"11:10:44","h":"Ouest","s":"25N-H56NV10A-80-A"},{"r":"107","t":"11:10:44","h":"Ouest","s":"25N-H56NV20A-80-A"},{"r":"107","t":"11:10:44","h":"Ouest","s":"25S-H56S000A-80-A"},{"r":"107","t":"11:11:44","h":"Ouest","s":"25N-H56N000I-80-I"},{"r":"107","t":"11:11:44","h":"Ouest","s":"25N-H56N100F-80-F1"},{"r":"107","t":"11:11:44","h":"Ouest","s":"25N-H56N200F-80-F2"},{"r":"107","t":"11:11:44","h":"Ouest","s":"25N-H56N300F-80-F3"},{"r":"107","t":"11:11:44","h":"Ouest","s":"25N-H56N400F-80-F4"},{"r":"107","t":"11:11:44","h":"Ouest","s":"25N-H56NV10I-80-I"},{"r":"107","t":"11:11:44","h":"Ouest","s":"25N-H56NV20I-80-I"},{"r":"107","t":"11:11:44","h":"Ouest","s":"25S-H56S000I-80-I"},{"r":"107","t":"11:11:44","h":"Ouest","s":"25S-H56S100F-80-F1"},{"r":"107","t":"11:11:44","h":"Ouest","s":"25S-H56S200F-81-F2"},{"r":"107","t":"11:22:44","h":"Ouest","s":"25N-H56N000S-80-S"},{"r":"107","t":"11:22:44","h":"Ouest","s":"25N-H56NV10S-80-S"},{"r":"107","t":"11:22:44","h":"Ouest","s":"25N-H56NV20S-80-S"},{"r":"107","t":"11:22:44","h":"Ouest","s":"25S-H56S000S-80-S"},{"r":"107","t":"11:39:44","h":"Ouest","s":"25N-H56N000A-80-A"},{"r":"107","t":"11:39:44","h":"Ouest","s":"25N-H56NV10A-80-A"},{"r":"107","t":"11:39:44","h":"Ouest","s":"25N-H56NV20A-80-A"},{"r":"107","t":"11:39:44","h":"Ouest","s":"25S-H56S000A-80-A"},{"r":"107","t":"11:40:44","h":"Ouest","s":"25N-H56N000I-80-I"},{"r":"107","t":"11:40:44","h":"Ouest","s":"25N-H56N100F-80-F1"},{"r":"107","t":"11:40:44","h":"Ouest","s":"25N-H56N200F-80-F2"},{"r":"107","t":"11:40:44","h":"Ouest","s":"25N-H56N300F-80-F3"},{"r":"107","t":"11:40:44","h":"Ouest","s":"25N-H56N400F-80-F4"},{"r":"107","t":"11:40:44","h":"Ouest","s":"25N-H56NV10I-80-I"},{"r":"107","t":"11:40:44","h":"Ouest","s":"25N-H56NV20I-80-I"},{"r":"107","t":"11:40:44","h":"Ouest","s":"25S-H56S000I-80-I"},{"r":"107","t":"11:40:44","h":"Ouest","s":"25S-H56S100F-80-F1"},{"r":"107","t":"11:40:44","h":"Ouest","s":"25S-H56S200F-81-F2"},{"r":"107","t":"11:50:44","h":"Ouest","s":"25N-H56N000S-80-S"},{"r":"107","t":"11:50:44","h":"Ouest","s":"25N-H56NV10S-80-S"},{"r":"107","t":"11:50:44","h":"Ouest","s":"25N-H56NV20S-80-S"},{"r":"107","t":"11:50:44","h":"Ouest","s":"25S-H56S000S-80-S"},{"r":"107","t":"12:08:44","h":"Ouest","s":"25N-H56N000A-80-A"},{"r":"107","t":"12:08:44","h":"Ouest","s":"25N-H56NV10A-80-A"},{"r":"107","t":"12:08:44","h":"Ouest","s":"25N-H56NV20A-80-A"},{"r":"107","t":"12:08:44","h":"Ouest","s":"25S-H56S000A-80-A"},{"r":"107","t":"12:09:44","h":"Ouest","s":"25N-H56N000I-80-I"},{"r":"107","t":"12:09:44","h":"Ouest","s":"25N-H56N100F-80-F1"},{"r":"107","t":"12:09:44","h":"Ouest","s":"25N-H56N200F-80-F2"},{"r":"107","t":"12:09:44","h":"Ouest","s":"25N-H56N300F-80-F3"},{"r":"107","t":"12:09:44","h":"Ouest","s":"25N-H56N400F-80-F4"},{"r":"107","t":"12:09:44","h":"Ouest","s":"25N-H56NV10I-80-I"},{"r":"107","t":"12:09:44","h":"Ouest","s":"25N-H56NV20I-80-I"},{"r":"107","t":"12:09:44","h":"Ouest","s":"25S-H56S000I-80-I"},{"r":"107","t":"12:09:44","h":"Ouest","s":"25S-H56S100F-80-F1"},{"r":"107","t":"12:09:44","h":"Ouest","s":"25S-H56S200F-81-F2"},{"r":"107","t":"12:17:44","h":"Ouest","s":"25N-H56N000S-80-S"},{"r":"107","t":"12:17:44","h":"Ouest","s":"25N-H56NV10S-80-S"},{"r":"107","t":"12:17:44","h":"Ouest","s":"25N-H56NV20S-80-S"},{"r":"107","t":"12:17:44","h":"Ouest","s":"25S-H56S000S-80-S"},{"r":"107","t":"12:41:25","h":"Ouest","s":"25N-H56N000A-80-A"},{"r":"107","t":"12:41:25","h":"Ouest","s":"25N-H56NV10A-80-A"},{"r":"107","t":"12:41:25","h":"Ouest","s":"25N-H56NV20A-80-A"},{"r":"107","t":"12:41:25","h":"Ouest","s":"25S-H56S000A-80-A"},{"r":"107","t":"12:43:25","h":"Ouest","s":"25N-H56N000I-80-I"},{"r":"107","t":"12:43:25","h":"Ouest","s":"25N-H56N100F-80-F1"},{"r":"107","t":"12:43:25","h":"Ouest","s":"25N-H56N200F-80-F2"},{"r":"107","t":"12:43:25","h":"Ouest","s":"25N-H56N300F-80-F3"},{"r":"107","t":"12:43:25","h":"Ouest","s":"25N-H56N400F-80-F4"},{"r":"107","t":"12:43:25","h":"Ouest","s":"25N-H56NV10I-80-I"},{"r":"107","t":"12:43:25","h":"Ouest","s":"25N-H56NV20I-80-I"},{"r":"107","t":"12:43:25","h":"Ouest","s":"25S-H56S000I-80-I"},{"r":"107","t":"12:43:25","h":"Ouest","s":"25S-H56S100F-80-F1"},{"r":"107","t":"12:43:25","h":"Ouest","s":"25S-H56S200F-81-F2"},{"r":"107","t":"12:47:44","h":"Ouest","s":"25N-H56N000S-80-S"},{"r":"107","t":"12:47:44","h":"Ouest","s":"25N-H56NV10S-80-S"},{"r":"107","t":"12:47:44","h":"Ouest","s":"25N-H56NV20S-80-S"},{"r":"107","t":"12:47:44","h":"Ouest","s":"25S-H56S000S-80-S"},{"r":"107","t":"13:13:25","h":"Ouest","s":"25N-H56N000A-80-A"},{"r":"107","t":"13:13:25","h":"Ouest","s":"25N-H56N000I-80-I"},{"r":"107","t":"13:13:25","h":"Ouest","s":"25N-H56N100F-80-F1"},{"r":"107","t":"13:13:25","h":"Ouest","s":"25N-H56N200F-80-F2"},{"r":"107","t":"13:13:25","h":"Ouest","s":"25N-H56N300F-80-F3"},{"r":"107","t":"13:13:25","h":"Ouest","s":"25N-H56N400F-80-F4"},{"r":"107","t":"13:13:25","h":"Ouest","s":"25N-H56NV10A-80-A"},{"r":"107","t":"13:13:25","h":"Ouest","s":"25N-H56NV10I-80-I"},{"r":"107","t":"13:13:25","h":"Ouest","s":"25N-H56NV20A-80-A"},{"r":"107","t":"13:13:25","h":"Ouest","s":"25N-H56NV20I-80-I"},{"r":"107","t":"13:13:25","h":"Ouest","s":"25S-H56S000A-80-A"},{"r":"107","t":"13:13:25","h":"Ouest","s":"25S-H56S000I-80-I"},{"r":"107","t":"13:13:25","h":"Ouest","s":"25S-H56S100F-80-F1"},{"r":"107","t":"13:13:25","h":"Ouest","s":"25S-H56S200F-81-F2"},{"r":"107","t":"13:16:44","h":"Ouest","s":"25N-H56N000S-80-S"},{"r":"107","t":"13:16:44","h":"Ouest","s":"25N-H56NV10S-80-S"},{"r":"107","t":"13:16:44","h":"Ouest","s":"25N-H56NV20S-80-S"},{"r":"107","t":"13:16:44","h":"Ouest","s":"25S-H56S000S-80-S"},{"r":"107","t":"13:43:25","h":"Ouest","s":"25N-H56N000A-80-A"},{"r":"107","t":"13:43:25","h":"Ouest","s":"25N-H56N000I-80-I"},{"r":"107","t":"13:43:25","h":"Ouest","s":"25N-H56N100F-80-F1"},{"r":"107","t":"13:43:25","h":"Ouest","s":"25N-H56N200F-80-F2"},{"r":"107","t":"13:43:25","h":"Ouest","s":"25N-H56N300F-80-F3"},{"r":"107","t":"13:43:25","h":"Ouest","s":"25N-H56N400F-80-F4"},{"r":"107","t":"13:43:25","h":"Ouest","s":"25N-H56NV10A-80-A"},{"r":"107","t":"13:43:25","h":"Ouest","s":"25N-H56NV10I-80-I"},{"r":"107","t":"13:43:25","h":"Ouest","s":"25N-H56NV20A-80-A"},{"r":"107","t":"13:43:25","h":"Ouest","s":"25N-H56NV20I-80-I"},{"r":"107","t":"13:43:25","h":"Ouest","s":"25S-H56S000A-80-A"},{"r":"107","t":"13:43:25","h":"Ouest","s":"25S-H56S000I-80-I"},{"r":"107","t":"13:43:25","h":"Ouest","s":"25S-H56S100F-80-F1"},{"r":"107","t":"13:43:25","h":"Ouest","s":"25S-H56S200F-81-F2"},{"r":"107","t":"13:45:44","h":"Ouest","s":"25N-H56N000S-80-S"},{"r":"107","t":"13:45:44","h":"Ouest","s":"25N-H56NV10S-80-S"},{"r":"107","t":"13:45:44","h":"Ouest","s":"25N-H56NV20S-80-S"},{"r":"107","t":"13:45:44","h":"Ouest","s":"25S-H56S000S-80-S"},{"r":"107","t":"14:12:44","h":"Ouest","s":"25N-H57N000S-80-S"},{"r":"107","t":"14:12:44","h":"Ouest","s":"25N-H57NV10S-84-S"},{"r":"107","t":"14:12:44","h":"Ouest","s":"25N-H57NV20S-80-S"},{"r":"107","t":"14:12:44","h":"Ouest","s":"25S-H57S000S-82-S"},{"r":"107","t":"14:13:25","h":"Ouest","s":"25N-H56N000A-80-A"},{"r":"107","t":"14:13:25","h":"Ouest","s":"25N-H56N000I-80-I"},{"r":"107","t":"14:13:25","h":"Ouest","s":"25N-H56N100F-80-F1"},{"r":"107","t":"14:13:25","h":"Ouest","s":"25N-H56N200F-80-F2"},{"r":"107","t":"14:13:25","h":"Ouest","s":"25N-H56N300F-80-F3"},{"r":"107","t":"14:13:25","h":"Ouest","s":"25N-H56N400F-80-F4"},{"r":"107","t":"14:13:25","h":"Ouest","s":"25N-H56NV10A-80-A"},{"r":"107","t":"14:13:25","h":"Ouest","s":"25N-H56NV10I-80-I"},{"r":"107","t":"14:13:25","h":"Ouest","s":"25N-H56NV20A-80-A"},{"r":"107","t":"14:13:25","h":"Ouest","s":"25N-H56NV20I-80-I"},{"r":"107","t":"14:13:25","h":"Ouest","s":"25S-H56S000A-80-A"},{"r":"107","t":"14:13:25","h":"Ouest","s":"25S-H56S000I-80-I"},{"r":"107","t":"14:13:25","h":"Ouest","s":"25S-H56S100F-80-F1"},{"r":"107","t":"14:13:25","h":"Ouest","s":"25S-H56S200F-81-F2"},{"r":"107","t":"14:43:25","h":"Ouest","s":"25N-H56N000A-80-A"},{"r":"107","t":"14:43:25","h":"Ouest","s":"25N-H56N000I-80-I"},{"r":"107","t":"14:43:25","h":"Ouest","s":"25N-H56N100F-80-F1"},{"r":"107","t":"14:43:25","h":"Ouest","s":"25N-H56N200F-80-F2"},{"r":"107","t":"14:43:25","h":"Ouest","s":"25N-H56N300F-80-F3"},{"r":"107","t":"14:43:25","h":"Ouest","s":"25N-H56N400F-80-F4"},{"r":"107","t":"14:43:25","h":"Ouest","s":"25N-H56NV10A-80-A"},{"r":"107","t":"14:43:25","h":"Ouest","s":"25N-H56NV10I-80-I"},{"r":"107","t":"14:43:25","h":"Ouest","s":"25N-H56NV20A-80-A"},{"r":"107","t":"14:43:25","h":"Ouest","s":"25N-H56NV20I-80-I"},{"r":"107","t":"14:43:25","h":"Ouest","s":"25S-H56S000A-80-A"},{"r":"107","t":"14:43:25","h":"Ouest","s":"25S-H56S000I-80-I"},{"r":"107","t":"14:43:25","h":"Ouest","s":"25S-H56S100F-80-F1"},{"r":"107","t":"14:43:25","h":"Ouest","s":"25S-H56S200F-81-F2"},{"r":"107","t":"14:43:44","h":"Ouest","s":"25N-H56N000S-80-S"},{"r":"107","t":"14:43:44","h":"Ouest","s":"25N-H56NV10S-80-S"},{"r":"107","t":"14:43:44","h":"Ouest","s":"25N-H56NV20S-80-S"},{"r":"107","t":"14:43:44","h":"Ouest","s":"25S-H56S000S-80-S"},{"r":"107","t":"15:11:44","h":"Ouest","s":"25N-H56N000S-80-S"},{"r":"107","t":"15:11:44","h":"Ouest","s":"25N-H56NV10S-80-S"},{"r":"107","t":"15:11:44","h":"Ouest","s":"25N-H56NV20S-80-S"},{"r":"107","t":"15:11:44","h":"Ouest","s":"25S-H56S000S-80-S"},{"r":"107","t":"15:13:25","h":"Ouest","s":"25N-H56N000A-80-A"},{"r":"107","t":"15:13:25","h":"Ouest","s":"25N-H56N000I-80-I"},{"r":"107","t":"15:13:25","h":"Ouest","s":"25N-H56N100F-80-F1"},{"r":"107","t":"15:13:25","h":"Ouest","s":"25N-H56N200F-80-F2"},{"r":"107","t":"15:13:25","h":"Ouest","s":"25N-H56N300F-80-F3"},{"r":"107","t":"15:13:25","h":"Ouest","s":"25N-H56N400F-80-F4"},{"r":"107","t":"15:13:25","h":"Ouest","s":"25N-H56NV10A-80-A"},{"r":"107","t":"15:13:25","h":"Ouest","s":"25N-H56NV10I-80-I"},{"r":"107","t":"15:13:25","h":"Ouest","s":"25N-H56NV20A-80-A"},{"r":"107","t":"15:13:25","h":"Ouest","s":"25N-H56NV20I-80-I"},{"r":"107","t":"15:13:25","h":"Ouest","s":"25S-H56S000A-80-A"},{"r":"107","t":"15:13:25","h":"Ouest","s":"25S-H56S000I-80-I"},{"r":"107","t":"15:13:25","h":"Ouest","s":"25S-H56S100F-80-F1"},{"r":"107","t":"15:13:25","h":"Ouest","s":"25S-H56S200F-81-F2"},{"r":"107","t":"15:30:44","h":"Ouest","s":"25N-H56N000S-80-S"},{"r":"107","t":"15:30:44","h":"Ouest","s":"25N-H56NV10S-80-S"},{"r":"107","t":"15:30:44","h":"Ouest","s":"25N-H56NV20S-80-S"},{"r":"107","t":"15:30:44","h":"Ouest","s":"25S-H56S000S-80-S"},{"r":"107","t":"15:43:25","h":"Ouest","s":"25N-H56N000A-80-A"},{"r":"107","t":"15:43:25","h":"Ouest","s":"25N-H56N000I-80-I"},{"r":"107","t":"15:43:25","h":"Ouest","s":"25N-H56N000S-80-S"},{"r":"107","t":"15:43:25","h":"Ouest","s":"25N-H56N100F-80-F1"},{"r":"107","t":"15:43:25","h":"Ouest","s":"25N-H56N200F-80-F2"},{"r":"107","t":"15:43:25","h":"Ouest","s":"25N-H56N300F-80-F3"},{"r":"107","t":"15:43:25","h":"Ouest","s":"25N-H56N400F-80-F4"},{"r":"107","t":"15:43:25","h":"Ouest","s":"25N-H56NV10A-80-A"},{"r":"107","t":"15:43:25","h":"Ouest","s":"25N-H56NV10I-80-I"},{"r":"107","t":"15:43:25","h":"Ouest","s":"25N-H56NV10S-80-S"},{"r":"107","t":"15:43:25","h":"Ouest","s":"25N-H56NV20A-80-A"},{"r":"107","t":"15:43:25","h":"Ouest","s":"25N-H56NV20I-80-I"},{"r":"107","t":"15:43:25","h":"Ouest","s":"25N-H56NV20S-80-S"},{"r":"107","t":"15:43:25","h":"Ouest","s":"25S-H56S000A-80-A"},{"r":"107","t":"15:43:25","h":"Ouest","s":"25S-H56S000I-80-I"},{"r":"107","t":"15:43:25","h":"Ouest","s":"25S-H56S000S-80-S"},{"r":"107","t":"15:43:25","h":"Ouest","s":"25S-H56S100F-80-F1"},{"r":"107","t":"15:43:25","h":"Ouest","s":"25S-H56S200F-81-F2"},{"r":"107","t":"15:55:25","h":"Ouest","s":"25N-H56N000S-80-S"},{"r":"107","t":"15:55:25","h":"Ouest","s":"25N-H56NV10S-80-S"},{"r":"107","t":"15:55:25","h":"Ouest","s":"25N-H56NV20S-80-S"},{"r":"107","t":"15:55:25","h":"Ouest","s":"25S-H56S000S-80-S"},{"r":"107","t":"16:08:25","h":"Ouest","s":"25N-H56N000S-80-S"},{"r":"107","t":"16:08:25","h":"Ouest","s":"25N-H56NV10S-80-S"},{"r":"107","t":"16:08:25","h":"Ouest","s":"25N-H56NV20S-80-S"},{"r":"107","t":"16:08:25","h":"Ouest","s":"25S-H56S000S-80-S"},{"r":"107","t":"16:13:25","h":"Ouest","s":"25N-H56N000A-80-A"},{"r":"107","t":"16:13:25","h":"Ouest","s":"25N-H56N000I-80-I"},{"r":"107","t":"16:13:25","h":"Ouest","s":"25N-H56N100F-80-F1"},{"r":"107","t":"16:13:25","h":"Ouest","s":"25N-H56N200F-80-F2"},{"r":"107","t":"16:13:25","h":"Ouest","s":"25N-H56N300F-80-F3"},{"r":"107","t":"16:13:25","h":"Ouest","s":"25N-H56N400F-80-F4"},{"r":"107","t":"16:13:25","h":"Ouest","s":"25N-H56NV10A-80-A"},{"r":"107","t":"16:13:25","h":"Ouest","s":"25N-H56NV10I-80-I"},{"r":"107","t":"16:13:25","h":"Ouest","s":"25N-H56NV20A-80-A"},{"r":"107","t":"16:13:25","h":"Ouest","s":"25N-H56NV20I-80-I"},{"r":"107","t":"16:13:25","h":"Ouest","s":"25S-H56S000A-80-A"},{"r":"107","t":"16:13:25","h":"Ouest","s":"25S-H56S000I-80-I"},{"r":"107","t":"16:13:25","h":"Ouest","s":"25S-H56S100F-80-F1"},{"r":"107","t":"16:13:25","h":"Ouest","s":"25S-H56S200F-81-F2"},{"r":"107","t":"16:20:25","h":"Ouest","s":"25N-H57N000S-80-S"},{"r":"107","t":"16:20:25","h":"Ouest","s":"25N-H57NV10S-84-S"},{"r":"107","t":"16:20:25","h":"Ouest","s":"25N-H57NV20S-80-S"},{"r":"107","t":"16:20:25","h":"Ouest","s":"25S-H57S000S-82-S"},{"r":"107","t":"16:32:25","h":"Ouest","s":"25N-H56N000S-80-S"},{"r":"107","t":"16:32:25","h":"Ouest","s":"25N-H56NV10S-80-S"},{"r":"107","t":"16:32:25","h":"Ouest","s":"25N-H56NV20S-80-S"},{"r":"107","t":"16:32:25","h":"Ouest","s":"25S-H56S000S-80-S"},{"r":"107","t":"16:43:25","h":"Ouest","s":"25N-H56N000A-80-A"},{"r":"107","t":"16:43:25","h":"Ouest","s":"25N-H56N000I-80-I"},{"r":"107","t":"16:43:25","h":"Ouest","s":"25N-H56N100F-80-F1"},{"r":"107","t":"16:43:25","h":"Ouest","s":"25N-H56N200F-80-F2"},{"r":"107","t":"16:43:25","h":"Ouest","s":"25N-H56N300F-80-F3"},{"r":"107","t":"16:43:25","h":"Ouest","s":"25N-H56N400F-80-F4"},{"r":"107","t":"16:43:25","h":"Ouest","s":"25N-H56NV10A-80-A"},{"r":"107","t":"16:43:25","h":"Ouest","s":"25N-H56NV10I-80-I"},{"r":"107","t":"16:43:25","h":"Ouest","s":"25N-H56NV20A-80-A"},{"r":"107","t":"16:43:25","h":"Ouest","s":"25N-H56NV20I-80-I"},{"r":"107","t":"16:43:25","h":"Ouest","s":"25S-H56S000A-80-A"},{"r":"107","t":"16:43:25","h":"Ouest","s":"25S-H56S000I-80-I"},{"r":"107","t":"16:43:25","h":"Ouest","s":"25S-H56S100F-80-F1"},{"r":"107","t":"16:43:25","h":"Ouest","s":"25S-H56S200F-81-F2"},{"r":"107","t":"16:44:25","h":"Ouest","s":"25N-H56N000S-80-S"},{"r":"107","t":"16:44:25","h":"Ouest","s":"25N-H56NV10S-80-S"},{"r":"107","t":"16:44:25","h":"Ouest","s":"25N-H56NV20S-80-S"},{"r":"107","t":"16:44:25","h":"Ouest","s":"25S-H56S000S-80-S"},{"r":"107","t":"16:57:25","h":"Ouest","s":"25N-H56N000S-80-S"},{"r":"107","t":"16:57:25","h":"Ouest","s":"25N-H56NV10S-80-S"},{"r":"107","t":"16:57:25","h":"Ouest","s":"25N-H56NV20S-80-S"},{"r":"107","t":"16:57:25","h":"Ouest","s":"25S-H56S000S-80-S"},{"r":"107","t":"17:09:25","h":"Ouest","s":"25N-H56N000S-80-S"},{"r":"107","t":"17:09:25","h":"Ouest","s":"25N-H56NV10S-80-S"},{"r":"107","t":"17:09:25","h":"Ouest","s":"25N-H56NV20S-80-S"},{"r":"107","t":"17:09:25","h":"Ouest","s":"25S-H56S000S-80-S"},{"r":"107","t":"17:10:44","h":"Ouest","s":"25N-H56N000I-80-I"},{"r":"107","t":"17:10:44","h":"Ouest","s":"25N-H56N100F-80-F1"},{"r":"107","t":"17:10:44","h":"Ouest","s":"25N-H56N200F-80-F2"},{"r":"107","t":"17:10:44","h":"Ouest","s":"25N-H56N300F-80-F3"},{"r":"107","t":"17:10:44","h":"Ouest","s":"25N-H56N400F-80-F4"},{"r":"107","t":"17:10:44","h":"Ouest","s":"25N-H56NV10I-80-I"},{"r":"107","t":"17:10:44","h":"Ouest","s":"25N-H56NV20I-80-I"},{"r":"107","t":"17:10:44","h":"Ouest","s":"25S-H56S000I-80-I"},{"r":"107","t":"17:10:44","h":"Ouest","s":"25S-H56S100F-80-F1"},{"r":"107","t":"17:10:44","h":"Ouest","s":"25S-H56S200F-81-F2"},{"r":"107","t":"17:13:25","h":"Ouest","s":"25N-H56N000A-80-A"},{"r":"107","t":"17:13:25","h":"Ouest","s":"25N-H56NV10A-80-A"},{"r":"107","t":"17:13:25","h":"Ouest","s":"25N-H56NV20A-80-A"},{"r":"107","t":"17:13:25","h":"Ouest","s":"25S-H56S000A-80-A"},{"r":"107","t":"17:21:25","h":"Ouest","s":"25N-H56N000S-80-S"},{"r":"107","t":"17:21:25","h":"Ouest","s":"25N-H56NV10S-80-S"},{"r":"107","t":"17:21:25","h":"Ouest","s":"25N-H56NV20S-80-S"},{"r":"107","t":"17:21:25","h":"Ouest","s":"25S-H56S000S-80-S"},{"r":"107","t":"17:33:25","h":"Ouest","s":"25N-H57N000S-80-S"},{"r":"107","t":"17:33:25","h":"Ouest","s":"25N-H57NV10S-84-S"},{"r":"107","t":"17:33:25","h":"Ouest","s":"25N-H57NV20S-80-S"},{"r":"107","t":"17:33:25","h":"Ouest","s":"25S-H57S000S-82-S"},{"r":"107","t":"17:40:44","h":"Ouest","s":"25N-H56N000I-80-I"},{"r":"107","t":"17:40:44","h":"Ouest","s":"25N-H56N100F-80-F1"},{"r":"107","t":"17:40:44","h":"Ouest","s":"25N-H56N200F-80-F2"},{"r":"107","t":"17:40:44","h":"Ouest","s":"25N-H56N300F-80-F3"},{"r":"107","t":"17:40:44","h":"Ouest","s":"25N-H56N400F-80-F4"},{"r":"107","t":"17:40:44","h":"Ouest","s":"25N-H56NV10I-80-I"},{"r":"107","t":"17:40:44","h":"Ouest","s":"25N-H56NV20I-80-I"},{"r":"107","t":"17:40:44","h":"Ouest","s":"25S-H56S000I-80-I"},{"r":"107","t":"17:40:44","h":"Ouest","s":"25S-H56S100F-80-F1"},{"r":"107","t":"17:40:44","h":"Ouest","s":"25S-H56S200F-81-F2"},{"r":"107","t":"17:43:25","h":"Ouest","s":"25N-H56N000A-80-A"},{"r":"107","t":"17:43:25","h":"Ouest","s":"25N-H56NV10A-80-A"},{"r":"107","t":"17:43:25","h":"Ouest","s":"25N-H56NV20A-80-A"},{"r":"107","t":"17:43:25","h":"Ouest","s":"25S-H56S000A-80-A"},{"r":"107","t":"17:44:25","h":"Ouest","s":"25N-H56N000S-80-S"},{"r":"107","t":"17:44:25","h":"Ouest","s":"25N-H56NV10S-80-S"},{"r":"107","t":"17:44:25","h":"Ouest","s":"25N-H56NV20S-80-S"},{"r":"107","t":"17:44:25","h":"Ouest","s":"25S-H56S000S-80-S"},{"r":"107","t":"17:56:25","h":"Ouest","s":"25N-H56N000S-80-S"},{"r":"107","t":"17:56:25","h":"Ouest","s":"25N-H56NV10S-80-S"},{"r":"107","t":"17:56:25","h":"Ouest","s":"25N-H56NV20S-80-S"},{"r":"107","t":"17:56:25","h":"Ouest","s":"25S-H56S000S-80-S"},{"r":"107","t":"18:08:25","h":"Ouest","s":"25N-H56N000S-80-S"},{"r":"107","t":"18:08:25","h":"Ouest","s":"25N-H56NV10S-80-S"},{"r":"107","t":"18:08:25","h":"Ouest","s":"25N-H56NV20S-80-S"},{"r":"107","t":"18:08:25","h":"Ouest","s":"25S-H56S000S-80-S"},{"r":"107","t":"18:10:44","h":"Ouest","s":"25N-H56N000I-80-I"},{"r":"107","t":"18:10:44","h":"Ouest","s":"25N-H56N100F-80-F1"},{"r":"107","t":"18:10:44","h":"Ouest","s":"25N-H56N200F-80-F2"},{"r":"107","t":"18:10:44","h":"Ouest","s":"25N-H56N300F-80-F3"},{"r":"107","t":"18:10:44","h":"Ouest","s":"25N-H56N400F-80-F4"},{"r":"107","t":"18:10:44","h":"Ouest","s":"25N-H56NV10I-80-I"},{"r":"107","t":"18:10:44","h":"Ouest","s":"25N-H56NV20I-80-I"},{"r":"107","t":"18:10:44","h":"Ouest","s":"25S-H56S000I-80-I"},{"r":"107","t":"18:10:44","h":"Ouest","s":"25S-H56S100F-80-F1"},{"r":"107","t":"18:10:44","h":"Ouest","s":"25S-H56S200F-81-F2"},{"r":"107","t":"18:13:25","h":"Ouest","s":"25N-H56N000A-80-A"},{"r":"107","t":"18:13:25","h":"Ouest","s":"25N-H56NV10A-80-A"},{"r":"107","t":"18:13:25","h":"Ouest","s":"25N-H56NV20A-80-A"},{"r":"107","t":"18:13:25","h":"Ouest","s":"25S-H56S000A-80-A"},{"r":"107","t":"18:20:25","h":"Ouest","s":"25N-H56N000S-80-S"},{"r":"107","t":"18:20:25","h":"Ouest","s":"25N-H56NV10S-80-S"},{"r":"107","t":"18:20:25","h":"Ouest","s":"25N-H56NV20S-80-S"},{"r":"107","t":"18:20:25","h":"Ouest","s":"25S-H56S000S-80-S"},{"r":"107","t":"18:31:25","h":"Ouest","s":"25N-H56N000S-80-S"},{"r":"107","t":"18:31:25","h":"Ouest","s":"25N-H56NV10S-80-S"},{"r":"107","t":"18:31:25","h":"Ouest","s":"25N-H56NV20S-80-S"},{"r":"107","t":"18:31:25","h":"Ouest","s":"25S-H56S000S-80-S"},{"r":"107","t":"18:40:44","h":"Ouest","s":"25N-H56N000I-80-I"},{"r":"107","t":"18:40:44","h":"Ouest","s":"25N-H56N100F-80-F1"},{"r":"107","t":"18:40:44","h":"Ouest","s":"25N-H56N200F-80-F2"},{"r":"107","t":"18:40:44","h":"Ouest","s":"25N-H56N300F-80-F3"},{"r":"107","t":"18:40:44","h":"Ouest","s":"25N-H56N400F-80-F4"},{"r":"107","t":"18:40:44","h":"Ouest","s":"25N-H56NV10I-80-I"},{"r":"107","t":"18:40:44","h":"Ouest","s":"25N-H56NV20I-80-I"},{"r":"107","t":"18:40:44","h":"Ouest","s":"25S-H56S000I-80-I"},{"r":"107","t":"18:40:44","h":"Ouest","s":"25S-H56S100F-80-F1"},{"r":"107","t":"18:40:44","h":"Ouest","s":"25S-H56S200F-81-F2"},{"r":"107","t":"18:43:25","h":"Ouest","s":"25N-H56N000A-80-A"},{"r":"107","t":"18:43:25","h":"Ouest","s":"25N-H56NV10A-80-A"},{"r":"107","t":"18:43:25","h":"Ouest","s":"25N-H56NV20A-80-A"},{"r":"107","t":"18:43:25","h":"Ouest","s":"25S-H56S000A-80-A"},{"r":"107","t":"18:45:25","h":"Ouest","s":"25N-H56N000S-80-S"},{"r":"107","t":"18:45:25","h":"Ouest","s":"25N-H56NV10S-80-S"},{"r":"107","t":"18:45:25","h":"Ouest","s":"25N-H56NV20S-80-S"},{"r":"107","t":"18:45:25","h":"Ouest","s":"25S-H56S000S-80-S"},{"r":"107","t":"19:03:25","h":"Ouest","s":"25N-H56N000S-80-S"},{"r":"107","t":"19:03:25","h":"Ouest","s":"25N-H56NV10S-80-S"},{"r":"107","t":"19:03:25","h":"Ouest","s":"25N-H56NV20S-80-S"},{"r":"107","t":"19:03:25","h":"Ouest","s":"25S-H56S000S-80-S"},{"r":"107","t":"19:10:44","h":"Ouest","s":"25N-H56N000I-80-I"},{"r":"107","t":"19:10:44","h":"Ouest","s":"25N-H56N100F-80-F1"},{"r":"107","t":"19:10:44","h":"Ouest","s":"25N-H56N200F-80-F2"},{"r":"107","t":"19:10:44","h":"Ouest","s":"25N-H56N300F-80-F3"},{"r":"107","t":"19:10:44","h":"Ouest","s":"25N-H56N400F-80-F4"},{"r":"107","t":"19:10:44","h":"Ouest","s":"25N-H56NV10I-80-I"},{"r":"107","t":"19:10:44","h":"Ouest","s":"25N-H56NV20I-80-I"},{"r":"107","t":"19:10:44","h":"Ouest","s":"25S-H56S000I-80-I"},{"r":"107","t":"19:10:44","h":"Ouest","s":"25S-H56S100F-80-F1"},{"r":"107","t":"19:10:44","h":"Ouest","s":"25S-H56S200F-81-F2"},{"r":"107","t":"19:13:25","h":"Ouest","s":"25N-H56N000A-80-A"},{"r":"107","t":"19:13:25","h":"Ouest","s":"25N-H56NV10A-80-A"},{"r":"107","t":"19:13:25","h":"Ouest","s":"25N-H56NV20A-80-A"},{"r":"107","t":"19:13:25","h":"Ouest","s":"25S-H56S000A-80-A"},{"r":"107","t":"19:29:44","h":"Ouest","s":"25N-H56N000S-80-S"},{"r":"107","t":"19:29:44","h":"Ouest","s":"25N-H56NV10S-80-S"},{"r":"107","t":"19:29:44","h":"Ouest","s":"25N-H56NV20S-80-S"},{"r":"107","t":"19:29:44","h":"Ouest","s":"25S-H56S000S-80-S"},{"r":"107","t":"19:40:44","h":"Ouest","s":"25N-H56N000I-80-I"},{"r":"107","t":"19:40:44","h":"Ouest","s":"25N-H56N100F-80-F1"},{"r":"107","t":"19:40:44","h":"Ouest","s":"25N-H56N200F-80-F2"},{"r":"107","t":"19:40:44","h":"Ouest","s":"25N-H56N300F-80-F3"},{"r":"107","t":"19:40:44","h":"Ouest","s":"25N-H56N400F-80-F4"},{"r":"107","t":"19:40:44","h":"Ouest","s":"25N-H56NV10I-80-I"},{"r":"107","t":"19:40:44","h":"Ouest","s":"25N-H56NV20I-80-I"},{"r":"107","t":"19:40:44","h":"Ouest","s":"25S-H56S000I-80-I"},{"r":"107","t":"19:40:44","h":"Ouest","s":"25S-H56S100F-80-F1"},{"r":"107","t":"19:40:44","h":"Ouest","s":"25S-H56S200F-81-F2"},{"r":"107","t":"19:41:25","h":"Ouest","s":"25N-H56N000A-80-A"},{"r":"107","t":"19:41:25","h":"Ouest","s":"25N-H56NV10A-80-A"},{"r":"107","t":"19:41:25","h":"Ouest","s":"25N-H56NV20A-80-A"},{"r":"107","t":"19:41:25","h":"Ouest","s":"25S-H56S000A-80-A"},{"r":"107","t":"19:55:44","h":"Ouest","s":"25N-H56N000S-80-S"},{"r":"107","t":"19:55:44","h":"Ouest","s":"25N-H56NV10S-80-S"},{"r":"107","t":"19:55:44","h":"Ouest","s":"25N-H56NV20S-80-S"},{"r":"107","t":"19:55:44","h":"Ouest","s":"25S-H56S000S-80-S"},{"r":"107","t":"20:08:03","h":"Ouest","s":"25N-H56N000I-80-I"},{"r":"107","t":"20:08:03","h":"Ouest","s":"25N-H56N100F-80-F1"},{"r":"107","t":"20:08:03","h":"Ouest","s":"25N-H56N200F-80-F2"},{"r":"107","t":"20:08:03","h":"Ouest","s":"25N-H56N300F-80-F3"},{"r":"107","t":"20:08:03","h":"Ouest","s":"25N-H56N400F-80-F4"},{"r":"107","t":"20:08:03","h":"Ouest","s":"25N-H56NV10I-80-I"},{"r":"107","t":"20:08:03","h":"Ouest","s":"25N-H56NV20I-80-I"},{"r":"107","t":"20:08:03","h":"Ouest","s":"25S-H56S000I-80-I"},{"r":"107","t":"20:08:03","h":"Ouest","s":"25S-H56S100F-80-F1"},{"r":"107","t":"20:08:03","h":"Ouest","s":"25S-H56S200F-81-F2"},{"r":"107","t":"20:09:25","h":"Ouest","s":"25N-H56N000A-80-A"},{"r":"107","t":"20:09:25","h":"Ouest","s":"25N-H56NV10A-80-A"},{"r":"107","t":"20:09:25","h":"Ouest","s":"25N-H56NV20A-80-A"},{"r":"107","t":"20:09:25","h":"Ouest","s":"25S-H56S000A-80-A"},{"r":"107","t":"20:22:44","h":"Ouest","s":"25N-H56N000S-80-S"},{"r":"107","t":"20:22:44","h":"Ouest","s":"25N-H56NV10S-80-S"},{"r":"107","t":"20:22:44","h":"Ouest","s":"25N-H56NV20S-80-S"},{"r":"107","t":"20:22:44","h":"Ouest","s":"25S-H56S000S-80-S"},{"r":"107","t":"20:38:03","h":"Ouest","s":"25N-H56N000I-80-I"},{"r":"107","t":"20:38:03","h":"Ouest","s":"25N-H56N100F-80-F1"},{"r":"107","t":"20:38:03","h":"Ouest","s":"25N-H56N200F-80-F2"},{"r":"107","t":"20:38:03","h":"Ouest","s":"25N-H56N300F-80-F3"},{"r":"107","t":"20:38:03","h":"Ouest","s":"25N-H56N400F-80-F4"},{"r":"107","t":"20:38:03","h":"Ouest","s":"25N-H56NV10I-80-I"},{"r":"107","t":"20:38:03","h":"Ouest","s":"25N-H56NV20I-80-I"},{"r":"107","t":"20:38:03","h":"Ouest","s":"25S-H56S000I-80-I"},{"r":"107","t":"20:38:03","h":"Ouest","s":"25S-H56S100F-80-F1"},{"r":"107","t":"20:38:03","h":"Ouest","s":"25S-H56S200F-81-F2"},{"r":"107","t":"20:39:25","h":"Ouest","s":"25N-H56N000A-80-A"},{"r":"107","t":"20:39:25","h":"Ouest","s":"25N-H56NV10A-80-A"},{"r":"107","t":"20:39:25","h":"Ouest","s":"25N-H56NV20A-80-A"},{"r":"107","t":"20:39:25","h":"Ouest","s":"25S-H56S000A-80-A"},{"r":"107","t":"20:49:44","h":"Ouest","s":"25N-H56N000S-80-S"},{"r":"107","t":"20:49:44","h":"Ouest","s":"25N-H56NV10S-80-S"},{"r":"107","t":"20:49:44","h":"Ouest","s":"25N-H56NV20S-80-S"},{"r":"107","t":"20:49:44","h":"Ouest","s":"25S-H56S000S-80-S"},{"r":"107","t":"21:08:03","h":"Ouest","s":"25N-H56N000I-80-I"},{"r":"107","t":"21:08:03","h":"Ouest","s":"25N-H56N100F-80-F1"},{"r":"107","t":"21:08:03","h":"Ouest","s":"25N-H56N200F-80-F2"},{"r":"107","t":"21:08:03","h":"Ouest","s":"25N-H56N300F-80-F3"},{"r":"107","t":"21:08:03","h":"Ouest","s":"25N-H56N400F-80-F4"},{"r":"107","t":"21:08:03","h":"Ouest","s":"25N-H56NV10I-80-I"},{"r":"107","t":"21:08:03","h":"Ouest","s":"25N-H56NV20I-80-I"},{"r":"107","t":"21:08:03","h":"Ouest","s":"25S-H56S000I-80-I"},{"r":"107","t":"21:08:03","h":"Ouest","s":"25S-H56S100F-80-F1"},{"r":"107","t":"21:08:03","h":"Ouest","s":"25S-H56S200F-81-F2"},{"r":"107","t":"21:09:25","h":"Ouest","s":"25N-H56N000A-80-A"},{"r":"107","t":"21:09:25","h":"Ouest","s":"25N-H56NV10A-80-A"},{"r":"107","t":"21:09:25","h":"Ouest","s":"25N-H56NV20A-80-A"},{"r":"107","t":"21:09:25","h":"Ouest","s":"25S-H56S000A-80-A"},{"r":"107","t":"21:17:44","h":"Ouest","s":"25N-H56N000S-80-S"},{"r":"107","t":"21:17:44","h":"Ouest","s":"25N-H56NV10S-80-S"},{"r":"107","t":"21:17:44","h":"Ouest","s":"25N-H56NV20S-80-S"},{"r":"107","t":"21:17:44","h":"Ouest","s":"25S-H56S000S-80-S"},{"r":"107","t":"21:38:03","h":"Ouest","s":"25N-H56N000I-80-I"},{"r":"107","t":"21:38:03","h":"Ouest","s":"25N-H56N100F-80-F1"},{"r":"107","t":"21:38:03","h":"Ouest","s":"25N-H56N200F-80-F2"},{"r":"107","t":"21:38:03","h":"Ouest","s":"25N-H56N300F-80-F3"},{"r":"107","t":"21:38:03","h":"Ouest","s":"25N-H56N400F-80-F4"},{"r":"107","t":"21:38:03","h":"Ouest","s":"25N-H56NV10I-80-I"},{"r":"107","t":"21:38:03","h":"Ouest","s":"25N-H56NV20I-80-I"},{"r":"107","t":"21:38:03","h":"Ouest","s":"25S-H56S000I-80-I"},{"r":"107","t":"21:38:03","h":"Ouest","s":"25S-H56S100F-80-F1"},{"r":"107","t":"21:38:03","h":"Ouest","s":"25S-H56S200F-81-F2"},{"r":"107","t":"21:39:25","h":"Ouest","s":"25N-H56N000A-80-A"},{"r":"107","t":"21:39:25","h":"Ouest","s":"25N-H56NV10A-80-A"},{"r":"107","t":"21:39:25","h":"Ouest","s":"25N-H56NV20A-80-A"},{"r":"107","t":"21:39:25","h":"Ouest","s":"25S-H56S000A-80-A"},{"r":"107","t":"21:45:44","h":"Ouest","s":"25N-H56N000S-80-S"},{"r":"107","t":"21:45:44","h":"Ouest","s":"25N-H56NV10S-80-S"},{"r":"107","t":"21:45:44","h":"Ouest","s":"25N-H56NV20S-80-S"},{"r":"107","t":"21:45:44","h":"Ouest","s":"25S-H56S000S-80-S"},{"r":"107","t":"22:08:03","h":"Ouest","s":"25N-H56N000I-80-I"},{"r":"107","t":"22:08:03","h":"Ouest","s":"25N-H56N100F-80-F1"},{"r":"107","t":"22:08:03","h":"Ouest","s":"25N-H56N200F-80-F2"},{"r":"107","t":"22:08:03","h":"Ouest","s":"25N-H56N300F-80-F3"},{"r":"107","t":"22:08:03","h":"Ouest","s":"25N-H56N400F-80-F4"},{"r":"107","t":"22:08:03","h":"Ouest","s":"25N-H56NV10I-80-I"},{"r":"107","t":"22:08:03","h":"Ouest","s":"25N-H56NV20I-80-I"},{"r":"107","t":"22:08:03","h":"Ouest","s":"25S-H56S000I-80-I"},{"r":"107","t":"22:08:03","h":"Ouest","s":"25S-H56S100F-80-F1"},{"r":"107","t":"22:08:03","h":"Ouest","s":"25S-H56S200F-81-F2"},{"r":"107","t":"22:09:25","h":"Ouest","s":"25N-H56N000A-80-A"},{"r":"107","t":"22:09:25","h":"Ouest","s":"25N-H56NV10A-80-A"},{"r":"107","t":"22:09:25","h":"Ouest","s":"25N-H56NV20A-80-A"},{"r":"107","t":"22:09:25","h":"Ouest","s":"25S-H56S000A-80-A"},{"r":"107","t":"22:13:44","h":"Ouest","s":"25N-H56N000S-80-S"},{"r":"107","t":"22:13:44","h":"Ouest","s":"25N-H56NV10S-80-S"},{"r":"107","t":"22:13:44","h":"Ouest","s":"25N-H56NV20S-80-S"},{"r":"107","t":"22:13:44","h":"Ouest","s":"25S-H56S000S-80-S"},{"r":"107","t":"22:38:03","h":"Ouest","s":"25N-H56N000I-80-I"},{"r":"107","t":"22:38:03","h":"Ouest","s":"25N-H56N100F-80-F1"},{"r":"107","t":"22:38:03","h":"Ouest","s":"25N-H56N200F-80-F2"},{"r":"107","t":"22:38:03","h":"Ouest","s":"25N-H56N300F-80-F3"},{"r":"107","t":"22:38:03","h":"Ouest","s":"25N-H56N400F-80-F4"},{"r":"107","t":"22:38:03","h":"Ouest","s":"25N-H56NV10I-80-I"},{"r":"107","t":"22:38:03","h":"Ouest","s":"25N-H56NV20I-80-I"},{"r":"107","t":"22:38:03","h":"Ouest","s":"25S-H56S000I-80-I"},{"r":"107","t":"22:38:03","h":"Ouest","s":"25S-H56S100F-80-F1"},{"r":"107","t":"22:38:03","h":"Ouest","s":"25S-H56S200F-81-F2"},{"r":"107","t":"22:39:25","h":"Ouest","s":"25N-H56N000A-80-A"},{"r":"107","t":"22:39:25","h":"Ouest","s":"25N-H56NV10A-80-A"},{"r":"107","t":"22:39:25","h":"Ouest","s":"25N-H56NV20A-80-A"},{"r":"107","t":"22:39:25","h":"Ouest","s":"25S-H56S000A-80-A"},{"r":"107","t":"22:41:44","h":"Ouest","s":"25N-H56N000S-80-S"},{"r":"107","t":"22:41:44","h":"Ouest","s":"25N-H56NV10S-80-S"},{"r":"107","t":"22:41:44","h":"Ouest","s":"25N-H56NV20S-80-S"},{"r":"107","t":"22:41:44","h":"Ouest","s":"25S-H56S000S-80-S"},{"r":"107","t":"23:07:03","h":"Ouest","s":"25N-H56N000I-80-I"},{"r":"107","t":"23:07:03","h":"Ouest","s":"25N-H56N100F-80-F1"},{"r":"107","t":"23:07:03","h":"Ouest","s":"25N-H56N200F-80-F2"},{"r":"107","t":"23:07:03","h":"Ouest","s":"25N-H56N300F-80-F3"},{"r":"107","t":"23:07:03","h":"Ouest","s":"25N-H56N400F-80-F4"},{"r":"107","t":"23:07:03","h":"Ouest","s":"25N-H56NV10I-80-I"},{"r":"107","t":"23:07:03","h":"Ouest","s":"25N-H56NV20I-80-I"},{"r":"107","t":"23:07:03","h":"Ouest","s":"25S-H56S000I-80-I"},{"r":"107","t":"23:07:03","h":"Ouest","s":"25S-H56S100F-80-F1"},{"r":"107","t":"23:07:03","h":"Ouest","s":"25S-H56S200F-81-F2"},{"r":"107","t":"23:09:25","h":"Ouest","s":"25N-H56N000A-80-A"},{"r":"107","t":"23:09:25","h":"Ouest","s":"25N-H56NV10A-80-A"},{"r":"107","t":"23:09:25","h":"Ouest","s":"25N-H56NV20A-80-A"},{"r":"107","t":"23:09:25","h":"Ouest","s":"25S-H56S000A-80-A"},{"r":"107","t":"23:09:44","h":"Ouest","s":"25N-H56N000S-80-S"},{"r":"107","t":"23:09:44","h":"Ouest","s":"25N-H56NV10S-80-S"},{"r":"107","t":"23:09:44","h":"Ouest","s":"25N-H56NV20S-80-S"},{"r":"107","t":"23:09:44","h":"Ouest","s":"25S-H56S000S-80-S"},{"r":"107","t":"23:35:03","h":"Ouest","s":"25N-H56N000S-80-S"},{"r":"107","t":"23:35:03","h":"Ouest","s":"25N-H56NV10S-80-S"},{"r":"107","t":"23:35:03","h":"Ouest","s":"25N-H56NV20S-80-S"},{"r":"107","t":"23:35:03","h":"Ouest","s":"25S-H56S000S-80-S"},{"r":"107","t":"23:37:03","h":"Ouest","s":"25N-H56N000I-80-I"},{"r":"107","t":"23:37:03","h":"Ouest","s":"25N-H56N100F-80-F1"},{"r":"107","t":"23:37:03","h":"Ouest","s":"25N-H56N200F-80-F2"},{"r":"107","t":"23:37:03","h":"Ouest","s":"25N-H56N300F-80-F3"},{"r":"107","t":"23:37:03","h":"Ouest","s":"25N-H56N400F-80-F4"},{"r":"107","t":"23:37:03","h":"Ouest","s":"25N-H56NV10I-80-I"},{"r":"107","t":"23:37:03","h":"Ouest","s":"25N-H56NV20I-80-I"},{"r":"107","t":"23:37:03","h":"Ouest","s":"25S-H56S000I-80-I"},{"r":"107","t":"23:37:03","h":"Ouest","s":"25S-H56S100F-80-F1"},{"r":"107","t":"23:37:03","h":"Ouest","s":"25S-H56S200F-81-F2"},{"r":"107","t":"23:38:03","h":"Ouest","s":"25N-H56N000A-80-A"},{"r":"107","t":"23:38:03","h":"Ouest","s":"25N-H56NV10A-80-A"},{"r":"107","t":"23:38:03","h":"Ouest","s":"25N-H56NV20A-80-A"},{"r":"107","t":"23:38:03","h":"Ouest","s":"25S-H56S000A-80-A"},{"r":"107","t":"24:04:03","h":"Ouest","s":"25N-H56N000S-80-S"},{"r":"107","t":"24:04:03","h":"Ouest","s":"25N-H56NV10S-80-S"},{"r":"107","t":"24:04:03","h":"Ouest","s":"25N-H56NV20S-80-S"},{"r":"107","t":"24:04:03","h":"Ouest","s":"25S-H56S000S-80-S"},{"r":"107","t":"24:07:03","h":"Ouest","s":"25N-H56N000I-80-I"},{"r":"107","t":"24:07:03","h":"Ouest","s":"25N-H56N100F-80-F1"},{"r":"107","t":"24:07:03","h":"Ouest","s":"25N-H56N200F-80-F2"},{"r":"107","t":"24:07:03","h":"Ouest","s":"25N-H56N300F-80-F3"},{"r":"107","t":"24:07:03","h":"Ouest","s":"25N-H56N400F-80-F4"},{"r":"107","t":"24:07:03","h":"Ouest","s":"25N-H56NV10I-80-I"},{"r":"107","t":"24:07:03","h":"Ouest","s":"25N-H56NV20I-80-I"},{"r":"107","t":"24:07:03","h":"Ouest","s":"25S-H56S000I-80-I"},{"r":"107","t":"24:07:03","h":"Ouest","s":"25S-H56S100F-80-F1"},{"r":"107","t":"24:07:03","h":"Ouest","s":"25S-H56S200F-81-F2"},{"r":"107","t":"24:08:03","h":"Ouest","s":"25N-H56N000A-80-A"},{"r":"107","t":"24:08:03","h":"Ouest","s":"25N-H56NV10A-80-A"},{"r":"107","t":"24:08:03","h":"Ouest","s":"25N-H56NV20A-80-A"},{"r":"107","t":"24:08:03","h":"Ouest","s":"25S-H56S000A-80-A"},{"r":"107","t":"24:34:03","h":"Ouest","s":"25N-H56N000S-80-S"},{"r":"107","t":"24:34:03","h":"Ouest","s":"25N-H56NV10S-80-S"},{"r":"107","t":"24:34:03","h":"Ouest","s":"25N-H56NV20S-80-S"},{"r":"107","t":"24:34:03","h":"Ouest","s":"25S-H56S000S-80-S"},{"r":"107","t":"24:37:03","h":"Ouest","s":"25N-H56N000I-80-I"},{"r":"107","t":"24:37:03","h":"Ouest","s":"25N-H56N100F-80-F1"},{"r":"107","t":"24:37:03","h":"Ouest","s":"25N-H56N200F-80-F2"},{"r":"107","t":"24:37:03","h":"Ouest","s":"25N-H56N300F-80-F3"},{"r":"107","t":"24:37:03","h":"Ouest","s":"25N-H56N400F-80-F4"},{"r":"107","t":"24:37:03","h":"Ouest","s":"25N-H56NV10I-80-I"},{"r":"107","t":"24:37:03","h":"Ouest","s":"25N-H56NV20I-80-I"},{"r":"107","t":"24:37:03","h":"Ouest","s":"25S-H56S000I-80-I"},{"r":"107","t":"24:37:03","h":"Ouest","s":"25S-H56S100F-80-F1"},{"r":"107","t":"24:37:03","h":"Ouest","s":"25S-H56S200F-81-F2"},{"r":"107","t":"24:38:03","h":"Ouest","s":"25N-H56N000A-80-A"},{"r":"107","t":"24:38:03","h":"Ouest","s":"25N-H56NV10A-80-A"},{"r":"107","t":"24:38:03","h":"Ouest","s":"25N-H56NV20A-80-A"},{"r":"107","t":"24:38:03","h":"Ouest","s":"25S-H56S000A-80-A"},{"r":"107","t":"25:03:03","h":"Ouest","s":"25N-H56N000S-80-S"},{"r":"107","t":"25:03:03","h":"Ouest","s":"25N-H56NV10S-80-S"},{"r":"107","t":"25:03:03","h":"Ouest","s":"25N-H56NV20S-80-S"},{"r":"107","t":"25:03:03","h":"Ouest","s":"25S-H56S000S-80-S"},{"r":"107","t":"25:08:03","h":"Ouest","s":"25N-H56N000I-80-I"},{"r":"107","t":"25:08:03","h":"Ouest","s":"25N-H56N100F-80-F1"},{"r":"107","t":"25:08:03","h":"Ouest","s":"25N-H56N200F-80-F2"},{"r":"107","t":"25:08:03","h":"Ouest","s":"25N-H56N300F-80-F3"},{"r":"107","t":"25:08:03","h":"Ouest","s":"25N-H56N400F-80-F4"},{"r":"107","t":"25:08:03","h":"Ouest","s":"25N-H56NV10I-80-I"},{"r":"107","t":"25:08:03","h":"Ouest","s":"25N-H56NV20I-80-I"},{"r":"107","t":"25:08:03","h":"Ouest","s":"25S-H56S000I-80-I"},{"r":"107","t":"25:08:03","h":"Ouest","s":"25S-H56S100F-80-F1"},{"r":"107","t":"25:08:03","h":"Ouest","s":"25S-H56S200F-81-F2"},{"r":"107","t":"25:09:03","h":"Ouest","s":"25N-H56N000A-80-A"},{"r":"107","t":"25:09:03","h":"Ouest","s":"25N-H56NV10A-80-A"},{"r":"107","t":"25:09:03","h":"Ouest","s":"25N-H56NV20A-80-A"},{"r":"107","t":"25:09:03","h":"Ouest","s":"25S-H56S000A-80-A"},{"r":"107","t":"25:34:03","h":"Ouest","s":"25N-H56N000S-80-S"},{"r":"107","t":"25:34:03","h":"Ouest","s":"25N-H56NV10S-80-S"},{"r":"107","t":"25:34:03","h":"Ouest","s":"25N-H56NV20S-80-S"},{"r":"107","t":"25:34:03","h":"Ouest","s":"25S-H56S000S-80-S"},{"r":"107","t":"25:38:03","h":"Ouest","s":"25N-H56N000I-80-I"},{"r":"107","t":"25:38:03","h":"Ouest","s":"25N-H56N100F-80-F1"},{"r":"107","t":"25:38:03","h":"Ouest","s":"25N-H56N200F-80-F2"},{"r":"107","t":"25:38:03","h":"Ouest","s":"25N-H56N300F-80-F3"},{"r":"107","t":"25:38:03","h":"Ouest","s":"25N-H56N400F-80-F4"},{"r":"107","t":"25:38:03","h":"Ouest","s":"25N-H56NV10I-80-I"},{"r":"107","t":"25:38:03","h":"Ouest","s":"25N-H56NV20I-80-I"},{"r":"107","t":"25:38:03","h":"Ouest","s":"25S-H56S000I-80-I"},{"r":"107","t":"25:38:03","h":"Ouest","s":"25S-H56S100F-80-F1"},{"r":"107","t":"25:38:03","h":"Ouest","s":"25S-H56S200F-81-F2"},{"r":"107","t":"25:39:03","h":"Ouest","s":"25N-H56N000A-80-A"},{"r":"107","t":"25:39:03","h":"Ouest","s":"25N-H56NV10A-80-A"},{"r":"107","t":"25:39:03","h":"Ouest","s":"25N-H56NV20A-80-A"},{"r":"107","t":"25:39:03","h":"Ouest","s":"25S-H56S000A-80-A"},{"r":"107","t":"26:05:03","h":"Ouest","s":"25N-H56N000A-80-A"},{"r":"107","t":"26:05:03","h":"Ouest","s":"25N-H56NV10A-80-A"},{"r":"107","t":"26:05:03","h":"Ouest","s":"25N-H56NV20A-80-A"},{"r":"107","t":"26:05:03","h":"Ouest","s":"25S-H56S000A-80-A"}]