[{"r":"12","t":"05:23:09","h":"Sud","s":"25N-H56N000I-80-I"},{"r":"12","t":"05:23:09","h":"Sud","s":"25N-H56N100F-80-F1"},{"r":"12","t":"05:23:09","h":"Sud","s":"25N-H56N200F-80-F2"},{"r":"12","t":"05:23:09","h":"Sud","s":"25N-H56N300F-80-F3"},{"r":"12","t":"05:23:09","h":"Sud","s":"25N-H56N400F-80-F4"},{"r":"12","t":"05:23:09","h":"Sud","s":"25N-H56NV10I-80-I"},{"r":"12","t":"05:23:09","h":"Sud","s":"25N-H56NV20I-80-I"},{"r":"12","t":"05:23:09","h":"Sud","s":"25S-H56S000I-80-I"},{"r":"12","t":"05:23:09","h":"Sud","s":"25S-H56S100F-80-F1"},{"r":"12","t":"05:23:09","h":"Sud","s":"25S-H56S200F-81-F2"},{"r":"12","t":"05:23:53","h":"Sud","s":"25N-H56N000A-80-A"},{"r":"12","t":"05:23:53","h":"Sud","s":"25N-H56NV10A-80-A"},{"r":"12","t":"05:23:53","h":"Sud","s":"25N-H56NV20A-80-A"},{"r":"12","t":"05:23:53","h":"Sud","s":"25S-H56S000A-80-A"},{"r":"12","t":"05:45:09","h":"Sud","s":"25N-H59N000S-80-S"},{"r":"12","t":"05:45:09","h":"Sud","s":"25N-H59NV10S-84-S"},{"r":"12","t":"05:45:09","h":"Sud","s":"25N-H59NV20S-80-S"},{"r":"12","t":"05:45:09","h":"Sud","s":"25S-H59S000S-81-S"},{"r":"12","t":"05:56:09","h":"Sud","s":"25N-H56N000I-80-I"},{"r":"12","t":"05:56:09","h":"Sud","s":"25N-H56N100F-80-F1"},{"r":"12","t":"05:56:09","h":"Sud","s":"25N-H56N200F-80-F2"},{"r":"12","t":"05:56:09","h":"Sud","s":"25N-H56N300F-80-F3"},{"r":"12","t":"05:56:09","h":"Sud","s":"25N-H56N400F-80-F4"},{"r":"12","t":"05:56:09","h":"Sud","s":"25N-H56NV10I-80-I"},{"r":"12","t":"05:56:09","h":"Sud","s":"25N-H56NV20I-80-I"},{"r":"12","t":"05:56:09","h":"Sud","s":"25S-H56S000I-80-I"},{"r":"12","t":"05:56:09","h":"Sud","s":"25S-H56S100F-80-F1"},{"r":"12","t":"05:56:09","h":"Sud","s":"25S-H56S200F-81-F2"},{"r":"12","t":"05:56:53","h":"Sud","s":"25N-H56N000A-80-A"},{"r":"12","t":"05:56:53","h":"Sud","s":"25N-H56NV10A-80-A"},{"r":"12","t":"05:56:53","h":"Sud","s":"25N-H56NV20A-80-A"},{"r":"12","t":"05:56:53","h":"Sud","s":"25S-H56S000A-80-A"},{"r":"12","t":"06:15:53","h":"Sud","s":"25N-H56N000S-80-S"},{"r":"12","t":"06:15:53","h":"Sud","s":"25N-H56NV10S-80-S"},{"r":"12","t":"06:15:53","h":"Sud","s":"25N-H56NV20S-80-S"},{"r":"12","t":"06:15:53","h":"Sud","s":"25S-H56S000S-80-S"},{"r":"12","t":"06:29:09","h":"Sud","s":"25N-H56N000I-80-I"},{"r":"12","t":"06:29:09","h":"Sud","s":"25N-H56N100F-80-F1"},{"r":"12","t":"06:29:09","h":"Sud","s":"25N-H56N200F-80-F2"},{"r":"12","t":"06:29:09","h":"Sud","s":"25N-H56N300F-80-F3"},{"r":"12","t":"06:29:09","h":"Sud","s":"25N-H56N400F-80-F4"},{"r":"12","t":"06:29:09","h":"Sud","s":"25N-H56NV10I-80-I"},{"r":"12","t":"06:29:09","h":"Sud","s":"25N-H56NV20I-80-I"},{"r":"12","t":"06:29:09","h":"Sud","s":"25S-H56S000I-80-I"},{"r":"12","t":"06:29:09","h":"Sud","s":"25S-H56S100F-80-F1"},{"r":"12","t":"06:29:09","h":"Sud","s":"25S-H56S200F-81-F2"},{"r":"12","t":"06:29:53","h":"Sud","s":"25N-H56N000A-80-A"},{"r":"12","t":"06:29:53","h":"Sud","s":"25N-H56NV10A-80-A"},{"r":"12","t":"06:29:53","h":"Sud","s":"25N-H56NV20A-80-A"},{"r":"12","t":"06:29:53","h":"Sud","s":"25S-H56S000A-80-A"},{"r":"12","t":"06:45:53","h":"Sud","s":"25N-H56N000S-80-S"},{"r":"12","t":"06:45:53","h":"Sud","s":"25N-H56NV10S-80-S"},{"r":"12","t":"06:45:53","h":"Sud","s":"25N-H56NV20S-80-S"},{"r":"12","t":"06:45:53","h":"Sud","s":"25S-H56S000S-80-S"},{"r":"12","t":"07:02:09","h":"Sud","s":"25N-H56N000I-80-I"},{"r":"12","t":"07:02:09","h":"Sud","s":"25N-H56N100F-80-F1"},{"r":"12","t":"07:02:09","h":"Sud","s":"25N-H56N200F-80-F2"},{"r":"12","t":"07:02:09","h":"Sud","s":"25N-H56N300F-80-F3"},{"r":"12","t":"07:02:09","h":"Sud","s":"25N-H56N400F-80-F4"},{"r":"12","t":"07:02:09","h":"Sud","s":"25N-H56NV10I-80-I"},{"r":"12","t":"07:02:09","h":"Sud","s":"25N-H56NV20I-80-I"},{"r":"12","t":"07:02:09","h":"Sud","s":"25S-H56S000I-80-I"},{"r":"12","t":"07:02:09","h":"Sud","s":"25S-H56S100F-80-F1"},{"r":"12","t":"07:02:09","h":"Sud","s":"25S-H56S200F-81-F2"},{"r":"12","t":"07:02:53","h":"Sud","s":"25N-H56N000A-80-A"},{"r":"12","t":"07:02:53","h":"Sud","s":"25N-H56NV10A-80-A"},{"r":"12","t":"07:02:53","h":"Sud","s":"25N-H56NV20A-80-A"},{"r":"12","t":"07:02:53","h":"Sud","s":"25S-H56S000A-80-A"},{"r":"12","t":"07:17:21","h":"Sud","s":"25N-H59N000S-80-S"},{"r":"12","t":"07:17:21","h":"Sud","s":"25N-H59NV10S-84-S"},{"r":"12","t":"07:17:21","h":"Sud","s":"25N-H59NV20S-80-S"},{"r":"12","t":"07:17:21","h":"Sud","s":"25S-H59S000S-81-S"},{"r":"12","t":"07:34:09","h":"Sud","s":"25N-H56N000I-80-I"},{"r":"12","t":"07:34:09","h":"Sud","s":"25N-H56N100F-80-F1"},{"r":"12","t":"07:34:09","h":"Sud","s":"25N-H56N200F-80-F2"},{"r":"12","t":"07:34:09","h":"Sud","s":"25N-H56N300F-80-F3"},{"r":"12","t":"07:34:09","h":"Sud","s":"25N-H56N400F-80-F4"},{"r":"12","t":"07:34:09","h":"Sud","s":"25N-H56NV10I-80-I"},{"r":"12","t":"07:34:09","h":"Sud","s":"25N-H56NV20I-80-I"},{"r":"12","t":"07:34:09","h":"Sud","s":"25S-H56S000I-80-I"},{"r":"12","t":"07:34:09","h":"Sud","s":"25S-H56S100F-80-F1"},{"r":"12","t":"07:34:09","h":"Sud","s":"25S-H56S200F-81-F2"},{"r":"12","t":"07:34:53","h":"Sud","s":"25N-H56N000A-80-A"},{"r":"12","t":"07:34:53","h":"Sud","s":"25N-H56NV10A-80-A"},{"r":"12","t":"07:34:53","h":"Sud","s":"25N-H56NV20A-80-A"},{"r":"12","t":"07:34:53","h":"Sud","s":"25S-H56S000A-80-A"},{"r":"12","t":"07:47:21","h":"Sud","s":"25N-H56N000S-80-S"},{"r":"12","t":"07:47:21","h":"Sud","s":"25N-H56NV10S-80-S"},{"r":"12","t":"07:47:21","h":"Sud","s":"25N-H56NV20S-80-S"},{"r":"12","t":"07:47:21","h":"Sud","s":"25S-H56S000S-80-S"},{"r":"12","t":"08:06:53","h":"Sud","s":"25N-H56N000A-80-A"},{"r":"12","t":"08:06:53","h":"Sud","s":"25N-H56N000I-80-I"},{"r":"12","t":"08:06:53","h":"Sud","s":"25N-H56N100F-80-F1"},{"r":"12","t":"08:06:53","h":"Sud","s":"25N-H56N200F-80-F2"},{"r":"12","t":"08:06:53","h":"Sud","s":"25N-H56N300F-80-F3"},{"r":"12","t":"08:06:53","h":"Sud","s":"25N-H56N400F-80-F4"},{"r":"12","t":"08:06:53","h":"Sud","s":"25N-H56NV10A-80-A"},{"r":"12","t":"08:06:53","h":"Sud","s":"25N-H56NV10I-80-I"},{"r":"12","t":"08:06:53","h":"Sud","s":"25N-H56NV20A-80-A"},{"r":"12","t":"08:06:53","h":"Sud","s":"25N-H56NV20I-80-I"},{"r":"12","t":"08:06:53","h":"Sud","s":"25S-H56S000A-80-A"},{"r":"12","t":"08:06:53","h":"Sud","s":"25S-H56S000I-80-I"},{"r":"12","t":"08:06:53","h":"Sud","s":"25S-H56S100F-80-F1"},{"r":"12","t":"08:06:53","h":"Sud","s":"25S-H56S200F-81-F2"},{"r":"12","t":"08:07:21","h":"Sud","s":"25N-H56N000S-80-S"},{"r":"12","t":"08:07:21","h":"Sud","s":"25N-H56NV10S-80-S"},{"r":"12","t":"08:07:21","h":"Sud","s":"25N-H56NV20S-80-S"},{"r":"12","t":"08:07:21","h":"Sud","s":"25S-H56S000S-80-S"},{"r":"12","t":"08:27:21","h":"Sud","s":"25N-H56N000S-80-S"},{"r":"12","t":"08:27:21","h":"Sud","s":"25N-H56NV10S-80-S"},{"r":"12","t":"08:27:21","h":"Sud","s":"25N-H56NV20S-80-S"},{"r":"12","t":"08:27:21","h":"Sud","s":"25S-H56S000S-80-S"},{"r":"12","t":"08:37:53","h":"Sud","s":"25N-H56N000A-80-A"},{"r":"12","t":"08:37:53","h":"Sud","s":"25N-H56N000I-80-I"},{"r":"12","t":"08:37:53","h":"Sud","s":"25N-H56N100F-80-F1"},{"r":"12","t":"08:37:53","h":"Sud","s":"25N-H56N200F-80-F2"},{"r":"12","t":"08:37:53","h":"Sud","s":"25N-H56N300F-80-F3"},{"r":"12","t":"08:37:53","h":"Sud","s":"25N-H56N400F-80-F4"},{"r":"12","t":"08:37:53","h":"Sud","s":"25N-H56NV10A-80-A"},{"r":"12","t":"08:37:53","h":"Sud","s":"25N-H56NV10I-80-I"},{"r":"12","t":"08:37:53","h":"Sud","s":"25N-H56NV20A-80-A"},{"r":"12","t":"08:37:53","h":"Sud","s":"25N-H56NV20I-80-I"},{"r":"12","t":"08:37:53","h":"Sud","s":"25S-H56S000A-80-A"},{"r":"12","t":"08:37:53","h":"Sud","s":"25S-H56S000I-80-I"},{"r":"12","t":"08:37:53","h":"Sud","s":"25S-H56S100F-80-F1"},{"r":"12","t":"08:37:53","h":"Sud","s":"25S-H56S200F-81-F2"},{"r":"12","t":"08:47:21","h":"Sud","s":"25N-H56N000S-80-S"},{"r":"12","t":"08:47:21","h":"Sud","s":"25N-H56NV10S-80-S"},{"r":"12","t":"08:47:21","h":"Sud","s":"25N-H56NV20S-80-S"},{"r":"12","t":"08:47:21","h":"Sud","s":"25S-H56S000S-80-S"},{"r":"12","t":"09:06:37","h":"Sud","s":"25N-H56N000S-80-S"},{"r":"12","t":"09:06:37","h":"Sud","s":"25N-H56NV10S-80-S"},{"r":"12","t":"09:06:37","h":"Sud","s":"25N-H56NV20S-80-S"},{"r":"12","t":"09:06:37","h":"Sud","s":"25S-H56S000S-80-S"},{"r":"12","t":"09:09:53","h":"Sud","s":"25N-H56N000A-80-A"},{"r":"12","t":"09:09:53","h":"Sud","s":"25N-H56N000I-80-I"},{"r":"12","t":"09:09:53","h":"Sud","s":"25N-H56N100F-80-F1"},{"r":"12","t":"09:09:53","h":"Sud","s":"25N-H56N200F-80-F2"},{"r":"12","t":"09:09:53","h":"Sud","s":"25N-H56N300F-80-F3"},{"r":"12","t":"09:09:53","h":"Sud","s":"25N-H56N400F-80-F4"},{"r":"12","t":"09:09:53","h":"Sud","s":"25N-H56NV10A-80-A"},{"r":"12","t":"09:09:53","h":"Sud","s":"25N-H56NV10I-80-I"},{"r":"12","t":"09:09:53","h":"Sud","s":"25N-H56NV20A-80-A"},{"r":"12","t":"09:09:53","h":"Sud","s":"25N-H56NV20I-80-I"},{"r":"12","t":"09:09:53","h":"Sud","s":"25S-H56S000A-80-A"},{"r":"12","t":"09:09:53","h":"Sud","s":"25S-H56S000I-80-I"},{"r":"12","t":"09:09:53","h":"Sud","s":"25S-H56S100F-80-F1"},{"r":"12","t":"09:09:53","h":"Sud","s":"25S-H56S200F-81-F2"},{"r":"12","t":"09:28:37","h":"Sud","s":"25N-H56N000S-80-S"},{"r":"12","t":"09:28:37","h":"Sud","s":"25N-H56NV10S-80-S"},{"r":"12","t":"09:28:37","h":"Sud","s":"25N-H56NV20S-80-S"},{"r":"12","t":"09:28:37","h":"Sud","s":"25S-H56S000S-80-S"},{"r":"12","t":"09:31:53","h":"Sud","s":"25N-H56N000A-80-A"},{"r":"12","t":"09:31:53","h":"Sud","s":"25N-H56N000I-80-I"},{"r":"12","t":"09:31:53","h":"Sud","s":"25N-H56N100F-80-F1"},{"r":"12","t":"09:31:53","h":"Sud","s":"25N-H56N200F-80-F2"},{"r":"12","t":"09:31:53","h":"Sud","s":"25N-H56N300F-80-F3"},{"r":"12","t":"09:31:53","h":"Sud","s":"25N-H56N400F-80-F4"},{"r":"12","t":"09:31:53","h":"Sud","s":"25N-H56NV10A-80-A"},{"r":"12","t":"09:31:53","h":"Sud","s":"25N-H56NV10I-80-I"},{"r":"12","t":"09:31:53","h":"Sud","s":"25N-H56NV20A-80-A"},{"r":"12","t":"09:31:53","h":"Sud","s":"25N-H56NV20I-80-I"},{"r":"12","t":"09:31:53","h":"Sud","s":"25S-H56S000A-80-A"},{"r":"12","t":"09:31:53","h":"Sud","s":"25S-H56S000I-80-I"},{"r":"12","t":"09:31:53","h":"Sud","s":"25S-H56S100F-80-F1"},{"r":"12","t":"09:31:53","h":"Sud","s":"25S-H56S200F-81-F2"},{"r":"12","t":"09:53:53","h":"Sud","s":"25N-H56N000A-80-A"},{"r":"12","t":"09:53:53","h":"Sud","s":"25N-H56N000I-80-I"},{"r":"12","t":"09:53:53","h":"Sud","s":"25N-H56N100F-80-F1"},{"r":"12","t":"09:53:53","h":"Sud","s":"25N-H56N200F-80-F2"},{"r":"12","t":"09:53:53","h":"Sud","s":"25N-H56N300F-80-F3"},{"r":"12","t":"09:53:53","h":"Sud","s":"25N-H56N400F-80-F4"},{"r":"12","t":"09:53:53","h":"Sud","s":"25N-H56NV10A-80-A"},{"r":"12","t":"09:53:53","h":"Sud","s":"25N-H56NV10I-80-I"},{"r":"12","t":"09:53:53","h":"Sud","s":"25N-H56NV20A-80-A"},{"r":"12","t":"09:53:53","h":"Sud","s":"25N-H56NV20I-80-I"},{"r":"12","t":"09:53:53","h":"Sud","s":"25S-H56S000A-80-A"},{"r":"12","t":"09:53:53","h":"Sud","s":"25S-H56S000I-80-I"},{"r":"12","t":"09:53:53","h":"Sud","s":"25S-H56S100F-80-F1"},{"r":"12","t":"09:53:53","h":"Sud","s":"25S-H56S200F-81-F2"},{"r":"12","t":"09:56:37","h":"Sud","s":"25N-H56N000S-80-S"},{"r":"12","t":"09:56:37","h":"Sud","s":"25N-H56NV10S-80-S"},{"r":"12","t":"09:56:37","h":"Sud","s":"25N-H56NV20S-80-S"},{"r":"12","t":"09:56:37","h":"Sud","s":"25S-H56S000S-80-S"},{"r":"12","t":"10:14:53","h":"Sud","s":"25N-H56N000A-80-A"},{"r":"12","t":"10:14:53","h":"Sud","s":"25N-H56N000I-80-I"},{"r":"12","t":"10:14:53","h":"Sud","s":"25N-H56N100F-80-F1"},{"r":"12","t":"10:14:53","h":"Sud","s":"25N-H56N200F-80-F2"},{"r":"12","t":"10:14:53","h":"Sud","s":"25N-H56N300F-80-F3"},{"r":"12","t":"10:14:53","h":"Sud","s":"25N-H56N400F-80-F4"},{"r":"12","t":"10:14:53","h":"Sud","s":"25N-H56NV10A-80-A"},{"r":"12","t":"10:14:53","h":"Sud","s":"25N-H56NV10I-80-I"},{"r":"12","t":"10:14:53","h":"Sud","s":"25N-H56NV20A-80-A"},{"r":"12","t":"10:14:53","h":"Sud","s":"25N-H56NV20I-80-I"},{"r":"12","t":"10:14:53","h":"Sud","s":"25S-H56S000A-80-A"},{"r":"12","t":"10:14:53","h":"Sud","s":"25S-H56S000I-80-I"},{"r":"12","t":"10:14:53","h":"Sud","s":"25S-H56S100F-80-F1"},{"r":"12","t":"10:14:53","h":"Sud","s":"25S-H56S200F-81-F2"},{"r":"12","t":"10:26:37","h":"Sud","s":"25N-H56N000S-80-S"},{"r":"12","t":"10:26:37","h":"Sud","s":"25N-H56NV10S-80-S"},{"r":"12","t":"10:26:37","h":"Sud","s":"25N-H56NV20S-80-S"},{"r":"12","t":"10:26:37","h":"Sud","s":"25S-H56S000S-80-S"},{"r":"12","t":"10:36:53","h":"Sud","s":"25N-H56N000A-80-A"},{"r":"12","t":"10:36:53","h":"Sud","s":"25N-H56N000I-80-I"},{"r":"12","t":"10:36:53","h":"Sud","s":"25N-H56N100F-80-F1"},{"r":"12","t":"10:36:53","h":"Sud","s":"25N-H56N200F-80-F2"},{"r":"12","t":"10:36:53","h":"Sud","s":"25N-H56N300F-80-F3"},{"r":"12","t":"10:36:53","h":"Sud","s":"25N-H56N400F-80-F4"},{"r":"12","t":"10:36:53","h":"Sud","s":"25N-H56NV10A-80-A"},{"r":"12","t":"10:36:53","h":"Sud","s":"25N-H56NV10I-80-I"},{"r":"12","t":"10:36:53","h":"Sud","s":"25N-H56NV20A-80-A"},{"r":"12","t":"10:36:53","h":"Sud","s":"25N-H56NV20I-80-I"},{"r":"12","t":"10:36:53","h":"Sud","s":"25S-H56S000A-80-A"},{"r":"12","t":"10:36:53","h":"Sud","s":"25S-H56S000I-80-I"},{"r":"12","t":"10:36:53","h":"Sud","s":"25S-H56S100F-80-F1"},{"r":"12","t":"10:36:53","h":"Sud","s":"25S-H56S200F-81-F2"},{"r":"12","t":"10:56:37","h":"Sud","s":"25N-H56N000S-80-S"},{"r":"12","t":"10:56:37","h":"Sud","s":"25N-H56NV10S-80-S"},{"r":"12","t":"10:56:37","h":"Sud","s":"25N-H56NV20S-80-S"},{"r":"12","t":"10:56:37","h":"Sud","s":"25S-H56S000S-80-S"},{"r":"12","t":"10:59:53","h":"Sud","s":"25N-H56N000A-80-A"},{"r":"12","t":"10:59:53","h":"Sud","s":"25N-H56N000I-80-I"},{"r":"12","t":"10:59:53","h":"Sud","s":"25N-H56N100F-80-F1"},{"r":"12","t":"10:59:53","h":"Sud","s":"25N-H56N200F-80-F2"},{"r":"12","t":"10:59:53","h":"Sud","s":"25N-H56N300F-80-F3"},{"r":"12","t":"10:59:53","h":"Sud","s":"25N-H56N400F-80-F4"},{"r":"12","t":"10:59:53","h":"Sud","s":"25N-H56NV10A-80-A"},{"r":"12","t":"10:59:53","h":"Sud","s":"25N-H56NV10I-80-I"},{"r":"12","t":"10:59:53","h":"Sud","s":"25N-H56NV20A-80-A"},{"r":"12","t":"10:59:53","h":"Sud","s":"25N-H56NV20I-80-I"},{"r":"12","t":"10:59:53","h":"Sud","s":"25S-H56S000A-80-A"},{"r":"12","t":"10:59:53","h":"Sud","s":"25S-H56S000I-80-I"},{"r":"12","t":"10:59:53","h":"Sud","s":"25S-H56S100F-80-F1"},{"r":"12","t":"10:59:53","h":"Sud","s":"25S-H56S200F-81-F2"},{"r":"12","t":"11:21:53","h":"Sud","s":"25N-H56N000I-80-I"},{"r":"12","t":"11:21:53","h":"Sud","s":"25N-H56N100F-80-F1"},{"r":"12","t":"11:21:53","h":"Sud","s":"25N-H56N200F-80-F2"},{"r":"12","t":"11:21:53","h":"Sud","s":"25N-H56N300F-80-F3"},{"r":"12","t":"11:21:53","h":"Sud","s":"25N-H56N400F-80-F4"},{"r":"12","t":"11:21:53","h":"Sud","s":"25N-H56NV10I-80-I"},{"r":"12","t":"11:21:53","h":"Sud","s":"25N-H56NV20I-80-I"},{"r":"12","t":"11:21:53","h":"Sud","s":"25S-H56S000I-80-I"},{"r":"12","t":"11:21:53","h":"Sud","s":"25S-H56S100F-80-F1"},{"r":"12","t":"11:21:53","h":"Sud","s":"25S-H56S200F-81-F2"},{"r":"12","t":"11:22:37","h":"Sud","s":"25N-H56N000A-80-A"},{"r":"12","t":"11:22:37","h":"Sud","s":"25N-H56NV10A-80-A"},{"r":"12","t":"11:22:37","h":"Sud","s":"25N-H56NV20A-80-A"},{"r":"12","t":"11:22:37","h":"Sud","s":"25S-H56S000A-80-A"},{"r":"12","t":"11:26:37","h":"Sud","s":"25N-H56N000S-80-S"},{"r":"12","t":"11:26:37","h":"Sud","s":"25N-H56NV10S-80-S"},{"r":"12","t":"11:26:37","h":"Sud","s":"25N-H56NV20S-80-S"},{"r":"12","t":"11:26:37","h":"Sud","s":"25S-H56S000S-80-S"},{"r":"12","t":"11:43:37","h":"Sud","s":"25N-H56N000A-80-A"},{"r":"12","t":"11:43:37","h":"Sud","s":"25N-H56N000I-80-I"},{"r":"12","t":"11:43:37","h":"Sud","s":"25N-H56N100F-80-F1"},{"r":"12","t":"11:43:37","h":"Sud","s":"25N-H56N200F-80-F2"},{"r":"12","t":"11:43:37","h":"Sud","s":"25N-H56N300F-80-F3"},{"r":"12","t":"11:43:37","h":"Sud","s":"25N-H56N400F-80-F4"},{"r":"12","t":"11:43:37","h":"Sud","s":"25N-H56NV10A-80-A"},{"r":"12","t":"11:43:37","h":"Sud","s":"25N-H56NV10I-80-I"},{"r":"12","t":"11:43:37","h":"Sud","s":"25N-H56NV20A-80-A"},{"r":"12","t":"11:43:37","h":"Sud","s":"25N-H56NV20I-80-I"},{"r":"12","t":"11:43:37","h":"Sud","s":"25S-H56S000A-80-A"},{"r":"12","t":"11:43:37","h":"Sud","s":"25S-H56S000I-80-I"},{"r":"12","t":"11:43:37","h":"Sud","s":"25S-H56S100F-80-F1"},{"r":"12","t":"11:43:37","h":"Sud","s":"25S-H56S200F-81-F2"},{"r":"12","t":"11:57:21","h":"Sud","s":"25N-H56N000S-80-S"},{"r":"12","t":"11:57:21","h":"Sud","s":"25N-H56NV10S-80-S"},{"r":"12","t":"11:57:21","h":"Sud","s":"25N-H56NV20S-80-S"},{"r":"12","t":"11:57:21","h":"Sud","s":"25S-H56S000S-80-S"},{"r":"12","t":"12:07:37","h":"Sud","s":"25N-H56N000A-80-A"},{"r":"12","t":"12:07:37","h":"Sud","s":"25N-H56N000I-80-I"},{"r":"12","t":"12:07:37","h":"Sud","s":"25N-H56N100F-80-F1"},{"r":"12","t":"12:07:37","h":"Sud","s":"25N-H56N200F-80-F2"},{"r":"12","t":"12:07:37","h":"Sud","s":"25N-H56N300F-80-F3"},{"r":"12","t":"12:07:37","h":"Sud","s":"25N-H56N400F-80-F4"},{"r":"12","t":"12:07:37","h":"Sud","s":"25N-H56NV10A-80-A"},{"r":"12","t":"12:07:37","h":"Sud","s":"25N-H56NV10I-80-I"},{"r":"12","t":"12:07:37","h":"Sud","s":"25N-H56NV20A-80-A"},{"r":"12","t":"12:07:37","h":"Sud","s":"25N-H56NV20I-80-I"},{"r":"12","t":"12:07:37","h":"Sud","s":"25S-H56S000A-80-A"},{"r":"12","t":"12:07:37","h":"Sud","s":"25S-H56S000I-80-I"},{"r":"12","t":"12:07:37","h":"Sud","s":"25S-H56S100F-80-F1"},{"r":"12","t":"12:07:37","h":"Sud","s":"25S-H56S200F-81-F2"},{"r":"12","t":"12:27:21","h":"Sud","s":"25N-H56N000S-80-S"},{"r":"12","t":"12:27:21","h":"Sud","s":"25N-H56NV10S-80-S"},{"r":"12","t":"12:27:21","h":"Sud","s":"25N-H56NV20S-80-S"},{"r":"12","t":"12:27:21","h":"Sud","s":"25S-H56S000S-80-S"},{"r":"12","t":"12:30:37","h":"Sud","s":"25N-H56N000A-80-A"},{"r":"12","t":"12:30:37","h":"Sud","s":"25N-H56N000I-80-I"},{"r":"12","t":"12:30:37","h":"Sud","s":"25N-H56N100F-80-F1"},{"r":"12","t":"12:30:37","h":"Sud","s":"25N-H56N200F-80-F2"},{"r":"12","t":"12:30:37","h":"Sud","s":"25N-H56N300F-80-F3"},{"r":"12","t":"12:30:37","h":"Sud","s":"25N-H56N400F-80-F4"},{"r":"12","t":"12:30:37","h":"Sud","s":"25N-H56NV10A-80-A"},{"r":"12","t":"12:30:37","h":"Sud","s":"25N-H56NV10I-80-I"},{"r":"12","t":"12:30:37","h":"Sud","s":"25N-H56NV20A-80-A"},{"r":"12","t":"12:30:37","h":"Sud","s":"25N-H56NV20I-80-I"},{"r":"12","t":"12:30:37","h":"Sud","s":"25S-H56S000A-80-A"},{"r":"12","t":"12:30:37","h":"Sud","s":"25S-H56S000I-80-I"},{"r":"12","t":"12:30:37","h":"Sud","s":"25S-H56S100F-80-F1"},{"r":"12","t":"12:30:37","h":"Sud","s":"25S-H56S200F-81-F2"},{"r":"12","t":"12:52:37","h":"Sud","s":"25N-H56N000I-80-I"},{"r":"12","t":"12:52:37","h":"Sud","s":"25N-H56N100F-80-F1"},{"r":"12","t":"12:52:37","h":"Sud","s":"25N-H56N200F-80-F2"},{"r":"12","t":"12:52:37","h":"Sud","s":"25N-H56N300F-80-F3"},{"r":"12","t":"12:52:37","h":"Sud","s":"25N-H56N400F-80-F4"},{"r":"12","t":"12:52:37","h":"Sud","s":"25N-H56NV10I-80-I"},{"r":"12","t":"12:52:37","h":"Sud","s":"25N-H56NV20I-80-I"},{"r":"12","t":"12:52:37","h":"Sud","s":"25S-H56S000I-80-I"},{"r":"12","t":"12:52:37","h":"Sud","s":"25S-H56S100F-80-F1"},{"r":"12","t":"12:52:37","h":"Sud","s":"25S-H56S200F-81-F2"},{"r":"12","t":"12:53:21","h":"Sud","s":"25N-H56N000A-80-A"},{"r":"12","t":"12:53:21","h":"Sud","s":"25N-H56NV10A-80-A"},{"r":"12","t":"12:53:21","h":"Sud","s":"25N-H56NV20A-80-A"},{"r":"12","t":"12:53:21","h":"Sud","s":"25S-H56S000A-80-A"},{"r":"12","t":"12:57:21","h":"Sud","s":"25N-H56N000S-80-S"},{"r":"12","t":"12:57:21","h":"Sud","s":"25N-H56NV10S-80-S"},{"r":"12","t":"12:57:21","h":"Sud","s":"25N-H56NV20S-80-S"},{"r":"12","t":"12:57:21","h":"Sud","s":"25S-H56S000S-80-S"},{"r":"12","t":"13:16:37","h":"Sud","s":"25N-H56N000I-80-I"},{"r":"12","t":"13:16:37","h":"Sud","s":"25N-H56N100F-80-F1"},{"r":"12","t":"13:16:37","h":"Sud","s":"25N-H56N200F-80-F2"},{"r":"12","t":"13:16:37","h":"Sud","s":"25N-H56N300F-80-F3"},{"r":"12","t":"13:16:37","h":"Sud","s":"25N-H56N400F-80-F4"},{"r":"12","t":"13:16:37","h":"Sud","s":"25N-H56NV10I-80-I"},{"r":"12","t":"13:16:37","h":"Sud","s":"25N-H56NV20I-80-I"},{"r":"12","t":"13:16:37","h":"Sud","s":"25S-H56S000I-80-I"},{"r":"12","t":"13:16:37","h":"Sud","s":"25S-H56S100F-80-F1"},{"r":"12","t":"13:16:37","h":"Sud","s":"25S-H56S200F-81-F2"},{"r":"12","t":"13:17:21","h":"Sud","s":"25N-H56N000A-80-A"},{"r":"12","t":"13:17:21","h":"Sud","s":"25N-H56NV10A-80-A"},{"r":"12","t":"13:17:21","h":"Sud","s":"25N-H56NV20A-80-A"},{"r":"12","t":"13:17:21","h":"Sud","s":"25S-H56S000A-80-A"},{"r":"12","t":"13:27:21","h":"Sud","s":"25N-H56N000S-80-S"},{"r":"12","t":"13:27:21","h":"Sud","s":"25N-H56NV10S-80-S"},{"r":"12","t":"13:27:21","h":"Sud","s":"25N-H56NV20S-80-S"},{"r":"12","t":"13:27:21","h":"Sud","s":"25S-H56S000S-80-S"},{"r":"12","t":"13:41:37","h":"Sud","s":"25N-H56N000I-80-I"},{"r":"12","t":"13:41:37","h":"Sud","s":"25N-H56N100F-80-F1"},{"r":"12","t":"13:41:37","h":"Sud","s":"25N-H56N200F-80-F2"},{"r":"12","t":"13:41:37","h":"Sud","s":"25N-H56N300F-80-F3"},{"r":"12","t":"13:41:37","h":"Sud","s":"25N-H56N400F-80-F4"},{"r":"12","t":"13:41:37","h":"Sud","s":"25N-H56NV10I-80-I"},{"r":"12","t":"13:41:37","h":"Sud","s":"25N-H56NV20I-80-I"},{"r":"12","t":"13:41:37","h":"Sud","s":"25S-H56S000I-80-I"},{"r":"12","t":"13:41:37","h":"Sud","s":"25S-H56S100F-80-F1"},{"r":"12","t":"13:41:37","h":"Sud","s":"25S-H56S200F-81-F2"},{"r":"12","t":"13:42:21","h":"Sud","s":"25N-H56N000A-80-A"},{"r":"12","t":"13:42:21","h":"Sud","s":"25N-H56NV10A-80-A"},{"r":"12","t":"13:42:21","h":"Sud","s":"25N-H56NV20A-80-A"},{"r":"12","t":"13:42:21","h":"Sud","s":"25S-H56S000A-80-A"},{"r":"12","t":"13:57:21","h":"Sud","s":"25N-H56N000S-80-S"},{"r":"12","t":"13:57:21","h":"Sud","s":"25N-H56NV10S-80-S"},{"r":"12","t":"13:57:21","h":"Sud","s":"25N-H56NV20S-80-S"},{"r":"12","t":"13:57:21","h":"Sud","s":"25S-H56S000S-80-S"},{"r":"12","t":"14:04:37","h":"Sud","s":"25N-H56N000I-80-I"},{"r":"12","t":"14:04:37","h":"Sud","s":"25N-H56N100F-80-F1"},{"r":"12","t":"14:04:37","h":"Sud","s":"25N-H56N200F-80-F2"},{"r":"12","t":"14:04:37","h":"Sud","s":"25N-H56N300F-80-F3"},{"r":"12","t":"14:04:37","h":"Sud","s":"25N-H56N400F-80-F4"},{"r":"12","t":"14:04:37","h":"Sud","s":"25N-H56NV10I-80-I"},{"r":"12","t":"14:04:37","h":"Sud","s":"25N-H56NV20I-80-I"},{"r":"12","t":"14:04:37","h":"Sud","s":"25S-H56S000I-80-I"},{"r":"12","t":"14:04:37","h":"Sud","s":"25S-H56S100F-80-F1"},{"r":"12","t":"14:04:37","h":"Sud","s":"25S-H56S200F-81-F2"},{"r":"12","t":"14:05:21","h":"Sud","s":"25N-H56N000A-80-A"},{"r":"12","t":"14:05:21","h":"Sud","s":"25N-H56NV10A-80-A"},{"r":"12","t":"14:05:21","h":"Sud","s":"25N-H56NV20A-80-A"},{"r":"12","t":"14:05:21","h":"Sud","s":"25S-H56S000A-80-A"},{"r":"12","t":"14:21:21","h":"Sud","s":"25N-H56N000S-80-S"},{"r":"12","t":"14:21:21","h":"Sud","s":"25N-H56NV10S-80-S"},{"r":"12","t":"14:21:21","h":"Sud","s":"25N-H56NV20S-80-S"},{"r":"12","t":"14:21:21","h":"Sud","s":"25S-H56S000S-80-S"},{"r":"12","t":"14:28:37","h":"Sud","s":"25N-H56N000I-80-I"},{"r":"12","t":"14:28:37","h":"Sud","s":"25N-H56N100F-80-F1"},{"r":"12","t":"14:28:37","h":"Sud","s":"25N-H56N200F-80-F2"},{"r":"12","t":"14:28:37","h":"Sud","s":"25N-H56N300F-80-F3"},{"r":"12","t":"14:28:37","h":"Sud","s":"25N-H56N400F-80-F4"},{"r":"12","t":"14:28:37","h":"Sud","s":"25N-H56NV10I-80-I"},{"r":"12","t":"14:28:37","h":"Sud","s":"25N-H56NV20I-80-I"},{"r":"12","t":"14:28:37","h":"Sud","s":"25S-H56S000I-80-I"},{"r":"12","t":"14:28:37","h":"Sud","s":"25S-H56S100F-80-F1"},{"r":"12","t":"14:28:37","h":"Sud","s":"25S-H56S200F-81-F2"},{"r":"12","t":"14:29:21","h":"Sud","s":"25N-H56N000A-80-A"},{"r":"12","t":"14:29:21","h":"Sud","s":"25N-H56NV10A-80-A"},{"r":"12","t":"14:29:21","h":"Sud","s":"25N-H56NV20A-80-A"},{"r":"12","t":"14:29:21","h":"Sud","s":"25S-H56S000A-80-A"},{"r":"12","t":"14:37:21","h":"Sud","s":"25N-H56N000S-80-S"},{"r":"12","t":"14:37:21","h":"Sud","s":"25N-H56NV10S-80-S"},{"r":"12","t":"14:37:21","h":"Sud","s":"25N-H56NV20S-80-S"},{"r":"12","t":"14:37:21","h":"Sud","s":"25S-H56S000S-80-S"},{"r":"12","t":"14:52:21","h":"Sud","s":"25N-H56N000S-80-S"},{"r":"12","t":"14:52:21","h":"Sud","s":"25N-H56NV10S-80-S"},{"r":"12","t":"14:52:21","h":"Sud","s":"25N-H56NV20S-80-S"},{"r":"12","t":"14:52:21","h":"Sud","s":"25S-H56S000S-80-S"},{"r":"12","t":"14:53:37","h":"Sud","s":"25N-H56N000I-80-I"},{"r":"12","t":"14:53:37","h":"Sud","s":"25N-H56N100F-80-F1"},{"r":"12","t":"14:53:37","h":"Sud","s":"25N-H56N200F-80-F2"},{"r":"12","t":"14:53:37","h":"Sud","s":"25N-H56N300F-80-F3"},{"r":"12","t":"14:53:37","h":"Sud","s":"25N-H56N400F-80-F4"},{"r":"12","t":"14:53:37","h":"Sud","s":"25N-H56NV10I-80-I"},{"r":"12","t":"14:53:37","h":"Sud","s":"25N-H56NV20I-80-I"},{"r":"12","t":"14:53:37","h":"Sud","s":"25S-H56S000I-80-I"},{"r":"12","t":"14:53:37","h":"Sud","s":"25S-H56S100F-80-F1"},{"r":"12","t":"14:53:37","h":"Sud","s":"25S-H56S200F-81-F2"},{"r":"12","t":"14:54:21","h":"Sud","s":"25N-H56N000A-80-A"},{"r":"12","t":"14:54:21","h":"Sud","s":"25N-H56NV10A-80-A"},{"r":"12","t":"14:54:21","h":"Sud","s":"25N-H56NV20A-80-A"},{"r":"12","t":"14:54:21","h":"Sud","s":"25S-H56S000A-80-A"},{"r":"12","t":"15:09:21","h":"Sud","s":"25N-H56N000S-80-S"},{"r":"12","t":"15:09:21","h":"Sud","s":"25N-H56NV10S-80-S"},{"r":"12","t":"15:09:21","h":"Sud","s":"25N-H56NV20S-80-S"},{"r":"12","t":"15:09:21","h":"Sud","s":"25S-H56S000S-80-S"},{"r":"12","t":"15:17:21","h":"Sud","s":"25N-H56N000A-80-A"},{"r":"12","t":"15:17:21","h":"Sud","s":"25N-H56N000I-80-I"},{"r":"12","t":"15:17:21","h":"Sud","s":"25N-H56N100F-80-F1"},{"r":"12","t":"15:17:21","h":"Sud","s":"25N-H56N200F-80-F2"},{"r":"12","t":"15:17:21","h":"Sud","s":"25N-H56N300F-80-F3"},{"r":"12","t":"15:17:21","h":"Sud","s":"25N-H56N400F-80-F4"},{"r":"12","t":"15:17:21","h":"Sud","s":"25N-H56NV10A-80-A"},{"r":"12","t":"15:17:21","h":"Sud","s":"25N-H56NV10I-80-I"},{"r":"12","t":"15:17:21","h":"Sud","s":"25N-H56NV20A-80-A"},{"r":"12","t":"15:17:21","h":"Sud","s":"25N-H56NV20I-80-I"},{"r":"12","t":"15:17:21","h":"Sud","s":"25S-H56S000A-80-A"},{"r":"12","t":"15:17:21","h":"Sud","s":"25S-H56S000I-80-I"},{"r":"12","t":"15:17:21","h":"Sud","s":"25S-H56S100F-80-F1"},{"r":"12","t":"15:17:21","h":"Sud","s":"25S-H56S200F-81-F2"},{"r":"12","t":"15:27:21","h":"Sud","s":"25N-H56N000S-80-S"},{"r":"12","t":"15:27:21","h":"Sud","s":"25N-H56NV10S-80-S"},{"r":"12","t":"15:27:21","h":"Sud","s":"25N-H56NV20S-80-S"},{"r":"12","t":"15:27:21","h":"Sud","s":"25S-H56S000S-80-S"},{"r":"12","t":"15:31:05","h":"Sud","s":"25N-H56N000S-80-S"},{"r":"12","t":"15:31:05","h":"Sud","s":"25N-H56NV10S-80-S"},{"r":"12","t":"15:31:05","h":"Sud","s":"25N-H56NV20S-80-S"},{"r":"12","t":"15:31:05","h":"Sud","s":"25S-H56S000S-80-S"},{"r":"12","t":"15:41:21","h":"Sud","s":"25N-H56N000A-80-A"},{"r":"12","t":"15:41:21","h":"Sud","s":"25N-H56N000I-80-I"},{"r":"12","t":"15:41:21","h":"Sud","s":"25N-H56N100F-80-F1"},{"r":"12","t":"15:41:21","h":"Sud","s":"25N-H56N200F-80-F2"},{"r":"12","t":"15:41:21","h":"Sud","s":"25N-H56N300F-80-F3"},{"r":"12","t":"15:41:21","h":"Sud","s":"25N-H56N400F-80-F4"},{"r":"12","t":"15:41:21","h":"Sud","s":"25N-H56NV10A-80-A"},{"r":"12","t":"15:41:21","h":"Sud","s":"25N-H56NV10I-80-I"},{"r":"12","t":"15:41:21","h":"Sud","s":"25N-H56NV20A-80-A"},{"r":"12","t":"15:41:21","h":"Sud","s":"25N-H56NV20I-80-I"},{"r":"12","t":"15:41:21","h":"Sud","s":"25S-H56S000A-80-A"},{"r":"12","t":"15:41:21","h":"Sud","s":"25S-H56S000I-80-I"},{"r":"12","t":"15:41:21","h":"Sud","s":"25S-H56S100F-80-F1"},{"r":"12","t":"15:41:21","h":"Sud","s":"25S-H56S200F-81-F2"},{"r":"12","t":"15:52:49","h":"Sud","s":"25N-H56N000S-80-S"},{"r":"12","t":"15:52:49","h":"Sud","s":"25N-H56NV10S-80-S"},{"r":"12","t":"15:52:49","h":"Sud","s":"25N-H56NV20S-80-S"},{"r":"12","t":"15:52:49","h":"Sud","s":"25S-H56S000S-80-S"},{"r":"12","t":"16:05:21","h":"Sud","s":"25N-H56N000A-80-A"},{"r":"12","t":"16:05:21","h":"Sud","s":"25N-H56N000I-80-I"},{"r":"12","t":"16:05:21","h":"Sud","s":"25N-H56N100F-80-F1"},{"r":"12","t":"16:05:21","h":"Sud","s":"25N-H56N200F-80-F2"},{"r":"12","t":"16:05:21","h":"Sud","s":"25N-H56N300F-80-F3"},{"r":"12","t":"16:05:21","h":"Sud","s":"25N-H56N400F-80-F4"},{"r":"12","t":"16:05:21","h":"Sud","s":"25N-H56NV10A-80-A"},{"r":"12","t":"16:05:21","h":"Sud","s":"25N-H56NV10I-80-I"},{"r":"12","t":"16:05:21","h":"Sud","s":"25N-H56NV20A-80-A"},{"r":"12","t":"16:05:21","h":"Sud","s":"25N-H56NV20I-80-I"},{"r":"12","t":"16:05:21","h":"Sud","s":"25S-H56S000A-80-A"},{"r":"12","t":"16:05:21","h":"Sud","s":"25S-H56S000I-80-I"},{"r":"12","t":"16:05:21","h":"Sud","s":"25S-H56S100F-80-F1"},{"r":"12","t":"16:05:21","h":"Sud","s":"25S-H56S200F-81-F2"},{"r":"12","t":"16:10:49","h":"Sud","s":"25N-H56N000S-80-S"},{"r":"12","t":"16:10:49","h":"Sud","s":"25N-H56NV10S-80-S"},{"r":"12","t":"16:10:49","h":"Sud","s":"25N-H56NV20S-80-S"},{"r":"12","t":"16:10:49","h":"Sud","s":"25S-H56S000S-80-S"},{"r":"12","t":"16:26:37","h":"Sud","s":"25N-H56N000I-80-I"},{"r":"12","t":"16:26:37","h":"Sud","s":"25N-H56N100F-80-F1"},{"r":"12","t":"16:26:37","h":"Sud","s":"25N-H56N200F-80-F2"},{"r":"12","t":"16:26:37","h":"Sud","s":"25N-H56N300F-80-F3"},{"r":"12","t":"16:26:37","h":"Sud","s":"25N-H56N400F-80-F4"},{"r":"12","t":"16:26:37","h":"Sud","s":"25N-H56NV10I-80-I"},{"r":"12","t":"16:26:37","h":"Sud","s":"25N-H56NV20I-80-I"},{"r":"12","t":"16:26:37","h":"Sud","s":"25S-H56S000I-80-I"},{"r":"12","t":"16:26:37","h":"Sud","s":"25S-H56S100F-80-F1"},{"r":"12","t":"16:26:37","h":"Sud","s":"25S-H56S200F-81-F2"},{"r":"12","t":"16:27:21","h":"Sud","s":"25N-H56N000A-80-A"},{"r":"12","t":"16:27:21","h":"Sud","s":"25N-H56NV10A-80-A"},{"r":"12","t":"16:27:21","h":"Sud","s":"25N-H56NV20A-80-A"},{"r":"12","t":"16:27:21","h":"Sud","s":"25S-H56S000A-80-A"},{"r":"12","t":"16:28:05","h":"Sud","s":"25N-H56N000S-80-S"},{"r":"12","t":"16:28:05","h":"Sud","s":"25N-H56NV10S-80-S"},{"r":"12","t":"16:28:05","h":"Sud","s":"25N-H56NV20S-80-S"},{"r":"12","t":"16:28:05","h":"Sud","s":"25S-H56S000S-80-S"},{"r":"12","t":"16:46:05","h":"Sud","s":"25N-H56N000S-80-S"},{"r":"12","t":"16:46:05","h":"Sud","s":"25N-H56NV10S-80-S"},{"r":"12","t":"16:46:05","h":"Sud","s":"25N-H56NV20S-80-S"},{"r":"12","t":"16:46:05","h":"Sud","s":"25S-H56S000S-80-S"},{"r":"12","t":"16:50:37","h":"Sud","s":"25N-H56N000I-80-I"},{"r":"12","t":"16:50:37","h":"Sud","s":"25N-H56N100F-80-F1"},{"r":"12","t":"16:50:37","h":"Sud","s":"25N-H56N200F-80-F2"},{"r":"12","t":"16:50:37","h":"Sud","s":"25N-H56N300F-80-F3"},{"r":"12","t":"16:50:37","h":"Sud","s":"25N-H56N400F-80-F4"},{"r":"12","t":"16:50:37","h":"Sud","s":"25N-H56NV10I-80-I"},{"r":"12","t":"16:50:37","h":"Sud","s":"25N-H56NV20I-80-I"},{"r":"12","t":"16:50:37","h":"Sud","s":"25S-H56S000I-80-I"},{"r":"12","t":"16:50:37","h":"Sud","s":"25S-H56S100F-80-F1"},{"r":"12","t":"16:50:37","h":"Sud","s":"25S-H56S200F-81-F2"},{"r":"12","t":"16:51:21","h":"Sud","s":"25N-H56N000A-80-A"},{"r":"12","t":"16:51:21","h":"Sud","s":"25N-H56NV10A-80-A"},{"r":"12","t":"16:51:21","h":"Sud","s":"25N-H56NV20A-80-A"},{"r":"12","t":"16:51:21","h":"Sud","s":"25S-H56S000A-80-A"},{"r":"12","t":"17:04:05","h":"Sud","s":"25N-H56N000S-80-S"},{"r":"12","t":"17:04:05","h":"Sud","s":"25N-H56NV10S-80-S"},{"r":"12","t":"17:04:05","h":"Sud","s":"25N-H56NV20S-80-S"},{"r":"12","t":"17:04:05","h":"Sud","s":"25S-H56S000S-80-S"},{"r":"12","t":"17:14:37","h":"Sud","s":"25N-H56N000I-80-I"},{"r":"12","t":"17:14:37","h":"Sud","s":"25N-H56N100F-80-F1"},{"r":"12","t":"17:14:37","h":"Sud","s":"25N-H56N200F-80-F2"},{"r":"12","t":"17:14:37","h":"Sud","s":"25N-H56N300F-80-F3"},{"r":"12","t":"17:14:37","h":"Sud","s":"25N-H56N400F-80-F4"},{"r":"12","t":"17:14:37","h":"Sud","s":"25N-H56NV10I-80-I"},{"r":"12","t":"17:14:37","h":"Sud","s":"25N-H56NV20I-80-I"},{"r":"12","t":"17:14:37","h":"Sud","s":"25S-H56S000I-80-I"},{"r":"12","t":"17:14:37","h":"Sud","s":"25S-H56S100F-80-F1"},{"r":"12","t":"17:14:37","h":"Sud","s":"25S-H56S200F-81-F2"},{"r":"12","t":"17:15:21","h":"Sud","s":"25N-H56N000A-80-A"},{"r":"12","t":"17:15:21","h":"Sud","s":"25N-H56NV10A-80-A"},{"r":"12","t":"17:15:21","h":"Sud","s":"25N-H56NV20A-80-A"},{"r":"12","t":"17:15:21","h":"Sud","s":"25S-H56S000A-80-A"},{"r":"12","t":"17:31:05","h":"Sud","s":"25N-H56N000S-80-S"},{"r":"12","t":"17:31:05","h":"Sud","s":"25N-H56NV10S-80-S"},{"r":"12","t":"17:31:05","h":"Sud","s":"25N-H56NV20S-80-S"},{"r":"12","t":"17:31:05","h":"Sud","s":"25S-H56S000S-80-S"},{"r":"12","t":"17:36:37","h":"Sud","s":"25N-H56N000I-80-I"},{"r":"12","t":"17:36:37","h":"Sud","s":"25N-H56N100F-80-F1"},{"r":"12","t":"17:36:37","h":"Sud","s":"25N-H56N200F-80-F2"},{"r":"12","t":"17:36:37","h":"Sud","s":"25N-H56N300F-80-F3"},{"r":"12","t":"17:36:37","h":"Sud","s":"25N-H56N400F-80-F4"},{"r":"12","t":"17:36:37","h":"Sud","s":"25N-H56NV10I-80-I"},{"r":"12","t":"17:36:37","h":"Sud","s":"25N-H56NV20I-80-I"},{"r":"12","t":"17:36:37","h":"Sud","s":"25S-H56S000I-80-I"},{"r":"12","t":"17:36:37","h":"Sud","s":"25S-H56S100F-80-F1"},{"r":"12","t":"17:36:37","h":"Sud","s":"25S-H56S200F-81-F2"},{"r":"12","t":"17:37:21","h":"Sud","s":"25N-H56N000A-80-A"},{"r":"12","t":"17:37:21","h":"Sud","s":"25N-H56NV10A-80-A"},{"r":"12","t":"17:37:21","h":"Sud","s":"25N-H56NV20A-80-A"},{"r":"12","t":"17:37:21","h":"Sud","s":"25S-H56S000A-80-A"},{"r":"12","t":"17:58:05","h":"Sud","s":"25N-H56N000S-80-S"},{"r":"12","t":"17:58:05","h":"Sud","s":"25N-H56NV10S-80-S"},{"r":"12","t":"17:58:05","h":"Sud","s":"25N-H56NV20S-80-S"},{"r":"12","t":"17:58:05","h":"Sud","s":"25S-H56S000S-80-S"},{"r":"12","t":"18:00:37","h":"Sud","s":"25N-H56N000I-80-I"},{"r":"12","t":"18:00:37","h":"Sud","s":"25N-H56N100F-80-F1"},{"r":"12","t":"18:00:37","h":"Sud","s":"25N-H56N200F-80-F2"},{"r":"12","t":"18:00:37","h":"Sud","s":"25N-H56N300F-80-F3"},{"r":"12","t":"18:00:37","h":"Sud","s":"25N-H56N400F-80-F4"},{"r":"12","t":"18:00:37","h":"Sud","s":"25N-H56NV10I-80-I"},{"r":"12","t":"18:00:37","h":"Sud","s":"25N-H56NV20I-80-I"},{"r":"12","t":"18:00:37","h":"Sud","s":"25S-H56S000I-80-I"},{"r":"12","t":"18:00:37","h":"Sud","s":"25S-H56S100F-80-F1"},{"r":"12","t":"18:00:37","h":"Sud","s":"25S-H56S200F-81-F2"},{"r":"12","t":"18:01:21","h":"Sud","s":"25N-H56N000A-80-A"},{"r":"12","t":"18:01:21","h":"Sud","s":"25N-H56NV10A-80-A"},{"r":"12","t":"18:01:21","h":"Sud","s":"25N-H56NV20A-80-A"},{"r":"12","t":"18:01:21","h":"Sud","s":"25S-H56S000A-80-A"},{"r":"12","t":"18:24:21","h":"Sud","s":"25N-H56N000S-80-S"},{"r":"12","t":"18:24:21","h":"Sud","s":"25N-H56NV10S-80-S"},{"r":"12","t":"18:24:21","h":"Sud","s":"25N-H56NV20S-80-S"},{"r":"12","t":"18:24:21","h":"Sud","s":"25S-H56S000S-80-S"},{"r":"12","t":"18:24:37","h":"Sud","s":"25N-H56N000A-80-A"},{"r":"12","t":"18:24:37","h":"Sud","s":"25N-H56N000I-80-I"},{"r":"12","t":"18:24:37","h":"Sud","s":"25N-H56N100F-80-F1"},{"r":"12","t":"18:24:37","h":"Sud","s":"25N-H56N200F-80-F2"},{"r":"12","t":"18:24:37","h":"Sud","s":"25N-H56N300F-80-F3"},{"r":"12","t":"18:24:37","h":"Sud","s":"25N-H56N400F-80-F4"},{"r":"12","t":"18:24:37","h":"Sud","s":"25N-H56NV10A-80-A"},{"r":"12","t":"18:24:37","h":"Sud","s":"25N-H56NV10I-80-I"},{"r":"12","t":"18:24:37","h":"Sud","s":"25N-H56NV20A-80-A"},{"r":"12","t":"18:24:37","h":"Sud","s":"25N-H56NV20I-80-I"},{"r":"12","t":"18:24:37","h":"Sud","s":"25S-H56S000A-80-A"},{"r":"12","t":"18:24:37","h":"Sud","s":"25S-H56S000I-80-I"},{"r":"12","t":"18:24:37","h":"Sud","s":"25S-H56S100F-80-F1"},{"r":"12","t":"18:24:37","h":"Sud","s":"25S-H56S200F-81-F2"},{"r":"12","t":"18:47:37","h":"Sud","s":"25N-H56N000A-80-A"},{"r":"12","t":"18:47:37","h":"Sud","s":"25N-H56N000I-80-I"},{"r":"12","t":"18:47:37","h":"Sud","s":"25N-H56N100F-80-F1"},{"r":"12","t":"18:47:37","h":"Sud","s":"25N-H56N200F-80-F2"},{"r":"12","t":"18:47:37","h":"Sud","s":"25N-H56N300F-80-F3"},{"r":"12","t":"18:47:37","h":"Sud","s":"25N-H56N400F-80-F4"},{"r":"12","t":"18:47:37","h":"Sud","s":"25N-H56NV10A-80-A"},{"r":"12","t":"18:47:37","h":"Sud","s":"25N-H56NV10I-80-I"},{"r":"12","t":"18:47:37","h":"Sud","s":"25N-H56NV20A-80-A"},{"r":"12","t":"18:47:37","h":"Sud","s":"25N-H56NV20I-80-I"},{"r":"12","t":"18:47:37","h":"Sud","s":"25S-H56S000A-80-A"},{"r":"12","t":"18:47:37","h":"Sud","s":"25S-H56S000I-80-I"},{"r":"12","t":"18:47:37","h":"Sud","s":"25S-H56S100F-80-F1"},{"r":"12","t":"18:47:37","h":"Sud","s":"25S-H56S200F-81-F2"},{"r":"12","t":"18:52:21","h":"Sud","s":"25N-H56N000S-80-S"},{"r":"12","t":"18:52:21","h":"Sud","s":"25N-H56NV10S-80-S"},{"r":"12","t":"18:52:21","h":"Sud","s":"25N-H56NV20S-80-S"},{"r":"12","t":"18:52:21","h":"Sud","s":"25S-H56S000S-80-S"},{"r":"12","t":"19:10:37","h":"Sud","s":"25N-H56N000A-80-A"},{"r":"12","t":"19:10:37","h":"Sud","s":"25N-H56N000I-80-I"},{"r":"12","t":"19:10:37","h":"Sud","s":"25N-H56N100F-80-F1"},{"r":"12","t":"19:10:37","h":"Sud","s":"25N-H56N200F-80-F2"},{"r":"12","t":"19:10:37","h":"Sud","s":"25N-H56N300F-80-F3"},{"r":"12","t":"19:10:37","h":"Sud","s":"25N-H56N400F-80-F4"},{"r":"12","t":"19:10:37","h":"Sud","s":"25N-H56NV10A-80-A"},{"r":"12","t":"19:10:37","h":"Sud","s":"25N-H56NV10I-80-I"},{"r":"12","t":"19:10:37","h":"Sud","s":"25N-H56NV20A-80-A"},{"r":"12","t":"19:10:37","h":"Sud","s":"25N-H56NV20I-80-I"},{"r":"12","t":"19:10:37","h":"Sud","s":"25S-H56S000A-80-A"},{"r":"12","t":"19:10:37","h":"Sud","s":"25S-H56S000I-80-I"},{"r":"12","t":"19:10:37","h":"Sud","s":"25S-H56S100F-80-F1"},{"r":"12","t":"19:10:37","h":"Sud","s":"25S-H56S200F-81-F2"},{"r":"12","t":"19:18:53","h":"Sud","s":"25N-H56N000S-80-S"},{"r":"12","t":"19:18:53","h":"Sud","s":"25N-H56NV10S-80-S"},{"r":"12","t":"19:18:53","h":"Sud","s":"25N-H56NV20S-80-S"},{"r":"12","t":"19:18:53","h":"Sud","s":"25S-H56S000S-80-S"},{"r":"12","t":"19:31:37","h":"Sud","s":"25N-H56N000A-80-A"},{"r":"12","t":"19:31:37","h":"Sud","s":"25N-H56NV10A-80-A"},{"r":"12","t":"19:31:37","h":"Sud","s":"25N-H56NV20A-80-A"},{"r":"12","t":"19:31:37","h":"Sud","s":"25S-H56S000A-80-A"},{"r":"12","t":"19:31:53","h":"Sud","s":"25N-H56N000I-80-I"},{"r":"12","t":"19:31:53","h":"Sud","s":"25N-H56N100F-80-F1"},{"r":"12","t":"19:31:53","h":"Sud","s":"25N-H56N200F-80-F2"},{"r":"12","t":"19:31:53","h":"Sud","s":"25N-H56N300F-80-F3"},{"r":"12","t":"19:31:53","h":"Sud","s":"25N-H56N400F-80-F4"},{"r":"12","t":"19:31:53","h":"Sud","s":"25N-H56NV10I-80-I"},{"r":"12","t":"19:31:53","h":"Sud","s":"25N-H56NV20I-80-I"},{"r":"12","t":"19:31:53","h":"Sud","s":"25S-H56S000I-80-I"},{"r":"12","t":"19:31:53","h":"Sud","s":"25S-H56S100F-80-F1"},{"r":"12","t":"19:31:53","h":"Sud","s":"25S-H56S200F-81-F2"},{"r":"12","t":"19:46:53","h":"Sud","s":"25N-H56N000S-80-S"},{"r":"12","t":"19:46:53","h":"Sud","s":"25N-H56NV10S-80-S"},{"r":"12","t":"19:46:53","h":"Sud","s":"25N-H56NV20S-80-S"},{"r":"12","t":"19:46:53","h":"Sud","s":"25S-H56S000S-80-S"},{"r":"12","t":"19:53:37","h":"Sud","s":"25N-H56N000A-80-A"},{"r":"12","t":"19:53:37","h":"Sud","s":"25N-H56NV10A-80-A"},{"r":"12","t":"19:53:37","h":"Sud","s":"25N-H56NV20A-80-A"},{"r":"12","t":"19:53:37","h":"Sud","s":"25S-H56S000A-80-A"},{"r":"12","t":"19:53:53","h":"Sud","s":"25N-H56N000I-80-I"},{"r":"12","t":"19:53:53","h":"Sud","s":"25N-H56N100F-80-F1"},{"r":"12","t":"19:53:53","h":"Sud","s":"25N-H56N200F-80-F2"},{"r":"12","t":"19:53:53","h":"Sud","s":"25N-H56N300F-80-F3"},{"r":"12","t":"19:53:53","h":"Sud","s":"25N-H56N400F-80-F4"},{"r":"12","t":"19:53:53","h":"Sud","s":"25N-H56NV10I-80-I"},{"r":"12","t":"19:53:53","h":"Sud","s":"25N-H56NV20I-80-I"},{"r":"12","t":"19:53:53","h":"Sud","s":"25S-H56S000I-80-I"},{"r":"12","t":"19:53:53","h":"Sud","s":"25S-H56S100F-80-F1"},{"r":"12","t":"19:53:53","h":"Sud","s":"25S-H56S200F-81-F2"},{"r":"12","t":"20:14:53","h":"Sud","s":"25N-H56N000S-80-S"},{"r":"12","t":"20:14:53","h":"Sud","s":"25N-H56NV10S-80-S"},{"r":"12","t":"20:14:53","h":"Sud","s":"25N-H56NV20S-80-S"},{"r":"12","t":"20:14:53","h":"Sud","s":"25S-H56S000S-80-S"},{"r":"12","t":"20:15:53","h":"Sud","s":"25N-H56N000I-80-I"},{"r":"12","t":"20:15:53","h":"Sud","s":"25N-H56N100F-80-F1"},{"r":"12","t":"20:15:53","h":"Sud","s":"25N-H56N200F-80-F2"},{"r":"12","t":"20:15:53","h":"Sud","s":"25N-H56N300F-80-F3"},{"r":"12","t":"20:15:53","h":"Sud","s":"25N-H56N400F-80-F4"},{"r":"12","t":"20:15:53","h":"Sud","s":"25N-H56NV10I-80-I"},{"r":"12","t":"20:15:53","h":"Sud","s":"25N-H56NV20I-80-I"},{"r":"12","t":"20:15:53","h":"Sud","s":"25S-H56S000I-80-I"},{"r":"12","t":"20:15:53","h":"Sud","s":"25S-H56S100F-80-F1"},{"r":"12","t":"20:15:53","h":"Sud","s":"25S-H56S200F-81-F2"},{"r":"12","t":"20:16:37","h":"Sud","s":"25N-H56N000A-80-A"},{"r":"12","t":"20:16:37","h":"Sud","s":"25N-H56NV10A-80-A"},{"r":"12","t":"20:16:37","h":"Sud","s":"25N-H56NV20A-80-A"},{"r":"12","t":"20:16:37","h":"Sud","s":"25S-H56S000A-80-A"},{"r":"12","t":"20:36:53","h":"Sud","s":"25N-H56N000I-80-I"},{"r":"12","t":"20:36:53","h":"Sud","s":"25N-H56N100F-80-F1"},{"r":"12","t":"20:36:53","h":"Sud","s":"25N-H56N200F-80-F2"},{"r":"12","t":"20:36:53","h":"Sud","s":"25N-H56N300F-80-F3"},{"r":"12","t":"20:36:53","h":"Sud","s":"25N-H56N400F-80-F4"},{"r":"12","t":"20:36:53","h":"Sud","s":"25N-H56NV10I-80-I"},{"r":"12","t":"20:36:53","h":"Sud","s":"25N-H56NV20I-80-I"},{"r":"12","t":"20:36:53","h":"Sud","s":"25S-H56S000I-80-I"},{"r":"12","t":"20:36:53","h":"Sud","s":"25S-H56S100F-80-F1"},{"r":"12","t":"20:36:53","h":"Sud","s":"25S-H56S200F-81-F2"},{"r":"12","t":"20:37:37","h":"Sud","s":"25N-H56N000A-80-A"},{"r":"12","t":"20:37:37","h":"Sud","s":"25N-H56NV10A-80-A"},{"r":"12","t":"20:37:37","h":"Sud","s":"25N-H56NV20A-80-A"},{"r":"12","t":"20:37:37","h":"Sud","s":"25S-H56S000A-80-A"},{"r":"12","t":"20:43:53","h":"Sud","s":"25N-H56N000S-80-S"},{"r":"12","t":"20:43:53","h":"Sud","s":"25N-H56NV10S-80-S"},{"r":"12","t":"20:43:53","h":"Sud","s":"25N-H56NV20S-80-S"},{"r":"12","t":"20:43:53","h":"Sud","s":"25S-H56S000S-80-S"},{"r":"12","t":"20:57:53","h":"Sud","s":"25N-H56N000I-80-I"},{"r":"12","t":"20:57:53","h":"Sud","s":"25N-H56N100F-80-F1"},{"r":"12","t":"20:57:53","h":"Sud","s":"25N-H56N200F-80-F2"},{"r":"12","t":"20:57:53","h":"Sud","s":"25N-H56N300F-80-F3"},{"r":"12","t":"20:57:53","h":"Sud","s":"25N-H56N400F-80-F4"},{"r":"12","t":"20:57:53","h":"Sud","s":"25N-H56NV10I-80-I"},{"r":"12","t":"20:57:53","h":"Sud","s":"25N-H56NV20I-80-I"},{"r":"12","t":"20:57:53","h":"Sud","s":"25S-H56S000I-80-I"},{"r":"12","t":"20:57:53","h":"Sud","s":"25S-H56S100F-80-F1"},{"r":"12","t":"20:57:53","h":"Sud","s":"25S-H56S200F-81-F2"},{"r":"12","t":"20:58:37","h":"Sud","s":"25N-H56N000A-80-A"},{"r":"12","t":"20:58:37","h":"Sud","s":"25N-H56NV10A-80-A"},{"r":"12","t":"20:58:37","h":"Sud","s":"25N-H56NV20A-80-A"},{"r":"12","t":"20:58:37","h":"Sud","s":"25S-H56S000A-80-A"},{"r":"12","t":"21:12:53","h":"Sud","s":"25N-H56N000S-80-S"},{"r":"12","t":"21:12:53","h":"Sud","s":"25N-H56NV10S-80-S"},{"r":"12","t":"21:12:53","h":"Sud","s":"25N-H56NV20S-80-S"},{"r":"12","t":"21:12:53","h":"Sud","s":"25S-H56S000S-80-S"},{"r":"12","t":"21:19:53","h":"Sud","s":"25N-H56N000I-80-I"},{"r":"12","t":"21:19:53","h":"Sud","s":"25N-H56N100F-80-F1"},{"r":"12","t":"21:19:53","h":"Sud","s":"25N-H56N200F-80-F2"},{"r":"12","t":"21:19:53","h":"Sud","s":"25N-H56N300F-80-F3"},{"r":"12","t":"21:19:53","h":"Sud","s":"25N-H56N400F-80-F4"},{"r":"12","t":"21:19:53","h":"Sud","s":"25N-H56NV10I-80-I"},{"r":"12","t":"21:19:53","h":"Sud","s":"25N-H56NV20I-80-I"},{"r":"12","t":"21:19:53","h":"Sud","s":"25S-H56S000I-80-I"},{"r":"12","t":"21:19:53","h":"Sud","s":"25S-H56S100F-80-F1"},{"r":"12","t":"21:19:53","h":"Sud","s":"25S-H56S200F-81-F2"},{"r":"12","t":"21:20:37","h":"Sud","s":"25N-H56N000A-80-A"},{"r":"12","t":"21:20:37","h":"Sud","s":"25N-H56NV10A-80-A"},{"r":"12","t":"21:20:37","h":"Sud","s":"25N-H56NV20A-80-A"},{"r":"12","t":"21:20:37","h":"Sud","s":"25S-H56S000A-80-A"},{"r":"12","t":"21:40:53","h":"Sud","s":"25N-H56N000I-80-I"},{"r":"12","t":"21:40:53","h":"Sud","s":"25N-H56N000S-80-S"},{"r":"12","t":"21:40:53","h":"Sud","s":"25N-H56N100F-80-F1"},{"r":"12","t":"21:40:53","h":"Sud","s":"25N-H56N200F-80-F2"},{"r":"12","t":"21:40:53","h":"Sud","s":"25N-H56N300F-80-F3"},{"r":"12","t":"21:40:53","h":"Sud","s":"25N-H56N400F-80-F4"},{"r":"12","t":"21:40:53","h":"Sud","s":"25N-H56NV10I-80-I"},{"r":"12","t":"21:40:53","h":"Sud","s":"25N-H56NV10S-80-S"},{"r":"12","t":"21:40:53","h":"Sud","s":"25N-H56NV20I-80-I"},{"r":"12","t":"21:40:53","h":"Sud","s":"25N-H56NV20S-80-S"},{"r":"12","t":"21:40:53","h":"Sud","s":"25S-H56S000I-80-I"},{"r":"12","t":"21:40:53","h":"Sud","s":"25S-H56S000S-80-S"},{"r":"12","t":"21:40:53","h":"Sud","s":"25S-H56S100F-80-F1"},{"r":"12","t":"21:40:53","h":"Sud","s":"25S-H56S200F-81-F2"},{"r":"12","t":"21:41:37","h":"Sud","s":"25N-H56N000A-80-A"},{"r":"12","t":"21:41:37","h":"Sud","s":"25N-H56NV10A-80-A"},{"r":"12","t":"21:41:37","h":"Sud","s":"25N-H56NV20A-80-A"},{"r":"12","t":"21:41:37","h":"Sud","s":"25S-H56S000A-80-A"},{"r":"12","t":"22:00:53","h":"Sud","s":"25N-H56N000I-80-I"},{"r":"12","t":"22:00:53","h":"Sud","s":"25N-H56N100F-80-F1"},{"r":"12","t":"22:00:53","h":"Sud","s":"25N-H56N200F-80-F2"},{"r":"12","t":"22:00:53","h":"Sud","s":"25N-H56N300F-80-F3"},{"r":"12","t":"22:00:53","h":"Sud","s":"25N-H56N400F-80-F4"},{"r":"12","t":"22:00:53","h":"Sud","s":"25N-H56NV10I-80-I"},{"r":"12","t":"22:00:53","h":"Sud","s":"25N-H56NV20I-80-I"},{"r":"12","t":"22:00:53","h":"Sud","s":"25S-H56S000I-80-I"},{"r":"12","t":"22:00:53","h":"Sud","s":"25S-H56S100F-80-F1"},{"r":"12","t":"22:00:53","h":"Sud","s":"25S-H56S200F-81-F2"},{"r":"12","t":"22:01:37","h":"Sud","s":"25N-H56N000A-80-A"},{"r":"12","t":"22:01:37","h":"Sud","s":"25N-H56NV10A-80-A"},{"r":"12","t":"22:01:37","h":"Sud","s":"25N-H56NV20A-80-A"},{"r":"12","t":"22:01:37","h":"Sud","s":"25S-H56S000A-80-A"},{"r":"12","t":"22:08:53","h":"Sud","s":"25N-H56N000S-80-S"},{"r":"12","t":"22:08:53","h":"Sud","s":"25N-H56NV10S-80-S"},{"r":"12","t":"22:08:53","h":"Sud","s":"25N-H56NV20S-80-S"},{"r":"12","t":"22:08:53","h":"Sud","s":"25S-H56S000S-80-S"},{"r":"12","t":"22:31:53","h":"Sud","s":"25N-H56N000I-80-I"},{"r":"12","t":"22:31:53","h":"Sud","s":"25N-H56N100F-80-F1"},{"r":"12","t":"22:31:53","h":"Sud","s":"25N-H56N200F-80-F2"},{"r":"12","t":"22:31:53","h":"Sud","s":"25N-H56N300F-80-F3"},{"r":"12","t":"22:31:53","h":"Sud","s":"25N-H56N400F-80-F4"},{"r":"12","t":"22:31:53","h":"Sud","s":"25N-H56NV10I-80-I"},{"r":"12","t":"22:31:53","h":"Sud","s":"25N-H56NV20I-80-I"},{"r":"12","t":"22:31:53","h":"Sud","s":"25S-H56S000I-80-I"},{"r":"12","t":"22:31:53","h":"Sud","s":"25S-H56S100F-80-F1"},{"r":"12","t":"22:31:53","h":"Sud","s":"25S-H56S200F-81-F2"},{"r":"12","t":"22:32:37","h":"Sud","s":"25N-H56N000A-80-A"},{"r":"12","t":"22:32:37","h":"Sud","s":"25N-H56NV10A-80-A"},{"r":"12","t":"22:32:37","h":"Sud","s":"25N-H56NV20A-80-A"},{"r":"12","t":"22:32:37","h":"Sud","s":"25S-H56S000A-80-A"},{"r":"12","t":"22:35:53","h":"Sud","s":"25N-H56N000S-80-S"},{"r":"12","t":"22:35:53","h":"Sud","s":"25N-H56NV10S-80-S"},{"r":"12","t":"22:35:53","h":"Sud","s":"25N-H56NV20S-80-S"},{"r":"12","t":"22:35:53","h":"Sud","s":"25S-H56S000S-80-S"},{"r":"12","t":"23:03:53","h":"Sud","s":"25N-H56N000I-80-I"},{"r":"12","t":"23:03:53","h":"Sud","s":"25N-H56N100F-80-F1"},{"r":"12","t":"23:03:53","h":"Sud","s":"25N-H56N200F-80-F2"},{"r":"12","t":"23:03:53","h":"Sud","s":"25N-H56N300F-80-F3"},{"r":"12","t":"23:03:53","h":"Sud","s":"25N-H56N400F-80-F4"},{"r":"12","t":"23:03:53","h":"Sud","s":"25N-H56NV10I-80-I"},{"r":"12","t":"23:03:53","h":"Sud","s":"25N-H56NV20I-80-I"},{"r":"12","t":"23:03:53","h":"Sud","s":"25S-H56S000I-80-I"},{"r":"12","t":"23:03:53","h":"Sud","s":"25S-H56S100F-80-F1"},{"r":"12","t":"23:03:53","h":"Sud","s":"25S-H56S200F-81-F2"},{"r":"12","t":"23:04:37","h":"Sud","s":"25N-H56N000A-80-A"},{"r":"12","t":"23:04:37","h":"Sud","s":"25N-H56NV10A-80-A"},{"r":"12","t":"23:04:37","h":"Sud","s":"25N-H56NV20A-80-A"},{"r":"12","t":"23:04:37","h":"Sud","s":"25S-H56S000A-80-A"},{"r":"12","t":"23:05:53","h":"Sud","s":"25N-H56N000S-80-S"},{"r":"12","t":"23:05:53","h":"Sud","s":"25N-H56NV10S-80-S"},{"r":"12","t":"23:05:53","h":"Sud","s":"25N-H56NV20S-80-S"},{"r":"12","t":"23:05:53","h":"Sud","s":"25S-H56S000S-80-S"},{"r":"12","t":"23:34:53","h":"Sud","s":"25N-H56N000I-80-I"},{"r":"12","t":"23:34:53","h":"Sud","s":"25N-H56N100F-80-F1"},{"r":"12","t":"23:34:53","h":"Sud","s":"25N-H56N200F-80-F2"},{"r":"12","t":"23:34:53","h":"Sud","s":"25N-H56N300F-80-F3"},{"r":"12","t":"23:34:53","h":"Sud","s":"25N-H56N400F-80-F4"},{"r":"12","t":"23:34:53","h":"Sud","s":"25N-H56NV10I-80-I"},{"r":"12","t":"23:34:53","h":"Sud","s":"25N-H56NV20I-80-I"},{"r":"12","t":"23:34:53","h":"Sud","s":"25S-H56S000I-80-I"},{"r":"12","t":"23:34:53","h":"Sud","s":"25S-H56S100F-80-F1"},{"r":"12","t":"23:34:53","h":"Sud","s":"25S-H56S200F-81-F2"},{"r":"12","t":"23:35:37","h":"Sud","s":"25N-H56N000A-80-A"},{"r":"12","t":"23:35:37","h":"Sud","s":"25N-H56NV10A-80-A"},{"r":"12","t":"23:35:37","h":"Sud","s":"25N-H56NV20A-80-A"},{"r":"12","t":"23:35:37","h":"Sud","s":"25S-H56S000A-80-A"},{"r":"12","t":"24:05:53","h":"Sud","s":"25N-H56N000I-80-I"},{"r":"12","t":"24:05:53","h":"Sud","s":"25N-H56N100F-80-F1"},{"r":"12","t":"24:05:53","h":"Sud","s":"25N-H56N200F-80-F2"},{"r":"12","t":"24:05:53","h":"Sud","s":"25N-H56N300F-80-F3"},{"r":"12","t":"24:05:53","h":"Sud","s":"25N-H56N400F-80-F4"},{"r":"12","t":"24:05:53","h":"Sud","s":"25N-H56NV10I-80-I"},{"r":"12","t":"24:05:53","h":"Sud","s":"25N-H56NV20I-80-I"},{"r":"12","t":"24:05:53","h":"Sud","s":"25S-H56S000I-80-I"},{"r":"12","t":"24:05:53","h":"Sud","s":"25S-H56S100F-80-F1"},{"r":"12","t":"24:05:53","h":"Sud","s":"25S-H56S200F-81-F2"},{"r":"12","t":"24:07:37","h":"Sud","s":"25N-H56N000A-80-A"},{"r":"12","t":"24:07:37","h":"Sud","s":"25N-H56NV10A-80-A"},{"r":"12","t":"24:07:37","h":"Sud","s":"25N-H56NV20A-80-A"},{"r":"12","t":"24:07:37","h":"Sud","s":"25S-H56S000A-80-A"}]