[{"r":"12","t":"05:41:10","h":"Nord","s":"25N-H56N000I-80-I"},{"r":"12","t":"05:41:10","h":"Nord","s":"25N-H56N100F-80-F1"},{"r":"12","t":"05:41:10","h":"Nord","s":"25N-H56N200F-80-F2"},{"r":"12","t":"05:41:10","h":"Nord","s":"25N-H56N300F-80-F3"},{"r":"12","t":"05:41:10","h":"Nord","s":"25N-H56N400F-80-F4"},{"r":"12","t":"05:41:10","h":"Nord","s":"25N-H56NV10I-80-I"},{"r":"12","t":"05:41:10","h":"Nord","s":"25N-H56NV20I-80-I"},{"r":"12","t":"05:41:10","h":"Nord","s":"25S-H56S000I-80-I"},{"r":"12","t":"05:41:10","h":"Nord","s":"25S-H56S100F-80-F1"},{"r":"12","t":"05:41:10","h":"Nord","s":"25S-H56S200F-81-F2"},{"r":"12","t":"05:42:10","h":"Nord","s":"25N-H56N000A-80-A"},{"r":"12","t":"05:42:10","h":"Nord","s":"25N-H56NV10A-80-A"},{"r":"12","t":"05:42:10","h":"Nord","s":"25N-H56NV20A-80-A"},{"r":"12","t":"05:42:10","h":"Nord","s":"25S-H56S000A-80-A"},{"r":"12","t":"05:52:10","h":"Nord","s":"25N-H56N000S-80-S"},{"r":"12","t":"05:52:10","h":"Nord","s":"25N-H56NV10S-80-S"},{"r":"12","t":"05:52:10","h":"Nord","s":"25N-H56NV20S-80-S"},{"r":"12","t":"05:52:10","h":"Nord","s":"25S-H56S000S-80-S"},{"r":"12","t":"06:15:10","h":"Nord","s":"25N-H56N000A-80-A"},{"r":"12","t":"06:15:10","h":"Nord","s":"25N-H56N000I-80-I"},{"r":"12","t":"06:15:10","h":"Nord","s":"25N-H56N100F-80-F1"},{"r":"12","t":"06:15:10","h":"Nord","s":"25N-H56N200F-80-F2"},{"r":"12","t":"06:15:10","h":"Nord","s":"25N-H56N300F-80-F3"},{"r":"12","t":"06:15:10","h":"Nord","s":"25N-H56N400F-80-F4"},{"r":"12","t":"06:15:10","h":"Nord","s":"25N-H56NV10A-80-A"},{"r":"12","t":"06:15:10","h":"Nord","s":"25N-H56NV10I-80-I"},{"r":"12","t":"06:15:10","h":"Nord","s":"25N-H56NV20A-80-A"},{"r":"12","t":"06:15:10","h":"Nord","s":"25N-H56NV20I-80-I"},{"r":"12","t":"06:15:10","h":"Nord","s":"25S-H56S000A-80-A"},{"r":"12","t":"06:15:10","h":"Nord","s":"25S-H56S000I-80-I"},{"r":"12","t":"06:15:10","h":"Nord","s":"25S-H56S100F-80-F1"},{"r":"12","t":"06:15:10","h":"Nord","s":"25S-H56S200F-81-F2"},{"r":"12","t":"06:24:10","h":"Nord","s":"25N-H56N000S-80-S"},{"r":"12","t":"06:24:10","h":"Nord","s":"25N-H56NV10S-80-S"},{"r":"12","t":"06:24:10","h":"Nord","s":"25N-H56NV20S-80-S"},{"r":"12","t":"06:24:10","h":"Nord","s":"25S-H56S000S-80-S"},{"r":"12","t":"06:48:10","h":"Nord","s":"25N-H56N000A-80-A"},{"r":"12","t":"06:48:10","h":"Nord","s":"25N-H56N000I-80-I"},{"r":"12","t":"06:48:10","h":"Nord","s":"25N-H56N100F-80-F1"},{"r":"12","t":"06:48:10","h":"Nord","s":"25N-H56N200F-80-F2"},{"r":"12","t":"06:48:10","h":"Nord","s":"25N-H56N300F-80-F3"},{"r":"12","t":"06:48:10","h":"Nord","s":"25N-H56N400F-80-F4"},{"r":"12","t":"06:48:10","h":"Nord","s":"25N-H56NV10A-80-A"},{"r":"12","t":"06:48:10","h":"Nord","s":"25N-H56NV10I-80-I"},{"r":"12","t":"06:48:10","h":"Nord","s":"25N-H56NV20A-80-A"},{"r":"12","t":"06:48:10","h":"Nord","s":"25N-H56NV20I-80-I"},{"r":"12","t":"06:48:10","h":"Nord","s":"25S-H56S000A-80-A"},{"r":"12","t":"06:48:10","h":"Nord","s":"25S-H56S000I-80-I"},{"r":"12","t":"06:48:10","h":"Nord","s":"25S-H56S100F-80-F1"},{"r":"12","t":"06:48:10","h":"Nord","s":"25S-H56S200F-81-F2"},{"r":"12","t":"06:54:10","h":"Nord","s":"25N-H59N000S-80-S"},{"r":"12","t":"06:54:10","h":"Nord","s":"25N-H59NV10S-84-S"},{"r":"12","t":"06:54:10","h":"Nord","s":"25N-H59NV20S-80-S"},{"r":"12","t":"06:54:10","h":"Nord","s":"25S-H59S000S-81-S"},{"r":"12","t":"07:12:03","h":"Nord","s":"25N-H56N000S-80-S"},{"r":"12","t":"07:12:03","h":"Nord","s":"25N-H56NV10S-80-S"},{"r":"12","t":"07:12:03","h":"Nord","s":"25N-H56NV20S-80-S"},{"r":"12","t":"07:12:03","h":"Nord","s":"25S-H56S000S-80-S"},{"r":"12","t":"07:20:10","h":"Nord","s":"25N-H56N000A-80-A"},{"r":"12","t":"07:20:10","h":"Nord","s":"25N-H56N000I-80-I"},{"r":"12","t":"07:20:10","h":"Nord","s":"25N-H56N100F-80-F1"},{"r":"12","t":"07:20:10","h":"Nord","s":"25N-H56N200F-80-F2"},{"r":"12","t":"07:20:10","h":"Nord","s":"25N-H56N300F-80-F3"},{"r":"12","t":"07:20:10","h":"Nord","s":"25N-H56N400F-80-F4"},{"r":"12","t":"07:20:10","h":"Nord","s":"25N-H56NV10A-80-A"},{"r":"12","t":"07:20:10","h":"Nord","s":"25N-H56NV10I-80-I"},{"r":"12","t":"07:20:10","h":"Nord","s":"25N-H56NV20A-80-A"},{"r":"12","t":"07:20:10","h":"Nord","s":"25N-H56NV20I-80-I"},{"r":"12","t":"07:20:10","h":"Nord","s":"25S-H56S000A-80-A"},{"r":"12","t":"07:20:10","h":"Nord","s":"25S-H56S000I-80-I"},{"r":"12","t":"07:20:10","h":"Nord","s":"25S-H56S100F-80-F1"},{"r":"12","t":"07:20:10","h":"Nord","s":"25S-H56S200F-81-F2"},{"r":"12","t":"07:31:03","h":"Nord","s":"25N-H56N000S-80-S"},{"r":"12","t":"07:31:03","h":"Nord","s":"25N-H56NV10S-80-S"},{"r":"12","t":"07:31:03","h":"Nord","s":"25N-H56NV20S-80-S"},{"r":"12","t":"07:31:03","h":"Nord","s":"25S-H56S000S-80-S"},{"r":"12","t":"07:50:56","h":"Nord","s":"25N-H56N000S-80-S"},{"r":"12","t":"07:50:56","h":"Nord","s":"25N-H56NV10S-80-S"},{"r":"12","t":"07:50:56","h":"Nord","s":"25N-H56NV20S-80-S"},{"r":"12","t":"07:50:56","h":"Nord","s":"25S-H56S000S-80-S"},{"r":"12","t":"07:52:10","h":"Nord","s":"25N-H56N000A-80-A"},{"r":"12","t":"07:52:10","h":"Nord","s":"25N-H56N000I-80-I"},{"r":"12","t":"07:52:10","h":"Nord","s":"25N-H56N100F-80-F1"},{"r":"12","t":"07:52:10","h":"Nord","s":"25N-H56N200F-80-F2"},{"r":"12","t":"07:52:10","h":"Nord","s":"25N-H56N300F-80-F3"},{"r":"12","t":"07:52:10","h":"Nord","s":"25N-H56N400F-80-F4"},{"r":"12","t":"07:52:10","h":"Nord","s":"25N-H56NV10A-80-A"},{"r":"12","t":"07:52:10","h":"Nord","s":"25N-H56NV10I-80-I"},{"r":"12","t":"07:52:10","h":"Nord","s":"25N-H56NV20A-80-A"},{"r":"12","t":"07:52:10","h":"Nord","s":"25N-H56NV20I-80-I"},{"r":"12","t":"07:52:10","h":"Nord","s":"25S-H56S000A-80-A"},{"r":"12","t":"07:52:10","h":"Nord","s":"25S-H56S000I-80-I"},{"r":"12","t":"07:52:10","h":"Nord","s":"25S-H56S100F-80-F1"},{"r":"12","t":"07:52:10","h":"Nord","s":"25S-H56S200F-81-F2"},{"r":"12","t":"08:07:56","h":"Nord","s":"25N-H56N000S-80-S"},{"r":"12","t":"08:07:56","h":"Nord","s":"25N-H56NV10S-80-S"},{"r":"12","t":"08:07:56","h":"Nord","s":"25N-H56NV20S-80-S"},{"r":"12","t":"08:07:56","h":"Nord","s":"25S-H56S000S-80-S"},{"r":"12","t":"08:24:10","h":"Nord","s":"25N-H56N000A-80-A"},{"r":"12","t":"08:24:10","h":"Nord","s":"25N-H56N000I-80-I"},{"r":"12","t":"08:24:10","h":"Nord","s":"25N-H56N100F-80-F1"},{"r":"12","t":"08:24:10","h":"Nord","s":"25N-H56N200F-80-F2"},{"r":"12","t":"08:24:10","h":"Nord","s":"25N-H56N300F-80-F3"},{"r":"12","t":"08:24:10","h":"Nord","s":"25N-H56N400F-80-F4"},{"r":"12","t":"08:24:10","h":"Nord","s":"25N-H56NV10A-80-A"},{"r":"12","t":"08:24:10","h":"Nord","s":"25N-H56NV10I-80-I"},{"r":"12","t":"08:24:10","h":"Nord","s":"25N-H56NV20A-80-A"},{"r":"12","t":"08:24:10","h":"Nord","s":"25N-H56NV20I-80-I"},{"r":"12","t":"08:24:10","h":"Nord","s":"25S-H56S000A-80-A"},{"r":"12","t":"08:24:10","h":"Nord","s":"25S-H56S000I-80-I"},{"r":"12","t":"08:24:10","h":"Nord","s":"25S-H56S100F-80-F1"},{"r":"12","t":"08:24:10","h":"Nord","s":"25S-H56S200F-81-F2"},{"r":"12","t":"08:24:56","h":"Nord","s":"25N-H59N000S-80-S"},{"r":"12","t":"08:24:56","h":"Nord","s":"25N-H59NV10S-84-S"},{"r":"12","t":"08:24:56","h":"Nord","s":"25N-H59NV20S-80-S"},{"r":"12","t":"08:24:56","h":"Nord","s":"25S-H59S000S-81-S"},{"r":"12","t":"08:26:56","h":"Nord","s":"25N-H56N000S-80-S"},{"r":"12","t":"08:26:56","h":"Nord","s":"25N-H56NV10S-80-S"},{"r":"12","t":"08:26:56","h":"Nord","s":"25N-H56NV20S-80-S"},{"r":"12","t":"08:26:56","h":"Nord","s":"25S-H56S000S-80-S"},{"r":"12","t":"08:28:56","h":"Nord","s":"25N-H56N000S-80-S"},{"r":"12","t":"08:28:56","h":"Nord","s":"25N-H56NV10S-80-S"},{"r":"12","t":"08:28:56","h":"Nord","s":"25N-H56NV20S-80-S"},{"r":"12","t":"08:28:56","h":"Nord","s":"25S-H56S000S-80-S"},{"r":"12","t":"08:47:56","h":"Nord","s":"25N-H56N000S-80-S"},{"r":"12","t":"08:47:56","h":"Nord","s":"25N-H56NV10S-80-S"},{"r":"12","t":"08:47:56","h":"Nord","s":"25N-H56NV20S-80-S"},{"r":"12","t":"08:47:56","h":"Nord","s":"25S-H56S000S-80-S"},{"r":"12","t":"08:56:10","h":"Nord","s":"25N-H56N000I-80-I"},{"r":"12","t":"08:56:10","h":"Nord","s":"25N-H56N100F-80-F1"},{"r":"12","t":"08:56:10","h":"Nord","s":"25N-H56N200F-80-F2"},{"r":"12","t":"08:56:10","h":"Nord","s":"25N-H56N300F-80-F3"},{"r":"12","t":"08:56:10","h":"Nord","s":"25N-H56N400F-80-F4"},{"r":"12","t":"08:56:10","h":"Nord","s":"25N-H56NV10I-80-I"},{"r":"12","t":"08:56:10","h":"Nord","s":"25N-H56NV20I-80-I"},{"r":"12","t":"08:56:10","h":"Nord","s":"25S-H56S000I-80-I"},{"r":"12","t":"08:56:10","h":"Nord","s":"25S-H56S100F-80-F1"},{"r":"12","t":"08:56:10","h":"Nord","s":"25S-H56S200F-81-F2"},{"r":"12","t":"08:58:03","h":"Nord","s":"25N-H56N000A-80-A"},{"r":"12","t":"08:58:03","h":"Nord","s":"25N-H56NV10A-80-A"},{"r":"12","t":"08:58:03","h":"Nord","s":"25N-H56NV20A-80-A"},{"r":"12","t":"08:58:03","h":"Nord","s":"25S-H56S000A-80-A"},{"r":"12","t":"09:15:56","h":"Nord","s":"25N-H56N000S-80-S"},{"r":"12","t":"09:15:56","h":"Nord","s":"25N-H56NV10S-80-S"},{"r":"12","t":"09:15:56","h":"Nord","s":"25N-H56NV20S-80-S"},{"r":"12","t":"09:15:56","h":"Nord","s":"25S-H56S000S-80-S"},{"r":"12","t":"09:28:10","h":"Nord","s":"25N-H56N000I-80-I"},{"r":"12","t":"09:28:10","h":"Nord","s":"25N-H56N100F-80-F1"},{"r":"12","t":"09:28:10","h":"Nord","s":"25N-H56N200F-80-F2"},{"r":"12","t":"09:28:10","h":"Nord","s":"25N-H56N300F-80-F3"},{"r":"12","t":"09:28:10","h":"Nord","s":"25N-H56N400F-80-F4"},{"r":"12","t":"09:28:10","h":"Nord","s":"25N-H56NV10I-80-I"},{"r":"12","t":"09:28:10","h":"Nord","s":"25N-H56NV20I-80-I"},{"r":"12","t":"09:28:10","h":"Nord","s":"25S-H56S000I-80-I"},{"r":"12","t":"09:28:10","h":"Nord","s":"25S-H56S100F-80-F1"},{"r":"12","t":"09:28:10","h":"Nord","s":"25S-H56S200F-81-F2"},{"r":"12","t":"09:30:56","h":"Nord","s":"25N-H56N000A-80-A"},{"r":"12","t":"09:30:56","h":"Nord","s":"25N-H56NV10A-80-A"},{"r":"12","t":"09:30:56","h":"Nord","s":"25N-H56NV20A-80-A"},{"r":"12","t":"09:30:56","h":"Nord","s":"25S-H56S000A-80-A"},{"r":"12","t":"09:43:56","h":"Nord","s":"25N-H56N000S-80-S"},{"r":"12","t":"09:43:56","h":"Nord","s":"25N-H56NV10S-80-S"},{"r":"12","t":"09:43:56","h":"Nord","s":"25N-H56NV20S-80-S"},{"r":"12","t":"09:43:56","h":"Nord","s":"25S-H56S000S-80-S"},{"r":"12","t":"10:02:03","h":"Nord","s":"25N-H56N000I-80-I"},{"r":"12","t":"10:02:03","h":"Nord","s":"25N-H56N100F-80-F1"},{"r":"12","t":"10:02:03","h":"Nord","s":"25N-H56N200F-80-F2"},{"r":"12","t":"10:02:03","h":"Nord","s":"25N-H56N300F-80-F3"},{"r":"12","t":"10:02:03","h":"Nord","s":"25N-H56N400F-80-F4"},{"r":"12","t":"10:02:03","h":"Nord","s":"25N-H56NV10I-80-I"},{"r":"12","t":"10:02:03","h":"Nord","s":"25N-H56NV20I-80-I"},{"r":"12","t":"10:02:03","h":"Nord","s":"25S-H56S000I-80-I"},{"r":"12","t":"10:02:03","h":"Nord","s":"25S-H56S100F-80-F1"},{"r":"12","t":"10:02:03","h":"Nord","s":"25S-H56S200F-81-F2"},{"r":"12","t":"10:02:56","h":"Nord","s":"25N-H56N000A-80-A"},{"r":"12","t":"10:02:56","h":"Nord","s":"25N-H56NV10A-80-A"},{"r":"12","t":"10:02:56","h":"Nord","s":"25N-H56NV20A-80-A"},{"r":"12","t":"10:02:56","h":"Nord","s":"25S-H56S000A-80-A"},{"r":"12","t":"10:13:56","h":"Nord","s":"25N-H56N000S-80-S"},{"r":"12","t":"10:13:56","h":"Nord","s":"25N-H56NV10S-80-S"},{"r":"12","t":"10:13:56","h":"Nord","s":"25N-H56NV20S-80-S"},{"r":"12","t":"10:13:56","h":"Nord","s":"25S-H56S000S-80-S"},{"r":"12","t":"10:24:03","h":"Nord","s":"25N-H56N000I-80-I"},{"r":"12","t":"10:24:03","h":"Nord","s":"25N-H56N100F-80-F1"},{"r":"12","t":"10:24:03","h":"Nord","s":"25N-H56N200F-80-F2"},{"r":"12","t":"10:24:03","h":"Nord","s":"25N-H56N300F-80-F3"},{"r":"12","t":"10:24:03","h":"Nord","s":"25N-H56N400F-80-F4"},{"r":"12","t":"10:24:03","h":"Nord","s":"25N-H56NV10I-80-I"},{"r":"12","t":"10:24:03","h":"Nord","s":"25N-H56NV20I-80-I"},{"r":"12","t":"10:24:03","h":"Nord","s":"25S-H56S000I-80-I"},{"r":"12","t":"10:24:03","h":"Nord","s":"25S-H56S100F-80-F1"},{"r":"12","t":"10:24:03","h":"Nord","s":"25S-H56S200F-81-F2"},{"r":"12","t":"10:24:56","h":"Nord","s":"25N-H56N000A-80-A"},{"r":"12","t":"10:24:56","h":"Nord","s":"25N-H56NV10A-80-A"},{"r":"12","t":"10:24:56","h":"Nord","s":"25N-H56NV20A-80-A"},{"r":"12","t":"10:24:56","h":"Nord","s":"25S-H56S000A-80-A"},{"r":"12","t":"10:43:56","h":"Nord","s":"25N-H56N000S-80-S"},{"r":"12","t":"10:43:56","h":"Nord","s":"25N-H56NV10S-80-S"},{"r":"12","t":"10:43:56","h":"Nord","s":"25N-H56NV20S-80-S"},{"r":"12","t":"10:43:56","h":"Nord","s":"25S-H56S000S-80-S"},{"r":"12","t":"10:46:03","h":"Nord","s":"25N-H56N000I-80-I"},{"r":"12","t":"10:46:03","h":"Nord","s":"25N-H56N100F-80-F1"},{"r":"12","t":"10:46:03","h":"Nord","s":"25N-H56N200F-80-F2"},{"r":"12","t":"10:46:03","h":"Nord","s":"25N-H56N300F-80-F3"},{"r":"12","t":"10:46:03","h":"Nord","s":"25N-H56N400F-80-F4"},{"r":"12","t":"10:46:03","h":"Nord","s":"25N-H56NV10I-80-I"},{"r":"12","t":"10:46:03","h":"Nord","s":"25N-H56NV20I-80-I"},{"r":"12","t":"10:46:03","h":"Nord","s":"25S-H56S000I-80-I"},{"r":"12","t":"10:46:03","h":"Nord","s":"25S-H56S100F-80-F1"},{"r":"12","t":"10:46:03","h":"Nord","s":"25S-H56S200F-81-F2"},{"r":"12","t":"10:46:56","h":"Nord","s":"25N-H56N000A-80-A"},{"r":"12","t":"10:46:56","h":"Nord","s":"25N-H56NV10A-80-A"},{"r":"12","t":"10:46:56","h":"Nord","s":"25N-H56NV20A-80-A"},{"r":"12","t":"10:46:56","h":"Nord","s":"25S-H56S000A-80-A"},{"r":"12","t":"11:08:03","h":"Nord","s":"25N-H56N000I-80-I"},{"r":"12","t":"11:08:03","h":"Nord","s":"25N-H56N100F-80-F1"},{"r":"12","t":"11:08:03","h":"Nord","s":"25N-H56N200F-80-F2"},{"r":"12","t":"11:08:03","h":"Nord","s":"25N-H56N300F-80-F3"},{"r":"12","t":"11:08:03","h":"Nord","s":"25N-H56N400F-80-F4"},{"r":"12","t":"11:08:03","h":"Nord","s":"25N-H56NV10I-80-I"},{"r":"12","t":"11:08:03","h":"Nord","s":"25N-H56NV20I-80-I"},{"r":"12","t":"11:08:03","h":"Nord","s":"25S-H56S000I-80-I"},{"r":"12","t":"11:08:03","h":"Nord","s":"25S-H56S100F-80-F1"},{"r":"12","t":"11:08:03","h":"Nord","s":"25S-H56S200F-81-F2"},{"r":"12","t":"11:08:56","h":"Nord","s":"25N-H56N000A-80-A"},{"r":"12","t":"11:08:56","h":"Nord","s":"25N-H56NV10A-80-A"},{"r":"12","t":"11:08:56","h":"Nord","s":"25N-H56NV20A-80-A"},{"r":"12","t":"11:08:56","h":"Nord","s":"25S-H56S000A-80-A"},{"r":"12","t":"11:13:56","h":"Nord","s":"25N-H56N000S-80-S"},{"r":"12","t":"11:13:56","h":"Nord","s":"25N-H56NV10S-80-S"},{"r":"12","t":"11:13:56","h":"Nord","s":"25N-H56NV20S-80-S"},{"r":"12","t":"11:13:56","h":"Nord","s":"25S-H56S000S-80-S"},{"r":"12","t":"11:30:03","h":"Nord","s":"25N-H56N000I-80-I"},{"r":"12","t":"11:30:03","h":"Nord","s":"25N-H56N100F-80-F1"},{"r":"12","t":"11:30:03","h":"Nord","s":"25N-H56N200F-80-F2"},{"r":"12","t":"11:30:03","h":"Nord","s":"25N-H56N300F-80-F3"},{"r":"12","t":"11:30:03","h":"Nord","s":"25N-H56N400F-80-F4"},{"r":"12","t":"11:30:03","h":"Nord","s":"25N-H56NV10I-80-I"},{"r":"12","t":"11:30:03","h":"Nord","s":"25N-H56NV20I-80-I"},{"r":"12","t":"11:30:03","h":"Nord","s":"25S-H56S000I-80-I"},{"r":"12","t":"11:30:03","h":"Nord","s":"25S-H56S100F-80-F1"},{"r":"12","t":"11:30:03","h":"Nord","s":"25S-H56S200F-81-F2"},{"r":"12","t":"11:30:56","h":"Nord","s":"25N-H56N000A-80-A"},{"r":"12","t":"11:30:56","h":"Nord","s":"25N-H56NV10A-80-A"},{"r":"12","t":"11:30:56","h":"Nord","s":"25N-H56NV20A-80-A"},{"r":"12","t":"11:30:56","h":"Nord","s":"25S-H56S000A-80-A"},{"r":"12","t":"11:42:56","h":"Nord","s":"25N-H56N000S-80-S"},{"r":"12","t":"11:42:56","h":"Nord","s":"25N-H56NV10S-80-S"},{"r":"12","t":"11:42:56","h":"Nord","s":"25N-H56NV20S-80-S"},{"r":"12","t":"11:42:56","h":"Nord","s":"25S-H56S000S-80-S"},{"r":"12","t":"11:54:03","h":"Nord","s":"25N-H56N000I-80-I"},{"r":"12","t":"11:54:03","h":"Nord","s":"25N-H56N100F-80-F1"},{"r":"12","t":"11:54:03","h":"Nord","s":"25N-H56N200F-80-F2"},{"r":"12","t":"11:54:03","h":"Nord","s":"25N-H56N300F-80-F3"},{"r":"12","t":"11:54:03","h":"Nord","s":"25N-H56N400F-80-F4"},{"r":"12","t":"11:54:03","h":"Nord","s":"25N-H56NV10I-80-I"},{"r":"12","t":"11:54:03","h":"Nord","s":"25N-H56NV20I-80-I"},{"r":"12","t":"11:54:03","h":"Nord","s":"25S-H56S000I-80-I"},{"r":"12","t":"11:54:03","h":"Nord","s":"25S-H56S100F-80-F1"},{"r":"12","t":"11:54:03","h":"Nord","s":"25S-H56S200F-81-F2"},{"r":"12","t":"11:54:56","h":"Nord","s":"25N-H56N000A-80-A"},{"r":"12","t":"11:54:56","h":"Nord","s":"25N-H56NV10A-80-A"},{"r":"12","t":"11:54:56","h":"Nord","s":"25N-H56NV20A-80-A"},{"r":"12","t":"11:54:56","h":"Nord","s":"25S-H56S000A-80-A"},{"r":"12","t":"12:11:56","h":"Nord","s":"25N-H56N000S-80-S"},{"r":"12","t":"12:11:56","h":"Nord","s":"25N-H56NV10S-80-S"},{"r":"12","t":"12:11:56","h":"Nord","s":"25N-H56NV20S-80-S"},{"r":"12","t":"12:11:56","h":"Nord","s":"25S-H56S000S-80-S"},{"r":"12","t":"12:17:03","h":"Nord","s":"25N-H56N000I-80-I"},{"r":"12","t":"12:17:03","h":"Nord","s":"25N-H56N100F-80-F1"},{"r":"12","t":"12:17:03","h":"Nord","s":"25N-H56N200F-80-F2"},{"r":"12","t":"12:17:03","h":"Nord","s":"25N-H56N300F-80-F3"},{"r":"12","t":"12:17:03","h":"Nord","s":"25N-H56N400F-80-F4"},{"r":"12","t":"12:17:03","h":"Nord","s":"25N-H56NV10I-80-I"},{"r":"12","t":"12:17:03","h":"Nord","s":"25N-H56NV20I-80-I"},{"r":"12","t":"12:17:03","h":"Nord","s":"25S-H56S000I-80-I"},{"r":"12","t":"12:17:03","h":"Nord","s":"25S-H56S100F-80-F1"},{"r":"12","t":"12:17:03","h":"Nord","s":"25S-H56S200F-81-F2"},{"r":"12","t":"12:17:56","h":"Nord","s":"25N-H56N000A-80-A"},{"r":"12","t":"12:17:56","h":"Nord","s":"25N-H56NV10A-80-A"},{"r":"12","t":"12:17:56","h":"Nord","s":"25N-H56NV20A-80-A"},{"r":"12","t":"12:17:56","h":"Nord","s":"25S-H56S000A-80-A"},{"r":"12","t":"12:39:03","h":"Nord","s":"25N-H56N000I-80-I"},{"r":"12","t":"12:39:03","h":"Nord","s":"25N-H56N100F-80-F1"},{"r":"12","t":"12:39:03","h":"Nord","s":"25N-H56N200F-80-F2"},{"r":"12","t":"12:39:03","h":"Nord","s":"25N-H56N300F-80-F3"},{"r":"12","t":"12:39:03","h":"Nord","s":"25N-H56N400F-80-F4"},{"r":"12","t":"12:39:03","h":"Nord","s":"25N-H56NV10I-80-I"},{"r":"12","t":"12:39:03","h":"Nord","s":"25N-H56NV20I-80-I"},{"r":"12","t":"12:39:03","h":"Nord","s":"25S-H56S000I-80-I"},{"r":"12","t":"12:39:03","h":"Nord","s":"25S-H56S100F-80-F1"},{"r":"12","t":"12:39:03","h":"Nord","s":"25S-H56S200F-81-F2"},{"r":"12","t":"12:39:56","h":"Nord","s":"25N-H56N000A-80-A"},{"r":"12","t":"12:39:56","h":"Nord","s":"25N-H56NV10A-80-A"},{"r":"12","t":"12:39:56","h":"Nord","s":"25N-H56NV20A-80-A"},{"r":"12","t":"12:39:56","h":"Nord","s":"25S-H56S000A-80-A"},{"r":"12","t":"12:40:56","h":"Nord","s":"25N-H56N000S-80-S"},{"r":"12","t":"12:40:56","h":"Nord","s":"25N-H56NV10S-80-S"},{"r":"12","t":"12:40:56","h":"Nord","s":"25N-H56NV20S-80-S"},{"r":"12","t":"12:40:56","h":"Nord","s":"25S-H56S000S-80-S"},{"r":"12","t":"13:03:03","h":"Nord","s":"25N-H56N000I-80-I"},{"r":"12","t":"13:03:03","h":"Nord","s":"25N-H56N100F-80-F1"},{"r":"12","t":"13:03:03","h":"Nord","s":"25N-H56N200F-80-F2"},{"r":"12","t":"13:03:03","h":"Nord","s":"25N-H56N300F-80-F3"},{"r":"12","t":"13:03:03","h":"Nord","s":"25N-H56N400F-80-F4"},{"r":"12","t":"13:03:03","h":"Nord","s":"25N-H56NV10I-80-I"},{"r":"12","t":"13:03:03","h":"Nord","s":"25N-H56NV20I-80-I"},{"r":"12","t":"13:03:03","h":"Nord","s":"25S-H56S000I-80-I"},{"r":"12","t":"13:03:03","h":"Nord","s":"25S-H56S100F-80-F1"},{"r":"12","t":"13:03:03","h":"Nord","s":"25S-H56S200F-81-F2"},{"r":"12","t":"13:03:56","h":"Nord","s":"25N-H56N000A-80-A"},{"r":"12","t":"13:03:56","h":"Nord","s":"25N-H56NV10A-80-A"},{"r":"12","t":"13:03:56","h":"Nord","s":"25N-H56NV20A-80-A"},{"r":"12","t":"13:03:56","h":"Nord","s":"25S-H56S000A-80-A"},{"r":"12","t":"13:09:56","h":"Nord","s":"25N-H56N000S-80-S"},{"r":"12","t":"13:09:56","h":"Nord","s":"25N-H56NV10S-80-S"},{"r":"12","t":"13:09:56","h":"Nord","s":"25N-H56NV20S-80-S"},{"r":"12","t":"13:09:56","h":"Nord","s":"25S-H56S000S-80-S"},{"r":"12","t":"13:28:03","h":"Nord","s":"25N-H56N000I-80-I"},{"r":"12","t":"13:28:03","h":"Nord","s":"25N-H56N100F-80-F1"},{"r":"12","t":"13:28:03","h":"Nord","s":"25N-H56N200F-80-F2"},{"r":"12","t":"13:28:03","h":"Nord","s":"25N-H56N300F-80-F3"},{"r":"12","t":"13:28:03","h":"Nord","s":"25N-H56N400F-80-F4"},{"r":"12","t":"13:28:03","h":"Nord","s":"25N-H56NV10I-80-I"},{"r":"12","t":"13:28:03","h":"Nord","s":"25N-H56NV20I-80-I"},{"r":"12","t":"13:28:03","h":"Nord","s":"25S-H56S000I-80-I"},{"r":"12","t":"13:28:03","h":"Nord","s":"25S-H56S100F-80-F1"},{"r":"12","t":"13:28:03","h":"Nord","s":"25S-H56S200F-81-F2"},{"r":"12","t":"13:28:56","h":"Nord","s":"25N-H56N000A-80-A"},{"r":"12","t":"13:28:56","h":"Nord","s":"25N-H56NV10A-80-A"},{"r":"12","t":"13:28:56","h":"Nord","s":"25N-H56NV20A-80-A"},{"r":"12","t":"13:28:56","h":"Nord","s":"25S-H56S000A-80-A"},{"r":"12","t":"13:38:56","h":"Nord","s":"25N-H56N000S-80-S"},{"r":"12","t":"13:38:56","h":"Nord","s":"25N-H56NV10S-80-S"},{"r":"12","t":"13:38:56","h":"Nord","s":"25N-H56NV20S-80-S"},{"r":"12","t":"13:38:56","h":"Nord","s":"25S-H56S000S-80-S"},{"r":"12","t":"13:51:03","h":"Nord","s":"25N-H56N000I-80-I"},{"r":"12","t":"13:51:03","h":"Nord","s":"25N-H56N100F-80-F1"},{"r":"12","t":"13:51:03","h":"Nord","s":"25N-H56N200F-80-F2"},{"r":"12","t":"13:51:03","h":"Nord","s":"25N-H56N300F-80-F3"},{"r":"12","t":"13:51:03","h":"Nord","s":"25N-H56N400F-80-F4"},{"r":"12","t":"13:51:03","h":"Nord","s":"25N-H56NV10I-80-I"},{"r":"12","t":"13:51:03","h":"Nord","s":"25N-H56NV20I-80-I"},{"r":"12","t":"13:51:03","h":"Nord","s":"25S-H56S000I-80-I"},{"r":"12","t":"13:51:03","h":"Nord","s":"25S-H56S100F-80-F1"},{"r":"12","t":"13:51:03","h":"Nord","s":"25S-H56S200F-81-F2"},{"r":"12","t":"13:51:56","h":"Nord","s":"25N-H56N000A-80-A"},{"r":"12","t":"13:51:56","h":"Nord","s":"25N-H56NV10A-80-A"},{"r":"12","t":"13:51:56","h":"Nord","s":"25N-H56NV20A-80-A"},{"r":"12","t":"13:51:56","h":"Nord","s":"25S-H56S000A-80-A"},{"r":"12","t":"14:07:56","h":"Nord","s":"25N-H56N000S-80-S"},{"r":"12","t":"14:07:56","h":"Nord","s":"25N-H56NV10S-80-S"},{"r":"12","t":"14:07:56","h":"Nord","s":"25N-H56NV20S-80-S"},{"r":"12","t":"14:07:56","h":"Nord","s":"25S-H56S000S-80-S"},{"r":"12","t":"14:15:03","h":"Nord","s":"25N-H56N000I-80-I"},{"r":"12","t":"14:15:03","h":"Nord","s":"25N-H56N100F-80-F1"},{"r":"12","t":"14:15:03","h":"Nord","s":"25N-H56N200F-80-F2"},{"r":"12","t":"14:15:03","h":"Nord","s":"25N-H56N300F-80-F3"},{"r":"12","t":"14:15:03","h":"Nord","s":"25N-H56N400F-80-F4"},{"r":"12","t":"14:15:03","h":"Nord","s":"25N-H56NV10I-80-I"},{"r":"12","t":"14:15:03","h":"Nord","s":"25N-H56NV20I-80-I"},{"r":"12","t":"14:15:03","h":"Nord","s":"25S-H56S000I-80-I"},{"r":"12","t":"14:15:03","h":"Nord","s":"25S-H56S100F-80-F1"},{"r":"12","t":"14:15:03","h":"Nord","s":"25S-H56S200F-81-F2"},{"r":"12","t":"14:15:56","h":"Nord","s":"25N-H56N000A-80-A"},{"r":"12","t":"14:15:56","h":"Nord","s":"25N-H56NV10A-80-A"},{"r":"12","t":"14:15:56","h":"Nord","s":"25N-H56NV20A-80-A"},{"r":"12","t":"14:15:56","h":"Nord","s":"25S-H56S000A-80-A"},{"r":"12","t":"14:37:56","h":"Nord","s":"25N-H56N000S-80-S"},{"r":"12","t":"14:37:56","h":"Nord","s":"25N-H56NV10S-80-S"},{"r":"12","t":"14:37:56","h":"Nord","s":"25N-H56NV20S-80-S"},{"r":"12","t":"14:37:56","h":"Nord","s":"25S-H56S000S-80-S"},{"r":"12","t":"14:40:03","h":"Nord","s":"25N-H56N000I-80-I"},{"r":"12","t":"14:40:03","h":"Nord","s":"25N-H56N100F-80-F1"},{"r":"12","t":"14:40:03","h":"Nord","s":"25N-H56N200F-80-F2"},{"r":"12","t":"14:40:03","h":"Nord","s":"25N-H56N300F-80-F3"},{"r":"12","t":"14:40:03","h":"Nord","s":"25N-H56N400F-80-F4"},{"r":"12","t":"14:40:03","h":"Nord","s":"25N-H56NV10I-80-I"},{"r":"12","t":"14:40:03","h":"Nord","s":"25N-H56NV20I-80-I"},{"r":"12","t":"14:40:03","h":"Nord","s":"25S-H56S000I-80-I"},{"r":"12","t":"14:40:03","h":"Nord","s":"25S-H56S100F-80-F1"},{"r":"12","t":"14:40:03","h":"Nord","s":"25S-H56S200F-81-F2"},{"r":"12","t":"14:40:56","h":"Nord","s":"25N-H56N000A-80-A"},{"r":"12","t":"14:40:56","h":"Nord","s":"25N-H56NV10A-80-A"},{"r":"12","t":"14:40:56","h":"Nord","s":"25N-H56NV20A-80-A"},{"r":"12","t":"14:40:56","h":"Nord","s":"25S-H56S000A-80-A"},{"r":"12","t":"15:03:03","h":"Nord","s":"25N-H56N000I-80-I"},{"r":"12","t":"15:03:03","h":"Nord","s":"25N-H56N100F-80-F1"},{"r":"12","t":"15:03:03","h":"Nord","s":"25N-H56N200F-80-F2"},{"r":"12","t":"15:03:03","h":"Nord","s":"25N-H56N300F-80-F3"},{"r":"12","t":"15:03:03","h":"Nord","s":"25N-H56N400F-80-F4"},{"r":"12","t":"15:03:03","h":"Nord","s":"25N-H56NV10I-80-I"},{"r":"12","t":"15:03:03","h":"Nord","s":"25N-H56NV20I-80-I"},{"r":"12","t":"15:03:03","h":"Nord","s":"25S-H56S000I-80-I"},{"r":"12","t":"15:03:03","h":"Nord","s":"25S-H56S100F-80-F1"},{"r":"12","t":"15:03:03","h":"Nord","s":"25S-H56S200F-81-F2"},{"r":"12","t":"15:03:56","h":"Nord","s":"25N-H56N000A-80-A"},{"r":"12","t":"15:03:56","h":"Nord","s":"25N-H56NV10A-80-A"},{"r":"12","t":"15:03:56","h":"Nord","s":"25N-H56NV20A-80-A"},{"r":"12","t":"15:03:56","h":"Nord","s":"25S-H56S000A-80-A"},{"r":"12","t":"15:06:56","h":"Nord","s":"25N-H56N000S-80-S"},{"r":"12","t":"15:06:56","h":"Nord","s":"25N-H56NV10S-80-S"},{"r":"12","t":"15:06:56","h":"Nord","s":"25N-H56NV20S-80-S"},{"r":"12","t":"15:06:56","h":"Nord","s":"25S-H56S000S-80-S"},{"r":"12","t":"15:27:03","h":"Nord","s":"25N-H56N000I-80-I"},{"r":"12","t":"15:27:03","h":"Nord","s":"25N-H56N100F-80-F1"},{"r":"12","t":"15:27:03","h":"Nord","s":"25N-H56N200F-80-F2"},{"r":"12","t":"15:27:03","h":"Nord","s":"25N-H56N300F-80-F3"},{"r":"12","t":"15:27:03","h":"Nord","s":"25N-H56N400F-80-F4"},{"r":"12","t":"15:27:03","h":"Nord","s":"25N-H56NV10I-80-I"},{"r":"12","t":"15:27:03","h":"Nord","s":"25N-H56NV20I-80-I"},{"r":"12","t":"15:27:03","h":"Nord","s":"25S-H56S000I-80-I"},{"r":"12","t":"15:27:03","h":"Nord","s":"25S-H56S100F-80-F1"},{"r":"12","t":"15:27:03","h":"Nord","s":"25S-H56S200F-81-F2"},{"r":"12","t":"15:27:56","h":"Nord","s":"25N-H56N000A-80-A"},{"r":"12","t":"15:27:56","h":"Nord","s":"25N-H56NV10A-80-A"},{"r":"12","t":"15:27:56","h":"Nord","s":"25N-H56NV20A-80-A"},{"r":"12","t":"15:27:56","h":"Nord","s":"25S-H56S000A-80-A"},{"r":"12","t":"15:36:56","h":"Nord","s":"25N-H56N000S-80-S"},{"r":"12","t":"15:36:56","h":"Nord","s":"25N-H56NV10S-80-S"},{"r":"12","t":"15:36:56","h":"Nord","s":"25N-H56NV20S-80-S"},{"r":"12","t":"15:36:56","h":"Nord","s":"25S-H56S000S-80-S"},{"r":"12","t":"15:51:03","h":"Nord","s":"25N-H56N000I-80-I"},{"r":"12","t":"15:51:03","h":"Nord","s":"25N-H56N100F-80-F1"},{"r":"12","t":"15:51:03","h":"Nord","s":"25N-H56N200F-80-F2"},{"r":"12","t":"15:51:03","h":"Nord","s":"25N-H56N300F-80-F3"},{"r":"12","t":"15:51:03","h":"Nord","s":"25N-H56N400F-80-F4"},{"r":"12","t":"15:51:03","h":"Nord","s":"25N-H56NV10I-80-I"},{"r":"12","t":"15:51:03","h":"Nord","s":"25N-H56NV20I-80-I"},{"r":"12","t":"15:51:03","h":"Nord","s":"25S-H56S000I-80-I"},{"r":"12","t":"15:51:03","h":"Nord","s":"25S-H56S100F-80-F1"},{"r":"12","t":"15:51:03","h":"Nord","s":"25S-H56S200F-81-F2"},{"r":"12","t":"15:52:03","h":"Nord","s":"25N-H56N000A-80-A"},{"r":"12","t":"15:52:03","h":"Nord","s":"25N-H56NV10A-80-A"},{"r":"12","t":"15:52:03","h":"Nord","s":"25N-H56NV20A-80-A"},{"r":"12","t":"15:52:03","h":"Nord","s":"25S-H56S000A-80-A"},{"r":"12","t":"16:09:56","h":"Nord","s":"25N-H56N000S-80-S"},{"r":"12","t":"16:09:56","h":"Nord","s":"25N-H56NV10S-80-S"},{"r":"12","t":"16:09:56","h":"Nord","s":"25N-H56NV20S-80-S"},{"r":"12","t":"16:09:56","h":"Nord","s":"25S-H56S000S-80-S"},{"r":"12","t":"16:14:03","h":"Nord","s":"25N-H56N000A-80-A"},{"r":"12","t":"16:14:03","h":"Nord","s":"25N-H56N000I-80-I"},{"r":"12","t":"16:14:03","h":"Nord","s":"25N-H56N100F-80-F1"},{"r":"12","t":"16:14:03","h":"Nord","s":"25N-H56N200F-80-F2"},{"r":"12","t":"16:14:03","h":"Nord","s":"25N-H56N300F-80-F3"},{"r":"12","t":"16:14:03","h":"Nord","s":"25N-H56N400F-80-F4"},{"r":"12","t":"16:14:03","h":"Nord","s":"25N-H56NV10A-80-A"},{"r":"12","t":"16:14:03","h":"Nord","s":"25N-H56NV10I-80-I"},{"r":"12","t":"16:14:03","h":"Nord","s":"25N-H56NV20A-80-A"},{"r":"12","t":"16:14:03","h":"Nord","s":"25N-H56NV20I-80-I"},{"r":"12","t":"16:14:03","h":"Nord","s":"25S-H56S000A-80-A"},{"r":"12","t":"16:14:03","h":"Nord","s":"25S-H56S000I-80-I"},{"r":"12","t":"16:14:03","h":"Nord","s":"25S-H56S100F-80-F1"},{"r":"12","t":"16:14:03","h":"Nord","s":"25S-H56S200F-81-F2"},{"r":"12","t":"16:38:03","h":"Nord","s":"25N-H56N000A-80-A"},{"r":"12","t":"16:38:03","h":"Nord","s":"25N-H56N000I-80-I"},{"r":"12","t":"16:38:03","h":"Nord","s":"25N-H56N100F-80-F1"},{"r":"12","t":"16:38:03","h":"Nord","s":"25N-H56N200F-80-F2"},{"r":"12","t":"16:38:03","h":"Nord","s":"25N-H56N300F-80-F3"},{"r":"12","t":"16:38:03","h":"Nord","s":"25N-H56N400F-80-F4"},{"r":"12","t":"16:38:03","h":"Nord","s":"25N-H56NV10A-80-A"},{"r":"12","t":"16:38:03","h":"Nord","s":"25N-H56NV10I-80-I"},{"r":"12","t":"16:38:03","h":"Nord","s":"25N-H56NV20A-80-A"},{"r":"12","t":"16:38:03","h":"Nord","s":"25N-H56NV20I-80-I"},{"r":"12","t":"16:38:03","h":"Nord","s":"25S-H56S000A-80-A"},{"r":"12","t":"16:38:03","h":"Nord","s":"25S-H56S000I-80-I"},{"r":"12","t":"16:38:03","h":"Nord","s":"25S-H56S100F-80-F1"},{"r":"12","t":"16:38:03","h":"Nord","s":"25S-H56S200F-81-F2"},{"r":"12","t":"16:38:56","h":"Nord","s":"25N-H56N000S-80-S"},{"r":"12","t":"16:38:56","h":"Nord","s":"25N-H56NV10S-80-S"},{"r":"12","t":"16:38:56","h":"Nord","s":"25N-H56NV20S-80-S"},{"r":"12","t":"16:38:56","h":"Nord","s":"25S-H56S000S-80-S"},{"r":"12","t":"17:02:03","h":"Nord","s":"25N-H56N000A-80-A"},{"r":"12","t":"17:02:03","h":"Nord","s":"25N-H56N000I-80-I"},{"r":"12","t":"17:02:03","h":"Nord","s":"25N-H56N100F-80-F1"},{"r":"12","t":"17:02:03","h":"Nord","s":"25N-H56N200F-80-F2"},{"r":"12","t":"17:02:03","h":"Nord","s":"25N-H56N300F-80-F3"},{"r":"12","t":"17:02:03","h":"Nord","s":"25N-H56N400F-80-F4"},{"r":"12","t":"17:02:03","h":"Nord","s":"25N-H56NV10A-80-A"},{"r":"12","t":"17:02:03","h":"Nord","s":"25N-H56NV10I-80-I"},{"r":"12","t":"17:02:03","h":"Nord","s":"25N-H56NV20A-80-A"},{"r":"12","t":"17:02:03","h":"Nord","s":"25N-H56NV20I-80-I"},{"r":"12","t":"17:02:03","h":"Nord","s":"25S-H56S000A-80-A"},{"r":"12","t":"17:02:03","h":"Nord","s":"25S-H56S000I-80-I"},{"r":"12","t":"17:02:03","h":"Nord","s":"25S-H56S100F-80-F1"},{"r":"12","t":"17:02:03","h":"Nord","s":"25S-H56S200F-81-F2"},{"r":"12","t":"17:08:56","h":"Nord","s":"25N-H56N000S-80-S"},{"r":"12","t":"17:08:56","h":"Nord","s":"25N-H56NV10S-80-S"},{"r":"12","t":"17:08:56","h":"Nord","s":"25N-H56NV20S-80-S"},{"r":"12","t":"17:08:56","h":"Nord","s":"25S-H56S000S-80-S"},{"r":"12","t":"17:24:03","h":"Nord","s":"25N-H56N000A-80-A"},{"r":"12","t":"17:24:03","h":"Nord","s":"25N-H56N000I-80-I"},{"r":"12","t":"17:24:03","h":"Nord","s":"25N-H56N100F-80-F1"},{"r":"12","t":"17:24:03","h":"Nord","s":"25N-H56N200F-80-F2"},{"r":"12","t":"17:24:03","h":"Nord","s":"25N-H56N300F-80-F3"},{"r":"12","t":"17:24:03","h":"Nord","s":"25N-H56N400F-80-F4"},{"r":"12","t":"17:24:03","h":"Nord","s":"25N-H56NV10A-80-A"},{"r":"12","t":"17:24:03","h":"Nord","s":"25N-H56NV10I-80-I"},{"r":"12","t":"17:24:03","h":"Nord","s":"25N-H56NV20A-80-A"},{"r":"12","t":"17:24:03","h":"Nord","s":"25N-H56NV20I-80-I"},{"r":"12","t":"17:24:03","h":"Nord","s":"25S-H56S000A-80-A"},{"r":"12","t":"17:24:03","h":"Nord","s":"25S-H56S000I-80-I"},{"r":"12","t":"17:24:03","h":"Nord","s":"25S-H56S100F-80-F1"},{"r":"12","t":"17:24:03","h":"Nord","s":"25S-H56S200F-81-F2"},{"r":"12","t":"17:38:56","h":"Nord","s":"25N-H56N000S-80-S"},{"r":"12","t":"17:38:56","h":"Nord","s":"25N-H56NV10S-80-S"},{"r":"12","t":"17:38:56","h":"Nord","s":"25N-H56NV20S-80-S"},{"r":"12","t":"17:38:56","h":"Nord","s":"25S-H56S000S-80-S"},{"r":"12","t":"17:48:03","h":"Nord","s":"25N-H56N000A-80-A"},{"r":"12","t":"17:48:03","h":"Nord","s":"25N-H56N000I-80-I"},{"r":"12","t":"17:48:03","h":"Nord","s":"25N-H56N100F-80-F1"},{"r":"12","t":"17:48:03","h":"Nord","s":"25N-H56N200F-80-F2"},{"r":"12","t":"17:48:03","h":"Nord","s":"25N-H56N300F-80-F3"},{"r":"12","t":"17:48:03","h":"Nord","s":"25N-H56N400F-80-F4"},{"r":"12","t":"17:48:03","h":"Nord","s":"25N-H56NV10A-80-A"},{"r":"12","t":"17:48:03","h":"Nord","s":"25N-H56NV10I-80-I"},{"r":"12","t":"17:48:03","h":"Nord","s":"25N-H56NV20A-80-A"},{"r":"12","t":"17:48:03","h":"Nord","s":"25N-H56NV20I-80-I"},{"r":"12","t":"17:48:03","h":"Nord","s":"25S-H56S000A-80-A"},{"r":"12","t":"17:48:03","h":"Nord","s":"25S-H56S000I-80-I"},{"r":"12","t":"17:48:03","h":"Nord","s":"25S-H56S100F-80-F1"},{"r":"12","t":"17:48:03","h":"Nord","s":"25S-H56S200F-81-F2"},{"r":"12","t":"18:07:03","h":"Nord","s":"25N-H56N000S-80-S"},{"r":"12","t":"18:07:03","h":"Nord","s":"25N-H56NV10S-80-S"},{"r":"12","t":"18:07:03","h":"Nord","s":"25N-H56NV20S-80-S"},{"r":"12","t":"18:07:03","h":"Nord","s":"25S-H56S000S-80-S"},{"r":"12","t":"18:12:03","h":"Nord","s":"25N-H56N000A-80-A"},{"r":"12","t":"18:12:03","h":"Nord","s":"25N-H56N000I-80-I"},{"r":"12","t":"18:12:03","h":"Nord","s":"25N-H56N100F-80-F1"},{"r":"12","t":"18:12:03","h":"Nord","s":"25N-H56N200F-80-F2"},{"r":"12","t":"18:12:03","h":"Nord","s":"25N-H56N300F-80-F3"},{"r":"12","t":"18:12:03","h":"Nord","s":"25N-H56N400F-80-F4"},{"r":"12","t":"18:12:03","h":"Nord","s":"25N-H56NV10A-80-A"},{"r":"12","t":"18:12:03","h":"Nord","s":"25N-H56NV10I-80-I"},{"r":"12","t":"18:12:03","h":"Nord","s":"25N-H56NV20A-80-A"},{"r":"12","t":"18:12:03","h":"Nord","s":"25N-H56NV20I-80-I"},{"r":"12","t":"18:12:03","h":"Nord","s":"25S-H56S000A-80-A"},{"r":"12","t":"18:12:03","h":"Nord","s":"25S-H56S000I-80-I"},{"r":"12","t":"18:12:03","h":"Nord","s":"25S-H56S100F-80-F1"},{"r":"12","t":"18:12:03","h":"Nord","s":"25S-H56S200F-81-F2"},{"r":"12","t":"18:34:03","h":"Nord","s":"25N-H56N000S-80-S"},{"r":"12","t":"18:34:03","h":"Nord","s":"25N-H56NV10S-80-S"},{"r":"12","t":"18:34:03","h":"Nord","s":"25N-H56NV20S-80-S"},{"r":"12","t":"18:34:03","h":"Nord","s":"25S-H56S000S-80-S"},{"r":"12","t":"18:35:03","h":"Nord","s":"25N-H56N000A-80-A"},{"r":"12","t":"18:35:03","h":"Nord","s":"25N-H56N000I-80-I"},{"r":"12","t":"18:35:03","h":"Nord","s":"25N-H56N100F-80-F1"},{"r":"12","t":"18:35:03","h":"Nord","s":"25N-H56N200F-80-F2"},{"r":"12","t":"18:35:03","h":"Nord","s":"25N-H56N300F-80-F3"},{"r":"12","t":"18:35:03","h":"Nord","s":"25N-H56N400F-80-F4"},{"r":"12","t":"18:35:03","h":"Nord","s":"25N-H56NV10A-80-A"},{"r":"12","t":"18:35:03","h":"Nord","s":"25N-H56NV10I-80-I"},{"r":"12","t":"18:35:03","h":"Nord","s":"25N-H56NV20A-80-A"},{"r":"12","t":"18:35:03","h":"Nord","s":"25N-H56NV20I-80-I"},{"r":"12","t":"18:35:03","h":"Nord","s":"25S-H56S000A-80-A"},{"r":"12","t":"18:35:03","h":"Nord","s":"25S-H56S000I-80-I"},{"r":"12","t":"18:35:03","h":"Nord","s":"25S-H56S100F-80-F1"},{"r":"12","t":"18:35:03","h":"Nord","s":"25S-H56S200F-81-F2"},{"r":"12","t":"18:57:03","h":"Nord","s":"25N-H56N000I-80-I"},{"r":"12","t":"18:57:03","h":"Nord","s":"25N-H56N100F-80-F1"},{"r":"12","t":"18:57:03","h":"Nord","s":"25N-H56N200F-80-F2"},{"r":"12","t":"18:57:03","h":"Nord","s":"25N-H56N300F-80-F3"},{"r":"12","t":"18:57:03","h":"Nord","s":"25N-H56N400F-80-F4"},{"r":"12","t":"18:57:03","h":"Nord","s":"25N-H56NV10I-80-I"},{"r":"12","t":"18:57:03","h":"Nord","s":"25N-H56NV20I-80-I"},{"r":"12","t":"18:57:03","h":"Nord","s":"25S-H56S000I-80-I"},{"r":"12","t":"18:57:03","h":"Nord","s":"25S-H56S100F-80-F1"},{"r":"12","t":"18:57:03","h":"Nord","s":"25S-H56S200F-81-F2"},{"r":"12","t":"18:58:03","h":"Nord","s":"25N-H56N000A-80-A"},{"r":"12","t":"18:58:03","h":"Nord","s":"25N-H56N000S-80-S"},{"r":"12","t":"18:58:03","h":"Nord","s":"25N-H56NV10A-80-A"},{"r":"12","t":"18:58:03","h":"Nord","s":"25N-H56NV10S-80-S"},{"r":"12","t":"18:58:03","h":"Nord","s":"25N-H56NV20A-80-A"},{"r":"12","t":"18:58:03","h":"Nord","s":"25N-H56NV20S-80-S"},{"r":"12","t":"18:58:03","h":"Nord","s":"25S-H56S000A-80-A"},{"r":"12","t":"18:58:03","h":"Nord","s":"25S-H56S000S-80-S"},{"r":"12","t":"19:19:03","h":"Nord","s":"25N-H56N000A-80-A"},{"r":"12","t":"19:19:03","h":"Nord","s":"25N-H56N000I-80-I"},{"r":"12","t":"19:19:03","h":"Nord","s":"25N-H56N100F-80-F1"},{"r":"12","t":"19:19:03","h":"Nord","s":"25N-H56N200F-80-F2"},{"r":"12","t":"19:19:03","h":"Nord","s":"25N-H56N300F-80-F3"},{"r":"12","t":"19:19:03","h":"Nord","s":"25N-H56N400F-80-F4"},{"r":"12","t":"19:19:03","h":"Nord","s":"25N-H56NV10A-80-A"},{"r":"12","t":"19:19:03","h":"Nord","s":"25N-H56NV10I-80-I"},{"r":"12","t":"19:19:03","h":"Nord","s":"25N-H56NV20A-80-A"},{"r":"12","t":"19:19:03","h":"Nord","s":"25N-H56NV20I-80-I"},{"r":"12","t":"19:19:03","h":"Nord","s":"25S-H56S000A-80-A"},{"r":"12","t":"19:19:03","h":"Nord","s":"25S-H56S000I-80-I"},{"r":"12","t":"19:19:03","h":"Nord","s":"25S-H56S100F-80-F1"},{"r":"12","t":"19:19:03","h":"Nord","s":"25S-H56S200F-81-F2"},{"r":"12","t":"19:23:03","h":"Nord","s":"25N-H56N000S-80-S"},{"r":"12","t":"19:23:03","h":"Nord","s":"25N-H56NV10S-80-S"},{"r":"12","t":"19:23:03","h":"Nord","s":"25N-H56NV20S-80-S"},{"r":"12","t":"19:23:03","h":"Nord","s":"25S-H56S000S-80-S"},{"r":"12","t":"19:41:03","h":"Nord","s":"25N-H56N000A-80-A"},{"r":"12","t":"19:41:03","h":"Nord","s":"25N-H56NV10A-80-A"},{"r":"12","t":"19:41:03","h":"Nord","s":"25N-H56NV20A-80-A"},{"r":"12","t":"19:41:03","h":"Nord","s":"25S-H56S000A-80-A"},{"r":"12","t":"19:42:03","h":"Nord","s":"25N-H56N000I-80-I"},{"r":"12","t":"19:42:03","h":"Nord","s":"25N-H56N100F-80-F1"},{"r":"12","t":"19:42:03","h":"Nord","s":"25N-H56N200F-80-F2"},{"r":"12","t":"19:42:03","h":"Nord","s":"25N-H56N300F-80-F3"},{"r":"12","t":"19:42:03","h":"Nord","s":"25N-H56N400F-80-F4"},{"r":"12","t":"19:42:03","h":"Nord","s":"25N-H56NV10I-80-I"},{"r":"12","t":"19:42:03","h":"Nord","s":"25N-H56NV20I-80-I"},{"r":"12","t":"19:42:03","h":"Nord","s":"25S-H56S000I-80-I"},{"r":"12","t":"19:42:03","h":"Nord","s":"25S-H56S100F-80-F1"},{"r":"12","t":"19:42:03","h":"Nord","s":"25S-H56S200F-81-F2"},{"r":"12","t":"19:49:03","h":"Nord","s":"25N-H56N000S-80-S"},{"r":"12","t":"19:49:03","h":"Nord","s":"25N-H56NV10S-80-S"},{"r":"12","t":"19:49:03","h":"Nord","s":"25N-H56NV20S-80-S"},{"r":"12","t":"19:49:03","h":"Nord","s":"25S-H56S000S-80-S"},{"r":"12","t":"20:04:03","h":"Nord","s":"25N-H56N000A-80-A"},{"r":"12","t":"20:04:03","h":"Nord","s":"25N-H56N000I-80-I"},{"r":"12","t":"20:04:03","h":"Nord","s":"25N-H56N100F-80-F1"},{"r":"12","t":"20:04:03","h":"Nord","s":"25N-H56N200F-80-F2"},{"r":"12","t":"20:04:03","h":"Nord","s":"25N-H56N300F-80-F3"},{"r":"12","t":"20:04:03","h":"Nord","s":"25N-H56N400F-80-F4"},{"r":"12","t":"20:04:03","h":"Nord","s":"25N-H56NV10A-80-A"},{"r":"12","t":"20:04:03","h":"Nord","s":"25N-H56NV10I-80-I"},{"r":"12","t":"20:04:03","h":"Nord","s":"25N-H56NV20A-80-A"},{"r":"12","t":"20:04:03","h":"Nord","s":"25N-H56NV20I-80-I"},{"r":"12","t":"20:04:03","h":"Nord","s":"25S-H56S000A-80-A"},{"r":"12","t":"20:04:03","h":"Nord","s":"25S-H56S000I-80-I"},{"r":"12","t":"20:04:03","h":"Nord","s":"25S-H56S100F-80-F1"},{"r":"12","t":"20:04:03","h":"Nord","s":"25S-H56S200F-81-F2"},{"r":"12","t":"20:15:03","h":"Nord","s":"25N-H56N000S-80-S"},{"r":"12","t":"20:15:03","h":"Nord","s":"25N-H56NV10S-80-S"},{"r":"12","t":"20:15:03","h":"Nord","s":"25N-H56NV20S-80-S"},{"r":"12","t":"20:15:03","h":"Nord","s":"25S-H56S000S-80-S"},{"r":"12","t":"20:24:03","h":"Nord","s":"25N-H56N000A-80-A"},{"r":"12","t":"20:24:03","h":"Nord","s":"25N-H56N000I-80-I"},{"r":"12","t":"20:24:03","h":"Nord","s":"25N-H56N100F-80-F1"},{"r":"12","t":"20:24:03","h":"Nord","s":"25N-H56N200F-80-F2"},{"r":"12","t":"20:24:03","h":"Nord","s":"25N-H56N300F-80-F3"},{"r":"12","t":"20:24:03","h":"Nord","s":"25N-H56N400F-80-F4"},{"r":"12","t":"20:24:03","h":"Nord","s":"25N-H56NV10A-80-A"},{"r":"12","t":"20:24:03","h":"Nord","s":"25N-H56NV10I-80-I"},{"r":"12","t":"20:24:03","h":"Nord","s":"25N-H56NV20A-80-A"},{"r":"12","t":"20:24:03","h":"Nord","s":"25N-H56NV20I-80-I"},{"r":"12","t":"20:24:03","h":"Nord","s":"25S-H56S000A-80-A"},{"r":"12","t":"20:24:03","h":"Nord","s":"25S-H56S000I-80-I"},{"r":"12","t":"20:24:03","h":"Nord","s":"25S-H56S100F-80-F1"},{"r":"12","t":"20:24:03","h":"Nord","s":"25S-H56S200F-81-F2"},{"r":"12","t":"20:42:03","h":"Nord","s":"25N-H56N000S-80-S"},{"r":"12","t":"20:42:03","h":"Nord","s":"25N-H56NV10S-80-S"},{"r":"12","t":"20:42:03","h":"Nord","s":"25N-H56NV20S-80-S"},{"r":"12","t":"20:42:03","h":"Nord","s":"25S-H56S000S-80-S"},{"r":"12","t":"20:46:03","h":"Nord","s":"25N-H56N000A-80-A"},{"r":"12","t":"20:46:03","h":"Nord","s":"25N-H56N000I-80-I"},{"r":"12","t":"20:46:03","h":"Nord","s":"25N-H56N100F-80-F1"},{"r":"12","t":"20:46:03","h":"Nord","s":"25N-H56N200F-80-F2"},{"r":"12","t":"20:46:03","h":"Nord","s":"25N-H56N300F-80-F3"},{"r":"12","t":"20:46:03","h":"Nord","s":"25N-H56N400F-80-F4"},{"r":"12","t":"20:46:03","h":"Nord","s":"25N-H56NV10A-80-A"},{"r":"12","t":"20:46:03","h":"Nord","s":"25N-H56NV10I-80-I"},{"r":"12","t":"20:46:03","h":"Nord","s":"25N-H56NV20A-80-A"},{"r":"12","t":"20:46:03","h":"Nord","s":"25N-H56NV20I-80-I"},{"r":"12","t":"20:46:03","h":"Nord","s":"25S-H56S000A-80-A"},{"r":"12","t":"20:46:03","h":"Nord","s":"25S-H56S000I-80-I"},{"r":"12","t":"20:46:03","h":"Nord","s":"25S-H56S100F-80-F1"},{"r":"12","t":"20:46:03","h":"Nord","s":"25S-H56S200F-81-F2"},{"r":"12","t":"21:08:03","h":"Nord","s":"25N-H56N000A-80-A"},{"r":"12","t":"21:08:03","h":"Nord","s":"25N-H56N000I-80-I"},{"r":"12","t":"21:08:03","h":"Nord","s":"25N-H56N100F-80-F1"},{"r":"12","t":"21:08:03","h":"Nord","s":"25N-H56N200F-80-F2"},{"r":"12","t":"21:08:03","h":"Nord","s":"25N-H56N300F-80-F3"},{"r":"12","t":"21:08:03","h":"Nord","s":"25N-H56N400F-80-F4"},{"r":"12","t":"21:08:03","h":"Nord","s":"25N-H56NV10A-80-A"},{"r":"12","t":"21:08:03","h":"Nord","s":"25N-H56NV10I-80-I"},{"r":"12","t":"21:08:03","h":"Nord","s":"25N-H56NV20A-80-A"},{"r":"12","t":"21:08:03","h":"Nord","s":"25N-H56NV20I-80-I"},{"r":"12","t":"21:08:03","h":"Nord","s":"25S-H56S000A-80-A"},{"r":"12","t":"21:08:03","h":"Nord","s":"25S-H56S000I-80-I"},{"r":"12","t":"21:08:03","h":"Nord","s":"25S-H56S100F-80-F1"},{"r":"12","t":"21:08:03","h":"Nord","s":"25S-H56S200F-81-F2"},{"r":"12","t":"21:08:10","h":"Nord","s":"25N-H56N000S-80-S"},{"r":"12","t":"21:08:10","h":"Nord","s":"25N-H56NV10S-80-S"},{"r":"12","t":"21:08:10","h":"Nord","s":"25N-H56NV20S-80-S"},{"r":"12","t":"21:08:10","h":"Nord","s":"25S-H56S000S-80-S"},{"r":"12","t":"21:28:03","h":"Nord","s":"25N-H56N000A-80-A"},{"r":"12","t":"21:28:03","h":"Nord","s":"25N-H56N000I-80-I"},{"r":"12","t":"21:28:03","h":"Nord","s":"25N-H56N100F-80-F1"},{"r":"12","t":"21:28:03","h":"Nord","s":"25N-H56N200F-80-F2"},{"r":"12","t":"21:28:03","h":"Nord","s":"25N-H56N300F-80-F3"},{"r":"12","t":"21:28:03","h":"Nord","s":"25N-H56N400F-80-F4"},{"r":"12","t":"21:28:03","h":"Nord","s":"25N-H56NV10A-80-A"},{"r":"12","t":"21:28:03","h":"Nord","s":"25N-H56NV10I-80-I"},{"r":"12","t":"21:28:03","h":"Nord","s":"25N-H56NV20A-80-A"},{"r":"12","t":"21:28:03","h":"Nord","s":"25N-H56NV20I-80-I"},{"r":"12","t":"21:28:03","h":"Nord","s":"25S-H56S000A-80-A"},{"r":"12","t":"21:28:03","h":"Nord","s":"25S-H56S000I-80-I"},{"r":"12","t":"21:28:03","h":"Nord","s":"25S-H56S100F-80-F1"},{"r":"12","t":"21:28:03","h":"Nord","s":"25S-H56S200F-81-F2"},{"r":"12","t":"21:36:10","h":"Nord","s":"25N-H56N000S-80-S"},{"r":"12","t":"21:36:10","h":"Nord","s":"25N-H56NV10S-80-S"},{"r":"12","t":"21:36:10","h":"Nord","s":"25N-H56NV20S-80-S"},{"r":"12","t":"21:36:10","h":"Nord","s":"25S-H56S000S-80-S"},{"r":"12","t":"21:49:03","h":"Nord","s":"25N-H56N000A-80-A"},{"r":"12","t":"21:49:03","h":"Nord","s":"25N-H56N000I-80-I"},{"r":"12","t":"21:49:03","h":"Nord","s":"25N-H56N100F-80-F1"},{"r":"12","t":"21:49:03","h":"Nord","s":"25N-H56N200F-80-F2"},{"r":"12","t":"21:49:03","h":"Nord","s":"25N-H56N300F-80-F3"},{"r":"12","t":"21:49:03","h":"Nord","s":"25N-H56N400F-80-F4"},{"r":"12","t":"21:49:03","h":"Nord","s":"25N-H56NV10A-80-A"},{"r":"12","t":"21:49:03","h":"Nord","s":"25N-H56NV10I-80-I"},{"r":"12","t":"21:49:03","h":"Nord","s":"25N-H56NV20A-80-A"},{"r":"12","t":"21:49:03","h":"Nord","s":"25N-H56NV20I-80-I"},{"r":"12","t":"21:49:03","h":"Nord","s":"25S-H56S000A-80-A"},{"r":"12","t":"21:49:03","h":"Nord","s":"25S-H56S000I-80-I"},{"r":"12","t":"21:49:03","h":"Nord","s":"25S-H56S100F-80-F1"},{"r":"12","t":"21:49:03","h":"Nord","s":"25S-H56S200F-81-F2"},{"r":"12","t":"22:04:10","h":"Nord","s":"25N-H56N000S-80-S"},{"r":"12","t":"22:04:10","h":"Nord","s":"25N-H56NV10S-80-S"},{"r":"12","t":"22:04:10","h":"Nord","s":"25N-H56NV20S-80-S"},{"r":"12","t":"22:04:10","h":"Nord","s":"25S-H56S000S-80-S"},{"r":"12","t":"22:12:03","h":"Nord","s":"25N-H56N000A-80-A"},{"r":"12","t":"22:12:03","h":"Nord","s":"25N-H56N000I-80-I"},{"r":"12","t":"22:12:03","h":"Nord","s":"25N-H56N100F-80-F1"},{"r":"12","t":"22:12:03","h":"Nord","s":"25N-H56N200F-80-F2"},{"r":"12","t":"22:12:03","h":"Nord","s":"25N-H56N300F-80-F3"},{"r":"12","t":"22:12:03","h":"Nord","s":"25N-H56N400F-80-F4"},{"r":"12","t":"22:12:03","h":"Nord","s":"25N-H56NV10A-80-A"},{"r":"12","t":"22:12:03","h":"Nord","s":"25N-H56NV10I-80-I"},{"r":"12","t":"22:12:03","h":"Nord","s":"25N-H56NV20A-80-A"},{"r":"12","t":"22:12:03","h":"Nord","s":"25N-H56NV20I-80-I"},{"r":"12","t":"22:12:03","h":"Nord","s":"25S-H56S000A-80-A"},{"r":"12","t":"22:12:03","h":"Nord","s":"25S-H56S000I-80-I"},{"r":"12","t":"22:12:03","h":"Nord","s":"25S-H56S100F-80-F1"},{"r":"12","t":"22:12:03","h":"Nord","s":"25S-H56S200F-81-F2"},{"r":"12","t":"22:32:03","h":"Nord","s":"25N-H56N000A-80-A"},{"r":"12","t":"22:32:03","h":"Nord","s":"25N-H56N000I-80-I"},{"r":"12","t":"22:32:03","h":"Nord","s":"25N-H56N100F-80-F1"},{"r":"12","t":"22:32:03","h":"Nord","s":"25N-H56N200F-80-F2"},{"r":"12","t":"22:32:03","h":"Nord","s":"25N-H56N300F-80-F3"},{"r":"12","t":"22:32:03","h":"Nord","s":"25N-H56N400F-80-F4"},{"r":"12","t":"22:32:03","h":"Nord","s":"25N-H56NV10A-80-A"},{"r":"12","t":"22:32:03","h":"Nord","s":"25N-H56NV10I-80-I"},{"r":"12","t":"22:32:03","h":"Nord","s":"25N-H56NV20A-80-A"},{"r":"12","t":"22:32:03","h":"Nord","s":"25N-H56NV20I-80-I"},{"r":"12","t":"22:32:03","h":"Nord","s":"25S-H56S000A-80-A"},{"r":"12","t":"22:32:03","h":"Nord","s":"25S-H56S000I-80-I"},{"r":"12","t":"22:32:03","h":"Nord","s":"25S-H56S100F-80-F1"},{"r":"12","t":"22:32:03","h":"Nord","s":"25S-H56S200F-81-F2"},{"r":"12","t":"22:32:10","h":"Nord","s":"25N-H56N000S-80-S"},{"r":"12","t":"22:32:10","h":"Nord","s":"25N-H56NV10S-80-S"},{"r":"12","t":"22:32:10","h":"Nord","s":"25N-H56NV20S-80-S"},{"r":"12","t":"22:32:10","h":"Nord","s":"25S-H56S000S-80-S"},{"r":"12","t":"22:52:03","h":"Nord","s":"25N-H56N000A-80-A"},{"r":"12","t":"22:52:03","h":"Nord","s":"25N-H56N000I-80-I"},{"r":"12","t":"22:52:03","h":"Nord","s":"25N-H56N100F-80-F1"},{"r":"12","t":"22:52:03","h":"Nord","s":"25N-H56N200F-80-F2"},{"r":"12","t":"22:52:03","h":"Nord","s":"25N-H56N300F-80-F3"},{"r":"12","t":"22:52:03","h":"Nord","s":"25N-H56N400F-80-F4"},{"r":"12","t":"22:52:03","h":"Nord","s":"25N-H56NV10A-80-A"},{"r":"12","t":"22:52:03","h":"Nord","s":"25N-H56NV10I-80-I"},{"r":"12","t":"22:52:03","h":"Nord","s":"25N-H56NV20A-80-A"},{"r":"12","t":"22:52:03","h":"Nord","s":"25N-H56NV20I-80-I"},{"r":"12","t":"22:52:03","h":"Nord","s":"25S-H56S000A-80-A"},{"r":"12","t":"22:52:03","h":"Nord","s":"25S-H56S000I-80-I"},{"r":"12","t":"22:52:03","h":"Nord","s":"25S-H56S100F-80-F1"},{"r":"12","t":"22:52:03","h":"Nord","s":"25S-H56S200F-81-F2"},{"r":"12","t":"22:58:10","h":"Nord","s":"25N-H56N000S-80-S"},{"r":"12","t":"22:58:10","h":"Nord","s":"25N-H56NV10S-80-S"},{"r":"12","t":"22:58:10","h":"Nord","s":"25N-H56NV20S-80-S"},{"r":"12","t":"22:58:10","h":"Nord","s":"25S-H56S000S-80-S"},{"r":"12","t":"23:23:03","h":"Nord","s":"25N-H56N000A-80-A"},{"r":"12","t":"23:23:03","h":"Nord","s":"25N-H56N000I-80-I"},{"r":"12","t":"23:23:03","h":"Nord","s":"25N-H56N100F-80-F1"},{"r":"12","t":"23:23:03","h":"Nord","s":"25N-H56N200F-80-F2"},{"r":"12","t":"23:23:03","h":"Nord","s":"25N-H56N300F-80-F3"},{"r":"12","t":"23:23:03","h":"Nord","s":"25N-H56N400F-80-F4"},{"r":"12","t":"23:23:03","h":"Nord","s":"25N-H56NV10A-80-A"},{"r":"12","t":"23:23:03","h":"Nord","s":"25N-H56NV10I-80-I"},{"r":"12","t":"23:23:03","h":"Nord","s":"25N-H56NV20A-80-A"},{"r":"12","t":"23:23:03","h":"Nord","s":"25N-H56NV20I-80-I"},{"r":"12","t":"23:23:03","h":"Nord","s":"25S-H56S000A-80-A"},{"r":"12","t":"23:23:03","h":"Nord","s":"25S-H56S000I-80-I"},{"r":"12","t":"23:23:03","h":"Nord","s":"25S-H56S100F-80-F1"},{"r":"12","t":"23:23:03","h":"Nord","s":"25S-H56S200F-81-F2"},{"r":"12","t":"23:25:10","h":"Nord","s":"25N-H56N000S-80-S"},{"r":"12","t":"23:25:10","h":"Nord","s":"25N-H56NV10S-80-S"},{"r":"12","t":"23:25:10","h":"Nord","s":"25N-H56NV20S-80-S"},{"r":"12","t":"23:25:10","h":"Nord","s":"25S-H56S000S-80-S"},{"r":"12","t":"23:54:03","h":"Nord","s":"25N-H56N000I-80-I"},{"r":"12","t":"23:54:03","h":"Nord","s":"25N-H56N100F-80-F1"},{"r":"12","t":"23:54:03","h":"Nord","s":"25N-H56N200F-80-F2"},{"r":"12","t":"23:54:03","h":"Nord","s":"25N-H56N300F-80-F3"},{"r":"12","t":"23:54:03","h":"Nord","s":"25N-H56N400F-80-F4"},{"r":"12","t":"23:54:03","h":"Nord","s":"25N-H56NV10I-80-I"},{"r":"12","t":"23:54:03","h":"Nord","s":"25N-H56NV20I-80-I"},{"r":"12","t":"23:54:03","h":"Nord","s":"25S-H56S000I-80-I"},{"r":"12","t":"23:54:03","h":"Nord","s":"25S-H56S100F-80-F1"},{"r":"12","t":"23:54:03","h":"Nord","s":"25S-H56S200F-81-F2"},{"r":"12","t":"23:55:03","h":"Nord","s":"25N-H56N000A-80-A"},{"r":"12","t":"23:55:03","h":"Nord","s":"25N-H56NV10A-80-A"},{"r":"12","t":"23:55:03","h":"Nord","s":"25N-H56NV20A-80-A"},{"r":"12","t":"23:55:03","h":"Nord","s":"25S-H56S000A-80-A"},{"r":"12","t":"24:27:03","h":"Nord","s":"25N-H56N000A-80-A"},{"r":"12","t":"24:27:03","h":"Nord","s":"25N-H56N000I-80-I"},{"r":"12","t":"24:27:03","h":"Nord","s":"25N-H56N100F-80-F1"},{"r":"12","t":"24:27:03","h":"Nord","s":"25N-H56N200F-80-F2"},{"r":"12","t":"24:27:03","h":"Nord","s":"25N-H56N300F-80-F3"},{"r":"12","t":"24:27:03","h":"Nord","s":"25N-H56N400F-80-F4"},{"r":"12","t":"24:27:03","h":"Nord","s":"25N-H56NV10A-80-A"},{"r":"12","t":"24:27:03","h":"Nord","s":"25N-H56NV10I-80-I"},{"r":"12","t":"24:27:03","h":"Nord","s":"25N-H56NV20A-80-A"},{"r":"12","t":"24:27:03","h":"Nord","s":"25N-H56NV20I-80-I"},{"r":"12","t":"24:27:03","h":"Nord","s":"25S-H56S000A-80-A"},{"r":"12","t":"24:27:03","h":"Nord","s":"25S-H56S000I-80-I"},{"r":"12","t":"24:27:03","h":"Nord","s":"25S-H56S100F-80-F1"},{"r":"12","t":"24:27:03","h":"Nord","s":"25S-H56S200F-81-F2"}]