[{"r":"968","t":"05:15:00","h":"Est","s":"25N-H60N000S-80-S"},{"r":"968","t":"05:15:00","h":"Est","s":"25S-H60S000S-80-S"},{"r":"968","t":"06:10:00","h":"Est","s":"25N-H60N000S-80-S"},{"r":"968","t":"06:10:00","h":"Est","s":"25S-H60S000S-80-S"},{"r":"968","t":"06:15:00","h":"Est","s":"25N-H60N000S-98-S"},{"r":"968","t":"06:15:00","h":"Est","s":"25N-H60NV10S-98-S"},{"r":"968","t":"06:15:00","h":"Est","s":"25N-H60NV20S-98-S"},{"r":"968","t":"06:20:00","h":"Est","s":"25N-H60N000S-80-S"},{"r":"968","t":"06:20:00","h":"Est","s":"25S-H60S000S-80-S"},{"r":"968","t":"06:30:00","h":"Est","s":"25N-H60N000S-80-S"},{"r":"968","t":"06:30:00","h":"Est","s":"25N-H60N000S-98-S"},{"r":"968","t":"06:30:00","h":"Est","s":"25N-H60NV10S-98-S"},{"r":"968","t":"06:30:00","h":"Est","s":"25N-H60NV20S-98-S"},{"r":"968","t":"06:30:00","h":"Est","s":"25S-H60S000S-80-S"},{"r":"968","t":"06:36:00","h":"Ouest","s":"25N-H60N000S-80-S"},{"r":"968","t":"06:36:00","h":"Ouest","s":"25S-H60S000S-80-S"},{"r":"968","t":"06:40:00","h":"Est","s":"25N-H60N000S-80-S"},{"r":"968","t":"06:40:00","h":"Est","s":"25S-H60S000S-80-S"},{"r":"968","t":"06:45:00","h":"Est","s":"25N-H60N000S-98-S"},{"r":"968","t":"06:45:00","h":"Est","s":"25N-H60NV10S-98-S"},{"r":"968","t":"06:45:00","h":"Est","s":"25N-H60NV20S-98-S"},{"r":"968","t":"06:50:00","h":"Est","s":"25N-H60N000S-80-S"},{"r":"968","t":"06:50:00","h":"Est","s":"25S-H60S000S-80-S"},{"r":"968","t":"07:00:00","h":"Est","s":"25N-H60N000S-80-S"},{"r":"968","t":"07:00:00","h":"Est","s":"25N-H60N000S-98-S"},{"r":"968","t":"07:00:00","h":"Est","s":"25N-H60NV10S-98-S"},{"r":"968","t":"07:00:00","h":"Est","s":"25N-H60NV20S-98-S"},{"r":"968","t":"07:00:00","h":"Est","s":"25S-H60S000S-80-S"},{"r":"968","t":"07:10:00","h":"Est","s":"25N-H60N000A-80-A"},{"r":"968","t":"07:10:00","h":"Est","s":"25N-H60N000S-80-S"},{"r":"968","t":"07:10:00","h":"Est","s":"25N-H60NV10A-80-A"},{"r":"968","t":"07:10:00","h":"Est","s":"25N-H60NV20A-80-A"},{"r":"968","t":"07:10:00","h":"Est","s":"25S-H60S000A-80-A"},{"r":"968","t":"07:10:00","h":"Est","s":"25S-H60S000S-80-S"},{"r":"968","t":"07:15:00","h":"Est","s":"25N-H60N000S-98-S"},{"r":"968","t":"07:15:00","h":"Est","s":"25N-H60NV10S-98-S"},{"r":"968","t":"07:15:00","h":"Est","s":"25N-H60NV20S-98-S"},{"r":"968","t":"07:20:00","h":"Est","s":"25N-H60N000S-80-S"},{"r":"968","t":"07:20:00","h":"Est","s":"25S-H60S000S-80-S"},{"r":"968","t":"07:30:00","h":"Est","s":"25N-H60N000S-80-S"},{"r":"968","t":"07:30:00","h":"Est","s":"25N-H60N000S-98-S"},{"r":"968","t":"07:30:00","h":"Est","s":"25N-H60NV10S-98-S"},{"r":"968","t":"07:30:00","h":"Est","s":"25N-H60NV20S-98-S"},{"r":"968","t":"07:30:00","h":"Est","s":"25S-H60S000S-80-S"},{"r":"968","t":"07:31:00","h":"Ouest","s":"25N-H60N000A-80-A"},{"r":"968","t":"07:31:00","h":"Ouest","s":"25N-H60NV10A-80-A"},{"r":"968","t":"07:31:00","h":"Ouest","s":"25N-H60NV20A-80-A"},{"r":"968","t":"07:31:00","h":"Ouest","s":"25S-H60S000A-80-A"},{"r":"968","t":"07:36:00","h":"Ouest","s":"25N-H60N000S-80-S"},{"r":"968","t":"07:36:00","h":"Ouest","s":"25S-H60S000S-80-S"},{"r":"968","t":"07:40:00","h":"Est","s":"25N-H60N000S-80-S"},{"r":"968","t":"07:40:00","h":"Est","s":"25S-H60S000S-80-S"},{"r":"968","t":"07:45:00","h":"Est","s":"25N-H60N000S-98-S"},{"r":"968","t":"07:45:00","h":"Est","s":"25N-H60NV10S-98-S"},{"r":"968","t":"07:45:00","h":"Est","s":"25N-H60NV20S-98-S"},{"r":"968","t":"07:50:00","h":"Est","s":"25N-H60N000S-80-S"},{"r":"968","t":"07:50:00","h":"Est","s":"25S-H60S000S-80-S"},{"r":"968","t":"08:00:00","h":"Est","s":"25N-H60N000S-80-S"},{"r":"968","t":"08:00:00","h":"Est","s":"25N-H60N000S-98-S"},{"r":"968","t":"08:00:00","h":"Est","s":"25N-H60NV10S-98-S"},{"r":"968","t":"08:00:00","h":"Est","s":"25N-H60NV20S-98-S"},{"r":"968","t":"08:00:00","h":"Est","s":"25S-H60S000S-80-S"},{"r":"968","t":"08:10:00","h":"Est","s":"25N-H60N000A-80-A"},{"r":"968","t":"08:10:00","h":"Est","s":"25N-H60N000I-80-I"},{"r":"968","t":"08:10:00","h":"Est","s":"25N-H60N000S-80-S"},{"r":"968","t":"08:10:00","h":"Est","s":"25N-H60N100F-81-F1"},{"r":"968","t":"08:10:00","h":"Est","s":"25N-H60N200F-81-F2"},{"r":"968","t":"08:10:00","h":"Est","s":"25N-H60N300F-82-F3"},{"r":"968","t":"08:10:00","h":"Est","s":"25N-H60N400F-81-F4"},{"r":"968","t":"08:10:00","h":"Est","s":"25N-H60NV10A-80-A"},{"r":"968","t":"08:10:00","h":"Est","s":"25N-H60NV10I-80-I"},{"r":"968","t":"08:10:00","h":"Est","s":"25N-H60NV20A-80-A"},{"r":"968","t":"08:10:00","h":"Est","s":"25N-H60NV20I-80-I"},{"r":"968","t":"08:10:00","h":"Est","s":"25S-H60S000A-80-A"},{"r":"968","t":"08:10:00","h":"Est","s":"25S-H60S000I-80-I"},{"r":"968","t":"08:10:00","h":"Est","s":"25S-H60S000S-80-S"},{"r":"968","t":"08:10:00","h":"Est","s":"25S-H60S100F-82-F1"},{"r":"968","t":"08:10:00","h":"Est","s":"25S-H60S200F-81-F2"},{"r":"968","t":"08:15:00","h":"Est","s":"25N-H60N000S-98-S"},{"r":"968","t":"08:15:00","h":"Est","s":"25N-H60NV10S-98-S"},{"r":"968","t":"08:15:00","h":"Est","s":"25N-H60NV20S-98-S"},{"r":"968","t":"08:20:00","h":"Est","s":"25N-H60N000S-80-S"},{"r":"968","t":"08:20:00","h":"Est","s":"25S-H60S000S-80-S"},{"r":"968","t":"08:30:00","h":"Est","s":"25N-H60N000S-80-S"},{"r":"968","t":"08:30:00","h":"Est","s":"25N-H60N000S-98-S"},{"r":"968","t":"08:30:00","h":"Est","s":"25N-H60NV10S-98-S"},{"r":"968","t":"08:30:00","h":"Est","s":"25N-H60NV20S-98-S"},{"r":"968","t":"08:30:00","h":"Est","s":"25S-H60S000S-80-S"},{"r":"968","t":"08:31:00","h":"Ouest","s":"25N-H60N000A-80-A"},{"r":"968","t":"08:31:00","h":"Ouest","s":"25N-H60NV10A-80-A"},{"r":"968","t":"08:31:00","h":"Ouest","s":"25N-H60NV20A-80-A"},{"r":"968","t":"08:31:00","h":"Ouest","s":"25S-H60S000A-80-A"},{"r":"968","t":"08:36:00","h":"Ouest","s":"25N-H60N000I-80-I"},{"r":"968","t":"08:36:00","h":"Ouest","s":"25N-H60N000S-80-S"},{"r":"968","t":"08:36:00","h":"Ouest","s":"25N-H60N100F-81-F1"},{"r":"968","t":"08:36:00","h":"Ouest","s":"25N-H60N200F-81-F2"},{"r":"968","t":"08:36:00","h":"Ouest","s":"25N-H60N300F-82-F3"},{"r":"968","t":"08:36:00","h":"Ouest","s":"25N-H60N400F-81-F4"},{"r":"968","t":"08:36:00","h":"Ouest","s":"25N-H60NV10I-80-I"},{"r":"968","t":"08:36:00","h":"Ouest","s":"25N-H60NV20I-80-I"},{"r":"968","t":"08:36:00","h":"Ouest","s":"25S-H60S000I-80-I"},{"r":"968","t":"08:36:00","h":"Ouest","s":"25S-H60S000S-80-S"},{"r":"968","t":"08:36:00","h":"Ouest","s":"25S-H60S100F-82-F1"},{"r":"968","t":"08:36:00","h":"Ouest","s":"25S-H60S200F-81-F2"},{"r":"968","t":"08:40:00","h":"Est","s":"25N-H60N000S-80-S"},{"r":"968","t":"08:40:00","h":"Est","s":"25S-H60S000S-80-S"},{"r":"968","t":"08:45:00","h":"Est","s":"25N-H60N000S-98-S"},{"r":"968","t":"08:45:00","h":"Est","s":"25N-H60NV10S-98-S"},{"r":"968","t":"08:45:00","h":"Est","s":"25N-H60NV20S-98-S"},{"r":"968","t":"08:50:00","h":"Est","s":"25N-H60N000S-80-S"},{"r":"968","t":"08:50:00","h":"Est","s":"25S-H60S000S-80-S"},{"r":"968","t":"09:00:00","h":"Est","s":"25N-H60N000S-80-S"},{"r":"968","t":"09:00:00","h":"Est","s":"25S-H60S000S-80-S"},{"r":"968","t":"09:10:00","h":"Est","s":"25N-H60N000A-80-A"},{"r":"968","t":"09:10:00","h":"Est","s":"25N-H60N000I-80-I"},{"r":"968","t":"09:10:00","h":"Est","s":"25N-H60N000S-80-S"},{"r":"968","t":"09:10:00","h":"Est","s":"25N-H60N100F-81-F1"},{"r":"968","t":"09:10:00","h":"Est","s":"25N-H60N200F-81-F2"},{"r":"968","t":"09:10:00","h":"Est","s":"25N-H60N300F-82-F3"},{"r":"968","t":"09:10:00","h":"Est","s":"25N-H60N400F-81-F4"},{"r":"968","t":"09:10:00","h":"Est","s":"25N-H60NV10A-80-A"},{"r":"968","t":"09:10:00","h":"Est","s":"25N-H60NV10I-80-I"},{"r":"968","t":"09:10:00","h":"Est","s":"25N-H60NV20A-80-A"},{"r":"968","t":"09:10:00","h":"Est","s":"25N-H60NV20I-80-I"},{"r":"968","t":"09:10:00","h":"Est","s":"25S-H60S000A-80-A"},{"r":"968","t":"09:10:00","h":"Est","s":"25S-H60S000I-80-I"},{"r":"968","t":"09:10:00","h":"Est","s":"25S-H60S000S-80-S"},{"r":"968","t":"09:10:00","h":"Est","s":"25S-H60S100F-82-F1"},{"r":"968","t":"09:10:00","h":"Est","s":"25S-H60S200F-81-F2"},{"r":"968","t":"09:25:00","h":"Est","s":"25N-H60N000S-80-S"},{"r":"968","t":"09:25:00","h":"Est","s":"25S-H60S000S-80-S"},{"r":"968","t":"09:31:00","h":"Ouest","s":"25N-H60N000A-80-A"},{"r":"968","t":"09:31:00","h":"Ouest","s":"25N-H60NV10A-80-A"},{"r":"968","t":"09:31:00","h":"Ouest","s":"25N-H60NV20A-80-A"},{"r":"968","t":"09:31:00","h":"Ouest","s":"25S-H60S000A-80-A"},{"r":"968","t":"09:36:00","h":"Ouest","s":"25N-H60N000I-80-I"},{"r":"968","t":"09:36:00","h":"Ouest","s":"25N-H60N000S-80-S"},{"r":"968","t":"09:36:00","h":"Ouest","s":"25N-H60N100F-81-F1"},{"r":"968","t":"09:36:00","h":"Ouest","s":"25N-H60N200F-81-F2"},{"r":"968","t":"09:36:00","h":"Ouest","s":"25N-H60N300F-82-F3"},{"r":"968","t":"09:36:00","h":"Ouest","s":"25N-H60N400F-81-F4"},{"r":"968","t":"09:36:00","h":"Ouest","s":"25N-H60NV10I-80-I"},{"r":"968","t":"09:36:00","h":"Ouest","s":"25N-H60NV20I-80-I"},{"r":"968","t":"09:36:00","h":"Ouest","s":"25S-H60S000I-80-I"},{"r":"968","t":"09:36:00","h":"Ouest","s":"25S-H60S000S-80-S"},{"r":"968","t":"09:36:00","h":"Ouest","s":"25S-H60S100F-82-F1"},{"r":"968","t":"09:36:00","h":"Ouest","s":"25S-H60S200F-81-F2"},{"r":"968","t":"10:10:00","h":"Est","s":"25N-H60N000A-80-A"},{"r":"968","t":"10:10:00","h":"Est","s":"25N-H60N000I-80-I"},{"r":"968","t":"10:10:00","h":"Est","s":"25N-H60N100F-81-F1"},{"r":"968","t":"10:10:00","h":"Est","s":"25N-H60N200F-81-F2"},{"r":"968","t":"10:10:00","h":"Est","s":"25N-H60N300F-82-F3"},{"r":"968","t":"10:10:00","h":"Est","s":"25N-H60N400F-81-F4"},{"r":"968","t":"10:10:00","h":"Est","s":"25N-H60NV10A-80-A"},{"r":"968","t":"10:10:00","h":"Est","s":"25N-H60NV10I-80-I"},{"r":"968","t":"10:10:00","h":"Est","s":"25N-H60NV20A-80-A"},{"r":"968","t":"10:10:00","h":"Est","s":"25N-H60NV20I-80-I"},{"r":"968","t":"10:10:00","h":"Est","s":"25S-H60S000A-80-A"},{"r":"968","t":"10:10:00","h":"Est","s":"25S-H60S000I-80-I"},{"r":"968","t":"10:10:00","h":"Est","s":"25S-H60S100F-82-F1"},{"r":"968","t":"10:10:00","h":"Est","s":"25S-H60S200F-81-F2"},{"r":"968","t":"10:25:00","h":"Est","s":"25N-H60N000S-80-S"},{"r":"968","t":"10:25:00","h":"Est","s":"25S-H60S000S-80-S"},{"r":"968","t":"10:31:00","h":"Ouest","s":"25N-H60N000A-80-A"},{"r":"968","t":"10:31:00","h":"Ouest","s":"25N-H60NV10A-80-A"},{"r":"968","t":"10:31:00","h":"Ouest","s":"25N-H60NV20A-80-A"},{"r":"968","t":"10:31:00","h":"Ouest","s":"25S-H60S000A-80-A"},{"r":"968","t":"10:36:00","h":"Ouest","s":"25N-H60N000I-80-I"},{"r":"968","t":"10:36:00","h":"Ouest","s":"25N-H60N000S-80-S"},{"r":"968","t":"10:36:00","h":"Ouest","s":"25N-H60N100F-81-F1"},{"r":"968","t":"10:36:00","h":"Ouest","s":"25N-H60N200F-81-F2"},{"r":"968","t":"10:36:00","h":"Ouest","s":"25N-H60N300F-82-F3"},{"r":"968","t":"10:36:00","h":"Ouest","s":"25N-H60N400F-81-F4"},{"r":"968","t":"10:36:00","h":"Ouest","s":"25N-H60NV10I-80-I"},{"r":"968","t":"10:36:00","h":"Ouest","s":"25N-H60NV20I-80-I"},{"r":"968","t":"10:36:00","h":"Ouest","s":"25S-H60S000I-80-I"},{"r":"968","t":"10:36:00","h":"Ouest","s":"25S-H60S000S-80-S"},{"r":"968","t":"10:36:00","h":"Ouest","s":"25S-H60S100F-82-F1"},{"r":"968","t":"10:36:00","h":"Ouest","s":"25S-H60S200F-81-F2"},{"r":"968","t":"11:10:00","h":"Est","s":"25N-H60N000A-80-A"},{"r":"968","t":"11:10:00","h":"Est","s":"25N-H60N000I-80-I"},{"r":"968","t":"11:10:00","h":"Est","s":"25N-H60N100F-81-F1"},{"r":"968","t":"11:10:00","h":"Est","s":"25N-H60N200F-81-F2"},{"r":"968","t":"11:10:00","h":"Est","s":"25N-H60N300F-82-F3"},{"r":"968","t":"11:10:00","h":"Est","s":"25N-H60N400F-81-F4"},{"r":"968","t":"11:10:00","h":"Est","s":"25N-H60NV10A-80-A"},{"r":"968","t":"11:10:00","h":"Est","s":"25N-H60NV10I-80-I"},{"r":"968","t":"11:10:00","h":"Est","s":"25N-H60NV20A-80-A"},{"r":"968","t":"11:10:00","h":"Est","s":"25N-H60NV20I-80-I"},{"r":"968","t":"11:10:00","h":"Est","s":"25S-H60S000A-80-A"},{"r":"968","t":"11:10:00","h":"Est","s":"25S-H60S000I-80-I"},{"r":"968","t":"11:10:00","h":"Est","s":"25S-H60S100F-82-F1"},{"r":"968","t":"11:10:00","h":"Est","s":"25S-H60S200F-81-F2"},{"r":"968","t":"11:25:00","h":"Est","s":"25N-H60N000S-80-S"},{"r":"968","t":"11:25:00","h":"Est","s":"25S-H60S000S-80-S"},{"r":"968","t":"11:31:00","h":"Ouest","s":"25N-H60N000A-80-A"},{"r":"968","t":"11:31:00","h":"Ouest","s":"25N-H60NV10A-80-A"},{"r":"968","t":"11:31:00","h":"Ouest","s":"25N-H60NV20A-80-A"},{"r":"968","t":"11:31:00","h":"Ouest","s":"25S-H60S000A-80-A"},{"r":"968","t":"11:36:00","h":"Ouest","s":"25N-H60N000I-80-I"},{"r":"968","t":"11:36:00","h":"Ouest","s":"25N-H60N000S-80-S"},{"r":"968","t":"11:36:00","h":"Ouest","s":"25N-H60N100F-81-F1"},{"r":"968","t":"11:36:00","h":"Ouest","s":"25N-H60N200F-81-F2"},{"r":"968","t":"11:36:00","h":"Ouest","s":"25N-H60N300F-82-F3"},{"r":"968","t":"11:36:00","h":"Ouest","s":"25N-H60N400F-81-F4"},{"r":"968","t":"11:36:00","h":"Ouest","s":"25N-H60NV10I-80-I"},{"r":"968","t":"11:36:00","h":"Ouest","s":"25N-H60NV20I-80-I"},{"r":"968","t":"11:36:00","h":"Ouest","s":"25S-H60S000I-80-I"},{"r":"968","t":"11:36:00","h":"Ouest","s":"25S-H60S000S-80-S"},{"r":"968","t":"11:36:00","h":"Ouest","s":"25S-H60S100F-82-F1"},{"r":"968","t":"11:36:00","h":"Ouest","s":"25S-H60S200F-81-F2"},{"r":"968","t":"12:10:00","h":"Est","s":"25N-H60N000A-80-A"},{"r":"968","t":"12:10:00","h":"Est","s":"25N-H60N000I-80-I"},{"r":"968","t":"12:10:00","h":"Est","s":"25N-H60N100F-81-F1"},{"r":"968","t":"12:10:00","h":"Est","s":"25N-H60N200F-81-F2"},{"r":"968","t":"12:10:00","h":"Est","s":"25N-H60N300F-82-F3"},{"r":"968","t":"12:10:00","h":"Est","s":"25N-H60N400F-81-F4"},{"r":"968","t":"12:10:00","h":"Est","s":"25N-H60NV10A-80-A"},{"r":"968","t":"12:10:00","h":"Est","s":"25N-H60NV10I-80-I"},{"r":"968","t":"12:10:00","h":"Est","s":"25N-H60NV20A-80-A"},{"r":"968","t":"12:10:00","h":"Est","s":"25N-H60NV20I-80-I"},{"r":"968","t":"12:10:00","h":"Est","s":"25S-H60S000A-80-A"},{"r":"968","t":"12:10:00","h":"Est","s":"25S-H60S000I-80-I"},{"r":"968","t":"12:10:00","h":"Est","s":"25S-H60S100F-82-F1"},{"r":"968","t":"12:10:00","h":"Est","s":"25S-H60S200F-81-F2"},{"r":"968","t":"12:25:00","h":"Est","s":"25N-H60N000S-80-S"},{"r":"968","t":"12:25:00","h":"Est","s":"25S-H60S000S-80-S"},{"r":"968","t":"12:31:00","h":"Ouest","s":"25N-H60N000A-80-A"},{"r":"968","t":"12:31:00","h":"Ouest","s":"25N-H60NV10A-80-A"},{"r":"968","t":"12:31:00","h":"Ouest","s":"25N-H60NV20A-80-A"},{"r":"968","t":"12:31:00","h":"Ouest","s":"25S-H60S000A-80-A"},{"r":"968","t":"12:36:00","h":"Ouest","s":"25N-H60N000I-80-I"},{"r":"968","t":"12:36:00","h":"Ouest","s":"25N-H60N000S-80-S"},{"r":"968","t":"12:36:00","h":"Ouest","s":"25N-H60N100F-81-F1"},{"r":"968","t":"12:36:00","h":"Ouest","s":"25N-H60N200F-81-F2"},{"r":"968","t":"12:36:00","h":"Ouest","s":"25N-H60N300F-82-F3"},{"r":"968","t":"12:36:00","h":"Ouest","s":"25N-H60N400F-81-F4"},{"r":"968","t":"12:36:00","h":"Ouest","s":"25N-H60NV10I-80-I"},{"r":"968","t":"12:36:00","h":"Ouest","s":"25N-H60NV20I-80-I"},{"r":"968","t":"12:36:00","h":"Ouest","s":"25S-H60S000I-80-I"},{"r":"968","t":"12:36:00","h":"Ouest","s":"25S-H60S000S-80-S"},{"r":"968","t":"12:36:00","h":"Ouest","s":"25S-H60S100F-82-F1"},{"r":"968","t":"12:36:00","h":"Ouest","s":"25S-H60S200F-81-F2"},{"r":"968","t":"13:10:00","h":"Est","s":"25N-H60N000A-80-A"},{"r":"968","t":"13:10:00","h":"Est","s":"25N-H60N000I-80-I"},{"r":"968","t":"13:10:00","h":"Est","s":"25N-H60N100F-81-F1"},{"r":"968","t":"13:10:00","h":"Est","s":"25N-H60N200F-81-F2"},{"r":"968","t":"13:10:00","h":"Est","s":"25N-H60N300F-82-F3"},{"r":"968","t":"13:10:00","h":"Est","s":"25N-H60N400F-81-F4"},{"r":"968","t":"13:10:00","h":"Est","s":"25N-H60NV10A-80-A"},{"r":"968","t":"13:10:00","h":"Est","s":"25N-H60NV10I-80-I"},{"r":"968","t":"13:10:00","h":"Est","s":"25N-H60NV20A-80-A"},{"r":"968","t":"13:10:00","h":"Est","s":"25N-H60NV20I-80-I"},{"r":"968","t":"13:10:00","h":"Est","s":"25S-H60S000A-80-A"},{"r":"968","t":"13:10:00","h":"Est","s":"25S-H60S000I-80-I"},{"r":"968","t":"13:10:00","h":"Est","s":"25S-H60S100F-82-F1"},{"r":"968","t":"13:10:00","h":"Est","s":"25S-H60S200F-81-F2"},{"r":"968","t":"13:25:00","h":"Est","s":"25N-H60N000S-80-S"},{"r":"968","t":"13:25:00","h":"Est","s":"25S-H60S000S-80-S"},{"r":"968","t":"13:31:00","h":"Ouest","s":"25N-H60N000A-80-A"},{"r":"968","t":"13:31:00","h":"Ouest","s":"25N-H60NV10A-80-A"},{"r":"968","t":"13:31:00","h":"Ouest","s":"25N-H60NV20A-80-A"},{"r":"968","t":"13:31:00","h":"Ouest","s":"25S-H60S000A-80-A"},{"r":"968","t":"13:36:00","h":"Ouest","s":"25N-H60N000I-80-I"},{"r":"968","t":"13:36:00","h":"Ouest","s":"25N-H60N000S-80-S"},{"r":"968","t":"13:36:00","h":"Ouest","s":"25N-H60N100F-81-F1"},{"r":"968","t":"13:36:00","h":"Ouest","s":"25N-H60N200F-81-F2"},{"r":"968","t":"13:36:00","h":"Ouest","s":"25N-H60N300F-82-F3"},{"r":"968","t":"13:36:00","h":"Ouest","s":"25N-H60N400F-81-F4"},{"r":"968","t":"13:36:00","h":"Ouest","s":"25N-H60NV10I-80-I"},{"r":"968","t":"13:36:00","h":"Ouest","s":"25N-H60NV20I-80-I"},{"r":"968","t":"13:36:00","h":"Ouest","s":"25S-H60S000I-80-I"},{"r":"968","t":"13:36:00","h":"Ouest","s":"25S-H60S000S-80-S"},{"r":"968","t":"13:36:00","h":"Ouest","s":"25S-H60S100F-82-F1"},{"r":"968","t":"13:36:00","h":"Ouest","s":"25S-H60S200F-81-F2"},{"r":"968","t":"14:10:00","h":"Est","s":"25N-H60N000A-80-A"},{"r":"968","t":"14:10:00","h":"Est","s":"25N-H60N000I-80-I"},{"r":"968","t":"14:10:00","h":"Est","s":"25N-H60N100F-81-F1"},{"r":"968","t":"14:10:00","h":"Est","s":"25N-H60N200F-81-F2"},{"r":"968","t":"14:10:00","h":"Est","s":"25N-H60N300F-82-F3"},{"r":"968","t":"14:10:00","h":"Est","s":"25N-H60N400F-81-F4"},{"r":"968","t":"14:10:00","h":"Est","s":"25N-H60NV10A-80-A"},{"r":"968","t":"14:10:00","h":"Est","s":"25N-H60NV10I-80-I"},{"r":"968","t":"14:10:00","h":"Est","s":"25N-H60NV20A-80-A"},{"r":"968","t":"14:10:00","h":"Est","s":"25N-H60NV20I-80-I"},{"r":"968","t":"14:10:00","h":"Est","s":"25S-H60S000A-80-A"},{"r":"968","t":"14:10:00","h":"Est","s":"25S-H60S000I-80-I"},{"r":"968","t":"14:10:00","h":"Est","s":"25S-H60S100F-82-F1"},{"r":"968","t":"14:10:00","h":"Est","s":"25S-H60S200F-81-F2"},{"r":"968","t":"14:25:00","h":"Est","s":"25N-H60N000S-80-S"},{"r":"968","t":"14:25:00","h":"Est","s":"25S-H60S000S-80-S"},{"r":"968","t":"14:31:00","h":"Ouest","s":"25N-H60N000A-80-A"},{"r":"968","t":"14:31:00","h":"Ouest","s":"25N-H60NV10A-80-A"},{"r":"968","t":"14:31:00","h":"Ouest","s":"25N-H60NV20A-80-A"},{"r":"968","t":"14:31:00","h":"Ouest","s":"25S-H60S000A-80-A"},{"r":"968","t":"14:36:00","h":"Ouest","s":"25N-H60N000I-80-I"},{"r":"968","t":"14:36:00","h":"Ouest","s":"25N-H60N000S-80-S"},{"r":"968","t":"14:36:00","h":"Ouest","s":"25N-H60N100F-81-F1"},{"r":"968","t":"14:36:00","h":"Ouest","s":"25N-H60N200F-81-F2"},{"r":"968","t":"14:36:00","h":"Ouest","s":"25N-H60N300F-82-F3"},{"r":"968","t":"14:36:00","h":"Ouest","s":"25N-H60N400F-81-F4"},{"r":"968","t":"14:36:00","h":"Ouest","s":"25N-H60NV10I-80-I"},{"r":"968","t":"14:36:00","h":"Ouest","s":"25N-H60NV20I-80-I"},{"r":"968","t":"14:36:00","h":"Ouest","s":"25S-H60S000I-80-I"},{"r":"968","t":"14:36:00","h":"Ouest","s":"25S-H60S000S-80-S"},{"r":"968","t":"14:36:00","h":"Ouest","s":"25S-H60S100F-82-F1"},{"r":"968","t":"14:36:00","h":"Ouest","s":"25S-H60S200F-81-F2"},{"r":"968","t":"15:06:00","h":"Ouest","s":"25N-H60N000S-80-S"},{"r":"968","t":"15:06:00","h":"Ouest","s":"25S-H60S000S-80-S"},{"r":"968","t":"15:10:00","h":"Est","s":"25N-H60N000A-80-A"},{"r":"968","t":"15:10:00","h":"Est","s":"25N-H60N000I-80-I"},{"r":"968","t":"15:10:00","h":"Est","s":"25N-H60N100F-81-F1"},{"r":"968","t":"15:10:00","h":"Est","s":"25N-H60N200F-81-F2"},{"r":"968","t":"15:10:00","h":"Est","s":"25N-H60N300F-82-F3"},{"r":"968","t":"15:10:00","h":"Est","s":"25N-H60N400F-81-F4"},{"r":"968","t":"15:10:00","h":"Est","s":"25N-H60NV10A-80-A"},{"r":"968","t":"15:10:00","h":"Est","s":"25N-H60NV10I-80-I"},{"r":"968","t":"15:10:00","h":"Est","s":"25N-H60NV20A-80-A"},{"r":"968","t":"15:10:00","h":"Est","s":"25N-H60NV20I-80-I"},{"r":"968","t":"15:10:00","h":"Est","s":"25S-H60S000A-80-A"},{"r":"968","t":"15:10:00","h":"Est","s":"25S-H60S000I-80-I"},{"r":"968","t":"15:10:00","h":"Est","s":"25S-H60S100F-82-F1"},{"r":"968","t":"15:10:00","h":"Est","s":"25S-H60S200F-81-F2"},{"r":"968","t":"15:21:00","h":"Ouest","s":"25N-H60N000S-80-S"},{"r":"968","t":"15:21:00","h":"Ouest","s":"25S-H60S000S-80-S"},{"r":"968","t":"15:25:00","h":"Est","s":"25N-H60N000S-80-S"},{"r":"968","t":"15:25:00","h":"Est","s":"25S-H60S000S-80-S"},{"r":"968","t":"15:31:00","h":"Ouest","s":"25N-H60N000A-80-A"},{"r":"968","t":"15:31:00","h":"Ouest","s":"25N-H60NV10A-80-A"},{"r":"968","t":"15:31:00","h":"Ouest","s":"25N-H60NV20A-80-A"},{"r":"968","t":"15:31:00","h":"Ouest","s":"25S-H60S000A-80-A"},{"r":"968","t":"15:36:00","h":"Ouest","s":"25N-H60N000I-80-I"},{"r":"968","t":"15:36:00","h":"Ouest","s":"25N-H60N000S-80-S"},{"r":"968","t":"15:36:00","h":"Ouest","s":"25N-H60N100F-81-F1"},{"r":"968","t":"15:36:00","h":"Ouest","s":"25N-H60N200F-81-F2"},{"r":"968","t":"15:36:00","h":"Ouest","s":"25N-H60N300F-82-F3"},{"r":"968","t":"15:36:00","h":"Ouest","s":"25N-H60N400F-81-F4"},{"r":"968","t":"15:36:00","h":"Ouest","s":"25N-H60NV10I-80-I"},{"r":"968","t":"15:36:00","h":"Ouest","s":"25N-H60NV20I-80-I"},{"r":"968","t":"15:36:00","h":"Ouest","s":"25S-H60S000I-80-I"},{"r":"968","t":"15:36:00","h":"Ouest","s":"25S-H60S000S-80-S"},{"r":"968","t":"15:36:00","h":"Ouest","s":"25S-H60S100F-82-F1"},{"r":"968","t":"15:36:00","h":"Ouest","s":"25S-H60S200F-81-F2"},{"r":"968","t":"15:52:00","h":"Ouest","s":"25N-H60N000S-80-S"},{"r":"968","t":"15:52:00","h":"Ouest","s":"25N-H60N000S-98-S"},{"r":"968","t":"15:52:00","h":"Ouest","s":"25N-H60NV10S-98-S"},{"r":"968","t":"15:52:00","h":"Ouest","s":"25N-H60NV20S-98-S"},{"r":"968","t":"15:52:00","h":"Ouest","s":"25S-H60S000S-80-S"},{"r":"968","t":"16:07:00","h":"Ouest","s":"25N-H60N000S-80-S"},{"r":"968","t":"16:07:00","h":"Ouest","s":"25N-H60N000S-98-S"},{"r":"968","t":"16:07:00","h":"Ouest","s":"25N-H60NV10S-98-S"},{"r":"968","t":"16:07:00","h":"Ouest","s":"25N-H60NV20S-98-S"},{"r":"968","t":"16:07:00","h":"Ouest","s":"25S-H60S000S-80-S"},{"r":"968","t":"16:10:00","h":"Est","s":"25N-H60N000A-80-A"},{"r":"968","t":"16:10:00","h":"Est","s":"25N-H60N000I-80-I"},{"r":"968","t":"16:10:00","h":"Est","s":"25N-H60N100F-81-F1"},{"r":"968","t":"16:10:00","h":"Est","s":"25N-H60N200F-81-F2"},{"r":"968","t":"16:10:00","h":"Est","s":"25N-H60N300F-82-F3"},{"r":"968","t":"16:10:00","h":"Est","s":"25N-H60N400F-81-F4"},{"r":"968","t":"16:10:00","h":"Est","s":"25N-H60NV10A-80-A"},{"r":"968","t":"16:10:00","h":"Est","s":"25N-H60NV10I-80-I"},{"r":"968","t":"16:10:00","h":"Est","s":"25N-H60NV20A-80-A"},{"r":"968","t":"16:10:00","h":"Est","s":"25N-H60NV20I-80-I"},{"r":"968","t":"16:10:00","h":"Est","s":"25S-H60S000A-80-A"},{"r":"968","t":"16:10:00","h":"Est","s":"25S-H60S000I-80-I"},{"r":"968","t":"16:10:00","h":"Est","s":"25S-H60S100F-82-F1"},{"r":"968","t":"16:10:00","h":"Est","s":"25S-H60S200F-81-F2"},{"r":"968","t":"16:17:00","h":"Ouest","s":"25N-H60N000S-80-S"},{"r":"968","t":"16:17:00","h":"Ouest","s":"25S-H60S000S-80-S"},{"r":"968","t":"16:22:00","h":"Ouest","s":"25N-H60N000S-98-S"},{"r":"968","t":"16:22:00","h":"Ouest","s":"25N-H60NV10S-98-S"},{"r":"968","t":"16:22:00","h":"Ouest","s":"25N-H60NV20S-98-S"},{"r":"968","t":"16:25:00","h":"Est","s":"25N-H60N000S-80-S"},{"r":"968","t":"16:25:00","h":"Est","s":"25S-H60S000S-80-S"},{"r":"968","t":"16:27:00","h":"Ouest","s":"25N-H60N000S-80-S"},{"r":"968","t":"16:27:00","h":"Ouest","s":"25S-H60S000S-80-S"},{"r":"968","t":"16:32:00","h":"Ouest","s":"25N-H60N000A-80-A"},{"r":"968","t":"16:32:00","h":"Ouest","s":"25N-H60NV10A-80-A"},{"r":"968","t":"16:32:00","h":"Ouest","s":"25N-H60NV20A-80-A"},{"r":"968","t":"16:32:00","h":"Ouest","s":"25S-H60S000A-80-A"},{"r":"968","t":"16:37:00","h":"Ouest","s":"25N-H60N000I-80-I"},{"r":"968","t":"16:37:00","h":"Ouest","s":"25N-H60N000S-80-S"},{"r":"968","t":"16:37:00","h":"Ouest","s":"25N-H60N000S-98-S"},{"r":"968","t":"16:37:00","h":"Ouest","s":"25N-H60N100F-81-F1"},{"r":"968","t":"16:37:00","h":"Ouest","s":"25N-H60N200F-81-F2"},{"r":"968","t":"16:37:00","h":"Ouest","s":"25N-H60N300F-82-F3"},{"r":"968","t":"16:37:00","h":"Ouest","s":"25N-H60N400F-81-F4"},{"r":"968","t":"16:37:00","h":"Ouest","s":"25N-H60NV10I-80-I"},{"r":"968","t":"16:37:00","h":"Ouest","s":"25N-H60NV10S-98-S"},{"r":"968","t":"16:37:00","h":"Ouest","s":"25N-H60NV20I-80-I"},{"r":"968","t":"16:37:00","h":"Ouest","s":"25N-H60NV20S-98-S"},{"r":"968","t":"16:37:00","h":"Ouest","s":"25S-H60S000I-80-I"},{"r":"968","t":"16:37:00","h":"Ouest","s":"25S-H60S000S-80-S"},{"r":"968","t":"16:37:00","h":"Ouest","s":"25S-H60S100F-82-F1"},{"r":"968","t":"16:37:00","h":"Ouest","s":"25S-H60S200F-81-F2"},{"r":"968","t":"16:47:00","h":"Ouest","s":"25N-H60N000S-80-S"},{"r":"968","t":"16:47:00","h":"Ouest","s":"25S-H60S000S-80-S"},{"r":"968","t":"16:52:00","h":"Ouest","s":"25N-H60N000S-98-S"},{"r":"968","t":"16:52:00","h":"Ouest","s":"25N-H60NV10S-98-S"},{"r":"968","t":"16:52:00","h":"Ouest","s":"25N-H60NV20S-98-S"},{"r":"968","t":"16:57:00","h":"Ouest","s":"25N-H60N000S-80-S"},{"r":"968","t":"16:57:00","h":"Ouest","s":"25S-H60S000S-80-S"},{"r":"968","t":"17:07:00","h":"Ouest","s":"25N-H60N000S-80-S"},{"r":"968","t":"17:07:00","h":"Ouest","s":"25N-H60N000S-98-S"},{"r":"968","t":"17:07:00","h":"Ouest","s":"25N-H60NV10S-98-S"},{"r":"968","t":"17:07:00","h":"Ouest","s":"25N-H60NV20S-98-S"},{"r":"968","t":"17:07:00","h":"Ouest","s":"25S-H60S000S-80-S"},{"r":"968","t":"17:10:00","h":"Est","s":"25N-H60N000A-80-A"},{"r":"968","t":"17:10:00","h":"Est","s":"25N-H60N000I-80-I"},{"r":"968","t":"17:10:00","h":"Est","s":"25N-H60N100F-81-F1"},{"r":"968","t":"17:10:00","h":"Est","s":"25N-H60N200F-81-F2"},{"r":"968","t":"17:10:00","h":"Est","s":"25N-H60N300F-82-F3"},{"r":"968","t":"17:10:00","h":"Est","s":"25N-H60N400F-81-F4"},{"r":"968","t":"17:10:00","h":"Est","s":"25N-H60NV10A-80-A"},{"r":"968","t":"17:10:00","h":"Est","s":"25N-H60NV10I-80-I"},{"r":"968","t":"17:10:00","h":"Est","s":"25N-H60NV20A-80-A"},{"r":"968","t":"17:10:00","h":"Est","s":"25N-H60NV20I-80-I"},{"r":"968","t":"17:10:00","h":"Est","s":"25S-H60S000A-80-A"},{"r":"968","t":"17:10:00","h":"Est","s":"25S-H60S000I-80-I"},{"r":"968","t":"17:10:00","h":"Est","s":"25S-H60S100F-82-F1"},{"r":"968","t":"17:10:00","h":"Est","s":"25S-H60S200F-81-F2"},{"r":"968","t":"17:17:00","h":"Ouest","s":"25N-H60N000S-80-S"},{"r":"968","t":"17:17:00","h":"Ouest","s":"25S-H60S000S-80-S"},{"r":"968","t":"17:22:00","h":"Ouest","s":"25N-H60N000S-98-S"},{"r":"968","t":"17:22:00","h":"Ouest","s":"25N-H60NV10S-98-S"},{"r":"968","t":"17:22:00","h":"Ouest","s":"25N-H60NV20S-98-S"},{"r":"968","t":"17:25:00","h":"Est","s":"25N-H60N000S-80-S"},{"r":"968","t":"17:25:00","h":"Est","s":"25S-H60S000S-80-S"},{"r":"968","t":"17:27:00","h":"Ouest","s":"25N-H60N000S-80-S"},{"r":"968","t":"17:27:00","h":"Ouest","s":"25S-H60S000S-80-S"},{"r":"968","t":"17:32:00","h":"Ouest","s":"25N-H60N000A-80-A"},{"r":"968","t":"17:32:00","h":"Ouest","s":"25N-H60NV10A-80-A"},{"r":"968","t":"17:32:00","h":"Ouest","s":"25N-H60NV20A-80-A"},{"r":"968","t":"17:32:00","h":"Ouest","s":"25S-H60S000A-80-A"},{"r":"968","t":"17:37:00","h":"Ouest","s":"25N-H60N000I-80-I"},{"r":"968","t":"17:37:00","h":"Ouest","s":"25N-H60N000S-80-S"},{"r":"968","t":"17:37:00","h":"Ouest","s":"25N-H60N000S-98-S"},{"r":"968","t":"17:37:00","h":"Ouest","s":"25N-H60N100F-81-F1"},{"r":"968","t":"17:37:00","h":"Ouest","s":"25N-H60N200F-81-F2"},{"r":"968","t":"17:37:00","h":"Ouest","s":"25N-H60N300F-82-F3"},{"r":"968","t":"17:37:00","h":"Ouest","s":"25N-H60N400F-81-F4"},{"r":"968","t":"17:37:00","h":"Ouest","s":"25N-H60NV10I-80-I"},{"r":"968","t":"17:37:00","h":"Ouest","s":"25N-H60NV10S-98-S"},{"r":"968","t":"17:37:00","h":"Ouest","s":"25N-H60NV20I-80-I"},{"r":"968","t":"17:37:00","h":"Ouest","s":"25N-H60NV20S-98-S"},{"r":"968","t":"17:37:00","h":"Ouest","s":"25S-H60S000I-80-I"},{"r":"968","t":"17:37:00","h":"Ouest","s":"25S-H60S000S-80-S"},{"r":"968","t":"17:37:00","h":"Ouest","s":"25S-H60S100F-82-F1"},{"r":"968","t":"17:37:00","h":"Ouest","s":"25S-H60S200F-81-F2"},{"r":"968","t":"17:46:00","h":"Ouest","s":"25N-H60N000S-80-S"},{"r":"968","t":"17:46:00","h":"Ouest","s":"25S-H60S000S-80-S"},{"r":"968","t":"17:52:00","h":"Ouest","s":"25N-H60N000S-98-S"},{"r":"968","t":"17:52:00","h":"Ouest","s":"25N-H60NV10S-98-S"},{"r":"968","t":"17:52:00","h":"Ouest","s":"25N-H60NV20S-98-S"},{"r":"968","t":"17:54:00","h":"Ouest","s":"25N-H60N000S-80-S"},{"r":"968","t":"17:54:00","h":"Ouest","s":"25S-H60S000S-80-S"},{"r":"968","t":"18:05:00","h":"Ouest","s":"25N-H60N000S-80-S"},{"r":"968","t":"18:05:00","h":"Ouest","s":"25S-H60S000S-80-S"},{"r":"968","t":"18:06:00","h":"Ouest","s":"25N-H60N000S-98-S"},{"r":"968","t":"18:06:00","h":"Ouest","s":"25N-H60NV10S-98-S"},{"r":"968","t":"18:06:00","h":"Ouest","s":"25N-H60NV20S-98-S"},{"r":"968","t":"18:10:00","h":"Est","s":"25N-H60N000A-80-A"},{"r":"968","t":"18:10:00","h":"Est","s":"25N-H60N000I-80-I"},{"r":"968","t":"18:10:00","h":"Est","s":"25N-H60N100F-81-F1"},{"r":"968","t":"18:10:00","h":"Est","s":"25N-H60N200F-81-F2"},{"r":"968","t":"18:10:00","h":"Est","s":"25N-H60N300F-82-F3"},{"r":"968","t":"18:10:00","h":"Est","s":"25N-H60N400F-81-F4"},{"r":"968","t":"18:10:00","h":"Est","s":"25N-H60NV10A-80-A"},{"r":"968","t":"18:10:00","h":"Est","s":"25N-H60NV10I-80-I"},{"r":"968","t":"18:10:00","h":"Est","s":"25N-H60NV20A-80-A"},{"r":"968","t":"18:10:00","h":"Est","s":"25N-H60NV20I-80-I"},{"r":"968","t":"18:10:00","h":"Est","s":"25S-H60S000A-80-A"},{"r":"968","t":"18:10:00","h":"Est","s":"25S-H60S000I-80-I"},{"r":"968","t":"18:10:00","h":"Est","s":"25S-H60S100F-82-F1"},{"r":"968","t":"18:10:00","h":"Est","s":"25S-H60S200F-81-F2"},{"r":"968","t":"18:15:00","h":"Ouest","s":"25N-H60N000S-80-S"},{"r":"968","t":"18:15:00","h":"Ouest","s":"25S-H60S000S-80-S"},{"r":"968","t":"18:20:00","h":"Ouest","s":"25N-H60N000S-98-S"},{"r":"968","t":"18:20:00","h":"Ouest","s":"25N-H60NV10S-98-S"},{"r":"968","t":"18:20:00","h":"Ouest","s":"25N-H60NV20S-98-S"},{"r":"968","t":"18:25:00","h":"Est","s":"25N-H60N000S-80-S"},{"r":"968","t":"18:25:00","h":"Ouest","s":"25N-H60N000S-80-S"},{"r":"968","t":"18:25:00","h":"Est","s":"25S-H60S000S-80-S"},{"r":"968","t":"18:25:00","h":"Ouest","s":"25S-H60S000S-80-S"},{"r":"968","t":"18:30:00","h":"Ouest","s":"25N-H60N000A-80-A"},{"r":"968","t":"18:30:00","h":"Ouest","s":"25N-H60NV10A-80-A"},{"r":"968","t":"18:30:00","h":"Ouest","s":"25N-H60NV20A-80-A"},{"r":"968","t":"18:30:00","h":"Ouest","s":"25S-H60S000A-80-A"},{"r":"968","t":"18:35:00","h":"Ouest","s":"25N-H60N000I-80-I"},{"r":"968","t":"18:35:00","h":"Ouest","s":"25N-H60N000S-80-S"},{"r":"968","t":"18:35:00","h":"Ouest","s":"25N-H60N100F-81-F1"},{"r":"968","t":"18:35:00","h":"Ouest","s":"25N-H60N200F-81-F2"},{"r":"968","t":"18:35:00","h":"Ouest","s":"25N-H60N300F-82-F3"},{"r":"968","t":"18:35:00","h":"Ouest","s":"25N-H60N400F-81-F4"},{"r":"968","t":"18:35:00","h":"Ouest","s":"25N-H60NV10I-80-I"},{"r":"968","t":"18:35:00","h":"Ouest","s":"25N-H60NV20I-80-I"},{"r":"968","t":"18:35:00","h":"Ouest","s":"25S-H60S000I-80-I"},{"r":"968","t":"18:35:00","h":"Ouest","s":"25S-H60S000S-80-S"},{"r":"968","t":"18:35:00","h":"Ouest","s":"25S-H60S100F-82-F1"},{"r":"968","t":"18:35:00","h":"Ouest","s":"25S-H60S200F-81-F2"},{"r":"968","t":"18:38:00","h":"Ouest","s":"25N-H60N000S-98-S"},{"r":"968","t":"18:38:00","h":"Ouest","s":"25N-H60NV10S-98-S"},{"r":"968","t":"18:38:00","h":"Ouest","s":"25N-H60NV20S-98-S"},{"r":"968","t":"18:45:00","h":"Ouest","s":"25N-H60N000S-80-S"},{"r":"968","t":"18:45:00","h":"Ouest","s":"25S-H60S000S-80-S"},{"r":"968","t":"18:55:00","h":"Ouest","s":"25N-H60N000S-80-S"},{"r":"968","t":"18:55:00","h":"Ouest","s":"25S-H60S000S-80-S"},{"r":"968","t":"19:05:00","h":"Ouest","s":"25N-H60N000S-80-S"},{"r":"968","t":"19:05:00","h":"Ouest","s":"25S-H60S000S-80-S"},{"r":"968","t":"19:08:00","h":"Ouest","s":"25N-H60N000S-98-S"},{"r":"968","t":"19:08:00","h":"Ouest","s":"25N-H60NV10S-98-S"},{"r":"968","t":"19:08:00","h":"Ouest","s":"25N-H60NV20S-98-S"},{"r":"968","t":"19:10:00","h":"Est","s":"25N-H60N000A-80-A"},{"r":"968","t":"19:10:00","h":"Est","s":"25N-H60N000I-80-I"},{"r":"968","t":"19:10:00","h":"Est","s":"25N-H60N100F-81-F1"},{"r":"968","t":"19:10:00","h":"Est","s":"25N-H60N200F-81-F2"},{"r":"968","t":"19:10:00","h":"Est","s":"25N-H60N300F-82-F3"},{"r":"968","t":"19:10:00","h":"Est","s":"25N-H60N400F-81-F4"},{"r":"968","t":"19:10:00","h":"Est","s":"25N-H60NV10A-80-A"},{"r":"968","t":"19:10:00","h":"Est","s":"25N-H60NV10I-80-I"},{"r":"968","t":"19:10:00","h":"Est","s":"25N-H60NV20A-80-A"},{"r":"968","t":"19:10:00","h":"Est","s":"25N-H60NV20I-80-I"},{"r":"968","t":"19:10:00","h":"Est","s":"25S-H60S000A-80-A"},{"r":"968","t":"19:10:00","h":"Est","s":"25S-H60S000I-80-I"},{"r":"968","t":"19:10:00","h":"Est","s":"25S-H60S100F-82-F1"},{"r":"968","t":"19:10:00","h":"Est","s":"25S-H60S200F-81-F2"},{"r":"968","t":"19:12:00","h":"Est","s":"25N-H60N000S-98-S"},{"r":"968","t":"19:12:00","h":"Est","s":"25N-H60NV10S-98-S"},{"r":"968","t":"19:12:00","h":"Est","s":"25N-H60NV20S-98-S"},{"r":"968","t":"19:20:00","h":"Ouest","s":"25N-H60N000S-80-S"},{"r":"968","t":"19:20:00","h":"Ouest","s":"25S-H60S000S-80-S"},{"r":"968","t":"19:25:00","h":"Est","s":"25N-H60N000S-80-S"},{"r":"968","t":"19:25:00","h":"Est","s":"25S-H60S000S-80-S"},{"r":"968","t":"19:30:00","h":"Ouest","s":"25N-H60N000A-80-A"},{"r":"968","t":"19:30:00","h":"Ouest","s":"25N-H60NV10A-80-A"},{"r":"968","t":"19:30:00","h":"Ouest","s":"25N-H60NV20A-80-A"},{"r":"968","t":"19:30:00","h":"Ouest","s":"25S-H60S000A-80-A"},{"r":"968","t":"19:35:00","h":"Ouest","s":"25N-H60N000I-80-I"},{"r":"968","t":"19:35:00","h":"Ouest","s":"25N-H60N000S-80-S"},{"r":"968","t":"19:35:00","h":"Ouest","s":"25N-H60N100F-81-F1"},{"r":"968","t":"19:35:00","h":"Ouest","s":"25N-H60N200F-81-F2"},{"r":"968","t":"19:35:00","h":"Ouest","s":"25N-H60N300F-82-F3"},{"r":"968","t":"19:35:00","h":"Ouest","s":"25N-H60N400F-81-F4"},{"r":"968","t":"19:35:00","h":"Ouest","s":"25N-H60NV10I-80-I"},{"r":"968","t":"19:35:00","h":"Ouest","s":"25N-H60NV20I-80-I"},{"r":"968","t":"19:35:00","h":"Ouest","s":"25S-H60S000I-80-I"},{"r":"968","t":"19:35:00","h":"Ouest","s":"25S-H60S000S-80-S"},{"r":"968","t":"19:35:00","h":"Ouest","s":"25S-H60S100F-82-F1"},{"r":"968","t":"19:35:00","h":"Ouest","s":"25S-H60S200F-81-F2"},{"r":"968","t":"19:37:00","h":"Ouest","s":"25N-H60N000S-98-S"},{"r":"968","t":"19:37:00","h":"Ouest","s":"25N-H60NV10S-98-S"},{"r":"968","t":"19:37:00","h":"Ouest","s":"25N-H60NV20S-98-S"},{"r":"968","t":"19:52:00","h":"Est","s":"25N-H60N000S-98-S"},{"r":"968","t":"19:52:00","h":"Est","s":"25N-H60NV10S-98-S"},{"r":"968","t":"19:52:00","h":"Est","s":"25N-H60NV20S-98-S"},{"r":"968","t":"20:05:00","h":"Ouest","s":"25N-H60N000S-80-S"},{"r":"968","t":"20:05:00","h":"Ouest","s":"25S-H60S000S-80-S"},{"r":"968","t":"20:06:00","h":"Ouest","s":"25N-H60N000S-98-S"},{"r":"968","t":"20:06:00","h":"Ouest","s":"25N-H60NV10S-98-S"},{"r":"968","t":"20:06:00","h":"Ouest","s":"25N-H60NV20S-98-S"},{"r":"968","t":"20:10:00","h":"Est","s":"25N-H60N000A-80-A"},{"r":"968","t":"20:10:00","h":"Est","s":"25N-H60N000I-80-I"},{"r":"968","t":"20:10:00","h":"Est","s":"25N-H60N100F-81-F1"},{"r":"968","t":"20:10:00","h":"Est","s":"25N-H60N200F-81-F2"},{"r":"968","t":"20:10:00","h":"Est","s":"25N-H60N300F-82-F3"},{"r":"968","t":"20:10:00","h":"Est","s":"25N-H60N400F-81-F4"},{"r":"968","t":"20:10:00","h":"Est","s":"25N-H60NV10A-80-A"},{"r":"968","t":"20:10:00","h":"Est","s":"25N-H60NV10I-80-I"},{"r":"968","t":"20:10:00","h":"Est","s":"25N-H60NV20A-80-A"},{"r":"968","t":"20:10:00","h":"Est","s":"25N-H60NV20I-80-I"},{"r":"968","t":"20:10:00","h":"Est","s":"25S-H60S000A-80-A"},{"r":"968","t":"20:10:00","h":"Est","s":"25S-H60S000I-80-I"},{"r":"968","t":"20:10:00","h":"Est","s":"25S-H60S100F-82-F1"},{"r":"968","t":"20:10:00","h":"Est","s":"25S-H60S200F-81-F2"},{"r":"968","t":"20:25:00","h":"Est","s":"25N-H60N000S-80-S"},{"r":"968","t":"20:25:00","h":"Est","s":"25S-H60S000S-80-S"},{"r":"968","t":"20:28:00","h":"Est","s":"25N-H60N000S-98-S"},{"r":"968","t":"20:28:00","h":"Est","s":"25N-H60NV10S-98-S"},{"r":"968","t":"20:28:00","h":"Est","s":"25N-H60NV20S-98-S"},{"r":"968","t":"20:30:00","h":"Ouest","s":"25N-H60N000A-80-A"},{"r":"968","t":"20:30:00","h":"Ouest","s":"25N-H60NV10A-80-A"},{"r":"968","t":"20:30:00","h":"Ouest","s":"25N-H60NV20A-80-A"},{"r":"968","t":"20:30:00","h":"Ouest","s":"25S-H60S000A-80-A"},{"r":"968","t":"20:35:00","h":"Ouest","s":"25N-H60N000I-80-I"},{"r":"968","t":"20:35:00","h":"Ouest","s":"25N-H60N000S-98-S"},{"r":"968","t":"20:35:00","h":"Ouest","s":"25N-H60N100F-81-F1"},{"r":"968","t":"20:35:00","h":"Ouest","s":"25N-H60N200F-81-F2"},{"r":"968","t":"20:35:00","h":"Ouest","s":"25N-H60N300F-82-F3"},{"r":"968","t":"20:35:00","h":"Ouest","s":"25N-H60N400F-81-F4"},{"r":"968","t":"20:35:00","h":"Ouest","s":"25N-H60NV10I-80-I"},{"r":"968","t":"20:35:00","h":"Ouest","s":"25N-H60NV10S-98-S"},{"r":"968","t":"20:35:00","h":"Ouest","s":"25N-H60NV20I-80-I"},{"r":"968","t":"20:35:00","h":"Ouest","s":"25N-H60NV20S-98-S"},{"r":"968","t":"20:35:00","h":"Ouest","s":"25S-H60S000I-80-I"},{"r":"968","t":"20:35:00","h":"Ouest","s":"25S-H60S100F-82-F1"},{"r":"968","t":"20:35:00","h":"Ouest","s":"25S-H60S200F-81-F2"},{"r":"968","t":"21:00:00","h":"Est","s":"25N-H60N000S-98-S"},{"r":"968","t":"21:00:00","h":"Est","s":"25N-H60NV10S-98-S"},{"r":"968","t":"21:00:00","h":"Est","s":"25N-H60NV20S-98-S"},{"r":"968","t":"21:05:00","h":"Ouest","s":"25N-H60N000S-80-S"},{"r":"968","t":"21:05:00","h":"Ouest","s":"25N-H60N000S-98-S"},{"r":"968","t":"21:05:00","h":"Ouest","s":"25N-H60NV10S-98-S"},{"r":"968","t":"21:05:00","h":"Ouest","s":"25N-H60NV20S-98-S"},{"r":"968","t":"21:05:00","h":"Ouest","s":"25S-H60S000S-80-S"},{"r":"968","t":"21:10:00","h":"Est","s":"25N-H60N000A-80-A"},{"r":"968","t":"21:10:00","h":"Est","s":"25N-H60N000I-80-I"},{"r":"968","t":"21:10:00","h":"Est","s":"25N-H60N100F-81-F1"},{"r":"968","t":"21:10:00","h":"Est","s":"25N-H60N200F-81-F2"},{"r":"968","t":"21:10:00","h":"Est","s":"25N-H60N300F-82-F3"},{"r":"968","t":"21:10:00","h":"Est","s":"25N-H60N400F-81-F4"},{"r":"968","t":"21:10:00","h":"Est","s":"25N-H60NV10A-80-A"},{"r":"968","t":"21:10:00","h":"Est","s":"25N-H60NV10I-80-I"},{"r":"968","t":"21:10:00","h":"Est","s":"25N-H60NV20A-80-A"},{"r":"968","t":"21:10:00","h":"Est","s":"25N-H60NV20I-80-I"},{"r":"968","t":"21:10:00","h":"Est","s":"25S-H60S000A-80-A"},{"r":"968","t":"21:10:00","h":"Est","s":"25S-H60S000I-80-I"},{"r":"968","t":"21:10:00","h":"Est","s":"25S-H60S100F-82-F1"},{"r":"968","t":"21:10:00","h":"Est","s":"25S-H60S200F-81-F2"},{"r":"968","t":"21:25:00","h":"Est","s":"25N-H60N000S-80-S"},{"r":"968","t":"21:25:00","h":"Est","s":"25S-H60S000S-80-S"},{"r":"968","t":"21:30:00","h":"Est","s":"25N-H60N000S-98-S"},{"r":"968","t":"21:30:00","h":"Est","s":"25N-H60NV10S-98-S"},{"r":"968","t":"21:30:00","h":"Est","s":"25N-H60NV20S-98-S"},{"r":"968","t":"21:35:00","h":"Ouest","s":"25N-H60N000A-80-A"},{"r":"968","t":"21:35:00","h":"Ouest","s":"25N-H60N000I-80-I"},{"r":"968","t":"21:35:00","h":"Ouest","s":"25N-H60N100F-81-F1"},{"r":"968","t":"21:35:00","h":"Ouest","s":"25N-H60N200F-81-F2"},{"r":"968","t":"21:35:00","h":"Ouest","s":"25N-H60N300F-82-F3"},{"r":"968","t":"21:35:00","h":"Ouest","s":"25N-H60N400F-81-F4"},{"r":"968","t":"21:35:00","h":"Ouest","s":"25N-H60NV10A-80-A"},{"r":"968","t":"21:35:00","h":"Ouest","s":"25N-H60NV10I-80-I"},{"r":"968","t":"21:35:00","h":"Ouest","s":"25N-H60NV20A-80-A"},{"r":"968","t":"21:35:00","h":"Ouest","s":"25N-H60NV20I-80-I"},{"r":"968","t":"21:35:00","h":"Ouest","s":"25S-H60S000A-80-A"},{"r":"968","t":"21:35:00","h":"Ouest","s":"25S-H60S000I-80-I"},{"r":"968","t":"21:35:00","h":"Ouest","s":"25S-H60S100F-82-F1"},{"r":"968","t":"21:35:00","h":"Ouest","s":"25S-H60S200F-81-F2"},{"r":"968","t":"21:37:00","h":"Ouest","s":"25N-H60N000S-98-S"},{"r":"968","t":"21:37:00","h":"Ouest","s":"25N-H60NV10S-98-S"},{"r":"968","t":"21:37:00","h":"Ouest","s":"25N-H60NV20S-98-S"},{"r":"968","t":"22:00:00","h":"Est","s":"25N-H60N000S-98-S"},{"r":"968","t":"22:00:00","h":"Est","s":"25N-H60NV10S-98-S"},{"r":"968","t":"22:00:00","h":"Est","s":"25N-H60NV20S-98-S"},{"r":"968","t":"22:05:00","h":"Ouest","s":"25N-H60N000S-80-S"},{"r":"968","t":"22:05:00","h":"Ouest","s":"25S-H60S000S-80-S"},{"r":"968","t":"22:09:00","h":"Ouest","s":"25N-H60N000S-98-S"},{"r":"968","t":"22:09:00","h":"Ouest","s":"25N-H60NV10S-98-S"},{"r":"968","t":"22:09:00","h":"Ouest","s":"25N-H60NV20S-98-S"},{"r":"968","t":"22:10:00","h":"Est","s":"25N-H60N000A-80-A"},{"r":"968","t":"22:10:00","h":"Est","s":"25N-H60N000I-80-I"},{"r":"968","t":"22:10:00","h":"Est","s":"25N-H60N100F-81-F1"},{"r":"968","t":"22:10:00","h":"Est","s":"25N-H60N200F-81-F2"},{"r":"968","t":"22:10:00","h":"Est","s":"25N-H60N300F-82-F3"},{"r":"968","t":"22:10:00","h":"Est","s":"25N-H60N400F-81-F4"},{"r":"968","t":"22:10:00","h":"Est","s":"25N-H60NV10A-80-A"},{"r":"968","t":"22:10:00","h":"Est","s":"25N-H60NV10I-80-I"},{"r":"968","t":"22:10:00","h":"Est","s":"25N-H60NV20A-80-A"},{"r":"968","t":"22:10:00","h":"Est","s":"25N-H60NV20I-80-I"},{"r":"968","t":"22:10:00","h":"Est","s":"25S-H60S000A-80-A"},{"r":"968","t":"22:10:00","h":"Est","s":"25S-H60S000I-80-I"},{"r":"968","t":"22:10:00","h":"Est","s":"25S-H60S100F-82-F1"},{"r":"968","t":"22:10:00","h":"Est","s":"25S-H60S200F-81-F2"},{"r":"968","t":"22:25:00","h":"Est","s":"25N-H60N000S-80-S"},{"r":"968","t":"22:25:00","h":"Est","s":"25S-H60S000S-80-S"},{"r":"968","t":"22:30:00","h":"Est","s":"25N-H60N000S-98-S"},{"r":"968","t":"22:30:00","h":"Est","s":"25N-H60NV10S-98-S"},{"r":"968","t":"22:30:00","h":"Est","s":"25N-H60NV20S-98-S"},{"r":"968","t":"22:39:00","h":"Ouest","s":"25N-H60N000S-98-S"},{"r":"968","t":"22:39:00","h":"Ouest","s":"25N-H60NV10S-98-S"},{"r":"968","t":"22:39:00","h":"Ouest","s":"25N-H60NV20S-98-S"},{"r":"968","t":"22:40:00","h":"Ouest","s":"25N-H60N000A-80-A"},{"r":"968","t":"22:40:00","h":"Ouest","s":"25N-H60N000I-80-I"},{"r":"968","t":"22:40:00","h":"Ouest","s":"25N-H60N100F-81-F1"},{"r":"968","t":"22:40:00","h":"Ouest","s":"25N-H60N200F-81-F2"},{"r":"968","t":"22:40:00","h":"Ouest","s":"25N-H60N300F-82-F3"},{"r":"968","t":"22:40:00","h":"Ouest","s":"25N-H60N400F-81-F4"},{"r":"968","t":"22:40:00","h":"Ouest","s":"25N-H60NV10A-80-A"},{"r":"968","t":"22:40:00","h":"Ouest","s":"25N-H60NV10I-80-I"},{"r":"968","t":"22:40:00","h":"Ouest","s":"25N-H60NV20A-80-A"},{"r":"968","t":"22:40:00","h":"Ouest","s":"25N-H60NV20I-80-I"},{"r":"968","t":"22:40:00","h":"Ouest","s":"25S-H60S000A-80-A"},{"r":"968","t":"22:40:00","h":"Ouest","s":"25S-H60S000I-80-I"},{"r":"968","t":"22:40:00","h":"Ouest","s":"25S-H60S100F-82-F1"},{"r":"968","t":"22:40:00","h":"Ouest","s":"25S-H60S200F-81-F2"},{"r":"968","t":"23:00:00","h":"Est","s":"25N-H60N000S-98-S"},{"r":"968","t":"23:00:00","h":"Est","s":"25N-H60NV10S-98-S"},{"r":"968","t":"23:00:00","h":"Est","s":"25N-H60NV20S-98-S"},{"r":"968","t":"23:05:00","h":"Ouest","s":"25N-H60N000S-80-S"},{"r":"968","t":"23:05:00","h":"Ouest","s":"25S-H60S000S-80-S"},{"r":"968","t":"23:09:00","h":"Ouest","s":"25N-H60N000S-98-S"},{"r":"968","t":"23:09:00","h":"Ouest","s":"25N-H60NV10S-98-S"},{"r":"968","t":"23:09:00","h":"Ouest","s":"25N-H60NV20S-98-S"},{"r":"968","t":"23:10:00","h":"Est","s":"25N-H60N000A-80-A"},{"r":"968","t":"23:10:00","h":"Est","s":"25N-H60N000I-80-I"},{"r":"968","t":"23:10:00","h":"Est","s":"25N-H60N100F-81-F1"},{"r":"968","t":"23:10:00","h":"Est","s":"25N-H60N200F-81-F2"},{"r":"968","t":"23:10:00","h":"Est","s":"25N-H60N300F-82-F3"},{"r":"968","t":"23:10:00","h":"Est","s":"25N-H60N400F-81-F4"},{"r":"968","t":"23:10:00","h":"Est","s":"25N-H60NV10A-80-A"},{"r":"968","t":"23:10:00","h":"Est","s":"25N-H60NV10I-80-I"},{"r":"968","t":"23:10:00","h":"Est","s":"25N-H60NV20A-80-A"},{"r":"968","t":"23:10:00","h":"Est","s":"25N-H60NV20I-80-I"},{"r":"968","t":"23:10:00","h":"Est","s":"25S-H60S000A-80-A"},{"r":"968","t":"23:10:00","h":"Est","s":"25S-H60S000I-80-I"},{"r":"968","t":"23:10:00","h":"Est","s":"25S-H60S100F-82-F1"},{"r":"968","t":"23:10:00","h":"Est","s":"25S-H60S200F-81-F2"},{"r":"968","t":"23:25:00","h":"Est","s":"25N-H60N000S-80-S"},{"r":"968","t":"23:25:00","h":"Est","s":"25S-H60S000S-80-S"},{"r":"968","t":"23:30:00","h":"Est","s":"25N-H60N000S-98-S"},{"r":"968","t":"23:30:00","h":"Est","s":"25N-H60NV10S-98-S"},{"r":"968","t":"23:30:00","h":"Est","s":"25N-H60NV20S-98-S"},{"r":"968","t":"23:39:00","h":"Ouest","s":"25N-H60N000S-98-S"},{"r":"968","t":"23:39:00","h":"Ouest","s":"25N-H60NV10S-98-S"},{"r":"968","t":"23:39:00","h":"Ouest","s":"25N-H60NV20S-98-S"},{"r":"968","t":"23:45:00","h":"Ouest","s":"25N-H60N000A-80-A"},{"r":"968","t":"23:45:00","h":"Ouest","s":"25N-H60N000I-80-I"},{"r":"968","t":"23:45:00","h":"Ouest","s":"25N-H60N100F-81-F1"},{"r":"968","t":"23:45:00","h":"Ouest","s":"25N-H60N200F-81-F2"},{"r":"968","t":"23:45:00","h":"Ouest","s":"25N-H60N300F-82-F3"},{"r":"968","t":"23:45:00","h":"Ouest","s":"25N-H60N400F-81-F4"},{"r":"968","t":"23:45:00","h":"Ouest","s":"25N-H60NV10A-80-A"},{"r":"968","t":"23:45:00","h":"Ouest","s":"25N-H60NV10I-80-I"},{"r":"968","t":"23:45:00","h":"Ouest","s":"25N-H60NV20A-80-A"},{"r":"968","t":"23:45:00","h":"Ouest","s":"25N-H60NV20I-80-I"},{"r":"968","t":"23:45:00","h":"Ouest","s":"25S-H60S000A-80-A"},{"r":"968","t":"23:45:00","h":"Ouest","s":"25S-H60S000I-80-I"},{"r":"968","t":"23:45:00","h":"Ouest","s":"25S-H60S100F-82-F1"},{"r":"968","t":"23:45:00","h":"Ouest","s":"25S-H60S200F-81-F2"},{"r":"968","t":"24:00:00","h":"Est","s":"25N-H60N000S-98-S"},{"r":"968","t":"24:00:00","h":"Est","s":"25N-H60NV10S-98-S"},{"r":"968","t":"24:00:00","h":"Est","s":"25N-H60NV20S-98-S"},{"r":"968","t":"24:05:00","h":"Ouest","s":"25N-H60N000S-80-S"},{"r":"968","t":"24:05:00","h":"Ouest","s":"25S-H60S000S-80-S"},{"r":"968","t":"24:09:00","h":"Ouest","s":"25N-H60N000S-98-S"},{"r":"968","t":"24:09:00","h":"Ouest","s":"25N-H60NV10S-98-S"},{"r":"968","t":"24:09:00","h":"Ouest","s":"25N-H60NV20S-98-S"},{"r":"968","t":"24:15:00","h":"Est","s":"25N-H60N000A-80-A"},{"r":"968","t":"24:15:00","h":"Est","s":"25N-H60N000I-80-I"},{"r":"968","t":"24:15:00","h":"Est","s":"25N-H60N100F-81-F1"},{"r":"968","t":"24:15:00","h":"Est","s":"25N-H60N200F-81-F2"},{"r":"968","t":"24:15:00","h":"Est","s":"25N-H60N300F-82-F3"},{"r":"968","t":"24:15:00","h":"Est","s":"25N-H60N400F-81-F4"},{"r":"968","t":"24:15:00","h":"Est","s":"25N-H60NV10A-80-A"},{"r":"968","t":"24:15:00","h":"Est","s":"25N-H60NV10I-80-I"},{"r":"968","t":"24:15:00","h":"Est","s":"25N-H60NV20A-80-A"},{"r":"968","t":"24:15:00","h":"Est","s":"25N-H60NV20I-80-I"},{"r":"968","t":"24:15:00","h":"Est","s":"25S-H60S000A-80-A"},{"r":"968","t":"24:15:00","h":"Est","s":"25S-H60S000I-80-I"},{"r":"968","t":"24:15:00","h":"Est","s":"25S-H60S100F-82-F1"},{"r":"968","t":"24:15:00","h":"Est","s":"25S-H60S200F-81-F2"},{"r":"968","t":"24:30:00","h":"Est","s":"25N-H60N000S-80-S"},{"r":"968","t":"24:30:00","h":"Est","s":"25N-H60N000S-98-S"},{"r":"968","t":"24:30:00","h":"Est","s":"25N-H60NV10S-98-S"},{"r":"968","t":"24:30:00","h":"Est","s":"25N-H60NV20S-98-S"},{"r":"968","t":"24:30:00","h":"Est","s":"25S-H60S000S-80-S"},{"r":"968","t":"24:39:00","h":"Ouest","s":"25N-H60N000S-98-S"},{"r":"968","t":"24:39:00","h":"Ouest","s":"25N-H60NV10S-98-S"},{"r":"968","t":"24:39:00","h":"Ouest","s":"25N-H60NV20S-98-S"},{"r":"968","t":"24:50:00","h":"Ouest","s":"25N-H60N000A-80-A"},{"r":"968","t":"24:50:00","h":"Ouest","s":"25N-H60N000I-80-I"},{"r":"968","t":"24:50:00","h":"Ouest","s":"25N-H60N100F-81-F1"},{"r":"968","t":"24:50:00","h":"Ouest","s":"25N-H60N200F-81-F2"},{"r":"968","t":"24:50:00","h":"Ouest","s":"25N-H60N300F-82-F3"},{"r":"968","t":"24:50:00","h":"Ouest","s":"25N-H60N400F-81-F4"},{"r":"968","t":"24:50:00","h":"Ouest","s":"25N-H60NV10A-80-A"},{"r":"968","t":"24:50:00","h":"Ouest","s":"25N-H60NV10I-80-I"},{"r":"968","t":"24:50:00","h":"Ouest","s":"25N-H60NV20A-80-A"},{"r":"968","t":"24:50:00","h":"Ouest","s":"25N-H60NV20I-80-I"},{"r":"968","t":"24:50:00","h":"Ouest","s":"25S-H60S000A-80-A"},{"r":"968","t":"24:50:00","h":"Ouest","s":"25S-H60S000I-80-I"},{"r":"968","t":"24:50:00","h":"Ouest","s":"25S-H60S100F-82-F1"},{"r":"968","t":"24:50:00","h":"Ouest","s":"25S-H60S200F-81-F2"},{"r":"968","t":"25:05:00","h":"Ouest","s":"25N-H60N000S-80-S"},{"r":"968","t":"25:05:00","h":"Ouest","s":"25S-H60S000S-80-S"},{"r":"968","t":"25:09:00","h":"Ouest","s":"25N-H60N000S-98-S"},{"r":"968","t":"25:09:00","h":"Ouest","s":"25N-H60NV10S-98-S"},{"r":"968","t":"25:09:00","h":"Ouest","s":"25N-H60NV20S-98-S"},{"r":"968","t":"25:39:00","h":"Ouest","s":"25N-H60N000S-98-S"},{"r":"968","t":"25:39:00","h":"Ouest","s":"25N-H60NV10S-98-S"},{"r":"968","t":"25:39:00","h":"Ouest","s":"25N-H60NV20S-98-S"}]