[{"r":"179","t":"05:33:00","h":"Sud","s":"25N-H55N000S-80-S"},{"r":"179","t":"05:33:00","h":"Sud","s":"25N-H55N000S-82-S"},{"r":"179","t":"05:33:00","h":"Sud","s":"25N-H55NV10S-85-S"},{"r":"179","t":"05:33:00","h":"Sud","s":"25N-H55NV20S-81-S"},{"r":"179","t":"05:33:00","h":"Sud","s":"25S-H55S000S-82-S"},{"r":"179","t":"06:04:00","h":"Sud","s":"25N-H55N000S-80-S"},{"r":"179","t":"06:04:00","h":"Sud","s":"25N-H55N000S-82-S"},{"r":"179","t":"06:04:00","h":"Sud","s":"25N-H55NV10S-85-S"},{"r":"179","t":"06:04:00","h":"Sud","s":"25N-H55NV20S-81-S"},{"r":"179","t":"06:04:00","h":"Sud","s":"25S-H55S000S-82-S"},{"r":"179","t":"06:24:00","h":"Sud","s":"25N-H55N000A-80-A"},{"r":"179","t":"06:24:00","h":"Sud","s":"25N-H55NV10A-80-A"},{"r":"179","t":"06:24:00","h":"Sud","s":"25N-H55NV20A-80-A"},{"r":"179","t":"06:24:00","h":"Sud","s":"25S-H55S000A-80-A"},{"r":"179","t":"06:26:00","h":"Sud","s":"25N-H55N000S-80-S"},{"r":"179","t":"06:26:00","h":"Sud","s":"25N-H55N000S-82-S"},{"r":"179","t":"06:26:00","h":"Sud","s":"25N-H55NV10S-85-S"},{"r":"179","t":"06:26:00","h":"Sud","s":"25N-H55NV20S-81-S"},{"r":"179","t":"06:26:00","h":"Sud","s":"25S-H55S000S-82-S"},{"r":"179","t":"06:53:00","h":"Sud","s":"25N-H55N000A-80-A"},{"r":"179","t":"06:53:00","h":"Sud","s":"25N-H55NV10A-80-A"},{"r":"179","t":"06:53:00","h":"Sud","s":"25N-H55NV20A-80-A"},{"r":"179","t":"06:53:00","h":"Sud","s":"25S-H55S000A-80-A"},{"r":"179","t":"07:00:00","h":"Sud","s":"25N-H55N000S-80-S"},{"r":"179","t":"07:00:00","h":"Sud","s":"25N-H55N000S-82-S"},{"r":"179","t":"07:00:00","h":"Sud","s":"25N-H55NV10S-85-S"},{"r":"179","t":"07:00:00","h":"Sud","s":"25N-H55NV20S-81-S"},{"r":"179","t":"07:00:00","h":"Sud","s":"25S-H55S000S-82-S"},{"r":"179","t":"07:22:00","h":"Sud","s":"25N-H55N000A-80-A"},{"r":"179","t":"07:22:00","h":"Sud","s":"25N-H55N000I-80-I"},{"r":"179","t":"07:22:00","h":"Sud","s":"25N-H55N100F-80-F1"},{"r":"179","t":"07:22:00","h":"Sud","s":"25N-H55N200F-80-F2"},{"r":"179","t":"07:22:00","h":"Sud","s":"25N-H55N300F-80-F3"},{"r":"179","t":"07:22:00","h":"Sud","s":"25N-H55N400F-80-F4"},{"r":"179","t":"07:22:00","h":"Sud","s":"25N-H55NV10A-80-A"},{"r":"179","t":"07:22:00","h":"Sud","s":"25N-H55NV10I-80-I"},{"r":"179","t":"07:22:00","h":"Sud","s":"25N-H55NV20A-80-A"},{"r":"179","t":"07:22:00","h":"Sud","s":"25N-H55NV20I-80-I"},{"r":"179","t":"07:22:00","h":"Sud","s":"25S-H55S000A-80-A"},{"r":"179","t":"07:22:00","h":"Sud","s":"25S-H55S000I-80-I"},{"r":"179","t":"07:22:00","h":"Sud","s":"25S-H55S100F-80-F1"},{"r":"179","t":"07:22:00","h":"Sud","s":"25S-H55S200F-80-F2"},{"r":"179","t":"07:23:00","h":"Sud","s":"25N-H55N000S-80-S"},{"r":"179","t":"07:23:00","h":"Sud","s":"25N-H55N000S-82-S"},{"r":"179","t":"07:23:00","h":"Sud","s":"25N-H55NV10S-85-S"},{"r":"179","t":"07:23:00","h":"Sud","s":"25N-H55NV20S-81-S"},{"r":"179","t":"07:23:00","h":"Sud","s":"25S-H55S000S-82-S"},{"r":"179","t":"07:40:00","h":"Sud","s":"25N-H55N000S-80-S"},{"r":"179","t":"07:40:00","h":"Sud","s":"25N-H55N000S-82-S"},{"r":"179","t":"07:40:00","h":"Sud","s":"25N-H55NV10S-85-S"},{"r":"179","t":"07:40:00","h":"Sud","s":"25N-H55NV20S-81-S"},{"r":"179","t":"07:40:00","h":"Sud","s":"25S-H55S000S-82-S"},{"r":"179","t":"07:52:00","h":"Sud","s":"25N-H55N000I-80-I"},{"r":"179","t":"07:52:00","h":"Sud","s":"25N-H55N100F-80-F1"},{"r":"179","t":"07:52:00","h":"Sud","s":"25N-H55N200F-80-F2"},{"r":"179","t":"07:52:00","h":"Sud","s":"25N-H55N300F-80-F3"},{"r":"179","t":"07:52:00","h":"Sud","s":"25N-H55N400F-80-F4"},{"r":"179","t":"07:52:00","h":"Sud","s":"25N-H55NV10I-80-I"},{"r":"179","t":"07:52:00","h":"Sud","s":"25N-H55NV20I-80-I"},{"r":"179","t":"07:52:00","h":"Sud","s":"25S-H55S000I-80-I"},{"r":"179","t":"07:52:00","h":"Sud","s":"25S-H55S100F-80-F1"},{"r":"179","t":"07:52:00","h":"Sud","s":"25S-H55S200F-80-F2"},{"r":"179","t":"07:55:00","h":"Sud","s":"25N-H55N000A-80-A"},{"r":"179","t":"07:55:00","h":"Sud","s":"25N-H55N000S-80-S"},{"r":"179","t":"07:55:00","h":"Sud","s":"25N-H55N000S-82-S"},{"r":"179","t":"07:55:00","h":"Sud","s":"25N-H55NV10A-80-A"},{"r":"179","t":"07:55:00","h":"Sud","s":"25N-H55NV10S-85-S"},{"r":"179","t":"07:55:00","h":"Sud","s":"25N-H55NV20A-80-A"},{"r":"179","t":"07:55:00","h":"Sud","s":"25N-H55NV20S-81-S"},{"r":"179","t":"07:55:00","h":"Sud","s":"25S-H55S000A-80-A"},{"r":"179","t":"07:55:00","h":"Sud","s":"25S-H55S000S-82-S"},{"r":"179","t":"08:06:00","h":"Sud","s":"25N-H55N000S-80-S"},{"r":"179","t":"08:06:00","h":"Sud","s":"25N-H55N000S-82-S"},{"r":"179","t":"08:06:00","h":"Sud","s":"25N-H55NV10S-85-S"},{"r":"179","t":"08:06:00","h":"Sud","s":"25N-H55NV20S-81-S"},{"r":"179","t":"08:06:00","h":"Sud","s":"25S-H55S000S-82-S"},{"r":"179","t":"08:16:00","h":"Sud","s":"25N-H55N000S-80-S"},{"r":"179","t":"08:16:00","h":"Sud","s":"25N-H55N000S-82-S"},{"r":"179","t":"08:16:00","h":"Sud","s":"25N-H55NV10S-85-S"},{"r":"179","t":"08:16:00","h":"Sud","s":"25N-H55NV20S-81-S"},{"r":"179","t":"08:16:00","h":"Sud","s":"25S-H55S000S-82-S"},{"r":"179","t":"08:22:00","h":"Sud","s":"25N-H55N000I-80-I"},{"r":"179","t":"08:22:00","h":"Sud","s":"25N-H55N100F-80-F1"},{"r":"179","t":"08:22:00","h":"Sud","s":"25N-H55N200F-80-F2"},{"r":"179","t":"08:22:00","h":"Sud","s":"25N-H55N300F-80-F3"},{"r":"179","t":"08:22:00","h":"Sud","s":"25N-H55N400F-80-F4"},{"r":"179","t":"08:22:00","h":"Sud","s":"25N-H55NV10I-80-I"},{"r":"179","t":"08:22:00","h":"Sud","s":"25N-H55NV20I-80-I"},{"r":"179","t":"08:22:00","h":"Sud","s":"25S-H55S000I-80-I"},{"r":"179","t":"08:22:00","h":"Sud","s":"25S-H55S100F-80-F1"},{"r":"179","t":"08:22:00","h":"Sud","s":"25S-H55S200F-80-F2"},{"r":"179","t":"08:26:00","h":"Sud","s":"25N-H55N000S-80-S"},{"r":"179","t":"08:26:00","h":"Sud","s":"25N-H55N000S-82-S"},{"r":"179","t":"08:26:00","h":"Sud","s":"25N-H55NV10S-85-S"},{"r":"179","t":"08:26:00","h":"Sud","s":"25N-H55NV20S-81-S"},{"r":"179","t":"08:26:00","h":"Sud","s":"25S-H55S000S-82-S"},{"r":"179","t":"08:27:00","h":"Sud","s":"25N-H55N000A-80-A"},{"r":"179","t":"08:27:00","h":"Sud","s":"25N-H55NV10A-80-A"},{"r":"179","t":"08:27:00","h":"Sud","s":"25N-H55NV20A-80-A"},{"r":"179","t":"08:27:00","h":"Sud","s":"25S-H55S000A-80-A"},{"r":"179","t":"08:36:00","h":"Sud","s":"25N-H55N000S-80-S"},{"r":"179","t":"08:36:00","h":"Sud","s":"25N-H55N000S-82-S"},{"r":"179","t":"08:36:00","h":"Sud","s":"25N-H55NV10S-85-S"},{"r":"179","t":"08:36:00","h":"Sud","s":"25N-H55NV20S-81-S"},{"r":"179","t":"08:36:00","h":"Sud","s":"25S-H55S000S-82-S"},{"r":"179","t":"08:51:00","h":"Sud","s":"25N-H55N000S-80-S"},{"r":"179","t":"08:51:00","h":"Sud","s":"25N-H55N000S-82-S"},{"r":"179","t":"08:51:00","h":"Sud","s":"25N-H55NV10S-85-S"},{"r":"179","t":"08:51:00","h":"Sud","s":"25N-H55NV20S-81-S"},{"r":"179","t":"08:51:00","h":"Sud","s":"25S-H55S000S-82-S"},{"r":"179","t":"08:53:00","h":"Sud","s":"25N-H55N000I-80-I"},{"r":"179","t":"08:53:00","h":"Sud","s":"25N-H55N100F-80-F1"},{"r":"179","t":"08:53:00","h":"Sud","s":"25N-H55N200F-80-F2"},{"r":"179","t":"08:53:00","h":"Sud","s":"25N-H55N300F-80-F3"},{"r":"179","t":"08:53:00","h":"Sud","s":"25N-H55N400F-80-F4"},{"r":"179","t":"08:53:00","h":"Sud","s":"25N-H55NV10I-80-I"},{"r":"179","t":"08:53:00","h":"Sud","s":"25N-H55NV20I-80-I"},{"r":"179","t":"08:53:00","h":"Sud","s":"25S-H55S000I-80-I"},{"r":"179","t":"08:53:00","h":"Sud","s":"25S-H55S100F-80-F1"},{"r":"179","t":"08:53:00","h":"Sud","s":"25S-H55S200F-80-F2"},{"r":"179","t":"09:00:00","h":"Sud","s":"25N-H55N000A-80-A"},{"r":"179","t":"09:00:00","h":"Sud","s":"25N-H55NV10A-80-A"},{"r":"179","t":"09:00:00","h":"Sud","s":"25N-H55NV20A-80-A"},{"r":"179","t":"09:00:00","h":"Sud","s":"25S-H55S000A-80-A"},{"r":"179","t":"09:12:00","h":"Sud","s":"25N-H55N000S-80-S"},{"r":"179","t":"09:12:00","h":"Sud","s":"25N-H55N000S-82-S"},{"r":"179","t":"09:12:00","h":"Sud","s":"25N-H55NV10S-85-S"},{"r":"179","t":"09:12:00","h":"Sud","s":"25N-H55NV20S-81-S"},{"r":"179","t":"09:12:00","h":"Sud","s":"25S-H55S000S-82-S"},{"r":"179","t":"09:23:00","h":"Sud","s":"25N-H55N000I-80-I"},{"r":"179","t":"09:23:00","h":"Sud","s":"25N-H55N100F-80-F1"},{"r":"179","t":"09:23:00","h":"Sud","s":"25N-H55N200F-80-F2"},{"r":"179","t":"09:23:00","h":"Sud","s":"25N-H55N300F-80-F3"},{"r":"179","t":"09:23:00","h":"Sud","s":"25N-H55N400F-80-F4"},{"r":"179","t":"09:23:00","h":"Sud","s":"25N-H55NV10I-80-I"},{"r":"179","t":"09:23:00","h":"Sud","s":"25N-H55NV20I-80-I"},{"r":"179","t":"09:23:00","h":"Sud","s":"25S-H55S000I-80-I"},{"r":"179","t":"09:23:00","h":"Sud","s":"25S-H55S100F-80-F1"},{"r":"179","t":"09:23:00","h":"Sud","s":"25S-H55S200F-80-F2"},{"r":"179","t":"09:32:00","h":"Sud","s":"25N-H55N000S-80-S"},{"r":"179","t":"09:32:00","h":"Sud","s":"25N-H55N000S-82-S"},{"r":"179","t":"09:32:00","h":"Sud","s":"25N-H55NV10S-85-S"},{"r":"179","t":"09:32:00","h":"Sud","s":"25N-H55NV20S-81-S"},{"r":"179","t":"09:32:00","h":"Sud","s":"25S-H55S000S-82-S"},{"r":"179","t":"09:34:00","h":"Sud","s":"25N-H55N000A-80-A"},{"r":"179","t":"09:34:00","h":"Sud","s":"25N-H55NV10A-80-A"},{"r":"179","t":"09:34:00","h":"Sud","s":"25N-H55NV20A-80-A"},{"r":"179","t":"09:34:00","h":"Sud","s":"25S-H55S000A-80-A"},{"r":"179","t":"09:52:00","h":"Sud","s":"25N-H55N000S-80-S"},{"r":"179","t":"09:52:00","h":"Sud","s":"25N-H55N000S-82-S"},{"r":"179","t":"09:52:00","h":"Sud","s":"25N-H55NV10S-85-S"},{"r":"179","t":"09:52:00","h":"Sud","s":"25N-H55NV20S-81-S"},{"r":"179","t":"09:52:00","h":"Sud","s":"25S-H55S000S-82-S"},{"r":"179","t":"09:57:00","h":"Sud","s":"25N-H55N000I-80-I"},{"r":"179","t":"09:57:00","h":"Sud","s":"25N-H55N100F-80-F1"},{"r":"179","t":"09:57:00","h":"Sud","s":"25N-H55N200F-80-F2"},{"r":"179","t":"09:57:00","h":"Sud","s":"25N-H55N300F-80-F3"},{"r":"179","t":"09:57:00","h":"Sud","s":"25N-H55N400F-80-F4"},{"r":"179","t":"09:57:00","h":"Sud","s":"25N-H55NV10I-80-I"},{"r":"179","t":"09:57:00","h":"Sud","s":"25N-H55NV20I-80-I"},{"r":"179","t":"09:57:00","h":"Sud","s":"25S-H55S000I-80-I"},{"r":"179","t":"09:57:00","h":"Sud","s":"25S-H55S100F-80-F1"},{"r":"179","t":"09:57:00","h":"Sud","s":"25S-H55S200F-80-F2"},{"r":"179","t":"10:07:00","h":"Sud","s":"25N-H55N000A-80-A"},{"r":"179","t":"10:07:00","h":"Sud","s":"25N-H55NV10A-80-A"},{"r":"179","t":"10:07:00","h":"Sud","s":"25N-H55NV20A-80-A"},{"r":"179","t":"10:07:00","h":"Sud","s":"25S-H55S000A-80-A"},{"r":"179","t":"10:15:00","h":"Sud","s":"25N-H55N000S-80-S"},{"r":"179","t":"10:15:00","h":"Sud","s":"25N-H55N000S-82-S"},{"r":"179","t":"10:15:00","h":"Sud","s":"25N-H55NV10S-85-S"},{"r":"179","t":"10:15:00","h":"Sud","s":"25N-H55NV20S-81-S"},{"r":"179","t":"10:15:00","h":"Sud","s":"25S-H55S000S-82-S"},{"r":"179","t":"10:28:00","h":"Sud","s":"25N-H55N000I-80-I"},{"r":"179","t":"10:28:00","h":"Sud","s":"25N-H55N100F-80-F1"},{"r":"179","t":"10:28:00","h":"Sud","s":"25N-H55N200F-80-F2"},{"r":"179","t":"10:28:00","h":"Sud","s":"25N-H55N300F-80-F3"},{"r":"179","t":"10:28:00","h":"Sud","s":"25N-H55N400F-80-F4"},{"r":"179","t":"10:28:00","h":"Sud","s":"25N-H55NV10I-80-I"},{"r":"179","t":"10:28:00","h":"Sud","s":"25N-H55NV20I-80-I"},{"r":"179","t":"10:28:00","h":"Sud","s":"25S-H55S000I-80-I"},{"r":"179","t":"10:28:00","h":"Sud","s":"25S-H55S100F-80-F1"},{"r":"179","t":"10:28:00","h":"Sud","s":"25S-H55S200F-80-F2"},{"r":"179","t":"10:31:00","h":"Sud","s":"25N-H55N000A-80-A"},{"r":"179","t":"10:31:00","h":"Sud","s":"25N-H55NV10A-80-A"},{"r":"179","t":"10:31:00","h":"Sud","s":"25N-H55NV20A-80-A"},{"r":"179","t":"10:31:00","h":"Sud","s":"25S-H55S000A-80-A"},{"r":"179","t":"10:37:00","h":"Sud","s":"25N-H55N000S-80-S"},{"r":"179","t":"10:37:00","h":"Sud","s":"25N-H55N000S-82-S"},{"r":"179","t":"10:37:00","h":"Sud","s":"25N-H55NV10S-85-S"},{"r":"179","t":"10:37:00","h":"Sud","s":"25N-H55NV20S-81-S"},{"r":"179","t":"10:37:00","h":"Sud","s":"25S-H55S000S-82-S"},{"r":"179","t":"10:55:00","h":"Sud","s":"25N-H55N000A-80-A"},{"r":"179","t":"10:55:00","h":"Sud","s":"25N-H55NV10A-80-A"},{"r":"179","t":"10:55:00","h":"Sud","s":"25N-H55NV20A-80-A"},{"r":"179","t":"10:55:00","h":"Sud","s":"25S-H55S000A-80-A"},{"r":"179","t":"10:58:00","h":"Sud","s":"25N-H55N000I-80-I"},{"r":"179","t":"10:58:00","h":"Sud","s":"25N-H55N100F-80-F1"},{"r":"179","t":"10:58:00","h":"Sud","s":"25N-H55N200F-80-F2"},{"r":"179","t":"10:58:00","h":"Sud","s":"25N-H55N300F-80-F3"},{"r":"179","t":"10:58:00","h":"Sud","s":"25N-H55N400F-80-F4"},{"r":"179","t":"10:58:00","h":"Sud","s":"25N-H55NV10I-80-I"},{"r":"179","t":"10:58:00","h":"Sud","s":"25N-H55NV20I-80-I"},{"r":"179","t":"10:58:00","h":"Sud","s":"25S-H55S000I-80-I"},{"r":"179","t":"10:58:00","h":"Sud","s":"25S-H55S100F-80-F1"},{"r":"179","t":"10:58:00","h":"Sud","s":"25S-H55S200F-80-F2"},{"r":"179","t":"11:03:00","h":"Sud","s":"25N-H55N000S-80-S"},{"r":"179","t":"11:03:00","h":"Sud","s":"25N-H55N000S-82-S"},{"r":"179","t":"11:03:00","h":"Sud","s":"25N-H55NV10S-85-S"},{"r":"179","t":"11:03:00","h":"Sud","s":"25N-H55NV20S-81-S"},{"r":"179","t":"11:03:00","h":"Sud","s":"25S-H55S000S-82-S"},{"r":"179","t":"11:19:00","h":"Sud","s":"25N-H55N000A-80-A"},{"r":"179","t":"11:19:00","h":"Sud","s":"25N-H55NV10A-80-A"},{"r":"179","t":"11:19:00","h":"Sud","s":"25N-H55NV20A-80-A"},{"r":"179","t":"11:19:00","h":"Sud","s":"25S-H55S000A-80-A"},{"r":"179","t":"11:27:00","h":"Sud","s":"25N-H55N000S-80-S"},{"r":"179","t":"11:27:00","h":"Sud","s":"25N-H55N000S-82-S"},{"r":"179","t":"11:27:00","h":"Sud","s":"25N-H55NV10S-85-S"},{"r":"179","t":"11:27:00","h":"Sud","s":"25N-H55NV20S-81-S"},{"r":"179","t":"11:27:00","h":"Sud","s":"25S-H55S000S-82-S"},{"r":"179","t":"11:31:00","h":"Sud","s":"25N-H55N000I-80-I"},{"r":"179","t":"11:31:00","h":"Sud","s":"25N-H55N100F-80-F1"},{"r":"179","t":"11:31:00","h":"Sud","s":"25N-H55N200F-80-F2"},{"r":"179","t":"11:31:00","h":"Sud","s":"25N-H55N300F-80-F3"},{"r":"179","t":"11:31:00","h":"Sud","s":"25N-H55N400F-80-F4"},{"r":"179","t":"11:31:00","h":"Sud","s":"25N-H55NV10I-80-I"},{"r":"179","t":"11:31:00","h":"Sud","s":"25N-H55NV20I-80-I"},{"r":"179","t":"11:31:00","h":"Sud","s":"25S-H55S000I-80-I"},{"r":"179","t":"11:31:00","h":"Sud","s":"25S-H55S100F-80-F1"},{"r":"179","t":"11:31:00","h":"Sud","s":"25S-H55S200F-80-F2"},{"r":"179","t":"11:39:00","h":"Sud","s":"25N-H55N000A-80-A"},{"r":"179","t":"11:39:00","h":"Sud","s":"25N-H55NV10A-80-A"},{"r":"179","t":"11:39:00","h":"Sud","s":"25N-H55NV20A-80-A"},{"r":"179","t":"11:39:00","h":"Sud","s":"25S-H55S000A-80-A"},{"r":"179","t":"11:51:00","h":"Sud","s":"25N-H55N000S-80-S"},{"r":"179","t":"11:51:00","h":"Sud","s":"25N-H55N000S-82-S"},{"r":"179","t":"11:51:00","h":"Sud","s":"25N-H55NV10S-85-S"},{"r":"179","t":"11:51:00","h":"Sud","s":"25N-H55NV20S-81-S"},{"r":"179","t":"11:51:00","h":"Sud","s":"25S-H55S000S-82-S"},{"r":"179","t":"11:57:00","h":"Sud","s":"25N-H55N000A-80-A"},{"r":"179","t":"11:57:00","h":"Sud","s":"25N-H55NV10A-80-A"},{"r":"179","t":"11:57:00","h":"Sud","s":"25N-H55NV20A-80-A"},{"r":"179","t":"11:57:00","h":"Sud","s":"25S-H55S000A-80-A"},{"r":"179","t":"11:58:00","h":"Sud","s":"25N-H55N000I-80-I"},{"r":"179","t":"11:58:00","h":"Sud","s":"25N-H55N100F-80-F1"},{"r":"179","t":"11:58:00","h":"Sud","s":"25N-H55N200F-80-F2"},{"r":"179","t":"11:58:00","h":"Sud","s":"25N-H55N300F-80-F3"},{"r":"179","t":"11:58:00","h":"Sud","s":"25N-H55N400F-80-F4"},{"r":"179","t":"11:58:00","h":"Sud","s":"25N-H55NV10I-80-I"},{"r":"179","t":"11:58:00","h":"Sud","s":"25N-H55NV20I-80-I"},{"r":"179","t":"11:58:00","h":"Sud","s":"25S-H55S000I-80-I"},{"r":"179","t":"11:58:00","h":"Sud","s":"25S-H55S100F-80-F1"},{"r":"179","t":"11:58:00","h":"Sud","s":"25S-H55S200F-80-F2"},{"r":"179","t":"12:13:00","h":"Sud","s":"25N-H55N000A-80-A"},{"r":"179","t":"12:13:00","h":"Sud","s":"25N-H55NV10A-80-A"},{"r":"179","t":"12:13:00","h":"Sud","s":"25N-H55NV20A-80-A"},{"r":"179","t":"12:13:00","h":"Sud","s":"25S-H55S000A-80-A"},{"r":"179","t":"12:15:00","h":"Sud","s":"25N-H55N000S-80-S"},{"r":"179","t":"12:15:00","h":"Sud","s":"25N-H55N000S-82-S"},{"r":"179","t":"12:15:00","h":"Sud","s":"25N-H55NV10S-85-S"},{"r":"179","t":"12:15:00","h":"Sud","s":"25N-H55NV20S-81-S"},{"r":"179","t":"12:15:00","h":"Sud","s":"25S-H55S000S-82-S"},{"r":"179","t":"12:25:00","h":"Sud","s":"25N-H55N000I-80-I"},{"r":"179","t":"12:25:00","h":"Sud","s":"25N-H55N100F-80-F1"},{"r":"179","t":"12:25:00","h":"Sud","s":"25N-H55N200F-80-F2"},{"r":"179","t":"12:25:00","h":"Sud","s":"25N-H55N300F-80-F3"},{"r":"179","t":"12:25:00","h":"Sud","s":"25N-H55N400F-80-F4"},{"r":"179","t":"12:25:00","h":"Sud","s":"25N-H55NV10I-80-I"},{"r":"179","t":"12:25:00","h":"Sud","s":"25N-H55NV20I-80-I"},{"r":"179","t":"12:25:00","h":"Sud","s":"25S-H55S000I-80-I"},{"r":"179","t":"12:25:00","h":"Sud","s":"25S-H55S100F-80-F1"},{"r":"179","t":"12:25:00","h":"Sud","s":"25S-H55S200F-80-F2"},{"r":"179","t":"12:29:00","h":"Sud","s":"25N-H55N000A-80-A"},{"r":"179","t":"12:29:00","h":"Sud","s":"25N-H55NV10A-80-A"},{"r":"179","t":"12:29:00","h":"Sud","s":"25N-H55NV20A-80-A"},{"r":"179","t":"12:29:00","h":"Sud","s":"25S-H55S000A-80-A"},{"r":"179","t":"12:34:00","h":"Sud","s":"25N-H55N000S-80-S"},{"r":"179","t":"12:34:00","h":"Sud","s":"25N-H55N000S-82-S"},{"r":"179","t":"12:34:00","h":"Sud","s":"25N-H55NV10S-85-S"},{"r":"179","t":"12:34:00","h":"Sud","s":"25N-H55NV20S-81-S"},{"r":"179","t":"12:34:00","h":"Sud","s":"25S-H55S000S-82-S"},{"r":"179","t":"12:45:00","h":"Sud","s":"25N-H55N000A-80-A"},{"r":"179","t":"12:45:00","h":"Sud","s":"25N-H55NV10A-80-A"},{"r":"179","t":"12:45:00","h":"Sud","s":"25N-H55NV20A-80-A"},{"r":"179","t":"12:45:00","h":"Sud","s":"25S-H55S000A-80-A"},{"r":"179","t":"12:52:00","h":"Sud","s":"25N-H55N000I-80-I"},{"r":"179","t":"12:52:00","h":"Sud","s":"25N-H55N000S-80-S"},{"r":"179","t":"12:52:00","h":"Sud","s":"25N-H55N000S-82-S"},{"r":"179","t":"12:52:00","h":"Sud","s":"25N-H55N100F-80-F1"},{"r":"179","t":"12:52:00","h":"Sud","s":"25N-H55N200F-80-F2"},{"r":"179","t":"12:52:00","h":"Sud","s":"25N-H55N300F-80-F3"},{"r":"179","t":"12:52:00","h":"Sud","s":"25N-H55N400F-80-F4"},{"r":"179","t":"12:52:00","h":"Sud","s":"25N-H55NV10I-80-I"},{"r":"179","t":"12:52:00","h":"Sud","s":"25N-H55NV10S-85-S"},{"r":"179","t":"12:52:00","h":"Sud","s":"25N-H55NV20I-80-I"},{"r":"179","t":"12:52:00","h":"Sud","s":"25N-H55NV20S-81-S"},{"r":"179","t":"12:52:00","h":"Sud","s":"25S-H55S000I-80-I"},{"r":"179","t":"12:52:00","h":"Sud","s":"25S-H55S000S-82-S"},{"r":"179","t":"12:52:00","h":"Sud","s":"25S-H55S100F-80-F1"},{"r":"179","t":"12:52:00","h":"Sud","s":"25S-H55S200F-80-F2"},{"r":"179","t":"13:02:00","h":"Sud","s":"25N-H55N000A-80-A"},{"r":"179","t":"13:02:00","h":"Sud","s":"25N-H55NV10A-80-A"},{"r":"179","t":"13:02:00","h":"Sud","s":"25N-H55NV20A-80-A"},{"r":"179","t":"13:02:00","h":"Sud","s":"25S-H55S000A-80-A"},{"r":"179","t":"13:10:00","h":"Sud","s":"25N-H55N000S-80-S"},{"r":"179","t":"13:10:00","h":"Sud","s":"25N-H55N000S-82-S"},{"r":"179","t":"13:10:00","h":"Sud","s":"25N-H55NV10S-85-S"},{"r":"179","t":"13:10:00","h":"Sud","s":"25N-H55NV20S-81-S"},{"r":"179","t":"13:10:00","h":"Sud","s":"25S-H55S000S-82-S"},{"r":"179","t":"13:18:00","h":"Sud","s":"25N-H55N000I-80-I"},{"r":"179","t":"13:18:00","h":"Sud","s":"25N-H55N100F-80-F1"},{"r":"179","t":"13:18:00","h":"Sud","s":"25N-H55N200F-80-F2"},{"r":"179","t":"13:18:00","h":"Sud","s":"25N-H55N300F-80-F3"},{"r":"179","t":"13:18:00","h":"Sud","s":"25N-H55N400F-80-F4"},{"r":"179","t":"13:18:00","h":"Sud","s":"25N-H55NV10I-80-I"},{"r":"179","t":"13:18:00","h":"Sud","s":"25N-H55NV20I-80-I"},{"r":"179","t":"13:18:00","h":"Sud","s":"25S-H55S000I-80-I"},{"r":"179","t":"13:18:00","h":"Sud","s":"25S-H55S100F-80-F1"},{"r":"179","t":"13:18:00","h":"Sud","s":"25S-H55S200F-80-F2"},{"r":"179","t":"13:19:00","h":"Sud","s":"25N-H55N000A-80-A"},{"r":"179","t":"13:19:00","h":"Sud","s":"25N-H55NV10A-80-A"},{"r":"179","t":"13:19:00","h":"Sud","s":"25N-H55NV20A-80-A"},{"r":"179","t":"13:19:00","h":"Sud","s":"25S-H55S000A-80-A"},{"r":"179","t":"13:30:00","h":"Sud","s":"25N-H55N000S-80-S"},{"r":"179","t":"13:30:00","h":"Sud","s":"25N-H55N000S-82-S"},{"r":"179","t":"13:30:00","h":"Sud","s":"25N-H55NV10S-85-S"},{"r":"179","t":"13:30:00","h":"Sud","s":"25N-H55NV20S-81-S"},{"r":"179","t":"13:30:00","h":"Sud","s":"25S-H55S000S-82-S"},{"r":"179","t":"13:36:00","h":"Sud","s":"25N-H55N000A-80-A"},{"r":"179","t":"13:36:00","h":"Sud","s":"25N-H55NV10A-80-A"},{"r":"179","t":"13:36:00","h":"Sud","s":"25N-H55NV20A-80-A"},{"r":"179","t":"13:36:00","h":"Sud","s":"25S-H55S000A-80-A"},{"r":"179","t":"13:43:00","h":"Sud","s":"25N-H55N000I-80-I"},{"r":"179","t":"13:43:00","h":"Sud","s":"25N-H55N100F-80-F1"},{"r":"179","t":"13:43:00","h":"Sud","s":"25N-H55N200F-80-F2"},{"r":"179","t":"13:43:00","h":"Sud","s":"25N-H55N300F-80-F3"},{"r":"179","t":"13:43:00","h":"Sud","s":"25N-H55N400F-80-F4"},{"r":"179","t":"13:43:00","h":"Sud","s":"25N-H55NV10I-80-I"},{"r":"179","t":"13:43:00","h":"Sud","s":"25N-H55NV20I-80-I"},{"r":"179","t":"13:43:00","h":"Sud","s":"25S-H55S000I-80-I"},{"r":"179","t":"13:43:00","h":"Sud","s":"25S-H55S100F-80-F1"},{"r":"179","t":"13:43:00","h":"Sud","s":"25S-H55S200F-80-F2"},{"r":"179","t":"13:51:00","h":"Sud","s":"25N-H55N000S-80-S"},{"r":"179","t":"13:51:00","h":"Sud","s":"25N-H55N000S-82-S"},{"r":"179","t":"13:51:00","h":"Sud","s":"25N-H55NV10S-85-S"},{"r":"179","t":"13:51:00","h":"Sud","s":"25N-H55NV20S-81-S"},{"r":"179","t":"13:51:00","h":"Sud","s":"25S-H55S000S-82-S"},{"r":"179","t":"13:53:00","h":"Sud","s":"25N-H55N000A-80-A"},{"r":"179","t":"13:53:00","h":"Sud","s":"25N-H55NV10A-80-A"},{"r":"179","t":"13:53:00","h":"Sud","s":"25N-H55NV20A-80-A"},{"r":"179","t":"13:53:00","h":"Sud","s":"25S-H55S000A-80-A"},{"r":"179","t":"14:05:00","h":"Sud","s":"25N-H55N000I-80-I"},{"r":"179","t":"14:05:00","h":"Sud","s":"25N-H55N100F-80-F1"},{"r":"179","t":"14:05:00","h":"Sud","s":"25N-H55N200F-80-F2"},{"r":"179","t":"14:05:00","h":"Sud","s":"25N-H55N300F-80-F3"},{"r":"179","t":"14:05:00","h":"Sud","s":"25N-H55N400F-80-F4"},{"r":"179","t":"14:05:00","h":"Sud","s":"25N-H55NV10I-80-I"},{"r":"179","t":"14:05:00","h":"Sud","s":"25N-H55NV20I-80-I"},{"r":"179","t":"14:05:00","h":"Sud","s":"25S-H55S000I-80-I"},{"r":"179","t":"14:05:00","h":"Sud","s":"25S-H55S100F-80-F1"},{"r":"179","t":"14:05:00","h":"Sud","s":"25S-H55S200F-80-F2"},{"r":"179","t":"14:10:00","h":"Sud","s":"25N-H55N000A-80-A"},{"r":"179","t":"14:10:00","h":"Sud","s":"25N-H55NV10A-80-A"},{"r":"179","t":"14:10:00","h":"Sud","s":"25N-H55NV20A-80-A"},{"r":"179","t":"14:10:00","h":"Sud","s":"25S-H55S000A-80-A"},{"r":"179","t":"14:13:00","h":"Sud","s":"25N-H55N000S-80-S"},{"r":"179","t":"14:13:00","h":"Sud","s":"25N-H55N000S-82-S"},{"r":"179","t":"14:13:00","h":"Sud","s":"25N-H55NV10S-85-S"},{"r":"179","t":"14:13:00","h":"Sud","s":"25N-H55NV20S-81-S"},{"r":"179","t":"14:13:00","h":"Sud","s":"25S-H55S000S-82-S"},{"r":"179","t":"14:25:00","h":"Sud","s":"25N-H55N000I-80-I"},{"r":"179","t":"14:25:00","h":"Sud","s":"25N-H55N100F-80-F1"},{"r":"179","t":"14:25:00","h":"Sud","s":"25N-H55N200F-80-F2"},{"r":"179","t":"14:25:00","h":"Sud","s":"25N-H55N300F-80-F3"},{"r":"179","t":"14:25:00","h":"Sud","s":"25N-H55N400F-80-F4"},{"r":"179","t":"14:25:00","h":"Sud","s":"25N-H55NV10I-80-I"},{"r":"179","t":"14:25:00","h":"Sud","s":"25N-H55NV20I-80-I"},{"r":"179","t":"14:25:00","h":"Sud","s":"25S-H55S000I-80-I"},{"r":"179","t":"14:25:00","h":"Sud","s":"25S-H55S100F-80-F1"},{"r":"179","t":"14:25:00","h":"Sud","s":"25S-H55S200F-80-F2"},{"r":"179","t":"14:26:00","h":"Sud","s":"25N-H55N000A-80-A"},{"r":"179","t":"14:26:00","h":"Sud","s":"25N-H55NV10A-80-A"},{"r":"179","t":"14:26:00","h":"Sud","s":"25N-H55NV20A-80-A"},{"r":"179","t":"14:26:00","h":"Sud","s":"25S-H55S000A-80-A"},{"r":"179","t":"14:34:00","h":"Sud","s":"25N-H55N000S-80-S"},{"r":"179","t":"14:34:00","h":"Sud","s":"25N-H55N000S-82-S"},{"r":"179","t":"14:34:00","h":"Sud","s":"25N-H55NV10S-85-S"},{"r":"179","t":"14:34:00","h":"Sud","s":"25N-H55NV20S-81-S"},{"r":"179","t":"14:34:00","h":"Sud","s":"25S-H55S000S-82-S"},{"r":"179","t":"14:41:00","h":"Sud","s":"25N-H55N000I-80-I"},{"r":"179","t":"14:41:00","h":"Sud","s":"25N-H55N100F-80-F1"},{"r":"179","t":"14:41:00","h":"Sud","s":"25N-H55N200F-80-F2"},{"r":"179","t":"14:41:00","h":"Sud","s":"25N-H55N300F-80-F3"},{"r":"179","t":"14:41:00","h":"Sud","s":"25N-H55N400F-80-F4"},{"r":"179","t":"14:41:00","h":"Sud","s":"25N-H55NV10I-80-I"},{"r":"179","t":"14:41:00","h":"Sud","s":"25N-H55NV20I-80-I"},{"r":"179","t":"14:41:00","h":"Sud","s":"25S-H55S000I-80-I"},{"r":"179","t":"14:41:00","h":"Sud","s":"25S-H55S100F-80-F1"},{"r":"179","t":"14:41:00","h":"Sud","s":"25S-H55S200F-80-F2"},{"r":"179","t":"14:42:00","h":"Sud","s":"25N-H55N000A-80-A"},{"r":"179","t":"14:42:00","h":"Sud","s":"25N-H55NV10A-80-A"},{"r":"179","t":"14:42:00","h":"Sud","s":"25N-H55NV20A-80-A"},{"r":"179","t":"14:42:00","h":"Sud","s":"25S-H55S000A-80-A"},{"r":"179","t":"14:55:00","h":"Sud","s":"25N-H55N000S-80-S"},{"r":"179","t":"14:55:00","h":"Sud","s":"25N-H55N000S-82-S"},{"r":"179","t":"14:55:00","h":"Sud","s":"25N-H55NV10S-85-S"},{"r":"179","t":"14:55:00","h":"Sud","s":"25N-H55NV20S-81-S"},{"r":"179","t":"14:55:00","h":"Sud","s":"25S-H55S000S-82-S"},{"r":"179","t":"14:58:00","h":"Sud","s":"25N-H55N000A-80-A"},{"r":"179","t":"14:58:00","h":"Sud","s":"25N-H55NV10A-80-A"},{"r":"179","t":"14:58:00","h":"Sud","s":"25N-H55NV20A-80-A"},{"r":"179","t":"14:58:00","h":"Sud","s":"25S-H55S000A-80-A"},{"r":"179","t":"14:59:00","h":"Sud","s":"25N-H55N000I-80-I"},{"r":"179","t":"14:59:00","h":"Sud","s":"25N-H55N100F-80-F1"},{"r":"179","t":"14:59:00","h":"Sud","s":"25N-H55N200F-80-F2"},{"r":"179","t":"14:59:00","h":"Sud","s":"25N-H55N300F-80-F3"},{"r":"179","t":"14:59:00","h":"Sud","s":"25N-H55N400F-80-F4"},{"r":"179","t":"14:59:00","h":"Sud","s":"25N-H55NV10I-80-I"},{"r":"179","t":"14:59:00","h":"Sud","s":"25N-H55NV20I-80-I"},{"r":"179","t":"14:59:00","h":"Sud","s":"25S-H55S000I-80-I"},{"r":"179","t":"14:59:00","h":"Sud","s":"25S-H55S100F-80-F1"},{"r":"179","t":"14:59:00","h":"Sud","s":"25S-H55S200F-80-F2"},{"r":"179","t":"15:14:00","h":"Sud","s":"25N-H55N000A-80-A"},{"r":"179","t":"15:14:00","h":"Sud","s":"25N-H55NV10A-80-A"},{"r":"179","t":"15:14:00","h":"Sud","s":"25N-H55NV20A-80-A"},{"r":"179","t":"15:14:00","h":"Sud","s":"25S-H55S000A-80-A"},{"r":"179","t":"15:15:00","h":"Sud","s":"25N-H55N000I-80-I"},{"r":"179","t":"15:15:00","h":"Sud","s":"25N-H55N100F-80-F1"},{"r":"179","t":"15:15:00","h":"Sud","s":"25N-H55N200F-80-F2"},{"r":"179","t":"15:15:00","h":"Sud","s":"25N-H55N300F-80-F3"},{"r":"179","t":"15:15:00","h":"Sud","s":"25N-H55N400F-80-F4"},{"r":"179","t":"15:15:00","h":"Sud","s":"25N-H55NV10I-80-I"},{"r":"179","t":"15:15:00","h":"Sud","s":"25N-H55NV20I-80-I"},{"r":"179","t":"15:15:00","h":"Sud","s":"25S-H55S000I-80-I"},{"r":"179","t":"15:15:00","h":"Sud","s":"25S-H55S100F-80-F1"},{"r":"179","t":"15:15:00","h":"Sud","s":"25S-H55S200F-80-F2"},{"r":"179","t":"15:16:00","h":"Sud","s":"25N-H55N000S-80-S"},{"r":"179","t":"15:16:00","h":"Sud","s":"25N-H55N000S-82-S"},{"r":"179","t":"15:16:00","h":"Sud","s":"25N-H55NV10S-85-S"},{"r":"179","t":"15:16:00","h":"Sud","s":"25N-H55NV20S-81-S"},{"r":"179","t":"15:16:00","h":"Sud","s":"25S-H55S000S-82-S"},{"r":"179","t":"15:30:00","h":"Sud","s":"25N-H55N000A-80-A"},{"r":"179","t":"15:30:00","h":"Sud","s":"25N-H55NV10A-80-A"},{"r":"179","t":"15:30:00","h":"Sud","s":"25N-H55NV20A-80-A"},{"r":"179","t":"15:30:00","h":"Sud","s":"25S-H55S000A-80-A"},{"r":"179","t":"15:31:00","h":"Sud","s":"25N-H55N000I-80-I"},{"r":"179","t":"15:31:00","h":"Sud","s":"25N-H55N100F-80-F1"},{"r":"179","t":"15:31:00","h":"Sud","s":"25N-H55N200F-80-F2"},{"r":"179","t":"15:31:00","h":"Sud","s":"25N-H55N300F-80-F3"},{"r":"179","t":"15:31:00","h":"Sud","s":"25N-H55N400F-80-F4"},{"r":"179","t":"15:31:00","h":"Sud","s":"25N-H55NV10I-80-I"},{"r":"179","t":"15:31:00","h":"Sud","s":"25N-H55NV20I-80-I"},{"r":"179","t":"15:31:00","h":"Sud","s":"25S-H55S000I-80-I"},{"r":"179","t":"15:31:00","h":"Sud","s":"25S-H55S100F-80-F1"},{"r":"179","t":"15:31:00","h":"Sud","s":"25S-H55S200F-80-F2"},{"r":"179","t":"15:38:00","h":"Sud","s":"25N-H55N000S-80-S"},{"r":"179","t":"15:38:00","h":"Sud","s":"25N-H55N000S-82-S"},{"r":"179","t":"15:38:00","h":"Sud","s":"25N-H55NV10S-85-S"},{"r":"179","t":"15:38:00","h":"Sud","s":"25N-H55NV20S-81-S"},{"r":"179","t":"15:38:00","h":"Sud","s":"25S-H55S000S-82-S"},{"r":"179","t":"15:46:00","h":"Sud","s":"25N-H55N000A-80-A"},{"r":"179","t":"15:46:00","h":"Sud","s":"25N-H55NV10A-80-A"},{"r":"179","t":"15:46:00","h":"Sud","s":"25N-H55NV20A-80-A"},{"r":"179","t":"15:46:00","h":"Sud","s":"25S-H55S000A-80-A"},{"r":"179","t":"15:47:00","h":"Sud","s":"25N-H55N000I-80-I"},{"r":"179","t":"15:47:00","h":"Sud","s":"25N-H55N100F-80-F1"},{"r":"179","t":"15:47:00","h":"Sud","s":"25N-H55N200F-80-F2"},{"r":"179","t":"15:47:00","h":"Sud","s":"25N-H55N300F-80-F3"},{"r":"179","t":"15:47:00","h":"Sud","s":"25N-H55N400F-80-F4"},{"r":"179","t":"15:47:00","h":"Sud","s":"25N-H55NV10I-80-I"},{"r":"179","t":"15:47:00","h":"Sud","s":"25N-H55NV20I-80-I"},{"r":"179","t":"15:47:00","h":"Sud","s":"25S-H55S000I-80-I"},{"r":"179","t":"15:47:00","h":"Sud","s":"25S-H55S100F-80-F1"},{"r":"179","t":"15:47:00","h":"Sud","s":"25S-H55S200F-80-F2"},{"r":"179","t":"16:01:00","h":"Sud","s":"25N-H55N000A-80-A"},{"r":"179","t":"16:01:00","h":"Sud","s":"25N-H55N000S-80-S"},{"r":"179","t":"16:01:00","h":"Sud","s":"25N-H55N000S-82-S"},{"r":"179","t":"16:01:00","h":"Sud","s":"25N-H55NV10A-80-A"},{"r":"179","t":"16:01:00","h":"Sud","s":"25N-H55NV10S-85-S"},{"r":"179","t":"16:01:00","h":"Sud","s":"25N-H55NV20A-80-A"},{"r":"179","t":"16:01:00","h":"Sud","s":"25N-H55NV20S-81-S"},{"r":"179","t":"16:01:00","h":"Sud","s":"25S-H55S000A-80-A"},{"r":"179","t":"16:01:00","h":"Sud","s":"25S-H55S000S-82-S"},{"r":"179","t":"16:03:00","h":"Sud","s":"25N-H55N000I-80-I"},{"r":"179","t":"16:03:00","h":"Sud","s":"25N-H55N100F-80-F1"},{"r":"179","t":"16:03:00","h":"Sud","s":"25N-H55N200F-80-F2"},{"r":"179","t":"16:03:00","h":"Sud","s":"25N-H55N300F-80-F3"},{"r":"179","t":"16:03:00","h":"Sud","s":"25N-H55N400F-80-F4"},{"r":"179","t":"16:03:00","h":"Sud","s":"25N-H55NV10I-80-I"},{"r":"179","t":"16:03:00","h":"Sud","s":"25N-H55NV20I-80-I"},{"r":"179","t":"16:03:00","h":"Sud","s":"25S-H55S000I-80-I"},{"r":"179","t":"16:03:00","h":"Sud","s":"25S-H55S100F-80-F1"},{"r":"179","t":"16:03:00","h":"Sud","s":"25S-H55S200F-80-F2"},{"r":"179","t":"16:16:00","h":"Sud","s":"25N-H55N000A-80-A"},{"r":"179","t":"16:16:00","h":"Sud","s":"25N-H55NV10A-80-A"},{"r":"179","t":"16:16:00","h":"Sud","s":"25N-H55NV20A-80-A"},{"r":"179","t":"16:16:00","h":"Sud","s":"25S-H55S000A-80-A"},{"r":"179","t":"16:19:00","h":"Sud","s":"25N-H55N000I-80-I"},{"r":"179","t":"16:19:00","h":"Sud","s":"25N-H55N100F-80-F1"},{"r":"179","t":"16:19:00","h":"Sud","s":"25N-H55N200F-80-F2"},{"r":"179","t":"16:19:00","h":"Sud","s":"25N-H55N300F-80-F3"},{"r":"179","t":"16:19:00","h":"Sud","s":"25N-H55N400F-80-F4"},{"r":"179","t":"16:19:00","h":"Sud","s":"25N-H55NV10I-80-I"},{"r":"179","t":"16:19:00","h":"Sud","s":"25N-H55NV20I-80-I"},{"r":"179","t":"16:19:00","h":"Sud","s":"25S-H55S000I-80-I"},{"r":"179","t":"16:19:00","h":"Sud","s":"25S-H55S100F-80-F1"},{"r":"179","t":"16:19:00","h":"Sud","s":"25S-H55S200F-80-F2"},{"r":"179","t":"16:23:00","h":"Sud","s":"25N-H55N000S-80-S"},{"r":"179","t":"16:23:00","h":"Sud","s":"25N-H55N000S-82-S"},{"r":"179","t":"16:23:00","h":"Sud","s":"25N-H55NV10S-85-S"},{"r":"179","t":"16:23:00","h":"Sud","s":"25N-H55NV20S-81-S"},{"r":"179","t":"16:23:00","h":"Sud","s":"25S-H55S000S-82-S"},{"r":"179","t":"16:30:00","h":"Sud","s":"25N-H55N000A-80-A"},{"r":"179","t":"16:30:00","h":"Sud","s":"25N-H55NV10A-80-A"},{"r":"179","t":"16:30:00","h":"Sud","s":"25N-H55NV20A-80-A"},{"r":"179","t":"16:30:00","h":"Sud","s":"25S-H55S000A-80-A"},{"r":"179","t":"16:35:00","h":"Sud","s":"25N-H55N000I-80-I"},{"r":"179","t":"16:35:00","h":"Sud","s":"25N-H55N100F-80-F1"},{"r":"179","t":"16:35:00","h":"Sud","s":"25N-H55N200F-80-F2"},{"r":"179","t":"16:35:00","h":"Sud","s":"25N-H55N300F-80-F3"},{"r":"179","t":"16:35:00","h":"Sud","s":"25N-H55N400F-80-F4"},{"r":"179","t":"16:35:00","h":"Sud","s":"25N-H55NV10I-80-I"},{"r":"179","t":"16:35:00","h":"Sud","s":"25N-H55NV20I-80-I"},{"r":"179","t":"16:35:00","h":"Sud","s":"25S-H55S000I-80-I"},{"r":"179","t":"16:35:00","h":"Sud","s":"25S-H55S100F-80-F1"},{"r":"179","t":"16:35:00","h":"Sud","s":"25S-H55S200F-80-F2"},{"r":"179","t":"16:41:00","h":"Sud","s":"25N-H55N000S-80-S"},{"r":"179","t":"16:41:00","h":"Sud","s":"25N-H55N000S-82-S"},{"r":"179","t":"16:41:00","h":"Sud","s":"25N-H55NV10S-85-S"},{"r":"179","t":"16:41:00","h":"Sud","s":"25N-H55NV20S-81-S"},{"r":"179","t":"16:41:00","h":"Sud","s":"25S-H55S000S-82-S"},{"r":"179","t":"16:44:00","h":"Sud","s":"25N-H55N000A-80-A"},{"r":"179","t":"16:44:00","h":"Sud","s":"25N-H55NV10A-80-A"},{"r":"179","t":"16:44:00","h":"Sud","s":"25N-H55NV20A-80-A"},{"r":"179","t":"16:44:00","h":"Sud","s":"25S-H55S000A-80-A"},{"r":"179","t":"16:51:00","h":"Sud","s":"25N-H55N000I-80-I"},{"r":"179","t":"16:51:00","h":"Sud","s":"25N-H55N100F-80-F1"},{"r":"179","t":"16:51:00","h":"Sud","s":"25N-H55N200F-80-F2"},{"r":"179","t":"16:51:00","h":"Sud","s":"25N-H55N300F-80-F3"},{"r":"179","t":"16:51:00","h":"Sud","s":"25N-H55N400F-80-F4"},{"r":"179","t":"16:51:00","h":"Sud","s":"25N-H55NV10I-80-I"},{"r":"179","t":"16:51:00","h":"Sud","s":"25N-H55NV20I-80-I"},{"r":"179","t":"16:51:00","h":"Sud","s":"25S-H55S000I-80-I"},{"r":"179","t":"16:51:00","h":"Sud","s":"25S-H55S100F-80-F1"},{"r":"179","t":"16:51:00","h":"Sud","s":"25S-H55S200F-80-F2"},{"r":"179","t":"16:53:00","h":"Sud","s":"25N-H55N000S-80-S"},{"r":"179","t":"16:53:00","h":"Sud","s":"25N-H55N000S-82-S"},{"r":"179","t":"16:53:00","h":"Sud","s":"25N-H55NV10S-85-S"},{"r":"179","t":"16:53:00","h":"Sud","s":"25N-H55NV20S-81-S"},{"r":"179","t":"16:53:00","h":"Sud","s":"25S-H55S000S-82-S"},{"r":"179","t":"16:58:00","h":"Sud","s":"25N-H55N000A-80-A"},{"r":"179","t":"16:58:00","h":"Sud","s":"25N-H55NV10A-80-A"},{"r":"179","t":"16:58:00","h":"Sud","s":"25N-H55NV20A-80-A"},{"r":"179","t":"16:58:00","h":"Sud","s":"25S-H55S000A-80-A"},{"r":"179","t":"17:04:00","h":"Sud","s":"25N-H55N000I-80-I"},{"r":"179","t":"17:04:00","h":"Sud","s":"25N-H55N100F-80-F1"},{"r":"179","t":"17:04:00","h":"Sud","s":"25N-H55N200F-80-F2"},{"r":"179","t":"17:04:00","h":"Sud","s":"25N-H55N300F-80-F3"},{"r":"179","t":"17:04:00","h":"Sud","s":"25N-H55N400F-80-F4"},{"r":"179","t":"17:04:00","h":"Sud","s":"25N-H55NV10I-80-I"},{"r":"179","t":"17:04:00","h":"Sud","s":"25N-H55NV20I-80-I"},{"r":"179","t":"17:04:00","h":"Sud","s":"25S-H55S000I-80-I"},{"r":"179","t":"17:04:00","h":"Sud","s":"25S-H55S100F-80-F1"},{"r":"179","t":"17:04:00","h":"Sud","s":"25S-H55S200F-80-F2"},{"r":"179","t":"17:05:00","h":"Sud","s":"25N-H55N000S-80-S"},{"r":"179","t":"17:05:00","h":"Sud","s":"25N-H55N000S-82-S"},{"r":"179","t":"17:05:00","h":"Sud","s":"25N-H55NV10S-85-S"},{"r":"179","t":"17:05:00","h":"Sud","s":"25N-H55NV20S-81-S"},{"r":"179","t":"17:05:00","h":"Sud","s":"25S-H55S000S-82-S"},{"r":"179","t":"17:12:00","h":"Sud","s":"25N-H55N000A-80-A"},{"r":"179","t":"17:12:00","h":"Sud","s":"25N-H55NV10A-80-A"},{"r":"179","t":"17:12:00","h":"Sud","s":"25N-H55NV20A-80-A"},{"r":"179","t":"17:12:00","h":"Sud","s":"25S-H55S000A-80-A"},{"r":"179","t":"17:17:00","h":"Sud","s":"25N-H55N000I-80-I"},{"r":"179","t":"17:17:00","h":"Sud","s":"25N-H55N000S-80-S"},{"r":"179","t":"17:17:00","h":"Sud","s":"25N-H55N000S-82-S"},{"r":"179","t":"17:17:00","h":"Sud","s":"25N-H55N100F-80-F1"},{"r":"179","t":"17:17:00","h":"Sud","s":"25N-H55N200F-80-F2"},{"r":"179","t":"17:17:00","h":"Sud","s":"25N-H55N300F-80-F3"},{"r":"179","t":"17:17:00","h":"Sud","s":"25N-H55N400F-80-F4"},{"r":"179","t":"17:17:00","h":"Sud","s":"25N-H55NV10I-80-I"},{"r":"179","t":"17:17:00","h":"Sud","s":"25N-H55NV10S-85-S"},{"r":"179","t":"17:17:00","h":"Sud","s":"25N-H55NV20I-80-I"},{"r":"179","t":"17:17:00","h":"Sud","s":"25N-H55NV20S-81-S"},{"r":"179","t":"17:17:00","h":"Sud","s":"25S-H55S000I-80-I"},{"r":"179","t":"17:17:00","h":"Sud","s":"25S-H55S000S-82-S"},{"r":"179","t":"17:17:00","h":"Sud","s":"25S-H55S100F-80-F1"},{"r":"179","t":"17:17:00","h":"Sud","s":"25S-H55S200F-80-F2"},{"r":"179","t":"17:26:00","h":"Sud","s":"25N-H55N000A-80-A"},{"r":"179","t":"17:26:00","h":"Sud","s":"25N-H55NV10A-80-A"},{"r":"179","t":"17:26:00","h":"Sud","s":"25N-H55NV20A-80-A"},{"r":"179","t":"17:26:00","h":"Sud","s":"25S-H55S000A-80-A"},{"r":"179","t":"17:31:00","h":"Sud","s":"25N-H55N000I-80-I"},{"r":"179","t":"17:31:00","h":"Sud","s":"25N-H55N000S-80-S"},{"r":"179","t":"17:31:00","h":"Sud","s":"25N-H55N000S-82-S"},{"r":"179","t":"17:31:00","h":"Sud","s":"25N-H55N100F-80-F1"},{"r":"179","t":"17:31:00","h":"Sud","s":"25N-H55N200F-80-F2"},{"r":"179","t":"17:31:00","h":"Sud","s":"25N-H55N300F-80-F3"},{"r":"179","t":"17:31:00","h":"Sud","s":"25N-H55N400F-80-F4"},{"r":"179","t":"17:31:00","h":"Sud","s":"25N-H55NV10I-80-I"},{"r":"179","t":"17:31:00","h":"Sud","s":"25N-H55NV10S-85-S"},{"r":"179","t":"17:31:00","h":"Sud","s":"25N-H55NV20I-80-I"},{"r":"179","t":"17:31:00","h":"Sud","s":"25N-H55NV20S-81-S"},{"r":"179","t":"17:31:00","h":"Sud","s":"25S-H55S000I-80-I"},{"r":"179","t":"17:31:00","h":"Sud","s":"25S-H55S000S-82-S"},{"r":"179","t":"17:31:00","h":"Sud","s":"25S-H55S100F-80-F1"},{"r":"179","t":"17:31:00","h":"Sud","s":"25S-H55S200F-80-F2"},{"r":"179","t":"17:39:00","h":"Sud","s":"25N-H55N000A-80-A"},{"r":"179","t":"17:39:00","h":"Sud","s":"25N-H55NV10A-80-A"},{"r":"179","t":"17:39:00","h":"Sud","s":"25N-H55NV20A-80-A"},{"r":"179","t":"17:39:00","h":"Sud","s":"25S-H55S000A-80-A"},{"r":"179","t":"17:45:00","h":"Sud","s":"25N-H55N000S-80-S"},{"r":"179","t":"17:45:00","h":"Sud","s":"25N-H55N000S-82-S"},{"r":"179","t":"17:45:00","h":"Sud","s":"25N-H55NV10S-85-S"},{"r":"179","t":"17:45:00","h":"Sud","s":"25N-H55NV20S-81-S"},{"r":"179","t":"17:45:00","h":"Sud","s":"25S-H55S000S-82-S"},{"r":"179","t":"17:46:00","h":"Sud","s":"25N-H55N000I-80-I"},{"r":"179","t":"17:46:00","h":"Sud","s":"25N-H55N100F-80-F1"},{"r":"179","t":"17:46:00","h":"Sud","s":"25N-H55N200F-80-F2"},{"r":"179","t":"17:46:00","h":"Sud","s":"25N-H55N300F-80-F3"},{"r":"179","t":"17:46:00","h":"Sud","s":"25N-H55N400F-80-F4"},{"r":"179","t":"17:46:00","h":"Sud","s":"25N-H55NV10I-80-I"},{"r":"179","t":"17:46:00","h":"Sud","s":"25N-H55NV20I-80-I"},{"r":"179","t":"17:46:00","h":"Sud","s":"25S-H55S000I-80-I"},{"r":"179","t":"17:46:00","h":"Sud","s":"25S-H55S100F-80-F1"},{"r":"179","t":"17:46:00","h":"Sud","s":"25S-H55S200F-80-F2"},{"r":"179","t":"17:52:00","h":"Sud","s":"25N-H55N000A-80-A"},{"r":"179","t":"17:52:00","h":"Sud","s":"25N-H55NV10A-80-A"},{"r":"179","t":"17:52:00","h":"Sud","s":"25N-H55NV20A-80-A"},{"r":"179","t":"17:52:00","h":"Sud","s":"25S-H55S000A-80-A"},{"r":"179","t":"18:04:00","h":"Sud","s":"25N-H55N000S-80-S"},{"r":"179","t":"18:04:00","h":"Sud","s":"25N-H55N000S-82-S"},{"r":"179","t":"18:04:00","h":"Sud","s":"25N-H55NV10S-85-S"},{"r":"179","t":"18:04:00","h":"Sud","s":"25N-H55NV20S-81-S"},{"r":"179","t":"18:04:00","h":"Sud","s":"25S-H55S000S-82-S"},{"r":"179","t":"18:05:00","h":"Sud","s":"25N-H55N000A-80-A"},{"r":"179","t":"18:05:00","h":"Sud","s":"25N-H55NV10A-80-A"},{"r":"179","t":"18:05:00","h":"Sud","s":"25N-H55NV20A-80-A"},{"r":"179","t":"18:05:00","h":"Sud","s":"25S-H55S000A-80-A"},{"r":"179","t":"18:08:00","h":"Sud","s":"25N-H55N000I-80-I"},{"r":"179","t":"18:08:00","h":"Sud","s":"25N-H55N100F-80-F1"},{"r":"179","t":"18:08:00","h":"Sud","s":"25N-H55N200F-80-F2"},{"r":"179","t":"18:08:00","h":"Sud","s":"25N-H55N300F-80-F3"},{"r":"179","t":"18:08:00","h":"Sud","s":"25N-H55N400F-80-F4"},{"r":"179","t":"18:08:00","h":"Sud","s":"25N-H55NV10I-80-I"},{"r":"179","t":"18:08:00","h":"Sud","s":"25N-H55NV20I-80-I"},{"r":"179","t":"18:08:00","h":"Sud","s":"25S-H55S000I-80-I"},{"r":"179","t":"18:08:00","h":"Sud","s":"25S-H55S100F-80-F1"},{"r":"179","t":"18:08:00","h":"Sud","s":"25S-H55S200F-80-F2"},{"r":"179","t":"18:19:00","h":"Sud","s":"25N-H55N000A-80-A"},{"r":"179","t":"18:19:00","h":"Sud","s":"25N-H55NV10A-80-A"},{"r":"179","t":"18:19:00","h":"Sud","s":"25N-H55NV20A-80-A"},{"r":"179","t":"18:19:00","h":"Sud","s":"25S-H55S000A-80-A"},{"r":"179","t":"18:31:00","h":"Sud","s":"25N-H55N000A-80-A"},{"r":"179","t":"18:31:00","h":"Sud","s":"25N-H55NV10A-80-A"},{"r":"179","t":"18:31:00","h":"Sud","s":"25N-H55NV20A-80-A"},{"r":"179","t":"18:31:00","h":"Sud","s":"25S-H55S000A-80-A"},{"r":"179","t":"18:32:00","h":"Sud","s":"25N-H55N000S-80-S"},{"r":"179","t":"18:32:00","h":"Sud","s":"25N-H55N000S-82-S"},{"r":"179","t":"18:32:00","h":"Sud","s":"25N-H55NV10S-85-S"},{"r":"179","t":"18:32:00","h":"Sud","s":"25N-H55NV20S-81-S"},{"r":"179","t":"18:32:00","h":"Sud","s":"25S-H55S000S-82-S"},{"r":"179","t":"18:36:00","h":"Sud","s":"25N-H55N000I-80-I"},{"r":"179","t":"18:36:00","h":"Sud","s":"25N-H55N100F-80-F1"},{"r":"179","t":"18:36:00","h":"Sud","s":"25N-H55N200F-80-F2"},{"r":"179","t":"18:36:00","h":"Sud","s":"25N-H55N300F-80-F3"},{"r":"179","t":"18:36:00","h":"Sud","s":"25N-H55N400F-80-F4"},{"r":"179","t":"18:36:00","h":"Sud","s":"25N-H55NV10I-80-I"},{"r":"179","t":"18:36:00","h":"Sud","s":"25N-H55NV20I-80-I"},{"r":"179","t":"18:36:00","h":"Sud","s":"25S-H55S000I-80-I"},{"r":"179","t":"18:36:00","h":"Sud","s":"25S-H55S100F-80-F1"},{"r":"179","t":"18:36:00","h":"Sud","s":"25S-H55S200F-80-F2"},{"r":"179","t":"18:44:00","h":"Sud","s":"25N-H55N000A-80-A"},{"r":"179","t":"18:44:00","h":"Sud","s":"25N-H55NV10A-80-A"},{"r":"179","t":"18:44:00","h":"Sud","s":"25N-H55NV20A-80-A"},{"r":"179","t":"18:44:00","h":"Sud","s":"25S-H55S000A-80-A"},{"r":"179","t":"18:57:00","h":"Sud","s":"25N-H55N000S-80-S"},{"r":"179","t":"18:57:00","h":"Sud","s":"25N-H55N000S-82-S"},{"r":"179","t":"18:57:00","h":"Sud","s":"25N-H55NV10S-85-S"},{"r":"179","t":"18:57:00","h":"Sud","s":"25N-H55NV20S-81-S"},{"r":"179","t":"18:57:00","h":"Sud","s":"25S-H55S000S-82-S"},{"r":"179","t":"19:04:00","h":"Sud","s":"25N-H55N000I-80-I"},{"r":"179","t":"19:04:00","h":"Sud","s":"25N-H55N100F-80-F1"},{"r":"179","t":"19:04:00","h":"Sud","s":"25N-H55N200F-80-F2"},{"r":"179","t":"19:04:00","h":"Sud","s":"25N-H55N300F-80-F3"},{"r":"179","t":"19:04:00","h":"Sud","s":"25N-H55N400F-80-F4"},{"r":"179","t":"19:04:00","h":"Sud","s":"25N-H55NV10I-80-I"},{"r":"179","t":"19:04:00","h":"Sud","s":"25N-H55NV20I-80-I"},{"r":"179","t":"19:04:00","h":"Sud","s":"25S-H55S000I-80-I"},{"r":"179","t":"19:04:00","h":"Sud","s":"25S-H55S100F-80-F1"},{"r":"179","t":"19:04:00","h":"Sud","s":"25S-H55S200F-80-F2"},{"r":"179","t":"19:06:00","h":"Sud","s":"25N-H55N000A-80-A"},{"r":"179","t":"19:06:00","h":"Sud","s":"25N-H55NV10A-80-A"},{"r":"179","t":"19:06:00","h":"Sud","s":"25N-H55NV20A-80-A"},{"r":"179","t":"19:06:00","h":"Sud","s":"25S-H55S000A-80-A"},{"r":"179","t":"19:23:00","h":"Sud","s":"25N-H55N000S-80-S"},{"r":"179","t":"19:23:00","h":"Sud","s":"25N-H55N000S-82-S"},{"r":"179","t":"19:23:00","h":"Sud","s":"25N-H55NV10S-85-S"},{"r":"179","t":"19:23:00","h":"Sud","s":"25N-H55NV20S-81-S"},{"r":"179","t":"19:23:00","h":"Sud","s":"25S-H55S000S-82-S"},{"r":"179","t":"19:29:00","h":"Sud","s":"25N-H55N000I-80-I"},{"r":"179","t":"19:29:00","h":"Sud","s":"25N-H55N100F-80-F1"},{"r":"179","t":"19:29:00","h":"Sud","s":"25N-H55N200F-80-F2"},{"r":"179","t":"19:29:00","h":"Sud","s":"25N-H55N300F-80-F3"},{"r":"179","t":"19:29:00","h":"Sud","s":"25N-H55N400F-80-F4"},{"r":"179","t":"19:29:00","h":"Sud","s":"25N-H55NV10I-80-I"},{"r":"179","t":"19:29:00","h":"Sud","s":"25N-H55NV20I-80-I"},{"r":"179","t":"19:29:00","h":"Sud","s":"25S-H55S000I-80-I"},{"r":"179","t":"19:29:00","h":"Sud","s":"25S-H55S100F-80-F1"},{"r":"179","t":"19:29:00","h":"Sud","s":"25S-H55S200F-80-F2"},{"r":"179","t":"19:35:00","h":"Sud","s":"25N-H55N000A-80-A"},{"r":"179","t":"19:35:00","h":"Sud","s":"25N-H55NV10A-80-A"},{"r":"179","t":"19:35:00","h":"Sud","s":"25N-H55NV20A-80-A"},{"r":"179","t":"19:35:00","h":"Sud","s":"25S-H55S000A-80-A"},{"r":"179","t":"19:48:00","h":"Sud","s":"25N-H55N000S-80-S"},{"r":"179","t":"19:48:00","h":"Sud","s":"25N-H55N000S-82-S"},{"r":"179","t":"19:48:00","h":"Sud","s":"25N-H55NV10S-85-S"},{"r":"179","t":"19:48:00","h":"Sud","s":"25N-H55NV20S-81-S"},{"r":"179","t":"19:48:00","h":"Sud","s":"25S-H55S000S-82-S"},{"r":"179","t":"19:57:00","h":"Sud","s":"25N-H55N000I-80-I"},{"r":"179","t":"19:57:00","h":"Sud","s":"25N-H55N100F-80-F1"},{"r":"179","t":"19:57:00","h":"Sud","s":"25N-H55N200F-80-F2"},{"r":"179","t":"19:57:00","h":"Sud","s":"25N-H55N300F-80-F3"},{"r":"179","t":"19:57:00","h":"Sud","s":"25N-H55N400F-80-F4"},{"r":"179","t":"19:57:00","h":"Sud","s":"25N-H55NV10I-80-I"},{"r":"179","t":"19:57:00","h":"Sud","s":"25N-H55NV20I-80-I"},{"r":"179","t":"19:57:00","h":"Sud","s":"25S-H55S000I-80-I"},{"r":"179","t":"19:57:00","h":"Sud","s":"25S-H55S100F-80-F1"},{"r":"179","t":"19:57:00","h":"Sud","s":"25S-H55S200F-80-F2"},{"r":"179","t":"20:05:00","h":"Sud","s":"25N-H55N000A-80-A"},{"r":"179","t":"20:05:00","h":"Sud","s":"25N-H55NV10A-80-A"},{"r":"179","t":"20:05:00","h":"Sud","s":"25N-H55NV20A-80-A"},{"r":"179","t":"20:05:00","h":"Sud","s":"25S-H55S000A-80-A"},{"r":"179","t":"20:16:00","h":"Sud","s":"25N-H55N000S-80-S"},{"r":"179","t":"20:16:00","h":"Sud","s":"25N-H55N000S-82-S"},{"r":"179","t":"20:16:00","h":"Sud","s":"25N-H55NV10S-85-S"},{"r":"179","t":"20:16:00","h":"Sud","s":"25N-H55NV20S-81-S"},{"r":"179","t":"20:16:00","h":"Sud","s":"25S-H55S000S-82-S"},{"r":"179","t":"20:27:00","h":"Sud","s":"25N-H55N000I-80-I"},{"r":"179","t":"20:27:00","h":"Sud","s":"25N-H55N100F-80-F1"},{"r":"179","t":"20:27:00","h":"Sud","s":"25N-H55N200F-80-F2"},{"r":"179","t":"20:27:00","h":"Sud","s":"25N-H55N300F-80-F3"},{"r":"179","t":"20:27:00","h":"Sud","s":"25N-H55N400F-80-F4"},{"r":"179","t":"20:27:00","h":"Sud","s":"25N-H55NV10I-80-I"},{"r":"179","t":"20:27:00","h":"Sud","s":"25N-H55NV20I-80-I"},{"r":"179","t":"20:27:00","h":"Sud","s":"25S-H55S000I-80-I"},{"r":"179","t":"20:27:00","h":"Sud","s":"25S-H55S100F-80-F1"},{"r":"179","t":"20:27:00","h":"Sud","s":"25S-H55S200F-80-F2"},{"r":"179","t":"20:34:00","h":"Sud","s":"25N-H55N000A-80-A"},{"r":"179","t":"20:34:00","h":"Sud","s":"25N-H55NV10A-80-A"},{"r":"179","t":"20:34:00","h":"Sud","s":"25N-H55NV20A-80-A"},{"r":"179","t":"20:34:00","h":"Sud","s":"25S-H55S000A-80-A"},{"r":"179","t":"20:47:00","h":"Sud","s":"25N-H55N000S-80-S"},{"r":"179","t":"20:47:00","h":"Sud","s":"25N-H55N000S-82-S"},{"r":"179","t":"20:47:00","h":"Sud","s":"25N-H55NV10S-85-S"},{"r":"179","t":"20:47:00","h":"Sud","s":"25N-H55NV20S-81-S"},{"r":"179","t":"20:47:00","h":"Sud","s":"25S-H55S000S-82-S"},{"r":"179","t":"20:57:00","h":"Sud","s":"25N-H55N000I-80-I"},{"r":"179","t":"20:57:00","h":"Sud","s":"25N-H55N100F-80-F1"},{"r":"179","t":"20:57:00","h":"Sud","s":"25N-H55N200F-80-F2"},{"r":"179","t":"20:57:00","h":"Sud","s":"25N-H55N300F-80-F3"},{"r":"179","t":"20:57:00","h":"Sud","s":"25N-H55N400F-80-F4"},{"r":"179","t":"20:57:00","h":"Sud","s":"25N-H55NV10I-80-I"},{"r":"179","t":"20:57:00","h":"Sud","s":"25N-H55NV20I-80-I"},{"r":"179","t":"20:57:00","h":"Sud","s":"25S-H55S000I-80-I"},{"r":"179","t":"20:57:00","h":"Sud","s":"25S-H55S100F-80-F1"},{"r":"179","t":"20:57:00","h":"Sud","s":"25S-H55S200F-80-F2"},{"r":"179","t":"21:05:00","h":"Sud","s":"25N-H55N000A-80-A"},{"r":"179","t":"21:05:00","h":"Sud","s":"25N-H55NV10A-80-A"},{"r":"179","t":"21:05:00","h":"Sud","s":"25N-H55NV20A-80-A"},{"r":"179","t":"21:05:00","h":"Sud","s":"25S-H55S000A-80-A"},{"r":"179","t":"21:12:00","h":"Sud","s":"25N-H55N000S-80-S"},{"r":"179","t":"21:12:00","h":"Sud","s":"25N-H55N000S-82-S"},{"r":"179","t":"21:12:00","h":"Sud","s":"25N-H55NV10S-85-S"},{"r":"179","t":"21:12:00","h":"Sud","s":"25N-H55NV20S-81-S"},{"r":"179","t":"21:12:00","h":"Sud","s":"25S-H55S000S-82-S"},{"r":"179","t":"21:27:00","h":"Sud","s":"25N-H55N000I-80-I"},{"r":"179","t":"21:27:00","h":"Sud","s":"25N-H55N100F-80-F1"},{"r":"179","t":"21:27:00","h":"Sud","s":"25N-H55N200F-80-F2"},{"r":"179","t":"21:27:00","h":"Sud","s":"25N-H55N300F-80-F3"},{"r":"179","t":"21:27:00","h":"Sud","s":"25N-H55N400F-80-F4"},{"r":"179","t":"21:27:00","h":"Sud","s":"25N-H55NV10I-80-I"},{"r":"179","t":"21:27:00","h":"Sud","s":"25N-H55NV20I-80-I"},{"r":"179","t":"21:27:00","h":"Sud","s":"25S-H55S000I-80-I"},{"r":"179","t":"21:27:00","h":"Sud","s":"25S-H55S100F-80-F1"},{"r":"179","t":"21:27:00","h":"Sud","s":"25S-H55S200F-80-F2"},{"r":"179","t":"21:35:00","h":"Sud","s":"25N-H55N000A-80-A"},{"r":"179","t":"21:35:00","h":"Sud","s":"25N-H55NV10A-80-A"},{"r":"179","t":"21:35:00","h":"Sud","s":"25N-H55NV20A-80-A"},{"r":"179","t":"21:35:00","h":"Sud","s":"25S-H55S000A-80-A"},{"r":"179","t":"21:39:00","h":"Sud","s":"25N-H55N000S-80-S"},{"r":"179","t":"21:39:00","h":"Sud","s":"25N-H55N000S-82-S"},{"r":"179","t":"21:39:00","h":"Sud","s":"25N-H55NV10S-85-S"},{"r":"179","t":"21:39:00","h":"Sud","s":"25N-H55NV20S-81-S"},{"r":"179","t":"21:39:00","h":"Sud","s":"25S-H55S000S-82-S"},{"r":"179","t":"21:57:00","h":"Sud","s":"25N-H55N000I-80-I"},{"r":"179","t":"21:57:00","h":"Sud","s":"25N-H55N100F-80-F1"},{"r":"179","t":"21:57:00","h":"Sud","s":"25N-H55N200F-80-F2"},{"r":"179","t":"21:57:00","h":"Sud","s":"25N-H55N300F-80-F3"},{"r":"179","t":"21:57:00","h":"Sud","s":"25N-H55N400F-80-F4"},{"r":"179","t":"21:57:00","h":"Sud","s":"25N-H55NV10I-80-I"},{"r":"179","t":"21:57:00","h":"Sud","s":"25N-H55NV20I-80-I"},{"r":"179","t":"21:57:00","h":"Sud","s":"25S-H55S000I-80-I"},{"r":"179","t":"21:57:00","h":"Sud","s":"25S-H55S100F-80-F1"},{"r":"179","t":"21:57:00","h":"Sud","s":"25S-H55S200F-80-F2"},{"r":"179","t":"22:02:00","h":"Sud","s":"25N-H55N000A-80-A"},{"r":"179","t":"22:02:00","h":"Sud","s":"25N-H55NV10A-80-A"},{"r":"179","t":"22:02:00","h":"Sud","s":"25N-H55NV20A-80-A"},{"r":"179","t":"22:02:00","h":"Sud","s":"25S-H55S000A-80-A"},{"r":"179","t":"22:06:00","h":"Sud","s":"25N-H55N000S-80-S"},{"r":"179","t":"22:06:00","h":"Sud","s":"25N-H55N000S-82-S"},{"r":"179","t":"22:06:00","h":"Sud","s":"25N-H55NV10S-85-S"},{"r":"179","t":"22:06:00","h":"Sud","s":"25N-H55NV20S-81-S"},{"r":"179","t":"22:06:00","h":"Sud","s":"25S-H55S000S-82-S"},{"r":"179","t":"22:26:00","h":"Sud","s":"25N-H55N000I-80-I"},{"r":"179","t":"22:26:00","h":"Sud","s":"25N-H55N100F-80-F1"},{"r":"179","t":"22:26:00","h":"Sud","s":"25N-H55N200F-80-F2"},{"r":"179","t":"22:26:00","h":"Sud","s":"25N-H55N300F-80-F3"},{"r":"179","t":"22:26:00","h":"Sud","s":"25N-H55N400F-80-F4"},{"r":"179","t":"22:26:00","h":"Sud","s":"25N-H55NV10I-80-I"},{"r":"179","t":"22:26:00","h":"Sud","s":"25N-H55NV20I-80-I"},{"r":"179","t":"22:26:00","h":"Sud","s":"25S-H55S000I-80-I"},{"r":"179","t":"22:26:00","h":"Sud","s":"25S-H55S100F-80-F1"},{"r":"179","t":"22:26:00","h":"Sud","s":"25S-H55S200F-80-F2"},{"r":"179","t":"22:31:00","h":"Sud","s":"25N-H55N000A-80-A"},{"r":"179","t":"22:31:00","h":"Sud","s":"25N-H55NV10A-80-A"},{"r":"179","t":"22:31:00","h":"Sud","s":"25N-H55NV20A-80-A"},{"r":"179","t":"22:31:00","h":"Sud","s":"25S-H55S000A-80-A"},{"r":"179","t":"22:34:00","h":"Sud","s":"25N-H55N000S-80-S"},{"r":"179","t":"22:34:00","h":"Sud","s":"25N-H55N000S-82-S"},{"r":"179","t":"22:34:00","h":"Sud","s":"25N-H55NV10S-85-S"},{"r":"179","t":"22:34:00","h":"Sud","s":"25N-H55NV20S-81-S"},{"r":"179","t":"22:34:00","h":"Sud","s":"25S-H55S000S-82-S"},{"r":"179","t":"22:55:00","h":"Sud","s":"25N-H55N000I-80-I"},{"r":"179","t":"22:55:00","h":"Sud","s":"25N-H55N100F-80-F1"},{"r":"179","t":"22:55:00","h":"Sud","s":"25N-H55N200F-80-F2"},{"r":"179","t":"22:55:00","h":"Sud","s":"25N-H55N300F-80-F3"},{"r":"179","t":"22:55:00","h":"Sud","s":"25N-H55N400F-80-F4"},{"r":"179","t":"22:55:00","h":"Sud","s":"25N-H55NV10I-80-I"},{"r":"179","t":"22:55:00","h":"Sud","s":"25N-H55NV20I-80-I"},{"r":"179","t":"22:55:00","h":"Sud","s":"25S-H55S000I-80-I"},{"r":"179","t":"22:55:00","h":"Sud","s":"25S-H55S100F-80-F1"},{"r":"179","t":"22:55:00","h":"Sud","s":"25S-H55S200F-80-F2"},{"r":"179","t":"22:59:00","h":"Sud","s":"25N-H55N000A-80-A"},{"r":"179","t":"22:59:00","h":"Sud","s":"25N-H55NV10A-80-A"},{"r":"179","t":"22:59:00","h":"Sud","s":"25N-H55NV20A-80-A"},{"r":"179","t":"22:59:00","h":"Sud","s":"25S-H55S000A-80-A"},{"r":"179","t":"23:02:00","h":"Sud","s":"25N-H55N000S-80-S"},{"r":"179","t":"23:02:00","h":"Sud","s":"25N-H55N000S-82-S"},{"r":"179","t":"23:02:00","h":"Sud","s":"25N-H55NV10S-85-S"},{"r":"179","t":"23:02:00","h":"Sud","s":"25N-H55NV20S-81-S"},{"r":"179","t":"23:02:00","h":"Sud","s":"25S-H55S000S-82-S"},{"r":"179","t":"23:25:00","h":"Sud","s":"25N-H55N000I-80-I"},{"r":"179","t":"23:25:00","h":"Sud","s":"25N-H55N100F-80-F1"},{"r":"179","t":"23:25:00","h":"Sud","s":"25N-H55N200F-80-F2"},{"r":"179","t":"23:25:00","h":"Sud","s":"25N-H55N300F-80-F3"},{"r":"179","t":"23:25:00","h":"Sud","s":"25N-H55N400F-80-F4"},{"r":"179","t":"23:25:00","h":"Sud","s":"25N-H55NV10I-80-I"},{"r":"179","t":"23:25:00","h":"Sud","s":"25N-H55NV20I-80-I"},{"r":"179","t":"23:25:00","h":"Sud","s":"25S-H55S000I-80-I"},{"r":"179","t":"23:25:00","h":"Sud","s":"25S-H55S100F-80-F1"},{"r":"179","t":"23:25:00","h":"Sud","s":"25S-H55S200F-80-F2"},{"r":"179","t":"23:27:00","h":"Sud","s":"25N-H55N000A-80-A"},{"r":"179","t":"23:27:00","h":"Sud","s":"25N-H55NV10A-80-A"},{"r":"179","t":"23:27:00","h":"Sud","s":"25N-H55NV20A-80-A"},{"r":"179","t":"23:27:00","h":"Sud","s":"25S-H55S000A-80-A"},{"r":"179","t":"23:31:00","h":"Sud","s":"25N-H55N000S-80-S"},{"r":"179","t":"23:31:00","h":"Sud","s":"25N-H55N000S-82-S"},{"r":"179","t":"23:31:00","h":"Sud","s":"25N-H55NV10S-85-S"},{"r":"179","t":"23:31:00","h":"Sud","s":"25N-H55NV20S-81-S"},{"r":"179","t":"23:31:00","h":"Sud","s":"25S-H55S000S-82-S"},{"r":"179","t":"23:55:00","h":"Sud","s":"25N-H55N000A-80-A"},{"r":"179","t":"23:55:00","h":"Sud","s":"25N-H55N000I-80-I"},{"r":"179","t":"23:55:00","h":"Sud","s":"25N-H55N100F-80-F1"},{"r":"179","t":"23:55:00","h":"Sud","s":"25N-H55N200F-80-F2"},{"r":"179","t":"23:55:00","h":"Sud","s":"25N-H55N300F-80-F3"},{"r":"179","t":"23:55:00","h":"Sud","s":"25N-H55N400F-80-F4"},{"r":"179","t":"23:55:00","h":"Sud","s":"25N-H55NV10A-80-A"},{"r":"179","t":"23:55:00","h":"Sud","s":"25N-H55NV10I-80-I"},{"r":"179","t":"23:55:00","h":"Sud","s":"25N-H55NV20A-80-A"},{"r":"179","t":"23:55:00","h":"Sud","s":"25N-H55NV20I-80-I"},{"r":"179","t":"23:55:00","h":"Sud","s":"25S-H55S000A-80-A"},{"r":"179","t":"23:55:00","h":"Sud","s":"25S-H55S000I-80-I"},{"r":"179","t":"23:55:00","h":"Sud","s":"25S-H55S100F-80-F1"},{"r":"179","t":"23:55:00","h":"Sud","s":"25S-H55S200F-80-F2"},{"r":"179","t":"24:00:00","h":"Sud","s":"25N-H55N000S-80-S"},{"r":"179","t":"24:00:00","h":"Sud","s":"25N-H55N000S-82-S"},{"r":"179","t":"24:00:00","h":"Sud","s":"25N-H55NV10S-85-S"},{"r":"179","t":"24:00:00","h":"Sud","s":"25N-H55NV20S-81-S"},{"r":"179","t":"24:00:00","h":"Sud","s":"25S-H55S000S-82-S"},{"r":"179","t":"24:23:00","h":"Sud","s":"25N-H55N000A-80-A"},{"r":"179","t":"24:23:00","h":"Sud","s":"25N-H55NV10A-80-A"},{"r":"179","t":"24:23:00","h":"Sud","s":"25N-H55NV20A-80-A"},{"r":"179","t":"24:23:00","h":"Sud","s":"25S-H55S000A-80-A"},{"r":"179","t":"24:24:00","h":"Sud","s":"25N-H55N000I-80-I"},{"r":"179","t":"24:24:00","h":"Sud","s":"25N-H55N100F-80-F1"},{"r":"179","t":"24:24:00","h":"Sud","s":"25N-H55N200F-80-F2"},{"r":"179","t":"24:24:00","h":"Sud","s":"25N-H55N300F-80-F3"},{"r":"179","t":"24:24:00","h":"Sud","s":"25N-H55N400F-80-F4"},{"r":"179","t":"24:24:00","h":"Sud","s":"25N-H55NV10I-80-I"},{"r":"179","t":"24:24:00","h":"Sud","s":"25N-H55NV20I-80-I"},{"r":"179","t":"24:24:00","h":"Sud","s":"25S-H55S000I-80-I"},{"r":"179","t":"24:24:00","h":"Sud","s":"25S-H55S100F-80-F1"},{"r":"179","t":"24:24:00","h":"Sud","s":"25S-H55S200F-80-F2"},{"r":"179","t":"24:29:00","h":"Sud","s":"25N-H55N000S-80-S"},{"r":"179","t":"24:29:00","h":"Sud","s":"25N-H55N000S-82-S"},{"r":"179","t":"24:29:00","h":"Sud","s":"25N-H55NV10S-85-S"},{"r":"179","t":"24:29:00","h":"Sud","s":"25N-H55NV20S-81-S"},{"r":"179","t":"24:29:00","h":"Sud","s":"25S-H55S000S-82-S"},{"r":"179","t":"24:48:00","h":"Sud","s":"25N-H55N000A-80-A"},{"r":"179","t":"24:48:00","h":"Sud","s":"25N-H55NV10A-80-A"},{"r":"179","t":"24:48:00","h":"Sud","s":"25N-H55NV20A-80-A"},{"r":"179","t":"24:48:00","h":"Sud","s":"25S-H55S000A-80-A"},{"r":"179","t":"24:52:00","h":"Sud","s":"25N-H55N000I-80-I"},{"r":"179","t":"24:52:00","h":"Sud","s":"25N-H55N100F-80-F1"},{"r":"179","t":"24:52:00","h":"Sud","s":"25N-H55N200F-80-F2"},{"r":"179","t":"24:52:00","h":"Sud","s":"25N-H55N300F-80-F3"},{"r":"179","t":"24:52:00","h":"Sud","s":"25N-H55N400F-80-F4"},{"r":"179","t":"24:52:00","h":"Sud","s":"25N-H55NV10I-80-I"},{"r":"179","t":"24:52:00","h":"Sud","s":"25N-H55NV20I-80-I"},{"r":"179","t":"24:52:00","h":"Sud","s":"25S-H55S000I-80-I"},{"r":"179","t":"24:52:00","h":"Sud","s":"25S-H55S100F-80-F1"},{"r":"179","t":"24:52:00","h":"Sud","s":"25S-H55S200F-80-F2"},{"r":"179","t":"24:58:00","h":"Sud","s":"25N-H55N000S-80-S"},{"r":"179","t":"24:58:00","h":"Sud","s":"25N-H55N000S-82-S"},{"r":"179","t":"24:58:00","h":"Sud","s":"25N-H55NV10S-85-S"},{"r":"179","t":"24:58:00","h":"Sud","s":"25N-H55NV20S-81-S"},{"r":"179","t":"24:58:00","h":"Sud","s":"25S-H55S000S-82-S"},{"r":"179","t":"25:16:00","h":"Sud","s":"25N-H55N000A-80-A"},{"r":"179","t":"25:16:00","h":"Sud","s":"25N-H55NV10A-80-A"},{"r":"179","t":"25:16:00","h":"Sud","s":"25N-H55NV20A-80-A"},{"r":"179","t":"25:16:00","h":"Sud","s":"25S-H55S000A-80-A"},{"r":"179","t":"25:20:00","h":"Sud","s":"25N-H55N000I-80-I"},{"r":"179","t":"25:20:00","h":"Sud","s":"25N-H55N100F-80-F1"},{"r":"179","t":"25:20:00","h":"Sud","s":"25N-H55N200F-80-F2"},{"r":"179","t":"25:20:00","h":"Sud","s":"25N-H55N300F-80-F3"},{"r":"179","t":"25:20:00","h":"Sud","s":"25N-H55N400F-80-F4"},{"r":"179","t":"25:20:00","h":"Sud","s":"25N-H55NV10I-80-I"},{"r":"179","t":"25:20:00","h":"Sud","s":"25N-H55NV20I-80-I"},{"r":"179","t":"25:20:00","h":"Sud","s":"25S-H55S000I-80-I"},{"r":"179","t":"25:20:00","h":"Sud","s":"25S-H55S100F-80-F1"},{"r":"179","t":"25:20:00","h":"Sud","s":"25S-H55S200F-80-F2"},{"r":"179","t":"25:28:00","h":"Sud","s":"25N-H55N000S-80-S"},{"r":"179","t":"25:28:00","h":"Sud","s":"25N-H55N000S-82-S"},{"r":"179","t":"25:28:00","h":"Sud","s":"25N-H55NV10S-85-S"},{"r":"179","t":"25:28:00","h":"Sud","s":"25N-H55NV20S-81-S"},{"r":"179","t":"25:28:00","h":"Sud","s":"25S-H55S000S-82-S"}]