[{"r":"168","t":"05:07:07","h":"Nord","s":"25N-H59N000S-80-S"},{"r":"168","t":"05:07:07","h":"Nord","s":"25N-H59NV10S-84-S"},{"r":"168","t":"05:07:07","h":"Nord","s":"25N-H59NV20S-80-S"},{"r":"168","t":"05:07:07","h":"Nord","s":"25S-H59S000S-81-S"},{"r":"12","t":"05:20:44","h":"Nord","s":"25N-H56N000I-80-I"},{"r":"12","t":"05:20:44","h":"Nord","s":"25N-H56N100F-80-F1"},{"r":"12","t":"05:20:44","h":"Nord","s":"25N-H56N200F-80-F2"},{"r":"12","t":"05:20:44","h":"Nord","s":"25N-H56N300F-80-F3"},{"r":"12","t":"05:20:44","h":"Nord","s":"25N-H56N400F-80-F4"},{"r":"12","t":"05:20:44","h":"Nord","s":"25N-H56NV10I-80-I"},{"r":"12","t":"05:20:44","h":"Nord","s":"25N-H56NV20I-80-I"},{"r":"12","t":"05:20:44","h":"Nord","s":"25S-H56S000I-80-I"},{"r":"12","t":"05:20:44","h":"Nord","s":"25S-H56S100F-80-F1"},{"r":"12","t":"05:20:44","h":"Nord","s":"25S-H56S200F-81-F2"},{"r":"12","t":"05:21:07","h":"Nord","s":"25N-H56N000A-80-A"},{"r":"12","t":"05:21:07","h":"Nord","s":"25N-H56NV10A-80-A"},{"r":"12","t":"05:21:07","h":"Nord","s":"25N-H56NV20A-80-A"},{"r":"12","t":"05:21:07","h":"Nord","s":"25S-H56S000A-80-A"},{"r":"12","t":"05:29:07","h":"Nord","s":"25N-H56N000S-80-S"},{"r":"12","t":"05:29:07","h":"Nord","s":"25N-H56NV10S-80-S"},{"r":"12","t":"05:29:07","h":"Nord","s":"25N-H56NV20S-80-S"},{"r":"12","t":"05:29:07","h":"Nord","s":"25S-H56S000S-80-S"},{"r":"168","t":"05:44:07","h":"Nord","s":"25N-H59N000S-80-S"},{"r":"168","t":"05:44:07","h":"Nord","s":"25N-H59NV10S-84-S"},{"r":"168","t":"05:44:07","h":"Nord","s":"25N-H59NV20S-80-S"},{"r":"168","t":"05:44:07","h":"Nord","s":"25S-H59S000S-81-S"},{"r":"12","t":"05:53:44","h":"Nord","s":"25N-H56N000I-80-I"},{"r":"12","t":"05:53:44","h":"Nord","s":"25N-H56N100F-80-F1"},{"r":"12","t":"05:53:44","h":"Nord","s":"25N-H56N200F-80-F2"},{"r":"12","t":"05:53:44","h":"Nord","s":"25N-H56N300F-80-F3"},{"r":"12","t":"05:53:44","h":"Nord","s":"25N-H56N400F-80-F4"},{"r":"12","t":"05:53:44","h":"Nord","s":"25N-H56NV10I-80-I"},{"r":"12","t":"05:53:44","h":"Nord","s":"25N-H56NV20I-80-I"},{"r":"12","t":"05:53:44","h":"Nord","s":"25S-H56S000I-80-I"},{"r":"12","t":"05:53:44","h":"Nord","s":"25S-H56S100F-80-F1"},{"r":"12","t":"05:53:44","h":"Nord","s":"25S-H56S200F-81-F2"},{"r":"12","t":"05:54:07","h":"Nord","s":"25N-H56N000A-80-A"},{"r":"12","t":"05:54:07","h":"Nord","s":"25N-H56NV10A-80-A"},{"r":"12","t":"05:54:07","h":"Nord","s":"25N-H56NV20A-80-A"},{"r":"12","t":"05:54:07","h":"Nord","s":"25S-H56S000A-80-A"},{"r":"168","t":"06:00:44","h":"Nord","s":"25N-H59N000A-80-A"},{"r":"168","t":"06:00:44","h":"Nord","s":"25N-H59N000I-80-I"},{"r":"168","t":"06:00:44","h":"Nord","s":"25N-H59N100F-80-F1"},{"r":"168","t":"06:00:44","h":"Nord","s":"25N-H59N200F-81-F2"},{"r":"168","t":"06:00:44","h":"Nord","s":"25N-H59N300F-80-F3"},{"r":"168","t":"06:00:44","h":"Nord","s":"25N-H59N400F-80-F4"},{"r":"168","t":"06:00:44","h":"Nord","s":"25N-H59NV10A-80-A"},{"r":"168","t":"06:00:44","h":"Nord","s":"25N-H59NV10I-80-I"},{"r":"168","t":"06:00:44","h":"Nord","s":"25N-H59NV20I-80-I"},{"r":"168","t":"06:00:44","h":"Nord","s":"25N-H59VN20A-80-A"},{"r":"168","t":"06:00:44","h":"Nord","s":"25S-H59S000A-81-A"},{"r":"168","t":"06:00:44","h":"Nord","s":"25S-H59S000I-81-I"},{"r":"168","t":"06:00:44","h":"Nord","s":"25S-H59S100F-81-F1"},{"r":"168","t":"06:00:44","h":"Nord","s":"25S-H59S200F-81-F2"},{"r":"12","t":"06:01:07","h":"Nord","s":"25N-H56N000S-80-S"},{"r":"12","t":"06:01:07","h":"Nord","s":"25N-H56NV10S-80-S"},{"r":"12","t":"06:01:07","h":"Nord","s":"25N-H56NV20S-80-S"},{"r":"12","t":"06:01:07","h":"Nord","s":"25S-H56S000S-80-S"},{"r":"168","t":"06:17:07","h":"Nord","s":"25N-H59N000S-80-S"},{"r":"168","t":"06:17:07","h":"Nord","s":"25N-H59NV10S-84-S"},{"r":"168","t":"06:17:07","h":"Nord","s":"25N-H59NV20S-80-S"},{"r":"168","t":"06:17:07","h":"Nord","s":"25S-H59S000S-81-S"},{"r":"12","t":"06:26:44","h":"Nord","s":"25N-H56N000I-80-I"},{"r":"12","t":"06:26:44","h":"Nord","s":"25N-H56N100F-80-F1"},{"r":"12","t":"06:26:44","h":"Nord","s":"25N-H56N200F-80-F2"},{"r":"12","t":"06:26:44","h":"Nord","s":"25N-H56N300F-80-F3"},{"r":"12","t":"06:26:44","h":"Nord","s":"25N-H56N400F-80-F4"},{"r":"12","t":"06:26:44","h":"Nord","s":"25N-H56NV10I-80-I"},{"r":"12","t":"06:26:44","h":"Nord","s":"25N-H56NV20I-80-I"},{"r":"12","t":"06:26:44","h":"Nord","s":"25S-H56S000I-80-I"},{"r":"12","t":"06:26:44","h":"Nord","s":"25S-H56S100F-80-F1"},{"r":"12","t":"06:26:44","h":"Nord","s":"25S-H56S200F-81-F2"},{"r":"12","t":"06:27:07","h":"Nord","s":"25N-H56N000A-80-A"},{"r":"12","t":"06:27:07","h":"Nord","s":"25N-H56NV10A-80-A"},{"r":"12","t":"06:27:07","h":"Nord","s":"25N-H56NV20A-80-A"},{"r":"12","t":"06:27:07","h":"Nord","s":"25S-H56S000A-80-A"},{"r":"168","t":"06:31:07","h":"Nord","s":"25N-H59N000A-80-A"},{"r":"12","t":"06:31:07","h":"Nord","s":"25N-H59N000S-80-S"},{"r":"168","t":"06:31:07","h":"Nord","s":"25N-H59NV10A-80-A"},{"r":"12","t":"06:31:07","h":"Nord","s":"25N-H59NV10S-84-S"},{"r":"12","t":"06:31:07","h":"Nord","s":"25N-H59NV20S-80-S"},{"r":"168","t":"06:31:07","h":"Nord","s":"25N-H59VN20A-80-A"},{"r":"168","t":"06:31:07","h":"Nord","s":"25S-H59S000A-81-A"},{"r":"12","t":"06:31:07","h":"Nord","s":"25S-H59S000S-81-S"},{"r":"168","t":"06:31:44","h":"Nord","s":"25N-H59N000I-80-I"},{"r":"168","t":"06:31:44","h":"Nord","s":"25N-H59N100F-80-F1"},{"r":"168","t":"06:31:44","h":"Nord","s":"25N-H59N200F-81-F2"},{"r":"168","t":"06:31:44","h":"Nord","s":"25N-H59N300F-80-F3"},{"r":"168","t":"06:31:44","h":"Nord","s":"25N-H59N400F-80-F4"},{"r":"168","t":"06:31:44","h":"Nord","s":"25N-H59NV10I-80-I"},{"r":"168","t":"06:31:44","h":"Nord","s":"25N-H59NV20I-80-I"},{"r":"168","t":"06:31:44","h":"Nord","s":"25S-H59S000I-81-I"},{"r":"168","t":"06:31:44","h":"Nord","s":"25S-H59S100F-81-F1"},{"r":"168","t":"06:31:44","h":"Nord","s":"25S-H59S200F-81-F2"},{"r":"168","t":"06:46:07","h":"Nord","s":"25N-H59N000S-80-S"},{"r":"168","t":"06:46:07","h":"Nord","s":"25N-H59NV10S-84-S"},{"r":"168","t":"06:46:07","h":"Nord","s":"25N-H59NV20S-80-S"},{"r":"168","t":"06:46:07","h":"Nord","s":"25S-H59S000S-81-S"},{"r":"12","t":"06:48:07","h":"Nord","s":"25N-H56N000S-80-S"},{"r":"12","t":"06:48:07","h":"Nord","s":"25N-H56NV10S-80-S"},{"r":"12","t":"06:48:07","h":"Nord","s":"25N-H56NV20S-80-S"},{"r":"12","t":"06:48:07","h":"Nord","s":"25S-H56S000S-80-S"},{"r":"12","t":"06:58:44","h":"Nord","s":"25N-H56N000I-80-I"},{"r":"12","t":"06:58:44","h":"Nord","s":"25N-H56N100F-80-F1"},{"r":"12","t":"06:58:44","h":"Nord","s":"25N-H56N200F-80-F2"},{"r":"12","t":"06:58:44","h":"Nord","s":"25N-H56N300F-80-F3"},{"r":"12","t":"06:58:44","h":"Nord","s":"25N-H56N400F-80-F4"},{"r":"12","t":"06:58:44","h":"Nord","s":"25N-H56NV10I-80-I"},{"r":"12","t":"06:58:44","h":"Nord","s":"25N-H56NV20I-80-I"},{"r":"12","t":"06:58:44","h":"Nord","s":"25S-H56S000I-80-I"},{"r":"12","t":"06:58:44","h":"Nord","s":"25S-H56S100F-80-F1"},{"r":"12","t":"06:58:44","h":"Nord","s":"25S-H56S200F-81-F2"},{"r":"12","t":"06:59:07","h":"Nord","s":"25N-H56N000A-80-A"},{"r":"12","t":"06:59:07","h":"Nord","s":"25N-H56NV10A-80-A"},{"r":"12","t":"06:59:07","h":"Nord","s":"25N-H56NV20A-80-A"},{"r":"12","t":"06:59:07","h":"Nord","s":"25S-H56S000A-80-A"},{"r":"168","t":"07:01:07","h":"Nord","s":"25N-H59N000A-80-A"},{"r":"168","t":"07:01:07","h":"Nord","s":"25N-H59NV10A-80-A"},{"r":"168","t":"07:01:07","h":"Nord","s":"25N-H59VN20A-80-A"},{"r":"168","t":"07:01:07","h":"Nord","s":"25S-H59S000A-81-A"},{"r":"168","t":"07:01:44","h":"Nord","s":"25N-H59N000I-80-I"},{"r":"168","t":"07:01:44","h":"Nord","s":"25N-H59N100F-80-F1"},{"r":"168","t":"07:01:44","h":"Nord","s":"25N-H59N200F-81-F2"},{"r":"168","t":"07:01:44","h":"Nord","s":"25N-H59N300F-80-F3"},{"r":"168","t":"07:01:44","h":"Nord","s":"25N-H59N400F-80-F4"},{"r":"168","t":"07:01:44","h":"Nord","s":"25N-H59NV10I-80-I"},{"r":"168","t":"07:01:44","h":"Nord","s":"25N-H59NV20I-80-I"},{"r":"168","t":"07:01:44","h":"Nord","s":"25S-H59S000I-81-I"},{"r":"168","t":"07:01:44","h":"Nord","s":"25S-H59S100F-81-F1"},{"r":"168","t":"07:01:44","h":"Nord","s":"25S-H59S200F-81-F2"},{"r":"168","t":"07:03:07","h":"Nord","s":"25N-H59N000S-80-S"},{"r":"168","t":"07:03:07","h":"Nord","s":"25N-H59NV10S-84-S"},{"r":"168","t":"07:03:07","h":"Nord","s":"25N-H59NV20S-80-S"},{"r":"168","t":"07:03:07","h":"Nord","s":"25S-H59S000S-81-S"},{"r":"12","t":"07:05:07","h":"Nord","s":"25N-H56N000S-80-S"},{"r":"12","t":"07:05:07","h":"Nord","s":"25N-H56NV10S-80-S"},{"r":"12","t":"07:05:07","h":"Nord","s":"25N-H56NV20S-80-S"},{"r":"12","t":"07:05:07","h":"Nord","s":"25S-H56S000S-80-S"},{"r":"168","t":"07:21:07","h":"Nord","s":"25N-H59N000S-80-S"},{"r":"168","t":"07:21:07","h":"Nord","s":"25N-H59NV10S-84-S"},{"r":"168","t":"07:21:07","h":"Nord","s":"25N-H59NV20S-80-S"},{"r":"168","t":"07:21:07","h":"Nord","s":"25S-H59S000S-81-S"},{"r":"12","t":"07:23:07","h":"Nord","s":"25N-H56N000S-80-S"},{"r":"12","t":"07:23:07","h":"Nord","s":"25N-H56NV10S-80-S"},{"r":"12","t":"07:23:07","h":"Nord","s":"25N-H56NV20S-80-S"},{"r":"12","t":"07:23:07","h":"Nord","s":"25S-H56S000S-80-S"},{"r":"168","t":"07:30:07","h":"Nord","s":"25N-H59N000A-80-A"},{"r":"168","t":"07:30:07","h":"Nord","s":"25N-H59N000I-80-I"},{"r":"168","t":"07:30:07","h":"Nord","s":"25N-H59N100F-80-F1"},{"r":"168","t":"07:30:07","h":"Nord","s":"25N-H59N200F-81-F2"},{"r":"168","t":"07:30:07","h":"Nord","s":"25N-H59N300F-80-F3"},{"r":"168","t":"07:30:07","h":"Nord","s":"25N-H59N400F-80-F4"},{"r":"168","t":"07:30:07","h":"Nord","s":"25N-H59NV10A-80-A"},{"r":"168","t":"07:30:07","h":"Nord","s":"25N-H59NV10I-80-I"},{"r":"168","t":"07:30:07","h":"Nord","s":"25N-H59NV20I-80-I"},{"r":"168","t":"07:30:07","h":"Nord","s":"25N-H59VN20A-80-A"},{"r":"168","t":"07:30:07","h":"Nord","s":"25S-H59S000A-81-A"},{"r":"168","t":"07:30:07","h":"Nord","s":"25S-H59S000I-81-I"},{"r":"168","t":"07:30:07","h":"Nord","s":"25S-H59S100F-81-F1"},{"r":"168","t":"07:30:07","h":"Nord","s":"25S-H59S200F-81-F2"},{"r":"12","t":"07:30:44","h":"Nord","s":"25N-H56N000I-80-I"},{"r":"12","t":"07:30:44","h":"Nord","s":"25N-H56N100F-80-F1"},{"r":"12","t":"07:30:44","h":"Nord","s":"25N-H56N200F-80-F2"},{"r":"12","t":"07:30:44","h":"Nord","s":"25N-H56N300F-80-F3"},{"r":"12","t":"07:30:44","h":"Nord","s":"25N-H56N400F-80-F4"},{"r":"12","t":"07:30:44","h":"Nord","s":"25N-H56NV10I-80-I"},{"r":"12","t":"07:30:44","h":"Nord","s":"25N-H56NV20I-80-I"},{"r":"12","t":"07:30:44","h":"Nord","s":"25S-H56S000I-80-I"},{"r":"12","t":"07:30:44","h":"Nord","s":"25S-H56S100F-80-F1"},{"r":"12","t":"07:30:44","h":"Nord","s":"25S-H56S200F-81-F2"},{"r":"12","t":"07:31:07","h":"Nord","s":"25N-H56N000A-80-A"},{"r":"12","t":"07:31:07","h":"Nord","s":"25N-H56NV10A-80-A"},{"r":"12","t":"07:31:07","h":"Nord","s":"25N-H56NV20A-80-A"},{"r":"12","t":"07:31:07","h":"Nord","s":"25S-H56S000A-80-A"},{"r":"12","t":"07:39:07","h":"Nord","s":"25N-H56N000S-80-S"},{"r":"12","t":"07:39:07","h":"Nord","s":"25N-H56NV10S-80-S"},{"r":"12","t":"07:39:07","h":"Nord","s":"25N-H56NV20S-80-S"},{"r":"12","t":"07:39:07","h":"Nord","s":"25S-H56S000S-80-S"},{"r":"168","t":"07:40:07","h":"Nord","s":"25N-H59N000S-80-S"},{"r":"168","t":"07:40:07","h":"Nord","s":"25N-H59NV10S-84-S"},{"r":"168","t":"07:40:07","h":"Nord","s":"25N-H59NV20S-80-S"},{"r":"168","t":"07:40:07","h":"Nord","s":"25S-H59S000S-81-S"},{"r":"12","t":"07:56:07","h":"Nord","s":"25N-H59N000S-80-S"},{"r":"12","t":"07:56:07","h":"Nord","s":"25N-H59NV10S-84-S"},{"r":"12","t":"07:56:07","h":"Nord","s":"25N-H59NV20S-80-S"},{"r":"12","t":"07:56:07","h":"Nord","s":"25S-H59S000S-81-S"},{"r":"12","t":"07:58:07","h":"Nord","s":"25N-H56N000S-80-S"},{"r":"12","t":"07:58:07","h":"Nord","s":"25N-H56NV10S-80-S"},{"r":"12","t":"07:58:07","h":"Nord","s":"25N-H56NV20S-80-S"},{"r":"12","t":"07:58:07","h":"Nord","s":"25S-H56S000S-80-S"},{"r":"12","t":"08:00:07","h":"Nord","s":"25N-H56N000S-80-S"},{"r":"12","t":"08:00:07","h":"Nord","s":"25N-H56NV10S-80-S"},{"r":"12","t":"08:00:07","h":"Nord","s":"25N-H56NV20S-80-S"},{"r":"168","t":"08:00:07","h":"Nord","s":"25N-H59N000I-80-I"},{"r":"168","t":"08:00:07","h":"Nord","s":"25N-H59N100F-80-F1"},{"r":"168","t":"08:00:07","h":"Nord","s":"25N-H59N200F-81-F2"},{"r":"168","t":"08:00:07","h":"Nord","s":"25N-H59N300F-80-F3"},{"r":"168","t":"08:00:07","h":"Nord","s":"25N-H59N400F-80-F4"},{"r":"168","t":"08:00:07","h":"Nord","s":"25N-H59NV10I-80-I"},{"r":"168","t":"08:00:07","h":"Nord","s":"25N-H59NV20I-80-I"},{"r":"12","t":"08:00:07","h":"Nord","s":"25S-H56S000S-80-S"},{"r":"168","t":"08:00:07","h":"Nord","s":"25S-H59S000I-81-I"},{"r":"168","t":"08:00:07","h":"Nord","s":"25S-H59S100F-81-F1"},{"r":"168","t":"08:00:07","h":"Nord","s":"25S-H59S200F-81-F2"},{"r":"168","t":"08:01:07","h":"Nord","s":"25N-H59N000A-80-A"},{"r":"168","t":"08:01:07","h":"Nord","s":"25N-H59N000S-80-S"},{"r":"168","t":"08:01:07","h":"Nord","s":"25N-H59NV10A-80-A"},{"r":"168","t":"08:01:07","h":"Nord","s":"25N-H59NV10S-84-S"},{"r":"168","t":"08:01:07","h":"Nord","s":"25N-H59NV20S-80-S"},{"r":"168","t":"08:01:07","h":"Nord","s":"25N-H59VN20A-80-A"},{"r":"168","t":"08:01:07","h":"Nord","s":"25S-H59S000A-81-A"},{"r":"168","t":"08:01:07","h":"Nord","s":"25S-H59S000S-81-S"},{"r":"12","t":"08:02:44","h":"Nord","s":"25N-H56N000I-80-I"},{"r":"12","t":"08:02:44","h":"Nord","s":"25N-H56N100F-80-F1"},{"r":"12","t":"08:02:44","h":"Nord","s":"25N-H56N200F-80-F2"},{"r":"12","t":"08:02:44","h":"Nord","s":"25N-H56N300F-80-F3"},{"r":"12","t":"08:02:44","h":"Nord","s":"25N-H56N400F-80-F4"},{"r":"12","t":"08:02:44","h":"Nord","s":"25N-H56NV10I-80-I"},{"r":"12","t":"08:02:44","h":"Nord","s":"25N-H56NV20I-80-I"},{"r":"12","t":"08:02:44","h":"Nord","s":"25S-H56S000I-80-I"},{"r":"12","t":"08:02:44","h":"Nord","s":"25S-H56S100F-80-F1"},{"r":"12","t":"08:02:44","h":"Nord","s":"25S-H56S200F-81-F2"},{"r":"12","t":"08:03:07","h":"Nord","s":"25N-H56N000A-80-A"},{"r":"12","t":"08:03:07","h":"Nord","s":"25N-H56NV10A-80-A"},{"r":"12","t":"08:03:07","h":"Nord","s":"25N-H56NV20A-80-A"},{"r":"12","t":"08:03:07","h":"Nord","s":"25S-H56S000A-80-A"},{"r":"12","t":"08:20:07","h":"Nord","s":"25N-H56N000S-80-S"},{"r":"12","t":"08:20:07","h":"Nord","s":"25N-H56NV10S-80-S"},{"r":"12","t":"08:20:07","h":"Nord","s":"25N-H56NV20S-80-S"},{"r":"12","t":"08:20:07","h":"Nord","s":"25S-H56S000S-80-S"},{"r":"168","t":"08:22:07","h":"Nord","s":"25N-H59N000S-80-S"},{"r":"168","t":"08:22:07","h":"Nord","s":"25N-H59NV10S-84-S"},{"r":"168","t":"08:22:07","h":"Nord","s":"25N-H59NV20S-80-S"},{"r":"168","t":"08:22:07","h":"Nord","s":"25S-H59S000S-81-S"},{"r":"168","t":"08:30:07","h":"Nord","s":"25N-H59N000I-80-I"},{"r":"168","t":"08:30:07","h":"Nord","s":"25N-H59N100F-80-F1"},{"r":"168","t":"08:30:07","h":"Nord","s":"25N-H59N200F-81-F2"},{"r":"168","t":"08:30:07","h":"Nord","s":"25N-H59N300F-80-F3"},{"r":"168","t":"08:30:07","h":"Nord","s":"25N-H59N400F-80-F4"},{"r":"168","t":"08:30:07","h":"Nord","s":"25N-H59NV10I-80-I"},{"r":"168","t":"08:30:07","h":"Nord","s":"25N-H59NV20I-80-I"},{"r":"168","t":"08:30:07","h":"Nord","s":"25S-H59S000I-81-I"},{"r":"168","t":"08:30:07","h":"Nord","s":"25S-H59S100F-81-F1"},{"r":"168","t":"08:30:07","h":"Nord","s":"25S-H59S200F-81-F2"},{"r":"168","t":"08:31:07","h":"Nord","s":"25N-H59N000A-80-A"},{"r":"168","t":"08:31:07","h":"Nord","s":"25N-H59NV10A-80-A"},{"r":"168","t":"08:31:07","h":"Nord","s":"25N-H59VN20A-80-A"},{"r":"168","t":"08:31:07","h":"Nord","s":"25S-H59S000A-81-A"},{"r":"12","t":"08:34:44","h":"Nord","s":"25N-H56N000I-80-I"},{"r":"12","t":"08:34:44","h":"Nord","s":"25N-H56N100F-80-F1"},{"r":"12","t":"08:34:44","h":"Nord","s":"25N-H56N200F-80-F2"},{"r":"12","t":"08:34:44","h":"Nord","s":"25N-H56N300F-80-F3"},{"r":"12","t":"08:34:44","h":"Nord","s":"25N-H56N400F-80-F4"},{"r":"12","t":"08:34:44","h":"Nord","s":"25N-H56NV10I-80-I"},{"r":"12","t":"08:34:44","h":"Nord","s":"25N-H56NV20I-80-I"},{"r":"12","t":"08:34:44","h":"Nord","s":"25S-H56S000I-80-I"},{"r":"12","t":"08:34:44","h":"Nord","s":"25S-H56S100F-80-F1"},{"r":"12","t":"08:34:44","h":"Nord","s":"25S-H56S200F-81-F2"},{"r":"12","t":"08:35:07","h":"Nord","s":"25N-H56N000A-80-A"},{"r":"12","t":"08:35:07","h":"Nord","s":"25N-H56NV10A-80-A"},{"r":"12","t":"08:35:07","h":"Nord","s":"25N-H56NV20A-80-A"},{"r":"12","t":"08:35:07","h":"Nord","s":"25S-H56S000A-80-A"},{"r":"168","t":"08:46:07","h":"Nord","s":"25N-H59N000S-80-S"},{"r":"168","t":"08:46:07","h":"Nord","s":"25N-H59NV10S-84-S"},{"r":"168","t":"08:46:07","h":"Nord","s":"25N-H59NV20S-80-S"},{"r":"168","t":"08:46:07","h":"Nord","s":"25S-H59S000S-81-S"},{"r":"12","t":"08:48:07","h":"Nord","s":"25N-H56N000S-80-S"},{"r":"12","t":"08:48:07","h":"Nord","s":"25N-H56NV10S-80-S"},{"r":"12","t":"08:48:07","h":"Nord","s":"25N-H56NV20S-80-S"},{"r":"12","t":"08:48:07","h":"Nord","s":"25S-H56S000S-80-S"},{"r":"168","t":"09:00:07","h":"Nord","s":"25N-H59N000I-80-I"},{"r":"168","t":"09:00:07","h":"Nord","s":"25N-H59N100F-80-F1"},{"r":"168","t":"09:00:07","h":"Nord","s":"25N-H59N200F-81-F2"},{"r":"168","t":"09:00:07","h":"Nord","s":"25N-H59N300F-80-F3"},{"r":"168","t":"09:00:07","h":"Nord","s":"25N-H59N400F-80-F4"},{"r":"168","t":"09:00:07","h":"Nord","s":"25N-H59NV10I-80-I"},{"r":"168","t":"09:00:07","h":"Nord","s":"25N-H59NV20I-80-I"},{"r":"168","t":"09:00:07","h":"Nord","s":"25S-H59S000I-81-I"},{"r":"168","t":"09:00:07","h":"Nord","s":"25S-H59S100F-81-F1"},{"r":"168","t":"09:00:07","h":"Nord","s":"25S-H59S200F-81-F2"},{"r":"168","t":"09:01:07","h":"Nord","s":"25N-H59N000A-80-A"},{"r":"168","t":"09:01:07","h":"Nord","s":"25N-H59NV10A-80-A"},{"r":"168","t":"09:01:07","h":"Nord","s":"25N-H59VN20A-80-A"},{"r":"168","t":"09:01:07","h":"Nord","s":"25S-H59S000A-81-A"},{"r":"12","t":"09:06:44","h":"Nord","s":"25N-H56N000I-80-I"},{"r":"12","t":"09:06:44","h":"Nord","s":"25N-H56N100F-80-F1"},{"r":"12","t":"09:06:44","h":"Nord","s":"25N-H56N200F-80-F2"},{"r":"12","t":"09:06:44","h":"Nord","s":"25N-H56N300F-80-F3"},{"r":"12","t":"09:06:44","h":"Nord","s":"25N-H56N400F-80-F4"},{"r":"12","t":"09:06:44","h":"Nord","s":"25N-H56NV10I-80-I"},{"r":"12","t":"09:06:44","h":"Nord","s":"25N-H56NV20I-80-I"},{"r":"12","t":"09:06:44","h":"Nord","s":"25S-H56S000I-80-I"},{"r":"12","t":"09:06:44","h":"Nord","s":"25S-H56S100F-80-F1"},{"r":"12","t":"09:06:44","h":"Nord","s":"25S-H56S200F-81-F2"},{"r":"12","t":"09:07:07","h":"Nord","s":"25N-H56N000A-80-A"},{"r":"12","t":"09:07:07","h":"Nord","s":"25N-H56NV10A-80-A"},{"r":"12","t":"09:07:07","h":"Nord","s":"25N-H56NV20A-80-A"},{"r":"12","t":"09:07:07","h":"Nord","s":"25S-H56S000A-80-A"},{"r":"168","t":"09:17:07","h":"Nord","s":"25N-H59N000S-80-S"},{"r":"168","t":"09:17:07","h":"Nord","s":"25N-H59NV10S-84-S"},{"r":"168","t":"09:17:07","h":"Nord","s":"25N-H59NV20S-80-S"},{"r":"168","t":"09:17:07","h":"Nord","s":"25S-H59S000S-81-S"},{"r":"12","t":"09:18:07","h":"Nord","s":"25N-H56N000S-80-S"},{"r":"12","t":"09:18:07","h":"Nord","s":"25N-H56NV10S-80-S"},{"r":"12","t":"09:18:07","h":"Nord","s":"25N-H56NV20S-80-S"},{"r":"12","t":"09:18:07","h":"Nord","s":"25S-H56S000S-80-S"},{"r":"168","t":"09:30:07","h":"Nord","s":"25N-H59N000A-80-A"},{"r":"168","t":"09:30:07","h":"Nord","s":"25N-H59N000I-80-I"},{"r":"168","t":"09:30:07","h":"Nord","s":"25N-H59N100F-80-F1"},{"r":"168","t":"09:30:07","h":"Nord","s":"25N-H59N200F-81-F2"},{"r":"168","t":"09:30:07","h":"Nord","s":"25N-H59N300F-80-F3"},{"r":"168","t":"09:30:07","h":"Nord","s":"25N-H59N400F-80-F4"},{"r":"168","t":"09:30:07","h":"Nord","s":"25N-H59NV10A-80-A"},{"r":"168","t":"09:30:07","h":"Nord","s":"25N-H59NV10I-80-I"},{"r":"168","t":"09:30:07","h":"Nord","s":"25N-H59NV20I-80-I"},{"r":"168","t":"09:30:07","h":"Nord","s":"25N-H59VN20A-80-A"},{"r":"168","t":"09:30:07","h":"Nord","s":"25S-H59S000A-81-A"},{"r":"168","t":"09:30:07","h":"Nord","s":"25S-H59S000I-81-I"},{"r":"168","t":"09:30:07","h":"Nord","s":"25S-H59S100F-81-F1"},{"r":"168","t":"09:30:07","h":"Nord","s":"25S-H59S200F-81-F2"},{"r":"12","t":"09:38:07","h":"Nord","s":"25N-H56N000A-80-A"},{"r":"12","t":"09:38:07","h":"Nord","s":"25N-H56N000I-80-I"},{"r":"12","t":"09:38:07","h":"Nord","s":"25N-H56N100F-80-F1"},{"r":"12","t":"09:38:07","h":"Nord","s":"25N-H56N200F-80-F2"},{"r":"12","t":"09:38:07","h":"Nord","s":"25N-H56N300F-80-F3"},{"r":"12","t":"09:38:07","h":"Nord","s":"25N-H56N400F-80-F4"},{"r":"12","t":"09:38:07","h":"Nord","s":"25N-H56NV10A-80-A"},{"r":"12","t":"09:38:07","h":"Nord","s":"25N-H56NV10I-80-I"},{"r":"12","t":"09:38:07","h":"Nord","s":"25N-H56NV20A-80-A"},{"r":"12","t":"09:38:07","h":"Nord","s":"25N-H56NV20I-80-I"},{"r":"12","t":"09:38:07","h":"Nord","s":"25S-H56S000A-80-A"},{"r":"12","t":"09:38:07","h":"Nord","s":"25S-H56S000I-80-I"},{"r":"12","t":"09:38:07","h":"Nord","s":"25S-H56S100F-80-F1"},{"r":"12","t":"09:38:07","h":"Nord","s":"25S-H56S200F-81-F2"},{"r":"12","t":"09:48:07","h":"Nord","s":"25N-H56N000S-80-S"},{"r":"12","t":"09:48:07","h":"Nord","s":"25N-H56NV10S-80-S"},{"r":"12","t":"09:48:07","h":"Nord","s":"25N-H56NV20S-80-S"},{"r":"12","t":"09:48:07","h":"Nord","s":"25S-H56S000S-80-S"},{"r":"168","t":"09:49:07","h":"Nord","s":"25N-H59N000S-80-S"},{"r":"168","t":"09:49:07","h":"Nord","s":"25N-H59NV10S-84-S"},{"r":"168","t":"09:49:07","h":"Nord","s":"25N-H59NV20S-80-S"},{"r":"168","t":"09:49:07","h":"Nord","s":"25S-H59S000S-81-S"},{"r":"168","t":"09:58:07","h":"Nord","s":"25N-H59N000I-80-I"},{"r":"168","t":"09:58:07","h":"Nord","s":"25N-H59N100F-80-F1"},{"r":"168","t":"09:58:07","h":"Nord","s":"25N-H59N200F-81-F2"},{"r":"168","t":"09:58:07","h":"Nord","s":"25N-H59N300F-80-F3"},{"r":"168","t":"09:58:07","h":"Nord","s":"25N-H59N400F-80-F4"},{"r":"168","t":"09:58:07","h":"Nord","s":"25N-H59NV10I-80-I"},{"r":"168","t":"09:58:07","h":"Nord","s":"25N-H59NV20I-80-I"},{"r":"168","t":"09:58:07","h":"Nord","s":"25S-H59S000I-81-I"},{"r":"168","t":"09:58:07","h":"Nord","s":"25S-H59S100F-81-F1"},{"r":"168","t":"09:58:07","h":"Nord","s":"25S-H59S200F-81-F2"},{"r":"168","t":"09:59:07","h":"Nord","s":"25N-H59N000A-80-A"},{"r":"168","t":"09:59:07","h":"Nord","s":"25N-H59NV10A-80-A"},{"r":"168","t":"09:59:07","h":"Nord","s":"25N-H59VN20A-80-A"},{"r":"168","t":"09:59:07","h":"Nord","s":"25S-H59S000A-81-A"},{"r":"12","t":"10:00:07","h":"Nord","s":"25N-H56N000A-80-A"},{"r":"12","t":"10:00:07","h":"Nord","s":"25N-H56N000I-80-I"},{"r":"12","t":"10:00:07","h":"Nord","s":"25N-H56N100F-80-F1"},{"r":"12","t":"10:00:07","h":"Nord","s":"25N-H56N200F-80-F2"},{"r":"12","t":"10:00:07","h":"Nord","s":"25N-H56N300F-80-F3"},{"r":"12","t":"10:00:07","h":"Nord","s":"25N-H56N400F-80-F4"},{"r":"12","t":"10:00:07","h":"Nord","s":"25N-H56NV10A-80-A"},{"r":"12","t":"10:00:07","h":"Nord","s":"25N-H56NV10I-80-I"},{"r":"12","t":"10:00:07","h":"Nord","s":"25N-H56NV20A-80-A"},{"r":"12","t":"10:00:07","h":"Nord","s":"25N-H56NV20I-80-I"},{"r":"12","t":"10:00:07","h":"Nord","s":"25S-H56S000A-80-A"},{"r":"12","t":"10:00:07","h":"Nord","s":"25S-H56S000I-80-I"},{"r":"12","t":"10:00:07","h":"Nord","s":"25S-H56S100F-80-F1"},{"r":"12","t":"10:00:07","h":"Nord","s":"25S-H56S200F-81-F2"},{"r":"12","t":"10:18:07","h":"Nord","s":"25N-H56N000S-80-S"},{"r":"12","t":"10:18:07","h":"Nord","s":"25N-H56NV10S-80-S"},{"r":"12","t":"10:18:07","h":"Nord","s":"25N-H56NV20S-80-S"},{"r":"12","t":"10:18:07","h":"Nord","s":"25S-H56S000S-80-S"},{"r":"168","t":"10:20:07","h":"Nord","s":"25N-H59N000S-80-S"},{"r":"168","t":"10:20:07","h":"Nord","s":"25N-H59NV10S-84-S"},{"r":"168","t":"10:20:07","h":"Nord","s":"25N-H59NV20S-80-S"},{"r":"168","t":"10:20:07","h":"Nord","s":"25S-H59S000S-81-S"},{"r":"12","t":"10:22:07","h":"Nord","s":"25N-H56N000A-80-A"},{"r":"12","t":"10:22:07","h":"Nord","s":"25N-H56N000I-80-I"},{"r":"12","t":"10:22:07","h":"Nord","s":"25N-H56N100F-80-F1"},{"r":"12","t":"10:22:07","h":"Nord","s":"25N-H56N200F-80-F2"},{"r":"12","t":"10:22:07","h":"Nord","s":"25N-H56N300F-80-F3"},{"r":"12","t":"10:22:07","h":"Nord","s":"25N-H56N400F-80-F4"},{"r":"12","t":"10:22:07","h":"Nord","s":"25N-H56NV10A-80-A"},{"r":"12","t":"10:22:07","h":"Nord","s":"25N-H56NV10I-80-I"},{"r":"12","t":"10:22:07","h":"Nord","s":"25N-H56NV20A-80-A"},{"r":"12","t":"10:22:07","h":"Nord","s":"25N-H56NV20I-80-I"},{"r":"12","t":"10:22:07","h":"Nord","s":"25S-H56S000A-80-A"},{"r":"12","t":"10:22:07","h":"Nord","s":"25S-H56S000I-80-I"},{"r":"12","t":"10:22:07","h":"Nord","s":"25S-H56S100F-80-F1"},{"r":"12","t":"10:22:07","h":"Nord","s":"25S-H56S200F-81-F2"},{"r":"168","t":"10:30:07","h":"Nord","s":"25N-H59N000A-80-A"},{"r":"168","t":"10:30:07","h":"Nord","s":"25N-H59N000I-80-I"},{"r":"168","t":"10:30:07","h":"Nord","s":"25N-H59N100F-80-F1"},{"r":"168","t":"10:30:07","h":"Nord","s":"25N-H59N200F-81-F2"},{"r":"168","t":"10:30:07","h":"Nord","s":"25N-H59N300F-80-F3"},{"r":"168","t":"10:30:07","h":"Nord","s":"25N-H59N400F-80-F4"},{"r":"168","t":"10:30:07","h":"Nord","s":"25N-H59NV10A-80-A"},{"r":"168","t":"10:30:07","h":"Nord","s":"25N-H59NV10I-80-I"},{"r":"168","t":"10:30:07","h":"Nord","s":"25N-H59NV20I-80-I"},{"r":"168","t":"10:30:07","h":"Nord","s":"25N-H59VN20A-80-A"},{"r":"168","t":"10:30:07","h":"Nord","s":"25S-H59S000A-81-A"},{"r":"168","t":"10:30:07","h":"Nord","s":"25S-H59S000I-81-I"},{"r":"168","t":"10:30:07","h":"Nord","s":"25S-H59S100F-81-F1"},{"r":"168","t":"10:30:07","h":"Nord","s":"25S-H59S200F-81-F2"},{"r":"12","t":"10:44:07","h":"Nord","s":"25N-H56N000A-80-A"},{"r":"12","t":"10:44:07","h":"Nord","s":"25N-H56N000I-80-I"},{"r":"12","t":"10:44:07","h":"Nord","s":"25N-H56N100F-80-F1"},{"r":"12","t":"10:44:07","h":"Nord","s":"25N-H56N200F-80-F2"},{"r":"12","t":"10:44:07","h":"Nord","s":"25N-H56N300F-80-F3"},{"r":"12","t":"10:44:07","h":"Nord","s":"25N-H56N400F-80-F4"},{"r":"12","t":"10:44:07","h":"Nord","s":"25N-H56NV10A-80-A"},{"r":"12","t":"10:44:07","h":"Nord","s":"25N-H56NV10I-80-I"},{"r":"12","t":"10:44:07","h":"Nord","s":"25N-H56NV20A-80-A"},{"r":"12","t":"10:44:07","h":"Nord","s":"25N-H56NV20I-80-I"},{"r":"12","t":"10:44:07","h":"Nord","s":"25S-H56S000A-80-A"},{"r":"12","t":"10:44:07","h":"Nord","s":"25S-H56S000I-80-I"},{"r":"12","t":"10:44:07","h":"Nord","s":"25S-H56S100F-80-F1"},{"r":"12","t":"10:44:07","h":"Nord","s":"25S-H56S200F-81-F2"},{"r":"12","t":"10:48:07","h":"Nord","s":"25N-H56N000S-80-S"},{"r":"12","t":"10:48:07","h":"Nord","s":"25N-H56NV10S-80-S"},{"r":"12","t":"10:48:07","h":"Nord","s":"25N-H56NV20S-80-S"},{"r":"12","t":"10:48:07","h":"Nord","s":"25S-H56S000S-80-S"},{"r":"168","t":"10:50:07","h":"Nord","s":"25N-H59N000S-80-S"},{"r":"168","t":"10:50:07","h":"Nord","s":"25N-H59NV10S-84-S"},{"r":"168","t":"10:50:07","h":"Nord","s":"25N-H59NV20S-80-S"},{"r":"168","t":"10:50:07","h":"Nord","s":"25S-H59S000S-81-S"},{"r":"168","t":"11:00:07","h":"Nord","s":"25N-H59N000A-80-A"},{"r":"168","t":"11:00:07","h":"Nord","s":"25N-H59N000I-80-I"},{"r":"168","t":"11:00:07","h":"Nord","s":"25N-H59N100F-80-F1"},{"r":"168","t":"11:00:07","h":"Nord","s":"25N-H59N200F-81-F2"},{"r":"168","t":"11:00:07","h":"Nord","s":"25N-H59N300F-80-F3"},{"r":"168","t":"11:00:07","h":"Nord","s":"25N-H59N400F-80-F4"},{"r":"168","t":"11:00:07","h":"Nord","s":"25N-H59NV10A-80-A"},{"r":"168","t":"11:00:07","h":"Nord","s":"25N-H59NV10I-80-I"},{"r":"168","t":"11:00:07","h":"Nord","s":"25N-H59NV20I-80-I"},{"r":"168","t":"11:00:07","h":"Nord","s":"25N-H59VN20A-80-A"},{"r":"168","t":"11:00:07","h":"Nord","s":"25S-H59S000A-81-A"},{"r":"168","t":"11:00:07","h":"Nord","s":"25S-H59S000I-81-I"},{"r":"168","t":"11:00:07","h":"Nord","s":"25S-H59S100F-81-F1"},{"r":"168","t":"11:00:07","h":"Nord","s":"25S-H59S200F-81-F2"},{"r":"12","t":"11:06:07","h":"Nord","s":"25N-H56N000A-80-A"},{"r":"12","t":"11:06:07","h":"Nord","s":"25N-H56N000I-80-I"},{"r":"12","t":"11:06:07","h":"Nord","s":"25N-H56N100F-80-F1"},{"r":"12","t":"11:06:07","h":"Nord","s":"25N-H56N200F-80-F2"},{"r":"12","t":"11:06:07","h":"Nord","s":"25N-H56N300F-80-F3"},{"r":"12","t":"11:06:07","h":"Nord","s":"25N-H56N400F-80-F4"},{"r":"12","t":"11:06:07","h":"Nord","s":"25N-H56NV10A-80-A"},{"r":"12","t":"11:06:07","h":"Nord","s":"25N-H56NV10I-80-I"},{"r":"12","t":"11:06:07","h":"Nord","s":"25N-H56NV20A-80-A"},{"r":"12","t":"11:06:07","h":"Nord","s":"25N-H56NV20I-80-I"},{"r":"12","t":"11:06:07","h":"Nord","s":"25S-H56S000A-80-A"},{"r":"12","t":"11:06:07","h":"Nord","s":"25S-H56S000I-80-I"},{"r":"12","t":"11:06:07","h":"Nord","s":"25S-H56S100F-80-F1"},{"r":"12","t":"11:06:07","h":"Nord","s":"25S-H56S200F-81-F2"},{"r":"12","t":"11:17:07","h":"Nord","s":"25N-H56N000S-80-S"},{"r":"12","t":"11:17:07","h":"Nord","s":"25N-H56NV10S-80-S"},{"r":"12","t":"11:17:07","h":"Nord","s":"25N-H56NV20S-80-S"},{"r":"12","t":"11:17:07","h":"Nord","s":"25S-H56S000S-80-S"},{"r":"168","t":"11:19:07","h":"Nord","s":"25N-H59N000S-80-S"},{"r":"168","t":"11:19:07","h":"Nord","s":"25N-H59NV10S-84-S"},{"r":"168","t":"11:19:07","h":"Nord","s":"25N-H59NV20S-80-S"},{"r":"168","t":"11:19:07","h":"Nord","s":"25S-H59S000S-81-S"},{"r":"168","t":"11:28:07","h":"Nord","s":"25N-H59N000A-80-A"},{"r":"168","t":"11:28:07","h":"Nord","s":"25N-H59NV10A-80-A"},{"r":"168","t":"11:28:07","h":"Nord","s":"25N-H59VN20A-80-A"},{"r":"168","t":"11:28:07","h":"Nord","s":"25S-H59S000A-81-A"},{"r":"168","t":"11:29:07","h":"Nord","s":"25N-H59N000I-80-I"},{"r":"168","t":"11:29:07","h":"Nord","s":"25N-H59N100F-80-F1"},{"r":"168","t":"11:29:07","h":"Nord","s":"25N-H59N200F-81-F2"},{"r":"168","t":"11:29:07","h":"Nord","s":"25N-H59N300F-80-F3"},{"r":"168","t":"11:29:07","h":"Nord","s":"25N-H59N400F-80-F4"},{"r":"168","t":"11:29:07","h":"Nord","s":"25N-H59NV10I-80-I"},{"r":"168","t":"11:29:07","h":"Nord","s":"25N-H59NV20I-80-I"},{"r":"168","t":"11:29:07","h":"Nord","s":"25S-H59S000I-81-I"},{"r":"168","t":"11:29:07","h":"Nord","s":"25S-H59S100F-81-F1"},{"r":"168","t":"11:29:07","h":"Nord","s":"25S-H59S200F-81-F2"},{"r":"12","t":"11:30:07","h":"Nord","s":"25N-H56N000A-80-A"},{"r":"12","t":"11:30:07","h":"Nord","s":"25N-H56N000I-80-I"},{"r":"12","t":"11:30:07","h":"Nord","s":"25N-H56N100F-80-F1"},{"r":"12","t":"11:30:07","h":"Nord","s":"25N-H56N200F-80-F2"},{"r":"12","t":"11:30:07","h":"Nord","s":"25N-H56N300F-80-F3"},{"r":"12","t":"11:30:07","h":"Nord","s":"25N-H56N400F-80-F4"},{"r":"12","t":"11:30:07","h":"Nord","s":"25N-H56NV10A-80-A"},{"r":"12","t":"11:30:07","h":"Nord","s":"25N-H56NV10I-80-I"},{"r":"12","t":"11:30:07","h":"Nord","s":"25N-H56NV20A-80-A"},{"r":"12","t":"11:30:07","h":"Nord","s":"25N-H56NV20I-80-I"},{"r":"12","t":"11:30:07","h":"Nord","s":"25S-H56S000A-80-A"},{"r":"12","t":"11:30:07","h":"Nord","s":"25S-H56S000I-80-I"},{"r":"12","t":"11:30:07","h":"Nord","s":"25S-H56S100F-80-F1"},{"r":"12","t":"11:30:07","h":"Nord","s":"25S-H56S200F-81-F2"},{"r":"12","t":"11:46:07","h":"Nord","s":"25N-H56N000S-80-S"},{"r":"12","t":"11:46:07","h":"Nord","s":"25N-H56NV10S-80-S"},{"r":"12","t":"11:46:07","h":"Nord","s":"25N-H56NV20S-80-S"},{"r":"12","t":"11:46:07","h":"Nord","s":"25S-H56S000S-80-S"},{"r":"168","t":"11:48:07","h":"Nord","s":"25N-H59N000S-80-S"},{"r":"168","t":"11:48:07","h":"Nord","s":"25N-H59NV10S-84-S"},{"r":"168","t":"11:48:07","h":"Nord","s":"25N-H59NV20S-80-S"},{"r":"168","t":"11:48:07","h":"Nord","s":"25S-H59S000S-81-S"},{"r":"12","t":"11:53:07","h":"Nord","s":"25N-H56N000A-80-A"},{"r":"12","t":"11:53:07","h":"Nord","s":"25N-H56N000I-80-I"},{"r":"12","t":"11:53:07","h":"Nord","s":"25N-H56N100F-80-F1"},{"r":"12","t":"11:53:07","h":"Nord","s":"25N-H56N200F-80-F2"},{"r":"12","t":"11:53:07","h":"Nord","s":"25N-H56N300F-80-F3"},{"r":"12","t":"11:53:07","h":"Nord","s":"25N-H56N400F-80-F4"},{"r":"12","t":"11:53:07","h":"Nord","s":"25N-H56NV10A-80-A"},{"r":"12","t":"11:53:07","h":"Nord","s":"25N-H56NV10I-80-I"},{"r":"12","t":"11:53:07","h":"Nord","s":"25N-H56NV20A-80-A"},{"r":"12","t":"11:53:07","h":"Nord","s":"25N-H56NV20I-80-I"},{"r":"12","t":"11:53:07","h":"Nord","s":"25S-H56S000A-80-A"},{"r":"12","t":"11:53:07","h":"Nord","s":"25S-H56S000I-80-I"},{"r":"12","t":"11:53:07","h":"Nord","s":"25S-H56S100F-80-F1"},{"r":"12","t":"11:53:07","h":"Nord","s":"25S-H56S200F-81-F2"},{"r":"168","t":"12:00:07","h":"Nord","s":"25N-H59N000A-80-A"},{"r":"168","t":"12:00:07","h":"Nord","s":"25N-H59N000I-80-I"},{"r":"168","t":"12:00:07","h":"Nord","s":"25N-H59N100F-80-F1"},{"r":"168","t":"12:00:07","h":"Nord","s":"25N-H59N200F-81-F2"},{"r":"168","t":"12:00:07","h":"Nord","s":"25N-H59N300F-80-F3"},{"r":"168","t":"12:00:07","h":"Nord","s":"25N-H59N400F-80-F4"},{"r":"168","t":"12:00:07","h":"Nord","s":"25N-H59NV10A-80-A"},{"r":"168","t":"12:00:07","h":"Nord","s":"25N-H59NV10I-80-I"},{"r":"168","t":"12:00:07","h":"Nord","s":"25N-H59NV20I-80-I"},{"r":"168","t":"12:00:07","h":"Nord","s":"25N-H59VN20A-80-A"},{"r":"168","t":"12:00:07","h":"Nord","s":"25S-H59S000A-81-A"},{"r":"168","t":"12:00:07","h":"Nord","s":"25S-H59S000I-81-I"},{"r":"168","t":"12:00:07","h":"Nord","s":"25S-H59S100F-81-F1"},{"r":"168","t":"12:00:07","h":"Nord","s":"25S-H59S200F-81-F2"},{"r":"12","t":"12:15:07","h":"Nord","s":"25N-H56N000A-80-A"},{"r":"12","t":"12:15:07","h":"Nord","s":"25N-H56N000I-80-I"},{"r":"12","t":"12:15:07","h":"Nord","s":"25N-H56N000S-80-S"},{"r":"12","t":"12:15:07","h":"Nord","s":"25N-H56N100F-80-F1"},{"r":"12","t":"12:15:07","h":"Nord","s":"25N-H56N200F-80-F2"},{"r":"12","t":"12:15:07","h":"Nord","s":"25N-H56N300F-80-F3"},{"r":"12","t":"12:15:07","h":"Nord","s":"25N-H56N400F-80-F4"},{"r":"12","t":"12:15:07","h":"Nord","s":"25N-H56NV10A-80-A"},{"r":"12","t":"12:15:07","h":"Nord","s":"25N-H56NV10I-80-I"},{"r":"12","t":"12:15:07","h":"Nord","s":"25N-H56NV10S-80-S"},{"r":"12","t":"12:15:07","h":"Nord","s":"25N-H56NV20A-80-A"},{"r":"12","t":"12:15:07","h":"Nord","s":"25N-H56NV20I-80-I"},{"r":"12","t":"12:15:07","h":"Nord","s":"25N-H56NV20S-80-S"},{"r":"12","t":"12:15:07","h":"Nord","s":"25S-H56S000A-80-A"},{"r":"12","t":"12:15:07","h":"Nord","s":"25S-H56S000I-80-I"},{"r":"12","t":"12:15:07","h":"Nord","s":"25S-H56S000S-80-S"},{"r":"12","t":"12:15:07","h":"Nord","s":"25S-H56S100F-80-F1"},{"r":"12","t":"12:15:07","h":"Nord","s":"25S-H56S200F-81-F2"},{"r":"168","t":"12:17:07","h":"Nord","s":"25N-H59N000S-80-S"},{"r":"168","t":"12:17:07","h":"Nord","s":"25N-H59NV10S-84-S"},{"r":"168","t":"12:17:07","h":"Nord","s":"25N-H59NV20S-80-S"},{"r":"168","t":"12:17:07","h":"Nord","s":"25S-H59S000S-81-S"},{"r":"168","t":"12:29:07","h":"Nord","s":"25N-H59N000I-80-I"},{"r":"168","t":"12:29:07","h":"Nord","s":"25N-H59N100F-80-F1"},{"r":"168","t":"12:29:07","h":"Nord","s":"25N-H59N200F-81-F2"},{"r":"168","t":"12:29:07","h":"Nord","s":"25N-H59N300F-80-F3"},{"r":"168","t":"12:29:07","h":"Nord","s":"25N-H59N400F-80-F4"},{"r":"168","t":"12:29:07","h":"Nord","s":"25N-H59NV10I-80-I"},{"r":"168","t":"12:29:07","h":"Nord","s":"25N-H59NV20I-80-I"},{"r":"168","t":"12:29:07","h":"Nord","s":"25S-H59S000I-81-I"},{"r":"168","t":"12:29:07","h":"Nord","s":"25S-H59S100F-81-F1"},{"r":"168","t":"12:29:07","h":"Nord","s":"25S-H59S200F-81-F2"},{"r":"168","t":"12:30:07","h":"Nord","s":"25N-H59N000A-80-A"},{"r":"168","t":"12:30:07","h":"Nord","s":"25N-H59NV10A-80-A"},{"r":"168","t":"12:30:07","h":"Nord","s":"25N-H59VN20A-80-A"},{"r":"168","t":"12:30:07","h":"Nord","s":"25S-H59S000A-81-A"},{"r":"12","t":"12:39:07","h":"Nord","s":"25N-H56N000A-80-A"},{"r":"12","t":"12:39:07","h":"Nord","s":"25N-H56N000I-80-I"},{"r":"12","t":"12:39:07","h":"Nord","s":"25N-H56N100F-80-F1"},{"r":"12","t":"12:39:07","h":"Nord","s":"25N-H56N200F-80-F2"},{"r":"12","t":"12:39:07","h":"Nord","s":"25N-H56N300F-80-F3"},{"r":"12","t":"12:39:07","h":"Nord","s":"25N-H56N400F-80-F4"},{"r":"12","t":"12:39:07","h":"Nord","s":"25N-H56NV10A-80-A"},{"r":"12","t":"12:39:07","h":"Nord","s":"25N-H56NV10I-80-I"},{"r":"12","t":"12:39:07","h":"Nord","s":"25N-H56NV20A-80-A"},{"r":"12","t":"12:39:07","h":"Nord","s":"25N-H56NV20I-80-I"},{"r":"12","t":"12:39:07","h":"Nord","s":"25S-H56S000A-80-A"},{"r":"12","t":"12:39:07","h":"Nord","s":"25S-H56S000I-80-I"},{"r":"12","t":"12:39:07","h":"Nord","s":"25S-H56S100F-80-F1"},{"r":"12","t":"12:39:07","h":"Nord","s":"25S-H56S200F-81-F2"},{"r":"12","t":"12:44:07","h":"Nord","s":"25N-H56N000S-80-S"},{"r":"12","t":"12:44:07","h":"Nord","s":"25N-H56NV10S-80-S"},{"r":"12","t":"12:44:07","h":"Nord","s":"25N-H56NV20S-80-S"},{"r":"12","t":"12:44:07","h":"Nord","s":"25S-H56S000S-80-S"},{"r":"168","t":"12:46:07","h":"Nord","s":"25N-H59N000S-80-S"},{"r":"168","t":"12:46:07","h":"Nord","s":"25N-H59NV10S-84-S"},{"r":"168","t":"12:46:07","h":"Nord","s":"25N-H59NV20S-80-S"},{"r":"168","t":"12:46:07","h":"Nord","s":"25S-H59S000S-81-S"},{"r":"168","t":"12:59:07","h":"Nord","s":"25N-H59N000I-80-I"},{"r":"168","t":"12:59:07","h":"Nord","s":"25N-H59N100F-80-F1"},{"r":"168","t":"12:59:07","h":"Nord","s":"25N-H59N200F-81-F2"},{"r":"168","t":"12:59:07","h":"Nord","s":"25N-H59N300F-80-F3"},{"r":"168","t":"12:59:07","h":"Nord","s":"25N-H59N400F-80-F4"},{"r":"168","t":"12:59:07","h":"Nord","s":"25N-H59NV10I-80-I"},{"r":"168","t":"12:59:07","h":"Nord","s":"25N-H59NV20I-80-I"},{"r":"168","t":"12:59:07","h":"Nord","s":"25S-H59S000I-81-I"},{"r":"168","t":"12:59:07","h":"Nord","s":"25S-H59S100F-81-F1"},{"r":"168","t":"12:59:07","h":"Nord","s":"25S-H59S200F-81-F2"},{"r":"168","t":"13:00:07","h":"Nord","s":"25N-H59N000A-80-A"},{"r":"168","t":"13:00:07","h":"Nord","s":"25N-H59NV10A-80-A"},{"r":"168","t":"13:00:07","h":"Nord","s":"25N-H59VN20A-80-A"},{"r":"168","t":"13:00:07","h":"Nord","s":"25S-H59S000A-81-A"},{"r":"12","t":"13:04:07","h":"Nord","s":"25N-H56N000A-80-A"},{"r":"12","t":"13:04:07","h":"Nord","s":"25N-H56N000I-80-I"},{"r":"12","t":"13:04:07","h":"Nord","s":"25N-H56N100F-80-F1"},{"r":"12","t":"13:04:07","h":"Nord","s":"25N-H56N200F-80-F2"},{"r":"12","t":"13:04:07","h":"Nord","s":"25N-H56N300F-80-F3"},{"r":"12","t":"13:04:07","h":"Nord","s":"25N-H56N400F-80-F4"},{"r":"12","t":"13:04:07","h":"Nord","s":"25N-H56NV10A-80-A"},{"r":"12","t":"13:04:07","h":"Nord","s":"25N-H56NV10I-80-I"},{"r":"12","t":"13:04:07","h":"Nord","s":"25N-H56NV20A-80-A"},{"r":"12","t":"13:04:07","h":"Nord","s":"25N-H56NV20I-80-I"},{"r":"12","t":"13:04:07","h":"Nord","s":"25S-H56S000A-80-A"},{"r":"12","t":"13:04:07","h":"Nord","s":"25S-H56S000I-80-I"},{"r":"12","t":"13:04:07","h":"Nord","s":"25S-H56S100F-80-F1"},{"r":"12","t":"13:04:07","h":"Nord","s":"25S-H56S200F-81-F2"},{"r":"12","t":"13:13:07","h":"Nord","s":"25N-H56N000S-80-S"},{"r":"12","t":"13:13:07","h":"Nord","s":"25N-H56NV10S-80-S"},{"r":"12","t":"13:13:07","h":"Nord","s":"25N-H56NV20S-80-S"},{"r":"12","t":"13:13:07","h":"Nord","s":"25S-H56S000S-80-S"},{"r":"168","t":"13:16:07","h":"Nord","s":"25N-H59N000S-80-S"},{"r":"168","t":"13:16:07","h":"Nord","s":"25N-H59NV10S-84-S"},{"r":"168","t":"13:16:07","h":"Nord","s":"25N-H59NV20S-80-S"},{"r":"168","t":"13:16:07","h":"Nord","s":"25S-H59S000S-81-S"},{"r":"12","t":"13:27:07","h":"Nord","s":"25N-H56N000A-80-A"},{"r":"12","t":"13:27:07","h":"Nord","s":"25N-H56N000I-80-I"},{"r":"12","t":"13:27:07","h":"Nord","s":"25N-H56N100F-80-F1"},{"r":"12","t":"13:27:07","h":"Nord","s":"25N-H56N200F-80-F2"},{"r":"12","t":"13:27:07","h":"Nord","s":"25N-H56N300F-80-F3"},{"r":"12","t":"13:27:07","h":"Nord","s":"25N-H56N400F-80-F4"},{"r":"12","t":"13:27:07","h":"Nord","s":"25N-H56NV10A-80-A"},{"r":"12","t":"13:27:07","h":"Nord","s":"25N-H56NV10I-80-I"},{"r":"12","t":"13:27:07","h":"Nord","s":"25N-H56NV20A-80-A"},{"r":"12","t":"13:27:07","h":"Nord","s":"25N-H56NV20I-80-I"},{"r":"12","t":"13:27:07","h":"Nord","s":"25S-H56S000A-80-A"},{"r":"12","t":"13:27:07","h":"Nord","s":"25S-H56S000I-80-I"},{"r":"12","t":"13:27:07","h":"Nord","s":"25S-H56S100F-80-F1"},{"r":"12","t":"13:27:07","h":"Nord","s":"25S-H56S200F-81-F2"},{"r":"168","t":"13:28:07","h":"Nord","s":"25N-H59N000A-80-A"},{"r":"168","t":"13:28:07","h":"Nord","s":"25N-H59N000I-80-I"},{"r":"168","t":"13:28:07","h":"Nord","s":"25N-H59N100F-80-F1"},{"r":"168","t":"13:28:07","h":"Nord","s":"25N-H59N200F-81-F2"},{"r":"168","t":"13:28:07","h":"Nord","s":"25N-H59N300F-80-F3"},{"r":"168","t":"13:28:07","h":"Nord","s":"25N-H59N400F-80-F4"},{"r":"168","t":"13:28:07","h":"Nord","s":"25N-H59NV10A-80-A"},{"r":"168","t":"13:28:07","h":"Nord","s":"25N-H59NV10I-80-I"},{"r":"168","t":"13:28:07","h":"Nord","s":"25N-H59NV20I-80-I"},{"r":"168","t":"13:28:07","h":"Nord","s":"25N-H59VN20A-80-A"},{"r":"168","t":"13:28:07","h":"Nord","s":"25S-H59S000A-81-A"},{"r":"168","t":"13:28:07","h":"Nord","s":"25S-H59S000I-81-I"},{"r":"168","t":"13:28:07","h":"Nord","s":"25S-H59S100F-81-F1"},{"r":"168","t":"13:28:07","h":"Nord","s":"25S-H59S200F-81-F2"},{"r":"12","t":"13:42:07","h":"Nord","s":"25N-H56N000S-80-S"},{"r":"12","t":"13:42:07","h":"Nord","s":"25N-H56NV10S-80-S"},{"r":"12","t":"13:42:07","h":"Nord","s":"25N-H56NV20S-80-S"},{"r":"12","t":"13:42:07","h":"Nord","s":"25S-H56S000S-80-S"},{"r":"168","t":"13:45:07","h":"Nord","s":"25N-H59N000S-80-S"},{"r":"168","t":"13:45:07","h":"Nord","s":"25N-H59NV10S-84-S"},{"r":"168","t":"13:45:07","h":"Nord","s":"25N-H59NV20S-80-S"},{"r":"168","t":"13:45:07","h":"Nord","s":"25S-H59S000S-81-S"},{"r":"12","t":"13:51:07","h":"Nord","s":"25N-H56N000A-80-A"},{"r":"12","t":"13:51:07","h":"Nord","s":"25N-H56N000I-80-I"},{"r":"12","t":"13:51:07","h":"Nord","s":"25N-H56N100F-80-F1"},{"r":"12","t":"13:51:07","h":"Nord","s":"25N-H56N200F-80-F2"},{"r":"12","t":"13:51:07","h":"Nord","s":"25N-H56N300F-80-F3"},{"r":"12","t":"13:51:07","h":"Nord","s":"25N-H56N400F-80-F4"},{"r":"12","t":"13:51:07","h":"Nord","s":"25N-H56NV10A-80-A"},{"r":"12","t":"13:51:07","h":"Nord","s":"25N-H56NV10I-80-I"},{"r":"12","t":"13:51:07","h":"Nord","s":"25N-H56NV20A-80-A"},{"r":"12","t":"13:51:07","h":"Nord","s":"25N-H56NV20I-80-I"},{"r":"12","t":"13:51:07","h":"Nord","s":"25S-H56S000A-80-A"},{"r":"12","t":"13:51:07","h":"Nord","s":"25S-H56S000I-80-I"},{"r":"12","t":"13:51:07","h":"Nord","s":"25S-H56S100F-80-F1"},{"r":"12","t":"13:51:07","h":"Nord","s":"25S-H56S200F-81-F2"},{"r":"168","t":"13:59:07","h":"Nord","s":"25N-H59N000I-80-I"},{"r":"168","t":"13:59:07","h":"Nord","s":"25N-H59N100F-80-F1"},{"r":"168","t":"13:59:07","h":"Nord","s":"25N-H59N200F-81-F2"},{"r":"168","t":"13:59:07","h":"Nord","s":"25N-H59N300F-80-F3"},{"r":"168","t":"13:59:07","h":"Nord","s":"25N-H59N400F-80-F4"},{"r":"168","t":"13:59:07","h":"Nord","s":"25N-H59NV10I-80-I"},{"r":"168","t":"13:59:07","h":"Nord","s":"25N-H59NV20I-80-I"},{"r":"168","t":"13:59:07","h":"Nord","s":"25S-H59S000I-81-I"},{"r":"168","t":"13:59:07","h":"Nord","s":"25S-H59S100F-81-F1"},{"r":"168","t":"13:59:07","h":"Nord","s":"25S-H59S200F-81-F2"},{"r":"168","t":"14:00:07","h":"Nord","s":"25N-H59N000A-80-A"},{"r":"168","t":"14:00:07","h":"Nord","s":"25N-H59NV10A-80-A"},{"r":"168","t":"14:00:07","h":"Nord","s":"25N-H59VN20A-80-A"},{"r":"168","t":"14:00:07","h":"Nord","s":"25S-H59S000A-81-A"},{"r":"12","t":"14:12:07","h":"Nord","s":"25N-H56N000S-80-S"},{"r":"12","t":"14:12:07","h":"Nord","s":"25N-H56NV10S-80-S"},{"r":"12","t":"14:12:07","h":"Nord","s":"25N-H56NV20S-80-S"},{"r":"12","t":"14:12:07","h":"Nord","s":"25S-H56S000S-80-S"},{"r":"168","t":"14:15:07","h":"Nord","s":"25N-H59N000S-80-S"},{"r":"168","t":"14:15:07","h":"Nord","s":"25N-H59NV10S-84-S"},{"r":"168","t":"14:15:07","h":"Nord","s":"25N-H59NV20S-80-S"},{"r":"168","t":"14:15:07","h":"Nord","s":"25S-H59S000S-81-S"},{"r":"12","t":"14:16:07","h":"Nord","s":"25N-H56N000A-80-A"},{"r":"12","t":"14:16:07","h":"Nord","s":"25N-H56N000I-80-I"},{"r":"12","t":"14:16:07","h":"Nord","s":"25N-H56N100F-80-F1"},{"r":"12","t":"14:16:07","h":"Nord","s":"25N-H56N200F-80-F2"},{"r":"12","t":"14:16:07","h":"Nord","s":"25N-H56N300F-80-F3"},{"r":"12","t":"14:16:07","h":"Nord","s":"25N-H56N400F-80-F4"},{"r":"12","t":"14:16:07","h":"Nord","s":"25N-H56NV10A-80-A"},{"r":"12","t":"14:16:07","h":"Nord","s":"25N-H56NV10I-80-I"},{"r":"12","t":"14:16:07","h":"Nord","s":"25N-H56NV20A-80-A"},{"r":"12","t":"14:16:07","h":"Nord","s":"25N-H56NV20I-80-I"},{"r":"12","t":"14:16:07","h":"Nord","s":"25S-H56S000A-80-A"},{"r":"12","t":"14:16:07","h":"Nord","s":"25S-H56S000I-80-I"},{"r":"12","t":"14:16:07","h":"Nord","s":"25S-H56S100F-80-F1"},{"r":"12","t":"14:16:07","h":"Nord","s":"25S-H56S200F-81-F2"},{"r":"168","t":"14:30:07","h":"Nord","s":"25N-H59N000A-80-A"},{"r":"168","t":"14:30:07","h":"Nord","s":"25N-H59N000I-80-I"},{"r":"168","t":"14:30:07","h":"Nord","s":"25N-H59N100F-80-F1"},{"r":"168","t":"14:30:07","h":"Nord","s":"25N-H59N200F-81-F2"},{"r":"168","t":"14:30:07","h":"Nord","s":"25N-H59N300F-80-F3"},{"r":"168","t":"14:30:07","h":"Nord","s":"25N-H59N400F-80-F4"},{"r":"168","t":"14:30:07","h":"Nord","s":"25N-H59NV10A-80-A"},{"r":"168","t":"14:30:07","h":"Nord","s":"25N-H59NV10I-80-I"},{"r":"168","t":"14:30:07","h":"Nord","s":"25N-H59NV20I-80-I"},{"r":"168","t":"14:30:07","h":"Nord","s":"25N-H59VN20A-80-A"},{"r":"168","t":"14:30:07","h":"Nord","s":"25S-H59S000A-81-A"},{"r":"168","t":"14:30:07","h":"Nord","s":"25S-H59S000I-81-I"},{"r":"168","t":"14:30:07","h":"Nord","s":"25S-H59S100F-81-F1"},{"r":"168","t":"14:30:07","h":"Nord","s":"25S-H59S200F-81-F2"},{"r":"12","t":"14:39:07","h":"Nord","s":"25N-H56N000A-80-A"},{"r":"12","t":"14:39:07","h":"Nord","s":"25N-H56N000I-80-I"},{"r":"12","t":"14:39:07","h":"Nord","s":"25N-H56N100F-80-F1"},{"r":"12","t":"14:39:07","h":"Nord","s":"25N-H56N200F-80-F2"},{"r":"12","t":"14:39:07","h":"Nord","s":"25N-H56N300F-80-F3"},{"r":"12","t":"14:39:07","h":"Nord","s":"25N-H56N400F-80-F4"},{"r":"12","t":"14:39:07","h":"Nord","s":"25N-H56NV10A-80-A"},{"r":"12","t":"14:39:07","h":"Nord","s":"25N-H56NV10I-80-I"},{"r":"12","t":"14:39:07","h":"Nord","s":"25N-H56NV20A-80-A"},{"r":"12","t":"14:39:07","h":"Nord","s":"25N-H56NV20I-80-I"},{"r":"12","t":"14:39:07","h":"Nord","s":"25S-H56S000A-80-A"},{"r":"12","t":"14:39:07","h":"Nord","s":"25S-H56S000I-80-I"},{"r":"12","t":"14:39:07","h":"Nord","s":"25S-H56S100F-80-F1"},{"r":"12","t":"14:39:07","h":"Nord","s":"25S-H56S200F-81-F2"},{"r":"12","t":"14:41:07","h":"Nord","s":"25N-H56N000S-80-S"},{"r":"12","t":"14:41:07","h":"Nord","s":"25N-H56NV10S-80-S"},{"r":"12","t":"14:41:07","h":"Nord","s":"25N-H56NV20S-80-S"},{"r":"12","t":"14:41:07","h":"Nord","s":"25S-H56S000S-80-S"},{"r":"168","t":"14:44:07","h":"Nord","s":"25N-H59N000S-80-S"},{"r":"168","t":"14:44:07","h":"Nord","s":"25N-H59NV10S-84-S"},{"r":"168","t":"14:44:07","h":"Nord","s":"25N-H59NV20S-80-S"},{"r":"168","t":"14:44:07","h":"Nord","s":"25S-H59S000S-81-S"},{"r":"168","t":"15:00:07","h":"Nord","s":"25N-H59N000A-80-A"},{"r":"168","t":"15:00:07","h":"Nord","s":"25N-H59N000I-80-I"},{"r":"168","t":"15:00:07","h":"Nord","s":"25N-H59N100F-80-F1"},{"r":"168","t":"15:00:07","h":"Nord","s":"25N-H59N200F-81-F2"},{"r":"168","t":"15:00:07","h":"Nord","s":"25N-H59N300F-80-F3"},{"r":"168","t":"15:00:07","h":"Nord","s":"25N-H59N400F-80-F4"},{"r":"168","t":"15:00:07","h":"Nord","s":"25N-H59NV10A-80-A"},{"r":"168","t":"15:00:07","h":"Nord","s":"25N-H59NV10I-80-I"},{"r":"168","t":"15:00:07","h":"Nord","s":"25N-H59NV20I-80-I"},{"r":"168","t":"15:00:07","h":"Nord","s":"25N-H59VN20A-80-A"},{"r":"168","t":"15:00:07","h":"Nord","s":"25S-H59S000A-81-A"},{"r":"168","t":"15:00:07","h":"Nord","s":"25S-H59S000I-81-I"},{"r":"168","t":"15:00:07","h":"Nord","s":"25S-H59S100F-81-F1"},{"r":"168","t":"15:00:07","h":"Nord","s":"25S-H59S200F-81-F2"},{"r":"12","t":"15:03:07","h":"Nord","s":"25N-H56N000A-80-A"},{"r":"12","t":"15:03:07","h":"Nord","s":"25N-H56N000I-80-I"},{"r":"12","t":"15:03:07","h":"Nord","s":"25N-H56N100F-80-F1"},{"r":"12","t":"15:03:07","h":"Nord","s":"25N-H56N200F-80-F2"},{"r":"12","t":"15:03:07","h":"Nord","s":"25N-H56N300F-80-F3"},{"r":"12","t":"15:03:07","h":"Nord","s":"25N-H56N400F-80-F4"},{"r":"12","t":"15:03:07","h":"Nord","s":"25N-H56NV10A-80-A"},{"r":"12","t":"15:03:07","h":"Nord","s":"25N-H56NV10I-80-I"},{"r":"12","t":"15:03:07","h":"Nord","s":"25N-H56NV20A-80-A"},{"r":"12","t":"15:03:07","h":"Nord","s":"25N-H56NV20I-80-I"},{"r":"12","t":"15:03:07","h":"Nord","s":"25S-H56S000A-80-A"},{"r":"12","t":"15:03:07","h":"Nord","s":"25S-H56S000I-80-I"},{"r":"12","t":"15:03:07","h":"Nord","s":"25S-H56S100F-80-F1"},{"r":"12","t":"15:03:07","h":"Nord","s":"25S-H56S200F-81-F2"},{"r":"12","t":"15:11:07","h":"Nord","s":"25N-H56N000S-80-S"},{"r":"12","t":"15:11:07","h":"Nord","s":"25N-H56NV10S-80-S"},{"r":"12","t":"15:11:07","h":"Nord","s":"25N-H56NV20S-80-S"},{"r":"12","t":"15:11:07","h":"Nord","s":"25S-H56S000S-80-S"},{"r":"168","t":"15:14:07","h":"Nord","s":"25N-H59N000S-80-S"},{"r":"168","t":"15:14:07","h":"Nord","s":"25N-H59NV10S-84-S"},{"r":"168","t":"15:14:07","h":"Nord","s":"25N-H59NV20S-80-S"},{"r":"168","t":"15:14:07","h":"Nord","s":"25S-H59S000S-81-S"},{"r":"12","t":"15:27:07","h":"Nord","s":"25N-H56N000I-80-I"},{"r":"12","t":"15:27:07","h":"Nord","s":"25N-H56N100F-80-F1"},{"r":"12","t":"15:27:07","h":"Nord","s":"25N-H56N200F-80-F2"},{"r":"12","t":"15:27:07","h":"Nord","s":"25N-H56N300F-80-F3"},{"r":"12","t":"15:27:07","h":"Nord","s":"25N-H56N400F-80-F4"},{"r":"12","t":"15:27:07","h":"Nord","s":"25N-H56NV10I-80-I"},{"r":"12","t":"15:27:07","h":"Nord","s":"25N-H56NV20I-80-I"},{"r":"12","t":"15:27:07","h":"Nord","s":"25S-H56S000I-80-I"},{"r":"12","t":"15:27:07","h":"Nord","s":"25S-H56S100F-80-F1"},{"r":"12","t":"15:27:07","h":"Nord","s":"25S-H56S200F-81-F2"},{"r":"12","t":"15:28:07","h":"Nord","s":"25N-H56N000A-80-A"},{"r":"12","t":"15:28:07","h":"Nord","s":"25N-H56NV10A-80-A"},{"r":"12","t":"15:28:07","h":"Nord","s":"25N-H56NV20A-80-A"},{"r":"168","t":"15:28:07","h":"Nord","s":"25N-H59N000I-80-I"},{"r":"168","t":"15:28:07","h":"Nord","s":"25N-H59N100F-80-F1"},{"r":"168","t":"15:28:07","h":"Nord","s":"25N-H59N200F-81-F2"},{"r":"168","t":"15:28:07","h":"Nord","s":"25N-H59N300F-80-F3"},{"r":"168","t":"15:28:07","h":"Nord","s":"25N-H59N400F-80-F4"},{"r":"168","t":"15:28:07","h":"Nord","s":"25N-H59NV10I-80-I"},{"r":"168","t":"15:28:07","h":"Nord","s":"25N-H59NV20I-80-I"},{"r":"12","t":"15:28:07","h":"Nord","s":"25S-H56S000A-80-A"},{"r":"168","t":"15:28:07","h":"Nord","s":"25S-H59S000I-81-I"},{"r":"168","t":"15:28:07","h":"Nord","s":"25S-H59S100F-81-F1"},{"r":"168","t":"15:28:07","h":"Nord","s":"25S-H59S200F-81-F2"},{"r":"168","t":"15:30:07","h":"Nord","s":"25N-H59N000A-80-A"},{"r":"168","t":"15:30:07","h":"Nord","s":"25N-H59NV10A-80-A"},{"r":"168","t":"15:30:07","h":"Nord","s":"25N-H59VN20A-80-A"},{"r":"168","t":"15:30:07","h":"Nord","s":"25S-H59S000A-81-A"},{"r":"12","t":"15:43:07","h":"Nord","s":"25N-H56N000S-80-S"},{"r":"12","t":"15:43:07","h":"Nord","s":"25N-H56NV10S-80-S"},{"r":"12","t":"15:43:07","h":"Nord","s":"25N-H56NV20S-80-S"},{"r":"12","t":"15:43:07","h":"Nord","s":"25S-H56S000S-80-S"},{"r":"168","t":"15:45:07","h":"Nord","s":"25N-H59N000S-80-S"},{"r":"168","t":"15:45:07","h":"Nord","s":"25N-H59NV10S-84-S"},{"r":"168","t":"15:45:07","h":"Nord","s":"25N-H59NV20S-80-S"},{"r":"168","t":"15:45:07","h":"Nord","s":"25S-H59S000S-81-S"},{"r":"12","t":"15:50:07","h":"Nord","s":"25N-H56N000I-80-I"},{"r":"12","t":"15:50:07","h":"Nord","s":"25N-H56N100F-80-F1"},{"r":"12","t":"15:50:07","h":"Nord","s":"25N-H56N200F-80-F2"},{"r":"12","t":"15:50:07","h":"Nord","s":"25N-H56N300F-80-F3"},{"r":"12","t":"15:50:07","h":"Nord","s":"25N-H56N400F-80-F4"},{"r":"12","t":"15:50:07","h":"Nord","s":"25N-H56NV10I-80-I"},{"r":"12","t":"15:50:07","h":"Nord","s":"25N-H56NV20I-80-I"},{"r":"12","t":"15:50:07","h":"Nord","s":"25S-H56S000I-80-I"},{"r":"12","t":"15:50:07","h":"Nord","s":"25S-H56S100F-80-F1"},{"r":"12","t":"15:50:07","h":"Nord","s":"25S-H56S200F-81-F2"},{"r":"12","t":"15:51:07","h":"Nord","s":"25N-H56N000A-80-A"},{"r":"12","t":"15:51:07","h":"Nord","s":"25N-H56NV10A-80-A"},{"r":"12","t":"15:51:07","h":"Nord","s":"25N-H56NV20A-80-A"},{"r":"12","t":"15:51:07","h":"Nord","s":"25S-H56S000A-80-A"},{"r":"168","t":"16:00:07","h":"Nord","s":"25N-H59N000A-80-A"},{"r":"168","t":"16:00:07","h":"Nord","s":"25N-H59N000I-80-I"},{"r":"168","t":"16:00:07","h":"Nord","s":"25N-H59N100F-80-F1"},{"r":"168","t":"16:00:07","h":"Nord","s":"25N-H59N200F-81-F2"},{"r":"168","t":"16:00:07","h":"Nord","s":"25N-H59N300F-80-F3"},{"r":"168","t":"16:00:07","h":"Nord","s":"25N-H59N400F-80-F4"},{"r":"168","t":"16:00:07","h":"Nord","s":"25N-H59NV10A-80-A"},{"r":"168","t":"16:00:07","h":"Nord","s":"25N-H59NV10I-80-I"},{"r":"168","t":"16:00:07","h":"Nord","s":"25N-H59NV20I-80-I"},{"r":"168","t":"16:00:07","h":"Nord","s":"25N-H59VN20A-80-A"},{"r":"168","t":"16:00:07","h":"Nord","s":"25S-H59S000A-81-A"},{"r":"168","t":"16:00:07","h":"Nord","s":"25S-H59S000I-81-I"},{"r":"168","t":"16:00:07","h":"Nord","s":"25S-H59S100F-81-F1"},{"r":"168","t":"16:00:07","h":"Nord","s":"25S-H59S200F-81-F2"},{"r":"12","t":"16:12:07","h":"Nord","s":"25N-H56N000S-80-S"},{"r":"12","t":"16:12:07","h":"Nord","s":"25N-H56NV10S-80-S"},{"r":"12","t":"16:12:07","h":"Nord","s":"25N-H56NV20S-80-S"},{"r":"12","t":"16:12:07","h":"Nord","s":"25S-H56S000S-80-S"},{"r":"12","t":"16:14:07","h":"Nord","s":"25N-H56N000I-80-I"},{"r":"12","t":"16:14:07","h":"Nord","s":"25N-H56N100F-80-F1"},{"r":"12","t":"16:14:07","h":"Nord","s":"25N-H56N200F-80-F2"},{"r":"12","t":"16:14:07","h":"Nord","s":"25N-H56N300F-80-F3"},{"r":"12","t":"16:14:07","h":"Nord","s":"25N-H56N400F-80-F4"},{"r":"12","t":"16:14:07","h":"Nord","s":"25N-H56NV10I-80-I"},{"r":"12","t":"16:14:07","h":"Nord","s":"25N-H56NV20I-80-I"},{"r":"12","t":"16:14:07","h":"Nord","s":"25S-H56S000I-80-I"},{"r":"12","t":"16:14:07","h":"Nord","s":"25S-H56S100F-80-F1"},{"r":"12","t":"16:14:07","h":"Nord","s":"25S-H56S200F-81-F2"},{"r":"12","t":"16:15:07","h":"Nord","s":"25N-H56N000A-80-A"},{"r":"12","t":"16:15:07","h":"Nord","s":"25N-H56NV10A-80-A"},{"r":"12","t":"16:15:07","h":"Nord","s":"25N-H56NV20A-80-A"},{"r":"12","t":"16:15:07","h":"Nord","s":"25S-H56S000A-80-A"},{"r":"168","t":"16:17:07","h":"Nord","s":"25N-H59N000S-80-S"},{"r":"168","t":"16:17:07","h":"Nord","s":"25N-H59NV10S-84-S"},{"r":"168","t":"16:17:07","h":"Nord","s":"25N-H59NV20S-80-S"},{"r":"168","t":"16:17:07","h":"Nord","s":"25S-H59S000S-81-S"},{"r":"168","t":"16:29:07","h":"Nord","s":"25N-H59N000A-80-A"},{"r":"168","t":"16:29:07","h":"Nord","s":"25N-H59N000I-80-I"},{"r":"168","t":"16:29:07","h":"Nord","s":"25N-H59N100F-80-F1"},{"r":"168","t":"16:29:07","h":"Nord","s":"25N-H59N200F-81-F2"},{"r":"168","t":"16:29:07","h":"Nord","s":"25N-H59N300F-80-F3"},{"r":"168","t":"16:29:07","h":"Nord","s":"25N-H59N400F-80-F4"},{"r":"168","t":"16:29:07","h":"Nord","s":"25N-H59NV10A-80-A"},{"r":"168","t":"16:29:07","h":"Nord","s":"25N-H59NV10I-80-I"},{"r":"168","t":"16:29:07","h":"Nord","s":"25N-H59NV20I-80-I"},{"r":"168","t":"16:29:07","h":"Nord","s":"25N-H59VN20A-80-A"},{"r":"168","t":"16:29:07","h":"Nord","s":"25S-H59S000A-81-A"},{"r":"168","t":"16:29:07","h":"Nord","s":"25S-H59S000I-81-I"},{"r":"168","t":"16:29:07","h":"Nord","s":"25S-H59S100F-81-F1"},{"r":"168","t":"16:29:07","h":"Nord","s":"25S-H59S200F-81-F2"},{"r":"12","t":"16:38:07","h":"Nord","s":"25N-H56N000I-80-I"},{"r":"12","t":"16:38:07","h":"Nord","s":"25N-H56N100F-80-F1"},{"r":"12","t":"16:38:07","h":"Nord","s":"25N-H56N200F-80-F2"},{"r":"12","t":"16:38:07","h":"Nord","s":"25N-H56N300F-80-F3"},{"r":"12","t":"16:38:07","h":"Nord","s":"25N-H56N400F-80-F4"},{"r":"12","t":"16:38:07","h":"Nord","s":"25N-H56NV10I-80-I"},{"r":"12","t":"16:38:07","h":"Nord","s":"25N-H56NV20I-80-I"},{"r":"12","t":"16:38:07","h":"Nord","s":"25S-H56S000I-80-I"},{"r":"12","t":"16:38:07","h":"Nord","s":"25S-H56S100F-80-F1"},{"r":"12","t":"16:38:07","h":"Nord","s":"25S-H56S200F-81-F2"},{"r":"12","t":"16:39:07","h":"Nord","s":"25N-H56N000A-80-A"},{"r":"12","t":"16:39:07","h":"Nord","s":"25N-H56NV10A-80-A"},{"r":"12","t":"16:39:07","h":"Nord","s":"25N-H56NV20A-80-A"},{"r":"12","t":"16:39:07","h":"Nord","s":"25S-H56S000A-80-A"},{"r":"12","t":"16:42:07","h":"Nord","s":"25N-H56N000S-80-S"},{"r":"12","t":"16:42:07","h":"Nord","s":"25N-H56NV10S-80-S"},{"r":"12","t":"16:42:07","h":"Nord","s":"25N-H56NV20S-80-S"},{"r":"12","t":"16:42:07","h":"Nord","s":"25S-H56S000S-80-S"},{"r":"168","t":"16:50:07","h":"Nord","s":"25N-H59N000S-80-S"},{"r":"168","t":"16:50:07","h":"Nord","s":"25N-H59NV10S-84-S"},{"r":"168","t":"16:50:07","h":"Nord","s":"25N-H59NV20S-80-S"},{"r":"168","t":"16:50:07","h":"Nord","s":"25S-H59S000S-81-S"},{"r":"168","t":"16:59:07","h":"Nord","s":"25N-H59N000A-80-A"},{"r":"168","t":"16:59:07","h":"Nord","s":"25N-H59NV10A-80-A"},{"r":"168","t":"16:59:07","h":"Nord","s":"25N-H59VN20A-80-A"},{"r":"168","t":"16:59:07","h":"Nord","s":"25S-H59S000A-81-A"},{"r":"12","t":"17:00:07","h":"Nord","s":"25N-H56N000I-80-I"},{"r":"12","t":"17:00:07","h":"Nord","s":"25N-H56N100F-80-F1"},{"r":"12","t":"17:00:07","h":"Nord","s":"25N-H56N200F-80-F2"},{"r":"12","t":"17:00:07","h":"Nord","s":"25N-H56N300F-80-F3"},{"r":"12","t":"17:00:07","h":"Nord","s":"25N-H56N400F-80-F4"},{"r":"12","t":"17:00:07","h":"Nord","s":"25N-H56NV10I-80-I"},{"r":"12","t":"17:00:07","h":"Nord","s":"25N-H56NV20I-80-I"},{"r":"12","t":"17:00:07","h":"Nord","s":"25S-H56S000I-80-I"},{"r":"12","t":"17:00:07","h":"Nord","s":"25S-H56S100F-80-F1"},{"r":"12","t":"17:00:07","h":"Nord","s":"25S-H56S200F-81-F2"},{"r":"12","t":"17:01:07","h":"Nord","s":"25N-H56N000A-80-A"},{"r":"12","t":"17:01:07","h":"Nord","s":"25N-H56NV10A-80-A"},{"r":"12","t":"17:01:07","h":"Nord","s":"25N-H56NV20A-80-A"},{"r":"168","t":"17:01:07","h":"Nord","s":"25N-H59N000I-80-I"},{"r":"168","t":"17:01:07","h":"Nord","s":"25N-H59N100F-80-F1"},{"r":"168","t":"17:01:07","h":"Nord","s":"25N-H59N200F-81-F2"},{"r":"168","t":"17:01:07","h":"Nord","s":"25N-H59N300F-80-F3"},{"r":"168","t":"17:01:07","h":"Nord","s":"25N-H59N400F-80-F4"},{"r":"168","t":"17:01:07","h":"Nord","s":"25N-H59NV10I-80-I"},{"r":"168","t":"17:01:07","h":"Nord","s":"25N-H59NV20I-80-I"},{"r":"12","t":"17:01:07","h":"Nord","s":"25S-H56S000A-80-A"},{"r":"168","t":"17:01:07","h":"Nord","s":"25S-H59S000I-81-I"},{"r":"168","t":"17:01:07","h":"Nord","s":"25S-H59S100F-81-F1"},{"r":"168","t":"17:01:07","h":"Nord","s":"25S-H59S200F-81-F2"},{"r":"12","t":"17:12:07","h":"Nord","s":"25N-H56N000S-80-S"},{"r":"12","t":"17:12:07","h":"Nord","s":"25N-H56NV10S-80-S"},{"r":"12","t":"17:12:07","h":"Nord","s":"25N-H56NV20S-80-S"},{"r":"12","t":"17:12:07","h":"Nord","s":"25S-H56S000S-80-S"},{"r":"168","t":"17:21:07","h":"Nord","s":"25N-H59N000S-80-S"},{"r":"168","t":"17:21:07","h":"Nord","s":"25N-H59NV10S-84-S"},{"r":"168","t":"17:21:07","h":"Nord","s":"25N-H59NV20S-80-S"},{"r":"168","t":"17:21:07","h":"Nord","s":"25S-H59S000S-81-S"},{"r":"12","t":"17:24:07","h":"Nord","s":"25N-H56N000I-80-I"},{"r":"12","t":"17:24:07","h":"Nord","s":"25N-H56N100F-80-F1"},{"r":"12","t":"17:24:07","h":"Nord","s":"25N-H56N200F-80-F2"},{"r":"12","t":"17:24:07","h":"Nord","s":"25N-H56N300F-80-F3"},{"r":"12","t":"17:24:07","h":"Nord","s":"25N-H56N400F-80-F4"},{"r":"12","t":"17:24:07","h":"Nord","s":"25N-H56NV10I-80-I"},{"r":"12","t":"17:24:07","h":"Nord","s":"25N-H56NV20I-80-I"},{"r":"12","t":"17:24:07","h":"Nord","s":"25S-H56S000I-80-I"},{"r":"12","t":"17:24:07","h":"Nord","s":"25S-H56S100F-80-F1"},{"r":"12","t":"17:24:07","h":"Nord","s":"25S-H56S200F-81-F2"},{"r":"12","t":"17:25:07","h":"Nord","s":"25N-H56N000A-80-A"},{"r":"12","t":"17:25:07","h":"Nord","s":"25N-H56NV10A-80-A"},{"r":"12","t":"17:25:07","h":"Nord","s":"25N-H56NV20A-80-A"},{"r":"12","t":"17:25:07","h":"Nord","s":"25S-H56S000A-80-A"},{"r":"168","t":"17:31:07","h":"Nord","s":"25N-H59N000A-80-A"},{"r":"168","t":"17:31:07","h":"Nord","s":"25N-H59NV10A-80-A"},{"r":"168","t":"17:31:07","h":"Nord","s":"25N-H59VN20A-80-A"},{"r":"168","t":"17:31:07","h":"Nord","s":"25S-H59S000A-81-A"},{"r":"168","t":"17:32:07","h":"Nord","s":"25N-H59N000I-80-I"},{"r":"168","t":"17:32:07","h":"Nord","s":"25N-H59N100F-80-F1"},{"r":"168","t":"17:32:07","h":"Nord","s":"25N-H59N200F-81-F2"},{"r":"168","t":"17:32:07","h":"Nord","s":"25N-H59N300F-80-F3"},{"r":"168","t":"17:32:07","h":"Nord","s":"25N-H59N400F-80-F4"},{"r":"168","t":"17:32:07","h":"Nord","s":"25N-H59NV10I-80-I"},{"r":"168","t":"17:32:07","h":"Nord","s":"25N-H59NV20I-80-I"},{"r":"168","t":"17:32:07","h":"Nord","s":"25S-H59S000I-81-I"},{"r":"168","t":"17:32:07","h":"Nord","s":"25S-H59S100F-81-F1"},{"r":"168","t":"17:32:07","h":"Nord","s":"25S-H59S200F-81-F2"},{"r":"12","t":"17:42:07","h":"Nord","s":"25N-H56N000S-80-S"},{"r":"12","t":"17:42:07","h":"Nord","s":"25N-H56NV10S-80-S"},{"r":"12","t":"17:42:07","h":"Nord","s":"25N-H56NV20S-80-S"},{"r":"12","t":"17:42:07","h":"Nord","s":"25S-H56S000S-80-S"},{"r":"12","t":"17:48:07","h":"Nord","s":"25N-H56N000I-80-I"},{"r":"12","t":"17:48:07","h":"Nord","s":"25N-H56N100F-80-F1"},{"r":"12","t":"17:48:07","h":"Nord","s":"25N-H56N200F-80-F2"},{"r":"12","t":"17:48:07","h":"Nord","s":"25N-H56N300F-80-F3"},{"r":"12","t":"17:48:07","h":"Nord","s":"25N-H56N400F-80-F4"},{"r":"12","t":"17:48:07","h":"Nord","s":"25N-H56NV10I-80-I"},{"r":"12","t":"17:48:07","h":"Nord","s":"25N-H56NV20I-80-I"},{"r":"12","t":"17:48:07","h":"Nord","s":"25S-H56S000I-80-I"},{"r":"12","t":"17:48:07","h":"Nord","s":"25S-H56S100F-80-F1"},{"r":"12","t":"17:48:07","h":"Nord","s":"25S-H56S200F-81-F2"},{"r":"12","t":"17:49:07","h":"Nord","s":"25N-H56N000A-80-A"},{"r":"12","t":"17:49:07","h":"Nord","s":"25N-H56NV10A-80-A"},{"r":"12","t":"17:49:07","h":"Nord","s":"25N-H56NV20A-80-A"},{"r":"12","t":"17:49:07","h":"Nord","s":"25S-H56S000A-80-A"},{"r":"168","t":"17:51:07","h":"Nord","s":"25N-H59N000S-80-S"},{"r":"168","t":"17:51:07","h":"Nord","s":"25N-H59NV10S-84-S"},{"r":"168","t":"17:51:07","h":"Nord","s":"25N-H59NV20S-80-S"},{"r":"168","t":"17:51:07","h":"Nord","s":"25S-H59S000S-81-S"},{"r":"168","t":"18:01:07","h":"Nord","s":"25N-H59N000A-80-A"},{"r":"168","t":"18:01:07","h":"Nord","s":"25N-H59N000I-80-I"},{"r":"168","t":"18:01:07","h":"Nord","s":"25N-H59N100F-80-F1"},{"r":"168","t":"18:01:07","h":"Nord","s":"25N-H59N200F-81-F2"},{"r":"168","t":"18:01:07","h":"Nord","s":"25N-H59N300F-80-F3"},{"r":"168","t":"18:01:07","h":"Nord","s":"25N-H59N400F-80-F4"},{"r":"168","t":"18:01:07","h":"Nord","s":"25N-H59NV10A-80-A"},{"r":"168","t":"18:01:07","h":"Nord","s":"25N-H59NV10I-80-I"},{"r":"168","t":"18:01:07","h":"Nord","s":"25N-H59NV20I-80-I"},{"r":"168","t":"18:01:07","h":"Nord","s":"25N-H59VN20A-80-A"},{"r":"168","t":"18:01:07","h":"Nord","s":"25S-H59S000A-81-A"},{"r":"168","t":"18:01:07","h":"Nord","s":"25S-H59S000I-81-I"},{"r":"168","t":"18:01:07","h":"Nord","s":"25S-H59S100F-81-F1"},{"r":"168","t":"18:01:07","h":"Nord","s":"25S-H59S200F-81-F2"},{"r":"12","t":"18:09:07","h":"Nord","s":"25N-H56N000S-80-S"},{"r":"12","t":"18:09:07","h":"Nord","s":"25N-H56NV10S-80-S"},{"r":"12","t":"18:09:07","h":"Nord","s":"25N-H56NV20S-80-S"},{"r":"12","t":"18:09:07","h":"Nord","s":"25S-H56S000S-80-S"},{"r":"12","t":"18:11:07","h":"Nord","s":"25N-H56N000I-80-I"},{"r":"12","t":"18:11:07","h":"Nord","s":"25N-H56N100F-80-F1"},{"r":"12","t":"18:11:07","h":"Nord","s":"25N-H56N200F-80-F2"},{"r":"12","t":"18:11:07","h":"Nord","s":"25N-H56N300F-80-F3"},{"r":"12","t":"18:11:07","h":"Nord","s":"25N-H56N400F-80-F4"},{"r":"12","t":"18:11:07","h":"Nord","s":"25N-H56NV10I-80-I"},{"r":"12","t":"18:11:07","h":"Nord","s":"25N-H56NV20I-80-I"},{"r":"12","t":"18:11:07","h":"Nord","s":"25S-H56S000I-80-I"},{"r":"12","t":"18:11:07","h":"Nord","s":"25S-H56S100F-80-F1"},{"r":"12","t":"18:11:07","h":"Nord","s":"25S-H56S200F-81-F2"},{"r":"12","t":"18:12:07","h":"Nord","s":"25N-H56N000A-80-A"},{"r":"12","t":"18:12:07","h":"Nord","s":"25N-H56NV10A-80-A"},{"r":"12","t":"18:12:07","h":"Nord","s":"25N-H56NV20A-80-A"},{"r":"12","t":"18:12:07","h":"Nord","s":"25S-H56S000A-80-A"},{"r":"168","t":"18:22:07","h":"Nord","s":"25N-H59N000S-80-S"},{"r":"168","t":"18:22:07","h":"Nord","s":"25N-H59NV10S-84-S"},{"r":"168","t":"18:22:07","h":"Nord","s":"25N-H59NV20S-80-S"},{"r":"168","t":"18:22:07","h":"Nord","s":"25S-H59S000S-81-S"},{"r":"168","t":"18:29:07","h":"Nord","s":"25N-H59N000A-80-A"},{"r":"168","t":"18:29:07","h":"Nord","s":"25N-H59NV10A-80-A"},{"r":"168","t":"18:29:07","h":"Nord","s":"25N-H59VN20A-80-A"},{"r":"168","t":"18:29:07","h":"Nord","s":"25S-H59S000A-81-A"},{"r":"168","t":"18:31:07","h":"Nord","s":"25N-H59N000I-80-I"},{"r":"168","t":"18:31:07","h":"Nord","s":"25N-H59N100F-80-F1"},{"r":"168","t":"18:31:07","h":"Nord","s":"25N-H59N200F-81-F2"},{"r":"168","t":"18:31:07","h":"Nord","s":"25N-H59N300F-80-F3"},{"r":"168","t":"18:31:07","h":"Nord","s":"25N-H59N400F-80-F4"},{"r":"168","t":"18:31:07","h":"Nord","s":"25N-H59NV10I-80-I"},{"r":"168","t":"18:31:07","h":"Nord","s":"25N-H59NV20I-80-I"},{"r":"168","t":"18:31:07","h":"Nord","s":"25S-H59S000I-81-I"},{"r":"168","t":"18:31:07","h":"Nord","s":"25S-H59S100F-81-F1"},{"r":"168","t":"18:31:07","h":"Nord","s":"25S-H59S200F-81-F2"},{"r":"12","t":"18:34:07","h":"Nord","s":"25N-H56N000I-80-I"},{"r":"12","t":"18:34:07","h":"Nord","s":"25N-H56N100F-80-F1"},{"r":"12","t":"18:34:07","h":"Nord","s":"25N-H56N200F-80-F2"},{"r":"12","t":"18:34:07","h":"Nord","s":"25N-H56N300F-80-F3"},{"r":"12","t":"18:34:07","h":"Nord","s":"25N-H56N400F-80-F4"},{"r":"12","t":"18:34:07","h":"Nord","s":"25N-H56NV10I-80-I"},{"r":"12","t":"18:34:07","h":"Nord","s":"25N-H56NV20I-80-I"},{"r":"12","t":"18:34:07","h":"Nord","s":"25S-H56S000I-80-I"},{"r":"12","t":"18:34:07","h":"Nord","s":"25S-H56S100F-80-F1"},{"r":"12","t":"18:34:07","h":"Nord","s":"25S-H56S200F-81-F2"},{"r":"12","t":"18:35:07","h":"Nord","s":"25N-H56N000A-80-A"},{"r":"12","t":"18:35:07","h":"Nord","s":"25N-H56N000S-80-S"},{"r":"12","t":"18:35:07","h":"Nord","s":"25N-H56NV10A-80-A"},{"r":"12","t":"18:35:07","h":"Nord","s":"25N-H56NV10S-80-S"},{"r":"12","t":"18:35:07","h":"Nord","s":"25N-H56NV20A-80-A"},{"r":"12","t":"18:35:07","h":"Nord","s":"25N-H56NV20S-80-S"},{"r":"12","t":"18:35:07","h":"Nord","s":"25S-H56S000A-80-A"},{"r":"12","t":"18:35:07","h":"Nord","s":"25S-H56S000S-80-S"},{"r":"168","t":"18:53:07","h":"Nord","s":"25N-H59N000S-80-S"},{"r":"168","t":"18:53:07","h":"Nord","s":"25N-H59NV10S-84-S"},{"r":"168","t":"18:53:07","h":"Nord","s":"25N-H59NV20S-80-S"},{"r":"168","t":"18:53:07","h":"Nord","s":"25S-H59S000S-81-S"},{"r":"12","t":"18:56:07","h":"Nord","s":"25N-H56N000A-80-A"},{"r":"12","t":"18:56:07","h":"Nord","s":"25N-H56N000I-80-I"},{"r":"12","t":"18:56:07","h":"Nord","s":"25N-H56N100F-80-F1"},{"r":"12","t":"18:56:07","h":"Nord","s":"25N-H56N200F-80-F2"},{"r":"12","t":"18:56:07","h":"Nord","s":"25N-H56N300F-80-F3"},{"r":"12","t":"18:56:07","h":"Nord","s":"25N-H56N400F-80-F4"},{"r":"12","t":"18:56:07","h":"Nord","s":"25N-H56NV10A-80-A"},{"r":"12","t":"18:56:07","h":"Nord","s":"25N-H56NV10I-80-I"},{"r":"12","t":"18:56:07","h":"Nord","s":"25N-H56NV20A-80-A"},{"r":"12","t":"18:56:07","h":"Nord","s":"25N-H56NV20I-80-I"},{"r":"12","t":"18:56:07","h":"Nord","s":"25S-H56S000A-80-A"},{"r":"12","t":"18:56:07","h":"Nord","s":"25S-H56S000I-80-I"},{"r":"12","t":"18:56:07","h":"Nord","s":"25S-H56S100F-80-F1"},{"r":"12","t":"18:56:07","h":"Nord","s":"25S-H56S200F-81-F2"},{"r":"168","t":"18:57:07","h":"Nord","s":"25N-H59N000A-80-A"},{"r":"168","t":"18:57:07","h":"Nord","s":"25N-H59NV10A-80-A"},{"r":"168","t":"18:57:07","h":"Nord","s":"25N-H59VN20A-80-A"},{"r":"168","t":"18:57:07","h":"Nord","s":"25S-H59S000A-81-A"},{"r":"168","t":"18:58:07","h":"Nord","s":"25N-H59N000I-80-I"},{"r":"168","t":"18:58:07","h":"Nord","s":"25N-H59N100F-80-F1"},{"r":"168","t":"18:58:07","h":"Nord","s":"25N-H59N200F-81-F2"},{"r":"168","t":"18:58:07","h":"Nord","s":"25N-H59N300F-80-F3"},{"r":"168","t":"18:58:07","h":"Nord","s":"25N-H59N400F-80-F4"},{"r":"168","t":"18:58:07","h":"Nord","s":"25N-H59NV10I-80-I"},{"r":"168","t":"18:58:07","h":"Nord","s":"25N-H59NV20I-80-I"},{"r":"168","t":"18:58:07","h":"Nord","s":"25S-H59S000I-81-I"},{"r":"168","t":"18:58:07","h":"Nord","s":"25S-H59S100F-81-F1"},{"r":"168","t":"18:58:07","h":"Nord","s":"25S-H59S200F-81-F2"},{"r":"12","t":"19:00:07","h":"Nord","s":"25N-H56N000S-80-S"},{"r":"12","t":"19:00:07","h":"Nord","s":"25N-H56NV10S-80-S"},{"r":"12","t":"19:00:07","h":"Nord","s":"25N-H56NV20S-80-S"},{"r":"12","t":"19:00:07","h":"Nord","s":"25S-H56S000S-80-S"},{"r":"12","t":"19:19:07","h":"Nord","s":"25N-H56N000A-80-A"},{"r":"12","t":"19:19:07","h":"Nord","s":"25N-H56N000I-80-I"},{"r":"12","t":"19:19:07","h":"Nord","s":"25N-H56N100F-80-F1"},{"r":"12","t":"19:19:07","h":"Nord","s":"25N-H56N200F-80-F2"},{"r":"12","t":"19:19:07","h":"Nord","s":"25N-H56N300F-80-F3"},{"r":"12","t":"19:19:07","h":"Nord","s":"25N-H56N400F-80-F4"},{"r":"12","t":"19:19:07","h":"Nord","s":"25N-H56NV10A-80-A"},{"r":"12","t":"19:19:07","h":"Nord","s":"25N-H56NV10I-80-I"},{"r":"12","t":"19:19:07","h":"Nord","s":"25N-H56NV20A-80-A"},{"r":"12","t":"19:19:07","h":"Nord","s":"25N-H56NV20I-80-I"},{"r":"12","t":"19:19:07","h":"Nord","s":"25S-H56S000A-80-A"},{"r":"12","t":"19:19:07","h":"Nord","s":"25S-H56S000I-80-I"},{"r":"12","t":"19:19:07","h":"Nord","s":"25S-H56S100F-80-F1"},{"r":"12","t":"19:19:07","h":"Nord","s":"25S-H56S200F-81-F2"},{"r":"168","t":"19:24:07","h":"Nord","s":"25N-H59N000S-80-S"},{"r":"168","t":"19:24:07","h":"Nord","s":"25N-H59NV10S-84-S"},{"r":"168","t":"19:24:07","h":"Nord","s":"25N-H59NV20S-80-S"},{"r":"168","t":"19:24:07","h":"Nord","s":"25S-H59S000S-81-S"},{"r":"12","t":"19:26:07","h":"Nord","s":"25N-H56N000S-80-S"},{"r":"12","t":"19:26:07","h":"Nord","s":"25N-H56NV10S-80-S"},{"r":"12","t":"19:26:07","h":"Nord","s":"25N-H56NV20S-80-S"},{"r":"12","t":"19:26:07","h":"Nord","s":"25S-H56S000S-80-S"},{"r":"168","t":"19:29:07","h":"Nord","s":"25N-H59N000A-80-A"},{"r":"168","t":"19:29:07","h":"Nord","s":"25N-H59NV10A-80-A"},{"r":"168","t":"19:29:07","h":"Nord","s":"25N-H59VN20A-80-A"},{"r":"168","t":"19:29:07","h":"Nord","s":"25S-H59S000A-81-A"},{"r":"168","t":"19:30:07","h":"Nord","s":"25N-H59N000I-80-I"},{"r":"168","t":"19:30:07","h":"Nord","s":"25N-H59N100F-80-F1"},{"r":"168","t":"19:30:07","h":"Nord","s":"25N-H59N200F-81-F2"},{"r":"168","t":"19:30:07","h":"Nord","s":"25N-H59N300F-80-F3"},{"r":"168","t":"19:30:07","h":"Nord","s":"25N-H59N400F-80-F4"},{"r":"168","t":"19:30:07","h":"Nord","s":"25N-H59NV10I-80-I"},{"r":"168","t":"19:30:07","h":"Nord","s":"25N-H59NV20I-80-I"},{"r":"168","t":"19:30:07","h":"Nord","s":"25S-H59S000I-81-I"},{"r":"168","t":"19:30:07","h":"Nord","s":"25S-H59S100F-81-F1"},{"r":"168","t":"19:30:07","h":"Nord","s":"25S-H59S200F-81-F2"},{"r":"12","t":"19:41:07","h":"Nord","s":"25N-H56N000I-80-I"},{"r":"12","t":"19:41:07","h":"Nord","s":"25N-H56N100F-80-F1"},{"r":"12","t":"19:41:07","h":"Nord","s":"25N-H56N200F-80-F2"},{"r":"12","t":"19:41:07","h":"Nord","s":"25N-H56N300F-80-F3"},{"r":"12","t":"19:41:07","h":"Nord","s":"25N-H56N400F-80-F4"},{"r":"12","t":"19:41:07","h":"Nord","s":"25N-H56NV10I-80-I"},{"r":"12","t":"19:41:07","h":"Nord","s":"25N-H56NV20I-80-I"},{"r":"12","t":"19:41:07","h":"Nord","s":"25S-H56S000I-80-I"},{"r":"12","t":"19:41:07","h":"Nord","s":"25S-H56S100F-80-F1"},{"r":"12","t":"19:41:07","h":"Nord","s":"25S-H56S200F-81-F2"},{"r":"12","t":"19:42:07","h":"Nord","s":"25N-H56N000A-80-A"},{"r":"12","t":"19:42:07","h":"Nord","s":"25N-H56NV10A-80-A"},{"r":"12","t":"19:42:07","h":"Nord","s":"25N-H56NV20A-80-A"},{"r":"12","t":"19:42:07","h":"Nord","s":"25S-H56S000A-80-A"},{"r":"12","t":"19:52:07","h":"Nord","s":"25N-H56N000S-80-S"},{"r":"12","t":"19:52:07","h":"Nord","s":"25N-H56NV10S-80-S"},{"r":"12","t":"19:52:07","h":"Nord","s":"25N-H56NV20S-80-S"},{"r":"12","t":"19:52:07","h":"Nord","s":"25S-H56S000S-80-S"},{"r":"168","t":"19:54:07","h":"Nord","s":"25N-H59N000S-80-S"},{"r":"168","t":"19:54:07","h":"Nord","s":"25N-H59NV10S-84-S"},{"r":"168","t":"19:54:07","h":"Nord","s":"25N-H59NV20S-80-S"},{"r":"168","t":"19:54:07","h":"Nord","s":"25S-H59S000S-81-S"},{"r":"168","t":"20:00:07","h":"Nord","s":"25N-H59N000A-80-A"},{"r":"168","t":"20:00:07","h":"Nord","s":"25N-H59N000I-80-I"},{"r":"168","t":"20:00:07","h":"Nord","s":"25N-H59N100F-80-F1"},{"r":"168","t":"20:00:07","h":"Nord","s":"25N-H59N200F-81-F2"},{"r":"168","t":"20:00:07","h":"Nord","s":"25N-H59N300F-80-F3"},{"r":"168","t":"20:00:07","h":"Nord","s":"25N-H59N400F-80-F4"},{"r":"168","t":"20:00:07","h":"Nord","s":"25N-H59NV10A-80-A"},{"r":"168","t":"20:00:07","h":"Nord","s":"25N-H59NV10I-80-I"},{"r":"168","t":"20:00:07","h":"Nord","s":"25N-H59NV20I-80-I"},{"r":"168","t":"20:00:07","h":"Nord","s":"25N-H59VN20A-80-A"},{"r":"168","t":"20:00:07","h":"Nord","s":"25S-H59S000A-81-A"},{"r":"168","t":"20:00:07","h":"Nord","s":"25S-H59S000I-81-I"},{"r":"168","t":"20:00:07","h":"Nord","s":"25S-H59S100F-81-F1"},{"r":"168","t":"20:00:07","h":"Nord","s":"25S-H59S200F-81-F2"},{"r":"12","t":"20:02:07","h":"Nord","s":"25N-H56N000A-80-A"},{"r":"12","t":"20:02:07","h":"Nord","s":"25N-H56N000I-80-I"},{"r":"12","t":"20:02:07","h":"Nord","s":"25N-H56N100F-80-F1"},{"r":"12","t":"20:02:07","h":"Nord","s":"25N-H56N200F-80-F2"},{"r":"12","t":"20:02:07","h":"Nord","s":"25N-H56N300F-80-F3"},{"r":"12","t":"20:02:07","h":"Nord","s":"25N-H56N400F-80-F4"},{"r":"12","t":"20:02:07","h":"Nord","s":"25N-H56NV10A-80-A"},{"r":"12","t":"20:02:07","h":"Nord","s":"25N-H56NV10I-80-I"},{"r":"12","t":"20:02:07","h":"Nord","s":"25N-H56NV20A-80-A"},{"r":"12","t":"20:02:07","h":"Nord","s":"25N-H56NV20I-80-I"},{"r":"12","t":"20:02:07","h":"Nord","s":"25S-H56S000A-80-A"},{"r":"12","t":"20:02:07","h":"Nord","s":"25S-H56S000I-80-I"},{"r":"12","t":"20:02:07","h":"Nord","s":"25S-H56S100F-80-F1"},{"r":"12","t":"20:02:07","h":"Nord","s":"25S-H56S200F-81-F2"},{"r":"12","t":"20:19:07","h":"Nord","s":"25N-H56N000S-80-S"},{"r":"12","t":"20:19:07","h":"Nord","s":"25N-H56NV10S-80-S"},{"r":"12","t":"20:19:07","h":"Nord","s":"25N-H56NV20S-80-S"},{"r":"12","t":"20:19:07","h":"Nord","s":"25S-H56S000S-80-S"},{"r":"12","t":"20:24:07","h":"Nord","s":"25N-H56N000A-80-A"},{"r":"12","t":"20:24:07","h":"Nord","s":"25N-H56N000I-80-I"},{"r":"12","t":"20:24:07","h":"Nord","s":"25N-H56N100F-80-F1"},{"r":"12","t":"20:24:07","h":"Nord","s":"25N-H56N200F-80-F2"},{"r":"12","t":"20:24:07","h":"Nord","s":"25N-H56N300F-80-F3"},{"r":"12","t":"20:24:07","h":"Nord","s":"25N-H56N400F-80-F4"},{"r":"12","t":"20:24:07","h":"Nord","s":"25N-H56NV10A-80-A"},{"r":"12","t":"20:24:07","h":"Nord","s":"25N-H56NV10I-80-I"},{"r":"12","t":"20:24:07","h":"Nord","s":"25N-H56NV20A-80-A"},{"r":"12","t":"20:24:07","h":"Nord","s":"25N-H56NV20I-80-I"},{"r":"12","t":"20:24:07","h":"Nord","s":"25S-H56S000A-80-A"},{"r":"12","t":"20:24:07","h":"Nord","s":"25S-H56S000I-80-I"},{"r":"12","t":"20:24:07","h":"Nord","s":"25S-H56S100F-80-F1"},{"r":"12","t":"20:24:07","h":"Nord","s":"25S-H56S200F-81-F2"},{"r":"168","t":"20:25:07","h":"Nord","s":"25N-H59N000S-80-S"},{"r":"168","t":"20:25:07","h":"Nord","s":"25N-H59NV10S-84-S"},{"r":"168","t":"20:25:07","h":"Nord","s":"25N-H59NV20S-80-S"},{"r":"168","t":"20:25:07","h":"Nord","s":"25S-H59S000S-81-S"},{"r":"168","t":"20:30:07","h":"Nord","s":"25N-H59N000I-80-I"},{"r":"168","t":"20:30:07","h":"Nord","s":"25N-H59N100F-80-F1"},{"r":"168","t":"20:30:07","h":"Nord","s":"25N-H59N200F-81-F2"},{"r":"168","t":"20:30:07","h":"Nord","s":"25N-H59N300F-80-F3"},{"r":"168","t":"20:30:07","h":"Nord","s":"25N-H59N400F-80-F4"},{"r":"168","t":"20:30:07","h":"Nord","s":"25N-H59NV10I-80-I"},{"r":"168","t":"20:30:07","h":"Nord","s":"25N-H59NV20I-80-I"},{"r":"168","t":"20:30:07","h":"Nord","s":"25S-H59S000I-81-I"},{"r":"168","t":"20:30:07","h":"Nord","s":"25S-H59S100F-81-F1"},{"r":"168","t":"20:30:07","h":"Nord","s":"25S-H59S200F-81-F2"},{"r":"168","t":"20:31:07","h":"Nord","s":"25N-H59N000A-80-A"},{"r":"168","t":"20:31:07","h":"Nord","s":"25N-H59NV10A-80-A"},{"r":"168","t":"20:31:07","h":"Nord","s":"25N-H59VN20A-80-A"},{"r":"168","t":"20:31:07","h":"Nord","s":"25S-H59S000A-81-A"},{"r":"12","t":"20:46:07","h":"Nord","s":"25N-H56N000A-80-A"},{"r":"12","t":"20:46:07","h":"Nord","s":"25N-H56N000I-80-I"},{"r":"12","t":"20:46:07","h":"Nord","s":"25N-H56N000S-80-S"},{"r":"12","t":"20:46:07","h":"Nord","s":"25N-H56N100F-80-F1"},{"r":"12","t":"20:46:07","h":"Nord","s":"25N-H56N200F-80-F2"},{"r":"12","t":"20:46:07","h":"Nord","s":"25N-H56N300F-80-F3"},{"r":"12","t":"20:46:07","h":"Nord","s":"25N-H56N400F-80-F4"},{"r":"12","t":"20:46:07","h":"Nord","s":"25N-H56NV10A-80-A"},{"r":"12","t":"20:46:07","h":"Nord","s":"25N-H56NV10I-80-I"},{"r":"12","t":"20:46:07","h":"Nord","s":"25N-H56NV10S-80-S"},{"r":"12","t":"20:46:07","h":"Nord","s":"25N-H56NV20A-80-A"},{"r":"12","t":"20:46:07","h":"Nord","s":"25N-H56NV20I-80-I"},{"r":"12","t":"20:46:07","h":"Nord","s":"25N-H56NV20S-80-S"},{"r":"12","t":"20:46:07","h":"Nord","s":"25S-H56S000A-80-A"},{"r":"12","t":"20:46:07","h":"Nord","s":"25S-H56S000I-80-I"},{"r":"12","t":"20:46:07","h":"Nord","s":"25S-H56S000S-80-S"},{"r":"12","t":"20:46:07","h":"Nord","s":"25S-H56S100F-80-F1"},{"r":"12","t":"20:46:07","h":"Nord","s":"25S-H56S200F-81-F2"},{"r":"168","t":"20:55:07","h":"Nord","s":"25N-H59N000S-80-S"},{"r":"168","t":"20:55:07","h":"Nord","s":"25N-H59NV10S-84-S"},{"r":"168","t":"20:55:07","h":"Nord","s":"25N-H59NV20S-80-S"},{"r":"168","t":"20:55:07","h":"Nord","s":"25S-H59S000S-81-S"},{"r":"168","t":"21:00:07","h":"Nord","s":"25N-H59N000I-80-I"},{"r":"168","t":"21:00:07","h":"Nord","s":"25N-H59N100F-80-F1"},{"r":"168","t":"21:00:07","h":"Nord","s":"25N-H59N200F-81-F2"},{"r":"168","t":"21:00:07","h":"Nord","s":"25N-H59N300F-80-F3"},{"r":"168","t":"21:00:07","h":"Nord","s":"25N-H59N400F-80-F4"},{"r":"168","t":"21:00:07","h":"Nord","s":"25N-H59NV10I-80-I"},{"r":"168","t":"21:00:07","h":"Nord","s":"25N-H59NV20I-80-I"},{"r":"168","t":"21:00:07","h":"Nord","s":"25S-H59S000I-81-I"},{"r":"168","t":"21:00:07","h":"Nord","s":"25S-H59S100F-81-F1"},{"r":"168","t":"21:00:07","h":"Nord","s":"25S-H59S200F-81-F2"},{"r":"168","t":"21:01:07","h":"Nord","s":"25N-H59N000A-80-A"},{"r":"168","t":"21:01:07","h":"Nord","s":"25N-H59NV10A-80-A"},{"r":"168","t":"21:01:07","h":"Nord","s":"25N-H59VN20A-80-A"},{"r":"168","t":"21:01:07","h":"Nord","s":"25S-H59S000A-81-A"},{"r":"12","t":"21:06:44","h":"Nord","s":"25N-H56N000I-80-I"},{"r":"12","t":"21:06:44","h":"Nord","s":"25N-H56N100F-80-F1"},{"r":"12","t":"21:06:44","h":"Nord","s":"25N-H56N200F-80-F2"},{"r":"12","t":"21:06:44","h":"Nord","s":"25N-H56N300F-80-F3"},{"r":"12","t":"21:06:44","h":"Nord","s":"25N-H56N400F-80-F4"},{"r":"12","t":"21:06:44","h":"Nord","s":"25N-H56NV10I-80-I"},{"r":"12","t":"21:06:44","h":"Nord","s":"25N-H56NV20I-80-I"},{"r":"12","t":"21:06:44","h":"Nord","s":"25S-H56S000I-80-I"},{"r":"12","t":"21:06:44","h":"Nord","s":"25S-H56S100F-80-F1"},{"r":"12","t":"21:06:44","h":"Nord","s":"25S-H56S200F-81-F2"},{"r":"12","t":"21:07:07","h":"Nord","s":"25N-H56N000A-80-A"},{"r":"12","t":"21:07:07","h":"Nord","s":"25N-H56NV10A-80-A"},{"r":"12","t":"21:07:07","h":"Nord","s":"25N-H56NV20A-80-A"},{"r":"12","t":"21:07:07","h":"Nord","s":"25S-H56S000A-80-A"},{"r":"12","t":"21:14:07","h":"Nord","s":"25N-H56N000S-80-S"},{"r":"12","t":"21:14:07","h":"Nord","s":"25N-H56NV10S-80-S"},{"r":"12","t":"21:14:07","h":"Nord","s":"25N-H56NV20S-80-S"},{"r":"12","t":"21:14:07","h":"Nord","s":"25S-H56S000S-80-S"},{"r":"168","t":"21:24:07","h":"Nord","s":"25N-H59N000S-80-S"},{"r":"168","t":"21:24:07","h":"Nord","s":"25N-H59NV10S-84-S"},{"r":"168","t":"21:24:07","h":"Nord","s":"25N-H59NV20S-80-S"},{"r":"168","t":"21:24:07","h":"Nord","s":"25S-H59S000S-81-S"},{"r":"168","t":"21:27:07","h":"Nord","s":"25N-H59N000A-80-A"},{"r":"168","t":"21:27:07","h":"Nord","s":"25N-H59NV10A-80-A"},{"r":"168","t":"21:27:07","h":"Nord","s":"25N-H59VN20A-80-A"},{"r":"168","t":"21:27:07","h":"Nord","s":"25S-H59S000A-81-A"},{"r":"12","t":"21:27:44","h":"Nord","s":"25N-H56N000I-80-I"},{"r":"12","t":"21:27:44","h":"Nord","s":"25N-H56N100F-80-F1"},{"r":"12","t":"21:27:44","h":"Nord","s":"25N-H56N200F-80-F2"},{"r":"12","t":"21:27:44","h":"Nord","s":"25N-H56N300F-80-F3"},{"r":"12","t":"21:27:44","h":"Nord","s":"25N-H56N400F-80-F4"},{"r":"12","t":"21:27:44","h":"Nord","s":"25N-H56NV10I-80-I"},{"r":"12","t":"21:27:44","h":"Nord","s":"25N-H56NV20I-80-I"},{"r":"12","t":"21:27:44","h":"Nord","s":"25S-H56S000I-80-I"},{"r":"12","t":"21:27:44","h":"Nord","s":"25S-H56S100F-80-F1"},{"r":"12","t":"21:27:44","h":"Nord","s":"25S-H56S200F-81-F2"},{"r":"12","t":"21:28:07","h":"Nord","s":"25N-H56N000A-80-A"},{"r":"12","t":"21:28:07","h":"Nord","s":"25N-H56NV10A-80-A"},{"r":"12","t":"21:28:07","h":"Nord","s":"25N-H56NV20A-80-A"},{"r":"12","t":"21:28:07","h":"Nord","s":"25S-H56S000A-80-A"},{"r":"168","t":"21:30:07","h":"Nord","s":"25N-H59N000I-80-I"},{"r":"168","t":"21:30:07","h":"Nord","s":"25N-H59N100F-80-F1"},{"r":"168","t":"21:30:07","h":"Nord","s":"25N-H59N200F-81-F2"},{"r":"168","t":"21:30:07","h":"Nord","s":"25N-H59N300F-80-F3"},{"r":"168","t":"21:30:07","h":"Nord","s":"25N-H59N400F-80-F4"},{"r":"168","t":"21:30:07","h":"Nord","s":"25N-H59NV10I-80-I"},{"r":"168","t":"21:30:07","h":"Nord","s":"25N-H59NV20I-80-I"},{"r":"168","t":"21:30:07","h":"Nord","s":"25S-H59S000I-81-I"},{"r":"168","t":"21:30:07","h":"Nord","s":"25S-H59S100F-81-F1"},{"r":"168","t":"21:30:07","h":"Nord","s":"25S-H59S200F-81-F2"},{"r":"12","t":"21:42:44","h":"Nord","s":"25N-H56N000S-80-S"},{"r":"12","t":"21:42:44","h":"Nord","s":"25N-H56NV10S-80-S"},{"r":"12","t":"21:42:44","h":"Nord","s":"25N-H56NV20S-80-S"},{"r":"12","t":"21:42:44","h":"Nord","s":"25S-H56S000S-80-S"},{"r":"12","t":"21:50:44","h":"Nord","s":"25N-H56N000I-80-I"},{"r":"12","t":"21:50:44","h":"Nord","s":"25N-H56N100F-80-F1"},{"r":"12","t":"21:50:44","h":"Nord","s":"25N-H56N200F-80-F2"},{"r":"12","t":"21:50:44","h":"Nord","s":"25N-H56N300F-80-F3"},{"r":"12","t":"21:50:44","h":"Nord","s":"25N-H56N400F-80-F4"},{"r":"12","t":"21:50:44","h":"Nord","s":"25N-H56NV10I-80-I"},{"r":"12","t":"21:50:44","h":"Nord","s":"25N-H56NV20I-80-I"},{"r":"12","t":"21:50:44","h":"Nord","s":"25S-H56S000I-80-I"},{"r":"12","t":"21:50:44","h":"Nord","s":"25S-H56S100F-80-F1"},{"r":"12","t":"21:50:44","h":"Nord","s":"25S-H56S200F-81-F2"},{"r":"12","t":"21:51:07","h":"Nord","s":"25N-H56N000A-80-A"},{"r":"12","t":"21:51:07","h":"Nord","s":"25N-H56NV10A-80-A"},{"r":"12","t":"21:51:07","h":"Nord","s":"25N-H56NV20A-80-A"},{"r":"12","t":"21:51:07","h":"Nord","s":"25S-H56S000A-80-A"},{"r":"168","t":"21:53:07","h":"Nord","s":"25N-H59N000S-80-S"},{"r":"168","t":"21:53:07","h":"Nord","s":"25N-H59NV10S-84-S"},{"r":"168","t":"21:53:07","h":"Nord","s":"25N-H59NV20S-80-S"},{"r":"168","t":"21:53:07","h":"Nord","s":"25S-H59S000S-81-S"},{"r":"168","t":"21:58:07","h":"Nord","s":"25N-H59N000A-80-A"},{"r":"168","t":"21:58:07","h":"Nord","s":"25N-H59NV10A-80-A"},{"r":"168","t":"21:58:07","h":"Nord","s":"25N-H59VN20A-80-A"},{"r":"168","t":"21:58:07","h":"Nord","s":"25S-H59S000A-81-A"},{"r":"168","t":"21:59:07","h":"Nord","s":"25N-H59N000I-80-I"},{"r":"168","t":"21:59:07","h":"Nord","s":"25N-H59N100F-80-F1"},{"r":"168","t":"21:59:07","h":"Nord","s":"25N-H59N200F-81-F2"},{"r":"168","t":"21:59:07","h":"Nord","s":"25N-H59N300F-80-F3"},{"r":"168","t":"21:59:07","h":"Nord","s":"25N-H59N400F-80-F4"},{"r":"168","t":"21:59:07","h":"Nord","s":"25N-H59NV10I-80-I"},{"r":"168","t":"21:59:07","h":"Nord","s":"25N-H59NV20I-80-I"},{"r":"168","t":"21:59:07","h":"Nord","s":"25S-H59S000I-81-I"},{"r":"168","t":"21:59:07","h":"Nord","s":"25S-H59S100F-81-F1"},{"r":"168","t":"21:59:07","h":"Nord","s":"25S-H59S200F-81-F2"},{"r":"12","t":"22:10:44","h":"Nord","s":"25N-H56N000I-80-I"},{"r":"12","t":"22:10:44","h":"Nord","s":"25N-H56N000S-80-S"},{"r":"12","t":"22:10:44","h":"Nord","s":"25N-H56N100F-80-F1"},{"r":"12","t":"22:10:44","h":"Nord","s":"25N-H56N200F-80-F2"},{"r":"12","t":"22:10:44","h":"Nord","s":"25N-H56N300F-80-F3"},{"r":"12","t":"22:10:44","h":"Nord","s":"25N-H56N400F-80-F4"},{"r":"12","t":"22:10:44","h":"Nord","s":"25N-H56NV10I-80-I"},{"r":"12","t":"22:10:44","h":"Nord","s":"25N-H56NV10S-80-S"},{"r":"12","t":"22:10:44","h":"Nord","s":"25N-H56NV20I-80-I"},{"r":"12","t":"22:10:44","h":"Nord","s":"25N-H56NV20S-80-S"},{"r":"12","t":"22:10:44","h":"Nord","s":"25S-H56S000I-80-I"},{"r":"12","t":"22:10:44","h":"Nord","s":"25S-H56S000S-80-S"},{"r":"12","t":"22:10:44","h":"Nord","s":"25S-H56S100F-80-F1"},{"r":"12","t":"22:10:44","h":"Nord","s":"25S-H56S200F-81-F2"},{"r":"12","t":"22:11:07","h":"Nord","s":"25N-H56N000A-80-A"},{"r":"12","t":"22:11:07","h":"Nord","s":"25N-H56NV10A-80-A"},{"r":"12","t":"22:11:07","h":"Nord","s":"25N-H56NV20A-80-A"},{"r":"12","t":"22:11:07","h":"Nord","s":"25S-H56S000A-80-A"},{"r":"168","t":"22:24:07","h":"Nord","s":"25N-H59N000S-80-S"},{"r":"168","t":"22:24:07","h":"Nord","s":"25N-H59NV10S-84-S"},{"r":"168","t":"22:24:07","h":"Nord","s":"25N-H59NV20S-80-S"},{"r":"168","t":"22:24:07","h":"Nord","s":"25S-H59S000S-81-S"},{"r":"168","t":"22:29:07","h":"Nord","s":"25N-H59N000A-80-A"},{"r":"168","t":"22:29:07","h":"Nord","s":"25N-H59N000I-80-I"},{"r":"168","t":"22:29:07","h":"Nord","s":"25N-H59N100F-80-F1"},{"r":"168","t":"22:29:07","h":"Nord","s":"25N-H59N200F-81-F2"},{"r":"168","t":"22:29:07","h":"Nord","s":"25N-H59N300F-80-F3"},{"r":"168","t":"22:29:07","h":"Nord","s":"25N-H59N400F-80-F4"},{"r":"168","t":"22:29:07","h":"Nord","s":"25N-H59NV10A-80-A"},{"r":"168","t":"22:29:07","h":"Nord","s":"25N-H59NV10I-80-I"},{"r":"168","t":"22:29:07","h":"Nord","s":"25N-H59NV20I-80-I"},{"r":"168","t":"22:29:07","h":"Nord","s":"25N-H59VN20A-80-A"},{"r":"168","t":"22:29:07","h":"Nord","s":"25S-H59S000A-81-A"},{"r":"168","t":"22:29:07","h":"Nord","s":"25S-H59S000I-81-I"},{"r":"168","t":"22:29:07","h":"Nord","s":"25S-H59S100F-81-F1"},{"r":"168","t":"22:29:07","h":"Nord","s":"25S-H59S200F-81-F2"},{"r":"12","t":"22:30:44","h":"Nord","s":"25N-H56N000I-80-I"},{"r":"12","t":"22:30:44","h":"Nord","s":"25N-H56N100F-80-F1"},{"r":"12","t":"22:30:44","h":"Nord","s":"25N-H56N200F-80-F2"},{"r":"12","t":"22:30:44","h":"Nord","s":"25N-H56N300F-80-F3"},{"r":"12","t":"22:30:44","h":"Nord","s":"25N-H56N400F-80-F4"},{"r":"12","t":"22:30:44","h":"Nord","s":"25N-H56NV10I-80-I"},{"r":"12","t":"22:30:44","h":"Nord","s":"25N-H56NV20I-80-I"},{"r":"12","t":"22:30:44","h":"Nord","s":"25S-H56S000I-80-I"},{"r":"12","t":"22:30:44","h":"Nord","s":"25S-H56S100F-80-F1"},{"r":"12","t":"22:30:44","h":"Nord","s":"25S-H56S200F-81-F2"},{"r":"12","t":"22:31:07","h":"Nord","s":"25N-H56N000A-80-A"},{"r":"12","t":"22:31:07","h":"Nord","s":"25N-H56NV10A-80-A"},{"r":"12","t":"22:31:07","h":"Nord","s":"25N-H56NV20A-80-A"},{"r":"12","t":"22:31:07","h":"Nord","s":"25S-H56S000A-80-A"},{"r":"12","t":"22:37:44","h":"Nord","s":"25N-H56N000S-80-S"},{"r":"12","t":"22:37:44","h":"Nord","s":"25N-H56NV10S-80-S"},{"r":"12","t":"22:37:44","h":"Nord","s":"25N-H56NV20S-80-S"},{"r":"12","t":"22:37:44","h":"Nord","s":"25S-H56S000S-80-S"},{"r":"168","t":"22:56:07","h":"Nord","s":"25N-H59N000S-80-S"},{"r":"168","t":"22:56:07","h":"Nord","s":"25N-H59NV10S-84-S"},{"r":"168","t":"22:56:07","h":"Nord","s":"25N-H59NV20S-80-S"},{"r":"168","t":"22:56:07","h":"Nord","s":"25S-H59S000S-81-S"},{"r":"168","t":"23:00:07","h":"Nord","s":"25N-H59N000A-80-A"},{"r":"168","t":"23:00:07","h":"Nord","s":"25N-H59N000I-80-I"},{"r":"168","t":"23:00:07","h":"Nord","s":"25N-H59N100F-80-F1"},{"r":"168","t":"23:00:07","h":"Nord","s":"25N-H59N200F-81-F2"},{"r":"168","t":"23:00:07","h":"Nord","s":"25N-H59N300F-80-F3"},{"r":"168","t":"23:00:07","h":"Nord","s":"25N-H59N400F-80-F4"},{"r":"168","t":"23:00:07","h":"Nord","s":"25N-H59NV10A-80-A"},{"r":"168","t":"23:00:07","h":"Nord","s":"25N-H59NV10I-80-I"},{"r":"168","t":"23:00:07","h":"Nord","s":"25N-H59NV20I-80-I"},{"r":"168","t":"23:00:07","h":"Nord","s":"25N-H59VN20A-80-A"},{"r":"168","t":"23:00:07","h":"Nord","s":"25S-H59S000A-81-A"},{"r":"168","t":"23:00:07","h":"Nord","s":"25S-H59S000I-81-I"},{"r":"168","t":"23:00:07","h":"Nord","s":"25S-H59S100F-81-F1"},{"r":"168","t":"23:00:07","h":"Nord","s":"25S-H59S200F-81-F2"},{"r":"12","t":"23:01:44","h":"Nord","s":"25N-H56N000I-80-I"},{"r":"12","t":"23:01:44","h":"Nord","s":"25N-H56N100F-80-F1"},{"r":"12","t":"23:01:44","h":"Nord","s":"25N-H56N200F-80-F2"},{"r":"12","t":"23:01:44","h":"Nord","s":"25N-H56N300F-80-F3"},{"r":"12","t":"23:01:44","h":"Nord","s":"25N-H56N400F-80-F4"},{"r":"12","t":"23:01:44","h":"Nord","s":"25N-H56NV10I-80-I"},{"r":"12","t":"23:01:44","h":"Nord","s":"25N-H56NV20I-80-I"},{"r":"12","t":"23:01:44","h":"Nord","s":"25S-H56S000I-80-I"},{"r":"12","t":"23:01:44","h":"Nord","s":"25S-H56S100F-80-F1"},{"r":"12","t":"23:01:44","h":"Nord","s":"25S-H56S200F-81-F2"},{"r":"12","t":"23:02:07","h":"Nord","s":"25N-H56N000A-80-A"},{"r":"12","t":"23:02:07","h":"Nord","s":"25N-H56NV10A-80-A"},{"r":"12","t":"23:02:07","h":"Nord","s":"25N-H56NV20A-80-A"},{"r":"12","t":"23:02:07","h":"Nord","s":"25S-H56S000A-80-A"},{"r":"12","t":"23:04:44","h":"Nord","s":"25N-H56N000S-80-S"},{"r":"12","t":"23:04:44","h":"Nord","s":"25N-H56NV10S-80-S"},{"r":"12","t":"23:04:44","h":"Nord","s":"25N-H56NV20S-80-S"},{"r":"12","t":"23:04:44","h":"Nord","s":"25S-H56S000S-80-S"},{"r":"168","t":"23:29:07","h":"Nord","s":"25N-H59N000S-80-S"},{"r":"168","t":"23:29:07","h":"Nord","s":"25N-H59NV10S-84-S"},{"r":"168","t":"23:29:07","h":"Nord","s":"25N-H59NV20S-80-S"},{"r":"168","t":"23:29:07","h":"Nord","s":"25S-H59S000S-81-S"},{"r":"168","t":"23:31:07","h":"Nord","s":"25N-H59N000A-80-A"},{"r":"168","t":"23:31:07","h":"Nord","s":"25N-H59N000I-80-I"},{"r":"168","t":"23:31:07","h":"Nord","s":"25N-H59N100F-80-F1"},{"r":"168","t":"23:31:07","h":"Nord","s":"25N-H59N200F-81-F2"},{"r":"168","t":"23:31:07","h":"Nord","s":"25N-H59N300F-80-F3"},{"r":"168","t":"23:31:07","h":"Nord","s":"25N-H59N400F-80-F4"},{"r":"168","t":"23:31:07","h":"Nord","s":"25N-H59NV10A-80-A"},{"r":"168","t":"23:31:07","h":"Nord","s":"25N-H59NV10I-80-I"},{"r":"168","t":"23:31:07","h":"Nord","s":"25N-H59NV20I-80-I"},{"r":"168","t":"23:31:07","h":"Nord","s":"25N-H59VN20A-80-A"},{"r":"168","t":"23:31:07","h":"Nord","s":"25S-H59S000A-81-A"},{"r":"168","t":"23:31:07","h":"Nord","s":"25S-H59S000I-81-I"},{"r":"168","t":"23:31:07","h":"Nord","s":"25S-H59S100F-81-F1"},{"r":"168","t":"23:31:07","h":"Nord","s":"25S-H59S200F-81-F2"},{"r":"12","t":"23:32:44","h":"Nord","s":"25N-H56N000I-80-I"},{"r":"12","t":"23:32:44","h":"Nord","s":"25N-H56N100F-80-F1"},{"r":"12","t":"23:32:44","h":"Nord","s":"25N-H56N200F-80-F2"},{"r":"12","t":"23:32:44","h":"Nord","s":"25N-H56N300F-80-F3"},{"r":"12","t":"23:32:44","h":"Nord","s":"25N-H56N400F-80-F4"},{"r":"12","t":"23:32:44","h":"Nord","s":"25N-H56NV10I-80-I"},{"r":"12","t":"23:32:44","h":"Nord","s":"25N-H56NV20I-80-I"},{"r":"12","t":"23:32:44","h":"Nord","s":"25S-H56S000I-80-I"},{"r":"12","t":"23:32:44","h":"Nord","s":"25S-H56S100F-80-F1"},{"r":"12","t":"23:32:44","h":"Nord","s":"25S-H56S200F-81-F2"},{"r":"12","t":"23:34:07","h":"Nord","s":"25N-H56N000A-80-A"},{"r":"12","t":"23:34:07","h":"Nord","s":"25N-H56NV10A-80-A"},{"r":"12","t":"23:34:07","h":"Nord","s":"25N-H56NV20A-80-A"},{"r":"12","t":"23:34:07","h":"Nord","s":"25S-H56S000A-80-A"},{"r":"168","t":"24:01:07","h":"Nord","s":"25N-H59N000A-80-A"},{"r":"168","t":"24:01:07","h":"Nord","s":"25N-H59NV10A-80-A"},{"r":"168","t":"24:01:07","h":"Nord","s":"25N-H59VN20A-80-A"},{"r":"168","t":"24:01:07","h":"Nord","s":"25S-H59S000A-81-A"},{"r":"168","t":"24:02:07","h":"Nord","s":"25N-H59N000S-80-S"},{"r":"168","t":"24:02:07","h":"Nord","s":"25N-H59NV10S-84-S"},{"r":"168","t":"24:02:07","h":"Nord","s":"25N-H59NV20S-80-S"},{"r":"168","t":"24:02:07","h":"Nord","s":"25S-H59S000S-81-S"},{"r":"168","t":"24:03:07","h":"Nord","s":"25N-H59N000I-80-I"},{"r":"168","t":"24:03:07","h":"Nord","s":"25N-H59N100F-80-F1"},{"r":"168","t":"24:03:07","h":"Nord","s":"25N-H59N200F-81-F2"},{"r":"168","t":"24:03:07","h":"Nord","s":"25N-H59N300F-80-F3"},{"r":"168","t":"24:03:07","h":"Nord","s":"25N-H59N400F-80-F4"},{"r":"168","t":"24:03:07","h":"Nord","s":"25N-H59NV10I-80-I"},{"r":"168","t":"24:03:07","h":"Nord","s":"25N-H59NV20I-80-I"},{"r":"168","t":"24:03:07","h":"Nord","s":"25S-H59S000I-81-I"},{"r":"168","t":"24:03:07","h":"Nord","s":"25S-H59S100F-81-F1"},{"r":"168","t":"24:03:07","h":"Nord","s":"25S-H59S200F-81-F2"},{"r":"12","t":"24:05:44","h":"Nord","s":"25N-H56N000I-80-I"},{"r":"12","t":"24:05:44","h":"Nord","s":"25N-H56N100F-80-F1"},{"r":"12","t":"24:05:44","h":"Nord","s":"25N-H56N200F-80-F2"},{"r":"12","t":"24:05:44","h":"Nord","s":"25N-H56N300F-80-F3"},{"r":"12","t":"24:05:44","h":"Nord","s":"25N-H56N400F-80-F4"},{"r":"12","t":"24:05:44","h":"Nord","s":"25N-H56NV10I-80-I"},{"r":"12","t":"24:05:44","h":"Nord","s":"25N-H56NV20I-80-I"},{"r":"12","t":"24:05:44","h":"Nord","s":"25S-H56S000I-80-I"},{"r":"12","t":"24:05:44","h":"Nord","s":"25S-H56S100F-80-F1"},{"r":"12","t":"24:05:44","h":"Nord","s":"25S-H56S200F-81-F2"},{"r":"12","t":"24:06:07","h":"Nord","s":"25N-H56N000A-80-A"},{"r":"12","t":"24:06:07","h":"Nord","s":"25N-H56NV10A-80-A"},{"r":"12","t":"24:06:07","h":"Nord","s":"25N-H56NV20A-80-A"},{"r":"12","t":"24:06:07","h":"Nord","s":"25S-H56S000A-80-A"},{"r":"168","t":"24:32:07","h":"Nord","s":"25N-H59N000A-80-A"},{"r":"168","t":"24:32:07","h":"Nord","s":"25N-H59NV10A-80-A"},{"r":"168","t":"24:32:07","h":"Nord","s":"25N-H59VN20A-80-A"},{"r":"168","t":"24:32:07","h":"Nord","s":"25S-H59S000A-81-A"},{"r":"168","t":"24:34:44","h":"Nord","s":"25N-H59N000S-80-S"},{"r":"168","t":"24:34:44","h":"Nord","s":"25N-H59NV10S-84-S"},{"r":"168","t":"24:34:44","h":"Nord","s":"25N-H59NV20S-80-S"},{"r":"168","t":"24:34:44","h":"Nord","s":"25S-H59S000S-81-S"},{"r":"168","t":"24:35:07","h":"Nord","s":"25N-H59N000I-80-I"},{"r":"168","t":"24:35:07","h":"Nord","s":"25N-H59N100F-80-F1"},{"r":"168","t":"24:35:07","h":"Nord","s":"25N-H59N200F-81-F2"},{"r":"168","t":"24:35:07","h":"Nord","s":"25N-H59N300F-80-F3"},{"r":"168","t":"24:35:07","h":"Nord","s":"25N-H59N400F-80-F4"},{"r":"168","t":"24:35:07","h":"Nord","s":"25N-H59NV10I-80-I"},{"r":"168","t":"24:35:07","h":"Nord","s":"25N-H59NV20I-80-I"},{"r":"168","t":"24:35:07","h":"Nord","s":"25S-H59S000I-81-I"},{"r":"168","t":"24:35:07","h":"Nord","s":"25S-H59S100F-81-F1"},{"r":"168","t":"24:35:07","h":"Nord","s":"25S-H59S200F-81-F2"},{"r":"168","t":"25:05:07","h":"Nord","s":"25N-H59N000A-80-A"},{"r":"168","t":"25:05:07","h":"Nord","s":"25N-H59NV10A-80-A"},{"r":"168","t":"25:05:07","h":"Nord","s":"25N-H59VN20A-80-A"},{"r":"168","t":"25:05:07","h":"Nord","s":"25S-H59S000A-81-A"}]